timestamp,type,id,mac,rssi,rate,sig_mode,mcs,bandwidth,smoothing,not_sounding,aggregation,stbc,fec_coding,sgi,noise_floor,ampdu_cnt,channel,secondary_channel,local_timestamp,ant,sig_len,rx_state,len,first_word,data
2025-08-18 22:37:18.177022,CSI_DATA,171,1a:00:00:00:00:00,-42,11,0,0,0,0,0,0,0,0,0,-94,0,1,0,32353376,0,31,0,128,0,"[0,0,10,-10,10,-10,10,-10,10,-9,9,-10,9,-9,8,-10,8,-10,7,-10,6,-10,6,-11,6,-11,6,-11,5,-12,5,-12,5,-12,5,-12,6,-13,6,-13,6,-12,7,-12,7,-12,8,-11,8,-11,8,-10,9,-10,0,0,0,0,0,0,0,0,0,0,0,0,0,0,0,0,0,0,0,0,0,0,5,-8,6,-8,7,-8,8,-8,8,-7,9,-8,10,-7,10,-6,10,-6,10,-6,10,-6,10,-5,10,-6,10,-6,10,-6,10,-6,10,-7,9,-7,10,-8,10,-8,10,-8,10,-9,9,-9,10,-10,10,-10,10,-10]"
2025-08-18 22:37:18.261795,CSI_DATA,172,1a:00:00:00:00:00,-42,11,0,0,0,0,0,0,0,0,0,-94,0,1,0,32554661,0,31,0,128,0,"[0,0,9,11,9,10,9,11,9,10,9,10,9,9,9,9,9,8,9,7,10,7,10,6,10,6,11,6,11,5,11,5,12,5,12,5,12,6,12,6,12,7,12,7,11,8,10,8,10,8,10,8,9,9,0,0,0,0,0,0,0,0,0,0,0,0,0,0,0,0,0,0,0,0,0,0,8,6,8,7,7,8,7,9,7,9,7,10,6,11,6,11,5,12,5,11,5,11,5,11,5,11,5,11,5,11,5,10,6,11,6,10,7,10,7,10,8,10,8,10,9,10,9,10,9,11,10,11]"
2025-08-18 22:37:18.468189,CSI_DATA,173,1a:00:00:00:00:00,-43,11,0,0,0,0,0,0,0,0,0,-94,0,1,0,32755745,0,31,0,128,0,"[0,0,-14,4,-14,4,-13,4,-13,5,-13,5,-12,5,-12,5,-11,6,-11,6,-11,7,-10,7,-10,8,-10,8,-9,8,-10,9,-9,9,-10,9,-10,9,-11,9,-11,9,-11,9,-11,8,-12,8,-12,7,-12,6,-12,5,0,0,0,0,0,0,0,0,0,0,0,0,0,0,0,0,0,0,0,0,0,0,-10,4,-10,3,-11,3,-12,2,-12,2,-12,1,-13,1,-13,0,-13,0,-13,-1,-13,-1,-13,-1,-13,0,-12,0,-12,0,-12,1,-12,1,-12,2,-12,2,-13,3,-13,3,-13,3,-14,4,-14,4,-14,4,-14,4]"
2025-08-18 22:37:18.687644,CSI_DATA,174,1a:00:00:00:00:00,-42,11,0,0,0,0,0,0,0,0,0,-94,0,1,0,32956899,0,31,0,128,0,"[0,0,-11,-12,-10,-11,-10,-11,-10,-10,-11,-10,-10,-10,-10,-9,-10,-9,-11,-8,-11,-7,-11,-7,-12,-7,-12,-6,-12,-6,-13,-6,-13,-6,-13,-6,-14,-6,-14,-7,-13,-7,-13,-8,-12,-8,-12,-9,-12,-9,-11,-9,-11,-10,0,0,0,0,0,0,0,0,0,0,0,0,0,0,0,0,0,0,0,0,0,0,-9,-7,-9,-8,-9,-9,-8,-10,-8,-11,-8,-11,-7,-12,-7,-12,-6,-13,-6,-13,-6,-12,-6,-12,-6,-12,-6,-12,-6,-12,-7,-11,-7,-11,-8,-11,-8,-11,-8,-11,-9,-11,-9,-11,-10,-11,-10,-11,-10,-11,-10,-11]"
2025-08-18 22:37:18.868983,CSI_DATA,175,1a:00:00:00:00:00,-43,11,0,0,0,0,0,0,0,0,0,-94,0,1,0,33158200,0,31,0,128,0,"[0,0,13,-5,13,-5,12,-5,13,-6,12,-6,12,-6,11,-6,11,-6,10,-7,10,-8,10,-8,9,-8,9,-9,9,-9,9,-10,9,-9,9,-10,10,-10,10,-10,10,-9,11,-9,11,-8,11,-8,11,-8,11,-7,11,-6,0,0,0,0,0,0,0,0,0,0,0,0,0,0,0,0,0,0,0,0,0,0,9,-6,10,-5,11,-4,11,-4,12,-4,12,-3,13,-2,13,-1,13,-1,13,-1,12,-1,12,0,12,-1,12,-1,12,-1,12,-1,11,-2,12,-3,12,-3,12,-3,12,-4,12,-4,13,-5,13,-5,13,-5,13,-5]"
2025-08-18 22:37:18.933135,CSI_DATA,176,1a:00:00:00:00:00,-43,11,0,0,0,0,0,0,0,0,0,-94,0,1,0,33218646,0,42,0,128,0,"[0,0,-15,-1,-14,-1,-15,-1,-14,0,-14,0,-14,0,-13,1,-13,1,-13,2,-12,2,-12,3,-12,3,-12,4,-12,4,-12,4,-13,5,-13,5,-13,5,-13,4,-14,4,-14,3,-14,3,-13,2,-13,2,-13,1,-13,0,0,0,0,0,0,0,0,0,0,0,0,0,0,0,0,0,0,0,0,0,0,0,-11,1,-12,0,-12,-1,-13,-2,-12,-2,-13,-3,-13,-3,-13,-4,-13,-4,-12,-5,-13,-5,-12,-5,-12,-5,-12,-4,-12,-4,-12,-4,-12,-3,-12,-3,-13,-3,-13,-2,-13,-2,-14,-1,-14,-1,-14,-1,-15,-1,-15,-1]"
2025-08-18 22:37:18.990723,CSI_DATA,177,1a:00:00:00:00:00,-43,11,0,0,0,0,0,0,0,0,0,-94,0,1,0,33285580,0,31,0,128,0,"[0,0,5,13,5,13,5,13,5,12,5,12,5,12,6,11,6,11,6,10,7,9,7,9,8,9,8,9,8,8,9,8,9,9,9,9,9,9,9,10,9,10,9,10,8,11,7,11,7,11,7,11,5,12,0,0,0,0,0,0,0,0,0,0,0,0,0,0,0,0,0,0,0,0,0,0,5,9,5,10,4,10,3,11,3,11,3,12,2,12,1,13,1,13,1,12,1,12,1,12,1,12,1,12,1,12,1,11,2,12,3,11,3,12,3,12,3,12,4,12,4,13,5,13,5,13,5,13]"
2025-08-18 22:37:19.202525,CSI_DATA,178,1a:00:00:00:00:00,-43,11,0,0,0,0,0,0,0,0,0,-94,0,1,0,33486324,0,31,0,128,0,"[0,0,-5,-13,-5,-13,-5,-13,-5,-12,-5,-12,-5,-12,-6,-11,-6,-11,-7,-10,-7,-10,-7,-10,-8,-9,-8,-9,-9,-9,-9,-9,-9,-9,-9,-9,-10,-10,-10,-10,-9,-10,-9,-11,-8,-11,-8,-11,-7,-11,-6,-11,-6,-12,0,0,0,0,0,0,0,0,0,0,0,0,0,0,0,0,0,0,0,0,0,0,-5,-9,-5,-10,-4,-11,-3,-11,-3,-11,-3,-12,-2,-12,-1,-12,-1,-13,-1,-12,0,-12,0,-12,-1,-12,-1,-12,-1,-12,-1,-11,-2,-12,-3,-12,-3,-12,-3,-12,-4,-12,-4,-13,-4,-13,-5,-13,-5,-13,-5,-13]"
2025-08-18 22:37:19.397749,CSI_DATA,179,1a:00:00:00:00:00,-43,11,0,0,0,0,0,0,0,0,0,-94,0,1,0,33687435,0,31,0,128,0,"[0,0,7,-13,7,-13,7,-12,7,-12,6,-12,6,-12,5,-12,5,-12,4,-12,4,-12,3,-12,3,-12,3,-13,2,-13,1,-14,2,-13,2,-14,2,-14,2,-14,3,-14,3,-14,4,-14,4,-14,5,-13,5,-12,6,-12,0,0,0,0,0,0,0,0,0,0,0,0,0,0,0,0,0,0,0,0,0,0,5,-10,5,-10,6,-10,7,-9,8,-10,8,-9,9,-9,9,-9,9,-9,10,-8,10,-8,10,-7,10,-7,9,-8,9,-8,9,-9,8,-9,8,-10,8,-10,8,-10,8,-11,8,-11,8,-12,8,-12,8,-11,7,-12]"
2025-08-18 22:37:19.603839,CSI_DATA,180,1a:00:00:00:00:00,-43,11,0,0,0,0,0,0,0,0,0,-94,0,1,0,33888561,0,31,0,128,0,"[0,0,-14,-5,-14,-5,-14,-4,-14,-4,-14,-4,-13,-4,-13,-3,-13,-2,-13,-2,-13,-1,-13,-1,-12,0,-13,0,-13,1,-13,1,-13,1,-14,1,-14,1,-14,1,-14,0,-14,0,-14,-1,-14,-1,-14,-2,-13,-2,-13,-3,0,0,0,0,0,0,0,0,0,0,0,0,0,0,0,0,0,0,0,0,0,0,-11,-3,-11,-4,-11,-4,-11,-5,-12,-6,-12,-6,-12,-7,-11,-8,-11,-8,-10,-8,-10,-8,-10,-8,-10,-8,-10,-8,-10,-7,-11,-7,-11,-7,-11,-6,-12,-6,-12,-6,-12,-6,-13,-5,-13,-5,-14,-5,-14,-5,-14,-5]"
2025-08-18 22:37:19.799372,CSI_DATA,181,1a:00:00:00:00:00,-43,11,0,0,0,0,0,0,0,0,0,-94,0,1,0,34089727,0,31,0,128,0,"[0,0,-3,14,-3,14,-2,14,-2,13,-2,13,-2,13,-1,12,-1,12,0,12,1,12,1,12,2,12,2,12,3,12,3,12,3,13,3,12,3,13,2,13,2,13,1,14,1,14,0,13,0,13,-1,13,-2,13,0,0,0,0,0,0,0,0,0,0,0,0,0,0,0,0,0,0,0,0,0,0,0,10,-1,11,-2,11,-2,12,-3,12,-4,12,-5,12,-5,12,-6,12,-6,11,-6,11,-6,11,-6,11,-5,11,-5,11,-5,11,-4,11,-4,11,-4,12,-3,13,-3,12,-3,13,-3,13,-2,14,-2,14,-2,14]"
2025-08-18 22:37:20.003550,CSI_DATA,182,1a:00:00:00:00:00,-43,11,0,0,0,0,0,0,0,0,0,-94,0,1,0,34291036,0,31,0,128,0,"[0,0,-14,4,-14,4,-14,3,-13,4,-13,5,-13,5,-12,5,-12,5,-11,6,-11,6,-11,7,-10,7,-10,8,-10,8,-10,9,-10,9,-10,9,-11,9,-11,9,-11,9,-12,9,-12,8,-12,7,-12,7,-12,6,-12,5,0,0,0,0,0,0,0,0,0,0,0,0,0,0,0,0,0,0,0,0,0,0,-10,4,-11,3,-12,2,-12,2,-13,2,-13,1,-13,0,-13,0,-13,0,-13,-1,-13,-1,-13,-1,-13,-1,-13,-1,-13,0,-12,0,-12,1,-13,1,-13,2,-13,2,-13,2,-14,3,-14,4,-14,4,-14,4,-14,4]"
2025-08-18 22:37:20.213742,CSI_DATA,183,1a:00:00:00:00:00,-43,11,0,0,0,0,0,0,0,0,0,-94,0,1,0,34492284,0,31,0,128,0,"[0,0,0,14,0,13,0,13,1,13,1,12,1,12,1,12,2,12,2,11,3,11,4,11,4,11,5,11,5,11,6,11,6,11,6,12,5,12,5,12,5,13,5,13,4,13,3,13,3,13,2,13,1,13,0,0,0,0,0,0,0,0,0,0,0,0,0,0,0,0,0,0,0,0,0,0,2,10,1,10,0,11,0,11,-1,12,-1,12,-2,12,-3,12,-3,12,-4,12,-4,11,-4,11,-4,11,-4,11,-3,11,-3,11,-2,11,-2,12,-1,12,-1,12,-1,12,0,13,0,13,0,13,0,13,0,13]"
2025-08-18 22:37:20.405420,CSI_DATA,184,1a:00:00:00:00:00,-43,11,0,0,0,0,0,0,0,0,0,-94,0,1,0,34693361,0,31,0,128,0,"[0,0,-11,9,-10,9,-11,9,-10,9,-10,9,-9,9,-9,9,-8,10,-7,10,-7,10,-7,10,-6,10,-6,11,-6,12,-5,11,-5,12,-5,12,-6,13,-6,13,-6,13,-7,13,-8,12,-8,11,-9,11,-9,10,-10,10,0,0,0,0,0,0,0,0,0,0,0,0,0,0,0,0,0,0,0,0,0,0,-7,7,-8,7,-9,6,-10,6,-10,6,-11,6,-11,6,-12,5,-12,5,-11,4,-12,4,-11,4,-11,4,-11,4,-11,5,-10,5,-11,6,-10,6,-11,6,-10,7,-10,7,-10,8,-10,8,-11,9,-11,9,-11,9]"
2025-08-18 22:37:20.465011,CSI_DATA,185,1a:00:00:00:00:00,-43,11,0,0,0,0,0,0,0,0,0,-94,0,1,0,34753849,0,42,0,128,0,"[0,0,11,-8,11,-8,11,-8,11,-8,10,-8,10,-8,9,-8,9,-9,8,-9,8,-9,7,-10,7,-10,7,-11,6,-11,7,-11,7,-11,7,-12,7,-12,8,-12,8,-12,8,-12,9,-11,9,-11,10,-10,10,-9,10,-8,0,0,0,0,0,0,0,0,0,0,0,0,0,0,0,0,0,0,0,0,0,0,7,-7,8,-6,9,-6,9,-6,10,-5,10,-5,11,-5,11,-4,11,-4,11,-4,11,-3,11,-3,11,-3,10,-3,10,-4,10,-4,10,-4,10,-5,10,-6,10,-6,10,-7,11,-7,11,-8,11,-8,11,-8,11,-8]"
2025-08-18 22:37:20.542213,CSI_DATA,186,1a:00:00:00:00:00,-43,11,0,0,0,0,0,0,0,0,0,-94,0,1,0,34821785,0,31,0,128,0,"[0,0,-5,13,-5,13,-5,13,-4,13,-4,13,-4,13,-3,12,-3,12,-2,12,-1,12,-1,12,0,12,0,12,0,13,1,13,1,13,1,14,0,14,0,14,0,14,-1,14,-2,14,-2,14,-3,14,-3,13,-5,13,0,0,0,0,0,0,0,0,0,0,0,0,0,0,0,0,0,0,0,0,0,0,-2,10,-3,10,-4,10,-4,10,-5,10,-6,11,-7,10,-7,10,-7,10,-8,9,-8,10,-8,9,-7,9,-7,9,-7,10,-7,10,-6,10,-6,10,-6,11,-6,11,-5,12,-5,12,-5,13,-5,13,-5,13,-5,13]"
2025-08-18 22:37:20.732962,CSI_DATA,187,1a:00:00:00:00:00,-43,11,0,0,0,0,0,0,0,0,0,-94,0,1,0,35022893,0,31,0,128,0,"[0,0,-1,14,-1,13,-1,13,-1,12,-1,13,0,12,0,12,1,12,1,12,2,11,3,11,3,11,3,11,4,12,4,11,4,12,4,12,4,13,4,13,3,13,3,14,2,14,2,13,1,13,0,13,-1,13,0,0,0,0,0,0,0,0,0,0,0,0,0,0,0,0,0,0,0,0,0,0,0,10,0,10,-1,10,-2,11,-2,11,-3,12,-4,11,-4,11,-5,11,-5,11,-5,11,-5,11,-5,11,-5,10,-4,11,-4,10,-4,11,-3,10,-3,11,-2,12,-2,12,-2,12,-2,12,-1,13,-2,13,-1,13]"
2025-08-18 22:37:20.935583,CSI_DATA,188,1a:00:00:00:00:00,-43,11,0,0,0,0,0,0,0,0,0,-94,0,1,0,35227834,0,31,0,128,0,"[0,0,1,13,1,12,1,14,1,12,1,12,1,11,4,11,3,11,3,9,4,12,4,10,5,10,5,11,5,10,6,10,6,10,7,11,7,10,7,10,6,11,6,12,5,13,5,10,3,12,1,11,1,12,0,0,0,0,0,0,0,0,0,0,0,0,0,0,0,0,0,0,0,0,0,0,1,9,0,9,0,10,-1,10,-1,10,-2,11,-2,11,-3,11,-3,11,-4,11,-4,11,-4,10,-3,10,-3,10,-3,10,-2,10,-1,11,-1,11,-1,11,0,11,0,12,0,12,1,12,1,13,1,13,1,13]"
2025-08-18 22:37:21.140953,CSI_DATA,189,1a:00:00:00:00:00,-43,11,0,0,0,0,0,0,0,0,0,-94,0,1,0,35425395,0,31,0,128,0,"[0,0,-15,-3,-15,-3,-15,-3,-15,-3,-14,-3,-14,-3,-14,-2,-13,-2,-13,-1,-13,0,-13,0,-13,1,-13,1,-13,1,-14,2,-13,2,-14,2,-14,2,-14,2,-15,1,-15,1,-14,0,-14,0,-14,-1,-14,-2,-13,-2,0,0,0,0,0,0,0,0,0,0,0,0,0,0,0,0,0,0,0,0,0,0,-11,-1,-11,-2,-12,-3,-11,-4,-12,-4,-12,-5,-12,-6,-12,-6,-12,-6,-12,-7,-11,-6,-11,-6,-12,-6,-11,-6,-11,-6,-11,-5,-12,-5,-12,-5,-12,-4,-13,-4,-13,-4,-14,-4,-14,-3,-15,-3,-15,-3,-15,-3]"
2025-08-18 22:37:21.335928,CSI_DATA,190,1a:00:00:00:00:00,-43,11,0,0,0,0,0,0,0,0,0,-94,0,1,0,35626577,0,31,0,128,0,"[0,0,14,-1,13,-1,14,-1,13,-1,13,-2,13,-2,12,-2,12,-3,12,-3,11,-4,11,-5,11,-5,11,-6,11,-6,11,-6,12,-7,12,-6,12,-7,13,-6,13,-6,13,-5,13,-5,13,-4,13,-4,13,-3,13,-2,0,0,0,0,0,0,0,0,0,0,0,0,0,0,0,0,0,0,0,0,0,0,10,-2,11,-1,11,0,11,0,11,1,12,2,12,2,12,3,11,3,11,3,11,3,11,3,11,3,11,3,11,2,10,2,11,2,11,1,12,1,12,1,12,0,12,0,13,-1,13,-1,13,-1,14,-2]"
2025-08-18 22:37:21.542258,CSI_DATA,191,1a:00:00:00:00:00,-43,11,0,0,0,0,0,0,0,0,0,-94,0,1,0,35827640,0,31,0,128,0,"[0,0,-1,-14,-1,-14,-1,-14,-1,-13,-2,-13,-2,-13,-2,-13,-3,-12,-3,-12,-4,-12,-4,-12,-5,-12,-5,-12,-6,-12,-6,-12,-6,-12,-6,-13,-6,-13,-6,-14,-6,-14,-5,-14,-4,-14,-4,-14,-3,-14,-2,-14,-1,-14,0,0,0,0,0,0,0,0,0,0,0,0,0,0,0,0,0,0,0,0,0,0,-2,-10,-1,-11,0,-11,0,-12,1,-12,1,-12,2,-12,2,-12,3,-12,3,-11,3,-12,3,-11,3,-11,3,-11,2,-11,2,-11,2,-11,1,-11,1,-12,0,-12,0,-13,0,-13,-1,-13,-1,-14,-1,-13,-1,-14]"
2025-08-18 22:37:21.753014,CSI_DATA,192,1a:00:00:00:00:00,-43,11,0,0,0,0,0,0,0,0,0,-94,0,1,0,36028814,0,31,0,128,0,"[0,0,0,-14,0,-15,-1,-14,-1,-14,-1,-14,-1,-14,-2,-13,-2,-13,-3,-13,-4,-13,-4,-12,-5,-12,-5,-12,-5,-12,-6,-13,-6,-13,-6,-14,-6,-14,-6,-14,-6,-14,-5,-14,-4,-15,-4,-15,-3,-15,-2,-14,-1,-15,0,0,0,0,0,0,0,0,0,0,0,0,0,0,0,0,0,0,0,0,0,0,-1,-11,0,-11,0,-12,1,-12,2,-12,2,-12,3,-12,3,-12,3,-12,4,-12,4,-12,4,-11,4,-12,4,-11,3,-11,3,-12,2,-12,2,-12,1,-12,1,-13,1,-13,0,-13,0,-14,0,-14,0,-14,0,-14]"
2025-08-18 22:37:21.941041,CSI_DATA,193,1a:00:00:00:00:00,-43,11,0,0,0,0,0,0,0,0,0,-94,0,1,0,36229944,0,31,0,128,0,"[0,0,-13,7,-12,6,-12,7,-12,6,-12,7,-11,7,-11,7,-10,7,-10,7,-9,8,-9,9,-9,9,-9,9,-9,9,-9,9,-9,10,-9,10,-10,10,-10,10,-11,10,-11,9,-11,9,-11,8,-12,8,-12,7,-12,6,0,0,0,0,0,0,0,0,0,0,0,0,0,0,0,0,0,0,0,0,0,0,-8,5,-8,5,-9,4,-10,4,-10,4,-11,4,-11,3,-11,3,-11,2,-11,2,-11,2,-11,2,-11,2,-11,2,-11,3,-11,3,-11,3,-11,4,-11,4,-11,5,-11,5,-12,5,-11,6,-12,7,-12,7,-12,7]"
2025-08-18 22:37:21.995703,CSI_DATA,194,1a:00:00:00:00:00,-43,11,0,0,0,0,0,0,0,0,0,-94,0,1,0,36290397,0,42,0,128,0,"[0,0,7,12,7,11,7,11,7,11,8,11,7,10,7,10,8,9,8,9,9,8,9,8,9,8,9,7,10,7,11,7,11,7,11,8,11,8,11,8,11,9,11,9,10,10,9,10,9,11,8,10,7,11,0,0,0,0,0,0,0,0,0,0,0,0,0,0,0,0,0,0,0,0,0,0,5,7,5,7,5,8,4,9,4,9,4,10,3,10,3,10,3,10,2,11,2,11,2,10,2,10,3,10,3,10,3,10,4,10,4,10,5,10,5,10,6,10,6,10,7,11,7,11,7,11,7,11]"
2025-08-18 22:37:22.082783,CSI_DATA,195,1a:00:00:00:00:00,-42,11,0,0,0,0,0,0,0,0,0,-94,0,1,0,36357431,0,31,0,128,0,"[0,0,-12,-9,-12,-10,-11,-9,-12,-9,-11,-8,-11,-8,-11,-8,-11,-7,-11,-6,-12,-6,-12,-6,-12,-5,-12,-5,-12,-5,-13,-4,-13,-4,-14,-5,-14,-5,-14,-5,-14,-6,-13,-6,-13,-7,-13,-8,-12,-8,-12,-8,-11,-9,0,0,0,0,0,0,0,0,0,0,0,0,0,0,0,0,0,0,0,0,0,0,-8,-6,-8,-6,-8,-7,-8,-7,-8,-8,-8,-9,-7,-9,-7,-9,-7,-10,-7,-10,-6,-10,-6,-10,-6,-10,-7,-10,-7,-9,-7,-10,-8,-9,-9,-9,-8,-9,-9,-9,-10,-9,-10,-9,-11,-9,-11,-9,-11,-9,-11,-9]"
2025-08-18 22:37:22.268784,CSI_DATA,196,1a:00:00:00:00:00,-42,11,0,0,0,0,0,0,0,0,0,-94,0,1,0,36558722,0,31,0,128,0,"[0,0,8,-12,8,-12,7,-12,7,-12,7,-12,6,-12,6,-12,5,-12,4,-12,4,-12,3,-12,3,-12,3,-13,2,-13,2,-13,2,-13,2,-14,2,-14,3,-14,3,-14,3,-14,4,-14,5,-13,5,-13,5,-12,6,-12,0,0,0,0,0,0,0,0,0,0,0,0,0,0,0,0,0,0,0,0,0,0,5,-9,5,-9,6,-9,7,-9,7,-9,7,-9,8,-8,8,-8,9,-8,9,-8,9,-7,9,-7,9,-7,9,-8,8,-8,8,-8,8,-9,8,-9,7,-9,7,-10,7,-11,7,-11,7,-12,8,-12,8,-12,8,-12]"
2025-08-18 22:37:22.467931,CSI_DATA,197,1a:00:00:00:00:00,-42,11,0,0,0,0,0,0,0,0,0,-94,0,1,0,36759808,0,31,0,128,0,"[0,0,1,15,1,15,1,15,2,14,2,14,2,14,3,13,3,13,3,12,4,12,4,12,5,12,5,12,6,12,6,12,7,12,7,12,7,13,7,13,6,13,6,13,5,14,4,14,4,14,3,14,2,14,0,0,0,0,0,0,0,0,0,0,0,0,0,0,0,0,0,0,0,0,0,0,2,10,2,11,1,11,0,11,0,12,-1,12,-2,13,-2,12,-2,12,-3,12,-3,12,-3,12,-3,12,-3,12,-3,12,-2,12,-1,12,-1,12,-1,13,0,13,0,13,1,14,1,14,1,14,1,15,1,15]"
2025-08-18 22:37:22.670356,CSI_DATA,198,1a:00:00:00:00:00,-42,11,0,0,0,0,0,0,0,0,0,-94,0,1,0,36960961,0,31,0,128,0,"[0,0,14,0,13,0,13,-1,13,-1,13,-1,12,-1,12,-1,12,-2,12,-2,11,-3,11,-3,11,-4,11,-4,11,-5,11,-5,12,-5,12,-5,12,-5,13,-5,13,-4,13,-4,13,-3,13,-3,13,-2,13,-1,13,-1,0,0,0,0,0,0,0,0,0,0,0,0,0,0,0,0,0,0,0,0,0,0,9,-2,9,-1,10,-1,10,0,11,0,11,1,11,2,11,2,11,3,11,3,11,3,10,3,11,3,11,3,10,2,11,2,11,2,11,1,12,1,12,1,12,1,12,0,13,0,13,0,14,0,14,0]"
2025-08-18 22:37:22.871620,CSI_DATA,199,1a:00:00:00:00:00,-43,11,0,0,0,0,0,0,0,0,0,-94,0,1,0,37162117,0,31,0,128,0,"[0,0,-6,12,-6,12,-6,12,-5,11,-5,12,-5,11,-4,11,-4,11,-3,11,-3,11,-2,11,-2,11,-2,11,-1,12,-1,12,-1,12,-1,12,-1,13,-1,13,-1,13,-2,13,-3,13,-3,12,-4,12,-5,11,-5,11,0,0,0,0,0,0,0,0,0,0,0,0,0,0,0,0,0,0,0,0,0,0,-3,9,-4,9,-4,9,-5,9,-6,9,-6,9,-7,9,-7,9,-7,9,-8,8,-8,8,-8,8,-8,8,-8,8,-7,8,-7,8,-7,9,-6,9,-6,10,-6,10,-6,11,-6,11,-6,12,-6,12,-6,12,-5,12]"
2025-08-18 22:37:23.278577,CSI_DATA,200,1a:00:00:00:00:00,-43,11,0,0,0,0,0,0,0,0,0,-94,0,1,0,37363255,0,31,0,128,0,"[0,0,12,-8,11,-8,11,-8,11,-8,10,-8,10,-9,10,-9,9,-9,8,-9,8,-9,8,-10,7,-10,7,-10,7,-11,6,-12,7,-12,7,-12,7,-12,8,-12,8,-12,8,-12,8,-11,9,-11,10,-10,10,-9,10,-9,0,0,0,0,0,0,0,0,0,0,0,0,0,0,0,0,0,0,0,0,0,0,8,-7,9,-7,9,-6,10,-6,11,-6,11,-5,12,-5,12,-4,12,-4,12,-3,12,-3,12,-3,11,-3,11,-3,11,-4,11,-4,11,-4,11,-5,11,-6,11,-6,11,-7,11,-7,11,-8,12,-8,12,-8,12,-8]"
2025-08-18 22:37:23.284804,CSI_DATA,201,1a:00:00:00:00:00,-43,11,0,0,0,0,0,0,0,0,0,-94,0,1,0,37564498,0,31,0,128,0,"[0,0,13,-4,12,-5,12,-5,12,-5,12,-5,11,-5,11,-5,10,-6,10,-6,10,-7,9,-7,9,-7,9,-8,9,-8,9,-9,9,-9,9,-9,9,-9,10,-9,10,-9,11,-8,11,-8,11,-7,11,-7,11,-6,11,-5,0,0,0,0,0,0,0,0,0,0,0,0,0,0,0,0,0,0,0,0,0,0,9,-6,9,-5,10,-5,11,-4,11,-4,11,-3,12,-2,12,-2,12,-1,12,-1,12,-1,12,0,12,-1,12,-1,11,-1,11,-2,11,-2,11,-2,12,-3,12,-3,12,-4,12,-4,13,-4,13,-4,13,-5,13,-5]"
2025-08-18 22:37:23.471572,CSI_DATA,202,1a:00:00:00:00:00,-43,11,0,0,0,0,0,0,0,0,0,-94,0,1,0,37765850,0,31,0,128,0,"[0,0,13,6,12,6,12,6,12,5,12,5,12,5,12,4,12,4,11,3,11,2,12,2,11,1,12,1,12,0,12,0,13,0,12,0,13,0,14,0,13,1,13,1,13,2,12,2,12,3,12,4,12,4,0,0,0,0,0,0,0,0,0,0,0,0,0,0,0,0,0,0,0,0,0,0,10,2,11,3,10,4,11,5,10,5,11,6,10,7,10,8,10,8,9,8,9,8,9,8,9,8,9,8,9,8,9,7,10,7,10,6,11,7,11,7,11,6,12,6,12,6,13,6,13,6,13,6]"
2025-08-18 22:37:23.538819,CSI_DATA,203,1a:00:00:00:00:00,-43,11,0,0,0,0,0,0,0,0,0,-94,0,1,0,37826186,0,42,0,128,0,"[0,0,4,-14,4,-14,3,-14,3,-13,3,-13,2,-13,2,-13,1,-13,1,-12,0,-12,0,-12,-1,-12,-1,-12,-2,-12,-2,-12,-2,-12,-2,-13,-2,-13,-2,-13,-2,-14,-1,-13,-1,-14,0,-13,0,-13,1,-13,2,-13,0,0,0,0,0,0,0,0,0,0,0,0,0,0,0,0,0,0,0,0,0,0,1,-11,1,-11,3,-12,3,-12,4,-12,4,-12,5,-12,6,-12,6,-12,7,-11,7,-11,6,-11,6,-11,6,-11,6,-11,5,-11,5,-11,5,-12,5,-12,4,-13,4,-13,4,-13,4,-14,4,-14,4,-14,4,-14]"
2025-08-18 22:37:23.606972,CSI_DATA,204,1a:00:00:00:00:00,-43,11,0,0,0,0,0,0,0,0,0,-94,0,1,0,37893370,0,31,0,128,0,"[0,0,-14,5,-14,4,-14,4,-13,5,-13,5,-12,5,-12,5,-11,6,-11,6,-10,7,-10,7,-9,7,-9,8,-9,8,-9,9,-9,9,-9,9,-10,9,-10,9,-10,9,-11,9,-11,8,-11,8,-11,7,-11,7,-12,6,0,0,0,0,0,0,0,0,0,0,0,0,0,0,0,0,0,0,0,0,0,0,-10,5,-11,4,-12,4,-12,3,-13,3,-13,2,-13,1,-14,1,-13,1,-14,0,-13,0,-13,0,-13,0,-13,0,-13,1,-13,1,-13,2,-13,2,-13,2,-13,3,-13,3,-13,3,-14,4,-14,5,-14,5,-14,5]"
2025-08-18 22:37:23.802121,CSI_DATA,205,1a:00:00:00:00:00,-43,11,0,0,0,0,0,0,0,0,0,-94,0,1,0,38094436,0,31,0,128,0,"[0,0,14,3,13,3,13,3,13,2,13,2,12,2,12,1,12,0,12,0,12,-1,12,-1,12,-1,12,-2,12,-2,13,-3,13,-3,13,-3,14,-3,14,-3,14,-2,14,-2,14,-1,14,0,14,1,13,1,13,2,0,0,0,0,0,0,0,0,0,0,0,0,0,0,0,0,0,0,0,0,0,0,10,0,10,1,10,2,10,3,11,3,11,4,11,5,11,5,10,5,10,6,10,6,10,6,10,6,10,6,10,5,10,5,10,5,11,4,11,4,12,4,12,3,12,3,12,3,13,3,13,3,14,3]"
2025-08-18 22:37:24.012847,CSI_DATA,206,1a:00:00:00:00:00,-43,11,0,0,0,0,0,0,0,0,0,-94,0,1,0,38295613,0,31,0,128,0,"[0,0,-9,-12,-9,-12,-9,-11,-9,-11,-9,-11,-9,-10,-9,-10,-9,-9,-10,-9,-10,-8,-10,-8,-10,-8,-11,-8,-11,-7,-12,-7,-12,-7,-12,-7,-12,-7,-12,-7,-12,-8,-12,-8,-11,-9,-11,-9,-10,-10,-9,-10,-9,-10,0,0,0,0,0,0,0,0,0,0,0,0,0,0,0,0,0,0,0,0,0,0,-8,-8,-8,-8,-8,-9,-7,-10,-7,-11,-6,-11,-6,-12,-6,-12,-6,-12,-5,-13,-4,-12,-4,-12,-4,-12,-5,-12,-5,-12,-6,-11,-6,-11,-7,-11,-7,-11,-7,-11,-8,-12,-8,-11,-9,-12,-9,-12,-9,-12,-9,-12]"
2025-08-18 22:37:24.207149,CSI_DATA,207,1a:00:00:00:00:00,-43,11,0,0,0,0,0,0,0,0,0,-94,0,1,0,38496853,0,31,0,128,0,"[0,0,-14,5,-13,5,-13,5,-13,5,-12,5,-12,5,-11,6,-11,6,-11,6,-10,7,-10,7,-9,7,-9,8,-9,8,-9,8,-9,9,-9,9,-9,9,-9,9,-10,9,-10,8,-10,8,-11,8,-11,7,-11,6,-11,6,0,0,0,0,0,0,0,0,0,0,0,0,0,0,0,0,0,0,0,0,0,0,-10,5,-10,5,-11,4,-12,4,-12,3,-13,3,-13,2,-13,2,-13,1,-13,1,-13,1,-13,0,-13,1,-13,1,-12,1,-12,1,-12,2,-12,3,-13,3,-13,3,-13,4,-13,4,-13,5,-13,5,-13,5,-13,5]"
2025-08-18 22:37:24.402514,CSI_DATA,208,1a:00:00:00:00:00,-43,11,0,0,0,0,0,0,0,0,0,-94,0,1,0,38698002,0,31,0,128,0,"[0,0,8,10,8,10,8,10,8,10,8,9,8,9,8,8,8,8,9,7,9,7,9,7,9,6,9,6,10,6,11,6,10,5,11,6,11,6,11,6,11,7,11,7,10,8,10,8,9,9,9,9,8,9,0,0,0,0,0,0,0,0,0,0,0,0,0,0,0,0,0,0,0,0,0,0,7,7,7,7,7,8,6,8,6,9,5,10,5,10,5,10,4,10,4,11,3,11,3,10,3,10,4,10,4,10,4,10,5,9,5,9,6,9,7,10,7,10,7,10,8,10,8,10,8,10,8,10]"
2025-08-18 22:37:24.614548,CSI_DATA,209,1a:00:00:00:00:00,-44,11,0,0,0,0,0,0,0,0,0,-94,0,1,0,38899358,0,31,0,128,0,"[0,0,-9,11,-10,11,-9,10,-9,11,-8,10,-8,10,-7,10,-6,11,-6,10,-5,11,-5,11,-4,11,-4,11,-3,11,-3,13,-3,12,-3,13,-3,13,-4,14,-4,13,-5,14,-5,13,-6,13,-7,13,-7,12,-8,11,0,0,0,0,0,0,0,0,0,0,0,0,0,0,0,0,0,0,0,0,0,0,-7,8,-7,7,-9,8,-9,7,-10,7,-10,7,-11,7,-11,6,-11,6,-12,5,-11,5,-11,5,-11,5,-11,5,-10,5,-10,6,-10,6,-10,7,-9,7,-9,8,-9,8,-9,9,-10,10,-9,10,-10,10,-9,10]"
2025-08-18 22:37:24.816917,CSI_DATA,210,1a:00:00:00:00:00,-44,11,0,0,0,0,0,0,0,0,0,-94,0,1,0,39100530,0,31,0,128,0,"[0,0,12,8,10,7,11,7,12,6,12,5,11,6,12,5,11,4,11,4,12,2,12,4,12,2,11,2,12,-1,13,0,13,1,12,0,12,3,14,2,14,2,12,4,14,4,13,2,14,4,13,5,13,7,0,0,0,0,0,0,0,0,0,0,0,0,0,0,0,0,0,0,0,0,0,0,9,3,10,4,9,5,10,6,9,6,10,8,9,8,9,8,8,9,8,9,8,9,7,9,7,9,8,8,8,8,8,7,8,7,9,7,9,7,10,7,10,7,11,7,10,7,13,6,11,7,12,7]"
2025-08-18 22:37:25.011200,CSI_DATA,211,1a:00:00:00:00:00,-43,11,0,0,0,0,0,0,0,0,0,-94,0,1,0,39301586,0,31,0,128,0,"[0,0,13,-3,13,-3,12,-3,12,-3,12,-4,12,-4,11,-4,11,-4,11,-5,10,-6,10,-7,9,-7,10,-7,9,-8,10,-8,10,-8,10,-8,11,-9,11,-8,12,-8,12,-8,12,-7,12,-7,12,-6,12,-6,13,-5,0,0,0,0,0,0,0,0,0,0,0,0,0,0,0,0,0,0,0,0,0,0,9,-4,10,-3,11,-3,11,-2,11,-1,11,-1,12,0,12,1,12,1,12,1,11,1,11,1,11,1,11,1,11,1,11,0,11,0,11,-1,11,-1,12,-1,12,-1,12,-2,13,-3,13,-3,13,-3,13,-3]"
2025-08-18 22:37:25.067613,CSI_DATA,212,1a:00:00:00:00:00,-43,11,0,0,0,0,0,0,0,0,0,-94,0,1,0,39362033,0,42,0,128,0,"[0,0,12,5,12,5,12,5,12,4,12,4,12,4,11,3,11,3,11,2,11,1,11,1,11,0,11,0,12,0,12,-1,13,-1,13,-1,13,-1,14,-1,14,0,14,0,14,1,13,2,13,3,13,3,13,4,0,0,0,0,0,0,0,0,0,0,0,0,0,0,0,0,0,0,0,0,0,0,9,3,10,4,9,4,9,5,9,6,9,7,9,7,9,7,9,7,8,8,8,8,8,8,8,8,8,8,8,7,8,7,9,6,9,6,10,6,10,6,10,6,11,5,11,5,12,6,12,5,12,5]"
2025-08-18 22:37:25.147601,CSI_DATA,213,1a:00:00:00:00:00,-43,11,0,0,0,0,0,0,0,0,0,-94,0,1,0,39430143,0,31,0,128,0,"[0,0,-9,11,-9,10,-8,10,-8,10,-8,10,-7,10,-6,10,-6,10,-5,10,-5,10,-4,11,-4,11,-3,12,-3,11,-2,12,-2,12,-2,13,-3,13,-3,13,-3,13,-4,13,-4,13,-5,13,-6,13,-6,12,-7,12,0,0,0,0,0,0,0,0,0,0,0,0,0,0,0,0,0,0,0,0,0,0,-6,9,-7,8,-8,8,-8,8,-9,8,-10,8,-10,7,-11,7,-11,7,-11,6,-11,6,-11,6,-10,6,-10,6,-10,6,-9,7,-9,7,-9,8,-9,8,-9,8,-9,9,-9,9,-9,10,-8,10,-9,10,-9,11]"
2025-08-18 22:37:25.352639,CSI_DATA,214,1a:00:00:00:00:00,-44,11,0,0,0,0,0,0,0,0,0,-94,0,1,0,39631220,0,31,0,128,0,"[0,0,9,-11,8,-11,8,-11,8,-11,7,-11,7,-11,7,-11,6,-11,5,-11,5,-12,4,-12,4,-12,3,-12,3,-12,3,-13,3,-13,3,-14,3,-14,4,-14,4,-14,5,-14,5,-14,6,-14,7,-13,7,-12,8,-12,0,0,0,0,0,0,0,0,0,0,0,0,0,0,0,0,0,0,0,0,0,0,5,-10,6,-10,7,-9,7,-9,8,-9,9,-8,9,-8,10,-8,10,-8,10,-7,10,-7,10,-7,10,-7,10,-7,9,-7,9,-7,9,-8,9,-9,8,-9,9,-10,9,-10,8,-10,8,-11,9,-11,9,-11,9,-11]"
2025-08-18 22:37:25.610442,CSI_DATA,215,1a:00:00:00:00:00,-44,11,0,0,0,0,0,0,0,0,0,-94,0,1,0,39832386,0,31,0,128,0,"[0,0,-11,8,-11,8,-11,8,-11,9,-10,8,-9,8,-9,9,-8,9,-8,9,-7,10,-7,10,-6,10,-6,10,-5,11,-5,11,-5,11,-5,12,-6,12,-6,13,-7,13,-7,12,-7,12,-8,12,-9,11,-9,11,-10,10,0,0,0,0,0,0,0,0,0,0,0,0,0,0,0,0,0,0,0,0,0,0,-8,7,-9,7,-10,6,-10,6,-11,6,-12,5,-12,5,-12,4,-12,4,-13,3,-12,3,-12,3,-12,3,-12,3,-11,4,-12,4,-11,5,-11,5,-11,5,-11,6,-11,6,-11,7,-11,8,-11,8,-11,8,-11,8]"
2025-08-18 22:37:25.744356,CSI_DATA,216,1a:00:00:00:00:00,-44,11,0,0,0,0,0,0,0,0,0,-94,0,1,0,40033783,0,31,0,128,0,"[0,0,10,-9,10,-9,10,-9,9,-9,9,-9,9,-9,8,-9,8,-10,7,-10,6,-10,6,-11,5,-11,5,-11,5,-12,5,-12,5,-12,5,-13,5,-13,6,-13,6,-13,7,-13,7,-12,7,-12,8,-12,8,-11,9,-10,0,0,0,0,0,0,0,0,0,0,0,0,0,0,0,0,0,0,0,0,0,0,7,-9,7,-8,8,-8,9,-7,10,-7,10,-7,11,-6,11,-6,11,-5,11,-5,11,-5,11,-5,11,-5,10,-5,10,-5,10,-6,10,-6,10,-7,10,-7,10,-7,10,-8,10,-8,10,-9,10,-9,10,-9,10,-9]"
2025-08-18 22:37:25.945620,CSI_DATA,217,1a:00:00:00:00:00,-43,11,0,0,0,0,0,0,0,0,0,-94,0,1,0,40234813,0,31,0,128,0,"[0,0,-5,13,-5,13,-4,12,-4,12,-3,12,-3,12,-3,12,-2,12,-2,11,-1,11,0,11,0,11,0,12,1,12,1,12,2,12,1,13,1,13,1,13,1,13,0,13,0,13,-1,13,-1,13,-2,12,-2,12,0,0,0,0,0,0,0,0,0,0,0,0,0,0,0,0,0,0,0,0,0,0,-2,11,-3,11,-4,11,-5,11,-5,11,-6,11,-7,11,-7,11,-8,10,-8,10,-8,10,-8,10,-8,10,-7,10,-7,10,-7,10,-6,10,-6,11,-6,11,-6,11,-5,12,-5,12,-5,13,-5,13,-5,13,-4,13]"
2025-08-18 22:37:26.148555,CSI_DATA,218,1a:00:00:00:00:00,-43,11,0,0,0,0,0,0,0,0,0,-94,0,1,0,40435994,0,31,0,128,0,"[0,0,-15,2,-14,1,-14,2,-13,2,-14,2,-13,3,-13,3,-12,4,-12,4,-11,4,-11,5,-11,5,-11,6,-11,7,-11,6,-11,7,-11,7,-12,7,-12,7,-12,7,-12,7,-12,6,-12,5,-13,5,-13,4,-13,4,0,0,0,0,0,0,0,0,0,0,0,0,0,0,0,0,0,0,0,0,0,0,-11,3,-12,2,-12,1,-13,1,-12,0,-13,0,-13,-1,-14,-1,-13,-2,-13,-2,-13,-2,-13,-3,-13,-2,-13,-2,-13,-2,-12,-1,-13,-1,-13,0,-13,0,-13,0,-14,1,-14,1,-14,2,-14,2,-14,2,-15,2]"
2025-08-18 22:37:26.346109,CSI_DATA,219,1a:00:00:00:00:00,-43,11,0,0,0,0,0,0,0,0,0,-94,0,1,0,40637232,0,31,0,128,0,"[0,0,13,1,13,0,13,0,13,0,12,0,12,-1,12,-1,12,-2,11,-2,11,-3,11,-4,11,-4,11,-4,11,-5,11,-6,11,-6,12,-6,12,-6,13,-6,13,-5,13,-5,13,-4,14,-4,13,-3,13,-2,13,-1,0,0,0,0,0,0,0,0,0,0,0,0,0,0,0,0,0,0,0,0,0,0,10,-1,10,0,10,1,10,1,11,2,11,3,11,3,11,4,11,4,11,5,10,5,10,5,10,4,10,4,10,4,10,3,10,3,11,2,11,2,11,1,12,1,12,1,13,1,13,1,13,1,13,0]"
2025-08-18 22:37:26.556054,CSI_DATA,220,1a:00:00:00:00:00,-43,11,0,0,0,0,0,0,0,0,0,-94,0,1,0,40838336,0,31,0,128,0,"[0,0,9,10,9,9,9,9,9,9,9,9,9,8,9,8,9,7,9,6,10,6,10,5,10,5,11,5,11,4,11,4,12,4,12,4,12,5,12,5,12,5,12,6,12,6,11,7,11,7,10,8,10,8,0,0,0,0,0,0,0,0,0,0,0,0,0,0,0,0,0,0,0,0,0,0,8,6,8,7,7,8,7,9,7,9,6,10,6,10,5,10,5,11,4,11,4,11,4,11,4,11,4,10,5,10,5,9,6,10,6,9,6,10,7,10,7,9,8,9,8,9,9,10,9,10,9,10]"
2025-08-18 22:37:26.614944,CSI_DATA,221,1a:00:00:00:00:00,-43,11,0,0,0,0,0,0,0,0,0,-94,0,1,0,40898803,0,42,0,128,0,"[0,0,-13,-7,-13,-7,-12,-6,-13,-6,-12,-6,-12,-5,-12,-5,-12,-4,-12,-4,-12,-3,-12,-3,-12,-2,-12,-2,-12,-1,-13,-1,-13,0,-14,-1,-14,-1,-15,-1,-14,-1,-15,-2,-14,-2,-14,-3,-14,-4,-13,-5,-13,-5,0,0,0,0,0,0,0,0,0,0,0,0,0,0,0,0,0,0,0,0,0,0,-10,-4,-10,-5,-11,-6,-10,-7,-10,-7,-10,-8,-10,-9,-10,-9,-9,-9,-9,-10,-8,-10,-8,-10,-8,-10,-9,-9,-9,-9,-9,-9,-9,-8,-10,-8,-10,-8,-11,-7,-11,-7,-11,-7,-12,-7,-12,-7,-12,-8,-12,-7]"
2025-08-18 22:37:26.681717,CSI_DATA,222,1a:00:00:00:00:00,-43,11,0,0,0,0,0,0,0,0,0,-94,0,1,0,40966121,0,31,0,128,0,"[0,0,-3,-14,-4,-14,-4,-14,-4,-14,-4,-13,-4,-13,-5,-13,-5,-12,-5,-11,-6,-11,-7,-10,-7,-10,-8,-11,-8,-10,-9,-10,-9,-10,-9,-11,-9,-11,-9,-12,-9,-12,-8,-12,-8,-13,-7,-13,-7,-13,-6,-13,-5,-13,0,0,0,0,0,0,0,0,0,0,0,0,0,0,0,0,0,0,0,0,0,0,-4,-11,-3,-11,-3,-12,-2,-12,-2,-13,-1,-13,0,-13,0,-14,1,-13,1,-13,1,-13,1,-13,1,-13,1,-13,1,-12,0,-12,0,-12,-1,-12,-1,-13,-1,-13,-2,-13,-2,-14,-3,-14,-3,-14,-3,-14,-3,-14]"
2025-08-18 22:37:26.893830,CSI_DATA,223,1a:00:00:00:00:00,-43,11,0,0,0,0,0,0,0,0,0,-94,0,1,0,41167182,0,31,0,128,0,"[0,0,-13,6,-13,6,-13,5,-12,6,-11,6,-11,6,-11,6,-10,7,-10,7,-9,8,-9,8,-8,8,-8,9,-8,9,-8,10,-8,10,-9,10,-8,11,-9,11,-9,10,-10,10,-10,10,-11,9,-11,9,-11,8,-12,7,0,0,0,0,0,0,0,0,0,0,0,0,0,0,0,0,0,0,0,0,0,0,-9,5,-10,4,-11,4,-11,3,-12,3,-12,2,-13,2,-13,1,-13,1,-13,1,-12,0,-13,1,-12,1,-12,1,-12,1,-12,2,-12,2,-12,3,-12,3,-12,4,-12,4,-13,4,-13,5,-13,5,-13,5,-13,6]"
2025-08-18 22:37:27.080636,CSI_DATA,224,1a:00:00:00:00:00,-43,11,0,0,0,0,0,0,0,0,0,-94,0,1,0,41368341,0,31,0,128,0,"[0,0,-14,4,-14,4,-13,4,-13,5,-12,5,-12,5,-12,5,-11,6,-11,6,-10,7,-10,7,-10,7,-10,8,-9,8,-9,9,-9,9,-10,10,-10,10,-10,10,-11,9,-11,9,-12,9,-12,8,-12,7,-13,7,-13,6,0,0,0,0,0,0,0,0,0,0,0,0,0,0,0,0,0,0,0,0,0,0,-10,4,-10,3,-11,3,-12,2,-12,2,-12,1,-13,1,-13,0,-13,0,-13,-1,-12,-1,-12,-1,-12,-1,-12,0,-12,0,-12,1,-12,1,-12,1,-12,2,-12,3,-13,3,-13,3,-13,4,-13,4,-13,4,-13,4]"
2025-08-18 22:37:27.278340,CSI_DATA,225,1a:00:00:00:00:00,-43,11,0,0,0,0,0,0,0,0,0,-94,0,1,0,41569623,0,31,0,128,0,"[0,0,13,1,13,1,13,1,13,1,13,0,12,0,12,0,12,-1,11,-2,11,-2,11,-3,11,-3,11,-4,11,-4,12,-5,12,-5,12,-5,13,-5,13,-5,14,-4,14,-4,14,-3,14,-2,13,-2,14,-1,13,0,0,0,0,0,0,0,0,0,0,0,0,0,0,0,0,0,0,0,0,0,0,0,10,0,10,0,10,1,11,2,11,2,11,3,11,4,11,4,11,5,10,5,10,5,10,5,10,5,10,4,10,4,10,4,11,3,11,2,11,3,11,2,12,2,12,2,12,1,13,1,13,1,13,1]"
2025-08-18 22:37:27.610477,CSI_DATA,226,1a:00:00:00:00:00,-43,11,0,0,0,0,0,0,0,0,0,-94,0,1,0,41770725,0,31,0,128,0,"[0,0,13,-5,12,-5,13,-6,12,-5,12,-6,11,-6,11,-6,11,-6,10,-7,9,-7,9,-8,9,-8,9,-9,9,-9,8,-9,9,-10,9,-10,10,-10,10,-10,10,-10,10,-9,11,-9,11,-8,11,-8,11,-7,12,-6,0,0,0,0,0,0,0,0,0,0,0,0,0,0,0,0,0,0,0,0,0,0,8,-5,9,-5,10,-4,10,-4,11,-3,12,-3,12,-2,12,-2,12,-1,11,-1,11,-1,11,-1,11,-1,11,-1,11,-1,11,-2,11,-2,11,-3,12,-3,12,-4,12,-4,12,-5,12,-5,13,-5,13,-5,13,-5]"
2025-08-18 22:37:27.680387,CSI_DATA,227,1a:00:00:00:00:00,-43,11,0,0,0,0,0,0,0,0,0,-94,0,1,0,41971863,0,31,0,128,0,"[0,0,0,14,-1,13,-1,13,0,13,0,13,0,12,1,12,1,12,2,11,2,11,3,11,3,11,4,11,4,11,5,11,5,11,5,12,5,12,5,12,4,13,4,13,3,13,2,13,2,13,1,13,0,13,0,0,0,0,0,0,0,0,0,0,0,0,0,0,0,0,0,0,0,0,0,0,1,10,1,10,0,10,-1,11,-1,11,-2,12,-3,12,-3,12,-4,11,-4,11,-4,11,-4,11,-4,11,-4,11,-4,11,-3,10,-3,11,-2,11,-2,12,-2,12,-2,12,-1,13,-1,13,0,13,-1,13,0,13]"
2025-08-18 22:37:27.888366,CSI_DATA,228,1a:00:00:00:00:00,-43,11,0,0,0,0,0,0,0,0,0,-94,0,1,0,42173266,0,31,0,128,0,"[0,0,-14,-3,-14,-3,-14,-3,-13,-3,-13,-2,-13,-2,-13,-1,-13,-1,-12,0,-12,0,-12,1,-12,1,-12,2,-12,2,-13,3,-13,3,-13,3,-14,3,-14,3,-14,3,-14,2,-14,1,-14,1,-14,0,-14,0,-14,-1,0,0,0,0,0,0,0,0,0,0,0,0,0,0,0,0,0,0,0,0,0,0,-11,-2,-11,-2,-11,-4,-11,-4,-11,-5,-12,-5,-12,-6,-11,-6,-11,-7,-11,-7,-11,-7,-11,-7,-11,-7,-10,-6,-11,-6,-11,-6,-11,-6,-11,-5,-12,-5,-12,-4,-12,-4,-13,-4,-13,-4,-14,-3,-14,-3,-14,-3]"
2025-08-18 22:37:28.090814,CSI_DATA,229,1a:00:00:00:00:00,-43,11,0,0,0,0,0,0,0,0,0,-94,0,1,0,42374403,0,31,0,128,0,"[0,0,-13,-7,-12,-6,-13,-7,-12,-6,-13,-6,-12,-6,-12,-5,-12,-5,-12,-4,-12,-3,-12,-2,-12,-2,-12,-2,-13,-1,-13,-1,-14,-1,-13,-1,-15,-1,-14,-2,-15,-2,-15,-3,-14,-3,-13,-4,-14,-4,-13,-5,-13,-5,0,0,0,0,0,0,0,0,0,0,0,0,0,0,0,0,0,0,0,0,0,0,-10,-3,-11,-5,-11,-5,-11,-6,-11,-7,-11,-8,-10,-9,-10,-9,-10,-9,-9,-9,-9,-9,-9,-9,-9,-9,-9,-9,-9,-9,-9,-8,-10,-8,-10,-7,-11,-8,-11,-7,-11,-7,-12,-7,-12,-6,-13,-7,-13,-7,-13,-7]"
2025-08-18 22:37:28.148060,CSI_DATA,230,1a:00:00:00:00:00,-43,11,0,0,0,0,0,0,0,0,0,-94,0,1,0,42434828,0,42,0,128,0,"[0,0,-15,0,-14,0,-14,0,-14,0,-14,1,-13,1,-13,1,-12,2,-12,2,-12,3,-12,3,-12,4,-12,4,-12,5,-11,5,-12,6,-12,6,-13,6,-13,6,-13,5,-14,5,-14,4,-13,3,-13,3,-14,2,-14,1,0,0,0,0,0,0,0,0,0,0,0,0,0,0,0,0,0,0,0,0,0,0,-11,1,-12,1,-12,-1,-12,-1,-12,-2,-13,-2,-13,-3,-13,-4,-13,-4,-12,-4,-12,-4,-12,-4,-12,-4,-12,-4,-12,-4,-12,-3,-12,-3,-12,-2,-13,-2,-13,-1,-13,-1,-14,-1,-14,0,-14,0,-14,0,-14,0]"
2025-08-18 22:37:28.218190,CSI_DATA,231,1a:00:00:00:00:00,-43,11,0,0,0,0,0,0,0,0,0,-94,0,1,0,42501858,0,31,0,128,0,"[0,0,-12,-9,-11,-10,-11,-9,-11,-9,-11,-9,-11,-8,-11,-8,-11,-7,-11,-6,-12,-5,-12,-5,-12,-5,-12,-5,-12,-4,-13,-3,-13,-3,-13,-4,-14,-4,-14,-4,-14,-5,-14,-5,-13,-6,-13,-6,-13,-7,-12,-7,-11,-8,0,0,0,0,0,0,0,0,0,0,0,0,0,0,0,0,0,0,0,0,0,0,-9,-6,-9,-7,-9,-8,-9,-9,-9,-9,-9,-10,-8,-10,-8,-11,-8,-11,-7,-11,-7,-11,-7,-11,-7,-11,-7,-11,-7,-10,-7,-10,-8,-10,-9,-10,-9,-9,-9,-10,-10,-10,-10,-10,-11,-9,-11,-10,-11,-10,-11,-9]"
2025-08-18 22:37:28.415991,CSI_DATA,232,1a:00:00:00:00:00,-43,11,0,0,0,0,0,0,0,0,0,-94,0,1,0,42702926,0,31,0,128,0,"[0,0,14,-2,14,-3,13,-3,13,-3,13,-3,12,-3,12,-4,12,-4,11,-5,11,-5,11,-6,10,-6,11,-7,10,-7,10,-8,10,-8,11,-8,11,-8,11,-8,12,-8,12,-7,12,-7,12,-6,13,-5,13,-4,13,-4,0,0,0,0,0,0,0,0,0,0,0,0,0,0,0,0,0,0,0,0,0,0,10,-4,10,-3,11,-2,11,-2,12,-1,12,0,12,0,12,1,12,1,12,2,12,2,12,2,12,2,12,1,12,1,11,1,12,0,12,-1,12,-1,12,-1,13,-2,13,-2,13,-2,14,-2,14,-2,14,-3]"
2025-08-18 22:37:28.614511,CSI_DATA,233,1a:00:00:00:00:00,-43,11,0,0,0,0,0,0,0,0,0,-94,0,1,0,42905724,0,31,0,128,0,"[0,0,14,1,13,0,13,0,12,0,13,-1,12,-1,12,-1,12,-2,11,-2,11,-3,11,-4,11,-4,10,-5,11,-5,11,-5,11,-6,11,-5,12,-6,12,-6,13,-5,13,-5,13,-4,13,-4,13,-3,13,-2,13,-2,0,0,0,0,0,0,0,0,0,0,0,0,0,0,0,0,0,0,0,0,0,0,10,-1,11,0,11,0,11,1,11,2,12,2,11,3,12,3,11,4,11,4,11,4,11,4,11,4,11,4,11,3,10,3,11,3,11,2,12,2,12,2,12,1,12,1,13,0,13,0,13,0,14,0]"
2025-08-18 22:37:28.822832,CSI_DATA,234,1a:00:00:00:00:00,-43,11,0,0,0,0,0,0,0,0,0,-94,0,1,0,43105226,0,31,0,128,0,"[0,0,-7,-13,-7,-13,-7,-13,-7,-12,-7,-12,-7,-11,-7,-11,-7,-11,-8,-10,-9,-9,-9,-9,-9,-9,-10,-8,-10,-8,-11,-8,-11,-8,-11,-8,-11,-8,-12,-9,-11,-10,-11,-10,-10,-10,-10,-10,-10,-11,-9,-11,-8,-11,0,0,0,0,0,0,0,0,0,0,0,0,0,0,0,0,0,0,0,0,0,0,-6,-9,-6,-10,-5,-11,-5,-11,-4,-12,-4,-12,-3,-13,-3,-13,-2,-13,-2,-13,-2,-13,-2,-13,-2,-13,-2,-12,-2,-12,-3,-12,-4,-12,-4,-12,-4,-12,-5,-12,-5,-13,-6,-13,-6,-13,-7,-13,-7,-13,-6,-13]"
2025-08-18 22:37:29.017804,CSI_DATA,235,1a:00:00:00:00:00,-43,11,0,0,0,0,0,0,0,0,0,-94,0,1,0,43306505,0,31,0,128,0,"[0,0,-13,6,-13,6,-13,6,-12,6,-12,6,-11,6,-11,7,-10,7,-10,7,-10,7,-9,7,-9,8,-9,8,-8,9,-8,10,-8,10,-9,10,-9,10,-9,10,-9,10,-10,10,-10,10,-11,9,-11,8,-11,7,-12,7,0,0,0,0,0,0,0,0,0,0,0,0,0,0,0,0,0,0,0,0,0,0,-10,5,-10,5,-11,4,-11,4,-12,4,-12,3,-13,3,-13,2,-13,2,-13,1,-13,1,-13,0,-13,1,-12,1,-12,2,-12,2,-12,2,-12,3,-12,3,-12,4,-12,4,-13,5,-13,5,-13,5,-13,5,-13,5]"
2025-08-18 22:37:29.133198,CSI_DATA,236,1a:00:00:00:00:00,-43,11,0,0,0,0,0,0,0,0,0,-94,0,1,0,43422126,0,28,0,128,0,"[0,0,10,-11,9,-11,9,-11,9,-11,8,-11,8,-11,7,-11,7,-11,6,-11,5,-11,5,-11,4,-12,4,-12,4,-13,4,-13,4,-13,4,-13,4,-14,4,-14,5,-14,5,-14,6,-13,6,-13,7,-12,7,-12,8,-11,0,0,0,0,0,0,0,0,0,0,0,0,0,0,0,0,0,0,0,0,0,0,6,-9,7,-9,8,-8,9,-8,9,-8,10,-8,11,-7,11,-7,11,-6,11,-6,11,-6,11,-6,10,-6,10,-6,10,-7,10,-6,10,-7,9,-8,10,-8,9,-9,10,-9,10,-9,9,-10,9,-11,10,-11,10,-11]"
2025-08-18 22:37:29.220134,CSI_DATA,237,1a:00:00:00:00:00,-43,11,0,0,0,0,0,0,0,0,0,-94,0,1,0,43507680,0,31,0,128,0,"[0,0,5,-13,4,-13,4,-13,4,-13,3,-13,3,-13,3,-13,2,-13,1,-12,0,-12,0,-12,-1,-13,-1,-13,-1,-13,-2,-13,-2,-13,-2,-14,-2,-14,-1,-14,-1,-15,-1,-15,0,-15,1,-14,1,-14,2,-13,3,-13,0,0,0,0,0,0,0,0,0,0,0,0,0,0,0,0,0,0,0,0,0,0,2,-11,3,-11,4,-11,4,-11,5,-11,6,-11,7,-11,7,-11,8,-10,7,-10,7,-10,7,-10,7,-10,7,-10,7,-10,6,-10,6,-11,5,-11,6,-11,5,-12,5,-12,5,-12,4,-13,4,-13,4,-14,4,-14]"
2025-08-18 22:37:29.420875,CSI_DATA,238,1a:00:00:00:00:00,-43,11,0,0,0,0,0,0,0,0,0,-94,0,1,0,43708822,0,31,0,128,0,"[0,0,-14,3,-14,3,-14,3,-13,3,-13,3,-13,4,-12,4,-12,5,-11,5,-11,5,-11,6,-11,6,-11,7,-10,7,-10,8,-10,8,-11,8,-11,8,-11,8,-12,8,-12,7,-12,7,-13,6,-13,5,-13,5,-13,4,0,0,0,0,0,0,0,0,0,0,0,0,0,0,0,0,0,0,0,0,0,0,-10,3,-11,3,-12,2,-12,1,-12,1,-13,1,-13,0,-13,0,-13,-1,-13,-2,-13,-2,-13,-2,-12,-2,-12,-1,-12,-1,-12,0,-13,0,-13,1,-13,1,-13,2,-13,2,-13,2,-14,2,-14,3,-14,3,-14,3]"
2025-08-18 22:37:29.627761,CSI_DATA,239,1a:00:00:00:00:00,-43,11,0,0,0,0,0,0,0,0,0,-94,0,1,0,43909931,0,31,0,128,0,"[0,0,11,-8,11,-8,11,-8,10,-8,10,-9,10,-8,9,-9,9,-9,8,-9,7,-9,7,-10,6,-10,6,-11,6,-11,6,-11,6,-12,6,-12,7,-12,7,-12,8,-12,8,-12,9,-11,9,-11,9,-10,9,-9,10,-9,0,0,0,0,0,0,0,0,0,0,0,0,0,0,0,0,0,0,0,0,0,0,7,-8,8,-8,9,-7,10,-7,10,-6,11,-6,11,-5,11,-5,11,-4,11,-4,11,-4,11,-4,11,-4,11,-4,11,-5,10,-5,11,-5,10,-6,11,-6,11,-7,11,-7,11,-7,11,-8,11,-8,11,-9,11,-9]"
2025-08-18 22:37:29.682111,CSI_DATA,240,1a:00:00:00:00:00,-43,11,0,0,0,0,0,0,0,0,0,-94,0,1,0,43970381,0,42,0,128,0,"[0,0,5,-13,4,-13,4,-13,4,-13,4,-13,3,-13,2,-13,2,-13,1,-12,1,-12,0,-12,0,-12,-1,-13,-1,-13,-1,-13,-2,-14,-2,-14,-2,-14,-1,-14,-1,-15,-1,-14,0,-15,1,-14,2,-14,2,-14,3,-13,0,0,0,0,0,0,0,0,0,0,0,0,0,0,0,0,0,0,0,0,0,0,2,-11,3,-11,4,-11,5,-11,5,-11,6,-11,7,-11,7,-11,7,-11,8,-9,8,-10,8,-10,8,-9,7,-9,7,-10,6,-10,6,-11,5,-11,6,-11,5,-12,5,-12,5,-12,5,-13,5,-13,5,-13,5,-13]"
2025-08-18 22:37:29.957251,CSI_DATA,241,1a:00:00:00:00:00,-43,11,0,0,0,0,0,0,0,0,0,-94,0,1,0,44037704,0,31,0,128,0,"[0,0,-12,7,-12,7,-12,7,-12,7,-11,7,-11,7,-10,7,-10,8,-9,8,-9,8,-8,9,-8,9,-7,9,-7,10,-7,10,-7,10,-8,11,-8,11,-8,11,-9,11,-9,11,-9,10,-10,10,-10,9,-10,8,-11,8,0,0,0,0,0,0,0,0,0,0,0,0,0,0,0,0,0,0,0,0,0,0,-9,6,-10,6,-10,5,-11,5,-11,5,-12,4,-13,4,-13,3,-13,3,-13,2,-13,2,-12,2,-12,2,-12,3,-12,3,-12,3,-12,4,-12,4,-12,5,-12,5,-12,5,-12,6,-12,7,-12,7,-12,7,-12,7]"
2025-08-18 22:37:29.962551,CSI_DATA,242,1a:00:00:00:00:00,-43,11,0,0,0,0,0,0,0,0,0,-94,0,1,0,44238265,0,31,0,128,0,"[0,0,13,4,13,4,12,3,12,3,12,3,11,3,12,2,12,2,11,1,11,0,11,0,11,-1,12,-1,12,-1,12,-2,12,-2,13,-2,13,-2,14,-1,13,-1,14,0,13,1,13,1,13,1,13,2,12,3,0,0,0,0,0,0,0,0,0,0,0,0,0,0,0,0,0,0,0,0,0,0,10,1,10,2,11,3,10,4,11,4,10,5,10,6,10,6,10,7,10,7,10,7,9,7,9,7,9,6,9,6,9,6,10,5,10,5,10,5,11,5,11,5,12,5,12,4,12,4,12,4,13,4]"
2025-08-18 22:37:30.154844,CSI_DATA,243,1a:00:00:00:00:00,-43,11,0,0,0,0,0,0,0,0,0,-94,0,1,0,44439626,0,31,0,128,0,"[0,0,-4,-14,-4,-14,-4,-13,-4,-13,-4,-13,-4,-12,-5,-12,-5,-11,-6,-11,-6,-11,-7,-10,-7,-10,-7,-10,-8,-10,-9,-10,-9,-10,-9,-10,-9,-10,-9,-11,-9,-11,-8,-11,-8,-12,-7,-12,-7,-12,-6,-12,-5,-12,0,0,0,0,0,0,0,0,0,0,0,0,0,0,0,0,0,0,0,0,0,0,-4,-10,-3,-11,-3,-11,-2,-12,-2,-12,-1,-13,0,-13,0,-13,1,-13,1,-13,1,-13,1,-12,1,-12,1,-12,0,-12,0,-12,-1,-12,-1,-12,-2,-12,-2,-13,-2,-13,-3,-13,-3,-13,-3,-14,-3,-14,-4,-14]"
2025-08-18 22:37:30.351202,CSI_DATA,244,1a:00:00:00:00:00,-43,11,0,0,0,0,0,0,0,0,0,-94,0,1,0,44640752,0,31,0,128,0,"[0,0,-4,13,-4,13,-4,13,-3,12,-3,13,-3,12,-2,12,-1,12,-1,11,0,11,0,11,1,11,1,12,2,12,2,12,2,12,2,12,2,13,2,13,2,13,1,13,1,14,0,13,-1,13,-2,13,-2,13,0,0,0,0,0,0,0,0,0,0,0,0,0,0,0,0,0,0,0,0,0,0,-2,10,-3,10,-4,10,-5,11,-5,11,-6,11,-6,11,-7,11,-7,10,-8,10,-8,10,-7,10,-7,9,-7,10,-7,10,-6,10,-6,10,-5,10,-5,11,-5,11,-5,12,-4,12,-4,12,-4,13,-4,13,-4,13]"
2025-08-18 22:37:30.546350,CSI_DATA,245,1a:00:00:00:00:00,-43,11,0,0,0,0,0,0,0,0,0,-94,0,1,0,44841882,0,31,0,128,0,"[0,0,11,7,11,7,10,6,11,6,10,6,10,6,10,5,10,5,10,4,11,3,11,2,11,2,11,2,11,1,12,1,12,1,12,1,12,1,13,2,13,2,13,3,12,3,12,4,12,4,11,4,11,5,0,0,0,0,0,0,0,0,0,0,0,0,0,0,0,0,0,0,0,0,0,0,9,4,9,5,9,6,8,6,9,7,8,8,8,8,8,9,7,9,7,9,7,9,6,9,7,9,7,8,7,8,7,8,7,7,8,7,8,7,9,7,9,7,9,7,10,7,11,7,10,7,11,7]"
2025-08-18 22:37:30.753318,CSI_DATA,246,1a:00:00:00:00:00,-43,11,0,0,0,0,0,0,0,0,0,-94,0,1,0,45043066,0,31,0,128,0,"[0,0,7,-13,7,-13,6,-12,6,-12,6,-12,5,-12,5,-12,4,-12,4,-12,3,-12,2,-12,2,-12,1,-13,1,-13,0,-13,0,-13,0,-14,0,-14,1,-14,1,-14,2,-14,2,-14,3,-14,3,-14,4,-13,5,-13,0,0,0,0,0,0,0,0,0,0,0,0,0,0,0,0,0,0,0,0,0,0,4,-10,5,-10,6,-10,6,-10,7,-10,8,-9,9,-9,9,-9,9,-9,9,-8,9,-8,9,-8,9,-8,9,-9,9,-9,8,-9,8,-9,8,-10,7,-10,7,-11,7,-11,8,-11,7,-12,7,-12,7,-12,7,-12]"
2025-08-18 22:37:30.954928,CSI_DATA,247,1a:00:00:00:00:00,-43,11,0,0,0,0,0,0,0,0,0,-94,0,1,0,45244192,0,31,0,128,0,"[0,0,6,-13,6,-12,6,-12,6,-12,5,-12,5,-12,4,-12,3,-12,3,-12,2,-12,2,-12,1,-12,1,-12,1,-13,0,-13,0,-13,0,-14,0,-14,1,-14,1,-14,2,-14,2,-14,3,-14,3,-14,4,-13,5,-13,0,0,0,0,0,0,0,0,0,0,0,0,0,0,0,0,0,0,0,0,0,0,4,-10,4,-10,5,-10,6,-10,7,-10,7,-10,8,-10,8,-10,8,-9,9,-9,9,-8,9,-8,9,-8,8,-8,8,-8,8,-9,7,-9,7,-10,7,-10,7,-11,6,-11,6,-11,6,-12,6,-12,6,-12,6,-12]"
2025-08-18 22:37:31.170193,CSI_DATA,248,1a:00:00:00:00:00,-43,11,0,0,0,0,0,0,0,0,0,-94,0,1,0,45445390,0,31,0,128,0,"[0,0,-13,7,-13,7,-12,7,-12,7,-12,7,-11,7,-11,7,-10,7,-9,7,-10,8,-9,8,-8,9,-8,9,-8,10,-8,10,-8,10,-8,11,-8,11,-9,11,-9,11,-9,11,-10,10,-10,10,-11,9,-11,8,-11,7,0,0,0,0,0,0,0,0,0,0,0,0,0,0,0,0,0,0,0,0,0,0,-9,6,-10,5,-11,5,-11,4,-12,4,-12,4,-13,3,-13,3,-13,2,-13,2,-13,2,-13,2,-13,2,-12,2,-12,2,-12,3,-12,3,-12,4,-12,4,-12,5,-12,5,-12,6,-13,6,-13,6,-13,6,-13,6]"
2025-08-18 22:37:31.213442,CSI_DATA,249,1a:00:00:00:00:00,-43,11,0,0,0,0,0,0,0,0,0,-94,0,1,0,45505824,0,42,0,128,0,"[0,0,2,14,1,13,1,13,2,12,2,13,2,12,3,12,3,11,4,11,4,10,5,10,5,10,5,10,6,10,6,10,7,10,6,11,7,11,7,11,6,11,6,12,5,12,5,12,4,12,4,12,3,12,0,0,0,0,0,0,0,0,0,0,0,0,0,0,0,0,0,0,0,0,0,0,3,9,2,10,1,11,0,11,0,11,0,12,-1,12,-1,12,-2,12,-3,12,-3,12,-3,11,-3,11,-2,11,-2,11,-2,11,-1,11,-1,11,0,12,0,12,0,12,1,13,1,13,1,13,2,13,2,13]"
2025-08-18 22:37:31.305597,CSI_DATA,250,1a:00:00:00:00:00,-43,11,0,0,0,0,0,0,0,0,0,-94,0,1,0,45594996,0,31,0,128,0,"[0,0,12,-6,12,-6,12,-6,11,-6,11,-7,11,-7,10,-7,9,-7,9,-8,8,-8,8,-9,7,-9,7,-9,7,-10,7,-10,7,-11,8,-11,8,-11,9,-11,9,-11,9,-10,10,-10,9,-9,10,-9,10,-9,11,-8,0,0,0,0,0,0,0,0,0,0,0,0,0,0,0,0,0,0,0,0,0,0,8,-6,9,-5,10,-5,11,-4,11,-4,12,-4,12,-3,12,-2,12,-2,12,-2,12,-2,12,-2,11,-2,11,-2,11,-2,11,-2,11,-3,11,-3,11,-4,11,-4,11,-5,12,-5,11,-6,12,-6,12,-6,12,-6]"
2025-08-18 22:37:31.514094,CSI_DATA,251,1a:00:00:00:00:00,-43,11,0,0,0,0,0,0,0,0,0,-94,0,1,0,45796712,0,31,0,128,0,"[0,0,-8,-12,-9,-12,-8,-11,-9,-11,-9,-10,-9,-10,-9,-10,-9,-9,-10,-8,-10,-8,-10,-8,-10,-7,-10,-7,-11,-6,-12,-6,-12,-6,-12,-7,-12,-7,-13,-7,-13,-7,-12,-8,-12,-8,-11,-9,-11,-10,-10,-10,-9,-10,0,0,0,0,0,0,0,0,0,0,0,0,0,0,0,0,0,0,0,0,0,0,-7,-9,-7,-9,-7,-10,-6,-10,-6,-12,-5,-11,-5,-12,-5,-12,-4,-12,-4,-13,-3,-12,-3,-12,-3,-12,-4,-12,-4,-11,-5,-12,-5,-11,-6,-12,-6,-11,-7,-11,-7,-11,-7,-12,-8,-12,-8,-12,-8,-12,-8,-12]"
2025-08-18 22:37:31.913051,CSI_DATA,252,1a:00:00:00:00:00,-43,11,0,0,0,0,0,0,0,0,0,-94,0,1,0,45997211,0,31,0,128,0,"[0,0,12,-6,12,-6,12,-6,11,-6,11,-6,11,-6,10,-7,10,-7,9,-7,9,-8,9,-8,8,-9,8,-9,8,-10,8,-10,8,-10,8,-10,8,-11,9,-11,9,-10,10,-10,10,-10,10,-9,11,-8,11,-8,11,-7,0,0,0,0,0,0,0,0,0,0,0,0,0,0,0,0,0,0,0,0,0,0,9,-6,9,-5,10,-5,11,-4,11,-4,12,-3,12,-3,12,-2,12,-2,12,-1,12,-1,12,-1,11,-1,11,-1,11,-2,11,-2,11,-3,11,-3,11,-4,11,-4,12,-4,12,-5,12,-5,12,-5,12,-5,12,-6]"
2025-08-18 22:37:31.934954,CSI_DATA,253,1a:00:00:00:00:00,-43,11,0,0,0,0,0,0,0,0,0,-94,0,1,0,46198370,0,31,0,128,0,"[0,0,3,-14,3,-14,3,-13,2,-13,2,-13,2,-13,1,-13,1,-13,0,-12,-1,-12,-1,-12,-2,-12,-2,-13,-3,-13,-3,-13,-3,-13,-3,-14,-3,-13,-3,-14,-2,-14,-2,-14,-1,-14,-1,-14,0,-14,0,-14,1,-14,0,0,0,0,0,0,0,0,0,0,0,0,0,0,0,0,0,0,0,0,0,0,1,-11,2,-11,3,-11,3,-11,4,-12,5,-12,5,-12,6,-12,6,-11,7,-11,7,-11,6,-10,6,-10,6,-10,6,-11,5,-11,5,-11,4,-12,4,-12,4,-12,4,-12,4,-13,3,-14,3,-14,3,-14,3,-14]"
2025-08-18 22:37:32.111485,CSI_DATA,254,1a:00:00:00:00:00,-43,11,0,0,0,0,0,0,0,0,0,-94,0,1,0,46399590,0,31,0,128,0,"[0,0,-11,10,-11,11,-10,10,-10,11,-9,10,-9,10,-8,10,-8,10,-7,10,-7,11,-6,11,-5,11,-5,11,-5,11,-5,13,-4,12,-5,13,-5,13,-5,13,-5,13,-6,13,-7,13,-7,13,-8,12,-8,11,-9,10,0,0,0,0,0,0,0,0,0,0,0,0,0,0,0,0,0,0,0,0,0,0,-7,9,-8,8,-9,8,-9,8,-10,8,-10,7,-11,7,-12,7,-12,7,-12,6,-12,6,-12,5,-12,6,-12,6,-11,6,-11,6,-10,7,-11,8,-10,8,-10,9,-10,9,-10,9,-11,10,-10,10,-11,10,-11,10]"
2025-08-18 22:37:32.305492,CSI_DATA,255,1a:00:00:00:00:00,-43,11,0,0,0,0,0,0,0,0,0,-94,0,1,0,46600889,0,31,0,128,0,"[0,0,8,11,8,11,8,10,8,10,8,9,8,9,8,8,9,8,8,7,9,7,9,6,10,6,10,6,10,6,11,5,11,5,11,6,11,6,11,6,11,7,11,7,10,8,10,8,9,9,9,9,8,9,0,0,0,0,0,0,0,0,0,0,0,0,0,0,0,0,0,0,0,0,0,0,8,6,7,7,7,8,7,9,6,9,6,10,6,10,5,11,5,11,4,11,4,11,4,11,4,11,4,10,4,10,5,10,5,10,6,10,6,10,7,10,7,10,7,10,8,10,8,10,8,11,9,10]"
2025-08-18 22:37:32.512868,CSI_DATA,256,1a:00:00:00:00:00,-43,11,0,0,0,0,0,0,0,0,0,-94,0,1,0,46802030,0,31,0,128,0,"[0,0,-9,10,-9,10,-9,10,-9,10,-8,10,-8,9,-8,10,-7,10,-7,10,-6,10,-5,11,-4,11,-4,11,-4,11,-4,11,-4,12,-4,12,-4,12,-5,13,-5,12,-6,12,-7,12,-7,12,-7,11,-8,11,-8,10,0,0,0,0,0,0,0,0,0,0,0,0,0,0,0,0,0,0,0,0,0,0,-6,8,-7,9,-8,8,-8,8,-9,8,-10,8,-10,7,-11,7,-11,6,-11,6,-11,6,-11,6,-11,6,-10,6,-10,6,-10,6,-10,7,-9,7,-9,8,-10,8,-9,8,-10,9,-9,9,-9,10,-9,10,-9,10]"
2025-08-18 22:37:32.713884,CSI_DATA,257,1a:00:00:00:00:00,-43,11,0,0,0,0,0,0,0,0,0,-94,0,1,0,47003153,0,31,0,128,0,"[0,0,14,-4,13,-5,13,-5,13,-5,12,-5,12,-5,11,-5,11,-6,10,-7,10,-7,10,-8,9,-8,9,-8,9,-9,9,-9,9,-10,9,-9,10,-10,10,-10,11,-9,11,-9,11,-8,11,-8,11,-7,12,-7,12,-6,0,0,0,0,0,0,0,0,0,0,0,0,0,0,0,0,0,0,0,0,0,0,9,-5,10,-4,11,-4,11,-3,11,-3,12,-2,12,-1,13,-1,13,0,12,0,12,0,12,0,12,0,12,-1,12,-1,11,-1,12,-2,12,-2,12,-3,12,-3,12,-3,13,-4,13,-4,13,-5,13,-5,14,-5]"
2025-08-18 22:37:32.774662,CSI_DATA,258,1a:00:00:00:00:00,-43,11,0,0,0,0,0,0,0,0,0,-94,0,1,0,47063581,0,42,0,128,0,"[0,0,10,-10,10,-10,10,-10,9,-10,9,-10,9,-10,8,-10,8,-10,7,-10,6,-10,6,-11,5,-11,5,-11,5,-12,5,-12,5,-12,5,-13,6,-13,6,-13,6,-13,7,-12,8,-12,8,-12,8,-11,8,-10,9,-10,0,0,0,0,0,0,0,0,0,0,0,0,0,0,0,0,0,0,0,0,0,0,6,-9,7,-9,8,-8,8,-8,9,-8,9,-8,10,-7,10,-7,11,-6,11,-6,11,-6,11,-5,11,-6,10,-6,10,-6,10,-6,10,-7,9,-7,10,-8,10,-8,10,-8,10,-9,10,-9,10,-9,10,-10,10,-10]"
2025-08-18 22:37:32.813498,CSI_DATA,259,1a:00:00:00:00:00,-43,11,0,0,0,0,0,0,0,0,0,-94,0,1,0,47109346,0,31,0,128,0,"[0,0,10,9,9,9,9,9,9,8,10,8,9,8,10,7,10,7,10,6,10,5,10,5,10,4,11,4,11,4,11,4,12,4,12,4,12,4,13,5,12,5,12,5,12,6,11,7,11,7,10,7,10,8,0,0,0,0,0,0,0,0,0,0,0,0,0,0,0,0,0,0,0,0,0,0,8,6,8,6,8,7,8,8,7,8,7,9,7,10,6,10,6,10,5,10,5,10,5,10,5,10,5,10,6,9,6,9,7,9,7,9,7,9,8,9,8,9,8,9,9,9,9,9,9,9,10,9]"
2025-08-18 22:37:33.033219,CSI_DATA,260,1a:00:00:00:00:00,-43,11,0,0,0,0,0,0,0,0,0,-94,0,1,0,47310385,0,31,0,128,0,"[0,0,7,-13,6,-13,6,-13,6,-13,5,-13,5,-12,4,-13,4,-13,3,-12,2,-12,2,-13,1,-13,1,-13,0,-14,0,-14,0,-14,0,-14,0,-15,1,-15,1,-15,2,-15,2,-15,3,-15,3,-14,4,-14,5,-13,0,0,0,0,0,0,0,0,0,0,0,0,0,0,0,0,0,0,0,0,0,0,4,-11,5,-11,6,-11,6,-11,7,-10,8,-10,8,-10,9,-10,9,-9,9,-9,9,-9,9,-9,9,-9,8,-9,8,-9,7,-9,8,-10,7,-10,7,-11,7,-11,7,-11,7,-12,6,-12,6,-13,7,-13,7,-13]"
2025-08-18 22:37:33.219743,CSI_DATA,261,1a:00:00:00:00:00,-43,11,0,0,0,0,0,0,0,0,0,-94,0,1,0,47511646,0,31,0,128,0,"[0,0,13,1,13,1,13,1,13,1,12,0,12,0,12,0,11,-1,11,-1,11,-2,11,-3,11,-3,11,-4,11,-4,11,-5,11,-5,12,-5,12,-5,13,-5,13,-4,13,-4,13,-3,13,-3,13,-2,13,-1,13,0,0,0,0,0,0,0,0,0,0,0,0,0,0,0,0,0,0,0,0,0,0,0,10,0,10,0,11,1,11,2,11,2,11,3,11,4,11,4,11,5,11,5,10,5,10,5,10,5,10,4,10,4,10,4,10,3,11,3,11,3,12,2,12,2,12,2,13,1,13,1,13,1,13,1]"
2025-08-18 22:37:33.418249,CSI_DATA,262,1a:00:00:00:00:00,-43,11,0,0,0,0,0,0,0,0,0,-94,0,1,0,47712763,0,31,0,128,0,"[0,0,6,12,6,12,6,11,7,11,6,10,6,10,7,10,7,9,7,8,8,8,8,8,9,7,9,7,9,7,10,7,10,6,11,7,11,7,11,7,11,8,11,8,10,9,9,10,9,10,8,10,8,10,0,0,0,0,0,0,0,0,0,0,0,0,0,0,0,0,0,0,0,0,0,0,6,9,5,9,5,10,4,10,4,11,3,11,3,12,2,12,2,12,1,12,1,12,1,12,1,12,2,11,2,11,2,11,3,11,3,11,4,11,4,11,5,11,5,11,6,12,6,12,6,12,6,12]"
2025-08-18 22:37:33.624934,CSI_DATA,263,1a:00:00:00:00:00,-43,11,0,0,0,0,0,0,0,0,0,-94,0,1,0,47914154,0,31,0,128,0,"[0,0,-8,12,-7,11,-7,11,-7,11,-6,11,-6,11,-6,11,-5,11,-4,11,-4,11,-3,11,-3,11,-2,12,-2,12,-2,12,-2,12,-2,13,-2,13,-2,13,-3,13,-3,13,-4,13,-4,13,-5,12,-6,12,-6,12,0,0,0,0,0,0,0,0,0,0,0,0,0,0,0,0,0,0,0,0,0,0,-4,9,-5,10,-6,10,-7,9,-8,9,-8,9,-9,9,-10,9,-10,8,-10,8,-10,8,-10,8,-10,8,-9,7,-9,8,-9,8,-8,8,-8,9,-8,9,-8,10,-8,10,-8,10,-7,11,-7,11,-8,11,-7,12]"
2025-08-18 22:37:33.829533,CSI_DATA,264,1a:00:00:00:00:00,-43,11,0,0,0,0,0,0,0,0,0,-94,0,1,0,48115222,0,31,0,128,0,"[0,0,5,-14,4,-13,4,-13,4,-13,4,-13,3,-13,3,-13,2,-13,2,-12,1,-12,0,-12,0,-13,-1,-13,-1,-13,-1,-13,-1,-14,-2,-14,-2,-14,-1,-15,-1,-14,-1,-15,1,-15,1,-14,1,-14,2,-14,3,-14,0,0,0,0,0,0,0,0,0,0,0,0,0,0,0,0,0,0,0,0,0,0,2,-11,3,-11,4,-11,5,-11,5,-11,6,-12,7,-11,7,-11,8,-10,8,-10,8,-10,8,-10,7,-10,7,-10,7,-10,7,-10,6,-10,6,-11,6,-11,5,-12,5,-12,5,-12,5,-13,4,-13,4,-13,5,-14]"
2025-08-18 22:37:34.021788,CSI_DATA,265,1a:00:00:00:00:00,-43,11,0,0,0,0,0,0,0,0,0,-94,0,1,0,48316364,0,31,0,128,0,"[0,0,5,12,5,12,5,12,5,12,5,11,6,11,6,10,6,10,7,9,7,9,7,9,8,8,8,8,8,8,9,8,9,8,10,8,10,9,10,9,10,9,9,10,9,10,8,11,7,11,7,11,6,11,0,0,0,0,0,0,0,0,0,0,0,0,0,0,0,0,0,0,0,0,0,0,5,9,4,10,4,10,3,11,2,11,2,12,2,12,1,12,1,12,0,12,0,12,0,12,0,12,0,12,1,11,1,11,2,11,2,11,2,11,3,12,3,12,4,12,4,12,4,12,4,13,5,12]"
2025-08-18 22:37:34.230908,CSI_DATA,266,1a:00:00:00:00:00,-43,11,0,0,0,0,0,0,0,0,0,-94,0,1,0,48517596,0,31,0,128,0,"[0,0,8,-11,8,-11,8,-11,7,-11,7,-11,7,-11,6,-11,5,-11,5,-11,4,-11,4,-12,3,-12,3,-12,2,-13,2,-13,2,-13,2,-13,2,-13,3,-14,3,-14,4,-14,5,-13,4,-13,5,-13,6,-12,6,-12,0,0,0,0,0,0,0,0,0,0,0,0,0,0,0,0,0,0,0,0,0,0,5,-10,6,-10,7,-9,8,-9,8,-9,9,-9,9,-8,10,-8,10,-7,10,-7,10,-7,9,-7,9,-7,9,-7,9,-7,9,-7,9,-8,8,-8,8,-9,8,-9,8,-10,8,-10,8,-11,8,-11,8,-11,8,-11]"
2025-08-18 22:37:34.294084,CSI_DATA,267,1a:00:00:00:00:00,-43,11,0,0,0,0,0,0,0,0,0,-94,0,1,0,48578075,0,42,0,128,0,"[0,0,-13,-8,-12,-8,-12,-7,-12,-7,-12,-7,-12,-6,-12,-6,-12,-5,-12,-4,-12,-4,-12,-3,-12,-3,-12,-3,-13,-2,-13,-2,-14,-1,-14,-2,-14,-2,-14,-2,-15,-2,-15,-3,-14,-4,-14,-4,-14,-5,-13,-6,-13,-6,0,0,0,0,0,0,0,0,0,0,0,0,0,0,0,0,0,0,0,0,0,0,-10,-5,-10,-6,-10,-7,-10,-8,-10,-8,-10,-9,-10,-9,-10,-10,-9,-10,-9,-10,-8,-10,-8,-10,-8,-10,-8,-10,-8,-9,-9,-9,-9,-9,-10,-8,-10,-8,-11,-8,-11,-8,-11,-8,-12,-8,-12,-8,-12,-8,-12,-8]"
2025-08-18 22:37:34.358084,CSI_DATA,268,1a:00:00:00:00:00,-43,11,0,0,0,0,0,0,0,0,0,-94,0,1,0,48645713,0,31,0,128,0,"[0,0,-13,5,-13,5,-13,5,-12,6,-12,6,-12,6,-11,6,-11,6,-10,7,-10,7,-10,7,-9,8,-9,9,-9,9,-9,9,-9,10,-9,9,-10,10,-10,10,-10,10,-11,9,-11,9,-11,8,-12,8,-12,7,-12,6,0,0,0,0,0,0,0,0,0,0,0,0,0,0,0,0,0,0,0,0,0,0,-10,5,-10,5,-11,4,-12,3,-12,3,-13,3,-13,2,-13,1,-13,1,-13,0,-13,1,-13,0,-13,0,-12,1,-12,1,-12,1,-12,2,-12,3,-12,3,-13,3,-13,4,-13,4,-13,5,-13,5,-13,5,-13,5]"
2025-08-18 22:37:34.561703,CSI_DATA,269,1a:00:00:00:00:00,-43,11,0,0,0,0,0,0,0,0,0,-94,0,1,0,48847473,0,31,0,128,0,"[0,0,5,-13,5,-13,4,-13,4,-13,3,-13,4,-13,3,-13,2,-12,2,-12,1,-13,0,-13,0,-12,-1,-13,-1,-13,-1,-13,-2,-13,-1,-14,-1,-14,-1,-15,0,-15,0,-14,1,-15,1,-15,2,-14,2,-14,3,-13,0,0,0,0,0,0,0,0,0,0,0,0,0,0,0,0,0,0,0,0,0,0,2,-11,3,-11,4,-11,5,-11,6,-11,6,-11,7,-11,7,-11,7,-10,8,-10,8,-10,8,-10,7,-10,7,-10,7,-9,7,-10,6,-10,6,-11,6,-11,5,-12,5,-12,5,-12,5,-13,5,-13,5,-13,5,-13]"
2025-08-18 22:37:34.761198,CSI_DATA,270,1a:00:00:00:00:00,-43,11,0,0,0,0,0,0,0,0,0,-94,0,1,0,49048664,0,31,0,128,0,"[0,0,-14,3,-14,3,-13,3,-13,3,-12,4,-12,4,-12,4,-11,4,-11,5,-11,6,-10,6,-10,7,-10,7,-10,7,-10,8,-10,8,-11,8,-11,8,-11,8,-11,8,-12,8,-12,7,-12,7,-12,6,-13,5,-13,4,0,0,0,0,0,0,0,0,0,0,0,0,0,0,0,0,0,0,0,0,0,0,-10,3,-11,3,-12,2,-12,2,-13,1,-13,1,-13,0,-13,-1,-13,-1,-13,-1,-13,-2,-12,-2,-12,-1,-12,-1,-12,-1,-12,0,-12,0,-12,1,-12,1,-13,1,-13,2,-13,2,-14,3,-14,3,-14,3,-13,3]"
2025-08-18 22:37:34.960100,CSI_DATA,271,1a:00:00:00:00:00,-43,11,0,0,0,0,0,0,0,0,0,-94,0,1,0,49249762,0,31,0,128,0,"[0,0,11,-8,11,-8,11,-8,10,-8,10,-8,10,-8,9,-8,8,-8,8,-8,8,-9,7,-9,7,-10,7,-10,6,-10,6,-11,6,-11,7,-11,7,-11,8,-11,8,-11,8,-11,8,-10,9,-10,9,-9,9,-9,10,-8,0,0,0,0,0,0,0,0,0,0,0,0,0,0,0,0,0,0,0,0,0,0,7,-7,8,-7,9,-7,9,-6,10,-6,10,-5,11,-5,11,-5,11,-4,11,-3,11,-3,11,-3,11,-3,11,-4,11,-4,10,-4,10,-4,10,-5,10,-5,10,-6,10,-6,11,-7,10,-7,11,-7,11,-7,11,-8]"
2025-08-18 22:37:35.160233,CSI_DATA,272,1a:00:00:00:00:00,-43,11,0,0,0,0,0,0,0,0,0,-94,0,1,0,49450995,0,31,0,128,0,"[0,0,-2,13,-2,13,-2,13,-2,13,-1,12,-1,12,-1,12,0,12,0,11,1,11,2,11,2,11,3,11,3,11,4,12,4,11,4,12,4,12,4,13,3,13,3,13,2,13,1,13,1,13,0,13,0,13,0,0,0,0,0,0,0,0,0,0,0,0,0,0,0,0,0,0,0,0,0,0,-1,10,-2,10,-3,11,-3,11,-4,11,-5,11,-5,11,-6,11,-6,11,-7,10,-7,10,-6,10,-6,10,-6,10,-5,10,-5,10,-5,10,-4,11,-4,11,-4,12,-3,12,-3,12,-3,13,-2,13,-3,13,-2,13]"
2025-08-18 22:37:35.366344,CSI_DATA,273,1a:00:00:00:00:00,-43,11,0,0,0,0,0,0,0,0,0,-94,0,1,0,49652243,0,31,0,128,0,"[0,0,-15,-1,-14,-1,-15,-1,-14,-1,-14,-1,-13,0,-13,0,-13,0,-13,1,-12,2,-13,2,-12,3,-12,3,-12,4,-12,4,-13,4,-13,4,-14,4,-14,4,-14,4,-14,3,-14,2,-14,2,-14,1,-14,0,-14,-1,0,0,0,0,0,0,0,0,0,0,0,0,0,0,0,0,0,0,0,0,0,0,-11,1,-12,0,-12,-1,-13,-2,-13,-2,-13,-3,-13,-4,-13,-4,-13,-5,-12,-5,-12,-5,-12,-5,-12,-5,-12,-5,-12,-5,-12,-4,-12,-4,-12,-3,-13,-3,-13,-3,-13,-2,-14,-2,-14,-2,-14,-2,-14,-2,-15,-1]"
2025-08-18 22:37:35.564869,CSI_DATA,274,1a:00:00:00:00:00,-43,11,0,0,0,0,0,0,0,0,0,-94,0,1,0,49853359,0,31,0,128,0,"[0,0,12,-7,12,-7,11,-7,11,-8,11,-8,10,-8,10,-8,9,-8,9,-9,8,-9,8,-9,7,-10,7,-10,7,-10,7,-11,7,-11,7,-12,8,-12,8,-12,9,-12,9,-11,9,-11,10,-10,10,-10,10,-9,11,-8,0,0,0,0,0,0,0,0,0,0,0,0,0,0,0,0,0,0,0,0,0,0,8,-7,9,-7,10,-6,10,-5,11,-5,11,-5,12,-4,12,-4,12,-3,12,-3,12,-3,12,-2,12,-3,11,-3,11,-3,11,-4,11,-4,11,-5,11,-5,11,-5,11,-6,11,-6,12,-7,12,-7,12,-7,12,-7]"
2025-08-18 22:37:35.775331,CSI_DATA,275,1a:00:00:00:00:00,-43,11,0,0,0,0,0,0,0,0,0,-94,0,1,0,50054648,0,31,0,128,0,"[0,0,-4,-14,-4,-14,-4,-14,-4,-13,-4,-13,-4,-13,-4,-12,-5,-12,-5,-11,-6,-11,-7,-11,-7,-11,-8,-10,-8,-10,-8,-10,-9,-10,-9,-11,-9,-11,-9,-12,-8,-12,-8,-12,-7,-13,-7,-13,-6,-13,-5,-13,-5,-13,0,0,0,0,0,0,0,0,0,0,0,0,0,0,0,0,0,0,0,0,0,0,-4,-10,-4,-11,-3,-11,-2,-12,-2,-12,-1,-13,0,-13,0,-13,0,-13,1,-13,1,-13,1,-12,1,-13,0,-12,0,-12,0,-12,-1,-12,-1,-12,-2,-13,-2,-13,-2,-13,-3,-13,-3,-13,-3,-13,-3,-14,-4,-14]"
2025-08-18 22:37:35.824695,CSI_DATA,276,1a:00:00:00:00:00,-43,11,0,0,0,0,0,0,0,0,0,-94,0,1,0,50115040,0,42,0,128,0,"[0,0,12,-5,12,-5,12,-5,11,-5,11,-5,11,-5,10,-6,10,-6,10,-6,9,-7,9,-7,8,-8,8,-8,8,-9,8,-9,8,-9,8,-10,9,-10,9,-9,10,-9,10,-9,10,-9,10,-8,11,-7,11,-7,11,-6,0,0,0,0,0,0,0,0,0,0,0,0,0,0,0,0,0,0,0,0,0,0,9,-5,9,-4,10,-4,11,-3,11,-3,11,-2,12,-1,12,-1,12,-1,11,0,11,0,11,0,11,0,11,-1,11,-1,10,-1,11,-2,11,-2,11,-3,11,-3,11,-3,12,-4,12,-4,12,-4,12,-5,12,-5]"
2025-08-18 22:37:35.897180,CSI_DATA,277,1a:00:00:00:00:00,-43,11,0,0,0,0,0,0,0,0,0,-94,0,1,0,50181110,0,31,0,128,0,"[0,0,-7,-13,-7,-12,-7,-13,-7,-12,-8,-12,-8,-11,-8,-11,-8,-10,-8,-10,-8,-9,-9,-9,-9,-9,-9,-8,-10,-8,-10,-8,-11,-8,-11,-9,-11,-9,-11,-9,-11,-9,-11,-10,-10,-10,-9,-11,-9,-11,-8,-11,-8,-12,0,0,0,0,0,0,0,0,0,0,0,0,0,0,0,0,0,0,0,0,0,0,-7,-9,-7,-10,-6,-10,-6,-11,-5,-11,-5,-12,-4,-12,-4,-13,-3,-13,-3,-13,-3,-13,-2,-13,-2,-12,-3,-12,-3,-12,-4,-11,-4,-12,-4,-11,-5,-12,-6,-12,-6,-12,-6,-12,-7,-12,-7,-12,-7,-13,-7,-13]"
2025-08-18 22:37:36.106255,CSI_DATA,278,1a:00:00:00:00:00,-43,11,0,0,0,0,0,0,0,0,0,-94,0,1,0,50382249,0,31,0,128,0,"[0,0,13,-6,12,-6,12,-6,12,-6,12,-6,11,-7,11,-7,10,-7,9,-7,9,-8,9,-8,9,-9,8,-9,8,-10,8,-10,8,-10,9,-11,9,-11,9,-11,10,-11,10,-10,10,-10,11,-9,11,-8,11,-8,11,-7,0,0,0,0,0,0,0,0,0,0,0,0,0,0,0,0,0,0,0,0,0,0,9,-6,10,-5,10,-5,11,-4,11,-4,12,-3,12,-2,12,-2,12,-2,12,-1,12,-1,12,-1,12,-1,11,-1,12,-2,11,-2,11,-2,11,-3,11,-4,12,-4,12,-4,12,-5,12,-5,12,-5,12,-6,13,-6]"
2025-08-18 22:37:36.288247,CSI_DATA,279,1a:00:00:00:00:00,-43,11,0,0,0,0,0,0,0,0,0,-94,0,1,0,50583461,0,31,0,128,0,"[0,0,11,9,10,8,10,8,10,8,10,7,10,7,10,6,10,6,10,5,11,4,11,4,11,3,11,4,12,3,12,3,12,3,12,3,13,3,13,3,13,4,13,4,13,5,12,6,12,6,11,7,11,7,0,0,0,0,0,0,0,0,0,0,0,0,0,0,0,0,0,0,0,0,0,0,9,5,9,6,9,7,9,7,8,8,8,9,8,9,8,10,7,10,7,10,6,10,6,10,6,10,6,9,7,10,7,9,7,9,8,8,8,8,9,8,9,8,10,8,10,8,10,8,10,8,11,8]"
2025-08-18 22:37:36.495995,CSI_DATA,280,1a:00:00:00:00:00,-43,11,0,0,0,0,0,0,0,0,0,-94,0,1,0,50784582,0,31,0,128,0,"[0,0,-14,4,-14,4,-13,4,-13,5,-13,5,-12,5,-12,5,-11,6,-11,6,-11,6,-10,7,-10,7,-10,8,-10,8,-10,9,-10,9,-10,9,-10,9,-11,9,-11,9,-12,9,-12,8,-12,8,-12,7,-12,6,-13,5,0,0,0,0,0,0,0,0,0,0,0,0,0,0,0,0,0,0,0,0,0,0,-10,4,-11,4,-12,3,-12,2,-12,2,-13,1,-13,1,-13,0,-13,0,-13,-1,-13,-1,-13,-1,-13,-1,-13,0,-12,0,-12,0,-12,1,-13,1,-13,2,-13,3,-13,3,-13,3,-14,4,-14,4,-14,4,-14,4]"
2025-08-18 22:37:36.691724,CSI_DATA,281,1a:00:00:00:00:00,-43,11,0,0,0,0,0,0,0,0,0,-94,0,1,0,50985738,0,31,0,128,0,"[0,0,4,13,3,12,4,12,4,12,4,12,4,11,5,11,5,10,5,10,6,9,6,9,7,9,7,9,8,9,8,8,8,9,8,9,9,10,9,10,8,10,8,11,7,11,6,11,6,11,6,11,5,12,0,0,0,0,0,0,0,0,0,0,0,0,0,0,0,0,0,0,0,0,0,0,4,9,4,10,3,10,2,11,2,11,1,12,1,12,0,12,0,12,-1,12,-1,12,-1,12,-1,11,0,11,0,11,0,11,1,11,1,11,1,12,2,12,2,12,3,12,3,12,3,12,4,13,4,12]"
2025-08-18 22:37:36.896391,CSI_DATA,282,1a:00:00:00:00:00,-43,11,0,0,0,0,0,0,0,0,0,-94,0,1,0,51187070,0,31,0,128,0,"[0,0,-1,14,-1,14,-1,13,0,13,0,13,0,12,0,12,1,12,2,12,2,11,3,11,3,11,4,11,4,11,5,11,5,11,5,12,5,12,5,12,4,13,4,13,3,14,3,13,2,13,1,13,0,13,0,0,0,0,0,0,0,0,0,0,0,0,0,0,0,0,0,0,0,0,0,0,1,10,0,11,-1,11,-2,11,-2,11,-3,12,-4,12,-4,12,-5,12,-5,11,-5,11,-5,11,-5,11,-4,11,-4,11,-4,11,-3,11,-3,11,-2,12,-2,12,-2,12,-2,13,-1,13,-1,13,-1,13,-1,13]"
2025-08-18 22:37:37.097474,CSI_DATA,283,1a:00:00:00:00:00,-43,11,0,0,0,0,0,0,0,0,0,-94,0,1,0,51388283,0,31,0,128,0,"[0,0,5,13,5,12,5,12,5,12,5,12,5,11,6,10,6,10,6,9,7,9,7,9,8,9,8,9,9,8,9,8,9,8,9,9,10,9,10,9,10,10,9,10,8,11,7,11,7,11,6,11,5,12,0,0,0,0,0,0,0,0,0,0,0,0,0,0,0,0,0,0,0,0,0,0,5,9,5,9,4,10,4,11,3,11,3,12,2,12,2,12,1,12,1,12,1,12,0,12,0,12,1,12,1,11,1,11,2,11,3,11,3,12,4,12,4,12,4,12,5,12,5,12,5,12,5,13]"
2025-08-18 22:37:37.311594,CSI_DATA,284,1a:00:00:00:00:00,-43,11,0,0,0,0,0,0,0,0,0,-94,0,1,0,51589419,0,31,0,128,0,"[0,0,13,-4,12,-4,12,-4,12,-5,12,-5,11,-5,11,-5,10,-6,10,-6,10,-7,10,-7,9,-7,9,-8,9,-9,9,-9,9,-9,9,-9,10,-10,10,-10,10,-9,11,-9,11,-8,11,-8,11,-7,11,-6,12,-6,0,0,0,0,0,0,0,0,0,0,0,0,0,0,0,0,0,0,0,0,0,0,9,-4,10,-3,11,-3,11,-2,11,-2,12,-1,12,-1,12,0,12,0,12,1,12,1,11,1,11,1,11,0,11,0,11,0,11,-1,11,-2,12,-2,12,-2,12,-3,12,-3,12,-4,13,-4,13,-4,13,-4]"
2025-08-18 22:37:37.360081,CSI_DATA,285,1a:00:00:00:00:00,-43,11,0,0,0,0,0,0,0,0,0,-94,0,1,0,51649991,0,42,0,128,0,"[0,0,13,-3,13,-3,12,-4,12,-4,12,-4,12,-4,11,-5,11,-5,11,-5,10,-6,10,-6,10,-7,10,-7,9,-8,10,-8,10,-8,10,-8,11,-8,11,-8,11,-8,12,-7,12,-7,12,-6,12,-5,12,-5,12,-4,0,0,0,0,0,0,0,0,0,0,0,0,0,0,0,0,0,0,0,0,0,0,9,-4,10,-4,11,-3,11,-3,11,-2,12,-1,12,-1,12,0,12,0,12,1,12,1,11,1,11,1,11,1,11,0,11,0,11,-1,11,-1,12,-2,12,-2,12,-2,12,-3,12,-3,13,-3,13,-3,13,-3]"
2025-08-18 22:37:37.423285,CSI_DATA,286,1a:00:00:00:00:00,-43,11,0,0,0,0,0,0,0,0,0,-94,0,1,0,51718926,0,31,0,128,0,"[0,0,12,8,11,7,11,7,11,6,11,6,11,6,11,5,11,5,11,4,11,3,11,3,11,2,12,2,12,2,12,1,13,1,13,2,13,2,14,2,14,2,14,3,13,4,13,4,12,5,12,5,12,6,0,0,0,0,0,0,0,0,0,0,0,0,0,0,0,0,0,0,0,0,0,0,9,4,9,5,9,6,9,6,9,7,9,8,9,8,8,9,8,9,7,9,7,9,7,9,8,9,8,9,8,8,8,8,8,8,9,7,9,7,9,8,10,7,10,7,11,7,11,7,11,7,12,7]"
2025-08-18 22:37:37.641231,CSI_DATA,287,1a:00:00:00:00:00,-43,11,0,0,0,0,0,0,0,0,0,-94,0,1,0,51920006,0,31,0,128,0,"[0,0,12,-8,11,-8,11,-8,11,-8,10,-8,10,-8,10,-8,9,-9,9,-9,8,-9,8,-10,7,-10,7,-10,7,-11,7,-11,7,-11,7,-12,7,-12,8,-12,8,-12,9,-11,9,-11,9,-11,9,-10,10,-9,10,-8,0,0,0,0,0,0,0,0,0,0,0,0,0,0,0,0,0,0,0,0,0,0,8,-6,9,-6,9,-6,10,-5,11,-5,11,-5,12,-4,12,-4,12,-3,12,-3,12,-3,11,-2,11,-3,11,-3,11,-3,11,-4,11,-4,11,-5,11,-5,11,-6,11,-6,11,-7,11,-7,11,-7,12,-7,12,-8]"
2025-08-18 22:37:37.825485,CSI_DATA,288,1a:00:00:00:00:00,-43,11,0,0,0,0,0,0,0,0,0,-94,0,1,0,52121927,0,31,0,128,0,"[0,0,9,10,9,9,9,9,9,9,9,8,9,8,9,7,10,7,9,6,10,6,10,5,10,5,11,5,11,4,12,4,12,4,12,5,12,4,13,5,12,5,12,6,12,6,11,7,11,8,10,8,9,8,0,0,0,0,0,0,0,0,0,0,0,0,0,0,0,0,0,0,0,0,0,0,8,6,7,7,7,8,7,8,7,9,6,9,6,10,6,10,6,10,5,11,5,11,5,10,5,10,5,10,5,10,6,10,6,9,7,9,7,9,8,9,8,9,8,9,9,9,9,10,9,9,9,9]"
2025-08-18 22:37:38.033684,CSI_DATA,289,1a:00:00:00:00:00,-43,11,0,0,0,0,0,0,0,0,0,-94,0,1,0,52322495,0,31,0,128,0,"[0,0,-10,9,-10,9,-10,9,-9,9,-9,9,-9,9,-8,9,-7,10,-7,10,-6,10,-6,10,-5,10,-5,11,-4,11,-4,12,-4,12,-4,12,-5,12,-5,13,-5,13,-6,12,-6,12,-7,12,-8,11,-8,11,-8,10,0,0,0,0,0,0,0,0,0,0,0,0,0,0,0,0,0,0,0,0,0,0,-7,7,-8,7,-9,7,-10,6,-10,6,-11,6,-11,6,-11,5,-12,5,-12,4,-12,4,-11,4,-12,4,-11,4,-11,5,-11,5,-11,6,-10,6,-10,7,-10,7,-10,8,-10,8,-10,9,-10,9,-10,9,-10,9]"
2025-08-18 22:37:38.236166,CSI_DATA,290,1a:00:00:00:00:00,-43,11,0,0,0,0,0,0,0,0,0,-94,0,1,0,52523701,0,31,0,128,0,"[0,0,4,-13,4,-13,4,-13,3,-13,3,-13,3,-13,2,-12,2,-12,1,-12,0,-12,0,-12,-1,-12,-1,-12,-1,-13,-2,-13,-2,-13,-2,-14,-2,-14,-2,-14,-1,-14,-1,-14,0,-15,1,-14,1,-14,1,-14,2,-13,0,0,0,0,0,0,0,0,0,0,0,0,0,0,0,0,0,0,0,0,0,0,2,-11,3,-11,4,-11,5,-11,5,-11,6,-11,7,-11,7,-10,7,-10,7,-10,7,-10,7,-10,7,-10,7,-10,7,-10,6,-10,5,-10,5,-11,5,-11,5,-12,5,-12,5,-12,4,-13,4,-13,4,-13,4,-13]"
2025-08-18 22:37:38.435923,CSI_DATA,291,1a:00:00:00:00:00,-43,11,0,0,0,0,0,0,0,0,0,-94,0,1,0,52724808,0,31,0,128,0,"[0,0,-7,12,-7,12,-6,12,-6,12,-6,12,-5,11,-5,11,-4,11,-3,11,-3,11,-2,11,-2,12,-2,12,-1,12,-1,12,-1,13,-1,13,-1,13,-1,13,-2,14,-2,14,-3,13,-3,13,-4,13,-5,12,-5,12,0,0,0,0,0,0,0,0,0,0,0,0,0,0,0,0,0,0,0,0,0,0,-5,10,-5,10,-7,9,-7,9,-8,10,-8,9,-9,9,-9,9,-10,9,-10,8,-10,8,-10,7,-10,8,-10,8,-9,8,-9,8,-8,9,-8,9,-8,10,-8,10,-7,10,-7,11,-7,11,-7,12,-7,12,-7,12]"
2025-08-18 22:37:38.640964,CSI_DATA,292,1a:00:00:00:00:00,-43,11,0,0,0,0,0,0,0,0,0,-94,0,1,0,52925968,0,31,0,128,0,"[0,0,-14,-3,-14,-3,-14,-3,-13,-2,-14,-2,-13,-2,-13,-1,-13,-1,-13,0,-12,1,-12,1,-12,2,-13,2,-13,3,-13,3,-13,3,-13,3,-14,4,-14,3,-14,2,-15,2,-14,1,-14,1,-14,0,-14,0,-14,-1,0,0,0,0,0,0,0,0,0,0,0,0,0,0,0,0,0,0,0,0,0,0,-11,-1,-12,-2,-12,-3,-12,-4,-12,-4,-13,-5,-12,-6,-12,-6,-11,-7,-11,-6,-11,-7,-11,-7,-11,-6,-11,-6,-11,-6,-11,-5,-12,-5,-12,-4,-13,-4,-12,-4,-13,-4,-13,-4,-14,-3,-13,-2,-14,-2,-14,-3]"
2025-08-18 22:37:38.844856,CSI_DATA,293,1a:00:00:00:00:00,-43,11,0,0,0,0,0,0,0,0,0,-94,0,1,0,53127603,0,31,0,128,0,"[0,0,-8,11,-8,11,-8,11,-7,11,-7,11,-7,11,-6,11,-6,11,-5,11,-4,11,-4,11,-3,11,-3,11,-3,12,-2,12,-2,12,-2,13,-2,13,-3,13,-3,13,-4,13,-4,13,-5,13,-5,13,-6,12,-6,12,0,0,0,0,0,0,0,0,0,0,0,0,0,0,0,0,0,0,0,0,0,0,-6,9,-6,9,-7,9,-8,9,-9,8,-9,8,-10,8,-10,8,-10,7,-11,7,-11,7,-10,7,-10,7,-10,7,-10,7,-9,7,-9,8,-9,8,-9,9,-9,9,-9,9,-9,10,-8,10,-8,11,-8,11,-8,11]"
2025-08-18 22:37:38.898303,CSI_DATA,294,1a:00:00:00:00:00,-43,11,0,0,0,0,0,0,0,0,0,-94,0,1,0,53187571,0,42,0,128,0,"[0,0,-9,11,-9,11,-8,11,-8,11,-8,11,-7,11,-6,11,-5,11,-5,11,-4,11,-5,11,-4,11,-3,11,-3,12,-3,12,-2,12,-3,13,-3,13,-3,13,-3,14,-4,13,-4,13,-5,13,-6,12,-6,12,-7,11,0,0,0,0,0,0,0,0,0,0,0,0,0,0,0,0,0,0,0,0,0,0,-6,8,-7,9,-8,8,-9,8,-10,8,-10,8,-10,8,-11,7,-11,7,-11,6,-11,6,-11,6,-11,6,-11,6,-10,6,-10,7,-10,7,-9,8,-9,8,-9,9,-9,9,-9,10,-9,10,-9,10,-9,10,-9,11]"
2025-08-18 22:37:38.963609,CSI_DATA,295,1a:00:00:00:00:00,-43,11,0,0,0,0,0,0,0,0,0,-94,0,1,0,53253329,0,31,0,128,0,"[0,0,-11,9,-11,9,-10,9,-10,9,-10,9,-9,9,-9,9,-8,9,-7,9,-7,10,-6,10,-6,10,-6,11,-6,11,-5,11,-5,11,-6,12,-6,12,-6,13,-7,13,-7,12,-7,12,-8,11,-9,11,-9,10,-10,9,0,0,0,0,0,0,0,0,0,0,0,0,0,0,0,0,0,0,0,0,0,0,-8,8,-9,7,-9,7,-10,7,-11,6,-11,6,-12,6,-12,5,-12,5,-12,4,-12,4,-12,4,-12,4,-12,4,-11,5,-11,5,-11,5,-11,6,-11,6,-11,7,-11,7,-11,8,-11,8,-11,9,-11,9,-11,9]"
2025-08-18 22:37:39.169156,CSI_DATA,296,1a:00:00:00:00:00,-43,11,0,0,0,0,0,0,0,0,0,-94,0,1,0,53454467,0,31,0,128,0,"[0,0,1,13,1,13,1,13,2,13,2,12,2,12,3,12,3,11,4,11,4,11,5,10,5,10,5,10,6,10,7,10,6,10,7,11,7,11,7,12,7,12,6,12,5,12,5,13,4,13,4,12,3,12,0,0,0,0,0,0,0,0,0,0,0,0,0,0,0,0,0,0,0,0,0,0,2,10,1,11,0,11,0,11,-1,12,-2,12,-2,12,-3,12,-3,12,-3,12,-3,12,-3,11,-3,11,-3,11,-2,11,-2,11,-2,11,-1,12,-1,12,0,12,0,12,0,12,1,13,1,13,1,14,1,13]"
2025-08-18 22:37:39.364894,CSI_DATA,297,1a:00:00:00:00:00,-43,11,0,0,0,0,0,0,0,0,0,-94,0,1,0,53655546,0,31,0,128,0,"[0,0,13,-4,12,-4,12,-4,12,-4,11,-5,11,-5,10,-5,10,-5,10,-6,9,-7,9,-7,9,-7,9,-8,9,-8,9,-9,9,-9,9,-9,9,-9,10,-9,10,-9,11,-8,11,-8,11,-7,11,-7,11,-6,11,-5,0,0,0,0,0,0,0,0,0,0,0,0,0,0,0,0,0,0,0,0,0,0,9,-5,9,-4,10,-3,10,-3,11,-3,11,-2,12,-1,12,-1,12,0,12,0,11,0,11,0,11,0,11,0,11,-1,11,-1,11,-1,11,-2,11,-2,11,-3,11,-3,12,-3,12,-4,12,-4,12,-4,12,-4]"
2025-08-18 22:37:39.561037,CSI_DATA,298,1a:00:00:00:00:00,-43,11,0,0,0,0,0,0,0,0,0,-94,0,1,0,53856703,0,31,0,128,0,"[0,0,10,9,10,8,9,8,10,8,10,7,10,7,10,6,10,6,10,5,10,4,11,4,11,4,11,3,11,3,12,3,12,3,12,3,12,3,13,4,13,4,13,4,12,5,12,6,11,6,11,6,10,7,0,0,0,0,0,0,0,0,0,0,0,0,0,0,0,0,0,0,0,0,0,0,8,6,8,6,8,7,8,8,8,9,7,9,7,10,6,10,6,10,6,11,5,10,5,10,5,10,6,10,6,9,6,9,6,9,7,9,7,9,8,9,8,8,9,9,9,8,10,9,10,9,10,8]"
2025-08-18 22:37:39.762600,CSI_DATA,299,1a:00:00:00:00:00,-43,11,0,0,0,0,0,0,0,0,0,-94,0,1,0,54057861,0,31,0,128,0,"[0,0,6,13,6,13,5,12,6,12,6,11,6,11,6,11,6,10,6,10,7,9,7,8,8,8,8,8,8,8,9,8,9,8,10,9,9,9,10,9,9,10,9,10,8,11,8,11,7,11,7,11,6,11,0,0,0,0,0,0,0,0,0,0,0,0,0,0,0,0,0,0,0,0,0,0,6,8,5,9,5,10,4,10,4,11,3,11,3,12,2,12,2,12,1,12,1,12,1,12,1,12,1,11,1,11,2,11,2,11,3,11,3,11,4,12,4,12,5,12,5,12,5,12,6,12,6,12]"
2025-08-18 22:37:39.973725,CSI_DATA,300,1a:00:00:00:00:00,-43,11,0,0,0,0,0,0,0,0,0,-94,0,1,0,54259011,0,31,0,128,0,"[0,0,-14,-3,-14,-3,-14,-3,-14,-3,-13,-2,-13,-2,-13,-2,-13,-1,-12,-1,-12,0,-12,1,-12,1,-12,2,-13,2,-13,2,-13,3,-13,3,-14,3,-14,2,-14,2,-14,1,-14,1,-14,0,-14,0,-14,-1,-14,-2,0,0,0,0,0,0,0,0,0,0,0,0,0,0,0,0,0,0,0,0,0,0,-11,-2,-11,-2,-11,-3,-12,-4,-12,-5,-12,-5,-12,-6,-11,-6,-11,-7,-11,-7,-11,-7,-11,-7,-11,-6,-11,-6,-11,-6,-11,-5,-11,-5,-12,-5,-12,-5,-12,-4,-13,-4,-13,-4,-13,-3,-13,-3,-14,-3,-14,-3]"
2025-08-18 22:37:40.172113,CSI_DATA,301,1a:00:00:00:00:00,-43,11,0,0,0,0,0,0,0,0,0,-94,0,1,0,54460228,0,31,0,128,0,"[0,0,-14,4,-13,4,-14,4,-13,4,-13,5,-12,5,-12,5,-12,6,-11,6,-10,6,-11,6,-10,7,-10,7,-10,8,-10,8,-10,9,-10,9,-11,9,-11,9,-11,9,-12,8,-12,8,-12,7,-13,6,-13,6,-13,5,0,0,0,0,0,0,0,0,0,0,0,0,0,0,0,0,0,0,0,0,0,0,-10,4,-11,4,-12,3,-12,3,-12,2,-13,2,-13,1,-13,1,-13,0,-13,-1,-13,-1,-13,-1,-12,-1,-12,0,-13,0,-12,0,-13,1,-12,1,-13,2,-13,3,-13,3,-13,3,-13,4,-14,4,-14,4,-14,4]"
2025-08-18 22:37:40.378427,CSI_DATA,302,1a:00:00:00:00:00,-43,11,0,0,0,0,0,0,0,0,0,-94,0,1,0,54661537,0,31,0,128,0,"[0,0,13,1,13,1,13,0,12,0,12,0,12,-1,12,-1,11,-1,11,-2,11,-3,11,-3,10,-4,11,-4,11,-5,11,-5,11,-5,12,-5,12,-5,12,-5,12,-5,13,-4,13,-4,13,-3,12,-2,12,-2,12,-1,0,0,0,0,0,0,0,0,0,0,0,0,0,0,0,0,0,0,0,0,0,0,10,-1,10,0,10,1,11,2,11,2,11,3,11,3,11,4,11,4,10,5,10,4,10,4,10,4,10,4,10,4,10,3,10,3,11,2,11,2,11,2,12,2,12,1,12,1,13,1,13,1,13,1]"
2025-08-18 22:37:40.438550,CSI_DATA,303,1a:00:00:00:00:00,-43,11,0,0,0,0,0,0,0,0,0,-94,0,1,0,54721896,0,42,0,128,0,"[0,0,-10,-10,-11,-10,-11,-9,-11,-9,-11,-8,-10,-8,-10,-8,-11,-7,-11,-7,-11,-6,-11,-5,-11,-5,-12,-5,-12,-5,-13,-4,-13,-4,-13,-5,-13,-5,-14,-5,-13,-5,-13,-6,-13,-7,-12,-7,-12,-8,-11,-8,-11,-9,0,0,0,0,0,0,0,0,0,0,0,0,0,0,0,0,0,0,0,0,0,0,-9,-6,-9,-7,-9,-8,-9,-9,-9,-9,-8,-10,-8,-11,-7,-11,-7,-11,-7,-11,-7,-11,-6,-11,-6,-11,-7,-10,-7,-10,-7,-10,-8,-10,-8,-10,-8,-10,-9,-10,-9,-10,-9,-10,-10,-9,-10,-9,-11,-10,-10,-9]"
2025-08-18 22:37:40.501375,CSI_DATA,304,1a:00:00:00:00:00,-43,11,0,0,0,0,0,0,0,0,0,-94,0,1,0,54796083,0,31,0,128,0,"[0,0,8,11,7,11,8,11,8,10,8,10,8,9,8,9,8,8,9,8,9,7,9,7,9,6,10,6,11,6,11,6,11,6,11,6,12,6,12,6,12,7,12,7,11,8,10,8,10,9,9,9,9,9,0,0,0,0,0,0,0,0,0,0,0,0,0,0,0,0,0,0,0,0,0,0,6,8,6,9,5,9,5,10,5,10,5,11,4,12,4,12,3,12,2,11,2,12,2,11,3,11,3,11,3,11,3,10,4,11,5,10,5,11,6,11,6,11,6,11,7,11,7,11,7,11,8,11]"
2025-08-18 22:37:40.713128,CSI_DATA,305,1a:00:00:00:00:00,-43,11,0,0,0,0,0,0,0,0,0,-94,0,1,0,54997150,0,31,0,128,0,"[0,0,-13,-7,-13,-6,-13,-6,-13,-6,-12,-5,-12,-5,-12,-5,-12,-4,-12,-3,-12,-3,-12,-2,-12,-2,-12,-2,-13,-1,-13,0,-13,0,-14,0,-14,0,-15,-1,-14,-1,-14,-1,-14,-2,-14,-3,-14,-4,-13,-4,-13,-5,0,0,0,0,0,0,0,0,0,0,0,0,0,0,0,0,0,0,0,0,0,0,-10,-4,-10,-5,-10,-6,-10,-7,-10,-7,-10,-8,-10,-9,-10,-9,-9,-9,-9,-10,-9,-10,-8,-10,-8,-9,-9,-9,-9,-9,-9,-8,-9,-8,-10,-7,-10,-7,-11,-7,-11,-7,-12,-7,-12,-7,-12,-7,-12,-7,-13,-7]"
2025-08-18 22:37:40.915961,CSI_DATA,306,1a:00:00:00:00:00,-43,11,0,0,0,0,0,0,0,0,0,-94,0,1,0,55198292,0,31,0,128,0,"[0,0,14,1,13,0,13,1,13,0,13,0,12,0,12,-1,12,-1,12,-2,11,-3,11,-3,11,-4,11,-4,11,-4,11,-5,12,-5,12,-5,13,-5,13,-5,13,-5,13,-4,13,-3,13,-3,13,-2,13,-2,13,-1,0,0,0,0,0,0,0,0,0,0,0,0,0,0,0,0,0,0,0,0,0,0,10,-1,11,0,11,1,11,2,11,2,12,3,12,4,11,4,11,5,11,5,11,5,10,5,10,5,11,4,11,4,10,3,11,3,11,2,12,2,12,2,12,2,13,1,13,1,13,1,13,1,14,1]"
2025-08-18 22:37:41.104293,CSI_DATA,307,1a:00:00:00:00:00,-43,11,0,0,0,0,0,0,0,0,0,-94,0,1,0,55399507,0,31,0,128,0,"[0,0,11,8,10,8,10,8,10,7,10,7,10,6,10,6,10,5,10,4,10,4,10,4,11,3,11,3,12,2,12,2,12,2,12,2,13,2,13,3,13,3,13,3,13,4,12,5,12,5,11,6,11,6,0,0,0,0,0,0,0,0,0,0,0,0,0,0,0,0,0,0,0,0,0,0,8,6,8,6,8,7,8,8,7,8,7,9,7,10,6,10,6,10,5,10,5,10,5,10,5,10,6,9,6,10,6,9,7,9,7,8,8,9,8,8,8,8,9,8,9,8,10,8,10,8,11,8]"
2025-08-18 22:37:41.316920,CSI_DATA,308,1a:00:00:00:00:00,-43,11,0,0,0,0,0,0,0,0,0,-94,0,1,0,55600720,0,31,0,128,0,"[0,0,-13,-8,-12,-7,-12,-8,-12,-7,-12,-7,-12,-7,-12,-6,-12,-5,-12,-4,-12,-4,-12,-3,-12,-3,-13,-3,-13,-2,-13,-2,-14,-2,-14,-2,-15,-2,-15,-2,-15,-2,-15,-3,-14,-4,-14,-4,-14,-5,-13,-6,-13,-6,0,0,0,0,0,0,0,0,0,0,0,0,0,0,0,0,0,0,0,0,0,0,-10,-5,-10,-6,-10,-7,-10,-8,-10,-8,-10,-9,-9,-10,-9,-10,-9,-10,-8,-10,-8,-11,-8,-10,-8,-10,-8,-10,-8,-10,-8,-9,-9,-9,-9,-8,-10,-8,-10,-8,-11,-8,-11,-8,-12,-8,-12,-8,-12,-8,-12,-8]"
2025-08-18 22:37:41.519356,CSI_DATA,309,1a:00:00:00:00:00,-43,11,0,0,0,0,0,0,0,0,0,-94,0,1,0,55802068,0,31,0,128,0,"[0,0,-6,-13,-7,-13,-7,-13,-7,-12,-7,-12,-7,-12,-7,-11,-7,-11,-8,-10,-8,-10,-9,-9,-9,-9,-9,-9,-10,-9,-10,-9,-11,-9,-11,-9,-11,-10,-11,-10,-11,-10,-10,-11,-10,-11,-9,-12,-9,-12,-8,-12,-7,-12,0,0,0,0,0,0,0,0,0,0,0,0,0,0,0,0,0,0,0,0,0,0,-7,-9,-6,-10,-6,-11,-5,-11,-5,-12,-4,-13,-4,-13,-3,-13,-3,-13,-2,-13,-2,-13,-2,-13,-2,-12,-2,-12,-3,-12,-3,-12,-4,-12,-4,-12,-4,-13,-5,-12,-5,-12,-6,-13,-6,-13,-6,-13,-6,-13,-7,-13]"
2025-08-18 22:37:41.710455,CSI_DATA,310,1a:00:00:00:00:00,-43,11,0,0,0,0,0,0,0,0,0,-94,0,1,0,56003129,0,31,0,128,0,"[0,0,13,3,13,2,13,2,13,2,13,2,12,1,12,1,12,0,12,0,12,-1,12,-2,11,-2,12,-2,12,-3,12,-3,13,-3,13,-3,13,-3,14,-3,14,-3,14,-2,14,-2,13,-1,13,0,13,1,13,2,0,0,0,0,0,0,0,0,0,0,0,0,0,0,0,0,0,0,0,0,0,0,10,1,11,1,11,2,11,3,11,4,11,4,11,5,11,6,10,6,10,6,10,6,10,6,10,6,10,6,10,5,10,5,10,5,11,4,11,4,11,4,12,3,12,3,13,3,13,3,13,3,13,3]"
2025-08-18 22:37:41.919822,CSI_DATA,311,1a:00:00:00:00:00,-43,11,0,0,0,0,0,0,0,0,0,-94,0,1,0,56204281,0,31,0,128,0,"[0,0,-12,-7,-12,-8,-12,-7,-12,-7,-12,-7,-12,-7,-12,-6,-12,-5,-12,-5,-12,-4,-12,-3,-12,-3,-12,-2,-13,-1,-14,-2,-13,-2,-13,-1,-14,-3,-15,-3,-14,-2,-15,-3,-14,-4,-13,-4,-13,-5,-13,-5,-12,-7,0,0,0,0,0,0,0,0,0,0,0,0,0,0,0,0,0,0,0,0,0,0,-10,-5,-10,-6,-10,-7,-10,-7,-10,-8,-10,-9,-9,-9,-9,-10,-8,-10,-8,-10,-8,-10,-8,-10,-8,-10,-8,-9,-8,-9,-8,-9,-9,-9,-9,-8,-10,-8,-10,-8,-11,-8,-11,-8,-12,-7,-12,-7,-12,-8,-12,-7]"
2025-08-18 22:37:41.981691,CSI_DATA,312,1a:00:00:00:00:00,-43,11,0,0,0,0,0,0,0,0,0,-94,0,1,0,56264746,0,42,0,128,0,"[0,0,-11,-9,-12,-9,-11,-8,-12,-9,-11,-8,-11,-8,-11,-7,-11,-7,-11,-6,-12,-5,-12,-5,-12,-4,-12,-4,-12,-4,-13,-3,-13,-3,-14,-4,-13,-3,-14,-4,-14,-4,-13,-5,-13,-5,-13,-6,-13,-6,-12,-7,-12,-7,0,0,0,0,0,0,0,0,0,0,0,0,0,0,0,0,0,0,0,0,0,0,-9,-6,-9,-7,-9,-8,-8,-8,-9,-10,-8,-10,-8,-10,-7,-11,-7,-11,-7,-11,-7,-11,-7,-11,-7,-11,-7,-10,-7,-10,-8,-10,-8,-9,-9,-10,-8,-9,-9,-9,-10,-10,-10,-9,-11,-9,-11,-9,-11,-9,-11,-9]"
2025-08-18 22:37:42.034356,CSI_DATA,313,1a:00:00:00:00:00,-43,11,0,0,0,0,0,0,0,0,0,-94,0,1,0,56326027,0,31,0,128,0,"[0,0,13,1,14,0,12,0,13,0,13,0,12,0,12,-1,12,-1,12,-2,12,-3,12,-3,11,-3,11,-4,11,-4,12,-5,12,-5,12,-5,13,-5,13,-5,13,-4,13,-3,13,-3,14,-2,14,-2,13,-1,13,0,0,0,0,0,0,0,0,0,0,0,0,0,0,0,0,0,0,0,0,0,0,0,10,-2,10,-1,11,0,11,1,12,1,11,2,12,3,12,3,11,4,11,4,11,4,11,4,11,4,11,4,10,3,11,3,11,2,11,2,11,2,12,2,12,1,12,1,13,1,13,1,13,1,13,0]"
2025-08-18 22:37:42.235925,CSI_DATA,314,1a:00:00:00:00:00,-43,11,0,0,0,0,0,0,0,0,0,-94,0,1,0,56526890,0,31,0,128,0,"[0,0,-1,14,-1,13,0,13,0,13,0,13,0,13,1,12,1,12,2,12,3,11,3,11,4,11,4,11,4,11,5,11,5,11,5,12,5,12,5,13,4,13,4,13,3,13,3,13,2,13,1,12,1,13,0,0,0,0,0,0,0,0,0,0,0,0,0,0,0,0,0,0,0,0,0,0,1,10,0,10,-1,11,-1,11,-2,12,-2,12,-3,12,-4,12,-4,12,-5,11,-5,11,-4,11,-4,11,-4,11,-4,11,-4,11,-3,11,-2,12,-2,12,-2,12,-2,12,-1,13,-1,13,-1,14,-1,14,0,13]"
2025-08-18 22:37:42.643830,CSI_DATA,315,1a:00:00:00:00:00,-43,11,0,0,0,0,0,0,0,0,0,-94,0,1,0,56727997,0,31,0,128,0,"[0,0,12,-7,12,-7,11,-7,11,-7,11,-8,10,-7,10,-8,9,-8,9,-8,8,-9,8,-9,8,-10,8,-10,8,-11,7,-11,7,-11,7,-11,8,-12,8,-12,9,-12,9,-11,9,-11,10,-10,10,-9,10,-9,11,-8,0,0,0,0,0,0,0,0,0,0,0,0,0,0,0,0,0,0,0,0,0,0,9,-6,9,-6,10,-5,11,-5,11,-4,12,-4,12,-3,12,-3,12,-3,12,-2,12,-2,12,-2,12,-2,11,-2,12,-3,11,-3,11,-3,11,-4,12,-5,11,-5,11,-6,12,-6,11,-6,12,-6,12,-7,12,-7]"
2025-08-18 22:37:42.659616,CSI_DATA,316,1a:00:00:00:00:00,-43,11,0,0,0,0,0,0,0,0,0,-94,0,1,0,56929326,0,31,0,128,0,"[0,0,-14,-2,-14,-2,-14,-2,-13,-1,-13,-1,-13,-1,-13,-1,-13,0,-13,1,-12,1,-12,2,-12,2,-12,3,-12,3,-12,4,-13,4,-13,4,-13,4,-14,4,-14,3,-14,3,-14,2,-14,2,-14,1,-14,0,-14,-1,0,0,0,0,0,0,0,0,0,0,0,0,0,0,0,0,0,0,0,0,0,0,-11,-1,-12,-2,-12,-2,-12,-3,-12,-4,-12,-4,-12,-5,-12,-6,-12,-6,-11,-6,-11,-6,-11,-6,-11,-6,-11,-6,-11,-5,-11,-5,-12,-5,-12,-4,-12,-4,-12,-3,-13,-3,-13,-3,-13,-2,-14,-2,-14,-2,-14,-2]"
2025-08-18 22:37:42.836015,CSI_DATA,317,1a:00:00:00:00:00,-43,11,0,0,0,0,0,0,0,0,0,-94,0,1,0,57130484,0,31,0,128,0,"[0,0,13,6,12,5,12,5,12,5,12,5,12,4,11,4,11,3,11,3,11,2,12,1,12,1,12,0,12,0,12,-1,13,-1,13,0,14,0,14,0,14,1,14,1,13,2,13,2,13,3,13,3,13,4,0,0,0,0,0,0,0,0,0,0,0,0,0,0,0,0,0,0,0,0,0,0,10,3,10,4,10,5,10,5,10,6,10,7,9,8,9,8,9,8,8,8,8,8,8,8,8,8,8,8,8,8,8,7,9,7,9,6,10,7,10,6,11,6,11,6,12,6,12,6,12,5,13,5]"
2025-08-18 22:37:43.047820,CSI_DATA,318,1a:00:00:00:00:00,-43,11,0,0,0,0,0,0,0,0,0,-94,0,1,0,57331560,0,31,0,128,0,"[0,0,-12,-8,-12,-8,-12,-8,-12,-7,-12,-7,-12,-7,-12,-6,-12,-5,-12,-5,-12,-4,-12,-4,-12,-3,-13,-3,-13,-3,-13,-2,-14,-2,-14,-2,-14,-2,-15,-2,-15,-3,-15,-3,-14,-4,-14,-5,-14,-6,-13,-6,-13,-7,0,0,0,0,0,0,0,0,0,0,0,0,0,0,0,0,0,0,0,0,0,0,-10,-5,-10,-6,-10,-7,-10,-8,-10,-8,-10,-9,-9,-10,-9,-10,-9,-10,-8,-10,-8,-11,-8,-11,-8,-10,-8,-10,-8,-10,-8,-9,-9,-9,-9,-8,-10,-9,-10,-8,-11,-8,-11,-8,-12,-8,-12,-8,-12,-8,-12,-8]"
2025-08-18 22:37:43.242388,CSI_DATA,319,1a:00:00:00:00:00,-43,11,0,0,0,0,0,0,0,0,0,-94,0,1,0,57532834,0,31,0,128,0,"[0,0,14,-1,13,-2,13,-2,13,-2,13,-2,12,-2,12,-3,12,-3,11,-4,11,-4,11,-5,11,-5,11,-6,11,-6,11,-7,11,-7,11,-7,12,-7,12,-7,12,-7,13,-6,13,-6,13,-5,13,-4,13,-3,13,-2,0,0,0,0,0,0,0,0,0,0,0,0,0,0,0,0,0,0,0,0,0,0,10,-3,11,-2,11,-1,12,-1,11,0,12,0,12,1,12,2,12,2,12,3,11,3,11,3,11,3,11,2,11,2,11,1,11,1,11,0,12,0,12,0,12,0,13,-1,13,-1,13,-1,13,-1,13,-2]"
2025-08-18 22:37:43.444066,CSI_DATA,320,1a:00:00:00:00:00,-43,11,0,0,0,0,0,0,0,0,0,-94,0,1,0,57733941,0,31,0,128,0,"[0,0,13,-3,12,-3,13,-3,12,-4,12,-4,12,-4,11,-4,11,-5,10,-5,10,-6,10,-6,9,-7,9,-7,9,-8,9,-8,10,-9,10,-8,11,-9,11,-9,11,-8,11,-8,12,-7,12,-7,12,-6,12,-5,12,-4,0,0,0,0,0,0,0,0,0,0,0,0,0,0,0,0,0,0,0,0,0,0,9,-4,10,-3,11,-2,11,-2,11,-1,12,-1,12,0,12,0,12,1,12,1,11,1,11,2,11,1,11,1,11,1,11,0,11,0,11,-1,12,-1,12,-2,12,-2,12,-2,12,-3,13,-3,13,-3,13,-3]"
2025-08-18 22:37:43.567050,CSI_DATA,321,1a:00:00:00:00:00,-43,11,0,0,0,0,0,0,0,0,0,-94,0,1,0,57794370,0,42,0,128,0,"[0,0,-12,8,-12,7,-12,7,-11,7,-11,7,-11,7,-10,8,-9,8,-9,8,-8,8,-8,9,-8,9,-8,10,-7,10,-7,10,-8,11,-7,11,-8,11,-9,11,-9,11,-9,11,-10,10,-10,10,-10,9,-11,8,-11,8,0,0,0,0,0,0,0,0,0,0,0,0,0,0,0,0,0,0,0,0,0,0,-8,7,-9,6,-10,6,-11,5,-11,5,-12,5,-12,4,-12,4,-13,3,-12,3,-13,3,-12,2,-12,3,-12,3,-12,3,-12,3,-12,4,-11,4,-12,5,-12,5,-12,6,-12,6,-12,7,-12,7,-12,7,-12,8]"
2025-08-18 22:37:43.571251,CSI_DATA,322,1a:00:00:00:00:00,-43,11,0,0,0,0,0,0,0,0,0,-94,0,1,0,57861487,0,31,0,128,0,"[0,0,12,7,11,6,11,6,11,6,11,5,11,5,11,5,11,4,11,4,11,3,11,2,11,2,12,1,12,1,12,1,13,1,13,1,13,1,14,1,14,2,14,3,13,3,13,4,12,4,12,5,12,6,0,0,0,0,0,0,0,0,0,0,0,0,0,0,0,0,0,0,0,0,0,0,9,3,9,4,9,5,9,6,9,6,9,7,9,8,9,9,8,9,8,9,8,9,8,8,8,9,8,8,8,8,8,8,8,7,9,7,9,7,10,7,10,7,10,7,11,6,12,6,11,7,12,6]"
2025-08-18 22:37:43.773429,CSI_DATA,323,1a:00:00:00:00:00,-43,11,0,0,0,0,0,0,0,0,0,-94,0,1,0,58062691,0,31,0,128,0,"[0,0,-8,11,-8,11,-8,11,-7,11,-7,11,-6,11,-6,11,-5,11,-4,11,-4,11,-4,11,-3,11,-3,11,-2,12,-2,12,-2,12,-2,13,-2,13,-2,13,-3,14,-3,13,-4,13,-5,13,-5,13,-6,12,-6,11,0,0,0,0,0,0,0,0,0,0,0,0,0,0,0,0,0,0,0,0,0,0,-6,9,-6,9,-7,9,-8,9,-9,9,-9,8,-10,8,-10,8,-10,8,-11,7,-11,7,-11,6,-10,7,-10,7,-10,7,-9,7,-9,8,-9,8,-9,9,-8,9,-8,10,-8,10,-8,11,-8,11,-8,11,-8,11]"
2025-08-18 22:37:43.990887,CSI_DATA,324,1a:00:00:00:00:00,-43,11,0,0,0,0,0,0,0,0,0,-94,0,1,0,58263821,0,31,0,128,0,"[0,0,-13,-7,-13,-7,-13,-7,-13,-6,-12,-6,-12,-6,-12,-6,-12,-5,-12,-4,-13,-3,-12,-3,-13,-2,-13,-2,-13,-1,-13,-1,-14,-1,-14,-1,-14,-1,-15,-2,-15,-2,-15,-3,-14,-4,-14,-4,-14,-4,-14,-5,-13,-6,0,0,0,0,0,0,0,0,0,0,0,0,0,0,0,0,0,0,0,0,0,0,-11,-5,-11,-5,-10,-6,-10,-7,-10,-8,-10,-9,-10,-9,-10,-10,-9,-10,-9,-10,-9,-10,-9,-9,-9,-9,-9,-9,-9,-9,-9,-9,-9,-8,-10,-8,-10,-8,-11,-8,-11,-8,-12,-8,-12,-7,-13,-7,-13,-7,-13,-7]"
2025-08-18 22:37:44.169529,CSI_DATA,325,1a:00:00:00:00:00,-43,11,0,0,0,0,0,0,0,0,0,-94,0,1,0,58465063,0,31,0,128,0,"[0,0,11,7,11,6,11,6,11,6,11,6,11,5,11,5,11,4,11,3,11,3,11,2,11,2,11,2,11,1,12,1,12,0,13,1,13,1,13,1,13,1,13,2,13,2,13,4,12,4,12,5,11,5,0,0,0,0,0,0,0,0,0,0,0,0,0,0,0,0,0,0,0,0,0,0,9,4,9,5,9,6,9,7,9,7,8,8,8,8,8,9,8,9,7,9,7,9,7,9,7,9,7,9,7,8,7,8,8,8,8,7,9,7,9,7,10,7,10,7,10,7,11,7,11,7,11,7]"
2025-08-18 22:37:44.382873,CSI_DATA,326,1a:00:00:00:00:00,-43,11,0,0,0,0,0,0,0,0,0,-94,0,1,0,58666185,0,31,0,128,0,"[0,0,-9,-12,-9,-11,-9,-11,-9,-11,-9,-11,-9,-10,-9,-10,-9,-9,-10,-8,-10,-8,-10,-8,-10,-7,-11,-7,-11,-7,-12,-6,-12,-6,-12,-7,-13,-7,-13,-7,-13,-8,-12,-8,-12,-9,-11,-9,-11,-10,-10,-10,-10,-10,0,0,0,0,0,0,0,0,0,0,0,0,0,0,0,0,0,0,0,0,0,0,-8,-8,-7,-9,-7,-10,-7,-10,-6,-11,-6,-12,-6,-12,-5,-12,-5,-12,-4,-12,-4,-12,-4,-12,-4,-12,-4,-12,-4,-12,-5,-11,-5,-11,-6,-11,-6,-11,-7,-11,-7,-11,-8,-11,-8,-11,-8,-12,-8,-11,-8,-12]"
2025-08-18 22:37:44.582958,CSI_DATA,327,1a:00:00:00:00:00,-43,11,0,0,0,0,0,0,0,0,0,-94,0,1,0,58867336,0,31,0,128,0,"[0,0,-2,-14,-2,-14,-2,-14,-3,-14,-3,-13,-3,-13,-3,-13,-4,-12,-4,-12,-5,-12,-5,-11,-6,-11,-6,-11,-7,-11,-7,-11,-8,-11,-8,-12,-8,-12,-8,-12,-7,-13,-7,-13,-6,-13,-6,-13,-5,-13,-4,-13,-4,-13,0,0,0,0,0,0,0,0,0,0,0,0,0,0,0,0,0,0,0,0,0,0,-2,-11,-2,-11,-1,-12,0,-12,0,-12,1,-13,1,-13,2,-13,2,-13,3,-12,3,-12,3,-12,2,-12,2,-12,2,-12,1,-12,1,-12,0,-12,0,-13,-1,-13,-1,-13,-1,-13,-1,-14,-1,-14,-2,-14,-2,-14]"
2025-08-18 22:37:44.779486,CSI_DATA,328,1a:00:00:00:00:00,-43,11,0,0,0,0,0,0,0,0,0,-94,0,1,0,59068925,0,31,0,128,0,"[0,0,-12,9,-11,9,-11,9,-11,9,-10,9,-10,9,-10,9,-9,9,-8,9,-8,10,-7,10,-7,10,-7,11,-6,11,-6,11,-6,12,-6,12,-7,13,-7,12,-7,12,-8,12,-8,11,-10,11,-9,10,-10,10,-11,9,0,0,0,0,0,0,0,0,0,0,0,0,0,0,0,0,0,0,0,0,0,0,-8,8,-9,8,-10,7,-10,7,-11,6,-12,6,-12,6,-12,5,-13,5,-12,4,-12,4,-12,4,-12,4,-12,4,-12,4,-11,5,-11,5,-11,6,-11,6,-11,7,-11,7,-11,8,-11,8,-11,8,-11,8,-12,9]"
2025-08-18 22:37:44.982306,CSI_DATA,329,1a:00:00:00:00:00,-43,11,0,0,0,0,0,0,0,0,0,-94,0,1,0,59269846,0,31,0,128,0,"[0,0,4,-13,3,-14,3,-13,3,-13,3,-13,2,-13,2,-13,1,-13,1,-12,0,-12,-1,-12,-1,-12,-1,-13,-2,-13,-2,-13,-3,-13,-2,-14,-2,-14,-2,-14,-1,-14,-1,-14,0,-15,0,-14,1,-14,1,-14,2,-13,0,0,0,0,0,0,0,0,0,0,0,0,0,0,0,0,0,0,0,0,0,0,1,-11,2,-11,3,-11,4,-11,4,-11,5,-12,6,-11,6,-11,6,-11,7,-10,7,-10,7,-10,7,-10,6,-10,6,-10,5,-10,5,-11,5,-11,5,-12,5,-12,4,-12,4,-12,4,-13,4,-13,4,-13,4,-13]"
2025-08-18 22:37:45.040830,CSI_DATA,330,1a:00:00:00:00:00,-43,11,0,0,0,0,0,0,0,0,0,-94,0,1,0,59330270,0,42,0,128,0,"[0,0,8,-11,8,-12,8,-11,8,-12,7,-11,7,-11,6,-11,6,-11,5,-11,4,-12,4,-12,3,-12,3,-13,3,-13,3,-13,3,-13,3,-14,3,-14,3,-14,4,-14,4,-14,5,-14,5,-13,6,-13,6,-12,7,-12,0,0,0,0,0,0,0,0,0,0,0,0,0,0,0,0,0,0,0,0,0,0,5,-10,6,-10,7,-9,8,-9,8,-9,9,-9,9,-8,10,-8,10,-8,11,-7,10,-7,10,-7,10,-7,10,-7,9,-7,9,-8,9,-8,9,-9,8,-9,8,-9,8,-10,8,-10,8,-11,8,-11,8,-11,8,-11]"
2025-08-18 22:37:45.112575,CSI_DATA,331,1a:00:00:00:00:00,-43,11,0,0,0,0,0,0,0,0,0,-94,0,1,0,59398223,0,31,0,128,0,"[0,0,-1,-14,-1,-14,-1,-14,-1,-14,-2,-13,-2,-13,-2,-13,-3,-12,-3,-12,-4,-12,-5,-11,-5,-12,-6,-12,-6,-12,-6,-11,-6,-12,-6,-12,-7,-13,-7,-13,-6,-13,-6,-14,-5,-14,-4,-14,-4,-14,-3,-14,-2,-14,0,0,0,0,0,0,0,0,0,0,0,0,0,0,0,0,0,0,0,0,0,0,-2,-11,-2,-11,-1,-12,0,-12,0,-12,1,-13,2,-13,2,-13,3,-13,3,-12,3,-12,3,-12,3,-12,2,-12,2,-12,2,-12,1,-12,1,-12,1,-13,0,-13,0,-13,0,-13,-1,-14,-1,-14,-1,-14,-1,-14]"
2025-08-18 22:37:45.316269,CSI_DATA,332,1a:00:00:00:00:00,-43,11,0,0,0,0,0,0,0,0,0,-94,0,1,0,59599356,0,31,0,128,0,"[0,0,-10,-10,-10,-11,-10,-10,-10,-10,-10,-9,-10,-9,-11,-9,-10,-8,-11,-7,-11,-7,-11,-6,-11,-6,-12,-5,-12,-5,-13,-5,-13,-5,-13,-5,-13,-5,-14,-6,-13,-6,-13,-7,-13,-7,-13,-8,-12,-8,-11,-8,-11,-9,0,0,0,0,0,0,0,0,0,0,0,0,0,0,0,0,0,0,0,0,0,0,-9,-7,-8,-8,-8,-9,-8,-10,-8,-10,-7,-11,-7,-12,-6,-12,-6,-12,-5,-12,-5,-12,-5,-12,-5,-12,-6,-11,-6,-11,-6,-11,-7,-10,-7,-11,-7,-11,-8,-10,-8,-11,-9,-10,-10,-11,-10,-11,-10,-11,-10,-10]"
2025-08-18 22:37:45.518217,CSI_DATA,333,1a:00:00:00:00:00,-43,11,0,0,0,0,0,0,0,0,0,-94,0,1,0,59802132,0,31,0,128,0,"[0,0,-4,-14,-4,-14,-4,-14,-4,-14,-5,-13,-4,-13,-5,-13,-5,-12,-5,-12,-6,-11,-7,-11,-7,-11,-8,-11,-8,-10,-9,-10,-9,-11,-9,-11,-9,-12,-9,-12,-8,-12,-8,-13,-7,-13,-7,-13,-6,-13,-6,-13,-5,-13,0,0,0,0,0,0,0,0,0,0,0,0,0,0,0,0,0,0,0,0,0,0,-5,-10,-5,-11,-4,-12,-3,-12,-3,-13,-2,-13,-1,-14,-1,-13,0,-13,0,-13,0,-13,0,-13,0,-13,-1,-13,-1,-12,-1,-12,-2,-12,-2,-13,-2,-13,-3,-13,-3,-13,-3,-14,-4,-14,-4,-14,-4,-14,-4,-14]"
2025-08-18 22:37:45.915387,CSI_DATA,334,1a:00:00:00:00:00,-43,11,0,0,0,0,0,0,0,0,0,-94,0,1,0,60001691,0,31,0,128,0,"[0,0,-13,5,-14,5,-13,5,-13,5,-12,5,-12,5,-12,5,-11,6,-11,6,-10,7,-10,7,-9,7,-9,8,-9,8,-10,8,-9,8,-10,9,-10,9,-11,9,-11,9,-11,8,-12,7,-12,7,-12,7,-12,6,-12,5,0,0,0,0,0,0,0,0,0,0,0,0,0,0,0,0,0,0,0,0,0,0,-9,5,-10,4,-11,4,-11,3,-12,3,-12,2,-13,2,-13,1,-13,1,-13,0,-13,0,-12,0,-12,1,-12,1,-12,1,-12,1,-12,1,-12,2,-12,2,-12,3,-13,3,-13,4,-13,5,-13,5,-13,5,-13,5]"
2025-08-18 22:37:45.921812,CSI_DATA,335,1a:00:00:00:00:00,-43,11,0,0,0,0,0,0,0,0,0,-94,0,1,0,60202812,0,31,0,128,0,"[0,0,-14,1,-14,1,-14,1,-14,1,-13,1,-13,2,-12,2,-12,2,-12,3,-12,4,-11,4,-11,4,-11,5,-11,5,-12,6,-12,6,-12,6,-12,6,-13,6,-13,6,-13,5,-13,5,-14,4,-13,4,-14,3,-14,2,0,0,0,0,0,0,0,0,0,0,0,0,0,0,0,0,0,0,0,0,0,0,-11,1,-11,1,-12,0,-12,-1,-13,-2,-12,-2,-13,-3,-13,-3,-13,-4,-12,-4,-12,-4,-12,-4,-12,-4,-12,-4,-12,-3,-12,-3,-12,-2,-12,-2,-12,-2,-13,-1,-13,-1,-13,-1,-14,0,-14,0,-14,0,-14,0]"
2025-08-18 22:37:46.114313,CSI_DATA,336,1a:00:00:00:00:00,-43,11,0,0,0,0,0,0,0,0,0,-94,0,1,0,60404171,0,31,0,128,0,"[0,0,13,-2,12,-3,13,-3,12,-3,12,-3,12,-3,11,-4,11,-4,11,-5,10,-5,10,-6,10,-6,10,-6,10,-7,10,-7,10,-8,10,-8,11,-8,12,-7,12,-7,12,-7,12,-6,12,-5,12,-5,13,-4,13,-3,0,0,0,0,0,0,0,0,0,0,0,0,0,0,0,0,0,0,0,0,0,0,9,-4,10,-3,10,-2,11,-2,11,-2,12,-1,12,0,12,0,12,1,11,1,11,1,11,1,11,1,11,1,11,1,11,0,11,0,11,-1,12,-1,12,-1,12,-1,12,-2,12,-2,13,-3,13,-3,13,-3]"
2025-08-18 22:37:46.321828,CSI_DATA,337,1a:00:00:00:00:00,-43,11,0,0,0,0,0,0,0,0,0,-94,0,1,0,60605301,0,31,0,128,0,"[0,0,-9,-12,-9,-12,-8,-12,-9,-11,-9,-11,-9,-11,-9,-10,-9,-10,-9,-9,-10,-8,-10,-8,-10,-7,-11,-7,-11,-7,-12,-7,-12,-7,-12,-7,-13,-7,-13,-8,-13,-8,-12,-8,-12,-9,-12,-9,-11,-10,-10,-10,-10,-11,0,0,0,0,0,0,0,0,0,0,0,0,0,0,0,0,0,0,0,0,0,0,-7,-9,-7,-10,-6,-10,-6,-11,-6,-12,-5,-12,-5,-12,-4,-13,-4,-13,-4,-13,-3,-13,-4,-12,-4,-12,-4,-12,-4,-12,-4,-12,-5,-12,-5,-11,-6,-12,-6,-12,-7,-12,-7,-12,-8,-12,-8,-12,-8,-12,-9,-12]"
2025-08-18 22:37:46.520289,CSI_DATA,338,1a:00:00:00:00:00,-43,11,0,0,0,0,0,0,0,0,0,-94,0,1,0,60806413,0,31,0,128,0,"[0,0,3,-14,3,-13,3,-14,3,-13,2,-13,2,-13,1,-13,1,-12,0,-12,-1,-12,-1,-12,-2,-12,-2,-13,-3,-13,-3,-13,-3,-13,-3,-13,-3,-14,-3,-14,-2,-14,-2,-14,-1,-14,-1,-14,0,-14,0,-14,1,-14,0,0,0,0,0,0,0,0,0,0,0,0,0,0,0,0,0,0,0,0,0,0,2,-11,3,-11,3,-11,4,-11,5,-11,6,-11,6,-11,6,-11,7,-11,7,-10,7,-10,7,-10,7,-10,6,-10,6,-10,5,-10,5,-11,4,-11,5,-12,4,-12,4,-12,4,-12,3,-13,3,-13,3,-13,3,-14]"
2025-08-18 22:37:46.579043,CSI_DATA,339,1a:00:00:00:00:00,-43,11,0,0,0,0,0,0,0,0,0,-94,0,1,0,60866678,0,42,0,128,0,"[0,0,-15,2,-14,1,-14,2,-14,2,-13,2,-13,3,-13,3,-12,3,-12,4,-12,5,-11,5,-11,6,-11,6,-11,7,-11,7,-11,7,-12,7,-12,8,-13,7,-13,7,-13,7,-13,6,-13,5,-13,5,-13,4,-14,3,0,0,0,0,0,0,0,0,0,0,0,0,0,0,0,0,0,0,0,0,0,0,-11,2,-11,1,-12,0,-12,0,-13,0,-13,-1,-13,-2,-13,-3,-13,-3,-13,-3,-13,-3,-12,-3,-12,-3,-12,-3,-12,-2,-12,-2,-12,-1,-12,-1,-13,-1,-13,0,-13,0,-13,1,-14,1,-14,1,-14,1,-14,2]"
2025-08-18 22:37:46.644036,CSI_DATA,340,1a:00:00:00:00:00,-43,11,0,0,0,0,0,0,0,0,0,-94,0,1,0,60933942,0,31,0,128,0,"[0,0,11,-8,11,-8,11,-8,10,-8,10,-8,9,-8,9,-8,8,-9,8,-9,7,-9,7,-9,7,-10,7,-10,6,-11,6,-11,6,-11,6,-12,7,-12,7,-12,8,-12,8,-12,9,-11,9,-11,9,-10,10,-9,10,-9,0,0,0,0,0,0,0,0,0,0,0,0,0,0,0,0,0,0,0,0,0,0,8,-7,9,-6,9,-6,10,-5,10,-5,11,-5,11,-4,11,-4,11,-3,11,-3,11,-3,11,-2,11,-3,11,-3,11,-3,10,-4,11,-4,10,-5,11,-5,11,-6,11,-6,11,-7,11,-7,11,-7,11,-7,11,-8]"
2025-08-18 22:37:46.845050,CSI_DATA,341,1a:00:00:00:00:00,-43,11,0,0,0,0,0,0,0,0,0,-94,0,1,0,61135041,0,31,0,128,0,"[0,0,14,-3,13,-3,13,-3,12,-3,13,-4,12,-4,12,-4,11,-5,11,-5,10,-5,10,-6,10,-7,10,-7,10,-8,10,-8,10,-8,10,-8,11,-9,11,-8,12,-8,12,-7,12,-7,12,-6,12,-6,12,-5,13,-4,0,0,0,0,0,0,0,0,0,0,0,0,0,0,0,0,0,0,0,0,0,0,10,-4,11,-3,11,-2,12,-2,11,-1,12,-1,12,0,12,1,12,1,12,1,12,1,12,2,12,1,11,1,12,1,11,0,12,0,11,-1,12,-1,12,-2,12,-2,13,-2,13,-3,13,-3,13,-3,14,-3]"
2025-08-18 22:37:47.056681,CSI_DATA,342,1a:00:00:00:00:00,-43,11,0,0,0,0,0,0,0,0,0,-94,0,1,0,61337906,0,31,0,128,0,"[0,0,3,-14,3,-14,2,-14,2,-13,2,-13,1,-13,1,-13,0,-13,0,-12,-1,-12,-2,-12,-2,-12,-2,-12,-3,-12,-3,-13,-3,-13,-3,-13,-3,-14,-3,-14,-3,-14,-2,-14,-1,-14,-1,-14,0,-14,0,-14,1,-14,0,0,0,0,0,0,0,0,0,0,0,0,0,0,0,0,0,0,0,0,0,0,1,-11,2,-11,2,-11,3,-11,4,-11,4,-12,5,-12,6,-11,6,-11,6,-11,6,-11,6,-10,6,-10,6,-10,5,-11,5,-11,5,-11,4,-11,4,-12,4,-12,4,-12,3,-13,3,-13,3,-13,3,-13,3,-14]"
2025-08-18 22:37:47.247764,CSI_DATA,343,1a:00:00:00:00:00,-43,11,0,0,0,0,0,0,0,0,0,-94,0,1,0,61537578,0,31,0,128,0,"[0,0,-12,7,-12,7,-12,7,-11,7,-11,8,-11,7,-10,8,-9,8,-9,8,-8,8,-8,9,-8,9,-8,9,-7,10,-7,10,-7,11,-7,11,-8,11,-8,11,-8,11,-9,11,-9,10,-9,10,-10,9,-10,8,-11,8,0,0,0,0,0,0,0,0,0,0,0,0,0,0,0,0,0,0,0,0,0,0,-9,6,-9,6,-10,5,-11,5,-11,4,-12,4,-12,4,-12,3,-13,3,-13,2,-13,2,-12,2,-12,2,-12,2,-12,3,-11,3,-12,4,-11,4,-12,5,-11,5,-12,5,-12,6,-12,6,-12,7,-12,7,-12,7]"
2025-08-18 22:37:47.451001,CSI_DATA,344,1a:00:00:00:00:00,-43,11,0,0,0,0,0,0,0,0,0,-94,0,1,0,61738648,0,31,0,128,0,"[0,0,5,-13,5,-14,4,-13,4,-13,4,-13,3,-13,3,-13,2,-13,2,-12,1,-13,1,-13,0,-13,0,-13,-1,-13,-1,-14,-1,-13,-1,-14,-1,-14,-1,-15,-1,-15,0,-15,1,-15,1,-15,2,-14,3,-14,3,-13,0,0,0,0,0,0,0,0,0,0,0,0,0,0,0,0,0,0,0,0,0,0,2,-11,3,-11,4,-11,5,-11,6,-11,6,-11,7,-11,7,-11,8,-10,8,-10,8,-10,8,-10,8,-10,7,-9,7,-10,7,-10,6,-10,6,-11,6,-11,5,-12,5,-12,5,-12,5,-13,5,-13,5,-13,5,-13]"
2025-08-18 22:37:47.649977,CSI_DATA,345,1a:00:00:00:00:00,-43,11,0,0,0,0,0,0,0,0,0,-94,0,1,0,61939766,0,31,0,128,0,"[0,0,8,-11,8,-11,8,-11,7,-11,7,-11,6,-11,6,-11,6,-11,5,-11,4,-11,4,-12,3,-12,3,-12,2,-13,2,-13,2,-13,2,-13,2,-14,3,-14,3,-14,4,-14,5,-14,5,-13,5,-13,6,-12,6,-12,0,0,0,0,0,0,0,0,0,0,0,0,0,0,0,0,0,0,0,0,0,0,5,-9,6,-9,7,-9,8,-9,8,-8,9,-8,10,-8,10,-8,10,-7,10,-7,10,-7,10,-7,10,-7,9,-7,9,-7,9,-7,9,-8,8,-8,9,-9,8,-9,8,-9,8,-10,8,-11,8,-11,8,-11,8,-11]"
2025-08-18 22:37:47.850098,CSI_DATA,346,1a:00:00:00:00:00,-43,11,0,0,0,0,0,0,0,0,0,-94,0,1,0,62140937,0,31,0,128,0,"[0,0,-4,13,-4,13,-4,12,-3,13,-3,12,-2,12,-2,12,-1,12,0,11,0,12,0,11,1,11,1,12,2,11,3,12,3,12,2,13,2,13,3,13,2,13,2,13,1,13,0,13,-1,13,-1,13,-2,13,0,0,0,0,0,0,0,0,0,0,0,0,0,0,0,0,0,0,0,0,0,0,-3,10,-3,10,-4,10,-5,10,-6,10,-6,10,-7,10,-7,10,-7,10,-8,9,-8,9,-8,9,-8,9,-7,9,-7,9,-6,9,-6,9,-6,10,-5,10,-5,11,-5,12,-4,12,-4,12,-5,12,-4,12,-4,13]"
2025-08-18 22:37:48.053288,CSI_DATA,347,1a:00:00:00:00:00,-43,11,0,0,0,0,0,0,0,0,0,-94,0,1,0,62342084,0,31,0,128,0,"[0,0,-13,6,-13,6,-13,6,-12,6,-12,6,-12,6,-11,6,-10,7,-10,7,-9,8,-9,8,-8,8,-8,9,-8,9,-8,9,-8,10,-9,10,-9,10,-10,10,-10,10,-10,9,-11,9,-11,8,-11,8,-11,7,-12,6,0,0,0,0,0,0,0,0,0,0,0,0,0,0,0,0,0,0,0,0,0,0,-8,6,-9,6,-10,5,-11,5,-11,5,-12,4,-12,3,-13,3,-13,3,-13,2,-12,2,-12,2,-12,2,-12,2,-12,2,-12,3,-12,3,-12,4,-12,4,-12,5,-12,5,-12,5,-12,6,-12,6,-12,6,-12,6]"
2025-08-18 22:37:48.116367,CSI_DATA,348,1a:00:00:00:00:00,-43,11,0,0,0,0,0,0,0,0,0,-94,0,1,0,62402546,0,42,0,128,0,"[0,0,0,-14,0,-14,0,-14,0,-14,0,-14,-1,-13,-1,-13,-2,-13,-2,-12,-3,-12,-3,-12,-4,-12,-5,-12,-5,-12,-5,-12,-5,-12,-6,-13,-6,-13,-5,-13,-5,-13,-5,-14,-4,-14,-4,-14,-3,-14,-2,-14,-1,-14,0,0,0,0,0,0,0,0,0,0,0,0,0,0,0,0,0,0,0,0,0,0,-1,-11,0,-11,1,-12,2,-12,2,-12,3,-12,4,-12,4,-12,4,-12,4,-12,4,-12,4,-11,4,-11,4,-11,4,-11,3,-11,3,-12,2,-12,2,-12,2,-13,2,-13,1,-13,1,-14,0,-14,1,-14,1,-14]"
2025-08-18 22:37:48.186730,CSI_DATA,349,1a:00:00:00:00:00,-43,11,0,0,0,0,0,0,0,0,0,-94,0,1,0,62469860,0,31,0,128,0,"[0,0,-9,-12,-9,-11,-9,-11,-9,-11,-9,-11,-9,-10,-9,-10,-9,-9,-9,-8,-10,-8,-10,-7,-10,-7,-11,-7,-11,-7,-12,-6,-12,-6,-12,-7,-13,-7,-13,-7,-12,-8,-12,-8,-12,-9,-11,-9,-11,-9,-10,-10,-10,-10,0,0,0,0,0,0,0,0,0,0,0,0,0,0,0,0,0,0,0,0,0,0,-8,-8,-7,-9,-7,-10,-7,-10,-6,-11,-6,-12,-5,-12,-5,-12,-4,-12,-4,-12,-4,-12,-4,-12,-4,-12,-4,-12,-4,-11,-5,-11,-5,-11,-6,-11,-6,-11,-7,-11,-7,-11,-7,-12,-8,-11,-8,-11,-8,-11,-8,-11]"
2025-08-18 22:37:48.379801,CSI_DATA,350,1a:00:00:00:00:00,-43,11,0,0,0,0,0,0,0,0,0,-94,0,1,0,62670922,0,31,0,128,0,"[0,0,-1,14,-1,13,-1,13,-1,13,0,13,0,12,0,12,1,12,1,12,2,11,2,11,3,11,3,11,4,12,4,11,5,12,4,12,5,12,5,12,4,13,4,13,3,13,2,13,1,13,1,13,0,13,0,0,0,0,0,0,0,0,0,0,0,0,0,0,0,0,0,0,0,0,0,0,0,10,-1,11,-2,11,-2,11,-3,11,-3,12,-4,12,-4,12,-5,12,-5,11,-6,11,-5,11,-5,11,-5,11,-5,11,-4,11,-4,11,-3,11,-3,12,-2,12,-2,12,-2,13,-1,13,-2,13,-2,13,-1,13]"
2025-08-18 22:37:48.596779,CSI_DATA,351,1a:00:00:00:00:00,-43,11,0,0,0,0,0,0,0,0,0,-94,0,1,0,62873641,0,31,0,128,0,"[0,0,7,-12,6,-12,6,-12,6,-12,5,-12,5,-12,4,-12,4,-12,3,-12,3,-12,2,-12,2,-12,1,-12,1,-13,1,-13,1,-13,1,-14,1,-14,1,-14,1,-14,2,-14,3,-14,3,-14,4,-13,4,-13,5,-12,0,0,0,0,0,0,0,0,0,0,0,0,0,0,0,0,0,0,0,0,0,0,4,-10,5,-10,6,-10,7,-10,7,-10,7,-9,8,-9,9,-9,9,-9,9,-8,9,-8,9,-8,9,-8,9,-8,8,-8,8,-8,8,-9,7,-9,7,-10,7,-10,7,-11,7,-11,7,-12,7,-12,7,-12,7,-12]"
2025-08-18 22:37:48.785402,CSI_DATA,352,1a:00:00:00:00:00,-43,11,0,0,0,0,0,0,0,0,0,-94,0,1,0,63073241,0,31,0,128,0,"[0,0,10,-9,10,-10,9,-10,10,-10,9,-10,9,-10,8,-10,7,-10,7,-10,6,-11,6,-11,5,-11,5,-11,5,-12,5,-13,5,-12,5,-13,5,-13,6,-13,6,-13,6,-13,7,-13,7,-12,8,-11,8,-11,9,-10,0,0,0,0,0,0,0,0,0,0,0,0,0,0,0,0,0,0,0,0,0,0,7,-9,8,-8,9,-8,9,-7,10,-7,10,-7,11,-6,11,-6,11,-6,12,-5,11,-5,11,-4,11,-5,11,-5,10,-5,10,-6,10,-6,10,-7,10,-7,10,-8,10,-8,10,-9,10,-9,10,-9,10,-9,10,-10]"
2025-08-18 22:37:48.991385,CSI_DATA,353,1a:00:00:00:00:00,-43,11,0,0,0,0,0,0,0,0,0,-94,0,1,0,63274373,0,31,0,128,0,"[0,0,-10,-11,-9,-11,-10,-10,-9,-10,-10,-10,-10,-9,-10,-9,-10,-8,-10,-8,-10,-7,-10,-6,-11,-6,-11,-6,-12,-6,-12,-5,-12,-6,-12,-6,-13,-6,-13,-6,-13,-7,-13,-7,-12,-8,-11,-8,-11,-9,-11,-9,-10,-10,0,0,0,0,0,0,0,0,0,0,0,0,0,0,0,0,0,0,0,0,0,0,-8,-7,-8,-8,-8,-9,-8,-10,-7,-10,-7,-11,-6,-11,-6,-12,-6,-12,-5,-12,-5,-12,-5,-11,-5,-11,-6,-11,-6,-11,-6,-10,-6,-11,-7,-10,-7,-11,-7,-10,-8,-10,-8,-11,-9,-10,-9,-10,-9,-11,-10,-10]"
2025-08-18 22:37:49.188196,CSI_DATA,354,1a:00:00:00:00:00,-43,11,0,0,0,0,0,0,0,0,0,-94,0,1,0,63423285,0,28,0,128,0,"[0,0,-10,-11,-10,-11,-10,-10,-10,-10,-10,-10,-10,-9,-10,-9,-10,-8,-10,-7,-11,-7,-11,-7,-11,-6,-12,-6,-12,-5,-13,-5,-13,-5,-13,-6,-13,-6,-14,-6,-13,-6,-13,-7,-13,-8,-12,-8,-12,-9,-11,-9,-10,-10,0,0,0,0,0,0,0,0,0,0,0,0,0,0,0,0,0,0,0,0,0,0,-9,-7,-9,-8,-8,-9,-8,-10,-8,-10,-7,-11,-7,-12,-7,-12,-6,-12,-6,-12,-5,-12,-5,-12,-5,-12,-5,-11,-6,-11,-6,-11,-7,-11,-7,-11,-8,-11,-8,-10,-8,-10,-9,-11,-10,-11,-10,-11,-10,-11,-10,-11]"
2025-08-18 22:37:49.194457,CSI_DATA,355,1a:00:00:00:00:00,-43,11,0,0,0,0,0,0,0,0,0,-94,0,1,0,63475591,0,31,0,128,0,"[0,0,-14,4,-14,4,-13,4,-13,4,-13,4,-12,5,-12,5,-11,5,-11,6,-11,6,-10,7,-10,7,-10,8,-10,8,-10,8,-10,9,-10,9,-11,9,-11,9,-11,9,-12,8,-12,8,-12,7,-13,6,-13,6,-13,5,0,0,0,0,0,0,0,0,0,0,0,0,0,0,0,0,0,0,0,0,0,0,-10,4,-11,4,-12,3,-12,3,-13,2,-12,1,-13,1,-13,0,-13,0,-13,0,-13,0,-13,-1,-13,-1,-13,0,-12,0,-12,0,-12,1,-12,1,-13,2,-13,2,-13,3,-13,3,-13,4,-14,4,-14,4,-14,4]"
2025-08-18 22:37:49.393367,CSI_DATA,356,1a:00:00:00:00:00,-43,11,0,0,0,0,0,0,0,0,0,-94,0,1,0,63676945,0,31,0,128,0,"[0,0,-9,-11,-9,-11,-9,-11,-9,-10,-9,-10,-9,-10,-9,-9,-10,-9,-10,-8,-10,-7,-11,-7,-11,-6,-11,-6,-11,-6,-12,-6,-12,-6,-12,-6,-13,-6,-13,-7,-13,-7,-13,-8,-12,-8,-12,-8,-11,-9,-11,-9,-10,-9,0,0,0,0,0,0,0,0,0,0,0,0,0,0,0,0,0,0,0,0,0,0,-8,-8,-8,-9,-7,-9,-7,-10,-7,-11,-6,-11,-6,-12,-6,-12,-5,-12,-5,-12,-5,-12,-5,-12,-5,-12,-5,-11,-5,-11,-5,-11,-6,-11,-6,-11,-7,-11,-7,-11,-7,-11,-8,-11,-9,-11,-9,-11,-9,-11,-9,-11]"
2025-08-18 22:37:49.593497,CSI_DATA,357,1a:00:00:00:00:00,-43,11,0,0,0,0,0,0,0,0,0,-94,0,1,0,63878001,0,31,0,128,0,"[0,0,-13,-6,-13,-6,-13,-5,-13,-5,-13,-5,-12,-4,-12,-4,-12,-3,-12,-3,-12,-2,-12,-1,-12,-1,-13,-1,-13,0,-13,0,-13,0,-13,0,-14,0,-14,0,-15,-1,-14,-1,-14,-2,-14,-3,-14,-3,-14,-4,-13,-5,0,0,0,0,0,0,0,0,0,0,0,0,0,0,0,0,0,0,0,0,0,0,-11,-3,-11,-4,-11,-5,-11,-6,-11,-6,-11,-7,-11,-8,-11,-8,-10,-8,-10,-8,-10,-8,-10,-8,-9,-8,-10,-8,-10,-8,-10,-7,-10,-7,-11,-6,-11,-7,-11,-6,-12,-6,-12,-6,-12,-6,-13,-6,-13,-6,-13,-5]"
2025-08-18 22:37:49.648723,CSI_DATA,358,1a:00:00:00:00:00,-43,11,0,0,0,0,0,0,0,0,0,-94,0,1,0,63938441,0,42,0,128,0,"[0,0,8,-11,8,-11,8,-11,8,-11,7,-11,7,-11,6,-11,5,-12,5,-11,4,-12,4,-12,3,-12,3,-12,3,-13,2,-13,2,-13,3,-14,3,-14,3,-14,3,-14,4,-14,5,-14,5,-14,6,-13,6,-12,7,-12,0,0,0,0,0,0,0,0,0,0,0,0,0,0,0,0,0,0,0,0,0,0,5,-10,6,-9,7,-9,8,-9,9,-9,9,-9,10,-8,10,-8,10,-7,10,-7,10,-7,10,-6,10,-7,10,-7,9,-7,9,-7,9,-8,8,-8,9,-9,9,-9,8,-10,8,-10,8,-11,9,-11,9,-11,9,-11]"
2025-08-18 22:37:49.720630,CSI_DATA,359,1a:00:00:00:00:00,-43,11,0,0,0,0,0,0,0,0,0,-94,0,1,0,64006263,0,31,0,128,0,"[0,0,-15,-1,-14,-1,-14,-1,-13,-1,-14,-1,-13,0,-12,0,-13,1,-12,1,-12,2,-12,2,-12,3,-12,3,-12,4,-12,4,-13,5,-12,4,-13,5,-13,5,-14,4,-14,4,-14,3,-13,2,-14,2,-14,1,-14,0,0,0,0,0,0,0,0,0,0,0,0,0,0,0,0,0,0,0,0,0,0,0,-11,0,-12,-1,-11,-2,-12,-3,-12,-3,-13,-4,-12,-4,-12,-5,-12,-5,-11,-5,-12,-5,-11,-5,-11,-5,-11,-5,-12,-5,-11,-4,-12,-4,-11,-3,-13,-3,-12,-2,-13,-2,-13,-2,-13,-1,-14,-2,-14,-2,-14,-1]"
2025-08-18 22:37:49.917460,CSI_DATA,360,1a:00:00:00:00:00,-43,11,0,0,0,0,0,0,0,0,0,-94,0,1,0,64207336,0,31,0,128,0,"[0,0,-7,12,-7,12,-7,12,-6,12,-6,11,-6,11,-5,11,-4,11,-4,11,-3,11,-3,11,-2,11,-2,12,-1,12,-1,12,-1,12,-1,13,-1,13,-1,14,-2,14,-2,13,-3,13,-4,13,-4,13,-5,12,-5,12,0,0,0,0,0,0,0,0,0,0,0,0,0,0,0,0,0,0,0,0,0,0,-5,9,-6,9,-7,9,-8,9,-8,9,-9,9,-9,9,-10,8,-10,8,-10,7,-10,7,-10,7,-10,7,-10,7,-9,7,-9,8,-8,8,-8,9,-8,9,-8,10,-8,10,-7,11,-8,11,-8,11,-7,11,-7,11]"
2025-08-18 22:37:50.120274,CSI_DATA,361,1a:00:00:00:00:00,-43,11,0,0,0,0,0,0,0,0,0,-94,0,1,0,64408534,0,31,0,128,0,"[0,0,13,1,13,1,13,1,12,1,13,1,12,1,11,0,11,-1,12,-2,12,-2,12,-3,12,-4,11,-2,11,-4,11,-5,12,-5,11,-4,13,-4,13,-5,13,-5,14,-3,13,-3,13,-3,13,-2,13,-1,13,-1,0,0,0,0,0,0,0,0,0,0,0,0,0,0,0,0,0,0,0,0,0,0,10,0,10,1,10,2,11,3,11,3,11,4,11,4,11,5,11,5,10,5,10,5,10,5,10,5,10,5,10,5,10,4,10,4,11,3,11,3,11,3,12,3,12,2,13,2,13,2,13,2,13,1]"
2025-08-18 22:37:50.319723,CSI_DATA,362,1a:00:00:00:00:00,-43,11,0,0,0,0,0,0,0,0,0,-94,0,1,0,64609759,0,31,0,128,0,"[0,0,-5,13,-5,13,-5,13,-4,12,-4,12,-4,12,-3,12,-2,12,-2,12,-1,12,-1,12,0,12,0,12,1,12,1,13,1,12,1,13,1,13,1,13,0,13,-1,14,-1,14,-1,14,-2,13,-3,13,-4,13,0,0,0,0,0,0,0,0,0,0,0,0,0,0,0,0,0,0,0,0,0,0,-3,10,-4,10,-5,10,-5,10,-6,10,-7,10,-7,10,-8,10,-8,10,-9,10,-8,9,-8,9,-8,9,-8,9,-7,9,-7,9,-7,10,-6,10,-6,10,-6,11,-6,11,-6,12,-5,12,-5,12,-5,13,-5,13]"
2025-08-18 22:37:50.527550,CSI_DATA,363,1a:00:00:00:00:00,-43,11,0,0,0,0,0,0,0,0,0,-94,0,1,0,64811071,0,31,0,128,0,"[0,0,-8,-12,-8,-12,-8,-12,-8,-11,-8,-11,-8,-11,-8,-10,-9,-9,-9,-9,-9,-8,-10,-8,-10,-7,-11,-7,-11,-7,-11,-7,-12,-7,-12,-7,-12,-7,-12,-8,-12,-8,-12,-9,-11,-9,-11,-9,-10,-10,-10,-10,-9,-11,0,0,0,0,0,0,0,0,0,0,0,0,0,0,0,0,0,0,0,0,0,0,-7,-9,-7,-10,-6,-10,-6,-11,-5,-11,-5,-12,-4,-12,-4,-13,-3,-13,-3,-13,-3,-12,-3,-12,-3,-12,-3,-12,-4,-12,-4,-11,-4,-11,-5,-11,-5,-12,-6,-12,-6,-12,-6,-12,-7,-12,-8,-12,-8,-12,-8,-12]"
2025-08-18 22:37:50.922388,CSI_DATA,364,1a:00:00:00:00:00,-43,11,0,0,0,0,0,0,0,0,0,-94,0,1,0,65012214,0,31,0,128,0,"[0,0,12,7,12,6,11,6,12,6,12,6,11,5,11,5,11,4,11,3,11,3,11,2,12,2,12,1,12,1,13,1,13,0,13,1,13,1,14,1,14,1,14,2,13,2,13,3,13,3,12,4,12,5,0,0,0,0,0,0,0,0,0,0,0,0,0,0,0,0,0,0,0,0,0,0,9,4,9,5,9,6,9,7,9,7,9,8,8,9,8,9,8,9,7,10,7,10,7,9,7,9,7,9,7,8,8,8,8,8,9,7,9,7,10,7,10,7,10,7,11,7,11,7,11,7,12,7]"
2025-08-18 22:37:50.927860,CSI_DATA,365,1a:00:00:00:00:00,-43,11,0,0,0,0,0,0,0,0,0,-94,0,1,0,65213339,0,31,0,128,0,"[0,0,-1,14,-1,13,-1,13,0,13,0,13,0,13,1,12,1,12,1,12,3,11,3,11,4,11,4,11,4,11,5,11,5,11,5,12,5,12,5,13,4,13,4,13,3,13,3,14,2,13,2,13,1,13,0,0,0,0,0,0,0,0,0,0,0,0,0,0,0,0,0,0,0,0,0,0,1,10,0,11,-1,11,-1,11,-2,12,-3,12,-4,12,-4,12,-4,12,-5,11,-4,11,-5,11,-4,11,-4,11,-4,11,-4,11,-3,11,-3,11,-2,12,-2,12,-2,12,-1,13,-1,13,-1,13,0,13,0,14]"
2025-08-18 22:37:51.125217,CSI_DATA,366,1a:00:00:00:00:00,-43,11,0,0,0,0,0,0,0,0,0,-94,0,1,0,65414545,0,31,0,128,0,"[0,0,-12,7,-12,7,-11,7,-11,7,-11,7,-11,7,-10,7,-9,8,-9,8,-9,8,-8,8,-8,9,-7,9,-7,10,-7,10,-7,10,-8,11,-8,11,-8,11,-9,11,-9,10,-10,10,-10,10,-10,9,-11,8,-11,8,0,0,0,0,0,0,0,0,0,0,0,0,0,0,0,0,0,0,0,0,0,0,-8,6,-9,6,-10,6,-11,5,-11,5,-12,4,-12,4,-12,3,-12,3,-13,2,-12,2,-12,2,-12,2,-12,2,-12,3,-11,3,-11,4,-11,4,-12,4,-11,5,-12,5,-12,6,-12,7,-12,7,-12,7,-12,7]"
2025-08-18 22:37:51.191033,CSI_DATA,367,1a:00:00:00:00:00,-43,11,0,0,0,0,0,0,0,0,0,-94,0,1,0,65474986,0,42,0,128,0,"[0,0,-12,-9,-12,-9,-12,-9,-12,-8,-11,-8,-11,-7,-11,-7,-12,-6,-12,-6,-12,-5,-12,-4,-12,-4,-12,-3,-13,-3,-13,-3,-13,-3,-14,-3,-14,-3,-14,-4,-14,-4,-14,-4,-14,-5,-13,-6,-13,-6,-13,-7,-12,-7,0,0,0,0,0,0,0,0,0,0,0,0,0,0,0,0,0,0,0,0,0,0,-10,-6,-10,-7,-9,-8,-9,-8,-9,-9,-9,-10,-8,-11,-8,-11,-8,-11,-7,-11,-7,-11,-7,-11,-7,-11,-7,-10,-7,-10,-8,-10,-8,-10,-9,-9,-9,-9,-10,-9,-10,-9,-10,-9,-11,-9,-11,-9,-12,-9,-12,-9]"
2025-08-18 22:37:51.259411,CSI_DATA,368,1a:00:00:00:00:00,-43,11,0,0,0,0,0,0,0,0,0,-94,0,1,0,65544430,0,31,0,128,0,"[0,0,-12,-7,-12,-7,-12,-7,-12,-6,-12,-6,-11,-6,-11,-5,-11,-5,-12,-4,-12,-3,-12,-3,-12,-3,-12,-2,-12,-2,-12,-2,-13,-2,-13,-2,-13,-2,-14,-2,-14,-3,-14,-3,-13,-4,-13,-4,-13,-5,-13,-6,-12,-6,0,0,0,0,0,0,0,0,0,0,0,0,0,0,0,0,0,0,0,0,0,0,-10,-4,-10,-5,-9,-6,-10,-7,-9,-7,-10,-8,-9,-9,-9,-9,-9,-9,-8,-9,-8,-9,-8,-9,-8,-9,-8,-9,-8,-9,-8,-8,-9,-8,-9,-8,-10,-8,-10,-8,-10,-7,-11,-8,-11,-7,-12,-7,-12,-7,-12,-7]"
2025-08-18 22:37:51.453211,CSI_DATA,369,1a:00:00:00:00:00,-43,11,0,0,0,0,0,0,0,0,0,-94,0,1,0,65745512,0,31,0,128,0,"[0,0,13,3,13,3,13,2,13,2,13,2,12,1,12,1,12,0,11,-1,12,-1,12,-2,11,-2,12,-2,12,-3,12,-3,12,-4,13,-4,13,-4,13,-3,14,-3,14,-3,13,-2,13,-1,13,0,13,0,13,1,0,0,0,0,0,0,0,0,0,0,0,0,0,0,0,0,0,0,0,0,0,0,10,1,10,2,11,3,11,3,11,4,11,5,11,5,11,6,10,6,10,6,10,6,9,7,10,6,9,6,10,6,10,5,10,4,11,4,11,4,11,4,12,3,12,4,12,4,12,2,13,3,14,3]"
2025-08-18 22:37:51.662073,CSI_DATA,370,1a:00:00:00:00:00,-43,11,0,0,0,0,0,0,0,0,0,-94,0,1,0,65946828,0,31,0,128,0,"[0,0,-1,-14,-1,-14,-1,-14,-1,-14,-1,-14,-2,-13,-2,-13,-3,-13,-3,-12,-4,-12,-4,-12,-5,-12,-5,-12,-6,-12,-6,-12,-6,-12,-6,-13,-6,-13,-6,-13,-6,-13,-5,-14,-5,-14,-4,-14,-3,-14,-3,-14,-2,-14,0,0,0,0,0,0,0,0,0,0,0,0,0,0,0,0,0,0,0,0,0,0,-2,-11,-1,-12,0,-12,0,-12,1,-13,1,-13,2,-13,3,-13,3,-13,4,-12,3,-12,4,-12,3,-12,3,-12,2,-12,2,-12,2,-12,1,-13,1,-13,1,-13,0,-13,0,-14,0,-14,-1,-14,0,-14,0,-14]"
2025-08-18 22:37:51.858371,CSI_DATA,371,1a:00:00:00:00:00,-43,11,0,0,0,0,0,0,0,0,0,-94,0,1,0,66147970,0,31,0,128,0,"[0,0,14,-3,13,-3,13,-3,13,-4,12,-4,12,-4,12,-4,11,-5,11,-5,11,-6,10,-6,10,-7,10,-7,10,-7,10,-8,10,-8,10,-8,11,-9,11,-9,12,-8,12,-8,12,-7,12,-6,12,-6,12,-5,12,-4,0,0,0,0,0,0,0,0,0,0,0,0,0,0,0,0,0,0,0,0,0,0,10,-4,10,-3,11,-2,11,-2,12,-1,12,-1,12,0,12,1,12,1,12,2,12,2,12,1,12,1,11,1,11,1,11,0,12,0,12,-1,12,-1,12,-2,12,-2,13,-2,13,-3,13,-3,13,-3,13,-3]"
2025-08-18 22:37:52.059094,CSI_DATA,372,1a:00:00:00:00:00,-43,11,0,0,0,0,0,0,0,0,0,-94,0,1,0,66349102,0,31,0,128,0,"[0,0,-7,12,-7,12,-7,12,-7,12,-6,12,-6,11,-5,11,-5,11,-4,11,-3,11,-3,11,-2,12,-2,12,-1,12,-1,12,-1,13,-1,13,-1,14,-2,14,-2,14,-3,14,-3,14,-4,13,-4,13,-5,12,-6,12,0,0,0,0,0,0,0,0,0,0,0,0,0,0,0,0,0,0,0,0,0,0,-4,9,-5,10,-6,10,-7,9,-8,9,-8,9,-9,9,-10,8,-10,8,-10,8,-10,8,-10,8,-10,8,-9,8,-9,8,-8,8,-8,8,-8,9,-8,10,-8,10,-8,10,-8,10,-7,11,-7,12,-7,12,-7,12]"
2025-08-18 22:37:52.257760,CSI_DATA,373,1a:00:00:00:00:00,-43,11,0,0,0,0,0,0,0,0,0,-94,0,1,0,66550337,0,31,0,128,0,"[0,0,2,14,2,13,2,13,2,13,3,13,3,12,3,12,4,11,4,11,5,10,5,10,6,10,6,10,6,10,7,10,7,10,7,11,8,11,8,11,7,12,7,12,6,12,5,12,5,12,4,12,3,13,0,0,0,0,0,0,0,0,0,0,0,0,0,0,0,0,0,0,0,0,0,0,3,10,2,11,1,11,1,11,0,12,0,12,-1,12,-2,12,-2,12,-2,12,-2,12,-2,12,-2,12,-2,11,-2,11,-1,11,-1,11,0,11,0,12,0,12,1,12,1,13,2,13,2,13,2,13,2,13]"
2025-08-18 22:37:52.463096,CSI_DATA,374,1a:00:00:00:00:00,-43,11,0,0,0,0,0,0,0,0,0,-94,0,1,0,66751468,0,31,0,128,0,"[0,0,-14,6,-14,6,-14,6,-13,6,-12,6,-12,6,-12,6,-10,7,-10,7,-10,8,-10,8,-9,8,-8,9,-8,10,-9,10,-9,10,-9,11,-10,10,-12,11,-10,10,-10,10,-10,9,-11,9,-13,8,-12,8,-13,6,0,0,0,0,0,0,0,0,0,0,0,0,0,0,0,0,0,0,0,0,0,0,-10,5,-11,5,-12,4,-12,3,-13,3,-13,2,-13,2,-13,2,-13,1,-14,0,-14,0,-13,0,-13,0,-13,1,-12,1,-13,1,-13,2,-12,3,-13,3,-13,4,-13,4,-13,5,-13,5,-13,5,-13,5,-13,6]"
2025-08-18 22:37:52.667763,CSI_DATA,375,1a:00:00:00:00:00,-43,11,0,0,0,0,0,0,0,0,0,-94,0,1,0,66952631,0,31,0,128,0,"[0,0,-14,-3,-14,-3,-14,-3,-13,-2,-14,-2,-13,-1,-13,-1,-13,-1,-12,0,-12,1,-12,1,-12,2,-12,2,-13,3,-13,3,-13,3,-13,3,-14,3,-14,3,-14,3,-14,2,-14,1,-14,1,-14,0,-14,0,-14,-1,0,0,0,0,0,0,0,0,0,0,0,0,0,0,0,0,0,0,0,0,0,0,-11,-1,-11,-2,-11,-3,-12,-4,-12,-4,-12,-5,-12,-5,-12,-6,-12,-6,-11,-6,-11,-7,-11,-6,-11,-6,-11,-6,-11,-6,-11,-5,-11,-5,-11,-4,-12,-4,-12,-4,-13,-3,-13,-4,-13,-3,-14,-3,-14,-3,-14,-3]"
2025-08-18 22:37:52.727429,CSI_DATA,376,1a:00:00:00:00:00,-43,11,0,0,0,0,0,0,0,0,0,-94,0,1,0,67013046,0,42,0,128,0,"[0,0,-15,-2,-15,-2,-15,-2,-14,-2,-15,-1,-14,-1,-14,-1,-13,0,-13,0,-13,1,-13,2,-13,2,-13,3,-13,3,-13,3,-14,4,-14,4,-15,4,-15,4,-15,3,-15,3,-15,2,-15,1,-15,0,-15,0,-14,-1,0,0,0,0,0,0,0,0,0,0,0,0,0,0,0,0,0,0,0,0,0,0,-11,0,-12,-1,-12,-2,-13,-3,-12,-3,-13,-4,-13,-5,-13,-5,-13,-6,-12,-6,-12,-6,-12,-6,-12,-6,-12,-6,-12,-5,-12,-5,-12,-4,-12,-4,-13,-4,-13,-4,-14,-3,-14,-3,-14,-2,-15,-2,-15,-3,-15,-2]"
2025-08-18 22:37:52.784099,CSI_DATA,377,1a:00:00:00:00:00,-43,11,0,0,0,0,0,0,0,0,0,-94,0,1,0,67078807,0,31,0,128,0,"[0,0,13,5,12,5,12,5,12,4,12,4,12,4,12,3,11,2,12,2,11,1,12,1,12,0,12,0,12,0,12,-1,13,-1,13,-1,13,-1,14,0,14,0,14,1,14,1,13,2,13,2,13,3,13,4,0,0,0,0,0,0,0,0,0,0,0,0,0,0,0,0,0,0,0,0,0,0,10,3,10,4,10,4,10,5,10,6,10,6,10,7,10,7,9,8,9,8,9,8,8,8,9,8,9,8,9,7,8,7,9,7,9,6,10,6,10,6,11,5,11,5,12,5,12,5,12,6,13,5]"
2025-08-18 22:37:52.990143,CSI_DATA,378,1a:00:00:00:00:00,-43,11,0,0,0,0,0,0,0,0,0,-94,0,1,0,67279858,0,31,0,128,0,"[0,0,11,-8,11,-8,10,-8,11,-8,10,-8,10,-8,9,-8,9,-8,8,-9,8,-9,7,-9,7,-10,7,-10,6,-11,6,-11,6,-11,7,-12,7,-12,8,-12,8,-12,8,-11,9,-11,9,-10,9,-10,9,-9,10,-8,0,0,0,0,0,0,0,0,0,0,0,0,0,0,0,0,0,0,0,0,0,0,8,-7,8,-7,9,-6,10,-6,10,-6,11,-5,11,-4,11,-4,12,-3,12,-3,11,-3,11,-3,11,-3,11,-3,11,-4,10,-4,10,-4,10,-5,11,-5,10,-6,11,-6,11,-6,11,-7,11,-8,11,-7,11,-8]"
2025-08-18 22:37:53.191648,CSI_DATA,379,1a:00:00:00:00:00,-43,11,0,0,0,0,0,0,0,0,0,-94,0,1,0,67482483,0,31,0,128,0,"[0,0,13,0,13,-1,13,-1,13,-1,12,-1,12,-1,12,-2,12,-2,11,-3,11,-4,11,-4,11,-4,10,-5,10,-5,11,-6,11,-6,12,-6,12,-6,12,-6,12,-5,13,-5,13,-4,13,-3,13,-3,13,-2,13,-1,0,0,0,0,0,0,0,0,0,0,0,0,0,0,0,0,0,0,0,0,0,0,10,-2,10,-2,11,-1,11,0,12,0,11,1,12,2,12,2,11,3,11,3,11,3,11,3,11,3,11,3,11,2,11,2,11,1,11,1,11,1,12,1,12,0,12,0,13,0,13,-1,13,-1,13,-1]"
2025-08-18 22:37:53.404997,CSI_DATA,380,1a:00:00:00:00:00,-43,11,0,0,0,0,0,0,0,0,0,-94,0,1,0,67682205,0,31,0,128,0,"[0,0,8,-12,7,-12,7,-12,7,-12,6,-12,6,-12,5,-12,4,-12,4,-12,4,-12,3,-12,3,-12,2,-13,2,-13,2,-13,1,-14,2,-14,2,-14,2,-15,2,-15,3,-14,3,-14,4,-14,5,-13,6,-13,6,-12,0,0,0,0,0,0,0,0,0,0,0,0,0,0,0,0,0,0,0,0,0,0,5,-10,6,-10,7,-10,7,-9,8,-9,9,-9,9,-9,9,-9,10,-8,10,-8,10,-7,10,-7,10,-7,9,-7,9,-8,8,-8,8,-9,8,-9,8,-10,8,-10,8,-10,8,-11,7,-11,8,-11,8,-11,8,-12]"
2025-08-18 22:37:53.593639,CSI_DATA,381,1a:00:00:00:00:00,-43,11,0,0,0,0,0,0,0,0,0,-94,0,1,0,67883392,0,31,0,128,0,"[0,0,-9,11,-9,11,-9,11,-8,11,-8,11,-8,11,-7,11,-7,11,-6,11,-5,11,-5,11,-4,12,-4,12,-3,12,-3,13,-3,13,-3,13,-3,13,-4,14,-4,14,-5,14,-5,14,-6,13,-7,13,-7,12,-8,11,0,0,0,0,0,0,0,0,0,0,0,0,0,0,0,0,0,0,0,0,0,0,-6,9,-7,9,-8,9,-9,8,-9,8,-10,8,-11,8,-11,7,-11,7,-12,7,-12,6,-11,6,-11,6,-11,6,-10,6,-10,7,-10,7,-10,8,-9,8,-10,9,-9,9,-9,10,-9,11,-9,11,-9,11,-9,11]"
2025-08-18 22:37:53.799652,CSI_DATA,382,1a:00:00:00:00:00,-43,11,0,0,0,0,0,0,0,0,0,-94,0,1,0,68084540,0,31,0,128,0,"[0,0,-14,-3,-14,-3,-14,-3,-14,-2,-14,-2,-13,-2,-13,-1,-13,-1,-13,0,-13,1,-12,1,-12,2,-13,2,-13,3,-13,3,-13,3,-14,3,-14,3,-14,3,-15,3,-15,2,-15,1,-14,1,-14,0,-14,0,-14,-1,0,0,0,0,0,0,0,0,0,0,0,0,0,0,0,0,0,0,0,0,0,0,-11,-1,-12,-2,-12,-3,-12,-4,-12,-4,-12,-5,-12,-6,-12,-6,-12,-7,-11,-7,-11,-7,-11,-7,-11,-6,-11,-6,-11,-6,-11,-5,-12,-5,-12,-4,-12,-4,-12,-4,-13,-4,-13,-4,-14,-3,-14,-3,-14,-3,-14,-3]"
2025-08-18 22:37:53.996213,CSI_DATA,383,1a:00:00:00:00:00,-43,11,0,0,0,0,0,0,0,0,0,-94,0,1,0,68285896,0,31,0,128,0,"[0,0,-5,14,-4,13,-4,13,-5,14,-3,13,-2,13,-4,12,-2,12,-1,11,-1,12,0,12,2,11,0,12,2,12,2,12,2,13,2,12,2,13,2,14,0,14,1,14,0,14,-1,13,-1,13,-2,13,-3,13,0,0,0,0,0,0,0,0,0,0,0,0,0,0,0,0,0,0,0,0,0,0,-2,10,-3,10,-4,10,-5,11,-5,11,-6,11,-7,11,-7,11,-8,10,-8,10,-8,10,-8,10,-8,10,-7,9,-7,10,-7,10,-6,10,-5,10,-6,11,-5,11,-5,11,-5,12,-4,13,-5,13,-4,13,-4,13]"
2025-08-18 22:37:54.203833,CSI_DATA,384,1a:00:00:00:00:00,-43,11,0,0,0,0,0,0,0,0,0,-94,0,1,0,68487032,0,31,0,128,0,"[0,0,-1,-14,-1,-14,-1,-14,-2,-14,-2,-13,-2,-13,-3,-13,-3,-12,-4,-12,-4,-12,-5,-12,-5,-11,-6,-11,-6,-12,-7,-11,-7,-12,-7,-12,-7,-12,-7,-13,-7,-13,-6,-13,-5,-14,-5,-14,-4,-14,-3,-13,-3,-14,0,0,0,0,0,0,0,0,0,0,0,0,0,0,0,0,0,0,0,0,0,0,-2,-11,-2,-11,-1,-12,0,-12,1,-12,1,-13,2,-13,2,-13,3,-12,3,-12,3,-12,3,-12,3,-12,3,-12,2,-12,2,-12,2,-12,1,-12,1,-13,0,-13,0,-13,0,-13,-1,-14,-1,-14,-1,-14,-1,-14]"
2025-08-18 22:37:54.257480,CSI_DATA,385,1a:00:00:00:00:00,-43,11,0,0,0,0,0,0,0,0,0,-94,0,1,0,68547449,0,42,0,128,0,"[0,0,13,-5,12,-6,12,-6,12,-6,12,-6,11,-6,11,-6,10,-7,10,-7,9,-8,9,-8,9,-9,9,-9,8,-9,8,-10,8,-10,9,-11,9,-11,9,-11,10,-11,10,-10,10,-10,11,-9,11,-8,11,-8,11,-7,0,0,0,0,0,0,0,0,0,0,0,0,0,0,0,0,0,0,0,0,0,0,9,-5,10,-5,10,-4,11,-3,12,-3,12,-2,12,-2,12,-1,12,-1,12,0,12,0,12,0,12,0,11,-1,11,-1,11,-1,11,-2,11,-3,12,-3,12,-4,12,-4,12,-5,12,-5,13,-5,13,-5,13,-5]"
2025-08-18 22:37:54.528091,CSI_DATA,386,1a:00:00:00:00:00,-43,11,0,0,0,0,0,0,0,0,0,-94,0,1,0,68613104,0,31,0,128,0,"[0,0,-12,8,-12,7,-12,7,-12,7,-11,8,-11,8,-10,8,-10,8,-9,8,-8,9,-8,9,-8,9,-8,10,-7,10,-7,11,-7,11,-7,11,-8,11,-8,11,-9,11,-9,11,-9,11,-10,10,-10,9,-11,9,-11,8,0,0,0,0,0,0,0,0,0,0,0,0,0,0,0,0,0,0,0,0,0,0,-9,7,-9,6,-10,6,-11,5,-12,5,-12,4,-12,4,-13,3,-13,3,-13,2,-13,2,-12,2,-12,2,-12,2,-12,3,-12,3,-11,4,-12,4,-12,5,-12,5,-12,6,-12,6,-12,7,-12,7,-12,7,-12,7]"
2025-08-18 22:37:54.533560,CSI_DATA,387,1a:00:00:00:00:00,-43,11,0,0,0,0,0,0,0,0,0,-94,0,1,0,68814158,0,31,0,128,0,"[0,0,-14,-1,-14,-1,-14,-1,-14,0,-14,0,-13,1,-13,1,-13,1,-12,2,-12,2,-12,3,-12,3,-12,3,-12,4,-12,5,-12,5,-13,5,-13,5,-14,5,-14,5,-14,4,-14,4,-14,3,-14,2,-14,1,-14,0,0,0,0,0,0,0,0,0,0,0,0,0,0,0,0,0,0,0,0,0,0,0,-11,0,-12,0,-12,-1,-12,-2,-13,-3,-13,-3,-13,-4,-13,-4,-12,-4,-12,-5,-12,-5,-12,-5,-12,-5,-12,-5,-12,-4,-12,-4,-12,-3,-12,-3,-13,-3,-13,-2,-13,-2,-13,-2,-14,-1,-14,-1,-14,-1,-14,-1]"
2025-08-18 22:37:54.725447,CSI_DATA,388,1a:00:00:00:00:00,-43,11,0,0,0,0,0,0,0,0,0,-94,0,1,0,69015321,0,31,0,128,0,"[0,0,-5,13,-5,12,-4,12,-4,12,-4,12,-4,12,-3,12,-2,11,-2,11,-1,11,-1,11,0,12,0,11,1,12,1,12,1,12,1,13,1,13,0,13,0,13,0,13,-1,14,-1,13,-2,13,-3,12,-4,13,0,0,0,0,0,0,0,0,0,0,0,0,0,0,0,0,0,0,0,0,0,0,-2,10,-3,10,-4,10,-5,10,-5,10,-6,11,-7,10,-7,10,-7,10,-8,9,-8,9,-7,9,-7,9,-7,9,-7,9,-6,9,-6,10,-6,10,-6,11,-5,11,-5,11,-5,12,-5,12,-4,12,-4,13,-4,13]"
2025-08-18 22:37:54.940320,CSI_DATA,389,1a:00:00:00:00:00,-43,11,0,0,0,0,0,0,0,0,0,-94,0,1,0,69216456,0,31,0,128,0,"[0,0,-2,14,-1,13,-1,13,-1,13,0,13,-1,13,0,12,1,12,1,11,2,11,2,11,3,11,3,11,4,11,4,11,4,12,4,12,4,13,4,13,3,13,3,13,2,13,2,13,1,13,0,13,-1,13,0,0,0,0,0,0,0,0,0,0,0,0,0,0,0,0,0,0,0,0,0,0,1,10,0,11,-1,11,-2,11,-2,11,-3,12,-4,12,-4,12,-4,12,-5,11,-5,11,-5,11,-5,11,-5,11,-4,11,-4,11,-4,11,-3,11,-3,12,-3,12,-2,12,-2,13,-2,13,-1,14,-1,13,-1,14]"
2025-08-18 22:37:55.133708,CSI_DATA,390,1a:00:00:00:00:00,-43,11,0,0,0,0,0,0,0,0,0,-94,0,1,0,69417823,0,31,0,128,0,"[0,0,-12,-9,-12,-9,-12,-9,-11,-8,-12,-8,-11,-8,-11,-7,-11,-6,-12,-6,-12,-5,-12,-5,-12,-4,-12,-4,-13,-3,-13,-3,-14,-3,-13,-3,-14,-3,-15,-4,-14,-4,-14,-5,-14,-5,-13,-6,-13,-6,-13,-7,-12,-8,0,0,0,0,0,0,0,0,0,0,0,0,0,0,0,0,0,0,0,0,0,0,-9,-6,-10,-7,-9,-8,-9,-9,-9,-9,-9,-10,-8,-10,-8,-11,-8,-11,-7,-11,-7,-11,-7,-11,-7,-11,-7,-11,-8,-10,-7,-10,-8,-10,-9,-9,-9,-10,-10,-9,-10,-9,-10,-9,-11,-9,-11,-9,-11,-9,-12,-9]"
2025-08-18 22:37:55.330373,CSI_DATA,391,1a:00:00:00:00:00,-43,11,0,0,0,0,0,0,0,0,0,-94,0,1,0,69618977,0,31,0,128,0,"[0,0,-10,11,-10,11,-9,10,-9,11,-9,11,-8,11,-8,11,-7,11,-6,11,-6,11,-5,11,-5,11,-4,12,-4,12,-4,13,-4,13,-4,13,-4,13,-5,14,-5,14,-6,13,-6,13,-7,13,-7,12,-7,11,-8,11,0,0,0,0,0,0,0,0,0,0,0,0,0,0,0,0,0,0,0,0,0,0,-7,9,-7,9,-9,8,-9,8,-10,8,-10,8,-11,8,-11,7,-12,7,-12,6,-12,6,-12,6,-11,6,-11,6,-11,6,-11,7,-10,7,-10,8,-10,8,-10,9,-10,9,-10,9,-10,11,-10,10,-10,11,-10,11]"
2025-08-18 22:37:55.531988,CSI_DATA,392,1a:00:00:00:00:00,-43,11,0,0,0,0,0,0,0,0,0,-94,0,1,0,69820123,0,31,0,128,0,"[0,0,-14,6,-14,6,-14,6,-13,6,-13,6,-12,7,-11,7,-11,7,-11,7,-10,8,-10,8,-9,9,-9,9,-9,10,-9,10,-9,10,-9,10,-10,11,-10,11,-10,11,-11,10,-11,10,-11,9,-12,8,-12,7,-13,7,0,0,0,0,0,0,0,0,0,0,0,0,0,0,0,0,0,0,0,0,0,0,-10,5,-11,5,-11,4,-12,4,-12,3,-13,3,-13,3,-14,2,-14,2,-13,1,-14,1,-13,1,-13,1,-13,1,-13,2,-12,2,-13,2,-12,3,-13,4,-13,4,-13,5,-13,5,-13,6,-14,6,-14,5,-14,6]"
2025-08-18 22:37:55.736484,CSI_DATA,393,1a:00:00:00:00:00,-43,11,0,0,0,0,0,0,0,0,0,-94,0,1,0,70021245,0,31,0,128,0,"[0,0,-3,-14,-3,-14,-3,-14,-4,-13,-4,-13,-4,-13,-4,-12,-5,-12,-5,-12,-6,-11,-6,-11,-7,-11,-7,-11,-8,-11,-8,-10,-9,-11,-8,-11,-9,-11,-9,-12,-8,-12,-8,-12,-7,-13,-7,-13,-6,-13,-6,-13,-5,-13,0,0,0,0,0,0,0,0,0,0,0,0,0,0,0,0,0,0,0,0,0,0,-4,-11,-3,-11,-2,-12,-2,-12,-1,-12,-1,-13,0,-13,0,-13,1,-13,1,-12,1,-13,1,-12,1,-12,1,-12,1,-12,0,-12,0,-12,-1,-12,-1,-13,-2,-13,-2,-13,-2,-13,-3,-13,-3,-14,-3,-14,-3,-14]"
2025-08-18 22:37:55.805433,CSI_DATA,394,1a:00:00:00:00:00,-43,11,0,0,0,0,0,0,0,0,0,-94,0,1,0,70081686,0,42,0,128,0,"[0,0,8,-12,7,-12,7,-12,7,-12,7,-12,6,-12,5,-12,5,-12,4,-12,4,-12,3,-12,3,-12,2,-13,2,-13,2,-13,1,-13,2,-14,2,-14,2,-14,2,-14,3,-14,3,-14,4,-14,5,-13,5,-13,6,-12,0,0,0,0,0,0,0,0,0,0,0,0,0,0,0,0,0,0,0,0,0,0,6,-10,6,-10,7,-9,8,-9,8,-9,9,-9,9,-8,10,-8,10,-8,10,-7,10,-7,10,-7,10,-7,10,-7,9,-8,9,-8,9,-8,8,-9,8,-9,8,-10,8,-10,8,-11,8,-11,8,-11,8,-12,8,-12]"
2025-08-18 22:37:55.860796,CSI_DATA,395,1a:00:00:00:00:00,-43,11,0,0,0,0,0,0,0,0,0,-94,0,1,0,70150876,0,31,0,128,0,"[0,0,9,-10,9,-10,9,-10,9,-10,8,-10,8,-10,7,-10,7,-11,6,-11,6,-11,5,-11,4,-11,4,-12,4,-12,4,-12,4,-13,4,-13,4,-13,4,-13,5,-13,5,-13,6,-13,7,-13,7,-12,7,-11,8,-11,0,0,0,0,0,0,0,0,0,0,0,0,0,0,0,0,0,0,0,0,0,0,6,-9,7,-8,8,-8,8,-8,9,-8,9,-7,10,-7,10,-7,11,-6,11,-6,10,-5,10,-5,10,-6,10,-6,10,-6,10,-6,9,-7,9,-8,9,-8,9,-8,9,-9,9,-9,9,-10,9,-10,10,-10,9,-10]"
2025-08-18 22:37:56.068594,CSI_DATA,396,1a:00:00:00:00:00,-43,11,0,0,0,0,0,0,0,0,0,-94,0,1,0,70352077,0,31,0,128,0,"[0,0,-10,-11,-10,-11,-10,-10,-10,-10,-10,-10,-9,-9,-10,-9,-10,-8,-10,-8,-10,-7,-11,-6,-11,-6,-12,-6,-12,-6,-12,-5,-13,-5,-13,-5,-13,-6,-13,-6,-13,-7,-13,-7,-13,-8,-12,-8,-12,-8,-11,-9,-11,-9,0,0,0,0,0,0,0,0,0,0,0,0,0,0,0,0,0,0,0,0,0,0,-8,-8,-8,-9,-7,-9,-7,-10,-7,-10,-7,-11,-6,-12,-5,-12,-5,-12,-5,-12,-5,-12,-5,-12,-5,-12,-5,-11,-5,-11,-5,-11,-6,-11,-7,-10,-7,-11,-7,-11,-8,-11,-8,-11,-9,-10,-9,-10,-10,-11,-10,-11]"
2025-08-18 22:37:56.270351,CSI_DATA,397,1a:00:00:00:00:00,-43,11,0,0,0,0,0,0,0,0,0,-94,0,1,0,70553937,0,31,0,128,0,"[0,0,-12,-7,-13,-8,-12,-7,-12,-7,-12,-6,-12,-6,-12,-6,-12,-5,-12,-4,-12,-4,-12,-4,-12,-3,-13,-3,-13,-2,-14,-2,-13,-2,-14,-2,-14,-2,-15,-2,-15,-3,-15,-3,-14,-4,-14,-5,-13,-5,-13,-6,-13,-7,0,0,0,0,0,0,0,0,0,0,0,0,0,0,0,0,0,0,0,0,0,0,-10,-5,-10,-6,-10,-7,-10,-7,-10,-8,-10,-9,-10,-9,-9,-10,-9,-10,-8,-10,-8,-10,-8,-10,-8,-10,-8,-10,-8,-9,-9,-9,-9,-9,-10,-8,-10,-8,-11,-8,-11,-8,-11,-8,-12,-8,-12,-8,-12,-8,-12,-8]"
2025-08-18 22:37:56.469021,CSI_DATA,398,1a:00:00:00:00:00,-43,11,0,0,0,0,0,0,0,0,0,-94,0,1,0,70754423,0,31,0,128,0,"[0,0,12,6,11,6,11,6,11,5,11,5,11,5,11,4,11,4,11,3,11,2,11,2,11,2,11,1,12,1,12,0,12,0,13,1,13,1,13,1,13,1,13,2,13,3,13,3,12,4,12,5,12,5,0,0,0,0,0,0,0,0,0,0,0,0,0,0,0,0,0,0,0,0,0,0,9,3,10,4,9,5,9,5,10,6,10,7,9,8,9,8,9,8,8,8,8,8,8,8,8,8,8,8,8,7,8,7,8,7,9,6,9,6,10,6,10,6,11,6,11,6,11,6,11,6,12,6]"
2025-08-18 22:37:56.662053,CSI_DATA,399,1a:00:00:00:00:00,-43,11,0,0,0,0,0,0,0,0,0,-94,0,1,0,70955581,0,31,0,128,0,"[0,0,4,13,4,13,4,12,5,12,4,12,5,11,5,11,5,11,5,10,6,10,7,9,7,9,7,9,8,9,9,9,9,9,9,9,9,9,9,10,9,10,8,11,8,11,7,12,7,12,6,12,5,12,0,0,0,0,0,0,0,0,0,0,0,0,0,0,0,0,0,0,0,0,0,0,4,10,3,10,3,11,2,11,2,11,1,12,1,12,0,12,0,12,-1,12,-1,12,-1,12,-1,12,-1,12,0,11,0,11,1,11,1,11,2,12,2,12,2,12,3,12,3,12,4,13,4,13,4,13]"
2025-08-18 22:37:56.867034,CSI_DATA,400,1a:00:00:00:00:00,-43,11,0,0,0,0,0,0,0,0,0,-94,0,1,0,71156733,0,31,0,128,0,"[0,0,-11,9,-11,8,-11,9,-10,8,-10,9,-9,8,-9,9,-8,9,-8,9,-7,9,-7,9,-6,10,-6,10,-6,11,-6,11,-6,11,-6,12,-6,12,-7,12,-7,12,-8,12,-8,11,-8,11,-9,10,-9,10,-10,9,0,0,0,0,0,0,0,0,0,0,0,0,0,0,0,0,0,0,0,0,0,0,-8,7,-9,7,-9,6,-10,6,-11,6,-11,6,-11,5,-12,5,-12,4,-12,4,-12,4,-12,3,-11,4,-11,4,-11,4,-11,4,-11,5,-10,5,-11,6,-11,6,-11,7,-11,7,-11,8,-11,8,-11,8,-11,8]"
2025-08-18 22:37:57.066736,CSI_DATA,401,1a:00:00:00:00:00,-43,11,0,0,0,0,0,0,0,0,0,-94,0,1,0,71357891,0,31,0,128,0,"[0,0,-1,14,-1,13,-1,13,-1,13,0,13,0,12,0,12,1,12,2,12,2,11,3,11,3,11,3,11,4,11,5,11,5,12,5,12,5,12,5,12,5,13,4,13,3,13,3,13,2,13,1,13,0,13,0,0,0,0,0,0,0,0,0,0,0,0,0,0,0,0,0,0,0,0,0,0,0,10,-1,11,-2,11,-2,11,-3,11,-4,12,-4,12,-5,12,-5,12,-5,11,-5,11,-6,11,-5,11,-5,11,-4,11,-4,11,-4,11,-3,11,-3,12,-2,12,-2,12,-2,13,-1,13,-1,13,-1,14,-1,13]"
2025-08-18 22:37:57.276254,CSI_DATA,402,1a:00:00:00:00:00,-43,11,0,0,0,0,0,0,0,0,0,-94,0,1,0,71559186,0,31,0,128,0,"[0,0,-6,-14,-6,-14,-6,-13,-6,-13,-6,-12,-6,-12,-7,-12,-7,-11,-7,-11,-8,-10,-8,-10,-9,-9,-9,-9,-9,-9,-10,-9,-10,-9,-11,-10,-11,-10,-11,-11,-10,-11,-10,-11,-9,-12,-9,-12,-8,-13,-8,-12,-7,-12,0,0,0,0,0,0,0,0,0,0,0,0,0,0,0,0,0,0,0,0,0,0,-6,-10,-5,-10,-5,-12,-4,-12,-4,-13,-3,-13,-2,-13,-2,-13,-1,-13,-1,-13,-1,-13,-1,-13,-1,-13,-1,-12,-1,-12,-2,-12,-2,-12,-3,-13,-3,-12,-4,-13,-4,-13,-4,-13,-5,-13,-6,-13,-6,-13,-6,-13]"
2025-08-18 22:37:57.349871,CSI_DATA,403,1a:00:00:00:00:00,-43,11,0,0,0,0,0,0,0,0,0,-94,0,1,0,71619574,0,42,0,128,0,"[0,0,-5,-14,-5,-13,-5,-13,-5,-13,-6,-13,-6,-12,-6,-12,-7,-11,-7,-11,-8,-10,-8,-10,-8,-10,-9,-10,-10,-10,-10,-9,-10,-9,-10,-10,-11,-10,-11,-10,-10,-11,-10,-11,-10,-11,-9,-11,-8,-12,-8,-12,-7,-13,0,0,0,0,0,0,0,0,0,0,0,0,0,0,0,0,0,0,0,0,0,0,-4,-10,-4,-11,-3,-12,-3,-12,-2,-13,-2,-13,-1,-13,-1,-13,0,-13,0,-13,0,-13,1,-13,0,-13,0,-12,0,-13,-1,-12,-1,-12,-2,-12,-3,-13,-3,-13,-3,-13,-4,-13,-4,-13,-4,-13,-5,-14,-5,-14]"
2025-08-18 22:37:57.398307,CSI_DATA,404,1a:00:00:00:00:00,-43,11,0,0,0,0,0,0,0,0,0,-94,0,1,0,71687350,0,31,0,128,0,"[0,0,10,-11,9,-11,9,-11,8,-11,8,-11,8,-11,7,-11,7,-11,6,-11,5,-12,5,-12,4,-12,4,-12,3,-13,3,-13,3,-14,3,-14,4,-14,4,-14,5,-14,5,-14,5,-14,6,-13,7,-13,7,-12,8,-12,0,0,0,0,0,0,0,0,0,0,0,0,0,0,0,0,0,0,0,0,0,0,6,-9,8,-9,8,-8,9,-8,9,-8,10,-8,11,-7,11,-7,11,-7,11,-6,11,-6,11,-6,11,-6,11,-6,11,-6,10,-6,10,-7,9,-8,10,-8,10,-9,9,-9,9,-10,9,-10,10,-11,10,-10,10,-11]"
2025-08-18 22:37:57.670475,CSI_DATA,405,1a:00:00:00:00:00,-43,11,0,0,0,0,0,0,0,0,0,-94,0,1,0,71888415,0,31,0,128,0,"[0,0,-12,8,-12,8,-11,8,-11,8,-11,8,-10,8,-10,8,-9,9,-9,9,-8,9,-7,9,-7,10,-7,10,-7,11,-6,11,-6,11,-7,12,-7,12,-8,12,-8,11,-8,11,-9,11,-9,10,-10,10,-10,9,-10,9,0,0,0,0,0,0,0,0,0,0,0,0,0,0,0,0,0,0,0,0,0,0,-8,7,-9,7,-10,6,-11,6,-11,5,-12,5,-12,4,-13,4,-13,4,-13,3,-12,3,-12,3,-12,3,-12,3,-12,3,-12,4,-11,4,-11,5,-11,5,-11,6,-12,6,-12,6,-12,7,-11,8,-12,8,-11,8]"
2025-08-18 22:37:57.800081,CSI_DATA,406,1a:00:00:00:00:00,-43,11,0,0,0,0,0,0,0,0,0,-94,0,1,0,72089822,0,31,0,128,0,"[0,0,8,-11,8,-11,8,-11,8,-11,7,-12,7,-11,6,-11,5,-11,5,-11,4,-11,4,-12,3,-12,3,-12,3,-13,2,-13,2,-13,3,-14,3,-14,3,-14,3,-14,4,-14,5,-14,5,-13,6,-13,6,-12,7,-12,0,0,0,0,0,0,0,0,0,0,0,0,0,0,0,0,0,0,0,0,0,0,5,-10,6,-10,7,-9,8,-9,8,-9,9,-9,10,-8,10,-8,10,-8,10,-7,10,-7,10,-7,10,-7,10,-7,9,-7,9,-8,9,-8,8,-9,8,-9,8,-10,8,-10,8,-10,8,-11,8,-11,8,-11,8,-11]"
2025-08-18 22:37:58.009104,CSI_DATA,407,1a:00:00:00:00:00,-43,11,0,0,0,0,0,0,0,0,0,-94,0,1,0,72290727,0,31,0,128,0,"[0,0,-9,-12,-9,-11,-9,-11,-10,-11,-9,-10,-9,-10,-9,-10,-10,-9,-10,-8,-10,-8,-11,-7,-11,-6,-11,-6,-12,-6,-12,-6,-12,-6,-13,-6,-13,-6,-13,-7,-13,-8,-13,-8,-12,-9,-12,-9,-12,-9,-11,-9,-10,-10,0,0,0,0,0,0,0,0,0,0,0,0,0,0,0,0,0,0,0,0,0,0,-8,-8,-8,-9,-7,-10,-7,-10,-7,-11,-6,-11,-5,-12,-5,-13,-5,-13,-5,-13,-5,-12,-5,-12,-5,-12,-5,-12,-5,-12,-5,-11,-6,-11,-6,-11,-7,-11,-7,-11,-7,-11,-8,-12,-9,-11,-9,-11,-9,-11,-9,-11]"
2025-08-18 22:37:58.216274,CSI_DATA,408,1a:00:00:00:00:00,-43,11,0,0,0,0,0,0,0,0,0,-94,0,1,0,72491969,0,31,0,128,0,"[0,0,6,-13,5,-13,5,-13,5,-13,4,-13,4,-12,4,-12,3,-12,3,-12,2,-12,1,-12,1,-12,0,-13,0,-13,0,-13,-1,-13,0,-14,0,-14,0,-14,1,-14,1,-14,2,-14,2,-14,3,-14,4,-13,4,-13,0,0,0,0,0,0,0,0,0,0,0,0,0,0,0,0,0,0,0,0,0,0,3,-10,4,-11,5,-11,6,-10,6,-11,6,-10,7,-10,8,-10,8,-10,8,-9,8,-9,8,-9,8,-9,8,-9,7,-9,7,-9,7,-10,6,-10,6,-10,6,-11,6,-11,6,-12,6,-12,6,-13,6,-12,6,-13]"
2025-08-18 22:37:58.404671,CSI_DATA,409,1a:00:00:00:00:00,-43,11,0,0,0,0,0,0,0,0,0,-94,0,1,0,72693584,0,31,0,128,0,"[0,0,-13,5,-13,5,-13,5,-12,5,-13,6,-12,6,-11,6,-11,7,-10,7,-10,7,-10,8,-9,8,-9,8,-9,9,-9,9,-9,10,-9,10,-10,10,-10,10,-10,10,-11,10,-11,9,-11,8,-12,8,-12,7,-12,6,0,0,0,0,0,0,0,0,0,0,0,0,0,0,0,0,0,0,0,0,0,0,-10,5,-10,4,-11,3,-12,3,-12,3,-13,2,-13,2,-13,1,-13,1,-13,0,-13,0,-13,0,-13,0,-12,0,-12,1,-12,1,-12,2,-12,2,-13,3,-13,3,-13,4,-13,4,-13,5,-13,5,-13,5,-13,5]"
2025-08-18 22:37:58.670340,CSI_DATA,410,1a:00:00:00:00:00,-43,11,0,0,0,0,0,0,0,0,0,-94,0,1,0,72894466,0,31,0,128,0,"[0,0,6,-13,6,-13,5,-13,5,-13,5,-13,4,-12,3,-13,3,-12,3,-13,2,-12,2,-12,1,-13,1,-14,-1,-13,-1,-13,0,-14,0,-13,0,-15,1,-15,0,-14,1,-14,2,-15,2,-14,3,-15,4,-14,4,-13,0,0,0,0,0,0,0,0,0,0,0,0,0,0,0,0,0,0,0,0,0,0,3,-11,4,-11,5,-11,5,-11,6,-11,7,-11,7,-11,8,-10,8,-10,9,-9,9,-9,8,-9,8,-9,8,-9,8,-9,7,-9,7,-10,7,-10,7,-11,6,-11,6,-12,6,-12,6,-12,6,-13,6,-13,6,-13]"
2025-08-18 22:37:58.810552,CSI_DATA,411,1a:00:00:00:00:00,-43,11,0,0,0,0,0,0,0,0,0,-94,0,1,0,73095544,0,31,0,128,0,"[0,0,-4,-14,-4,-14,-4,-14,-4,-13,-5,-13,-5,-12,-5,-12,-5,-12,-6,-11,-6,-11,-7,-11,-7,-10,-8,-10,-8,-10,-9,-10,-9,-10,-9,-11,-9,-11,-9,-11,-9,-12,-8,-12,-8,-12,-7,-12,-7,-13,-6,-13,-5,-13,0,0,0,0,0,0,0,0,0,0,0,0,0,0,0,0,0,0,0,0,0,0,-4,-10,-3,-11,-3,-12,-2,-12,-2,-12,-1,-13,0,-13,0,-13,1,-13,1,-13,1,-13,1,-12,1,-12,0,-12,0,-12,0,-12,-1,-12,-1,-12,-2,-13,-2,-13,-2,-13,-3,-13,-3,-13,-3,-14,-3,-13,-4,-14]"
2025-08-18 22:37:58.876484,CSI_DATA,412,1a:00:00:00:00:00,-43,11,0,0,0,0,0,0,0,0,0,-94,0,1,0,73156078,0,42,0,128,0,"[0,0,-2,-14,-3,-14,-3,-14,-3,-14,-3,-13,-3,-13,-4,-13,-4,-12,-4,-12,-5,-12,-6,-11,-6,-11,-6,-11,-7,-11,-8,-11,-8,-11,-8,-12,-8,-12,-8,-12,-8,-12,-7,-13,-6,-13,-6,-13,-5,-13,-4,-13,-4,-13,0,0,0,0,0,0,0,0,0,0,0,0,0,0,0,0,0,0,0,0,0,0,-3,-11,-2,-11,-2,-12,-1,-12,0,-12,0,-13,1,-13,1,-13,2,-13,2,-13,2,-13,2,-12,2,-12,2,-12,2,-12,1,-12,0,-12,0,-12,0,-13,-1,-13,-1,-13,-1,-13,-2,-14,-2,-14,-2,-14,-2,-14]"
2025-08-18 22:37:58.932637,CSI_DATA,413,1a:00:00:00:00:00,-43,11,0,0,0,0,0,0,0,0,0,-94,0,1,0,73221512,0,31,0,128,0,"[0,0,-14,4,-14,4,-13,4,-13,4,-13,5,-13,5,-12,5,-11,5,-11,6,-10,6,-10,7,-10,7,-10,8,-10,8,-10,8,-10,9,-10,9,-11,9,-11,9,-11,9,-12,8,-12,8,-12,7,-12,7,-12,6,-13,5,0,0,0,0,0,0,0,0,0,0,0,0,0,0,0,0,0,0,0,0,0,0,-10,5,-10,4,-11,4,-12,3,-12,3,-13,2,-13,1,-13,1,-13,0,-13,0,-13,0,-13,0,-13,0,-12,1,-12,1,-12,1,-12,1,-12,2,-13,2,-13,2,-13,3,-13,3,-13,4,-13,5,-13,5,-14,5]"
2025-08-18 22:37:59.134007,CSI_DATA,414,1a:00:00:00:00:00,-43,11,0,0,0,0,0,0,0,0,0,-94,0,1,0,73422677,0,31,0,128,0,"[0,0,13,-4,12,-5,12,-5,12,-5,12,-5,11,-6,11,-6,11,-6,10,-7,10,-7,9,-8,9,-8,9,-9,9,-9,9,-10,9,-10,9,-10,10,-10,10,-10,10,-10,11,-9,11,-9,12,-8,11,-7,12,-6,12,-6,0,0,0,0,0,0,0,0,0,0,0,0,0,0,0,0,0,0,0,0,0,0,9,-5,10,-5,11,-4,11,-3,12,-3,12,-2,12,-2,12,-1,12,-1,12,0,12,0,12,0,11,0,12,0,11,-1,11,-1,11,-2,12,-2,11,-3,12,-3,12,-3,12,-4,13,-4,12,-4,13,-4,13,-5]"
2025-08-18 22:37:59.340367,CSI_DATA,415,1a:00:00:00:00:00,-43,11,0,0,0,0,0,0,0,0,0,-94,0,1,0,73623885,0,31,0,128,0,"[0,0,-11,-10,-11,-10,-10,-9,-11,-9,-11,-9,-10,-8,-10,-8,-11,-7,-11,-6,-11,-6,-11,-6,-12,-5,-11,-5,-12,-5,-12,-4,-13,-4,-13,-5,-14,-5,-14,-5,-14,-6,-13,-6,-13,-7,-12,-7,-12,-8,-11,-8,-11,-9,0,0,0,0,0,0,0,0,0,0,0,0,0,0,0,0,0,0,0,0,0,0,-9,-6,-9,-7,-9,-8,-9,-9,-8,-9,-8,-10,-8,-11,-8,-11,-7,-11,-7,-11,-7,-11,-6,-11,-6,-11,-6,-11,-7,-10,-7,-10,-8,-10,-8,-10,-8,-10,-9,-10,-9,-10,-9,-9,-10,-9,-10,-10,-10,-9,-11,-9]"
2025-08-18 22:37:59.538194,CSI_DATA,416,1a:00:00:00:00:00,-43,11,0,0,0,0,0,0,0,0,0,-94,0,1,0,73825140,0,31,0,128,0,"[0,0,-15,1,-15,0,-15,0,-14,1,-14,1,-13,1,-13,1,-13,2,-13,3,-12,4,-12,4,-11,5,-12,5,-12,6,-12,5,-13,6,-12,6,-13,6,-13,6,-13,5,-14,5,-14,4,-13,4,-14,4,-14,3,-14,2,0,0,0,0,0,0,0,0,0,0,0,0,0,0,0,0,0,0,0,0,0,0,-11,2,-12,1,-12,0,-13,-1,-12,-1,-13,-2,-13,-3,-13,-3,-13,-4,-13,-3,-13,-3,-13,-3,-12,-3,-12,-3,-13,-3,-12,-3,-13,-2,-12,-1,-13,-1,-13,-1,-14,-1,-14,-1,-14,1,-14,1,-15,1,-15,1]"
2025-08-18 22:37:59.748675,CSI_DATA,417,1a:00:00:00:00:00,-43,11,0,0,0,0,0,0,0,0,0,-94,0,1,0,74026342,0,31,0,128,0,"[0,0,-10,10,-10,9,-10,9,-9,9,-9,10,-9,10,-8,9,-8,10,-7,10,-6,10,-6,10,-6,11,-5,11,-5,11,-5,11,-5,12,-5,12,-5,13,-6,13,-6,13,-6,12,-7,12,-8,12,-8,11,-9,10,-9,10,0,0,0,0,0,0,0,0,0,0,0,0,0,0,0,0,0,0,0,0,0,0,-7,8,-8,8,-9,7,-10,7,-10,7,-11,7,-11,6,-11,6,-12,6,-12,5,-12,5,-12,5,-11,5,-11,5,-11,5,-11,5,-10,6,-10,7,-10,7,-10,8,-10,8,-10,8,-10,9,-10,9,-10,9,-10,10]"
2025-08-18 22:37:59.943492,CSI_DATA,418,1a:00:00:00:00:00,-43,11,0,0,0,0,0,0,0,0,0,-94,0,1,0,74227437,0,31,0,128,0,"[0,0,-12,-8,-12,-8,-12,-8,-12,-7,-12,-7,-12,-6,-12,-6,-12,-5,-12,-5,-12,-4,-12,-4,-12,-3,-12,-3,-13,-2,-13,-2,-13,-2,-13,-2,-14,-2,-14,-2,-14,-3,-14,-3,-14,-4,-13,-5,-13,-5,-13,-5,-12,-7,0,0,0,0,0,0,0,0,0,0,0,0,0,0,0,0,0,0,0,0,0,0,-10,-5,-10,-6,-10,-7,-10,-8,-9,-8,-9,-9,-9,-10,-9,-10,-8,-10,-8,-10,-8,-10,-8,-10,-8,-10,-8,-10,-8,-9,-8,-9,-9,-9,-9,-8,-10,-9,-10,-8,-10,-8,-11,-8,-11,-8,-12,-8,-12,-8,-12,-8]"
2025-08-18 22:38:00.138661,CSI_DATA,419,1a:00:00:00:00:00,-43,11,0,0,0,0,0,0,0,0,0,-94,0,1,0,74428646,0,31,0,128,0,"[0,0,13,-2,13,-3,13,-3,13,-3,13,-4,12,-4,12,-4,11,-5,11,-5,10,-6,10,-6,10,-7,10,-7,10,-7,10,-8,10,-8,11,-9,11,-9,11,-8,12,-8,12,-8,12,-7,12,-7,12,-6,12,-5,13,-4,0,0,0,0,0,0,0,0,0,0,0,0,0,0,0,0,0,0,0,0,0,0,10,-3,11,-2,11,-2,11,-1,12,-1,12,0,12,1,12,1,12,2,12,2,12,2,11,2,12,2,11,1,11,1,11,1,11,0,12,0,12,-1,12,-1,12,-1,13,-2,13,-2,13,-2,13,-2,14,-2]"
2025-08-18 22:38:00.338999,CSI_DATA,420,1a:00:00:00:00:00,-43,11,0,0,0,0,0,0,0,0,0,-94,0,1,0,74629836,0,31,0,128,0,"[0,0,9,-10,9,-10,8,-10,8,-10,7,-10,7,-10,7,-10,6,-10,6,-10,5,-11,4,-11,4,-11,4,-11,3,-12,3,-12,3,-12,4,-13,4,-13,4,-13,5,-13,5,-13,6,-12,6,-12,6,-12,7,-11,7,-10,0,0,0,0,0,0,0,0,0,0,0,0,0,0,0,0,0,0,0,0,0,0,5,-9,6,-9,7,-9,8,-8,8,-8,9,-8,9,-7,10,-7,10,-7,10,-6,10,-6,10,-6,9,-6,9,-6,9,-6,9,-7,9,-7,8,-8,8,-8,8,-8,8,-9,8,-9,8,-10,8,-10,8,-10,8,-10]"
2025-08-18 22:38:00.408377,CSI_DATA,421,1a:00:00:00:00:00,-43,11,0,0,0,0,0,0,0,0,0,-94,0,1,0,74690160,0,42,0,128,0,"[0,0,-9,-11,-9,-11,-9,-11,-9,-10,-9,-10,-9,-10,-9,-9,-9,-8,-10,-8,-10,-7,-10,-7,-11,-7,-11,-6,-11,-6,-12,-6,-12,-6,-12,-6,-13,-6,-13,-7,-13,-7,-13,-7,-12,-8,-12,-8,-11,-9,-11,-9,-10,-10,0,0,0,0,0,0,0,0,0,0,0,0,0,0,0,0,0,0,0,0,0,0,-8,-8,-7,-9,-7,-10,-6,-11,-6,-11,-6,-12,-5,-12,-5,-12,-4,-12,-4,-12,-4,-12,-4,-12,-4,-12,-4,-12,-4,-11,-5,-11,-5,-11,-6,-11,-6,-11,-7,-11,-7,-11,-8,-11,-8,-11,-9,-11,-9,-11,-9,-11]"
2025-08-18 22:38:00.674277,CSI_DATA,422,1a:00:00:00:00:00,-43,11,0,0,0,0,0,0,0,0,0,-94,0,1,0,74757976,0,31,0,128,0,"[0,0,12,-7,12,-7,11,-7,11,-7,11,-7,10,-7,10,-7,10,-8,9,-8,8,-9,8,-9,8,-9,8,-9,7,-10,8,-11,8,-11,8,-11,8,-11,8,-11,9,-11,9,-11,10,-10,10,-10,11,-9,11,-8,11,-7,0,0,0,0,0,0,0,0,0,0,0,0,0,0,0,0,0,0,0,0,0,0,8,-7,9,-6,10,-6,10,-5,11,-5,11,-5,12,-4,12,-4,12,-3,12,-2,12,-2,12,-2,12,-2,11,-2,11,-3,11,-3,11,-4,11,-4,11,-5,11,-5,11,-5,11,-6,12,-6,12,-6,12,-7,12,-7]"
2025-08-18 22:38:00.680733,CSI_DATA,423,1a:00:00:00:00:00,-43,11,0,0,0,0,0,0,0,0,0,-94,0,1,0,74958920,0,31,0,128,0,"[0,0,-13,-8,-13,-7,-12,-7,-13,-7,-12,-6,-12,-6,-12,-5,-12,-5,-12,-4,-12,-3,-12,-3,-12,-2,-13,-2,-13,-2,-13,-1,-14,-1,-14,-2,-14,-2,-15,-2,-15,-2,-15,-3,-14,-4,-14,-4,-14,-5,-13,-5,-13,-6,0,0,0,0,0,0,0,0,0,0,0,0,0,0,0,0,0,0,0,0,0,0,-10,-5,-10,-6,-10,-7,-10,-7,-10,-8,-10,-8,-10,-9,-9,-9,-9,-10,-9,-10,-9,-10,-8,-10,-8,-10,-8,-9,-9,-9,-9,-9,-9,-8,-10,-8,-10,-8,-11,-8,-11,-8,-11,-8,-12,-7,-12,-7,-12,-8,-13,-7]"
2025-08-18 22:38:00.865804,CSI_DATA,424,1a:00:00:00:00:00,-43,11,0,0,0,0,0,0,0,0,0,-94,0,1,0,75160020,0,31,0,128,0,"[0,0,4,13,4,12,4,12,4,12,4,12,4,11,5,11,5,10,5,10,6,9,6,9,7,9,7,9,8,9,8,8,9,9,8,9,9,9,9,10,8,10,8,10,7,11,7,11,6,11,6,11,5,12,0,0,0,0,0,0,0,0,0,0,0,0,0,0,0,0,0,0,0,0,0,0,4,9,4,10,3,10,2,11,2,11,1,12,1,12,0,12,0,12,-1,12,-1,12,-1,11,0,12,0,11,0,11,0,11,1,11,1,11,2,11,2,11,2,12,3,12,4,12,4,12,4,13,4,13]"
2025-08-18 22:38:01.071111,CSI_DATA,425,1a:00:00:00:00:00,-43,11,0,0,0,0,0,0,0,0,0,-94,0,1,0,75361154,0,31,0,128,0,"[0,0,13,-2,13,-2,13,-2,12,-3,13,-3,12,-3,11,-4,11,-4,11,-4,10,-5,10,-5,10,-6,10,-6,10,-7,10,-7,11,-7,10,-7,11,-8,12,-8,12,-7,12,-7,12,-6,12,-5,12,-5,12,-4,13,-3,0,0,0,0,0,0,0,0,0,0,0,0,0,0,0,0,0,0,0,0,0,0,10,-3,11,-3,11,-2,11,-1,11,-1,12,0,12,0,12,1,12,1,12,2,12,2,11,2,11,2,11,2,11,1,11,1,11,0,11,0,12,0,12,-1,12,-1,13,-1,12,-2,13,-2,13,-2,13,-2]"
2025-08-18 22:38:01.267498,CSI_DATA,426,1a:00:00:00:00:00,-43,11,0,0,0,0,0,0,0,0,0,-94,0,1,0,75562401,0,31,0,128,0,"[0,0,8,11,7,11,8,11,8,10,8,10,8,9,8,9,8,8,8,8,9,7,9,7,10,6,10,6,10,6,11,6,11,6,11,6,12,6,12,7,11,7,11,7,11,8,10,8,10,9,9,9,9,10,0,0,0,0,0,0,0,0,0,0,0,0,0,0,0,0,0,0,0,0,0,0,7,7,7,8,6,9,6,10,5,10,5,11,4,11,4,12,3,12,3,12,3,12,3,11,3,11,3,11,3,11,4,11,4,11,5,10,5,11,6,11,6,10,6,11,7,11,7,11,8,11,8,11]"
2025-08-18 22:38:01.477464,CSI_DATA,427,1a:00:00:00:00:00,-43,11,0,0,0,0,0,0,0,0,0,-94,0,1,0,75763507,0,31,0,128,0,"[0,0,0,-14,0,-14,0,-14,0,-14,-1,-13,-1,-13,-2,-13,-2,-13,-2,-12,-3,-12,-3,-12,-4,-12,-4,-12,-5,-12,-6,-12,-6,-12,-6,-13,-6,-13,-6,-13,-5,-13,-5,-14,-4,-14,-4,-14,-3,-14,-2,-14,-1,-14,0,0,0,0,0,0,0,0,0,0,0,0,0,0,0,0,0,0,0,0,0,0,-1,-11,0,-11,1,-12,1,-12,2,-13,3,-12,3,-12,4,-12,4,-12,5,-12,5,-12,5,-11,4,-11,4,-11,4,-11,3,-12,3,-12,2,-12,2,-12,1,-12,1,-13,1,-13,1,-14,1,-14,1,-14,0,-14]"
2025-08-18 22:38:01.679124,CSI_DATA,428,1a:00:00:00:00:00,-43,11,0,0,0,0,0,0,0,0,0,-94,0,1,0,75964665,0,31,0,128,0,"[0,0,-12,8,-12,8,-12,8,-11,8,-11,8,-10,8,-10,8,-9,9,-9,8,-8,9,-8,9,-7,10,-7,10,-7,11,-7,11,-7,11,-7,11,-8,12,-8,12,-8,11,-9,11,-9,11,-9,10,-10,10,-10,9,-11,8,0,0,0,0,0,0,0,0,0,0,0,0,0,0,0,0,0,0,0,0,0,0,-8,7,-9,7,-10,7,-11,6,-11,6,-12,6,-12,5,-13,5,-12,4,-12,4,-12,4,-12,3,-12,4,-12,4,-12,4,-11,4,-12,5,-11,5,-12,6,-11,6,-12,6,-12,7,-11,7,-12,8,-12,8,-11,8]"
2025-08-18 22:38:01.876463,CSI_DATA,429,1a:00:00:00:00:00,-43,11,0,0,0,0,0,0,0,0,0,-94,0,1,0,76166040,0,31,0,128,0,"[0,0,-10,9,-10,9,-9,9,-9,9,-9,9,-9,9,-8,9,-7,10,-7,9,-6,10,-6,10,-5,10,-5,11,-5,11,-4,12,-4,11,-5,12,-5,12,-5,13,-5,12,-6,12,-6,12,-7,12,-7,11,-8,10,-8,10,0,0,0,0,0,0,0,0,0,0,0,0,0,0,0,0,0,0,0,0,0,0,-7,8,-8,7,-9,7,-10,7,-10,7,-11,6,-11,6,-12,5,-12,5,-12,5,-12,5,-12,4,-11,4,-11,5,-11,5,-11,5,-10,6,-10,6,-10,6,-10,7,-10,7,-10,8,-10,9,-10,9,-10,9,-10,9]"
2025-08-18 22:38:01.945467,CSI_DATA,430,1a:00:00:00:00:00,-43,11,0,0,0,0,0,0,0,0,0,-94,0,1,0,76226435,0,42,0,128,0,"[0,0,-10,10,-9,10,-9,10,-9,10,-8,10,-8,10,-8,10,-7,10,-7,10,-6,10,-5,10,-4,11,-5,11,-4,11,-4,11,-4,12,-4,12,-5,12,-5,13,-6,12,-6,12,-6,12,-7,11,-7,11,-8,10,-8,10,0,0,0,0,0,0,0,0,0,0,0,0,0,0,0,0,0,0,0,0,0,0,-6,9,-7,8,-8,8,-9,8,-9,8,-10,8,-10,7,-11,7,-11,7,-11,6,-11,6,-11,6,-11,6,-11,6,-10,6,-10,6,-10,7,-9,7,-10,8,-9,8,-9,9,-9,9,-9,9,-9,10,-10,10,-9,10]"
2025-08-18 22:38:02.005189,CSI_DATA,431,1a:00:00:00:00:00,-43,11,0,0,0,0,0,0,0,0,0,-94,0,1,0,76293454,0,31,0,128,0,"[0,0,4,-15,4,-14,4,-14,3,-14,3,-14,3,-13,2,-13,2,-13,1,-13,0,-13,0,-13,-1,-13,-1,-13,-2,-14,-2,-13,-2,-14,-2,-14,-2,-15,-2,-15,-1,-15,-1,-15,0,-15,1,-15,1,-15,2,-14,3,-14,0,0,0,0,0,0,0,0,0,0,0,0,0,0,0,0,0,0,0,0,0,0,2,-11,2,-12,3,-12,4,-12,5,-12,6,-12,6,-12,7,-12,7,-11,7,-11,8,-10,8,-10,8,-10,7,-10,7,-11,6,-11,6,-11,5,-11,5,-12,5,-12,5,-13,5,-13,4,-14,4,-14,5,-14,4,-14]"
2025-08-18 22:38:02.408057,CSI_DATA,432,1a:00:00:00:00:00,-43,11,0,0,0,0,0,0,0,0,0,-94,0,1,0,76494624,0,31,0,128,0,"[0,0,-14,4,-13,4,-13,4,-13,5,-12,5,-12,5,-12,5,-11,5,-11,6,-10,6,-10,7,-10,7,-9,8,-9,8,-9,8,-9,9,-9,9,-10,9,-11,9,-11,9,-11,8,-11,8,-12,7,-12,7,-12,6,-12,5,0,0,0,0,0,0,0,0,0,0,0,0,0,0,0,0,0,0,0,0,0,0,-10,5,-10,4,-11,3,-12,3,-12,2,-12,2,-13,1,-13,1,-13,0,-13,0,-13,0,-13,0,-13,0,-12,0,-12,0,-12,1,-12,1,-12,2,-12,2,-13,3,-13,3,-13,3,-13,4,-13,4,-14,4,-14,4]"
2025-08-18 22:38:02.413251,CSI_DATA,433,1a:00:00:00:00:00,-43,11,0,0,0,0,0,0,0,0,0,-94,0,1,0,76695750,0,31,0,128,0,"[0,0,-14,2,-14,2,-14,2,-14,2,-13,3,-13,3,-12,3,-12,4,-12,4,-11,5,-11,5,-10,6,-11,6,-10,7,-11,7,-11,7,-11,8,-11,8,-12,8,-12,7,-13,7,-12,7,-13,6,-13,5,-13,5,-13,4,0,0,0,0,0,0,0,0,0,0,0,0,0,0,0,0,0,0,0,0,0,0,-11,3,-11,2,-12,1,-12,1,-13,0,-13,0,-13,-1,-13,-2,-13,-2,-13,-3,-13,-3,-13,-3,-13,-2,-12,-2,-12,-2,-13,-1,-12,-1,-13,0,-13,0,-13,1,-13,1,-14,1,-14,2,-14,2,-14,2,-14,2]"
2025-08-18 22:38:02.611078,CSI_DATA,434,1a:00:00:00:00:00,-43,11,0,0,0,0,0,0,0,0,0,-94,0,1,0,76896881,0,31,0,128,0,"[0,0,-15,-3,-14,-3,-14,-3,-14,-2,-14,-2,-13,-2,-13,-2,-13,-1,-13,0,-12,1,-12,1,-12,2,-12,2,-12,2,-13,3,-13,3,-13,3,-14,3,-14,2,-14,2,-14,1,-14,1,-14,1,-14,0,-14,0,-14,-1,0,0,0,0,0,0,0,0,0,0,0,0,0,0,0,0,0,0,0,0,0,0,-12,0,-12,-1,-12,-2,-12,-3,-12,-4,-12,-4,-12,-5,-12,-6,-12,-6,-12,-7,-12,-6,-12,-6,-12,-6,-12,-6,-11,-6,-12,-5,-12,-5,-12,-4,-12,-4,-13,-4,-13,-4,-13,-4,-14,-3,-14,-3,-14,-3,-14,-3]"
2025-08-18 22:38:02.812994,CSI_DATA,435,1a:00:00:00:00:00,-43,11,0,0,0,0,0,0,0,0,0,-94,0,1,0,77098043,0,31,0,128,0,"[0,0,-14,-3,-14,-3,-14,-3,-14,-2,-13,-2,-13,-2,-13,-1,-12,-1,-12,0,-12,0,-12,1,-12,1,-12,2,-12,2,-12,3,-12,3,-13,3,-13,3,-14,3,-14,3,-14,2,-13,1,-13,1,-13,0,-13,0,-13,-1,0,0,0,0,0,0,0,0,0,0,0,0,0,0,0,0,0,0,0,0,0,0,-11,-1,-12,-1,-12,-2,-12,-3,-13,-4,-12,-4,-13,-5,-12,-6,-12,-6,-12,-6,-12,-7,-11,-6,-11,-6,-11,-6,-11,-6,-11,-5,-12,-5,-12,-4,-12,-4,-13,-4,-13,-4,-13,-3,-14,-3,-14,-3,-14,-3,-14,-3]"
2025-08-18 22:38:03.009450,CSI_DATA,436,1a:00:00:00:00:00,-43,11,0,0,0,0,0,0,0,0,0,-94,0,1,0,77299403,0,31,0,128,0,"[0,0,-8,11,-8,11,-8,11,-7,11,-7,11,-7,10,-6,10,-6,11,-5,11,-4,11,-4,11,-3,11,-3,11,-3,11,-2,12,-2,12,-2,12,-2,13,-3,13,-3,13,-4,13,-4,13,-5,13,-5,12,-6,12,-7,11,0,0,0,0,0,0,0,0,0,0,0,0,0,0,0,0,0,0,0,0,0,0,-5,10,-6,10,-7,10,-8,9,-8,9,-9,9,-10,9,-10,8,-10,8,-11,8,-11,8,-10,7,-10,7,-10,7,-10,7,-9,8,-9,8,-9,9,-9,9,-9,9,-9,10,-8,10,-8,11,-8,11,-8,11,-8,11]"
2025-08-18 22:38:03.205463,CSI_DATA,437,1a:00:00:00:00:00,-43,11,0,0,0,0,0,0,0,0,0,-94,0,1,0,77500565,0,31,0,128,0,"[0,0,10,9,10,9,10,8,10,8,10,7,10,8,10,7,10,6,10,6,11,5,11,5,11,4,11,4,11,4,12,3,12,3,13,3,13,4,13,4,13,4,13,5,12,6,12,6,11,7,11,7,10,8,0,0,0,0,0,0,0,0,0,0,0,0,0,0,0,0,0,0,0,0,0,0,9,5,9,6,8,7,8,8,8,8,8,9,7,10,7,10,7,10,6,10,6,10,6,10,6,10,6,10,6,9,6,9,7,9,8,9,8,9,8,9,9,9,9,9,10,9,10,9,10,9,11,9]"
2025-08-18 22:38:03.412725,CSI_DATA,438,1a:00:00:00:00:00,-43,11,0,0,0,0,0,0,0,0,0,-94,0,1,0,77701673,0,31,0,128,0,"[0,0,13,-6,12,-7,12,-6,12,-7,11,-7,11,-7,10,-7,10,-8,10,-8,9,-9,9,-9,8,-9,8,-10,8,-10,8,-11,8,-11,8,-11,8,-11,9,-11,9,-11,10,-10,10,-10,10,-9,11,-9,11,-8,11,-7,0,0,0,0,0,0,0,0,0,0,0,0,0,0,0,0,0,0,0,0,0,0,8,-6,9,-6,10,-5,10,-4,11,-4,11,-4,12,-3,12,-3,12,-2,12,-2,12,-1,12,-1,11,-2,11,-2,11,-2,11,-2,11,-3,11,-4,11,-4,11,-4,12,-5,12,-5,12,-6,12,-6,13,-6,13,-7]"
2025-08-18 22:38:03.474345,CSI_DATA,439,1a:00:00:00:00:00,-43,11,0,0,0,0,0,0,0,0,0,-94,0,1,0,77762015,0,42,0,128,0,"[0,0,4,-14,4,-14,4,-14,3,-13,3,-13,3,-13,2,-13,1,-13,1,-13,0,-13,0,-13,-1,-13,-1,-13,-2,-13,-2,-13,-2,-13,-2,-14,-2,-14,-2,-15,-2,-15,-1,-15,0,-15,0,-15,1,-14,1,-14,2,-14,0,0,0,0,0,0,0,0,0,0,0,0,0,0,0,0,0,0,0,0,0,0,2,-10,2,-11,4,-11,4,-11,5,-11,5,-11,6,-11,6,-11,7,-10,7,-10,7,-10,7,-10,7,-10,7,-10,6,-10,6,-10,5,-11,5,-11,5,-11,5,-12,5,-12,4,-13,4,-13,4,-14,4,-14,4,-14]"
2025-08-18 22:38:03.535433,CSI_DATA,440,1a:00:00:00:00:00,-43,11,0,0,0,0,0,0,0,0,0,-94,0,1,0,77829123,0,31,0,128,0,"[0,0,3,14,2,13,2,13,3,12,3,13,3,12,4,12,4,11,4,11,5,10,5,10,6,10,6,10,7,10,7,10,8,10,7,10,8,11,8,12,7,12,7,12,6,12,5,12,4,13,3,13,3,13,0,0,0,0,0,0,0,0,0,0,0,0,0,0,0,0,0,0,0,0,0,0,3,9,3,10,2,10,1,11,1,10,1,11,0,12,0,12,-1,11,-1,11,-2,12,-2,11,-1,11,-1,11,-1,11,-1,11,0,11,0,11,1,12,2,12,2,12,2,12,2,12,2,13,3,13,3,14]"
2025-08-18 22:38:03.745265,CSI_DATA,441,1a:00:00:00:00:00,-43,11,0,0,0,0,0,0,0,0,0,-94,0,1,0,78030219,0,31,0,128,0,"[0,0,-15,-3,-14,-3,-14,-3,-14,-3,-14,-2,-14,-2,-13,-1,-13,-1,-13,0,-13,0,-13,1,-13,1,-13,2,-13,2,-13,3,-13,3,-14,3,-15,3,-15,3,-15,2,-15,2,-15,1,-15,0,-15,0,-15,-1,-15,-2,0,0,0,0,0,0,0,0,0,0,0,0,0,0,0,0,0,0,0,0,0,0,-10,-2,-11,-2,-11,-3,-11,-4,-11,-4,-11,-5,-11,-6,-11,-6,-11,-6,-11,-7,-11,-7,-11,-7,-11,-7,-11,-6,-11,-6,-11,-5,-11,-5,-12,-5,-12,-5,-12,-4,-13,-4,-13,-3,-14,-3,-14,-3,-14,-3,-14,-3]"
2025-08-18 22:38:03.941345,CSI_DATA,442,1a:00:00:00:00:00,-42,11,0,0,0,0,0,0,0,0,0,-94,0,1,0,78231350,0,31,0,128,0,"[0,0,6,-13,6,-13,6,-13,6,-13,5,-13,5,-12,5,-12,4,-13,4,-12,3,-12,2,-13,1,-13,1,-13,1,-14,0,-13,0,-14,1,-14,1,-15,1,-15,2,-15,2,-15,3,-15,3,-14,3,-14,4,-13,5,-13,0,0,0,0,0,0,0,0,0,0,0,0,0,0,0,0,0,0,0,0,0,0,3,-10,4,-10,5,-10,5,-10,6,-10,7,-10,8,-10,8,-9,8,-9,8,-9,8,-9,8,-9,8,-9,8,-9,8,-9,7,-9,7,-10,7,-10,7,-11,7,-11,7,-11,7,-12,6,-12,6,-13,6,-13,6,-13]"
2025-08-18 22:38:04.136796,CSI_DATA,443,1a:00:00:00:00:00,-42,11,0,0,0,0,0,0,0,0,0,-94,0,1,0,78432735,0,31,0,128,0,"[0,0,11,8,10,8,10,7,10,7,11,7,10,6,10,6,11,5,10,5,11,4,11,4,11,3,11,3,11,2,12,2,13,2,13,2,13,3,13,3,13,3,13,4,13,4,12,5,12,6,11,6,11,7,0,0,0,0,0,0,0,0,0,0,0,0,0,0,0,0,0,0,0,0,0,0,8,5,8,5,8,6,8,7,8,7,8,8,7,9,7,9,7,9,6,9,6,10,6,10,6,9,6,9,6,9,7,8,7,8,8,8,8,8,9,8,9,8,9,8,10,8,10,8,10,8,11,8]"
2025-08-18 22:38:04.346820,CSI_DATA,444,1a:00:00:00:00:00,-43,11,0,0,0,0,0,0,0,0,0,-94,0,1,0,78633859,0,31,0,128,0,"[0,0,3,-13,3,-14,3,-13,3,-14,2,-13,2,-13,1,-13,1,-13,0,-12,0,-13,-1,-13,-1,-12,-2,-12,-2,-12,-3,-13,-3,-13,-3,-14,-3,-14,-2,-14,-2,-15,-1,-14,-1,-15,0,-15,1,-15,1,-14,2,-13,0,0,0,0,0,0,0,0,0,0,0,0,0,0,0,0,0,0,0,0,0,0,1,-10,2,-10,3,-11,3,-11,4,-11,5,-11,5,-11,6,-11,6,-11,7,-10,7,-10,6,-10,6,-10,6,-10,5,-10,5,-11,5,-11,4,-11,4,-11,4,-12,4,-12,3,-13,3,-13,3,-14,3,-13,3,-14]"
2025-08-18 22:38:04.547310,CSI_DATA,445,1a:00:00:00:00:00,-43,11,0,0,0,0,0,0,0,0,0,-94,0,1,0,78835316,0,31,0,128,0,"[0,0,-14,3,-14,3,-14,3,-13,3,-13,4,-13,4,-12,4,-12,4,-11,5,-11,6,-11,6,-10,6,-10,7,-10,7,-10,8,-10,8,-11,8,-11,8,-12,8,-12,8,-12,7,-12,7,-13,6,-13,6,-13,5,-13,4,0,0,0,0,0,0,0,0,0,0,0,0,0,0,0,0,0,0,0,0,0,0,-10,4,-11,3,-11,2,-12,2,-12,1,-13,1,-13,0,-13,0,-13,-1,-13,-1,-13,-1,-13,-1,-12,-1,-12,-1,-12,-1,-12,0,-12,0,-12,1,-13,1,-13,2,-13,2,-13,2,-14,3,-14,3,-14,3,-14,4]"
2025-08-18 22:38:04.747711,CSI_DATA,446,1a:00:00:00:00:00,-42,11,0,0,0,0,0,0,0,0,0,-94,0,1,0,79036213,0,31,0,128,0,"[0,0,-14,5,-14,5,-13,5,-13,5,-13,5,-12,5,-12,6,-11,6,-11,6,-10,7,-10,7,-10,7,-10,8,-10,8,-10,9,-9,9,-10,9,-10,9,-11,9,-11,9,-11,8,-11,8,-12,7,-12,6,-12,5,-12,5,0,0,0,0,0,0,0,0,0,0,0,0,0,0,0,0,0,0,0,0,0,0,-10,5,-10,4,-11,4,-11,3,-12,3,-12,2,-13,2,-13,1,-13,1,-13,0,-13,0,-12,0,-13,0,-12,0,-12,1,-12,1,-12,2,-12,2,-12,3,-12,3,-13,3,-13,4,-13,4,-14,4,-14,4,-13,5]"
2025-08-18 22:38:04.952056,CSI_DATA,447,1a:00:00:00:00:00,-42,11,0,0,0,0,0,0,0,0,0,-94,0,1,0,79237352,0,31,0,128,0,"[0,0,-1,-15,-2,-14,-2,-14,-2,-14,-2,-14,-3,-13,-3,-13,-3,-13,-4,-12,-5,-12,-5,-12,-5,-12,-6,-12,-6,-12,-7,-12,-7,-12,-7,-12,-7,-12,-7,-13,-6,-13,-6,-13,-6,-14,-5,-14,-4,-13,-3,-13,-3,-13,0,0,0,0,0,0,0,0,0,0,0,0,0,0,0,0,0,0,0,0,0,0,-3,-11,-2,-11,-1,-12,-1,-12,0,-12,0,-12,1,-12,2,-13,2,-12,2,-13,2,-12,3,-12,2,-12,2,-12,2,-12,1,-12,1,-12,0,-13,0,-13,0,-13,-1,-13,-1,-14,-1,-14,-1,-14,-1,-14,-2,-14]"
2025-08-18 22:38:05.008713,CSI_DATA,448,1a:00:00:00:00:00,-42,11,0,0,0,0,0,0,0,0,0,-94,0,1,0,79297781,0,42,0,128,0,"[0,0,12,-7,12,-8,11,-8,11,-8,11,-8,10,-8,10,-8,9,-8,9,-8,8,-9,8,-9,8,-10,7,-10,7,-10,7,-11,7,-11,7,-11,8,-12,8,-12,8,-11,9,-11,9,-10,9,-10,10,-9,10,-8,10,-8,0,0,0,0,0,0,0,0,0,0,0,0,0,0,0,0,0,0,0,0,0,0,8,-7,9,-6,9,-6,10,-5,10,-5,11,-5,11,-4,11,-4,12,-3,12,-3,12,-2,11,-2,11,-3,11,-3,11,-3,11,-4,11,-4,11,-5,11,-5,11,-6,11,-6,11,-7,11,-7,12,-7,12,-7,12,-8]"
2025-08-18 22:38:05.074721,CSI_DATA,449,1a:00:00:00:00:00,-42,11,0,0,0,0,0,0,0,0,0,-94,0,1,0,79366756,0,31,0,128,0,"[0,0,0,14,0,14,0,13,1,14,1,13,1,13,1,12,2,12,2,11,3,12,4,11,4,11,4,11,5,11,6,11,5,11,6,12,6,11,6,12,5,12,5,13,4,13,3,13,3,13,2,12,1,12,0,0,0,0,0,0,0,0,0,0,0,0,0,0,0,0,0,0,0,0,0,0,1,10,1,10,0,11,-1,11,-1,11,-2,11,-3,12,-3,12,-3,12,-4,12,-4,11,-4,11,-4,11,-4,11,-3,11,-3,12,-2,11,-2,12,-2,12,-1,12,-1,13,-1,13,0,14,0,14,0,14,0,14]"
2025-08-18 22:38:05.284684,CSI_DATA,450,1a:00:00:00:00:00,-42,11,0,0,0,0,0,0,0,0,0,-94,0,1,0,79567925,0,31,0,128,0,"[0,0,-11,-10,-10,-10,-11,-10,-10,-9,-11,-9,-10,-9,-10,-8,-11,-8,-11,-7,-11,-6,-11,-6,-12,-6,-12,-6,-12,-5,-12,-5,-13,-5,-13,-5,-13,-6,-14,-6,-13,-6,-13,-7,-13,-7,-12,-8,-12,-8,-11,-8,-11,-9,0,0,0,0,0,0,0,0,0,0,0,0,0,0,0,0,0,0,0,0,0,0,-9,-6,-9,-7,-9,-8,-9,-9,-8,-9,-8,-10,-8,-10,-8,-11,-7,-11,-7,-11,-7,-11,-7,-11,-7,-11,-7,-11,-7,-11,-7,-10,-8,-10,-8,-10,-9,-10,-9,-10,-9,-10,-10,-10,-10,-10,-10,-10,-11,-10,-11,-10]"
2025-08-18 22:38:05.474419,CSI_DATA,451,1a:00:00:00:00:00,-42,11,0,0,0,0,0,0,0,0,0,-94,0,1,0,79770528,0,31,0,128,0,"[0,0,11,7,11,7,11,7,12,6,11,6,11,6,11,5,11,4,11,4,11,3,11,3,11,2,11,2,12,2,12,1,13,1,13,1,13,2,13,2,14,2,13,3,13,3,13,4,12,5,12,5,11,6,0,0,0,0,0,0,0,0,0,0,0,0,0,0,0,0,0,0,0,0,0,0,9,4,9,5,9,5,8,6,9,7,9,7,8,8,8,8,8,8,7,9,7,9,7,9,7,9,7,9,7,8,8,8,8,7,9,7,9,7,10,7,10,7,10,7,11,7,11,7,11,7,12,7]"
2025-08-18 22:38:05.683342,CSI_DATA,452,1a:00:00:00:00:00,-42,11,0,0,0,0,0,0,0,0,0,-94,0,1,0,79970196,0,31,0,128,0,"[0,0,-15,0,-15,0,-14,0,-14,1,-14,1,-13,1,-13,1,-13,2,-13,2,-12,3,-12,4,-12,4,-12,4,-12,5,-12,5,-12,5,-13,6,-13,5,-14,5,-14,5,-14,4,-14,3,-14,3,-14,2,-14,2,-14,1,0,0,0,0,0,0,0,0,0,0,0,0,0,0,0,0,0,0,0,0,0,0,-10,2,-11,1,-11,0,-12,0,-12,-1,-13,-1,-13,-2,-13,-3,-13,-3,-13,-3,-12,-3,-12,-3,-12,-3,-12,-3,-12,-3,-12,-2,-12,-2,-13,-1,-13,-1,-13,-1,-13,-1,-14,0,-14,0,-14,1,-15,0,-15,1]"
2025-08-18 22:38:05.881074,CSI_DATA,453,1a:00:00:00:00:00,-42,11,0,0,0,0,0,0,0,0,0,-94,0,1,0,80171362,0,31,0,128,0,"[0,0,14,-2,13,-2,13,-2,13,-3,13,-3,12,-3,12,-3,11,-4,11,-4,11,-5,11,-5,11,-6,10,-6,10,-7,11,-7,11,-7,11,-7,11,-8,12,-7,12,-7,13,-6,12,-6,13,-5,13,-5,12,-4,13,-3,0,0,0,0,0,0,0,0,0,0,0,0,0,0,0,0,0,0,0,0,0,0,9,-3,10,-2,10,-1,11,-1,11,-1,11,0,12,1,12,1,12,2,12,2,12,2,11,2,11,2,11,2,11,1,11,1,11,0,11,0,12,0,12,-1,12,-1,13,-1,13,-2,13,-2,13,-2,14,-3]"
2025-08-18 22:38:06.088802,CSI_DATA,454,1a:00:00:00:00:00,-42,11,0,0,0,0,0,0,0,0,0,-94,0,1,0,80372509,0,31,0,128,0,"[0,0,-6,-13,-6,-13,-6,-13,-6,-13,-6,-13,-7,-12,-7,-12,-7,-11,-7,-10,-8,-10,-8,-10,-9,-9,-9,-10,-9,-9,-10,-9,-10,-9,-10,-10,-11,-10,-11,-10,-10,-11,-10,-11,-9,-11,-8,-12,-8,-12,-7,-12,-6,-12,0,0,0,0,0,0,0,0,0,0,0,0,0,0,0,0,0,0,0,0,0,0,-5,-9,-5,-10,-5,-11,-4,-11,-3,-12,-3,-12,-3,-13,-2,-13,-2,-13,-1,-13,-1,-13,-1,-12,-1,-12,-1,-12,-2,-12,-2,-11,-3,-11,-3,-12,-3,-13,-4,-12,-4,-13,-5,-13,-5,-13,-6,-13,-6,-13,-6,-14]"
2025-08-18 22:38:06.282491,CSI_DATA,455,1a:00:00:00:00:00,-42,11,0,0,0,0,0,0,0,0,0,-94,0,1,0,80573906,0,31,0,128,0,"[0,0,14,1,13,1,13,0,13,0,13,0,12,0,12,-1,12,-1,11,-2,12,-3,11,-3,11,-3,11,-4,11,-4,12,-5,12,-5,12,-5,12,-5,13,-5,13,-4,13,-4,13,-3,13,-2,13,-2,13,-1,13,0,0,0,0,0,0,0,0,0,0,0,0,0,0,0,0,0,0,0,0,0,0,0,10,-1,10,0,11,1,10,1,11,2,11,3,11,3,11,4,11,4,11,5,11,5,10,5,10,4,10,4,10,4,11,3,11,3,11,2,11,2,12,2,12,2,12,1,13,1,13,1,13,1,14,1]"
2025-08-18 22:38:06.484616,CSI_DATA,456,1a:00:00:00:00:00,-42,11,0,0,0,0,0,0,0,0,0,-94,0,1,0,80774933,0,31,0,128,0,"[0,0,13,-3,13,-3,13,-3,13,-3,12,-4,12,-4,12,-4,11,-5,11,-5,11,-6,10,-6,10,-6,10,-7,10,-7,10,-8,10,-8,11,-8,11,-8,11,-8,12,-8,12,-8,12,-7,12,-6,12,-5,12,-5,12,-4,0,0,0,0,0,0,0,0,0,0,0,0,0,0,0,0,0,0,0,0,0,0,9,-3,10,-2,11,-2,10,-1,11,-1,11,0,12,0,11,1,12,1,12,2,11,2,11,2,11,2,11,1,11,1,11,0,11,0,12,-1,11,-1,12,-1,12,-2,12,-2,13,-2,13,-2,13,-3,13,-3]"
2025-08-18 22:38:06.551236,CSI_DATA,457,1a:00:00:00:00:00,-42,11,0,0,0,0,0,0,0,0,0,-94,0,1,0,80835374,0,42,0,128,0,"[0,0,-13,-8,-13,-8,-12,-7,-13,-7,-12,-7,-12,-6,-12,-6,-12,-5,-12,-4,-12,-4,-12,-3,-13,-3,-13,-2,-13,-2,-13,-2,-14,-1,-14,-2,-14,-2,-14,-2,-15,-3,-14,-3,-14,-4,-14,-5,-14,-5,-13,-5,-13,-6,0,0,0,0,0,0,0,0,0,0,0,0,0,0,0,0,0,0,0,0,0,0,-9,-5,-9,-6,-9,-7,-9,-8,-9,-8,-9,-9,-9,-10,-8,-10,-8,-10,-8,-10,-8,-10,-8,-10,-8,-10,-8,-10,-8,-9,-8,-9,-9,-9,-9,-8,-10,-8,-10,-8,-11,-8,-11,-8,-12,-8,-12,-8,-12,-8,-12,-8]"
2025-08-18 22:38:06.630990,CSI_DATA,458,1a:00:00:00:00:00,-42,11,0,0,0,0,0,0,0,0,0,-94,0,1,0,80901254,0,31,0,128,0,"[0,0,-2,-14,-3,-14,-3,-14,-3,-14,-3,-14,-3,-13,-4,-13,-4,-12,-5,-12,-5,-12,-6,-11,-6,-11,-7,-11,-7,-12,-8,-11,-8,-12,-7,-12,-8,-12,-8,-13,-7,-13,-6,-13,-6,-14,-5,-14,-4,-13,-4,-13,-3,-14,0,0,0,0,0,0,0,0,0,0,0,0,0,0,0,0,0,0,0,0,0,0,-4,-10,-3,-11,-2,-11,-2,-12,-1,-12,-1,-12,0,-13,0,-13,1,-13,1,-13,1,-12,1,-12,1,-12,1,-12,1,-12,0,-12,0,-12,-1,-12,-1,-13,-1,-13,-2,-13,-2,-13,-2,-13,-3,-14,-3,-14,-3,-14]"
2025-08-18 22:38:06.807244,CSI_DATA,459,1a:00:00:00:00:00,-42,11,0,0,0,0,0,0,0,0,0,-94,0,1,0,81102324,0,31,0,128,0,"[0,0,10,10,10,9,9,9,10,9,10,8,9,8,10,7,10,7,10,6,10,5,11,5,11,5,11,4,11,4,12,4,12,4,12,4,13,4,13,4,13,5,13,6,12,6,12,7,11,7,11,7,10,8,0,0,0,0,0,0,0,0,0,0,0,0,0,0,0,0,0,0,0,0,0,0,7,6,7,7,7,8,6,8,6,9,6,10,6,10,5,10,5,11,4,11,4,11,4,11,4,10,4,10,5,10,5,10,6,9,7,9,7,9,7,9,8,9,8,9,9,9,9,10,9,10,9,9]"
2025-08-18 22:38:07.010759,CSI_DATA,460,1a:00:00:00:00:00,-42,11,0,0,0,0,0,0,0,0,0,-94,0,1,0,81303506,0,31,0,128,0,"[0,0,14,2,13,2,13,2,13,1,13,1,12,1,12,0,12,0,12,0,12,-2,12,-2,11,-2,12,-3,12,-3,12,-3,12,-4,12,-3,13,-3,13,-3,14,-3,14,-2,14,-1,13,0,13,0,13,1,13,1,0,0,0,0,0,0,0,0,0,0,0,0,0,0,0,0,0,0,0,0,0,0,9,-1,10,0,10,1,10,2,10,2,11,3,11,4,11,4,10,5,10,5,10,5,10,5,10,5,10,4,10,4,10,4,10,3,11,3,11,3,11,3,12,2,12,2,13,2,13,2,13,2,14,1]"
2025-08-18 22:38:07.217883,CSI_DATA,461,1a:00:00:00:00:00,-42,11,0,0,0,0,0,0,0,0,0,-94,0,1,0,81504747,0,31,0,128,0,"[0,0,1,-14,0,-14,0,-14,0,-14,0,-14,-1,-13,-1,-13,-1,-13,-2,-13,-3,-12,-3,-12,-4,-12,-4,-13,-5,-13,-5,-12,-5,-13,-5,-13,-5,-14,-5,-14,-4,-14,-4,-14,-3,-15,-3,-14,-2,-14,-1,-14,-1,-14,0,0,0,0,0,0,0,0,0,0,0,0,0,0,0,0,0,0,0,0,0,0,-1,-10,0,-11,1,-11,1,-11,2,-12,2,-12,3,-12,4,-12,4,-12,4,-11,4,-11,4,-11,4,-11,4,-11,4,-12,3,-11,3,-12,2,-12,2,-12,2,-13,1,-13,2,-13,1,-13,1,-14,1,-14,1,-14]"
2025-08-18 22:38:07.416756,CSI_DATA,462,1a:00:00:00:00:00,-42,11,0,0,0,0,0,0,0,0,0,-94,0,1,0,81706288,0,31,0,128,0,"[0,0,11,-8,11,-8,11,-8,11,-8,10,-9,9,-9,9,-9,8,-9,8,-9,8,-10,7,-10,6,-10,7,-11,6,-11,6,-12,6,-12,7,-12,7,-12,7,-13,7,-12,8,-12,8,-12,9,-11,9,-10,10,-10,10,-9,0,0,0,0,0,0,0,0,0,0,0,0,0,0,0,0,0,0,0,0,0,0,8,-7,8,-6,9,-6,9,-5,10,-5,10,-5,11,-4,11,-4,11,-4,11,-3,11,-3,11,-3,11,-3,11,-3,10,-4,10,-4,10,-5,10,-5,10,-6,10,-6,10,-7,11,-7,11,-7,11,-8,11,-8,11,-8]"
2025-08-18 22:38:07.627953,CSI_DATA,463,1a:00:00:00:00:00,-42,11,0,0,0,0,0,0,0,0,0,-94,0,1,0,81910498,0,31,0,128,0,"[0,0,-12,-9,-11,-9,-11,-9,-11,-9,-11,-8,-11,-8,-11,-7,-11,-7,-12,-6,-12,-5,-12,-5,-12,-4,-12,-4,-13,-4,-13,-3,-13,-3,-14,-4,-14,-4,-14,-4,-14,-4,-14,-5,-14,-6,-13,-6,-13,-7,-13,-7,-12,-8,0,0,0,0,0,0,0,0,0,0,0,0,0,0,0,0,0,0,0,0,0,0,-9,-6,-9,-7,-8,-8,-8,-9,-8,-9,-8,-10,-7,-10,-7,-11,-7,-11,-7,-11,-7,-11,-7,-11,-7,-10,-7,-10,-7,-10,-7,-10,-8,-10,-8,-9,-9,-9,-9,-9,-10,-9,-10,-9,-11,-9,-11,-9,-11,-9,-11,-9]"
2025-08-18 22:38:07.823533,CSI_DATA,464,1a:00:00:00:00:00,-42,11,0,0,0,0,0,0,0,0,0,-94,0,1,0,82108333,0,31,0,128,0,"[0,0,-13,-6,-13,-6,-13,-6,-13,-6,-13,-5,-12,-5,-13,-4,-12,-4,-12,-3,-13,-2,-13,-2,-13,-2,-13,-2,-13,-1,-14,-1,-14,-1,-14,-1,-15,-1,-15,-1,-15,-1,-15,-2,-14,-3,-14,-3,-14,-4,-13,-5,-13,-5,0,0,0,0,0,0,0,0,0,0,0,0,0,0,0,0,0,0,0,0,0,0,-10,-4,-10,-4,-10,-5,-10,-6,-10,-7,-10,-7,-10,-8,-10,-8,-9,-8,-9,-9,-9,-9,-9,-9,-9,-8,-9,-8,-9,-8,-10,-8,-10,-7,-10,-7,-11,-7,-11,-7,-11,-6,-12,-6,-13,-6,-13,-6,-13,-6,-13,-6]"
2025-08-18 22:38:08.023396,CSI_DATA,465,1a:00:00:00:00:00,-42,11,0,0,0,0,0,0,0,0,0,-94,0,1,0,82309471,0,31,0,128,0,"[0,0,-1,-15,-1,-14,-1,-14,-2,-14,-2,-14,-2,-13,-3,-13,-3,-13,-4,-13,-4,-12,-5,-12,-5,-12,-6,-12,-6,-12,-7,-12,-7,-12,-7,-13,-7,-13,-7,-14,-6,-14,-6,-14,-5,-14,-5,-14,-4,-14,-3,-14,-2,-14,0,0,0,0,0,0,0,0,0,0,0,0,0,0,0,0,0,0,0,0,0,0,-2,-11,-1,-11,0,-12,0,-12,1,-12,1,-12,2,-12,2,-12,3,-13,3,-12,3,-12,3,-12,3,-12,3,-12,3,-12,2,-12,1,-12,1,-12,1,-13,0,-13,0,-13,0,-14,-1,-14,-1,-14,-1,-14,-1,-14]"
2025-08-18 22:38:08.078898,CSI_DATA,466,1a:00:00:00:00:00,-42,11,0,0,0,0,0,0,0,0,0,-94,0,1,0,82369916,0,42,0,128,0,"[0,0,14,-1,13,-1,13,-1,13,-2,13,-2,12,-2,12,-2,12,-3,12,-3,11,-4,11,-5,11,-5,11,-5,11,-6,11,-6,12,-7,12,-6,13,-6,13,-6,13,-6,14,-5,13,-4,13,-4,13,-3,13,-3,13,-1,0,0,0,0,0,0,0,0,0,0,0,0,0,0,0,0,0,0,0,0,0,0,10,-2,10,-2,11,-1,11,0,11,1,11,1,12,2,12,2,12,3,11,3,11,3,11,3,11,3,11,2,11,2,11,2,11,2,11,1,12,0,12,0,12,0,13,0,13,-1,13,-1,14,-1,14,-1]"
2025-08-18 22:38:08.149058,CSI_DATA,467,1a:00:00:00:00:00,-42,11,0,0,0,0,0,0,0,0,0,-94,0,1,0,82439630,0,31,0,128,0,"[0,0,13,-3,13,-4,12,-4,12,-4,12,-4,12,-4,11,-5,11,-5,11,-5,10,-6,10,-7,10,-7,9,-7,9,-8,10,-8,10,-8,10,-8,11,-9,11,-9,11,-8,12,-8,12,-7,12,-6,12,-6,12,-5,12,-4,0,0,0,0,0,0,0,0,0,0,0,0,0,0,0,0,0,0,0,0,0,0,9,-3,9,-3,10,-2,10,-2,11,-1,11,-1,12,0,11,1,11,1,11,1,11,1,11,1,11,1,11,1,11,1,11,0,11,-1,11,-1,11,-1,12,-2,12,-2,12,-2,13,-3,13,-3,13,-3,13,-3]"
2025-08-18 22:38:08.352761,CSI_DATA,468,1a:00:00:00:00:00,-42,11,0,0,0,0,0,0,0,0,0,-94,0,1,0,82640994,0,31,0,128,0,"[0,0,11,-9,11,-9,10,-9,10,-9,10,-9,9,-9,9,-9,8,-9,8,-9,8,-10,7,-10,6,-11,6,-11,6,-11,6,-12,6,-12,6,-12,7,-12,7,-13,8,-12,8,-12,8,-11,9,-11,9,-11,10,-10,10,-9,0,0,0,0,0,0,0,0,0,0,0,0,0,0,0,0,0,0,0,0,0,0,7,-7,8,-7,8,-7,9,-6,10,-6,10,-6,11,-5,11,-5,11,-5,11,-4,11,-4,11,-4,11,-4,11,-5,10,-4,10,-5,10,-5,10,-6,10,-6,10,-7,10,-7,10,-7,10,-8,11,-9,11,-8,11,-9]"
2025-08-18 22:38:08.559611,CSI_DATA,469,1a:00:00:00:00:00,-42,11,0,0,0,0,0,0,0,0,0,-94,0,1,0,82842456,0,31,0,128,0,"[0,0,-7,-13,-7,-13,-7,-13,-8,-12,-8,-12,-8,-12,-8,-11,-9,-11,-9,-10,-9,-9,-10,-9,-10,-9,-10,-9,-11,-9,-11,-9,-12,-9,-12,-9,-12,-9,-12,-10,-12,-10,-12,-10,-11,-11,-10,-11,-10,-11,-9,-12,-7,-12,0,0,0,0,0,0,0,0,0,0,0,0,0,0,0,0,0,0,0,0,0,0,-6,-9,-6,-10,-6,-11,-5,-11,-5,-12,-4,-12,-4,-13,-3,-13,-3,-13,-2,-13,-2,-13,-2,-13,-2,-13,-3,-12,-3,-12,-3,-12,-4,-12,-5,-12,-5,-12,-6,-12,-6,-12,-6,-13,-7,-13,-7,-13,-7,-13,-8,-13]"
2025-08-18 22:38:08.753370,CSI_DATA,470,1a:00:00:00:00:00,-42,11,0,0,0,0,0,0,0,0,0,-94,0,1,0,83043180,0,31,0,128,0,"[0,0,11,-9,10,-9,10,-9,10,-9,9,-10,9,-10,8,-10,8,-10,7,-10,6,-11,6,-11,5,-11,5,-11,5,-12,5,-12,5,-13,5,-13,5,-13,6,-14,6,-13,7,-13,7,-13,8,-12,8,-12,8,-11,9,-10,0,0,0,0,0,0,0,0,0,0,0,0,0,0,0,0,0,0,0,0,0,0,7,-8,8,-7,8,-7,9,-6,10,-6,10,-6,11,-5,11,-5,11,-5,11,-4,11,-4,11,-4,11,-4,11,-5,11,-5,10,-5,10,-6,10,-6,10,-7,10,-7,10,-7,10,-8,10,-9,10,-9,11,-9,10,-9]"
2025-08-18 22:38:08.951407,CSI_DATA,471,1a:00:00:00:00:00,-42,11,0,0,0,0,0,0,0,0,0,-94,0,1,0,83244337,0,31,0,128,0,"[0,0,2,13,3,13,3,13,3,13,3,12,3,12,4,12,4,11,5,10,5,10,5,10,6,10,6,10,7,10,8,10,8,10,8,11,8,11,8,11,8,11,7,12,7,12,6,13,5,13,4,12,4,12,0,0,0,0,0,0,0,0,0,0,0,0,0,0,0,0,0,0,0,0,0,0,2,9,2,10,1,11,0,11,0,11,-1,11,-1,12,-1,12,-2,12,-3,12,-3,11,-3,11,-3,11,-2,11,-2,11,-1,11,-1,11,0,12,0,12,1,12,1,12,2,12,2,13,2,13,2,13,2,13]"
2025-08-18 22:38:09.129061,CSI_DATA,472,1a:00:00:00:00:00,-42,11,0,0,0,0,0,0,0,0,0,-94,0,1,0,83424066,0,28,0,128,0,"[0,0,8,11,8,10,8,10,8,10,8,10,8,9,8,9,8,8,9,7,9,7,10,6,10,6,10,6,11,6,11,5,12,5,12,6,12,6,12,7,12,7,12,7,11,8,10,9,10,9,9,9,9,9,0,0,0,0,0,0,0,0,0,0,0,0,0,0,0,0,0,0,0,0,0,0,6,7,6,8,6,9,5,9,5,10,5,11,4,11,4,11,3,11,3,11,3,11,3,11,3,11,3,11,3,10,4,10,4,10,5,10,5,10,6,10,6,10,7,11,7,10,8,11,7,11,8,11]"
2025-08-18 22:38:09.169501,CSI_DATA,473,1a:00:00:00:00:00,-42,11,0,0,0,0,0,0,0,0,0,-94,0,1,0,83445504,0,31,0,128,0,"[0,0,-10,10,-10,10,-10,10,-9,10,-8,10,-8,10,-8,10,-7,10,-6,10,-6,10,-5,11,-5,11,-5,11,-4,12,-4,12,-4,13,-4,13,-4,13,-5,13,-5,13,-6,13,-6,13,-7,12,-7,12,-8,11,-8,11,0,0,0,0,0,0,0,0,0,0,0,0,0,0,0,0,0,0,0,0,0,0,-6,8,-8,8,-8,7,-9,7,-9,7,-10,7,-11,6,-11,6,-11,6,-11,5,-11,5,-11,5,-11,5,-11,5,-11,6,-10,6,-10,7,-9,7,-10,7,-10,8,-10,8,-10,9,-9,9,-10,10,-10,10,-10,10]"
2025-08-18 22:38:09.375292,CSI_DATA,474,1a:00:00:00:00:00,-42,11,0,0,0,0,0,0,0,0,0,-94,0,1,0,83646702,0,31,0,128,0,"[0,0,-14,-3,-14,-3,-14,-3,-14,-3,-14,-2,-13,-2,-13,-1,-13,-1,-13,0,-13,0,-13,1,-12,2,-13,2,-13,2,-13,2,-13,3,-15,2,-14,3,-15,2,-16,2,-15,1,-14,0,-15,1,-15,0,-16,-1,-14,-2,0,0,0,0,0,0,0,0,0,0,0,0,0,0,0,0,0,0,0,0,0,0,-10,-2,-11,-3,-11,-3,-11,-4,-12,-5,-11,-5,-12,-6,-11,-6,-11,-7,-11,-7,-11,-7,-10,-7,-11,-7,-10,-6,-10,-6,-11,-6,-11,-5,-12,-5,-12,-5,-12,-4,-13,-4,-13,-4,-14,-3,-14,-3,-14,-3,-14,-3]"
2025-08-18 22:38:09.563267,CSI_DATA,475,1a:00:00:00:00:00,-42,11,0,0,0,0,0,0,0,0,0,-94,0,1,0,83847790,0,31,0,128,0,"[0,0,-14,-3,-14,-3,-14,-3,-14,-3,-14,-2,-13,-2,-13,-2,-13,-1,-13,0,-13,0,-13,1,-13,1,-13,2,-13,2,-13,2,-14,3,-14,2,-14,2,-15,2,-15,2,-15,1,-15,0,-15,-1,-15,-1,-14,-1,-14,-3,0,0,0,0,0,0,0,0,0,0,0,0,0,0,0,0,0,0,0,0,0,0,-11,-1,-11,-2,-11,-3,-11,-4,-11,-4,-12,-5,-12,-6,-11,-6,-11,-6,-11,-7,-11,-7,-11,-7,-10,-7,-11,-6,-11,-6,-11,-5,-11,-5,-12,-5,-12,-5,-12,-4,-13,-4,-13,-4,-14,-4,-14,-3,-14,-3,-14,-3]"
2025-08-18 22:38:09.616941,CSI_DATA,476,1a:00:00:00:00:00,-42,11,0,0,0,0,0,0,0,0,0,-94,0,1,0,83908270,0,42,0,128,0,"[0,0,-6,13,-5,12,-5,12,-5,12,-5,12,-4,12,-3,12,-3,12,-2,12,-2,12,-1,12,-1,12,-1,12,0,12,0,12,1,13,0,13,0,14,0,14,0,14,-1,14,-2,14,-2,13,-3,13,-4,13,-5,12,0,0,0,0,0,0,0,0,0,0,0,0,0,0,0,0,0,0,0,0,0,0,-3,9,-4,10,-5,9,-6,10,-6,10,-7,10,-8,9,-8,9,-8,9,-9,9,-9,8,-8,8,-8,8,-8,8,-8,9,-7,9,-7,9,-6,10,-6,10,-6,11,-6,11,-6,11,-6,12,-6,12,-6,12,-6,13]"
2025-08-18 22:38:09.704998,CSI_DATA,477,1a:00:00:00:00:00,-42,11,0,0,0,0,0,0,0,0,0,-94,0,1,0,83973803,0,31,0,128,0,"[0,0,-5,-14,-6,-14,-6,-14,-6,-13,-6,-13,-6,-13,-6,-12,-6,-12,-7,-11,-8,-11,-8,-10,-9,-10,-9,-10,-9,-10,-10,-10,-10,-10,-10,-11,-10,-11,-10,-12,-10,-12,-9,-12,-9,-13,-8,-13,-8,-13,-7,-13,-6,-13,0,0,0,0,0,0,0,0,0,0,0,0,0,0,0,0,0,0,0,0,0,0,-6,-10,-5,-11,-4,-11,-4,-12,-3,-12,-3,-12,-2,-13,-1,-13,-1,-13,-1,-13,-1,-13,-1,-13,-1,-13,-1,-12,-1,-13,-2,-12,-2,-12,-3,-12,-3,-13,-3,-13,-4,-13,-4,-14,-5,-13,-6,-13,-6,-14,-6,-14]"
2025-08-18 22:38:09.885276,CSI_DATA,478,1a:00:00:00:00:00,-42,11,0,0,0,0,0,0,0,0,0,-94,0,1,0,84174897,0,31,0,128,0,"[0,0,-13,6,-12,6,-12,6,-12,6,-11,7,-11,6,-11,7,-10,7,-10,7,-9,8,-9,9,-8,9,-8,9,-8,10,-8,10,-8,10,-9,10,-9,11,-10,11,-10,10,-10,10,-11,9,-11,9,-11,9,-11,8,-12,7,0,0,0,0,0,0,0,0,0,0,0,0,0,0,0,0,0,0,0,0,0,0,-9,5,-10,5,-10,5,-11,4,-11,4,-12,3,-12,2,-13,2,-12,2,-13,1,-12,2,-12,2,-12,2,-12,2,-12,2,-12,2,-12,3,-11,3,-12,4,-12,4,-12,4,-12,5,-12,6,-12,6,-12,6,-12,7]"
2025-08-18 22:38:10.090069,CSI_DATA,479,1a:00:00:00:00:00,-42,11,0,0,0,0,0,0,0,0,0,-94,0,1,0,84376106,0,31,0,128,0,"[0,0,-1,-14,-1,-14,-1,-14,-2,-14,-2,-14,-2,-13,-2,-13,-3,-13,-4,-12,-4,-12,-5,-12,-5,-12,-6,-12,-6,-12,-7,-12,-7,-12,-7,-13,-7,-13,-7,-14,-6,-14,-6,-14,-5,-14,-4,-14,-4,-14,-3,-14,-2,-14,0,0,0,0,0,0,0,0,0,0,0,0,0,0,0,0,0,0,0,0,0,0,-2,-11,-1,-11,0,-12,0,-12,1,-12,1,-12,2,-13,3,-13,3,-12,3,-12,3,-12,3,-12,3,-12,3,-12,2,-11,2,-12,1,-12,1,-12,1,-12,1,-13,0,-13,0,-13,0,-14,-1,-14,-1,-14,-1,-14]"
2025-08-18 22:38:10.293742,CSI_DATA,480,1a:00:00:00:00:00,-42,11,0,0,0,0,0,0,0,0,0,-94,0,1,0,84577313,0,31,0,128,0,"[0,0,-9,-11,-9,-12,-9,-11,-9,-11,-9,-10,-9,-10,-10,-10,-10,-9,-10,-8,-11,-8,-11,-7,-11,-7,-11,-7,-12,-6,-13,-6,-12,-6,-13,-7,-13,-7,-13,-7,-13,-8,-13,-8,-12,-9,-12,-9,-11,-9,-11,-10,-10,-10,0,0,0,0,0,0,0,0,0,0,0,0,0,0,0,0,0,0,0,0,0,0,-7,-8,-7,-9,-7,-10,-6,-10,-6,-11,-6,-11,-5,-12,-5,-12,-4,-12,-4,-12,-4,-12,-4,-12,-4,-12,-4,-12,-5,-11,-5,-11,-6,-11,-6,-11,-6,-11,-7,-11,-7,-11,-8,-12,-9,-11,-8,-11,-9,-11,-9,-11]"
2025-08-18 22:38:10.486245,CSI_DATA,481,1a:00:00:00:00:00,-42,11,0,0,0,0,0,0,0,0,0,-94,0,1,0,84778460,0,31,0,128,0,"[0,0,0,14,0,14,0,14,1,13,1,13,1,13,1,13,2,12,2,12,3,12,4,12,4,11,5,11,5,12,6,11,6,12,6,12,6,13,6,13,5,13,5,13,4,14,3,14,2,14,2,13,1,13,0,0,0,0,0,0,0,0,0,0,0,0,0,0,0,0,0,0,0,0,0,0,1,10,0,11,0,11,-1,11,-1,12,-2,12,-3,12,-3,12,-4,12,-4,11,-4,11,-4,11,-4,11,-4,11,-3,11,-3,11,-3,11,-2,12,-2,12,-1,12,-1,13,-1,13,0,13,0,14,0,14,0,14]"
2025-08-18 22:38:10.687363,CSI_DATA,482,1a:00:00:00:00:00,-42,11,0,0,0,0,0,0,0,0,0,-94,0,1,0,84979586,0,31,0,128,0,"[0,0,2,14,2,13,2,13,2,13,2,13,2,12,3,12,3,12,4,11,4,10,5,11,5,10,6,11,6,11,6,11,7,11,7,11,7,12,7,12,6,12,6,12,5,13,4,13,4,13,3,13,2,13,0,0,0,0,0,0,0,0,0,0,0,0,0,0,0,0,0,0,0,0,0,0,2,9,2,10,1,10,0,11,0,11,-1,12,-1,12,-1,12,-2,12,-2,11,-3,11,-3,11,-2,11,-2,11,-2,11,-2,11,-1,11,0,11,0,12,0,12,1,12,1,13,1,13,2,13,1,13,2,13]"
2025-08-18 22:38:10.906233,CSI_DATA,483,1a:00:00:00:00:00,-42,11,0,0,0,0,0,0,0,0,0,-94,0,1,0,85180974,0,31,0,128,0,"[0,0,-15,0,-15,0,-14,0,-14,1,-13,1,-13,1,-13,2,-13,2,-12,3,-13,3,-12,4,-12,4,-12,4,-11,5,-12,6,-12,6,-13,6,-12,6,-13,6,-13,6,-14,5,-14,5,-14,4,-14,3,-14,2,-14,1,0,0,0,0,0,0,0,0,0,0,0,0,0,0,0,0,0,0,0,0,0,0,-11,0,-11,0,-12,-1,-12,-2,-12,-2,-12,-3,-13,-3,-12,-4,-12,-4,-13,-5,-12,-5,-12,-5,-12,-5,-12,-4,-11,-3,-12,-3,-12,-3,-12,-2,-12,-2,-13,-1,-13,-1,-13,-1,-14,0,-14,0,-15,0,-14,0]"
2025-08-18 22:38:11.085830,CSI_DATA,484,1a:00:00:00:00:00,-42,11,0,0,0,0,0,0,0,0,0,-94,0,1,0,85382069,0,31,0,128,0,"[0,0,11,9,10,8,10,8,10,8,10,7,10,7,10,7,10,6,10,5,11,4,11,4,11,4,12,3,12,3,12,3,12,3,13,3,13,3,13,4,13,4,13,5,13,6,12,6,12,6,11,7,10,8,0,0,0,0,0,0,0,0,0,0,0,0,0,0,0,0,0,0,0,0,0,0,8,5,8,6,8,6,8,7,8,8,7,9,7,9,7,9,7,10,6,10,6,10,6,10,6,9,6,9,6,9,6,9,7,9,7,8,8,8,8,8,9,8,9,8,10,8,10,8,10,8,10,8]"
2025-08-18 22:38:11.152136,CSI_DATA,485,1a:00:00:00:00:00,-42,11,0,0,0,0,0,0,0,0,0,-94,0,1,0,85442493,0,42,0,128,0,"[0,0,-3,14,-3,13,-3,13,-2,13,-2,13,-1,12,-1,12,0,12,0,12,1,12,1,12,2,12,2,12,3,12,3,12,3,12,3,13,3,13,3,13,3,14,2,13,2,14,1,14,0,13,0,13,-1,13,0,0,0,0,0,0,0,0,0,0,0,0,0,0,0,0,0,0,0,0,0,0,-2,10,-2,10,-3,10,-4,10,-5,11,-5,10,-6,11,-6,10,-6,10,-7,10,-7,10,-7,10,-6,10,-6,10,-6,10,-6,10,-5,10,-4,11,-4,11,-4,11,-4,12,-3,12,-3,13,-3,13,-3,13,-3,13]"
2025-08-18 22:38:11.235787,CSI_DATA,486,1a:00:00:00:00:00,-42,11,0,0,0,0,0,0,0,0,0,-94,0,1,0,85510745,0,31,0,128,0,"[0,0,-15,3,-14,3,-14,2,-14,3,-14,3,-13,4,-13,4,-12,4,-12,5,-12,6,-11,6,-11,6,-11,7,-11,7,-11,8,-11,8,-12,8,-12,8,-12,8,-13,8,-13,7,-13,7,-14,6,-14,5,-14,5,-14,4,0,0,0,0,0,0,0,0,0,0,0,0,0,0,0,0,0,0,0,0,0,0,-10,2,-11,2,-12,1,-12,1,-13,0,-13,0,-13,-1,-13,-2,-13,-2,-13,-2,-13,-2,-13,-2,-13,-2,-12,-2,-12,-1,-12,-1,-12,-1,-13,0,-13,0,-13,1,-13,1,-14,2,-14,2,-14,2,-14,2,-14,3]"
2025-08-18 22:38:11.422472,CSI_DATA,487,1a:00:00:00:00:00,-42,11,0,0,0,0,0,0,0,0,0,-94,0,1,0,85711776,0,31,0,128,0,"[0,0,13,-7,12,-7,12,-7,12,-7,11,-8,11,-7,10,-8,10,-8,10,-8,9,-9,9,-10,8,-10,8,-10,8,-11,8,-11,8,-11,8,-11,9,-12,10,-12,10,-11,10,-11,11,-10,11,-9,11,-9,11,-8,12,-8,0,0,0,0,0,0,0,0,0,0,0,0,0,0,0,0,0,0,0,0,0,0,8,-7,9,-6,10,-5,10,-5,11,-5,12,-4,12,-3,12,-3,12,-2,12,-2,12,-2,11,-2,11,-2,11,-3,11,-3,11,-3,11,-4,11,-4,11,-5,12,-5,12,-5,12,-6,12,-6,12,-7,12,-7,12,-7]"
2025-08-18 22:38:11.630690,CSI_DATA,488,1a:00:00:00:00:00,-42,11,0,0,0,0,0,0,0,0,0,-94,0,1,0,85913771,0,31,0,128,0,"[0,0,-6,-14,-6,-13,-6,-13,-6,-13,-6,-12,-6,-12,-7,-12,-7,-11,-7,-11,-8,-10,-8,-10,-9,-9,-9,-10,-10,-9,-10,-9,-10,-9,-10,-10,-11,-10,-11,-11,-10,-11,-10,-11,-9,-12,-9,-12,-8,-12,-7,-12,-7,-13,0,0,0,0,0,0,0,0,0,0,0,0,0,0,0,0,0,0,0,0,0,0,-5,-10,-4,-10,-4,-11,-3,-11,-3,-12,-3,-12,-2,-13,-2,-13,-1,-13,-1,-13,-1,-12,0,-12,-1,-12,-1,-12,-1,-12,-2,-12,-2,-12,-3,-12,-3,-13,-4,-12,-4,-13,-4,-13,-5,-13,-5,-13,-5,-13,-5,-13]"
2025-08-18 22:38:11.821865,CSI_DATA,489,1a:00:00:00:00:00,-42,11,0,0,0,0,0,0,0,0,0,-94,0,1,0,86114068,0,31,0,128,0,"[0,0,13,2,13,2,13,2,13,1,13,1,12,1,12,1,12,0,12,-1,12,-1,12,-2,12,-3,12,-3,12,-3,12,-4,12,-4,13,-4,13,-3,14,-3,14,-3,14,-2,14,-1,14,-1,13,0,13,0,13,1,0,0,0,0,0,0,0,0,0,0,0,0,0,0,0,0,0,0,0,0,0,0,10,0,10,1,10,2,10,2,11,3,11,3,11,4,11,5,11,5,10,5,10,5,10,5,10,5,10,5,10,5,10,4,10,4,11,3,11,3,11,3,12,3,12,3,13,2,13,2,13,2,13,2]"
2025-08-18 22:38:12.023100,CSI_DATA,490,1a:00:00:00:00:00,-42,11,0,0,0,0,0,0,0,0,0,-94,0,1,0,86315405,0,31,0,128,0,"[0,0,13,1,12,1,13,0,13,0,13,0,12,-1,12,-1,12,-2,11,-2,11,-3,11,-3,11,-4,11,-4,11,-5,11,-5,12,-5,12,-5,13,-6,13,-6,13,-5,13,-5,13,-4,13,-3,13,-2,13,-2,13,-1,0,0,0,0,0,0,0,0,0,0,0,0,0,0,0,0,0,0,0,0,0,0,9,0,10,1,10,1,10,2,10,3,11,3,11,4,11,4,10,4,10,5,10,5,10,5,10,5,10,5,10,4,10,3,10,3,10,2,11,2,11,2,12,2,12,1,12,1,13,1,13,1,13,1]"
2025-08-18 22:38:12.224261,CSI_DATA,491,1a:00:00:00:00:00,-42,11,0,0,0,0,0,0,0,0,0,-94,0,1,0,86516621,0,31,0,128,0,"[0,0,13,4,13,4,13,3,13,3,12,3,12,3,12,2,12,2,12,1,12,0,12,0,12,-1,12,-1,12,-2,13,-2,12,-2,13,-2,14,-2,14,-1,14,-1,14,0,14,1,14,1,13,2,13,2,13,3,0,0,0,0,0,0,0,0,0,0,0,0,0,0,0,0,0,0,0,0,0,0,10,1,10,2,10,3,10,3,10,4,10,5,10,6,10,6,10,6,10,7,9,6,9,7,9,6,9,6,9,6,9,5,10,5,10,4,11,4,11,4,11,4,12,4,12,4,12,4,13,4,13,3]"
2025-08-18 22:38:12.440546,CSI_DATA,492,1a:00:00:00:00:00,-42,11,0,0,0,0,0,0,0,0,0,-94,0,1,0,86717728,0,31,0,128,0,"[0,0,-7,12,-7,12,-6,12,-6,12,-5,12,-5,12,-5,12,-4,12,-3,11,-3,11,-2,12,-2,12,-1,12,-1,12,0,13,0,13,0,13,-1,13,-1,14,-1,14,-2,14,-3,14,-3,14,-4,13,-4,13,-5,12,0,0,0,0,0,0,0,0,0,0,0,0,0,0,0,0,0,0,0,0,0,0,-4,9,-5,9,-6,9,-7,9,-7,9,-8,9,-9,9,-9,8,-9,8,-10,8,-9,8,-9,8,-9,7,-9,8,-8,8,-8,8,-8,9,-7,9,-7,9,-7,10,-7,10,-7,11,-7,11,-7,12,-7,12,-7,12]"
2025-08-18 22:38:12.635044,CSI_DATA,493,1a:00:00:00:00:00,-42,11,0,0,0,0,0,0,0,0,0,-94,0,1,0,86918878,0,31,0,128,0,"[0,0,-11,-10,-11,-10,-11,-10,-11,-9,-11,-9,-11,-8,-11,-8,-11,-8,-11,-7,-11,-6,-12,-6,-12,-5,-12,-5,-13,-5,-13,-4,-14,-5,-13,-5,-14,-5,-14,-5,-14,-6,-14,-7,-13,-7,-12,-7,-12,-8,-12,-8,-11,-9,0,0,0,0,0,0,0,0,0,0,0,0,0,0,0,0,0,0,0,0,0,0,-9,-6,-9,-7,-9,-8,-8,-9,-8,-9,-8,-10,-8,-10,-7,-11,-7,-11,-6,-11,-6,-11,-6,-11,-7,-11,-7,-10,-7,-11,-7,-10,-8,-10,-8,-9,-9,-10,-9,-10,-9,-10,-10,-10,-10,-9,-11,-10,-11,-10,-11,-10]"
2025-08-18 22:38:12.689177,CSI_DATA,494,1a:00:00:00:00:00,-42,11,0,0,0,0,0,0,0,0,0,-94,0,1,0,86979327,0,42,0,128,0,"[0,0,-3,13,-2,13,-2,13,-2,13,-2,13,-1,13,-1,12,0,12,0,12,1,12,1,12,2,12,2,12,2,12,3,12,3,12,3,13,3,13,3,14,2,14,2,14,1,14,0,14,-1,14,-2,13,-2,13,0,0,0,0,0,0,0,0,0,0,0,0,0,0,0,0,0,0,0,0,0,0,0,10,-1,10,-2,10,-3,11,-3,11,-4,11,-4,11,-5,11,-5,11,-6,10,-6,10,-6,10,-6,10,-5,10,-5,10,-5,10,-4,11,-4,11,-4,11,-3,12,-3,12,-3,12,-3,13,-3,13,-3,13,-2,13]"
2025-08-18 22:38:12.760848,CSI_DATA,495,1a:00:00:00:00:00,-42,11,0,0,0,0,0,0,0,0,0,-94,0,1,0,87045639,0,31,0,128,0,"[0,0,-15,-3,-15,-3,-15,-3,-14,-3,-14,-2,-14,-2,-14,-2,-13,-1,-13,0,-13,1,-13,1,-13,2,-13,2,-13,3,-13,3,-14,3,-14,3,-15,3,-15,2,-15,2,-16,1,-15,0,-15,0,-15,0,-15,-1,-15,-2,0,0,0,0,0,0,0,0,0,0,0,0,0,0,0,0,0,0,0,0,0,0,-11,-1,-11,-2,-12,-3,-12,-4,-12,-4,-12,-5,-12,-6,-12,-6,-12,-7,-11,-6,-12,-7,-11,-6,-11,-6,-11,-6,-11,-6,-11,-5,-12,-5,-12,-4,-12,-5,-13,-4,-13,-4,-14,-4,-14,-3,-14,-3,-15,-3,-15,-3]"
2025-08-18 22:38:12.959119,CSI_DATA,496,1a:00:00:00:00:00,-42,11,0,0,0,0,0,0,0,0,0,-94,0,1,0,87246825,0,31,0,128,0,"[0,0,-14,2,-14,2,-14,2,-14,3,-13,3,-13,3,-12,3,-12,4,-12,4,-12,5,-11,5,-11,6,-11,6,-11,7,-11,7,-11,7,-12,8,-12,8,-13,8,-13,7,-13,7,-13,6,-13,6,-13,5,-13,4,-13,3,0,0,0,0,0,0,0,0,0,0,0,0,0,0,0,0,0,0,0,0,0,0,-10,2,-11,2,-11,1,-12,0,-12,0,-12,-1,-13,-1,-13,-2,-13,-2,-13,-3,-12,-2,-12,-3,-12,-2,-12,-2,-12,-2,-12,-1,-12,-1,-12,0,-12,0,-13,1,-13,1,-13,1,-14,2,-14,2,-14,2,-14,2]"
2025-08-18 22:38:13.158779,CSI_DATA,497,1a:00:00:00:00:00,-42,11,0,0,0,0,0,0,0,0,0,-94,0,1,0,87448060,0,31,0,128,0,"[0,0,-12,9,-11,9,-11,8,-11,9,-10,8,-10,9,-9,9,-8,9,-8,9,-8,9,-7,10,-7,10,-7,11,-7,11,-7,11,-6,11,-7,12,-7,12,-8,12,-8,12,-8,12,-9,11,-9,11,-10,10,-10,9,-11,8,0,0,0,0,0,0,0,0,0,0,0,0,0,0,0,0,0,0,0,0,0,0,-7,7,-8,7,-9,6,-10,6,-10,6,-11,6,-11,5,-12,5,-12,4,-12,4,-12,4,-12,4,-11,4,-11,4,-11,4,-11,5,-11,5,-11,6,-11,6,-11,7,-11,7,-11,7,-11,8,-11,8,-11,8,-11,9]"
2025-08-18 22:38:13.359552,CSI_DATA,498,1a:00:00:00:00:00,-42,11,0,0,0,0,0,0,0,0,0,-94,0,1,0,87649214,0,31,0,128,0,"[0,0,-9,11,-9,11,-8,10,-8,11,-8,11,-7,11,-7,11,-6,11,-5,11,-5,11,-5,11,-4,11,-4,11,-4,12,-3,13,-3,12,-4,13,-4,13,-4,13,-4,14,-5,13,-6,13,-6,13,-7,12,-7,11,-8,11,0,0,0,0,0,0,0,0,0,0,0,0,0,0,0,0,0,0,0,0,0,0,-6,8,-7,8,-7,8,-8,8,-9,8,-9,7,-10,8,-10,7,-11,7,-11,6,-11,6,-11,6,-11,6,-10,6,-10,6,-10,7,-9,7,-9,8,-9,8,-9,9,-9,9,-9,10,-9,10,-9,10,-9,11,-9,10]"
2025-08-18 22:38:13.561548,CSI_DATA,499,1a:00:00:00:00:00,-42,11,0,0,0,0,0,0,0,0,0,-94,0,1,0,87850361,0,31,0,128,0,"[0,0,-10,10,-10,10,-9,10,-9,10,-9,10,-8,10,-8,10,-7,10,-7,10,-6,11,-5,11,-5,11,-5,11,-4,12,-4,12,-4,12,-4,13,-5,13,-5,13,-6,13,-6,13,-7,13,-7,12,-8,12,-8,11,-9,10,0,0,0,0,0,0,0,0,0,0,0,0,0,0,0,0,0,0,0,0,0,0,-7,8,-7,7,-9,7,-9,7,-10,7,-10,6,-11,6,-11,6,-11,5,-12,5,-12,5,-11,5,-11,5,-11,5,-10,5,-10,6,-10,6,-10,7,-10,7,-10,8,-10,8,-10,8,-10,9,-10,10,-10,10,-10,10]"
2025-08-18 22:38:13.755208,CSI_DATA,500,1a:00:00:00:00:00,-42,11,0,0,0,0,0,0,0,0,0,-94,0,1,0,88051520,0,31,0,128,0,"[0,0,12,7,12,7,12,6,12,6,12,6,11,5,12,5,12,4,12,3,12,3,12,2,12,2,12,2,13,1,13,1,13,1,14,1,14,1,14,1,14,2,14,3,14,3,14,4,13,5,13,5,12,6,0,0,0,0,0,0,0,0,0,0,0,0,0,0,0,0,0,0,0,0,0,0,9,4,9,4,9,5,9,6,9,7,9,7,9,8,8,8,8,9,8,9,8,9,8,9,8,9,8,8,8,8,8,8,8,7,9,7,9,7,10,7,10,7,11,7,12,6,12,7,12,7,12,7]"
2025-08-18 22:38:13.970459,CSI_DATA,501,1a:00:00:00:00:00,-42,11,0,0,0,0,0,0,0,0,0,-94,0,1,0,88252658,0,31,0,128,0,"[0,0,5,14,4,13,5,13,5,12,5,12,5,12,5,11,6,11,6,10,7,9,7,9,8,9,8,9,9,9,9,9,9,9,9,9,10,10,10,10,9,11,9,11,8,11,7,12,7,12,6,12,5,12,0,0,0,0,0,0,0,0,0,0,0,0,0,0,0,0,0,0,0,0,0,0,4,9,4,10,3,10,3,11,2,11,2,12,1,12,1,12,0,12,0,12,0,12,0,12,0,12,0,11,1,12,1,11,1,12,2,11,2,12,3,12,3,12,4,12,4,12,5,13,5,13,5,13]"
2025-08-18 22:38:14.183845,CSI_DATA,502,1a:00:00:00:00:00,-42,11,0,0,0,0,0,0,0,0,0,-94,0,1,0,88455478,0,31,0,128,0,"[0,0,-13,-8,-14,-7,-12,-7,-13,-7,-13,-8,-12,-7,-12,-6,-12,-6,-12,-5,-12,-4,-11,-4,-13,-2,-13,-2,-14,0,-13,-1,-14,-2,-13,-1,-16,-2,-14,-3,-15,-3,-15,-3,-14,-4,-14,-4,-14,-5,-14,-5,-13,-6,0,0,0,0,0,0,0,0,0,0,0,0,0,0,0,0,0,0,0,0,0,0,-10,-5,-10,-6,-9,-7,-9,-8,-9,-8,-9,-9,-9,-10,-8,-10,-8,-10,-8,-10,-8,-10,-8,-10,-8,-10,-8,-8,-8,-9,-8,-8,-9,-8,-9,-8,-10,-9,-10,-8,-11,-8,-11,-9,-12,-8,-12,-8,-12,-8,-12,-8]"
2025-08-18 22:38:14.219483,CSI_DATA,503,1a:00:00:00:00:00,-42,11,0,0,0,0,0,0,0,0,0,-94,0,1,0,88514397,0,42,0,128,0,"[0,0,10,9,10,9,10,9,10,8,10,8,10,8,10,7,10,7,10,6,11,5,11,5,11,4,12,4,12,4,12,3,13,3,13,4,14,4,14,4,13,5,13,6,13,6,12,7,12,7,11,7,11,8,0,0,0,0,0,0,0,0,0,0,0,0,0,0,0,0,0,0,0,0,0,0,8,6,8,7,7,7,7,8,7,9,7,10,6,10,6,11,6,10,5,10,5,11,5,10,5,10,6,10,6,10,6,9,6,9,7,9,7,9,8,9,8,9,9,9,9,9,10,9,10,9,10,9]"
2025-08-18 22:38:14.299376,CSI_DATA,504,1a:00:00:00:00:00,-42,11,0,0,0,0,0,0,0,0,0,-94,0,1,0,88585785,0,31,0,128,0,"[0,0,-8,11,-8,11,-8,11,-7,11,-7,11,-7,10,-7,10,-6,10,-5,11,-4,11,-3,11,-3,11,-3,12,-3,12,-3,12,-2,12,-2,13,-3,13,-3,13,-4,13,-5,13,-5,13,-5,12,-5,12,-6,12,-7,11,0,0,0,0,0,0,0,0,0,0,0,0,0,0,0,0,0,0,0,0,0,0,-5,8,-6,8,-7,8,-8,8,-8,8,-9,8,-10,7,-10,7,-10,6,-10,6,-10,7,-10,7,-10,7,-9,7,-9,7,-9,7,-9,7,-8,8,-8,8,-9,9,-9,9,-9,9,-8,10,-8,11,-8,11,-8,11]"
2025-08-18 22:38:14.516561,CSI_DATA,505,1a:00:00:00:00:00,-42,11,0,0,0,0,0,0,0,0,0,-94,0,1,0,88786859,0,31,0,128,0,"[0,0,-9,-12,-9,-12,-9,-11,-9,-11,-9,-11,-9,-10,-9,-10,-10,-9,-10,-8,-10,-8,-10,-7,-11,-7,-11,-7,-12,-7,-12,-6,-12,-6,-13,-7,-13,-7,-13,-7,-13,-8,-13,-8,-12,-9,-12,-9,-11,-10,-11,-10,-10,-10,0,0,0,0,0,0,0,0,0,0,0,0,0,0,0,0,0,0,0,0,0,0,-7,-8,-7,-9,-7,-10,-6,-10,-6,-11,-6,-11,-5,-12,-5,-12,-4,-12,-4,-12,-4,-12,-4,-12,-4,-12,-4,-11,-5,-11,-5,-11,-5,-11,-6,-11,-6,-11,-7,-11,-7,-11,-8,-12,-9,-11,-9,-11,-9,-12,-9,-12]"
2025-08-18 22:38:14.700697,CSI_DATA,506,1a:00:00:00:00:00,-42,11,0,0,0,0,0,0,0,0,0,-94,0,1,0,88988040,0,31,0,128,0,"[0,0,3,-14,2,-14,2,-13,2,-13,2,-13,1,-13,1,-13,0,-13,0,-12,-1,-12,-1,-12,-2,-12,-2,-13,-3,-13,-3,-13,-3,-13,-3,-14,-3,-14,-3,-14,-2,-14,-2,-14,-1,-15,-1,-14,0,-14,1,-13,2,-13,0,0,0,0,0,0,0,0,0,0,0,0,0,0,0,0,0,0,0,0,0,0,1,-10,1,-11,2,-11,3,-11,4,-11,4,-11,5,-11,5,-11,5,-11,6,-11,6,-10,6,-10,6,-10,5,-10,5,-10,5,-10,4,-11,4,-11,4,-11,3,-12,3,-12,3,-13,3,-13,3,-13,3,-13,3,-13]"
2025-08-18 22:38:14.895721,CSI_DATA,507,1a:00:00:00:00:00,-42,11,0,0,0,0,0,0,0,0,0,-94,0,1,0,89190892,0,31,0,128,0,"[0,0,5,13,5,12,5,12,6,12,6,11,6,11,6,10,7,10,7,9,7,9,8,9,8,9,8,9,9,8,9,8,10,8,10,9,10,9,10,9,10,10,9,10,9,11,8,11,7,11,6,11,6,11,0,0,0,0,0,0,0,0,0,0,0,0,0,0,0,0,0,0,0,0,0,0,4,8,4,9,4,10,3,10,3,11,2,11,2,12,2,11,1,12,0,12,0,12,0,11,0,11,1,11,1,11,1,11,2,11,2,11,3,11,4,12,4,11,4,12,5,12,5,12,5,12,5,12]"
2025-08-18 22:38:15.094763,CSI_DATA,508,1a:00:00:00:00:00,-42,11,0,0,0,0,0,0,0,0,0,-94,0,1,0,89390470,0,31,0,128,0,"[0,0,12,7,11,6,11,6,12,6,12,6,11,5,11,5,11,4,11,4,11,3,12,2,11,2,12,1,12,1,13,1,13,1,13,1,14,1,14,2,14,2,14,3,13,4,13,4,13,5,12,5,12,6,0,0,0,0,0,0,0,0,0,0,0,0,0,0,0,0,0,0,0,0,0,0,9,3,9,4,9,5,9,6,9,6,9,7,8,8,8,8,8,9,7,9,7,9,7,9,7,8,8,8,8,8,8,8,8,7,9,7,9,7,9,7,10,7,10,7,11,7,11,7,11,7,12,6]"
2025-08-18 22:38:15.503667,CSI_DATA,509,1a:00:00:00:00:00,-42,11,0,0,0,0,0,0,0,0,0,-94,0,1,0,89591707,0,31,0,128,0,"[0,0,-12,7,-12,7,-12,7,-12,8,-11,8,-10,8,-10,8,-9,8,-9,8,-9,9,-8,9,-8,9,-8,10,-7,10,-7,11,-7,11,-7,12,-7,12,-8,12,-8,12,-9,11,-9,11,-10,10,-10,10,-10,9,-11,8,0,0,0,0,0,0,0,0,0,0,0,0,0,0,0,0,0,0,0,0,0,0,-9,6,-9,5,-10,5,-11,4,-11,4,-12,4,-12,4,-12,3,-13,3,-13,2,-12,2,-12,2,-12,2,-12,2,-12,3,-12,3,-11,4,-11,4,-11,4,-11,5,-12,6,-12,6,-12,7,-12,7,-12,7,-12,7]"
2025-08-18 22:38:15.510051,CSI_DATA,510,1a:00:00:00:00:00,-42,11,0,0,0,0,0,0,0,0,0,-94,0,1,0,89792839,0,31,0,128,0,"[0,0,-10,10,-10,10,-10,10,-9,10,-9,10,-8,10,-8,10,-8,10,-7,10,-6,10,-6,11,-5,11,-5,11,-5,11,-5,12,-4,12,-5,13,-5,13,-5,13,-6,13,-6,13,-7,13,-8,12,-8,11,-9,11,-9,10,0,0,0,0,0,0,0,0,0,0,0,0,0,0,0,0,0,0,0,0,0,0,-7,8,-8,7,-9,7,-9,7,-10,7,-10,6,-11,6,-11,6,-11,6,-11,5,-11,5,-11,5,-11,5,-11,5,-10,5,-10,6,-10,6,-10,7,-10,7,-10,8,-10,8,-10,9,-10,9,-10,9,-10,10,-10,10]"
2025-08-18 22:38:15.713241,CSI_DATA,511,1a:00:00:00:00:00,-42,11,0,0,0,0,0,0,0,0,0,-94,0,1,0,89993939,0,31,0,128,0,"[0,0,9,10,9,10,9,9,9,9,9,9,9,8,9,8,9,7,10,6,10,6,10,6,10,5,11,5,11,5,12,4,12,4,12,5,12,5,13,5,13,6,12,6,12,7,12,8,11,8,10,8,10,8,0,0,0,0,0,0,0,0,0,0,0,0,0,0,0,0,0,0,0,0,0,0,7,7,6,7,6,8,6,9,6,10,5,10,5,11,5,11,4,11,4,11,3,11,3,11,4,11,4,10,4,10,5,10,5,10,6,10,6,10,7,10,7,10,8,10,8,10,8,10,9,10,9,10]"
2025-08-18 22:38:15.771161,CSI_DATA,512,1a:00:00:00:00:00,-42,11,0,0,0,0,0,0,0,0,0,-94,0,1,0,90054652,0,42,0,128,0,"[0,0,-8,-13,-8,-13,-8,-12,-8,-11,-9,-11,-9,-11,-9,-11,-9,-10,-9,-10,-10,-9,-10,-8,-11,-8,-11,-8,-12,-8,-12,-8,-12,-8,-12,-8,-13,-9,-13,-9,-12,-10,-12,-10,-11,-11,-11,-11,-11,-11,-10,-11,-9,-12,0,0,0,0,0,0,0,0,0,0,0,0,0,0,0,0,0,0,0,0,0,0,-7,-9,-7,-9,-6,-10,-6,-11,-6,-11,-5,-12,-5,-12,-4,-13,-4,-13,-3,-13,-4,-13,-4,-12,-4,-12,-4,-12,-4,-12,-4,-12,-5,-12,-6,-11,-6,-12,-6,-12,-7,-12,-7,-12,-8,-12,-8,-12,-8,-13,-8,-12]"
2025-08-18 22:38:15.829073,CSI_DATA,513,1a:00:00:00:00:00,-42,11,0,0,0,0,0,0,0,0,0,-94,0,1,0,90117642,0,31,0,128,0,"[0,0,-14,3,-14,3,-14,3,-13,4,-13,4,-13,4,-12,4,-12,5,-11,5,-11,5,-11,6,-10,6,-11,7,-10,7,-10,8,-11,8,-11,8,-12,8,-12,8,-13,8,-13,7,-13,7,-13,6,-13,5,-13,5,-13,4,0,0,0,0,0,0,0,0,0,0,0,0,0,0,0,0,0,0,0,0,0,0,-10,3,-11,3,-11,2,-12,1,-12,1,-13,0,-13,0,-13,0,-13,-1,-13,-1,-13,-1,-12,-1,-12,-1,-12,-1,-12,-1,-12,0,-12,0,-12,1,-13,1,-13,1,-13,2,-13,2,-13,3,-14,3,-14,3,-14,3]"
2025-08-18 22:38:16.041618,CSI_DATA,514,1a:00:00:00:00:00,-42,11,0,0,0,0,0,0,0,0,0,-94,0,1,0,90318680,0,31,0,128,0,"[0,0,-3,14,-2,13,-3,13,-2,13,-2,13,-2,12,-1,12,0,12,0,12,1,11,1,12,2,11,2,12,3,12,3,12,4,12,3,13,3,13,3,13,3,14,2,14,1,14,1,14,0,14,-1,13,-1,13,0,0,0,0,0,0,0,0,0,0,0,0,0,0,0,0,0,0,0,0,0,0,-1,10,-2,10,-3,10,-3,11,-4,10,-5,11,-5,11,-6,10,-6,10,-7,10,-6,10,-6,10,-6,10,-6,10,-6,10,-5,10,-5,11,-4,11,-4,11,-4,11,-4,12,-3,12,-3,13,-3,13,-3,13,-2,13]"
2025-08-18 22:38:16.230584,CSI_DATA,515,1a:00:00:00:00:00,-42,11,0,0,0,0,0,0,0,0,0,-94,0,1,0,90519912,0,31,0,128,0,"[0,0,-11,8,-12,9,-11,8,-11,8,-10,8,-10,8,-10,8,-9,9,-9,9,-8,9,-7,10,-7,10,-7,11,-6,11,-7,11,-6,11,-7,12,-7,12,-8,12,-8,12,-9,11,-9,11,-10,11,-10,10,-10,9,-11,8,0,0,0,0,0,0,0,0,0,0,0,0,0,0,0,0,0,0,0,0,0,0,-8,7,-8,6,-9,6,-10,6,-11,6,-11,5,-12,4,-12,4,-12,4,-12,3,-12,4,-12,3,-12,3,-11,4,-11,4,-11,4,-11,5,-11,5,-11,6,-11,6,-11,6,-11,7,-11,8,-11,8,-11,8,-11,8]"
2025-08-18 22:38:16.433605,CSI_DATA,516,1a:00:00:00:00:00,-42,11,0,0,0,0,0,0,0,0,0,-94,0,1,0,90721265,0,31,0,128,0,"[0,0,2,-14,1,-15,1,-14,1,-14,1,-14,0,-14,0,-13,0,-13,-1,-13,-2,-13,-2,-13,-3,-13,-3,-13,-4,-13,-4,-13,-4,-13,-4,-14,-4,-14,-4,-15,-3,-15,-3,-15,-2,-15,-2,-15,-1,-15,0,-14,1,-14,0,0,0,0,0,0,0,0,0,0,0,0,0,0,0,0,0,0,0,0,0,0,0,-11,1,-11,1,-12,2,-11,3,-12,3,-12,4,-12,5,-12,5,-12,5,-11,5,-11,5,-11,5,-11,5,-11,4,-11,4,-11,4,-11,3,-12,3,-12,3,-13,2,-13,2,-14,2,-14,2,-14,1,-14,1,-14]"
2025-08-18 22:38:16.633209,CSI_DATA,517,1a:00:00:00:00:00,-42,11,0,0,0,0,0,0,0,0,0,-94,0,1,0,90922694,0,31,0,128,0,"[0,0,-9,11,-9,10,-8,11,-8,11,-8,11,-7,11,-7,11,-6,11,-6,11,-5,11,-4,11,-4,11,-3,12,-3,12,-3,12,-3,13,-3,13,-3,14,-4,14,-4,14,-5,13,-5,13,-6,13,-6,12,-7,12,-7,11,0,0,0,0,0,0,0,0,0,0,0,0,0,0,0,0,0,0,0,0,0,0,-6,8,-7,8,-7,8,-9,8,-9,7,-9,8,-10,7,-10,7,-11,6,-11,6,-11,6,-10,6,-10,6,-10,6,-10,6,-10,7,-9,7,-9,8,-9,8,-9,9,-9,9,-9,9,-8,10,-9,10,-9,10,-9,11]"
2025-08-18 22:38:16.828479,CSI_DATA,518,1a:00:00:00:00:00,-42,11,0,0,0,0,0,0,0,0,0,-94,0,1,0,91123524,0,31,0,128,0,"[0,0,8,11,8,11,8,10,9,10,8,9,8,9,8,8,9,8,9,7,10,7,10,6,10,6,10,6,11,5,11,5,12,5,12,6,12,6,12,6,12,7,12,7,11,8,11,8,10,8,10,9,9,9,0,0,0,0,0,0,0,0,0,0,0,0,0,0,0,0,0,0,0,0,0,0,6,7,6,8,6,9,5,9,5,10,5,10,4,11,4,11,4,11,3,11,3,11,3,11,3,11,3,11,3,10,4,10,5,10,5,10,5,10,6,10,6,10,7,10,7,11,8,11,8,11,8,11]"
2025-08-18 22:38:17.038410,CSI_DATA,519,1a:00:00:00:00:00,-42,11,0,0,0,0,0,0,0,0,0,-94,0,1,0,91324664,0,31,0,128,0,"[0,0,-15,0,-14,0,-14,0,-14,1,-14,1,-13,1,-13,1,-13,2,-13,2,-12,3,-12,4,-12,4,-12,4,-12,5,-12,5,-13,6,-13,6,-13,6,-14,6,-14,5,-14,5,-14,4,-14,3,-14,2,-14,2,-14,1,0,0,0,0,0,0,0,0,0,0,0,0,0,0,0,0,0,0,0,0,0,0,-11,1,-11,0,-11,-1,-12,-2,-12,-2,-12,-3,-12,-3,-12,-4,-12,-4,-12,-5,-12,-4,-12,-5,-12,-4,-12,-4,-12,-3,-12,-3,-12,-3,-12,-2,-13,-2,-13,-2,-13,-1,-13,-1,-14,-1,-14,0,-14,0,-15,0]"
2025-08-18 22:38:17.248203,CSI_DATA,520,1a:00:00:00:00:00,-42,11,0,0,0,0,0,0,0,0,0,-94,0,1,0,91525929,0,31,0,128,0,"[0,0,-12,-9,-12,-9,-12,-8,-12,-8,-12,-8,-11,-7,-12,-7,-12,-6,-12,-6,-12,-5,-12,-4,-12,-4,-13,-4,-13,-3,-13,-3,-14,-3,-14,-3,-14,-3,-15,-4,-14,-4,-15,-5,-14,-5,-14,-6,-13,-6,-13,-6,-13,-7,0,0,0,0,0,0,0,0,0,0,0,0,0,0,0,0,0,0,0,0,0,0,-9,-6,-9,-7,-9,-8,-9,-8,-9,-9,-8,-10,-8,-10,-7,-11,-7,-11,-7,-11,-7,-11,-7,-11,-7,-10,-7,-10,-7,-10,-8,-10,-8,-9,-9,-9,-9,-9,-9,-9,-10,-9,-10,-9,-11,-9,-11,-9,-12,-9,-11,-9]"
2025-08-18 22:38:17.295385,CSI_DATA,521,1a:00:00:00:00:00,-42,11,0,0,0,0,0,0,0,0,0,-94,0,1,0,91586356,0,42,0,128,0,"[0,0,-6,13,-6,13,-6,12,-5,12,-5,12,-4,12,-4,12,-3,12,-3,12,-2,12,-2,12,-1,12,-1,12,0,12,0,13,0,13,0,14,0,13,0,14,0,14,-1,14,-2,14,-2,14,-3,13,-4,13,-4,12,0,0,0,0,0,0,0,0,0,0,0,0,0,0,0,0,0,0,0,0,0,0,-4,9,-5,9,-6,9,-6,9,-7,9,-8,9,-8,9,-9,9,-9,9,-9,8,-9,8,-9,8,-9,8,-9,8,-8,8,-8,9,-7,9,-7,9,-7,10,-6,10,-6,11,-6,11,-6,12,-6,12,-6,12,-6,12]"
2025-08-18 22:38:17.366761,CSI_DATA,522,1a:00:00:00:00:00,-42,11,0,0,0,0,0,0,0,0,0,-94,0,1,0,91655687,0,31,0,128,0,"[0,0,-12,9,-12,9,-11,8,-11,8,-10,9,-10,9,-10,9,-9,9,-9,9,-8,10,-8,10,-7,10,-7,11,-7,11,-7,11,-7,12,-7,12,-8,12,-8,12,-8,12,-9,12,-9,11,-10,11,-10,10,-11,9,-11,9,0,0,0,0,0,0,0,0,0,0,0,0,0,0,0,0,0,0,0,0,0,0,-8,7,-8,7,-9,7,-10,6,-11,6,-11,5,-11,5,-12,5,-12,4,-12,4,-12,4,-12,4,-12,4,-12,4,-11,4,-11,4,-11,5,-11,6,-11,6,-11,6,-11,7,-11,7,-11,8,-11,9,-12,8,-11,9]"
2025-08-18 22:38:17.575067,CSI_DATA,523,1a:00:00:00:00:00,-42,11,0,0,0,0,0,0,0,0,0,-94,0,1,0,91856953,0,31,0,128,0,"[0,0,10,9,10,8,10,8,10,8,10,7,10,7,9,7,10,6,10,5,10,5,11,4,11,4,11,4,11,3,12,3,12,3,12,3,12,4,13,4,12,5,12,5,12,6,12,6,11,7,10,7,10,8,0,0,0,0,0,0,0,0,0,0,0,0,0,0,0,0,0,0,0,0,0,0,8,5,8,6,8,7,7,7,7,8,7,9,7,9,6,9,6,9,5,10,5,10,5,9,5,9,5,9,6,9,6,9,7,8,7,8,7,8,8,8,8,8,9,8,9,8,9,8,9,8,10,8]"
2025-08-18 22:38:17.764359,CSI_DATA,524,1a:00:00:00:00:00,-42,11,0,0,0,0,0,0,0,0,0,-94,0,1,0,92058958,0,31,0,128,0,"[0,0,13,5,12,4,12,4,13,4,12,3,12,3,12,3,12,2,12,2,12,1,12,0,12,0,12,-1,12,-1,13,-1,13,-2,13,-2,13,-1,14,-1,14,-1,14,0,14,1,14,2,13,2,13,3,12,3,0,0,0,0,0,0,0,0,0,0,0,0,0,0,0,0,0,0,0,0,0,0,9,2,10,3,10,4,10,4,10,5,10,6,10,6,9,7,9,7,9,7,9,7,9,7,9,7,9,6,9,6,9,6,9,6,10,5,10,5,11,5,11,5,11,5,12,5,12,4,12,4,13,4]"
2025-08-18 22:38:17.962692,CSI_DATA,525,1a:00:00:00:00:00,-42,11,0,0,0,0,0,0,0,0,0,-94,0,1,0,92259194,0,31,0,128,0,"[0,0,11,8,10,8,10,8,10,7,10,7,10,6,10,6,10,5,10,5,11,4,11,4,11,3,11,3,12,3,12,2,12,2,13,3,13,3,13,3,13,4,13,4,12,5,12,6,11,6,11,6,10,7,0,0,0,0,0,0,0,0,0,0,0,0,0,0,0,0,0,0,0,0,0,0,8,5,8,5,8,6,8,7,7,7,7,8,7,8,7,8,7,9,6,9,6,9,5,10,6,9,6,9,6,9,6,8,7,8,7,8,8,8,8,8,8,8,9,8,10,8,10,8,10,8,10,8]"
2025-08-18 22:38:18.164767,CSI_DATA,526,1a:00:00:00:00:00,-42,11,0,0,0,0,0,0,0,0,0,-94,0,1,0,92460421,0,31,0,128,0,"[0,0,9,10,9,10,9,9,9,9,9,8,9,8,9,8,10,7,10,7,10,6,10,6,11,5,11,5,11,5,12,5,12,4,12,5,12,5,13,5,13,6,12,6,12,7,11,7,11,8,10,8,10,9,0,0,0,0,0,0,0,0,0,0,0,0,0,0,0,0,0,0,0,0,0,0,7,6,7,7,7,8,6,8,6,9,6,9,5,10,5,11,5,11,5,11,4,11,4,10,5,10,5,10,5,10,5,10,6,9,6,9,6,9,7,9,7,9,8,10,9,9,9,9,9,10,9,9]"
2025-08-18 22:38:18.371695,CSI_DATA,527,1a:00:00:00:00:00,-42,11,0,0,0,0,0,0,0,0,0,-94,0,1,0,92661583,0,31,0,128,0,"[0,0,-12,9,-11,8,-11,8,-10,8,-10,9,-10,9,-9,9,-9,9,-8,9,-7,9,-7,10,-6,10,-6,11,-6,11,-6,11,-6,12,-6,12,-7,12,-7,12,-8,12,-8,12,-9,11,-9,11,-9,10,-10,10,-10,9,0,0,0,0,0,0,0,0,0,0,0,0,0,0,0,0,0,0,0,0,0,0,-8,7,-9,7,-9,6,-10,6,-10,5,-11,5,-12,5,-12,4,-12,4,-12,3,-12,4,-12,3,-12,4,-11,4,-11,4,-11,4,-11,5,-10,5,-11,6,-11,6,-11,7,-11,7,-11,8,-11,8,-11,9,-11,9]"
2025-08-18 22:38:18.575695,CSI_DATA,528,1a:00:00:00:00:00,-42,11,0,0,0,0,0,0,0,0,0,-94,0,1,0,92862720,0,31,0,128,0,"[0,0,-15,3,-14,3,-14,3,-14,4,-13,4,-13,4,-13,4,-12,5,-12,5,-11,6,-11,7,-10,7,-11,8,-11,7,-10,8,-10,9,-12,8,-12,10,-12,9,-12,8,-13,9,-14,8,-12,6,-14,7,-14,5,-14,4,0,0,0,0,0,0,0,0,0,0,0,0,0,0,0,0,0,0,0,0,0,0,-10,3,-11,2,-11,2,-12,1,-13,1,-13,0,-13,-1,-13,-1,-13,-2,-13,-2,-13,-2,-13,-2,-13,-2,-13,-1,-13,-1,-12,-1,-13,0,-13,1,-13,1,-13,1,-13,2,-14,2,-14,3,-14,3,-14,3,-14,3]"
2025-08-18 22:38:18.778264,CSI_DATA,529,1a:00:00:00:00:00,-42,11,0,0,0,0,0,0,0,0,0,-94,0,1,0,93064356,0,31,0,128,0,"[0,0,7,13,6,12,6,12,7,11,7,11,7,11,7,10,7,10,8,9,9,9,9,8,9,8,9,8,10,8,10,8,10,8,10,8,11,8,11,9,11,9,10,10,9,10,9,11,8,11,8,11,7,11,0,0,0,0,0,0,0,0,0,0,0,0,0,0,0,0,0,0,0,0,0,0,6,8,5,9,5,10,4,10,4,11,3,11,3,11,2,12,2,12,2,12,2,12,2,12,2,11,2,11,2,11,2,11,3,11,4,11,4,11,4,11,5,11,5,12,6,12,6,12,7,12,7,12]"
2025-08-18 22:38:18.829507,CSI_DATA,530,1a:00:00:00:00:00,-42,11,0,0,0,0,0,0,0,0,0,-94,0,1,0,93124416,0,42,0,128,0,"[0,0,6,12,6,11,6,12,7,11,7,11,6,10,7,10,7,9,7,9,8,8,9,8,9,8,9,7,10,7,10,7,11,7,10,7,11,8,11,8,11,9,10,9,10,10,9,10,9,10,8,10,7,11,0,0,0,0,0,0,0,0,0,0,0,0,0,0,0,0,0,0,0,0,0,0,5,8,5,9,4,9,4,10,3,10,3,11,2,11,2,12,1,12,1,11,2,11,1,11,2,11,2,11,2,11,2,10,3,11,3,10,4,11,4,11,5,11,5,11,6,11,6,12,6,12,7,12]"
2025-08-18 22:38:18.907229,CSI_DATA,531,1a:00:00:00:00:00,-42,11,0,0,0,0,0,0,0,0,0,-94,0,1,0,93191099,0,31,0,128,0,"[0,0,-8,-13,-8,-12,-8,-12,-8,-11,-8,-11,-8,-11,-8,-11,-9,-10,-9,-9,-9,-9,-10,-8,-10,-8,-11,-8,-11,-8,-11,-7,-12,-8,-12,-8,-12,-8,-13,-9,-12,-9,-12,-10,-11,-10,-11,-10,-10,-10,-10,-10,-9,-11,0,0,0,0,0,0,0,0,0,0,0,0,0,0,0,0,0,0,0,0,0,0,-7,-9,-6,-9,-6,-10,-5,-11,-5,-11,-5,-12,-4,-12,-4,-12,-3,-13,-3,-12,-3,-12,-3,-12,-3,-12,-3,-12,-4,-12,-4,-11,-4,-12,-5,-11,-5,-12,-6,-12,-6,-12,-6,-12,-7,-12,-8,-12,-8,-12,-8,-12]"
2025-08-18 22:38:19.108206,CSI_DATA,532,1a:00:00:00:00:00,-42,11,0,0,0,0,0,0,0,0,0,-94,0,1,0,93390874,0,31,0,128,0,"[0,0,-10,10,-10,10,-10,10,-9,10,-9,10,-8,10,-8,10,-7,10,-7,10,-6,10,-6,11,-5,11,-5,11,-4,12,-4,12,-4,12,-4,13,-5,13,-5,13,-5,13,-6,13,-7,12,-7,12,-7,11,-8,11,-9,11,0,0,0,0,0,0,0,0,0,0,0,0,0,0,0,0,0,0,0,0,0,0,-7,7,-8,7,-9,7,-9,6,-10,6,-10,6,-11,6,-11,5,-12,5,-12,5,-11,5,-11,5,-11,4,-11,5,-11,5,-11,5,-10,6,-10,7,-10,7,-10,7,-10,8,-10,8,-10,9,-10,10,-10,10,-10,10]"
2025-08-18 22:38:19.300803,CSI_DATA,533,1a:00:00:00:00:00,-42,11,0,0,0,0,0,0,0,0,0,-94,0,1,0,93592083,0,31,0,128,0,"[0,0,-2,13,-2,13,-2,13,-1,13,-1,12,-1,12,0,12,1,12,1,11,2,11,2,11,2,11,2,11,3,11,4,11,4,11,4,12,4,12,4,13,3,13,3,13,2,13,1,13,0,13,0,13,-1,13,0,0,0,0,0,0,0,0,0,0,0,0,0,0,0,0,0,0,0,0,0,0,0,9,-1,10,-2,10,-3,10,-3,11,-3,11,-4,11,-5,11,-5,11,-5,10,-5,10,-5,10,-5,10,-5,10,-5,10,-4,10,-4,10,-3,11,-3,11,-3,11,-3,12,-2,12,-2,13,-2,13,-2,13,-1,13]"
2025-08-18 22:38:19.509481,CSI_DATA,534,1a:00:00:00:00:00,-42,11,0,0,0,0,0,0,0,0,0,-94,0,1,0,93793229,0,31,0,128,0,"[0,0,-6,-13,-6,-13,-6,-13,-6,-13,-7,-12,-6,-12,-7,-12,-7,-12,-7,-11,-8,-10,-9,-10,-9,-9,-10,-9,-10,-9,-10,-9,-11,-9,-11,-10,-11,-10,-11,-10,-10,-11,-10,-11,-10,-12,-9,-12,-9,-12,-8,-12,-7,-12,0,0,0,0,0,0,0,0,0,0,0,0,0,0,0,0,0,0,0,0,0,0,-5,-10,-4,-10,-4,-11,-3,-11,-3,-12,-2,-12,-2,-13,-1,-13,-1,-13,-1,-13,-1,-13,-1,-12,-1,-12,-1,-12,-1,-12,-2,-12,-2,-12,-3,-12,-3,-13,-4,-13,-4,-13,-4,-13,-5,-13,-6,-13,-6,-13,-6,-13]"
2025-08-18 22:38:19.703552,CSI_DATA,535,1a:00:00:00:00:00,-42,11,0,0,0,0,0,0,0,0,0,-94,0,1,0,93994395,0,31,0,128,0,"[0,0,14,-2,13,-2,13,-3,13,-3,12,-3,12,-3,12,-4,12,-4,11,-4,11,-5,11,-6,10,-6,10,-6,10,-7,11,-8,11,-8,11,-8,12,-8,12,-8,12,-7,13,-7,13,-6,13,-5,13,-5,13,-4,13,-3,0,0,0,0,0,0,0,0,0,0,0,0,0,0,0,0,0,0,0,0,0,0,9,-3,10,-2,11,-2,11,-1,11,0,11,0,12,1,12,1,12,1,12,2,11,2,11,2,11,2,11,1,11,1,11,1,11,0,12,0,12,0,12,-1,12,-1,13,-1,13,-2,13,-2,13,-2,13,-2]"
2025-08-18 22:38:19.907589,CSI_DATA,536,1a:00:00:00:00:00,-42,11,0,0,0,0,0,0,0,0,0,-94,0,1,0,94195758,0,31,0,128,0,"[0,0,-14,4,-14,4,-14,4,-14,4,-13,4,-13,5,-12,5,-12,5,-11,6,-11,6,-11,7,-11,7,-11,8,-10,8,-10,9,-11,9,-11,9,-11,9,-12,10,-12,9,-12,9,-13,8,-13,7,-13,7,-13,6,-13,5,0,0,0,0,0,0,0,0,0,0,0,0,0,0,0,0,0,0,0,0,0,0,-11,3,-11,2,-12,2,-12,1,-12,1,-13,0,-13,-1,-13,-1,-13,-1,-13,-2,-13,-2,-13,-2,-13,-2,-12,-2,-12,-1,-12,-1,-13,0,-13,1,-13,1,-13,2,-13,2,-13,2,-14,3,-14,3,-14,3,-14,3]"
2025-08-18 22:38:20.110359,CSI_DATA,537,1a:00:00:00:00:00,-42,11,0,0,0,0,0,0,0,0,0,-94,0,1,0,94396863,0,31,0,128,0,"[0,0,-15,1,-14,1,-14,1,-14,1,-14,2,-13,2,-13,2,-13,3,-12,3,-12,4,-12,4,-12,5,-12,5,-12,6,-12,6,-12,6,-12,6,-13,7,-13,6,-14,6,-14,5,-14,5,-14,4,-14,3,-14,3,-14,2,0,0,0,0,0,0,0,0,0,0,0,0,0,0,0,0,0,0,0,0,0,0,-10,1,-11,1,-11,0,-12,-1,-12,-1,-13,-2,-13,-2,-13,-3,-12,-3,-12,-4,-12,-3,-12,-3,-12,-3,-12,-3,-12,-3,-12,-2,-12,-2,-12,-1,-13,-1,-13,-1,-13,-1,-13,0,-14,1,-14,1,-14,1,-14,1]"
2025-08-18 22:38:20.311028,CSI_DATA,538,1a:00:00:00:00:00,-42,11,0,0,0,0,0,0,0,0,0,-94,0,1,0,94598056,0,31,0,128,0,"[0,0,-15,0,-15,0,-15,0,-14,0,-14,1,-14,1,-13,1,-13,2,-13,2,-13,3,-12,3,-12,4,-12,4,-13,5,-13,6,-13,6,-13,6,-14,6,-14,5,-14,5,-15,4,-15,4,-15,3,-15,2,-15,1,-15,1,0,0,0,0,0,0,0,0,0,0,0,0,0,0,0,0,0,0,0,0,0,0,-11,1,-11,0,-12,0,-12,-1,-12,-2,-13,-3,-13,-3,-13,-3,-13,-4,-12,-4,-12,-4,-12,-5,-12,-4,-12,-4,-12,-4,-12,-3,-12,-3,-12,-2,-13,-2,-13,-2,-14,-1,-14,-1,-14,0,-15,0,-15,-1,-15,0]"
2025-08-18 22:38:20.373128,CSI_DATA,539,1a:00:00:00:00:00,-42,11,0,0,0,0,0,0,0,0,0,-94,0,1,0,94658518,0,42,0,128,0,"[0,0,-3,-14,-3,-14,-3,-14,-3,-14,-3,-14,-4,-13,-4,-13,-5,-12,-5,-12,-5,-12,-6,-12,-6,-11,-7,-11,-7,-11,-8,-11,-8,-12,-8,-12,-8,-12,-9,-13,-8,-13,-8,-13,-7,-13,-6,-14,-5,-14,-5,-13,-4,-14,0,0,0,0,0,0,0,0,0,0,0,0,0,0,0,0,0,0,0,0,0,0,-2,-10,-2,-11,-1,-11,0,-12,0,-12,1,-13,1,-13,1,-13,2,-13,2,-12,3,-12,3,-12,2,-12,2,-12,2,-12,1,-12,1,-12,0,-12,0,-13,-1,-13,-1,-13,-2,-13,-2,-14,-2,-14,-2,-14,-2,-14]"
2025-08-18 22:38:20.440633,CSI_DATA,540,1a:00:00:00:00:00,-42,11,0,0,0,0,0,0,0,0,0,-94,0,1,0,94727562,0,31,0,128,0,"[0,0,0,-14,0,-14,0,-14,0,-14,-1,-14,-1,-14,-2,-13,-2,-13,-3,-13,-3,-12,-4,-12,-4,-12,-4,-13,-5,-13,-5,-12,-6,-13,-6,-13,-6,-14,-6,-14,-5,-14,-5,-14,-4,-14,-3,-14,-3,-15,-2,-14,-1,-14,0,0,0,0,0,0,0,0,0,0,0,0,0,0,0,0,0,0,0,0,0,0,-1,-10,0,-11,1,-11,1,-12,2,-12,3,-12,3,-12,3,-12,4,-12,4,-11,4,-12,4,-11,4,-11,4,-11,4,-12,3,-11,3,-12,2,-12,2,-13,1,-13,1,-13,1,-14,0,-13,0,-14,1,-14,0,-14]"
2025-08-18 22:38:20.644483,CSI_DATA,541,1a:00:00:00:00:00,-42,11,0,0,0,0,0,0,0,0,0,-94,0,1,0,94928642,0,31,0,128,0,"[0,0,-9,-12,-9,-12,-8,-11,-9,-12,-9,-11,-9,-10,-9,-10,-9,-9,-10,-9,-10,-8,-10,-8,-10,-8,-11,-8,-11,-7,-12,-7,-12,-7,-12,-8,-12,-7,-13,-8,-13,-8,-12,-9,-12,-10,-11,-10,-10,-10,-9,-11,-9,-11,0,0,0,0,0,0,0,0,0,0,0,0,0,0,0,0,0,0,0,0,0,0,-7,-8,-7,-9,-6,-10,-6,-10,-6,-11,-5,-11,-5,-12,-5,-12,-5,-12,-4,-12,-3,-12,-3,-12,-3,-12,-3,-12,-4,-11,-5,-11,-5,-11,-6,-11,-6,-11,-6,-11,-7,-11,-7,-12,-8,-12,-8,-12,-8,-12,-8,-12]"
2025-08-18 22:38:20.860313,CSI_DATA,542,1a:00:00:00:00:00,-42,11,0,0,0,0,0,0,0,0,0,-94,0,1,0,95130489,0,31,0,128,0,"[0,0,-4,-14,-4,-14,-4,-13,-4,-14,-4,-13,-4,-13,-5,-12,-5,-12,-6,-11,-7,-11,-7,-11,-7,-11,-8,-11,-8,-10,-9,-11,-9,-10,-9,-11,-9,-11,-9,-12,-9,-12,-8,-12,-8,-13,-7,-13,-6,-13,-6,-13,-5,-13,0,0,0,0,0,0,0,0,0,0,0,0,0,0,0,0,0,0,0,0,0,0,-3,-10,-3,-10,-2,-12,-1,-11,-1,-12,0,-12,0,-13,1,-13,1,-13,2,-13,2,-12,2,-12,2,-12,1,-12,1,-12,0,-12,0,-12,-1,-13,-1,-13,-2,-13,-2,-13,-3,-13,-3,-14,-3,-14,-3,-14,-3,-14]"
2025-08-18 22:38:21.043955,CSI_DATA,543,1a:00:00:00:00:00,-42,11,0,0,0,0,0,0,0,0,0,-94,0,1,0,95331126,0,31,0,128,0,"[0,0,1,-14,1,-14,1,-14,0,-14,0,-14,0,-14,-1,-13,-1,-13,-2,-12,-3,-12,-3,-13,-4,-13,-4,-13,-5,-13,-5,-13,-5,-13,-5,-13,-5,-14,-5,-14,-4,-14,-4,-15,-3,-15,-2,-14,-2,-15,-1,-14,0,-14,0,0,0,0,0,0,0,0,0,0,0,0,0,0,0,0,0,0,0,0,0,0,-1,-11,0,-11,1,-11,1,-12,2,-12,3,-12,3,-12,4,-12,4,-12,4,-11,4,-12,4,-11,4,-11,4,-11,4,-11,3,-11,3,-12,2,-12,2,-13,2,-13,2,-13,1,-13,1,-14,1,-14,1,-14,1,-14]"
2025-08-18 22:38:21.242034,CSI_DATA,544,1a:00:00:00:00:00,-42,11,0,0,0,0,0,0,0,0,0,-94,0,1,0,95532313,0,31,0,128,0,"[0,0,9,-11,9,-11,9,-11,8,-11,8,-11,7,-11,7,-11,6,-11,6,-11,5,-12,5,-12,5,-12,4,-12,4,-13,3,-13,4,-13,4,-14,4,-14,4,-14,5,-14,6,-14,6,-13,7,-13,8,-12,8,-11,8,-11,0,0,0,0,0,0,0,0,0,0,0,0,0,0,0,0,0,0,0,0,0,0,5,-9,6,-9,7,-9,8,-8,8,-8,9,-8,9,-8,10,-8,10,-7,10,-6,10,-6,10,-6,10,-6,10,-6,9,-7,9,-7,9,-8,9,-8,9,-8,9,-9,8,-9,8,-10,8,-10,9,-10,9,-11,9,-11]"
2025-08-18 22:38:21.443465,CSI_DATA,545,1a:00:00:00:00:00,-42,11,0,0,0,0,0,0,0,0,0,-94,0,1,0,95733439,0,31,0,128,0,"[0,0,-9,11,-9,11,-9,11,-8,10,-8,11,-8,10,-7,10,-6,10,-6,11,-6,11,-5,11,-4,11,-4,12,-4,12,-4,12,-4,13,-4,13,-4,13,-5,13,-5,13,-6,13,-7,13,-7,12,-7,12,-8,11,-9,11,0,0,0,0,0,0,0,0,0,0,0,0,0,0,0,0,0,0,0,0,0,0,-5,8,-6,8,-7,8,-8,8,-9,8,-9,8,-10,7,-10,7,-10,7,-10,6,-11,6,-10,6,-10,6,-10,7,-10,7,-10,7,-9,7,-9,8,-9,8,-9,9,-9,9,-9,9,-9,10,-9,11,-9,11,-9,11]"
2025-08-18 22:38:21.639341,CSI_DATA,546,1a:00:00:00:00:00,-43,11,0,0,0,0,0,0,0,0,0,-94,0,1,0,95934577,0,31,0,128,0,"[0,0,10,10,9,10,10,9,10,9,10,9,10,8,10,7,10,7,10,7,11,5,11,5,11,5,11,4,12,4,12,5,12,4,13,5,14,5,15,5,13,6,14,6,12,8,12,6,11,7,10,8,9,9,0,0,0,0,0,0,0,0,0,0,0,0,0,0,0,0,0,0,0,0,0,0,8,6,7,7,7,8,7,9,6,9,6,10,6,10,6,11,5,11,5,11,5,11,4,11,5,10,5,10,5,10,5,10,6,10,7,9,7,10,8,9,8,9,8,10,9,9,9,10,10,10,10,9]"
2025-08-18 22:38:21.850341,CSI_DATA,547,1a:00:00:00:00:00,-42,11,0,0,0,0,0,0,0,0,0,-94,0,1,0,96135722,0,31,0,128,0,"[0,0,-12,8,-12,8,-11,8,-11,8,-10,8,-10,8,-10,9,-9,9,-9,9,-8,9,-8,10,-7,10,-7,10,-6,11,-7,11,-6,11,-7,12,-7,12,-8,12,-8,12,-9,11,-9,11,-10,11,-10,10,-10,9,-11,9,0,0,0,0,0,0,0,0,0,0,0,0,0,0,0,0,0,0,0,0,0,0,-8,7,-8,6,-10,6,-10,6,-11,6,-11,5,-12,5,-12,4,-12,4,-12,3,-12,3,-12,3,-12,3,-11,3,-11,4,-11,4,-11,5,-11,5,-11,5,-11,6,-11,6,-11,7,-11,8,-11,8,-11,8,-11,8]"
2025-08-18 22:38:21.900585,CSI_DATA,548,1a:00:00:00:00:00,-42,11,0,0,0,0,0,0,0,0,0,-94,0,1,0,96196198,0,42,0,128,0,"[0,0,5,13,5,12,5,12,5,12,5,12,5,11,5,11,6,11,6,10,7,9,7,9,7,9,8,9,8,9,9,9,9,9,9,9,9,10,9,10,9,11,8,11,7,12,7,12,7,12,6,12,5,12,0,0,0,0,0,0,0,0,0,0,0,0,0,0,0,0,0,0,0,0,0,0,5,8,4,9,4,10,3,10,3,11,2,11,2,12,1,12,1,12,0,12,1,12,0,11,1,11,1,11,1,11,1,11,2,11,3,11,3,11,3,11,3,12,4,12,4,12,5,12,5,12,5,12]"
2025-08-18 22:38:21.972768,CSI_DATA,549,1a:00:00:00:00:00,-42,11,0,0,0,0,0,0,0,0,0,-94,0,1,0,96261188,0,31,0,128,0,"[0,0,13,-6,12,-6,12,-6,12,-6,11,-7,11,-7,10,-7,10,-7,10,-7,9,-8,9,-8,8,-9,8,-9,8,-10,8,-10,9,-10,9,-11,9,-11,10,-11,10,-11,10,-10,11,-10,11,-9,11,-9,11,-8,12,-7,0,0,0,0,0,0,0,0,0,0,0,0,0,0,0,0,0,0,0,0,0,0,9,-5,10,-4,11,-4,11,-3,11,-3,11,-2,12,-2,12,-1,12,-1,12,-1,12,-1,11,-1,12,-1,11,-1,11,-2,11,-2,11,-2,11,-3,11,-3,12,-4,12,-4,12,-4,12,-5,12,-5,12,-5,12,-6]"
2025-08-18 22:38:22.181017,CSI_DATA,550,1a:00:00:00:00:00,-42,11,0,0,0,0,0,0,0,0,0,-94,0,1,0,96462344,0,31,0,128,0,"[0,0,5,13,5,13,5,12,5,12,5,12,5,12,6,11,6,11,7,10,7,9,7,9,8,9,8,9,9,9,9,9,10,9,9,10,10,10,10,10,9,10,9,11,8,11,8,12,7,12,6,12,5,12,0,0,0,0,0,0,0,0,0,0,0,0,0,0,0,0,0,0,0,0,0,0,4,9,4,10,3,10,2,11,2,11,2,11,1,12,1,12,0,12,-1,12,-1,12,0,12,0,12,0,11,0,12,1,11,1,11,2,11,2,12,3,12,3,12,3,12,4,12,4,13,4,13,5,13]"
2025-08-18 22:38:22.384289,CSI_DATA,551,1a:00:00:00:00:00,-42,11,0,0,0,0,0,0,0,0,0,-94,0,1,0,96663441,0,31,0,128,0,"[0,0,9,-11,9,-11,8,-11,8,-12,8,-11,7,-11,7,-11,6,-12,6,-12,5,-12,5,-12,4,-13,3,-13,3,-13,3,-13,3,-14,3,-14,4,-14,4,-15,4,-15,5,-14,6,-14,6,-14,6,-13,7,-12,8,-12,0,0,0,0,0,0,0,0,0,0,0,0,0,0,0,0,0,0,0,0,0,0,5,-9,7,-8,8,-8,8,-8,9,-8,10,-8,10,-7,10,-7,11,-6,11,-6,11,-6,10,-6,10,-6,10,-6,10,-6,10,-7,9,-7,9,-8,9,-8,9,-9,9,-9,9,-10,9,-11,9,-11,9,-11,9,-11]"
2025-08-18 22:38:22.569180,CSI_DATA,552,1a:00:00:00:00:00,-42,11,0,0,0,0,0,0,0,0,0,-94,0,1,0,96864608,0,31,0,128,0,"[0,0,10,10,10,9,10,9,10,9,10,8,10,8,10,7,10,7,10,6,11,6,11,5,11,5,12,5,12,4,12,4,13,4,13,4,13,4,13,5,13,6,13,6,13,7,12,7,12,7,11,8,10,9,0,0,0,0,0,0,0,0,0,0,0,0,0,0,0,0,0,0,0,0,0,0,8,6,8,7,8,7,7,8,7,9,7,9,7,10,6,10,6,11,5,11,5,11,5,11,5,10,5,10,6,10,6,10,7,9,7,9,7,9,8,9,8,9,9,9,10,9,10,9,10,9,10,9]"
2025-08-18 22:38:22.776193,CSI_DATA,553,1a:00:00:00:00:00,-42,11,0,0,0,0,0,0,0,0,0,-94,0,1,0,97065766,0,31,0,128,0,"[0,0,13,-5,12,-5,12,-5,12,-5,11,-6,11,-6,11,-6,10,-6,10,-7,9,-8,9,-8,9,-8,8,-8,8,-9,9,-10,9,-9,9,-10,9,-10,10,-10,10,-9,11,-9,11,-8,11,-8,11,-7,11,-6,12,-6,0,0,0,0,0,0,0,0,0,0,0,0,0,0,0,0,0,0,0,0,0,0,9,-5,9,-4,10,-4,10,-4,11,-3,11,-3,11,-2,11,-2,12,-1,11,-1,11,-1,11,-1,11,-1,11,-1,11,-1,11,-2,11,-2,11,-3,11,-3,11,-4,11,-4,12,-4,12,-5,12,-5,12,-5,12,-5]"
2025-08-18 22:38:22.972235,CSI_DATA,554,1a:00:00:00:00:00,-42,11,0,0,0,0,0,0,0,0,0,-94,0,1,0,97266926,0,31,0,128,0,"[0,0,6,12,5,12,5,12,6,11,6,11,6,11,6,10,7,10,7,10,8,9,8,9,8,9,9,9,9,7,9,8,10,8,11,9,11,10,10,10,9,9,9,10,9,11,8,11,7,11,7,11,6,11,0,0,0,0,0,0,0,0,0,0,0,0,0,0,0,0,0,0,0,0,0,0,5,8,5,9,4,10,4,10,4,11,3,11,2,12,2,12,2,12,1,12,1,12,1,12,1,11,1,11,2,11,2,11,2,11,3,11,3,11,4,11,4,11,5,12,5,12,5,12,5,12,6,12]"
2025-08-18 22:38:23.175479,CSI_DATA,555,1a:00:00:00:00:00,-42,11,0,0,0,0,0,0,0,0,0,-94,0,1,0,97468319,0,31,0,128,0,"[0,0,14,3,13,2,13,2,13,2,13,1,12,1,12,1,12,0,12,0,12,-2,12,-2,12,-3,12,-3,12,-3,12,-4,13,-4,13,-4,13,-4,14,-3,14,-3,14,-3,14,-2,14,-1,13,-1,13,0,13,1,0,0,0,0,0,0,0,0,0,0,0,0,0,0,0,0,0,0,0,0,0,0,9,1,10,2,10,3,10,3,11,4,10,5,10,5,10,6,10,6,10,6,10,6,10,6,10,6,9,5,10,5,10,5,10,4,11,4,11,4,12,4,12,4,12,3,12,3,13,3,13,3,13,2]"
2025-08-18 22:38:23.380641,CSI_DATA,556,1a:00:00:00:00:00,-42,11,0,0,0,0,0,0,0,0,0,-94,0,1,0,97669661,0,31,0,128,0,"[0,0,12,-6,12,-7,11,-7,12,-7,11,-7,11,-7,10,-7,10,-8,9,-8,9,-8,8,-9,8,-9,8,-10,8,-10,8,-11,8,-11,8,-11,9,-11,9,-11,10,-11,10,-10,10,-10,11,-9,11,-8,11,-8,11,-7,0,0,0,0,0,0,0,0,0,0,0,0,0,0,0,0,0,0,0,0,0,0,8,-6,8,-6,9,-5,10,-5,11,-4,11,-4,11,-3,11,-3,12,-2,12,-2,11,-2,11,-2,11,-2,11,-2,11,-3,11,-3,10,-4,11,-4,11,-4,11,-5,11,-5,11,-6,12,-6,12,-7,12,-6,12,-7]"
2025-08-18 22:38:23.438337,CSI_DATA,557,1a:00:00:00:00:00,-42,11,0,0,0,0,0,0,0,0,0,-94,0,1,0,97729784,0,42,0,128,0,"[0,0,-1,14,0,13,-1,13,0,13,0,13,0,12,1,12,2,12,2,11,3,11,3,11,4,11,4,11,4,11,5,11,6,11,5,12,5,12,5,13,5,13,4,13,4,13,3,14,2,13,1,13,1,13,0,0,0,0,0,0,0,0,0,0,0,0,0,0,0,0,0,0,0,0,0,0,0,10,0,10,-1,11,-2,11,-2,11,-3,11,-3,12,-4,11,-4,11,-5,11,-5,11,-5,11,-5,11,-4,11,-4,10,-4,11,-3,11,-2,11,-2,11,-2,12,-2,12,-1,13,-1,13,-1,13,-1,13,0,13]"
2025-08-18 22:38:23.501440,CSI_DATA,558,1a:00:00:00:00:00,-42,11,0,0,0,0,0,0,0,0,0,-94,0,1,0,97797788,0,31,0,128,0,"[0,0,9,10,9,9,9,9,9,9,9,9,9,8,9,7,10,7,10,6,10,6,10,6,10,5,11,5,11,4,12,4,12,4,12,4,13,4,13,4,13,5,13,6,12,6,12,7,11,8,10,8,10,8,0,0,0,0,0,0,0,0,0,0,0,0,0,0,0,0,0,0,0,0,0,0,7,6,7,7,6,8,6,8,6,9,6,10,6,10,6,10,5,10,4,11,4,11,4,10,4,11,4,10,5,10,5,10,6,10,6,9,6,9,7,9,8,9,8,9,9,9,8,10,9,10,9,9]"
2025-08-18 22:38:23.708501,CSI_DATA,559,1a:00:00:00:00:00,-42,11,0,0,0,0,0,0,0,0,0,-94,0,1,0,97998856,0,31,0,128,0,"[0,0,14,-1,14,-1,13,-1,13,-2,13,-2,13,-2,12,-3,12,-3,12,-4,11,-4,11,-5,11,-6,11,-6,11,-6,11,-7,12,-7,12,-7,13,-7,13,-7,13,-6,13,-6,13,-5,13,-5,14,-3,13,-3,14,-2,0,0,0,0,0,0,0,0,0,0,0,0,0,0,0,0,0,0,0,0,0,0,10,-3,10,-2,11,-1,11,0,11,0,12,1,12,1,12,2,12,2,11,3,11,3,11,3,11,2,11,2,11,2,11,2,11,1,11,0,12,0,12,0,12,0,13,-1,13,-1,14,-1,14,-1,14,-1]"
2025-08-18 22:38:23.907890,CSI_DATA,560,1a:00:00:00:00:00,-42,11,0,0,0,0,0,0,0,0,0,-94,0,1,0,98200015,0,31,0,128,0,"[0,0,14,1,13,0,13,1,13,0,13,0,12,0,12,-1,12,-2,12,-2,12,-3,12,-3,11,-4,12,-4,12,-5,12,-5,12,-5,12,-5,13,-5,13,-5,13,-4,14,-4,14,-3,13,-2,14,-2,13,-1,13,0,0,0,0,0,0,0,0,0,0,0,0,0,0,0,0,0,0,0,0,0,0,0,10,-1,10,0,10,1,11,1,11,2,11,3,11,3,11,4,11,4,10,4,11,4,10,4,10,4,10,4,10,4,10,3,11,3,11,2,11,2,12,2,12,1,12,1,13,1,13,1,13,1,14,0]"
2025-08-18 22:38:24.112517,CSI_DATA,561,1a:00:00:00:00:00,-42,11,0,0,0,0,0,0,0,0,0,-94,0,1,0,98401190,0,31,0,128,0,"[0,0,-14,6,-13,5,-13,5,-13,6,-13,6,-12,6,-12,6,-11,7,-11,7,-10,8,-10,8,-10,8,-10,9,-9,10,-9,10,-10,10,-10,10,-10,11,-11,11,-11,10,-11,10,-12,9,-12,8,-12,8,-12,7,-13,6,0,0,0,0,0,0,0,0,0,0,0,0,0,0,0,0,0,0,0,0,0,0,-9,5,-10,5,-11,4,-12,3,-12,3,-13,3,-13,2,-13,2,-13,1,-13,1,-13,1,-13,1,-13,1,-12,1,-12,1,-12,2,-12,2,-12,3,-13,3,-12,4,-13,4,-13,5,-13,5,-13,5,-13,6,-14,6]"
2025-08-18 22:38:24.312284,CSI_DATA,562,1a:00:00:00:00:00,-42,11,0,0,0,0,0,0,0,0,0,-94,0,1,0,98602528,0,31,0,128,0,"[0,0,14,-3,14,-3,13,-3,13,-4,13,-4,12,-4,12,-4,12,-5,11,-5,11,-6,11,-6,11,-7,11,-7,10,-8,11,-8,11,-8,11,-8,12,-8,12,-8,13,-8,13,-7,13,-7,13,-6,13,-5,13,-4,13,-3,0,0,0,0,0,0,0,0,0,0,0,0,0,0,0,0,0,0,0,0,0,0,9,-4,10,-3,11,-3,11,-2,12,-2,12,-1,12,0,12,0,12,1,13,4,13,1,11,2,11,1,11,1,11,1,12,0,11,-1,12,-1,12,-1,12,-1,12,-2,13,-2,13,-3,13,-3,13,-3,14,-3]"
2025-08-18 22:38:24.513393,CSI_DATA,563,1a:00:00:00:00:00,-42,11,0,0,0,0,0,0,0,0,0,-94,0,1,0,98803632,0,31,0,128,0,"[0,0,-9,11,-9,11,-8,11,-7,11,-7,11,-7,11,-7,11,-6,11,-5,11,-5,11,-4,11,-4,11,-3,12,-3,12,-3,12,-3,13,-3,13,-3,13,-3,14,-4,13,-5,13,-5,13,-6,12,-6,12,-7,12,-7,11,0,0,0,0,0,0,0,0,0,0,0,0,0,0,0,0,0,0,0,0,0,0,-5,8,-6,8,-7,8,-8,8,-8,8,-9,8,-10,8,-10,7,-10,7,-10,6,-10,7,-10,6,-10,7,-10,7,-10,7,-9,7,-9,8,-8,8,-9,8,-9,9,-9,9,-9,10,-8,10,-8,11,-8,11,-8,11]"
2025-08-18 22:38:24.715405,CSI_DATA,564,1a:00:00:00:00:00,-42,11,0,0,0,0,0,0,0,0,0,-94,0,1,0,99004786,0,31,0,128,0,"[0,0,-11,8,-11,9,-11,8,-11,9,-10,8,-10,9,-9,9,-9,9,-8,9,-8,10,-7,10,-6,10,-7,11,-6,11,-6,12,-6,11,-6,12,-7,13,-7,13,-7,12,-8,12,-8,12,-9,11,-9,10,-10,10,-10,9,0,0,0,0,0,0,0,0,0,0,0,0,0,0,0,0,0,0,0,0,0,0,-8,7,-9,6,-10,6,-10,5,-11,5,-11,5,-12,4,-12,4,-12,4,-12,3,-12,3,-12,3,-12,3,-11,3,-11,4,-11,4,-11,5,-11,5,-11,6,-11,6,-11,6,-11,7,-11,8,-11,8,-11,8,-11,8]"
2025-08-18 22:38:24.910768,CSI_DATA,565,1a:00:00:00:00:00,-42,11,0,0,0,0,0,0,0,0,0,-94,0,1,0,99205932,0,31,0,128,0,"[0,0,8,11,8,10,8,10,9,10,8,9,8,9,8,9,9,8,9,7,9,7,10,7,10,6,10,6,10,6,11,5,11,5,12,6,12,6,12,6,12,7,11,8,11,8,10,9,10,9,9,9,8,9,0,0,0,0,0,0,0,0,0,0,0,0,0,0,0,0,0,0,0,0,0,0,6,7,6,8,6,9,5,9,5,10,5,10,4,11,4,11,4,11,3,11,3,11,3,11,3,11,3,10,3,10,4,10,4,10,5,10,5,10,6,10,6,10,7,10,7,10,8,11,8,11,8,10]"
2025-08-18 22:38:24.971306,CSI_DATA,566,1a:00:00:00:00:00,-42,11,0,0,0,0,0,0,0,0,0,-94,0,1,0,99266685,0,42,0,128,0,"[0,0,7,11,7,11,7,11,8,10,8,10,7,10,8,9,8,9,8,8,9,8,9,7,9,7,10,7,10,7,10,6,11,7,11,7,11,7,11,8,11,8,10,9,10,9,9,10,9,10,8,10,7,10,0,0,0,0,0,0,0,0,0,0,0,0,0,0,0,0,0,0,0,0,0,0,6,7,6,8,6,8,5,9,5,10,5,10,4,11,4,11,3,11,3,11,3,11,3,11,3,11,3,11,3,11,3,10,4,10,5,10,5,10,6,10,6,10,6,11,7,11,7,11,7,11,7,11]"
2025-08-18 22:38:25.043895,CSI_DATA,567,1a:00:00:00:00:00,-42,11,0,0,0,0,0,0,0,0,0,-94,0,1,0,99333676,0,31,0,128,0,"[0,0,12,-7,12,-6,12,-7,11,-7,11,-7,10,-7,10,-8,10,-8,9,-8,9,-9,9,-9,8,-9,8,-9,8,-10,7,-11,8,-11,8,-11,8,-12,9,-12,9,-11,10,-11,10,-10,10,-10,10,-9,11,-8,11,-7,0,0,0,0,0,0,0,0,0,0,0,0,0,0,0,0,0,0,0,0,0,0,8,-5,9,-5,10,-4,10,-4,11,-3,11,-3,12,-3,11,-2,12,-2,11,-1,12,-1,11,-1,11,-1,11,-1,11,-2,11,-2,11,-3,11,-4,11,-4,11,-5,11,-5,12,-5,12,-6,12,-6,12,-6,12,-6]"
2025-08-18 22:38:25.251446,CSI_DATA,568,1a:00:00:00:00:00,-42,11,0,0,0,0,0,0,0,0,0,-94,0,1,0,99534839,0,31,0,128,0,"[0,0,-9,-11,-9,-11,-9,-11,-9,-11,-9,-10,-9,-10,-10,-9,-10,-9,-10,-8,-11,-8,-11,-7,-11,-7,-11,-7,-12,-6,-12,-6,-12,-6,-13,-7,-13,-7,-13,-7,-13,-8,-13,-8,-12,-9,-12,-9,-11,-10,-10,-10,-10,-10,0,0,0,0,0,0,0,0,0,0,0,0,0,0,0,0,0,0,0,0,0,0,-7,-8,-7,-8,-7,-9,-6,-10,-6,-11,-6,-11,-5,-12,-5,-12,-5,-12,-4,-12,-4,-12,-4,-12,-4,-12,-5,-11,-5,-11,-5,-11,-6,-11,-6,-11,-6,-11,-7,-11,-7,-11,-8,-11,-9,-11,-9,-11,-9,-11,-9,-11]"
2025-08-18 22:38:25.454125,CSI_DATA,569,1a:00:00:00:00:00,-42,11,0,0,0,0,0,0,0,0,0,-94,0,1,0,99737699,0,31,0,128,0,"[0,0,-4,-14,-5,-14,-5,-13,-5,-13,-5,-13,-5,-12,-5,-12,-6,-12,-6,-11,-7,-11,-7,-11,-8,-10,-8,-10,-9,-10,-9,-10,-9,-10,-10,-11,-9,-11,-10,-12,-9,-12,-9,-12,-8,-13,-8,-13,-7,-13,-6,-13,-5,-13,0,0,0,0,0,0,0,0,0,0,0,0,0,0,0,0,0,0,0,0,0,0,-4,-10,-4,-10,-3,-11,-3,-11,-2,-12,-2,-12,-1,-13,-1,-13,0,-13,0,-13,0,-13,0,-12,0,-12,0,-12,-1,-12,-1,-12,-1,-12,-2,-12,-2,-12,-3,-13,-3,-13,-4,-13,-4,-14,-4,-14,-4,-14,-4,-14]"
2025-08-18 22:38:25.646761,CSI_DATA,570,1a:00:00:00:00:00,-42,11,0,0,0,0,0,0,0,0,0,-94,0,1,0,99937294,0,31,0,128,0,"[0,0,9,-10,9,-11,9,-10,8,-11,8,-11,8,-11,7,-11,7,-11,6,-11,5,-11,5,-11,5,-12,4,-12,4,-13,4,-13,4,-13,4,-13,5,-14,5,-14,5,-14,6,-13,6,-13,7,-13,7,-12,8,-12,8,-11,0,0,0,0,0,0,0,0,0,0,0,0,0,0,0,0,0,0,0,0,0,0,6,-9,6,-8,8,-8,8,-8,9,-8,9,-8,10,-7,10,-7,10,-6,10,-6,10,-6,10,-6,10,-6,10,-6,9,-6,9,-6,9,-7,9,-8,9,-8,9,-9,9,-9,9,-9,9,-10,9,-10,9,-10,9,-11]"
2025-08-18 22:38:25.854399,CSI_DATA,571,1a:00:00:00:00:00,-42,11,0,0,0,0,0,0,0,0,0,-94,0,1,0,100138393,0,31,0,128,0,"[0,0,-14,-6,-14,-6,-14,-6,-13,-5,-13,-5,-13,-5,-13,-4,-13,-3,-13,-3,-13,-2,-13,-2,-13,-1,-13,-1,-14,0,-14,0,-14,0,-15,0,-15,0,-15,-1,-16,-1,-15,-2,-15,-3,-15,-3,-15,-4,-14,-4,-14,-5,0,0,0,0,0,0,0,0,0,0,0,0,0,0,0,0,0,0,0,0,0,0,-11,-3,-11,-4,-11,-5,-11,-6,-11,-6,-11,-7,-11,-8,-10,-8,-10,-9,-10,-9,-10,-9,-10,-9,-10,-8,-10,-8,-10,-8,-10,-7,-11,-7,-11,-7,-11,-7,-12,-6,-12,-6,-13,-6,-13,-6,-13,-6,-14,-6,-14,-6]"
2025-08-18 22:38:26.045197,CSI_DATA,572,1a:00:00:00:00:00,-42,11,0,0,0,0,0,0,0,0,0,-94,0,1,0,100339558,0,31,0,128,0,"[0,0,13,4,12,4,12,4,12,3,12,3,12,3,12,2,12,1,12,1,12,0,12,0,12,-1,12,-1,12,-2,13,-2,13,-2,13,-2,13,-2,14,-2,14,-1,14,-1,14,0,13,1,13,1,13,2,13,3,0,0,0,0,0,0,0,0,0,0,0,0,0,0,0,0,0,0,0,0,0,0,9,2,10,3,10,4,10,4,10,5,10,5,10,6,10,6,9,7,9,7,9,7,9,7,9,7,9,7,9,6,9,6,10,6,10,5,10,5,11,5,11,4,12,4,12,4,13,4,12,4,13,4]"
2025-08-18 22:38:26.257508,CSI_DATA,573,1a:00:00:00:00:00,-42,11,0,0,0,0,0,0,0,0,0,-94,0,1,0,100540815,0,31,0,128,0,"[0,0,-11,-10,-11,-10,-11,-10,-11,-10,-11,-9,-11,-9,-11,-8,-11,-8,-11,-7,-12,-6,-12,-6,-12,-6,-12,-5,-13,-5,-13,-5,-14,-5,-14,-5,-14,-5,-15,-5,-14,-6,-14,-6,-14,-7,-13,-8,-13,-8,-12,-8,-12,-9,0,0,0,0,0,0,0,0,0,0,0,0,0,0,0,0,0,0,0,0,0,0,-8,-7,-8,-8,-8,-9,-8,-10,-7,-10,-7,-11,-7,-11,-7,-12,-6,-12,-6,-12,-5,-12,-5,-12,-6,-12,-6,-11,-6,-11,-7,-11,-7,-11,-8,-10,-8,-11,-9,-10,-9,-10,-9,-10,-10,-10,-10,-11,-10,-11,-11,-11]"
2025-08-18 22:38:26.452822,CSI_DATA,574,1a:00:00:00:00:00,-42,11,0,0,0,0,0,0,0,0,0,-94,0,1,0,100741901,0,31,0,128,0,"[0,0,13,-4,13,-4,13,-4,12,-4,12,-5,12,-5,11,-5,11,-5,11,-6,10,-6,10,-7,10,-7,10,-7,10,-8,10,-8,10,-9,10,-9,11,-9,11,-9,11,-9,12,-8,12,-7,12,-7,12,-6,12,-5,13,-4,0,0,0,0,0,0,0,0,0,0,0,0,0,0,0,0,0,0,0,0,0,0,9,-4,10,-4,10,-3,11,-2,11,-2,12,-1,12,-1,12,0,12,0,12,1,12,1,11,1,11,1,11,1,11,0,11,-1,11,-1,11,-1,12,-2,12,-3,12,-3,12,-3,12,-3,13,-3,13,-4,13,-4]"
2025-08-18 22:38:26.514377,CSI_DATA,575,1a:00:00:00:00:00,-42,11,0,0,0,0,0,0,0,0,0,-94,0,1,0,100802774,0,42,0,128,0,"[0,0,-11,10,-11,10,-11,10,-10,9,-10,10,-10,10,-9,10,-9,10,-8,10,-7,10,-7,11,-6,11,-6,11,-6,12,-6,12,-6,13,-6,13,-7,13,-6,13,-7,13,-9,12,-9,12,-9,12,-10,11,-10,11,-11,10,0,0,0,0,0,0,0,0,0,0,0,0,0,0,0,0,0,0,0,0,0,0,-7,8,-8,8,-9,7,-10,7,-10,7,-11,6,-12,6,-12,6,-12,5,-12,5,-12,5,-12,5,-12,5,-12,5,-12,5,-11,5,-11,6,-11,6,-11,7,-11,7,-11,8,-11,8,-11,9,-11,9,-11,10,-11,10]"
2025-08-18 22:38:26.574344,CSI_DATA,576,1a:00:00:00:00:00,-42,11,0,0,0,0,0,0,0,0,0,-94,0,1,0,100869664,0,31,0,128,0,"[0,0,8,11,8,10,8,10,8,10,8,9,8,10,8,9,8,9,9,8,9,7,9,6,10,6,10,6,10,6,11,6,11,6,11,6,12,6,12,7,11,8,11,8,10,9,10,9,9,9,9,9,8,10,0,0,0,0,0,0,0,0,0,0,0,0,0,0,0,0,0,0,0,0,0,0,7,7,6,7,6,8,6,9,5,10,5,10,4,11,4,11,4,11,3,11,4,11,3,11,4,11,4,11,4,10,4,10,5,10,5,10,5,10,6,10,6,10,7,11,7,10,8,10,8,10,8,11]"
2025-08-18 22:38:26.780028,CSI_DATA,577,1a:00:00:00:00:00,-42,11,0,0,0,0,0,0,0,0,0,-94,0,1,0,101070736,0,31,0,128,0,"[0,0,14,-2,13,-2,13,-2,13,-3,13,-3,12,-3,12,-4,11,-4,11,-4,11,-5,11,-5,10,-6,11,-6,11,-7,10,-7,11,-8,11,-7,12,-8,12,-8,12,-7,13,-7,13,-6,13,-5,13,-4,13,-4,13,-3,0,0,0,0,0,0,0,0,0,0,0,0,0,0,0,0,0,0,0,0,0,0,9,-3,10,-2,10,-1,11,-1,11,0,12,0,12,1,11,1,12,2,11,2,11,2,11,2,11,2,11,2,11,2,11,1,11,1,11,0,12,0,12,-1,12,-1,12,-1,12,-2,13,-2,13,-2,14,-2]"
2025-08-18 22:38:26.988549,CSI_DATA,578,1a:00:00:00:00:00,-42,11,0,0,0,0,0,0,0,0,0,-94,0,1,0,101271902,0,31,0,128,0,"[0,0,-11,-10,-11,-10,-11,-10,-11,-9,-11,-9,-11,-8,-11,-8,-11,-7,-11,-6,-11,-6,-12,-6,-12,-5,-12,-5,-13,-5,-13,-4,-14,-4,-14,-4,-14,-5,-14,-5,-14,-5,-14,-6,-13,-7,-13,-7,-12,-8,-12,-8,-11,-9,0,0,0,0,0,0,0,0,0,0,0,0,0,0,0,0,0,0,0,0,0,0,-9,-7,-9,-7,-8,-8,-8,-9,-8,-9,-8,-10,-8,-10,-7,-11,-7,-11,-6,-11,-6,-11,-6,-11,-6,-11,-6,-11,-7,-10,-7,-10,-7,-10,-8,-10,-8,-10,-9,-10,-10,-10,-10,-10,-10,-9,-10,-10,-11,-10,-11,-10]"
2025-08-18 22:38:27.186205,CSI_DATA,579,1a:00:00:00:00:00,-42,11,0,0,0,0,0,0,0,0,0,-94,0,1,0,101473146,0,31,0,128,0,"[0,0,1,-14,1,-14,1,-14,1,-14,0,-14,0,-13,-1,-13,-1,-13,-2,-13,-2,-13,-2,-13,-3,-13,-3,-13,-4,-13,-5,-13,-5,-13,-4,-14,-5,-14,-5,-14,-4,-14,-3,-14,-3,-15,-2,-15,-1,-15,0,-14,1,-14,0,0,0,0,0,0,0,0,0,0,0,0,0,0,0,0,0,0,0,0,0,0,0,-11,0,-11,1,-12,2,-11,3,-12,3,-12,4,-12,4,-12,4,-12,5,-12,5,-11,5,-11,5,-11,5,-11,4,-11,4,-11,3,-11,3,-12,3,-12,2,-13,2,-13,2,-13,2,-14,2,-14,2,-14,1,-14]"
2025-08-18 22:38:27.385348,CSI_DATA,580,1a:00:00:00:00:00,-42,11,0,0,0,0,0,0,0,0,0,-94,0,1,0,101674294,0,31,0,128,0,"[0,0,12,-8,11,-8,11,-8,11,-8,11,-8,10,-8,10,-8,9,-9,8,-9,8,-9,8,-10,7,-10,7,-10,7,-11,6,-11,7,-12,7,-12,7,-12,8,-12,8,-12,9,-11,9,-11,9,-11,10,-10,10,-9,11,-9,0,0,0,0,0,0,0,0,0,0,0,0,0,0,0,0,0,0,0,0,0,0,8,-6,9,-6,9,-5,10,-5,10,-5,11,-4,11,-4,11,-3,12,-3,11,-2,11,-2,11,-2,11,-2,11,-3,11,-3,11,-3,11,-4,11,-4,11,-5,11,-6,11,-6,11,-6,11,-7,11,-7,12,-7,12,-7]"
2025-08-18 22:38:27.591748,CSI_DATA,581,1a:00:00:00:00:00,-42,11,0,0,0,0,0,0,0,0,0,-94,0,1,0,101875435,0,31,0,128,0,"[0,0,-11,-10,-11,-10,-11,-10,-11,-10,-10,-9,-11,-9,-11,-8,-11,-7,-11,-7,-12,-6,-12,-6,-12,-6,-12,-5,-12,-5,-13,-4,-13,-5,-14,-5,-14,-5,-14,-5,-14,-6,-14,-6,-13,-7,-13,-8,-12,-8,-12,-9,-11,-9,0,0,0,0,0,0,0,0,0,0,0,0,0,0,0,0,0,0,0,0,0,0,-9,-7,-8,-7,-8,-8,-8,-9,-8,-10,-7,-10,-7,-11,-7,-11,-6,-11,-6,-11,-6,-11,-6,-11,-6,-11,-6,-11,-6,-10,-7,-11,-7,-10,-8,-10,-8,-10,-9,-10,-9,-10,-9,-10,-10,-10,-10,-10,-10,-10,-10,-10]"
2025-08-18 22:38:27.780993,CSI_DATA,582,1a:00:00:00:00:00,-42,11,0,0,0,0,0,0,0,0,0,-94,0,1,0,102076793,0,31,0,128,0,"[0,0,9,10,8,10,8,10,9,9,9,9,9,9,9,8,9,8,9,7,10,6,10,6,10,5,11,5,11,5,11,5,12,5,12,5,12,5,13,6,12,6,12,7,11,8,11,8,10,8,10,9,9,9,0,0,0,0,0,0,0,0,0,0,0,0,0,0,0,0,0,0,0,0,0,0,7,6,7,7,6,8,6,9,6,9,6,10,5,11,5,10,4,11,4,11,4,11,4,11,4,11,4,10,4,10,4,10,5,10,6,9,6,10,7,10,7,10,7,10,8,10,8,10,8,10,9,10]"
2025-08-18 22:38:27.988538,CSI_DATA,583,1a:00:00:00:00:00,-42,11,0,0,0,0,0,0,0,0,0,-94,0,1,0,102277866,0,31,0,128,0,"[0,0,-8,13,-8,12,-8,12,-7,12,-7,12,-6,12,-6,12,-5,12,-5,12,-4,12,-3,12,-3,12,-3,13,-2,13,-2,13,-2,13,-2,14,-2,14,-3,15,-3,14,-4,14,-5,14,-5,13,-6,13,-7,13,-7,12,0,0,0,0,0,0,0,0,0,0,0,0,0,0,0,0,0,0,0,0,0,0,-4,10,-5,10,-6,10,-7,10,-7,10,-8,10,-9,9,-9,9,-10,9,-10,8,-10,8,-10,8,-10,8,-9,8,-9,9,-9,8,-8,9,-8,9,-8,10,-8,11,-8,11,-8,11,-7,12,-8,12,-8,12,-7,13]"
2025-08-18 22:38:28.049608,CSI_DATA,584,1a:00:00:00:00:00,-42,11,0,0,0,0,0,0,0,0,0,-94,0,1,0,102338665,0,42,0,128,0,"[0,0,-14,6,-13,6,-13,5,-13,5,-13,6,-12,6,-12,6,-11,6,-11,7,-10,7,-10,8,-10,8,-10,9,-10,9,-9,9,-10,10,-10,10,-10,10,-11,10,-11,10,-12,9,-12,9,-12,8,-12,8,-13,7,-13,6,0,0,0,0,0,0,0,0,0,0,0,0,0,0,0,0,0,0,0,0,0,0,-9,5,-10,5,-11,4,-12,3,-12,3,-12,3,-13,2,-13,2,-13,1,-13,1,-13,1,-13,1,-12,1,-12,1,-12,1,-12,1,-12,2,-12,3,-13,3,-13,3,-13,4,-13,4,-13,5,-13,5,-13,5,-13,5]"
2025-08-18 22:38:28.118042,CSI_DATA,585,1a:00:00:00:00:00,-42,11,0,0,0,0,0,0,0,0,0,-94,0,1,0,102405212,0,31,0,128,0,"[0,0,1,-15,1,-15,1,-15,1,-15,0,-15,0,-14,-1,-14,-1,-14,-2,-13,-3,-13,-3,-13,-4,-13,-4,-13,-5,-13,-5,-13,-5,-14,-5,-14,-5,-14,-5,-15,-5,-15,-4,-15,-3,-15,-3,-15,-2,-15,-1,-15,0,-15,0,0,0,0,0,0,0,0,0,0,0,0,0,0,0,0,0,0,0,0,0,0,0,-11,1,-12,2,-12,2,-12,3,-12,3,-12,4,-13,5,-13,5,-12,5,-12,5,-12,5,-12,5,-12,5,-12,4,-12,4,-12,4,-12,3,-13,3,-13,3,-13,2,-14,2,-14,1,-15,1,-15,1,-15,1,-15]"
2025-08-18 22:38:28.316369,CSI_DATA,586,1a:00:00:00:00:00,-42,11,0,0,0,0,0,0,0,0,0,-94,0,1,0,102606308,0,31,0,128,0,"[0,0,13,-3,13,-4,13,-4,13,-4,12,-4,12,-4,11,-5,11,-5,11,-5,10,-6,10,-7,10,-7,10,-8,10,-8,10,-8,10,-8,11,-8,11,-9,12,-8,12,-8,12,-8,12,-7,12,-6,12,-6,13,-5,13,-4,0,0,0,0,0,0,0,0,0,0,0,0,0,0,0,0,0,0,0,0,0,0,9,-4,10,-3,10,-3,11,-2,11,-2,12,-1,12,0,12,0,12,1,11,1,12,1,11,1,11,0,11,0,11,0,11,0,11,-1,11,-1,12,-1,12,-2,12,-2,12,-2,12,-3,13,-4,13,-3,13,-4]"
2025-08-18 22:38:28.513498,CSI_DATA,587,1a:00:00:00:00:00,-42,11,0,0,0,0,0,0,0,0,0,-94,0,1,0,102807459,0,31,0,128,0,"[0,0,5,13,5,12,5,12,5,12,5,11,5,11,5,11,6,10,6,10,7,9,7,9,8,9,8,9,9,8,9,8,9,9,9,9,10,9,10,10,9,10,9,11,8,11,8,11,7,11,6,11,5,12,0,0,0,0,0,0,0,0,0,0,0,0,0,0,0,0,0,0,0,0,0,0,4,8,4,9,3,10,3,10,3,11,2,11,1,12,1,12,1,12,0,12,0,12,0,11,0,11,0,11,1,11,1,11,2,11,2,11,2,11,3,11,3,11,4,12,4,12,5,12,5,13,5,13]"
2025-08-18 22:38:28.730937,CSI_DATA,588,1a:00:00:00:00:00,-42,11,0,0,0,0,0,0,0,0,0,-94,0,1,0,103008614,0,31,0,128,0,"[0,0,-2,14,-2,13,-2,13,-1,13,-1,13,-1,12,0,12,0,12,1,12,1,11,2,11,2,11,3,11,3,12,4,12,4,12,4,13,4,13,4,13,3,13,2,14,2,14,1,14,1,13,0,13,-1,13,0,0,0,0,0,0,0,0,0,0,0,0,0,0,0,0,0,0,0,0,0,0,-1,10,-1,10,-2,10,-3,10,-3,11,-4,11,-5,11,-5,11,-6,11,-6,10,-6,10,-6,10,-6,10,-5,10,-5,10,-5,10,-4,10,-4,11,-4,11,-3,12,-3,12,-3,12,-2,13,-2,13,-2,13,-2,13]"
2025-08-18 22:38:28.921318,CSI_DATA,589,1a:00:00:00:00:00,-42,11,0,0,0,0,0,0,0,0,0,-94,0,1,0,103209996,0,31,0,128,0,"[0,0,5,-13,4,-13,4,-13,4,-13,4,-13,3,-12,3,-13,2,-12,2,-12,1,-12,0,-12,0,-13,0,-13,-1,-13,-1,-13,-1,-13,-1,-14,-1,-14,0,-14,0,-14,1,-15,1,-14,1,-14,2,-14,3,-13,3,-13,0,0,0,0,0,0,0,0,0,0,0,0,0,0,0,0,0,0,0,0,0,0,2,-10,3,-10,4,-10,4,-10,5,-10,6,-11,6,-10,7,-10,7,-10,7,-9,7,-10,7,-9,7,-9,7,-9,7,-10,6,-9,6,-10,5,-10,5,-11,5,-11,5,-11,5,-12,4,-12,4,-13,4,-13,5,-13]"
2025-08-18 22:38:29.115493,CSI_DATA,590,1a:00:00:00:00:00,-42,11,0,0,0,0,0,0,0,0,0,-94,0,1,0,103411070,0,31,0,128,0,"[0,0,6,12,5,12,6,12,5,11,6,11,6,11,6,10,6,10,7,9,8,9,8,8,8,8,9,9,9,8,9,7,10,8,9,8,10,9,11,9,11,9,9,11,9,10,9,10,8,10,6,11,7,11,0,0,0,0,0,0,0,0,0,0,0,0,0,0,0,0,0,0,0,0,0,0,5,8,5,9,4,9,3,10,3,10,3,11,2,11,2,12,1,12,1,11,1,11,1,11,1,11,1,11,1,11,2,11,2,11,3,10,3,11,4,11,4,12,4,12,5,11,6,12,6,12,6,12]"
2025-08-18 22:38:29.155183,CSI_DATA,591,1a:00:00:00:00:00,-42,11,0,0,0,0,0,0,0,0,0,-94,0,1,0,103424753,0,28,0,128,0,"[0,0,9,-11,9,-10,9,-11,8,-11,8,-11,7,-11,7,-11,6,-11,6,-11,5,-11,5,-12,4,-12,4,-12,4,-13,3,-13,3,-14,3,-13,4,-14,4,-14,4,-14,5,-14,6,-13,6,-13,7,-12,7,-12,8,-11,0,0,0,0,0,0,0,0,0,0,0,0,0,0,0,0,0,0,0,0,0,0,6,-8,7,-8,7,-8,9,-8,9,-7,10,-7,10,-7,10,-7,11,-6,10,-6,10,-6,10,-6,10,-6,10,-6,10,-6,9,-6,9,-7,9,-8,9,-8,9,-9,9,-9,9,-9,9,-10,9,-10,9,-10,9,-11]"
2025-08-18 22:38:29.319834,CSI_DATA,592,1a:00:00:00:00:00,-42,11,0,0,0,0,0,0,0,0,0,-94,0,1,0,103612373,0,31,0,128,0,"[0,0,2,14,2,13,2,13,2,13,3,13,3,12,3,12,4,11,4,11,5,10,5,10,5,10,6,10,6,10,7,10,7,10,7,11,7,11,7,12,7,12,6,12,6,13,5,12,4,13,4,12,3,13,0,0,0,0,0,0,0,0,0,0,0,0,0,0,0,0,0,0,0,0,0,0,2,9,2,10,1,11,0,11,0,11,-1,12,-2,12,-2,12,-2,12,-3,12,-3,11,-3,11,-3,11,-2,11,-2,11,-2,11,-1,11,-1,11,0,12,1,12,1,12,1,13,1,13,1,13,2,13,2,13]"
2025-08-18 22:38:29.529535,CSI_DATA,593,1a:00:00:00:00:00,-42,11,0,0,0,0,0,0,0,0,0,-94,0,1,0,103813465,0,31,0,128,0,"[0,0,-8,-12,-8,-12,-7,-12,-8,-11,-7,-11,-8,-11,-8,-10,-8,-10,-9,-9,-9,-9,-9,-8,-10,-8,-10,-8,-11,-8,-11,-8,-11,-8,-12,-8,-12,-8,-12,-9,-12,-9,-11,-9,-11,-10,-10,-10,-9,-10,-9,-11,-8,-11,0,0,0,0,0,0,0,0,0,0,0,0,0,0,0,0,0,0,0,0,0,0,-6,-9,-6,-9,-5,-10,-5,-11,-5,-11,-4,-12,-3,-12,-3,-12,-3,-12,-2,-12,-2,-12,-2,-12,-2,-12,-3,-12,-3,-12,-3,-11,-4,-11,-5,-11,-5,-11,-5,-11,-6,-12,-6,-12,-7,-12,-7,-12,-7,-12,-7,-12]"
2025-08-18 22:38:29.578853,CSI_DATA,594,1a:00:00:00:00:00,-42,11,0,0,0,0,0,0,0,0,0,-94,0,1,0,103874239,0,42,0,128,0,"[0,0,10,9,10,9,9,9,10,8,10,8,10,8,10,7,10,6,10,6,11,5,11,5,11,4,11,4,11,4,12,3,12,3,13,4,13,4,13,4,13,5,13,5,12,6,12,6,12,7,11,7,10,8,0,0,0,0,0,0,0,0,0,0,0,0,0,0,0,0,0,0,0,0,0,0,7,6,7,7,7,8,6,8,7,9,6,9,6,10,5,10,5,10,5,11,5,10,5,10,5,10,5,10,5,9,5,10,6,9,7,9,7,9,7,9,8,9,8,9,9,9,9,9,10,9,10,9]"
2025-08-18 22:38:29.649523,CSI_DATA,595,1a:00:00:00:00:00,-42,11,0,0,0,0,0,0,0,0,0,-94,0,1,0,103941875,0,31,0,128,0,"[0,0,13,2,13,2,12,2,13,1,12,1,12,1,12,0,12,0,11,-1,11,-2,11,-2,11,-4,12,-4,12,-3,12,-4,12,-4,12,-4,13,-4,13,-4,13,-3,14,-3,14,-2,13,-1,13,-1,13,0,13,0,0,0,0,0,0,0,0,0,0,0,0,0,0,0,0,0,0,0,0,0,0,0,9,0,10,1,10,2,10,3,10,3,10,3,10,5,10,5,10,5,10,5,10,5,10,5,10,5,10,5,10,5,10,4,10,4,11,3,11,3,11,3,11,3,12,3,12,2,13,2,13,2,13,2]"
2025-08-18 22:38:29.859322,CSI_DATA,596,1a:00:00:00:00:00,-42,11,0,0,0,0,0,0,0,0,0,-94,0,1,0,104143076,0,31,0,128,0,"[0,0,-6,-13,-7,-12,-6,-12,-7,-12,-7,-12,-7,-12,-8,-11,-8,-10,-8,-10,-9,-9,-9,-9,-9,-9,-10,-9,-10,-9,-11,-8,-11,-9,-11,-9,-12,-9,-12,-10,-11,-10,-11,-10,-10,-11,-10,-11,-9,-12,-9,-11,-8,-12,0,0,0,0,0,0,0,0,0,0,0,0,0,0,0,0,0,0,0,0,0,0,-6,-9,-5,-10,-5,-11,-4,-11,-4,-11,-3,-12,-3,-13,-3,-12,-2,-12,-1,-12,-1,-12,-2,-12,-1,-12,-2,-12,-2,-12,-3,-12,-3,-12,-4,-12,-4,-12,-5,-12,-5,-12,-5,-12,-6,-12,-6,-13,-6,-13,-7,-13]"
2025-08-18 22:38:30.056460,CSI_DATA,597,1a:00:00:00:00:00,-42,11,0,0,0,0,0,0,0,0,0,-94,0,1,0,104345918,0,31,0,128,0,"[0,0,9,-11,8,-11,8,-11,8,-11,8,-11,7,-11,7,-11,6,-11,5,-11,5,-11,4,-12,4,-12,4,-13,3,-13,3,-13,3,-14,3,-14,3,-14,4,-14,5,-14,5,-14,6,-13,6,-13,6,-13,7,-12,8,-12,0,0,0,0,0,0,0,0,0,0,0,0,0,0,0,0,0,0,0,0,0,0,5,-9,6,-9,7,-8,8,-8,8,-8,9,-8,9,-7,10,-7,10,-7,10,-6,10,-6,10,-6,10,-6,10,-7,10,-7,9,-7,9,-8,9,-8,9,-9,9,-9,9,-9,9,-10,8,-10,8,-11,9,-11,9,-11]"
2025-08-18 22:38:30.261487,CSI_DATA,598,1a:00:00:00:00:00,-42,11,0,0,0,0,0,0,0,0,0,-94,0,1,0,104545469,0,31,0,128,0,"[0,0,14,-5,12,-4,12,-5,13,-5,12,-6,11,-5,10,-6,10,-6,10,-6,9,-7,11,-8,10,-8,10,-8,8,-10,10,-9,10,-9,9,-10,9,-11,10,-10,11,-9,11,-9,11,-9,12,-8,12,-7,12,-6,12,-5,0,0,0,0,0,0,0,0,0,0,0,0,0,0,0,0,0,0,0,0,0,0,9,-4,10,-4,10,-3,11,-3,11,-2,11,-2,12,-1,12,0,12,0,12,0,11,0,11,0,11,0,11,0,11,0,11,-1,11,-1,11,-2,12,-2,12,-3,12,-3,12,-4,13,-4,13,-4,13,-4,12,-4]"
2025-08-18 22:38:30.459889,CSI_DATA,599,1a:00:00:00:00:00,-42,11,0,0,0,0,0,0,0,0,0,-94,0,1,0,104746595,0,31,0,128,0,"[0,0,-15,0,-14,0,-14,0,-14,1,-14,1,-13,1,-13,1,-13,2,-13,2,-12,3,-12,4,-12,4,-12,5,-12,5,-12,5,-12,6,-13,6,-13,6,-14,5,-14,5,-14,5,-14,3,-14,3,-14,3,-14,2,-14,1,0,0,0,0,0,0,0,0,0,0,0,0,0,0,0,0,0,0,0,0,0,0,-10,1,-11,1,-12,0,-12,-1,-12,-2,-12,-2,-12,-3,-13,-3,-12,-4,-12,-4,-12,-4,-12,-4,-12,-4,-12,-3,-12,-3,-12,-3,-12,-3,-12,-2,-13,-2,-13,-2,-13,-1,-13,-1,-14,0,-14,0,-14,0,-14,1]"
2025-08-18 22:38:30.659178,CSI_DATA,600,1a:00:00:00:00:00,-42,11,0,0,0,0,0,0,0,0,0,-94,0,1,0,104947765,0,31,0,128,0,"[0,0,-14,3,-14,3,-14,3,-14,4,-13,4,-13,4,-12,4,-12,5,-11,5,-11,6,-11,6,-10,7,-10,7,-10,8,-11,8,-10,8,-11,8,-11,9,-12,9,-12,8,-12,8,-13,7,-13,6,-13,6,-13,5,-13,4,0,0,0,0,0,0,0,0,0,0,0,0,0,0,0,0,0,0,0,0,0,0,-10,3,-11,2,-11,1,-12,1,-12,0,-12,0,-13,-1,-13,-1,-13,-1,-13,-2,-12,-2,-12,-2,-12,-2,-12,-1,-12,-1,-12,-1,-12,0,-12,1,-12,1,-13,1,-13,2,-13,2,-14,3,-14,3,-14,3,-14,3]"
2025-08-18 22:38:30.864239,CSI_DATA,601,1a:00:00:00:00:00,-42,11,0,0,0,0,0,0,0,0,0,-94,0,1,0,105148896,0,31,0,128,0,"[0,0,-11,-10,-11,-9,-11,-9,-11,-9,-11,-8,-11,-8,-11,-7,-11,-7,-12,-6,-12,-5,-12,-5,-12,-4,-12,-4,-13,-4,-13,-4,-14,-3,-14,-4,-14,-4,-15,-4,-14,-5,-14,-5,-14,-6,-13,-7,-13,-7,-12,-8,-12,-8,0,0,0,0,0,0,0,0,0,0,0,0,0,0,0,0,0,0,0,0,0,0,-9,-6,-9,-7,-8,-8,-8,-9,-8,-9,-8,-10,-8,-10,-7,-11,-7,-11,-6,-11,-6,-11,-6,-11,-6,-11,-6,-10,-7,-10,-7,-10,-8,-10,-8,-9,-9,-10,-9,-9,-10,-9,-10,-10,-11,-9,-11,-9,-11,-9,-11,-9]"
2025-08-18 22:38:31.059870,CSI_DATA,602,1a:00:00:00:00:00,-42,11,0,0,0,0,0,0,0,0,0,-94,0,1,0,105350193,0,31,0,128,0,"[0,0,8,-12,8,-12,7,-12,7,-12,7,-12,6,-11,6,-11,5,-12,4,-12,4,-12,4,-12,3,-12,3,-13,2,-13,2,-13,2,-14,2,-14,2,-14,2,-14,3,-14,4,-14,4,-14,5,-14,5,-13,6,-13,6,-12,0,0,0,0,0,0,0,0,0,0,0,0,0,0,0,0,0,0,0,0,0,0,5,-9,6,-9,7,-9,8,-8,8,-8,9,-8,9,-8,9,-8,10,-7,10,-7,10,-7,10,-6,10,-6,9,-7,9,-7,9,-7,8,-8,8,-8,8,-9,8,-10,8,-10,8,-10,8,-11,8,-11,8,-11,8,-11]"
2025-08-18 22:38:31.121446,CSI_DATA,603,1a:00:00:00:00:00,-42,11,0,0,0,0,0,0,0,0,0,-94,0,1,0,105411210,0,42,0,128,0,"[0,0,13,-5,12,-6,12,-6,12,-6,12,-6,11,-6,11,-6,10,-7,10,-7,9,-8,9,-9,9,-9,8,-9,9,-10,8,-10,9,-10,9,-10,10,-11,10,-10,10,-10,11,-10,11,-9,11,-8,11,-8,11,-7,12,-6,0,0,0,0,0,0,0,0,0,0,0,0,0,0,0,0,0,0,0,0,0,0,8,-5,9,-5,10,-4,11,-4,11,-3,11,-3,12,-2,12,-1,12,-1,12,-1,12,-1,11,-1,11,-1,11,-2,11,-1,11,-2,11,-3,11,-3,12,-3,12,-4,12,-4,12,-4,12,-5,12,-6,12,-6,13,-5]"
2025-08-18 22:38:31.182266,CSI_DATA,604,1a:00:00:00:00:00,-42,11,0,0,0,0,0,0,0,0,0,-94,0,1,0,105477451,0,31,0,128,0,"[0,0,4,13,4,13,4,12,4,12,5,12,4,11,5,11,5,11,6,10,6,10,7,9,7,9,8,9,8,9,8,9,9,9,9,10,9,10,9,10,8,11,8,11,7,12,7,12,6,12,5,12,4,12,0,0,0,0,0,0,0,0,0,0,0,0,0,0,0,0,0,0,0,0,0,0,4,9,4,9,3,10,2,10,2,11,2,11,1,12,0,12,0,12,0,12,0,12,0,11,0,11,0,11,0,11,1,11,1,11,2,11,2,11,2,12,3,12,3,12,4,12,4,13,4,12,4,12]"
2025-08-18 22:38:31.389042,CSI_DATA,605,1a:00:00:00:00:00,-42,11,0,0,0,0,0,0,0,0,0,-94,0,1,0,105678524,0,31,0,128,0,"[0,0,6,-13,5,-13,5,-13,5,-13,4,-13,4,-13,4,-12,3,-13,3,-12,2,-13,2,-13,1,-13,1,-13,0,-13,0,-14,0,-14,0,-15,0,-14,1,-15,1,-15,2,-15,2,-15,3,-14,3,-14,4,-13,5,-13,0,0,0,0,0,0,0,0,0,0,0,0,0,0,0,0,0,0,0,0,0,0,3,-10,3,-10,5,-10,5,-10,6,-10,6,-10,7,-10,8,-10,8,-9,8,-9,8,-9,8,-9,8,-9,7,-9,7,-9,7,-10,6,-10,6,-10,6,-10,6,-11,6,-11,6,-12,6,-12,6,-13,6,-13,6,-13]"
2025-08-18 22:38:31.583687,CSI_DATA,606,1a:00:00:00:00:00,-42,11,0,0,0,0,0,0,0,0,0,-94,0,1,0,105879669,0,31,0,128,0,"[0,0,11,9,10,8,10,9,10,8,10,8,10,7,10,7,10,6,10,6,10,5,11,4,11,4,11,4,12,4,12,3,13,3,12,3,13,4,13,4,13,5,13,5,12,6,11,6,11,7,11,7,11,8,0,0,0,0,0,0,0,0,0,0,0,0,0,0,0,0,0,0,0,0,0,0,8,5,8,6,7,7,8,8,7,8,7,9,7,10,6,10,6,10,5,10,5,10,5,10,6,10,6,9,6,10,6,9,7,9,7,8,8,9,8,9,8,9,9,9,9,8,10,9,10,8,10,9]"
2025-08-18 22:38:31.802602,CSI_DATA,607,1a:00:00:00:00:00,-42,11,0,0,0,0,0,0,0,0,0,-94,0,1,0,106080800,0,31,0,128,0,"[0,0,12,-6,12,-7,12,-6,12,-7,11,-7,11,-7,10,-7,10,-8,9,-8,9,-9,9,-9,8,-9,8,-9,8,-10,8,-11,8,-11,9,-11,9,-11,9,-11,9,-11,10,-10,10,-10,11,-9,11,-8,11,-8,12,-7,0,0,0,0,0,0,0,0,0,0,0,0,0,0,0,0,0,0,0,0,0,0,8,-6,9,-5,10,-5,10,-4,11,-4,11,-3,12,-3,12,-2,12,-2,12,-1,12,-1,11,-1,11,-1,11,-2,11,-2,11,-2,11,-3,11,-4,11,-4,11,-5,11,-5,12,-6,12,-6,12,-6,12,-6,12,-6]"
2025-08-18 22:38:31.991615,CSI_DATA,608,1a:00:00:00:00:00,-42,11,0,0,0,0,0,0,0,0,0,-94,0,1,0,106281974,0,31,0,128,0,"[0,0,7,-12,7,-12,6,-12,6,-13,6,-12,5,-12,5,-12,4,-12,3,-12,3,-12,2,-12,2,-13,2,-13,1,-13,1,-14,1,-14,1,-14,1,-14,2,-15,2,-15,3,-15,3,-14,4,-14,5,-14,5,-13,5,-12,0,0,0,0,0,0,0,0,0,0,0,0,0,0,0,0,0,0,0,0,0,0,4,-9,5,-10,6,-9,6,-9,7,-9,8,-9,8,-9,9,-9,9,-8,10,-8,9,-8,9,-7,9,-8,8,-8,8,-8,8,-8,7,-9,7,-9,7,-10,7,-11,7,-11,7,-11,7,-12,7,-12,7,-12,7,-12]"
2025-08-18 22:38:32.194483,CSI_DATA,609,1a:00:00:00:00:00,-42,11,0,0,0,0,0,0,0,0,0,-94,0,1,0,106483324,0,31,0,128,0,"[0,0,12,-7,12,-7,12,-7,12,-7,11,-7,10,-7,10,-7,10,-8,9,-8,9,-9,8,-9,8,-9,8,-10,8,-10,8,-11,8,-11,8,-11,9,-11,9,-11,9,-11,10,-10,10,-10,11,-9,11,-9,11,-8,11,-7,0,0,0,0,0,0,0,0,0,0,0,0,0,0,0,0,0,0,0,0,0,0,8,-6,9,-5,10,-5,10,-4,11,-4,11,-4,11,-3,11,-3,12,-2,12,-2,12,-2,11,-2,11,-2,11,-2,11,-2,11,-3,11,-3,11,-4,11,-4,11,-5,11,-5,12,-6,12,-6,12,-6,12,-6,12,-7]"
2025-08-18 22:38:32.388518,CSI_DATA,610,1a:00:00:00:00:00,-42,11,0,0,0,0,0,0,0,0,0,-94,0,1,0,106684437,0,31,0,128,0,"[0,0,9,11,8,10,8,10,9,10,9,9,8,9,9,8,9,8,9,7,9,7,10,6,10,6,10,6,11,5,11,5,12,5,12,6,12,6,12,6,12,7,12,7,11,8,11,8,10,9,9,9,9,10,0,0,0,0,0,0,0,0,0,0,0,0,0,0,0,0,0,0,0,0,0,0,7,6,7,7,6,8,6,9,6,9,6,10,5,10,5,11,4,11,4,11,4,11,4,11,4,10,4,10,4,10,4,10,5,10,6,9,6,10,7,10,7,10,7,10,8,10,8,10,8,10,9,10]"
2025-08-18 22:38:32.595797,CSI_DATA,611,1a:00:00:00:00:00,-42,11,0,0,0,0,0,0,0,0,0,-94,0,1,0,106885543,0,31,0,128,0,"[0,0,6,-13,6,-13,6,-13,5,-13,5,-13,5,-12,4,-12,4,-12,3,-12,2,-12,2,-13,1,-13,1,-13,0,-13,0,-14,0,-14,0,-14,0,-15,1,-15,1,-15,2,-15,2,-15,3,-14,3,-14,4,-13,5,-13,0,0,0,0,0,0,0,0,0,0,0,0,0,0,0,0,0,0,0,0,0,0,4,-10,4,-10,5,-10,6,-10,7,-10,7,-10,8,-9,8,-9,9,-9,9,-8,9,-9,8,-8,8,-8,8,-8,8,-9,8,-9,7,-9,7,-10,7,-10,7,-11,7,-11,7,-11,6,-12,6,-13,6,-12,6,-13]"
2025-08-18 22:38:32.668067,CSI_DATA,612,1a:00:00:00:00:00,-42,11,0,0,0,0,0,0,0,0,0,-94,0,1,0,106946346,0,42,0,128,0,"[0,0,13,-3,13,-3,13,-3,12,-4,12,-4,12,-4,12,-4,11,-5,11,-5,10,-6,10,-6,10,-7,10,-7,10,-8,10,-8,11,-9,10,-8,11,-9,12,-8,12,-8,12,-7,12,-7,12,-6,13,-5,13,-5,13,-4,0,0,0,0,0,0,0,0,0,0,0,0,0,0,0,0,0,0,0,0,0,0,9,-4,10,-3,10,-2,11,-2,11,-1,12,-1,12,0,12,0,12,1,11,1,11,1,11,1,11,1,11,1,11,1,11,0,11,-1,11,-1,12,-1,12,-2,12,-2,12,-2,12,-3,13,-3,13,-3,13,-3]"
2025-08-18 22:38:32.724827,CSI_DATA,613,1a:00:00:00:00:00,-42,11,0,0,0,0,0,0,0,0,0,-94,0,1,0,107015109,0,31,0,128,0,"[0,0,13,-4,13,-4,12,-4,13,-4,12,-4,12,-5,11,-5,11,-6,11,-6,10,-7,10,-7,10,-7,10,-8,9,-8,10,-9,10,-9,10,-9,10,-9,11,-9,11,-9,11,-9,12,-8,12,-7,12,-7,12,-6,12,-5,0,0,0,0,0,0,0,0,0,0,0,0,0,0,0,0,0,0,0,0,0,0,9,-3,10,-3,11,-2,10,-2,11,-1,11,0,12,0,12,0,12,1,12,1,11,1,11,1,11,1,11,1,11,0,11,0,11,-1,12,-1,11,-2,12,-2,12,-2,12,-3,13,-3,13,-3,13,-3,13,-4]"
2025-08-18 22:38:32.927189,CSI_DATA,614,1a:00:00:00:00:00,-42,11,0,0,0,0,0,0,0,0,0,-94,0,1,0,107216188,0,31,0,128,0,"[0,0,-13,8,-13,8,-12,7,-12,8,-11,8,-11,8,-11,8,-10,8,-10,8,-9,9,-9,9,-8,10,-8,10,-8,10,-8,11,-8,11,-9,12,-9,12,-9,12,-10,12,-10,11,-10,11,-11,10,-12,9,-12,9,-12,8,0,0,0,0,0,0,0,0,0,0,0,0,0,0,0,0,0,0,0,0,0,0,-9,7,-9,6,-10,6,-11,5,-11,5,-12,5,-12,4,-12,4,-13,3,-13,3,-13,3,-13,2,-13,3,-12,3,-12,3,-12,4,-12,4,-12,5,-12,5,-12,6,-12,6,-12,7,-12,7,-12,7,-13,7,-12,8]"
2025-08-18 22:38:33.127813,CSI_DATA,615,1a:00:00:00:00:00,-42,11,0,0,0,0,0,0,0,0,0,-94,0,1,0,107417745,0,31,0,128,0,"[0,0,-4,13,-4,13,-3,13,-3,13,-3,12,-2,12,-2,12,-1,12,-1,12,0,12,0,12,1,12,1,12,2,12,2,12,2,12,2,13,2,13,2,14,1,14,1,14,0,14,-1,14,-1,13,-2,13,-3,13,0,0,0,0,0,0,0,0,0,0,0,0,0,0,0,0,0,0,0,0,0,0,-2,10,-2,10,-4,10,-4,10,-5,10,-5,10,-6,10,-7,10,-7,10,-7,10,-7,10,-7,9,-7,9,-7,9,-6,9,-6,10,-5,10,-5,10,-5,11,-5,11,-5,11,-5,12,-4,13,-4,13,-4,13,-4,13]"
2025-08-18 22:38:33.327046,CSI_DATA,616,1a:00:00:00:00:00,-42,11,0,0,0,0,0,0,0,0,0,-94,0,1,0,107620035,0,31,0,128,0,"[0,0,6,12,6,12,6,11,6,11,6,11,6,10,6,10,7,10,7,9,8,8,8,8,8,8,9,8,9,8,10,8,10,8,10,8,10,8,10,9,10,9,10,10,9,10,9,11,8,11,7,11,7,11,0,0,0,0,0,0,0,0,0,0,0,0,0,0,0,0,0,0,0,0,0,0,5,8,5,9,4,10,4,10,4,10,3,11,3,12,2,11,2,12,1,12,1,12,1,11,1,11,2,11,2,11,2,11,3,11,3,11,4,11,4,11,4,11,5,11,5,12,6,12,6,12,6,12]"
2025-08-18 22:38:33.546487,CSI_DATA,617,1a:00:00:00:00:00,-42,11,0,0,0,0,0,0,0,0,0,-94,0,1,0,107819824,0,31,0,128,0,"[0,0,-14,1,-14,1,-14,1,-14,2,-14,2,-13,2,-13,3,-12,3,-12,4,-12,4,-12,5,-11,5,-11,5,-11,6,-11,6,-12,7,-12,7,-13,7,-13,7,-13,7,-14,6,-14,5,-14,5,-14,4,-14,3,-14,2,0,0,0,0,0,0,0,0,0,0,0,0,0,0,0,0,0,0,0,0,0,0,-11,1,-11,1,-11,0,-12,-1,-12,-1,-13,-2,-13,-2,-13,-3,-13,-3,-12,-4,-12,-4,-12,-4,-12,-3,-12,-3,-12,-3,-12,-2,-12,-2,-12,-1,-13,-1,-13,0,-13,0,-13,0,-14,1,-14,1,-14,1,-14,1]"
2025-08-18 22:38:33.733923,CSI_DATA,618,1a:00:00:00:00:00,-42,11,0,0,0,0,0,0,0,0,0,-94,0,1,0,108020988,0,31,0,128,0,"[0,0,2,-15,2,-15,1,-14,1,-14,1,-14,1,-14,0,-14,0,-14,-1,-13,-2,-13,-2,-13,-3,-13,-3,-13,-3,-13,-4,-14,-4,-14,-4,-14,-4,-15,-4,-15,-3,-15,-2,-15,-2,-15,-1,-15,-1,-15,0,-15,1,-14,0,0,0,0,0,0,0,0,0,0,0,0,0,0,0,0,0,0,0,0,0,0,0,-11,1,-11,2,-12,3,-12,3,-12,4,-12,5,-12,5,-12,5,-12,6,-11,6,-11,6,-11,5,-11,5,-11,5,-11,4,-11,4,-12,3,-12,3,-13,3,-13,3,-13,3,-13,2,-14,2,-14,2,-14,2,-14]"
2025-08-18 22:38:33.931268,CSI_DATA,619,1a:00:00:00:00:00,-42,11,0,0,0,0,0,0,0,0,0,-94,0,1,0,108222151,0,31,0,128,0,"[0,0,-8,12,-8,11,-8,11,-7,11,-7,11,-6,11,-6,11,-5,11,-5,11,-4,11,-4,11,-3,11,-3,12,-3,12,-2,12,-2,13,-2,13,-3,14,-3,14,-3,14,-4,14,-5,13,-5,13,-6,13,-7,12,-7,11,0,0,0,0,0,0,0,0,0,0,0,0,0,0,0,0,0,0,0,0,0,0,-5,9,-6,9,-6,9,-7,9,-7,9,-9,9,-9,8,-9,8,-9,7,-10,7,-10,7,-10,7,-10,7,-9,7,-9,7,-9,7,-9,8,-8,8,-8,9,-8,9,-8,10,-8,10,-8,11,-8,11,-8,11,-8,12]"
2025-08-18 22:38:34.132307,CSI_DATA,620,1a:00:00:00:00:00,-42,11,0,0,0,0,0,0,0,0,0,-94,0,1,0,108423372,0,31,0,128,0,"[0,0,-2,14,-2,13,-2,13,-1,13,-1,13,-1,12,0,12,0,12,1,12,2,11,2,11,3,11,3,12,3,12,4,12,4,12,4,13,4,13,3,14,3,14,2,14,1,14,1,14,0,14,0,13,-1,13,0,0,0,0,0,0,0,0,0,0,0,0,0,0,0,0,0,0,0,0,0,0,0,10,0,10,-1,10,-2,11,-2,11,-3,11,-4,11,-4,11,-5,11,-5,11,-5,11,-5,11,-5,11,-4,11,-4,10,-4,10,-4,11,-3,11,-3,11,-2,12,-2,12,-2,13,-2,13,-1,13,-1,13,-1,13]"
2025-08-18 22:38:34.207428,CSI_DATA,621,1a:00:00:00:00:00,-42,11,0,0,0,0,0,0,0,0,0,-94,0,1,0,108484134,0,42,0,128,0,"[0,0,-12,7,-12,7,-12,7,-12,7,-11,7,-11,7,-11,7,-10,8,-9,8,-9,9,-8,9,-8,9,-8,10,-8,10,-8,10,-8,11,-8,11,-8,11,-9,11,-9,11,-10,10,-10,10,-10,10,-11,9,-11,8,-12,7,0,0,0,0,0,0,0,0,0,0,0,0,0,0,0,0,0,0,0,0,0,0,-8,6,-9,6,-10,5,-11,4,-11,4,-12,4,-12,3,-13,3,-12,3,-12,2,-12,2,-12,2,-12,2,-12,3,-12,3,-12,3,-12,3,-11,4,-12,4,-12,5,-12,5,-12,6,-12,6,-12,7,-12,7,-12,7]"
2025-08-18 22:38:34.262116,CSI_DATA,622,1a:00:00:00:00:00,-42,11,0,0,0,0,0,0,0,0,0,-94,0,1,0,108551328,0,31,0,128,0,"[0,0,-13,7,-13,7,-13,6,-13,7,-12,7,-12,7,-11,7,-11,8,-10,8,-10,9,-9,9,-8,10,-8,10,-9,10,-8,11,-8,11,-9,11,-9,12,-10,11,-10,11,-11,11,-11,11,-11,10,-11,9,-12,9,-12,8,0,0,0,0,0,0,0,0,0,0,0,0,0,0,0,0,0,0,0,0,0,0,-9,6,-10,5,-11,4,-11,4,-12,4,-12,3,-13,3,-13,2,-13,2,-13,1,-13,1,-13,1,-13,2,-13,2,-12,2,-12,3,-12,3,-12,4,-12,4,-13,5,-13,5,-13,5,-13,6,-13,7,-13,7,-13,7]"
2025-08-18 22:38:34.453990,CSI_DATA,623,1a:00:00:00:00:00,-42,11,0,0,0,0,0,0,0,0,0,-94,0,1,0,108750588,0,31,0,128,0,"[0,0,8,10,8,10,8,10,8,10,8,9,8,9,8,8,8,8,8,7,9,7,9,6,10,6,10,6,10,5,11,5,11,5,11,6,12,6,12,7,11,7,11,7,11,8,10,8,9,9,9,9,8,10,0,0,0,0,0,0,0,0,0,0,0,0,0,0,0,0,0,0,0,0,0,0,7,6,7,7,6,8,6,8,6,9,5,9,5,10,4,10,4,10,3,11,4,10,3,10,4,10,4,10,4,10,4,9,5,9,5,9,6,9,6,10,6,9,7,10,7,10,8,10,8,10,8,10]"
2025-08-18 22:38:34.668610,CSI_DATA,624,1a:00:00:00:00:00,-42,11,0,0,0,0,0,0,0,0,0,-94,0,1,0,108951714,0,31,0,128,0,"[0,0,-5,-14,-6,-14,-5,-13,-6,-13,-6,-13,-6,-12,-6,-12,-7,-11,-7,-11,-8,-10,-8,-10,-8,-10,-9,-10,-9,-10,-10,-10,-10,-10,-10,-10,-10,-11,-10,-11,-10,-11,-9,-12,-9,-12,-8,-13,-8,-12,-7,-12,-6,-13,0,0,0,0,0,0,0,0,0,0,0,0,0,0,0,0,0,0,0,0,0,0,-5,-9,-5,-10,-4,-11,-4,-11,-3,-12,-3,-12,-2,-13,-2,-13,-1,-13,-1,-13,-1,-13,-1,-12,-1,-12,-1,-12,-1,-12,-2,-12,-2,-12,-3,-12,-3,-12,-4,-13,-4,-13,-4,-13,-5,-13,-5,-13,-5,-13,-5,-13]"
2025-08-18 22:38:34.867740,CSI_DATA,625,1a:00:00:00:00:00,-42,11,0,0,0,0,0,0,0,0,0,-94,0,1,0,109152845,0,31,0,128,0,"[0,0,13,4,12,4,12,3,12,3,12,3,12,3,12,2,12,2,12,1,12,0,12,-1,12,-1,12,-1,12,-2,13,-2,13,-2,13,-2,14,-2,14,-2,14,-1,14,-1,14,0,14,1,13,1,13,2,13,3,0,0,0,0,0,0,0,0,0,0,0,0,0,0,0,0,0,0,0,0,0,0,9,2,10,3,10,4,10,4,10,5,10,6,10,6,9,7,9,7,9,8,9,7,9,7,9,7,9,7,9,6,9,6,9,6,10,5,10,5,11,5,11,5,12,5,12,4,12,4,12,4,13,4]"
2025-08-18 22:38:35.071237,CSI_DATA,626,1a:00:00:00:00:00,-42,11,0,0,0,0,0,0,0,0,0,-94,0,1,0,109353969,0,31,0,128,0,"[0,0,7,12,6,11,7,11,7,10,7,11,7,10,7,10,8,9,8,8,8,8,9,8,9,7,10,8,10,7,10,7,11,7,11,7,11,8,11,8,11,8,11,9,10,9,9,10,9,10,8,10,7,11,0,0,0,0,0,0,0,0,0,0,0,0,0,0,0,0,0,0,0,0,0,0,6,8,5,9,5,9,4,10,4,10,4,11,3,11,3,11,3,12,2,11,2,11,2,11,2,11,2,11,3,11,3,10,3,11,4,10,4,11,5,11,5,11,5,11,6,11,6,11,6,12,7,12]"
2025-08-18 22:38:35.268782,CSI_DATA,627,1a:00:00:00:00:00,-42,11,0,0,0,0,0,0,0,0,0,-94,0,1,0,109555265,0,31,0,128,0,"[0,0,-15,-1,-14,-1,-14,-1,-14,0,-14,0,-13,0,-13,0,-13,1,-13,2,-12,2,-12,3,-12,3,-12,4,-12,4,-12,5,-13,5,-13,5,-14,5,-14,4,-14,4,-14,3,-15,3,-14,2,-14,2,-14,1,-14,0,0,0,0,0,0,0,0,0,0,0,0,0,0,0,0,0,0,0,0,0,0,0,-10,1,-11,0,-11,-1,-12,-2,-12,-2,-12,-3,-12,-4,-12,-4,-12,-5,-12,-5,-12,-5,-12,-4,-12,-5,-12,-4,-12,-4,-11,-4,-12,-3,-12,-3,-12,-2,-13,-2,-13,-2,-13,-2,-14,-1,-14,-1,-14,-1,-15,-1]"
2025-08-18 22:38:35.466126,CSI_DATA,628,1a:00:00:00:00:00,-42,11,0,0,0,0,0,0,0,0,0,-94,0,1,0,109756354,0,31,0,128,0,"[0,0,9,-11,9,-11,8,-10,8,-11,8,-11,7,-11,7,-11,6,-11,5,-11,5,-12,5,-12,4,-12,4,-12,3,-13,3,-13,3,-13,3,-14,3,-14,4,-14,4,-14,5,-14,5,-14,6,-13,6,-13,7,-12,7,-11,0,0,0,0,0,0,0,0,0,0,0,0,0,0,0,0,0,0,0,0,0,0,6,-8,7,-8,8,-8,8,-7,9,-8,9,-7,10,-7,10,-7,10,-6,11,-6,10,-6,10,-6,10,-6,10,-6,9,-6,9,-7,9,-7,9,-8,9,-8,9,-9,9,-9,9,-9,9,-10,9,-10,9,-10,9,-11]"
2025-08-18 22:38:35.668366,CSI_DATA,629,1a:00:00:00:00:00,-42,11,0,0,0,0,0,0,0,0,0,-94,0,1,0,109957694,0,31,0,128,0,"[0,0,12,-6,12,-6,12,-6,12,-6,11,-7,11,-7,10,-7,10,-8,9,-8,9,-8,9,-9,8,-9,8,-10,8,-10,8,-10,8,-11,8,-11,9,-11,9,-11,9,-11,10,-11,10,-10,10,-9,11,-9,11,-8,11,-7,0,0,0,0,0,0,0,0,0,0,0,0,0,0,0,0,0,0,0,0,0,0,8,-5,9,-5,10,-4,10,-4,11,-3,11,-3,12,-3,12,-2,12,-2,12,-1,12,-1,11,-1,11,-1,11,-2,11,-2,11,-2,11,-3,11,-3,11,-4,11,-5,12,-5,12,-5,12,-6,12,-6,12,-6,12,-6]"
2025-08-18 22:38:35.732578,CSI_DATA,630,1a:00:00:00:00:00,-42,11,0,0,0,0,0,0,0,0,0,-94,0,1,0,110018794,0,42,0,128,0,"[0,0,-2,13,-1,13,-2,13,-1,13,-1,13,0,12,0,12,1,12,1,11,2,12,2,11,3,11,3,11,4,11,4,12,4,12,4,12,4,13,4,13,4,13,3,13,2,14,2,14,1,13,0,13,-1,13,0,0,0,0,0,0,0,0,0,0,0,0,0,0,0,0,0,0,0,0,0,0,0,10,-1,10,-2,10,-2,10,-3,11,-3,11,-4,11,-5,11,-5,11,-5,11,-5,11,-5,10,-5,10,-5,10,-5,10,-4,11,-4,10,-3,11,-3,11,-3,12,-3,12,-2,12,-2,13,-2,13,-2,13,-1,13]"
2025-08-18 22:38:35.793439,CSI_DATA,631,1a:00:00:00:00:00,-42,11,0,0,0,0,0,0,0,0,0,-94,0,1,0,110088920,0,31,0,128,0,"[0,0,12,7,11,7,11,7,11,6,11,6,11,5,11,5,11,4,11,4,11,3,11,2,11,2,12,2,12,1,13,1,13,1,13,1,13,1,14,2,14,2,14,3,13,4,13,4,13,4,12,5,12,6,0,0,0,0,0,0,0,0,0,0,0,0,0,0,0,0,0,0,0,0,0,0,9,4,9,5,8,6,8,6,8,7,8,8,8,8,8,8,7,9,7,9,7,9,7,9,7,9,7,9,7,8,7,8,8,8,8,7,9,7,9,7,10,7,10,7,11,7,11,7,11,7,12,7]"
2025-08-18 22:38:35.999703,CSI_DATA,632,1a:00:00:00:00:00,-42,11,0,0,0,0,0,0,0,0,0,-94,0,1,0,110290241,0,31,0,128,0,"[0,0,-3,13,-2,13,-2,13,-2,12,-2,13,-1,12,-1,12,0,12,0,11,1,11,1,11,2,11,2,12,3,12,3,12,4,12,3,12,3,13,3,13,3,14,2,14,1,14,1,13,0,13,-1,13,-2,13,0,0,0,0,0,0,0,0,0,0,0,0,0,0,0,0,0,0,0,0,0,0,-1,9,-2,10,-3,10,-3,11,-4,10,-4,11,-5,11,-5,11,-6,10,-6,10,-6,10,-6,10,-6,10,-6,10,-5,10,-5,10,-5,11,-4,10,-4,11,-4,11,-3,12,-3,12,-3,12,-3,13,-3,13,-3,14]"
2025-08-18 22:38:36.200782,CSI_DATA,633,1a:00:00:00:00:00,-42,11,0,0,0,0,0,0,0,0,0,-94,0,1,0,110491269,0,31,0,128,0,"[0,0,-3,14,-3,13,-3,13,-3,13,-2,13,-2,13,-2,12,-1,12,0,12,1,12,1,12,2,12,2,12,3,12,3,12,3,13,3,13,3,13,2,14,2,14,1,14,0,14,0,14,0,14,-1,13,-2,13,0,0,0,0,0,0,0,0,0,0,0,0,0,0,0,0,0,0,0,0,0,0,-2,10,-2,10,-3,10,-4,11,-5,11,-5,11,-6,11,-6,11,-7,10,-7,10,-7,10,-7,10,-7,10,-6,10,-6,10,-6,10,-5,11,-5,11,-5,11,-5,11,-4,12,-4,12,-3,13,-3,13,-3,13,-3,13]"
2025-08-18 22:38:36.404562,CSI_DATA,634,1a:00:00:00:00:00,-42,11,0,0,0,0,0,0,0,0,0,-94,0,1,0,110692390,0,31,0,128,0,"[0,0,-15,2,-14,2,-14,2,-13,2,-13,3,-13,3,-13,3,-12,4,-12,4,-12,5,-11,5,-11,6,-11,6,-11,7,-11,7,-11,7,-12,7,-12,8,-13,7,-13,7,-13,6,-14,6,-13,5,-14,4,-14,4,-14,3,0,0,0,0,0,0,0,0,0,0,0,0,0,0,0,0,0,0,0,0,0,0,-10,2,-11,2,-11,1,-12,0,-12,0,-13,0,-13,-1,-13,-2,-13,-2,-12,-3,-12,-3,-12,-3,-12,-2,-12,-2,-12,-2,-12,-2,-12,-1,-12,0,-13,0,-13,0,-13,1,-13,1,-14,2,-14,2,-14,2,-14,2]"
2025-08-18 22:38:36.614572,CSI_DATA,635,1a:00:00:00:00:00,-42,11,0,0,0,0,0,0,0,0,0,-94,0,1,0,110893544,0,31,0,128,0,"[0,0,13,-5,12,-5,12,-5,12,-5,12,-5,12,-5,11,-6,11,-6,10,-7,10,-7,10,-7,9,-8,9,-8,9,-9,9,-9,9,-9,10,-10,10,-10,11,-9,11,-9,12,-9,12,-8,12,-8,12,-7,12,-6,12,-5,0,0,0,0,0,0,0,0,0,0,0,0,0,0,0,0,0,0,0,0,0,0,9,-5,9,-4,10,-4,10,-3,11,-3,11,-2,12,-2,12,-1,12,-1,12,0,11,0,11,0,11,0,11,-1,11,-1,11,-1,11,-2,11,-2,11,-3,12,-3,12,-3,12,-4,12,-4,12,-4,13,-4,13,-5]"
2025-08-18 22:38:36.801988,CSI_DATA,636,1a:00:00:00:00:00,-42,11,0,0,0,0,0,0,0,0,0,-94,0,1,0,111094892,0,31,0,128,0,"[0,0,13,2,13,1,13,2,13,1,13,1,12,1,12,0,12,-1,12,-1,12,-2,12,-2,12,-3,12,-3,12,-4,12,-5,12,-5,13,-5,13,-5,13,-5,14,-4,14,-3,14,-3,14,-2,13,-1,13,-1,13,0,0,0,0,0,0,0,0,0,0,0,0,0,0,0,0,0,0,0,0,0,0,0,10,1,10,1,10,2,10,3,11,3,10,4,11,5,10,5,10,5,10,6,10,6,9,6,10,6,10,5,10,5,10,4,10,4,11,4,11,3,12,3,12,3,12,2,13,2,13,2,13,2,13,2]"
2025-08-18 22:38:37.008900,CSI_DATA,637,1a:00:00:00:00:00,-42,11,0,0,0,0,0,0,0,0,0,-94,0,1,0,111295963,0,31,0,128,0,"[0,0,2,-14,2,-14,2,-14,2,-14,1,-14,1,-13,0,-13,0,-13,-1,-13,-1,-13,-2,-13,-2,-13,-3,-13,-4,-13,-4,-13,-4,-13,-4,-14,-4,-14,-4,-14,-3,-15,-3,-15,-2,-15,-2,-15,-1,-14,0,-14,1,-14,0,0,0,0,0,0,0,0,0,0,0,0,0,0,0,0,0,0,0,0,0,0,1,-11,2,-11,3,-11,4,-11,4,-11,5,-11,5,-11,6,-11,6,-11,6,-10,6,-10,6,-10,6,-10,6,-10,5,-10,5,-11,4,-11,4,-11,4,-12,3,-12,3,-13,3,-13,3,-14,3,-14,3,-14,3,-14]"
2025-08-18 22:38:37.205672,CSI_DATA,638,1a:00:00:00:00:00,-42,11,0,0,0,0,0,0,0,0,0,-94,0,1,0,111497208,0,31,0,128,0,"[0,0,14,-1,13,-1,13,-1,13,-1,13,-2,12,-2,12,-2,12,-3,12,-3,11,-4,11,-5,11,-5,11,-6,11,-6,11,-6,12,-7,12,-7,12,-7,13,-6,13,-6,13,-6,13,-5,13,-4,13,-4,13,-3,13,-2,0,0,0,0,0,0,0,0,0,0,0,0,0,0,0,0,0,0,0,0,0,0,10,-2,10,-1,11,0,11,1,11,1,11,2,11,3,11,3,11,4,11,3,11,3,11,4,11,3,11,3,11,3,11,3,11,2,11,1,12,1,12,1,12,0,13,0,13,0,13,-1,13,-1,14,-1]"
2025-08-18 22:38:37.272580,CSI_DATA,639,1a:00:00:00:00:00,-42,11,0,0,0,0,0,0,0,0,0,-94,0,1,0,111557867,0,42,0,128,0,"[0,0,-8,12,-9,11,-8,11,-8,12,-7,11,-7,11,-7,11,-6,11,-5,11,-5,11,-4,12,-3,12,-3,12,-3,12,-3,13,-2,13,-3,14,-3,14,-3,14,-4,14,-4,14,-5,14,-6,13,-6,13,-7,12,-8,11,0,0,0,0,0,0,0,0,0,0,0,0,0,0,0,0,0,0,0,0,0,0,-5,9,-6,9,-7,9,-8,8,-8,8,-9,8,-10,8,-10,8,-10,8,-10,7,-10,7,-10,7,-10,7,-10,7,-10,7,-10,7,-9,8,-9,8,-9,9,-9,10,-8,10,-8,10,-8,11,-8,11,-9,12,-8,11]"
2025-08-18 22:38:37.326987,CSI_DATA,640,1a:00:00:00:00:00,-42,11,0,0,0,0,0,0,0,0,0,-94,0,1,0,111621362,0,31,0,128,0,"[0,0,4,14,4,13,4,13,5,13,5,12,5,12,5,11,6,11,6,10,6,10,7,10,7,9,8,10,8,9,9,9,9,9,9,10,10,10,9,10,9,11,9,11,8,12,7,12,6,12,5,12,5,12,0,0,0,0,0,0,0,0,0,0,0,0,0,0,0,0,0,0,0,0,0,0,4,9,3,10,2,10,2,11,1,11,1,12,0,12,0,12,0,12,-1,12,-1,12,-2,12,-1,12,-1,11,0,11,0,11,0,12,1,12,2,12,2,12,3,12,3,12,3,13,3,13,3,13,4,13]"
2025-08-18 22:38:37.538205,CSI_DATA,641,1a:00:00:00:00:00,-42,11,0,0,0,0,0,0,0,0,0,-94,0,1,0,111822424,0,31,0,128,0,"[0,0,-9,-11,-9,-12,-9,-11,-9,-11,-9,-10,-9,-10,-9,-10,-9,-9,-10,-8,-11,-8,-10,-7,-11,-7,-11,-7,-12,-6,-12,-6,-12,-6,-13,-7,-13,-7,-13,-7,-13,-8,-13,-8,-12,-9,-12,-9,-11,-10,-10,-10,-10,-10,0,0,0,0,0,0,0,0,0,0,0,0,0,0,0,0,0,0,0,0,0,0,-7,-8,-7,-9,-7,-10,-6,-10,-6,-11,-5,-11,-5,-12,-5,-12,-4,-12,-4,-12,-4,-12,-4,-12,-4,-12,-4,-11,-4,-11,-5,-11,-5,-11,-6,-11,-6,-11,-7,-11,-7,-11,-7,-11,-8,-12,-8,-11,-9,-12,-9,-11]"
2025-08-18 22:38:37.737244,CSI_DATA,642,1a:00:00:00:00:00,-42,11,0,0,0,0,0,0,0,0,0,-94,0,1,0,112023577,0,31,0,128,0,"[0,0,-15,-1,-14,-1,-14,-1,-14,0,-14,0,-14,0,-13,1,-13,1,-12,2,-12,3,-13,3,-12,4,-12,4,-12,4,-12,5,-13,5,-13,5,-13,5,-14,5,-14,5,-14,4,-14,3,-14,3,-14,2,-14,1,-14,0,0,0,0,0,0,0,0,0,0,0,0,0,0,0,0,0,0,0,0,0,0,0,-11,0,-11,-1,-11,-2,-12,-2,-12,-3,-12,-3,-12,-4,-12,-4,-12,-5,-12,-5,-12,-5,-11,-5,-11,-5,-11,-4,-11,-4,-11,-4,-12,-3,-12,-3,-13,-3,-13,-2,-13,-2,-13,-2,-14,-1,-14,-1,-14,-1,-15,-1]"
2025-08-18 22:38:37.936738,CSI_DATA,643,1a:00:00:00:00:00,-42,11,0,0,0,0,0,0,0,0,0,-94,0,1,0,112224904,0,31,0,128,0,"[0,0,4,-13,4,-14,4,-13,3,-13,3,-13,3,-13,2,-13,2,-13,1,-12,0,-13,0,-13,-1,-13,-1,-13,-1,-13,-2,-14,-2,-13,-2,-14,-2,-14,-1,-15,-1,-15,0,-15,1,-15,1,-15,2,-15,2,-14,3,-13,0,0,0,0,0,0,0,0,0,0,0,0,0,0,0,0,0,0,0,0,0,0,1,-11,2,-11,3,-11,4,-11,5,-11,5,-11,6,-11,6,-11,7,-11,7,-10,7,-10,7,-10,6,-10,6,-10,6,-10,6,-10,5,-10,5,-11,5,-11,5,-12,4,-12,4,-13,4,-13,4,-13,4,-13,4,-14]"
2025-08-18 22:38:38.145250,CSI_DATA,644,1a:00:00:00:00:00,-42,11,0,0,0,0,0,0,0,0,0,-94,0,1,0,112426054,0,31,0,128,0,"[0,0,-2,13,-2,13,-2,12,-2,13,-1,12,-1,12,-1,12,0,12,0,11,1,11,2,11,2,11,2,11,3,11,3,12,4,12,4,13,4,12,3,13,3,13,2,13,2,13,1,13,1,13,0,13,-1,13,0,0,0,0,0,0,0,0,0,0,0,0,0,0,0,0,0,0,0,0,0,0,-1,9,-2,10,-3,10,-3,10,-4,10,-5,10,-5,10,-6,10,-6,10,-6,10,-6,10,-6,9,-6,10,-6,10,-5,10,-5,10,-5,10,-4,10,-4,11,-4,11,-3,11,-3,12,-3,12,-3,13,-2,13,-2,13]"
2025-08-18 22:38:38.338680,CSI_DATA,645,1a:00:00:00:00:00,-42,11,0,0,0,0,0,0,0,0,0,-94,0,1,0,112627271,0,31,0,128,0,"[0,0,-14,5,-14,5,-13,5,-13,5,-12,5,-12,5,-12,6,-11,6,-11,6,-10,7,-10,7,-10,8,-10,8,-9,9,-9,9,-9,9,-10,10,-10,10,-11,10,-11,9,-11,9,-12,9,-12,8,-12,7,-12,6,-13,6,0,0,0,0,0,0,0,0,0,0,0,0,0,0,0,0,0,0,0,0,0,0,-10,4,-10,3,-11,3,-11,2,-12,2,-12,1,-13,1,-13,1,-13,0,-13,0,-13,-1,-12,0,-12,0,-12,0,-12,0,-12,0,-12,1,-12,2,-12,2,-12,3,-13,3,-13,3,-13,4,-13,4,-14,4,-13,5]"
2025-08-18 22:38:38.539736,CSI_DATA,646,1a:00:00:00:00:00,-42,11,0,0,0,0,0,0,0,0,0,-94,0,1,0,112828396,0,31,0,128,0,"[0,0,12,-8,12,-7,12,-8,12,-9,9,-10,9,-10,10,-11,10,-9,10,-10,8,-12,6,-11,8,-11,9,-11,8,-13,7,-13,7,-14,6,-12,8,-12,8,-13,8,-12,9,-11,10,-11,10,-10,10,-10,11,-9,11,-8,0,0,0,0,0,0,0,0,0,0,0,0,0,0,0,0,0,0,0,0,0,0,7,-8,7,-8,8,-7,9,-8,9,-7,10,-7,11,-6,11,-7,11,-5,11,-5,11,-5,11,-5,11,-4,11,-5,11,-5,11,-5,10,-6,9,-6,11,-7,11,-8,11,-8,11,-7,9,-8,9,-10,10,-10,11,-8]"
2025-08-18 22:38:38.745164,CSI_DATA,647,1a:00:00:00:00:00,-42,11,0,0,0,0,0,0,0,0,0,-94,0,1,0,113029531,0,31,0,128,0,"[0,0,-12,-9,-12,-9,-12,-9,-12,-8,-12,-8,-11,-7,-11,-7,-12,-6,-12,-5,-12,-5,-12,-4,-12,-4,-12,-4,-13,-3,-13,-3,-14,-3,-14,-3,-14,-3,-15,-4,-15,-4,-14,-5,-14,-6,-14,-6,-13,-6,-13,-7,-12,-8,0,0,0,0,0,0,0,0,0,0,0,0,0,0,0,0,0,0,0,0,0,0,-9,-6,-9,-7,-9,-8,-9,-8,-8,-9,-8,-10,-8,-10,-8,-10,-7,-11,-7,-11,-7,-11,-7,-11,-7,-10,-7,-10,-7,-10,-7,-10,-8,-9,-8,-9,-9,-9,-9,-9,-10,-9,-10,-9,-11,-9,-11,-9,-11,-9,-11,-9]"
2025-08-18 22:38:38.801294,CSI_DATA,648,1a:00:00:00:00:00,-42,11,0,0,0,0,0,0,0,0,0,-94,0,1,0,113090347,0,42,0,128,0,"[0,0,0,14,0,14,0,14,0,14,0,13,1,13,1,13,2,13,2,12,3,12,4,12,4,12,4,12,5,12,5,12,6,12,5,13,5,13,5,13,5,14,4,14,3,14,3,14,2,14,1,14,0,14,0,0,0,0,0,0,0,0,0,0,0,0,0,0,0,0,0,0,0,0,0,0,1,10,1,11,0,11,-1,12,-2,11,-2,12,-3,12,-3,12,-4,12,-4,12,-4,11,-5,12,-4,11,-4,12,-4,11,-3,11,-3,12,-2,12,-2,12,-2,12,0,12,-1,13,0,13,0,14,0,14,0,14]"
2025-08-18 22:38:38.868084,CSI_DATA,649,1a:00:00:00:00:00,-42,11,0,0,0,0,0,0,0,0,0,-94,0,1,0,113157955,0,31,0,128,0,"[0,0,13,-3,13,-4,12,-4,13,-4,12,-5,12,-4,11,-5,11,-5,10,-5,10,-6,10,-7,10,-7,10,-7,10,-8,10,-9,10,-9,11,-9,11,-9,11,-9,11,-9,12,-8,12,-7,12,-6,13,-6,12,-5,13,-4,0,0,0,0,0,0,0,0,0,0,0,0,0,0,0,0,0,0,0,0,0,0,9,-4,9,-3,10,-3,11,-2,11,-2,11,-1,12,0,12,0,12,0,11,1,11,1,11,1,11,1,11,1,11,0,11,0,11,-1,11,-1,12,-2,12,-2,12,-2,12,-3,13,-3,13,-3,13,-3,13,-3]"
2025-08-18 22:38:39.069763,CSI_DATA,650,1a:00:00:00:00:00,-42,11,0,0,0,0,0,0,0,0,0,-94,0,1,0,113359015,0,31,0,128,0,"[0,0,12,-7,12,-7,11,-7,11,-7,11,-7,10,-7,10,-7,10,-8,9,-8,9,-9,8,-9,7,-10,8,-10,7,-11,7,-11,7,-11,8,-11,8,-11,9,-12,9,-11,10,-11,10,-10,10,-10,10,-9,11,-9,11,-8,0,0,0,0,0,0,0,0,0,0,0,0,0,0,0,0,0,0,0,0,0,0,8,-6,9,-6,9,-5,10,-5,10,-4,11,-4,11,-3,11,-3,12,-2,11,-2,11,-2,11,-2,11,-2,11,-2,11,-2,11,-3,11,-4,11,-4,11,-4,11,-5,11,-5,11,-6,11,-6,12,-7,12,-7,12,-7]"
2025-08-18 22:38:39.277779,CSI_DATA,651,1a:00:00:00:00:00,-42,11,0,0,0,0,0,0,0,0,0,-94,0,1,0,113561916,0,31,0,128,0,"[0,0,-13,-7,-13,-7,-12,-7,-12,-6,-12,-6,-12,-6,-12,-6,-12,-5,-12,-4,-12,-3,-13,-3,-13,-2,-13,-2,-13,-2,-13,-1,-14,-1,-14,-1,-14,-1,-15,-2,-15,-2,-15,-3,-14,-4,-14,-4,-14,-4,-13,-5,-13,-6,0,0,0,0,0,0,0,0,0,0,0,0,0,0,0,0,0,0,0,0,0,0,-10,-5,-10,-5,-10,-6,-10,-7,-10,-8,-10,-8,-9,-9,-9,-9,-9,-10,-8,-10,-8,-10,-8,-9,-8,-9,-8,-9,-8,-9,-9,-8,-9,-8,-10,-8,-10,-8,-10,-8,-11,-8,-11,-8,-12,-7,-12,-7,-12,-7,-13,-7]"
2025-08-18 22:38:39.471656,CSI_DATA,652,1a:00:00:00:00:00,-42,11,0,0,0,0,0,0,0,0,0,-94,0,1,0,113761393,0,31,0,128,0,"[0,0,13,-3,13,-3,13,-3,13,-3,12,-3,12,-4,12,-4,11,-4,11,-5,11,-6,11,-6,10,-7,10,-7,10,-8,11,-8,10,-8,11,-8,11,-8,12,-8,12,-8,12,-7,13,-6,13,-6,13,-5,12,-5,13,-4,0,0,0,0,0,0,0,0,0,0,0,0,0,0,0,0,0,0,0,0,0,0,9,-3,10,-3,10,-2,11,-1,11,-1,11,0,12,0,12,1,12,1,11,2,12,2,11,2,11,2,11,1,11,1,11,1,11,0,11,-1,11,-1,12,-1,12,-1,12,-2,13,-2,13,-3,13,-3,13,-3]"
2025-08-18 22:38:39.678051,CSI_DATA,653,1a:00:00:00:00:00,-42,11,0,0,0,0,0,0,0,0,0,-94,0,1,0,113962553,0,31,0,128,0,"[0,0,-8,12,-8,11,-7,11,-7,11,-6,11,-6,11,-6,11,-5,11,-4,11,-4,11,-4,11,-3,12,-3,12,-2,12,-2,12,-2,13,-2,13,-2,13,-2,14,-3,14,-4,14,-4,14,-5,13,-6,12,-6,12,-7,11,0,0,0,0,0,0,0,0,0,0,0,0,0,0,0,0,0,0,0,0,0,0,-5,9,-6,9,-7,9,-7,9,-8,9,-9,8,-9,8,-9,8,-10,8,-10,7,-10,7,-10,7,-10,7,-10,7,-9,7,-9,8,-9,8,-8,8,-8,9,-8,10,-8,10,-8,10,-8,11,-8,11,-8,11,-8,11]"
2025-08-18 22:38:39.873923,CSI_DATA,654,1a:00:00:00:00:00,-42,11,0,0,0,0,0,0,0,0,0,-94,0,1,0,114163671,0,31,0,128,0,"[0,0,11,-9,10,-9,10,-9,10,-9,9,-10,9,-9,9,-10,8,-10,7,-10,7,-10,6,-11,6,-11,6,-11,5,-12,5,-12,5,-13,6,-13,6,-13,6,-13,7,-13,7,-13,7,-12,8,-12,8,-11,9,-11,9,-10,0,0,0,0,0,0,0,0,0,0,0,0,0,0,0,0,0,0,0,0,0,0,7,-7,8,-7,8,-7,9,-6,10,-6,10,-6,11,-5,11,-5,11,-5,11,-4,11,-4,11,-4,11,-4,10,-4,10,-5,10,-5,10,-6,10,-6,10,-7,10,-7,10,-7,10,-8,10,-8,10,-9,11,-9,11,-9]"
2025-08-18 22:38:40.080105,CSI_DATA,655,1a:00:00:00:00:00,-42,11,0,0,0,0,0,0,0,0,0,-94,0,1,0,114365069,0,31,0,128,0,"[0,0,-13,-7,-13,-7,-13,-6,-13,-6,-13,-6,-13,-5,-12,-5,-12,-4,-12,-4,-12,-2,-13,-2,-13,-2,-13,-1,-13,-1,-14,0,-14,0,-14,0,-15,0,-15,-1,-15,-2,-15,-2,-14,-3,-14,-3,-14,-4,-14,-4,-13,-5,0,0,0,0,0,0,0,0,0,0,0,0,0,0,0,0,0,0,0,0,0,0,-10,-4,-10,-5,-10,-6,-10,-7,-10,-7,-10,-8,-9,-9,-9,-9,-9,-9,-9,-9,-9,-9,-9,-9,-9,-9,-9,-9,-9,-8,-9,-8,-9,-8,-10,-7,-10,-8,-11,-7,-11,-7,-12,-7,-12,-7,-13,-7,-13,-7,-13,-7]"
2025-08-18 22:38:40.269738,CSI_DATA,656,1a:00:00:00:00:00,-42,11,0,0,0,0,0,0,0,0,0,-94,0,1,0,114566203,0,31,0,128,0,"[0,0,12,7,11,7,11,7,11,6,11,6,11,6,11,5,11,5,11,4,11,3,12,2,12,2,12,2,12,1,12,1,13,1,13,1,14,1,14,2,14,3,14,3,13,4,13,4,12,5,12,5,12,6,0,0,0,0,0,0,0,0,0,0,0,0,0,0,0,0,0,0,0,0,0,0,9,4,9,5,9,5,9,6,9,7,9,7,8,8,8,9,8,9,7,9,7,9,7,9,7,8,7,8,7,8,7,8,8,8,8,7,9,7,9,7,10,7,10,7,11,7,11,7,11,7,12,7]"
2025-08-18 22:38:40.343847,CSI_DATA,657,1a:00:00:00:00:00,-42,11,0,0,0,0,0,0,0,0,0,-94,0,1,0,114626978,0,42,0,128,0,"[0,0,-11,-10,-11,-10,-10,-10,-11,-10,-11,-9,-11,-9,-10,-8,-11,-7,-11,-7,-11,-6,-12,-6,-12,-5,-12,-5,-12,-5,-13,-5,-13,-5,-14,-5,-14,-5,-14,-6,-14,-6,-14,-6,-13,-7,-13,-8,-12,-8,-12,-8,-11,-9,0,0,0,0,0,0,0,0,0,0,0,0,0,0,0,0,0,0,0,0,0,0,-8,-7,-8,-8,-8,-9,-7,-9,-7,-10,-7,-10,-7,-11,-7,-11,-6,-11,-6,-12,-6,-11,-5,-11,-6,-11,-6,-11,-6,-10,-6,-10,-7,-10,-8,-10,-8,-10,-9,-10,-9,-10,-9,-10,-10,-10,-10,-10,-10,-10,-10,-10]"
2025-08-18 22:38:40.403362,CSI_DATA,658,1a:00:00:00:00:00,-42,11,0,0,0,0,0,0,0,0,0,-94,0,1,0,114693504,0,31,0,128,0,"[0,0,6,-13,6,-13,6,-13,5,-12,5,-13,5,-12,4,-12,4,-12,3,-12,2,-12,2,-12,1,-13,1,-13,1,-13,0,-13,0,-14,0,-14,1,-15,1,-15,1,-15,2,-15,2,-14,3,-14,4,-14,4,-13,5,-13,0,0,0,0,0,0,0,0,0,0,0,0,0,0,0,0,0,0,0,0,0,0,3,-10,4,-10,5,-10,6,-10,6,-10,7,-10,8,-9,8,-9,8,-9,9,-8,8,-8,8,-8,8,-8,8,-9,8,-9,7,-9,7,-9,6,-10,7,-10,6,-11,6,-11,6,-12,6,-12,6,-12,6,-12,6,-13]"
2025-08-18 22:38:40.606633,CSI_DATA,659,1a:00:00:00:00:00,-42,11,0,0,0,0,0,0,0,0,0,-94,0,1,0,114894273,0,31,0,128,0,"[0,0,-15,0,-15,0,-14,0,-14,1,-13,1,-13,1,-13,2,-13,2,-12,2,-12,3,-12,4,-12,4,-12,5,-12,5,-12,5,-12,6,-13,6,-13,6,-14,5,-14,5,-14,4,-14,4,-14,3,-14,2,-14,1,-14,1,0,0,0,0,0,0,0,0,0,0,0,0,0,0,0,0,0,0,0,0,0,0,-10,2,-11,1,-11,0,-12,0,-12,-1,-12,-1,-13,-2,-12,-2,-13,-3,-12,-3,-12,-3,-12,-3,-12,-3,-12,-3,-12,-3,-12,-3,-12,-2,-12,-1,-12,-1,-13,-1,-13,0,-13,0,-14,0,-14,1,-14,1,-14,1]"
2025-08-18 22:38:40.804766,CSI_DATA,660,1a:00:00:00:00:00,-42,11,0,0,0,0,0,0,0,0,0,-94,0,1,0,115095343,0,31,0,128,0,"[0,0,-8,11,-8,11,-8,11,-7,11,-7,11,-7,11,-6,11,-5,11,-5,11,-4,11,-4,11,-3,11,-3,12,-2,12,-2,12,-2,13,-2,13,-2,13,-3,14,-3,14,-4,13,-4,13,-5,13,-6,12,-6,12,-7,11,0,0,0,0,0,0,0,0,0,0,0,0,0,0,0,0,0,0,0,0,0,0,-5,8,-6,9,-7,8,-8,8,-8,8,-9,8,-9,8,-10,8,-10,7,-10,7,-10,7,-10,6,-10,7,-10,7,-9,7,-9,7,-9,8,-8,8,-8,9,-8,9,-8,10,-8,10,-8,11,-8,11,-8,11,-8,11]"
2025-08-18 22:38:41.005726,CSI_DATA,661,1a:00:00:00:00:00,-42,11,0,0,0,0,0,0,0,0,0,-94,0,1,0,115296474,0,31,0,128,0,"[0,0,14,-1,13,-1,13,-1,13,-1,13,-1,12,-2,12,-2,12,-3,12,-3,11,-4,11,-4,11,-5,11,-6,11,-6,11,-6,12,-6,12,-7,12,-7,12,-7,13,-6,13,-6,13,-5,13,-4,13,-4,13,-3,13,-2,0,0,0,0,0,0,0,0,0,0,0,0,0,0,0,0,0,0,0,0,0,0,10,-1,10,-1,10,0,11,1,11,1,11,2,11,3,11,3,11,4,11,4,11,4,10,4,11,4,11,3,11,3,10,3,11,2,11,1,12,1,12,1,12,0,13,0,13,0,13,0,13,0,14,-1]"
2025-08-18 22:38:41.211611,CSI_DATA,662,1a:00:00:00:00:00,-42,11,0,0,0,0,0,0,0,0,0,-94,0,1,0,115497849,0,31,0,128,0,"[0,0,-14,5,-13,5,-13,5,-13,5,-12,5,-12,5,-12,6,-11,6,-11,6,-10,7,-10,7,-10,8,-10,8,-10,9,-10,9,-10,9,-10,9,-10,9,-11,9,-11,9,-11,9,-12,8,-12,7,-12,7,-13,6,-13,5,0,0,0,0,0,0,0,0,0,0,0,0,0,0,0,0,0,0,0,0,0,0,-9,5,-10,4,-11,3,-12,3,-12,3,-12,2,-12,1,-13,1,-13,1,-13,0,-13,0,-12,0,-12,0,-12,1,-12,1,-12,1,-12,2,-12,2,-12,3,-12,3,-13,4,-13,4,-13,5,-13,5,-13,5,-13,5]"
2025-08-18 22:38:41.428348,CSI_DATA,663,1a:00:00:00:00:00,-43,11,0,0,0,0,0,0,0,0,0,-94,0,1,0,115698969,0,31,0,128,0,"[0,0,-3,-14,-3,-14,-3,-14,-4,-14,-4,-14,-4,-13,-4,-13,-5,-13,-5,-11,-5,-12,-7,-11,-7,-11,-7,-12,-8,-10,-8,-11,-9,-11,-9,-12,-8,-13,-7,-13,-9,-13,-7,-12,-7,-13,-6,-14,-5,-14,-5,-12,-3,-12,0,0,0,0,0,0,0,0,0,0,0,0,0,0,0,0,0,0,0,0,0,0,-4,-10,-3,-11,-2,-11,-2,-11,-2,-12,-1,-12,0,-13,0,-13,0,-13,1,-13,1,-13,1,-12,1,-12,1,-12,0,-12,0,-12,-1,-12,-1,-12,-1,-13,-2,-13,-2,-13,-2,-13,-3,-14,-3,-14,-3,-14,-3,-14]"
2025-08-18 22:38:41.609400,CSI_DATA,664,1a:00:00:00:00:00,-42,11,0,0,0,0,0,0,0,0,0,-94,0,1,0,115900066,0,31,0,128,0,"[0,0,-5,13,-5,12,-4,13,-4,12,-4,13,-4,12,-3,12,-3,12,-2,12,-1,11,0,12,0,12,1,12,1,12,1,12,1,13,1,13,1,14,0,14,0,14,-1,14,-1,14,-2,13,-2,13,-3,13,-4,13,0,0,0,0,0,0,0,0,0,0,0,0,0,0,0,0,0,0,0,0,0,0,-2,9,-3,10,-4,10,-5,10,-6,10,-6,10,-7,10,-8,9,-8,9,-8,9,-8,9,-8,9,-7,9,-7,9,-7,9,-6,9,-7,10,-6,10,-6,11,-6,11,-6,11,-5,11,-5,12,-4,13,-4,13,-5,13]"
2025-08-18 22:38:41.812112,CSI_DATA,665,1a:00:00:00:00:00,-42,11,0,0,0,0,0,0,0,0,0,-94,0,1,0,116101248,0,31,0,128,0,"[0,0,13,-7,12,-8,12,-8,11,-8,11,-8,11,-8,10,-8,10,-9,9,-9,9,-9,8,-10,8,-10,8,-11,7,-11,7,-12,7,-12,8,-12,8,-13,9,-12,9,-12,10,-12,10,-11,10,-10,11,-10,11,-9,11,-8,0,0,0,0,0,0,0,0,0,0,0,0,0,0,0,0,0,0,0,0,0,0,8,-6,9,-6,10,-6,11,-5,11,-5,11,-4,12,-4,12,-3,12,-3,12,-2,12,-2,12,-2,12,-2,12,-3,12,-3,11,-3,11,-4,11,-5,11,-5,11,-5,12,-6,12,-7,12,-7,12,-7,12,-7,13,-7]"
2025-08-18 22:38:41.876367,CSI_DATA,666,1a:00:00:00:00:00,-42,11,0,0,0,0,0,0,0,0,0,-94,0,1,0,116162023,0,42,0,128,0,"[0,0,-14,-2,-15,-2,-14,-2,-14,-1,-13,-1,-13,-1,-13,0,-13,0,-13,1,-13,2,-12,2,-12,3,-12,3,-13,3,-13,4,-13,4,-14,4,-14,4,-14,4,-14,3,-15,3,-15,2,-15,1,-14,1,-14,0,-14,-1,0,0,0,0,0,0,0,0,0,0,0,0,0,0,0,0,0,0,0,0,0,0,-11,-1,-11,-1,-11,-2,-12,-3,-12,-3,-12,-4,-12,-4,-12,-5,-12,-5,-11,-6,-11,-6,-11,-6,-11,-6,-11,-5,-11,-5,-11,-4,-11,-4,-12,-4,-12,-3,-12,-3,-13,-3,-13,-3,-14,-2,-14,-2,-14,-2,-14,-2]"
2025-08-18 22:38:41.937528,CSI_DATA,667,1a:00:00:00:00:00,-42,11,0,0,0,0,0,0,0,0,0,-94,0,1,0,116229316,0,31,0,128,0,"[0,0,14,0,13,0,13,0,13,-1,13,-1,12,-1,12,-2,12,-2,11,-3,12,-3,12,-4,11,-4,11,-5,11,-5,12,-6,11,-6,12,-6,13,-6,13,-6,13,-5,13,-5,13,-4,13,-3,13,-2,13,-2,13,-1,0,0,0,0,0,0,0,0,0,0,0,0,0,0,0,0,0,0,0,0,0,0,10,-1,10,0,11,0,10,1,11,1,11,2,11,3,11,3,11,3,11,4,11,4,11,4,10,4,10,4,10,3,10,3,11,2,11,2,12,1,11,1,12,1,13,1,13,1,13,0,13,1,13,0]"
2025-08-18 22:38:42.142937,CSI_DATA,668,1a:00:00:00:00:00,-42,11,0,0,0,0,0,0,0,0,0,-94,0,1,0,116430438,0,31,0,128,0,"[0,0,3,-14,2,-14,3,-14,2,-13,2,-14,2,-13,1,-13,0,-13,0,-12,-1,-12,-1,-13,-2,-13,-2,-13,-3,-13,-3,-13,-3,-14,-3,-14,-3,-14,-3,-15,-2,-15,-2,-15,-1,-15,0,-14,0,-15,1,-14,2,-14,0,0,0,0,0,0,0,0,0,0,0,0,0,0,0,0,0,0,0,0,0,0,1,-10,1,-11,2,-11,3,-11,3,-11,4,-12,5,-11,5,-11,6,-11,6,-10,6,-11,6,-10,6,-10,5,-10,5,-11,5,-10,5,-11,4,-11,4,-12,4,-12,3,-12,3,-13,3,-13,3,-14,3,-14,3,-14]"
2025-08-18 22:38:42.345174,CSI_DATA,669,1a:00:00:00:00:00,-42,11,0,0,0,0,0,0,0,0,0,-94,0,1,0,116631795,0,31,0,128,0,"[0,0,0,-15,0,-14,-1,-14,-1,-14,-1,-14,-1,-13,-2,-13,-2,-13,-3,-12,-3,-12,-4,-12,-4,-12,-5,-12,-5,-12,-5,-12,-6,-13,-6,-13,-6,-13,-5,-14,-5,-14,-5,-14,-4,-14,-3,-14,-3,-14,-2,-14,-1,-14,0,0,0,0,0,0,0,0,0,0,0,0,0,0,0,0,0,0,0,0,0,0,-2,-11,-1,-11,-1,-11,0,-12,1,-12,2,-13,2,-12,2,-12,3,-12,3,-12,3,-12,4,-12,3,-12,3,-12,3,-12,2,-12,2,-12,1,-12,1,-13,1,-13,1,-13,0,-13,0,-14,0,-14,0,-14,-1,-15]"
2025-08-18 22:38:42.543186,CSI_DATA,670,1a:00:00:00:00:00,-42,11,0,0,0,0,0,0,0,0,0,-94,0,1,0,116832843,0,31,0,128,0,"[0,0,11,-9,10,-9,10,-9,10,-9,10,-9,9,-9,9,-9,8,-9,8,-9,7,-10,7,-10,6,-11,6,-11,6,-11,6,-12,6,-12,6,-12,7,-13,7,-13,8,-12,8,-12,8,-12,9,-11,9,-10,9,-9,10,-9,0,0,0,0,0,0,0,0,0,0,0,0,0,0,0,0,0,0,0,0,0,0,6,-8,7,-8,8,-8,9,-7,9,-7,10,-6,11,-6,11,-6,11,-5,11,-5,11,-5,11,-4,11,-4,11,-5,10,-5,10,-5,10,-6,10,-6,10,-7,10,-7,10,-8,10,-8,10,-8,11,-9,11,-9,11,-9]"
2025-08-18 22:38:42.744963,CSI_DATA,671,1a:00:00:00:00:00,-42,11,0,0,0,0,0,0,0,0,0,-94,0,1,0,117034007,0,31,0,128,0,"[0,0,11,-9,11,-10,10,-9,10,-10,9,-10,9,-9,9,-10,8,-10,7,-10,7,-10,6,-11,6,-11,6,-11,5,-12,5,-12,5,-13,6,-13,6,-13,6,-13,7,-13,7,-12,8,-12,8,-12,8,-11,9,-10,9,-10,0,0,0,0,0,0,0,0,0,0,0,0,0,0,0,0,0,0,0,0,0,0,6,-8,7,-8,8,-7,9,-7,9,-7,10,-7,10,-6,11,-6,11,-5,11,-5,11,-5,11,-5,10,-5,10,-5,10,-5,10,-6,10,-6,10,-7,10,-7,10,-8,10,-8,10,-8,10,-9,10,-9,11,-9,11,-9]"
2025-08-18 22:38:42.955049,CSI_DATA,672,1a:00:00:00:00:00,-42,11,0,0,0,0,0,0,0,0,0,-94,0,1,0,117235173,0,31,0,128,0,"[0,0,-10,-11,-10,-11,-10,-11,-10,-10,-10,-10,-10,-9,-10,-9,-10,-8,-10,-7,-11,-7,-11,-7,-11,-6,-11,-6,-12,-6,-12,-5,-13,-5,-12,-6,-13,-6,-13,-6,-13,-6,-13,-7,-12,-7,-11,-8,-11,-9,-11,-9,-10,-9,0,0,0,0,0,0,0,0,0,0,0,0,0,0,0,0,0,0,0,0,0,0,-8,-7,-8,-8,-7,-9,-7,-9,-7,-10,-7,-11,-7,-11,-6,-11,-6,-11,-5,-11,-5,-12,-5,-12,-5,-11,-5,-11,-6,-11,-6,-10,-7,-11,-7,-10,-7,-11,-8,-11,-8,-10,-9,-11,-9,-10,-9,-11,-9,-11,-10,-11]"
2025-08-18 22:38:43.151090,CSI_DATA,673,1a:00:00:00:00:00,-42,11,0,0,0,0,0,0,0,0,0,-94,0,1,0,117436368,0,31,0,128,0,"[0,0,-15,-4,-14,-4,-14,-4,-14,-4,-14,-3,-14,-3,-13,-2,-13,-2,-13,-1,-13,-1,-13,0,-13,0,-13,0,-13,1,-13,2,-14,2,-14,2,-15,2,-15,2,-15,2,-15,1,-15,1,-14,-1,-15,-1,-14,-2,-14,-3,0,0,0,0,0,0,0,0,0,0,0,0,0,0,0,0,0,0,0,0,0,0,-11,-3,-11,-3,-11,-4,-11,-5,-11,-5,-11,-6,-11,-7,-11,-7,-11,-7,-10,-8,-10,-8,-10,-8,-10,-8,-10,-8,-11,-7,-11,-7,-11,-6,-12,-5,-12,-6,-13,-5,-13,-5,-13,-5,-13,-4,-14,-5,-14,-5,-14,-5]"
2025-08-18 22:38:43.352394,CSI_DATA,674,1a:00:00:00:00:00,-42,11,0,0,0,0,0,0,0,0,0,-94,0,1,0,117637576,0,31,0,128,0,"[0,0,-13,-7,-13,-8,-12,-7,-13,-7,-12,-7,-12,-6,-12,-6,-12,-5,-12,-5,-12,-4,-12,-4,-12,-3,-13,-3,-13,-3,-14,-2,-13,-2,-14,-2,-14,-2,-14,-3,-14,-3,-14,-4,-14,-4,-14,-5,-13,-6,-13,-6,-12,-7,0,0,0,0,0,0,0,0,0,0,0,0,0,0,0,0,0,0,0,0,0,0,-10,-4,-10,-5,-10,-6,-10,-6,-10,-7,-10,-8,-10,-8,-9,-9,-9,-9,-9,-10,-8,-9,-8,-9,-8,-9,-9,-9,-9,-8,-9,-8,-9,-8,-10,-8,-10,-8,-11,-8,-11,-8,-12,-8,-12,-7,-12,-7,-12,-8,-13,-8]"
2025-08-18 22:38:43.403516,CSI_DATA,675,1a:00:00:00:00:00,-42,11,0,0,0,0,0,0,0,0,0,-94,0,1,0,117698408,0,42,0,128,0,"[0,0,7,12,7,11,7,11,7,11,7,11,6,10,7,10,7,9,7,9,8,8,8,8,9,8,9,7,9,7,10,7,10,7,10,8,10,8,10,9,10,9,10,9,9,10,8,10,8,10,7,10,7,11,0,0,0,0,0,0,0,0,0,0,0,0,0,0,0,0,0,0,0,0,0,0,6,7,6,8,5,8,5,9,5,10,4,10,3,11,3,11,3,11,2,11,3,11,2,11,2,11,3,11,3,10,3,10,4,10,4,10,5,10,5,11,5,11,6,11,6,11,7,11,7,12,7,11]"
2025-08-18 22:38:43.477682,CSI_DATA,676,1a:00:00:00:00:00,-43,11,0,0,0,0,0,0,0,0,0,-94,0,1,0,117765433,0,31,0,128,0,"[0,0,2,-14,2,-14,2,-14,2,-14,1,-14,1,-13,1,-13,0,-13,-1,-13,-1,-13,-1,-13,-2,-13,-2,-13,-3,-13,-3,-13,-4,-13,-3,-14,-3,-14,-3,-14,-3,-14,-2,-15,-1,-15,-1,-14,0,-14,1,-14,2,-13,0,0,0,0,0,0,0,0,0,0,0,0,0,0,0,0,0,0,0,0,0,0,0,-10,1,-11,1,-11,2,-11,3,-11,3,-11,4,-12,4,-11,5,-11,5,-11,5,-11,5,-10,5,-10,5,-11,4,-11,4,-11,4,-11,3,-12,3,-12,3,-12,3,-13,2,-13,2,-13,2,-14,2,-14,2,-14]"
2025-08-18 22:38:43.679750,CSI_DATA,677,1a:00:00:00:00:00,-43,11,0,0,0,0,0,0,0,0,0,-94,0,1,0,117966490,0,31,0,128,0,"[0,0,0,-15,0,-14,0,-14,0,-14,0,-14,0,-13,-1,-13,-1,-13,-2,-13,-3,-12,-3,-13,-4,-12,-4,-12,-5,-13,-5,-12,-5,-13,-5,-13,-5,-14,-5,-14,-5,-14,-4,-14,-3,-15,-3,-14,-2,-14,-2,-14,-1,-14,0,0,0,0,0,0,0,0,0,0,0,0,0,0,0,0,0,0,0,0,0,0,-1,-11,0,-11,0,-11,1,-12,2,-12,2,-12,3,-12,3,-12,4,-12,4,-12,4,-11,4,-12,4,-11,4,-11,4,-11,3,-11,2,-12,2,-12,2,-13,1,-13,1,-13,1,-13,1,-14,0,-14,0,-14,0,-14]"
2025-08-18 22:38:43.883058,CSI_DATA,678,1a:00:00:00:00:00,-42,11,0,0,0,0,0,0,0,0,0,-94,0,1,0,118167669,0,31,0,128,0,"[0,0,-14,-3,-14,-3,-14,-3,-14,-3,-14,-2,-13,-2,-13,-2,-13,-2,-13,-1,-13,0,-13,1,-12,1,-13,1,-13,2,-13,2,-13,2,-14,2,-14,2,-15,2,-15,1,-15,1,-15,0,-14,0,-14,-1,-14,-2,-14,-3,0,0,0,0,0,0,0,0,0,0,0,0,0,0,0,0,0,0,0,0,0,0,-10,-1,-11,-2,-11,-3,-11,-4,-11,-4,-11,-5,-11,-5,-11,-6,-11,-6,-11,-6,-11,-6,-11,-6,-11,-6,-10,-6,-11,-6,-11,-5,-11,-5,-11,-4,-12,-5,-12,-4,-13,-4,-13,-4,-14,-3,-14,-3,-14,-3,-14,-3]"
2025-08-18 22:38:44.077879,CSI_DATA,679,1a:00:00:00:00:00,-42,11,0,0,0,0,0,0,0,0,0,-94,0,1,0,118368788,0,31,0,128,0,"[0,0,-6,12,-6,12,-6,12,-6,12,-5,12,-5,12,-5,12,-4,11,-3,11,-3,11,-2,12,-2,12,-2,12,-1,12,0,12,0,13,-1,13,-1,13,-1,14,-1,14,-2,14,-3,14,-3,13,-4,13,-4,12,-5,12,0,0,0,0,0,0,0,0,0,0,0,0,0,0,0,0,0,0,0,0,0,0,-4,9,-4,9,-5,9,-6,9,-6,9,-7,9,-8,9,-8,9,-8,9,-9,8,-8,8,-8,8,-8,8,-8,8,-8,8,-8,8,-8,9,-7,9,-7,10,-7,10,-6,11,-6,11,-6,12,-6,12,-6,12,-6,12]"
2025-08-18 22:38:44.275684,CSI_DATA,680,1a:00:00:00:00:00,-42,11,0,0,0,0,0,0,0,0,0,-94,0,1,0,118570066,0,31,0,128,0,"[0,0,5,13,5,13,5,12,5,12,5,12,6,11,6,11,6,11,7,10,7,9,8,9,8,9,8,9,9,9,9,8,10,8,10,9,10,9,10,10,10,10,10,10,9,11,8,11,8,12,7,12,6,12,0,0,0,0,0,0,0,0,0,0,0,0,0,0,0,0,0,0,0,0,0,0,4,9,4,9,3,10,3,11,2,11,2,12,1,12,1,12,1,12,0,12,0,12,0,12,0,12,0,12,1,11,1,11,2,11,2,11,3,12,3,12,4,12,4,12,4,12,5,13,5,13,5,13]"
2025-08-18 22:38:44.486681,CSI_DATA,681,1a:00:00:00:00:00,-42,11,0,0,0,0,0,0,0,0,0,-94,0,1,0,118771417,0,31,0,128,0,"[0,0,-5,-14,-4,-13,-5,-14,-5,-13,-5,-13,-5,-13,-5,-13,-6,-12,-6,-12,-6,-11,-7,-11,-8,-11,-8,-11,-9,-11,-8,-10,-9,-11,-9,-10,-10,-11,-9,-12,-9,-12,-8,-12,-8,-13,-7,-13,-7,-13,-6,-13,-5,-13,0,0,0,0,0,0,0,0,0,0,0,0,0,0,0,0,0,0,0,0,0,0,-4,-9,-4,-11,-3,-11,-3,-12,-2,-12,-2,-13,-1,-13,-1,-13,0,-13,0,-12,0,-12,0,-12,0,-12,0,-12,-1,-12,-1,-12,-2,-12,-2,-12,-2,-13,-3,-13,-3,-13,-4,-13,-4,-13,-4,-14,-4,-14,-5,-14]"
2025-08-18 22:38:44.696477,CSI_DATA,682,1a:00:00:00:00:00,-42,11,0,0,0,0,0,0,0,0,0,-94,0,1,0,118972553,0,31,0,128,0,"[0,0,7,-13,6,-13,6,-13,6,-13,5,-13,5,-12,5,-12,4,-12,4,-12,3,-12,2,-13,1,-12,1,-13,1,-13,1,-13,1,-14,1,-14,1,-14,1,-15,2,-15,2,-15,3,-15,3,-14,4,-14,4,-13,5,-13,0,0,0,0,0,0,0,0,0,0,0,0,0,0,0,0,0,0,0,0,0,0,4,-10,5,-10,5,-10,6,-10,7,-10,7,-9,8,-9,8,-9,9,-9,9,-8,9,-8,9,-8,9,-8,8,-8,8,-9,7,-9,7,-9,7,-10,7,-10,7,-11,7,-11,7,-11,6,-12,6,-13,7,-13,7,-13]"
2025-08-18 22:38:44.890371,CSI_DATA,683,1a:00:00:00:00:00,-42,11,0,0,0,0,0,0,0,0,0,-94,0,1,0,119173610,0,31,0,128,0,"[0,0,-5,-14,-5,-14,-5,-13,-5,-13,-6,-13,-5,-12,-6,-12,-6,-12,-7,-11,-7,-10,-8,-10,-8,-10,-9,-10,-9,-10,-10,-10,-10,-10,-10,-10,-10,-11,-10,-11,-10,-12,-9,-12,-8,-12,-8,-12,-8,-13,-7,-13,-6,-13,0,0,0,0,0,0,0,0,0,0,0,0,0,0,0,0,0,0,0,0,0,0,-5,-10,-4,-10,-4,-11,-3,-11,-3,-12,-2,-12,-1,-13,-1,-13,-1,-13,0,-12,0,-13,0,-12,0,-12,-1,-12,-1,-12,-1,-12,-2,-12,-3,-12,-3,-12,-3,-13,-3,-13,-4,-13,-5,-13,-5,-13,-5,-13,-5,-14]"
2025-08-18 22:38:44.943741,CSI_DATA,684,1a:00:00:00:00:00,-42,11,0,0,0,0,0,0,0,0,0,-94,0,1,0,119234228,0,42,0,128,0,"[0,0,-8,12,-8,12,-7,12,-7,12,-6,12,-6,11,-6,11,-5,12,-4,11,-4,11,-3,12,-2,12,-2,12,-2,12,-1,13,-1,13,-2,13,-2,14,-2,14,-3,14,-3,14,-4,14,-5,14,-5,13,-6,13,-6,12,0,0,0,0,0,0,0,0,0,0,0,0,0,0,0,0,0,0,0,0,0,0,-5,9,-5,9,-6,9,-7,9,-7,9,-8,9,-9,9,-10,8,-10,8,-10,7,-10,8,-10,7,-10,7,-9,8,-9,8,-9,8,-8,9,-8,9,-8,9,-8,10,-8,10,-8,11,-7,11,-7,12,-8,12,-7,12]"
2025-08-18 22:38:45.027591,CSI_DATA,685,1a:00:00:00:00:00,-42,11,0,0,0,0,0,0,0,0,0,-94,0,1,0,119303133,0,31,0,128,0,"[0,0,12,-8,11,-8,11,-8,11,-8,11,-8,10,-9,10,-9,9,-9,8,-9,8,-10,8,-10,7,-10,7,-11,7,-11,7,-12,7,-12,7,-12,7,-13,8,-13,8,-13,9,-12,9,-12,10,-11,10,-10,10,-10,11,-9,0,0,0,0,0,0,0,0,0,0,0,0,0,0,0,0,0,0,0,0,0,0,8,-7,8,-7,9,-6,10,-5,11,-6,11,-5,11,-5,11,-4,12,-4,12,-3,12,-3,11,-3,11,-3,11,-3,11,-3,11,-4,10,-5,11,-5,11,-6,11,-6,11,-6,11,-7,11,-8,11,-8,12,-8,12,-8]"
2025-08-18 22:38:45.215485,CSI_DATA,686,1a:00:00:00:00:00,-42,11,0,0,0,0,0,0,0,0,0,-94,0,1,0,119504298,0,31,0,128,0,"[0,0,-12,8,-12,8,-11,8,-11,8,-11,8,-10,8,-10,8,-9,9,-9,9,-8,9,-7,9,-7,10,-7,10,-7,11,-7,11,-7,11,-7,12,-7,12,-8,12,-8,12,-8,12,-9,11,-9,11,-9,10,-10,10,-10,9,0,0,0,0,0,0,0,0,0,0,0,0,0,0,0,0,0,0,0,0,0,0,-8,6,-9,6,-10,6,-10,5,-11,5,-12,4,-12,4,-12,4,-12,3,-12,3,-12,3,-12,3,-12,3,-11,3,-11,4,-11,4,-11,4,-11,5,-11,5,-11,6,-11,6,-11,7,-12,7,-12,8,-12,8,-12,8]"
2025-08-18 22:38:45.416734,CSI_DATA,687,1a:00:00:00:00:00,-42,11,0,0,0,0,0,0,0,0,0,-94,0,1,0,119706436,0,31,0,128,0,"[0,0,10,-10,10,-10,9,-10,9,-10,9,-10,8,-10,8,-10,7,-10,7,-10,6,-11,6,-11,5,-11,5,-12,4,-12,5,-12,4,-13,5,-13,5,-13,5,-14,6,-14,7,-13,7,-13,7,-13,8,-12,8,-11,9,-10,0,0,0,0,0,0,0,0,0,0,0,0,0,0,0,0,0,0,0,0,0,0,6,-8,7,-8,8,-8,9,-7,9,-7,10,-7,10,-6,10,-6,10,-6,11,-5,11,-5,11,-5,10,-5,10,-5,10,-5,10,-6,10,-6,9,-7,9,-7,9,-8,9,-8,9,-9,9,-9,10,-9,10,-9,10,-10]"
2025-08-18 22:38:45.617995,CSI_DATA,688,1a:00:00:00:00:00,-42,11,0,0,0,0,0,0,0,0,0,-94,0,1,0,119906589,0,31,0,128,0,"[0,0,4,-13,3,-14,3,-14,3,-14,3,-13,2,-13,2,-13,1,-13,1,-12,0,-13,0,-13,-1,-12,-1,-13,-2,-13,-3,-13,-3,-13,-2,-14,-2,-14,-2,-14,-1,-14,-1,-14,-1,-14,0,-14,1,-14,1,-13,2,-13,0,0,0,0,0,0,0,0,0,0,0,0,0,0,0,0,0,0,0,0,0,0,1,-11,2,-11,3,-11,4,-11,4,-11,5,-12,6,-11,6,-11,6,-11,7,-10,7,-10,7,-10,7,-10,6,-10,6,-10,5,-10,5,-11,5,-11,5,-12,5,-12,4,-12,4,-13,4,-13,4,-14,4,-13,4,-13]"
2025-08-18 22:38:45.817947,CSI_DATA,689,1a:00:00:00:00:00,-43,11,0,0,0,0,0,0,0,0,0,-94,0,1,0,120107965,0,31,0,128,0,"[0,0,13,-3,13,-3,13,-4,12,-4,12,-4,12,-4,12,-4,11,-5,11,-5,10,-6,10,-7,10,-7,10,-7,10,-8,10,-8,10,-9,10,-9,10,-9,11,-9,11,-8,12,-8,12,-7,12,-7,12,-7,12,-6,12,-5,0,0,0,0,0,0,0,0,0,0,0,0,0,0,0,0,0,0,0,0,0,0,9,-4,10,-3,11,-2,11,-2,11,-1,12,-1,12,0,12,0,12,1,12,1,12,1,12,1,12,1,11,1,11,1,11,0,12,0,12,-1,12,-1,12,-1,13,-2,13,-2,13,-3,13,-3,13,-3,14,-3]"
2025-08-18 22:38:46.021640,CSI_DATA,690,1a:00:00:00:00:00,-42,11,0,0,0,0,0,0,0,0,0,-94,0,1,0,120309030,0,31,0,128,0,"[0,0,-15,0,-14,0,-14,0,-14,1,-13,1,-13,1,-13,1,-12,2,-12,3,-12,3,-12,4,-11,4,-12,4,-12,5,-12,5,-12,6,-12,5,-12,6,-13,6,-13,5,-13,5,-13,4,-13,4,-14,3,-14,2,-14,1,0,0,0,0,0,0,0,0,0,0,0,0,0,0,0,0,0,0,0,0,0,0,-10,2,-11,1,-11,0,-12,0,-12,-1,-13,-1,-13,-2,-13,-3,-13,-3,-12,-3,-12,-4,-12,-4,-12,-3,-12,-3,-12,-3,-12,-3,-12,-2,-12,-1,-13,-1,-13,-1,-13,-1,-13,-1,-14,0,-14,0,-14,0,-14,0]"
2025-08-18 22:38:46.235196,CSI_DATA,691,1a:00:00:00:00:00,-43,11,0,0,0,0,0,0,0,0,0,-94,0,1,0,120510244,0,31,0,128,0,"[0,0,0,-14,0,-14,0,-14,0,-14,0,-14,-1,-13,-1,-13,-2,-12,-2,-12,-3,-12,-4,-12,-4,-12,-4,-12,-5,-12,-5,-12,-6,-12,-5,-13,-6,-13,-5,-14,-5,-14,-4,-14,-4,-14,-3,-14,-3,-14,-2,-14,-1,-14,0,0,0,0,0,0,0,0,0,0,0,0,0,0,0,0,0,0,0,0,0,0,-1,-11,-1,-11,0,-12,1,-12,1,-12,2,-12,3,-13,3,-13,4,-12,4,-12,4,-12,4,-12,4,-12,4,-12,3,-11,3,-12,3,-12,2,-12,2,-12,2,-13,1,-13,1,-13,1,-14,1,-14,0,-14,1,-14]"
2025-08-18 22:38:46.420979,CSI_DATA,692,1a:00:00:00:00:00,-43,11,0,0,0,0,0,0,0,0,0,-94,0,1,0,120711398,0,31,0,128,0,"[0,0,-4,13,-4,13,-4,13,-3,12,-3,12,-2,12,-2,11,-1,12,-1,11,0,11,0,11,1,11,1,11,2,11,2,11,2,12,3,12,3,13,2,13,2,13,2,13,1,13,0,13,0,13,-1,13,-2,13,0,0,0,0,0,0,0,0,0,0,0,0,0,0,0,0,0,0,0,0,0,0,-2,10,-2,10,-3,10,-4,11,-5,11,-5,11,-6,11,-6,11,-7,10,-7,10,-7,10,-7,10,-7,9,-7,10,-6,10,-6,10,-6,10,-5,10,-5,11,-5,11,-5,12,-4,12,-4,12,-4,13,-4,13,-4,13]"
2025-08-18 22:38:46.482608,CSI_DATA,693,1a:00:00:00:00:00,-43,11,0,0,0,0,0,0,0,0,0,-94,0,1,0,120772191,0,42,0,128,0,"[0,0,11,-7,11,-7,11,-7,10,-8,10,-8,10,-8,9,-8,8,-8,8,-9,8,-9,8,-9,7,-10,6,-10,6,-10,6,-11,6,-11,7,-12,7,-12,7,-12,8,-12,8,-12,8,-11,9,-11,9,-10,9,-9,10,-9,0,0,0,0,0,0,0,0,0,0,0,0,0,0,0,0,0,0,0,0,0,0,8,-7,8,-7,9,-6,10,-6,10,-5,11,-5,12,-4,12,-4,12,-4,12,-3,12,-3,11,-3,11,-3,11,-3,11,-3,11,-4,11,-4,11,-5,11,-6,11,-6,11,-6,11,-6,11,-7,11,-7,11,-7,11,-7]"
2025-08-18 22:38:46.562432,CSI_DATA,694,1a:00:00:00:00:00,-43,11,0,0,0,0,0,0,0,0,0,-94,0,1,0,120837747,0,31,0,128,0,"[0,0,-6,13,-5,13,-5,13,-5,13,-4,13,-4,12,-3,12,-3,12,-2,12,-1,12,-1,12,0,12,1,12,1,12,1,12,1,13,1,13,1,14,1,14,1,15,1,14,0,14,-1,14,-2,14,-2,13,-3,14,0,0,0,0,0,0,0,0,0,0,0,0,0,0,0,0,0,0,0,0,0,0,-3,11,-4,11,-5,11,-5,11,-6,11,-7,11,-8,11,-8,10,-8,10,-9,10,-9,10,-8,9,-8,10,-8,10,-8,10,-7,10,-7,10,-6,10,-6,11,-6,11,-6,12,-6,12,-5,12,-5,13,-5,13,-5,13]"
2025-08-18 22:38:46.745942,CSI_DATA,695,1a:00:00:00:00:00,-43,11,0,0,0,0,0,0,0,0,0,-94,0,1,0,121038823,0,31,0,128,0,"[0,0,13,2,13,2,12,2,13,1,13,1,12,0,12,0,12,-1,12,-1,12,-2,12,-2,11,-3,12,-3,11,-4,12,-4,12,-4,13,-4,13,-4,13,-4,14,-4,14,-3,14,-3,14,-2,14,-1,14,0,13,1,0,0,0,0,0,0,0,0,0,0,0,0,0,0,0,0,0,0,0,0,0,0,10,0,10,1,11,1,11,2,11,3,11,3,11,4,11,5,11,5,10,5,10,6,10,6,10,5,10,5,10,5,10,4,10,4,11,3,11,3,12,3,12,3,12,2,13,2,13,2,13,2,13,2]"
2025-08-18 22:38:46.950043,CSI_DATA,696,1a:00:00:00:00:00,-43,11,0,0,0,0,0,0,0,0,0,-94,0,1,0,121240161,0,31,0,128,0,"[0,0,-4,13,-4,13,-4,13,-3,12,-3,13,-2,12,-2,12,-1,12,-1,12,0,11,1,12,1,12,2,12,2,12,2,12,3,12,2,12,3,13,2,14,2,14,1,14,0,14,0,14,-1,14,-1,13,-2,14,0,0,0,0,0,0,0,0,0,0,0,0,0,0,0,0,0,0,0,0,0,0,-1,10,-2,11,-3,10,-4,11,-4,11,-5,11,-6,11,-6,11,-7,11,-6,10,-6,10,-6,10,-6,10,-6,10,-6,10,-6,10,-5,10,-5,11,-5,11,-4,11,-4,12,-4,12,-3,12,-3,13,-3,13,-3,13]"
2025-08-18 22:38:47.151930,CSI_DATA,697,1a:00:00:00:00:00,-43,11,0,0,0,0,0,0,0,0,0,-94,0,1,0,121441282,0,31,0,128,0,"[0,0,12,-7,12,-8,11,-7,11,-8,10,-8,10,-8,10,-8,9,-8,9,-9,8,-9,8,-9,7,-10,7,-10,7,-10,7,-11,7,-11,8,-12,7,-12,8,-12,8,-12,9,-11,9,-11,10,-11,10,-10,10,-9,11,-8,0,0,0,0,0,0,0,0,0,0,0,0,0,0,0,0,0,0,0,0,0,0,8,-6,8,-6,9,-6,10,-5,10,-5,11,-4,11,-4,11,-3,12,-3,12,-3,11,-2,11,-2,11,-3,11,-3,11,-3,11,-4,11,-4,11,-5,11,-5,11,-5,11,-6,11,-6,11,-7,12,-7,12,-7,12,-7]"
2025-08-18 22:38:47.355436,CSI_DATA,698,1a:00:00:00:00:00,-43,11,0,0,0,0,0,0,0,0,0,-94,0,1,0,121642519,0,31,0,128,0,"[0,0,1,-14,0,-14,0,-14,0,-13,-1,-14,-1,-13,-1,-13,-2,-13,-2,-12,-3,-12,-4,-12,-5,-12,-5,-12,-5,-12,-5,-12,-6,-12,-6,-13,-6,-13,-6,-14,-5,-14,-5,-14,-4,-14,-4,-14,-4,-14,-3,-14,-2,-14,0,0,0,0,0,0,0,0,0,0,0,0,0,0,0,0,0,0,0,0,0,0,-1,-11,0,-11,1,-11,2,-12,2,-12,3,-12,4,-12,4,-12,4,-12,4,-11,4,-12,4,-11,4,-11,4,-11,4,-11,3,-11,3,-12,2,-12,2,-12,2,-13,2,-13,2,-13,1,-13,0,-14,0,-14,0,-14]"
2025-08-18 22:38:47.554902,CSI_DATA,699,1a:00:00:00:00:00,-43,11,0,0,0,0,0,0,0,0,0,-94,0,1,0,121843602,0,31,0,128,0,"[0,0,4,-13,4,-13,4,-13,4,-13,3,-13,3,-13,2,-12,2,-12,1,-12,0,-12,0,-13,0,-12,-1,-13,-1,-13,-2,-13,-2,-13,-2,-14,-2,-14,-2,-14,-2,-14,-1,-15,0,-15,0,-15,1,-15,2,-14,2,-14,0,0,0,0,0,0,0,0,0,0,0,0,0,0,0,0,0,0,0,0,0,0,3,-11,3,-11,4,-11,5,-11,5,-11,6,-11,7,-11,7,-11,7,-10,8,-9,8,-9,8,-9,7,-9,7,-9,7,-10,6,-10,6,-10,6,-11,5,-11,5,-12,5,-12,5,-12,5,-13,5,-13,5,-13,5,-13]"
2025-08-18 22:38:47.774264,CSI_DATA,700,1a:00:00:00:00:00,-43,11,0,0,0,0,0,0,0,0,0,-94,0,1,0,122044774,0,31,0,128,0,"[0,0,-12,-9,-12,-8,-12,-8,-11,-8,-12,-7,-11,-7,-11,-6,-11,-6,-12,-5,-11,-4,-12,-4,-12,-4,-12,-3,-13,-3,-13,-2,-14,-2,-13,-3,-14,-3,-14,-3,-14,-3,-14,-4,-14,-5,-13,-5,-13,-6,-13,-6,-13,-7,0,0,0,0,0,0,0,0,0,0,0,0,0,0,0,0,0,0,0,0,0,0,-9,-6,-10,-7,-9,-7,-9,-8,-9,-9,-9,-10,-8,-10,-8,-10,-8,-11,-7,-10,-7,-11,-7,-11,-7,-10,-7,-10,-8,-10,-7,-9,-8,-10,-8,-9,-9,-9,-10,-9,-10,-9,-11,-9,-11,-8,-11,-9,-11,-9,-12,-9]"
2025-08-18 22:38:47.956443,CSI_DATA,701,1a:00:00:00:00:00,-43,11,0,0,0,0,0,0,0,0,0,-94,0,1,0,122245926,0,31,0,128,0,"[0,0,-12,9,-11,9,-11,8,-11,8,-10,9,-10,8,-10,9,-9,9,-8,9,-8,9,-7,10,-7,10,-7,10,-6,11,-6,11,-6,12,-7,12,-7,12,-7,12,-8,12,-8,12,-9,12,-9,11,-9,10,-10,10,-11,9,0,0,0,0,0,0,0,0,0,0,0,0,0,0,0,0,0,0,0,0,0,0,-7,8,-8,7,-9,7,-10,7,-10,6,-11,6,-12,5,-12,5,-12,5,-12,4,-12,4,-12,4,-12,4,-12,4,-12,5,-11,5,-11,5,-11,6,-11,6,-11,7,-11,7,-11,7,-11,8,-11,8,-11,9,-11,9]"
2025-08-18 22:38:48.011111,CSI_DATA,702,1a:00:00:00:00:00,-43,11,0,0,0,0,0,0,0,0,0,-94,0,1,0,122306802,0,42,0,128,0,"[0,0,8,11,8,10,8,10,8,10,8,9,8,9,8,8,9,8,8,7,9,7,9,6,10,6,10,6,10,5,11,5,11,5,11,5,12,6,12,6,12,7,12,7,11,8,10,8,10,9,9,9,9,9,0,0,0,0,0,0,0,0,0,0,0,0,0,0,0,0,0,0,0,0,0,0,7,6,7,7,7,8,6,9,6,9,6,10,5,11,5,11,4,11,4,11,4,11,3,11,4,11,4,10,4,10,4,10,5,10,6,10,6,10,6,10,7,10,7,10,8,10,8,10,8,11,8,10]"
2025-08-18 22:38:48.088033,CSI_DATA,703,1a:00:00:00:00:00,-43,11,0,0,0,0,0,0,0,0,0,-94,0,1,0,122373542,0,31,0,128,0,"[0,0,12,-7,12,-7,12,-7,11,-7,11,-8,10,-8,10,-8,10,-8,9,-8,8,-9,8,-9,8,-10,8,-10,7,-11,7,-11,8,-11,8,-11,8,-11,9,-12,9,-11,9,-11,10,-11,10,-10,10,-9,11,-9,11,-8,0,0,0,0,0,0,0,0,0,0,0,0,0,0,0,0,0,0,0,0,0,0,8,-7,9,-7,9,-6,10,-6,11,-5,11,-5,11,-4,12,-4,12,-3,12,-3,12,-3,12,-3,12,-3,11,-3,11,-3,11,-3,11,-4,11,-5,11,-5,11,-6,11,-6,12,-6,11,-7,12,-7,12,-7,12,-7]"
2025-08-18 22:38:48.282821,CSI_DATA,704,1a:00:00:00:00:00,-43,11,0,0,0,0,0,0,0,0,0,-94,0,1,0,122574733,0,31,0,128,0,"[0,0,13,1,13,1,13,1,13,1,12,0,12,0,12,-1,12,-1,11,-1,11,-2,11,-3,11,-4,11,-4,11,-4,11,-5,12,-5,12,-5,12,-5,13,-5,13,-5,13,-4,13,-3,13,-3,13,-2,13,-2,13,-1,0,0,0,0,0,0,0,0,0,0,0,0,0,0,0,0,0,0,0,0,0,0,10,0,10,1,11,2,11,2,11,3,11,3,11,4,11,5,11,5,10,5,10,5,10,5,10,5,10,5,10,4,10,4,10,3,11,3,11,3,12,2,12,2,12,2,13,2,13,1,13,2,13,1]"
2025-08-18 22:38:48.491315,CSI_DATA,705,1a:00:00:00:00:00,-43,11,0,0,0,0,0,0,0,0,0,-94,0,1,0,122775857,0,31,0,128,0,"[0,0,-13,-8,-13,-8,-12,-8,-12,-7,-12,-7,-12,-6,-12,-6,-12,-5,-12,-4,-12,-4,-12,-3,-12,-3,-13,-3,-13,-2,-13,-2,-14,-2,-14,-2,-14,-2,-15,-2,-15,-3,-15,-3,-14,-4,-14,-5,-14,-5,-13,-6,-13,-7,0,0,0,0,0,0,0,0,0,0,0,0,0,0,0,0,0,0,0,0,0,0,-10,-5,-10,-6,-10,-6,-10,-7,-10,-8,-10,-9,-9,-9,-9,-9,-9,-10,-9,-10,-8,-10,-8,-10,-8,-10,-8,-9,-8,-9,-9,-9,-9,-8,-10,-8,-10,-8,-11,-8,-11,-8,-11,-8,-12,-8,-12,-8,-12,-8,-12,-8]"
2025-08-18 22:38:48.686992,CSI_DATA,706,1a:00:00:00:00:00,-43,11,0,0,0,0,0,0,0,0,0,-94,0,1,0,122977269,0,31,0,128,0,"[0,0,-5,13,-4,13,-4,12,-3,13,-3,12,-3,12,-2,12,-2,12,-1,11,-1,12,0,12,1,12,1,12,2,12,2,12,2,12,2,13,2,13,2,13,2,14,1,14,0,14,-1,14,-1,14,-2,13,-3,13,0,0,0,0,0,0,0,0,0,0,0,0,0,0,0,0,0,0,0,0,0,0,-2,10,-3,10,-4,10,-5,10,-5,10,-6,10,-6,10,-7,10,-7,10,-8,10,-8,10,-8,9,-7,9,-7,9,-7,9,-6,10,-6,10,-6,11,-5,10,-5,11,-5,11,-5,12,-5,13,-4,13,-4,13,-4,13]"
2025-08-18 22:38:48.883414,CSI_DATA,707,1a:00:00:00:00:00,-43,11,0,0,0,0,0,0,0,0,0,-94,0,1,0,123178224,0,31,0,128,0,"[0,0,13,5,12,4,12,4,12,4,12,3,12,3,12,3,12,2,12,2,12,1,12,1,12,0,12,0,12,-1,13,-1,13,-2,13,-1,14,-1,14,-1,14,0,14,0,14,1,14,2,13,2,13,3,13,4,0,0,0,0,0,0,0,0,0,0,0,0,0,0,0,0,0,0,0,0,0,0,10,2,10,2,10,3,10,4,10,5,10,5,10,6,10,7,10,7,9,7,9,7,9,7,9,7,9,7,9,6,9,6,10,6,10,5,10,5,11,5,11,5,12,5,12,5,12,5,12,5,13,4]"
2025-08-18 22:38:49.082974,CSI_DATA,708,1a:00:00:00:00:00,-42,11,0,0,0,0,0,0,0,0,0,-94,0,1,0,123379391,0,31,0,128,0,"[0,0,10,8,10,8,10,8,10,8,10,7,10,7,10,6,10,6,10,5,11,4,11,4,11,4,11,3,11,3,12,3,12,3,12,3,13,3,13,3,13,4,13,4,12,5,12,6,11,6,11,7,10,7,0,0,0,0,0,0,0,0,0,0,0,0,0,0,0,0,0,0,0,0,0,0,8,5,8,6,8,7,8,7,8,8,7,8,7,9,7,9,6,9,6,10,6,10,5,10,6,9,6,9,6,9,6,9,7,8,7,8,8,8,9,8,9,8,9,8,10,8,10,8,10,8,10,8]"
2025-08-18 22:38:49.140696,CSI_DATA,709,1a:00:00:00:00:00,-43,11,0,0,0,0,0,0,0,0,0,-94,0,1,0,123425601,0,28,0,128,0,"[0,0,-14,-4,-14,-4,-14,-4,-13,-4,-13,-3,-13,-3,-13,-2,-13,-1,-13,-1,-12,0,-12,0,-12,1,-13,1,-13,2,-13,2,-13,2,-13,2,-14,2,-14,2,-14,2,-14,1,-14,0,-14,0,-14,-1,-14,-1,-14,-2,0,0,0,0,0,0,0,0,0,0,0,0,0,0,0,0,0,0,0,0,0,0,-10,-2,-11,-3,-11,-4,-11,-5,-11,-5,-11,-6,-11,-6,-11,-7,-11,-7,-10,-7,-10,-7,-10,-7,-10,-7,-10,-7,-11,-6,-10,-6,-11,-6,-11,-5,-12,-5,-12,-5,-12,-5,-13,-4,-13,-4,-13,-4,-14,-4,-14,-4]"
2025-08-18 22:38:49.296146,CSI_DATA,710,1a:00:00:00:00:00,-43,11,0,0,0,0,0,0,0,0,0,-94,0,1,0,123580628,0,31,0,128,0,"[0,0,10,-10,10,-10,10,-10,9,-10,9,-10,8,-10,8,-10,7,-11,7,-10,6,-11,6,-11,5,-12,5,-12,5,-12,5,-12,5,-13,5,-13,5,-13,6,-14,6,-13,6,-13,7,-13,7,-12,8,-12,8,-11,9,-10,0,0,0,0,0,0,0,0,0,0,0,0,0,0,0,0,0,0,0,0,0,0,6,-8,7,-8,8,-8,9,-8,9,-8,10,-7,10,-7,10,-6,11,-6,11,-5,11,-5,11,-5,11,-5,10,-6,10,-6,10,-6,10,-7,10,-7,10,-8,10,-8,10,-9,10,-9,10,-9,10,-10,10,-10,10,-10]"
2025-08-18 22:38:49.511774,CSI_DATA,711,1a:00:00:00:00:00,-42,11,0,0,0,0,0,0,0,0,0,-94,0,1,0,123781741,0,31,0,128,0,"[0,0,-10,-11,-9,-11,-9,-11,-10,-10,-9,-10,-9,-10,-9,-9,-10,-9,-10,-8,-10,-7,-11,-7,-11,-7,-11,-6,-11,-6,-12,-6,-12,-6,-13,-6,-13,-6,-13,-7,-13,-7,-12,-8,-12,-8,-12,-9,-11,-9,-11,-9,-10,-10,0,0,0,0,0,0,0,0,0,0,0,0,0,0,0,0,0,0,0,0,0,0,-8,-7,-8,-8,-8,-9,-7,-9,-7,-10,-7,-11,-6,-11,-6,-11,-6,-11,-5,-12,-5,-12,-5,-12,-5,-11,-5,-11,-5,-11,-6,-11,-6,-10,-7,-10,-7,-11,-8,-11,-8,-11,-8,-11,-9,-11,-9,-11,-9,-11,-9,-11]"
2025-08-18 22:38:49.550710,CSI_DATA,712,1a:00:00:00:00:00,-43,11,0,0,0,0,0,0,0,0,0,-94,0,1,0,123842505,0,42,0,128,0,"[0,0,-1,14,-1,14,-1,13,-1,13,0,13,0,13,0,12,1,12,1,12,2,11,3,11,3,11,4,11,4,12,4,11,5,12,5,12,5,12,4,13,4,13,4,13,3,14,2,13,2,13,1,13,0,13,0,0,0,0,0,0,0,0,0,0,0,0,0,0,0,0,0,0,0,0,0,0,0,10,-1,10,-1,10,-2,11,-3,11,-3,12,-4,11,-4,11,-5,11,-5,11,-5,11,-5,11,-5,11,-5,11,-4,11,-4,11,-4,11,-3,11,-3,12,-2,12,-2,12,-2,13,-1,13,-1,14,-1,14,-1,14]"
2025-08-18 22:38:49.627273,CSI_DATA,713,1a:00:00:00:00:00,-42,11,0,0,0,0,0,0,0,0,0,-94,0,1,0,123912234,0,31,0,128,0,"[0,0,-14,-4,-13,-5,-13,-4,-13,-4,-13,-4,-13,-3,-13,-3,-13,-2,-12,-2,-12,-1,-12,-1,-12,0,-13,0,-13,1,-13,1,-13,1,-14,1,-14,1,-14,1,-14,0,-14,0,-14,-1,-14,-2,-14,-2,-14,-3,-13,-4,0,0,0,0,0,0,0,0,0,0,0,0,0,0,0,0,0,0,0,0,0,0,-10,-2,-11,-2,-11,-4,-11,-4,-11,-5,-11,-5,-11,-6,-11,-7,-11,-7,-11,-7,-10,-7,-10,-7,-10,-7,-10,-7,-10,-6,-10,-6,-11,-6,-11,-5,-12,-5,-12,-5,-12,-5,-13,-5,-13,-5,-13,-4,-14,-5,-14,-4]"
2025-08-18 22:38:49.843935,CSI_DATA,714,1a:00:00:00:00:00,-43,11,0,0,0,0,0,0,0,0,0,-94,0,1,0,124113586,0,31,0,128,0,"[0,0,-14,-5,-13,-5,-14,-5,-13,-4,-13,-4,-13,-4,-13,-3,-12,-3,-12,-2,-12,-1,-12,-1,-12,-1,-13,0,-13,0,-13,0,-14,1,-13,1,-14,0,-14,0,-14,0,-15,-1,-14,-2,-14,-2,-14,-2,-13,-3,-13,-4,0,0,0,0,0,0,0,0,0,0,0,0,0,0,0,0,0,0,0,0,0,0,-10,-2,-11,-3,-11,-4,-11,-4,-11,-5,-11,-6,-11,-6,-11,-6,-11,-7,-10,-7,-10,-7,-10,-7,-10,-7,-10,-7,-10,-7,-10,-7,-11,-6,-11,-5,-11,-6,-12,-5,-12,-5,-12,-5,-13,-5,-13,-5,-13,-5,-14,-5]"
2025-08-18 22:38:50.031141,CSI_DATA,715,1a:00:00:00:00:00,-43,11,0,0,0,0,0,0,0,0,0,-94,0,1,0,124314444,0,31,0,128,0,"[0,0,-10,-10,-10,-10,-10,-10,-10,-10,-10,-10,-10,-9,-10,-8,-10,-8,-10,-7,-11,-6,-11,-7,-11,-6,-11,-6,-12,-6,-12,-5,-12,-5,-13,-5,-13,-5,-13,-6,-13,-6,-13,-6,-12,-7,-12,-8,-11,-8,-11,-8,-10,-9,0,0,0,0,0,0,0,0,0,0,0,0,0,0,0,0,0,0,0,0,0,0,-8,-7,-8,-8,-7,-9,-7,-9,-7,-10,-7,-10,-7,-11,-7,-11,-6,-11,-5,-11,-5,-12,-5,-11,-5,-11,-5,-11,-5,-11,-6,-10,-6,-10,-7,-10,-7,-10,-8,-10,-9,-10,-9,-10,-9,-10,-9,-11,-9,-11,-10,-11]"
2025-08-18 22:38:50.228174,CSI_DATA,716,1a:00:00:00:00:00,-43,11,0,0,0,0,0,0,0,0,0,-94,0,1,0,124515715,0,31,0,128,0,"[0,0,3,-14,3,-14,3,-13,3,-14,2,-13,2,-13,1,-13,1,-13,0,-12,0,-13,-1,-12,-2,-12,-2,-12,-2,-12,-3,-13,-3,-13,-3,-14,-3,-14,-3,-14,-3,-14,-2,-14,-2,-14,-1,-15,0,-14,1,-14,1,-13,0,0,0,0,0,0,0,0,0,0,0,0,0,0,0,0,0,0,0,0,0,0,1,-10,2,-11,3,-11,4,-11,4,-11,5,-11,6,-11,6,-11,6,-11,7,-10,7,-10,7,-10,7,-10,6,-10,6,-10,5,-10,5,-11,4,-11,4,-11,4,-12,4,-12,4,-13,3,-13,3,-13,3,-13,4,-13]"
2025-08-18 22:38:50.422762,CSI_DATA,717,1a:00:00:00:00:00,-42,11,0,0,0,0,0,0,0,0,0,-94,0,1,0,124717063,0,31,0,128,0,"[0,0,3,13,3,13,3,13,4,13,4,12,4,12,4,11,5,11,5,11,6,10,6,10,7,9,7,10,7,10,8,9,8,10,8,10,8,10,8,11,8,11,8,11,7,12,6,12,6,12,5,12,4,12,0,0,0,0,0,0,0,0,0,0,0,0,0,0,0,0,0,0,0,0,0,0,4,9,3,10,3,10,2,11,2,11,1,12,0,12,0,12,0,12,-1,12,-1,12,-1,12,-1,12,0,12,0,11,0,11,0,11,1,11,1,12,2,12,2,12,2,13,3,13,3,13,3,13,4,13]"
2025-08-18 22:38:50.625959,CSI_DATA,718,1a:00:00:00:00:00,-43,11,0,0,0,0,0,0,0,0,0,-94,0,1,0,124918102,0,31,0,128,0,"[0,0,15,1,14,1,14,0,14,0,13,0,13,0,13,-1,12,-1,12,-2,12,-3,12,-4,11,-4,11,-5,12,-5,12,-5,13,-6,13,-5,13,-5,14,-5,14,-4,14,-4,14,-3,14,-3,14,-2,14,-2,14,-1,0,0,0,0,0,0,0,0,0,0,0,0,0,0,0,0,0,0,0,0,0,0,10,-1,11,-1,11,0,12,1,12,2,12,2,12,3,12,4,12,4,11,5,11,4,11,4,11,4,11,4,11,4,11,3,12,3,12,2,12,2,12,2,13,2,13,1,14,1,14,0,14,1,14,1]"
2025-08-18 22:38:50.830534,CSI_DATA,719,1a:00:00:00:00:00,-43,11,0,0,0,0,0,0,0,0,0,-94,0,1,0,125119262,0,31,0,128,0,"[0,0,-10,10,-10,9,-10,10,-9,10,-9,10,-9,10,-8,10,-7,10,-7,10,-6,11,-5,11,-5,11,-4,11,-4,11,-4,11,-4,12,-4,13,-5,13,-4,13,-5,13,-5,12,-6,14,-6,12,-7,11,-8,12,-9,10,0,0,0,0,0,0,0,0,0,0,0,0,0,0,0,0,0,0,0,0,0,0,-7,8,-8,8,-8,7,-9,7,-10,7,-10,7,-11,6,-11,6,-11,5,-11,5,-11,5,-11,5,-11,5,-11,6,-11,6,-10,6,-10,7,-10,7,-10,7,-10,8,-10,8,-10,9,-10,9,-10,10,-10,10,-10,10]"
2025-08-18 22:38:51.024020,CSI_DATA,720,1a:00:00:00:00:00,-42,11,0,0,0,0,0,0,0,0,0,-94,0,1,0,125320420,0,31,0,128,0,"[0,0,12,7,11,7,11,6,12,6,11,6,11,5,11,5,11,5,11,4,11,3,12,2,11,2,11,2,12,1,13,1,13,1,13,1,13,2,14,2,14,2,14,3,13,4,13,4,13,5,12,5,11,6,0,0,0,0,0,0,0,0,0,0,0,0,0,0,0,0,0,0,0,0,0,0,9,3,9,4,10,5,9,6,10,6,9,7,9,8,9,8,8,8,8,9,8,9,8,8,7,8,8,8,8,8,8,8,9,7,9,7,9,7,10,7,10,7,10,7,11,7,11,7,12,7,12,7]"
2025-08-18 22:38:51.090190,CSI_DATA,721,1a:00:00:00:00:00,-42,11,0,0,0,0,0,0,0,0,0,-94,0,1,0,125381212,0,42,0,128,0,"[0,0,15,0,14,-1,14,-1,13,-1,13,-2,13,-1,12,-2,13,-3,12,-3,11,-4,12,-5,11,-5,11,-5,12,-6,11,-6,12,-7,12,-6,13,-7,13,-6,13,-6,14,-5,14,-5,13,-4,14,-3,13,-3,14,-2,0,0,0,0,0,0,0,0,0,0,0,0,0,0,0,0,0,0,0,0,0,0,10,-2,11,-2,11,-1,12,0,11,0,12,1,12,2,12,3,12,3,11,3,12,3,11,3,11,3,11,3,12,3,11,2,12,2,12,1,13,1,12,1,13,1,13,0,13,0,14,0,14,-1,14,-1]"
2025-08-18 22:38:51.156152,CSI_DATA,722,1a:00:00:00:00:00,-42,11,0,0,0,0,0,0,0,0,0,-94,0,1,0,125445797,0,31,0,128,0,"[0,0,1,14,2,13,1,13,2,13,2,13,2,12,2,12,3,12,3,11,4,11,5,10,5,10,6,10,6,10,7,10,7,10,7,11,7,11,7,12,7,12,6,12,5,12,5,13,4,13,4,12,3,13,0,0,0,0,0,0,0,0,0,0,0,0,0,0,0,0,0,0,0,0,0,0,2,9,1,10,1,11,0,11,-1,11,-1,12,-2,12,-2,12,-3,12,-3,11,-3,12,-3,11,-3,11,-3,11,-2,11,-2,11,-1,11,-1,12,-1,12,0,12,0,13,0,13,1,13,1,14,1,14,2,14]"
2025-08-18 22:38:51.356245,CSI_DATA,723,1a:00:00:00:00:00,-43,11,0,0,0,0,0,0,0,0,0,-94,0,1,0,125646890,0,31,0,128,0,"[0,0,7,-13,7,-12,7,-13,6,-12,6,-12,5,-12,5,-12,5,-12,4,-12,3,-12,3,-12,2,-13,2,-13,1,-13,1,-13,1,-14,1,-14,1,-14,2,-15,2,-15,3,-14,3,-14,3,-14,4,-14,5,-13,5,-13,0,0,0,0,0,0,0,0,0,0,0,0,0,0,0,0,0,0,0,0,0,0,4,-10,5,-10,6,-10,7,-10,7,-10,8,-9,8,-9,9,-9,9,-8,9,-8,9,-8,9,-8,9,-8,9,-8,8,-9,8,-8,8,-9,7,-9,8,-10,7,-10,7,-11,7,-11,7,-12,7,-12,7,-12,7,-12]"
2025-08-18 22:38:51.558444,CSI_DATA,724,1a:00:00:00:00:00,-43,11,0,0,0,0,0,0,0,0,0,-94,0,1,0,125848224,0,31,0,128,0,"[0,0,6,-13,6,-13,5,-13,5,-13,5,-13,5,-13,4,-13,3,-12,3,-12,2,-13,1,-13,1,-13,0,-13,0,-13,0,-14,-1,-13,0,-15,0,-14,0,-15,1,-15,1,-15,2,-15,2,-15,3,-14,3,-14,4,-13,0,0,0,0,0,0,0,0,0,0,0,0,0,0,0,0,0,0,0,0,0,0,3,-10,4,-10,5,-11,6,-10,6,-11,7,-10,8,-10,8,-10,8,-9,9,-9,8,-9,8,-9,8,-9,8,-9,7,-9,7,-9,7,-10,7,-10,6,-10,7,-11,6,-12,6,-12,6,-13,6,-13,6,-13,6,-13]"
2025-08-18 22:38:51.756770,CSI_DATA,725,1a:00:00:00:00:00,-42,11,0,0,0,0,0,0,0,0,0,-94,0,1,0,126049315,0,31,0,128,0,"[0,0,2,14,1,13,1,13,2,13,2,13,2,12,3,12,3,12,4,11,5,11,5,11,5,10,6,10,6,10,7,10,7,11,7,11,7,11,7,12,7,12,6,12,6,12,5,13,4,13,4,13,3,13,0,0,0,0,0,0,0,0,0,0,0,0,0,0,0,0,0,0,0,0,0,0,2,10,1,10,0,11,0,11,-1,11,-1,12,-2,12,-2,12,-3,12,-3,11,-3,12,-3,11,-3,11,-3,11,-2,11,-2,11,-1,11,-1,12,-1,12,0,12,0,12,0,13,1,13,1,13,1,13,2,13]"
2025-08-18 22:38:51.966949,CSI_DATA,726,1a:00:00:00:00:00,-43,11,0,0,0,0,0,0,0,0,0,-94,0,1,0,126250471,0,31,0,128,0,"[0,0,-10,-11,-10,-11,-10,-11,-10,-10,-10,-10,-10,-10,-10,-9,-10,-8,-11,-8,-11,-7,-11,-7,-11,-6,-12,-6,-12,-6,-12,-6,-13,-6,-13,-6,-14,-6,-14,-6,-14,-7,-13,-7,-13,-8,-12,-8,-12,-9,-11,-9,-11,-10,0,0,0,0,0,0,0,0,0,0,0,0,0,0,0,0,0,0,0,0,0,0,-8,-7,-8,-8,-8,-9,-7,-10,-7,-10,-7,-11,-6,-12,-6,-12,-5,-12,-5,-12,-5,-12,-5,-12,-5,-12,-5,-11,-5,-11,-6,-11,-7,-11,-7,-10,-8,-11,-8,-11,-8,-11,-9,-11,-9,-11,-10,-11,-10,-11,-10,-11]"
2025-08-18 22:38:52.161989,CSI_DATA,727,1a:00:00:00:00:00,-43,11,0,0,0,0,0,0,0,0,0,-94,0,1,0,126451661,0,31,0,128,0,"[0,0,-13,6,-13,6,-13,6,-12,6,-12,6,-12,6,-11,6,-11,7,-10,7,-9,8,-9,8,-9,9,-9,9,-8,9,-8,10,-8,10,-9,11,-9,10,-10,10,-10,10,-11,10,-11,9,-11,9,-11,9,-11,8,-12,7,0,0,0,0,0,0,0,0,0,0,0,0,0,0,0,0,0,0,0,0,0,0,-9,6,-10,5,-10,5,-11,4,-12,4,-12,3,-12,3,-13,2,-13,2,-13,2,-13,2,-12,2,-12,2,-12,2,-12,2,-12,3,-12,3,-12,4,-12,4,-12,4,-13,4,-13,5,-13,6,-13,6,-13,6,-12,6]"
2025-08-18 22:38:52.368538,CSI_DATA,728,1a:00:00:00:00:00,-42,11,0,0,0,0,0,0,0,0,0,-94,0,1,0,126652926,0,31,0,128,0,"[0,0,-14,-5,-14,-5,-14,-5,-14,-6,-13,-4,-13,-5,-12,-4,-13,-3,-13,-3,-12,-2,-13,0,-12,-1,-12,0,-13,1,-14,2,-14,1,-15,0,-13,1,-14,0,-15,0,-15,-1,-15,-1,-15,-2,-14,-2,-14,-2,-14,-3,0,0,0,0,0,0,0,0,0,0,0,0,0,0,0,0,0,0,0,0,0,0,-11,-3,-11,-4,-11,-5,-11,-5,-11,-6,-11,-6,-11,-8,-11,-8,-10,-8,-10,-8,-10,-8,-10,-8,-10,-8,-10,-7,-10,-7,-11,-7,-11,-7,-11,-7,-11,-6,-12,-6,-12,-6,-13,-6,-14,-5,-14,-5,-14,-5,-14,-4]"
2025-08-18 22:38:52.582145,CSI_DATA,729,1a:00:00:00:00:00,-43,11,0,0,0,0,0,0,0,0,0,-94,0,1,0,126854041,0,31,0,128,0,"[0,0,-1,-14,-1,-13,-1,-14,-1,-13,-1,-13,-2,-13,-2,-12,-3,-12,-3,-12,-4,-11,-4,-11,-5,-11,-5,-11,-6,-12,-6,-11,-6,-12,-6,-12,-6,-12,-6,-13,-6,-13,-5,-13,-5,-13,-4,-13,-3,-13,-3,-13,-2,-13,0,0,0,0,0,0,0,0,0,0,0,0,0,0,0,0,0,0,0,0,0,0,-2,-10,-1,-11,-1,-11,0,-11,1,-12,1,-12,2,-12,2,-12,3,-12,3,-11,3,-12,3,-11,3,-11,3,-11,2,-11,2,-11,2,-12,1,-12,1,-12,0,-12,0,-13,0,-13,0,-13,-1,-14,-1,-14,-1,-14]"
2025-08-18 22:38:52.631324,CSI_DATA,730,1a:00:00:00:00:00,-42,11,0,0,0,0,0,0,0,0,0,-94,0,1,0,126914829,0,42,0,128,0,"[0,0,-5,-14,-5,-14,-5,-13,-6,-13,-6,-13,-6,-12,-6,-12,-7,-12,-7,-11,-8,-10,-8,-10,-8,-10,-9,-10,-9,-10,-10,-9,-10,-10,-10,-10,-10,-10,-11,-10,-10,-11,-10,-11,-9,-12,-9,-12,-8,-12,-8,-12,-7,-13,0,0,0,0,0,0,0,0,0,0,0,0,0,0,0,0,0,0,0,0,0,0,-5,-10,-4,-11,-4,-11,-3,-12,-3,-12,-2,-13,-2,-13,-1,-13,-1,-13,-1,-13,0,-13,0,-13,0,-13,-1,-13,-1,-13,-2,-12,-2,-12,-3,-12,-3,-13,-4,-13,-4,-13,-4,-13,-5,-13,-5,-14,-5,-14,-5,-14]"
2025-08-18 22:38:52.691203,CSI_DATA,731,1a:00:00:00:00:00,-43,11,0,0,0,0,0,0,0,0,0,-94,0,1,0,126982193,0,31,0,128,0,"[0,0,13,5,12,5,12,5,12,4,12,4,12,3,12,3,12,2,12,2,12,1,12,1,11,0,12,-1,12,-1,13,-1,13,-1,13,-1,13,-1,14,-1,14,-1,14,0,14,1,14,1,13,2,13,3,13,3,0,0,0,0,0,0,0,0,0,0,0,0,0,0,0,0,0,0,0,0,0,0,10,2,10,3,10,4,10,5,10,5,10,6,10,7,10,7,9,7,9,8,9,8,8,8,9,7,9,7,9,6,9,7,9,6,10,6,10,5,11,5,11,5,12,5,12,5,12,5,12,5,13,5]"
2025-08-18 22:38:52.887254,CSI_DATA,732,1a:00:00:00:00:00,-43,11,0,0,0,0,0,0,0,0,0,-94,0,1,0,127183289,0,31,0,128,0,"[0,0,12,7,12,6,11,6,12,5,11,5,11,5,11,4,11,4,11,3,11,2,11,2,11,1,11,1,12,1,12,0,12,0,13,0,13,1,13,1,13,2,13,2,13,3,13,3,12,4,12,4,12,5,0,0,0,0,0,0,0,0,0,0,0,0,0,0,0,0,0,0,0,0,0,0,9,3,9,4,9,5,9,5,9,6,9,7,9,7,8,8,8,8,8,8,8,8,8,8,8,8,8,8,8,7,8,7,8,7,9,6,9,6,10,7,10,6,10,6,11,6,11,6,12,6,12,6]"
2025-08-18 22:38:53.096870,CSI_DATA,733,1a:00:00:00:00:00,-43,11,0,0,0,0,0,0,0,0,0,-94,0,1,0,127386237,0,31,0,128,0,"[0,0,11,-9,10,-10,10,-9,10,-10,9,-10,9,-9,8,-10,8,-10,7,-10,7,-10,6,-11,5,-11,5,-11,5,-12,5,-12,5,-12,5,-13,6,-13,6,-13,6,-13,7,-13,7,-12,8,-12,8,-11,9,-11,9,-10,0,0,0,0,0,0,0,0,0,0,0,0,0,0,0,0,0,0,0,0,0,0,7,-8,7,-8,8,-8,9,-7,9,-7,10,-7,11,-6,11,-5,11,-5,11,-5,11,-5,11,-5,11,-5,10,-5,10,-5,10,-6,10,-6,10,-7,10,-7,10,-7,10,-8,10,-8,10,-9,10,-9,10,-9,11,-10]"
2025-08-18 22:38:53.293266,CSI_DATA,734,1a:00:00:00:00:00,-43,11,0,0,0,0,0,0,0,0,0,-94,0,1,0,127585726,0,31,0,128,0,"[0,0,14,2,13,1,13,1,13,1,13,0,12,0,12,0,12,-1,12,-1,12,-2,12,-2,11,-3,11,-3,12,-4,12,-4,12,-4,13,-4,13,-5,13,-4,14,-4,14,-3,14,-3,14,-2,14,-1,13,0,13,0,0,0,0,0,0,0,0,0,0,0,0,0,0,0,0,0,0,0,0,0,0,0,10,-1,10,0,11,1,11,2,11,2,11,3,11,3,11,4,11,4,11,5,11,5,10,5,10,5,10,4,10,4,10,4,11,3,11,3,12,3,12,2,12,2,12,2,13,1,13,2,13,2,14,1]"
2025-08-18 22:38:53.503360,CSI_DATA,735,1a:00:00:00:00:00,-42,11,0,0,0,0,0,0,0,0,0,-94,0,1,0,127786846,0,31,0,128,0,"[0,0,-6,-14,-6,-14,-6,-14,-6,-13,-6,-13,-6,-13,-6,-12,-7,-12,-7,-11,-8,-11,-8,-10,-9,-10,-9,-10,-10,-10,-10,-10,-10,-10,-10,-10,-11,-11,-11,-11,-10,-12,-10,-12,-9,-12,-9,-13,-8,-13,-7,-13,-7,-13,0,0,0,0,0,0,0,0,0,0,0,0,0,0,0,0,0,0,0,0,0,0,-6,-10,-5,-11,-5,-11,-4,-12,-4,-12,-3,-13,-2,-13,-2,-13,-1,-13,-1,-13,-1,-13,-1,-13,-1,-13,-2,-13,-2,-13,-2,-12,-3,-13,-3,-12,-4,-13,-4,-13,-4,-13,-5,-14,-6,-13,-6,-14,-6,-14,-6,-14]"
2025-08-18 22:38:53.699418,CSI_DATA,736,1a:00:00:00:00:00,-43,11,0,0,0,0,0,0,0,0,0,-94,0,1,0,127988010,0,31,0,128,0,"[0,0,-12,8,-11,8,-11,8,-11,8,-11,8,-10,8,-10,8,-9,9,-9,9,-7,9,-8,10,-7,10,-7,10,-7,11,-6,11,-7,12,-7,11,-7,12,-8,12,-8,12,-9,11,-9,11,-9,10,-10,10,-10,9,-11,9,0,0,0,0,0,0,0,0,0,0,0,0,0,0,0,0,0,0,0,0,0,0,-7,7,-8,7,-9,6,-10,6,-10,6,-11,6,-12,5,-12,5,-12,4,-12,4,-12,4,-12,4,-12,4,-12,4,-11,4,-11,5,-11,5,-11,5,-11,6,-11,6,-11,7,-11,7,-11,8,-11,8,-11,8,-12,9]"
2025-08-18 22:38:53.904879,CSI_DATA,737,1a:00:00:00:00:00,-42,11,0,0,0,0,0,0,0,0,0,-94,0,1,0,128189359,0,31,0,128,0,"[0,0,-13,-10,-12,-9,-12,-9,-12,-8,-12,-8,-12,-8,-12,-7,-12,-6,-12,-5,-12,-5,-12,-5,-12,-4,-14,-4,-13,-4,-13,-4,-14,-3,-15,-4,-14,-4,-15,-5,-16,-4,-14,-4,-15,-6,-13,-7,-13,-7,-13,-8,-12,-8,0,0,0,0,0,0,0,0,0,0,0,0,0,0,0,0,0,0,0,0,0,0,-10,-6,-10,-6,-10,-7,-9,-8,-9,-9,-9,-10,-9,-10,-9,-10,-8,-11,-8,-11,-8,-11,-8,-11,-8,-11,-8,-10,-8,-10,-8,-10,-9,-10,-9,-9,-10,-9,-10,-9,-10,-9,-11,-9,-12,-9,-12,-9,-12,-9,-12,-9]"
2025-08-18 22:38:54.105896,CSI_DATA,738,1a:00:00:00:00:00,-43,11,0,0,0,0,0,0,0,0,0,-94,0,1,0,128390464,0,31,0,128,0,"[0,0,13,-6,12,-6,12,-6,12,-6,12,-7,11,-7,11,-7,10,-7,10,-8,9,-8,9,-8,8,-9,8,-9,8,-10,8,-10,9,-11,8,-11,9,-11,9,-11,10,-11,10,-10,10,-10,11,-9,11,-8,11,-8,12,-7,0,0,0,0,0,0,0,0,0,0,0,0,0,0,0,0,0,0,0,0,0,0,8,-6,9,-6,10,-5,10,-5,11,-4,12,-4,12,-3,12,-3,12,-2,11,-2,12,-2,12,-2,12,-2,11,-2,11,-2,11,-3,11,-3,11,-4,12,-4,11,-5,12,-5,12,-5,12,-6,12,-6,12,-6,13,-6]"
2025-08-18 22:38:54.161764,CSI_DATA,739,1a:00:00:00:00:00,-43,11,0,0,0,0,0,0,0,0,0,-94,0,1,0,128451259,0,42,0,128,0,"[0,0,13,-5,13,-4,13,-4,12,-5,12,-5,12,-6,11,-6,11,-6,10,-6,10,-7,10,-7,9,-8,9,-8,9,-9,9,-9,10,-9,10,-9,10,-10,10,-10,11,-10,11,-9,11,-8,12,-8,12,-7,12,-6,12,-5,0,0,0,0,0,0,0,0,0,0,0,0,0,0,0,0,0,0,0,0,0,0,9,-5,10,-4,10,-4,11,-3,11,-3,11,-2,12,-2,12,-2,12,-1,12,0,12,0,12,0,12,0,11,0,11,-1,11,-1,11,-2,11,-2,12,-3,12,-3,12,-4,12,-4,13,-4,13,-4,13,-4,13,-4]"
2025-08-18 22:38:54.227014,CSI_DATA,740,1a:00:00:00:00:00,-43,11,0,0,0,0,0,0,0,0,0,-94,0,1,0,128517254,0,31,0,128,0,"[0,0,-4,14,-4,13,-4,13,-4,13,-3,13,-3,12,-3,12,-2,12,-2,12,-1,11,0,12,0,12,1,12,1,12,1,12,2,12,1,13,1,13,1,14,1,14,0,14,-1,14,-1,14,-2,13,-3,13,-3,13,0,0,0,0,0,0,0,0,0,0,0,0,0,0,0,0,0,0,0,0,0,0,-2,10,-2,10,-3,10,-4,10,-4,11,-5,11,-6,11,-6,10,-7,10,-7,10,-7,10,-7,10,-7,10,-7,10,-6,10,-6,10,-6,10,-5,10,-5,11,-5,11,-5,12,-5,12,-4,13,-4,13,-4,13,-4,13]"
2025-08-18 22:38:54.433237,CSI_DATA,741,1a:00:00:00:00:00,-43,11,0,0,0,0,0,0,0,0,0,-94,0,1,0,128718296,0,31,0,128,0,"[0,0,14,-2,13,-3,13,-3,13,-3,13,-3,12,-3,12,-4,11,-4,11,-5,11,-5,10,-6,10,-6,10,-6,10,-7,10,-7,11,-8,11,-8,11,-8,12,-8,12,-8,12,-7,12,-6,12,-6,13,-5,13,-5,13,-3,0,0,0,0,0,0,0,0,0,0,0,0,0,0,0,0,0,0,0,0,0,0,9,-4,10,-3,10,-2,11,-2,11,-1,12,-1,12,0,12,0,12,1,12,1,11,2,11,1,11,1,11,1,11,1,11,0,11,0,12,-1,12,-1,12,-1,12,-2,13,-2,13,-2,13,-2,13,-2,14,-3]"
2025-08-18 22:38:54.632758,CSI_DATA,742,1a:00:00:00:00:00,-43,11,0,0,0,0,0,0,0,0,0,-94,0,1,0,128919465,0,31,0,128,0,"[0,0,0,-15,-1,-15,0,-14,-1,-14,-1,-14,-1,-14,-2,-13,-2,-13,-3,-12,-4,-12,-4,-12,-5,-12,-5,-12,-5,-12,-6,-12,-6,-12,-6,-13,-6,-13,-6,-13,-6,-14,-5,-14,-5,-14,-4,-14,-4,-14,-3,-14,-2,-14,0,0,0,0,0,0,0,0,0,0,0,0,0,0,0,0,0,0,0,0,0,0,-2,-11,-1,-11,0,-12,1,-12,1,-12,2,-12,3,-13,3,-12,3,-13,4,-12,4,-12,4,-12,4,-12,3,-12,3,-12,2,-12,2,-12,1,-13,1,-13,1,-13,1,-13,0,-14,0,-14,0,-14,0,-14,0,-14]"
2025-08-18 22:38:54.825962,CSI_DATA,743,1a:00:00:00:00:00,-43,11,0,0,0,0,0,0,0,0,0,-94,0,1,0,129120596,0,31,0,128,0,"[0,0,6,13,6,12,6,12,6,12,7,12,6,11,7,11,7,10,7,9,8,9,8,8,9,8,9,8,9,8,10,8,10,8,11,8,11,8,11,9,11,9,10,10,10,10,9,10,9,11,8,11,7,11,0,0,0,0,0,0,0,0,0,0,0,0,0,0,0,0,0,0,0,0,0,0,6,8,5,9,5,10,4,11,4,11,3,11,3,12,2,12,2,12,2,12,1,12,1,12,2,12,2,11,2,12,2,11,3,11,3,11,4,12,4,12,5,12,5,12,6,12,6,13,6,12,7,12]"
2025-08-18 22:38:55.031000,CSI_DATA,744,1a:00:00:00:00:00,-43,11,0,0,0,0,0,0,0,0,0,-94,0,1,0,129321933,0,31,0,128,0,"[0,0,8,-12,8,-12,7,-12,7,-12,6,-12,6,-12,6,-12,5,-12,4,-12,4,-12,3,-12,3,-12,2,-13,2,-13,2,-13,2,-13,2,-14,2,-14,3,-15,3,-15,4,-14,4,-14,5,-14,5,-13,6,-13,6,-12,0,0,0,0,0,0,0,0,0,0,0,0,0,0,0,0,0,0,0,0,0,0,4,-10,5,-10,6,-10,6,-9,7,-10,8,-9,9,-9,9,-9,9,-8,9,-8,9,-8,9,-8,9,-8,9,-8,9,-8,8,-9,8,-9,8,-10,8,-10,8,-10,7,-10,8,-11,8,-12,8,-12,8,-12,8,-12]"
2025-08-18 22:38:55.233144,CSI_DATA,745,1a:00:00:00:00:00,-43,11,0,0,0,0,0,0,0,0,0,-94,0,1,0,129523158,0,31,0,128,0,"[0,0,7,-12,7,-13,7,-13,6,-12,6,-12,5,-12,5,-12,5,-12,4,-12,4,-13,2,-13,2,-13,2,-12,2,-12,1,-13,1,-14,2,-14,1,-15,3,-15,2,-15,2,-15,4,-15,4,-15,5,-13,5,-14,6,-13,0,0,0,0,0,0,0,0,0,0,0,0,0,0,0,0,0,0,0,0,0,0,4,-10,5,-10,6,-10,7,-10,7,-10,8,-9,8,-9,9,-9,9,-9,9,-8,9,-8,9,-8,9,-8,9,-8,8,-8,8,-9,8,-9,7,-10,7,-10,7,-10,7,-11,7,-11,7,-12,7,-12,7,-12,7,-12]"
2025-08-18 22:38:55.432020,CSI_DATA,746,1a:00:00:00:00:00,-42,11,0,0,0,0,0,0,0,0,0,-94,0,1,0,129724285,0,31,0,128,0,"[0,0,0,13,0,13,0,13,0,13,1,12,1,12,1,12,2,12,2,11,3,11,3,11,3,11,4,11,4,11,5,11,5,11,5,12,5,12,5,12,5,12,4,13,3,13,3,13,2,13,1,13,1,13,0,0,0,0,0,0,0,0,0,0,0,0,0,0,0,0,0,0,0,0,0,0,1,10,1,10,0,11,-1,11,-1,11,-2,11,-3,11,-3,11,-3,11,-4,11,-4,11,-4,11,-4,11,-4,11,-3,11,-3,11,-3,11,-2,11,-2,11,-1,12,-1,12,-1,12,-1,13,0,13,-1,13,0,13]"
2025-08-18 22:38:55.694906,CSI_DATA,747,1a:00:00:00:00:00,-42,11,0,0,0,0,0,0,0,0,0,-94,0,1,0,129925402,0,31,0,128,0,"[0,0,12,6,11,6,11,6,12,5,11,5,11,4,11,4,11,3,11,3,11,2,11,2,11,1,11,1,12,0,12,0,13,-1,13,0,13,0,13,0,13,0,13,1,13,1,13,2,13,3,12,3,12,4,0,0,0,0,0,0,0,0,0,0,0,0,0,0,0,0,0,0,0,0,0,0,9,4,9,4,9,5,9,6,9,6,9,7,9,8,8,8,8,8,7,9,7,9,7,9,7,8,7,8,8,8,8,7,8,7,9,7,9,7,10,7,10,6,11,6,11,6,11,6,11,6,11,6]"
2025-08-18 22:38:55.701112,CSI_DATA,748,1a:00:00:00:00:00,-43,11,0,0,0,0,0,0,0,0,0,-94,0,1,0,129986207,0,42,0,128,0,"[0,0,-9,12,-8,11,-8,12,-7,11,-8,11,-7,11,-6,11,-5,11,-5,11,-4,11,-4,11,-4,11,-3,12,-3,12,-2,12,-2,13,-3,13,-3,13,-3,14,-3,13,-4,13,-5,13,-5,13,-6,12,-6,12,-7,12,0,0,0,0,0,0,0,0,0,0,0,0,0,0,0,0,0,0,0,0,0,0,-5,9,-6,9,-6,8,-8,9,-8,8,-9,9,-9,8,-10,8,-10,8,-10,7,-10,7,-10,7,-10,7,-10,7,-10,8,-9,7,-9,8,-8,8,-9,9,-8,9,-8,10,-8,10,-8,10,-8,11,-9,11,-8,11]"
2025-08-18 22:38:55.765400,CSI_DATA,749,1a:00:00:00:00:00,-43,11,0,0,0,0,0,0,0,0,0,-94,0,1,0,130055319,0,31,0,128,0,"[0,0,10,-9,10,-9,10,-9,10,-9,9,-9,9,-9,8,-9,8,-10,7,-10,7,-10,6,-10,6,-11,6,-11,5,-11,5,-12,5,-12,5,-12,6,-12,6,-13,7,-13,7,-12,7,-12,8,-12,8,-11,9,-10,9,-10,0,0,0,0,0,0,0,0,0,0,0,0,0,0,0,0,0,0,0,0,0,0,7,-8,7,-7,8,-7,9,-6,9,-6,10,-6,11,-6,11,-5,11,-5,11,-4,11,-4,11,-4,11,-4,10,-4,10,-5,10,-5,10,-5,10,-6,10,-7,10,-7,10,-7,10,-8,10,-8,10,-9,11,-9,11,-9]"
2025-08-18 22:38:55.974744,CSI_DATA,750,1a:00:00:00:00:00,-43,11,0,0,0,0,0,0,0,0,0,-94,0,1,0,130256497,0,31,0,128,0,"[0,0,3,-14,3,-14,3,-14,2,-14,2,-13,2,-13,1,-13,1,-13,0,-13,-1,-13,-1,-12,-2,-13,-2,-13,-3,-13,-3,-13,-3,-13,-4,-14,-3,-14,-3,-14,-3,-15,-2,-15,-2,-15,-1,-15,0,-14,1,-14,1,-14,0,0,0,0,0,0,0,0,0,0,0,0,0,0,0,0,0,0,0,0,0,0,2,-11,2,-11,3,-11,4,-11,5,-11,5,-11,6,-11,6,-11,7,-11,7,-11,7,-10,7,-10,7,-10,6,-10,6,-10,5,-11,5,-11,5,-12,4,-12,4,-12,4,-12,4,-13,4,-13,3,-14,4,-14,3,-14]"
2025-08-18 22:38:56.165908,CSI_DATA,751,1a:00:00:00:00:00,-43,11,0,0,0,0,0,0,0,0,0,-94,0,1,0,130458039,0,31,0,128,0,"[0,0,14,0,13,0,13,0,13,0,13,0,12,0,12,-1,12,-2,12,-2,11,-3,12,-3,11,-4,11,-4,11,-5,11,-5,12,-5,12,-5,13,-5,13,-5,13,-5,13,-4,13,-3,13,-3,13,-2,13,-2,13,-1,0,0,0,0,0,0,0,0,0,0,0,0,0,0,0,0,0,0,0,0,0,0,10,-2,10,-1,11,0,11,1,11,1,11,2,11,3,11,3,11,3,11,4,11,4,11,4,11,4,11,3,11,3,11,3,11,2,11,2,12,1,12,1,12,1,13,1,13,1,13,0,13,0,14,0]"
2025-08-18 22:38:56.370800,CSI_DATA,752,1a:00:00:00:00:00,-42,11,0,0,0,0,0,0,0,0,0,-94,0,1,0,130658837,0,31,0,128,0,"[0,0,-15,1,-14,1,-14,1,-13,1,-14,2,-13,2,-12,2,-12,2,-12,3,-11,4,-11,4,-11,5,-11,5,-11,6,-11,6,-12,6,-12,6,-13,7,-13,6,-13,6,-13,5,-13,5,-13,4,-13,4,-13,3,-14,2,0,0,0,0,0,0,0,0,0,0,0,0,0,0,0,0,0,0,0,0,0,0,-10,2,-11,1,-11,1,-12,0,-12,0,-13,-1,-13,-2,-12,-2,-12,-2,-12,-3,-12,-3,-12,-3,-12,-3,-12,-3,-12,-2,-11,-2,-12,-1,-12,-1,-13,-1,-13,0,-13,0,-13,0,-13,1,-14,1,-14,1,-14,1]"
2025-08-18 22:38:56.571939,CSI_DATA,753,1a:00:00:00:00:00,-43,11,0,0,0,0,0,0,0,0,0,-94,0,1,0,130860001,0,31,0,128,0,"[0,0,-15,2,-14,2,-14,2,-14,2,-14,2,-13,3,-13,3,-12,4,-12,4,-11,5,-11,5,-11,6,-11,6,-11,7,-11,7,-11,7,-11,8,-12,8,-12,8,-12,8,-13,7,-13,6,-13,6,-13,5,-13,4,-14,3,0,0,0,0,0,0,0,0,0,0,0,0,0,0,0,0,0,0,0,0,0,0,-11,2,-11,1,-11,1,-12,0,-12,-1,-13,-1,-13,-2,-13,-2,-13,-2,-12,-3,-13,-3,-12,-3,-12,-3,-12,-2,-12,-2,-12,-2,-12,-1,-12,0,-13,0,-13,1,-13,1,-14,1,-14,1,-14,2,-14,1,-15,2]"
2025-08-18 22:38:56.770711,CSI_DATA,754,1a:00:00:00:00:00,-43,11,0,0,0,0,0,0,0,0,0,-94,0,1,0,131061155,0,31,0,128,0,"[0,0,8,-12,7,-12,7,-12,7,-11,7,-12,6,-11,6,-11,5,-11,5,-11,4,-12,4,-12,3,-12,3,-12,2,-13,2,-13,2,-13,2,-13,2,-14,3,-14,3,-14,4,-14,4,-14,5,-13,5,-13,6,-12,6,-12,0,0,0,0,0,0,0,0,0,0,0,0,0,0,0,0,0,0,0,0,0,0,4,-10,5,-9,6,-9,6,-9,7,-9,8,-9,8,-9,9,-9,9,-8,9,-8,9,-8,9,-8,9,-8,9,-8,8,-8,8,-8,8,-9,7,-9,8,-9,8,-10,7,-10,8,-11,7,-11,7,-12,7,-12,8,-12]"
2025-08-18 22:38:56.966098,CSI_DATA,755,1a:00:00:00:00:00,-43,11,0,0,0,0,0,0,0,0,0,-94,0,1,0,131262301,0,31,0,128,0,"[0,0,8,10,8,10,8,10,8,9,8,9,8,9,8,8,9,8,9,7,9,6,9,6,10,6,10,6,10,5,11,5,11,5,11,5,11,5,12,6,12,6,11,7,11,8,11,8,10,8,9,8,9,9,0,0,0,0,0,0,0,0,0,0,0,0,0,0,0,0,0,0,0,0,0,0,7,6,7,7,7,8,6,8,6,9,6,10,5,10,5,10,5,11,4,11,4,11,4,10,4,10,4,10,4,10,5,10,5,10,6,10,6,10,7,10,7,10,7,10,8,10,8,10,8,10,9,10]"
2025-08-18 22:38:57.172838,CSI_DATA,756,1a:00:00:00:00:00,-43,11,0,0,0,0,0,0,0,0,0,-94,0,1,0,131463637,0,31,0,128,0,"[0,0,-7,12,-7,12,-7,12,-6,12,-6,12,-6,11,-5,11,-5,12,-4,11,-3,11,-3,11,-2,12,-2,12,-2,12,-1,12,-1,13,-1,13,-1,14,-2,14,-2,14,-3,14,-3,13,-4,13,-5,13,-5,12,-6,12,0,0,0,0,0,0,0,0,0,0,0,0,0,0,0,0,0,0,0,0,0,0,-4,9,-5,10,-6,9,-7,9,-7,9,-8,9,-9,9,-9,9,-9,8,-9,8,-9,8,-9,8,-9,8,-9,8,-9,8,-8,8,-8,9,-7,9,-8,10,-7,10,-7,11,-7,11,-7,11,-7,12,-7,12,-7,12]"
2025-08-18 22:38:57.239833,CSI_DATA,757,1a:00:00:00:00:00,-43,11,0,0,0,0,0,0,0,0,0,-94,0,1,0,131524675,0,42,0,128,0,"[0,0,-2,-15,-2,-15,-2,-14,-3,-14,-3,-14,-3,-13,-4,-13,-4,-13,-5,-12,-5,-12,-5,-12,-6,-12,-6,-12,-7,-12,-8,-11,-8,-12,-8,-12,-8,-12,-8,-13,-8,-13,-7,-13,-6,-14,-6,-14,-5,-14,-4,-14,-3,-14,0,0,0,0,0,0,0,0,0,0,0,0,0,0,0,0,0,0,0,0,0,0,-3,-11,-2,-11,-2,-12,-1,-12,0,-12,0,-13,1,-13,1,-13,1,-13,2,-13,3,-13,3,-13,2,-12,2,-12,2,-12,1,-13,1,-13,0,-13,0,-13,-1,-13,-1,-14,-1,-14,-2,-14,-2,-14,-2,-15,-2,-15]"
2025-08-18 22:38:57.299965,CSI_DATA,758,1a:00:00:00:00:00,-43,11,0,0,0,0,0,0,0,0,0,-94,0,1,0,131589261,0,31,0,128,0,"[0,0,6,-13,6,-13,6,-13,6,-12,5,-13,5,-12,4,-12,4,-12,3,-12,3,-12,2,-13,2,-13,1,-13,1,-13,1,-13,1,-14,1,-14,1,-15,1,-15,2,-14,2,-15,3,-14,3,-14,4,-14,5,-13,5,-13,0,0,0,0,0,0,0,0,0,0,0,0,0,0,0,0,0,0,0,0,0,0,3,-10,4,-11,5,-10,5,-10,6,-10,7,-11,7,-10,7,-10,8,-10,8,-9,8,-9,8,-9,8,-9,8,-9,8,-9,7,-9,7,-10,6,-10,7,-11,6,-11,6,-11,6,-12,6,-12,6,-13,6,-13,6,-13]"
2025-08-18 22:38:57.502428,CSI_DATA,759,1a:00:00:00:00:00,-43,11,0,0,0,0,0,0,0,0,0,-94,0,1,0,131792724,0,31,0,128,0,"[0,0,-9,11,-9,11,-8,10,-8,11,-8,10,-7,10,-7,11,-5,10,-6,10,-5,11,-4,11,-4,10,-3,11,-4,11,-3,11,-2,12,-4,12,-2,13,-4,13,-3,13,-4,13,-5,13,-5,13,-6,12,-6,11,-7,11,0,0,0,0,0,0,0,0,0,0,0,0,0,0,0,0,0,0,0,0,0,0,-6,8,-6,8,-7,8,-8,8,-8,8,-9,8,-10,7,-10,7,-10,7,-11,6,-11,6,-10,6,-10,6,-10,6,-9,6,-9,7,-9,7,-9,8,-9,8,-9,8,-9,9,-9,9,-9,10,-8,11,-8,10,-8,10]"
2025-08-18 22:38:57.717776,CSI_DATA,760,1a:00:00:00:00:00,-43,11,0,0,0,0,0,0,0,0,0,-94,0,1,0,131991476,0,31,0,128,0,"[0,0,12,-6,12,-6,12,-6,12,-6,11,-6,11,-6,10,-6,10,-7,9,-7,9,-8,9,-8,9,-8,8,-9,8,-9,8,-10,8,-10,8,-10,9,-10,9,-10,10,-10,10,-10,10,-9,11,-9,11,-8,11,-7,11,-6,0,0,0,0,0,0,0,0,0,0,0,0,0,0,0,0,0,0,0,0,0,0,8,-6,9,-5,9,-5,10,-4,10,-4,11,-3,11,-3,12,-2,12,-2,11,-1,11,-1,11,-1,11,-1,11,-1,11,-2,11,-2,11,-3,11,-3,11,-4,11,-4,11,-4,12,-5,12,-5,12,-5,12,-5,12,-6]"
2025-08-18 22:38:57.897842,CSI_DATA,761,1a:00:00:00:00:00,-43,11,0,0,0,0,0,0,0,0,0,-94,0,1,0,132192621,0,31,0,128,0,"[0,0,7,12,7,11,7,11,7,11,7,11,7,10,7,10,8,9,8,8,8,7,9,8,9,7,9,7,10,7,10,6,11,7,11,7,11,7,11,7,11,8,11,8,10,9,10,9,9,10,9,10,8,10,0,0,0,0,0,0,0,0,0,0,0,0,0,0,0,0,0,0,0,0,0,0,6,8,5,9,5,9,4,10,4,10,4,11,3,11,3,11,2,12,2,11,2,12,2,11,2,11,2,11,2,11,3,11,3,11,4,11,4,11,5,11,5,11,6,11,6,11,6,12,7,12,7,11]"
2025-08-18 22:38:58.107449,CSI_DATA,762,1a:00:00:00:00:00,-43,11,0,0,0,0,0,0,0,0,0,-94,0,1,0,132393796,0,31,0,128,0,"[0,0,-15,-2,-15,-2,-14,-2,-14,-2,-14,-1,-13,-1,-13,-1,-13,0,-13,1,-13,1,-13,2,-12,2,-13,3,-12,3,-13,4,-13,4,-13,3,-14,4,-14,4,-15,3,-15,2,-15,2,-14,1,-14,1,-14,0,-14,-1,0,0,0,0,0,0,0,0,0,0,0,0,0,0,0,0,0,0,0,0,0,0,-11,0,-11,-1,-12,-2,-12,-2,-12,-3,-12,-3,-12,-4,-12,-4,-12,-5,-12,-6,-12,-6,-11,-5,-11,-5,-11,-5,-11,-5,-12,-4,-12,-4,-12,-4,-13,-3,-13,-3,-13,-3,-14,-3,-14,-2,-15,-2,-14,-2,-15,-2]"
2025-08-18 22:38:58.304549,CSI_DATA,763,1a:00:00:00:00:00,-43,11,0,0,0,0,0,0,0,0,0,-94,0,1,0,132595160,0,31,0,128,0,"[0,0,12,-5,12,-5,12,-5,11,-5,11,-6,11,-6,11,-5,10,-6,10,-6,10,-8,9,-8,9,-8,9,-8,8,-9,9,-9,9,-9,9,-9,10,-10,11,-9,10,-9,11,-9,12,-9,11,-8,11,-7,11,-7,11,-7,0,0,0,0,0,0,0,0,0,0,0,0,0,0,0,0,0,0,0,0,0,0,8,-6,9,-5,10,-5,10,-4,11,-4,11,-4,11,-2,11,-2,12,-2,12,-2,11,-2,11,-1,11,-2,11,-2,11,-2,11,-2,11,-3,11,-3,11,-3,11,-4,12,-4,12,-4,12,-5,12,-5,12,-5,12,-5]"
2025-08-18 22:38:58.508644,CSI_DATA,764,1a:00:00:00:00:00,-43,11,0,0,0,0,0,0,0,0,0,-94,0,1,0,132796278,0,31,0,128,0,"[0,0,1,-14,1,-14,1,-14,1,-13,1,-14,0,-13,-1,-13,-1,-13,-2,-12,-2,-12,-2,-12,-3,-12,-3,-12,-4,-12,-4,-12,-5,-13,-5,-13,-5,-13,-5,-14,-5,-13,-4,-14,-3,-14,-3,-14,-2,-14,-1,-14,0,-14,0,0,0,0,0,0,0,0,0,0,0,0,0,0,0,0,0,0,0,0,0,0,0,-10,1,-11,2,-11,2,-11,3,-11,4,-12,4,-12,4,-12,5,-11,5,-11,5,-11,5,-11,5,-11,5,-11,4,-11,4,-11,4,-11,3,-12,3,-12,2,-12,2,-13,2,-13,2,-14,2,-14,2,-14,2,-14]"
2025-08-18 22:38:58.707891,CSI_DATA,765,1a:00:00:00:00:00,-43,11,0,0,0,0,0,0,0,0,0,-94,0,1,0,132997405,0,31,0,128,0,"[0,0,-13,6,-13,6,-13,6,-12,6,-12,7,-12,6,-11,6,-11,7,-10,7,-10,8,-9,8,-9,9,-8,9,-8,9,-8,10,-8,10,-9,10,-9,11,-10,11,-10,10,-10,10,-11,10,-11,9,-11,9,-11,8,-12,7,0,0,0,0,0,0,0,0,0,0,0,0,0,0,0,0,0,0,0,0,0,0,-9,5,-10,5,-11,4,-11,4,-12,4,-12,3,-13,2,-13,2,-13,1,-13,1,-13,1,-12,1,-12,2,-12,2,-12,2,-12,2,-12,3,-12,3,-12,4,-12,4,-12,5,-12,5,-13,6,-13,6,-13,6,-13,6]"
2025-08-18 22:38:58.766208,CSI_DATA,766,1a:00:00:00:00:00,-42,11,0,0,0,0,0,0,0,0,0,-94,0,1,0,133058175,0,42,0,128,0,"[0,0,0,14,0,13,0,13,0,13,1,13,1,12,1,12,2,12,2,11,2,11,3,11,3,11,4,11,5,11,5,11,5,11,5,11,5,12,5,12,4,12,4,13,4,13,3,13,2,13,1,13,1,13,0,0,0,0,0,0,0,0,0,0,0,0,0,0,0,0,0,0,0,0,0,0,1,10,1,10,0,10,-1,11,-1,11,-2,11,-3,11,-3,11,-4,11,-4,11,-4,11,-4,11,-4,11,-4,11,-3,11,-3,11,-3,11,-2,11,-2,12,-1,12,-1,12,-1,13,-1,13,0,13,-1,13,0,13]"
2025-08-18 22:38:58.836294,CSI_DATA,767,1a:00:00:00:00:00,-43,11,0,0,0,0,0,0,0,0,0,-94,0,1,0,133125946,0,31,0,128,0,"[0,0,11,-8,11,-8,10,-8,10,-8,10,-9,9,-9,9,-9,8,-9,8,-9,7,-9,7,-10,6,-10,6,-10,6,-11,6,-11,6,-12,6,-12,7,-12,7,-12,7,-12,8,-12,8,-11,9,-11,9,-10,9,-10,10,-9,0,0,0,0,0,0,0,0,0,0,0,0,0,0,0,0,0,0,0,0,0,0,7,-7,8,-7,8,-7,9,-7,9,-6,10,-6,10,-5,11,-5,11,-5,11,-4,11,-4,11,-4,11,-4,11,-4,10,-4,10,-5,10,-5,10,-6,10,-6,10,-7,10,-7,10,-7,10,-8,11,-8,11,-8,11,-8]"
2025-08-18 22:38:59.033175,CSI_DATA,768,1a:00:00:00:00:00,-43,11,0,0,0,0,0,0,0,0,0,-94,0,1,0,133327006,0,31,0,128,0,"[0,0,9,10,9,9,9,9,9,9,9,8,9,8,9,7,9,7,9,6,10,5,10,5,10,5,10,5,11,4,11,4,11,4,12,4,12,4,12,5,12,5,12,6,11,7,11,7,11,7,10,8,9,8,0,0,0,0,0,0,0,0,0,0,0,0,0,0,0,0,0,0,0,0,0,0,8,5,7,6,7,7,7,8,7,8,7,9,6,10,6,10,6,10,5,9,5,10,5,10,5,10,5,9,5,9,5,9,6,9,6,9,7,9,7,9,8,9,8,9,9,9,9,9,9,9,9,9]"
2025-08-18 22:38:59.253125,CSI_DATA,769,1a:00:00:00:00:00,-43,11,0,0,0,0,0,0,0,0,0,-94,0,1,0,133528236,0,31,0,128,0,"[0,0,-15,3,-14,3,-14,3,-13,3,-13,4,-13,4,-12,4,-12,5,-12,5,-11,5,-11,6,-10,6,-11,7,-10,7,-10,8,-10,8,-11,8,-11,8,-12,8,-12,8,-12,8,-12,7,-13,7,-13,6,-13,5,-13,4,0,0,0,0,0,0,0,0,0,0,0,0,0,0,0,0,0,0,0,0,0,0,-10,3,-11,2,-11,2,-12,1,-12,1,-13,0,-13,-1,-13,-1,-13,-1,-13,-2,-13,-2,-13,-2,-12,-2,-12,-1,-12,-1,-12,-1,-12,0,-13,1,-13,1,-13,1,-13,2,-13,2,-14,3,-14,3,-14,3,-14,3]"
2025-08-18 22:38:59.434175,CSI_DATA,770,1a:00:00:00:00:00,-42,11,0,0,0,0,0,0,0,0,0,-94,0,1,0,133729531,0,31,0,128,0,"[0,0,11,9,10,9,10,8,10,8,10,8,10,7,10,7,10,6,10,5,11,5,11,4,11,4,11,4,11,3,12,3,12,3,13,3,13,3,13,3,13,4,13,4,13,5,12,6,12,6,11,7,11,7,0,0,0,0,0,0,0,0,0,0,0,0,0,0,0,0,0,0,0,0,0,0,8,6,8,6,8,7,7,8,7,8,7,9,7,10,7,10,6,10,6,10,5,10,5,10,5,10,6,10,6,9,6,9,7,9,7,9,8,9,8,9,9,9,9,9,10,9,10,9,10,9,10,9]"
2025-08-18 22:38:59.645936,CSI_DATA,771,1a:00:00:00:00:00,-42,11,0,0,0,0,0,0,0,0,0,-94,0,1,0,133930695,0,31,0,128,0,"[0,0,-4,-14,-4,-14,-4,-14,-4,-13,-4,-13,-5,-12,-5,-12,-5,-12,-6,-11,-6,-11,-7,-10,-8,-10,-8,-10,-8,-10,-9,-10,-9,-10,-9,-10,-9,-11,-9,-11,-9,-12,-9,-12,-8,-12,-7,-12,-7,-13,-6,-12,-5,-13,0,0,0,0,0,0,0,0,0,0,0,0,0,0,0,0,0,0,0,0,0,0,-4,-10,-3,-11,-3,-11,-2,-12,-2,-12,-1,-12,-1,-13,0,-13,0,-12,0,-12,0,-12,1,-12,0,-12,0,-12,0,-12,0,-12,-1,-12,-2,-12,-2,-13,-2,-13,-3,-13,-3,-13,-4,-13,-4,-14,-4,-14,-4,-14]"
2025-08-18 22:38:59.844185,CSI_DATA,772,1a:00:00:00:00:00,-43,11,0,0,0,0,0,0,0,0,0,-94,0,1,0,134131757,0,31,0,128,0,"[0,0,-15,2,-14,2,-14,2,-14,2,-14,2,-13,3,-13,3,-12,4,-12,4,-12,4,-12,5,-11,5,-11,6,-11,6,-11,7,-12,7,-12,7,-12,8,-13,7,-13,7,-13,6,-13,6,-13,5,-14,4,-14,4,-14,3,0,0,0,0,0,0,0,0,0,0,0,0,0,0,0,0,0,0,0,0,0,0,-10,2,-11,2,-11,1,-12,1,-12,0,-13,-1,-13,-1,-13,-1,-13,-2,-13,-3,-13,-2,-12,-3,-12,-3,-12,-2,-12,-2,-12,-1,-12,-1,-12,0,-13,0,-13,0,-13,1,-13,1,-14,2,-14,2,-14,2,-14,2]"
2025-08-18 22:39:00.049053,CSI_DATA,773,1a:00:00:00:00:00,-42,11,0,0,0,0,0,0,0,0,0,-94,0,1,0,134333108,0,31,0,128,0,"[0,0,-12,-9,-13,-8,-13,-6,-12,-7,-12,-8,-12,-7,-12,-7,-12,-6,-12,-5,-12,-4,-12,-4,-12,-3,-14,-3,-13,-3,-14,-3,-14,-3,-14,-3,-15,-3,-16,-5,-16,-4,-14,-4,-16,-5,-14,-6,-14,-6,-13,-8,-12,-6,0,0,0,0,0,0,0,0,0,0,0,0,0,0,0,0,0,0,0,0,0,0,-10,-5,-10,-6,-10,-7,-10,-8,-9,-8,-10,-9,-9,-10,-9,-10,-8,-10,-8,-11,-8,-11,-8,-10,-8,-10,-8,-10,-8,-10,-9,-9,-9,-9,-9,-9,-10,-9,-10,-9,-11,-9,-11,-9,-12,-8,-14,-9,-12,-9,-13,-8]"
2025-08-18 22:39:00.241351,CSI_DATA,774,1a:00:00:00:00:00,-42,11,0,0,0,0,0,0,0,0,0,-94,0,1,0,134534138,0,31,0,128,0,"[0,0,14,3,13,3,13,3,13,2,13,2,12,2,12,1,12,1,12,0,12,-1,12,-1,12,-1,12,-2,12,-2,12,-3,13,-3,13,-3,14,-3,14,-3,14,-2,14,-1,14,-1,14,0,13,1,13,2,13,2,0,0,0,0,0,0,0,0,0,0,0,0,0,0,0,0,0,0,0,0,0,0,10,0,10,1,10,2,11,2,11,3,11,4,11,4,11,5,11,5,10,6,10,6,10,6,10,6,10,5,10,5,10,5,10,4,11,4,11,4,12,3,12,3,12,3,13,3,13,3,13,3,13,3]"
2025-08-18 22:39:00.310246,CSI_DATA,775,1a:00:00:00:00:00,-42,11,0,0,0,0,0,0,0,0,0,-94,0,1,0,134594894,0,42,0,128,0,"[0,0,-14,-5,-14,-5,-14,-5,-13,-4,-14,-4,-13,-4,-13,-3,-13,-3,-13,-2,-13,-1,-13,-1,-13,0,-13,0,-13,1,-13,1,-14,1,-14,1,-15,1,-15,0,-15,0,-15,0,-15,-1,-14,-2,-14,-2,-14,-3,-14,-4,0,0,0,0,0,0,0,0,0,0,0,0,0,0,0,0,0,0,0,0,0,0,-11,-2,-11,-3,-11,-4,-11,-5,-11,-6,-11,-6,-11,-7,-11,-7,-11,-8,-10,-8,-10,-8,-10,-8,-10,-8,-10,-7,-10,-7,-10,-7,-11,-6,-11,-6,-12,-6,-12,-6,-12,-6,-13,-5,-13,-5,-14,-5,-14,-5,-14,-5]"
2025-08-18 22:39:00.366281,CSI_DATA,776,1a:00:00:00:00:00,-43,11,0,0,0,0,0,0,0,0,0,-94,0,1,0,134661865,0,31,0,128,0,"[0,0,7,12,7,11,7,11,7,11,7,11,7,10,7,10,8,9,8,9,8,8,9,8,9,7,9,7,10,7,10,7,11,7,11,7,11,7,11,8,11,8,11,8,10,9,10,9,9,10,8,10,8,10,0,0,0,0,0,0,0,0,0,0,0,0,0,0,0,0,0,0,0,0,0,0,6,8,5,8,5,9,4,10,4,11,4,11,3,11,3,11,3,12,2,12,2,12,2,11,2,11,2,11,3,11,3,11,3,11,4,11,4,11,5,11,5,11,6,11,6,11,6,12,7,12,7,12]"
2025-08-18 22:39:00.572697,CSI_DATA,777,1a:00:00:00:00:00,-42,11,0,0,0,0,0,0,0,0,0,-94,0,1,0,134863079,0,31,0,128,0,"[0,0,14,-1,14,-2,13,-2,14,-2,13,-2,12,-2,12,-3,12,-3,11,-4,11,-4,11,-5,11,-5,11,-5,10,-6,11,-7,11,-7,12,-7,12,-7,12,-7,12,-7,13,-6,13,-5,13,-5,13,-4,13,-3,13,-2,0,0,0,0,0,0,0,0,0,0,0,0,0,0,0,0,0,0,0,0,0,0,10,-3,10,-3,11,-2,11,-1,12,-1,12,0,12,1,12,1,12,2,12,2,12,3,11,3,11,2,11,2,11,2,11,1,11,1,12,0,12,0,12,-1,12,-1,13,-1,13,-1,13,-1,13,-1,14,-1]"
2025-08-18 22:39:00.774727,CSI_DATA,778,1a:00:00:00:00:00,-43,11,0,0,0,0,0,0,0,0,0,-94,0,1,0,135065819,0,31,0,128,0,"[0,0,12,8,11,7,11,7,11,7,11,6,11,6,10,6,11,5,11,4,11,3,11,3,11,2,12,2,12,2,12,2,13,1,13,2,14,2,14,2,14,3,13,3,13,4,13,4,12,5,12,5,12,6,0,0,0,0,0,0,0,0,0,0,0,0,0,0,0,0,0,0,0,0,0,0,9,4,9,5,9,6,9,7,9,7,8,8,8,8,8,9,7,9,7,9,7,9,7,9,7,9,7,9,7,9,7,8,8,8,8,8,9,8,9,8,10,8,10,7,11,7,11,7,11,8,12,7]"
2025-08-18 22:39:00.975469,CSI_DATA,779,1a:00:00:00:00:00,-43,11,0,0,0,0,0,0,0,0,0,-94,0,1,0,135265362,0,31,0,128,0,"[0,0,5,-13,5,-13,4,-12,4,-13,4,-13,4,-12,3,-12,3,-12,2,-12,1,-12,1,-12,0,-12,0,-13,-1,-13,-1,-13,-1,-13,-1,-14,-1,-14,-1,-14,0,-14,1,-14,1,-14,2,-14,2,-14,3,-13,4,-13,0,0,0,0,0,0,0,0,0,0,0,0,0,0,0,0,0,0,0,0,0,0,2,-10,3,-10,4,-10,5,-10,5,-10,6,-11,7,-10,7,-10,7,-10,8,-9,7,-9,7,-9,7,-9,7,-9,7,-9,7,-9,6,-10,6,-10,6,-11,5,-11,5,-11,5,-12,5,-12,5,-13,5,-13,5,-13]"
2025-08-18 22:39:01.176426,CSI_DATA,780,1a:00:00:00:00:00,-42,11,0,0,0,0,0,0,0,0,0,-94,0,1,0,135467100,0,31,0,128,0,"[0,0,-8,11,-8,11,-8,11,-7,11,-7,11,-6,11,-6,11,-5,11,-5,11,-4,11,-3,11,-3,11,-2,12,-2,12,-2,12,-2,12,-2,13,-2,13,-2,13,-3,13,-3,13,-4,13,-4,13,-5,13,-5,12,-6,12,0,0,0,0,0,0,0,0,0,0,0,0,0,0,0,0,0,0,0,0,0,0,-5,8,-6,9,-7,8,-8,9,-8,8,-9,8,-9,8,-9,8,-10,8,-10,7,-10,7,-10,7,-10,7,-9,7,-9,7,-9,7,-9,8,-8,8,-8,9,-8,9,-8,9,-8,10,-8,10,-8,11,-8,11,-8,11]"
2025-08-18 22:39:01.383359,CSI_DATA,781,1a:00:00:00:00:00,-42,11,0,0,0,0,0,0,0,0,0,-94,0,1,0,135667749,0,31,0,128,0,"[0,0,-11,-10,-10,-10,-10,-10,-10,-9,-11,-9,-10,-9,-10,-8,-10,-7,-10,-7,-11,-6,-11,-6,-11,-5,-12,-5,-12,-4,-12,-4,-13,-4,-13,-5,-14,-5,-14,-5,-13,-6,-13,-6,-13,-7,-12,-7,-12,-7,-12,-8,-11,-9,0,0,0,0,0,0,0,0,0,0,0,0,0,0,0,0,0,0,0,0,0,0,-9,-6,-9,-7,-8,-8,-8,-9,-8,-9,-8,-10,-7,-11,-7,-11,-6,-11,-6,-11,-6,-11,-6,-11,-6,-11,-6,-11,-6,-11,-7,-10,-7,-10,-8,-10,-8,-10,-9,-10,-9,-10,-9,-10,-10,-10,-11,-10,-10,-10,-11,-10]"
2025-08-18 22:39:01.576393,CSI_DATA,782,1a:00:00:00:00:00,-43,11,0,0,0,0,0,0,0,0,0,-94,0,1,0,135868886,0,31,0,128,0,"[0,0,1,14,0,14,0,13,1,13,1,12,1,12,2,12,2,12,3,11,4,11,4,11,5,11,5,11,5,10,6,11,6,11,6,12,6,11,6,12,6,12,5,13,4,13,4,14,3,13,3,13,2,13,0,0,0,0,0,0,0,0,0,0,0,0,0,0,0,0,0,0,0,0,0,0,2,10,1,10,1,11,0,11,-1,12,-1,11,-2,12,-3,12,-3,12,-4,12,-3,12,-3,11,-3,11,-3,11,-3,11,-2,11,-2,11,-1,12,-1,12,-1,12,-1,12,0,13,1,14,1,14,1,14,1,13]"
2025-08-18 22:39:01.786715,CSI_DATA,783,1a:00:00:00:00:00,-42,11,0,0,0,0,0,0,0,0,0,-94,0,1,0,136070209,0,31,0,128,0,"[0,0,-7,-13,-7,-13,-7,-13,-7,-12,-7,-12,-7,-12,-7,-11,-8,-11,-8,-10,-9,-9,-9,-9,-10,-9,-10,-8,-11,-8,-11,-8,-11,-8,-12,-9,-12,-9,-12,-9,-12,-9,-11,-10,-11,-10,-10,-11,-10,-11,-9,-11,-8,-12,0,0,0,0,0,0,0,0,0,0,0,0,0,0,0,0,0,0,0,0,0,0,-6,-9,-5,-10,-5,-11,-5,-11,-4,-12,-4,-12,-3,-13,-3,-13,-2,-13,-2,-13,-2,-13,-2,-13,-2,-13,-2,-12,-2,-12,-3,-12,-4,-12,-4,-12,-4,-12,-5,-12,-5,-13,-5,-13,-6,-13,-7,-13,-6,-13,-7,-13]"
2025-08-18 22:39:01.834913,CSI_DATA,784,1a:00:00:00:00:00,-42,11,0,0,0,0,0,0,0,0,0,-94,0,1,0,136130960,0,42,0,128,0,"[0,0,11,8,11,8,10,8,11,7,11,7,10,7,10,6,10,6,10,5,11,4,11,4,11,3,11,3,12,3,12,2,12,3,13,3,13,3,13,3,13,4,13,4,13,5,12,6,12,6,11,6,11,7,0,0,0,0,0,0,0,0,0,0,0,0,0,0,0,0,0,0,0,0,0,0,9,4,9,5,9,6,8,7,8,7,8,8,8,9,8,9,7,10,7,9,7,9,7,9,7,9,7,9,7,9,7,8,8,8,8,8,9,8,9,8,9,8,10,8,10,8,11,8,10,8,11,8]"
2025-08-18 22:39:01.908676,CSI_DATA,785,1a:00:00:00:00:00,-43,11,0,0,0,0,0,0,0,0,0,-94,0,1,0,136197260,0,31,0,128,0,"[0,0,5,-14,5,-14,4,-13,4,-13,4,-13,3,-13,3,-13,3,-13,2,-12,1,-12,1,-13,0,-13,0,-13,-1,-13,-1,-13,-1,-14,-1,-14,-1,-14,-1,-15,0,-15,0,-15,1,-15,2,-15,2,-14,3,-14,3,-13,0,0,0,0,0,0,0,0,0,0,0,0,0,0,0,0,0,0,0,0,0,0,2,-10,3,-11,4,-11,5,-11,5,-11,6,-11,6,-11,7,-10,7,-10,8,-10,8,-10,8,-9,8,-9,7,-10,7,-10,6,-10,6,-11,6,-11,6,-11,5,-12,5,-12,5,-13,5,-13,5,-13,5,-13,5,-13]"
2025-08-18 22:39:02.102876,CSI_DATA,786,1a:00:00:00:00:00,-43,11,0,0,0,0,0,0,0,0,0,-94,0,1,0,136398405,0,31,0,128,0,"[0,0,9,10,9,10,9,10,9,9,9,9,9,9,9,8,9,8,9,7,10,6,10,6,10,5,10,5,10,5,11,4,12,5,12,5,12,5,12,6,12,6,12,7,11,7,11,8,10,8,10,8,9,9,0,0,0,0,0,0,0,0,0,0,0,0,0,0,0,0,0,0,0,0,0,0,8,6,7,7,7,8,7,8,7,9,6,9,6,10,5,10,5,11,4,11,5,11,4,11,4,10,4,10,5,10,5,10,6,10,6,9,7,9,7,10,7,10,8,10,8,10,9,10,9,10,9,10]"
2025-08-18 22:39:02.316835,CSI_DATA,787,1a:00:00:00:00:00,-43,11,0,0,0,0,0,0,0,0,0,-94,0,1,0,136599604,0,31,0,128,0,"[0,0,9,10,9,9,9,9,9,9,9,8,9,8,9,7,9,7,9,6,10,6,10,5,10,5,11,5,11,4,11,4,12,4,12,4,12,4,12,4,12,5,12,5,12,6,11,7,11,7,10,8,10,8,0,0,0,0,0,0,0,0,0,0,0,0,0,0,0,0,0,0,0,0,0,0,7,6,7,7,7,7,7,8,7,9,6,9,6,10,6,10,5,10,5,10,5,10,4,10,4,10,5,10,5,10,5,9,6,9,7,9,6,9,7,9,8,9,8,9,9,9,9,10,9,10,9,9]"
2025-08-18 22:39:02.508886,CSI_DATA,788,1a:00:00:00:00:00,-43,11,0,0,0,0,0,0,0,0,0,-94,0,1,0,136800749,0,31,0,128,0,"[0,0,-1,14,-1,14,-1,13,0,13,0,13,0,13,1,12,1,12,2,12,2,11,3,11,3,11,4,11,4,11,5,12,5,11,5,12,5,12,5,13,4,13,4,13,3,13,3,14,2,13,1,13,0,13,0,0,0,0,0,0,0,0,0,0,0,0,0,0,0,0,0,0,0,0,0,0,1,10,0,10,0,11,-1,11,-2,11,-2,11,-3,12,-3,12,-4,12,-4,11,-4,11,-4,11,-4,11,-4,11,-3,11,-3,11,-3,11,-2,12,-2,11,-2,12,-2,12,-1,13,-1,13,-1,14,-1,14,0,14]"
2025-08-18 22:39:02.708862,CSI_DATA,789,1a:00:00:00:00:00,-42,11,0,0,0,0,0,0,0,0,0,-94,0,1,0,137001895,0,31,0,128,0,"[0,0,1,14,1,14,0,13,1,13,1,13,1,12,2,12,2,12,3,11,3,11,4,11,5,11,5,11,5,11,5,11,6,11,6,11,6,12,6,13,5,13,5,13,4,13,4,13,3,13,2,13,1,13,0,0,0,0,0,0,0,0,0,0,0,0,0,0,0,0,0,0,0,0,0,0,2,9,2,10,1,10,0,11,0,11,-1,12,-2,12,-2,12,-3,12,-3,11,-3,12,-3,11,-3,11,-2,11,-2,11,-2,11,-2,12,-1,11,-1,12,-1,12,0,12,0,13,1,13,1,14,1,14,1,14]"
2025-08-18 22:39:02.918867,CSI_DATA,790,1a:00:00:00:00:00,-42,11,0,0,0,0,0,0,0,0,0,-94,0,1,0,137203273,0,31,0,128,0,"[0,0,-13,-6,-14,-6,-13,-5,-13,-5,-13,-5,-13,-5,-12,-4,-13,-3,-13,-3,-13,-2,-13,-1,-12,-1,-13,0,-13,0,-14,0,-13,1,-14,-1,-14,1,-14,-1,-14,-1,-15,-2,-14,-1,-14,-2,-14,-4,-14,-3,-13,-5,0,0,0,0,0,0,0,0,0,0,0,0,0,0,0,0,0,0,0,0,0,0,-10,-3,-10,-4,-11,-5,-10,-5,-11,-6,-11,-7,-11,-7,-10,-8,-10,-8,-10,-8,-10,-8,-9,-8,-9,-8,-9,-8,-9,-8,-10,-7,-10,-7,-11,-7,-11,-6,-11,-6,-12,-6,-12,-6,-13,-6,-13,-6,-13,-6,-13,-6]"
2025-08-18 22:39:03.114078,CSI_DATA,791,1a:00:00:00:00:00,-42,11,0,0,0,0,0,0,0,0,0,-94,0,1,0,137404378,0,31,0,128,0,"[0,0,11,-9,11,-9,11,-8,10,-8,10,-9,9,-9,9,-9,8,-9,8,-9,7,-10,7,-10,6,-10,6,-11,6,-11,6,-11,6,-12,6,-12,6,-12,7,-12,7,-12,8,-12,8,-12,9,-11,9,-10,9,-10,10,-9,0,0,0,0,0,0,0,0,0,0,0,0,0,0,0,0,0,0,0,0,0,0,7,-7,8,-7,8,-7,9,-6,10,-6,10,-6,11,-5,11,-5,11,-5,11,-4,11,-4,11,-4,11,-4,10,-4,10,-5,10,-5,10,-5,10,-6,10,-6,10,-7,10,-7,10,-7,10,-8,10,-8,11,-8,11,-9]"
2025-08-18 22:39:03.316424,CSI_DATA,792,1a:00:00:00:00:00,-43,11,0,0,0,0,0,0,0,0,0,-94,0,1,0,137605572,0,31,0,128,0,"[0,0,-10,10,-10,10,-10,10,-9,10,-9,10,-8,10,-8,10,-7,10,-7,10,-6,10,-6,11,-5,11,-5,11,-4,12,-4,12,-4,12,-4,13,-4,13,-5,13,-5,13,-6,13,-6,13,-7,12,-7,12,-8,11,-9,11,0,0,0,0,0,0,0,0,0,0,0,0,0,0,0,0,0,0,0,0,0,0,-6,8,-7,8,-8,7,-9,7,-9,7,-10,7,-11,7,-11,6,-11,6,-11,5,-11,5,-11,5,-11,5,-11,6,-11,6,-10,6,-10,7,-9,7,-10,7,-10,8,-10,8,-10,9,-10,10,-10,10,-10,10,-10,10]"
2025-08-18 22:39:03.372976,CSI_DATA,793,1a:00:00:00:00:00,-43,11,0,0,0,0,0,0,0,0,0,-94,0,1,0,137666222,0,42,0,128,0,"[0,0,3,13,3,13,3,13,4,12,4,12,4,12,4,11,5,11,5,11,6,10,6,10,7,9,7,10,7,10,8,9,8,10,8,10,8,10,8,11,8,11,7,12,6,12,6,12,6,12,5,12,4,12,0,0,0,0,0,0,0,0,0,0,0,0,0,0,0,0,0,0,0,0,0,0,4,9,4,9,3,10,3,11,2,11,1,12,1,12,0,12,0,12,0,12,0,12,0,12,0,11,0,11,0,12,0,11,1,11,1,11,2,12,2,12,2,12,3,12,3,12,4,13,4,13,4,13]"
2025-08-18 22:39:03.442106,CSI_DATA,794,1a:00:00:00:00:00,-42,11,0,0,0,0,0,0,0,0,0,-94,0,1,0,137733835,0,31,0,128,0,"[0,0,-3,14,-2,13,-2,13,-2,13,-1,13,-1,12,-1,12,0,12,0,12,1,11,2,11,2,11,2,12,3,12,3,12,4,12,3,13,4,13,3,13,3,13,2,14,1,14,1,14,1,14,0,13,-1,13,0,0,0,0,0,0,0,0,0,0,0,0,0,0,0,0,0,0,0,0,0,0,0,10,-1,10,-2,11,-3,11,-3,11,-4,11,-5,11,-5,11,-6,11,-6,11,-6,11,-6,10,-6,11,-5,10,-5,10,-5,11,-4,11,-4,11,-4,11,-3,12,-3,12,-3,13,-2,13,-2,13,-2,14,-2,13]"
2025-08-18 22:39:03.648889,CSI_DATA,795,1a:00:00:00:00:00,-43,11,0,0,0,0,0,0,0,0,0,-94,0,1,0,137934887,0,31,0,128,0,"[0,0,-14,-2,-14,-2,-14,-2,-14,-2,-14,-2,-13,-1,-13,-1,-13,0,-12,0,-12,1,-12,1,-12,2,-12,2,-12,3,-12,3,-13,4,-13,3,-14,3,-14,3,-14,3,-14,2,-14,2,-14,1,-14,0,-14,0,-14,-1,0,0,0,0,0,0,0,0,0,0,0,0,0,0,0,0,0,0,0,0,0,0,-11,0,-11,-1,-11,-2,-11,-3,-12,-3,-12,-4,-12,-5,-12,-5,-12,-5,-11,-6,-11,-6,-11,-6,-11,-6,-11,-5,-11,-5,-11,-5,-12,-4,-12,-4,-12,-4,-13,-3,-13,-3,-13,-3,-14,-2,-14,-2,-14,-2,-14,-2]"
2025-08-18 22:39:03.858395,CSI_DATA,796,1a:00:00:00:00:00,-43,11,0,0,0,0,0,0,0,0,0,-94,0,1,0,138136065,0,31,0,128,0,"[0,0,-15,2,-15,2,-15,2,-14,2,-14,2,-13,2,-13,3,-13,4,-12,4,-12,4,-12,5,-12,5,-12,6,-11,7,-12,7,-12,8,-12,7,-13,8,-13,8,-13,7,-14,7,-14,6,-14,6,-14,5,-14,4,-14,3,0,0,0,0,0,0,0,0,0,0,0,0,0,0,0,0,0,0,0,0,0,0,-11,2,-11,1,-12,0,-13,0,-13,-1,-13,-1,-13,-2,-13,-2,-13,-3,-13,-3,-13,-4,-12,-3,-13,-4,-13,-3,-13,-3,-12,-2,-13,-2,-13,-1,-14,-1,-13,0,-14,0,-14,1,-14,1,-15,1,-15,1,-15,1]"
2025-08-18 22:39:04.047143,CSI_DATA,797,1a:00:00:00:00:00,-42,11,0,0,0,0,0,0,0,0,0,-94,0,1,0,138337384,0,31,0,128,0,"[0,0,-9,11,-9,10,-8,10,-8,10,-8,10,-7,10,-7,10,-6,10,-6,10,-5,10,-5,11,-4,11,-4,11,-4,12,-3,12,-3,12,-4,12,-4,13,-4,13,-5,13,-5,13,-6,13,-6,12,-7,12,-7,11,-8,11,0,0,0,0,0,0,0,0,0,0,0,0,0,0,0,0,0,0,0,0,0,0,-5,8,-6,8,-7,8,-8,8,-8,8,-9,8,-10,8,-10,7,-10,7,-10,6,-11,6,-10,6,-10,6,-10,6,-10,7,-9,7,-9,7,-9,8,-9,8,-9,9,-9,9,-9,9,-9,10,-9,10,-9,10,-9,11]"
2025-08-18 22:39:04.246726,CSI_DATA,798,1a:00:00:00:00:00,-42,11,0,0,0,0,0,0,0,0,0,-94,0,1,0,138538616,0,31,0,128,0,"[0,0,14,0,14,-1,14,-1,13,-1,14,-1,13,-1,12,-2,12,-2,12,-3,11,-4,11,-4,11,-5,11,-5,12,-6,11,-6,12,-7,12,-6,13,-7,13,-6,13,-6,14,-5,14,-5,13,-4,14,-4,13,-3,14,-2,0,0,0,0,0,0,0,0,0,0,0,0,0,0,0,0,0,0,0,0,0,0,10,-2,11,-1,11,0,11,1,11,1,12,2,12,3,12,3,12,3,11,4,11,4,11,4,11,4,11,3,11,3,11,2,12,2,12,1,12,1,13,1,13,1,13,0,14,0,14,0,14,0,14,0]"
2025-08-18 22:39:04.450362,CSI_DATA,799,1a:00:00:00:00:00,-43,11,0,0,0,0,0,0,0,0,0,-94,0,1,0,138739715,0,31,0,128,0,"[0,0,-14,4,-14,4,-13,4,-13,4,-13,5,-12,5,-12,5,-11,6,-11,6,-11,6,-11,7,-10,7,-10,7,-10,8,-10,9,-10,9,-10,9,-10,9,-11,9,-11,9,-12,9,-12,8,-13,8,-13,6,-13,6,-13,5,0,0,0,0,0,0,0,0,0,0,0,0,0,0,0,0,0,0,0,0,0,0,-10,4,-10,4,-11,3,-11,2,-12,2,-12,1,-13,1,-13,1,-13,0,-13,-1,-13,-1,-13,-1,-13,-1,-12,0,-12,0,-12,1,-12,1,-13,2,-13,2,-13,3,-13,3,-13,3,-14,4,-14,4,-14,4,-14,4]"
2025-08-18 22:39:04.645142,CSI_DATA,800,1a:00:00:00:00:00,-42,11,0,0,0,0,0,0,0,0,0,-94,0,1,0,138940836,0,31,0,128,0,"[0,0,8,11,8,11,8,10,8,10,8,10,8,9,8,9,8,8,9,8,9,7,9,7,10,6,10,6,10,6,11,6,11,6,11,6,12,6,12,7,12,7,12,7,11,8,11,8,10,9,9,9,9,10,0,0,0,0,0,0,0,0,0,0,0,0,0,0,0,0,0,0,0,0,0,0,7,7,6,8,6,9,6,9,5,10,5,10,4,11,4,11,4,11,3,11,3,11,3,11,3,11,3,11,4,11,4,10,5,10,5,10,5,10,6,10,6,10,7,11,8,11,7,11,8,11,8,11]"
2025-08-18 22:39:04.847302,CSI_DATA,801,1a:00:00:00:00:00,-42,11,0,0,0,0,0,0,0,0,0,-94,0,1,0,139141982,0,31,0,128,0,"[0,0,3,13,3,12,3,12,3,12,3,12,3,11,4,11,4,10,4,10,5,10,5,9,6,9,6,9,7,9,7,9,8,9,8,10,8,10,8,10,7,11,7,11,6,11,6,12,5,11,4,11,4,12,0,0,0,0,0,0,0,0,0,0,0,0,0,0,0,0,0,0,0,0,0,0,3,9,3,9,2,10,1,10,1,11,0,11,0,11,-1,11,-1,11,-2,11,-2,11,-2,11,-2,11,-1,10,-1,11,0,11,0,11,1,11,1,11,1,11,1,12,2,12,2,12,2,13,2,13,3,12]"
2025-08-18 22:39:04.915652,CSI_DATA,802,1a:00:00:00:00:00,-42,11,0,0,0,0,0,0,0,0,0,-94,0,1,0,139202763,0,42,0,128,0,"[0,0,0,-14,-1,-14,-1,-14,-1,-14,-1,-14,-1,-13,-2,-13,-2,-13,-3,-12,-4,-12,-4,-12,-5,-12,-5,-12,-5,-12,-6,-12,-6,-12,-6,-13,-6,-13,-6,-13,-6,-13,-5,-14,-5,-14,-4,-14,-3,-14,-3,-13,-2,-14,0,0,0,0,0,0,0,0,0,0,0,0,0,0,0,0,0,0,0,0,0,0,-1,-11,0,-11,0,-11,1,-11,1,-12,2,-12,3,-12,3,-12,3,-12,4,-12,4,-12,4,-12,4,-11,3,-11,3,-11,2,-12,2,-12,2,-12,1,-12,1,-13,1,-13,0,-13,0,-14,0,-14,0,-14,0,-14]"
2025-08-18 22:39:04.984635,CSI_DATA,803,1a:00:00:00:00:00,-43,11,0,0,0,0,0,0,0,0,0,-94,0,1,0,139269567,0,31,0,128,0,"[0,0,-13,-8,-13,-8,-13,-7,-13,-7,-12,-7,-12,-6,-12,-5,-12,-5,-12,-4,-12,-4,-12,-3,-12,-3,-13,-3,-13,-2,-14,-2,-14,-1,-14,-2,-14,-1,-15,-2,-15,-2,-15,-3,-14,-3,-14,-4,-14,-5,-13,-5,-13,-6,0,0,0,0,0,0,0,0,0,0,0,0,0,0,0,0,0,0,0,0,0,0,-10,-5,-10,-6,-10,-7,-10,-7,-10,-8,-10,-9,-9,-9,-9,-9,-9,-10,-8,-10,-8,-10,-8,-10,-8,-10,-8,-9,-9,-9,-9,-9,-9,-8,-10,-8,-10,-8,-11,-8,-11,-8,-11,-8,-12,-8,-12,-8,-12,-8,-13,-7]"
2025-08-18 22:39:05.181534,CSI_DATA,804,1a:00:00:00:00:00,-43,11,0,0,0,0,0,0,0,0,0,-94,0,1,0,139470715,0,31,0,128,0,"[0,0,10,-10,10,-10,9,-10,9,-10,9,-10,9,-10,8,-10,8,-10,7,-10,7,-11,6,-11,5,-11,5,-12,5,-12,5,-12,5,-13,5,-13,5,-13,6,-13,6,-13,7,-13,7,-13,8,-12,8,-12,8,-11,9,-10,0,0,0,0,0,0,0,0,0,0,0,0,0,0,0,0,0,0,0,0,0,0,6,-8,7,-8,8,-8,8,-8,9,-8,10,-7,10,-7,10,-6,11,-6,11,-5,11,-5,11,-5,10,-5,10,-6,10,-6,10,-6,10,-7,9,-7,9,-8,10,-8,10,-8,10,-9,10,-9,10,-10,10,-10,10,-10]"
2025-08-18 22:39:05.396198,CSI_DATA,805,1a:00:00:00:00:00,-42,11,0,0,0,0,0,0,0,0,0,-94,0,1,0,139671809,0,31,0,128,0,"[0,0,-9,11,-9,11,-8,11,-8,11,-7,11,-7,11,-7,11,-6,11,-5,11,-5,11,-4,11,-4,11,-3,12,-3,12,-3,12,-3,12,-3,13,-3,13,-3,13,-3,13,-4,13,-4,13,-5,13,-6,13,-6,12,-7,11,0,0,0,0,0,0,0,0,0,0,0,0,0,0,0,0,0,0,0,0,0,0,-6,9,-6,8,-8,8,-8,8,-9,8,-9,8,-10,8,-10,8,-10,7,-11,7,-11,6,-11,6,-11,6,-10,7,-10,7,-10,7,-9,8,-9,8,-9,8,-8,9,-9,9,-9,10,-9,11,-9,11,-9,11,-9,11]"
2025-08-18 22:39:05.584111,CSI_DATA,806,1a:00:00:00:00:00,-43,11,0,0,0,0,0,0,0,0,0,-94,0,1,0,139872980,0,31,0,128,0,"[0,0,-14,4,-14,3,-14,3,-14,4,-13,4,-13,4,-12,4,-12,5,-12,5,-11,6,-11,6,-10,7,-11,7,-10,7,-11,8,-10,8,-11,8,-11,8,-12,9,-12,8,-12,8,-13,7,-13,7,-13,6,-13,5,-13,4,0,0,0,0,0,0,0,0,0,0,0,0,0,0,0,0,0,0,0,0,0,0,-10,4,-10,3,-11,3,-12,2,-12,2,-12,1,-13,1,-13,0,-13,0,-13,-1,-13,0,-13,-1,-13,-1,-12,0,-12,0,-12,0,-13,1,-13,1,-13,2,-13,2,-13,3,-13,3,-14,4,-14,4,-14,4,-14,4]"
2025-08-18 22:39:05.780770,CSI_DATA,807,1a:00:00:00:00:00,-43,11,0,0,0,0,0,0,0,0,0,-94,0,1,0,140074133,0,31,0,128,0,"[0,0,1,14,1,13,1,13,2,13,2,13,2,12,3,12,3,12,4,11,4,11,4,11,5,10,5,11,6,10,7,10,6,10,7,11,7,11,7,12,6,12,6,12,5,13,5,13,4,13,3,13,2,13,0,0,0,0,0,0,0,0,0,0,0,0,0,0,0,0,0,0,0,0,0,0,3,9,2,10,1,11,1,11,0,12,-1,12,-1,12,-1,12,-2,12,-3,12,-3,12,-3,11,-3,12,-2,11,-2,11,-2,11,-1,11,-1,12,0,12,0,12,0,12,1,13,1,13,1,13,1,14,1,13]"
2025-08-18 22:39:05.984188,CSI_DATA,808,1a:00:00:00:00:00,-42,11,0,0,0,0,0,0,0,0,0,-94,0,1,0,140275270,0,31,0,128,0,"[0,0,8,-11,8,-11,8,-11,8,-11,7,-11,7,-11,6,-11,6,-11,5,-11,5,-11,4,-12,4,-12,3,-12,3,-12,3,-13,3,-13,3,-13,3,-13,4,-14,4,-14,4,-14,5,-13,5,-13,6,-13,6,-12,7,-11,0,0,0,0,0,0,0,0,0,0,0,0,0,0,0,0,0,0,0,0,0,0,5,-9,6,-9,7,-9,7,-8,8,-9,8,-8,9,-8,10,-8,10,-7,10,-7,10,-7,10,-7,9,-7,9,-7,9,-7,9,-7,9,-8,8,-9,8,-9,8,-9,8,-9,8,-10,8,-11,8,-11,8,-11,8,-11]"
2025-08-18 22:39:06.191791,CSI_DATA,809,1a:00:00:00:00:00,-42,11,0,0,0,0,0,0,0,0,0,-94,0,1,0,140476673,0,31,0,128,0,"[0,0,-12,-8,-12,-8,-12,-8,-11,-8,-12,-8,-11,-7,-11,-7,-11,-6,-12,-5,-12,-5,-12,-4,-12,-3,-12,-3,-12,-3,-13,-3,-13,-3,-14,-3,-14,-3,-14,-3,-14,-4,-14,-4,-13,-5,-14,-5,-13,-6,-12,-6,-12,-7,0,0,0,0,0,0,0,0,0,0,0,0,0,0,0,0,0,0,0,0,0,0,-9,-5,-9,-6,-9,-7,-9,-8,-9,-8,-9,-9,-8,-10,-8,-10,-8,-10,-8,-10,-8,-10,-8,-10,-8,-10,-8,-10,-8,-9,-8,-9,-9,-9,-9,-9,-9,-9,-10,-9,-10,-9,-10,-9,-11,-8,-11,-8,-12,-8,-12,-8]"
2025-08-18 22:39:06.393114,CSI_DATA,810,1a:00:00:00:00:00,-43,11,0,0,0,0,0,0,0,0,0,-94,0,1,0,140677735,0,31,0,128,0,"[0,0,-14,-5,-14,-5,-14,-5,-13,-5,-13,-4,-13,-4,-13,-4,-13,-3,-13,-2,-13,-1,-13,-1,-13,-1,-13,0,-13,0,-14,0,-14,0,-14,1,-14,1,-15,0,-15,0,-15,-1,-15,-2,-15,-2,-14,-3,-14,-3,-14,-4,0,0,0,0,0,0,0,0,0,0,0,0,0,0,0,0,0,0,0,0,0,0,-11,-2,-11,-3,-11,-4,-12,-5,-11,-5,-12,-6,-11,-7,-11,-7,-11,-8,-10,-8,-10,-8,-10,-8,-10,-7,-10,-7,-10,-7,-10,-7,-11,-7,-11,-6,-12,-6,-12,-6,-12,-6,-13,-5,-13,-5,-13,-5,-14,-5,-14,-5]"
2025-08-18 22:39:06.452444,CSI_DATA,811,1a:00:00:00:00:00,-43,11,0,0,0,0,0,0,0,0,0,-94,0,1,0,140738503,0,42,0,128,0,"[0,0,-2,-14,-2,-15,-2,-14,-3,-14,-3,-14,-3,-13,-4,-13,-4,-13,-5,-12,-5,-12,-5,-12,-6,-12,-6,-11,-7,-11,-8,-11,-8,-11,-8,-12,-8,-12,-8,-12,-8,-13,-7,-13,-7,-13,-6,-14,-5,-14,-4,-14,-4,-14,0,0,0,0,0,0,0,0,0,0,0,0,0,0,0,0,0,0,0,0,0,0,-3,-11,-2,-11,-2,-12,-1,-12,-1,-12,0,-13,0,-13,1,-13,1,-13,2,-13,2,-12,2,-12,2,-12,2,-12,1,-12,1,-12,0,-12,0,-13,0,-13,-1,-13,-1,-13,-2,-14,-2,-14,-2,-14,-2,-14,-2,-15]"
2025-08-18 22:39:06.512107,CSI_DATA,812,1a:00:00:00:00:00,-43,11,0,0,0,0,0,0,0,0,0,-94,0,1,0,140805496,0,31,0,128,0,"[0,0,13,4,13,4,12,3,13,3,12,3,12,2,12,2,12,1,11,1,12,0,12,-1,12,-1,12,-2,12,-2,12,-2,12,-3,13,-3,13,-3,14,-2,14,-2,14,-1,14,-1,14,0,13,0,13,1,13,2,0,0,0,0,0,0,0,0,0,0,0,0,0,0,0,0,0,0,0,0,0,0,10,1,10,2,10,3,10,4,10,4,10,5,10,6,10,6,10,7,9,7,9,7,9,6,9,7,9,6,9,6,9,6,10,5,10,5,11,5,11,5,11,4,12,4,12,4,13,4,13,4,13,4]"
2025-08-18 22:39:06.716418,CSI_DATA,813,1a:00:00:00:00:00,-43,11,0,0,0,0,0,0,0,0,0,-94,0,1,0,141006315,0,31,0,128,0,"[0,0,-14,5,-13,5,-13,5,-13,5,-12,6,-12,6,-12,6,-11,6,-11,6,-10,7,-10,7,-9,8,-9,8,-9,9,-9,9,-9,9,-9,10,-10,10,-10,10,-11,9,-11,9,-11,8,-12,8,-12,7,-12,6,-13,6,0,0,0,0,0,0,0,0,0,0,0,0,0,0,0,0,0,0,0,0,0,0,-9,5,-10,5,-11,4,-11,4,-12,3,-12,3,-13,2,-13,2,-13,1,-13,1,-13,1,-12,1,-12,0,-12,1,-12,1,-12,1,-12,2,-12,2,-13,3,-13,4,-13,4,-13,4,-13,5,-13,5,-13,5,-13,5]"
2025-08-18 22:39:06.917886,CSI_DATA,814,1a:00:00:00:00:00,-43,11,0,0,0,0,0,0,0,0,0,-94,0,1,0,141207483,0,31,0,128,0,"[0,0,6,12,6,11,6,11,6,11,6,10,6,10,7,10,7,9,7,9,8,8,8,8,8,8,9,8,9,7,10,7,10,7,10,7,10,8,10,8,10,8,10,9,9,9,8,10,8,10,7,10,7,11,0,0,0,0,0,0,0,0,0,0,0,0,0,0,0,0,0,0,0,0,0,0,5,8,5,8,5,9,4,10,4,10,4,11,3,11,3,11,2,11,2,11,2,11,1,11,1,11,2,11,2,11,2,10,3,10,4,10,4,11,5,11,5,11,5,11,6,11,6,11,6,12,6,12]"
2025-08-18 22:39:07.112133,CSI_DATA,815,1a:00:00:00:00:00,-43,11,0,0,0,0,0,0,0,0,0,-94,0,1,0,141408663,0,31,0,128,0,"[0,0,12,7,11,7,11,7,11,6,11,6,11,6,11,5,11,5,11,4,11,3,11,3,11,2,12,2,12,1,12,1,13,1,13,1,13,2,14,2,13,3,13,3,13,4,13,4,13,4,12,5,12,6,0,0,0,0,0,0,0,0,0,0,0,0,0,0,0,0,0,0,0,0,0,0,9,3,9,4,9,5,9,6,9,7,9,7,8,8,8,8,8,9,8,9,8,9,7,9,7,9,8,8,8,8,7,8,8,8,9,7,9,7,9,7,10,7,10,7,11,7,11,7,11,7,12,7]"
2025-08-18 22:39:07.322708,CSI_DATA,816,1a:00:00:00:00:00,-43,11,0,0,0,0,0,0,0,0,0,-94,0,1,0,141610011,0,31,0,128,0,"[0,0,-15,1,-15,0,-14,1,-14,1,-14,1,-13,1,-13,2,-13,3,-12,3,-12,4,-12,4,-12,5,-12,5,-12,5,-12,6,-12,6,-12,6,-13,6,-13,6,-13,6,-14,5,-14,5,-14,4,-14,3,-14,3,-14,2,0,0,0,0,0,0,0,0,0,0,0,0,0,0,0,0,0,0,0,0,0,0,-11,2,-11,1,-12,0,-12,0,-12,-1,-13,-2,-13,-2,-13,-3,-13,-3,-13,-3,-12,-3,-12,-3,-12,-3,-12,-3,-12,-3,-12,-3,-13,-2,-13,-1,-13,-1,-13,-1,-13,0,-14,0,-14,0,-14,0,-15,1,-14,1]"
2025-08-18 22:39:07.528225,CSI_DATA,817,1a:00:00:00:00:00,-43,11,0,0,0,0,0,0,0,0,0,-94,0,1,0,141811094,0,31,0,128,0,"[0,0,-11,-11,-10,-11,-11,-11,-10,-10,-11,-10,-11,-9,-10,-10,-11,-8,-11,-7,-12,-7,-11,-6,-11,-6,-12,-5,-13,-6,-13,-5,-13,-5,-13,-6,-13,-5,-13,-5,-14,-7,-13,-6,-13,-7,-13,-9,-12,-8,-11,-8,-10,-10,0,0,0,0,0,0,0,0,0,0,0,0,0,0,0,0,0,0,0,0,0,0,-9,-7,-9,-8,-8,-9,-8,-10,-8,-10,-7,-11,-7,-12,-7,-12,-6,-12,-6,-12,-5,-12,-5,-12,-5,-12,-6,-12,-6,-12,-7,-11,-7,-11,-8,-11,-8,-11,-8,-11,-9,-11,-9,-11,-10,-11,-10,-11,-10,-11,-11,-11]"
2025-08-18 22:39:07.728026,CSI_DATA,818,1a:00:00:00:00:00,-43,11,0,0,0,0,0,0,0,0,0,-94,0,1,0,142012251,0,31,0,128,0,"[0,0,-5,-14,-5,-14,-5,-14,-5,-14,-5,-13,-5,-13,-5,-12,-6,-12,-6,-11,-7,-11,-7,-10,-8,-10,-8,-10,-9,-10,-9,-10,-9,-10,-10,-10,-10,-11,-10,-11,-10,-12,-9,-12,-9,-12,-8,-12,-8,-13,-7,-13,-6,-13,0,0,0,0,0,0,0,0,0,0,0,0,0,0,0,0,0,0,0,0,0,0,-5,-10,-4,-10,-3,-11,-3,-12,-2,-12,-2,-12,-1,-13,-1,-13,0,-13,0,-13,0,-13,0,-13,0,-13,0,-12,0,-12,-1,-12,-2,-12,-2,-12,-2,-13,-3,-13,-3,-13,-3,-14,-4,-14,-4,-14,-4,-14,-4,-14]"
2025-08-18 22:39:07.923786,CSI_DATA,819,1a:00:00:00:00:00,-42,11,0,0,0,0,0,0,0,0,0,-94,0,1,0,142213396,0,31,0,128,0,"[0,0,12,-8,11,-8,11,-8,11,-8,11,-9,10,-8,9,-8,9,-9,8,-9,8,-9,7,-10,7,-10,7,-10,6,-11,7,-11,7,-12,7,-12,7,-12,8,-12,8,-12,8,-12,9,-11,9,-11,10,-10,10,-10,10,-9,0,0,0,0,0,0,0,0,0,0,0,0,0,0,0,0,0,0,0,0,0,0,7,-7,8,-7,9,-6,10,-6,10,-6,11,-6,11,-5,11,-5,12,-4,11,-4,11,-4,11,-4,11,-4,11,-4,11,-4,11,-4,11,-5,10,-5,11,-6,11,-6,11,-7,11,-7,11,-8,11,-8,12,-8,11,-8]"
2025-08-18 22:39:07.984593,CSI_DATA,820,1a:00:00:00:00:00,-42,11,0,0,0,0,0,0,0,0,0,-94,0,1,0,142274075,0,42,0,128,0,"[0,0,-11,10,-10,10,-10,10,-10,10,-9,10,-9,10,-8,10,-8,10,-7,10,-7,10,-6,10,-5,11,-5,11,-5,12,-5,12,-5,12,-5,12,-5,13,-5,13,-6,13,-7,13,-7,12,-7,12,-8,11,-9,11,-9,10,0,0,0,0,0,0,0,0,0,0,0,0,0,0,0,0,0,0,0,0,0,0,-6,8,-7,8,-8,7,-9,7,-9,7,-10,7,-11,7,-11,6,-11,6,-11,5,-11,5,-11,5,-11,5,-11,5,-11,6,-10,6,-10,7,-10,7,-10,7,-10,8,-10,8,-10,9,-10,9,-10,10,-10,10,-10,10]"
2025-08-18 22:39:08.057258,CSI_DATA,821,1a:00:00:00:00:00,-43,11,0,0,0,0,0,0,0,0,0,-94,0,1,0,142342502,0,31,0,128,0,"[0,0,-13,-5,-13,-5,-13,-5,-13,-5,-13,-4,-12,-4,-13,-3,-12,-3,-12,-2,-12,-1,-12,-1,-12,0,-12,0,-13,0,-13,1,-13,1,-14,1,-14,1,-14,1,-14,0,-14,0,-14,-1,-14,-1,-14,-2,-14,-3,-14,-3,0,0,0,0,0,0,0,0,0,0,0,0,0,0,0,0,0,0,0,0,0,0,-10,-3,-10,-4,-11,-5,-11,-6,-11,-6,-11,-7,-10,-7,-10,-8,-10,-8,-10,-8,-9,-8,-9,-8,-9,-8,-9,-8,-10,-8,-10,-7,-10,-7,-11,-6,-11,-6,-11,-6,-12,-6,-12,-6,-13,-5,-13,-5,-13,-5,-13,-5]"
2025-08-18 22:39:08.253242,CSI_DATA,822,1a:00:00:00:00:00,-43,11,0,0,0,0,0,0,0,0,0,-94,0,1,0,142543650,0,31,0,128,0,"[0,0,8,-12,8,-12,8,-12,8,-12,7,-12,6,-11,6,-11,5,-11,5,-11,4,-12,4,-12,3,-12,3,-12,2,-13,2,-13,2,-14,2,-14,3,-14,3,-14,3,-14,4,-14,4,-14,5,-14,6,-13,6,-12,7,-12,0,0,0,0,0,0,0,0,0,0,0,0,0,0,0,0,0,0,0,0,0,0,5,-9,5,-10,6,-9,7,-9,7,-9,8,-9,9,-9,9,-9,9,-8,10,-7,10,-7,10,-7,10,-7,9,-7,9,-8,9,-8,8,-8,8,-9,8,-9,8,-10,8,-10,8,-11,8,-11,8,-11,8,-12,8,-12]"
2025-08-18 22:39:08.462392,CSI_DATA,823,1a:00:00:00:00:00,-43,11,0,0,0,0,0,0,0,0,0,-94,0,1,0,142745643,0,31,0,128,0,"[0,0,-15,-2,-15,-2,-14,-2,-14,-1,-14,-1,-13,-1,-13,0,-13,0,-13,1,-13,2,-12,2,-12,2,-12,2,-12,3,-13,4,-13,4,-13,4,-13,4,-14,4,-14,4,-15,3,-15,2,-15,2,-15,1,-14,0,-14,-1,0,0,0,0,0,0,0,0,0,0,0,0,0,0,0,0,0,0,0,0,0,0,-11,0,-11,-1,-12,-2,-12,-2,-12,-3,-12,-4,-12,-4,-13,-5,-12,-5,-12,-6,-12,-6,-11,-6,-12,-5,-11,-5,-11,-5,-12,-4,-12,-4,-12,-3,-12,-3,-13,-3,-13,-2,-14,-2,-14,-2,-14,-2,-14,-2,-14,-2]"
2025-08-18 22:39:08.665339,CSI_DATA,824,1a:00:00:00:00:00,-43,11,0,0,0,0,0,0,0,0,0,-94,0,1,0,142946079,0,31,0,128,0,"[0,0,12,7,11,7,11,6,12,6,12,6,11,5,11,5,11,4,11,4,11,3,11,2,11,2,12,2,12,1,12,1,13,1,13,1,13,1,14,1,14,2,14,2,13,3,13,4,13,4,12,5,12,6,0,0,0,0,0,0,0,0,0,0,0,0,0,0,0,0,0,0,0,0,0,0,9,4,9,5,9,5,9,6,9,7,9,8,9,8,8,9,8,9,7,9,7,9,7,9,7,9,7,8,8,8,8,8,8,8,9,7,9,7,10,7,10,7,10,7,11,7,11,7,11,7,12,7]"
2025-08-18 22:39:08.858405,CSI_DATA,825,1a:00:00:00:00:00,-42,11,0,0,0,0,0,0,0,0,0,-94,0,1,0,143147227,0,31,0,128,0,"[0,0,-14,2,-15,2,-14,2,-14,3,-13,3,-13,3,-13,3,-12,4,-12,4,-12,5,-11,5,-11,6,-11,6,-11,7,-11,7,-11,7,-12,7,-12,7,-13,7,-13,7,-13,6,-13,6,-14,5,-13,4,-14,4,-14,3,0,0,0,0,0,0,0,0,0,0,0,0,0,0,0,0,0,0,0,0,0,0,-10,4,-10,3,-12,2,-12,2,-12,1,-12,1,-13,0,-13,-1,-13,-1,-13,-1,-13,-1,-13,-2,-13,-1,-12,-1,-12,-1,-13,0,-13,0,-13,0,-13,1,-13,1,-13,1,-14,2,-14,2,-14,3,-14,3,-14,3]"
2025-08-18 22:39:09.064261,CSI_DATA,826,1a:00:00:00:00:00,-43,11,0,0,0,0,0,0,0,0,0,-94,0,1,0,143348388,0,31,0,128,0,"[0,0,-9,-12,-9,-12,-9,-11,-9,-11,-9,-11,-9,-10,-9,-10,-10,-9,-10,-9,-10,-8,-10,-8,-11,-7,-11,-7,-11,-7,-12,-6,-12,-7,-12,-7,-13,-7,-13,-8,-13,-8,-12,-8,-12,-9,-12,-10,-11,-10,-10,-10,-10,-11,0,0,0,0,0,0,0,0,0,0,0,0,0,0,0,0,0,0,0,0,0,0,-8,-8,-8,-9,-7,-9,-7,-10,-7,-11,-6,-11,-6,-12,-5,-12,-5,-12,-5,-12,-5,-12,-4,-12,-5,-12,-5,-12,-5,-12,-5,-11,-6,-11,-6,-11,-7,-11,-7,-11,-8,-11,-8,-12,-8,-11,-9,-12,-9,-12,-9,-12]"
2025-08-18 22:39:09.135533,CSI_DATA,827,1a:00:00:00:00:00,-43,11,0,0,0,0,0,0,0,0,0,-94,0,1,0,143426411,0,28,0,128,0,"[0,0,-4,14,-4,13,-4,13,-3,13,-3,12,-2,12,-2,12,-1,12,-1,12,0,12,0,12,1,12,1,12,2,12,2,12,2,12,2,13,2,13,2,14,2,14,1,14,0,14,0,14,-1,13,-1,13,-3,13,0,0,0,0,0,0,0,0,0,0,0,0,0,0,0,0,0,0,0,0,0,0,-2,10,-2,10,-3,10,-4,10,-5,10,-5,11,-6,11,-6,11,-7,10,-7,10,-7,10,-7,10,-7,10,-7,10,-6,10,-6,10,-5,10,-5,11,-5,11,-5,12,-4,12,-4,12,-4,13,-4,13,-4,13,-4,13]"
2025-08-18 22:39:09.259404,CSI_DATA,828,1a:00:00:00:00:00,-43,11,0,0,0,0,0,0,0,0,0,-94,0,1,0,143549601,0,31,0,128,0,"[0,0,-11,9,-10,9,-10,9,-10,9,-9,9,-9,9,-8,9,-8,9,-7,9,-7,10,-6,10,-6,10,-6,10,-5,11,-5,11,-5,11,-5,12,-6,12,-6,13,-6,12,-7,12,-7,12,-7,11,-8,11,-8,10,-9,10,0,0,0,0,0,0,0,0,0,0,0,0,0,0,0,0,0,0,0,0,0,0,-7,7,-8,7,-8,7,-9,7,-9,6,-10,6,-11,6,-11,6,-11,5,-11,5,-11,5,-11,5,-11,5,-11,5,-11,5,-10,5,-10,6,-10,6,-10,7,-10,7,-10,8,-10,8,-10,9,-10,9,-10,9,-10,9]"
2025-08-18 22:39:09.455009,CSI_DATA,829,1a:00:00:00:00:00,-43,11,0,0,0,0,0,0,0,0,0,-94,0,1,0,143750742,0,31,0,128,0,"[0,0,10,9,10,9,10,9,10,8,10,8,10,8,10,7,10,7,10,6,10,5,11,4,11,4,11,4,12,4,12,3,13,3,12,3,13,3,13,4,13,4,13,5,12,5,12,6,12,6,11,6,11,7,0,0,0,0,0,0,0,0,0,0,0,0,0,0,0,0,0,0,0,0,0,0,8,6,8,7,7,7,7,8,7,8,7,10,6,10,6,10,6,10,5,10,5,10,5,10,5,10,5,10,6,10,6,9,7,9,7,9,7,9,8,9,8,9,9,9,9,9,10,9,10,9,10,9]"
2025-08-18 22:39:09.542980,CSI_DATA,830,1a:00:00:00:00:00,-43,11,0,0,0,0,0,0,0,0,0,-94,0,1,0,143811569,0,42,0,128,0,"[0,0,-6,-14,-6,-13,-6,-13,-7,-13,-7,-12,-7,-12,-7,-12,-7,-11,-8,-10,-8,-10,-9,-9,-9,-9,-10,-9,-10,-9,-10,-9,-11,-9,-11,-9,-11,-9,-11,-10,-11,-10,-11,-11,-10,-11,-9,-11,-9,-12,-8,-12,-7,-12,0,0,0,0,0,0,0,0,0,0,0,0,0,0,0,0,0,0,0,0,0,0,-6,-10,-5,-10,-5,-11,-4,-11,-4,-12,-4,-12,-3,-13,-3,-13,-2,-13,-2,-13,-2,-13,-2,-12,-2,-12,-2,-12,-2,-12,-3,-12,-3,-12,-4,-12,-4,-12,-5,-12,-5,-13,-6,-13,-6,-13,-6,-13,-6,-13,-6,-13]"
2025-08-18 22:39:09.584036,CSI_DATA,831,1a:00:00:00:00:00,-43,11,0,0,0,0,0,0,0,0,0,-94,0,1,0,143877375,0,31,0,128,0,"[0,0,13,3,13,3,13,2,13,2,12,2,12,2,12,1,12,1,12,0,12,-1,12,-2,11,-2,12,-3,12,-2,12,-3,12,-3,13,-3,13,-3,14,-3,14,-2,14,-2,14,-1,14,-1,14,0,13,0,13,1,0,0,0,0,0,0,0,0,0,0,0,0,0,0,0,0,0,0,0,0,0,0,10,1,10,1,11,2,11,3,11,4,11,4,11,5,10,6,10,6,10,6,10,6,10,6,10,6,10,6,10,5,10,5,11,4,11,4,11,4,12,4,12,4,12,4,13,3,13,2,13,3,13,3]"
2025-08-18 22:39:09.783287,CSI_DATA,832,1a:00:00:00:00:00,-43,11,0,0,0,0,0,0,0,0,0,-94,0,1,0,144078471,0,31,0,128,0,"[0,0,6,12,6,12,6,12,6,11,6,11,6,11,6,10,7,10,7,9,8,8,8,8,8,8,9,8,9,8,10,7,10,7,10,8,10,8,10,9,10,9,10,9,9,10,9,10,8,10,7,11,7,11,0,0,0,0,0,0,0,0,0,0,0,0,0,0,0,0,0,0,0,0,0,0,6,8,5,8,5,9,4,10,4,10,4,11,3,12,2,11,2,12,2,12,1,12,2,12,2,11,2,11,2,11,2,11,3,11,3,11,4,11,4,11,5,11,5,12,6,12,6,12,6,12,6,12]"
2025-08-18 22:39:09.990557,CSI_DATA,833,1a:00:00:00:00:00,-42,11,0,0,0,0,0,0,0,0,0,-94,0,1,0,144279610,0,31,0,128,0,"[0,0,11,-10,10,-10,10,-10,10,-10,9,-10,9,-10,9,-10,8,-10,7,-10,6,-11,6,-11,5,-12,5,-12,5,-12,5,-13,5,-13,5,-13,6,-13,6,-14,7,-13,7,-13,8,-13,8,-12,8,-12,8,-11,9,-11,0,0,0,0,0,0,0,0,0,0,0,0,0,0,0,0,0,0,0,0,0,0,7,-8,8,-8,8,-8,9,-7,10,-7,10,-7,11,-6,11,-6,12,-5,11,-5,11,-5,11,-5,11,-5,11,-6,11,-6,10,-6,10,-6,10,-7,10,-7,10,-8,10,-8,11,-8,10,-9,10,-10,11,-10,11,-10]"
2025-08-18 22:39:10.200536,CSI_DATA,834,1a:00:00:00:00:00,-43,11,0,0,0,0,0,0,0,0,0,-94,0,1,0,144480854,0,31,0,128,0,"[0,0,13,2,13,2,12,2,13,1,12,1,12,1,12,0,12,0,11,-1,11,-2,11,-2,11,-3,11,-3,11,-4,11,-4,12,-4,12,-4,13,-4,13,-4,13,-4,13,-3,13,-2,13,-2,13,-1,13,0,13,0,0,0,0,0,0,0,0,0,0,0,0,0,0,0,0,0,0,0,0,0,0,0,10,0,10,1,10,2,10,3,10,3,10,4,11,5,10,5,10,5,10,6,10,5,10,6,10,5,10,5,10,4,10,4,10,4,10,3,11,3,11,3,11,3,12,2,12,2,13,2,13,2,13,2]"
2025-08-18 22:39:10.391470,CSI_DATA,835,1a:00:00:00:00:00,-42,11,0,0,0,0,0,0,0,0,0,-94,0,1,0,144681983,0,31,0,128,0,"[0,0,-4,14,-4,13,-4,14,-3,13,-3,13,-3,13,-3,12,-2,12,-1,12,0,12,0,12,1,12,1,12,2,12,2,13,2,13,2,13,2,14,2,14,1,14,1,14,0,14,-1,14,-1,14,-2,13,-3,13,0,0,0,0,0,0,0,0,0,0,0,0,0,0,0,0,0,0,0,0,0,0,-1,10,-2,11,-3,11,-4,11,-4,11,-5,11,-6,11,-7,11,-7,11,-7,10,-7,10,-7,10,-7,10,-7,10,-6,10,-6,10,-6,11,-5,11,-5,11,-5,12,-5,12,-4,13,-4,13,-4,13,-4,14,-4,14]"
2025-08-18 22:39:10.596942,CSI_DATA,836,1a:00:00:00:00:00,-43,11,0,0,0,0,0,0,0,0,0,-94,0,1,0,144883125,0,31,0,128,0,"[0,0,-1,-15,-1,-15,-2,-14,-2,-14,-2,-14,-3,-13,-3,-13,-4,-12,-4,-12,-5,-12,-6,-12,-5,-12,-6,-12,-7,-12,-7,-12,-7,-12,-8,-12,-6,-12,-7,-12,-7,-14,-7,-14,-6,-13,-5,-15,-4,-14,-3,-13,-3,-14,0,0,0,0,0,0,0,0,0,0,0,0,0,0,0,0,0,0,0,0,0,0,-2,-11,-2,-11,-1,-12,0,-12,0,-12,1,-13,1,-13,2,-13,2,-13,3,-13,3,-12,3,-12,3,-12,2,-12,2,-12,1,-12,1,-12,0,-12,0,-13,0,-13,0,-14,-1,-14,-1,-14,-1,-14,-1,-15,-2,-15]"
2025-08-18 22:39:10.791880,CSI_DATA,837,1a:00:00:00:00:00,-43,11,0,0,0,0,0,0,0,0,0,-94,0,1,0,145084832,0,31,0,128,0,"[0,0,1,13,1,13,1,13,1,12,2,12,2,12,2,11,3,11,3,10,4,10,4,10,4,10,5,10,5,10,6,10,6,10,6,10,6,11,6,11,6,11,6,12,5,12,4,12,3,12,3,12,2,12,0,0,0,0,0,0,0,0,0,0,0,0,0,0,0,0,0,0,0,0,0,0,2,9,1,10,1,10,0,10,0,11,-1,11,-1,11,-2,11,-2,11,-3,11,-3,11,-3,11,-3,11,-3,11,-2,11,-2,10,-1,11,-1,11,-1,11,0,12,0,12,0,12,1,12,1,13,1,13,1,12]"
2025-08-18 22:39:10.989807,CSI_DATA,838,1a:00:00:00:00:00,-42,11,0,0,0,0,0,0,0,0,0,-94,0,1,0,145285578,0,31,0,128,0,"[0,0,9,11,8,10,9,10,9,10,9,9,9,9,9,8,9,8,9,7,10,6,10,6,10,5,10,5,11,5,11,5,12,5,12,5,13,5,13,6,12,6,12,7,11,7,11,8,11,8,10,8,9,9,0,0,0,0,0,0,0,0,0,0,0,0,0,0,0,0,0,0,0,0,0,0,7,7,7,7,6,8,6,9,6,9,6,10,5,11,5,11,5,11,4,11,4,11,4,11,4,11,4,10,4,10,5,10,5,10,6,9,6,10,7,10,7,10,7,10,8,10,8,10,8,10,9,10]"
2025-08-18 22:39:11.076756,CSI_DATA,839,1a:00:00:00:00:00,-43,11,0,0,0,0,0,0,0,0,0,-94,0,1,0,145346359,0,42,0,128,0,"[0,0,-6,-13,-6,-13,-6,-13,-7,-13,-6,-12,-6,-12,-7,-12,-7,-11,-8,-10,-8,-10,-9,-10,-9,-9,-9,-9,-10,-9,-11,-9,-11,-9,-11,-9,-11,-9,-11,-10,-11,-10,-11,-11,-10,-11,-9,-12,-9,-12,-8,-12,-7,-12,0,0,0,0,0,0,0,0,0,0,0,0,0,0,0,0,0,0,0,0,0,0,-6,-9,-5,-10,-5,-11,-4,-11,-4,-12,-4,-12,-3,-12,-3,-13,-2,-13,-2,-13,-2,-13,-2,-12,-2,-12,-2,-12,-2,-12,-3,-12,-3,-12,-4,-12,-4,-12,-5,-12,-5,-13,-5,-13,-6,-13,-6,-13,-6,-13,-6,-13]"
2025-08-18 22:39:11.122132,CSI_DATA,840,1a:00:00:00:00:00,-42,11,0,0,0,0,0,0,0,0,0,-94,0,1,0,145413404,0,31,0,128,0,"[0,0,13,-1,13,-1,13,-1,13,-1,12,-1,12,-1,12,-2,12,-2,11,-3,11,-4,11,-4,10,-5,11,-5,11,-6,11,-6,11,-6,11,-7,12,-6,12,-6,12,-6,13,-5,13,-5,13,-4,13,-4,13,-3,13,-2,0,0,0,0,0,0,0,0,0,0,0,0,0,0,0,0,0,0,0,0,0,0,9,-2,10,-1,10,0,11,0,11,1,11,1,11,2,11,2,11,3,11,3,11,3,11,3,11,3,11,3,11,2,10,2,11,2,11,1,11,1,12,1,12,0,12,0,13,0,13,-1,13,-1,13,-1]"
2025-08-18 22:39:11.330295,CSI_DATA,841,1a:00:00:00:00:00,-43,11,0,0,0,0,0,0,0,0,0,-94,0,1,0,145614470,0,31,0,128,0,"[0,0,-13,-8,-12,-8,-12,-8,-12,-8,-12,-7,-12,-7,-12,-6,-12,-5,-12,-5,-12,-4,-12,-4,-12,-3,-13,-3,-13,-2,-13,-2,-14,-2,-14,-2,-15,-2,-15,-3,-14,-3,-15,-4,-14,-4,-14,-5,-14,-5,-13,-6,-13,-6,0,0,0,0,0,0,0,0,0,0,0,0,0,0,0,0,0,0,0,0,0,0,-10,-5,-10,-6,-10,-7,-10,-8,-9,-8,-10,-9,-9,-9,-9,-10,-8,-10,-8,-10,-8,-10,-8,-10,-8,-10,-8,-10,-8,-9,-8,-9,-9,-9,-9,-8,-10,-9,-10,-8,-11,-8,-11,-8,-12,-8,-12,-8,-12,-8,-12,-8]"
2025-08-18 22:39:11.527698,CSI_DATA,842,1a:00:00:00:00:00,-42,11,0,0,0,0,0,0,0,0,0,-94,0,1,0,145815626,0,31,0,128,0,"[0,0,3,-14,3,-14,3,-14,3,-14,2,-14,2,-13,2,-13,1,-13,0,-13,0,-13,-1,-13,-2,-13,-2,-13,-2,-13,-3,-13,-3,-14,-3,-14,-3,-14,-3,-14,-2,-15,-2,-15,-1,-15,0,-15,0,-15,1,-14,2,-14,0,0,0,0,0,0,0,0,0,0,0,0,0,0,0,0,0,0,0,0,0,0,1,-11,2,-11,2,-11,3,-11,4,-12,4,-12,5,-12,5,-11,6,-11,6,-11,6,-11,6,-10,6,-10,6,-11,5,-11,5,-11,5,-11,4,-11,4,-12,4,-12,4,-13,3,-13,3,-13,4,-14,3,-14,3,-14]"
2025-08-18 22:39:11.739365,CSI_DATA,843,1a:00:00:00:00:00,-42,11,0,0,0,0,0,0,0,0,0,-94,0,1,0,146016774,0,31,0,128,0,"[0,0,9,-11,9,-11,9,-11,8,-11,8,-11,7,-11,7,-11,6,-11,6,-11,5,-11,5,-12,4,-12,4,-12,4,-13,3,-13,3,-13,3,-13,4,-14,4,-14,5,-14,5,-13,6,-13,6,-13,7,-13,7,-12,8,-11,0,0,0,0,0,0,0,0,0,0,0,0,0,0,0,0,0,0,0,0,0,0,5,-9,6,-9,7,-9,7,-9,8,-9,9,-9,9,-8,10,-8,10,-7,10,-7,10,-7,10,-7,10,-7,9,-7,9,-7,9,-7,9,-8,9,-8,9,-9,9,-9,9,-10,9,-10,8,-11,9,-11,9,-11,9,-12]"
2025-08-18 22:39:11.929478,CSI_DATA,844,1a:00:00:00:00:00,-42,11,0,0,0,0,0,0,0,0,0,-94,0,1,0,146218142,0,31,0,128,0,"[0,0,-14,3,-14,3,-14,3,-13,4,-13,4,-13,4,-12,4,-12,5,-12,5,-11,6,-11,6,-10,6,-11,7,-10,8,-10,8,-10,8,-11,8,-11,9,-12,9,-12,8,-12,8,-12,7,-12,7,-13,6,-13,6,-13,5,0,0,0,0,0,0,0,0,0,0,0,0,0,0,0,0,0,0,0,0,0,0,-10,3,-11,3,-11,2,-12,2,-12,1,-13,0,-13,0,-13,0,-13,-1,-13,-1,-13,-1,-12,-1,-13,-1,-12,-1,-12,-1,-12,0,-12,0,-12,1,-13,1,-13,2,-13,2,-14,2,-13,3,-14,3,-14,3,-14,3]"
2025-08-18 22:39:12.122777,CSI_DATA,845,1a:00:00:00:00:00,-43,11,0,0,0,0,0,0,0,0,0,-94,0,1,0,146419239,0,31,0,128,0,"[0,0,11,9,11,8,10,8,11,7,11,7,10,7,10,6,10,6,11,5,11,4,11,4,11,2,11,3,12,3,12,2,13,2,13,2,13,3,14,2,14,4,14,3,13,4,13,5,12,7,11,7,12,7,0,0,0,0,0,0,0,0,0,0,0,0,0,0,0,0,0,0,0,0,0,0,9,5,9,5,8,6,8,7,8,8,8,8,8,9,7,9,7,10,6,10,6,10,6,10,7,10,7,9,7,9,7,9,7,8,8,8,8,8,9,8,9,8,10,8,10,8,10,8,11,8,11,8]"
2025-08-18 22:39:12.337886,CSI_DATA,846,1a:00:00:00:00:00,-43,11,0,0,0,0,0,0,0,0,0,-94,0,1,0,146620449,0,31,0,128,0,"[0,0,-13,-8,-13,-8,-12,-7,-13,-7,-13,-6,-12,-6,-12,-6,-12,-5,-12,-4,-13,-4,-13,-3,-12,-3,-13,-2,-13,-2,-14,-1,-14,-1,-14,-2,-14,-1,-15,-2,-15,-2,-15,-3,-14,-3,-14,-4,-14,-5,-13,-5,-13,-6,0,0,0,0,0,0,0,0,0,0,0,0,0,0,0,0,0,0,0,0,0,0,-10,-5,-10,-5,-10,-6,-10,-7,-10,-8,-10,-8,-10,-9,-9,-10,-9,-9,-9,-10,-9,-10,-8,-10,-8,-10,-8,-9,-9,-9,-9,-9,-9,-8,-10,-8,-10,-8,-11,-8,-11,-8,-12,-8,-12,-8,-13,-8,-12,-8,-13,-8]"
2025-08-18 22:39:12.530946,CSI_DATA,847,1a:00:00:00:00:00,-42,11,0,0,0,0,0,0,0,0,0,-94,0,1,0,146821567,0,31,0,128,0,"[0,0,9,-11,9,-11,8,-11,8,-11,8,-11,7,-11,7,-11,6,-11,6,-11,5,-12,4,-12,4,-12,3,-12,3,-13,3,-13,3,-13,3,-14,3,-14,4,-14,4,-14,5,-14,6,-14,6,-13,6,-13,7,-12,7,-12,0,0,0,0,0,0,0,0,0,0,0,0,0,0,0,0,0,0,0,0,0,0,5,-9,6,-9,7,-9,7,-9,8,-9,9,-8,9,-8,10,-8,10,-7,10,-7,10,-7,10,-7,10,-7,10,-7,9,-7,9,-7,9,-8,9,-9,9,-9,9,-9,9,-10,9,-10,8,-11,8,-11,9,-11,9,-11]"
2025-08-18 22:39:12.589214,CSI_DATA,848,1a:00:00:00:00:00,-42,11,0,0,0,0,0,0,0,0,0,-94,0,1,0,146882385,0,42,0,128,0,"[0,0,0,14,0,13,0,13,1,13,1,13,1,12,2,12,2,12,3,11,4,11,4,11,4,11,5,11,6,11,6,11,6,11,6,11,6,12,7,12,6,12,5,12,5,13,4,13,4,13,3,13,2,13,0,0,0,0,0,0,0,0,0,0,0,0,0,0,0,0,0,0,0,0,0,0,1,10,0,11,0,11,-1,11,-2,11,-2,12,-3,12,-3,12,-4,12,-4,12,-4,11,-4,11,-4,11,-4,11,-3,11,-3,11,-2,11,-2,12,-2,12,-1,12,-1,12,0,13,0,13,0,14,0,14,0,14]"
2025-08-18 22:39:12.665071,CSI_DATA,849,1a:00:00:00:00:00,-43,11,0,0,0,0,0,0,0,0,0,-94,0,1,0,146949897,0,31,0,128,0,"[0,0,-1,-15,-1,-15,-1,-14,-1,-15,-1,-14,-1,-14,-2,-14,-2,-13,-3,-13,-4,-13,-4,-12,-5,-13,-5,-12,-5,-12,-6,-13,-6,-13,-6,-13,-6,-13,-6,-14,-6,-14,-5,-14,-5,-15,-4,-15,-3,-15,-2,-14,-1,-14,0,0,0,0,0,0,0,0,0,0,0,0,0,0,0,0,0,0,0,0,0,0,-2,-11,-1,-11,0,-12,0,-12,1,-13,1,-13,2,-13,2,-13,3,-13,4,-13,4,-12,4,-12,3,-12,3,-12,3,-12,2,-12,2,-12,2,-13,1,-13,1,-13,1,-14,0,-14,0,-14,0,-14,0,-15,0,-15]"
2025-08-18 22:39:12.861595,CSI_DATA,850,1a:00:00:00:00:00,-43,11,0,0,0,0,0,0,0,0,0,-94,0,1,0,147151433,0,31,0,128,0,"[0,0,-10,10,-10,10,-9,10,-9,10,-9,10,-8,10,-8,10,-7,10,-7,10,-6,10,-5,10,-5,11,-5,11,-4,11,-4,12,-4,12,-4,12,-4,13,-5,13,-5,13,-6,13,-7,12,-7,12,-7,12,-8,11,-8,11,0,0,0,0,0,0,0,0,0,0,0,0,0,0,0,0,0,0,0,0,0,0,-6,8,-7,8,-8,8,-9,8,-9,8,-10,7,-10,7,-11,7,-11,6,-11,6,-11,6,-11,6,-11,6,-11,6,-10,6,-10,6,-10,7,-9,7,-10,8,-10,8,-10,9,-10,9,-9,10,-10,10,-10,10,-10,10]"
2025-08-18 22:39:13.062137,CSI_DATA,851,1a:00:00:00:00:00,-43,11,0,0,0,0,0,0,0,0,0,-94,0,1,0,147352295,0,31,0,128,0,"[0,0,13,-5,13,-5,12,-5,12,-5,12,-5,11,-6,11,-6,11,-6,10,-7,10,-7,9,-8,9,-8,9,-9,9,-9,9,-10,9,-10,9,-10,10,-10,10,-10,10,-10,11,-10,11,-9,11,-9,11,-8,11,-7,12,-6,0,0,0,0,0,0,0,0,0,0,0,0,0,0,0,0,0,0,0,0,0,0,9,-5,10,-4,10,-3,11,-3,11,-3,12,-2,12,-1,12,-1,12,-1,12,0,12,0,12,0,12,0,11,-1,11,-1,11,-1,11,-2,12,-2,12,-3,12,-3,12,-4,12,-4,12,-4,13,-5,13,-5,13,-5]"
2025-08-18 22:39:13.262852,CSI_DATA,852,1a:00:00:00:00:00,-43,11,0,0,0,0,0,0,0,0,0,-94,0,1,0,147553525,0,31,0,128,0,"[0,0,13,-5,12,-5,12,-5,12,-5,12,-6,11,-6,11,-6,10,-6,10,-7,9,-7,9,-8,9,-8,9,-8,8,-9,8,-9,9,-10,9,-10,9,-10,9,-10,10,-10,10,-9,10,-9,11,-8,11,-8,11,-7,11,-6,0,0,0,0,0,0,0,0,0,0,0,0,0,0,0,0,0,0,0,0,0,0,9,-5,9,-4,10,-3,10,-3,11,-3,11,-2,11,-1,12,-1,12,-1,11,0,11,0,11,0,11,0,11,-1,11,-1,11,-1,11,-2,11,-3,11,-3,11,-3,12,-4,12,-4,12,-4,12,-4,13,-5,13,-5]"
2025-08-18 22:39:13.458288,CSI_DATA,853,1a:00:00:00:00:00,-43,11,0,0,0,0,0,0,0,0,0,-94,0,1,0,147754606,0,31,0,128,0,"[0,0,12,7,12,7,11,6,12,6,11,6,11,5,11,5,11,4,11,3,12,3,12,2,12,2,12,1,12,1,13,1,13,0,13,1,13,1,14,1,14,1,14,2,13,3,13,3,13,4,12,4,12,5,0,0,0,0,0,0,0,0,0,0,0,0,0,0,0,0,0,0,0,0,0,0,9,4,9,5,9,6,9,6,9,7,9,7,9,8,8,8,8,9,8,9,8,9,7,9,7,9,7,8,8,8,8,8,8,7,9,7,9,7,10,7,10,7,11,7,11,7,11,7,11,7,12,7]"
2025-08-18 22:39:13.789398,CSI_DATA,854,1a:00:00:00:00:00,-43,11,0,0,0,0,0,0,0,0,0,-94,0,1,0,147955779,0,31,0,128,0,"[0,0,11,8,10,7,11,8,11,7,11,7,11,6,11,5,11,5,11,4,11,3,11,3,11,3,12,2,12,2,12,2,13,2,12,2,14,2,14,2,13,3,14,3,13,4,13,4,12,5,12,5,12,6,0,0,0,0,0,0,0,0,0,0,0,0,0,0,0,0,0,0,0,0,0,0,8,5,9,6,8,6,8,7,8,7,8,8,8,9,7,9,7,9,6,9,6,10,6,10,6,9,6,9,7,9,7,8,8,8,8,8,9,8,9,8,10,8,10,8,10,8,11,8,11,8,11,8]"
2025-08-18 22:39:13.861622,CSI_DATA,855,1a:00:00:00:00:00,-43,11,0,0,0,0,0,0,0,0,0,-94,0,1,0,148156926,0,31,0,128,0,"[0,0,4,13,4,13,4,13,4,13,4,12,5,12,5,12,5,11,5,11,6,10,7,10,7,9,7,10,8,9,8,9,9,9,9,10,9,10,9,11,8,11,8,12,7,12,7,12,6,13,6,12,5,12,0,0,0,0,0,0,0,0,0,0,0,0,0,0,0,0,0,0,0,0,0,0,5,9,4,10,4,10,3,11,2,11,2,12,1,12,1,12,0,12,0,12,0,12,0,12,0,12,0,12,0,12,1,12,1,12,2,12,2,12,3,12,3,12,3,12,4,13,4,13,4,13,5,13]"
2025-08-18 22:39:14.074346,CSI_DATA,856,1a:00:00:00:00:00,-43,11,0,0,0,0,0,0,0,0,0,-94,0,1,0,148358215,0,31,0,128,0,"[0,0,-6,-13,-6,-13,-6,-13,-6,-13,-7,-12,-6,-12,-7,-12,-7,-11,-8,-10,-8,-10,-9,-10,-9,-10,-9,-10,-10,-9,-10,-9,-10,-9,-11,-10,-11,-10,-11,-10,-11,-11,-10,-11,-10,-11,-9,-12,-8,-12,-8,-12,-7,-12,0,0,0,0,0,0,0,0,0,0,0,0,0,0,0,0,0,0,0,0,0,0,-6,-9,-5,-10,-5,-11,-4,-11,-4,-12,-4,-12,-3,-13,-2,-13,-2,-13,-2,-13,-2,-13,-2,-13,-2,-12,-2,-12,-2,-12,-3,-12,-3,-12,-4,-12,-4,-13,-4,-12,-5,-13,-5,-13,-6,-13,-6,-13,-6,-13,-6,-13]"
2025-08-18 22:39:14.145573,CSI_DATA,857,1a:00:00:00:00:00,-43,11,0,0,0,0,0,0,0,0,0,-94,0,1,0,148418893,0,42,0,128,0,"[0,0,-4,-14,-4,-14,-4,-14,-4,-13,-5,-13,-5,-13,-5,-12,-5,-12,-6,-11,-6,-11,-7,-11,-7,-10,-7,-10,-8,-10,-9,-10,-9,-10,-9,-11,-9,-11,-9,-11,-9,-12,-8,-12,-8,-12,-7,-12,-7,-13,-6,-12,-5,-13,0,0,0,0,0,0,0,0,0,0,0,0,0,0,0,0,0,0,0,0,0,0,-5,-10,-4,-10,-3,-11,-3,-12,-2,-12,-2,-13,-1,-13,-1,-13,0,-13,0,-12,0,-13,0,-12,0,-12,0,-12,0,-12,-1,-12,-2,-12,-2,-12,-2,-13,-3,-13,-3,-13,-3,-13,-4,-13,-4,-14,-4,-13,-4,-14]"
2025-08-18 22:39:14.190386,CSI_DATA,858,1a:00:00:00:00:00,-42,11,0,0,0,0,0,0,0,0,0,-94,0,1,0,148485877,0,31,0,128,0,"[0,0,10,10,9,9,10,9,9,8,10,8,9,8,9,7,10,7,10,6,10,5,10,5,11,4,11,4,12,4,11,4,12,4,12,4,13,4,13,4,13,5,13,5,12,6,12,6,11,7,11,7,10,8,0,0,0,0,0,0,0,0,0,0,0,0,0,0,0,0,0,0,0,0,0,0,8,6,8,7,7,7,7,8,7,9,7,9,6,10,6,10,6,10,5,10,5,11,5,10,5,10,5,10,6,10,6,9,6,10,7,9,7,9,8,9,8,10,8,10,9,9,9,9,10,10,10,9]"
2025-08-18 22:39:14.401503,CSI_DATA,859,1a:00:00:00:00:00,-43,11,0,0,0,0,0,0,0,0,0,-94,0,1,0,148686904,0,31,0,128,0,"[0,0,-13,-6,-14,-7,-12,-6,-13,-6,-12,-6,-12,-5,-13,-5,-12,-4,-12,-4,-13,-3,-12,-2,-12,-2,-13,-2,-13,-1,-14,0,-13,-1,-15,0,-14,0,-15,-1,-15,-1,-15,-2,-15,-2,-15,-3,-14,-4,-14,-4,-13,-5,0,0,0,0,0,0,0,0,0,0,0,0,0,0,0,0,0,0,0,0,0,0,-10,-4,-10,-5,-11,-6,-10,-6,-11,-7,-10,-7,-10,-8,-10,-9,-10,-9,-9,-9,-9,-9,-9,-9,-9,-9,-9,-9,-9,-8,-10,-8,-10,-8,-11,-8,-10,-7,-11,-7,-12,-7,-12,-7,-13,-7,-13,-7,-13,-7,-13,-7]"
2025-08-18 22:39:14.597385,CSI_DATA,860,1a:00:00:00:00:00,-43,11,0,0,0,0,0,0,0,0,0,-94,0,1,0,148888092,0,31,0,128,0,"[0,0,9,-11,9,-11,9,-11,8,-11,8,-11,8,-11,7,-11,6,-11,6,-11,5,-11,5,-11,4,-12,4,-12,4,-12,3,-13,3,-13,4,-13,4,-14,4,-14,5,-14,5,-14,6,-13,6,-13,7,-12,7,-12,8,-11,0,0,0,0,0,0,0,0,0,0,0,0,0,0,0,0,0,0,0,0,0,0,5,-9,6,-9,7,-9,8,-9,8,-8,9,-8,10,-8,10,-7,10,-7,10,-6,10,-6,10,-6,10,-6,10,-6,10,-7,9,-7,9,-7,9,-8,9,-9,9,-9,9,-9,9,-10,9,-10,9,-11,9,-10,9,-11]"
2025-08-18 22:39:14.805475,CSI_DATA,861,1a:00:00:00:00:00,-42,11,0,0,0,0,0,0,0,0,0,-94,0,1,0,149089197,0,31,0,128,0,"[0,0,10,8,10,8,10,8,10,8,10,7,10,7,10,6,10,6,10,5,10,5,11,4,11,3,11,4,11,3,12,3,12,3,13,3,12,3,13,3,13,4,12,4,12,5,12,6,11,6,11,6,10,7,0,0,0,0,0,0,0,0,0,0,0,0,0,0,0,0,0,0,0,0,0,0,8,5,8,5,8,6,8,7,8,8,7,8,7,9,7,9,7,9,6,10,6,10,6,9,6,9,6,9,6,9,7,9,7,8,8,8,8,8,8,8,9,8,9,8,10,8,10,8,10,8,10,8]"
2025-08-18 22:39:15.009742,CSI_DATA,862,1a:00:00:00:00:00,-42,11,0,0,0,0,0,0,0,0,0,-94,0,1,0,149290379,0,31,0,128,0,"[0,0,-10,-11,-10,-11,-10,-10,-10,-10,-10,-10,-10,-9,-10,-8,-10,-8,-11,-7,-11,-7,-11,-6,-11,-6,-12,-6,-12,-5,-13,-5,-13,-5,-13,-5,-14,-5,-14,-6,-14,-6,-13,-7,-13,-7,-13,-8,-12,-8,-12,-8,-11,-9,0,0,0,0,0,0,0,0,0,0,0,0,0,0,0,0,0,0,0,0,0,0,-9,-7,-8,-8,-8,-9,-8,-9,-8,-10,-7,-11,-7,-11,-7,-11,-6,-12,-6,-12,-6,-12,-6,-11,-6,-11,-6,-11,-6,-11,-6,-11,-7,-10,-8,-10,-8,-11,-8,-11,-9,-11,-9,-11,-10,-11,-10,-11,-10,-11,-10,-10]"
2025-08-18 22:39:15.202846,CSI_DATA,863,1a:00:00:00:00:00,-43,11,0,0,0,0,0,0,0,0,0,-94,0,1,0,149491739,0,31,0,128,0,"[0,0,-14,3,-14,3,-13,3,-13,3,-12,4,-12,4,-12,4,-12,4,-11,5,-11,6,-10,6,-10,7,-10,7,-10,7,-10,8,-10,8,-11,8,-11,8,-12,8,-12,8,-12,7,-12,6,-13,6,-12,6,-13,5,-13,4,0,0,0,0,0,0,0,0,0,0,0,0,0,0,0,0,0,0,0,0,0,0,-10,4,-10,3,-11,2,-11,2,-12,1,-12,1,-13,0,-13,0,-13,-1,-13,-1,-12,-1,-12,-1,-12,-1,-12,0,-12,0,-12,0,-12,0,-12,1,-12,1,-13,1,-13,2,-13,2,-14,3,-13,3,-14,3,-13,3]"
2025-08-18 22:39:15.407647,CSI_DATA,864,1a:00:00:00:00:00,-42,11,0,0,0,0,0,0,0,0,0,-94,0,1,0,149692824,0,31,0,128,0,"[0,0,-14,-6,-13,-6,-13,-6,-13,-6,-13,-5,-13,-5,-13,-4,-13,-4,-13,-3,-12,-2,-13,-2,-13,-2,-13,-1,-13,0,-13,0,-14,0,-14,0,-15,0,-15,0,-15,-1,-15,-1,-14,-2,-14,-2,-14,-3,-14,-4,-14,-4,0,0,0,0,0,0,0,0,0,0,0,0,0,0,0,0,0,0,0,0,0,0,-10,-4,-11,-4,-11,-5,-11,-6,-11,-7,-11,-7,-10,-8,-10,-8,-10,-9,-9,-9,-10,-9,-9,-9,-9,-9,-9,-8,-9,-8,-10,-8,-10,-7,-11,-7,-11,-7,-12,-7,-12,-7,-12,-6,-13,-6,-13,-6,-13,-6,-13,-6]"
2025-08-18 22:39:15.607125,CSI_DATA,865,1a:00:00:00:00:00,-43,11,0,0,0,0,0,0,0,0,0,-94,0,1,0,149893946,0,31,0,128,0,"[0,0,4,-14,4,-14,3,-14,3,-14,3,-14,2,-13,2,-13,1,-13,0,-13,0,-13,0,-13,-1,-13,-2,-13,-2,-13,-3,-13,-3,-13,-3,-14,-3,-14,-3,-15,-2,-15,-1,-15,-1,-15,-1,-15,0,-14,1,-14,2,-14,0,0,0,0,0,0,0,0,0,0,0,0,0,0,0,0,0,0,0,0,0,0,2,-11,3,-11,3,-11,4,-11,5,-11,5,-11,6,-11,6,-11,7,-11,7,-10,7,-10,7,-10,7,-10,7,-10,6,-10,6,-10,5,-11,5,-11,5,-12,5,-12,4,-13,4,-13,4,-13,4,-14,4,-14,4,-14]"
2025-08-18 22:39:15.673374,CSI_DATA,866,1a:00:00:00:00:00,-43,11,0,0,0,0,0,0,0,0,0,-94,0,1,0,149954741,0,42,0,128,0,"[0,0,-6,-14,-6,-14,-5,-14,-6,-14,-6,-13,-6,-13,-6,-13,-7,-12,-7,-11,-8,-11,-8,-10,-9,-10,-9,-10,-9,-10,-10,-10,-10,-10,-10,-10,-11,-11,-11,-11,-10,-11,-10,-12,-9,-13,-9,-13,-8,-13,-7,-13,-7,-13,0,0,0,0,0,0,0,0,0,0,0,0,0,0,0,0,0,0,0,0,0,0,-6,-10,-5,-10,-4,-11,-4,-12,-4,-12,-3,-13,-2,-13,-2,-13,-1,-13,-1,-13,-1,-13,-1,-13,-1,-13,-1,-13,-1,-13,-2,-12,-3,-12,-3,-13,-3,-13,-4,-13,-4,-13,-5,-14,-5,-14,-5,-14,-6,-14,-5,-14]"
2025-08-18 22:39:15.735281,CSI_DATA,867,1a:00:00:00:00:00,-43,11,0,0,0,0,0,0,0,0,0,-94,0,1,0,150021072,0,31,0,128,0,"[0,0,-2,-14,-2,-15,-2,-14,-2,-14,-2,-14,-3,-13,-3,-13,-3,-13,-4,-12,-5,-12,-5,-12,-6,-11,-6,-11,-6,-11,-7,-12,-7,-12,-7,-12,-8,-12,-7,-13,-7,-13,-7,-14,-6,-14,-5,-14,-5,-14,-4,-14,-3,-14,0,0,0,0,0,0,0,0,0,0,0,0,0,0,0,0,0,0,0,0,0,0,-3,-11,-2,-11,-1,-12,0,-12,0,-12,1,-13,1,-13,2,-13,2,-13,3,-13,3,-13,3,-12,2,-12,2,-12,2,-12,2,-12,1,-12,0,-13,0,-13,0,-13,0,-13,-1,-14,-1,-14,-1,-14,-2,-14,-2,-14]"
2025-08-18 22:39:15.935742,CSI_DATA,868,1a:00:00:00:00:00,-43,11,0,0,0,0,0,0,0,0,0,-94,0,1,0,150222153,0,31,0,128,0,"[0,0,0,-15,0,-14,-1,-14,-1,-14,-1,-14,-2,-13,-2,-13,-2,-13,-3,-12,-3,-12,-4,-12,-4,-12,-5,-12,-6,-12,-6,-12,-6,-13,-6,-13,-6,-13,-7,-13,-6,-13,-5,-14,-5,-14,-4,-14,-3,-14,-3,-14,-2,-14,0,0,0,0,0,0,0,0,0,0,0,0,0,0,0,0,0,0,0,0,0,0,-1,-11,-1,-11,0,-12,1,-12,1,-12,2,-12,2,-13,3,-13,3,-12,4,-12,4,-12,4,-12,4,-12,4,-12,3,-12,3,-12,2,-12,2,-12,2,-13,1,-13,1,-14,0,-14,0,-14,0,-14,0,-14,0,-15]"
2025-08-18 22:39:16.128050,CSI_DATA,869,1a:00:00:00:00:00,-43,11,0,0,0,0,0,0,0,0,0,-94,0,1,0,150423369,0,31,0,128,0,"[0,0,4,13,4,13,4,12,5,12,4,12,5,11,5,11,6,11,6,10,6,10,7,9,7,9,8,9,8,9,9,9,9,9,9,10,9,9,9,10,9,10,9,11,8,11,7,12,7,12,6,12,5,12,0,0,0,0,0,0,0,0,0,0,0,0,0,0,0,0,0,0,0,0,0,0,4,9,4,9,3,10,3,11,3,11,2,11,1,12,1,12,0,12,0,12,0,12,0,12,0,12,0,11,0,11,1,11,1,11,2,12,2,12,3,12,3,12,3,12,4,13,4,13,4,13,4,13]"
2025-08-18 22:39:16.329053,CSI_DATA,870,1a:00:00:00:00:00,-42,11,0,0,0,0,0,0,0,0,0,-94,0,1,0,150624691,0,31,0,128,0,"[0,0,6,13,6,12,6,12,6,11,6,11,6,11,6,10,7,10,7,9,8,8,8,8,8,8,9,8,9,8,10,8,10,8,10,8,10,8,10,9,10,9,10,10,9,10,8,10,8,11,7,11,7,11,0,0,0,0,0,0,0,0,0,0,0,0,0,0,0,0,0,0,0,0,0,0,6,8,5,9,5,9,4,10,4,10,4,11,3,12,2,12,2,12,2,12,2,12,2,12,2,11,2,11,2,11,2,11,3,11,3,11,4,11,4,11,4,11,5,12,6,12,6,12,6,12,6,12]"
2025-08-18 22:39:16.538438,CSI_DATA,871,1a:00:00:00:00:00,-42,11,0,0,0,0,0,0,0,0,0,-94,0,1,0,150825837,0,31,0,128,0,"[0,0,12,7,11,7,11,7,11,6,11,6,11,6,11,5,11,5,11,4,11,3,11,3,11,2,12,2,12,2,12,1,13,1,13,2,13,2,14,2,14,2,14,3,13,3,13,4,13,5,12,5,12,6,0,0,0,0,0,0,0,0,0,0,0,0,0,0,0,0,0,0,0,0,0,0,9,4,9,5,9,5,9,6,9,7,9,8,9,8,8,9,8,9,7,9,7,9,7,9,7,9,7,9,8,8,8,8,8,8,9,7,9,8,10,7,10,7,11,7,11,7,11,7,11,8,12,7]"
2025-08-18 22:39:16.730623,CSI_DATA,872,1a:00:00:00:00:00,-43,11,0,0,0,0,0,0,0,0,0,-94,0,1,0,151026940,0,31,0,128,0,"[0,0,11,7,11,7,11,7,11,7,11,6,10,6,10,5,11,5,10,4,11,3,11,3,12,2,11,2,11,2,12,1,12,1,13,2,13,1,13,2,14,3,13,3,14,4,11,3,13,5,11,5,11,7,0,0,0,0,0,0,0,0,0,0,0,0,0,0,0,0,0,0,0,0,0,0,9,4,8,5,8,6,8,6,8,7,8,8,8,8,8,9,7,9,7,9,7,9,7,9,6,9,7,9,7,8,7,8,7,8,8,8,8,7,9,7,9,7,10,7,10,7,11,7,11,7,11,7]"
2025-08-18 22:39:16.939291,CSI_DATA,873,1a:00:00:00:00:00,-42,11,0,0,0,0,0,0,0,0,0,-94,0,1,0,151228090,0,31,0,128,0,"[0,0,-14,3,-14,2,-14,2,-13,2,-13,3,-13,3,-12,3,-12,4,-12,4,-11,5,-11,5,-10,6,-11,6,-10,7,-11,7,-11,7,-11,7,-11,8,-12,7,-12,7,-13,7,-13,6,-13,6,-13,5,-13,5,-13,4,0,0,0,0,0,0,0,0,0,0,0,0,0,0,0,0,0,0,0,0,0,0,-10,3,-11,2,-11,1,-12,1,-12,0,-13,0,-12,-1,-13,-1,-13,-2,-12,-2,-12,-2,-12,-2,-12,-2,-12,-1,-12,-1,-12,-1,-12,-1,-12,0,-13,0,-13,1,-13,1,-13,2,-13,2,-14,2,-14,2,-14,3]"
2025-08-18 22:39:17.137995,CSI_DATA,874,1a:00:00:00:00:00,-43,11,0,0,0,0,0,0,0,0,0,-94,0,1,0,151429324,0,31,0,128,0,"[0,0,-2,14,-2,13,-2,13,-1,13,-1,13,-1,13,-1,12,0,12,1,12,1,11,1,12,2,11,3,11,3,12,4,12,4,12,4,13,4,13,3,13,3,13,2,14,2,14,1,14,0,14,0,13,-1,13,0,0,0,0,0,0,0,0,0,0,0,0,0,0,0,0,0,0,0,0,0,0,0,10,-1,10,-2,11,-2,11,-3,11,-3,12,-4,12,-5,11,-5,11,-6,11,-6,11,-6,11,-6,11,-5,11,-5,11,-4,10,-4,11,-4,11,-3,12,-3,12,-3,12,-3,13,-2,13,-2,13,-2,13,-2,14]"
2025-08-18 22:39:17.206192,CSI_DATA,875,1a:00:00:00:00:00,-43,11,0,0,0,0,0,0,0,0,0,-94,0,1,0,151490088,0,42,0,128,0,"[0,0,8,-12,7,-12,7,-12,7,-12,6,-12,6,-12,6,-12,5,-12,4,-12,4,-12,3,-12,2,-12,3,-13,2,-13,2,-13,2,-13,2,-14,2,-14,2,-14,3,-14,3,-14,4,-14,4,-14,5,-13,6,-13,6,-12,0,0,0,0,0,0,0,0,0,0,0,0,0,0,0,0,0,0,0,0,0,0,4,-10,5,-10,6,-10,6,-10,7,-10,8,-9,8,-9,9,-9,9,-9,9,-8,9,-8,9,-8,9,-8,9,-8,9,-8,8,-9,8,-9,7,-9,8,-10,8,-10,7,-11,7,-11,7,-12,7,-12,7,-12,7,-12]"
2025-08-18 22:39:17.276746,CSI_DATA,876,1a:00:00:00:00:00,-43,11,0,0,0,0,0,0,0,0,0,-94,0,1,0,151561360,0,31,0,128,0,"[0,0,-4,-14,-4,-14,-4,-14,-4,-13,-4,-13,-5,-13,-5,-13,-5,-12,-6,-11,-6,-11,-7,-11,-7,-10,-8,-11,-8,-10,-9,-10,-9,-11,-9,-11,-10,-11,-10,-12,-9,-11,-9,-12,-8,-12,-7,-12,-7,-13,-6,-13,-5,-13,0,0,0,0,0,0,0,0,0,0,0,0,0,0,0,0,0,0,0,0,0,0,-4,-10,-3,-11,-2,-11,-2,-12,-2,-12,-1,-13,-1,-13,0,-13,0,-13,1,-12,1,-13,1,-12,1,-12,1,-12,0,-12,0,-12,-1,-13,-1,-12,-2,-13,-2,-13,-3,-13,-3,-13,-3,-13,-3,-14,-3,-14,-4,-14]"
2025-08-18 22:39:17.464828,CSI_DATA,877,1a:00:00:00:00:00,-42,11,0,0,0,0,0,0,0,0,0,-94,0,1,0,151760922,0,31,0,128,0,"[0,0,8,11,8,11,8,10,8,10,8,10,8,9,8,9,8,8,8,8,9,7,9,6,10,6,10,6,10,6,11,5,11,6,11,6,12,6,12,7,11,7,11,7,11,8,10,8,10,8,9,9,9,9,0,0,0,0,0,0,0,0,0,0,0,0,0,0,0,0,0,0,0,0,0,0,6,7,6,8,6,8,5,9,5,9,5,10,4,11,4,11,3,11,3,11,3,11,3,11,3,11,4,10,4,11,4,10,4,10,5,10,5,10,6,10,6,10,6,11,7,10,8,10,8,11,8,11]"
2025-08-18 22:39:17.666505,CSI_DATA,878,1a:00:00:00:00:00,-43,11,0,0,0,0,0,0,0,0,0,-94,0,1,0,151962099,0,31,0,128,0,"[0,0,8,11,7,11,7,11,8,10,7,10,8,9,8,9,8,8,8,7,9,7,9,7,9,6,9,6,10,6,11,5,11,6,11,6,11,6,12,6,11,7,11,7,10,8,10,8,10,9,9,9,9,9,0,0,0,0,0,0,0,0,0,0,0,0,0,0,0,0,0,0,0,0,0,0,7,7,6,8,6,9,6,9,5,10,5,11,5,11,4,11,4,11,3,11,3,11,3,11,3,11,3,11,3,11,4,10,4,10,5,10,5,10,6,11,6,10,7,11,7,11,7,11,8,11,8,11]"
2025-08-18 22:39:17.873499,CSI_DATA,879,1a:00:00:00:00:00,-43,11,0,0,0,0,0,0,0,0,0,-94,0,1,0,152163168,0,31,0,128,0,"[0,0,13,-4,13,-5,12,-5,13,-5,12,-5,12,-5,11,-6,11,-6,10,-6,10,-7,10,-7,9,-8,9,-8,9,-9,9,-9,9,-9,10,-10,10,-10,10,-10,11,-10,11,-9,11,-9,12,-8,12,-7,12,-7,12,-6,0,0,0,0,0,0,0,0,0,0,0,0,0,0,0,0,0,0,0,0,0,0,9,-5,10,-4,10,-4,10,-3,11,-3,11,-2,12,-2,12,-1,12,-1,12,0,12,0,12,0,12,0,11,0,11,0,11,-1,11,-2,12,-2,12,-2,12,-3,12,-3,12,-4,13,-4,13,-4,13,-4,13,-5]"
2025-08-18 22:39:18.079492,CSI_DATA,880,1a:00:00:00:00:00,-43,11,0,0,0,0,0,0,0,0,0,-94,0,1,0,152364323,0,31,0,128,0,"[0,0,-9,-11,-9,-11,-9,-11,-9,-10,-9,-10,-9,-10,-9,-9,-9,-9,-10,-8,-10,-7,-10,-7,-11,-7,-11,-7,-11,-6,-12,-6,-12,-6,-12,-7,-13,-7,-13,-7,-13,-7,-12,-8,-12,-9,-11,-9,-11,-9,-10,-9,-10,-10,0,0,0,0,0,0,0,0,0,0,0,0,0,0,0,0,0,0,0,0,0,0,-8,-7,-8,-9,-8,-9,-7,-10,-7,-10,-7,-11,-6,-12,-6,-12,-5,-12,-5,-12,-5,-12,-5,-12,-5,-12,-5,-11,-5,-11,-5,-11,-6,-11,-6,-11,-7,-11,-7,-11,-8,-11,-8,-11,-9,-11,-9,-11,-9,-11,-9,-11]"
2025-08-18 22:39:18.289275,CSI_DATA,881,1a:00:00:00:00:00,-43,11,0,0,0,0,0,0,0,0,0,-94,0,1,0,152565619,0,31,0,128,0,"[0,0,7,-12,6,-12,6,-12,6,-12,5,-12,5,-12,4,-12,4,-12,3,-12,2,-12,2,-12,1,-12,1,-13,1,-13,0,-13,0,-13,0,-14,0,-14,1,-14,1,-14,2,-14,2,-14,3,-14,3,-14,4,-13,5,-13,0,0,0,0,0,0,0,0,0,0,0,0,0,0,0,0,0,0,0,0,0,0,4,-10,5,-10,6,-10,7,-10,7,-9,8,-10,8,-9,9,-9,9,-9,9,-8,9,-8,9,-8,9,-8,9,-8,8,-8,8,-9,7,-9,7,-10,7,-10,7,-10,7,-11,7,-11,7,-12,7,-12,7,-12,7,-12]"
2025-08-18 22:39:18.475086,CSI_DATA,882,1a:00:00:00:00:00,-43,11,0,0,0,0,0,0,0,0,0,-94,0,1,0,152766704,0,31,0,128,0,"[0,0,-5,13,-4,13,-4,12,-3,12,-3,12,-3,12,-2,12,-2,12,-1,11,0,11,0,11,1,11,1,12,1,12,2,12,2,12,2,13,2,13,2,13,1,13,1,13,0,13,-1,14,-1,13,-2,13,-2,13,0,0,0,0,0,0,0,0,0,0,0,0,0,0,0,0,0,0,0,0,0,0,-2,10,-3,10,-4,10,-5,10,-5,10,-6,10,-7,10,-7,10,-7,10,-8,10,-8,9,-7,9,-7,9,-7,9,-7,9,-6,9,-6,10,-6,10,-5,11,-5,11,-5,11,-5,12,-4,12,-4,13,-5,13,-4,13]"
2025-08-18 22:39:18.672561,CSI_DATA,883,1a:00:00:00:00:00,-43,11,0,0,0,0,0,0,0,0,0,-94,0,1,0,152968048,0,31,0,128,0,"[0,0,5,13,5,12,5,12,5,11,6,11,5,11,6,10,6,10,6,9,7,8,8,8,8,8,8,8,9,8,9,7,10,8,9,8,10,8,10,9,10,9,9,10,8,10,8,10,8,10,7,11,7,11,0,0,0,0,0,0,0,0,0,0,0,0,0,0,0,0,0,0,0,0,0,0,5,8,5,9,4,9,4,10,3,10,3,12,2,12,2,12,1,12,1,11,1,12,1,11,1,11,1,11,2,11,2,10,2,11,3,11,3,11,3,11,4,12,4,12,5,11,5,12,6,12,6,12]"
2025-08-18 22:39:18.735461,CSI_DATA,884,1a:00:00:00:00:00,-43,11,0,0,0,0,0,0,0,0,0,-94,0,1,0,153029465,0,42,0,128,0,"[0,0,3,14,3,14,2,13,3,13,4,12,4,12,4,11,5,11,5,11,6,10,6,10,6,10,7,10,7,10,8,10,8,10,8,10,8,10,8,11,8,11,8,12,7,12,6,12,6,13,5,13,4,13,0,0,0,0,0,0,0,0,0,0,0,0,0,0,0,0,0,0,0,0,0,0,3,10,3,10,2,11,1,11,1,11,1,12,0,12,0,12,-1,12,-2,12,-2,12,-2,12,-2,12,-1,12,-1,12,-1,11,0,12,1,12,1,12,2,12,2,13,3,13,2,13,3,14,2,14,3,13]"
2025-08-18 22:39:18.806953,CSI_DATA,885,1a:00:00:00:00:00,-43,11,0,0,0,0,0,0,0,0,0,-94,0,1,0,153097504,0,31,0,128,0,"[0,0,6,-13,6,-13,6,-13,6,-12,5,-13,5,-12,4,-12,4,-13,3,-12,2,-12,1,-12,1,-12,1,-13,0,-14,0,-13,0,-14,0,-14,0,-14,0,-15,1,-15,2,-15,3,-15,2,-14,3,-14,4,-13,4,-13,0,0,0,0,0,0,0,0,0,0,0,0,0,0,0,0,0,0,0,0,0,0,3,-10,4,-11,5,-10,6,-10,7,-10,7,-10,8,-10,8,-10,9,-9,9,-9,8,-9,8,-9,8,-9,8,-9,8,-9,8,-9,7,-10,7,-10,7,-11,7,-11,6,-11,7,-12,6,-12,6,-13,6,-13,6,-13]"
2025-08-18 22:39:19.008041,CSI_DATA,886,1a:00:00:00:00:00,-43,11,0,0,0,0,0,0,0,0,0,-94,0,1,0,153298577,0,31,0,128,0,"[0,0,14,-2,13,-2,13,-2,13,-3,13,-3,12,-3,12,-3,11,-4,11,-4,11,-5,11,-5,10,-6,10,-6,10,-7,10,-7,11,-7,11,-7,11,-8,12,-7,12,-7,12,-6,12,-6,12,-5,13,-5,12,-4,12,-3,0,0,0,0,0,0,0,0,0,0,0,0,0,0,0,0,0,0,0,0,0,0,9,-3,10,-3,10,-2,11,-2,11,-1,11,-1,12,0,12,1,12,1,11,1,12,2,11,2,11,1,11,1,11,1,11,1,11,0,12,-1,12,-1,12,-1,12,-1,12,-2,13,-2,13,-2,13,-2,14,-2]"
2025-08-18 22:39:19.204806,CSI_DATA,887,1a:00:00:00:00:00,-43,11,0,0,0,0,0,0,0,0,0,-94,0,1,0,153499837,0,31,0,128,0,"[0,0,6,12,6,12,6,12,7,11,7,11,6,10,7,10,7,10,7,9,8,8,8,8,9,7,9,7,9,7,10,7,10,7,11,7,11,8,11,8,11,8,10,9,10,10,9,10,9,10,8,10,7,11,0,0,0,0,0,0,0,0,0,0,0,0,0,0,0,0,0,0,0,0,0,0,6,8,5,9,5,10,4,10,4,10,4,11,3,11,2,12,2,12,2,12,2,12,1,12,1,11,2,11,2,11,2,11,3,11,4,11,4,11,4,11,5,11,5,12,6,12,6,12,6,12,6,12]"
2025-08-18 22:39:19.410471,CSI_DATA,888,1a:00:00:00:00:00,-43,11,0,0,0,0,0,0,0,0,0,-94,0,1,0,153700919,0,31,0,128,0,"[0,0,12,-7,12,-7,12,-7,11,-7,11,-7,11,-7,10,-7,10,-8,9,-8,9,-8,9,-9,8,-9,8,-9,7,-10,7,-10,8,-11,8,-11,8,-11,9,-11,9,-11,9,-11,10,-10,10,-9,10,-9,11,-8,11,-7,0,0,0,0,0,0,0,0,0,0,0,0,0,0,0,0,0,0,0,0,0,0,8,-6,8,-6,9,-6,10,-5,10,-5,11,-4,11,-4,11,-4,12,-3,12,-3,12,-2,11,-2,11,-2,11,-3,11,-3,11,-3,11,-4,11,-5,11,-5,11,-5,11,-6,11,-6,12,-7,12,-7,12,-6,12,-7]"
2025-08-18 22:39:19.616994,CSI_DATA,889,1a:00:00:00:00:00,-43,11,0,0,0,0,0,0,0,0,0,-94,0,1,0,153902086,0,31,0,128,0,"[0,0,-2,-14,-2,-14,-2,-14,-2,-14,-3,-13,-3,-13,-3,-13,-4,-12,-4,-12,-5,-12,-5,-11,-6,-11,-6,-12,-7,-12,-7,-11,-7,-11,-7,-12,-7,-12,-7,-13,-7,-13,-6,-13,-6,-14,-5,-14,-5,-14,-4,-14,-3,-14,0,0,0,0,0,0,0,0,0,0,0,0,0,0,0,0,0,0,0,0,0,0,-3,-11,-3,-11,-2,-11,-1,-12,-1,-12,0,-13,1,-13,1,-13,1,-13,2,-13,1,-12,2,-12,2,-12,1,-12,1,-12,1,-12,0,-12,0,-12,-1,-13,-1,-13,-1,-13,-1,-14,-2,-14,-2,-14,-2,-14,-2,-14]"
2025-08-18 22:39:19.830792,CSI_DATA,890,1a:00:00:00:00:00,-43,11,0,0,0,0,0,0,0,0,0,-94,0,1,0,154103395,0,31,0,128,0,"[0,0,12,-8,11,-8,11,-8,11,-8,11,-8,10,-8,9,-8,9,-8,8,-9,8,-9,8,-10,7,-10,7,-10,7,-11,7,-11,7,-12,7,-11,7,-12,8,-12,8,-12,9,-11,9,-11,9,-10,10,-10,10,-9,10,-9,0,0,0,0,0,0,0,0,0,0,0,0,0,0,0,0,0,0,0,0,0,0,7,-7,8,-7,9,-6,10,-6,10,-6,11,-5,11,-5,11,-4,11,-4,11,-3,12,-3,11,-3,11,-3,11,-3,11,-4,11,-4,11,-5,10,-5,11,-6,11,-6,11,-6,11,-7,11,-7,12,-8,11,-8,12,-8]"
2025-08-18 22:39:20.212462,CSI_DATA,891,1a:00:00:00:00:00,-43,11,0,0,0,0,0,0,0,0,0,-94,0,1,0,154304593,0,31,0,128,0,"[0,0,11,8,11,8,10,7,11,7,10,7,10,6,10,6,10,5,10,5,11,4,11,4,11,3,11,3,11,2,12,2,12,2,13,2,13,2,13,3,13,3,13,4,12,5,12,5,12,6,11,6,11,7,0,0,0,0,0,0,0,0,0,0,0,0,0,0,0,0,0,0,0,0,0,0,9,5,8,5,8,6,8,7,8,7,8,8,8,9,7,9,7,10,7,10,6,10,6,9,6,9,6,9,7,9,7,9,7,8,8,8,8,8,9,8,9,8,10,8,10,8,10,8,10,8,11,8]"
2025-08-18 22:39:20.217728,CSI_DATA,892,1a:00:00:00:00:00,-43,11,0,0,0,0,0,0,0,0,0,-94,0,1,0,154505761,0,31,0,128,0,"[0,0,13,2,13,2,13,2,13,1,12,1,12,1,12,0,12,0,11,-1,12,-2,11,-2,11,-3,12,-3,11,-3,12,-4,12,-4,13,-4,12,-4,13,-4,13,-4,14,-3,13,-2,14,-2,13,-1,13,0,13,1,0,0,0,0,0,0,0,0,0,0,0,0,0,0,0,0,0,0,0,0,0,0,10,0,10,0,11,1,11,2,11,3,11,3,11,4,11,4,11,5,10,5,10,5,10,5,10,5,10,5,10,4,10,4,10,3,11,3,11,3,12,3,12,2,12,2,13,2,13,2,13,2,13,2]"
2025-08-18 22:39:20.275770,CSI_DATA,893,1a:00:00:00:00:00,-43,11,0,0,0,0,0,0,0,0,0,-94,0,1,0,154566645,0,42,0,128,0,"[0,0,-3,14,-4,13,-3,13,-2,13,-2,13,-2,13,-2,12,-1,12,0,12,0,12,1,12,2,12,2,12,2,12,3,12,3,12,3,13,3,13,3,14,2,14,2,14,1,14,1,14,0,14,-1,13,-2,13,0,0,0,0,0,0,0,0,0,0,0,0,0,0,0,0,0,0,0,0,0,0,-1,10,-2,10,-3,11,-4,11,-4,11,-5,11,-6,11,-6,11,-6,11,-7,10,-7,10,-7,10,-7,10,-6,10,-6,10,-6,10,-5,11,-5,11,-4,11,-4,12,-4,12,-4,12,-3,13,-4,13,-4,14,-3,13]"
2025-08-18 22:39:20.336588,CSI_DATA,894,1a:00:00:00:00:00,-43,11,0,0,0,0,0,0,0,0,0,-94,0,1,0,154631603,0,31,0,128,0,"[0,0,12,5,12,5,12,5,12,4,12,4,12,4,11,3,11,2,11,2,11,1,11,1,11,0,11,0,12,-1,12,-1,13,-2,13,-1,13,-1,14,-1,14,-1,14,0,14,1,13,1,13,2,13,2,12,3,0,0,0,0,0,0,0,0,0,0,0,0,0,0,0,0,0,0,0,0,0,0,9,2,9,4,10,4,10,5,9,6,10,6,9,7,9,7,9,7,8,8,8,8,8,8,8,7,8,7,9,7,8,6,9,6,9,6,10,6,10,6,11,6,11,5,12,5,12,5,12,5,13,5]"
2025-08-18 22:39:20.536920,CSI_DATA,895,1a:00:00:00:00:00,-43,11,0,0,0,0,0,0,0,0,0,-94,0,1,0,154832674,0,31,0,128,0,"[0,0,10,8,10,9,10,8,10,8,10,7,10,7,10,6,10,6,10,5,11,5,11,4,11,4,11,3,11,3,12,3,12,3,13,3,13,3,13,4,13,4,13,4,12,5,12,6,11,6,11,7,11,7,0,0,0,0,0,0,0,0,0,0,0,0,0,0,0,0,0,0,0,0,0,0,8,5,8,6,8,7,8,7,8,8,7,8,7,9,7,9,7,10,6,10,6,10,6,10,6,10,6,9,6,9,6,9,7,8,8,9,8,8,8,9,9,8,9,8,10,8,10,8,10,9,10,8]"
2025-08-18 22:39:20.820127,CSI_DATA,896,1a:00:00:00:00:00,-43,11,0,0,0,0,0,0,0,0,0,-94,0,1,0,155033885,0,31,0,128,0,"[0,0,-12,8,-12,8,-11,8,-11,8,-11,8,-10,8,-10,8,-9,8,-8,9,-8,9,-7,9,-7,10,-7,10,-7,10,-6,11,-6,11,-7,12,-7,12,-8,12,-8,12,-8,11,-9,11,-9,11,-10,10,-10,9,-10,8,0,0,0,0,0,0,0,0,0,0,0,0,0,0,0,0,0,0,0,0,0,0,-7,7,-8,7,-9,7,-10,6,-10,6,-11,6,-12,5,-12,5,-12,5,-12,4,-12,4,-12,4,-12,4,-12,4,-11,4,-11,5,-11,5,-11,6,-11,6,-11,6,-11,7,-11,7,-12,8,-12,8,-12,8,-11,8]"
2025-08-18 22:39:20.942782,CSI_DATA,897,1a:00:00:00:00:00,-42,11,0,0,0,0,0,0,0,0,0,-94,0,1,0,155235170,0,31,0,128,0,"[0,0,1,14,1,14,1,14,1,13,1,13,2,13,2,12,2,12,3,12,4,11,4,11,5,11,5,11,6,11,6,11,6,11,6,12,6,12,6,12,6,12,5,13,5,13,4,13,3,13,3,13,2,13,0,0,0,0,0,0,0,0,0,0,0,0,0,0,0,0,0,0,0,0,0,0,2,10,1,10,1,10,0,12,0,11,-1,13,-2,12,-2,12,-3,12,-3,12,-3,12,-3,11,-3,11,-3,11,-3,12,-2,11,-2,12,-1,12,-1,12,-1,13,0,13,0,13,0,14,0,14,1,14,1,14]"
2025-08-18 22:39:21.149476,CSI_DATA,898,1a:00:00:00:00:00,-42,11,0,0,0,0,0,0,0,0,0,-94,0,1,0,155436304,0,31,0,128,0,"[0,0,-15,1,-14,0,-15,0,-14,1,-14,1,-13,1,-13,1,-13,2,-12,2,-12,3,-12,4,-11,4,-12,5,-12,5,-12,5,-12,6,-12,6,-13,6,-13,6,-13,5,-14,5,-14,4,-13,4,-13,3,-13,3,-14,2,0,0,0,0,0,0,0,0,0,0,0,0,0,0,0,0,0,0,0,0,0,0,-10,2,-11,1,-11,0,-12,0,-12,-1,-13,-2,-12,-2,-13,-2,-12,-3,-12,-3,-13,-3,-12,-3,-12,-3,-12,-3,-12,-2,-12,-3,-12,-2,-12,-1,-13,-1,-13,-1,-14,0,-14,-1,-14,1,-14,1,-15,1,-14,1]"
2025-08-18 22:39:21.353255,CSI_DATA,899,1a:00:00:00:00:00,-42,11,0,0,0,0,0,0,0,0,0,-94,0,1,0,155638258,0,31,0,128,0,"[0,0,-3,-14,-2,-14,-3,-14,-3,-14,-3,-13,-3,-13,-4,-13,-4,-12,-5,-12,-5,-12,-6,-11,-6,-11,-7,-11,-7,-11,-8,-11,-8,-11,-8,-12,-8,-11,-8,-12,-8,-12,-7,-12,-7,-13,-6,-13,-5,-13,-5,-13,-4,-13,0,0,0,0,0,0,0,0,0,0,0,0,0,0,0,0,0,0,0,0,0,0,-3,-11,-3,-11,-2,-11,-1,-12,-1,-12,0,-12,1,-13,1,-13,1,-13,2,-13,2,-12,2,-12,2,-12,2,-12,1,-12,1,-12,0,-12,0,-13,0,-13,-1,-13,-1,-13,-2,-14,-2,-14,-2,-14,-2,-14,-2,-14]"
2025-08-18 22:39:21.548937,CSI_DATA,900,1a:00:00:00:00:00,-43,11,0,0,0,0,0,0,0,0,0,-94,0,1,0,155838665,0,31,0,128,0,"[0,0,13,-5,12,-5,12,-5,12,-6,12,-6,11,-6,11,-6,10,-6,10,-7,9,-7,9,-8,9,-8,9,-9,8,-9,8,-10,8,-10,9,-10,9,-10,10,-11,10,-10,10,-10,10,-9,11,-9,11,-8,11,-7,12,-6,0,0,0,0,0,0,0,0,0,0,0,0,0,0,0,0,0,0,0,0,0,0,9,-5,10,-5,10,-4,11,-4,11,-3,12,-3,12,-2,12,-2,12,-1,12,-1,12,0,12,0,12,-1,12,-1,11,-1,11,-2,11,-2,11,-3,12,-3,12,-4,12,-4,12,-5,12,-5,12,-5,13,-5,13,-5]"
2025-08-18 22:39:21.750361,CSI_DATA,901,1a:00:00:00:00:00,-43,11,0,0,0,0,0,0,0,0,0,-94,0,1,0,156039809,0,31,0,128,0,"[0,0,10,-9,10,-9,10,-9,9,-9,9,-9,9,-10,8,-10,7,-10,7,-10,7,-10,6,-10,6,-11,6,-11,5,-12,5,-12,5,-12,5,-13,5,-13,6,-13,6,-13,6,-13,7,-13,7,-12,8,-11,8,-11,9,-10,0,0,0,0,0,0,0,0,0,0,0,0,0,0,0,0,0,0,0,0,0,0,7,-8,7,-8,8,-7,9,-7,9,-7,10,-7,10,-6,11,-6,11,-5,11,-5,11,-4,11,-4,11,-4,10,-5,10,-5,10,-5,10,-6,10,-7,10,-7,10,-8,10,-8,10,-8,10,-9,10,-9,10,-9,10,-9]"
2025-08-18 22:39:21.804824,CSI_DATA,902,1a:00:00:00:00:00,-43,11,0,0,0,0,0,0,0,0,0,-94,0,1,0,156100883,0,42,0,128,0,"[0,0,7,11,7,11,7,11,8,10,7,10,8,9,8,9,8,8,8,8,8,7,9,7,9,7,9,7,10,6,11,6,11,6,11,7,11,7,11,7,11,7,11,8,10,8,9,9,9,10,8,10,8,10,0,0,0,0,0,0,0,0,0,0,0,0,0,0,0,0,0,0,0,0,0,0,6,7,6,8,6,8,5,9,5,10,4,11,5,11,4,11,4,11,3,11,2,11,2,11,2,11,3,11,3,11,4,10,4,10,5,10,5,10,6,10,6,10,6,10,7,11,7,11,7,11,7,11]"
2025-08-18 22:39:21.876629,CSI_DATA,903,1a:00:00:00:00:00,-42,11,0,0,0,0,0,0,0,0,0,-94,0,1,0,156165678,0,31,0,128,0,"[0,0,13,-6,13,-6,13,-6,12,-7,12,-7,12,-7,11,-7,11,-8,10,-8,10,-8,9,-8,9,-9,9,-9,9,-10,9,-10,9,-11,9,-11,10,-11,10,-11,10,-11,11,-10,11,-10,11,-9,12,-8,12,-8,12,-7,0,0,0,0,0,0,0,0,0,0,0,0,0,0,0,0,0,0,0,0,0,0,9,-6,9,-6,10,-5,11,-5,11,-5,12,-4,12,-3,12,-3,12,-2,12,-2,12,-2,12,-2,12,-2,12,-2,12,-2,12,-3,12,-3,12,-4,12,-4,12,-5,12,-5,12,-5,13,-6,13,-6,13,-6,13,-6]"
2025-08-18 22:39:22.081276,CSI_DATA,904,1a:00:00:00:00:00,-42,11,0,0,0,0,0,0,0,0,0,-94,0,1,0,156366919,0,31,0,128,0,"[0,0,-2,-15,-2,-14,-2,-14,-2,-14,-3,-14,-3,-13,-3,-13,-4,-13,-4,-12,-5,-12,-5,-12,-6,-12,-6,-12,-7,-12,-7,-12,-8,-12,-7,-12,-8,-12,-7,-13,-7,-13,-7,-13,-6,-14,-5,-14,-4,-14,-4,-14,-3,-14,0,0,0,0,0,0,0,0,0,0,0,0,0,0,0,0,0,0,0,0,0,0,-3,-10,-2,-11,-2,-11,-1,-12,-1,-12,0,-12,1,-13,1,-13,1,-13,2,-12,2,-12,2,-12,2,-12,2,-12,1,-12,1,-12,0,-12,0,-13,0,-13,-1,-13,-1,-14,-1,-14,-2,-14,-2,-14,-2,-14,-2,-14]"
2025-08-18 22:39:22.281075,CSI_DATA,905,1a:00:00:00:00:00,-42,11,0,0,0,0,0,0,0,0,0,-94,0,1,0,156568149,0,31,0,128,0,"[0,0,0,-14,0,-15,0,-14,0,-14,-1,-14,-1,-14,-1,-13,-2,-13,-2,-13,-3,-13,-3,-12,-4,-12,-4,-12,-5,-12,-5,-13,-5,-12,-5,-13,-5,-13,-5,-14,-5,-14,-4,-14,-4,-14,-3,-15,-2,-14,-2,-14,-1,-13,0,0,0,0,0,0,0,0,0,0,0,0,0,0,0,0,0,0,0,0,0,0,-2,-10,-2,-11,-1,-12,0,-11,0,-12,1,-12,2,-12,2,-12,2,-12,3,-12,3,-12,3,-12,3,-12,3,-12,3,-12,2,-12,2,-12,1,-13,1,-13,1,-13,1,-13,0,-14,0,-14,0,-15,0,-15,0,-14]"
2025-08-18 22:39:22.483384,CSI_DATA,906,1a:00:00:00:00:00,-43,11,0,0,0,0,0,0,0,0,0,-94,0,1,0,156769215,0,31,0,128,0,"[0,0,-14,-5,-13,-5,-13,-5,-13,-5,-13,-4,-13,-4,-13,-3,-13,-3,-12,-2,-13,-2,-13,-1,-12,-1,-13,0,-13,0,-13,1,-13,1,-14,1,-14,1,-15,1,-15,1,-15,0,-15,-1,-14,-2,-14,-2,-14,-3,-14,-4,0,0,0,0,0,0,0,0,0,0,0,0,0,0,0,0,0,0,0,0,0,0,-10,-3,-10,-4,-11,-5,-11,-5,-11,-6,-11,-7,-11,-8,-11,-8,-10,-8,-10,-9,-10,-9,-9,-9,-9,-8,-9,-8,-10,-8,-10,-7,-10,-7,-11,-6,-11,-7,-12,-6,-12,-6,-12,-6,-13,-6,-13,-6,-13,-6,-13,-5]"
2025-08-18 22:39:22.678135,CSI_DATA,907,1a:00:00:00:00:00,-43,11,0,0,0,0,0,0,0,0,0,-94,0,1,0,156970386,0,31,0,128,0,"[0,0,14,1,13,0,13,0,13,-1,13,-1,12,-1,12,-2,12,-2,11,-3,12,-3,11,-4,11,-4,11,-5,11,-5,12,-6,12,-6,12,-6,12,-6,13,-6,13,-5,13,-5,13,-4,14,-3,13,-3,13,-2,13,-1,0,0,0,0,0,0,0,0,0,0,0,0,0,0,0,0,0,0,0,0,0,0,10,-2,10,-1,11,0,11,1,11,1,11,2,11,3,11,3,11,4,11,4,11,4,11,4,11,4,11,3,11,3,11,3,11,2,12,2,11,2,12,1,12,1,13,1,13,0,13,0,13,0,13,0]"
2025-08-18 22:39:22.890127,CSI_DATA,908,1a:00:00:00:00:00,-42,11,0,0,0,0,0,0,0,0,0,-94,0,1,0,157171539,0,31,0,128,0,"[0,0,-4,-14,-4,-14,-4,-14,-4,-13,-4,-13,-4,-13,-5,-12,-5,-12,-6,-12,-6,-11,-7,-11,-8,-11,-8,-11,-8,-11,-9,-10,-9,-11,-9,-11,-9,-11,-9,-12,-9,-12,-9,-12,-8,-13,-7,-13,-7,-13,-6,-13,-5,-13,0,0,0,0,0,0,0,0,0,0,0,0,0,0,0,0,0,0,0,0,0,0,-3,-10,-3,-11,-2,-11,-2,-12,-1,-12,-1,-13,0,-13,1,-13,1,-13,1,-13,1,-12,1,-12,1,-12,1,-12,0,-12,0,-12,-1,-12,-1,-12,-1,-13,-2,-13,-2,-13,-2,-13,-3,-13,-3,-14,-4,-14,-4,-14]"
2025-08-18 22:39:23.086218,CSI_DATA,909,1a:00:00:00:00:00,-42,11,0,0,0,0,0,0,0,0,0,-94,0,1,0,157372684,0,31,0,128,0,"[0,0,-14,-2,-14,-2,-14,-2,-14,-1,-14,-1,-13,-1,-13,0,-13,1,-13,1,-13,2,-13,2,-12,3,-12,3,-13,4,-13,4,-13,5,-14,5,-14,5,-14,4,-14,4,-15,4,-15,3,-15,2,-15,2,-15,1,-14,0,0,0,0,0,0,0,0,0,0,0,0,0,0,0,0,0,0,0,0,0,0,0,-11,-1,-11,-2,-11,-3,-11,-4,-11,-4,-11,-5,-12,-5,-11,-6,-11,-6,-11,-6,-11,-6,-11,-6,-11,-6,-11,-6,-11,-5,-11,-5,-11,-5,-12,-4,-12,-4,-13,-3,-13,-3,-13,-3,-14,-2,-14,-2,-14,-2,-14,-2]"
2025-08-18 22:39:23.282606,CSI_DATA,910,1a:00:00:00:00:00,-42,11,0,0,0,0,0,0,0,0,0,-94,0,1,0,157574060,0,31,0,128,0,"[0,0,13,-2,13,-2,13,-2,13,-3,13,-3,12,-3,12,-3,11,-4,11,-4,11,-5,11,-6,10,-6,10,-7,10,-7,10,-7,11,-8,11,-8,12,-8,12,-8,12,-8,13,-7,13,-6,13,-6,13,-5,13,-4,13,-3,0,0,0,0,0,0,0,0,0,0,0,0,0,0,0,0,0,0,0,0,0,0,9,-2,9,-2,10,-1,10,0,11,0,11,1,11,2,11,2,11,2,11,3,11,3,11,2,11,2,10,2,11,2,10,1,11,1,11,0,11,0,12,-1,12,-1,12,-1,12,-1,13,-2,13,-2,13,-2]"
2025-08-18 22:39:23.343667,CSI_DATA,911,1a:00:00:00:00:00,-42,11,0,0,0,0,0,0,0,0,0,-94,0,1,0,157634760,0,42,0,128,0,"[0,0,-2,13,-2,13,-2,13,-2,13,-2,13,-1,12,-1,12,0,12,0,12,1,11,1,12,2,12,2,12,3,12,3,12,3,12,3,13,3,13,3,13,3,14,2,14,2,14,1,14,0,14,-1,13,-1,13,0,0,0,0,0,0,0,0,0,0,0,0,0,0,0,0,0,0,0,0,0,0,-1,9,-2,10,-3,10,-3,10,-4,10,-5,10,-5,10,-5,10,-6,10,-6,10,-6,9,-6,9,-6,10,-6,9,-5,10,-5,9,-5,10,-4,10,-4,11,-4,11,-3,12,-3,12,-3,12,-3,13,-3,13,-2,13]"
2025-08-18 22:39:23.416078,CSI_DATA,912,1a:00:00:00:00:00,-42,11,0,0,0,0,0,0,0,0,0,-94,0,1,0,157702782,0,31,0,128,0,"[0,0,-14,-1,-14,-1,-14,-1,-13,-1,-13,0,-13,0,-13,0,-13,1,-13,1,-12,2,-12,3,-12,3,-12,4,-13,4,-13,4,-13,5,-13,5,-14,5,-14,5,-14,4,-15,3,-15,3,-14,2,-14,1,-14,1,-15,0,0,0,0,0,0,0,0,0,0,0,0,0,0,0,0,0,0,0,0,0,0,0,-10,0,-11,-1,-11,-2,-11,-2,-11,-3,-12,-3,-11,-4,-11,-4,-11,-5,-11,-5,-11,-5,-11,-5,-11,-5,-11,-5,-11,-5,-11,-4,-12,-4,-12,-3,-12,-3,-12,-3,-13,-2,-13,-2,-13,-1,-13,-1,-14,-1,-14,-1]"
2025-08-18 22:39:23.614692,CSI_DATA,913,1a:00:00:00:00:00,-42,11,0,0,0,0,0,0,0,0,0,-94,0,1,0,157903845,0,31,0,128,0,"[0,0,-14,6,-14,6,-13,6,-13,6,-13,6,-12,6,-12,6,-12,7,-11,7,-11,8,-10,8,-10,8,-10,9,-10,10,-10,10,-10,10,-10,11,-11,11,-11,11,-12,10,-12,10,-12,9,-13,9,-13,8,-13,7,-13,6,0,0,0,0,0,0,0,0,0,0,0,0,0,0,0,0,0,0,0,0,0,0,-9,5,-10,4,-11,4,-11,3,-12,3,-12,2,-12,2,-13,1,-13,1,-13,1,-13,1,-12,0,-12,1,-12,1,-12,1,-12,2,-12,2,-12,3,-12,3,-12,4,-13,4,-13,4,-13,5,-13,6,-14,6,-13,6]"
2025-08-18 22:39:23.821922,CSI_DATA,914,1a:00:00:00:00:00,-42,11,0,0,0,0,0,0,0,0,0,-94,0,1,0,158106118,0,31,0,128,0,"[0,0,-10,-10,-10,-10,-10,-10,-11,-10,-10,-9,-10,-9,-10,-9,-10,-8,-11,-7,-11,-7,-11,-6,-12,-6,-12,-6,-12,-5,-13,-5,-13,-5,-14,-6,-14,-6,-14,-6,-14,-7,-13,-7,-13,-8,-12,-9,-12,-9,-11,-9,-11,-10,0,0,0,0,0,0,0,0,0,0,0,0,0,0,0,0,0,0,0,0,0,0,-8,-7,-8,-7,-7,-8,-7,-9,-7,-9,-7,-10,-6,-11,-6,-11,-6,-11,-5,-11,-5,-11,-5,-11,-5,-11,-6,-10,-6,-10,-6,-10,-7,-10,-7,-10,-7,-10,-8,-10,-8,-10,-9,-10,-10,-10,-10,-10,-10,-10,-10,-10]"
2025-08-18 22:39:24.018513,CSI_DATA,915,1a:00:00:00:00:00,-42,11,0,0,0,0,0,0,0,0,0,-94,0,1,0,158306151,0,31,0,128,0,"[0,0,2,-14,2,-14,2,-14,2,-14,1,-14,1,-14,1,-14,0,-13,-1,-13,-1,-13,-2,-13,-2,-13,-3,-13,-3,-14,-3,-14,-3,-14,-3,-14,-3,-14,-3,-15,-3,-15,-2,-15,-1,-15,-1,-15,0,-15,1,-15,2,-14,0,0,0,0,0,0,0,0,0,0,0,0,0,0,0,0,0,0,0,0,0,0,1,-10,1,-11,2,-11,3,-11,3,-11,4,-11,4,-11,5,-11,5,-11,6,-11,6,-11,5,-10,5,-11,5,-11,5,-11,4,-11,4,-11,3,-12,3,-12,3,-12,3,-13,3,-13,2,-14,2,-14,2,-14,2,-14]"
2025-08-18 22:39:24.217504,CSI_DATA,916,1a:00:00:00:00:00,-42,11,0,0,0,0,0,0,0,0,0,-94,0,1,0,158507424,0,31,0,128,0,"[0,0,-13,7,-13,7,-12,7,-12,7,-12,7,-11,7,-11,7,-10,8,-10,8,-9,8,-9,8,-9,9,-9,9,-8,10,-8,10,-9,11,-9,11,-9,11,-9,11,-10,11,-11,10,-11,10,-11,9,-12,8,-12,8,-12,7,0,0,0,0,0,0,0,0,0,0,0,0,0,0,0,0,0,0,0,0,0,0,-9,5,-9,5,-10,4,-10,4,-11,3,-11,3,-12,3,-12,2,-12,2,-12,1,-12,1,-12,1,-12,2,-12,2,-11,2,-11,2,-11,3,-11,3,-12,4,-11,5,-12,5,-12,5,-12,6,-12,6,-13,6,-12,6]"
2025-08-18 22:39:24.430629,CSI_DATA,917,1a:00:00:00:00:00,-42,11,0,0,0,0,0,0,0,0,0,-94,0,1,0,158708764,0,31,0,128,0,"[0,0,13,-3,13,-3,13,-3,13,-4,12,-4,12,-4,12,-4,11,-5,11,-5,11,-6,11,-6,10,-7,10,-7,10,-7,10,-8,11,-8,11,-8,11,-8,12,-8,12,-8,13,-7,13,-7,13,-6,13,-5,13,-4,13,-3,0,0,0,0,0,0,0,0,0,0,0,0,0,0,0,0,0,0,0,0,0,0,9,-4,9,-3,10,-2,10,-2,10,-1,11,-1,11,0,11,0,11,1,11,1,11,1,11,1,11,1,11,1,11,0,11,0,11,0,11,-1,11,-1,11,-2,12,-2,12,-3,13,-3,13,-3,13,-3,13,-4]"
2025-08-18 22:39:24.619567,CSI_DATA,918,1a:00:00:00:00:00,-42,11,0,0,0,0,0,0,0,0,0,-94,0,1,0,158909824,0,31,0,128,0,"[0,0,-13,7,-12,7,-12,7,-12,8,-11,7,-11,8,-10,8,-10,8,-10,8,-9,9,-8,9,-8,9,-8,10,-8,10,-7,11,-7,11,-8,11,-8,11,-9,11,-9,11,-10,11,-10,11,-11,10,-11,9,-11,9,-11,8,0,0,0,0,0,0,0,0,0,0,0,0,0,0,0,0,0,0,0,0,0,0,-8,6,-9,5,-10,5,-10,4,-11,4,-11,3,-12,3,-12,3,-12,2,-12,2,-12,2,-12,2,-12,2,-12,2,-11,2,-11,3,-11,3,-12,4,-11,4,-11,5,-12,5,-12,6,-12,7,-12,7,-12,7,-12,7]"
2025-08-18 22:39:24.818347,CSI_DATA,919,1a:00:00:00:00:00,-42,11,0,0,0,0,0,0,0,0,0,-94,0,1,0,159110980,0,31,0,128,0,"[0,0,0,14,0,13,0,13,1,13,1,13,1,12,2,12,2,12,3,12,3,11,4,11,4,11,5,11,5,11,6,11,6,11,6,12,6,12,6,13,5,13,5,13,4,13,3,13,2,13,2,13,1,13,0,0,0,0,0,0,0,0,0,0,0,0,0,0,0,0,0,0,0,0,0,0,1,9,0,10,0,10,-1,11,-1,11,-2,11,-3,11,-3,11,-3,11,-4,11,-4,11,-4,11,-4,11,-3,11,-3,11,-3,11,-2,11,-1,11,-1,12,-1,12,-1,12,0,12,0,13,0,13,0,13,1,13]"
2025-08-18 22:39:24.884659,CSI_DATA,920,1a:00:00:00:00:00,-42,11,0,0,0,0,0,0,0,0,0,-94,0,1,0,159171822,0,42,0,128,0,"[0,0,-15,0,-14,0,-14,0,-14,1,-14,1,-13,1,-13,1,-13,2,-13,2,-12,3,-12,4,-12,4,-12,4,-12,5,-12,6,-13,6,-13,6,-13,6,-14,5,-14,5,-14,5,-14,4,-14,3,-14,3,-14,2,-14,1,0,0,0,0,0,0,0,0,0,0,0,0,0,0,0,0,0,0,0,0,0,0,-10,1,-11,0,-11,-1,-12,-1,-12,-2,-12,-3,-12,-3,-12,-3,-12,-4,-12,-4,-12,-4,-12,-4,-11,-4,-11,-4,-11,-3,-12,-3,-12,-3,-12,-2,-12,-2,-13,-1,-13,-1,-13,-1,-14,0,-14,0,-14,0,-14,0]"
2025-08-18 22:39:24.963299,CSI_DATA,921,1a:00:00:00:00:00,-42,11,0,0,0,0,0,0,0,0,0,-94,0,1,0,159240501,0,31,0,128,0,"[0,0,-3,13,-3,13,-3,13,-2,12,-2,12,-2,12,-1,12,-1,12,0,12,1,11,1,11,2,11,2,12,2,12,2,12,3,12,2,12,2,13,2,13,2,13,1,13,0,14,0,13,-1,13,-1,13,-2,13,0,0,0,0,0,0,0,0,0,0,0,0,0,0,0,0,0,0,0,0,0,0,-1,9,-1,9,-2,10,-3,10,-3,10,-4,10,-5,10,-5,10,-5,10,-6,10,-6,10,-6,10,-6,10,-5,9,-5,9,-5,10,-4,10,-4,10,-4,11,-3,11,-3,11,-3,12,-3,12,-3,13,-3,13,-2,13]"
2025-08-18 22:39:25.154486,CSI_DATA,922,1a:00:00:00:00:00,-42,11,0,0,0,0,0,0,0,0,0,-94,0,1,0,159441614,0,31,0,128,0,"[0,0,-15,0,-14,0,-14,0,-14,0,-14,0,-14,1,-13,1,-13,2,-13,2,-13,3,-13,3,-12,3,-12,4,-12,4,-13,5,-13,5,-13,5,-13,5,-14,5,-14,5,-14,4,-14,4,-14,3,-14,2,-14,1,-14,0,0,0,0,0,0,0,0,0,0,0,0,0,0,0,0,0,0,0,0,0,0,0,-10,0,-10,0,-11,-1,-11,-2,-12,-2,-12,-3,-12,-3,-12,-4,-12,-4,-12,-5,-11,-5,-11,-5,-11,-5,-11,-4,-11,-4,-11,-3,-12,-3,-12,-2,-12,-2,-13,-2,-13,-1,-14,-1,-14,-1,-14,-1,-14,-1,-14,-1]"
2025-08-18 22:39:25.356308,CSI_DATA,923,1a:00:00:00:00:00,-42,11,0,0,0,0,0,0,0,0,0,-94,0,1,0,159642909,0,31,0,128,0,"[0,0,-15,0,-15,0,-15,0,-15,0,-14,1,-14,1,-14,2,-13,2,-13,3,-13,3,-13,3,-12,4,-12,4,-12,5,-13,6,-13,6,-13,6,-14,6,-14,6,-14,6,-14,5,-14,4,-15,3,-15,2,-15,2,-14,1,0,0,0,0,0,0,0,0,0,0,0,0,0,0,0,0,0,0,0,0,0,0,-11,0,-11,0,-11,-1,-12,-2,-12,-3,-12,-3,-12,-4,-12,-4,-12,-4,-12,-5,-12,-5,-12,-5,-12,-5,-12,-4,-12,-4,-12,-3,-12,-3,-12,-2,-13,-2,-13,-1,-13,-1,-14,-1,-15,-1,-14,-1,-15,-1,-15,-1]"
2025-08-18 22:39:25.555619,CSI_DATA,924,1a:00:00:00:00:00,-42,11,0,0,0,0,0,0,0,0,0,-94,0,1,0,159844168,0,31,0,128,0,"[0,0,-15,1,-15,2,-14,2,-14,2,-13,2,-13,2,-13,2,-13,3,-12,3,-12,4,-12,5,-11,5,-12,6,-11,6,-12,7,-12,7,-12,7,-13,7,-13,6,-14,6,-14,5,-14,5,-14,4,-14,4,-14,3,-14,2,0,0,0,0,0,0,0,0,0,0,0,0,0,0,0,0,0,0,0,0,0,0,-10,2,-11,1,-11,1,-11,0,-12,-1,-12,-1,-12,-2,-12,-2,-12,-2,-12,-3,-12,-3,-12,-2,-12,-3,-12,-2,-12,-2,-12,-2,-12,-1,-12,-1,-12,0,-13,0,-13,0,-13,0,-14,1,-14,2,-14,2,-14,1]"
2025-08-18 22:39:25.755053,CSI_DATA,925,1a:00:00:00:00:00,-42,11,0,0,0,0,0,0,0,0,0,-94,0,1,0,160045211,0,31,0,128,0,"[0,0,-12,9,-12,8,-12,8,-11,8,-11,8,-10,8,-10,8,-9,9,-9,9,-8,9,-8,9,-7,10,-7,10,-7,11,-7,11,-7,11,-7,11,-8,12,-8,12,-8,12,-9,11,-9,11,-10,10,-10,10,-11,9,-11,8,0,0,0,0,0,0,0,0,0,0,0,0,0,0,0,0,0,0,0,0,0,0,-7,6,-9,6,-9,6,-10,5,-10,5,-11,5,-11,5,-11,4,-12,4,-12,4,-12,3,-11,3,-11,3,-11,4,-11,4,-11,4,-11,5,-11,5,-11,6,-11,6,-11,7,-11,7,-11,8,-12,8,-12,8,-12,8]"
2025-08-18 22:39:25.955663,CSI_DATA,926,1a:00:00:00:00:00,-42,11,0,0,0,0,0,0,0,0,0,-94,0,1,0,160246382,0,31,0,128,0,"[0,0,14,-3,13,-3,13,-3,13,-3,13,-4,12,-4,12,-4,12,-5,11,-5,11,-6,11,-6,10,-7,10,-7,11,-7,10,-7,11,-8,11,-8,12,-8,12,-8,12,-7,13,-7,13,-6,13,-5,13,-5,13,-4,13,-3,0,0,0,0,0,0,0,0,0,0,0,0,0,0,0,0,0,0,0,0,0,0,9,-4,10,-3,10,-2,11,-2,10,-1,12,-1,11,0,11,0,11,0,11,1,11,1,11,1,11,1,11,0,11,0,11,0,11,0,11,-1,12,-1,12,-2,12,-2,12,-2,12,-3,13,-3,13,-3,13,-3]"
2025-08-18 22:39:26.173265,CSI_DATA,927,1a:00:00:00:00:00,-42,11,0,0,0,0,0,0,0,0,0,-94,0,1,0,160447558,0,31,0,128,0,"[0,0,-3,-14,-3,-14,-3,-14,-3,-14,-4,-14,-4,-13,-5,-13,-5,-12,-5,-12,-6,-11,-7,-11,-7,-11,-6,-11,-8,-11,-8,-11,-8,-10,-8,-12,-9,-12,-8,-14,-8,-12,-8,-13,-8,-12,-7,-14,-6,-14,-5,-14,-4,-14,0,0,0,0,0,0,0,0,0,0,0,0,0,0,0,0,0,0,0,0,0,0,-2,-10,-2,-10,-1,-11,0,-11,0,-12,0,-12,1,-12,1,-12,1,-12,2,-12,2,-12,2,-12,2,-12,2,-12,1,-12,1,-12,0,-12,0,-12,-1,-13,-1,-13,-2,-13,-2,-13,-2,-14,-2,-14,-2,-14,-3,-14]"
2025-08-18 22:39:26.363892,CSI_DATA,928,1a:00:00:00:00:00,-42,11,0,0,0,0,0,0,0,0,0,-94,0,1,0,160648789,0,31,0,128,0,"[0,0,-13,-6,-13,-6,-13,-6,-13,-5,-13,-5,-13,-5,-13,-4,-13,-3,-13,-3,-13,-2,-13,-2,-13,-1,-13,-1,-13,0,-14,-1,-14,0,-14,-1,-15,0,-15,-1,-15,-1,-15,-2,-15,-3,-14,-3,-14,-4,-14,-4,-13,-5,0,0,0,0,0,0,0,0,0,0,0,0,0,0,0,0,0,0,0,0,0,0,-10,-4,-10,-4,-10,-5,-10,-6,-10,-6,-10,-7,-10,-8,-10,-8,-9,-8,-9,-8,-9,-8,-9,-8,-9,-8,-9,-8,-9,-8,-9,-7,-10,-7,-10,-7,-11,-7,-11,-6,-12,-6,-12,-7,-13,-6,-13,-6,-13,-6,-13,-6]"
2025-08-18 22:39:26.424488,CSI_DATA,929,1a:00:00:00:00:00,-42,11,0,0,0,0,0,0,0,0,0,-94,0,1,0,160709538,0,42,0,128,0,"[0,0,-14,-4,-14,-4,-14,-4,-13,-4,-14,-4,-13,-3,-13,-2,-13,-2,-13,-1,-13,-1,-13,-1,-13,0,-13,0,-13,1,-13,2,-14,2,-14,2,-15,2,-15,2,-15,1,-15,1,-15,0,-14,-1,-14,-2,-14,-2,-14,-3,0,0,0,0,0,0,0,0,0,0,0,0,0,0,0,0,0,0,0,0,0,0,-10,-3,-10,-4,-10,-5,-11,-5,-10,-6,-11,-7,-11,-7,-10,-7,-10,-7,-10,-8,-9,-8,-9,-8,-9,-8,-9,-8,-10,-7,-10,-6,-11,-6,-11,-6,-11,-6,-12,-5,-12,-5,-13,-5,-13,-4,-13,-5,-13,-5,-14,-5]"
2025-08-18 22:39:26.481878,CSI_DATA,930,1a:00:00:00:00:00,-42,11,0,0,0,0,0,0,0,0,0,-94,0,1,0,160774012,0,31,0,128,0,"[0,0,14,1,13,0,13,0,13,0,13,0,13,0,12,-1,12,-2,12,-2,11,-3,12,-3,11,-4,12,-4,12,-4,12,-5,13,-5,12,-5,13,-5,13,-5,14,-4,14,-4,14,-3,13,-2,13,-2,13,-1,13,0,0,0,0,0,0,0,0,0,0,0,0,0,0,0,0,0,0,0,0,0,0,0,9,-1,10,0,10,0,10,1,10,1,11,2,11,3,11,3,11,4,10,4,10,4,10,4,10,4,10,4,10,3,10,3,11,2,11,2,11,2,12,1,12,1,12,1,13,1,13,1,13,1,14,0]"
2025-08-18 22:39:26.686032,CSI_DATA,931,1a:00:00:00:00:00,-42,11,0,0,0,0,0,0,0,0,0,-94,0,1,0,160975097,0,31,0,128,0,"[0,0,12,-6,12,-6,12,-6,12,-6,11,-7,11,-7,10,-7,10,-8,9,-8,9,-8,9,-8,8,-9,9,-9,8,-10,8,-10,8,-10,9,-11,9,-11,9,-11,10,-11,10,-10,10,-10,11,-9,11,-8,11,-8,11,-7,0,0,0,0,0,0,0,0,0,0,0,0,0,0,0,0,0,0,0,0,0,0,8,-5,9,-5,9,-4,10,-3,10,-3,11,-3,11,-2,11,-2,11,-2,11,-1,11,-1,11,-1,11,-1,11,-1,11,-2,10,-2,11,-3,11,-3,11,-4,11,-4,11,-5,12,-5,12,-6,12,-5,12,-6,12,-6]"
2025-08-18 22:39:26.893942,CSI_DATA,932,1a:00:00:00:00:00,-42,11,0,0,0,0,0,0,0,0,0,-94,0,1,0,161176237,0,31,0,128,0,"[0,0,-11,-10,-11,-10,-11,-10,-11,-9,-11,-9,-11,-8,-11,-8,-11,-7,-11,-7,-12,-6,-12,-6,-12,-5,-12,-5,-13,-5,-13,-4,-14,-4,-13,-5,-14,-5,-14,-5,-14,-6,-14,-6,-13,-7,-13,-7,-12,-8,-12,-8,-11,-9,0,0,0,0,0,0,0,0,0,0,0,0,0,0,0,0,0,0,0,0,0,0,-8,-6,-8,-7,-8,-8,-8,-8,-8,-9,-8,-10,-7,-10,-7,-10,-7,-11,-6,-11,-6,-11,-6,-11,-6,-11,-6,-10,-7,-10,-7,-10,-7,-10,-8,-9,-9,-10,-9,-9,-10,-9,-10,-9,-10,-9,-11,-10,-11,-10,-11,-10]"
2025-08-18 22:39:27.087901,CSI_DATA,933,1a:00:00:00:00:00,-42,11,0,0,0,0,0,0,0,0,0,-94,0,1,0,161377514,0,31,0,128,0,"[0,0,-10,10,-10,10,-10,10,-9,10,-9,10,-9,10,-8,10,-8,10,-7,10,-7,10,-6,11,-6,11,-5,11,-5,12,-5,12,-5,12,-6,12,-5,13,-6,13,-6,13,-7,13,-8,12,-8,12,-8,11,-9,11,-9,10,0,0,0,0,0,0,0,0,0,0,0,0,0,0,0,0,0,0,0,0,0,0,-7,7,-7,7,-8,7,-9,7,-9,6,-10,6,-10,6,-11,6,-11,6,-11,5,-11,5,-11,5,-11,5,-10,5,-10,5,-10,6,-10,6,-10,7,-10,7,-10,8,-10,8,-10,9,-10,9,-10,9,-10,10,-10,10]"
2025-08-18 22:39:27.287618,CSI_DATA,934,1a:00:00:00:00:00,-42,11,0,0,0,0,0,0,0,0,0,-94,0,1,0,161578664,0,31,0,128,0,"[0,0,-6,13,-6,13,-5,12,-5,13,-5,12,-4,12,-4,12,-3,12,-2,12,-2,12,-2,12,-1,12,-1,12,0,12,0,13,0,13,0,14,0,14,0,14,-1,14,-1,14,-2,14,-3,14,-3,13,-4,13,-5,12,0,0,0,0,0,0,0,0,0,0,0,0,0,0,0,0,0,0,0,0,0,0,-4,9,-4,9,-5,9,-6,9,-6,9,-7,9,-8,9,-8,9,-8,9,-9,8,-9,8,-9,8,-8,8,-8,8,-8,8,-7,9,-7,9,-6,10,-7,10,-6,11,-6,11,-6,11,-6,12,-6,12,-6,12,-6,12]"
2025-08-18 22:39:27.489262,CSI_DATA,935,1a:00:00:00:00:00,-42,11,0,0,0,0,0,0,0,0,0,-94,0,1,0,161779798,0,31,0,128,0,"[0,0,14,-1,13,-2,13,-2,13,-2,13,-3,12,-3,12,-3,12,-4,12,-4,12,-5,11,-5,11,-5,11,-6,11,-6,11,-7,11,-7,12,-7,12,-7,12,-7,13,-7,13,-6,13,-5,13,-5,13,-4,13,-3,13,-2,0,0,0,0,0,0,0,0,0,0,0,0,0,0,0,0,0,0,0,0,0,0,9,-2,10,-2,10,-1,10,0,11,0,11,1,11,1,11,2,11,2,11,3,11,3,11,3,11,2,11,2,11,2,11,1,11,1,11,0,11,0,12,0,12,-1,12,-1,13,-1,13,-1,13,-1,14,-2]"
2025-08-18 22:39:27.712423,CSI_DATA,936,1a:00:00:00:00:00,-42,11,0,0,0,0,0,0,0,0,0,-94,0,1,0,161981212,0,31,0,128,0,"[0,0,-13,-8,-12,-8,-12,-8,-12,-8,-12,-7,-12,-6,-12,-6,-12,-5,-12,-5,-12,-4,-12,-4,-12,-3,-13,-3,-13,-3,-14,-2,-14,-2,-14,-2,-15,-2,-15,-3,-15,-3,-15,-4,-14,-5,-14,-5,-14,-6,-13,-6,-13,-7,0,0,0,0,0,0,0,0,0,0,0,0,0,0,0,0,0,0,0,0,0,0,-9,-5,-9,-6,-9,-7,-9,-8,-9,-8,-9,-9,-8,-9,-8,-10,-8,-10,-8,-10,-8,-10,-7,-10,-7,-10,-8,-10,-8,-9,-8,-9,-9,-9,-9,-8,-10,-9,-10,-8,-11,-8,-11,-8,-12,-8,-12,-8,-12,-8,-12,-8]"
2025-08-18 22:39:27.897434,CSI_DATA,937,1a:00:00:00:00:00,-42,11,0,0,0,0,0,0,0,0,0,-94,0,1,0,162182251,0,31,0,128,0,"[0,0,-4,-14,-4,-14,-4,-14,-4,-14,-5,-13,-5,-13,-5,-13,-5,-12,-6,-12,-7,-11,-7,-11,-7,-11,-8,-11,-8,-11,-9,-10,-9,-11,-9,-11,-9,-11,-10,-12,-9,-12,-9,-12,-8,-13,-7,-13,-6,-13,-6,-13,-5,-13,0,0,0,0,0,0,0,0,0,0,0,0,0,0,0,0,0,0,0,0,0,0,-3,-10,-3,-10,-2,-11,-2,-11,-1,-12,-1,-12,0,-12,0,-12,1,-12,1,-12,1,-12,1,-12,1,-12,1,-12,0,-12,0,-12,-1,-12,-1,-12,-2,-13,-2,-13,-2,-13,-3,-13,-3,-13,-4,-14,-3,-14,-4,-14]"
2025-08-18 22:39:27.955247,CSI_DATA,938,1a:00:00:00:00:00,-42,11,0,0,0,0,0,0,0,0,0,-94,0,1,0,162243031,0,42,0,128,0,"[0,0,4,-14,3,-14,3,-14,3,-14,3,-14,3,-13,2,-13,1,-13,1,-13,0,-13,-1,-13,-1,-13,-2,-13,-2,-13,-2,-13,-2,-14,-2,-14,-2,-14,-2,-15,-1,-15,-1,-15,0,-15,0,-15,1,-14,1,-14,2,-14,0,0,0,0,0,0,0,0,0,0,0,0,0,0,0,0,0,0,0,0,0,0,2,-10,2,-10,3,-10,4,-11,4,-11,5,-11,6,-11,6,-10,6,-10,7,-10,6,-10,6,-10,6,-10,6,-10,6,-10,5,-10,5,-11,5,-11,5,-11,4,-12,4,-12,4,-13,4,-13,3,-14,4,-14,4,-14]"
2025-08-18 22:39:28.018353,CSI_DATA,939,1a:00:00:00:00:00,-42,11,0,0,0,0,0,0,0,0,0,-94,0,1,0,162309382,0,31,0,128,0,"[0,0,8,-11,8,-12,8,-11,8,-11,7,-11,7,-11,7,-11,6,-11,5,-12,5,-12,5,-12,4,-12,4,-13,3,-13,3,-13,3,-13,4,-14,4,-14,4,-14,5,-14,5,-14,6,-14,6,-13,7,-12,7,-12,8,-11,0,0,0,0,0,0,0,0,0,0,0,0,0,0,0,0,0,0,0,0,0,0,5,-9,6,-9,6,-9,7,-8,8,-8,8,-8,9,-8,9,-7,9,-7,10,-6,10,-6,9,-6,9,-6,9,-7,9,-7,9,-7,8,-8,8,-8,8,-9,8,-9,8,-9,8,-10,8,-10,8,-11,9,-11,9,-11]"
2025-08-18 22:39:28.219633,CSI_DATA,940,1a:00:00:00:00:00,-42,11,0,0,0,0,0,0,0,0,0,-94,0,1,0,162510540,0,31,0,128,0,"[0,0,-9,11,-8,10,-8,10,-8,11,-7,10,-7,10,-7,10,-6,11,-6,10,-5,11,-5,11,-4,11,-4,12,-3,12,-3,12,-3,12,-4,13,-4,13,-4,13,-5,13,-5,13,-6,13,-7,12,-7,12,-8,12,-8,10,0,0,0,0,0,0,0,0,0,0,0,0,0,0,0,0,0,0,0,0,0,0,-5,8,-6,8,-7,8,-7,8,-8,8,-9,7,-9,7,-10,7,-10,7,-10,6,-10,6,-10,6,-9,6,-9,6,-9,6,-9,7,-9,7,-8,8,-8,8,-8,9,-9,9,-8,9,-8,10,-8,10,-8,10,-8,11]"
2025-08-18 22:39:28.420988,CSI_DATA,941,1a:00:00:00:00:00,-42,11,0,0,0,0,0,0,0,0,0,-94,0,1,0,162711654,0,31,0,128,0,"[0,0,-8,11,-8,11,-8,11,-7,11,-7,11,-7,11,-6,11,-6,11,-5,11,-4,11,-4,12,-3,12,-3,12,-3,12,-2,12,-2,13,-3,13,-3,14,-4,14,-4,14,-4,14,-5,13,-5,13,-6,12,-6,12,-7,11,0,0,0,0,0,0,0,0,0,0,0,0,0,0,0,0,0,0,0,0,0,0,-5,8,-6,8,-7,8,-7,8,-8,8,-9,8,-9,7,-10,7,-10,7,-10,7,-10,7,-10,6,-10,7,-9,7,-9,7,-9,7,-9,8,-8,8,-9,9,-8,9,-8,10,-8,10,-8,11,-8,11,-8,11,-8,11]"
2025-08-18 22:39:28.619265,CSI_DATA,942,1a:00:00:00:00:00,-42,11,0,0,0,0,0,0,0,0,0,-94,0,1,0,162912821,0,31,0,128,0,"[0,0,2,13,1,13,2,13,2,12,2,12,2,12,3,12,3,11,3,11,4,11,4,10,5,10,5,11,6,10,6,10,6,11,6,11,6,11,6,12,6,12,5,12,5,13,4,13,3,13,2,13,2,13,0,0,0,0,0,0,0,0,0,0,0,0,0,0,0,0,0,0,0,0,0,0,2,9,1,9,1,10,0,10,0,11,-1,11,-1,11,-2,11,-2,11,-3,11,-3,11,-3,11,-3,11,-2,10,-2,11,-2,11,-1,11,-1,11,-1,11,0,12,1,12,1,12,1,13,1,13,1,13,1,13]"
2025-08-18 22:39:28.821262,CSI_DATA,943,1a:00:00:00:00:00,-42,11,0,0,0,0,0,0,0,0,0,-94,0,1,0,163114150,0,31,0,128,0,"[0,0,0,14,-1,14,0,13,1,13,1,13,1,13,1,12,2,12,2,12,3,11,4,11,4,11,4,11,5,11,5,11,6,11,6,12,6,12,6,13,5,13,4,13,4,13,3,13,3,13,2,13,1,13,0,0,0,0,0,0,0,0,0,0,0,0,0,0,0,0,0,0,0,0,0,0,0,9,0,10,-1,10,-2,10,-2,10,-3,11,-3,11,-4,11,-4,11,-5,11,-5,11,-5,10,-4,10,-4,10,-4,10,-3,10,-3,11,-2,11,-2,12,-2,12,-1,12,-1,12,-1,13,0,13,-1,14,0,14]"
2025-08-18 22:39:29.023496,CSI_DATA,944,1a:00:00:00:00:00,-42,11,0,0,0,0,0,0,0,0,0,-94,0,1,0,163315306,0,31,0,128,0,"[0,0,-2,14,-2,14,-1,13,-1,13,-1,13,-1,13,0,12,0,12,0,12,1,12,2,12,2,11,3,12,3,11,4,12,4,12,4,13,4,13,4,14,3,13,2,14,0,14,0,14,0,14,0,13,-1,14,0,0,0,0,0,0,0,0,0,0,0,0,0,0,0,0,0,0,0,0,0,0,0,9,0,10,-1,10,-2,10,-2,11,-3,10,-4,11,-4,11,-4,11,-5,11,-5,10,-5,10,-5,10,-4,10,-4,10,-4,10,-3,11,-3,11,-3,11,-3,12,-2,12,-2,12,-2,13,-2,13,-2,13,-1,13]"
2025-08-18 22:39:29.137616,CSI_DATA,945,1a:00:00:00:00:00,-42,11,0,0,0,0,0,0,0,0,0,-94,0,1,0,163427188,0,28,0,128,0,"[0,0,-14,5,-14,4,-14,5,-13,5,-13,5,-12,5,-12,5,-11,6,-11,6,-11,7,-10,7,-10,7,-10,8,-10,8,-10,8,-10,9,-10,9,-11,9,-11,9,-12,9,-12,8,-12,8,-13,7,-13,6,-13,5,-13,5,0,0,0,0,0,0,0,0,0,0,0,0,0,0,0,0,0,0,0,0,0,0,-9,4,-10,4,-10,3,-11,3,-11,2,-12,2,-12,1,-12,1,-12,1,-12,0,-12,0,-12,0,-12,0,-12,0,-12,1,-12,1,-12,2,-12,2,-12,2,-12,3,-12,3,-13,4,-13,4,-13,4,-13,4,-13,4]"
2025-08-18 22:39:29.234134,CSI_DATA,946,1a:00:00:00:00:00,-42,11,0,0,0,0,0,0,0,0,0,-94,0,1,0,163516480,0,31,0,128,0,"[0,0,-6,12,-6,12,-6,12,-5,12,-5,12,-5,12,-4,11,-4,11,-3,11,-2,11,-2,11,-1,11,-1,12,-1,12,0,12,0,12,-1,13,-1,13,-1,13,-1,13,-2,13,-3,13,-3,13,-4,13,-4,12,-5,12,0,0,0,0,0,0,0,0,0,0,0,0,0,0,0,0,0,0,0,0,0,0,-4,8,-4,9,-5,9,-6,9,-6,8,-7,9,-8,9,-8,8,-8,8,-8,8,-8,8,-8,8,-8,8,-8,8,-8,8,-7,8,-7,9,-7,9,-7,9,-6,10,-6,10,-6,10,-6,11,-6,12,-6,12,-6,12]"
2025-08-18 22:39:29.426829,CSI_DATA,947,1a:00:00:00:00:00,-42,11,0,0,0,0,0,0,0,0,0,-94,0,1,0,163717601,0,31,0,128,0,"[0,0,9,-12,9,-12,8,-12,8,-12,8,-12,7,-12,7,-12,6,-12,5,-12,5,-13,5,-13,4,-13,4,-13,3,-14,3,-14,3,-14,3,-15,3,-15,4,-15,4,-15,5,-15,5,-15,6,-14,7,-13,7,-13,8,-12,0,0,0,0,0,0,0,0,0,0,0,0,0,0,0,0,0,0,0,0,0,0,5,-9,6,-9,7,-9,8,-8,9,-8,9,-8,9,-8,10,-8,10,-8,10,-7,10,-7,10,-6,10,-7,10,-7,10,-7,9,-8,9,-8,9,-9,9,-9,9,-10,9,-10,9,-11,9,-11,9,-11,9,-11,9,-12]"
2025-08-18 22:39:29.486920,CSI_DATA,948,1a:00:00:00:00:00,-42,11,0,0,0,0,0,0,0,0,0,-94,0,1,0,163778423,0,42,0,128,0,"[0,0,-5,12,-5,12,-5,12,-4,12,-4,12,-4,12,-4,12,-3,11,-2,11,-1,11,-1,11,0,12,0,12,0,12,1,12,1,13,0,13,0,13,0,14,-1,14,-1,13,-2,13,-2,13,-3,13,-3,12,-4,12,0,0,0,0,0,0,0,0,0,0,0,0,0,0,0,0,0,0,0,0,0,0,-2,9,-3,9,-4,9,-5,9,-5,9,-6,10,-7,9,-7,9,-7,9,-7,8,-7,9,-7,8,-7,8,-7,9,-7,9,-6,8,-6,9,-6,9,-6,10,-6,10,-6,11,-5,11,-5,12,-5,12,-5,12,-4,13]"
2025-08-18 22:39:29.758415,CSI_DATA,949,1a:00:00:00:00:00,-42,11,0,0,0,0,0,0,0,0,0,-94,0,1,0,163845683,0,31,0,128,0,"[0,0,-10,-11,-10,-11,-10,-11,-10,-10,-10,-10,-10,-9,-10,-9,-10,-8,-10,-8,-11,-7,-11,-7,-11,-6,-12,-7,-12,-6,-12,-6,-13,-6,-13,-6,-13,-6,-13,-7,-13,-7,-13,-8,-12,-9,-12,-9,-11,-9,-11,-10,-10,-10,0,0,0,0,0,0,0,0,0,0,0,0,0,0,0,0,0,0,0,0,0,0,-8,-7,-8,-8,-7,-9,-7,-9,-7,-10,-7,-10,-6,-11,-6,-11,-6,-11,-5,-11,-5,-11,-5,-11,-5,-11,-5,-11,-6,-11,-6,-10,-6,-10,-7,-10,-7,-10,-8,-10,-8,-10,-8,-11,-9,-11,-10,-11,-10,-11,-10,-11]"
2025-08-18 22:39:29.763596,CSI_DATA,950,1a:00:00:00:00:00,-42,11,0,0,0,0,0,0,0,0,0,-94,0,1,0,164046735,0,31,0,128,0,"[0,0,-14,4,-14,4,-13,4,-13,4,-13,4,-13,4,-12,5,-12,5,-11,6,-11,6,-11,7,-10,7,-10,8,-10,8,-10,8,-10,9,-11,9,-11,9,-12,9,-12,8,-12,8,-12,7,-13,7,-13,6,-13,6,-13,5,0,0,0,0,0,0,0,0,0,0,0,0,0,0,0,0,0,0,0,0,0,0,-9,3,-10,3,-11,2,-11,2,-11,1,-12,1,-12,0,-12,0,-12,0,-12,-1,-12,-1,-12,-1,-12,-1,-12,0,-12,0,-12,0,-12,1,-12,1,-12,2,-12,2,-13,2,-13,3,-13,3,-13,4,-14,4,-14,4]"
2025-08-18 22:39:29.957236,CSI_DATA,951,1a:00:00:00:00:00,-42,11,0,0,0,0,0,0,0,0,0,-94,0,1,0,164248063,0,31,0,128,0,"[0,0,-9,11,-8,11,-8,11,-8,11,-7,11,-7,11,-7,11,-6,11,-5,11,-5,11,-5,11,-4,11,-4,12,-3,12,-3,12,-3,13,-3,13,-3,13,-3,14,-4,14,-4,13,-5,13,-6,13,-6,12,-7,12,-8,11,0,0,0,0,0,0,0,0,0,0,0,0,0,0,0,0,0,0,0,0,0,0,-6,8,-6,8,-7,8,-8,8,-8,8,-9,8,-10,7,-10,7,-10,7,-10,6,-10,6,-10,6,-10,6,-10,6,-9,7,-9,7,-9,7,-9,8,-9,8,-8,9,-9,9,-8,10,-9,10,-8,11,-9,11,-8,11]"
2025-08-18 22:39:30.156994,CSI_DATA,952,1a:00:00:00:00:00,-42,11,0,0,0,0,0,0,0,0,0,-94,0,1,0,164449248,0,31,0,128,0,"[0,0,14,0,13,0,13,0,13,0,13,0,12,-1,12,-1,12,-2,12,-2,12,-3,12,-3,11,-4,12,-4,12,-5,12,-5,12,-5,12,-5,13,-5,13,-5,14,-5,14,-4,14,-4,13,-3,13,-2,13,-1,13,0,0,0,0,0,0,0,0,0,0,0,0,0,0,0,0,0,0,0,0,0,0,0,9,-1,10,0,10,1,10,1,10,2,11,3,11,3,11,3,11,4,10,4,10,4,10,4,10,4,10,4,10,4,10,3,11,3,11,2,11,2,11,1,12,1,12,1,13,1,13,1,13,1,14,1]"
2025-08-18 22:39:30.357713,CSI_DATA,953,1a:00:00:00:00:00,-42,11,0,0,0,0,0,0,0,0,0,-94,0,1,0,164650455,0,31,0,128,0,"[0,0,0,14,0,13,0,13,1,13,1,13,1,13,1,12,2,12,3,11,3,11,4,11,4,11,4,11,5,11,5,11,6,11,5,12,6,12,6,13,5,13,4,13,4,13,3,13,2,13,2,13,1,13,0,0,0,0,0,0,0,0,0,0,0,0,0,0,0,0,0,0,0,0,0,0,1,9,1,10,0,10,-1,11,-1,11,-2,11,-2,11,-3,11,-3,11,-4,11,-4,11,-4,11,-4,11,-3,10,-3,11,-3,11,-2,11,-2,11,-1,12,-1,12,-1,12,0,12,0,13,0,13,0,13,1,14]"
2025-08-18 22:39:30.555261,CSI_DATA,954,1a:00:00:00:00:00,-42,11,0,0,0,0,0,0,0,0,0,-94,0,1,0,164851578,0,31,0,128,0,"[0,0,12,7,11,6,11,6,12,6,12,6,11,5,11,5,11,4,11,4,11,3,12,2,12,2,12,1,12,1,13,1,13,1,13,1,14,1,14,2,14,2,14,3,13,4,13,4,13,4,12,5,12,6,0,0,0,0,0,0,0,0,0,0,0,0,0,0,0,0,0,0,0,0,0,0,8,3,9,4,9,5,9,6,8,6,8,7,8,8,8,8,8,8,7,8,7,8,7,8,7,8,8,8,8,8,8,7,8,7,9,6,9,7,10,7,10,7,10,7,11,6,12,6,12,6,12,6]"
2025-08-18 22:39:30.773979,CSI_DATA,955,1a:00:00:00:00:00,-42,11,0,0,0,0,0,0,0,0,0,-94,0,1,0,165052727,0,31,0,128,0,"[0,0,10,-10,10,-10,10,-10,9,-10,9,-10,9,-10,8,-10,8,-10,7,-10,6,-11,6,-11,5,-11,5,-12,5,-12,5,-12,5,-13,5,-13,5,-13,6,-13,7,-13,7,-13,8,-12,8,-12,8,-11,9,-11,9,-10,0,0,0,0,0,0,0,0,0,0,0,0,0,0,0,0,0,0,0,0,0,0,6,-8,7,-8,8,-7,8,-7,9,-7,9,-7,10,-6,10,-6,10,-5,10,-5,10,-5,10,-5,10,-5,10,-5,10,-6,9,-6,10,-6,9,-7,10,-8,10,-8,9,-8,10,-9,9,-9,10,-10,10,-10,10,-10]"
2025-08-18 22:39:30.979129,CSI_DATA,956,1a:00:00:00:00:00,-42,11,0,0,0,0,0,0,0,0,0,-94,0,1,0,165253877,0,31,0,128,0,"[0,0,3,-14,3,-14,3,-14,3,-14,2,-14,2,-13,1,-13,1,-13,0,-13,0,-13,0,-13,-1,-13,-1,-13,-2,-13,-2,-13,-2,-14,-2,-14,-2,-14,-2,-15,-2,-15,-1,-15,0,-15,1,-15,2,-15,2,-14,3,-14,0,0,0,0,0,0,0,0,0,0,0,0,0,0,0,0,0,0,0,0,0,0,1,-10,2,-10,3,-11,3,-11,4,-11,4,-11,5,-11,5,-11,6,-11,6,-10,6,-10,6,-10,6,-10,6,-10,6,-10,5,-11,5,-11,4,-11,4,-12,4,-12,4,-12,3,-13,3,-13,3,-14,4,-14,3,-14]"
2025-08-18 22:39:31.021151,CSI_DATA,957,1a:00:00:00:00:00,-42,11,0,0,0,0,0,0,0,0,0,-94,0,1,0,165314766,0,42,0,128,0,"[0,0,2,14,2,14,2,13,3,13,3,13,3,13,3,12,4,12,4,11,5,11,5,11,6,11,6,11,7,11,7,11,7,11,7,11,7,12,7,12,7,13,7,13,6,13,5,13,4,13,4,13,3,13,0,0,0,0,0,0,0,0,0,0,0,0,0,0,0,0,0,0,0,0,0,0,2,9,2,10,1,10,0,11,0,11,-1,11,-1,11,-2,12,-2,12,-2,12,-2,11,-2,11,-2,11,-2,11,-2,11,-1,11,-1,11,0,11,0,12,1,12,1,12,1,13,2,13,2,13,2,14,2,14]"
2025-08-18 22:39:31.096768,CSI_DATA,958,1a:00:00:00:00:00,-42,11,0,0,0,0,0,0,0,0,0,-94,0,1,0,165381627,0,31,0,128,0,"[0,0,-14,-5,-14,-5,-14,-5,-13,-4,-13,-4,-13,-4,-13,-3,-13,-2,-13,-2,-13,-1,-13,-1,-13,-1,-13,-1,-13,0,-14,1,-14,1,-14,1,-15,0,-15,0,-15,0,-15,-1,-15,-1,-15,-2,-14,-3,-14,-4,-14,-4,0,0,0,0,0,0,0,0,0,0,0,0,0,0,0,0,0,0,0,0,0,0,-10,-3,-10,-3,-10,-4,-10,-5,-11,-5,-11,-6,-11,-6,-11,-7,-10,-7,-10,-8,-10,-8,-10,-8,-10,-7,-10,-7,-10,-7,-10,-7,-10,-6,-11,-6,-11,-6,-12,-5,-12,-5,-13,-5,-13,-5,-14,-5,-14,-5,-13,-5]"
2025-08-18 22:39:31.492626,CSI_DATA,959,1a:00:00:00:00:00,-42,11,0,0,0,0,0,0,0,0,0,-94,0,1,0,165582737,0,31,0,128,0,"[0,0,11,-9,11,-9,11,-8,10,-9,10,-9,10,-9,9,-9,9,-9,8,-9,8,-10,7,-10,7,-10,7,-11,6,-11,6,-12,6,-12,7,-12,7,-12,8,-13,8,-12,8,-12,9,-12,9,-11,10,-10,10,-9,10,-9,0,0,0,0,0,0,0,0,0,0,0,0,0,0,0,0,0,0,0,0,0,0,7,-7,8,-6,8,-6,9,-6,10,-6,10,-5,10,-5,11,-5,11,-4,11,-4,11,-4,11,-3,11,-4,10,-4,10,-4,10,-5,10,-5,10,-6,10,-6,10,-7,10,-7,10,-7,10,-8,11,-8,11,-8,11,-8]"
2025-08-18 22:39:31.498991,CSI_DATA,960,1a:00:00:00:00:00,-42,11,0,0,0,0,0,0,0,0,0,-94,0,1,0,165783862,0,31,0,128,0,"[0,0,8,-12,8,-12,8,-11,8,-12,7,-12,7,-12,6,-11,5,-12,5,-11,4,-12,4,-12,3,-12,3,-12,3,-13,3,-13,2,-13,3,-14,3,-14,3,-14,4,-14,4,-14,5,-14,6,-14,6,-13,7,-12,7,-12,0,0,0,0,0,0,0,0,0,0,0,0,0,0,0,0,0,0,0,0,0,0,5,-9,6,-9,6,-9,7,-8,8,-9,8,-8,9,-8,9,-8,9,-7,10,-7,10,-7,10,-7,9,-7,9,-7,9,-7,9,-8,8,-8,8,-9,8,-9,8,-9,8,-10,8,-10,8,-11,8,-11,8,-11,8,-11]"
2025-08-18 22:39:31.699595,CSI_DATA,961,1a:00:00:00:00:00,-42,11,0,0,0,0,0,0,0,0,0,-94,0,1,0,165985029,0,31,0,128,0,"[0,0,-14,-4,-14,-4,-14,-4,-14,-4,-14,-4,-13,-3,-13,-3,-13,-2,-13,-1,-13,-1,-13,-1,-13,0,-13,0,-13,1,-14,1,-14,1,-14,1,-15,1,-15,1,-15,1,-15,0,-15,-1,-15,-2,-14,-3,-14,-3,-14,-4,0,0,0,0,0,0,0,0,0,0,0,0,0,0,0,0,0,0,0,0,0,0,-10,-3,-10,-3,-10,-4,-10,-5,-11,-5,-11,-6,-11,-6,-11,-7,-10,-7,-10,-8,-10,-8,-10,-8,-10,-8,-10,-7,-10,-7,-10,-6,-11,-6,-11,-5,-11,-6,-12,-5,-12,-5,-13,-5,-13,-5,-14,-5,-14,-5,-14,-5]"
2025-08-18 22:39:31.895987,CSI_DATA,962,1a:00:00:00:00:00,-42,11,0,0,0,0,0,0,0,0,0,-94,0,1,0,166186197,0,31,0,128,0,"[0,0,13,-5,13,-5,13,-5,12,-5,12,-6,12,-5,11,-6,11,-6,10,-6,10,-7,10,-8,9,-8,9,-8,10,-9,10,-9,10,-9,10,-9,11,-9,11,-9,12,-9,12,-8,12,-8,12,-7,12,-7,12,-6,13,-5,0,0,0,0,0,0,0,0,0,0,0,0,0,0,0,0,0,0,0,0,0,0,8,-5,9,-5,9,-4,10,-3,10,-3,11,-3,11,-2,11,-2,11,-1,11,-1,11,-1,11,-1,11,-1,11,-1,11,-1,11,-2,11,-2,11,-3,11,-3,12,-3,12,-4,12,-4,12,-5,12,-5,13,-5,13,-5]"
2025-08-18 22:39:32.096568,CSI_DATA,963,1a:00:00:00:00:00,-42,11,0,0,0,0,0,0,0,0,0,-94,0,1,0,166387409,0,31,0,128,0,"[0,0,6,-13,5,-13,5,-13,5,-13,5,-13,4,-13,4,-13,3,-13,2,-13,2,-12,1,-13,1,-13,1,-14,0,-13,0,-13,0,-14,0,-14,0,-16,0,-16,1,-15,1,-15,3,-16,2,-13,3,-14,5,-14,5,-14,0,0,0,0,0,0,0,0,0,0,0,0,0,0,0,0,0,0,0,0,0,0,3,-9,4,-10,5,-10,5,-10,6,-10,7,-10,7,-9,7,-9,8,-9,8,-9,8,-9,8,-8,8,-9,7,-9,7,-9,7,-9,7,-10,6,-10,6,-11,6,-11,6,-11,6,-12,5,-12,6,-13,6,-13,6,-13]"
2025-08-18 22:39:32.296077,CSI_DATA,964,1a:00:00:00:00:00,-42,11,0,0,0,0,0,0,0,0,0,-94,0,1,0,166588734,0,31,0,128,0,"[0,0,5,13,5,12,5,12,5,12,5,12,5,11,5,11,6,11,6,10,7,9,7,9,8,9,8,9,8,9,9,8,9,9,9,9,10,10,9,10,9,10,8,11,8,11,7,12,7,12,6,12,5,12,0,0,0,0,0,0,0,0,0,0,0,0,0,0,0,0,0,0,0,0,0,0,4,8,4,9,3,9,3,10,2,10,2,11,1,11,1,11,1,11,0,11,0,11,0,11,0,11,1,11,1,11,1,11,2,11,2,11,2,11,3,11,3,12,4,12,4,12,5,12,5,13,5,12]"
2025-08-18 22:39:32.516392,CSI_DATA,965,1a:00:00:00:00:00,-42,11,0,0,0,0,0,0,0,0,0,-94,0,1,0,166789813,0,31,0,128,0,"[0,0,-15,-1,-14,-1,-14,-1,-14,-1,-14,-1,-14,0,-13,0,-13,0,-13,1,-13,2,-13,2,-13,3,-12,3,-13,3,-13,4,-13,4,-14,4,-14,4,-15,3,-15,3,-15,2,-15,2,-15,1,-15,1,-14,0,-14,-1,0,0,0,0,0,0,0,0,0,0,0,0,0,0,0,0,0,0,0,0,0,0,-10,0,-11,0,-11,-1,-11,-2,-12,-2,-12,-3,-12,-4,-12,-4,-12,-5,-11,-5,-11,-5,-11,-5,-11,-5,-11,-4,-11,-4,-11,-4,-12,-3,-12,-2,-12,-3,-13,-3,-16,-3,-13,-2,-14,-1,-14,-1,-14,-1,-14,-1]"
2025-08-18 22:39:32.557321,CSI_DATA,966,1a:00:00:00:00:00,-42,11,0,0,0,0,0,0,0,0,0,-94,0,1,0,166850615,0,42,0,128,0,"[0,0,1,14,1,13,1,14,2,13,2,13,2,12,3,12,3,12,4,11,4,11,4,11,5,11,5,11,6,11,6,10,7,11,7,11,7,12,7,12,6,12,6,13,5,13,4,13,3,13,3,13,2,13,0,0,0,0,0,0,0,0,0,0,0,0,0,0,0,0,0,0,0,0,0,0,1,9,1,10,0,10,-1,10,-1,11,-2,11,-2,11,-2,11,-3,11,-3,11,-4,11,-3,11,-3,11,-3,11,-2,11,-2,11,-2,11,-1,11,-1,12,0,12,0,12,0,12,1,13,1,13,1,13,1,14]"
2025-08-18 22:39:32.843315,CSI_DATA,967,1a:00:00:00:00:00,-42,11,0,0,0,0,0,0,0,0,0,-94,0,1,0,166917803,0,31,0,128,0,"[0,0,11,-9,10,-9,10,-9,10,-9,10,-9,9,-9,9,-9,8,-10,8,-10,7,-10,7,-11,6,-11,6,-11,6,-12,6,-12,6,-12,6,-13,7,-13,7,-13,8,-13,8,-12,9,-12,9,-11,9,-10,10,-10,10,-9,0,0,0,0,0,0,0,0,0,0,0,0,0,0,0,0,0,0,0,0,0,0,6,-7,7,-7,8,-7,9,-6,9,-6,10,-6,10,-5,10,-5,11,-5,11,-4,11,-4,10,-4,10,-4,10,-4,10,-5,10,-5,10,-6,10,-6,10,-6,10,-7,10,-7,10,-8,10,-8,10,-9,11,-9,11,-9]"
2025-08-18 22:39:32.848742,CSI_DATA,968,1a:00:00:00:00:00,-42,11,0,0,0,0,0,0,0,0,0,-94,0,1,0,167118908,0,31,0,128,0,"[0,0,-12,9,-12,9,-12,9,-11,9,-11,9,-10,9,-10,9,-9,10,-9,10,-8,10,-8,10,-7,11,-7,11,-7,12,-6,12,-7,13,-7,12,-7,13,-7,13,-8,13,-8,13,-9,12,-9,11,-10,11,-11,10,-11,9,0,0,0,0,0,0,0,0,0,0,0,0,0,0,0,0,0,0,0,0,0,0,-8,6,-9,6,-9,6,-11,6,-11,5,-12,5,-12,5,-12,4,-12,4,-12,3,-13,3,-12,3,-12,3,-12,3,-12,4,-11,4,-12,5,-11,5,-12,6,-11,7,-12,7,-11,8,-11,8,-12,8,-12,8,-12,9]"
2025-08-18 22:39:33.028917,CSI_DATA,969,1a:00:00:00:00:00,-42,11,0,0,0,0,0,0,0,0,0,-94,0,1,0,167320038,0,31,0,128,0,"[0,0,-3,14,-3,13,-3,13,-2,13,-2,13,-2,13,-1,12,0,12,0,12,1,12,1,12,2,12,2,12,2,12,3,12,3,12,3,13,3,13,3,14,2,14,2,14,1,14,0,14,-1,14,-1,13,-2,13,0,0,0,0,0,0,0,0,0,0,0,0,0,0,0,0,0,0,0,0,0,0,-1,9,-2,9,-3,10,-4,10,-4,10,-5,10,-5,10,-6,10,-6,10,-7,10,-6,10,-7,9,-6,10,-6,9,-6,10,-5,10,-5,10,-4,11,-4,11,-4,11,-4,12,-3,12,-3,13,-3,13,-3,13,-3,13]"
2025-08-18 22:39:33.229539,CSI_DATA,970,1a:00:00:00:00:00,-42,11,0,0,0,0,0,0,0,0,0,-94,0,1,0,167521305,0,31,0,128,0,"[0,0,8,-12,7,-12,7,-12,7,-12,7,-12,6,-12,6,-12,5,-12,4,-12,4,-12,4,-12,3,-12,3,-13,3,-13,2,-14,2,-13,3,-14,3,-14,3,-14,4,-14,4,-14,5,-14,6,-14,6,-13,7,-12,7,-12,0,0,0,0,0,0,0,0,0,0,0,0,0,0,0,0,0,0,0,0,0,0,4,-9,5,-9,6,-9,6,-9,7,-9,7,-9,8,-9,8,-8,9,-8,9,-8,9,-7,9,-7,9,-7,9,-7,8,-8,8,-8,8,-8,8,-9,7,-9,8,-10,7,-10,7,-11,7,-11,7,-12,8,-12,8,-12]"
2025-08-18 22:39:33.429657,CSI_DATA,971,1a:00:00:00:00:00,-42,11,0,0,0,0,0,0,0,0,0,-94,0,1,0,167722625,0,31,0,128,0,"[0,0,13,2,13,1,13,1,13,1,13,0,13,0,12,0,12,-1,12,-1,12,-2,12,-3,12,-3,12,-3,12,-4,12,-5,12,-5,13,-5,13,-5,14,-5,14,-4,14,-3,14,-3,14,-2,14,-2,13,-1,13,0,0,0,0,0,0,0,0,0,0,0,0,0,0,0,0,0,0,0,0,0,0,0,9,1,9,1,10,2,10,2,10,3,10,4,10,4,10,5,10,5,10,6,10,6,9,6,10,5,10,5,10,4,10,4,10,3,11,3,11,3,11,3,12,2,12,2,13,2,13,2,13,2,13,2]"
2025-08-18 22:39:33.637948,CSI_DATA,972,1a:00:00:00:00:00,-42,11,0,0,0,0,0,0,0,0,0,-94,0,1,0,167923719,0,31,0,128,0,"[0,0,-14,-4,-14,-4,-14,-4,-14,-3,-14,-3,-13,-3,-13,-3,-13,-2,-13,-1,-13,0,-13,0,-13,0,-13,1,-13,1,-14,2,-14,2,-14,2,-14,2,-15,1,-15,1,-15,0,-15,0,-15,-1,-14,-2,-14,-3,-14,-3,0,0,0,0,0,0,0,0,0,0,0,0,0,0,0,0,0,0,0,0,0,0,-10,-2,-10,-3,-11,-4,-10,-4,-11,-5,-11,-5,-11,-6,-11,-6,-11,-7,-10,-7,-10,-7,-10,-7,-10,-7,-10,-7,-10,-6,-11,-6,-11,-5,-11,-5,-12,-5,-12,-5,-12,-5,-13,-4,-14,-4,-14,-4,-14,-4,-14,-4]"
2025-08-18 22:39:33.844776,CSI_DATA,973,1a:00:00:00:00:00,-42,11,0,0,0,0,0,0,0,0,0,-94,0,1,0,168124872,0,31,0,128,0,"[0,0,-11,-11,-11,-10,-10,-10,-11,-10,-10,-10,-10,-9,-10,-9,-11,-8,-11,-7,-11,-7,-11,-7,-12,-6,-12,-6,-12,-6,-13,-5,-13,-5,-13,-6,-14,-6,-14,-6,-13,-7,-13,-7,-13,-8,-12,-9,-12,-9,-11,-9,-10,-10,0,0,0,0,0,0,0,0,0,0,0,0,0,0,0,0,0,0,0,0,0,0,-8,-7,-8,-8,-8,-8,-7,-9,-7,-10,-7,-10,-7,-11,-6,-11,-6,-11,-6,-11,-5,-11,-5,-11,-5,-11,-6,-11,-6,-11,-7,-10,-7,-10,-8,-10,-8,-10,-8,-10,-9,-10,-9,-10,-10,-10,-10,-10,-10,-11,-10,-10]"
2025-08-18 22:39:35.113478,CSI_DATA,0,1a:00:00:00:00:00,-42,11,0,0,0,0,0,0,0,0,0,-96,0,1,0,1189872,0,42,0,128,0,"[0,0,9,10,9,10,9,10,9,9,9,9,9,9,9,8,9,8,9,7,10,6,10,6,10,6,11,6,11,5,12,5,11,5,12,5,12,6,12,6,12,7,12,7,11,8,11,8,10,9,9,9,9,9,0,0,0,0,0,0,0,0,0,0,0,0,0,0,0,0,0,0,0,0,0,0,7,6,7,7,7,7,6,8,6,9,6,9,5,10,5,10,5,10,4,10,4,10,4,10,4,10,4,10,5,9,5,9,6,9,6,9,6,9,7,9,7,9,8,9,8,10,9,10,9,10,9,10]"
2025-08-18 22:39:35.221198,CSI_DATA,1,1a:00:00:00:00:00,-42,11,0,0,0,0,0,0,0,0,0,-96,0,1,0,1319759,0,31,0,128,0,"[0,0,5,13,5,13,5,13,6,12,6,12,6,11,6,11,6,11,7,10,7,9,7,9,8,9,8,9,9,9,10,8,10,9,10,9,10,10,10,10,10,10,9,11,9,11,8,11,7,12,7,12,6,12,0,0,0,0,0,0,0,0,0,0,0,0,0,0,0,0,0,0,0,0,0,0,4,8,4,9,3,10,3,10,2,11,2,11,1,11,1,12,1,12,0,12,0,12,0,11,0,11,0,11,1,11,1,11,2,11,3,11,3,12,3,12,4,12,4,12,5,12,5,13,5,13,6,13]"
2025-08-18 22:39:35.425580,CSI_DATA,2,1a:00:00:00:00:00,-42,11,0,0,0,0,0,0,0,0,0,-96,0,1,0,1520797,0,31,0,128,0,"[0,0,-1,14,-1,13,-1,13,0,13,0,13,0,13,0,12,1,12,1,12,2,11,3,11,3,11,3,11,4,12,4,12,5,12,4,12,4,13,4,13,4,13,3,13,2,14,2,14,1,14,1,13,0,13,0,0,0,0,0,0,0,0,0,0,0,0,0,0,0,0,0,0,0,0,0,0,1,9,0,10,-1,10,-1,11,-2,11,-3,11,-3,11,-4,11,-4,11,-4,11,-4,11,-4,10,-4,11,-4,10,-4,11,-3,10,-3,11,-2,11,-2,11,-2,12,-2,12,-2,13,-1,13,-1,13,-1,14,0,14]"
2025-08-18 22:39:35.629778,CSI_DATA,3,1a:00:00:00:00:00,-42,11,0,0,0,0,0,0,0,0,0,-96,0,1,0,1721961,0,31,0,128,0,"[0,0,11,-10,10,-10,10,-10,10,-10,9,-10,9,-10,8,-10,8,-11,7,-11,7,-11,6,-11,6,-12,5,-12,5,-13,5,-13,5,-13,5,-13,5,-14,6,-14,6,-14,7,-14,7,-13,8,-13,8,-12,9,-11,9,-11,0,0,0,0,0,0,0,0,0,0,0,0,0,0,0,0,0,0,0,0,0,0,7,-8,7,-7,8,-7,9,-7,9,-6,10,-6,10,-6,11,-6,11,-5,11,-5,11,-5,11,-5,11,-5,11,-5,10,-6,10,-6,10,-6,10,-7,10,-7,10,-8,10,-8,10,-9,10,-9,10,-10,10,-10,10,-10]"
2025-08-18 22:39:35.829588,CSI_DATA,4,1a:00:00:00:00:00,-42,11,0,0,0,0,0,0,0,0,0,-96,0,1,0,1923091,0,31,0,128,0,"[0,0,7,-12,7,-13,6,-12,6,-12,6,-12,6,-12,5,-12,4,-12,4,-12,3,-12,3,-12,2,-13,2,-13,2,-13,1,-13,1,-14,2,-14,2,-14,2,-15,3,-15,3,-15,4,-14,4,-14,5,-13,6,-13,6,-12,0,0,0,0,0,0,0,0,0,0,0,0,0,0,0,0,0,0,0,0,0,0,3,-10,4,-10,5,-9,6,-9,6,-9,7,-10,8,-9,8,-9,8,-9,9,-8,8,-8,9,-8,8,-8,8,-8,8,-8,7,-9,7,-9,7,-10,7,-10,7,-11,7,-11,7,-11,6,-12,7,-12,7,-12,7,-12]"
2025-08-18 22:39:36.027465,CSI_DATA,5,1a:00:00:00:00:00,-42,11,0,0,0,0,0,0,0,0,0,-96,0,1,0,2124249,0,31,0,128,0,"[0,0,3,14,3,13,3,13,3,12,4,13,4,12,5,11,5,11,5,10,5,10,6,10,6,10,7,10,7,10,8,10,8,10,7,10,8,11,8,11,8,11,7,12,7,12,6,12,5,13,4,12,3,13,0,0,0,0,0,0,0,0,0,0,0,0,0,0,0,0,0,0,0,0,0,0,3,9,3,10,2,10,2,10,1,10,1,11,0,11,0,11,0,11,-1,11,-2,11,-1,11,-1,11,-1,11,0,11,0,11,0,11,1,11,1,12,2,12,2,12,3,12,3,12,3,13,3,14,3,13]"
2025-08-18 22:39:36.232151,CSI_DATA,6,1a:00:00:00:00:00,-42,11,0,0,0,0,0,0,0,0,0,-96,0,1,0,2325590,0,31,0,128,0,"[0,0,14,-4,14,-4,13,-4,13,-5,13,-5,13,-5,12,-5,12,-6,11,-6,11,-7,11,-7,10,-8,10,-8,10,-9,11,-9,11,-9,11,-9,12,-10,12,-9,12,-9,13,-8,13,-8,13,-7,13,-6,13,-6,13,-5,0,0,0,0,0,0,0,0,0,0,0,0,0,0,0,0,0,0,0,0,0,0,9,-4,10,-4,11,-3,11,-3,11,-2,12,-2,12,-1,12,-1,12,0,12,0,12,0,12,0,12,0,12,0,12,0,12,-1,12,-1,12,-2,12,-2,13,-3,13,-3,13,-3,13,-4,13,-4,14,-4,14,-4]"
2025-08-18 22:39:36.449544,CSI_DATA,7,1a:00:00:00:00:00,-42,11,0,0,0,0,0,0,0,0,0,-96,0,1,0,2526698,0,31,0,128,0,"[0,0,-7,-13,-7,-13,-6,-13,-7,-13,-7,-12,-7,-12,-7,-12,-8,-11,-8,-10,-8,-10,-9,-10,-9,-9,-9,-9,-10,-9,-11,-9,-11,-9,-11,-10,-11,-10,-11,-10,-10,-11,-10,-11,-9,-12,-9,-12,-8,-12,-8,-12,-7,-12,0,0,0,0,0,0,0,0,0,0,0,0,0,0,0,0,0,0,0,0,0,0,-6,-9,-6,-9,-5,-10,-5,-11,-4,-11,-4,-12,-3,-12,-3,-12,-3,-12,-2,-12,-2,-12,-2,-12,-2,-12,-2,-12,-3,-11,-3,-12,-4,-12,-4,-12,-4,-12,-5,-12,-5,-12,-6,-13,-7,-13,-6,-13,-7,-13,-6,-13]"
2025-08-18 22:39:36.641671,CSI_DATA,8,1a:00:00:00:00:00,-42,11,0,0,0,0,0,0,0,0,0,-96,0,1,0,2728730,0,31,0,128,0,"[0,0,-8,-12,-8,-12,-8,-12,-8,-11,-8,-11,-8,-11,-8,-10,-8,-10,-9,-10,-9,-8,-9,-8,-10,-8,-10,-8,-11,-8,-11,-8,-11,-8,-11,-8,-12,-8,-12,-9,-11,-9,-11,-10,-10,-11,-10,-10,-9,-11,-9,-11,-8,-12,0,0,0,0,0,0,0,0,0,0,0,0,0,0,0,0,0,0,0,0,0,0,-6,-8,-6,-9,-6,-9,-5,-10,-5,-10,-5,-11,-4,-11,-4,-11,-4,-12,-3,-11,-3,-12,-3,-11,-3,-11,-4,-11,-4,-11,-4,-11,-5,-11,-5,-11,-6,-11,-6,-11,-6,-11,-7,-12,-7,-11,-8,-12,-8,-12,-8,-12]"
2025-08-18 22:39:36.692604,CSI_DATA,9,1a:00:00:00:00:00,-42,11,0,0,0,0,0,0,0,0,0,-96,0,1,0,2788643,0,42,0,128,0,"[0,0,14,3,14,3,14,3,14,2,14,2,13,2,13,1,13,1,12,0,12,-1,12,-1,12,-2,13,-2,13,-2,13,-3,13,-3,14,-3,14,-3,15,-3,15,-2,15,-2,15,-1,15,0,14,0,14,1,14,2,0,0,0,0,0,0,0,0,0,0,0,0,0,0,0,0,0,0,0,0,0,0,10,1,10,2,10,3,10,4,10,4,11,5,11,6,10,6,10,6,10,7,10,6,9,7,10,6,10,6,10,6,10,5,11,5,11,4,11,4,12,4,12,4,12,4,13,3,14,3,14,3,14,3]"
2025-08-18 22:39:36.776602,CSI_DATA,10,1a:00:00:00:00:00,-42,11,0,0,0,0,0,0,0,0,0,-96,0,1,0,2856533,0,31,0,128,0,"[0,0,-3,-15,-3,-15,-3,-15,-3,-15,-4,-14,-4,-14,-4,-14,-5,-13,-6,-12,-6,-12,-6,-12,-7,-12,-7,-12,-8,-12,-8,-12,-8,-12,-9,-13,-9,-13,-9,-13,-8,-13,-8,-14,-7,-14,-6,-14,-6,-14,-5,-14,-4,-14,0,0,0,0,0,0,0,0,0,0,0,0,0,0,0,0,0,0,0,0,0,0,-3,-11,-2,-11,-2,-12,-1,-12,-1,-12,0,-13,1,-13,1,-13,1,-13,2,-13,2,-13,2,-12,2,-12,1,-12,1,-12,0,-13,0,-13,-1,-13,-1,-13,-1,-13,-2,-14,-2,-14,-3,-15,-2,-15,-3,-15,-3,-15]"
2025-08-18 22:39:36.966527,CSI_DATA,11,1a:00:00:00:00:00,-42,11,0,0,0,0,0,0,0,0,0,-96,0,1,0,3057298,0,31,0,128,0,"[0,0,-14,2,-14,2,-14,2,-13,3,-13,3,-13,3,-13,3,-12,4,-12,4,-11,4,-11,5,-11,6,-11,6,-11,7,-11,7,-11,7,-11,7,-12,7,-12,7,-13,7,-13,6,-13,6,-13,5,-13,5,-13,4,-13,3,0,0,0,0,0,0,0,0,0,0,0,0,0,0,0,0,0,0,0,0,0,0,-10,2,-10,2,-11,1,-11,0,-11,0,-12,-1,-12,-2,-12,-2,-12,-2,-12,-2,-12,-2,-12,-2,-12,-2,-12,-2,-11,-2,-11,-1,-12,-1,-12,0,-12,0,-12,1,-13,1,-13,1,-13,1,-13,2,-14,2,-14,2]"
2025-08-18 22:39:37.166292,CSI_DATA,12,1a:00:00:00:00:00,-42,11,0,0,0,0,0,0,0,0,0,-96,0,1,0,3258563,0,31,0,128,0,"[0,0,11,-9,10,-10,10,-9,11,-9,9,-9,9,-10,9,-9,8,-10,8,-10,7,-11,7,-11,6,-11,6,-12,6,-12,6,-13,6,-13,6,-13,6,-13,7,-14,7,-13,8,-13,8,-12,8,-12,9,-11,9,-11,10,-10,0,0,0,0,0,0,0,0,0,0,0,0,0,0,0,0,0,0,0,0,0,0,7,-8,8,-7,8,-6,9,-6,10,-6,10,-6,11,-5,11,-5,11,-4,11,-4,11,-4,11,-4,11,-4,10,-5,10,-4,10,-5,10,-6,10,-6,10,-7,10,-7,10,-7,11,-8,10,-8,11,-9,11,-9,12,-9]"
2025-08-18 22:39:37.562470,CSI_DATA,13,1a:00:00:00:00:00,-42,11,0,0,0,0,0,0,0,0,0,-96,0,1,0,3459988,0,31,0,128,0,"[0,0,12,-6,12,-6,12,-6,12,-7,11,-7,11,-7,10,-7,10,-7,10,-8,9,-8,9,-9,9,-9,8,-9,8,-10,8,-11,8,-10,9,-11,9,-11,9,-11,10,-11,10,-10,10,-10,11,-9,11,-8,11,-8,11,-7,0,0,0,0,0,0,0,0,0,0,0,0,0,0,0,0,0,0,0,0,0,0,8,-5,9,-4,10,-4,10,-4,11,-3,11,-3,11,-2,11,-2,11,-2,12,-1,11,-1,11,-1,11,-1,11,-1,11,-2,11,-2,10,-3,11,-3,11,-4,11,-4,11,-5,12,-5,12,-6,12,-5,12,-6,12,-6]"
2025-08-18 22:39:37.566657,CSI_DATA,14,1a:00:00:00:00:00,-42,11,0,0,0,0,0,0,0,0,0,-96,0,1,0,3660997,0,31,0,128,0,"[0,0,11,8,11,8,10,7,11,7,11,7,10,7,10,6,11,6,10,5,11,4,11,4,11,3,12,3,11,3,12,3,12,3,13,4,13,3,13,4,13,5,13,5,12,6,12,6,12,7,11,7,10,8,0,0,0,0,0,0,0,0,0,0,0,0,0,0,0,0,0,0,0,0,0,0,8,4,8,5,8,6,8,6,8,7,8,7,7,8,7,9,7,9,7,9,7,9,6,9,7,9,7,9,6,8,7,8,7,8,8,8,8,7,9,8,9,8,10,8,10,8,11,8,11,8,11,8]"
2025-08-18 22:39:37.762485,CSI_DATA,15,1a:00:00:00:00:00,-42,11,0,0,0,0,0,0,0,0,0,-96,0,1,0,3862401,0,31,0,128,0,"[0,0,12,8,11,7,11,7,11,7,11,6,11,6,11,6,11,5,11,5,11,4,11,3,11,3,12,3,12,3,12,2,13,2,13,3,13,3,13,3,13,4,13,4,12,5,12,5,12,5,12,6,11,7,0,0,0,0,0,0,0,0,0,0,0,0,0,0,0,0,0,0,0,0,0,0,8,4,8,5,8,5,8,6,8,7,8,7,7,8,7,8,7,9,7,9,7,8,7,8,7,8,7,8,7,8,7,8,8,8,8,7,8,7,9,7,9,7,10,8,11,7,11,7,11,7,12,7]"
2025-08-18 22:39:37.980999,CSI_DATA,16,1a:00:00:00:00:00,-42,11,0,0,0,0,0,0,0,0,0,-96,0,1,0,4063308,0,31,0,128,0,"[0,0,2,-14,2,-15,2,-14,2,-14,1,-14,1,-14,0,-13,0,-13,-1,-13,-1,-13,-1,-13,-2,-13,-2,-13,-3,-13,-3,-13,-3,-13,-3,-15,-3,-14,-3,-15,-3,-15,-2,-15,-1,-15,0,-15,0,-15,1,-14,2,-14,0,0,0,0,0,0,0,0,0,0,0,0,0,0,0,0,0,0,0,0,0,0,0,-10,1,-10,2,-11,2,-11,3,-12,3,-11,4,-11,4,-12,5,-11,5,-11,5,-11,5,-11,5,-11,5,-10,4,-11,4,-11,4,-11,3,-12,3,-12,3,-12,3,-13,2,-13,2,-14,2,-14,2,-14,2,-14]"
2025-08-18 22:39:38.172856,CSI_DATA,17,1a:00:00:00:00:00,-42,11,0,0,0,0,0,0,0,0,0,-95,0,1,0,4264518,0,31,0,128,0,"[0,0,-5,13,-5,13,-5,13,-4,13,-4,12,-4,12,-3,12,-3,12,-2,12,-1,12,-1,12,-1,12,0,12,0,12,0,13,1,13,0,13,0,13,0,14,0,14,-1,14,-2,14,-2,14,-3,13,-4,13,-4,13,0,0,0,0,0,0,0,0,0,0,0,0,0,0,0,0,0,0,0,0,0,0,-2,9,-3,9,-4,10,-4,10,-5,10,-6,10,-6,10,-7,10,-7,10,-8,9,-7,9,-7,9,-7,9,-7,9,-7,9,-6,9,-6,10,-6,10,-5,10,-5,11,-5,11,-5,12,-5,12,-5,13,-5,13,-5,13]"
2025-08-18 22:39:38.236530,CSI_DATA,18,1a:00:00:00:00:00,-42,11,0,0,0,0,0,0,0,0,0,-95,0,1,0,4325277,0,42,0,128,0,"[0,0,-14,-5,-14,-5,-13,-5,-14,-4,-13,-4,-13,-4,-13,-3,-13,-3,-13,-2,-13,-1,-13,-1,-13,0,-13,0,-13,1,-14,1,-14,1,-14,1,-15,1,-15,1,-15,0,-15,0,-15,-1,-15,-2,-14,-2,-14,-3,-14,-3,0,0,0,0,0,0,0,0,0,0,0,0,0,0,0,0,0,0,0,0,0,0,-10,-3,-10,-4,-10,-5,-10,-5,-10,-6,-10,-7,-10,-7,-10,-8,-10,-8,-10,-8,-9,-8,-9,-8,-9,-8,-9,-7,-10,-7,-10,-7,-10,-6,-11,-6,-11,-6,-12,-6,-12,-6,-13,-5,-13,-5,-13,-5,-14,-5,-14,-5]"
2025-08-18 22:39:38.311840,CSI_DATA,19,1a:00:00:00:00:00,-42,11,0,0,0,0,0,0,0,0,0,-95,0,1,0,4398644,0,31,0,128,0,"[0,0,-6,-14,-6,-14,-7,-13,-5,-15,-5,-11,-6,-13,-6,-11,-4,-11,-6,-11,-8,-10,-8,-11,-9,-9,-9,-9,-9,-9,-11,-9,-10,-9,-10,-9,-11,-10,-12,-10,-10,-12,-10,-13,-10,-12,-9,-11,-12,-13,-6,-12,-7,-13,0,0,0,0,0,0,0,0,0,0,0,0,0,0,0,0,0,0,0,0,0,0,-3,-10,-3,-10,-2,-11,-1,-11,-1,-12,-1,-12,0,-12,0,-12,1,-12,1,-13,1,-12,1,-12,1,-12,0,-12,0,-12,0,-12,-1,-12,-2,-12,-2,-12,-3,-12,-3,-13,-3,-13,-3,-14,-4,-14,-4,-14,-5,-14]"
2025-08-18 22:39:38.505401,CSI_DATA,20,1a:00:00:00:00:00,-42,11,0,0,0,0,0,0,0,0,0,-95,0,1,0,4597479,0,31,0,128,0,"[0,0,11,-9,10,-10,10,-9,10,-10,10,-10,9,-10,8,-10,8,-10,7,-10,7,-11,6,-11,6,-11,6,-11,5,-12,5,-12,5,-13,6,-13,6,-13,6,-13,6,-13,7,-13,8,-12,8,-12,8,-11,9,-11,9,-10,0,0,0,0,0,0,0,0,0,0,0,0,0,0,0,0,0,0,0,0,0,0,7,-7,7,-7,8,-7,9,-6,9,-6,10,-6,10,-6,10,-5,10,-5,11,-4,11,-4,11,-4,10,-4,10,-5,10,-5,10,-5,10,-6,10,-6,10,-7,10,-7,10,-8,10,-8,10,-9,10,-9,10,-9,11,-10]"
2025-08-18 22:39:38.706249,CSI_DATA,21,1a:00:00:00:00:00,-42,11,0,0,0,0,0,0,0,0,0,-95,0,1,0,4798604,0,31,0,128,0,"[0,0,-13,7,-12,7,-13,7,-12,7,-12,8,-11,8,-11,7,-10,8,-10,8,-9,8,-9,9,-9,9,-9,10,-8,10,-8,10,-8,11,-9,11,-9,11,-10,11,-10,11,-11,11,-11,10,-11,9,-11,9,-12,8,-12,7,0,0,0,0,0,0,0,0,0,0,0,0,0,0,0,0,0,0,0,0,0,0,-8,6,-9,6,-10,6,-10,5,-11,4,-11,5,-12,4,-12,3,-12,3,-12,2,-12,2,-12,2,-12,3,-12,3,-12,3,-11,3,-12,4,-11,5,-12,5,-12,5,-12,6,-12,6,-12,7,-12,7,-12,7,-13,7]"
2025-08-18 22:39:38.904132,CSI_DATA,22,1a:00:00:00:00:00,-42,11,0,0,0,0,0,0,0,0,0,-95,0,1,0,5000045,0,31,0,128,0,"[0,0,13,1,13,1,13,1,13,1,13,0,12,0,12,0,12,-1,11,-1,12,-2,12,-2,11,-3,11,-3,11,-4,12,-4,12,-4,12,-4,13,-4,13,-4,13,-3,14,-3,13,-2,13,-1,13,0,13,0,13,1,0,0,0,0,0,0,0,0,0,0,0,0,0,0,0,0,0,0,0,0,0,0,9,-1,9,0,10,1,10,1,10,2,10,2,11,3,10,3,10,4,10,4,10,4,10,4,10,4,10,4,10,3,10,3,10,3,10,2,11,2,11,2,11,1,12,2,12,1,13,1,13,1,13,1]"
2025-08-18 22:39:39.108722,CSI_DATA,23,1a:00:00:00:00:00,-42,11,0,0,0,0,0,0,0,0,0,-95,0,1,0,5201021,0,31,0,128,0,"[0,0,-15,4,-15,4,-14,4,-14,4,-14,5,-13,4,-13,5,-12,5,-12,6,-12,7,-11,7,-11,8,-11,8,-11,8,-11,9,-11,9,-12,9,-12,9,-13,9,-13,9,-13,8,-14,7,-14,7,-14,6,-14,6,-14,5,0,0,0,0,0,0,0,0,0,0,0,0,0,0,0,0,0,0,0,0,0,0,-10,4,-11,3,-11,3,-12,2,-12,2,-12,1,-13,0,-13,0,-13,-1,-13,-1,-13,0,-13,0,-13,0,-13,0,-13,0,-13,0,-13,1,-13,1,-13,2,-13,2,-13,2,-14,3,-14,4,-14,4,-15,4,-15,4]"
2025-08-18 22:39:39.310630,CSI_DATA,24,1a:00:00:00:00:00,-42,11,0,0,0,0,0,0,0,0,0,-95,0,1,0,5402207,0,31,0,128,0,"[0,0,-15,2,-14,3,-14,3,-14,3,-14,3,-13,3,-13,4,-12,4,-12,5,-11,5,-11,5,-11,6,-11,6,-11,7,-11,7,-11,8,-12,8,-12,8,-12,8,-13,7,-13,7,-13,6,-13,5,-14,5,-14,4,-14,3,0,0,0,0,0,0,0,0,0,0,0,0,0,0,0,0,0,0,0,0,0,0,-10,2,-11,2,-11,1,-12,1,-12,0,-12,-1,-12,-1,-12,-1,-12,-2,-12,-2,-12,-2,-12,-2,-12,-2,-12,-2,-12,-1,-12,-1,-12,-1,-12,0,-13,0,-13,1,-13,1,-13,1,-13,2,-14,2,-14,2,-14,2]"
2025-08-18 22:39:39.519905,CSI_DATA,25,1a:00:00:00:00:00,-42,11,0,0,0,0,0,0,0,0,0,-95,0,1,0,5603322,0,31,0,128,0,"[0,0,6,-13,6,-13,6,-13,6,-13,6,-13,5,-12,5,-12,4,-13,3,-12,3,-12,2,-13,2,-13,1,-13,1,-14,1,-13,1,-14,1,-14,1,-15,1,-15,2,-15,2,-15,3,-15,4,-14,4,-14,5,-13,6,-13,0,0,0,0,0,0,0,0,0,0,0,0,0,0,0,0,0,0,0,0,0,0,3,-9,4,-10,5,-9,6,-9,6,-9,7,-9,8,-9,8,-9,8,-9,8,-8,8,-8,8,-8,8,-8,8,-8,8,-9,7,-9,7,-9,6,-10,7,-10,6,-11,6,-11,6,-12,6,-12,6,-12,7,-12,6,-13]"
2025-08-18 22:39:39.710746,CSI_DATA,26,1a:00:00:00:00:00,-42,11,0,0,0,0,0,0,0,0,0,-95,0,1,0,5804687,0,31,0,128,0,"[0,0,14,-1,13,-2,13,-1,13,-2,13,-2,12,-2,12,-3,12,-3,12,-4,11,-4,11,-5,11,-5,11,-6,11,-6,12,-7,11,-7,12,-7,12,-6,13,-6,13,-6,13,-5,13,-5,14,-4,13,-3,13,-2,13,-1,0,0,0,0,0,0,0,0,0,0,0,0,0,0,0,0,0,0,0,0,0,0,9,-2,10,-2,10,-1,10,0,11,0,11,0,11,1,11,2,11,2,11,3,11,3,11,3,11,3,11,2,11,2,11,1,11,1,11,0,11,0,12,0,12,0,13,-1,13,-1,13,-1,13,-1,13,-1]"
2025-08-18 22:39:39.771587,CSI_DATA,27,1a:00:00:00:00:00,-41,11,0,0,0,0,0,0,0,0,0,-95,0,1,0,5865415,0,42,0,128,0,"[0,0,9,-11,9,-11,9,-10,9,-11,8,-11,8,-11,7,-11,7,-11,6,-11,5,-11,5,-12,4,-12,5,-12,4,-13,4,-13,4,-13,5,-13,5,-14,5,-14,6,-14,6,-13,7,-13,7,-13,8,-12,8,-12,9,-11,0,0,0,0,0,0,0,0,0,0,0,0,0,0,0,0,0,0,0,0,0,0,5,-8,6,-8,7,-8,8,-8,8,-8,9,-7,10,-8,9,-6,10,-6,10,-7,10,-6,10,-6,9,-6,9,-6,9,-6,9,-7,9,-7,9,-8,9,-8,9,-8,9,-9,9,-9,8,-10,9,-11,9,-11,9,-11]"
2025-08-18 22:39:39.853071,CSI_DATA,28,1a:00:00:00:00:00,-42,11,0,0,0,0,0,0,0,0,0,-95,0,1,0,5928160,0,31,0,128,0,"[0,0,-15,3,-15,3,-14,3,-14,3,-14,4,-13,4,-13,4,-13,4,-12,5,-12,5,-12,5,-11,6,-11,7,-11,7,-11,7,-12,8,-12,8,-12,8,-13,8,-13,7,-13,7,-14,6,-14,6,-14,4,-14,4,-14,3,0,0,0,0,0,0,0,0,0,0,0,0,0,0,0,0,0,0,0,0,0,0,-10,3,-11,3,-11,2,-12,2,-12,1,-13,0,-13,0,-13,-1,-13,-1,-12,-2,-13,-2,-12,-2,-12,-2,-12,-1,-12,-1,-12,0,-12,0,-12,1,-13,1,-13,2,-13,2,-14,2,-14,3,-14,2,-14,3,-14,3]"
2025-08-18 22:39:40.057332,CSI_DATA,29,1a:00:00:00:00:00,-42,11,0,0,0,0,0,0,0,0,0,-95,0,1,0,6129266,0,31,0,128,0,"[0,0,-6,-14,-6,-14,-6,-13,-6,-13,-6,-13,-6,-12,-7,-12,-7,-12,-7,-11,-8,-11,-8,-10,-8,-10,-9,-10,-9,-10,-10,-10,-10,-10,-10,-10,-10,-10,-10,-11,-10,-11,-10,-12,-9,-12,-8,-12,-8,-12,-7,-13,-6,-13,0,0,0,0,0,0,0,0,0,0,0,0,0,0,0,0,0,0,0,0,0,0,-5,-9,-4,-10,-4,-10,-4,-11,-3,-12,-3,-12,-2,-12,-2,-12,-1,-13,-1,-12,-1,-12,-1,-12,-1,-12,-1,-12,-1,-12,-2,-12,-3,-12,-3,-12,-3,-12,-4,-12,-4,-13,-4,-13,-5,-13,-5,-13,-6,-14,-5,-14]"
2025-08-18 22:39:40.238409,CSI_DATA,30,1a:00:00:00:00:00,-42,11,0,0,0,0,0,0,0,0,0,-95,0,1,0,6330474,0,31,0,128,0,"[0,0,-15,3,-15,3,-14,3,-14,3,-14,3,-13,3,-13,3,-13,4,-12,4,-12,5,-12,6,-11,6,-11,6,-11,7,-12,7,-12,7,-12,8,-13,8,-13,7,-13,7,-14,6,-14,5,-14,5,-14,5,-14,4,-14,3,0,0,0,0,0,0,0,0,0,0,0,0,0,0,0,0,0,0,0,0,0,0,-10,4,-11,3,-11,2,-12,2,-12,1,-12,1,-13,0,-13,0,-13,-1,-13,-1,-13,-1,-13,-1,-13,-1,-12,-1,-12,0,-12,0,-14,1,-12,4,-13,2,-13,1,-13,2,-14,2,-14,3,-14,3,-14,3,-15,3]"
2025-08-18 22:39:40.440656,CSI_DATA,31,1a:00:00:00:00:00,-42,11,0,0,0,0,0,0,0,0,0,-95,0,1,0,6532770,0,31,0,128,0,"[0,0,14,-5,13,-6,13,-6,13,-6,12,-6,12,-6,12,-6,11,-7,11,-7,10,-8,10,-8,9,-9,10,-9,10,-10,9,-10,10,-10,10,-10,11,-10,11,-10,11,-10,12,-9,12,-9,12,-8,12,-8,13,-7,13,-6,0,0,0,0,0,0,0,0,0,0,0,0,0,0,0,0,0,0,0,0,0,0,9,-5,9,-5,10,-4,11,-4,11,-3,11,-3,12,-2,12,-2,12,-1,12,-1,12,-1,12,-1,12,-1,12,-1,12,-2,11,-2,11,-2,11,-3,12,-3,12,-4,13,-4,13,-5,13,-5,13,-6,13,-6,14,-6]"
2025-08-18 22:39:40.645849,CSI_DATA,32,1a:00:00:00:00:00,-42,11,0,0,0,0,0,0,0,0,0,-95,0,1,0,6732818,0,31,0,128,0,"[0,0,-10,-11,-10,-11,-10,-11,-10,-10,-10,-10,-10,-10,-10,-9,-10,-9,-10,-8,-11,-7,-11,-7,-11,-6,-12,-6,-12,-6,-12,-6,-13,-6,-13,-7,-13,-7,-13,-7,-13,-8,-13,-8,-12,-9,-12,-9,-11,-9,-11,-10,-10,-10,0,0,0,0,0,0,0,0,0,0,0,0,0,0,0,0,0,0,0,0,0,0,-8,-7,-8,-7,-8,-8,-7,-9,-7,-9,-7,-10,-6,-11,-6,-11,-6,-11,-5,-11,-6,-11,-5,-11,-6,-11,-6,-11,-6,-11,-6,-10,-6,-11,-7,-10,-8,-10,-8,-10,-8,-10,-9,-11,-10,-10,-10,-10,-10,-11,-10,-11]"
2025-08-18 22:39:40.836126,CSI_DATA,33,1a:00:00:00:00:00,-42,11,0,0,0,0,0,0,0,0,0,-95,0,1,0,6934197,0,31,0,128,0,"[0,0,7,12,7,11,7,11,7,11,7,10,7,10,7,10,8,9,8,9,9,8,9,7,9,7,10,7,10,7,11,7,11,7,11,7,11,7,11,8,11,9,10,9,10,10,9,10,9,10,8,10,7,11,0,0,0,0,0,0,0,0,0,0,0,0,0,0,0,0,0,0,0,0,0,0,6,7,5,8,5,8,5,9,4,10,4,10,4,11,3,11,3,11,2,11,2,11,2,11,3,11,3,11,3,11,3,10,4,10,4,10,5,10,5,11,5,11,6,11,7,11,7,11,7,11,8,11]"
2025-08-18 22:39:41.049818,CSI_DATA,34,1a:00:00:00:00:00,-42,11,0,0,0,0,0,0,0,0,0,-95,0,1,0,7135244,0,31,0,128,0,"[0,0,13,-5,13,-5,12,-5,12,-5,12,-6,11,-6,11,-6,11,-7,10,-7,10,-8,10,-8,9,-8,9,-9,9,-9,9,-10,9,-10,10,-10,10,-10,10,-10,11,-10,11,-10,11,-9,12,-8,12,-7,12,-7,12,-6,0,0,0,0,0,0,0,0,0,0,0,0,0,0,0,0,0,0,0,0,0,0,9,-4,9,-4,10,-3,10,-3,11,-2,11,-2,11,-1,11,-1,12,-1,11,0,11,0,11,0,11,0,11,-1,11,-1,11,-1,11,-2,11,-2,11,-3,11,-4,12,-4,12,-4,12,-5,13,-5,13,-5,13,-5]"
2025-08-18 22:39:41.303096,CSI_DATA,35,1a:00:00:00:00:00,-42,11,0,0,0,0,0,0,0,0,0,-95,0,1,0,7337179,0,31,0,128,0,"[0,0,13,6,12,5,13,5,12,4,12,4,12,4,12,4,12,3,11,3,12,1,12,1,12,0,12,0,12,0,13,0,13,0,13,0,14,0,14,1,14,1,14,2,14,3,13,3,13,3,13,4,12,5,0,0,0,0,0,0,0,0,0,0,0,0,0,0,0,0,0,0,0,0,0,0,9,2,9,3,9,3,9,4,9,5,10,5,9,6,9,7,9,7,9,7,9,7,9,7,9,7,9,6,9,7,9,6,10,6,10,5,10,5,11,6,10,6,11,5,12,5,12,5,13,5,13,5]"
2025-08-18 22:39:41.308290,CSI_DATA,36,1a:00:00:00:00:00,-42,11,0,0,0,0,0,0,0,0,0,-95,0,1,0,7397247,0,42,0,128,0,"[0,0,-3,14,-3,14,-3,14,-2,13,-2,13,-2,13,-1,13,-1,13,0,12,1,12,1,12,2,12,2,12,2,13,3,13,3,13,3,13,3,14,2,14,2,14,1,14,1,14,0,14,-1,14,-2,14,-2,14,0,0,0,0,0,0,0,0,0,0,0,0,0,0,0,0,0,0,0,0,0,0,-1,9,-2,10,-3,10,-3,10,-4,10,-5,11,-5,11,-6,11,-6,11,-6,10,-6,10,-6,10,-6,10,-6,10,-6,10,-5,10,-5,11,-4,11,-4,12,-4,12,-4,12,-3,13,-3,13,-3,13,-3,14,-2,14]"
2025-08-18 22:39:41.381713,CSI_DATA,37,1a:00:00:00:00:00,-42,11,0,0,0,0,0,0,0,0,0,-95,0,1,0,7464391,0,31,0,128,0,"[0,0,3,-14,3,-14,2,-14,2,-14,2,-14,2,-13,1,-13,1,-13,0,-13,-1,-13,-1,-13,-2,-13,-2,-13,-3,-13,-3,-13,-3,-14,-3,-14,-3,-15,-3,-15,-2,-15,-2,-15,-1,-15,-1,-15,0,-15,0,-14,2,-14,0,0,0,0,0,0,0,0,0,0,0,0,0,0,0,0,0,0,0,0,0,0,1,-10,2,-10,3,-11,3,-11,4,-11,5,-11,5,-11,6,-11,6,-11,6,-10,6,-10,6,-10,6,-10,6,-10,5,-10,5,-10,5,-11,4,-11,4,-12,4,-12,4,-13,3,-13,3,-13,3,-14,3,-14,3,-14]"
2025-08-18 22:39:41.578426,CSI_DATA,38,1a:00:00:00:00:00,-42,11,0,0,0,0,0,0,0,0,0,-95,0,1,0,7665459,0,31,0,128,0,"[0,0,-5,-14,-5,-14,-6,-14,-6,-13,-6,-13,-6,-13,-6,-12,-7,-12,-7,-11,-8,-11,-8,-11,-9,-10,-9,-10,-10,-10,-10,-10,-10,-10,-10,-10,-11,-11,-11,-11,-10,-12,-10,-12,-9,-13,-9,-13,-8,-13,-7,-13,-6,-13,0,0,0,0,0,0,0,0,0,0,0,0,0,0,0,0,0,0,0,0,0,0,-4,-10,-4,-10,-3,-11,-3,-11,-2,-12,-2,-12,-1,-13,-1,-13,0,-13,0,-12,0,-13,0,-12,0,-12,-1,-12,-1,-12,-1,-12,-2,-12,-2,-12,-3,-13,-3,-13,-4,-13,-4,-13,-5,-13,-5,-14,-5,-14,-5,-14]"
2025-08-18 22:39:41.769460,CSI_DATA,39,1a:00:00:00:00:00,-42,11,0,0,0,0,0,0,0,0,0,-95,0,1,0,7868568,0,31,0,128,0,"[0,0,7,12,7,11,7,11,7,11,7,10,8,10,8,9,8,9,8,8,9,8,9,8,9,7,9,7,10,7,11,7,10,7,11,7,11,7,11,8,11,8,11,9,10,9,9,10,9,10,8,10,7,11,0,0,0,0,0,0,0,0,0,0,0,0,0,0,0,0,0,0,0,0,0,0,6,7,5,8,5,9,4,9,4,10,4,10,4,10,3,11,3,11,2,11,2,11,2,11,2,11,2,11,3,10,3,10,4,10,4,10,5,10,5,10,6,10,6,10,7,11,7,11,7,12,7,11]"
2025-08-18 22:39:41.982150,CSI_DATA,40,1a:00:00:00:00:00,-42,11,0,0,0,0,0,0,0,0,0,-95,0,1,0,8068094,0,31,0,128,0,"[0,0,-9,-13,-9,-13,-9,-12,-9,-12,-9,-12,-9,-11,-9,-11,-10,-10,-10,-10,-11,-9,-11,-9,-11,-9,-11,-8,-12,-8,-13,-8,-13,-8,-13,-8,-13,-8,-14,-9,-13,-9,-13,-10,-12,-11,-12,-11,-11,-11,-10,-11,-9,-12,0,0,0,0,0,0,0,0,0,0,0,0,0,0,0,0,0,0,0,0,0,0,-7,-9,-7,-9,-6,-10,-6,-11,-6,-11,-5,-12,-5,-12,-5,-13,-4,-13,-4,-13,-4,-13,-4,-12,-3,-12,-4,-12,-4,-12,-5,-12,-5,-12,-6,-12,-6,-12,-7,-12,-7,-12,-8,-12,-8,-12,-8,-13,-9,-13,-9,-12]"
2025-08-18 22:39:42.177496,CSI_DATA,41,1a:00:00:00:00:00,-42,11,0,0,0,0,0,0,0,0,0,-95,0,1,0,8269141,0,31,0,128,0,"[0,0,-14,3,-14,3,-14,3,-14,3,-13,4,-13,4,-13,4,-12,5,-12,5,-11,6,-11,6,-11,7,-11,7,-11,7,-11,8,-11,8,-11,8,-12,8,-12,8,-12,8,-13,7,-13,7,-13,6,-13,6,-13,5,-13,4,0,0,0,0,0,0,0,0,0,0,0,0,0,0,0,0,0,0,0,0,0,0,-10,3,-10,2,-11,2,-11,1,-12,1,-12,0,-12,-1,-12,-1,-12,-1,-12,-1,-12,-1,-12,-2,-12,-1,-12,-1,-12,-1,-12,0,-12,0,-12,1,-13,1,-13,1,-13,2,-13,2,-14,3,-14,3,-14,3,-14,3]"
2025-08-18 22:39:42.382101,CSI_DATA,42,1a:00:00:00:00:00,-42,11,0,0,0,0,0,0,0,0,0,-95,0,1,0,8470287,0,31,0,128,0,"[0,0,-14,-5,-13,-6,-13,-5,-13,-5,-14,-5,-13,-4,-13,-4,-13,-3,-13,-3,-13,-2,-13,-2,-13,-1,-13,-1,-13,0,-14,0,-14,0,-14,0,-15,0,-15,0,-15,-1,-15,-1,-15,-2,-15,-3,-14,-3,-14,-4,-13,-5,0,0,0,0,0,0,0,0,0,0,0,0,0,0,0,0,0,0,0,0,0,0,-10,-3,-10,-4,-10,-5,-10,-5,-10,-6,-10,-7,-10,-7,-10,-8,-10,-8,-9,-8,-9,-8,-9,-8,-9,-8,-9,-8,-9,-8,-10,-7,-10,-7,-11,-6,-11,-7,-12,-6,-12,-6,-12,-6,-13,-6,-13,-6,-13,-6,-14,-6]"
2025-08-18 22:39:42.575926,CSI_DATA,43,1a:00:00:00:00:00,-42,11,0,0,0,0,0,0,0,0,0,-95,0,1,0,8671407,0,31,0,128,0,"[0,0,7,12,7,11,7,11,7,11,7,11,7,10,7,10,8,9,8,8,9,8,9,8,9,7,10,7,10,7,10,6,11,7,11,7,11,7,12,8,11,8,11,9,10,9,10,9,9,10,8,10,8,10,0,0,0,0,0,0,0,0,0,0,0,0,0,0,0,0,0,0,0,0,0,0,5,7,5,8,5,9,4,9,4,10,4,10,3,11,3,11,2,11,2,11,2,11,2,11,2,11,2,11,2,11,3,10,4,11,4,10,4,11,5,11,5,11,6,11,6,11,7,11,7,11,7,11]"
2025-08-18 22:39:42.797154,CSI_DATA,44,1a:00:00:00:00:00,-42,11,0,0,0,0,0,0,0,0,0,-95,0,1,0,8872546,0,31,0,128,0,"[0,0,-6,-14,-7,-13,-7,-13,-7,-13,-7,-12,-7,-12,-7,-12,-7,-11,-8,-11,-8,-10,-8,-10,-9,-10,-9,-9,-10,-10,-10,-9,-11,-10,-11,-10,-11,-10,-10,-11,-10,-11,-10,-12,-9,-12,-8,-12,-8,-12,-7,-12,-6,-13,0,0,0,0,0,0,0,0,0,0,0,0,0,0,0,0,0,0,0,0,0,0,-6,-9,-6,-9,-5,-10,-4,-11,-4,-11,-4,-12,-3,-12,-3,-12,-3,-12,-2,-12,-2,-12,-2,-12,-2,-12,-2,-12,-2,-12,-3,-11,-3,-12,-4,-12,-4,-12,-5,-12,-5,-12,-5,-13,-6,-13,-6,-13,-6,-13,-6,-13]"
2025-08-18 22:39:42.846663,CSI_DATA,45,1a:00:00:00:00:00,-42,11,0,0,0,0,0,0,0,0,0,-95,0,1,0,8933335,0,42,0,128,0,"[0,0,-10,-11,-10,-11,-10,-10,-10,-10,-10,-10,-10,-9,-10,-9,-11,-8,-11,-8,-11,-7,-11,-7,-11,-6,-12,-6,-12,-6,-13,-5,-13,-5,-13,-6,-14,-6,-14,-6,-13,-7,-13,-7,-13,-8,-12,-9,-12,-9,-11,-9,-10,-10,0,0,0,0,0,0,0,0,0,0,0,0,0,0,0,0,0,0,0,0,0,0,-8,-7,-8,-8,-8,-8,-7,-9,-7,-10,-7,-10,-7,-11,-6,-11,-6,-11,-5,-11,-5,-11,-5,-11,-5,-11,-5,-11,-6,-11,-6,-10,-7,-10,-7,-10,-8,-10,-8,-10,-8,-10,-9,-10,-10,-10,-10,-11,-10,-11,-10,-11]"
2025-08-18 22:39:42.908759,CSI_DATA,46,1a:00:00:00:00:00,-42,11,0,0,0,0,0,0,0,0,0,-95,0,1,0,9001580,0,31,0,128,0,"[0,0,-12,7,-12,7,-12,7,-11,8,-11,8,-11,8,-10,8,-10,8,-9,8,-9,9,-8,9,-8,9,-8,10,-7,10,-7,11,-7,11,-8,11,-8,11,-8,12,-9,11,-9,11,-10,10,-10,10,-10,9,-11,9,-11,8,0,0,0,0,0,0,0,0,0,0,0,0,0,0,0,0,0,0,0,0,0,0,-8,6,-9,5,-10,5,-10,4,-11,4,-11,4,-12,3,-12,3,-12,3,-12,2,-12,2,-12,2,-12,2,-11,3,-11,3,-11,3,-11,4,-11,4,-11,5,-11,5,-12,6,-12,6,-12,7,-12,7,-12,7,-12,7]"
2025-08-18 22:39:43.105656,CSI_DATA,47,1a:00:00:00:00:00,-42,11,0,0,0,0,0,0,0,0,0,-95,0,1,0,9202813,0,31,0,128,0,"[0,0,4,13,4,13,4,13,5,13,5,13,5,12,5,11,5,11,6,10,6,10,7,10,7,10,7,10,8,9,9,9,9,10,9,10,9,11,9,11,9,11,8,12,8,12,7,12,6,12,5,12,4,13,0,0,0,0,0,0,0,0,0,0,0,0,0,0,0,0,0,0,0,0,0,0,3,9,3,9,2,10,2,10,1,11,1,12,1,12,0,12,0,12,-1,12,-1,12,-1,11,-1,11,-1,11,0,11,0,11,1,11,1,11,2,12,2,12,2,12,3,12,3,12,4,13,3,13,4,13]"
2025-08-18 22:39:43.309424,CSI_DATA,48,1a:00:00:00:00:00,-42,11,0,0,0,0,0,0,0,0,0,-95,0,1,0,9404552,0,31,0,128,0,"[0,0,-5,13,-5,13,-5,12,-5,12,-4,12,-4,12,-4,12,-3,12,-3,12,-2,12,-1,12,-1,12,0,12,0,13,0,12,0,13,0,13,0,13,0,14,-1,14,-1,14,-2,14,-2,14,-3,13,-4,13,-4,13,0,0,0,0,0,0,0,0,0,0,0,0,0,0,0,0,0,0,0,0,0,0,-3,9,-4,9,-4,9,-5,9,-6,9,-6,10,-7,9,-7,9,-8,9,-8,9,-8,9,-8,9,-7,9,-7,9,-7,9,-7,9,-7,9,-6,10,-6,10,-6,11,-6,11,-6,11,-5,12,-5,12,-5,13,-5,13]"
2025-08-18 22:39:43.517272,CSI_DATA,49,1a:00:00:00:00:00,-42,11,0,0,0,0,0,0,0,0,0,-95,0,1,0,9605104,0,31,0,128,0,"[0,0,-4,-14,-4,-14,-4,-14,-4,-14,-4,-14,-4,-13,-5,-13,-5,-13,-6,-12,-6,-12,-7,-12,-7,-12,-7,-11,-8,-12,-8,-11,-9,-12,-8,-12,-9,-13,-9,-13,-8,-13,-8,-14,-7,-14,-6,-14,-6,-14,-5,-14,-4,-14,0,0,0,0,0,0,0,0,0,0,0,0,0,0,0,0,0,0,0,0,0,0,-4,-10,-4,-11,-3,-11,-2,-12,-2,-12,-1,-13,-1,-13,-1,-13,0,-13,0,-13,0,-12,0,-12,1,-12,0,-12,0,-13,-1,-12,-1,-12,-2,-12,-2,-13,-2,-13,-3,-13,-3,-14,-3,-14,-4,-14,-4,-14,-5,-14]"
2025-08-18 22:39:43.712567,CSI_DATA,50,1a:00:00:00:00:00,-42,11,0,0,0,0,0,0,0,0,0,-95,0,1,0,9806266,0,31,0,128,0,"[0,0,-8,12,-8,12,-8,12,-7,11,-7,12,-6,12,-6,11,-5,11,-5,11,-4,11,-4,11,-3,12,-3,12,-3,12,-2,13,-2,13,-3,13,-3,14,-3,14,-3,14,-4,14,-5,13,-5,13,-6,13,-7,12,-7,11,0,0,0,0,0,0,0,0,0,0,0,0,0,0,0,0,0,0,0,0,0,0,-5,8,-5,9,-6,8,-7,8,-7,8,-8,9,-9,8,-9,8,-9,8,-9,7,-10,7,-10,7,-9,7,-9,7,-9,7,-9,8,-8,8,-8,8,-8,9,-8,10,-8,10,-8,10,-8,11,-8,11,-8,11,-8,12]"
2025-08-18 22:39:43.911818,CSI_DATA,51,1a:00:00:00:00:00,-42,11,0,0,0,0,0,0,0,0,0,-95,0,1,0,10007403,0,31,0,128,0,"[0,0,-1,14,0,14,0,13,0,13,0,13,0,13,1,12,2,12,2,12,2,11,3,11,3,11,4,11,4,12,5,11,5,12,5,12,5,13,4,13,4,13,3,14,3,14,2,14,1,13,1,13,0,13,0,0,0,0,0,0,0,0,0,0,0,0,0,0,0,0,0,0,0,0,0,0,1,9,1,10,0,10,-1,10,-1,11,-2,11,-2,11,-3,11,-3,11,-4,11,-4,11,-4,11,-4,11,-3,11,-3,11,-3,11,-2,11,-2,11,-2,12,-1,12,-1,12,-1,12,0,13,0,13,0,14,0,13]"
2025-08-18 22:39:44.120905,CSI_DATA,52,1a:00:00:00:00:00,-42,11,0,0,0,0,0,0,0,0,0,-95,0,1,0,10208620,0,31,0,128,0,"[0,0,-13,-8,-12,-8,-12,-8,-12,-8,-12,-7,-12,-7,-12,-6,-12,-6,-12,-5,-12,-4,-12,-4,-13,-4,-12,-4,-13,-3,-13,-2,-14,-2,-14,-3,-15,-3,-15,-3,-15,-3,-15,-4,-14,-5,-14,-5,-13,-6,-13,-7,-12,-7,0,0,0,0,0,0,0,0,0,0,0,0,0,0,0,0,0,0,0,0,0,0,-9,-5,-9,-6,-9,-7,-9,-8,-9,-8,-8,-9,-8,-9,-8,-10,-8,-10,-7,-10,-7,-10,-7,-10,-7,-10,-7,-10,-8,-9,-8,-9,-9,-9,-9,-8,-10,-9,-10,-8,-11,-8,-11,-8,-11,-8,-12,-8,-12,-8,-12,-8]"
2025-08-18 22:39:44.323017,CSI_DATA,53,1a:00:00:00:00:00,-42,11,0,0,0,0,0,0,0,0,0,-95,0,1,0,10409955,0,31,0,128,0,"[0,0,-14,1,-15,1,-14,1,-14,1,-13,1,-14,1,-13,2,-13,2,-13,3,-13,4,-12,4,-12,5,-12,5,-11,5,-12,6,-12,6,-13,6,-13,6,-14,6,-14,6,-14,5,-14,4,-14,4,-14,3,-14,2,-14,1,0,0,0,0,0,0,0,0,0,0,0,0,0,0,0,0,0,0,0,0,0,0,-10,1,-10,1,-11,0,-11,-1,-12,-1,-12,-2,-12,-2,-12,-3,-12,-3,-12,-3,-12,-3,-12,-3,-12,-3,-12,-3,-11,-3,-12,-2,-12,-2,-13,-1,-12,-1,-13,-1,-13,-1,-13,0,-14,1,-14,1,-14,1,-14,1]"
2025-08-18 22:39:44.377412,CSI_DATA,54,1a:00:00:00:00:00,-42,11,0,0,0,0,0,0,0,0,0,-95,0,1,0,10470683,0,42,0,128,0,"[0,0,-12,7,-12,7,-12,7,-12,7,-11,7,-11,7,-10,7,-10,7,-9,8,-9,8,-9,9,-8,9,-8,9,-8,9,-8,10,-8,10,-8,11,-9,11,-9,11,-9,11,-10,10,-10,10,-10,9,-11,9,-11,8,-11,7,0,0,0,0,0,0,0,0,0,0,0,0,0,0,0,0,0,0,0,0,0,0,-8,5,-9,5,-9,5,-10,4,-10,4,-11,4,-12,3,-12,3,-12,2,-12,2,-12,2,-12,2,-11,2,-11,2,-11,2,-11,3,-11,3,-11,4,-11,4,-11,5,-12,5,-11,5,-12,6,-12,7,-11,6,-12,7]"
2025-08-18 22:39:44.877481,CSI_DATA,55,1a:00:00:00:00:00,-42,11,0,0,0,0,0,0,0,0,0,-95,0,1,0,10970890,0,42,0,128,0,"[0,0,-9,12,-9,12,-8,12,-8,12,-8,12,-7,12,-7,12,-6,12,-6,11,-5,12,-4,12,-4,12,-4,12,-3,13,-3,13,-3,13,-3,14,-3,14,-4,14,-4,14,-5,14,-6,14,-6,13,-7,13,-7,12,-8,12,0,0,0,0,0,0,0,0,0,0,0,0,0,0,0,0,0,0,0,0,0,0,-5,9,-6,9,-7,9,-8,9,-8,9,-9,9,-10,8,-10,8,-10,8,-10,7,-10,7,-10,7,-10,7,-10,7,-9,7,-9,8,-9,8,-9,9,-9,9,-9,10,-9,10,-9,11,-8,11,-9,12,-8,12,-9,12]"
2025-08-18 22:39:44.959187,CSI_DATA,56,1a:00:00:00:00:00,-42,11,0,0,0,0,0,0,0,0,0,-95,0,1,0,11047438,0,31,0,128,0,"[0,0,-12,-9,-12,-9,-12,-9,-12,-8,-12,-8,-11,-8,-11,-7,-12,-6,-12,-6,-12,-5,-12,-5,-12,-4,-13,-4,-13,-4,-14,-3,-14,-3,-14,-4,-14,-3,-15,-4,-14,-4,-14,-5,-14,-6,-14,-6,-13,-7,-13,-7,-12,-8,0,0,0,0,0,0,0,0,0,0,0,0,0,0,0,0,0,0,0,0,0,0,-9,-6,-8,-7,-8,-8,-8,-8,-8,-9,-8,-9,-8,-10,-8,-10,-7,-11,-7,-11,-7,-10,-6,-10,-7,-10,-7,-10,-7,-10,-7,-9,-8,-9,-8,-9,-9,-9,-9,-9,-10,-9,-10,-9,-11,-9,-11,-9,-12,-9,-11,-9]"
2025-08-18 22:39:45.153765,CSI_DATA,57,1a:00:00:00:00:00,-42,11,0,0,0,0,0,0,0,0,0,-95,0,1,0,11248610,0,31,0,128,0,"[0,0,-4,13,-3,13,-3,12,-3,12,-2,12,-2,12,-2,12,-1,12,-1,11,0,11,0,11,1,11,1,11,1,12,2,12,2,12,2,13,2,13,1,13,1,13,1,13,0,13,-1,13,-1,13,-2,13,-3,12,0,0,0,0,0,0,0,0,0,0,0,0,0,0,0,0,0,0,0,0,0,0,-2,9,-2,9,-3,9,-4,10,-4,10,-5,10,-5,10,-6,10,-6,9,-6,9,-7,9,-6,9,-6,9,-6,9,-6,9,-5,9,-5,10,-5,10,-4,10,-4,11,-4,11,-4,12,-4,12,-3,13,-3,12,-3,13]"
2025-08-18 22:39:45.355442,CSI_DATA,58,1a:00:00:00:00:00,-42,11,0,0,0,0,0,0,0,0,0,-95,0,1,0,11449948,0,31,0,128,0,"[0,0,-7,13,-6,12,-6,12,-6,12,-5,12,-5,12,-5,12,-4,12,-3,12,-3,11,-2,12,-2,12,-1,12,-1,12,-1,12,-1,13,-1,13,-1,14,-2,14,-2,14,-3,14,-4,14,-4,13,-4,13,-5,13,-6,12,0,0,0,0,0,0,0,0,0,0,0,0,0,0,0,0,0,0,0,0,0,0,-3,9,-4,9,-5,9,-6,9,-6,9,-7,9,-8,9,-8,9,-8,9,-8,8,-8,8,-8,8,-8,8,-8,8,-8,8,-7,8,-7,9,-7,9,-7,10,-7,10,-7,11,-6,11,-6,12,-6,12,-6,12,-6,13]"
2025-08-18 22:39:45.560889,CSI_DATA,59,1a:00:00:00:00:00,-42,11,0,0,0,0,0,0,0,0,0,-95,0,1,0,11651043,0,31,0,128,0,"[0,0,0,-15,0,-15,0,-14,0,-14,0,-14,-1,-14,-1,-13,-2,-13,-2,-13,-3,-13,-3,-13,-4,-13,-4,-13,-4,-13,-5,-13,-5,-13,-5,-14,-5,-14,-5,-14,-4,-14,-4,-14,-3,-15,-3,-15,-2,-15,-1,-14,-1,-14,0,0,0,0,0,0,0,0,0,0,0,0,0,0,0,0,0,0,0,0,0,0,-1,-10,0,-11,1,-11,2,-11,2,-12,3,-12,3,-12,3,-12,4,-11,4,-11,4,-11,4,-11,4,-11,4,-11,4,-11,3,-11,3,-12,2,-12,2,-12,2,-13,1,-13,1,-13,1,-14,1,-14,1,-14,1,-14]"
2025-08-18 22:39:45.761588,CSI_DATA,60,1a:00:00:00:00:00,-42,11,0,0,0,0,0,0,0,0,0,-95,0,1,0,11852174,0,31,0,128,0,"[0,0,-14,4,-14,4,-13,4,-14,4,-13,4,-13,4,-12,5,-12,5,-11,5,-11,6,-11,7,-10,7,-10,7,-10,8,-10,8,-10,8,-11,9,-11,9,-12,9,-12,9,-12,8,-13,7,-13,7,-13,6,-13,5,-13,4,0,0,0,0,0,0,0,0,0,0,0,0,0,0,0,0,0,0,0,0,0,0,-10,3,-10,3,-11,2,-11,2,-12,1,-12,1,-12,0,-13,0,-12,-1,-13,-1,-13,-1,-12,-1,-12,-1,-12,-1,-12,0,-12,0,-12,1,-12,1,-12,2,-13,2,-13,2,-13,3,-14,3,-14,4,-14,4,-13,4]"
2025-08-18 22:39:45.956740,CSI_DATA,61,1a:00:00:00:00:00,-42,11,0,0,0,0,0,0,0,0,0,-95,0,1,0,12053350,0,31,0,128,0,"[0,0,14,2,13,2,13,2,13,2,13,2,12,1,12,1,12,0,12,0,12,-1,12,-1,12,-2,12,-2,12,-3,12,-3,13,-3,13,-3,13,-3,14,-3,14,-2,14,-2,14,-1,13,0,13,0,13,1,13,2,0,0,0,0,0,0,0,0,0,0,0,0,0,0,0,0,0,0,0,0,0,0,9,0,10,1,10,2,10,3,10,3,10,4,10,5,10,5,10,5,10,6,10,6,9,6,9,5,10,5,10,5,10,4,10,4,10,3,11,4,11,3,12,3,12,3,12,2,13,3,13,3,13,2]"
2025-08-18 22:39:46.179496,CSI_DATA,62,1a:00:00:00:00:00,-42,11,0,0,0,0,0,0,0,0,0,-95,0,1,0,12254594,0,31,0,128,0,"[0,0,-12,-8,-12,-8,-12,-8,-12,-8,-12,-7,-12,-7,-12,-7,-12,-6,-12,-5,-12,-5,-12,-4,-12,-4,-13,-3,-13,-3,-13,-3,-14,-3,-14,-3,-14,-3,-15,-4,-15,-4,-14,-5,-14,-5,-14,-6,-13,-6,-13,-7,-12,-7,0,0,0,0,0,0,0,0,0,0,0,0,0,0,0,0,0,0,0,0,0,0,-9,-5,-9,-6,-9,-7,-9,-7,-9,-8,-9,-9,-8,-9,-8,-10,-8,-10,-8,-10,-8,-10,-8,-10,-8,-10,-8,-9,-8,-9,-8,-9,-9,-9,-9,-8,-10,-9,-10,-9,-10,-8,-11,-9,-12,-8,-12,-8,-12,-8,-12,-8]"
2025-08-18 22:39:46.364136,CSI_DATA,63,1a:00:00:00:00:00,-42,11,0,0,0,0,0,0,0,0,0,-95,0,1,0,12455770,0,31,0,128,0,"[0,0,-10,11,-10,11,-9,11,-9,11,-9,11,-8,11,-8,11,-7,11,-6,11,-6,11,-6,12,-5,12,-4,12,-4,13,-4,13,-4,13,-4,14,-4,14,-5,14,-5,14,-6,14,-7,14,-7,13,-8,13,-8,12,-9,11,0,0,0,0,0,0,0,0,0,0,0,0,0,0,0,0,0,0,0,0,0,0,-6,8,-7,8,-8,8,-9,8,-9,8,-10,7,-10,7,-11,7,-11,7,-11,6,-11,6,-11,6,-11,6,-11,6,-10,7,-10,7,-10,7,-10,8,-10,8,-10,9,-10,9,-10,10,-10,10,-10,11,-10,11,-10,11]"
2025-08-18 22:39:46.427460,CSI_DATA,64,1a:00:00:00:00:00,-42,11,0,0,0,0,0,0,0,0,0,-95,0,1,0,12516547,0,42,0,128,0,"[0,0,-1,-15,-1,-15,-1,-14,-1,-15,-2,-14,-2,-14,-2,-13,-2,-13,-3,-12,-4,-13,-4,-12,-5,-12,-5,-12,-5,-12,-6,-13,-6,-12,-6,-13,-6,-13,-6,-14,-6,-14,-5,-14,-4,-14,-4,-15,-3,-15,-2,-14,-1,-14,0,0,0,0,0,0,0,0,0,0,0,0,0,0,0,0,0,0,0,0,0,0,-2,-10,-1,-11,0,-11,0,-11,1,-12,1,-12,2,-12,3,-12,3,-12,3,-12,4,-12,3,-11,3,-11,3,-11,3,-11,2,-12,1,-12,1,-12,1,-12,1,-13,1,-13,0,-14,0,-14,-1,-14,-1,-14,-1,-14]"
2025-08-18 22:39:46.492441,CSI_DATA,65,1a:00:00:00:00:00,-42,11,0,0,0,0,0,0,0,0,0,-95,0,1,0,12583280,0,31,0,128,0,"[0,0,3,-14,3,-15,3,-15,2,-14,2,-14,2,-14,2,-14,1,-13,0,-13,0,-14,-1,-13,-2,-13,-2,-14,-2,-14,-2,-14,-3,-14,-2,-15,-2,-15,-2,-15,-1,-15,-1,-15,0,-15,1,-15,1,-15,2,-14,3,-14,0,0,0,0,0,0,0,0,0,0,0,0,0,0,0,0,0,0,0,0,0,0,0,-10,1,-11,2,-11,3,-11,3,-12,4,-12,5,-11,5,-11,6,-11,6,-11,5,-11,6,-11,6,-11,5,-11,5,-11,5,-11,4,-11,4,-12,4,-12,4,-12,4,-13,3,-13,3,-14,3,-14,3,-14,3,-14]"
2025-08-18 22:39:46.692477,CSI_DATA,66,1a:00:00:00:00:00,-42,11,0,0,0,0,0,0,0,0,0,-95,0,1,0,12784340,0,31,0,128,0,"[0,0,-13,8,-12,7,-12,8,-11,7,-12,8,-11,8,-11,8,-10,8,-10,8,-9,9,-8,9,-8,10,-8,10,-8,11,-8,10,-8,11,-8,11,-9,12,-9,11,-10,11,-10,11,-10,10,-11,10,-11,10,-11,9,-12,8,0,0,0,0,0,0,0,0,0,0,0,0,0,0,0,0,0,0,0,0,0,0,-8,6,-9,6,-10,5,-11,5,-11,4,-12,4,-12,3,-12,3,-12,3,-12,3,-12,3,-12,3,-12,3,-12,3,-12,3,-11,3,-12,4,-11,4,-12,5,-12,5,-12,6,-12,6,-12,7,-12,8,-12,8,-12,8]"
2025-08-18 22:39:46.892198,CSI_DATA,67,1a:00:00:00:00:00,-42,11,0,0,0,0,0,0,0,0,0,-95,0,1,0,12985517,0,31,0,128,0,"[0,0,9,-12,9,-12,9,-12,8,-12,8,-12,7,-12,7,-12,6,-12,5,-12,5,-13,4,-13,4,-13,4,-13,3,-14,3,-14,3,-14,3,-15,3,-15,4,-15,4,-15,5,-15,5,-15,6,-14,7,-14,7,-13,8,-12,0,0,0,0,0,0,0,0,0,0,0,0,0,0,0,0,0,0,0,0,0,0,5,-9,6,-9,7,-9,8,-9,8,-9,9,-9,9,-8,10,-8,10,-8,10,-7,10,-7,10,-7,10,-7,9,-7,9,-8,9,-8,9,-8,8,-9,9,-9,9,-10,9,-10,8,-11,8,-11,9,-12,9,-12,9,-12]"
2025-08-18 22:39:47.092640,CSI_DATA,68,1a:00:00:00:00:00,-42,11,0,0,0,0,0,0,0,0,0,-95,0,1,0,13186717,0,31,0,128,0,"[0,0,14,-2,13,-3,13,-3,13,-3,13,-3,12,-3,12,-3,12,-4,11,-4,11,-5,11,-6,11,-6,10,-7,11,-7,11,-7,11,-8,11,-7,12,-8,12,-7,12,-7,13,-7,13,-6,13,-5,13,-5,13,-4,13,-3,0,0,0,0,0,0,0,0,0,0,0,0,0,0,0,0,0,0,0,0,0,0,9,-3,10,-2,10,-1,10,-1,11,-1,11,0,11,1,11,1,11,2,11,2,11,2,11,2,11,2,11,1,11,1,11,1,11,0,11,0,11,-1,12,-1,12,-1,13,-1,13,-2,13,-2,13,-2,14,-2]"
2025-08-18 22:39:47.293966,CSI_DATA,69,1a:00:00:00:00:00,-42,11,0,0,0,0,0,0,0,0,0,-95,0,1,0,13387932,0,31,0,128,0,"[0,0,9,-11,8,-11,8,-11,8,-11,8,-11,7,-11,7,-11,6,-11,6,-11,5,-11,5,-12,4,-12,4,-12,4,-13,4,-13,4,-13,4,-13,4,-14,5,-14,5,-14,6,-14,6,-13,6,-12,7,-12,7,-12,8,-11,0,0,0,0,0,0,0,0,0,0,0,0,0,0,0,0,0,0,0,0,0,0,5,-9,6,-9,6,-8,8,-8,8,-8,9,-8,9,-8,9,-7,9,-7,10,-6,10,-7,10,-6,10,-6,9,-7,9,-7,9,-7,9,-8,8,-8,8,-9,8,-9,9,-9,9,-10,8,-10,9,-11,9,-11,9,-11]"
2025-08-18 22:39:47.504931,CSI_DATA,70,1a:00:00:00:00:00,-42,11,0,0,0,0,0,0,0,0,0,-95,0,1,0,13589051,0,31,0,128,0,"[0,0,-10,-11,-10,-11,-10,-11,-10,-10,-10,-10,-10,-10,-10,-9,-10,-8,-11,-8,-11,-7,-11,-7,-11,-6,-12,-6,-12,-6,-12,-6,-13,-6,-13,-6,-14,-6,-14,-7,-13,-7,-13,-8,-12,-8,-12,-9,-12,-9,-11,-9,-10,-10,0,0,0,0,0,0,0,0,0,0,0,0,0,0,0,0,0,0,0,0,0,0,-8,-7,-8,-8,-7,-8,-7,-9,-7,-9,-7,-10,-7,-11,-6,-11,-6,-11,-6,-11,-5,-11,-5,-11,-5,-11,-6,-11,-6,-11,-6,-11,-7,-10,-7,-10,-8,-11,-8,-10,-9,-10,-9,-10,-10,-10,-10,-10,-10,-11,-10,-10]"
2025-08-18 22:39:47.694595,CSI_DATA,71,1a:00:00:00:00:00,-42,11,0,0,0,0,0,0,0,0,0,-95,0,1,0,13790426,0,31,0,128,0,"[0,0,1,14,1,13,1,13,2,13,2,13,2,13,2,12,2,12,3,11,4,11,4,11,5,11,5,11,5,11,6,11,6,11,6,12,6,12,6,12,5,12,5,13,4,13,4,13,3,13,3,13,2,13,0,0,0,0,0,0,0,0,0,0,0,0,0,0,0,0,0,0,0,0,0,0,2,9,1,10,0,10,0,10,-1,11,-1,11,-2,11,-2,11,-3,11,-3,11,-3,11,-3,11,-3,11,-3,11,-2,11,-2,11,-1,11,-1,11,-1,11,0,12,0,12,0,12,1,13,1,13,1,13,1,13]"
2025-08-18 22:39:47.893540,CSI_DATA,72,1a:00:00:00:00:00,-42,11,0,0,0,0,0,0,0,0,0,-95,0,1,0,13991477,0,31,0,128,0,"[0,0,8,11,8,11,8,10,8,10,8,10,8,10,8,9,9,8,9,8,9,7,10,7,10,7,10,6,10,6,11,6,11,6,11,6,12,7,12,7,12,7,11,8,11,8,10,9,10,9,9,9,8,10,0,0,0,0,0,0,0,0,0,0,0,0,0,0,0,0,0,0,0,0,0,0,6,7,6,7,6,8,5,9,5,9,4,10,4,11,4,11,4,11,3,11,3,11,3,11,3,11,3,10,4,10,4,10,5,10,5,10,6,10,6,10,6,10,7,10,7,10,8,11,8,11,8,11]"
2025-08-18 22:39:47.956659,CSI_DATA,73,1a:00:00:00:00:00,-42,11,0,0,0,0,0,0,0,0,0,-95,0,1,0,14053591,0,42,0,128,0,"[0,0,13,3,12,3,13,2,12,2,12,2,12,2,12,1,12,1,12,0,11,0,11,-1,11,-1,11,-2,12,-2,12,-2,13,-3,13,-2,13,-2,13,-2,13,-2,14,-1,13,0,13,0,13,1,13,2,12,2,0,0,0,0,0,0,0,0,0,0,0,0,0,0,0,0,0,0,0,0,0,0,9,0,9,1,9,2,10,2,10,3,10,4,10,4,10,5,10,5,9,5,9,5,9,5,9,5,9,5,10,5,9,4,10,4,10,3,11,3,11,3,11,3,12,3,12,3,13,3,13,3,13,2]"
2025-08-18 22:39:48.025400,CSI_DATA,74,1a:00:00:00:00:00,-42,11,0,0,0,0,0,0,0,0,0,-95,0,1,0,14119524,0,31,0,128,0,"[0,0,14,-1,13,-1,13,-1,13,-2,13,-2,12,-2,12,-2,12,-3,12,-3,11,-4,11,-4,11,-5,11,-5,11,-6,11,-6,12,-7,12,-6,12,-7,13,-6,13,-6,13,-5,13,-5,13,-4,13,-3,13,-2,13,-1,0,0,0,0,0,0,0,0,0,0,0,0,0,0,0,0,0,0,0,0,0,0,9,-2,10,-2,10,-1,11,0,11,0,11,1,11,2,11,2,11,2,11,3,11,2,11,3,11,3,11,2,11,2,11,2,11,1,11,0,12,1,12,0,12,0,12,-1,13,-1,13,-1,13,-1,14,-1]"
2025-08-18 22:39:48.222010,CSI_DATA,75,1a:00:00:00:00:00,-42,11,0,0,0,0,0,0,0,0,0,-94,0,1,0,14320673,0,31,0,128,0,"[0,0,5,13,5,12,5,12,5,12,6,11,5,11,6,11,6,10,7,9,7,9,7,9,8,9,8,8,9,9,9,8,10,8,9,9,10,9,10,9,10,10,9,10,9,11,8,11,7,11,7,11,6,12,0,0,0,0,0,0,0,0,0,0,0,0,0,0,0,0,0,0,0,0,0,0,4,8,4,9,3,9,3,10,2,10,2,11,2,11,1,11,1,11,0,11,0,11,0,11,0,11,1,11,1,11,1,11,2,11,3,11,3,11,3,11,3,11,4,11,5,12,5,12,5,12,5,12]"
2025-08-18 22:39:48.626175,CSI_DATA,76,1a:00:00:00:00:00,-42,11,0,0,0,0,0,0,0,0,0,-94,0,1,0,14521798,0,31,0,128,0,"[0,0,13,5,12,5,12,5,12,5,12,4,12,4,12,3,12,3,11,2,12,1,12,1,12,0,12,0,12,0,13,-1,13,-1,13,0,14,0,14,0,14,0,14,1,14,2,13,2,13,3,13,4,12,4,0,0,0,0,0,0,0,0,0,0,0,0,0,0,0,0,0,0,0,0,0,0,9,2,9,3,9,4,9,5,9,5,9,6,9,7,9,7,9,7,8,8,8,8,8,8,8,7,8,7,8,7,9,6,9,6,9,6,10,6,10,6,11,6,11,5,12,5,12,5,12,5,13,5]"
2025-08-18 22:39:48.631420,CSI_DATA,77,1a:00:00:00:00:00,-42,11,0,0,0,0,0,0,0,0,0,-94,0,1,0,14722973,0,31,0,128,0,"[0,0,13,3,13,2,13,2,13,2,13,1,12,1,12,1,12,0,12,-1,12,-1,12,-2,12,-2,12,-2,12,-3,13,-3,12,-4,13,-4,13,-4,14,-3,14,-3,14,-2,14,-2,14,-1,13,0,13,1,13,1,0,0,0,0,0,0,0,0,0,0,0,0,0,0,0,0,0,0,0,0,0,0,9,1,10,2,10,2,10,3,10,4,10,4,10,5,10,5,10,6,9,6,9,6,9,6,9,6,9,5,9,5,10,5,10,4,11,4,11,4,11,3,12,3,12,3,13,3,13,3,13,3,13,3]"
2025-08-18 22:39:48.836238,CSI_DATA,78,1a:00:00:00:00:00,-42,11,0,0,0,0,0,0,0,0,0,-94,0,1,0,14924644,0,31,0,128,0,"[0,0,-14,-6,-14,-5,-13,-5,-14,-5,-13,-4,-13,-4,-13,-4,-13,-3,-13,-3,-13,-2,-13,-2,-13,-1,-13,-1,-13,0,-14,0,-14,1,-15,0,-14,0,-15,0,-15,-1,-15,-2,-15,-2,-15,-3,-14,-4,-14,-4,-13,-5,0,0,0,0,0,0,0,0,0,0,0,0,0,0,0,0,0,0,0,0,0,0,-10,-3,-10,-4,-10,-4,-10,-5,-11,-6,-10,-6,-10,-7,-10,-7,-10,-8,-10,-8,-9,-8,-9,-8,-9,-8,-9,-8,-9,-7,-10,-7,-10,-7,-11,-6,-11,-6,-11,-6,-12,-6,-12,-6,-13,-6,-13,-5,-13,-6,-13,-6]"
2025-08-18 22:39:49.032064,CSI_DATA,79,1a:00:00:00:00:00,-42,11,0,0,0,0,0,0,0,0,0,-94,0,1,0,15125420,0,31,0,128,0,"[0,0,8,-12,8,-12,7,-11,7,-12,7,-12,7,-12,6,-12,5,-12,5,-12,4,-12,4,-12,3,-12,3,-13,2,-13,2,-14,2,-14,2,-14,2,-14,3,-15,3,-14,4,-14,5,-14,5,-14,5,-13,6,-13,6,-12,0,0,0,0,0,0,0,0,0,0,0,0,0,0,0,0,0,0,0,0,0,0,5,-9,6,-8,7,-8,7,-8,8,-8,8,-8,9,-7,9,-7,10,-7,10,-7,10,-6,9,-6,9,-7,9,-7,9,-7,9,-7,8,-8,8,-9,8,-9,8,-10,8,-10,8,-10,8,-11,8,-11,8,-11,8,-11]"
2025-08-18 22:39:49.138061,CSI_DATA,80,1a:00:00:00:00:00,-42,11,0,0,0,0,0,0,0,0,0,-94,0,1,0,15230507,0,28,0,128,0,"[0,0,-13,6,-13,6,-13,6,-12,7,-12,7,-12,7,-11,7,-11,7,-10,8,-9,8,-9,9,-9,9,-9,9,-9,10,-9,10,-9,10,-9,10,-9,11,-10,11,-10,10,-11,10,-11,9,-11,9,-12,8,-12,8,-12,7,0,0,0,0,0,0,0,0,0,0,0,0,0,0,0,0,0,0,0,0,0,0,-8,6,-9,5,-10,5,-10,4,-11,4,-12,4,-12,3,-12,3,-12,2,-12,2,-12,2,-12,2,-12,2,-12,2,-12,2,-11,3,-12,3,-11,4,-12,4,-12,5,-12,5,-12,5,-12,6,-12,7,-13,6,-12,7]"
2025-08-18 22:39:49.246507,CSI_DATA,81,1a:00:00:00:00:00,-42,11,0,0,0,0,0,0,0,0,0,-94,0,1,0,15326624,0,31,0,128,0,"[0,0,1,-15,1,-15,1,-15,1,-15,0,-15,0,-14,-1,-14,-1,-13,-2,-13,-2,-13,-2,-13,-3,-13,-3,-13,-4,-13,-5,-14,-5,-14,-4,-14,-5,-14,-5,-15,-4,-15,-4,-15,-3,-15,-2,-15,-1,-15,0,-15,0,-14,0,0,0,0,0,0,0,0,0,0,0,0,0,0,0,0,0,0,0,0,0,0,0,-11,0,-11,1,-11,2,-11,3,-12,3,-12,4,-12,4,-12,4,-12,5,-11,5,-11,5,-11,5,-11,5,-11,4,-11,4,-12,3,-12,3,-12,3,-13,2,-13,2,-13,2,-14,1,-14,1,-15,1,-15,1,-15]"
2025-08-18 22:39:49.432354,CSI_DATA,82,1a:00:00:00:00:00,-42,11,0,0,0,0,0,0,0,0,0,-94,0,1,0,15527724,0,31,0,128,0,"[0,0,-5,13,-5,13,-5,13,-4,12,-4,12,-4,12,-4,12,-3,12,-2,12,-1,12,-1,12,0,12,0,12,0,12,1,12,1,13,1,13,1,14,1,14,0,14,-1,14,-1,14,-2,14,-2,13,-3,13,-4,13,0,0,0,0,0,0,0,0,0,0,0,0,0,0,0,0,0,0,0,0,0,0,-3,9,-4,9,-5,9,-6,9,-6,9,-7,9,-7,9,-8,9,-8,9,-8,8,-8,8,-8,8,-8,8,-8,9,-7,9,-7,9,-7,9,-6,10,-6,10,-6,11,-6,11,-6,11,-5,12,-5,12,-5,13,-5,13]"
2025-08-18 22:39:49.489331,CSI_DATA,83,1a:00:00:00:00:00,-42,11,0,0,0,0,0,0,0,0,0,-94,0,1,0,15588516,0,42,0,128,0,"[0,0,11,9,10,8,10,8,10,8,10,7,10,7,10,7,10,6,11,5,11,5,11,4,11,4,11,4,12,3,12,3,13,3,13,4,13,4,13,4,13,4,13,5,12,6,12,6,12,7,11,7,10,8,0,0,0,0,0,0,0,0,0,0,0,0,0,0,0,0,0,0,0,0,0,0,7,5,8,6,7,6,7,7,7,8,7,8,7,9,6,9,6,10,6,10,5,10,5,10,6,10,6,9,6,9,6,9,7,9,7,8,8,8,8,8,9,8,9,8,10,8,10,9,10,9,11,8]"
2025-08-18 22:39:49.577615,CSI_DATA,84,1a:00:00:00:00:00,-42,11,0,0,0,0,0,0,0,0,0,-94,0,1,0,15657457,0,31,0,128,0,"[0,0,-14,4,-14,4,-14,4,-14,5,-13,5,-13,5,-12,5,-12,6,-11,6,-11,7,-11,7,-10,7,-10,8,-10,8,-10,9,-10,9,-11,9,-11,10,-12,10,-12,9,-12,9,-13,8,-13,7,-13,7,-13,6,-13,5,0,0,0,0,0,0,0,0,0,0,0,0,0,0,0,0,0,0,0,0,0,0,-10,3,-10,3,-11,2,-11,2,-12,1,-12,1,-13,0,-13,0,-13,0,-13,-1,-13,-1,-13,-1,-13,-1,-12,-1,-12,0,-12,0,-12,1,-12,1,-13,2,-13,2,-13,3,-13,3,-14,4,-14,4,-14,4,-14,4]"
2025-08-18 22:39:49.767969,CSI_DATA,85,1a:00:00:00:00:00,-42,11,0,0,0,0,0,0,0,0,0,-94,0,1,0,15858710,0,31,0,128,0,"[0,0,2,-15,2,-15,1,-15,1,-15,1,-14,0,-14,0,-14,0,-14,-1,-14,-2,-14,-2,-14,-3,-14,-3,-14,-4,-14,-5,-14,-5,-14,-5,-15,-4,-15,-4,-15,-3,-15,-3,-16,-3,-16,-2,-16,-1,-15,0,-15,1,-15,0,0,0,0,0,0,0,0,0,0,0,0,0,0,0,0,0,0,0,0,0,0,1,-11,1,-11,2,-11,3,-11,3,-12,4,-12,5,-12,5,-12,6,-12,6,-11,6,-11,6,-11,6,-11,5,-11,5,-11,4,-12,4,-12,3,-12,3,-13,3,-13,3,-13,3,-14,2,-14,2,-15,2,-15,2,-15]"
2025-08-18 22:39:49.966919,CSI_DATA,86,1a:00:00:00:00:00,-42,11,0,0,0,0,0,0,0,0,0,-94,0,1,0,16060598,0,31,0,128,0,"[0,0,13,-4,13,-5,13,-4,13,-5,12,-5,12,-5,11,-5,11,-6,10,-6,10,-7,10,-7,10,-8,9,-8,10,-8,10,-9,10,-9,10,-9,11,-9,11,-9,11,-9,12,-8,12,-8,12,-7,12,-7,12,-6,12,-5,0,0,0,0,0,0,0,0,0,0,0,0,0,0,0,0,0,0,0,0,0,0,8,-4,9,-4,10,-3,10,-2,10,-2,11,-2,11,-1,11,-1,11,0,11,0,11,0,11,0,11,0,11,0,11,0,11,-1,11,-1,11,-2,12,-2,12,-3,12,-3,12,-3,12,-4,13,-4,13,-4,13,-5]"
2025-08-18 22:39:50.174940,CSI_DATA,87,1a:00:00:00:00:00,-42,11,0,0,0,0,0,0,0,0,0,-94,0,1,0,16261155,0,31,0,128,0,"[0,0,-7,-14,-7,-13,-7,-14,-7,-13,-8,-13,-8,-12,-8,-12,-8,-12,-8,-11,-9,-10,-10,-10,-10,-10,-10,-10,-11,-10,-11,-9,-12,-9,-12,-10,-12,-10,-12,-11,-11,-11,-11,-12,-10,-12,-10,-12,-9,-13,-8,-13,-8,-13,0,0,0,0,0,0,0,0,0,0,0,0,0,0,0,0,0,0,0,0,0,0,-7,-9,-6,-10,-6,-11,-5,-11,-5,-12,-4,-12,-4,-13,-3,-13,-3,-13,-3,-13,-3,-13,-3,-13,-3,-13,-3,-12,-3,-12,-4,-12,-4,-12,-5,-12,-5,-13,-5,-13,-6,-13,-6,-13,-7,-13,-7,-13,-7,-13,-7,-14]"
2025-08-18 22:39:50.211624,CSI_DATA,88,1a:00:00:00:00:00,-42,11,0,0,0,0,0,0,0,0,0,-94,0,1,0,16311813,0,28,0,128,0,"[0,0,11,8,10,8,10,7,11,7,10,7,10,7,10,6,10,6,10,5,11,4,11,4,11,3,11,3,11,3,12,3,12,2,13,3,13,3,13,3,13,4,13,4,12,5,12,6,12,6,11,6,11,7,0,0,0,0,0,0,0,0,0,0,0,0,0,0,0,0,0,0,0,0,0,0,8,5,8,5,8,6,7,7,7,7,7,8,7,9,7,9,6,9,6,9,6,9,6,9,6,9,6,9,6,9,6,8,7,8,8,8,8,8,8,8,9,8,9,8,10,8,10,8,10,8,10,8]"
2025-08-18 22:39:50.248615,CSI_DATA,89,1a:00:00:00:00:00,-42,11,0,0,0,0,0,0,0,0,0,-94,0,1,0,16314044,0,165,0,128,0,"[0,0,1,14,0,14,1,13,1,13,2,13,1,13,2,13,2,12,3,12,3,12,5,11,4,11,4,11,5,11,6,11,6,11,6,12,6,12,7,12,5,13,4,13,5,14,4,13,5,14,2,13,1,13,0,0,0,0,0,0,0,0,0,0,0,0,0,0,0,0,0,0,0,0,0,0,1,9,1,10,0,11,-1,11,-1,11,-2,11,-3,12,-3,12,-3,11,-4,11,-4,11,-4,11,-4,11,-3,11,-3,11,-3,11,-2,11,-1,11,-1,12,-1,12,-1,12,0,13,0,13,0,14,0,14,1,14]"
2025-08-18 22:39:50.312833,CSI_DATA,90,1a:00:00:00:00:00,-42,11,0,0,0,0,0,0,0,0,0,-94,0,1,0,16406768,0,137,0,128,0,"[0,0,14,-1,14,-1,13,-1,13,-1,13,-2,13,-2,12,-2,12,-3,12,-3,12,-4,12,-4,11,-5,11,-5,11,-6,12,-6,12,-6,12,-6,13,-6,12,-6,13,-6,13,-5,14,-5,14,-4,14,-3,13,-2,13,-2,0,0,0,0,0,0,0,0,0,0,0,0,0,0,0,0,0,0,0,0,0,0,9,-2,10,-1,10,0,11,1,11,1,11,2,11,2,11,2,11,3,11,3,11,4,11,4,11,3,11,3,11,3,11,2,11,2,12,1,12,1,12,0,12,0,13,0,13,0,13,0,13,0,14,-1]"
2025-08-18 22:39:50.363264,CSI_DATA,91,1a:00:00:00:00:00,-42,11,0,0,0,0,0,0,0,0,0,-94,0,1,0,16462472,0,31,0,128,0,"[0,0,12,9,11,8,11,8,11,8,12,8,11,7,11,7,11,6,11,5,12,4,12,4,12,4,12,3,13,3,13,3,13,3,14,3,14,3,14,3,14,4,14,5,14,5,13,6,13,6,12,7,11,8,0,0,0,0,0,0,0,0,0,0,0,0,0,0,0,0,0,0,0,0,0,0,8,5,9,6,8,6,8,7,8,8,8,9,7,9,7,10,7,10,6,10,7,10,6,10,6,10,7,9,7,9,7,9,8,9,8,8,9,8,9,8,9,8,10,9,11,8,11,8,11,9,12,8]"
2025-08-18 22:39:50.572301,CSI_DATA,92,1a:00:00:00:00:00,-42,11,0,0,0,0,0,0,0,0,0,-94,0,1,0,16663734,0,31,0,128,0,"[0,0,-15,1,-14,1,-14,1,-14,2,-14,2,-13,2,-13,2,-13,3,-12,4,-12,4,-12,5,-11,5,-11,5,-11,6,-12,7,-12,7,-12,7,-13,7,-13,7,-13,6,-14,6,-14,5,-14,4,-14,4,-14,3,-14,2,0,0,0,0,0,0,0,0,0,0,0,0,0,0,0,0,0,0,0,0,0,0,-10,2,-11,1,-11,1,-11,0,-12,0,-12,-1,-12,-2,-12,-2,-12,-2,-12,-3,-12,-3,-12,-3,-12,-3,-12,-3,-12,-2,-12,-2,-12,-1,-12,-1,-13,-1,-13,0,-13,0,-13,1,-14,1,-14,1,-14,1,-14,1]"
2025-08-18 22:39:50.785763,CSI_DATA,93,1a:00:00:00:00:00,-42,11,0,0,0,0,0,0,0,0,0,-94,0,1,0,16864824,0,31,0,128,0,"[0,0,4,-14,4,-14,3,-14,3,-14,3,-14,2,-13,2,-13,1,-13,1,-13,0,-13,0,-13,-1,-13,-1,-13,-2,-13,-2,-14,-3,-14,-2,-14,-2,-14,-2,-15,-2,-15,-1,-15,-1,-15,0,-15,1,-14,2,-14,2,-14,0,0,0,0,0,0,0,0,0,0,0,0,0,0,0,0,0,0,0,0,0,0,2,-10,3,-10,4,-10,4,-10,5,-11,5,-10,6,-10,6,-10,6,-10,7,-10,7,-10,7,-9,7,-9,7,-10,6,-10,6,-10,5,-10,5,-11,5,-11,4,-12,4,-12,4,-13,4,-13,4,-13,4,-14,4,-14]"
2025-08-18 22:39:50.979640,CSI_DATA,94,1a:00:00:00:00:00,-42,11,0,0,0,0,0,0,0,0,0,-94,0,1,0,17065963,0,31,0,128,0,"[0,0,-6,-14,-6,-13,-6,-13,-6,-13,-6,-13,-6,-12,-6,-12,-7,-12,-7,-11,-8,-10,-8,-10,-9,-10,-9,-10,-9,-10,-10,-10,-10,-10,-10,-10,-10,-11,-10,-11,-10,-11,-10,-12,-9,-12,-8,-12,-8,-12,-7,-13,-6,-13,0,0,0,0,0,0,0,0,0,0,0,0,0,0,0,0,0,0,0,0,0,0,-5,-9,-5,-10,-4,-11,-3,-11,-3,-11,-3,-12,-2,-12,-2,-12,-1,-12,-1,-12,-1,-12,-1,-12,-1,-12,-1,-12,-1,-12,-2,-12,-2,-12,-3,-12,-3,-12,-4,-12,-4,-13,-4,-13,-5,-13,-5,-13,-5,-13,-6,-13]"
2025-08-18 22:39:51.038932,CSI_DATA,95,1a:00:00:00:00:00,-42,11,0,0,0,0,0,0,0,0,0,-94,0,1,0,17126761,0,42,0,128,0,"[0,0,-12,-9,-12,-9,-12,-8,-12,-8,-12,-8,-12,-7,-12,-7,-12,-6,-12,-5,-12,-5,-12,-4,-12,-4,-13,-4,-13,-3,-13,-3,-14,-3,-14,-3,-14,-3,-15,-3,-14,-4,-15,-4,-14,-5,-13,-6,-13,-6,-13,-7,-12,-7,0,0,0,0,0,0,0,0,0,0,0,0,0,0,0,0,0,0,0,0,0,0,-9,-6,-9,-6,-8,-7,-9,-8,-8,-8,-8,-9,-8,-9,-8,-10,-7,-10,-7,-10,-7,-10,-7,-10,-7,-10,-7,-10,-7,-10,-8,-9,-8,-9,-9,-9,-9,-9,-10,-9,-10,-9,-11,-9,-11,-8,-11,-9,-12,-9,-12,-9]"
2025-08-18 22:39:51.116512,CSI_DATA,96,1a:00:00:00:00:00,-42,11,0,0,0,0,0,0,0,0,0,-94,0,1,0,17193698,0,31,0,128,0,"[0,0,1,-14,1,-14,1,-14,1,-14,0,-14,0,-14,0,-13,-1,-13,-1,-13,-2,-13,-3,-13,-3,-13,-3,-13,-4,-13,-4,-13,-4,-13,-4,-14,-4,-14,-4,-15,-4,-14,-3,-15,-2,-15,-2,-15,-1,-15,0,-14,1,-14,0,0,0,0,0,0,0,0,0,0,0,0,0,0,0,0,0,0,0,0,0,0,-1,-10,0,-11,1,-11,2,-11,2,-11,3,-12,3,-12,4,-12,4,-11,5,-11,4,-11,5,-11,4,-11,4,-11,4,-11,3,-11,3,-11,2,-12,2,-12,2,-13,2,-13,2,-13,1,-14,1,-14,1,-14,1,-14]"
2025-08-18 22:39:51.299397,CSI_DATA,97,1a:00:00:00:00:00,-42,11,0,0,0,0,0,0,0,0,0,-94,0,1,0,17394805,0,31,0,128,0,"[0,0,14,0,13,0,13,0,13,-1,13,-1,12,0,12,-1,12,-2,12,-2,12,-3,12,-4,11,-4,11,-4,12,-4,12,-5,12,-5,12,-5,13,-5,14,-4,14,-4,14,-3,14,-2,13,-2,13,-2,13,-1,13,0,0,0,0,0,0,0,0,0,0,0,0,0,0,0,0,0,0,0,0,0,0,0,9,-2,10,-1,10,0,10,0,10,1,11,1,11,2,11,3,11,3,11,3,11,3,10,3,11,3,11,3,11,3,10,2,11,2,11,1,11,1,12,1,12,1,12,1,13,0,13,0,13,0,14,0]"
2025-08-18 22:39:51.501920,CSI_DATA,98,1a:00:00:00:00:00,-42,11,0,0,0,0,0,0,0,0,0,-94,0,1,0,17596632,0,31,0,128,0,"[0,0,-7,12,-6,12,-6,12,-6,12,-5,12,-5,12,-5,12,-4,12,-4,11,-3,11,-3,12,-2,12,-2,12,-2,12,-1,13,-1,13,-1,13,-1,13,-2,14,-3,14,-3,14,-4,13,-4,13,-5,13,-5,12,-6,12,0,0,0,0,0,0,0,0,0,0,0,0,0,0,0,0,0,0,0,0,0,0,-3,9,-4,9,-5,9,-6,9,-6,9,-7,9,-8,9,-8,9,-8,8,-9,8,-9,8,-8,8,-8,8,-8,8,-8,8,-8,9,-7,9,-7,9,-7,10,-7,10,-7,10,-7,11,-7,12,-6,12,-6,12,-6,12]"
2025-08-18 22:39:51.698953,CSI_DATA,99,1a:00:00:00:00:00,-42,11,0,0,0,0,0,0,0,0,0,-94,0,1,0,17797605,0,31,0,128,0,"[0,0,12,8,11,8,11,8,11,7,11,7,11,6,11,6,11,5,11,5,11,4,11,4,12,3,12,3,13,3,13,2,13,2,13,2,14,3,14,3,14,3,14,4,13,5,13,5,12,6,12,6,11,7,0,0,0,0,0,0,0,0,0,0,0,0,0,0,0,0,0,0,0,0,0,0,8,5,8,6,8,6,8,7,8,8,8,8,7,9,7,9,7,10,6,10,6,10,6,9,6,9,7,9,7,9,7,9,7,8,8,8,8,8,9,8,9,8,10,8,11,8,11,8,11,8,11,8]"
2025-08-18 22:39:51.911193,CSI_DATA,100,1a:00:00:00:00:00,-42,11,0,0,0,0,0,0,0,0,0,-94,0,1,0,17998415,0,31,0,128,0,"[0,0,-7,-13,-7,-13,-7,-13,-7,-12,-7,-12,-7,-12,-7,-11,-8,-11,-8,-10,-9,-10,-9,-9,-9,-9,-10,-9,-10,-9,-11,-9,-11,-9,-11,-9,-12,-9,-11,-10,-11,-10,-11,-11,-10,-11,-10,-11,-9,-11,-9,-12,-8,-12,0,0,0,0,0,0,0,0,0,0,0,0,0,0,0,0,0,0,0,0,0,0,-5,-9,-5,-10,-4,-10,-4,-11,-4,-11,-3,-12,-3,-12,-2,-12,-2,-12,-2,-12,-2,-12,-1,-12,-2,-12,-2,-12,-2,-12,-3,-12,-3,-12,-4,-12,-4,-12,-5,-12,-5,-12,-5,-13,-6,-13,-6,-13,-7,-13,-7,-13]"
2025-08-18 22:39:52.111039,CSI_DATA,101,1a:00:00:00:00:00,-42,11,0,0,0,0,0,0,0,0,0,-94,0,1,0,18199637,0,31,0,128,0,"[0,0,-2,-15,-2,-14,-2,-15,-2,-14,-2,-14,-3,-13,-3,-13,-3,-13,-4,-12,-5,-12,-5,-12,-6,-12,-6,-12,-7,-12,-6,-12,-7,-12,-7,-12,-7,-13,-7,-14,-7,-14,-6,-14,-5,-14,-5,-14,-4,-14,-4,-14,-3,-14,0,0,0,0,0,0,0,0,0,0,0,0,0,0,0,0,0,0,0,0,0,0,-2,-10,-2,-11,-1,-11,0,-12,0,-12,1,-12,2,-12,2,-12,2,-12,2,-12,2,-12,2,-12,2,-12,2,-12,2,-12,1,-11,1,-12,0,-12,0,-13,0,-13,0,-13,-1,-13,-2,-14,-2,-14,-2,-14,-2,-15]"
2025-08-18 22:39:52.313912,CSI_DATA,102,1a:00:00:00:00:00,-42,11,0,0,0,0,0,0,0,0,0,-94,0,1,0,18400850,0,31,0,128,0,"[0,0,0,-15,-1,-15,0,-14,-1,-14,-1,-14,-1,-14,-1,-14,-2,-13,-3,-13,-3,-13,-3,-12,-4,-13,-4,-13,-5,-13,-5,-13,-5,-13,-5,-13,-5,-14,-5,-14,-5,-14,-4,-14,-4,-15,-3,-15,-2,-14,-2,-14,0,-14,0,0,0,0,0,0,0,0,0,0,0,0,0,0,0,0,0,0,0,0,0,0,-1,-10,-1,-11,0,-11,1,-11,1,-12,2,-12,2,-12,3,-12,3,-12,4,-12,4,-11,4,-11,4,-11,3,-11,3,-11,2,-11,2,-12,2,-12,1,-12,1,-13,1,-13,0,-14,0,-14,0,-14,0,-14,0,-14]"
2025-08-18 22:39:52.510371,CSI_DATA,103,1a:00:00:00:00:00,-42,11,0,0,0,0,0,0,0,0,0,-94,0,1,0,18602236,0,31,0,128,0,"[0,0,-14,3,-14,4,-13,3,-14,4,-13,4,-13,4,-12,4,-12,5,-12,5,-12,6,-11,6,-11,7,-11,7,-10,7,-11,8,-10,8,-12,8,-11,8,-12,8,-12,8,-13,7,-13,7,-13,6,-13,5,-13,4,-13,3,0,0,0,0,0,0,0,0,0,0,0,0,0,0,0,0,0,0,0,0,0,0,-10,3,-10,3,-11,2,-11,2,-12,1,-11,1,-12,0,-12,0,-12,0,-13,-1,-12,-1,-12,-1,-12,-1,-12,-1,-12,0,-12,0,-12,0,-12,1,-12,1,-12,2,-13,2,-13,2,-14,3,-14,3,-14,3,-14,3]"
2025-08-18 22:39:52.576647,CSI_DATA,104,1a:00:00:00:00:00,-42,11,0,0,0,0,0,0,0,0,0,-94,0,1,0,18662819,0,42,0,128,0,"[0,0,-10,-11,-10,-11,-9,-11,-10,-11,-10,-10,-10,-10,-10,-9,-10,-9,-11,-8,-11,-8,-11,-7,-11,-7,-11,-7,-12,-6,-12,-6,-13,-6,-13,-7,-13,-7,-13,-7,-13,-7,-13,-8,-12,-9,-12,-9,-11,-10,-11,-10,-10,-10,0,0,0,0,0,0,0,0,0,0,0,0,0,0,0,0,0,0,0,0,0,0,-8,-7,-7,-8,-7,-9,-7,-9,-7,-10,-6,-10,-6,-11,-6,-11,-6,-11,-5,-12,-5,-11,-5,-11,-5,-11,-5,-11,-5,-11,-6,-11,-6,-11,-7,-10,-7,-10,-8,-10,-8,-11,-9,-11,-9,-11,-9,-11,-10,-11,-10,-11]"
2025-08-18 22:39:52.643897,CSI_DATA,105,1a:00:00:00:00:00,-42,11,0,0,0,0,0,0,0,0,0,-94,0,1,0,18730031,0,31,0,128,0,"[0,0,-12,8,-12,8,-11,8,-11,8,-11,8,-10,8,-10,8,-9,9,-9,9,-8,9,-8,9,-7,10,-7,10,-7,11,-7,11,-7,11,-7,12,-7,12,-8,12,-8,11,-9,11,-10,11,-10,11,-10,10,-10,9,-11,8,0,0,0,0,0,0,0,0,0,0,0,0,0,0,0,0,0,0,0,0,0,0,-8,6,-8,6,-9,6,-10,5,-10,5,-11,5,-11,4,-11,4,-12,4,-12,3,-12,3,-12,3,-11,3,-11,4,-11,4,-11,4,-11,4,-11,5,-11,5,-11,6,-11,6,-11,7,-11,8,-11,8,-11,8,-11,8]"
2025-08-18 22:39:52.842969,CSI_DATA,106,1a:00:00:00:00:00,-42,11,0,0,0,0,0,0,0,0,0,-94,0,1,0,18931397,0,31,0,128,0,"[0,0,-14,-8,-13,-8,-13,-7,-13,-7,-13,-7,-13,-6,-13,-6,-12,-5,-13,-5,-13,-4,-13,-3,-13,-3,-13,-2,-14,-2,-14,-2,-14,-2,-14,-2,-15,-2,-15,-3,-15,-3,-15,-3,-15,-5,-14,-5,-14,-5,-14,-6,-13,-7,0,0,0,0,0,0,0,0,0,0,0,0,0,0,0,0,0,0,0,0,0,0,-10,-4,-10,-5,-10,-6,-10,-7,-10,-7,-10,-8,-9,-9,-9,-9,-9,-9,-9,-9,-9,-9,-9,-9,-9,-9,-9,-9,-9,-9,-9,-8,-10,-8,-10,-8,-10,-8,-11,-8,-11,-8,-12,-8,-12,-7,-13,-7,-13,-7,-13,-7]"
2025-08-18 22:39:53.043861,CSI_DATA,107,1a:00:00:00:00:00,-42,11,0,0,0,0,0,0,0,0,0,-94,0,1,0,19132683,0,31,0,128,0,"[0,0,-3,-14,-3,-14,-3,-14,-4,-14,-4,-13,-4,-13,-5,-13,-5,-12,-5,-12,-6,-12,-6,-11,-7,-11,-7,-11,-8,-11,-8,-11,-8,-11,-8,-12,-8,-12,-9,-12,-8,-13,-8,-13,-7,-13,-6,-13,-6,-14,-5,-13,-4,-13,0,0,0,0,0,0,0,0,0,0,0,0,0,0,0,0,0,0,0,0,0,0,-3,-10,-3,-10,-2,-11,-1,-11,-1,-12,0,-12,0,-12,0,-12,1,-12,1,-12,1,-12,1,-12,1,-12,1,-12,1,-12,0,-12,0,-12,-1,-12,-1,-13,-2,-13,-2,-13,-2,-13,-3,-14,-3,-14,-3,-14,-3,-14]"
2025-08-18 22:39:53.243769,CSI_DATA,108,1a:00:00:00:00:00,-42,11,0,0,0,0,0,0,0,0,0,-94,0,1,0,19333557,0,31,0,128,0,"[0,0,-1,-15,-1,-15,-1,-14,-2,-14,-2,-14,-2,-14,-2,-13,-3,-13,-3,-13,-4,-12,-5,-12,-5,-12,-5,-12,-6,-12,-6,-12,-7,-13,-6,-13,-6,-13,-6,-14,-6,-14,-5,-14,-5,-14,-4,-15,-4,-14,-3,-14,-2,-14,0,0,0,0,0,0,0,0,0,0,0,0,0,0,0,0,0,0,0,0,0,0,-2,-10,-1,-11,0,-11,0,-11,1,-12,2,-12,2,-12,2,-12,3,-12,3,-12,3,-12,3,-12,3,-12,3,-12,3,-12,2,-12,1,-12,1,-12,1,-13,1,-13,0,-13,0,-14,-1,-14,-1,-14,-1,-15,-1,-15]"
2025-08-18 22:39:53.447487,CSI_DATA,109,1a:00:00:00:00:00,-42,11,0,0,0,0,0,0,0,0,0,-94,0,1,0,19534681,0,31,0,128,0,"[0,0,-5,-14,-5,-14,-5,-14,-5,-13,-5,-13,-6,-13,-6,-12,-6,-12,-7,-11,-7,-11,-8,-11,-8,-10,-9,-11,-9,-10,-9,-10,-10,-10,-10,-11,-10,-11,-10,-12,-9,-12,-9,-12,-8,-13,-8,-13,-7,-13,-6,-13,-6,-13,0,0,0,0,0,0,0,0,0,0,0,0,0,0,0,0,0,0,0,0,0,0,-5,-9,-4,-10,-3,-11,-3,-11,-2,-12,-2,-12,-1,-13,-1,-13,-1,-12,0,-12,0,-12,0,-12,0,-12,-1,-12,-1,-12,-1,-12,-2,-12,-2,-12,-3,-13,-3,-13,-3,-13,-4,-13,-4,-13,-5,-14,-5,-14,-5,-14]"
2025-08-18 22:39:53.643032,CSI_DATA,110,1a:00:00:00:00:00,-42,11,0,0,0,0,0,0,0,0,0,-94,0,1,0,19735833,0,31,0,128,0,"[0,0,-14,5,-13,5,-13,5,-13,5,-13,6,-12,6,-12,6,-11,6,-11,7,-10,7,-10,7,-10,8,-10,8,-9,9,-9,9,-10,9,-10,9,-10,10,-11,10,-11,9,-11,9,-12,8,-12,8,-12,7,-12,6,-13,6,0,0,0,0,0,0,0,0,0,0,0,0,0,0,0,0,0,0,0,0,0,0,-9,4,-10,4,-10,3,-11,3,-11,3,-12,2,-12,2,-12,1,-12,1,-12,1,-12,1,-12,1,-12,1,-12,1,-12,1,-12,1,-12,2,-12,3,-12,3,-12,3,-12,4,-13,4,-13,5,-13,5,-13,5,-13,6]"
2025-08-18 22:39:53.839928,CSI_DATA,111,1a:00:00:00:00:00,-42,11,0,0,0,0,0,0,0,0,0,-94,0,1,0,19937221,0,31,0,128,0,"[0,0,12,6,12,6,12,6,12,5,12,5,12,5,11,4,11,3,12,3,12,2,12,2,12,1,12,1,12,0,13,0,13,0,13,0,13,0,14,0,14,1,14,1,14,2,13,3,13,3,13,4,12,5,0,0,0,0,0,0,0,0,0,0,0,0,0,0,0,0,0,0,0,0,0,0,8,4,8,4,9,5,8,6,9,6,8,7,8,8,8,8,8,8,8,9,7,9,7,8,7,8,7,8,8,7,8,7,8,7,9,7,9,6,10,6,10,6,11,6,11,6,12,6,12,6,12,6]"
2025-08-18 22:39:54.052628,CSI_DATA,112,1a:00:00:00:00:00,-42,11,0,0,0,0,0,0,0,0,0,-94,0,1,0,20138279,0,31,0,128,0,"[0,0,12,5,12,5,12,5,12,5,12,4,12,4,12,4,11,3,11,2,11,2,12,1,12,1,12,1,12,0,12,0,13,0,13,0,14,0,14,1,14,1,14,2,13,2,13,3,13,4,12,4,12,5,0,0,0,0,0,0,0,0,0,0,0,0,0,0,0,0,0,0,0,0,0,0,9,2,9,3,9,4,9,4,9,5,9,6,9,6,9,7,9,7,8,7,8,7,8,7,8,7,8,7,8,7,8,6,9,6,9,6,10,6,10,5,10,5,11,5,11,5,12,5,12,5,12,5]"
2025-08-18 22:39:54.102962,CSI_DATA,113,1a:00:00:00:00:00,-42,11,0,0,0,0,0,0,0,0,0,-94,0,1,0,20199097,0,42,0,128,0,"[0,0,1,14,1,14,1,13,1,13,1,13,2,12,2,12,3,12,3,12,4,11,4,11,5,11,5,11,6,11,6,11,6,11,6,12,6,12,6,12,5,13,5,13,4,13,3,13,3,13,2,13,1,13,0,0,0,0,0,0,0,0,0,0,0,0,0,0,0,0,0,0,0,0,0,0,2,9,1,10,1,10,0,11,0,11,-1,11,-2,11,-2,11,-3,11,-3,11,-3,11,-3,11,-3,11,-2,11,-2,11,-2,11,-2,11,-1,11,-1,12,0,12,0,12,0,13,1,13,1,13,1,14,1,13]"
2025-08-18 22:39:54.170241,CSI_DATA,114,1a:00:00:00:00:00,-42,11,0,0,0,0,0,0,0,0,0,-94,0,1,0,20264367,0,31,0,128,0,"[0,0,8,-12,7,-12,7,-12,7,-12,7,-12,6,-12,6,-12,5,-12,4,-12,4,-12,4,-12,3,-13,3,-13,2,-13,2,-13,2,-14,2,-14,3,-14,3,-15,3,-14,4,-14,4,-14,5,-14,6,-13,6,-12,7,-12,0,0,0,0,0,0,0,0,0,0,0,0,0,0,0,0,0,0,0,0,0,0,4,-9,5,-9,6,-9,7,-9,7,-9,8,-9,8,-8,9,-8,9,-8,9,-7,9,-7,9,-7,9,-7,9,-7,8,-7,8,-8,8,-8,8,-9,8,-9,8,-10,7,-10,7,-11,8,-11,8,-12,7,-12,8,-12]"
2025-08-18 22:39:54.385990,CSI_DATA,115,1a:00:00:00:00:00,-42,11,0,0,0,0,0,0,0,0,0,-94,0,1,0,20465414,0,31,0,128,0,"[0,0,-14,7,-13,7,-13,7,-13,7,-12,7,-12,7,-11,7,-11,8,-10,8,-10,8,-10,9,-9,9,-9,10,-9,10,-9,11,-9,11,-10,11,-10,11,-10,12,-11,11,-11,11,-11,10,-12,9,-12,9,-13,8,-13,7,0,0,0,0,0,0,0,0,0,0,0,0,0,0,0,0,0,0,0,0,0,0,-9,6,-9,5,-10,5,-11,4,-12,4,-12,4,-12,3,-13,3,-13,2,-13,2,-13,2,-13,2,-12,2,-12,2,-12,3,-12,3,-12,3,-12,4,-12,4,-12,5,-12,6,-13,6,-13,6,-13,7,-13,7,-13,7]"
2025-08-18 22:39:54.575949,CSI_DATA,116,1a:00:00:00:00:00,-42,11,0,0,0,0,0,0,0,0,0,-94,0,1,0,20666588,0,31,0,128,0,"[0,0,-15,2,-15,2,-14,2,-15,3,-14,3,-14,3,-13,4,-13,4,-12,5,-12,5,-12,6,-11,6,-12,6,-11,7,-12,8,-11,8,-12,8,-12,8,-13,8,-13,8,-13,7,-14,6,-14,6,-14,5,-14,4,-14,3,0,0,0,0,0,0,0,0,0,0,0,0,0,0,0,0,0,0,0,0,0,0,-10,2,-10,2,-12,1,-12,0,-12,0,-12,-1,-13,-1,-13,-2,-13,-2,-13,-3,-12,-3,-13,-2,-12,-2,-12,-2,-12,-2,-12,-1,-12,-1,-13,0,-13,0,-13,1,-13,1,-14,1,-14,2,-15,2,-14,2,-15,2]"
2025-08-18 22:39:54.774262,CSI_DATA,117,1a:00:00:00:00:00,-42,11,0,0,0,0,0,0,0,0,0,-94,0,1,0,20867752,0,31,0,128,0,"[0,0,8,-11,8,-12,8,-11,8,-12,7,-12,7,-11,7,-11,6,-12,5,-11,5,-12,4,-12,3,-12,3,-13,3,-13,3,-13,3,-13,3,-14,3,-14,3,-15,4,-14,4,-14,5,-14,5,-14,6,-13,6,-12,7,-12,0,0,0,0,0,0,0,0,0,0,0,0,0,0,0,0,0,0,0,0,0,0,5,-9,6,-8,7,-8,7,-8,8,-8,9,-8,9,-7,9,-7,10,-7,10,-7,10,-6,10,-6,9,-6,9,-7,9,-7,9,-7,8,-7,8,-8,9,-9,8,-9,8,-10,8,-10,8,-11,8,-11,8,-11,8,-11]"
2025-08-18 22:39:54.973668,CSI_DATA,118,1a:00:00:00:00:00,-42,11,0,0,0,0,0,0,0,0,0,-94,0,1,0,21069042,0,31,0,128,0,"[0,0,14,1,13,0,13,0,13,0,13,0,13,0,12,-1,12,-2,12,-2,11,-3,12,-4,11,-4,12,-4,12,-5,12,-5,12,-5,12,-5,13,-5,14,-5,13,-4,14,-4,14,-3,13,-2,13,-2,13,-1,13,-1,0,0,0,0,0,0,0,0,0,0,0,0,0,0,0,0,0,0,0,0,0,0,9,-1,10,0,10,1,10,1,10,2,11,2,11,3,11,4,11,4,10,4,10,4,10,4,10,4,10,4,11,4,10,3,11,3,11,2,11,2,12,2,12,1,13,1,13,1,13,1,13,0,14,0]"
2025-08-18 22:39:55.183241,CSI_DATA,119,1a:00:00:00:00:00,-42,11,0,0,0,0,0,0,0,0,0,-94,0,1,0,21270275,0,31,0,128,0,"[0,0,-7,-14,-6,-13,-6,-13,-7,-13,-7,-13,-7,-12,-7,-12,-7,-11,-8,-11,-8,-10,-9,-10,-9,-9,-10,-9,-10,-9,-10,-9,-11,-9,-11,-10,-11,-10,-11,-11,-11,-11,-10,-12,-9,-12,-9,-12,-9,-12,-8,-12,-7,-13,0,0,0,0,0,0,0,0,0,0,0,0,0,0,0,0,0,0,0,0,0,0,-6,-9,-5,-9,-5,-10,-4,-11,-4,-11,-4,-12,-3,-12,-3,-12,-2,-12,-2,-12,-2,-12,-2,-12,-2,-12,-2,-12,-2,-12,-3,-12,-3,-12,-4,-12,-4,-12,-4,-12,-5,-12,-5,-13,-6,-13,-7,-13,-7,-13,-7,-13]"
2025-08-18 22:39:55.383855,CSI_DATA,120,1a:00:00:00:00:00,-42,11,0,0,0,0,0,0,0,0,0,-94,0,1,0,21471384,0,31,0,128,0,"[0,0,-13,-7,-13,-6,-13,-6,-13,-6,-13,-6,-13,-5,-13,-5,-12,-4,-13,-4,-13,-3,-13,-3,-13,-2,-13,-2,-13,-2,-14,-1,-14,-1,-14,-1,-15,-1,-15,-2,-15,-2,-15,-3,-15,-3,-14,-4,-14,-5,-13,-5,-13,-6,0,0,0,0,0,0,0,0,0,0,0,0,0,0,0,0,0,0,0,0,0,0,-10,-4,-10,-4,-10,-6,-10,-6,-10,-7,-10,-7,-10,-8,-9,-8,-9,-9,-9,-9,-9,-9,-9,-9,-9,-9,-9,-9,-9,-8,-9,-8,-10,-7,-10,-7,-10,-7,-11,-7,-11,-7,-12,-7,-13,-7,-13,-7,-13,-7,-13,-7]"
2025-08-18 22:39:55.642169,CSI_DATA,121,1a:00:00:00:00:00,-42,11,0,0,0,0,0,0,0,0,0,-94,0,1,0,21672531,0,31,0,128,0,"[0,0,-12,8,-12,8,-12,7,-11,8,-11,8,-11,8,-10,8,-10,8,-9,8,-9,9,-8,9,-8,9,-8,10,-7,10,-7,11,-7,11,-8,12,-8,11,-9,11,-9,11,-9,11,-10,10,-10,10,-11,9,-11,8,-11,8,0,0,0,0,0,0,0,0,0,0,0,0,0,0,0,0,0,0,0,0,0,0,-8,6,-8,6,-9,5,-10,5,-11,5,-11,4,-11,4,-12,4,-12,3,-12,3,-12,3,-12,2,-12,3,-11,3,-11,3,-11,4,-11,4,-11,5,-11,5,-11,6,-11,6,-12,6,-12,7,-12,7,-12,8,-12,8]"
2025-08-18 22:39:55.647428,CSI_DATA,122,1a:00:00:00:00:00,-42,11,0,0,0,0,0,0,0,0,0,-94,0,1,0,21733311,0,42,0,128,0,"[0,0,4,-14,4,-14,4,-14,3,-14,3,-14,3,-13,2,-13,2,-13,1,-13,0,-13,0,-13,-1,-13,-1,-13,-2,-14,-2,-13,-2,-14,-2,-14,-2,-15,-1,-15,-1,-15,0,-15,0,-15,1,-15,1,-14,2,-14,3,-14,0,0,0,0,0,0,0,0,0,0,0,0,0,0,0,0,0,0,0,0,0,0,1,-10,2,-10,3,-10,4,-11,4,-11,5,-11,6,-11,6,-11,6,-10,6,-10,6,-10,6,-10,6,-10,6,-10,6,-10,5,-10,5,-11,5,-11,5,-12,5,-12,4,-12,4,-13,4,-13,4,-14,4,-14,4,-14]"
2025-08-18 22:39:55.705793,CSI_DATA,123,1a:00:00:00:00:00,-42,11,0,0,0,0,0,0,0,0,0,-94,0,1,0,21800324,0,31,0,128,0,"[0,0,9,10,9,10,9,10,9,9,9,9,9,9,9,8,9,8,9,7,10,6,10,6,10,6,11,6,11,5,11,5,12,5,12,5,12,5,13,6,12,6,12,7,11,8,11,8,10,8,10,9,9,9,0,0,0,0,0,0,0,0,0,0,0,0,0,0,0,0,0,0,0,0,0,0,6,7,6,7,6,8,6,8,6,9,5,10,5,10,5,10,4,10,4,11,4,11,3,11,4,10,4,10,4,10,4,10,5,10,6,9,6,10,7,10,7,10,7,10,8,10,8,10,8,10,9,10]"
2025-08-18 22:39:55.922613,CSI_DATA,124,1a:00:00:00:00:00,-42,11,0,0,0,0,0,0,0,0,0,-94,0,1,0,22001390,0,31,0,128,0,"[0,0,-13,7,-13,7,-13,7,-12,7,-12,7,-12,7,-12,7,-11,7,-10,7,-10,8,-9,9,-9,9,-9,10,-9,10,-8,10,-9,11,-9,11,-9,11,-10,11,-10,11,-11,10,-11,10,-11,9,-11,9,-12,8,-12,7,0,0,0,0,0,0,0,0,0,0,0,0,0,0,0,0,0,0,0,0,0,0,-9,5,-9,5,-10,4,-11,4,-11,4,-12,3,-12,2,-13,2,-12,2,-12,1,-12,2,-12,1,-12,2,-12,2,-12,2,-12,3,-12,3,-12,4,-12,4,-13,4,-12,5,-13,5,-12,6,-13,6,-13,7,-13,7]"
2025-08-18 22:39:56.114878,CSI_DATA,125,1a:00:00:00:00:00,-42,11,0,0,0,0,0,0,0,0,0,-94,0,1,0,22202755,0,31,0,128,0,"[0,0,-14,-4,-14,-4,-14,-4,-13,-4,-14,-3,-13,-3,-13,-3,-13,-2,-13,-2,-13,-1,-13,0,-13,1,-13,1,-13,1,-13,1,-14,1,-14,1,-14,2,-15,1,-15,1,-15,0,-15,-1,-15,-1,-14,-2,-14,-2,-14,-3,0,0,0,0,0,0,0,0,0,0,0,0,0,0,0,0,0,0,0,0,0,0,-10,-2,-10,-3,-10,-4,-11,-5,-11,-5,-11,-6,-11,-6,-11,-7,-10,-7,-10,-7,-10,-7,-10,-7,-10,-7,-10,-7,-10,-6,-10,-6,-11,-6,-11,-5,-12,-5,-12,-5,-12,-5,-13,-5,-14,-4,-14,-4,-14,-4,-14,-4]"
2025-08-18 22:39:56.303965,CSI_DATA,126,1a:00:00:00:00:00,-42,11,0,0,0,0,0,0,0,0,0,-94,0,1,0,22403947,0,31,0,128,0,"[0,0,12,7,11,7,11,7,11,6,12,6,11,6,11,5,11,5,11,4,11,3,12,3,11,2,12,2,12,2,12,2,13,2,13,2,13,2,14,3,14,3,14,4,13,4,13,5,12,6,12,6,11,7,0,0,0,0,0,0,0,0,0,0,0,0,0,0,0,0,0,0,0,0,0,0,8,3,9,4,8,5,8,6,8,7,9,7,8,8,8,8,8,8,7,8,7,9,7,8,7,8,7,8,7,8,7,8,8,7,8,7,9,7,9,7,10,7,10,7,11,7,11,7,11,7,12,7]"
2025-08-18 22:39:56.510576,CSI_DATA,127,1a:00:00:00:00:00,-42,11,0,0,0,0,0,0,0,0,0,-94,0,1,0,22605041,0,31,0,128,0,"[0,0,-2,14,-2,14,-1,14,-1,14,-1,13,-1,13,0,13,0,13,1,12,2,12,2,12,3,12,3,12,3,12,4,12,4,13,4,13,4,13,4,14,3,14,3,14,2,14,2,14,1,14,0,14,-1,14,0,0,0,0,0,0,0,0,0,0,0,0,0,0,0,0,0,0,0,0,0,0,0,10,-1,10,-2,11,-3,10,-3,11,-4,11,-5,11,-5,11,-5,11,-6,11,-6,11,-6,10,-5,10,-5,10,-5,11,-4,11,-4,11,-4,11,-3,12,-3,12,-3,12,-3,13,-2,13,-2,14,-2,14,-1,14]"
2025-08-18 22:39:56.715007,CSI_DATA,128,1a:00:00:00:00:00,-42,11,0,0,0,0,0,0,0,0,0,-94,0,1,0,22806206,0,31,0,128,0,"[0,0,-14,3,-15,3,-14,2,-14,3,-13,3,-13,3,-13,4,-12,4,-12,5,-12,5,-11,6,-11,6,-11,7,-11,7,-11,8,-11,7,-12,8,-12,8,-12,8,-12,8,-13,7,-13,7,-13,6,-13,5,-13,5,-14,4,0,0,0,0,0,0,0,0,0,0,0,0,0,0,0,0,0,0,0,0,0,0,-10,2,-10,1,-11,1,-11,0,-12,0,-12,-1,-13,-1,-12,-2,-12,-2,-13,-3,-12,-2,-12,-3,-12,-2,-12,-2,-12,-2,-12,-1,-12,-1,-13,0,-12,0,-13,1,-13,1,-13,1,-14,2,-14,2,-14,2,-14,2]"
2025-08-18 22:39:56.907657,CSI_DATA,129,1a:00:00:00:00:00,-42,11,0,0,0,0,0,0,0,0,0,-94,0,1,0,23007353,0,31,0,128,0,"[0,0,12,7,11,7,11,7,12,6,11,6,11,6,11,5,11,5,11,4,11,3,12,3,12,2,12,2,12,2,13,2,13,1,13,2,14,2,14,2,14,3,14,3,13,4,13,5,12,5,12,6,11,6,0,0,0,0,0,0,0,0,0,0,0,0,0,0,0,0,0,0,0,0,0,0,9,3,9,4,9,5,9,5,9,6,9,7,8,8,8,8,8,8,7,8,7,9,7,8,7,8,7,8,7,8,8,7,8,7,9,7,9,7,10,7,10,7,10,7,11,6,11,7,12,7,12,7]"
2025-08-18 22:39:57.118768,CSI_DATA,130,1a:00:00:00:00:00,-42,11,0,0,0,0,0,0,0,0,0,-94,0,1,0,23208543,0,31,0,128,0,"[0,0,-5,13,-5,13,-5,12,-5,13,-4,12,-4,12,-4,12,-3,12,-3,12,-2,12,-1,12,-1,12,0,12,0,12,1,13,0,13,0,13,0,14,0,14,-1,14,-2,14,-2,14,-3,14,-3,13,-4,13,-5,12,0,0,0,0,0,0,0,0,0,0,0,0,0,0,0,0,0,0,0,0,0,0,-3,9,-3,9,-4,9,-5,9,-6,10,-6,10,-7,9,-7,9,-8,9,-8,9,-8,8,-8,9,-8,9,-8,9,-7,9,-7,9,-7,9,-6,10,-6,10,-6,11,-6,11,-6,11,-5,12,-5,12,-6,13,-5,13]"
2025-08-18 22:39:57.175557,CSI_DATA,131,1a:00:00:00:00:00,-42,11,0,0,0,0,0,0,0,0,0,-94,0,1,0,23269428,0,42,0,128,0,"[0,0,-7,12,-7,12,-7,11,-7,12,-6,11,-6,12,-6,11,-5,12,-4,11,-4,12,-4,11,-3,12,-3,12,-2,12,-2,13,-2,12,-2,13,-2,13,-3,14,-3,14,-4,14,-5,13,-5,13,-6,13,-6,12,-7,11,0,0,0,0,0,0,0,0,0,0,0,0,0,0,0,0,0,0,0,0,0,0,-4,9,-5,9,-6,9,-6,9,-7,9,-7,9,-8,9,-9,8,-9,8,-9,8,-9,7,-9,8,-9,8,-9,8,-8,8,-8,8,-8,8,-8,9,-7,9,-7,10,-7,10,-7,11,-7,12,-7,12,-7,12,-7,12]"
2025-08-18 22:39:57.246680,CSI_DATA,132,1a:00:00:00:00:00,-42,11,0,0,0,0,0,0,0,0,0,-94,0,1,0,23336096,0,31,0,128,0,"[0,0,-1,-16,-2,-15,-1,-15,-2,-15,-2,-15,-2,-14,-2,-14,-3,-14,-4,-13,-4,-13,-5,-13,-5,-13,-6,-13,-6,-13,-7,-13,-7,-13,-7,-14,-7,-14,-7,-14,-6,-15,-6,-15,-5,-15,-4,-15,-4,-15,-3,-15,-2,-15,0,0,0,0,0,0,0,0,0,0,0,0,0,0,0,0,0,0,0,0,0,0,-2,-11,-1,-11,-1,-12,0,-12,1,-12,1,-13,2,-13,2,-13,3,-13,3,-13,3,-12,3,-12,3,-12,2,-12,2,-12,2,-12,1,-12,1,-13,0,-13,0,-14,0,-14,0,-14,-1,-15,-1,-15,-1,-15,-1,-15]"
2025-08-18 22:39:57.450438,CSI_DATA,133,1a:00:00:00:00:00,-42,11,0,0,0,0,0,0,0,0,0,-94,0,1,0,23537188,0,31,0,128,0,"[0,0,-11,9,-11,9,-11,9,-11,9,-10,9,-10,9,-10,9,-9,10,-8,10,-8,10,-7,10,-7,11,-7,11,-6,11,-6,12,-6,12,-6,13,-6,13,-7,13,-7,13,-8,12,-8,12,-9,12,-9,11,-10,10,-10,9,0,0,0,0,0,0,0,0,0,0,0,0,0,0,0,0,0,0,0,0,0,0,-7,7,-8,7,-9,6,-9,6,-10,6,-11,6,-11,5,-11,5,-12,5,-12,4,-12,4,-12,4,-12,4,-11,5,-11,5,-11,5,-11,6,-10,6,-11,7,-11,7,-11,7,-11,8,-11,8,-11,9,-11,9,-11,9]"
2025-08-18 22:39:57.645719,CSI_DATA,134,1a:00:00:00:00:00,-42,11,0,0,0,0,0,0,0,0,0,-94,0,1,0,23738648,0,31,0,128,0,"[0,0,11,-9,11,-9,11,-10,10,-9,10,-10,9,-10,9,-10,9,-10,8,-10,7,-10,7,-11,6,-11,6,-12,6,-12,6,-12,6,-13,6,-13,7,-13,7,-14,7,-13,8,-13,8,-12,9,-12,9,-11,10,-10,10,-10,0,0,0,0,0,0,0,0,0,0,0,0,0,0,0,0,0,0,0,0,0,0,7,-7,8,-7,8,-7,9,-6,9,-6,10,-6,11,-5,11,-5,11,-5,11,-4,11,-4,11,-4,11,-4,11,-4,11,-5,10,-5,10,-6,10,-6,10,-7,10,-7,11,-8,10,-8,10,-9,11,-9,11,-9,11,-9]"
2025-08-18 22:39:57.847455,CSI_DATA,135,1a:00:00:00:00:00,-42,11,0,0,0,0,0,0,0,0,0,-94,0,1,0,23939496,0,31,0,128,0,"[0,0,-14,5,-14,5,-13,5,-13,5,-13,5,-12,5,-12,6,-11,6,-11,6,-10,7,-10,7,-10,8,-10,8,-10,8,-10,9,-10,9,-10,9,-11,9,-11,9,-11,9,-12,9,-12,8,-12,8,-13,7,-13,6,-13,5,0,0,0,0,0,0,0,0,0,0,0,0,0,0,0,0,0,0,0,0,0,0,-9,5,-10,4,-10,4,-11,3,-11,3,-12,2,-12,2,-12,1,-12,1,-12,1,-12,1,-12,0,-12,1,-12,1,-12,1,-12,1,-12,2,-12,3,-12,3,-12,3,-13,4,-13,4,-13,5,-13,5,-13,5,-13,5]"
2025-08-18 22:39:58.048906,CSI_DATA,136,1a:00:00:00:00:00,-42,11,0,0,0,0,0,0,0,0,0,-94,0,1,0,24140674,0,31,0,128,0,"[0,0,12,-7,12,-7,12,-7,12,-7,11,-7,11,-7,10,-8,10,-8,9,-8,9,-9,9,-9,8,-9,8,-10,8,-10,8,-11,8,-11,8,-11,9,-12,9,-11,10,-11,10,-11,10,-10,10,-10,11,-9,11,-8,11,-7,0,0,0,0,0,0,0,0,0,0,0,0,0,0,0,0,0,0,0,0,0,0,8,-6,8,-5,9,-5,10,-4,10,-4,11,-4,11,-3,11,-3,11,-2,11,-2,11,-2,11,-2,11,-2,11,-2,11,-3,10,-3,11,-3,11,-4,11,-4,11,-5,11,-5,11,-6,11,-6,12,-7,12,-7,12,-7]"
2025-08-18 22:39:58.248138,CSI_DATA,137,1a:00:00:00:00:00,-42,11,0,0,0,0,0,0,0,0,0,-94,0,1,0,24341934,0,31,0,128,0,"[0,0,-3,14,-3,13,-3,13,-2,13,-2,13,-2,13,-2,12,-1,12,0,12,0,12,1,12,2,12,2,12,2,12,3,12,3,13,2,13,2,13,2,14,2,14,1,14,0,14,0,14,-1,14,-2,13,-2,13,0,0,0,0,0,0,0,0,0,0,0,0,0,0,0,0,0,0,0,0,0,0,0,9,-1,10,-2,10,-3,10,-3,10,-4,10,-5,11,-5,11,-5,10,-6,10,-6,10,-6,10,-5,10,-5,10,-5,10,-5,10,-4,11,-4,11,-4,11,-4,12,-3,12,-3,12,-3,13,-2,13,-2,13,-2,13]"
2025-08-18 22:39:58.453514,CSI_DATA,138,1a:00:00:00:00:00,-42,11,0,0,0,0,0,0,0,0,0,-94,0,1,0,24543260,0,31,0,128,0,"[0,0,-15,-1,-15,-1,-14,-1,-14,0,-14,0,-13,0,-14,0,-13,1,-13,1,-13,2,-12,3,-12,3,-12,4,-13,4,-13,5,-13,5,-13,5,-14,5,-14,4,-14,4,-15,3,-15,3,-15,2,-14,2,-14,1,-14,0,0,0,0,0,0,0,0,0,0,0,0,0,0,0,0,0,0,0,0,0,0,0,-10,0,-11,-1,-11,-1,-11,-2,-12,-3,-12,-3,-12,-4,-12,-4,-12,-5,-12,-5,-12,-5,-11,-5,-11,-5,-11,-4,-11,-4,-11,-4,-12,-3,-12,-3,-12,-2,-13,-2,-13,-2,-13,-2,-14,-1,-14,-1,-14,-1,-15,-1]"
2025-08-18 22:39:58.654959,CSI_DATA,139,1a:00:00:00:00:00,-42,11,0,0,0,0,0,0,0,0,0,-94,0,1,0,24744308,0,31,0,128,0,"[0,0,4,14,4,13,4,14,5,13,5,13,4,13,5,12,5,12,6,11,6,10,7,10,8,10,8,10,8,10,9,10,9,10,9,10,9,11,9,12,9,12,8,12,7,13,7,12,6,13,6,12,5,13,0,0,0,0,0,0,0,0,0,0,0,0,0,0,0,0,0,0,0,0,0,0,4,9,3,10,2,10,2,11,1,11,1,12,0,12,0,12,0,12,0,12,-1,12,0,12,0,12,0,12,0,12,0,11,1,12,2,11,2,12,2,13,2,13,3,13,4,13,4,13,4,14,5,14]"
2025-08-18 22:39:58.707416,CSI_DATA,140,1a:00:00:00:00:00,-42,11,0,0,0,0,0,0,0,0,0,-94,0,1,0,24805033,0,42,0,128,0,"[0,0,4,13,4,13,4,12,5,12,5,12,5,11,5,11,5,11,6,10,6,10,7,9,7,9,8,9,8,9,9,9,9,9,9,10,9,10,9,10,9,10,8,11,8,11,7,12,6,12,6,12,5,12,0,0,0,0,0,0,0,0,0,0,0,0,0,0,0,0,0,0,0,0,0,0,3,9,3,9,2,10,2,10,2,11,1,11,1,11,0,11,0,11,-1,12,-1,11,-1,11,-1,11,0,11,0,11,0,11,1,11,2,11,2,11,2,11,3,12,3,12,4,12,4,13,4,13,4,13]"
2025-08-18 22:39:58.775881,CSI_DATA,141,1a:00:00:00:00:00,-42,11,0,0,0,0,0,0,0,0,0,-94,0,1,0,24872202,0,31,0,128,0,"[0,0,2,13,2,13,2,13,2,13,2,13,3,12,3,12,4,11,4,11,4,11,5,11,5,11,5,10,6,10,6,10,7,11,7,11,7,11,7,12,7,12,6,12,5,12,5,12,4,13,3,13,2,13,0,0,0,0,0,0,0,0,0,0,0,0,0,0,0,0,0,0,0,0,0,0,2,9,1,9,0,10,0,10,0,11,-1,11,-1,11,-2,11,-2,11,-3,11,-3,11,-3,11,-3,11,-2,11,-2,11,-2,11,-1,11,-1,11,0,11,0,12,1,12,1,12,1,13,1,13,1,13,2,13]"
2025-08-18 22:39:58.986564,CSI_DATA,142,1a:00:00:00:00:00,-42,11,0,0,0,0,0,0,0,0,0,-94,0,1,0,25072582,0,31,0,128,0,"[0,0,14,-3,13,-3,13,-3,13,-3,13,-4,12,-4,12,-4,12,-4,11,-5,11,-6,11,-6,10,-7,11,-7,10,-7,10,-8,11,-8,11,-8,11,-8,12,-8,12,-8,12,-7,12,-7,12,-6,13,-5,13,-4,13,-4,0,0,0,0,0,0,0,0,0,0,0,0,0,0,0,0,0,0,0,0,0,0,9,-3,10,-2,10,-2,10,-1,11,-1,11,0,12,1,11,1,11,1,11,2,11,2,11,2,11,1,11,1,11,1,11,1,11,0,11,-1,12,-1,12,-1,12,-2,12,-2,13,-2,13,-3,13,-3,13,-3]"
2025-08-18 22:39:59.176658,CSI_DATA,143,1a:00:00:00:00:00,-42,11,0,0,0,0,0,0,0,0,0,-94,0,1,0,25273848,0,31,0,128,0,"[0,0,5,14,5,13,5,13,5,13,5,13,6,12,6,12,6,11,7,11,7,10,7,10,8,10,8,10,9,10,9,9,10,10,9,10,10,10,10,11,10,11,9,12,8,12,7,12,7,12,6,13,5,13,0,0,0,0,0,0,0,0,0,0,0,0,0,0,0,0,0,0,0,0,0,0,4,9,4,9,3,10,3,11,2,11,2,12,2,12,1,12,1,12,0,12,0,12,0,12,0,12,0,12,1,12,1,11,2,12,2,12,2,12,3,12,4,12,4,13,4,13,5,13,4,14,5,13]"
2025-08-18 22:39:59.387516,CSI_DATA,144,1a:00:00:00:00:00,-42,11,0,0,0,0,0,0,0,0,0,-94,0,1,0,25474958,0,31,0,128,0,"[0,0,-8,-12,-8,-12,-8,-12,-8,-12,-8,-12,-8,-11,-8,-11,-9,-10,-9,-10,-9,-9,-10,-9,-10,-9,-11,-8,-11,-8,-11,-8,-11,-8,-12,-8,-12,-9,-12,-9,-12,-10,-11,-10,-11,-11,-10,-11,-10,-11,-9,-11,-8,-12,0,0,0,0,0,0,0,0,0,0,0,0,0,0,0,0,0,0,0,0,0,0,-7,-8,-6,-9,-6,-9,-6,-10,-5,-11,-5,-11,-4,-12,-4,-12,-4,-12,-3,-12,-3,-12,-3,-12,-3,-12,-3,-12,-4,-12,-4,-11,-5,-11,-5,-11,-5,-12,-6,-12,-6,-12,-7,-12,-7,-12,-8,-12,-8,-12,-8,-12]"
2025-08-18 22:39:59.586011,CSI_DATA,145,1a:00:00:00:00:00,-42,11,0,0,0,0,0,0,0,0,0,-94,0,1,0,25676351,0,31,0,128,0,"[0,0,-13,6,-13,6,-13,6,-13,6,-12,6,-12,6,-11,7,-11,7,-10,7,-10,8,-10,8,-9,8,-9,8,-9,9,-9,10,-9,10,-10,10,-10,10,-10,10,-10,10,-11,9,-11,9,-12,8,-12,7,-12,7,-13,6,0,0,0,0,0,0,0,0,0,0,0,0,0,0,0,0,0,0,0,0,0,0,-9,5,-9,5,-10,4,-11,4,-11,4,-11,3,-12,3,-12,2,-12,2,-12,2,-12,1,-12,1,-12,1,-12,2,-12,2,-12,2,-12,3,-12,3,-12,4,-12,4,-12,5,-12,5,-13,6,-13,6,-13,6,-13,6]"
2025-08-18 22:39:59.783122,CSI_DATA,146,1a:00:00:00:00:00,-42,11,0,0,0,0,0,0,0,0,0,-94,0,1,0,25877394,0,31,0,128,0,"[0,0,-8,12,-8,12,-7,11,-7,12,-6,12,-6,11,-6,11,-5,12,-5,11,-4,11,-4,12,-3,12,-3,12,-2,12,-2,13,-2,13,-2,14,-2,14,-3,14,-3,14,-4,14,-4,13,-5,13,-6,13,-6,12,-7,11,0,0,0,0,0,0,0,0,0,0,0,0,0,0,0,0,0,0,0,0,0,0,-4,9,-5,9,-6,9,-7,8,-7,9,-8,9,-8,8,-8,8,-9,8,-9,8,-10,7,-9,7,-9,7,-9,7,-8,8,-8,8,-8,8,-8,9,-8,9,-7,10,-8,10,-7,11,-7,11,-7,11,-7,12,-7,12]"
2025-08-18 22:39:59.980364,CSI_DATA,147,1a:00:00:00:00:00,-42,11,0,0,0,0,0,0,0,0,0,-94,0,1,0,26078547,0,31,0,128,0,"[0,0,7,12,7,11,7,11,7,11,7,11,7,10,8,10,8,9,8,8,8,8,9,8,9,8,9,7,10,7,10,7,11,7,11,8,11,8,11,8,11,9,10,9,10,10,9,10,8,10,8,11,7,11,0,0,0,0,0,0,0,0,0,0,0,0,0,0,0,0,0,0,0,0,0,0,6,7,6,8,5,8,5,9,5,10,5,10,4,10,4,11,3,11,3,11,3,11,3,11,3,11,3,11,3,11,3,10,4,10,5,10,5,11,5,11,6,11,6,11,7,11,7,11,7,11,7,11]"
2025-08-18 22:40:00.193872,CSI_DATA,148,1a:00:00:00:00:00,-42,11,0,0,0,0,0,0,0,0,0,-94,0,1,0,26279765,0,31,0,128,0,"[0,0,-3,14,-2,14,-2,13,-2,14,-1,14,-1,13,-1,13,0,13,1,12,1,12,1,12,2,12,2,12,3,12,4,13,4,13,4,13,4,13,4,14,3,14,3,14,2,14,1,14,0,14,-1,14,-2,13,0,0,0,0,0,0,0,0,0,0,0,0,0,0,0,0,0,0,0,0,0,0,-1,10,-2,10,-3,10,-4,10,-4,11,-5,11,-5,11,-6,11,-6,11,-7,10,-7,10,-7,10,-7,10,-6,10,-6,10,-5,10,-5,11,-4,11,-4,11,-4,12,-3,12,-3,13,-3,13,-3,13,-3,13,-3,14]"
2025-08-18 22:40:00.241623,CSI_DATA,149,1a:00:00:00:00:00,-42,11,0,0,0,0,0,0,0,0,0,-94,0,1,0,26340560,0,42,0,128,0,"[0,0,9,11,8,10,9,10,9,9,9,9,9,9,9,9,9,8,9,7,10,7,10,6,10,6,10,6,11,6,11,5,12,5,12,6,12,6,12,7,12,7,12,8,11,8,10,9,10,9,9,9,9,10,0,0,0,0,0,0,0,0,0,0,0,0,0,0,0,0,0,0,0,0,0,0,7,6,7,7,6,7,6,8,6,9,6,9,5,10,5,10,5,10,4,10,4,10,4,10,4,10,4,10,5,10,5,9,5,10,6,9,6,9,7,10,7,10,8,10,8,10,9,10,9,10,9,10]"
2025-08-18 22:40:00.311002,CSI_DATA,150,1a:00:00:00:00:00,-42,11,0,0,0,0,0,0,0,0,0,-94,0,1,0,26408277,0,31,0,128,0,"[0,0,3,13,3,13,3,13,3,12,4,12,4,12,4,12,5,11,5,11,5,10,6,10,6,10,6,10,7,10,7,9,8,10,8,10,8,11,8,11,8,11,7,12,6,12,6,12,5,12,4,12,4,12,0,0,0,0,0,0,0,0,0,0,0,0,0,0,0,0,0,0,0,0,0,0,3,9,2,9,2,10,1,10,1,10,0,11,0,11,-1,11,-1,11,-1,11,-2,11,-2,11,-2,11,-1,11,-1,11,-1,11,0,11,1,11,1,12,1,12,2,12,2,12,3,12,3,13,2,13,3,13]"
2025-08-18 22:40:00.524137,CSI_DATA,151,1a:00:00:00:00:00,-42,11,0,0,0,0,0,0,0,0,0,-94,0,1,0,26609117,0,31,0,128,0,"[0,0,-9,-12,-9,-12,-9,-12,-9,-11,-9,-11,-9,-11,-9,-10,-9,-10,-10,-9,-10,-8,-10,-8,-11,-8,-11,-8,-11,-7,-12,-7,-12,-7,-12,-8,-12,-8,-13,-8,-12,-9,-12,-9,-11,-10,-11,-10,-10,-10,-10,-11,-9,-11,0,0,0,0,0,0,0,0,0,0,0,0,0,0,0,0,0,0,0,0,0,0,-7,-8,-7,-8,-7,-9,-6,-10,-6,-10,-6,-11,-5,-11,-5,-12,-4,-12,-4,-12,-4,-12,-4,-12,-4,-11,-4,-11,-5,-11,-5,-11,-5,-11,-6,-11,-6,-11,-7,-11,-7,-11,-8,-11,-8,-11,-8,-12,-9,-12,-9,-12]"
2025-08-18 22:40:00.714237,CSI_DATA,152,1a:00:00:00:00:00,-42,11,0,0,0,0,0,0,0,0,0,-94,0,1,0,26810410,0,31,0,128,0,"[0,0,3,14,2,14,2,14,3,14,3,13,3,13,4,13,4,12,5,12,5,11,5,11,6,11,7,11,7,11,7,11,8,11,8,12,8,12,8,12,7,13,7,13,6,13,5,14,4,14,4,13,3,14,0,0,0,0,0,0,0,0,0,0,0,0,0,0,0,0,0,0,0,0,0,0,3,9,2,10,1,10,1,11,0,11,0,12,0,12,-1,12,-1,12,-2,12,-2,12,-2,12,-2,12,-2,12,-1,12,-1,12,-1,12,0,12,1,12,1,13,1,13,2,13,2,14,2,14,2,14,3,14]"
2025-08-18 22:40:00.924544,CSI_DATA,153,1a:00:00:00:00:00,-42,11,0,0,0,0,0,0,0,0,0,-94,0,1,0,27011555,0,31,0,128,0,"[0,0,-7,-13,-7,-13,-7,-13,-7,-12,-8,-12,-7,-12,-8,-11,-8,-11,-8,-10,-9,-10,-9,-9,-10,-9,-10,-9,-10,-9,-11,-9,-11,-9,-11,-9,-12,-10,-12,-10,-11,-10,-11,-11,-10,-11,-10,-11,-9,-12,-8,-12,-8,-12,0,0,0,0,0,0,0,0,0,0,0,0,0,0,0,0,0,0,0,0,0,0,-6,-9,-5,-9,-5,-10,-4,-11,-4,-11,-4,-12,-3,-12,-3,-12,-3,-12,-2,-12,-2,-12,-2,-12,-2,-12,-2,-12,-3,-12,-3,-11,-4,-12,-4,-12,-5,-12,-5,-12,-6,-12,-6,-12,-7,-12,-7,-13,-7,-13,-7,-13]"
2025-08-18 22:40:01.120787,CSI_DATA,154,1a:00:00:00:00:00,-42,11,0,0,0,0,0,0,0,0,0,-94,0,1,0,27212716,0,31,0,128,0,"[0,0,-14,5,-14,6,-14,5,-13,6,-13,6,-12,6,-12,6,-12,7,-11,7,-11,8,-10,8,-10,8,-10,8,-9,9,-9,10,-9,10,-10,10,-10,10,-11,11,-11,10,-12,10,-12,9,-12,8,-13,8,-13,7,-13,6,0,0,0,0,0,0,0,0,0,0,0,0,0,0,0,0,0,0,0,0,0,0,-10,4,-10,4,-11,3,-11,3,-12,3,-12,2,-13,1,-13,1,-13,1,-13,0,-13,0,-13,0,-12,0,-12,0,-12,1,-12,1,-12,2,-12,2,-13,3,-12,4,-13,4,-13,4,-14,5,-14,5,-14,5,-14,5]"
2025-08-18 22:40:01.320059,CSI_DATA,155,1a:00:00:00:00:00,-42,11,0,0,0,0,0,0,0,0,0,-94,0,1,0,27413930,0,31,0,128,0,"[0,0,-8,12,-8,11,-8,12,-7,11,-7,11,-6,11,-6,11,-5,11,-4,11,-4,11,-4,11,-3,12,-3,12,-2,12,-2,13,-2,13,-2,13,-2,14,-2,14,-3,14,-4,14,-4,14,-5,13,-5,13,-6,12,-7,12,0,0,0,0,0,0,0,0,0,0,0,0,0,0,0,0,0,0,0,0,0,0,-5,8,-6,8,-7,8,-7,8,-8,8,-9,8,-9,8,-10,8,-10,7,-10,7,-10,7,-10,6,-10,7,-9,7,-9,7,-9,7,-9,8,-8,8,-8,9,-8,9,-8,10,-8,10,-8,11,-8,11,-8,11,-8,12]"
2025-08-18 22:40:01.515480,CSI_DATA,156,1a:00:00:00:00:00,-42,11,0,0,0,0,0,0,0,0,0,-94,0,1,0,27615050,0,31,0,128,0,"[0,0,12,6,12,5,12,5,12,5,12,5,12,4,12,4,12,3,11,2,12,2,12,2,12,1,12,1,12,0,13,0,13,0,13,0,14,0,14,0,14,1,14,1,14,2,14,3,13,4,12,4,12,5,0,0,0,0,0,0,0,0,0,0,0,0,0,0,0,0,0,0,0,0,0,0,9,3,9,4,9,4,9,5,9,6,9,6,9,7,9,7,8,7,8,8,8,8,7,8,8,8,8,8,8,7,8,7,9,6,9,6,10,6,10,6,11,6,11,6,11,6,12,6,12,6,12,5]"
2025-08-18 22:40:01.727324,CSI_DATA,157,1a:00:00:00:00:00,-42,11,0,0,0,0,0,0,0,0,0,-94,0,1,0,27816194,0,31,0,128,0,"[0,0,-15,-1,-15,-1,-15,-1,-15,-1,-15,0,-14,0,-14,0,-13,1,-13,1,-13,2,-13,2,-13,3,-13,3,-13,4,-13,4,-14,5,-14,4,-14,5,-15,5,-15,4,-15,3,-15,3,-15,2,-15,1,-15,0,-15,-1,0,0,0,0,0,0,0,0,0,0,0,0,0,0,0,0,0,0,0,0,0,0,-10,0,-11,-1,-11,-2,-12,-2,-12,-3,-12,-4,-12,-4,-12,-4,-12,-5,-12,-5,-12,-6,-12,-6,-12,-5,-11,-5,-12,-5,-12,-4,-12,-4,-12,-3,-13,-3,-13,-2,-13,-2,-14,-2,-14,-2,-14,-2,-15,-2,-15,-1]"
2025-08-18 22:40:01.777575,CSI_DATA,158,1a:00:00:00:00:00,-42,11,0,0,0,0,0,0,0,0,0,-94,0,1,0,27877002,0,42,0,128,0,"[0,0,10,10,9,9,9,9,10,8,10,8,9,8,10,8,10,7,10,6,10,5,10,5,11,5,11,5,12,4,12,4,12,4,12,4,13,5,13,5,13,6,12,6,12,7,11,7,11,8,10,8,10,9,0,0,0,0,0,0,0,0,0,0,0,0,0,0,0,0,0,0,0,0,0,0,7,5,7,6,7,7,7,8,7,8,6,9,6,9,6,10,6,10,5,10,5,10,5,10,5,10,5,10,5,10,6,9,6,9,7,9,7,9,8,9,8,9,8,9,9,9,9,9,10,9,10,9]"
2025-08-18 22:40:01.855380,CSI_DATA,159,1a:00:00:00:00:00,-42,11,0,0,0,0,0,0,0,0,0,-94,0,1,0,27943633,0,31,0,128,0,"[0,0,-14,-5,-14,-5,-15,-5,-13,-4,-14,-4,-13,-4,-13,-4,-13,-3,-13,-2,-13,-1,-13,-1,-13,0,-14,0,-14,1,-13,1,-14,1,-14,1,-15,1,-16,0,-15,0,-15,0,-15,-1,-15,-2,-15,-2,-14,-3,-14,-4,0,0,0,0,0,0,0,0,0,0,0,0,0,0,0,0,0,0,0,0,0,0,-10,-3,-11,-4,-10,-5,-11,-5,-10,-6,-11,-7,-10,-7,-10,-8,-10,-8,-10,-8,-10,-8,-10,-8,-10,-8,-10,-8,-10,-8,-10,-7,-11,-7,-11,-6,-12,-6,-12,-6,-12,-6,-13,-6,-13,-5,-14,-5,-14,-6,-14,-5]"
2025-08-18 22:40:02.050038,CSI_DATA,160,1a:00:00:00:00:00,-42,11,0,0,0,0,0,0,0,0,0,-94,0,1,0,28144405,0,31,0,128,0,"[0,0,14,0,13,-1,13,-1,13,-1,13,-1,12,-2,12,-2,12,-3,12,-3,11,-4,11,-4,11,-5,11,-5,11,-6,11,-6,12,-6,12,-6,13,-6,13,-6,13,-6,13,-5,13,-4,13,-4,13,-3,13,-3,13,-1,0,0,0,0,0,0,0,0,0,0,0,0,0,0,0,0,0,0,0,0,0,0,9,-2,10,-1,10,0,11,0,11,1,11,1,11,2,11,2,11,3,11,3,11,3,10,3,11,3,11,3,11,2,10,2,11,1,11,1,12,1,12,0,12,0,13,0,13,-1,13,-1,13,-1,14,-1]"
2025-08-18 22:40:02.267344,CSI_DATA,161,1a:00:00:00:00:00,-42,11,0,0,0,0,0,0,0,0,0,-94,0,1,0,28345992,0,31,0,128,0,"[0,0,12,-8,12,-8,11,-8,11,-9,11,-8,10,-8,10,-9,9,-9,9,-9,9,-10,8,-10,8,-11,8,-11,7,-11,7,-12,7,-12,7,-12,8,-12,8,-13,9,-12,9,-12,10,-11,10,-11,10,-10,10,-9,11,-9,0,0,0,0,0,0,0,0,0,0,0,0,0,0,0,0,0,0,0,0,0,0,8,-7,8,-6,9,-6,9,-5,10,-5,10,-4,11,-4,11,-4,11,-3,12,-3,11,-3,11,-3,11,-3,11,-3,11,-4,11,-4,10,-4,11,-5,11,-6,11,-6,11,-6,11,-7,11,-7,11,-8,12,-8,12,-8]"
2025-08-18 22:40:02.446942,CSI_DATA,162,1a:00:00:00:00:00,-42,11,0,0,0,0,0,0,0,0,0,-94,0,1,0,28546794,0,31,0,128,0,"[0,0,12,6,12,6,12,5,12,5,12,5,12,5,11,4,12,3,11,3,12,2,12,1,12,1,12,1,12,0,13,0,13,0,13,1,14,0,14,1,14,2,14,2,13,3,13,3,12,4,12,4,12,5,0,0,0,0,0,0,0,0,0,0,0,0,0,0,0,0,0,0,0,0,0,0,9,2,9,3,9,4,9,5,9,5,9,6,9,7,9,7,8,7,8,8,8,8,8,8,8,7,8,7,8,7,8,7,9,6,9,6,10,6,10,6,10,6,11,6,12,6,12,5,12,6,12,6]"
2025-08-18 22:40:02.655628,CSI_DATA,163,1a:00:00:00:00:00,-42,11,0,0,0,0,0,0,0,0,0,-94,0,1,0,28747981,0,31,0,128,0,"[0,0,11,-9,11,-9,11,-9,10,-9,10,-9,9,-9,9,-10,8,-10,8,-10,7,-10,7,-10,7,-11,6,-11,6,-12,6,-12,6,-12,6,-12,7,-13,7,-13,7,-13,8,-12,8,-12,9,-11,9,-11,10,-10,10,-9,0,0,0,0,0,0,0,0,0,0,0,0,0,0,0,0,0,0,0,0,0,0,7,-7,8,-6,8,-6,9,-6,10,-6,10,-6,11,-5,11,-5,11,-4,11,-4,11,-3,11,-3,11,-4,10,-4,11,-4,10,-5,10,-5,10,-6,10,-6,10,-7,10,-7,10,-8,10,-8,11,-8,11,-8,11,-9]"
2025-08-18 22:40:02.856394,CSI_DATA,164,1a:00:00:00:00:00,-42,11,0,0,0,0,0,0,0,0,0,-94,0,1,0,28949114,0,31,0,128,0,"[0,0,13,-6,13,-6,12,-7,12,-7,12,-7,12,-7,11,-7,11,-7,10,-8,10,-8,10,-8,9,-9,9,-10,9,-10,9,-10,9,-11,9,-11,10,-11,10,-11,11,-10,11,-10,11,-9,12,-8,12,-8,12,-7,13,-6,0,0,0,0,0,0,0,0,0,0,0,0,0,0,0,0,0,0,0,0,0,0,8,-6,9,-6,9,-5,10,-5,11,-4,11,-4,12,-3,12,-3,12,-2,12,-2,12,-2,11,-2,11,-2,11,-2,11,-3,11,-3,11,-3,11,-4,12,-4,11,-5,12,-5,12,-6,12,-6,12,-6,13,-6,13,-7]"
2025-08-18 22:40:03.057959,CSI_DATA,165,1a:00:00:00:00:00,-42,11,0,0,0,0,0,0,0,0,0,-94,0,1,0,29150508,0,31,0,128,0,"[0,0,13,-5,13,-5,12,-5,12,-6,12,-6,12,-6,11,-6,11,-6,10,-7,10,-8,9,-8,9,-9,9,-9,9,-9,9,-10,10,-10,10,-10,10,-10,10,-10,11,-10,11,-10,11,-9,11,-9,11,-8,12,-7,12,-6,0,0,0,0,0,0,0,0,0,0,0,0,0,0,0,0,0,0,0,0,0,0,8,-5,9,-4,10,-3,10,-3,11,-3,11,-2,12,-1,11,-1,11,-1,11,0,11,-1,11,0,11,-1,11,-1,11,-1,11,-2,11,-2,11,-3,11,-3,11,-3,12,-4,12,-4,12,-5,12,-5,12,-5,13,-5]"
2025-08-18 22:40:03.258605,CSI_DATA,166,1a:00:00:00:00:00,-42,11,0,0,0,0,0,0,0,0,0,-94,0,1,0,29351623,0,31,0,128,0,"[0,0,11,-8,10,-9,11,-9,10,-9,10,-9,9,-9,9,-9,9,-9,7,-9,7,-10,7,-10,7,-10,7,-11,7,-11,6,-12,6,-12,7,-12,7,-13,7,-12,8,-12,9,-12,8,-12,9,-11,10,-10,10,-9,10,-9,0,0,0,0,0,0,0,0,0,0,0,0,0,0,0,0,0,0,0,0,0,0,7,-7,7,-7,8,-6,9,-6,9,-6,10,-5,10,-5,10,-5,11,-4,10,-4,11,-4,11,-4,10,-4,10,-4,10,-4,10,-5,10,-5,10,-6,10,-6,10,-7,10,-7,10,-8,10,-8,11,-8,11,-8,11,-9]"
2025-08-18 22:40:03.313916,CSI_DATA,167,1a:00:00:00:00:00,-42,11,0,0,0,0,0,0,0,0,0,-94,0,1,0,29412396,0,42,0,128,0,"[0,0,6,12,6,12,5,11,6,12,6,11,6,11,6,11,7,10,7,10,8,9,8,9,8,8,8,8,9,8,10,8,9,8,10,9,10,9,10,10,9,10,9,10,8,11,8,11,7,11,6,11,5,12,0,0,0,0,0,0,0,0,0,0,0,0,0,0,0,0,0,0,0,0,0,0,5,8,5,8,5,9,4,9,4,10,3,10,2,11,2,11,2,11,2,11,2,11,1,11,2,11,2,11,2,11,2,11,3,10,3,11,4,11,4,11,4,11,5,11,6,12,6,12,6,12,6,12]"
2025-08-18 22:40:03.589275,CSI_DATA,168,1a:00:00:00:00:00,-42,11,0,0,0,0,0,0,0,0,0,-94,0,1,0,29479689,0,31,0,128,0,"[0,0,-11,-11,-10,-11,-11,-11,-10,-10,-11,-10,-10,-9,-11,-9,-11,-8,-11,-8,-11,-7,-12,-7,-12,-6,-12,-6,-13,-6,-13,-5,-13,-6,-14,-6,-14,-6,-14,-6,-14,-7,-14,-7,-13,-8,-13,-8,-12,-9,-11,-9,-11,-10,0,0,0,0,0,0,0,0,0,0,0,0,0,0,0,0,0,0,0,0,0,0,-8,-7,-8,-8,-7,-9,-7,-10,-7,-10,-7,-11,-7,-11,-7,-11,-6,-12,-6,-11,-5,-11,-5,-11,-5,-11,-6,-11,-6,-11,-6,-11,-7,-11,-8,-10,-8,-11,-8,-10,-9,-11,-9,-11,-10,-10,-10,-10,-10,-11,-11,-11]"
2025-08-18 22:40:03.594512,CSI_DATA,169,1a:00:00:00:00:00,-42,11,0,0,0,0,0,0,0,0,0,-94,0,1,0,29680703,0,31,0,128,0,"[0,0,12,-7,11,-8,11,-8,11,-8,10,-8,10,-8,10,-8,9,-9,9,-9,8,-9,8,-10,7,-10,7,-10,7,-11,7,-11,7,-11,7,-12,7,-12,8,-12,8,-12,9,-11,9,-11,9,-11,10,-10,10,-9,10,-8,0,0,0,0,0,0,0,0,0,0,0,0,0,0,0,0,0,0,0,0,0,0,8,-6,8,-5,9,-5,9,-5,10,-4,10,-4,11,-3,11,-3,11,-3,11,-2,11,-2,11,-2,11,-2,11,-3,10,-3,10,-3,10,-4,10,-5,11,-5,11,-6,11,-6,11,-6,11,-7,11,-7,11,-7,12,-7]"
2025-08-18 22:40:03.793002,CSI_DATA,170,1a:00:00:00:00:00,-42,11,0,0,0,0,0,0,0,0,0,-94,0,1,0,29881688,0,31,0,128,0,"[0,0,7,-13,7,-13,7,-13,6,-13,6,-13,5,-13,5,-13,4,-13,3,-13,3,-13,3,-13,2,-13,2,-14,1,-14,1,-14,1,-14,1,-15,1,-15,1,-15,2,-15,2,-15,3,-15,4,-14,4,-14,5,-13,6,-13,0,0,0,0,0,0,0,0,0,0,0,0,0,0,0,0,0,0,0,0,0,0,4,-10,5,-10,6,-10,6,-10,7,-10,8,-10,8,-9,8,-9,9,-9,9,-8,9,-8,9,-8,9,-8,9,-8,8,-9,8,-9,8,-9,7,-10,7,-10,7,-11,7,-11,7,-12,7,-12,7,-12,7,-13,7,-13]"
2025-08-18 22:40:03.989920,CSI_DATA,171,1a:00:00:00:00:00,-42,11,0,0,0,0,0,0,0,0,0,-94,0,1,0,30082838,0,31,0,128,0,"[0,0,-10,11,-10,10,-9,10,-9,10,-8,10,-8,10,-8,10,-7,10,-7,10,-6,11,-5,11,-5,11,-5,11,-4,12,-4,12,-4,12,-4,13,-5,13,-5,13,-6,13,-6,13,-7,12,-7,12,-7,12,-8,11,-9,10,0,0,0,0,0,0,0,0,0,0,0,0,0,0,0,0,0,0,0,0,0,0,-6,8,-7,7,-8,7,-8,7,-9,7,-10,7,-10,6,-11,6,-11,6,-11,5,-11,5,-11,5,-10,5,-10,6,-10,6,-10,6,-10,7,-9,7,-10,7,-10,8,-10,8,-10,9,-9,10,-9,10,-10,10,-9,10]"
2025-08-18 22:40:04.184345,CSI_DATA,172,1a:00:00:00:00:00,-42,11,0,0,0,0,0,0,0,0,0,-94,0,1,0,30284195,0,31,0,128,0,"[0,0,12,7,11,7,11,7,11,6,11,6,11,6,11,5,11,5,11,4,11,3,11,3,12,2,12,2,12,2,12,1,13,1,13,1,14,2,14,2,14,2,14,3,13,4,13,4,13,5,12,5,12,6,0,0,0,0,0,0,0,0,0,0,0,0,0,0,0,0,0,0,0,0,0,0,8,4,8,5,8,6,8,7,8,7,8,8,8,8,8,9,7,9,7,9,7,9,6,9,7,9,7,8,7,8,7,8,8,8,8,7,9,7,9,7,10,7,10,7,11,7,11,7,11,7,12,7]"
2025-08-18 22:40:04.390985,CSI_DATA,173,1a:00:00:00:00:00,-42,11,0,0,0,0,0,0,0,0,0,-94,0,1,0,30485276,0,31,0,128,0,"[0,0,-6,13,-6,12,-6,12,-5,12,-5,12,-5,12,-4,12,-4,12,-3,11,-3,12,-2,12,-1,12,-1,12,-1,12,0,13,0,13,-1,14,-1,13,-2,14,-2,14,-2,14,-3,14,-4,13,-4,13,-5,12,-6,12,0,0,0,0,0,0,0,0,0,0,0,0,0,0,0,0,0,0,0,0,0,0,-3,9,-4,9,-5,9,-5,9,-6,10,-6,9,-7,9,-8,9,-8,9,-8,9,-8,8,-8,8,-8,9,-8,8,-8,9,-7,9,-7,9,-6,10,-6,10,-6,11,-6,11,-6,11,-6,12,-6,12,-6,12,-6,12]"
2025-08-18 22:40:04.597506,CSI_DATA,174,1a:00:00:00:00:00,-42,11,0,0,0,0,0,0,0,0,0,-94,0,1,0,30686432,0,31,0,128,0,"[0,0,-13,-7,-13,-7,-13,-7,-13,-6,-13,-6,-12,-6,-12,-5,-12,-5,-12,-4,-13,-3,-13,-2,-13,-2,-13,-2,-13,-1,-14,-1,-14,-1,-14,-1,-15,-1,-15,-2,-15,-2,-15,-3,-15,-3,-14,-4,-14,-4,-14,-5,-13,-6,0,0,0,0,0,0,0,0,0,0,0,0,0,0,0,0,0,0,0,0,0,0,-9,-4,-10,-5,-9,-6,-10,-7,-9,-7,-9,-8,-9,-9,-9,-9,-9,-9,-8,-9,-9,-9,-8,-9,-8,-9,-8,-9,-9,-9,-9,-8,-9,-8,-10,-7,-10,-8,-11,-8,-11,-7,-11,-7,-12,-7,-13,-7,-13,-7,-13,-7]"
2025-08-18 22:40:04.794345,CSI_DATA,175,1a:00:00:00:00:00,-42,11,0,0,0,0,0,0,0,0,0,-94,0,1,0,30887548,0,31,0,128,0,"[0,0,13,-5,13,-5,12,-5,12,-5,12,-6,11,-6,11,-6,11,-6,10,-7,10,-7,10,-8,9,-8,9,-9,9,-9,9,-10,9,-10,10,-10,10,-10,11,-10,11,-9,11,-9,12,-8,12,-8,12,-7,12,-6,12,-5,0,0,0,0,0,0,0,0,0,0,0,0,0,0,0,0,0,0,0,0,0,0,8,-5,9,-4,10,-4,10,-3,10,-3,11,-3,11,-2,12,-1,11,-1,11,-1,11,-1,11,0,11,-1,11,-1,11,-1,11,-2,11,-2,11,-3,11,-3,12,-4,12,-4,12,-4,12,-5,13,-5,13,-5,13,-5]"
2025-08-18 22:40:04.849372,CSI_DATA,176,1a:00:00:00:00:00,-42,11,0,0,0,0,0,0,0,0,0,-94,0,1,0,30948329,0,42,0,128,0,"[0,0,10,9,10,9,10,9,10,8,10,8,10,8,10,7,10,7,10,6,10,5,11,5,11,4,11,4,11,4,12,4,12,4,13,4,13,4,13,5,13,6,13,6,12,7,11,7,11,8,11,8,10,8,0,0,0,0,0,0,0,0,0,0,0,0,0,0,0,0,0,0,0,0,0,0,8,5,8,6,7,7,7,7,7,8,7,9,6,9,6,9,6,10,5,10,5,10,5,10,6,9,6,9,6,9,6,9,7,9,7,8,8,9,8,9,8,9,9,9,10,9,10,9,10,9,10,9]"
2025-08-18 22:40:04.926243,CSI_DATA,177,1a:00:00:00:00:00,-42,11,0,0,0,0,0,0,0,0,0,-94,0,1,0,31018441,0,31,0,128,0,"[0,0,-14,7,-13,7,-13,7,-13,7,-12,7,-12,7,-11,8,-11,8,-11,9,-10,9,-10,9,-9,9,-9,10,-9,10,-9,11,-9,11,-9,12,-9,11,-10,12,-10,11,-11,11,-11,11,-12,10,-12,9,-12,8,-13,7,0,0,0,0,0,0,0,0,0,0,0,0,0,0,0,0,0,0,0,0,0,0,-9,5,-10,5,-11,4,-11,4,-12,4,-12,3,-13,3,-13,2,-13,2,-13,1,-13,1,-13,1,-13,1,-12,2,-12,2,-12,2,-12,3,-12,4,-12,4,-13,5,-13,5,-13,6,-13,6,-13,6,-13,7,-14,7]"
2025-08-18 22:40:05.128348,CSI_DATA,178,1a:00:00:00:00:00,-42,11,0,0,0,0,0,0,0,0,0,-94,0,1,0,31219691,0,31,0,128,0,"[0,0,3,-14,3,-14,3,-14,3,-14,3,-14,2,-13,2,-13,1,-13,0,-13,0,-13,-1,-13,-1,-13,-2,-13,-2,-14,-2,-13,-2,-14,-3,-14,-2,-15,-2,-15,-2,-15,-1,-15,0,-15,0,-15,1,-15,2,-14,3,-14,0,0,0,0,0,0,0,0,0,0,0,0,0,0,0,0,0,0,0,0,0,0,1,-10,2,-11,3,-11,3,-11,4,-11,5,-11,5,-11,6,-11,6,-11,7,-10,7,-10,6,-10,6,-10,6,-10,6,-10,5,-10,5,-11,4,-12,4,-12,4,-12,4,-12,4,-13,3,-13,3,-14,4,-14,4,-14]"
2025-08-18 22:40:05.332641,CSI_DATA,179,1a:00:00:00:00:00,-42,11,0,0,0,0,0,0,0,0,0,-94,0,1,0,31420933,0,31,0,128,0,"[0,0,2,-15,2,-14,1,-14,1,-14,1,-14,1,-14,0,-13,0,-13,-1,-13,-2,-12,-2,-13,-3,-13,-3,-13,-3,-13,-4,-13,-4,-14,-4,-14,-4,-14,-3,-15,-3,-15,-2,-15,-1,-15,-1,-14,-1,-14,0,-14,1,-14,0,0,0,0,0,0,0,0,0,0,0,0,0,0,0,0,0,0,0,0,0,0,0,-10,1,-11,1,-11,2,-11,3,-11,3,-12,4,-11,4,-11,5,-11,5,-11,5,-11,5,-11,5,-11,4,-11,4,-11,4,-11,4,-12,3,-12,3,-12,3,-13,3,-13,2,-13,2,-13,1,-14,2,-14,2,-14]"
2025-08-18 22:40:05.530779,CSI_DATA,180,1a:00:00:00:00:00,-42,11,0,0,0,0,0,0,0,0,0,-94,0,1,0,31621993,0,31,0,128,0,"[0,0,2,-15,2,-15,2,-15,2,-15,2,-15,1,-14,0,-14,0,-14,0,-14,-2,-13,-2,-14,-3,-14,-3,-14,-3,-14,-4,-14,-4,-14,-4,-15,-4,-15,-4,-16,-3,-15,-3,-16,-2,-16,-1,-16,-1,-16,0,-15,1,-15,0,0,0,0,0,0,0,0,0,0,0,0,0,0,0,0,0,0,0,0,0,0,1,-11,2,-11,2,-11,3,-12,4,-12,4,-12,5,-12,5,-12,6,-11,6,-11,6,-11,6,-11,6,-11,6,-11,5,-11,5,-11,4,-12,4,-12,4,-13,4,-13,3,-13,3,-14,3,-14,2,-15,2,-15,2,-15]"
2025-08-18 22:40:05.731847,CSI_DATA,181,1a:00:00:00:00:00,-42,11,0,0,0,0,0,0,0,0,0,-94,0,1,0,31823181,0,31,0,128,0,"[0,0,2,-14,2,-14,1,-14,1,-14,1,-14,1,-14,0,-14,0,-13,-1,-13,-2,-13,-2,-13,-3,-13,-3,-13,-3,-13,-4,-13,-4,-13,-4,-14,-4,-14,-3,-15,-3,-15,-2,-15,-2,-15,-1,-15,0,-15,0,-14,1,-14,0,0,0,0,0,0,0,0,0,0,0,0,0,0,0,0,0,0,0,0,0,0,0,-10,0,-11,1,-11,2,-11,2,-11,3,-12,4,-12,4,-11,5,-12,5,-11,5,-11,5,-11,5,-11,4,-11,4,-11,4,-11,3,-11,3,-12,3,-12,3,-13,2,-13,2,-13,2,-14,2,-14,2,-14,2,-14]"
2025-08-18 22:40:05.931078,CSI_DATA,182,1a:00:00:00:00:00,-42,11,0,0,0,0,0,0,0,0,0,-94,0,1,0,32024325,0,31,0,128,0,"[0,0,14,-2,13,-3,13,-3,13,-3,13,-3,12,-4,12,-4,12,-4,11,-5,11,-5,11,-6,11,-6,10,-6,11,-7,11,-7,11,-8,11,-8,12,-8,12,-8,12,-7,13,-7,13,-6,13,-5,13,-5,13,-4,13,-3,0,0,0,0,0,0,0,0,0,0,0,0,0,0,0,0,0,0,0,0,0,0,9,-3,10,-3,10,-2,11,-1,11,-1,11,0,11,0,11,1,11,1,11,1,11,2,11,2,11,1,11,1,11,1,11,1,11,0,11,0,12,-1,12,-1,12,-2,13,-2,13,-2,13,-2,13,-2,14,-3]"
2025-08-18 22:40:06.126737,CSI_DATA,183,1a:00:00:00:00:00,-42,11,0,0,0,0,0,0,0,0,0,-94,0,1,0,32225548,0,31,0,128,0,"[0,0,7,12,7,12,7,11,7,11,7,11,7,10,7,10,8,9,8,9,8,8,9,8,9,8,9,7,10,7,10,7,10,7,11,8,11,8,11,9,10,9,10,9,9,10,9,10,8,10,8,10,7,11,0,0,0,0,0,0,0,0,0,0,0,0,0,0,0,0,0,0,0,0,0,0,6,7,5,8,5,9,4,9,4,10,4,10,3,11,3,11,2,11,2,11,2,11,2,11,2,11,2,11,2,11,3,10,3,10,4,10,4,11,5,11,5,11,6,11,6,11,7,11,7,11,7,11]"
2025-08-18 22:40:06.333895,CSI_DATA,184,1a:00:00:00:00:00,-42,11,0,0,0,0,0,0,0,0,0,-94,0,1,0,32426854,0,31,0,128,0,"[0,0,-12,9,-12,8,-11,8,-11,9,-10,9,-10,9,-10,9,-9,9,-8,9,-8,10,-8,10,-7,10,-7,10,-7,11,-6,11,-6,12,-7,12,-7,12,-7,12,-8,12,-8,12,-8,12,-9,11,-10,10,-10,9,-11,9,0,0,0,0,0,0,0,0,0,0,0,0,0,0,0,0,0,0,0,0,0,0,-8,6,-9,6,-9,5,-10,5,-11,5,-11,5,-12,5,-12,4,-12,4,-12,3,-12,3,-12,3,-12,3,-12,3,-11,4,-11,4,-11,5,-11,5,-11,5,-11,6,-11,7,-11,7,-11,8,-12,8,-12,8,-12,8]"
2025-08-18 22:40:06.396849,CSI_DATA,185,1a:00:00:00:00:00,-42,11,0,0,0,0,0,0,0,0,0,-94,0,1,0,32487873,0,42,0,128,0,"[0,0,3,-14,3,-14,2,-14,2,-14,2,-13,2,-14,1,-13,1,-13,0,-13,-1,-13,-1,-13,-2,-13,-2,-13,-3,-13,-3,-13,-3,-14,-3,-14,-3,-14,-3,-15,-2,-15,-2,-15,-1,-15,-1,-15,0,-14,1,-14,2,-14,0,0,0,0,0,0,0,0,0,0,0,0,0,0,0,0,0,0,0,0,0,0,1,-10,2,-10,3,-11,3,-11,4,-11,5,-11,5,-11,5,-11,6,-11,6,-10,6,-10,6,-10,6,-10,6,-10,6,-10,5,-10,4,-11,4,-11,4,-12,3,-12,4,-13,3,-13,3,-13,3,-14,3,-14,3,-14]"
2025-08-18 22:40:06.454747,CSI_DATA,186,1a:00:00:00:00:00,-42,11,0,0,0,0,0,0,0,0,0,-94,0,1,0,32552294,0,31,0,128,0,"[0,0,10,11,10,10,10,10,10,9,10,9,10,9,10,8,10,8,10,7,11,6,11,6,11,6,12,5,12,5,12,4,13,5,13,5,14,5,14,6,13,7,13,7,12,7,12,8,11,8,11,9,10,9,0,0,0,0,0,0,0,0,0,0,0,0,0,0,0,0,0,0,0,0,0,0,8,6,8,7,7,7,7,9,7,9,7,10,6,11,5,10,5,11,4,11,5,11,5,11,5,10,5,10,5,10,5,10,6,10,7,9,7,10,8,10,8,10,9,10,9,10,10,10,10,10,10,10]"
2025-08-18 22:40:06.665050,CSI_DATA,187,1a:00:00:00:00:00,-42,11,0,0,0,0,0,0,0,0,0,-94,0,1,0,32753349,0,31,0,128,0,"[0,0,-14,-7,-13,-7,-13,-7,-13,-7,-13,-6,-13,-6,-13,-5,-13,-5,-13,-4,-13,-3,-13,-3,-13,-3,-13,-2,-14,-2,-14,-2,-15,-2,-15,-2,-15,-2,-15,-2,-15,-3,-15,-4,-15,-4,-14,-5,-14,-5,-14,-6,-13,-7,0,0,0,0,0,0,0,0,0,0,0,0,0,0,0,0,0,0,0,0,0,0,-10,-4,-10,-5,-10,-6,-10,-6,-10,-7,-10,-8,-10,-8,-10,-9,-9,-9,-9,-9,-9,-9,-9,-9,-9,-9,-9,-9,-9,-8,-9,-8,-10,-8,-10,-7,-11,-8,-11,-7,-12,-8,-12,-7,-12,-7,-13,-7,-13,-7,-13,-7]"
2025-08-18 22:40:06.861217,CSI_DATA,188,1a:00:00:00:00:00,-42,11,0,0,0,0,0,0,0,0,0,-94,0,1,0,32954513,0,31,0,128,0,"[0,0,9,-12,9,-12,9,-12,8,-12,8,-12,7,-12,7,-12,7,-12,6,-12,5,-12,4,-13,4,-13,4,-13,3,-14,3,-14,3,-14,3,-15,4,-15,4,-15,5,-15,5,-15,6,-14,6,-14,7,-13,7,-13,8,-12,0,0,0,0,0,0,0,0,0,0,0,0,0,0,0,0,0,0,0,0,0,0,5,-9,6,-9,7,-9,8,-9,8,-9,9,-8,10,-8,10,-8,10,-7,10,-7,10,-7,10,-7,10,-7,10,-7,10,-8,9,-7,9,-8,9,-9,9,-9,9,-10,9,-10,9,-10,9,-11,9,-11,9,-12,9,-12]"
2025-08-18 22:40:07.075518,CSI_DATA,189,1a:00:00:00:00:00,-42,11,0,0,0,0,0,0,0,0,0,-94,0,1,0,33155643,0,31,0,128,0,"[0,0,14,-3,13,-3,13,-3,13,-3,13,-4,12,-4,12,-4,11,-5,11,-5,11,-6,11,-6,10,-7,10,-7,10,-8,10,-8,10,-8,11,-8,11,-9,12,-9,12,-9,12,-8,12,-7,12,-7,13,-6,12,-5,13,-4,0,0,0,0,0,0,0,0,0,0,0,0,0,0,0,0,0,0,0,0,0,0,9,-3,10,-2,10,-1,10,-1,11,0,11,0,11,0,11,1,12,1,11,2,11,2,11,2,11,2,11,2,11,1,11,1,11,0,11,-1,12,-1,12,-1,12,-2,12,-2,13,-2,13,-2,13,-2,13,-2]"
2025-08-18 22:40:07.264589,CSI_DATA,190,1a:00:00:00:00:00,-42,11,0,0,0,0,0,0,0,0,0,-94,0,1,0,33356893,0,31,0,128,0,"[0,0,-13,7,-13,6,-13,7,-12,7,-12,7,-11,7,-11,7,-10,7,-10,8,-9,8,-9,8,-9,9,-9,9,-8,10,-8,10,-9,10,-9,11,-9,11,-10,11,-10,11,-10,10,-11,10,-11,9,-11,8,-11,8,-12,7,0,0,0,0,0,0,0,0,0,0,0,0,0,0,0,0,0,0,0,0,0,0,-9,5,-9,5,-10,4,-11,4,-11,4,-12,3,-12,3,-12,2,-12,2,-12,2,-12,2,-12,1,-12,1,-12,2,-12,2,-11,3,-12,3,-11,4,-12,4,-12,4,-12,5,-12,5,-12,6,-12,6,-13,6,-13,7]"
2025-08-18 22:40:07.464233,CSI_DATA,191,1a:00:00:00:00:00,-42,11,0,0,0,0,0,0,0,0,0,-94,0,1,0,33558205,0,31,0,128,0,"[0,0,14,-3,13,-3,13,-3,13,-3,13,-3,12,-3,12,-4,12,-4,11,-4,11,-5,11,-6,10,-6,11,-7,11,-7,11,-7,11,-7,11,-7,12,-7,12,-7,13,-7,13,-6,13,-6,13,-5,13,-5,13,-4,13,-3,0,0,0,0,0,0,0,0,0,0,0,0,0,0,0,0,0,0,0,0,0,0,9,-4,10,-3,10,-2,10,-2,11,-1,11,-1,11,0,11,0,11,1,11,1,11,1,11,1,11,1,11,1,11,1,11,0,11,0,11,-1,12,-1,12,-1,12,-2,12,-2,13,-3,13,-3,13,-3,14,-3]"
2025-08-18 22:40:07.666258,CSI_DATA,192,1a:00:00:00:00:00,-42,11,0,0,0,0,0,0,0,0,0,-94,0,1,0,33759336,0,31,0,128,0,"[0,0,12,-7,11,-7,12,-7,12,-7,11,-8,11,-7,10,-8,10,-8,9,-8,9,-9,9,-9,8,-10,8,-10,8,-11,8,-11,8,-11,8,-11,9,-12,9,-12,9,-11,10,-11,10,-10,10,-9,11,-9,11,-8,11,-8,0,0,0,0,0,0,0,0,0,0,0,0,0,0,0,0,0,0,0,0,0,0,8,-6,8,-6,9,-5,10,-5,10,-4,11,-4,11,-3,11,-3,11,-3,11,-2,11,-2,11,-2,11,-2,11,-3,11,-3,10,-3,11,-4,11,-4,11,-5,11,-5,11,-5,12,-6,12,-6,12,-7,12,-7,12,-7]"
2025-08-18 22:40:07.870111,CSI_DATA,193,1a:00:00:00:00:00,-42,11,0,0,0,0,0,0,0,0,0,-94,0,1,0,33960468,0,31,0,128,0,"[0,0,2,-14,1,-14,1,-14,1,-13,1,-14,0,-13,0,-13,-1,-13,-1,-13,-2,-12,-2,-13,-3,-12,-3,-13,-3,-13,-4,-13,-4,-13,-4,-14,-4,-14,-4,-14,-3,-14,-3,-15,-2,-15,-1,-14,-1,-14,0,-14,1,-14,0,0,0,0,0,0,0,0,0,0,0,0,0,0,0,0,0,0,0,0,0,0,0,-10,1,-10,1,-11,2,-11,3,-11,3,-11,4,-11,4,-11,5,-11,5,-11,5,-11,5,-10,5,-11,5,-11,4,-11,4,-11,3,-11,3,-11,3,-12,2,-12,2,-12,2,-13,2,-13,2,-14,2,-14,2,-14]"
2025-08-18 22:40:07.930454,CSI_DATA,194,1a:00:00:00:00:00,-42,11,0,0,0,0,0,0,0,0,0,-94,0,1,0,34021220,0,42,0,128,0,"[0,0,3,-14,3,-14,3,-14,2,-13,2,-13,2,-13,1,-13,1,-13,0,-13,-1,-12,-1,-13,-2,-13,-2,-13,-2,-13,-2,-13,-3,-14,-2,-14,-2,-14,-2,-15,-1,-15,-1,-15,0,-15,1,-14,1,-14,2,-14,3,-14,0,0,0,0,0,0,0,0,0,0,0,0,0,0,0,0,0,0,0,0,0,0,0,-10,1,-10,1,-10,2,-11,3,-11,4,-11,4,-11,5,-11,5,-11,5,-10,5,-10,5,-10,5,-10,5,-10,5,-10,4,-10,4,-11,4,-11,3,-12,3,-12,3,-12,3,-13,2,-13,2,-13,3,-14,3,-14]"
2025-08-18 22:40:07.995323,CSI_DATA,195,1a:00:00:00:00:00,-42,11,0,0,0,0,0,0,0,0,0,-94,0,1,0,34087540,0,31,0,128,0,"[0,0,10,-10,10,-10,10,-10,10,-10,9,-11,9,-10,8,-10,8,-11,7,-11,6,-11,6,-11,6,-12,5,-12,5,-13,5,-13,5,-13,5,-14,5,-14,6,-14,6,-14,7,-13,8,-13,8,-13,8,-12,9,-11,9,-11,0,0,0,0,0,0,0,0,0,0,0,0,0,0,0,0,0,0,0,0,0,0,7,-8,7,-7,8,-7,9,-7,9,-7,10,-6,10,-6,11,-6,11,-5,11,-5,11,-5,11,-5,11,-5,10,-5,10,-5,10,-6,10,-6,10,-7,10,-7,10,-8,10,-8,10,-8,10,-9,10,-10,10,-10,10,-10]"
2025-08-18 22:40:08.191755,CSI_DATA,196,1a:00:00:00:00:00,-42,11,0,0,0,0,0,0,0,0,0,-94,0,1,0,34288675,0,31,0,128,0,"[0,0,3,14,2,13,2,14,3,13,3,13,3,13,3,12,4,12,5,11,5,11,6,11,6,10,6,10,7,11,7,10,8,11,8,11,8,11,8,12,7,12,7,13,6,13,6,13,5,13,4,13,4,13,0,0,0,0,0,0,0,0,0,0,0,0,0,0,0,0,0,0,0,0,0,0,2,9,2,10,1,10,1,11,0,11,-1,12,-1,12,-2,12,-2,12,-2,12,-2,12,-2,11,-2,11,-2,11,-2,12,-1,11,-1,12,0,11,0,12,1,12,1,13,1,13,2,13,2,14,2,14,3,14]"
2025-08-18 22:40:08.395524,CSI_DATA,197,1a:00:00:00:00:00,-42,11,0,0,0,0,0,0,0,0,0,-94,0,1,0,34489810,0,31,0,128,0,"[0,0,-5,13,-5,13,-5,12,-5,13,-4,12,-4,12,-4,12,-3,12,-3,12,-2,12,-1,12,-1,12,-1,12,0,12,0,13,0,12,0,13,0,13,0,14,-1,14,-2,14,-2,13,-3,14,-3,13,-3,12,-4,12,0,0,0,0,0,0,0,0,0,0,0,0,0,0,0,0,0,0,0,0,0,0,-2,9,-3,9,-4,9,-5,9,-5,10,-6,9,-7,9,-7,9,-7,9,-8,9,-8,9,-7,9,-7,9,-7,9,-7,9,-7,9,-6,9,-6,10,-6,10,-6,11,-6,11,-5,11,-5,13,-5,13,-5,13,-5,13]"
2025-08-18 22:40:08.605207,CSI_DATA,198,1a:00:00:00:00:00,-42,11,0,0,0,0,0,0,0,0,0,-94,0,1,0,34691121,0,31,0,128,0,"[0,0,-3,14,-2,14,-2,14,-2,13,-2,13,-2,13,-1,13,0,13,0,12,1,12,1,12,2,12,2,12,3,12,3,12,3,12,3,13,3,13,3,14,2,14,2,14,1,14,1,13,0,13,-1,13,-2,13,0,0,0,0,0,0,0,0,0,0,0,0,0,0,0,0,0,0,0,0,0,0,-1,9,-1,10,-2,10,-3,10,-4,10,-4,11,-5,10,-5,11,-6,10,-6,10,-6,10,-6,10,-5,10,-5,10,-5,10,-5,10,-4,11,-4,11,-4,11,-3,12,-3,12,-3,13,-2,13,-2,14,-2,14,-2,14]"
2025-08-18 22:40:08.802774,CSI_DATA,199,1a:00:00:00:00:00,-42,11,0,0,0,0,0,0,0,0,0,-94,0,1,0,34892283,0,31,0,128,0,"[0,0,-12,9,-12,9,-11,9,-11,9,-11,9,-10,9,-10,9,-9,9,-9,9,-8,10,-7,10,-7,10,-7,10,-7,11,-6,11,-6,11,-7,12,-7,12,-8,12,-8,12,-8,11,-9,11,-9,11,-9,10,-10,9,-10,9,0,0,0,0,0,0,0,0,0,0,0,0,0,0,0,0,0,0,0,0,0,0,-7,7,-8,7,-9,6,-10,6,-10,6,-11,5,-12,5,-12,5,-12,4,-12,4,-12,4,-12,4,-11,4,-11,4,-11,4,-11,5,-11,5,-11,6,-11,6,-11,7,-11,7,-11,7,-11,8,-11,9,-11,9,-11,9]"
2025-08-18 22:40:09.005107,CSI_DATA,200,1a:00:00:00:00:00,-43,11,0,0,0,0,0,0,0,0,0,-94,0,1,0,35093408,0,31,0,128,0,"[0,0,-4,-14,-4,-14,-4,-14,-4,-13,-4,-14,-4,-13,-5,-13,-5,-12,-5,-12,-6,-11,-7,-11,-7,-11,-7,-11,-8,-11,-8,-11,-9,-11,-9,-11,-9,-12,-9,-12,-9,-12,-8,-12,-7,-13,-7,-13,-6,-13,-6,-13,-5,-13,0,0,0,0,0,0,0,0,0,0,0,0,0,0,0,0,0,0,0,0,0,0,-4,-10,-4,-11,-3,-11,-2,-12,-2,-12,-1,-12,-1,-12,0,-13,0,-13,1,-13,1,-12,1,-12,1,-12,0,-12,0,-12,-1,-12,-1,-12,-2,-12,-2,-13,-2,-13,-3,-13,-3,-13,-4,-14,-4,-14,-4,-14,-4,-14]"
2025-08-18 22:40:09.205487,CSI_DATA,201,1a:00:00:00:00:00,-43,11,0,0,0,0,0,0,0,0,0,-94,0,1,0,35294655,0,31,0,128,0,"[0,0,-14,-1,-15,-1,-14,-1,-14,-1,-14,0,-13,0,-13,1,-13,1,-13,1,-13,2,-12,3,-12,3,-12,3,-12,4,-13,4,-13,4,-13,4,-14,4,-14,4,-14,4,-14,3,-14,3,-14,2,-14,1,-14,0,-14,-1,0,0,0,0,0,0,0,0,0,0,0,0,0,0,0,0,0,0,0,0,0,0,-11,0,-11,0,-12,-1,-11,-2,-12,-2,-12,-3,-12,-3,-12,-4,-12,-4,-12,-5,-11,-5,-11,-5,-11,-5,-11,-4,-11,-4,-11,-4,-12,-3,-12,-3,-12,-3,-13,-2,-13,-2,-13,-2,-14,-1,-14,-1,-14,-1,-14,-1]"
2025-08-18 22:40:09.401598,CSI_DATA,202,1a:00:00:00:00:00,-43,11,0,0,0,0,0,0,0,0,0,-94,0,1,0,35495773,0,31,0,128,0,"[0,0,14,-1,13,-1,13,-1,13,-1,13,-2,12,-2,12,-2,12,-3,12,-3,11,-4,11,-4,11,-5,11,-5,11,-6,11,-6,11,-6,12,-6,12,-6,13,-6,13,-6,13,-5,13,-5,13,-4,13,-3,13,-3,13,-2,0,0,0,0,0,0,0,0,0,0,0,0,0,0,0,0,0,0,0,0,0,0,10,-2,10,-1,10,0,11,0,11,1,11,2,11,2,11,3,11,3,11,3,11,3,10,3,11,3,11,3,11,3,10,2,11,2,11,1,12,1,12,0,12,0,12,0,13,-1,13,-1,13,-1,13,-1]"
2025-08-18 22:40:09.463709,CSI_DATA,203,1a:00:00:00:00:00,-43,11,0,0,0,0,0,0,0,0,0,-94,0,1,0,35556547,0,42,0,128,0,"[0,0,10,-10,10,-10,10,-10,10,-10,9,-10,9,-10,9,-10,8,-10,7,-10,7,-11,7,-11,6,-11,6,-12,5,-12,6,-13,5,-13,6,-13,6,-13,6,-13,7,-13,7,-13,8,-12,8,-12,8,-11,9,-11,9,-10,0,0,0,0,0,0,0,0,0,0,0,0,0,0,0,0,0,0,0,0,0,0,7,-8,7,-7,8,-7,9,-7,9,-7,10,-6,10,-6,11,-5,11,-5,11,-5,11,-5,11,-4,11,-5,10,-5,10,-5,10,-5,10,-6,10,-7,10,-7,10,-7,10,-8,10,-8,10,-9,10,-9,10,-9,10,-10]"
2025-08-18 22:40:09.524833,CSI_DATA,204,1a:00:00:00:00:00,-43,11,0,0,0,0,0,0,0,0,0,-94,0,1,0,35624125,0,31,0,128,0,"[0,0,8,11,8,11,8,10,8,10,8,9,8,9,8,9,8,8,8,8,9,7,9,7,9,6,10,6,10,6,10,6,11,6,11,7,11,7,11,7,11,8,11,8,10,9,10,9,9,9,9,9,8,10,0,0,0,0,0,0,0,0,0,0,0,0,0,0,0,0,0,0,0,0,0,0,6,6,6,7,6,8,5,8,5,9,5,9,4,10,4,10,4,10,3,10,3,10,3,10,3,10,4,10,4,10,4,10,5,9,5,9,5,10,6,9,6,10,7,10,7,10,8,10,8,10,8,10]"
2025-08-18 22:40:09.732898,CSI_DATA,205,1a:00:00:00:00:00,-42,11,0,0,0,0,0,0,0,0,0,-94,0,1,0,35825037,0,31,0,128,0,"[0,0,-11,10,-11,10,-10,9,-10,9,-10,10,-9,10,-9,10,-8,10,-8,10,-7,10,-7,10,-6,11,-6,11,-6,11,-6,12,-5,12,-6,12,-6,13,-7,13,-7,13,-7,12,-8,12,-8,12,-9,11,-9,10,-10,10,0,0,0,0,0,0,0,0,0,0,0,0,0,0,0,0,0,0,0,0,0,0,-7,7,-8,7,-9,7,-9,6,-10,6,-10,6,-11,5,-11,5,-11,5,-11,4,-11,4,-11,4,-11,4,-11,5,-11,5,-11,5,-10,6,-10,6,-10,7,-10,7,-10,7,-10,8,-11,9,-11,9,-11,9,-11,9]"
2025-08-18 22:40:09.932834,CSI_DATA,206,1a:00:00:00:00:00,-42,11,0,0,0,0,0,0,0,0,0,-94,0,1,0,36026151,0,31,0,128,0,"[0,0,-7,13,-7,12,-7,12,-6,12,-6,12,-6,12,-6,11,-5,12,-4,11,-3,12,-3,12,-2,12,-2,12,-2,13,-2,13,-1,13,-2,13,-2,14,-2,14,-3,14,-4,14,-4,14,-5,13,-5,13,-6,12,-6,12,0,0,0,0,0,0,0,0,0,0,0,0,0,0,0,0,0,0,0,0,0,0,-4,9,-5,9,-6,9,-6,9,-7,9,-8,9,-8,9,-9,9,-9,8,-9,8,-9,8,-9,8,-9,8,-8,8,-8,8,-8,8,-8,9,-7,9,-7,10,-7,10,-7,10,-7,11,-7,11,-7,12,-7,12,-7,12]"
2025-08-18 22:40:10.147385,CSI_DATA,207,1a:00:00:00:00:00,-42,11,0,0,0,0,0,0,0,0,0,-94,0,1,0,36227300,0,31,0,128,0,"[0,0,-15,4,-15,4,-14,3,-14,4,-14,4,-13,4,-13,5,-13,5,-12,5,-12,6,-11,6,-11,7,-11,7,-11,8,-11,8,-11,8,-12,9,-12,9,-12,9,-12,8,-13,8,-13,7,-14,7,-13,6,-13,5,-13,4,0,0,0,0,0,0,0,0,0,0,0,0,0,0,0,0,0,0,0,0,0,0,-10,3,-10,3,-12,2,-12,1,-13,1,-12,1,-13,0,-13,0,-13,-1,-13,-1,-13,-1,-13,-1,-13,-1,-12,-1,-12,-1,-12,0,-12,1,-13,1,-13,1,-13,2,-14,2,-14,3,-14,3,-14,3,-14,4,-14,4]"
2025-08-18 22:40:10.316486,CSI_DATA,208,1a:00:00:00:00:00,-42,11,0,0,0,0,0,0,0,0,0,-94,0,1,0,36408629,0,28,0,128,0,"[0,0,-13,7,-13,7,-13,6,-13,7,-12,7,-12,7,-11,7,-11,8,-10,7,-10,8,-9,8,-9,9,-9,9,-9,10,-9,10,-9,10,-9,10,-9,11,-10,11,-10,10,-11,10,-11,9,-11,9,-11,8,-11,7,-12,7,0,0,0,0,0,0,0,0,0,0,0,0,0,0,0,0,0,0,0,0,0,0,-9,6,-9,5,-10,5,-11,4,-11,4,-12,4,-12,3,-12,3,-12,2,-12,2,-12,2,-12,2,-12,2,-12,2,-12,2,-12,3,-12,3,-12,4,-12,4,-12,5,-12,5,-12,5,-12,6,-13,6,-13,6,-13,7]"
2025-08-18 22:40:10.366856,CSI_DATA,209,1a:00:00:00:00:00,-42,11,0,0,0,0,0,0,0,0,0,-94,0,1,0,36428461,0,31,0,128,0,"[0,0,-10,11,-9,11,-9,11,-8,11,-8,11,-8,11,-7,11,-7,11,-6,11,-5,11,-5,11,-5,11,-5,11,-4,12,-4,12,-4,13,-4,13,-4,13,-4,13,-4,13,-5,13,-6,13,-6,12,-7,12,-7,11,-8,11,0,0,0,0,0,0,0,0,0,0,0,0,0,0,0,0,0,0,0,0,0,0,-6,8,-7,8,-8,7,-9,7,-9,7,-10,7,-10,7,-10,7,-11,7,-11,6,-11,5,-11,5,-11,6,-10,6,-10,6,-10,6,-10,7,-9,7,-9,8,-9,9,-9,9,-9,9,-9,10,-10,10,-10,10,-9,11]"
2025-08-18 22:40:10.531281,CSI_DATA,210,1a:00:00:00:00:00,-42,11,0,0,0,0,0,0,0,0,0,-94,0,1,0,36629627,0,31,0,128,0,"[0,0,6,13,6,12,6,12,6,12,6,11,6,11,6,11,7,10,7,10,8,9,8,8,9,8,9,8,9,8,10,8,10,8,10,8,11,9,10,9,10,10,9,10,9,11,8,10,8,11,7,11,6,11,0,0,0,0,0,0,0,0,0,0,0,0,0,0,0,0,0,0,0,0,0,0,5,8,5,9,4,9,4,10,4,10,3,11,2,11,2,12,1,11,1,11,2,11,1,11,2,11,2,11,2,11,2,11,3,11,3,11,4,11,4,12,4,11,5,12,6,12,6,12,6,12,6,12]"
2025-08-18 22:40:10.737508,CSI_DATA,211,1a:00:00:00:00:00,-42,11,0,0,0,0,0,0,0,0,0,-94,0,1,0,36830774,0,31,0,128,0,"[0,0,-9,12,-9,12,-9,11,-9,11,-8,11,-8,11,-7,11,-7,11,-6,11,-6,11,-5,12,-5,12,-5,12,-4,12,-4,13,-4,13,-4,14,-4,14,-5,14,-5,14,-6,13,-6,13,-7,13,-7,12,-8,11,-8,11,0,0,0,0,0,0,0,0,0,0,0,0,0,0,0,0,0,0,0,0,0,0,-5,9,-6,9,-7,9,-8,8,-8,8,-9,8,-10,8,-10,8,-10,8,-11,7,-10,7,-10,6,-10,7,-10,7,-10,7,-10,8,-9,8,-9,8,-9,9,-9,9,-9,10,-9,10,-9,11,-9,11,-9,11,-9,12]"
2025-08-18 22:40:10.944575,CSI_DATA,212,1a:00:00:00:00:00,-42,11,0,0,0,0,0,0,0,0,0,-94,0,1,0,37032111,0,31,0,128,0,"[0,0,-3,-14,-4,-15,-3,-14,-4,-14,-4,-14,-4,-13,-4,-13,-5,-13,-5,-12,-6,-12,-6,-12,-7,-12,-7,-12,-7,-12,-8,-12,-8,-12,-8,-13,-8,-12,-8,-13,-8,-13,-7,-13,-7,-14,-6,-14,-5,-14,-4,-14,-4,-14,0,0,0,0,0,0,0,0,0,0,0,0,0,0,0,0,0,0,0,0,0,0,-4,-10,-3,-11,-3,-11,-3,-12,-2,-12,-1,-13,-1,-13,0,-13,0,-13,1,-13,1,-13,1,-12,1,-12,0,-12,0,-12,0,-12,-1,-12,-1,-13,-2,-13,-2,-13,-2,-13,-3,-14,-3,-14,-3,-14,-3,-14,-3,-14]"
2025-08-18 22:40:11.010444,CSI_DATA,213,1a:00:00:00:00:00,-42,11,0,0,0,0,0,0,0,0,0,-94,0,1,0,37092818,0,42,0,128,0,"[0,0,-9,11,-9,11,-9,10,-8,11,-8,10,-7,10,-7,10,-6,11,-6,11,-5,11,-5,11,-4,11,-4,11,-4,12,-4,13,-3,12,-4,13,-4,13,-4,13,-5,13,-5,13,-6,13,-7,12,-7,12,-7,11,-8,11,0,0,0,0,0,0,0,0,0,0,0,0,0,0,0,0,0,0,0,0,0,0,-6,8,-6,8,-7,8,-8,8,-8,8,-9,7,-9,7,-10,7,-10,7,-11,6,-10,6,-10,6,-10,6,-10,6,-9,6,-9,7,-9,7,-9,8,-9,8,-9,9,-9,9,-9,10,-9,10,-9,10,-9,11,-9,11]"
2025-08-18 22:40:11.068668,CSI_DATA,214,1a:00:00:00:00:00,-42,11,0,0,0,0,0,0,0,0,0,-94,0,1,0,37160482,0,31,0,128,0,"[0,0,-14,5,-14,5,-14,5,-13,5,-13,6,-13,6,-12,6,-12,6,-12,6,-11,7,-11,8,-10,8,-10,8,-10,9,-10,9,-11,10,-11,10,-11,10,-12,10,-12,9,-13,9,-13,8,-13,8,-13,7,-13,6,-14,5,0,0,0,0,0,0,0,0,0,0,0,0,0,0,0,0,0,0,0,0,0,0,-10,4,-10,4,-11,3,-12,3,-12,2,-13,2,-13,1,-13,1,-13,0,-13,0,-13,0,-13,0,-13,0,-13,0,-13,1,-12,1,-12,2,-12,2,-13,3,-13,3,-13,4,-13,4,-14,5,-14,5,-14,5,-14,5]"
2025-08-18 22:40:11.470124,CSI_DATA,215,1a:00:00:00:00:00,-42,11,0,0,0,0,0,0,0,0,0,-94,0,1,0,37361641,0,31,0,128,0,"[0,0,12,-6,12,-6,12,-6,11,-6,11,-7,11,-7,10,-7,10,-7,9,-7,9,-8,9,-8,8,-9,8,-9,8,-10,8,-10,8,-10,9,-10,9,-11,10,-10,10,-10,11,-10,11,-9,11,-9,11,-8,11,-7,12,-7,0,0,0,0,0,0,0,0,0,0,0,0,0,0,0,0,0,0,0,0,0,0,8,-6,8,-6,9,-5,10,-5,10,-4,11,-4,11,-3,11,-3,11,-2,11,-2,11,-2,11,-2,11,-2,11,-2,11,-2,10,-3,11,-3,11,-4,11,-4,11,-5,11,-5,11,-5,11,-6,12,-6,12,-6,12,-6]"
2025-08-18 22:40:11.476330,CSI_DATA,216,1a:00:00:00:00:00,-42,11,0,0,0,0,0,0,0,0,0,-94,0,1,0,37562737,0,31,0,128,0,"[0,0,-13,7,-13,7,-13,7,-13,7,-12,7,-12,7,-11,7,-11,8,-10,8,-10,8,-9,9,-9,9,-9,9,-8,10,-8,11,-8,11,-9,11,-9,11,-10,11,-10,11,-11,10,-11,10,-11,9,-11,9,-12,8,-12,7,0,0,0,0,0,0,0,0,0,0,0,0,0,0,0,0,0,0,0,0,0,0,-9,6,-9,5,-10,5,-11,4,-11,4,-12,4,-12,3,-13,2,-13,2,-13,2,-13,2,-12,2,-12,2,-12,2,-12,2,-12,3,-12,3,-12,4,-12,4,-12,5,-12,5,-12,6,-13,6,-13,6,-13,7,-13,7]"
2025-08-18 22:40:11.670671,CSI_DATA,217,1a:00:00:00:00:00,-43,11,0,0,0,0,0,0,0,0,0,-94,0,1,0,37763947,0,31,0,128,0,"[0,0,-5,13,-5,13,-5,12,-4,12,-4,12,-3,12,-3,12,-2,12,-2,12,-1,12,-1,12,0,12,0,12,0,12,1,12,1,13,1,13,1,14,1,14,0,14,-1,14,-1,14,-2,14,-3,13,-3,13,-4,13,0,0,0,0,0,0,0,0,0,0,0,0,0,0,0,0,0,0,0,0,0,0,-2,10,-3,10,-4,10,-5,10,-5,10,-6,10,-7,10,-7,10,-7,10,-8,9,-8,9,-8,9,-8,9,-7,9,-7,9,-7,9,-6,10,-6,10,-6,10,-5,11,-5,11,-5,12,-5,12,-5,12,-5,13,-5,13]"
2025-08-18 22:40:11.888857,CSI_DATA,218,1a:00:00:00:00:00,-42,11,0,0,0,0,0,0,0,0,0,-94,0,1,0,37965055,0,31,0,128,0,"[0,0,-9,-12,-9,-12,-9,-12,-9,-11,-9,-11,-9,-10,-9,-10,-9,-9,-10,-9,-10,-8,-10,-8,-11,-8,-11,-8,-12,-7,-12,-7,-12,-7,-13,-7,-13,-7,-13,-8,-13,-8,-13,-8,-12,-10,-12,-10,-11,-10,-10,-10,-10,-11,0,0,0,0,0,0,0,0,0,0,0,0,0,0,0,0,0,0,0,0,0,0,-7,-8,-7,-9,-7,-10,-6,-10,-6,-11,-5,-11,-5,-12,-5,-12,-4,-12,-4,-12,-4,-12,-4,-12,-4,-12,-4,-12,-4,-12,-5,-12,-5,-11,-6,-11,-6,-11,-7,-11,-7,-11,-7,-12,-9,-12,-8,-12,-9,-12,-9,-12]"
2025-08-18 22:40:12.072436,CSI_DATA,219,1a:00:00:00:00:00,-42,11,0,0,0,0,0,0,0,0,0,-94,0,1,0,38166385,0,31,0,128,0,"[0,0,-3,14,-3,14,-3,14,-2,14,-3,14,-2,13,-1,13,-1,13,0,12,0,12,0,12,1,12,1,13,2,13,2,13,3,13,2,14,3,14,2,14,2,14,1,14,0,15,-1,14,-1,14,-2,13,-3,13,0,0,0,0,0,0,0,0,0,0,0,0,0,0,0,0,0,0,0,0,0,0,-1,10,-1,10,-2,10,-3,11,-3,11,-4,11,-5,11,-5,11,-5,11,-6,10,-6,11,-7,10,-6,10,-6,10,-6,11,-5,10,-5,11,-4,11,-4,12,-4,12,-4,12,-3,13,-3,13,-4,14,-3,14,-3,14]"
2025-08-18 22:40:12.274817,CSI_DATA,220,1a:00:00:00:00:00,-43,11,0,0,0,0,0,0,0,0,0,-94,0,1,0,38367605,0,31,0,128,0,"[0,0,-14,5,-13,6,-13,5,-13,6,-12,6,-12,6,-12,6,-11,6,-11,7,-10,7,-10,8,-9,8,-9,9,-9,9,-9,9,-9,10,-10,10,-10,10,-11,10,-11,9,-11,9,-12,8,-12,8,-12,8,-12,7,-13,6,0,0,0,0,0,0,0,0,0,0,0,0,0,0,0,0,0,0,0,0,0,0,-9,5,-9,5,-10,4,-11,4,-11,3,-12,3,-12,2,-13,2,-13,1,-13,1,-12,1,-12,1,-12,1,-12,2,-12,2,-12,2,-12,2,-12,3,-12,3,-12,4,-13,4,-13,4,-13,5,-13,5,-13,6,-13,6]"
2025-08-18 22:40:12.476349,CSI_DATA,221,1a:00:00:00:00:00,-42,11,0,0,0,0,0,0,0,0,0,-94,0,1,0,38568692,0,31,0,128,0,"[0,0,-11,10,-11,10,-10,10,-10,10,-9,10,-9,10,-9,10,-8,10,-7,10,-7,10,-7,11,-6,11,-6,11,-5,12,-5,12,-5,12,-5,13,-6,13,-6,13,-7,13,-7,13,-8,12,-8,12,-9,12,-9,10,-10,10,0,0,0,0,0,0,0,0,0,0,0,0,0,0,0,0,0,0,0,0,0,0,-7,8,-7,8,-8,8,-9,7,-9,8,-10,7,-11,7,-11,7,-11,6,-12,5,-12,6,-11,5,-11,5,-11,6,-11,6,-11,6,-10,7,-10,7,-10,7,-10,8,-10,8,-10,9,-10,9,-10,10,-11,10,-10,10]"
2025-08-18 22:40:12.549068,CSI_DATA,222,1a:00:00:00:00:00,-42,11,0,0,0,0,0,0,0,0,0,-94,0,1,0,38629478,0,42,0,128,0,"[0,0,5,-14,5,-14,5,-14,4,-13,4,-14,4,-13,3,-13,3,-13,2,-13,1,-13,0,-13,0,-13,0,-13,0,-13,-1,-13,-1,-14,-1,-14,-1,-15,0,-15,0,-15,1,-15,1,-15,2,-14,2,-14,3,-14,4,-13,0,0,0,0,0,0,0,0,0,0,0,0,0,0,0,0,0,0,0,0,0,0,2,-10,3,-11,4,-11,5,-11,5,-11,6,-11,6,-11,7,-10,7,-10,7,-10,7,-10,8,-10,7,-10,7,-10,7,-10,6,-10,6,-11,6,-11,6,-12,6,-12,5,-12,5,-12,5,-13,5,-13,5,-14,5,-14]"
2025-08-18 22:40:12.602779,CSI_DATA,223,1a:00:00:00:00:00,-43,11,0,0,0,0,0,0,0,0,0,-94,0,1,0,38696575,0,31,0,128,0,"[0,0,-6,13,-5,12,-5,12,-4,12,-4,12,-4,12,-3,12,-3,12,-2,11,-1,12,-1,12,-1,12,0,12,0,12,1,12,1,13,1,13,1,13,1,14,0,14,0,14,-1,14,-2,14,-3,13,-3,13,-4,12,0,0,0,0,0,0,0,0,0,0,0,0,0,0,0,0,0,0,0,0,0,0,-3,10,-4,10,-5,10,-5,10,-6,10,-7,10,-7,10,-8,10,-8,10,-8,9,-8,9,-8,9,-8,9,-8,9,-8,9,-7,9,-7,10,-6,10,-6,10,-6,11,-6,11,-6,11,-6,12,-5,13,-6,13,-5,13]"
2025-08-18 22:40:12.803721,CSI_DATA,224,1a:00:00:00:00:00,-43,11,0,0,0,0,0,0,0,0,0,-94,0,1,0,38897638,0,31,0,128,0,"[0,0,-7,12,-7,12,-7,12,-6,12,-6,12,-5,12,-5,11,-4,12,-3,11,-3,12,-3,11,-2,12,-2,12,-1,12,-1,12,-1,12,-1,13,-1,13,-1,14,-2,14,-2,14,-3,14,-3,13,-4,13,-4,12,-5,12,0,0,0,0,0,0,0,0,0,0,0,0,0,0,0,0,0,0,0,0,0,0,-4,9,-5,9,-6,9,-6,9,-7,10,-8,9,-8,9,-9,9,-9,9,-9,8,-9,8,-9,8,-9,8,-9,8,-8,8,-8,9,-8,9,-7,10,-7,10,-7,11,-7,11,-7,11,-7,12,-7,12,-7,12,-6,12]"
2025-08-18 22:40:13.005240,CSI_DATA,225,1a:00:00:00:00:00,-43,11,0,0,0,0,0,0,0,0,0,-94,0,1,0,39098781,0,31,0,128,0,"[0,0,-2,13,-2,13,-2,12,-1,12,-1,12,-1,12,-1,12,0,11,1,11,1,11,2,11,2,11,3,11,3,11,4,11,4,11,4,12,4,12,3,12,3,13,3,13,2,13,1,13,1,13,0,13,-1,13,0,0,0,0,0,0,0,0,0,0,0,0,0,0,0,0,0,0,0,0,0,0,0,10,-1,10,-2,10,-2,10,-3,11,-4,11,-4,11,-5,11,-5,11,-6,10,-5,10,-6,10,-5,10,-5,10,-5,10,-4,10,-4,10,-3,11,-3,11,-3,11,-3,11,-3,12,-2,13,-2,13,-2,13,-2,13]"
2025-08-18 22:40:13.207568,CSI_DATA,226,1a:00:00:00:00:00,-43,11,0,0,0,0,0,0,0,0,0,-94,0,1,0,39300324,0,31,0,128,0,"[0,0,8,11,8,11,8,11,8,10,8,10,8,9,8,9,8,8,8,8,9,7,9,6,10,6,10,6,11,6,11,5,11,6,11,6,12,6,12,7,11,7,11,8,11,8,10,8,10,9,9,9,9,10,0,0,0,0,0,0,0,0,0,0,0,0,0,0,0,0,0,0,0,0,0,0,7,7,7,8,6,8,6,9,5,10,5,10,5,11,4,11,4,11,3,11,3,11,3,11,3,11,4,11,4,11,4,10,5,10,5,10,5,10,6,10,6,10,7,11,7,10,8,11,8,11,8,11]"
2025-08-18 22:40:13.405337,CSI_DATA,227,1a:00:00:00:00:00,-42,11,0,0,0,0,0,0,0,0,0,-94,0,1,0,39501401,0,31,0,128,0,"[0,0,14,1,14,1,13,1,14,0,13,0,13,0,12,-1,12,-1,12,-2,12,-2,12,-3,11,-3,12,-4,11,-4,12,-5,12,-5,13,-5,13,-5,13,-5,13,-4,14,-4,13,-3,14,-2,14,-1,13,-1,13,0,0,0,0,0,0,0,0,0,0,0,0,0,0,0,0,0,0,0,0,0,0,0,10,-1,10,0,11,1,11,1,12,2,11,2,12,3,11,4,11,4,11,5,11,5,10,5,10,4,10,4,10,4,11,4,11,3,12,3,11,2,12,2,12,2,13,1,14,1,14,1,13,1,14,1]"
2025-08-18 22:40:13.610002,CSI_DATA,228,1a:00:00:00:00:00,-43,11,0,0,0,0,0,0,0,0,0,-94,0,1,0,39702516,0,31,0,128,0,"[0,0,-12,8,-12,8,-12,8,-11,8,-11,8,-11,8,-10,8,-9,9,-9,9,-8,9,-8,10,-7,10,-7,11,-7,11,-7,11,-7,11,-7,12,-8,12,-8,12,-9,12,-9,11,-10,11,-10,11,-10,10,-10,9,-11,9,0,0,0,0,0,0,0,0,0,0,0,0,0,0,0,0,0,0,0,0,0,0,-8,7,-9,7,-10,7,-10,6,-11,6,-11,6,-12,5,-12,5,-13,4,-13,4,-12,4,-12,4,-12,4,-12,4,-12,4,-12,4,-12,5,-11,5,-12,6,-12,6,-12,7,-12,7,-12,8,-12,8,-12,9,-12,9]"
2025-08-18 22:40:13.809220,CSI_DATA,229,1a:00:00:00:00:00,-43,11,0,0,0,0,0,0,0,0,0,-94,0,1,0,39903677,0,31,0,128,0,"[0,0,-1,14,-1,13,-1,13,-1,13,0,13,0,12,1,12,1,12,2,11,2,11,3,11,3,11,4,11,4,11,5,11,5,12,5,12,5,12,5,12,5,13,4,13,3,13,3,13,2,13,1,13,1,13,0,0,0,0,0,0,0,0,0,0,0,0,0,0,0,0,0,0,0,0,0,0,0,10,0,11,-1,11,-2,11,-3,11,-3,12,-4,11,-4,12,-5,11,-5,11,-5,11,-5,11,-5,11,-5,11,-4,11,-4,11,-4,11,-3,11,-3,12,-2,12,-2,12,-2,13,-1,13,-2,14,-2,14,-1,14]"
2025-08-18 22:40:14.011713,CSI_DATA,230,1a:00:00:00:00:00,-42,11,0,0,0,0,0,0,0,0,0,-94,0,1,0,40104831,0,31,0,128,0,"[0,0,12,-7,12,-7,11,-7,11,-7,11,-7,10,-7,10,-7,10,-8,9,-8,8,-8,8,-9,8,-9,8,-10,7,-10,7,-10,7,-11,8,-11,8,-11,8,-11,9,-11,9,-11,10,-10,10,-9,10,-9,10,-8,11,-8,0,0,0,0,0,0,0,0,0,0,0,0,0,0,0,0,0,0,0,0,0,0,8,-6,9,-6,9,-5,10,-5,10,-5,11,-4,11,-4,11,-3,12,-3,12,-2,11,-2,11,-2,11,-2,11,-3,11,-3,10,-3,11,-4,11,-4,11,-5,11,-5,11,-5,11,-6,11,-6,11,-6,12,-6,12,-7]"
2025-08-18 22:40:14.087324,CSI_DATA,231,1a:00:00:00:00:00,-43,11,0,0,0,0,0,0,0,0,0,-94,0,1,0,40165641,0,42,0,128,0,"[0,0,1,-14,1,-14,1,-14,0,-14,0,-14,0,-13,-1,-13,-1,-12,-2,-12,-2,-12,-3,-12,-4,-12,-4,-12,-4,-12,-5,-12,-5,-13,-5,-13,-5,-13,-4,-14,-4,-14,-4,-14,-3,-14,-2,-14,-2,-14,-1,-14,0,-14,0,0,0,0,0,0,0,0,0,0,0,0,0,0,0,0,0,0,0,0,0,0,-1,-10,0,-11,1,-12,2,-12,1,-13,3,-12,4,-12,4,-12,4,-12,5,-12,4,-11,5,-11,4,-11,4,-11,4,-11,4,-11,3,-11,3,-12,2,-12,2,-12,2,-13,2,-13,1,-13,1,-14,1,-14,1,-14]"
2025-08-18 22:40:14.145081,CSI_DATA,232,1a:00:00:00:00:00,-43,11,0,0,0,0,0,0,0,0,0,-94,0,1,0,40232172,0,31,0,128,0,"[0,0,-11,-10,-11,-10,-10,-10,-11,-10,-10,-9,-10,-9,-10,-8,-10,-8,-11,-7,-11,-7,-11,-6,-11,-6,-12,-5,-12,-5,-13,-5,-13,-5,-13,-5,-13,-5,-14,-6,-14,-6,-13,-7,-13,-7,-12,-8,-12,-8,-11,-8,-11,-9,0,0,0,0,0,0,0,0,0,0,0,0,0,0,0,0,0,0,0,0,0,0,-9,-7,-9,-7,-9,-8,-8,-9,-8,-9,-8,-10,-8,-10,-7,-11,-7,-11,-6,-11,-6,-11,-6,-11,-6,-11,-6,-11,-6,-11,-7,-10,-7,-10,-8,-10,-8,-10,-9,-10,-9,-10,-10,-10,-10,-10,-10,-10,-11,-10,-11,-10]"
2025-08-18 22:40:14.340098,CSI_DATA,233,1a:00:00:00:00:00,-43,11,0,0,0,0,0,0,0,0,0,-94,0,1,0,40432916,0,31,0,128,0,"[0,0,-9,12,-9,12,-9,12,-8,11,-8,12,-8,11,-7,11,-6,12,-6,12,-5,11,-4,12,-4,12,-4,12,-3,13,-3,13,-2,13,-3,14,-3,14,-4,14,-4,14,-5,14,-5,14,-6,13,-6,13,-6,12,-7,12,0,0,0,0,0,0,0,0,0,0,0,0,0,0,0,0,0,0,0,0,0,0,-5,9,-6,9,-7,9,-8,9,-9,9,-10,9,-10,9,-11,8,-11,8,-11,7,-11,7,-11,7,-11,7,-10,7,-10,8,-10,7,-10,8,-9,9,-9,10,-10,10,-9,10,-10,10,-9,11,-9,12,-9,12,-9,12]"
2025-08-18 22:40:14.542830,CSI_DATA,234,1a:00:00:00:00:00,-42,11,0,0,0,0,0,0,0,0,0,-94,0,1,0,40634011,0,31,0,128,0,"[0,0,3,-14,3,-14,3,-13,2,-14,2,-14,2,-13,1,-13,1,-13,0,-12,-1,-12,-1,-12,-2,-12,-2,-13,-2,-13,-3,-13,-3,-13,-3,-14,-3,-14,-2,-14,-2,-14,-2,-14,-1,-14,0,-14,0,-14,1,-13,1,-13,0,0,0,0,0,0,0,0,0,0,0,0,0,0,0,0,0,0,0,0,0,0,1,-11,2,-11,2,-11,3,-11,4,-11,4,-11,5,-11,6,-11,6,-11,6,-11,6,-11,6,-10,6,-10,6,-10,5,-10,5,-11,5,-11,4,-11,4,-12,4,-12,4,-12,4,-13,3,-13,3,-14,3,-14,3,-14]"
2025-08-18 22:40:14.736540,CSI_DATA,235,1a:00:00:00:00:00,-42,11,0,0,0,0,0,0,0,0,0,-94,0,1,0,40835114,0,31,0,128,0,"[0,0,5,13,5,12,5,12,5,11,5,11,5,11,5,11,6,10,6,10,6,9,7,9,8,8,8,8,8,9,9,8,9,9,9,9,9,9,9,10,9,10,8,10,7,11,7,11,7,11,6,11,5,11,0,0,0,0,0,0,0,0,0,0,0,0,0,0,0,0,0,0,0,0,0,0,5,8,5,8,4,9,4,10,4,10,3,11,2,11,2,12,1,12,1,11,1,12,1,11,1,11,1,11,1,11,2,11,2,11,3,11,3,11,3,11,3,11,4,12,5,12,5,12,5,12,5,12]"
2025-08-18 22:40:14.951530,CSI_DATA,236,1a:00:00:00:00:00,-43,11,0,0,0,0,0,0,0,0,0,-94,0,1,0,41036285,0,31,0,128,0,"[0,0,13,2,13,2,13,2,13,1,12,1,12,1,12,0,12,0,12,-1,12,-2,11,-2,11,-3,11,-3,12,-3,12,-4,12,-4,12,-4,13,-4,13,-4,13,-3,13,-3,13,-2,13,-1,13,-1,13,0,13,0,0,0,0,0,0,0,0,0,0,0,0,0,0,0,0,0,0,0,0,0,0,0,9,0,10,1,10,1,11,2,11,3,11,4,11,4,11,5,10,5,10,5,10,5,10,5,10,5,10,5,10,5,10,4,10,4,11,3,11,3,11,3,12,3,12,3,13,2,13,2,13,2,13,2]"
2025-08-18 22:40:15.143224,CSI_DATA,237,1a:00:00:00:00:00,-42,11,0,0,0,0,0,0,0,0,0,-94,0,1,0,41237500,0,31,0,128,0,"[0,0,-4,13,-3,13,-3,13,-3,13,-2,13,-2,12,-2,12,-1,12,-1,12,0,12,0,12,1,12,1,12,2,12,3,12,3,12,2,13,3,13,2,13,2,14,1,14,1,14,0,14,-1,13,-1,13,-2,13,0,0,0,0,0,0,0,0,0,0,0,0,0,0,0,0,0,0,0,0,0,0,-1,10,-2,10,-3,11,-3,11,-4,11,-5,11,-5,11,-6,11,-6,11,-7,10,-7,10,-7,10,-6,10,-6,10,-6,10,-6,10,-5,11,-5,11,-5,11,-4,12,-4,12,-4,12,-3,13,-3,13,-4,13,-3,13]"
2025-08-18 22:40:15.350544,CSI_DATA,238,1a:00:00:00:00:00,-42,11,0,0,0,0,0,0,0,0,0,-94,0,1,0,41438718,0,31,0,128,0,"[0,0,-12,-7,-12,-7,-12,-6,-12,-6,-12,-6,-12,-6,-12,-5,-12,-5,-12,-4,-12,-3,-12,-3,-12,-2,-12,-2,-12,-2,-13,-1,-13,-1,-14,-2,-13,-1,-14,-2,-14,-2,-14,-3,-14,-4,-14,-4,-13,-4,-12,-5,-12,-6,0,0,0,0,0,0,0,0,0,0,0,0,0,0,0,0,0,0,0,0,0,0,-10,-4,-10,-4,-10,-5,-10,-6,-10,-7,-10,-7,-9,-8,-10,-8,-9,-9,-9,-9,-9,-9,-9,-9,-8,-9,-9,-8,-9,-8,-9,-8,-9,-8,-10,-8,-10,-7,-10,-7,-11,-7,-11,-7,-12,-7,-12,-7,-12,-7,-12,-7]"
2025-08-18 22:40:15.541248,CSI_DATA,239,1a:00:00:00:00:00,-42,11,0,0,0,0,0,0,0,0,0,-94,0,1,0,41640041,0,31,0,128,0,"[0,0,4,12,4,12,4,12,5,12,5,11,5,11,5,11,6,10,6,10,7,9,7,9,7,9,8,9,8,8,9,8,9,8,9,9,9,9,9,10,9,10,9,10,8,11,7,10,7,11,6,11,6,11,0,0,0,0,0,0,0,0,0,0,0,0,0,0,0,0,0,0,0,0,0,0,4,9,4,9,3,10,2,10,2,11,2,11,1,12,1,12,0,12,0,12,0,11,0,11,0,11,0,11,0,11,1,11,1,11,2,11,2,11,2,11,3,12,3,12,4,12,4,12,4,12,4,12]"
2025-08-18 22:40:15.610737,CSI_DATA,240,1a:00:00:00:00:00,-42,11,0,0,0,0,0,0,0,0,0,-94,0,1,0,41700710,0,42,0,128,0,"[0,0,-5,13,-5,12,-4,12,-4,12,-4,12,-4,12,-3,12,-2,12,-2,11,-1,11,0,11,0,11,1,12,1,12,1,12,1,12,1,13,1,13,1,13,0,13,0,13,-1,13,-1,13,-1,13,-2,13,-3,12,0,0,0,0,0,0,0,0,0,0,0,0,0,0,0,0,0,0,0,0,0,0,-2,9,-3,10,-4,10,-5,10,-5,10,-6,10,-7,10,-7,10,-8,10,-8,9,-8,9,-8,9,-7,9,-7,9,-7,9,-7,9,-6,10,-6,10,-6,10,-6,11,-6,11,-5,12,-5,12,-4,13,-4,13,-4,13]"
2025-08-18 22:40:15.674553,CSI_DATA,241,1a:00:00:00:00:00,-43,11,0,0,0,0,0,0,0,0,0,-94,0,1,0,41768359,0,31,0,128,0,"[0,0,-9,11,-8,11,-8,10,-8,11,-7,10,-7,10,-6,11,-6,11,-5,11,-4,11,-4,11,-3,11,-3,11,-3,11,-2,12,-2,12,-3,13,-3,13,-3,13,-3,13,-4,13,-4,13,-5,12,-6,12,-6,11,-7,11,0,0,0,0,0,0,0,0,0,0,0,0,0,0,0,0,0,0,0,0,0,0,-6,8,-6,8,-7,8,-8,8,-9,8,-9,8,-10,8,-10,7,-10,7,-10,7,-10,6,-10,6,-10,6,-10,6,-10,7,-10,7,-9,7,-9,8,-9,8,-8,9,-8,9,-8,10,-8,10,-9,10,-8,11,-8,11]"
2025-08-18 22:40:15.882374,CSI_DATA,242,1a:00:00:00:00:00,-43,11,0,0,0,0,0,0,0,0,0,-94,0,1,0,41969459,0,31,0,128,0,"[0,0,-7,-13,-7,-13,-7,-13,-7,-12,-7,-12,-8,-11,-8,-11,-8,-10,-8,-10,-9,-9,-9,-9,-10,-9,-10,-9,-10,-8,-11,-8,-11,-8,-11,-9,-11,-9,-12,-9,-11,-10,-11,-10,-11,-11,-10,-11,-9,-11,-9,-11,-8,-12,0,0,0,0,0,0,0,0,0,0,0,0,0,0,0,0,0,0,0,0,0,0,-7,-9,-6,-10,-6,-10,-5,-11,-5,-11,-5,-12,-4,-12,-4,-13,-3,-13,-3,-13,-3,-12,-2,-12,-3,-12,-3,-12,-3,-12,-3,-12,-4,-12,-5,-12,-5,-12,-5,-12,-6,-12,-6,-13,-7,-12,-7,-13,-7,-13,-7,-13]"
2025-08-18 22:40:16.083556,CSI_DATA,243,1a:00:00:00:00:00,-42,11,0,0,0,0,0,0,0,0,0,-94,0,1,0,42170617,0,31,0,128,0,"[0,0,-10,-11,-9,-11,-9,-11,-9,-11,-9,-11,-9,-10,-9,-10,-10,-9,-10,-8,-10,-8,-11,-7,-11,-7,-11,-7,-12,-7,-12,-6,-12,-6,-13,-6,-13,-7,-13,-7,-13,-7,-13,-8,-12,-9,-12,-9,-11,-9,-11,-10,-10,-10,0,0,0,0,0,0,0,0,0,0,0,0,0,0,0,0,0,0,0,0,0,0,-8,-7,-8,-8,-7,-9,-7,-10,-7,-10,-7,-11,-6,-12,-6,-12,-5,-12,-5,-12,-5,-12,-5,-12,-5,-12,-5,-12,-5,-12,-5,-11,-6,-11,-7,-11,-7,-11,-8,-11,-8,-11,-8,-11,-9,-11,-9,-11,-9,-12,-10,-11]"
2025-08-18 22:40:16.278419,CSI_DATA,244,1a:00:00:00:00:00,-42,11,0,0,0,0,0,0,0,0,0,-94,0,1,0,42371897,0,31,0,128,0,"[0,0,14,-3,13,-3,13,-3,13,-4,12,-4,12,-4,12,-5,11,-5,11,-6,11,-6,10,-7,10,-7,10,-7,10,-8,10,-8,10,-8,11,-9,11,-9,11,-9,12,-8,12,-8,12,-7,12,-7,12,-6,13,-5,13,-4,0,0,0,0,0,0,0,0,0,0,0,0,0,0,0,0,0,0,0,0,0,0,9,-4,10,-4,11,-3,11,-2,12,-2,12,-1,12,-1,12,0,12,0,12,1,12,1,12,1,11,1,12,1,11,0,12,0,11,0,12,-1,12,-1,12,-2,12,-2,13,-3,13,-3,13,-3,13,-3,13,-3]"
2025-08-18 22:40:16.486912,CSI_DATA,245,1a:00:00:00:00:00,-42,11,0,0,0,0,0,0,0,0,0,-94,0,1,0,42572966,0,31,0,128,0,"[0,0,14,-1,13,-1,13,-2,13,-2,13,-2,12,-2,12,-3,12,-3,12,-4,11,-5,11,-5,10,-6,11,-6,11,-7,11,-7,11,-7,11,-7,12,-8,12,-7,12,-7,13,-7,13,-6,12,-5,13,-5,13,-4,13,-3,0,0,0,0,0,0,0,0,0,0,0,0,0,0,0,0,0,0,0,0,0,0,10,-2,11,-2,11,-1,11,0,11,0,12,1,12,2,12,2,12,3,11,3,11,3,11,3,11,3,11,2,11,2,11,2,12,1,11,1,12,0,12,0,12,0,13,0,13,-1,13,-1,14,-1,14,-2]"
2025-08-18 22:40:16.684956,CSI_DATA,246,1a:00:00:00:00:00,-43,11,0,0,0,0,0,0,0,0,0,-94,0,1,0,42774344,0,31,0,128,0,"[0,0,-15,-3,-14,-3,-14,-3,-14,-2,-13,-2,-13,-2,-13,-1,-13,-1,-13,0,-13,1,-13,1,-12,2,-13,2,-13,3,-13,3,-13,3,-14,3,-14,3,-15,3,-15,3,-15,2,-15,1,-15,1,-15,0,-14,-1,-14,-2,0,0,0,0,0,0,0,0,0,0,0,0,0,0,0,0,0,0,0,0,0,0,-11,-1,-11,-2,-12,-3,-12,-3,-12,-4,-12,-5,-12,-5,-12,-6,-12,-6,-11,-6,-11,-6,-11,-7,-11,-6,-11,-6,-11,-6,-11,-5,-12,-5,-12,-4,-12,-4,-13,-4,-13,-4,-13,-4,-14,-3,-14,-3,-14,-3,-14,-3]"
2025-08-18 22:40:16.878717,CSI_DATA,247,1a:00:00:00:00:00,-42,11,0,0,0,0,0,0,0,0,0,-94,0,1,0,42975402,0,31,0,128,0,"[0,0,1,14,1,13,1,14,2,13,2,13,2,12,3,12,3,12,3,11,4,11,4,11,5,11,5,10,6,11,6,10,7,11,7,11,7,12,7,12,6,12,6,12,5,13,4,12,4,13,3,12,2,13,0,0,0,0,0,0,0,0,0,0,0,0,0,0,0,0,0,0,0,0,0,0,3,9,2,10,1,10,1,11,0,11,-1,12,-1,12,-2,12,-2,12,-3,12,-3,12,-3,11,-3,11,-3,11,-2,12,-2,11,-1,12,0,11,0,12,0,12,0,13,1,13,1,13,1,13,1,14,2,14]"
2025-08-18 22:40:17.089769,CSI_DATA,248,1a:00:00:00:00:00,-42,11,0,0,0,0,0,0,0,0,0,-94,0,1,0,43176572,0,31,0,128,0,"[0,0,-11,-10,-11,-10,-10,-9,-11,-10,-11,-9,-11,-8,-11,-8,-11,-7,-11,-7,-12,-6,-11,-6,-12,-5,-12,-5,-12,-5,-14,-5,-13,-4,-14,-5,-13,-5,-14,-5,-14,-6,-14,-6,-13,-7,-13,-7,-12,-8,-12,-8,-11,-9,0,0,0,0,0,0,0,0,0,0,0,0,0,0,0,0,0,0,0,0,0,0,-9,-7,-9,-7,-9,-8,-8,-9,-8,-10,-8,-10,-7,-11,-7,-11,-7,-12,-7,-12,-6,-11,-6,-11,-6,-11,-6,-11,-7,-11,-7,-11,-7,-10,-8,-10,-8,-10,-9,-10,-9,-10,-10,-10,-11,-10,-10,-10,-11,-10,-11,-10]"
2025-08-18 22:40:17.146046,CSI_DATA,249,1a:00:00:00:00:00,-43,11,0,0,0,0,0,0,0,0,0,-94,0,1,0,43237410,0,42,0,128,0,"[0,0,12,5,12,5,12,4,12,4,12,4,11,4,11,3,11,2,11,2,11,1,11,0,11,0,11,-1,12,-1,12,-1,12,-1,13,-1,13,-1,14,-1,14,0,14,0,13,1,13,1,13,1,13,2,12,3,0,0,0,0,0,0,0,0,0,0,0,0,0,0,0,0,0,0,0,0,0,0,9,2,9,3,9,4,9,5,10,5,9,6,9,7,9,7,9,8,8,8,8,7,8,8,8,7,8,7,8,7,8,6,9,6,10,6,10,6,10,6,10,5,11,5,11,5,12,5,12,5,12,5]"
2025-08-18 22:40:17.215769,CSI_DATA,250,1a:00:00:00:00:00,-43,11,0,0,0,0,0,0,0,0,0,-94,0,1,0,43303778,0,31,0,128,0,"[0,0,-2,-14,-2,-14,-2,-14,-2,-13,-3,-13,-3,-13,-3,-13,-4,-12,-4,-12,-5,-11,-5,-11,-5,-11,-6,-11,-7,-11,-7,-11,-7,-11,-7,-12,-7,-12,-7,-12,-7,-13,-6,-13,-6,-13,-5,-13,-4,-13,-4,-13,-3,-13,0,0,0,0,0,0,0,0,0,0,0,0,0,0,0,0,0,0,0,0,0,0,-3,-10,-3,-11,-2,-11,-1,-12,-1,-12,0,-12,1,-12,1,-12,1,-13,2,-12,2,-12,2,-12,2,-12,2,-12,1,-12,1,-11,0,-12,0,-12,-1,-12,-1,-12,-1,-13,-1,-13,-2,-14,-2,-14,-2,-14,-2,-14]"
2025-08-18 22:40:17.412235,CSI_DATA,251,1a:00:00:00:00:00,-43,11,0,0,0,0,0,0,0,0,0,-94,0,1,0,43504602,0,31,0,128,0,"[0,0,7,-13,6,-13,7,-13,6,-13,6,-13,5,-13,5,-13,4,-13,3,-12,3,-12,2,-13,2,-13,1,-13,1,-14,1,-14,1,-14,1,-14,1,-15,1,-15,2,-15,3,-15,3,-14,4,-14,4,-14,5,-13,6,-13,0,0,0,0,0,0,0,0,0,0,0,0,0,0,0,0,0,0,0,0,0,0,3,-10,4,-11,5,-10,6,-11,6,-11,7,-10,8,-10,8,-10,9,-10,8,-9,8,-9,9,-9,9,-9,8,-9,8,-9,8,-9,7,-10,7,-10,7,-11,7,-11,7,-12,7,-12,7,-12,7,-13,7,-13,7,-13]"
2025-08-18 22:40:17.611937,CSI_DATA,252,1a:00:00:00:00:00,-42,11,0,0,0,0,0,0,0,0,0,-94,0,1,0,43705748,0,31,0,128,0,"[0,0,8,-11,8,-12,8,-12,7,-12,7,-12,7,-12,6,-12,5,-12,5,-11,4,-12,4,-12,3,-12,3,-13,3,-13,2,-13,2,-14,2,-14,3,-14,3,-15,3,-15,4,-14,4,-14,5,-13,6,-13,6,-12,7,-12,0,0,0,0,0,0,0,0,0,0,0,0,0,0,0,0,0,0,0,0,0,0,5,-9,5,-10,6,-9,7,-9,8,-9,8,-9,9,-8,9,-8,9,-8,10,-7,10,-7,10,-7,9,-7,9,-7,9,-8,9,-8,8,-8,8,-9,8,-9,8,-10,8,-10,8,-11,8,-11,8,-12,8,-11,8,-12]"
2025-08-18 22:40:17.820345,CSI_DATA,253,1a:00:00:00:00:00,-42,11,0,0,0,0,0,0,0,0,0,-94,0,1,0,43907084,0,31,0,128,0,"[0,0,-10,-11,-9,-11,-9,-11,-9,-10,-10,-10,-9,-10,-10,-9,-10,-9,-10,-8,-10,-7,-11,-7,-11,-7,-11,-6,-12,-6,-12,-6,-12,-6,-13,-6,-13,-6,-13,-7,-13,-7,-13,-8,-12,-8,-12,-9,-11,-9,-10,-9,-10,-10,0,0,0,0,0,0,0,0,0,0,0,0,0,0,0,0,0,0,0,0,0,0,-8,-7,-8,-8,-8,-9,-7,-9,-7,-10,-7,-11,-6,-11,-6,-11,-6,-12,-6,-11,-5,-12,-5,-11,-5,-11,-5,-11,-6,-11,-6,-11,-6,-11,-7,-11,-7,-11,-8,-11,-8,-11,-8,-11,-9,-10,-9,-11,-9,-11,-9,-11]"
2025-08-18 22:40:18.023361,CSI_DATA,254,1a:00:00:00:00:00,-42,11,0,0,0,0,0,0,0,0,0,-94,0,1,0,44108182,0,31,0,128,0,"[0,0,-11,-11,-10,-11,-10,-10,-10,-10,-10,-10,-10,-9,-10,-9,-11,-8,-11,-7,-11,-7,-11,-6,-12,-6,-12,-6,-13,-5,-13,-5,-13,-5,-13,-5,-14,-6,-14,-6,-14,-6,-14,-7,-13,-7,-13,-8,-12,-8,-12,-8,-11,-9,0,0,0,0,0,0,0,0,0,0,0,0,0,0,0,0,0,0,0,0,0,0,-8,-7,-8,-8,-8,-9,-8,-10,-7,-11,-7,-10,-7,-11,-6,-12,-6,-12,-6,-12,-6,-12,-5,-12,-6,-11,-6,-11,-6,-11,-6,-11,-7,-11,-7,-11,-8,-11,-8,-11,-9,-10,-9,-11,-10,-10,-10,-10,-10,-11,-10,-11]"
2025-08-18 22:40:18.215835,CSI_DATA,255,1a:00:00:00:00:00,-43,11,0,0,0,0,0,0,0,0,0,-94,0,1,0,44309389,0,31,0,128,0,"[0,0,-7,13,-7,12,-7,12,-6,12,-6,12,-5,12,-5,12,-4,12,-4,12,-3,12,-2,12,-1,12,-1,13,-1,13,-1,13,0,13,0,14,0,14,-1,14,-1,14,-2,14,-2,14,-3,14,-4,14,-4,13,-5,13,0,0,0,0,0,0,0,0,0,0,0,0,0,0,0,0,0,0,0,0,0,0,-4,9,-5,10,-6,10,-7,9,-7,9,-8,10,-9,9,-9,9,-9,9,-10,8,-10,8,-9,8,-9,8,-9,8,-9,8,-9,9,-8,9,-8,10,-8,10,-7,11,-7,11,-7,11,-7,12,-7,13,-7,13,-7,12]"
2025-08-18 22:40:18.420563,CSI_DATA,256,1a:00:00:00:00:00,-42,11,0,0,0,0,0,0,0,0,0,-94,0,1,0,44510558,0,31,0,128,0,"[0,0,2,-14,2,-14,2,-14,1,-14,1,-14,1,-13,1,-13,0,-13,-1,-13,-2,-13,-2,-13,-3,-12,-3,-12,-3,-13,-4,-13,-4,-13,-4,-14,-4,-14,-3,-14,-3,-14,-2,-14,-2,-15,-1,-14,-1,-14,0,-14,1,-13,0,0,0,0,0,0,0,0,0,0,0,0,0,0,0,0,0,0,0,0,0,0,0,-11,0,-11,1,-11,2,-11,3,-12,3,-12,4,-12,4,-12,5,-11,5,-11,5,-11,5,-11,5,-11,5,-11,5,-11,4,-11,4,-11,3,-12,3,-12,3,-12,3,-13,2,-13,2,-14,2,-14,2,-14,2,-14]"
2025-08-18 22:40:18.619215,CSI_DATA,257,1a:00:00:00:00:00,-42,11,0,0,0,0,0,0,0,0,0,-94,0,1,0,44711693,0,31,0,128,0,"[0,0,-10,10,-10,10,-9,9,-9,10,-9,9,-8,10,-8,10,-7,10,-7,10,-6,10,-5,10,-5,11,-5,11,-4,11,-4,12,-4,12,-4,12,-4,12,-5,13,-5,13,-6,12,-6,12,-7,12,-7,12,-8,11,-8,10,0,0,0,0,0,0,0,0,0,0,0,0,0,0,0,0,0,0,0,0,0,0,-6,8,-7,8,-8,7,-9,7,-9,7,-10,6,-11,6,-11,6,-11,6,-11,5,-11,5,-11,5,-11,5,-11,5,-10,5,-10,6,-10,6,-10,7,-10,7,-10,8,-10,8,-10,8,-10,9,-10,10,-10,10,-10,10]"
2025-08-18 22:40:18.682174,CSI_DATA,258,1a:00:00:00:00:00,-42,11,0,0,0,0,0,0,0,0,0,-94,0,1,0,44772467,0,42,0,128,0,"[0,0,4,-13,4,-13,4,-13,4,-13,4,-13,3,-12,3,-12,2,-12,1,-12,1,-12,1,-12,0,-12,0,-12,-1,-12,-2,-13,-2,-13,-2,-14,-1,-14,-2,-14,-1,-14,-1,-14,0,-14,1,-14,2,-14,2,-13,3,-13,0,0,0,0,0,0,0,0,0,0,0,0,0,0,0,0,0,0,0,0,0,0,3,-10,3,-10,4,-10,5,-10,6,-10,6,-10,7,-10,7,-10,7,-9,8,-9,8,-9,8,-8,8,-9,7,-9,7,-9,6,-9,6,-10,6,-10,6,-11,5,-11,5,-11,5,-12,5,-12,5,-12,5,-12,5,-13]"
2025-08-18 22:40:18.747012,CSI_DATA,259,1a:00:00:00:00:00,-43,11,0,0,0,0,0,0,0,0,0,-94,0,1,0,44840306,0,31,0,128,0,"[0,0,-8,11,-8,11,-8,11,-8,11,-7,11,-7,11,-6,11,-6,11,-5,11,-5,11,-4,11,-3,11,-3,12,-3,12,-2,13,-2,12,-2,13,-3,13,-3,14,-3,14,-4,13,-4,13,-5,13,-6,13,-6,12,-7,11,0,0,0,0,0,0,0,0,0,0,0,0,0,0,0,0,0,0,0,0,0,0,-6,8,-6,8,-7,8,-8,8,-9,8,-9,8,-10,8,-10,7,-10,7,-11,7,-11,7,-11,6,-10,6,-10,7,-10,7,-10,7,-9,8,-9,8,-9,8,-9,9,-9,9,-9,10,-9,11,-9,11,-9,11,-8,11]"
2025-08-18 22:40:18.952548,CSI_DATA,260,1a:00:00:00:00:00,-43,11,0,0,0,0,0,0,0,0,0,-94,0,1,0,45041334,0,31,0,128,0,"[0,0,-15,-3,-15,-3,-14,-2,-14,-2,-14,-2,-14,-2,-13,-1,-13,-1,-13,0,-13,1,-13,1,-12,2,-13,2,-13,2,-13,3,-13,3,-14,3,-14,3,-15,2,-15,2,-15,2,-15,1,-15,0,-15,0,-14,-1,-14,-2,0,0,0,0,0,0,0,0,0,0,0,0,0,0,0,0,0,0,0,0,0,0,-11,0,-11,-1,-12,-2,-12,-3,-12,-3,-12,-4,-12,-5,-12,-5,-12,-6,-12,-6,-12,-6,-11,-6,-11,-6,-11,-5,-11,-5,-11,-5,-12,-5,-12,-4,-12,-4,-13,-4,-13,-3,-13,-3,-14,-3,-14,-3,-14,-3,-14,-3]"
2025-08-18 22:40:19.149608,CSI_DATA,261,1a:00:00:00:00:00,-42,11,0,0,0,0,0,0,0,0,0,-94,0,1,0,45242022,0,31,0,128,0,"[0,0,-14,4,-14,4,-13,4,-13,4,-12,4,-12,4,-12,5,-11,5,-11,5,-11,6,-10,6,-10,7,-10,8,-10,8,-10,8,-10,8,-10,9,-11,9,-11,8,-11,8,-12,8,-12,7,-12,7,-12,6,-12,5,-13,5,0,0,0,0,0,0,0,0,0,0,0,0,0,0,0,0,0,0,0,0,0,0,-9,4,-10,4,-11,3,-11,2,-12,2,-12,2,-13,1,-13,0,-13,0,-13,0,-13,0,-12,0,-12,0,-12,0,-12,0,-12,0,-12,1,-12,2,-12,2,-13,2,-13,3,-13,3,-13,4,-14,4,-14,4,-13,4]"
2025-08-18 22:40:19.351167,CSI_DATA,262,1a:00:00:00:00:00,-43,11,0,0,0,0,0,0,0,0,0,-94,0,1,0,45443249,0,31,0,128,0,"[0,0,-14,5,-13,5,-14,5,-13,5,-13,6,-12,5,-12,6,-11,6,-11,6,-10,7,-10,7,-9,8,-9,8,-9,9,-9,9,-10,10,-9,10,-10,10,-11,10,-11,9,-11,9,-11,9,-12,8,-12,8,-12,7,-12,6,0,0,0,0,0,0,0,0,0,0,0,0,0,0,0,0,0,0,0,0,0,0,-9,5,-10,5,-11,4,-12,3,-12,3,-13,2,-13,2,-13,1,-13,1,-13,1,-13,0,-12,0,-12,1,-12,1,-12,1,-12,1,-13,2,-12,2,-13,3,-13,3,-13,4,-13,4,-13,5,-13,5,-13,5,-13,5]"
2025-08-18 22:40:19.556943,CSI_DATA,263,1a:00:00:00:00:00,-43,11,0,0,0,0,0,0,0,0,0,-94,0,1,0,45644364,0,31,0,128,0,"[0,0,-13,8,-12,7,-12,7,-12,7,-11,8,-11,8,-10,8,-10,8,-9,8,-9,9,-9,9,-8,9,-8,10,-8,10,-7,10,-8,11,-8,11,-8,11,-8,12,-9,11,-9,11,-10,10,-10,10,-11,9,-11,8,-11,8,0,0,0,0,0,0,0,0,0,0,0,0,0,0,0,0,0,0,0,0,0,0,-8,6,-9,6,-10,6,-10,5,-11,5,-12,5,-12,4,-12,4,-12,3,-12,3,-12,3,-12,2,-12,3,-12,3,-12,3,-12,4,-12,4,-11,5,-12,5,-12,6,-12,6,-12,6,-12,7,-12,7,-12,7,-12,7]"
2025-08-18 22:40:19.762645,CSI_DATA,264,1a:00:00:00:00:00,-43,11,0,0,0,0,0,0,0,0,0,-94,0,1,0,45845513,0,31,0,128,0,"[0,0,5,-13,4,-14,4,-13,4,-13,3,-13,3,-13,3,-13,2,-13,1,-13,1,-13,0,-13,0,-13,-1,-13,-1,-13,-2,-13,-2,-14,-2,-14,-2,-14,-2,-15,-1,-15,0,-15,0,-15,1,-15,2,-15,2,-14,3,-14,0,0,0,0,0,0,0,0,0,0,0,0,0,0,0,0,0,0,0,0,0,0,2,-11,3,-11,4,-11,5,-11,5,-11,6,-11,7,-11,7,-11,7,-10,8,-10,8,-10,8,-10,7,-10,7,-10,7,-10,6,-10,6,-10,6,-11,5,-11,5,-12,5,-12,5,-13,5,-13,5,-13,5,-13,5,-13]"
2025-08-18 22:40:19.954428,CSI_DATA,265,1a:00:00:00:00:00,-43,11,0,0,0,0,0,0,0,0,0,-94,0,1,0,46046852,0,31,0,128,0,"[0,0,-12,8,-12,8,-12,8,-11,8,-11,8,-11,8,-10,8,-9,8,-9,8,-8,9,-8,9,-7,9,-7,10,-7,10,-7,11,-7,11,-7,12,-7,12,-8,12,-8,12,-9,11,-9,11,-9,10,-10,10,-10,9,-11,9,0,0,0,0,0,0,0,0,0,0,0,0,0,0,0,0,0,0,0,0,0,0,-8,7,-9,6,-10,6,-10,5,-11,5,-11,5,-12,4,-12,4,-12,3,-12,3,-12,3,-12,3,-12,3,-12,3,-12,4,-12,4,-11,4,-11,5,-11,5,-11,6,-11,6,-12,6,-12,7,-12,8,-12,8,-12,8]"
2025-08-18 22:40:20.155403,CSI_DATA,266,1a:00:00:00:00:00,-43,11,0,0,0,0,0,0,0,0,0,-94,0,1,0,46248024,0,31,0,128,0,"[0,0,-12,8,-12,7,-12,7,-12,8,-11,8,-11,8,-10,8,-9,8,-9,8,-8,9,-8,9,-8,9,-8,10,-7,10,-7,11,-7,11,-8,11,-8,11,-8,12,-9,11,-9,11,-9,11,-10,10,-11,9,-11,9,-11,8,0,0,0,0,0,0,0,0,0,0,0,0,0,0,0,0,0,0,0,0,0,0,-8,7,-9,7,-9,6,-10,6,-11,6,-11,5,-12,5,-12,4,-12,4,-12,3,-12,3,-12,3,-12,3,-12,3,-12,4,-11,4,-11,5,-11,5,-11,5,-11,6,-11,6,-12,7,-12,7,-12,7,-12,7,-12,8]"
2025-08-18 22:40:20.219262,CSI_DATA,267,1a:00:00:00:00:00,-43,11,0,0,0,0,0,0,0,0,0,-94,0,1,0,46308797,0,42,0,128,0,"[0,0,1,-15,1,-14,1,-14,0,-14,0,-14,0,-13,-1,-13,-1,-13,-2,-13,-2,-12,-3,-12,-4,-12,-4,-13,-5,-13,-5,-12,-5,-13,-6,-13,-6,-14,-5,-14,-5,-14,-5,-14,-4,-14,-3,-14,-3,-14,-2,-14,-1,-14,0,0,0,0,0,0,0,0,0,0,0,0,0,0,0,0,0,0,0,0,0,0,0,-11,1,-12,2,-11,3,-12,3,-12,4,-12,5,-12,5,-12,5,-12,6,-11,5,-11,6,-11,5,-11,5,-11,5,-11,4,-11,4,-12,3,-12,3,-12,3,-13,2,-13,2,-14,2,-14,2,-14,2,-14,2,-14]"
2025-08-18 22:40:20.283950,CSI_DATA,268,1a:00:00:00:00:00,-42,11,0,0,0,0,0,0,0,0,0,-94,0,1,0,46375707,0,31,0,128,0,"[0,0,-12,8,-12,8,-12,8,-11,8,-11,8,-11,8,-10,8,-9,9,-9,9,-8,9,-8,10,-8,10,-7,10,-7,11,-7,11,-7,11,-7,12,-8,12,-8,12,-8,12,-9,12,-9,11,-10,11,-10,10,-10,9,-11,9,0,0,0,0,0,0,0,0,0,0,0,0,0,0,0,0,0,0,0,0,0,0,-8,6,-9,6,-10,5,-11,5,-11,5,-12,4,-12,4,-12,4,-13,3,-13,3,-13,3,-13,3,-13,3,-12,3,-12,3,-12,4,-12,4,-11,5,-12,5,-12,6,-12,6,-12,6,-12,7,-12,7,-12,8,-12,8]"
2025-08-18 22:40:20.486522,CSI_DATA,269,1a:00:00:00:00:00,-43,11,0,0,0,0,0,0,0,0,0,-94,0,1,0,46576791,0,31,0,128,0,"[0,0,-15,1,-14,1,-14,1,-14,2,-14,2,-13,2,-13,2,-12,3,-12,3,-12,4,-12,4,-11,5,-11,5,-12,6,-11,6,-12,7,-12,7,-13,7,-13,7,-13,6,-13,6,-14,5,-13,5,-14,4,-14,3,-14,2,0,0,0,0,0,0,0,0,0,0,0,0,0,0,0,0,0,0,0,0,0,0,-11,2,-11,1,-12,0,-12,0,-12,-1,-13,-1,-13,-2,-13,-3,-13,-3,-12,-4,-12,-4,-12,-4,-12,-4,-12,-3,-12,-3,-12,-2,-12,-2,-13,-1,-13,-1,-13,-1,-13,0,-14,0,-14,0,-14,0,-14,0,-14,1]"
2025-08-18 22:40:20.686719,CSI_DATA,270,1a:00:00:00:00:00,-43,11,0,0,0,0,0,0,0,0,0,-94,0,1,0,46777962,0,31,0,128,0,"[0,0,13,-4,13,-4,13,-4,13,-4,12,-5,12,-5,11,-5,11,-6,10,-6,10,-7,10,-7,10,-7,10,-8,9,-8,9,-9,10,-9,10,-9,11,-9,11,-9,11,-9,11,-8,12,-8,12,-7,12,-6,12,-6,12,-5,0,0,0,0,0,0,0,0,0,0,0,0,0,0,0,0,0,0,0,0,0,0,9,-4,10,-4,10,-3,11,-3,11,-2,12,-2,12,-1,12,-1,12,0,12,1,12,1,12,1,12,0,11,0,11,0,11,-1,11,-1,11,-2,12,-2,12,-3,12,-2,12,-3,13,-3,13,-4,13,-3,13,-4]"
2025-08-18 22:40:21.086278,CSI_DATA,271,1a:00:00:00:00:00,-42,11,0,0,0,0,0,0,0,0,0,-94,0,1,0,46979078,0,31,0,128,0,"[0,0,6,-13,6,-13,6,-13,6,-13,5,-13,5,-13,4,-13,3,-13,3,-13,2,-13,2,-13,1,-13,1,-13,1,-14,0,-14,0,-14,0,-15,0,-15,1,-15,1,-15,2,-15,2,-15,3,-15,4,-14,5,-14,5,-13,0,0,0,0,0,0,0,0,0,0,0,0,0,0,0,0,0,0,0,0,0,0,3,-11,4,-11,5,-11,5,-11,6,-11,7,-11,7,-11,8,-10,8,-10,9,-10,9,-9,9,-9,9,-9,8,-9,8,-9,7,-10,7,-10,7,-11,7,-11,6,-12,6,-12,6,-12,6,-13,6,-13,7,-13,6,-13]"
2025-08-18 22:40:21.092527,CSI_DATA,272,1a:00:00:00:00:00,-43,11,0,0,0,0,0,0,0,0,0,-94,0,1,0,47180451,0,31,0,128,0,"[0,0,-1,14,-1,13,-1,14,-1,13,-1,13,-1,13,0,12,1,12,1,12,2,11,2,11,3,11,3,11,4,12,4,11,4,12,4,12,4,13,4,13,3,13,3,13,2,14,2,13,1,13,0,13,0,13,0,0,0,0,0,0,0,0,0,0,0,0,0,0,0,0,0,0,0,0,0,0,1,10,0,10,-1,11,-2,11,-2,11,-3,12,-4,12,-4,12,-4,11,-5,11,-5,11,-5,11,-4,11,-4,11,-4,11,-4,11,-3,11,-3,11,-3,12,-3,12,-2,12,-2,13,-1,13,-1,14,-1,13,-1,14]"
2025-08-18 22:40:21.297448,CSI_DATA,273,1a:00:00:00:00:00,-43,11,0,0,0,0,0,0,0,0,0,-94,0,1,0,47381632,0,31,0,128,0,"[0,0,10,-9,10,-10,10,-10,9,-10,9,-10,9,-10,8,-10,8,-10,7,-10,6,-11,6,-11,5,-11,5,-12,5,-12,5,-12,5,-13,5,-13,5,-13,6,-13,6,-13,7,-13,7,-12,7,-12,8,-12,8,-11,9,-10,0,0,0,0,0,0,0,0,0,0,0,0,0,0,0,0,0,0,0,0,0,0,6,-8,7,-8,8,-8,9,-8,9,-7,10,-7,10,-6,11,-6,11,-6,11,-5,11,-5,11,-5,11,-5,10,-5,10,-6,10,-6,10,-6,9,-7,10,-7,10,-8,10,-8,10,-8,10,-9,10,-10,10,-9,10,-10]"
2025-08-18 22:40:21.487074,CSI_DATA,274,1a:00:00:00:00:00,-43,11,0,0,0,0,0,0,0,0,0,-94,0,1,0,47582717,0,31,0,128,0,"[0,0,14,0,13,0,13,0,13,-1,13,-1,12,-1,12,-1,12,-2,12,-2,11,-3,11,-4,11,-4,11,-5,11,-5,11,-5,12,-6,12,-6,13,-6,13,-6,13,-5,13,-5,13,-4,13,-4,13,-3,13,-2,13,-1,0,0,0,0,0,0,0,0,0,0,0,0,0,0,0,0,0,0,0,0,0,0,10,-2,10,-1,11,0,11,1,11,1,12,2,11,3,12,3,11,4,11,4,11,4,11,4,11,4,11,3,11,3,10,3,11,2,11,2,12,1,12,2,12,1,13,1,13,0,13,0,13,0,14,0]"
2025-08-18 22:40:21.684398,CSI_DATA,275,1a:00:00:00:00:00,-42,11,0,0,0,0,0,0,0,0,0,-94,0,1,0,47783868,0,31,0,128,0,"[0,0,10,9,10,8,10,8,10,7,10,7,10,7,10,6,10,6,10,5,10,4,10,4,11,3,11,3,11,3,11,3,12,3,12,3,13,3,13,4,13,4,12,4,12,5,12,5,11,6,11,6,10,7,0,0,0,0,0,0,0,0,0,0,0,0,0,0,0,0,0,0,0,0,0,0,8,4,8,5,8,6,8,7,8,7,8,8,7,9,7,9,6,9,6,9,6,10,6,9,6,9,6,9,6,9,6,9,7,9,7,8,8,8,8,8,8,8,9,8,9,8,10,8,10,8,10,8]"
2025-08-18 22:40:21.751294,CSI_DATA,276,1a:00:00:00:00:00,-43,11,0,0,0,0,0,0,0,0,0,-94,0,1,0,47844652,0,42,0,128,0,"[0,0,-4,13,-4,13,-4,13,-3,13,-3,12,-3,12,-2,12,-1,12,-1,12,0,12,0,11,1,12,1,12,2,12,2,12,2,13,2,13,2,13,2,14,1,14,1,14,0,14,0,14,-1,14,-1,13,-2,13,0,0,0,0,0,0,0,0,0,0,0,0,0,0,0,0,0,0,0,0,0,0,-2,10,-3,10,-4,10,-4,10,-5,11,-6,11,-6,11,-7,10,-7,10,-7,10,-7,10,-7,10,-7,9,-7,10,-7,10,-6,10,-6,10,-5,10,-5,11,-5,11,-5,11,-5,12,-4,13,-4,13,-4,13,-4,13]"
2025-08-18 22:40:21.817954,CSI_DATA,277,1a:00:00:00:00:00,-43,11,0,0,0,0,0,0,0,0,0,-94,0,1,0,47912408,0,31,0,128,0,"[0,0,-4,13,-3,13,-3,12,-3,13,-3,12,-3,12,-2,12,-2,12,-1,12,0,12,1,12,1,12,1,12,2,12,3,13,3,12,2,14,2,13,2,14,2,14,1,14,1,14,0,14,-1,14,-1,14,-3,13,0,0,0,0,0,0,0,0,0,0,0,0,0,0,0,0,0,0,0,0,0,0,-2,10,-3,10,-4,11,-4,10,-5,11,-5,10,-6,11,-7,10,-7,11,-8,10,-8,10,-8,10,-7,10,-7,9,-6,9,-6,10,-6,10,-5,11,-5,10,-5,11,-5,12,-5,12,-4,13,-4,13,-4,13,-4,13]"
2025-08-18 22:40:22.019808,CSI_DATA,278,1a:00:00:00:00:00,-43,11,0,0,0,0,0,0,0,0,0,-94,0,1,0,48113188,0,31,0,128,0,"[0,0,9,-11,9,-11,8,-11,8,-11,8,-11,7,-11,6,-11,6,-11,5,-11,5,-11,4,-12,4,-12,4,-12,3,-12,3,-13,3,-13,3,-14,3,-14,4,-14,4,-14,4,-14,5,-14,6,-13,6,-13,7,-12,7,-11,0,0,0,0,0,0,0,0,0,0,0,0,0,0,0,0,0,0,0,0,0,0,6,-9,6,-9,7,-8,8,-8,9,-8,9,-8,10,-7,10,-7,10,-7,10,-6,10,-6,10,-6,10,-6,10,-6,9,-7,9,-7,9,-7,9,-8,9,-8,9,-9,9,-9,9,-10,9,-10,9,-11,9,-10,9,-11]"
2025-08-18 22:40:22.223034,CSI_DATA,279,1a:00:00:00:00:00,-43,11,0,0,0,0,0,0,0,0,0,-94,0,1,0,48314574,0,31,0,128,0,"[0,0,-14,4,-13,3,-13,4,-13,4,-12,4,-12,4,-11,5,-11,5,-10,5,-10,6,-10,6,-10,6,-10,7,-10,7,-9,8,-10,8,-10,9,-10,9,-11,9,-11,9,-11,8,-12,8,-12,7,-12,6,-12,5,-13,5,0,0,0,0,0,0,0,0,0,0,0,0,0,0,0,0,0,0,0,0,0,0,-9,4,-10,3,-11,3,-11,2,-12,2,-12,1,-13,1,-13,0,-13,0,-12,-1,-12,-1,-12,-1,-12,-1,-12,-1,-12,0,-12,0,-12,1,-12,1,-12,1,-12,2,-12,2,-13,3,-13,3,-13,3,-14,3,-13,3]"
2025-08-18 22:40:22.418895,CSI_DATA,280,1a:00:00:00:00:00,-43,11,0,0,0,0,0,0,0,0,0,-94,0,1,0,48515630,0,31,0,128,0,"[0,0,13,4,13,3,13,3,13,3,13,3,12,2,12,2,12,1,12,1,12,0,12,-1,12,-2,12,-2,12,-2,12,-2,13,-3,13,-3,14,-3,14,-2,14,-2,14,-1,14,-1,14,0,13,0,13,1,13,2,0,0,0,0,0,0,0,0,0,0,0,0,0,0,0,0,0,0,0,0,0,0,10,1,10,2,10,3,10,4,10,4,11,5,10,6,10,6,10,6,9,7,9,7,9,7,9,6,9,6,9,6,9,6,10,5,10,5,11,5,11,5,11,4,12,4,12,4,13,4,13,4,13,4]"
2025-08-18 22:40:22.836672,CSI_DATA,281,1a:00:00:00:00:00,-43,11,0,0,0,0,0,0,0,0,0,-94,0,1,0,48716803,0,31,0,128,0,"[0,0,12,-8,11,-8,11,-8,11,-8,11,-8,10,-8,10,-8,9,-9,8,-9,8,-9,8,-10,7,-10,7,-11,7,-11,7,-11,7,-12,7,-12,8,-12,8,-12,8,-12,9,-11,9,-11,9,-10,10,-10,10,-9,11,-9,0,0,0,0,0,0,0,0,0,0,0,0,0,0,0,0,0,0,0,0,0,0,7,-7,8,-7,9,-6,10,-6,10,-5,11,-5,11,-4,11,-4,12,-4,11,-3,11,-3,11,-3,11,-3,11,-3,11,-4,10,-4,11,-5,10,-5,11,-6,11,-6,11,-6,11,-7,11,-7,11,-8,11,-7,12,-8]"
2025-08-18 22:40:22.842879,CSI_DATA,282,1a:00:00:00:00:00,-42,11,0,0,0,0,0,0,0,0,0,-94,0,1,0,48917935,0,31,0,128,0,"[0,0,-15,0,-15,0,-14,-1,-14,0,-14,0,-13,0,-13,1,-13,1,-12,2,-12,2,-12,3,-12,4,-12,4,-12,4,-12,5,-13,5,-13,5,-13,5,-14,5,-14,4,-14,4,-14,3,-14,3,-14,2,-14,2,-14,1,0,0,0,0,0,0,0,0,0,0,0,0,0,0,0,0,0,0,0,0,0,0,-11,1,-11,0,-12,0,-12,-1,-12,-2,-12,-2,-13,-3,-13,-4,-13,-4,-13,-4,-12,-4,-12,-4,-12,-4,-12,-4,-12,-4,-12,-3,-12,-3,-13,-2,-13,-2,-13,-2,-13,-2,-14,-1,-14,-1,-15,0,-14,0,-15,0]"
2025-08-18 22:40:23.020442,CSI_DATA,283,1a:00:00:00:00:00,-43,11,0,0,0,0,0,0,0,0,0,-94,0,1,0,49119087,0,31,0,128,0,"[0,0,12,6,12,6,11,5,12,5,11,4,11,4,11,4,11,3,11,3,12,2,12,1,12,1,12,1,12,0,13,0,12,0,14,0,13,0,14,1,14,1,14,1,13,2,14,3,13,3,13,4,12,4,0,0,0,0,0,0,0,0,0,0,0,0,0,0,0,0,0,0,0,0,0,0,10,2,9,3,10,4,9,5,10,6,9,6,9,7,9,7,9,8,9,9,8,8,8,8,8,8,8,7,8,7,9,7,9,6,10,6,10,6,10,6,10,6,11,6,12,6,12,5,12,6,12,5]"
2025-08-18 22:40:23.228458,CSI_DATA,284,1a:00:00:00:00:00,-43,11,0,0,0,0,0,0,0,0,0,-94,0,1,0,49320325,0,31,0,128,0,"[0,0,4,-14,4,-14,4,-14,3,-14,3,-13,3,-13,2,-13,2,-13,1,-12,0,-13,0,-13,-1,-13,-1,-13,-2,-13,-2,-13,-2,-13,-2,-14,-2,-14,-2,-15,-1,-15,-1,-15,0,-15,0,-15,1,-14,1,-14,2,-14,0,0,0,0,0,0,0,0,0,0,0,0,0,0,0,0,0,0,0,0,0,0,2,-11,2,-11,3,-11,4,-11,4,-11,5,-11,6,-11,6,-11,7,-11,7,-10,7,-11,7,-10,7,-10,6,-10,6,-10,6,-10,5,-11,5,-11,5,-11,5,-12,4,-12,5,-13,4,-13,4,-14,4,-14,4,-14]"
2025-08-18 22:40:23.293285,CSI_DATA,285,1a:00:00:00:00:00,-42,11,0,0,0,0,0,0,0,0,0,-94,0,1,0,49381092,0,42,0,128,0,"[0,0,-14,-4,-14,-4,-13,-4,-14,-3,-14,-3,-13,-3,-13,-2,-13,-2,-13,-1,-13,0,-13,0,-13,0,-13,1,-13,1,-14,2,-13,2,-14,2,-14,2,-15,2,-15,1,-15,1,-15,0,-15,-1,-14,-2,-14,-2,-13,-3,0,0,0,0,0,0,0,0,0,0,0,0,0,0,0,0,0,0,0,0,0,0,-11,-2,-11,-2,-11,-3,-11,-4,-12,-4,-11,-5,-12,-6,-12,-6,-12,-7,-11,-8,-11,-7,-11,-7,-11,-7,-10,-7,-10,-6,-11,-6,-11,-6,-12,-5,-12,-5,-12,-5,-13,-4,-13,-4,-14,-4,-14,-4,-14,-4,-14,-4]"
2025-08-18 22:40:23.355035,CSI_DATA,286,1a:00:00:00:00:00,-43,11,0,0,0,0,0,0,0,0,0,-94,0,1,0,49448088,0,31,0,128,0,"[0,0,9,-10,9,-10,9,-11,8,-11,8,-11,8,-11,7,-11,7,-11,6,-11,5,-11,5,-12,4,-12,4,-12,4,-12,4,-13,4,-13,4,-13,4,-13,4,-14,5,-14,5,-13,6,-13,7,-13,7,-12,7,-12,8,-11,0,0,0,0,0,0,0,0,0,0,0,0,0,0,0,0,0,0,0,0,0,0,5,-9,5,-8,7,-9,8,-8,8,-8,9,-8,10,-8,10,-7,10,-7,10,-6,10,-6,10,-6,10,-6,10,-6,10,-7,9,-7,9,-7,9,-8,9,-8,9,-9,9,-9,9,-9,9,-10,9,-10,9,-11,9,-11]"
2025-08-18 22:40:23.558969,CSI_DATA,287,1a:00:00:00:00:00,-43,11,0,0,0,0,0,0,0,0,0,-94,0,1,0,49648872,0,31,0,128,0,"[0,0,-15,1,-14,0,-14,1,-14,1,-14,1,-13,2,-13,2,-12,2,-12,3,-12,4,-12,4,-11,5,-11,5,-12,5,-12,6,-12,6,-12,6,-13,6,-13,6,-13,6,-14,5,-14,5,-14,4,-14,4,-14,3,-14,2,0,0,0,0,0,0,0,0,0,0,0,0,0,0,0,0,0,0,0,0,0,0,-11,1,-11,1,-12,0,-12,-1,-12,-1,-12,-2,-13,-3,-13,-3,-12,-4,-12,-4,-12,-4,-12,-4,-12,-4,-12,-3,-12,-3,-12,-3,-12,-2,-13,-2,-13,-1,-13,-1,-13,-1,-14,-1,-14,0,-14,1,-14,0,-14,1]"
2025-08-18 22:40:23.757496,CSI_DATA,288,1a:00:00:00:00:00,-43,11,0,0,0,0,0,0,0,0,0,-94,0,1,0,49850592,0,31,0,128,0,"[0,0,11,-8,11,-8,10,-8,10,-8,10,-8,9,-8,9,-8,8,-8,8,-9,7,-9,7,-9,7,-10,7,-10,6,-11,6,-11,6,-11,7,-12,7,-12,7,-12,8,-12,8,-11,9,-11,9,-10,9,-10,10,-9,10,-8,0,0,0,0,0,0,0,0,0,0,0,0,0,0,0,0,0,0,0,0,0,0,7,-7,8,-7,9,-6,9,-6,10,-5,10,-5,11,-5,11,-4,11,-4,11,-3,11,-3,11,-3,11,-3,11,-3,11,-3,10,-4,10,-4,10,-5,11,-5,10,-6,10,-6,10,-7,11,-7,11,-7,11,-7,11,-7]"
2025-08-18 22:40:23.961913,CSI_DATA,289,1a:00:00:00:00:00,-42,11,0,0,0,0,0,0,0,0,0,-94,0,1,0,50051209,0,31,0,128,0,"[0,0,-15,-2,-14,-2,-14,-1,-14,-1,-14,-1,-13,-1,-13,0,-13,1,-13,1,-12,2,-12,2,-12,3,-12,3,-13,4,-12,4,-13,5,-13,4,-14,5,-14,4,-14,4,-14,3,-14,3,-14,2,-14,2,-14,1,-14,0,0,0,0,0,0,0,0,0,0,0,0,0,0,0,0,0,0,0,0,0,0,0,-11,0,-11,-1,-11,-2,-12,-2,-12,-3,-12,-4,-12,-4,-12,-5,-12,-5,-12,-5,-12,-5,-12,-6,-11,-5,-11,-5,-12,-5,-11,-4,-12,-4,-12,-3,-13,-4,-13,-3,-13,-3,-13,-2,-14,-2,-14,-2,-14,-2,-14,-1]"
2025-08-18 22:40:24.158698,CSI_DATA,290,1a:00:00:00:00:00,-43,11,0,0,0,0,0,0,0,0,0,-94,0,1,0,50252437,0,31,0,128,0,"[0,0,7,-12,7,-12,7,-12,7,-12,6,-12,6,-12,5,-12,5,-12,4,-12,3,-12,3,-12,2,-12,2,-13,2,-13,2,-13,1,-14,2,-14,2,-14,2,-15,3,-14,3,-14,4,-14,4,-14,5,-14,5,-13,6,-12,0,0,0,0,0,0,0,0,0,0,0,0,0,0,0,0,0,0,0,0,0,0,4,-10,5,-10,6,-10,7,-10,7,-9,8,-9,9,-9,9,-9,9,-8,9,-8,9,-8,9,-8,9,-8,9,-8,9,-8,9,-8,8,-9,8,-9,8,-10,8,-10,8,-11,8,-11,7,-11,7,-12,8,-12,8,-12]"
2025-08-18 22:40:24.359518,CSI_DATA,291,1a:00:00:00:00:00,-42,11,0,0,0,0,0,0,0,0,0,-94,0,1,0,50453677,0,31,0,128,0,"[0,0,-7,13,-7,12,-6,12,-6,12,-5,12,-5,12,-5,12,-4,11,-3,11,-2,11,-2,12,-1,12,-1,12,-1,12,0,12,0,13,-1,13,0,13,-1,14,-1,14,-2,14,-3,13,-3,13,-4,13,-4,13,-5,12,0,0,0,0,0,0,0,0,0,0,0,0,0,0,0,0,0,0,0,0,0,0,-4,9,-4,9,-5,10,-6,10,-7,10,-7,10,-8,10,-9,9,-9,9,-9,9,-9,8,-9,8,-9,8,-8,8,-8,8,-8,9,-8,9,-7,9,-7,10,-7,10,-7,11,-7,11,-6,12,-6,12,-7,12,-6,12]"
2025-08-18 22:40:24.556846,CSI_DATA,292,1a:00:00:00:00:00,-43,11,0,0,0,0,0,0,0,0,0,-94,0,1,0,50655027,0,31,0,128,0,"[0,0,8,11,7,11,7,11,8,10,8,10,8,10,8,9,8,9,8,8,9,7,9,7,9,7,9,7,10,6,11,6,11,6,11,7,12,7,12,7,11,8,11,8,10,9,10,9,9,10,8,10,8,10,0,0,0,0,0,0,0,0,0,0,0,0,0,0,0,0,0,0,0,0,0,0,7,7,6,8,6,8,6,9,5,10,5,10,5,11,4,11,4,11,3,11,3,11,3,11,3,11,3,11,3,11,4,10,4,10,5,10,5,10,6,11,6,11,7,11,7,11,7,11,7,11,8,11]"
2025-08-18 22:40:24.768193,CSI_DATA,293,1a:00:00:00:00:00,-42,11,0,0,0,0,0,0,0,0,0,-94,0,1,0,50856065,0,31,0,128,0,"[0,0,-13,-7,-13,-7,-13,-7,-13,-6,-13,-6,-12,-6,-12,-5,-12,-4,-13,-4,-13,-3,-13,-3,-12,-2,-13,-2,-13,-1,-13,-1,-14,-1,-14,-1,-15,-1,-15,-1,-15,-1,-15,-2,-15,-3,-14,-4,-14,-4,-13,-5,-13,-6,0,0,0,0,0,0,0,0,0,0,0,0,0,0,0,0,0,0,0,0,0,0,-10,-4,-10,-5,-10,-6,-10,-7,-10,-7,-10,-8,-10,-9,-10,-9,-10,-9,-9,-9,-9,-9,-9,-9,-8,-9,-9,-9,-9,-9,-9,-8,-10,-8,-10,-7,-11,-8,-11,-7,-12,-7,-12,-7,-12,-7,-12,-7,-13,-7,-13,-7]"
2025-08-18 22:40:24.823848,CSI_DATA,294,1a:00:00:00:00:00,-43,11,0,0,0,0,0,0,0,0,0,-94,0,1,0,50916909,0,42,0,128,0,"[0,0,-8,11,-8,12,-8,11,-8,12,-7,11,-7,11,-7,11,-6,11,-5,11,-4,11,-4,12,-3,12,-3,12,-3,12,-3,13,-2,13,-3,14,-3,13,-4,14,-4,14,-5,13,-5,13,-5,13,-6,13,-6,12,-7,12,0,0,0,0,0,0,0,0,0,0,0,0,0,0,0,0,0,0,0,0,0,0,-5,9,-5,9,-7,10,-7,9,-8,9,-9,9,-10,9,-10,8,-10,8,-10,8,-10,8,-10,7,-10,8,-9,8,-9,8,-9,8,-9,8,-8,9,-9,9,-9,10,-9,10,-9,10,-8,11,-8,12,-8,12,-8,12]"
2025-08-18 22:40:25.325618,CSI_DATA,295,1a:00:00:00:00:00,-43,11,0,0,0,0,0,0,0,0,0,-94,0,1,0,51417547,0,42,0,128,0,"[0,0,13,-8,12,-7,12,-8,12,-8,12,-8,11,-8,11,-8,10,-8,10,-9,9,-9,9,-10,8,-10,8,-10,8,-11,8,-11,8,-12,8,-12,9,-12,9,-12,10,-12,10,-11,11,-11,11,-10,11,-10,11,-9,12,-8,0,0,0,0,0,0,0,0,0,0,0,0,0,0,0,0,0,0,0,0,0,0,8,-7,9,-7,10,-6,11,-6,11,-5,12,-5,12,-4,12,-4,12,-3,12,-3,12,-3,12,-3,12,-3,12,-3,12,-4,11,-4,11,-4,11,-5,12,-5,12,-6,12,-6,12,-6,12,-7,12,-7,12,-8,13,-8]"
2025-08-18 22:40:25.406230,CSI_DATA,296,1a:00:00:00:00:00,-42,11,0,0,0,0,0,0,0,0,0,-94,0,1,0,51499232,0,31,0,128,0,"[0,0,12,-5,12,-5,11,-5,12,-2,12,-6,11,-5,11,-6,11,-6,11,-5,9,-6,10,-7,8,-9,10,-8,9,-8,8,-9,9,-9,9,-10,9,-9,10,-9,11,-9,11,-8,10,-8,10,-8,10,-6,12,-6,11,-5,0,0,0,0,0,0,0,0,0,0,0,0,0,0,0,0,0,0,0,0,0,0,9,-4,9,-4,10,-3,10,-3,10,-2,11,-2,11,-1,11,0,11,0,11,0,11,0,11,0,11,0,11,0,11,0,10,-1,11,-1,11,-2,11,-2,11,-2,11,-3,12,-3,12,-3,12,-4,12,-4,12,-4]"
2025-08-18 22:40:25.612577,CSI_DATA,297,1a:00:00:00:00:00,-43,11,0,0,0,0,0,0,0,0,0,-94,0,1,0,51700288,0,31,0,128,0,"[0,0,-4,-14,-4,-14,-4,-14,-5,-13,-5,-14,-5,-13,-5,-13,-6,-12,-6,-11,-7,-11,-8,-11,-8,-11,-8,-11,-9,-11,-9,-10,-9,-11,-9,-11,-10,-11,-10,-12,-10,-12,-9,-13,-8,-13,-8,-13,-7,-13,-7,-13,-6,-14,0,0,0,0,0,0,0,0,0,0,0,0,0,0,0,0,0,0,0,0,0,0,-4,-10,-4,-11,-3,-11,-2,-12,-2,-12,-1,-13,-1,-13,0,-13,0,-13,0,-13,1,-13,0,-13,0,-13,0,-13,0,-13,-1,-12,-1,-13,-2,-12,-2,-13,-2,-13,-3,-13,-3,-14,-4,-13,-4,-14,-4,-14,-4,-15]"
2025-08-18 22:40:25.808424,CSI_DATA,298,1a:00:00:00:00:00,-43,11,0,0,0,0,0,0,0,0,0,-94,0,1,0,51901378,0,31,0,128,0,"[0,0,-12,8,-11,8,-11,8,-11,8,-11,9,-10,8,-9,8,-9,9,-9,9,-8,9,-7,9,-7,10,-7,10,-6,11,-6,11,-6,12,-6,11,-7,12,-7,12,-8,12,-8,12,-9,11,-9,10,-10,10,-10,9,-10,9,0,0,0,0,0,0,0,0,0,0,0,0,0,0,0,0,0,0,0,0,0,0,-8,7,-9,7,-9,6,-10,6,-10,5,-12,5,-12,5,-12,4,-12,4,-12,3,-12,3,-12,3,-12,3,-11,4,-12,4,-11,4,-12,5,-11,5,-11,6,-11,6,-11,6,-11,7,-11,7,-11,8,-11,8,-11,8]"
2025-08-18 22:40:26.011157,CSI_DATA,299,1a:00:00:00:00:00,-43,11,0,0,0,0,0,0,0,0,0,-94,0,1,0,52102552,0,31,0,128,0,"[0,0,-11,10,-10,10,-10,10,-10,10,-9,10,-9,10,-8,10,-8,10,-7,10,-6,10,-6,11,-5,11,-5,12,-5,12,-5,12,-5,12,-5,12,-5,13,-6,13,-6,13,-7,13,-8,12,-8,12,-8,11,-8,11,-9,10,0,0,0,0,0,0,0,0,0,0,0,0,0,0,0,0,0,0,0,0,0,0,-6,8,-7,8,-8,8,-9,8,-9,7,-10,7,-11,7,-11,7,-11,6,-11,6,-11,6,-11,6,-11,6,-11,6,-11,6,-10,6,-11,7,-10,7,-10,7,-10,8,-10,8,-10,9,-10,9,-10,10,-10,10,-10,10]"
2025-08-18 22:40:26.431745,CSI_DATA,300,1a:00:00:00:00:00,-43,11,0,0,0,0,0,0,0,0,0,-94,0,1,0,52303816,0,31,0,128,0,"[0,0,9,10,9,10,9,9,9,9,9,8,9,8,9,8,9,7,10,7,10,6,10,5,10,5,11,4,11,5,12,4,12,4,12,5,12,5,13,5,13,6,12,7,12,7,11,7,11,8,10,8,10,9,0,0,0,0,0,0,0,0,0,0,0,0,0,0,0,0,0,0,0,0,0,0,8,6,8,6,7,7,7,8,7,9,7,9,6,10,6,10,5,11,5,11,5,11,5,10,5,10,5,10,5,10,5,10,6,9,7,9,7,9,7,9,8,10,8,9,9,10,9,10,9,10,10,9]"
2025-08-18 22:40:26.438973,CSI_DATA,301,1a:00:00:00:00:00,-43,11,0,0,0,0,0,0,0,0,0,-94,0,1,0,52504913,0,31,0,128,0,"[0,0,-6,-13,-6,-14,-6,-14,-6,-13,-6,-13,-6,-12,-7,-12,-7,-11,-7,-11,-8,-10,-8,-10,-9,-10,-9,-9,-10,-9,-10,-9,-10,-9,-10,-10,-11,-10,-11,-11,-10,-11,-10,-11,-9,-12,-9,-12,-9,-12,-8,-12,-7,-12,0,0,0,0,0,0,0,0,0,0,0,0,0,0,0,0,0,0,0,0,0,0,-5,-10,-5,-11,-4,-11,-4,-12,-3,-12,-3,-13,-2,-13,-2,-13,-1,-13,-1,-13,-1,-13,-1,-13,-1,-12,-1,-12,-2,-12,-2,-12,-3,-12,-3,-12,-3,-13,-4,-12,-4,-13,-4,-13,-5,-13,-6,-13,-6,-13,-6,-13]"
2025-08-18 22:40:26.617521,CSI_DATA,302,1a:00:00:00:00:00,-43,11,0,0,0,0,0,0,0,0,0,-94,0,1,0,52706090,0,31,0,128,0,"[0,0,-14,-5,-14,-5,-14,-5,-14,-4,-13,-4,-13,-3,-13,-3,-13,-2,-13,-2,-13,-1,-13,0,-13,0,-13,1,-13,1,-14,2,-14,2,-14,1,-14,2,-15,1,-15,1,-15,0,-15,0,-15,-1,-15,-1,-14,-2,-14,-3,0,0,0,0,0,0,0,0,0,0,0,0,0,0,0,0,0,0,0,0,0,0,-11,-3,-11,-4,-11,-4,-11,-5,-11,-6,-11,-6,-11,-7,-11,-8,-11,-8,-10,-8,-10,-8,-10,-8,-10,-8,-10,-8,-10,-7,-10,-7,-11,-6,-11,-6,-11,-6,-12,-6,-12,-6,-13,-5,-13,-5,-14,-5,-14,-5,-14,-5]"
2025-08-18 22:40:26.818976,CSI_DATA,303,1a:00:00:00:00:00,-43,11,0,0,0,0,0,0,0,0,0,-94,0,1,0,52907404,0,31,0,128,0,"[0,0,-3,-14,-4,-14,-3,-14,-4,-14,-4,-14,-4,-13,-4,-13,-5,-12,-5,-12,-6,-11,-6,-11,-7,-11,-7,-11,-8,-11,-8,-11,-9,-11,-9,-11,-9,-11,-9,-12,-8,-12,-8,-13,-7,-13,-7,-13,-6,-13,-5,-13,-5,-13,0,0,0,0,0,0,0,0,0,0,0,0,0,0,0,0,0,0,0,0,0,0,-4,-10,-3,-11,-2,-11,-2,-12,-1,-12,-1,-13,0,-13,1,-13,1,-13,1,-13,1,-13,1,-12,1,-12,1,-12,0,-12,0,-12,0,-12,-1,-12,-1,-13,-2,-13,-2,-13,-2,-14,-3,-14,-3,-14,-3,-14,-3,-14]"
2025-08-18 22:40:26.875516,CSI_DATA,304,1a:00:00:00:00:00,-43,11,0,0,0,0,0,0,0,0,0,-94,0,1,0,52968049,0,42,0,128,0,"[0,0,-2,14,-1,13,-1,13,-1,13,-1,13,-1,12,0,12,0,12,1,12,2,11,2,11,3,11,3,11,4,12,4,12,4,12,4,12,4,13,4,13,3,13,3,13,2,14,2,13,1,13,0,13,0,13,0,0,0,0,0,0,0,0,0,0,0,0,0,0,0,0,0,0,0,0,0,0,1,10,0,11,-1,10,-2,11,-2,11,-3,12,-4,12,-4,11,-5,12,-5,11,-5,11,-5,11,-5,11,-4,11,-4,11,-4,10,-4,11,-3,11,-3,12,-2,12,-2,12,-2,13,-1,13,-1,13,-1,14,-1,14]"
2025-08-18 22:40:26.941647,CSI_DATA,305,1a:00:00:00:00:00,-43,11,0,0,0,0,0,0,0,0,0,-94,0,1,0,53031709,0,31,0,128,0,"[0,0,0,-15,-1,-15,-1,-15,-1,-14,-1,-14,-1,-14,-2,-13,-2,-13,-3,-13,-3,-13,-4,-12,-5,-12,-5,-12,-6,-12,-6,-12,-6,-13,-6,-13,-6,-13,-6,-14,-6,-14,-5,-14,-4,-15,-4,-15,-3,-15,-3,-14,-2,-14,0,0,0,0,0,0,0,0,0,0,0,0,0,0,0,0,0,0,0,0,0,0,-2,-11,-1,-11,0,-12,1,-12,1,-12,2,-13,2,-13,3,-13,3,-13,4,-13,3,-12,4,-12,3,-12,3,-12,3,-12,3,-12,2,-12,2,-13,1,-13,1,-13,1,-14,0,-14,0,-14,0,-14,0,-15,0,-15]"
2025-08-18 22:40:27.145064,CSI_DATA,306,1a:00:00:00:00:00,-43,11,0,0,0,0,0,0,0,0,0,-94,0,1,0,53232567,0,31,0,128,0,"[0,0,-14,-7,-14,-7,-13,-6,-13,-6,-13,-6,-13,-5,-13,-5,-13,-4,-13,-3,-13,-3,-13,-2,-13,-2,-13,-1,-13,-1,-14,0,-14,0,-15,-1,-14,-1,-15,-1,-15,-1,-15,-2,-15,-3,-15,-4,-14,-4,-14,-4,-14,-5,0,0,0,0,0,0,0,0,0,0,0,0,0,0,0,0,0,0,0,0,0,0,-11,-4,-10,-5,-11,-6,-10,-7,-11,-7,-10,-8,-10,-9,-10,-9,-10,-9,-10,-10,-9,-9,-9,-9,-9,-9,-9,-9,-9,-9,-10,-8,-10,-8,-11,-8,-11,-8,-12,-7,-12,-7,-12,-7,-13,-7,-13,-7,-13,-7,-13,-7]"
2025-08-18 22:40:27.344206,CSI_DATA,307,1a:00:00:00:00:00,-42,11,0,0,0,0,0,0,0,0,0,-94,0,1,0,53433789,0,31,0,128,0,"[0,0,1,-15,1,-14,1,-14,0,-14,0,-14,0,-14,-1,-13,-2,-13,-2,-13,-3,-13,-3,-12,-4,-12,-4,-13,-5,-13,-5,-13,-5,-13,-5,-13,-5,-14,-5,-14,-5,-14,-4,-14,-3,-15,-3,-15,-2,-14,-2,-14,-1,-14,0,0,0,0,0,0,0,0,0,0,0,0,0,0,0,0,0,0,0,0,0,0,-1,-11,0,-11,1,-12,1,-12,2,-12,2,-12,3,-12,4,-12,4,-12,5,-12,5,-12,4,-12,4,-12,4,-12,4,-12,3,-12,3,-12,2,-12,2,-12,2,-13,2,-13,1,-14,1,-14,1,-14,1,-14,1,-14]"
2025-08-18 22:40:27.545762,CSI_DATA,308,1a:00:00:00:00:00,-43,11,0,0,0,0,0,0,0,0,0,-94,0,1,0,53634884,0,31,0,128,0,"[0,0,-14,-3,-14,-3,-14,-2,-13,-2,-14,-2,-13,-1,-13,-1,-13,0,-13,0,-12,1,-12,2,-12,2,-12,2,-12,3,-13,4,-13,4,-13,3,-14,4,-14,4,-14,3,-15,3,-14,2,-14,1,-14,1,-14,0,-14,-1,0,0,0,0,0,0,0,0,0,0,0,0,0,0,0,0,0,0,0,0,0,0,-11,-1,-11,-2,-11,-3,-12,-3,-12,-4,-12,-5,-12,-5,-12,-6,-12,-6,-11,-6,-11,-7,-11,-6,-11,-6,-11,-6,-11,-6,-11,-5,-12,-5,-12,-4,-12,-4,-12,-4,-13,-4,-13,-4,-13,-3,-14,-3,-14,-3,-14,-3]"
2025-08-18 22:40:27.758798,CSI_DATA,309,1a:00:00:00:00:00,-43,11,0,0,0,0,0,0,0,0,0,-94,0,1,0,53836034,0,31,0,128,0,"[0,0,-3,-15,-3,-15,-3,-14,-3,-14,-3,-14,-4,-13,-4,-13,-4,-13,-5,-12,-6,-12,-6,-12,-6,-12,-7,-12,-7,-11,-9,-11,-8,-11,-9,-12,-8,-12,-9,-13,-8,-13,-8,-13,-7,-14,-6,-14,-5,-14,-5,-14,-4,-14,0,0,0,0,0,0,0,0,0,0,0,0,0,0,0,0,0,0,0,0,0,0,-3,-11,-3,-11,-2,-12,-1,-12,-1,-13,0,-13,0,-13,1,-13,1,-13,2,-13,2,-13,2,-13,2,-13,2,-12,1,-12,1,-13,0,-13,0,-13,-1,-13,-1,-14,-1,-14,-2,-14,-2,-15,-2,-15,-2,-15,-2,-15]"
2025-08-18 22:40:27.950462,CSI_DATA,310,1a:00:00:00:00:00,-43,11,0,0,0,0,0,0,0,0,0,-94,0,1,0,54037421,0,31,0,128,0,"[0,0,-5,-13,-5,-13,-5,-13,-5,-13,-5,-12,-6,-12,-6,-12,-6,-11,-7,-11,-7,-10,-7,-10,-8,-10,-8,-10,-9,-10,-9,-9,-10,-10,-10,-10,-10,-10,-10,-11,-10,-11,-9,-11,-9,-12,-8,-12,-7,-12,-7,-12,-6,-12,0,0,0,0,0,0,0,0,0,0,0,0,0,0,0,0,0,0,0,0,0,0,-5,-10,-4,-10,-4,-11,-3,-12,-3,-12,-2,-12,-2,-12,-2,-13,-1,-13,0,-13,0,-12,0,-12,0,-12,-1,-12,-1,-12,-1,-12,-2,-12,-2,-12,-3,-12,-3,-12,-4,-13,-4,-13,-5,-13,-5,-13,-5,-13,-5,-14]"
2025-08-18 22:40:28.146816,CSI_DATA,311,1a:00:00:00:00:00,-43,11,0,0,0,0,0,0,0,0,0,-94,0,1,0,54238537,0,31,0,128,0,"[0,0,-14,4,-13,4,-14,4,-13,4,-13,4,-13,4,-12,5,-12,5,-11,6,-10,6,-11,6,-10,7,-10,7,-10,8,-10,8,-11,8,-10,8,-11,9,-11,9,-12,9,-12,8,-12,8,-12,7,-13,6,-13,5,-13,5,0,0,0,0,0,0,0,0,0,0,0,0,0,0,0,0,0,0,0,0,0,0,-10,4,-11,3,-11,3,-12,2,-12,1,-13,1,-13,0,-13,0,-13,0,-13,-1,-13,-1,-13,-1,-12,-1,-12,-1,-13,0,-12,0,-13,0,-12,1,-13,1,-13,2,-13,2,-13,3,-13,3,-14,3,-14,3,-14,4]"
2025-08-18 22:40:28.345261,CSI_DATA,312,1a:00:00:00:00:00,-43,11,0,0,0,0,0,0,0,0,0,-94,0,1,0,54441237,0,31,0,128,0,"[0,0,13,1,13,1,13,1,13,0,13,0,12,0,12,-1,12,-1,12,-2,11,-2,11,-3,11,-3,11,-4,11,-4,12,-5,12,-5,12,-5,13,-5,13,-5,13,-4,13,-4,13,-3,13,-2,14,-2,13,-1,13,0,0,0,0,0,0,0,0,0,0,0,0,0,0,0,0,0,0,0,0,0,0,0,10,-1,11,0,11,1,11,1,11,2,11,3,11,4,11,4,11,4,11,4,11,5,10,5,10,5,10,4,10,4,10,3,11,3,11,3,11,2,12,2,12,2,12,2,13,1,13,1,13,1,13,1]"
2025-08-18 22:40:28.411230,CSI_DATA,313,1a:00:00:00:00:00,-44,11,0,0,0,0,0,0,0,0,0,-94,0,1,0,54500435,0,42,0,128,0,"[0,0,-4,-11,-2,-14,-3,-13,-4,-12,-3,-12,-6,-13,-5,-11,-5,-10,-7,-12,-4,-10,-7,-8,-7,-10,-8,-8,-8,-8,-10,-9,-9,-8,-14,-12,-5,-10,-10,-13,-7,-4,-13,-6,-5,-13,-11,-5,-14,-9,-11,-9,-10,-12,0,0,0,0,0,0,0,0,0,0,0,0,0,0,0,0,0,0,0,0,0,0,-1,-9,1,-9,1,-10,3,-11,3,-10,2,-10,2,-11,3,-10,2,-11,3,-9,4,-11,4,-11,3,-11,1,-12,3,-9,2,-11,2,-10,0,-11,1,-11,-1,-11,-1,-11,-2,-10,-1,-11,-2,-13,-2,-14,-2,-13]"
2025-08-18 22:40:28.909061,CSI_DATA,314,1a:00:00:00:00:00,-43,11,0,0,0,0,0,0,0,0,0,-94,0,1,0,55000632,0,42,0,128,0,"[0,0,3,-14,3,-14,3,-14,3,-14,2,-13,2,-13,2,-13,1,-13,0,-13,0,-13,-1,-13,-1,-13,-2,-13,-2,-13,-3,-14,-3,-13,-3,-14,-3,-14,-2,-15,-2,-15,-1,-15,0,-15,0,-15,1,-14,1,-14,2,-14,0,0,0,0,0,0,0,0,0,0,0,0,0,0,0,0,0,0,0,0,0,0,0,-11,1,-11,2,-12,3,-11,3,-12,4,-11,5,-12,6,-12,6,-11,6,-11,6,-11,6,-11,6,-11,6,-11,5,-11,5,-11,5,-11,4,-12,4,-12,4,-12,4,-13,4,-13,3,-14,3,-14,3,-14,3,-14]"
2025-08-18 22:40:28.990037,CSI_DATA,315,1a:00:00:00:00:00,-43,11,0,0,0,0,0,0,0,0,0,-94,0,1,0,55080329,0,31,0,128,0,"[0,0,-15,0,-15,0,-14,0,-14,1,-14,1,-13,1,-13,2,-13,2,-12,3,-12,3,-12,4,-12,4,-12,5,-12,5,-12,6,-12,6,-13,6,-13,6,-13,6,-14,6,-14,5,-14,4,-14,4,-14,3,-14,2,-14,2,0,0,0,0,0,0,0,0,0,0,0,0,0,0,0,0,0,0,0,0,0,0,-11,1,-11,1,-12,0,-12,-1,-13,-1,-12,-2,-13,-2,-13,-3,-13,-3,-13,-4,-12,-4,-12,-4,-12,-4,-12,-4,-12,-3,-12,-3,-12,-2,-13,-2,-12,-2,-13,-1,-13,-1,-14,-1,-14,0,-14,0,-14,0,-14,0]"
2025-08-18 22:40:29.193147,CSI_DATA,316,1a:00:00:00:00:00,-43,11,0,0,0,0,0,0,0,0,0,-94,0,1,0,55281519,0,31,0,128,0,"[0,0,-13,-7,-13,-7,-12,-6,-13,-6,-13,-6,-12,-5,-12,-5,-12,-4,-12,-3,-13,-3,-12,-2,-12,-2,-13,-1,-13,-1,-14,0,-13,0,-14,-1,-14,0,-15,-1,-15,-1,-15,-2,-14,-2,-14,-3,-14,-4,-14,-4,-13,-5,0,0,0,0,0,0,0,0,0,0,0,0,0,0,0,0,0,0,0,0,0,0,-10,-4,-10,-5,-10,-6,-10,-7,-10,-7,-10,-8,-10,-9,-9,-9,-9,-9,-9,-10,-9,-9,-9,-10,-9,-9,-9,-9,-9,-9,-9,-8,-10,-8,-10,-8,-10,-7,-11,-7,-11,-7,-12,-7,-13,-7,-13,-7,-13,-7,-13,-7]"
2025-08-18 22:40:29.390460,CSI_DATA,317,1a:00:00:00:00:00,-43,11,0,0,0,0,0,0,0,0,0,-94,0,1,0,55482619,0,31,0,128,0,"[0,0,11,-9,10,-9,10,-9,10,-9,9,-10,9,-9,9,-9,8,-10,8,-10,7,-11,6,-11,5,-11,5,-11,5,-12,5,-12,5,-12,5,-13,6,-13,6,-13,7,-13,7,-13,8,-12,8,-12,8,-11,8,-11,9,-10,0,0,0,0,0,0,0,0,0,0,0,0,0,0,0,0,0,0,0,0,0,0,7,-8,8,-8,9,-7,9,-7,10,-7,10,-6,11,-6,11,-5,11,-5,11,-5,11,-5,11,-5,11,-5,11,-5,10,-5,10,-5,10,-6,10,-6,10,-7,11,-7,10,-8,11,-8,10,-9,10,-9,10,-9,11,-9]"
2025-08-18 22:40:29.599119,CSI_DATA,318,1a:00:00:00:00:00,-43,11,0,0,0,0,0,0,0,0,0,-94,0,1,0,55683781,0,31,0,128,0,"[0,0,-10,10,-10,10,-10,9,-10,10,-9,10,-9,10,-8,10,-8,10,-7,10,-6,10,-6,10,-5,11,-5,11,-5,11,-4,12,-4,12,-5,13,-5,13,-5,13,-5,13,-6,13,-7,12,-7,12,-8,12,-8,11,-8,10,0,0,0,0,0,0,0,0,0,0,0,0,0,0,0,0,0,0,0,0,0,0,-7,8,-8,7,-9,7,-9,7,-10,7,-10,6,-11,6,-11,6,-12,5,-12,5,-12,5,-12,4,-12,5,-11,5,-11,5,-11,6,-10,6,-11,7,-10,7,-10,8,-10,8,-10,8,-10,9,-10,9,-10,9,-10,9]"
2025-08-18 22:40:29.790125,CSI_DATA,319,1a:00:00:00:00:00,-43,11,0,0,0,0,0,0,0,0,0,-94,0,1,0,55884944,0,31,0,128,0,"[0,0,-1,13,-1,14,-1,13,0,13,0,13,0,12,1,12,1,12,2,11,2,12,3,11,3,11,4,11,4,11,5,11,5,11,5,12,5,12,5,13,4,13,4,13,3,13,2,14,2,14,1,13,0,13,0,0,0,0,0,0,0,0,0,0,0,0,0,0,0,0,0,0,0,0,0,0,1,10,0,10,-1,11,-2,11,-2,11,-3,11,-4,12,-4,12,-4,11,-5,11,-5,11,-5,11,-5,11,-4,11,-4,11,-4,11,-3,11,-3,12,-3,11,-2,12,-2,12,-2,13,-1,13,-1,13,-1,14,-1,13]"
2025-08-18 22:40:29.992543,CSI_DATA,320,1a:00:00:00:00:00,-42,11,0,0,0,0,0,0,0,0,0,-94,0,1,0,56086060,0,31,0,128,0,"[0,0,13,-4,13,-4,13,-4,13,-4,12,-5,12,-5,11,-5,11,-5,11,-6,10,-7,10,-7,10,-8,9,-8,9,-8,10,-9,10,-9,10,-9,10,-9,11,-9,11,-9,11,-8,12,-8,12,-7,12,-7,12,-6,12,-5,0,0,0,0,0,0,0,0,0,0,0,0,0,0,0,0,0,0,0,0,0,0,9,-4,10,-4,10,-3,11,-2,11,-2,11,-1,12,0,12,0,12,0,12,0,12,1,12,1,12,0,11,0,11,0,11,0,11,-1,11,-2,12,-2,12,-2,12,-2,13,-3,13,-3,13,-4,13,-4,13,-4]"
2025-08-18 22:40:30.191409,CSI_DATA,321,1a:00:00:00:00:00,-43,11,0,0,0,0,0,0,0,0,0,-94,0,1,0,56287457,0,31,0,128,0,"[0,0,0,14,0,14,0,14,1,13,1,13,1,13,2,12,2,12,3,12,4,11,4,11,5,11,5,11,6,11,6,11,6,11,6,12,7,12,6,12,6,12,6,13,5,13,4,13,3,13,3,13,2,13,0,0,0,0,0,0,0,0,0,0,0,0,0,0,0,0,0,0,0,0,0,0,1,10,1,10,0,11,-1,11,-1,12,-2,12,-3,12,-3,12,-4,12,-4,12,-4,12,-4,11,-4,11,-4,11,-3,11,-3,11,-3,12,-2,12,-2,12,-1,12,-1,13,-1,13,0,13,0,14,0,14,0,14]"
2025-08-18 22:40:30.312202,CSI_DATA,322,1a:00:00:00:00:00,-43,11,0,0,0,0,0,0,0,0,0,-94,0,1,0,56409895,0,28,0,128,0,"[0,0,2,13,3,12,3,12,3,12,3,12,3,11,3,11,4,10,4,10,5,9,6,9,6,9,7,9,7,9,7,9,8,9,8,10,8,10,8,10,8,11,7,11,7,11,6,11,5,12,5,11,4,12,0,0,0,0,0,0,0,0,0,0,0,0,0,0,0,0,0,0,0,0,0,0,3,9,3,9,2,10,1,10,1,11,0,11,0,12,-1,11,-1,12,-1,11,-2,11,-2,11,-2,11,-1,11,-1,11,-1,11,0,11,0,11,1,11,1,11,1,12,2,12,2,12,2,12,3,12,3,13]"
2025-08-18 22:40:30.399205,CSI_DATA,323,1a:00:00:00:00:00,-42,11,0,0,0,0,0,0,0,0,0,-94,0,1,0,56488503,0,31,0,128,0,"[0,0,-1,-14,-1,-14,-1,-14,-1,-14,-2,-14,-2,-13,-2,-13,-3,-13,-3,-12,-4,-12,-5,-12,-5,-12,-6,-12,-6,-12,-6,-12,-7,-12,-7,-13,-7,-13,-6,-13,-6,-14,-6,-14,-5,-14,-4,-14,-4,-14,-3,-14,-2,-14,0,0,0,0,0,0,0,0,0,0,0,0,0,0,0,0,0,0,0,0,0,0,-3,-11,-2,-11,-1,-12,0,-12,0,-12,1,-13,2,-13,2,-13,2,-13,3,-12,3,-12,3,-12,3,-12,3,-12,2,-12,2,-12,1,-12,1,-12,1,-13,0,-13,0,-13,0,-14,-1,-14,-1,-14,-1,-14,-1,-15]"
2025-08-18 22:40:30.459849,CSI_DATA,324,1a:00:00:00:00:00,-43,11,0,0,0,0,0,0,0,0,0,-94,0,1,0,56549424,0,42,0,128,0,"[0,0,-1,-14,-2,-15,-2,-14,-2,-14,-2,-14,-3,-13,-3,-13,-4,-13,-4,-12,-4,-12,-5,-12,-5,-12,-6,-12,-6,-12,-7,-12,-7,-12,-7,-12,-7,-13,-7,-13,-7,-13,-6,-14,-5,-14,-5,-14,-4,-14,-3,-14,-3,-14,0,0,0,0,0,0,0,0,0,0,0,0,0,0,0,0,0,0,0,0,0,0,-3,-10,-2,-11,-2,-12,-1,-12,0,-12,0,-13,1,-13,1,-13,2,-13,2,-13,3,-13,3,-12,2,-12,2,-12,2,-12,1,-12,1,-12,0,-13,0,-13,0,-13,0,-13,-1,-14,-1,-14,-1,-14,-1,-14,-1,-15]"
2025-08-18 22:40:30.523142,CSI_DATA,325,1a:00:00:00:00:00,-43,11,0,0,0,0,0,0,0,0,0,-94,0,1,0,56617117,0,31,0,128,0,"[0,0,-7,12,-7,12,-7,12,-6,11,-6,12,-6,11,-5,11,-5,11,-4,11,-3,11,-3,11,-2,12,-2,12,-1,12,-1,12,-1,13,-2,13,-2,13,-2,14,-3,13,-3,14,-4,13,-4,13,-4,13,-5,12,-6,12,0,0,0,0,0,0,0,0,0,0,0,0,0,0,0,0,0,0,0,0,0,0,-3,10,-4,10,-5,10,-6,10,-6,10,-7,10,-8,9,-8,9,-9,9,-9,9,-9,9,-9,9,-8,8,-8,8,-8,8,-8,8,-8,9,-7,9,-7,10,-7,10,-7,10,-7,11,-7,12,-6,12,-7,12,-6,12]"
2025-08-18 22:40:30.720184,CSI_DATA,326,1a:00:00:00:00:00,-43,11,0,0,0,0,0,0,0,0,0,-94,0,1,0,56818179,0,31,0,128,0,"[0,0,3,13,3,13,3,12,4,12,4,12,4,11,4,11,4,11,5,10,5,10,6,9,6,9,6,9,7,9,8,9,8,9,8,10,8,10,8,10,8,11,7,11,6,11,6,12,5,12,5,11,4,12,0,0,0,0,0,0,0,0,0,0,0,0,0,0,0,0,0,0,0,0,0,0,4,8,3,9,3,10,2,10,2,11,1,11,1,12,0,12,0,12,-1,12,-1,12,-1,11,-1,11,-1,11,0,11,0,11,0,11,1,11,1,11,2,12,2,12,2,12,3,12,3,13,3,13,3,13]"
2025-08-18 22:40:30.930605,CSI_DATA,327,1a:00:00:00:00:00,-43,11,0,0,0,0,0,0,0,0,0,-94,0,1,0,57021253,0,31,0,128,0,"[0,0,-14,2,-14,3,-14,2,-14,3,-13,3,-13,3,-12,3,-12,4,-12,4,-11,5,-11,6,-11,6,-11,6,-10,7,-10,8,-11,8,-11,8,-11,8,-12,8,-12,8,-12,7,-13,7,-13,6,-13,6,-13,5,-13,4,0,0,0,0,0,0,0,0,0,0,0,0,0,0,0,0,0,0,0,0,0,0,-10,2,-11,2,-12,1,-12,0,-12,0,-13,-1,-13,-1,-13,-2,-13,-2,-13,-3,-13,-2,-12,-2,-12,-2,-12,-2,-12,-2,-12,-1,-12,-1,-12,0,-13,0,-13,1,-13,1,-13,1,-14,2,-14,2,-14,2,-14,2]"
2025-08-18 22:40:31.126392,CSI_DATA,328,1a:00:00:00:00:00,-43,11,0,0,0,0,0,0,0,0,0,-94,0,1,0,57220610,0,31,0,128,0,"[0,0,9,-11,9,-11,8,-11,8,-11,8,-11,7,-11,7,-11,6,-11,5,-11,5,-11,4,-12,4,-12,3,-12,3,-13,3,-13,3,-13,3,-14,3,-14,4,-14,4,-14,5,-14,5,-14,5,-13,6,-13,6,-12,7,-12,0,0,0,0,0,0,0,0,0,0,0,0,0,0,0,0,0,0,0,0,0,0,5,-9,6,-9,7,-9,8,-8,9,-8,9,-8,10,-7,10,-7,10,-7,10,-6,10,-7,10,-6,10,-7,10,-7,10,-7,9,-7,9,-8,9,-8,9,-8,9,-9,9,-9,9,-10,9,-10,9,-11,9,-11,9,-11]"
2025-08-18 22:40:31.333956,CSI_DATA,329,1a:00:00:00:00:00,-43,11,0,0,0,0,0,0,0,0,0,-94,0,1,0,57421928,0,31,0,128,0,"[0,0,-12,-9,-11,-9,-11,-9,-11,-8,-11,-8,-11,-8,-11,-7,-11,-7,-11,-6,-12,-5,-12,-5,-12,-5,-12,-4,-13,-4,-13,-3,-14,-3,-14,-4,-14,-4,-15,-4,-14,-5,-14,-5,-14,-6,-13,-6,-13,-7,-13,-7,-12,-8,0,0,0,0,0,0,0,0,0,0,0,0,0,0,0,0,0,0,0,0,0,0,-9,-6,-9,-7,-9,-8,-9,-8,-8,-9,-8,-10,-8,-10,-8,-11,-7,-11,-7,-11,-7,-11,-6,-11,-7,-11,-7,-11,-7,-10,-7,-10,-8,-10,-9,-10,-9,-10,-9,-9,-10,-9,-10,-10,-11,-9,-11,-9,-11,-9,-11,-9]"
2025-08-18 22:40:31.529738,CSI_DATA,330,1a:00:00:00:00:00,-43,11,0,0,0,0,0,0,0,0,0,-94,0,1,0,57623056,0,31,0,128,0,"[0,0,-13,7,-13,6,-12,7,-12,7,-11,7,-11,7,-11,7,-10,7,-10,7,-9,8,-9,9,-8,9,-8,9,-8,10,-8,10,-8,10,-8,11,-9,11,-9,11,-9,11,-10,10,-10,10,-11,10,-11,9,-11,8,-11,8,0,0,0,0,0,0,0,0,0,0,0,0,0,0,0,0,0,0,0,0,0,0,-9,6,-9,6,-10,5,-11,5,-12,4,-12,4,-12,3,-13,3,-13,2,-13,2,-13,2,-12,2,-12,2,-12,2,-12,2,-12,3,-12,3,-12,4,-12,4,-12,4,-12,5,-12,5,-12,6,-13,7,-13,7,-12,7]"
2025-08-18 22:40:31.729475,CSI_DATA,331,1a:00:00:00:00:00,-42,11,0,0,0,0,0,0,0,0,0,-94,0,1,0,57824169,0,31,0,128,0,"[0,0,-6,12,-6,12,-5,12,-5,12,-5,12,-4,11,-4,11,-3,11,-3,11,-2,11,-1,11,-1,11,0,12,0,12,0,12,0,12,0,13,0,13,0,13,-1,13,-1,13,-2,13,-2,13,-3,13,-4,12,-4,12,0,0,0,0,0,0,0,0,0,0,0,0,0,0,0,0,0,0,0,0,0,0,-3,9,-4,9,-5,10,-5,10,-6,10,-7,10,-7,10,-8,9,-8,9,-8,9,-8,9,-8,9,-8,9,-8,8,-8,9,-7,9,-7,9,-6,9,-7,10,-6,10,-6,11,-6,11,-6,12,-6,12,-6,12,-6,12]"
2025-08-18 22:40:31.930652,CSI_DATA,332,1a:00:00:00:00:00,-43,11,0,0,0,0,0,0,0,0,0,-94,0,1,0,58025314,0,31,0,128,0,"[0,0,-1,14,-1,13,-1,13,0,13,0,13,0,13,1,12,1,12,2,11,3,11,3,11,3,11,4,11,4,11,5,11,5,11,5,12,5,12,5,13,4,13,4,13,3,13,3,13,2,13,1,13,0,13,0,0,0,0,0,0,0,0,0,0,0,0,0,0,0,0,0,0,0,0,0,0,1,10,0,10,-1,11,-2,11,-2,11,-2,12,-3,12,-4,12,-4,12,-5,11,-5,11,-5,11,-4,11,-4,11,-4,11,-4,11,-3,11,-3,11,-2,12,-2,12,-2,12,-2,13,-1,13,-1,13,-1,13,-1,13]"
2025-08-18 22:40:31.986799,CSI_DATA,333,1a:00:00:00:00:00,-43,11,0,0,0,0,0,0,0,0,0,-94,0,1,0,58086084,0,42,0,128,0,"[0,0,8,11,8,10,8,10,9,10,8,9,8,9,8,8,9,8,9,7,9,7,10,6,10,6,10,6,10,5,11,5,11,5,12,6,12,6,12,7,12,7,11,7,11,8,11,9,10,9,9,9,8,9,0,0,0,0,0,0,0,0,0,0,0,0,0,0,0,0,0,0,0,0,0,0,7,6,7,7,7,8,6,8,6,10,6,10,6,11,5,11,4,11,4,11,4,11,4,11,4,11,4,10,4,10,5,10,5,10,6,10,6,10,7,10,7,10,7,10,8,10,8,11,8,11,9,10]"
2025-08-18 22:40:32.058895,CSI_DATA,334,1a:00:00:00:00:00,-43,11,0,0,0,0,0,0,0,0,0,-94,0,1,0,58153515,0,31,0,128,0,"[0,0,-1,14,-1,14,-1,13,0,13,0,13,0,13,0,12,1,12,2,12,2,11,3,11,3,11,3,11,4,11,4,11,4,12,5,12,4,12,5,13,4,13,4,13,3,13,2,14,2,13,1,13,0,13,0,0,0,0,0,0,0,0,0,0,0,0,0,0,0,0,0,0,0,0,0,0,1,10,0,10,-1,11,-2,11,-2,11,-3,11,-4,12,-4,11,-4,11,-5,11,-5,11,-5,11,-5,11,-4,11,-4,11,-4,11,-3,11,-3,11,-3,11,-2,12,-2,12,-2,13,-1,13,-1,13,-1,13,-1,14]"
2025-08-18 22:40:32.267315,CSI_DATA,335,1a:00:00:00:00:00,-43,11,0,0,0,0,0,0,0,0,0,-94,0,1,0,58354662,0,31,0,128,0,"[0,0,-8,-13,-8,-13,-8,-13,-8,-12,-8,-12,-8,-11,-8,-11,-9,-10,-9,-9,-9,-9,-10,-9,-10,-8,-11,-8,-11,-8,-12,-8,-12,-8,-12,-8,-13,-8,-13,-8,-12,-9,-12,-9,-12,-10,-11,-10,-10,-11,-10,-11,-9,-11,0,0,0,0,0,0,0,0,0,0,0,0,0,0,0,0,0,0,0,0,0,0,-7,-9,-7,-10,-6,-10,-6,-11,-5,-12,-5,-13,-4,-13,-4,-13,-3,-13,-3,-13,-3,-13,-3,-13,-3,-13,-3,-12,-3,-12,-4,-12,-4,-12,-5,-12,-5,-12,-6,-12,-6,-12,-7,-13,-7,-12,-8,-13,-8,-13,-8,-13]"
2025-08-18 22:40:32.466733,CSI_DATA,336,1a:00:00:00:00:00,-43,11,0,0,0,0,0,0,0,0,0,-94,0,1,0,58556967,0,31,0,128,0,"[0,0,-14,0,-14,0,-14,0,-14,1,-13,1,-13,2,-13,2,-12,2,-12,3,-12,3,-12,4,-12,4,-12,4,-11,5,-12,6,-12,6,-12,6,-13,6,-13,6,-13,6,-14,6,-14,5,-14,4,-14,3,-14,2,-14,2,0,0,0,0,0,0,0,0,0,0,0,0,0,0,0,0,0,0,0,0,0,0,-11,1,-11,1,-12,0,-12,-1,-12,-2,-13,-2,-13,-3,-13,-3,-12,-4,-12,-4,-12,-4,-12,-4,-12,-4,-12,-4,-12,-3,-12,-3,-12,-2,-12,-2,-13,-2,-13,-1,-13,-1,-13,-1,-14,0,-14,0,-14,0,-14,0]"
2025-08-18 22:40:32.671735,CSI_DATA,337,1a:00:00:00:00:00,-43,11,0,0,0,0,0,0,0,0,0,-94,0,1,0,58757057,0,31,0,128,0,"[0,0,-9,11,-9,11,-8,11,-8,11,-8,11,-7,11,-7,10,-6,10,-6,11,-5,11,-5,11,-4,11,-4,12,-3,12,-3,12,-3,13,-3,13,-3,13,-4,13,-4,13,-5,13,-5,13,-6,13,-6,12,-7,12,-7,11,0,0,0,0,0,0,0,0,0,0,0,0,0,0,0,0,0,0,0,0,0,0,-6,9,-6,9,-7,8,-8,8,-9,8,-9,8,-10,7,-11,7,-10,7,-11,6,-11,6,-11,6,-11,6,-10,6,-10,7,-10,7,-10,7,-9,8,-9,8,-9,8,-9,9,-9,9,-9,10,-9,10,-9,10,-9,10]"
2025-08-18 22:40:32.865194,CSI_DATA,338,1a:00:00:00:00:00,-43,11,0,0,0,0,0,0,0,0,0,-94,0,1,0,58958212,0,31,0,128,0,"[0,0,-13,6,-13,6,-12,6,-12,6,-12,6,-11,7,-11,7,-10,7,-10,7,-9,8,-9,8,-9,8,-9,9,-8,9,-8,10,-8,10,-9,11,-9,11,-9,11,-9,11,-10,10,-10,10,-11,9,-11,8,-11,8,-12,7,0,0,0,0,0,0,0,0,0,0,0,0,0,0,0,0,0,0,0,0,0,0,-9,5,-10,5,-10,4,-11,4,-12,3,-12,3,-13,2,-13,2,-13,2,-13,1,-13,1,-12,1,-12,1,-12,1,-12,1,-12,2,-12,2,-12,3,-12,3,-12,4,-12,4,-13,5,-13,6,-13,6,-13,6,-13,6]"
2025-08-18 22:40:33.066551,CSI_DATA,339,1a:00:00:00:00:00,-43,11,0,0,0,0,0,0,0,0,0,-94,0,1,0,59159396,0,31,0,128,0,"[0,0,14,-3,13,-3,13,-3,13,-3,13,-4,12,-4,11,-4,11,-5,11,-5,11,-6,10,-6,10,-7,10,-7,10,-8,10,-8,10,-9,10,-8,11,-9,11,-9,11,-9,12,-8,12,-8,12,-7,12,-6,12,-5,13,-4,0,0,0,0,0,0,0,0,0,0,0,0,0,0,0,0,0,0,0,0,0,0,10,-3,10,-2,11,-1,11,-1,12,0,12,0,12,1,12,1,12,2,12,2,11,2,11,3,11,2,11,2,11,1,11,1,11,0,11,0,12,-1,12,-1,12,-1,13,-2,13,-2,13,-2,13,-2,13,-3]"
2025-08-18 22:40:33.269385,CSI_DATA,340,1a:00:00:00:00:00,-43,11,0,0,0,0,0,0,0,0,0,-94,0,1,0,59360614,0,31,0,128,0,"[0,0,-15,1,-15,1,-14,1,-14,2,-13,2,-13,2,-13,3,-12,3,-12,3,-12,4,-12,4,-11,5,-11,5,-11,6,-12,7,-11,6,-12,7,-12,7,-13,7,-13,6,-13,6,-14,5,-14,5,-14,4,-13,3,-14,2,0,0,0,0,0,0,0,0,0,0,0,0,0,0,0,0,0,0,0,0,0,0,-11,2,-11,2,-12,1,-12,0,-13,0,-13,-1,-13,-1,-13,-2,-13,-2,-13,-3,-13,-3,-12,-3,-12,-3,-12,-3,-12,-2,-12,-2,-12,-1,-13,-1,-12,-1,-13,0,-13,0,-14,0,-14,1,-14,1,-14,1,-14,1]"
2025-08-18 22:40:33.468927,CSI_DATA,341,1a:00:00:00:00:00,-43,11,0,0,0,0,0,0,0,0,0,-94,0,1,0,59561738,0,31,0,128,0,"[0,0,-13,7,-13,7,-12,6,-12,7,-12,7,-11,7,-10,7,-10,8,-10,8,-9,8,-9,8,-8,9,-8,9,-8,10,-8,10,-8,10,-8,11,-8,11,-9,11,-9,11,-9,11,-10,10,-10,10,-11,9,-11,8,-11,7,0,0,0,0,0,0,0,0,0,0,0,0,0,0,0,0,0,0,0,0,0,0,-9,6,-9,5,-10,5,-11,4,-12,4,-12,4,-12,3,-13,3,-12,3,-13,2,-13,2,-12,1,-12,2,-12,2,-12,2,-12,3,-12,3,-12,4,-12,4,-12,5,-12,5,-12,6,-13,6,-13,6,-13,6,-12,7]"
2025-08-18 22:40:33.526733,CSI_DATA,342,1a:00:00:00:00:00,-43,11,0,0,0,0,0,0,0,0,0,-94,0,1,0,59622525,0,42,0,128,0,"[0,0,13,1,13,1,13,1,13,0,13,0,12,0,12,0,12,-1,12,-2,12,-2,11,-3,11,-3,11,-4,11,-4,12,-5,12,-5,13,-5,13,-5,13,-5,13,-4,14,-4,14,-3,14,-2,13,-2,13,-1,13,0,0,0,0,0,0,0,0,0,0,0,0,0,0,0,0,0,0,0,0,0,0,0,10,-1,10,0,11,1,11,1,11,2,11,3,11,4,11,4,11,4,11,5,11,5,11,5,11,4,10,4,10,4,11,4,10,3,11,3,11,3,12,2,12,2,12,2,13,1,13,1,13,1,13,1]"
2025-08-18 22:40:33.589971,CSI_DATA,343,1a:00:00:00:00:00,-43,11,0,0,0,0,0,0,0,0,0,-94,0,1,0,59688248,0,31,0,128,0,"[0,0,4,13,4,13,3,13,4,12,4,12,4,12,5,11,5,11,5,10,6,10,6,10,7,10,7,9,8,9,8,9,9,9,8,10,9,10,9,11,8,11,8,11,7,12,7,12,6,12,5,12,4,12,0,0,0,0,0,0,0,0,0,0,0,0,0,0,0,0,0,0,0,0,0,0,4,9,3,10,3,11,2,11,2,11,1,12,1,12,0,12,0,12,-1,12,-1,12,-1,12,-1,12,0,12,0,11,0,11,1,12,1,11,2,12,2,12,2,12,3,12,3,13,3,13,3,13,4,13]"
2025-08-18 22:40:33.789064,CSI_DATA,344,1a:00:00:00:00:00,-43,11,0,0,0,0,0,0,0,0,0,-94,0,1,0,59889034,0,31,0,128,0,"[0,0,10,9,9,9,9,9,9,8,9,8,9,7,9,7,9,6,10,5,10,5,10,5,10,4,11,4,11,3,11,3,12,3,12,3,12,3,13,4,13,4,12,5,12,6,11,6,11,6,11,7,10,7,0,0,0,0,0,0,0,0,0,0,0,0,0,0,0,0,0,0,0,0,0,0,7,6,7,7,7,7,7,8,6,8,6,9,6,10,6,10,5,10,5,10,4,10,5,10,5,10,5,10,5,10,5,9,6,9,6,9,7,9,7,9,8,9,8,9,9,9,9,9,9,9,9,9]"
2025-08-18 22:40:33.996083,CSI_DATA,345,1a:00:00:00:00:00,-43,11,0,0,0,0,0,0,0,0,0,-94,0,1,0,60090219,0,31,0,128,0,"[0,0,13,-4,12,-4,12,-4,12,-5,12,-5,11,-5,11,-5,10,-6,10,-6,10,-7,9,-7,9,-8,9,-8,9,-8,9,-9,9,-9,9,-9,10,-9,10,-9,11,-9,11,-8,11,-8,11,-7,11,-7,11,-6,12,-5,0,0,0,0,0,0,0,0,0,0,0,0,0,0,0,0,0,0,0,0,0,0,8,-5,9,-4,10,-4,10,-3,11,-3,11,-2,12,-1,12,-1,12,-1,11,0,11,0,11,0,11,0,11,-1,11,-1,11,-1,11,-2,11,-2,11,-3,11,-3,12,-3,12,-3,12,-4,12,-4,13,-4,13,-4]"
2025-08-18 22:40:34.203017,CSI_DATA,346,1a:00:00:00:00:00,-43,11,0,0,0,0,0,0,0,0,0,-94,0,1,0,60291412,0,31,0,128,0,"[0,0,-2,-14,-2,-14,-2,-13,-2,-14,-3,-13,-3,-13,-3,-12,-4,-12,-4,-12,-5,-12,-5,-11,-6,-11,-6,-11,-6,-11,-7,-11,-7,-11,-7,-12,-7,-12,-7,-12,-7,-13,-7,-13,-6,-13,-5,-13,-4,-13,-4,-13,-3,-13,0,0,0,0,0,0,0,0,0,0,0,0,0,0,0,0,0,0,0,0,0,0,-3,-10,-2,-11,-1,-11,-1,-12,0,-12,0,-12,1,-13,1,-13,1,-12,2,-12,3,-12,2,-12,2,-12,2,-12,2,-12,1,-12,0,-12,0,-12,0,-12,-1,-13,-1,-13,-1,-13,-2,-14,-1,-14,-1,-14,-2,-14]"
2025-08-18 22:40:34.396972,CSI_DATA,347,1a:00:00:00:00:00,-43,11,0,0,0,0,0,0,0,0,0,-94,0,1,0,60492600,0,31,0,128,0,"[0,0,13,0,13,0,12,0,13,0,12,0,12,-1,12,-2,12,-2,11,-3,11,-3,11,-3,11,-4,11,-4,11,-5,11,-6,11,-6,12,-6,12,-6,12,-6,12,-6,13,-5,13,-4,13,-3,13,-2,13,-2,12,-1,0,0,0,0,0,0,0,0,0,0,0,0,0,0,0,0,0,0,0,0,0,0,10,-1,10,0,10,1,10,1,11,2,11,3,11,3,11,3,11,3,11,4,10,5,10,4,10,4,10,4,10,3,10,3,10,3,11,2,11,2,12,1,12,1,12,0,13,1,13,1,13,1,13,0]"
2025-08-18 22:40:34.605959,CSI_DATA,348,1a:00:00:00:00:00,-43,11,0,0,0,0,0,0,0,0,0,-94,0,1,0,60693752,0,31,0,128,0,"[0,0,-14,-5,-13,-5,-13,-5,-13,-5,-13,-4,-13,-4,-13,-4,-13,-3,-13,-3,-13,-1,-13,-1,-13,0,-13,0,-13,0,-13,1,-14,1,-14,1,-15,1,-15,0,-15,0,-15,-1,-15,-2,-14,-2,-14,-3,-14,-3,-14,-4,0,0,0,0,0,0,0,0,0,0,0,0,0,0,0,0,0,0,0,0,0,0,-11,-3,-11,-4,-11,-4,-11,-5,-11,-6,-11,-7,-11,-7,-11,-8,-10,-8,-10,-8,-10,-8,-10,-8,-10,-8,-10,-8,-10,-8,-10,-7,-11,-7,-11,-6,-11,-6,-12,-6,-12,-6,-12,-6,-13,-5,-13,-5,-13,-5,-14,-5]"
2025-08-18 22:40:34.795912,CSI_DATA,349,1a:00:00:00:00:00,-42,11,0,0,0,0,0,0,0,0,0,-94,0,1,0,60895133,0,31,0,128,0,"[0,0,6,12,6,12,6,11,7,11,7,10,7,10,7,10,8,9,8,8,8,8,8,8,9,8,9,8,9,7,10,7,10,7,10,8,11,8,11,8,11,9,10,9,10,9,9,10,8,10,8,10,7,11,0,0,0,0,0,0,0,0,0,0,0,0,0,0,0,0,0,0,0,0,0,0,6,8,6,8,5,9,5,9,5,10,4,10,4,11,3,11,3,12,2,12,2,12,2,12,2,11,2,11,2,11,3,11,3,10,4,11,4,11,5,11,5,11,6,11,6,12,6,12,6,12,6,12]"
2025-08-18 22:40:35.003517,CSI_DATA,350,1a:00:00:00:00:00,-43,11,0,0,0,0,0,0,0,0,0,-94,0,1,0,61096210,0,31,0,128,0,"[0,0,4,-13,4,-13,4,-13,4,-13,3,-12,3,-12,3,-12,2,-12,1,-12,1,-12,0,-12,0,-12,-1,-12,-1,-13,-2,-13,-2,-13,-2,-14,-2,-14,-2,-14,-1,-14,-1,-14,0,-14,1,-14,1,-14,2,-14,3,-13,0,0,0,0,0,0,0,0,0,0,0,0,0,0,0,0,0,0,0,0,0,0,2,-10,3,-10,4,-10,5,-10,5,-11,6,-10,7,-10,7,-10,8,-10,8,-9,8,-9,8,-9,7,-9,7,-9,7,-9,6,-10,6,-10,6,-10,6,-11,6,-11,5,-11,5,-12,5,-12,5,-13,5,-13,5,-13]"
2025-08-18 22:40:35.079802,CSI_DATA,351,1a:00:00:00:00:00,-43,11,0,0,0,0,0,0,0,0,0,-94,0,1,0,61156979,0,42,0,128,0,"[0,0,-9,-12,-9,-11,-9,-11,-9,-11,-10,-10,-9,-10,-9,-10,-10,-9,-10,-8,-11,-8,-11,-7,-11,-7,-11,-6,-11,-6,-12,-6,-12,-6,-13,-7,-13,-7,-13,-7,-13,-7,-13,-8,-12,-8,-12,-9,-11,-9,-11,-9,-10,-10,0,0,0,0,0,0,0,0,0,0,0,0,0,0,0,0,0,0,0,0,0,0,-8,-8,-7,-9,-7,-10,-7,-10,-6,-11,-6,-11,-6,-12,-5,-12,-5,-12,-5,-12,-4,-12,-4,-12,-4,-12,-5,-12,-5,-11,-5,-11,-6,-11,-6,-11,-7,-11,-7,-11,-7,-11,-8,-12,-9,-11,-9,-11,-9,-11,-9,-11]"
2025-08-18 22:40:35.128077,CSI_DATA,352,1a:00:00:00:00:00,-42,11,0,0,0,0,0,0,0,0,0,-94,0,1,0,61223980,0,31,0,128,0,"[0,0,14,2,13,2,14,2,13,1,13,1,13,1,12,0,12,0,12,-1,12,-2,12,-2,12,-3,12,-3,12,-4,12,-4,13,-4,13,-4,13,-4,14,-4,14,-3,14,-2,14,-2,14,-1,14,-1,14,0,13,1,0,0,0,0,0,0,0,0,0,0,0,0,0,0,0,0,0,0,0,0,0,0,10,-1,11,0,11,1,11,2,11,2,12,3,11,4,11,4,11,5,11,5,11,5,10,5,11,5,11,5,11,5,11,4,11,4,11,3,12,3,12,3,12,3,13,3,13,2,14,2,14,2,14,2]"
2025-08-18 22:40:35.332602,CSI_DATA,353,1a:00:00:00:00:00,-43,11,0,0,0,0,0,0,0,0,0,-94,0,1,0,61425044,0,31,0,128,0,"[0,0,4,-13,4,-13,4,-13,4,-13,3,-12,3,-12,3,-12,2,-12,1,-12,1,-12,0,-12,0,-12,0,-12,-1,-12,-2,-13,-2,-13,-1,-14,-1,-13,-1,-14,0,-14,0,-14,1,-14,1,-14,2,-14,2,-13,3,-13,0,0,0,0,0,0,0,0,0,0,0,0,0,0,0,0,0,0,0,0,0,0,1,-10,2,-10,3,-11,4,-11,5,-11,5,-11,6,-11,6,-10,7,-10,7,-10,7,-10,7,-9,7,-10,7,-10,6,-10,6,-10,5,-10,5,-11,5,-11,5,-11,5,-12,5,-12,4,-13,4,-13,4,-13,4,-13]"
2025-08-18 22:40:35.539193,CSI_DATA,354,1a:00:00:00:00:00,-42,11,0,0,0,0,0,0,0,0,0,-94,0,1,0,61626189,0,31,0,128,0,"[0,0,-11,-10,-11,-11,-11,-10,-11,-10,-11,-9,-11,-9,-11,-8,-11,-8,-11,-7,-12,-6,-12,-6,-12,-6,-12,-6,-13,-5,-13,-5,-13,-5,-14,-5,-14,-5,-14,-5,-14,-6,-14,-6,-13,-7,-13,-8,-12,-8,-12,-8,-11,-9,0,0,0,0,0,0,0,0,0,0,0,0,0,0,0,0,0,0,0,0,0,0,-9,-7,-9,-7,-9,-8,-9,-9,-9,-10,-8,-10,-8,-11,-8,-11,-7,-12,-7,-12,-7,-12,-6,-12,-6,-11,-7,-11,-7,-11,-7,-11,-8,-10,-8,-10,-8,-10,-9,-10,-10,-10,-10,-10,-11,-10,-11,-10,-11,-10,-11,-10]"
2025-08-18 22:40:35.739747,CSI_DATA,355,1a:00:00:00:00:00,-43,11,0,0,0,0,0,0,0,0,0,-94,0,1,0,61827346,0,31,0,128,0,"[0,0,-15,-2,-14,-2,-14,-2,-14,-1,-14,-1,-14,-1,-13,0,-13,0,-13,1,-13,2,-13,2,-12,3,-13,3,-12,4,-13,4,-13,4,-13,4,-14,5,-14,4,-14,4,-14,3,-14,3,-14,2,-14,2,-14,1,-14,0,0,0,0,0,0,0,0,0,0,0,0,0,0,0,0,0,0,0,0,0,0,0,-11,-1,-11,-1,-12,-2,-12,-3,-12,-4,-12,-4,-12,-5,-12,-6,-11,-6,-12,-6,-12,-6,-11,-6,-11,-6,-11,-6,-11,-5,-11,-5,-12,-4,-12,-4,-12,-4,-13,-3,-13,-3,-13,-3,-14,-2,-14,-2,-14,-2,-14,-2]"
2025-08-18 22:40:35.929767,CSI_DATA,356,1a:00:00:00:00:00,-42,11,0,0,0,0,0,0,0,0,0,-94,0,1,0,62028708,0,31,0,128,0,"[0,0,5,12,4,12,4,12,5,12,5,11,5,11,5,11,6,10,6,10,6,9,7,9,7,8,8,8,8,8,9,8,9,8,9,9,9,9,9,9,9,10,8,10,8,10,7,11,7,11,6,11,5,11,0,0,0,0,0,0,0,0,0,0,0,0,0,0,0,0,0,0,0,0,0,0,4,8,4,9,3,10,3,10,2,11,2,11,1,12,1,12,1,11,0,12,0,12,0,11,0,11,0,11,1,11,1,11,1,11,2,11,2,11,3,12,3,12,4,12,4,12,4,12,4,13,5,12]"
2025-08-18 22:40:36.135465,CSI_DATA,357,1a:00:00:00:00:00,-43,11,0,0,0,0,0,0,0,0,0,-94,0,1,0,62229840,0,31,0,128,0,"[0,0,-3,13,-4,13,-3,12,-3,12,-3,12,-2,12,-2,12,-1,12,-1,11,0,11,0,11,1,11,1,11,2,12,2,12,2,12,2,13,2,12,2,13,1,13,1,13,0,13,0,13,-1,13,-2,13,-2,12,0,0,0,0,0,0,0,0,0,0,0,0,0,0,0,0,0,0,0,0,0,0,-1,10,-1,10,-2,10,-3,10,-4,11,-4,10,-5,11,-6,11,-6,10,-6,10,-6,10,-6,10,-6,10,-6,10,-5,10,-6,10,-5,10,-4,11,-4,11,-4,11,-4,11,-4,12,-3,13,-3,12,-3,13,-3,13]"
2025-08-18 22:40:36.343006,CSI_DATA,358,1a:00:00:00:00:00,-43,11,0,0,0,0,0,0,0,0,0,-94,0,1,0,62431046,0,31,0,128,0,"[0,0,-8,-12,-8,-12,-8,-12,-8,-12,-8,-11,-9,-11,-9,-10,-9,-9,-9,-9,-10,-9,-10,-8,-10,-8,-11,-8,-11,-8,-12,-7,-12,-7,-12,-8,-12,-8,-12,-8,-12,-8,-12,-9,-11,-10,-11,-10,-10,-10,-10,-10,-9,-11,0,0,0,0,0,0,0,0,0,0,0,0,0,0,0,0,0,0,0,0,0,0,-7,-8,-7,-9,-6,-10,-6,-11,-6,-11,-5,-12,-5,-12,-4,-12,-4,-12,-4,-13,-3,-12,-3,-12,-3,-12,-3,-12,-4,-12,-4,-12,-5,-12,-5,-11,-6,-12,-6,-12,-7,-12,-7,-12,-8,-12,-8,-12,-8,-12,-8,-12]"
2025-08-18 22:40:36.544717,CSI_DATA,359,1a:00:00:00:00:00,-43,11,0,0,0,0,0,0,0,0,0,-94,0,1,0,62632161,0,31,0,128,0,"[0,0,-6,-14,-5,-13,-5,-13,-6,-13,-6,-13,-6,-12,-6,-12,-7,-11,-7,-11,-8,-10,-8,-10,-8,-10,-9,-10,-9,-9,-10,-9,-10,-9,-10,-10,-11,-10,-11,-10,-10,-11,-10,-11,-9,-12,-9,-12,-8,-12,-7,-12,-7,-12,0,0,0,0,0,0,0,0,0,0,0,0,0,0,0,0,0,0,0,0,0,0,-5,-10,-5,-10,-4,-11,-4,-12,-3,-12,-2,-12,-2,-13,-2,-13,-1,-13,0,-13,-1,-13,0,-13,0,-13,-1,-12,-1,-12,-2,-12,-2,-12,-3,-12,-3,-13,-4,-13,-4,-13,-5,-13,-5,-13,-5,-13,-5,-14,-5,-14]"
2025-08-18 22:40:36.604576,CSI_DATA,360,1a:00:00:00:00:00,-43,11,0,0,0,0,0,0,0,0,0,-94,0,1,0,62692963,0,42,0,128,0,"[0,0,3,-14,3,-14,3,-14,2,-14,2,-14,1,-13,1,-13,0,-13,0,-13,-1,-13,-2,-13,-2,-13,-2,-13,-3,-13,-4,-13,-4,-13,-4,-14,-4,-14,-4,-14,-3,-15,-3,-15,-2,-15,-1,-14,-1,-14,0,-14,1,-14,0,0,0,0,0,0,0,0,0,0,0,0,0,0,0,0,0,0,0,0,0,0,1,-11,2,-11,3,-11,4,-11,4,-11,5,-12,6,-12,6,-11,6,-11,7,-10,7,-10,7,-10,7,-10,6,-10,6,-10,5,-10,5,-11,4,-11,4,-12,4,-12,4,-12,4,-13,3,-13,3,-14,3,-14,3,-14]"
2025-08-18 22:40:36.668833,CSI_DATA,361,1a:00:00:00:00:00,-43,11,0,0,0,0,0,0,0,0,0,-94,0,1,0,62759478,0,31,0,128,0,"[0,0,1,-14,0,-14,0,-14,0,-13,0,-13,0,-13,0,-13,-1,-13,-2,-12,-2,-12,-3,-12,-4,-12,-4,-12,-4,-12,-5,-12,-5,-12,-5,-13,-5,-13,-5,-14,-4,-14,-4,-14,-3,-14,-2,-14,-2,-14,-1,-14,-1,-14,0,0,0,0,0,0,0,0,0,0,0,0,0,0,0,0,0,0,0,0,0,0,-1,-11,0,-11,1,-11,1,-11,2,-12,3,-12,3,-12,4,-12,4,-11,5,-11,4,-11,5,-11,4,-11,4,-11,4,-11,3,-11,3,-11,3,-12,2,-12,2,-12,2,-13,2,-13,1,-13,1,-14,1,-14,1,-14]"
2025-08-18 22:40:36.861584,CSI_DATA,362,1a:00:00:00:00:00,-43,11,0,0,0,0,0,0,0,0,0,-94,0,1,0,62960535,0,31,0,128,0,"[0,0,8,11,8,10,8,10,8,9,9,9,8,9,8,8,9,8,9,7,9,7,10,6,10,6,10,6,11,5,11,5,12,5,11,5,12,6,12,6,12,7,11,7,11,8,10,8,10,8,9,9,9,9,0,0,0,0,0,0,0,0,0,0,0,0,0,0,0,0,0,0,0,0,0,0,7,6,7,7,7,8,7,9,6,9,6,10,5,10,5,11,5,11,4,11,4,11,4,11,4,10,4,10,5,11,5,10,5,10,6,9,6,10,7,10,7,10,7,10,8,10,8,10,8,10,9,10]"
2025-08-18 22:40:37.072376,CSI_DATA,363,1a:00:00:00:00:00,-43,11,0,0,0,0,0,0,0,0,0,-94,0,1,0,63162175,0,31,0,128,0,"[0,0,0,-15,0,-15,0,-14,0,-14,-1,-14,-1,-14,-1,-13,-2,-13,-3,-13,-3,-13,-3,-13,-4,-12,-5,-12,-5,-12,-6,-12,-6,-13,-6,-13,-6,-13,-6,-14,-6,-14,-5,-14,-4,-15,-4,-15,-3,-15,-2,-14,-1,-14,0,0,0,0,0,0,0,0,0,0,0,0,0,0,0,0,0,0,0,0,0,0,-1,-11,-1,-12,0,-12,1,-12,2,-13,2,-13,3,-13,3,-13,4,-13,4,-12,4,-12,4,-12,4,-12,4,-12,3,-12,3,-12,3,-12,2,-13,2,-13,1,-13,1,-13,1,-14,0,-14,0,-15,1,-14,0,-15]"
2025-08-18 22:40:37.273634,CSI_DATA,364,1a:00:00:00:00:00,-43,11,0,0,0,0,0,0,0,0,0,-94,0,1,0,63363100,0,31,0,128,0,"[0,0,-1,-14,-1,-15,-1,-14,-1,-14,-1,-14,-1,-14,-2,-13,-2,-13,-3,-13,-4,-12,-4,-12,-5,-12,-5,-12,-5,-12,-6,-12,-6,-12,-6,-13,-6,-13,-5,-14,-5,-14,-5,-14,-4,-14,-4,-14,-3,-14,-2,-14,-1,-14,0,0,0,0,0,0,0,0,0,0,0,0,0,0,0,0,0,0,0,0,0,0,-3,-11,-2,-11,-1,-12,0,-12,0,-12,1,-13,2,-13,2,-13,3,-13,3,-13,3,-12,3,-12,2,-12,2,-12,2,-12,2,-12,1,-12,1,-12,1,-13,1,-13,0,-13,0,-14,-1,-14,-1,-14,-1,-15,-1,-14]"
2025-08-18 22:40:37.479975,CSI_DATA,365,1a:00:00:00:00:00,-43,11,0,0,0,0,0,0,0,0,0,-94,0,1,0,63564185,0,31,0,128,0,"[0,0,3,13,3,13,3,13,4,13,4,12,4,12,4,11,5,11,5,10,5,10,6,10,6,10,7,10,7,9,8,10,8,10,8,11,8,10,8,11,8,11,7,12,7,12,6,12,5,12,5,12,4,12,0,0,0,0,0,0,0,0,0,0,0,0,0,0,0,0,0,0,0,0,0,0,4,9,3,9,2,10,2,11,1,11,1,11,0,12,0,12,0,12,-1,12,-1,12,-1,12,-1,12,-1,11,-1,11,0,11,0,11,1,12,1,12,2,12,2,12,2,12,3,13,3,13,3,13,3,13]"
2025-08-18 22:40:37.669647,CSI_DATA,366,1a:00:00:00:00:00,-43,11,0,0,0,0,0,0,0,0,0,-94,0,1,0,63765343,0,31,0,128,0,"[0,0,-1,14,-1,13,0,13,0,13,0,13,0,12,1,12,1,12,2,11,3,11,3,11,4,11,4,11,4,11,5,11,5,12,5,12,5,12,5,13,4,13,4,13,3,13,2,13,2,13,1,13,0,13,0,0,0,0,0,0,0,0,0,0,0,0,0,0,0,0,0,0,0,0,0,0,1,10,1,10,0,11,-1,11,-2,11,-2,12,-3,12,-3,12,-4,12,-4,11,-4,11,-4,11,-4,11,-4,11,-4,11,-3,11,-3,11,-2,11,-2,12,-2,12,-2,12,-1,13,-1,13,0,13,-1,14,0,14]"
2025-08-18 22:40:37.877030,CSI_DATA,367,1a:00:00:00:00:00,-43,11,0,0,0,0,0,0,0,0,0,-94,0,1,0,63966509,0,31,0,128,0,"[0,0,-14,-3,-15,-3,-14,-3,-14,-2,-13,-2,-13,-2,-13,-1,-13,0,-13,0,-13,1,-12,1,-12,2,-13,2,-12,3,-13,3,-13,3,-14,3,-14,3,-14,3,-14,3,-15,2,-14,2,-15,1,-14,0,-14,0,-14,-1,0,0,0,0,0,0,0,0,0,0,0,0,0,0,0,0,0,0,0,0,0,0,-11,-1,-11,-2,-12,-3,-11,-4,-12,-4,-12,-5,-12,-6,-12,-6,-12,-6,-11,-7,-11,-7,-11,-7,-11,-6,-11,-6,-11,-6,-11,-5,-11,-5,-12,-5,-12,-4,-12,-4,-13,-4,-13,-4,-14,-3,-14,-3,-14,-3,-14,-3]"
2025-08-18 22:40:38.072444,CSI_DATA,368,1a:00:00:00:00:00,-43,11,0,0,0,0,0,0,0,0,0,-94,0,1,0,64167650,0,31,0,128,0,"[0,0,-2,13,-2,13,-1,13,-1,12,-1,12,-1,12,0,12,1,12,1,11,2,11,2,11,3,11,3,11,4,11,4,11,5,11,4,12,4,12,4,12,4,12,4,13,3,13,2,13,2,13,1,12,0,13,0,0,0,0,0,0,0,0,0,0,0,0,0,0,0,0,0,0,0,0,0,0,0,9,-1,10,-2,10,-3,11,-3,11,-4,11,-4,11,-5,11,-5,11,-6,10,-6,10,-6,10,-5,10,-5,10,-5,10,-4,10,-4,11,-3,11,-3,11,-3,12,-3,12,-2,12,-2,12,-2,13,-2,13,-2,13]"
2025-08-18 22:40:38.145883,CSI_DATA,369,1a:00:00:00:00:00,-43,11,0,0,0,0,0,0,0,0,0,-94,0,1,0,64228486,0,42,0,128,0,"[0,0,7,-12,7,-13,6,-12,6,-12,6,-12,6,-12,5,-12,4,-12,4,-12,3,-12,3,-12,2,-12,2,-13,1,-13,1,-14,1,-14,1,-14,1,-14,2,-15,2,-14,3,-14,3,-14,4,-14,5,-14,5,-13,5,-12,0,0,0,0,0,0,0,0,0,0,0,0,0,0,0,0,0,0,0,0,0,0,4,-10,5,-10,6,-10,6,-10,7,-10,7,-10,8,-9,9,-9,9,-9,9,-8,9,-8,9,-8,9,-8,9,-8,8,-8,8,-9,7,-9,8,-10,7,-10,7,-10,7,-11,7,-11,7,-12,7,-12,7,-12,7,-12]"
2025-08-18 22:40:38.208998,CSI_DATA,370,1a:00:00:00:00:00,-43,11,0,0,0,0,0,0,0,0,0,-94,0,1,0,64297068,0,31,0,128,0,"[0,0,-12,-9,-12,-9,-11,-9,-11,-9,-11,-8,-11,-8,-11,-7,-11,-7,-11,-6,-12,-5,-12,-5,-12,-5,-12,-4,-13,-4,-13,-4,-13,-4,-14,-4,-14,-4,-14,-4,-14,-5,-14,-5,-13,-6,-13,-6,-13,-7,-12,-7,-12,-8,0,0,0,0,0,0,0,0,0,0,0,0,0,0,0,0,0,0,0,0,0,0,-9,-6,-9,-7,-9,-8,-9,-8,-9,-9,-9,-10,-8,-10,-8,-11,-8,-11,-7,-11,-7,-11,-7,-11,-7,-11,-7,-10,-7,-10,-8,-10,-8,-9,-9,-9,-9,-9,-9,-9,-10,-9,-10,-9,-11,-9,-11,-9,-11,-9,-11,-9]"
2025-08-18 22:40:38.403700,CSI_DATA,371,1a:00:00:00:00:00,-43,11,0,0,0,0,0,0,0,0,0,-94,0,1,0,64498405,0,31,0,128,0,"[0,0,13,-1,13,-1,12,-1,12,-2,12,-2,12,-2,11,-2,11,-3,11,-3,11,-4,10,-5,10,-5,10,-5,10,-6,10,-7,11,-7,11,-7,11,-7,12,-7,12,-6,12,-6,12,-5,12,-5,12,-4,12,-3,12,-2,0,0,0,0,0,0,0,0,0,0,0,0,0,0,0,0,0,0,0,0,0,0,9,-2,10,-1,10,-1,10,0,11,0,11,1,11,2,11,2,11,3,11,3,11,3,10,3,10,3,10,3,11,2,10,2,11,1,11,1,11,1,12,0,12,0,12,0,12,0,13,-1,13,-1,13,-1]"
2025-08-18 22:40:38.602174,CSI_DATA,372,1a:00:00:00:00:00,-43,11,0,0,0,0,0,0,0,0,0,-94,0,1,0,64701068,0,31,0,128,0,"[0,0,10,8,10,8,10,8,11,8,10,7,10,7,10,6,10,5,10,5,11,4,11,4,11,3,11,3,12,3,12,2,12,2,13,2,13,3,14,3,13,3,13,4,13,4,12,5,12,6,11,6,11,7,0,0,0,0,0,0,0,0,0,0,0,0,0,0,0,0,0,0,0,0,0,0,8,5,8,6,8,7,8,8,8,8,7,9,7,10,7,10,6,10,6,10,6,10,5,10,5,10,6,9,6,9,6,9,7,9,7,8,8,8,8,8,8,8,9,8,10,8,10,8,10,9,10,8]"
2025-08-18 22:40:38.808013,CSI_DATA,373,1a:00:00:00:00:00,-43,11,0,0,0,0,0,0,0,0,0,-94,0,1,0,64900425,0,31,0,128,0,"[0,0,5,-13,4,-13,4,-13,4,-13,4,-13,3,-13,3,-13,2,-13,2,-12,1,-13,0,-13,0,-13,0,-13,-1,-13,-1,-13,-1,-14,-1,-14,-1,-14,0,-15,0,-15,1,-15,1,-15,2,-15,2,-14,3,-14,4,-13,0,0,0,0,0,0,0,0,0,0,0,0,0,0,0,0,0,0,0,0,0,0,2,-11,2,-11,3,-11,4,-11,5,-11,5,-11,6,-11,7,-11,7,-10,7,-10,7,-10,7,-10,7,-10,7,-10,7,-10,6,-10,6,-10,5,-11,5,-11,5,-12,5,-12,5,-12,5,-13,4,-13,5,-13,4,-13]"
2025-08-18 22:40:39.013103,CSI_DATA,374,1a:00:00:00:00:00,-43,11,0,0,0,0,0,0,0,0,0,-94,0,1,0,65101607,0,31,0,128,0,"[0,0,-14,-6,-13,-6,-13,-6,-13,-5,-13,-5,-13,-5,-13,-4,-13,-3,-12,-3,-12,-2,-12,-2,-13,-2,-13,-1,-13,0,-13,0,-14,0,-14,0,-15,0,-15,0,-15,0,-15,-1,-15,-2,-14,-2,-14,-3,-14,-4,-14,-4,0,0,0,0,0,0,0,0,0,0,0,0,0,0,0,0,0,0,0,0,0,0,-10,-4,-11,-5,-10,-6,-11,-6,-10,-7,-10,-8,-10,-8,-10,-9,-10,-9,-9,-9,-9,-9,-9,-9,-9,-9,-9,-9,-9,-9,-9,-8,-10,-8,-10,-7,-11,-8,-11,-7,-12,-7,-12,-7,-13,-6,-13,-7,-13,-6,-13,-6]"
2025-08-18 22:40:39.228218,CSI_DATA,375,1a:00:00:00:00:00,-43,11,0,0,0,0,0,0,0,0,0,-94,0,1,0,65302848,0,31,0,128,0,"[0,0,-12,-8,-11,-8,-11,-8,-11,-8,-11,-8,-11,-7,-11,-7,-11,-6,-11,-5,-11,-5,-12,-4,-12,-4,-12,-4,-13,-3,-13,-3,-13,-3,-13,-3,-14,-3,-14,-3,-14,-3,-14,-4,-14,-5,-13,-5,-13,-6,-12,-6,-12,-7,0,0,0,0,0,0,0,0,0,0,0,0,0,0,0,0,0,0,0,0,0,0,-9,-6,-9,-7,-9,-7,-9,-8,-8,-9,-9,-9,-8,-10,-8,-10,-8,-10,-7,-11,-7,-10,-7,-11,-7,-10,-7,-10,-7,-10,-7,-9,-8,-9,-8,-9,-9,-9,-9,-9,-10,-9,-10,-9,-11,-9,-11,-9,-11,-9,-11,-9]"
2025-08-18 22:40:39.414938,CSI_DATA,376,1a:00:00:00:00:00,-43,11,0,0,0,0,0,0,0,0,0,-94,0,1,0,65504175,0,31,0,128,0,"[0,0,-1,-15,-1,-15,-1,-15,-1,-14,-2,-14,-2,-13,-2,-13,-3,-13,-3,-13,-4,-12,-4,-12,-5,-12,-5,-12,-6,-12,-6,-12,-7,-12,-6,-13,-7,-13,-7,-13,-6,-14,-6,-14,-5,-14,-4,-14,-4,-14,-3,-14,-2,-14,0,0,0,0,0,0,0,0,0,0,0,0,0,0,0,0,0,0,0,0,0,0,-2,-11,-1,-11,-1,-12,0,-12,1,-12,1,-13,2,-13,2,-13,3,-12,3,-12,3,-12,3,-12,3,-12,3,-12,3,-12,2,-12,2,-12,1,-12,1,-13,1,-13,0,-13,0,-14,0,-14,0,-14,-1,-14,-1,-15]"
2025-08-18 22:40:39.617410,CSI_DATA,377,1a:00:00:00:00:00,-43,11,0,0,0,0,0,0,0,0,0,-94,0,1,0,65705230,0,31,0,128,0,"[0,0,-8,-12,-8,-12,-8,-12,-8,-12,-9,-11,-8,-11,-9,-10,-9,-10,-9,-9,-10,-8,-10,-8,-10,-8,-11,-8,-11,-7,-12,-7,-12,-7,-12,-8,-12,-8,-12,-8,-12,-9,-12,-9,-11,-10,-11,-10,-10,-10,-10,-11,-9,-11,0,0,0,0,0,0,0,0,0,0,0,0,0,0,0,0,0,0,0,0,0,0,-7,-8,-7,-9,-7,-10,-6,-10,-6,-11,-5,-11,-5,-12,-4,-12,-4,-12,-4,-13,-4,-13,-3,-12,-4,-12,-4,-12,-4,-11,-5,-12,-5,-11,-6,-11,-6,-12,-6,-12,-7,-12,-7,-12,-8,-12,-8,-12,-8,-12,-8,-12]"
2025-08-18 22:40:39.674225,CSI_DATA,378,1a:00:00:00:00:00,-43,11,0,0,0,0,0,0,0,0,0,-94,0,1,0,65766042,0,42,0,128,0,"[0,0,-14,2,-14,2,-14,2,-14,2,-13,3,-13,3,-13,3,-12,3,-12,4,-12,5,-11,5,-11,6,-11,6,-11,6,-11,7,-11,7,-12,7,-12,7,-13,7,-13,7,-13,6,-13,6,-14,5,-14,5,-14,4,-13,3,0,0,0,0,0,0,0,0,0,0,0,0,0,0,0,0,0,0,0,0,0,0,-10,3,-11,2,-12,2,-12,1,-13,1,-12,0,-13,-1,-13,-2,-13,-2,-13,-2,-13,-2,-12,-2,-12,-2,-12,-2,-12,-2,-12,-1,-12,-1,-13,0,-12,0,-13,0,-13,0,-13,1,-14,2,-14,2,-14,2,-14,2]"
2025-08-18 22:40:39.738232,CSI_DATA,379,1a:00:00:00:00:00,-43,11,0,0,0,0,0,0,0,0,0,-94,0,1,0,65832100,0,31,0,128,0,"[0,0,-10,10,-9,10,-9,10,-9,10,-8,10,-8,10,-7,10,-7,10,-6,10,-6,11,-5,11,-5,11,-5,11,-4,12,-4,12,-4,12,-4,13,-4,13,-5,13,-5,13,-6,13,-6,13,-7,12,-7,12,-8,11,-8,10,0,0,0,0,0,0,0,0,0,0,0,0,0,0,0,0,0,0,0,0,0,0,-6,8,-7,8,-8,8,-8,8,-9,8,-10,7,-10,7,-11,7,-11,7,-11,6,-11,6,-11,6,-11,6,-10,6,-10,6,-10,6,-10,7,-9,8,-10,8,-9,8,-10,8,-9,9,-9,10,-9,10,-10,10,-9,11]"
2025-08-18 22:40:39.946152,CSI_DATA,380,1a:00:00:00:00:00,-43,11,0,0,0,0,0,0,0,0,0,-94,0,1,0,66033200,0,31,0,128,0,"[0,0,-9,-12,-8,-12,-8,-12,-8,-11,-8,-11,-9,-10,-9,-10,-9,-10,-9,-9,-10,-8,-10,-8,-11,-7,-11,-7,-11,-7,-12,-7,-12,-7,-12,-7,-13,-8,-13,-8,-12,-8,-12,-9,-12,-10,-11,-9,-11,-10,-10,-10,-10,-11,0,0,0,0,0,0,0,0,0,0,0,0,0,0,0,0,0,0,0,0,0,0,-7,-8,-7,-9,-6,-10,-6,-11,-6,-11,-5,-12,-5,-12,-4,-13,-4,-13,-4,-13,-4,-12,-4,-12,-4,-12,-4,-12,-4,-12,-4,-11,-5,-12,-6,-11,-6,-12,-6,-11,-7,-12,-7,-12,-8,-12,-8,-12,-8,-12,-8,-12]"
2025-08-18 22:40:40.141380,CSI_DATA,381,1a:00:00:00:00:00,-43,11,0,0,0,0,0,0,0,0,0,-94,0,1,0,66234411,0,31,0,128,0,"[0,0,-10,11,-10,10,-10,10,-8,10,-9,10,-8,10,-8,10,-7,10,-7,10,-6,10,-5,11,-5,11,-5,11,-4,12,-4,11,-4,12,-4,12,-5,13,-5,13,-5,13,-6,13,-7,13,-7,12,-7,12,-8,11,-8,11,0,0,0,0,0,0,0,0,0,0,0,0,0,0,0,0,0,0,0,0,0,0,-6,8,-7,8,-8,8,-9,8,-9,7,-10,8,-10,7,-11,7,-11,6,-11,6,-11,6,-11,6,-10,6,-10,6,-11,6,-10,6,-10,7,-9,7,-10,8,-10,8,-9,9,-10,9,-9,9,-9,10,-10,10,-9,10]"
2025-08-18 22:40:40.343058,CSI_DATA,382,1a:00:00:00:00:00,-43,11,0,0,0,0,0,0,0,0,0,-94,0,1,0,66435577,0,31,0,128,0,"[0,0,10,-10,10,-10,10,-10,9,-9,9,-10,8,-10,8,-10,7,-10,7,-10,6,-11,6,-11,5,-11,5,-12,4,-12,4,-12,5,-13,5,-13,5,-14,5,-14,5,-13,6,-13,7,-13,7,-12,8,-12,8,-11,9,-11,0,0,0,0,0,0,0,0,0,0,0,0,0,0,0,0,0,0,0,0,0,0,6,-8,7,-8,8,-8,9,-7,9,-7,10,-7,11,-7,11,-6,11,-5,11,-5,11,-5,11,-5,11,-5,10,-5,10,-6,10,-6,10,-6,9,-7,10,-8,10,-8,10,-8,10,-9,10,-9,10,-10,10,-9,10,-10]"
2025-08-18 22:40:40.552657,CSI_DATA,383,1a:00:00:00:00:00,-43,11,0,0,0,0,0,0,0,0,0,-94,0,1,0,66636951,0,31,0,128,0,"[0,0,-11,-10,-11,-10,-11,-9,-11,-9,-11,-9,-11,-8,-11,-7,-11,-7,-11,-6,-11,-6,-12,-6,-12,-5,-12,-5,-12,-4,-13,-4,-13,-4,-13,-4,-14,-4,-14,-4,-14,-5,-14,-5,-14,-6,-13,-7,-13,-7,-12,-8,-12,-8,0,0,0,0,0,0,0,0,0,0,0,0,0,0,0,0,0,0,0,0,0,0,-9,-7,-9,-7,-9,-8,-8,-9,-8,-9,-8,-10,-8,-11,-7,-11,-7,-11,-6,-12,-6,-12,-6,-11,-6,-11,-6,-11,-7,-10,-7,-10,-7,-10,-8,-10,-8,-10,-9,-10,-9,-10,-10,-10,-10,-10,-10,-10,-10,-10,-11,-10]"
2025-08-18 22:40:40.745058,CSI_DATA,384,1a:00:00:00:00:00,-43,11,0,0,0,0,0,0,0,0,0,-94,0,1,0,66838000,0,31,0,128,0,"[0,0,6,-13,6,-13,5,-13,5,-13,5,-13,4,-13,4,-13,3,-12,2,-12,2,-12,1,-13,1,-13,0,-13,0,-13,-1,-13,-1,-14,0,-14,0,-15,0,-15,0,-15,1,-15,1,-15,2,-14,3,-14,3,-14,4,-13,0,0,0,0,0,0,0,0,0,0,0,0,0,0,0,0,0,0,0,0,0,0,3,-10,4,-10,5,-10,6,-10,6,-10,7,-10,8,-10,8,-10,8,-9,9,-9,8,-9,9,-9,9,-9,8,-9,8,-9,7,-9,7,-10,6,-10,7,-11,6,-11,6,-11,6,-12,6,-12,6,-13,6,-13,6,-13]"
2025-08-18 22:40:40.947929,CSI_DATA,385,1a:00:00:00:00:00,-43,11,0,0,0,0,0,0,0,0,0,-94,0,1,0,67039149,0,31,0,128,0,"[0,0,-16,1,-15,1,-15,1,-15,1,-14,2,-14,2,-14,2,-13,3,-13,3,-13,4,-12,5,-12,5,-12,6,-12,6,-12,7,-12,7,-13,7,-13,7,-14,7,-14,6,-14,6,-14,5,-15,5,-15,4,-14,4,-15,2,0,0,0,0,0,0,0,0,0,0,0,0,0,0,0,0,0,0,0,0,0,0,-11,1,-12,1,-12,0,-13,-1,-13,-1,-13,-2,-14,-3,-14,-3,-13,-4,-13,-4,-13,-4,-13,-4,-13,-4,-13,-3,-12,-3,-13,-3,-13,-2,-13,-2,-13,-1,-14,-1,-14,-1,-14,-1,-15,0,-15,1,-15,1,-15,1]"
2025-08-18 22:40:41.211329,CSI_DATA,386,1a:00:00:00:00:00,-43,11,0,0,0,0,0,0,0,0,0,-94,0,1,0,67240311,0,31,0,128,0,"[0,0,10,-10,9,-10,9,-10,9,-10,8,-10,8,-10,7,-10,7,-10,6,-11,6,-11,5,-11,5,-12,5,-12,4,-12,4,-13,4,-13,4,-14,4,-13,5,-14,5,-14,6,-13,6,-13,7,-13,7,-12,8,-11,8,-11,0,0,0,0,0,0,0,0,0,0,0,0,0,0,0,0,0,0,0,0,0,0,6,-8,7,-8,8,-8,8,-8,9,-7,9,-7,10,-7,11,-6,11,-6,11,-5,11,-5,11,-5,11,-5,10,-6,10,-6,10,-6,10,-7,9,-7,9,-8,10,-8,9,-8,10,-9,10,-9,10,-10,10,-10,10,-10]"
2025-08-18 22:40:41.216370,CSI_DATA,387,1a:00:00:00:00:00,-42,11,0,0,0,0,0,0,0,0,0,-94,0,1,0,67301128,0,42,0,128,0,"[0,0,11,8,11,8,11,7,11,7,11,7,11,6,11,6,11,5,11,4,11,4,12,4,11,3,12,3,12,2,13,2,13,2,13,2,14,2,14,2,14,3,14,3,13,4,13,5,12,5,12,6,12,6,0,0,0,0,0,0,0,0,0,0,0,0,0,0,0,0,0,0,0,0,0,0,9,5,9,5,9,6,9,7,9,8,8,8,8,9,8,9,7,10,7,10,7,10,6,10,7,10,7,9,7,9,7,9,8,8,8,8,9,8,9,8,9,8,10,8,11,8,11,8,11,8,11,8]"
2025-08-18 22:40:41.273128,CSI_DATA,388,1a:00:00:00:00:00,-43,11,0,0,0,0,0,0,0,0,0,-94,0,1,0,67367858,0,31,0,128,0,"[0,0,-6,13,-6,12,-6,12,-5,12,-5,13,-4,12,-4,12,-3,12,-3,12,-2,11,-1,12,0,12,0,12,0,12,1,12,1,13,1,13,1,14,0,14,0,14,-1,14,-1,14,-2,14,-2,14,-3,13,-4,13,0,0,0,0,0,0,0,0,0,0,0,0,0,0,0,0,0,0,0,0,0,0,-4,10,-5,10,-5,10,-6,10,-7,10,-8,10,-8,10,-9,9,-9,9,-9,9,-9,9,-9,9,-9,9,-8,8,-8,9,-8,9,-7,9,-7,10,-7,10,-7,10,-7,11,-7,11,-6,12,-6,13,-6,13,-6,13]"
2025-08-18 22:40:41.476708,CSI_DATA,389,1a:00:00:00:00:00,-43,11,0,0,0,0,0,0,0,0,0,-94,0,1,0,67568637,0,31,0,128,0,"[0,0,-14,3,-14,3,-13,3,-13,4,-13,4,-12,4,-12,4,-12,5,-11,5,-11,6,-11,6,-10,7,-10,7,-10,7,-10,8,-10,8,-11,8,-11,8,-12,9,-12,8,-12,8,-12,7,-13,7,-13,6,-13,5,-13,5,0,0,0,0,0,0,0,0,0,0,0,0,0,0,0,0,0,0,0,0,0,0,-10,4,-10,3,-11,2,-12,2,-12,1,-12,1,-13,0,-13,0,-13,-1,-13,-1,-13,-1,-13,-1,-12,-1,-12,-1,-12,-1,-12,0,-12,0,-12,1,-12,1,-13,2,-13,2,-13,2,-13,3,-14,3,-14,3,-14,4]"
2025-08-18 22:40:41.679109,CSI_DATA,390,1a:00:00:00:00:00,-43,11,0,0,0,0,0,0,0,0,0,-94,0,1,0,67769979,0,31,0,128,0,"[0,0,1,-15,0,-14,0,-14,0,-14,0,-14,-1,-13,-1,-13,-2,-13,-2,-13,-3,-12,-3,-13,-4,-12,-4,-12,-5,-12,-5,-12,-5,-13,-5,-13,-6,-13,-6,-14,-5,-14,-5,-14,-4,-14,-3,-14,-2,-14,-2,-14,-1,-14,0,0,0,0,0,0,0,0,0,0,0,0,0,0,0,0,0,0,0,0,0,0,-1,-11,0,-11,1,-12,1,-12,2,-12,3,-12,3,-13,3,-12,4,-12,4,-12,5,-12,5,-11,5,-11,4,-11,4,-12,3,-12,3,-12,2,-12,2,-13,2,-13,1,-13,1,-14,1,-14,1,-14,1,-14,0,-14]"
2025-08-18 22:40:41.879706,CSI_DATA,391,1a:00:00:00:00:00,-43,11,0,0,0,0,0,0,0,0,0,-94,0,1,0,67971107,0,31,0,128,0,"[0,0,3,-14,3,-14,3,-14,3,-13,2,-13,2,-13,1,-13,1,-13,0,-13,-1,-13,-1,-13,-2,-13,-2,-13,-2,-13,-3,-13,-3,-14,-3,-14,-3,-14,-3,-15,-2,-15,-2,-15,-1,-15,-1,-15,0,-15,1,-14,2,-14,0,0,0,0,0,0,0,0,0,0,0,0,0,0,0,0,0,0,0,0,0,0,1,-11,2,-11,3,-11,4,-11,4,-12,5,-12,5,-11,6,-11,6,-11,7,-11,7,-10,7,-10,6,-10,6,-10,6,-10,5,-10,5,-11,5,-11,5,-12,4,-12,4,-12,4,-13,3,-13,3,-14,4,-14,3,-14]"
2025-08-18 22:40:42.085061,CSI_DATA,392,1a:00:00:00:00:00,-43,11,0,0,0,0,0,0,0,0,0,-94,0,1,0,68172225,0,31,0,128,0,"[0,0,-8,-13,-8,-12,-8,-12,-8,-12,-8,-11,-8,-11,-8,-11,-9,-10,-9,-9,-9,-9,-10,-9,-10,-8,-11,-8,-11,-8,-11,-7,-12,-8,-12,-8,-12,-8,-12,-9,-12,-9,-12,-9,-11,-10,-11,-10,-10,-11,-9,-11,-9,-11,0,0,0,0,0,0,0,0,0,0,0,0,0,0,0,0,0,0,0,0,0,0,-7,-9,-6,-9,-6,-10,-5,-11,-5,-12,-5,-12,-4,-13,-4,-12,-3,-13,-3,-13,-3,-13,-3,-12,-3,-12,-3,-12,-3,-12,-4,-12,-4,-12,-5,-12,-5,-12,-6,-12,-6,-12,-7,-12,-7,-12,-7,-12,-7,-13,-7,-12]"
2025-08-18 22:40:42.295204,CSI_DATA,393,1a:00:00:00:00:00,-43,11,0,0,0,0,0,0,0,0,0,-94,0,1,0,68373477,0,31,0,128,0,"[0,0,-14,4,-14,4,-14,4,-14,4,-13,4,-13,5,-12,5,-12,6,-12,6,-11,7,-11,7,-10,7,-10,8,-10,8,-10,9,-11,9,-11,9,-11,9,-12,9,-12,9,-12,9,-13,8,-13,7,-13,6,-13,6,-13,5,0,0,0,0,0,0,0,0,0,0,0,0,0,0,0,0,0,0,0,0,0,0,-10,4,-11,4,-11,3,-12,2,-13,2,-13,2,-13,1,-13,0,-13,0,-13,0,-13,-1,-13,-1,-13,-1,-13,0,-12,0,-13,0,-13,1,-13,1,-13,2,-13,2,-13,3,-14,3,-14,4,-14,4,-14,4,-14,4]"
2025-08-18 22:40:42.477582,CSI_DATA,394,1a:00:00:00:00:00,-43,11,0,0,0,0,0,0,0,0,0,-94,0,1,0,68574601,0,31,0,128,0,"[0,0,14,3,14,3,13,2,14,2,13,2,13,2,13,1,12,1,12,0,12,-1,12,-2,12,-2,12,-2,12,-2,13,-3,13,-3,13,-3,13,-3,14,-3,14,-2,14,-2,14,-1,14,0,14,0,13,1,13,2,0,0,0,0,0,0,0,0,0,0,0,0,0,0,0,0,0,0,0,0,0,0,10,1,10,2,11,2,10,3,11,4,11,4,11,5,11,6,11,6,10,6,10,6,10,6,10,6,10,6,10,5,10,5,10,5,11,4,11,4,12,4,12,4,12,4,13,3,13,3,13,3,13,3]"
2025-08-18 22:40:42.677743,CSI_DATA,395,1a:00:00:00:00:00,-43,11,0,0,0,0,0,0,0,0,0,-94,0,1,0,68775768,0,31,0,128,0,"[0,0,13,4,12,4,12,4,12,3,12,3,12,3,12,2,12,2,12,1,11,0,12,0,12,-1,12,-1,12,-1,12,-2,13,-2,13,-2,13,-2,14,-1,14,-1,14,-1,14,1,13,1,13,1,13,2,13,3,0,0,0,0,0,0,0,0,0,0,0,0,0,0,0,0,0,0,0,0,0,0,10,2,10,3,10,3,10,4,10,5,10,6,10,6,10,6,9,7,9,7,9,7,9,7,9,7,9,7,9,7,9,6,10,6,10,5,10,5,11,5,11,5,11,5,12,4,13,4,13,4,13,4]"
2025-08-18 22:40:42.739142,CSI_DATA,396,1a:00:00:00:00:00,-43,11,0,0,0,0,0,0,0,0,0,-94,0,1,0,68836580,0,42,0,128,0,"[0,0,13,4,13,3,13,3,13,2,13,2,12,2,12,1,12,0,12,0,12,-1,12,-1,12,-2,12,-2,12,-3,12,-3,12,-4,13,-3,13,-3,13,-3,14,-3,14,-3,14,-2,14,-1,13,0,13,0,13,1,0,0,0,0,0,0,0,0,0,0,0,0,0,0,0,0,0,0,0,0,0,0,9,2,10,2,10,3,10,4,10,5,10,5,10,6,10,6,10,6,9,7,9,7,9,7,9,7,9,6,9,6,9,6,10,5,10,5,11,5,11,4,11,4,12,4,12,4,13,4,13,4,13,4]"
2025-08-18 22:40:42.824363,CSI_DATA,397,1a:00:00:00:00:00,-43,11,0,0,0,0,0,0,0,0,0,-94,0,1,0,68904150,0,31,0,128,0,"[0,0,-13,7,-12,7,-12,7,-12,7,-11,7,-11,7,-10,7,-10,8,-9,8,-9,8,-8,9,-8,9,-8,9,-8,10,-7,10,-7,10,-8,11,-8,11,-9,11,-9,11,-9,11,-10,10,-10,10,-10,9,-11,8,-11,8,0,0,0,0,0,0,0,0,0,0,0,0,0,0,0,0,0,0,0,0,0,0,-8,6,-9,6,-10,5,-11,5,-11,5,-12,4,-12,4,-12,3,-12,3,-12,2,-13,2,-12,2,-12,2,-12,2,-12,3,-12,3,-12,4,-12,4,-12,5,-12,5,-12,5,-12,6,-12,7,-12,7,-12,7,-12,7]"
2025-08-18 22:40:43.011110,CSI_DATA,398,1a:00:00:00:00:00,-43,11,0,0,0,0,0,0,0,0,0,-94,0,1,0,69104946,0,31,0,128,0,"[0,0,9,-11,8,-11,8,-11,8,-11,8,-11,7,-11,6,-11,6,-11,5,-11,5,-12,4,-12,4,-12,4,-12,3,-13,3,-13,3,-13,3,-13,3,-14,4,-14,4,-14,5,-14,5,-13,6,-13,6,-12,7,-12,7,-11,0,0,0,0,0,0,0,0,0,0,0,0,0,0,0,0,0,0,0,0,0,0,5,-9,6,-9,6,-9,7,-9,8,-9,9,-9,9,-8,9,-8,10,-8,10,-7,10,-7,10,-7,9,-7,9,-7,9,-7,9,-7,9,-8,8,-8,8,-9,8,-9,9,-10,8,-10,8,-11,8,-11,8,-11,8,-11]"
2025-08-18 22:40:43.213327,CSI_DATA,399,1a:00:00:00:00:00,-43,11,0,0,0,0,0,0,0,0,0,-94,0,1,0,69306204,0,31,0,128,0,"[0,0,-13,6,-13,6,-12,6,-12,6,-12,6,-12,6,-11,6,-11,7,-10,7,-10,8,-9,8,-9,8,-9,9,-8,9,-9,10,-9,10,-9,10,-9,10,-10,10,-10,10,-11,9,-11,9,-12,8,-12,8,-12,7,-12,6,0,0,0,0,0,0,0,0,0,0,0,0,0,0,0,0,0,0,0,0,0,0,-9,6,-9,6,-10,5,-11,5,-11,4,-12,4,-12,3,-13,3,-12,2,-13,2,-12,2,-12,2,-12,2,-12,2,-12,2,-12,3,-12,3,-12,4,-12,4,-12,4,-12,5,-13,5,-12,6,-13,6,-13,6,-13,6]"
2025-08-18 22:40:43.418455,CSI_DATA,400,1a:00:00:00:00:00,-43,11,0,0,0,0,0,0,0,0,0,-94,0,1,0,69507308,0,31,0,128,0,"[0,0,-3,-14,-3,-14,-3,-14,-3,-13,-3,-13,-3,-13,-4,-13,-4,-12,-5,-12,-5,-11,-5,-11,-6,-11,-6,-11,-7,-11,-7,-11,-7,-11,-7,-12,-8,-12,-7,-13,-7,-13,-7,-13,-6,-13,-5,-13,-5,-13,-4,-13,-3,-13,0,0,0,0,0,0,0,0,0,0,0,0,0,0,0,0,0,0,0,0,0,0,-4,-10,-3,-10,-2,-11,-2,-11,-1,-12,-1,-12,0,-12,0,-13,1,-13,1,-13,1,-12,1,-12,1,-12,1,-12,1,-12,0,-12,0,-12,-1,-12,-1,-12,-1,-13,-1,-13,-2,-13,-3,-14,-2,-14,-3,-14,-2,-14]"
2025-08-18 22:40:43.611494,CSI_DATA,401,1a:00:00:00:00:00,-43,11,0,0,0,0,0,0,0,0,0,-94,0,1,0,69708457,0,31,0,128,0,"[0,0,12,6,11,6,11,6,12,5,11,5,11,5,11,4,11,4,11,3,11,2,11,2,11,1,12,1,12,1,12,0,13,0,13,1,13,1,14,1,14,2,14,2,13,3,13,3,13,4,12,5,12,5,0,0,0,0,0,0,0,0,0,0,0,0,0,0,0,0,0,0,0,0,0,0,10,3,10,3,10,4,10,5,10,6,10,6,9,7,9,8,9,8,8,8,8,8,8,8,8,8,8,8,8,8,8,7,9,7,9,6,10,6,10,6,10,7,11,6,11,6,12,6,12,6,12,6]"
2025-08-18 22:40:43.810891,CSI_DATA,402,1a:00:00:00:00:00,-43,11,0,0,0,0,0,0,0,0,0,-94,0,1,0,69909606,0,31,0,128,0,"[0,0,13,5,12,5,12,5,12,4,12,4,12,4,12,3,12,3,12,2,11,1,12,1,12,0,12,0,12,-1,12,-1,13,-1,13,-1,14,-1,14,-1,14,0,14,0,14,1,13,1,13,2,13,2,13,3,0,0,0,0,0,0,0,0,0,0,0,0,0,0,0,0,0,0,0,0,0,0,9,3,9,4,9,4,10,5,9,6,10,7,9,7,9,7,9,8,8,8,8,8,8,8,8,8,8,8,8,7,8,7,9,7,10,6,10,6,10,6,11,6,11,6,12,5,12,5,12,6,12,5]"
2025-08-18 22:40:44.017177,CSI_DATA,403,1a:00:00:00:00:00,-43,11,0,0,0,0,0,0,0,0,0,-94,0,1,0,70110959,0,31,0,128,0,"[0,0,-12,8,-11,8,-12,8,-11,8,-11,8,-10,8,-10,8,-9,9,-9,9,-8,9,-7,9,-7,10,-7,10,-7,11,-7,11,-7,11,-7,11,-7,12,-8,12,-8,11,-9,11,-9,11,-9,11,-9,10,-10,9,-10,9,0,0,0,0,0,0,0,0,0,0,0,0,0,0,0,0,0,0,0,0,0,0,-8,7,-9,7,-9,6,-10,6,-11,6,-11,5,-12,5,-12,4,-12,4,-12,3,-12,4,-12,4,-12,3,-12,4,-12,4,-11,4,-11,5,-11,5,-11,6,-11,6,-11,6,-12,7,-11,7,-11,8,-12,8,-12,8]"
2025-08-18 22:40:44.212308,CSI_DATA,404,1a:00:00:00:00:00,-43,11,0,0,0,0,0,0,0,0,0,-94,0,1,0,70312137,0,31,0,128,0,"[0,0,10,9,9,8,9,8,10,8,10,7,10,7,10,6,10,6,10,5,10,4,10,4,10,4,11,4,11,3,12,3,12,3,12,3,13,3,13,4,13,4,13,4,12,5,11,6,11,6,11,7,10,7,0,0,0,0,0,0,0,0,0,0,0,0,0,0,0,0,0,0,0,0,0,0,8,5,8,6,7,7,7,8,7,8,7,9,6,9,7,9,6,10,6,10,5,10,5,10,5,9,5,9,6,9,6,9,6,9,7,8,7,8,8,8,8,8,9,8,9,8,9,9,10,9,10,8]"
2025-08-18 22:40:44.279935,CSI_DATA,405,1a:00:00:00:00:00,-43,11,0,0,0,0,0,0,0,0,0,-94,0,1,0,70372880,0,42,0,128,0,"[0,0,11,-9,11,-9,10,-9,10,-9,10,-9,9,-9,9,-9,8,-9,8,-10,7,-10,7,-10,6,-11,6,-11,6,-11,6,-12,6,-12,6,-13,6,-13,7,-13,7,-13,8,-12,8,-12,9,-11,9,-11,9,-10,10,-9,0,0,0,0,0,0,0,0,0,0,0,0,0,0,0,0,0,0,0,0,0,0,7,-7,8,-7,9,-7,9,-6,10,-6,10,-6,11,-5,11,-5,11,-4,11,-4,11,-4,11,-4,11,-4,11,-4,11,-4,10,-5,10,-5,10,-6,10,-6,10,-7,11,-7,11,-8,11,-8,11,-8,11,-8,11,-9]"
2025-08-18 22:40:44.349772,CSI_DATA,406,1a:00:00:00:00:00,-43,11,0,0,0,0,0,0,0,0,0,-94,0,1,0,70439934,0,31,0,128,0,"[0,0,-15,-1,-15,-1,-14,-1,-14,0,-14,0,-13,0,-13,1,-13,1,-13,2,-13,3,-12,3,-12,4,-12,4,-13,4,-12,5,-13,5,-13,5,-13,6,-14,5,-14,5,-15,4,-14,4,-14,3,-14,2,-14,2,-14,1,0,0,0,0,0,0,0,0,0,0,0,0,0,0,0,0,0,0,0,0,0,0,-11,0,-12,-1,-12,-2,-12,-2,-12,-3,-13,-3,-13,-4,-13,-5,-12,-5,-12,-5,-12,-5,-12,-5,-12,-5,-12,-5,-12,-4,-12,-4,-12,-3,-12,-3,-13,-3,-13,-2,-13,-2,-14,-2,-14,-1,-14,-1,-14,-1,-15,-1]"
2025-08-18 22:40:44.546680,CSI_DATA,407,1a:00:00:00:00:00,-43,11,0,0,0,0,0,0,0,0,0,-94,0,1,0,70640672,0,31,0,128,0,"[0,0,-9,10,-9,10,-9,10,-8,10,-8,10,-8,10,-7,10,-7,10,-6,10,-5,10,-5,10,-4,11,-4,11,-4,11,-4,11,-4,12,-4,12,-4,13,-4,13,-5,13,-5,13,-6,12,-6,12,-6,12,-7,11,-7,11,0,0,0,0,0,0,0,0,0,0,0,0,0,0,0,0,0,0,0,0,0,0,-6,8,-7,8,-8,7,-9,7,-9,7,-10,7,-10,7,-11,6,-11,6,-11,5,-11,5,-11,5,-10,5,-10,6,-10,6,-10,6,-10,7,-9,7,-10,7,-9,8,-9,8,-9,8,-9,9,-9,9,-9,10,-9,10]"
2025-08-18 22:40:44.754012,CSI_DATA,408,1a:00:00:00:00:00,-43,11,0,0,0,0,0,0,0,0,0,-94,0,1,0,70841842,0,31,0,128,0,"[0,0,-12,-9,-12,-9,-12,-9,-11,-8,-12,-8,-12,-8,-12,-7,-12,-7,-12,-6,-12,-5,-12,-5,-12,-4,-12,-4,-13,-4,-13,-3,-14,-3,-14,-4,-15,-4,-15,-4,-15,-4,-14,-5,-14,-6,-13,-6,-13,-7,-13,-7,-12,-8,0,0,0,0,0,0,0,0,0,0,0,0,0,0,0,0,0,0,0,0,0,0,-10,-5,-10,-6,-9,-7,-10,-8,-9,-9,-9,-10,-9,-10,-9,-10,-8,-11,-8,-11,-8,-11,-7,-11,-7,-11,-7,-10,-8,-10,-8,-9,-9,-10,-9,-9,-9,-9,-10,-9,-10,-9,-11,-9,-11,-9,-12,-9,-12,-9,-12,-9]"
2025-08-18 22:40:44.954986,CSI_DATA,409,1a:00:00:00:00:00,-43,11,0,0,0,0,0,0,0,0,0,-94,0,1,0,71042981,0,31,0,128,0,"[0,0,-11,-10,-11,-9,-11,-9,-11,-9,-11,-8,-11,-8,-11,-7,-11,-7,-11,-6,-11,-5,-12,-5,-12,-5,-12,-4,-13,-4,-13,-4,-14,-4,-13,-4,-14,-4,-14,-5,-14,-5,-14,-6,-14,-6,-13,-6,-13,-7,-12,-7,-12,-8,0,0,0,0,0,0,0,0,0,0,0,0,0,0,0,0,0,0,0,0,0,0,-9,-6,-9,-7,-9,-8,-9,-9,-9,-9,-8,-10,-8,-10,-8,-11,-7,-11,-7,-11,-7,-11,-7,-11,-7,-11,-7,-10,-7,-10,-7,-10,-8,-10,-8,-9,-9,-10,-9,-9,-10,-10,-10,-9,-11,-9,-11,-9,-11,-9,-11,-9]"
2025-08-18 22:40:45.155430,CSI_DATA,410,1a:00:00:00:00:00,-43,11,0,0,0,0,0,0,0,0,0,-94,0,1,0,71244356,0,31,0,128,0,"[0,0,-14,-4,-14,-4,-14,-4,-14,-4,-13,-3,-13,-3,-13,-3,-13,-2,-13,-1,-13,-1,-13,0,-13,1,-13,1,-13,1,-13,2,-14,2,-14,2,-14,2,-15,1,-15,1,-15,0,-15,-1,-14,-1,-14,-2,-14,-2,-14,-3,0,0,0,0,0,0,0,0,0,0,0,0,0,0,0,0,0,0,0,0,0,0,-11,-1,-11,-2,-11,-3,-12,-4,-12,-4,-12,-5,-11,-6,-12,-6,-11,-7,-11,-7,-11,-7,-11,-7,-11,-7,-11,-7,-11,-6,-11,-6,-11,-6,-12,-5,-12,-5,-12,-5,-13,-5,-13,-5,-14,-4,-14,-4,-14,-4,-14,-4]"
2025-08-18 22:40:45.363612,CSI_DATA,411,1a:00:00:00:00:00,-43,11,0,0,0,0,0,0,0,0,0,-94,0,1,0,71445510,0,31,0,128,0,"[0,0,14,1,13,0,13,0,13,0,13,-1,12,0,12,-1,12,-2,12,-2,11,-3,11,-4,11,-4,11,-5,11,-5,11,-5,12,-6,12,-6,13,-6,13,-5,13,-5,13,-4,13,-4,13,-3,13,-3,13,-2,13,-1,0,0,0,0,0,0,0,0,0,0,0,0,0,0,0,0,0,0,0,0,0,0,10,-1,10,-1,11,0,11,1,11,1,11,2,12,3,11,3,11,4,11,4,11,4,11,4,11,4,11,4,11,3,10,3,11,3,11,2,11,2,12,2,12,1,12,1,13,1,13,1,13,1,14,0]"
2025-08-18 22:40:45.552475,CSI_DATA,412,1a:00:00:00:00:00,-43,11,0,0,0,0,0,0,0,0,0,-94,0,1,0,71646630,0,31,0,128,0,"[0,0,6,-13,6,-13,6,-13,5,-12,5,-13,4,-12,4,-12,3,-12,2,-12,2,-12,2,-13,1,-13,1,-13,0,-13,0,-13,0,-14,0,-14,0,-14,0,-15,1,-15,1,-15,2,-15,2,-14,3,-14,4,-13,4,-13,0,0,0,0,0,0,0,0,0,0,0,0,0,0,0,0,0,0,0,0,0,0,3,-10,4,-10,5,-10,6,-10,7,-10,7,-10,8,-10,8,-9,8,-9,9,-9,9,-9,9,-8,9,-8,8,-8,8,-9,8,-9,7,-9,7,-10,7,-10,7,-11,7,-11,6,-12,6,-12,6,-12,6,-12,6,-13]"
2025-08-18 22:40:45.754197,CSI_DATA,413,1a:00:00:00:00:00,-43,11,0,0,0,0,0,0,0,0,0,-94,0,1,0,71847771,0,31,0,128,0,"[0,0,7,-13,7,-13,7,-12,7,-12,6,-13,6,-12,5,-12,5,-12,4,-12,3,-12,3,-13,2,-13,2,-13,1,-14,1,-13,1,-14,1,-14,1,-15,2,-15,2,-15,3,-15,3,-15,4,-14,5,-14,5,-13,6,-13,0,0,0,0,0,0,0,0,0,0,0,0,0,0,0,0,0,0,0,0,0,0,4,-10,5,-10,6,-10,7,-10,7,-10,8,-10,8,-9,9,-9,9,-9,9,-8,10,-8,9,-8,9,-8,9,-8,9,-8,8,-9,8,-9,8,-10,8,-10,8,-11,7,-11,8,-12,7,-12,7,-12,8,-12,8,-13]"
2025-08-18 22:40:45.809536,CSI_DATA,414,1a:00:00:00:00:00,-43,11,0,0,0,0,0,0,0,0,0,-94,0,1,0,71908572,0,42,0,128,0,"[0,0,4,13,4,13,5,12,5,12,5,12,5,11,5,11,6,10,6,10,7,9,7,9,7,9,8,9,8,9,9,8,9,8,9,9,10,9,10,9,9,10,9,10,8,11,8,11,7,11,7,11,6,11,0,0,0,0,0,0,0,0,0,0,0,0,0,0,0,0,0,0,0,0,0,0,4,9,4,9,3,10,3,10,2,11,2,12,1,12,1,12,0,12,0,12,0,12,0,12,0,12,0,11,0,11,1,11,1,11,2,11,2,11,3,12,3,12,3,12,4,12,4,13,4,13,5,13]"
2025-08-18 22:40:45.883065,CSI_DATA,415,1a:00:00:00:00:00,-43,11,0,0,0,0,0,0,0,0,0,-94,0,1,0,71975664,0,31,0,128,0,"[0,0,7,-13,7,-13,7,-13,6,-13,6,-13,6,-13,5,-13,5,-13,4,-13,3,-13,3,-13,2,-13,2,-14,1,-14,1,-14,1,-14,1,-15,1,-15,1,-16,2,-16,2,-15,3,-15,4,-15,4,-15,4,-14,5,-14,0,0,0,0,0,0,0,0,0,0,0,0,0,0,0,0,0,0,0,0,0,0,4,-10,5,-10,6,-10,7,-10,8,-10,8,-10,9,-10,10,-9,10,-9,10,-8,10,-8,10,-8,10,-8,9,-9,9,-9,8,-9,8,-9,8,-10,8,-10,8,-11,8,-11,8,-12,8,-13,8,-13,8,-13,7,-13]"
2025-08-18 22:40:46.083372,CSI_DATA,416,1a:00:00:00:00:00,-43,11,0,0,0,0,0,0,0,0,0,-94,0,1,0,72176745,0,31,0,128,0,"[0,0,-13,6,-13,6,-12,6,-12,6,-12,7,-11,7,-11,7,-11,7,-10,7,-10,8,-9,8,-9,8,-8,9,-8,9,-9,10,-8,10,-9,10,-9,10,-9,10,-10,10,-11,10,-11,9,-11,9,-11,8,-11,7,-12,7,0,0,0,0,0,0,0,0,0,0,0,0,0,0,0,0,0,0,0,0,0,0,-9,6,-9,5,-10,5,-11,5,-11,4,-12,4,-12,3,-12,3,-13,3,-13,2,-13,2,-12,2,-12,2,-12,2,-12,2,-12,3,-11,3,-12,4,-12,4,-12,5,-12,5,-12,5,-13,6,-13,6,-13,6,-12,6]"
2025-08-18 22:40:46.284723,CSI_DATA,417,1a:00:00:00:00:00,-43,11,0,0,0,0,0,0,0,0,0,-94,0,1,0,72378130,0,31,0,128,0,"[0,0,13,-5,13,-5,12,-5,12,-5,12,-5,11,-5,11,-6,10,-6,10,-7,10,-7,9,-8,9,-8,9,-8,9,-9,9,-9,9,-10,9,-10,10,-10,10,-10,11,-10,11,-9,11,-9,11,-8,11,-8,11,-7,12,-6,0,0,0,0,0,0,0,0,0,0,0,0,0,0,0,0,0,0,0,0,0,0,9,-5,10,-4,10,-3,11,-3,11,-3,12,-2,12,-1,12,-1,12,0,12,0,12,0,12,0,12,0,11,0,11,-1,11,-1,11,-1,11,-2,12,-3,12,-3,12,-3,12,-4,12,-4,13,-4,13,-4,13,-5]"
2025-08-18 22:40:46.488763,CSI_DATA,418,1a:00:00:00:00:00,-43,11,0,0,0,0,0,0,0,0,0,-94,0,1,0,72579206,0,31,0,128,0,"[0,0,1,-15,0,-15,0,-14,0,-14,0,-14,-1,-13,-1,-13,-2,-13,-2,-13,-3,-12,-3,-12,-4,-12,-4,-13,-5,-13,-5,-12,-5,-13,-5,-13,-5,-13,-5,-14,-5,-14,-4,-14,-3,-15,-3,-14,-2,-14,-1,-14,-1,-14,0,0,0,0,0,0,0,0,0,0,0,0,0,0,0,0,0,0,0,0,0,0,-2,-11,-1,-11,0,-12,1,-12,1,-12,2,-13,3,-13,3,-13,4,-12,4,-12,4,-12,4,-12,4,-12,4,-12,3,-12,3,-12,3,-12,2,-12,2,-13,1,-13,1,-13,1,-14,1,-14,0,-14,0,-14,0,-15]"
2025-08-18 22:40:46.687160,CSI_DATA,419,1a:00:00:00:00:00,-43,11,0,0,0,0,0,0,0,0,0,-94,0,1,0,72780343,0,31,0,128,0,"[0,0,-12,9,-11,9,-11,9,-11,9,-10,9,-10,9,-9,9,-9,9,-8,9,-8,10,-7,10,-7,10,-7,11,-6,11,-6,12,-6,12,-6,12,-7,12,-7,12,-8,12,-8,12,-9,12,-9,11,-9,11,-10,10,-10,9,0,0,0,0,0,0,0,0,0,0,0,0,0,0,0,0,0,0,0,0,0,0,-7,8,-8,8,-9,7,-9,7,-10,7,-11,7,-12,6,-12,6,-12,5,-12,5,-12,5,-12,4,-12,5,-11,5,-11,5,-11,5,-11,6,-11,6,-11,7,-11,7,-11,7,-11,8,-11,8,-11,9,-11,9,-11,9]"
2025-08-18 22:40:46.890105,CSI_DATA,420,1a:00:00:00:00:00,-43,11,0,0,0,0,0,0,0,0,0,-94,0,1,0,72981506,0,31,0,128,0,"[0,0,-5,13,-5,13,-5,12,-4,12,-4,12,-4,12,-3,12,-2,12,-2,11,-1,11,-1,11,0,12,0,12,1,12,1,12,1,13,1,13,1,13,1,13,1,14,0,14,-1,14,-1,14,-2,13,-3,13,-4,13,0,0,0,0,0,0,0,0,0,0,0,0,0,0,0,0,0,0,0,0,0,0,-3,10,-3,10,-4,10,-5,10,-6,10,-6,10,-7,10,-7,10,-8,10,-8,9,-8,9,-8,9,-8,9,-8,9,-7,9,-7,9,-7,10,-6,10,-6,10,-6,11,-6,11,-6,12,-5,12,-5,13,-5,13,-5,13]"
2025-08-18 22:40:47.290351,CSI_DATA,421,1a:00:00:00:00:00,-43,11,0,0,0,0,0,0,0,0,0,-94,0,1,0,73182720,0,31,0,128,0,"[0,0,10,-11,9,-10,9,-11,9,-10,8,-10,8,-10,7,-10,7,-11,6,-11,5,-11,6,-11,5,-11,5,-12,4,-13,4,-12,4,-13,4,-13,5,-14,5,-14,5,-13,6,-14,6,-13,6,-12,7,-12,8,-11,8,-11,0,0,0,0,0,0,0,0,0,0,0,0,0,0,0,0,0,0,0,0,0,0,6,-9,7,-9,7,-8,8,-8,9,-8,10,-8,10,-7,10,-7,11,-7,10,-6,11,-6,11,-5,10,-6,10,-6,10,-6,10,-6,10,-7,9,-7,10,-8,9,-9,9,-9,9,-9,9,-10,10,-10,10,-10,10,-11]"
2025-08-18 22:40:47.296825,CSI_DATA,422,1a:00:00:00:00:00,-43,11,0,0,0,0,0,0,0,0,0,-94,0,1,0,73383906,0,31,0,128,0,"[0,0,10,-11,9,-11,10,-11,9,-11,9,-11,8,-11,8,-11,7,-11,6,-11,6,-11,5,-12,4,-12,4,-12,4,-13,4,-13,4,-14,4,-13,5,-14,5,-14,5,-14,6,-14,7,-13,6,-13,7,-13,7,-12,9,-11,0,0,0,0,0,0,0,0,0,0,0,0,0,0,0,0,0,0,0,0,0,0,6,-9,7,-9,7,-9,8,-9,9,-8,10,-8,10,-7,10,-7,11,-7,11,-6,11,-7,10,-6,10,-6,10,-7,10,-7,9,-7,10,-8,9,-8,10,-9,9,-9,10,-9,10,-10,9,-10,9,-11,9,-11,10,-11]"
2025-08-18 22:40:47.350494,CSI_DATA,423,1a:00:00:00:00:00,-43,11,0,0,0,0,0,0,0,0,0,-94,0,1,0,73444739,0,42,0,128,0,"[0,0,-8,12,-8,12,-7,12,-7,12,-7,12,-6,11,-6,11,-5,12,-4,11,-4,12,-3,12,-3,12,-2,12,-2,12,-2,13,-2,13,-2,13,-2,14,-2,14,-3,14,-3,14,-4,14,-5,13,-5,13,-6,12,-6,12,0,0,0,0,0,0,0,0,0,0,0,0,0,0,0,0,0,0,0,0,0,0,-5,9,-5,9,-7,9,-7,9,-8,9,-8,9,-9,9,-10,9,-10,8,-10,8,-10,8,-10,7,-10,8,-9,8,-9,8,-9,8,-9,9,-8,9,-8,10,-8,10,-8,10,-8,11,-8,11,-8,12,-8,12,-8,12]"
2025-08-18 22:40:47.414455,CSI_DATA,424,1a:00:00:00:00:00,-43,11,0,0,0,0,0,0,0,0,0,-94,0,1,0,73512063,0,31,0,128,0,"[0,0,3,13,3,12,3,13,4,12,4,12,4,12,4,11,5,11,5,10,5,10,6,10,6,9,7,9,7,10,8,9,8,10,8,10,8,10,8,11,8,11,7,11,7,12,6,12,6,12,5,12,4,12,0,0,0,0,0,0,0,0,0,0,0,0,0,0,0,0,0,0,0,0,0,0,4,9,3,10,2,10,2,11,1,11,1,12,0,12,0,12,-1,12,-1,12,-1,12,-1,12,-1,11,-1,11,-1,11,0,11,0,11,1,11,1,12,1,12,2,12,2,12,3,12,3,13,3,13,4,13]"
2025-08-18 22:40:47.620607,CSI_DATA,425,1a:00:00:00:00:00,-43,11,0,0,0,0,0,0,0,0,0,-94,0,1,0,73713135,0,31,0,128,0,"[0,0,-13,7,-13,7,-12,7,-12,7,-12,7,-11,7,-11,7,-11,8,-10,8,-9,8,-9,8,-9,9,-8,9,-8,10,-8,10,-8,10,-9,11,-9,11,-10,11,-10,11,-10,10,-11,10,-11,10,-11,9,-12,8,-12,7,0,0,0,0,0,0,0,0,0,0,0,0,0,0,0,0,0,0,0,0,0,0,-8,7,-9,6,-10,6,-11,5,-11,5,-12,4,-12,4,-12,4,-13,3,-13,3,-13,2,-13,2,-13,2,-12,3,-12,3,-12,3,-12,4,-12,4,-12,5,-12,5,-12,5,-12,6,-13,6,-13,7,-13,7,-13,7]"
2025-08-18 22:40:47.816427,CSI_DATA,426,1a:00:00:00:00:00,-43,11,0,0,0,0,0,0,0,0,0,-94,0,1,0,73914256,0,31,0,128,0,"[0,0,13,4,12,4,12,4,12,4,12,3,12,3,12,2,12,2,12,1,11,0,12,0,12,-1,12,-1,12,-1,12,-2,13,-2,13,-2,13,-2,14,-1,14,-1,14,-1,14,0,13,1,13,1,13,2,13,3,0,0,0,0,0,0,0,0,0,0,0,0,0,0,0,0,0,0,0,0,0,0,10,1,10,2,10,3,10,4,10,4,10,5,10,6,10,6,10,7,9,7,9,7,9,7,9,7,9,6,9,6,9,6,10,6,10,5,10,5,11,5,11,5,12,5,12,4,13,4,13,4,13,4]"
2025-08-18 22:40:48.019482,CSI_DATA,427,1a:00:00:00:00:00,-43,11,0,0,0,0,0,0,0,0,0,-94,0,1,0,74115417,0,31,0,128,0,"[0,0,13,3,13,2,13,2,13,2,13,1,12,1,12,1,12,0,11,-1,12,-1,12,-2,11,-3,11,-3,12,-3,12,-4,12,-4,13,-4,13,-4,14,-4,14,-3,14,-3,14,-2,13,-1,13,-1,13,0,13,1,0,0,0,0,0,0,0,0,0,0,0,0,0,0,0,0,0,0,0,0,0,0,10,0,10,1,10,2,11,3,11,3,11,4,11,5,11,5,10,6,10,6,10,6,10,6,10,5,10,5,10,5,10,5,10,4,11,4,11,4,11,4,12,3,12,3,12,3,13,2,13,3,13,2]"
2025-08-18 22:40:48.222713,CSI_DATA,428,1a:00:00:00:00:00,-43,11,0,0,0,0,0,0,0,0,0,-94,0,1,0,74316672,0,31,0,128,0,"[0,0,-7,13,-7,12,-6,12,-6,12,-6,12,-5,12,-5,11,-4,12,-4,11,-2,11,-2,12,-2,12,-1,12,-1,12,-1,12,-1,13,-1,13,-1,13,-1,14,-1,14,-2,14,-3,14,-3,13,-4,13,-4,12,-5,12,0,0,0,0,0,0,0,0,0,0,0,0,0,0,0,0,0,0,0,0,0,0,-4,9,-5,9,-6,9,-7,9,-7,9,-8,9,-8,9,-8,9,-9,9,-9,8,-9,8,-9,8,-9,8,-9,8,-8,8,-8,8,-8,9,-7,9,-7,10,-7,10,-7,11,-7,11,-7,12,-7,12,-7,12,-6,12]"
2025-08-18 22:40:48.423134,CSI_DATA,429,1a:00:00:00:00:00,-43,11,0,0,0,0,0,0,0,0,0,-94,0,1,0,74517778,0,31,0,128,0,"[0,0,-8,12,-7,12,-7,11,-7,12,-6,11,-6,11,-5,11,-5,11,-4,11,-3,11,-3,11,-2,12,-2,12,-2,12,-1,13,-1,13,-2,13,-2,13,-2,14,-2,14,-3,13,-4,13,-4,13,-5,13,-5,12,-6,12,0,0,0,0,0,0,0,0,0,0,0,0,0,0,0,0,0,0,0,0,0,0,-4,9,-5,9,-6,9,-7,9,-7,9,-8,9,-9,9,-9,9,-9,8,-10,8,-10,8,-10,7,-9,8,-9,8,-9,8,-9,8,-8,9,-8,9,-8,9,-8,10,-8,10,-7,11,-7,11,-7,12,-8,12,-7,12]"
2025-08-18 22:40:48.643909,CSI_DATA,430,1a:00:00:00:00:00,-43,11,0,0,0,0,0,0,0,0,0,-94,0,1,0,74719114,0,31,0,128,0,"[0,0,-14,-5,-13,-5,-13,-5,-13,-5,-13,-4,-13,-4,-13,-4,-13,-3,-13,-2,-13,-1,-12,-1,-13,0,-13,0,-13,0,-13,1,-14,1,-14,1,-14,1,-15,1,-15,1,-15,0,-15,-1,-15,-2,-14,-2,-14,-3,-14,-4,0,0,0,0,0,0,0,0,0,0,0,0,0,0,0,0,0,0,0,0,0,0,-10,-3,-11,-4,-11,-5,-11,-6,-11,-6,-11,-7,-11,-8,-10,-8,-10,-9,-10,-9,-10,-8,-10,-9,-10,-8,-10,-8,-10,-8,-10,-7,-10,-7,-11,-6,-11,-7,-12,-6,-12,-6,-12,-6,-13,-6,-13,-5,-13,-5,-13,-5]"
2025-08-18 22:40:48.828820,CSI_DATA,431,1a:00:00:00:00:00,-43,11,0,0,0,0,0,0,0,0,0,-94,0,1,0,74920256,0,31,0,128,0,"[0,0,4,-14,4,-14,4,-14,3,-13,3,-14,3,-13,2,-13,2,-13,1,-13,0,-13,0,-13,-1,-13,-1,-13,-2,-13,-2,-13,-2,-14,-2,-14,-2,-14,-2,-15,-1,-15,-1,-15,0,-15,1,-15,1,-14,1,-14,3,-14,0,0,0,0,0,0,0,0,0,0,0,0,0,0,0,0,0,0,0,0,0,0,1,-10,2,-11,3,-11,4,-11,5,-11,5,-11,6,-11,6,-11,7,-11,7,-10,7,-10,7,-10,7,-10,7,-10,6,-10,6,-10,6,-11,5,-11,5,-12,5,-12,5,-12,5,-13,4,-13,4,-14,4,-14,4,-14]"
2025-08-18 22:40:48.887231,CSI_DATA,432,1a:00:00:00:00:00,-43,11,0,0,0,0,0,0,0,0,0,-94,0,1,0,74980984,0,42,0,128,0,"[0,0,13,-4,13,-5,12,-5,12,-5,12,-5,11,-5,11,-6,11,-6,10,-6,10,-7,10,-7,9,-8,9,-8,9,-9,9,-9,9,-9,10,-9,10,-10,11,-10,11,-9,11,-9,11,-8,11,-8,11,-7,12,-6,12,-6,0,0,0,0,0,0,0,0,0,0,0,0,0,0,0,0,0,0,0,0,0,0,9,-5,9,-5,10,-4,11,-3,11,-3,12,-2,12,-2,12,-1,12,-1,12,0,12,0,12,0,12,0,12,-1,11,-1,11,-1,11,-2,11,-2,12,-3,12,-3,12,-3,12,-4,12,-4,13,-4,13,-5,13,-5]"
2025-08-18 22:40:48.973982,CSI_DATA,433,1a:00:00:00:00:00,-42,11,0,0,0,0,0,0,0,0,0,-94,0,1,0,75049716,0,31,0,128,0,"[0,0,-12,-8,-12,-8,-12,-8,-12,-8,-12,-7,-12,-7,-12,-6,-12,-6,-12,-5,-12,-5,-12,-4,-12,-4,-13,-3,-13,-3,-13,-2,-13,-2,-14,-3,-14,-3,-15,-3,-14,-3,-14,-4,-14,-5,-14,-5,-13,-6,-13,-6,-12,-7,0,0,0,0,0,0,0,0,0,0,0,0,0,0,0,0,0,0,0,0,0,0,-10,-5,-9,-6,-10,-7,-9,-7,-10,-8,-9,-9,-9,-10,-8,-10,-8,-10,-8,-11,-8,-10,-8,-10,-8,-10,-8,-10,-8,-10,-9,-9,-9,-9,-10,-9,-9,-9,-10,-9,-10,-8,-11,-8,-12,-9,-12,-9,-12,-8,-12,-8]"
2025-08-18 22:40:49.159923,CSI_DATA,434,1a:00:00:00:00:00,-43,11,0,0,0,0,0,0,0,0,0,-94,0,1,0,75250876,0,31,0,128,0,"[0,0,4,-15,4,-15,3,-14,3,-15,2,-14,2,-14,1,-14,1,-14,0,-13,0,-14,-1,-14,-1,-13,-2,-14,-3,-13,-3,-14,-3,-14,-3,-15,-3,-15,-3,-15,-3,-16,-2,-15,-2,-16,-1,-16,0,-16,1,-15,2,-14,0,0,0,0,0,0,0,0,0,0,0,0,0,0,0,0,0,0,0,0,0,0,2,-11,3,-11,4,-12,4,-11,5,-12,6,-12,6,-12,7,-11,7,-11,8,-11,8,-11,8,-10,7,-11,7,-10,7,-11,6,-11,6,-11,5,-12,5,-12,5,-13,4,-13,4,-14,4,-14,5,-14,4,-14,4,-15]"
2025-08-18 22:40:49.360143,CSI_DATA,435,1a:00:00:00:00:00,-43,11,0,0,0,0,0,0,0,0,0,-94,0,1,0,75453117,0,31,0,128,0,"[0,0,-12,7,-13,7,-12,6,-12,7,-11,7,-11,7,-11,7,-10,8,-9,8,-9,8,-9,8,-8,9,-8,9,-8,10,-8,10,-8,10,-8,11,-8,11,-9,11,-9,11,-10,11,-10,10,-10,10,-10,9,-11,8,-11,8,0,0,0,0,0,0,0,0,0,0,0,0,0,0,0,0,0,0,0,0,0,0,-9,6,-9,5,-10,5,-11,4,-12,4,-12,3,-12,3,-13,3,-13,2,-13,2,-13,2,-12,2,-12,2,-12,2,-12,2,-12,3,-11,3,-12,4,-12,4,-12,5,-12,5,-12,5,-12,6,-12,6,-13,6,-12,7]"
2025-08-18 22:40:49.565373,CSI_DATA,436,1a:00:00:00:00:00,-42,11,0,0,0,0,0,0,0,0,0,-94,0,1,0,75653176,0,31,0,128,0,"[0,0,-12,-9,-12,-9,-12,-8,-12,-8,-12,-8,-11,-7,-11,-7,-12,-6,-12,-6,-12,-5,-12,-4,-12,-4,-12,-4,-13,-4,-13,-3,-14,-3,-14,-3,-14,-4,-14,-4,-14,-4,-14,-5,-14,-6,-13,-6,-13,-6,-13,-7,-12,-8,0,0,0,0,0,0,0,0,0,0,0,0,0,0,0,0,0,0,0,0,0,0,-10,-5,-10,-6,-10,-7,-10,-7,-10,-8,-10,-9,-9,-9,-9,-10,-8,-10,-8,-10,-8,-10,-8,-10,-8,-10,-8,-10,-8,-9,-8,-9,-9,-9,-9,-8,-10,-9,-10,-9,-10,-9,-11,-9,-12,-8,-12,-8,-12,-8,-12,-8]"
2025-08-18 22:40:49.761392,CSI_DATA,437,1a:00:00:00:00:00,-43,11,0,0,0,0,0,0,0,0,0,-94,0,1,0,75854490,0,31,0,128,0,"[0,0,8,-13,7,-13,7,-13,6,-12,6,-12,6,-12,5,-12,5,-12,4,-12,3,-12,3,-13,2,-13,2,-13,2,-14,1,-14,2,-14,2,-15,2,-15,2,-15,3,-15,4,-15,4,-15,4,-14,5,-14,5,-13,6,-13,0,0,0,0,0,0,0,0,0,0,0,0,0,0,0,0,0,0,0,0,0,0,4,-10,5,-10,6,-10,6,-10,7,-10,8,-10,8,-9,9,-9,9,-9,9,-8,9,-8,9,-8,9,-9,9,-9,9,-9,8,-9,8,-9,7,-10,8,-10,8,-10,8,-11,8,-11,7,-12,7,-12,7,-13,7,-13]"
2025-08-18 22:40:49.966818,CSI_DATA,438,1a:00:00:00:00:00,-43,11,0,0,0,0,0,0,0,0,0,-94,0,1,0,76055662,0,31,0,128,0,"[0,0,-13,-6,-13,-6,-13,-6,-13,-5,-13,-5,-13,-5,-12,-4,-12,-4,-12,-3,-13,-2,-13,-1,-13,-1,-13,-1,-13,0,-13,0,-14,0,-14,0,-14,0,-15,0,-15,-1,-15,-1,-15,-2,-15,-2,-14,-3,-14,-4,-14,-4,0,0,0,0,0,0,0,0,0,0,0,0,0,0,0,0,0,0,0,0,0,0,-10,-4,-11,-5,-11,-5,-10,-6,-11,-7,-10,-7,-10,-8,-10,-9,-10,-9,-10,-9,-9,-9,-9,-9,-9,-9,-9,-8,-9,-8,-10,-8,-10,-7,-11,-7,-11,-7,-11,-7,-12,-7,-12,-7,-13,-6,-13,-6,-13,-6,-13,-6]"
2025-08-18 22:40:50.169050,CSI_DATA,439,1a:00:00:00:00:00,-43,11,0,0,0,0,0,0,0,0,0,-94,0,1,0,76256859,0,31,0,128,0,"[0,0,-9,-12,-9,-12,-9,-11,-9,-11,-9,-11,-9,-10,-9,-10,-9,-9,-10,-8,-10,-8,-10,-7,-11,-7,-11,-7,-11,-7,-12,-6,-12,-7,-12,-7,-13,-7,-13,-8,-13,-8,-12,-8,-12,-9,-12,-9,-11,-10,-10,-10,-10,-10,0,0,0,0,0,0,0,0,0,0,0,0,0,0,0,0,0,0,0,0,0,0,-8,-8,-7,-9,-7,-9,-7,-10,-7,-11,-6,-11,-6,-12,-5,-12,-5,-12,-5,-12,-4,-12,-4,-12,-4,-12,-4,-12,-5,-12,-5,-11,-6,-11,-6,-11,-6,-11,-7,-11,-8,-11,-8,-11,-8,-11,-9,-12,-9,-12,-9,-12]"
2025-08-18 22:40:50.311566,CSI_DATA,440,1a:00:00:00:00:00,-43,11,0,0,0,0,0,0,0,0,0,-94,0,1,0,76410629,0,28,0,128,0,"[0,0,5,13,6,12,5,12,6,12,6,12,6,11,6,11,7,10,7,9,8,9,8,9,8,8,9,8,9,8,10,8,10,8,10,8,11,9,11,9,10,9,10,10,10,10,9,11,8,11,7,11,7,11,0,0,0,0,0,0,0,0,0,0,0,0,0,0,0,0,0,0,0,0,0,0,4,9,4,9,3,10,3,11,3,11,2,12,2,12,1,12,1,12,0,12,0,12,0,12,0,12,0,12,1,12,1,11,2,11,2,11,3,12,3,12,4,12,4,12,4,12,5,13,5,13,5,13]"
2025-08-18 22:40:50.364045,CSI_DATA,441,1a:00:00:00:00:00,-43,11,0,0,0,0,0,0,0,0,0,-94,0,1,0,76458010,0,31,0,128,0,"[0,0,10,-9,10,-9,10,-9,9,-9,9,-9,8,-9,8,-9,8,-10,7,-9,6,-10,6,-10,5,-11,6,-11,5,-12,5,-12,5,-12,5,-12,5,-12,6,-13,6,-13,7,-12,7,-12,8,-12,8,-11,8,-10,9,-9,0,0,0,0,0,0,0,0,0,0,0,0,0,0,0,0,0,0,0,0,0,0,6,-8,7,-8,8,-7,9,-7,9,-7,10,-6,10,-6,10,-6,11,-5,11,-5,11,-5,10,-5,10,-5,10,-5,10,-5,10,-5,10,-6,9,-6,10,-7,10,-7,10,-8,10,-8,10,-9,10,-9,10,-9,10,-9]"
2025-08-18 22:40:50.427045,CSI_DATA,442,1a:00:00:00:00:00,-43,11,0,0,0,0,0,0,0,0,0,-94,0,1,0,76518810,0,42,0,128,0,"[0,0,3,-14,3,-14,3,-14,2,-14,2,-14,2,-13,1,-13,1,-13,0,-13,0,-13,-1,-13,-2,-13,-2,-13,-2,-13,-3,-13,-3,-13,-3,-14,-3,-14,-3,-15,-2,-15,-2,-15,-1,-15,0,-15,0,-14,1,-14,1,-14,0,0,0,0,0,0,0,0,0,0,0,0,0,0,0,0,0,0,0,0,0,0,1,-11,2,-11,3,-11,3,-11,4,-12,5,-11,5,-11,6,-11,6,-11,7,-11,6,-10,6,-10,6,-10,6,-10,6,-10,5,-11,5,-11,4,-11,4,-12,4,-12,4,-12,4,-13,3,-14,3,-14,4,-14,3,-14]"
2025-08-18 22:40:50.498345,CSI_DATA,443,1a:00:00:00:00:00,-43,11,0,0,0,0,0,0,0,0,0,-94,0,1,0,76584080,0,31,0,128,0,"[0,0,13,3,13,3,12,3,13,2,12,2,12,2,12,1,12,1,12,0,12,-1,12,-1,12,-2,12,-2,12,-2,12,-3,13,-3,13,-3,13,-3,14,-3,14,-2,14,-2,14,-1,14,0,13,0,13,1,13,2,0,0,0,0,0,0,0,0,0,0,0,0,0,0,0,0,0,0,0,0,0,0,10,1,10,2,10,3,10,4,11,4,10,5,10,5,10,6,10,6,10,6,10,7,9,6,9,6,9,6,10,6,9,5,10,5,10,4,11,4,11,4,11,4,12,4,12,3,12,4,13,4,13,3]"
2025-08-18 22:40:50.691712,CSI_DATA,444,1a:00:00:00:00:00,-43,11,0,0,0,0,0,0,0,0,0,-94,0,1,0,76785157,0,31,0,128,0,"[0,0,-13,7,-12,7,-12,7,-12,7,-11,7,-11,7,-10,7,-10,8,-9,8,-9,8,-8,8,-8,9,-8,9,-8,10,-8,10,-8,10,-8,11,-8,11,-8,11,-9,11,-10,11,-10,10,-10,10,-11,9,-11,8,-11,8,0,0,0,0,0,0,0,0,0,0,0,0,0,0,0,0,0,0,0,0,0,0,-9,6,-9,5,-10,5,-11,4,-11,4,-12,4,-12,3,-12,3,-13,2,-13,2,-13,2,-12,2,-12,2,-12,2,-12,2,-12,3,-12,3,-11,4,-12,4,-12,5,-12,5,-12,6,-12,6,-12,6,-12,6,-12,7]"
2025-08-18 22:40:50.899102,CSI_DATA,445,1a:00:00:00:00:00,-43,11,0,0,0,0,0,0,0,0,0,-94,0,1,0,76986767,0,31,0,128,0,"[0,0,-11,-10,-11,-10,-11,-9,-11,-9,-11,-8,-11,-8,-11,-8,-11,-7,-11,-7,-12,-6,-12,-5,-12,-5,-12,-4,-13,-4,-13,-4,-13,-4,-14,-4,-14,-4,-14,-5,-14,-5,-14,-6,-13,-6,-13,-7,-13,-7,-12,-7,-12,-8,0,0,0,0,0,0,0,0,0,0,0,0,0,0,0,0,0,0,0,0,0,0,-9,-6,-9,-7,-9,-8,-8,-9,-8,-9,-8,-10,-7,-11,-7,-11,-7,-11,-7,-11,-7,-11,-7,-11,-7,-11,-7,-10,-7,-10,-7,-10,-8,-10,-8,-10,-9,-10,-9,-10,-9,-9,-10,-10,-11,-10,-11,-9,-11,-10,-11,-9]"
2025-08-18 22:40:51.087973,CSI_DATA,446,1a:00:00:00:00:00,-43,11,0,0,0,0,0,0,0,0,0,-94,0,1,0,77187673,0,31,0,128,0,"[0,0,11,8,10,8,11,8,11,7,11,7,10,7,10,6,11,5,11,5,11,4,11,4,11,3,11,3,12,3,12,2,13,2,13,3,14,3,13,3,13,3,13,4,13,5,13,5,12,6,12,6,11,7,0,0,0,0,0,0,0,0,0,0,0,0,0,0,0,0,0,0,0,0,0,0,8,5,8,6,8,6,8,7,8,8,8,8,7,9,7,9,7,10,6,10,6,10,6,9,6,9,6,9,6,9,7,9,7,8,8,8,8,8,9,8,9,8,10,8,10,8,11,8,11,8,11,8]"
2025-08-18 22:40:51.296110,CSI_DATA,447,1a:00:00:00:00:00,-43,11,0,0,0,0,0,0,0,0,0,-94,0,1,0,77388893,0,31,0,128,0,"[0,0,-13,7,-13,6,-12,6,-12,6,-12,7,-11,7,-11,7,-10,7,-10,8,-9,8,-9,8,-8,9,-8,9,-8,10,-8,10,-9,10,-9,10,-9,11,-9,11,-10,11,-10,10,-11,10,-11,9,-11,8,-12,8,-12,7,0,0,0,0,0,0,0,0,0,0,0,0,0,0,0,0,0,0,0,0,0,0,-8,6,-9,6,-10,5,-11,5,-11,4,-12,4,-12,3,-13,3,-13,3,-12,2,-12,2,-12,2,-12,2,-12,2,-12,2,-12,3,-12,3,-12,4,-12,4,-12,5,-12,5,-12,6,-12,6,-13,6,-13,6,-12,7]"
2025-08-18 22:40:51.495225,CSI_DATA,448,1a:00:00:00:00:00,-43,11,0,0,0,0,0,0,0,0,0,-94,0,1,0,77589997,0,31,0,128,0,"[0,0,8,-12,7,-12,7,-12,7,-12,6,-12,6,-12,5,-12,5,-12,4,-12,3,-12,3,-12,2,-13,2,-13,2,-13,1,-13,1,-14,1,-14,2,-14,2,-15,2,-15,3,-14,3,-14,4,-14,4,-14,5,-13,6,-12,0,0,0,0,0,0,0,0,0,0,0,0,0,0,0,0,0,0,0,0,0,0,5,-9,6,-9,6,-9,7,-9,8,-9,9,-9,9,-9,9,-8,10,-8,10,-8,10,-7,9,-7,9,-7,9,-7,9,-7,8,-8,8,-9,8,-9,8,-10,8,-10,8,-10,8,-11,7,-11,8,-12,8,-12,8,-12]"
2025-08-18 22:40:51.705860,CSI_DATA,449,1a:00:00:00:00:00,-43,11,0,0,0,0,0,0,0,0,0,-94,0,1,0,77791162,0,31,0,128,0,"[0,0,-12,-9,-12,-9,-11,-9,-12,-9,-11,-8,-11,-8,-11,-7,-11,-7,-12,-6,-12,-5,-12,-5,-12,-4,-12,-4,-13,-4,-13,-3,-14,-3,-14,-3,-14,-3,-15,-4,-14,-4,-14,-5,-14,-5,-14,-6,-13,-7,-12,-7,-12,-7,0,0,0,0,0,0,0,0,0,0,0,0,0,0,0,0,0,0,0,0,0,0,-9,-7,-9,-7,-8,-8,-8,-9,-8,-9,-8,-10,-8,-10,-7,-11,-7,-11,-7,-11,-6,-11,-6,-11,-6,-11,-6,-11,-7,-10,-7,-10,-8,-10,-8,-10,-8,-10,-9,-9,-10,-9,-10,-10,-11,-9,-11,-9,-11,-10,-11,-9]"
2025-08-18 22:40:51.893743,CSI_DATA,450,1a:00:00:00:00:00,-43,11,0,0,0,0,0,0,0,0,0,-94,0,1,0,77992298,0,31,0,128,0,"[0,0,6,12,5,12,5,11,6,11,6,11,6,10,6,10,7,9,7,9,7,8,7,8,8,8,8,8,9,7,10,7,10,7,10,8,10,8,10,8,10,9,10,9,9,10,8,10,8,10,7,10,7,11,0,0,0,0,0,0,0,0,0,0,0,0,0,0,0,0,0,0,0,0,0,0,5,8,5,9,4,9,4,10,3,10,3,11,3,11,2,11,2,11,1,11,1,11,1,11,1,11,1,11,2,11,2,11,2,11,3,10,3,11,4,11,4,11,5,11,5,11,5,12,5,12,6,12]"
2025-08-18 22:40:51.958671,CSI_DATA,451,1a:00:00:00:00:00,-43,11,0,0,0,0,0,0,0,0,0,-94,0,1,0,78053142,0,42,0,128,0,"[0,0,-2,14,-2,13,-2,13,-1,12,-1,13,-1,12,-1,12,0,12,1,12,1,11,2,11,2,11,3,12,3,12,4,12,4,12,4,13,4,13,4,13,3,13,3,13,2,14,1,13,1,14,0,13,0,13,0,0,0,0,0,0,0,0,0,0,0,0,0,0,0,0,0,0,0,0,0,0,-1,10,-1,10,-2,10,-3,11,-4,11,-4,11,-5,11,-5,11,-6,11,-6,10,-6,10,-6,10,-6,10,-6,10,-6,10,-5,10,-4,11,-4,11,-4,11,-3,11,-3,12,-3,12,-3,13,-2,13,-3,13,-2,13]"
2025-08-18 22:40:52.035303,CSI_DATA,452,1a:00:00:00:00:00,-43,11,0,0,0,0,0,0,0,0,0,-94,0,1,0,78120122,0,31,0,128,0,"[0,0,-6,12,-6,12,-5,12,-5,12,-5,12,-5,12,-4,12,-3,12,-3,11,-2,12,-2,12,-1,12,-1,12,-1,12,0,12,0,12,0,13,0,13,-1,14,-1,14,-1,14,-2,13,-3,14,-3,13,-4,13,-5,12,0,0,0,0,0,0,0,0,0,0,0,0,0,0,0,0,0,0,0,0,0,0,-3,10,-4,10,-5,10,-6,9,-6,10,-7,10,-7,10,-8,10,-8,9,-9,9,-9,9,-9,8,-8,8,-8,8,-8,8,-7,9,-7,9,-7,10,-7,10,-6,11,-6,11,-6,11,-6,12,-6,12,-6,12,-6,12]"
2025-08-18 22:40:52.227744,CSI_DATA,453,1a:00:00:00:00:00,-43,11,0,0,0,0,0,0,0,0,0,-94,0,1,0,78321035,0,31,0,128,0,"[0,0,-13,7,-13,7,-12,7,-12,7,-11,7,-11,7,-10,7,-10,7,-10,8,-9,8,-9,8,-8,9,-8,10,-8,10,-8,11,-7,10,-8,11,-8,11,-9,11,-9,11,-9,11,-10,10,-10,10,-11,9,-11,9,-11,8,0,0,0,0,0,0,0,0,0,0,0,0,0,0,0,0,0,0,0,0,0,0,-9,6,-9,5,-10,5,-11,4,-11,4,-12,4,-12,3,-12,3,-13,3,-13,2,-13,2,-12,2,-12,2,-12,2,-12,2,-12,3,-11,3,-12,4,-11,4,-12,5,-12,5,-12,5,-12,6,-12,6,-12,7,-12,7]"
2025-08-18 22:40:52.430598,CSI_DATA,454,1a:00:00:00:00:00,-43,11,0,0,0,0,0,0,0,0,0,-94,0,1,0,78522140,0,31,0,128,0,"[0,0,4,-14,4,-14,4,-14,3,-13,3,-14,2,-13,2,-13,1,-13,1,-12,0,-12,0,-13,-1,-13,-1,-13,-2,-13,-2,-13,-2,-14,-2,-14,-2,-14,-2,-15,-1,-15,-1,-15,0,-15,1,-14,1,-14,2,-14,3,-14,0,0,0,0,0,0,0,0,0,0,0,0,0,0,0,0,0,0,0,0,0,0,2,-10,2,-11,3,-11,4,-11,5,-11,6,-11,6,-11,6,-11,7,-11,7,-10,7,-10,7,-10,7,-10,7,-10,6,-10,6,-10,6,-11,5,-11,5,-12,5,-12,4,-12,5,-13,4,-13,4,-13,4,-14,4,-14]"
2025-08-18 22:40:52.636030,CSI_DATA,455,1a:00:00:00:00:00,-43,11,0,0,0,0,0,0,0,0,0,-94,0,1,0,78723279,0,31,0,128,0,"[0,0,-9,-12,-8,-12,-8,-12,-9,-11,-9,-11,-9,-10,-9,-10,-9,-9,-10,-9,-10,-8,-10,-8,-10,-8,-11,-8,-11,-7,-12,-6,-12,-7,-12,-7,-13,-7,-13,-7,-13,-8,-13,-8,-12,-9,-11,-9,-11,-10,-10,-10,-10,-11,0,0,0,0,0,0,0,0,0,0,0,0,0,0,0,0,0,0,0,0,0,0,-7,-9,-7,-9,-6,-10,-6,-11,-6,-11,-5,-12,-5,-12,-5,-12,-4,-12,-4,-12,-3,-13,-3,-12,-3,-12,-3,-12,-4,-12,-4,-12,-5,-12,-5,-11,-6,-12,-7,-12,-7,-12,-7,-12,-8,-12,-8,-12,-8,-12,-8,-12]"
2025-08-18 22:40:52.824219,CSI_DATA,456,1a:00:00:00:00:00,-43,11,0,0,0,0,0,0,0,0,0,-94,0,1,0,78924465,0,31,0,128,0,"[0,0,11,8,10,7,10,7,11,6,11,6,10,6,10,6,10,5,10,4,10,3,11,3,11,2,11,2,12,2,12,1,12,1,12,2,13,2,13,2,13,2,13,3,13,4,12,4,12,5,12,5,11,6,0,0,0,0,0,0,0,0,0,0,0,0,0,0,0,0,0,0,0,0,0,0,8,4,8,5,8,6,8,7,8,7,8,8,7,9,7,9,7,9,6,9,6,9,6,9,6,9,6,9,7,9,6,8,7,8,8,8,8,8,9,7,9,8,9,8,10,7,10,7,10,7,11,7]"
2025-08-18 22:40:53.036374,CSI_DATA,457,1a:00:00:00:00:00,-43,11,0,0,0,0,0,0,0,0,0,-94,0,1,0,79125586,0,31,0,128,0,"[0,0,-14,-3,-14,-3,-14,-3,-14,-3,-14,-2,-13,-2,-13,-2,-13,-1,-13,0,-13,0,-13,1,-12,1,-13,2,-13,2,-13,3,-13,3,-14,3,-14,3,-15,2,-15,2,-15,1,-15,1,-15,0,-14,0,-14,-1,-14,-2,0,0,0,0,0,0,0,0,0,0,0,0,0,0,0,0,0,0,0,0,0,0,-11,-2,-11,-2,-11,-3,-11,-4,-11,-5,-12,-5,-12,-6,-12,-6,-11,-7,-11,-7,-11,-7,-11,-7,-11,-7,-11,-6,-11,-6,-11,-6,-11,-5,-12,-5,-12,-5,-12,-4,-13,-4,-13,-4,-14,-4,-14,-3,-14,-3,-14,-3]"
2025-08-18 22:40:53.238766,CSI_DATA,458,1a:00:00:00:00:00,-43,11,0,0,0,0,0,0,0,0,0,-94,0,1,0,79326987,0,31,0,128,0,"[0,0,-4,-14,-4,-14,-4,-14,-4,-13,-5,-13,-5,-13,-5,-12,-6,-12,-6,-11,-7,-11,-7,-11,-8,-10,-8,-11,-8,-10,-9,-10,-9,-10,-9,-11,-9,-11,-10,-12,-9,-12,-8,-12,-8,-13,-7,-13,-7,-13,-6,-13,-5,-13,0,0,0,0,0,0,0,0,0,0,0,0,0,0,0,0,0,0,0,0,0,0,-5,-10,-4,-10,-4,-11,-3,-11,-3,-12,-2,-13,-2,-13,-1,-13,-1,-13,0,-13,0,-13,0,-12,0,-12,0,-12,-1,-12,-1,-12,-1,-12,-2,-12,-2,-13,-3,-13,-3,-13,-3,-13,-4,-14,-4,-14,-4,-14,-5,-14]"
2025-08-18 22:40:53.448725,CSI_DATA,459,1a:00:00:00:00:00,-43,11,0,0,0,0,0,0,0,0,0,-94,0,1,0,79528045,0,31,0,128,0,"[0,0,-15,-2,-15,-2,-14,-2,-14,-2,-14,-1,-14,-1,-13,-1,-13,0,-13,1,-13,1,-13,2,-13,3,-13,3,-13,3,-13,4,-13,4,-14,4,-14,4,-15,4,-15,3,-15,3,-15,2,-15,2,-15,1,-14,0,-15,-1,0,0,0,0,0,0,0,0,0,0,0,0,0,0,0,0,0,0,0,0,0,0,-11,0,-11,-1,-12,-2,-12,-3,-12,-4,-13,-4,-12,-5,-12,-5,-12,-5,-12,-6,-12,-6,-12,-6,-11,-6,-11,-5,-12,-5,-12,-5,-12,-4,-12,-4,-13,-4,-13,-3,-13,-3,-14,-3,-14,-2,-15,-2,-15,-2,-15,-2]"
2025-08-18 22:40:53.501023,CSI_DATA,460,1a:00:00:00:00:00,-43,11,0,0,0,0,0,0,0,0,0,-94,0,1,0,79588742,0,42,0,128,0,"[0,0,-10,-11,-10,-11,-10,-11,-10,-10,-10,-10,-10,-9,-10,-9,-10,-8,-11,-8,-11,-7,-11,-7,-11,-6,-11,-6,-12,-6,-13,-5,-13,-6,-13,-6,-13,-6,-14,-6,-13,-7,-13,-7,-13,-8,-12,-9,-12,-9,-11,-9,-10,-10,0,0,0,0,0,0,0,0,0,0,0,0,0,0,0,0,0,0,0,0,0,0,-8,-7,-8,-8,-8,-9,-8,-9,-7,-10,-7,-11,-7,-11,-6,-12,-6,-12,-5,-12,-5,-12,-5,-12,-5,-12,-5,-11,-5,-11,-6,-11,-6,-11,-7,-11,-7,-11,-8,-11,-8,-11,-9,-11,-9,-11,-9,-11,-9,-11,-10,-11]"
2025-08-18 22:40:53.557766,CSI_DATA,461,1a:00:00:00:00:00,-43,11,0,0,0,0,0,0,0,0,0,-94,0,1,0,79655607,0,31,0,128,0,"[0,0,4,13,4,13,4,12,4,12,5,12,4,11,5,11,5,10,5,10,6,10,7,9,7,9,7,9,8,9,8,9,9,9,9,10,9,10,9,10,8,11,8,11,7,11,7,12,6,12,6,12,5,12,0,0,0,0,0,0,0,0,0,0,0,0,0,0,0,0,0,0,0,0,0,0,4,9,4,9,3,10,3,10,2,11,2,11,1,12,1,12,0,12,0,12,0,12,-1,12,0,11,0,11,0,11,0,11,1,11,2,11,2,11,2,12,3,12,3,12,4,12,4,13,4,13,4,13]"
2025-08-18 22:40:53.779042,CSI_DATA,462,1a:00:00:00:00:00,-43,11,0,0,0,0,0,0,0,0,0,-94,0,1,0,79856665,0,31,0,128,0,"[0,0,-6,-13,-6,-13,-6,-13,-6,-12,-7,-12,-7,-12,-7,-12,-7,-11,-8,-10,-8,-10,-9,-9,-9,-9,-10,-9,-10,-9,-10,-9,-11,-9,-11,-9,-11,-10,-11,-10,-11,-11,-10,-11,-10,-11,-9,-12,-9,-12,-8,-12,-7,-12,0,0,0,0,0,0,0,0,0,0,0,0,0,0,0,0,0,0,0,0,0,0,-6,-9,-6,-10,-5,-10,-5,-11,-4,-12,-4,-12,-3,-12,-3,-13,-2,-13,-2,-13,-2,-13,-2,-12,-2,-12,-2,-12,-2,-12,-3,-12,-3,-12,-4,-12,-4,-12,-5,-12,-5,-12,-5,-13,-6,-13,-6,-13,-6,-13,-6,-13]"
2025-08-18 22:40:53.965909,CSI_DATA,463,1a:00:00:00:00:00,-42,11,0,0,0,0,0,0,0,0,0,-94,0,1,0,80057829,0,31,0,128,0,"[0,0,13,-6,13,-7,12,-7,13,-7,12,-7,12,-7,11,-7,11,-7,10,-8,10,-9,9,-9,9,-10,9,-10,9,-10,9,-11,9,-11,10,-11,10,-11,10,-11,11,-11,11,-10,11,-10,12,-10,12,-9,12,-8,12,-7,0,0,0,0,0,0,0,0,0,0,0,0,0,0,0,0,0,0,0,0,0,0,9,-6,9,-6,10,-5,11,-5,12,-4,12,-4,12,-3,12,-3,13,-2,13,-2,13,-2,12,-1,12,-2,12,-2,12,-2,12,-3,11,-3,12,-4,12,-4,12,-4,13,-5,13,-5,13,-6,13,-6,13,-6,13,-6]"
2025-08-18 22:40:54.172040,CSI_DATA,464,1a:00:00:00:00:00,-42,11,0,0,0,0,0,0,0,0,0,-94,0,1,0,80259055,0,31,0,128,0,"[0,0,-11,-11,-10,-10,-11,-10,-10,-9,-10,-10,-10,-9,-10,-9,-11,-8,-11,-7,-11,-6,-11,-6,-12,-5,-12,-5,-13,-5,-13,-5,-13,-5,-13,-5,-14,-5,-14,-6,-14,-6,-14,-7,-13,-8,-12,-8,-12,-8,-12,-8,-11,-9,0,0,0,0,0,0,0,0,0,0,0,0,0,0,0,0,0,0,0,0,0,0,-9,-7,-8,-8,-8,-9,-8,-9,-8,-10,-7,-11,-7,-11,-7,-11,-6,-12,-6,-11,-6,-11,-6,-11,-6,-11,-6,-11,-6,-11,-6,-10,-7,-10,-7,-10,-8,-10,-8,-10,-9,-10,-9,-11,-10,-10,-10,-10,-10,-10,-10,-10]"
2025-08-18 22:40:54.361392,CSI_DATA,465,1a:00:00:00:00:00,-43,11,0,0,0,0,0,0,0,0,0,-94,0,1,0,80460412,0,31,0,128,0,"[0,0,6,12,7,12,6,11,7,11,7,11,7,10,7,10,7,9,8,9,8,8,9,8,9,7,9,7,10,7,10,7,11,7,11,7,11,8,11,8,11,9,10,9,10,10,9,10,8,10,8,10,7,10,0,0,0,0,0,0,0,0,0,0,0,0,0,0,0,0,0,0,0,0,0,0,6,8,5,9,5,9,4,10,4,11,4,11,3,12,3,12,2,12,2,12,1,11,1,11,1,11,2,11,2,11,3,11,3,11,4,11,4,11,4,11,5,11,5,11,6,12,6,12,6,12,6,12]"
2025-08-18 22:40:54.565743,CSI_DATA,466,1a:00:00:00:00:00,-43,11,0,0,0,0,0,0,0,0,0,-94,0,1,0,80661517,0,31,0,128,0,"[0,0,13,1,13,1,13,1,13,0,13,0,12,0,12,-1,12,-1,12,-2,12,-2,12,-3,11,-3,11,-4,11,-4,12,-5,12,-5,12,-5,13,-5,13,-5,14,-4,14,-4,14,-3,14,-2,13,-2,13,-1,13,0,0,0,0,0,0,0,0,0,0,0,0,0,0,0,0,0,0,0,0,0,0,0,10,-1,10,0,11,1,11,2,11,2,11,3,11,4,11,4,11,4,11,5,11,5,10,5,10,5,10,4,10,4,10,4,11,3,11,3,11,2,12,2,12,2,12,2,13,1,13,1,13,1,13,1]"
2025-08-18 22:40:54.772681,CSI_DATA,467,1a:00:00:00:00:00,-43,11,0,0,0,0,0,0,0,0,0,-94,0,1,0,80862649,0,31,0,128,0,"[0,0,-14,-2,-14,-2,-14,-2,-14,-2,-14,-1,-13,-1,-13,0,-13,0,-13,1,-12,2,-12,2,-12,3,-13,3,-12,4,-13,4,-13,4,-13,4,-14,4,-14,4,-14,4,-14,3,-14,3,-14,2,-15,1,-14,1,-14,0,0,0,0,0,0,0,0,0,0,0,0,0,0,0,0,0,0,0,0,0,0,0,-11,-1,-11,-2,-12,-2,-12,-3,-12,-4,-12,-5,-12,-5,-12,-6,-12,-6,-11,-6,-11,-7,-11,-6,-11,-6,-11,-6,-11,-5,-11,-5,-12,-4,-12,-4,-12,-4,-13,-3,-13,-3,-13,-3,-14,-2,-14,-3,-14,-3,-14,-2]"
2025-08-18 22:40:54.982793,CSI_DATA,468,1a:00:00:00:00:00,-43,11,0,0,0,0,0,0,0,0,0,-94,0,1,0,81063794,0,31,0,128,0,"[0,0,-8,11,-8,10,-8,10,-7,10,-7,10,-7,10,-6,10,-6,10,-5,10,-5,10,-4,10,-3,11,-3,11,-3,11,-3,12,-3,12,-3,12,-3,12,-3,13,-4,13,-4,12,-5,12,-6,12,-6,11,-6,11,-7,10,0,0,0,0,0,0,0,0,0,0,0,0,0,0,0,0,0,0,0,0,0,0,-4,8,-5,8,-6,8,-7,8,-7,8,-8,8,-9,8,-9,7,-10,7,-10,7,-10,7,-10,7,-9,6,-9,7,-9,7,-9,7,-8,7,-8,8,-8,8,-8,8,-8,9,-8,9,-8,10,-8,10,-8,10,-8,10]"
2025-08-18 22:40:55.030042,CSI_DATA,469,1a:00:00:00:00:00,-43,11,0,0,0,0,0,0,0,0,0,-94,0,1,0,81124581,0,42,0,128,0,"[0,0,-5,13,-5,13,-5,13,-4,12,-4,13,-3,12,-3,12,-2,12,-2,12,-1,11,-1,12,0,12,0,12,1,12,1,12,1,13,1,13,1,13,1,13,1,14,0,14,-1,14,-1,13,-2,14,-3,13,-3,13,0,0,0,0,0,0,0,0,0,0,0,0,0,0,0,0,0,0,0,0,0,0,-2,10,-3,10,-4,10,-5,10,-5,10,-6,11,-7,10,-7,10,-7,10,-8,10,-8,9,-8,9,-8,9,-7,9,-7,9,-7,9,-6,10,-6,10,-6,11,-5,11,-5,11,-5,12,-5,12,-5,13,-5,13,-5,13]"
2025-08-18 22:40:55.098024,CSI_DATA,470,1a:00:00:00:00:00,-43,11,0,0,0,0,0,0,0,0,0,-94,0,1,0,81192441,0,31,0,128,0,"[0,0,14,-1,13,-1,13,-1,13,-1,13,-2,12,-2,13,-2,12,-3,12,-3,11,-4,11,-5,11,-5,11,-5,11,-6,11,-6,12,-6,12,-6,13,-6,13,-6,13,-6,13,-5,13,-5,13,-4,13,-3,13,-3,13,-2,0,0,0,0,0,0,0,0,0,0,0,0,0,0,0,0,0,0,0,0,0,0,10,-2,10,-2,11,-1,11,0,11,0,12,1,12,2,12,2,12,2,11,3,11,3,11,3,11,3,11,3,11,3,11,2,11,1,11,1,12,1,12,0,12,0,13,0,13,0,13,-1,14,-1,14,-1]"
2025-08-18 22:40:55.314680,CSI_DATA,471,1a:00:00:00:00:00,-42,11,0,0,0,0,0,0,0,0,0,-94,0,1,0,81393058,0,31,0,128,0,"[0,0,-1,-14,-1,-14,-1,-14,-1,-13,-1,-13,-2,-13,-2,-13,-3,-12,-3,-12,-4,-12,-4,-12,-5,-12,-5,-12,-6,-11,-6,-12,-6,-12,-6,-12,-7,-12,-6,-13,-6,-13,-5,-13,-5,-14,-4,-14,-3,-14,-3,-13,-2,-13,0,0,0,0,0,0,0,0,0,0,0,0,0,0,0,0,0,0,0,0,0,0,-2,-11,-1,-11,0,-11,0,-12,1,-12,1,-12,2,-12,3,-12,3,-12,3,-12,3,-12,3,-11,3,-11,3,-11,3,-11,2,-11,2,-12,1,-12,1,-12,1,-13,0,-13,0,-13,0,-13,0,-14,0,-14,0,-14]"
2025-08-18 22:40:55.504619,CSI_DATA,472,1a:00:00:00:00:00,-43,11,0,0,0,0,0,0,0,0,0,-94,0,1,0,81594413,0,31,0,128,0,"[0,0,-14,-2,-14,-2,-14,-2,-14,-1,-13,-1,-13,-1,-13,0,-13,0,-13,1,-12,2,-12,2,-12,3,-12,3,-13,4,-13,4,-13,4,-13,5,-14,5,-14,5,-14,4,-14,4,-14,3,-14,2,-14,2,-14,1,-14,0,0,0,0,0,0,0,0,0,0,0,0,0,0,0,0,0,0,0,0,0,0,0,-11,-1,-11,-2,-12,-2,-12,-3,-12,-4,-12,-4,-12,-5,-12,-5,-12,-6,-12,-6,-11,-6,-11,-6,-11,-6,-11,-5,-11,-5,-11,-5,-12,-4,-12,-4,-12,-3,-13,-3,-13,-3,-14,-3,-14,-2,-14,-2,-14,-2,-14,-2]"
2025-08-18 22:40:55.702022,CSI_DATA,473,1a:00:00:00:00:00,-43,11,0,0,0,0,0,0,0,0,0,-94,0,1,0,81795507,0,31,0,128,0,"[0,0,11,-9,11,-9,10,-8,10,-9,10,-9,9,-9,9,-9,8,-9,8,-9,7,-10,7,-10,7,-10,7,-11,6,-11,6,-12,6,-12,6,-12,7,-13,7,-13,7,-13,8,-13,8,-12,8,-11,9,-11,9,-10,10,-9,0,0,0,0,0,0,0,0,0,0,0,0,0,0,0,0,0,0,0,0,0,0,8,-7,8,-7,9,-6,9,-6,10,-6,11,-5,11,-5,11,-5,11,-4,11,-4,11,-4,11,-3,11,-3,11,-4,11,-4,10,-4,11,-5,10,-6,10,-6,10,-7,10,-7,11,-8,11,-8,11,-8,11,-8,11,-9]"
2025-08-18 22:40:56.098119,CSI_DATA,474,1a:00:00:00:00:00,-43,11,0,0,0,0,0,0,0,0,0,-94,0,1,0,81996648,0,31,0,128,0,"[0,0,10,9,9,9,9,9,10,9,10,8,9,8,10,7,10,7,10,6,10,6,10,5,11,5,11,5,11,4,12,4,12,4,12,4,13,5,13,5,13,5,12,6,12,6,11,7,11,7,10,8,10,9,0,0,0,0,0,0,0,0,0,0,0,0,0,0,0,0,0,0,0,0,0,0,8,5,8,6,8,7,7,8,7,8,7,9,7,10,6,10,6,10,5,10,5,10,5,10,5,10,5,10,5,10,6,9,6,9,7,9,7,9,8,9,8,9,9,9,9,9,9,10,9,10,10,9]"
2025-08-18 22:40:56.103326,CSI_DATA,475,1a:00:00:00:00:00,-43,11,0,0,0,0,0,0,0,0,0,-94,0,1,0,82197828,0,31,0,128,0,"[0,0,8,11,7,10,8,10,8,10,8,9,8,9,8,9,8,8,8,7,9,7,9,6,9,6,10,6,10,5,11,6,11,5,11,6,11,6,12,6,11,7,11,7,10,8,10,8,10,8,9,9,8,9,0,0,0,0,0,0,0,0,0,0,0,0,0,0,0,0,0,0,0,0,0,0,7,6,6,7,6,8,6,9,6,9,5,10,5,10,5,11,4,11,4,11,4,11,4,11,3,10,4,10,4,10,4,10,5,10,5,10,6,10,6,10,6,10,7,10,7,10,8,10,8,10,8,10]"
2025-08-18 22:40:56.300645,CSI_DATA,476,1a:00:00:00:00:00,-42,11,0,0,0,0,0,0,0,0,0,-94,0,1,0,82399053,0,31,0,128,0,"[0,0,10,10,9,9,9,9,9,9,9,8,9,8,9,7,9,7,9,6,10,5,10,5,10,5,11,4,11,4,12,4,12,4,12,4,12,4,13,4,12,5,12,5,12,6,11,6,11,7,10,7,10,8,0,0,0,0,0,0,0,0,0,0,0,0,0,0,0,0,0,0,0,0,0,0,7,6,7,7,7,7,6,8,6,9,6,9,6,10,5,10,5,10,4,11,4,10,4,10,4,10,5,10,5,10,5,9,6,9,6,9,6,9,7,9,7,9,8,9,9,9,9,9,9,10,9,9]"
2025-08-18 22:40:56.500359,CSI_DATA,477,1a:00:00:00:00:00,-42,11,0,0,0,0,0,0,0,0,0,-94,0,1,0,82600188,0,31,0,128,0,"[0,0,9,11,8,10,8,10,8,9,8,10,8,9,9,9,9,8,9,7,9,6,9,7,10,6,10,6,11,6,11,5,12,5,11,5,12,6,12,6,12,7,12,7,11,8,10,8,10,9,9,9,9,10,0,0,0,0,0,0,0,0,0,0,0,0,0,0,0,0,0,0,0,0,0,0,7,6,7,7,7,8,7,9,6,9,6,10,6,10,5,11,5,11,4,11,4,11,4,11,4,11,4,11,5,11,4,10,5,10,5,10,6,10,7,10,7,10,7,10,8,10,8,11,8,11,9,11]"
2025-08-18 22:40:56.567560,CSI_DATA,478,1a:00:00:00:00:00,-43,11,0,0,0,0,0,0,0,0,0,-94,0,1,0,82661034,0,42,0,128,0,"[0,0,9,-11,8,-12,8,-11,8,-12,7,-12,7,-11,6,-11,6,-11,5,-12,4,-12,4,-12,3,-12,3,-12,3,-13,2,-13,2,-13,2,-14,3,-14,3,-14,3,-14,4,-14,4,-14,5,-14,6,-13,6,-12,7,-12,0,0,0,0,0,0,0,0,0,0,0,0,0,0,0,0,0,0,0,0,0,0,5,-9,6,-9,7,-9,8,-9,8,-9,9,-8,10,-8,10,-8,10,-8,10,-7,10,-7,10,-7,10,-7,10,-7,9,-7,9,-8,9,-8,8,-9,9,-9,9,-9,9,-10,8,-10,9,-11,9,-11,9,-11,9,-11]"
2025-08-18 22:40:56.634699,CSI_DATA,479,1a:00:00:00:00:00,-42,11,0,0,0,0,0,0,0,0,0,-94,0,1,0,82728238,0,31,0,128,0,"[0,0,14,-3,13,-3,13,-3,13,-3,13,-3,12,-3,12,-3,12,-4,11,-5,11,-6,10,-6,10,-7,10,-7,10,-7,10,-7,11,-8,11,-8,11,-8,12,-8,12,-7,13,-7,13,-6,13,-5,13,-5,13,-4,13,-4,0,0,0,0,0,0,0,0,0,0,0,0,0,0,0,0,0,0,0,0,0,0,9,-4,10,-3,10,-3,11,-2,11,-2,12,-1,12,0,12,0,12,1,12,1,12,1,12,1,11,1,11,1,12,1,11,0,12,0,12,-1,12,-1,12,-1,12,-2,13,-2,13,-3,13,-3,13,-3,14,-3]"
2025-08-18 22:40:56.850401,CSI_DATA,480,1a:00:00:00:00:00,-42,11,0,0,0,0,0,0,0,0,0,-94,0,1,0,82929303,0,31,0,128,0,"[0,0,10,-10,10,-10,9,-10,9,-11,9,-11,8,-10,8,-10,7,-11,7,-11,6,-11,6,-11,5,-12,5,-12,4,-12,4,-13,5,-13,5,-13,5,-13,5,-14,6,-13,6,-13,7,-13,7,-12,8,-12,8,-11,9,-10,0,0,0,0,0,0,0,0,0,0,0,0,0,0,0,0,0,0,0,0,0,0,6,-9,6,-9,7,-8,8,-8,9,-8,9,-8,10,-7,10,-7,10,-7,11,-6,10,-6,11,-6,10,-6,10,-6,10,-6,10,-7,9,-7,9,-8,10,-8,9,-9,9,-9,9,-10,9,-10,10,-10,10,-10,10,-10]"
2025-08-18 22:40:57.037073,CSI_DATA,481,1a:00:00:00:00:00,-42,11,0,0,0,0,0,0,0,0,0,-94,0,1,0,83130458,0,31,0,128,0,"[0,0,-9,12,-9,11,-9,12,-8,12,-8,12,-7,11,-7,11,-6,11,-6,11,-5,11,-4,12,-4,12,-4,12,-3,13,-3,13,-3,13,-3,14,-3,14,-4,14,-4,14,-5,14,-5,13,-6,13,-6,13,-6,12,-7,12,0,0,0,0,0,0,0,0,0,0,0,0,0,0,0,0,0,0,0,0,0,0,-6,9,-6,9,-7,9,-8,9,-9,8,-9,8,-10,8,-10,8,-11,7,-11,7,-11,7,-11,7,-10,7,-10,7,-10,7,-10,8,-10,8,-9,8,-9,9,-9,9,-9,10,-9,10,-9,11,-9,11,-9,12,-9,12]"
2025-08-18 22:40:57.236566,CSI_DATA,482,1a:00:00:00:00:00,-42,11,0,0,0,0,0,0,0,0,0,-94,0,1,0,83331733,0,31,0,128,0,"[0,0,-1,14,-1,13,-1,13,-1,13,-1,13,0,13,0,12,1,12,1,12,1,11,2,11,2,11,2,12,3,12,4,11,4,12,4,12,4,13,4,13,3,13,3,13,2,13,1,13,0,13,0,13,-1,13,0,0,0,0,0,0,0,0,0,0,0,0,0,0,0,0,0,0,0,0,0,0,1,9,0,10,-1,10,-2,11,-2,11,-3,11,-3,11,-3,11,-4,11,-5,11,-5,11,-5,10,-5,10,-4,10,-4,11,-4,10,-3,11,-3,11,-3,12,-2,12,-2,12,-2,13,-2,13,-2,13,-2,13,-1,13]"
2025-08-18 22:40:57.433054,CSI_DATA,483,1a:00:00:00:00:00,-42,11,0,0,0,0,0,0,0,0,0,-94,0,1,0,83532841,0,31,0,128,0,"[0,0,11,8,11,7,11,7,11,6,11,6,11,6,10,5,11,5,11,4,11,3,11,3,11,2,11,2,12,2,12,2,13,2,12,2,13,2,14,2,13,3,13,3,13,4,12,4,12,4,12,5,11,6,0,0,0,0,0,0,0,0,0,0,0,0,0,0,0,0,0,0,0,0,0,0,9,4,9,5,8,5,9,6,8,7,9,8,8,8,8,9,7,9,7,9,7,9,7,9,7,8,7,8,7,8,7,8,8,8,8,7,9,7,9,7,10,7,10,7,10,7,11,7,11,7,12,7]"
2025-08-18 22:40:57.639322,CSI_DATA,484,1a:00:00:00:00:00,-42,11,0,0,0,0,0,0,0,0,0,-94,0,1,0,83734003,0,31,0,128,0,"[0,0,-3,13,-3,13,-3,13,-3,13,-2,13,-2,13,-2,12,-1,12,-1,12,0,11,1,12,1,12,2,12,2,12,2,12,3,12,3,13,3,13,2,13,2,13,1,13,1,14,0,13,0,13,-1,13,-2,13,0,0,0,0,0,0,0,0,0,0,0,0,0,0,0,0,0,0,0,0,0,0,-1,10,-2,10,-3,10,-4,10,-4,11,-5,11,-6,11,-6,11,-6,10,-6,10,-7,10,-6,10,-6,10,-6,10,-6,10,-6,10,-5,10,-4,11,-4,11,-4,11,-4,12,-4,12,-3,13,-3,13,-3,13,-3,13]"
2025-08-18 22:40:57.841840,CSI_DATA,485,1a:00:00:00:00:00,-42,11,0,0,0,0,0,0,0,0,0,-94,0,1,0,83935590,0,31,0,128,0,"[0,0,8,-12,8,-12,7,-12,7,-12,7,-12,7,-11,6,-12,5,-12,5,-12,4,-12,4,-12,3,-12,3,-12,3,-13,2,-13,2,-13,3,-14,3,-14,3,-14,4,-14,4,-14,5,-14,5,-13,5,-13,6,-12,7,-12,0,0,0,0,0,0,0,0,0,0,0,0,0,0,0,0,0,0,0,0,0,0,4,-10,5,-9,6,-9,7,-10,7,-9,8,-9,8,-9,9,-8,9,-8,9,-8,9,-8,9,-8,9,-8,9,-8,9,-8,8,-8,8,-9,8,-9,8,-9,8,-10,8,-10,8,-11,8,-11,8,-12,8,-12,8,-12]"
2025-08-18 22:40:58.045194,CSI_DATA,486,1a:00:00:00:00:00,-42,11,0,0,0,0,0,0,0,0,0,-94,0,1,0,84136411,0,31,0,128,0,"[0,0,12,6,12,5,12,5,12,5,12,5,12,4,12,4,11,3,11,2,11,1,12,1,11,1,12,0,12,0,12,0,13,-1,13,0,13,0,14,0,14,0,14,1,13,2,13,2,13,3,12,3,12,4,0,0,0,0,0,0,0,0,0,0,0,0,0,0,0,0,0,0,0,0,0,0,9,3,9,3,9,4,9,5,10,6,10,6,9,7,9,7,9,8,8,8,8,8,8,8,8,8,8,7,9,7,8,7,9,7,10,6,10,6,11,6,11,6,11,6,12,6,12,6,12,6,12,6]"
2025-08-18 22:40:58.102847,CSI_DATA,487,1a:00:00:00:00:00,-42,11,0,0,0,0,0,0,0,0,0,-94,0,1,0,84197231,0,42,0,128,0,"[0,0,-7,12,-7,12,-6,12,-6,12,-5,12,-5,11,-5,11,-4,12,-4,11,-2,11,-2,11,-1,12,-1,12,-1,12,-1,12,-1,12,-1,13,-1,13,-1,13,-2,13,-2,13,-3,13,-3,13,-3,13,-4,12,-5,12,0,0,0,0,0,0,0,0,0,0,0,0,0,0,0,0,0,0,0,0,0,0,-3,9,-4,9,-5,10,-6,10,-7,10,-7,10,-8,9,-8,9,-9,9,-9,9,-9,9,-9,8,-8,9,-8,8,-8,9,-8,9,-8,9,-7,10,-7,10,-7,10,-7,11,-7,11,-6,12,-6,12,-6,12,-6,12]"
2025-08-18 22:40:58.167323,CSI_DATA,488,1a:00:00:00:00:00,-43,11,0,0,0,0,0,0,0,0,0,-94,0,1,0,84263584,0,31,0,128,0,"[0,0,13,4,13,4,12,4,13,3,12,3,12,3,12,2,12,2,12,1,12,0,12,0,12,-1,12,-1,11,-1,13,-2,12,-2,13,-2,13,-2,14,-2,14,-1,14,0,14,0,14,1,13,1,13,1,12,3,0,0,0,0,0,0,0,0,0,0,0,0,0,0,0,0,0,0,0,0,0,0,10,1,10,2,10,3,10,4,11,5,10,5,10,6,10,6,10,7,10,7,9,7,9,7,9,7,9,7,9,6,10,6,10,5,11,5,10,5,11,5,11,5,12,5,13,4,13,4,13,4,13,4]"
2025-08-18 22:40:58.378250,CSI_DATA,489,1a:00:00:00:00:00,-42,11,0,0,0,0,0,0,0,0,0,-94,0,1,0,84464427,0,31,0,128,0,"[0,0,-10,10,-9,10,-9,10,-9,10,-8,10,-8,10,-7,10,-7,10,-6,10,-5,10,-5,11,-4,11,-4,11,-4,12,-3,12,-4,12,-4,12,-4,13,-5,13,-5,13,-5,13,-6,12,-7,12,-7,12,-7,11,-8,11,0,0,0,0,0,0,0,0,0,0,0,0,0,0,0,0,0,0,0,0,0,0,-6,8,-7,8,-7,8,-8,8,-9,8,-9,8,-10,7,-10,7,-10,7,-11,6,-11,6,-10,6,-10,6,-10,6,-10,6,-10,6,-10,7,-9,7,-9,8,-9,9,-9,9,-9,9,-9,10,-9,10,-9,10,-9,11]"
2025-08-18 22:40:58.570322,CSI_DATA,490,1a:00:00:00:00:00,-42,11,0,0,0,0,0,0,0,0,0,-94,0,1,0,84665525,0,31,0,128,0,"[0,0,-1,14,-1,13,-1,13,-1,13,0,13,0,12,0,12,1,12,1,11,2,11,2,11,3,11,3,11,4,11,4,11,4,12,4,12,4,12,4,13,4,13,3,13,2,13,2,13,1,13,1,12,0,12,0,0,0,0,0,0,0,0,0,0,0,0,0,0,0,0,0,0,0,0,0,0,1,9,0,10,-1,10,-1,11,-2,11,-3,11,-3,11,-4,11,-4,11,-5,11,-5,11,-5,11,-4,11,-4,11,-4,11,-3,11,-3,11,-3,11,-3,12,-2,12,-2,12,-2,13,-1,13,-1,13,-1,13,-1,14]"
2025-08-18 22:40:58.778984,CSI_DATA,491,1a:00:00:00:00:00,-42,11,0,0,0,0,0,0,0,0,0,-94,0,1,0,84866699,0,31,0,128,0,"[0,0,-6,-14,-6,-13,-6,-13,-6,-13,-7,-12,-7,-12,-7,-12,-7,-11,-8,-10,-8,-10,-9,-10,-9,-9,-9,-9,-10,-9,-10,-9,-11,-9,-10,-10,-11,-10,-11,-10,-11,-10,-10,-11,-10,-11,-9,-12,-9,-12,-8,-12,-7,-12,0,0,0,0,0,0,0,0,0,0,0,0,0,0,0,0,0,0,0,0,0,0,-6,-9,-6,-10,-5,-10,-5,-11,-4,-11,-4,-12,-3,-13,-3,-13,-2,-13,-2,-13,-2,-13,-2,-13,-2,-13,-2,-12,-2,-13,-3,-12,-3,-12,-4,-12,-4,-13,-5,-13,-5,-13,-6,-13,-6,-13,-6,-13,-6,-14,-6,-14]"
2025-08-18 22:40:58.981095,CSI_DATA,492,1a:00:00:00:00:00,-42,11,0,0,0,0,0,0,0,0,0,-94,0,1,0,85068036,0,31,0,128,0,"[0,0,-11,-10,-11,-10,-11,-9,-11,-9,-11,-9,-11,-8,-11,-8,-11,-7,-11,-6,-12,-6,-12,-5,-12,-5,-12,-5,-13,-4,-13,-4,-13,-4,-14,-4,-14,-4,-14,-4,-14,-4,-14,-5,-14,-5,-13,-6,-13,-7,-12,-7,-12,-8,0,0,0,0,0,0,0,0,0,0,0,0,0,0,0,0,0,0,0,0,0,0,-9,-7,-9,-7,-9,-8,-8,-9,-8,-10,-8,-10,-7,-10,-7,-11,-7,-11,-6,-12,-6,-11,-6,-11,-6,-11,-6,-11,-7,-11,-7,-10,-8,-10,-8,-10,-8,-10,-9,-10,-10,-10,-10,-10,-11,-10,-11,-10,-11,-10,-11,-10]"
2025-08-18 22:40:59.176903,CSI_DATA,493,1a:00:00:00:00:00,-42,11,0,0,0,0,0,0,0,0,0,-94,0,1,0,85269179,0,31,0,128,0,"[0,0,-15,3,-14,3,-14,3,-13,3,-13,4,-13,4,-13,4,-12,4,-12,5,-11,5,-11,6,-10,7,-10,7,-11,8,-11,8,-11,8,-11,8,-11,8,-12,8,-12,8,-12,7,-13,7,-13,6,-13,6,-13,5,-13,5,0,0,0,0,0,0,0,0,0,0,0,0,0,0,0,0,0,0,0,0,0,0,-10,4,-11,3,-11,2,-12,2,-12,1,-13,1,-13,0,-13,0,-13,-1,-13,-1,-13,-1,-13,-1,-13,-1,-12,0,-13,0,-12,0,-13,0,-12,1,-13,1,-13,1,-13,2,-14,2,-14,3,-14,3,-14,3,-14,4]"
2025-08-18 22:40:59.376217,CSI_DATA,494,1a:00:00:00:00:00,-42,11,0,0,0,0,0,0,0,0,0,-94,0,1,0,85470354,0,31,0,128,0,"[0,0,-6,13,-5,13,-5,12,-5,12,-5,12,-4,12,-4,12,-3,12,-3,11,-2,11,-1,12,-1,12,-1,12,0,12,0,12,1,12,0,13,0,13,0,14,-1,14,-1,14,-2,14,-2,13,-3,13,-3,13,-4,12,0,0,0,0,0,0,0,0,0,0,0,0,0,0,0,0,0,0,0,0,0,0,-3,9,-4,10,-4,10,-5,10,-6,10,-7,10,-7,10,-8,10,-8,10,-8,9,-8,9,-8,9,-8,9,-8,9,-8,9,-7,9,-7,10,-6,10,-7,10,-6,11,-6,11,-6,12,-6,12,-6,12,-6,12,-6,13]"
2025-08-18 22:40:59.586601,CSI_DATA,495,1a:00:00:00:00:00,-42,11,0,0,0,0,0,0,0,0,0,-94,0,1,0,85671479,0,31,0,128,0,"[0,0,0,-15,0,-15,0,-15,0,-14,-1,-14,-1,-14,-1,-14,-2,-13,-3,-13,-3,-13,-3,-13,-4,-13,-5,-13,-5,-13,-5,-13,-6,-13,-6,-13,-6,-13,-6,-14,-5,-14,-5,-14,-4,-15,-3,-14,-3,-15,-2,-14,-1,-14,0,0,0,0,0,0,0,0,0,0,0,0,0,0,0,0,0,0,0,0,0,0,-1,-11,-1,-11,0,-12,1,-12,2,-12,2,-13,3,-13,3,-13,4,-13,4,-12,4,-12,4,-12,4,-12,4,-12,3,-12,3,-12,3,-12,2,-13,2,-13,1,-13,1,-14,1,-14,1,-14,0,-15,1,-15,0,-15]"
2025-08-18 22:40:59.637050,CSI_DATA,496,1a:00:00:00:00:00,-42,11,0,0,0,0,0,0,0,0,0,-94,0,1,0,85732303,0,42,0,128,0,"[0,0,-8,11,-8,11,-7,11,-7,11,-6,10,-6,11,-6,11,-5,11,-5,11,-4,11,-4,11,-3,11,-3,11,-2,11,-2,12,-2,12,-2,13,-2,12,-3,13,-3,13,-4,13,-4,13,-5,13,-5,12,-6,11,-7,11,0,0,0,0,0,0,0,0,0,0,0,0,0,0,0,0,0,0,0,0,0,0,-4,9,-5,9,-6,9,-7,8,-7,9,-8,8,-8,8,-9,8,-9,8,-10,8,-9,7,-9,7,-9,7,-9,7,-9,7,-9,8,-8,8,-8,9,-8,9,-8,9,-8,10,-8,10,-8,11,-8,11,-8,11,-8,11]"
2025-08-18 22:40:59.730219,CSI_DATA,497,1a:00:00:00:00:00,-42,11,0,0,0,0,0,0,0,0,0,-94,0,1,0,85824129,0,31,0,128,0,"[0,0,11,-8,11,-8,11,-8,10,-8,10,-8,9,-8,9,-8,8,-9,8,-9,7,-9,7,-9,7,-10,7,-10,6,-11,6,-11,6,-12,6,-12,6,-12,7,-12,7,-12,8,-12,8,-11,8,-11,9,-10,9,-9,10,-9,0,0,0,0,0,0,0,0,0,0,0,0,0,0,0,0,0,0,0,0,0,0,7,-7,8,-6,8,-6,9,-6,10,-5,10,-5,10,-5,11,-4,11,-4,11,-3,11,-3,11,-3,11,-3,11,-3,11,-4,10,-4,10,-5,10,-5,10,-6,10,-6,10,-7,11,-7,11,-7,11,-7,11,-7,11,-8]"
2025-08-18 22:40:59.932083,CSI_DATA,498,1a:00:00:00:00:00,-42,11,0,0,0,0,0,0,0,0,0,-94,0,1,0,86025187,0,31,0,128,0,"[0,0,10,-10,10,-11,9,-10,9,-10,9,-11,9,-10,8,-10,8,-11,7,-11,6,-11,6,-11,5,-12,5,-12,5,-13,5,-13,5,-13,5,-13,5,-13,6,-14,7,-14,7,-13,8,-13,8,-12,8,-12,9,-11,9,-10,0,0,0,0,0,0,0,0,0,0,0,0,0,0,0,0,0,0,0,0,0,0,6,-9,6,-9,7,-9,8,-8,9,-8,9,-8,10,-8,10,-7,11,-7,11,-7,11,-6,11,-6,11,-7,10,-7,10,-7,10,-7,10,-7,9,-8,10,-8,10,-9,10,-9,10,-10,10,-10,10,-10,10,-11,10,-11]"
2025-08-18 22:41:00.130513,CSI_DATA,499,1a:00:00:00:00:00,-42,11,0,0,0,0,0,0,0,0,0,-94,0,1,0,86226594,0,31,0,128,0,"[0,0,1,15,1,14,1,14,2,13,2,14,2,13,3,13,3,12,3,12,4,11,5,11,5,11,6,11,6,11,6,11,7,11,7,11,7,12,7,12,6,12,6,13,5,13,5,13,4,13,3,13,3,13,0,0,0,0,0,0,0,0,0,0,0,0,0,0,0,0,0,0,0,0,0,0,2,10,1,11,0,11,0,12,-1,12,-1,12,-2,12,-2,12,-3,12,-3,12,-4,12,-3,12,-3,12,-3,12,-3,12,-2,11,-2,12,-1,12,-1,13,0,13,0,13,0,13,1,13,1,14,1,14,2,15]"
2025-08-18 22:41:00.342940,CSI_DATA,500,1a:00:00:00:00:00,-42,11,0,0,0,0,0,0,0,0,0,-94,0,1,0,86427699,0,31,0,128,0,"[0,0,-6,-15,-5,-14,-5,-14,-4,-13,-6,-14,-6,-12,-6,-14,-7,-12,-8,-13,-8,-11,-9,-11,-9,-10,-8,-11,-9,-11,-9,-11,-10,-10,-10,-11,-10,-12,-11,-12,-10,-11,-10,-13,-9,-12,-7,-12,-7,-13,-6,-13,-6,-13,0,0,0,0,0,0,0,0,0,0,0,0,0,0,0,0,0,0,0,0,0,0,-5,-10,-4,-11,-4,-11,-3,-12,-3,-12,-2,-13,-2,-13,-1,-13,-1,-14,-1,-13,0,-13,0,-13,0,-13,-1,-13,-1,-13,-2,-13,-2,-13,-2,-13,-3,-14,-3,-13,-4,-14,-4,-14,-5,-14,-5,-14,-5,-14,-5,-14]"
2025-08-18 22:41:00.540356,CSI_DATA,501,1a:00:00:00:00:00,-42,11,0,0,0,0,0,0,0,0,0,-94,0,1,0,86629141,0,31,0,128,0,"[0,0,-13,-7,-13,-7,-13,-6,-13,-6,-13,-6,-12,-5,-12,-5,-12,-4,-12,-4,-13,-3,-12,-3,-13,-2,-13,-2,-13,-1,-13,-1,-14,-1,-14,-1,-14,-1,-15,-2,-15,-2,-15,-2,-14,-3,-14,-4,-14,-4,-13,-5,-13,-5,0,0,0,0,0,0,0,0,0,0,0,0,0,0,0,0,0,0,0,0,0,0,-10,-4,-10,-4,-10,-5,-10,-6,-10,-7,-10,-7,-10,-8,-10,-8,-9,-9,-9,-9,-9,-9,-9,-9,-9,-9,-9,-8,-9,-8,-9,-8,-10,-7,-10,-7,-10,-7,-11,-7,-11,-7,-12,-7,-13,-6,-13,-7,-13,-7,-13,-6]"
2025-08-18 22:41:00.735667,CSI_DATA,502,1a:00:00:00:00:00,-43,11,0,0,0,0,0,0,0,0,0,-94,0,1,0,86830223,0,31,0,128,0,"[0,0,-8,12,-8,11,-8,11,-7,11,-7,11,-6,11,-6,11,-5,11,-5,11,-4,11,-4,11,-3,11,-3,12,-3,12,-3,12,-3,13,-3,12,-3,13,-3,13,-4,13,-4,13,-5,13,-5,12,-6,12,-7,11,-8,11,0,0,0,0,0,0,0,0,0,0,0,0,0,0,0,0,0,0,0,0,0,0,-4,9,-5,9,-6,8,-7,9,-7,9,-8,9,-8,8,-9,8,-9,8,-9,7,-9,7,-9,7,-9,7,-9,7,-9,8,-8,7,-9,8,-8,8,-8,9,-8,9,-8,10,-8,10,-7,10,-8,11,-8,11,-7,11]"
2025-08-18 22:41:00.935005,CSI_DATA,503,1a:00:00:00:00:00,-42,11,0,0,0,0,0,0,0,0,0,-94,0,1,0,87031183,0,31,0,128,0,"[0,0,1,14,1,14,1,13,2,14,2,13,2,13,2,13,3,12,4,11,4,12,4,11,5,11,5,11,6,11,7,11,6,11,7,12,6,12,7,12,7,13,6,13,5,13,4,14,3,14,3,13,2,13,0,0,0,0,0,0,0,0,0,0,0,0,0,0,0,0,0,0,0,0,0,0,2,10,2,10,1,11,0,11,0,12,-1,12,-1,12,-2,12,-2,12,-3,12,-3,12,-3,11,-3,11,-3,11,-2,11,-2,12,-1,12,-1,12,-1,12,0,13,0,12,1,13,1,14,1,14,1,14,1,14]"
2025-08-18 22:41:01.140586,CSI_DATA,504,1a:00:00:00:00:00,-43,11,0,0,0,0,0,0,0,0,0,-94,0,1,0,87233051,0,31,0,128,0,"[0,0,-10,11,-10,11,-10,11,-9,11,-9,11,-8,11,-8,11,-7,11,-7,11,-6,11,-6,12,-5,12,-5,12,-5,13,-4,13,-4,13,-4,13,-5,14,-6,14,-5,14,-6,14,-7,13,-7,13,-8,13,-8,12,-9,11,0,0,0,0,0,0,0,0,0,0,0,0,0,0,0,0,0,0,0,0,0,0,-6,8,-7,9,-8,8,-9,8,-9,8,-10,8,-11,8,-11,7,-11,7,-11,7,-11,7,-11,6,-11,7,-11,7,-11,7,-10,7,-10,8,-10,8,-10,9,-10,9,-10,9,-10,10,-10,10,-10,11,-10,11,-9,11]"
2025-08-18 22:41:01.217585,CSI_DATA,505,1a:00:00:00:00:00,-43,11,0,0,0,0,0,0,0,0,0,-94,0,1,0,87293255,0,42,0,128,0,"[0,0,0,-14,-1,-14,-1,-14,-1,-14,-1,-13,-1,-13,-2,-13,-2,-13,-3,-13,-3,-12,-4,-12,-4,-12,-5,-12,-5,-12,-6,-12,-6,-12,-6,-13,-6,-13,-5,-14,-5,-14,-4,-14,-4,-14,-3,-14,-2,-14,-2,-14,-1,-14,0,0,0,0,0,0,0,0,0,0,0,0,0,0,0,0,0,0,0,0,0,0,-2,-10,-1,-10,0,-11,0,-11,1,-12,1,-12,2,-12,3,-12,3,-12,3,-12,3,-12,3,-12,3,-12,3,-11,3,-11,2,-12,2,-12,1,-12,1,-12,1,-13,1,-13,0,-13,0,-14,0,-14,0,-14,0,-14]"
2025-08-18 22:41:01.248156,CSI_DATA,506,1a:00:00:00:00:00,-42,11,0,0,0,0,0,0,0,0,0,-94,0,1,0,87336296,0,31,0,128,0,"[0,0,-9,-12,-9,-12,-8,-12,-9,-12,-9,-11,-9,-11,-9,-10,-9,-10,-9,-9,-10,-9,-10,-8,-11,-8,-10,-8,-11,-8,-12,-8,-12,-8,-12,-8,-12,-8,-12,-9,-12,-9,-12,-10,-11,-10,-11,-11,-10,-11,-9,-11,-8,-12,0,0,0,0,0,0,0,0,0,0,0,0,0,0,0,0,0,0,0,0,0,0,-8,-8,-7,-8,-7,-9,-7,-10,-7,-10,-6,-11,-6,-11,-5,-12,-5,-12,-5,-12,-5,-12,-4,-12,-5,-12,-5,-11,-5,-11,-5,-11,-6,-11,-6,-11,-7,-11,-7,-11,-7,-11,-7,-12,-8,-11,-8,-12,-8,-12,-9,-12]"
2025-08-18 22:41:01.439073,CSI_DATA,507,1a:00:00:00:00:00,-43,11,0,0,0,0,0,0,0,0,0,-94,0,1,0,87537394,0,31,0,128,0,"[0,0,9,11,9,10,9,10,9,10,9,9,9,9,9,8,9,8,10,7,10,6,10,6,11,6,11,6,11,5,12,5,12,5,12,6,12,6,13,7,12,7,12,7,11,8,11,8,10,9,10,9,9,9,0,0,0,0,0,0,0,0,0,0,0,0,0,0,0,0,0,0,0,0,0,0,8,6,7,7,7,7,7,8,7,9,6,9,6,10,6,10,5,11,5,11,5,11,5,10,5,11,5,10,5,10,5,10,6,10,7,9,7,10,7,10,8,10,8,10,9,10,9,10,9,10,10,10]"
2025-08-18 22:41:01.657634,CSI_DATA,508,1a:00:00:00:00:00,-43,11,0,0,0,0,0,0,0,0,0,-94,0,1,0,87738832,0,31,0,128,0,"[0,0,-1,14,-1,14,-1,14,0,13,0,13,0,13,1,13,1,12,2,12,3,12,3,12,3,12,4,11,4,12,5,12,5,12,5,12,5,13,5,13,4,13,4,14,3,14,2,14,2,14,1,13,0,13,0,0,0,0,0,0,0,0,0,0,0,0,0,0,0,0,0,0,0,0,0,0,1,10,0,10,-1,11,-1,11,-2,11,-2,12,-3,12,-4,12,-4,12,-4,11,-4,11,-5,11,-4,11,-4,11,-4,11,-3,11,-3,11,-2,12,-2,12,-2,12,-2,12,-2,13,-1,14,-1,14,-1,14,0,14]"
2025-08-18 22:41:01.851856,CSI_DATA,509,1a:00:00:00:00:00,-43,11,0,0,0,0,0,0,0,0,0,-94,0,1,0,87939709,0,31,0,128,0,"[0,0,-12,-9,-11,-9,-11,-9,-11,-9,-11,-8,-11,-8,-11,-8,-11,-7,-11,-6,-12,-6,-12,-5,-12,-5,-12,-5,-13,-4,-13,-4,-14,-4,-14,-4,-14,-4,-14,-5,-14,-5,-14,-6,-14,-6,-13,-7,-13,-7,-12,-7,-12,-8,0,0,0,0,0,0,0,0,0,0,0,0,0,0,0,0,0,0,0,0,0,0,-9,-6,-9,-7,-9,-8,-9,-8,-9,-9,-9,-10,-8,-10,-8,-10,-7,-11,-7,-11,-7,-11,-7,-11,-7,-10,-7,-10,-7,-10,-8,-10,-8,-10,-9,-9,-9,-10,-10,-9,-10,-10,-10,-9,-11,-9,-11,-9,-11,-9,-12,-9]"
2025-08-18 22:41:02.046480,CSI_DATA,510,1a:00:00:00:00:00,-43,11,0,0,0,0,0,0,0,0,0,-94,0,1,0,88140889,0,31,0,128,0,"[0,0,-9,11,-9,11,-9,11,-8,11,-8,11,-8,11,-7,11,-7,11,-6,10,-5,11,-5,11,-4,11,-4,12,-4,12,-4,12,-4,13,-4,13,-4,13,-4,13,-5,13,-6,13,-6,13,-6,13,-7,12,-7,11,-8,11,0,0,0,0,0,0,0,0,0,0,0,0,0,0,0,0,0,0,0,0,0,0,-6,8,-7,8,-7,8,-8,8,-9,8,-9,8,-10,7,-10,7,-10,7,-11,6,-10,6,-10,6,-10,7,-10,7,-10,7,-10,7,-9,8,-9,8,-9,8,-9,9,-9,9,-9,10,-9,10,-9,11,-9,11,-9,11]"
2025-08-18 22:41:02.249743,CSI_DATA,511,1a:00:00:00:00:00,-43,11,0,0,0,0,0,0,0,0,0,-94,0,1,0,88342113,0,31,0,128,0,"[0,0,4,-14,4,-14,4,-14,4,-14,3,-14,3,-13,3,-13,2,-13,2,-13,1,-13,0,-13,0,-13,-1,-13,-1,-14,-1,-14,-1,-14,-1,-14,-1,-15,-1,-15,-1,-15,0,-15,1,-15,1,-15,2,-15,3,-14,3,-14,0,0,0,0,0,0,0,0,0,0,0,0,0,0,0,0,0,0,0,0,0,0,1,-10,2,-11,3,-11,4,-11,4,-11,5,-11,6,-11,6,-11,7,-10,7,-10,7,-10,7,-10,7,-10,6,-10,6,-10,6,-10,5,-10,5,-11,5,-12,5,-12,5,-12,5,-13,4,-13,4,-14,4,-14,4,-14]"
2025-08-18 22:41:02.449275,CSI_DATA,512,1a:00:00:00:00:00,-43,11,0,0,0,0,0,0,0,0,0,-94,0,1,0,88543438,0,31,0,128,0,"[0,0,-11,9,-11,9,-10,9,-10,9,-9,9,-9,9,-9,9,-8,9,-8,9,-7,10,-7,10,-6,10,-6,11,-5,11,-5,12,-5,11,-6,12,-6,12,-6,12,-7,12,-7,12,-7,12,-8,12,-8,10,-9,10,-9,9,0,0,0,0,0,0,0,0,0,0,0,0,0,0,0,0,0,0,0,0,0,0,-7,7,-7,7,-9,7,-9,6,-10,6,-10,6,-11,5,-11,5,-11,5,-12,4,-11,4,-11,4,-11,4,-11,4,-11,5,-11,5,-10,5,-10,6,-10,6,-10,7,-10,7,-10,8,-11,9,-10,9,-11,9,-10,9]"
2025-08-18 22:41:02.647185,CSI_DATA,513,1a:00:00:00:00:00,-43,11,0,0,0,0,0,0,0,0,0,-94,0,1,0,88744536,0,31,0,128,0,"[0,0,13,4,12,4,12,4,12,3,12,3,12,3,12,2,12,2,11,1,11,0,12,0,11,0,12,-1,12,-1,12,-1,13,-2,12,-1,13,-1,14,-1,14,-1,14,0,13,1,13,1,13,2,13,2,12,3,0,0,0,0,0,0,0,0,0,0,0,0,0,0,0,0,0,0,0,0,0,0,9,1,10,2,9,3,10,4,10,4,10,5,10,6,10,6,9,6,9,6,9,7,9,6,9,6,9,6,9,6,9,5,10,5,10,4,11,5,11,5,11,5,11,4,12,4,13,4,12,4,13,4]"
2025-08-18 22:41:02.711101,CSI_DATA,514,1a:00:00:00:00:00,-43,11,0,0,0,0,0,0,0,0,0,-94,0,1,0,88805288,0,42,0,128,0,"[0,0,-4,13,-3,13,-3,14,-3,13,-3,13,-3,13,-2,13,-2,12,0,12,0,12,0,13,0,13,0,12,2,13,1,13,2,13,2,14,2,15,2,15,2,14,0,15,0,14,-1,15,-2,14,-3,14,-3,13,0,0,0,0,0,0,0,0,0,0,0,0,0,0,0,0,0,0,0,0,0,0,-1,10,-2,10,-3,10,-4,11,-4,11,-5,11,-5,11,-6,11,-6,11,-7,11,-7,10,-7,10,-6,10,-6,10,-6,10,-6,10,-5,11,-5,11,-5,11,-4,12,-4,13,-4,13,-4,14,-4,14,-4,14,-3,14]"
2025-08-18 22:41:02.775383,CSI_DATA,515,1a:00:00:00:00:00,-43,11,0,0,0,0,0,0,0,0,0,-94,0,1,0,88871245,0,31,0,128,0,"[0,0,14,1,13,1,13,0,13,0,13,0,13,-1,12,-1,12,-2,12,-2,12,-3,12,-3,11,-3,12,-4,12,-4,12,-5,12,-5,13,-5,13,-5,13,-5,13,-5,14,-4,14,-3,14,-2,14,-1,13,-1,13,0,0,0,0,0,0,0,0,0,0,0,0,0,0,0,0,0,0,0,0,0,0,0,10,-1,10,-1,10,0,11,1,11,1,11,2,11,3,11,3,11,4,11,4,10,4,10,5,10,4,10,4,11,3,11,3,11,3,11,2,12,2,12,1,12,1,13,1,13,1,13,1,13,1,14,0]"
2025-08-18 22:41:02.978985,CSI_DATA,516,1a:00:00:00:00:00,-43,11,0,0,0,0,0,0,0,0,0,-94,0,1,0,89072499,0,31,0,128,0,"[0,0,14,-3,13,-3,13,-3,13,-3,13,-4,12,-4,12,-4,11,-4,11,-5,11,-5,11,-6,11,-7,10,-7,11,-7,10,-7,11,-8,11,-8,12,-8,12,-8,12,-7,12,-7,13,-6,12,-6,13,-5,13,-4,13,-3,0,0,0,0,0,0,0,0,0,0,0,0,0,0,0,0,0,0,0,0,0,0,9,-4,10,-3,10,-3,11,-2,11,-2,12,-1,12,0,12,0,12,0,11,1,12,1,11,1,11,1,11,0,12,1,11,0,11,-1,11,-1,12,-1,12,-2,12,-2,12,-2,12,-3,13,-3,13,-3,14,-3]"
2025-08-18 22:41:03.195414,CSI_DATA,517,1a:00:00:00:00:00,-42,11,0,0,0,0,0,0,0,0,0,-94,0,1,0,89273543,0,31,0,128,0,"[0,0,4,-14,4,-14,4,-14,4,-13,4,-14,3,-13,3,-13,2,-13,2,-13,1,-12,0,-13,0,-13,-1,-13,-1,-13,-1,-13,-1,-14,-1,-14,-1,-14,-1,-15,0,-15,0,-15,1,-15,2,-14,2,-14,3,-13,3,-13,0,0,0,0,0,0,0,0,0,0,0,0,0,0,0,0,0,0,0,0,0,0,2,-10,3,-10,3,-10,4,-11,4,-10,5,-11,6,-10,6,-11,7,-10,7,-10,7,-10,7,-9,7,-10,6,-10,6,-10,6,-10,6,-11,5,-11,5,-11,5,-12,5,-12,5,-13,4,-13,4,-13,4,-13,5,-14]"
2025-08-18 22:41:03.582809,CSI_DATA,518,1a:00:00:00:00:00,-42,11,0,0,0,0,0,0,0,0,0,-94,0,1,0,89474664,0,31,0,128,0,"[0,0,12,-6,12,-6,12,-6,12,-6,11,-7,11,-7,10,-7,10,-8,9,-8,9,-8,9,-9,8,-9,8,-9,8,-10,8,-10,8,-11,9,-11,9,-11,9,-11,9,-11,10,-10,10,-10,10,-9,11,-8,11,-8,11,-7,0,0,0,0,0,0,0,0,0,0,0,0,0,0,0,0,0,0,0,0,0,0,8,-5,9,-5,10,-4,10,-4,11,-4,11,-3,12,-3,12,-2,12,-2,12,-1,12,-1,12,-1,11,-1,11,-2,11,-2,11,-2,11,-3,12,-3,12,-4,12,-5,12,-5,12,-5,12,-5,12,-6,12,-6,13,-6]"
2025-08-18 22:41:03.589052,CSI_DATA,519,1a:00:00:00:00:00,-43,11,0,0,0,0,0,0,0,0,0,-94,0,1,0,89676054,0,31,0,128,0,"[0,0,-13,7,-13,7,-12,7,-12,7,-12,7,-11,7,-11,7,-10,8,-10,8,-9,8,-9,8,-9,9,-8,9,-8,10,-8,10,-8,10,-8,11,-9,11,-9,11,-9,10,-10,10,-10,10,-10,9,-11,8,-11,8,-12,7,0,0,0,0,0,0,0,0,0,0,0,0,0,0,0,0,0,0,0,0,0,0,-9,6,-10,6,-10,5,-11,5,-11,4,-12,4,-12,3,-13,3,-13,3,-13,2,-13,2,-12,2,-12,2,-12,2,-12,3,-12,3,-12,3,-12,4,-12,4,-12,5,-12,5,-12,6,-13,6,-13,6,-13,6,-12,7]"
2025-08-18 22:41:03.783572,CSI_DATA,520,1a:00:00:00:00:00,-43,11,0,0,0,0,0,0,0,0,0,-94,0,1,0,89877109,0,31,0,128,0,"[0,0,6,-13,6,-13,6,-13,5,-13,5,-13,4,-13,4,-13,3,-13,3,-12,2,-12,1,-13,0,-13,0,-13,0,-13,0,-13,0,-14,-1,-14,0,-14,0,-15,1,-14,1,-15,2,-15,2,-14,2,-14,3,-14,4,-13,0,0,0,0,0,0,0,0,0,0,0,0,0,0,0,0,0,0,0,0,0,0,3,-10,4,-10,5,-10,6,-10,6,-10,7,-10,8,-10,8,-10,8,-9,8,-9,8,-9,8,-9,8,-9,8,-9,8,-9,7,-9,7,-10,7,-10,7,-11,7,-11,6,-12,6,-12,6,-12,6,-13,6,-13,6,-13]"
2025-08-18 22:41:03.990591,CSI_DATA,521,1a:00:00:00:00:00,-42,11,0,0,0,0,0,0,0,0,0,-94,0,1,0,90078253,0,31,0,128,0,"[0,0,-9,-11,-9,-12,-9,-11,-9,-11,-9,-10,-9,-10,-9,-10,-9,-9,-10,-8,-10,-8,-10,-8,-11,-7,-11,-7,-11,-7,-12,-6,-12,-6,-13,-7,-13,-7,-13,-7,-13,-7,-13,-8,-12,-9,-12,-9,-11,-10,-10,-9,-10,-10,0,0,0,0,0,0,0,0,0,0,0,0,0,0,0,0,0,0,0,0,0,0,-7,-8,-6,-9,-6,-10,-6,-10,-6,-11,-5,-11,-5,-12,-4,-12,-4,-12,-4,-12,-3,-12,-3,-12,-3,-12,-4,-12,-4,-11,-5,-11,-5,-11,-6,-11,-6,-11,-7,-11,-7,-11,-8,-11,-8,-12,-8,-12,-8,-12,-8,-12]"
2025-08-18 22:41:04.187460,CSI_DATA,522,1a:00:00:00:00:00,-42,11,0,0,0,0,0,0,0,0,0,-94,0,1,0,90279486,0,31,0,128,0,"[0,0,5,-15,5,-14,5,-14,4,-14,4,-14,4,-14,3,-13,3,-14,2,-13,1,-13,1,-13,0,-14,0,-14,-1,-14,-1,-14,-1,-15,-1,-15,-1,-15,0,-16,0,-15,1,-15,2,-15,2,-15,2,-15,3,-14,4,-14,0,0,0,0,0,0,0,0,0,0,0,0,0,0,0,0,0,0,0,0,0,0,2,-11,2,-11,4,-11,4,-11,5,-11,6,-12,6,-11,7,-12,7,-11,7,-11,7,-11,7,-10,7,-10,7,-11,7,-11,6,-11,6,-11,5,-12,6,-12,6,-12,5,-13,5,-13,5,-14,5,-14,5,-14,5,-14]"
2025-08-18 22:41:04.246130,CSI_DATA,523,1a:00:00:00:00:00,-42,11,0,0,0,0,0,0,0,0,0,-94,0,1,0,90340294,0,42,0,128,0,"[0,0,7,-13,7,-12,6,-12,6,-12,6,-12,6,-12,5,-12,4,-12,4,-12,3,-12,3,-12,2,-13,2,-13,1,-13,1,-14,1,-14,1,-14,1,-14,2,-15,2,-14,3,-14,3,-14,4,-14,4,-13,5,-13,5,-13,0,0,0,0,0,0,0,0,0,0,0,0,0,0,0,0,0,0,0,0,0,0,4,-10,5,-10,5,-10,6,-10,7,-10,7,-9,8,-9,8,-9,9,-9,9,-8,9,-8,9,-8,9,-8,8,-8,8,-8,8,-9,7,-9,7,-10,7,-10,7,-10,7,-11,7,-11,7,-12,7,-12,7,-12,7,-12]"
2025-08-18 22:41:04.319489,CSI_DATA,524,1a:00:00:00:00:00,-42,11,0,0,0,0,0,0,0,0,0,-94,0,1,0,90408761,0,31,0,128,0,"[0,0,-1,-14,-1,-14,-1,-14,-1,-14,-2,-14,-2,-13,-3,-13,-3,-13,-4,-12,-4,-12,-4,-12,-5,-12,-5,-12,-6,-12,-6,-12,-7,-12,-7,-12,-7,-12,-7,-13,-7,-13,-6,-13,-5,-13,-5,-14,-4,-14,-3,-13,-2,-13,0,0,0,0,0,0,0,0,0,0,0,0,0,0,0,0,0,0,0,0,0,0,-2,-10,-1,-10,0,-11,1,-11,1,-12,1,-12,2,-12,2,-12,3,-12,3,-12,3,-12,3,-11,3,-11,3,-11,2,-11,2,-11,1,-12,1,-12,1,-12,0,-13,0,-13,0,-13,-1,-14,-1,-14,-1,-14,-1,-14]"
2025-08-18 22:41:04.509533,CSI_DATA,525,1a:00:00:00:00:00,-42,11,0,0,0,0,0,0,0,0,0,-94,0,1,0,90609431,0,31,0,128,0,"[0,0,8,11,8,10,8,10,8,9,8,9,8,9,8,8,9,8,9,7,9,7,10,6,10,6,10,6,11,6,11,5,11,6,12,6,12,6,12,7,12,7,11,7,11,8,10,9,10,9,9,9,8,10,0,0,0,0,0,0,0,0,0,0,0,0,0,0,0,0,0,0,0,0,0,0,7,6,6,7,6,8,6,8,6,9,5,10,5,10,4,10,4,10,4,10,3,11,3,11,3,10,4,10,4,10,4,10,5,10,5,9,6,10,6,10,7,10,7,10,8,10,8,10,8,10,9,10]"
2025-08-18 22:41:04.720358,CSI_DATA,526,1a:00:00:00:00:00,-42,11,0,0,0,0,0,0,0,0,0,-94,0,1,0,90810897,0,31,0,128,0,"[0,0,1,-15,0,-15,0,-15,0,-14,0,-14,-1,-14,-1,-14,-2,-13,-2,-13,-3,-13,-3,-13,-4,-13,-4,-13,-5,-13,-5,-13,-5,-13,-5,-13,-5,-14,-5,-14,-5,-14,-4,-15,-3,-15,-3,-14,-2,-14,-2,-14,-1,-14,0,0,0,0,0,0,0,0,0,0,0,0,0,0,0,0,0,0,0,0,0,0,-1,-11,0,-11,1,-11,1,-12,2,-12,3,-12,3,-12,4,-12,4,-12,4,-12,4,-12,5,-12,4,-12,4,-12,4,-12,3,-11,3,-12,2,-12,2,-13,2,-13,1,-14,1,-14,1,-14,1,-15,1,-15,0,-15]"
2025-08-18 22:41:04.937257,CSI_DATA,527,1a:00:00:00:00:00,-42,11,0,0,0,0,0,0,0,0,0,-94,0,1,0,91011847,0,31,0,128,0,"[0,0,-7,-13,-7,-13,-7,-12,-7,-12,-7,-12,-7,-11,-8,-11,-8,-10,-8,-10,-9,-9,-9,-9,-9,-9,-10,-9,-10,-8,-11,-8,-11,-8,-11,-9,-11,-9,-11,-9,-11,-9,-11,-10,-10,-10,-10,-10,-9,-11,-8,-11,-8,-11,0,0,0,0,0,0,0,0,0,0,0,0,0,0,0,0,0,0,0,0,0,0,-6,-8,-6,-9,-5,-10,-5,-10,-5,-11,-4,-11,-4,-12,-4,-12,-3,-12,-3,-12,-3,-12,-2,-12,-3,-12,-3,-12,-3,-11,-4,-12,-4,-11,-5,-11,-5,-12,-5,-12,-6,-12,-6,-12,-7,-12,-7,-12,-7,-12,-7,-12]"
2025-08-18 22:41:05.118394,CSI_DATA,528,1a:00:00:00:00:00,-43,11,0,0,0,0,0,0,0,0,0,-94,0,1,0,91213027,0,31,0,128,0,"[0,0,-2,14,-2,14,-2,13,-1,13,-1,13,-1,13,0,12,0,12,1,12,1,12,2,11,2,11,3,12,3,12,4,12,4,12,4,13,4,13,3,14,3,14,3,14,2,14,1,14,1,14,0,13,-1,13,0,0,0,0,0,0,0,0,0,0,0,0,0,0,0,0,0,0,0,0,0,0,0,10,-1,10,-2,11,-3,10,-3,11,-3,11,-4,11,-5,11,-5,11,-6,11,-5,11,-5,10,-5,10,-5,10,-5,10,-4,10,-4,11,-3,11,-3,11,-3,12,-3,12,-2,12,-2,13,-2,13,-2,13,-2,13]"
2025-08-18 22:41:05.322681,CSI_DATA,529,1a:00:00:00:00:00,-42,11,0,0,0,0,0,0,0,0,0,-94,0,1,0,91414241,0,31,0,128,0,"[0,0,4,-14,4,-14,3,-14,3,-14,3,-13,3,-13,2,-13,2,-13,1,-13,0,-13,0,-13,-1,-13,-1,-13,-1,-13,-2,-13,-2,-13,-2,-14,-1,-14,-1,-15,-1,-15,0,-15,1,-14,1,-14,1,-14,2,-13,3,-13,0,0,0,0,0,0,0,0,0,0,0,0,0,0,0,0,0,0,0,0,0,0,1,-10,2,-10,2,-11,3,-11,4,-11,4,-11,5,-11,5,-11,6,-11,6,-10,6,-10,6,-10,6,-10,6,-10,5,-10,5,-10,5,-10,4,-11,4,-11,4,-12,4,-12,4,-13,4,-13,3,-13,4,-14,3,-14]"
2025-08-18 22:41:05.521876,CSI_DATA,530,1a:00:00:00:00:00,-43,11,0,0,0,0,0,0,0,0,0,-94,0,1,0,91615338,0,31,0,128,0,"[0,0,-10,11,-10,10,-9,10,-9,10,-8,10,-8,10,-8,10,-7,10,-6,10,-6,11,-5,11,-5,11,-5,11,-4,12,-4,12,-4,12,-4,13,-4,13,-5,13,-5,13,-5,13,-6,12,-7,12,-7,12,-7,11,-8,10,0,0,0,0,0,0,0,0,0,0,0,0,0,0,0,0,0,0,0,0,0,0,-6,8,-7,8,-8,8,-8,7,-9,7,-9,7,-10,7,-10,6,-11,6,-11,6,-11,6,-11,6,-11,6,-10,6,-10,6,-10,6,-10,7,-10,7,-9,8,-10,9,-9,9,-10,9,-9,10,-10,10,-10,10,-9,10]"
2025-08-18 22:41:05.724190,CSI_DATA,531,1a:00:00:00:00:00,-43,11,0,0,0,0,0,0,0,0,0,-94,0,1,0,91816691,0,31,0,128,0,"[0,0,-10,11,-10,11,-10,11,-9,11,-9,11,-8,11,-8,11,-7,11,-7,11,-6,11,-5,12,-5,12,-5,12,-5,13,-4,12,-4,13,-5,13,-5,14,-6,14,-6,14,-7,14,-7,13,-8,13,-8,13,-9,12,-9,11,0,0,0,0,0,0,0,0,0,0,0,0,0,0,0,0,0,0,0,0,0,0,-6,9,-6,9,-7,8,-8,8,-9,8,-9,8,-10,8,-11,8,-11,7,-11,7,-11,7,-11,7,-10,7,-10,7,-10,7,-10,7,-10,8,-9,8,-10,9,-10,9,-10,9,-10,10,-10,11,-10,11,-10,11,-9,11]"
2025-08-18 22:41:05.783833,CSI_DATA,532,1a:00:00:00:00:00,-43,11,0,0,0,0,0,0,0,0,0,-94,0,1,0,91877432,0,42,0,128,0,"[0,0,-12,7,-12,7,-11,7,-11,8,-11,8,-10,8,-10,8,-9,9,-9,9,-8,9,-8,9,-7,10,-7,10,-7,11,-7,11,-7,11,-7,12,-7,12,-8,12,-8,12,-9,12,-9,12,-10,11,-10,10,-11,10,-11,9,0,0,0,0,0,0,0,0,0,0,0,0,0,0,0,0,0,0,0,0,0,0,-9,6,-9,5,-10,5,-10,4,-11,4,-11,4,-12,3,-12,3,-12,3,-12,2,-12,2,-12,2,-12,2,-12,2,-11,3,-11,3,-11,4,-11,4,-11,5,-11,5,-12,6,-12,6,-12,7,-12,7,-12,7,-12,7]"
2025-08-18 22:41:05.848891,CSI_DATA,533,1a:00:00:00:00:00,-43,11,0,0,0,0,0,0,0,0,0,-94,0,1,0,91943397,0,31,0,128,0,"[0,0,-1,15,-1,14,-1,14,-1,13,-1,14,0,13,0,13,1,13,1,12,2,12,2,12,3,12,3,12,4,12,4,12,4,13,4,13,4,14,4,14,4,14,3,15,2,15,2,15,1,15,0,14,-1,14,0,0,0,0,0,0,0,0,0,0,0,0,0,0,0,0,0,0,0,0,0,0,0,10,-1,10,-2,10,-2,11,-3,11,-3,12,-4,11,-4,11,-5,11,-5,11,-5,11,-5,11,-5,11,-5,11,-5,11,-4,11,-4,11,-3,11,-3,12,-3,12,-2,13,-2,13,-1,13,-1,14,-1,14,-1,14]"
2025-08-18 22:41:06.053240,CSI_DATA,534,1a:00:00:00:00:00,-42,11,0,0,0,0,0,0,0,0,0,-94,0,1,0,92144494,0,31,0,128,0,"[0,0,-15,1,-15,1,-14,1,-14,2,-14,2,-14,2,-13,2,-13,3,-13,3,-12,4,-12,4,-12,5,-12,5,-12,6,-12,7,-12,6,-13,7,-13,6,-13,6,-14,6,-14,5,-14,5,-14,4,-14,4,-14,3,-14,2,0,0,0,0,0,0,0,0,0,0,0,0,0,0,0,0,0,0,0,0,0,0,-10,2,-11,2,-11,1,-11,0,-12,0,-12,-1,-12,-2,-13,-2,-13,-2,-12,-3,-12,-3,-12,-3,-12,-3,-12,-2,-12,-2,-12,-2,-12,-1,-13,-1,-13,-1,-13,0,-13,0,-14,1,-14,1,-14,1,-15,1,-14,1]"
2025-08-18 22:41:06.452920,CSI_DATA,535,1a:00:00:00:00:00,-42,11,0,0,0,0,0,0,0,0,0,-94,0,1,0,92345708,0,31,0,128,0,"[0,0,-7,-14,-8,-14,-7,-13,-7,-14,-8,-13,-8,-13,-8,-12,-8,-11,-9,-11,-9,-10,-9,-10,-9,-10,-10,-10,-10,-9,-11,-9,-11,-9,-11,-10,-12,-10,-12,-10,-11,-11,-11,-11,-10,-11,-10,-12,-9,-12,-8,-12,-7,-12,0,0,0,0,0,0,0,0,0,0,0,0,0,0,0,0,0,0,0,0,0,0,-7,-9,-6,-10,-6,-11,-5,-11,-5,-12,-4,-13,-4,-13,-3,-13,-3,-13,-3,-13,-2,-13,-2,-13,-2,-13,-3,-13,-3,-12,-4,-13,-4,-12,-5,-13,-5,-13,-6,-13,-6,-13,-6,-13,-7,-13,-7,-14,-7,-13,-7,-14]"
2025-08-18 22:41:06.472815,CSI_DATA,536,1a:00:00:00:00:00,-42,11,0,0,0,0,0,0,0,0,0,-94,0,1,0,92546845,0,31,0,128,0,"[0,0,-3,14,-3,13,-3,13,-2,13,-2,13,-2,12,-1,12,0,12,0,11,1,11,1,11,1,11,2,11,2,12,3,11,3,12,3,12,3,12,3,13,2,13,2,13,1,13,0,13,0,13,-1,12,-2,12,0,0,0,0,0,0,0,0,0,0,0,0,0,0,0,0,0,0,0,0,0,0,0,10,0,10,-1,10,-2,11,-3,11,-3,11,-4,11,-4,11,-5,11,-5,11,-5,11,-5,10,-5,11,-5,10,-5,11,-4,10,-4,11,-4,11,-4,11,-3,12,-3,12,-3,12,-2,13,-2,13,-2,13,-2,14]"
2025-08-18 22:41:06.658544,CSI_DATA,537,1a:00:00:00:00:00,-43,11,0,0,0,0,0,0,0,0,0,-94,0,1,0,92747981,0,31,0,128,0,"[0,0,-2,-14,-2,-14,-2,-14,-2,-14,-2,-13,-3,-13,-3,-13,-4,-12,-4,-12,-5,-12,-6,-11,-6,-11,-6,-11,-6,-11,-7,-11,-7,-11,-8,-12,-7,-12,-8,-12,-7,-13,-7,-13,-6,-13,-6,-14,-5,-13,-5,-13,-4,-13,0,0,0,0,0,0,0,0,0,0,0,0,0,0,0,0,0,0,0,0,0,0,-3,-11,-2,-11,-1,-12,-1,-12,0,-13,0,-13,1,-13,2,-13,2,-13,2,-13,2,-12,2,-12,2,-12,2,-12,2,-12,1,-12,1,-12,0,-13,0,-13,0,-13,0,-13,-1,-14,-2,-14,-2,-14,-2,-14,-2,-14]"
2025-08-18 22:41:06.860578,CSI_DATA,538,1a:00:00:00:00:00,-42,11,0,0,0,0,0,0,0,0,0,-94,0,1,0,92949313,0,31,0,128,0,"[0,0,-4,-15,-4,-14,-4,-14,-4,-13,-4,-14,-4,-13,-5,-13,-5,-12,-5,-11,-6,-11,-6,-11,-7,-11,-7,-11,-8,-11,-8,-10,-8,-11,-8,-11,-9,-12,-8,-12,-8,-12,-7,-12,-7,-12,-6,-12,-6,-13,-5,-12,-4,-13,0,0,0,0,0,0,0,0,0,0,0,0,0,0,0,0,0,0,0,0,0,0,-4,-10,-4,-11,-3,-11,-3,-12,-2,-12,-2,-13,-1,-13,-1,-13,0,-13,0,-12,0,-13,1,-12,0,-12,0,-12,0,-13,-1,-12,-1,-12,-1,-12,-2,-13,-2,-13,-3,-13,-3,-14,-3,-13,-3,-14,-3,-14,-4,-14]"
2025-08-18 22:41:07.057491,CSI_DATA,539,1a:00:00:00:00:00,-42,11,0,0,0,0,0,0,0,0,0,-94,0,1,0,93150478,0,31,0,128,0,"[0,0,-14,6,-14,6,-13,6,-13,6,-13,6,-12,6,-12,7,-11,7,-11,7,-10,8,-10,8,-9,8,-9,9,-9,9,-9,9,-9,10,-10,10,-10,10,-11,10,-10,10,-11,9,-11,9,-11,8,-12,8,-12,7,-12,6,0,0,0,0,0,0,0,0,0,0,0,0,0,0,0,0,0,0,0,0,0,0,-9,6,-10,6,-11,5,-11,5,-12,5,-12,4,-13,3,-13,3,-13,3,-14,2,-13,2,-13,2,-13,2,-13,2,-13,2,-13,3,-13,3,-13,4,-13,4,-13,4,-13,4,-13,5,-14,6,-14,6,-14,7,-14,7]"
2025-08-18 22:41:07.261490,CSI_DATA,540,1a:00:00:00:00:00,-42,11,0,0,0,0,0,0,0,0,0,-94,0,1,0,93351653,0,31,0,128,0,"[0,0,0,-15,0,-15,0,-15,0,-14,-1,-14,-1,-13,-1,-13,-2,-13,-2,-13,-3,-12,-4,-12,-4,-12,-5,-12,-5,-12,-5,-12,-5,-12,-6,-13,-6,-13,-6,-13,-5,-13,-5,-13,-4,-14,-3,-13,-3,-13,-2,-13,-2,-13,0,0,0,0,0,0,0,0,0,0,0,0,0,0,0,0,0,0,0,0,0,0,-2,-11,-1,-11,0,-12,0,-12,1,-12,2,-13,2,-13,3,-13,3,-13,4,-13,4,-12,4,-12,4,-12,3,-12,3,-12,3,-12,2,-13,2,-13,2,-13,1,-13,1,-14,1,-14,0,-14,0,-15,0,-15,0,-15]"
2025-08-18 22:41:07.313581,CSI_DATA,541,1a:00:00:00:00:00,-42,11,0,0,0,0,0,0,0,0,0,-94,0,1,0,93412425,0,42,0,128,0,"[0,0,4,13,4,13,4,13,4,12,4,12,4,11,5,11,5,10,5,10,6,9,6,9,7,9,7,9,8,9,8,8,8,9,8,9,8,9,8,10,8,10,8,10,7,11,6,10,6,11,5,11,5,11,0,0,0,0,0,0,0,0,0,0,0,0,0,0,0,0,0,0,0,0,0,0,5,8,5,9,4,10,3,11,3,11,3,12,2,12,1,12,1,12,0,12,0,12,1,12,0,12,1,12,1,12,1,11,1,12,2,11,2,12,3,12,3,12,3,12,4,12,4,13,4,13,5,13]"
2025-08-18 22:41:07.389698,CSI_DATA,542,1a:00:00:00:00:00,-42,11,0,0,0,0,0,0,0,0,0,-94,0,1,0,93479714,0,31,0,128,0,"[0,0,0,-15,0,-15,-1,-14,-1,-14,-1,-14,-1,-14,-2,-13,-2,-13,-3,-13,-4,-13,-4,-12,-5,-12,-5,-12,-5,-12,-6,-12,-6,-12,-6,-13,-6,-12,-6,-13,-6,-13,-5,-13,-5,-14,-4,-14,-3,-14,-3,-13,-2,-13,0,0,0,0,0,0,0,0,0,0,0,0,0,0,0,0,0,0,0,0,0,0,-2,-11,-2,-11,-1,-12,0,-12,0,-13,1,-13,2,-13,2,-13,3,-13,4,-13,3,-13,4,-12,3,-13,3,-12,3,-12,2,-13,2,-13,1,-13,1,-13,1,-14,0,-14,0,-14,0,-15,-1,-15,0,-15,-1,-15]"
2025-08-18 22:41:07.588505,CSI_DATA,543,1a:00:00:00:00:00,-43,11,0,0,0,0,0,0,0,0,0,-94,0,1,0,93680815,0,31,0,128,0,"[0,0,-14,4,-14,4,-14,4,-13,4,-13,4,-12,4,-12,5,-12,5,-11,5,-11,6,-10,6,-10,7,-10,7,-10,7,-10,8,-10,8,-10,8,-11,9,-11,8,-11,8,-12,8,-12,7,-12,6,-12,6,-12,5,-12,5,0,0,0,0,0,0,0,0,0,0,0,0,0,0,0,0,0,0,0,0,0,0,-10,4,-11,4,-11,3,-12,3,-12,2,-13,2,-13,1,-13,1,-13,0,-13,-1,-13,-1,-13,-1,-13,-1,-12,0,-13,0,-12,0,-12,1,-12,2,-13,2,-13,2,-13,2,-13,3,-14,3,-14,4,-14,4,-14,4]"
2025-08-18 22:41:07.791258,CSI_DATA,544,1a:00:00:00:00:00,-43,11,0,0,0,0,0,0,0,0,0,-94,0,1,0,93881957,0,31,0,128,0,"[0,0,15,-3,14,-3,14,-3,14,-4,13,-4,13,-4,12,-4,12,-5,11,-5,11,-6,11,-6,10,-7,10,-7,10,-7,10,-8,10,-8,10,-8,11,-8,12,-8,12,-8,12,-7,12,-7,12,-6,12,-6,12,-5,12,-4,0,0,0,0,0,0,0,0,0,0,0,0,0,0,0,0,0,0,0,0,0,0,10,-5,11,-4,11,-4,12,-3,12,-3,13,-2,13,-1,13,0,13,0,13,1,13,1,13,1,13,1,12,0,13,0,12,0,12,-1,12,-2,13,-2,13,-2,13,-2,14,-3,14,-3,14,-3,14,-3,15,-3]"
2025-08-18 22:41:08.006919,CSI_DATA,545,1a:00:00:00:00:00,-42,11,0,0,0,0,0,0,0,0,0,-94,0,1,0,94090183,0,31,0,128,0,"[0,0,13,5,13,5,12,5,12,4,12,4,12,3,11,3,11,2,11,2,12,1,11,1,11,0,11,0,11,-1,12,-1,12,-1,12,-1,12,-1,13,-1,13,-1,13,0,12,0,12,1,12,2,12,2,11,3,0,0,0,0,0,0,0,0,0,0,0,0,0,0,0,0,0,0,0,0,0,0,10,1,10,2,10,3,10,4,11,5,11,5,11,6,10,6,10,7,10,8,9,7,9,7,9,7,9,7,9,7,10,6,10,6,10,5,10,5,11,5,11,5,12,5,12,5,13,5,13,5,13,5]"
2025-08-18 22:41:08.190686,CSI_DATA,546,1a:00:00:00:00:00,-42,11,0,0,0,0,0,0,0,0,0,-94,0,1,0,94284550,0,31,0,128,0,"[0,0,12,-6,12,-6,12,-6,12,-6,11,-6,11,-7,10,-7,10,-7,9,-7,9,-8,9,-8,8,-9,8,-9,8,-9,8,-9,8,-10,8,-10,8,-10,8,-10,9,-10,9,-10,9,-9,9,-8,10,-8,10,-7,10,-7,0,0,0,0,0,0,0,0,0,0,0,0,0,0,0,0,0,0,0,0,0,0,8,-6,9,-6,10,-5,10,-5,11,-5,11,-4,12,-4,12,-3,12,-3,12,-2,12,-2,12,-2,12,-2,12,-2,12,-2,11,-3,11,-3,11,-4,12,-4,12,-5,12,-5,12,-5,12,-6,12,-6,12,-6,13,-6]"
2025-08-18 22:41:08.396819,CSI_DATA,547,1a:00:00:00:00:00,-42,11,0,0,0,0,0,0,0,0,0,-94,0,1,0,94485594,0,31,0,128,0,"[0,0,-15,-4,-15,-4,-14,-4,-14,-3,-14,-3,-13,-3,-13,-2,-13,-2,-13,-1,-13,-1,-13,0,-12,0,-13,1,-13,1,-13,2,-13,2,-13,2,-13,2,-14,2,-14,1,-14,1,-14,0,-14,-1,-13,-1,-13,-2,-13,-3,0,0,0,0,0,0,0,0,0,0,0,0,0,0,0,0,0,0,0,0,0,0,-11,-1,-11,-2,-12,-3,-12,-3,-12,-4,-12,-5,-13,-6,-12,-6,-12,-6,-12,-7,-12,-7,-11,-7,-11,-7,-11,-7,-11,-6,-12,-6,-12,-5,-12,-5,-13,-5,-13,-5,-13,-4,-14,-4,-14,-4,-14,-4,-14,-4,-15,-4]"
2025-08-18 22:41:08.593099,CSI_DATA,548,1a:00:00:00:00:00,-42,11,0,0,0,0,0,0,0,0,0,-94,0,1,0,94686765,0,31,0,128,0,"[0,0,-10,11,-9,11,-9,11,-9,11,-8,11,-8,10,-8,11,-7,11,-6,11,-5,11,-5,11,-4,11,-4,12,-4,12,-4,12,-3,12,-3,13,-4,13,-4,13,-4,13,-5,12,-5,12,-5,12,-6,11,-7,11,-7,11,0,0,0,0,0,0,0,0,0,0,0,0,0,0,0,0,0,0,0,0,0,0,-6,10,-6,9,-8,9,-8,9,-9,9,-9,9,-10,8,-11,8,-11,8,-12,8,-11,7,-11,7,-11,7,-11,7,-10,7,-10,8,-10,8,-10,9,-10,9,-9,10,-9,10,-10,10,-9,11,-9,11,-10,11,-9,11]"
2025-08-18 22:41:08.788560,CSI_DATA,549,1a:00:00:00:00:00,-42,11,0,0,0,0,0,0,0,0,0,-94,0,1,0,94887911,0,31,0,128,0,"[0,0,5,13,5,13,5,13,5,12,5,12,5,12,6,11,6,10,6,10,7,9,7,9,8,9,8,9,8,9,9,8,9,8,9,9,9,9,9,9,9,9,8,10,8,10,7,10,7,10,6,10,6,10,0,0,0,0,0,0,0,0,0,0,0,0,0,0,0,0,0,0,0,0,0,0,5,9,5,9,4,10,4,11,3,11,3,12,2,13,2,13,1,13,1,13,1,13,1,12,1,12,1,12,1,12,1,12,2,12,3,12,3,12,3,12,4,12,4,13,5,13,5,13,5,13,5,13]"
2025-08-18 22:41:08.871476,CSI_DATA,550,1a:00:00:00:00:00,-42,11,0,0,0,0,0,0,0,0,0,-94,0,1,0,94948602,0,42,0,128,0,"[0,0,2,-14,2,-14,2,-14,1,-14,1,-13,1,-13,0,-13,0,-12,-1,-12,-2,-12,-2,-12,-2,-12,-3,-12,-3,-12,-4,-12,-4,-12,-4,-12,-4,-13,-4,-13,-3,-13,-3,-13,-2,-13,-2,-13,-2,-13,-1,-12,0,-12,0,0,0,0,0,0,0,0,0,0,0,0,0,0,0,0,0,0,0,0,0,0,0,-11,0,-11,2,-12,2,-12,3,-12,3,-12,4,-12,4,-12,5,-12,5,-11,5,-11,5,-11,5,-11,5,-11,4,-11,4,-11,4,-11,3,-12,3,-12,3,-12,2,-13,2,-13,2,-14,2,-14,2,-14,2,-14]"
2025-08-18 22:41:08.927066,CSI_DATA,551,1a:00:00:00:00:00,-42,11,0,0,0,0,0,0,0,0,0,-94,0,1,0,95016208,0,31,0,128,0,"[0,0,-15,-4,-14,-4,-14,-4,-14,-3,-13,-3,-13,-3,-13,-2,-13,-2,-13,-1,-12,0,-12,0,-12,1,-12,1,-12,1,-13,1,-13,2,-13,2,-13,2,-14,1,-14,1,-14,1,-13,0,-13,-1,-13,-1,-13,-2,-13,-2,0,0,0,0,0,0,0,0,0,0,0,0,0,0,0,0,0,0,0,0,0,0,-11,-1,-11,-2,-12,-3,-12,-3,-12,-4,-12,-5,-12,-5,-12,-6,-12,-7,-12,-7,-12,-7,-11,-7,-11,-6,-11,-6,-11,-6,-11,-6,-12,-5,-12,-5,-12,-5,-13,-5,-13,-4,-13,-4,-14,-4,-14,-4,-14,-4,-14,-4]"
2025-08-18 22:41:09.118815,CSI_DATA,552,1a:00:00:00:00:00,-42,11,0,0,0,0,0,0,0,0,0,-94,0,1,0,95217513,0,31,0,128,0,"[0,0,13,6,12,6,12,6,12,5,12,5,11,5,11,4,12,4,11,3,11,2,11,2,11,1,12,1,12,0,12,0,12,0,12,0,13,0,13,0,13,1,13,1,13,2,12,2,12,3,11,3,11,4,0,0,0,0,0,0,0,0,0,0,0,0,0,0,0,0,0,0,0,0,0,0,10,3,10,4,10,4,10,5,10,6,10,7,10,7,9,8,10,8,9,9,9,9,8,9,8,8,9,8,9,8,9,7,9,7,10,7,10,7,11,6,11,6,11,6,12,6,12,6,12,6,13,6]"
2025-08-18 22:41:09.326228,CSI_DATA,553,1a:00:00:00:00:00,-42,11,0,0,0,0,0,0,0,0,0,-94,0,1,0,95418646,0,31,0,128,0,"[0,0,-7,13,-7,13,-7,13,-6,12,-6,13,-5,12,-5,12,-4,12,-4,12,-3,11,-3,12,-2,12,-2,12,-1,12,-1,12,-1,13,-1,13,-1,13,-1,14,-1,13,-2,13,-2,13,-3,13,-4,13,-4,12,-5,11,0,0,0,0,0,0,0,0,0,0,0,0,0,0,0,0,0,0,0,0,0,0,-4,10,-4,10,-6,10,-6,11,-7,10,-8,11,-8,11,-9,10,-9,10,-10,9,-10,9,-10,9,-10,9,-9,9,-9,9,-9,9,-8,10,-8,10,-8,11,-7,11,-7,11,-7,12,-7,12,-7,13,-8,13,-7,13]"
2025-08-18 22:41:09.532757,CSI_DATA,554,1a:00:00:00:00:00,-42,11,0,0,0,0,0,0,0,0,0,-94,0,1,0,95619769,0,31,0,128,0,"[0,0,10,-10,10,-10,10,-10,9,-10,9,-10,8,-10,8,-10,7,-10,7,-10,6,-10,5,-11,5,-11,4,-11,5,-12,4,-12,4,-12,4,-12,5,-13,5,-13,5,-12,6,-12,6,-12,6,-12,6,-11,7,-11,7,-10,0,0,0,0,0,0,0,0,0,0,0,0,0,0,0,0,0,0,0,0,0,0,6,-9,7,-9,8,-8,9,-8,9,-8,10,-8,11,-7,11,-7,11,-6,11,-6,11,-6,11,-6,11,-6,11,-6,11,-6,10,-6,10,-7,9,-7,10,-8,10,-8,10,-9,10,-9,10,-10,10,-10,10,-10,10,-10]"
2025-08-18 22:41:09.731184,CSI_DATA,555,1a:00:00:00:00:00,-42,11,0,0,0,0,0,0,0,0,0,-94,0,1,0,95820919,0,31,0,128,0,"[0,0,-1,-15,-1,-15,-1,-14,-2,-14,-2,-14,-2,-13,-2,-13,-3,-13,-3,-12,-4,-12,-5,-12,-5,-12,-6,-12,-6,-12,-6,-12,-7,-11,-6,-12,-7,-12,-7,-13,-6,-13,-6,-13,-5,-13,-5,-13,-4,-13,-4,-13,-3,-13,0,0,0,0,0,0,0,0,0,0,0,0,0,0,0,0,0,0,0,0,0,0,-3,-11,-2,-11,-1,-12,-1,-12,0,-13,1,-13,1,-13,2,-13,2,-13,3,-13,2,-13,3,-13,3,-13,2,-13,2,-12,2,-13,1,-13,0,-13,0,-13,0,-14,0,-14,0,-14,-1,-14,-1,-15,-1,-15,-1,-15]"
2025-08-18 22:41:09.933898,CSI_DATA,556,1a:00:00:00:00:00,-42,11,0,0,0,0,0,0,0,0,0,-94,0,1,0,96022613,0,31,0,128,0,"[0,0,-9,-11,-9,-11,-9,-11,-9,-10,-10,-10,-9,-9,-9,-9,-9,-8,-10,-8,-10,-7,-10,-7,-10,-6,-11,-6,-11,-6,-11,-5,-12,-5,-12,-6,-12,-6,-13,-6,-12,-6,-12,-7,-11,-7,-11,-8,-10,-8,-10,-8,-9,-9,0,0,0,0,0,0,0,0,0,0,0,0,0,0,0,0,0,0,0,0,0,0,-9,-7,-9,-8,-8,-9,-8,-9,-8,-10,-7,-11,-7,-11,-7,-11,-6,-12,-6,-12,-5,-12,-5,-12,-5,-12,-6,-11,-6,-11,-6,-11,-7,-11,-7,-10,-7,-11,-8,-10,-8,-10,-8,-11,-9,-10,-10,-11,-9,-11,-10,-11]"
2025-08-18 22:41:10.130117,CSI_DATA,557,1a:00:00:00:00:00,-42,11,0,0,0,0,0,0,0,0,0,-94,0,1,0,96223291,0,31,0,128,0,"[0,0,-14,4,-14,4,-14,3,-13,4,-13,4,-12,4,-12,5,-11,5,-11,5,-11,6,-11,6,-10,6,-10,7,-10,7,-10,8,-10,8,-10,8,-10,8,-11,8,-11,8,-11,7,-11,7,-12,6,-12,5,-12,5,-12,4,0,0,0,0,0,0,0,0,0,0,0,0,0,0,0,0,0,0,0,0,0,0,-10,5,-11,4,-11,4,-12,3,-12,3,-13,2,-13,2,-13,1,-14,1,-13,0,-13,0,-13,0,-13,0,-13,0,-12,0,-13,1,-12,1,-13,1,-13,2,-13,2,-13,3,-13,3,-14,4,-14,3,-14,4,-14,4]"
2025-08-18 22:41:10.324219,CSI_DATA,558,1a:00:00:00:00:00,-42,11,0,0,0,0,0,0,0,0,0,-94,0,1,0,96411478,0,28,0,128,0,"[0,0,-13,-8,-13,-8,-13,-8,-13,-7,-13,-7,-13,-6,-12,-6,-12,-5,-12,-5,-12,-4,-13,-3,-12,-3,-13,-2,-13,-2,-13,-1,-14,-1,-13,-1,-14,-1,-15,-2,-14,-2,-14,-3,-14,-3,-13,-4,-13,-4,-13,-4,-13,-5,0,0,0,0,0,0,0,0,0,0,0,0,0,0,0,0,0,0,0,0,0,0,-11,-5,-11,-6,-11,-6,-10,-7,-11,-8,-11,-9,-10,-10,-10,-10,-10,-10,-9,-10,-9,-10,-9,-10,-9,-10,-9,-10,-9,-10,-9,-9,-10,-9,-10,-8,-11,-9,-11,-9,-11,-8,-12,-8,-13,-8,-13,-8,-13,-8,-13,-8]"
2025-08-18 22:41:10.361752,CSI_DATA,559,1a:00:00:00:00:00,-42,11,0,0,0,0,0,0,0,0,0,-94,0,1,0,96424464,0,31,0,128,0,"[0,0,9,-11,9,-12,8,-11,8,-11,8,-11,7,-11,7,-11,6,-12,5,-11,5,-12,5,-12,4,-12,4,-12,3,-12,3,-13,3,-13,3,-13,3,-13,3,-14,4,-13,4,-13,5,-13,5,-13,6,-12,6,-11,6,-11,0,0,0,0,0,0,0,0,0,0,0,0,0,0,0,0,0,0,0,0,0,0,5,-10,6,-9,7,-10,8,-9,9,-9,9,-9,10,-9,10,-8,10,-8,11,-7,11,-7,11,-7,10,-7,10,-7,10,-8,10,-8,9,-8,9,-9,9,-9,9,-10,9,-10,9,-11,9,-11,9,-11,9,-11,9,-12]"
2025-08-18 22:41:10.415112,CSI_DATA,560,1a:00:00:00:00:00,-42,11,0,0,0,0,0,0,0,0,0,-94,0,1,0,96485982,0,42,0,128,0,"[0,0,-14,4,-14,4,-14,4,-13,4,-13,4,-13,5,-12,5,-11,5,-11,5,-11,6,-10,6,-10,6,-10,7,-10,7,-10,8,-10,8,-10,8,-10,8,-11,8,-11,8,-12,7,-11,7,-12,6,-12,6,-12,5,-12,4,0,0,0,0,0,0,0,0,0,0,0,0,0,0,0,0,0,0,0,0,0,0,-10,5,-10,4,-11,4,-12,3,-12,3,-13,2,-13,2,-13,1,-13,1,-13,0,-13,0,-13,0,-13,0,-13,0,-12,1,-12,1,-13,1,-12,2,-13,2,-13,3,-13,3,-13,3,-13,4,-14,4,-14,4,-14,4]"
2025-08-18 22:41:10.893279,CSI_DATA,561,1a:00:00:00:00:00,-42,11,0,0,0,0,0,0,0,0,0,-94,0,1,0,96985455,0,42,0,128,0,"[0,0,9,-11,9,-11,9,-11,8,-11,8,-11,8,-11,7,-11,7,-11,6,-11,5,-11,5,-11,4,-12,4,-12,4,-12,3,-12,3,-13,3,-13,4,-13,4,-13,4,-13,5,-13,5,-12,5,-12,6,-12,6,-11,7,-11,0,0,0,0,0,0,0,0,0,0,0,0,0,0,0,0,0,0,0,0,0,0,5,-9,6,-9,7,-9,8,-9,8,-9,9,-9,10,-8,10,-8,11,-7,11,-7,10,-7,10,-7,10,-7,10,-7,10,-7,10,-7,9,-8,9,-8,9,-9,9,-9,9,-9,9,-10,9,-11,9,-11,9,-11,9,-11]"
2025-08-18 22:41:10.971637,CSI_DATA,562,1a:00:00:00:00:00,-42,11,0,0,0,0,0,0,0,0,0,-94,0,1,0,97063530,0,31,0,128,0,"[0,0,2,-15,2,-15,2,-15,2,-14,2,-14,1,-14,0,-13,0,-13,0,-13,-1,-13,-2,-13,-2,-13,-2,-13,-3,-13,-3,-13,-4,-13,-3,-13,-3,-14,-3,-14,-3,-14,-2,-14,-2,-14,-1,-14,0,-14,0,-13,1,-13,0,0,0,0,0,0,0,0,0,0,0,0,0,0,0,0,0,0,0,0,0,0,0,-11,1,-12,2,-12,2,-13,3,-13,4,-13,4,-13,5,-13,5,-13,6,-12,6,-12,6,-12,6,-12,5,-12,5,-12,5,-12,4,-12,4,-12,4,-13,3,-13,3,-14,3,-14,2,-14,3,-15,2,-15,2,-15]"
2025-08-18 22:41:11.171430,CSI_DATA,563,1a:00:00:00:00:00,-42,11,0,0,0,0,0,0,0,0,0,-94,0,1,0,97264738,0,31,0,128,0,"[0,0,10,-11,9,-11,9,-11,9,-11,8,-11,8,-11,8,-11,7,-11,6,-11,6,-11,5,-11,4,-12,4,-12,4,-12,4,-13,4,-13,4,-13,4,-13,5,-13,5,-13,5,-13,6,-12,6,-12,7,-12,7,-11,7,-10,0,0,0,0,0,0,0,0,0,0,0,0,0,0,0,0,0,0,0,0,0,0,5,-10,6,-10,7,-10,8,-9,8,-9,9,-9,10,-8,10,-8,11,-8,11,-8,11,-7,10,-7,10,-8,10,-7,10,-7,10,-8,10,-8,9,-9,9,-9,9,-9,10,-10,10,-10,9,-11,9,-11,9,-11,10,-11]"
2025-08-18 22:41:11.388801,CSI_DATA,564,1a:00:00:00:00:00,-42,11,0,0,0,0,0,0,0,0,0,-94,0,1,0,97466029,0,31,0,128,0,"[0,0,0,-15,0,-14,0,-15,0,-14,0,-14,0,-14,-1,-13,-1,-13,-2,-13,-3,-12,-3,-12,-4,-12,-4,-12,-5,-13,-5,-12,-5,-13,-5,-12,-5,-13,-5,-13,-4,-13,-4,-13,-3,-13,-3,-13,-3,-13,-2,-13,-1,-13,0,0,0,0,0,0,0,0,0,0,0,0,0,0,0,0,0,0,0,0,0,0,-2,-11,-1,-12,0,-12,0,-13,1,-13,2,-13,3,-13,3,-13,3,-13,4,-12,4,-13,4,-12,4,-12,3,-12,3,-13,3,-12,2,-13,2,-13,2,-13,1,-13,1,-13,1,-14,0,-14,0,-14,0,-14,0,-15]"
2025-08-18 22:41:11.573750,CSI_DATA,565,1a:00:00:00:00:00,-42,11,0,0,0,0,0,0,0,0,0,-94,0,1,0,97667370,0,31,0,128,0,"[0,0,-6,13,-6,12,-6,12,-5,12,-5,12,-5,12,-5,11,-4,11,-3,11,-2,11,-2,11,-1,12,-1,12,-1,12,-1,12,0,12,0,12,0,13,-1,13,-1,13,-2,13,-2,12,-2,12,-3,12,-3,12,-4,12,0,0,0,0,0,0,0,0,0,0,0,0,0,0,0,0,0,0,0,0,0,0,-3,10,-4,10,-5,10,-6,10,-6,10,-7,11,-8,10,-8,10,-9,10,-8,9,-9,10,-8,9,-9,9,-8,9,-8,9,-8,9,-7,10,-7,10,-7,11,-7,11,-7,11,-6,11,-6,12,-6,13,-6,13,-6,13]"
2025-08-18 22:41:11.778264,CSI_DATA,566,1a:00:00:00:00:00,-42,11,0,0,0,0,0,0,0,0,0,-94,0,1,0,97868317,0,31,0,128,0,"[0,0,-1,-15,-1,-15,-1,-14,-2,-14,-2,-14,-2,-13,-3,-13,-3,-13,-4,-12,-4,-12,-4,-12,-5,-12,-5,-12,-6,-11,-6,-12,-7,-11,-7,-12,-7,-12,-7,-12,-7,-12,-6,-13,-6,-13,-5,-13,-4,-13,-4,-13,-3,-13,0,0,0,0,0,0,0,0,0,0,0,0,0,0,0,0,0,0,0,0,0,0,-3,-11,-1,-11,-1,-13,0,-12,1,-13,1,-13,2,-13,2,-13,3,-13,3,-13,4,-13,4,-12,3,-12,3,-12,3,-12,2,-13,2,-12,1,-13,1,-13,0,-13,0,-14,0,-14,-1,-15,-1,-15,-1,-15,-1,-15]"
2025-08-18 22:41:11.981450,CSI_DATA,567,1a:00:00:00:00:00,-42,11,0,0,0,0,0,0,0,0,0,-94,0,1,0,98069451,0,31,0,128,0,"[0,0,-7,-13,-7,-13,-7,-13,-7,-12,-8,-12,-7,-11,-8,-11,-8,-10,-8,-10,-9,-9,-9,-9,-9,-9,-10,-9,-10,-8,-11,-8,-11,-8,-11,-9,-11,-9,-11,-9,-11,-9,-11,-10,-10,-10,-9,-10,-9,-10,-8,-11,-8,-11,0,0,0,0,0,0,0,0,0,0,0,0,0,0,0,0,0,0,0,0,0,0,-7,-9,-7,-10,-6,-10,-6,-11,-6,-12,-5,-12,-5,-13,-4,-13,-4,-13,-3,-13,-3,-13,-3,-13,-3,-13,-3,-12,-3,-12,-4,-12,-5,-12,-5,-12,-5,-12,-6,-13,-6,-12,-6,-13,-7,-13,-7,-13,-7,-13,-7,-13]"
2025-08-18 22:41:12.178403,CSI_DATA,568,1a:00:00:00:00:00,-42,11,0,0,0,0,0,0,0,0,0,-94,0,1,0,98270732,0,31,0,128,0,"[0,0,-15,3,-14,3,-14,3,-14,4,-13,4,-13,4,-12,4,-12,5,-12,5,-11,5,-11,6,-10,6,-10,7,-10,7,-10,8,-10,8,-10,8,-11,8,-11,8,-11,8,-12,7,-12,7,-12,6,-12,6,-12,5,-12,4,0,0,0,0,0,0,0,0,0,0,0,0,0,0,0,0,0,0,0,0,0,0,-10,4,-11,3,-12,2,-12,2,-13,1,-13,1,-13,0,-14,0,-13,-1,-13,-1,-13,-1,-13,-1,-13,-1,-13,-1,-13,-1,-13,0,-13,0,-13,1,-13,1,-13,2,-14,2,-14,2,-14,3,-14,3,-14,3,-14,3]"
2025-08-18 22:41:12.384736,CSI_DATA,569,1a:00:00:00:00:00,-42,11,0,0,0,0,0,0,0,0,0,-94,0,1,0,98471857,0,31,0,128,0,"[0,0,-6,-14,-6,-14,-6,-13,-7,-13,-6,-13,-7,-12,-7,-12,-7,-11,-7,-11,-8,-10,-8,-10,-8,-10,-9,-10,-9,-9,-10,-9,-10,-9,-10,-10,-10,-10,-10,-10,-10,-10,-10,-11,-9,-11,-8,-12,-8,-11,-7,-11,-6,-12,0,0,0,0,0,0,0,0,0,0,0,0,0,0,0,0,0,0,0,0,0,0,-7,-9,-6,-10,-6,-11,-5,-11,-5,-12,-4,-13,-4,-13,-3,-14,-2,-13,-2,-14,-2,-13,-2,-13,-2,-13,-2,-13,-2,-13,-3,-13,-3,-12,-4,-13,-4,-13,-5,-13,-5,-13,-5,-13,-6,-14,-6,-14,-6,-14,-6,-14]"
2025-08-18 22:41:12.432763,CSI_DATA,570,1a:00:00:00:00:00,-42,11,0,0,0,0,0,0,0,0,0,-94,0,1,0,98532679,0,42,0,128,0,"[0,0,8,11,8,11,8,11,8,11,8,10,8,10,8,9,8,9,8,8,9,7,9,7,9,7,9,7,10,6,10,6,11,6,11,6,11,6,11,7,11,7,11,7,10,8,9,8,9,9,8,9,8,9,0,0,0,0,0,0,0,0,0,0,0,0,0,0,0,0,0,0,0,0,0,0,7,7,7,8,6,9,6,9,6,10,6,10,5,11,5,11,4,12,4,12,4,12,3,11,3,12,4,11,4,11,4,11,5,11,5,10,6,11,6,11,6,11,7,11,8,11,8,11,8,11,8,11]"
2025-08-18 22:41:12.503881,CSI_DATA,571,1a:00:00:00:00:00,-42,11,0,0,0,0,0,0,0,0,0,-94,0,1,0,98600167,0,31,0,128,0,"[0,0,14,1,14,1,14,1,13,0,13,0,12,0,12,-1,12,-1,12,-2,12,-3,11,-3,11,-3,11,-4,11,-4,12,-5,12,-5,12,-5,12,-5,13,-5,12,-4,13,-4,12,-3,12,-3,13,-2,12,-2,12,-1,0,0,0,0,0,0,0,0,0,0,0,0,0,0,0,0,0,0,0,0,0,0,10,-1,11,0,11,1,11,1,11,2,12,3,12,4,12,4,12,4,11,5,11,5,11,5,11,5,11,4,11,4,11,3,11,3,12,3,12,2,12,2,12,2,13,2,14,1,14,1,14,1,14,1]"
2025-08-18 22:41:12.709846,CSI_DATA,572,1a:00:00:00:00:00,-42,11,0,0,0,0,0,0,0,0,0,-94,0,1,0,98801247,0,31,0,128,0,"[0,0,-15,3,-14,3,-14,3,-14,3,-13,4,-13,3,-12,4,-12,4,-12,4,-11,5,-11,6,-10,6,-10,7,-10,7,-10,8,-10,8,-11,8,-11,8,-12,7,-12,7,-12,7,-12,6,-12,6,-12,5,-12,5,-12,4,0,0,0,0,0,0,0,0,0,0,0,0,0,0,0,0,0,0,0,0,0,0,-10,4,-11,4,-12,3,-12,2,-13,2,-13,1,-13,0,-13,0,-13,-1,-13,-1,-13,-1,-13,-1,-13,-1,-13,-1,-13,0,-13,0,-13,0,-13,1,-13,1,-13,2,-14,2,-14,2,-14,3,-14,3,-14,3,-14,3]"
2025-08-18 22:41:12.928354,CSI_DATA,573,1a:00:00:00:00:00,-42,11,0,0,0,0,0,0,0,0,0,-94,0,1,0,99002435,0,31,0,128,0,"[0,0,-4,-15,-4,-15,-4,-14,-4,-14,-4,-14,-5,-13,-5,-13,-5,-13,-6,-12,-6,-11,-7,-11,-7,-11,-8,-11,-8,-11,-9,-11,-9,-11,-9,-11,-9,-11,-9,-12,-9,-12,-8,-12,-8,-13,-7,-13,-6,-13,-6,-12,-5,-13,0,0,0,0,0,0,0,0,0,0,0,0,0,0,0,0,0,0,0,0,0,0,-5,-11,-4,-11,-3,-12,-2,-13,-2,-13,-1,-13,-1,-14,0,-14,0,-14,1,-14,1,-13,1,-13,1,-13,0,-13,0,-13,0,-13,-1,-13,-2,-13,-2,-13,-2,-14,-3,-14,-3,-14,-4,-15,-4,-15,-4,-15,-4,-15]"
2025-08-18 22:41:13.109946,CSI_DATA,574,1a:00:00:00:00:00,-42,11,0,0,0,0,0,0,0,0,0,-94,0,1,0,99203623,0,31,0,128,0,"[0,0,14,-3,14,-3,13,-3,13,-3,13,-3,12,-3,12,-4,11,-4,11,-4,11,-5,11,-6,10,-6,10,-6,10,-7,10,-7,11,-7,11,-7,11,-8,12,-7,12,-7,12,-6,12,-6,12,-5,12,-5,12,-4,12,-3,0,0,0,0,0,0,0,0,0,0,0,0,0,0,0,0,0,0,0,0,0,0,10,-4,10,-4,11,-3,12,-2,12,-2,12,-1,12,0,12,0,12,0,12,1,12,1,12,1,12,1,12,1,12,1,12,0,12,0,12,-1,12,-1,12,-2,13,-2,13,-2,13,-3,14,-3,14,-3,14,-3]"
2025-08-18 22:41:13.306053,CSI_DATA,575,1a:00:00:00:00:00,-42,11,0,0,0,0,0,0,0,0,0,-94,0,1,0,99404840,0,31,0,128,0,"[0,0,5,14,5,13,5,13,6,13,6,12,5,12,6,11,6,11,7,10,7,9,7,9,8,9,8,9,8,9,9,8,9,8,9,9,10,9,10,9,9,10,9,10,8,10,7,11,7,11,7,11,6,11,0,0,0,0,0,0,0,0,0,0,0,0,0,0,0,0,0,0,0,0,0,0,6,9,5,10,5,10,4,11,4,12,3,12,3,13,2,12,2,13,1,13,1,13,1,13,1,12,1,12,1,12,2,12,3,12,3,12,3,12,4,12,5,12,4,13,5,13,5,13,5,13,6,13]"
2025-08-18 22:41:13.513658,CSI_DATA,576,1a:00:00:00:00:00,-42,11,0,0,0,0,0,0,0,0,0,-94,0,1,0,99606234,0,31,0,128,0,"[0,0,6,-14,6,-13,6,-13,5,-13,5,-13,4,-13,4,-13,4,-13,3,-12,2,-12,2,-12,1,-13,1,-13,1,-13,0,-13,0,-14,0,-14,0,-14,1,-14,1,-14,1,-14,2,-14,2,-13,3,-13,4,-13,4,-12,0,0,0,0,0,0,0,0,0,0,0,0,0,0,0,0,0,0,0,0,0,0,2,-11,3,-11,4,-11,5,-12,5,-11,6,-12,7,-11,7,-11,8,-11,8,-10,8,-10,8,-10,8,-10,8,-10,8,-10,7,-10,7,-11,6,-11,6,-12,6,-12,6,-12,6,-13,5,-13,6,-14,6,-14,6,-14]"
2025-08-18 22:41:13.708871,CSI_DATA,577,1a:00:00:00:00:00,-42,11,0,0,0,0,0,0,0,0,0,-94,0,1,0,99807358,0,31,0,128,0,"[0,0,4,13,4,13,4,13,4,12,4,12,4,12,5,11,5,11,5,10,6,10,6,9,6,9,7,9,7,9,8,9,8,9,8,9,8,9,8,10,8,10,8,10,7,10,6,11,6,11,5,11,5,11,0,0,0,0,0,0,0,0,0,0,0,0,0,0,0,0,0,0,0,0,0,0,4,9,4,10,3,10,2,11,2,11,1,12,1,12,1,12,0,12,-1,12,-1,12,-1,12,0,12,0,12,0,12,0,12,1,11,2,12,1,12,2,12,3,12,3,13,4,13,3,13,3,13,4,13]"
2025-08-18 22:41:13.908697,CSI_DATA,578,1a:00:00:00:00:00,-42,11,0,0,0,0,0,0,0,0,0,-94,0,1,0,100008392,0,31,0,128,0,"[0,0,8,12,8,11,8,11,8,11,8,10,8,10,8,9,8,9,8,8,9,7,9,7,9,7,10,7,10,6,11,6,11,6,11,6,11,6,12,6,11,7,11,7,10,8,10,8,9,8,9,9,8,9,0,0,0,0,0,0,0,0,0,0,0,0,0,0,0,0,0,0,0,0,0,0,7,8,7,8,6,9,6,10,5,10,5,11,5,12,4,12,4,12,3,12,3,12,3,12,3,12,3,12,4,11,4,11,5,11,5,11,5,11,6,11,7,11,7,11,8,11,8,12,8,12,8,12]"
2025-08-18 22:41:13.981079,CSI_DATA,579,1a:00:00:00:00:00,-42,11,0,0,0,0,0,0,0,0,0,-94,0,1,0,100069185,0,42,0,128,0,"[0,0,-8,-13,-8,-12,-8,-12,-8,-12,-8,-12,-8,-11,-8,-10,-9,-10,-9,-9,-9,-9,-10,-8,-10,-8,-10,-8,-10,-7,-11,-7,-11,-7,-11,-7,-12,-8,-12,-8,-12,-8,-11,-8,-11,-9,-10,-9,-10,-9,-9,-9,-9,-10,0,0,0,0,0,0,0,0,0,0,0,0,0,0,0,0,0,0,0,0,0,0,-7,-9,-7,-9,-6,-10,-6,-11,-6,-12,-5,-12,-5,-12,-4,-13,-4,-13,-3,-13,-3,-13,-3,-13,-3,-12,-3,-12,-3,-12,-4,-12,-5,-12,-5,-12,-6,-12,-6,-12,-6,-12,-7,-12,-7,-12,-8,-13,-8,-13,-8,-13]"
2025-08-18 22:41:14.042206,CSI_DATA,580,1a:00:00:00:00:00,-42,11,0,0,0,0,0,0,0,0,0,-94,0,1,0,100135494,0,31,0,128,0,"[0,0,-9,12,-9,12,-9,12,-8,12,-8,12,-7,11,-6,11,-6,12,-5,11,-4,12,-4,12,-3,12,-3,12,-3,12,-2,12,-2,13,-3,13,-2,13,-3,13,-3,13,-4,13,-4,13,-5,12,-5,12,-5,12,-6,11,0,0,0,0,0,0,0,0,0,0,0,0,0,0,0,0,0,0,0,0,0,0,-5,10,-6,10,-7,10,-8,10,-8,9,-9,10,-10,9,-10,9,-11,8,-11,8,-11,8,-11,8,-11,8,-10,8,-10,8,-10,8,-10,9,-9,9,-9,10,-9,10,-9,11,-9,11,-9,12,-8,12,-9,12,-8,12]"
2025-08-18 22:41:14.243446,CSI_DATA,581,1a:00:00:00:00:00,-42,11,0,0,0,0,0,0,0,0,0,-94,0,1,0,100336738,0,31,0,128,0,"[0,0,-12,8,-13,8,-10,9,-12,7,-12,7,-10,7,-10,8,-10,8,-8,8,-8,8,-8,9,-7,9,-7,12,-6,10,-7,11,-7,10,-7,12,-7,11,-8,11,-8,11,-8,11,-8,10,-9,10,-9,9,-9,9,-10,8,0,0,0,0,0,0,0,0,0,0,0,0,0,0,0,0,0,0,0,0,0,0,-9,7,-9,6,-10,6,-11,5,-12,5,-12,5,-13,4,-13,4,-13,3,-13,3,-13,3,-13,2,-13,3,-12,3,-12,3,-12,4,-12,4,-12,5,-12,5,-12,6,-12,6,-13,6,-12,7,-13,8,-13,7,-13,7]"
2025-08-18 22:41:14.453090,CSI_DATA,582,1a:00:00:00:00:00,-42,11,0,0,0,0,0,0,0,0,0,-94,0,1,0,100537751,0,31,0,128,0,"[0,0,12,8,12,8,12,8,12,7,12,7,11,6,11,6,11,5,11,4,11,4,12,3,12,3,12,2,12,2,12,2,13,2,13,2,13,2,13,2,13,3,13,3,12,4,12,4,12,5,11,5,11,6,0,0,0,0,0,0,0,0,0,0,0,0,0,0,0,0,0,0,0,0,0,0,10,3,10,4,10,5,10,6,10,7,10,8,10,8,9,9,9,9,8,9,8,10,8,9,8,9,8,9,8,9,9,8,9,8,10,8,10,8,10,8,11,8,11,8,12,7,12,8,12,8,12,7]"
2025-08-18 22:41:14.650825,CSI_DATA,583,1a:00:00:00:00:00,-42,11,0,0,0,0,0,0,0,0,0,-94,0,1,0,100738933,0,31,0,128,0,"[0,0,-13,-8,-13,-8,-12,-8,-12,-7,-12,-7,-12,-7,-12,-6,-12,-5,-12,-5,-12,-4,-12,-4,-12,-4,-12,-4,-13,-3,-13,-2,-13,-2,-13,-3,-14,-3,-14,-3,-14,-3,-13,-4,-13,-5,-13,-5,-12,-6,-12,-6,-11,-7,0,0,0,0,0,0,0,0,0,0,0,0,0,0,0,0,0,0,0,0,0,0,-10,-4,-10,-4,-10,-5,-11,-6,-11,-7,-10,-8,-10,-8,-10,-9,-10,-9,-9,-9,-9,-9,-9,-10,-9,-9,-9,-9,-9,-9,-10,-9,-10,-8,-10,-8,-11,-8,-11,-8,-11,-8,-12,-8,-12,-8,-13,-8,-13,-8,-13,-8]"
2025-08-18 22:41:14.853820,CSI_DATA,584,1a:00:00:00:00:00,-42,11,0,0,0,0,0,0,0,0,0,-94,0,1,0,100941536,0,31,0,128,0,"[0,0,-14,-6,-14,-6,-14,-6,-13,-6,-13,-6,-13,-5,-13,-5,-13,-4,-13,-4,-13,-3,-13,-2,-12,-1,-13,-1,-13,-1,-13,-1,-14,0,-14,-1,-14,-1,-15,-1,-14,-1,-14,-2,-14,-3,-14,-3,-14,-3,-13,-4,-13,-5,0,0,0,0,0,0,0,0,0,0,0,0,0,0,0,0,0,0,0,0,0,0,-11,-2,-11,-3,-11,-4,-11,-5,-11,-6,-11,-7,-11,-8,-11,-8,-11,-8,-11,-8,-10,-8,-10,-8,-10,-8,-10,-8,-10,-8,-10,-8,-11,-7,-11,-7,-12,-7,-12,-7,-13,-7,-13,-7,-13,-6,-14,-6,-14,-6,-14,-6]"
2025-08-18 22:41:15.048711,CSI_DATA,585,1a:00:00:00:00:00,-42,11,0,0,0,0,0,0,0,0,0,-94,0,1,0,101141349,0,31,0,128,0,"[0,0,-11,10,-10,10,-10,10,-10,10,-9,10,-9,10,-9,10,-8,10,-7,10,-6,10,-6,10,-5,11,-5,11,-5,11,-5,12,-4,12,-5,12,-5,12,-5,12,-6,12,-6,12,-7,12,-7,11,-7,11,-8,10,-8,10,0,0,0,0,0,0,0,0,0,0,0,0,0,0,0,0,0,0,0,0,0,0,-6,8,-7,8,-8,8,-9,7,-9,7,-10,7,-11,7,-11,6,-11,6,-11,6,-11,5,-11,5,-11,5,-11,6,-11,6,-11,6,-10,7,-10,7,-10,8,-10,8,-10,8,-10,9,-10,10,-10,10,-11,10,-10,10]"
2025-08-18 22:41:15.250568,CSI_DATA,586,1a:00:00:00:00:00,-42,11,0,0,0,0,0,0,0,0,0,-94,0,1,0,101342591,0,31,0,128,0,"[0,0,-15,2,-15,2,-14,2,-14,2,-13,2,-13,3,-13,3,-12,4,-12,4,-12,4,-12,5,-11,5,-11,6,-11,6,-11,6,-11,7,-12,7,-12,7,-12,7,-12,7,-13,6,-13,6,-13,5,-13,4,-13,4,-13,3,0,0,0,0,0,0,0,0,0,0,0,0,0,0,0,0,0,0,0,0,0,0,-10,2,-11,2,-11,1,-12,1,-12,0,-13,0,-13,-1,-13,-1,-13,-2,-13,-2,-13,-2,-12,-2,-12,-2,-12,-2,-12,-2,-13,-2,-13,-1,-13,0,-13,0,-13,0,-14,1,-14,1,-14,2,-14,2,-15,2,-15,2]"
2025-08-18 22:41:15.454745,CSI_DATA,587,1a:00:00:00:00:00,-42,11,0,0,0,0,0,0,0,0,0,-94,0,1,0,101543726,0,31,0,128,0,"[0,0,-13,-7,-12,-7,-12,-7,-12,-7,-12,-7,-12,-6,-12,-6,-12,-5,-12,-5,-12,-4,-12,-3,-12,-3,-12,-3,-12,-2,-13,-2,-13,-2,-13,-2,-14,-2,-14,-3,-14,-3,-14,-4,-13,-4,-13,-4,-13,-5,-12,-5,-12,-6,0,0,0,0,0,0,0,0,0,0,0,0,0,0,0,0,0,0,0,0,0,0,-9,-4,-10,-5,-9,-5,-10,-6,-10,-7,-10,-8,-10,-8,-9,-9,-9,-9,-8,-9,-9,-9,-8,-9,-8,-9,-9,-9,-9,-9,-9,-8,-10,-8,-10,-7,-10,-8,-11,-8,-11,-7,-11,-8,-12,-7,-12,-7,-12,-7,-12,-7]"
2025-08-18 22:41:15.510586,CSI_DATA,588,1a:00:00:00:00:00,-42,11,0,0,0,0,0,0,0,0,0,-94,0,1,0,101604519,0,42,0,128,0,"[0,0,-13,8,-12,7,-12,7,-12,7,-11,7,-11,7,-10,8,-10,8,-9,8,-9,8,-8,9,-8,9,-8,10,-7,10,-8,10,-7,10,-8,11,-8,11,-8,11,-9,10,-9,10,-9,10,-10,9,-10,9,-10,8,-11,7,0,0,0,0,0,0,0,0,0,0,0,0,0,0,0,0,0,0,0,0,0,0,-7,7,-8,7,-9,6,-10,6,-10,6,-11,5,-11,5,-11,5,-12,4,-12,4,-12,4,-12,3,-12,4,-12,4,-11,4,-11,4,-11,5,-11,5,-11,6,-11,6,-12,6,-12,7,-12,8,-12,8,-12,8,-12,8]"
2025-08-18 22:41:15.576343,CSI_DATA,589,1a:00:00:00:00:00,-42,11,0,0,0,0,0,0,0,0,0,-94,0,1,0,101672285,0,31,0,128,0,"[0,0,14,0,13,0,14,0,14,0,14,-1,13,-1,12,-1,12,-2,12,-2,12,-3,12,-3,11,-4,12,-5,12,-5,12,-5,12,-5,12,-5,13,-5,13,-5,13,-5,14,-4,13,-3,13,-3,13,-2,13,-1,13,-1,0,0,0,0,0,0,0,0,0,0,0,0,0,0,0,0,0,0,0,0,0,0,10,-2,10,-2,10,-1,11,0,11,0,12,1,12,2,12,2,12,3,11,3,12,3,11,3,11,3,11,3,12,3,11,2,12,2,12,1,12,1,13,1,13,0,13,0,14,0,14,0,14,0,14,0]"
2025-08-18 22:41:15.785779,CSI_DATA,590,1a:00:00:00:00:00,-42,11,0,0,0,0,0,0,0,0,0,-94,0,1,0,101873365,0,31,0,128,0,"[0,0,-14,-7,-13,-7,-13,-7,-13,-6,-13,-6,-12,-6,-12,-5,-12,-5,-12,-4,-12,-3,-12,-3,-12,-2,-13,-2,-13,-2,-13,-1,-13,-1,-14,-1,-14,-1,-14,-2,-14,-2,-14,-2,-14,-3,-14,-4,-13,-4,-13,-5,-12,-5,0,0,0,0,0,0,0,0,0,0,0,0,0,0,0,0,0,0,0,0,0,0,-10,-3,-11,-4,-10,-5,-10,-6,-11,-6,-11,-7,-11,-8,-10,-8,-10,-9,-10,-9,-10,-9,-9,-9,-9,-9,-10,-9,-10,-8,-10,-8,-10,-8,-11,-7,-11,-7,-11,-7,-12,-7,-12,-7,-13,-7,-13,-7,-13,-7,-13,-7]"
2025-08-18 22:41:15.990397,CSI_DATA,591,1a:00:00:00:00:00,-42,11,0,0,0,0,0,0,0,0,0,-94,0,1,0,102074711,0,31,0,128,0,"[0,0,14,3,13,3,13,3,13,2,13,2,12,2,12,1,12,1,12,0,12,-1,12,-1,11,-1,12,-2,12,-2,12,-3,12,-3,13,-2,13,-3,13,-3,13,-2,14,-2,13,-1,13,0,13,0,13,1,12,2,0,0,0,0,0,0,0,0,0,0,0,0,0,0,0,0,0,0,0,0,0,0,10,0,10,0,10,1,11,2,11,3,11,3,11,4,11,4,11,5,11,5,10,6,10,6,10,5,10,5,10,5,10,5,11,4,11,4,11,3,12,3,12,3,13,3,13,3,13,3,14,3,14,3]"
2025-08-18 22:41:16.181816,CSI_DATA,592,1a:00:00:00:00:00,-42,11,0,0,0,0,0,0,0,0,0,-94,0,1,0,102275977,0,31,0,128,0,"[0,0,-3,14,-3,13,-3,13,-2,13,-2,13,-2,12,-1,12,-1,12,0,12,1,11,1,11,2,11,2,11,2,12,3,12,3,12,3,13,3,12,3,13,2,13,2,13,1,13,1,13,0,13,-1,13,-1,13,0,0,0,0,0,0,0,0,0,0,0,0,0,0,0,0,0,0,0,0,0,0,-1,10,-2,10,-2,10,-3,10,-4,11,-4,11,-5,11,-5,11,-6,11,-6,10,-6,11,-6,10,-6,10,-6,10,-5,10,-5,10,-5,11,-4,11,-4,11,-4,12,-4,12,-4,13,-3,13,-3,13,-3,14,-2,13]"
2025-08-18 22:41:16.384141,CSI_DATA,593,1a:00:00:00:00:00,-42,11,0,0,0,0,0,0,0,0,0,-94,0,1,0,102477032,0,31,0,128,0,"[0,0,-10,10,-10,9,-10,10,-9,9,-9,10,-9,9,-8,10,-8,10,-7,10,-6,10,-6,10,-5,10,-5,11,-5,11,-4,11,-5,12,-5,12,-5,12,-6,12,-6,12,-6,12,-7,12,-7,11,-7,11,-8,10,-8,10,0,0,0,0,0,0,0,0,0,0,0,0,0,0,0,0,0,0,0,0,0,0,-6,8,-7,8,-7,7,-8,7,-8,7,-9,7,-10,7,-10,6,-11,6,-11,6,-11,6,-11,6,-11,6,-10,6,-10,6,-10,6,-10,7,-9,7,-10,8,-10,8,-10,8,-10,9,-9,9,-10,10,-10,10,-10,10]"
2025-08-18 22:41:16.583606,CSI_DATA,594,1a:00:00:00:00:00,-42,11,0,0,0,0,0,0,0,0,0,-94,0,1,0,102678147,0,31,0,128,0,"[0,0,8,-12,8,-12,7,-12,7,-12,7,-12,6,-12,6,-12,5,-12,5,-12,4,-12,3,-12,3,-12,3,-13,2,-13,2,-13,2,-13,2,-14,2,-14,2,-14,3,-14,3,-14,4,-14,4,-13,5,-13,5,-13,6,-12,0,0,0,0,0,0,0,0,0,0,0,0,0,0,0,0,0,0,0,0,0,0,4,-10,5,-9,6,-9,7,-9,7,-9,8,-9,9,-9,9,-9,9,-8,9,-8,9,-8,9,-8,9,-8,9,-8,9,-8,8,-8,8,-9,8,-9,8,-10,8,-10,8,-11,8,-11,7,-12,8,-12,8,-12,8,-12]"
2025-08-18 22:41:16.786543,CSI_DATA,595,1a:00:00:00:00:00,-42,11,0,0,0,0,0,0,0,0,0,-94,0,1,0,102879301,0,31,0,128,0,"[0,0,5,-14,5,-14,4,-14,5,-14,4,-14,4,-13,3,-13,3,-13,2,-13,1,-13,1,-13,0,-13,0,-13,-1,-13,-1,-14,-1,-14,-1,-14,-1,-15,0,-15,0,-15,1,-15,1,-15,2,-14,2,-14,3,-13,3,-13,0,0,0,0,0,0,0,0,0,0,0,0,0,0,0,0,0,0,0,0,0,0,1,-11,2,-11,3,-11,4,-11,5,-12,5,-11,6,-12,7,-11,7,-11,7,-11,7,-10,7,-10,7,-10,7,-10,7,-11,6,-11,6,-11,6,-12,6,-12,6,-13,5,-13,5,-13,5,-14,5,-14,5,-14,5,-14]"
2025-08-18 22:41:16.984992,CSI_DATA,596,1a:00:00:00:00:00,-42,11,0,0,0,0,0,0,0,0,0,-94,0,1,0,103080449,0,31,0,128,0,"[0,0,-2,14,-2,14,-2,14,-1,13,-1,13,0,13,0,12,1,12,1,12,1,12,2,11,2,11,2,12,3,12,4,12,4,12,4,12,4,12,4,13,3,13,3,13,2,13,1,13,1,13,0,13,-1,13,0,0,0,0,0,0,0,0,0,0,0,0,0,0,0,0,0,0,0,0,0,0,1,10,0,10,-1,11,-1,11,-2,11,-2,12,-3,12,-4,12,-4,12,-5,11,-5,11,-5,11,-5,11,-4,11,-4,11,-4,11,-3,11,-3,12,-3,12,-2,12,-2,13,-2,13,-2,14,-2,14,-2,14,-2,14]"
2025-08-18 22:41:17.051665,CSI_DATA,597,1a:00:00:00:00:00,-42,11,0,0,0,0,0,0,0,0,0,-94,0,1,0,103141310,0,42,0,128,0,"[0,0,-2,-15,-2,-15,-2,-14,-2,-14,-2,-14,-2,-13,-3,-13,-3,-13,-4,-12,-4,-12,-5,-12,-5,-12,-6,-12,-6,-12,-7,-12,-7,-12,-7,-12,-7,-12,-7,-13,-6,-13,-6,-13,-5,-14,-5,-14,-4,-13,-3,-13,-3,-13,0,0,0,0,0,0,0,0,0,0,0,0,0,0,0,0,0,0,0,0,0,0,-3,-10,-3,-11,-2,-12,-1,-12,-1,-12,0,-12,1,-13,1,-13,1,-13,2,-13,2,-13,2,-12,2,-12,2,-12,2,-13,1,-12,0,-12,0,-13,0,-13,-1,-13,-1,-14,-1,-14,-2,-14,-2,-15,-1,-15,-2,-15]"
2025-08-18 22:41:17.114566,CSI_DATA,598,1a:00:00:00:00:00,-42,11,0,0,0,0,0,0,0,0,0,-94,0,1,0,103208238,0,31,0,128,0,"[0,0,-14,6,-13,6,-13,6,-13,6,-12,6,-12,6,-11,6,-11,7,-10,7,-10,7,-9,8,-9,8,-9,9,-9,9,-9,10,-9,10,-9,10,-9,11,-10,10,-10,10,-10,10,-11,9,-11,9,-11,8,-11,8,-12,7,0,0,0,0,0,0,0,0,0,0,0,0,0,0,0,0,0,0,0,0,0,0,-9,6,-10,5,-11,5,-11,4,-12,4,-12,4,-13,3,-13,2,-13,2,-13,1,-13,1,-13,2,-12,2,-12,2,-12,2,-12,2,-12,3,-12,3,-13,4,-12,4,-13,5,-13,5,-13,6,-13,6,-13,6,-13,6]"
2025-08-18 22:41:17.322296,CSI_DATA,599,1a:00:00:00:00:00,-42,11,0,0,0,0,0,0,0,0,0,-94,0,1,0,103409066,0,31,0,128,0,"[0,0,-5,-14,-5,-14,-5,-14,-6,-13,-6,-13,-5,-13,-6,-12,-6,-12,-7,-11,-7,-11,-8,-10,-8,-10,-9,-10,-9,-10,-10,-9,-10,-10,-10,-10,-10,-10,-10,-11,-10,-11,-9,-11,-9,-12,-8,-12,-8,-12,-7,-12,-6,-12,0,0,0,0,0,0,0,0,0,0,0,0,0,0,0,0,0,0,0,0,0,0,-6,-9,-5,-10,-4,-11,-4,-11,-3,-12,-3,-12,-2,-13,-2,-13,-1,-13,-1,-13,-1,-13,-1,-13,-1,-13,-1,-13,-2,-13,-2,-12,-3,-12,-3,-12,-3,-13,-4,-13,-4,-13,-4,-14,-5,-13,-5,-14,-5,-14,-5,-14]"
2025-08-18 22:41:17.516089,CSI_DATA,600,1a:00:00:00:00:00,-42,11,0,0,0,0,0,0,0,0,0,-94,0,1,0,103610208,0,31,0,128,0,"[0,0,-5,14,-5,13,-5,13,-4,13,-4,13,-4,13,-3,12,-3,12,-2,12,-1,12,-1,12,0,12,0,12,0,12,1,13,1,13,1,13,1,13,1,14,0,14,-1,14,-1,14,-2,14,-2,13,-3,13,-4,13,0,0,0,0,0,0,0,0,0,0,0,0,0,0,0,0,0,0,0,0,0,0,-2,10,-3,10,-3,10,-4,10,-5,11,-5,11,-6,11,-7,11,-7,10,-8,10,-8,10,-8,10,-7,10,-7,10,-7,10,-6,10,-6,10,-6,11,-6,11,-5,12,-5,12,-5,13,-5,13,-5,13,-5,14,-5,13]"
2025-08-18 22:41:17.733011,CSI_DATA,601,1a:00:00:00:00:00,-42,11,0,0,0,0,0,0,0,0,0,-94,0,1,0,103811372,0,31,0,128,0,"[0,0,1,-15,1,-16,1,-14,0,-15,0,-14,0,-14,-1,-14,-1,-13,-2,-13,-3,-13,-3,-13,-4,-13,-4,-13,-4,-13,-5,-14,-5,-13,-5,-14,-5,-13,-5,-14,-4,-14,-4,-14,-3,-15,-2,-15,-1,-14,-1,-14,0,-14,0,0,0,0,0,0,0,0,0,0,0,0,0,0,0,0,0,0,0,0,0,0,-1,-11,-1,-11,0,-12,1,-12,1,-13,2,-12,3,-13,3,-13,3,-13,4,-13,4,-12,4,-12,4,-12,4,-12,3,-12,3,-12,3,-12,2,-13,2,-13,2,-13,1,-14,1,-14,1,-15,1,-15,1,-15,1,-15]"
2025-08-18 22:41:17.920319,CSI_DATA,602,1a:00:00:00:00:00,-42,11,0,0,0,0,0,0,0,0,0,-94,0,1,0,104012538,0,31,0,128,0,"[0,0,5,-14,5,-14,5,-13,5,-14,4,-13,4,-13,3,-13,3,-13,2,-13,1,-13,1,-13,0,-13,0,-13,-1,-13,-1,-13,-1,-14,-1,-14,-1,-14,0,-15,0,-15,1,-14,1,-14,2,-14,2,-14,3,-13,3,-13,0,0,0,0,0,0,0,0,0,0,0,0,0,0,0,0,0,0,0,0,0,0,3,-10,3,-10,4,-10,5,-10,6,-11,6,-11,7,-10,7,-10,8,-10,8,-10,8,-9,8,-9,8,-9,8,-10,7,-10,7,-10,6,-10,6,-11,6,-11,6,-12,6,-12,6,-12,5,-13,5,-13,5,-13,5,-14]"
2025-08-18 22:41:18.126806,CSI_DATA,603,1a:00:00:00:00:00,-42,11,0,0,0,0,0,0,0,0,0,-94,0,1,0,104213972,0,31,0,128,0,"[0,0,-6,-14,-6,-14,-6,-14,-6,-13,-6,-13,-6,-12,-6,-12,-7,-12,-7,-11,-7,-10,-8,-10,-8,-10,-9,-10,-9,-10,-9,-9,-10,-10,-10,-10,-10,-11,-10,-11,-9,-11,-9,-11,-8,-12,-8,-12,-7,-12,-7,-12,-6,-13,0,0,0,0,0,0,0,0,0,0,0,0,0,0,0,0,0,0,0,0,0,0,-6,-9,-6,-10,-5,-10,-5,-11,-4,-12,-4,-12,-3,-12,-3,-13,-2,-13,-2,-13,-2,-13,-2,-12,-2,-12,-2,-12,-2,-13,-2,-12,-3,-12,-3,-12,-4,-13,-4,-13,-4,-13,-5,-13,-6,-13,-6,-13,-6,-14,-6,-14]"
2025-08-18 22:41:18.317593,CSI_DATA,604,1a:00:00:00:00:00,-42,11,0,0,0,0,0,0,0,0,0,-94,0,1,0,104415083,0,31,0,128,0,"[0,0,13,3,14,3,12,3,14,3,12,2,12,2,12,2,12,1,12,1,12,0,12,-1,12,-1,12,-1,12,-2,13,-2,12,-2,13,-2,13,-2,14,-1,14,-1,14,0,13,1,14,1,13,1,13,1,12,3,0,0,0,0,0,0,0,0,0,0,0,0,0,0,0,0,0,0,0,0,0,0,10,0,10,0,11,1,10,2,11,3,11,3,11,4,11,5,11,5,11,5,10,5,10,5,10,5,10,5,10,5,11,4,10,4,11,4,11,4,12,3,12,3,12,3,13,3,13,3,13,3,14,3]"
2025-08-18 22:41:18.520545,CSI_DATA,605,1a:00:00:00:00:00,-42,11,0,0,0,0,0,0,0,0,0,-94,0,1,0,104616120,0,31,0,128,0,"[0,0,-1,14,-1,14,-1,13,0,13,0,13,0,13,1,12,1,12,2,12,2,11,3,11,4,11,4,11,4,11,5,11,5,11,5,12,5,12,5,13,4,13,4,13,4,13,3,13,2,13,1,12,1,13,0,0,0,0,0,0,0,0,0,0,0,0,0,0,0,0,0,0,0,0,0,0,0,10,0,10,-1,10,-2,11,-2,11,-3,11,-4,11,-4,11,-4,11,-5,11,-5,11,-5,11,-5,11,-4,11,-4,11,-4,11,-3,11,-3,11,-2,12,-2,12,-2,12,-2,13,-1,13,-1,14,-1,14,-1,14]"
2025-08-18 22:41:18.586275,CSI_DATA,606,1a:00:00:00:00:00,-42,11,0,0,0,0,0,0,0,0,0,-94,0,1,0,104676950,0,42,0,128,0,"[0,0,-15,-1,-15,-1,-14,0,-14,0,-14,0,-14,0,-13,1,-13,1,-13,1,-13,2,-12,3,-12,3,-12,3,-12,4,-13,5,-12,4,-13,4,-13,4,-14,4,-14,4,-14,3,-14,2,-14,2,-14,1,-14,1,-14,0,0,0,0,0,0,0,0,0,0,0,0,0,0,0,0,0,0,0,0,0,0,0,-10,2,-11,1,-12,0,-12,-1,-12,-1,-12,-2,-13,-2,-12,-3,-12,-3,-12,-4,-12,-4,-12,-4,-12,-4,-12,-3,-12,-3,-12,-3,-12,-2,-13,-2,-13,-2,-13,-2,-13,-1,-14,-1,-14,-1,-14,0,-15,0,-14,0]"
2025-08-18 22:41:18.657327,CSI_DATA,607,1a:00:00:00:00:00,-42,11,0,0,0,0,0,0,0,0,0,-94,0,1,0,104744090,0,31,0,128,0,"[0,0,-10,-12,-10,-12,-10,-12,-10,-11,-10,-11,-10,-11,-10,-10,-10,-10,-10,-9,-11,-8,-11,-8,-11,-7,-12,-7,-12,-7,-13,-6,-13,-7,-13,-7,-14,-7,-13,-8,-13,-8,-13,-9,-12,-9,-12,-9,-11,-10,-11,-10,-10,-10,0,0,0,0,0,0,0,0,0,0,0,0,0,0,0,0,0,0,0,0,0,0,-8,-7,-8,-8,-8,-9,-8,-10,-7,-11,-7,-11,-6,-12,-6,-12,-6,-12,-5,-12,-5,-12,-5,-12,-5,-12,-6,-12,-6,-12,-6,-11,-7,-12,-7,-11,-8,-11,-8,-12,-8,-12,-9,-12,-9,-12,-10,-12,-10,-12,-10,-12]"
2025-08-18 22:41:18.848369,CSI_DATA,608,1a:00:00:00:00:00,-42,11,0,0,0,0,0,0,0,0,0,-94,0,1,0,104945168,0,31,0,128,0,"[0,0,9,11,9,10,9,10,10,10,9,9,9,9,9,8,9,8,9,7,10,7,10,6,10,6,11,6,11,6,12,5,12,5,12,6,12,6,12,6,12,7,12,7,11,8,11,8,10,9,10,8,9,9,0,0,0,0,0,0,0,0,0,0,0,0,0,0,0,0,0,0,0,0,0,0,8,6,8,7,7,7,7,8,7,9,7,9,6,10,6,10,5,11,5,11,5,11,5,10,5,10,5,10,5,10,5,10,6,10,7,9,7,10,7,10,8,10,8,10,9,10,9,10,9,10,9,10]"
2025-08-18 22:41:19.056778,CSI_DATA,609,1a:00:00:00:00:00,-42,11,0,0,0,0,0,0,0,0,0,-94,0,1,0,105146346,0,31,0,128,0,"[0,0,10,-9,9,-10,10,-9,9,-10,9,-10,8,-10,8,-10,7,-10,7,-10,6,-10,6,-10,6,-11,6,-11,5,-11,5,-12,5,-12,5,-12,5,-12,6,-13,6,-12,6,-12,7,-12,7,-11,8,-10,8,-10,9,-9,0,0,0,0,0,0,0,0,0,0,0,0,0,0,0,0,0,0,0,0,0,0,6,-8,7,-8,7,-8,8,-7,9,-7,9,-7,10,-7,10,-6,10,-6,10,-5,11,-5,10,-5,10,-5,10,-5,10,-6,9,-6,9,-6,9,-7,10,-7,9,-8,9,-8,10,-9,10,-9,10,-9,10,-9,10,-10]"
2025-08-18 22:41:19.264723,CSI_DATA,610,1a:00:00:00:00:00,-42,11,0,0,0,0,0,0,0,0,0,-94,0,1,0,105347593,0,31,0,128,0,"[0,0,-9,11,-8,11,-8,11,-8,11,-7,11,-7,11,-7,11,-6,11,-6,11,-5,11,-4,11,-4,11,-3,11,-3,12,-3,12,-3,12,-3,13,-3,13,-4,13,-4,13,-4,13,-5,13,-6,12,-6,12,-6,11,-7,11,0,0,0,0,0,0,0,0,0,0,0,0,0,0,0,0,0,0,0,0,0,0,-5,9,-6,9,-6,9,-7,9,-8,9,-8,8,-9,8,-10,8,-10,8,-10,7,-10,7,-10,7,-10,7,-10,7,-9,7,-9,8,-9,8,-9,9,-9,9,-9,9,-9,10,-9,10,-8,11,-8,11,-8,11,-8,11]"
2025-08-18 22:41:19.454417,CSI_DATA,611,1a:00:00:00:00:00,-42,11,0,0,0,0,0,0,0,0,0,-94,0,1,0,105548946,0,31,0,128,0,"[0,0,14,0,13,-1,13,0,13,-1,13,-1,13,-1,12,-1,12,-2,11,-2,11,-3,11,-4,11,-5,11,-5,11,-5,11,-6,12,-6,12,-6,12,-6,13,-5,13,-5,13,-4,13,-4,13,-3,13,-3,13,-2,13,-1,0,0,0,0,0,0,0,0,0,0,0,0,0,0,0,0,0,0,0,0,0,0,9,-2,10,-2,10,-1,11,0,11,0,11,1,12,2,12,3,11,3,11,3,11,3,11,3,11,3,11,3,11,3,11,2,11,2,11,1,12,1,12,1,12,1,13,1,13,0,14,0,13,0,14,0]"
2025-08-18 22:41:19.859663,CSI_DATA,612,1a:00:00:00:00:00,-42,11,0,0,0,0,0,0,0,0,0,-94,0,1,0,105749981,0,31,0,128,0,"[0,0,13,-6,13,-6,13,-6,12,-6,12,-6,11,-6,11,-7,10,-7,10,-7,9,-8,9,-8,9,-8,9,-9,9,-9,8,-9,9,-10,9,-10,9,-10,10,-10,10,-10,10,-10,10,-9,11,-8,11,-7,11,-7,11,-6,0,0,0,0,0,0,0,0,0,0,0,0,0,0,0,0,0,0,0,0,0,0,8,-6,9,-6,9,-5,10,-5,10,-4,11,-4,11,-3,12,-3,12,-2,11,-2,12,-2,12,-2,12,-2,12,-2,12,-2,11,-3,11,-3,11,-4,12,-4,12,-5,12,-5,12,-6,12,-6,12,-6,13,-6,13,-6]"
2025-08-18 22:41:19.865919,CSI_DATA,613,1a:00:00:00:00:00,-42,11,0,0,0,0,0,0,0,0,0,-94,0,1,0,105951160,0,31,0,128,0,"[0,0,2,-14,1,-14,1,-14,1,-13,1,-13,0,-13,0,-13,0,-13,-1,-12,-2,-12,-2,-12,-3,-12,-3,-12,-4,-13,-4,-12,-4,-13,-4,-13,-4,-13,-4,-14,-3,-14,-3,-14,-2,-14,-2,-14,-1,-13,-1,-13,0,-13,0,0,0,0,0,0,0,0,0,0,0,0,0,0,0,0,0,0,0,0,0,0,0,-10,0,-11,1,-11,2,-11,3,-11,3,-11,4,-11,4,-12,4,-11,5,-11,5,-11,5,-11,5,-11,4,-11,4,-11,4,-11,3,-11,3,-12,3,-12,3,-12,2,-13,2,-13,2,-14,1,-14,2,-14,2,-14]"
2025-08-18 22:41:20.064083,CSI_DATA,614,1a:00:00:00:00:00,-42,11,0,0,0,0,0,0,0,0,0,-94,0,1,0,106152291,0,31,0,128,0,"[0,0,-13,-8,-12,-7,-13,-7,-12,-7,-13,-7,-12,-6,-12,-6,-12,-5,-12,-5,-12,-3,-12,-3,-12,-3,-13,-2,-13,-2,-13,-2,-14,-2,-13,-2,-14,-2,-14,-3,-14,-3,-14,-3,-14,-4,-13,-4,-13,-5,-13,-5,-13,-6,0,0,0,0,0,0,0,0,0,0,0,0,0,0,0,0,0,0,0,0,0,0,-9,-4,-10,-5,-10,-6,-10,-7,-10,-7,-10,-8,-9,-9,-9,-9,-9,-9,-9,-9,-9,-9,-9,-9,-9,-9,-9,-9,-9,-9,-9,-8,-10,-9,-10,-8,-10,-8,-11,-8,-11,-8,-12,-8,-12,-7,-13,-7,-13,-7,-13,-7]"
2025-08-18 22:41:20.118199,CSI_DATA,615,1a:00:00:00:00:00,-42,11,0,0,0,0,0,0,0,0,0,-94,0,1,0,106213112,0,42,0,128,0,"[0,0,-2,14,-2,13,-2,13,-2,13,-1,13,-2,13,-1,12,0,12,0,12,1,11,1,11,2,11,2,12,3,12,3,12,3,12,3,12,3,13,3,13,2,13,2,13,1,14,1,13,0,13,-1,13,-1,13,0,0,0,0,0,0,0,0,0,0,0,0,0,0,0,0,0,0,0,0,0,0,0,9,-1,10,-2,10,-3,11,-3,11,-4,11,-4,11,-5,11,-5,11,-5,11,-6,11,-6,10,-5,10,-5,11,-5,11,-5,10,-4,11,-4,11,-4,12,-3,12,-3,12,-3,13,-2,13,-2,13,-3,14,-2,14]"
2025-08-18 22:41:20.191836,CSI_DATA,616,1a:00:00:00:00:00,-42,11,0,0,0,0,0,0,0,0,0,-94,0,1,0,106279968,0,31,0,128,0,"[0,0,-8,-12,-8,-12,-8,-12,-8,-11,-8,-11,-8,-11,-8,-10,-8,-10,-9,-9,-9,-9,-9,-8,-10,-8,-10,-8,-11,-8,-11,-7,-11,-8,-11,-8,-12,-8,-12,-8,-11,-9,-11,-9,-11,-10,-10,-10,-9,-10,-9,-10,-8,-11,0,0,0,0,0,0,0,0,0,0,0,0,0,0,0,0,0,0,0,0,0,0,-7,-8,-7,-8,-6,-9,-6,-10,-6,-10,-6,-11,-5,-11,-5,-12,-4,-12,-4,-12,-4,-12,-3,-12,-3,-12,-4,-12,-4,-11,-4,-11,-5,-11,-5,-11,-6,-11,-6,-11,-7,-11,-7,-12,-7,-12,-7,-12,-8,-12,-8,-12]"
2025-08-18 22:41:20.389615,CSI_DATA,617,1a:00:00:00:00:00,-42,11,0,0,0,0,0,0,0,0,0,-94,0,1,0,106481545,0,31,0,128,0,"[0,0,6,-14,6,-14,5,-14,5,-14,5,-14,4,-13,4,-13,3,-13,2,-13,2,-13,2,-13,1,-13,1,-14,0,-14,-1,-14,0,-14,0,-15,0,-15,0,-15,1,-15,1,-15,2,-15,2,-15,3,-14,4,-14,4,-13,0,0,0,0,0,0,0,0,0,0,0,0,0,0,0,0,0,0,0,0,0,0,2,-11,3,-11,4,-11,5,-11,5,-11,6,-11,7,-11,7,-11,8,-11,8,-10,8,-10,8,-9,8,-10,8,-10,7,-10,7,-10,7,-10,6,-11,6,-11,6,-12,6,-12,6,-13,6,-14,6,-13,6,-14,6,-14]"
2025-08-18 22:41:20.591855,CSI_DATA,618,1a:00:00:00:00:00,-42,11,0,0,0,0,0,0,0,0,0,-94,0,1,0,106682696,0,31,0,128,0,"[0,0,-15,-1,-14,0,-15,0,-14,0,-14,0,-14,0,-13,0,-13,1,-13,1,-12,3,-12,3,-12,4,-12,4,-12,4,-12,5,-12,5,-13,5,-14,5,-14,5,-14,4,-14,3,-14,3,-14,2,-14,2,-14,2,-14,1,0,0,0,0,0,0,0,0,0,0,0,0,0,0,0,0,0,0,0,0,0,0,-10,1,-11,1,-11,0,-12,-1,-12,-1,-12,-2,-12,-3,-12,-3,-12,-4,-12,-4,-12,-4,-12,-4,-12,-4,-12,-4,-12,-4,-12,-3,-12,-2,-12,-2,-13,-2,-13,-2,-13,-2,-14,-1,-14,-1,-15,0,-15,0,-15,0]"
2025-08-18 22:41:20.798367,CSI_DATA,619,1a:00:00:00:00:00,-42,11,0,0,0,0,0,0,0,0,0,-94,0,1,0,106883847,0,31,0,128,0,"[0,0,12,-7,12,-7,12,-7,11,-7,11,-7,11,-7,10,-7,10,-8,9,-8,8,-8,8,-9,8,-9,8,-10,8,-10,7,-10,8,-11,8,-11,9,-11,9,-11,9,-11,10,-10,10,-10,10,-9,10,-9,10,-8,11,-7,0,0,0,0,0,0,0,0,0,0,0,0,0,0,0,0,0,0,0,0,0,0,7,-6,8,-6,9,-6,10,-5,10,-5,11,-5,11,-4,11,-4,11,-3,11,-3,11,-3,11,-3,11,-3,11,-3,11,-3,11,-3,11,-4,11,-4,11,-5,11,-5,11,-5,12,-6,11,-6,12,-7,12,-7,12,-7]"
2025-08-18 22:41:20.997262,CSI_DATA,620,1a:00:00:00:00:00,-42,11,0,0,0,0,0,0,0,0,0,-94,0,1,0,107084972,0,31,0,128,0,"[0,0,-11,-10,-11,-10,-11,-9,-11,-9,-11,-9,-11,-8,-11,-8,-11,-7,-11,-7,-11,-6,-11,-6,-12,-5,-12,-5,-12,-5,-13,-4,-13,-4,-13,-5,-14,-5,-14,-5,-14,-5,-13,-6,-13,-7,-13,-7,-12,-8,-12,-8,-11,-8,0,0,0,0,0,0,0,0,0,0,0,0,0,0,0,0,0,0,0,0,0,0,-9,-6,-9,-6,-9,-7,-8,-8,-8,-9,-8,-9,-8,-10,-8,-10,-7,-11,-7,-11,-7,-11,-6,-11,-7,-11,-7,-10,-7,-10,-7,-10,-8,-10,-8,-10,-9,-10,-9,-10,-9,-10,-10,-10,-11,-9,-11,-10,-11,-10,-11,-10]"
2025-08-18 22:41:21.193616,CSI_DATA,621,1a:00:00:00:00:00,-42,11,0,0,0,0,0,0,0,0,0,-94,0,1,0,107286215,0,31,0,128,0,"[0,0,13,-7,12,-7,12,-8,12,-8,12,-8,11,-8,10,-8,10,-8,9,-9,9,-9,9,-10,8,-10,8,-10,7,-11,7,-11,8,-12,8,-12,8,-12,9,-12,9,-12,9,-12,10,-11,10,-11,10,-10,11,-9,11,-9,0,0,0,0,0,0,0,0,0,0,0,0,0,0,0,0,0,0,0,0,0,0,8,-6,9,-6,10,-5,10,-4,11,-5,12,-5,12,-4,12,-4,12,-3,12,-3,12,-2,12,-2,12,-2,12,-3,11,-3,11,-3,11,-4,11,-5,12,-5,12,-6,12,-6,12,-6,12,-7,12,-7,13,-7,13,-7]"
2025-08-18 22:41:21.393031,CSI_DATA,622,1a:00:00:00:00:00,-42,11,0,0,0,0,0,0,0,0,0,-94,0,1,0,107487359,0,31,0,128,0,"[0,0,-2,14,-2,14,-2,14,-1,14,-1,14,-1,13,0,13,0,13,1,12,2,12,2,12,3,12,3,12,3,12,4,12,4,12,4,13,4,13,4,14,4,14,3,14,2,14,1,14,1,14,0,13,-1,13,0,0,0,0,0,0,0,0,0,0,0,0,0,0,0,0,0,0,0,0,0,0,1,10,0,10,-1,11,-2,11,-2,12,-3,12,-4,12,-4,12,-5,12,-5,12,-5,11,-5,11,-5,11,-5,11,-4,11,-4,11,-4,11,-3,12,-3,12,-3,13,-3,13,-2,13,-2,14,-2,14,-2,14,-1,14]"
2025-08-18 22:41:21.595401,CSI_DATA,623,1a:00:00:00:00:00,-43,11,0,0,0,0,0,0,0,0,0,-94,0,1,0,107688664,0,31,0,128,0,"[0,0,11,-9,10,-9,10,-9,10,-9,10,-9,9,-9,9,-9,8,-9,8,-9,7,-10,7,-11,6,-11,6,-11,6,-11,6,-12,6,-12,6,-12,6,-13,7,-12,7,-12,8,-12,8,-11,8,-11,9,-10,9,-10,9,-9,0,0,0,0,0,0,0,0,0,0,0,0,0,0,0,0,0,0,0,0,0,0,6,-8,7,-8,7,-7,8,-7,9,-7,10,-7,10,-6,10,-6,11,-5,11,-5,11,-5,11,-5,10,-5,10,-5,10,-5,10,-6,10,-6,10,-7,10,-7,10,-7,10,-7,10,-8,10,-9,10,-9,10,-9,11,-10]"
2025-08-18 22:41:21.655042,CSI_DATA,624,1a:00:00:00:00:00,-42,11,0,0,0,0,0,0,0,0,0,-94,0,1,0,107749435,0,42,0,128,0,"[0,0,-4,13,-5,13,-4,12,-4,13,-4,12,-3,12,-3,12,-2,12,-2,11,-1,12,-1,12,0,12,0,12,1,12,1,12,1,12,1,13,1,13,1,13,0,13,0,13,-1,13,-2,13,-2,13,-3,12,-4,12,0,0,0,0,0,0,0,0,0,0,0,0,0,0,0,0,0,0,0,0,0,0,-1,9,-2,10,-3,10,-4,10,-4,10,-5,10,-6,11,-6,10,-6,10,-7,10,-7,10,-7,9,-7,10,-7,9,-6,9,-6,10,-6,10,-5,10,-5,11,-5,11,-5,12,-5,12,-5,12,-5,13,-5,13,-4,13]"
2025-08-18 22:41:21.722108,CSI_DATA,625,1a:00:00:00:00:00,-42,11,0,0,0,0,0,0,0,0,0,-94,0,1,0,107815740,0,31,0,128,0,"[0,0,10,-9,10,-9,10,-10,9,-9,9,-10,9,-9,8,-9,8,-10,7,-10,6,-10,6,-11,6,-11,6,-11,5,-12,5,-12,5,-12,5,-12,6,-13,6,-13,6,-12,7,-12,7,-12,8,-11,8,-11,8,-10,9,-10,0,0,0,0,0,0,0,0,0,0,0,0,0,0,0,0,0,0,0,0,0,0,6,-8,7,-8,7,-8,8,-7,9,-7,9,-7,10,-6,10,-6,10,-6,10,-5,10,-5,10,-5,10,-5,10,-6,10,-6,10,-6,10,-7,9,-7,10,-8,10,-8,10,-8,10,-9,9,-9,10,-9,10,-9,10,-10]"
2025-08-18 22:41:21.927666,CSI_DATA,626,1a:00:00:00:00:00,-42,11,0,0,0,0,0,0,0,0,0,-94,0,1,0,108016849,0,31,0,128,0,"[0,0,-15,-3,-14,-4,-14,-3,-14,-3,-14,-3,-13,-2,-13,-2,-13,-1,-13,-1,-13,0,-13,0,-13,1,-13,1,-13,2,-13,2,-13,3,-14,2,-14,2,-15,2,-15,2,-15,1,-15,0,-15,0,-14,-1,-14,-2,-14,-2,0,0,0,0,0,0,0,0,0,0,0,0,0,0,0,0,0,0,0,0,0,0,-11,-1,-11,-2,-11,-3,-11,-4,-12,-4,-12,-5,-12,-6,-12,-6,-12,-6,-11,-7,-11,-7,-11,-7,-11,-7,-11,-7,-11,-6,-11,-6,-12,-5,-12,-5,-12,-5,-13,-4,-13,-4,-14,-4,-14,-4,-14,-4,-14,-4,-14,-4]"
2025-08-18 22:41:22.118386,CSI_DATA,627,1a:00:00:00:00:00,-42,11,0,0,0,0,0,0,0,0,0,-94,0,1,0,108218038,0,31,0,128,0,"[0,0,12,7,12,7,11,6,12,6,11,6,11,5,11,5,11,4,11,4,12,3,12,2,12,2,12,2,12,1,13,1,13,0,13,1,13,1,14,1,14,2,14,2,13,3,13,4,13,4,12,4,12,5,0,0,0,0,0,0,0,0,0,0,0,0,0,0,0,0,0,0,0,0,0,0,9,3,9,4,9,5,9,6,9,7,9,7,8,8,8,8,8,9,8,9,8,9,7,9,8,9,8,8,8,8,8,8,8,7,9,7,9,7,10,7,10,7,11,7,12,7,12,7,11,7,12,6]"
2025-08-18 22:41:22.333541,CSI_DATA,628,1a:00:00:00:00:00,-42,11,0,0,0,0,0,0,0,0,0,-94,0,1,0,108419218,0,31,0,128,0,"[0,0,0,-14,0,-14,0,-14,0,-14,0,-14,-1,-13,-1,-13,-2,-13,-3,-13,-3,-12,-3,-12,-4,-12,-4,-12,-5,-12,-5,-12,-5,-12,-5,-13,-5,-13,-5,-14,-5,-14,-5,-14,-4,-14,-3,-14,-3,-14,-2,-13,-1,-14,0,0,0,0,0,0,0,0,0,0,0,0,0,0,0,0,0,0,0,0,0,0,-1,-10,0,-11,1,-11,1,-11,2,-12,2,-12,3,-12,3,-12,4,-12,4,-12,4,-11,4,-11,4,-11,4,-11,4,-11,3,-11,3,-12,2,-12,2,-12,1,-13,1,-13,1,-14,1,-14,1,-14,1,-14,1,-14]"
2025-08-18 22:41:22.528269,CSI_DATA,629,1a:00:00:00:00:00,-42,11,0,0,0,0,0,0,0,0,0,-94,0,1,0,108620382,0,31,0,128,0,"[0,0,4,-14,4,-14,4,-14,4,-13,3,-13,3,-13,2,-13,2,-13,1,-13,0,-13,0,-13,-1,-13,-1,-13,-2,-13,-2,-13,-2,-14,-2,-14,-2,-14,-2,-14,-1,-15,-1,-15,0,-14,1,-14,1,-14,2,-14,2,-13,0,0,0,0,0,0,0,0,0,0,0,0,0,0,0,0,0,0,0,0,0,0,1,-10,2,-11,3,-11,4,-11,4,-11,5,-11,6,-11,6,-11,6,-11,6,-10,7,-10,7,-10,6,-10,6,-10,6,-10,6,-10,5,-11,5,-11,5,-11,5,-12,5,-12,4,-13,4,-13,4,-13,4,-14,4,-14]"
2025-08-18 22:41:22.726863,CSI_DATA,630,1a:00:00:00:00:00,-42,11,0,0,0,0,0,0,0,0,0,-94,0,1,0,108821699,0,31,0,128,0,"[0,0,8,-12,7,-12,7,-12,7,-12,6,-12,6,-12,5,-12,5,-12,4,-12,4,-12,4,-12,3,-12,3,-12,2,-13,2,-13,2,-13,2,-14,2,-14,2,-14,3,-14,3,-14,4,-14,5,-14,5,-13,5,-12,6,-12,0,0,0,0,0,0,0,0,0,0,0,0,0,0,0,0,0,0,0,0,0,0,4,-9,5,-10,6,-9,6,-9,7,-9,7,-9,8,-9,9,-8,9,-8,9,-8,9,-8,9,-8,9,-8,9,-8,8,-8,8,-8,8,-9,8,-9,8,-10,8,-10,8,-10,7,-11,8,-11,7,-12,8,-12,8,-12]"
2025-08-18 22:41:22.931423,CSI_DATA,631,1a:00:00:00:00:00,-42,11,0,0,0,0,0,0,0,0,0,-94,0,1,0,109022837,0,31,0,128,0,"[0,0,4,-14,3,-14,3,-14,3,-14,3,-13,2,-13,2,-13,1,-13,1,-13,0,-13,-1,-12,-1,-13,-1,-13,-2,-13,-2,-13,-2,-14,-2,-14,-2,-14,-2,-14,-1,-14,-1,-14,0,-15,0,-14,1,-14,1,-14,2,-13,0,0,0,0,0,0,0,0,0,0,0,0,0,0,0,0,0,0,0,0,0,0,1,-10,2,-11,2,-11,3,-11,4,-11,4,-11,5,-11,5,-11,6,-11,6,-10,6,-10,6,-10,6,-10,6,-11,6,-11,5,-10,5,-11,4,-11,4,-12,4,-12,4,-13,4,-13,3,-13,3,-14,3,-14,3,-14]"
2025-08-18 22:41:23.127749,CSI_DATA,632,1a:00:00:00:00:00,-42,11,0,0,0,0,0,0,0,0,0,-94,0,1,0,109224037,0,31,0,128,0,"[0,0,0,14,0,14,0,13,1,13,1,13,1,12,1,12,2,12,2,11,3,11,4,11,4,11,5,11,5,11,5,11,6,11,6,12,6,12,5,12,5,13,4,13,4,13,3,13,3,13,2,12,1,13,0,0,0,0,0,0,0,0,0,0,0,0,0,0,0,0,0,0,0,0,0,0,2,9,1,10,1,10,0,11,0,11,-1,11,-2,11,-2,12,-3,12,-3,12,-3,12,-3,11,-3,11,-3,11,-3,11,-2,11,-2,11,-1,12,-1,12,-1,12,-1,12,0,13,0,13,0,13,0,14,1,13]"
2025-08-18 22:41:23.211889,CSI_DATA,633,1a:00:00:00:00:00,-42,11,0,0,0,0,0,0,0,0,0,-94,0,1,0,109284805,0,42,0,128,0,"[0,0,-10,-11,-10,-11,-9,-11,-10,-10,-10,-10,-9,-10,-10,-10,-10,-9,-10,-8,-11,-7,-11,-7,-11,-6,-11,-6,-12,-6,-12,-6,-12,-6,-12,-6,-13,-6,-13,-7,-13,-7,-13,-8,-12,-8,-12,-9,-11,-9,-11,-9,-10,-10,0,0,0,0,0,0,0,0,0,0,0,0,0,0,0,0,0,0,0,0,0,0,-8,-7,-8,-8,-8,-8,-7,-9,-7,-10,-7,-10,-6,-11,-6,-11,-6,-12,-5,-12,-5,-12,-5,-12,-5,-11,-5,-11,-5,-11,-6,-11,-6,-11,-7,-11,-7,-11,-8,-11,-8,-11,-8,-11,-9,-11,-9,-11,-10,-11,-10,-11]"
2025-08-18 22:41:23.459309,CSI_DATA,634,1a:00:00:00:00:00,-42,11,0,0,0,0,0,0,0,0,0,-94,0,1,0,109352163,0,31,0,128,0,"[0,0,6,-13,6,-13,6,-13,5,-13,5,-13,4,-13,4,-13,3,-13,3,-13,2,-13,2,-13,1,-13,1,-13,0,-14,0,-14,0,-14,0,-14,0,-14,0,-15,1,-15,1,-15,2,-15,2,-14,3,-14,4,-13,4,-13,0,0,0,0,0,0,0,0,0,0,0,0,0,0,0,0,0,0,0,0,0,0,3,-10,4,-10,5,-10,5,-10,6,-10,6,-10,7,-10,8,-10,8,-10,8,-9,8,-9,8,-9,8,-9,8,-9,8,-9,7,-10,7,-10,7,-10,7,-11,6,-11,6,-12,6,-12,6,-12,6,-13,6,-13,6,-13]"
2025-08-18 22:41:23.465830,CSI_DATA,635,1a:00:00:00:00:00,-42,11,0,0,0,0,0,0,0,0,0,-94,0,1,0,109552961,0,31,0,128,0,"[0,0,9,-10,9,-10,9,-10,9,-10,8,-10,8,-10,7,-11,7,-11,6,-11,6,-11,5,-11,5,-11,4,-12,4,-12,4,-12,4,-13,4,-13,4,-14,4,-14,5,-14,5,-13,5,-13,6,-12,7,-12,7,-11,8,-11,0,0,0,0,0,0,0,0,0,0,0,0,0,0,0,0,0,0,0,0,0,0,6,-8,7,-8,7,-7,8,-8,9,-7,9,-7,10,-7,10,-7,10,-6,10,-6,10,-5,10,-5,10,-5,10,-6,10,-6,10,-6,9,-7,9,-7,9,-8,9,-8,9,-9,9,-9,9,-10,10,-10,10,-10,10,-10]"
2025-08-18 22:41:23.654917,CSI_DATA,636,1a:00:00:00:00:00,-42,11,0,0,0,0,0,0,0,0,0,-94,0,1,0,109754124,0,31,0,128,0,"[0,0,11,10,10,9,10,9,11,9,11,8,10,8,11,7,11,7,11,6,11,5,11,5,11,4,11,4,12,4,13,3,13,3,13,4,14,4,14,4,14,5,13,5,13,6,12,7,12,7,11,8,11,8,0,0,0,0,0,0,0,0,0,0,0,0,0,0,0,0,0,0,0,0,0,0,8,5,8,6,8,7,8,8,8,8,8,9,8,9,7,10,7,10,6,10,6,11,6,11,6,10,6,10,6,10,7,9,7,9,8,9,8,9,9,9,9,9,10,9,10,9,10,9,11,10,11,9]"
2025-08-18 22:41:23.867768,CSI_DATA,637,1a:00:00:00:00:00,-42,11,0,0,0,0,0,0,0,0,0,-94,0,1,0,109955386,0,31,0,128,0,"[0,0,-13,7,-12,7,-12,7,-12,7,-11,7,-11,7,-10,7,-10,8,-9,8,-9,9,-9,8,-8,9,-8,9,-7,9,-7,11,-7,10,-8,11,-8,11,-8,11,-9,11,-9,10,-9,10,-10,10,-10,9,-11,8,-11,7,0,0,0,0,0,0,0,0,0,0,0,0,0,0,0,0,0,0,0,0,0,0,-8,6,-9,5,-10,5,-10,4,-11,4,-11,4,-12,3,-12,3,-12,3,-13,2,-12,2,-12,2,-12,2,-12,2,-11,2,-12,3,-11,3,-12,4,-12,4,-12,5,-12,5,-12,6,-12,6,-13,6,-12,6,-12,6]"
2025-08-18 22:41:24.057445,CSI_DATA,638,1a:00:00:00:00:00,-42,11,0,0,0,0,0,0,0,0,0,-94,0,1,0,110156618,0,31,0,128,0,"[0,0,7,12,6,11,6,12,7,11,7,11,7,10,7,10,7,9,7,9,8,8,8,8,9,7,9,7,10,7,10,7,10,7,10,7,11,8,11,8,11,8,10,9,10,9,9,9,9,9,8,10,8,10,0,0,0,0,0,0,0,0,0,0,0,0,0,0,0,0,0,0,0,0,0,0,5,7,5,8,5,9,4,10,4,10,4,11,3,11,3,11,2,11,2,11,2,12,2,11,2,11,2,11,2,11,3,11,3,11,4,10,4,11,5,11,5,11,5,11,6,11,6,12,6,12,7,12]"
2025-08-18 22:41:24.263986,CSI_DATA,639,1a:00:00:00:00:00,-42,11,0,0,0,0,0,0,0,0,0,-94,0,1,0,110357795,0,31,0,128,0,"[0,0,-9,11,-9,11,-9,11,-8,10,-8,11,-7,10,-7,10,-6,10,-6,10,-5,11,-5,11,-4,11,-4,11,-4,12,-3,12,-3,12,-4,13,-4,13,-4,13,-5,13,-5,13,-6,12,-6,12,-7,12,-7,11,-8,10,0,0,0,0,0,0,0,0,0,0,0,0,0,0,0,0,0,0,0,0,0,0,-5,8,-6,9,-6,8,-7,8,-8,8,-9,8,-9,8,-10,8,-10,7,-10,7,-10,7,-10,7,-10,7,-10,7,-10,7,-9,7,-9,8,-8,8,-9,8,-9,9,-9,9,-9,10,-9,10,-9,11,-9,11,-9,11]"
2025-08-18 22:41:24.470956,CSI_DATA,640,1a:00:00:00:00:00,-42,11,0,0,0,0,0,0,0,0,0,-94,0,1,0,110558926,0,31,0,128,0,"[0,0,-11,-10,-11,-10,-11,-9,-11,-9,-11,-9,-11,-9,-10,-8,-11,-7,-11,-7,-11,-6,-11,-6,-12,-5,-12,-5,-12,-5,-13,-4,-13,-5,-13,-5,-14,-5,-14,-5,-13,-6,-13,-6,-13,-7,-12,-7,-12,-8,-11,-8,-11,-8,0,0,0,0,0,0,0,0,0,0,0,0,0,0,0,0,0,0,0,0,0,0,-9,-6,-9,-7,-9,-7,-9,-8,-8,-9,-8,-10,-8,-10,-8,-10,-7,-11,-7,-11,-7,-11,-7,-11,-7,-11,-7,-10,-7,-10,-7,-10,-8,-10,-8,-9,-9,-10,-9,-10,-9,-10,-10,-10,-10,-9,-11,-10,-11,-10,-11,-10]"
2025-08-18 22:41:24.670779,CSI_DATA,641,1a:00:00:00:00:00,-42,11,0,0,0,0,0,0,0,0,0,-94,0,1,0,110760055,0,31,0,128,0,"[0,0,-1,-14,-1,-14,-1,-14,-1,-14,-1,-14,-2,-13,-2,-13,-2,-13,-3,-12,-4,-12,-4,-12,-5,-12,-5,-12,-5,-12,-6,-12,-6,-12,-6,-13,-6,-13,-6,-13,-5,-13,-5,-14,-4,-14,-4,-14,-3,-14,-3,-14,-2,-14,0,0,0,0,0,0,0,0,0,0,0,0,0,0,0,0,0,0,0,0,0,0,-2,-10,-1,-11,-1,-11,0,-12,1,-12,1,-12,2,-12,2,-12,3,-12,3,-12,3,-12,3,-12,3,-12,3,-12,3,-12,2,-12,2,-12,1,-12,1,-13,1,-13,0,-13,0,-14,0,-14,0,-14,-1,-14,-1,-14]"
2025-08-18 22:41:24.730609,CSI_DATA,642,1a:00:00:00:00:00,-42,11,0,0,0,0,0,0,0,0,0,-94,0,1,0,110820876,0,42,0,128,0,"[0,0,-15,0,-14,0,-14,0,-14,0,-14,0,-13,1,-13,1,-13,2,-12,2,-12,3,-12,3,-12,4,-12,4,-11,5,-12,5,-12,5,-13,6,-13,6,-13,5,-13,5,-14,5,-14,4,-14,3,-14,3,-13,2,-13,1,0,0,0,0,0,0,0,0,0,0,0,0,0,0,0,0,0,0,0,0,0,0,-10,1,-11,0,-11,0,-11,-1,-12,-2,-12,-2,-12,-3,-12,-3,-12,-4,-12,-4,-12,-4,-12,-4,-11,-4,-12,-4,-12,-3,-12,-3,-12,-3,-12,-2,-12,-2,-13,-1,-13,-1,-13,-1,-14,0,-14,0,-15,0,-14,0]"
2025-08-18 22:41:24.799563,CSI_DATA,643,1a:00:00:00:00:00,-42,11,0,0,0,0,0,0,0,0,0,-94,0,1,0,110887794,0,31,0,128,0,"[0,0,-7,-13,-6,-13,-7,-13,-7,-13,-7,-12,-7,-11,-7,-11,-8,-11,-8,-10,-9,-9,-9,-9,-9,-9,-10,-9,-10,-8,-11,-8,-11,-8,-11,-9,-11,-9,-11,-9,-11,-9,-11,-10,-10,-10,-10,-11,-9,-11,-8,-11,-8,-12,0,0,0,0,0,0,0,0,0,0,0,0,0,0,0,0,0,0,0,0,0,0,-6,-9,-5,-10,-5,-10,-5,-11,-4,-11,-4,-12,-3,-12,-3,-12,-3,-12,-2,-13,-2,-13,-2,-12,-2,-12,-2,-12,-3,-12,-3,-12,-4,-12,-4,-12,-4,-12,-5,-12,-5,-12,-6,-13,-6,-13,-7,-13,-6,-13,-6,-13]"
2025-08-18 22:41:25.001608,CSI_DATA,644,1a:00:00:00:00:00,-42,11,0,0,0,0,0,0,0,0,0,-94,0,1,0,111089062,0,31,0,128,0,"[0,0,-9,-11,-9,-12,-9,-11,-9,-11,-9,-10,-9,-10,-9,-10,-9,-9,-10,-8,-10,-7,-10,-7,-11,-7,-11,-7,-11,-6,-12,-6,-12,-6,-12,-7,-12,-7,-13,-7,-13,-8,-12,-8,-12,-9,-11,-9,-11,-9,-10,-9,-10,-10,0,0,0,0,0,0,0,0,0,0,0,0,0,0,0,0,0,0,0,0,0,0,-8,-8,-7,-8,-7,-9,-6,-10,-6,-10,-6,-11,-6,-11,-5,-12,-5,-12,-4,-12,-4,-12,-4,-12,-4,-12,-5,-11,-5,-11,-5,-11,-6,-11,-6,-11,-6,-11,-7,-11,-7,-11,-8,-12,-8,-11,-9,-12,-9,-11,-9,-12]"
2025-08-18 22:41:25.197935,CSI_DATA,645,1a:00:00:00:00:00,-43,11,0,0,0,0,0,0,0,0,0,-94,0,1,0,111290542,0,31,0,128,0,"[0,0,-13,7,-13,7,-12,7,-12,7,-11,7,-11,7,-11,7,-10,7,-10,8,-9,8,-9,9,-8,9,-8,9,-8,10,-8,10,-8,10,-8,11,-9,11,-9,11,-10,11,-10,10,-10,10,-11,9,-11,9,-11,8,-12,7,0,0,0,0,0,0,0,0,0,0,0,0,0,0,0,0,0,0,0,0,0,0,-8,7,-9,6,-10,6,-10,5,-11,5,-11,5,-12,4,-12,4,-13,3,-12,3,-13,1,-13,4,-12,3,-12,3,-12,3,-12,4,-12,4,-11,5,-12,5,-12,5,-12,5,-12,6,-12,7,-12,7,-13,7,-13,7]"
2025-08-18 22:41:25.394445,CSI_DATA,646,1a:00:00:00:00:00,-42,11,0,0,0,0,0,0,0,0,0,-94,0,1,0,111491395,0,31,0,128,0,"[0,0,13,4,13,4,13,3,13,3,13,3,12,2,12,2,12,1,12,1,12,0,12,-1,12,-1,12,-1,12,-2,12,-2,13,-2,13,-2,13,-2,14,-2,13,-2,13,-1,13,0,13,0,13,1,13,1,13,2,0,0,0,0,0,0,0,0,0,0,0,0,0,0,0,0,0,0,0,0,0,0,9,1,10,2,10,2,10,3,10,4,10,4,10,5,10,5,10,6,10,6,9,6,9,6,9,6,9,6,10,6,10,5,10,5,10,5,11,4,11,4,11,4,12,4,12,4,13,4,13,4,13,3]"
2025-08-18 22:41:25.606386,CSI_DATA,647,1a:00:00:00:00:00,-42,11,0,0,0,0,0,0,0,0,0,-94,0,1,0,111692539,0,31,0,128,0,"[0,0,-3,14,-3,13,-2,13,-2,13,-2,13,-1,12,-1,12,0,12,0,12,1,11,1,12,2,11,2,11,3,12,3,12,3,12,3,13,3,13,3,13,3,13,2,13,1,13,1,13,0,13,0,13,-1,13,0,0,0,0,0,0,0,0,0,0,0,0,0,0,0,0,0,0,0,0,0,0,-1,9,-2,10,-2,10,-3,10,-4,11,-4,11,-5,11,-6,11,-6,11,-6,10,-6,10,-6,10,-6,10,-6,10,-5,10,-5,10,-5,11,-4,11,-4,11,-4,12,-4,12,-3,12,-3,13,-3,13,-3,13,-3,13]"
2025-08-18 22:41:25.804816,CSI_DATA,648,1a:00:00:00:00:00,-42,11,0,0,0,0,0,0,0,0,0,-94,0,1,0,111893697,0,31,0,128,0,"[0,0,-14,-5,-13,-5,-14,-5,-13,-4,-13,-4,-13,-3,-13,-3,-13,-2,-13,-2,-12,-1,-13,0,-12,0,-13,0,-13,1,-13,1,-14,2,-13,1,-14,1,-15,1,-14,1,-15,0,-14,-1,-14,-1,-14,-1,-14,-2,-14,-3,0,0,0,0,0,0,0,0,0,0,0,0,0,0,0,0,0,0,0,0,0,0,-10,-2,-11,-3,-11,-4,-11,-5,-11,-5,-11,-6,-11,-7,-11,-7,-10,-8,-10,-8,-10,-8,-10,-8,-10,-7,-10,-7,-10,-7,-10,-7,-11,-6,-11,-6,-12,-6,-12,-6,-12,-6,-13,-6,-13,-5,-14,-5,-14,-5,-14,-5]"
2025-08-18 22:41:26.007985,CSI_DATA,649,1a:00:00:00:00:00,-42,11,0,0,0,0,0,0,0,0,0,-94,0,1,0,112094846,0,31,0,128,0,"[0,0,-9,-12,-9,-11,-9,-11,-9,-11,-9,-11,-9,-10,-9,-10,-9,-9,-10,-9,-10,-8,-10,-7,-11,-7,-11,-7,-12,-7,-11,-6,-12,-7,-12,-7,-13,-7,-13,-8,-12,-8,-12,-8,-12,-9,-11,-9,-11,-9,-10,-9,-10,-10,0,0,0,0,0,0,0,0,0,0,0,0,0,0,0,0,0,0,0,0,0,0,-8,-7,-7,-8,-7,-9,-7,-10,-7,-10,-7,-11,-6,-11,-6,-12,-5,-12,-5,-12,-5,-12,-5,-12,-5,-12,-5,-11,-5,-11,-5,-11,-6,-11,-6,-11,-7,-11,-7,-11,-7,-11,-8,-11,-9,-11,-9,-11,-9,-11,-9,-11]"
2025-08-18 22:41:26.202697,CSI_DATA,650,1a:00:00:00:00:00,-42,11,0,0,0,0,0,0,0,0,0,-94,0,1,0,112296209,0,31,0,128,0,"[0,0,13,-4,12,-4,12,-4,12,-5,12,-5,11,-5,11,-5,10,-6,10,-6,10,-7,9,-7,9,-7,9,-8,9,-8,9,-8,9,-9,9,-9,10,-9,10,-9,10,-9,11,-8,11,-8,11,-7,11,-6,11,-6,12,-5,0,0,0,0,0,0,0,0,0,0,0,0,0,0,0,0,0,0,0,0,0,0,8,-5,9,-5,9,-4,10,-4,10,-3,11,-3,11,-2,11,-2,11,-1,11,-1,11,-1,11,0,11,-1,11,-1,11,-1,11,-1,11,-2,11,-2,11,-3,11,-3,11,-4,12,-4,12,-4,12,-4,13,-4,13,-5]"
2025-08-18 22:41:26.269658,CSI_DATA,651,1a:00:00:00:00:00,-42,11,0,0,0,0,0,0,0,0,0,-94,0,1,0,112356951,0,42,0,128,0,"[0,0,-10,-11,-10,-10,-10,-10,-10,-10,-10,-9,-10,-9,-10,-9,-10,-8,-11,-7,-11,-7,-11,-6,-11,-6,-12,-6,-12,-5,-13,-5,-13,-5,-13,-6,-13,-6,-13,-6,-13,-6,-13,-7,-12,-8,-12,-8,-12,-8,-11,-9,-10,-9,0,0,0,0,0,0,0,0,0,0,0,0,0,0,0,0,0,0,0,0,0,0,-8,-6,-8,-7,-8,-8,-8,-9,-8,-9,-8,-10,-7,-11,-7,-11,-6,-11,-6,-11,-6,-11,-6,-11,-6,-11,-6,-11,-6,-11,-7,-11,-7,-10,-8,-10,-8,-10,-8,-10,-9,-10,-9,-11,-10,-10,-10,-10,-10,-10,-11,-10]"
2025-08-18 22:41:26.330483,CSI_DATA,652,1a:00:00:00:00:00,-42,11,0,0,0,0,0,0,0,0,0,-94,0,1,0,112424264,0,31,0,128,0,"[0,0,8,-12,8,-12,8,-12,8,-12,7,-12,7,-12,6,-12,6,-12,5,-12,4,-12,4,-13,3,-13,3,-13,3,-13,2,-14,2,-14,2,-14,2,-15,3,-15,3,-15,4,-15,4,-15,5,-14,5,-14,6,-13,7,-12,0,0,0,0,0,0,0,0,0,0,0,0,0,0,0,0,0,0,0,0,0,0,5,-10,6,-9,7,-9,7,-9,8,-9,9,-9,9,-9,10,-8,10,-8,10,-8,10,-8,10,-7,10,-7,10,-7,9,-8,9,-8,9,-8,9,-9,8,-10,9,-10,9,-11,9,-11,8,-12,9,-12,9,-12,8,-12]"
2025-08-18 22:41:26.526240,CSI_DATA,653,1a:00:00:00:00:00,-42,11,0,0,0,0,0,0,0,0,0,-94,0,1,0,112625341,0,31,0,128,0,"[0,0,13,5,12,5,12,5,12,5,12,5,12,4,12,4,12,3,12,2,12,2,12,1,12,1,12,1,12,0,13,-1,13,-1,13,0,14,0,14,0,14,0,14,1,14,1,13,2,13,3,13,3,12,4,0,0,0,0,0,0,0,0,0,0,0,0,0,0,0,0,0,0,0,0,0,0,9,2,9,3,10,4,9,5,10,5,9,6,10,7,9,7,9,7,9,8,9,8,8,8,8,8,8,7,9,7,9,7,9,7,10,6,10,6,11,6,11,6,11,5,12,6,12,6,12,6,13,6]"
2025-08-18 22:41:26.728193,CSI_DATA,654,1a:00:00:00:00:00,-42,11,0,0,0,0,0,0,0,0,0,-94,0,1,0,112826478,0,31,0,128,0,"[0,0,7,13,6,12,7,12,7,11,7,11,7,11,7,11,8,10,8,9,9,9,9,8,9,8,9,8,10,8,10,7,11,7,11,8,11,8,12,8,11,9,11,9,10,10,10,10,9,10,9,10,8,11,0,0,0,0,0,0,0,0,0,0,0,0,0,0,0,0,0,0,0,0,0,0,6,8,5,9,5,9,4,10,4,11,4,11,3,12,3,12,2,12,2,12,2,12,2,12,2,12,2,12,3,12,3,11,3,12,4,11,4,12,5,12,5,12,5,12,6,12,7,13,7,12,7,12]"
2025-08-18 22:41:26.940505,CSI_DATA,655,1a:00:00:00:00:00,-42,11,0,0,0,0,0,0,0,0,0,-94,0,1,0,113027629,0,31,0,128,0,"[0,0,-1,-14,-1,-14,-1,-14,-1,-14,-2,-14,-2,-13,-3,-13,-3,-13,-3,-12,-4,-12,-4,-12,-5,-12,-5,-12,-6,-12,-6,-12,-6,-12,-6,-13,-6,-13,-6,-13,-6,-14,-5,-14,-5,-14,-4,-14,-3,-14,-3,-13,-2,-14,0,0,0,0,0,0,0,0,0,0,0,0,0,0,0,0,0,0,0,0,0,0,-3,-10,-2,-11,-1,-11,-1,-11,0,-12,0,-12,1,-12,1,-13,2,-12,2,-12,3,-12,3,-12,2,-12,2,-12,2,-12,1,-12,1,-12,1,-12,0,-13,0,-13,0,-13,0,-14,-1,-14,-1,-14,-1,-14,-1,-14]"
2025-08-18 22:41:27.355167,CSI_DATA,656,1a:00:00:00:00:00,-42,11,0,0,0,0,0,0,0,0,0,-94,0,1,0,113228820,0,31,0,128,0,"[0,0,10,9,10,9,10,8,10,8,10,8,10,7,10,7,10,6,10,6,10,5,11,5,11,4,11,4,11,4,12,3,12,3,12,3,13,4,13,4,13,5,12,5,12,6,12,6,11,7,11,7,10,8,0,0,0,0,0,0,0,0,0,0,0,0,0,0,0,0,0,0,0,0,0,0,8,4,8,5,8,6,8,7,8,7,7,8,7,9,7,9,6,10,6,9,6,10,6,10,6,10,6,9,6,9,6,9,7,9,7,8,8,9,8,8,9,9,9,9,10,8,10,8,10,9,10,8]"
2025-08-18 22:41:27.362500,CSI_DATA,657,1a:00:00:00:00:00,-42,11,0,0,0,0,0,0,0,0,0,-94,0,1,0,113430198,0,31,0,128,0,"[0,0,-11,-9,-11,-9,-11,-9,-11,-9,-11,-8,-11,-8,-11,-7,-11,-7,-11,-6,-12,-5,-12,-5,-12,-5,-12,-4,-12,-4,-13,-4,-13,-4,-13,-4,-14,-4,-14,-4,-14,-5,-14,-5,-13,-6,-13,-6,-12,-7,-12,-7,-11,-8,0,0,0,0,0,0,0,0,0,0,0,0,0,0,0,0,0,0,0,0,0,0,-9,-5,-9,-6,-9,-7,-9,-8,-9,-8,-9,-9,-8,-9,-8,-10,-8,-10,-7,-11,-7,-10,-7,-10,-7,-10,-7,-10,-7,-10,-8,-9,-8,-9,-9,-9,-9,-9,-10,-9,-10,-9,-10,-9,-11,-9,-11,-9,-11,-9,-11,-9]"
2025-08-18 22:41:27.532689,CSI_DATA,658,1a:00:00:00:00:00,-43,11,0,0,0,0,0,0,0,0,0,-94,0,1,0,113632320,0,31,0,128,0,"[0,0,11,9,10,9,11,8,11,8,11,8,10,7,10,7,11,6,11,5,11,5,11,4,11,4,12,4,12,3,12,3,13,3,13,3,13,4,14,4,13,4,13,5,13,5,12,6,12,6,11,7,11,7,0,0,0,0,0,0,0,0,0,0,0,0,0,0,0,0,0,0,0,0,0,0,8,5,8,6,8,6,8,7,8,8,8,9,8,9,7,10,7,10,6,10,6,10,6,10,6,10,6,10,7,10,7,9,8,9,8,9,8,9,9,9,9,9,10,9,10,9,10,9,11,9,11,9]"
2025-08-18 22:41:27.740953,CSI_DATA,659,1a:00:00:00:00:00,-42,11,0,0,0,0,0,0,0,0,0,-94,0,1,0,113832384,0,31,0,128,0,"[0,0,-15,0,-15,0,-15,0,-14,0,-14,1,-14,1,-13,1,-13,2,-13,2,-12,3,-12,3,-12,4,-12,4,-12,5,-12,5,-12,5,-13,6,-13,6,-14,6,-14,5,-14,5,-14,4,-14,3,-14,3,-14,2,-14,1,0,0,0,0,0,0,0,0,0,0,0,0,0,0,0,0,0,0,0,0,0,0,-11,2,-11,1,-12,0,-12,0,-12,-1,-13,-2,-13,-2,-13,-3,-13,-3,-12,-4,-13,-4,-12,-4,-12,-4,-12,-3,-12,-3,-12,-3,-13,-2,-13,-2,-13,-1,-13,-1,-14,-1,-14,-1,-14,0,-15,0,-15,0,-15,0]"
2025-08-18 22:41:27.805773,CSI_DATA,660,1a:00:00:00:00:00,-42,11,0,0,0,0,0,0,0,0,0,-94,0,1,0,113893216,0,42,0,128,0,"[0,0,-8,-13,-8,-12,-8,-12,-8,-11,-8,-11,-8,-11,-8,-10,-8,-10,-9,-9,-9,-9,-9,-9,-10,-8,-10,-8,-11,-8,-11,-7,-12,-8,-11,-8,-12,-8,-12,-9,-12,-9,-12,-9,-11,-10,-10,-10,-10,-10,-9,-10,-9,-11,0,0,0,0,0,0,0,0,0,0,0,0,0,0,0,0,0,0,0,0,0,0,-7,-8,-7,-9,-6,-9,-6,-10,-6,-11,-5,-12,-5,-12,-5,-12,-4,-12,-4,-12,-3,-12,-3,-12,-3,-12,-4,-12,-4,-12,-4,-11,-5,-12,-5,-11,-6,-12,-6,-11,-6,-12,-7,-12,-7,-12,-8,-12,-7,-12,-8,-13]"
2025-08-18 22:41:27.863061,CSI_DATA,661,1a:00:00:00:00:00,-43,11,0,0,0,0,0,0,0,0,0,-94,0,1,0,113959650,0,31,0,128,0,"[0,0,14,3,13,3,13,2,13,2,13,2,12,1,12,1,12,0,12,0,12,-1,12,-1,12,-2,12,-2,12,-3,12,-3,13,-3,13,-3,13,-3,14,-3,14,-3,14,-2,13,-1,13,-1,13,0,13,1,13,1,0,0,0,0,0,0,0,0,0,0,0,0,0,0,0,0,0,0,0,0,0,0,10,0,10,1,10,2,10,2,11,3,11,4,11,4,11,5,10,5,10,6,10,6,10,6,10,6,10,6,10,5,10,5,10,4,11,4,11,4,12,3,12,3,13,3,13,3,13,3,13,3,14,3]"
2025-08-18 22:41:28.067696,CSI_DATA,662,1a:00:00:00:00:00,-42,11,0,0,0,0,0,0,0,0,0,-94,0,1,0,114160746,0,31,0,128,0,"[0,0,-13,6,-13,6,-13,6,-12,6,-12,6,-12,7,-11,7,-11,7,-10,7,-10,8,-9,8,-9,8,-9,9,-9,9,-8,10,-8,10,-9,10,-9,10,-9,11,-10,10,-10,10,-11,10,-11,9,-11,8,-11,7,-12,7,0,0,0,0,0,0,0,0,0,0,0,0,0,0,0,0,0,0,0,0,0,0,-9,5,-10,5,-10,5,-11,4,-11,4,-12,3,-12,3,-13,2,-13,2,-13,1,-13,1,-13,1,-12,1,-12,2,-12,2,-12,2,-12,3,-12,3,-12,4,-12,4,-12,5,-13,5,-13,6,-13,6,-13,6,-13,6]"
2025-08-18 22:41:28.269387,CSI_DATA,663,1a:00:00:00:00:00,-42,11,0,0,0,0,0,0,0,0,0,-94,0,1,0,114361975,0,31,0,128,0,"[0,0,-15,3,-15,2,-15,2,-14,3,-14,3,-14,3,-13,3,-13,4,-12,4,-12,5,-12,5,-11,6,-12,6,-11,7,-12,7,-12,7,-12,7,-12,8,-13,8,-13,7,-14,7,-14,6,-14,5,-14,5,-14,4,-14,3,0,0,0,0,0,0,0,0,0,0,0,0,0,0,0,0,0,0,0,0,0,0,-10,3,-11,3,-12,2,-12,1,-12,1,-13,0,-13,0,-13,-1,-13,-1,-13,-2,-13,-2,-13,-2,-13,-2,-13,-2,-13,-1,-13,-1,-13,0,-13,0,-13,0,-14,1,-14,2,-14,2,-15,2,-15,2,-15,2,-15,2]"
2025-08-18 22:41:28.474462,CSI_DATA,664,1a:00:00:00:00:00,-42,11,0,0,0,0,0,0,0,0,0,-94,0,1,0,114563318,0,31,0,128,0,"[0,0,-2,-14,-2,-14,-2,-14,-3,-14,-3,-14,-3,-13,-3,-13,-4,-13,-4,-12,-5,-12,-5,-12,-6,-12,-6,-12,-6,-12,-7,-11,-7,-12,-7,-12,-7,-12,-7,-13,-6,-13,-6,-13,-5,-14,-5,-14,-4,-14,-3,-13,-2,-14,0,0,0,0,0,0,0,0,0,0,0,0,0,0,0,0,0,0,0,0,0,0,-4,-10,-3,-10,-3,-11,-2,-11,-2,-12,-1,-12,-1,-13,0,-13,0,-13,1,-12,1,-12,1,-12,1,-12,1,-12,1,-12,0,-12,0,-12,-1,-12,-1,-13,-1,-13,-1,-13,-2,-14,-2,-14,-2,-14,-2,-14,-2,-14]"
2025-08-18 22:41:28.676084,CSI_DATA,665,1a:00:00:00:00:00,-42,11,0,0,0,0,0,0,0,0,0,-94,0,1,0,114764402,0,31,0,128,0,"[0,0,0,14,0,13,0,13,1,13,1,13,1,12,2,12,2,12,3,11,3,11,3,11,4,11,4,11,5,11,5,11,6,11,6,11,6,12,6,12,5,12,5,13,4,13,3,13,3,13,2,12,1,13,0,0,0,0,0,0,0,0,0,0,0,0,0,0,0,0,0,0,0,0,0,0,2,9,1,10,0,10,0,10,-1,11,-1,11,-2,12,-3,12,-3,12,-3,11,-4,11,-4,11,-4,11,-3,11,-3,11,-2,11,-2,11,-2,11,-2,12,-1,12,-1,12,0,13,0,13,0,13,0,14,0,13]"
2025-08-18 22:41:28.869179,CSI_DATA,666,1a:00:00:00:00:00,-43,11,0,0,0,0,0,0,0,0,0,-94,0,1,0,114965552,0,31,0,128,0,"[0,0,14,2,13,2,12,2,13,1,12,1,12,1,12,1,12,0,12,0,12,-1,11,-2,11,-2,11,-3,11,-3,12,-3,12,-3,13,-3,13,-3,13,-3,14,-3,14,-2,13,-1,13,-1,13,-1,13,0,12,1,0,0,0,0,0,0,0,0,0,0,0,0,0,0,0,0,0,0,0,0,0,0,9,-1,10,0,10,1,10,1,11,2,10,3,11,4,11,4,11,5,11,5,10,5,10,5,10,5,10,4,10,4,10,4,10,3,11,3,11,3,12,3,12,3,12,3,13,2,13,2,13,2,13,2]"
2025-08-18 22:41:29.079939,CSI_DATA,667,1a:00:00:00:00:00,-42,11,0,0,0,0,0,0,0,0,0,-94,0,1,0,115166678,0,31,0,128,0,"[0,0,-14,-5,-14,-5,-13,-5,-13,-4,-13,-4,-13,-3,-13,-3,-13,-2,-13,-2,-13,-1,-13,-1,-12,-1,-13,0,-13,1,-13,1,-13,1,-14,1,-14,1,-14,1,-14,1,-15,0,-14,-1,-15,-1,-14,-2,-14,-3,-13,-3,0,0,0,0,0,0,0,0,0,0,0,0,0,0,0,0,0,0,0,0,0,0,-10,-2,-10,-3,-11,-4,-11,-5,-11,-5,-11,-6,-11,-6,-11,-7,-11,-7,-10,-8,-10,-8,-10,-8,-10,-8,-10,-7,-10,-7,-10,-7,-11,-6,-11,-6,-12,-6,-12,-5,-12,-5,-13,-5,-13,-5,-13,-5,-14,-5,-13,-5]"
2025-08-18 22:41:29.273939,CSI_DATA,668,1a:00:00:00:00:00,-42,11,0,0,0,0,0,0,0,0,0,-94,0,1,0,115367923,0,31,0,128,0,"[0,0,-8,13,-8,12,-8,12,-7,12,-7,12,-6,12,-6,12,-5,12,-5,11,-4,12,-3,12,-3,12,-2,13,-2,13,-2,13,-2,14,-2,13,-2,14,-2,14,-3,14,-3,14,-4,14,-4,13,-5,13,-5,13,-6,13,0,0,0,0,0,0,0,0,0,0,0,0,0,0,0,0,0,0,0,0,0,0,-5,9,-6,9,-6,9,-7,9,-8,9,-9,9,-9,9,-10,9,-10,8,-10,8,-10,8,-10,8,-10,8,-10,8,-10,8,-9,8,-9,9,-8,9,-8,10,-8,10,-8,11,-8,11,-8,11,-8,12,-8,12,-8,13]"
2025-08-18 22:41:29.340857,CSI_DATA,669,1a:00:00:00:00:00,-42,11,0,0,0,0,0,0,0,0,0,-94,0,1,0,115428708,0,42,0,128,0,"[0,0,-10,-10,-11,-10,-10,-9,-10,-10,-10,-9,-10,-9,-10,-8,-10,-8,-10,-7,-11,-7,-11,-6,-11,-6,-11,-5,-11,-5,-12,-5,-12,-5,-13,-6,-12,-5,-13,-6,-13,-6,-13,-7,-12,-7,-12,-8,-11,-8,-11,-9,-10,-9,0,0,0,0,0,0,0,0,0,0,0,0,0,0,0,0,0,0,0,0,0,0,-9,-6,-8,-6,-8,-8,-8,-8,-8,-9,-8,-9,-7,-10,-7,-10,-7,-11,-6,-11,-6,-11,-6,-11,-6,-10,-6,-10,-6,-10,-7,-10,-7,-9,-8,-10,-8,-9,-8,-10,-9,-10,-9,-10,-10,-10,-10,-10,-10,-10,-10,-10]"
2025-08-18 22:41:29.402206,CSI_DATA,670,1a:00:00:00:00:00,-43,11,0,0,0,0,0,0,0,0,0,-94,0,1,0,115495520,0,31,0,128,0,"[0,0,-12,8,-12,8,-12,8,-11,8,-11,8,-11,8,-10,8,-10,8,-9,8,-8,9,-8,10,-7,10,-7,10,-7,10,-7,11,-7,11,-8,11,-8,11,-9,11,-9,11,-9,11,-10,10,-10,10,-10,10,-10,9,-11,8,0,0,0,0,0,0,0,0,0,0,0,0,0,0,0,0,0,0,0,0,0,0,-7,7,-8,6,-10,6,-10,6,-11,5,-11,5,-12,4,-12,4,-12,3,-12,3,-12,4,-12,3,-12,4,-12,4,-12,4,-11,4,-11,5,-11,5,-12,5,-11,6,-12,6,-12,6,-12,7,-12,8,-12,8,-12,8]"
2025-08-18 22:41:29.603844,CSI_DATA,671,1a:00:00:00:00:00,-42,11,0,0,0,0,0,0,0,0,0,-94,0,1,0,115696716,0,31,0,128,0,"[0,0,11,-10,10,-10,10,-10,10,-9,9,-10,9,-10,8,-10,8,-10,7,-10,7,-11,6,-11,6,-11,5,-11,5,-12,5,-12,5,-12,6,-13,6,-13,6,-13,6,-13,7,-13,8,-12,8,-12,8,-11,8,-11,9,-10,0,0,0,0,0,0,0,0,0,0,0,0,0,0,0,0,0,0,0,0,0,0,6,-8,7,-8,8,-8,9,-7,9,-7,10,-7,10,-6,11,-6,11,-6,11,-5,11,-5,11,-5,11,-5,10,-5,10,-5,10,-6,10,-6,10,-7,10,-7,10,-8,10,-8,10,-9,10,-9,10,-9,11,-9,10,-10]"
2025-08-18 22:41:29.804203,CSI_DATA,672,1a:00:00:00:00:00,-42,11,0,0,0,0,0,0,0,0,0,-94,0,1,0,115898020,0,31,0,128,0,"[0,0,13,-4,12,-5,12,-4,12,-5,12,-5,11,-5,11,-5,11,-6,10,-6,10,-7,10,-7,9,-8,9,-8,9,-8,9,-9,9,-9,10,-9,10,-9,10,-9,11,-9,11,-8,11,-8,11,-7,12,-6,12,-6,12,-5,0,0,0,0,0,0,0,0,0,0,0,0,0,0,0,0,0,0,0,0,0,0,8,-5,9,-5,9,-4,10,-3,11,-3,11,-2,11,-2,11,-1,12,-1,11,0,11,0,11,0,11,0,11,-1,11,-1,11,-1,11,-2,11,-2,11,-3,12,-3,12,-3,12,-4,12,-4,13,-4,13,-4,13,-4]"
2025-08-18 22:41:29.999229,CSI_DATA,673,1a:00:00:00:00:00,-42,11,0,0,0,0,0,0,0,0,0,-94,0,1,0,116098931,0,31,0,128,0,"[0,0,10,9,11,9,10,8,11,8,10,8,10,7,10,7,10,6,11,5,11,5,11,4,11,4,12,3,11,3,13,3,12,3,13,3,13,3,14,4,13,4,13,5,13,5,12,6,12,6,11,6,11,7,0,0,0,0,0,0,0,0,0,0,0,0,0,0,0,0,0,0,0,0,0,0,8,5,8,5,8,6,8,7,8,8,7,8,7,9,7,10,7,10,6,10,6,10,6,10,6,10,6,9,6,9,7,9,7,9,8,9,8,8,9,9,9,9,9,9,10,9,10,9,10,9,11,9]"
2025-08-18 22:41:30.206130,CSI_DATA,674,1a:00:00:00:00:00,-43,11,0,0,0,0,0,0,0,0,0,-94,0,1,0,116300206,0,31,0,128,0,"[0,0,12,-5,12,-5,12,-5,12,-6,11,-6,11,-6,11,-6,10,-6,9,-7,9,-7,9,-7,9,-8,9,-8,8,-9,8,-9,8,-9,9,-9,9,-10,10,-10,10,-9,10,-9,10,-9,11,-8,11,-7,11,-6,11,-6,0,0,0,0,0,0,0,0,0,0,0,0,0,0,0,0,0,0,0,0,0,0,8,-5,8,-5,9,-5,9,-4,10,-3,10,-3,11,-2,11,-2,11,-2,11,-1,11,-1,11,-1,11,-1,11,-1,11,-2,11,-2,10,-2,11,-3,11,-3,11,-4,11,-4,12,-4,12,-5,12,-5,12,-5,12,-5]"
2025-08-18 22:41:30.323081,CSI_DATA,675,1a:00:00:00:00:00,-43,11,0,0,0,0,0,0,0,0,0,-94,0,1,0,116413733,0,28,0,128,0,"[0,0,2,-15,2,-15,2,-14,2,-14,1,-14,1,-13,1,-13,0,-13,-1,-13,-1,-13,-2,-13,-3,-13,-3,-13,-3,-13,-4,-13,-4,-13,-4,-14,-4,-14,-4,-14,-3,-15,-3,-14,-2,-15,-2,-15,-1,-14,0,-14,0,-14,0,0,0,0,0,0,0,0,0,0,0,0,0,0,0,0,0,0,0,0,0,0,0,-11,1,-11,2,-11,3,-11,3,-12,4,-12,4,-12,5,-12,5,-12,6,-11,6,-11,6,-11,6,-11,5,-11,5,-11,5,-11,4,-11,4,-12,4,-12,3,-13,3,-13,3,-13,3,-14,2,-14,2,-14,2,-14]"
2025-08-18 22:41:30.402212,CSI_DATA,676,1a:00:00:00:00:00,-43,11,0,0,0,0,0,0,0,0,0,-94,0,1,0,116501319,0,31,0,128,0,"[0,0,7,11,7,11,6,11,7,11,7,10,7,10,7,9,7,9,8,8,8,8,8,7,9,7,9,7,9,7,10,7,10,7,10,7,10,7,11,8,10,8,10,9,9,9,9,10,8,10,8,10,7,10,0,0,0,0,0,0,0,0,0,0,0,0,0,0,0,0,0,0,0,0,0,0,6,7,6,7,6,8,5,9,5,10,5,10,4,11,4,11,3,11,3,11,3,11,3,11,3,11,3,11,3,10,4,11,4,10,4,10,5,10,5,11,5,11,6,11,7,11,7,11,7,11,7,11]"
2025-08-18 22:41:30.609423,CSI_DATA,677,1a:00:00:00:00:00,-42,11,0,0,0,0,0,0,0,0,0,-94,0,1,0,116702685,0,31,0,128,0,"[0,0,12,-7,12,-8,11,-8,11,-8,11,-8,11,-8,10,-8,10,-8,9,-8,9,-9,8,-10,8,-10,7,-10,7,-11,7,-11,7,-11,8,-12,8,-11,9,-12,9,-11,9,-11,10,-10,10,-10,10,-10,10,-9,11,-8,0,0,0,0,0,0,0,0,0,0,0,0,0,0,0,0,0,0,0,0,0,0,7,-7,8,-7,9,-6,10,-6,10,-5,10,-5,11,-4,11,-4,11,-4,12,-3,12,-3,11,-3,11,-3,11,-3,11,-4,11,-4,11,-4,11,-5,11,-6,11,-6,12,-6,12,-6,12,-7,12,-8,12,-7,12,-8]"
2025-08-18 22:41:30.804895,CSI_DATA,678,1a:00:00:00:00:00,-43,11,0,0,0,0,0,0,0,0,0,-94,0,1,0,116903753,0,31,0,128,0,"[0,0,7,12,7,12,7,11,7,11,7,10,7,10,8,9,8,9,8,8,9,8,9,8,9,7,9,7,10,7,10,7,11,7,11,7,11,7,11,8,11,8,11,8,10,9,9,10,9,10,8,10,7,11,0,0,0,0,0,0,0,0,0,0,0,0,0,0,0,0,0,0,0,0,0,0,6,7,6,8,6,8,5,9,5,10,5,10,4,11,4,11,4,12,3,12,3,12,3,11,3,11,3,11,3,11,4,11,4,10,5,11,5,11,5,11,6,11,6,11,7,12,7,12,7,12,7,12]"
2025-08-18 22:41:30.871785,CSI_DATA,679,1a:00:00:00:00:00,-43,11,0,0,0,0,0,0,0,0,0,-94,0,1,0,116964532,0,42,0,128,0,"[0,0,-12,9,-11,8,-11,8,-11,9,-10,9,-10,8,-10,9,-9,9,-9,9,-8,9,-7,10,-7,10,-7,10,-7,11,-6,11,-7,11,-7,12,-7,12,-8,12,-8,12,-9,11,-9,11,-9,11,-9,10,-10,10,-10,9,0,0,0,0,0,0,0,0,0,0,0,0,0,0,0,0,0,0,0,0,0,0,-7,7,-8,7,-9,7,-10,6,-10,6,-11,6,-11,5,-12,5,-12,5,-12,4,-12,4,-12,4,-12,4,-11,4,-11,5,-11,5,-11,5,-11,6,-11,6,-11,7,-11,7,-11,7,-11,8,-11,9,-11,9,-11,9]"
2025-08-18 22:41:30.932382,CSI_DATA,680,1a:00:00:00:00:00,-42,11,0,0,0,0,0,0,0,0,0,-94,0,1,0,117031403,0,31,0,128,0,"[0,0,4,13,4,12,4,13,4,12,4,12,4,12,5,11,5,11,5,10,6,10,7,10,7,9,7,9,8,9,8,9,9,9,8,9,9,10,9,11,8,11,8,11,7,11,7,12,6,12,5,11,5,12,0,0,0,0,0,0,0,0,0,0,0,0,0,0,0,0,0,0,0,0,0,0,4,8,4,9,3,10,2,10,2,11,2,12,1,12,1,12,0,12,0,12,0,12,0,11,0,12,0,11,0,11,0,11,1,12,2,11,2,12,2,12,2,12,3,12,4,12,4,13,4,13,4,13]"
2025-08-18 22:41:31.135202,CSI_DATA,681,1a:00:00:00:00:00,-43,11,0,0,0,0,0,0,0,0,0,-94,0,1,0,117232731,0,31,0,128,0,"[0,0,3,13,3,13,3,13,4,13,4,12,4,12,4,12,5,11,5,11,6,10,6,10,7,10,7,10,7,10,8,10,8,9,8,10,8,10,8,11,8,11,7,12,7,12,6,12,6,12,5,12,4,12,0,0,0,0,0,0,0,0,0,0,0,0,0,0,0,0,0,0,0,0,0,0,4,9,4,9,3,10,2,10,2,11,2,11,1,12,0,12,0,12,-1,12,-1,12,-1,12,-1,12,0,12,0,11,0,12,1,11,1,12,1,12,2,12,2,12,2,13,3,13,3,13,3,13,3,13]"
2025-08-18 22:41:31.336058,CSI_DATA,682,1a:00:00:00:00:00,-43,11,0,0,0,0,0,0,0,0,0,-94,0,1,0,117433710,0,31,0,128,0,"[0,0,2,13,2,13,2,13,2,12,2,13,3,12,3,12,4,11,4,11,5,10,5,10,5,10,6,10,6,10,7,10,7,10,7,10,7,11,7,11,7,11,6,12,5,12,5,12,4,12,4,12,3,12,0,0,0,0,0,0,0,0,0,0,0,0,0,0,0,0,0,0,0,0,0,0,3,9,3,10,2,10,1,10,1,11,0,11,0,11,-1,12,-1,12,-2,11,-2,12,-2,11,-2,11,-1,11,-1,11,-1,11,0,11,0,11,0,12,1,12,1,12,1,12,2,12,2,13,2,13,2,13]"
2025-08-18 22:41:31.546521,CSI_DATA,683,1a:00:00:00:00:00,-42,11,0,0,0,0,0,0,0,0,0,-94,0,1,0,117634858,0,31,0,128,0,"[0,0,-7,-12,-7,-12,-7,-12,-7,-11,-7,-11,-7,-11,-8,-10,-8,-10,-8,-9,-9,-9,-9,-8,-10,-8,-10,-8,-10,-8,-11,-7,-11,-8,-11,-8,-11,-8,-11,-9,-11,-9,-11,-9,-10,-10,-10,-10,-9,-10,-9,-10,-8,-11,0,0,0,0,0,0,0,0,0,0,0,0,0,0,0,0,0,0,0,0,0,0,-7,-8,-6,-9,-6,-9,-5,-10,-5,-10,-5,-11,-4,-12,-4,-12,-3,-12,-3,-12,-3,-12,-3,-12,-3,-12,-3,-12,-4,-12,-4,-11,-4,-12,-5,-11,-5,-12,-5,-12,-6,-12,-6,-12,-7,-11,-7,-12,-7,-12,-7,-12]"
2025-08-18 22:41:31.748366,CSI_DATA,684,1a:00:00:00:00:00,-43,11,0,0,0,0,0,0,0,0,0,-94,0,1,0,117836167,0,31,0,128,0,"[0,0,-12,-9,-12,-9,-12,-9,-12,-8,-12,-8,-12,-7,-12,-7,-12,-6,-12,-6,-12,-5,-12,-5,-12,-4,-13,-4,-13,-4,-13,-3,-14,-3,-14,-3,-14,-3,-15,-4,-14,-4,-14,-5,-14,-5,-13,-6,-13,-6,-13,-7,-12,-8,0,0,0,0,0,0,0,0,0,0,0,0,0,0,0,0,0,0,0,0,0,0,-10,-5,-10,-6,-9,-7,-9,-8,-9,-8,-9,-9,-9,-10,-9,-10,-8,-10,-8,-10,-8,-10,-7,-10,-8,-10,-8,-10,-8,-10,-8,-9,-9,-9,-9,-9,-10,-9,-10,-9,-11,-9,-11,-9,-11,-9,-12,-9,-12,-9,-12,-9]"
2025-08-18 22:41:31.959108,CSI_DATA,685,1a:00:00:00:00:00,-42,11,0,0,0,0,0,0,0,0,0,-94,0,1,0,118037347,0,31,0,128,0,"[0,0,-14,6,-13,5,-13,6,-12,5,-12,6,-12,6,-11,6,-11,6,-10,7,-10,7,-9,8,-9,8,-9,9,-9,9,-8,9,-9,10,-9,10,-9,10,-10,10,-10,10,-11,9,-11,9,-11,8,-11,8,-11,7,-12,6,0,0,0,0,0,0,0,0,0,0,0,0,0,0,0,0,0,0,0,0,0,0,-9,5,-10,5,-10,4,-11,3,-11,3,-12,3,-12,2,-12,2,-13,1,-12,1,-12,1,-12,1,-12,1,-12,1,-12,1,-12,2,-12,2,-12,3,-12,3,-12,4,-12,4,-13,4,-13,5,-13,5,-13,5,-13,6]"
2025-08-18 22:41:32.148877,CSI_DATA,686,1a:00:00:00:00:00,-42,11,0,0,0,0,0,0,0,0,0,-94,0,1,0,118238495,0,31,0,128,0,"[0,0,-1,-14,-2,-14,-2,-14,-2,-14,-2,-14,-3,-13,-3,-13,-3,-13,-4,-12,-4,-12,-5,-12,-5,-11,-6,-12,-7,-11,-7,-11,-7,-12,-7,-12,-7,-12,-7,-12,-7,-13,-7,-13,-6,-13,-5,-13,-4,-14,-4,-13,-3,-13,0,0,0,0,0,0,0,0,0,0,0,0,0,0,0,0,0,0,0,0,0,0,-2,-10,-2,-11,-1,-11,0,-11,0,-12,1,-12,2,-12,2,-12,2,-13,3,-12,3,-12,3,-12,3,-12,2,-12,2,-12,2,-12,1,-12,1,-12,1,-13,0,-13,0,-13,-1,-14,-1,-14,-1,-14,-1,-14,-1,-14]"
2025-08-18 22:41:32.344028,CSI_DATA,687,1a:00:00:00:00:00,-42,11,0,0,0,0,0,0,0,0,0,-94,0,1,0,118439717,0,31,0,128,0,"[0,0,14,1,13,0,13,0,13,0,13,0,12,0,12,-1,12,-1,12,-2,12,-3,11,-3,11,-4,11,-4,11,-4,11,-5,12,-5,12,-5,12,-5,13,-5,13,-5,13,-4,13,-3,13,-3,13,-2,13,-1,13,-1,0,0,0,0,0,0,0,0,0,0,0,0,0,0,0,0,0,0,0,0,0,0,9,-2,10,-1,10,0,10,1,11,1,11,2,11,3,11,3,11,4,11,4,11,4,11,4,11,4,11,4,10,3,10,3,11,2,11,2,11,2,12,2,12,2,13,1,13,1,13,1,13,1,13,0]"
2025-08-18 22:41:32.405726,CSI_DATA,688,1a:00:00:00:00:00,-43,11,0,0,0,0,0,0,0,0,0,-94,0,1,0,118500416,0,42,0,128,0,"[0,0,11,-8,10,-8,10,-8,10,-8,9,-8,9,-9,9,-9,8,-9,8,-9,7,-10,6,-10,6,-10,6,-11,6,-11,6,-11,6,-11,6,-11,6,-12,7,-12,7,-11,8,-11,8,-11,8,-10,8,-10,9,-9,9,-9,0,0,0,0,0,0,0,0,0,0,0,0,0,0,0,0,0,0,0,0,0,0,6,-8,7,-7,8,-7,8,-7,9,-7,9,-6,10,-6,10,-5,10,-5,10,-5,10,-5,10,-5,10,-5,10,-5,10,-5,10,-5,10,-5,9,-6,10,-6,10,-7,10,-7,10,-7,10,-8,10,-9,10,-8,10,-9]"
2025-08-18 22:41:32.477658,CSI_DATA,689,1a:00:00:00:00:00,-42,11,0,0,0,0,0,0,0,0,0,-94,0,1,0,118570123,0,31,0,128,0,"[0,0,-15,3,-14,3,-14,3,-14,4,-13,4,-13,4,-12,4,-12,4,-12,5,-11,6,-11,6,-11,6,-10,7,-10,7,-10,8,-10,8,-11,8,-11,8,-12,8,-12,8,-12,8,-12,7,-13,7,-13,6,-13,5,-13,4,0,0,0,0,0,0,0,0,0,0,0,0,0,0,0,0,0,0,0,0,0,0,-10,3,-11,3,-11,2,-12,2,-12,1,-12,0,-13,0,-13,0,-13,-1,-13,-2,-13,-1,-13,-2,-13,-2,-12,-1,-12,-1,-12,0,-13,0,-13,1,-13,1,-13,2,-13,2,-13,2,-14,3,-14,3,-14,3,-14,3]"
2025-08-18 22:41:32.676257,CSI_DATA,690,1a:00:00:00:00:00,-43,11,0,0,0,0,0,0,0,0,0,-94,0,1,0,118771163,0,31,0,128,0,"[0,0,-6,13,-5,12,-5,13,-5,13,-4,12,-4,12,-4,12,-3,12,-2,12,-2,12,-1,12,-1,12,0,12,0,12,1,12,1,12,1,13,1,13,1,14,0,14,0,14,-1,14,-2,14,-2,13,-3,13,-4,12,0,0,0,0,0,0,0,0,0,0,0,0,0,0,0,0,0,0,0,0,0,0,-3,9,-3,10,-4,10,-5,10,-6,10,-6,10,-7,10,-7,10,-8,10,-8,9,-8,9,-8,9,-8,9,-8,9,-7,9,-7,9,-7,10,-6,10,-6,11,-6,11,-6,11,-6,12,-6,13,-6,13,-5,13,-5,13]"
2025-08-18 22:41:32.877584,CSI_DATA,691,1a:00:00:00:00:00,-42,11,0,0,0,0,0,0,0,0,0,-94,0,1,0,118973544,0,31,0,128,0,"[0,0,-1,14,0,13,-1,14,0,13,0,13,0,13,1,12,2,12,2,12,3,11,3,11,4,11,4,11,5,11,5,11,5,12,5,12,5,12,5,13,5,13,4,13,4,13,3,13,2,13,2,13,1,13,0,0,0,0,0,0,0,0,0,0,0,0,0,0,0,0,0,0,0,0,0,0,1,10,1,10,0,10,-1,11,-1,11,-2,12,-3,12,-3,12,-3,12,-4,11,-4,11,-4,11,-4,11,-4,11,-4,11,-3,11,-3,11,-2,11,-2,12,-2,12,-1,13,-1,13,-1,13,-1,14,-1,14,0,14]"
2025-08-18 22:41:33.080810,CSI_DATA,692,1a:00:00:00:00:00,-42,11,0,0,0,0,0,0,0,0,0,-94,0,1,0,119173627,0,31,0,128,0,"[0,0,-6,13,-6,13,-5,13,-5,13,-5,13,-5,13,-4,12,-4,12,-3,12,-2,12,-2,12,-1,12,-1,12,-1,13,0,13,0,13,0,14,0,14,-1,14,-1,14,-2,14,-2,14,-3,14,-4,14,-4,13,-5,12,0,0,0,0,0,0,0,0,0,0,0,0,0,0,0,0,0,0,0,0,0,0,-2,10,-3,10,-4,10,-5,10,-6,11,-6,11,-7,11,-8,10,-8,10,-8,10,-8,10,-8,9,-8,9,-8,10,-7,9,-7,10,-7,10,-6,10,-7,11,-6,12,-6,12,-6,12,-6,13,-6,13,-6,13,-5,13]"
2025-08-18 22:41:33.286579,CSI_DATA,693,1a:00:00:00:00:00,-42,11,0,0,0,0,0,0,0,0,0,-94,0,1,0,119374865,0,31,0,128,0,"[0,0,-14,-6,-13,-6,-13,-6,-13,-5,-13,-5,-13,-4,-13,-4,-13,-3,-13,-2,-13,-2,-13,-2,-13,-1,-13,-1,-13,0,-13,0,-14,0,-14,0,-15,0,-15,0,-15,0,-15,-1,-15,-2,-14,-2,-14,-3,-14,-4,-14,-4,0,0,0,0,0,0,0,0,0,0,0,0,0,0,0,0,0,0,0,0,0,0,-10,-3,-11,-4,-11,-5,-11,-5,-11,-6,-11,-7,-11,-8,-11,-8,-10,-8,-10,-9,-10,-9,-9,-9,-10,-9,-10,-8,-10,-8,-10,-8,-11,-7,-11,-7,-11,-7,-12,-6,-12,-6,-12,-6,-13,-6,-13,-6,-13,-6,-13,-6]"
2025-08-18 22:41:33.482825,CSI_DATA,694,1a:00:00:00:00:00,-42,11,0,0,0,0,0,0,0,0,0,-94,0,1,0,119575972,0,31,0,128,0,"[0,0,-12,8,-12,8,-11,8,-11,8,-10,8,-10,8,-10,8,-9,8,-9,8,-8,9,-7,9,-7,10,-7,10,-7,10,-7,11,-7,11,-7,11,-7,11,-8,11,-8,11,-8,11,-9,10,-9,10,-9,10,-10,9,-10,8,0,0,0,0,0,0,0,0,0,0,0,0,0,0,0,0,0,0,0,0,0,0,-7,7,-8,7,-9,6,-9,6,-10,6,-10,5,-11,5,-11,5,-12,4,-12,4,-12,4,-11,4,-11,4,-11,4,-11,4,-11,4,-11,5,-11,5,-11,6,-11,6,-11,7,-11,7,-11,8,-11,8,-11,8,-11,8]"
2025-08-18 22:41:33.699911,CSI_DATA,695,1a:00:00:00:00:00,-42,11,0,0,0,0,0,0,0,0,0,-94,0,1,0,119777131,0,31,0,128,0,"[0,0,4,-14,4,-15,3,-14,3,-14,3,-14,2,-14,2,-14,1,-13,1,-13,0,-13,-1,-13,-1,-13,-2,-13,-2,-13,-3,-14,-3,-14,-3,-15,-2,-15,-2,-15,-2,-15,-2,-15,-1,-15,0,-15,0,-15,1,-14,2,-14,0,0,0,0,0,0,0,0,0,0,0,0,0,0,0,0,0,0,0,0,0,0,1,-11,2,-11,3,-11,4,-11,4,-11,5,-12,6,-11,6,-11,7,-11,7,-11,7,-11,7,-10,7,-11,7,-11,6,-11,6,-11,6,-11,5,-12,5,-12,5,-13,4,-13,5,-14,4,-14,4,-14,4,-14,4,-14]"
2025-08-18 22:41:33.886773,CSI_DATA,696,1a:00:00:00:00:00,-42,11,0,0,0,0,0,0,0,0,0,-94,0,1,0,119978292,0,31,0,128,0,"[0,0,7,-13,6,-13,7,-13,6,-13,6,-13,5,-13,5,-13,4,-13,3,-13,3,-13,2,-13,2,-13,1,-13,1,-14,0,-14,0,-14,1,-15,1,-15,1,-15,2,-15,2,-15,3,-15,3,-14,4,-14,5,-14,5,-13,0,0,0,0,0,0,0,0,0,0,0,0,0,0,0,0,0,0,0,0,0,0,3,-10,4,-10,5,-10,6,-10,6,-10,7,-10,8,-10,8,-10,9,-9,9,-9,9,-9,9,-9,9,-9,9,-9,9,-9,8,-9,8,-10,7,-10,8,-11,7,-11,7,-12,7,-12,7,-12,7,-13,7,-13,7,-13]"
2025-08-18 22:41:33.941170,CSI_DATA,697,1a:00:00:00:00:00,-42,11,0,0,0,0,0,0,0,0,0,-94,0,1,0,120039083,0,42,0,128,0,"[0,0,13,5,13,4,13,4,13,4,12,3,12,3,12,3,12,2,12,1,12,0,12,0,12,-1,12,-1,12,-1,13,-2,13,-2,13,-2,13,-2,14,-1,14,-1,14,0,14,0,14,1,13,1,13,2,13,3,0,0,0,0,0,0,0,0,0,0,0,0,0,0,0,0,0,0,0,0,0,0,9,1,10,2,10,3,10,4,10,5,10,5,10,6,10,7,10,7,9,7,9,7,9,7,9,7,9,7,9,6,9,6,10,6,10,5,11,5,11,5,11,5,12,5,12,4,13,4,13,5,13,4]"
2025-08-18 22:41:34.027939,CSI_DATA,698,1a:00:00:00:00:00,-42,11,0,0,0,0,0,0,0,0,0,-94,0,1,0,120104413,0,31,0,128,0,"[0,0,11,-9,11,-9,11,-9,10,-9,10,-10,9,-9,9,-10,8,-10,8,-10,7,-10,7,-11,6,-11,6,-12,6,-12,6,-12,6,-13,6,-13,6,-13,7,-13,7,-13,8,-13,8,-12,8,-12,9,-11,9,-11,10,-10,0,0,0,0,0,0,0,0,0,0,0,0,0,0,0,0,0,0,0,0,0,0,7,-8,8,-8,8,-7,9,-7,10,-7,10,-7,11,-6,11,-6,11,-5,11,-5,11,-5,11,-5,11,-5,11,-5,11,-5,10,-5,11,-6,10,-7,11,-7,11,-7,11,-8,11,-8,11,-9,11,-9,11,-9,11,-10]"
2025-08-18 22:41:34.217914,CSI_DATA,699,1a:00:00:00:00:00,-43,11,0,0,0,0,0,0,0,0,0,-94,0,1,0,120306094,0,31,0,128,0,"[0,0,-15,0,-16,0,-14,0,-16,1,-14,1,-14,1,-14,1,-14,1,-13,2,-13,3,-13,4,-12,4,-12,5,-12,5,-13,6,-13,6,-14,6,-14,5,-14,5,-14,5,-15,4,-15,4,-15,3,-15,3,-14,2,-14,1,0,0,0,0,0,0,0,0,0,0,0,0,0,0,0,0,0,0,0,0,0,0,-11,2,-11,1,-12,1,-12,0,-13,-1,-13,-1,-14,-2,-13,-3,-13,-3,-13,-4,-13,-4,-13,-4,-13,-4,-13,-3,-12,-3,-13,-3,-13,-2,-14,-2,-14,-1,-14,-1,-14,-1,-15,-1,-15,0,-15,0,-15,0,-15,0]"
2025-08-18 22:41:34.407152,CSI_DATA,700,1a:00:00:00:00:00,-42,11,0,0,0,0,0,0,0,0,0,-94,0,1,0,120506733,0,31,0,128,0,"[0,0,7,12,7,12,6,11,7,11,7,10,7,11,7,10,8,9,8,9,9,8,9,8,9,7,9,7,10,7,11,7,10,7,11,7,11,7,11,8,11,8,10,9,10,9,9,10,9,10,8,9,7,10,0,0,0,0,0,0,0,0,0,0,0,0,0,0,0,0,0,0,0,0,0,0,6,7,6,8,6,9,5,9,5,10,5,11,4,11,4,11,3,12,3,12,3,12,3,11,3,12,3,11,3,11,3,11,4,11,5,11,5,11,5,11,5,11,6,11,7,12,7,12,7,12,7,11]"
2025-08-18 22:41:34.615154,CSI_DATA,701,1a:00:00:00:00:00,-42,11,0,0,0,0,0,0,0,0,0,-94,0,1,0,120707939,0,31,0,128,0,"[0,0,-15,3,-14,3,-14,3,-13,3,-13,3,-13,3,-13,4,-12,4,-12,4,-11,5,-11,6,-11,6,-11,6,-11,7,-10,7,-11,8,-11,8,-11,8,-12,8,-12,7,-12,7,-12,6,-12,6,-12,5,-12,5,-13,4,0,0,0,0,0,0,0,0,0,0,0,0,0,0,0,0,0,0,0,0,0,0,-10,3,-11,3,-11,2,-12,2,-12,1,-13,1,-13,0,-13,0,-13,-1,-13,-1,-13,-1,-12,-1,-12,-1,-13,-1,-13,-1,-12,0,-13,0,-12,1,-13,1,-13,1,-13,2,-14,2,-14,3,-14,3,-14,3,-14,3]"
2025-08-18 22:41:34.820760,CSI_DATA,702,1a:00:00:00:00:00,-42,11,0,0,0,0,0,0,0,0,0,-94,0,1,0,120909245,0,31,0,128,0,"[0,0,-14,-7,-13,-6,-13,-7,-13,-6,-13,-6,-13,-5,-13,-5,-12,-5,-12,-4,-12,-3,-12,-2,-13,-2,-13,-2,-13,-1,-13,-1,-14,-1,-14,-1,-14,-1,-15,-2,-14,-2,-14,-3,-14,-4,-14,-3,-13,-4,-13,-5,-13,-5,0,0,0,0,0,0,0,0,0,0,0,0,0,0,0,0,0,0,0,0,0,0,-10,-3,-11,-4,-10,-5,-11,-6,-11,-6,-11,-7,-10,-8,-10,-8,-10,-9,-10,-9,-10,-9,-10,-9,-9,-9,-10,-8,-10,-8,-10,-8,-10,-8,-10,-7,-11,-7,-11,-7,-12,-7,-12,-7,-13,-6,-13,-6,-13,-6,-13,-6]"
2025-08-18 22:41:35.017469,CSI_DATA,703,1a:00:00:00:00:00,-42,11,0,0,0,0,0,0,0,0,0,-94,0,1,0,121110231,0,31,0,128,0,"[0,0,-14,5,-14,4,-14,4,-13,4,-13,5,-12,5,-12,5,-12,5,-11,5,-11,6,-10,6,-10,7,-10,7,-10,8,-10,8,-10,8,-10,8,-11,9,-11,8,-11,8,-12,8,-12,7,-12,6,-12,6,-12,5,-13,5,0,0,0,0,0,0,0,0,0,0,0,0,0,0,0,0,0,0,0,0,0,0,-9,5,-10,4,-11,4,-11,3,-12,3,-12,2,-13,2,-13,1,-13,1,-13,0,-13,0,-12,0,-12,0,-12,1,-12,1,-12,1,-12,1,-12,2,-13,2,-13,3,-13,3,-13,3,-13,4,-14,4,-14,4,-14,4]"
2025-08-18 22:41:35.211440,CSI_DATA,704,1a:00:00:00:00:00,-42,11,0,0,0,0,0,0,0,0,0,-94,0,1,0,121311596,0,31,0,128,0,"[0,0,9,10,9,10,9,9,9,9,9,9,9,8,9,8,10,7,9,7,10,6,10,6,10,5,11,5,11,5,11,5,12,4,12,5,12,5,12,5,12,6,12,6,11,7,11,7,10,8,10,8,9,8,0,0,0,0,0,0,0,0,0,0,0,0,0,0,0,0,0,0,0,0,0,0,7,6,7,6,7,7,7,8,7,9,7,9,6,10,6,10,5,10,5,10,5,11,5,10,5,10,5,10,5,10,5,10,6,9,6,9,7,9,8,10,8,9,8,9,9,9,9,10,9,10,9,10]"
2025-08-18 22:41:35.413209,CSI_DATA,705,1a:00:00:00:00:00,-42,11,0,0,0,0,0,0,0,0,0,-94,0,1,0,121512663,0,31,0,128,0,"[0,0,9,11,9,11,8,10,9,10,9,10,8,10,8,9,9,9,9,8,10,8,10,7,10,6,10,6,11,6,11,6,11,6,12,7,12,7,12,7,11,8,11,8,10,9,10,9,9,9,9,9,8,10,0,0,0,0,0,0,0,0,0,0,0,0,0,0,0,0,0,0,0,0,0,0,8,6,8,7,7,8,7,8,7,9,6,10,6,10,5,11,5,11,5,11,5,11,5,11,5,11,5,10,5,10,5,10,6,10,6,10,6,10,7,10,7,11,7,10,9,11,9,11,9,11,9,11]"
2025-08-18 22:41:35.483264,CSI_DATA,706,1a:00:00:00:00:00,-42,11,0,0,0,0,0,0,0,0,0,-94,0,1,0,121573489,0,42,0,128,0,"[0,0,0,-15,0,-15,0,-14,0,-14,0,-14,-1,-13,-1,-13,-2,-13,-2,-13,-3,-13,-3,-12,-4,-12,-4,-13,-5,-12,-5,-13,-5,-13,-5,-13,-5,-13,-6,-13,-5,-14,-5,-14,-4,-14,-3,-14,-2,-14,-2,-13,-1,-13,0,0,0,0,0,0,0,0,0,0,0,0,0,0,0,0,0,0,0,0,0,0,-1,-11,0,-11,1,-11,1,-12,2,-12,2,-12,3,-12,3,-12,4,-12,4,-12,4,-11,5,-11,4,-11,4,-11,4,-12,3,-12,3,-12,2,-12,2,-13,2,-13,1,-13,1,-14,0,-14,1,-14,1,-14,1,-14]"
2025-08-18 22:41:35.564907,CSI_DATA,707,1a:00:00:00:00:00,-42,11,0,0,0,0,0,0,0,0,0,-94,0,1,0,121649482,0,31,0,128,0,"[0,0,-12,-9,-12,-9,-12,-9,-12,-9,-12,-8,-12,-8,-12,-8,-12,-7,-12,-6,-12,-5,-12,-5,-12,-5,-13,-4,-13,-4,-13,-3,-14,-3,-14,-4,-14,-4,-15,-4,-14,-4,-14,-5,-14,-6,-13,-6,-13,-7,-12,-7,-12,-8,0,0,0,0,0,0,0,0,0,0,0,0,0,0,0,0,0,0,0,0,0,0,-9,-6,-10,-7,-9,-7,-9,-8,-9,-9,-9,-10,-9,-10,-8,-10,-8,-11,-7,-11,-7,-11,-7,-11,-7,-11,-7,-11,-8,-11,-8,-10,-9,-10,-9,-9,-10,-10,-10,-9,-10,-9,-11,-9,-11,-9,-12,-10,-12,-10,-12,-10]"
2025-08-18 22:41:35.762561,CSI_DATA,708,1a:00:00:00:00:00,-42,11,0,0,0,0,0,0,0,0,0,-94,0,1,0,121850858,0,31,0,128,0,"[0,0,-14,-4,-15,-4,-14,-4,-14,-4,-13,-3,-13,-3,-13,-3,-13,-2,-13,-2,-13,-1,-13,0,-13,0,-13,1,-13,1,-14,1,-13,1,-14,1,-14,1,-14,1,-14,1,-14,0,-14,-1,-14,-1,-14,-1,-14,-2,-13,-3,0,0,0,0,0,0,0,0,0,0,0,0,0,0,0,0,0,0,0,0,0,0,-11,-2,-11,-2,-11,-4,-11,-4,-12,-5,-11,-5,-11,-6,-11,-6,-11,-7,-11,-7,-11,-7,-11,-7,-11,-7,-11,-7,-10,-6,-11,-6,-11,-6,-12,-5,-12,-5,-12,-5,-13,-5,-13,-5,-14,-4,-14,-4,-14,-4,-14,-4]"
2025-08-18 22:41:35.955749,CSI_DATA,709,1a:00:00:00:00:00,-42,11,0,0,0,0,0,0,0,0,0,-94,0,1,0,122048871,0,31,0,128,0,"[0,0,-10,11,-9,11,-9,11,-8,10,-9,11,-8,11,-7,11,-7,11,-6,11,-6,11,-5,11,-4,11,-4,12,-4,12,-4,12,-4,12,-4,13,-4,13,-5,13,-5,13,-6,13,-6,12,-6,12,-7,12,-7,11,-8,11,0,0,0,0,0,0,0,0,0,0,0,0,0,0,0,0,0,0,0,0,0,0,-5,9,-6,9,-7,9,-8,8,-8,8,-9,8,-10,8,-10,8,-11,7,-11,7,-11,7,-11,7,-11,7,-10,7,-10,7,-10,7,-10,8,-9,8,-9,9,-9,9,-10,9,-9,10,-9,10,-9,11,-9,11,-9,11]"
2025-08-18 22:41:36.162335,CSI_DATA,710,1a:00:00:00:00:00,-42,11,0,0,0,0,0,0,0,0,0,-94,0,1,0,122250422,0,31,0,128,0,"[0,0,-4,-14,-4,-14,-4,-14,-4,-13,-5,-13,-4,-13,-5,-13,-5,-12,-6,-12,-6,-11,-7,-11,-7,-11,-7,-11,-8,-10,-8,-11,-9,-11,-8,-11,-9,-11,-9,-12,-8,-12,-8,-12,-7,-13,-7,-13,-6,-13,-5,-13,-4,-13,0,0,0,0,0,0,0,0,0,0,0,0,0,0,0,0,0,0,0,0,0,0,-5,-9,-5,-10,-4,-11,-3,-11,-3,-12,-2,-12,-2,-13,-1,-13,-1,-13,0,-13,-1,-13,-1,-13,-1,-13,-1,-12,-1,-12,-1,-12,-2,-12,-2,-12,-3,-13,-3,-13,-3,-13,-3,-13,-4,-13,-4,-14,-4,-14,-4,-14]"
2025-08-18 22:41:36.357342,CSI_DATA,711,1a:00:00:00:00:00,-42,11,0,0,0,0,0,0,0,0,0,-94,0,1,0,122451443,0,31,0,128,0,"[0,0,-10,11,-9,11,-9,11,-8,11,-8,12,-8,11,-7,10,-6,11,-5,11,-5,11,-5,11,-4,12,-5,12,-4,12,-3,12,-3,13,-4,13,-4,13,-4,14,-5,14,-5,13,-5,12,-5,12,-7,12,-7,12,-8,11,0,0,0,0,0,0,0,0,0,0,0,0,0,0,0,0,0,0,0,0,0,0,-5,9,-6,9,-7,9,-8,9,-8,9,-9,9,-10,8,-10,8,-10,8,-11,7,-11,7,-11,7,-11,7,-10,7,-10,7,-10,7,-10,8,-9,9,-9,9,-9,9,-9,9,-9,10,-9,11,-10,12,-9,12,-9,11]"
2025-08-18 22:41:36.563556,CSI_DATA,712,1a:00:00:00:00:00,-42,11,0,0,0,0,0,0,0,0,0,-94,0,1,0,122652482,0,31,0,128,0,"[0,0,-2,-15,-2,-15,-2,-14,-2,-14,-2,-14,-2,-13,-3,-13,-4,-13,-4,-12,-5,-12,-5,-12,-6,-12,-6,-12,-6,-12,-7,-12,-7,-12,-7,-13,-7,-12,-7,-13,-7,-13,-6,-13,-5,-13,-5,-13,-4,-14,-4,-13,-3,-13,0,0,0,0,0,0,0,0,0,0,0,0,0,0,0,0,0,0,0,0,0,0,-3,-11,-2,-11,-1,-12,-1,-12,0,-12,0,-12,1,-13,1,-13,2,-13,2,-13,2,-12,2,-12,2,-12,2,-12,2,-12,1,-12,1,-12,0,-13,0,-13,0,-13,-1,-13,-1,-14,-2,-14,-2,-15,-2,-15,-2,-14]"
2025-08-18 22:41:36.772509,CSI_DATA,713,1a:00:00:00:00:00,-42,11,0,0,0,0,0,0,0,0,0,-94,0,1,0,122853626,0,31,0,128,0,"[0,0,-15,0,-14,-1,-15,0,-14,0,-14,0,-13,0,-14,0,-13,1,-13,2,-12,2,-12,3,-12,3,-12,4,-12,4,-12,5,-13,5,-13,5,-14,5,-13,5,-14,4,-14,4,-14,3,-14,2,-14,2,-13,1,-14,1,0,0,0,0,0,0,0,0,0,0,0,0,0,0,0,0,0,0,0,0,0,0,-10,1,-11,0,-11,0,-12,-1,-12,-2,-13,-2,-12,-3,-13,-4,-13,-4,-12,-4,-12,-4,-12,-5,-12,-4,-12,-4,-12,-4,-12,-3,-12,-3,-12,-2,-13,-2,-13,-2,-13,-2,-14,-1,-14,-1,-14,-1,-15,-1,-15,0]"
2025-08-18 22:41:36.967480,CSI_DATA,714,1a:00:00:00:00:00,-42,11,0,0,0,0,0,0,0,0,0,-94,0,1,0,123054762,0,31,0,128,0,"[0,0,-7,-13,-7,-13,-7,-13,-7,-12,-7,-12,-7,-12,-7,-11,-8,-11,-8,-10,-9,-10,-9,-9,-9,-9,-10,-9,-10,-8,-11,-8,-11,-8,-11,-9,-12,-9,-12,-9,-11,-10,-11,-10,-10,-10,-10,-10,-9,-11,-9,-11,-8,-11,0,0,0,0,0,0,0,0,0,0,0,0,0,0,0,0,0,0,0,0,0,0,-6,-9,-6,-10,-5,-10,-5,-11,-4,-11,-4,-12,-3,-12,-3,-13,-2,-13,-2,-13,-2,-13,-2,-12,-2,-12,-2,-12,-3,-12,-3,-12,-4,-12,-4,-12,-4,-12,-5,-12,-5,-12,-6,-13,-6,-12,-7,-13,-7,-13,-7,-13]"
2025-08-18 22:41:37.020962,CSI_DATA,715,1a:00:00:00:00:00,-42,11,0,0,0,0,0,0,0,0,0,-94,0,1,0,123115602,0,42,0,128,0,"[0,0,14,-1,14,-2,13,-1,13,-2,13,-2,12,-2,12,-3,12,-3,12,-4,11,-4,11,-5,11,-5,11,-6,11,-6,11,-7,11,-7,11,-7,11,-7,12,-7,12,-6,12,-6,13,-5,12,-4,12,-4,13,-3,13,-2,0,0,0,0,0,0,0,0,0,0,0,0,0,0,0,0,0,0,0,0,0,0,9,-3,10,-2,10,-1,11,-1,11,0,11,1,12,1,12,1,12,2,12,2,11,3,11,3,11,2,11,2,11,2,11,2,11,1,12,0,11,0,12,0,12,0,13,-1,13,-1,13,-1,14,-1,14,-2]"
2025-08-18 22:41:37.100470,CSI_DATA,716,1a:00:00:00:00:00,-42,11,0,0,0,0,0,0,0,0,0,-94,0,1,0,123176259,0,31,0,128,0,"[0,0,1,-15,0,-15,0,-15,0,-15,0,-14,-1,-14,-1,-14,-1,-13,-2,-13,-3,-13,-3,-13,-4,-13,-4,-13,-4,-13,-5,-13,-5,-13,-5,-14,-5,-14,-5,-14,-4,-14,-4,-14,-3,-14,-3,-15,-2,-14,-1,-14,-1,-14,0,0,0,0,0,0,0,0,0,0,0,0,0,0,0,0,0,0,0,0,0,0,-1,-11,-1,-11,0,-12,1,-12,2,-12,2,-12,3,-12,3,-12,4,-12,4,-12,4,-12,4,-12,4,-12,4,-12,4,-12,3,-12,2,-12,2,-13,2,-13,2,-13,1,-13,1,-14,1,-14,1,-15,1,-15,0,-15]"
2025-08-18 22:41:37.285751,CSI_DATA,717,1a:00:00:00:00:00,-42,11,0,0,0,0,0,0,0,0,0,-94,0,1,0,123377805,0,31,0,128,0,"[0,0,-15,4,-14,3,-14,4,-13,4,-13,4,-13,4,-12,4,-12,5,-12,5,-11,6,-11,6,-10,7,-11,8,-11,8,-10,8,-11,8,-11,8,-12,8,-12,8,-12,8,-12,7,-13,7,-12,7,-12,6,-13,5,-13,4,0,0,0,0,0,0,0,0,0,0,0,0,0,0,0,0,0,0,0,0,0,0,-9,4,-10,4,-11,3,-12,3,-12,2,-13,2,-13,1,-13,1,-13,0,-13,0,-13,0,-13,0,-13,0,-13,0,-13,0,-12,0,-13,1,-12,2,-13,2,-13,2,-13,3,-14,3,-13,4,-14,4,-14,4,-14,4]"
2025-08-18 22:41:37.486156,CSI_DATA,718,1a:00:00:00:00:00,-42,11,0,0,0,0,0,0,0,0,0,-94,0,1,0,123579181,0,31,0,128,0,"[0,0,12,-7,12,-7,12,-7,11,-7,11,-7,11,-7,10,-7,10,-8,9,-8,9,-9,8,-9,8,-9,8,-9,8,-10,8,-10,8,-10,8,-11,8,-11,9,-11,9,-10,9,-10,9,-10,10,-9,10,-9,10,-8,10,-7,0,0,0,0,0,0,0,0,0,0,0,0,0,0,0,0,0,0,0,0,0,0,8,-7,8,-6,9,-6,10,-5,10,-5,11,-5,12,-4,12,-3,12,-3,12,-3,12,-3,11,-3,11,-3,11,-3,11,-3,11,-3,11,-4,11,-4,11,-5,11,-5,11,-5,12,-6,11,-7,12,-7,12,-7,12,-7]"
2025-08-18 22:41:37.687610,CSI_DATA,719,1a:00:00:00:00:00,-42,11,0,0,0,0,0,0,0,0,0,-94,0,1,0,123780073,0,31,0,128,0,"[0,0,-15,3,-14,3,-14,3,-13,4,-13,4,-13,4,-12,4,-12,5,-11,5,-11,6,-11,6,-10,7,-10,7,-10,7,-10,8,-10,8,-11,8,-11,8,-12,8,-11,8,-12,7,-12,7,-12,6,-12,6,-12,5,-13,4,0,0,0,0,0,0,0,0,0,0,0,0,0,0,0,0,0,0,0,0,0,0,-10,4,-10,4,-11,3,-12,2,-12,2,-13,1,-13,1,-13,0,-13,0,-13,0,-13,-1,-13,-1,-13,-1,-12,0,-12,0,-12,0,-13,1,-13,1,-13,2,-13,2,-13,2,-14,3,-14,3,-14,3,-14,4,-14,4]"
2025-08-18 22:41:37.881571,CSI_DATA,720,1a:00:00:00:00:00,-42,11,0,0,0,0,0,0,0,0,0,-94,0,1,0,123981214,0,31,0,128,0,"[0,0,6,13,6,12,6,12,6,12,6,11,6,11,6,10,7,10,7,9,8,9,8,8,8,8,9,8,9,7,10,7,10,7,10,8,10,8,10,9,10,9,9,9,9,10,9,10,8,10,7,10,7,11,0,0,0,0,0,0,0,0,0,0,0,0,0,0,0,0,0,0,0,0,0,0,6,8,6,8,5,9,4,10,4,10,4,11,3,11,3,12,2,12,2,12,2,12,2,11,2,12,2,12,2,11,2,11,3,11,3,11,4,11,4,11,5,12,5,12,6,12,6,12,6,12,6,12]"
2025-08-18 22:41:38.093190,CSI_DATA,721,1a:00:00:00:00:00,-42,11,0,0,0,0,0,0,0,0,0,-94,0,1,0,124182504,0,31,0,128,0,"[0,0,-14,-3,-14,-3,-14,-3,-14,-2,-14,-2,-14,-2,-13,-2,-13,-1,-13,0,-13,0,-13,1,-12,1,-12,2,-12,2,-13,2,-13,3,-13,3,-14,3,-14,3,-14,2,-14,2,-14,1,-14,0,-14,0,-13,-1,-13,-1,0,0,0,0,0,0,0,0,0,0,0,0,0,0,0,0,0,0,0,0,0,0,-11,-1,-11,-2,-11,-2,-12,-3,-12,-4,-12,-4,-12,-5,-12,-6,-12,-6,-11,-6,-12,-6,-11,-6,-11,-6,-11,-6,-11,-6,-11,-5,-12,-5,-12,-4,-12,-4,-13,-4,-13,-4,-13,-4,-14,-3,-14,-3,-14,-3,-14,-3]"
2025-08-18 22:41:38.302704,CSI_DATA,722,1a:00:00:00:00:00,-42,11,0,0,0,0,0,0,0,0,0,-94,0,1,0,124383693,0,31,0,128,0,"[0,0,-14,5,-13,5,-13,5,-13,5,-13,5,-12,5,-12,5,-11,6,-11,6,-10,6,-10,7,-9,7,-9,8,-9,8,-9,9,-10,9,-10,9,-10,9,-11,9,-11,9,-11,8,-11,8,-12,7,-12,7,-12,6,-12,5,0,0,0,0,0,0,0,0,0,0,0,0,0,0,0,0,0,0,0,0,0,0,-9,5,-10,5,-11,4,-12,4,-12,3,-13,3,-13,2,-13,1,-13,1,-13,0,-13,1,-13,0,-13,1,-12,1,-12,1,-12,1,-12,2,-12,2,-13,3,-13,3,-13,3,-13,4,-13,4,-14,5,-13,5,-14,5]"
2025-08-18 22:41:38.491119,CSI_DATA,723,1a:00:00:00:00:00,-42,11,0,0,0,0,0,0,0,0,0,-94,0,1,0,124584981,0,31,0,128,0,"[0,0,13,-6,12,-6,13,-7,12,-7,12,-7,11,-7,11,-8,10,-8,10,-8,9,-8,9,-9,8,-9,8,-9,8,-10,8,-11,8,-11,8,-11,9,-11,9,-12,9,-11,10,-11,10,-10,10,-9,11,-9,11,-8,11,-7,0,0,0,0,0,0,0,0,0,0,0,0,0,0,0,0,0,0,0,0,0,0,9,-6,9,-6,10,-5,11,-5,11,-4,12,-4,12,-4,12,-3,12,-3,12,-2,13,-2,12,-1,12,-2,12,-2,12,-2,11,-3,12,-3,11,-4,12,-4,12,-5,12,-5,12,-6,12,-6,13,-6,13,-6,13,-7]"
2025-08-18 22:41:38.558948,CSI_DATA,724,1a:00:00:00:00:00,-42,11,0,0,0,0,0,0,0,0,0,-94,0,1,0,124645718,0,42,0,128,0,"[0,0,-12,-10,-12,-10,-12,-9,-12,-9,-11,-8,-12,-8,-11,-8,-12,-7,-12,-6,-12,-6,-12,-5,-12,-5,-13,-4,-13,-4,-14,-3,-13,-3,-14,-3,-14,-4,-15,-4,-14,-4,-14,-5,-14,-5,-14,-6,-13,-6,-13,-7,-12,-7,0,0,0,0,0,0,0,0,0,0,0,0,0,0,0,0,0,0,0,0,0,0,-10,-6,-9,-7,-9,-8,-9,-9,-9,-9,-9,-10,-9,-11,-8,-11,-8,-11,-7,-12,-7,-11,-7,-11,-7,-11,-7,-11,-7,-11,-8,-11,-8,-10,-9,-10,-9,-10,-10,-10,-10,-10,-11,-10,-12,-10,-12,-10,-12,-10,-12,-10]"
2025-08-18 22:41:38.629712,CSI_DATA,725,1a:00:00:00:00:00,-42,11,0,0,0,0,0,0,0,0,0,-94,0,1,0,124711826,0,31,0,128,0,"[0,0,-7,12,-7,11,-7,11,-6,11,-6,12,-6,11,-5,11,-5,11,-4,11,-3,10,-3,11,-2,11,-2,11,-2,12,-1,11,-1,12,-2,12,-2,13,-2,13,-3,13,-3,13,-4,12,-4,12,-4,12,-4,11,-5,11,0,0,0,0,0,0,0,0,0,0,0,0,0,0,0,0,0,0,0,0,0,0,-4,9,-5,9,-5,9,-6,9,-7,9,-8,9,-8,9,-9,8,-9,8,-9,8,-9,8,-9,8,-9,8,-9,8,-9,8,-8,8,-8,9,-7,9,-7,10,-7,10,-8,10,-8,10,-7,11,-7,11,-7,11,-7,12]"
2025-08-18 22:41:38.818715,CSI_DATA,726,1a:00:00:00:00:00,-43,11,0,0,0,0,0,0,0,0,0,-94,0,1,0,124912939,0,31,0,128,0,"[0,0,7,-12,7,-12,7,-12,7,-12,6,-12,6,-12,6,-12,5,-12,4,-12,4,-12,3,-12,3,-12,2,-13,2,-13,2,-13,2,-13,2,-14,2,-14,2,-14,3,-14,3,-14,4,-14,4,-14,5,-13,5,-13,6,-12,0,0,0,0,0,0,0,0,0,0,0,0,0,0,0,0,0,0,0,0,0,0,4,-10,4,-10,5,-10,6,-10,7,-10,7,-10,8,-10,8,-9,9,-9,9,-9,9,-8,9,-8,9,-8,9,-8,8,-8,8,-9,8,-9,8,-10,8,-10,7,-10,7,-11,7,-11,7,-12,7,-12,8,-12,7,-12]"
2025-08-18 22:41:39.014457,CSI_DATA,727,1a:00:00:00:00:00,-43,11,0,0,0,0,0,0,0,0,0,-94,0,1,0,125114340,0,31,0,128,0,"[0,0,6,12,6,11,6,11,6,11,6,11,6,10,7,10,7,9,7,9,8,8,8,8,8,7,9,8,9,7,9,7,10,7,10,8,10,7,10,8,10,8,10,9,9,9,9,9,8,10,8,10,7,10,0,0,0,0,0,0,0,0,0,0,0,0,0,0,0,0,0,0,0,0,0,0,6,7,5,8,5,9,4,10,4,10,4,11,3,11,3,11,2,11,2,11,2,12,1,11,2,11,2,11,2,11,2,11,3,11,4,11,4,11,4,11,5,11,5,11,6,11,6,12,6,12,6,12]"
2025-08-18 22:41:39.219873,CSI_DATA,728,1a:00:00:00:00:00,-42,11,0,0,0,0,0,0,0,0,0,-94,0,1,0,125316241,0,31,0,128,0,"[0,0,1,14,1,14,1,13,1,13,1,13,1,13,2,13,2,12,3,11,3,11,4,11,4,11,5,11,5,11,6,11,6,11,6,12,6,12,6,12,5,13,5,13,4,13,4,13,3,13,2,13,1,13,0,0,0,0,0,0,0,0,0,0,0,0,0,0,0,0,0,0,0,0,0,0,2,10,2,10,1,11,0,11,0,11,-1,12,-2,12,-2,12,-2,12,-3,12,-3,12,-3,12,-3,12,-3,11,-2,11,-2,11,-1,12,-1,12,-1,12,0,12,0,13,0,13,1,13,1,14,1,14,1,14]"
2025-08-18 22:41:39.417333,CSI_DATA,729,1a:00:00:00:00:00,-42,11,0,0,0,0,0,0,0,0,0,-94,0,1,0,125516490,0,31,0,128,0,"[0,0,4,13,3,13,3,13,4,12,4,12,4,12,4,11,5,11,5,10,6,10,6,9,6,9,7,10,7,9,8,9,8,10,8,10,8,10,8,10,8,11,7,11,7,11,6,12,5,12,5,12,4,12,0,0,0,0,0,0,0,0,0,0,0,0,0,0,0,0,0,0,0,0,0,0,4,8,4,9,3,10,3,10,2,11,2,11,1,11,1,12,0,12,0,12,0,12,0,11,0,11,0,11,0,11,0,11,1,11,1,11,2,12,2,12,3,12,3,12,3,12,3,12,4,13,4,13]"
2025-08-18 22:41:39.629167,CSI_DATA,730,1a:00:00:00:00:00,-42,11,0,0,0,0,0,0,0,0,0,-94,0,1,0,125717790,0,31,0,128,0,"[0,0,-14,-5,-14,-5,-13,-5,-13,-5,-13,-4,-13,-4,-13,-3,-13,-3,-12,-2,-13,-2,-13,-1,-12,-1,-13,0,-13,0,-13,1,-13,1,-14,1,-14,1,-14,1,-14,0,-14,0,-14,-1,-14,-2,-14,-2,-13,-3,-13,-4,0,0,0,0,0,0,0,0,0,0,0,0,0,0,0,0,0,0,0,0,0,0,-10,-3,-10,-4,-11,-4,-11,-5,-11,-6,-11,-6,-11,-7,-11,-7,-10,-8,-10,-8,-10,-8,-9,-8,-10,-8,-9,-8,-10,-7,-10,-7,-10,-6,-11,-6,-11,-6,-12,-6,-12,-6,-13,-5,-13,-5,-13,-6,-13,-6,-13,-5]"
2025-08-18 22:41:39.835891,CSI_DATA,731,1a:00:00:00:00:00,-42,11,0,0,0,0,0,0,0,0,0,-94,0,1,0,125918937,0,31,0,128,0,"[0,0,3,-14,3,-15,3,-14,3,-14,2,-14,2,-13,1,-13,1,-13,0,-13,0,-13,-1,-13,-2,-13,-2,-13,-2,-13,-3,-14,-3,-13,-3,-14,-3,-14,-3,-15,-2,-15,-1,-15,-1,-15,0,-15,0,-14,1,-14,2,-13,0,0,0,0,0,0,0,0,0,0,0,0,0,0,0,0,0,0,0,0,0,0,1,-11,1,-11,2,-12,3,-11,4,-12,4,-12,5,-12,5,-12,6,-11,6,-11,6,-11,6,-11,6,-11,6,-11,6,-11,5,-11,5,-11,4,-12,4,-12,4,-13,4,-13,4,-13,3,-14,3,-14,3,-14,3,-14]"
2025-08-18 22:41:40.040651,CSI_DATA,732,1a:00:00:00:00:00,-42,11,0,0,0,0,0,0,0,0,0,-94,0,1,0,126120063,0,31,0,128,0,"[0,0,-8,-13,-7,-13,-8,-13,-7,-12,-8,-12,-8,-12,-8,-11,-8,-10,-9,-10,-9,-9,-10,-9,-10,-9,-10,-8,-11,-8,-11,-8,-12,-8,-11,-8,-12,-9,-12,-9,-12,-9,-11,-10,-11,-10,-10,-10,-10,-11,-9,-11,-9,-11,0,0,0,0,0,0,0,0,0,0,0,0,0,0,0,0,0,0,0,0,0,0,-7,-9,-6,-10,-6,-10,-5,-11,-5,-11,-5,-12,-4,-13,-3,-13,-3,-13,-3,-13,-3,-13,-3,-13,-3,-12,-3,-12,-3,-12,-4,-12,-4,-12,-5,-12,-5,-13,-6,-12,-6,-13,-6,-13,-7,-12,-7,-13,-7,-13,-7,-13]"
2025-08-18 22:41:40.086767,CSI_DATA,733,1a:00:00:00:00:00,-42,11,0,0,0,0,0,0,0,0,0,-94,0,1,0,126180756,0,42,0,128,0,"[0,0,-9,11,-9,10,-8,11,-8,11,-8,10,-7,10,-7,10,-6,10,-6,11,-5,10,-4,11,-4,11,-4,11,-3,12,-3,12,-3,12,-3,12,-3,13,-4,13,-4,13,-5,13,-6,13,-6,12,-6,12,-7,11,-7,11,0,0,0,0,0,0,0,0,0,0,0,0,0,0,0,0,0,0,0,0,0,0,-5,9,-6,9,-7,8,-8,8,-8,8,-9,8,-9,8,-10,7,-10,7,-10,7,-10,7,-10,7,-10,6,-10,7,-10,7,-9,7,-9,8,-9,8,-9,8,-9,9,-9,9,-9,9,-8,10,-8,11,-9,11,-8,11]"
2025-08-18 22:41:40.164965,CSI_DATA,734,1a:00:00:00:00:00,-42,11,0,0,0,0,0,0,0,0,0,-94,0,1,0,126249912,0,31,0,128,0,"[0,0,6,13,6,12,6,12,6,12,7,12,7,11,7,11,7,10,7,10,8,9,8,9,9,8,9,8,10,8,10,8,10,8,10,8,11,9,11,9,10,9,10,10,9,10,9,10,8,11,7,11,7,11,0,0,0,0,0,0,0,0,0,0,0,0,0,0,0,0,0,0,0,0,0,0,6,8,5,9,5,9,4,10,4,11,4,12,3,12,2,12,2,12,1,12,1,12,1,12,1,12,2,12,2,12,2,11,3,12,3,11,4,12,4,12,4,12,5,12,5,12,6,13,6,13,6,13]"
2025-08-18 22:41:40.360217,CSI_DATA,735,1a:00:00:00:00:00,-43,11,0,0,0,0,0,0,0,0,0,-94,0,1,0,126449069,0,31,0,128,0,"[0,0,-13,-8,-13,-7,-12,-7,-12,-7,-12,-7,-12,-6,-12,-6,-12,-5,-12,-4,-12,-4,-12,-3,-12,-3,-12,-3,-13,-2,-13,-2,-13,-2,-14,-2,-14,-2,-14,-2,-14,-3,-14,-3,-14,-4,-13,-4,-13,-5,-13,-5,-12,-6,0,0,0,0,0,0,0,0,0,0,0,0,0,0,0,0,0,0,0,0,0,0,-10,-4,-10,-5,-10,-6,-10,-7,-10,-7,-10,-8,-10,-9,-9,-9,-9,-9,-9,-9,-9,-9,-8,-9,-9,-9,-8,-9,-9,-9,-9,-8,-9,-8,-10,-8,-10,-8,-11,-8,-11,-8,-11,-8,-12,-7,-12,-7,-12,-7,-12,-7]"
2025-08-18 22:41:40.555816,CSI_DATA,736,1a:00:00:00:00:00,-42,11,0,0,0,0,0,0,0,0,0,-94,0,1,0,126650184,0,31,0,128,0,"[0,0,-8,12,-8,11,-8,12,-7,11,-7,12,-7,11,-6,11,-5,11,-5,11,-4,11,-3,11,-3,12,-3,12,-3,12,-2,12,-2,13,-2,13,-2,13,-3,14,-3,14,-4,13,-4,13,-5,13,-5,13,-6,12,-7,11,0,0,0,0,0,0,0,0,0,0,0,0,0,0,0,0,0,0,0,0,0,0,-4,9,-5,9,-6,9,-7,9,-7,9,-8,9,-9,9,-9,9,-9,8,-10,8,-10,8,-9,8,-9,8,-9,8,-9,8,-8,8,-9,9,-8,9,-8,10,-8,10,-8,10,-8,11,-7,11,-8,12,-8,12,-7,12]"
2025-08-18 22:41:40.750830,CSI_DATA,737,1a:00:00:00:00:00,-42,11,0,0,0,0,0,0,0,0,0,-94,0,1,0,126851475,0,31,0,128,0,"[0,0,11,8,11,8,11,7,11,7,11,7,10,7,11,6,11,5,11,5,11,4,11,3,11,3,11,3,12,2,12,2,12,2,13,3,13,3,13,3,13,3,13,4,13,5,13,5,12,5,11,6,11,7,0,0,0,0,0,0,0,0,0,0,0,0,0,0,0,0,0,0,0,0,0,0,9,4,9,5,9,6,8,7,9,7,8,8,8,9,8,9,8,9,7,10,7,9,7,9,7,9,7,9,7,9,7,9,8,8,8,8,8,8,9,8,9,8,10,8,11,8,11,8,11,8,11,8]"
2025-08-18 22:41:40.958832,CSI_DATA,738,1a:00:00:00:00:00,-42,11,0,0,0,0,0,0,0,0,0,-94,0,1,0,127052682,0,31,0,128,0,"[0,0,-10,10,-10,10,-9,10,-9,10,-9,10,-8,10,-8,10,-7,10,-6,10,-6,10,-6,10,-5,11,-5,11,-5,11,-4,12,-4,12,-4,12,-5,12,-5,13,-5,13,-6,12,-6,12,-7,12,-7,11,-8,10,-8,10,0,0,0,0,0,0,0,0,0,0,0,0,0,0,0,0,0,0,0,0,0,0,-6,8,-6,8,-7,8,-8,8,-9,8,-9,7,-10,7,-10,7,-11,7,-11,6,-11,6,-11,6,-11,6,-10,6,-10,6,-10,6,-10,7,-9,7,-9,8,-9,8,-9,8,-9,9,-10,10,-9,10,-9,10,-9,10]"
2025-08-18 22:41:41.159487,CSI_DATA,739,1a:00:00:00:00:00,-42,11,0,0,0,0,0,0,0,0,0,-94,0,1,0,127253838,0,31,0,128,0,"[0,0,13,-4,12,-5,12,-5,12,-5,12,-5,11,-5,11,-5,11,-6,10,-6,10,-7,9,-7,9,-8,9,-8,9,-9,9,-9,9,-9,10,-9,10,-9,10,-9,11,-9,11,-8,11,-8,11,-7,11,-7,11,-6,12,-5,0,0,0,0,0,0,0,0,0,0,0,0,0,0,0,0,0,0,0,0,0,0,8,-5,9,-4,10,-4,10,-3,11,-3,11,-2,12,-2,12,-1,12,-1,12,0,12,0,11,0,11,-1,11,-1,11,-1,11,-1,11,-2,11,-2,11,-3,12,-3,12,-3,12,-3,12,-4,12,-5,13,-5,13,-5]"
2025-08-18 22:41:41.361355,CSI_DATA,740,1a:00:00:00:00:00,-42,11,0,0,0,0,0,0,0,0,0,-94,0,1,0,127455063,0,31,0,128,0,"[0,0,-9,11,-9,11,-9,11,-8,11,-8,10,-8,11,-7,10,-6,11,-6,11,-5,11,-5,11,-4,11,-4,12,-4,12,-3,12,-3,12,-4,13,-4,13,-4,13,-5,13,-5,13,-6,13,-6,13,-7,12,-7,11,-8,11,0,0,0,0,0,0,0,0,0,0,0,0,0,0,0,0,0,0,0,0,0,0,-5,9,-6,9,-7,9,-8,8,-9,8,-9,8,-10,8,-10,8,-10,7,-11,7,-11,7,-10,7,-10,7,-10,7,-10,7,-10,7,-9,8,-9,8,-9,8,-9,9,-9,10,-9,10,-9,11,-9,11,-9,11,-9,11]"
2025-08-18 22:41:41.570881,CSI_DATA,741,1a:00:00:00:00:00,-42,11,0,0,0,0,0,0,0,0,0,-94,0,1,0,127656177,0,31,0,128,0,"[0,0,12,6,11,6,11,6,11,6,11,5,11,5,11,5,11,4,11,3,11,2,11,2,11,2,12,1,12,1,12,0,12,0,13,1,13,1,13,1,14,2,13,2,13,3,12,3,12,4,12,4,12,5,0,0,0,0,0,0,0,0,0,0,0,0,0,0,0,0,0,0,0,0,0,0,9,3,9,4,9,5,9,5,9,6,9,7,9,8,9,8,8,8,8,8,8,8,8,8,8,8,8,8,8,8,8,7,9,7,9,7,9,7,10,7,10,7,11,6,11,6,11,6,12,6,12,6]"
2025-08-18 22:41:41.628330,CSI_DATA,742,1a:00:00:00:00:00,-42,11,0,0,0,0,0,0,0,0,0,-94,0,1,0,127716984,0,42,0,128,0,"[0,0,-2,-14,-3,-15,-3,-14,-3,-14,-3,-13,-3,-13,-4,-13,-4,-12,-4,-12,-5,-12,-6,-11,-6,-11,-6,-11,-7,-11,-7,-11,-7,-11,-8,-12,-7,-12,-8,-12,-7,-13,-7,-13,-6,-13,-6,-14,-5,-13,-4,-13,-4,-13,0,0,0,0,0,0,0,0,0,0,0,0,0,0,0,0,0,0,0,0,0,0,-4,-10,-3,-10,-2,-12,-2,-11,-1,-12,-1,-12,0,-13,1,-13,1,-13,1,-13,1,-12,1,-12,1,-12,1,-12,1,-12,1,-12,0,-12,-1,-13,-1,-12,-1,-13,-1,-13,-2,-13,-2,-14,-2,-14,-3,-14,-3,-14]"
2025-08-18 22:41:41.688886,CSI_DATA,743,1a:00:00:00:00:00,-43,11,0,0,0,0,0,0,0,0,0,-94,0,1,0,127783743,0,31,0,128,0,"[0,0,13,-3,13,-4,12,-3,13,-4,11,-4,12,-4,12,-4,11,-5,10,-5,11,-6,10,-6,9,-7,9,-7,9,-7,10,-8,9,-8,10,-9,10,-8,11,-9,11,-8,12,-8,12,-7,12,-7,12,-6,12,-5,12,-5,0,0,0,0,0,0,0,0,0,0,0,0,0,0,0,0,0,0,0,0,0,0,9,-4,9,-3,11,-3,10,-2,12,-2,11,-1,12,0,12,0,12,1,12,1,11,1,11,1,11,1,11,1,10,0,11,0,10,0,12,-1,11,-1,12,-1,12,-2,12,-2,13,-3,13,-3,13,-3,13,-3]"
2025-08-18 22:41:41.905296,CSI_DATA,744,1a:00:00:00:00:00,-42,11,0,0,0,0,0,0,0,0,0,-94,0,1,0,127985006,0,31,0,128,0,"[0,0,-15,3,-14,3,-14,3,-14,4,-13,4,-13,4,-12,4,-12,4,-11,5,-11,6,-11,6,-11,6,-11,6,-11,7,-11,8,-11,8,-11,8,-12,8,-12,8,-12,8,-13,7,-12,7,-13,6,-13,5,-13,4,-13,4,0,0,0,0,0,0,0,0,0,0,0,0,0,0,0,0,0,0,0,0,0,0,-10,4,-11,3,-11,3,-12,2,-12,2,-13,1,-13,1,-13,0,-13,0,-13,-1,-13,-1,-13,-1,-13,-1,-12,-1,-12,0,-12,0,-13,1,-13,1,-13,1,-13,2,-14,2,-13,2,-14,3,-14,3,-14,3,-14,3]"
2025-08-18 22:41:42.096124,CSI_DATA,745,1a:00:00:00:00:00,-42,11,0,0,0,0,0,0,0,0,0,-94,0,1,0,128186172,0,31,0,128,0,"[0,0,-15,-1,-14,-1,-15,-1,-14,-1,-14,-1,-14,0,-13,0,-13,1,-13,1,-13,2,-12,2,-12,3,-12,3,-12,4,-13,4,-13,4,-13,4,-14,4,-14,4,-14,4,-14,3,-14,2,-14,2,-14,1,-14,0,-14,0,0,0,0,0,0,0,0,0,0,0,0,0,0,0,0,0,0,0,0,0,0,0,-11,1,-11,0,-12,-1,-12,-1,-12,-2,-13,-3,-13,-3,-13,-4,-12,-4,-12,-5,-12,-5,-12,-5,-12,-4,-12,-4,-12,-4,-12,-4,-12,-3,-12,-3,-13,-3,-13,-2,-13,-2,-14,-1,-14,-1,-15,-1,-15,-1,-15,-1]"
2025-08-18 22:41:42.299148,CSI_DATA,746,1a:00:00:00:00:00,-43,11,0,0,0,0,0,0,0,0,0,-94,0,1,0,128387343,0,31,0,128,0,"[0,0,-8,-13,-9,-13,-8,-12,-9,-12,-8,-11,-8,-11,-9,-10,-9,-10,-9,-9,-10,-9,-10,-8,-10,-8,-11,-8,-11,-7,-12,-7,-12,-7,-12,-8,-12,-8,-12,-8,-12,-8,-12,-9,-11,-9,-11,-10,-10,-10,-10,-10,-9,-11,0,0,0,0,0,0,0,0,0,0,0,0,0,0,0,0,0,0,0,0,0,0,-7,-9,-7,-9,-7,-10,-6,-10,-6,-11,-5,-12,-5,-12,-4,-13,-4,-13,-3,-13,-3,-13,-3,-13,-3,-12,-3,-12,-4,-12,-4,-12,-5,-12,-6,-12,-6,-12,-6,-12,-7,-12,-7,-12,-8,-13,-8,-12,-8,-12,-8,-12]"
2025-08-18 22:41:42.489116,CSI_DATA,747,1a:00:00:00:00:00,-43,11,0,0,0,0,0,0,0,0,0,-94,0,1,0,128588466,0,31,0,128,0,"[0,0,12,6,12,5,12,5,12,5,12,5,12,4,12,4,12,3,11,2,12,2,12,1,12,1,12,0,12,0,13,0,13,0,13,0,13,0,14,0,14,1,14,1,14,2,13,3,13,3,12,4,12,4,0,0,0,0,0,0,0,0,0,0,0,0,0,0,0,0,0,0,0,0,0,0,9,2,9,3,10,4,10,5,10,5,10,6,10,7,10,7,9,7,9,8,9,8,9,8,9,8,9,7,9,7,9,7,9,6,10,6,10,6,11,6,11,6,11,6,12,6,12,6,12,6,13,6]"
2025-08-18 22:41:42.694790,CSI_DATA,748,1a:00:00:00:00:00,-43,11,0,0,0,0,0,0,0,0,0,-94,0,1,0,128789630,0,31,0,128,0,"[0,0,14,-1,13,-1,14,-1,13,-2,13,-2,12,-2,12,-3,12,-3,11,-3,11,-4,11,-5,11,-5,11,-6,11,-6,11,-6,12,-7,11,-6,12,-7,12,-6,13,-6,13,-5,13,-5,13,-4,13,-4,13,-3,13,-2,0,0,0,0,0,0,0,0,0,0,0,0,0,0,0,0,0,0,0,0,0,0,10,-3,10,-2,10,-1,11,-1,11,0,12,0,12,1,12,2,12,2,11,3,12,2,11,3,11,2,11,2,11,2,11,1,12,1,11,1,12,0,12,0,12,0,13,-1,13,-1,13,-1,14,-1,14,-1]"
2025-08-18 22:41:42.899626,CSI_DATA,749,1a:00:00:00:00:00,-43,11,0,0,0,0,0,0,0,0,0,-94,0,1,0,128990779,0,31,0,128,0,"[0,0,-15,1,-15,2,-14,1,-14,2,-14,2,-13,2,-13,2,-12,3,-12,3,-12,4,-12,5,-11,5,-12,5,-11,6,-11,6,-12,7,-12,7,-12,7,-13,7,-13,6,-13,6,-13,5,-14,4,-14,4,-13,3,-14,3,0,0,0,0,0,0,0,0,0,0,0,0,0,0,0,0,0,0,0,0,0,0,-10,2,-11,2,-12,1,-12,0,-12,0,-13,-1,-13,-1,-13,-2,-13,-2,-13,-3,-13,-3,-12,-3,-12,-3,-12,-2,-12,-2,-12,-2,-13,-1,-13,-1,-13,0,-13,0,-13,0,-14,1,-14,1,-14,1,-14,1,-14,1]"
2025-08-18 22:41:43.108792,CSI_DATA,750,1a:00:00:00:00:00,-43,11,0,0,0,0,0,0,0,0,0,-94,0,1,0,129192148,0,31,0,128,0,"[0,0,-11,9,-11,9,-11,9,-10,9,-10,9,-9,9,-9,9,-8,9,-8,9,-7,10,-7,10,-6,10,-6,11,-6,11,-6,11,-6,12,-6,12,-6,12,-7,12,-7,12,-8,12,-8,11,-8,11,-9,10,-9,10,-10,9,0,0,0,0,0,0,0,0,0,0,0,0,0,0,0,0,0,0,0,0,0,0,-7,8,-7,8,-8,7,-9,7,-10,7,-10,7,-11,6,-11,6,-11,6,-12,5,-11,5,-11,5,-11,5,-11,5,-11,5,-11,6,-11,6,-10,6,-10,7,-11,7,-10,8,-10,8,-11,9,-11,9,-11,9,-11,9]"
2025-08-18 22:41:43.166311,CSI_DATA,751,1a:00:00:00:00:00,-42,11,0,0,0,0,0,0,0,0,0,-94,0,1,0,129252892,0,42,0,128,0,"[0,0,-9,-12,-9,-12,-9,-11,-9,-11,-9,-11,-9,-10,-9,-10,-10,-9,-10,-8,-10,-8,-10,-8,-11,-7,-11,-7,-12,-7,-12,-6,-13,-6,-13,-7,-13,-7,-13,-7,-13,-7,-13,-8,-12,-8,-12,-9,-11,-9,-11,-10,-10,-10,0,0,0,0,0,0,0,0,0,0,0,0,0,0,0,0,0,0,0,0,0,0,-7,-8,-7,-9,-7,-9,-7,-10,-6,-11,-6,-12,-6,-12,-5,-12,-5,-12,-4,-12,-4,-12,-4,-12,-4,-12,-4,-12,-4,-12,-5,-11,-6,-11,-6,-11,-6,-12,-7,-11,-7,-11,-8,-12,-9,-12,-9,-12,-9,-12,-9,-12]"
2025-08-18 22:41:43.227737,CSI_DATA,752,1a:00:00:00:00:00,-43,11,0,0,0,0,0,0,0,0,0,-94,0,1,0,129321018,0,31,0,128,0,"[0,0,13,-5,13,-6,12,-5,13,-6,12,-6,12,-6,11,-7,11,-7,10,-7,10,-8,10,-8,9,-9,9,-9,9,-9,9,-10,9,-10,10,-10,10,-10,10,-11,10,-10,11,-10,11,-9,12,-9,12,-8,12,-7,12,-6,0,0,0,0,0,0,0,0,0,0,0,0,0,0,0,0,0,0,0,0,0,0,9,-6,9,-5,10,-5,10,-4,11,-4,11,-3,12,-3,12,-2,12,-2,12,-1,12,-1,12,-1,12,-1,12,-1,11,-2,12,-2,11,-2,12,-3,12,-3,12,-4,12,-5,12,-5,13,-5,13,-5,13,-5,13,-6]"
2025-08-18 22:41:43.437398,CSI_DATA,753,1a:00:00:00:00:00,-43,11,0,0,0,0,0,0,0,0,0,-94,0,1,0,129522373,0,31,0,128,0,"[0,0,-1,-14,-1,-14,-2,-14,-2,-13,-2,-14,-2,-13,-3,-13,-3,-13,-4,-12,-5,-12,-5,-12,-6,-11,-6,-12,-6,-12,-7,-11,-7,-12,-7,-12,-7,-13,-7,-13,-7,-13,-6,-13,-5,-13,-5,-13,-4,-14,-4,-13,-3,-13,0,0,0,0,0,0,0,0,0,0,0,0,0,0,0,0,0,0,0,0,0,0,-3,-10,-2,-11,-1,-11,-1,-12,0,-12,0,-13,1,-13,2,-13,2,-13,2,-12,3,-12,3,-12,2,-12,2,-12,2,-12,2,-12,1,-12,1,-12,0,-13,0,-13,0,-13,-1,-14,-1,-14,-1,-14,-1,-14,-2,-14]"
2025-08-18 22:41:43.633398,CSI_DATA,754,1a:00:00:00:00:00,-43,11,0,0,0,0,0,0,0,0,0,-94,0,1,0,129723287,0,31,0,128,0,"[0,0,-1,-15,-1,-15,-1,-14,-1,-14,-2,-14,-2,-13,-2,-13,-2,-13,-3,-13,-4,-12,-4,-12,-5,-12,-5,-12,-5,-12,-6,-12,-6,-13,-6,-13,-6,-13,-6,-14,-6,-14,-5,-14,-4,-14,-4,-14,-3,-14,-2,-14,-2,-14,0,0,0,0,0,0,0,0,0,0,0,0,0,0,0,0,0,0,0,0,0,0,-3,-10,-2,-11,-1,-12,-1,-12,0,-12,0,-13,1,-13,1,-13,2,-13,3,-13,3,-12,3,-12,3,-12,2,-12,2,-12,2,-12,1,-12,1,-13,1,-13,0,-13,0,-13,0,-14,-1,-14,-1,-15,-1,-15,-1,-14]"
2025-08-18 22:41:43.830890,CSI_DATA,755,1a:00:00:00:00:00,-43,11,0,0,0,0,0,0,0,0,0,-94,0,1,0,129924419,0,31,0,128,0,"[0,0,13,-6,12,-7,12,-7,11,-7,11,-7,11,-7,10,-7,10,-7,9,-8,9,-8,9,-9,8,-9,8,-9,8,-10,8,-10,8,-11,8,-11,9,-11,9,-11,10,-10,10,-10,10,-10,10,-9,11,-8,11,-8,11,-7,0,0,0,0,0,0,0,0,0,0,0,0,0,0,0,0,0,0,0,0,0,0,8,-6,9,-6,9,-6,10,-5,10,-5,11,-4,11,-4,11,-3,12,-3,12,-2,12,-2,12,-2,11,-2,11,-3,11,-3,11,-3,11,-4,11,-4,11,-5,11,-5,11,-5,12,-6,12,-6,12,-6,12,-6,12,-7]"
2025-08-18 22:41:44.027277,CSI_DATA,756,1a:00:00:00:00:00,-43,11,0,0,0,0,0,0,0,0,0,-94,0,1,0,130125559,0,31,0,128,0,"[0,0,13,4,12,4,12,3,12,3,12,3,12,2,12,2,12,1,11,1,12,0,11,0,11,-1,12,-1,11,-2,12,-2,12,-2,13,-2,13,-2,13,-2,13,-2,13,-1,13,0,13,0,13,1,13,1,12,2,0,0,0,0,0,0,0,0,0,0,0,0,0,0,0,0,0,0,0,0,0,0,9,1,10,2,10,3,10,3,10,4,10,5,10,5,10,6,10,6,9,7,9,7,9,6,9,6,9,6,9,6,9,6,10,5,10,5,10,5,11,4,11,4,12,4,12,4,12,4,12,4,13,3]"
2025-08-18 22:41:44.236096,CSI_DATA,757,1a:00:00:00:00:00,-42,11,0,0,0,0,0,0,0,0,0,-94,0,1,0,130326949,0,31,0,128,0,"[0,0,2,-15,1,-14,1,-14,1,-14,0,-14,0,-14,0,-13,-1,-13,-2,-13,-2,-12,-3,-12,-3,-13,-4,-13,-4,-13,-4,-13,-5,-13,-5,-13,-5,-14,-4,-14,-4,-14,-4,-14,-3,-15,-2,-14,-2,-14,-1,-14,0,-14,0,0,0,0,0,0,0,0,0,0,0,0,0,0,0,0,0,0,0,0,0,0,0,-11,0,-11,1,-11,2,-12,3,-12,3,-12,4,-12,4,-12,5,-12,5,-11,5,-11,5,-11,5,-11,5,-11,5,-12,4,-11,4,-12,3,-12,3,-13,3,-13,2,-13,2,-14,2,-14,2,-14,2,-14,2,-15]"
2025-08-18 22:41:44.434381,CSI_DATA,758,1a:00:00:00:00:00,-43,11,0,0,0,0,0,0,0,0,0,-94,0,1,0,130528019,0,31,0,128,0,"[0,0,-14,5,-13,5,-13,5,-13,5,-13,6,-11,6,-11,5,-11,6,-11,7,-10,7,-10,7,-9,8,-10,8,-9,9,-9,9,-9,9,-10,10,-10,9,-11,10,-11,9,-11,9,-11,8,-12,7,-12,7,-12,6,-12,5,0,0,0,0,0,0,0,0,0,0,0,0,0,0,0,0,0,0,0,0,0,0,-9,5,-10,5,-10,4,-11,4,-11,3,-12,3,-12,2,-13,2,-13,1,-13,1,-13,1,-13,1,-13,1,-12,1,-12,1,-12,2,-12,2,-12,3,-12,3,-12,4,-13,4,-13,4,-13,5,-13,5,-13,5,-13,5]"
2025-08-18 22:41:44.642837,CSI_DATA,759,1a:00:00:00:00:00,-43,11,0,0,0,0,0,0,0,0,0,-94,0,1,0,130729151,0,31,0,128,0,"[0,0,-13,5,-13,5,-13,5,-13,5,-12,6,-12,6,-12,6,-11,6,-11,6,-10,7,-10,7,-9,8,-9,8,-9,8,-9,9,-9,9,-10,9,-10,10,-11,9,-11,9,-11,9,-12,8,-12,8,-12,7,-12,6,-12,5,0,0,0,0,0,0,0,0,0,0,0,0,0,0,0,0,0,0,0,0,0,0,-9,5,-10,5,-10,4,-11,4,-12,3,-12,3,-13,2,-13,2,-13,2,-13,1,-13,1,-13,1,-13,1,-12,1,-12,1,-12,2,-12,2,-12,3,-12,3,-12,4,-13,4,-13,4,-13,5,-14,5,-13,5,-13,5]"
2025-08-18 22:41:44.696947,CSI_DATA,760,1a:00:00:00:00:00,-43,11,0,0,0,0,0,0,0,0,0,-94,0,1,0,130789972,0,42,0,128,0,"[0,0,11,-10,10,-10,10,-10,10,-10,10,-10,9,-10,8,-10,8,-10,7,-10,7,-11,6,-11,5,-11,6,-12,5,-12,5,-12,5,-13,5,-13,6,-13,6,-13,7,-13,7,-13,7,-12,8,-12,8,-12,9,-11,9,-10,0,0,0,0,0,0,0,0,0,0,0,0,0,0,0,0,0,0,0,0,0,0,6,-9,7,-9,8,-8,8,-8,9,-8,10,-8,10,-7,10,-7,11,-7,11,-6,11,-6,11,-6,11,-6,10,-6,10,-6,10,-7,10,-7,9,-8,10,-8,10,-8,10,-8,10,-9,10,-9,10,-10,10,-10,11,-10]"
2025-08-18 22:41:45.197182,CSI_DATA,761,1a:00:00:00:00:00,-43,11,0,0,0,0,0,0,0,0,0,-94,0,1,0,131290359,0,42,0,128,0,"[0,0,-14,7,-14,7,-13,7,-13,7,-13,7,-12,7,-12,8,-11,8,-10,8,-10,9,-9,9,-9,9,-9,10,-9,10,-9,11,-9,11,-9,11,-9,12,-10,12,-10,12,-10,11,-11,10,-11,10,-12,9,-12,8,-12,8,0,0,0,0,0,0,0,0,0,0,0,0,0,0,0,0,0,0,0,0,0,0,-9,6,-10,6,-11,5,-11,5,-12,4,-13,4,-13,3,-14,3,-13,3,-14,2,-13,2,-13,2,-13,2,-13,2,-13,2,-13,3,-13,3,-12,4,-13,4,-13,5,-13,5,-13,6,-13,6,-14,7,-14,7,-13,7]"
2025-08-18 22:41:45.271227,CSI_DATA,762,1a:00:00:00:00:00,-43,11,0,0,0,0,0,0,0,0,0,-94,0,1,0,131367400,0,31,0,128,0,"[0,0,1,13,1,13,0,13,1,12,1,12,1,12,2,12,2,11,3,11,3,10,4,10,4,10,5,10,5,10,6,10,6,11,6,11,6,11,6,12,5,12,5,12,4,12,4,12,3,12,3,12,2,12,0,0,0,0,0,0,0,0,0,0,0,0,0,0,0,0,0,0,0,0,0,0,2,9,1,10,0,10,-1,11,-1,11,-2,11,-2,11,-3,11,-3,11,-4,11,-4,11,-4,11,-4,11,-3,11,-3,11,-2,10,-2,11,-2,11,-1,11,-1,12,-1,12,0,12,0,13,0,13,0,13,0,13]"
2025-08-18 22:41:45.481529,CSI_DATA,763,1a:00:00:00:00:00,-43,11,0,0,0,0,0,0,0,0,0,-94,0,1,0,131569740,0,31,0,128,0,"[0,0,-14,-6,-13,-6,-14,-6,-13,-5,-13,-5,-13,-5,-13,-4,-13,-3,-13,-3,-13,-2,-13,-2,-13,-1,-13,-1,-13,0,-13,0,-14,0,-14,0,-15,0,-15,-1,-15,-1,-15,-2,-15,-2,-14,-3,-14,-3,-14,-4,-13,-5,0,0,0,0,0,0,0,0,0,0,0,0,0,0,0,0,0,0,0,0,0,0,-11,-3,-11,-4,-11,-5,-11,-5,-11,-6,-11,-7,-11,-8,-11,-8,-10,-8,-10,-9,-10,-9,-10,-8,-10,-8,-10,-8,-10,-8,-10,-7,-11,-7,-11,-7,-12,-7,-12,-6,-12,-6,-12,-6,-13,-6,-14,-6,-13,-6,-14,-6]"
2025-08-18 22:41:45.675867,CSI_DATA,764,1a:00:00:00:00:00,-43,11,0,0,0,0,0,0,0,0,0,-94,0,1,0,131769663,0,31,0,128,0,"[0,0,13,-4,13,-4,13,-4,13,-4,12,-4,12,-4,12,-4,11,-5,11,-5,10,-6,10,-7,10,-7,10,-7,10,-8,10,-8,10,-9,10,-9,11,-9,11,-9,11,-8,12,-8,12,-7,12,-6,12,-6,12,-5,12,-4,0,0,0,0,0,0,0,0,0,0,0,0,0,0,0,0,0,0,0,0,0,0,9,-4,10,-4,10,-3,11,-3,11,-2,12,-2,12,-1,12,-1,12,0,12,1,12,1,12,1,11,1,11,0,12,0,11,-1,11,-1,11,-2,12,-2,12,-2,12,-2,13,-3,13,-3,13,-3,13,-4,14,-4]"
2025-08-18 22:41:45.873784,CSI_DATA,765,1a:00:00:00:00:00,-43,11,0,0,0,0,0,0,0,0,0,-94,0,1,0,131970812,0,31,0,128,0,"[0,0,14,3,13,2,13,3,13,2,13,2,12,2,12,1,12,0,12,0,12,-1,12,-1,12,-2,12,-2,12,-3,12,-3,13,-3,13,-3,13,-3,13,-3,14,-2,14,-2,13,-1,13,-1,13,0,13,0,13,1,0,0,0,0,0,0,0,0,0,0,0,0,0,0,0,0,0,0,0,0,0,0,10,0,10,1,10,2,11,3,11,3,11,4,11,5,11,5,11,5,10,5,10,6,10,6,10,5,10,5,10,5,10,5,10,4,11,4,11,4,12,4,12,3,12,3,13,3,13,3,13,3,14,2]"
2025-08-18 22:41:46.084585,CSI_DATA,766,1a:00:00:00:00:00,-42,11,0,0,0,0,0,0,0,0,0,-94,0,1,0,132171981,0,31,0,128,0,"[0,0,-7,-14,-7,-13,-7,-12,-8,-13,-8,-14,-7,-12,-8,-12,-8,-11,-9,-10,-9,-10,-9,-10,-10,-9,-10,-9,-10,-9,-11,-8,-11,-8,-12,-9,-12,-9,-12,-9,-12,-10,-11,-10,-11,-10,-10,-11,-10,-11,-9,-11,-8,-12,0,0,0,0,0,0,0,0,0,0,0,0,0,0,0,0,0,0,0,0,0,0,-6,-10,-6,-10,-5,-11,-5,-11,-4,-12,-4,-13,-3,-13,-3,-13,-3,-13,-2,-13,-1,-13,-1,-13,-2,-13,-2,-13,-2,-13,-3,-12,-4,-12,-4,-13,-4,-13,-5,-13,-5,-13,-6,-13,-6,-14,-6,-13,-6,-14,-6,-14]"
2025-08-18 22:41:46.280856,CSI_DATA,767,1a:00:00:00:00:00,-43,11,0,0,0,0,0,0,0,0,0,-94,0,1,0,132373271,0,31,0,128,0,"[0,0,-14,5,-14,4,-13,4,-13,5,-13,5,-12,5,-12,5,-11,6,-11,6,-11,7,-10,7,-10,8,-10,8,-9,8,-10,9,-10,9,-10,9,-10,9,-11,9,-11,9,-11,9,-12,8,-12,8,-12,7,-12,6,-13,6,0,0,0,0,0,0,0,0,0,0,0,0,0,0,0,0,0,0,0,0,0,0,-10,5,-10,4,-11,3,-11,3,-12,3,-12,2,-13,1,-13,1,-13,0,-13,0,-13,0,-13,0,-13,0,-12,1,-12,1,-12,1,-12,1,-12,2,-13,2,-13,3,-13,3,-13,3,-14,4,-14,5,-14,5,-13,5]"
2025-08-18 22:41:46.681163,CSI_DATA,768,1a:00:00:00:00:00,-43,11,0,0,0,0,0,0,0,0,0,-94,0,1,0,132574601,0,31,0,128,0,"[0,0,-10,-11,-9,-11,-10,-11,-9,-10,-10,-11,-10,-10,-10,-10,-10,-9,-10,-8,-10,-7,-11,-7,-11,-7,-12,-7,-12,-6,-12,-6,-13,-6,-12,-6,-13,-7,-13,-7,-13,-8,-13,-8,-12,-9,-11,-9,-11,-9,-11,-10,-10,-10,0,0,0,0,0,0,0,0,0,0,0,0,0,0,0,0,0,0,0,0,0,0,-9,-7,-9,-8,-8,-8,-8,-9,-7,-10,-8,-11,-7,-11,-6,-12,-6,-12,-6,-12,-6,-12,-5,-12,-6,-11,-6,-11,-6,-12,-6,-11,-7,-11,-7,-10,-8,-11,-8,-11,-8,-11,-9,-11,-9,-11,-10,-11,-10,-11,-10,-11]"
2025-08-18 22:41:46.686366,CSI_DATA,769,1a:00:00:00:00:00,-42,11,0,0,0,0,0,0,0,0,0,-94,0,1,0,132775636,0,31,0,128,0,"[0,0,13,0,13,0,13,0,12,0,12,0,12,-1,12,-1,11,-2,11,-2,11,-3,11,-3,11,-3,11,-4,11,-4,11,-5,11,-5,11,-5,12,-5,12,-5,12,-5,12,-4,12,-3,12,-3,12,-2,12,-1,12,-1,0,0,0,0,0,0,0,0,0,0,0,0,0,0,0,0,0,0,0,0,0,0,9,-1,10,-1,10,0,10,1,11,1,11,2,11,2,11,3,11,3,10,4,10,4,10,4,10,4,10,4,10,3,10,3,11,2,11,2,11,2,12,1,11,1,12,1,12,1,13,1,13,1,13,0]"
2025-08-18 22:41:46.747664,CSI_DATA,770,1a:00:00:00:00:00,-43,11,0,0,0,0,0,0,0,0,0,-94,0,1,0,132836726,0,42,0,128,0,"[0,0,-3,-14,-3,-14,-3,-14,-3,-14,-3,-13,-4,-13,-4,-13,-5,-12,-5,-12,-5,-11,-6,-11,-6,-11,-7,-11,-7,-11,-7,-11,-8,-12,-8,-12,-8,-12,-8,-12,-8,-12,-8,-13,-7,-13,-6,-13,-5,-13,-5,-13,-4,-14,0,0,0,0,0,0,0,0,0,0,0,0,0,0,0,0,0,0,0,0,0,0,-4,-10,-3,-11,-3,-11,-2,-12,-1,-12,-1,-13,0,-13,0,-13,1,-13,1,-13,1,-13,1,-13,1,-12,1,-12,1,-12,0,-12,0,-13,-1,-12,-1,-13,-1,-13,-2,-13,-2,-13,-3,-14,-3,-14,-3,-14,-3,-14]"
2025-08-18 22:41:46.820250,CSI_DATA,771,1a:00:00:00:00:00,-43,11,0,0,0,0,0,0,0,0,0,-94,0,1,0,132903708,0,31,0,128,0,"[0,0,2,14,2,13,2,13,2,13,2,12,3,13,3,12,3,12,4,11,5,10,5,10,6,10,6,10,7,10,7,10,7,10,7,11,8,11,7,11,7,12,6,12,6,12,5,12,5,12,4,12,3,12,0,0,0,0,0,0,0,0,0,0,0,0,0,0,0,0,0,0,0,0,0,0,2,10,2,10,1,10,0,11,0,11,-1,12,-1,12,-2,12,-2,12,-3,12,-3,12,-3,11,-3,11,-2,11,-2,11,-2,11,-1,12,0,12,0,12,0,12,0,12,1,12,1,13,2,13,2,13,2,14]"
2025-08-18 22:41:47.011147,CSI_DATA,772,1a:00:00:00:00:00,-43,11,0,0,0,0,0,0,0,0,0,-94,0,1,0,133104850,0,31,0,128,0,"[0,0,13,-5,13,-5,12,-5,12,-5,12,-6,11,-6,11,-6,11,-7,10,-7,10,-7,9,-8,9,-8,9,-9,9,-9,9,-10,9,-10,9,-10,9,-10,10,-10,10,-10,10,-9,11,-9,11,-8,11,-8,11,-7,12,-6,0,0,0,0,0,0,0,0,0,0,0,0,0,0,0,0,0,0,0,0,0,0,9,-5,10,-4,10,-4,11,-3,11,-3,12,-2,12,-2,12,-1,12,-1,12,0,12,0,12,0,12,0,12,-1,11,-1,11,-1,11,-2,11,-3,12,-3,12,-3,12,-4,12,-4,13,-5,13,-5,13,-5,13,-5]"
2025-08-18 22:41:47.212383,CSI_DATA,773,1a:00:00:00:00:00,-43,11,0,0,0,0,0,0,0,0,0,-94,0,1,0,133306005,0,31,0,128,0,"[0,0,-8,12,-8,11,-8,11,-7,11,-7,11,-7,11,-6,11,-5,11,-5,11,-4,11,-4,11,-3,12,-3,12,-3,12,-2,12,-2,13,-3,13,-2,13,-3,14,-3,13,-4,13,-5,13,-5,13,-5,12,-6,12,-6,11,0,0,0,0,0,0,0,0,0,0,0,0,0,0,0,0,0,0,0,0,0,0,-4,9,-5,9,-6,9,-7,9,-8,9,-8,9,-9,8,-10,8,-10,8,-10,7,-10,8,-10,7,-10,8,-9,8,-9,8,-9,8,-9,8,-8,9,-8,9,-8,10,-8,10,-8,10,-8,11,-8,11,-8,11,-8,11]"
2025-08-18 22:41:47.422744,CSI_DATA,774,1a:00:00:00:00:00,-43,11,0,0,0,0,0,0,0,0,0,-94,0,1,0,133507155,0,31,0,128,0,"[0,0,-11,-10,-11,-10,-11,-9,-11,-9,-11,-9,-11,-8,-11,-8,-11,-7,-11,-6,-12,-6,-12,-5,-12,-5,-12,-5,-13,-4,-13,-4,-13,-4,-14,-4,-14,-4,-14,-5,-14,-5,-14,-6,-13,-6,-13,-7,-13,-7,-12,-7,-11,-8,0,0,0,0,0,0,0,0,0,0,0,0,0,0,0,0,0,0,0,0,0,0,-9,-6,-9,-7,-9,-8,-9,-9,-9,-9,-8,-10,-8,-10,-8,-11,-7,-11,-7,-11,-7,-11,-7,-11,-7,-11,-7,-10,-7,-10,-7,-10,-8,-10,-8,-10,-9,-10,-9,-10,-9,-10,-10,-10,-11,-10,-11,-10,-11,-10,-11,-10]"
2025-08-18 22:41:47.614106,CSI_DATA,775,1a:00:00:00:00:00,-42,11,0,0,0,0,0,0,0,0,0,-94,0,1,0,133708528,0,31,0,128,0,"[0,0,9,-11,8,-11,8,-11,8,-11,7,-11,7,-11,6,-11,6,-11,5,-11,5,-12,4,-12,4,-12,4,-12,3,-12,3,-13,3,-13,3,-14,3,-14,4,-14,4,-14,5,-14,5,-13,6,-13,6,-13,7,-12,7,-11,0,0,0,0,0,0,0,0,0,0,0,0,0,0,0,0,0,0,0,0,0,0,4,-10,5,-9,6,-9,7,-9,8,-9,8,-9,9,-9,9,-8,10,-8,10,-8,10,-7,10,-7,9,-7,9,-7,9,-7,9,-8,9,-8,8,-9,8,-9,8,-10,8,-10,8,-10,8,-11,8,-11,8,-11,9,-11]"
2025-08-18 22:41:47.816219,CSI_DATA,776,1a:00:00:00:00:00,-43,11,0,0,0,0,0,0,0,0,0,-94,0,1,0,133909599,0,31,0,128,0,"[0,0,11,-9,11,-9,11,-8,11,-9,10,-9,10,-9,9,-9,8,-10,8,-9,7,-10,7,-10,7,-11,6,-11,6,-11,6,-12,6,-12,6,-12,6,-13,7,-13,7,-12,7,-12,8,-12,8,-11,9,-10,9,-10,9,-9,0,0,0,0,0,0,0,0,0,0,0,0,0,0,0,0,0,0,0,0,0,0,7,-7,8,-7,9,-6,9,-6,10,-6,11,-6,11,-5,11,-5,11,-5,11,-4,11,-4,11,-4,11,-4,11,-4,11,-4,11,-5,10,-5,10,-6,11,-6,11,-7,11,-7,11,-8,11,-8,11,-8,11,-8,11,-9]"
2025-08-18 22:41:48.026323,CSI_DATA,777,1a:00:00:00:00:00,-42,11,0,0,0,0,0,0,0,0,0,-94,0,1,0,134110747,0,31,0,128,0,"[0,0,12,-6,12,-7,12,-7,12,-7,11,-7,11,-7,10,-7,10,-8,9,-8,9,-9,8,-9,8,-9,8,-10,7,-10,8,-11,8,-11,8,-11,8,-11,9,-11,9,-11,9,-11,10,-10,10,-10,10,-9,10,-9,11,-8,0,0,0,0,0,0,0,0,0,0,0,0,0,0,0,0,0,0,0,0,0,0,8,-6,9,-5,10,-5,10,-4,11,-4,11,-4,12,-3,12,-3,12,-2,12,-2,12,-2,12,-2,12,-2,11,-2,11,-2,11,-3,11,-3,11,-4,11,-4,11,-5,12,-5,12,-6,12,-6,12,-6,12,-6,13,-6]"
2025-08-18 22:41:48.212845,CSI_DATA,778,1a:00:00:00:00:00,-43,11,0,0,0,0,0,0,0,0,0,-94,0,1,0,134311970,0,31,0,128,0,"[0,0,8,11,8,11,8,11,8,10,8,10,8,9,8,9,9,8,9,8,9,7,10,7,10,6,10,6,10,6,11,6,11,6,11,6,12,6,12,7,12,7,11,7,11,8,10,8,10,9,9,9,9,9,0,0,0,0,0,0,0,0,0,0,0,0,0,0,0,0,0,0,0,0,0,0,7,6,7,7,6,8,6,9,6,9,6,10,5,11,5,11,5,11,4,11,4,11,4,11,4,11,4,11,4,10,5,10,5,10,6,10,6,10,7,10,7,10,7,10,8,10,8,11,8,11,9,11]"
2025-08-18 22:41:48.278639,CSI_DATA,779,1a:00:00:00:00:00,-42,11,0,0,0,0,0,0,0,0,0,-94,0,1,0,134372918,0,42,0,128,0,"[0,0,-6,13,-6,12,-6,12,-5,12,-5,12,-5,12,-4,12,-4,12,-3,12,-2,11,-2,12,-1,12,-1,12,-1,12,0,12,0,13,0,13,0,14,0,14,-1,14,-1,14,-2,14,-3,13,-4,13,-4,12,-5,12,0,0,0,0,0,0,0,0,0,0,0,0,0,0,0,0,0,0,0,0,0,0,-3,10,-4,10,-5,10,-6,10,-7,10,-7,10,-8,10,-8,10,-8,9,-9,9,-9,8,-9,8,-9,8,-9,8,-8,9,-8,8,-8,9,-7,10,-7,10,-7,10,-7,11,-7,11,-6,12,-7,12,-7,12,-6,12]"
2025-08-18 22:41:48.353711,CSI_DATA,780,1a:00:00:00:00:00,-43,11,0,0,0,0,0,0,0,0,0,-94,0,1,0,134440598,0,31,0,128,0,"[0,0,10,-10,9,-10,10,-10,9,-10,9,-10,8,-10,8,-10,7,-10,7,-10,6,-11,6,-11,5,-11,5,-12,4,-12,4,-12,5,-13,5,-13,5,-13,5,-13,6,-13,6,-13,7,-13,7,-12,8,-12,8,-11,9,-11,0,0,0,0,0,0,0,0,0,0,0,0,0,0,0,0,0,0,0,0,0,0,6,-8,7,-8,7,-8,8,-8,9,-7,10,-8,10,-7,10,-6,11,-6,11,-5,11,-5,11,-5,11,-6,10,-6,10,-6,9,-6,10,-7,9,-7,10,-8,9,-8,9,-9,10,-9,9,-9,10,-10,10,-10,10,-10]"
2025-08-18 22:41:48.542549,CSI_DATA,781,1a:00:00:00:00:00,-43,11,0,0,0,0,0,0,0,0,0,-94,0,1,0,134641944,0,31,0,128,0,"[0,0,9,11,8,10,9,10,9,10,9,9,9,9,9,9,9,8,9,8,9,6,10,6,10,6,11,6,11,6,11,5,12,5,12,5,12,6,12,6,12,7,12,7,11,8,11,8,10,8,10,9,9,9,0,0,0,0,0,0,0,0,0,0,0,0,0,0,0,0,0,0,0,0,0,0,8,6,7,7,7,8,7,9,7,9,6,10,6,10,5,11,5,11,5,11,4,11,4,11,4,11,4,11,5,10,5,10,6,10,6,10,7,10,7,10,7,10,8,10,8,10,9,10,9,10,9,11]"
2025-08-18 22:41:48.748997,CSI_DATA,782,1a:00:00:00:00:00,-43,11,0,0,0,0,0,0,0,0,0,-94,0,1,0,134843000,0,31,0,128,0,"[0,0,-4,14,-4,13,-4,14,-3,13,-3,13,-2,13,-2,13,-1,13,-1,12,0,12,0,12,1,12,1,13,2,13,2,12,2,13,2,13,2,14,2,14,1,14,1,14,0,14,-1,14,-1,13,-2,13,-3,13,0,0,0,0,0,0,0,0,0,0,0,0,0,0,0,0,0,0,0,0,0,0,-1,10,-1,11,-2,10,-3,11,-4,11,-4,12,-5,11,-5,11,-6,11,-6,11,-6,11,-6,11,-6,11,-6,11,-6,11,-5,10,-5,11,-4,11,-5,12,-4,12,-4,12,-4,13,-3,13,-3,14,-4,14,-3,14]"
2025-08-18 22:41:48.950340,CSI_DATA,783,1a:00:00:00:00:00,-42,11,0,0,0,0,0,0,0,0,0,-94,0,1,0,135044105,0,31,0,128,0,"[0,0,-11,9,-11,8,-11,8,-10,8,-10,8,-10,8,-9,9,-9,9,-8,9,-7,9,-7,9,-7,10,-6,10,-6,11,-6,11,-6,11,-6,11,-6,12,-6,12,-7,12,-7,12,-8,11,-8,11,-9,10,-9,9,-9,9,0,0,0,0,0,0,0,0,0,0,0,0,0,0,0,0,0,0,0,0,0,0,-8,7,-8,7,-9,6,-10,6,-10,5,-11,5,-11,5,-12,5,-12,4,-12,4,-12,3,-12,3,-12,4,-12,4,-11,4,-11,4,-11,5,-11,5,-11,6,-11,6,-11,7,-11,7,-11,8,-11,8,-11,8,-11,8]"
2025-08-18 22:41:49.144675,CSI_DATA,784,1a:00:00:00:00:00,-42,11,0,0,0,0,0,0,0,0,0,-94,0,1,0,135245276,0,31,0,128,0,"[0,0,12,7,11,7,12,7,11,6,12,6,11,5,11,5,11,4,11,3,11,3,11,2,12,2,12,2,12,1,12,1,13,0,13,1,14,1,14,1,14,1,14,2,13,2,13,3,13,4,12,4,12,5,0,0,0,0,0,0,0,0,0,0,0,0,0,0,0,0,0,0,0,0,0,0,9,4,9,5,9,5,9,6,9,7,9,8,8,8,8,9,8,9,7,9,7,9,7,9,7,9,7,9,8,9,8,8,8,8,9,7,9,7,10,7,10,7,11,7,11,7,11,7,11,7,12,7]"
2025-08-18 22:41:49.359573,CSI_DATA,785,1a:00:00:00:00:00,-43,11,0,0,0,0,0,0,0,0,0,-94,0,1,0,135446500,0,31,0,128,0,"[0,0,-11,-11,-11,-11,-10,-11,-10,-10,-10,-10,-10,-10,-10,-9,-11,-8,-11,-8,-11,-7,-11,-7,-12,-6,-12,-6,-12,-6,-13,-5,-13,-5,-13,-6,-14,-6,-14,-6,-14,-7,-13,-7,-13,-8,-13,-8,-12,-9,-12,-9,-11,-10,0,0,0,0,0,0,0,0,0,0,0,0,0,0,0,0,0,0,0,0,0,0,-9,-7,-8,-8,-8,-9,-8,-9,-8,-10,-8,-11,-7,-12,-7,-12,-6,-12,-6,-12,-6,-12,-6,-12,-6,-12,-6,-12,-6,-11,-7,-11,-7,-11,-8,-11,-8,-11,-9,-11,-9,-11,-9,-11,-10,-11,-10,-11,-10,-11,-10,-11]"
2025-08-18 22:41:49.559202,CSI_DATA,786,1a:00:00:00:00:00,-42,11,0,0,0,0,0,0,0,0,0,-94,0,1,0,135647650,0,31,0,128,0,"[0,0,-13,5,-13,5,-13,5,-13,5,-12,5,-12,5,-11,6,-11,6,-11,6,-10,7,-10,7,-10,7,-9,7,-9,8,-9,9,-9,9,-10,9,-10,9,-10,9,-10,9,-11,9,-11,8,-12,8,-12,7,-12,6,-12,5,0,0,0,0,0,0,0,0,0,0,0,0,0,0,0,0,0,0,0,0,0,0,-9,5,-10,4,-11,3,-11,3,-12,3,-12,2,-13,2,-13,1,-13,1,-13,0,-13,0,-12,0,-12,0,-12,0,-12,1,-12,1,-12,2,-12,2,-12,2,-12,3,-13,3,-13,4,-13,4,-13,4,-13,5,-13,5]"
2025-08-18 22:41:49.749114,CSI_DATA,787,1a:00:00:00:00:00,-42,11,0,0,0,0,0,0,0,0,0,-94,0,1,0,135848768,0,31,0,128,0,"[0,0,12,8,11,8,11,7,11,7,11,7,11,7,11,6,11,5,11,5,11,4,12,3,12,3,12,3,12,2,13,2,13,2,13,2,14,2,14,2,14,3,14,3,13,4,13,5,13,5,12,6,12,6,0,0,0,0,0,0,0,0,0,0,0,0,0,0,0,0,0,0,0,0,0,0,9,4,9,5,9,6,9,7,9,8,9,8,8,9,8,9,8,10,7,10,7,10,7,10,7,9,7,9,7,9,8,9,8,9,9,8,9,8,10,8,10,8,10,8,11,8,11,8,11,8,12,8]"
2025-08-18 22:41:49.821231,CSI_DATA,788,1a:00:00:00:00:00,-42,11,0,0,0,0,0,0,0,0,0,-94,0,1,0,135909574,0,42,0,128,0,"[0,0,-13,-8,-13,-8,-13,-7,-13,-7,-12,-6,-12,-6,-12,-6,-12,-5,-12,-4,-13,-4,-13,-3,-13,-3,-13,-2,-13,-2,-14,-2,-13,-1,-14,-2,-14,-2,-15,-2,-15,-3,-15,-3,-14,-4,-14,-4,-14,-5,-13,-5,-13,-6,0,0,0,0,0,0,0,0,0,0,0,0,0,0,0,0,0,0,0,0,0,0,-10,-4,-10,-5,-11,-6,-10,-7,-10,-8,-10,-8,-10,-9,-10,-9,-9,-9,-9,-10,-9,-10,-9,-10,-9,-9,-9,-9,-9,-9,-9,-9,-9,-8,-10,-8,-11,-8,-11,-8,-11,-8,-12,-8,-13,-8,-13,-7,-13,-8,-13,-8]"
2025-08-18 22:41:49.887739,CSI_DATA,789,1a:00:00:00:00:00,-42,11,0,0,0,0,0,0,0,0,0,-94,0,1,0,135976354,0,31,0,128,0,"[0,0,0,14,0,14,0,13,0,13,1,13,1,12,1,12,2,12,2,11,3,11,3,11,4,11,4,11,4,11,5,11,5,11,5,12,5,12,5,12,5,12,4,13,3,13,3,13,2,13,1,12,0,12,0,0,0,0,0,0,0,0,0,0,0,0,0,0,0,0,0,0,0,0,0,0,2,9,1,10,0,10,0,11,-1,11,-1,11,-2,12,-2,12,-3,12,-4,12,-4,11,-4,11,-3,11,-3,11,-3,11,-3,11,-2,11,-2,12,-2,11,-1,12,-1,12,-1,13,0,13,0,13,0,13,0,13]"
2025-08-18 22:41:50.106249,CSI_DATA,790,1a:00:00:00:00:00,-43,11,0,0,0,0,0,0,0,0,0,-94,0,1,0,136177462,0,31,0,128,0,"[0,0,-12,-10,-12,-11,-12,-10,-12,-10,-12,-9,-11,-9,-12,-8,-12,-8,-12,-7,-12,-6,-12,-6,-12,-5,-13,-5,-13,-5,-14,-4,-14,-4,-14,-4,-14,-4,-15,-5,-15,-5,-15,-6,-14,-6,-14,-7,-13,-7,-13,-8,-12,-9,0,0,0,0,0,0,0,0,0,0,0,0,0,0,0,0,0,0,0,0,0,0,-9,-7,-9,-7,-9,-8,-9,-9,-9,-10,-9,-11,-8,-11,-8,-12,-8,-12,-7,-12,-7,-12,-7,-12,-7,-12,-7,-12,-7,-11,-8,-11,-8,-11,-9,-10,-9,-11,-10,-11,-10,-10,-11,-10,-11,-10,-11,-10,-11,-11,-12,-11]"
2025-08-18 22:41:50.282682,CSI_DATA,791,1a:00:00:00:00:00,-42,11,0,0,0,0,0,0,0,0,0,-94,0,1,0,136378680,0,31,0,128,0,"[0,0,12,5,12,5,12,5,13,5,12,4,11,4,11,4,11,3,11,2,12,1,12,1,11,1,11,0,11,0,12,-1,12,-1,13,0,13,0,13,0,13,0,13,1,13,1,13,2,12,3,12,3,11,4,0,0,0,0,0,0,0,0,0,0,0,0,0,0,0,0,0,0,0,0,0,0,9,2,9,3,10,3,9,4,10,5,10,5,10,6,9,7,9,7,9,8,9,8,9,8,9,7,9,7,9,7,9,6,9,6,10,6,10,6,11,5,11,5,11,5,12,5,12,5,12,5,13,5]"
2025-08-18 22:41:50.326465,CSI_DATA,792,1a:00:00:00:00:00,-42,11,0,0,0,0,0,0,0,0,0,-94,0,1,0,136414581,0,28,0,128,0,"[0,0,7,12,7,11,7,11,7,10,7,10,7,10,7,9,8,9,8,8,8,8,9,7,9,7,9,7,10,7,10,7,10,7,10,7,11,7,11,7,11,8,10,8,10,9,9,9,8,9,8,9,8,10,0,0,0,0,0,0,0,0,0,0,0,0,0,0,0,0,0,0,0,0,0,0,6,7,6,8,6,8,5,9,5,9,5,10,4,11,4,11,3,11,3,11,3,11,3,11,3,11,3,11,3,11,3,10,4,10,5,10,5,11,5,11,6,11,6,11,7,11,7,11,7,12,8,11]"
2025-08-18 22:41:50.486541,CSI_DATA,793,1a:00:00:00:00:00,-42,11,0,0,0,0,0,0,0,0,0,-94,0,1,0,136579900,0,31,0,128,0,"[0,0,10,-10,10,-10,10,-10,10,-10,9,-10,8,-10,8,-10,7,-10,7,-10,6,-11,6,-11,5,-11,5,-11,5,-12,5,-12,5,-13,5,-13,5,-13,6,-13,6,-13,6,-12,7,-12,7,-12,7,-11,8,-11,8,-10,0,0,0,0,0,0,0,0,0,0,0,0,0,0,0,0,0,0,0,0,0,0,6,-8,6,-8,7,-8,8,-8,9,-7,9,-7,10,-7,10,-6,10,-6,11,-5,10,-5,11,-6,10,-6,10,-6,10,-6,10,-6,10,-7,9,-7,10,-8,10,-8,10,-9,10,-9,10,-10,10,-10,10,-10,10,-10]"
2025-08-18 22:41:50.682794,CSI_DATA,794,1a:00:00:00:00:00,-43,11,0,0,0,0,0,0,0,0,0,-94,0,1,0,136781561,0,31,0,128,0,"[0,0,14,6,13,5,13,5,13,5,13,4,13,4,12,3,13,3,12,2,13,2,12,1,12,1,12,0,13,0,13,-1,14,-1,14,0,14,0,15,0,14,0,14,1,14,2,14,2,14,3,13,4,13,4,0,0,0,0,0,0,0,0,0,0,0,0,0,0,0,0,0,0,0,0,0,0,10,2,10,3,10,4,10,4,10,5,10,6,10,6,10,7,10,7,10,8,9,8,9,8,9,8,9,7,9,7,10,7,10,6,11,6,11,6,11,6,12,5,12,5,13,5,13,6,13,5,13,5]"
2025-08-18 22:41:50.882448,CSI_DATA,795,1a:00:00:00:00:00,-43,11,0,0,0,0,0,0,0,0,0,-94,0,1,0,136982237,0,31,0,128,0,"[0,0,8,11,8,11,8,11,8,10,8,10,8,10,8,9,8,8,8,8,8,7,9,6,9,6,10,6,10,6,10,6,11,6,11,6,12,6,11,7,11,7,11,8,10,8,9,8,9,9,9,9,8,9,0,0,0,0,0,0,0,0,0,0,0,0,0,0,0,0,0,0,0,0,0,0,7,6,6,7,6,8,6,9,5,9,5,10,5,10,4,11,4,11,3,11,4,11,3,10,4,10,4,10,4,10,4,10,5,10,5,10,6,10,6,10,6,10,7,11,7,10,8,10,8,11,8,11]"
2025-08-18 22:41:51.093930,CSI_DATA,796,1a:00:00:00:00:00,-42,11,0,0,0,0,0,0,0,0,0,-94,0,1,0,137183603,0,31,0,128,0,"[0,0,6,12,5,12,5,12,6,11,6,12,6,11,6,11,6,10,7,9,7,9,8,9,8,8,8,8,9,8,9,8,10,8,9,8,10,9,10,9,9,9,9,10,8,10,8,10,7,10,7,10,6,11,0,0,0,0,0,0,0,0,0,0,0,0,0,0,0,0,0,0,0,0,0,0,5,8,5,8,4,9,4,10,3,10,3,11,2,11,2,11,2,11,1,11,1,11,1,11,1,11,1,11,2,11,2,10,2,11,3,10,3,11,4,11,4,12,4,12,5,11,5,12,5,12,6,12]"
2025-08-18 22:41:51.291298,CSI_DATA,797,1a:00:00:00:00:00,-42,11,0,0,0,0,0,0,0,0,0,-94,0,1,0,137384702,0,31,0,128,0,"[0,0,-13,8,-12,8,-12,8,-12,8,-11,8,-11,8,-10,8,-10,8,-9,8,-9,9,-8,9,-8,9,-8,10,-7,10,-7,11,-7,11,-8,11,-8,11,-8,11,-8,11,-9,11,-9,11,-10,10,-10,9,-10,9,-11,8,0,0,0,0,0,0,0,0,0,0,0,0,0,0,0,0,0,0,0,0,0,0,-8,6,-9,6,-10,6,-10,5,-11,5,-11,5,-12,5,-12,4,-12,4,-12,3,-12,3,-12,3,-12,3,-12,3,-12,4,-11,4,-11,5,-11,5,-11,5,-11,6,-12,6,-12,7,-12,7,-12,7,-12,8,-12,8]"
2025-08-18 22:41:51.353021,CSI_DATA,798,1a:00:00:00:00:00,-42,11,0,0,0,0,0,0,0,0,0,-94,0,1,0,137445473,0,42,0,128,0,"[0,0,-14,4,-14,3,-14,3,-13,4,-13,4,-13,4,-12,4,-12,5,-11,5,-11,6,-11,6,-10,6,-10,7,-10,7,-10,8,-10,8,-11,8,-11,8,-11,8,-12,8,-12,7,-12,7,-12,6,-12,5,-12,5,-12,4,0,0,0,0,0,0,0,0,0,0,0,0,0,0,0,0,0,0,0,0,0,0,-10,3,-10,3,-11,2,-11,2,-12,2,-12,1,-12,0,-12,0,-13,-1,-12,-1,-12,-1,-12,-1,-12,-1,-12,-1,-12,0,-12,0,-12,1,-12,1,-12,1,-13,2,-13,2,-13,2,-14,3,-14,3,-14,3,-14,3]"
2025-08-18 22:41:51.423096,CSI_DATA,799,1a:00:00:00:00:00,-43,11,0,0,0,0,0,0,0,0,0,-94,0,1,0,137511360,0,31,0,128,0,"[0,0,13,-6,12,-6,12,-6,12,-7,12,-7,11,-7,11,-7,10,-7,10,-7,9,-8,9,-8,9,-9,9,-9,8,-10,8,-10,9,-10,9,-10,9,-10,9,-10,10,-10,10,-10,10,-9,11,-8,11,-8,11,-7,11,-6,0,0,0,0,0,0,0,0,0,0,0,0,0,0,0,0,0,0,0,0,0,0,8,-6,9,-6,9,-5,10,-5,10,-5,11,-4,11,-4,11,-3,12,-3,12,-2,12,-2,12,-2,11,-2,11,-2,11,-2,11,-3,11,-4,11,-4,12,-4,12,-5,12,-5,12,-6,12,-6,12,-6,13,-6,13,-6]"
2025-08-18 22:41:51.618976,CSI_DATA,800,1a:00:00:00:00:00,-43,11,0,0,0,0,0,0,0,0,0,-94,0,1,0,137712957,0,31,0,128,0,"[0,0,6,-13,5,-13,6,-13,5,-13,5,-13,5,-13,4,-13,3,-13,3,-12,2,-13,2,-13,1,-13,1,-13,0,-13,0,-13,0,-14,0,-14,0,-15,1,-14,1,-15,1,-14,2,-15,2,-14,3,-14,4,-13,4,-13,0,0,0,0,0,0,0,0,0,0,0,0,0,0,0,0,0,0,0,0,0,0,2,-10,3,-10,4,-10,5,-10,6,-10,6,-11,7,-10,7,-10,8,-10,7,-9,8,-9,8,-9,7,-9,7,-9,7,-10,7,-10,6,-10,6,-11,6,-11,6,-11,6,-12,6,-12,5,-13,6,-13,6,-13,6,-14]"
2025-08-18 22:41:51.819892,CSI_DATA,801,1a:00:00:00:00:00,-43,11,0,0,0,0,0,0,0,0,0,-94,0,1,0,137913848,0,31,0,128,0,"[0,0,11,-9,10,-9,11,-9,10,-9,10,-9,9,-9,9,-10,8,-10,8,-10,7,-10,7,-10,6,-11,6,-11,6,-12,6,-12,6,-12,6,-12,6,-13,6,-13,7,-13,7,-12,8,-12,8,-11,9,-11,9,-10,9,-9,0,0,0,0,0,0,0,0,0,0,0,0,0,0,0,0,0,0,0,0,0,0,7,-8,7,-8,8,-7,9,-7,9,-7,10,-7,11,-6,11,-6,11,-5,11,-5,11,-4,11,-4,11,-5,11,-5,10,-5,10,-5,10,-6,10,-7,10,-7,10,-8,10,-8,10,-9,10,-9,11,-9,11,-9,11,-9]"
2025-08-18 22:41:52.021714,CSI_DATA,802,1a:00:00:00:00:00,-43,11,0,0,0,0,0,0,0,0,0,-94,0,1,0,138114762,0,31,0,128,0,"[0,0,-10,11,-10,10,-10,10,-9,10,-9,10,-8,10,-8,10,-7,10,-7,10,-6,10,-6,10,-5,11,-5,11,-5,12,-4,12,-4,12,-4,12,-5,13,-5,13,-6,13,-6,13,-6,12,-7,11,-7,11,-8,11,-8,10,0,0,0,0,0,0,0,0,0,0,0,0,0,0,0,0,0,0,0,0,0,0,-6,8,-7,8,-7,8,-9,8,-9,8,-10,8,-10,7,-11,7,-11,7,-11,6,-11,6,-11,6,-11,6,-11,6,-11,6,-10,6,-10,7,-9,7,-10,8,-10,9,-10,9,-10,9,-10,10,-10,10,-10,10,-10,10]"
2025-08-18 22:41:52.224516,CSI_DATA,803,1a:00:00:00:00:00,-43,11,0,0,0,0,0,0,0,0,0,-94,0,1,0,138316149,0,31,0,128,0,"[0,0,1,-14,1,-14,1,-14,1,-14,1,-14,0,-13,0,-13,-1,-13,-1,-13,-2,-13,-2,-12,-3,-12,-3,-13,-4,-12,-4,-13,-4,-13,-4,-13,-5,-13,-4,-14,-4,-14,-3,-14,-3,-14,-2,-14,-1,-14,-1,-14,0,-14,0,0,0,0,0,0,0,0,0,0,0,0,0,0,0,0,0,0,0,0,0,0,-1,-11,0,-11,1,-12,2,-12,2,-12,3,-12,4,-12,4,-12,5,-12,5,-12,5,-11,5,-11,5,-11,5,-11,4,-11,4,-11,3,-12,3,-12,3,-12,2,-13,2,-13,2,-13,1,-14,2,-14,2,-14,1,-14]"
2025-08-18 22:41:52.424029,CSI_DATA,804,1a:00:00:00:00:00,-43,11,0,0,0,0,0,0,0,0,0,-94,0,1,0,138517220,0,31,0,128,0,"[0,0,-12,8,-12,8,-12,7,-12,8,-11,8,-11,8,-10,8,-10,8,-9,8,-9,9,-8,9,-8,9,-8,9,-7,10,-7,10,-8,11,-8,11,-8,11,-9,11,-9,10,-9,10,-10,10,-10,9,-10,9,-10,8,-11,8,0,0,0,0,0,0,0,0,0,0,0,0,0,0,0,0,0,0,0,0,0,0,-8,7,-9,7,-9,6,-10,6,-11,6,-11,5,-12,5,-12,4,-12,4,-12,4,-12,4,-12,3,-12,4,-12,4,-12,4,-11,4,-11,5,-11,5,-12,5,-12,6,-12,6,-12,6,-12,7,-12,8,-12,7,-12,8]"
2025-08-18 22:41:52.629088,CSI_DATA,805,1a:00:00:00:00:00,-43,11,0,0,0,0,0,0,0,0,0,-94,0,1,0,138718371,0,31,0,128,0,"[0,0,6,13,6,12,6,12,6,12,6,11,6,11,7,10,7,10,7,9,7,8,8,9,8,8,8,8,9,8,9,8,10,8,10,8,10,8,10,8,10,9,9,9,9,10,8,10,7,10,7,10,6,11,0,0,0,0,0,0,0,0,0,0,0,0,0,0,0,0,0,0,0,0,0,0,5,8,5,9,5,9,4,10,4,10,3,11,3,11,3,12,2,12,2,12,1,12,1,12,1,11,1,11,2,11,2,11,3,11,3,11,4,11,4,11,5,11,5,12,5,12,5,12,6,12,6,12]"
2025-08-18 22:41:52.846198,CSI_DATA,806,1a:00:00:00:00:00,-42,11,0,0,0,0,0,0,0,0,0,-94,0,1,0,138919514,0,31,0,128,0,"[0,0,-7,-14,-7,-13,-7,-13,-7,-13,-7,-13,-7,-12,-7,-12,-8,-11,-8,-10,-9,-10,-9,-9,-9,-9,-9,-9,-10,-9,-10,-9,-11,-9,-11,-9,-11,-10,-11,-10,-11,-10,-10,-11,-10,-11,-9,-11,-8,-12,-8,-11,-7,-12,0,0,0,0,0,0,0,0,0,0,0,0,0,0,0,0,0,0,0,0,0,0,-7,-9,-7,-9,-6,-10,-6,-11,-6,-11,-5,-12,-5,-13,-4,-13,-4,-13,-3,-13,-3,-13,-3,-13,-3,-13,-3,-12,-4,-12,-4,-12,-4,-12,-5,-12,-5,-13,-6,-13,-6,-13,-7,-13,-7,-13,-7,-13,-7,-13,-8,-14]"
2025-08-18 22:41:52.882856,CSI_DATA,807,1a:00:00:00:00:00,-43,11,0,0,0,0,0,0,0,0,0,-94,0,1,0,138980273,0,42,0,128,0,"[0,0,2,14,1,13,1,13,2,13,2,13,2,12,2,12,3,11,3,11,4,11,5,10,5,10,6,10,6,10,7,10,7,10,7,11,7,11,7,11,6,12,6,12,5,12,5,12,4,12,4,12,3,12,0,0,0,0,0,0,0,0,0,0,0,0,0,0,0,0,0,0,0,0,0,0,2,9,2,10,1,11,0,11,0,11,-1,12,-2,12,-2,12,-2,12,-3,12,-3,12,-3,11,-3,11,-2,11,-2,11,-2,11,-1,12,0,12,0,12,0,12,0,13,1,13,1,13,2,14,1,14,2,13]"
2025-08-18 22:41:52.956986,CSI_DATA,808,1a:00:00:00:00:00,-43,11,0,0,0,0,0,0,0,0,0,-94,0,1,0,139048768,0,31,0,128,0,"[0,0,13,6,13,6,13,6,13,5,13,5,13,5,12,4,12,3,12,3,12,2,12,2,12,1,12,1,13,0,13,0,13,0,13,0,14,0,14,0,14,1,14,2,14,2,13,3,13,3,12,4,12,4,0,0,0,0,0,0,0,0,0,0,0,0,0,0,0,0,0,0,0,0,0,0,10,2,10,3,10,4,10,5,11,6,10,6,10,7,10,8,10,8,9,8,9,8,9,8,9,8,9,8,9,8,9,7,10,7,11,6,11,7,11,7,11,6,12,6,13,6,13,6,13,7,14,6]"
2025-08-18 22:41:53.172845,CSI_DATA,809,1a:00:00:00:00:00,-43,11,0,0,0,0,0,0,0,0,0,-94,0,1,0,139250510,0,31,0,128,0,"[0,0,-15,2,-15,2,-15,2,-14,2,-14,2,-14,3,-13,4,-13,4,-12,4,-12,5,-12,5,-12,5,-12,6,-12,7,-11,7,-12,8,-12,7,-12,8,-13,8,-12,8,-13,7,-13,7,-13,6,-13,5,-13,4,-14,4,0,0,0,0,0,0,0,0,0,0,0,0,0,0,0,0,0,0,0,0,0,0,-11,2,-12,2,-12,1,-13,0,-13,0,-14,-1,-14,-1,-14,-2,-14,-2,-13,-3,-13,-3,-13,-3,-13,-3,-13,-3,-13,-2,-13,-2,-13,-1,-13,-1,-14,0,-14,0,-14,1,-15,1,-15,2,-15,1,-15,2,-15,2]"
2025-08-18 22:41:53.361587,CSI_DATA,810,1a:00:00:00:00:00,-43,11,0,0,0,0,0,0,0,0,0,-94,0,1,0,139451172,0,31,0,128,0,"[0,0,-14,-4,-14,-4,-14,-4,-14,-3,-13,-3,-13,-3,-13,-2,-13,-2,-13,-1,-12,0,-12,0,-12,0,-12,1,-12,1,-13,2,-13,2,-13,2,-14,2,-14,2,-14,1,-14,1,-14,0,-14,0,-14,-1,-13,-2,-13,-2,0,0,0,0,0,0,0,0,0,0,0,0,0,0,0,0,0,0,0,0,0,0,-10,-2,-11,-2,-11,-3,-11,-4,-12,-4,-11,-5,-12,-6,-12,-6,-11,-7,-11,-7,-11,-7,-11,-7,-10,-7,-11,-7,-11,-6,-11,-6,-11,-5,-12,-5,-12,-5,-12,-4,-13,-4,-13,-4,-14,-4,-14,-4,-14,-4,-14,-4]"
2025-08-18 22:41:53.551750,CSI_DATA,811,1a:00:00:00:00:00,-42,11,0,0,0,0,0,0,0,0,0,-94,0,1,0,139652300,0,31,0,128,0,"[0,0,12,7,11,7,12,7,12,6,11,6,11,6,11,5,11,5,11,4,11,3,11,2,11,2,12,2,12,1,12,1,13,1,13,1,13,1,13,2,13,2,13,3,13,4,12,4,12,4,12,4,11,5,0,0,0,0,0,0,0,0,0,0,0,0,0,0,0,0,0,0,0,0,0,0,9,3,9,4,9,5,9,6,9,6,9,7,9,8,9,8,8,9,8,9,8,9,8,9,8,9,8,8,8,8,8,8,9,8,9,7,9,7,10,7,10,7,11,7,11,7,12,7,12,7,12,7]"
2025-08-18 22:41:53.759468,CSI_DATA,812,1a:00:00:00:00:00,-43,11,0,0,0,0,0,0,0,0,0,-94,0,1,0,139853429,0,31,0,128,0,"[0,0,-14,6,-13,5,-13,6,-13,6,-12,6,-12,6,-11,6,-11,7,-10,7,-10,7,-10,8,-9,8,-9,8,-9,9,-9,9,-9,10,-9,9,-10,10,-10,10,-10,10,-11,9,-11,9,-11,8,-11,7,-12,7,-12,6,0,0,0,0,0,0,0,0,0,0,0,0,0,0,0,0,0,0,0,0,0,0,-9,6,-10,5,-10,5,-11,4,-11,4,-12,4,-13,3,-13,3,-13,2,-13,2,-13,2,-13,2,-13,2,-12,2,-12,2,-12,2,-12,3,-12,3,-12,4,-12,4,-13,5,-13,5,-13,6,-13,6,-13,6,-13,6]"
2025-08-18 22:41:53.961187,CSI_DATA,813,1a:00:00:00:00:00,-42,11,0,0,0,0,0,0,0,0,0,-94,0,1,0,140054605,0,31,0,128,0,"[0,0,13,-6,12,-7,12,-7,12,-7,12,-7,11,-7,10,-7,10,-8,9,-8,9,-8,9,-9,8,-9,8,-9,8,-10,8,-10,8,-11,8,-11,9,-11,9,-11,9,-11,9,-10,10,-10,10,-9,10,-8,10,-8,11,-7,0,0,0,0,0,0,0,0,0,0,0,0,0,0,0,0,0,0,0,0,0,0,8,-6,9,-6,9,-5,10,-5,11,-4,11,-4,12,-3,12,-3,12,-3,12,-2,12,-2,12,-1,12,-2,12,-2,11,-2,11,-3,11,-3,11,-4,12,-4,12,-5,12,-5,12,-6,12,-6,12,-6,13,-6,13,-7]"
2025-08-18 22:41:54.168092,CSI_DATA,814,1a:00:00:00:00:00,-43,11,0,0,0,0,0,0,0,0,0,-94,0,1,0,140255837,0,31,0,128,0,"[0,0,-4,-15,-4,-14,-4,-14,-4,-14,-4,-13,-4,-13,-5,-13,-5,-12,-5,-12,-6,-11,-7,-11,-8,-11,-8,-11,-8,-11,-8,-10,-9,-11,-9,-11,-9,-11,-8,-12,-8,-12,-8,-12,-7,-13,-7,-13,-7,-12,-6,-12,-5,-13,0,0,0,0,0,0,0,0,0,0,0,0,0,0,0,0,0,0,0,0,0,0,-5,-10,-4,-10,-3,-11,-3,-12,-2,-12,-2,-13,-1,-13,0,-13,0,-13,0,-13,0,-13,0,-13,0,-13,0,-13,0,-13,-1,-12,-1,-13,-2,-13,-2,-13,-2,-13,-2,-13,-3,-14,-4,-14,-4,-14,-4,-14,-4,-14]"
2025-08-18 22:41:54.362594,CSI_DATA,815,1a:00:00:00:00:00,-43,11,0,0,0,0,0,0,0,0,0,-94,0,1,0,140457132,0,31,0,128,0,"[0,0,-5,13,-5,13,-5,13,-4,12,-4,12,-4,12,-4,12,-3,12,-2,12,-2,11,-1,11,-1,11,-1,12,0,12,0,12,0,12,0,13,0,13,0,13,-1,13,-1,13,-2,13,-2,13,-3,12,-4,12,-4,12,0,0,0,0,0,0,0,0,0,0,0,0,0,0,0,0,0,0,0,0,0,0,-2,9,-2,10,-3,10,-4,10,-5,10,-6,10,-6,10,-7,10,-7,10,-7,10,-7,10,-7,9,-7,9,-7,9,-7,9,-6,9,-6,10,-6,10,-6,10,-6,11,-5,11,-5,12,-5,12,-5,13,-5,13,-5,13]"
2025-08-18 22:41:54.425591,CSI_DATA,816,1a:00:00:00:00:00,-42,11,0,0,0,0,0,0,0,0,0,-94,0,1,0,140517849,0,42,0,128,0,"[0,0,-15,2,-14,2,-14,1,-14,2,-13,2,-13,2,-13,3,-12,3,-12,3,-12,4,-11,4,-11,5,-11,5,-11,5,-11,6,-11,6,-12,6,-12,6,-12,6,-12,6,-13,5,-13,5,-13,4,-13,4,-13,3,-13,2,0,0,0,0,0,0,0,0,0,0,0,0,0,0,0,0,0,0,0,0,0,0,-10,3,-11,2,-11,2,-12,1,-12,0,-12,0,-13,-1,-13,-1,-13,-2,-13,-2,-13,-2,-12,-2,-12,-2,-12,-2,-12,-1,-12,-1,-12,-1,-13,0,-13,0,-13,0,-13,1,-14,1,-14,2,-14,2,-14,2,-14,2]"
2025-08-18 22:41:54.493232,CSI_DATA,817,1a:00:00:00:00:00,-43,11,0,0,0,0,0,0,0,0,0,-94,0,1,0,140584029,0,31,0,128,0,"[0,0,14,0,14,0,14,0,13,-1,14,-1,13,-1,12,-1,12,-2,12,-2,12,-3,11,-4,11,-4,12,-4,12,-5,12,-5,12,-5,12,-5,13,-5,13,-5,13,-5,13,-4,13,-3,13,-3,13,-2,13,-2,13,-1,0,0,0,0,0,0,0,0,0,0,0,0,0,0,0,0,0,0,0,0,0,0,10,-2,11,-2,11,-1,11,0,11,0,12,1,12,2,12,2,12,3,11,3,11,3,11,3,11,3,11,3,11,3,11,2,12,2,11,1,12,1,12,1,13,0,13,0,13,0,14,0,14,0,14,-1]"
2025-08-18 22:41:54.697149,CSI_DATA,818,1a:00:00:00:00:00,-43,11,0,0,0,0,0,0,0,0,0,-94,0,1,0,140785137,0,31,0,128,0,"[0,0,11,8,11,8,11,7,11,7,11,7,11,6,11,6,11,5,11,5,11,4,11,3,11,3,12,3,12,2,12,2,12,2,12,2,13,2,13,3,13,3,13,4,13,4,12,5,12,5,12,5,11,6,0,0,0,0,0,0,0,0,0,0,0,0,0,0,0,0,0,0,0,0,0,0,9,4,9,4,9,5,9,6,9,7,9,8,8,8,8,9,8,9,7,9,7,9,7,9,7,9,7,9,8,8,8,8,8,8,8,7,9,8,9,8,10,7,11,8,11,7,11,8,11,8,12,7]"
2025-08-18 22:41:54.895321,CSI_DATA,819,1a:00:00:00:00:00,-42,11,0,0,0,0,0,0,0,0,0,-94,0,1,0,140986286,0,31,0,128,0,"[0,0,0,-15,0,-15,0,-14,-1,-14,-1,-14,-1,-14,-1,-14,-2,-13,-2,-13,-3,-13,-4,-12,-4,-12,-5,-12,-5,-12,-6,-13,-6,-13,-6,-13,-6,-13,-5,-14,-5,-14,-4,-14,-4,-14,-3,-14,-3,-14,-2,-14,-2,-14,0,0,0,0,0,0,0,0,0,0,0,0,0,0,0,0,0,0,0,0,0,0,-2,-11,-1,-11,0,-12,0,-12,1,-12,2,-13,2,-13,3,-13,3,-12,4,-12,3,-12,3,-12,3,-12,3,-12,3,-12,3,-12,2,-12,1,-13,1,-13,1,-13,1,-13,1,-14,0,-14,0,-15,0,-15,0,-14]"
2025-08-18 22:41:55.092502,CSI_DATA,820,1a:00:00:00:00:00,-42,11,0,0,0,0,0,0,0,0,0,-94,0,1,0,141187474,0,31,0,128,0,"[0,0,9,-11,8,-11,8,-11,8,-11,7,-11,7,-11,7,-11,6,-11,5,-11,5,-11,4,-12,4,-12,3,-12,3,-12,3,-13,3,-13,3,-13,3,-13,4,-14,4,-13,5,-13,5,-13,5,-13,6,-12,6,-12,7,-11,0,0,0,0,0,0,0,0,0,0,0,0,0,0,0,0,0,0,0,0,0,0,5,-9,6,-9,6,-9,7,-9,8,-9,8,-8,9,-8,9,-8,10,-7,10,-7,10,-7,10,-7,9,-7,9,-7,9,-7,9,-7,9,-8,8,-8,8,-9,8,-9,8,-9,9,-10,8,-11,8,-11,8,-11,9,-11]"
2025-08-18 22:41:55.300268,CSI_DATA,821,1a:00:00:00:00:00,-42,11,0,0,0,0,0,0,0,0,0,-94,0,1,0,141388698,0,31,0,128,0,"[0,0,-4,-13,-4,-13,-5,-13,-5,-13,-5,-13,-5,-12,-5,-12,-5,-11,-6,-11,-6,-10,-7,-10,-7,-10,-7,-10,-8,-10,-8,-10,-9,-10,-8,-10,-9,-11,-9,-11,-8,-11,-8,-12,-8,-12,-7,-12,-6,-12,-6,-12,-5,-12,0,0,0,0,0,0,0,0,0,0,0,0,0,0,0,0,0,0,0,0,0,0,-5,-9,-4,-10,-4,-10,-3,-11,-3,-11,-2,-12,-2,-12,-1,-12,-1,-12,0,-12,0,-12,0,-12,0,-12,-1,-12,-1,-12,-1,-12,-2,-12,-2,-12,-2,-13,-3,-12,-3,-12,-3,-13,-4,-13,-4,-13,-4,-13,-4,-13]"
2025-08-18 22:41:55.500992,CSI_DATA,822,1a:00:00:00:00:00,-42,11,0,0,0,0,0,0,0,0,0,-94,0,1,0,141589991,0,31,0,128,0,"[0,0,-14,-4,-14,-4,-14,-4,-13,-4,-13,-4,-13,-3,-13,-3,-12,-2,-13,-1,-12,-1,-13,0,-12,0,-12,1,-13,1,-13,1,-13,2,-13,1,-14,1,-14,1,-14,1,-14,1,-14,0,-14,-1,-14,-1,-13,-2,-13,-3,0,0,0,0,0,0,0,0,0,0,0,0,0,0,0,0,0,0,0,0,0,0,-11,-2,-11,-3,-11,-4,-11,-5,-11,-5,-11,-6,-11,-6,-11,-7,-11,-7,-10,-8,-10,-8,-10,-8,-10,-8,-10,-7,-10,-7,-10,-6,-11,-6,-11,-6,-12,-6,-12,-5,-12,-5,-13,-5,-13,-5,-14,-5,-14,-5,-14,-5]"
2025-08-18 22:41:55.701613,CSI_DATA,823,1a:00:00:00:00:00,-42,11,0,0,0,0,0,0,0,0,0,-94,0,1,0,141791148,0,31,0,128,0,"[0,0,-2,-15,-2,-15,-2,-15,-2,-14,-3,-14,-3,-14,-3,-13,-4,-13,-4,-12,-5,-12,-5,-12,-6,-12,-6,-12,-6,-12,-7,-12,-7,-12,-7,-12,-7,-13,-7,-13,-7,-13,-6,-13,-5,-14,-5,-14,-4,-14,-3,-13,-3,-14,0,0,0,0,0,0,0,0,0,0,0,0,0,0,0,0,0,0,0,0,0,0,-4,-10,-3,-11,-2,-12,-2,-12,-1,-13,0,-13,0,-13,1,-13,1,-13,2,-13,2,-13,2,-13,2,-13,1,-12,1,-13,1,-12,0,-13,0,-13,0,-13,-1,-13,-1,-14,-2,-14,-2,-14,-2,-15,-2,-15,-2,-15]"
2025-08-18 22:41:55.903603,CSI_DATA,824,1a:00:00:00:00:00,-42,11,0,0,0,0,0,0,0,0,0,-94,0,1,0,141992246,0,31,0,128,0,"[0,0,13,-6,13,-7,12,-7,13,-7,12,-7,12,-7,11,-7,11,-8,10,-8,10,-9,9,-9,9,-10,8,-10,8,-10,8,-11,8,-10,9,-11,9,-11,9,-11,10,-11,10,-10,10,-10,11,-9,11,-9,11,-8,11,-7,0,0,0,0,0,0,0,0,0,0,0,0,0,0,0,0,0,0,0,0,0,0,8,-7,9,-6,10,-6,10,-5,11,-5,11,-4,12,-4,12,-3,12,-3,13,-3,12,-2,12,-2,12,-2,12,-3,11,-3,12,-3,11,-4,12,-5,12,-5,12,-5,12,-5,12,-6,13,-7,13,-7,13,-7,13,-7]"
2025-08-18 22:41:55.962086,CSI_DATA,825,1a:00:00:00:00:00,-42,11,0,0,0,0,0,0,0,0,0,-94,0,1,0,142053016,0,42,0,128,0,"[0,0,1,-15,1,-14,1,-14,1,-14,1,-14,0,-13,0,-13,-1,-13,-1,-13,-2,-12,-2,-13,-3,-12,-3,-12,-3,-13,-4,-13,-4,-13,-4,-13,-4,-13,-4,-14,-4,-14,-3,-14,-3,-14,-2,-14,-1,-14,-1,-13,0,-13,0,0,0,0,0,0,0,0,0,0,0,0,0,0,0,0,0,0,0,0,0,0,-1,-11,0,-11,1,-11,2,-11,2,-12,3,-12,3,-12,3,-12,4,-12,5,-12,5,-11,5,-11,4,-11,4,-11,4,-11,4,-11,3,-12,3,-12,3,-12,2,-13,2,-13,2,-14,1,-14,1,-14,2,-14,1,-14]"
2025-08-18 22:41:56.022564,CSI_DATA,826,1a:00:00:00:00:00,-42,11,0,0,0,0,0,0,0,0,0,-94,0,1,0,142120467,0,31,0,128,0,"[0,0,4,14,3,14,3,13,4,13,4,13,4,13,4,12,4,12,5,11,6,11,6,10,7,10,7,10,7,10,8,10,8,10,8,11,8,11,8,11,8,12,7,11,7,12,6,12,6,12,5,12,4,12,0,0,0,0,0,0,0,0,0,0,0,0,0,0,0,0,0,0,0,0,0,0,4,9,4,10,3,10,2,11,2,12,1,12,1,12,0,12,0,12,-1,12,-1,12,-1,12,-1,12,0,12,0,12,0,12,1,12,1,12,2,12,2,13,2,13,3,13,3,13,4,13,3,14,4,14]"
2025-08-18 22:41:56.232711,CSI_DATA,827,1a:00:00:00:00:00,-42,11,0,0,0,0,0,0,0,0,0,-94,0,1,0,142321956,0,31,0,128,0,"[0,0,4,-15,4,-14,4,-15,3,-13,3,-14,2,-14,2,-13,1,-14,1,-13,0,-13,0,-13,-1,-13,-1,-13,-2,-14,-2,-13,-2,-14,-2,-14,-2,-15,-2,-15,-2,-15,-1,-15,0,-15,0,-14,1,-14,1,-14,2,-14,0,0,0,0,0,0,0,0,0,0,0,0,0,0,0,0,0,0,0,0,0,0,2,-11,2,-11,3,-11,4,-12,4,-11,5,-12,6,-12,6,-11,6,-11,7,-11,7,-11,7,-10,7,-11,6,-11,6,-11,6,-11,6,-12,4,-12,5,-13,5,-13,4,-13,4,-13,4,-14,4,-14,4,-14,4,-15]"
2025-08-18 22:41:56.425002,CSI_DATA,828,1a:00:00:00:00:00,-42,11,0,0,0,0,0,0,0,0,0,-94,0,1,0,142522806,0,31,0,128,0,"[0,0,13,4,13,4,12,3,13,3,12,3,12,3,12,2,12,2,12,1,12,0,12,0,12,-1,12,-1,12,-1,12,-2,12,-2,13,-2,13,-2,13,-1,13,-1,13,0,13,1,13,1,13,1,12,2,12,3,0,0,0,0,0,0,0,0,0,0,0,0,0,0,0,0,0,0,0,0,0,0,9,0,10,1,10,2,10,3,10,3,10,4,10,5,10,5,10,6,10,6,10,6,10,6,10,6,10,6,9,5,10,5,10,5,11,4,11,4,11,4,11,4,12,4,13,4,13,3,13,3,13,3]"
2025-08-18 22:41:56.636088,CSI_DATA,829,1a:00:00:00:00:00,-42,11,0,0,0,0,0,0,0,0,0,-94,0,1,0,142724265,0,31,0,128,0,"[0,0,-7,-13,-7,-13,-7,-13,-8,-12,-7,-12,-7,-11,-8,-11,-8,-10,-8,-10,-9,-9,-9,-9,-9,-9,-10,-9,-10,-8,-11,-8,-11,-8,-11,-8,-11,-9,-11,-9,-11,-9,-11,-10,-10,-10,-9,-11,-9,-11,-8,-11,-8,-11,0,0,0,0,0,0,0,0,0,0,0,0,0,0,0,0,0,0,0,0,0,0,-7,-8,-6,-9,-6,-10,-5,-11,-5,-11,-4,-12,-4,-12,-4,-12,-3,-12,-3,-12,-3,-12,-3,-12,-3,-12,-3,-12,-3,-12,-3,-12,-4,-11,-5,-12,-5,-12,-5,-12,-6,-12,-6,-12,-7,-12,-7,-13,-7,-13,-7,-13]"
2025-08-18 22:41:56.833684,CSI_DATA,830,1a:00:00:00:00:00,-43,11,0,0,0,0,0,0,0,0,0,-94,0,1,0,142925378,0,31,0,128,0,"[0,0,1,-15,1,-15,1,-14,0,-15,0,-14,0,-14,0,-13,-1,-13,-2,-13,-2,-13,-3,-13,-3,-12,-4,-13,-4,-12,-5,-13,-5,-13,-5,-13,-5,-13,-4,-14,-4,-14,-4,-14,-3,-15,-2,-15,-2,-14,-1,-14,0,-14,0,0,0,0,0,0,0,0,0,0,0,0,0,0,0,0,0,0,0,0,0,0,-1,-11,0,-11,1,-12,1,-12,2,-12,3,-12,3,-12,4,-12,4,-12,5,-12,5,-12,4,-12,4,-12,4,-12,4,-12,4,-12,3,-12,2,-12,2,-12,2,-13,2,-13,2,-14,1,-14,1,-14,1,-14,1,-15]"
2025-08-18 22:41:57.038543,CSI_DATA,831,1a:00:00:00:00:00,-42,11,0,0,0,0,0,0,0,0,0,-94,0,1,0,143126526,0,31,0,128,0,"[0,0,-9,-12,-9,-12,-9,-11,-9,-12,-9,-11,-9,-11,-9,-10,-9,-10,-9,-9,-10,-9,-10,-8,-10,-8,-11,-7,-11,-7,-11,-7,-11,-7,-12,-8,-12,-7,-12,-8,-12,-8,-11,-9,-11,-9,-10,-10,-10,-10,-9,-10,-9,-11,0,0,0,0,0,0,0,0,0,0,0,0,0,0,0,0,0,0,0,0,0,0,-8,-8,-8,-8,-7,-9,-7,-10,-7,-10,-6,-11,-6,-11,-5,-12,-5,-12,-5,-12,-5,-12,-4,-12,-4,-12,-5,-12,-5,-11,-5,-11,-6,-11,-7,-11,-6,-11,-7,-11,-7,-11,-8,-12,-8,-12,-9,-12,-9,-12,-9,-12]"
2025-08-18 22:41:57.230536,CSI_DATA,832,1a:00:00:00:00:00,-43,11,0,0,0,0,0,0,0,0,0,-94,0,1,0,143327774,0,31,0,128,0,"[0,0,1,14,1,14,1,14,1,13,1,13,1,13,2,12,2,12,3,11,3,11,4,11,4,11,5,11,5,10,6,11,6,11,6,12,6,12,6,12,5,12,5,12,4,12,3,13,3,13,2,12,1,12,0,0,0,0,0,0,0,0,0,0,0,0,0,0,0,0,0,0,0,0,0,0,2,10,2,10,1,11,0,11,0,12,-1,12,-2,12,-2,12,-2,12,-3,12,-3,12,-3,11,-3,11,-3,11,-2,11,-2,11,-2,12,-1,12,-1,12,0,12,0,13,0,13,0,14,0,14,0,14,1,14]"
2025-08-18 22:41:57.439669,CSI_DATA,833,1a:00:00:00:00:00,-42,11,0,0,0,0,0,0,0,0,0,-94,0,1,0,143528894,0,31,0,128,0,"[0,0,-14,5,-14,5,-13,5,-13,5,-12,5,-12,5,-11,6,-11,6,-11,6,-10,7,-10,7,-10,7,-10,8,-9,8,-9,9,-9,9,-10,9,-10,9,-10,9,-10,9,-11,9,-11,8,-12,7,-12,7,-12,6,-12,5,0,0,0,0,0,0,0,0,0,0,0,0,0,0,0,0,0,0,0,0,0,0,-9,4,-10,4,-11,3,-11,3,-12,3,-12,2,-12,2,-13,1,-13,1,-13,0,-13,0,-12,0,-12,0,-12,0,-12,1,-12,1,-12,2,-12,2,-12,2,-12,3,-13,4,-13,4,-13,5,-13,5,-13,4,-13,5]"
2025-08-18 22:41:57.496746,CSI_DATA,834,1a:00:00:00:00:00,-43,11,0,0,0,0,0,0,0,0,0,-94,0,1,0,143590853,0,42,0,128,0,"[0,0,9,-11,8,-11,8,-11,8,-11,8,-11,7,-11,7,-11,6,-11,6,-11,5,-11,5,-12,4,-12,4,-12,4,-12,3,-13,3,-13,4,-13,4,-14,4,-13,4,-14,5,-13,6,-13,6,-12,6,-12,7,-11,8,-11,0,0,0,0,0,0,0,0,0,0,0,0,0,0,0,0,0,0,0,0,0,0,4,-9,5,-10,6,-9,7,-9,8,-9,9,-9,9,-8,9,-8,10,-8,10,-7,10,-7,10,-7,10,-7,9,-7,9,-8,9,-8,9,-8,8,-9,9,-9,9,-10,9,-10,9,-10,8,-11,9,-11,9,-11,9,-11]"
2025-08-18 22:41:57.582569,CSI_DATA,835,1a:00:00:00:00:00,-43,11,0,0,0,0,0,0,0,0,0,-94,0,1,0,143676995,0,31,0,128,0,"[0,0,-4,13,-4,13,-4,13,-3,13,-3,12,-3,12,-2,12,-1,12,-1,12,0,12,0,11,1,11,1,12,1,12,2,12,2,12,2,13,2,13,2,13,2,13,1,13,0,13,0,13,-1,13,-2,13,-2,12,0,0,0,0,0,0,0,0,0,0,0,0,0,0,0,0,0,0,0,0,0,0,-1,10,-2,10,-3,10,-4,10,-5,11,-5,11,-6,11,-6,11,-7,10,-7,10,-7,10,-7,10,-7,10,-7,10,-6,10,-6,10,-6,10,-5,11,-5,11,-4,11,-4,12,-4,12,-4,13,-4,13,-4,13,-4,13]"
2025-08-18 22:41:57.784466,CSI_DATA,836,1a:00:00:00:00:00,-43,11,0,0,0,0,0,0,0,0,0,-94,0,1,0,143878217,0,31,0,128,0,"[0,0,12,-8,11,-8,11,-8,11,-8,11,-8,10,-8,10,-9,9,-9,9,-9,8,-9,8,-9,7,-10,7,-10,7,-11,7,-11,7,-11,7,-12,7,-12,7,-12,8,-12,8,-12,8,-11,9,-11,10,-10,10,-9,10,-9,0,0,0,0,0,0,0,0,0,0,0,0,0,0,0,0,0,0,0,0,0,0,8,-7,9,-6,10,-6,10,-5,11,-5,11,-5,12,-4,12,-4,12,-4,12,-3,12,-2,12,-3,12,-2,11,-3,11,-3,11,-4,11,-4,11,-5,11,-5,11,-6,11,-6,11,-7,12,-7,12,-7,12,-7,12,-8]"
2025-08-18 22:41:57.988150,CSI_DATA,837,1a:00:00:00:00:00,-43,11,0,0,0,0,0,0,0,0,0,-94,0,1,0,144079323,0,31,0,128,0,"[0,0,-14,7,-13,6,-12,6,-11,7,-12,7,-12,6,-11,6,-12,7,-10,8,-10,8,-10,8,-8,9,-8,8,-8,9,-9,9,-8,10,-8,11,-9,10,-9,10,-10,11,-9,11,-10,9,-10,9,-11,9,-11,7,-11,7,0,0,0,0,0,0,0,0,0,0,0,0,0,0,0,0,0,0,0,0,0,0,-9,6,-10,5,-11,5,-11,4,-12,4,-12,3,-13,3,-13,3,-13,2,-13,2,-13,2,-13,1,-13,2,-12,2,-12,2,-12,2,-12,3,-12,4,-12,4,-12,4,-12,5,-13,5,-13,6,-14,6,-13,6,-13,7]"
2025-08-18 22:41:58.186834,CSI_DATA,838,1a:00:00:00:00:00,-43,11,0,0,0,0,0,0,0,0,0,-94,0,1,0,144280582,0,31,0,128,0,"[0,0,7,-12,7,-12,7,-12,7,-12,6,-12,6,-12,5,-12,5,-12,4,-12,3,-12,3,-12,2,-12,2,-12,2,-13,2,-13,1,-13,2,-14,2,-14,2,-14,2,-14,3,-14,4,-14,4,-14,4,-13,5,-12,6,-12,0,0,0,0,0,0,0,0,0,0,0,0,0,0,0,0,0,0,0,0,0,0,4,-10,5,-10,6,-10,6,-10,7,-10,8,-9,8,-9,9,-9,9,-9,9,-8,9,-8,9,-8,9,-8,9,-8,8,-8,8,-9,8,-9,7,-10,8,-10,7,-11,7,-11,7,-11,7,-12,7,-12,8,-12,7,-12]"
2025-08-18 22:41:58.384049,CSI_DATA,839,1a:00:00:00:00:00,-43,11,0,0,0,0,0,0,0,0,0,-94,0,1,0,144484546,0,31,0,128,0,"[0,0,11,10,11,9,10,8,10,8,10,9,10,7,10,7,10,6,10,6,10,4,11,4,10,4,11,3,11,3,12,3,12,3,11,4,12,2,12,4,13,5,10,6,13,6,10,5,10,5,9,6,9,7,0,0,0,0,0,0,0,0,0,0,0,0,0,0,0,0,0,0,0,0,0,0,8,4,9,5,8,6,8,7,8,7,8,8,7,8,7,9,7,9,7,9,7,9,6,9,6,9,7,9,7,9,7,8,7,8,8,8,8,8,8,8,9,8,9,8,10,8,10,8,10,9,11,8]"
2025-08-18 22:41:58.594275,CSI_DATA,840,1a:00:00:00:00:00,-42,11,0,0,0,0,0,0,0,0,0,-94,0,1,0,144685952,0,31,0,128,0,"[0,0,-15,1,-16,1,-15,1,-15,1,-14,2,-13,1,-14,2,-13,2,-13,2,-13,3,-12,4,-12,4,-12,5,-11,5,-12,6,-12,6,-13,6,-12,4,-13,5,-15,4,-12,5,-13,3,-14,2,-12,2,-12,2,-13,2,0,0,0,0,0,0,0,0,0,0,0,0,0,0,0,0,0,0,0,0,0,0,-10,2,-11,2,-11,1,-11,0,-12,0,-12,-1,-13,-2,-12,-2,-13,-2,-12,-3,-12,-3,-12,-3,-12,-3,-12,-2,-12,-2,-12,-2,-12,-1,-13,-1,-13,-1,-14,0,-14,0,-14,0,-14,1,-15,1,-15,1,-15,1]"
2025-08-18 22:41:58.904713,CSI_DATA,841,1a:00:00:00:00:00,-43,11,0,0,0,0,0,0,0,0,0,-94,0,1,0,144884461,0,31,0,128,0,"[0,0,-11,-11,-11,-11,-11,-10,-11,-10,-11,-10,-11,-9,-11,-8,-11,-8,-12,-7,-12,-7,-12,-6,-12,-6,-13,-6,-13,-5,-13,-5,-14,-5,-14,-5,-14,-5,-14,-6,-14,-6,-14,-7,-13,-8,-13,-8,-13,-8,-12,-9,-12,-9,0,0,0,0,0,0,0,0,0,0,0,0,0,0,0,0,0,0,0,0,0,0,-9,-7,-9,-7,-9,-8,-9,-9,-8,-9,-8,-10,-8,-11,-8,-11,-7,-11,-7,-11,-7,-11,-6,-11,-7,-11,-7,-11,-7,-11,-7,-10,-8,-10,-8,-10,-9,-10,-9,-10,-10,-10,-10,-10,-11,-10,-11,-10,-11,-11,-11,-10]"
2025-08-18 22:41:58.992699,CSI_DATA,842,1a:00:00:00:00:00,-43,11,0,0,0,0,0,0,0,0,0,-94,0,1,0,145085930,0,31,0,128,0,"[0,0,11,-9,11,-9,10,-8,10,-9,10,-9,10,-9,9,-9,9,-9,8,-9,8,-10,7,-10,7,-11,7,-11,7,-11,7,-12,7,-12,6,-12,7,-12,8,-12,8,-12,9,-12,9,-11,9,-11,9,-10,10,-10,10,-9,0,0,0,0,0,0,0,0,0,0,0,0,0,0,0,0,0,0,0,0,0,0,7,-8,7,-7,8,-7,9,-7,9,-6,10,-6,10,-5,11,-5,11,-5,11,-4,11,-5,11,-4,11,-4,10,-5,10,-5,10,-5,10,-5,10,-6,10,-6,10,-7,10,-7,11,-7,10,-8,10,-9,11,-9,11,-9]"
2025-08-18 22:41:59.057416,CSI_DATA,843,1a:00:00:00:00:00,-43,11,0,0,0,0,0,0,0,0,0,-94,0,1,0,145146138,0,42,0,128,0,"[0,0,-3,-14,-3,-15,-4,-14,-4,-14,-4,-14,-4,-13,-5,-13,-5,-13,-6,-12,-6,-12,-6,-11,-7,-11,-7,-11,-8,-11,-8,-11,-9,-11,-9,-12,-9,-11,-9,-12,-8,-13,-8,-13,-7,-13,-7,-14,-6,-14,-5,-13,-5,-13,0,0,0,0,0,0,0,0,0,0,0,0,0,0,0,0,0,0,0,0,0,0,-3,-10,-3,-11,-2,-11,-2,-12,-1,-12,0,-12,0,-13,1,-13,1,-13,1,-13,1,-12,1,-12,1,-12,1,-12,1,-12,0,-12,0,-12,-1,-13,-1,-13,-2,-13,-2,-13,-2,-14,-3,-14,-3,-14,-3,-14,-3,-14]"
2025-08-18 22:41:59.091720,CSI_DATA,844,1a:00:00:00:00:00,-43,11,0,0,0,0,0,0,0,0,0,-94,0,1,0,145191670,0,31,0,128,0,"[0,0,10,10,10,10,9,10,9,9,9,9,9,9,9,8,9,7,9,7,10,6,10,6,10,5,11,5,11,5,11,5,12,5,12,5,12,5,12,6,12,6,12,7,12,7,11,8,11,8,10,8,9,9,0,0,0,0,0,0,0,0,0,0,0,0,0,0,0,0,0,0,0,0,0,0,8,6,8,6,7,7,7,8,7,8,7,9,6,10,6,10,6,10,5,10,5,10,5,10,5,10,5,10,6,10,5,10,6,9,6,9,7,9,7,9,8,9,8,10,9,9,9,9,9,10,10,10]"
2025-08-18 22:41:59.304090,CSI_DATA,845,1a:00:00:00:00:00,-42,11,0,0,0,0,0,0,0,0,0,-94,0,1,0,145393082,0,31,0,128,0,"[0,0,10,-10,10,-11,9,-11,10,-11,9,-11,9,-11,8,-10,8,-11,7,-11,6,-11,6,-11,5,-11,5,-12,5,-12,5,-12,5,-12,5,-13,6,-13,6,-13,6,-13,7,-13,7,-12,8,-12,8,-11,9,-10,9,-10,0,0,0,0,0,0,0,0,0,0,0,0,0,0,0,0,0,0,0,0,0,0,5,-9,6,-9,7,-9,7,-8,8,-8,9,-8,9,-8,9,-8,10,-7,10,-7,10,-7,10,-6,10,-6,10,-7,9,-7,9,-7,9,-8,9,-8,9,-8,9,-9,9,-9,9,-10,9,-10,10,-11,10,-10,10,-11]"
2025-08-18 22:41:59.500514,CSI_DATA,846,1a:00:00:00:00:00,-42,11,0,0,0,0,0,0,0,0,0,-94,0,1,0,145593632,0,31,0,128,0,"[0,0,6,-14,6,-14,6,-13,6,-14,5,-13,5,-13,5,-13,4,-13,3,-13,3,-13,2,-13,2,-13,1,-13,1,-13,1,-14,0,-14,1,-15,1,-14,1,-15,1,-15,2,-15,2,-15,3,-14,4,-14,4,-13,5,-13,0,0,0,0,0,0,0,0,0,0,0,0,0,0,0,0,0,0,0,0,0,0,3,-11,3,-10,4,-11,5,-11,6,-11,6,-11,7,-11,7,-10,8,-10,8,-10,8,-10,8,-9,8,-10,8,-10,8,-10,7,-10,6,-10,7,-11,7,-11,7,-12,6,-12,6,-13,6,-14,6,-14,6,-14,6,-14]"
2025-08-18 22:41:59.696484,CSI_DATA,847,1a:00:00:00:00:00,-43,11,0,0,0,0,0,0,0,0,0,-94,0,1,0,145794753,0,31,0,128,0,"[0,0,13,4,13,4,13,4,13,4,12,3,12,3,12,3,12,2,12,1,12,1,12,0,11,0,12,0,12,-1,12,-1,13,-2,13,-1,13,-1,14,-1,13,0,14,0,13,1,13,1,13,2,12,3,12,3,0,0,0,0,0,0,0,0,0,0,0,0,0,0,0,0,0,0,0,0,0,0,9,1,10,2,10,3,10,3,10,4,10,5,10,5,10,6,10,6,9,7,9,7,9,7,9,6,9,6,9,6,9,6,10,5,10,5,11,5,11,4,11,4,12,4,12,4,12,4,13,4,13,4]"
2025-08-18 22:41:59.901822,CSI_DATA,848,1a:00:00:00:00:00,-42,11,0,0,0,0,0,0,0,0,0,-94,0,1,0,145995921,0,31,0,128,0,"[0,0,13,-6,13,-6,12,-5,12,-6,11,-6,11,-6,11,-6,10,-7,10,-7,10,-7,9,-8,9,-8,9,-9,8,-9,9,-10,9,-9,9,-9,9,-10,10,-9,10,-9,10,-9,10,-8,11,-8,11,-7,11,-6,11,-6,0,0,0,0,0,0,0,0,0,0,0,0,0,0,0,0,0,0,0,0,0,0,8,-6,8,-6,9,-5,10,-5,10,-5,11,-4,11,-4,12,-3,12,-3,12,-2,12,-2,11,-2,12,-2,11,-2,11,-2,11,-3,11,-3,11,-4,11,-4,12,-5,12,-5,12,-6,12,-6,12,-6,13,-6,13,-6]"
2025-08-18 22:42:00.107603,CSI_DATA,849,1a:00:00:00:00:00,-42,11,0,0,0,0,0,0,0,0,0,-94,0,1,0,146197321,0,31,0,128,0,"[0,0,-15,-4,-15,-4,-15,-4,-14,-3,-14,-3,-13,-3,-13,-2,-13,-2,-13,-1,-13,0,-13,0,-13,1,-13,1,-13,1,-13,1,-13,2,-14,2,-14,2,-14,1,-14,1,-14,0,-14,0,-14,-1,-14,-1,-13,-2,-13,-2,0,0,0,0,0,0,0,0,0,0,0,0,0,0,0,0,0,0,0,0,0,0,-11,-1,-11,-2,-11,-3,-11,-3,-12,-4,-12,-4,-12,-5,-12,-6,-12,-6,-11,-6,-11,-6,-11,-6,-11,-6,-11,-6,-11,-6,-11,-5,-12,-5,-12,-5,-12,-4,-13,-4,-13,-4,-14,-4,-14,-3,-14,-3,-15,-3,-15,-4]"
2025-08-18 22:42:00.304049,CSI_DATA,850,1a:00:00:00:00:00,-42,11,0,0,0,0,0,0,0,0,0,-94,0,1,0,146398420,0,31,0,128,0,"[0,0,-4,14,-4,13,-4,13,-4,13,-3,13,-3,13,-3,12,-2,12,-1,12,-1,12,-1,12,0,12,0,12,1,12,2,12,2,12,1,13,2,13,1,13,1,13,0,13,0,13,-1,13,-2,12,-2,12,-3,12,0,0,0,0,0,0,0,0,0,0,0,0,0,0,0,0,0,0,0,0,0,0,-2,10,-2,10,-3,10,-4,10,-5,11,-5,11,-6,11,-6,11,-7,11,-7,10,-7,10,-7,10,-7,10,-7,10,-6,10,-6,10,-6,10,-5,11,-5,11,-5,12,-5,12,-4,13,-4,13,-4,13,-4,13,-4,14]"
2025-08-18 22:42:00.510819,CSI_DATA,851,1a:00:00:00:00:00,-42,11,0,0,0,0,0,0,0,0,0,-94,0,1,0,146599567,0,31,0,128,0,"[0,0,-14,-5,-14,-5,-14,-5,-14,-5,-14,-5,-13,-4,-13,-4,-13,-3,-13,-3,-13,-2,-13,-2,-13,-1,-13,-1,-13,0,-13,0,-13,0,-13,0,-14,0,-14,0,-14,-1,-14,-1,-14,-2,-13,-2,-13,-3,-13,-3,-12,-4,0,0,0,0,0,0,0,0,0,0,0,0,0,0,0,0,0,0,0,0,0,0,-10,-2,-11,-3,-11,-3,-11,-4,-11,-5,-11,-5,-11,-6,-11,-7,-11,-7,-11,-7,-10,-7,-10,-7,-10,-7,-11,-7,-11,-7,-11,-6,-11,-6,-12,-6,-12,-6,-12,-5,-13,-5,-13,-5,-14,-5,-14,-5,-14,-5,-14,-5]"
2025-08-18 22:42:00.570414,CSI_DATA,852,1a:00:00:00:00:00,-42,11,0,0,0,0,0,0,0,0,0,-94,0,1,0,146660355,0,42,0,128,0,"[0,0,0,-15,0,-15,0,-15,0,-15,-1,-14,0,-14,-1,-14,-1,-13,-2,-13,-3,-13,-3,-13,-4,-12,-4,-13,-4,-13,-5,-13,-5,-13,-5,-13,-5,-13,-5,-14,-4,-14,-4,-14,-3,-14,-2,-14,-2,-14,-2,-13,-1,-13,0,0,0,0,0,0,0,0,0,0,0,0,0,0,0,0,0,0,0,0,0,0,-3,-11,-2,-11,-1,-12,0,-12,0,-13,1,-13,2,-13,2,-13,3,-13,3,-13,3,-13,3,-13,3,-12,3,-12,2,-12,2,-12,2,-13,1,-13,1,-13,1,-14,1,-14,0,-14,0,-15,-1,-15,0,-15,0,-15]"
2025-08-18 22:42:00.637233,CSI_DATA,853,1a:00:00:00:00:00,-42,11,0,0,0,0,0,0,0,0,0,-94,0,1,0,146727943,0,31,0,128,0,"[0,0,-11,9,-11,9,-11,9,-11,9,-10,9,-10,9,-9,9,-9,9,-8,9,-8,9,-7,10,-7,10,-7,10,-6,10,-6,11,-6,11,-6,11,-6,11,-7,11,-7,11,-8,11,-8,10,-8,10,-9,9,-9,9,-9,8,0,0,0,0,0,0,0,0,0,0,0,0,0,0,0,0,0,0,0,0,0,0,-6,8,-7,8,-8,8,-9,7,-9,7,-10,7,-11,6,-11,6,-11,6,-11,5,-11,5,-11,5,-11,5,-11,6,-11,5,-11,6,-11,6,-10,7,-10,7,-11,8,-10,8,-11,8,-11,9,-11,9,-11,10,-11,9]"
2025-08-18 22:42:00.837144,CSI_DATA,854,1a:00:00:00:00:00,-42,11,0,0,0,0,0,0,0,0,0,-94,0,1,0,146928985,0,31,0,128,0,"[0,0,-1,14,-1,14,-1,14,0,13,0,13,0,13,0,12,1,12,1,12,2,11,2,11,3,11,3,11,4,11,4,11,4,11,4,12,4,12,4,12,4,12,3,12,3,12,2,12,2,12,1,12,0,12,0,0,0,0,0,0,0,0,0,0,0,0,0,0,0,0,0,0,0,0,0,0,1,9,0,10,0,10,-1,11,-2,11,-2,11,-3,12,-3,11,-4,12,-4,11,-4,11,-4,11,-4,11,-4,11,-4,11,-3,11,-3,11,-2,11,-2,12,-2,12,-1,12,-1,13,-1,13,-1,14,-1,14,-1,14]"
2025-08-18 22:42:01.041136,CSI_DATA,855,1a:00:00:00:00:00,-42,11,0,0,0,0,0,0,0,0,0,-94,0,1,0,147130163,0,31,0,128,0,"[0,0,-16,4,-15,4,-15,3,-14,4,-14,4,-14,4,-13,4,-13,5,-12,5,-12,6,-12,6,-11,6,-11,6,-11,7,-11,8,-11,8,-11,8,-12,8,-12,8,-12,8,-13,7,-13,6,-13,6,-13,5,-13,5,-13,4,0,0,0,0,0,0,0,0,0,0,0,0,0,0,0,0,0,0,0,0,0,0,-10,4,-11,4,-11,3,-13,2,-12,2,-13,1,-13,1,-14,0,-14,0,-13,-1,-14,-1,-13,-1,-13,-1,-13,0,-13,0,-13,0,-14,1,-13,1,-14,2,-14,2,-14,3,-14,3,-15,3,-15,4,-15,3,-15,4]"
2025-08-18 22:42:01.230916,CSI_DATA,856,1a:00:00:00:00:00,-42,11,0,0,0,0,0,0,0,0,0,-94,0,1,0,147331504,0,31,0,128,0,"[0,0,12,8,11,8,11,8,11,7,11,7,10,7,10,6,11,5,11,5,11,4,11,4,11,3,11,3,11,3,12,2,12,3,12,2,12,3,13,3,12,4,12,4,12,5,11,5,11,5,11,5,10,6,0,0,0,0,0,0,0,0,0,0,0,0,0,0,0,0,0,0,0,0,0,0,9,3,9,4,9,5,9,6,9,6,9,7,8,8,8,8,8,9,8,9,8,9,8,8,8,8,8,8,8,8,8,8,8,8,9,7,9,7,10,8,10,8,10,8,11,7,12,7,12,7,12,7]"
2025-08-18 22:42:01.432859,CSI_DATA,857,1a:00:00:00:00:00,-42,11,0,0,0,0,0,0,0,0,0,-94,0,1,0,147532605,0,31,0,128,0,"[0,0,8,11,8,11,8,11,8,10,8,10,8,10,8,9,8,9,8,8,9,7,9,7,9,6,9,6,10,6,10,6,11,6,11,7,11,6,11,7,11,7,10,8,10,8,9,8,9,9,8,9,7,9,0,0,0,0,0,0,0,0,0,0,0,0,0,0,0,0,0,0,0,0,0,0,7,6,7,7,7,8,6,8,6,9,6,10,6,10,5,10,5,11,4,11,4,11,4,11,4,11,4,11,4,10,5,10,5,10,6,10,6,10,7,10,7,10,7,10,8,10,8,11,8,11,9,11]"
2025-08-18 22:42:01.643143,CSI_DATA,858,1a:00:00:00:00:00,-42,11,0,0,0,0,0,0,0,0,0,-94,0,1,0,147733754,0,31,0,128,0,"[0,0,-15,-1,-15,-1,-14,-1,-14,-1,-14,0,-14,0,-13,0,-13,1,-13,1,-12,2,-12,2,-12,3,-12,3,-12,3,-12,4,-12,4,-13,4,-13,4,-13,4,-14,3,-14,3,-14,2,-14,2,-13,1,-13,1,-13,0,0,0,0,0,0,0,0,0,0,0,0,0,0,0,0,0,0,0,0,0,0,0,-11,1,-11,0,-11,0,-12,-1,-12,-1,-12,-2,-13,-3,-13,-3,-13,-4,-12,-4,-12,-4,-12,-4,-12,-4,-12,-4,-12,-4,-12,-3,-12,-3,-13,-2,-13,-2,-13,-2,-14,-2,-14,-1,-15,-1,-15,-1,-15,-1,-15,-1]"
2025-08-18 22:42:01.844289,CSI_DATA,859,1a:00:00:00:00:00,-42,11,0,0,0,0,0,0,0,0,0,-94,0,1,0,147934913,0,31,0,128,0,"[0,0,0,-15,0,-15,0,-14,-1,-14,-1,-14,-1,-14,-1,-14,-2,-13,-2,-13,-3,-12,-3,-12,-4,-12,-4,-12,-5,-12,-5,-12,-5,-12,-5,-13,-5,-13,-5,-13,-4,-13,-4,-13,-3,-13,-3,-14,-2,-13,-2,-13,-1,-13,0,0,0,0,0,0,0,0,0,0,0,0,0,0,0,0,0,0,0,0,0,0,-2,-10,-1,-11,-1,-12,0,-12,1,-12,1,-12,2,-12,2,-13,3,-12,3,-12,3,-12,3,-12,3,-12,3,-12,3,-12,2,-12,2,-12,1,-13,1,-13,1,-13,1,-14,0,-14,0,-14,0,-15,0,-15,0,-15]"
2025-08-18 22:42:02.039590,CSI_DATA,860,1a:00:00:00:00:00,-42,11,0,0,0,0,0,0,0,0,0,-94,0,1,0,148136031,0,31,0,128,0,"[0,0,14,1,14,1,14,1,14,1,14,0,13,0,13,0,12,-1,12,-1,12,-2,12,-3,12,-3,12,-3,12,-4,12,-4,12,-4,12,-4,13,-4,13,-4,13,-3,13,-3,13,-2,13,-2,13,-1,12,-1,12,0,0,0,0,0,0,0,0,0,0,0,0,0,0,0,0,0,0,0,0,0,0,0,10,-2,10,-1,11,0,11,1,11,1,12,2,12,3,12,3,12,3,11,4,11,4,11,4,11,4,11,3,11,3,11,3,12,3,12,2,12,2,13,2,13,1,13,1,14,1,14,1,14,1,15,1]"
2025-08-18 22:42:02.105314,CSI_DATA,861,1a:00:00:00:00:00,-42,11,0,0,0,0,0,0,0,0,0,-94,0,1,0,148196863,0,42,0,128,0,"[0,0,-16,1,-15,1,-15,1,-15,1,-14,1,-14,1,-14,2,-13,3,-13,3,-13,3,-12,4,-12,4,-12,5,-12,5,-12,6,-12,6,-12,6,-13,6,-13,6,-13,6,-13,5,-13,4,-13,4,-13,3,-13,3,-13,2,0,0,0,0,0,0,0,0,0,0,0,0,0,0,0,0,0,0,0,0,0,0,-11,2,-11,1,-12,1,-12,0,-13,-1,-13,-1,-13,-2,-13,-2,-13,-2,-13,-3,-13,-3,-13,-4,-13,-3,-13,-3,-12,-2,-13,-2,-13,-2,-13,-1,-13,-1,-14,0,-14,0,-14,0,-15,1,-15,1,-15,1,-15,1]"
2025-08-18 22:42:02.175698,CSI_DATA,862,1a:00:00:00:00:00,-42,11,0,0,0,0,0,0,0,0,0,-94,0,1,0,148263495,0,31,0,128,0,"[0,0,-14,-7,-13,-7,-13,-7,-13,-6,-13,-6,-12,-6,-13,-5,-12,-4,-12,-4,-12,-4,-12,-3,-12,-2,-13,-2,-13,-2,-13,-1,-13,-1,-13,-1,-14,-1,-14,-2,-14,-2,-14,-3,-14,-3,-13,-4,-13,-4,-13,-4,-12,-5,0,0,0,0,0,0,0,0,0,0,0,0,0,0,0,0,0,0,0,0,0,0,-10,-3,-10,-4,-10,-5,-10,-6,-10,-6,-11,-7,-10,-8,-10,-8,-10,-8,-10,-9,-9,-9,-9,-9,-9,-9,-10,-8,-10,-8,-10,-8,-10,-7,-11,-7,-11,-7,-11,-7,-12,-7,-12,-7,-13,-6,-13,-7,-14,-7,-13,-7]"
2025-08-18 22:42:02.371698,CSI_DATA,863,1a:00:00:00:00:00,-42,11,0,0,0,0,0,0,0,0,0,-94,0,1,0,148465041,0,31,0,128,0,"[0,0,-14,4,-14,4,-14,4,-13,5,-13,5,-13,5,-12,5,-12,5,-11,6,-11,6,-10,6,-10,7,-10,7,-10,7,-10,8,-10,8,-10,8,-10,8,-11,8,-11,8,-11,8,-11,7,-12,7,-12,6,-12,5,-12,5,0,0,0,0,0,0,0,0,0,0,0,0,0,0,0,0,0,0,0,0,0,0,-9,4,-10,4,-11,3,-11,3,-12,2,-12,2,-12,2,-13,1,-13,1,-13,0,-13,0,-12,0,-13,0,-12,0,-12,1,-12,1,-12,2,-12,2,-13,2,-13,3,-13,3,-13,4,-14,4,-14,4,-14,4,-14,4]"
2025-08-18 22:42:02.574776,CSI_DATA,864,1a:00:00:00:00:00,-42,11,0,0,0,0,0,0,0,0,0,-94,0,1,0,148665724,0,31,0,128,0,"[0,0,2,13,2,13,2,13,2,13,2,12,2,12,3,12,3,11,3,11,4,11,4,10,5,10,5,10,5,10,6,10,6,10,6,10,6,10,6,11,6,11,5,11,5,11,4,12,3,11,3,11,2,11,0,0,0,0,0,0,0,0,0,0,0,0,0,0,0,0,0,0,0,0,0,0,3,9,3,9,2,10,1,10,1,11,1,11,0,12,-1,12,-1,12,-2,12,-2,11,-2,11,-2,11,-1,11,-1,11,-1,11,0,11,0,11,1,11,1,12,1,12,1,12,2,13,2,13,2,13,2,13]"
2025-08-18 22:42:02.773210,CSI_DATA,865,1a:00:00:00:00:00,-42,11,0,0,0,0,0,0,0,0,0,-94,0,1,0,148866886,0,31,0,128,0,"[0,0,13,-4,13,-4,13,-4,13,-4,12,-4,12,-4,11,-5,11,-5,11,-5,11,-6,10,-6,10,-7,10,-7,9,-8,10,-8,10,-8,10,-8,10,-8,11,-8,11,-8,11,-8,11,-7,11,-6,12,-6,11,-5,11,-4,0,0,0,0,0,0,0,0,0,0,0,0,0,0,0,0,0,0,0,0,0,0,9,-4,9,-4,10,-3,10,-2,11,-2,11,-2,12,-1,12,-1,12,0,12,0,12,0,11,1,11,0,11,0,11,0,11,-1,11,-1,12,-2,12,-2,12,-3,12,-3,13,-3,13,-4,14,-4,13,-4,13,-4]"
2025-08-18 22:42:02.973430,CSI_DATA,866,1a:00:00:00:00:00,-42,11,0,0,0,0,0,0,0,0,0,-94,0,1,0,149068022,0,31,0,128,0,"[0,0,14,-2,14,-2,13,-2,13,-2,13,-2,12,-3,12,-3,12,-4,12,-4,11,-4,11,-4,11,-5,11,-5,10,-6,11,-6,11,-7,11,-7,12,-7,12,-7,12,-6,12,-6,12,-5,12,-4,12,-4,12,-3,12,-3,0,0,0,0,0,0,0,0,0,0,0,0,0,0,0,0,0,0,0,0,0,0,9,-3,10,-2,10,-2,11,-1,11,-1,11,0,12,0,12,1,12,1,12,2,11,2,11,2,11,2,11,2,11,1,11,1,11,0,12,0,12,0,13,-1,13,-1,13,-2,13,-2,14,-2,14,-1,14,-2]"
2025-08-18 22:42:03.174804,CSI_DATA,867,1a:00:00:00:00:00,-42,11,0,0,0,0,0,0,0,0,0,-94,0,1,0,149269271,0,31,0,128,0,"[0,0,-6,13,-6,12,-6,13,-6,12,-6,12,-5,12,-5,12,-4,12,-3,12,-3,11,-2,11,-2,12,-2,12,-1,12,-1,12,-1,12,-1,12,-1,13,-1,13,-2,13,-2,13,-3,13,-3,12,-4,12,-4,11,-5,11,0,0,0,0,0,0,0,0,0,0,0,0,0,0,0,0,0,0,0,0,0,0,-3,9,-3,10,-4,10,-5,10,-5,10,-6,10,-7,10,-7,10,-8,10,-8,9,-8,9,-8,9,-8,9,-8,9,-8,9,-7,9,-7,10,-6,10,-6,11,-6,11,-6,11,-6,12,-6,12,-6,13,-6,13,-6,13]"
2025-08-18 22:42:03.373319,CSI_DATA,868,1a:00:00:00:00:00,-42,11,0,0,0,0,0,0,0,0,0,-94,0,1,0,149470634,0,31,0,128,0,"[0,0,14,4,13,3,13,3,13,3,13,3,13,3,12,2,12,2,12,1,12,0,12,-1,12,-1,12,-1,12,-2,12,-2,13,-2,13,-2,13,-2,14,-1,13,-1,13,0,13,0,13,1,13,1,12,1,12,2,0,0,0,0,0,0,0,0,0,0,0,0,0,0,0,0,0,0,0,0,0,0,10,0,10,1,10,2,11,3,11,3,11,4,11,5,11,5,11,6,10,6,10,6,10,6,10,6,10,5,10,5,10,5,11,5,11,4,12,4,12,4,12,4,13,4,13,3,14,3,14,3,14,3]"
2025-08-18 22:42:03.577866,CSI_DATA,869,1a:00:00:00:00:00,-42,11,0,0,0,0,0,0,0,0,0,-94,0,1,0,149671668,0,31,0,128,0,"[0,0,-6,14,-6,14,-6,13,-6,13,-5,13,-5,13,-4,12,-4,13,-3,12,-3,13,-2,12,-1,12,-1,12,-1,13,0,13,0,13,0,14,-1,13,0,14,-1,14,-1,14,-2,14,-3,13,-3,13,-4,12,-4,12,0,0,0,0,0,0,0,0,0,0,0,0,0,0,0,0,0,0,0,0,0,0,-3,10,-4,10,-5,10,-5,10,-6,11,-7,10,-7,11,-8,10,-8,10,-9,10,-9,10,-9,9,-8,9,-8,9,-8,10,-8,10,-7,10,-7,11,-7,11,-6,12,-6,12,-6,13,-6,14,-6,13,-6,14,-6,14]"
2025-08-18 22:42:03.641576,CSI_DATA,870,1a:00:00:00:00:00,-42,11,0,0,0,0,0,0,0,0,0,-94,0,1,0,149732463,0,42,0,128,0,"[0,0,-16,0,-15,0,-16,0,-14,0,-15,1,-14,1,-14,1,-13,2,-13,2,-12,3,-12,3,-12,4,-12,4,-13,5,-12,5,-13,5,-12,5,-13,5,-14,5,-14,5,-14,4,-14,3,-13,3,-13,3,-13,2,-14,1,0,0,0,0,0,0,0,0,0,0,0,0,0,0,0,0,0,0,0,0,0,0,-10,2,-11,1,-12,0,-12,-1,-12,-1,-13,-2,-13,-3,-13,-3,-13,-4,-12,-4,-13,-4,-13,-4,-12,-3,-12,-3,-13,-3,-12,-3,-13,-2,-13,-2,-14,-2,-14,-1,-14,-1,-14,-1,-15,0,-15,0,-15,0,-15,0]"
2025-08-18 22:42:03.706526,CSI_DATA,871,1a:00:00:00:00:00,-42,11,0,0,0,0,0,0,0,0,0,-94,0,1,0,149799949,0,31,0,128,0,"[0,0,-10,10,-10,10,-10,10,-9,10,-9,10,-8,10,-8,10,-7,10,-7,10,-6,10,-6,10,-5,10,-5,11,-5,11,-4,11,-4,12,-5,12,-5,12,-5,12,-6,12,-6,12,-6,11,-7,11,-8,10,-8,10,-8,9,0,0,0,0,0,0,0,0,0,0,0,0,0,0,0,0,0,0,0,0,0,0,-6,8,-6,8,-7,8,-8,8,-9,8,-9,8,-10,7,-10,7,-10,7,-11,6,-11,6,-11,6,-11,6,-10,6,-10,6,-10,7,-10,7,-10,8,-10,8,-10,9,-9,9,-9,10,-10,10,-10,10,-10,10,-10,10]"
2025-08-18 22:42:03.906719,CSI_DATA,872,1a:00:00:00:00:00,-42,11,0,0,0,0,0,0,0,0,0,-94,0,1,0,150001032,0,31,0,128,0,"[0,0,11,-9,11,-9,11,-9,10,-9,10,-9,9,-9,9,-9,9,-9,8,-9,7,-9,7,-10,7,-10,6,-11,6,-11,6,-11,6,-11,6,-11,7,-12,7,-12,7,-12,8,-11,8,-11,8,-10,9,-10,9,-9,9,-8,0,0,0,0,0,0,0,0,0,0,0,0,0,0,0,0,0,0,0,0,0,0,6,-8,7,-8,7,-8,9,-8,9,-7,9,-7,10,-6,10,-6,11,-6,10,-5,11,-5,10,-5,10,-5,10,-5,10,-6,10,-6,10,-6,10,-7,10,-7,10,-8,10,-8,10,-8,10,-9,11,-9,11,-9,11,-10]"
2025-08-18 22:42:04.113293,CSI_DATA,873,1a:00:00:00:00:00,-42,11,0,0,0,0,0,0,0,0,0,-94,0,1,0,150202241,0,31,0,128,0,"[0,0,-13,-8,-13,-8,-13,-7,-12,-7,-13,-7,-12,-7,-12,-6,-12,-6,-12,-5,-12,-4,-12,-4,-12,-3,-13,-3,-13,-3,-13,-2,-13,-2,-13,-2,-14,-2,-14,-3,-14,-3,-14,-4,-13,-5,-13,-5,-13,-5,-12,-6,-12,-6,0,0,0,0,0,0,0,0,0,0,0,0,0,0,0,0,0,0,0,0,0,0,-10,-4,-10,-4,-10,-5,-10,-6,-10,-7,-10,-8,-10,-8,-10,-9,-9,-9,-9,-9,-9,-9,-9,-9,-9,-9,-9,-9,-9,-9,-9,-8,-10,-8,-10,-8,-11,-8,-11,-8,-12,-7,-12,-8,-12,-7,-13,-7,-13,-7,-13,-7]"
2025-08-18 22:42:04.323959,CSI_DATA,874,1a:00:00:00:00:00,-42,11,0,0,0,0,0,0,0,0,0,-94,0,1,0,150403427,0,31,0,128,0,"[0,0,12,-7,12,-7,12,-7,12,-7,11,-7,11,-7,10,-7,10,-7,9,-8,9,-8,9,-9,8,-9,8,-9,8,-10,8,-10,7,-11,8,-11,8,-11,9,-11,9,-10,9,-10,9,-10,9,-9,10,-8,10,-8,10,-7,0,0,0,0,0,0,0,0,0,0,0,0,0,0,0,0,0,0,0,0,0,0,8,-6,8,-6,9,-5,10,-5,10,-5,11,-4,11,-4,11,-3,11,-3,12,-2,12,-2,11,-2,11,-2,11,-3,11,-3,11,-3,11,-4,11,-5,11,-5,12,-5,11,-6,12,-6,12,-7,12,-7,12,-7,13,-7]"
2025-08-18 22:42:04.511396,CSI_DATA,875,1a:00:00:00:00:00,-42,11,0,0,0,0,0,0,0,0,0,-94,0,1,0,150604770,0,31,0,128,0,"[0,0,-5,13,-5,13,-5,13,-5,13,-4,12,-4,12,-4,12,-3,12,-2,12,-2,12,-1,12,-1,12,-1,12,0,12,0,12,0,12,0,13,0,13,0,13,-1,13,-1,13,-2,13,-2,13,-3,12,-3,12,-4,11,0,0,0,0,0,0,0,0,0,0,0,0,0,0,0,0,0,0,0,0,0,0,-2,10,-2,10,-3,10,-4,10,-5,10,-5,10,-6,10,-6,10,-7,10,-8,10,-7,10,-7,9,-7,9,-7,10,-7,9,-6,10,-6,10,-6,11,-6,11,-5,11,-5,12,-5,12,-5,13,-5,13,-5,13,-5,13]"
2025-08-18 22:42:04.712800,CSI_DATA,876,1a:00:00:00:00:00,-42,11,0,0,0,0,0,0,0,0,0,-94,0,1,0,150805897,0,31,0,128,0,"[0,0,-13,7,-12,7,-12,7,-12,7,-11,7,-11,7,-10,8,-10,8,-10,8,-9,8,-9,9,-8,9,-8,9,-8,10,-8,10,-8,10,-8,10,-8,10,-9,10,-9,10,-9,10,-10,9,-10,9,-10,8,-10,8,-11,7,0,0,0,0,0,0,0,0,0,0,0,0,0,0,0,0,0,0,0,0,0,0,-8,6,-9,6,-9,6,-10,5,-11,5,-11,5,-12,4,-12,4,-12,4,-12,3,-12,3,-12,3,-12,3,-12,3,-12,4,-11,4,-12,4,-11,5,-12,5,-12,6,-12,6,-12,7,-12,7,-12,8,-12,8,-12,8]"
2025-08-18 22:42:04.910325,CSI_DATA,877,1a:00:00:00:00:00,-42,11,0,0,0,0,0,0,0,0,0,-94,0,1,0,151007000,0,31,0,128,0,"[0,0,11,9,10,8,10,8,11,8,11,8,10,7,10,7,10,6,10,5,10,5,11,5,11,4,11,4,11,3,12,3,12,3,12,3,13,3,13,4,12,4,12,5,12,5,11,6,11,6,10,6,10,7,0,0,0,0,0,0,0,0,0,0,0,0,0,0,0,0,0,0,0,0,0,0,8,5,8,5,8,6,8,7,8,7,8,8,8,9,7,9,7,9,6,10,6,10,6,10,6,9,6,9,7,9,7,9,8,9,8,8,9,8,9,9,9,8,10,8,10,8,10,9,10,9,11,9]"
2025-08-18 22:42:05.108792,CSI_DATA,878,1a:00:00:00:00:00,-42,11,0,0,0,0,0,0,0,0,0,-94,0,1,0,151208252,0,31,0,128,0,"[0,0,8,11,8,11,8,11,8,11,8,10,8,10,8,9,8,8,8,8,9,7,9,7,9,7,9,7,10,7,10,6,11,6,10,6,11,7,11,7,11,7,10,8,10,8,9,9,9,9,8,9,7,9,0,0,0,0,0,0,0,0,0,0,0,0,0,0,0,0,0,0,0,0,0,0,7,6,7,7,6,8,6,9,6,9,6,10,5,10,5,10,5,11,4,11,4,11,3,11,4,11,4,11,4,10,4,10,5,10,5,10,6,10,7,10,7,10,7,10,8,11,8,11,8,11,8,11]"
2025-08-18 22:42:05.174348,CSI_DATA,879,1a:00:00:00:00:00,-42,11,0,0,0,0,0,0,0,0,0,-94,0,1,0,151269049,0,42,0,128,0,"[0,0,-4,14,-4,13,-4,13,-3,13,-3,13,-3,12,-3,12,-2,12,-2,12,-1,11,0,11,0,12,0,12,1,12,1,12,1,12,1,13,1,13,0,13,0,13,-1,13,-1,13,-2,13,-2,12,-3,12,-3,12,0,0,0,0,0,0,0,0,0,0,0,0,0,0,0,0,0,0,0,0,0,0,0,9,-1,10,-2,10,-3,10,-3,11,-4,11,-5,11,-5,11,-6,11,-6,10,-6,10,-6,10,-6,10,-6,10,-5,10,-5,10,-5,11,-4,11,-4,11,-4,12,-4,12,-4,12,-3,13,-4,13,-4,14,-4,14]"
2025-08-18 22:42:05.236215,CSI_DATA,880,1a:00:00:00:00:00,-42,11,0,0,0,0,0,0,0,0,0,-94,0,1,0,151335335,0,31,0,128,0,"[0,0,6,13,6,13,6,13,6,13,6,13,6,12,6,11,7,11,7,10,7,10,7,10,8,9,8,9,9,9,9,9,9,9,9,9,10,9,10,10,9,10,9,10,8,11,7,11,7,11,6,11,5,11,0,0,0,0,0,0,0,0,0,0,0,0,0,0,0,0,0,0,0,0,0,0,6,8,5,9,5,10,4,10,4,11,3,12,3,12,3,12,2,12,1,12,1,12,1,12,1,12,1,12,2,12,2,12,3,12,3,12,4,12,5,12,5,12,5,13,5,13,5,13,5,13,6,13]"
2025-08-18 22:42:05.445194,CSI_DATA,881,1a:00:00:00:00:00,-42,11,0,0,0,0,0,0,0,0,0,-94,0,1,0,151537040,0,31,0,128,0,"[0,0,-15,1,-15,1,-14,1,-14,1,-14,1,-13,1,-13,2,-13,2,-12,3,-12,3,-12,3,-12,4,-12,4,-11,5,-12,5,-12,5,-12,5,-12,5,-13,5,-13,5,-13,4,-13,4,-13,3,-13,2,-13,2,-13,1,0,0,0,0,0,0,0,0,0,0,0,0,0,0,0,0,0,0,0,0,0,0,-10,2,-11,2,-11,1,-11,0,-12,0,-12,-1,-13,-1,-13,-2,-13,-2,-13,-3,-13,-3,-12,-3,-12,-3,-12,-2,-12,-2,-12,-2,-12,-1,-13,-1,-13,-1,-13,0,-13,0,-14,1,-15,1,-14,1,-15,1,-14,1]"
2025-08-18 22:42:05.643972,CSI_DATA,882,1a:00:00:00:00:00,-42,11,0,0,0,0,0,0,0,0,0,-94,0,1,0,151737744,0,31,0,128,0,"[0,0,10,-12,10,-12,9,-12,9,-12,9,-11,8,-12,7,-12,7,-12,7,-12,6,-12,5,-12,5,-12,4,-13,4,-13,4,-13,4,-13,4,-14,4,-14,5,-14,5,-14,5,-14,6,-13,6,-13,7,-12,7,-12,7,-11,0,0,0,0,0,0,0,0,0,0,0,0,0,0,0,0,0,0,0,0,0,0,5,-9,6,-9,7,-9,8,-9,8,-9,9,-9,10,-8,10,-8,11,-8,11,-7,11,-7,10,-7,10,-7,10,-7,10,-7,10,-8,10,-8,9,-9,9,-10,9,-10,9,-10,10,-11,9,-12,9,-12,10,-12,10,-12]"
2025-08-18 22:42:05.861261,CSI_DATA,883,1a:00:00:00:00:00,-42,11,0,0,0,0,0,0,0,0,0,-94,0,1,0,151938838,0,31,0,128,0,"[0,0,-15,-1,-15,-1,-15,-1,-14,-1,-14,0,-14,0,-13,0,-13,0,-13,1,-13,2,-12,2,-12,3,-12,3,-12,3,-12,4,-12,4,-13,4,-13,4,-13,4,-14,3,-14,3,-13,2,-14,2,-13,1,-13,1,-13,0,0,0,0,0,0,0,0,0,0,0,0,0,0,0,0,0,0,0,0,0,0,0,-10,1,-11,0,-11,0,-12,-1,-12,-2,-12,-2,-12,-3,-12,-3,-12,-4,-12,-5,-12,-5,-12,-5,-12,-4,-12,-4,-12,-4,-12,-3,-12,-3,-13,-2,-13,-2,-13,-2,-13,-2,-14,-1,-14,-1,-15,-1,-15,-1,-15,-1]"
2025-08-18 22:42:06.052099,CSI_DATA,884,1a:00:00:00:00:00,-42,11,0,0,0,0,0,0,0,0,0,-94,0,1,0,152139979,0,31,0,128,0,"[0,0,-9,-13,-8,-13,-8,-13,-8,-12,-8,-13,-8,-12,-8,-11,-8,-11,-9,-10,-9,-9,-10,-9,-10,-9,-10,-9,-11,-9,-10,-8,-11,-9,-11,-8,-12,-9,-11,-9,-11,-10,-11,-10,-10,-11,-9,-10,-9,-10,-9,-11,-8,-11,0,0,0,0,0,0,0,0,0,0,0,0,0,0,0,0,0,0,0,0,0,0,-8,-8,-8,-9,-7,-9,-7,-11,-6,-11,-6,-12,-5,-12,-5,-12,-4,-12,-4,-12,-4,-12,-4,-12,-4,-12,-4,-12,-5,-12,-5,-12,-6,-12,-6,-11,-6,-12,-6,-12,-7,-13,-7,-13,-8,-12,-9,-12,-8,-13,-9,-13]"
2025-08-18 22:42:06.243288,CSI_DATA,885,1a:00:00:00:00:00,-42,11,0,0,0,0,0,0,0,0,0,-94,0,1,0,152341247,0,31,0,128,0,"[0,0,13,3,13,3,12,3,13,3,12,2,12,2,12,1,12,1,11,0,12,0,11,-1,11,-1,11,-1,11,-2,12,-2,12,-2,12,-2,12,-2,13,-2,13,-2,13,-1,13,-1,13,0,12,1,12,1,11,2,0,0,0,0,0,0,0,0,0,0,0,0,0,0,0,0,0,0,0,0,0,0,9,0,9,1,10,2,10,2,10,3,10,4,10,4,10,5,10,5,10,6,10,6,9,6,9,5,10,5,9,5,10,5,10,4,11,4,11,4,11,3,11,3,12,3,13,3,13,3,13,3,13,3]"
2025-08-18 22:42:06.444958,CSI_DATA,886,1a:00:00:00:00:00,-42,11,0,0,0,0,0,0,0,0,0,-94,0,1,0,152542359,0,31,0,128,0,"[0,0,14,4,13,4,13,3,13,3,13,3,13,3,12,3,12,2,12,1,12,0,12,0,12,0,12,-1,12,-1,12,-2,13,-2,13,-1,14,-1,14,-1,14,-1,14,0,13,1,13,1,13,1,12,2,12,3,0,0,0,0,0,0,0,0,0,0,0,0,0,0,0,0,0,0,0,0,0,0,10,1,10,2,10,2,11,3,10,4,11,5,11,6,11,6,10,6,10,6,10,6,10,7,10,6,10,6,10,6,10,5,11,5,11,4,11,5,12,5,12,4,13,4,13,4,14,4,14,4,14,4]"
2025-08-18 22:42:06.649842,CSI_DATA,887,1a:00:00:00:00:00,-42,11,0,0,0,0,0,0,0,0,0,-94,0,1,0,152743500,0,31,0,128,0,"[0,0,-12,8,-12,8,-12,8,-11,8,-11,8,-11,8,-10,8,-10,9,-9,8,-9,9,-8,9,-8,9,-7,10,-7,10,-7,10,-7,10,-7,11,-8,11,-8,11,-8,11,-8,10,-9,10,-9,10,-9,9,-10,8,-10,8,0,0,0,0,0,0,0,0,0,0,0,0,0,0,0,0,0,0,0,0,0,0,-7,7,-8,7,-9,6,-10,6,-10,6,-11,6,-11,5,-12,5,-12,4,-12,4,-12,4,-12,4,-12,4,-11,4,-11,4,-11,4,-11,5,-11,6,-11,6,-11,7,-11,7,-11,7,-12,8,-12,8,-12,8,-12,8]"
2025-08-18 22:42:06.715279,CSI_DATA,888,1a:00:00:00:00:00,-42,11,0,0,0,0,0,0,0,0,0,-94,0,1,0,152804357,0,42,0,128,0,"[0,0,-15,-5,-14,-5,-14,-5,-14,-5,-14,-4,-14,-4,-14,-3,-13,-3,-13,-2,-13,-2,-13,-2,-13,-1,-13,0,-13,0,-13,0,-14,1,-14,0,-14,1,-15,0,-15,0,-15,-1,-14,-1,-14,-2,-14,-3,-14,-4,-13,-4,0,0,0,0,0,0,0,0,0,0,0,0,0,0,0,0,0,0,0,0,0,0,-11,-2,-11,-3,-11,-4,-11,-5,-11,-5,-12,-6,-12,-7,-11,-7,-11,-7,-11,-8,-11,-8,-11,-8,-10,-8,-10,-7,-11,-7,-11,-7,-11,-6,-12,-6,-12,-6,-13,-6,-13,-5,-13,-5,-14,-5,-14,-5,-14,-5,-14,-5]"
2025-08-18 22:42:06.776825,CSI_DATA,889,1a:00:00:00:00:00,-42,11,0,0,0,0,0,0,0,0,0,-94,0,1,0,152871380,0,31,0,128,0,"[0,0,-7,13,-7,12,-7,12,-6,12,-6,12,-6,12,-5,11,-5,11,-4,11,-3,11,-3,11,-2,12,-2,12,-2,12,-1,12,-1,12,-1,13,-2,13,-2,13,-2,13,-3,13,-3,13,-4,12,-4,12,-4,11,-5,11,0,0,0,0,0,0,0,0,0,0,0,0,0,0,0,0,0,0,0,0,0,0,-4,9,-4,9,-5,9,-6,9,-7,9,-7,9,-8,9,-8,9,-9,9,-9,8,-9,8,-9,8,-9,8,-9,8,-8,9,-8,9,-8,9,-7,10,-7,10,-7,10,-7,11,-7,11,-7,12,-7,12,-7,12,-7,12]"
2025-08-18 22:42:06.975043,CSI_DATA,890,1a:00:00:00:00:00,-42,11,0,0,0,0,0,0,0,0,0,-94,0,1,0,153073064,0,31,0,128,0,"[0,0,3,13,3,13,3,13,3,13,3,12,3,12,3,12,4,11,4,11,5,10,6,10,6,10,7,10,7,10,7,9,7,9,7,10,7,10,7,10,7,11,6,11,6,11,6,12,5,11,4,11,4,11,0,0,0,0,0,0,0,0,0,0,0,0,0,0,0,0,0,0,0,0,0,0,4,8,3,9,3,10,2,10,2,11,1,11,0,12,0,12,0,12,-1,12,-1,12,-1,12,-1,12,0,11,0,11,0,11,1,11,1,12,1,12,2,12,2,12,2,13,3,13,3,13,3,13,3,13]"
2025-08-18 22:42:07.180872,CSI_DATA,891,1a:00:00:00:00:00,-42,11,0,0,0,0,0,0,0,0,0,-94,0,1,0,153273686,0,31,0,128,0,"[0,0,14,-7,13,-7,13,-7,13,-7,12,-7,12,-7,11,-7,11,-7,10,-8,10,-8,10,-9,9,-9,9,-9,9,-10,9,-10,9,-10,9,-10,10,-11,10,-10,11,-10,11,-9,11,-9,11,-8,11,-8,11,-7,12,-6,0,0,0,0,0,0,0,0,0,0,0,0,0,0,0,0,0,0,0,0,0,0,8,-7,9,-7,9,-6,10,-6,11,-6,12,-5,12,-4,12,-4,12,-3,12,-3,12,-3,12,-3,12,-3,12,-3,12,-3,12,-4,12,-4,11,-5,12,-5,12,-6,12,-6,13,-6,13,-7,13,-7,13,-7,13,-7]"
2025-08-18 22:42:07.374210,CSI_DATA,892,1a:00:00:00:00:00,-42,11,0,0,0,0,0,0,0,0,0,-94,0,1,0,153474783,0,31,0,128,0,"[0,0,11,8,11,8,11,7,11,7,11,7,10,7,10,6,11,5,11,5,11,4,11,4,11,3,11,3,11,2,12,2,12,2,12,3,12,3,13,3,13,3,12,4,12,4,12,5,11,5,11,5,10,6,0,0,0,0,0,0,0,0,0,0,0,0,0,0,0,0,0,0,0,0,0,0,9,3,9,4,9,5,9,6,9,6,9,7,8,8,8,8,8,9,8,9,8,9,7,9,7,8,8,8,8,8,8,8,8,8,9,7,9,7,10,7,10,7,10,7,11,7,11,7,11,7,12,7]"
2025-08-18 22:42:07.582002,CSI_DATA,893,1a:00:00:00:00:00,-42,11,0,0,0,0,0,0,0,0,0,-94,0,1,0,153675950,0,31,0,128,0,"[0,0,11,-9,11,-9,10,-9,11,-9,10,-9,10,-9,9,-9,9,-9,8,-9,7,-10,7,-10,6,-11,6,-11,6,-11,6,-11,6,-12,6,-12,6,-12,7,-12,7,-12,8,-11,8,-11,8,-10,8,-10,8,-9,9,-9,0,0,0,0,0,0,0,0,0,0,0,0,0,0,0,0,0,0,0,0,0,0,6,-8,7,-8,8,-7,8,-7,9,-7,10,-6,11,-6,11,-6,11,-5,11,-5,11,-5,11,-5,11,-5,11,-5,10,-5,10,-6,10,-6,10,-7,10,-7,10,-8,10,-8,10,-8,11,-9,11,-9,11,-9,11,-9]"
2025-08-18 22:42:07.784020,CSI_DATA,894,1a:00:00:00:00:00,-42,11,0,0,0,0,0,0,0,0,0,-94,0,1,0,153877088,0,31,0,128,0,"[0,0,13,-6,12,-6,12,-6,12,-6,12,-7,11,-6,11,-7,10,-7,10,-7,9,-8,9,-8,9,-9,8,-9,9,-9,8,-9,9,-10,9,-10,9,-10,10,-10,10,-9,10,-9,10,-8,10,-8,10,-8,11,-7,11,-6,0,0,0,0,0,0,0,0,0,0,0,0,0,0,0,0,0,0,0,0,0,0,7,-6,8,-6,9,-6,10,-5,10,-5,11,-4,11,-4,12,-4,12,-3,11,-3,12,-3,11,-2,11,-3,11,-3,11,-3,11,-3,11,-4,11,-4,12,-5,11,-5,12,-5,12,-6,12,-6,12,-6,12,-6,13,-7]"
2025-08-18 22:42:07.978787,CSI_DATA,895,1a:00:00:00:00:00,-42,11,0,0,0,0,0,0,0,0,0,-94,0,1,0,154078479,0,31,0,128,0,"[0,0,8,11,8,11,8,11,8,11,8,10,8,10,8,9,8,9,9,8,9,8,9,7,9,7,9,7,10,6,11,6,11,6,11,7,11,6,11,7,11,7,11,7,10,8,10,8,9,9,8,9,8,9,0,0,0,0,0,0,0,0,0,0,0,0,0,0,0,0,0,0,0,0,0,0,7,7,6,7,6,8,6,9,6,9,5,10,5,11,4,11,4,11,4,11,3,11,3,11,3,11,4,10,4,10,4,11,5,10,5,10,6,10,6,10,7,10,7,10,8,11,8,11,8,11,8,11]"
2025-08-18 22:42:08.181717,CSI_DATA,896,1a:00:00:00:00:00,-42,11,0,0,0,0,0,0,0,0,0,-94,0,1,0,154279623,0,31,0,128,0,"[0,0,2,14,2,14,2,13,2,13,3,13,3,12,3,12,4,12,4,11,5,11,5,10,5,10,6,10,6,10,7,10,7,10,7,11,7,11,7,11,6,11,6,11,5,12,5,12,4,12,3,12,3,12,0,0,0,0,0,0,0,0,0,0,0,0,0,0,0,0,0,0,0,0,0,0,3,9,3,9,2,10,2,10,1,11,1,11,0,12,0,12,-1,12,-2,12,-1,12,-2,12,-1,11,-1,11,-1,11,-1,11,0,11,1,12,1,12,1,12,1,13,2,13,2,13,2,14,2,13,2,14]"
2025-08-18 22:42:08.240026,CSI_DATA,897,1a:00:00:00:00:00,-42,11,0,0,0,0,0,0,0,0,0,-94,0,1,0,154340400,0,42,0,128,0,"[0,0,9,11,9,10,8,10,9,10,9,9,9,9,9,9,9,8,9,7,10,7,10,6,10,6,10,6,11,5,11,5,11,5,11,5,12,6,12,6,11,7,11,7,11,8,10,8,9,8,9,8,8,9,0,0,0,0,0,0,0,0,0,0,0,0,0,0,0,0,0,0,0,0,0,0,7,6,7,6,7,7,7,8,7,9,6,9,6,10,6,10,5,11,5,10,5,11,5,11,5,10,5,10,5,10,5,10,6,10,7,9,7,10,7,10,8,10,8,10,9,10,9,10,9,10,9,10]"
2025-08-18 22:42:08.315600,CSI_DATA,898,1a:00:00:00:00:00,-42,11,0,0,0,0,0,0,0,0,0,-94,0,1,0,154408272,0,31,0,128,0,"[0,0,-15,2,-15,2,-14,2,-14,2,-14,2,-13,2,-13,3,-13,3,-12,3,-12,4,-12,4,-11,5,-11,5,-11,6,-12,6,-11,6,-12,6,-12,6,-13,6,-13,6,-13,5,-13,5,-13,4,-13,4,-13,3,-13,2,0,0,0,0,0,0,0,0,0,0,0,0,0,0,0,0,0,0,0,0,0,0,-10,3,-10,2,-11,2,-12,1,-12,1,-12,0,-13,-1,-13,-1,-13,-1,-13,-2,-13,-2,-12,-2,-12,-2,-12,-2,-12,-1,-12,-1,-12,0,-13,0,-13,0,-13,1,-13,1,-14,1,-14,2,-14,2,-14,2,-14,2]"
2025-08-18 22:42:08.511034,CSI_DATA,899,1a:00:00:00:00:00,-42,11,0,0,0,0,0,0,0,0,0,-94,0,1,0,154609362,0,31,0,128,0,"[0,0,8,12,8,11,8,11,8,10,8,10,8,10,8,9,8,9,8,8,8,7,9,7,9,7,9,7,10,6,10,6,10,6,10,7,11,7,11,7,11,7,10,8,10,8,9,9,8,9,8,9,7,9,0,0,0,0,0,0,0,0,0,0,0,0,0,0,0,0,0,0,0,0,0,0,7,7,7,7,6,8,6,9,6,9,5,10,5,10,5,11,4,11,4,11,3,11,3,11,4,11,4,10,4,10,4,10,5,10,5,10,6,10,6,10,7,10,7,11,8,11,8,11,8,12,8,11]"
2025-08-18 22:42:08.722818,CSI_DATA,900,1a:00:00:00:00:00,-42,11,0,0,0,0,0,0,0,0,0,-94,0,1,0,154810507,0,31,0,128,0,"[0,0,-7,-14,-7,-14,-7,-14,-7,-13,-7,-13,-7,-12,-7,-12,-8,-11,-8,-11,-8,-10,-9,-10,-9,-9,-9,-9,-10,-9,-10,-9,-10,-9,-10,-9,-11,-10,-11,-10,-10,-10,-10,-10,-9,-11,-9,-11,-8,-11,-8,-11,-7,-12,0,0,0,0,0,0,0,0,0,0,0,0,0,0,0,0,0,0,0,0,0,0,-7,-9,-7,-10,-6,-10,-6,-11,-5,-11,-5,-12,-4,-13,-4,-13,-3,-13,-3,-13,-3,-13,-3,-13,-3,-13,-3,-12,-3,-13,-4,-12,-4,-12,-5,-12,-5,-12,-6,-13,-6,-13,-7,-13,-7,-13,-7,-14,-7,-14,-7,-14]"
2025-08-18 22:42:08.916037,CSI_DATA,901,1a:00:00:00:00:00,-42,11,0,0,0,0,0,0,0,0,0,-94,0,1,0,155011661,0,31,0,128,0,"[0,0,13,3,13,3,13,3,13,2,13,2,12,2,12,1,12,1,11,0,11,0,11,-1,11,-1,11,-1,12,-2,11,-2,12,-3,12,-2,13,-2,13,-2,13,-1,13,-1,13,0,12,0,12,1,12,1,12,2,0,0,0,0,0,0,0,0,0,0,0,0,0,0,0,0,0,0,0,0,0,0,9,0,10,1,10,1,10,2,10,3,11,3,11,4,10,4,10,5,10,5,10,5,10,6,10,5,10,5,10,5,10,4,10,4,11,3,11,3,11,3,12,3,12,3,13,3,13,3,13,3,13,3]"
2025-08-18 22:42:09.124693,CSI_DATA,902,1a:00:00:00:00:00,-42,11,0,0,0,0,0,0,0,0,0,-94,0,1,0,155213045,0,31,0,128,0,"[0,0,-12,-10,-12,-10,-11,-9,-11,-9,-12,-9,-11,-8,-11,-8,-11,-7,-11,-6,-11,-6,-12,-6,-12,-5,-12,-5,-12,-4,-13,-4,-13,-4,-13,-5,-13,-5,-14,-5,-13,-5,-13,-6,-12,-6,-12,-7,-12,-7,-11,-8,-11,-8,0,0,0,0,0,0,0,0,0,0,0,0,0,0,0,0,0,0,0,0,0,0,-9,-5,-9,-6,-9,-7,-9,-8,-9,-8,-9,-9,-9,-10,-8,-10,-8,-10,-8,-10,-7,-11,-7,-10,-7,-10,-7,-10,-8,-10,-8,-10,-9,-10,-9,-9,-9,-9,-10,-9,-10,-9,-11,-9,-11,-9,-11,-9,-11,-10,-12,-10]"
2025-08-18 22:42:09.325105,CSI_DATA,903,1a:00:00:00:00:00,-42,11,0,0,0,0,0,0,0,0,0,-94,0,1,0,155414165,0,31,0,128,0,"[0,0,-14,-5,-14,-5,-14,-6,-13,-5,-13,-5,-13,-4,-13,-4,-13,-3,-13,-3,-12,-2,-13,-2,-13,-1,-13,-1,-13,0,-13,0,-14,0,-13,0,-14,0,-14,0,-14,-1,-14,-1,-14,-2,-13,-2,-13,-3,-13,-3,-13,-4,0,0,0,0,0,0,0,0,0,0,0,0,0,0,0,0,0,0,0,0,0,0,-10,-2,-11,-3,-11,-4,-11,-4,-11,-5,-12,-6,-11,-7,-11,-7,-11,-7,-11,-7,-11,-7,-11,-7,-10,-7,-10,-7,-11,-7,-10,-6,-11,-6,-11,-6,-12,-6,-12,-6,-13,-5,-13,-5,-13,-5,-14,-5,-14,-5,-14,-5]"
2025-08-18 22:42:09.519347,CSI_DATA,904,1a:00:00:00:00:00,-42,11,0,0,0,0,0,0,0,0,0,-94,0,1,0,155615295,0,31,0,128,0,"[0,0,15,0,14,-1,14,-1,14,-1,13,-1,13,-1,13,-1,12,-2,12,-3,12,-3,11,-4,11,-4,12,-4,11,-5,12,-6,12,-5,12,-5,12,-5,13,-5,13,-5,13,-4,13,-4,13,-3,13,-2,13,-2,13,-1,0,0,0,0,0,0,0,0,0,0,0,0,0,0,0,0,0,0,0,0,0,0,10,-3,10,-2,11,-1,11,0,11,0,12,1,12,1,12,2,12,2,12,3,12,3,11,3,11,3,12,2,12,2,12,2,12,1,12,1,12,1,13,0,13,0,13,0,14,0,14,-1,14,0,14,0]"
2025-08-18 22:42:09.722970,CSI_DATA,905,1a:00:00:00:00:00,-42,11,0,0,0,0,0,0,0,0,0,-94,0,1,0,155816443,0,31,0,128,0,"[0,0,10,-11,10,-10,10,-10,9,-10,9,-10,9,-10,8,-10,8,-10,7,-10,6,-11,6,-11,6,-11,5,-11,5,-12,5,-12,5,-12,5,-12,5,-13,6,-13,6,-13,7,-12,7,-12,7,-11,8,-11,8,-10,8,-9,0,0,0,0,0,0,0,0,0,0,0,0,0,0,0,0,0,0,0,0,0,0,5,-9,6,-9,7,-9,7,-8,8,-8,9,-8,10,-8,10,-7,10,-7,10,-7,10,-6,10,-6,10,-6,10,-6,10,-7,9,-7,9,-8,9,-8,9,-9,9,-9,9,-9,9,-10,9,-10,10,-10,10,-10,10,-11]"
2025-08-18 22:42:09.793281,CSI_DATA,906,1a:00:00:00:00:00,-42,11,0,0,0,0,0,0,0,0,0,-94,0,1,0,155877264,0,42,0,128,0,"[0,0,-14,-6,-13,-6,-14,-6,-13,-5,-13,-5,-13,-5,-13,-5,-13,-4,-13,-3,-12,-2,-13,-2,-13,-2,-13,-1,-13,-1,-13,-1,-14,0,-13,-1,-14,-1,-14,-1,-14,-1,-14,-2,-14,-3,-13,-3,-13,-3,-13,-4,-12,-5,0,0,0,0,0,0,0,0,0,0,0,0,0,0,0,0,0,0,0,0,0,0,-10,-3,-10,-4,-10,-5,-11,-5,-11,-6,-11,-7,-11,-7,-10,-8,-10,-8,-10,-8,-10,-8,-10,-8,-10,-8,-10,-8,-10,-8,-10,-7,-11,-7,-11,-7,-12,-7,-12,-6,-12,-6,-13,-6,-13,-6,-14,-6,-14,-6,-14,-6]"
2025-08-18 22:42:09.848682,CSI_DATA,907,1a:00:00:00:00:00,-42,11,0,0,0,0,0,0,0,0,0,-94,0,1,0,155944153,0,31,0,128,0,"[0,0,-1,14,-1,14,-1,13,0,13,0,13,0,13,0,12,1,12,1,12,2,12,2,11,3,11,3,11,3,11,4,11,4,11,4,12,4,12,4,12,4,12,3,13,2,13,2,13,1,12,1,12,0,12,0,0,0,0,0,0,0,0,0,0,0,0,0,0,0,0,0,0,0,0,0,0,1,10,0,10,0,10,-1,11,-1,11,-2,11,-3,12,-3,11,-4,11,-4,11,-5,11,-4,11,-4,11,-4,11,-4,11,-3,11,-3,11,-2,12,-2,12,-2,12,-2,13,-1,13,-1,13,-1,14,-1,14,-1,14]"
2025-08-18 22:42:10.055419,CSI_DATA,908,1a:00:00:00:00:00,-42,11,0,0,0,0,0,0,0,0,0,-94,0,1,0,156146279,0,31,0,128,0,"[0,0,-15,1,-15,0,-15,0,-14,0,-15,1,-14,1,-13,1,-13,2,-13,2,-12,3,-12,3,-12,4,-12,4,-12,5,-12,5,-13,5,-12,5,-13,5,-14,5,-13,5,-14,4,-14,3,-13,3,-13,2,-13,2,-13,1,0,0,0,0,0,0,0,0,0,0,0,0,0,0,0,0,0,0,0,0,0,0,-10,2,-11,1,-11,1,-12,0,-12,-1,-13,-1,-13,-2,-13,-2,-13,-3,-13,-3,-13,-3,-12,-3,-12,-3,-12,-3,-13,-3,-12,-2,-13,-2,-13,-1,-13,-1,-13,0,-14,0,-14,0,-14,0,-15,1,-15,0,-15,1]"
2025-08-18 22:42:10.253977,CSI_DATA,909,1a:00:00:00:00:00,-42,11,0,0,0,0,0,0,0,0,0,-94,0,1,0,156346639,0,31,0,128,0,"[0,0,10,-11,10,-11,10,-10,10,-11,9,-11,9,-10,8,-10,8,-11,7,-11,7,-11,6,-11,5,-12,5,-12,5,-12,5,-13,5,-12,5,-13,5,-13,6,-13,6,-13,6,-13,7,-12,7,-12,7,-12,7,-11,8,-10,0,0,0,0,0,0,0,0,0,0,0,0,0,0,0,0,0,0,0,0,0,0,6,-9,7,-9,8,-8,8,-8,9,-8,9,-7,10,-7,10,-7,11,-6,11,-6,11,-6,10,-6,11,-6,10,-6,10,-6,10,-7,10,-7,10,-8,10,-8,10,-9,10,-9,10,-9,10,-10,10,-11,10,-10,10,-11]"
2025-08-18 22:42:10.336515,CSI_DATA,910,1a:00:00:00:00:00,-42,11,0,0,0,0,0,0,0,0,0,-94,0,1,0,156415260,0,28,0,128,0,"[0,0,-14,7,-14,7,-13,6,-13,7,-12,7,-12,6,-12,7,-11,7,-11,7,-10,8,-9,8,-9,9,-9,9,-9,9,-9,10,-9,10,-9,10,-9,10,-10,10,-10,9,-11,9,-11,9,-11,8,-11,8,-11,7,-12,6,0,0,0,0,0,0,0,0,0,0,0,0,0,0,0,0,0,0,0,0,0,0,-8,6,-9,6,-10,6,-10,5,-11,5,-12,5,-12,4,-12,4,-13,3,-13,3,-13,3,-13,3,-13,3,-12,3,-12,3,-12,3,-12,4,-12,5,-12,5,-12,5,-13,6,-13,6,-13,7,-13,7,-13,7,-13,7]"
2025-08-18 22:42:10.454546,CSI_DATA,911,1a:00:00:00:00:00,-42,11,0,0,0,0,0,0,0,0,0,-94,0,1,0,156547748,0,31,0,128,0,"[0,0,-11,11,-11,10,-11,10,-10,11,-10,10,-9,10,-9,10,-8,10,-8,11,-7,11,-6,11,-6,11,-6,12,-6,12,-5,12,-5,12,-5,13,-6,13,-6,13,-6,12,-7,12,-7,12,-8,12,-8,11,-8,10,-9,10,0,0,0,0,0,0,0,0,0,0,0,0,0,0,0,0,0,0,0,0,0,0,-6,9,-7,8,-8,8,-9,8,-9,8,-10,8,-11,7,-11,7,-11,7,-12,6,-12,6,-12,6,-11,6,-11,6,-11,7,-11,7,-10,7,-10,8,-10,8,-11,9,-11,9,-11,9,-10,10,-10,11,-11,11,-11,11]"
2025-08-18 22:42:10.671471,CSI_DATA,912,1a:00:00:00:00:00,-42,11,0,0,0,0,0,0,0,0,0,-94,0,1,0,156748907,0,31,0,128,0,"[0,0,-15,-2,-15,-2,-14,-2,-14,-1,-14,-1,-14,-1,-13,0,-13,0,-13,1,-13,1,-12,2,-12,2,-13,3,-12,3,-13,4,-13,4,-13,4,-13,4,-14,3,-14,3,-14,2,-14,2,-14,1,-13,1,-13,0,-13,-1,0,0,0,0,0,0,0,0,0,0,0,0,0,0,0,0,0,0,0,0,0,0,-11,0,-11,0,-12,-1,-11,-2,-12,-2,-12,-3,-12,-4,-12,-4,-12,-4,-12,-5,-12,-5,-12,-5,-12,-5,-12,-5,-12,-4,-12,-4,-12,-3,-13,-3,-13,-3,-13,-2,-13,-2,-14,-2,-15,-2,-15,-1,-15,-2,-15,-2]"
2025-08-18 22:42:10.849681,CSI_DATA,913,1a:00:00:00:00:00,-42,11,0,0,0,0,0,0,0,0,0,-94,0,1,0,156950053,0,31,0,128,0,"[0,0,11,9,10,9,11,9,10,8,10,8,10,7,10,7,10,6,10,5,10,5,10,4,11,4,11,4,11,4,12,3,12,3,12,3,13,3,12,4,12,4,12,4,12,5,11,5,11,6,10,6,10,7,0,0,0,0,0,0,0,0,0,0,0,0,0,0,0,0,0,0,0,0,0,0,8,5,8,6,8,6,8,7,8,7,8,8,7,9,7,9,7,10,6,10,6,10,6,10,6,10,6,9,7,9,7,9,7,9,8,8,8,9,9,8,9,8,10,8,10,8,10,9,10,9,11,9]"
2025-08-18 22:42:11.051471,CSI_DATA,914,1a:00:00:00:00:00,-42,11,0,0,0,0,0,0,0,0,0,-94,0,1,0,157151198,0,31,0,128,0,"[0,0,13,6,12,6,12,6,12,5,12,5,12,5,11,4,11,4,11,3,11,2,11,2,11,2,12,2,12,1,12,1,12,1,12,1,13,1,13,2,13,2,13,2,12,3,12,4,12,4,11,4,11,5,0,0,0,0,0,0,0,0,0,0,0,0,0,0,0,0,0,0,0,0,0,0,9,2,10,3,9,3,10,4,10,5,10,6,10,7,9,7,9,7,9,7,9,7,9,7,8,7,9,7,9,7,9,7,10,6,10,6,10,6,11,6,11,6,11,6,12,5,12,6,12,6,13,6]"
2025-08-18 22:42:11.326340,CSI_DATA,915,1a:00:00:00:00:00,-42,11,0,0,0,0,0,0,0,0,0,-94,0,1,0,157352522,0,31,0,128,0,"[0,0,12,7,11,7,12,7,12,6,11,6,11,6,11,5,11,4,11,4,11,3,11,3,11,2,11,2,12,2,12,1,12,1,13,2,13,2,13,2,13,3,13,3,12,4,12,4,11,5,11,5,10,6,0,0,0,0,0,0,0,0,0,0,0,0,0,0,0,0,0,0,0,0,0,0,9,2,9,3,9,4,9,5,9,6,9,6,9,7,9,7,9,8,8,8,8,8,8,8,8,8,8,8,8,8,8,7,9,7,9,7,10,7,10,7,10,7,11,7,11,7,12,7,12,7,13,7]"
2025-08-18 22:42:11.333905,CSI_DATA,916,1a:00:00:00:00:00,-42,11,0,0,0,0,0,0,0,0,0,-94,0,1,0,157413257,0,42,0,128,0,"[0,0,-16,0,-16,0,-16,0,-15,0,-15,0,-15,1,-14,1,-14,1,-13,2,-13,3,-13,3,-12,4,-13,4,-13,4,-13,5,-13,5,-13,5,-14,5,-14,5,-14,4,-14,4,-14,3,-14,3,-14,3,-14,2,-14,1,0,0,0,0,0,0,0,0,0,0,0,0,0,0,0,0,0,0,0,0,0,0,-11,1,-12,1,-12,0,-12,-1,-13,-1,-13,-2,-13,-3,-13,-3,-13,-4,-13,-4,-13,-4,-13,-4,-13,-4,-13,-4,-13,-3,-13,-3,-13,-2,-13,-2,-14,-2,-14,-1,-14,-1,-15,-1,-15,0,-16,0,-15,0,-16,0]"
2025-08-18 22:42:11.388061,CSI_DATA,917,1a:00:00:00:00:00,-42,11,0,0,0,0,0,0,0,0,0,-94,0,1,0,157480170,0,31,0,128,0,"[0,0,5,-14,5,-14,5,-14,5,-14,4,-14,4,-13,3,-13,3,-13,2,-13,2,-13,1,-13,1,-13,0,-13,0,-13,0,-13,-1,-14,0,-14,0,-14,0,-15,1,-14,1,-14,2,-14,2,-14,3,-13,3,-13,4,-13,0,0,0,0,0,0,0,0,0,0,0,0,0,0,0,0,0,0,0,0,0,0,1,-11,2,-11,3,-11,4,-11,4,-11,5,-11,6,-11,6,-11,7,-11,7,-10,7,-11,7,-10,7,-10,7,-10,6,-11,6,-11,6,-11,5,-12,6,-12,5,-12,5,-13,5,-13,5,-14,5,-14,5,-14,5,-14]"
2025-08-18 22:42:11.582304,CSI_DATA,918,1a:00:00:00:00:00,-42,11,0,0,0,0,0,0,0,0,0,-94,0,1,0,157682617,0,31,0,128,0,"[0,0,11,8,11,8,11,8,11,7,11,7,11,6,11,6,11,5,11,5,11,4,11,4,11,3,11,3,11,2,12,2,12,2,12,2,13,2,13,3,13,3,13,3,12,4,12,5,11,5,11,5,10,6,0,0,0,0,0,0,0,0,0,0,0,0,0,0,0,0,0,0,0,0,0,0,8,4,9,5,9,6,8,6,8,7,8,8,8,8,8,9,7,9,7,9,7,9,7,9,7,9,7,9,7,8,7,8,8,8,9,8,9,8,9,7,10,8,10,8,11,8,11,8,11,8,11,7]"
2025-08-18 22:42:11.794384,CSI_DATA,919,1a:00:00:00:00:00,-42,11,0,0,0,0,0,0,0,0,0,-94,0,1,0,157882383,0,31,0,128,0,"[0,0,-7,-14,-7,-14,-7,-13,-7,-13,-7,-13,-7,-12,-8,-12,-8,-11,-8,-11,-9,-10,-9,-10,-9,-10,-10,-10,-10,-9,-11,-9,-10,-9,-11,-10,-11,-10,-11,-10,-11,-10,-10,-11,-10,-11,-9,-11,-8,-12,-8,-11,-7,-12,0,0,0,0,0,0,0,0,0,0,0,0,0,0,0,0,0,0,0,0,0,0,-7,-9,-6,-9,-6,-10,-5,-11,-5,-12,-5,-12,-4,-12,-4,-13,-3,-13,-3,-13,-3,-13,-3,-13,-3,-13,-3,-13,-3,-12,-4,-12,-4,-12,-5,-12,-5,-12,-6,-13,-6,-13,-6,-13,-7,-13,-7,-14,-7,-14,-7,-14]"
2025-08-18 22:42:11.988944,CSI_DATA,920,1a:00:00:00:00:00,-42,11,0,0,0,0,0,0,0,0,0,-94,0,1,0,158083548,0,31,0,128,0,"[0,0,-8,12,-8,12,-7,12,-7,12,-6,12,-6,11,-5,11,-5,11,-4,11,-4,11,-3,11,-3,11,-2,12,-2,12,-1,12,-1,12,-2,13,-2,13,-2,13,-2,13,-3,13,-3,13,-4,12,-4,12,-5,11,-5,11,0,0,0,0,0,0,0,0,0,0,0,0,0,0,0,0,0,0,0,0,0,0,-4,9,-5,9,-6,9,-7,9,-7,9,-8,9,-9,9,-9,9,-9,9,-10,8,-10,8,-9,8,-9,8,-9,8,-9,8,-9,8,-8,8,-8,9,-8,9,-8,10,-8,11,-7,11,-8,12,-8,12,-7,12,-7,12]"
2025-08-18 22:42:12.205403,CSI_DATA,921,1a:00:00:00:00:00,-42,11,0,0,0,0,0,0,0,0,0,-94,0,1,0,158285062,0,31,0,128,0,"[0,0,-15,-5,-14,-5,-14,-5,-14,-5,-14,-5,-14,-4,-13,-4,-13,-3,-13,-2,-13,-2,-13,-1,-13,-1,-13,-1,-14,0,-13,0,-14,0,-14,0,-14,0,-14,0,-14,0,-15,-1,-14,-2,-14,-2,-13,-3,-13,-3,-13,-4,0,0,0,0,0,0,0,0,0,0,0,0,0,0,0,0,0,0,0,0,0,0,-11,-2,-11,-3,-11,-4,-11,-4,-11,-5,-12,-6,-11,-6,-11,-7,-11,-7,-10,-8,-11,-8,-11,-8,-11,-8,-11,-7,-11,-7,-11,-7,-12,-6,-11,-6,-12,-6,-13,-6,-13,-6,-13,-5,-14,-5,-14,-5,-14,-5,-14,-5]"
2025-08-18 22:42:12.390265,CSI_DATA,922,1a:00:00:00:00:00,-42,11,0,0,0,0,0,0,0,0,0,-94,0,1,0,158486119,0,31,0,128,0,"[0,0,14,1,14,0,14,0,14,0,14,0,13,0,13,-1,13,-1,12,-2,14,-4,12,-3,12,-3,12,-4,12,-4,12,-5,12,-5,12,-5,13,-5,13,-5,13,-4,13,-4,13,-3,13,-2,13,-2,13,-1,12,-1,0,0,0,0,0,0,0,0,0,0,0,0,0,0,0,0,0,0,0,0,0,0,10,-2,10,-1,11,0,11,0,11,1,12,2,12,3,12,3,12,3,11,4,11,4,11,4,11,4,11,3,11,3,11,3,11,2,12,2,12,2,13,1,13,1,13,1,14,0,14,0,14,0,14,0]"
2025-08-18 22:42:12.596105,CSI_DATA,923,1a:00:00:00:00:00,-42,11,0,0,0,0,0,0,0,0,0,-94,0,1,0,158687244,0,31,0,128,0,"[0,0,0,-15,0,-15,0,-14,0,-14,-1,-14,-1,-14,-1,-13,-2,-13,-2,-13,-3,-13,-3,-12,-4,-12,-4,-12,-4,-12,-5,-13,-5,-12,-5,-13,-5,-13,-5,-14,-5,-13,-4,-14,-3,-14,-3,-14,-2,-14,-2,-13,-1,-13,0,0,0,0,0,0,0,0,0,0,0,0,0,0,0,0,0,0,0,0,0,0,-2,-11,-2,-11,-1,-11,0,-12,0,-12,1,-12,2,-13,2,-13,3,-12,3,-12,3,-12,3,-12,3,-12,2,-12,2,-12,2,-12,2,-12,1,-13,1,-13,1,-13,0,-14,0,-14,0,-14,0,-15,0,-15,0,-15]"
2025-08-18 22:42:12.794492,CSI_DATA,924,1a:00:00:00:00:00,-42,11,0,0,0,0,0,0,0,0,0,-94,0,1,0,158888341,0,31,0,128,0,"[0,0,-14,6,-14,6,-13,6,-13,6,-13,6,-12,6,-12,6,-11,7,-11,7,-10,7,-10,8,-9,8,-9,8,-9,9,-9,9,-9,9,-10,10,-10,9,-10,10,-10,9,-11,9,-11,8,-11,8,-11,7,-12,6,-12,6,0,0,0,0,0,0,0,0,0,0,0,0,0,0,0,0,0,0,0,0,0,0,-9,6,-9,6,-10,5,-11,5,-11,4,-12,4,-12,3,-12,3,-13,3,-13,2,-13,2,-13,2,-12,2,-13,2,-12,2,-12,3,-12,3,-12,4,-12,4,-13,5,-13,5,-13,5,-13,6,-13,6,-14,6,-14,6]"
2025-08-18 22:42:12.863323,CSI_DATA,925,1a:00:00:00:00:00,-42,11,0,0,0,0,0,0,0,0,0,-94,0,1,0,158949153,0,42,0,128,0,"[0,0,0,15,0,14,0,14,1,13,1,14,1,13,1,13,2,12,2,12,3,11,3,11,3,11,4,11,4,11,5,11,5,11,4,12,5,12,5,12,4,12,4,12,3,13,2,13,2,13,1,12,0,12,0,0,0,0,0,0,0,0,0,0,0,0,0,0,0,0,0,0,0,0,0,0,2,9,2,10,1,10,0,11,0,11,0,12,-1,12,-2,12,-2,12,-3,12,-3,12,-3,12,-3,12,-3,11,-2,12,-2,11,-2,12,-1,12,-1,12,0,13,0,13,0,13,0,14,0,14,0,14,1,14]"
2025-08-18 22:42:12.930234,CSI_DATA,926,1a:00:00:00:00:00,-42,11,0,0,0,0,0,0,0,0,0,-94,0,1,0,159017467,0,31,0,128,0,"[0,0,-7,-14,-6,-14,-7,-14,-7,-13,-7,-13,-7,-12,-7,-12,-7,-12,-8,-11,-8,-10,-8,-10,-9,-10,-9,-10,-9,-10,-10,-9,-10,-9,-10,-10,-10,-10,-10,-10,-10,-11,-10,-11,-9,-11,-9,-11,-8,-11,-7,-11,-6,-12,0,0,0,0,0,0,0,0,0,0,0,0,0,0,0,0,0,0,0,0,0,0,-6,-9,-6,-10,-6,-10,-5,-11,-5,-12,-5,-12,-4,-13,-4,-13,-3,-13,-2,-13,-2,-13,-2,-13,-2,-13,-3,-12,-3,-12,-3,-12,-4,-12,-4,-12,-5,-13,-5,-13,-6,-13,-6,-13,-7,-13,-7,-14,-6,-13,-7,-14]"
2025-08-18 22:42:13.124966,CSI_DATA,927,1a:00:00:00:00:00,-42,11,0,0,0,0,0,0,0,0,0,-94,0,1,0,159218568,0,31,0,128,0,"[0,0,14,-3,14,-4,14,-4,14,-4,13,-4,13,-4,12,-4,12,-5,11,-5,11,-6,11,-6,10,-7,10,-7,10,-7,10,-8,10,-8,11,-8,11,-8,11,-8,11,-7,12,-7,12,-6,12,-6,12,-5,12,-4,12,-4,0,0,0,0,0,0,0,0,0,0,0,0,0,0,0,0,0,0,0,0,0,0,9,-5,9,-5,10,-4,11,-3,11,-3,12,-2,12,-2,12,-1,13,-1,12,0,12,0,12,0,12,0,12,0,12,-1,12,-1,12,-1,12,-2,12,-2,13,-3,13,-3,13,-4,13,-4,14,-4,14,-4,14,-4]"
2025-08-18 22:42:13.327048,CSI_DATA,928,1a:00:00:00:00:00,-42,11,0,0,0,0,0,0,0,0,0,-94,0,1,0,159419779,0,31,0,128,0,"[0,0,7,-14,6,-14,6,-13,6,-13,6,-13,5,-13,5,-13,4,-13,4,-13,3,-13,3,-13,2,-13,1,-13,1,-13,1,-13,1,-14,1,-14,1,-14,2,-15,2,-14,2,-14,3,-14,3,-14,4,-13,4,-12,5,-12,0,0,0,0,0,0,0,0,0,0,0,0,0,0,0,0,0,0,0,0,0,0,2,-11,3,-11,4,-11,5,-11,6,-11,6,-11,7,-11,7,-11,8,-10,8,-10,8,-10,8,-10,8,-10,8,-10,8,-10,7,-10,7,-11,7,-11,6,-12,6,-12,6,-12,6,-13,6,-13,6,-14,6,-14,6,-14]"
2025-08-18 22:42:13.527731,CSI_DATA,929,1a:00:00:00:00:00,-42,11,0,0,0,0,0,0,0,0,0,-94,0,1,0,159621131,0,31,0,128,0,"[0,0,-15,4,-14,3,-14,3,-14,4,-14,4,-13,4,-13,4,-12,4,-12,5,-11,5,-11,6,-11,6,-11,6,-11,7,-11,7,-11,7,-11,7,-11,7,-12,7,-12,7,-12,6,-12,6,-12,5,-13,4,-12,4,-13,3,0,0,0,0,0,0,0,0,0,0,0,0,0,0,0,0,0,0,0,0,0,0,-9,4,-10,4,-11,3,-12,3,-12,3,-12,2,-13,1,-13,1,-13,1,-13,0,-13,0,-13,0,-13,0,-13,0,-12,0,-12,1,-12,1,-12,2,-13,2,-13,3,-13,3,-14,3,-14,3,-14,4,-14,3,-14,4]"
2025-08-18 22:42:13.933263,CSI_DATA,930,1a:00:00:00:00:00,-42,11,0,0,0,0,0,0,0,0,0,-94,0,1,0,159822200,0,31,0,128,0,"[0,0,12,7,12,7,11,7,12,6,11,6,11,6,11,5,11,4,11,4,11,3,11,2,11,2,11,2,12,2,12,1,12,1,12,2,13,1,13,2,13,2,13,3,12,3,12,4,12,4,11,4,11,5,0,0,0,0,0,0,0,0,0,0,0,0,0,0,0,0,0,0,0,0,0,0,9,3,9,4,9,5,9,6,9,6,9,7,9,8,9,8,8,8,8,9,8,9,8,8,8,8,8,8,8,8,8,8,9,7,9,7,10,7,10,7,10,7,11,7,12,7,12,7,12,7,12,7]"
2025-08-18 22:42:13.939683,CSI_DATA,931,1a:00:00:00:00:00,-42,11,0,0,0,0,0,0,0,0,0,-94,0,1,0,160023340,0,31,0,128,0,"[0,0,-12,-9,-12,-9,-12,-9,-11,-8,-12,-8,-11,-8,-11,-8,-11,-7,-11,-6,-12,-5,-12,-5,-12,-5,-12,-4,-12,-4,-13,-4,-13,-4,-13,-4,-13,-4,-13,-5,-13,-5,-13,-5,-13,-6,-12,-6,-12,-7,-11,-7,-11,-8,0,0,0,0,0,0,0,0,0,0,0,0,0,0,0,0,0,0,0,0,0,0,-10,-5,-10,-6,-10,-7,-10,-7,-9,-8,-9,-9,-9,-9,-9,-10,-8,-10,-8,-10,-8,-10,-8,-10,-8,-10,-8,-10,-8,-10,-8,-9,-9,-9,-9,-9,-10,-9,-10,-9,-11,-9,-11,-9,-12,-9,-12,-9,-12,-9,-12,-9]"
2025-08-18 22:42:14.130812,CSI_DATA,932,1a:00:00:00:00:00,-42,11,0,0,0,0,0,0,0,0,0,-94,0,1,0,160224554,0,31,0,128,0,"[0,0,-2,14,-2,14,-2,13,-1,13,-1,13,-1,13,-1,13,0,12,0,12,1,12,2,12,2,11,2,11,3,12,3,12,3,12,3,12,3,12,3,12,3,13,2,13,2,13,1,13,0,12,0,12,-1,12,0,0,0,0,0,0,0,0,0,0,0,0,0,0,0,0,0,0,0,0,0,0,0,10,0,10,-1,10,-2,11,-2,11,-3,11,-4,11,-4,12,-5,11,-5,11,-5,11,-5,11,-5,11,-4,11,-4,11,-4,11,-4,11,-3,11,-3,12,-3,12,-3,12,-2,13,-2,13,-1,14,-2,14,-1,14]"
2025-08-18 22:42:14.333455,CSI_DATA,933,1a:00:00:00:00:00,-42,11,0,0,0,0,0,0,0,0,0,-94,0,1,0,160425758,0,31,0,128,0,"[0,0,-15,2,-14,2,-15,2,-14,2,-14,2,-14,2,-13,3,-13,3,-12,3,-12,4,-12,4,-11,5,-11,5,-12,6,-11,6,-12,6,-12,6,-13,6,-13,6,-13,5,-13,5,-13,4,-13,4,-13,3,-13,3,-13,2,0,0,0,0,0,0,0,0,0,0,0,0,0,0,0,0,0,0,0,0,0,0,-10,3,-11,3,-11,2,-12,2,-12,1,-13,1,-13,0,-13,0,-13,-1,-13,-1,-13,-1,-13,-1,-13,-1,-12,-1,-12,-1,-12,-1,-13,0,-13,0,-13,1,-13,1,-13,1,-14,1,-14,2,-15,2,-14,2,-15,2]"
2025-08-18 22:42:14.400317,CSI_DATA,934,1a:00:00:00:00:00,-42,11,0,0,0,0,0,0,0,0,0,-94,0,1,0,160486527,0,42,0,128,0,"[0,0,-14,-5,-14,-5,-14,-4,-14,-4,-13,-4,-14,-4,-13,-3,-13,-2,-13,-2,-13,-1,-13,-1,-13,-1,-13,0,-13,0,-13,1,-13,1,-14,1,-14,1,-14,1,-14,0,-14,0,-14,-1,-14,-2,-13,-2,-13,-3,-13,-4,0,0,0,0,0,0,0,0,0,0,0,0,0,0,0,0,0,0,0,0,0,0,-11,-2,-11,-2,-11,-3,-11,-4,-12,-5,-11,-5,-12,-6,-11,-6,-11,-7,-11,-7,-11,-8,-11,-8,-11,-7,-10,-7,-11,-7,-11,-6,-11,-6,-12,-5,-12,-5,-13,-5,-13,-5,-14,-5,-14,-5,-14,-5,-14,-5,-14,-5]"
2025-08-18 22:42:14.454537,CSI_DATA,935,1a:00:00:00:00:00,-42,11,0,0,0,0,0,0,0,0,0,-94,0,1,0,160552035,0,31,0,128,0,"[0,0,3,15,2,14,2,14,2,13,2,14,3,13,3,13,3,12,4,12,4,11,5,11,5,11,5,11,6,11,7,11,7,11,7,11,7,11,7,12,6,12,6,12,5,13,5,13,4,12,3,12,2,12,0,0,0,0,0,0,0,0,0,0,0,0,0,0,0,0,0,0,0,0,0,0,3,9,3,10,2,11,1,11,1,12,0,12,0,12,-1,13,-1,13,-2,12,-2,12,-2,12,-2,12,-2,12,-1,12,-1,12,0,12,0,12,1,13,1,13,1,13,2,14,2,14,2,14,2,14,2,15]"
2025-08-18 22:42:14.663303,CSI_DATA,936,1a:00:00:00:00:00,-42,11,0,0,0,0,0,0,0,0,0,-94,0,1,0,160753083,0,31,0,128,0,"[0,0,-15,-1,-15,-1,-14,-1,-14,-1,-14,-1,-14,0,-13,0,-13,1,-13,1,-13,2,-13,2,-12,3,-12,3,-12,3,-12,4,-13,4,-13,4,-13,4,-14,4,-14,3,-14,3,-13,2,-13,2,-13,1,-13,0,-13,0,0,0,0,0,0,0,0,0,0,0,0,0,0,0,0,0,0,0,0,0,0,0,-10,1,-11,0,-11,0,-12,-1,-12,-2,-12,-2,-13,-3,-13,-4,-12,-4,-12,-5,-12,-5,-12,-5,-12,-4,-12,-4,-12,-4,-12,-3,-12,-3,-13,-3,-13,-2,-13,-2,-14,-2,-14,-1,-14,-1,-15,-1,-15,-1,-15,-1]"
2025-08-18 22:42:14.865989,CSI_DATA,937,1a:00:00:00:00:00,-42,11,0,0,0,0,0,0,0,0,0,-94,0,1,0,160953880,0,31,0,128,0,"[0,0,-14,-8,-13,-7,-13,-7,-13,-7,-13,-7,-13,-6,-13,-6,-13,-5,-13,-4,-12,-4,-13,-4,-13,-3,-13,-3,-14,-2,-13,-2,-14,-2,-14,-2,-14,-2,-14,-2,-14,-3,-14,-3,-14,-4,-13,-4,-13,-4,-13,-5,-12,-6,0,0,0,0,0,0,0,0,0,0,0,0,0,0,0,0,0,0,0,0,0,0,-10,-4,-11,-5,-10,-6,-11,-7,-10,-7,-11,-8,-10,-9,-10,-9,-10,-9,-9,-10,-9,-10,-9,-10,-9,-10,-9,-9,-10,-9,-10,-8,-10,-9,-11,-8,-12,-8,-12,-8,-12,-8,-12,-8,-13,-7,-13,-7,-13,-8,-14,-8]"
2025-08-18 22:42:15.060330,CSI_DATA,938,1a:00:00:00:00:00,-42,11,0,0,0,0,0,0,0,0,0,-94,0,1,0,161155018,0,31,0,128,0,"[0,0,14,-1,14,-1,13,-1,14,-1,13,-1,13,-1,12,-2,12,-2,12,-3,11,-3,11,-4,11,-4,11,-5,11,-5,11,-5,11,-5,12,-6,12,-5,12,-5,12,-5,12,-4,12,-4,12,-3,12,-3,12,-2,12,-1,0,0,0,0,0,0,0,0,0,0,0,0,0,0,0,0,0,0,0,0,0,0,10,-3,10,-3,11,-2,11,-1,11,0,11,0,12,1,12,1,12,2,12,2,12,3,11,2,11,2,11,2,11,2,11,1,11,1,12,1,12,0,12,0,13,0,13,-1,13,-1,14,-1,14,-1,14,-1]"
2025-08-18 22:42:15.263977,CSI_DATA,939,1a:00:00:00:00:00,-42,11,0,0,0,0,0,0,0,0,0,-94,0,1,0,161356314,0,31,0,128,0,"[0,0,-15,2,-15,2,-15,2,-14,2,-14,2,-13,3,-13,3,-12,3,-12,4,-12,4,-11,4,-11,5,-12,5,-11,6,-11,6,-12,6,-11,6,-12,7,-12,6,-12,6,-12,6,-13,5,-12,4,-13,4,-13,3,-13,2,0,0,0,0,0,0,0,0,0,0,0,0,0,0,0,0,0,0,0,0,0,0,-10,3,-11,2,-11,2,-12,1,-12,0,-13,0,-13,0,-13,-1,-13,-1,-13,-2,-13,-2,-13,-2,-13,-2,-13,-2,-12,-1,-12,-1,-13,-1,-13,0,-13,0,-13,1,-14,1,-14,1,-14,2,-14,2,-15,2,-15,2]"
2025-08-18 22:42:15.478732,CSI_DATA,940,1a:00:00:00:00:00,-42,11,0,0,0,0,0,0,0,0,0,-94,0,1,0,161557425,0,31,0,128,0,"[0,0,11,-10,11,-10,11,-10,10,-10,10,-10,9,-10,9,-10,8,-10,8,-10,7,-10,7,-11,6,-11,6,-11,6,-12,6,-12,6,-12,6,-12,6,-12,7,-13,7,-12,8,-12,8,-11,8,-11,8,-10,9,-10,9,-9,0,0,0,0,0,0,0,0,0,0,0,0,0,0,0,0,0,0,0,0,0,0,6,-9,7,-9,8,-9,8,-8,9,-8,10,-8,10,-7,11,-7,11,-7,11,-6,11,-6,11,-6,11,-6,11,-6,11,-6,10,-6,10,-7,10,-8,10,-8,10,-8,10,-9,11,-9,10,-10,10,-10,11,-10,11,-10]"
2025-08-18 22:42:15.662314,CSI_DATA,941,1a:00:00:00:00:00,-42,11,0,0,0,0,0,0,0,0,0,-94,0,1,0,161758558,0,31,0,128,0,"[0,0,0,14,-1,14,0,14,0,13,0,13,0,13,0,12,1,12,2,12,3,11,3,11,3,11,4,11,4,11,4,11,5,11,4,12,5,12,4,12,4,12,3,12,3,13,2,12,2,12,1,12,1,12,0,0,0,0,0,0,0,0,0,0,0,0,0,0,0,0,0,0,0,0,0,0,2,9,1,10,0,10,0,11,-1,11,-2,12,-2,12,-3,12,-3,12,-4,11,-4,12,-4,11,-3,11,-3,11,-3,11,-3,11,-2,12,-2,12,-2,12,-1,12,-1,12,-1,13,0,13,0,14,0,14,0,14]"
2025-08-18 22:42:15.931137,CSI_DATA,942,1a:00:00:00:00:00,-42,11,0,0,0,0,0,0,0,0,0,-94,0,1,0,161960186,0,31,0,128,0,"[0,0,-8,13,-7,13,-7,12,-7,13,-6,12,-6,12,-6,12,-5,12,-5,12,-4,12,-3,12,-3,12,-2,12,-2,12,-2,13,-2,13,-2,13,-2,13,-3,14,-3,13,-4,13,-4,13,-5,13,-5,12,-5,12,-6,11,0,0,0,0,0,0,0,0,0,0,0,0,0,0,0,0,0,0,0,0,0,0,-3,10,-4,10,-5,10,-6,10,-7,10,-7,10,-8,10,-9,10,-9,10,-9,9,-9,9,-9,9,-9,9,-9,9,-8,9,-8,10,-8,10,-8,10,-8,11,-7,11,-7,12,-7,12,-7,13,-7,13,-7,13,-7,13]"
2025-08-18 22:42:15.937395,CSI_DATA,943,1a:00:00:00:00:00,-42,11,0,0,0,0,0,0,0,0,0,-94,0,1,0,162020646,0,42,0,128,0,"[0,0,-3,-16,-3,-15,-3,-15,-3,-15,-3,-15,-3,-14,-3,-14,-4,-13,-5,-13,-5,-12,-6,-12,-6,-12,-6,-12,-7,-12,-7,-12,-7,-12,-7,-13,-7,-13,-7,-13,-7,-13,-7,-13,-6,-13,-5,-14,-4,-14,-4,-13,-3,-13,0,0,0,0,0,0,0,0,0,0,0,0,0,0,0,0,0,0,0,0,0,0,-4,-10,-4,-11,-3,-12,-2,-12,-2,-13,-1,-13,-1,-13,0,-14,0,-14,1,-13,1,-13,1,-13,1,-13,1,-13,0,-13,0,-13,0,-13,-1,-13,-1,-14,-2,-14,-2,-14,-2,-15,-3,-15,-3,-15,-3,-15,-3,-15]"
2025-08-18 22:42:15.989436,CSI_DATA,944,1a:00:00:00:00:00,-42,11,0,0,0,0,0,0,0,0,0,-94,0,1,0,162087646,0,31,0,128,0,"[0,0,2,15,2,15,2,13,3,14,3,12,3,13,4,12,4,12,4,11,5,11,5,11,5,11,6,10,6,10,7,11,7,10,7,11,7,10,7,11,7,11,6,11,6,12,5,12,4,12,3,12,3,12,0,0,0,0,0,0,0,0,0,0,0,0,0,0,0,0,0,0,0,0,0,0,3,9,3,9,2,11,2,11,1,12,1,12,0,12,0,12,-1,12,-1,13,-2,12,-2,12,-2,12,-1,12,-1,11,-1,12,0,12,1,12,1,12,2,13,2,13,2,13,2,14,2,14,2,14,3,14]"
2025-08-18 22:42:16.194530,CSI_DATA,945,1a:00:00:00:00:00,-42,11,0,0,0,0,0,0,0,0,0,-94,0,1,0,162288837,0,31,0,128,0,"[0,0,13,-4,13,-3,13,-4,13,-4,13,-5,12,-5,11,-5,11,-5,11,-6,10,-6,9,-7,10,-7,10,-7,10,-7,11,-8,10,-9,10,-8,9,-9,11,-8,10,-8,10,-8,11,-7,11,-6,11,-6,11,-5,11,-4,0,0,0,0,0,0,0,0,0,0,0,0,0,0,0,0,0,0,0,0,0,0,9,-5,10,-4,10,-4,11,-3,11,-3,11,-2,12,-2,12,-1,12,-1,12,0,12,0,12,0,12,0,12,0,12,-1,11,-1,12,-1,12,-2,12,-3,12,-3,12,-3,13,-3,13,-3,13,-3,14,-4,14,-4]"
2025-08-18 22:42:16.397132,CSI_DATA,946,1a:00:00:00:00:00,-42,11,0,0,0,0,0,0,0,0,0,-94,0,1,0,162490250,0,31,0,128,0,"[0,0,7,-14,6,-14,6,-14,6,-14,5,-14,5,-14,5,-13,4,-13,3,-13,3,-13,3,-13,2,-13,2,-13,1,-13,0,-14,0,-14,1,-14,1,-15,1,-15,1,-15,2,-14,2,-14,3,-14,4,-14,4,-13,5,-13,0,0,0,0,0,0,0,0,0,0,0,0,0,0,0,0,0,0,0,0,0,0,3,-11,3,-11,4,-11,5,-11,6,-11,7,-11,7,-11,8,-11,8,-11,8,-10,8,-10,9,-10,8,-10,8,-10,8,-10,7,-10,7,-11,7,-11,7,-12,6,-12,6,-13,6,-13,6,-13,6,-14,7,-14,7,-14]"
2025-08-18 22:42:16.602618,CSI_DATA,947,1a:00:00:00:00:00,-42,11,0,0,0,0,0,0,0,0,0,-94,0,1,0,162691159,0,31,0,128,0,"[0,0,-14,-5,-14,-5,-14,-4,-14,-4,-14,-4,-13,-4,-13,-3,-13,-3,-13,-2,-13,-1,-13,-1,-13,0,-13,0,-13,1,-13,1,-13,1,-13,1,-14,1,-14,1,-14,0,-14,0,-14,-1,-13,-1,-13,-2,-13,-2,-13,-3,0,0,0,0,0,0,0,0,0,0,0,0,0,0,0,0,0,0,0,0,0,0,-11,-2,-11,-2,-11,-3,-11,-4,-12,-5,-12,-6,-11,-6,-11,-7,-11,-7,-11,-7,-11,-7,-11,-8,-11,-7,-11,-7,-11,-7,-11,-6,-11,-6,-12,-5,-12,-5,-13,-5,-13,-5,-13,-5,-14,-5,-14,-5,-14,-5,-14,-5]"
2025-08-18 22:42:16.798962,CSI_DATA,948,1a:00:00:00:00:00,-42,11,0,0,0,0,0,0,0,0,0,-94,0,1,0,162892329,0,31,0,128,0,"[0,0,6,-14,6,-14,6,-14,5,-13,5,-14,5,-13,4,-13,4,-13,3,-13,2,-13,2,-13,1,-13,1,-13,1,-14,0,-13,0,-14,0,-14,0,-14,0,-14,1,-14,1,-14,2,-14,2,-13,3,-13,3,-13,4,-13,0,0,0,0,0,0,0,0,0,0,0,0,0,0,0,0,0,0,0,0,0,0,3,-10,4,-11,4,-11,5,-11,6,-11,7,-11,7,-11,8,-11,8,-10,8,-10,8,-10,8,-9,8,-10,8,-10,8,-10,7,-10,7,-11,6,-11,7,-12,6,-12,6,-12,6,-13,6,-13,6,-14,6,-14,6,-14]"
2025-08-18 22:42:17.014399,CSI_DATA,949,1a:00:00:00:00:00,-42,11,0,0,0,0,0,0,0,0,0,-94,0,1,0,163093691,0,31,0,128,0,"[0,0,6,-13,6,-13,6,-13,6,-13,5,-13,5,-12,4,-12,4,-12,3,-12,2,-12,2,-12,1,-12,1,-13,1,-13,1,-13,1,-13,1,-13,1,-14,1,-14,1,-14,2,-14,3,-13,3,-13,3,-13,4,-12,4,-12,0,0,0,0,0,0,0,0,0,0,0,0,0,0,0,0,0,0,0,0,0,0,3,-10,3,-11,4,-11,5,-11,6,-10,6,-11,7,-10,7,-11,8,-10,8,-10,8,-9,8,-9,8,-10,8,-10,7,-10,7,-10,7,-10,6,-11,7,-11,6,-11,6,-12,6,-13,6,-13,6,-13,6,-13,6,-14]"
2025-08-18 22:42:17.206800,CSI_DATA,950,1a:00:00:00:00:00,-42,11,0,0,0,0,0,0,0,0,0,-94,0,1,0,163294834,0,31,0,128,0,"[0,0,-10,-12,-10,-11,-10,-11,-10,-11,-10,-11,-10,-10,-10,-9,-10,-9,-10,-8,-10,-8,-11,-7,-11,-7,-11,-7,-12,-6,-12,-6,-12,-6,-12,-6,-13,-6,-12,-7,-12,-7,-12,-8,-11,-8,-11,-8,-11,-8,-10,-9,-9,-9,0,0,0,0,0,0,0,0,0,0,0,0,0,0,0,0,0,0,0,0,0,0,-8,-7,-8,-8,-8,-9,-8,-10,-7,-10,-7,-11,-7,-11,-6,-11,-6,-12,-5,-12,-5,-12,-5,-12,-5,-12,-6,-11,-6,-12,-6,-11,-7,-11,-7,-11,-8,-11,-8,-11,-8,-11,-9,-11,-9,-11,-10,-11,-10,-11,-10,-12]"
2025-08-18 22:42:17.401273,CSI_DATA,951,1a:00:00:00:00:00,-42,11,0,0,0,0,0,0,0,0,0,-94,0,1,0,163495964,0,31,0,128,0,"[0,0,-13,8,-12,7,-12,7,-12,7,-11,8,-11,7,-10,7,-10,8,-9,8,-9,8,-9,9,-8,9,-8,9,-7,10,-7,10,-8,10,-8,10,-8,11,-8,11,-9,10,-9,10,-9,9,-9,9,-10,8,-10,8,-10,7,0,0,0,0,0,0,0,0,0,0,0,0,0,0,0,0,0,0,0,0,0,0,-8,7,-8,7,-9,6,-10,6,-10,6,-11,5,-11,5,-12,5,-12,4,-12,4,-12,4,-12,4,-12,4,-12,4,-12,4,-11,4,-12,5,-11,5,-12,6,-12,6,-12,7,-12,7,-12,7,-12,8,-12,8,-12,8]"
2025-08-18 22:42:17.459835,CSI_DATA,952,1a:00:00:00:00:00,-42,11,0,0,0,0,0,0,0,0,0,-94,0,1,0,163556712,0,42,0,128,0,"[0,0,1,14,1,14,1,14,1,13,1,13,1,13,2,12,2,12,3,11,3,11,4,11,4,11,4,11,5,10,5,10,6,11,6,11,6,11,6,11,5,12,5,12,4,12,3,12,3,12,2,12,2,12,0,0,0,0,0,0,0,0,0,0,0,0,0,0,0,0,0,0,0,0,0,0,2,9,2,10,1,10,0,11,0,11,-1,12,-1,12,-1,12,-2,12,-3,12,-3,12,-3,11,-3,11,-2,11,-2,12,-2,11,-1,12,-1,12,-1,12,0,12,0,13,0,13,1,13,1,14,1,14,1,14]"
2025-08-18 22:42:17.531847,CSI_DATA,953,1a:00:00:00:00:00,-42,11,0,0,0,0,0,0,0,0,0,-94,0,1,0,163623752,0,31,0,128,0,"[0,0,-16,2,-15,2,-15,2,-15,3,-14,3,-14,3,-13,3,-13,4,-13,4,-12,5,-12,5,-12,6,-12,6,-12,6,-12,6,-12,7,-12,7,-12,7,-13,7,-13,6,-13,6,-13,5,-13,5,-13,4,-13,3,-13,2,0,0,0,0,0,0,0,0,0,0,0,0,0,0,0,0,0,0,0,0,0,0,-10,4,-11,4,-12,3,-12,2,-13,2,-13,1,-14,1,-14,0,-14,0,-14,-1,-14,-1,-13,-1,-13,-1,-13,-1,-13,-1,-13,0,-14,0,-13,1,-14,1,-14,1,-14,2,-14,2,-15,3,-15,3,-15,3,-15,3]"
2025-08-18 22:42:17.724857,CSI_DATA,954,1a:00:00:00:00:00,-42,11,0,0,0,0,0,0,0,0,0,-94,0,1,0,163825174,0,31,0,128,0,"[0,0,12,7,12,7,11,6,12,6,11,6,11,6,11,5,11,5,11,4,11,3,11,2,11,2,12,2,11,2,12,1,12,1,12,1,13,1,13,2,13,2,13,3,12,3,12,4,12,4,11,4,11,5,0,0,0,0,0,0,0,0,0,0,0,0,0,0,0,0,0,0,0,0,0,0,9,2,9,3,9,4,9,5,10,6,9,6,9,7,9,7,9,8,9,8,8,8,8,8,8,8,8,8,8,8,9,7,9,7,9,7,10,7,10,7,11,7,11,7,12,6,12,6,12,7,12,6]"
2025-08-18 22:42:17.933094,CSI_DATA,955,1a:00:00:00:00:00,-42,11,0,0,0,0,0,0,0,0,0,-94,0,1,0,164025962,0,31,0,128,0,"[0,0,12,-10,11,-9,11,-10,11,-9,10,-10,10,-10,9,-10,9,-10,8,-10,8,-10,7,-10,7,-11,7,-11,6,-12,6,-12,6,-12,6,-12,7,-13,7,-12,7,-12,8,-12,8,-11,8,-11,9,-10,9,-10,10,-9,0,0,0,0,0,0,0,0,0,0,0,0,0,0,0,0,0,0,0,0,0,0,6,-9,7,-9,8,-8,9,-8,10,-8,11,-8,11,-7,11,-6,11,-6,11,-5,12,-5,12,-5,11,-5,11,-5,11,-6,11,-6,11,-7,10,-7,11,-8,11,-8,11,-8,11,-9,11,-10,11,-10,12,-9,12,-10]"
2025-08-18 22:42:18.127451,CSI_DATA,956,1a:00:00:00:00:00,-42,11,0,0,0,0,0,0,0,0,0,-94,0,1,0,164227346,0,31,0,128,0,"[0,0,7,12,7,12,7,12,7,11,7,11,7,11,7,10,7,10,8,9,8,8,8,8,9,8,9,8,9,7,10,7,10,7,10,8,10,8,10,8,10,9,10,9,9,10,8,10,8,10,7,10,7,10,0,0,0,0,0,0,0,0,0,0,0,0,0,0,0,0,0,0,0,0,0,0,7,7,6,8,6,8,5,9,5,10,5,10,5,11,4,11,4,11,3,11,3,11,3,11,3,11,3,11,3,11,4,10,4,11,5,10,5,11,6,11,6,11,6,11,7,11,7,12,7,12,7,12]"
2025-08-18 22:42:18.332188,CSI_DATA,957,1a:00:00:00:00:00,-42,11,0,0,0,0,0,0,0,0,0,-94,0,1,0,164428489,0,31,0,128,0,"[0,0,11,9,10,8,10,8,11,8,11,8,10,7,10,6,10,6,11,5,11,5,11,4,11,4,11,4,12,3,12,3,13,3,12,3,13,3,13,3,13,4,13,4,12,5,12,6,11,6,11,7,10,7,0,0,0,0,0,0,0,0,0,0,0,0,0,0,0,0,0,0,0,0,0,0,8,5,8,5,8,6,8,7,8,7,8,8,8,9,7,9,7,9,6,10,6,10,6,10,6,10,6,10,7,9,7,9,7,9,8,8,9,9,9,8,9,8,10,8,10,9,10,9,11,9,11,9]"
2025-08-18 22:42:18.552607,CSI_DATA,958,1a:00:00:00:00:00,-42,11,0,0,0,0,0,0,0,0,0,-94,0,1,0,164629618,0,31,0,128,0,"[0,0,-12,-9,-12,-9,-11,-9,-11,-9,-11,-8,-11,-8,-11,-7,-11,-7,-11,-6,-12,-5,-12,-5,-12,-4,-12,-4,-12,-4,-12,-4,-13,-4,-13,-4,-13,-4,-14,-4,-13,-5,-13,-5,-13,-6,-13,-6,-12,-6,-12,-7,-11,-7,0,0,0,0,0,0,0,0,0,0,0,0,0,0,0,0,0,0,0,0,0,0,-9,-5,-9,-6,-9,-7,-9,-7,-9,-8,-9,-9,-8,-9,-8,-10,-8,-10,-8,-10,-8,-10,-8,-10,-7,-10,-8,-10,-8,-10,-8,-9,-9,-9,-9,-9,-9,-9,-10,-9,-10,-9,-10,-9,-11,-9,-12,-9,-12,-9,-12,-9]"
2025-08-18 22:42:18.740393,CSI_DATA,959,1a:00:00:00:00:00,-42,11,0,0,0,0,0,0,0,0,0,-94,0,1,0,164830762,0,31,0,128,0,"[0,0,0,-15,0,-15,0,-15,-1,-14,-1,-14,-1,-14,-1,-13,-2,-13,-2,-13,-3,-12,-3,-12,-4,-12,-4,-12,-5,-12,-6,-12,-5,-12,-6,-13,-6,-13,-5,-13,-5,-13,-4,-14,-4,-14,-3,-14,-3,-14,-2,-13,-1,-13,0,0,0,0,0,0,0,0,0,0,0,0,0,0,0,0,0,0,0,0,0,0,-2,-10,-1,-11,0,-12,0,-12,1,-12,1,-12,2,-12,3,-12,3,-12,3,-12,3,-12,4,-12,3,-12,3,-12,3,-12,2,-12,2,-12,2,-13,1,-13,1,-13,1,-13,1,-14,0,-14,0,-15,0,-15,0,-15]"
2025-08-18 22:42:18.932347,CSI_DATA,960,1a:00:00:00:00:00,-42,11,0,0,0,0,0,0,0,0,0,-94,0,1,0,165031897,0,31,0,128,0,"[0,0,10,10,9,10,9,10,9,10,9,9,9,9,9,9,9,8,9,7,10,7,10,6,10,5,11,5,11,5,11,5,12,5,12,5,12,5,12,6,12,6,12,7,12,7,11,8,10,8,10,8,9,9,0,0,0,0,0,0,0,0,0,0,0,0,0,0,0,0,0,0,0,0,0,0,8,5,8,6,7,7,7,8,7,9,7,9,6,10,6,10,6,11,5,11,5,10,5,11,5,10,6,10,5,10,6,10,6,10,7,9,7,10,7,10,8,10,8,10,9,10,9,10,10,10,10,10]"
2025-08-18 22:42:18.998072,CSI_DATA,961,1a:00:00:00:00:00,-42,11,0,0,0,0,0,0,0,0,0,-94,0,1,0,165092707,0,42,0,128,0,"[0,0,8,-13,8,-12,8,-12,7,-12,7,-12,6,-12,6,-12,5,-12,5,-12,4,-12,4,-12,3,-13,3,-13,3,-13,2,-13,2,-14,2,-14,3,-15,3,-14,3,-14,4,-14,5,-14,5,-13,5,-13,6,-13,7,-12,0,0,0,0,0,0,0,0,0,0,0,0,0,0,0,0,0,0,0,0,0,0,4,-10,5,-10,6,-9,7,-10,7,-9,8,-10,8,-9,9,-9,9,-8,9,-8,9,-8,9,-8,9,-8,9,-8,9,-8,8,-8,8,-9,8,-9,8,-10,8,-10,8,-11,8,-12,7,-11,8,-12,8,-12,8,-13]"
2025-08-18 22:42:19.061709,CSI_DATA,962,1a:00:00:00:00:00,-42,11,0,0,0,0,0,0,0,0,0,-94,0,1,0,165159969,0,31,0,128,0,"[0,0,2,14,2,13,2,14,3,13,3,13,3,12,3,12,4,11,4,11,4,10,5,10,5,10,5,10,6,10,6,10,7,11,7,11,7,11,7,12,7,12,6,12,5,12,5,12,4,12,3,12,2,12,0,0,0,0,0,0,0,0,0,0,0,0,0,0,0,0,0,0,0,0,0,0,3,9,3,10,2,10,1,11,1,11,0,12,0,12,-1,12,-1,12,-2,11,-2,12,-2,11,-2,11,-2,11,-1,11,-1,11,0,12,0,11,1,12,1,12,1,12,1,13,2,13,2,13,2,14,2,14]"
2025-08-18 22:42:19.271662,CSI_DATA,963,1a:00:00:00:00:00,-42,11,0,0,0,0,0,0,0,0,0,-94,0,1,0,165361614,0,31,0,128,0,"[0,0,-1,-15,-1,-14,-1,-14,-2,-14,-2,-14,-2,-13,-2,-13,-3,-13,-3,-12,-4,-12,-4,-12,-5,-12,-5,-12,-6,-12,-6,-12,-7,-12,-7,-12,-7,-13,-7,-13,-6,-13,-6,-14,-5,-14,-4,-14,-4,-14,-3,-14,-2,-14,0,0,0,0,0,0,0,0,0,0,0,0,0,0,0,0,0,0,0,0,0,0,-2,-10,-2,-11,-1,-11,0,-12,0,-12,0,-12,1,-12,2,-12,2,-12,2,-12,2,-12,3,-12,3,-12,2,-12,2,-12,2,-12,1,-12,0,-12,0,-13,0,-13,0,-13,0,-14,-1,-14,-1,-14,-1,-15,-1,-14]"
2025-08-18 22:42:19.468984,CSI_DATA,964,1a:00:00:00:00:00,-42,11,0,0,0,0,0,0,0,0,0,-94,0,1,0,165562338,0,31,0,128,0,"[0,0,-12,9,-11,9,-11,9,-11,9,-10,9,-10,8,-10,9,-9,9,-9,9,-8,10,-7,10,-7,10,-7,11,-6,11,-6,11,-6,12,-7,12,-7,12,-8,12,-8,12,-8,12,-9,11,-9,11,-9,11,-10,10,-10,9,0,0,0,0,0,0,0,0,0,0,0,0,0,0,0,0,0,0,0,0,0,0,-7,7,-8,7,-9,6,-9,6,-10,6,-11,6,-11,5,-11,5,-12,4,-12,4,-11,4,-11,4,-11,4,-11,4,-11,5,-11,5,-11,5,-10,6,-11,6,-11,7,-11,7,-11,7,-11,8,-11,9,-11,9,-11,9]"
2025-08-18 22:42:19.663404,CSI_DATA,965,1a:00:00:00:00:00,-42,11,0,0,0,0,0,0,0,0,0,-94,0,1,0,165763471,0,31,0,128,0,"[0,0,11,7,11,7,11,7,12,7,11,6,11,6,11,5,11,5,11,4,12,3,11,3,11,3,11,3,12,2,13,2,12,2,13,2,13,2,14,3,13,3,13,4,13,4,13,5,12,5,11,6,11,7,0,0,0,0,0,0,0,0,0,0,0,0,0,0,0,0,0,0,0,0,0,0,8,3,8,4,8,5,8,5,9,6,8,6,8,7,8,8,8,8,7,8,7,8,7,8,7,8,7,8,7,7,8,8,8,7,9,7,9,7,9,7,10,7,10,7,11,7,11,7,11,7,11,7]"
2025-08-18 22:42:19.866815,CSI_DATA,966,1a:00:00:00:00:00,-42,11,0,0,0,0,0,0,0,0,0,-94,0,1,0,165964650,0,31,0,128,0,"[0,0,13,5,13,5,13,5,13,4,13,4,12,4,12,3,12,3,12,2,12,1,12,1,12,0,12,0,13,0,13,-1,13,-1,13,0,14,-1,14,0,14,0,14,1,14,2,13,2,13,3,13,3,13,4,0,0,0,0,0,0,0,0,0,0,0,0,0,0,0,0,0,0,0,0,0,0,9,2,9,2,9,3,9,4,9,4,10,5,10,6,9,6,9,7,9,7,9,7,9,7,9,7,9,6,9,6,9,6,10,6,10,5,11,5,11,5,11,5,12,5,12,4,13,5,13,5,13,4]"
2025-08-18 22:42:20.090320,CSI_DATA,967,1a:00:00:00:00:00,-42,11,0,0,0,0,0,0,0,0,0,-94,0,1,0,166165794,0,31,0,128,0,"[0,0,-15,2,-15,2,-14,2,-14,3,-14,3,-14,3,-13,3,-13,4,-12,4,-12,5,-12,5,-11,5,-11,6,-11,7,-11,7,-11,7,-12,7,-12,7,-13,7,-13,7,-13,6,-13,6,-13,5,-14,4,-14,4,-14,3,0,0,0,0,0,0,0,0,0,0,0,0,0,0,0,0,0,0,0,0,0,0,-10,2,-10,2,-11,1,-11,1,-12,0,-12,0,-12,-1,-13,-1,-12,-1,-12,-2,-12,-2,-12,-2,-12,-2,-12,-2,-12,-1,-12,-1,-12,0,-12,0,-13,0,-13,1,-13,1,-14,2,-14,2,-14,2,-15,2,-14,2]"
2025-08-18 22:42:20.271012,CSI_DATA,968,1a:00:00:00:00:00,-42,11,0,0,0,0,0,0,0,0,0,-94,0,1,0,166367042,0,31,0,128,0,"[0,0,0,14,0,14,0,13,1,13,1,13,1,13,2,12,2,12,2,11,3,11,4,11,4,11,4,11,5,11,5,11,6,11,6,11,6,12,5,12,5,12,5,13,4,13,3,13,3,13,2,12,1,12,0,0,0,0,0,0,0,0,0,0,0,0,0,0,0,0,0,0,0,0,0,0,1,9,0,9,0,10,-1,10,-1,10,-2,11,-2,11,-3,11,-3,11,-3,11,-4,11,-4,11,-3,11,-3,11,-3,10,-3,11,-2,11,-2,11,-1,11,-1,12,-1,12,-1,12,0,13,0,13,0,13,0,13]"
2025-08-18 22:42:20.473589,CSI_DATA,969,1a:00:00:00:00:00,-42,11,0,0,0,0,0,0,0,0,0,-94,0,1,0,166568334,0,31,0,128,0,"[0,0,8,-13,8,-13,7,-12,7,-12,7,-12,6,-12,6,-12,5,-12,5,-12,4,-12,4,-12,3,-13,3,-13,3,-13,2,-13,3,-14,3,-14,3,-14,3,-14,4,-14,4,-14,5,-14,5,-13,6,-13,6,-12,7,-12,0,0,0,0,0,0,0,0,0,0,0,0,0,0,0,0,0,0,0,0,0,0,3,-10,4,-10,5,-10,6,-10,7,-10,7,-10,8,-9,8,-9,9,-9,9,-8,9,-8,9,-8,9,-8,8,-9,8,-9,8,-9,8,-9,7,-10,7,-10,8,-11,7,-11,8,-12,7,-12,7,-12,8,-12,8,-13]"
2025-08-18 22:42:20.536282,CSI_DATA,970,1a:00:00:00:00:00,-42,11,0,0,0,0,0,0,0,0,0,-94,0,1,0,166629071,0,42,0,128,0,"[0,0,-14,6,-14,6,-13,5,-14,6,-13,6,-13,6,-12,6,-12,7,-11,7,-11,7,-10,8,-10,8,-10,9,-9,8,-10,10,-9,9,-10,10,-10,10,-11,10,-11,10,-12,9,-12,8,-12,8,-12,7,-12,7,-13,6,0,0,0,0,0,0,0,0,0,0,0,0,0,0,0,0,0,0,0,0,0,0,-9,5,-10,5,-11,4,-11,4,-12,4,-12,3,-13,2,-13,2,-13,2,-13,1,-13,1,-13,1,-13,1,-13,1,-12,2,-13,2,-12,2,-13,3,-13,3,-13,4,-13,4,-13,5,-14,5,-14,6,-14,6,-14,6]"
2025-08-18 22:42:20.616716,CSI_DATA,971,1a:00:00:00:00:00,-42,11,0,0,0,0,0,0,0,0,0,-94,0,1,0,166695966,0,31,0,128,0,"[0,0,-9,11,-10,11,-9,10,-9,11,-8,10,-8,11,-7,11,-6,11,-6,11,-6,11,-5,11,-5,11,-4,11,-4,11,-3,12,-3,12,-4,13,-4,12,-4,13,-4,13,-5,13,-5,13,-6,13,-7,12,-7,11,-7,10,0,0,0,0,0,0,0,0,0,0,0,0,0,0,0,0,0,0,0,0,0,0,-6,8,-6,8,-7,8,-7,7,-8,8,-9,7,-8,7,-10,9,-10,7,-11,7,-11,6,-11,6,-10,6,-10,6,-9,6,-10,7,-9,7,-9,8,-9,8,-9,9,-9,9,-9,10,-9,11,-9,11,-9,10,-9,11]"
2025-08-18 22:42:20.805312,CSI_DATA,972,1a:00:00:00:00:00,-43,11,0,0,0,0,0,0,0,0,0,-94,0,1,0,166897176,0,31,0,128,0,"[0,0,-15,1,-15,1,-14,1,-14,1,-13,1,-13,2,-13,2,-12,2,-12,3,-12,4,-12,4,-11,5,-11,5,-11,6,-11,6,-11,6,-12,6,-12,6,-13,6,-13,6,-13,6,-13,5,-13,5,-13,4,-13,3,-13,2,0,0,0,0,0,0,0,0,0,0,0,0,0,0,0,0,0,0,0,0,0,0,-10,2,-11,1,-12,0,-12,0,-12,-1,-12,-1,-12,-2,-12,-2,-13,-3,-12,-3,-12,-3,-12,-3,-12,-3,-12,-3,-12,-2,-12,-2,-12,-2,-12,-1,-13,-1,-13,-1,-13,0,-13,0,-14,1,-14,1,-14,1,-14,1]"
2025-08-18 22:42:21.011508,CSI_DATA,973,1a:00:00:00:00:00,-43,11,0,0,0,0,0,0,0,0,0,-94,0,1,0,167098206,0,31,0,128,0,"[0,0,-8,-13,-7,-13,-8,-13,-8,-12,-8,-12,-8,-12,-8,-11,-8,-11,-9,-10,-9,-9,-10,-9,-10,-9,-11,-8,-11,-9,-11,-8,-12,-8,-11,-9,-12,-9,-12,-10,-12,-10,-11,-10,-11,-10,-10,-10,-10,-10,-9,-11,-8,-11,0,0,0,0,0,0,0,0,0,0,0,0,0,0,0,0,0,0,0,0,0,0,-7,-8,-6,-9,-6,-10,-6,-11,-5,-11,-5,-12,-4,-12,-4,-13,-3,-13,-3,-13,-3,-13,-3,-13,-3,-12,-4,-12,-4,-12,-4,-12,-5,-12,-5,-12,-6,-12,-6,-12,-6,-12,-7,-13,-7,-12,-8,-13,-8,-13,-8,-13]"
2025-08-18 22:42:21.206374,CSI_DATA,974,1a:00:00:00:00:00,-43,11,0,0,0,0,0,0,0,0,0,-94,0,1,0,167299437,0,31,0,128,0,"[0,0,13,-5,13,-6,12,-6,13,-6,12,-6,12,-6,11,-6,11,-7,10,-7,10,-8,10,-8,9,-8,9,-9,8,-9,9,-9,9,-10,9,-10,9,-10,10,-10,10,-10,10,-9,11,-9,11,-8,11,-8,11,-7,11,-6,0,0,0,0,0,0,0,0,0,0,0,0,0,0,0,0,0,0,0,0,0,0,8,-5,9,-5,10,-4,10,-4,11,-3,11,-3,12,-2,11,-2,12,-2,12,-1,12,-1,11,-1,12,-1,11,-2,11,-2,11,-2,11,-3,12,-3,12,-3,12,-4,12,-4,12,-4,13,-5,13,-6,13,-5,13,-6]"
2025-08-18 22:42:21.412350,CSI_DATA,975,1a:00:00:00:00:00,-43,11,0,0,0,0,0,0,0,0,0,-94,0,1,0,167500584,0,31,0,128,0,"[0,0,-14,-5,-14,-6,-14,-5,-13,-5,-13,-4,-13,-4,-13,-4,-13,-3,-13,-2,-13,-2,-13,-2,-13,-1,-13,-1,-13,0,-13,0,-14,0,-14,0,-14,0,-15,0,-14,-1,-14,-1,-14,-2,-14,-2,-14,-3,-13,-4,-13,-4,0,0,0,0,0,0,0,0,0,0,0,0,0,0,0,0,0,0,0,0,0,0,-10,-2,-10,-3,-11,-4,-11,-5,-11,-5,-11,-6,-11,-7,-11,-7,-10,-8,-10,-8,-10,-8,-10,-8,-10,-8,-10,-8,-10,-7,-10,-7,-11,-7,-11,-6,-11,-6,-12,-6,-12,-6,-13,-6,-13,-5,-14,-5,-13,-5,-14,-5]"
2025-08-18 22:42:21.617570,CSI_DATA,976,1a:00:00:00:00:00,-42,11,0,0,0,0,0,0,0,0,0,-94,0,1,0,167701967,0,31,0,128,0,"[0,0,13,5,13,4,13,4,13,4,13,3,12,3,12,3,12,2,12,1,12,1,12,1,12,0,12,0,12,-1,13,-1,13,-2,13,-1,13,-1,14,-1,14,-1,14,0,13,0,13,1,13,2,13,2,12,3,0,0,0,0,0,0,0,0,0,0,0,0,0,0,0,0,0,0,0,0,0,0,9,2,10,3,10,3,10,4,10,5,10,5,10,6,10,6,10,7,9,7,9,7,9,7,9,7,9,7,9,6,9,6,10,6,10,5,11,5,11,5,12,5,12,5,13,5,13,5,13,5,13,5]"
2025-08-18 22:42:21.809647,CSI_DATA,977,1a:00:00:00:00:00,-42,11,0,0,0,0,0,0,0,0,0,-94,0,1,0,167903031,0,31,0,128,0,"[0,0,14,1,13,0,13,0,13,0,12,0,12,0,12,-1,11,-1,11,-2,11,-3,11,-3,11,-4,11,-4,11,-4,11,-5,11,-5,11,-5,12,-5,12,-5,12,-4,13,-4,12,-3,12,-3,12,-2,12,-2,12,-1,0,0,0,0,0,0,0,0,0,0,0,0,0,0,0,0,0,0,0,0,0,0,9,-1,9,-1,10,0,10,1,10,1,11,2,11,3,11,3,10,3,10,4,10,4,10,4,10,4,10,3,10,3,10,3,11,2,11,2,11,2,12,1,12,1,12,1,13,1,13,1,13,1,13,0]"
2025-08-18 22:42:22.010077,CSI_DATA,978,1a:00:00:00:00:00,-42,11,0,0,0,0,0,0,0,0,0,-94,0,1,0,168104151,0,31,0,128,0,"[0,0,14,-3,14,-3,14,-3,14,-3,13,-3,13,-3,13,-4,12,-4,12,-5,12,-5,11,-6,11,-6,11,-7,11,-7,11,-8,11,-8,12,-8,12,-8,12,-8,12,-7,13,-7,13,-6,13,-6,13,-5,13,-4,13,-3,0,0,0,0,0,0,0,0,0,0,0,0,0,0,0,0,0,0,0,0,0,0,9,-4,10,-3,11,-3,11,-2,12,-2,12,-1,12,0,12,0,12,1,12,1,12,1,12,1,12,1,12,1,12,1,12,0,12,0,12,-1,12,-1,13,-2,13,-2,13,-2,14,-3,14,-3,14,-3,14,-3]"
2025-08-18 22:42:22.074915,CSI_DATA,979,1a:00:00:00:00:00,-42,11,0,0,0,0,0,0,0,0,0,-94,0,1,0,168164979,0,42,0,128,0,"[0,0,-1,-15,-1,-15,-1,-14,-2,-14,-2,-14,-2,-13,-2,-13,-3,-13,-3,-12,-4,-12,-4,-12,-5,-12,-5,-12,-6,-12,-6,-12,-6,-12,-6,-12,-6,-12,-6,-13,-6,-13,-5,-13,-5,-14,-4,-13,-4,-13,-3,-13,-2,-13,0,0,0,0,0,0,0,0,0,0,0,0,0,0,0,0,0,0,0,0,0,0,-3,-10,-2,-10,-1,-11,-1,-12,0,-12,0,-12,1,-12,2,-13,2,-12,2,-12,2,-12,2,-12,2,-12,2,-12,2,-12,1,-12,1,-12,0,-12,0,-13,0,-13,0,-13,-1,-14,-1,-14,-1,-14,-1,-14,-1,-14]"
2025-08-18 22:42:22.142572,CSI_DATA,980,1a:00:00:00:00:00,-42,11,0,0,0,0,0,0,0,0,0,-94,0,1,0,168233516,0,31,0,128,0,"[0,0,0,-15,0,-15,0,-15,-1,-14,-1,-15,-1,-14,-1,-14,-2,-13,-2,-13,-3,-13,-4,-12,-4,-12,-5,-12,-5,-13,-5,-12,-6,-13,-6,-13,-6,-13,-5,-14,-5,-14,-4,-14,-4,-14,-3,-14,-3,-14,-2,-14,-1,-14,0,0,0,0,0,0,0,0,0,0,0,0,0,0,0,0,0,0,0,0,0,0,-2,-10,-1,-11,-1,-11,0,-12,0,-12,1,-13,2,-13,2,-13,3,-13,3,-12,3,-12,3,-12,3,-12,3,-12,2,-12,2,-12,2,-12,1,-13,1,-13,1,-13,1,-14,0,-14,0,-14,0,-15,0,-15,0,-15]"
2025-08-18 22:42:22.340482,CSI_DATA,981,1a:00:00:00:00:00,-43,11,0,0,0,0,0,0,0,0,0,-94,0,1,0,168434880,0,31,0,128,0,"[0,0,13,-6,12,-5,12,-6,12,-6,12,-6,11,-6,11,-6,10,-7,10,-7,9,-7,9,-8,9,-8,9,-9,8,-10,8,-9,9,-10,9,-10,9,-10,9,-10,10,-10,10,-9,10,-9,10,-8,10,-8,11,-7,11,-6,0,0,0,0,0,0,0,0,0,0,0,0,0,0,0,0,0,0,0,0,0,0,8,-5,9,-5,9,-4,10,-4,10,-3,11,-3,11,-2,11,-2,11,-2,11,-1,11,-1,11,-1,11,-1,11,-2,11,-2,11,-2,11,-3,11,-3,12,-4,11,-4,12,-5,12,-5,12,-5,12,-5,13,-5,13,-6]"
2025-08-18 22:42:22.548298,CSI_DATA,982,1a:00:00:00:00:00,-42,11,0,0,0,0,0,0,0,0,0,-94,0,1,0,168635780,0,31,0,128,0,"[0,0,-7,-14,-7,-14,-7,-14,-7,-13,-7,-13,-7,-13,-7,-12,-7,-12,-8,-11,-8,-10,-9,-10,-9,-10,-10,-10,-10,-10,-10,-9,-11,-10,-10,-10,-11,-10,-11,-11,-10,-11,-10,-12,-9,-12,-9,-12,-8,-12,-8,-12,-7,-13,0,0,0,0,0,0,0,0,0,0,0,0,0,0,0,0,0,0,0,0,0,0,-6,-9,-6,-10,-6,-10,-5,-11,-5,-11,-4,-12,-4,-13,-3,-13,-3,-13,-3,-13,-3,-13,-2,-13,-3,-13,-3,-12,-3,-13,-3,-12,-4,-13,-5,-12,-5,-13,-5,-13,-5,-13,-6,-13,-6,-13,-7,-14,-7,-14,-7,-14]"
2025-08-18 22:42:22.944827,CSI_DATA,983,1a:00:00:00:00:00,-42,11,0,0,0,0,0,0,0,0,0,-94,0,1,0,168837119,0,31,0,128,0,"[0,0,13,-6,13,-6,12,-5,12,-6,12,-6,11,-6,11,-6,10,-6,10,-7,10,-7,9,-8,9,-8,9,-9,9,-9,9,-9,9,-10,9,-10,9,-10,10,-10,10,-9,10,-9,11,-9,11,-8,11,-8,11,-7,11,-6,0,0,0,0,0,0,0,0,0,0,0,0,0,0,0,0,0,0,0,0,0,0,8,-5,9,-5,10,-4,10,-4,11,-3,11,-3,11,-2,11,-2,12,-1,11,-1,11,-1,11,-1,11,-1,11,-1,11,-2,11,-2,11,-3,11,-3,11,-4,12,-4,12,-4,12,-5,12,-5,12,-5,13,-5,13,-5]"
2025-08-18 22:42:22.951302,CSI_DATA,984,1a:00:00:00:00:00,-42,11,0,0,0,0,0,0,0,0,0,-94,0,1,0,169038220,0,31,0,128,0,"[0,0,13,-5,13,-6,13,-6,13,-6,12,-6,12,-6,11,-6,11,-6,10,-7,10,-8,10,-8,9,-8,9,-9,9,-9,9,-9,9,-10,10,-10,10,-10,10,-10,10,-9,11,-9,11,-9,11,-8,11,-7,11,-7,12,-6,0,0,0,0,0,0,0,0,0,0,0,0,0,0,0,0,0,0,0,0,0,0,8,-6,9,-6,9,-5,10,-5,10,-4,11,-4,11,-3,12,-3,12,-2,12,-2,12,-2,12,-2,11,-1,11,-2,12,-2,11,-2,11,-3,11,-4,12,-4,12,-4,12,-5,12,-5,13,-5,13,-6,13,-6,13,-6]"
2025-08-18 22:42:23.158501,CSI_DATA,985,1a:00:00:00:00:00,-42,11,0,0,0,0,0,0,0,0,0,-94,0,1,0,169239395,0,31,0,128,0,"[0,0,-11,-10,-11,-10,-11,-10,-11,-9,-11,-9,-10,-9,-11,-8,-11,-8,-11,-7,-11,-6,-11,-6,-12,-5,-12,-5,-12,-5,-13,-5,-13,-5,-13,-5,-13,-5,-13,-5,-13,-6,-13,-6,-13,-7,-12,-7,-12,-7,-11,-8,-11,-8,0,0,0,0,0,0,0,0,0,0,0,0,0,0,0,0,0,0,0,0,0,0,-8,-6,-8,-7,-8,-8,-8,-8,-8,-9,-8,-10,-7,-10,-7,-10,-7,-11,-6,-11,-6,-11,-6,-11,-6,-11,-6,-10,-6,-10,-7,-10,-7,-10,-8,-10,-8,-10,-9,-10,-9,-10,-10,-10,-10,-10,-11,-10,-11,-10,-11,-10]"
2025-08-18 22:42:23.346534,CSI_DATA,986,1a:00:00:00:00:00,-43,11,0,0,0,0,0,0,0,0,0,-94,0,1,0,169440626,0,31,0,128,0,"[0,0,-14,7,-14,6,-13,6,-13,6,-12,6,-12,7,-11,6,-11,7,-10,7,-10,8,-10,8,-9,8,-9,8,-9,9,-9,9,-9,10,-9,10,-10,10,-10,10,-10,10,-10,10,-11,9,-11,8,-11,7,-12,7,-12,6,0,0,0,0,0,0,0,0,0,0,0,0,0,0,0,0,0,0,0,0,0,0,-9,5,-9,5,-10,4,-11,4,-11,4,-12,3,-12,3,-13,3,-13,2,-13,2,-13,1,-12,1,-13,1,-12,2,-12,2,-12,2,-12,3,-12,3,-12,4,-12,5,-13,5,-13,5,-13,6,-13,6,-13,6,-13,6]"
2025-08-18 22:42:23.541835,CSI_DATA,987,1a:00:00:00:00:00,-42,11,0,0,0,0,0,0,0,0,0,-94,0,1,0,169641743,0,31,0,128,0,"[0,0,12,7,12,7,12,6,12,6,12,6,11,6,11,5,11,5,11,4,11,3,12,2,11,2,12,2,12,2,12,1,13,1,13,2,13,2,13,2,13,3,13,4,13,4,12,5,12,5,12,5,11,6,0,0,0,0,0,0,0,0,0,0,0,0,0,0,0,0,0,0,0,0,0,0,9,2,9,3,9,4,9,5,10,6,10,6,9,7,9,7,9,8,8,8,9,8,8,8,8,8,9,7,9,8,9,7,9,7,10,6,10,6,10,7,10,7,11,7,12,6,12,6,12,6,12,6]"
2025-08-18 22:42:23.609616,CSI_DATA,988,1a:00:00:00:00:00,-42,11,0,0,0,0,0,0,0,0,0,-94,0,1,0,169702551,0,42,0,128,0,"[0,0,-11,10,-11,10,-10,9,-10,10,-10,10,-10,10,-9,10,-8,10,-8,10,-7,10,-6,10,-6,11,-6,11,-5,11,-5,12,-5,12,-6,12,-6,12,-6,13,-6,13,-7,12,-7,12,-8,11,-8,11,-8,10,-9,9,0,0,0,0,0,0,0,0,0,0,0,0,0,0,0,0,0,0,0,0,0,0,-6,8,-7,7,-8,7,-9,7,-9,7,-10,7,-11,6,-11,6,-11,6,-12,5,-11,5,-11,5,-11,5,-11,5,-11,6,-11,6,-10,6,-10,7,-10,7,-11,8,-10,8,-10,8,-11,9,-11,10,-11,10,-11,10]"
2025-08-18 22:42:23.673197,CSI_DATA,989,1a:00:00:00:00:00,-42,11,0,0,0,0,0,0,0,0,0,-94,0,1,0,169768074,0,31,0,128,0,"[0,0,9,-11,9,-12,9,-11,8,-11,8,-12,7,-11,7,-11,6,-11,6,-11,5,-12,5,-12,4,-12,4,-12,4,-13,3,-13,4,-13,3,-13,4,-14,4,-14,5,-14,5,-13,6,-13,6,-12,6,-12,7,-11,7,-11,0,0,0,0,0,0,0,0,0,0,0,0,0,0,0,0,0,0,0,0,0,0,4,-9,5,-9,6,-9,7,-9,7,-9,8,-9,9,-8,9,-8,10,-8,9,-7,9,-7,10,-7,10,-7,9,-7,9,-8,9,-8,9,-9,8,-9,9,-9,9,-10,8,-10,9,-11,8,-11,9,-11,9,-12,9,-12]"
2025-08-18 22:42:23.869584,CSI_DATA,990,1a:00:00:00:00:00,-43,11,0,0,0,0,0,0,0,0,0,-94,0,1,0,169969306,0,31,0,128,0,"[0,0,6,13,6,12,6,12,6,12,6,11,6,11,6,11,7,10,7,9,8,9,8,9,8,8,9,8,9,8,9,8,10,8,9,8,10,8,10,9,10,9,9,9,9,10,8,10,8,10,7,10,6,11,0,0,0,0,0,0,0,0,0,0,0,0,0,0,0,0,0,0,0,0,0,0,6,7,5,8,5,9,4,10,4,10,4,11,3,11,3,11,2,12,2,12,2,12,2,11,2,11,2,11,2,11,3,11,3,11,4,11,4,11,5,12,5,12,5,12,6,12,6,12,6,12,7,12]"
2025-08-18 22:42:24.072002,CSI_DATA,991,1a:00:00:00:00:00,-42,11,0,0,0,0,0,0,0,0,0,-94,0,1,0,170170415,0,31,0,128,0,"[0,0,3,13,3,13,3,13,3,13,3,12,4,12,4,12,5,11,5,10,6,10,6,10,6,10,6,10,7,9,7,9,8,9,8,10,8,10,8,10,8,10,7,11,7,11,6,11,5,12,5,11,4,11,0,0,0,0,0,0,0,0,0,0,0,0,0,0,0,0,0,0,0,0,0,0,3,9,3,9,2,10,1,10,1,11,1,11,0,12,0,12,-1,12,-1,12,-1,12,-1,11,-1,11,-1,11,-1,11,0,11,0,11,1,11,1,12,2,12,2,12,2,12,3,13,3,13,3,13,3,13]"
2025-08-18 22:42:24.272459,CSI_DATA,992,1a:00:00:00:00:00,-42,11,0,0,0,0,0,0,0,0,0,-94,0,1,0,170371666,0,31,0,128,0,"[0,0,5,13,5,12,5,12,5,12,5,12,5,11,6,10,6,10,6,9,7,9,7,9,7,8,8,8,8,8,9,8,9,8,9,9,10,9,10,9,9,9,9,10,8,10,8,10,7,11,6,10,6,11,0,0,0,0,0,0,0,0,0,0,0,0,0,0,0,0,0,0,0,0,0,0,5,8,4,8,4,9,3,10,3,10,3,11,2,11,2,11,1,11,1,11,1,11,1,11,1,11,1,11,1,11,2,11,2,11,3,11,3,11,4,11,4,11,4,12,5,12,5,12,5,13,5,12]"
2025-08-18 22:42:24.480371,CSI_DATA,993,1a:00:00:00:00:00,-42,11,0,0,0,0,0,0,0,0,0,-94,0,1,0,170572782,0,31,0,128,0,"[0,0,-15,3,-15,3,-14,3,-14,3,-14,3,-13,3,-13,4,-12,4,-12,5,-12,5,-11,6,-11,6,-11,7,-11,7,-11,7,-11,8,-11,8,-12,8,-12,8,-12,7,-13,7,-13,6,-13,6,-13,5,-13,5,-13,4,0,0,0,0,0,0,0,0,0,0,0,0,0,0,0,0,0,0,0,0,0,0,-10,3,-10,3,-11,2,-11,2,-12,1,-12,1,-13,0,-13,-1,-13,-1,-13,-1,-13,-1,-13,-1,-13,-1,-13,-1,-13,-1,-13,-1,-12,0,-13,1,-13,1,-13,2,-14,2,-14,2,-14,3,-14,3,-14,3,-15,3]"
2025-08-18 22:42:24.690388,CSI_DATA,994,1a:00:00:00:00:00,-42,11,0,0,0,0,0,0,0,0,0,-94,0,1,0,170773935,0,31,0,128,0,"[0,0,-10,11,-10,11,-9,10,-9,10,-8,10,-8,10,-7,10,-7,10,-6,10,-6,11,-6,10,-5,11,-5,11,-5,11,-4,12,-4,11,-5,12,-5,12,-5,12,-5,12,-6,12,-6,12,-7,11,-7,11,-8,10,-8,9,0,0,0,0,0,0,0,0,0,0,0,0,0,0,0,0,0,0,0,0,0,0,-5,8,-6,8,-7,8,-7,8,-8,8,-8,8,-9,8,-10,7,-10,7,-10,7,-10,6,-10,6,-10,6,-10,6,-9,7,-10,7,-9,7,-9,8,-9,8,-9,9,-9,9,-9,10,-9,10,-9,10,-10,11,-9,11]"
2025-08-18 22:42:24.943158,CSI_DATA,995,1a:00:00:00:00:00,-42,11,0,0,0,0,0,0,0,0,0,-94,0,1,0,170975069,0,31,0,128,0,"[0,0,-13,7,-12,7,-12,7,-12,7,-12,7,-11,7,-11,7,-10,7,-10,7,-9,8,-9,8,-8,8,-8,9,-8,10,-8,10,-8,10,-8,10,-9,11,-9,11,-9,10,-9,10,-10,9,-10,9,-10,8,-10,8,-11,7,0,0,0,0,0,0,0,0,0,0,0,0,0,0,0,0,0,0,0,0,0,0,-8,6,-9,5,-10,5,-10,5,-11,4,-11,4,-12,3,-12,3,-12,3,-12,2,-12,2,-12,2,-12,2,-12,2,-12,3,-12,3,-12,4,-11,4,-12,5,-12,5,-12,5,-12,6,-12,6,-12,7,-13,7,-13,7]"
2025-08-18 22:42:25.081984,CSI_DATA,996,1a:00:00:00:00:00,-42,11,0,0,0,0,0,0,0,0,0,-94,0,1,0,171176405,0,31,0,128,0,"[0,0,10,-11,10,-11,9,-11,9,-11,9,-11,8,-10,8,-10,7,-11,7,-11,6,-11,6,-12,5,-12,5,-12,5,-12,5,-12,5,-13,5,-13,5,-13,6,-13,6,-13,6,-13,7,-12,7,-12,8,-12,8,-11,9,-10,0,0,0,0,0,0,0,0,0,0,0,0,0,0,0,0,0,0,0,0,0,0,5,-9,6,-9,7,-9,7,-9,8,-9,9,-8,10,-8,10,-8,10,-7,10,-7,10,-7,10,-6,10,-7,9,-7,10,-7,9,-7,9,-8,9,-8,9,-9,9,-9,9,-9,9,-10,9,-10,10,-11,10,-11,10,-11]"
2025-08-18 22:42:25.147669,CSI_DATA,997,1a:00:00:00:00:00,-42,11,0,0,0,0,0,0,0,0,0,-94,0,1,0,171237176,0,42,0,128,0,"[0,0,-2,-15,-2,-15,-2,-14,-2,-14,-3,-14,-3,-13,-3,-13,-4,-13,-4,-12,-5,-12,-5,-12,-6,-12,-6,-12,-7,-12,-7,-12,-8,-12,-7,-12,-8,-12,-8,-13,-7,-13,-7,-13,-6,-13,-5,-13,-5,-13,-4,-13,-3,-13,0,0,0,0,0,0,0,0,0,0,0,0,0,0,0,0,0,0,0,0,0,0,-3,-10,-2,-11,-2,-11,-1,-12,0,-12,0,-13,1,-13,1,-13,2,-13,2,-13,2,-12,2,-12,2,-12,1,-12,1,-12,1,-12,0,-13,0,-13,-1,-13,-1,-13,-1,-14,-1,-14,-2,-14,-2,-15,-2,-15,-2,-15]"
2025-08-18 22:42:25.210101,CSI_DATA,998,1a:00:00:00:00:00,-42,11,0,0,0,0,0,0,0,0,0,-94,0,1,0,171304087,0,31,0,128,0,"[0,0,5,-13,5,-14,5,-13,5,-13,5,-13,4,-13,4,-13,3,-13,2,-13,2,-13,2,-13,1,-13,0,-13,0,-13,0,-13,0,-14,0,-14,0,-14,0,-15,0,-15,1,-14,1,-14,2,-14,3,-14,3,-13,4,-13,0,0,0,0,0,0,0,0,0,0,0,0,0,0,0,0,0,0,0,0,0,0,2,-10,3,-10,4,-10,5,-10,5,-11,6,-11,7,-10,7,-10,7,-10,8,-10,8,-10,8,-9,8,-10,7,-9,7,-10,7,-10,6,-10,6,-11,6,-11,6,-12,5,-12,5,-13,5,-13,5,-13,5,-13,6,-14]"
2025-08-18 22:42:25.410994,CSI_DATA,999,1a:00:00:00:00:00,-42,11,0,0,0,0,0,0,0,0,0,-94,0,1,0,171505332,0,31,0,128,0,"[0,0,-8,12,-7,12,-7,12,-6,12,-6,12,-6,11,-5,11,-5,11,-4,11,-4,11,-3,11,-2,11,-2,12,-2,12,-2,12,-1,12,-2,13,-2,13,-2,13,-2,13,-3,13,-3,13,-4,12,-4,12,-5,11,-5,11,0,0,0,0,0,0,0,0,0,0,0,0,0,0,0,0,0,0,0,0,0,0,-4,9,-5,9,-6,9,-6,9,-7,9,-8,9,-8,9,-9,8,-9,8,-9,8,-9,7,-9,7,-9,8,-9,8,-9,8,-8,8,-8,9,-8,9,-8,10,-8,10,-8,11,-8,11,-7,11,-7,12,-8,12,-7,12]"
2025-08-18 22:42:25.608063,CSI_DATA,1000,1a:00:00:00:00:00,-42,11,0,0,0,0,0,0,0,0,0,-94,0,1,0,171706076,0,31,0,128,0,"[0,0,13,5,13,5,13,4,13,4,13,4,13,3,12,3,12,2,12,1,12,1,12,0,12,0,12,0,12,-1,13,-1,13,-2,13,-1,13,-1,14,-1,14,-1,14,0,14,1,13,1,13,2,12,2,12,3,0,0,0,0,0,0,0,0,0,0,0,0,0,0,0,0,0,0,0,0,0,0,9,1,9,2,10,3,10,4,10,5,10,5,10,6,10,6,10,6,10,7,9,7,9,7,9,7,9,6,9,6,10,6,10,5,11,5,11,5,11,5,12,5,12,4,13,4,13,5,13,5,13,4]"
2025-08-18 22:42:25.812788,CSI_DATA,1001,1a:00:00:00:00:00,-42,11,0,0,0,0,0,0,0,0,0,-94,0,1,0,171907229,0,31,0,128,0,"[0,0,-9,12,-9,12,-8,12,-8,11,-7,11,-7,11,-7,11,-6,11,-6,11,-5,11,-4,11,-4,12,-4,12,-3,12,-3,12,-3,12,-3,13,-3,13,-4,13,-4,13,-5,13,-5,13,-6,12,-6,12,-6,11,-7,11,0,0,0,0,0,0,0,0,0,0,0,0,0,0,0,0,0,0,0,0,0,0,-4,9,-5,9,-6,9,-7,9,-7,9,-8,9,-9,8,-9,8,-10,8,-10,8,-10,8,-10,8,-10,8,-9,8,-9,8,-9,8,-9,9,-8,9,-8,9,-8,10,-9,10,-8,11,-8,11,-8,12,-8,12,-8,12]"
2025-08-18 22:42:26.009237,CSI_DATA,1002,1a:00:00:00:00:00,-42,11,0,0,0,0,0,0,0,0,0,-94,0,1,0,172108363,0,31,0,128,0,"[0,0,13,6,12,5,13,6,12,5,13,5,12,4,12,4,12,3,12,3,12,2,12,2,12,1,12,1,13,1,12,0,13,0,13,0,14,0,14,1,14,1,14,2,13,2,13,3,13,3,12,4,12,5,0,0,0,0,0,0,0,0,0,0,0,0,0,0,0,0,0,0,0,0,0,0,9,2,10,3,9,3,10,4,10,5,10,6,10,6,10,7,10,7,9,7,9,8,9,8,9,7,9,7,9,7,9,7,10,6,10,6,11,6,11,6,11,6,12,6,12,5,12,5,13,6,13,5]"
2025-08-18 22:42:26.225071,CSI_DATA,1003,1a:00:00:00:00:00,-42,11,0,0,0,0,0,0,0,0,0,-94,0,1,0,172309731,0,31,0,128,0,"[0,0,-2,14,-2,14,-2,14,-2,13,-2,13,-2,13,-1,13,-1,12,0,12,1,12,1,12,2,12,2,12,2,12,3,12,3,12,3,13,3,13,2,13,2,13,1,13,1,14,0,13,0,13,-1,13,-2,12,0,0,0,0,0,0,0,0,0,0,0,0,0,0,0,0,0,0,0,0,0,0,0,10,0,10,-1,10,-2,11,-2,11,-3,11,-4,11,-4,11,-5,11,-5,11,-5,11,-5,11,-5,11,-5,11,-5,11,-4,11,-4,11,-3,12,-3,12,-3,12,-3,13,-3,13,-2,14,-2,14,-2,14,-2,14]"
2025-08-18 22:42:26.421648,CSI_DATA,1004,1a:00:00:00:00:00,-42,11,0,0,0,0,0,0,0,0,0,-94,0,1,0,172510821,0,31,0,128,0,"[0,0,-14,-6,-13,-6,-13,-6,-13,-5,-13,-5,-13,-5,-13,-4,-13,-4,-12,-3,-13,-2,-13,-2,-12,-2,-13,-1,-13,-1,-13,0,-13,0,-14,0,-14,0,-14,0,-14,-1,-14,-1,-14,-2,-14,-3,-13,-3,-13,-4,-13,-4,0,0,0,0,0,0,0,0,0,0,0,0,0,0,0,0,0,0,0,0,0,0,-10,-3,-10,-4,-10,-5,-10,-5,-10,-6,-10,-7,-10,-7,-10,-8,-10,-8,-10,-8,-10,-8,-9,-8,-10,-8,-10,-8,-10,-8,-10,-7,-10,-7,-11,-7,-11,-7,-12,-6,-12,-6,-12,-6,-13,-6,-13,-6,-13,-6,-14,-6]"
2025-08-18 22:42:26.619142,CSI_DATA,1005,1a:00:00:00:00:00,-43,11,0,0,0,0,0,0,0,0,0,-94,0,1,0,172711949,0,31,0,128,0,"[0,0,-13,8,-12,8,-12,8,-12,8,-11,8,-11,8,-10,8,-10,9,-9,9,-8,9,-8,9,-8,10,-7,10,-7,10,-7,11,-7,11,-7,11,-7,11,-8,12,-8,11,-8,11,-10,11,-10,10,-10,9,-10,9,-10,8,0,0,0,0,0,0,0,0,0,0,0,0,0,0,0,0,0,0,0,0,0,0,-8,7,-8,6,-9,6,-10,6,-10,6,-11,5,-12,5,-12,5,-12,4,-12,4,-12,4,-12,3,-12,4,-12,4,-12,4,-11,4,-12,5,-11,5,-11,6,-12,7,-12,7,-12,7,-12,8,-12,8,-12,8,-12,8]"
2025-08-18 22:42:26.685052,CSI_DATA,1006,1a:00:00:00:00:00,-42,11,0,0,0,0,0,0,0,0,0,-94,0,1,0,172772742,0,42,0,128,0,"[0,0,-14,-7,-14,-7,-14,-7,-14,-6,-13,-6,-13,-5,-13,-5,-13,-4,-13,-4,-13,-3,-13,-2,-13,-2,-13,-2,-13,-1,-14,-1,-14,-1,-14,-1,-15,-1,-15,-1,-15,-2,-15,-2,-15,-3,-14,-3,-14,-4,-14,-4,-13,-5,0,0,0,0,0,0,0,0,0,0,0,0,0,0,0,0,0,0,0,0,0,0,-10,-3,-11,-4,-11,-5,-11,-6,-11,-6,-11,-7,-11,-8,-11,-8,-10,-8,-10,-9,-10,-9,-10,-9,-10,-9,-10,-9,-10,-8,-10,-8,-11,-7,-11,-7,-11,-7,-12,-7,-13,-7,-13,-7,-13,-6,-14,-6,-14,-7,-14,-7]"
2025-08-18 22:42:26.745606,CSI_DATA,1007,1a:00:00:00:00:00,-42,11,0,0,0,0,0,0,0,0,0,-94,0,1,0,172839607,0,31,0,128,0,"[0,0,9,-12,9,-12,9,-11,9,-12,8,-11,8,-11,7,-11,6,-11,6,-12,5,-12,5,-12,4,-12,4,-13,4,-13,4,-13,4,-13,4,-14,4,-14,5,-14,5,-14,5,-14,6,-13,6,-13,7,-13,7,-12,8,-11,0,0,0,0,0,0,0,0,0,0,0,0,0,0,0,0,0,0,0,0,0,0,5,-9,6,-9,7,-9,7,-9,8,-9,9,-9,9,-8,10,-8,10,-8,10,-7,10,-7,10,-7,10,-7,10,-7,10,-7,9,-8,9,-8,9,-9,9,-9,9,-10,9,-10,9,-11,9,-11,9,-12,10,-11,9,-12]"
2025-08-18 22:42:26.951493,CSI_DATA,1008,1a:00:00:00:00:00,-42,11,0,0,0,0,0,0,0,0,0,-94,0,1,0,173041254,0,31,0,128,0,"[0,0,7,-13,7,-13,6,-13,6,-13,6,-13,5,-13,5,-13,4,-13,4,-13,3,-13,3,-13,2,-13,2,-13,1,-14,1,-13,1,-14,1,-14,1,-15,2,-15,2,-15,2,-15,3,-14,3,-14,4,-14,5,-13,5,-13,0,0,0,0,0,0,0,0,0,0,0,0,0,0,0,0,0,0,0,0,0,0,3,-10,4,-10,5,-10,6,-11,6,-10,7,-11,8,-10,8,-10,8,-9,9,-9,9,-9,9,-9,8,-9,8,-9,8,-10,8,-9,7,-10,7,-10,7,-11,7,-12,7,-12,7,-12,6,-13,7,-13,7,-13,7,-14]"
2025-08-18 22:42:27.144632,CSI_DATA,1009,1a:00:00:00:00:00,-42,11,0,0,0,0,0,0,0,0,0,-94,0,1,0,173241914,0,31,0,128,0,"[0,0,14,3,13,3,13,2,14,2,13,2,13,1,13,1,12,1,12,0,12,-1,12,-1,12,-2,12,-2,12,-3,12,-3,12,-3,13,-3,13,-3,13,-3,14,-2,14,-2,13,-2,13,-1,13,0,13,0,13,1,0,0,0,0,0,0,0,0,0,0,0,0,0,0,0,0,0,0,0,0,0,0,9,0,10,1,10,2,10,2,11,3,11,4,11,5,11,5,11,5,10,6,10,6,10,6,10,6,10,5,10,5,10,5,11,4,11,4,11,3,12,4,12,3,13,3,13,3,13,3,14,3,14,3]"
2025-08-18 22:42:27.351100,CSI_DATA,1010,1a:00:00:00:00:00,-43,11,0,0,0,0,0,0,0,0,0,-94,0,1,0,173443264,0,31,0,128,0,"[0,0,4,-14,4,-14,4,-14,4,-13,3,-13,3,-13,3,-13,2,-13,2,-13,1,-12,0,-13,0,-12,-1,-13,-1,-13,-1,-13,-1,-14,-1,-14,-1,-14,-1,-14,0,-14,0,-14,1,-14,1,-13,2,-14,2,-13,3,-13,0,0,0,0,0,0,0,0,0,0,0,0,0,0,0,0,0,0,0,0,0,0,1,-10,1,-10,2,-11,3,-11,4,-11,5,-11,5,-11,6,-11,6,-11,6,-10,6,-10,6,-10,6,-10,6,-10,6,-10,5,-10,5,-11,5,-11,5,-12,4,-12,4,-12,4,-13,4,-13,4,-14,4,-14,4,-14]"
2025-08-18 22:42:27.551897,CSI_DATA,1011,1a:00:00:00:00:00,-42,11,0,0,0,0,0,0,0,0,0,-94,0,1,0,173644332,0,31,0,128,0,"[0,0,-14,3,-14,3,-14,3,-14,3,-13,3,-13,3,-13,4,-12,4,-12,5,-11,5,-11,5,-11,6,-11,6,-11,6,-11,7,-11,8,-11,7,-11,8,-12,7,-12,7,-12,7,-12,6,-13,6,-12,5,-13,4,-13,4,0,0,0,0,0,0,0,0,0,0,0,0,0,0,0,0,0,0,0,0,0,0,-10,3,-10,3,-11,2,-11,2,-12,1,-12,0,-13,0,-13,0,-12,-1,-13,-1,-13,-2,-12,-1,-12,-1,-12,-1,-12,-1,-12,0,-12,0,-12,1,-12,1,-13,2,-13,2,-13,2,-14,3,-14,3,-14,3,-14,3]"
2025-08-18 22:42:27.760927,CSI_DATA,1012,1a:00:00:00:00:00,-42,11,0,0,0,0,0,0,0,0,0,-94,0,1,0,173845496,0,31,0,128,0,"[0,0,0,14,-1,13,0,13,0,13,0,13,1,13,1,12,2,12,2,11,2,11,3,11,3,11,4,11,5,11,5,11,5,11,5,11,5,12,5,12,5,12,4,12,3,13,3,12,2,12,2,12,1,12,0,0,0,0,0,0,0,0,0,0,0,0,0,0,0,0,0,0,0,0,0,0,1,9,0,10,0,10,-1,11,-2,11,-2,11,-3,11,-3,11,-3,12,-4,11,-4,11,-4,11,-4,11,-4,11,-3,11,-3,11,-2,11,-2,11,-2,12,-1,12,-1,12,-1,13,-1,13,0,14,-1,14,0,14]"
2025-08-18 22:42:27.954489,CSI_DATA,1013,1a:00:00:00:00:00,-42,11,0,0,0,0,0,0,0,0,0,-94,0,1,0,174046642,0,31,0,128,0,"[0,0,4,-15,4,-15,4,-14,4,-14,4,-14,3,-14,3,-14,2,-14,1,-13,1,-13,0,-13,0,-13,-1,-14,-1,-14,-2,-14,-2,-14,-2,-15,-2,-15,-1,-15,-1,-15,0,-15,0,-15,1,-15,2,-14,2,-14,3,-14,0,0,0,0,0,0,0,0,0,0,0,0,0,0,0,0,0,0,0,0,0,0,1,-11,2,-11,3,-11,4,-11,4,-12,5,-12,6,-11,6,-11,7,-11,7,-11,7,-11,7,-11,7,-11,7,-11,6,-11,6,-11,5,-11,5,-12,5,-12,5,-13,5,-13,5,-14,4,-14,4,-14,4,-14,4,-15]"
2025-08-18 22:42:28.157981,CSI_DATA,1014,1a:00:00:00:00:00,-42,11,0,0,0,0,0,0,0,0,0,-94,0,1,0,174247798,0,31,0,128,0,"[0,0,-15,-3,-16,-3,-15,-3,-15,-2,-14,-2,-14,-2,-14,-2,-14,-1,-13,0,-14,0,-13,1,-13,1,-13,2,-13,2,-14,3,-14,3,-14,3,-14,3,-15,2,-15,2,-15,1,-15,0,-15,0,-15,-1,-14,-1,-14,-2,0,0,0,0,0,0,0,0,0,0,0,0,0,0,0,0,0,0,0,0,0,0,-11,0,-11,-1,-12,-2,-12,-3,-13,-3,-12,-4,-13,-5,-12,-5,-12,-5,-12,-6,-12,-6,-12,-6,-12,-6,-12,-6,-12,-5,-12,-5,-12,-5,-13,-4,-13,-4,-13,-4,-14,-4,-14,-3,-15,-3,-15,-3,-15,-3,-15,-3]"
2025-08-18 22:42:28.217753,CSI_DATA,1015,1a:00:00:00:00:00,-42,11,0,0,0,0,0,0,0,0,0,-94,0,1,0,174308614,0,42,0,128,0,"[0,0,-13,7,-13,7,-13,6,-13,7,-12,7,-12,7,-11,7,-11,7,-10,7,-10,8,-9,8,-9,9,-9,9,-8,10,-8,10,-8,10,-9,10,-9,10,-9,11,-10,10,-10,10,-10,9,-10,9,-11,8,-11,8,-11,7,0,0,0,0,0,0,0,0,0,0,0,0,0,0,0,0,0,0,0,0,0,0,-9,6,-9,5,-10,5,-11,4,-11,4,-12,4,-12,3,-12,3,-13,2,-13,2,-13,2,-13,2,-12,2,-12,2,-12,2,-12,3,-12,3,-12,4,-12,4,-12,5,-13,5,-13,5,-13,6,-13,7,-13,6,-13,6]"
2025-08-18 22:42:28.285711,CSI_DATA,1016,1a:00:00:00:00:00,-43,11,0,0,0,0,0,0,0,0,0,-94,0,1,0,174375847,0,31,0,128,0,"[0,0,0,-15,-1,-14,0,-15,-1,-14,-1,-14,-1,-13,-1,-13,-2,-13,-2,-13,-3,-12,-4,-12,-4,-12,-4,-12,-5,-12,-5,-12,-5,-13,-5,-13,-5,-13,-5,-13,-5,-13,-4,-14,-3,-14,-3,-14,-3,-13,-2,-13,-1,-13,0,0,0,0,0,0,0,0,0,0,0,0,0,0,0,0,0,0,0,0,0,0,-2,-10,-1,-11,-1,-11,0,-12,0,-12,1,-12,2,-12,2,-12,3,-12,3,-12,3,-12,3,-12,3,-12,3,-12,2,-12,2,-12,2,-12,1,-12,1,-13,1,-13,1,-13,1,-14,0,-14,0,-14,-1,-14,-1,-15]"
2025-08-18 22:42:28.479958,CSI_DATA,1017,1a:00:00:00:00:00,-42,11,0,0,0,0,0,0,0,0,0,-94,0,1,0,174577265,0,31,0,128,0,"[0,0,14,3,13,2,13,2,13,2,13,2,13,2,12,1,12,1,12,0,12,-1,12,-2,11,-2,12,-2,12,-3,12,-3,12,-3,13,-3,13,-3,13,-3,14,-2,14,-2,14,-1,13,-1,13,0,13,0,13,1,0,0,0,0,0,0,0,0,0,0,0,0,0,0,0,0,0,0,0,0,0,0,9,0,10,0,10,1,10,2,11,3,11,3,11,4,11,5,11,5,10,5,10,5,10,5,10,5,10,5,10,5,10,4,11,4,11,3,11,3,12,3,12,3,13,3,13,2,13,2,14,2,14,2]"
2025-08-18 22:42:28.684650,CSI_DATA,1018,1a:00:00:00:00:00,-42,11,0,0,0,0,0,0,0,0,0,-94,0,1,0,174778056,0,31,0,128,0,"[0,0,7,-13,6,-13,6,-13,6,-12,5,-13,5,-12,4,-12,4,-12,3,-12,2,-12,2,-12,1,-13,1,-13,1,-13,0,-13,0,-13,1,-14,1,-14,1,-14,2,-14,2,-14,2,-14,3,-13,3,-13,4,-13,5,-12,0,0,0,0,0,0,0,0,0,0,0,0,0,0,0,0,0,0,0,0,0,0,3,-10,4,-10,4,-10,5,-10,6,-10,7,-10,7,-10,8,-9,8,-9,8,-8,8,-9,8,-8,8,-9,8,-9,8,-9,7,-9,7,-10,6,-10,7,-11,7,-11,7,-11,7,-12,6,-12,6,-13,6,-13,6,-13]"
2025-08-18 22:42:28.879887,CSI_DATA,1019,1a:00:00:00:00:00,-42,11,0,0,0,0,0,0,0,0,0,-94,0,1,0,174979220,0,31,0,128,0,"[0,0,9,11,9,10,9,10,9,10,9,10,9,9,9,9,9,8,9,8,9,7,10,6,10,6,11,6,11,6,11,6,11,6,11,6,12,6,12,6,12,7,11,7,11,8,10,8,10,8,9,8,9,9,0,0,0,0,0,0,0,0,0,0,0,0,0,0,0,0,0,0,0,0,0,0,7,6,7,7,7,8,6,8,6,9,6,10,6,10,5,11,5,11,4,11,5,11,4,11,5,11,5,11,5,10,5,10,6,10,6,9,6,10,7,10,7,10,8,10,9,10,9,10,9,11,10,10]"
2025-08-18 22:42:29.087722,CSI_DATA,1020,1a:00:00:00:00:00,-43,11,0,0,0,0,0,0,0,0,0,-94,0,1,0,175180462,0,31,0,128,0,"[0,0,5,-13,5,-14,5,-13,4,-13,4,-13,4,-13,3,-13,3,-13,2,-12,2,-12,1,-13,1,-12,0,-13,0,-13,-1,-13,-1,-13,-1,-14,0,-14,0,-14,0,-14,1,-14,1,-14,2,-14,2,-13,3,-13,4,-12,0,0,0,0,0,0,0,0,0,0,0,0,0,0,0,0,0,0,0,0,0,0,2,-10,2,-10,3,-10,4,-11,4,-11,5,-11,6,-11,6,-11,7,-10,7,-10,7,-10,7,-9,7,-10,7,-10,6,-10,6,-10,6,-10,5,-11,5,-11,5,-12,5,-12,5,-13,5,-13,5,-13,5,-13,5,-13]"
2025-08-18 22:42:29.300473,CSI_DATA,1021,1a:00:00:00:00:00,-42,11,0,0,0,0,0,0,0,0,0,-94,0,1,0,175381610,0,31,0,128,0,"[0,0,6,-14,5,-14,5,-13,5,-13,5,-13,4,-13,4,-13,3,-13,3,-13,2,-13,2,-13,1,-13,1,-13,0,-13,0,-13,0,-13,0,-14,0,-14,0,-15,1,-14,1,-14,2,-14,2,-14,3,-14,4,-13,4,-13,0,0,0,0,0,0,0,0,0,0,0,0,0,0,0,0,0,0,0,0,0,0,2,-10,3,-10,4,-10,5,-11,5,-11,6,-11,7,-11,7,-10,7,-10,8,-9,8,-10,8,-9,8,-10,7,-10,7,-10,7,-10,6,-10,6,-11,6,-11,6,-12,6,-12,6,-13,6,-13,6,-13,6,-14,6,-14]"
2025-08-18 22:42:29.488435,CSI_DATA,1022,1a:00:00:00:00:00,-42,11,0,0,0,0,0,0,0,0,0,-94,0,1,0,175583019,0,31,0,128,0,"[0,0,7,-13,7,-13,7,-12,7,-12,7,-12,6,-12,5,-12,5,-12,4,-12,4,-12,3,-12,3,-13,3,-13,2,-13,2,-13,2,-14,2,-14,2,-14,2,-14,3,-14,3,-14,4,-14,4,-13,5,-13,5,-12,6,-12,0,0,0,0,0,0,0,0,0,0,0,0,0,0,0,0,0,0,0,0,0,0,4,-10,4,-10,5,-10,6,-10,7,-10,7,-10,8,-9,8,-10,9,-9,9,-9,9,-9,9,-8,9,-9,9,-9,8,-9,8,-9,8,-10,7,-10,7,-10,7,-11,7,-11,7,-12,7,-12,7,-12,8,-12,8,-13]"
2025-08-18 22:42:29.691187,CSI_DATA,1023,1a:00:00:00:00:00,-42,11,0,0,0,0,0,0,0,0,0,-94,0,1,0,175784046,0,31,0,128,0,"[0,0,5,-14,5,-14,4,-14,4,-14,4,-14,3,-13,3,-13,2,-13,2,-13,1,-13,1,-13,0,-13,0,-13,-1,-13,-1,-14,-1,-14,-1,-14,-1,-14,-1,-15,0,-14,0,-15,1,-14,1,-14,2,-14,3,-13,3,-13,0,0,0,0,0,0,0,0,0,0,0,0,0,0,0,0,0,0,0,0,0,0,2,-10,2,-11,3,-11,4,-11,5,-11,5,-11,6,-11,6,-11,7,-11,7,-10,7,-10,7,-10,7,-10,7,-10,6,-10,6,-11,6,-11,5,-12,5,-12,5,-12,5,-13,5,-13,5,-14,5,-14,5,-14,5,-14]"
2025-08-18 22:42:29.745552,CSI_DATA,1024,1a:00:00:00:00:00,-42,11,0,0,0,0,0,0,0,0,0,-94,0,1,0,175844826,0,42,0,128,0,"[0,0,5,12,4,12,5,12,5,11,5,12,5,11,5,11,5,10,5,9,6,9,6,9,7,9,7,9,8,9,8,8,8,9,8,9,8,9,8,9,8,10,7,10,7,11,6,11,6,11,5,11,4,11,0,0,0,0,0,0,0,0,0,0,0,0,0,0,0,0,0,0,0,0,0,0,5,7,5,8,4,9,4,9,3,9,3,10,2,11,2,11,1,11,1,11,1,11,1,11,1,11,1,11,1,11,2,10,2,11,3,10,3,11,3,11,4,11,4,12,4,11,5,12,5,12,5,12]"
2025-08-18 22:42:29.818724,CSI_DATA,1025,1a:00:00:00:00:00,-42,11,0,0,0,0,0,0,0,0,0,-94,0,1,0,175911452,0,31,0,128,0,"[0,0,6,-13,6,-14,6,-14,5,-13,6,-14,5,-13,4,-13,4,-13,3,-13,3,-13,2,-13,1,-13,1,-13,1,-13,0,-14,0,-14,1,-14,1,-15,1,-15,2,-15,2,-14,3,-14,3,-14,4,-14,4,-13,5,-13,0,0,0,0,0,0,0,0,0,0,0,0,0,0,0,0,0,0,0,0,0,0,2,-11,3,-11,4,-11,4,-11,5,-11,6,-11,7,-11,7,-10,8,-10,8,-10,8,-10,8,-10,8,-10,7,-10,7,-10,7,-10,6,-10,6,-11,6,-11,6,-12,6,-12,6,-13,6,-13,6,-14,6,-14,6,-14]"
2025-08-18 22:42:30.020065,CSI_DATA,1026,1a:00:00:00:00:00,-43,11,0,0,0,0,0,0,0,0,0,-94,0,1,0,176113280,0,31,0,128,0,"[0,0,-14,6,-14,6,-14,5,-13,6,-13,6,-12,6,-12,6,-11,7,-10,7,-10,7,-10,8,-9,8,-9,8,-9,9,-9,9,-9,10,-9,10,-10,10,-10,10,-10,10,-11,9,-11,9,-11,8,-11,7,-12,7,-12,6,0,0,0,0,0,0,0,0,0,0,0,0,0,0,0,0,0,0,0,0,0,0,-9,5,-10,5,-10,4,-11,4,-11,3,-12,3,-12,3,-12,2,-13,2,-13,1,-13,1,-12,1,-13,1,-13,1,-12,2,-12,2,-12,3,-12,3,-13,3,-12,4,-13,5,-13,5,-13,5,-13,5,-14,5,-14,6]"
2025-08-18 22:42:30.219718,CSI_DATA,1027,1a:00:00:00:00:00,-42,11,0,0,0,0,0,0,0,0,0,-94,0,1,0,176313764,0,31,0,128,0,"[0,0,9,-12,9,-12,8,-12,8,-12,8,-12,7,-11,7,-11,6,-11,6,-11,5,-12,5,-12,4,-12,4,-12,3,-13,3,-13,3,-13,3,-14,3,-14,4,-14,4,-14,5,-14,5,-13,6,-13,6,-12,6,-12,7,-11,0,0,0,0,0,0,0,0,0,0,0,0,0,0,0,0,0,0,0,0,0,0,5,-9,5,-9,6,-9,7,-9,8,-9,8,-9,9,-8,9,-8,10,-8,10,-7,10,-7,10,-7,10,-7,10,-7,9,-8,9,-8,9,-8,8,-9,8,-9,9,-10,9,-10,9,-11,8,-11,9,-12,9,-11,9,-12]"
2025-08-18 22:42:30.321950,CSI_DATA,1028,1a:00:00:00:00:00,-42,11,0,0,0,0,0,0,0,0,0,-94,0,1,0,176416032,0,28,0,128,0,"[0,0,9,-12,9,-12,9,-12,9,-12,8,-12,8,-11,7,-12,6,-12,6,-12,5,-12,5,-12,4,-12,4,-12,4,-13,4,-13,4,-14,4,-14,4,-14,4,-14,5,-14,5,-14,6,-13,6,-13,7,-12,7,-12,8,-11,0,0,0,0,0,0,0,0,0,0,0,0,0,0,0,0,0,0,0,0,0,0,5,-10,5,-10,6,-9,7,-9,8,-9,8,-9,9,-9,9,-9,10,-8,10,-8,10,-8,10,-7,10,-8,10,-8,9,-8,9,-8,9,-9,8,-9,9,-10,9,-10,9,-11,9,-11,9,-11,9,-12,9,-12,9,-12]"
2025-08-18 22:42:30.422019,CSI_DATA,1029,1a:00:00:00:00:00,-42,11,0,0,0,0,0,0,0,0,0,-94,0,1,0,176514901,0,31,0,128,0,"[0,0,-15,3,-15,3,-14,3,-14,3,-14,3,-13,4,-13,4,-12,4,-12,5,-11,5,-11,6,-11,6,-11,7,-11,7,-11,7,-11,8,-11,8,-11,8,-12,8,-12,7,-12,7,-13,7,-13,6,-13,5,-13,5,-13,4,0,0,0,0,0,0,0,0,0,0,0,0,0,0,0,0,0,0,0,0,0,0,-10,3,-11,3,-11,2,-12,1,-12,1,-13,1,-13,0,-13,-1,-13,-1,-13,-1,-13,-1,-13,-1,-13,-1,-13,-1,-12,-1,-13,0,-13,0,-13,1,-13,1,-13,2,-14,2,-14,2,-14,3,-14,3,-14,3,-15,3]"
2025-08-18 22:42:30.626507,CSI_DATA,1030,1a:00:00:00:00:00,-42,11,0,0,0,0,0,0,0,0,0,-94,0,1,0,176716218,0,31,0,128,0,"[0,0,-15,-2,-14,-2,-14,-2,-14,-2,-14,-1,-13,-1,-13,-1,-13,0,-13,1,-12,1,-12,2,-12,2,-12,3,-12,3,-12,3,-13,4,-13,4,-13,4,-13,4,-14,3,-14,3,-14,2,-14,2,-14,1,-13,0,-13,0,0,0,0,0,0,0,0,0,0,0,0,0,0,0,0,0,0,0,0,0,0,0,-10,0,-11,-1,-11,-2,-11,-3,-11,-3,-12,-4,-12,-4,-12,-5,-12,-5,-12,-5,-12,-5,-11,-6,-11,-6,-11,-5,-11,-5,-12,-5,-12,-4,-12,-4,-12,-3,-13,-3,-13,-3,-14,-3,-14,-2,-14,-2,-14,-2,-14,-2]"
2025-08-18 22:42:30.829016,CSI_DATA,1031,1a:00:00:00:00:00,-42,11,0,0,0,0,0,0,0,0,0,-94,0,1,0,176917375,0,31,0,128,0,"[0,0,10,-10,9,-10,9,-10,9,-10,9,-11,8,-10,8,-10,7,-10,6,-10,6,-11,6,-11,5,-11,5,-11,5,-12,4,-12,5,-12,5,-12,5,-13,6,-13,6,-13,6,-12,7,-12,7,-12,8,-11,8,-10,9,-10,0,0,0,0,0,0,0,0,0,0,0,0,0,0,0,0,0,0,0,0,0,0,5,-8,6,-9,7,-8,7,-8,8,-8,9,-8,9,-8,9,-7,10,-7,10,-6,10,-6,10,-6,10,-6,10,-6,9,-7,9,-7,9,-7,9,-8,9,-9,9,-9,9,-9,9,-10,9,-10,10,-10,9,-10,10,-11]"
2025-08-18 22:42:31.024337,CSI_DATA,1032,1a:00:00:00:00:00,-42,11,0,0,0,0,0,0,0,0,0,-94,0,1,0,177118490,0,31,0,128,0,"[0,0,-12,8,-12,8,-11,8,-11,8,-10,8,-10,8,-10,8,-9,8,-9,8,-8,9,-8,9,-7,9,-7,10,-7,10,-6,11,-7,10,-7,11,-7,11,-8,11,-8,11,-8,11,-8,10,-9,10,-9,9,-10,9,-10,8,0,0,0,0,0,0,0,0,0,0,0,0,0,0,0,0,0,0,0,0,0,0,-7,7,-8,6,-9,6,-10,6,-10,6,-10,5,-11,5,-12,4,-12,4,-12,4,-12,4,-12,3,-12,4,-11,4,-11,4,-11,4,-11,5,-11,5,-11,6,-11,6,-11,7,-11,7,-11,8,-12,8,-12,8,-11,8]"
2025-08-18 22:42:31.224995,CSI_DATA,1033,1a:00:00:00:00:00,-42,11,0,0,0,0,0,0,0,0,0,-94,0,1,0,177319751,0,31,0,128,0,"[0,0,7,-12,7,-12,7,-12,6,-12,6,-12,5,-12,5,-12,4,-11,4,-11,3,-11,3,-12,3,-12,2,-12,2,-12,2,-12,2,-13,1,-13,2,-13,2,-14,2,-13,3,-13,3,-13,4,-13,4,-12,5,-12,6,-11,0,0,0,0,0,0,0,0,0,0,0,0,0,0,0,0,0,0,0,0,0,0,3,-9,4,-10,5,-9,6,-9,6,-9,7,-9,7,-9,8,-9,8,-9,8,-8,8,-8,8,-8,8,-8,8,-8,8,-8,7,-8,7,-9,7,-9,7,-10,7,-10,6,-11,7,-11,6,-11,7,-12,7,-12,7,-12]"
2025-08-18 22:42:31.283754,CSI_DATA,1034,1a:00:00:00:00:00,-42,11,0,0,0,0,0,0,0,0,0,-94,0,1,0,177380488,0,42,0,128,0,"[0,0,2,14,2,14,2,13,2,13,2,12,2,13,2,12,3,12,3,11,4,11,4,10,5,10,5,10,5,10,6,10,6,10,6,11,6,11,6,12,5,12,5,12,4,12,4,12,3,12,3,12,2,12,0,0,0,0,0,0,0,0,0,0,0,0,0,0,0,0,0,0,0,0,0,0,3,9,3,9,2,10,1,10,1,11,1,11,0,11,-1,12,-1,12,-1,12,-1,11,-2,11,-1,11,-1,11,-1,11,-1,11,0,11,0,11,0,12,1,12,1,12,1,13,2,13,2,13,2,13,2,13]"
2025-08-18 22:42:31.351504,CSI_DATA,1035,1a:00:00:00:00:00,-42,11,0,0,0,0,0,0,0,0,0,-94,0,1,0,177448355,0,31,0,128,0,"[0,0,13,2,13,2,13,2,13,2,13,1,12,1,12,1,12,0,12,0,12,-1,11,-1,11,-2,11,-2,12,-3,12,-3,12,-3,12,-3,13,-3,13,-3,13,-3,13,-2,13,-2,13,-1,12,0,12,0,12,1,0,0,0,0,0,0,0,0,0,0,0,0,0,0,0,0,0,0,0,0,0,0,9,-1,10,0,10,1,10,2,10,2,11,3,11,4,11,4,11,4,10,5,10,5,10,5,10,5,10,5,10,4,10,4,10,3,11,3,11,3,12,3,12,2,13,2,13,2,13,2,13,2,14,2]"
2025-08-18 22:42:31.560549,CSI_DATA,1036,1a:00:00:00:00:00,-43,11,0,0,0,0,0,0,0,0,0,-94,0,1,0,177649420,0,31,0,128,0,"[0,0,-2,-15,-2,-15,-2,-15,-3,-14,-3,-14,-3,-14,-4,-13,-4,-13,-4,-12,-5,-12,-5,-12,-6,-12,-6,-12,-7,-12,-7,-12,-7,-12,-7,-12,-8,-12,-7,-13,-7,-13,-7,-13,-6,-13,-5,-13,-5,-13,-4,-13,-3,-13,0,0,0,0,0,0,0,0,0,0,0,0,0,0,0,0,0,0,0,0,0,0,-3,-10,-3,-11,-2,-11,-1,-12,-1,-12,0,-13,0,-13,1,-13,1,-13,2,-13,2,-13,2,-12,2,-12,1,-12,1,-12,1,-12,0,-13,0,-13,-1,-13,-1,-13,-1,-14,-2,-14,-2,-14,-2,-15,-2,-15,-2,-15]"
2025-08-18 22:42:31.757330,CSI_DATA,1037,1a:00:00:00:00:00,-42,11,0,0,0,0,0,0,0,0,0,-94,0,1,0,177850745,0,31,0,128,0,"[0,0,14,-5,13,-5,13,-5,13,-5,13,-5,12,-6,11,-6,11,-6,10,-7,10,-7,10,-7,10,-8,10,-8,10,-8,9,-9,10,-9,10,-9,10,-9,11,-9,11,-9,11,-8,11,-8,11,-7,12,-6,12,-6,12,-5,0,0,0,0,0,0,0,0,0,0,0,0,0,0,0,0,0,0,0,0,0,0,8,-6,9,-5,9,-4,10,-4,11,-4,11,-3,12,-3,12,-2,12,-2,12,-1,12,-1,12,-1,12,-1,11,-1,12,-2,11,-2,11,-2,11,-3,12,-3,12,-4,12,-4,12,-5,13,-5,13,-5,14,-5,14,-5]"
2025-08-18 22:42:31.956856,CSI_DATA,1038,1a:00:00:00:00:00,-42,11,0,0,0,0,0,0,0,0,0,-94,0,1,0,178051890,0,31,0,128,0,"[0,0,-4,14,-4,13,-4,13,-4,13,-3,13,-3,12,-3,12,-2,12,-1,12,-1,12,0,12,0,12,0,12,1,12,1,12,1,12,1,13,1,13,1,13,1,13,0,13,0,13,-1,13,-2,13,-2,12,-3,12,0,0,0,0,0,0,0,0,0,0,0,0,0,0,0,0,0,0,0,0,0,0,-1,9,-2,10,-3,10,-4,10,-4,10,-5,10,-6,10,-6,10,-6,10,-7,10,-7,10,-7,9,-7,10,-6,10,-6,10,-6,10,-6,10,-5,10,-5,11,-5,11,-5,12,-4,12,-4,13,-4,13,-4,13,-4,13]"
2025-08-18 22:42:32.363995,CSI_DATA,1039,1a:00:00:00:00:00,-42,11,0,0,0,0,0,0,0,0,0,-94,0,1,0,178253046,0,31,0,128,0,"[0,0,12,8,11,8,11,8,11,7,11,7,11,6,11,6,11,5,11,5,11,4,11,4,11,3,12,3,12,3,12,2,13,2,12,2,13,3,13,3,13,3,13,4,13,5,12,5,12,5,11,6,11,6,0,0,0,0,0,0,0,0,0,0,0,0,0,0,0,0,0,0,0,0,0,0,9,4,9,4,9,5,9,6,9,7,9,7,8,8,8,8,8,9,7,9,8,9,7,9,7,9,8,9,8,9,8,8,9,8,9,7,9,8,10,8,10,8,11,8,11,7,11,8,11,8,12,8]"
2025-08-18 22:42:32.371202,CSI_DATA,1040,1a:00:00:00:00:00,-42,11,0,0,0,0,0,0,0,0,0,-94,0,1,0,178454287,0,31,0,128,0,"[0,0,-13,-7,-13,-6,-13,-7,-13,-6,-13,-6,-13,-6,-12,-5,-12,-4,-12,-4,-12,-3,-12,-3,-12,-2,-12,-2,-13,-2,-13,-1,-14,-1,-13,-1,-14,-1,-14,-2,-14,-2,-14,-3,-14,-3,-13,-4,-13,-4,-13,-5,-12,-5,0,0,0,0,0,0,0,0,0,0,0,0,0,0,0,0,0,0,0,0,0,0,-10,-3,-10,-4,-10,-5,-10,-6,-10,-6,-11,-7,-10,-7,-10,-8,-10,-8,-10,-8,-9,-9,-9,-9,-9,-8,-9,-8,-9,-8,-10,-8,-10,-7,-11,-7,-11,-7,-11,-7,-12,-7,-12,-7,-13,-6,-13,-6,-13,-6,-13,-6]"
2025-08-18 22:42:32.581016,CSI_DATA,1041,1a:00:00:00:00:00,-43,11,0,0,0,0,0,0,0,0,0,-94,0,1,0,178655395,0,31,0,128,0,"[0,0,-8,-13,-8,-13,-7,-12,-8,-12,-8,-12,-8,-12,-8,-11,-8,-10,-8,-10,-9,-9,-9,-9,-9,-9,-10,-8,-10,-8,-11,-8,-11,-8,-11,-9,-11,-8,-11,-9,-11,-9,-11,-10,-10,-10,-10,-10,-9,-10,-9,-10,-8,-11,0,0,0,0,0,0,0,0,0,0,0,0,0,0,0,0,0,0,0,0,0,0,-6,-8,-6,-9,-6,-10,-5,-10,-5,-11,-5,-11,-4,-12,-4,-12,-4,-12,-3,-12,-3,-12,-3,-12,-3,-12,-3,-12,-3,-12,-4,-12,-4,-11,-5,-12,-5,-12,-6,-12,-6,-12,-7,-12,-7,-12,-7,-13,-7,-13,-7,-13]"
2025-08-18 22:42:32.765031,CSI_DATA,1042,1a:00:00:00:00:00,-42,11,0,0,0,0,0,0,0,0,0,-94,0,1,0,178856531,0,31,0,128,0,"[0,0,-15,1,-15,1,-15,1,-14,1,-14,2,-14,2,-13,2,-13,3,-13,3,-12,4,-12,4,-12,5,-12,5,-11,6,-12,6,-12,6,-12,6,-12,7,-13,7,-13,6,-13,6,-13,5,-13,5,-13,4,-13,3,-13,2,0,0,0,0,0,0,0,0,0,0,0,0,0,0,0,0,0,0,0,0,0,0,-10,2,-11,1,-11,1,-12,0,-12,-1,-12,-1,-13,-2,-13,-2,-13,-2,-13,-3,-12,-3,-12,-3,-12,-3,-12,-3,-12,-2,-13,-2,-12,-1,-13,-1,-13,-1,-13,0,-14,0,-14,1,-15,1,-15,1,-15,1,-15,1]"
2025-08-18 22:42:32.823659,CSI_DATA,1043,1a:00:00:00:00:00,-42,11,0,0,0,0,0,0,0,0,0,-94,0,1,0,178917332,0,42,0,128,0,"[0,0,12,-8,12,-8,11,-8,11,-8,11,-8,10,-8,10,-9,9,-9,9,-9,8,-9,8,-9,7,-10,7,-10,7,-11,7,-11,7,-11,7,-12,7,-12,8,-12,8,-12,8,-11,9,-11,9,-10,10,-9,10,-9,10,-8,0,0,0,0,0,0,0,0,0,0,0,0,0,0,0,0,0,0,0,0,0,0,7,-7,8,-7,9,-6,9,-6,10,-6,10,-5,11,-5,11,-5,11,-4,11,-4,11,-4,11,-3,11,-3,11,-4,11,-4,11,-4,10,-5,11,-6,11,-6,11,-6,11,-7,11,-7,11,-8,12,-8,12,-8,12,-8]"
2025-08-18 22:42:32.890324,CSI_DATA,1044,1a:00:00:00:00:00,-42,11,0,0,0,0,0,0,0,0,0,-94,0,1,0,178984006,0,31,0,128,0,"[0,0,-10,12,-10,11,-9,11,-9,11,-8,11,-8,11,-8,11,-7,11,-7,11,-5,11,-5,11,-5,11,-4,12,-4,12,-4,12,-4,13,-4,13,-4,13,-4,13,-4,13,-5,13,-6,13,-6,12,-6,12,-7,11,-8,11,0,0,0,0,0,0,0,0,0,0,0,0,0,0,0,0,0,0,0,0,0,0,-5,8,-6,8,-7,8,-8,8,-9,8,-9,8,-10,8,-10,8,-11,7,-11,7,-11,7,-11,7,-11,7,-10,7,-10,7,-10,7,-10,8,-9,8,-10,9,-9,9,-9,10,-9,10,-9,11,-9,11,-9,11,-9,12]"
2025-08-18 22:42:33.090906,CSI_DATA,1045,1a:00:00:00:00:00,-43,11,0,0,0,0,0,0,0,0,0,-94,0,1,0,179185326,0,31,0,128,0,"[0,0,14,-2,13,-3,13,-3,13,-3,12,-3,12,-3,12,-4,11,-4,11,-4,11,-5,11,-5,10,-6,10,-6,10,-6,10,-7,10,-7,11,-7,11,-7,11,-7,12,-7,12,-6,12,-6,12,-5,12,-4,12,-4,12,-3,0,0,0,0,0,0,0,0,0,0,0,0,0,0,0,0,0,0,0,0,0,0,9,-4,9,-3,10,-3,10,-2,11,-2,11,-1,11,0,12,0,11,0,12,1,11,1,11,1,11,1,11,0,11,0,11,0,11,0,11,-1,11,-1,12,-2,12,-2,13,-2,13,-3,13,-3,13,-3,13,-3]"
2025-08-18 22:42:33.292431,CSI_DATA,1046,1a:00:00:00:00:00,-42,11,0,0,0,0,0,0,0,0,0,-94,0,1,0,179386709,0,31,0,128,0,"[0,0,14,-3,13,-3,13,-3,13,-3,13,-4,12,-4,12,-4,12,-4,11,-5,11,-6,11,-6,10,-7,10,-7,10,-8,10,-8,10,-8,10,-8,11,-9,11,-8,11,-8,11,-8,12,-7,12,-6,12,-6,12,-5,12,-4,0,0,0,0,0,0,0,0,0,0,0,0,0,0,0,0,0,0,0,0,0,0,9,-4,10,-3,10,-2,11,-2,11,-1,12,-1,12,0,12,0,12,1,12,1,12,1,12,1,12,1,11,1,11,0,12,0,11,0,12,-1,12,-1,12,-2,13,-2,13,-2,13,-3,14,-3,14,-3,14,-3]"
2025-08-18 22:42:33.490234,CSI_DATA,1047,1a:00:00:00:00:00,-42,11,0,0,0,0,0,0,0,0,0,-94,0,1,0,179587551,0,31,0,128,0,"[0,0,2,14,2,14,2,13,2,13,2,13,2,13,2,12,3,12,3,11,4,11,5,11,5,10,6,11,6,10,7,11,7,10,7,11,7,11,7,11,6,12,6,12,5,12,5,12,4,12,4,12,3,12,0,0,0,0,0,0,0,0,0,0,0,0,0,0,0,0,0,0,0,0,0,0,3,9,2,10,1,10,0,11,0,11,-1,11,-1,12,-2,12,-2,12,-2,12,-2,12,-2,12,-2,12,-2,12,-2,11,-2,12,-1,12,0,12,0,12,0,12,1,13,1,13,2,13,2,14,2,14,2,14]"
2025-08-18 22:42:33.699941,CSI_DATA,1048,1a:00:00:00:00:00,-43,11,0,0,0,0,0,0,0,0,0,-94,0,1,0,179788706,0,31,0,128,0,"[0,0,-14,-4,-14,-5,-14,-4,-14,-4,-13,-3,-13,-3,-13,-3,-13,-2,-13,-2,-13,-1,-12,-1,-13,0,-13,0,-13,1,-13,1,-13,1,-14,1,-14,1,-14,1,-14,0,-14,0,-14,0,-14,-1,-13,-2,-13,-3,-13,-3,0,0,0,0,0,0,0,0,0,0,0,0,0,0,0,0,0,0,0,0,0,0,-10,-2,-11,-2,-11,-3,-11,-4,-11,-5,-11,-5,-11,-6,-11,-6,-11,-7,-11,-7,-11,-7,-10,-7,-10,-7,-11,-7,-10,-6,-11,-6,-11,-6,-12,-5,-12,-5,-12,-5,-13,-5,-13,-5,-14,-4,-14,-5,-14,-5,-14,-4]"
2025-08-18 22:42:33.902509,CSI_DATA,1049,1a:00:00:00:00:00,-43,11,0,0,0,0,0,0,0,0,0,-94,0,1,0,179989865,0,31,0,128,0,"[0,0,-7,13,-7,12,-7,12,-7,12,-7,12,-6,12,-6,12,-5,11,-4,11,-4,11,-3,12,-3,12,-2,12,-2,12,-2,12,-2,13,-2,13,-2,13,-2,13,-3,13,-3,13,-4,13,-4,13,-5,12,-5,12,-6,11,0,0,0,0,0,0,0,0,0,0,0,0,0,0,0,0,0,0,0,0,0,0,-3,9,-4,10,-5,10,-6,10,-6,10,-7,10,-8,10,-8,9,-9,9,-9,9,-9,9,-9,8,-9,8,-8,9,-8,9,-8,9,-8,10,-7,10,-7,10,-7,11,-7,11,-7,11,-7,12,-7,12,-7,12,-7,12]"
2025-08-18 22:42:34.091764,CSI_DATA,1050,1a:00:00:00:00:00,-42,11,0,0,0,0,0,0,0,0,0,-94,0,1,0,180191264,0,31,0,128,0,"[0,0,13,5,12,5,12,5,12,5,12,5,12,4,11,4,11,3,11,2,11,1,11,1,11,1,12,1,12,0,12,0,13,-1,12,0,13,0,13,0,13,1,13,1,13,2,12,2,12,3,12,3,12,4,0,0,0,0,0,0,0,0,0,0,0,0,0,0,0,0,0,0,0,0,0,0,9,2,9,3,9,3,10,4,10,5,10,6,10,6,9,7,9,7,9,7,9,7,8,7,9,7,9,7,9,7,9,6,9,6,10,6,10,6,11,5,11,5,11,5,12,5,12,5,12,6,13,5]"
2025-08-18 22:42:34.294273,CSI_DATA,1051,1a:00:00:00:00:00,-42,11,0,0,0,0,0,0,0,0,0,-94,0,1,0,180392334,0,31,0,128,0,"[0,0,3,14,3,14,3,13,3,13,4,13,3,12,4,12,4,11,5,11,5,11,6,10,6,10,6,10,7,10,7,10,8,10,7,11,8,11,7,11,7,11,7,12,6,12,5,12,5,12,4,12,3,12,0,0,0,0,0,0,0,0,0,0,0,0,0,0,0,0,0,0,0,0,0,0,4,9,3,9,3,10,2,11,2,11,1,11,1,12,0,12,0,12,-1,12,-1,12,-1,12,-1,12,0,11,0,11,0,11,1,12,1,12,1,12,2,12,2,13,3,13,3,13,3,13,3,14,4,14]"
2025-08-18 22:42:34.365057,CSI_DATA,1052,1a:00:00:00:00:00,-42,11,0,0,0,0,0,0,0,0,0,-94,0,1,0,180453123,0,42,0,128,0,"[0,0,-12,-10,-12,-10,-12,-9,-11,-9,-11,-9,-11,-8,-11,-8,-11,-7,-11,-7,-12,-6,-12,-6,-12,-5,-12,-5,-13,-4,-13,-4,-13,-4,-14,-4,-14,-4,-14,-5,-14,-5,-14,-6,-13,-6,-13,-7,-12,-7,-12,-7,-11,-8,0,0,0,0,0,0,0,0,0,0,0,0,0,0,0,0,0,0,0,0,0,0,-9,-5,-9,-6,-9,-7,-9,-8,-9,-9,-9,-9,-9,-10,-8,-10,-8,-10,-8,-11,-8,-11,-7,-11,-8,-11,-8,-10,-8,-10,-8,-10,-9,-10,-9,-9,-10,-10,-10,-10,-10,-10,-11,-10,-11,-9,-12,-9,-12,-9,-12,-10]"
2025-08-18 22:42:34.431238,CSI_DATA,1053,1a:00:00:00:00:00,-43,11,0,0,0,0,0,0,0,0,0,-94,0,1,0,180519997,0,31,0,128,0,"[0,0,10,10,10,9,10,9,10,9,10,8,9,8,10,8,10,7,10,6,10,5,11,5,11,4,11,4,11,4,12,4,12,4,12,4,13,4,13,4,12,5,12,5,12,6,11,7,11,7,10,7,10,8,0,0,0,0,0,0,0,0,0,0,0,0,0,0,0,0,0,0,0,0,0,0,8,5,8,6,8,7,8,8,8,8,7,9,7,9,7,10,7,10,6,10,6,10,6,10,6,10,6,10,6,10,7,9,7,9,8,9,8,9,8,9,9,9,9,9,10,9,10,9,10,9,11,9]"
2025-08-18 22:42:34.628566,CSI_DATA,1054,1a:00:00:00:00:00,-42,11,0,0,0,0,0,0,0,0,0,-94,0,1,0,180721091,0,31,0,128,0,"[0,0,-15,2,-15,2,-15,2,-14,3,-14,3,-14,3,-13,4,-13,4,-13,4,-12,5,-12,5,-12,6,-12,6,-11,7,-11,7,-11,7,-12,7,-12,7,-13,8,-13,7,-13,7,-13,6,-13,6,-13,5,-13,4,-13,3,0,0,0,0,0,0,0,0,0,0,0,0,0,0,0,0,0,0,0,0,0,0,-10,3,-11,2,-12,2,-12,1,-13,0,-13,0,-13,-1,-13,-1,-13,-2,-13,-2,-13,-2,-13,-2,-13,-2,-13,-2,-13,-1,-13,-1,-13,0,-13,0,-13,0,-14,1,-14,1,-14,1,-15,2,-15,2,-15,2,-15,2]"
2025-08-18 22:42:34.828448,CSI_DATA,1055,1a:00:00:00:00:00,-42,11,0,0,0,0,0,0,0,0,0,-94,0,1,0,180922533,0,31,0,128,0,"[0,0,8,-12,8,-12,8,-13,7,-13,7,-12,6,-12,6,-12,5,-12,5,-12,4,-12,4,-12,3,-13,3,-13,3,-13,2,-13,2,-14,2,-14,3,-14,3,-14,3,-14,4,-14,4,-14,5,-13,6,-13,6,-12,6,-12,0,0,0,0,0,0,0,0,0,0,0,0,0,0,0,0,0,0,0,0,0,0,4,-10,5,-10,5,-10,7,-10,7,-10,8,-10,8,-10,9,-9,9,-9,9,-9,9,-8,9,-8,9,-8,9,-8,9,-9,8,-9,8,-10,8,-10,8,-10,8,-11,7,-11,8,-12,8,-12,8,-12,8,-12,8,-13]"
2025-08-18 22:42:35.029611,CSI_DATA,1056,1a:00:00:00:00:00,-42,11,0,0,0,0,0,0,0,0,0,-94,0,1,0,181123425,0,31,0,128,0,"[0,0,6,-13,6,-13,6,-13,6,-12,5,-13,5,-12,5,-12,4,-12,3,-12,3,-12,2,-12,2,-12,1,-13,1,-13,1,-13,1,-13,1,-14,1,-14,1,-14,2,-14,2,-14,3,-14,3,-13,3,-13,4,-12,5,-12,0,0,0,0,0,0,0,0,0,0,0,0,0,0,0,0,0,0,0,0,0,0,3,-10,4,-10,4,-10,5,-10,6,-10,7,-10,7,-10,8,-10,8,-9,8,-9,8,-9,8,-9,8,-9,8,-9,8,-9,7,-9,7,-10,7,-10,7,-11,7,-11,7,-11,7,-12,6,-12,6,-13,6,-13,6,-13]"
2025-08-18 22:42:35.235280,CSI_DATA,1057,1a:00:00:00:00:00,-42,11,0,0,0,0,0,0,0,0,0,-94,0,1,0,181324804,0,31,0,128,0,"[0,0,-13,-7,-12,-7,-13,-7,-12,-7,-13,-6,-12,-6,-12,-6,-12,-5,-12,-5,-12,-3,-12,-3,-12,-2,-13,-2,-13,-2,-13,-2,-14,-2,-13,-1,-14,-2,-14,-2,-14,-3,-14,-3,-13,-4,-13,-4,-13,-4,-13,-4,-12,-5,0,0,0,0,0,0,0,0,0,0,0,0,0,0,0,0,0,0,0,0,0,0,-10,-4,-10,-5,-10,-6,-10,-7,-10,-7,-10,-8,-9,-9,-9,-9,-9,-9,-9,-9,-9,-9,-9,-9,-9,-9,-9,-9,-9,-8,-9,-8,-10,-8,-10,-8,-11,-8,-11,-8,-11,-8,-12,-8,-12,-7,-13,-7,-13,-7,-13,-7]"
2025-08-18 22:42:35.435933,CSI_DATA,1058,1a:00:00:00:00:00,-42,11,0,0,0,0,0,0,0,0,0,-94,0,1,0,181525838,0,31,0,128,0,"[0,0,-14,-3,-14,-3,-14,-3,-14,-2,-14,-2,-13,-2,-13,-2,-13,-1,-13,0,-13,0,-13,1,-12,1,-12,2,-12,2,-13,3,-13,3,-13,3,-14,3,-14,2,-14,2,-14,1,-14,0,-14,0,-14,0,-13,-1,-13,-2,0,0,0,0,0,0,0,0,0,0,0,0,0,0,0,0,0,0,0,0,0,0,-11,0,-11,-1,-11,-2,-11,-2,-12,-3,-12,-4,-12,-4,-12,-5,-12,-5,-12,-6,-11,-6,-11,-6,-11,-5,-11,-5,-11,-5,-11,-5,-12,-4,-12,-4,-12,-4,-13,-3,-13,-3,-13,-3,-14,-3,-14,-3,-14,-3,-14,-2]"
2025-08-18 22:42:35.648943,CSI_DATA,1059,1a:00:00:00:00:00,-42,11,0,0,0,0,0,0,0,0,0,-94,0,1,0,181727005,0,31,0,128,0,"[0,0,-9,-12,-9,-12,-9,-12,-9,-11,-9,-11,-9,-11,-9,-10,-9,-9,-10,-9,-10,-8,-10,-8,-10,-7,-11,-7,-11,-7,-11,-7,-12,-7,-12,-7,-12,-7,-12,-7,-12,-7,-12,-8,-11,-9,-11,-9,-11,-9,-10,-9,-9,-10,0,0,0,0,0,0,0,0,0,0,0,0,0,0,0,0,0,0,0,0,0,0,-7,-8,-7,-9,-7,-9,-7,-10,-6,-10,-6,-11,-5,-11,-5,-12,-5,-12,-4,-12,-4,-12,-4,-12,-4,-12,-4,-12,-5,-12,-5,-11,-6,-11,-6,-11,-7,-11,-7,-11,-8,-11,-8,-12,-8,-12,-8,-12,-8,-12,-9,-12]"
2025-08-18 22:42:35.835462,CSI_DATA,1060,1a:00:00:00:00:00,-42,11,0,0,0,0,0,0,0,0,0,-94,0,1,0,181928164,0,31,0,128,0,"[0,0,11,-10,10,-10,11,-10,10,-10,10,-11,9,-10,9,-10,8,-10,8,-10,7,-11,6,-11,6,-11,6,-12,6,-12,5,-12,6,-13,6,-13,6,-13,7,-13,7,-13,7,-12,8,-12,8,-11,8,-11,9,-10,9,-10,0,0,0,0,0,0,0,0,0,0,0,0,0,0,0,0,0,0,0,0,0,0,6,-9,7,-9,7,-8,8,-8,9,-8,10,-8,10,-7,11,-7,11,-7,11,-6,11,-6,11,-6,11,-6,11,-6,11,-7,10,-7,10,-7,10,-8,10,-8,10,-8,10,-9,10,-9,10,-10,10,-10,11,-10,11,-11]"
2025-08-18 22:42:35.901813,CSI_DATA,1061,1a:00:00:00:00:00,-42,11,0,0,0,0,0,0,0,0,0,-94,0,1,0,181988946,0,42,0,128,0,"[0,0,-11,-12,-10,-12,-10,-12,-10,-11,-10,-11,-10,-11,-10,-10,-10,-9,-10,-9,-11,-8,-11,-7,-11,-7,-12,-7,-12,-7,-12,-6,-13,-7,-12,-7,-13,-7,-13,-8,-13,-8,-13,-8,-12,-9,-11,-9,-11,-9,-11,-10,-10,-10,0,0,0,0,0,0,0,0,0,0,0,0,0,0,0,0,0,0,0,0,0,0,-9,-7,-9,-8,-8,-9,-8,-10,-8,-10,-8,-11,-7,-11,-7,-12,-7,-12,-6,-12,-6,-12,-6,-12,-6,-12,-6,-12,-6,-12,-6,-11,-7,-11,-7,-11,-8,-12,-8,-11,-9,-12,-9,-11,-10,-11,-10,-11,-10,-12,-10,-12]"
2025-08-18 22:42:35.977033,CSI_DATA,1062,1a:00:00:00:00:00,-42,11,0,0,0,0,0,0,0,0,0,-94,0,1,0,182055631,0,31,0,128,0,"[0,0,5,-15,5,-15,4,-14,4,-14,4,-14,4,-13,3,-13,3,-13,2,-13,1,-13,0,-13,0,-13,0,-13,-1,-14,-1,-14,-1,-14,-1,-14,-1,-14,-1,-15,0,-15,0,-15,1,-15,1,-14,2,-14,2,-14,3,-13,0,0,0,0,0,0,0,0,0,0,0,0,0,0,0,0,0,0,0,0,0,0,2,-11,3,-11,4,-11,4,-11,5,-11,6,-11,6,-11,7,-11,7,-11,7,-11,7,-11,7,-10,7,-10,7,-10,7,-11,6,-10,6,-11,6,-11,6,-12,6,-12,5,-13,5,-13,5,-14,5,-14,5,-15,5,-14]"
2025-08-18 22:42:36.164535,CSI_DATA,1063,1a:00:00:00:00:00,-43,11,0,0,0,0,0,0,0,0,0,-94,0,1,0,182257347,0,31,0,128,0,"[0,0,-14,5,-14,5,-14,5,-13,5,-13,5,-13,5,-12,5,-12,6,-11,6,-10,6,-10,7,-10,7,-10,8,-10,8,-10,8,-10,9,-10,9,-10,9,-11,9,-11,9,-12,8,-12,8,-12,7,-12,7,-12,6,-12,5,0,0,0,0,0,0,0,0,0,0,0,0,0,0,0,0,0,0,0,0,0,0,-9,5,-10,4,-11,4,-11,4,-12,3,-12,3,-13,2,-13,1,-13,1,-13,1,-13,1,-13,1,-13,1,-13,1,-12,1,-12,1,-12,2,-12,2,-13,3,-13,3,-13,3,-13,4,-13,4,-13,5,-14,5,-14,5]"
2025-08-18 22:42:36.370765,CSI_DATA,1064,1a:00:00:00:00:00,-43,11,0,0,0,0,0,0,0,0,0,-94,0,1,0,182458104,0,31,0,128,0,"[0,0,-6,-14,-6,-14,-6,-13,-6,-13,-6,-13,-6,-13,-7,-12,-7,-11,-8,-11,-8,-10,-8,-10,-9,-10,-9,-10,-9,-9,-10,-9,-10,-9,-10,-10,-10,-10,-11,-10,-11,-10,-10,-11,-9,-11,-9,-12,-8,-12,-8,-12,-7,-12,0,0,0,0,0,0,0,0,0,0,0,0,0,0,0,0,0,0,0,0,0,0,-6,-9,-5,-10,-5,-11,-4,-11,-4,-12,-3,-12,-3,-13,-3,-13,-2,-13,-2,-13,-1,-13,-1,-13,-1,-13,-2,-13,-2,-12,-2,-12,-3,-12,-4,-13,-4,-12,-4,-13,-5,-13,-5,-13,-6,-14,-6,-14,-6,-14,-6,-14]"
2025-08-18 22:42:36.565817,CSI_DATA,1065,1a:00:00:00:00:00,-42,11,0,0,0,0,0,0,0,0,0,-94,0,1,0,182659197,0,31,0,128,0,"[0,0,5,-13,5,-13,5,-13,4,-13,4,-13,4,-13,3,-13,3,-12,2,-12,1,-12,1,-12,0,-13,0,-13,0,-13,-1,-13,-1,-13,0,-14,0,-14,0,-14,1,-14,1,-14,2,-14,2,-14,2,-13,3,-13,4,-13,0,0,0,0,0,0,0,0,0,0,0,0,0,0,0,0,0,0,0,0,0,0,1,-10,2,-11,3,-11,4,-11,4,-11,5,-11,6,-11,6,-11,7,-10,7,-10,7,-10,7,-10,7,-10,6,-10,6,-10,6,-10,6,-10,5,-11,6,-11,5,-12,5,-12,5,-12,5,-13,4,-13,5,-14,5,-14]"
2025-08-18 22:42:36.772232,CSI_DATA,1066,1a:00:00:00:00:00,-42,11,0,0,0,0,0,0,0,0,0,-94,0,1,0,182860350,0,31,0,128,0,"[0,0,-4,-14,-4,-14,-4,-14,-4,-13,-5,-13,-5,-13,-5,-13,-6,-12,-6,-11,-6,-11,-7,-11,-7,-10,-7,-10,-8,-10,-8,-10,-9,-10,-9,-11,-9,-11,-9,-11,-9,-11,-8,-12,-8,-12,-7,-12,-7,-12,-6,-12,-5,-12,0,0,0,0,0,0,0,0,0,0,0,0,0,0,0,0,0,0,0,0,0,0,-4,-10,-4,-10,-3,-11,-3,-11,-2,-12,-2,-12,-1,-13,-1,-13,0,-13,0,-13,0,-13,0,-12,0,-12,0,-12,0,-12,-1,-12,-1,-12,-2,-12,-2,-13,-3,-13,-3,-13,-3,-13,-4,-14,-4,-14,-4,-14,-4,-14]"
2025-08-18 22:42:36.962107,CSI_DATA,1067,1a:00:00:00:00:00,-42,11,0,0,0,0,0,0,0,0,0,-94,0,1,0,183061491,0,31,0,128,0,"[0,0,9,11,8,11,8,10,9,10,9,10,8,9,8,9,9,8,9,8,9,7,10,6,10,6,10,6,11,6,11,5,11,6,11,6,11,6,12,7,11,7,11,7,10,8,10,8,10,8,9,8,9,9,0,0,0,0,0,0,0,0,0,0,0,0,0,0,0,0,0,0,0,0,0,0,8,6,7,7,7,7,7,8,7,9,6,9,6,10,5,11,5,11,5,11,5,11,5,10,5,10,5,10,5,10,5,10,6,10,6,10,7,10,7,10,7,10,8,11,8,10,9,10,9,10,9,10]"
2025-08-18 22:42:37.178130,CSI_DATA,1068,1a:00:00:00:00:00,-43,11,0,0,0,0,0,0,0,0,0,-94,0,1,0,183262743,0,31,0,128,0,"[0,0,5,14,5,13,5,13,5,12,5,12,5,12,5,11,6,11,6,10,7,10,7,9,7,9,8,9,8,9,8,9,9,9,8,9,9,10,8,10,8,10,8,11,7,11,7,11,6,11,6,11,5,12,0,0,0,0,0,0,0,0,0,0,0,0,0,0,0,0,0,0,0,0,0,0,6,8,5,9,4,9,4,10,4,10,3,11,2,11,2,12,1,12,1,12,1,12,1,12,1,12,1,11,2,12,2,11,2,12,3,11,3,12,4,12,4,12,4,12,5,12,5,12,5,13,5,13]"
2025-08-18 22:42:37.375478,CSI_DATA,1069,1a:00:00:00:00:00,-43,11,0,0,0,0,0,0,0,0,0,-94,0,1,0,183463893,0,31,0,128,0,"[0,0,-12,-10,-12,-10,-12,-9,-12,-9,-11,-8,-11,-8,-11,-8,-11,-7,-12,-7,-12,-6,-12,-5,-12,-5,-12,-5,-13,-4,-13,-4,-13,-4,-13,-5,-13,-4,-14,-5,-14,-6,-13,-6,-13,-7,-13,-7,-12,-7,-12,-8,-11,-8,0,0,0,0,0,0,0,0,0,0,0,0,0,0,0,0,0,0,0,0,0,0,-10,-5,-10,-6,-10,-7,-10,-7,-10,-8,-9,-9,-9,-10,-9,-10,-8,-10,-8,-10,-8,-10,-8,-10,-8,-10,-8,-10,-8,-10,-8,-10,-9,-9,-9,-9,-10,-9,-10,-9,-10,-9,-11,-9,-12,-9,-12,-9,-12,-9,-12,-9]"
2025-08-18 22:42:37.430914,CSI_DATA,1070,1a:00:00:00:00:00,-43,11,0,0,0,0,0,0,0,0,0,-94,0,1,0,183524664,0,42,0,128,0,"[0,0,13,-5,13,-5,13,-5,13,-6,12,-6,12,-6,11,-6,11,-7,10,-7,10,-7,9,-8,9,-8,9,-9,9,-9,9,-10,9,-10,9,-10,9,-10,10,-10,10,-10,10,-9,11,-9,11,-8,11,-8,11,-7,11,-6,0,0,0,0,0,0,0,0,0,0,0,0,0,0,0,0,0,0,0,0,0,0,8,-5,9,-5,10,-4,10,-4,11,-3,11,-3,12,-2,12,-2,12,-1,12,-1,12,-1,12,-1,12,-1,11,-1,12,-1,11,-2,12,-2,11,-3,12,-3,12,-4,12,-4,13,-4,12,-5,13,-6,13,-5,13,-5]"
2025-08-18 22:42:37.509211,CSI_DATA,1071,1a:00:00:00:00:00,-43,11,0,0,0,0,0,0,0,0,0,-94,0,1,0,183592061,0,31,0,128,0,"[0,0,0,15,1,15,1,14,1,14,1,14,1,14,1,13,2,13,2,12,3,12,4,12,4,12,4,11,5,12,6,12,6,12,6,12,6,12,6,13,5,13,4,13,4,14,3,14,3,14,2,13,1,13,0,0,0,0,0,0,0,0,0,0,0,0,0,0,0,0,0,0,0,0,0,0,2,10,2,10,1,11,0,11,0,12,-1,12,-2,13,-2,13,-3,12,-3,12,-3,12,-3,12,-3,12,-3,12,-3,12,-2,12,-2,12,-1,12,-1,13,-1,13,-1,14,0,14,0,14,1,15,1,15,1,15]"
2025-08-18 22:42:37.695972,CSI_DATA,1072,1a:00:00:00:00:00,-42,11,0,0,0,0,0,0,0,0,0,-94,0,1,0,183793354,0,31,0,128,0,"[0,0,2,15,2,15,2,14,3,13,3,14,2,13,3,13,3,12,4,12,5,12,5,11,5,11,6,11,7,11,7,11,7,11,7,12,7,11,7,12,7,12,6,13,6,13,5,13,5,13,4,13,3,13,0,0,0,0,0,0,0,0,0,0,0,0,0,0,0,0,0,0,0,0,0,0,3,10,2,10,2,11,1,11,1,12,0,12,-1,13,-1,13,-2,13,-2,12,-2,12,-2,12,-2,12,-2,12,-1,12,-1,12,-1,12,0,12,0,13,0,13,1,13,1,14,2,15,2,14,2,15,2,15]"
2025-08-18 22:42:37.896406,CSI_DATA,1073,1a:00:00:00:00:00,-42,11,0,0,0,0,0,0,0,0,0,-94,0,1,0,183994026,0,31,0,128,0,"[0,0,1,14,1,13,1,13,1,13,1,12,1,12,2,12,2,11,3,11,3,11,4,11,4,10,5,10,5,10,6,10,6,10,6,11,6,11,6,11,5,12,5,12,4,12,4,12,3,12,2,12,2,12,0,0,0,0,0,0,0,0,0,0,0,0,0,0,0,0,0,0,0,0,0,0,2,9,1,10,0,10,0,10,-1,11,-1,11,-2,12,-2,11,-3,11,-3,11,-3,11,-4,11,-3,11,-3,11,-3,11,-2,11,-2,11,-1,12,-1,12,0,12,0,12,0,13,0,13,0,13,0,13,1,13]"
2025-08-18 22:42:38.105639,CSI_DATA,1074,1a:00:00:00:00:00,-43,11,0,0,0,0,0,0,0,0,0,-94,0,1,0,184195391,0,31,0,128,0,"[0,0,0,-15,-1,-15,-1,-14,-1,-15,-1,-14,-1,-14,-2,-14,-2,-13,-2,-13,-3,-13,-4,-12,-4,-12,-5,-12,-5,-12,-6,-13,-6,-12,-6,-13,-6,-13,-6,-13,-5,-14,-5,-14,-4,-14,-4,-14,-3,-14,-3,-14,-1,-14,0,0,0,0,0,0,0,0,0,0,0,0,0,0,0,0,0,0,0,0,0,0,-2,-10,-1,-11,-1,-12,0,-11,1,-13,1,-12,2,-13,2,-13,3,-13,3,-13,3,-12,3,-12,3,-12,3,-12,3,-12,2,-12,2,-12,1,-13,1,-13,1,-13,0,-14,0,-14,0,-15,-1,-15,-1,-15,0,-15]"
2025-08-18 22:42:38.301919,CSI_DATA,1075,1a:00:00:00:00:00,-43,11,0,0,0,0,0,0,0,0,0,-94,0,1,0,184396422,0,31,0,128,0,"[0,0,14,-2,14,-2,13,-2,13,-2,13,-3,12,-3,12,-3,12,-4,12,-4,11,-5,11,-5,11,-6,11,-6,11,-6,11,-7,11,-7,11,-7,12,-7,12,-7,12,-7,12,-6,12,-6,12,-5,12,-4,12,-4,12,-3,0,0,0,0,0,0,0,0,0,0,0,0,0,0,0,0,0,0,0,0,0,0,9,-3,10,-2,10,-2,11,-1,11,-1,12,0,12,1,12,1,12,2,12,2,12,2,11,2,12,2,11,2,11,1,11,1,12,0,12,0,12,0,12,-1,13,-1,13,-1,14,-2,14,-2,14,-2,14,-2]"
2025-08-18 22:42:38.504695,CSI_DATA,1076,1a:00:00:00:00:00,-42,11,0,0,0,0,0,0,0,0,0,-94,0,1,0,184597548,0,31,0,128,0,"[0,0,-14,7,-14,7,-13,6,-13,7,-13,7,-12,7,-11,7,-11,8,-10,8,-10,8,-10,8,-9,9,-9,9,-9,10,-9,10,-9,10,-9,10,-9,11,-10,11,-10,10,-10,10,-10,10,-11,9,-11,8,-11,8,-12,7,0,0,0,0,0,0,0,0,0,0,0,0,0,0,0,0,0,0,0,0,0,0,-9,6,-10,5,-10,5,-11,5,-11,4,-12,4,-13,4,-13,3,-13,3,-13,2,-13,2,-13,2,-13,2,-12,2,-12,2,-12,3,-12,3,-12,4,-13,4,-12,5,-13,5,-13,6,-13,6,-13,6,-13,6,-13,7]"
2025-08-18 22:42:38.699121,CSI_DATA,1077,1a:00:00:00:00:00,-42,11,0,0,0,0,0,0,0,0,0,-94,0,1,0,184798930,0,31,0,128,0,"[0,0,5,14,4,13,4,13,5,12,5,12,5,12,5,11,6,11,6,10,6,9,7,9,7,9,8,9,8,9,8,9,9,9,9,9,9,10,9,10,9,10,8,10,8,11,7,11,7,11,6,11,5,11,0,0,0,0,0,0,0,0,0,0,0,0,0,0,0,0,0,0,0,0,0,0,5,8,4,9,3,10,3,10,3,10,2,11,2,12,1,12,1,12,0,12,0,12,0,12,0,12,0,12,1,12,1,11,1,11,2,11,3,12,3,12,3,12,4,12,4,12,4,13,5,13,5,13]"
2025-08-18 22:42:38.917833,CSI_DATA,1078,1a:00:00:00:00:00,-43,11,0,0,0,0,0,0,0,0,0,-94,0,1,0,184999989,0,31,0,128,0,"[0,0,-11,10,-11,10,-10,10,-10,10,-10,10,-9,10,-9,10,-8,10,-8,10,-7,10,-6,10,-6,11,-6,11,-5,11,-5,12,-5,12,-5,12,-6,12,-6,12,-6,12,-7,12,-7,12,-8,11,-8,11,-8,10,-9,9,0,0,0,0,0,0,0,0,0,0,0,0,0,0,0,0,0,0,0,0,0,0,-6,8,-7,8,-8,8,-8,8,-9,8,-10,7,-10,7,-11,7,-11,7,-11,6,-11,6,-11,6,-11,6,-11,6,-11,6,-10,6,-10,7,-10,7,-10,8,-10,8,-10,8,-10,9,-10,10,-10,10,-10,10,-10,10]"
2025-08-18 22:42:38.971061,CSI_DATA,1079,1a:00:00:00:00:00,-42,11,0,0,0,0,0,0,0,0,0,-94,0,1,0,185060775,0,42,0,128,0,"[0,0,-3,-15,-3,-16,-2,-14,-3,-14,-3,-14,-4,-14,-4,-14,-5,-13,-5,-12,-6,-12,-6,-12,-6,-12,-7,-12,-7,-12,-8,-12,-8,-11,-8,-12,-8,-12,-8,-13,-8,-13,-7,-13,-6,-14,-6,-14,-5,-14,-5,-13,-4,-13,0,0,0,0,0,0,0,0,0,0,0,0,0,0,0,0,0,0,0,0,0,0,-4,-10,-3,-11,-3,-12,-2,-12,-2,-13,-1,-13,0,-13,0,-14,1,-13,1,-13,1,-13,1,-13,1,-13,1,-13,0,-13,0,-13,0,-13,-1,-13,-1,-13,-2,-14,-2,-14,-2,-14,-3,-15,-3,-15,-3,-15,-3,-15]"
2025-08-18 22:42:39.033607,CSI_DATA,1080,1a:00:00:00:00:00,-43,11,0,0,0,0,0,0,0,0,0,-94,0,1,0,185127880,0,31,0,128,0,"[0,0,-13,8,-12,8,-12,8,-12,8,-11,8,-11,9,-10,8,-10,9,-9,9,-9,9,-8,9,-8,10,-8,10,-8,11,-7,11,-7,11,-8,11,-8,12,-8,12,-8,12,-9,11,-9,11,-10,10,-10,9,-10,9,-11,8,0,0,0,0,0,0,0,0,0,0,0,0,0,0,0,0,0,0,0,0,0,0,-7,7,-8,7,-9,7,-10,7,-10,6,-11,6,-11,6,-12,5,-12,5,-12,4,-12,4,-12,4,-12,4,-12,4,-12,5,-11,5,-12,6,-11,6,-12,6,-11,7,-11,7,-12,8,-12,8,-12,8,-12,8,-12,9]"
2025-08-18 22:42:39.244570,CSI_DATA,1081,1a:00:00:00:00:00,-43,11,0,0,0,0,0,0,0,0,0,-94,0,1,0,185329458,0,31,0,128,0,"[0,0,13,-6,13,-6,13,-6,13,-7,12,-6,12,-6,12,-7,11,-7,10,-8,10,-8,10,-8,9,-9,9,-9,9,-9,9,-10,9,-10,10,-10,9,-10,10,-10,10,-10,10,-10,10,-9,11,-9,11,-8,11,-7,12,-6,0,0,0,0,0,0,0,0,0,0,0,0,0,0,0,0,0,0,0,0,0,0,9,-6,9,-5,10,-5,10,-4,11,-4,12,-4,12,-3,12,-3,12,-2,12,-1,12,-1,12,-1,12,-1,12,-2,11,-2,12,-3,11,-3,12,-4,12,-4,12,-5,12,-4,12,-5,13,-5,13,-6,13,-6,13,-6]"
2025-08-18 22:42:39.435906,CSI_DATA,1082,1a:00:00:00:00:00,-43,11,0,0,0,0,0,0,0,0,0,-94,0,1,0,185530145,0,31,0,128,0,"[0,0,13,-5,13,-5,12,-5,13,-5,12,-5,11,-5,11,-6,11,-6,10,-6,10,-7,10,-7,9,-8,9,-8,9,-9,9,-9,9,-9,9,-9,9,-9,10,-9,10,-9,11,-9,11,-8,11,-7,11,-7,11,-6,11,-5,0,0,0,0,0,0,0,0,0,0,0,0,0,0,0,0,0,0,0,0,0,0,8,-5,9,-5,10,-4,10,-4,11,-3,11,-3,11,-2,12,-2,12,-1,11,-1,11,-1,11,0,11,-1,11,-1,11,-1,11,-2,11,-2,11,-3,12,-3,12,-3,12,-4,12,-4,13,-5,13,-5,13,-4,13,-5]"
2025-08-18 22:42:39.637163,CSI_DATA,1083,1a:00:00:00:00:00,-42,11,0,0,0,0,0,0,0,0,0,-94,0,1,0,185731300,0,31,0,128,0,"[0,0,14,-4,13,-4,13,-4,13,-4,13,-4,12,-4,12,-5,11,-5,11,-6,11,-6,11,-7,10,-7,10,-7,10,-8,10,-8,10,-9,10,-9,11,-9,11,-9,11,-9,11,-8,11,-8,11,-7,12,-6,12,-6,12,-5,0,0,0,0,0,0,0,0,0,0,0,0,0,0,0,0,0,0,0,0,0,0,9,-4,10,-4,10,-3,11,-3,11,-2,12,-2,12,-1,12,-1,12,0,12,0,12,1,12,1,12,0,11,0,12,0,11,0,12,-1,12,-2,12,-2,12,-3,12,-3,13,-3,13,-3,14,-4,14,-4,14,-4]"
2025-08-18 22:42:39.832380,CSI_DATA,1084,1a:00:00:00:00:00,-42,11,0,0,0,0,0,0,0,0,0,-94,0,1,0,185932678,0,31,0,128,0,"[0,0,5,13,5,13,5,13,5,12,5,12,5,12,5,11,6,11,6,10,7,10,7,9,8,9,8,9,8,9,9,9,9,9,9,9,9,9,9,10,9,10,8,10,8,11,7,11,7,11,6,11,5,11,0,0,0,0,0,0,0,0,0,0,0,0,0,0,0,0,0,0,0,0,0,0,5,8,5,9,4,9,4,10,3,10,3,11,2,12,2,12,1,12,1,12,1,12,1,12,1,12,1,11,1,11,2,11,2,11,3,11,3,12,3,12,4,12,4,12,5,12,5,13,5,13,5,13]"
2025-08-18 22:42:40.038244,CSI_DATA,1085,1a:00:00:00:00:00,-42,11,0,0,0,0,0,0,0,0,0,-94,0,1,0,186133741,0,31,0,128,0,"[0,0,-2,14,-2,14,-2,13,-2,13,-2,13,-1,13,-1,13,0,12,0,12,1,12,1,12,2,12,2,12,2,12,3,12,3,12,3,13,3,13,2,13,2,13,2,13,1,13,0,13,0,13,-1,13,-2,12,0,0,0,0,0,0,0,0,0,0,0,0,0,0,0,0,0,0,0,0,0,0,0,10,0,10,-1,11,-2,11,-3,11,-3,11,-4,12,-4,11,-5,11,-5,11,-5,11,-5,11,-5,11,-5,11,-5,11,-5,11,-4,11,-4,11,-3,12,-3,12,-3,13,-3,13,-2,14,-2,14,-2,14,-2,14]"
2025-08-18 22:42:40.241157,CSI_DATA,1086,1a:00:00:00:00:00,-43,11,0,0,0,0,0,0,0,0,0,-94,0,1,0,186335009,0,31,0,128,0,"[0,0,7,-13,6,-13,6,-13,6,-13,5,-13,5,-13,5,-12,4,-12,3,-12,3,-13,3,-13,2,-13,2,-13,1,-13,1,-14,1,-13,1,-14,1,-14,2,-14,2,-14,3,-14,3,-14,4,-14,4,-13,5,-12,6,-12,0,0,0,0,0,0,0,0,0,0,0,0,0,0,0,0,0,0,0,0,0,0,3,-10,3,-10,4,-10,5,-10,6,-11,6,-10,7,-10,8,-10,8,-10,8,-10,8,-9,8,-9,8,-9,8,-9,8,-9,7,-10,7,-10,7,-11,7,-11,7,-12,6,-12,6,-12,7,-13,7,-13,7,-13,7,-13]"
2025-08-18 22:42:40.450063,CSI_DATA,1087,1a:00:00:00:00:00,-43,11,0,0,0,0,0,0,0,0,0,-94,0,1,0,186536165,0,31,0,128,0,"[0,0,-15,-3,-15,-3,-14,-3,-14,-3,-14,-2,-13,-2,-13,-1,-13,-1,-13,0,-13,0,-13,1,-13,1,-13,1,-13,2,-13,2,-13,3,-14,3,-14,3,-14,3,-14,3,-14,2,-14,1,-14,1,-14,-1,-13,-1,-13,-2,0,0,0,0,0,0,0,0,0,0,0,0,0,0,0,0,0,0,0,0,0,0,-10,-1,-11,-1,-11,-2,-11,-3,-12,-4,-12,-4,-12,-5,-12,-5,-12,-6,-12,-6,-11,-7,-11,-7,-11,-6,-11,-6,-11,-5,-12,-5,-12,-5,-12,-4,-12,-4,-13,-3,-13,-3,-14,-3,-14,-3,-14,-3,-14,-3,-14,-3]"
2025-08-18 22:42:40.496800,CSI_DATA,1088,1a:00:00:00:00:00,-43,11,0,0,0,0,0,0,0,0,0,-94,0,1,0,186596916,0,42,0,128,0,"[0,0,8,12,8,11,8,11,8,11,8,10,8,10,8,10,8,9,8,8,9,7,9,7,9,7,10,7,10,7,11,6,11,6,11,7,11,7,11,7,11,8,10,8,10,9,9,9,9,9,8,9,7,10,0,0,0,0,0,0,0,0,0,0,0,0,0,0,0,0,0,0,0,0,0,0,7,6,7,7,7,8,6,8,6,9,6,10,5,10,5,11,5,11,4,11,4,11,4,11,4,11,4,11,4,10,4,10,5,10,6,10,6,10,7,10,7,11,7,11,8,11,8,11,8,11,8,11]"
2025-08-18 22:42:40.570673,CSI_DATA,1089,1a:00:00:00:00:00,-42,11,0,0,0,0,0,0,0,0,0,-94,0,1,0,186664213,0,31,0,128,0,"[0,0,14,-5,13,-5,13,-5,13,-5,13,-5,12,-6,12,-6,11,-6,11,-7,10,-7,10,-8,10,-8,10,-8,10,-9,9,-9,10,-10,10,-9,10,-10,11,-10,11,-9,11,-9,12,-8,11,-8,11,-7,12,-6,12,-6,0,0,0,0,0,0,0,0,0,0,0,0,0,0,0,0,0,0,0,0,0,0,9,-5,10,-5,10,-4,11,-4,11,-3,12,-3,12,-2,12,-2,12,-1,12,-1,12,-1,12,-1,12,-1,12,-1,12,-1,12,-2,12,-2,12,-3,12,-3,13,-3,13,-4,13,-4,13,-5,14,-5,14,-5,14,-5]"
2025-08-18 22:42:40.777449,CSI_DATA,1090,1a:00:00:00:00:00,-42,11,0,0,0,0,0,0,0,0,0,-94,0,1,0,186864935,0,31,0,128,0,"[0,0,-14,-6,-14,-6,-14,-6,-13,-5,-13,-5,-13,-5,-13,-4,-13,-4,-13,-3,-13,-2,-13,-2,-13,-2,-13,-1,-13,0,-13,0,-14,0,-14,0,-14,0,-15,-1,-15,-1,-14,-2,-14,-2,-14,-3,-14,-4,-13,-4,-13,-5,0,0,0,0,0,0,0,0,0,0,0,0,0,0,0,0,0,0,0,0,0,0,-10,-2,-11,-3,-11,-4,-11,-5,-11,-5,-11,-6,-11,-7,-11,-7,-11,-7,-10,-8,-10,-8,-10,-8,-10,-8,-10,-8,-10,-7,-11,-7,-11,-7,-11,-6,-12,-7,-12,-6,-12,-6,-13,-6,-13,-6,-14,-6,-14,-6,-14,-6]"
2025-08-18 22:42:40.966426,CSI_DATA,1091,1a:00:00:00:00:00,-43,11,0,0,0,0,0,0,0,0,0,-94,0,1,0,187066268,0,31,0,128,0,"[0,0,5,13,4,13,4,13,5,13,5,12,5,12,5,11,6,11,6,10,6,10,7,10,7,9,7,9,8,9,8,9,9,9,9,9,9,10,9,10,8,10,8,11,7,11,7,11,6,11,5,11,5,12,0,0,0,0,0,0,0,0,0,0,0,0,0,0,0,0,0,0,0,0,0,0,5,8,4,9,4,10,3,10,3,10,3,11,2,12,2,12,1,12,0,12,0,12,0,12,1,12,1,12,1,11,1,11,2,12,2,11,3,12,3,12,3,12,4,13,4,13,4,13,5,13,5,13]"
2025-08-18 22:42:41.167325,CSI_DATA,1092,1a:00:00:00:00:00,-42,11,0,0,0,0,0,0,0,0,0,-94,0,1,0,187267416,0,31,0,128,0,"[0,0,10,10,10,9,10,9,10,8,10,8,9,8,9,7,10,7,10,6,10,5,10,5,10,5,11,4,11,4,11,4,12,4,11,4,12,4,12,5,12,5,12,5,11,6,11,6,10,7,10,7,9,8,0,0,0,0,0,0,0,0,0,0,0,0,0,0,0,0,0,0,0,0,0,0,8,5,8,5,8,6,8,7,8,7,8,8,7,9,7,9,6,10,6,9,6,10,6,9,6,9,6,9,6,9,6,9,7,9,7,8,8,9,8,9,8,9,9,9,10,8,10,9,10,9,10,9]"
2025-08-18 22:42:41.376758,CSI_DATA,1093,1a:00:00:00:00:00,-42,11,0,0,0,0,0,0,0,0,0,-94,0,1,0,187468595,0,31,0,128,0,"[0,0,3,-15,3,-14,3,-14,3,-14,2,-14,2,-14,2,-13,1,-13,0,-13,-1,-13,-1,-13,-2,-13,-2,-13,-2,-13,-3,-13,-3,-13,-3,-14,-3,-14,-2,-15,-2,-14,-1,-14,-1,-14,0,-14,0,-14,1,-14,1,-13,0,0,0,0,0,0,0,0,0,0,0,0,0,0,0,0,0,0,0,0,0,0,0,-11,1,-11,2,-11,3,-12,3,-12,4,-12,5,-12,5,-12,5,-11,6,-11,6,-11,6,-11,5,-11,5,-11,5,-11,5,-11,5,-12,4,-12,4,-12,4,-13,3,-13,3,-13,3,-14,3,-14,3,-15,3,-15]"
2025-08-18 22:42:41.582116,CSI_DATA,1094,1a:00:00:00:00:00,-43,11,0,0,0,0,0,0,0,0,0,-94,0,1,0,187669739,0,31,0,128,0,"[0,0,-12,-10,-12,-10,-11,-9,-12,-9,-11,-8,-11,-8,-11,-8,-11,-7,-11,-7,-12,-6,-12,-5,-12,-5,-12,-5,-12,-4,-13,-4,-13,-4,-14,-4,-13,-4,-14,-5,-14,-5,-14,-6,-13,-6,-13,-6,-12,-7,-12,-7,-11,-8,0,0,0,0,0,0,0,0,0,0,0,0,0,0,0,0,0,0,0,0,0,0,-9,-6,-9,-7,-9,-8,-8,-8,-9,-9,-8,-10,-8,-10,-8,-11,-7,-11,-7,-11,-7,-11,-7,-11,-7,-11,-7,-11,-7,-10,-7,-10,-8,-10,-9,-10,-9,-10,-9,-10,-10,-10,-10,-10,-11,-10,-11,-10,-12,-10,-11,-10]"
2025-08-18 22:42:41.778267,CSI_DATA,1095,1a:00:00:00:00:00,-42,11,0,0,0,0,0,0,0,0,0,-94,0,1,0,187870860,0,31,0,128,0,"[0,0,-15,2,-15,1,-15,1,-14,2,-14,2,-13,2,-13,3,-13,3,-12,4,-12,4,-12,4,-11,5,-12,5,-12,6,-11,6,-12,6,-12,6,-13,7,-13,7,-13,6,-13,6,-13,5,-13,5,-13,4,-13,3,-13,2,0,0,0,0,0,0,0,0,0,0,0,0,0,0,0,0,0,0,0,0,0,0,-10,2,-11,2,-11,1,-12,0,-12,0,-13,0,-13,-1,-13,-1,-13,-2,-13,-2,-13,-3,-13,-3,-12,-3,-12,-2,-13,-2,-12,-2,-13,-1,-13,0,-13,0,-13,1,-14,1,-14,1,-14,1,-15,1,-15,1,-15,2]"
2025-08-18 22:42:41.983036,CSI_DATA,1096,1a:00:00:00:00:00,-42,11,0,0,0,0,0,0,0,0,0,-94,0,1,0,188072205,0,31,0,128,0,"[0,0,12,7,11,6,11,7,11,6,11,6,11,6,11,5,11,4,11,4,11,3,11,3,11,2,11,2,12,2,12,1,12,1,12,1,13,1,13,2,13,2,13,3,12,3,12,4,11,4,11,5,11,5,0,0,0,0,0,0,0,0,0,0,0,0,0,0,0,0,0,0,0,0,0,0,9,3,9,4,9,4,9,5,9,6,9,7,9,7,8,7,8,8,8,8,8,8,8,8,8,8,8,8,8,8,8,7,9,7,9,7,9,7,10,7,10,7,11,7,11,6,12,7,12,7,12,6]"
2025-08-18 22:42:42.108633,CSI_DATA,1097,1a:00:00:00:00:00,-42,11,0,0,0,0,0,0,0,0,0,-94,0,1,0,188132943,0,42,0,128,0,"[0,0,-11,-11,-10,-11,-11,-11,-10,-10,-10,-10,-10,-9,-10,-9,-10,-8,-11,-8,-11,-7,-11,-6,-12,-6,-12,-6,-12,-6,-12,-5,-13,-5,-13,-5,-13,-6,-13,-6,-13,-7,-13,-7,-12,-8,-12,-7,-12,-8,-11,-8,-11,-9,0,0,0,0,0,0,0,0,0,0,0,0,0,0,0,0,0,0,0,0,0,0,-8,-7,-8,-8,-8,-8,-8,-9,-8,-10,-7,-11,-7,-11,-7,-11,-6,-12,-6,-12,-6,-11,-6,-11,-6,-11,-6,-11,-6,-11,-6,-11,-7,-11,-8,-10,-8,-11,-8,-11,-9,-11,-9,-11,-10,-10,-10,-10,-10,-11,-11,-11]"
2025-08-18 22:42:42.115034,CSI_DATA,1098,1a:00:00:00:00:00,-43,11,0,0,0,0,0,0,0,0,0,-94,0,1,0,188200480,0,31,0,128,0,"[0,0,5,-14,4,-14,4,-14,4,-14,4,-14,3,-13,3,-13,2,-13,2,-13,1,-13,0,-13,-1,-13,-1,-13,-1,-14,-2,-13,-2,-14,-2,-14,-2,-15,-1,-15,-1,-15,0,-15,1,-15,1,-14,1,-14,2,-14,3,-14,0,0,0,0,0,0,0,0,0,0,0,0,0,0,0,0,0,0,0,0,0,0,1,-11,2,-11,3,-11,4,-12,4,-11,5,-12,6,-11,7,-11,7,-11,7,-11,7,-11,7,-11,7,-11,7,-11,6,-11,6,-11,6,-11,5,-11,5,-12,5,-12,5,-13,5,-13,4,-13,4,-14,4,-14,4,-15]"
2025-08-18 22:42:42.313810,CSI_DATA,1099,1a:00:00:00:00:00,-43,11,0,0,0,0,0,0,0,0,0,-94,0,1,0,188401630,0,31,0,128,0,"[0,0,1,14,1,14,1,13,1,13,1,13,2,13,2,12,3,12,3,11,4,11,4,11,4,11,5,11,6,11,6,11,6,11,6,11,6,11,6,12,6,12,6,12,5,12,4,12,3,12,3,12,2,12,0,0,0,0,0,0,0,0,0,0,0,0,0,0,0,0,0,0,0,0,0,0,2,10,1,10,0,11,0,11,-1,11,-1,12,-2,12,-2,12,-3,12,-3,12,-4,11,-4,11,-3,11,-3,11,-3,11,-3,11,-2,11,-1,12,-1,12,-1,12,0,13,0,13,1,13,0,14,0,14,1,14]"
2025-08-18 22:42:42.507210,CSI_DATA,1100,1a:00:00:00:00:00,-42,11,0,0,0,0,0,0,0,0,0,-94,0,1,0,188602747,0,31,0,128,0,"[0,0,-1,15,-1,14,-1,14,0,14,0,14,0,13,0,13,1,13,1,12,2,12,2,12,3,12,3,12,4,12,4,12,4,12,4,12,4,13,4,13,4,13,3,13,2,13,2,13,1,13,1,13,0,13,0,0,0,0,0,0,0,0,0,0,0,0,0,0,0,0,0,0,0,0,0,0,1,10,0,10,0,11,-1,11,-2,11,-2,12,-3,12,-3,12,-4,12,-4,12,-4,12,-4,11,-4,12,-4,11,-4,12,-4,11,-3,12,-3,12,-2,12,-2,13,-2,13,-1,13,-1,14,-1,14,-1,15,-1,14]"
2025-08-18 22:42:42.709165,CSI_DATA,1101,1a:00:00:00:00:00,-42,11,0,0,0,0,0,0,0,0,0,-94,0,1,0,188805378,0,31,0,128,0,"[0,0,13,1,14,0,13,0,13,-1,14,-1,13,-1,13,-1,12,-1,12,-1,11,-3,12,-3,10,-4,11,-4,13,-4,12,-5,12,-5,11,-4,12,-5,13,-5,14,-3,13,-4,13,-2,13,-3,13,-2,13,-1,13,0,0,0,0,0,0,0,0,0,0,0,0,0,0,0,0,0,0,0,0,0,0,0,9,-2,10,-2,10,-1,11,0,11,0,12,1,12,2,12,2,12,3,11,3,11,3,11,3,11,3,11,3,11,3,11,3,12,2,12,1,12,1,12,1,13,1,13,0,13,1,14,0,14,0,14,0]"
2025-08-18 22:42:42.910874,CSI_DATA,1102,1a:00:00:00:00:00,-43,11,0,0,0,0,0,0,0,0,0,-94,0,1,0,189005079,0,31,0,128,0,"[0,0,12,-8,11,-8,11,-8,11,-8,11,-8,10,-8,9,-8,9,-9,8,-9,8,-9,8,-9,8,-9,7,-10,7,-10,7,-11,7,-11,7,-11,8,-11,8,-12,8,-11,8,-11,8,-10,9,-10,10,-9,10,-8,10,-8,0,0,0,0,0,0,0,0,0,0,0,0,0,0,0,0,0,0,0,0,0,0,7,-7,8,-7,9,-6,9,-5,10,-5,10,-5,11,-5,11,-5,11,-4,11,-3,11,-3,11,-3,11,-3,11,-3,11,-4,10,-4,10,-4,11,-5,11,-6,11,-6,11,-7,11,-7,11,-7,12,-7,12,-7,12,-8]"
2025-08-18 22:42:43.117681,CSI_DATA,1103,1a:00:00:00:00:00,-43,11,0,0,0,0,0,0,0,0,0,-94,0,1,0,189206417,0,31,0,128,0,"[0,0,-9,-12,-8,-12,-8,-12,-8,-12,-8,-11,-8,-11,-8,-10,-9,-10,-9,-9,-9,-9,-10,-8,-10,-8,-10,-8,-11,-8,-11,-7,-11,-8,-11,-8,-12,-8,-12,-8,-11,-8,-11,-9,-11,-10,-10,-9,-10,-10,-9,-10,-9,-10,0,0,0,0,0,0,0,0,0,0,0,0,0,0,0,0,0,0,0,0,0,0,-7,-8,-7,-8,-7,-9,-6,-10,-6,-11,-6,-11,-5,-11,-5,-12,-4,-12,-4,-12,-4,-12,-4,-12,-4,-12,-4,-12,-4,-12,-4,-11,-5,-11,-6,-11,-6,-12,-7,-12,-7,-12,-7,-12,-8,-12,-8,-12,-8,-12,-8,-12]"
2025-08-18 22:42:43.311201,CSI_DATA,1104,1a:00:00:00:00:00,-42,11,0,0,0,0,0,0,0,0,0,-94,0,1,0,189407568,0,31,0,128,0,"[0,0,14,1,13,1,13,1,13,1,13,0,13,0,12,0,12,-1,12,-1,12,-2,12,-2,12,-3,12,-3,12,-4,12,-4,12,-4,12,-4,13,-4,13,-4,13,-4,13,-3,13,-2,13,-2,13,-1,13,0,13,0,0,0,0,0,0,0,0,0,0,0,0,0,0,0,0,0,0,0,0,0,0,0,9,-2,10,-1,10,0,11,1,11,1,11,2,11,3,11,3,11,3,11,4,11,4,11,4,11,4,11,4,11,4,11,3,11,3,12,2,12,2,12,2,12,2,13,1,13,1,14,1,14,1,14,1]"
2025-08-18 22:42:43.520831,CSI_DATA,1105,1a:00:00:00:00:00,-43,11,0,0,0,0,0,0,0,0,0,-94,0,1,0,189608688,0,31,0,128,0,"[0,0,-7,-13,-7,-13,-7,-13,-7,-12,-7,-12,-7,-12,-7,-11,-8,-11,-8,-10,-8,-9,-9,-9,-9,-9,-10,-9,-10,-9,-10,-8,-10,-8,-11,-9,-11,-9,-11,-10,-10,-10,-10,-10,-9,-11,-9,-11,-9,-11,-8,-11,-7,-11,0,0,0,0,0,0,0,0,0,0,0,0,0,0,0,0,0,0,0,0,0,0,-7,-8,-6,-9,-6,-10,-6,-10,-5,-11,-5,-12,-4,-12,-4,-12,-3,-12,-3,-12,-3,-12,-3,-12,-3,-12,-3,-12,-3,-12,-4,-11,-5,-12,-5,-12,-5,-12,-6,-12,-6,-12,-6,-12,-7,-13,-7,-13,-7,-13,-7,-13]"
2025-08-18 22:42:43.576042,CSI_DATA,1106,1a:00:00:00:00:00,-42,11,0,0,0,0,0,0,0,0,0,-94,0,1,0,189669487,0,42,0,128,0,"[0,0,-15,4,-15,4,-14,4,-14,4,-13,4,-13,4,-13,5,-12,5,-12,5,-12,6,-11,7,-11,7,-11,8,-10,8,-11,8,-10,8,-11,9,-11,9,-12,9,-12,8,-12,8,-12,7,-13,7,-13,6,-13,6,-13,5,0,0,0,0,0,0,0,0,0,0,0,0,0,0,0,0,0,0,0,0,0,0,-10,4,-10,4,-11,3,-12,2,-13,2,-13,2,-13,1,-13,1,-13,0,-14,0,-13,-1,-13,-1,-13,0,-13,0,-13,0,-13,1,-13,1,-13,2,-13,2,-13,2,-14,3,-14,3,-15,4,-15,4,-15,4,-15,4]"
2025-08-18 22:42:43.638750,CSI_DATA,1107,1a:00:00:00:00:00,-42,11,0,0,0,0,0,0,0,0,0,-94,0,1,0,189736571,0,31,0,128,0,"[0,0,1,13,1,12,1,13,1,12,1,12,1,12,2,12,2,11,3,11,3,10,4,10,4,10,5,10,5,10,5,10,6,10,5,10,6,11,6,11,5,11,5,12,4,12,4,12,3,12,2,11,2,12,0,0,0,0,0,0,0,0,0,0,0,0,0,0,0,0,0,0,0,0,0,0,3,9,2,9,1,10,1,10,0,10,0,11,-1,11,-2,11,-2,11,-2,11,-2,11,-2,11,-2,11,-2,11,-2,11,-2,10,-1,11,0,11,0,12,0,12,0,12,0,12,1,12,1,13,1,13,1,13]"
2025-08-18 22:42:43.850949,CSI_DATA,1108,1a:00:00:00:00:00,-42,11,0,0,0,0,0,0,0,0,0,-94,0,1,0,189937622,0,31,0,128,0,"[0,0,-11,-11,-11,-10,-10,-10,-10,-10,-10,-10,-10,-9,-10,-9,-10,-8,-10,-8,-11,-7,-11,-7,-11,-6,-11,-6,-12,-6,-12,-5,-12,-5,-12,-6,-13,-6,-13,-6,-13,-6,-12,-7,-12,-7,-12,-8,-11,-8,-10,-9,-10,-9,0,0,0,0,0,0,0,0,0,0,0,0,0,0,0,0,0,0,0,0,0,0,-8,-6,-8,-7,-8,-8,-8,-8,-8,-9,-8,-10,-7,-10,-7,-10,-7,-11,-6,-11,-6,-11,-6,-11,-6,-11,-6,-11,-6,-10,-7,-10,-7,-10,-8,-10,-8,-10,-9,-10,-9,-10,-9,-10,-10,-10,-10,-10,-10,-11,-10,-11]"
2025-08-18 22:42:44.059101,CSI_DATA,1109,1a:00:00:00:00:00,-43,11,0,0,0,0,0,0,0,0,0,-94,0,1,0,190138772,0,31,0,128,0,"[0,0,-5,-14,-5,-14,-4,-14,-5,-14,-5,-14,-5,-13,-5,-13,-6,-12,-6,-12,-7,-11,-7,-11,-7,-11,-8,-11,-8,-10,-9,-10,-9,-11,-9,-11,-9,-11,-9,-12,-9,-12,-9,-12,-8,-12,-7,-12,-7,-13,-6,-12,-5,-13,0,0,0,0,0,0,0,0,0,0,0,0,0,0,0,0,0,0,0,0,0,0,-5,-10,-4,-10,-4,-11,-3,-11,-3,-12,-2,-13,-2,-13,-1,-13,-1,-13,0,-13,0,-13,0,-13,0,-13,0,-13,-1,-13,-1,-12,-2,-13,-3,-12,-3,-13,-3,-13,-3,-13,-4,-14,-4,-14,-4,-14,-4,-14,-5,-14]"
2025-08-18 22:42:44.240901,CSI_DATA,1110,1a:00:00:00:00:00,-42,11,0,0,0,0,0,0,0,0,0,-94,0,1,0,190340305,0,31,0,128,0,"[0,0,10,10,9,10,9,10,10,9,10,9,10,8,10,8,10,7,10,7,10,6,10,6,10,5,11,5,11,5,11,5,12,4,12,5,12,5,12,5,12,5,12,6,11,6,11,7,10,7,10,8,9,8,0,0,0,0,0,0,0,0,0,0,0,0,0,0,0,0,0,0,0,0,0,0,8,6,8,6,7,7,7,8,7,9,7,9,7,9,7,10,6,10,5,11,5,11,5,10,5,10,5,10,6,10,6,10,6,10,7,9,7,9,8,9,8,9,9,9,9,10,9,10,10,10,10,10]"
2025-08-18 22:42:44.450175,CSI_DATA,1111,1a:00:00:00:00:00,-43,11,0,0,0,0,0,0,0,0,0,-94,0,1,0,190541372,0,31,0,128,0,"[0,0,0,-15,0,-14,0,-14,0,-14,-1,-14,-1,-13,-1,-13,-2,-13,-2,-13,-3,-12,-3,-12,-4,-12,-4,-12,-5,-12,-5,-12,-5,-13,-5,-13,-5,-13,-5,-13,-5,-13,-4,-13,-4,-14,-3,-13,-2,-13,-2,-13,-1,-13,0,0,0,0,0,0,0,0,0,0,0,0,0,0,0,0,0,0,0,0,0,0,-2,-10,-2,-11,-1,-11,0,-11,0,-12,1,-12,2,-12,2,-12,3,-12,3,-12,3,-12,3,-12,3,-12,3,-12,3,-12,2,-12,2,-12,1,-12,1,-13,1,-13,1,-13,0,-14,0,-14,0,-14,0,-14,0,-14]"
2025-08-18 22:42:44.649072,CSI_DATA,1112,1a:00:00:00:00:00,-42,11,0,0,0,0,0,0,0,0,0,-94,0,1,0,190742518,0,31,0,128,0,"[0,0,6,-13,6,-13,5,-13,5,-13,5,-13,4,-12,4,-12,3,-12,3,-12,2,-12,2,-12,1,-12,1,-12,0,-13,0,-13,0,-13,0,-13,0,-14,1,-14,1,-14,2,-14,2,-14,2,-13,3,-13,4,-13,4,-12,0,0,0,0,0,0,0,0,0,0,0,0,0,0,0,0,0,0,0,0,0,0,2,-10,3,-10,4,-10,5,-10,5,-10,6,-11,7,-10,7,-10,7,-10,7,-9,8,-9,8,-9,8,-9,7,-9,7,-10,7,-9,6,-10,6,-11,6,-11,6,-11,6,-12,6,-12,6,-12,6,-13,6,-13,6,-13]"
2025-08-18 22:42:44.848709,CSI_DATA,1113,1a:00:00:00:00:00,-42,11,0,0,0,0,0,0,0,0,0,-94,0,1,0,190943690,0,31,0,128,0,"[0,0,-8,13,-7,12,-7,12,-7,12,-7,12,-6,12,-6,11,-5,12,-4,11,-4,11,-3,12,-3,12,-3,12,-2,12,-2,12,-2,13,-2,13,-2,13,-2,13,-3,13,-3,13,-4,13,-4,13,-5,12,-6,12,-6,11,0,0,0,0,0,0,0,0,0,0,0,0,0,0,0,0,0,0,0,0,0,0,-3,9,-4,9,-5,9,-6,10,-7,9,-7,9,-8,9,-8,9,-9,9,-9,8,-9,8,-9,8,-9,8,-9,8,-9,8,-8,9,-8,9,-7,9,-8,10,-7,10,-7,11,-7,11,-7,12,-7,12,-8,12,-7,12]"
2025-08-18 22:42:45.045007,CSI_DATA,1114,1a:00:00:00:00:00,-42,11,0,0,0,0,0,0,0,0,0,-94,0,1,0,191144833,0,31,0,128,0,"[0,0,6,12,5,12,5,12,6,11,6,11,6,10,6,10,6,10,6,9,7,9,7,8,8,8,8,8,8,8,9,7,9,8,9,8,9,8,9,9,9,9,8,9,8,10,7,10,7,10,6,10,5,10,0,0,0,0,0,0,0,0,0,0,0,0,0,0,0,0,0,0,0,0,0,0,5,7,5,8,5,9,4,9,4,10,4,10,3,11,3,11,2,11,2,11,2,11,2,11,2,11,2,11,2,11,2,10,3,11,3,10,4,11,4,11,4,11,5,11,5,11,6,12,6,12,6,12]"
2025-08-18 22:42:45.114109,CSI_DATA,1115,1a:00:00:00:00:00,-42,11,0,0,0,0,0,0,0,0,0,-94,0,1,0,191205669,0,42,0,128,0,"[0,0,2,-15,2,-15,2,-15,1,-14,1,-14,1,-14,0,-13,0,-13,-1,-13,-1,-13,-2,-13,-2,-13,-3,-13,-3,-13,-3,-13,-3,-13,-3,-13,-4,-14,-3,-14,-3,-14,-2,-14,-1,-14,-1,-14,0,-14,0,-13,1,-13,0,0,0,0,0,0,0,0,0,0,0,0,0,0,0,0,0,0,0,0,0,0,-1,-10,0,-11,0,-11,1,-12,2,-12,2,-12,3,-12,3,-12,4,-12,4,-12,4,-12,4,-11,4,-11,4,-11,4,-11,3,-11,3,-12,3,-12,3,-13,2,-13,2,-13,2,-13,1,-14,1,-14,1,-14,2,-15]"
2025-08-18 22:42:45.172580,CSI_DATA,1116,1a:00:00:00:00:00,-42,11,0,0,0,0,0,0,0,0,0,-94,0,1,0,191271368,0,31,0,128,0,"[0,0,3,14,3,14,2,12,3,14,3,13,3,12,4,12,4,12,5,11,5,11,5,11,6,10,6,10,6,9,8,10,7,9,8,11,7,10,8,11,7,11,7,11,6,12,5,13,5,12,4,12,3,12,0,0,0,0,0,0,0,0,0,0,0,0,0,0,0,0,0,0,0,0,0,0,3,9,3,9,2,10,1,10,1,12,1,11,0,12,0,12,0,12,-2,12,-2,12,-2,12,-2,12,-1,11,-1,11,0,12,0,11,1,12,1,12,2,13,2,13,2,13,2,14,2,14,2,13,2,14]"
2025-08-18 22:42:45.385533,CSI_DATA,1117,1a:00:00:00:00:00,-43,11,0,0,0,0,0,0,0,0,0,-94,0,1,0,191474386,0,31,0,128,0,"[0,0,-15,-4,-14,-4,-14,-4,-14,-4,-14,-4,-13,-3,-13,-3,-13,-2,-13,-2,-13,-1,-13,0,-13,0,-13,0,-13,1,-13,1,-14,1,-14,1,-14,2,-15,1,-15,1,-15,0,-14,-1,-14,-1,-14,-2,-14,-2,-14,-3,0,0,0,0,0,0,0,0,0,0,0,0,0,0,0,0,0,0,0,0,0,0,-10,-2,-11,-3,-11,-4,-11,-4,-11,-5,-11,-6,-11,-6,-11,-7,-11,-7,-11,-7,-11,-8,-10,-8,-11,-7,-10,-7,-11,-7,-11,-6,-11,-6,-11,-5,-12,-6,-13,-5,-13,-5,-13,-5,-14,-4,-14,-5,-14,-4,-14,-4]"
2025-08-18 22:42:45.779353,CSI_DATA,1118,1a:00:00:00:00:00,-42,11,0,0,0,0,0,0,0,0,0,-94,0,1,0,191673793,0,31,0,128,0,"[0,0,12,8,12,7,11,7,12,7,12,6,11,6,11,5,11,5,11,4,12,3,12,3,11,3,12,2,12,2,13,1,13,1,13,2,13,1,14,2,13,2,13,3,13,3,13,4,12,5,12,5,11,6,0,0,0,0,0,0,0,0,0,0,0,0,0,0,0,0,0,0,0,0,0,0,9,4,9,4,9,5,9,6,9,7,9,7,9,8,8,9,8,9,8,9,7,9,7,9,7,9,8,9,8,8,8,8,8,8,9,8,9,7,10,8,10,7,11,7,12,8,12,7,11,8,12,7]"
2025-08-18 22:42:45.784574,CSI_DATA,1119,1a:00:00:00:00:00,-42,11,0,0,0,0,0,0,0,0,0,-94,0,1,0,191874919,0,31,0,128,0,"[0,0,-8,12,-8,12,-8,11,-8,11,-7,11,-7,11,-7,11,-6,11,-5,11,-5,11,-4,11,-4,11,-3,12,-3,12,-3,12,-3,12,-3,13,-3,13,-4,13,-4,13,-5,12,-5,12,-6,12,-6,12,-7,11,-7,10,0,0,0,0,0,0,0,0,0,0,0,0,0,0,0,0,0,0,0,0,0,0,-3,9,-4,9,-5,9,-6,9,-7,9,-7,9,-8,9,-8,9,-9,8,-9,8,-9,8,-9,8,-9,8,-9,8,-8,8,-8,8,-8,9,-8,9,-8,9,-8,10,-8,10,-8,11,-8,12,-8,12,-8,12,-7,12]"
2025-08-18 22:42:45.978683,CSI_DATA,1120,1a:00:00:00:00:00,-42,11,0,0,0,0,0,0,0,0,0,-94,0,1,0,192076076,0,31,0,128,0,"[0,0,14,3,13,2,13,2,13,2,13,2,13,2,12,1,12,0,12,0,12,-1,12,-1,11,-1,11,-1,12,-2,12,-3,12,-3,13,-3,13,-3,13,-3,13,-2,13,-2,13,-1,13,0,13,1,12,1,12,2,0,0,0,0,0,0,0,0,0,0,0,0,0,0,0,0,0,0,0,0,0,0,9,0,10,1,10,2,10,2,10,3,11,4,11,4,11,5,11,5,10,6,10,6,10,6,10,6,10,5,10,5,10,4,10,4,11,4,11,4,12,3,12,3,13,3,13,3,13,3,13,3,14,3]"
2025-08-18 22:42:46.179987,CSI_DATA,1121,1a:00:00:00:00:00,-42,11,0,0,0,0,0,0,0,0,0,-94,0,1,0,192277289,0,31,0,128,0,"[0,0,13,2,13,1,13,1,13,1,13,1,12,1,12,0,12,0,12,-1,11,-2,12,-2,11,-3,11,-3,11,-3,12,-4,12,-4,12,-4,12,-4,13,-3,13,-3,13,-3,13,-2,13,-2,12,-1,12,-1,12,0,0,0,0,0,0,0,0,0,0,0,0,0,0,0,0,0,0,0,0,0,0,0,9,-1,10,0,10,0,10,1,10,2,11,2,11,3,11,4,11,4,10,4,10,4,10,4,10,4,10,4,10,4,10,3,11,3,11,2,11,2,12,2,12,2,13,2,13,1,13,1,13,1,14,1]"
2025-08-18 22:42:46.589951,CSI_DATA,1122,1a:00:00:00:00:00,-42,11,0,0,0,0,0,0,0,0,0,-94,0,1,0,192478489,0,31,0,128,0,"[0,0,14,-4,13,-4,13,-4,13,-4,13,-5,12,-5,12,-5,11,-5,11,-6,11,-6,10,-7,10,-7,10,-7,10,-8,10,-8,10,-8,10,-9,11,-9,11,-9,11,-8,11,-7,12,-7,12,-6,12,-5,12,-5,12,-4,0,0,0,0,0,0,0,0,0,0,0,0,0,0,0,0,0,0,0,0,0,0,9,-5,9,-4,10,-4,10,-3,11,-3,11,-2,12,-2,12,-1,12,-1,12,0,12,0,12,0,11,0,11,0,11,-1,11,-1,12,-2,11,-2,12,-2,12,-3,12,-3,12,-4,13,-4,13,-4,13,-4,14,-4]"
2025-08-18 22:42:46.596362,CSI_DATA,1123,1a:00:00:00:00:00,-42,11,0,0,0,0,0,0,0,0,0,-94,0,1,0,192679810,0,31,0,128,0,"[0,0,-14,-3,-14,-3,-14,-3,-14,-2,-13,-2,-13,-2,-13,-2,-13,-1,-13,-1,-13,0,-12,1,-12,1,-12,2,-13,2,-13,2,-13,2,-13,2,-13,2,-14,2,-14,2,-14,1,-14,0,-13,0,-13,0,-13,0,-13,-2,0,0,0,0,0,0,0,0,0,0,0,0,0,0,0,0,0,0,0,0,0,0,-10,-1,-10,-2,-11,-2,-11,-3,-11,-3,-11,-4,-11,-5,-11,-5,-11,-6,-11,-6,-11,-6,-11,-6,-11,-6,-11,-5,-11,-5,-11,-5,-11,-5,-12,-4,-12,-4,-12,-4,-13,-4,-13,-4,-14,-3,-14,-3,-14,-3,-14,-3]"
2025-08-18 22:42:46.647249,CSI_DATA,1124,1a:00:00:00:00:00,-42,11,0,0,0,0,0,0,0,0,0,-94,0,1,0,192740525,0,42,0,128,0,"[0,0,13,-7,13,-7,12,-7,13,-8,12,-7,12,-8,11,-8,11,-8,10,-8,10,-9,9,-9,9,-9,9,-10,8,-10,8,-11,8,-11,9,-11,9,-11,9,-11,10,-11,10,-11,10,-10,11,-9,11,-8,11,-8,11,-7,0,0,0,0,0,0,0,0,0,0,0,0,0,0,0,0,0,0,0,0,0,0,8,-7,8,-6,9,-6,10,-5,11,-5,11,-5,12,-4,12,-4,12,-4,12,-3,12,-3,12,-2,12,-2,12,-3,11,-3,11,-4,11,-4,12,-5,12,-5,12,-6,12,-6,12,-7,13,-7,13,-7,13,-7,13,-7]"
2025-08-18 22:42:46.710955,CSI_DATA,1125,1a:00:00:00:00:00,-42,11,0,0,0,0,0,0,0,0,0,-94,0,1,0,192807788,0,31,0,128,0,"[0,0,0,14,0,14,0,14,1,13,1,13,1,13,1,12,2,12,2,12,3,11,3,11,3,11,4,11,4,11,5,11,5,11,5,12,5,12,5,12,4,12,4,12,3,12,3,13,2,13,1,12,0,12,0,0,0,0,0,0,0,0,0,0,0,0,0,0,0,0,0,0,0,0,0,0,2,9,2,10,1,10,0,10,0,11,-1,11,-1,12,-2,12,-2,12,-3,11,-3,11,-3,11,-3,11,-3,11,-3,11,-2,11,-2,11,-1,11,-1,12,0,12,0,12,0,13,0,13,0,14,0,14,1,13]"
2025-08-18 22:42:46.921896,CSI_DATA,1126,1a:00:00:00:00:00,-42,11,0,0,0,0,0,0,0,0,0,-94,0,1,0,193009422,0,31,0,128,0,"[0,0,-11,-10,-11,-11,-10,-10,-10,-10,-10,-9,-10,-9,-10,-9,-11,-8,-11,-7,-11,-7,-11,-7,-11,-6,-11,-6,-12,-5,-13,-5,-12,-5,-13,-6,-13,-5,-13,-6,-13,-6,-13,-6,-12,-7,-12,-8,-11,-8,-11,-8,-10,-9,0,0,0,0,0,0,0,0,0,0,0,0,0,0,0,0,0,0,0,0,0,0,-8,-7,-8,-7,-8,-8,-7,-9,-7,-10,-7,-10,-7,-11,-7,-11,-6,-11,-6,-12,-6,-11,-5,-11,-5,-11,-6,-11,-6,-10,-6,-11,-7,-10,-8,-10,-8,-10,-9,-10,-9,-10,-9,-10,-10,-10,-10,-11,-10,-11,-10,-11]"
2025-08-18 22:42:47.123690,CSI_DATA,1127,1a:00:00:00:00:00,-42,11,0,0,0,0,0,0,0,0,0,-94,0,1,0,193210357,0,31,0,128,0,"[0,0,7,-14,7,-13,7,-13,7,-13,6,-13,6,-13,5,-13,5,-13,4,-13,3,-13,3,-13,2,-13,2,-13,1,-14,1,-14,1,-14,1,-15,1,-15,2,-15,2,-15,2,-15,3,-14,3,-14,4,-14,5,-13,5,-13,0,0,0,0,0,0,0,0,0,0,0,0,0,0,0,0,0,0,0,0,0,0,3,-10,4,-10,6,-10,6,-10,7,-10,7,-10,8,-10,8,-10,9,-9,9,-9,9,-9,9,-8,9,-9,9,-9,8,-9,8,-9,8,-10,7,-10,7,-11,7,-11,7,-12,7,-12,7,-13,7,-13,7,-13,7,-14]"
2025-08-18 22:42:47.318780,CSI_DATA,1128,1a:00:00:00:00:00,-42,11,0,0,0,0,0,0,0,0,0,-94,0,1,0,193411294,0,31,0,128,0,"[0,0,-15,3,-14,3,-14,3,-14,3,-14,3,-13,3,-13,4,-12,4,-12,4,-11,5,-11,6,-11,6,-11,6,-11,7,-11,7,-11,8,-11,7,-11,8,-12,8,-12,7,-12,7,-12,6,-12,5,-12,5,-12,4,-13,3,0,0,0,0,0,0,0,0,0,0,0,0,0,0,0,0,0,0,0,0,0,0,-10,3,-10,3,-11,2,-11,2,-12,1,-12,1,-13,0,-13,0,-13,-1,-12,-1,-13,-1,-12,-1,-12,-1,-12,-1,-12,-1,-12,0,-13,0,-12,1,-13,1,-13,2,-13,2,-14,2,-14,3,-14,3,-14,3,-14,3]"
2025-08-18 22:42:47.511892,CSI_DATA,1129,1a:00:00:00:00:00,-42,11,0,0,0,0,0,0,0,0,0,-94,0,1,0,193612440,0,31,0,128,0,"[0,0,10,10,9,10,9,9,10,9,10,9,9,9,9,8,9,8,9,7,10,6,10,6,10,5,11,5,11,5,12,5,11,5,12,5,12,5,12,6,12,6,11,7,11,7,11,8,10,8,9,8,9,8,0,0,0,0,0,0,0,0,0,0,0,0,0,0,0,0,0,0,0,0,0,0,8,5,8,5,8,7,7,7,7,8,7,8,7,9,6,9,6,10,6,10,6,10,5,10,6,10,6,9,6,9,6,9,6,9,7,9,7,9,8,9,8,9,9,9,10,9,10,9,10,10,10,9]"
2025-08-18 22:42:47.725049,CSI_DATA,1130,1a:00:00:00:00:00,-42,11,0,0,0,0,0,0,0,0,0,-94,0,1,0,193813808,0,31,0,128,0,"[0,0,-9,-12,-10,-12,-9,-11,-9,-12,-9,-11,-9,-11,-9,-10,-9,-10,-10,-9,-10,-9,-10,-8,-10,-8,-11,-8,-11,-7,-12,-7,-12,-7,-12,-8,-12,-8,-12,-8,-12,-8,-11,-9,-11,-9,-10,-10,-10,-10,-9,-10,-8,-11,0,0,0,0,0,0,0,0,0,0,0,0,0,0,0,0,0,0,0,0,0,0,-8,-7,-8,-8,-7,-9,-7,-9,-7,-10,-7,-10,-6,-11,-6,-11,-6,-12,-5,-12,-5,-12,-5,-12,-5,-11,-5,-11,-5,-11,-6,-11,-6,-11,-7,-11,-7,-11,-8,-11,-8,-11,-8,-11,-9,-11,-9,-12,-9,-12,-9,-12]"
2025-08-18 22:42:47.926119,CSI_DATA,1131,1a:00:00:00:00:00,-42,11,0,0,0,0,0,0,0,0,0,-94,0,1,0,194014860,0,31,0,128,0,"[0,0,-10,-11,-9,-12,-9,-11,-9,-11,-9,-11,-9,-10,-9,-10,-10,-9,-10,-8,-10,-8,-10,-8,-10,-7,-11,-7,-11,-7,-12,-6,-12,-6,-12,-7,-12,-7,-13,-7,-12,-7,-12,-8,-12,-8,-11,-9,-11,-9,-10,-9,-9,-9,0,0,0,0,0,0,0,0,0,0,0,0,0,0,0,0,0,0,0,0,0,0,-7,-7,-7,-8,-7,-9,-6,-9,-7,-10,-6,-11,-6,-11,-5,-11,-5,-11,-5,-12,-4,-12,-4,-12,-4,-12,-4,-11,-5,-11,-5,-11,-6,-11,-7,-11,-7,-11,-7,-11,-8,-11,-8,-11,-9,-11,-9,-12,-9,-12,-9,-11]"
2025-08-18 22:42:48.116260,CSI_DATA,1132,1a:00:00:00:00:00,-42,11,0,0,0,0,0,0,0,0,0,-94,0,1,0,194216079,0,31,0,128,0,"[0,0,13,7,12,7,12,6,12,6,12,5,12,5,11,5,12,4,12,4,12,3,12,3,12,2,12,2,12,1,13,1,13,1,13,1,13,1,14,1,14,2,13,2,13,3,12,3,12,4,12,4,11,5,0,0,0,0,0,0,0,0,0,0,0,0,0,0,0,0,0,0,0,0,0,0,9,3,9,4,9,5,9,5,9,6,9,7,9,7,9,8,9,8,8,8,8,8,8,8,8,8,8,8,8,8,8,7,9,7,9,7,10,7,10,7,11,7,11,7,12,6,12,6,12,7,13,7]"
