timestamp,type,id,mac,rssi,rate,sig_mode,mcs,bandwidth,smoothing,not_sounding,aggregation,stbc,fec_coding,sgi,noise_floor,ampdu_cnt,channel,secondary_channel,local_timestamp,ant,sig_len,rx_state,len,first_word,data
2025-08-18 22:31:15.366852,CSI_DATA,428,1a:00:00:00:00:00,-43,11,0,0,0,0,0,0,0,0,0,-94,0,1,0,74427550,0,31,0,128,0,"[0,0,-10,-11,-10,-11,-10,-10,-11,-10,-11,-10,-10,-9,-11,-9,-11,-9,-11,-8,-11,-8,-12,-7,-12,-7,-12,-7,-12,-7,-13,-6,-13,-6,-13,-7,-13,-7,-13,-8,-12,-8,-12,-8,-11,-8,-10,-9,-10,-9,-9,-9,-8,-9,0,0,0,0,0,0,0,0,0,0,0,0,0,0,0,0,0,0,0,0,0,0,-8,-6,-8,-7,-8,-7,-7,-8,-7,-9,-7,-10,-7,-10,-7,-11,-6,-11,-6,-11,-6,-11,-5,-12,-5,-11,-6,-11,-6,-11,-6,-11,-7,-11,-7,-11,-8,-11,-8,-11,-8,-11,-9,-11,-9,-11,-10,-11,-10,-11,-10,-11]"
2025-08-18 22:31:15.387196,CSI_DATA,429,1a:00:00:00:00:00,-43,11,0,0,0,0,0,0,0,0,0,-94,0,1,0,74628828,0,31,0,128,0,"[0,0,14,2,13,1,13,1,14,1,13,0,13,0,13,0,13,-1,12,-1,12,-2,12,-2,12,-3,12,-3,12,-3,13,-4,13,-4,13,-3,13,-3,13,-3,13,-2,13,-2,12,-1,12,-1,12,0,11,1,11,1,0,0,0,0,0,0,0,0,0,0,0,0,0,0,0,0,0,0,0,0,0,0,9,-1,9,0,10,0,10,1,10,2,10,2,11,3,10,4,10,4,10,5,10,5,10,5,10,5,10,4,10,4,10,4,11,3,11,3,11,3,12,3,12,2,12,2,13,2,13,2,13,2,14,1]"
2025-08-18 22:31:15.469105,CSI_DATA,430,1a:00:00:00:00:00,-43,11,0,0,0,0,0,0,0,0,0,-94,0,1,0,74689130,0,42,0,128,0,"[0,0,7,-13,7,-13,7,-13,7,-13,6,-13,6,-13,5,-13,5,-13,4,-13,4,-13,4,-13,3,-13,3,-14,3,-14,2,-14,3,-14,3,-14,3,-14,4,-14,4,-14,4,-13,5,-13,5,-13,6,-12,6,-11,6,-10,0,0,0,0,0,0,0,0,0,0,0,0,0,0,0,0,0,0,0,0,0,0,3,-9,4,-10,5,-9,6,-10,6,-10,7,-10,8,-9,8,-9,8,-9,9,-9,9,-8,9,-9,9,-9,8,-9,9,-9,8,-9,8,-9,7,-10,8,-10,7,-11,7,-11,7,-11,7,-12,7,-12,7,-12,7,-13]"
2025-08-18 22:31:15.512476,CSI_DATA,431,1a:00:00:00:00:00,-43,11,0,0,0,0,0,0,0,0,0,-94,0,1,0,74757037,0,31,0,128,0,"[0,0,-15,-2,-15,-2,-15,-2,-15,-1,-14,-1,-14,-1,-14,0,-14,0,-14,1,-14,1,-13,2,-13,2,-13,2,-13,3,-14,3,-14,3,-14,3,-14,3,-15,3,-14,2,-14,1,-14,1,-13,0,-13,0,-13,-1,-13,-2,0,0,0,0,0,0,0,0,0,0,0,0,0,0,0,0,0,0,0,0,0,0,-10,-1,-10,-1,-11,-2,-11,-3,-11,-3,-12,-4,-12,-5,-12,-5,-12,-5,-11,-6,-11,-6,-11,-6,-11,-6,-11,-6,-11,-6,-12,-5,-12,-5,-12,-4,-12,-4,-13,-4,-13,-3,-13,-3,-14,-3,-14,-3,-14,-3,-14,-2]"
2025-08-18 22:31:15.712572,CSI_DATA,432,1a:00:00:00:00:00,-43,11,0,0,0,0,0,0,0,0,0,-94,0,1,0,74958105,0,31,0,128,0,"[0,0,-1,-15,-1,-15,-1,-15,-1,-15,-2,-15,-2,-14,-2,-14,-3,-14,-3,-13,-4,-13,-4,-13,-5,-13,-5,-13,-5,-13,-5,-13,-5,-13,-5,-14,-5,-14,-4,-14,-4,-14,-3,-14,-2,-14,-2,-13,-2,-13,-1,-12,0,-12,0,0,0,0,0,0,0,0,0,0,0,0,0,0,0,0,0,0,0,0,0,0,-3,-10,-2,-10,-1,-11,-1,-11,0,-12,0,-12,1,-13,2,-13,2,-13,3,-13,3,-13,3,-12,2,-12,2,-13,2,-12,2,-12,2,-12,1,-13,1,-13,1,-13,0,-14,0,-14,-1,-14,-1,-15,-1,-15,-1,-15]"
2025-08-18 22:31:15.915523,CSI_DATA,433,1a:00:00:00:00:00,-43,11,0,0,0,0,0,0,0,0,0,-94,0,1,0,75159272,0,31,0,128,0,"[0,0,-15,-1,-15,-1,-15,-1,-14,-1,-15,0,-14,0,-14,0,-13,1,-14,1,-13,2,-13,2,-13,3,-13,3,-13,4,-13,3,-14,4,-13,4,-14,3,-14,3,-14,2,-14,2,-13,1,-13,0,-13,0,-13,-1,-13,-1,0,0,0,0,0,0,0,0,0,0,0,0,0,0,0,0,0,0,0,0,0,0,-10,1,-11,0,-11,0,-12,-1,-12,-2,-12,-2,-13,-3,-13,-4,-13,-4,-12,-4,-12,-5,-12,-5,-12,-5,-12,-5,-12,-4,-12,-4,-13,-4,-13,-3,-13,-3,-13,-2,-13,-2,-14,-2,-14,-1,-14,-1,-15,-1,-15,-1]"
2025-08-18 22:31:16.119683,CSI_DATA,434,1a:00:00:00:00:00,-42,11,0,0,0,0,0,0,0,0,0,-94,0,1,0,75360516,0,31,0,128,0,"[0,0,-8,12,-8,11,-8,12,-7,11,-7,12,-7,11,-6,12,-5,12,-5,11,-4,11,-4,12,-3,12,-3,12,-3,13,-3,12,-3,13,-3,13,-4,13,-4,13,-4,13,-5,12,-5,12,-5,11,-6,11,-6,10,-7,10,0,0,0,0,0,0,0,0,0,0,0,0,0,0,0,0,0,0,0,0,0,0,-4,9,-5,9,-6,9,-7,10,-7,9,-8,9,-9,9,-10,9,-10,9,-10,8,-10,8,-10,8,-10,8,-10,8,-10,8,-9,8,-9,9,-9,9,-9,9,-9,10,-9,10,-9,10,-8,11,-8,12,-8,12,-8,12]"
2025-08-18 22:31:16.312453,CSI_DATA,435,1a:00:00:00:00:00,-43,11,0,0,0,0,0,0,0,0,0,-94,0,1,0,75561642,0,31,0,128,0,"[0,0,-14,5,-13,4,-13,5,-13,5,-13,5,-12,5,-12,5,-11,6,-11,6,-10,7,-10,8,-10,8,-10,8,-10,9,-10,8,-10,9,-10,9,-10,9,-11,8,-11,8,-11,7,-11,7,-11,6,-11,6,-11,5,-11,4,0,0,0,0,0,0,0,0,0,0,0,0,0,0,0,0,0,0,0,0,0,0,-9,5,-10,5,-11,4,-12,3,-12,3,-13,2,-13,1,-14,1,-14,0,-13,0,-14,0,-13,0,-13,0,-13,0,-13,0,-13,0,-13,1,-13,2,-13,2,-13,2,-13,3,-13,3,-13,4,-13,4,-14,4,-14,5]"
2025-08-18 22:31:16.511874,CSI_DATA,436,1a:00:00:00:00:00,-43,11,0,0,0,0,0,0,0,0,0,-94,0,1,0,75763003,0,31,0,128,0,"[0,0,13,0,13,-1,12,-1,13,-1,12,-2,12,-2,12,-2,12,-3,12,-3,12,-4,11,-4,11,-5,11,-5,11,-5,12,-6,12,-6,12,-6,12,-5,13,-5,13,-5,13,-4,13,-3,12,-3,12,-2,12,-1,12,0,0,0,0,0,0,0,0,0,0,0,0,0,0,0,0,0,0,0,0,0,0,0,10,-2,10,-1,11,0,11,0,12,1,12,2,12,3,12,3,12,4,12,4,11,4,11,5,11,4,11,4,11,4,11,4,11,3,12,3,11,2,12,2,12,2,12,1,13,1,13,0,13,0,13,0]"
2025-08-18 22:31:16.711523,CSI_DATA,437,1a:00:00:00:00:00,-43,11,0,0,0,0,0,0,0,0,0,-94,0,1,0,75964615,0,31,0,128,0,"[0,0,4,13,4,12,5,12,5,12,5,12,6,11,6,11,6,10,7,10,8,9,8,9,8,9,9,9,9,9,10,9,10,9,10,9,10,9,10,10,9,11,9,11,8,11,7,11,7,11,6,11,5,11,0,0,0,0,0,0,0,0,0,0,0,0,0,0,0,0,0,0,0,0,0,0,4,10,3,10,2,11,2,12,1,12,1,12,0,13,-1,13,-1,13,-1,13,-1,13,-1,12,-1,12,-1,12,-1,12,-1,12,0,12,1,12,1,12,1,12,2,12,2,12,3,12,4,13,4,13,4,12]"
2025-08-18 22:31:16.921072,CSI_DATA,438,1a:00:00:00:00:00,-43,11,0,0,0,0,0,0,0,0,0,-94,0,1,0,76165260,0,31,0,128,0,"[0,0,-4,-13,-4,-14,-4,-13,-5,-13,-6,-13,-6,-12,-6,-12,-6,-12,-7,-11,-8,-11,-8,-11,-8,-10,-9,-10,-9,-10,-10,-10,-10,-11,-10,-11,-10,-11,-10,-12,-9,-12,-9,-12,-8,-12,-7,-12,-6,-13,-6,-12,-5,-12,0,0,0,0,0,0,0,0,0,0,0,0,0,0,0,0,0,0,0,0,0,0,-5,-11,-4,-12,-4,-12,-3,-13,-2,-13,-2,-14,-1,-14,-1,-14,0,-14,1,-14,1,-14,1,-14,1,-14,1,-13,0,-13,0,-13,0,-13,-1,-13,-2,-13,-2,-13,-2,-13,-3,-14,-4,-13,-4,-14,-4,-14,-4,-14]"
2025-08-18 22:31:16.971345,CSI_DATA,439,1a:00:00:00:00:00,-43,11,0,0,0,0,0,0,0,0,0,-94,0,1,0,76225736,0,42,0,128,0,"[0,0,10,10,9,10,9,9,10,9,10,8,10,8,10,7,10,7,10,6,10,5,11,5,11,5,11,5,12,5,12,4,12,4,13,4,13,5,13,5,12,5,12,6,11,7,11,7,10,7,9,7,9,8,0,0,0,0,0,0,0,0,0,0,0,0,0,0,0,0,0,0,0,0,0,0,8,6,8,7,8,9,8,9,7,10,7,11,7,12,6,12,5,12,5,12,5,12,4,12,5,12,5,12,5,12,5,11,5,11,6,11,6,11,7,11,7,10,8,10,8,10,9,10,9,10,9,10]"
2025-08-18 22:31:17.042915,CSI_DATA,440,1a:00:00:00:00:00,-44,11,0,0,0,0,0,0,0,0,0,-94,0,1,0,76293008,0,31,0,128,0,"[0,0,12,-5,12,-6,11,-5,11,-6,11,-6,10,-6,10,-7,10,-7,9,-8,9,-8,8,-8,8,-9,8,-10,8,-10,8,-10,8,-10,8,-11,9,-11,9,-11,9,-10,10,-10,9,-9,10,-8,10,-8,10,-7,10,-6,0,0,0,0,0,0,0,0,0,0,0,0,0,0,0,0,0,0,0,0,0,0,9,-5,10,-5,11,-4,11,-4,12,-3,13,-2,13,-2,13,-1,13,-1,13,0,13,0,13,1,13,0,12,0,12,0,12,-1,12,-1,12,-2,12,-2,12,-3,12,-3,12,-4,13,-4,12,-4,12,-4,13,-4]"
2025-08-18 22:31:17.249150,CSI_DATA,441,1a:00:00:00:00:00,-43,11,0,0,0,0,0,0,0,0,0,-94,0,1,0,76494046,0,31,0,128,0,"[0,0,-14,-2,-14,-1,-14,-1,-14,-1,-14,-1,-13,0,-13,0,-13,1,-13,1,-13,2,-13,2,-13,3,-13,3,-13,4,-14,4,-14,4,-14,4,-15,4,-15,3,-15,3,-15,2,-15,1,-14,1,-14,0,-14,-1,-14,-2,0,0,0,0,0,0,0,0,0,0,0,0,0,0,0,0,0,0,0,0,0,0,-11,-1,-11,-2,-11,-3,-12,-3,-12,-4,-12,-5,-12,-5,-12,-6,-12,-6,-11,-7,-11,-7,-11,-7,-11,-7,-11,-6,-11,-6,-11,-6,-11,-5,-12,-5,-12,-4,-12,-4,-13,-4,-13,-3,-14,-3,-14,-2,-14,-2,-14,-2]"
2025-08-18 22:31:17.447755,CSI_DATA,442,1a:00:00:00:00:00,-43,11,0,0,0,0,0,0,0,0,0,-94,0,1,0,76697605,0,31,0,128,0,"[0,0,13,-2,13,-3,13,-3,13,-3,13,-4,12,-4,12,-4,12,-5,11,-5,11,-6,11,-7,11,-7,11,-7,11,-7,11,-8,11,-8,12,-8,13,-8,13,-8,13,-7,13,-6,13,-6,12,-5,12,-4,12,-3,12,-3,0,0,0,0,0,0,0,0,0,0,0,0,0,0,0,0,0,0,0,0,0,0,9,-3,10,-2,10,-2,11,-1,11,0,11,0,12,1,12,2,12,2,11,2,11,3,11,3,11,2,11,2,11,1,11,2,11,1,11,1,12,0,12,0,12,-1,12,-1,13,-2,13,-2,13,-2,13,-3]"
2025-08-18 22:31:17.656643,CSI_DATA,443,1a:00:00:00:00:00,-43,11,0,0,0,0,0,0,0,0,0,-94,0,1,0,76896486,0,31,0,128,0,"[0,0,13,-5,12,-6,13,-6,12,-6,12,-7,12,-6,11,-7,11,-7,11,-7,10,-8,10,-9,9,-10,9,-10,9,-10,9,-10,10,-10,10,-10,11,-10,11,-10,11,-9,11,-9,11,-8,11,-7,11,-7,11,-6,11,-5,0,0,0,0,0,0,0,0,0,0,0,0,0,0,0,0,0,0,0,0,0,0,9,-5,10,-5,10,-4,11,-4,11,-3,12,-2,12,-1,12,-1,12,0,12,0,12,0,12,0,12,0,12,-1,12,-1,11,-1,12,-1,11,-2,12,-3,12,-3,12,-3,12,-4,12,-4,12,-5,13,-5,13,-5]"
2025-08-18 22:31:17.848032,CSI_DATA,444,1a:00:00:00:00:00,-43,11,0,0,0,0,0,0,0,0,0,-94,0,1,0,77097700,0,31,0,128,0,"[0,0,7,-13,6,-13,6,-13,6,-12,6,-13,5,-13,5,-13,4,-13,4,-13,3,-13,3,-13,2,-13,2,-14,2,-14,2,-14,2,-15,2,-15,2,-15,3,-15,3,-15,4,-14,4,-14,5,-13,5,-13,6,-12,6,-11,0,0,0,0,0,0,0,0,0,0,0,0,0,0,0,0,0,0,0,0,0,0,4,-10,5,-10,6,-10,7,-10,7,-9,8,-9,8,-9,9,-9,9,-9,9,-8,10,-8,10,-7,10,-8,9,-8,9,-8,8,-8,8,-9,8,-9,8,-10,7,-10,7,-11,7,-11,7,-11,7,-12,7,-12,7,-12]"
2025-08-18 22:31:18.055796,CSI_DATA,445,1a:00:00:00:00:00,-43,11,0,0,0,0,0,0,0,0,0,-94,0,1,0,77298893,0,31,0,128,0,"[0,0,-6,-13,-6,-13,-6,-13,-7,-12,-7,-12,-7,-12,-7,-12,-7,-11,-8,-11,-8,-10,-9,-10,-9,-9,-10,-9,-10,-9,-10,-9,-10,-9,-10,-10,-10,-10,-10,-11,-9,-11,-9,-11,-8,-11,-8,-11,-7,-11,-7,-11,-6,-11,0,0,0,0,0,0,0,0,0,0,0,0,0,0,0,0,0,0,0,0,0,0,-6,-9,-6,-10,-5,-10,-4,-11,-4,-12,-4,-12,-3,-13,-2,-13,-2,-13,-2,-13,-2,-13,-1,-13,-2,-13,-2,-12,-2,-12,-2,-12,-3,-12,-3,-12,-4,-13,-4,-13,-4,-13,-5,-13,-5,-13,-6,-13,-6,-13,-6,-13]"
2025-08-18 22:31:18.255644,CSI_DATA,446,1a:00:00:00:00:00,-43,11,0,0,0,0,0,0,0,0,0,-94,0,1,0,77500049,0,31,0,128,0,"[0,0,-8,-13,-8,-13,-8,-13,-8,-12,-8,-12,-8,-11,-8,-11,-9,-10,-9,-10,-10,-9,-10,-9,-10,-8,-10,-8,-11,-8,-11,-8,-12,-8,-12,-9,-12,-9,-12,-9,-11,-9,-11,-10,-10,-10,-9,-10,-9,-10,-8,-10,-7,-10,0,0,0,0,0,0,0,0,0,0,0,0,0,0,0,0,0,0,0,0,0,0,-7,-9,-7,-10,-6,-10,-6,-11,-5,-12,-5,-12,-4,-13,-4,-13,-4,-13,-3,-13,-3,-13,-3,-13,-3,-13,-3,-13,-3,-13,-4,-12,-4,-12,-5,-12,-5,-13,-6,-12,-6,-13,-6,-13,-7,-13,-8,-13,-7,-13,-8,-13]"
2025-08-18 22:31:18.452175,CSI_DATA,447,1a:00:00:00:00:00,-42,11,0,0,0,0,0,0,0,0,0,-94,0,1,0,77701179,0,31,0,128,0,"[0,0,-14,5,-14,5,-14,5,-14,6,-13,6,-13,6,-12,6,-12,7,-12,7,-11,8,-11,8,-10,8,-11,8,-10,9,-11,9,-10,9,-11,9,-11,9,-12,9,-12,8,-12,7,-12,6,-12,6,-12,6,-12,4,-12,4,0,0,0,0,0,0,0,0,0,0,0,0,0,0,0,0,0,0,0,0,0,0,-9,5,-10,5,-11,4,-11,4,-12,3,-12,3,-13,2,-13,2,-13,1,-13,1,-13,1,-13,1,-13,1,-13,1,-13,1,-13,1,-13,2,-13,2,-13,3,-13,3,-13,4,-13,4,-14,5,-14,5,-14,5,-14,5]"
2025-08-18 22:31:18.531343,CSI_DATA,448,1a:00:00:00:00:00,-42,11,0,0,0,0,0,0,0,0,0,-94,0,1,0,77761605,0,42,0,128,0,"[0,0,-12,-10,-12,-10,-12,-9,-12,-9,-12,-9,-12,-8,-12,-8,-12,-7,-12,-7,-12,-6,-13,-6,-13,-5,-13,-5,-13,-5,-13,-5,-14,-5,-14,-5,-14,-6,-14,-6,-13,-7,-13,-7,-12,-7,-12,-7,-11,-7,-10,-8,-10,-8,0,0,0,0,0,0,0,0,0,0,0,0,0,0,0,0,0,0,0,0,0,0,-9,-6,-9,-7,-9,-8,-9,-8,-8,-9,-8,-10,-8,-10,-8,-11,-7,-11,-7,-11,-7,-11,-7,-11,-7,-11,-7,-11,-7,-11,-7,-11,-8,-10,-8,-10,-9,-10,-9,-10,-10,-10,-10,-10,-11,-9,-11,-9,-11,-10,-12,-10]"
2025-08-18 22:31:18.580313,CSI_DATA,449,1a:00:00:00:00:00,-42,11,0,0,0,0,0,0,0,0,0,-94,0,1,0,77828384,0,31,0,128,0,"[0,0,-15,1,-14,1,-14,1,-14,2,-14,2,-14,2,-13,2,-13,3,-13,3,-12,4,-12,5,-12,5,-12,5,-12,6,-12,6,-13,6,-13,6,-13,6,-14,5,-14,4,-14,4,-14,3,-13,3,-13,2,-13,2,-13,1,0,0,0,0,0,0,0,0,0,0,0,0,0,0,0,0,0,0,0,0,0,0,-10,2,-10,1,-11,1,-11,0,-11,0,-12,-1,-12,-2,-13,-2,-12,-3,-12,-3,-12,-3,-12,-3,-12,-3,-12,-3,-12,-3,-12,-3,-12,-2,-12,-2,-13,-1,-13,-1,-13,-1,-13,0,-14,1,-14,1,-14,1,-14,1]"
2025-08-18 22:31:18.779351,CSI_DATA,450,1a:00:00:00:00:00,-42,11,0,0,0,0,0,0,0,0,0,-94,0,1,0,78029958,0,31,0,128,0,"[0,0,12,-7,11,-7,12,-8,11,-7,11,-8,10,-8,10,-8,9,-9,9,-9,8,-9,8,-9,8,-10,7,-10,8,-11,7,-11,8,-12,7,-11,8,-11,8,-11,8,-11,9,-10,9,-10,9,-9,9,-8,9,-7,9,-7,0,0,0,0,0,0,0,0,0,0,0,0,0,0,0,0,0,0,0,0,0,0,7,-6,8,-6,8,-5,10,-5,10,-5,11,-5,11,-4,12,-4,12,-3,12,-3,12,-2,12,-2,12,-2,12,-3,12,-3,11,-3,12,-4,11,-4,12,-5,12,-5,12,-6,12,-6,12,-6,12,-7,12,-7,13,-7]"
2025-08-18 22:31:18.979755,CSI_DATA,451,1a:00:00:00:00:00,-42,11,0,0,0,0,0,0,0,0,0,-94,0,1,0,78230834,0,31,0,128,0,"[0,0,-2,14,-2,14,-1,13,-1,14,-1,13,-1,13,0,13,1,13,1,12,2,12,2,12,3,12,3,12,3,12,4,13,4,13,4,14,3,13,3,14,3,14,2,14,1,14,0,14,0,13,-1,12,-1,12,0,0,0,0,0,0,0,0,0,0,0,0,0,0,0,0,0,0,0,0,0,0,-1,9,-1,9,-2,10,-3,10,-3,11,-4,10,-5,11,-5,11,-5,11,-6,11,-6,10,-6,10,-6,10,-6,10,-6,10,-5,11,-5,10,-4,11,-4,11,-4,12,-3,12,-3,12,-3,13,-3,13,-2,13,-2,14]"
2025-08-18 22:31:19.182110,CSI_DATA,452,1a:00:00:00:00:00,-43,11,0,0,0,0,0,0,0,0,0,-94,0,1,0,78431991,0,31,0,128,0,"[0,0,14,-2,13,-2,13,-2,13,-3,13,-3,12,-3,12,-3,12,-4,11,-4,11,-5,11,-5,11,-6,11,-6,11,-7,11,-7,12,-7,11,-7,12,-7,12,-7,12,-6,13,-5,12,-5,12,-4,12,-3,12,-3,12,-2,0,0,0,0,0,0,0,0,0,0,0,0,0,0,0,0,0,0,0,0,0,0,9,-3,10,-2,10,-2,11,-1,11,-1,12,0,12,1,12,1,12,2,12,3,12,3,12,3,11,3,11,3,11,2,11,2,12,1,12,1,12,0,12,0,12,0,13,-1,13,-1,13,-1,13,-1,14,-2]"
2025-08-18 22:31:19.397836,CSI_DATA,453,1a:00:00:00:00:00,-43,11,0,0,0,0,0,0,0,0,0,-94,0,1,0,78633129,0,31,0,128,0,"[0,0,11,-9,10,-10,9,-10,9,-10,9,-10,8,-10,8,-10,8,-11,7,-10,6,-11,6,-11,6,-12,5,-12,5,-12,5,-12,5,-12,6,-12,6,-12,6,-12,6,-12,7,-12,7,-11,7,-11,7,-10,8,-9,8,-9,0,0,0,0,0,0,0,0,0,0,0,0,0,0,0,0,0,0,0,0,0,0,6,-9,7,-9,8,-8,9,-8,10,-8,10,-8,11,-7,11,-7,12,-6,12,-6,11,-6,12,-6,11,-6,11,-6,11,-6,11,-6,11,-6,10,-7,10,-7,11,-8,10,-8,11,-8,11,-9,10,-10,10,-10,11,-10]"
2025-08-18 22:31:19.578117,CSI_DATA,454,1a:00:00:00:00:00,-42,11,0,0,0,0,0,0,0,0,0,-94,0,1,0,78834274,0,31,0,128,0,"[0,0,9,10,9,9,10,9,9,9,10,9,10,8,10,8,10,8,10,7,10,6,11,6,11,6,11,5,11,5,12,5,12,5,12,6,12,6,12,6,11,7,11,7,10,7,9,8,9,8,8,8,8,8,0,0,0,0,0,0,0,0,0,0,0,0,0,0,0,0,0,0,0,0,0,0,7,5,7,6,7,7,7,8,7,8,6,9,6,10,6,10,5,11,5,11,5,11,5,11,5,11,5,10,5,10,5,10,6,10,6,9,7,10,7,10,8,10,8,10,9,10,9,10,9,10,10,10]"
2025-08-18 22:31:19.784620,CSI_DATA,455,1a:00:00:00:00:00,-43,11,0,0,0,0,0,0,0,0,0,-94,0,1,0,79035441,0,31,0,128,0,"[0,0,-11,8,-11,8,-11,9,-10,8,-10,9,-10,9,-9,9,-8,9,-8,9,-7,9,-7,10,-7,10,-7,10,-6,11,-7,10,-7,11,-7,11,-8,12,-8,11,-8,11,-9,10,-9,10,-9,9,-9,9,-9,8,-10,7,0,0,0,0,0,0,0,0,0,0,0,0,0,0,0,0,0,0,0,0,0,0,-6,7,-7,7,-8,6,-9,7,-9,6,-10,6,-11,6,-11,5,-11,5,-11,4,-12,4,-12,4,-12,4,-11,5,-11,5,-11,5,-11,5,-10,6,-11,6,-11,6,-11,7,-11,7,-11,7,-11,8,-11,8,-11,8]"
2025-08-18 22:31:19.986436,CSI_DATA,456,1a:00:00:00:00:00,-42,11,0,0,0,0,0,0,0,0,0,-94,0,1,0,79236817,0,31,0,128,0,"[0,0,14,-3,13,-4,13,-4,13,-4,13,-5,12,-5,12,-5,12,-6,12,-6,11,-6,11,-7,11,-7,11,-8,11,-8,11,-8,11,-8,12,-8,12,-8,12,-8,12,-7,13,-6,13,-6,12,-5,12,-4,12,-3,12,-3,0,0,0,0,0,0,0,0,0,0,0,0,0,0,0,0,0,0,0,0,0,0,8,-4,9,-4,9,-3,10,-2,10,-2,11,-2,11,-1,11,-1,11,0,11,0,11,0,11,1,11,0,11,0,11,0,11,0,11,-1,11,-1,12,-2,12,-2,12,-2,13,-3,13,-3,13,-3,13,-3,14,-4]"
2025-08-18 22:31:20.063929,CSI_DATA,457,1a:00:00:00:00:00,-42,11,0,0,0,0,0,0,0,0,0,-94,0,1,0,79297203,0,42,0,128,0,"[0,0,-15,1,-14,1,-14,1,-14,2,-14,2,-14,2,-13,2,-13,3,-13,3,-12,4,-12,5,-12,5,-12,5,-13,6,-12,6,-13,6,-13,6,-13,5,-14,5,-14,5,-14,4,-14,3,-13,3,-13,2,-13,2,-13,1,0,0,0,0,0,0,0,0,0,0,0,0,0,0,0,0,0,0,0,0,0,0,-10,2,-11,1,-10,0,-11,0,-12,-1,-12,-1,-12,-2,-12,-2,-12,-3,-12,-3,-12,-3,-12,-3,-12,-3,-12,-3,-12,-3,-12,-2,-12,-2,-12,-2,-13,-1,-13,-1,-13,-1,-13,0,-14,0,-14,1,-14,1,-14,1]"
2025-08-18 22:31:20.114019,CSI_DATA,458,1a:00:00:00:00:00,-42,11,0,0,0,0,0,0,0,0,0,-94,0,1,0,79364890,0,31,0,128,0,"[0,0,14,-2,14,-3,13,-3,14,-3,13,-3,13,-3,12,-4,12,-4,12,-5,12,-5,12,-6,11,-6,11,-6,11,-6,12,-7,12,-7,13,-7,12,-6,13,-6,13,-6,13,-5,13,-4,13,-3,12,-3,12,-2,12,-1,0,0,0,0,0,0,0,0,0,0,0,0,0,0,0,0,0,0,0,0,0,0,8,-3,8,-3,9,-2,9,-2,10,-1,10,-1,11,0,11,1,11,1,11,2,11,2,11,2,11,1,11,1,11,1,11,1,11,0,12,0,11,0,12,-1,12,-1,12,-2,13,-2,13,-2,13,-2,13,-2]"
2025-08-18 22:31:20.315765,CSI_DATA,459,1a:00:00:00:00:00,-42,11,0,0,0,0,0,0,0,0,0,-94,0,1,0,79565960,0,31,0,128,0,"[0,0,10,-10,10,-10,10,-11,9,-10,9,-11,8,-11,8,-11,7,-11,7,-11,6,-12,6,-12,6,-12,6,-12,5,-13,5,-13,6,-13,6,-13,6,-13,6,-13,7,-13,7,-13,7,-12,8,-11,8,-10,8,-10,9,-9,0,0,0,0,0,0,0,0,0,0,0,0,0,0,0,0,0,0,0,0,0,0,6,-7,6,-7,7,-7,8,-7,8,-7,9,-6,9,-6,10,-6,10,-6,10,-5,10,-5,10,-5,10,-5,10,-5,10,-5,10,-6,10,-6,10,-7,10,-7,10,-8,9,-8,10,-9,10,-9,10,-9,10,-10,10,-10]"
2025-08-18 22:31:20.519009,CSI_DATA,460,1a:00:00:00:00:00,-42,11,0,0,0,0,0,0,0,0,0,-94,0,1,0,79767109,0,31,0,128,0,"[0,0,14,-6,13,-6,13,-6,13,-6,13,-7,12,-7,12,-7,12,-8,11,-8,11,-8,11,-9,10,-9,10,-10,11,-10,11,-10,11,-10,11,-10,12,-10,12,-10,12,-9,12,-9,12,-8,12,-7,12,-6,12,-6,12,-5,0,0,0,0,0,0,0,0,0,0,0,0,0,0,0,0,0,0,0,0,0,0,8,-5,9,-5,9,-4,10,-3,10,-3,11,-3,11,-2,11,-2,12,-1,11,-1,12,-1,12,-1,12,-1,11,-1,12,-1,11,-1,12,-2,11,-3,12,-3,12,-4,12,-4,13,-5,12,-5,13,-5,13,-5,14,-6]"
2025-08-18 22:31:20.723325,CSI_DATA,461,1a:00:00:00:00:00,-42,11,0,0,0,0,0,0,0,0,0,-94,0,1,0,79968294,0,31,0,128,0,"[0,0,1,-15,0,-15,0,-14,0,-14,0,-14,-1,-14,-1,-14,-1,-14,-2,-14,-2,-13,-3,-13,-3,-13,-4,-14,-4,-14,-4,-14,-4,-14,-4,-14,-3,-14,-3,-14,-2,-15,-2,-15,-1,-14,-1,-14,0,-13,1,-13,1,-13,0,0,0,0,0,0,0,0,0,0,0,0,0,0,0,0,0,0,0,0,0,0,-1,-9,0,-10,0,-10,1,-11,1,-11,2,-11,3,-11,3,-11,4,-11,4,-11,4,-11,4,-11,4,-11,4,-11,4,-11,3,-11,3,-12,2,-12,2,-12,2,-13,2,-13,1,-13,1,-14,1,-14,1,-14,1,-15]"
2025-08-18 22:31:20.938135,CSI_DATA,462,1a:00:00:00:00:00,-43,11,0,0,0,0,0,0,0,0,0,-94,0,1,0,80169446,0,31,0,128,0,"[0,0,-15,-4,-14,-4,-15,-4,-14,-4,-14,-3,-14,-3,-14,-3,-14,-2,-14,-1,-14,-1,-14,0,-14,0,-14,0,-14,1,-14,1,-15,1,-15,1,-15,0,-15,0,-15,-1,-15,-1,-14,-2,-14,-2,-14,-3,-13,-3,-13,-4,0,0,0,0,0,0,0,0,0,0,0,0,0,0,0,0,0,0,0,0,0,0,-10,-1,-10,-2,-10,-3,-11,-3,-11,-4,-11,-5,-11,-6,-11,-6,-11,-6,-11,-7,-11,-7,-11,-7,-11,-7,-11,-7,-11,-6,-11,-6,-11,-6,-12,-5,-12,-5,-12,-5,-13,-5,-13,-5,-14,-4,-14,-4,-14,-4,-15,-4]"
2025-08-18 22:31:21.121805,CSI_DATA,463,1a:00:00:00:00:00,-42,11,0,0,0,0,0,0,0,0,0,-94,0,1,0,80370825,0,31,0,128,0,"[0,0,14,-6,13,-6,13,-6,13,-6,12,-6,12,-6,12,-7,11,-7,11,-8,10,-8,10,-8,10,-9,10,-9,10,-10,10,-10,10,-10,10,-10,11,-10,11,-10,11,-9,11,-8,11,-8,11,-7,11,-6,11,-6,11,-5,0,0,0,0,0,0,0,0,0,0,0,0,0,0,0,0,0,0,0,0,0,0,8,-5,8,-4,9,-4,10,-3,10,-3,11,-2,11,-2,11,-2,11,-1,12,-1,12,-1,12,-1,12,-1,12,-1,11,-1,11,-2,11,-2,11,-3,12,-3,12,-4,12,-4,12,-5,13,-5,13,-5,13,-5,13,-6]"
2025-08-18 22:31:21.321351,CSI_DATA,464,1a:00:00:00:00:00,-43,11,0,0,0,0,0,0,0,0,0,-94,0,1,0,80571873,0,31,0,128,0,"[0,0,-9,11,-9,11,-9,11,-8,11,-8,11,-8,11,-7,11,-6,11,-6,11,-6,11,-5,12,-5,12,-5,12,-4,13,-4,12,-5,13,-5,13,-5,13,-5,13,-6,12,-6,12,-6,12,-7,11,-7,11,-8,10,-8,9,0,0,0,0,0,0,0,0,0,0,0,0,0,0,0,0,0,0,0,0,0,0,-5,8,-6,8,-6,8,-7,8,-8,8,-9,8,-9,8,-10,7,-10,7,-10,7,-10,7,-10,6,-10,7,-10,7,-10,7,-10,7,-10,7,-9,8,-9,8,-9,9,-9,9,-9,10,-9,10,-9,10,-9,11,-9,11]"
2025-08-18 22:31:21.518999,CSI_DATA,465,1a:00:00:00:00:00,-42,11,0,0,0,0,0,0,0,0,0,-94,0,1,0,80773030,0,31,0,128,0,"[0,0,3,14,3,13,3,13,4,13,4,13,4,12,4,12,5,12,5,11,5,11,6,11,6,11,6,11,7,11,7,11,7,11,7,11,7,12,6,12,6,12,5,12,4,12,4,12,3,12,2,12,2,12,0,0,0,0,0,0,0,0,0,0,0,0,0,0,0,0,0,0,0,0,0,0,3,7,3,8,2,9,2,10,1,10,1,11,0,11,0,11,0,11,-1,11,-1,11,-1,11,-1,11,-1,11,-1,11,0,11,0,11,1,11,1,12,2,12,2,12,2,12,3,12,3,13,3,13,3,13]"
2025-08-18 22:31:21.589636,CSI_DATA,466,1a:00:00:00:00:00,-42,11,0,0,0,0,0,0,0,0,0,-94,0,1,0,80833381,0,42,0,128,0,"[0,0,14,3,14,3,14,3,13,2,14,2,13,2,13,1,13,1,13,0,13,-1,13,-1,13,-2,13,-2,14,-2,13,-2,14,-2,14,-2,15,-2,15,-2,14,-1,14,0,14,0,13,1,13,1,12,2,12,3,0,0,0,0,0,0,0,0,0,0,0,0,0,0,0,0,0,0,0,0,0,0,9,1,9,2,9,3,9,3,10,3,10,5,10,5,10,6,10,6,9,6,9,7,9,7,9,7,9,6,10,6,10,6,10,5,10,5,11,4,12,4,12,4,12,4,12,4,13,3,13,4,14,4]"
2025-08-18 22:31:21.651680,CSI_DATA,467,1a:00:00:00:00:00,-43,11,0,0,0,0,0,0,0,0,0,-94,0,1,0,80900881,0,31,0,128,0,"[0,0,-14,4,-14,4,-14,4,-13,4,-13,5,-13,5,-13,5,-12,6,-12,6,-12,6,-11,7,-11,7,-11,8,-11,8,-11,8,-11,8,-12,8,-12,8,-13,8,-13,7,-13,7,-13,6,-12,6,-13,5,-12,4,-12,3,0,0,0,0,0,0,0,0,0,0,0,0,0,0,0,0,0,0,0,0,0,0,-9,3,-10,3,-10,3,-11,2,-11,2,-12,1,-12,0,-12,0,-12,0,-12,-1,-12,-1,-12,-1,-12,-1,-12,0,-12,0,-12,0,-12,0,-12,1,-13,1,-13,2,-13,2,-13,3,-13,3,-13,4,-14,4,-14,4]"
2025-08-18 22:31:21.854776,CSI_DATA,468,1a:00:00:00:00:00,-43,11,0,0,0,0,0,0,0,0,0,-94,0,1,0,81101956,0,31,0,128,0,"[0,0,-15,0,-15,0,-14,0,-14,0,-14,1,-14,1,-14,1,-13,2,-13,2,-13,3,-13,3,-13,4,-13,4,-13,4,-13,5,-14,5,-14,5,-14,5,-15,4,-15,3,-15,3,-14,2,-14,2,-14,1,-14,1,-13,0,0,0,0,0,0,0,0,0,0,0,0,0,0,0,0,0,0,0,0,0,0,0,-9,1,-10,0,-10,-1,-11,-1,-11,-2,-12,-2,-12,-3,-12,-3,-12,-4,-12,-4,-12,-4,-12,-4,-11,-4,-11,-4,-12,-4,-12,-3,-12,-3,-12,-3,-12,-2,-13,-2,-13,-2,-13,-1,-14,-1,-14,-1,-14,0,-14,0]"
2025-08-18 22:31:22.056647,CSI_DATA,469,1a:00:00:00:00:00,-42,11,0,0,0,0,0,0,0,0,0,-94,0,1,0,81303228,0,31,0,128,0,"[0,0,-15,-2,-15,-1,-15,-1,-15,-1,-14,0,-14,0,-14,0,-14,0,-14,1,-14,2,-13,2,-13,3,-14,3,-13,3,-14,4,-14,4,-14,3,-14,3,-15,3,-15,2,-15,1,-14,1,-14,1,-14,0,-13,-1,-13,-2,0,0,0,0,0,0,0,0,0,0,0,0,0,0,0,0,0,0,0,0,0,0,-10,0,-10,-1,-10,-2,-11,-2,-11,-3,-11,-3,-11,-4,-11,-5,-11,-5,-11,-5,-11,-5,-11,-6,-11,-5,-11,-5,-11,-5,-11,-5,-12,-4,-12,-4,-13,-4,-13,-3,-13,-3,-13,-3,-14,-2,-14,-2,-14,-2,-14,-2]"
2025-08-18 22:31:22.255275,CSI_DATA,470,1a:00:00:00:00:00,-42,11,0,0,0,0,0,0,0,0,0,-94,0,1,0,81504567,0,31,0,128,0,"[0,0,-12,9,-11,9,-11,9,-10,9,-10,10,-10,9,-10,9,-9,10,-9,10,-8,10,-8,11,-7,11,-7,11,-7,12,-7,11,-7,12,-8,12,-8,12,-9,11,-9,11,-9,11,-9,10,-10,9,-10,9,-10,8,-10,7,0,0,0,0,0,0,0,0,0,0,0,0,0,0,0,0,0,0,0,0,0,0,-6,6,-7,6,-8,6,-9,6,-9,6,-10,6,-10,5,-11,5,-11,5,-11,4,-11,4,-12,4,-11,4,-11,4,-11,5,-11,5,-11,5,-10,6,-11,6,-11,7,-11,7,-11,8,-11,8,-11,9,-11,9,-11,9]"
2025-08-18 22:31:22.466031,CSI_DATA,471,1a:00:00:00:00:00,-42,11,0,0,0,0,0,0,0,0,0,-94,0,1,0,81705641,0,31,0,128,0,"[0,0,-6,12,-6,12,-6,12,-5,12,-5,13,-5,12,-4,12,-4,12,-3,12,-3,12,-3,12,-2,12,-2,12,-1,12,-1,13,-1,13,-2,14,-2,13,-2,13,-3,13,-3,13,-3,12,-5,12,-5,12,-5,11,-6,10,0,0,0,0,0,0,0,0,0,0,0,0,0,0,0,0,0,0,0,0,0,0,-3,8,-4,8,-4,8,-5,8,-6,8,-6,9,-7,9,-7,8,-8,8,-8,8,-9,8,-8,8,-8,8,-8,8,-8,8,-8,8,-7,9,-7,9,-7,10,-6,10,-6,10,-6,11,-6,11,-7,12,-6,12,-6,12]"
2025-08-18 22:31:22.650935,CSI_DATA,472,1a:00:00:00:00:00,-42,11,0,0,0,0,0,0,0,0,0,-94,0,1,0,81844486,0,28,0,128,0,"[0,0,7,-11,7,-14,7,-17,7,-14,6,-13,1,-12,1,-12,4,-13,5,-13,5,-12,1,-13,-1,-14,-1,-11,-2,-14,1,-14,0,-14,0,-14,-1,-12,6,-17,1,-12,1,-14,3,-21,5,-18,1,-13,-4,-11,11,-13,0,0,0,0,0,0,0,0,0,0,0,0,0,0,0,0,0,0,0,0,0,0,6,-6,7,-5,8,-6,8,-5,9,-6,9,-5,9,-5,10,-5,10,-5,10,-5,10,-5,10,-5,10,-5,10,-5,9,-6,10,-6,9,-6,9,-7,8,-8,9,-9,10,-10,8,-10,9,-11,8,-13,8,-11,8,-10]"
2025-08-18 22:31:22.656177,CSI_DATA,473,1a:00:00:00:00:00,-42,11,0,0,0,0,0,0,0,0,0,-94,0,1,0,81906768,0,31,0,128,0,"[0,0,11,8,11,7,11,7,11,7,11,6,11,6,11,6,11,5,12,5,12,4,12,4,12,3,13,3,13,3,13,3,13,3,13,3,13,4,13,4,13,5,13,5,12,6,11,6,11,6,10,6,10,7,0,0,0,0,0,0,0,0,0,0,0,0,0,0,0,0,0,0,0,0,0,0,7,3,7,4,8,5,8,5,8,6,8,7,7,8,7,8,7,9,7,9,7,9,7,9,7,9,7,9,7,8,7,8,7,8,8,8,9,8,9,8,9,8,10,8,10,8,11,7,11,7,11,8]"
2025-08-18 22:31:22.860075,CSI_DATA,474,1a:00:00:00:00:00,-42,11,0,0,0,0,0,0,0,0,0,-94,0,1,0,82107913,0,31,0,128,0,"[0,0,-15,0,-15,0,-14,0,-14,1,-14,1,-14,1,-14,1,-13,2,-13,2,-13,3,-13,3,-13,4,-13,4,-13,4,-14,4,-14,4,-14,4,-14,4,-15,4,-15,3,-14,2,-14,2,-14,1,-13,1,-13,0,-13,-1,0,0,0,0,0,0,0,0,0,0,0,0,0,0,0,0,0,0,0,0,0,0,-9,1,-9,0,-10,0,-11,0,-11,-1,-11,-2,-12,-2,-12,-3,-12,-3,-12,-3,-12,-4,-11,-4,-11,-4,-12,-3,-12,-3,-12,-3,-12,-3,-12,-2,-12,-2,-13,-1,-13,-1,-13,-1,-14,0,-14,0,-14,0,-14,0]"
2025-08-18 22:31:23.057113,CSI_DATA,475,1a:00:00:00:00:00,-42,11,0,0,0,0,0,0,0,0,0,-94,0,1,0,82309184,0,31,0,128,0,"[0,0,14,0,14,0,14,-1,14,-1,14,-1,13,-1,13,-2,13,-2,13,-3,13,-3,13,-4,12,-4,13,-5,13,-5,13,-5,13,-5,13,-5,14,-5,14,-4,14,-4,14,-3,13,-3,13,-2,12,-1,12,-1,12,0,0,0,0,0,0,0,0,0,0,0,0,0,0,0,0,0,0,0,0,0,0,0,9,-1,9,-1,9,0,10,0,10,1,11,2,11,2,11,3,11,3,11,4,11,4,11,4,11,3,11,3,11,3,11,3,11,2,11,2,12,2,12,1,12,1,13,1,13,0,14,0,14,0,14,0]"
2025-08-18 22:31:23.193624,CSI_DATA,476,1a:00:00:00:00:00,-42,11,0,0,0,0,0,0,0,0,0,-94,0,1,0,82369583,0,42,0,128,0,"[0,0,-10,-12,-10,-12,-9,-11,-10,-11,-10,-11,-10,-10,-10,-10,-10,-10,-10,-9,-11,-9,-11,-8,-11,-8,-12,-8,-12,-8,-12,-8,-12,-8,-12,-8,-12,-8,-12,-9,-11,-9,-11,-10,-10,-10,-10,-10,-9,-10,-8,-10,-7,-11,0,0,0,0,0,0,0,0,0,0,0,0,0,0,0,0,0,0,0,0,0,0,-7,-6,-7,-7,-7,-8,-7,-8,-7,-9,-7,-10,-6,-10,-6,-11,-6,-11,-5,-11,-5,-11,-5,-11,-5,-11,-5,-11,-6,-11,-6,-11,-6,-11,-7,-11,-7,-11,-7,-11,-8,-11,-8,-11,-9,-11,-9,-11,-10,-11,-10,-11]"
2025-08-18 22:31:23.200874,CSI_DATA,477,1a:00:00:00:00:00,-42,11,0,0,0,0,0,0,0,0,0,-94,0,1,0,82437108,0,31,0,128,0,"[0,0,-11,-12,-11,-12,-11,-12,-11,-11,-11,-11,-11,-11,-11,-10,-11,-10,-12,-9,-12,-9,-12,-9,-12,-8,-13,-8,-13,-8,-14,-8,-13,-8,-13,-8,-14,-9,-13,-9,-13,-9,-12,-10,-12,-10,-11,-10,-10,-11,-10,-10,-9,-11,0,0,0,0,0,0,0,0,0,0,0,0,0,0,0,0,0,0,0,0,0,0,-8,-7,-8,-7,-8,-8,-7,-9,-7,-10,-7,-10,-7,-11,-7,-11,-6,-12,-6,-12,-6,-12,-5,-12,-6,-12,-6,-12,-6,-12,-6,-12,-6,-11,-7,-12,-8,-12,-8,-12,-9,-12,-9,-12,-10,-12,-10,-12,-10,-12,-10,-12]"
2025-08-18 22:31:23.389861,CSI_DATA,478,1a:00:00:00:00:00,-42,11,0,0,0,0,0,0,0,0,0,-94,0,1,0,82638326,0,31,0,128,0,"[0,0,13,-8,13,-9,12,-9,12,-9,12,-9,11,-9,11,-9,11,-10,10,-10,10,-10,10,-11,9,-11,9,-11,9,-12,9,-12,9,-12,9,-12,10,-12,10,-12,11,-11,11,-11,11,-10,11,-9,11,-9,11,-8,11,-7,0,0,0,0,0,0,0,0,0,0,0,0,0,0,0,0,0,0,0,0,0,0,7,-7,8,-7,9,-6,9,-6,10,-6,11,-5,11,-5,11,-4,12,-4,12,-3,12,-3,12,-3,12,-3,12,-3,12,-4,11,-4,12,-4,12,-5,12,-6,12,-6,12,-7,12,-7,12,-8,13,-8,13,-8,13,-8]"
2025-08-18 22:31:23.595675,CSI_DATA,479,1a:00:00:00:00:00,-42,11,0,0,0,0,0,0,0,0,0,-94,0,1,0,82839454,0,31,0,128,0,"[0,0,-6,-14,-6,-14,-6,-14,-6,-13,-6,-13,-7,-12,-7,-12,-7,-12,-8,-12,-8,-11,-8,-11,-9,-11,-9,-11,-10,-11,-10,-11,-10,-11,-10,-11,-10,-11,-10,-12,-9,-12,-8,-12,-8,-12,-7,-12,-6,-12,-5,-12,-5,-12,0,0,0,0,0,0,0,0,0,0,0,0,0,0,0,0,0,0,0,0,0,0,-5,-8,-5,-9,-5,-10,-4,-10,-4,-11,-3,-11,-3,-12,-3,-12,-2,-12,-2,-12,-1,-12,-1,-12,-1,-13,-1,-12,-2,-12,-2,-12,-3,-12,-3,-12,-3,-12,-4,-13,-4,-13,-5,-13,-5,-13,-5,-13,-5,-14,-5,-14]"
2025-08-18 22:31:23.788971,CSI_DATA,480,1a:00:00:00:00:00,-42,11,0,0,0,0,0,0,0,0,0,-94,0,1,0,83040608,0,31,0,128,0,"[0,0,14,0,14,-1,13,-1,14,-1,13,-2,13,-2,13,-2,13,-3,13,-3,12,-4,12,-4,12,-5,12,-5,12,-5,13,-5,13,-5,13,-5,13,-5,14,-4,14,-3,14,-3,13,-2,13,-2,13,-1,12,0,12,0,0,0,0,0,0,0,0,0,0,0,0,0,0,0,0,0,0,0,0,0,0,0,9,-2,9,-2,10,-1,10,0,11,0,11,1,11,2,11,2,11,3,11,3,11,3,11,3,11,3,11,3,11,2,11,2,11,2,12,1,12,1,12,1,12,1,13,0,13,0,13,0,13,0,14,-1]"
2025-08-18 22:31:24.001594,CSI_DATA,481,1a:00:00:00:00:00,-42,11,0,0,0,0,0,0,0,0,0,-94,0,1,0,83241796,0,31,0,128,0,"[0,0,14,1,13,0,13,0,13,0,13,-1,13,0,13,-1,13,-1,12,-2,12,-3,12,-3,12,-3,13,-4,13,-4,13,-4,13,-4,13,-4,14,-4,14,-3,14,-3,14,-2,13,-1,13,-1,13,0,12,0,12,1,0,0,0,0,0,0,0,0,0,0,0,0,0,0,0,0,0,0,0,0,0,0,9,-1,9,0,9,0,10,1,10,1,11,2,10,3,10,3,11,4,10,4,10,4,10,4,10,4,10,4,10,4,10,4,11,3,11,3,11,2,12,2,12,2,12,1,13,1,13,1,13,1,14,1]"
2025-08-18 22:31:24.192034,CSI_DATA,482,1a:00:00:00:00:00,-42,11,0,0,0,0,0,0,0,0,0,-94,0,1,0,83443035,0,31,0,128,0,"[0,0,14,-2,14,-2,13,-2,13,-3,13,-3,13,-3,13,-4,12,-4,12,-4,12,-5,12,-5,12,-6,12,-6,12,-6,12,-7,12,-7,12,-7,13,-6,13,-6,13,-5,13,-5,13,-4,13,-3,12,-3,12,-2,12,-1,0,0,0,0,0,0,0,0,0,0,0,0,0,0,0,0,0,0,0,0,0,0,8,-3,9,-2,10,-1,10,-1,11,-1,11,0,11,1,11,1,11,2,11,2,11,2,11,2,11,2,11,2,11,2,11,1,11,1,11,0,11,0,12,0,12,0,13,-1,13,-1,13,-1,13,-1,14,-2]"
2025-08-18 22:31:24.394887,CSI_DATA,483,1a:00:00:00:00:00,-42,11,0,0,0,0,0,0,0,0,0,-94,0,1,0,83644141,0,31,0,128,0,"[0,0,13,-6,12,-6,12,-6,12,-6,12,-7,11,-7,11,-7,11,-8,10,-8,10,-8,10,-9,9,-9,9,-10,9,-10,9,-10,10,-10,10,-10,10,-10,10,-10,11,-10,11,-9,11,-8,11,-7,11,-7,11,-6,11,-5,0,0,0,0,0,0,0,0,0,0,0,0,0,0,0,0,0,0,0,0,0,0,8,-5,8,-4,9,-4,10,-3,10,-3,11,-3,11,-2,11,-2,11,-1,11,-1,11,-1,11,0,11,-1,11,-1,11,-1,11,-1,11,-2,11,-2,11,-3,11,-4,11,-4,12,-5,12,-5,12,-5,12,-5,13,-6]"
2025-08-18 22:31:24.592378,CSI_DATA,484,1a:00:00:00:00:00,-42,11,0,0,0,0,0,0,0,0,0,-94,0,1,0,83845506,0,31,0,128,0,"[0,0,0,14,0,14,0,14,0,14,1,13,1,13,1,13,2,13,2,13,3,13,3,12,4,12,4,13,5,13,5,13,5,13,4,14,4,13,4,14,3,14,2,14,2,14,1,14,1,13,0,13,-1,13,0,0,0,0,0,0,0,0,0,0,0,0,0,0,0,0,0,0,0,0,0,0,1,9,1,9,0,10,-1,10,-1,11,-2,11,-2,11,-3,11,-4,11,-4,12,-4,11,-4,11,-4,11,-4,11,-3,11,-3,11,-3,11,-2,11,-2,12,-2,12,-1,12,-1,13,0,14,0,14,0,14,0,14]"
2025-08-18 22:31:24.656071,CSI_DATA,485,1a:00:00:00:00:00,-42,11,0,0,0,0,0,0,0,0,0,-94,0,1,0,83905873,0,42,0,128,0,"[0,0,-12,8,-12,9,-12,8,-12,8,-11,9,-11,9,-11,9,-10,9,-10,9,-9,10,-9,10,-8,11,-8,11,-8,11,-8,11,-8,11,-9,11,-9,11,-10,11,-10,11,-10,10,-10,9,-11,9,-11,8,-11,8,-11,7,0,0,0,0,0,0,0,0,0,0,0,0,0,0,0,0,0,0,0,0,0,0,-7,6,-8,6,-9,6,-9,5,-10,5,-11,5,-11,5,-11,4,-12,4,-12,4,-12,4,-12,3,-12,4,-12,4,-12,4,-11,4,-11,5,-11,5,-11,6,-12,6,-11,6,-11,7,-12,7,-12,8,-12,8,-12,8]"
2025-08-18 22:31:24.717032,CSI_DATA,486,1a:00:00:00:00:00,-42,11,0,0,0,0,0,0,0,0,0,-94,0,1,0,83973179,0,31,0,128,0,"[0,0,13,5,13,4,13,4,13,4,13,3,13,3,13,2,13,2,13,1,13,1,13,1,13,0,13,0,13,-1,14,-1,14,-1,14,-1,14,0,15,0,14,0,14,1,13,1,13,2,12,3,12,3,11,4,0,0,0,0,0,0,0,0,0,0,0,0,0,0,0,0,0,0,0,0,0,0,9,3,9,3,9,4,9,5,9,5,9,6,9,7,9,7,9,7,9,8,8,8,8,8,8,8,8,8,9,7,9,7,9,7,10,6,10,6,11,5,11,5,12,5,12,5,12,5,13,5,13,5]"
2025-08-18 22:31:24.929445,CSI_DATA,487,1a:00:00:00:00:00,-42,11,0,0,0,0,0,0,0,0,0,-94,0,1,0,84174257,0,31,0,128,0,"[0,0,-12,-9,-12,-9,-12,-9,-12,-8,-12,-8,-12,-8,-12,-8,-12,-7,-12,-6,-12,-6,-13,-6,-13,-5,-13,-5,-13,-5,-13,-5,-14,-5,-14,-5,-14,-5,-14,-6,-13,-7,-13,-7,-12,-7,-12,-8,-11,-8,-10,-8,-10,-8,0,0,0,0,0,0,0,0,0,0,0,0,0,0,0,0,0,0,0,0,0,0,-9,-5,-8,-6,-8,-7,-8,-7,-8,-8,-8,-9,-8,-10,-7,-10,-7,-10,-7,-10,-7,-10,-7,-10,-7,-10,-7,-10,-7,-10,-7,-10,-8,-9,-8,-9,-9,-10,-9,-9,-9,-9,-10,-9,-11,-9,-11,-9,-11,-9,-11,-9]"
2025-08-18 22:31:25.126820,CSI_DATA,488,1a:00:00:00:00:00,-42,11,0,0,0,0,0,0,0,0,0,-94,0,1,0,84377241,0,31,0,128,0,"[0,0,-8,12,-8,12,-8,12,-7,12,-7,12,-7,12,-6,12,-6,12,-6,12,-5,12,-4,12,-4,13,-3,13,-3,13,-3,13,-3,13,-3,13,-4,14,-5,13,-5,13,-5,13,-6,12,-6,12,-6,11,-7,10,-7,10,0,0,0,0,0,0,0,0,0,0,0,0,0,0,0,0,0,0,0,0,0,0,-5,8,-6,8,-7,8,-7,8,-8,8,-9,8,-9,8,-10,7,-10,7,-10,7,-10,7,-10,7,-10,7,-10,7,-10,7,-9,7,-9,8,-9,8,-9,9,-9,9,-9,10,-9,10,-8,10,-8,11,-8,12,-8,11]"
2025-08-18 22:31:25.327182,CSI_DATA,489,1a:00:00:00:00:00,-42,11,0,0,0,0,0,0,0,0,0,-94,0,1,0,84576631,0,31,0,128,0,"[0,0,-9,11,-9,11,-9,10,-9,11,-8,11,-8,11,-8,11,-7,11,-7,11,-6,11,-6,12,-5,12,-5,12,-5,12,-5,13,-5,13,-5,13,-5,13,-6,13,-6,12,-7,12,-7,11,-7,11,-7,10,-8,10,-8,9,0,0,0,0,0,0,0,0,0,0,0,0,0,0,0,0,0,0,0,0,0,0,-6,7,-7,7,-7,7,-8,7,-8,7,-9,7,-10,6,-10,6,-10,6,-11,6,-11,6,-11,5,-11,5,-10,6,-10,6,-10,6,-10,6,-10,7,-9,8,-9,8,-10,8,-9,9,-9,10,-9,10,-9,10,-9,10]"
2025-08-18 22:31:25.725081,CSI_DATA,490,1a:00:00:00:00:00,-42,11,0,0,0,0,0,0,0,0,0,-94,0,1,0,84777800,0,31,0,128,0,"[0,0,-11,9,-11,9,-11,9,-10,9,-10,9,-10,9,-10,9,-9,10,-9,10,-8,10,-8,10,-7,11,-7,11,-7,11,-7,11,-7,11,-8,11,-8,12,-9,11,-9,11,-9,10,-9,10,-10,9,-10,9,-10,8,-10,7,0,0,0,0,0,0,0,0,0,0,0,0,0,0,0,0,0,0,0,0,0,0,-6,7,-7,7,-8,6,-9,6,-9,6,-10,6,-11,5,-11,5,-11,5,-11,4,-11,4,-11,4,-11,5,-11,5,-11,5,-11,5,-11,5,-11,6,-11,6,-11,7,-11,7,-11,7,-11,8,-11,9,-11,9,-11,9]"
2025-08-18 22:31:25.730361,CSI_DATA,491,1a:00:00:00:00:00,-42,11,0,0,0,0,0,0,0,0,0,-94,0,1,0,84979156,0,31,0,128,0,"[0,0,7,13,7,12,7,12,8,12,8,11,8,11,8,11,9,10,9,10,9,9,9,9,10,9,10,9,10,9,11,9,11,9,11,9,11,10,11,11,9,10,10,10,9,11,8,11,7,11,6,11,6,11,0,0,0,0,0,0,0,0,0,0,0,0,0,0,0,0,0,0,0,0,0,0,6,7,6,8,5,9,4,9,4,10,4,11,4,11,3,11,3,12,2,11,2,12,2,12,2,12,2,11,2,11,3,11,3,11,4,11,5,11,5,11,5,11,6,12,6,12,7,12,7,12,7,12]"
2025-08-18 22:31:25.932999,CSI_DATA,492,1a:00:00:00:00:00,-42,11,0,0,0,0,0,0,0,0,0,-94,0,1,0,85180232,0,31,0,128,0,"[0,0,1,-15,1,-15,1,-15,0,-15,0,-15,0,-15,-1,-15,-1,-14,-2,-14,-2,-14,-3,-14,-3,-14,-4,-14,-4,-14,-4,-14,-4,-14,-4,-15,-4,-15,-3,-15,-3,-15,-2,-15,-2,-15,-1,-15,0,-14,1,-13,1,-13,0,0,0,0,0,0,0,0,0,0,0,0,0,0,0,0,0,0,0,0,0,0,0,-10,0,-10,1,-11,2,-11,2,-12,3,-12,4,-12,4,-12,5,-12,5,-12,5,-12,5,-11,5,-12,5,-11,4,-12,4,-12,4,-12,3,-12,3,-13,3,-13,2,-13,2,-14,2,-14,1,-15,2,-15,1,-15]"
2025-08-18 22:31:26.135609,CSI_DATA,493,1a:00:00:00:00:00,-42,11,0,0,0,0,0,0,0,0,0,-94,0,1,0,85381466,0,31,0,128,0,"[0,0,-1,-14,-1,-15,-1,-14,-2,-14,-2,-14,-2,-14,-3,-14,-3,-14,-4,-13,-4,-13,-5,-13,-5,-13,-6,-13,-6,-13,-6,-13,-6,-13,-6,-14,-6,-14,-6,-14,-5,-14,-5,-14,-4,-14,-3,-14,-3,-13,-2,-13,-1,-13,0,0,0,0,0,0,0,0,0,0,0,0,0,0,0,0,0,0,0,0,0,0,-1,-10,-1,-10,0,-11,1,-11,1,-11,1,-11,2,-12,3,-12,3,-12,4,-12,4,-12,4,-12,3,-12,3,-12,3,-12,3,-12,2,-12,2,-12,1,-12,1,-13,1,-13,0,-14,0,-14,-1,-14,0,-14,-1,-14]"
2025-08-18 22:31:26.197358,CSI_DATA,494,1a:00:00:00:00:00,-42,11,0,0,0,0,0,0,0,0,0,-94,0,1,0,85441897,0,42,0,128,0,"[0,0,-12,-9,-13,-9,-12,-8,-12,-8,-12,-8,-13,-7,-13,-7,-13,-6,-13,-6,-13,-5,-13,-5,-13,-4,-13,-4,-14,-4,-14,-4,-14,-4,-14,-4,-15,-4,-15,-5,-14,-5,-14,-6,-13,-6,-13,-6,-12,-7,-12,-7,-11,-7,0,0,0,0,0,0,0,0,0,0,0,0,0,0,0,0,0,0,0,0,0,0,-8,-5,-8,-6,-8,-7,-8,-8,-8,-8,-8,-9,-8,-10,-8,-10,-7,-10,-7,-10,-7,-11,-7,-11,-7,-11,-7,-10,-7,-10,-8,-10,-8,-10,-8,-9,-9,-9,-10,-9,-10,-9,-10,-9,-11,-9,-11,-9,-12,-9,-12,-9]"
2025-08-18 22:31:26.258543,CSI_DATA,495,1a:00:00:00:00:00,-42,11,0,0,0,0,0,0,0,0,0,-94,0,1,0,85508914,0,31,0,128,0,"[0,0,-11,9,-11,9,-10,9,-11,10,-10,9,-10,9,-9,10,-9,10,-8,10,-8,10,-7,11,-7,11,-7,11,-7,11,-7,12,-7,12,-7,12,-8,12,-8,12,-8,11,-9,11,-9,10,-9,10,-9,9,-9,8,-10,7,0,0,0,0,0,0,0,0,0,0,0,0,0,0,0,0,0,0,0,0,0,0,-7,7,-7,6,-8,6,-9,6,-9,6,-10,6,-11,5,-11,5,-11,5,-12,4,-12,4,-11,4,-11,4,-11,4,-11,4,-11,5,-11,5,-11,6,-10,6,-11,7,-11,7,-11,7,-11,8,-11,9,-11,9,-11,9]"
2025-08-18 22:31:26.453884,CSI_DATA,496,1a:00:00:00:00:00,-42,11,0,0,0,0,0,0,0,0,0,-94,0,1,0,85710012,0,31,0,128,0,"[0,0,14,6,13,5,13,5,13,5,14,4,13,4,13,3,13,3,13,2,13,1,13,1,13,1,13,0,14,0,14,0,14,0,14,0,15,0,15,0,15,1,14,2,14,2,13,3,12,4,12,4,11,5,0,0,0,0,0,0,0,0,0,0,0,0,0,0,0,0,0,0,0,0,0,0,9,2,9,3,9,4,9,5,9,5,10,6,10,7,10,7,9,8,9,8,9,9,8,9,9,8,9,8,9,8,9,7,10,7,10,7,11,6,11,6,11,6,12,6,12,6,13,6,13,6,13,6]"
2025-08-18 22:31:26.663867,CSI_DATA,497,1a:00:00:00:00:00,-42,11,0,0,0,0,0,0,0,0,0,-94,0,1,0,85912851,0,31,0,128,0,"[0,0,3,-15,2,-14,2,-15,2,-14,2,-15,1,-14,1,-14,1,-14,0,-14,0,-14,-1,-14,-1,-14,-1,-14,-2,-15,-2,-14,-2,-15,-2,-15,-1,-16,-1,-15,0,-15,0,-15,1,-15,1,-14,2,-14,3,-13,3,-13,0,0,0,0,0,0,0,0,0,0,0,0,0,0,0,0,0,0,0,0,0,0,1,-9,2,-10,2,-10,3,-10,3,-10,4,-11,5,-11,5,-10,5,-11,6,-10,6,-10,6,-10,6,-10,6,-10,6,-10,5,-10,5,-11,4,-11,4,-12,4,-12,4,-13,3,-13,3,-13,3,-14,3,-14,3,-14]"
2025-08-18 22:31:26.864510,CSI_DATA,498,1a:00:00:00:00:00,-42,11,0,0,0,0,0,0,0,0,0,-94,0,1,0,86112519,0,31,0,128,0,"[0,0,1,-15,0,-15,0,-14,0,-15,0,-14,-1,-14,-1,-14,-1,-14,-2,-14,-2,-14,-3,-13,-3,-14,-4,-14,-4,-14,-4,-14,-4,-14,-4,-15,-4,-14,-3,-15,-3,-15,-2,-14,-1,-14,-1,-14,0,-14,0,-13,1,-13,0,0,0,0,0,0,0,0,0,0,0,0,0,0,0,0,0,0,0,0,0,0,-1,-10,0,-10,0,-11,1,-11,1,-11,2,-11,3,-12,3,-12,4,-12,4,-12,4,-12,4,-11,4,-11,4,-11,4,-11,3,-12,3,-12,2,-12,2,-12,2,-13,2,-13,1,-14,1,-14,1,-14,1,-15,1,-15]"
2025-08-18 22:31:27.068362,CSI_DATA,499,1a:00:00:00:00:00,-42,11,0,0,0,0,0,0,0,0,0,-94,0,1,0,86313692,0,31,0,128,0,"[0,0,-15,-4,-15,-4,-14,-3,-14,-3,-14,-3,-14,-2,-14,-2,-14,-2,-14,-1,-14,0,-14,0,-14,1,-14,1,-14,2,-14,1,-14,1,-15,1,-15,1,-15,1,-15,0,-15,0,-14,-1,-14,-1,-13,-2,-13,-2,-13,-3,0,0,0,0,0,0,0,0,0,0,0,0,0,0,0,0,0,0,0,0,0,0,-10,-1,-10,-2,-11,-3,-11,-3,-11,-4,-11,-5,-11,-6,-11,-6,-11,-7,-11,-7,-11,-7,-11,-7,-11,-7,-11,-6,-11,-6,-11,-6,-11,-6,-12,-5,-12,-5,-12,-5,-13,-5,-13,-5,-14,-4,-14,-4,-14,-3,-14,-3]"
2025-08-18 22:31:27.277336,CSI_DATA,500,1a:00:00:00:00:00,-42,11,0,0,0,0,0,0,0,0,0,-94,0,1,0,86514823,0,31,0,128,0,"[0,0,-9,12,-9,12,-8,11,-8,11,-7,11,-7,12,-7,11,-6,11,-6,12,-5,12,-5,12,-4,12,-4,12,-4,13,-4,13,-4,13,-4,13,-5,13,-5,13,-6,13,-6,12,-6,12,-7,11,-7,11,-7,10,-8,9,0,0,0,0,0,0,0,0,0,0,0,0,0,0,0,0,0,0,0,0,0,0,-5,8,-5,8,-6,8,-7,8,-8,8,-8,8,-9,8,-9,7,-10,7,-10,7,-10,7,-10,7,-10,7,-10,7,-10,7,-10,7,-9,8,-9,8,-9,9,-9,9,-9,10,-9,10,-9,11,-9,11,-9,11,-9,11]"
2025-08-18 22:31:27.463701,CSI_DATA,501,1a:00:00:00:00:00,-42,11,0,0,0,0,0,0,0,0,0,-94,0,1,0,86715958,0,31,0,128,0,"[0,0,-1,14,-1,13,-1,13,0,13,0,13,0,13,1,13,1,12,1,12,2,12,2,12,3,12,3,12,3,12,4,12,4,12,3,13,3,13,3,13,2,13,2,13,1,13,1,13,0,12,-1,12,-1,11,0,0,0,0,0,0,0,0,0,0,0,0,0,0,0,0,0,0,0,0,0,0,0,9,0,9,-1,9,-2,10,-2,10,-3,10,-4,11,-4,11,-4,11,-5,11,-5,11,-5,10,-5,10,-5,10,-4,10,-4,10,-4,11,-3,11,-3,11,-2,12,-2,12,-2,12,-2,13,-1,13,-2,13,-1,13]"
2025-08-18 22:31:27.666779,CSI_DATA,502,1a:00:00:00:00:00,-42,11,0,0,0,0,0,0,0,0,0,-94,0,1,0,86917106,0,31,0,128,0,"[0,0,7,-13,7,-13,7,-13,7,-13,6,-13,6,-13,5,-13,5,-13,4,-13,3,-13,3,-13,3,-13,2,-14,2,-14,2,-14,2,-14,2,-14,3,-15,3,-14,4,-14,4,-14,5,-13,5,-13,5,-12,6,-12,6,-11,0,0,0,0,0,0,0,0,0,0,0,0,0,0,0,0,0,0,0,0,0,0,3,-9,4,-10,5,-10,6,-10,6,-10,7,-10,8,-9,8,-9,9,-9,9,-9,9,-8,9,-8,9,-9,9,-9,8,-9,8,-9,8,-9,7,-10,8,-10,7,-11,7,-11,7,-12,7,-12,7,-13,7,-13,7,-13]"
2025-08-18 22:31:27.731772,CSI_DATA,503,1a:00:00:00:00:00,-42,11,0,0,0,0,0,0,0,0,0,-94,0,1,0,86977627,0,42,0,128,0,"[0,0,-13,-8,-13,-8,-13,-8,-13,-8,-13,-7,-13,-7,-13,-7,-13,-6,-13,-6,-13,-5,-13,-5,-13,-4,-13,-4,-14,-4,-14,-4,-14,-4,-14,-4,-14,-4,-14,-5,-14,-5,-13,-6,-13,-6,-12,-6,-12,-7,-11,-7,-10,-7,0,0,0,0,0,0,0,0,0,0,0,0,0,0,0,0,0,0,0,0,0,0,-9,-4,-9,-5,-9,-6,-9,-7,-9,-7,-9,-8,-9,-9,-9,-9,-9,-9,-8,-10,-8,-10,-8,-10,-8,-10,-8,-9,-8,-9,-9,-9,-9,-9,-10,-9,-10,-8,-10,-9,-11,-8,-11,-8,-12,-8,-12,-8,-12,-8,-13,-8]"
2025-08-18 22:31:27.796692,CSI_DATA,504,1a:00:00:00:00:00,-42,11,0,0,0,0,0,0,0,0,0,-94,0,1,0,87045778,0,31,0,128,0,"[0,0,10,-10,10,-11,9,-11,10,-11,9,-11,8,-11,8,-11,8,-11,7,-11,7,-12,6,-12,6,-12,6,-12,5,-13,6,-13,6,-13,6,-13,6,-13,6,-13,7,-13,7,-12,7,-12,8,-11,8,-10,8,-10,8,-9,0,0,0,0,0,0,0,0,0,0,0,0,0,0,0,0,0,0,0,0,0,0,6,-8,6,-8,7,-8,7,-7,8,-7,9,-7,10,-7,10,-7,10,-6,11,-6,11,-5,11,-5,11,-5,10,-6,10,-6,10,-6,10,-7,10,-7,10,-8,10,-8,10,-9,10,-9,10,-10,10,-10,10,-10,10,-10]"
2025-08-18 22:31:28.001939,CSI_DATA,505,1a:00:00:00:00:00,-42,11,0,0,0,0,0,0,0,0,0,-94,0,1,0,87246922,0,31,0,128,0,"[0,0,-14,-5,-14,-4,-14,-4,-14,-4,-14,-3,-14,-3,-13,-2,-13,-2,-13,-1,-13,-1,-14,-1,-13,0,-13,0,-13,0,-14,0,-14,0,-14,0,-15,0,-15,0,-14,-1,-14,-1,-14,-2,-13,-2,-13,-3,-12,-3,-12,-4,0,0,0,0,0,0,0,0,0,0,0,0,0,0,0,0,0,0,0,0,0,0,-10,-2,-10,-2,-10,-3,-10,-4,-11,-5,-11,-5,-11,-6,-11,-6,-10,-6,-11,-7,-10,-7,-10,-7,-10,-7,-10,-7,-10,-6,-11,-7,-11,-6,-11,-6,-12,-6,-12,-5,-12,-5,-13,-5,-13,-4,-14,-5,-14,-5,-14,-5]"
2025-08-18 22:31:28.199344,CSI_DATA,506,1a:00:00:00:00:00,-42,11,0,0,0,0,0,0,0,0,0,-94,0,1,0,87449799,0,31,0,128,0,"[0,0,-9,12,-9,11,-8,12,-8,11,-8,12,-7,11,-7,11,-6,12,-6,12,-5,12,-5,12,-4,12,-4,12,-4,13,-4,13,-4,13,-4,13,-5,13,-6,13,-6,13,-6,12,-7,12,-7,11,-7,11,-8,10,-8,9,0,0,0,0,0,0,0,0,0,0,0,0,0,0,0,0,0,0,0,0,0,0,-4,8,-5,8,-6,8,-7,8,-7,8,-8,8,-9,8,-9,8,-10,7,-10,7,-10,7,-10,7,-10,7,-9,7,-10,7,-9,7,-9,8,-9,8,-9,9,-9,9,-9,10,-9,10,-8,11,-8,11,-8,11,-8,11]"
2025-08-18 22:31:28.400038,CSI_DATA,507,1a:00:00:00:00:00,-42,11,0,0,0,0,0,0,0,0,0,-94,0,1,0,87649245,0,31,0,128,0,"[0,0,-14,6,-13,6,-13,6,-13,7,-12,7,-12,7,-12,7,-11,8,-11,8,-10,8,-10,9,-9,9,-10,9,-10,10,-10,10,-10,10,-10,10,-11,10,-11,10,-11,10,-12,9,-12,8,-12,8,-12,7,-12,6,-12,5,0,0,0,0,0,0,0,0,0,0,0,0,0,0,0,0,0,0,0,0,0,0,-8,5,-9,4,-10,4,-10,4,-11,3,-11,3,-12,2,-12,2,-12,2,-12,1,-13,1,-12,1,-12,1,-12,2,-12,2,-12,2,-12,2,-12,3,-12,3,-12,4,-12,4,-13,5,-13,5,-13,6,-13,6,-13,6]"
2025-08-18 22:31:28.606910,CSI_DATA,508,1a:00:00:00:00:00,-42,11,0,0,0,0,0,0,0,0,0,-94,0,1,0,87850389,0,31,0,128,0,"[0,0,-9,-13,-9,-12,-9,-12,-10,-12,-10,-12,-10,-11,-10,-11,-10,-11,-11,-10,-11,-9,-12,-9,-12,-8,-12,-8,-12,-9,-13,-9,-13,-9,-13,-9,-13,-9,-13,-10,-12,-10,-12,-11,-11,-11,-10,-11,-10,-11,-9,-11,-8,-11,0,0,0,0,0,0,0,0,0,0,0,0,0,0,0,0,0,0,0,0,0,0,-7,-8,-7,-8,-7,-9,-6,-10,-6,-10,-6,-11,-5,-12,-5,-12,-4,-12,-4,-13,-4,-13,-4,-12,-4,-12,-4,-12,-4,-12,-4,-12,-5,-12,-6,-12,-6,-12,-7,-12,-7,-12,-8,-12,-8,-12,-9,-12,-9,-12,-9,-12]"
2025-08-18 22:31:28.815912,CSI_DATA,509,1a:00:00:00:00:00,-42,11,0,0,0,0,0,0,0,0,0,-94,0,1,0,88051534,0,31,0,128,0,"[0,0,13,-5,13,-5,13,-5,13,-5,12,-6,12,-6,12,-6,11,-7,11,-7,11,-8,11,-8,10,-8,10,-9,10,-9,11,-9,11,-10,11,-9,11,-9,12,-10,12,-9,12,-8,12,-7,12,-7,12,-6,12,-5,12,-4,0,0,0,0,0,0,0,0,0,0,0,0,0,0,0,0,0,0,0,0,0,0,8,-4,9,-3,9,-3,10,-2,10,-2,11,-2,11,-1,11,-1,11,0,11,0,12,1,11,1,11,1,11,0,11,0,11,0,11,-1,11,-2,12,-2,12,-3,12,-3,12,-3,12,-4,12,-4,13,-4,13,-5]"
2025-08-18 22:31:29.009475,CSI_DATA,510,1a:00:00:00:00:00,-42,11,0,0,0,0,0,0,0,0,0,-94,0,1,0,88252939,0,31,0,128,0,"[0,0,-2,-15,-3,-15,-3,-15,-3,-14,-4,-15,-4,-14,-4,-14,-4,-14,-5,-13,-5,-13,-6,-13,-6,-13,-7,-13,-7,-13,-8,-13,-8,-13,-7,-13,-7,-14,-7,-14,-6,-14,-6,-14,-5,-14,-4,-14,-4,-14,-3,-14,-2,-14,0,0,0,0,0,0,0,0,0,0,0,0,0,0,0,0,0,0,0,0,0,0,-3,-9,-2,-10,-2,-10,-1,-11,-1,-11,0,-12,0,-12,1,-12,1,-13,2,-12,2,-12,2,-12,2,-12,2,-12,2,-12,1,-12,1,-12,0,-12,0,-13,-1,-13,-1,-13,-1,-14,-2,-14,-2,-14,-2,-14,-2,-15]"
2025-08-18 22:31:29.209390,CSI_DATA,511,1a:00:00:00:00:00,-42,11,0,0,0,0,0,0,0,0,0,-94,0,1,0,88454045,0,31,0,128,0,"[0,0,-15,-4,-15,-4,-15,-4,-15,-4,-15,-3,-15,-3,-15,-3,-15,-2,-14,-1,-14,-1,-14,0,-14,0,-15,1,-15,0,-15,1,-15,1,-16,1,-16,0,-16,0,-16,0,-16,-1,-16,-2,-15,-3,-14,-3,-14,-4,-13,-5,0,0,0,0,0,0,0,0,0,0,0,0,0,0,0,0,0,0,0,0,0,0,-10,-1,-10,-2,-11,-3,-11,-4,-12,-4,-12,-5,-12,-6,-12,-6,-11,-7,-11,-7,-11,-7,-11,-8,-11,-7,-11,-7,-11,-7,-11,-7,-11,-6,-12,-6,-12,-6,-13,-5,-13,-5,-14,-5,-14,-4,-14,-4,-15,-4,-15,-4]"
2025-08-18 22:31:29.263238,CSI_DATA,512,1a:00:00:00:00:00,-42,11,0,0,0,0,0,0,0,0,0,-94,0,1,0,88514429,0,42,0,128,0,"[0,0,-4,14,-3,14,-3,14,-3,14,-2,14,-2,14,-1,14,-1,14,-1,13,0,13,0,13,1,13,1,14,2,14,2,14,2,14,2,15,2,15,2,15,1,15,0,15,-1,14,-1,14,-2,14,-3,13,-3,13,0,0,0,0,0,0,0,0,0,0,0,0,0,0,0,0,0,0,0,0,0,0,-1,9,-2,9,-3,10,-4,10,-4,10,-5,11,-5,11,-6,11,-6,10,-7,10,-7,10,-8,10,-7,10,-7,10,-7,10,-6,10,-6,11,-5,11,-5,12,-5,12,-5,12,-4,13,-4,13,-4,14,-4,14,-3,14]"
2025-08-18 22:31:29.329446,CSI_DATA,513,1a:00:00:00:00:00,-42,11,0,0,0,0,0,0,0,0,0,-94,0,1,0,88580537,0,31,0,128,0,"[0,0,7,-13,7,-13,7,-13,7,-13,6,-13,6,-13,6,-13,5,-13,5,-13,4,-13,3,-13,3,-14,3,-14,2,-14,2,-14,2,-15,3,-15,3,-15,4,-15,4,-15,5,-14,5,-14,5,-13,6,-13,6,-12,7,-11,0,0,0,0,0,0,0,0,0,0,0,0,0,0,0,0,0,0,0,0,0,0,3,-9,4,-9,5,-9,6,-9,6,-9,7,-9,8,-9,8,-9,9,-9,9,-8,9,-8,9,-8,9,-8,9,-8,9,-8,8,-8,8,-9,7,-9,8,-10,8,-10,7,-11,7,-11,7,-12,7,-12,7,-13,7,-13]"
2025-08-18 22:31:29.529434,CSI_DATA,514,1a:00:00:00:00:00,-42,11,0,0,0,0,0,0,0,0,0,-94,0,1,0,88781620,0,31,0,128,0,"[0,0,14,-1,14,-1,13,-1,14,-2,13,-2,13,-2,12,-3,13,-3,12,-3,12,-4,12,-5,12,-5,12,-5,12,-5,12,-6,12,-6,13,-6,13,-5,13,-5,13,-5,13,-4,13,-4,13,-3,13,-2,12,-1,12,0,0,0,0,0,0,0,0,0,0,0,0,0,0,0,0,0,0,0,0,0,0,0,9,-2,9,-1,10,0,10,0,11,1,10,1,11,2,11,2,11,2,11,3,11,3,10,4,10,4,10,3,10,3,11,2,11,2,11,2,11,1,12,1,12,0,12,0,13,0,13,0,13,0,13,-1]"
2025-08-18 22:31:29.737649,CSI_DATA,515,1a:00:00:00:00:00,-42,11,0,0,0,0,0,0,0,0,0,-94,0,1,0,88982795,0,31,0,128,0,"[0,0,-13,-7,-13,-7,-13,-7,-13,-6,-14,-6,-13,-6,-13,-5,-13,-5,-13,-4,-13,-3,-14,-3,-14,-2,-14,-2,-14,-2,-14,-2,-15,-2,-15,-2,-15,-3,-15,-3,-15,-4,-14,-5,-14,-5,-14,-5,-13,-5,-12,-6,-12,-7,0,0,0,0,0,0,0,0,0,0,0,0,0,0,0,0,0,0,0,0,0,0,-9,-3,-9,-4,-10,-5,-9,-6,-10,-6,-10,-7,-10,-8,-9,-8,-9,-9,-9,-9,-9,-9,-9,-9,-9,-9,-9,-9,-9,-9,-9,-8,-10,-8,-10,-7,-11,-8,-11,-8,-11,-7,-12,-7,-12,-7,-13,-7,-13,-7,-13,-7]"
2025-08-18 22:31:29.938008,CSI_DATA,516,1a:00:00:00:00:00,-42,11,0,0,0,0,0,0,0,0,0,-94,0,1,0,89183921,0,31,0,128,0,"[0,0,-1,-15,-1,-15,-2,-15,-2,-15,-2,-15,-2,-15,-3,-14,-3,-14,-4,-13,-4,-13,-5,-13,-6,-13,-6,-14,-6,-14,-6,-14,-6,-14,-6,-14,-6,-15,-6,-15,-5,-15,-4,-15,-4,-15,-3,-14,-2,-14,-2,-14,-1,-14,0,0,0,0,0,0,0,0,0,0,0,0,0,0,0,0,0,0,0,0,0,0,-2,-10,-1,-11,-1,-11,0,-11,1,-12,1,-12,2,-12,2,-12,3,-12,3,-12,3,-12,3,-12,3,-12,3,-12,3,-12,2,-12,2,-12,1,-12,1,-13,1,-13,0,-14,0,-14,-1,-14,-1,-15,-1,-15,-1,-15]"
2025-08-18 22:31:30.134494,CSI_DATA,517,1a:00:00:00:00:00,-42,11,0,0,0,0,0,0,0,0,0,-94,0,1,0,89385304,0,31,0,128,0,"[0,0,-4,14,-3,14,-3,14,-3,14,-2,14,-2,14,-1,13,-1,14,0,13,0,13,1,13,1,13,1,13,2,14,2,14,2,14,2,14,1,14,1,15,1,15,0,14,0,14,-1,14,-2,13,-2,12,-3,12,0,0,0,0,0,0,0,0,0,0,0,0,0,0,0,0,0,0,0,0,0,0,-1,9,-2,10,-3,10,-3,10,-4,11,-5,11,-6,11,-6,11,-6,11,-7,10,-7,10,-8,10,-7,10,-7,10,-6,10,-6,10,-6,11,-5,11,-5,12,-5,12,-4,12,-4,13,-4,13,-4,14,-4,14,-3,14]"
2025-08-18 22:31:30.342951,CSI_DATA,518,1a:00:00:00:00:00,-42,11,0,0,0,0,0,0,0,0,0,-94,0,1,0,89586393,0,31,0,128,0,"[0,0,-3,-15,-3,-14,-3,-15,-3,-14,-4,-15,-4,-14,-5,-13,-5,-13,-5,-13,-6,-13,-6,-13,-6,-13,-7,-13,-7,-13,-7,-12,-8,-13,-7,-13,-7,-13,-7,-13,-6,-13,-6,-14,-5,-13,-4,-13,-4,-13,-3,-13,-2,-13,0,0,0,0,0,0,0,0,0,0,0,0,0,0,0,0,0,0,0,0,0,0,-3,-10,-3,-10,-2,-11,-1,-11,-1,-12,0,-12,0,-12,0,-12,1,-13,2,-12,2,-12,2,-12,2,-12,2,-12,1,-12,1,-12,1,-12,0,-12,0,-13,-1,-13,-1,-13,-2,-14,-2,-14,-2,-14,-2,-14,-2,-15]"
2025-08-18 22:31:30.533409,CSI_DATA,519,1a:00:00:00:00:00,-42,11,0,0,0,0,0,0,0,0,0,-94,0,1,0,89787550,0,31,0,128,0,"[0,0,4,13,4,13,4,13,5,13,5,13,5,12,5,12,6,12,6,11,7,11,7,10,7,10,8,10,8,10,8,10,9,10,8,11,8,11,8,11,8,11,7,11,7,12,5,12,5,12,4,11,3,11,0,0,0,0,0,0,0,0,0,0,0,0,0,0,0,0,0,0,0,0,0,0,3,8,3,9,2,9,1,10,1,10,1,11,0,11,0,12,0,12,-1,12,-1,12,-2,12,-1,12,-1,11,-1,11,0,11,0,11,1,11,1,12,2,12,2,12,3,12,3,13,3,13,3,13,4,13]"
2025-08-18 22:31:30.742214,CSI_DATA,520,1a:00:00:00:00:00,-42,11,0,0,0,0,0,0,0,0,0,-94,0,1,0,89988694,0,31,0,128,0,"[0,0,-15,-2,-15,-2,-15,-1,-14,-1,-15,-1,-14,0,-14,0,-14,1,-14,1,-14,2,-13,2,-13,3,-14,3,-14,4,-14,3,-14,4,-14,3,-15,3,-15,3,-15,2,-15,2,-14,1,-14,1,-14,0,-13,0,-13,-1,0,0,0,0,0,0,0,0,0,0,0,0,0,0,0,0,0,0,0,0,0,0,-10,0,-11,-1,-11,-2,-11,-3,-11,-3,-12,-4,-11,-4,-12,-5,-11,-5,-11,-5,-12,-5,-11,-5,-11,-6,-12,-5,-12,-5,-12,-5,-12,-4,-12,-4,-13,-4,-13,-3,-13,-3,-14,-3,-14,-2,-14,-2,-15,-1,-15,-2]"
2025-08-18 22:31:30.798957,CSI_DATA,521,1a:00:00:00:00:00,-42,11,0,0,0,0,0,0,0,0,0,-94,0,1,0,90048912,0,42,0,128,0,"[0,0,-10,11,-10,11,-10,11,-9,11,-9,11,-9,11,-8,11,-8,11,-7,11,-7,12,-7,12,-6,12,-6,13,-6,13,-6,13,-5,13,-6,13,-6,13,-6,13,-7,13,-8,12,-8,12,-8,11,-9,10,-9,9,-9,9,0,0,0,0,0,0,0,0,0,0,0,0,0,0,0,0,0,0,0,0,0,0,-6,8,-7,7,-8,8,-8,7,-9,8,-10,7,-10,7,-11,7,-11,7,-11,6,-11,6,-11,5,-11,5,-11,6,-11,6,-11,6,-10,7,-10,7,-10,8,-10,8,-10,9,-10,9,-10,10,-11,10,-10,10,-10,10]"
2025-08-18 22:31:30.866929,CSI_DATA,522,1a:00:00:00:00:00,-42,11,0,0,0,0,0,0,0,0,0,-94,0,1,0,90117689,0,31,0,128,0,"[0,0,-6,13,-6,13,-6,12,-6,13,-5,13,-5,13,-4,12,-4,12,-3,12,-3,12,-3,12,-2,12,-2,13,-2,13,-1,13,-1,13,-2,14,-2,13,-2,14,-2,13,-3,13,-3,13,-4,12,-5,12,-5,11,-6,10,0,0,0,0,0,0,0,0,0,0,0,0,0,0,0,0,0,0,0,0,0,0,-3,8,-4,9,-5,9,-5,9,-6,9,-7,9,-7,9,-7,9,-8,9,-9,8,-9,8,-9,8,-9,8,-8,8,-8,8,-8,9,-7,9,-7,10,-7,10,-7,11,-6,11,-6,11,-7,12,-7,12,-7,12,-6,12]"
2025-08-18 22:31:31.072813,CSI_DATA,523,1a:00:00:00:00:00,-42,11,0,0,0,0,0,0,0,0,0,-94,0,1,0,90318858,0,31,0,128,0,"[0,0,-1,-15,-1,-15,-1,-15,-1,-14,-2,-14,-2,-14,-2,-14,-3,-14,-3,-13,-4,-13,-4,-13,-4,-13,-5,-13,-5,-13,-5,-13,-5,-13,-5,-14,-5,-14,-5,-14,-4,-14,-3,-14,-3,-14,-2,-14,-2,-13,-1,-13,0,-13,0,0,0,0,0,0,0,0,0,0,0,0,0,0,0,0,0,0,0,0,0,0,-2,-9,-2,-10,-1,-11,-1,-11,0,-11,1,-12,1,-12,2,-12,2,-12,3,-12,3,-12,3,-12,3,-12,3,-12,3,-12,2,-12,2,-12,1,-12,1,-13,1,-13,0,-13,0,-14,0,-14,-1,-14,-1,-14,-1,-15]"
2025-08-18 22:31:31.269125,CSI_DATA,524,1a:00:00:00:00:00,-42,11,0,0,0,0,0,0,0,0,0,-94,0,1,0,90520987,0,31,0,128,0,"[0,0,-7,12,-7,12,-6,12,-6,12,-6,12,-5,12,-5,12,-4,12,-4,12,-3,12,-3,12,-2,12,-2,12,-2,13,-2,13,-2,13,-2,13,-2,13,-3,13,-3,13,-4,13,-4,13,-5,12,-5,12,-6,11,-6,10,0,0,0,0,0,0,0,0,0,0,0,0,0,0,0,0,0,0,0,0,0,0,-4,8,-4,8,-5,8,-6,8,-6,8,-7,8,-8,8,-8,8,-8,8,-9,7,-9,7,-9,7,-9,7,-9,7,-8,8,-8,8,-8,8,-7,9,-7,9,-7,9,-7,10,-7,10,-7,11,-7,11,-7,11,-7,12]"
2025-08-18 22:31:31.467199,CSI_DATA,525,1a:00:00:00:00:00,-42,11,0,0,0,0,0,0,0,0,0,-94,0,1,0,90721269,0,31,0,128,0,"[0,0,3,14,3,13,3,13,3,13,4,13,4,12,4,12,5,12,5,11,6,11,6,11,6,11,7,11,7,11,7,11,7,11,8,11,7,12,7,12,6,12,6,12,5,12,4,12,4,12,3,12,2,12,0,0,0,0,0,0,0,0,0,0,0,0,0,0,0,0,0,0,0,0,0,0,2,8,2,9,2,9,1,10,1,10,0,11,-1,11,-1,11,-1,11,-2,11,-2,11,-2,11,-2,11,-1,11,-1,11,-1,11,-1,11,0,11,0,11,1,12,1,12,2,12,2,13,2,13,3,13,3,13]"
2025-08-18 22:31:31.674279,CSI_DATA,526,1a:00:00:00:00:00,-42,11,0,0,0,0,0,0,0,0,0,-94,0,1,0,90922388,0,31,0,128,0,"[0,0,1,-14,1,-14,1,-14,0,-14,0,-14,0,-14,-1,-14,-1,-13,-2,-13,-2,-13,-2,-13,-3,-13,-3,-13,-4,-13,-4,-13,-4,-14,-4,-14,-3,-14,-3,-14,-3,-14,-2,-14,-1,-14,-1,-13,0,-13,0,-13,1,-12,0,0,0,0,0,0,0,0,0,0,0,0,0,0,0,0,0,0,0,0,0,0,-1,-9,-1,-10,0,-10,1,-10,1,-11,2,-11,3,-11,3,-11,4,-11,4,-11,4,-11,4,-11,4,-11,4,-11,4,-11,3,-11,3,-11,3,-11,2,-12,2,-12,2,-12,2,-13,1,-13,1,-13,1,-14,1,-14]"
2025-08-18 22:31:31.884275,CSI_DATA,527,1a:00:00:00:00:00,-42,11,0,0,0,0,0,0,0,0,0,-94,0,1,0,91123542,0,31,0,128,0,"[0,0,-15,1,-14,2,-14,2,-14,2,-14,3,-14,3,-13,3,-13,4,-13,4,-12,5,-13,5,-12,5,-12,5,-12,6,-12,7,-13,6,-13,6,-13,6,-14,6,-14,5,-13,5,-13,4,-13,3,-13,3,-13,2,-13,1,0,0,0,0,0,0,0,0,0,0,0,0,0,0,0,0,0,0,0,0,0,0,-9,2,-10,1,-11,1,-11,0,-11,0,-12,-1,-12,-2,-12,-2,-12,-2,-12,-3,-12,-3,-12,-3,-12,-3,-12,-3,-12,-2,-12,-2,-12,-2,-12,-1,-13,-1,-13,0,-13,0,-13,0,-14,1,-14,1,-14,1,-14,1]"
2025-08-18 22:31:32.085102,CSI_DATA,528,1a:00:00:00:00:00,-42,11,0,0,0,0,0,0,0,0,0,-94,0,1,0,91324828,0,31,0,128,0,"[0,0,14,3,13,2,13,2,13,2,13,2,13,2,13,1,13,0,13,0,12,-1,13,-1,13,-2,13,-2,13,-2,13,-2,14,-2,13,-2,14,-2,14,-1,14,-1,14,0,13,1,12,1,12,1,12,2,12,2,0,0,0,0,0,0,0,0,0,0,0,0,0,0,0,0,0,0,0,0,0,0,9,0,9,1,9,1,10,2,10,3,10,3,10,4,10,5,10,5,10,5,10,5,10,5,10,5,10,5,10,5,10,5,10,5,10,4,11,4,11,4,12,4,12,3,12,3,13,3,13,3,14,2]"
2025-08-18 22:31:32.271555,CSI_DATA,529,1a:00:00:00:00:00,-42,11,0,0,0,0,0,0,0,0,0,-94,0,1,0,91525931,0,31,0,128,0,"[0,0,10,11,10,10,10,10,10,10,11,9,10,9,10,8,11,8,11,7,11,7,12,6,12,6,12,6,13,5,13,6,13,6,13,6,13,7,13,7,13,7,12,8,11,8,11,8,10,8,9,9,8,9,0,0,0,0,0,0,0,0,0,0,0,0,0,0,0,0,0,0,0,0,0,0,7,6,7,6,7,7,7,8,7,8,6,9,6,10,6,10,5,11,5,11,5,11,5,11,5,11,5,10,5,10,5,10,6,10,7,10,7,10,8,10,8,10,8,10,9,10,10,10,10,10,10,10]"
2025-08-18 22:31:32.336140,CSI_DATA,530,1a:00:00:00:00:00,-42,11,0,0,0,0,0,0,0,0,0,-94,0,1,0,91586434,0,42,0,128,0,"[0,0,12,-8,11,-8,12,-8,11,-8,11,-8,10,-8,10,-9,9,-9,9,-9,8,-9,9,-10,8,-10,8,-9,8,-11,8,-11,9,-11,8,-11,9,-11,9,-12,10,-10,10,-10,10,-8,10,-9,10,-7,10,-7,10,-7,0,0,0,0,0,0,0,0,0,0,0,0,0,0,0,0,0,0,0,0,0,0,6,-6,7,-6,8,-6,8,-5,9,-5,10,-5,10,-4,10,-4,11,-4,11,-3,11,-3,11,-3,11,-3,10,-3,11,-3,10,-3,10,-4,10,-4,11,-5,11,-6,11,-6,11,-6,10,-7,11,-7,11,-7,11,-8]"
2025-08-18 22:31:32.419982,CSI_DATA,531,1a:00:00:00:00:00,-42,11,0,0,0,0,0,0,0,0,0,-94,0,1,0,91656853,0,31,0,128,0,"[0,0,-8,12,-7,13,-7,12,-7,12,-6,13,-6,12,-5,12,-5,13,-4,12,-4,13,-3,13,-3,13,-3,13,-2,13,-2,14,-2,14,-3,14,-3,14,-3,14,-4,14,-5,13,-5,13,-5,13,-6,12,-6,11,-7,10,0,0,0,0,0,0,0,0,0,0,0,0,0,0,0,0,0,0,0,0,0,0,-4,8,-5,8,-6,9,-6,8,-7,9,-8,8,-8,9,-9,8,-9,8,-10,8,-10,8,-10,7,-9,8,-9,8,-9,8,-9,8,-8,8,-8,9,-8,9,-8,10,-8,10,-8,11,-8,11,-8,12,-7,12,-7,12]"
2025-08-18 22:31:32.609773,CSI_DATA,532,1a:00:00:00:00:00,-42,11,0,0,0,0,0,0,0,0,0,-94,0,1,0,91857946,0,31,0,128,0,"[0,0,-16,1,-15,2,-15,1,-15,2,-15,2,-15,3,-14,3,-14,3,-14,4,-13,4,-14,5,-13,6,-13,5,-14,6,-13,6,-14,6,-14,6,-15,6,-15,6,-15,5,-15,5,-14,4,-14,3,-14,2,-14,1,-14,1,0,0,0,0,0,0,0,0,0,0,0,0,0,0,0,0,0,0,0,0,0,0,-10,2,-11,1,-11,1,-12,0,-12,0,-12,-1,-13,-1,-13,-2,-13,-2,-13,-2,-13,-3,-13,-3,-13,-3,-13,-2,-13,-3,-13,-2,-13,-2,-13,-1,-13,-1,-13,0,-14,0,-14,1,-15,1,-15,1,-15,1,-15,2]"
2025-08-18 22:31:32.806465,CSI_DATA,533,1a:00:00:00:00:00,-42,11,0,0,0,0,0,0,0,0,0,-94,0,1,0,92060012,0,31,0,128,0,"[0,0,14,2,13,1,14,1,13,1,13,0,13,0,13,0,13,0,13,-1,12,-2,13,-2,12,-3,13,-3,13,-3,13,-3,14,-3,13,-3,14,-3,14,-2,14,-1,14,-1,13,0,13,0,12,0,12,1,12,2,0,0,0,0,0,0,0,0,0,0,0,0,0,0,0,0,0,0,0,0,0,0,9,-1,9,0,9,1,10,1,10,2,10,3,10,3,10,4,10,4,10,4,10,4,10,5,10,4,10,4,10,4,10,4,11,4,11,3,11,3,11,3,12,2,12,2,13,2,13,1,13,1,14,1]"
2025-08-18 22:31:33.011198,CSI_DATA,534,1a:00:00:00:00:00,-42,11,0,0,0,0,0,0,0,0,0,-94,0,1,0,92261960,0,31,0,128,0,"[0,0,-3,14,-3,14,-3,14,-2,13,-2,14,-2,13,-1,13,-1,13,0,13,0,13,1,13,1,12,1,13,2,13,2,13,2,13,2,14,1,14,1,14,1,14,0,14,-1,13,-1,13,-2,13,-2,12,-3,12,0,0,0,0,0,0,0,0,0,0,0,0,0,0,0,0,0,0,0,0,0,0,-1,9,-2,9,-2,9,-3,9,-3,10,-4,10,-5,10,-5,10,-6,10,-6,10,-6,10,-6,10,-6,10,-6,10,-6,10,-6,10,-5,10,-5,11,-4,11,-4,11,-4,12,-4,12,-3,13,-3,13,-3,13,-3,14]"
2025-08-18 22:31:33.205912,CSI_DATA,535,1a:00:00:00:00:00,-42,11,0,0,0,0,0,0,0,0,0,-94,0,1,0,92461522,0,31,0,128,0,"[0,0,8,11,8,11,8,11,9,10,9,10,8,10,9,10,9,9,9,9,10,8,10,8,10,7,11,7,11,7,11,7,12,7,11,7,11,8,11,8,11,9,10,9,10,9,9,9,8,9,8,9,7,10,0,0,0,0,0,0,0,0,0,0,0,0,0,0,0,0,0,0,0,0,0,0,6,6,6,7,5,8,5,8,5,9,4,9,4,10,4,10,3,11,3,11,3,11,3,11,3,11,3,11,3,10,4,10,4,10,5,10,5,10,6,10,6,10,6,11,7,11,8,11,8,11,8,11]"
2025-08-18 22:31:33.408977,CSI_DATA,536,1a:00:00:00:00:00,-42,11,0,0,0,0,0,0,0,0,0,-94,0,1,0,92662650,0,31,0,128,0,"[0,0,0,14,1,13,1,14,1,13,2,14,1,13,2,13,2,13,3,12,3,12,4,12,4,12,4,12,5,12,5,12,5,13,4,13,4,13,4,13,3,13,3,13,2,13,1,13,1,13,0,12,-1,12,0,0,0,0,0,0,0,0,0,0,0,0,0,0,0,0,0,0,0,0,0,0,2,8,1,9,0,9,0,10,0,10,-1,11,-2,11,-2,11,-3,11,-3,11,-3,11,-3,11,-3,11,-3,11,-3,11,-3,11,-2,11,-1,11,-1,12,-1,12,-1,12,0,13,0,13,0,13,0,13,1,14]"
2025-08-18 22:31:33.626650,CSI_DATA,537,1a:00:00:00:00:00,-42,11,0,0,0,0,0,0,0,0,0,-94,0,1,0,92864032,0,31,0,128,0,"[0,0,-15,-2,-15,-1,-15,-1,-15,-1,-15,-1,-15,0,-14,0,-14,1,-14,1,-14,2,-14,2,-14,3,-14,3,-14,3,-14,4,-14,4,-15,3,-15,3,-15,3,-15,2,-15,2,-15,1,-14,1,-14,0,-14,-1,-13,-2,0,0,0,0,0,0,0,0,0,0,0,0,0,0,0,0,0,0,0,0,0,0,-10,-1,-11,-1,-11,-2,-11,-2,-12,-3,-12,-4,-12,-4,-12,-5,-12,-5,-12,-6,-12,-6,-12,-6,-12,-5,-11,-5,-12,-5,-12,-5,-12,-4,-12,-4,-13,-4,-13,-3,-13,-3,-14,-3,-14,-2,-14,-2,-15,-2,-15,-2]"
2025-08-18 22:31:33.819769,CSI_DATA,538,1a:00:00:00:00:00,-42,11,0,0,0,0,0,0,0,0,0,-94,0,1,0,93065111,0,31,0,128,0,"[0,0,-4,-15,-5,-14,-5,-14,-5,-14,-5,-14,-6,-13,-6,-13,-6,-13,-7,-12,-7,-12,-8,-12,-8,-11,-9,-12,-9,-12,-9,-12,-9,-12,-9,-12,-9,-13,-9,-13,-8,-13,-8,-13,-7,-13,-7,-13,-6,-13,-5,-12,-4,-13,0,0,0,0,0,0,0,0,0,0,0,0,0,0,0,0,0,0,0,0,0,0,-3,-9,-3,-10,-2,-10,-2,-11,-2,-11,-1,-12,0,-12,0,-12,0,-13,1,-12,1,-12,1,-12,1,-12,0,-12,0,-12,0,-12,-1,-12,-1,-13,-2,-13,-2,-13,-2,-13,-3,-14,-3,-14,-4,-14,-4,-14,-4,-14]"
2025-08-18 22:31:33.878388,CSI_DATA,539,1a:00:00:00:00:00,-42,11,0,0,0,0,0,0,0,0,0,-94,0,1,0,93125566,0,42,0,128,0,"[0,0,1,-15,0,-15,0,-14,0,-14,0,-14,-1,-14,-1,-14,-2,-14,-2,-13,-2,-14,-3,-13,-3,-14,-3,-14,-4,-14,-4,-14,-4,-14,-4,-15,-3,-14,-3,-15,-3,-14,-2,-14,-1,-14,-1,-14,0,-14,1,-13,1,-13,0,0,0,0,0,0,0,0,0,0,0,0,0,0,0,0,0,0,0,0,0,0,-1,-9,0,-10,0,-10,1,-11,2,-11,2,-11,3,-11,3,-12,4,-12,4,-11,4,-11,4,-11,4,-11,4,-11,4,-11,3,-11,3,-11,3,-12,2,-12,2,-13,1,-13,1,-13,1,-14,1,-14,1,-14,1,-14]"
2025-08-18 22:31:33.933043,CSI_DATA,540,1a:00:00:00:00:00,-42,11,0,0,0,0,0,0,0,0,0,-94,0,1,0,93188281,0,31,0,128,0,"[0,0,5,13,6,13,6,13,6,12,6,12,6,12,6,12,7,11,7,11,7,10,8,10,9,10,9,10,9,10,9,10,10,10,9,11,9,11,9,11,8,11,7,12,7,12,6,12,6,12,5,11,4,12,0,0,0,0,0,0,0,0,0,0,0,0,0,0,0,0,0,0,0,0,0,0,5,7,5,8,4,9,4,10,3,10,3,11,2,11,2,11,1,12,1,11,1,12,1,11,1,12,1,11,1,11,1,11,2,11,2,11,3,12,3,12,4,12,4,12,5,12,5,12,5,13,6,13]"
2025-08-18 22:31:34.144209,CSI_DATA,541,1a:00:00:00:00:00,-42,11,0,0,0,0,0,0,0,0,0,-94,0,1,0,93389460,0,31,0,128,0,"[0,0,-4,-14,-4,-14,-5,-14,-5,-14,-5,-14,-5,-14,-6,-13,-6,-13,-6,-12,-7,-12,-7,-12,-8,-12,-8,-12,-8,-12,-8,-12,-8,-12,-8,-13,-8,-13,-8,-13,-7,-13,-7,-13,-6,-13,-5,-13,-5,-13,-4,-13,-3,-13,0,0,0,0,0,0,0,0,0,0,0,0,0,0,0,0,0,0,0,0,0,0,-4,-9,-4,-10,-3,-10,-3,-10,-3,-11,-2,-12,-1,-12,-1,-12,0,-12,0,-12,0,-13,0,-12,0,-12,0,-12,0,-12,-1,-12,-1,-12,-2,-12,-2,-13,-2,-13,-3,-13,-3,-13,-4,-13,-4,-14,-4,-14,-4,-14]"
2025-08-18 22:31:34.343974,CSI_DATA,542,1a:00:00:00:00:00,-42,11,0,0,0,0,0,0,0,0,0,-94,0,1,0,93590578,0,31,0,128,0,"[0,0,-1,-15,-1,-15,-1,-15,-1,-15,-2,-15,-2,-14,-3,-14,-3,-14,-4,-13,-4,-13,-4,-13,-5,-13,-5,-13,-6,-13,-6,-14,-6,-14,-6,-14,-5,-14,-5,-15,-5,-14,-4,-14,-3,-14,-3,-14,-2,-14,-1,-13,0,-13,0,0,0,0,0,0,0,0,0,0,0,0,0,0,0,0,0,0,0,0,0,0,-2,-10,-1,-10,-1,-11,0,-11,0,-11,1,-12,2,-12,2,-12,2,-12,3,-12,3,-12,3,-12,3,-12,3,-12,2,-12,2,-12,2,-12,1,-13,1,-13,1,-13,0,-13,0,-14,0,-14,0,-14,-1,-15,-1,-15]"
2025-08-18 22:31:34.548671,CSI_DATA,543,1a:00:00:00:00:00,-42,11,0,0,0,0,0,0,0,0,0,-94,0,1,0,93794065,0,31,0,128,0,"[0,0,-14,-4,-14,-4,-14,-4,-14,-4,-14,-3,-14,-3,-14,-3,-14,-2,-14,-1,-14,-1,-14,0,-14,0,-14,0,-14,0,-15,1,-14,1,-15,1,-15,0,-15,0,-15,-1,-15,-1,-14,-2,-14,-3,-13,-3,-13,-3,-12,-4,0,0,0,0,0,0,0,0,0,0,0,0,0,0,0,0,0,0,0,0,0,0,-10,-2,-10,-3,-10,-3,-10,-4,-11,-5,-11,-5,-11,-6,-11,-7,-10,-7,-10,-7,-10,-8,-10,-7,-10,-7,-10,-7,-10,-7,-11,-7,-11,-6,-11,-6,-12,-6,-12,-5,-12,-5,-13,-5,-13,-5,-14,-4,-14,-4,-14,-4]"
2025-08-18 22:31:34.741745,CSI_DATA,544,1a:00:00:00:00:00,-42,11,0,0,0,0,0,0,0,0,0,-94,0,1,0,93993136,0,31,0,128,0,"[0,0,-7,13,-6,13,-6,13,-6,13,-5,13,-6,13,-5,13,-4,13,-4,13,-3,13,-3,13,-2,13,-2,13,-2,14,-2,14,-2,14,-2,14,-2,14,-3,14,-3,14,-4,14,-4,14,-5,13,-5,13,-5,12,-6,11,0,0,0,0,0,0,0,0,0,0,0,0,0,0,0,0,0,0,0,0,0,0,-3,9,-4,9,-5,9,-6,9,-6,9,-7,9,-8,9,-8,9,-9,9,-9,9,-9,9,-9,8,-9,9,-9,9,-9,8,-8,9,-8,9,-8,10,-8,10,-8,11,-7,11,-7,12,-7,12,-7,12,-7,13,-6,13]"
2025-08-18 22:31:34.948195,CSI_DATA,545,1a:00:00:00:00:00,-42,11,0,0,0,0,0,0,0,0,0,-94,0,1,0,94194219,0,31,0,128,0,"[0,0,-13,-7,-13,-7,-13,-7,-13,-7,-13,-6,-13,-6,-13,-6,-13,-5,-13,-5,-13,-4,-13,-4,-13,-3,-13,-3,-14,-3,-14,-2,-14,-3,-15,-3,-14,-3,-14,-4,-14,-4,-14,-5,-13,-6,-13,-6,-12,-6,-12,-6,-11,-7,0,0,0,0,0,0,0,0,0,0,0,0,0,0,0,0,0,0,0,0,0,0,-9,-4,-9,-4,-9,-5,-9,-6,-9,-6,-9,-7,-9,-8,-9,-8,-9,-9,-9,-9,-8,-9,-8,-9,-8,-9,-8,-9,-9,-9,-9,-9,-9,-8,-10,-8,-10,-8,-10,-8,-11,-8,-11,-8,-12,-8,-12,-7,-12,-7,-13,-7]"
2025-08-18 22:31:35.152153,CSI_DATA,546,1a:00:00:00:00:00,-42,11,0,0,0,0,0,0,0,0,0,-94,0,1,0,94395448,0,31,0,128,0,"[0,0,5,13,5,13,5,12,6,13,6,12,6,12,6,12,7,11,7,11,8,10,8,10,8,10,9,10,9,10,9,10,9,10,9,11,9,10,9,11,8,11,7,11,7,12,6,12,6,12,5,11,4,11,0,0,0,0,0,0,0,0,0,0,0,0,0,0,0,0,0,0,0,0,0,0,4,7,4,8,4,9,3,9,3,10,2,10,2,11,2,11,1,12,1,12,1,12,1,11,1,12,1,11,1,11,1,12,2,11,2,11,3,11,3,12,3,12,4,12,5,12,5,13,5,13,5,12]"
2025-08-18 22:31:35.352108,CSI_DATA,547,1a:00:00:00:00:00,-42,11,0,0,0,0,0,0,0,0,0,-94,0,1,0,94596579,0,31,0,128,0,"[0,0,-14,-6,-14,-5,-14,-6,-14,-5,-14,-5,-13,-4,-14,-4,-14,-3,-14,-3,-14,-2,-14,-2,-14,-1,-14,-1,-15,-1,-14,-1,-15,-1,-15,-1,-15,-1,-15,-2,-15,-2,-15,-3,-14,-3,-13,-4,-13,-4,-13,-5,-12,-5,0,0,0,0,0,0,0,0,0,0,0,0,0,0,0,0,0,0,0,0,0,0,-10,-3,-10,-4,-10,-4,-10,-5,-10,-6,-10,-7,-10,-7,-10,-8,-10,-8,-10,-8,-10,-8,-9,-8,-10,-8,-9,-8,-10,-8,-10,-7,-10,-8,-11,-7,-11,-7,-11,-7,-12,-6,-12,-6,-12,-6,-13,-6,-13,-6,-14,-6]"
2025-08-18 22:31:35.403702,CSI_DATA,548,1a:00:00:00:00:00,-42,11,0,0,0,0,0,0,0,0,0,-94,0,1,0,94657019,0,42,0,128,0,"[0,0,3,15,3,14,3,14,3,14,4,14,4,13,4,13,5,13,5,12,6,12,6,12,7,11,7,12,8,12,7,12,8,12,8,12,7,13,7,13,7,13,6,13,5,13,4,13,4,13,3,13,2,12,0,0,0,0,0,0,0,0,0,0,0,0,0,0,0,0,0,0,0,0,0,0,3,9,2,10,1,10,1,11,1,11,0,12,-1,12,-1,12,-1,12,-2,12,-2,12,-2,12,-2,12,-2,12,-2,12,-1,12,-1,12,0,12,0,13,1,13,1,13,2,13,2,14,2,14,2,14,3,14]"
2025-08-18 22:31:35.482279,CSI_DATA,549,1a:00:00:00:00:00,-42,11,0,0,0,0,0,0,0,0,0,-94,0,1,0,94725201,0,31,0,128,0,"[0,0,-7,13,-6,12,-7,12,-6,12,-5,13,-5,12,-5,12,-4,12,-4,12,-3,12,-3,13,-2,13,-2,13,-2,13,-2,13,-2,13,-2,14,-3,14,-3,14,-4,14,-4,13,-5,13,-5,12,-5,12,-6,11,-6,10,0,0,0,0,0,0,0,0,0,0,0,0,0,0,0,0,0,0,0,0,0,0,-4,8,-4,9,-5,9,-6,9,-6,9,-7,9,-8,9,-8,9,-9,8,-9,8,-9,8,-9,8,-9,8,-9,8,-9,8,-8,8,-8,9,-8,9,-8,10,-7,10,-7,11,-7,11,-7,11,-7,12,-7,12,-7,12]"
2025-08-18 22:31:35.677003,CSI_DATA,550,1a:00:00:00:00:00,-42,11,0,0,0,0,0,0,0,0,0,-94,0,1,0,94926288,0,31,0,128,0,"[0,0,6,-14,5,-14,5,-14,5,-14,5,-14,4,-14,3,-14,3,-14,3,-14,2,-14,2,-14,1,-14,1,-14,1,-15,1,-14,1,-15,1,-15,2,-15,2,-15,2,-15,3,-15,3,-14,4,-13,4,-13,5,-12,5,-12,0,0,0,0,0,0,0,0,0,0,0,0,0,0,0,0,0,0,0,0,0,0,2,-10,3,-10,4,-10,4,-10,5,-10,6,-11,7,-11,7,-10,7,-10,8,-10,8,-10,8,-9,8,-10,8,-10,8,-10,7,-10,7,-10,6,-10,6,-11,6,-12,6,-12,6,-13,6,-13,6,-13,6,-14,6,-14]"
2025-08-18 22:31:35.878995,CSI_DATA,551,1a:00:00:00:00:00,-42,11,0,0,0,0,0,0,0,0,0,-94,0,1,0,95127588,0,31,0,128,0,"[0,0,-14,6,-14,7,-14,7,-13,7,-13,7,-13,7,-12,7,-12,8,-11,8,-11,8,-11,9,-10,9,-10,10,-10,10,-10,10,-10,11,-10,10,-11,11,-11,10,-12,9,-12,9,-12,8,-12,8,-12,7,-12,6,-12,5,0,0,0,0,0,0,0,0,0,0,0,0,0,0,0,0,0,0,0,0,0,0,-9,5,-10,4,-10,4,-11,3,-11,3,-12,3,-12,2,-13,2,-13,1,-13,1,-13,1,-13,1,-13,1,-13,1,-13,1,-12,2,-13,3,-12,3,-13,3,-13,4,-13,4,-13,5,-13,5,-13,6,-14,6,-14,6]"
2025-08-18 22:31:36.286255,CSI_DATA,552,1a:00:00:00:00:00,-42,11,0,0,0,0,0,0,0,0,0,-94,0,1,0,95328828,0,31,0,128,0,"[0,0,-7,-13,-8,-13,-7,-13,-8,-13,-8,-12,-8,-12,-8,-12,-8,-11,-9,-11,-9,-10,-10,-10,-10,-10,-10,-10,-11,-10,-11,-10,-11,-10,-11,-10,-11,-11,-10,-11,-10,-11,-9,-12,-9,-12,-8,-12,-7,-11,-7,-11,-6,-12,0,0,0,0,0,0,0,0,0,0,0,0,0,0,0,0,0,0,0,0,0,0,-6,-8,-6,-8,-6,-9,-5,-10,-5,-10,-5,-11,-4,-12,-4,-12,-3,-12,-3,-12,-3,-12,-3,-12,-3,-12,-3,-12,-3,-12,-3,-12,-4,-12,-4,-12,-5,-12,-5,-12,-5,-12,-6,-12,-7,-13,-7,-12,-7,-13,-7,-13]"
2025-08-18 22:31:36.292580,CSI_DATA,553,1a:00:00:00:00:00,-42,11,0,0,0,0,0,0,0,0,0,-94,0,1,0,95529915,0,31,0,128,0,"[0,0,-9,-11,-10,-11,-9,-11,-10,-11,-10,-11,-10,-10,-10,-10,-10,-9,-11,-9,-11,-8,-11,-8,-11,-8,-12,-8,-12,-7,-13,-7,-13,-7,-13,-8,-13,-8,-13,-8,-12,-9,-12,-9,-11,-9,-10,-10,-10,-10,-9,-10,-8,-10,0,0,0,0,0,0,0,0,0,0,0,0,0,0,0,0,0,0,0,0,0,0,-7,-7,-7,-8,-6,-8,-6,-9,-6,-10,-6,-10,-6,-11,-5,-11,-5,-11,-4,-12,-4,-12,-4,-12,-4,-12,-4,-11,-4,-11,-5,-11,-5,-11,-6,-11,-6,-11,-7,-11,-7,-11,-8,-11,-8,-11,-9,-11,-8,-11,-9,-11]"
2025-08-18 22:31:36.476356,CSI_DATA,554,1a:00:00:00:00:00,-43,11,0,0,0,0,0,0,0,0,0,-94,0,1,0,95731054,0,31,0,128,0,"[0,0,5,13,5,13,5,13,6,12,6,12,6,12,6,11,7,11,7,10,7,10,8,10,8,10,8,10,9,10,9,10,9,10,9,10,9,11,9,11,9,11,8,11,7,11,6,12,6,12,5,11,4,11,0,0,0,0,0,0,0,0,0,0,0,0,0,0,0,0,0,0,0,0,0,0,4,8,4,9,3,9,2,10,2,10,2,11,1,11,1,11,1,12,0,12,0,12,0,11,0,11,0,11,0,11,1,11,1,11,2,11,2,12,3,12,3,12,3,12,4,12,4,13,5,13,5,13]"
2025-08-18 22:31:36.690791,CSI_DATA,555,1a:00:00:00:00:00,-43,11,0,0,0,0,0,0,0,0,0,-94,0,1,0,95932192,0,31,0,128,0,"[0,0,-6,-14,-6,-14,-6,-14,-6,-13,-6,-13,-7,-13,-7,-13,-7,-12,-8,-11,-8,-11,-8,-11,-9,-11,-9,-11,-10,-11,-10,-11,-10,-11,-10,-11,-10,-11,-10,-11,-9,-12,-9,-12,-8,-12,-7,-12,-7,-12,-6,-12,-5,-12,0,0,0,0,0,0,0,0,0,0,0,0,0,0,0,0,0,0,0,0,0,0,-4,-9,-4,-9,-3,-10,-3,-11,-3,-11,-2,-11,-2,-12,-1,-12,-1,-12,0,-12,0,-12,0,-12,0,-12,0,-12,-1,-12,-1,-12,-2,-12,-2,-12,-3,-13,-3,-12,-4,-13,-4,-13,-4,-13,-5,-14,-5,-14,-5,-14]"
2025-08-18 22:31:36.887499,CSI_DATA,556,1a:00:00:00:00:00,-42,11,0,0,0,0,0,0,0,0,0,-94,0,1,0,96133343,0,31,0,128,0,"[0,0,-15,-2,-15,-2,-14,-2,-14,-1,-14,-1,-14,-1,-14,0,-14,1,-14,1,-14,1,-13,2,-13,2,-14,2,-14,3,-14,3,-14,3,-14,2,-15,2,-15,2,-15,1,-15,1,-14,0,-14,0,-13,-1,-13,-2,-13,-3,0,0,0,0,0,0,0,0,0,0,0,0,0,0,0,0,0,0,0,0,0,0,-10,0,-10,0,-10,-1,-11,-1,-11,-2,-11,-3,-12,-3,-12,-4,-12,-4,-11,-5,-11,-5,-11,-5,-11,-5,-11,-5,-11,-5,-11,-4,-12,-4,-12,-3,-12,-3,-13,-2,-13,-2,-13,-2,-14,-2,-14,-2,-14,-2,-15,-2]"
2025-08-18 22:31:36.948334,CSI_DATA,557,1a:00:00:00:00:00,-42,11,0,0,0,0,0,0,0,0,0,-94,0,1,0,96193844,0,42,0,128,0,"[0,0,-2,-14,-2,-15,-2,-14,-2,-14,-3,-14,-3,-14,-3,-14,-4,-13,-4,-13,-4,-13,-5,-13,-5,-13,-6,-13,-6,-13,-6,-13,-6,-13,-6,-14,-6,-14,-6,-14,-5,-14,-5,-14,-4,-14,-3,-14,-2,-13,-2,-13,-1,-13,0,0,0,0,0,0,0,0,0,0,0,0,0,0,0,0,0,0,0,0,0,0,-2,-10,-2,-10,-1,-10,-1,-11,0,-11,1,-12,1,-12,2,-12,2,-12,3,-12,3,-12,3,-12,3,-12,3,-12,2,-12,2,-12,1,-12,1,-12,0,-13,0,-13,0,-13,-1,-14,-1,-14,-1,-14,-1,-14,-1,-14]"
2025-08-18 22:31:37.022071,CSI_DATA,558,1a:00:00:00:00:00,-42,11,0,0,0,0,0,0,0,0,0,-94,0,1,0,96261032,0,31,0,128,0,"[0,0,-13,6,-13,7,-13,7,-13,7,-12,7,-12,7,-11,7,-11,8,-11,8,-10,9,-10,9,-10,9,-10,9,-9,10,-10,10,-9,10,-10,10,-10,10,-11,10,-11,10,-11,9,-11,8,-11,8,-11,7,-11,6,-12,5,0,0,0,0,0,0,0,0,0,0,0,0,0,0,0,0,0,0,0,0,0,0,-8,5,-9,5,-10,4,-10,4,-11,4,-11,3,-12,3,-12,2,-12,2,-13,2,-13,1,-13,1,-12,1,-12,2,-12,2,-12,2,-12,3,-12,3,-12,4,-12,4,-12,5,-13,5,-13,6,-13,6,-13,6,-13,6]"
2025-08-18 22:31:37.207055,CSI_DATA,559,1a:00:00:00:00:00,-42,11,0,0,0,0,0,0,0,0,0,-94,0,1,0,96462812,0,31,0,128,0,"[0,0,6,12,6,12,6,11,7,11,7,11,7,11,7,10,8,10,8,9,8,9,9,8,9,8,10,8,9,8,10,8,10,8,10,9,10,9,10,9,10,9,9,10,8,10,8,10,7,10,6,10,6,10,0,0,0,0,0,0,0,0,0,0,0,0,0,0,0,0,0,0,0,0,0,0,5,7,4,8,4,9,4,9,4,10,3,10,3,11,2,11,2,11,1,11,1,11,1,11,1,11,1,11,2,11,2,11,2,10,3,11,3,11,4,11,4,11,5,11,5,11,6,12,6,12,6,12]"
2025-08-18 22:31:37.614134,CSI_DATA,560,1a:00:00:00:00:00,-42,11,0,0,0,0,0,0,0,0,0,-94,0,1,0,96663290,0,31,0,128,0,"[0,0,-7,-13,-7,-13,-7,-13,-7,-12,-8,-13,-8,-12,-8,-12,-8,-11,-9,-11,-9,-10,-9,-10,-10,-10,-10,-10,-11,-10,-11,-10,-11,-10,-10,-10,-11,-11,-11,-11,-10,-11,-10,-11,-9,-12,-8,-12,-7,-12,-7,-11,-6,-12,0,0,0,0,0,0,0,0,0,0,0,0,0,0,0,0,0,0,0,0,0,0,-6,-8,-6,-9,-5,-9,-5,-10,-4,-11,-4,-11,-3,-12,-3,-12,-3,-12,-2,-12,-2,-12,-2,-12,-2,-12,-2,-12,-3,-12,-3,-11,-3,-12,-4,-12,-4,-12,-5,-12,-5,-12,-6,-12,-6,-12,-6,-12,-7,-13,-7,-13]"
2025-08-18 22:31:37.619386,CSI_DATA,561,1a:00:00:00:00:00,-42,11,0,0,0,0,0,0,0,0,0,-94,0,1,0,96864452,0,31,0,128,0,"[0,0,14,-2,14,-2,14,-2,14,-3,14,-3,13,-3,13,-4,13,-4,13,-4,12,-5,12,-6,12,-6,12,-6,12,-7,12,-7,13,-7,13,-7,13,-7,14,-6,14,-5,14,-5,13,-4,13,-4,13,-3,13,-2,12,-1,0,0,0,0,0,0,0,0,0,0,0,0,0,0,0,0,0,0,0,0,0,0,9,-3,9,-2,10,-2,10,-1,11,0,11,0,11,1,12,1,12,2,11,2,11,2,11,3,11,2,11,2,11,2,11,2,11,1,12,1,12,0,12,0,12,-1,13,-1,13,-1,13,-2,14,-2,14,-2]"
2025-08-18 22:31:37.816267,CSI_DATA,562,1a:00:00:00:00:00,-42,11,0,0,0,0,0,0,0,0,0,-94,0,1,0,97065614,0,31,0,128,0,"[0,0,-13,7,-13,7,-12,6,-12,7,-12,7,-12,7,-12,7,-11,8,-10,8,-10,9,-10,9,-9,9,-10,9,-9,10,-10,10,-9,10,-10,10,-10,10,-11,10,-11,9,-11,9,-11,8,-11,8,-11,7,-11,6,-12,5,0,0,0,0,0,0,0,0,0,0,0,0,0,0,0,0,0,0,0,0,0,0,-8,5,-9,5,-9,4,-10,4,-11,4,-11,3,-12,3,-12,2,-12,2,-12,2,-13,1,-12,1,-12,2,-12,2,-12,2,-12,2,-12,3,-12,3,-12,4,-12,4,-12,4,-12,5,-13,6,-12,6,-13,6,-13,7]"
2025-08-18 22:31:38.012104,CSI_DATA,563,1a:00:00:00:00:00,-42,11,0,0,0,0,0,0,0,0,0,-94,0,1,0,97266816,0,31,0,128,0,"[0,0,13,6,12,6,12,5,12,5,12,5,12,5,12,4,12,4,12,3,12,2,13,2,12,1,13,1,13,1,13,1,14,1,14,1,14,2,14,2,14,3,13,3,13,4,12,4,12,4,11,4,11,5,0,0,0,0,0,0,0,0,0,0,0,0,0,0,0,0,0,0,0,0,0,0,9,3,9,4,9,4,9,5,9,6,9,7,8,7,9,8,8,8,8,8,8,9,8,8,8,8,8,8,8,8,8,7,9,8,9,7,9,7,10,7,10,7,11,7,11,6,12,6,12,6,13,6]"
2025-08-18 22:31:38.212184,CSI_DATA,564,1a:00:00:00:00:00,-42,11,0,0,0,0,0,0,0,0,0,-94,0,1,0,97468193,0,31,0,128,0,"[0,0,10,10,9,9,10,10,10,9,10,9,10,8,10,8,10,8,10,7,11,6,11,6,11,6,12,6,12,6,12,6,12,6,12,6,13,7,12,7,12,7,11,8,11,8,10,8,9,8,9,8,8,9,0,0,0,0,0,0,0,0,0,0,0,0,0,0,0,0,0,0,0,0,0,0,7,5,7,6,7,7,7,8,6,8,6,9,6,10,6,10,5,10,5,10,5,11,4,10,4,10,5,10,5,10,5,10,6,10,6,9,7,10,7,10,7,9,8,10,8,9,9,10,9,10,10,10]"
2025-08-18 22:31:38.417668,CSI_DATA,565,1a:00:00:00:00:00,-42,11,0,0,0,0,0,0,0,0,0,-94,0,1,0,97669256,0,31,0,128,0,"[0,0,-1,14,-1,14,-1,13,-1,14,0,13,0,13,0,13,1,13,1,13,2,13,3,13,3,13,4,13,4,13,4,13,4,13,4,14,4,13,3,14,3,14,2,14,1,14,1,13,0,13,-1,12,-1,12,0,0,0,0,0,0,0,0,0,0,0,0,0,0,0,0,0,0,0,0,0,0,0,9,-1,9,-1,10,-2,10,-3,11,-3,10,-4,11,-5,11,-5,11,-6,11,-5,11,-6,10,-5,10,-5,10,-5,10,-5,11,-4,11,-4,11,-4,11,-3,12,-3,12,-2,13,-2,13,-2,13,-2,14,-1,14]"
2025-08-18 22:31:38.481574,CSI_DATA,566,1a:00:00:00:00:00,-43,11,0,0,0,0,0,0,0,0,0,-94,0,1,0,97730771,0,42,0,128,0,"[0,0,4,-14,4,-14,3,-14,3,-13,3,-14,3,-13,2,-13,2,-13,1,-13,1,-13,0,-13,0,-13,-1,-14,-1,-14,-1,-14,-1,-15,-1,-14,0,-15,1,-15,1,-14,2,-14,2,-14,2,-13,3,-13,3,-12,4,-12,0,0,0,0,0,0,0,0,0,0,0,0,0,0,0,0,0,0,0,0,0,0,1,-9,2,-10,3,-10,4,-10,4,-10,5,-11,6,-10,6,-10,6,-10,6,-10,7,-10,7,-9,7,-10,6,-10,6,-10,6,-9,6,-10,5,-10,5,-11,5,-11,5,-12,4,-12,4,-12,4,-13,4,-13,4,-14]"
2025-08-18 22:31:38.563357,CSI_DATA,567,1a:00:00:00:00:00,-42,11,0,0,0,0,0,0,0,0,0,-94,0,1,0,97797126,0,31,0,128,0,"[0,0,2,-14,2,-15,2,-14,2,-14,1,-14,1,-14,0,-14,0,-14,-1,-14,-1,-14,-1,-14,-2,-14,-2,-14,-3,-14,-3,-15,-3,-14,-2,-15,-2,-15,-2,-15,-2,-15,-1,-15,-1,-15,0,-14,1,-14,0,-13,2,-13,0,0,0,0,0,0,0,0,0,0,0,0,0,0,0,0,0,0,0,0,0,0,1,-10,1,-10,2,-11,3,-11,3,-11,4,-11,5,-11,5,-11,5,-11,6,-11,6,-10,6,-10,6,-11,6,-10,5,-10,5,-11,5,-11,4,-12,4,-12,4,-12,3,-13,3,-13,3,-13,3,-14,3,-14,3,-14]"
2025-08-18 22:31:38.749209,CSI_DATA,568,1a:00:00:00:00:00,-43,11,0,0,0,0,0,0,0,0,0,-94,0,1,0,97998191,0,31,0,128,0,"[0,0,-13,8,-13,8,-12,8,-12,8,-12,8,-12,8,-11,9,-11,9,-10,9,-10,10,-10,10,-9,10,-9,11,-9,11,-9,12,-9,11,-10,12,-10,12,-10,11,-11,11,-11,11,-11,10,-11,9,-11,8,-12,8,-12,7,0,0,0,0,0,0,0,0,0,0,0,0,0,0,0,0,0,0,0,0,0,0,-8,6,-9,6,-10,5,-11,5,-11,5,-12,4,-12,3,-13,3,-13,3,-13,2,-13,2,-13,2,-13,2,-12,2,-12,3,-12,3,-12,3,-12,4,-12,5,-12,5,-12,6,-13,6,-13,7,-12,7,-13,7,-13,8]"
2025-08-18 22:31:38.942600,CSI_DATA,569,1a:00:00:00:00:00,-42,11,0,0,0,0,0,0,0,0,0,-94,0,1,0,98199402,0,31,0,128,0,"[0,0,12,7,12,7,11,7,12,6,12,6,12,6,12,5,12,5,12,4,12,4,12,3,12,3,13,3,13,3,13,2,14,2,14,3,14,3,14,4,13,4,13,5,12,5,12,6,11,6,10,6,10,7,0,0,0,0,0,0,0,0,0,0,0,0,0,0,0,0,0,0,0,0,0,0,8,3,8,4,8,5,8,5,8,6,8,7,8,8,8,8,8,8,7,9,7,9,7,9,7,9,7,9,7,8,8,8,8,8,8,7,9,7,9,7,10,7,10,7,11,7,11,7,11,7,12,7]"
2025-08-18 22:31:39.152624,CSI_DATA,570,1a:00:00:00:00:00,-42,11,0,0,0,0,0,0,0,0,0,-94,0,1,0,98400611,0,31,0,128,0,"[0,0,-15,2,-14,3,-15,3,-14,3,-14,3,-14,4,-13,4,-13,4,-13,5,-12,5,-12,6,-12,6,-12,7,-12,7,-12,7,-12,8,-12,7,-13,7,-13,7,-13,7,-13,6,-13,5,-13,4,-13,4,-13,3,-13,2,0,0,0,0,0,0,0,0,0,0,0,0,0,0,0,0,0,0,0,0,0,0,-10,2,-10,1,-11,0,-11,0,-12,0,-12,-1,-12,-2,-13,-2,-12,-2,-12,-3,-12,-3,-12,-3,-12,-3,-12,-3,-12,-2,-12,-2,-13,-2,-12,-1,-13,-1,-13,0,-13,0,-13,1,-14,1,-14,2,-14,2,-15,2]"
2025-08-18 22:31:39.352147,CSI_DATA,571,1a:00:00:00:00:00,-42,11,0,0,0,0,0,0,0,0,0,-94,0,1,0,98601984,0,31,0,128,0,"[0,0,11,-9,11,-10,11,-10,10,-10,10,-10,10,-10,10,-10,9,-11,9,-11,8,-11,7,-12,7,-12,7,-12,7,-12,7,-13,7,-13,7,-13,8,-13,8,-13,9,-12,9,-11,9,-11,9,-11,9,-10,10,-9,10,-8,0,0,0,0,0,0,0,0,0,0,0,0,0,0,0,0,0,0,0,0,0,0,6,-8,7,-7,8,-7,8,-7,9,-7,10,-6,10,-6,11,-5,11,-5,11,-5,11,-5,11,-4,11,-5,11,-5,11,-5,11,-5,10,-6,10,-6,11,-7,11,-7,11,-7,11,-8,11,-9,11,-9,11,-9,11,-9]"
2025-08-18 22:31:39.550362,CSI_DATA,572,1a:00:00:00:00:00,-43,11,0,0,0,0,0,0,0,0,0,-94,0,1,0,98803026,0,31,0,128,0,"[0,0,14,0,14,0,14,0,14,-1,14,-1,13,-2,13,-2,13,-3,13,-3,13,-3,13,-4,13,-4,13,-4,13,-5,13,-5,13,-5,14,-5,14,-5,14,-5,14,-4,14,-4,14,-3,13,-2,13,-1,13,0,13,0,0,0,0,0,0,0,0,0,0,0,0,0,0,0,0,0,0,0,0,0,0,0,9,-1,10,-1,10,0,10,1,11,1,11,2,11,2,11,3,11,3,11,4,11,4,11,4,11,5,11,4,11,4,11,3,11,3,11,2,12,2,12,1,13,1,13,1,13,1,14,1,14,0,14,0]"
2025-08-18 22:31:39.769021,CSI_DATA,573,1a:00:00:00:00:00,-42,11,0,0,0,0,0,0,0,0,0,-94,0,1,0,99004164,0,31,0,128,0,"[0,0,-14,3,-14,4,-14,4,-13,4,-13,4,-13,4,-13,5,-12,5,-12,5,-12,6,-11,6,-11,7,-11,7,-11,8,-11,8,-12,8,-12,8,-12,8,-13,7,-13,7,-13,6,-13,5,-12,5,-12,4,-12,4,-12,3,0,0,0,0,0,0,0,0,0,0,0,0,0,0,0,0,0,0,0,0,0,0,-9,3,-10,3,-10,2,-11,1,-11,1,-12,0,-12,0,-12,0,-12,-1,-12,-1,-12,-1,-12,-1,-12,-1,-12,-1,-12,-1,-12,-1,-12,0,-12,0,-12,1,-13,1,-13,2,-13,2,-13,3,-13,3,-13,3,-13,3]"
2025-08-18 22:31:39.956175,CSI_DATA,574,1a:00:00:00:00:00,-42,11,0,0,0,0,0,0,0,0,0,-94,0,1,0,99205352,0,31,0,128,0,"[0,0,-14,6,-13,6,-13,7,-13,7,-13,7,-12,7,-12,7,-12,8,-11,8,-10,9,-10,9,-10,9,-10,10,-10,10,-10,10,-10,11,-10,10,-11,10,-12,10,-12,10,-12,9,-12,8,-12,7,-12,7,-12,6,-12,5,0,0,0,0,0,0,0,0,0,0,0,0,0,0,0,0,0,0,0,0,0,0,-8,5,-9,5,-10,4,-11,4,-11,3,-12,3,-12,2,-12,2,-13,2,-13,1,-13,2,-13,1,-12,1,-12,2,-12,2,-12,2,-12,3,-12,3,-13,4,-13,4,-13,4,-13,5,-13,6,-13,6,-13,7,-13,7]"
2025-08-18 22:31:40.020361,CSI_DATA,575,1a:00:00:00:00:00,-42,11,0,0,0,0,0,0,0,0,0,-94,0,1,0,99265820,0,42,0,128,0,"[0,0,-3,-16,-4,-15,-4,-15,-4,-15,-4,-15,-5,-15,-5,-14,-5,-14,-6,-13,-6,-13,-7,-13,-7,-13,-8,-13,-8,-13,-9,-13,-9,-13,-8,-14,-8,-14,-8,-14,-8,-14,-7,-14,-6,-14,-5,-14,-5,-14,-4,-14,-3,-14,0,0,0,0,0,0,0,0,0,0,0,0,0,0,0,0,0,0,0,0,0,0,-3,-10,-3,-11,-2,-11,-1,-12,-1,-12,0,-13,0,-13,1,-13,1,-13,2,-13,2,-13,2,-13,2,-13,2,-13,1,-13,1,-13,0,-13,0,-13,-1,-14,-1,-14,-2,-14,-2,-15,-2,-15,-3,-15,-3,-15,-3,-15]"
2025-08-18 22:31:40.077061,CSI_DATA,576,1a:00:00:00:00:00,-42,11,0,0,0,0,0,0,0,0,0,-94,0,1,0,99332909,0,31,0,128,0,"[0,0,9,11,9,10,9,10,9,10,9,10,9,9,10,9,10,8,10,8,11,7,10,7,11,7,11,7,11,6,12,6,12,6,12,7,12,7,12,7,12,8,11,8,10,8,10,9,9,9,8,9,7,9,0,0,0,0,0,0,0,0,0,0,0,0,0,0,0,0,0,0,0,0,0,0,6,6,6,7,6,8,5,8,5,9,5,10,5,10,4,10,4,11,3,11,3,11,3,11,3,11,3,11,4,10,4,10,5,10,5,10,6,10,6,10,7,10,7,10,8,10,8,10,8,10,9,10]"
2025-08-18 22:31:40.282121,CSI_DATA,577,1a:00:00:00:00:00,-42,11,0,0,0,0,0,0,0,0,0,-94,0,1,0,99533973,0,31,0,128,0,"[0,0,14,-2,14,-3,13,-3,14,-3,13,-3,13,-4,13,-4,12,-4,12,-5,12,-6,12,-6,12,-6,11,-7,11,-7,12,-8,12,-8,12,-7,13,-7,13,-7,13,-6,13,-6,13,-5,13,-4,12,-4,12,-3,12,-2,0,0,0,0,0,0,0,0,0,0,0,0,0,0,0,0,0,0,0,0,0,0,9,-2,9,-2,10,-1,10,0,11,0,11,1,11,1,11,2,11,2,11,3,11,3,11,3,11,3,11,2,11,2,11,1,11,1,11,1,12,0,12,0,12,0,13,-1,13,-1,13,-2,13,-2,14,-2]"
2025-08-18 22:31:40.479428,CSI_DATA,578,1a:00:00:00:00:00,-42,11,0,0,0,0,0,0,0,0,0,-94,0,1,0,99735308,0,31,0,128,0,"[0,0,10,10,10,9,10,9,10,9,10,8,10,8,10,8,11,7,11,7,11,6,11,6,12,6,12,5,12,5,13,5,13,5,13,6,13,6,13,6,12,6,12,7,11,7,11,8,10,8,9,8,9,8,0,0,0,0,0,0,0,0,0,0,0,0,0,0,0,0,0,0,0,0,0,0,7,6,7,6,7,7,6,7,6,8,6,9,6,9,6,10,5,10,5,10,5,11,4,10,5,10,4,10,5,10,5,10,6,9,6,9,7,9,7,9,8,9,8,9,9,9,9,10,9,10,10,10]"
2025-08-18 22:31:40.686946,CSI_DATA,579,1a:00:00:00:00:00,-42,11,0,0,0,0,0,0,0,0,0,-94,0,1,0,99936394,0,31,0,128,0,"[0,0,-14,5,-14,5,-13,5,-13,6,-13,6,-13,6,-12,6,-12,6,-11,7,-12,8,-11,8,-11,8,-11,8,-10,9,-11,9,-10,9,-11,10,-11,9,-12,9,-12,9,-12,8,-12,7,-12,6,-12,6,-12,5,-12,4,0,0,0,0,0,0,0,0,0,0,0,0,0,0,0,0,0,0,0,0,0,0,-9,4,-9,3,-10,3,-10,3,-11,2,-12,1,-12,1,-12,1,-12,1,-13,0,-12,0,-12,-1,-12,0,-12,0,-12,0,-12,1,-12,1,-12,2,-12,2,-13,3,-13,3,-13,4,-13,4,-13,4,-13,4,-13,5]"
2025-08-18 22:31:40.888123,CSI_DATA,580,1a:00:00:00:00:00,-42,11,0,0,0,0,0,0,0,0,0,-94,0,1,0,100137552,0,31,0,128,0,"[0,0,8,-13,8,-13,7,-13,7,-13,7,-14,7,-13,6,-13,6,-13,5,-13,4,-14,4,-14,3,-14,3,-15,3,-15,3,-15,3,-15,3,-15,4,-15,4,-15,5,-15,6,-14,6,-14,6,-13,6,-13,7,-12,8,-11,0,0,0,0,0,0,0,0,0,0,0,0,0,0,0,0,0,0,0,0,0,0,4,-9,5,-10,6,-10,7,-10,7,-10,8,-9,9,-9,9,-9,10,-9,10,-8,10,-8,10,-8,10,-8,10,-8,10,-9,9,-8,9,-9,8,-9,8,-10,8,-10,8,-11,8,-11,8,-12,8,-12,8,-13,8,-13]"
2025-08-18 22:31:41.089440,CSI_DATA,581,1a:00:00:00:00:00,-43,11,0,0,0,0,0,0,0,0,0,-94,0,1,0,100338800,0,31,0,128,0,"[0,0,-13,7,-13,7,-13,7,-12,7,-12,7,-12,8,-11,8,-11,8,-10,8,-10,9,-10,9,-10,9,-9,9,-9,10,-9,10,-10,10,-10,10,-10,10,-10,10,-11,10,-11,9,-11,8,-11,8,-12,7,-11,6,-12,5,0,0,0,0,0,0,0,0,0,0,0,0,0,0,0,0,0,0,0,0,0,0,-8,5,-9,5,-10,4,-10,4,-11,4,-11,3,-12,3,-12,3,-12,2,-12,2,-13,1,-12,1,-12,1,-12,1,-12,2,-12,2,-12,2,-12,3,-12,4,-12,4,-12,5,-12,5,-13,6,-13,6,-13,6,-13,6]"
2025-08-18 22:31:41.298203,CSI_DATA,582,1a:00:00:00:00:00,-42,11,0,0,0,0,0,0,0,0,0,-94,0,1,0,100539957,0,31,0,128,0,"[0,0,-9,-12,-9,-12,-9,-11,-10,-12,-9,-11,-10,-11,-10,-10,-10,-10,-10,-9,-11,-9,-11,-9,-11,-9,-11,-9,-11,-8,-12,-8,-12,-8,-12,-9,-12,-9,-12,-9,-12,-10,-11,-10,-10,-11,-10,-11,-9,-11,-8,-11,-7,-11,0,0,0,0,0,0,0,0,0,0,0,0,0,0,0,0,0,0,0,0,0,0,-7,-7,-7,-8,-7,-9,-6,-9,-6,-10,-6,-11,-5,-11,-5,-12,-5,-12,-4,-12,-4,-12,-4,-12,-4,-12,-4,-12,-4,-12,-5,-12,-5,-11,-6,-11,-6,-11,-7,-11,-7,-11,-8,-12,-8,-12,-8,-12,-8,-12,-9,-12]"
2025-08-18 22:31:41.491601,CSI_DATA,583,1a:00:00:00:00:00,-42,11,0,0,0,0,0,0,0,0,0,-94,0,1,0,100741099,0,31,0,128,0,"[0,0,11,-9,11,-9,11,-9,11,-9,10,-10,10,-9,9,-10,9,-10,9,-10,8,-11,8,-11,7,-11,7,-11,7,-12,7,-12,7,-12,8,-13,8,-12,9,-12,9,-12,9,-11,9,-10,10,-10,10,-9,10,-8,10,-7,0,0,0,0,0,0,0,0,0,0,0,0,0,0,0,0,0,0,0,0,0,0,7,-7,7,-6,8,-6,9,-6,9,-6,10,-5,11,-5,11,-4,11,-4,11,-4,11,-4,11,-3,11,-3,11,-4,11,-4,11,-4,11,-5,10,-5,11,-6,11,-6,11,-7,11,-7,11,-8,11,-8,11,-8,11,-8]"
2025-08-18 22:31:41.547854,CSI_DATA,584,1a:00:00:00:00:00,-42,11,0,0,0,0,0,0,0,0,0,-94,0,1,0,100801552,0,42,0,128,0,"[0,0,2,14,2,14,2,13,2,13,3,13,3,13,3,12,4,12,4,12,5,11,5,11,6,12,6,11,6,12,7,12,7,12,6,12,6,12,6,13,5,13,5,13,4,13,3,13,3,12,2,12,1,12,0,0,0,0,0,0,0,0,0,0,0,0,0,0,0,0,0,0,0,0,0,0,2,9,2,9,1,10,0,10,0,11,0,11,-1,11,-2,11,-2,12,-3,11,-3,11,-3,11,-3,11,-2,11,-2,11,-2,11,-1,11,-1,11,0,12,0,12,0,12,1,13,1,13,2,13,2,13,2,14]"
2025-08-18 22:31:41.628052,CSI_DATA,585,1a:00:00:00:00:00,-43,11,0,0,0,0,0,0,0,0,0,-94,0,1,0,100868343,0,31,0,128,0,"[0,0,-14,-5,-14,-4,-14,-4,-14,-4,-14,-4,-14,-3,-14,-3,-14,-2,-14,-2,-13,-1,-14,-1,-14,0,-14,0,-14,0,-14,0,-15,1,-15,0,-15,0,-15,-1,-15,-1,-15,-2,-14,-3,-14,-3,-13,-3,-13,-4,-13,-5,0,0,0,0,0,0,0,0,0,0,0,0,0,0,0,0,0,0,0,0,0,0,-10,-2,-10,-3,-10,-4,-11,-5,-10,-5,-11,-6,-11,-7,-11,-7,-10,-8,-10,-7,-10,-8,-10,-8,-10,-8,-10,-7,-10,-7,-10,-7,-11,-7,-11,-6,-12,-6,-12,-6,-12,-6,-13,-6,-13,-5,-13,-5,-14,-5,-14,-5]"
2025-08-18 22:31:41.819203,CSI_DATA,586,1a:00:00:00:00:00,-43,11,0,0,0,0,0,0,0,0,0,-94,0,1,0,101069380,0,31,0,128,0,"[0,0,-11,10,-11,9,-11,9,-10,9,-10,10,-9,10,-9,10,-8,10,-8,10,-8,10,-7,11,-7,11,-7,11,-7,12,-7,12,-7,12,-7,12,-8,12,-8,12,-8,12,-8,11,-9,11,-9,10,-9,9,-10,8,-10,8,0,0,0,0,0,0,0,0,0,0,0,0,0,0,0,0,0,0,0,0,0,0,-7,7,-7,7,-8,6,-9,6,-9,6,-10,6,-11,5,-11,5,-11,5,-11,4,-12,4,-12,4,-11,4,-11,4,-11,5,-11,5,-11,5,-11,6,-11,6,-11,7,-11,7,-10,8,-11,8,-11,9,-11,9,-11,9]"
2025-08-18 22:31:42.024035,CSI_DATA,587,1a:00:00:00:00:00,-42,11,0,0,0,0,0,0,0,0,0,-94,0,1,0,101270643,0,31,0,128,0,"[0,0,-15,-2,-15,-1,-14,-1,-14,-1,-14,0,-14,0,-14,0,-14,1,-14,1,-13,2,-14,2,-13,2,-13,3,-14,3,-14,4,-14,4,-15,4,-15,3,-15,3,-15,2,-15,2,-14,1,-14,0,-14,0,-13,-1,-13,-2,0,0,0,0,0,0,0,0,0,0,0,0,0,0,0,0,0,0,0,0,0,0,-10,0,-10,-1,-11,-2,-11,-2,-11,-3,-12,-3,-12,-4,-12,-5,-12,-5,-11,-5,-11,-6,-11,-6,-11,-5,-11,-5,-11,-5,-11,-5,-12,-4,-12,-4,-12,-4,-13,-3,-13,-3,-13,-2,-14,-2,-14,-2,-14,-2,-14,-2]"
2025-08-18 22:31:42.225390,CSI_DATA,588,1a:00:00:00:00:00,-43,11,0,0,0,0,0,0,0,0,0,-94,0,1,0,101471785,0,31,0,128,0,"[0,0,-2,-15,-2,-15,-2,-15,-2,-14,-3,-15,-3,-14,-3,-14,-4,-14,-4,-13,-5,-13,-5,-13,-6,-13,-6,-13,-6,-13,-7,-13,-7,-14,-7,-14,-6,-14,-6,-14,-5,-14,-5,-15,-4,-14,-3,-14,-3,-14,-2,-14,-1,-13,0,0,0,0,0,0,0,0,0,0,0,0,0,0,0,0,0,0,0,0,0,0,-3,-10,-2,-11,-2,-11,-1,-12,0,-12,0,-12,1,-13,1,-13,2,-13,2,-13,3,-12,3,-12,3,-12,2,-12,2,-12,2,-12,1,-12,1,-12,1,-13,0,-13,0,-13,-1,-14,-1,-14,-1,-14,-2,-15,-2,-14]"
2025-08-18 22:31:42.427211,CSI_DATA,589,1a:00:00:00:00:00,-42,11,0,0,0,0,0,0,0,0,0,-94,0,1,0,101672915,0,31,0,128,0,"[0,0,-15,-4,-14,-4,-14,-3,-14,-3,-14,-3,-14,-2,-14,-2,-14,-1,-14,-1,-14,0,-14,0,-14,1,-14,1,-14,1,-14,2,-15,1,-15,1,-15,1,-15,1,-15,0,-15,0,-15,-1,-14,-1,-14,-2,-13,-2,-13,-3,0,0,0,0,0,0,0,0,0,0,0,0,0,0,0,0,0,0,0,0,0,0,-10,-2,-10,-3,-10,-3,-11,-4,-11,-5,-11,-6,-11,-6,-11,-7,-11,-7,-10,-7,-11,-7,-10,-7,-10,-7,-10,-7,-10,-7,-10,-6,-11,-6,-11,-6,-12,-6,-12,-5,-12,-5,-13,-5,-13,-4,-14,-4,-14,-4,-14,-4]"
2025-08-18 22:31:42.602976,CSI_DATA,590,1a:00:00:00:00:00,-42,11,0,0,0,0,0,0,0,0,0,-94,0,1,0,101845257,0,28,0,128,0,"[0,0,9,-11,8,-12,8,-11,8,-12,7,-12,7,-12,6,-12,6,-12,5,-12,5,-13,5,-13,4,-13,4,-13,4,-13,4,-14,4,-14,4,-14,5,-14,4,-14,5,-14,5,-14,6,-13,6,-12,7,-12,7,-11,8,-10,0,0,0,0,0,0,0,0,0,0,0,0,0,0,0,0,0,0,0,0,0,0,5,-8,6,-8,7,-8,7,-8,8,-8,8,-8,9,-7,9,-7,10,-7,10,-6,10,-6,10,-5,10,-6,10,-6,9,-6,9,-7,9,-7,9,-8,9,-8,9,-9,8,-9,8,-10,9,-10,9,-10,9,-11,9,-11]"
2025-08-18 22:31:42.634580,CSI_DATA,591,1a:00:00:00:00:00,-42,11,0,0,0,0,0,0,0,0,0,-94,0,1,0,101874108,0,31,0,128,0,"[0,0,3,-14,2,-14,2,-15,2,-14,2,-14,2,-14,1,-14,1,-14,0,-14,-1,-13,-1,-14,-2,-14,-2,-14,-2,-14,-2,-14,-2,-15,-2,-15,-2,-15,-1,-15,-1,-15,0,-15,1,-14,1,-14,1,-14,2,-13,3,-13,0,0,0,0,0,0,0,0,0,0,0,0,0,0,0,0,0,0,0,0,0,0,1,-10,1,-11,2,-11,3,-11,3,-11,4,-11,5,-11,5,-11,6,-11,6,-11,6,-11,6,-11,6,-11,6,-11,6,-11,5,-10,5,-11,4,-11,4,-12,4,-12,4,-12,4,-13,3,-13,3,-14,3,-14,3,-14]"
2025-08-18 22:31:42.831707,CSI_DATA,592,1a:00:00:00:00:00,-42,11,0,0,0,0,0,0,0,0,0,-94,0,1,0,102075486,0,31,0,128,0,"[0,0,-8,-12,-8,-12,-8,-12,-9,-12,-9,-12,-9,-11,-9,-10,-10,-10,-10,-9,-10,-9,-10,-9,-11,-9,-11,-9,-11,-9,-12,-8,-12,-9,-12,-9,-12,-9,-12,-9,-12,-10,-11,-10,-11,-10,-10,-11,-9,-11,-8,-11,-7,-11,0,0,0,0,0,0,0,0,0,0,0,0,0,0,0,0,0,0,0,0,0,0,-6,-8,-6,-9,-5,-10,-5,-10,-5,-11,-5,-12,-4,-12,-4,-12,-4,-12,-3,-13,-2,-13,-2,-13,-2,-13,-2,-12,-3,-12,-3,-12,-4,-12,-4,-12,-5,-12,-6,-12,-6,-12,-7,-12,-7,-12,-7,-13,-7,-13,-7,-13]"
2025-08-18 22:31:43.044221,CSI_DATA,593,1a:00:00:00:00:00,-42,11,0,0,0,0,0,0,0,0,0,-94,0,1,0,102276604,0,31,0,128,0,"[0,0,-3,-15,-3,-15,-3,-15,-3,-15,-4,-15,-4,-14,-4,-14,-4,-13,-5,-13,-6,-13,-6,-13,-7,-13,-7,-13,-7,-13,-7,-13,-7,-13,-8,-14,-7,-14,-7,-14,-6,-14,-6,-14,-5,-14,-4,-14,-4,-14,-3,-13,-2,-13,0,0,0,0,0,0,0,0,0,0,0,0,0,0,0,0,0,0,0,0,0,0,-3,-10,-3,-10,-2,-11,-2,-12,-1,-12,-1,-12,0,-13,0,-13,1,-13,2,-13,2,-13,2,-13,2,-13,1,-13,1,-13,1,-12,0,-13,0,-13,0,-13,-1,-13,-1,-14,-1,-14,-2,-14,-2,-14,-2,-15,-3,-15]"
2025-08-18 22:31:43.090500,CSI_DATA,594,1a:00:00:00:00:00,-43,11,0,0,0,0,0,0,0,0,0,-94,0,1,0,102337428,0,42,0,128,0,"[0,0,-14,0,-14,0,-14,0,-14,0,-14,0,-13,1,-13,1,-13,2,-13,2,-12,3,-13,3,-12,4,-13,4,-13,4,-13,4,-13,5,-13,4,-14,4,-14,4,-14,3,-14,2,-14,2,-13,1,-13,1,-13,0,-13,-1,0,0,0,0,0,0,0,0,0,0,0,0,0,0,0,0,0,0,0,0,0,0,-10,1,-10,0,-10,0,-11,-1,-11,-1,-12,-2,-12,-3,-12,-3,-12,-4,-11,-4,-12,-4,-11,-4,-11,-4,-11,-4,-12,-4,-11,-3,-12,-3,-12,-3,-12,-2,-12,-2,-12,-2,-13,-2,-13,-1,-14,-1,-14,0,-14,0]"
2025-08-18 22:31:43.155492,CSI_DATA,595,1a:00:00:00:00:00,-43,11,0,0,0,0,0,0,0,0,0,-94,0,1,0,102404910,0,31,0,128,0,"[0,0,13,-6,12,-6,12,-6,12,-6,12,-7,11,-7,11,-8,11,-8,10,-8,10,-8,10,-9,9,-9,9,-9,9,-10,9,-10,10,-11,10,-10,10,-11,10,-10,11,-10,11,-9,11,-9,11,-8,11,-7,11,-6,11,-5,0,0,0,0,0,0,0,0,0,0,0,0,0,0,0,0,0,0,0,0,0,0,8,-5,9,-5,9,-4,10,-4,10,-3,11,-3,11,-2,11,-2,11,-2,11,-1,12,0,11,0,12,-1,11,-1,11,-2,11,-2,11,-2,11,-3,11,-3,11,-4,11,-4,12,-5,12,-5,12,-5,12,-5,13,-6]"
2025-08-18 22:31:43.373837,CSI_DATA,596,1a:00:00:00:00:00,-43,11,0,0,0,0,0,0,0,0,0,-94,0,1,0,102605727,0,31,0,128,0,"[0,0,-1,-14,-2,-15,-2,-14,-2,-14,-2,-14,-3,-14,-3,-14,-4,-13,-4,-13,-5,-13,-5,-13,-6,-13,-6,-13,-6,-13,-7,-13,-7,-13,-7,-14,-6,-14,-6,-14,-6,-14,-5,-14,-4,-14,-4,-14,-3,-14,-2,-13,-1,-13,0,0,0,0,0,0,0,0,0,0,0,0,0,0,0,0,0,0,0,0,0,0,-2,-10,-1,-10,0,-11,0,-11,1,-12,1,-12,2,-12,2,-12,3,-12,3,-12,3,-12,3,-12,3,-12,3,-12,3,-12,3,-12,2,-12,1,-12,1,-13,1,-13,0,-13,0,-14,-1,-14,-1,-14,-1,-14,-1,-14]"
2025-08-18 22:31:43.553807,CSI_DATA,597,1a:00:00:00:00:00,-42,11,0,0,0,0,0,0,0,0,0,-94,0,1,0,102806870,0,31,0,128,0,"[0,0,14,2,13,2,13,2,13,1,14,1,13,0,13,0,13,0,13,-1,13,-1,13,-2,13,-3,13,-3,13,-3,13,-4,14,-4,14,-3,14,-3,14,-3,14,-2,14,-2,14,-1,13,0,13,0,12,1,12,2,0,0,0,0,0,0,0,0,0,0,0,0,0,0,0,0,0,0,0,0,0,0,9,0,9,1,9,2,10,3,10,3,10,4,10,5,10,5,10,5,10,6,10,6,10,6,10,6,10,5,10,5,10,5,10,5,11,4,11,4,11,3,12,3,12,3,12,3,13,2,13,2,14,2]"
2025-08-18 22:31:43.762694,CSI_DATA,598,1a:00:00:00:00:00,-42,11,0,0,0,0,0,0,0,0,0,-94,0,1,0,103008028,0,31,0,128,0,"[0,0,-14,-5,-13,-5,-14,-5,-13,-4,-14,-4,-13,-4,-13,-4,-13,-3,-13,-2,-13,-2,-13,-2,-13,-1,-14,-1,-14,0,-14,0,-15,0,-14,-1,-15,-1,-15,-1,-15,-2,-14,-2,-14,-3,-13,-3,-13,-4,-12,-4,-12,-5,0,0,0,0,0,0,0,0,0,0,0,0,0,0,0,0,0,0,0,0,0,0,-9,-3,-10,-4,-10,-4,-10,-5,-10,-6,-10,-6,-10,-7,-10,-8,-10,-8,-9,-8,-9,-8,-9,-8,-9,-8,-9,-8,-10,-8,-10,-7,-10,-7,-10,-7,-11,-7,-11,-6,-12,-6,-12,-6,-12,-6,-13,-6,-13,-6,-13,-5]"
2025-08-18 22:31:43.956236,CSI_DATA,599,1a:00:00:00:00:00,-42,11,0,0,0,0,0,0,0,0,0,-94,0,1,0,103209390,0,31,0,128,0,"[0,0,1,14,1,14,1,13,2,13,2,13,2,13,3,13,3,13,3,12,4,12,5,12,5,12,5,12,6,12,6,12,6,12,6,13,6,12,5,13,5,13,4,13,3,13,3,13,2,13,2,12,1,12,0,0,0,0,0,0,0,0,0,0,0,0,0,0,0,0,0,0,0,0,0,0,2,9,1,9,0,10,0,10,-1,11,-1,11,-2,11,-2,11,-3,12,-3,12,-3,11,-4,11,-3,11,-3,11,-3,11,-3,11,-2,11,-2,12,-1,12,-1,12,-1,12,0,13,1,13,0,13,1,13,1,13]"
2025-08-18 22:31:44.158926,CSI_DATA,600,1a:00:00:00:00:00,-42,11,0,0,0,0,0,0,0,0,0,-94,0,1,0,103410578,0,31,0,128,0,"[0,0,-1,14,-1,14,0,14,0,14,0,14,1,13,1,13,2,13,2,12,2,12,3,12,3,12,3,12,4,12,5,13,5,12,4,14,4,13,4,13,4,13,3,13,2,13,1,13,1,13,0,12,-1,12,0,0,0,0,0,0,0,0,0,0,0,0,0,0,0,0,0,0,0,0,0,0,0,9,-1,9,-2,10,-2,10,-3,11,-3,11,-4,11,-4,11,-4,11,-5,11,-6,11,-6,10,-6,10,-5,10,-5,11,-5,11,-4,11,-3,11,-3,11,-3,12,-3,12,-2,13,-2,13,-2,13,-2,13,-1,14]"
2025-08-18 22:31:44.364823,CSI_DATA,601,1a:00:00:00:00:00,-42,11,0,0,0,0,0,0,0,0,0,-94,0,1,0,103611679,0,31,0,128,0,"[0,0,0,14,0,13,0,14,0,13,1,14,1,13,1,13,2,13,2,12,3,12,3,12,4,12,4,12,4,13,4,12,5,13,4,13,4,14,4,14,3,14,2,14,2,13,1,13,1,13,0,12,-1,12,0,0,0,0,0,0,0,0,0,0,0,0,0,0,0,0,0,0,0,0,0,0,1,9,1,10,0,9,-1,10,-1,10,-2,11,-3,11,-3,11,-4,11,-4,11,-4,11,-4,11,-4,11,-4,11,-4,11,-3,11,-3,11,-2,11,-2,12,-2,12,-2,12,-2,13,-1,13,0,13,-1,14,0,14]"
2025-08-18 22:31:44.561136,CSI_DATA,602,1a:00:00:00:00:00,-42,11,0,0,0,0,0,0,0,0,0,-94,0,1,0,103812825,0,31,0,128,0,"[0,0,-6,13,-5,13,-5,12,-4,13,-4,13,-4,12,-4,12,-3,12,-2,12,-2,12,-1,12,-1,13,0,13,0,13,0,13,0,13,0,14,-1,14,-1,14,-2,13,-2,13,-3,13,-3,12,-4,12,-4,11,-5,11,0,0,0,0,0,0,0,0,0,0,0,0,0,0,0,0,0,0,0,0,0,0,-3,8,-3,9,-4,9,-5,9,-5,9,-6,9,-7,9,-7,9,-8,9,-8,9,-8,9,-8,8,-8,9,-8,9,-8,9,-7,9,-7,9,-6,10,-6,10,-6,11,-6,11,-6,11,-6,12,-5,12,-5,13,-5,13]"
2025-08-18 22:31:44.694288,CSI_DATA,603,1a:00:00:00:00:00,-42,11,0,0,0,0,0,0,0,0,0,-94,0,1,0,103873589,0,42,0,128,0,"[0,0,-10,10,-10,10,-9,10,-9,10,-9,10,-9,10,-8,10,-8,10,-7,10,-7,11,-6,11,-6,11,-6,12,-6,11,-5,12,-5,12,-6,13,-7,12,-7,12,-7,12,-8,11,-8,11,-8,10,-9,10,-9,9,-9,8,0,0,0,0,0,0,0,0,0,0,0,0,0,0,0,0,0,0,0,0,0,0,-6,7,-6,7,-7,7,-8,7,-9,7,-9,7,-10,6,-10,6,-10,6,-11,5,-11,5,-11,5,-11,5,-11,5,-10,5,-10,6,-10,6,-10,7,-10,7,-10,8,-10,8,-10,8,-10,9,-10,9,-10,9,-10,9]"
2025-08-18 22:31:44.700813,CSI_DATA,604,1a:00:00:00:00:00,-42,11,0,0,0,0,0,0,0,0,0,-94,0,1,0,103940373,0,31,0,128,0,"[0,0,2,-15,1,-15,1,-15,1,-14,0,-14,0,-14,-1,-14,-1,-14,-2,-14,-2,-13,-3,-14,-3,-14,-4,-14,-4,-14,-4,-14,-4,-14,-4,-14,-4,-15,-3,-15,-3,-15,-2,-15,-2,-15,-1,-14,-1,-14,0,-13,1,-13,0,0,0,0,0,0,0,0,0,0,0,0,0,0,0,0,0,0,0,0,0,0,0,-10,1,-10,2,-10,2,-11,3,-11,4,-11,4,-11,5,-11,5,-11,5,-11,5,-11,6,-11,5,-11,5,-11,5,-12,4,-11,4,-12,4,-12,3,-12,3,-13,3,-13,2,-13,2,-14,2,-14,2,-14,2,-14]"
2025-08-18 22:31:44.900508,CSI_DATA,605,1a:00:00:00:00:00,-42,11,0,0,0,0,0,0,0,0,0,-94,0,1,0,104141455,0,31,0,128,0,"[0,0,-15,-2,-14,-2,-15,-2,-14,-2,-14,-1,-14,-1,-14,0,-14,0,-13,1,-13,1,-14,2,-13,2,-14,3,-14,3,-14,3,-14,3,-15,3,-15,3,-15,3,-15,2,-15,1,-14,1,-14,0,-14,0,-13,-1,-13,-2,0,0,0,0,0,0,0,0,0,0,0,0,0,0,0,0,0,0,0,0,0,0,-10,-1,-10,-2,-11,-2,-11,-3,-11,-3,-11,-4,-11,-5,-12,-5,-11,-6,-11,-6,-11,-6,-11,-6,-11,-6,-11,-6,-11,-6,-11,-5,-12,-5,-12,-4,-12,-4,-13,-4,-13,-3,-13,-3,-14,-3,-14,-3,-14,-2,-14,-2]"
2025-08-18 22:31:45.087580,CSI_DATA,606,1a:00:00:00:00:00,-42,11,0,0,0,0,0,0,0,0,0,-94,0,1,0,104342823,0,31,0,128,0,"[0,0,11,10,11,9,10,9,11,9,11,8,11,8,12,7,12,7,12,6,12,6,12,6,13,5,13,5,13,5,13,5,14,5,14,6,14,5,14,5,14,6,13,7,12,7,11,7,11,8,10,8,9,9,0,0,0,0,0,0,0,0,0,0,0,0,0,0,0,0,0,0,0,0,0,0,8,5,8,6,8,7,8,8,8,8,7,9,7,9,7,10,7,10,6,11,6,11,5,11,6,11,6,11,6,10,6,10,7,10,7,10,8,9,9,9,9,9,10,9,10,10,10,10,10,10,11,9]"
2025-08-18 22:31:45.293249,CSI_DATA,607,1a:00:00:00:00:00,-42,11,0,0,0,0,0,0,0,0,0,-94,0,1,0,104543886,0,31,0,128,0,"[0,0,13,-4,13,-4,13,-5,13,-5,13,-5,12,-5,12,-5,12,-6,11,-6,11,-7,11,-7,11,-7,11,-8,11,-8,11,-8,11,-9,11,-8,12,-8,12,-8,12,-7,13,-7,12,-6,12,-5,12,-5,12,-4,12,-3,0,0,0,0,0,0,0,0,0,0,0,0,0,0,0,0,0,0,0,0,0,0,8,-5,9,-4,9,-3,10,-3,10,-3,11,-2,11,-1,11,-1,12,-1,11,0,12,0,11,0,12,0,12,0,12,0,11,-1,12,-1,11,-2,12,-2,12,-2,12,-3,12,-3,12,-3,13,-4,13,-4,14,-4]"
2025-08-18 22:31:45.494222,CSI_DATA,608,1a:00:00:00:00:00,-42,11,0,0,0,0,0,0,0,0,0,-94,0,1,0,104745047,0,31,0,128,0,"[0,0,8,-12,8,-12,7,-12,7,-12,7,-12,7,-12,6,-12,6,-12,6,-12,4,-13,4,-13,3,-13,3,-14,3,-14,4,-14,4,-14,4,-14,4,-14,5,-14,5,-14,6,-13,6,-13,6,-13,6,-12,6,-11,7,-11,0,0,0,0,0,0,0,0,0,0,0,0,0,0,0,0,0,0,0,0,0,0,3,-9,4,-9,5,-9,6,-9,7,-9,7,-9,8,-8,9,-8,9,-8,9,-8,9,-8,9,-8,9,-8,9,-8,9,-8,9,-8,8,-8,8,-9,8,-9,8,-10,8,-10,8,-10,8,-11,7,-12,7,-12,8,-12]"
2025-08-18 22:31:45.696867,CSI_DATA,609,1a:00:00:00:00:00,-42,11,0,0,0,0,0,0,0,0,0,-94,0,1,0,104946206,0,31,0,128,0,"[0,0,4,-13,4,-14,4,-14,4,-14,3,-13,3,-13,2,-13,2,-13,1,-13,1,-13,0,-13,0,-13,0,-14,-1,-14,-1,-14,-1,-14,-1,-15,0,-15,0,-15,0,-15,1,-14,2,-14,2,-14,2,-13,3,-12,4,-12,0,0,0,0,0,0,0,0,0,0,0,0,0,0,0,0,0,0,0,0,0,0,2,-9,3,-10,4,-10,4,-10,5,-10,6,-10,6,-10,6,-10,7,-10,7,-10,7,-9,7,-9,7,-9,7,-9,7,-10,7,-10,6,-10,6,-10,6,-11,5,-11,5,-12,5,-12,5,-12,5,-13,5,-13,5,-13]"
2025-08-18 22:31:45.897881,CSI_DATA,610,1a:00:00:00:00:00,-43,11,0,0,0,0,0,0,0,0,0,-94,0,1,0,105147372,0,31,0,128,0,"[0,0,-14,5,-13,6,-13,6,-13,6,-13,6,-12,6,-12,7,-12,7,-11,7,-11,8,-10,8,-10,9,-10,9,-10,10,-10,9,-10,10,-10,10,-11,10,-11,10,-11,9,-12,9,-12,8,-11,7,-12,7,-12,6,-12,5,0,0,0,0,0,0,0,0,0,0,0,0,0,0,0,0,0,0,0,0,0,0,-9,4,-10,4,-10,3,-11,3,-11,3,-12,2,-12,2,-12,1,-13,1,-13,0,-13,0,-13,0,-13,0,-12,0,-12,1,-12,1,-12,2,-12,2,-13,2,-13,3,-13,3,-13,4,-13,4,-13,5,-13,5,-14,5]"
2025-08-18 22:31:46.109967,CSI_DATA,611,1a:00:00:00:00:00,-42,11,0,0,0,0,0,0,0,0,0,-94,0,1,0,105348605,0,31,0,128,0,"[0,0,-15,0,-15,0,-14,1,-14,1,-14,1,-14,2,-14,2,-14,2,-14,3,-13,3,-13,4,-13,4,-13,4,-13,5,-13,5,-13,5,-14,5,-14,5,-14,4,-14,4,-14,3,-14,3,-14,2,-13,2,-13,1,-13,0,0,0,0,0,0,0,0,0,0,0,0,0,0,0,0,0,0,0,0,0,0,0,-10,1,-10,1,-11,0,-11,-1,-12,-1,-12,-2,-12,-3,-12,-3,-13,-3,-12,-4,-12,-4,-12,-4,-12,-4,-12,-4,-12,-4,-12,-3,-12,-3,-13,-2,-13,-2,-13,-2,-13,-1,-14,-1,-14,0,-14,0,-15,0,-15,0]"
2025-08-18 22:31:46.159921,CSI_DATA,612,1a:00:00:00:00:00,-42,11,0,0,0,0,0,0,0,0,0,-94,0,1,0,105409374,0,42,0,128,0,"[0,0,-12,9,-12,8,-12,9,-11,9,-11,9,-10,9,-10,9,-10,10,-9,10,-8,10,-8,10,-7,11,-8,11,-7,11,-8,11,-8,12,-8,12,-8,12,-9,11,-9,11,-9,11,-10,10,-9,9,-10,9,-10,8,-10,7,0,0,0,0,0,0,0,0,0,0,0,0,0,0,0,0,0,0,0,0,0,0,-7,6,-8,6,-9,6,-10,6,-10,5,-11,5,-11,4,-12,4,-12,4,-12,4,-12,4,-12,3,-12,4,-12,4,-12,4,-12,4,-12,4,-11,5,-11,5,-11,6,-11,6,-12,7,-12,7,-11,8,-12,8,-11,8]"
2025-08-18 22:31:46.232505,CSI_DATA,613,1a:00:00:00:00:00,-42,11,0,0,0,0,0,0,0,0,0,-94,0,1,0,105476575,0,31,0,128,0,"[0,0,-5,-14,-5,-14,-5,-14,-6,-14,-6,-14,-6,-13,-7,-13,-7,-13,-7,-12,-8,-12,-8,-12,-9,-11,-9,-11,-10,-11,-10,-11,-10,-11,-10,-12,-10,-12,-10,-12,-9,-12,-9,-13,-8,-13,-7,-13,-6,-13,-5,-13,-4,-13,0,0,0,0,0,0,0,0,0,0,0,0,0,0,0,0,0,0,0,0,0,0,-4,-10,-4,-10,-3,-11,-3,-11,-3,-12,-2,-12,-1,-13,-1,-13,-1,-13,0,-13,1,-13,1,-13,1,-13,0,-13,0,-13,-1,-13,-1,-13,-2,-13,-2,-13,-3,-13,-3,-14,-4,-14,-4,-14,-4,-14,-4,-14,-4,-14]"
2025-08-18 22:31:46.439875,CSI_DATA,614,1a:00:00:00:00:00,-43,11,0,0,0,0,0,0,0,0,0,-94,0,1,0,105677646,0,31,0,128,0,"[0,0,-10,-12,-10,-12,-10,-12,-10,-12,-10,-11,-11,-11,-11,-10,-11,-10,-11,-9,-12,-9,-12,-9,-12,-8,-12,-8,-13,-8,-14,-8,-13,-8,-13,-8,-14,-9,-13,-9,-13,-9,-12,-9,-12,-10,-11,-10,-11,-10,-10,-10,-9,-11,0,0,0,0,0,0,0,0,0,0,0,0,0,0,0,0,0,0,0,0,0,0,-7,-8,-7,-9,-7,-10,-6,-10,-6,-11,-6,-12,-5,-12,-5,-13,-5,-13,-4,-13,-4,-13,-4,-13,-4,-13,-4,-13,-4,-12,-5,-12,-5,-12,-6,-12,-6,-12,-7,-12,-7,-12,-8,-12,-9,-12,-9,-13,-9,-12,-9,-13]"
2025-08-18 22:31:46.626850,CSI_DATA,615,1a:00:00:00:00:00,-42,11,0,0,0,0,0,0,0,0,0,-94,0,1,0,105878794,0,31,0,128,0,"[0,0,-5,13,-5,14,-4,13,-4,13,-3,13,-3,13,-3,13,-2,13,-2,13,-1,13,0,13,0,13,0,13,1,13,1,14,1,13,1,15,0,14,0,15,0,14,-1,14,-2,14,-2,14,-3,13,-3,12,-4,12,0,0,0,0,0,0,0,0,0,0,0,0,0,0,0,0,0,0,0,0,0,0,-3,9,-4,9,-4,10,-5,9,-6,10,-6,10,-7,10,-8,10,-8,9,-9,9,-9,9,-8,9,-9,9,-8,9,-8,9,-8,10,-7,9,-7,10,-6,10,-6,11,-6,12,-5,12,-6,13,-5,13,-5,13,-5,13]"
2025-08-18 22:31:46.828972,CSI_DATA,616,1a:00:00:00:00:00,-42,11,0,0,0,0,0,0,0,0,0,-94,0,1,0,106079942,0,31,0,128,0,"[0,0,6,-13,6,-14,6,-13,5,-13,5,-14,5,-13,4,-14,4,-14,3,-14,3,-14,2,-14,1,-14,1,-15,1,-15,1,-15,1,-15,1,-15,1,-15,2,-16,2,-15,3,-15,3,-15,4,-14,4,-13,5,-13,5,-12,0,0,0,0,0,0,0,0,0,0,0,0,0,0,0,0,0,0,0,0,0,0,4,-9,4,-10,5,-10,6,-10,7,-10,7,-10,8,-9,8,-9,9,-9,9,-9,9,-8,9,-8,9,-8,9,-9,8,-9,8,-9,8,-9,8,-10,7,-10,7,-11,7,-11,7,-12,6,-12,6,-13,7,-13,6,-13]"
2025-08-18 22:31:47.037157,CSI_DATA,617,1a:00:00:00:00:00,-42,11,0,0,0,0,0,0,0,0,0,-94,0,1,0,106281180,0,31,0,128,0,"[0,0,-9,-12,-9,-12,-9,-12,-9,-11,-9,-12,-9,-11,-10,-10,-10,-10,-10,-10,-10,-9,-11,-9,-11,-9,-11,-9,-12,-9,-12,-8,-13,-9,-12,-8,-13,-9,-12,-9,-12,-10,-11,-10,-11,-11,-10,-10,-9,-11,-8,-11,-8,-11,0,0,0,0,0,0,0,0,0,0,0,0,0,0,0,0,0,0,0,0,0,0,-7,-8,-7,-9,-6,-9,-6,-10,-6,-10,-5,-11,-5,-11,-4,-12,-4,-12,-4,-12,-3,-12,-3,-12,-3,-12,-3,-12,-4,-12,-4,-11,-5,-12,-5,-11,-6,-12,-6,-12,-6,-12,-7,-12,-7,-12,-8,-12,-8,-12,-9,-12]"
2025-08-18 22:31:47.236751,CSI_DATA,618,1a:00:00:00:00:00,-42,11,0,0,0,0,0,0,0,0,0,-94,0,1,0,106482333,0,31,0,128,0,"[0,0,-13,-8,-13,-7,-13,-7,-13,-7,-13,-7,-13,-6,-13,-6,-13,-5,-13,-4,-13,-4,-13,-4,-14,-3,-14,-3,-14,-3,-14,-2,-14,-2,-15,-3,-15,-3,-15,-3,-15,-4,-14,-5,-14,-5,-13,-6,-13,-6,-12,-6,-11,-7,0,0,0,0,0,0,0,0,0,0,0,0,0,0,0,0,0,0,0,0,0,0,-9,-4,-9,-5,-9,-6,-9,-7,-9,-7,-9,-8,-9,-9,-9,-9,-9,-10,-8,-10,-8,-10,-8,-10,-8,-10,-8,-10,-8,-9,-8,-9,-9,-9,-9,-8,-10,-8,-10,-8,-11,-8,-11,-8,-12,-8,-12,-8,-12,-8,-12,-8]"
2025-08-18 22:31:47.435343,CSI_DATA,619,1a:00:00:00:00:00,-42,11,0,0,0,0,0,0,0,0,0,-94,0,1,0,106683697,0,31,0,128,0,"[0,0,-15,2,-15,2,-14,2,-14,3,-14,3,-14,4,-13,4,-13,4,-13,5,-13,5,-12,5,-12,6,-12,6,-12,7,-13,7,-12,7,-13,7,-13,7,-13,7,-13,6,-14,6,-13,5,-14,4,-13,3,-13,3,-13,2,0,0,0,0,0,0,0,0,0,0,0,0,0,0,0,0,0,0,0,0,0,0,-10,2,-10,1,-11,1,-11,0,-12,0,-12,-1,-12,-1,-13,-2,-13,-3,-13,-3,-12,-3,-12,-3,-12,-3,-12,-3,-12,-2,-12,-2,-12,-2,-13,-1,-12,-1,-13,0,-13,0,-14,1,-14,1,-14,1,-14,1,-14,1]"
2025-08-18 22:31:47.648816,CSI_DATA,620,1a:00:00:00:00:00,-42,11,0,0,0,0,0,0,0,0,0,-94,0,1,0,106884757,0,31,0,128,0,"[0,0,-11,-12,-11,-12,-11,-11,-11,-11,-11,-11,-11,-11,-11,-10,-11,-10,-12,-9,-12,-8,-13,-8,-13,-7,-13,-7,-14,-7,-14,-7,-14,-7,-14,-8,-14,-8,-14,-9,-13,-9,-13,-9,-12,-10,-12,-10,-11,-10,-10,-10,-10,-10,0,0,0,0,0,0,0,0,0,0,0,0,0,0,0,0,0,0,0,0,0,0,-8,-7,-8,-8,-8,-9,-7,-10,-7,-11,-7,-11,-6,-12,-6,-12,-5,-13,-5,-13,-5,-13,-5,-12,-5,-12,-5,-12,-5,-12,-6,-12,-6,-12,-7,-11,-7,-12,-8,-12,-8,-12,-9,-12,-10,-12,-10,-11,-10,-12,-10,-12]"
2025-08-18 22:31:47.696105,CSI_DATA,621,1a:00:00:00:00:00,-42,11,0,0,0,0,0,0,0,0,0,-94,0,1,0,106945579,0,42,0,128,0,"[0,0,11,-10,10,-11,10,-10,10,-11,9,-11,9,-11,9,-11,8,-11,8,-11,7,-12,7,-12,6,-13,6,-13,6,-13,6,-14,6,-14,6,-14,7,-14,7,-14,8,-13,8,-13,8,-12,8,-12,9,-11,9,-10,9,-9,0,0,0,0,0,0,0,0,0,0,0,0,0,0,0,0,0,0,0,0,0,0,6,-8,7,-7,8,-7,8,-7,9,-7,10,-6,10,-6,11,-6,11,-5,11,-5,11,-5,11,-4,11,-5,11,-5,11,-5,11,-6,10,-6,10,-7,10,-7,10,-8,10,-8,10,-9,10,-9,10,-10,10,-10,11,-10]"
2025-08-18 22:31:47.760138,CSI_DATA,622,1a:00:00:00:00:00,-43,11,0,0,0,0,0,0,0,0,0,-94,0,1,0,107013084,0,31,0,128,0,"[0,0,0,14,1,14,1,13,1,13,2,13,2,13,2,13,3,12,3,12,4,12,4,12,5,12,5,12,5,12,5,12,5,12,5,13,5,13,5,14,4,13,3,13,3,13,2,13,2,13,1,12,0,12,0,0,0,0,0,0,0,0,0,0,0,0,0,0,0,0,0,0,0,0,0,0,2,9,1,9,0,10,0,10,-1,11,-1,11,-2,11,-3,11,-3,11,-3,11,-3,11,-4,11,-3,11,-3,11,-3,11,-3,11,-2,11,-2,11,-1,12,-1,12,-1,12,-1,13,0,13,0,13,1,13,1,13]"
2025-08-18 22:31:47.968898,CSI_DATA,623,1a:00:00:00:00:00,-42,11,0,0,0,0,0,0,0,0,0,-94,0,1,0,107214208,0,31,0,128,0,"[0,0,-14,-5,-14,-5,-14,-5,-14,-5,-14,-4,-14,-4,-14,-4,-13,-3,-14,-2,-13,-2,-14,-2,-14,-1,-14,-1,-14,-1,-15,0,-15,0,-15,0,-15,-1,-15,-1,-15,-2,-15,-2,-14,-3,-14,-3,-14,-4,-12,-4,-12,-5,0,0,0,0,0,0,0,0,0,0,0,0,0,0,0,0,0,0,0,0,0,0,-10,-3,-10,-4,-10,-4,-10,-5,-10,-6,-10,-6,-10,-7,-10,-7,-10,-8,-9,-8,-10,-9,-9,-9,-9,-9,-9,-8,-9,-8,-10,-7,-10,-7,-10,-7,-11,-7,-11,-6,-12,-6,-12,-6,-13,-6,-13,-6,-13,-6,-14,-6]"
2025-08-18 22:31:48.179712,CSI_DATA,624,1a:00:00:00:00:00,-42,11,0,0,0,0,0,0,0,0,0,-94,0,1,0,107415417,0,31,0,128,0,"[0,0,-12,9,-11,9,-11,9,-11,9,-10,9,-10,10,-10,10,-9,10,-9,10,-8,10,-8,10,-7,11,-8,11,-7,12,-7,12,-7,12,-8,12,-8,12,-8,12,-9,12,-9,11,-9,10,-9,10,-10,9,-10,8,-10,8,0,0,0,0,0,0,0,0,0,0,0,0,0,0,0,0,0,0,0,0,0,0,-7,6,-8,6,-9,6,-9,6,-10,5,-11,5,-11,5,-12,4,-12,4,-12,3,-12,3,-12,3,-12,3,-12,3,-11,4,-11,4,-11,4,-11,5,-11,5,-11,6,-11,7,-11,7,-11,8,-11,8,-11,8,-11,8]"
2025-08-18 22:31:48.363089,CSI_DATA,625,1a:00:00:00:00:00,-42,11,0,0,0,0,0,0,0,0,0,-94,0,1,0,107616537,0,31,0,128,0,"[0,0,14,1,13,1,13,1,13,1,13,0,13,0,13,0,13,-1,13,-1,13,-2,13,-2,13,-3,13,-3,13,-3,13,-4,13,-4,13,-3,14,-3,14,-3,14,-2,14,-1,14,-1,13,0,13,0,12,1,12,2,0,0,0,0,0,0,0,0,0,0,0,0,0,0,0,0,0,0,0,0,0,0,9,-1,9,0,10,1,10,2,10,2,11,3,11,4,10,4,11,4,10,5,10,5,10,5,10,5,10,5,10,4,10,4,11,4,11,3,11,3,12,3,12,3,12,2,13,2,13,2,13,2,14,1]"
2025-08-18 22:31:48.561850,CSI_DATA,626,1a:00:00:00:00:00,-42,11,0,0,0,0,0,0,0,0,0,-94,0,1,0,107817948,0,31,0,128,0,"[0,0,8,11,9,10,8,10,9,10,9,10,9,9,9,9,9,9,9,8,10,8,10,7,10,7,11,7,11,6,12,7,12,6,12,7,12,7,12,8,11,8,11,9,10,9,9,9,9,9,8,9,7,10,0,0,0,0,0,0,0,0,0,0,0,0,0,0,0,0,0,0,0,0,0,0,6,6,6,7,6,8,5,8,6,9,5,9,5,10,4,11,4,11,4,11,3,11,3,11,3,11,4,11,4,10,4,11,4,10,5,10,5,10,6,10,6,10,7,10,7,10,8,11,8,11,8,10]"
2025-08-18 22:31:48.774858,CSI_DATA,627,1a:00:00:00:00:00,-42,11,0,0,0,0,0,0,0,0,0,-94,0,1,0,108019004,0,31,0,128,0,"[0,0,-9,-11,-10,-11,-10,-11,-10,-11,-10,-10,-10,-10,-10,-10,-10,-9,-11,-9,-11,-8,-11,-8,-12,-7,-12,-7,-12,-7,-12,-7,-12,-7,-13,-8,-13,-8,-13,-8,-12,-9,-12,-9,-11,-10,-10,-10,-10,-10,-9,-10,-8,-10,0,0,0,0,0,0,0,0,0,0,0,0,0,0,0,0,0,0,0,0,0,0,-7,-7,-7,-7,-7,-8,-7,-9,-7,-10,-6,-10,-6,-11,-5,-11,-5,-12,-5,-12,-5,-12,-4,-11,-5,-12,-5,-11,-5,-11,-5,-11,-6,-11,-6,-11,-7,-11,-7,-11,-7,-11,-8,-11,-8,-11,-9,-11,-9,-11,-9,-11]"
2025-08-18 22:31:48.974752,CSI_DATA,628,1a:00:00:00:00:00,-42,11,0,0,0,0,0,0,0,0,0,-94,0,1,0,108220176,0,31,0,128,0,"[0,0,-13,-8,-13,-8,-13,-8,-13,-7,-13,-7,-13,-7,-13,-6,-13,-6,-13,-5,-13,-4,-13,-4,-13,-4,-14,-4,-14,-3,-14,-3,-14,-3,-15,-3,-15,-4,-15,-4,-15,-5,-14,-5,-14,-6,-13,-6,-13,-7,-12,-7,-11,-7,0,0,0,0,0,0,0,0,0,0,0,0,0,0,0,0,0,0,0,0,0,0,-9,-5,-9,-5,-9,-6,-9,-7,-9,-7,-9,-8,-9,-9,-9,-9,-9,-10,-8,-10,-8,-10,-8,-11,-8,-10,-8,-10,-8,-10,-8,-9,-9,-9,-9,-9,-10,-9,-10,-8,-11,-8,-11,-8,-12,-8,-12,-8,-12,-8,-12,-8]"
2025-08-18 22:31:49.176136,CSI_DATA,629,1a:00:00:00:00:00,-42,11,0,0,0,0,0,0,0,0,0,-94,0,1,0,108421403,0,31,0,128,0,"[0,0,-8,11,-8,10,-8,11,-7,11,-7,11,-7,11,-7,11,-6,11,-5,11,-5,11,-5,11,-4,11,-4,12,-4,12,-4,12,-4,13,-4,13,-4,13,-5,13,-5,12,-6,12,-6,12,-6,11,-7,10,-7,10,-8,9,0,0,0,0,0,0,0,0,0,0,0,0,0,0,0,0,0,0,0,0,0,0,-5,7,-6,7,-7,7,-7,7,-8,7,-9,7,-9,7,-10,6,-10,6,-10,6,-10,6,-10,5,-10,6,-10,6,-10,6,-9,6,-9,7,-9,7,-9,8,-9,8,-9,8,-8,9,-9,9,-9,10,-9,10,-8,10]"
2025-08-18 22:31:49.236879,CSI_DATA,630,1a:00:00:00:00:00,-42,11,0,0,0,0,0,0,0,0,0,-94,0,1,0,108482183,0,42,0,128,0,"[0,0,-3,-14,-3,-15,-3,-15,-4,-14,-4,-14,-4,-14,-5,-14,-5,-13,-5,-13,-6,-12,-6,-13,-7,-12,-7,-12,-8,-12,-8,-12,-8,-13,-8,-13,-8,-13,-8,-14,-7,-13,-7,-13,-6,-14,-5,-13,-4,-13,-4,-13,-3,-13,0,0,0,0,0,0,0,0,0,0,0,0,0,0,0,0,0,0,0,0,0,0,-3,-10,-2,-11,-1,-11,-1,-11,0,-12,0,-12,1,-12,1,-13,2,-13,2,-12,2,-12,2,-12,2,-12,2,-12,2,-12,1,-12,1,-12,0,-12,0,-13,-1,-13,-1,-13,-1,-14,-2,-14,-2,-14,-2,-14,-3,-15]"
2025-08-18 22:31:49.299030,CSI_DATA,631,1a:00:00:00:00:00,-42,11,0,0,0,0,0,0,0,0,0,-94,0,1,0,108548661,0,31,0,128,0,"[0,0,-11,9,-10,10,-10,9,-10,10,-10,10,-10,10,-9,10,-9,10,-8,10,-7,11,-7,11,-7,11,-6,12,-6,12,-6,12,-6,12,-7,13,-7,12,-8,12,-8,12,-9,11,-9,11,-9,10,-9,10,-9,9,-10,8,0,0,0,0,0,0,0,0,0,0,0,0,0,0,0,0,0,0,0,0,0,0,-6,7,-7,7,-8,7,-9,6,-9,6,-10,6,-11,5,-11,5,-12,5,-12,4,-12,4,-12,4,-12,4,-11,5,-11,5,-11,5,-11,5,-11,6,-11,6,-11,7,-11,7,-11,8,-10,8,-11,9,-11,9,-11,9]"
2025-08-18 22:31:49.506025,CSI_DATA,632,1a:00:00:00:00:00,-43,11,0,0,0,0,0,0,0,0,0,-94,0,1,0,108750334,0,31,0,128,0,"[0,0,7,12,8,11,7,11,8,11,8,11,8,10,8,10,8,9,9,9,9,9,9,8,10,8,10,8,10,8,11,8,11,8,11,9,11,9,11,9,10,9,9,10,9,10,8,10,7,10,7,10,6,10,0,0,0,0,0,0,0,0,0,0,0,0,0,0,0,0,0,0,0,0,0,0,6,7,6,7,6,8,5,9,5,9,4,10,4,11,4,11,3,11,3,11,3,11,2,11,2,11,3,11,3,11,3,11,4,11,4,11,5,10,5,11,6,11,6,11,6,11,7,11,7,12,7,11]"
2025-08-18 22:31:49.697043,CSI_DATA,633,1a:00:00:00:00:00,-42,11,0,0,0,0,0,0,0,0,0,-94,0,1,0,108953133,0,31,0,128,0,"[0,0,8,11,8,11,8,10,9,10,9,10,8,10,9,9,9,9,9,8,10,8,10,7,11,7,11,7,11,7,11,7,11,7,12,7,12,8,11,8,11,9,10,9,10,9,9,9,9,9,8,9,7,10,0,0,0,0,0,0,0,0,0,0,0,0,0,0,0,0,0,0,0,0,0,0,6,6,6,7,6,8,5,8,5,9,5,10,4,11,4,11,4,11,3,11,3,11,3,11,3,11,3,11,3,11,4,11,4,10,4,10,5,10,5,11,6,11,6,11,7,11,7,11,8,11,8,11]"
2025-08-18 22:31:49.908834,CSI_DATA,634,1a:00:00:00:00:00,-42,11,0,0,0,0,0,0,0,0,0,-94,0,1,0,109152601,0,31,0,128,0,"[0,0,-9,-12,-9,-11,-9,-11,-9,-11,-9,-11,-10,-10,-10,-10,-10,-9,-10,-9,-11,-8,-11,-8,-12,-7,-12,-7,-12,-8,-12,-7,-12,-8,-12,-8,-13,-8,-12,-9,-12,-9,-11,-9,-11,-10,-10,-10,-10,-10,-9,-10,-8,-10,0,0,0,0,0,0,0,0,0,0,0,0,0,0,0,0,0,0,0,0,0,0,-7,-7,-7,-8,-6,-9,-6,-9,-6,-10,-6,-11,-5,-11,-5,-12,-4,-12,-4,-12,-4,-12,-4,-12,-4,-12,-4,-11,-4,-12,-5,-11,-5,-11,-5,-11,-6,-11,-6,-11,-7,-11,-7,-12,-8,-11,-8,-11,-9,-11,-9,-11]"
2025-08-18 22:31:50.109518,CSI_DATA,635,1a:00:00:00:00:00,-42,11,0,0,0,0,0,0,0,0,0,-94,0,1,0,109353864,0,31,0,128,0,"[0,0,-6,-13,-6,-14,-6,-13,-6,-13,-7,-12,-7,-12,-7,-12,-7,-12,-8,-11,-8,-11,-8,-11,-9,-10,-9,-11,-9,-10,-10,-11,-10,-10,-10,-11,-9,-11,-10,-11,-9,-12,-9,-12,-8,-12,-7,-12,-6,-12,-6,-12,-5,-12,0,0,0,0,0,0,0,0,0,0,0,0,0,0,0,0,0,0,0,0,0,0,-5,-9,-5,-9,-4,-10,-4,-10,-4,-11,-3,-11,-3,-12,-2,-12,-2,-13,-1,-13,-1,-12,0,-12,-1,-12,-1,-12,-1,-12,-2,-12,-2,-12,-3,-12,-3,-12,-4,-12,-4,-12,-5,-13,-5,-13,-5,-13,-5,-13,-5,-13]"
2025-08-18 22:31:50.302910,CSI_DATA,636,1a:00:00:00:00:00,-42,11,0,0,0,0,0,0,0,0,0,-94,0,1,0,109554996,0,31,0,128,0,"[0,0,14,0,13,0,14,0,13,0,14,-1,13,-1,13,-2,13,-2,13,-3,12,-3,12,-4,12,-4,12,-5,13,-5,13,-5,13,-5,13,-5,14,-5,14,-4,14,-4,14,-3,13,-3,13,-2,13,-2,12,-1,12,0,0,0,0,0,0,0,0,0,0,0,0,0,0,0,0,0,0,0,0,0,0,0,9,-1,10,0,10,1,10,1,11,2,11,2,11,3,11,3,11,4,11,4,11,4,11,4,11,4,11,4,11,4,10,4,11,3,11,3,12,2,12,2,12,2,13,1,13,1,13,0,14,0,14,0]"
2025-08-18 22:31:50.505008,CSI_DATA,637,1a:00:00:00:00:00,-42,11,0,0,0,0,0,0,0,0,0,-94,0,1,0,109756136,0,31,0,128,0,"[0,0,-9,12,-8,11,-8,12,-7,12,-7,12,-7,12,-6,12,-6,12,-6,12,-5,12,-4,12,-4,13,-3,13,-3,13,-3,13,-4,14,-4,13,-4,14,-5,14,-5,13,-6,13,-6,12,-6,12,-7,11,-7,11,-8,10,0,0,0,0,0,0,0,0,0,0,0,0,0,0,0,0,0,0,0,0,0,0,-4,8,-5,9,-6,8,-7,9,-7,9,-8,9,-9,8,-9,8,-10,8,-10,7,-10,7,-10,7,-10,7,-10,7,-10,7,-9,7,-9,8,-9,8,-9,9,-9,9,-9,9,-8,10,-8,10,-8,11,-8,12,-8,12]"
2025-08-18 22:31:50.704458,CSI_DATA,638,1a:00:00:00:00:00,-42,11,0,0,0,0,0,0,0,0,0,-94,0,1,0,109957469,0,31,0,128,0,"[0,0,13,2,13,1,13,1,13,1,13,1,13,0,13,0,13,-1,12,-1,12,-2,12,-2,12,-3,12,-3,12,-3,13,-3,13,-3,13,-3,13,-3,14,-3,14,-2,13,-2,13,-1,13,0,13,0,12,1,12,1,0,0,0,0,0,0,0,0,0,0,0,0,0,0,0,0,0,0,0,0,0,0,9,0,9,0,10,1,10,2,10,2,10,3,11,4,10,4,10,5,10,5,10,5,10,5,10,5,10,5,10,5,10,5,10,4,11,4,11,3,11,3,11,3,12,3,12,2,13,2,13,2,13,1]"
2025-08-18 22:31:50.765296,CSI_DATA,639,1a:00:00:00:00:00,-42,11,0,0,0,0,0,0,0,0,0,-94,0,1,0,110018195,0,42,0,128,0,"[0,0,13,1,14,1,13,0,14,0,13,0,13,0,13,-1,13,-1,12,-2,13,-3,13,-3,12,-3,12,-3,13,-4,13,-4,13,-4,14,-4,14,-3,14,-3,14,-3,14,-2,13,-1,13,-1,13,0,12,1,12,2,0,0,0,0,0,0,0,0,0,0,0,0,0,0,0,0,0,0,0,0,0,0,9,-1,9,0,10,0,10,1,11,1,11,2,11,3,11,3,11,4,11,4,11,4,10,5,11,5,11,4,10,4,11,4,11,3,11,3,11,3,12,2,12,2,12,2,13,1,13,1,13,1,14,1]"
2025-08-18 22:31:50.840365,CSI_DATA,640,1a:00:00:00:00:00,-42,11,0,0,0,0,0,0,0,0,0,-94,0,1,0,110084437,0,31,0,128,0,"[0,0,-10,-11,-10,-11,-10,-10,-11,-10,-11,-10,-11,-10,-11,-9,-11,-9,-11,-8,-12,-8,-12,-7,-12,-7,-13,-7,-13,-6,-13,-6,-13,-6,-14,-7,-13,-7,-13,-7,-13,-8,-13,-8,-12,-9,-11,-9,-11,-9,-10,-9,-9,-10,0,0,0,0,0,0,0,0,0,0,0,0,0,0,0,0,0,0,0,0,0,0,-7,-7,-7,-8,-7,-9,-7,-9,-7,-10,-6,-11,-6,-11,-6,-11,-5,-12,-5,-12,-5,-12,-4,-12,-5,-12,-5,-12,-5,-12,-6,-11,-6,-11,-7,-11,-7,-11,-8,-11,-8,-11,-8,-11,-9,-11,-9,-11,-9,-11,-10,-11]"
2025-08-18 22:31:51.037694,CSI_DATA,641,1a:00:00:00:00:00,-43,11,0,0,0,0,0,0,0,0,0,-94,0,1,0,110285631,0,31,0,128,0,"[0,0,-15,1,-15,1,-14,1,-14,2,-14,2,-14,2,-14,2,-13,3,-13,4,-13,4,-13,5,-12,5,-13,6,-13,6,-13,6,-13,6,-13,6,-14,6,-14,6,-14,5,-14,4,-14,4,-13,3,-13,3,-13,2,-13,1,0,0,0,0,0,0,0,0,0,0,0,0,0,0,0,0,0,0,0,0,0,0,-10,1,-10,1,-11,0,-11,-1,-12,-1,-12,-2,-12,-2,-12,-3,-12,-3,-12,-4,-12,-4,-12,-4,-12,-4,-12,-3,-12,-3,-12,-3,-12,-2,-12,-2,-13,-1,-13,-1,-13,-1,-14,0,-14,0,-14,1,-14,1,-15,1]"
2025-08-18 22:31:51.251897,CSI_DATA,642,1a:00:00:00:00:00,-42,11,0,0,0,0,0,0,0,0,0,-94,0,1,0,110486744,0,31,0,128,0,"[0,0,-14,3,-14,3,-14,3,-14,3,-13,4,-13,4,-13,4,-12,5,-12,5,-12,5,-12,6,-12,6,-12,7,-11,7,-12,7,-12,7,-12,7,-13,7,-13,7,-13,6,-13,5,-13,5,-13,4,-13,3,-13,3,-13,2,0,0,0,0,0,0,0,0,0,0,0,0,0,0,0,0,0,0,0,0,0,0,-9,3,-10,3,-11,2,-11,1,-11,1,-12,0,-12,0,-12,0,-12,-1,-12,-1,-13,-2,-12,-2,-12,-2,-12,-1,-12,-1,-12,-1,-12,-1,-12,0,-12,0,-13,1,-13,1,-13,2,-13,2,-14,2,-14,3,-14,3]"
2025-08-18 22:31:51.436717,CSI_DATA,643,1a:00:00:00:00:00,-42,11,0,0,0,0,0,0,0,0,0,-94,0,1,0,110687896,0,31,0,128,0,"[0,0,-2,13,-2,13,-2,13,-1,13,-1,13,-1,13,0,13,0,13,1,12,1,12,1,12,2,12,2,12,3,12,3,13,3,13,3,13,2,13,2,14,1,14,1,13,0,13,-1,13,-1,13,-2,12,-3,11,0,0,0,0,0,0,0,0,0,0,0,0,0,0,0,0,0,0,0,0,0,0,0,9,-1,9,-1,10,-2,10,-2,11,-3,10,-4,11,-5,11,-5,11,-5,10,-6,10,-6,10,-5,10,-5,10,-5,10,-5,10,-4,10,-4,11,-4,11,-3,11,-3,12,-3,12,-2,12,-2,13,-2,13,-2,13]"
2025-08-18 22:31:51.643359,CSI_DATA,644,1a:00:00:00:00:00,-42,11,0,0,0,0,0,0,0,0,0,-94,0,1,0,110889051,0,31,0,128,0,"[0,0,-2,-15,-2,-15,-2,-15,-3,-14,-3,-14,-3,-14,-4,-14,-4,-13,-5,-13,-5,-13,-6,-13,-6,-12,-7,-13,-7,-13,-7,-13,-7,-13,-7,-13,-7,-13,-7,-14,-6,-14,-6,-14,-5,-14,-4,-14,-4,-13,-3,-13,-2,-13,0,0,0,0,0,0,0,0,0,0,0,0,0,0,0,0,0,0,0,0,0,0,-3,-10,-2,-11,-1,-11,-1,-12,0,-12,0,-12,1,-12,1,-13,2,-12,2,-12,3,-12,3,-12,2,-12,2,-12,2,-12,2,-12,1,-13,1,-12,0,-13,0,-13,-1,-13,-1,-14,-1,-14,-2,-14,-2,-14,-2,-14]"
2025-08-18 22:31:51.835063,CSI_DATA,645,1a:00:00:00:00:00,-42,11,0,0,0,0,0,0,0,0,0,-94,0,1,0,111090372,0,31,0,128,0,"[0,0,7,12,6,12,6,12,7,11,7,11,7,11,7,11,8,10,8,10,9,9,9,9,9,9,10,8,10,8,10,9,10,9,10,9,10,9,10,10,9,10,9,10,8,11,8,11,7,10,6,10,6,11,0,0,0,0,0,0,0,0,0,0,0,0,0,0,0,0,0,0,0,0,0,0,5,8,5,8,4,9,4,9,4,10,3,11,2,11,2,12,1,12,1,11,1,12,1,11,1,11,2,11,2,11,2,11,2,11,3,11,3,11,4,11,4,11,5,12,5,12,6,12,6,12,7,12]"
2025-08-18 22:31:52.042468,CSI_DATA,646,1a:00:00:00:00:00,-42,11,0,0,0,0,0,0,0,0,0,-94,0,1,0,111291573,0,31,0,128,0,"[0,0,-14,3,-14,4,-14,4,-13,4,-13,4,-13,5,-13,5,-12,5,-12,5,-11,6,-12,6,-11,7,-11,7,-11,8,-11,8,-12,8,-12,8,-12,8,-12,7,-13,7,-13,6,-13,6,-13,5,-12,4,-13,3,-13,3,0,0,0,0,0,0,0,0,0,0,0,0,0,0,0,0,0,0,0,0,0,0,-9,3,-10,3,-10,2,-11,2,-11,1,-12,1,-12,0,-12,0,-12,-1,-12,-1,-12,-1,-12,-2,-12,-1,-12,-1,-12,-1,-12,0,-12,0,-12,0,-12,1,-13,1,-13,2,-13,2,-13,3,-13,3,-13,3,-14,3]"
2025-08-18 22:31:52.243009,CSI_DATA,647,1a:00:00:00:00:00,-42,11,0,0,0,0,0,0,0,0,0,-94,0,1,0,111492670,0,31,0,128,0,"[0,0,13,-5,12,-5,13,-5,12,-5,12,-6,12,-6,11,-6,11,-7,11,-7,10,-7,10,-8,10,-8,10,-9,10,-9,10,-9,11,-9,10,-9,11,-9,12,-8,12,-8,12,-7,12,-7,11,-6,11,-5,11,-5,11,-4,0,0,0,0,0,0,0,0,0,0,0,0,0,0,0,0,0,0,0,0,0,0,7,-5,8,-5,9,-4,10,-4,10,-3,11,-3,11,-2,11,-2,12,-1,11,-1,11,-1,11,-1,11,-1,11,-1,11,-1,11,-1,11,-2,11,-2,11,-3,11,-3,11,-3,12,-4,12,-4,12,-5,12,-5,13,-5]"
2025-08-18 22:31:52.307264,CSI_DATA,648,1a:00:00:00:00:00,-43,11,0,0,0,0,0,0,0,0,0,-94,0,1,0,111553286,0,42,0,128,0,"[0,0,-15,-2,-15,-1,-14,-1,-14,-1,-14,-1,-14,0,-14,0,-14,1,-14,1,-14,2,-13,2,-13,3,-13,3,-14,3,-14,4,-14,4,-14,3,-15,3,-15,3,-15,2,-15,1,-14,1,-14,0,-14,0,-13,-1,-13,-2,0,0,0,0,0,0,0,0,0,0,0,0,0,0,0,0,0,0,0,0,0,0,-10,0,-10,-1,-11,-1,-11,-2,-12,-3,-12,-3,-12,-4,-12,-5,-12,-5,-12,-5,-12,-5,-12,-6,-12,-5,-12,-5,-12,-5,-12,-5,-12,-4,-12,-4,-12,-4,-13,-3,-13,-3,-13,-3,-14,-2,-14,-2,-14,-2,-14,-2]"
2025-08-18 22:31:52.370929,CSI_DATA,649,1a:00:00:00:00:00,-42,11,0,0,0,0,0,0,0,0,0,-94,0,1,0,111620344,0,31,0,128,0,"[0,0,10,-9,10,-10,10,-10,10,-10,10,-10,9,-10,9,-10,8,-10,8,-11,7,-11,7,-11,6,-12,6,-12,6,-13,6,-13,6,-13,6,-13,7,-13,7,-13,8,-12,8,-12,9,-11,8,-11,8,-10,9,-9,9,-9,0,0,0,0,0,0,0,0,0,0,0,0,0,0,0,0,0,0,0,0,0,0,6,-7,7,-7,8,-7,9,-6,9,-6,10,-6,11,-5,11,-5,11,-4,11,-5,11,-4,11,-4,11,-4,11,-4,11,-5,10,-5,10,-5,10,-6,10,-7,10,-7,10,-7,10,-8,10,-8,10,-9,10,-9,11,-9]"
2025-08-18 22:31:52.571986,CSI_DATA,650,1a:00:00:00:00:00,-42,11,0,0,0,0,0,0,0,0,0,-94,0,1,0,111821463,0,31,0,128,0,"[0,0,-12,9,-11,9,-11,9,-11,9,-10,9,-10,9,-10,9,-9,10,-9,10,-8,10,-8,10,-7,11,-7,11,-7,11,-7,12,-7,12,-7,12,-8,12,-8,12,-9,11,-9,11,-9,11,-9,10,-10,9,-10,8,-10,8,0,0,0,0,0,0,0,0,0,0,0,0,0,0,0,0,0,0,0,0,0,0,-7,7,-8,6,-9,6,-9,6,-10,5,-11,5,-11,5,-12,4,-12,4,-12,3,-12,3,-12,3,-12,3,-11,4,-11,4,-11,4,-11,5,-11,5,-11,6,-11,6,-11,6,-11,7,-11,8,-11,8,-11,8,-11,8]"
2025-08-18 22:31:52.776568,CSI_DATA,651,1a:00:00:00:00:00,-42,11,0,0,0,0,0,0,0,0,0,-94,0,1,0,112022633,0,31,0,128,0,"[0,0,-15,-1,-14,-1,-14,-1,-14,0,-14,0,-14,0,-14,1,-13,1,-13,2,-13,2,-13,3,-13,3,-13,3,-13,4,-13,4,-14,4,-14,4,-14,4,-14,3,-14,3,-14,2,-14,1,-14,1,-13,0,-13,-1,-13,-1,0,0,0,0,0,0,0,0,0,0,0,0,0,0,0,0,0,0,0,0,0,0,-10,0,-10,0,-11,-1,-11,-1,-11,-2,-12,-3,-12,-3,-12,-4,-12,-4,-12,-5,-12,-5,-11,-5,-11,-5,-11,-4,-11,-4,-11,-4,-12,-4,-12,-3,-12,-3,-13,-2,-13,-2,-13,-2,-13,-1,-14,-1,-14,-1,-14,-1]"
2025-08-18 22:31:52.971680,CSI_DATA,652,1a:00:00:00:00:00,-42,11,0,0,0,0,0,0,0,0,0,-94,0,1,0,112223973,0,31,0,128,0,"[0,0,-1,14,-1,14,-1,13,-1,14,0,14,0,13,1,13,1,13,1,12,2,12,3,12,3,12,3,12,4,12,4,13,4,13,4,13,4,13,3,14,3,14,2,14,2,13,1,13,0,13,0,12,-1,12,0,0,0,0,0,0,0,0,0,0,0,0,0,0,0,0,0,0,0,0,0,0,0,9,-1,9,-2,10,-2,10,-3,11,-4,11,-4,11,-5,11,-5,11,-5,11,-6,11,-6,10,-6,10,-5,10,-5,10,-5,11,-4,11,-4,11,-3,11,-3,12,-3,12,-2,12,-2,13,-2,13,-2,13,-1,13]"
2025-08-18 22:31:53.173008,CSI_DATA,653,1a:00:00:00:00:00,-42,11,0,0,0,0,0,0,0,0,0,-94,0,1,0,112426276,0,31,0,128,0,"[0,0,1,14,2,13,2,13,2,13,3,13,3,13,3,12,3,12,4,12,5,12,5,11,5,11,6,11,6,12,7,12,6,11,6,12,6,12,6,13,5,13,4,13,4,13,3,13,3,13,2,12,1,12,0,0,0,0,0,0,0,0,0,0,0,0,0,0,0,0,0,0,0,0,0,0,2,9,2,9,1,10,0,10,0,11,-1,11,-1,12,-2,11,-2,12,-3,12,-3,11,-3,11,-3,11,-3,11,-2,11,-2,11,-2,11,-1,12,-1,12,0,12,0,12,0,13,1,13,1,13,1,13,1,13]"
2025-08-18 22:31:53.373444,CSI_DATA,654,1a:00:00:00:00:00,-42,11,0,0,0,0,0,0,0,0,0,-94,0,1,0,112626234,0,31,0,128,0,"[0,0,2,14,2,13,2,13,2,13,3,13,3,12,3,12,4,12,4,12,5,11,5,11,5,11,5,11,6,11,6,11,6,12,6,12,6,12,5,12,5,12,4,13,4,13,3,12,2,12,1,12,1,12,0,0,0,0,0,0,0,0,0,0,0,0,0,0,0,0,0,0,0,0,0,0,2,8,2,9,1,9,1,10,0,10,0,11,-1,11,-1,11,-2,11,-2,11,-3,11,-3,11,-3,11,-2,11,-2,11,-2,11,-1,11,-1,11,0,11,0,12,0,12,1,12,1,12,1,13,1,13,2,13]"
2025-08-18 22:31:53.575429,CSI_DATA,655,1a:00:00:00:00:00,-42,11,0,0,0,0,0,0,0,0,0,-94,0,1,0,112827410,0,31,0,128,0,"[0,0,14,0,14,0,13,-1,14,-1,13,-1,13,-2,13,-2,13,-3,13,-3,12,-4,12,-4,12,-4,12,-5,12,-5,13,-6,13,-6,13,-5,13,-5,14,-5,14,-5,14,-4,13,-3,13,-3,13,-2,13,-1,12,0,0,0,0,0,0,0,0,0,0,0,0,0,0,0,0,0,0,0,0,0,0,0,9,-1,10,0,10,1,10,1,11,2,11,3,11,3,11,4,11,4,11,5,10,5,10,5,10,5,11,4,10,4,11,4,11,3,11,3,11,2,12,2,12,1,13,1,13,1,13,1,13,1,14,0]"
2025-08-18 22:31:53.785526,CSI_DATA,656,1a:00:00:00:00:00,-42,11,0,0,0,0,0,0,0,0,0,-94,0,1,0,113028530,0,31,0,128,0,"[0,0,-6,-14,-7,-14,-7,-14,-7,-13,-7,-13,-7,-13,-8,-13,-8,-12,-8,-11,-9,-11,-9,-11,-10,-11,-10,-10,-10,-11,-11,-10,-11,-11,-11,-11,-11,-12,-11,-12,-10,-12,-9,-12,-9,-12,-8,-12,-7,-12,-6,-12,-6,-12,0,0,0,0,0,0,0,0,0,0,0,0,0,0,0,0,0,0,0,0,0,0,-6,-9,-5,-10,-5,-10,-4,-11,-4,-12,-3,-12,-2,-13,-2,-13,-2,-13,-1,-13,-1,-13,-1,-13,-1,-13,-1,-13,-1,-13,-2,-12,-3,-12,-3,-13,-4,-13,-4,-13,-4,-13,-5,-13,-5,-13,-6,-14,-6,-14,-6,-14]"
2025-08-18 22:31:53.839161,CSI_DATA,657,1a:00:00:00:00:00,-42,11,0,0,0,0,0,0,0,0,0,-94,0,1,0,113089355,0,42,0,128,0,"[0,0,-11,9,-11,9,-11,9,-10,9,-10,10,-10,10,-9,10,-8,10,-8,10,-8,10,-8,11,-7,11,-7,11,-7,12,-7,12,-7,12,-7,12,-8,12,-8,12,-8,12,-9,11,-9,11,-9,10,-9,9,-10,8,-10,8,0,0,0,0,0,0,0,0,0,0,0,0,0,0,0,0,0,0,0,0,0,0,-6,7,-7,7,-8,7,-9,7,-9,6,-10,6,-11,6,-11,5,-11,5,-11,5,-12,4,-12,4,-11,4,-11,4,-11,5,-11,5,-11,5,-10,6,-11,6,-10,7,-11,7,-11,8,-11,8,-11,9,-11,9,-11,9]"
2025-08-18 22:31:53.900187,CSI_DATA,658,1a:00:00:00:00:00,-42,11,0,0,0,0,0,0,0,0,0,-94,0,1,0,113156359,0,31,0,128,0,"[0,0,13,5,13,4,12,4,13,4,13,3,13,3,12,3,12,2,13,2,13,1,13,1,13,0,13,0,13,-1,13,-1,14,-1,14,0,14,0,14,0,14,1,14,1,13,2,13,3,12,3,12,3,11,4,0,0,0,0,0,0,0,0,0,0,0,0,0,0,0,0,0,0,0,0,0,0,9,2,9,3,9,3,9,4,9,5,9,5,10,6,9,7,9,7,9,7,9,8,8,8,8,7,9,7,9,7,9,7,9,6,10,6,10,6,11,6,11,5,11,5,12,5,12,5,12,5,13,5]"
2025-08-18 22:31:54.112061,CSI_DATA,659,1a:00:00:00:00:00,-42,11,0,0,0,0,0,0,0,0,0,-94,0,1,0,113358756,0,31,0,128,0,"[0,0,-15,-1,-15,0,-14,0,-14,0,-14,1,-14,1,-14,1,-14,2,-13,2,-13,3,-13,3,-13,4,-13,4,-13,4,-13,5,-14,5,-14,4,-15,4,-15,4,-15,3,-15,3,-14,2,-14,1,-14,1,-13,0,-13,-1,0,0,0,0,0,0,0,0,0,0,0,0,0,0,0,0,0,0,0,0,0,0,-10,1,-11,0,-11,-1,-11,-1,-12,-1,-12,-2,-12,-3,-12,-4,-12,-4,-12,-4,-12,-5,-12,-5,-12,-5,-12,-4,-12,-4,-12,-4,-12,-3,-12,-3,-13,-2,-13,-2,-13,-2,-14,-1,-14,-1,-14,-1,-14,-1,-14,0]"
2025-08-18 22:31:54.319060,CSI_DATA,660,1a:00:00:00:00:00,-42,11,0,0,0,0,0,0,0,0,0,-94,0,1,0,113558697,0,31,0,128,0,"[0,0,-6,13,-6,13,-5,12,-5,12,-4,12,-4,12,-4,12,-3,12,-3,12,-2,12,-2,12,-1,12,-1,13,-1,13,-1,13,0,13,-1,14,-1,14,-1,14,-2,14,-2,13,-3,13,-3,13,-4,12,-4,11,-5,11,0,0,0,0,0,0,0,0,0,0,0,0,0,0,0,0,0,0,0,0,0,0,-3,9,-4,9,-5,9,-5,9,-6,9,-7,9,-7,9,-8,9,-9,8,-8,9,-8,8,-9,8,-8,8,-8,8,-8,8,-8,8,-8,9,-7,9,-7,10,-7,10,-6,11,-6,11,-6,12,-6,12,-6,12,-5,12]"
2025-08-18 22:31:54.505206,CSI_DATA,661,1a:00:00:00:00:00,-42,11,0,0,0,0,0,0,0,0,0,-94,0,1,0,113759853,0,31,0,128,0,"[0,0,5,13,5,12,5,12,5,12,6,12,6,12,6,11,6,11,7,11,7,10,8,10,8,10,9,10,9,10,9,10,9,10,9,10,9,11,9,11,8,11,8,11,7,12,6,12,6,12,5,11,4,12,0,0,0,0,0,0,0,0,0,0,0,0,0,0,0,0,0,0,0,0,0,0,4,8,4,9,3,9,3,10,2,10,2,11,2,12,1,12,1,12,0,12,0,12,0,12,0,12,0,11,0,11,1,11,1,11,2,11,2,11,3,12,3,12,3,12,4,12,4,13,5,13,5,13]"
2025-08-18 22:31:54.713021,CSI_DATA,662,1a:00:00:00:00:00,-42,11,0,0,0,0,0,0,0,0,0,-94,0,1,0,113961019,0,31,0,128,0,"[0,0,-14,2,-14,3,-14,3,-14,3,-14,3,-13,4,-13,4,-13,4,-12,5,-12,5,-12,6,-12,6,-12,6,-12,7,-12,7,-12,7,-12,7,-13,7,-13,7,-13,6,-13,6,-13,5,-13,4,-13,4,-13,3,-13,2,0,0,0,0,0,0,0,0,0,0,0,0,0,0,0,0,0,0,0,0,0,0,-9,2,-10,2,-10,1,-11,1,-11,0,-12,0,-12,-1,-13,-1,-13,-2,-12,-2,-13,-2,-12,-3,-12,-2,-12,-2,-12,-2,-12,-2,-12,-1,-12,-1,-13,0,-13,0,-13,1,-13,1,-13,2,-14,2,-14,2,-14,2]"
2025-08-18 22:31:54.914426,CSI_DATA,663,1a:00:00:00:00:00,-42,11,0,0,0,0,0,0,0,0,0,-94,0,1,0,114162170,0,31,0,128,0,"[0,0,1,-15,0,-15,0,-15,0,-14,0,-15,-1,-14,-1,-14,-2,-14,-2,-14,-3,-13,-3,-14,-4,-14,-4,-13,-5,-14,-5,-14,-5,-14,-5,-14,-4,-15,-4,-15,-3,-15,-3,-15,-2,-15,-2,-14,-1,-14,0,-13,0,-13,0,0,0,0,0,0,0,0,0,0,0,0,0,0,0,0,0,0,0,0,0,0,0,-10,0,-11,1,-11,2,-11,2,-11,3,-12,4,-12,4,-12,5,-12,5,-11,5,-11,5,-11,5,-11,5,-11,5,-11,4,-11,4,-12,3,-12,3,-13,3,-13,2,-13,2,-13,1,-14,1,-14,1,-14,1,-15]"
2025-08-18 22:31:55.113083,CSI_DATA,664,1a:00:00:00:00:00,-42,11,0,0,0,0,0,0,0,0,0,-94,0,1,0,114363396,0,31,0,128,0,"[0,0,-12,8,-12,9,-11,8,-11,9,-11,9,-10,9,-10,9,-10,9,-9,9,-9,10,-8,10,-8,11,-8,11,-8,11,-8,11,-8,12,-8,12,-9,11,-9,11,-10,11,-10,10,-10,10,-10,9,-10,9,-11,8,-11,7,0,0,0,0,0,0,0,0,0,0,0,0,0,0,0,0,0,0,0,0,0,0,-7,7,-8,6,-9,6,-9,6,-10,6,-11,5,-11,5,-11,4,-12,4,-12,4,-12,4,-12,4,-12,4,-12,4,-11,4,-11,4,-11,5,-11,5,-11,6,-11,6,-12,6,-11,7,-11,8,-11,8,-11,8,-11,8]"
2025-08-18 22:31:55.314841,CSI_DATA,665,1a:00:00:00:00:00,-42,11,0,0,0,0,0,0,0,0,0,-94,0,1,0,114564738,0,31,0,128,0,"[0,0,13,-4,13,-5,12,-5,12,-5,12,-6,12,-6,11,-6,11,-6,11,-7,10,-7,10,-8,10,-8,10,-8,10,-9,10,-9,10,-9,11,-9,11,-9,11,-9,12,-8,12,-8,11,-7,12,-6,12,-5,11,-4,11,-4,0,0,0,0,0,0,0,0,0,0,0,0,0,0,0,0,0,0,0,0,0,0,8,-4,9,-4,9,-3,10,-3,10,-2,11,-2,11,-1,11,-1,11,-1,11,0,11,0,11,1,11,0,11,0,11,0,11,-1,11,-1,11,-2,11,-2,12,-3,12,-3,12,-3,12,-3,12,-4,13,-4,13,-4]"
2025-08-18 22:31:55.379785,CSI_DATA,666,1a:00:00:00:00:00,-42,11,0,0,0,0,0,0,0,0,0,-94,0,1,0,114625492,0,42,0,128,0,"[0,0,-15,-2,-15,-2,-14,-2,-15,-2,-14,-1,-14,-1,-14,-1,-14,0,-14,1,-14,1,-14,1,-14,2,-14,2,-14,3,-14,3,-14,3,-15,3,-15,2,-15,2,-15,2,-15,1,-15,0,-14,0,-14,-1,-13,-1,-13,-2,0,0,0,0,0,0,0,0,0,0,0,0,0,0,0,0,0,0,0,0,0,0,-10,-1,-10,-2,-11,-3,-11,-3,-11,-4,-11,-5,-11,-5,-12,-5,-11,-6,-12,-7,-11,-7,-11,-7,-11,-7,-11,-6,-11,-6,-11,-6,-11,-5,-12,-5,-12,-5,-13,-4,-13,-3,-13,-4,-14,-3,-14,-3,-14,-3,-14,-2]"
2025-08-18 22:31:55.444196,CSI_DATA,667,1a:00:00:00:00:00,-42,11,0,0,0,0,0,0,0,0,0,-94,0,1,0,114692910,0,31,0,128,0,"[0,0,-15,2,-14,2,-14,2,-14,2,-14,3,-14,3,-14,3,-13,4,-13,4,-13,5,-13,5,-12,6,-12,6,-13,6,-12,6,-13,7,-13,6,-14,6,-14,6,-14,5,-14,5,-14,4,-13,3,-14,3,-13,2,-13,1,0,0,0,0,0,0,0,0,0,0,0,0,0,0,0,0,0,0,0,0,0,0,-10,2,-10,1,-11,1,-12,0,-12,0,-12,-1,-12,-2,-13,-2,-12,-3,-12,-3,-13,-3,-12,-3,-12,-3,-12,-3,-12,-3,-12,-2,-12,-2,-12,-1,-13,-1,-13,0,-13,0,-14,0,-14,1,-14,1,-14,1,-14,2]"
2025-08-18 22:31:55.648887,CSI_DATA,668,1a:00:00:00:00:00,-43,11,0,0,0,0,0,0,0,0,0,-94,0,1,0,114894019,0,31,0,128,0,"[0,0,-13,-8,-13,-8,-13,-7,-13,-7,-13,-6,-13,-6,-13,-6,-13,-5,-13,-5,-13,-4,-13,-3,-13,-3,-14,-3,-14,-3,-14,-2,-15,-3,-15,-3,-15,-3,-15,-4,-15,-4,-14,-5,-14,-5,-13,-6,-12,-6,-12,-6,-11,-7,0,0,0,0,0,0,0,0,0,0,0,0,0,0,0,0,0,0,0,0,0,0,-9,-4,-9,-5,-9,-6,-9,-7,-9,-7,-9,-8,-9,-9,-9,-9,-9,-10,-8,-10,-9,-10,-8,-10,-8,-10,-8,-9,-8,-9,-8,-9,-9,-9,-10,-8,-10,-8,-10,-8,-11,-8,-11,-8,-12,-8,-12,-7,-13,-7,-13,-8]"
2025-08-18 22:31:55.851349,CSI_DATA,669,1a:00:00:00:00:00,-42,11,0,0,0,0,0,0,0,0,0,-94,0,1,0,115095188,0,31,0,128,0,"[0,0,-14,-6,-14,-6,-14,-6,-14,-6,-14,-5,-14,-5,-14,-4,-14,-4,-14,-3,-14,-2,-14,-2,-14,-1,-14,-1,-15,-1,-15,-1,-15,-1,-15,-1,-16,-2,-16,-3,-15,-3,-15,-4,-14,-4,-14,-4,-13,-5,-13,-5,-12,-6,0,0,0,0,0,0,0,0,0,0,0,0,0,0,0,0,0,0,0,0,0,0,-10,-3,-10,-4,-10,-5,-10,-5,-11,-6,-11,-7,-11,-8,-11,-8,-10,-8,-10,-8,-10,-9,-10,-9,-10,-9,-10,-8,-10,-8,-10,-8,-10,-8,-11,-7,-11,-7,-12,-7,-12,-7,-12,-7,-13,-6,-13,-6,-14,-6,-14,-6]"
2025-08-18 22:31:56.045918,CSI_DATA,670,1a:00:00:00:00:00,-42,11,0,0,0,0,0,0,0,0,0,-94,0,1,0,115296450,0,31,0,128,0,"[0,0,12,-8,11,-8,11,-8,11,-8,11,-9,10,-9,10,-9,9,-9,9,-10,9,-10,9,-10,8,-11,8,-11,8,-12,8,-12,8,-12,8,-12,9,-12,9,-12,9,-12,9,-11,9,-10,10,-9,10,-9,10,-8,10,-7,0,0,0,0,0,0,0,0,0,0,0,0,0,0,0,0,0,0,0,0,0,0,7,-6,8,-6,9,-5,10,-5,10,-5,11,-4,11,-4,11,-3,12,-3,12,-2,12,-2,12,-2,11,-2,11,-3,11,-3,11,-3,11,-4,11,-4,11,-5,11,-5,11,-6,11,-6,11,-6,12,-7,12,-7,12,-7]"
2025-08-18 22:31:56.449347,CSI_DATA,671,1a:00:00:00:00:00,-42,11,0,0,0,0,0,0,0,0,0,-94,0,1,0,115497548,0,31,0,128,0,"[0,0,13,-5,12,-5,12,-5,12,-6,12,-6,11,-6,11,-6,11,-7,10,-7,10,-8,10,-8,10,-9,10,-9,10,-9,10,-10,10,-10,11,-10,10,-9,11,-9,11,-9,11,-8,11,-8,11,-7,11,-6,11,-5,11,-5,0,0,0,0,0,0,0,0,0,0,0,0,0,0,0,0,0,0,0,0,0,0,8,-4,8,-4,9,-3,10,-3,10,-2,10,-2,11,-1,11,-1,11,-1,11,0,11,0,11,0,11,0,11,0,11,0,11,-1,11,-1,11,-2,11,-2,12,-3,12,-3,12,-4,12,-4,12,-4,13,-5,13,-5]"
2025-08-18 22:31:56.454808,CSI_DATA,672,1a:00:00:00:00:00,-42,11,0,0,0,0,0,0,0,0,0,-94,0,1,0,115699232,0,31,0,128,0,"[0,0,14,-5,13,-5,13,-5,13,-5,13,-6,12,-6,12,-6,11,-7,11,-7,11,-7,11,-8,10,-8,10,-9,10,-9,11,-9,11,-9,11,-9,12,-9,12,-9,12,-8,12,-8,12,-7,12,-6,12,-5,12,-5,12,-4,0,0,0,0,0,0,0,0,0,0,0,0,0,0,0,0,0,0,0,0,0,0,8,-5,9,-4,9,-4,10,-3,10,-3,11,-2,12,-2,12,-1,12,-1,11,0,12,0,12,0,12,0,12,0,12,-1,11,-1,12,-1,11,-2,12,-2,12,-3,12,-3,12,-3,12,-4,13,-4,13,-4,13,-5]"
2025-08-18 22:31:56.647724,CSI_DATA,673,1a:00:00:00:00:00,-42,11,0,0,0,0,0,0,0,0,0,-94,0,1,0,115900039,0,31,0,128,0,"[0,0,14,0,13,-1,14,-1,13,-1,14,-2,13,-2,13,-3,13,-3,12,-3,12,-4,12,-5,12,-5,12,-5,12,-6,12,-6,13,-6,13,-6,13,-6,13,-6,13,-5,13,-4,13,-4,13,-3,13,-2,13,-2,12,-1,0,0,0,0,0,0,0,0,0,0,0,0,0,0,0,0,0,0,0,0,0,0,9,-2,10,-1,10,0,10,1,11,1,11,2,11,3,11,3,11,3,11,4,11,4,11,4,11,4,11,3,11,3,11,3,11,3,11,2,12,1,12,1,12,1,12,0,13,0,13,0,13,0,14,0]"
2025-08-18 22:31:56.845394,CSI_DATA,674,1a:00:00:00:00:00,-42,11,0,0,0,0,0,0,0,0,0,-94,0,1,0,116101173,0,31,0,128,0,"[0,0,12,4,13,4,12,4,13,4,12,3,12,3,12,2,12,2,12,1,13,1,12,0,12,0,13,0,13,-1,13,-1,13,-1,14,0,14,0,14,0,14,1,13,1,13,2,13,3,12,3,12,4,11,4,0,0,0,0,0,0,0,0,0,0,0,0,0,0,0,0,0,0,0,0,0,0,9,2,9,2,9,3,9,4,9,5,9,5,9,6,9,6,9,7,9,7,9,7,8,7,8,7,8,7,8,7,9,6,9,6,10,6,10,5,10,5,11,5,11,5,12,5,12,4,12,4,12,4]"
2025-08-18 22:31:56.907420,CSI_DATA,675,1a:00:00:00:00:00,-42,11,0,0,0,0,0,0,0,0,0,-94,0,1,0,116161975,0,42,0,128,0,"[0,0,6,13,6,12,6,12,6,12,7,12,7,11,7,11,7,11,8,10,8,10,8,10,9,10,9,9,10,10,10,9,10,10,10,10,10,10,10,11,9,11,8,11,8,12,7,12,6,12,5,11,4,11,0,0,0,0,0,0,0,0,0,0,0,0,0,0,0,0,0,0,0,0,0,0,5,8,5,8,5,9,4,10,4,10,4,11,3,11,3,11,2,12,2,12,1,12,1,12,1,12,1,12,2,12,2,11,2,11,3,11,3,11,4,12,4,12,5,12,5,12,5,12,6,12,6,12]"
2025-08-18 22:31:56.972046,CSI_DATA,676,1a:00:00:00:00:00,-42,11,0,0,0,0,0,0,0,0,0,-94,0,1,0,116229070,0,31,0,128,0,"[0,0,12,6,12,6,12,5,12,5,12,5,12,4,12,4,12,3,12,3,12,2,12,2,12,1,13,1,13,1,13,1,13,1,14,1,14,2,14,2,13,2,13,3,13,3,12,4,12,4,11,5,11,5,0,0,0,0,0,0,0,0,0,0,0,0,0,0,0,0,0,0,0,0,0,0,8,3,8,4,8,5,8,5,9,6,8,7,9,7,8,7,8,8,8,8,7,8,7,9,8,8,7,8,8,8,8,7,8,7,9,7,9,7,10,7,10,6,10,6,11,6,11,6,12,6,12,6]"
2025-08-18 22:31:57.178239,CSI_DATA,677,1a:00:00:00:00:00,-42,11,0,0,0,0,0,0,0,0,0,-94,0,1,0,116431180,0,31,0,128,0,"[0,0,0,14,0,14,0,13,0,14,1,13,1,13,2,13,2,13,2,13,3,12,3,12,4,12,4,12,4,13,5,12,5,13,4,13,4,13,4,13,3,14,3,14,2,14,1,13,1,13,0,12,-1,12,0,0,0,0,0,0,0,0,0,0,0,0,0,0,0,0,0,0,0,0,0,0,1,9,0,10,0,10,-1,10,-1,11,-2,11,-3,11,-3,11,-3,12,-4,11,-4,11,-5,11,-4,11,-4,11,-4,11,-3,11,-3,11,-2,11,-2,12,-2,12,-1,12,-1,13,-1,13,-1,14,0,14,0,14]"
2025-08-18 22:31:57.381402,CSI_DATA,678,1a:00:00:00:00:00,-43,11,0,0,0,0,0,0,0,0,0,-94,0,1,0,116633069,0,31,0,128,0,"[0,0,14,-1,14,-2,13,-2,13,-3,13,-3,13,-3,12,-3,13,-4,12,-4,12,-5,12,-5,12,-6,12,-6,12,-6,12,-7,12,-7,13,-6,13,-6,13,-6,13,-5,13,-5,13,-4,13,-3,13,-3,12,-2,12,-1,0,0,0,0,0,0,0,0,0,0,0,0,0,0,0,0,0,0,0,0,0,0,9,-2,9,-2,10,-1,10,-1,11,0,11,1,11,1,11,2,11,2,11,3,11,3,11,3,11,3,11,3,11,2,11,2,11,1,11,1,12,0,12,0,12,0,12,-1,13,-1,13,-1,13,-1,14,-2]"
2025-08-18 22:31:57.577630,CSI_DATA,679,1a:00:00:00:00:00,-42,11,0,0,0,0,0,0,0,0,0,-94,0,1,0,116832700,0,31,0,128,0,"[0,0,5,13,5,12,5,12,5,12,6,12,6,12,6,11,6,11,7,10,8,10,8,10,8,10,9,10,9,10,9,10,9,10,9,10,9,10,9,11,8,11,8,11,7,12,6,11,6,11,5,11,4,11,0,0,0,0,0,0,0,0,0,0,0,0,0,0,0,0,0,0,0,0,0,0,4,8,4,9,3,9,3,10,3,10,2,11,1,11,1,12,0,12,0,11,0,12,0,11,0,12,0,11,0,11,1,11,1,11,2,11,2,12,3,12,3,12,4,12,4,12,5,12,5,13,5,13]"
2025-08-18 22:31:57.781047,CSI_DATA,680,1a:00:00:00:00:00,-43,11,0,0,0,0,0,0,0,0,0,-94,0,1,0,117033779,0,31,0,128,0,"[0,0,-1,14,0,14,0,13,0,13,1,13,1,13,1,13,2,13,2,12,3,12,4,12,4,12,4,12,5,12,5,12,5,13,5,13,5,14,4,14,3,14,3,14,2,13,2,13,1,13,0,12,-1,12,0,0,0,0,0,0,0,0,0,0,0,0,0,0,0,0,0,0,0,0,0,0,1,9,0,10,0,10,-1,10,-2,10,-2,11,-3,11,-3,11,-4,11,-4,11,-4,11,-4,11,-5,11,-4,11,-4,11,-4,11,-3,11,-3,11,-2,12,-2,12,-2,12,-2,13,-1,13,-1,13,-1,14,0,14]"
2025-08-18 22:31:57.983363,CSI_DATA,681,1a:00:00:00:00:00,-42,11,0,0,0,0,0,0,0,0,0,-94,0,1,0,117234974,0,31,0,128,0,"[0,0,-1,14,-1,13,-1,13,-1,13,0,13,0,13,1,13,1,12,1,12,2,12,2,12,3,12,3,12,4,12,4,13,4,13,3,13,3,13,3,14,3,14,2,14,1,13,0,13,0,13,-1,12,-2,12,0,0,0,0,0,0,0,0,0,0,0,0,0,0,0,0,0,0,0,0,0,0,0,9,-1,9,-1,10,-2,10,-2,10,-3,11,-4,11,-4,11,-5,11,-5,11,-5,10,-5,10,-5,10,-5,10,-5,10,-4,10,-4,11,-4,11,-3,11,-3,12,-3,12,-2,12,-2,12,-2,13,-2,13,-1,13]"
2025-08-18 22:31:58.181132,CSI_DATA,682,1a:00:00:00:00:00,-42,11,0,0,0,0,0,0,0,0,0,-94,0,1,0,117436202,0,31,0,128,0,"[0,0,13,4,13,4,13,3,13,3,13,3,13,3,13,2,13,2,13,1,13,0,13,0,13,-1,13,-1,13,-1,14,-1,14,-1,14,-1,14,0,14,0,14,1,14,1,14,2,13,2,13,3,12,3,12,4,0,0,0,0,0,0,0,0,0,0,0,0,0,0,0,0,0,0,0,0,0,0,9,1,9,2,9,3,10,3,10,4,10,5,10,6,10,6,10,7,9,7,9,7,9,7,9,7,9,6,9,6,9,6,10,6,10,5,10,5,10,5,11,5,12,5,12,4,12,4,13,4,13,4]"
2025-08-18 22:31:58.380415,CSI_DATA,683,1a:00:00:00:00:00,-42,11,0,0,0,0,0,0,0,0,0,-94,0,1,0,117637300,0,31,0,128,0,"[0,0,11,8,11,7,11,7,12,7,11,6,11,6,12,6,12,5,12,5,12,4,12,3,12,3,13,3,13,3,13,2,13,2,14,3,14,3,14,4,13,4,13,5,13,5,12,6,11,6,11,6,10,7,0,0,0,0,0,0,0,0,0,0,0,0,0,0,0,0,0,0,0,0,0,0,8,4,8,5,8,6,8,7,8,7,8,8,7,9,7,9,7,9,6,10,6,9,6,9,6,9,7,9,6,9,7,9,7,8,8,8,8,8,9,8,9,8,10,8,10,8,11,7,11,8,11,8]"
2025-08-18 22:31:58.460717,CSI_DATA,684,1a:00:00:00:00:00,-42,11,0,0,0,0,0,0,0,0,0,-94,0,1,0,117698106,0,42,0,128,0,"[0,0,9,-11,8,-11,8,-11,8,-11,8,-11,7,-11,7,-11,6,-11,6,-12,5,-12,5,-12,4,-12,4,-13,4,-13,5,-13,5,-13,5,-14,5,-14,5,-13,6,-13,6,-13,7,-12,7,-12,7,-11,7,-10,8,-10,0,0,0,0,0,0,0,0,0,0,0,0,0,0,0,0,0,0,0,0,0,0,5,-8,5,-8,6,-8,7,-8,8,-8,8,-8,9,-7,9,-7,10,-7,10,-7,10,-6,10,-6,10,-6,9,-6,9,-6,9,-7,9,-7,9,-8,9,-8,9,-8,9,-9,9,-9,9,-10,8,-10,9,-11,9,-11]"
2025-08-18 22:31:58.513645,CSI_DATA,685,1a:00:00:00:00:00,-43,11,0,0,0,0,0,0,0,0,0,-94,0,1,0,117765008,0,31,0,128,0,"[0,0,-3,14,-3,14,-2,14,-2,13,-2,13,-2,13,-1,13,-1,13,0,13,1,13,1,13,2,13,2,13,2,13,2,13,2,13,2,14,2,14,1,14,0,14,0,14,-1,13,-1,14,-1,13,-2,12,-3,12,0,0,0,0,0,0,0,0,0,0,0,0,0,0,0,0,0,0,0,0,0,0,0,9,-1,9,-2,10,-3,10,-3,10,-4,11,-5,11,-5,10,-6,10,-6,10,-6,10,-6,10,-6,10,-6,10,-6,10,-5,10,-5,11,-4,11,-4,11,-4,11,-4,12,-4,12,-3,13,-3,13,-3,14,-2,13]"
2025-08-18 22:31:58.708929,CSI_DATA,686,1a:00:00:00:00:00,-42,11,0,0,0,0,0,0,0,0,0,-94,0,1,0,117966108,0,31,0,128,0,"[0,0,12,7,12,6,12,6,12,6,12,5,12,5,12,4,12,4,12,3,13,3,12,2,13,1,13,1,13,1,14,1,14,1,14,1,14,1,14,2,14,3,13,3,13,4,13,4,12,4,11,5,11,5,0,0,0,0,0,0,0,0,0,0,0,0,0,0,0,0,0,0,0,0,0,0,8,3,8,4,8,5,8,6,8,6,8,7,8,8,8,8,7,9,7,9,7,9,7,9,7,9,7,8,7,8,8,8,8,8,9,7,9,7,9,7,10,7,10,7,11,7,12,7,12,7,12,6]"
2025-08-18 22:31:58.920212,CSI_DATA,687,1a:00:00:00:00:00,-42,11,0,0,0,0,0,0,0,0,0,-94,0,1,0,118167260,0,31,0,128,0,"[0,0,1,-14,1,-14,1,-14,0,-14,0,-14,0,-14,-1,-14,-1,-14,-2,-13,-2,-13,-2,-14,-3,-13,-3,-14,-4,-13,-4,-14,-4,-14,-4,-15,-4,-14,-3,-15,-3,-15,-2,-15,-1,-14,-1,-14,0,-14,1,-13,1,-13,0,0,0,0,0,0,0,0,0,0,0,0,0,0,0,0,0,0,0,0,0,0,0,-10,1,-10,1,-11,2,-11,3,-11,3,-11,4,-11,4,-11,5,-11,5,-11,5,-11,6,-10,5,-11,5,-11,5,-11,4,-11,4,-11,3,-12,3,-12,3,-12,3,-13,2,-13,2,-14,2,-14,2,-14,2,-14]"
2025-08-18 22:31:59.121210,CSI_DATA,688,1a:00:00:00:00:00,-42,11,0,0,0,0,0,0,0,0,0,-94,0,1,0,118368473,0,31,0,128,0,"[0,0,0,14,1,13,1,14,2,13,2,14,2,13,2,13,3,13,3,12,4,12,4,12,5,12,5,12,5,12,6,12,6,12,6,13,5,13,5,13,5,13,4,13,3,13,2,13,2,13,1,12,0,12,0,0,0,0,0,0,0,0,0,0,0,0,0,0,0,0,0,0,0,0,0,0,1,9,1,10,0,10,-1,10,-1,11,-2,11,-2,11,-3,11,-3,11,-4,11,-4,11,-4,11,-4,11,-4,11,-3,11,-3,11,-3,11,-2,11,-2,12,-1,12,-1,12,0,13,0,13,0,13,0,14,1,14]"
2025-08-18 22:31:59.320047,CSI_DATA,689,1a:00:00:00:00:00,-42,11,0,0,0,0,0,0,0,0,0,-94,0,1,0,118569616,0,31,0,128,0,"[0,0,-10,10,-10,10,-10,10,-9,10,-9,10,-9,10,-8,10,-8,11,-7,10,-7,11,-6,11,-6,12,-6,12,-6,12,-6,12,-6,12,-6,13,-6,13,-7,12,-7,12,-8,12,-8,11,-8,11,-9,10,-9,9,-9,8,0,0,0,0,0,0,0,0,0,0,0,0,0,0,0,0,0,0,0,0,0,0,-6,7,-7,7,-8,7,-8,6,-9,7,-9,6,-10,6,-11,6,-11,6,-11,5,-11,5,-11,5,-11,5,-11,5,-11,5,-10,5,-10,6,-10,6,-10,7,-10,7,-10,8,-10,8,-10,9,-10,9,-10,9,-10,10]"
2025-08-18 22:31:59.521141,CSI_DATA,690,1a:00:00:00:00:00,-42,11,0,0,0,0,0,0,0,0,0,-94,0,1,0,118770775,0,31,0,128,0,"[0,0,-13,6,-13,6,-13,6,-13,6,-12,7,-12,7,-12,7,-12,7,-11,7,-11,8,-10,9,-10,9,-10,9,-10,10,-10,10,-10,10,-11,10,-11,10,-12,10,-12,9,-12,8,-12,8,-12,7,-12,7,-12,6,-12,5,0,0,0,0,0,0,0,0,0,0,0,0,0,0,0,0,0,0,0,0,0,0,-8,5,-9,5,-10,4,-10,4,-11,3,-12,3,-12,2,-12,2,-13,1,-13,1,-13,1,-13,1,-12,1,-12,1,-12,1,-12,2,-12,2,-12,3,-12,3,-12,4,-13,4,-13,4,-13,5,-13,6,-13,6,-13,6]"
2025-08-18 22:31:59.728451,CSI_DATA,691,1a:00:00:00:00:00,-42,11,0,0,0,0,0,0,0,0,0,-94,0,1,0,118972181,0,31,0,128,0,"[0,0,-8,-12,-9,-12,-9,-12,-9,-12,-9,-11,-9,-11,-9,-11,-9,-11,-10,-10,-11,-10,-11,-9,-11,-8,-11,-8,-12,-8,-12,-8,-12,-9,-12,-9,-12,-9,-12,-10,-11,-10,-11,-11,-10,-11,-10,-11,-9,-11,-9,-11,-7,-11,0,0,0,0,0,0,0,0,0,0,0,0,0,0,0,0,0,0,0,0,0,0,-7,-8,-6,-8,-6,-9,-6,-10,-6,-11,-5,-11,-4,-12,-4,-12,-4,-12,-4,-13,-4,-12,-3,-12,-3,-12,-4,-12,-4,-12,-4,-12,-5,-11,-5,-12,-6,-12,-6,-12,-6,-12,-7,-12,-8,-12,-8,-12,-8,-12,-8,-12]"
2025-08-18 22:31:59.925947,CSI_DATA,692,1a:00:00:00:00:00,-42,11,0,0,0,0,0,0,0,0,0,-94,0,1,0,119173238,0,31,0,128,0,"[0,0,1,-14,0,-14,0,-14,0,-14,0,-14,-1,-13,-1,-13,-1,-13,-2,-13,-2,-13,-3,-13,-3,-13,-3,-13,-4,-13,-4,-13,-4,-14,-4,-14,-3,-14,-3,-14,-3,-14,-2,-14,-2,-14,-1,-13,0,-13,1,-13,1,-12,0,0,0,0,0,0,0,0,0,0,0,0,0,0,0,0,0,0,0,0,0,0,-1,-10,0,-10,0,-10,1,-10,2,-11,2,-11,3,-11,3,-11,4,-11,4,-11,5,-11,4,-11,4,-11,4,-11,4,-11,4,-11,3,-11,3,-11,3,-12,2,-12,2,-12,1,-13,1,-13,1,-13,1,-14,1,-14]"
2025-08-18 22:31:59.997163,CSI_DATA,693,1a:00:00:00:00:00,-42,11,0,0,0,0,0,0,0,0,0,-94,0,1,0,119234055,0,42,0,128,0,"[0,0,13,-5,12,-6,12,-6,12,-6,12,-7,11,-7,11,-7,11,-7,10,-8,10,-8,10,-9,9,-9,9,-9,9,-9,10,-10,10,-10,10,-10,10,-10,11,-10,11,-9,11,-8,11,-8,11,-7,11,-7,11,-6,11,-5,0,0,0,0,0,0,0,0,0,0,0,0,0,0,0,0,0,0,0,0,0,0,8,-5,8,-4,9,-4,9,-3,10,-3,11,-3,11,-2,11,-2,11,-1,11,-1,11,-1,11,0,11,-1,11,-1,11,-1,11,-1,11,-2,11,-2,11,-3,11,-3,12,-4,12,-4,12,-5,12,-5,12,-5,13,-5]"
2025-08-18 22:32:00.047733,CSI_DATA,694,1a:00:00:00:00:00,-42,11,0,0,0,0,0,0,0,0,0,-94,0,1,0,119301794,0,31,0,128,0,"[0,0,14,2,14,2,13,2,14,2,13,1,13,1,13,0,13,0,13,-1,13,-1,13,-2,13,-2,13,-3,13,-3,14,-3,13,-3,14,-3,14,-2,14,-2,14,-2,14,-1,14,0,13,0,13,1,12,1,12,2,0,0,0,0,0,0,0,0,0,0,0,0,0,0,0,0,0,0,0,0,0,0,9,0,9,1,10,2,10,3,10,3,10,4,11,4,10,5,10,5,10,6,10,6,10,6,10,6,10,5,10,5,10,5,10,5,11,4,11,4,11,4,12,3,12,3,13,3,13,3,13,3,13,2]"
2025-08-18 22:32:00.253371,CSI_DATA,695,1a:00:00:00:00:00,-42,11,0,0,0,0,0,0,0,0,0,-94,0,1,0,119502871,0,31,0,128,0,"[0,0,-12,9,-11,9,-11,9,-10,9,-10,9,-10,9,-10,10,-9,10,-9,10,-8,10,-8,11,-7,11,-7,11,-7,12,-7,12,-7,12,-8,12,-8,12,-8,12,-9,12,-9,11,-9,10,-9,9,-10,9,-10,8,-10,7,0,0,0,0,0,0,0,0,0,0,0,0,0,0,0,0,0,0,0,0,0,0,-7,7,-8,6,-8,6,-9,6,-10,6,-11,5,-11,5,-11,5,-12,4,-12,3,-12,4,-12,3,-12,3,-12,4,-12,4,-11,4,-11,5,-11,5,-11,6,-11,6,-11,7,-11,7,-11,8,-11,8,-11,8,-11,9]"
2025-08-18 22:32:00.459704,CSI_DATA,696,1a:00:00:00:00:00,-42,11,0,0,0,0,0,0,0,0,0,-94,0,1,0,119705377,0,31,0,128,0,"[0,0,-2,-15,-2,-15,-2,-15,-2,-15,-3,-15,-3,-14,-3,-14,-4,-14,-4,-14,-5,-13,-5,-13,-6,-13,-6,-13,-7,-13,-7,-13,-7,-14,-7,-14,-7,-14,-6,-15,-6,-14,-5,-15,-4,-14,-4,-14,-3,-14,-2,-14,-1,-13,0,0,0,0,0,0,0,0,0,0,0,0,0,0,0,0,0,0,0,0,0,0,-2,-10,-1,-11,-1,-11,0,-12,0,-12,1,-12,2,-13,2,-13,3,-12,3,-12,3,-12,3,-12,3,-12,3,-12,2,-12,2,-12,2,-13,1,-13,1,-13,0,-13,0,-13,-1,-14,-1,-14,-1,-14,-1,-15,-1,-15]"
2025-08-18 22:32:00.664339,CSI_DATA,697,1a:00:00:00:00:00,-42,11,0,0,0,0,0,0,0,0,0,-94,0,1,0,119905164,0,31,0,128,0,"[0,0,-5,13,-5,13,-5,13,-5,12,-4,13,-4,13,-3,12,-3,12,-2,12,-2,12,-1,12,-1,13,-1,13,0,13,0,13,0,13,-1,14,-1,14,-1,14,-2,14,-2,14,-3,13,-3,13,-4,12,-4,12,-5,11,0,0,0,0,0,0,0,0,0,0,0,0,0,0,0,0,0,0,0,0,0,0,-3,8,-4,9,-4,9,-5,9,-5,9,-7,9,-7,9,-7,9,-8,9,-8,8,-8,8,-8,8,-8,8,-8,9,-8,9,-8,9,-7,9,-6,9,-7,10,-6,10,-6,11,-6,11,-5,11,-6,12,-5,12,-5,13]"
2025-08-18 22:32:00.869859,CSI_DATA,698,1a:00:00:00:00:00,-42,11,0,0,0,0,0,0,0,0,0,-94,0,1,0,120106447,0,31,0,128,0,"[0,0,2,-14,1,-14,1,-14,1,-14,0,-14,0,-14,0,-14,-1,-14,-1,-13,-2,-13,-2,-13,-3,-14,-3,-13,-3,-14,-4,-14,-4,-14,-3,-14,-3,-15,-3,-15,-2,-15,-1,-14,-1,-14,0,-14,0,-14,1,-13,2,-13,0,0,0,0,0,0,0,0,0,0,0,0,0,0,0,0,0,0,0,0,0,0,0,-10,0,-10,1,-10,2,-11,2,-11,3,-11,4,-11,4,-11,5,-11,5,-11,5,-11,5,-11,5,-11,5,-11,5,-11,4,-11,4,-11,3,-11,3,-12,3,-12,3,-13,2,-13,2,-13,1,-14,2,-14,2,-14]"
2025-08-18 22:32:01.052082,CSI_DATA,699,1a:00:00:00:00:00,-42,11,0,0,0,0,0,0,0,0,0,-94,0,1,0,120307724,0,31,0,128,0,"[0,0,9,11,9,10,9,10,9,10,10,9,9,9,10,9,10,8,10,7,10,7,11,7,11,6,11,6,12,6,12,6,12,6,12,7,13,7,12,7,12,8,11,8,10,8,10,9,9,9,9,9,8,9,0,0,0,0,0,0,0,0,0,0,0,0,0,0,0,0,0,0,0,0,0,0,6,6,6,7,6,8,6,9,5,9,5,10,5,10,5,10,4,11,4,11,3,11,3,11,3,11,4,11,4,11,4,10,5,10,5,10,6,10,6,10,7,10,7,10,8,10,8,10,8,11,8,11]"
2025-08-18 22:32:01.257966,CSI_DATA,700,1a:00:00:00:00:00,-42,11,0,0,0,0,0,0,0,0,0,-94,0,1,0,120508815,0,31,0,128,0,"[0,0,6,-13,5,-13,5,-13,5,-13,5,-13,4,-13,4,-13,3,-13,2,-13,2,-13,2,-13,1,-13,1,-14,1,-14,0,-14,0,-14,1,-15,1,-14,1,-15,2,-14,2,-14,3,-14,3,-13,4,-13,5,-12,5,-12,0,0,0,0,0,0,0,0,0,0,0,0,0,0,0,0,0,0,0,0,0,0,3,-9,4,-9,5,-9,5,-9,6,-9,6,-9,7,-9,7,-9,8,-9,8,-8,8,-8,8,-8,8,-8,8,-8,8,-9,7,-9,7,-9,7,-10,7,-10,6,-11,6,-11,6,-12,6,-12,6,-12,6,-12,6,-13]"
2025-08-18 22:32:01.466455,CSI_DATA,701,1a:00:00:00:00:00,-42,11,0,0,0,0,0,0,0,0,0,-94,0,1,0,120709960,0,31,0,128,0,"[0,0,-9,-13,-9,-13,-9,-12,-9,-12,-9,-12,-10,-11,-10,-11,-10,-11,-10,-10,-10,-9,-11,-9,-12,-9,-12,-9,-12,-9,-13,-9,-13,-9,-13,-9,-13,-9,-13,-10,-12,-10,-12,-10,-11,-11,-10,-11,-9,-11,-9,-11,-8,-11,0,0,0,0,0,0,0,0,0,0,0,0,0,0,0,0,0,0,0,0,0,0,-7,-8,-6,-9,-6,-10,-6,-10,-5,-11,-5,-12,-4,-12,-4,-13,-3,-13,-3,-13,-3,-13,-3,-13,-3,-12,-3,-12,-3,-12,-4,-12,-4,-12,-5,-12,-5,-12,-6,-12,-6,-12,-7,-12,-8,-12,-8,-13,-8,-13,-8,-13]"
2025-08-18 22:32:01.529081,CSI_DATA,702,1a:00:00:00:00:00,-42,11,0,0,0,0,0,0,0,0,0,-94,0,1,0,120770753,0,42,0,128,0,"[0,0,-14,-4,-15,-4,-14,-3,-15,-3,-14,-2,-14,-2,-14,-2,-14,-1,-14,0,-14,0,-14,0,-14,1,-14,1,-14,2,-15,2,-15,2,-15,2,-15,1,-15,1,-15,1,-15,0,-15,0,-14,-1,-14,-2,-13,-3,-13,-3,0,0,0,0,0,0,0,0,0,0,0,0,0,0,0,0,0,0,0,0,0,0,-10,-2,-10,-3,-10,-4,-10,-4,-11,-5,-11,-6,-11,-6,-11,-7,-11,-7,-10,-8,-10,-8,-10,-8,-10,-7,-10,-7,-10,-7,-11,-6,-11,-6,-11,-6,-12,-6,-12,-5,-12,-5,-13,-4,-13,-4,-14,-4,-14,-4,-14,-4]"
2025-08-18 22:32:01.580563,CSI_DATA,703,1a:00:00:00:00:00,-42,11,0,0,0,0,0,0,0,0,0,-94,0,1,0,120836213,0,31,0,128,0,"[0,0,13,4,13,4,12,3,13,3,13,3,12,3,13,2,13,2,13,1,13,0,13,0,13,-1,13,-1,13,-1,14,-2,13,-1,14,-1,14,-1,14,0,14,0,14,1,14,1,13,2,13,3,12,3,12,4,0,0,0,0,0,0,0,0,0,0,0,0,0,0,0,0,0,0,0,0,0,0,9,2,9,2,9,3,9,4,10,5,9,5,10,6,9,7,9,7,9,8,9,7,9,7,9,7,9,7,9,7,9,6,9,6,10,6,10,5,11,5,11,5,11,4,12,5,12,4,12,4,13,4]"
2025-08-18 22:32:01.791564,CSI_DATA,704,1a:00:00:00:00:00,-42,11,0,0,0,0,0,0,0,0,0,-94,0,1,0,121037290,0,31,0,128,0,"[0,0,-4,-14,-5,-14,-5,-14,-5,-14,-5,-13,-5,-13,-6,-13,-6,-13,-6,-12,-7,-12,-8,-11,-8,-12,-9,-11,-9,-12,-9,-12,-9,-12,-9,-12,-9,-12,-8,-13,-8,-13,-7,-13,-6,-13,-6,-13,-6,-13,-5,-13,-4,-13,0,0,0,0,0,0,0,0,0,0,0,0,0,0,0,0,0,0,0,0,0,0,-4,-9,-4,-10,-3,-11,-2,-11,-2,-12,-2,-12,-1,-12,0,-13,0,-13,0,-13,0,-13,0,-13,0,-12,0,-12,0,-12,-1,-12,-1,-12,-1,-12,-2,-13,-2,-13,-2,-13,-3,-14,-4,-14,-4,-14,-4,-14,-4,-14]"
2025-08-18 22:32:01.990023,CSI_DATA,705,1a:00:00:00:00:00,-42,11,0,0,0,0,0,0,0,0,0,-94,0,1,0,121238664,0,31,0,128,0,"[0,0,4,-14,3,-14,3,-14,3,-13,3,-14,3,-14,2,-14,2,-14,1,-13,1,-13,0,-14,-1,-14,-1,-14,-1,-14,-1,-14,-1,-14,-1,-15,0,-15,0,-15,1,-15,2,-14,2,-14,2,-14,2,-13,3,-12,4,-12,0,0,0,0,0,0,0,0,0,0,0,0,0,0,0,0,0,0,0,0,0,0,1,-10,2,-10,3,-10,3,-10,4,-10,5,-11,6,-10,6,-10,6,-10,7,-10,7,-10,7,-10,7,-10,6,-10,6,-10,6,-10,6,-10,5,-11,5,-11,5,-11,5,-12,5,-12,4,-13,4,-13,4,-13,4,-14]"
2025-08-18 22:32:02.187392,CSI_DATA,706,1a:00:00:00:00:00,-42,11,0,0,0,0,0,0,0,0,0,-94,0,1,0,121439843,0,31,0,128,0,"[0,0,12,6,12,6,12,6,12,6,12,5,12,5,12,4,12,4,12,3,13,3,12,2,13,2,13,2,13,2,14,2,14,2,14,2,14,2,14,3,14,3,13,4,13,5,12,5,12,5,11,5,10,6,0,0,0,0,0,0,0,0,0,0,0,0,0,0,0,0,0,0,0,0,0,0,9,3,9,4,9,5,9,5,9,6,9,7,9,7,9,8,8,8,8,8,8,8,8,8,8,8,8,8,8,8,8,8,8,7,9,7,9,7,10,7,10,6,11,7,11,6,12,6,12,6,12,6]"
2025-08-18 22:32:02.384331,CSI_DATA,707,1a:00:00:00:00:00,-42,11,0,0,0,0,0,0,0,0,0,-94,0,1,0,121640951,0,31,0,128,0,"[0,0,12,6,12,5,12,5,12,5,12,4,12,4,12,4,12,3,12,3,12,2,12,2,12,1,12,1,13,1,13,1,13,1,14,1,14,2,14,2,14,2,13,3,13,3,12,4,12,4,11,5,11,5,0,0,0,0,0,0,0,0,0,0,0,0,0,0,0,0,0,0,0,0,0,0,8,3,8,3,9,4,9,5,9,5,9,6,8,7,9,7,8,8,8,8,8,8,7,8,8,8,8,8,8,7,8,7,8,7,9,7,9,7,10,6,10,6,10,6,11,6,11,6,12,6,12,5]"
2025-08-18 22:32:02.584507,CSI_DATA,708,1a:00:00:00:00:00,-42,11,0,0,0,0,0,0,0,0,0,-94,0,1,0,121842099,0,31,0,128,0,"[0,0,11,7,11,7,11,6,12,6,12,6,11,6,11,5,11,5,11,4,12,4,12,3,12,2,13,2,13,2,13,2,13,2,13,3,13,3,13,4,13,4,13,5,12,6,12,6,11,6,11,6,10,7,0,0,0,0,0,0,0,0,0,0,0,0,0,0,0,0,0,0,0,0,0,0,8,3,8,4,8,5,8,5,8,6,8,7,8,8,8,8,7,8,7,9,7,9,7,9,7,8,7,8,7,8,7,8,8,8,8,7,8,7,9,7,9,7,9,7,10,7,11,7,11,7,11,7]"
2025-08-18 22:32:02.628628,CSI_DATA,709,1a:00:00:00:00:00,-42,11,0,0,0,0,0,0,0,0,0,-94,0,1,0,121845964,0,28,0,128,0,"[0,0,-14,8,-13,8,-13,8,-13,8,-12,8,-12,9,-11,9,-11,9,-11,9,-10,10,-10,10,-10,10,-9,11,-9,11,-10,12,-10,12,-10,12,-10,11,-11,11,-11,11,-11,10,-12,10,-12,9,-12,8,-12,7,-12,6,0,0,0,0,0,0,0,0,0,0,0,0,0,0,0,0,0,0,0,0,0,0,-8,6,-9,6,-10,5,-11,5,-11,5,-12,4,-13,4,-13,3,-13,3,-14,3,-13,2,-13,2,-13,2,-13,2,-12,3,-13,3,-13,3,-12,4,-13,4,-13,5,-13,5,-13,6,-13,7,-13,7,-13,7,-13,7]"
2025-08-18 22:32:02.791713,CSI_DATA,710,1a:00:00:00:00:00,-42,11,0,0,0,0,0,0,0,0,0,-94,0,1,0,122043323,0,31,0,128,0,"[0,0,-7,13,-7,12,-6,12,-6,12,-6,13,-5,13,-5,12,-4,13,-4,13,-3,12,-2,13,-2,13,-2,13,-1,14,-1,13,-2,14,-1,14,-2,14,-2,14,-3,14,-3,14,-4,13,-4,13,-5,12,-5,12,-6,11,0,0,0,0,0,0,0,0,0,0,0,0,0,0,0,0,0,0,0,0,0,0,-4,8,-5,9,-6,8,-7,9,-7,9,-8,9,-9,8,-9,8,-10,8,-10,7,-10,7,-10,7,-9,8,-9,8,-9,8,-9,8,-9,8,-8,9,-8,9,-8,10,-8,10,-7,11,-7,11,-7,12,-7,12,-7,12]"
2025-08-18 22:32:02.988005,CSI_DATA,711,1a:00:00:00:00:00,-42,11,0,0,0,0,0,0,0,0,0,-94,0,1,0,122244491,0,31,0,128,0,"[0,0,13,4,13,4,12,3,13,3,12,3,12,3,12,2,12,2,12,1,13,1,13,0,13,0,13,0,13,-1,14,-1,13,-1,14,0,14,0,14,0,14,1,14,2,13,2,13,3,12,3,12,3,11,4,0,0,0,0,0,0,0,0,0,0,0,0,0,0,0,0,0,0,0,0,0,0,9,1,9,2,9,3,9,3,10,4,9,5,10,6,9,6,9,7,9,7,9,7,8,7,9,7,9,6,9,6,9,6,9,6,10,5,10,5,10,5,11,5,11,5,12,4,12,4,12,4,12,4]"
2025-08-18 22:32:03.048723,CSI_DATA,712,1a:00:00:00:00:00,-42,11,0,0,0,0,0,0,0,0,0,-94,0,1,0,122305293,0,42,0,128,0,"[0,0,11,8,11,7,12,7,12,7,12,6,12,6,12,6,12,5,12,4,12,4,12,3,12,3,13,3,13,3,13,2,14,2,13,3,14,3,14,4,14,4,13,5,12,5,12,6,11,6,11,6,10,7,0,0,0,0,0,0,0,0,0,0,0,0,0,0,0,0,0,0,0,0,0,0,8,4,8,5,8,6,8,6,8,7,8,8,8,9,7,9,7,9,6,9,6,10,6,10,7,9,7,9,7,9,7,8,8,8,8,8,9,8,9,8,9,8,10,8,10,8,11,7,11,8,12,8]"
2025-08-18 22:32:03.127138,CSI_DATA,713,1a:00:00:00:00:00,-42,11,0,0,0,0,0,0,0,0,0,-94,0,1,0,122373419,0,31,0,128,0,"[0,0,-2,-14,-3,-14,-2,-14,-3,-14,-3,-14,-4,-14,-4,-13,-5,-13,-5,-13,-5,-12,-6,-13,-6,-12,-6,-12,-7,-12,-7,-12,-7,-13,-7,-13,-7,-13,-7,-13,-6,-13,-6,-14,-5,-13,-4,-14,-4,-13,-3,-13,-2,-13,0,0,0,0,0,0,0,0,0,0,0,0,0,0,0,0,0,0,0,0,0,0,-2,-10,-2,-10,-1,-11,0,-11,0,-12,1,-12,1,-12,2,-12,2,-12,2,-12,3,-12,3,-12,3,-12,2,-12,2,-12,2,-12,1,-12,1,-12,0,-13,0,-13,0,-13,-1,-13,-1,-13,-1,-14,-1,-14,-2,-14]"
2025-08-18 22:32:03.322966,CSI_DATA,714,1a:00:00:00:00:00,-42,11,0,0,0,0,0,0,0,0,0,-94,0,1,0,122574501,0,31,0,128,0,"[0,0,-4,13,-4,13,-4,13,-3,13,-3,13,-3,13,-2,13,-2,13,-1,13,-1,12,0,12,0,13,0,13,1,13,1,13,1,14,1,14,0,14,0,14,-1,14,-1,14,-2,14,-3,13,-3,13,-4,12,-4,12,0,0,0,0,0,0,0,0,0,0,0,0,0,0,0,0,0,0,0,0,0,0,-2,9,-3,9,-3,10,-4,10,-5,10,-6,10,-6,10,-7,10,-7,10,-8,10,-8,9,-8,9,-8,9,-7,9,-7,9,-7,9,-6,10,-6,10,-6,10,-5,11,-5,11,-5,12,-5,12,-5,13,-5,13,-4,13]"
2025-08-18 22:32:03.733477,CSI_DATA,715,1a:00:00:00:00:00,-42,11,0,0,0,0,0,0,0,0,0,-94,0,1,0,122775644,0,31,0,128,0,"[0,0,-7,-13,-7,-13,-7,-13,-7,-13,-7,-12,-7,-12,-8,-11,-8,-11,-8,-11,-9,-10,-9,-11,-9,-10,-10,-10,-10,-10,-10,-10,-10,-10,-11,-11,-10,-11,-11,-11,-10,-11,-9,-11,-9,-12,-8,-12,-6,-12,-6,-12,-6,-12,0,0,0,0,0,0,0,0,0,0,0,0,0,0,0,0,0,0,0,0,0,0,-5,-9,-5,-9,-4,-10,-4,-10,-4,-11,-3,-11,-3,-12,-3,-12,-2,-12,-2,-12,-1,-12,-1,-12,-1,-12,-1,-12,-2,-12,-2,-12,-3,-12,-3,-12,-4,-12,-5,-12,-5,-12,-5,-12,-6,-12,-5,-13,-6,-13,-6,-13]"
2025-08-18 22:32:03.739719,CSI_DATA,716,1a:00:00:00:00:00,-42,11,0,0,0,0,0,0,0,0,0,-94,0,1,0,122976845,0,31,0,128,0,"[0,0,-10,-11,-10,-11,-10,-11,-10,-10,-11,-10,-10,-10,-11,-10,-11,-9,-11,-8,-11,-8,-12,-7,-12,-7,-13,-7,-13,-7,-13,-7,-13,-7,-13,-7,-14,-8,-14,-9,-13,-9,-12,-9,-11,-10,-11,-9,-10,-10,-10,-10,-9,-10,0,0,0,0,0,0,0,0,0,0,0,0,0,0,0,0,0,0,0,0,0,0,-8,-7,-8,-8,-7,-9,-7,-9,-7,-10,-7,-11,-6,-11,-6,-12,-5,-12,-5,-12,-5,-12,-5,-12,-5,-12,-5,-11,-5,-11,-5,-11,-6,-11,-6,-11,-7,-11,-7,-11,-8,-11,-8,-11,-9,-11,-10,-11,-10,-11,-10,-11]"
2025-08-18 22:32:03.932702,CSI_DATA,717,1a:00:00:00:00:00,-42,11,0,0,0,0,0,0,0,0,0,-94,0,1,0,123177974,0,31,0,128,0,"[0,0,5,-13,5,-14,4,-13,4,-13,4,-13,3,-13,3,-13,2,-13,2,-13,1,-13,1,-13,0,-14,0,-14,0,-14,0,-14,0,-14,0,-15,0,-15,1,-15,1,-15,2,-14,2,-14,3,-14,3,-13,4,-12,5,-12,0,0,0,0,0,0,0,0,0,0,0,0,0,0,0,0,0,0,0,0,0,0,2,-9,3,-10,4,-10,5,-10,5,-10,6,-10,6,-10,7,-10,7,-10,8,-9,8,-9,8,-9,8,-9,7,-9,7,-9,7,-9,6,-10,6,-10,6,-10,6,-11,5,-11,5,-12,5,-12,5,-12,5,-13,5,-13]"
2025-08-18 22:32:04.148414,CSI_DATA,718,1a:00:00:00:00:00,-42,11,0,0,0,0,0,0,0,0,0,-94,0,1,0,123379216,0,31,0,128,0,"[0,0,-11,-10,-11,-10,-11,-10,-11,-10,-11,-10,-11,-9,-11,-9,-11,-8,-12,-8,-12,-7,-12,-7,-12,-7,-13,-6,-13,-6,-14,-6,-14,-6,-14,-7,-14,-7,-14,-7,-13,-8,-13,-8,-12,-9,-11,-9,-11,-9,-10,-9,-9,-10,0,0,0,0,0,0,0,0,0,0,0,0,0,0,0,0,0,0,0,0,0,0,-8,-6,-8,-7,-8,-8,-8,-9,-8,-9,-7,-10,-7,-11,-7,-11,-6,-11,-6,-12,-6,-12,-5,-11,-5,-11,-6,-11,-6,-11,-6,-11,-7,-10,-7,-10,-8,-10,-8,-10,-9,-10,-9,-10,-10,-10,-10,-10,-10,-10,-11,-10]"
2025-08-18 22:32:04.332402,CSI_DATA,719,1a:00:00:00:00:00,-42,11,0,0,0,0,0,0,0,0,0,-94,0,1,0,123580560,0,31,0,128,0,"[0,0,3,-15,2,-15,2,-14,2,-14,1,-15,1,-14,1,-14,0,-14,0,-14,-1,-14,-1,-14,-2,-14,-3,-14,-3,-14,-3,-15,-3,-14,-2,-15,-2,-15,-2,-15,-1,-15,0,-15,0,-15,1,-14,1,-14,1,-13,3,-13,0,0,0,0,0,0,0,0,0,0,0,0,0,0,0,0,0,0,0,0,0,0,1,-10,1,-10,2,-11,3,-11,4,-11,4,-11,5,-11,6,-11,6,-11,6,-11,6,-11,6,-11,6,-11,6,-11,6,-11,6,-11,5,-11,5,-11,4,-12,4,-12,4,-12,4,-13,3,-13,3,-14,3,-14,3,-14]"
2025-08-18 22:32:04.531885,CSI_DATA,720,1a:00:00:00:00:00,-42,11,0,0,0,0,0,0,0,0,0,-94,0,1,0,123781617,0,31,0,128,0,"[0,0,-15,5,-14,5,-14,5,-14,5,-14,6,-13,6,-13,6,-13,7,-12,7,-12,8,-11,8,-11,8,-11,9,-11,9,-11,9,-12,9,-12,9,-12,9,-13,8,-13,8,-13,7,-13,7,-13,6,-13,6,-13,5,-13,4,0,0,0,0,0,0,0,0,0,0,0,0,0,0,0,0,0,0,0,0,0,0,-9,4,-10,4,-11,3,-11,3,-12,2,-12,2,-13,1,-13,0,-13,0,-13,0,-13,0,-13,0,-13,0,-13,0,-13,0,-13,0,-13,1,-13,2,-13,2,-13,2,-13,3,-14,3,-14,4,-14,4,-14,5,-14,5]"
2025-08-18 22:32:04.596409,CSI_DATA,721,1a:00:00:00:00:00,-42,11,0,0,0,0,0,0,0,0,0,-94,0,1,0,123842707,0,42,0,128,0,"[0,0,-15,-2,-14,-2,-15,-2,-14,-1,-14,-1,-14,-1,-14,0,-14,0,-14,1,-13,2,-14,2,-13,3,-14,3,-14,3,-14,3,-14,4,-14,3,-15,3,-15,3,-15,2,-15,1,-14,1,-14,0,-14,0,-13,-1,-13,-2,0,0,0,0,0,0,0,0,0,0,0,0,0,0,0,0,0,0,0,0,0,0,-10,-1,-10,-2,-11,-2,-11,-3,-11,-4,-12,-4,-11,-5,-12,-5,-11,-6,-11,-6,-11,-6,-11,-6,-11,-6,-11,-6,-11,-6,-11,-5,-12,-5,-12,-4,-12,-4,-13,-4,-13,-3,-13,-3,-14,-3,-14,-2,-14,-2,-14,-2]"
2025-08-18 22:32:04.659269,CSI_DATA,722,1a:00:00:00:00:00,-42,11,0,0,0,0,0,0,0,0,0,-94,0,1,0,123909341,0,31,0,128,0,"[0,0,-10,11,-10,11,-9,10,-9,11,-9,11,-8,11,-8,11,-7,11,-7,11,-6,11,-6,12,-6,12,-6,12,-5,13,-5,13,-6,13,-6,13,-6,13,-7,13,-7,12,-8,12,-8,12,-8,11,-9,10,-9,9,-9,8,0,0,0,0,0,0,0,0,0,0,0,0,0,0,0,0,0,0,0,0,0,0,-6,8,-7,8,-8,7,-8,7,-9,7,-9,7,-10,7,-10,6,-11,6,-11,6,-11,5,-11,5,-11,5,-11,5,-11,6,-11,6,-10,6,-10,7,-10,7,-10,8,-10,8,-10,9,-10,9,-10,10,-10,10,-10,10]"
2025-08-18 22:32:04.865260,CSI_DATA,723,1a:00:00:00:00:00,-42,11,0,0,0,0,0,0,0,0,0,-94,0,1,0,124110388,0,31,0,128,0,"[0,0,-13,-8,-13,-7,-13,-7,-13,-7,-13,-7,-13,-6,-13,-6,-13,-5,-13,-5,-13,-4,-13,-4,-14,-4,-14,-3,-14,-3,-15,-3,-15,-2,-15,-3,-15,-3,-15,-4,-15,-4,-14,-5,-14,-5,-13,-6,-13,-6,-12,-7,-11,-7,0,0,0,0,0,0,0,0,0,0,0,0,0,0,0,0,0,0,0,0,0,0,-9,-5,-9,-5,-9,-7,-9,-7,-9,-8,-9,-8,-9,-9,-9,-9,-8,-10,-8,-10,-8,-11,-7,-10,-7,-10,-8,-10,-8,-10,-8,-9,-9,-9,-9,-9,-10,-9,-10,-8,-11,-8,-11,-8,-12,-8,-12,-8,-12,-8,-12,-8]"
2025-08-18 22:32:05.061904,CSI_DATA,724,1a:00:00:00:00:00,-42,11,0,0,0,0,0,0,0,0,0,-94,0,1,0,124311643,0,31,0,128,0,"[0,0,-12,9,-12,9,-12,9,-11,9,-11,9,-10,9,-10,10,-9,10,-9,10,-9,10,-9,10,-8,11,-8,11,-8,12,-8,12,-8,12,-8,12,-9,12,-9,12,-9,12,-9,12,-10,11,-10,10,-10,9,-11,8,-11,8,0,0,0,0,0,0,0,0,0,0,0,0,0,0,0,0,0,0,0,0,0,0,-8,6,-9,6,-10,6,-10,5,-11,5,-11,5,-12,4,-12,4,-12,4,-12,3,-13,3,-13,2,-12,3,-12,3,-12,3,-12,4,-12,4,-12,5,-12,5,-12,6,-12,7,-12,7,-12,7,-12,8,-12,8,-12,8]"
2025-08-18 22:32:05.264352,CSI_DATA,725,1a:00:00:00:00:00,-42,11,0,0,0,0,0,0,0,0,0,-94,0,1,0,124512778,0,31,0,128,0,"[0,0,3,-14,3,-14,3,-14,3,-14,2,-14,2,-14,1,-14,1,-14,0,-13,0,-13,-1,-14,-1,-14,-2,-14,-2,-14,-2,-14,-2,-14,-2,-15,-2,-15,-2,-15,-1,-15,0,-14,0,-14,1,-14,1,-14,2,-13,3,-12,0,0,0,0,0,0,0,0,0,0,0,0,0,0,0,0,0,0,0,0,0,0,2,-10,3,-10,3,-10,4,-10,4,-11,5,-10,6,-10,6,-10,7,-10,7,-10,7,-10,7,-9,7,-10,7,-10,6,-10,6,-10,6,-10,5,-11,5,-11,5,-12,5,-12,4,-13,4,-13,4,-13,4,-13,4,-14]"
2025-08-18 22:32:05.471500,CSI_DATA,726,1a:00:00:00:00:00,-42,11,0,0,0,0,0,0,0,0,0,-94,0,1,0,124714147,0,31,0,128,0,"[0,0,1,14,2,14,2,14,2,13,2,14,3,13,3,13,4,13,4,12,5,12,5,12,6,12,6,12,6,12,6,12,7,12,6,13,7,13,6,13,6,13,5,13,4,13,3,13,3,13,2,13,1,13,0,0,0,0,0,0,0,0,0,0,0,0,0,0,0,0,0,0,0,0,0,0,1,9,1,10,0,10,-1,11,-1,11,-2,12,-2,12,-2,12,-3,12,-4,11,-4,12,-4,11,-4,12,-3,11,-3,11,-3,11,-2,12,-2,11,-1,12,-1,12,-1,13,0,13,0,13,1,14,1,14,2,14]"
2025-08-18 22:32:05.664310,CSI_DATA,727,1a:00:00:00:00:00,-42,11,0,0,0,0,0,0,0,0,0,-94,0,1,0,124915211,0,31,0,128,0,"[0,0,13,-3,13,-4,13,-4,13,-4,13,-4,12,-5,12,-5,12,-5,11,-6,11,-6,11,-7,11,-7,11,-8,11,-8,11,-8,11,-8,12,-8,12,-8,12,-8,12,-7,12,-7,12,-6,12,-5,12,-5,12,-4,12,-3,0,0,0,0,0,0,0,0,0,0,0,0,0,0,0,0,0,0,0,0,0,0,9,-3,9,-3,10,-2,10,-2,10,-1,11,-1,11,0,11,1,11,1,11,1,11,2,11,2,11,2,11,1,11,1,11,1,11,0,11,-1,11,-1,12,-1,12,-2,12,-2,12,-2,13,-3,13,-3,13,-3]"
2025-08-18 22:32:05.870785,CSI_DATA,728,1a:00:00:00:00:00,-42,11,0,0,0,0,0,0,0,0,0,-94,0,1,0,125116365,0,31,0,128,0,"[0,0,-4,-14,-4,-14,-4,-14,-4,-14,-5,-13,-5,-13,-5,-13,-6,-13,-6,-12,-6,-12,-7,-12,-7,-12,-8,-12,-8,-12,-8,-12,-8,-12,-8,-13,-8,-12,-8,-13,-7,-13,-7,-13,-6,-13,-5,-13,-5,-13,-4,-13,-3,-13,0,0,0,0,0,0,0,0,0,0,0,0,0,0,0,0,0,0,0,0,0,0,-4,-9,-3,-10,-3,-11,-2,-11,-2,-12,-1,-12,-1,-12,0,-12,0,-12,1,-12,1,-12,1,-12,1,-12,1,-12,0,-12,0,-12,0,-12,-1,-12,-1,-12,-2,-13,-2,-13,-3,-13,-3,-13,-3,-14,-3,-14,-4,-14]"
2025-08-18 22:32:06.062462,CSI_DATA,729,1a:00:00:00:00:00,-42,11,0,0,0,0,0,0,0,0,0,-94,0,1,0,125317586,0,31,0,128,0,"[0,0,9,11,9,11,9,10,9,10,9,10,9,9,10,9,10,8,10,8,11,8,11,8,11,7,11,7,12,7,12,7,12,7,12,7,12,7,12,8,12,8,11,9,11,9,10,9,9,10,9,9,8,10,0,0,0,0,0,0,0,0,0,0,0,0,0,0,0,0,0,0,0,0,0,0,7,7,6,7,6,8,6,9,5,10,5,10,5,11,4,11,4,11,3,11,3,12,3,11,3,12,3,11,4,11,4,11,4,11,5,11,5,11,6,11,6,11,7,11,7,11,8,11,8,11,9,11]"
2025-08-18 22:32:06.195944,CSI_DATA,730,1a:00:00:00:00:00,-42,11,0,0,0,0,0,0,0,0,0,-94,0,1,0,125378350,0,42,0,128,0,"[0,0,-10,-12,-10,-11,-10,-11,-10,-11,-10,-11,-10,-10,-11,-10,-11,-9,-11,-9,-11,-8,-11,-8,-12,-8,-12,-8,-13,-8,-13,-7,-13,-7,-13,-8,-13,-8,-13,-8,-13,-8,-12,-9,-12,-9,-11,-10,-10,-10,-9,-10,-9,-10,0,0,0,0,0,0,0,0,0,0,0,0,0,0,0,0,0,0,0,0,0,0,-7,-8,-7,-8,-7,-9,-6,-10,-6,-10,-6,-11,-6,-11,-6,-12,-5,-12,-4,-12,-4,-12,-4,-12,-4,-12,-4,-12,-5,-12,-5,-11,-6,-11,-6,-11,-6,-11,-7,-11,-8,-11,-8,-11,-9,-11,-9,-12,-9,-11,-9,-12]"
2025-08-18 22:32:06.201187,CSI_DATA,731,1a:00:00:00:00:00,-42,11,0,0,0,0,0,0,0,0,0,-94,0,1,0,125444692,0,31,0,128,0,"[0,0,-13,8,-13,7,-12,7,-12,7,-11,8,-11,8,-11,8,-10,9,-10,9,-10,9,-9,10,-9,10,-9,10,-9,11,-9,11,-9,11,-9,11,-9,11,-10,11,-10,10,-11,10,-11,9,-11,9,-11,8,-11,7,-11,6,0,0,0,0,0,0,0,0,0,0,0,0,0,0,0,0,0,0,0,0,0,0,-8,6,-9,5,-10,5,-10,4,-11,4,-11,4,-12,3,-12,3,-13,3,-12,2,-12,2,-12,2,-12,2,-12,2,-12,2,-12,3,-12,3,-11,4,-12,4,-12,5,-12,5,-12,6,-12,6,-12,7,-12,7,-12,7]"
2025-08-18 22:32:06.400064,CSI_DATA,732,1a:00:00:00:00:00,-42,11,0,0,0,0,0,0,0,0,0,-94,0,1,0,125645760,0,31,0,128,0,"[0,0,-12,-9,-12,-9,-12,-9,-12,-8,-12,-8,-12,-8,-12,-7,-12,-7,-12,-6,-13,-5,-13,-5,-13,-5,-14,-4,-14,-4,-14,-4,-14,-4,-14,-4,-15,-5,-14,-5,-14,-6,-14,-6,-13,-7,-12,-7,-12,-7,-11,-7,-11,-8,0,0,0,0,0,0,0,0,0,0,0,0,0,0,0,0,0,0,0,0,0,0,-9,-6,-9,-7,-8,-7,-9,-8,-8,-8,-8,-9,-8,-10,-8,-10,-7,-11,-7,-11,-7,-11,-7,-11,-7,-11,-7,-10,-7,-10,-7,-10,-8,-10,-8,-9,-9,-10,-9,-10,-10,-9,-10,-9,-11,-9,-11,-9,-11,-9,-12,-9]"
2025-08-18 22:32:06.595301,CSI_DATA,733,1a:00:00:00:00:00,-42,11,0,0,0,0,0,0,0,0,0,-94,0,1,0,125847080,0,31,0,128,0,"[0,0,-1,14,-1,14,-1,13,0,14,1,13,1,13,1,13,2,13,2,13,3,13,3,12,4,12,4,13,4,12,5,13,5,12,5,14,4,13,4,14,4,14,3,14,2,14,2,14,1,13,0,12,-1,12,0,0,0,0,0,0,0,0,0,0,0,0,0,0,0,0,0,0,0,0,0,0,0,9,-1,10,-2,10,-2,10,-3,11,-3,11,-4,11,-5,11,-5,11,-5,11,-6,11,-6,10,-5,11,-5,11,-5,11,-5,11,-4,11,-3,11,-3,11,-2,12,-2,12,-2,13,-2,13,-1,13,-1,13,-1,13]"
2025-08-18 22:32:06.796711,CSI_DATA,734,1a:00:00:00:00:00,-42,11,0,0,0,0,0,0,0,0,0,-94,0,1,0,126048181,0,31,0,128,0,"[0,0,-4,13,-4,13,-3,13,-3,13,-3,13,-3,13,-2,12,-2,13,-1,12,-1,12,0,13,0,13,0,13,1,13,1,13,1,13,0,14,0,14,0,14,-1,14,-1,13,-2,13,-3,13,-3,12,-4,12,-4,11,0,0,0,0,0,0,0,0,0,0,0,0,0,0,0,0,0,0,0,0,0,0,-2,9,-2,9,-3,9,-4,9,-5,10,-5,10,-6,10,-6,10,-7,10,-7,9,-8,9,-8,9,-7,9,-7,9,-7,9,-6,9,-6,9,-6,10,-5,10,-5,11,-5,11,-5,12,-5,12,-4,12,-4,12,-4,12]"
2025-08-18 22:32:06.999784,CSI_DATA,735,1a:00:00:00:00:00,-42,11,0,0,0,0,0,0,0,0,0,-94,0,1,0,126249381,0,31,0,128,0,"[0,0,12,5,12,5,12,5,12,4,12,4,12,3,12,3,12,2,12,2,12,2,12,1,12,1,13,1,13,0,13,0,13,0,14,0,14,1,14,1,14,1,13,2,13,3,12,3,12,4,11,4,11,5,0,0,0,0,0,0,0,0,0,0,0,0,0,0,0,0,0,0,0,0,0,0,9,2,9,3,9,4,9,4,9,5,9,6,9,6,9,7,9,7,8,8,8,8,8,8,8,8,8,7,8,7,8,7,9,7,9,6,9,6,10,6,10,5,11,5,11,5,11,5,12,5,12,5]"
2025-08-18 22:32:07.203190,CSI_DATA,736,1a:00:00:00:00:00,-42,11,0,0,0,0,0,0,0,0,0,-94,0,1,0,126450951,0,31,0,128,0,"[0,0,12,6,12,5,12,5,12,5,12,4,12,4,12,4,12,3,12,3,12,2,12,2,12,1,13,1,13,1,13,1,13,1,13,1,14,1,14,2,13,2,13,3,13,4,12,4,11,4,11,5,11,5,0,0,0,0,0,0,0,0,0,0,0,0,0,0,0,0,0,0,0,0,0,0,8,2,9,3,9,4,9,4,9,5,9,6,9,7,9,7,8,7,8,8,8,8,8,8,8,8,8,8,8,7,8,7,8,7,9,6,9,6,10,6,10,6,10,6,11,6,11,6,12,6,12,5]"
2025-08-18 22:32:07.403321,CSI_DATA,737,1a:00:00:00:00:00,-42,11,0,0,0,0,0,0,0,0,0,-94,0,1,0,126651808,0,31,0,128,0,"[0,0,13,-6,12,-6,12,-6,12,-6,12,-7,11,-7,11,-7,11,-8,10,-8,10,-9,10,-9,9,-10,10,-10,10,-10,10,-11,10,-11,10,-11,10,-11,11,-10,11,-10,11,-9,11,-9,11,-8,11,-7,11,-6,12,-5,0,0,0,0,0,0,0,0,0,0,0,0,0,0,0,0,0,0,0,0,0,0,8,-5,9,-5,9,-4,10,-4,11,-3,11,-3,11,-2,12,-2,12,-1,12,-1,12,-1,12,0,12,-1,11,-1,11,-1,11,-2,11,-2,11,-3,12,-3,12,-4,12,-4,12,-5,12,-5,12,-5,13,-5,13,-6]"
2025-08-18 22:32:07.606662,CSI_DATA,738,1a:00:00:00:00:00,-42,11,0,0,0,0,0,0,0,0,0,-94,0,1,0,126852922,0,31,0,128,0,"[0,0,-1,-14,-2,-15,-2,-14,-2,-14,-2,-14,-3,-14,-3,-14,-3,-13,-4,-13,-5,-13,-5,-13,-6,-13,-6,-13,-6,-13,-6,-13,-6,-13,-6,-14,-6,-13,-6,-14,-5,-14,-4,-14,-4,-14,-3,-14,-3,-13,-2,-13,-1,-13,0,0,0,0,0,0,0,0,0,0,0,0,0,0,0,0,0,0,0,0,0,0,-2,-10,-1,-10,-1,-11,0,-11,0,-12,1,-12,2,-12,2,-12,3,-12,3,-12,3,-12,3,-12,3,-11,3,-12,2,-12,2,-12,2,-12,1,-12,1,-12,1,-13,0,-13,0,-13,-1,-14,-1,-14,-1,-14,-1,-14]"
2025-08-18 22:32:07.664214,CSI_DATA,739,1a:00:00:00:00:00,-42,11,0,0,0,0,0,0,0,0,0,-94,0,1,0,126913707,0,42,0,128,0,"[0,0,-14,5,-13,5,-13,5,-13,5,-13,6,-12,6,-12,6,-11,6,-11,7,-11,7,-11,8,-10,8,-10,8,-10,9,-10,9,-11,9,-11,9,-11,9,-12,9,-12,8,-12,8,-12,7,-12,6,-12,6,-12,5,-12,4,0,0,0,0,0,0,0,0,0,0,0,0,0,0,0,0,0,0,0,0,0,0,-9,4,-10,3,-10,3,-11,2,-11,2,-12,1,-12,1,-12,0,-13,0,-12,0,-12,-1,-12,-1,-12,0,-12,0,-12,0,-12,0,-12,1,-12,1,-12,2,-12,2,-13,3,-13,3,-13,4,-13,4,-13,4,-13,4]"
2025-08-18 22:32:07.732389,CSI_DATA,740,1a:00:00:00:00:00,-42,11,0,0,0,0,0,0,0,0,0,-94,0,1,0,126981100,0,31,0,128,0,"[0,0,4,-14,4,-14,3,-14,3,-14,3,-14,2,-14,2,-14,1,-14,1,-14,0,-14,0,-14,0,-14,-1,-14,-1,-14,-1,-15,-1,-15,-1,-15,-1,-15,-1,-16,0,-15,0,-15,1,-15,2,-14,2,-13,3,-13,4,-13,0,0,0,0,0,0,0,0,0,0,0,0,0,0,0,0,0,0,0,0,0,0,2,-10,2,-10,3,-10,4,-10,5,-11,5,-11,6,-11,6,-10,7,-11,7,-10,8,-10,8,-9,7,-10,7,-10,6,-10,6,-10,6,-10,6,-11,5,-11,5,-12,5,-12,4,-13,5,-13,5,-13,4,-14,4,-14]"
2025-08-18 22:32:07.936268,CSI_DATA,741,1a:00:00:00:00:00,-42,11,0,0,0,0,0,0,0,0,0,-94,0,1,0,127182191,0,31,0,128,0,"[0,0,-2,-14,-3,-14,-3,-14,-3,-14,-4,-14,-3,-14,-4,-13,-4,-13,-5,-13,-5,-12,-6,-12,-7,-12,-7,-12,-7,-12,-7,-12,-7,-13,-7,-13,-7,-13,-7,-14,-6,-14,-5,-14,-5,-14,-4,-13,-4,-13,-3,-13,-2,-13,0,0,0,0,0,0,0,0,0,0,0,0,0,0,0,0,0,0,0,0,0,0,-3,-10,-2,-10,-1,-10,-1,-11,0,-11,0,-12,1,-12,2,-12,2,-12,2,-12,2,-12,2,-12,2,-12,2,-12,2,-12,1,-11,1,-12,0,-12,0,-13,0,-13,-1,-13,-1,-13,-2,-13,-2,-14,-2,-14,-2,-14]"
2025-08-18 22:32:08.128815,CSI_DATA,742,1a:00:00:00:00:00,-42,11,0,0,0,0,0,0,0,0,0,-94,0,1,0,127385162,0,31,0,128,0,"[0,0,12,6,12,5,12,5,13,5,12,4,12,4,12,3,12,3,12,3,13,2,13,2,13,1,13,1,13,0,14,1,14,1,14,1,14,1,14,1,14,2,14,2,13,3,13,4,12,4,12,5,11,5,0,0,0,0,0,0,0,0,0,0,0,0,0,0,0,0,0,0,0,0,0,0,8,3,9,4,9,5,9,5,9,6,9,6,9,7,8,7,8,8,8,8,8,9,8,9,8,8,8,8,8,8,8,8,8,7,9,7,9,7,10,6,10,6,11,6,11,6,12,6,12,6,12,6]"
2025-08-18 22:32:08.333955,CSI_DATA,743,1a:00:00:00:00:00,-42,11,0,0,0,0,0,0,0,0,0,-94,0,1,0,127584570,0,31,0,128,0,"[0,0,-9,12,-8,12,-8,11,-8,12,-7,12,-7,12,-7,12,-6,12,-5,12,-5,12,-5,12,-4,12,-4,13,-3,13,-4,13,-3,13,-4,14,-4,14,-5,14,-5,14,-5,13,-6,13,-6,12,-7,12,-7,11,-8,10,0,0,0,0,0,0,0,0,0,0,0,0,0,0,0,0,0,0,0,0,0,0,-5,8,-6,8,-7,8,-7,8,-8,8,-9,8,-9,8,-10,7,-10,7,-11,7,-10,6,-11,6,-10,6,-10,6,-10,7,-10,7,-10,7,-9,8,-9,8,-9,9,-9,9,-9,10,-9,10,-8,11,-9,11,-8,11]"
2025-08-18 22:32:08.540793,CSI_DATA,744,1a:00:00:00:00:00,-42,11,0,0,0,0,0,0,0,0,0,-94,0,1,0,127785733,0,31,0,128,0,"[0,0,-5,-14,-5,-14,-5,-14,-6,-13,-6,-13,-6,-13,-6,-13,-7,-12,-7,-12,-8,-12,-8,-11,-9,-11,-9,-11,-9,-11,-9,-11,-9,-12,-10,-12,-9,-12,-9,-13,-9,-13,-8,-13,-7,-13,-7,-13,-6,-13,-5,-13,-4,-13,0,0,0,0,0,0,0,0,0,0,0,0,0,0,0,0,0,0,0,0,0,0,-5,-9,-5,-10,-4,-10,-3,-11,-3,-11,-3,-12,-2,-12,-2,-13,-1,-13,-1,-13,0,-13,0,-13,-1,-13,-1,-12,-1,-12,-1,-12,-2,-12,-2,-12,-3,-13,-3,-13,-4,-13,-4,-13,-5,-14,-5,-14,-5,-14,-5,-14]"
2025-08-18 22:32:08.730274,CSI_DATA,745,1a:00:00:00:00:00,-42,11,0,0,0,0,0,0,0,0,0,-94,0,1,0,127986873,0,31,0,128,0,"[0,0,12,7,12,7,12,7,12,6,12,6,12,5,12,5,12,4,12,4,12,3,13,3,13,2,13,2,13,2,13,2,14,2,14,2,14,2,14,3,14,3,13,4,13,4,12,5,12,5,11,6,10,6,0,0,0,0,0,0,0,0,0,0,0,0,0,0,0,0,0,0,0,0,0,0,8,4,8,4,8,5,8,6,8,7,9,7,8,8,8,8,8,9,7,9,7,9,7,9,7,9,7,9,7,8,7,8,8,8,8,7,9,7,9,7,10,7,10,7,11,7,11,7,12,7,12,7]"
2025-08-18 22:32:08.938530,CSI_DATA,746,1a:00:00:00:00:00,-42,11,0,0,0,0,0,0,0,0,0,-94,0,1,0,128188264,0,31,0,128,0,"[0,0,-14,5,-13,5,-13,5,-13,5,-12,6,-12,6,-12,6,-11,7,-11,7,-11,7,-10,8,-10,8,-10,9,-10,9,-10,9,-10,9,-11,9,-11,9,-11,9,-12,9,-12,8,-12,7,-12,6,-12,6,-12,5,-12,4,0,0,0,0,0,0,0,0,0,0,0,0,0,0,0,0,0,0,0,0,0,0,-9,4,-9,4,-10,3,-11,3,-11,2,-12,2,-12,1,-12,1,-12,0,-12,0,-12,0,-12,0,-12,0,-12,0,-12,0,-12,1,-12,1,-12,2,-12,2,-12,3,-13,3,-13,3,-13,4,-13,4,-13,5,-13,5]"
2025-08-18 22:32:09.137653,CSI_DATA,747,1a:00:00:00:00:00,-42,11,0,0,0,0,0,0,0,0,0,-94,0,1,0,128389377,0,31,0,128,0,"[0,0,8,-11,7,-12,7,-12,7,-11,6,-12,6,-12,6,-12,5,-12,5,-12,4,-12,4,-12,3,-13,3,-13,3,-13,3,-13,3,-13,4,-14,4,-14,4,-14,5,-13,5,-13,6,-13,6,-12,6,-11,7,-10,7,-10,0,0,0,0,0,0,0,0,0,0,0,0,0,0,0,0,0,0,0,0,0,0,4,-9,5,-9,5,-9,6,-9,6,-9,7,-9,8,-8,8,-8,9,-8,9,-7,9,-7,9,-7,9,-7,9,-7,8,-7,8,-7,8,-8,8,-8,8,-9,8,-9,7,-9,7,-10,7,-10,7,-11,7,-11,7,-11]"
2025-08-18 22:32:09.200583,CSI_DATA,748,1a:00:00:00:00:00,-42,11,0,0,0,0,0,0,0,0,0,-94,0,1,0,128450144,0,42,0,128,0,"[0,0,12,-7,11,-7,11,-7,11,-7,11,-8,11,-8,10,-8,10,-8,9,-9,9,-9,9,-9,9,-10,8,-10,9,-11,8,-11,9,-11,9,-11,10,-11,10,-11,10,-10,10,-9,10,-9,10,-8,11,-7,11,-7,11,-6,0,0,0,0,0,0,0,0,0,0,0,0,0,0,0,0,0,0,0,0,0,0,7,-5,8,-5,8,-5,10,-5,10,-4,11,-4,11,-3,11,-3,11,-2,11,-2,11,-1,11,-1,11,-2,11,-2,11,-2,10,-2,11,-3,10,-4,11,-4,11,-5,11,-5,11,-6,11,-6,12,-6,12,-6,12,-7]"
2025-08-18 22:32:09.265917,CSI_DATA,749,1a:00:00:00:00:00,-42,11,0,0,0,0,0,0,0,0,0,-94,0,1,0,128517290,0,31,0,128,0,"[0,0,14,-3,13,-3,13,-3,13,-4,13,-4,12,-4,12,-5,12,-5,12,-5,12,-6,12,-7,11,-7,11,-7,11,-8,11,-8,12,-8,12,-8,13,-8,13,-8,13,-7,13,-6,13,-6,12,-5,12,-4,12,-3,12,-3,0,0,0,0,0,0,0,0,0,0,0,0,0,0,0,0,0,0,0,0,0,0,9,-3,9,-2,10,-2,10,-1,11,-1,11,0,11,1,12,1,12,2,11,2,11,2,11,2,11,2,11,2,11,2,11,1,11,1,11,0,12,0,12,-1,12,-1,12,-2,13,-2,13,-2,13,-3,14,-3]"
2025-08-18 22:32:09.466955,CSI_DATA,750,1a:00:00:00:00:00,-42,11,0,0,0,0,0,0,0,0,0,-94,0,1,0,128718345,0,31,0,128,0,"[0,0,8,-12,8,-12,8,-12,8,-12,7,-12,6,-12,6,-12,6,-12,5,-12,5,-13,4,-13,4,-13,4,-13,3,-13,4,-14,4,-14,4,-15,4,-14,5,-14,5,-14,6,-14,6,-13,6,-13,7,-12,7,-11,7,-10,0,0,0,0,0,0,0,0,0,0,0,0,0,0,0,0,0,0,0,0,0,0,4,-9,5,-9,6,-9,6,-8,7,-9,8,-8,9,-8,9,-8,10,-7,10,-8,10,-7,10,-7,9,-7,9,-7,9,-7,9,-8,8,-8,9,-9,8,-9,8,-9,8,-10,8,-10,8,-11,8,-11,8,-12,8,-12]"
2025-08-18 22:32:09.675382,CSI_DATA,751,1a:00:00:00:00:00,-42,11,0,0,0,0,0,0,0,0,0,-94,0,1,0,128919490,0,31,0,128,0,"[0,0,-8,-13,-8,-12,-8,-12,-8,-12,-8,-11,-8,-11,-9,-11,-9,-10,-9,-10,-10,-10,-10,-9,-10,-9,-11,-9,-11,-9,-11,-9,-11,-9,-12,-10,-11,-10,-12,-10,-11,-10,-10,-11,-10,-11,-9,-11,-8,-11,-7,-11,-7,-11,0,0,0,0,0,0,0,0,0,0,0,0,0,0,0,0,0,0,0,0,0,0,-6,-8,-6,-9,-5,-9,-5,-10,-5,-11,-4,-11,-4,-12,-4,-12,-3,-12,-3,-12,-3,-12,-2,-12,-3,-12,-3,-12,-3,-12,-3,-12,-4,-12,-4,-11,-5,-12,-5,-12,-6,-12,-6,-12,-7,-12,-7,-12,-7,-12,-7,-12]"
2025-08-18 22:32:09.874988,CSI_DATA,752,1a:00:00:00:00:00,-42,11,0,0,0,0,0,0,0,0,0,-94,0,1,0,129120666,0,31,0,128,0,"[0,0,-4,-14,-5,-14,-5,-13,-5,-13,-6,-13,-5,-13,-6,-13,-6,-12,-7,-12,-8,-12,-8,-11,-8,-11,-8,-11,-9,-11,-9,-11,-9,-11,-9,-12,-9,-12,-9,-12,-8,-13,-8,-13,-7,-13,-6,-13,-6,-13,-5,-12,-4,-12,0,0,0,0,0,0,0,0,0,0,0,0,0,0,0,0,0,0,0,0,0,0,-4,-9,-3,-10,-3,-10,-3,-11,-2,-11,-2,-12,-1,-12,-1,-12,0,-13,0,-12,0,-12,1,-12,1,-12,0,-12,0,-12,0,-12,-1,-12,-1,-12,-2,-13,-2,-13,-3,-13,-3,-13,-4,-13,-4,-13,-4,-13,-4,-14]"
2025-08-18 22:32:10.071329,CSI_DATA,753,1a:00:00:00:00:00,-42,11,0,0,0,0,0,0,0,0,0,-94,0,1,0,129322042,0,31,0,128,0,"[0,0,-9,11,-9,12,-8,11,-8,12,-7,11,-7,12,-7,12,-6,12,-6,12,-5,12,-5,12,-4,12,-4,13,-4,13,-4,14,-4,13,-4,14,-4,14,-5,14,-5,13,-6,13,-6,13,-7,12,-7,12,-7,10,-8,10,0,0,0,0,0,0,0,0,0,0,0,0,0,0,0,0,0,0,0,0,0,0,-6,8,-6,8,-7,8,-8,7,-9,8,-9,7,-10,7,-10,7,-11,7,-11,6,-11,6,-11,6,-11,6,-10,6,-10,6,-10,7,-10,7,-9,7,-9,8,-9,9,-9,9,-9,10,-9,10,-9,10,-9,11,-9,11]"
2025-08-18 22:32:10.277967,CSI_DATA,754,1a:00:00:00:00:00,-42,11,0,0,0,0,0,0,0,0,0,-94,0,1,0,129523101,0,31,0,128,0,"[0,0,-13,6,-13,6,-13,6,-12,7,-12,7,-12,7,-12,7,-11,8,-11,8,-10,8,-10,9,-10,9,-10,10,-10,10,-10,10,-10,10,-10,10,-11,10,-11,10,-11,10,-12,9,-12,8,-12,8,-12,7,-12,6,-12,5,0,0,0,0,0,0,0,0,0,0,0,0,0,0,0,0,0,0,0,0,0,0,-9,5,-9,5,-10,4,-10,3,-11,3,-12,3,-12,2,-12,2,-13,1,-13,1,-13,1,-13,1,-12,1,-12,1,-12,2,-12,2,-12,2,-12,3,-12,3,-12,4,-12,4,-12,5,-13,5,-13,6,-13,6,-13,6]"
2025-08-18 22:32:10.474509,CSI_DATA,755,1a:00:00:00:00:00,-42,11,0,0,0,0,0,0,0,0,0,-94,0,1,0,129724586,0,31,0,128,0,"[0,0,-12,8,-12,8,-12,8,-11,8,-11,9,-11,8,-10,9,-10,9,-10,9,-9,10,-9,10,-8,11,-8,11,-8,11,-8,11,-8,11,-8,12,-9,12,-10,11,-10,11,-10,10,-10,10,-10,9,-10,9,-11,8,-11,7,0,0,0,0,0,0,0,0,0,0,0,0,0,0,0,0,0,0,0,0,0,0,-8,6,-9,6,-9,5,-10,5,-10,5,-11,4,-12,4,-12,3,-12,3,-12,2,-12,2,-12,2,-12,2,-12,3,-12,3,-12,3,-12,4,-11,4,-12,5,-12,5,-12,6,-12,6,-12,6,-12,7,-12,7,-12,8]"
2025-08-18 22:32:10.675613,CSI_DATA,756,1a:00:00:00:00:00,-42,11,0,0,0,0,0,0,0,0,0,-94,0,1,0,129925425,0,31,0,128,0,"[0,0,-14,5,-13,6,-13,6,-13,6,-13,6,-13,6,-12,6,-12,7,-11,7,-11,8,-10,8,-10,9,-10,9,-10,10,-10,9,-11,10,-11,10,-12,10,-12,9,-12,9,-12,8,-12,7,-12,7,-12,6,-12,5,-12,5,0,0,0,0,0,0,0,0,0,0,0,0,0,0,0,0,0,0,0,0,0,0,-9,4,-10,4,-10,3,-11,3,-11,2,-12,2,-13,1,-13,1,-13,1,-13,0,-13,0,-13,0,-13,0,-12,1,-12,1,-12,1,-13,2,-12,2,-13,2,-13,3,-13,3,-13,4,-13,5,-13,5,-13,5,-13,5]"
2025-08-18 22:32:10.737093,CSI_DATA,757,1a:00:00:00:00:00,-42,11,0,0,0,0,0,0,0,0,0,-94,0,1,0,129986228,0,42,0,128,0,"[0,0,-14,4,-14,4,-14,4,-14,4,-13,4,-13,5,-13,5,-13,5,-12,6,-12,6,-12,7,-12,7,-12,7,-12,8,-12,8,-12,8,-12,8,-13,8,-13,7,-13,7,-13,6,-13,6,-13,5,-13,4,-13,3,-13,3,0,0,0,0,0,0,0,0,0,0,0,0,0,0,0,0,0,0,0,0,0,0,-9,3,-10,3,-11,2,-11,2,-12,1,-12,1,-13,0,-13,0,-13,-1,-13,-1,-13,-1,-13,-1,-13,-1,-12,-1,-12,-1,-12,-1,-12,0,-12,0,-13,1,-13,1,-13,2,-14,2,-14,3,-14,3,-14,3,-14,3]"
2025-08-18 22:32:10.803219,CSI_DATA,758,1a:00:00:00:00:00,-42,11,0,0,0,0,0,0,0,0,0,-94,0,1,0,130053144,0,31,0,128,0,"[0,0,-10,11,-9,11,-10,11,-9,10,-9,11,-8,11,-8,11,-7,11,-7,11,-6,11,-6,12,-5,12,-5,12,-5,13,-6,12,-6,13,-6,13,-6,13,-7,13,-7,12,-8,12,-8,11,-8,11,-8,10,-9,10,-9,9,0,0,0,0,0,0,0,0,0,0,0,0,0,0,0,0,0,0,0,0,0,0,-5,8,-6,8,-7,8,-8,8,-8,8,-9,8,-10,7,-10,7,-11,6,-10,6,-11,6,-11,6,-11,6,-10,6,-11,6,-10,6,-10,7,-10,7,-10,8,-10,8,-10,9,-10,9,-9,10,-9,10,-10,10,-9,11]"
2025-08-18 22:32:11.003054,CSI_DATA,759,1a:00:00:00:00:00,-42,11,0,0,0,0,0,0,0,0,0,-94,0,1,0,130254286,0,31,0,128,0,"[0,0,6,-12,6,-12,6,-13,6,-13,5,-13,5,-13,4,-13,4,-13,3,-13,3,-13,3,-13,2,-13,1,-14,1,-14,1,-14,1,-14,2,-14,2,-15,2,-15,3,-14,3,-14,4,-14,4,-13,5,-13,5,-12,5,-12,0,0,0,0,0,0,0,0,0,0,0,0,0,0,0,0,0,0,0,0,0,0,4,-9,4,-9,5,-9,6,-9,6,-9,7,-9,8,-9,8,-8,8,-8,9,-8,9,-8,9,-7,9,-7,8,-8,8,-8,8,-8,8,-8,7,-9,8,-10,7,-10,7,-10,7,-11,7,-11,7,-12,7,-12,7,-12]"
2025-08-18 22:32:11.204493,CSI_DATA,760,1a:00:00:00:00:00,-42,11,0,0,0,0,0,0,0,0,0,-94,0,1,0,130456998,0,31,0,128,0,"[0,0,13,1,13,0,13,0,13,0,13,-1,13,-1,13,-1,12,-2,12,-2,12,-3,12,-3,12,-4,12,-4,12,-4,13,-4,13,-4,13,-4,13,-4,14,-3,14,-3,14,-2,13,-2,13,-1,12,-1,12,0,12,1,0,0,0,0,0,0,0,0,0,0,0,0,0,0,0,0,0,0,0,0,0,0,9,-1,9,0,10,1,10,1,10,2,10,3,10,3,11,4,11,4,10,4,10,5,10,4,10,4,10,4,10,4,10,4,10,4,11,3,11,3,11,2,12,2,12,2,12,1,13,1,13,1,13,1]"
2025-08-18 22:32:11.410360,CSI_DATA,761,1a:00:00:00:00:00,-42,11,0,0,0,0,0,0,0,0,0,-94,0,1,0,130656692,0,31,0,128,0,"[0,0,-15,-1,-15,-1,-15,-1,-14,0,-15,0,-14,0,-14,1,-14,1,-14,2,-13,2,-14,3,-13,3,-13,3,-14,4,-14,4,-14,4,-14,4,-15,4,-15,3,-15,3,-15,2,-14,2,-14,1,-14,0,-13,-1,-13,-1,0,0,0,0,0,0,0,0,0,0,0,0,0,0,0,0,0,0,0,0,0,0,-10,0,-11,-1,-11,-2,-11,-2,-11,-3,-12,-4,-12,-5,-12,-5,-12,-5,-12,-6,-11,-6,-11,-6,-11,-6,-11,-6,-11,-5,-11,-5,-12,-4,-12,-4,-12,-4,-13,-3,-13,-3,-13,-2,-14,-2,-14,-2,-14,-2,-15,-2]"
2025-08-18 22:32:11.607529,CSI_DATA,762,1a:00:00:00:00:00,-42,11,0,0,0,0,0,0,0,0,0,-94,0,1,0,130857848,0,31,0,128,0,"[0,0,13,-4,12,-4,13,-4,13,-4,13,-5,12,-5,12,-5,11,-6,11,-6,11,-7,11,-7,11,-8,11,-8,11,-8,11,-8,11,-8,11,-8,12,-8,12,-8,12,-7,12,-7,12,-6,12,-5,12,-5,12,-4,12,-3,0,0,0,0,0,0,0,0,0,0,0,0,0,0,0,0,0,0,0,0,0,0,8,-4,9,-3,9,-3,10,-2,10,-2,11,-1,11,-1,11,0,11,0,11,1,11,1,11,1,11,1,11,1,11,0,10,0,11,0,11,-1,12,-1,12,-2,12,-2,12,-3,12,-3,13,-3,13,-4,13,-4]"
2025-08-18 22:32:11.812025,CSI_DATA,763,1a:00:00:00:00:00,-42,11,0,0,0,0,0,0,0,0,0,-94,0,1,0,131059016,0,31,0,128,0,"[0,0,-9,12,-8,11,-8,12,-8,11,-7,12,-7,12,-7,12,-6,12,-6,12,-5,12,-5,12,-4,12,-4,13,-4,13,-4,13,-4,13,-4,14,-5,14,-5,14,-6,13,-6,13,-7,12,-7,12,-7,11,-8,10,-8,10,0,0,0,0,0,0,0,0,0,0,0,0,0,0,0,0,0,0,0,0,0,0,-5,8,-6,8,-6,8,-7,8,-8,8,-9,8,-9,8,-10,8,-10,8,-10,7,-10,7,-10,6,-10,7,-10,7,-10,7,-9,7,-9,8,-9,8,-9,8,-9,9,-9,9,-9,10,-8,10,-9,11,-9,11,-8,11]"
2025-08-18 22:32:12.010351,CSI_DATA,764,1a:00:00:00:00:00,-42,11,0,0,0,0,0,0,0,0,0,-94,0,1,0,131260252,0,31,0,128,0,"[0,0,12,-8,12,-8,12,-8,12,-8,12,-8,11,-9,11,-9,10,-9,10,-9,9,-10,9,-10,9,-11,9,-11,9,-12,9,-11,9,-12,9,-12,10,-12,10,-12,10,-11,11,-10,11,-10,11,-9,11,-8,11,-7,11,-7,0,0,0,0,0,0,0,0,0,0,0,0,0,0,0,0,0,0,0,0,0,0,8,-6,8,-6,9,-5,10,-5,10,-5,11,-4,11,-4,12,-3,12,-3,12,-2,12,-2,12,-2,12,-2,12,-2,12,-3,11,-3,11,-3,11,-4,12,-5,11,-5,12,-6,12,-6,12,-6,12,-7,12,-7,12,-8]"
2025-08-18 22:32:12.215496,CSI_DATA,765,1a:00:00:00:00:00,-42,11,0,0,0,0,0,0,0,0,0,-94,0,1,0,131461422,0,31,0,128,0,"[0,0,-3,-14,-3,-15,-3,-14,-4,-14,-4,-14,-4,-14,-4,-14,-5,-13,-5,-13,-6,-12,-6,-12,-7,-13,-7,-13,-8,-13,-7,-13,-8,-13,-8,-13,-7,-14,-7,-14,-7,-14,-6,-14,-5,-14,-4,-14,-4,-14,-3,-13,-2,-13,0,0,0,0,0,0,0,0,0,0,0,0,0,0,0,0,0,0,0,0,0,0,-3,-10,-3,-10,-2,-11,-2,-11,-1,-12,-1,-12,0,-12,1,-13,1,-13,1,-12,2,-13,2,-12,2,-12,1,-12,1,-12,1,-12,1,-12,0,-12,-1,-13,-1,-13,-2,-13,-1,-14,-2,-14,-2,-14,-3,-14,-3,-15]"
2025-08-18 22:32:12.270072,CSI_DATA,766,1a:00:00:00:00:00,-42,11,0,0,0,0,0,0,0,0,0,-94,0,1,0,131522227,0,42,0,128,0,"[0,0,-4,13,-4,13,-4,13,-3,13,-3,13,-3,12,-3,12,-2,12,-2,13,-1,13,0,12,0,12,0,13,0,13,1,13,1,13,1,14,0,14,0,14,-1,14,-2,14,-2,13,-3,13,-3,12,-4,12,-4,11,0,0,0,0,0,0,0,0,0,0,0,0,0,0,0,0,0,0,0,0,0,0,-2,9,-2,9,-3,9,-3,9,-4,10,-5,10,-6,10,-6,10,-7,10,-7,9,-7,10,-7,9,-7,9,-7,9,-7,9,-7,9,-6,9,-5,10,-5,10,-5,11,-5,11,-5,12,-5,12,-4,12,-4,13,-4,13]"
2025-08-18 22:32:12.354214,CSI_DATA,767,1a:00:00:00:00:00,-42,11,0,0,0,0,0,0,0,0,0,-94,0,1,0,131588854,0,31,0,128,0,"[0,0,-15,1,-15,2,-14,2,-14,2,-14,3,-14,3,-14,3,-13,4,-13,4,-13,5,-13,5,-12,5,-12,6,-12,6,-13,6,-13,6,-13,7,-14,6,-14,6,-14,5,-14,5,-14,4,-14,4,-13,3,-13,2,-13,1,0,0,0,0,0,0,0,0,0,0,0,0,0,0,0,0,0,0,0,0,0,0,-10,2,-10,1,-11,0,-11,0,-12,-1,-12,-2,-12,-2,-13,-2,-12,-3,-12,-3,-12,-3,-12,-3,-12,-3,-12,-3,-12,-3,-12,-2,-12,-2,-12,-1,-13,-1,-13,0,-13,0,-14,0,-14,1,-14,1,-14,1,-14,1]"
2025-08-18 22:32:12.539315,CSI_DATA,768,1a:00:00:00:00:00,-42,11,0,0,0,0,0,0,0,0,0,-94,0,1,0,131791284,0,31,0,128,0,"[0,0,14,0,14,-1,13,-1,13,-1,13,-2,13,-2,13,-2,13,-2,13,-3,12,-4,12,-4,12,-5,12,-5,13,-5,13,-5,13,-5,13,-5,14,-5,14,-4,14,-4,14,-3,13,-2,13,-2,13,-2,12,-1,12,0,0,0,0,0,0,0,0,0,0,0,0,0,0,0,0,0,0,0,0,0,0,0,9,-2,9,-1,10,-1,10,0,11,0,11,1,11,2,11,3,11,3,11,3,11,3,11,3,11,3,11,3,11,3,11,3,11,2,11,2,12,1,12,1,12,1,12,1,13,0,13,0,13,0,14,-1]"
2025-08-18 22:32:12.743695,CSI_DATA,769,1a:00:00:00:00:00,-42,11,0,0,0,0,0,0,0,0,0,-94,0,1,0,131991127,0,31,0,128,0,"[0,0,-15,0,-15,-1,-15,0,-15,0,-15,0,-14,1,-14,1,-14,2,-14,2,-14,3,-14,3,-14,4,-14,4,-14,4,-14,4,-14,5,-15,4,-15,4,-15,4,-15,3,-15,3,-15,2,-15,1,-14,1,-14,0,-14,-1,0,0,0,0,0,0,0,0,0,0,0,0,0,0,0,0,0,0,0,0,0,0,-10,0,-11,0,-11,-1,-12,-2,-12,-2,-12,-3,-12,-3,-13,-4,-13,-4,-12,-5,-12,-5,-12,-5,-12,-5,-12,-5,-12,-4,-12,-4,-12,-4,-13,-3,-13,-3,-13,-2,-14,-2,-14,-2,-14,-1,-15,-1,-15,-1,-15,-1]"
2025-08-18 22:32:12.944707,CSI_DATA,770,1a:00:00:00:00:00,-42,11,0,0,0,0,0,0,0,0,0,-94,0,1,0,132192308,0,31,0,128,0,"[0,0,-15,1,-15,1,-15,1,-14,1,-15,2,-14,2,-14,2,-14,3,-14,3,-13,4,-13,4,-13,5,-13,5,-14,6,-14,6,-14,6,-14,6,-14,6,-15,5,-15,4,-15,4,-15,3,-14,2,-14,2,-14,1,-14,0,0,0,0,0,0,0,0,0,0,0,0,0,0,0,0,0,0,0,0,0,0,0,-10,2,-11,1,-11,0,-12,0,-12,-1,-13,-2,-12,-2,-13,-3,-13,-3,-13,-3,-13,-4,-12,-4,-13,-3,-12,-3,-13,-3,-12,-3,-13,-2,-13,-2,-13,-2,-13,-1,-14,-1,-14,-1,-14,0,-14,1,-15,1,-15,1]"
2025-08-18 22:32:13.141646,CSI_DATA,771,1a:00:00:00:00:00,-42,11,0,0,0,0,0,0,0,0,0,-94,0,1,0,132393538,0,31,0,128,0,"[0,0,7,-12,6,-12,6,-12,6,-12,5,-12,5,-12,5,-12,4,-12,4,-12,4,-13,3,-13,3,-13,2,-13,2,-13,2,-14,2,-13,3,-14,3,-14,3,-14,4,-14,4,-13,4,-13,5,-12,6,-12,6,-11,7,-10,0,0,0,0,0,0,0,0,0,0,0,0,0,0,0,0,0,0,0,0,0,0,3,-9,4,-9,5,-9,5,-9,6,-9,7,-9,7,-9,8,-9,8,-8,9,-8,9,-8,9,-7,9,-8,8,-8,8,-8,8,-8,7,-8,7,-9,7,-9,7,-10,7,-10,7,-11,7,-11,7,-11,7,-11,7,-12]"
2025-08-18 22:32:13.343616,CSI_DATA,772,1a:00:00:00:00:00,-42,11,0,0,0,0,0,0,0,0,0,-94,0,1,0,132594642,0,31,0,128,0,"[0,0,13,5,13,5,13,4,13,4,13,4,13,3,13,3,13,2,13,2,13,1,13,1,13,0,13,0,13,0,14,-1,14,0,14,0,14,0,14,1,14,1,14,2,13,2,13,3,12,3,12,4,11,4,0,0,0,0,0,0,0,0,0,0,0,0,0,0,0,0,0,0,0,0,0,0,9,2,9,3,9,4,9,5,10,5,9,6,9,7,9,7,9,7,9,8,8,8,8,8,8,8,9,7,9,7,9,7,9,6,10,6,10,6,11,6,11,6,11,5,12,5,12,5,13,5,13,5]"
2025-08-18 22:32:13.560588,CSI_DATA,773,1a:00:00:00:00:00,-42,11,0,0,0,0,0,0,0,0,0,-94,0,1,0,132796021,0,31,0,128,0,"[0,0,13,-5,13,-6,13,-6,13,-7,12,-7,12,-7,12,-7,11,-8,11,-8,11,-9,10,-9,10,-10,10,-10,10,-10,10,-11,10,-11,10,-11,11,-11,11,-10,12,-10,12,-9,12,-8,12,-8,11,-7,11,-7,12,-6,0,0,0,0,0,0,0,0,0,0,0,0,0,0,0,0,0,0,0,0,0,0,8,-5,9,-4,10,-4,10,-3,11,-3,11,-2,12,-1,12,-1,12,-1,12,0,12,0,12,0,12,-1,12,-1,12,-1,12,-1,12,-2,12,-2,12,-3,12,-3,12,-4,13,-4,13,-5,13,-5,13,-6,13,-6]"
2025-08-18 22:32:13.752932,CSI_DATA,774,1a:00:00:00:00:00,-42,11,0,0,0,0,0,0,0,0,0,-94,0,1,0,132997093,0,31,0,128,0,"[0,0,-6,-13,-6,-13,-6,-13,-6,-13,-7,-13,-7,-12,-7,-12,-7,-12,-8,-11,-8,-11,-8,-11,-9,-10,-9,-11,-10,-10,-10,-10,-10,-11,-10,-11,-10,-11,-10,-12,-9,-12,-9,-12,-8,-12,-7,-12,-6,-12,-6,-12,-5,-12,0,0,0,0,0,0,0,0,0,0,0,0,0,0,0,0,0,0,0,0,0,0,-5,-9,-4,-10,-4,-10,-3,-11,-3,-11,-2,-12,-2,-12,-2,-12,-1,-12,-1,-12,0,-12,0,-12,0,-12,-1,-12,-1,-12,-1,-12,-2,-12,-2,-12,-3,-12,-3,-12,-3,-13,-4,-13,-4,-12,-5,-13,-5,-13,-5,-13]"
2025-08-18 22:32:13.802277,CSI_DATA,775,1a:00:00:00:00:00,-42,11,0,0,0,0,0,0,0,0,0,-94,0,1,0,133057867,0,42,0,128,0,"[0,0,4,13,4,12,4,12,5,12,5,12,5,12,6,11,6,11,6,11,7,10,7,10,7,10,8,10,8,10,8,10,9,10,8,10,8,11,8,11,7,11,7,12,6,12,5,11,5,12,4,11,3,12,0,0,0,0,0,0,0,0,0,0,0,0,0,0,0,0,0,0,0,0,0,0,4,8,4,9,3,9,3,10,2,10,2,11,1,11,1,11,0,11,0,11,0,11,0,11,0,11,0,11,0,11,0,11,1,11,1,11,2,11,2,12,2,11,3,12,3,12,4,12,4,12,5,12]"
2025-08-18 22:32:13.892318,CSI_DATA,776,1a:00:00:00:00:00,-42,11,0,0,0,0,0,0,0,0,0,-94,0,1,0,133124571,0,31,0,128,0,"[0,0,-2,-15,-2,-14,-2,-15,-2,-14,-3,-14,-3,-14,-3,-14,-4,-14,-4,-13,-5,-13,-5,-13,-6,-13,-6,-13,-6,-13,-7,-13,-7,-14,-6,-14,-6,-14,-6,-14,-5,-14,-5,-14,-4,-14,-3,-14,-3,-14,-2,-13,-1,-13,0,0,0,0,0,0,0,0,0,0,0,0,0,0,0,0,0,0,0,0,0,0,-2,-10,-2,-11,-1,-11,-1,-11,0,-12,1,-12,1,-12,2,-12,3,-12,3,-12,3,-12,3,-12,3,-12,3,-12,2,-12,2,-12,2,-12,1,-12,1,-13,0,-13,0,-13,0,-14,-1,-14,-1,-14,-1,-14,-1,-14]"
2025-08-18 22:32:14.075801,CSI_DATA,777,1a:00:00:00:00:00,-42,11,0,0,0,0,0,0,0,0,0,-94,0,1,0,133325734,0,31,0,128,0,"[0,0,-12,8,-12,8,-11,8,-11,8,-11,8,-10,9,-10,9,-9,9,-9,9,-9,10,-8,10,-8,10,-8,11,-7,11,-8,11,-8,11,-8,11,-8,11,-9,11,-9,11,-9,10,-10,10,-10,9,-10,8,-10,7,-11,7,0,0,0,0,0,0,0,0,0,0,0,0,0,0,0,0,0,0,0,0,0,0,-8,5,-8,5,-9,5,-10,5,-10,4,-11,4,-11,4,-12,3,-12,3,-12,3,-12,2,-12,2,-12,2,-12,2,-12,3,-11,3,-11,3,-11,4,-11,5,-11,5,-11,6,-11,6,-11,6,-11,7,-12,7,-12,7]"
2025-08-18 22:32:14.275549,CSI_DATA,778,1a:00:00:00:00:00,-42,11,0,0,0,0,0,0,0,0,0,-94,0,1,0,133526863,0,31,0,128,0,"[0,0,14,-2,13,-3,13,-3,13,-3,13,-3,12,-4,12,-4,12,-4,12,-5,11,-5,11,-6,11,-6,12,-7,12,-7,11,-7,12,-7,12,-7,13,-7,13,-7,13,-6,13,-6,13,-5,12,-4,12,-4,12,-3,12,-2,0,0,0,0,0,0,0,0,0,0,0,0,0,0,0,0,0,0,0,0,0,0,9,-2,9,-2,10,-1,10,0,10,0,11,1,11,1,11,2,11,2,11,3,11,3,11,3,11,2,11,2,11,2,11,2,11,1,11,1,12,0,12,0,12,-1,12,-1,12,-1,13,-1,13,-2,13,-2]"
2025-08-18 22:32:14.475270,CSI_DATA,779,1a:00:00:00:00:00,-42,11,0,0,0,0,0,0,0,0,0,-94,0,1,0,133728007,0,31,0,128,0,"[0,0,0,14,0,13,0,13,1,13,1,13,1,13,2,12,2,12,3,12,3,12,3,12,3,12,4,12,5,12,5,12,5,12,5,13,4,13,4,13,4,13,3,13,2,13,2,13,1,13,0,12,0,12,0,0,0,0,0,0,0,0,0,0,0,0,0,0,0,0,0,0,0,0,0,0,0,9,0,9,-1,10,-1,10,-2,10,-3,11,-3,11,-4,11,-4,11,-5,11,-5,11,-5,10,-5,10,-4,10,-4,10,-4,10,-3,11,-3,11,-3,11,-2,11,-2,12,-1,12,-1,13,-1,13,-1,13,-1,13]"
2025-08-18 22:32:14.683618,CSI_DATA,780,1a:00:00:00:00:00,-42,11,0,0,0,0,0,0,0,0,0,-94,0,1,0,133929395,0,31,0,128,0,"[0,0,-15,-3,-15,-2,-14,-2,-15,-2,-14,-2,-14,-1,-14,-1,-14,0,-14,0,-14,1,-14,2,-13,2,-14,2,-14,3,-15,3,-14,3,-15,3,-15,2,-15,2,-15,1,-15,1,-15,0,-15,0,-14,-1,-14,-1,-13,-2,0,0,0,0,0,0,0,0,0,0,0,0,0,0,0,0,0,0,0,0,0,0,-10,-1,-10,-2,-11,-3,-11,-3,-12,-4,-11,-5,-11,-5,-12,-6,-11,-6,-11,-7,-11,-7,-11,-7,-11,-7,-11,-6,-11,-6,-11,-6,-11,-5,-12,-5,-12,-5,-12,-4,-13,-4,-13,-4,-14,-3,-14,-3,-14,-3,-14,-3]"
2025-08-18 22:32:14.881096,CSI_DATA,781,1a:00:00:00:00:00,-42,11,0,0,0,0,0,0,0,0,0,-94,0,1,0,134130463,0,31,0,128,0,"[0,0,12,7,12,6,12,6,12,6,12,5,12,5,12,5,12,4,12,4,13,3,13,2,13,2,13,2,13,1,14,2,14,2,14,2,14,2,14,3,14,3,13,4,13,5,12,5,12,5,11,5,11,6,0,0,0,0,0,0,0,0,0,0,0,0,0,0,0,0,0,0,0,0,0,0,8,3,9,4,9,5,8,6,8,6,8,7,8,8,8,8,8,9,7,9,7,9,7,9,7,9,7,9,7,8,7,8,8,8,9,7,9,7,9,7,10,7,10,7,11,6,11,7,12,7,12,6]"
2025-08-18 22:32:15.082487,CSI_DATA,782,1a:00:00:00:00:00,-42,11,0,0,0,0,0,0,0,0,0,-94,0,1,0,134331688,0,31,0,128,0,"[0,0,-14,6,-13,6,-13,6,-13,6,-13,7,-12,6,-12,7,-11,7,-11,7,-11,8,-10,9,-10,9,-10,9,-10,10,-10,10,-10,10,-11,10,-11,10,-12,9,-12,9,-12,8,-12,8,-12,7,-12,7,-12,6,-12,5,0,0,0,0,0,0,0,0,0,0,0,0,0,0,0,0,0,0,0,0,0,0,-9,4,-10,4,-10,4,-11,3,-11,3,-12,2,-12,2,-13,1,-13,1,-13,0,-13,1,-12,0,-13,1,-12,1,-12,1,-12,1,-12,2,-12,2,-12,3,-12,3,-13,4,-13,4,-13,5,-13,5,-13,5,-13,6]"
2025-08-18 22:32:15.285743,CSI_DATA,783,1a:00:00:00:00:00,-42,11,0,0,0,0,0,0,0,0,0,-94,0,1,0,134532810,0,31,0,128,0,"[0,0,-1,-15,-1,-15,-1,-15,-1,-14,-2,-15,-2,-14,-2,-14,-3,-14,-3,-13,-4,-13,-4,-13,-5,-13,-5,-13,-6,-14,-6,-13,-6,-14,-6,-14,-6,-14,-5,-15,-4,-14,-4,-15,-3,-14,-3,-14,-2,-14,-1,-14,0,-13,0,0,0,0,0,0,0,0,0,0,0,0,0,0,0,0,0,0,0,0,0,0,-2,-10,-1,-11,0,-11,0,-12,1,-12,2,-13,2,-12,3,-12,3,-12,3,-12,4,-12,4,-12,3,-12,3,-12,3,-12,3,-12,2,-12,2,-12,2,-13,1,-13,1,-13,1,-14,0,-14,0,-14,0,-14,-1,-15]"
2025-08-18 22:32:15.347011,CSI_DATA,784,1a:00:00:00:00:00,-42,11,0,0,0,0,0,0,0,0,0,-94,0,1,0,134593894,0,42,0,128,0,"[0,0,-15,-2,-14,-1,-15,-1,-14,-1,-15,-1,-14,0,-14,0,-14,1,-14,1,-13,2,-13,2,-13,3,-14,3,-14,4,-14,4,-15,4,-14,3,-15,3,-15,3,-15,2,-15,2,-15,1,-14,1,-14,0,-14,-1,-13,-2,0,0,0,0,0,0,0,0,0,0,0,0,0,0,0,0,0,0,0,0,0,0,-10,-1,-11,-1,-11,-2,-11,-2,-11,-3,-12,-4,-12,-4,-12,-5,-12,-5,-11,-6,-11,-6,-11,-6,-11,-6,-11,-5,-11,-5,-11,-5,-12,-5,-12,-4,-13,-4,-13,-3,-13,-3,-13,-3,-14,-2,-14,-2,-14,-2,-15,-2]"
2025-08-18 22:32:15.428755,CSI_DATA,785,1a:00:00:00:00:00,-42,11,0,0,0,0,0,0,0,0,0,-94,0,1,0,134661133,0,31,0,128,0,"[0,0,-15,0,-14,0,-14,0,-14,1,-14,1,-13,1,-13,2,-13,2,-13,3,-13,3,-13,3,-13,4,-13,4,-13,5,-13,5,-13,5,-14,5,-14,5,-14,4,-14,4,-14,3,-14,3,-14,2,-14,1,-13,0,-13,0,0,0,0,0,0,0,0,0,0,0,0,0,0,0,0,0,0,0,0,0,0,0,-10,1,-10,0,-11,0,-11,-1,-12,-1,-12,-2,-12,-3,-12,-3,-12,-4,-12,-4,-12,-5,-12,-5,-11,-5,-11,-4,-11,-4,-12,-3,-12,-3,-12,-3,-12,-2,-13,-2,-13,-1,-13,-1,-14,-1,-14,-1,-14,-1,-14,0]"
2025-08-18 22:32:15.608398,CSI_DATA,786,1a:00:00:00:00:00,-42,11,0,0,0,0,0,0,0,0,0,-94,0,1,0,134862298,0,31,0,128,0,"[0,0,3,13,4,13,4,12,4,13,5,13,5,12,5,12,6,11,6,11,6,11,7,11,7,10,7,10,8,10,9,10,9,10,9,11,8,11,8,11,8,12,7,12,7,12,6,12,5,12,4,12,3,11,0,0,0,0,0,0,0,0,0,0,0,0,0,0,0,0,0,0,0,0,0,0,2,9,2,9,1,10,1,10,1,11,0,11,0,12,-1,12,-1,12,-2,12,-3,12,-3,11,-2,12,-2,11,-2,11,-1,11,-1,11,0,11,1,12,1,12,2,12,2,12,2,13,3,13,2,13,3,13]"
2025-08-18 22:32:15.815262,CSI_DATA,787,1a:00:00:00:00:00,-42,11,0,0,0,0,0,0,0,0,0,-94,0,1,0,135063475,0,31,0,128,0,"[0,0,2,-14,2,-14,1,-14,1,-14,1,-14,0,-14,0,-14,-1,-14,-1,-13,-2,-13,-2,-13,-3,-13,-3,-13,-3,-14,-4,-14,-4,-14,-4,-14,-3,-14,-3,-15,-3,-14,-2,-15,-1,-14,-1,-14,0,-14,0,-13,1,-13,0,0,0,0,0,0,0,0,0,0,0,0,0,0,0,0,0,0,0,0,0,0,1,-10,1,-10,2,-10,3,-10,4,-11,4,-11,5,-11,5,-11,5,-11,6,-11,6,-10,6,-10,6,-10,6,-10,5,-10,5,-11,5,-11,4,-11,4,-12,3,-12,3,-13,3,-13,3,-13,3,-13,3,-14,2,-14]"
2025-08-18 22:32:16.014663,CSI_DATA,788,1a:00:00:00:00:00,-42,11,0,0,0,0,0,0,0,0,0,-94,0,1,0,135265101,0,31,0,128,0,"[0,0,11,-9,10,-9,10,-10,10,-10,10,-10,9,-10,9,-10,9,-10,8,-10,8,-11,7,-11,7,-12,7,-12,6,-12,7,-12,7,-13,7,-13,8,-13,8,-13,8,-12,9,-11,9,-11,9,-10,9,-10,9,-9,10,-8,0,0,0,0,0,0,0,0,0,0,0,0,0,0,0,0,0,0,0,0,0,0,7,-7,7,-7,8,-7,9,-6,9,-6,10,-6,11,-5,11,-5,11,-5,11,-4,11,-4,11,-4,11,-4,11,-4,11,-4,10,-5,10,-5,10,-6,10,-6,10,-7,10,-7,10,-8,10,-8,10,-9,10,-9,11,-9]"
2025-08-18 22:32:16.212290,CSI_DATA,789,1a:00:00:00:00:00,-42,11,0,0,0,0,0,0,0,0,0,-94,0,1,0,135465920,0,31,0,128,0,"[0,0,13,2,13,1,13,1,13,1,13,0,13,0,13,-1,12,-1,13,-2,13,-2,12,-2,12,-3,12,-3,12,-4,13,-4,13,-4,13,-4,14,-4,14,-3,14,-3,13,-2,13,-2,13,-1,13,0,12,1,12,1,0,0,0,0,0,0,0,0,0,0,0,0,0,0,0,0,0,0,0,0,0,0,9,1,9,1,9,2,9,2,10,3,10,4,10,5,10,5,10,5,10,6,9,6,9,6,9,6,9,6,9,5,10,5,10,4,10,4,11,4,11,3,11,3,12,2,13,3,13,2,13,2,13,2]"
2025-08-18 22:32:16.421870,CSI_DATA,790,1a:00:00:00:00:00,-42,11,0,0,0,0,0,0,0,0,0,-94,0,1,0,135667012,0,31,0,128,0,"[0,0,-3,-14,-3,-15,-3,-14,-3,-14,-4,-14,-4,-14,-5,-14,-5,-13,-5,-13,-6,-13,-6,-13,-7,-12,-7,-13,-7,-13,-8,-13,-8,-13,-8,-13,-8,-13,-7,-14,-7,-14,-6,-14,-5,-14,-4,-14,-4,-14,-3,-13,-2,-13,0,0,0,0,0,0,0,0,0,0,0,0,0,0,0,0,0,0,0,0,0,0,-3,-10,-3,-10,-2,-11,-1,-11,-1,-12,0,-12,1,-13,1,-13,1,-13,2,-12,2,-12,2,-12,2,-12,2,-12,1,-12,1,-12,0,-12,0,-13,0,-13,-1,-13,-1,-13,-2,-14,-2,-14,-2,-14,-2,-14,-2,-15]"
2025-08-18 22:32:16.625750,CSI_DATA,791,1a:00:00:00:00:00,-42,11,0,0,0,0,0,0,0,0,0,-94,0,1,0,135868171,0,31,0,128,0,"[0,0,-14,-5,-14,-5,-14,-5,-14,-4,-15,-3,-14,-3,-14,-3,-14,-2,-14,-2,-14,-1,-14,-1,-14,0,-14,0,-15,0,-14,0,-15,0,-15,0,-16,0,-15,-1,-15,-1,-15,-2,-14,-2,-14,-3,-13,-3,-13,-4,-13,-5,0,0,0,0,0,0,0,0,0,0,0,0,0,0,0,0,0,0,0,0,0,0,-10,-2,-10,-3,-10,-4,-11,-5,-11,-5,-11,-6,-11,-7,-11,-7,-11,-8,-10,-8,-10,-8,-10,-8,-10,-8,-10,-8,-10,-8,-10,-7,-11,-7,-11,-6,-12,-6,-12,-6,-12,-6,-13,-5,-13,-5,-13,-5,-14,-5,-14,-5]"
2025-08-18 22:32:16.821815,CSI_DATA,792,1a:00:00:00:00:00,-42,11,0,0,0,0,0,0,0,0,0,-94,0,1,0,136069473,0,31,0,128,0,"[0,0,2,-15,2,-14,1,-15,1,-14,1,-15,0,-14,0,-14,-1,-14,-1,-14,-2,-14,-2,-14,-3,-14,-3,-14,-4,-14,-4,-14,-3,-15,-3,-15,-3,-15,-3,-15,-2,-15,-1,-15,-1,-15,0,-14,0,-14,1,-13,2,-13,0,0,0,0,0,0,0,0,0,0,0,0,0,0,0,0,0,0,0,0,0,0,0,-10,1,-11,2,-11,2,-11,3,-11,4,-12,4,-12,5,-12,5,-11,6,-11,6,-11,6,-11,5,-11,5,-11,5,-11,5,-11,4,-11,4,-12,4,-12,3,-12,3,-13,3,-13,2,-14,2,-14,2,-14,2,-14]"
2025-08-18 22:32:16.873308,CSI_DATA,793,1a:00:00:00:00:00,-42,11,0,0,0,0,0,0,0,0,0,-94,0,1,0,136130221,0,42,0,128,0,"[0,0,12,6,12,5,12,5,13,5,13,4,12,4,12,4,12,3,12,3,13,2,13,2,13,1,13,1,13,1,14,0,14,0,14,1,14,1,14,2,14,2,14,3,13,3,13,4,12,4,12,4,11,5,0,0,0,0,0,0,0,0,0,0,0,0,0,0,0,0,0,0,0,0,0,0,9,3,9,4,9,4,9,5,9,6,9,6,9,7,8,8,8,8,8,8,8,8,8,9,8,8,8,8,8,8,8,7,9,7,9,7,9,7,10,7,10,7,11,6,11,6,12,6,12,6,12,5]"
2025-08-18 22:32:16.954824,CSI_DATA,794,1a:00:00:00:00:00,-42,11,0,0,0,0,0,0,0,0,0,-94,0,1,0,136199113,0,31,0,128,0,"[0,0,6,13,6,12,6,12,6,12,7,12,7,12,7,11,8,11,7,10,8,10,9,10,9,9,9,9,10,9,10,9,10,9,10,10,10,10,10,10,10,11,9,11,8,11,8,11,7,11,6,11,5,11,0,0,0,0,0,0,0,0,0,0,0,0,0,0,0,0,0,0,0,0,0,0,4,8,3,9,3,10,2,10,2,11,2,11,1,12,1,12,0,12,0,12,0,12,0,12,0,12,0,12,0,12,1,11,1,12,2,11,2,12,3,12,3,12,4,12,4,12,5,12,5,13,5,13]"
2025-08-18 22:32:17.152504,CSI_DATA,795,1a:00:00:00:00:00,-42,11,0,0,0,0,0,0,0,0,0,-94,0,1,0,136400228,0,31,0,128,0,"[0,0,-15,0,-14,-1,-15,0,-14,0,-14,0,-13,1,-14,1,-13,2,-13,2,-13,3,-13,3,-13,3,-13,4,-14,5,-13,4,-14,4,-13,4,-14,4,-15,4,-14,3,-14,3,-14,2,-13,1,-13,1,-13,0,-13,-1,0,0,0,0,0,0,0,0,0,0,0,0,0,0,0,0,0,0,0,0,0,0,-11,1,-11,1,-10,-1,-12,-2,-11,-2,-11,-2,-12,-3,-12,-4,-12,-4,-12,-5,-12,-5,-12,-5,-12,-4,-12,-4,-12,-4,-12,-4,-12,-4,-11,-3,-12,-3,-13,-2,-13,-1,-13,-1,-14,-1,-14,-1,-14,0,-14,0]"
2025-08-18 22:32:17.355905,CSI_DATA,796,1a:00:00:00:00:00,-42,11,0,0,0,0,0,0,0,0,0,-94,0,1,0,136601389,0,31,0,128,0,"[0,0,-13,-6,-13,-5,-13,-5,-13,-5,-13,-5,-13,-4,-13,-4,-13,-4,-13,-3,-13,-3,-13,-2,-13,-2,-14,-2,-14,-1,-14,-1,-14,-1,-15,-2,-15,-2,-15,-2,-15,-3,-14,-3,-14,-4,-13,-4,-13,-5,-12,-5,-12,-6,0,0,0,0,0,0,0,0,0,0,0,0,0,0,0,0,0,0,0,0,0,0,-10,-3,-10,-4,-10,-5,-10,-5,-10,-6,-10,-7,-10,-7,-10,-8,-10,-8,-9,-9,-9,-9,-9,-9,-9,-8,-9,-8,-9,-8,-10,-8,-10,-7,-10,-7,-11,-7,-11,-7,-11,-6,-12,-6,-12,-6,-12,-6,-13,-6,-13,-6]"
2025-08-18 22:32:17.550789,CSI_DATA,797,1a:00:00:00:00:00,-42,11,0,0,0,0,0,0,0,0,0,-94,0,1,0,136802542,0,31,0,128,0,"[0,0,-1,14,-1,14,-1,14,-1,14,0,14,0,13,1,13,2,13,2,12,2,13,3,13,3,12,3,13,4,13,4,13,4,13,4,13,4,14,4,14,3,14,2,14,2,14,1,13,0,13,0,13,-1,12,0,0,0,0,0,0,0,0,0,0,0,0,0,0,0,0,0,0,0,0,0,0,0,9,-1,10,-2,10,-3,10,-3,11,-4,11,-5,11,-5,11,-5,11,-6,11,-6,11,-6,10,-6,10,-6,10,-5,10,-5,11,-4,11,-4,11,-4,11,-3,12,-3,12,-2,12,-2,13,-2,13,-2,14,-1,14]"
2025-08-18 22:32:17.764133,CSI_DATA,798,1a:00:00:00:00:00,-42,11,0,0,0,0,0,0,0,0,0,-94,0,1,0,137014995,0,31,0,128,0,"[0,0,-9,12,-8,11,-8,11,-8,11,-8,12,-7,11,-7,12,-6,12,-6,12,-5,12,-5,12,-5,12,-4,13,-4,14,-3,13,-3,13,-4,14,-5,13,-5,14,-6,14,-6,12,-7,12,-7,12,-7,12,-7,10,-8,10,0,0,0,0,0,0,0,0,0,0,0,0,0,0,0,0,0,0,0,0,0,0,-5,8,-6,8,-7,8,-7,8,-8,8,-9,8,-10,7,-10,7,-10,7,-11,7,-11,7,-11,6,-11,6,-10,6,-10,6,-10,7,-9,7,-9,8,-9,8,-9,9,-9,9,-8,10,-9,11,-9,11,-9,11,-9,11]"
2025-08-18 22:32:17.961432,CSI_DATA,799,1a:00:00:00:00:00,-42,11,0,0,0,0,0,0,0,0,0,-94,0,1,0,137205035,0,31,0,128,0,"[0,0,-10,-11,-10,-11,-10,-11,-10,-11,-10,-10,-11,-10,-11,-10,-11,-9,-11,-8,-11,-8,-12,-8,-12,-7,-12,-7,-13,-7,-13,-7,-13,-7,-13,-7,-13,-8,-14,-8,-13,-9,-12,-9,-12,-10,-11,-9,-10,-10,-10,-10,-9,-10,0,0,0,0,0,0,0,0,0,0,0,0,0,0,0,0,0,0,0,0,0,0,-8,-7,-7,-8,-7,-9,-7,-9,-7,-10,-6,-11,-6,-11,-6,-12,-5,-12,-5,-12,-5,-12,-5,-12,-5,-12,-5,-12,-5,-11,-5,-11,-6,-11,-6,-11,-7,-11,-7,-11,-8,-11,-8,-11,-9,-11,-9,-11,-10,-11,-10,-11]"
2025-08-18 22:32:18.159480,CSI_DATA,800,1a:00:00:00:00:00,-42,11,0,0,0,0,0,0,0,0,0,-94,0,1,0,137406181,0,31,0,128,0,"[0,0,-14,-2,-14,-2,-14,-2,-14,-1,-14,-1,-14,0,-14,0,-13,0,-13,1,-13,2,-13,2,-13,2,-13,3,-14,3,-14,3,-14,3,-14,3,-14,3,-15,2,-15,2,-15,1,-14,0,-14,0,-14,-1,-13,-2,-13,-2,0,0,0,0,0,0,0,0,0,0,0,0,0,0,0,0,0,0,0,0,0,0,-10,0,-10,-1,-11,-2,-11,-2,-11,-3,-12,-4,-12,-4,-12,-5,-11,-5,-11,-6,-11,-6,-11,-6,-11,-6,-11,-5,-11,-5,-11,-5,-11,-4,-12,-4,-12,-4,-12,-3,-12,-3,-13,-3,-13,-2,-14,-2,-14,-2,-14,-2]"
2025-08-18 22:32:18.372340,CSI_DATA,801,1a:00:00:00:00:00,-42,11,0,0,0,0,0,0,0,0,0,-94,0,1,0,137607315,0,31,0,128,0,"[0,0,-15,1,-14,1,-15,1,-14,2,-14,2,-14,2,-14,2,-13,3,-13,4,-13,4,-13,5,-12,6,-13,6,-13,6,-13,6,-13,6,-13,6,-14,6,-15,5,-14,5,-14,4,-14,3,-14,3,-14,3,-13,2,-13,1,0,0,0,0,0,0,0,0,0,0,0,0,0,0,0,0,0,0,0,0,0,0,-10,1,-11,1,-11,0,-12,-1,-12,-1,-13,-2,-12,-3,-13,-3,-12,-4,-12,-4,-12,-4,-12,-4,-12,-3,-12,-3,-12,-3,-12,-3,-12,-3,-12,-2,-13,-2,-13,-1,-13,-1,-14,-1,-14,0,-14,1,-15,1,-15,1]"
2025-08-18 22:32:18.419779,CSI_DATA,802,1a:00:00:00:00:00,-42,11,0,0,0,0,0,0,0,0,0,-94,0,1,0,137668088,0,42,0,128,0,"[0,0,-15,3,-15,3,-14,3,-14,4,-14,4,-13,4,-13,5,-13,5,-13,6,-13,6,-13,6,-12,6,-12,7,-12,8,-13,8,-13,8,-13,8,-13,8,-13,8,-13,7,-14,6,-14,6,-14,5,-14,4,-14,3,-13,2,0,0,0,0,0,0,0,0,0,0,0,0,0,0,0,0,0,0,0,0,0,0,-10,2,-11,2,-11,1,-12,1,-12,0,-12,0,-13,-1,-13,-1,-13,-2,-13,-3,-13,-3,-13,-3,-13,-3,-13,-2,-13,-2,-13,-2,-13,-1,-13,-1,-13,0,-13,1,-14,1,-14,2,-14,2,-14,2,-15,2,-15,2]"
2025-08-18 22:32:18.488387,CSI_DATA,803,1a:00:00:00:00:00,-42,11,0,0,0,0,0,0,0,0,0,-94,0,1,0,137732408,0,31,0,128,0,"[0,0,-8,-13,-8,-12,-8,-12,-8,-12,-8,-12,-8,-11,-9,-11,-9,-11,-9,-10,-10,-9,-10,-9,-10,-9,-11,-9,-11,-9,-11,-9,-12,-9,-11,-9,-12,-10,-11,-10,-11,-10,-10,-11,-10,-11,-9,-11,-9,-11,-8,-11,-7,-11,0,0,0,0,0,0,0,0,0,0,0,0,0,0,0,0,0,0,0,0,0,0,-6,-8,-5,-9,-5,-9,-5,-10,-4,-10,-4,-12,-3,-12,-3,-12,-3,-12,-2,-12,-2,-12,-2,-12,-2,-12,-2,-12,-3,-12,-3,-11,-4,-12,-4,-11,-4,-12,-5,-12,-5,-12,-6,-12,-6,-12,-7,-12,-7,-12,-7,-12]"
2025-08-18 22:32:18.699070,CSI_DATA,804,1a:00:00:00:00:00,-42,11,0,0,0,0,0,0,0,0,0,-94,0,1,0,137934812,0,31,0,128,0,"[0,0,-14,5,-14,5,-13,5,-13,5,-13,5,-13,6,-12,6,-12,6,-12,7,-11,7,-11,8,-11,8,-11,8,-11,9,-11,9,-11,9,-11,9,-12,9,-12,9,-13,8,-12,7,-13,7,-13,6,-12,6,-13,5,-13,4,0,0,0,0,0,0,0,0,0,0,0,0,0,0,0,0,0,0,0,0,0,0,-9,4,-10,3,-10,3,-11,2,-11,2,-12,1,-12,1,-13,1,-13,0,-13,0,-13,-1,-13,-1,-13,-1,-13,0,-12,0,-12,0,-13,1,-12,1,-13,2,-13,2,-13,3,-13,3,-13,3,-13,4,-14,4,-14,4]"
2025-08-18 22:32:18.884531,CSI_DATA,805,1a:00:00:00:00:00,-42,11,0,0,0,0,0,0,0,0,0,-94,0,1,0,138134921,0,31,0,128,0,"[0,0,13,-4,13,-5,12,-5,13,-5,12,-6,12,-6,12,-6,11,-7,11,-7,11,-7,11,-8,10,-8,10,-9,10,-9,11,-9,11,-9,11,-9,11,-9,12,-9,12,-8,12,-8,12,-7,12,-6,12,-6,12,-5,12,-4,0,0,0,0,0,0,0,0,0,0,0,0,0,0,0,0,0,0,0,0,0,0,8,-5,9,-4,10,-4,10,-3,11,-3,11,-2,11,-1,12,-1,12,0,12,0,12,0,12,0,11,0,12,0,11,0,11,0,11,-1,11,-2,11,-2,12,-2,12,-3,12,-3,13,-4,12,-4,13,-4,13,-5]"
2025-08-18 22:32:19.079831,CSI_DATA,806,1a:00:00:00:00:00,-42,11,0,0,0,0,0,0,0,0,0,-94,0,1,0,138335971,0,31,0,128,0,"[0,0,9,10,9,9,9,9,9,9,9,9,9,9,10,8,10,7,10,7,10,6,11,6,11,6,11,6,12,6,12,6,12,6,12,6,12,7,12,7,11,7,11,8,10,8,10,8,9,9,8,9,8,9,0,0,0,0,0,0,0,0,0,0,0,0,0,0,0,0,0,0,0,0,0,0,7,6,7,6,6,7,6,8,6,8,6,9,5,10,5,10,5,10,4,11,4,11,4,10,4,10,4,10,4,10,4,10,5,10,5,9,6,10,6,10,7,9,7,10,8,9,8,10,9,10,9,10]"
2025-08-18 22:32:19.291620,CSI_DATA,807,1a:00:00:00:00:00,-42,11,0,0,0,0,0,0,0,0,0,-94,0,1,0,138537100,0,31,0,128,0,"[0,0,-12,-8,-12,-8,-12,-8,-12,-7,-12,-7,-13,-7,-12,-6,-12,-6,-13,-5,-13,-4,-13,-4,-13,-4,-14,-3,-14,-3,-14,-3,-14,-3,-14,-4,-15,-4,-15,-4,-14,-5,-14,-5,-13,-6,-12,-6,-12,-6,-12,-7,-11,-7,0,0,0,0,0,0,0,0,0,0,0,0,0,0,0,0,0,0,0,0,0,0,-9,-5,-9,-6,-9,-6,-9,-7,-9,-8,-9,-9,-8,-9,-8,-10,-8,-10,-7,-10,-7,-10,-7,-10,-7,-10,-7,-10,-8,-10,-8,-9,-8,-9,-9,-9,-9,-9,-10,-9,-10,-8,-10,-9,-11,-8,-11,-8,-12,-8,-12,-8]"
2025-08-18 22:32:19.486769,CSI_DATA,808,1a:00:00:00:00:00,-42,11,0,0,0,0,0,0,0,0,0,-94,0,1,0,138738226,0,31,0,128,0,"[0,0,9,-11,8,-11,8,-11,8,-11,7,-12,7,-11,7,-12,6,-12,6,-12,5,-12,5,-12,4,-13,4,-13,4,-13,4,-13,4,-14,4,-14,5,-14,5,-14,6,-13,6,-13,6,-13,7,-12,7,-11,7,-10,8,-10,0,0,0,0,0,0,0,0,0,0,0,0,0,0,0,0,0,0,0,0,0,0,5,-8,5,-8,6,-8,7,-8,8,-8,8,-8,9,-8,9,-7,10,-7,10,-6,10,-6,10,-6,10,-6,10,-6,9,-7,9,-7,9,-7,9,-8,9,-8,9,-9,9,-9,8,-10,8,-10,8,-10,9,-10,9,-11]"
2025-08-18 22:32:19.693043,CSI_DATA,809,1a:00:00:00:00:00,-42,11,0,0,0,0,0,0,0,0,0,-94,0,1,0,138939379,0,31,0,128,0,"[0,0,1,13,1,13,1,13,1,13,2,13,2,13,2,12,3,12,3,12,4,12,4,12,5,12,5,12,5,12,6,12,6,12,6,12,6,13,5,13,5,13,4,13,3,13,3,13,2,13,1,12,1,12,0,0,0,0,0,0,0,0,0,0,0,0,0,0,0,0,0,0,0,0,0,0,1,9,0,9,0,10,-1,10,-1,10,-2,11,-3,11,-3,11,-4,11,-4,11,-4,11,-4,11,-4,11,-4,11,-3,11,-3,11,-3,11,-2,11,-2,11,-1,12,-1,12,-1,12,0,13,0,13,0,13,1,13]"
2025-08-18 22:32:19.884636,CSI_DATA,810,1a:00:00:00:00:00,-42,11,0,0,0,0,0,0,0,0,0,-94,0,1,0,139140517,0,31,0,128,0,"[0,0,7,12,7,11,7,11,7,11,7,10,7,10,8,10,8,9,8,9,9,8,9,8,9,8,10,8,10,8,10,8,10,8,11,8,10,9,11,9,10,9,9,10,9,10,8,10,7,10,7,10,6,10,0,0,0,0,0,0,0,0,0,0,0,0,0,0,0,0,0,0,0,0,0,0,5,7,5,8,4,9,4,9,4,10,3,10,3,11,3,11,2,11,2,11,2,11,1,11,2,11,2,11,2,11,2,11,3,11,3,10,4,10,4,11,5,11,5,11,6,11,6,11,6,11,7,11]"
2025-08-18 22:32:19.956860,CSI_DATA,811,1a:00:00:00:00:00,-42,11,0,0,0,0,0,0,0,0,0,-94,0,1,0,139201471,0,42,0,128,0,"[0,0,-8,-12,-8,-12,-8,-12,-8,-12,-8,-12,-9,-11,-9,-11,-9,-10,-10,-10,-10,-9,-10,-9,-10,-9,-11,-9,-11,-9,-11,-9,-12,-9,-12,-9,-12,-9,-12,-10,-11,-10,-11,-10,-10,-10,-9,-11,-8,-11,-8,-11,-7,-11,0,0,0,0,0,0,0,0,0,0,0,0,0,0,0,0,0,0,0,0,0,0,-6,-8,-5,-9,-5,-10,-5,-10,-4,-11,-4,-11,-4,-12,-3,-12,-3,-12,-3,-12,-2,-12,-2,-12,-2,-12,-2,-12,-3,-12,-3,-12,-3,-12,-4,-12,-4,-12,-5,-12,-6,-12,-6,-12,-7,-12,-7,-12,-7,-12,-7,-13]"
2025-08-18 22:32:20.024742,CSI_DATA,812,1a:00:00:00:00:00,-42,11,0,0,0,0,0,0,0,0,0,-94,0,1,0,139268751,0,31,0,128,0,"[0,0,11,-9,10,-9,10,-10,10,-9,10,-10,9,-10,9,-10,8,-10,8,-10,7,-11,7,-11,7,-11,7,-12,6,-12,6,-12,7,-13,7,-13,7,-13,7,-13,7,-12,8,-12,8,-11,8,-10,9,-10,9,-9,9,-8,0,0,0,0,0,0,0,0,0,0,0,0,0,0,0,0,0,0,0,0,0,0,7,-6,8,-6,8,-6,9,-6,9,-5,10,-5,10,-5,11,-5,11,-4,11,-3,11,-3,11,-3,11,-3,11,-3,11,-4,10,-4,11,-5,10,-5,10,-6,10,-6,10,-7,10,-8,10,-8,10,-8,11,-8,11,-9]"
2025-08-18 22:32:20.229271,CSI_DATA,813,1a:00:00:00:00:00,-43,11,0,0,0,0,0,0,0,0,0,-94,0,1,0,139471462,0,31,0,128,0,"[0,0,-1,-15,-2,-14,-2,-14,-2,-14,-2,-14,-2,-14,-3,-14,-3,-14,-4,-13,-4,-13,-5,-13,-5,-13,-6,-13,-6,-13,-6,-13,-6,-13,-6,-14,-6,-14,-5,-14,-4,-14,-4,-14,-3,-14,-3,-14,-2,-14,-1,-13,0,-13,0,0,0,0,0,0,0,0,0,0,0,0,0,0,0,0,0,0,0,0,0,0,-3,-10,-2,-11,-1,-11,-1,-11,0,-12,1,-12,1,-12,2,-12,2,-13,2,-12,3,-12,3,-12,3,-12,2,-12,2,-12,2,-12,2,-12,1,-12,1,-12,0,-13,0,-13,0,-13,-1,-14,-1,-14,-1,-14,-1,-14]"
2025-08-18 22:32:20.414579,CSI_DATA,814,1a:00:00:00:00:00,-42,11,0,0,0,0,0,0,0,0,0,-94,0,1,0,139671109,0,31,0,128,0,"[0,0,9,10,9,9,9,9,9,9,10,9,9,9,9,8,10,8,10,7,10,7,11,6,11,6,11,6,11,5,12,6,12,6,12,6,12,6,12,7,11,7,11,8,10,8,10,9,9,8,8,9,8,9,0,0,0,0,0,0,0,0,0,0,0,0,0,0,0,0,0,0,0,0,0,0,7,6,7,6,6,7,6,8,6,8,6,9,5,10,5,10,5,10,4,10,4,10,4,11,4,11,4,10,4,10,5,10,5,10,6,9,6,10,7,10,7,10,7,10,8,10,8,10,9,10,9,10]"
2025-08-18 22:32:20.620951,CSI_DATA,815,1a:00:00:00:00:00,-42,11,0,0,0,0,0,0,0,0,0,-94,0,1,0,139872220,0,31,0,128,0,"[0,0,9,-12,8,-13,8,-12,8,-13,7,-13,7,-12,6,-13,6,-13,5,-13,5,-13,4,-14,4,-14,4,-14,3,-14,4,-15,4,-15,4,-15,5,-15,5,-15,5,-15,6,-14,6,-14,6,-13,7,-12,7,-11,8,-11,0,0,0,0,0,0,0,0,0,0,0,0,0,0,0,0,0,0,0,0,0,0,5,-9,6,-9,6,-9,7,-9,8,-9,9,-9,9,-8,9,-8,10,-8,10,-7,10,-7,10,-7,10,-7,10,-7,10,-7,9,-8,9,-8,9,-9,9,-9,9,-10,9,-10,8,-11,9,-11,9,-12,9,-12,9,-12]"
2025-08-18 22:32:20.826350,CSI_DATA,816,1a:00:00:00:00:00,-42,11,0,0,0,0,0,0,0,0,0,-94,0,1,0,140073403,0,31,0,128,0,"[0,0,-15,0,-15,0,-15,1,-15,1,-15,1,-15,1,-14,2,-14,2,-14,3,-14,3,-14,4,-13,5,-13,5,-14,5,-14,5,-14,5,-14,5,-15,4,-16,4,-15,3,-15,3,-15,2,-15,1,-14,1,-14,0,-14,-1,0,0,0,0,0,0,0,0,0,0,0,0,0,0,0,0,0,0,0,0,0,0,-10,2,-11,1,-11,0,-12,0,-12,-1,-12,-2,-13,-2,-13,-3,-13,-3,-13,-3,-13,-4,-13,-4,-13,-4,-12,-3,-12,-3,-12,-3,-13,-3,-13,-2,-13,-2,-13,-2,-14,-1,-14,-1,-14,0,-15,0,-15,0,-15,1]"
2025-08-18 22:32:21.030663,CSI_DATA,817,1a:00:00:00:00:00,-42,11,0,0,0,0,0,0,0,0,0,-94,0,1,0,140274630,0,31,0,128,0,"[0,0,-10,-11,-10,-11,-10,-11,-10,-10,-10,-10,-10,-10,-10,-10,-10,-9,-11,-9,-11,-8,-12,-7,-12,-7,-12,-7,-12,-7,-12,-7,-13,-7,-13,-8,-13,-8,-13,-8,-12,-9,-12,-9,-11,-10,-10,-10,-10,-9,-9,-10,-9,-10,0,0,0,0,0,0,0,0,0,0,0,0,0,0,0,0,0,0,0,0,0,0,-8,-7,-7,-8,-7,-9,-7,-9,-6,-10,-6,-10,-5,-11,-5,-11,-5,-12,-5,-12,-5,-11,-5,-12,-5,-11,-5,-11,-5,-11,-5,-11,-6,-11,-6,-11,-7,-11,-7,-11,-7,-11,-8,-11,-9,-11,-9,-11,-10,-11,-10,-11]"
2025-08-18 22:32:21.231776,CSI_DATA,818,1a:00:00:00:00:00,-42,11,0,0,0,0,0,0,0,0,0,-94,0,1,0,140475785,0,31,0,128,0,"[0,0,-8,-13,-9,-13,-9,-12,-9,-12,-9,-12,-9,-12,-10,-11,-10,-11,-10,-10,-11,-10,-11,-9,-11,-9,-11,-9,-12,-9,-12,-9,-12,-9,-13,-10,-13,-10,-12,-10,-12,-11,-11,-11,-11,-11,-10,-12,-9,-12,-8,-11,-7,-12,0,0,0,0,0,0,0,0,0,0,0,0,0,0,0,0,0,0,0,0,0,0,-7,-8,-6,-9,-6,-10,-6,-10,-5,-11,-5,-12,-4,-12,-4,-13,-4,-13,-3,-13,-3,-13,-3,-13,-3,-13,-3,-12,-3,-12,-4,-12,-4,-12,-5,-12,-5,-12,-6,-12,-6,-12,-7,-12,-7,-12,-8,-13,-8,-13,-8,-13]"
2025-08-18 22:32:21.435048,CSI_DATA,819,1a:00:00:00:00:00,-42,11,0,0,0,0,0,0,0,0,0,-94,0,1,0,140677125,0,31,0,128,0,"[0,0,-11,-11,-11,-11,-11,-11,-11,-10,-11,-10,-12,-10,-11,-9,-12,-8,-12,-8,-12,-7,-12,-7,-13,-7,-13,-7,-14,-6,-14,-6,-14,-7,-14,-6,-14,-7,-14,-7,-14,-8,-13,-8,-13,-9,-11,-9,-11,-9,-10,-9,-10,-10,0,0,0,0,0,0,0,0,0,0,0,0,0,0,0,0,0,0,0,0,0,0,-8,-7,-8,-8,-7,-9,-7,-10,-7,-10,-7,-11,-6,-11,-6,-12,-6,-12,-5,-12,-5,-12,-5,-12,-5,-12,-5,-12,-5,-12,-6,-11,-6,-12,-7,-11,-7,-11,-8,-11,-8,-11,-9,-11,-9,-11,-10,-11,-10,-11,-10,-11]"
2025-08-18 22:32:21.488097,CSI_DATA,820,1a:00:00:00:00:00,-42,11,0,0,0,0,0,0,0,0,0,-94,0,1,0,140737890,0,42,0,128,0,"[0,0,12,-8,12,-8,11,-8,11,-9,11,-9,10,-9,10,-9,10,-9,9,-10,9,-10,9,-10,8,-11,8,-11,8,-11,8,-12,8,-12,9,-12,9,-12,9,-12,10,-11,10,-10,10,-10,11,-9,11,-8,11,-7,11,-7,0,0,0,0,0,0,0,0,0,0,0,0,0,0,0,0,0,0,0,0,0,0,7,-6,8,-6,9,-6,9,-6,10,-5,11,-5,11,-4,11,-4,11,-4,11,-3,12,-3,11,-3,11,-3,11,-3,11,-3,11,-3,11,-4,11,-4,11,-5,11,-6,11,-6,11,-6,11,-7,12,-7,11,-8,12,-8]"
2025-08-18 22:32:21.556945,CSI_DATA,821,1a:00:00:00:00:00,-42,11,0,0,0,0,0,0,0,0,0,-94,0,1,0,140806339,0,31,0,128,0,"[0,0,12,-7,12,-7,12,-7,12,-7,11,-8,11,-8,11,-8,10,-8,10,-8,10,-9,9,-10,9,-10,9,-11,9,-11,9,-11,9,-11,10,-11,10,-11,11,-10,11,-10,11,-9,11,-9,11,-8,11,-8,11,-7,11,-6,0,0,0,0,0,0,0,0,0,0,0,0,0,0,0,0,0,0,0,0,0,0,7,-6,8,-6,9,-5,9,-5,10,-4,11,-4,11,-3,11,-3,12,-3,12,-2,12,-2,12,-2,12,-2,11,-2,11,-2,11,-2,11,-3,11,-4,11,-4,11,-4,11,-5,12,-5,12,-6,12,-6,12,-7,12,-7]"
2025-08-18 22:32:21.762373,CSI_DATA,822,1a:00:00:00:00:00,-42,11,0,0,0,0,0,0,0,0,0,-94,0,1,0,141007411,0,31,0,128,0,"[0,0,13,-5,12,-6,12,-6,12,-6,12,-7,11,-7,11,-7,11,-7,10,-8,10,-8,10,-8,10,-9,10,-9,10,-10,10,-10,10,-10,10,-10,11,-10,11,-10,11,-9,12,-9,12,-8,12,-7,12,-6,12,-6,12,-5,0,0,0,0,0,0,0,0,0,0,0,0,0,0,0,0,0,0,0,0,0,0,8,-5,9,-4,10,-4,10,-3,11,-3,11,-2,12,-2,12,-2,12,-1,12,0,12,0,12,0,12,0,11,-1,11,-1,11,-1,11,-2,11,-2,12,-3,12,-3,12,-4,12,-4,12,-4,12,-5,13,-5,13,-5]"
2025-08-18 22:32:21.959882,CSI_DATA,823,1a:00:00:00:00:00,-42,11,0,0,0,0,0,0,0,0,0,-94,0,1,0,141210221,0,31,0,128,0,"[0,0,-11,9,-11,10,-10,9,-10,9,-10,10,-10,10,-9,10,-8,10,-8,10,-7,11,-7,11,-7,11,-7,12,-7,12,-7,12,-7,12,-7,12,-7,12,-8,12,-8,12,-9,12,-9,11,-9,10,-9,10,-10,9,-10,8,0,0,0,0,0,0,0,0,0,0,0,0,0,0,0,0,0,0,0,0,0,0,-7,7,-7,7,-8,6,-9,6,-10,6,-10,6,-11,6,-11,5,-11,5,-12,5,-12,4,-12,4,-12,4,-11,4,-11,5,-11,5,-11,5,-10,6,-10,6,-11,7,-11,7,-11,8,-11,9,-11,9,-11,9,-11,9]"
2025-08-18 22:32:22.166322,CSI_DATA,824,1a:00:00:00:00:00,-42,11,0,0,0,0,0,0,0,0,0,-94,0,1,0,141409819,0,31,0,128,0,"[0,0,-8,-13,-8,-13,-8,-13,-9,-12,-9,-12,-9,-12,-9,-11,-9,-11,-10,-11,-10,-10,-11,-10,-11,-9,-11,-9,-12,-9,-12,-9,-12,-9,-12,-10,-12,-10,-12,-11,-11,-11,-11,-11,-10,-11,-10,-12,-9,-12,-8,-11,-7,-12,0,0,0,0,0,0,0,0,0,0,0,0,0,0,0,0,0,0,0,0,0,0,-6,-9,-6,-9,-6,-10,-5,-11,-5,-11,-4,-12,-4,-12,-3,-13,-3,-13,-2,-13,-2,-13,-2,-13,-3,-13,-3,-12,-3,-12,-3,-12,-4,-12,-4,-12,-5,-12,-5,-13,-6,-12,-6,-13,-7,-13,-7,-13,-7,-13,-8,-13]"
2025-08-18 22:32:22.365343,CSI_DATA,825,1a:00:00:00:00:00,-42,11,0,0,0,0,0,0,0,0,0,-94,0,1,0,141610976,0,31,0,128,0,"[0,0,-3,-15,-4,-15,-4,-14,-4,-15,-4,-14,-5,-14,-5,-14,-5,-14,-6,-13,-6,-13,-7,-13,-7,-13,-7,-13,-8,-13,-8,-13,-8,-13,-8,-14,-8,-14,-8,-14,-7,-14,-6,-14,-6,-14,-5,-14,-4,-14,-3,-13,-2,-13,0,0,0,0,0,0,0,0,0,0,0,0,0,0,0,0,0,0,0,0,0,0,-3,-10,-3,-11,-2,-11,-2,-12,-1,-12,-1,-13,0,-13,0,-13,1,-13,1,-13,2,-13,2,-13,2,-13,1,-13,1,-13,1,-13,0,-13,0,-13,-1,-13,-1,-13,-2,-13,-2,-14,-3,-14,-3,-14,-3,-15,-3,-15]"
2025-08-18 22:32:22.559459,CSI_DATA,826,1a:00:00:00:00:00,-42,11,0,0,0,0,0,0,0,0,0,-94,0,1,0,141812346,0,31,0,128,0,"[0,0,14,0,14,0,14,0,14,0,13,-1,13,-1,13,-1,13,-2,13,-2,13,-3,12,-4,12,-4,13,-5,13,-5,13,-5,13,-5,13,-5,14,-5,14,-4,14,-4,14,-3,14,-2,13,-2,13,-1,13,-1,12,0,0,0,0,0,0,0,0,0,0,0,0,0,0,0,0,0,0,0,0,0,0,0,9,-1,10,0,10,1,10,1,11,2,11,3,11,3,11,4,11,5,11,5,11,4,11,5,10,4,11,4,10,4,10,4,11,3,11,3,11,3,12,2,12,2,13,2,13,1,13,1,14,1,14,0]"
2025-08-18 22:32:22.601146,CSI_DATA,827,1a:00:00:00:00:00,-42,11,0,0,0,0,0,0,0,0,0,-94,0,1,0,141850126,0,28,0,128,0,"[0,0,3,-14,2,-14,3,-14,2,-14,2,-14,1,-14,1,-14,0,-14,0,-13,-1,-13,-1,-13,-2,-13,-2,-14,-2,-14,-2,-14,-2,-14,-2,-14,-2,-15,-2,-15,-1,-15,-1,-15,0,-14,1,-14,1,-14,2,-13,2,-13,0,0,0,0,0,0,0,0,0,0,0,0,0,0,0,0,0,0,0,0,0,0,1,-10,2,-10,3,-10,4,-10,4,-10,5,-11,5,-11,6,-11,6,-10,7,-10,7,-10,7,-10,7,-10,7,-10,6,-10,6,-10,6,-10,5,-11,5,-11,4,-12,4,-12,4,-13,4,-13,3,-13,4,-13,3,-14]"
2025-08-18 22:32:22.763843,CSI_DATA,828,1a:00:00:00:00:00,-42,11,0,0,0,0,0,0,0,0,0,-94,0,1,0,142013450,0,31,0,128,0,"[0,0,4,-13,4,-13,4,-14,4,-13,3,-14,3,-13,2,-13,2,-14,1,-13,1,-13,1,-13,0,-14,0,-14,-1,-14,-1,-14,-1,-15,0,-14,0,-15,0,-15,1,-15,1,-14,2,-14,3,-13,3,-13,4,-12,4,-12,0,0,0,0,0,0,0,0,0,0,0,0,0,0,0,0,0,0,0,0,0,0,2,-9,3,-10,3,-10,4,-10,5,-10,6,-11,6,-10,7,-10,7,-10,7,-9,7,-9,8,-9,7,-9,7,-9,7,-10,6,-9,6,-10,6,-10,6,-11,5,-11,5,-11,5,-12,5,-12,5,-13,5,-13,5,-13]"
2025-08-18 22:32:22.970125,CSI_DATA,829,1a:00:00:00:00:00,-42,11,0,0,0,0,0,0,0,0,0,-94,0,1,0,142214627,0,31,0,128,0,"[0,0,-5,-14,-6,-14,-6,-14,-6,-14,-6,-14,-7,-13,-7,-13,-7,-12,-8,-12,-9,-12,-9,-12,-9,-11,-9,-12,-10,-11,-10,-11,-10,-11,-10,-12,-10,-12,-10,-13,-10,-12,-9,-13,-8,-13,-7,-13,-7,-13,-6,-13,-5,-13,0,0,0,0,0,0,0,0,0,0,0,0,0,0,0,0,0,0,0,0,0,0,-4,-10,-4,-10,-3,-11,-3,-11,-3,-12,-2,-13,-1,-13,-1,-13,0,-13,0,-13,0,-13,0,-13,0,-13,0,-13,-1,-13,-1,-13,-1,-13,-2,-13,-2,-13,-3,-13,-3,-13,-4,-13,-4,-14,-5,-14,-5,-14,-5,-14]"
2025-08-18 22:32:23.020264,CSI_DATA,830,1a:00:00:00:00:00,-42,11,0,0,0,0,0,0,0,0,0,-94,0,1,0,142275443,0,42,0,128,0,"[0,0,7,13,7,12,7,12,7,12,7,12,7,11,8,11,8,10,9,10,9,9,9,9,10,9,10,9,10,9,10,9,11,9,11,9,11,10,11,10,10,11,9,10,9,11,8,11,7,11,6,11,5,11,0,0,0,0,0,0,0,0,0,0,0,0,0,0,0,0,0,0,0,0,0,0,5,8,5,8,5,9,4,10,4,10,4,11,3,12,3,12,2,12,2,12,1,12,1,12,1,12,2,12,2,12,2,11,3,11,3,11,4,12,4,11,5,11,5,12,6,12,6,12,6,12,7,12]"
2025-08-18 22:32:23.084918,CSI_DATA,831,1a:00:00:00:00:00,-42,11,0,0,0,0,0,0,0,0,0,-94,0,1,0,142341176,0,31,0,128,0,"[0,0,11,8,11,8,11,7,11,7,11,7,11,7,11,6,11,6,11,5,12,4,12,4,12,4,12,4,13,3,13,4,13,3,13,4,14,4,13,5,13,5,13,6,12,6,11,7,11,7,10,7,10,8,0,0,0,0,0,0,0,0,0,0,0,0,0,0,0,0,0,0,0,0,0,0,8,4,8,5,8,6,8,6,8,7,8,8,8,8,7,9,7,9,7,9,7,10,6,10,7,9,7,9,7,9,7,9,7,8,8,8,8,8,9,8,9,8,10,8,10,8,10,8,11,8,11,8]"
2025-08-18 22:32:23.296441,CSI_DATA,832,1a:00:00:00:00:00,-42,11,0,0,0,0,0,0,0,0,0,-94,0,1,0,142542259,0,31,0,128,0,"[0,0,-14,-5,-14,-5,-13,-4,-14,-4,-14,-4,-14,-4,-13,-3,-13,-3,-13,-2,-14,-1,-13,-1,-13,0,-13,0,-14,0,-14,0,-14,0,-15,0,-15,0,-15,-1,-15,-1,-15,-2,-14,-3,-14,-3,-13,-3,-13,-4,-12,-5,0,0,0,0,0,0,0,0,0,0,0,0,0,0,0,0,0,0,0,0,0,0,-10,-3,-10,-3,-10,-4,-10,-5,-10,-6,-10,-6,-10,-7,-10,-8,-10,-8,-10,-8,-10,-8,-9,-8,-9,-8,-9,-8,-10,-7,-10,-7,-10,-7,-11,-7,-11,-7,-11,-6,-11,-6,-12,-6,-13,-5,-13,-5,-13,-5,-13,-5]"
2025-08-18 22:32:23.512155,CSI_DATA,833,1a:00:00:00:00:00,-42,11,0,0,0,0,0,0,0,0,0,-94,0,1,0,142743407,0,31,0,128,0,"[0,0,-5,-14,-5,-14,-5,-14,-5,-13,-6,-13,-6,-13,-6,-13,-7,-12,-7,-12,-7,-11,-8,-11,-8,-11,-8,-11,-9,-11,-9,-11,-9,-11,-9,-12,-9,-12,-9,-12,-8,-12,-8,-13,-7,-13,-6,-13,-6,-13,-5,-12,-4,-13,0,0,0,0,0,0,0,0,0,0,0,0,0,0,0,0,0,0,0,0,0,0,-4,-9,-4,-10,-3,-10,-3,-11,-2,-11,-2,-12,-1,-12,-1,-12,-1,-13,0,-12,0,-12,0,-12,0,-12,0,-12,-1,-12,-1,-12,-1,-12,-2,-12,-2,-12,-3,-13,-3,-13,-3,-13,-4,-13,-4,-13,-4,-13,-5,-14]"
2025-08-18 22:32:23.693324,CSI_DATA,834,1a:00:00:00:00:00,-42,11,0,0,0,0,0,0,0,0,0,-94,0,1,0,142944695,0,31,0,128,0,"[0,0,-8,12,-8,11,-8,12,-7,12,-7,12,-7,12,-7,12,-6,12,-6,12,-5,12,-4,12,-4,13,-3,13,-3,13,-3,13,-3,14,-4,14,-4,14,-5,14,-5,13,-6,13,-6,13,-6,12,-6,12,-7,11,-8,10,0,0,0,0,0,0,0,0,0,0,0,0,0,0,0,0,0,0,0,0,0,0,-5,8,-6,8,-6,8,-7,8,-8,8,-9,8,-9,8,-10,8,-10,7,-10,7,-10,7,-10,7,-10,7,-10,7,-10,7,-9,7,-9,8,-9,8,-9,9,-9,9,-9,9,-9,10,-8,10,-8,11,-8,12,-8,11]"
2025-08-18 22:32:23.901730,CSI_DATA,835,1a:00:00:00:00:00,-42,11,0,0,0,0,0,0,0,0,0,-94,0,1,0,143145867,0,31,0,128,0,"[0,0,-9,-12,-9,-12,-9,-11,-9,-11,-9,-11,-10,-11,-10,-10,-10,-10,-10,-9,-11,-9,-11,-8,-11,-8,-11,-8,-12,-8,-12,-8,-12,-8,-13,-8,-13,-8,-12,-9,-12,-9,-11,-10,-11,-10,-10,-10,-10,-10,-9,-10,-8,-11,0,0,0,0,0,0,0,0,0,0,0,0,0,0,0,0,0,0,0,0,0,0,-6,-8,-6,-8,-6,-9,-5,-10,-5,-11,-5,-11,-4,-12,-4,-12,-4,-12,-3,-12,-3,-12,-3,-12,-3,-12,-3,-12,-4,-12,-4,-11,-4,-11,-5,-11,-5,-12,-6,-12,-6,-12,-7,-11,-7,-11,-8,-12,-8,-12,-8,-12]"
2025-08-18 22:32:24.091455,CSI_DATA,836,1a:00:00:00:00:00,-42,11,0,0,0,0,0,0,0,0,0,-94,0,1,0,143347064,0,31,0,128,0,"[0,0,5,13,5,12,5,12,6,11,6,11,6,11,6,11,7,10,7,10,8,10,8,9,8,9,9,9,9,9,9,9,10,9,10,10,10,10,9,10,9,11,8,11,8,11,7,11,6,11,5,11,5,11,0,0,0,0,0,0,0,0,0,0,0,0,0,0,0,0,0,0,0,0,0,0,4,8,4,8,3,9,3,10,3,10,2,11,1,11,1,11,1,12,0,11,0,12,0,11,0,11,0,11,0,11,1,11,1,11,2,11,2,11,3,11,3,12,3,12,4,12,4,12,5,12,5,12]"
2025-08-18 22:32:24.300008,CSI_DATA,837,1a:00:00:00:00:00,-42,11,0,0,0,0,0,0,0,0,0,-94,0,1,0,143548221,0,31,0,128,0,"[0,0,2,-14,1,-14,1,-14,1,-14,1,-14,0,-14,0,-14,-1,-14,-1,-13,-2,-14,-2,-13,-3,-14,-3,-14,-3,-14,-4,-14,-4,-14,-3,-15,-3,-15,-3,-15,-2,-15,-1,-15,-1,-15,0,-14,1,-14,1,-13,2,-13,0,0,0,0,0,0,0,0,0,0,0,0,0,0,0,0,0,0,0,0,0,0,0,-10,1,-10,1,-11,2,-11,3,-11,3,-11,4,-12,5,-11,5,-11,6,-11,6,-11,6,-11,5,-11,5,-11,5,-11,5,-11,4,-11,4,-11,3,-12,3,-12,3,-12,3,-13,2,-13,2,-14,2,-14,2,-14]"
2025-08-18 22:32:24.500695,CSI_DATA,838,1a:00:00:00:00:00,-42,11,0,0,0,0,0,0,0,0,0,-94,0,1,0,143749361,0,31,0,128,0,"[0,0,-14,1,-14,1,-14,2,-13,2,-13,2,-13,2,-13,3,-12,3,-12,4,-12,4,-12,5,-12,5,-12,5,-12,6,-12,6,-12,6,-13,6,-13,6,-14,5,-13,5,-14,4,-13,4,-13,3,-13,2,-13,2,-13,1,0,0,0,0,0,0,0,0,0,0,0,0,0,0,0,0,0,0,0,0,0,0,-10,2,-10,1,-11,0,-11,0,-11,-1,-12,-1,-12,-2,-12,-2,-12,-3,-12,-3,-12,-3,-12,-3,-12,-3,-12,-3,-12,-3,-12,-2,-12,-2,-12,-2,-12,-1,-12,-1,-12,0,-13,0,-13,1,-13,1,-13,1,-14,1]"
2025-08-18 22:32:24.564252,CSI_DATA,839,1a:00:00:00:00:00,-42,11,0,0,0,0,0,0,0,0,0,-94,0,1,0,143810137,0,42,0,128,0,"[0,0,2,-14,2,-14,2,-14,2,-14,1,-14,0,-14,0,-14,0,-13,-1,-13,-1,-13,-2,-13,-2,-14,-2,-14,-3,-14,-3,-14,-3,-14,-3,-15,-3,-15,-3,-15,-2,-15,-2,-15,0,-15,0,-14,1,-14,1,-13,2,-13,0,0,0,0,0,0,0,0,0,0,0,0,0,0,0,0,0,0,0,0,0,0,1,-10,2,-10,2,-10,3,-11,4,-11,4,-11,5,-11,5,-11,6,-11,6,-10,7,-10,6,-10,6,-10,6,-10,6,-11,5,-10,5,-11,4,-11,4,-12,4,-12,4,-12,3,-13,3,-13,3,-13,3,-14,3,-14]"
2025-08-18 22:32:24.623186,CSI_DATA,840,1a:00:00:00:00:00,-42,11,0,0,0,0,0,0,0,0,0,-94,0,1,0,143876587,0,31,0,128,0,"[0,0,13,2,13,2,13,2,13,1,13,1,13,0,13,0,13,-1,13,-1,13,-2,13,-2,13,-2,13,-2,13,-3,14,-3,14,-3,14,-3,14,-3,14,-3,14,-2,14,-2,14,-1,13,0,13,1,12,2,12,2,0,0,0,0,0,0,0,0,0,0,0,0,0,0,0,0,0,0,0,0,0,0,9,1,10,2,10,2,10,3,10,4,10,4,10,5,10,5,10,6,10,6,9,7,9,7,9,7,10,6,10,6,10,5,10,5,11,4,11,4,11,4,12,3,12,3,12,3,13,3,13,3,13,2]"
2025-08-18 22:32:24.831837,CSI_DATA,841,1a:00:00:00:00:00,-42,11,0,0,0,0,0,0,0,0,0,-94,0,1,0,144077808,0,31,0,128,0,"[0,0,-12,-8,-12,-8,-12,-7,-12,-7,-12,-7,-12,-6,-13,-6,-13,-5,-13,-5,-13,-4,-13,-4,-13,-4,-13,-4,-14,-3,-14,-3,-14,-3,-14,-3,-15,-4,-15,-4,-14,-5,-14,-5,-13,-6,-13,-6,-12,-7,-12,-7,-11,-7,0,0,0,0,0,0,0,0,0,0,0,0,0,0,0,0,0,0,0,0,0,0,-9,-5,-9,-6,-9,-7,-9,-7,-9,-8,-9,-9,-8,-9,-8,-10,-8,-10,-7,-10,-7,-10,-7,-10,-7,-10,-7,-10,-8,-10,-8,-10,-8,-9,-9,-9,-9,-9,-9,-9,-10,-8,-10,-9,-11,-8,-11,-8,-11,-8,-12,-8]"
2025-08-18 22:32:25.027205,CSI_DATA,842,1a:00:00:00:00:00,-42,11,0,0,0,0,0,0,0,0,0,-94,0,1,0,144279032,0,31,0,128,0,"[0,0,14,-3,13,-3,13,-3,13,-3,13,-4,13,-4,12,-5,12,-5,12,-6,12,-6,11,-6,11,-7,11,-8,11,-8,12,-8,12,-8,12,-8,12,-8,13,-7,13,-7,13,-6,13,-5,13,-5,12,-4,12,-4,12,-3,0,0,0,0,0,0,0,0,0,0,0,0,0,0,0,0,0,0,0,0,0,0,9,-3,10,-2,10,-1,10,-1,11,-1,11,0,11,1,12,1,12,2,11,2,11,2,11,2,11,2,11,2,11,2,11,1,11,1,11,0,12,0,12,-1,12,-1,13,-1,13,-2,13,-2,13,-2,14,-3]"
2025-08-18 22:32:25.229173,CSI_DATA,843,1a:00:00:00:00:00,-42,11,0,0,0,0,0,0,0,0,0,-94,0,1,0,144480106,0,31,0,128,0,"[0,0,9,-10,9,-11,9,-11,9,-11,8,-11,8,-11,7,-11,7,-11,6,-12,6,-12,6,-12,5,-13,5,-13,5,-13,5,-13,5,-14,5,-14,5,-14,6,-14,6,-13,6,-13,7,-12,7,-12,7,-11,8,-10,8,-10,0,0,0,0,0,0,0,0,0,0,0,0,0,0,0,0,0,0,0,0,0,0,6,-7,7,-7,7,-7,8,-7,8,-7,9,-6,10,-6,10,-6,10,-5,11,-5,10,-5,10,-5,10,-5,10,-5,10,-5,10,-6,9,-6,9,-7,9,-7,9,-8,9,-8,10,-9,9,-9,9,-10,9,-10,9,-10]"
2025-08-18 22:32:25.430109,CSI_DATA,844,1a:00:00:00:00:00,-42,11,0,0,0,0,0,0,0,0,0,-94,0,1,0,144681286,0,31,0,128,0,"[0,0,6,-12,6,-13,5,-13,5,-12,5,-13,4,-13,4,-13,3,-13,3,-13,2,-13,2,-13,1,-13,1,-14,1,-14,1,-14,1,-14,1,-14,1,-14,2,-14,2,-14,3,-14,3,-13,4,-13,4,-12,5,-12,5,-11,0,0,0,0,0,0,0,0,0,0,0,0,0,0,0,0,0,0,0,0,0,0,3,-9,4,-9,5,-9,5,-9,6,-9,6,-9,7,-9,7,-9,8,-9,8,-8,8,-8,8,-8,8,-8,8,-8,8,-8,7,-8,7,-9,7,-9,7,-10,6,-10,6,-10,6,-11,6,-11,6,-12,6,-12,6,-12]"
2025-08-18 22:32:25.636376,CSI_DATA,845,1a:00:00:00:00:00,-42,11,0,0,0,0,0,0,0,0,0,-94,0,1,0,144882426,0,31,0,128,0,"[0,0,-2,-14,-2,-14,-2,-14,-2,-14,-3,-14,-3,-14,-3,-14,-4,-13,-4,-13,-5,-13,-5,-13,-6,-13,-6,-13,-6,-13,-6,-13,-7,-13,-6,-14,-6,-14,-6,-14,-5,-14,-5,-14,-4,-14,-3,-14,-3,-14,-2,-13,-1,-13,0,0,0,0,0,0,0,0,0,0,0,0,0,0,0,0,0,0,0,0,0,0,-2,-10,-2,-10,-1,-11,-1,-11,0,-11,1,-12,1,-12,2,-12,2,-12,3,-12,3,-12,3,-12,3,-12,2,-12,2,-12,2,-12,1,-12,1,-12,0,-13,0,-13,0,-13,-1,-13,-1,-14,-1,-14,-1,-14,-1,-14]"
2025-08-18 22:32:25.834195,CSI_DATA,846,1a:00:00:00:00:00,-42,11,0,0,0,0,0,0,0,0,0,-94,0,1,0,145083583,0,31,0,128,0,"[0,0,13,-5,13,-6,12,-6,13,-6,12,-7,12,-7,11,-7,11,-7,10,-8,10,-8,10,-9,10,-9,10,-9,10,-10,10,-10,10,-10,11,-10,11,-10,11,-10,11,-9,11,-9,12,-8,12,-7,12,-7,12,-6,12,-5,0,0,0,0,0,0,0,0,0,0,0,0,0,0,0,0,0,0,0,0,0,0,8,-5,9,-4,10,-4,10,-3,11,-3,11,-2,11,-2,12,-1,12,-1,12,0,12,0,12,0,12,0,11,0,11,-1,11,-1,11,-2,11,-2,12,-3,12,-3,12,-4,12,-4,13,-4,13,-5,13,-5,13,-5]"
2025-08-18 22:32:26.038605,CSI_DATA,847,1a:00:00:00:00:00,-42,11,0,0,0,0,0,0,0,0,0,-94,0,1,0,145284929,0,31,0,128,0,"[0,0,-2,-15,-3,-15,-2,-14,-3,-15,-3,-14,-3,-14,-3,-14,-4,-14,-5,-13,-5,-13,-6,-13,-6,-13,-7,-13,-7,-13,-7,-13,-7,-13,-7,-14,-7,-14,-6,-14,-6,-14,-5,-14,-4,-14,-4,-14,-3,-14,-3,-13,-2,-13,0,0,0,0,0,0,0,0,0,0,0,0,0,0,0,0,0,0,0,0,0,0,-3,-10,-2,-11,-1,-11,-1,-11,0,-12,0,-12,1,-12,2,-13,2,-13,2,-13,2,-12,3,-12,3,-12,2,-12,2,-12,2,-12,1,-12,1,-13,0,-13,0,-13,-1,-14,0,-14,-1,-14,-2,-14,-2,-14,-2,-15]"
2025-08-18 22:32:26.099621,CSI_DATA,848,1a:00:00:00:00:00,-42,11,0,0,0,0,0,0,0,0,0,-94,0,1,0,145345648,0,42,0,128,0,"[0,0,-13,-8,-13,-7,-13,-7,-13,-7,-13,-6,-12,-6,-13,-6,-13,-5,-13,-5,-13,-4,-13,-3,-13,-3,-14,-3,-14,-3,-14,-2,-14,-2,-14,-3,-15,-3,-15,-4,-14,-4,-14,-5,-14,-5,-13,-6,-12,-6,-12,-6,-11,-7,0,0,0,0,0,0,0,0,0,0,0,0,0,0,0,0,0,0,0,0,0,0,-9,-4,-9,-5,-9,-6,-9,-6,-9,-7,-9,-8,-9,-9,-9,-9,-9,-10,-8,-10,-8,-10,-8,-10,-8,-9,-8,-9,-8,-9,-8,-9,-9,-9,-9,-8,-10,-8,-10,-8,-10,-8,-11,-8,-11,-8,-12,-7,-12,-7,-13,-8]"
2025-08-18 22:32:26.168558,CSI_DATA,849,1a:00:00:00:00:00,-42,11,0,0,0,0,0,0,0,0,0,-94,0,1,0,145413148,0,31,0,128,0,"[0,0,-7,-13,-8,-12,-8,-12,-8,-11,-9,-12,-8,-11,-9,-11,-9,-10,-9,-10,-9,-9,-10,-9,-10,-9,-10,-9,-11,-9,-11,-9,-12,-9,-11,-9,-12,-10,-11,-10,-11,-11,-10,-11,-9,-11,-9,-11,-8,-11,-7,-11,-7,-12,0,0,0,0,0,0,0,0,0,0,0,0,0,0,0,0,0,0,0,0,0,0,-6,-8,-6,-9,-6,-9,-5,-10,-5,-10,-4,-12,-4,-12,-3,-12,-3,-12,-3,-12,-2,-12,-2,-12,-2,-12,-3,-12,-3,-12,-3,-11,-4,-12,-4,-11,-5,-12,-5,-12,-5,-12,-6,-12,-6,-12,-7,-12,-7,-12,-7,-13]"
2025-08-18 22:32:26.367499,CSI_DATA,850,1a:00:00:00:00:00,-42,11,0,0,0,0,0,0,0,0,0,-94,0,1,0,145614235,0,31,0,128,0,"[0,0,-12,8,-12,8,-11,8,-11,8,-11,8,-10,8,-10,9,-10,9,-9,9,-9,9,-9,9,-8,10,-8,10,-8,11,-8,11,-8,11,-9,11,-9,11,-10,11,-10,11,-10,10,-10,9,-10,9,-11,8,-11,7,-11,6,0,0,0,0,0,0,0,0,0,0,0,0,0,0,0,0,0,0,0,0,0,0,-7,6,-8,5,-9,5,-10,5,-10,5,-11,4,-11,4,-12,4,-12,3,-12,3,-12,3,-12,2,-12,3,-12,3,-12,3,-11,3,-11,4,-11,4,-11,4,-11,5,-11,5,-11,6,-12,7,-12,7,-12,7,-12,7]"
2025-08-18 22:32:26.831449,CSI_DATA,851,1a:00:00:00:00:00,-42,11,0,0,0,0,0,0,0,0,0,-94,0,1,0,145815384,0,31,0,128,0,"[0,0,-10,-11,-10,-11,-10,-11,-10,-10,-11,-10,-10,-10,-11,-9,-11,-9,-11,-8,-12,-8,-12,-8,-12,-7,-13,-7,-13,-7,-13,-7,-14,-7,-13,-7,-14,-8,-14,-8,-13,-8,-13,-9,-12,-9,-11,-9,-11,-10,-10,-10,-9,-10,0,0,0,0,0,0,0,0,0,0,0,0,0,0,0,0,0,0,0,0,0,0,-8,-7,-7,-8,-7,-9,-7,-10,-7,-10,-6,-11,-6,-11,-5,-12,-5,-12,-5,-12,-5,-12,-4,-12,-5,-12,-5,-12,-5,-11,-5,-11,-6,-11,-7,-11,-7,-11,-7,-11,-8,-11,-8,-11,-9,-11,-9,-11,-9,-11,-10,-11]"
2025-08-18 22:32:26.836589,CSI_DATA,852,1a:00:00:00:00:00,-42,11,0,0,0,0,0,0,0,0,0,-94,0,1,0,146016552,0,31,0,128,0,"[0,0,11,7,11,7,11,6,12,6,11,6,11,6,11,5,12,4,12,4,12,3,12,3,12,3,12,2,12,2,13,2,13,2,14,2,14,2,14,3,13,3,13,4,13,4,12,5,11,5,11,6,10,6,0,0,0,0,0,0,0,0,0,0,0,0,0,0,0,0,0,0,0,0,0,0,8,4,7,5,8,6,7,6,8,7,7,8,7,8,7,9,7,9,6,10,6,10,6,10,6,9,6,9,6,9,7,9,7,8,8,8,8,8,9,8,9,7,10,7,10,8,10,8,10,8,11,7]"
2025-08-18 22:32:26.971834,CSI_DATA,853,1a:00:00:00:00:00,-42,11,0,0,0,0,0,0,0,0,0,-94,0,1,0,146217716,0,31,0,128,0,"[0,0,-14,-3,-14,-2,-14,-2,-14,-2,-14,-2,-14,-1,-14,-1,-13,0,-14,0,-13,1,-13,1,-13,2,-14,2,-14,2,-14,3,-14,2,-14,2,-14,2,-15,2,-15,1,-15,1,-14,0,-14,-1,-13,-1,-13,-2,-13,-3,0,0,0,0,0,0,0,0,0,0,0,0,0,0,0,0,0,0,0,0,0,0,-10,-1,-10,-2,-10,-3,-11,-3,-11,-4,-11,-4,-11,-5,-11,-5,-11,-6,-11,-6,-11,-7,-11,-7,-11,-6,-11,-6,-11,-6,-11,-6,-11,-5,-12,-5,-12,-5,-12,-4,-12,-4,-13,-4,-13,-3,-14,-3,-14,-3,-14,-3]"
2025-08-18 22:32:27.167389,CSI_DATA,854,1a:00:00:00:00:00,-42,11,0,0,0,0,0,0,0,0,0,-94,0,1,0,146419114,0,31,0,128,0,"[0,0,8,-10,8,-11,8,-11,8,-11,7,-11,7,-11,6,-11,6,-11,6,-11,5,-12,5,-12,4,-12,4,-13,4,-13,4,-13,4,-13,4,-14,5,-13,5,-14,5,-13,6,-13,6,-12,6,-11,7,-11,7,-10,7,-10,0,0,0,0,0,0,0,0,0,0,0,0,0,0,0,0,0,0,0,0,0,0,5,-8,6,-8,7,-8,7,-7,8,-7,8,-7,9,-7,9,-6,10,-6,10,-6,10,-6,10,-5,10,-6,9,-6,9,-6,9,-6,9,-7,9,-7,9,-8,9,-8,9,-8,9,-9,8,-9,8,-10,9,-10,9,-10]"
2025-08-18 22:32:27.370640,CSI_DATA,855,1a:00:00:00:00:00,-42,11,0,0,0,0,0,0,0,0,0,-94,0,1,0,146620143,0,31,0,128,0,"[0,0,12,-8,11,-8,11,-9,11,-9,11,-9,10,-9,10,-10,9,-10,9,-10,8,-10,8,-10,8,-11,8,-11,8,-12,8,-12,8,-12,8,-12,9,-12,9,-13,9,-12,9,-11,10,-11,10,-10,10,-9,10,-8,11,-7,0,0,0,0,0,0,0,0,0,0,0,0,0,0,0,0,0,0,0,0,0,0,7,-6,8,-6,9,-6,9,-6,10,-5,10,-5,11,-5,11,-4,11,-4,11,-3,12,-3,12,-2,11,-2,11,-3,11,-3,11,-4,11,-4,11,-5,11,-5,11,-6,11,-6,11,-7,11,-7,12,-7,12,-7,12,-8]"
2025-08-18 22:32:27.568871,CSI_DATA,856,1a:00:00:00:00:00,-42,11,0,0,0,0,0,0,0,0,0,-94,0,1,0,146821281,0,31,0,128,0,"[0,0,-1,14,0,13,0,13,0,13,0,13,1,13,1,13,2,12,2,12,2,12,3,12,4,12,4,12,5,13,4,12,5,13,4,13,4,13,4,13,3,13,2,13,2,13,1,13,1,13,0,12,-1,12,0,0,0,0,0,0,0,0,0,0,0,0,0,0,0,0,0,0,0,0,0,0,1,9,0,10,-1,10,-1,10,-2,10,-3,11,-4,11,-4,11,-4,11,-5,10,-5,11,-5,11,-5,10,-4,10,-4,11,-4,10,-3,11,-3,11,-3,11,-2,12,-2,12,-2,12,-1,12,-1,13,-1,13,-1,14]"
2025-08-18 22:32:27.631822,CSI_DATA,857,1a:00:00:00:00:00,-42,11,0,0,0,0,0,0,0,0,0,-94,0,1,0,146882066,0,42,0,128,0,"[0,0,12,-7,11,-8,11,-8,11,-8,10,-8,10,-8,10,-9,9,-9,9,-9,9,-10,8,-10,8,-11,8,-11,8,-11,8,-12,8,-12,8,-12,8,-12,9,-12,9,-11,10,-11,10,-10,10,-9,10,-9,10,-8,10,-7,0,0,0,0,0,0,0,0,0,0,0,0,0,0,0,0,0,0,0,0,0,0,7,-6,8,-5,9,-5,9,-5,10,-4,10,-4,11,-3,11,-3,11,-3,11,-2,11,-2,11,-2,11,-2,11,-3,11,-3,11,-3,11,-4,11,-4,11,-5,11,-5,11,-5,11,-6,11,-7,11,-7,11,-7,12,-7]"
2025-08-18 22:32:27.699206,CSI_DATA,858,1a:00:00:00:00:00,-42,11,0,0,0,0,0,0,0,0,0,-94,0,1,0,146949181,0,31,0,128,0,"[0,0,-13,8,-12,8,-12,8,-11,8,-11,9,-11,8,-10,9,-10,9,-10,9,-9,9,-9,10,-8,10,-8,11,-8,11,-8,11,-8,12,-9,12,-9,12,-10,11,-10,11,-10,10,-10,10,-10,9,-11,9,-11,8,-11,7,0,0,0,0,0,0,0,0,0,0,0,0,0,0,0,0,0,0,0,0,0,0,-8,6,-9,5,-9,5,-10,5,-10,5,-11,4,-12,4,-12,3,-12,3,-12,2,-12,3,-12,2,-12,3,-12,3,-12,3,-12,3,-12,3,-11,4,-12,5,-12,5,-12,6,-12,6,-12,7,-12,7,-12,7,-12,8]"
2025-08-18 22:32:27.900099,CSI_DATA,859,1a:00:00:00:00:00,-42,11,0,0,0,0,0,0,0,0,0,-94,0,1,0,147150249,0,31,0,128,0,"[0,0,-10,11,-9,11,-9,10,-9,11,-8,11,-8,11,-8,11,-7,11,-7,11,-6,11,-6,12,-5,12,-5,12,-5,13,-5,13,-5,13,-5,13,-6,13,-6,13,-6,13,-7,12,-7,12,-8,11,-8,11,-9,10,-9,9,0,0,0,0,0,0,0,0,0,0,0,0,0,0,0,0,0,0,0,0,0,0,-6,8,-7,8,-8,7,-8,7,-9,7,-9,7,-10,7,-10,7,-11,6,-11,6,-11,6,-11,5,-11,6,-11,6,-11,6,-10,6,-10,6,-10,7,-10,7,-10,8,-10,9,-10,9,-10,9,-9,10,-10,10,-9,11]"
2025-08-18 22:32:28.110290,CSI_DATA,860,1a:00:00:00:00:00,-42,11,0,0,0,0,0,0,0,0,0,-94,0,1,0,147351479,0,31,0,128,0,"[0,0,-5,-14,-5,-14,-6,-14,-6,-13,-6,-13,-6,-13,-6,-12,-7,-12,-7,-12,-8,-11,-8,-11,-9,-11,-9,-11,-10,-11,-9,-11,-10,-11,-10,-11,-9,-11,-9,-12,-9,-12,-8,-12,-7,-13,-7,-12,-6,-12,-5,-12,-4,-12,0,0,0,0,0,0,0,0,0,0,0,0,0,0,0,0,0,0,0,0,0,0,-4,-9,-4,-10,-3,-10,-3,-11,-3,-11,-2,-12,-2,-12,-1,-12,-1,-12,0,-12,0,-12,0,-12,0,-12,-1,-12,-1,-12,-1,-12,-2,-12,-2,-12,-2,-13,-3,-12,-3,-13,-4,-13,-4,-13,-5,-13,-5,-13,-5,-13]"
2025-08-18 22:32:28.308700,CSI_DATA,861,1a:00:00:00:00:00,-42,11,0,0,0,0,0,0,0,0,0,-94,0,1,0,147552814,0,31,0,128,0,"[0,0,-8,-12,-8,-12,-9,-12,-9,-11,-9,-11,-9,-11,-9,-11,-9,-10,-10,-10,-10,-9,-11,-9,-11,-8,-11,-8,-12,-8,-12,-8,-12,-8,-12,-9,-12,-9,-12,-10,-11,-10,-11,-10,-10,-11,-9,-11,-9,-11,-8,-11,-7,-11,0,0,0,0,0,0,0,0,0,0,0,0,0,0,0,0,0,0,0,0,0,0,-7,-7,-7,-8,-6,-9,-6,-10,-6,-10,-5,-11,-4,-12,-4,-12,-4,-12,-4,-12,-3,-12,-3,-12,-3,-12,-4,-12,-4,-12,-4,-11,-4,-12,-5,-11,-5,-12,-6,-12,-6,-11,-6,-12,-7,-11,-8,-12,-8,-12,-8,-12]"
2025-08-18 22:32:28.501466,CSI_DATA,862,1a:00:00:00:00:00,-42,11,0,0,0,0,0,0,0,0,0,-94,0,1,0,147753919,0,31,0,128,0,"[0,0,1,14,1,14,2,13,2,13,2,13,2,13,3,13,3,13,4,12,5,12,5,12,6,11,6,12,6,12,7,12,7,12,6,13,6,13,6,13,5,13,5,13,4,13,3,13,3,13,2,12,1,12,0,0,0,0,0,0,0,0,0,0,0,0,0,0,0,0,0,0,0,0,0,0,1,9,1,9,0,10,0,10,-1,11,-1,11,-2,11,-3,11,-3,12,-3,12,-4,11,-4,11,-3,11,-3,11,-3,11,-3,11,-2,11,-2,12,-1,12,-1,12,-1,12,0,13,0,13,1,13,1,13,1,13]"
2025-08-18 22:32:28.704655,CSI_DATA,863,1a:00:00:00:00:00,-42,11,0,0,0,0,0,0,0,0,0,-94,0,1,0,147955015,0,31,0,128,0,"[0,0,10,-10,9,-11,9,-11,9,-11,9,-11,8,-11,8,-11,7,-11,7,-11,6,-12,6,-12,5,-12,5,-13,6,-13,5,-13,5,-14,6,-14,6,-14,7,-14,7,-13,8,-13,8,-12,8,-11,8,-11,9,-10,9,-9,0,0,0,0,0,0,0,0,0,0,0,0,0,0,0,0,0,0,0,0,0,0,6,-8,6,-8,7,-7,8,-7,9,-7,9,-7,10,-7,10,-6,11,-6,11,-5,11,-5,11,-5,11,-5,10,-5,10,-6,10,-6,10,-6,10,-7,10,-8,10,-8,10,-9,10,-9,9,-9,10,-10,10,-10,10,-11]"
2025-08-18 22:32:28.907358,CSI_DATA,864,1a:00:00:00:00:00,-42,11,0,0,0,0,0,0,0,0,0,-94,0,1,0,148156181,0,31,0,128,0,"[0,0,2,-14,2,-14,1,-14,2,-14,1,-14,1,-14,0,-14,0,-13,-1,-13,-1,-14,-2,-13,-2,-13,-3,-14,-3,-14,-3,-14,-3,-14,-3,-15,-2,-15,-2,-15,-2,-15,-1,-14,-1,-14,0,-14,1,-14,2,-13,2,-13,0,0,0,0,0,0,0,0,0,0,0,0,0,0,0,0,0,0,0,0,0,0,1,-10,1,-10,2,-11,3,-10,3,-11,4,-11,5,-11,5,-11,6,-11,6,-11,6,-10,6,-10,6,-10,6,-10,5,-10,5,-11,5,-11,4,-11,4,-12,4,-12,3,-12,3,-13,3,-13,3,-13,3,-14,2,-14]"
2025-08-18 22:32:29.103249,CSI_DATA,865,1a:00:00:00:00:00,-42,11,0,0,0,0,0,0,0,0,0,-94,0,1,0,148357407,0,31,0,128,0,"[0,0,2,14,2,14,2,13,3,13,3,13,4,12,4,12,4,12,5,11,5,11,5,11,6,11,6,11,7,11,7,11,7,12,7,12,7,12,7,12,6,13,6,13,5,13,4,13,3,12,2,12,2,12,0,0,0,0,0,0,0,0,0,0,0,0,0,0,0,0,0,0,0,0,0,0,2,9,1,9,1,10,0,10,0,11,-1,11,-2,12,-2,11,-2,11,-3,12,-3,11,-4,11,-3,11,-3,11,-3,11,-2,11,-1,11,-1,11,-1,12,0,12,0,12,1,13,1,13,1,13,1,14,2,14]"
2025-08-18 22:32:29.172305,CSI_DATA,866,1a:00:00:00:00:00,-42,11,0,0,0,0,0,0,0,0,0,-94,0,1,0,148418154,0,42,0,128,0,"[0,0,-14,-5,-14,-4,-14,-4,-14,-4,-14,-3,-14,-3,-14,-3,-14,-2,-14,-2,-14,-1,-14,0,-14,0,-14,1,-14,1,-14,1,-15,1,-15,1,-15,1,-16,0,-15,-1,-15,-1,-15,-2,-14,-2,-14,-3,-13,-3,-13,-4,0,0,0,0,0,0,0,0,0,0,0,0,0,0,0,0,0,0,0,0,0,0,-10,-3,-10,-3,-10,-4,-11,-5,-10,-5,-11,-6,-11,-7,-11,-7,-11,-8,-10,-8,-10,-8,-10,-8,-10,-8,-10,-7,-10,-7,-10,-7,-11,-7,-11,-6,-12,-6,-12,-6,-12,-5,-13,-5,-13,-5,-13,-5,-14,-4,-14,-4]"
2025-08-18 22:32:29.234319,CSI_DATA,867,1a:00:00:00:00:00,-43,11,0,0,0,0,0,0,0,0,0,-94,0,1,0,148485392,0,31,0,128,0,"[0,0,9,-10,9,-11,8,-10,9,-11,8,-11,8,-11,8,-11,7,-11,7,-11,6,-12,6,-12,5,-13,5,-13,5,-13,5,-14,5,-13,6,-14,6,-13,7,-13,7,-13,8,-13,8,-12,8,-12,8,-11,9,-10,9,-9,0,0,0,0,0,0,0,0,0,0,0,0,0,0,0,0,0,0,0,0,0,0,5,-8,6,-8,7,-8,7,-8,8,-8,9,-7,9,-7,10,-7,10,-6,10,-6,10,-6,10,-6,10,-6,10,-6,9,-6,10,-6,9,-7,9,-7,9,-8,9,-8,9,-9,9,-9,9,-10,9,-10,9,-10,9,-10]"
2025-08-18 22:32:29.435914,CSI_DATA,868,1a:00:00:00:00:00,-43,11,0,0,0,0,0,0,0,0,0,-94,0,1,0,148686628,0,31,0,128,0,"[0,0,13,-4,13,-5,12,-5,13,-5,12,-6,12,-5,12,-6,12,-6,11,-7,11,-7,11,-7,10,-8,10,-10,10,-8,11,-10,11,-9,11,-10,11,-9,13,-9,12,-8,12,-7,12,-7,12,-6,11,-5,11,-4,12,-4,0,0,0,0,0,0,0,0,0,0,0,0,0,0,0,0,0,0,0,0,0,0,8,-5,9,-4,9,-4,10,-3,11,-2,11,-2,11,-1,12,-1,12,0,12,0,11,0,12,0,11,0,11,0,11,0,11,-1,11,-1,11,-2,11,-2,12,-2,12,-2,12,-3,12,-4,13,-5,13,-4,13,-5]"
2025-08-18 22:32:29.642227,CSI_DATA,869,1a:00:00:00:00:00,-43,11,0,0,0,0,0,0,0,0,0,-94,0,1,0,148887757,0,31,0,128,0,"[0,0,-13,-7,-14,-6,-13,-6,-13,-6,-14,-5,-13,-5,-13,-5,-13,-4,-13,-4,-14,-3,-14,-2,-14,-2,-14,-2,-15,-2,-14,-2,-15,-2,-15,-2,-15,-2,-15,-3,-15,-4,-15,-4,-14,-5,-13,-5,-13,-5,-12,-6,-12,-7,0,0,0,0,0,0,0,0,0,0,0,0,0,0,0,0,0,0,0,0,0,0,-10,-3,-10,-4,-10,-5,-10,-5,-11,-6,-11,-7,-10,-8,-10,-8,-10,-9,-9,-9,-9,-9,-9,-9,-10,-9,-9,-9,-9,-8,-10,-8,-10,-8,-10,-8,-11,-7,-11,-7,-11,-7,-12,-7,-13,-7,-13,-6,-13,-6,-13,-6]"
2025-08-18 22:32:29.835086,CSI_DATA,870,1a:00:00:00:00:00,-43,11,0,0,0,0,0,0,0,0,0,-94,0,1,0,149088908,0,31,0,128,0,"[0,0,0,14,1,13,1,14,1,13,2,13,2,13,2,13,2,13,3,12,4,12,4,12,4,12,5,12,5,12,5,12,5,12,5,13,5,13,5,13,4,13,3,13,3,13,2,13,2,13,1,12,0,12,0,0,0,0,0,0,0,0,0,0,0,0,0,0,0,0,0,0,0,0,0,0,1,9,1,10,0,10,-1,10,-1,11,-2,11,-3,11,-3,11,-3,11,-4,11,-4,11,-4,11,-4,11,-4,11,-3,11,-3,11,-3,11,-2,11,-2,12,-1,12,-1,12,-1,12,0,13,0,13,0,13,0,14]"
2025-08-18 22:32:30.039781,CSI_DATA,871,1a:00:00:00:00:00,-43,11,0,0,0,0,0,0,0,0,0,-94,0,1,0,149290167,0,31,0,128,0,"[0,0,-10,10,-10,10,-9,10,-10,10,-9,10,-9,10,-8,10,-8,11,-7,11,-7,11,-6,11,-6,12,-6,12,-6,12,-5,13,-5,13,-6,13,-6,13,-7,13,-7,12,-8,12,-8,11,-8,11,-9,10,-9,9,-9,8,0,0,0,0,0,0,0,0,0,0,0,0,0,0,0,0,0,0,0,0,0,0,-6,7,-7,7,-8,7,-9,7,-9,7,-10,6,-10,6,-11,6,-11,5,-12,5,-11,5,-11,5,-11,5,-11,5,-11,5,-11,6,-10,6,-10,6,-10,6,-10,7,-10,7,-10,8,-10,9,-10,9,-10,9,-10,10]"
2025-08-18 22:32:30.234478,CSI_DATA,872,1a:00:00:00:00:00,-43,11,0,0,0,0,0,0,0,0,0,-94,0,1,0,149491266,0,31,0,128,0,"[0,0,11,7,11,7,11,7,11,6,12,6,11,6,12,5,12,5,12,4,12,3,12,3,12,3,13,3,13,2,13,2,14,2,13,3,14,3,14,3,13,4,13,4,13,5,12,5,11,6,11,6,10,7,0,0,0,0,0,0,0,0,0,0,0,0,0,0,0,0,0,0,0,0,0,0,8,4,8,5,8,5,8,6,8,7,8,7,8,8,7,9,7,9,7,9,7,9,6,9,7,9,7,9,7,9,7,8,7,8,8,8,8,8,9,8,9,7,10,7,10,7,10,7,11,7,11,7]"
2025-08-18 22:32:30.436163,CSI_DATA,873,1a:00:00:00:00:00,-43,11,0,0,0,0,0,0,0,0,0,-94,0,1,0,149692435,0,31,0,128,0,"[0,0,6,12,6,12,6,11,6,12,7,11,7,11,7,10,7,10,8,10,8,9,8,9,9,9,9,9,9,9,10,9,10,9,10,10,10,9,9,10,9,10,8,11,8,11,7,11,6,11,5,11,5,11,0,0,0,0,0,0,0,0,0,0,0,0,0,0,0,0,0,0,0,0,0,0,5,7,4,8,4,9,3,9,3,10,3,11,2,11,2,11,1,12,1,12,1,12,1,11,1,11,1,11,1,11,2,11,2,11,3,11,3,11,3,11,4,11,4,11,5,12,5,12,6,12,6,12]"
2025-08-18 22:32:30.641945,CSI_DATA,874,1a:00:00:00:00:00,-43,11,0,0,0,0,0,0,0,0,0,-94,0,1,0,149893759,0,31,0,128,0,"[0,0,-1,14,-1,13,-1,13,0,13,0,13,0,13,1,13,1,13,2,12,2,12,3,12,3,12,3,12,4,13,4,13,4,13,4,13,4,13,3,14,3,14,2,14,1,14,1,13,0,13,-1,13,-2,12,0,0,0,0,0,0,0,0,0,0,0,0,0,0,0,0,0,0,0,0,0,0,0,9,-1,10,-1,10,-2,10,-3,11,-3,11,-4,11,-4,11,-5,11,-5,11,-5,10,-6,10,-5,10,-5,10,-5,10,-4,10,-4,11,-4,11,-3,11,-3,12,-3,12,-2,12,-2,12,-2,13,-2,13,-1,13]"
2025-08-18 22:32:30.708222,CSI_DATA,875,1a:00:00:00:00:00,-42,11,0,0,0,0,0,0,0,0,0,-94,0,1,0,149954483,0,42,0,128,0,"[0,0,-3,-14,-3,-14,-3,-14,-4,-14,-4,-14,-4,-14,-4,-13,-5,-13,-5,-13,-6,-12,-6,-12,-7,-12,-7,-12,-8,-13,-7,-12,-8,-13,-8,-13,-7,-13,-7,-14,-6,-14,-6,-14,-5,-14,-5,-14,-4,-13,-3,-13,-2,-13,0,0,0,0,0,0,0,0,0,0,0,0,0,0,0,0,0,0,0,0,0,0,-3,-10,-3,-10,-2,-11,-1,-11,-1,-12,0,-12,0,-12,1,-12,1,-13,2,-12,2,-12,2,-12,2,-12,2,-12,1,-12,1,-12,1,-12,0,-12,0,-13,0,-13,-1,-13,-1,-13,-2,-14,-2,-14,-2,-14,-3,-14]"
2025-08-18 22:32:30.771110,CSI_DATA,876,1a:00:00:00:00:00,-42,11,0,0,0,0,0,0,0,0,0,-94,0,1,0,150020992,0,31,0,128,0,"[0,0,-12,8,-12,8,-12,8,-11,8,-11,8,-11,8,-10,9,-10,9,-9,9,-9,9,-9,10,-8,10,-8,11,-8,11,-8,11,-8,11,-9,11,-9,11,-9,11,-10,11,-10,10,-10,9,-10,9,-11,8,-11,7,-11,7,0,0,0,0,0,0,0,0,0,0,0,0,0,0,0,0,0,0,0,0,0,0,-8,6,-9,5,-9,5,-10,5,-10,5,-11,4,-12,4,-12,3,-12,3,-12,3,-12,2,-12,2,-12,2,-12,3,-12,3,-12,3,-12,3,-11,4,-12,5,-12,5,-11,6,-12,6,-12,6,-12,7,-12,7,-12,7]"
2025-08-18 22:32:30.975457,CSI_DATA,877,1a:00:00:00:00:00,-42,11,0,0,0,0,0,0,0,0,0,-94,0,1,0,150222093,0,31,0,128,0,"[0,0,-1,-15,-2,-14,-2,-14,-2,-14,-3,-14,-3,-14,-3,-14,-4,-13,-4,-13,-5,-13,-6,-13,-6,-13,-6,-13,-7,-13,-7,-13,-7,-13,-7,-13,-7,-14,-6,-14,-6,-14,-5,-14,-4,-14,-4,-14,-3,-14,-3,-13,-2,-13,0,0,0,0,0,0,0,0,0,0,0,0,0,0,0,0,0,0,0,0,0,0,-2,-10,-1,-10,-1,-11,0,-11,0,-12,1,-12,2,-12,2,-12,3,-12,3,-12,3,-12,3,-12,3,-12,3,-12,2,-12,2,-12,2,-12,1,-12,1,-13,0,-13,0,-13,0,-13,-1,-14,-1,-14,-2,-14,-2,-14]"
2025-08-18 22:32:31.169629,CSI_DATA,878,1a:00:00:00:00:00,-43,11,0,0,0,0,0,0,0,0,0,-94,0,1,0,150425009,0,31,0,128,0,"[0,0,12,6,12,6,11,6,12,6,12,5,12,5,12,4,12,3,12,3,12,3,12,2,12,2,13,2,13,1,14,1,13,1,14,1,14,2,14,2,14,2,13,3,13,4,12,4,12,5,11,5,11,6,0,0,0,0,0,0,0,0,0,0,0,0,0,0,0,0,0,0,0,0,0,0,8,4,8,4,8,5,8,6,8,6,8,7,8,8,8,8,7,9,7,9,7,9,7,9,7,9,7,9,7,8,7,8,8,8,8,7,9,7,9,7,10,7,10,7,11,7,11,7,11,7,12,7]"
2025-08-18 22:32:31.389736,CSI_DATA,879,1a:00:00:00:00:00,-42,11,0,0,0,0,0,0,0,0,0,-94,0,1,0,150624441,0,31,0,128,0,"[0,0,-10,-11,-10,-10,-10,-10,-10,-10,-11,-10,-10,-9,-11,-9,-11,-8,-11,-8,-12,-7,-12,-7,-12,-7,-12,-7,-12,-6,-13,-6,-13,-6,-13,-7,-13,-7,-13,-8,-13,-8,-12,-9,-12,-9,-11,-9,-10,-9,-10,-9,-9,-10,0,0,0,0,0,0,0,0,0,0,0,0,0,0,0,0,0,0,0,0,0,0,-8,-7,-8,-7,-7,-8,-7,-9,-7,-10,-7,-10,-6,-11,-6,-11,-5,-11,-5,-12,-5,-12,-5,-12,-5,-12,-5,-11,-5,-11,-6,-11,-6,-11,-7,-11,-7,-11,-7,-10,-8,-11,-8,-11,-9,-10,-9,-10,-10,-11,-10,-11]"
2025-08-18 22:32:31.569797,CSI_DATA,880,1a:00:00:00:00:00,-42,11,0,0,0,0,0,0,0,0,0,-94,0,1,0,150825598,0,31,0,128,0,"[0,0,14,4,13,3,13,3,13,3,14,2,13,2,13,1,13,1,13,0,13,-1,13,-1,13,-2,13,-2,14,-2,14,-2,14,-3,14,-2,15,-2,15,-2,15,-1,15,-1,14,0,14,1,13,1,13,2,12,4,0,0,0,0,0,0,0,0,0,0,0,0,0,0,0,0,0,0,0,0,0,0,9,2,9,3,9,4,9,5,10,5,10,6,10,7,9,7,9,7,9,8,9,8,9,8,9,8,9,7,9,7,9,7,9,6,10,6,10,5,11,5,11,5,12,4,12,4,12,4,13,4,13,4]"
2025-08-18 22:32:31.781766,CSI_DATA,881,1a:00:00:00:00:00,-42,11,0,0,0,0,0,0,0,0,0,-94,0,1,0,151027307,0,31,0,128,0,"[0,0,-13,-8,-13,-7,-13,-7,-13,-7,-13,-6,-13,-6,-13,-6,-13,-5,-13,-4,-14,-4,-14,-4,-14,-3,-14,-3,-14,-3,-15,-2,-15,-2,-15,-3,-15,-3,-15,-4,-15,-4,-15,-5,-14,-5,-14,-5,-13,-6,-12,-6,-12,-7,0,0,0,0,0,0,0,0,0,0,0,0,0,0,0,0,0,0,0,0,0,0,-9,-5,-9,-5,-10,-6,-9,-7,-10,-8,-9,-8,-9,-9,-9,-10,-9,-10,-8,-10,-8,-10,-8,-10,-8,-10,-8,-10,-8,-9,-9,-9,-9,-9,-10,-9,-10,-9,-11,-8,-11,-8,-11,-8,-12,-8,-12,-8,-12,-8,-13,-8]"
2025-08-18 22:32:31.976798,CSI_DATA,882,1a:00:00:00:00:00,-43,11,0,0,0,0,0,0,0,0,0,-94,0,1,0,151228109,0,31,0,128,0,"[0,0,-3,14,-3,14,-3,13,-2,14,-2,13,-1,13,-1,13,0,13,0,13,1,13,1,13,2,13,2,13,2,13,2,14,2,13,2,14,2,14,2,14,1,14,0,14,0,14,-1,14,-2,13,-3,12,-3,12,0,0,0,0,0,0,0,0,0,0,0,0,0,0,0,0,0,0,0,0,0,0,-1,9,-2,10,-3,10,-4,9,-4,11,-5,11,-5,11,-5,11,-6,10,-7,10,-7,10,-7,10,-7,10,-7,10,-6,10,-6,10,-5,10,-5,11,-5,11,-4,12,-4,12,-3,12,-3,13,-3,13,-3,13,-3,13]"
2025-08-18 22:32:32.173256,CSI_DATA,883,1a:00:00:00:00:00,-42,11,0,0,0,0,0,0,0,0,0,-94,0,1,0,151429330,0,31,0,128,0,"[0,0,13,4,12,3,13,3,12,3,13,3,13,2,12,2,12,1,12,1,12,0,12,0,12,-1,12,-1,13,-1,13,-1,14,-1,13,-1,14,-1,14,-1,14,0,14,1,13,1,13,2,12,2,12,3,12,4,0,0,0,0,0,0,0,0,0,0,0,0,0,0,0,0,0,0,0,0,0,0,8,2,9,2,9,3,9,4,9,4,9,5,9,6,9,6,9,7,9,7,9,7,8,7,8,7,9,6,9,6,9,6,9,6,9,5,10,5,10,5,11,5,11,4,11,4,12,4,12,4,13,4]"
2025-08-18 22:32:32.239059,CSI_DATA,884,1a:00:00:00:00:00,-42,11,0,0,0,0,0,0,0,0,0,-94,0,1,0,151490056,0,42,0,128,0,"[0,0,13,-5,12,-5,12,-5,12,-5,12,-6,11,-6,11,-6,11,-6,10,-7,10,-7,10,-8,10,-9,9,-9,10,-9,9,-9,10,-10,10,-9,10,-9,11,-9,11,-8,11,-8,11,-8,11,-7,11,-6,11,-5,11,-5,0,0,0,0,0,0,0,0,0,0,0,0,0,0,0,0,0,0,0,0,0,0,8,-4,9,-4,9,-3,9,-3,10,-2,11,-2,11,-1,11,0,11,0,11,0,11,1,11,1,11,1,11,0,11,0,10,-1,11,-1,11,-2,11,-2,11,-3,11,-3,11,-3,12,-4,12,-4,12,-4,13,-4]"
2025-08-18 22:32:32.304355,CSI_DATA,885,1a:00:00:00:00:00,-42,11,0,0,0,0,0,0,0,0,0,-94,0,1,0,151559018,0,31,0,128,0,"[0,0,4,13,4,13,4,12,5,12,5,12,5,12,6,11,6,11,6,10,7,10,7,10,8,10,8,10,8,10,9,10,9,10,9,11,8,11,8,11,8,11,7,11,7,12,6,12,5,11,4,11,4,11,0,0,0,0,0,0,0,0,0,0,0,0,0,0,0,0,0,0,0,0,0,0,4,8,3,8,3,9,2,10,2,10,1,11,1,11,0,11,0,12,0,12,-1,11,-1,11,-1,11,-1,11,0,11,0,11,0,11,1,11,1,11,2,11,2,12,3,12,4,12,4,13,4,12,4,12]"
2025-08-18 22:32:32.510002,CSI_DATA,886,1a:00:00:00:00:00,-42,11,0,0,0,0,0,0,0,0,0,-94,0,1,0,151760074,0,31,0,128,0,"[0,0,-14,5,-14,5,-13,5,-13,5,-13,6,-13,6,-12,6,-12,7,-12,7,-11,7,-11,8,-11,8,-11,8,-10,9,-11,9,-11,9,-11,9,-12,9,-12,9,-12,8,-13,8,-12,7,-12,7,-13,6,-12,5,-12,4,0,0,0,0,0,0,0,0,0,0,0,0,0,0,0,0,0,0,0,0,0,0,-9,4,-10,3,-10,3,-11,2,-11,2,-12,2,-12,1,-12,1,-13,0,-13,0,-13,-1,-13,-1,-12,0,-12,0,-12,0,-12,0,-12,1,-12,1,-13,2,-13,3,-13,3,-13,3,-13,4,-13,4,-14,4,-14,5]"
2025-08-18 22:32:32.718479,CSI_DATA,887,1a:00:00:00:00:00,-42,11,0,0,0,0,0,0,0,0,0,-94,0,1,0,151962479,0,31,0,128,0,"[0,0,-7,-13,-7,-13,-7,-13,-7,-13,-8,-13,-8,-12,-8,-12,-8,-11,-9,-11,-9,-11,-10,-10,-10,-10,-10,-10,-11,-10,-11,-10,-11,-10,-11,-11,-11,-11,-11,-11,-10,-12,-9,-12,-9,-12,-8,-12,-7,-12,-7,-12,-6,-12,0,0,0,0,0,0,0,0,0,0,0,0,0,0,0,0,0,0,0,0,0,0,-6,-8,-5,-9,-5,-10,-4,-10,-4,-11,-4,-12,-3,-12,-3,-12,-2,-12,-2,-13,-2,-13,-2,-12,-2,-12,-2,-12,-2,-12,-3,-12,-3,-12,-4,-12,-4,-12,-5,-12,-5,-12,-5,-13,-6,-13,-6,-13,-6,-13,-6,-13]"
2025-08-18 22:32:32.925925,CSI_DATA,888,1a:00:00:00:00:00,-42,11,0,0,0,0,0,0,0,0,0,-94,0,1,0,152162584,0,31,0,128,0,"[0,0,-8,12,-7,12,-7,12,-7,12,-7,12,-6,12,-6,12,-5,12,-5,12,-4,12,-4,13,-3,13,-3,13,-3,13,-3,13,-3,14,-3,14,-4,14,-4,14,-4,13,-5,13,-6,13,-6,12,-6,12,-7,11,-7,10,0,0,0,0,0,0,0,0,0,0,0,0,0,0,0,0,0,0,0,0,0,0,-4,8,-5,8,-6,8,-7,8,-7,8,-8,8,-8,8,-9,8,-9,8,-10,7,-10,7,-10,7,-10,7,-10,7,-9,8,-9,7,-9,8,-8,8,-8,9,-8,10,-8,10,-8,11,-7,11,-8,11,-8,12,-7,12]"
2025-08-18 22:32:33.113307,CSI_DATA,889,1a:00:00:00:00:00,-42,11,0,0,0,0,0,0,0,0,0,-94,0,1,0,152363743,0,31,0,128,0,"[0,0,12,-7,12,-7,11,-8,11,-7,11,-9,10,-8,10,-9,10,-9,9,-9,9,-9,9,-10,8,-10,8,-11,8,-11,8,-11,8,-11,9,-11,9,-11,10,-11,10,-10,10,-10,10,-9,10,-8,11,-8,11,-7,11,-6,0,0,0,0,0,0,0,0,0,0,0,0,0,0,0,0,0,0,0,0,0,0,6,-6,8,-6,8,-5,9,-5,9,-5,10,-5,11,-4,11,-4,11,-3,11,-3,11,-3,11,-3,11,-3,11,-3,11,-3,10,-3,11,-4,10,-4,11,-5,11,-5,11,-6,11,-6,11,-7,11,-7,12,-7,12,-8]"
2025-08-18 22:32:33.316943,CSI_DATA,890,1a:00:00:00:00:00,-42,11,0,0,0,0,0,0,0,0,0,-94,0,1,0,152564916,0,31,0,128,0,"[0,0,0,-14,0,-15,0,-14,0,-14,-1,-14,-1,-14,-1,-14,-2,-14,-2,-13,-3,-13,-4,-13,-4,-13,-4,-13,-5,-14,-5,-14,-5,-14,-5,-14,-4,-14,-4,-15,-3,-15,-3,-14,-2,-14,-2,-14,-1,-14,-1,-13,0,-13,0,0,0,0,0,0,0,0,0,0,0,0,0,0,0,0,0,0,0,0,0,0,-1,-10,0,-10,0,-11,1,-11,2,-11,2,-11,3,-12,4,-12,4,-11,4,-11,4,-11,4,-11,4,-11,4,-11,4,-11,3,-11,3,-11,3,-12,2,-12,2,-13,2,-13,1,-13,1,-14,0,-14,0,-14,0,-14]"
2025-08-18 22:32:33.515637,CSI_DATA,891,1a:00:00:00:00:00,-42,11,0,0,0,0,0,0,0,0,0,-94,0,1,0,152766063,0,31,0,128,0,"[0,0,13,-3,13,-4,13,-4,13,-4,13,-4,12,-4,12,-5,12,-5,12,-5,11,-6,11,-6,11,-7,11,-7,11,-8,11,-8,12,-8,12,-8,12,-8,13,-7,13,-7,12,-6,12,-6,12,-4,12,-4,12,-3,12,-2,0,0,0,0,0,0,0,0,0,0,0,0,0,0,0,0,0,0,0,0,0,0,8,-3,9,-3,10,-2,10,-2,10,-1,11,-1,11,0,11,0,11,1,11,1,11,1,11,2,11,1,11,1,11,1,11,1,11,0,11,0,12,-1,12,-1,12,-2,12,-2,12,-2,13,-3,13,-3,13,-3]"
2025-08-18 22:32:33.710480,CSI_DATA,892,1a:00:00:00:00:00,-42,11,0,0,0,0,0,0,0,0,0,-94,0,1,0,152967204,0,31,0,128,0,"[0,0,12,6,12,5,12,6,12,5,12,5,12,5,12,4,12,4,12,3,12,2,12,2,12,1,13,1,13,1,13,1,14,1,14,2,14,2,14,2,13,3,13,3,13,4,12,4,11,5,11,5,10,6,0,0,0,0,0,0,0,0,0,0,0,0,0,0,0,0,0,0,0,0,0,0,8,2,8,4,8,4,9,5,9,5,9,6,8,7,8,8,8,8,8,8,8,8,8,8,8,8,8,8,8,8,8,7,8,7,8,7,9,7,10,6,10,6,10,6,11,6,11,6,12,6,12,6]"
2025-08-18 22:32:33.777722,CSI_DATA,893,1a:00:00:00:00:00,-42,11,0,0,0,0,0,0,0,0,0,-94,0,1,0,153027987,0,42,0,128,0,"[0,0,-14,5,-14,6,-14,5,-14,6,-13,6,-13,6,-12,7,-12,7,-12,7,-12,8,-11,8,-11,8,-11,9,-11,9,-11,9,-11,9,-12,10,-12,9,-12,9,-13,9,-13,8,-13,7,-13,7,-13,6,-13,5,-13,4,0,0,0,0,0,0,0,0,0,0,0,0,0,0,0,0,0,0,0,0,0,0,-9,4,-10,4,-11,4,-11,3,-12,3,-12,2,-13,2,-13,1,-13,1,-13,0,-13,0,-13,0,-13,0,-13,1,-12,1,-13,1,-13,1,-13,2,-13,2,-13,3,-13,3,-13,4,-14,4,-14,5,-14,5,-14,5]"
2025-08-18 22:32:33.841006,CSI_DATA,894,1a:00:00:00:00:00,-42,11,0,0,0,0,0,0,0,0,0,-94,0,1,0,153096302,0,31,0,128,0,"[0,0,7,12,7,12,7,12,7,12,7,11,8,11,8,10,8,10,8,10,9,9,9,9,10,9,10,9,11,9,11,9,11,9,11,9,11,9,10,10,10,10,9,10,9,11,8,11,7,11,6,11,6,11,0,0,0,0,0,0,0,0,0,0,0,0,0,0,0,0,0,0,0,0,0,0,5,8,5,8,4,9,4,10,4,10,3,11,3,11,2,12,2,12,2,12,1,12,1,12,1,12,2,12,2,11,2,11,2,11,3,11,4,11,4,11,5,11,5,12,6,12,6,12,6,12,6,12]"
2025-08-18 22:32:34.046119,CSI_DATA,895,1a:00:00:00:00:00,-42,11,0,0,0,0,0,0,0,0,0,-94,0,1,0,153297457,0,31,0,128,0,"[0,0,-7,12,-7,12,-7,13,-6,12,-6,13,-6,12,-5,12,-5,12,-4,12,-3,12,-3,13,-2,13,-2,13,-2,13,-2,13,-2,14,-2,14,-3,15,-4,14,-4,14,-5,13,-5,13,-5,12,-5,12,-6,11,-7,11,0,0,0,0,0,0,0,0,0,0,0,0,0,0,0,0,0,0,0,0,0,0,-3,9,-5,9,-5,9,-6,9,-7,9,-8,9,-8,9,-9,8,-9,8,-9,8,-9,8,-9,8,-9,8,-9,8,-9,8,-8,8,-8,9,-8,9,-8,10,-8,10,-8,10,-7,11,-7,11,-7,12,-7,12,-7,13]"
2025-08-18 22:32:34.247524,CSI_DATA,896,1a:00:00:00:00:00,-42,11,0,0,0,0,0,0,0,0,0,-94,0,1,0,153498571,0,31,0,128,0,"[0,0,7,-13,7,-13,7,-13,7,-13,6,-13,6,-13,6,-13,5,-13,5,-13,4,-13,3,-14,3,-14,3,-14,3,-15,3,-14,3,-15,3,-15,3,-15,4,-15,4,-15,5,-14,5,-14,6,-13,6,-13,7,-12,7,-11,0,0,0,0,0,0,0,0,0,0,0,0,0,0,0,0,0,0,0,0,0,0,4,-9,5,-9,6,-10,6,-9,7,-9,8,-10,9,-9,9,-9,9,-9,9,-8,9,-8,10,-8,9,-8,9,-8,9,-8,9,-8,8,-9,8,-9,8,-10,8,-10,8,-11,7,-11,7,-12,7,-12,7,-12,7,-13]"
2025-08-18 22:32:34.451206,CSI_DATA,897,1a:00:00:00:00:00,-42,11,0,0,0,0,0,0,0,0,0,-94,0,1,0,153699729,0,31,0,128,0,"[0,0,-14,4,-14,4,-14,4,-13,4,-13,5,-13,5,-13,5,-12,5,-12,6,-11,7,-11,7,-11,7,-11,8,-11,8,-12,8,-12,8,-12,8,-13,8,-13,8,-13,7,-13,6,-13,6,-13,5,-13,5,-12,4,-13,3,0,0,0,0,0,0,0,0,0,0,0,0,0,0,0,0,0,0,0,0,0,0,-9,4,-10,3,-10,3,-11,2,-11,2,-12,1,-12,0,-12,0,-12,0,-12,-1,-13,-1,-12,-1,-12,-1,-12,-1,-12,0,-12,0,-12,0,-12,1,-13,1,-13,2,-13,2,-13,2,-13,3,-13,3,-13,4,-14,4]"
2025-08-18 22:32:34.651811,CSI_DATA,898,1a:00:00:00:00:00,-42,11,0,0,0,0,0,0,0,0,0,-94,0,1,0,153900881,0,31,0,128,0,"[0,0,3,-14,2,-14,2,-14,2,-14,2,-14,1,-14,1,-14,0,-14,0,-13,-1,-13,-2,-14,-2,-14,-3,-13,-3,-14,-3,-14,-3,-14,-3,-14,-2,-15,-2,-15,-1,-15,-1,-15,0,-14,0,-14,1,-14,1,-13,2,-13,0,0,0,0,0,0,0,0,0,0,0,0,0,0,0,0,0,0,0,0,0,0,1,-10,2,-10,3,-10,3,-10,4,-10,5,-11,5,-11,6,-11,6,-10,7,-10,7,-10,6,-10,6,-10,6,-10,6,-10,6,-10,5,-11,5,-11,5,-11,4,-12,4,-12,4,-13,3,-13,3,-14,3,-14,3,-14]"
2025-08-18 22:32:34.851779,CSI_DATA,899,1a:00:00:00:00:00,-42,11,0,0,0,0,0,0,0,0,0,-94,0,1,0,154102039,0,31,0,128,0,"[0,0,13,-5,12,-6,12,-6,12,-6,12,-7,11,-6,11,-7,11,-7,10,-7,10,-8,10,-8,10,-9,10,-9,10,-9,10,-10,10,-10,10,-10,11,-10,11,-9,11,-9,11,-8,11,-7,11,-7,11,-6,11,-5,11,-4,0,0,0,0,0,0,0,0,0,0,0,0,0,0,0,0,0,0,0,0,0,0,8,-5,8,-5,9,-4,10,-4,10,-3,11,-3,11,-2,11,-2,12,-1,11,-1,11,-1,11,-1,11,0,11,-1,11,-1,11,-1,11,-2,11,-2,11,-3,11,-3,11,-4,12,-4,12,-5,12,-5,12,-5,13,-5]"
2025-08-18 22:32:35.057397,CSI_DATA,900,1a:00:00:00:00:00,-42,11,0,0,0,0,0,0,0,0,0,-94,0,1,0,154303440,0,31,0,128,0,"[0,0,-14,-5,-13,-4,-14,-4,-13,-4,-14,-3,-14,-3,-14,-3,-13,-2,-14,-1,-13,-1,-14,-1,-14,0,-14,0,-14,1,-14,1,-15,1,-14,1,-15,0,-15,0,-15,0,-15,-1,-14,-1,-13,-2,-14,-3,-13,-3,-13,-4,0,0,0,0,0,0,0,0,0,0,0,0,0,0,0,0,0,0,0,0,0,0,-10,-3,-10,-4,-10,-4,-10,-5,-10,-6,-10,-7,-10,-7,-10,-8,-10,-8,-9,-8,-9,-9,-9,-9,-9,-8,-9,-8,-10,-8,-10,-7,-10,-7,-10,-6,-12,-7,-12,-6,-12,-6,-12,-5,-12,-5,-13,-5,-13,-6,-14,-5]"
2025-08-18 22:32:35.258361,CSI_DATA,901,1a:00:00:00:00:00,-42,11,0,0,0,0,0,0,0,0,0,-94,0,1,0,154504474,0,31,0,128,0,"[0,0,-13,-6,-13,-6,-13,-6,-13,-6,-13,-5,-13,-5,-13,-5,-13,-4,-13,-3,-13,-3,-14,-2,-13,-2,-14,-1,-14,-1,-14,-1,-14,-1,-15,-1,-15,-2,-15,-2,-15,-3,-14,-3,-14,-4,-13,-4,-13,-4,-12,-5,-12,-6,0,0,0,0,0,0,0,0,0,0,0,0,0,0,0,0,0,0,0,0,0,0,-9,-4,-9,-5,-9,-5,-10,-6,-10,-6,-10,-7,-9,-8,-9,-9,-9,-9,-9,-9,-9,-9,-8,-9,-9,-9,-9,-9,-9,-9,-9,-8,-9,-8,-10,-7,-10,-8,-11,-7,-11,-7,-11,-7,-12,-7,-12,-7,-12,-6,-13,-6]"
2025-08-18 22:32:35.325467,CSI_DATA,902,1a:00:00:00:00:00,-42,11,0,0,0,0,0,0,0,0,0,-94,0,1,0,154565271,0,42,0,128,0,"[0,0,-3,-15,-4,-15,-4,-15,-4,-14,-4,-14,-4,-14,-5,-14,-6,-13,-6,-13,-7,-13,-7,-13,-7,-13,-8,-12,-8,-13,-8,-13,-9,-13,-8,-13,-8,-14,-8,-14,-7,-14,-7,-14,-6,-14,-6,-14,-5,-14,-4,-13,-3,-13,0,0,0,0,0,0,0,0,0,0,0,0,0,0,0,0,0,0,0,0,0,0,-3,-10,-2,-11,-2,-11,-1,-12,-1,-12,0,-13,1,-13,1,-13,2,-13,2,-13,2,-13,2,-13,2,-13,2,-13,2,-13,1,-13,1,-13,0,-13,0,-13,-1,-13,-1,-14,-1,-14,-2,-14,-3,-14,-3,-15,-3,-15]"
2025-08-18 22:32:35.385253,CSI_DATA,903,1a:00:00:00:00:00,-42,11,0,0,0,0,0,0,0,0,0,-94,0,1,0,154630766,0,31,0,128,0,"[0,0,-4,-15,-4,-15,-4,-15,-5,-14,-5,-14,-5,-14,-5,-14,-6,-13,-6,-13,-7,-13,-7,-12,-8,-12,-8,-13,-8,-12,-9,-12,-9,-13,-9,-13,-8,-13,-9,-14,-8,-14,-7,-14,-6,-14,-6,-14,-5,-14,-4,-13,-3,-13,0,0,0,0,0,0,0,0,0,0,0,0,0,0,0,0,0,0,0,0,0,0,-4,-10,-3,-11,-3,-11,-2,-12,-1,-12,-1,-13,0,-13,0,-13,1,-13,1,-13,1,-13,2,-13,1,-13,1,-13,1,-13,0,-12,0,-13,-1,-13,-1,-13,-2,-13,-2,-14,-3,-14,-3,-14,-3,-14,-3,-15,-3,-15]"
2025-08-18 22:32:35.577395,CSI_DATA,904,1a:00:00:00:00:00,-42,11,0,0,0,0,0,0,0,0,0,-94,0,1,0,154831841,0,31,0,128,0,"[0,0,13,4,13,3,13,3,13,3,13,2,13,2,13,1,13,1,13,0,13,0,13,-1,13,-1,13,-1,13,-2,14,-2,14,-2,14,-2,14,-1,14,-1,14,0,14,0,14,1,13,2,13,2,12,3,12,3,0,0,0,0,0,0,0,0,0,0,0,0,0,0,0,0,0,0,0,0,0,0,9,1,9,2,10,2,10,3,10,4,10,4,10,5,10,6,10,6,10,6,9,6,9,7,9,6,10,6,9,6,10,6,10,5,11,5,11,5,11,4,11,4,12,4,13,4,13,4,13,4,14,3]"
2025-08-18 22:32:35.782851,CSI_DATA,905,1a:00:00:00:00:00,-42,11,0,0,0,0,0,0,0,0,0,-94,0,1,0,155033771,0,31,0,128,0,"[0,0,-9,11,-8,11,-8,11,-8,11,-7,12,-7,11,-7,12,-6,12,-6,12,-5,12,-5,12,-4,13,-4,13,-4,13,-4,13,-4,14,-4,14,-5,14,-5,14,-6,13,-6,13,-7,12,-7,12,-7,11,-7,10,-8,10,0,0,0,0,0,0,0,0,0,0,0,0,0,0,0,0,0,0,0,0,0,0,-5,8,-6,8,-7,8,-8,8,-8,8,-9,8,-9,7,-10,7,-10,7,-11,7,-10,6,-11,6,-11,7,-10,6,-10,7,-10,7,-10,7,-9,8,-9,8,-9,9,-9,9,-9,9,-9,10,-8,11,-9,11,-8,11]"
2025-08-18 22:32:35.983913,CSI_DATA,906,1a:00:00:00:00:00,-42,11,0,0,0,0,0,0,0,0,0,-94,0,1,0,155234190,0,31,0,128,0,"[0,0,13,3,13,2,13,2,13,2,13,1,13,1,13,0,13,0,13,-1,13,-1,13,-2,12,-2,13,-2,13,-3,13,-3,13,-3,13,-3,14,-3,14,-2,14,-2,14,-1,13,-1,13,0,12,1,12,1,12,2,0,0,0,0,0,0,0,0,0,0,0,0,0,0,0,0,0,0,0,0,0,0,9,1,9,2,9,2,10,3,10,3,10,4,10,5,10,5,10,6,9,6,9,6,9,6,9,6,9,6,10,5,10,5,10,5,10,4,11,4,11,4,11,3,12,3,12,3,13,3,13,3,13,3]"
2025-08-18 22:32:36.198707,CSI_DATA,907,1a:00:00:00:00:00,-42,11,0,0,0,0,0,0,0,0,0,-94,0,1,0,155435500,0,31,0,128,0,"[0,0,12,-8,11,-8,11,-8,11,-8,11,-9,10,-9,10,-9,9,-9,9,-10,9,-10,8,-10,8,-11,8,-11,8,-12,8,-12,8,-12,8,-12,9,-12,9,-12,9,-11,10,-11,10,-10,10,-9,10,-8,10,-8,10,-7,0,0,0,0,0,0,0,0,0,0,0,0,0,0,0,0,0,0,0,0,0,0,7,-6,8,-6,8,-5,9,-5,10,-5,10,-4,11,-4,11,-4,11,-3,11,-3,11,-2,11,-2,11,-2,11,-3,11,-3,11,-3,11,-4,10,-4,11,-5,11,-6,11,-6,11,-6,11,-7,11,-7,11,-7,12,-8]"
2025-08-18 22:32:36.383914,CSI_DATA,908,1a:00:00:00:00:00,-42,11,0,0,0,0,0,0,0,0,0,-94,0,1,0,155636635,0,31,0,128,0,"[0,0,14,0,13,0,13,0,13,-1,13,-1,13,-1,13,-2,13,-2,12,-3,12,-3,12,-4,12,-4,12,-4,12,-5,12,-5,13,-5,13,-5,13,-5,14,-4,14,-4,13,-3,13,-2,13,-2,13,-1,12,0,12,0,0,0,0,0,0,0,0,0,0,0,0,0,0,0,0,0,0,0,0,0,0,0,9,-1,9,-1,10,0,10,1,10,1,11,2,11,3,11,3,11,4,11,4,11,4,10,4,10,4,10,4,11,3,10,3,11,3,11,2,11,2,12,1,12,1,12,1,13,0,13,0,13,0,14,0]"
2025-08-18 22:32:36.586186,CSI_DATA,909,1a:00:00:00:00:00,-42,11,0,0,0,0,0,0,0,0,0,-94,0,1,0,155837766,0,31,0,128,0,"[0,0,13,-3,13,-4,12,-4,13,-5,12,-5,12,-5,12,-6,11,-6,11,-6,11,-7,11,-7,10,-8,11,-8,10,-8,11,-9,11,-9,12,-9,11,-8,12,-8,12,-8,12,-7,12,-7,12,-6,12,-5,12,-4,12,-4,0,0,0,0,0,0,0,0,0,0,0,0,0,0,0,0,0,0,0,0,0,0,9,-3,9,-3,10,-2,10,-2,11,-1,11,-1,11,0,11,0,12,1,12,1,11,2,11,2,11,1,11,1,11,1,11,0,11,0,12,-1,11,-1,12,-2,12,-2,12,-2,13,-3,13,-3,13,-3,13,-3]"
2025-08-18 22:32:36.790819,CSI_DATA,910,1a:00:00:00:00:00,-42,11,0,0,0,0,0,0,0,0,0,-94,0,1,0,156038917,0,31,0,128,0,"[0,0,2,-14,1,-15,1,-14,1,-14,0,-14,0,-14,-1,-14,-1,-14,-1,-14,-2,-13,-2,-14,-3,-14,-3,-13,-4,-14,-4,-14,-4,-14,-4,-15,-3,-15,-3,-15,-2,-15,-2,-15,-1,-14,0,-14,0,-13,1,-13,1,-13,0,0,0,0,0,0,0,0,0,0,0,0,0,0,0,0,0,0,0,0,0,0,0,-10,1,-10,1,-11,2,-11,3,-11,3,-11,4,-11,4,-11,5,-11,5,-11,6,-11,6,-11,5,-11,5,-11,5,-11,4,-11,4,-11,4,-12,3,-12,3,-12,3,-13,2,-13,2,-13,2,-14,2,-14,2,-14]"
2025-08-18 22:32:36.863978,CSI_DATA,911,1a:00:00:00:00:00,-42,11,0,0,0,0,0,0,0,0,0,-94,0,1,0,156099679,0,42,0,128,0,"[0,0,10,-11,10,-11,9,-11,9,-11,9,-12,8,-11,8,-12,7,-12,7,-12,7,-12,6,-12,6,-13,6,-13,5,-13,6,-14,6,-14,6,-14,7,-14,7,-14,7,-14,8,-13,8,-12,8,-12,9,-11,9,-10,9,-9,0,0,0,0,0,0,0,0,0,0,0,0,0,0,0,0,0,0,0,0,0,0,6,-8,6,-8,7,-8,8,-8,9,-8,9,-8,10,-7,10,-7,11,-7,11,-6,11,-6,11,-6,11,-6,11,-6,10,-6,10,-6,10,-7,10,-7,10,-8,10,-9,9,-9,10,-10,10,-10,10,-10,10,-10,10,-11]"
2025-08-18 22:32:37.117311,CSI_DATA,912,1a:00:00:00:00:00,-42,11,0,0,0,0,0,0,0,0,0,-94,0,1,0,156166939,0,31,0,128,0,"[0,0,-8,-12,-8,-12,-9,-12,-9,-12,-9,-12,-9,-11,-10,-11,-10,-10,-10,-10,-11,-9,-11,-9,-11,-9,-12,-9,-12,-9,-12,-9,-12,-9,-13,-9,-12,-9,-12,-10,-12,-10,-11,-10,-10,-11,-10,-11,-9,-11,-8,-11,-7,-11,0,0,0,0,0,0,0,0,0,0,0,0,0,0,0,0,0,0,0,0,0,0,-6,-8,-6,-9,-6,-10,-5,-10,-5,-11,-5,-11,-4,-12,-4,-12,-3,-12,-3,-12,-3,-12,-3,-13,-3,-12,-3,-12,-4,-12,-4,-12,-4,-12,-5,-12,-5,-12,-6,-12,-7,-12,-7,-12,-7,-12,-8,-12,-7,-13,-8,-13]"
2025-08-18 22:32:37.123072,CSI_DATA,913,1a:00:00:00:00:00,-42,11,0,0,0,0,0,0,0,0,0,-94,0,1,0,156368080,0,31,0,128,0,"[0,0,-8,12,-8,12,-7,11,-7,12,-6,12,-6,12,-6,12,-5,12,-5,12,-4,12,-4,12,-3,12,-3,13,-3,13,-3,13,-3,13,-3,14,-3,14,-4,14,-4,13,-5,13,-6,13,-6,12,-6,11,-6,11,-7,10,0,0,0,0,0,0,0,0,0,0,0,0,0,0,0,0,0,0,0,0,0,0,-4,8,-5,8,-6,8,-7,8,-7,8,-8,8,-9,8,-9,7,-10,7,-10,7,-10,7,-10,7,-10,7,-9,7,-9,7,-9,7,-9,8,-8,8,-8,8,-8,9,-8,9,-8,10,-8,11,-8,11,-8,11,-7,11]"
2025-08-18 22:32:37.318376,CSI_DATA,914,1a:00:00:00:00:00,-42,11,0,0,0,0,0,0,0,0,0,-94,0,1,0,156569419,0,31,0,128,0,"[0,0,6,-13,5,-13,5,-13,5,-13,4,-13,4,-13,4,-13,3,-13,3,-13,2,-13,2,-13,1,-14,1,-14,1,-14,1,-14,1,-14,1,-15,1,-15,2,-15,3,-14,3,-14,3,-14,4,-13,4,-13,4,-12,5,-12,0,0,0,0,0,0,0,0,0,0,0,0,0,0,0,0,0,0,0,0,0,0,3,-9,4,-10,4,-10,5,-10,5,-10,6,-10,7,-9,8,-9,8,-9,8,-9,8,-9,8,-9,8,-9,8,-9,8,-9,7,-9,7,-9,6,-10,7,-10,7,-11,6,-11,6,-12,6,-12,5,-12,6,-13,6,-13]"
2025-08-18 22:32:37.524000,CSI_DATA,915,1a:00:00:00:00:00,-42,11,0,0,0,0,0,0,0,0,0,-94,0,1,0,156770523,0,31,0,128,0,"[0,0,-1,-14,-1,-15,-1,-14,-1,-14,-2,-14,-3,-14,-3,-13,-4,-13,-4,-13,-4,-13,-4,-13,-5,-13,-5,-13,-6,-13,-6,-13,-6,-13,-6,-14,-6,-14,-6,-14,-5,-14,-4,-14,-3,-14,-3,-14,-2,-14,-1,-13,0,-13,0,0,0,0,0,0,0,0,0,0,0,0,0,0,0,0,0,0,0,0,0,0,-2,-10,-1,-10,0,-11,0,-11,1,-12,1,-12,2,-12,2,-12,2,-12,3,-12,3,-12,4,-11,3,-12,3,-11,3,-12,2,-12,2,-12,2,-12,1,-13,0,-13,0,-13,0,-13,0,-14,0,-14,0,-14,-1,-14]"
2025-08-18 22:32:37.733204,CSI_DATA,916,1a:00:00:00:00:00,-42,11,0,0,0,0,0,0,0,0,0,-94,0,1,0,156971674,0,31,0,128,0,"[0,0,-12,8,-11,9,-11,8,-11,9,-10,9,-10,9,-9,9,-9,10,-9,10,-8,10,-8,10,-7,11,-7,11,-7,11,-7,12,-7,12,-7,12,-8,12,-8,12,-8,12,-9,11,-9,11,-10,10,-10,9,-10,8,-10,7,0,0,0,0,0,0,0,0,0,0,0,0,0,0,0,0,0,0,0,0,0,0,-8,6,-8,5,-9,5,-10,5,-10,5,-11,4,-11,4,-12,4,-12,3,-12,3,-12,3,-12,2,-12,3,-12,3,-11,3,-11,4,-11,4,-11,5,-11,5,-11,6,-11,6,-11,7,-12,7,-11,7,-12,8,-11,8]"
2025-08-18 22:32:37.925865,CSI_DATA,917,1a:00:00:00:00:00,-42,11,0,0,0,0,0,0,0,0,0,-94,0,1,0,157172826,0,31,0,128,0,"[0,0,0,-15,-1,-15,-1,-15,-1,-15,-2,-15,-2,-15,-3,-14,-3,-14,-4,-14,-4,-14,-5,-14,-5,-14,-6,-14,-6,-14,-6,-14,-6,-14,-6,-15,-6,-15,-6,-15,-5,-15,-4,-15,-4,-15,-3,-14,-2,-14,-1,-14,-1,-14,0,0,0,0,0,0,0,0,0,0,0,0,0,0,0,0,0,0,0,0,0,0,-1,-10,0,-11,0,-11,1,-12,1,-12,2,-12,3,-13,3,-13,4,-13,4,-12,4,-12,4,-12,4,-12,4,-12,4,-12,3,-12,3,-12,2,-13,2,-13,1,-13,1,-14,1,-14,0,-14,0,-15,0,-15,0,-15]"
2025-08-18 22:32:38.127837,CSI_DATA,918,1a:00:00:00:00:00,-42,11,0,0,0,0,0,0,0,0,0,-94,0,1,0,157374044,0,31,0,128,0,"[0,0,-2,-15,-2,-14,-2,-14,-2,-14,-3,-14,-3,-14,-4,-13,-4,-13,-4,-13,-5,-13,-5,-13,-6,-13,-6,-13,-6,-13,-7,-13,-7,-13,-7,-13,-6,-14,-6,-14,-5,-14,-5,-14,-4,-14,-3,-14,-3,-14,-2,-13,-1,-13,0,0,0,0,0,0,0,0,0,0,0,0,0,0,0,0,0,0,0,0,0,0,-2,-10,-2,-10,-1,-11,0,-11,0,-11,1,-12,2,-12,2,-12,2,-12,3,-12,3,-12,3,-12,3,-12,2,-12,2,-12,2,-12,1,-12,1,-12,0,-13,0,-13,0,-13,-1,-13,-1,-14,-1,-14,-1,-14,-2,-14]"
2025-08-18 22:32:38.328464,CSI_DATA,919,1a:00:00:00:00:00,-42,11,0,0,0,0,0,0,0,0,0,-94,0,1,0,157575176,0,31,0,128,0,"[0,0,1,-14,0,-15,0,-14,0,-14,-1,-14,-1,-14,-2,-14,-2,-14,-2,-13,-3,-13,-3,-14,-4,-13,-4,-13,-5,-13,-5,-14,-5,-14,-5,-14,-4,-15,-4,-15,-3,-15,-3,-14,-2,-14,-1,-14,-1,-14,0,-13,1,-13,0,0,0,0,0,0,0,0,0,0,0,0,0,0,0,0,0,0,0,0,0,0,0,-10,0,-10,1,-11,1,-11,2,-11,3,-12,3,-12,4,-12,4,-12,5,-12,5,-11,5,-11,5,-11,4,-11,4,-11,4,-11,3,-12,3,-12,3,-12,2,-13,2,-13,2,-13,1,-14,1,-14,1,-14,1,-14]"
2025-08-18 22:32:38.387625,CSI_DATA,920,1a:00:00:00:00:00,-42,11,0,0,0,0,0,0,0,0,0,-94,0,1,0,157636006,0,42,0,128,0,"[0,0,-11,10,-11,10,-11,10,-11,10,-10,11,-9,10,-9,11,-9,11,-8,11,-8,11,-8,11,-7,12,-7,12,-7,12,-6,13,-7,13,-7,13,-7,13,-8,13,-8,13,-9,12,-9,12,-9,11,-10,10,-10,9,-10,9,0,0,0,0,0,0,0,0,0,0,0,0,0,0,0,0,0,0,0,0,0,0,-7,7,-8,7,-9,7,-10,6,-10,6,-11,6,-11,5,-12,5,-12,5,-13,4,-13,4,-12,3,-12,4,-12,4,-12,4,-12,5,-11,5,-11,6,-11,6,-11,7,-11,7,-11,8,-11,9,-11,9,-12,9,-11,9]"
2025-08-18 22:32:38.445441,CSI_DATA,921,1a:00:00:00:00:00,-42,11,0,0,0,0,0,0,0,0,0,-94,0,1,0,157700865,0,31,0,128,0,"[0,0,6,12,6,12,6,12,7,11,7,12,7,11,7,11,8,10,8,10,8,9,8,10,9,9,9,9,10,9,10,9,10,9,10,10,10,10,10,10,9,11,9,11,8,11,7,11,6,11,5,11,5,11,0,0,0,0,0,0,0,0,0,0,0,0,0,0,0,0,0,0,0,0,0,0,5,8,5,9,4,9,4,10,3,10,3,11,3,11,2,12,2,12,1,11,1,12,1,12,1,12,1,11,2,11,2,11,2,11,3,11,3,11,4,11,4,12,5,12,5,12,5,12,5,12,6,12]"
2025-08-18 22:32:38.653554,CSI_DATA,922,1a:00:00:00:00:00,-42,11,0,0,0,0,0,0,0,0,0,-94,0,1,0,157901932,0,31,0,128,0,"[0,0,3,-14,2,-14,2,-14,2,-14,2,-14,1,-14,1,-14,0,-14,0,-13,-1,-13,-1,-14,-2,-14,-2,-14,-2,-14,-2,-14,-2,-14,-2,-14,-2,-14,-1,-15,-1,-15,0,-15,0,-14,1,-14,1,-13,2,-13,3,-12,0,0,0,0,0,0,0,0,0,0,0,0,0,0,0,0,0,0,0,0,0,0,1,-10,2,-10,2,-10,3,-10,4,-11,4,-11,5,-11,5,-11,6,-11,6,-11,6,-10,6,-10,6,-10,6,-10,6,-10,5,-11,5,-11,4,-11,4,-12,4,-12,4,-12,3,-13,3,-13,3,-14,3,-14,3,-14]"
2025-08-18 22:32:38.847337,CSI_DATA,923,1a:00:00:00:00:00,-42,11,0,0,0,0,0,0,0,0,0,-94,0,1,0,158103103,0,31,0,128,0,"[0,0,13,4,13,3,13,3,13,3,13,2,12,2,13,2,13,1,12,1,13,0,13,0,13,-1,13,-1,13,-1,14,-2,13,-2,14,-1,14,-1,14,0,14,0,14,1,13,1,13,2,12,3,12,3,11,4,0,0,0,0,0,0,0,0,0,0,0,0,0,0,0,0,0,0,0,0,0,0,9,1,9,2,9,3,9,3,10,4,10,5,10,5,9,6,10,6,9,7,9,7,9,7,9,7,9,6,9,6,9,6,10,5,10,5,10,5,11,5,11,5,12,4,12,4,12,4,12,4,13,4]"
2025-08-18 22:32:39.052791,CSI_DATA,924,1a:00:00:00:00:00,-42,11,0,0,0,0,0,0,0,0,0,-94,0,1,0,158304336,0,31,0,128,0,"[0,0,-8,11,-8,11,-8,11,-7,11,-7,11,-7,11,-6,11,-5,11,-5,11,-4,11,-4,12,-4,12,-4,12,-3,12,-3,12,-3,13,-3,13,-4,13,-4,13,-4,13,-5,13,-5,12,-6,11,-6,11,-7,10,-7,10,0,0,0,0,0,0,0,0,0,0,0,0,0,0,0,0,0,0,0,0,0,0,-5,7,-6,7,-7,7,-7,7,-8,7,-9,7,-9,7,-9,7,-10,6,-10,6,-10,6,-10,6,-10,6,-10,6,-9,6,-9,6,-9,7,-9,7,-9,8,-9,8,-8,9,-8,9,-8,10,-8,10,-8,10,-8,11]"
2025-08-18 22:32:39.264931,CSI_DATA,925,1a:00:00:00:00:00,-42,11,0,0,0,0,0,0,0,0,0,-94,0,1,0,158505463,0,31,0,128,0,"[0,0,14,3,14,2,14,1,14,1,14,1,14,1,13,0,13,0,13,-1,14,-1,13,-2,13,-3,13,-3,13,-3,14,-3,14,-3,14,-3,14,-3,15,-2,15,-1,14,-1,14,0,14,1,13,1,13,2,12,3,0,0,0,0,0,0,0,0,0,0,0,0,0,0,0,0,0,0,0,0,0,0,9,0,10,1,10,1,10,2,11,3,11,3,11,4,11,5,11,5,11,5,11,6,10,6,11,5,10,5,10,5,11,5,11,4,11,4,12,4,12,3,12,3,13,3,13,2,14,2,14,2,14,2]"
2025-08-18 22:32:39.463142,CSI_DATA,926,1a:00:00:00:00:00,-42,11,0,0,0,0,0,0,0,0,0,-94,0,1,0,158706616,0,31,0,128,0,"[0,0,-7,-13,-7,-14,-7,-14,-7,-13,-8,-13,-8,-12,-9,-12,-9,-12,-9,-11,-9,-11,-10,-11,-10,-10,-11,-10,-11,-10,-11,-10,-11,-10,-11,-11,-11,-11,-11,-11,-11,-11,-10,-12,-9,-12,-9,-12,-8,-12,-7,-12,-6,-12,0,0,0,0,0,0,0,0,0,0,0,0,0,0,0,0,0,0,0,0,0,0,-6,-9,-5,-10,-5,-10,-4,-11,-4,-11,-3,-12,-3,-12,-3,-13,-2,-13,-2,-13,-2,-13,-1,-13,-2,-13,-2,-13,-2,-13,-2,-13,-3,-13,-4,-12,-4,-13,-5,-13,-5,-13,-5,-13,-6,-13,-6,-13,-6,-14,-7,-14]"
2025-08-18 22:32:39.654339,CSI_DATA,927,1a:00:00:00:00:00,-42,11,0,0,0,0,0,0,0,0,0,-94,0,1,0,158907987,0,31,0,128,0,"[0,0,13,3,13,2,13,2,13,2,13,1,13,1,13,1,13,0,12,0,12,-1,13,-2,12,-2,13,-3,13,-3,13,-3,13,-3,14,-3,14,-2,14,-2,14,-1,14,-1,13,0,13,0,13,1,12,2,12,2,0,0,0,0,0,0,0,0,0,0,0,0,0,0,0,0,0,0,0,0,0,0,9,0,9,1,10,2,10,2,10,3,10,4,10,5,10,5,10,6,10,5,10,6,10,6,10,5,10,5,10,5,10,5,10,5,10,4,11,4,11,4,11,3,12,3,12,3,13,2,13,2,13,2]"
2025-08-18 22:32:39.860245,CSI_DATA,928,1a:00:00:00:00:00,-42,11,0,0,0,0,0,0,0,0,0,-94,0,1,0,159109078,0,31,0,128,0,"[0,0,-15,3,-15,4,-14,4,-14,4,-14,4,-13,4,-13,5,-13,5,-13,6,-12,6,-12,7,-12,7,-12,8,-12,8,-12,8,-12,8,-13,9,-13,8,-13,8,-14,7,-14,7,-13,6,-14,5,-13,5,-13,4,-13,3,0,0,0,0,0,0,0,0,0,0,0,0,0,0,0,0,0,0,0,0,0,0,-10,3,-10,2,-11,2,-11,1,-12,1,-12,0,-13,-1,-13,-1,-13,-2,-13,-2,-13,-2,-13,-2,-13,-2,-13,-2,-13,-2,-13,-1,-13,-1,-13,0,-13,1,-13,1,-13,2,-14,2,-14,3,-14,3,-15,3,-15,3]"
2025-08-18 22:32:39.927471,CSI_DATA,929,1a:00:00:00:00:00,-42,11,0,0,0,0,0,0,0,0,0,-94,0,1,0,159169853,0,42,0,128,0,"[0,0,13,5,12,4,12,4,13,4,13,4,12,3,12,3,12,2,12,2,13,1,13,0,13,0,13,0,13,0,13,-1,13,-1,14,0,14,0,14,1,14,1,13,2,13,2,12,3,12,3,11,4,11,4,0,0,0,0,0,0,0,0,0,0,0,0,0,0,0,0,0,0,0,0,0,0,9,2,9,3,9,3,9,4,9,5,9,5,9,6,9,7,9,7,9,8,9,7,8,7,9,7,9,7,8,7,8,7,9,6,9,6,10,6,10,6,10,5,11,5,11,5,12,5,12,5,13,5]"
2025-08-18 22:32:39.985331,CSI_DATA,930,1a:00:00:00:00:00,-42,11,0,0,0,0,0,0,0,0,0,-94,0,1,0,159236844,0,31,0,128,0,"[0,0,-3,14,-3,13,-3,14,-3,13,-2,14,-2,13,-2,13,-1,13,-1,13,0,12,1,13,1,13,1,13,2,13,2,13,2,14,1,14,1,14,0,14,0,14,0,14,-1,14,-2,13,-2,13,-3,12,-4,12,0,0,0,0,0,0,0,0,0,0,0,0,0,0,0,0,0,0,0,0,0,0,-1,9,-2,10,-3,10,-4,10,-4,10,-5,10,-6,10,-6,10,-7,10,-7,10,-7,10,-7,10,-6,10,-7,10,-6,10,-6,10,-6,10,-5,10,-5,11,-5,11,-5,12,-4,12,-4,12,-3,13,-3,13,-3,14]"
2025-08-18 22:32:40.190932,CSI_DATA,931,1a:00:00:00:00:00,-42,11,0,0,0,0,0,0,0,0,0,-94,0,1,0,159437654,0,31,0,128,0,"[0,0,-14,-2,-14,-3,-14,-2,-14,-2,-14,-1,-14,-1,-14,-1,-14,0,-13,0,-14,1,-13,1,-13,1,-13,2,-14,2,-14,2,-14,3,-14,2,-15,2,-15,2,-15,1,-15,1,-14,0,-14,-1,-14,-1,-13,-2,-13,-3,0,0,0,0,0,0,0,0,0,0,0,0,0,0,0,0,0,0,0,0,0,0,-10,-1,-10,-2,-10,-3,-11,-3,-11,-4,-11,-5,-11,-5,-11,-6,-11,-6,-11,-6,-11,-7,-11,-7,-10,-6,-10,-6,-11,-6,-11,-6,-11,-5,-11,-5,-12,-5,-12,-4,-12,-4,-13,-4,-14,-3,-13,-3,-14,-3,-14,-3]"
2025-08-18 22:32:40.388111,CSI_DATA,932,1a:00:00:00:00:00,-42,11,0,0,0,0,0,0,0,0,0,-94,0,1,0,159638783,0,31,0,128,0,"[0,0,12,-7,11,-7,11,-8,12,-8,11,-8,10,-8,10,-9,10,-9,9,-9,9,-9,9,-10,8,-10,8,-10,8,-11,8,-11,9,-11,9,-11,9,-11,9,-11,10,-11,10,-10,10,-9,10,-9,10,-8,10,-7,11,-6,0,0,0,0,0,0,0,0,0,0,0,0,0,0,0,0,0,0,0,0,0,0,7,-6,8,-5,9,-5,9,-4,10,-4,10,-4,11,-3,11,-3,11,-3,11,-2,11,-2,11,-1,11,-2,11,-2,11,-2,11,-3,11,-3,11,-4,11,-4,11,-5,11,-5,11,-6,11,-6,12,-6,12,-6,12,-7]"
2025-08-18 22:32:40.586678,CSI_DATA,933,1a:00:00:00:00:00,-42,11,0,0,0,0,0,0,0,0,0,-94,0,1,0,159839909,0,31,0,128,0,"[0,0,13,2,13,1,13,1,13,1,13,1,13,1,13,0,13,0,12,-1,13,-1,13,-2,13,-2,12,-2,12,-3,13,-3,13,-3,14,-3,14,-2,14,-2,14,-1,14,-1,13,0,13,1,13,1,12,2,12,2,0,0,0,0,0,0,0,0,0,0,0,0,0,0,0,0,0,0,0,0,0,0,9,0,9,0,10,1,10,2,10,2,10,3,10,4,10,4,10,5,10,5,10,6,10,5,10,5,10,5,10,5,10,4,10,4,11,4,11,3,11,3,11,3,12,3,13,2,13,2,13,2,13,2]"
2025-08-18 22:32:40.804281,CSI_DATA,934,1a:00:00:00:00:00,-42,11,0,0,0,0,0,0,0,0,0,-94,0,1,0,160041312,0,31,0,128,0,"[0,0,13,-5,12,-5,12,-5,12,-5,12,-6,12,-6,11,-6,11,-7,11,-7,10,-8,10,-8,10,-9,10,-9,10,-9,10,-9,10,-10,10,-9,11,-9,11,-9,11,-9,12,-8,11,-7,11,-7,11,-6,11,-5,12,-4,0,0,0,0,0,0,0,0,0,0,0,0,0,0,0,0,0,0,0,0,0,0,8,-4,9,-3,9,-3,10,-2,10,-2,11,-1,11,-1,11,-1,12,0,11,0,11,1,11,1,11,1,11,0,11,0,11,0,11,-1,11,-1,12,-2,12,-2,12,-3,12,-3,12,-4,12,-4,13,-4,13,-4]"
2025-08-18 22:32:40.991191,CSI_DATA,935,1a:00:00:00:00:00,-42,11,0,0,0,0,0,0,0,0,0,-94,0,1,0,160242414,0,31,0,128,0,"[0,0,9,-10,9,-11,9,-11,8,-11,8,-11,8,-11,8,-11,7,-11,7,-11,6,-12,5,-12,5,-13,5,-13,5,-13,5,-13,5,-13,5,-14,6,-13,7,-13,7,-13,7,-12,8,-12,7,-11,7,-11,8,-10,8,-9,0,0,0,0,0,0,0,0,0,0,0,0,0,0,0,0,0,0,0,0,0,0,5,-8,6,-8,6,-8,7,-8,8,-8,8,-8,9,-7,10,-7,10,-6,10,-6,10,-6,10,-6,10,-6,10,-6,10,-6,9,-6,9,-7,9,-7,9,-8,9,-8,9,-9,9,-9,9,-10,9,-11,9,-11,9,-11]"
2025-08-18 22:32:41.188585,CSI_DATA,936,1a:00:00:00:00:00,-42,11,0,0,0,0,0,0,0,0,0,-94,0,1,0,160443611,0,31,0,128,0,"[0,0,9,11,9,10,9,11,9,10,10,10,10,10,10,9,10,8,10,8,11,7,11,7,11,7,12,7,12,6,12,7,13,7,12,7,13,8,12,8,12,8,11,8,11,9,10,9,9,9,8,9,8,10,0,0,0,0,0,0,0,0,0,0,0,0,0,0,0,0,0,0,0,0,0,0,7,6,6,7,6,8,6,9,6,9,5,10,5,11,5,11,4,11,4,11,4,11,4,11,4,11,4,11,4,11,4,11,5,11,5,10,6,11,6,11,7,10,7,11,8,10,8,11,9,11,9,11]"
2025-08-18 22:32:41.393492,CSI_DATA,937,1a:00:00:00:00:00,-42,11,0,0,0,0,0,0,0,0,0,-94,0,1,0,160644755,0,31,0,128,0,"[0,0,13,-5,12,-5,13,-5,13,-5,12,-6,12,-6,11,-6,11,-7,11,-7,10,-7,10,-8,10,-8,10,-8,10,-9,10,-9,11,-9,11,-9,11,-9,11,-9,12,-8,12,-8,12,-7,11,-6,11,-5,11,-5,12,-4,0,0,0,0,0,0,0,0,0,0,0,0,0,0,0,0,0,0,0,0,0,0,8,-5,9,-4,9,-3,10,-3,10,-3,11,-2,11,-1,11,-1,12,-1,11,0,11,0,11,0,11,0,11,0,11,0,11,-1,11,-1,11,-2,12,-2,12,-3,12,-3,12,-3,12,-4,12,-4,13,-5,13,-5]"
2025-08-18 22:32:41.449822,CSI_DATA,938,1a:00:00:00:00:00,-42,11,0,0,0,0,0,0,0,0,0,-94,0,1,0,160705586,0,42,0,128,0,"[0,0,7,12,7,11,7,11,8,11,8,11,7,10,8,10,8,10,8,9,9,8,9,8,10,8,10,8,10,8,11,8,11,8,11,8,11,9,10,9,10,10,9,10,9,10,8,10,7,10,7,10,6,10,0,0,0,0,0,0,0,0,0,0,0,0,0,0,0,0,0,0,0,0,0,0,6,7,5,8,5,8,4,9,4,9,4,10,3,11,3,11,3,11,2,11,2,11,2,11,2,11,3,11,2,11,3,11,3,11,4,10,4,10,5,11,5,11,5,11,6,11,7,11,7,11,7,11]"
2025-08-18 22:32:41.516119,CSI_DATA,939,1a:00:00:00:00:00,-42,11,0,0,0,0,0,0,0,0,0,-94,0,1,0,160772913,0,31,0,128,0,"[0,0,10,9,10,8,10,8,10,8,11,8,11,7,11,7,11,6,11,6,11,5,11,5,11,5,12,5,12,4,13,4,13,4,13,4,13,5,13,5,13,5,12,6,12,6,11,7,10,7,9,7,9,8,0,0,0,0,0,0,0,0,0,0,0,0,0,0,0,0,0,0,0,0,0,0,7,5,7,6,7,7,6,7,7,8,6,9,6,9,6,10,6,10,5,10,5,10,4,10,5,10,5,10,5,9,6,10,6,9,7,9,7,9,8,9,8,9,9,8,9,9,9,9,9,9,10,9]"
2025-08-18 22:32:41.723003,CSI_DATA,940,1a:00:00:00:00:00,-42,11,0,0,0,0,0,0,0,0,0,-94,0,1,0,160974015,0,31,0,128,0,"[0,0,11,-9,11,-9,10,-9,10,-9,10,-9,9,-9,9,-10,9,-10,8,-10,8,-11,7,-11,7,-11,7,-12,7,-12,7,-12,7,-12,8,-13,8,-12,8,-12,9,-12,9,-11,9,-10,9,-10,9,-9,9,-8,10,-7,0,0,0,0,0,0,0,0,0,0,0,0,0,0,0,0,0,0,0,0,0,0,6,-7,7,-7,8,-6,8,-6,9,-6,10,-5,10,-5,11,-5,11,-4,11,-4,11,-4,11,-4,11,-4,10,-4,10,-4,10,-4,10,-5,10,-6,10,-6,10,-6,10,-7,11,-7,11,-8,11,-8,11,-8,11,-9]"
2025-08-18 22:32:41.930051,CSI_DATA,941,1a:00:00:00:00:00,-42,11,0,0,0,0,0,0,0,0,0,-94,0,1,0,161175306,0,31,0,128,0,"[0,0,-5,-14,-6,-13,-6,-13,-6,-13,-6,-13,-6,-13,-6,-12,-7,-12,-7,-11,-8,-11,-8,-11,-9,-11,-9,-11,-9,-11,-10,-11,-10,-11,-10,-11,-9,-12,-9,-12,-8,-12,-8,-13,-7,-13,-6,-13,-6,-13,-5,-12,-4,-12,0,0,0,0,0,0,0,0,0,0,0,0,0,0,0,0,0,0,0,0,0,0,-5,-9,-4,-10,-4,-10,-3,-11,-3,-11,-3,-12,-2,-12,-1,-13,-1,-13,-1,-12,-1,-13,0,-12,-1,-12,-1,-12,-1,-12,-1,-12,-2,-12,-2,-12,-3,-13,-3,-12,-3,-13,-4,-13,-4,-13,-5,-13,-5,-13,-5,-14]"
2025-08-18 22:32:42.130084,CSI_DATA,942,1a:00:00:00:00:00,-42,11,0,0,0,0,0,0,0,0,0,-94,0,1,0,161376525,0,31,0,128,0,"[0,0,-15,-2,-14,-2,-14,-2,-14,-2,-14,-1,-14,-1,-14,0,-14,0,-14,1,-13,1,-13,2,-13,2,-13,3,-14,3,-14,3,-14,3,-14,3,-15,3,-15,2,-15,1,-15,1,-14,0,-14,0,-14,-1,-13,-1,-13,-2,0,0,0,0,0,0,0,0,0,0,0,0,0,0,0,0,0,0,0,0,0,0,-10,-1,-10,-1,-11,-2,-11,-3,-11,-3,-11,-4,-11,-5,-11,-5,-11,-5,-11,-6,-11,-6,-11,-6,-11,-6,-11,-5,-11,-5,-11,-5,-11,-5,-12,-4,-12,-4,-12,-3,-13,-3,-13,-3,-13,-3,-14,-2,-14,-2,-14,-2]"
2025-08-18 22:32:42.327964,CSI_DATA,943,1a:00:00:00:00:00,-42,11,0,0,0,0,0,0,0,0,0,-94,0,1,0,161577627,0,31,0,128,0,"[0,0,-13,6,-12,6,-13,7,-12,6,-12,7,-12,7,-11,7,-11,8,-11,8,-9,8,-10,9,-9,9,-9,10,-9,10,-9,10,-10,10,-9,10,-10,10,-11,10,-11,9,-11,9,-11,8,-11,8,-11,7,-11,6,-12,6,0,0,0,0,0,0,0,0,0,0,0,0,0,0,0,0,0,0,0,0,0,0,-9,4,-9,4,-10,4,-11,3,-11,3,-12,2,-12,2,-12,2,-12,1,-12,1,-12,0,-12,0,-12,1,-12,1,-12,1,-12,1,-12,2,-12,2,-12,3,-12,4,-12,4,-12,4,-12,5,-13,5,-13,6,-13,6]"
2025-08-18 22:32:42.545284,CSI_DATA,944,1a:00:00:00:00:00,-42,11,0,0,0,0,0,0,0,0,0,-94,0,1,0,161778779,0,31,0,128,0,"[0,0,-10,-11,-10,-11,-10,-11,-10,-10,-10,-10,-10,-10,-10,-9,-11,-9,-11,-9,-11,-8,-11,-8,-12,-7,-12,-7,-13,-7,-13,-7,-13,-7,-13,-7,-13,-8,-13,-8,-12,-9,-12,-9,-11,-10,-10,-9,-10,-10,-9,-10,-9,-10,0,0,0,0,0,0,0,0,0,0,0,0,0,0,0,0,0,0,0,0,0,0,-7,-7,-7,-8,-7,-9,-7,-9,-6,-10,-6,-11,-6,-11,-6,-11,-5,-12,-5,-12,-5,-12,-5,-12,-5,-12,-5,-11,-5,-12,-5,-11,-6,-11,-6,-11,-7,-11,-7,-11,-8,-11,-8,-11,-9,-11,-9,-11,-9,-11,-10,-11]"
2025-08-18 22:32:42.603124,CSI_DATA,945,1a:00:00:00:00:00,-42,11,0,0,0,0,0,0,0,0,0,-94,0,1,0,161850830,0,28,0,128,0,"[0,0,1,-15,0,-15,0,-15,0,-15,-1,-15,-1,-15,-1,-14,-2,-14,-2,-14,-3,-14,-3,-14,-4,-14,-5,-14,-5,-14,-5,-14,-5,-14,-5,-15,-4,-15,-4,-15,-4,-15,-3,-15,-3,-15,-2,-14,-1,-14,0,-13,0,-13,0,0,0,0,0,0,0,0,0,0,0,0,0,0,0,0,0,0,0,0,0,0,0,-10,1,-11,1,-11,2,-11,2,-12,3,-12,4,-12,4,-12,5,-12,5,-12,5,-12,5,-11,5,-11,5,-11,5,-12,4,-11,4,-12,3,-12,3,-13,3,-13,2,-13,2,-14,2,-14,1,-14,2,-14,1,-15]"
2025-08-18 22:32:42.729502,CSI_DATA,946,1a:00:00:00:00:00,-42,11,0,0,0,0,0,0,0,0,0,-94,0,1,0,161979980,0,31,0,128,0,"[0,0,6,-13,5,-13,5,-13,5,-13,4,-14,4,-13,4,-13,3,-13,2,-13,2,-13,2,-14,1,-14,1,-14,1,-14,0,-14,1,-15,1,-15,1,-15,1,-15,2,-15,2,-14,3,-14,3,-13,4,-13,4,-12,5,-12,0,0,0,0,0,0,0,0,0,0,0,0,0,0,0,0,0,0,0,0,0,0,3,-9,4,-10,4,-10,5,-10,6,-10,6,-10,7,-10,7,-10,8,-9,8,-9,8,-9,8,-9,8,-9,8,-9,7,-9,7,-9,7,-10,6,-10,7,-10,6,-11,6,-11,6,-12,6,-12,6,-12,6,-13,6,-13]"
2025-08-18 22:32:42.929816,CSI_DATA,947,1a:00:00:00:00:00,-42,11,0,0,0,0,0,0,0,0,0,-94,0,1,0,162181263,0,31,0,128,0,"[0,0,6,-13,6,-13,6,-13,5,-13,5,-13,5,-13,4,-13,4,-13,4,-13,2,-13,2,-13,2,-14,1,-14,1,-14,1,-14,1,-14,2,-15,2,-15,2,-15,3,-14,3,-14,4,-14,4,-13,4,-13,5,-12,5,-11,0,0,0,0,0,0,0,0,0,0,0,0,0,0,0,0,0,0,0,0,0,0,3,-10,4,-10,5,-10,5,-10,6,-10,7,-10,7,-9,8,-9,8,-9,8,-9,9,-8,9,-8,9,-9,8,-9,8,-9,8,-9,8,-9,7,-10,7,-10,7,-10,7,-11,7,-12,6,-12,6,-13,6,-13,6,-13]"
2025-08-18 22:32:42.992579,CSI_DATA,948,1a:00:00:00:00:00,-42,11,0,0,0,0,0,0,0,0,0,-94,0,1,0,162242029,0,42,0,128,0,"[0,0,-13,7,-13,7,-13,7,-13,7,-12,8,-12,8,-12,8,-11,9,-11,9,-10,9,-10,10,-9,10,-9,10,-9,11,-10,11,-10,11,-10,12,-11,11,-11,11,-11,10,-11,10,-11,9,-11,9,-11,8,-12,7,-12,6,0,0,0,0,0,0,0,0,0,0,0,0,0,0,0,0,0,0,0,0,0,0,-9,5,-9,5,-10,5,-11,4,-11,4,-12,3,-13,3,-13,3,-13,2,-13,2,-13,2,-13,2,-13,2,-13,2,-13,2,-12,2,-12,3,-12,4,-13,4,-13,5,-13,5,-13,5,-13,6,-13,7,-13,7,-13,7]"
2025-08-18 22:32:43.054483,CSI_DATA,949,1a:00:00:00:00:00,-42,11,0,0,0,0,0,0,0,0,0,-94,0,1,0,162308835,0,31,0,128,0,"[0,0,14,2,13,1,13,1,13,1,13,1,13,1,13,0,13,-1,13,-1,13,-2,13,-2,12,-3,13,-3,13,-3,13,-3,13,-3,13,-3,14,-3,14,-2,14,-2,14,-1,13,0,13,0,13,0,12,1,12,2,0,0,0,0,0,0,0,0,0,0,0,0,0,0,0,0,0,0,0,0,0,0,9,0,9,0,10,1,10,2,10,2,11,3,10,4,11,4,10,5,10,5,10,5,10,5,10,5,10,5,10,5,10,4,10,4,11,4,11,3,11,3,12,2,12,2,13,2,13,2,13,2,14,2]"
2025-08-18 22:32:43.258179,CSI_DATA,950,1a:00:00:00:00:00,-42,11,0,0,0,0,0,0,0,0,0,-94,0,1,0,162509902,0,31,0,128,0,"[0,0,-5,13,-5,13,-5,13,-4,13,-4,13,-3,13,-3,13,-2,13,-2,12,-1,13,-1,12,0,13,0,13,0,13,0,13,0,13,0,14,0,14,0,14,-1,14,-2,14,-2,13,-3,13,-3,12,-4,12,-5,11,0,0,0,0,0,0,0,0,0,0,0,0,0,0,0,0,0,0,0,0,0,0,-3,9,-3,9,-4,9,-5,9,-5,9,-6,10,-7,10,-7,10,-7,9,-8,9,-8,9,-8,9,-8,9,-8,9,-8,9,-7,9,-7,9,-6,10,-6,10,-6,11,-6,11,-5,12,-5,12,-5,12,-5,13,-5,13]"
2025-08-18 22:32:43.462171,CSI_DATA,951,1a:00:00:00:00:00,-42,11,0,0,0,0,0,0,0,0,0,-94,0,1,0,162711084,0,31,0,128,0,"[0,0,-14,2,-14,2,-15,3,-14,3,-14,3,-14,3,-13,4,-13,4,-13,4,-12,5,-12,6,-12,6,-12,6,-12,7,-12,7,-13,7,-12,7,-13,7,-14,6,-13,6,-14,5,-13,5,-13,4,-13,4,-13,3,-13,2,0,0,0,0,0,0,0,0,0,0,0,0,0,0,0,0,0,0,0,0,0,0,-10,2,-10,1,-11,1,-11,1,-11,0,-12,-1,-12,-1,-13,-2,-12,-2,-12,-2,-12,-3,-12,-3,-12,-3,-12,-2,-12,-2,-12,-2,-13,-1,-12,-1,-13,-1,-13,0,-13,0,-13,1,-13,1,-14,2,-14,2,-15,2]"
2025-08-18 22:32:43.655330,CSI_DATA,952,1a:00:00:00:00:00,-42,11,0,0,0,0,0,0,0,0,0,-94,0,1,0,162912225,0,31,0,128,0,"[0,0,13,5,13,4,13,4,13,3,13,3,12,3,13,2,13,2,13,1,12,1,13,0,13,0,13,0,14,-1,13,-1,14,-1,14,-1,14,0,14,0,14,0,14,1,13,2,13,2,12,3,12,3,12,4,0,0,0,0,0,0,0,0,0,0,0,0,0,0,0,0,0,0,0,0,0,0,8,2,9,3,9,4,9,4,9,5,9,6,9,6,9,7,9,7,8,8,8,8,8,8,8,8,8,7,9,7,9,7,9,6,9,6,10,6,10,5,11,5,11,5,12,5,12,5,12,5,13,5]"
2025-08-18 22:32:43.866974,CSI_DATA,953,1a:00:00:00:00:00,-42,11,0,0,0,0,0,0,0,0,0,-94,0,1,0,163113373,0,31,0,128,0,"[0,0,-3,-14,-3,-15,-3,-14,-3,-14,-4,-14,-4,-14,-4,-13,-4,-13,-5,-13,-5,-13,-6,-13,-6,-12,-7,-12,-7,-12,-7,-13,-7,-13,-7,-14,-7,-14,-6,-14,-6,-14,-5,-14,-5,-14,-4,-14,-3,-14,-2,-13,-2,-13,0,0,0,0,0,0,0,0,0,0,0,0,0,0,0,0,0,0,0,0,0,0,-3,-10,-3,-10,-2,-11,-1,-11,-1,-12,0,-12,0,-12,1,-12,1,-12,2,-13,2,-12,2,-12,2,-12,2,-12,1,-12,1,-12,0,-12,0,-13,0,-13,-1,-13,-1,-13,-1,-14,-2,-14,-2,-14,-2,-14,-2,-14]"
2025-08-18 22:32:44.065286,CSI_DATA,954,1a:00:00:00:00:00,-42,11,0,0,0,0,0,0,0,0,0,-94,0,1,0,163314710,0,31,0,128,0,"[0,0,-14,6,-13,6,-13,6,-13,6,-13,7,-12,6,-12,7,-11,7,-11,7,-11,8,-10,8,-10,9,-10,9,-10,10,-10,10,-10,10,-11,10,-11,10,-11,9,-11,9,-12,8,-12,8,-12,7,-12,6,-12,6,-12,5,0,0,0,0,0,0,0,0,0,0,0,0,0,0,0,0,0,0,0,0,0,0,-9,5,-9,4,-10,4,-11,3,-11,3,-12,2,-12,2,-12,2,-12,1,-13,1,-13,1,-13,0,-13,1,-12,1,-12,1,-12,1,-12,2,-12,2,-12,3,-12,3,-13,4,-13,4,-13,5,-13,5,-13,5,-13,6]"
2025-08-18 22:32:44.265586,CSI_DATA,955,1a:00:00:00:00:00,-42,11,0,0,0,0,0,0,0,0,0,-94,0,1,0,163515831,0,31,0,128,0,"[0,0,-10,10,-9,10,-9,10,-9,10,-9,11,-8,11,-8,11,-7,11,-7,11,-7,11,-6,11,-6,12,-6,12,-5,12,-5,12,-5,13,-6,13,-6,13,-6,13,-7,12,-7,12,-7,11,-8,11,-8,10,-9,9,-9,9,0,0,0,0,0,0,0,0,0,0,0,0,0,0,0,0,0,0,0,0,0,0,-6,7,-7,7,-8,7,-8,7,-9,7,-10,6,-10,6,-11,6,-11,6,-11,5,-11,5,-11,4,-11,5,-11,5,-11,5,-10,6,-10,6,-10,6,-10,7,-10,8,-10,8,-10,8,-10,9,-10,10,-10,10,-10,10]"
2025-08-18 22:32:44.469415,CSI_DATA,956,1a:00:00:00:00:00,-42,11,0,0,0,0,0,0,0,0,0,-94,0,1,0,163716964,0,31,0,128,0,"[0,0,-15,0,-15,0,-15,0,-15,0,-15,1,-14,1,-14,1,-14,2,-14,2,-13,3,-13,3,-13,4,-13,4,-13,5,-14,5,-14,5,-14,5,-15,5,-15,4,-15,4,-15,3,-14,2,-14,2,-14,1,-14,1,-13,-1,0,0,0,0,0,0,0,0,0,0,0,0,0,0,0,0,0,0,0,0,0,0,-10,1,-11,0,-11,-1,-12,-2,-12,-2,-12,-3,-12,-4,-12,-4,-12,-5,-12,-5,-12,-5,-12,-5,-12,-5,-12,-4,-12,-4,-12,-4,-12,-4,-12,-3,-13,-3,-13,-2,-13,-2,-14,-2,-14,-1,-15,-1,-15,0,-15,0]"
2025-08-18 22:32:44.528267,CSI_DATA,957,1a:00:00:00:00:00,-42,11,0,0,0,0,0,0,0,0,0,-94,0,1,0,163777729,0,42,0,128,0,"[0,0,-11,11,-10,11,-10,10,-10,11,-9,11,-9,11,-9,11,-8,11,-8,11,-7,11,-7,12,-6,12,-6,12,-6,13,-6,13,-6,13,-7,14,-7,13,-8,13,-8,13,-9,12,-9,11,-9,11,-9,11,-9,10,-10,9,0,0,0,0,0,0,0,0,0,0,0,0,0,0,0,0,0,0,0,0,0,0,-6,8,-7,8,-8,8,-8,7,-9,8,-10,7,-11,7,-11,6,-11,6,-12,6,-11,6,-12,6,-11,6,-11,6,-11,6,-11,6,-11,7,-11,7,-10,7,-11,8,-11,8,-10,9,-10,10,-10,10,-10,11,-10,11]"
2025-08-18 22:32:44.595476,CSI_DATA,958,1a:00:00:00:00:00,-42,11,0,0,0,0,0,0,0,0,0,-94,0,1,0,163844300,0,31,0,128,0,"[0,0,2,-15,2,-14,2,-14,1,-14,1,-14,1,-14,0,-14,0,-14,-1,-14,-1,-13,-2,-14,-2,-14,-2,-14,-3,-14,-3,-14,-3,-14,-2,-15,-2,-15,-2,-15,-1,-15,-1,-15,0,-14,0,-14,1,-14,1,-13,3,-13,0,0,0,0,0,0,0,0,0,0,0,0,0,0,0,0,0,0,0,0,0,0,0,-10,1,-11,1,-11,2,-11,3,-11,3,-11,4,-11,5,-11,5,-11,5,-11,5,-11,6,-11,5,-11,5,-11,5,-11,5,-11,4,-11,4,-11,4,-12,3,-12,3,-12,3,-13,2,-13,2,-14,2,-14,2,-14]"
2025-08-18 22:32:44.789870,CSI_DATA,959,1a:00:00:00:00:00,-42,11,0,0,0,0,0,0,0,0,0,-94,0,1,0,164045380,0,31,0,128,0,"[0,0,7,12,7,11,7,11,7,11,8,11,7,10,7,10,8,10,8,9,9,9,9,8,9,8,10,8,10,8,10,8,11,8,10,9,11,9,10,9,10,10,9,10,8,10,8,10,7,10,6,10,6,10,0,0,0,0,0,0,0,0,0,0,0,0,0,0,0,0,0,0,0,0,0,0,5,7,5,8,5,8,4,9,4,10,4,10,3,11,2,11,2,11,2,11,2,11,1,11,2,11,2,11,2,11,2,10,3,11,3,10,4,11,4,11,4,11,5,11,6,11,6,11,6,11,7,12]"
2025-08-18 22:32:45.002369,CSI_DATA,960,1a:00:00:00:00:00,-42,11,0,0,0,0,0,0,0,0,0,-94,0,1,0,164246586,0,31,0,128,0,"[0,0,-9,-12,-9,-12,-9,-12,-9,-11,-9,-11,-9,-11,-10,-10,-10,-10,-10,-9,-10,-9,-11,-9,-11,-8,-11,-8,-12,-8,-12,-8,-12,-8,-12,-9,-12,-9,-12,-10,-11,-10,-11,-10,-10,-10,-9,-11,-9,-11,-8,-11,-7,-11,0,0,0,0,0,0,0,0,0,0,0,0,0,0,0,0,0,0,0,0,0,0,-7,-7,-7,-9,-6,-9,-6,-10,-6,-10,-6,-11,-5,-11,-5,-12,-4,-12,-4,-12,-4,-12,-4,-12,-4,-12,-4,-12,-4,-12,-5,-12,-5,-12,-5,-11,-6,-11,-6,-11,-7,-12,-7,-12,-8,-11,-8,-12,-8,-12,-9,-12]"
2025-08-18 22:32:45.195918,CSI_DATA,961,1a:00:00:00:00:00,-42,11,0,0,0,0,0,0,0,0,0,-94,0,1,0,164447911,0,31,0,128,0,"[0,0,7,-12,6,-13,6,-13,6,-13,5,-13,5,-13,5,-13,5,-13,4,-13,3,-13,3,-13,2,-13,2,-14,2,-14,2,-14,2,-14,2,-15,3,-15,4,-14,4,-14,4,-14,5,-14,5,-13,5,-12,6,-12,6,-11,0,0,0,0,0,0,0,0,0,0,0,0,0,0,0,0,0,0,0,0,0,0,3,-9,4,-9,5,-9,6,-9,6,-9,7,-9,8,-9,8,-8,9,-8,9,-8,9,-8,9,-8,9,-8,8,-8,8,-8,8,-8,8,-9,8,-9,7,-10,8,-10,7,-10,7,-11,7,-11,6,-12,7,-12,7,-12]"
2025-08-18 22:32:45.406275,CSI_DATA,962,1a:00:00:00:00:00,-42,11,0,0,0,0,0,0,0,0,0,-94,0,1,0,164649049,0,31,0,128,0,"[0,0,-8,12,-8,12,-7,12,-7,12,-6,12,-6,12,-6,12,-5,12,-5,12,-4,12,-4,12,-3,12,-3,13,-3,13,-3,13,-3,13,-3,14,-3,13,-4,14,-4,13,-5,13,-6,13,-6,12,-6,12,-6,11,-7,10,0,0,0,0,0,0,0,0,0,0,0,0,0,0,0,0,0,0,0,0,0,0,-4,8,-5,8,-6,9,-6,8,-7,9,-8,8,-9,8,-9,8,-9,8,-10,7,-10,7,-10,7,-9,7,-9,7,-9,7,-9,7,-8,8,-8,8,-8,9,-8,9,-8,10,-8,10,-8,11,-7,11,-7,11,-7,12]"
2025-08-18 22:32:45.599555,CSI_DATA,963,1a:00:00:00:00:00,-42,11,0,0,0,0,0,0,0,0,0,-94,0,1,0,164850164,0,31,0,128,0,"[0,0,13,-5,13,-5,12,-5,13,-6,12,-6,12,-6,11,-6,11,-7,11,-7,11,-8,10,-8,10,-9,10,-9,10,-9,11,-9,10,-10,11,-10,11,-9,12,-9,12,-8,12,-8,12,-7,12,-6,11,-6,11,-5,12,-4,0,0,0,0,0,0,0,0,0,0,0,0,0,0,0,0,0,0,0,0,0,0,8,-5,9,-4,10,-4,10,-3,11,-3,11,-2,11,-2,11,-1,12,-1,12,-1,12,0,11,-1,11,-1,11,-1,11,-1,11,-1,11,-1,11,-2,11,-3,12,-3,12,-3,12,-4,12,-4,12,-5,12,-5,13,-5]"
2025-08-18 22:32:45.805209,CSI_DATA,964,1a:00:00:00:00:00,-42,11,0,0,0,0,0,0,0,0,0,-94,0,1,0,165051318,0,31,0,128,0,"[0,0,-14,-4,-14,-3,-14,-3,-14,-3,-14,-3,-14,-2,-14,-2,-14,-1,-14,-1,-13,0,-14,0,-14,1,-14,1,-14,2,-14,2,-14,2,-15,2,-15,1,-15,1,-15,0,-15,0,-14,-1,-14,-1,-14,-2,-13,-2,-13,-3,0,0,0,0,0,0,0,0,0,0,0,0,0,0,0,0,0,0,0,0,0,0,-10,-2,-10,-3,-10,-3,-11,-4,-11,-5,-11,-6,-11,-6,-11,-7,-11,-7,-10,-7,-10,-7,-10,-7,-10,-7,-10,-7,-10,-7,-11,-6,-11,-6,-11,-6,-12,-6,-12,-5,-12,-5,-13,-5,-13,-4,-14,-4,-14,-4,-14,-4]"
2025-08-18 22:32:46.003618,CSI_DATA,965,1a:00:00:00:00:00,-42,11,0,0,0,0,0,0,0,0,0,-94,0,1,0,165252552,0,31,0,128,0,"[0,0,-15,3,-14,4,-14,4,-14,4,-14,5,-13,4,-13,5,-13,5,-13,6,-13,6,-12,7,-12,7,-12,7,-12,8,-12,8,-12,8,-13,8,-13,8,-13,7,-13,7,-14,6,-14,6,-14,5,-13,4,-13,3,-13,3,0,0,0,0,0,0,0,0,0,0,0,0,0,0,0,0,0,0,0,0,0,0,-10,3,-10,3,-11,2,-11,2,-12,1,-12,1,-13,0,-13,0,-13,-1,-13,-1,-13,-1,-13,-2,-13,-1,-13,-1,-12,-1,-13,0,-12,0,-13,0,-13,1,-13,1,-13,1,-14,2,-14,3,-14,3,-14,3,-14,3]"
2025-08-18 22:32:46.067172,CSI_DATA,966,1a:00:00:00:00:00,-42,11,0,0,0,0,0,0,0,0,0,-94,0,1,0,165313303,0,42,0,128,0,"[0,0,-15,-3,-14,-3,-14,-2,-14,-2,-14,-2,-14,-2,-14,-1,-14,0,-14,0,-13,1,-14,1,-13,2,-14,2,-14,2,-14,2,-15,2,-14,2,-15,2,-15,1,-15,1,-15,0,-14,-1,-14,-1,-14,-1,-13,-2,-13,-3,0,0,0,0,0,0,0,0,0,0,0,0,0,0,0,0,0,0,0,0,0,0,-10,-1,-11,-2,-11,-3,-11,-3,-11,-4,-12,-5,-11,-5,-12,-6,-11,-6,-11,-6,-11,-6,-11,-6,-11,-6,-11,-6,-11,-6,-11,-6,-11,-5,-12,-5,-12,-5,-12,-4,-12,-4,-13,-4,-13,-3,-14,-3,-14,-3,-14,-3]"
2025-08-18 22:32:46.132035,CSI_DATA,967,1a:00:00:00:00:00,-42,11,0,0,0,0,0,0,0,0,0,-94,0,1,0,165380883,0,31,0,128,0,"[0,0,-14,3,-14,3,-14,4,-14,4,-13,4,-13,4,-13,5,-12,5,-12,5,-12,6,-12,6,-12,7,-12,7,-12,8,-12,7,-12,8,-12,8,-13,8,-13,7,-13,7,-13,6,-13,5,-13,5,-13,4,-13,3,-13,2,0,0,0,0,0,0,0,0,0,0,0,0,0,0,0,0,0,0,0,0,0,0,-9,3,-10,3,-11,2,-11,1,-11,1,-12,0,-12,0,-12,-1,-13,-1,-12,-2,-13,-2,-12,-2,-12,-2,-12,-2,-12,-1,-12,-1,-12,0,-12,0,-12,0,-13,1,-13,1,-13,2,-13,2,-14,3,-14,3,-14,3]"
2025-08-18 22:32:46.338447,CSI_DATA,968,1a:00:00:00:00:00,-42,11,0,0,0,0,0,0,0,0,0,-94,0,1,0,165582106,0,31,0,128,0,"[0,0,-8,-13,-8,-13,-8,-13,-8,-13,-8,-13,-8,-12,-9,-12,-9,-11,-9,-11,-10,-10,-11,-10,-11,-10,-11,-10,-11,-10,-12,-10,-12,-10,-12,-11,-12,-11,-11,-12,-10,-12,-10,-12,-9,-12,-9,-12,-8,-12,-7,-12,-6,-12,0,0,0,0,0,0,0,0,0,0,0,0,0,0,0,0,0,0,0,0,0,0,-7,-8,-7,-9,-6,-10,-6,-10,-6,-11,-5,-12,-4,-12,-4,-13,-3,-13,-3,-13,-3,-13,-3,-13,-3,-13,-4,-13,-4,-12,-4,-12,-4,-12,-5,-12,-5,-12,-6,-12,-6,-13,-6,-13,-7,-13,-8,-13,-8,-13,-8,-13]"
2025-08-18 22:32:46.539099,CSI_DATA,969,1a:00:00:00:00:00,-42,11,0,0,0,0,0,0,0,0,0,-94,0,1,0,165783230,0,31,0,128,0,"[0,0,-9,-12,-9,-12,-9,-12,-9,-11,-9,-11,-9,-11,-10,-10,-10,-10,-10,-10,-11,-9,-11,-9,-11,-8,-12,-8,-12,-8,-12,-8,-12,-9,-12,-9,-12,-9,-12,-10,-12,-10,-11,-10,-10,-10,-10,-10,-9,-11,-8,-11,-8,-11,0,0,0,0,0,0,0,0,0,0,0,0,0,0,0,0,0,0,0,0,0,0,-7,-8,-7,-8,-6,-9,-6,-10,-6,-10,-5,-11,-5,-12,-5,-12,-4,-12,-4,-12,-4,-12,-4,-12,-4,-12,-4,-12,-4,-12,-4,-11,-5,-12,-5,-11,-6,-11,-6,-12,-7,-12,-7,-12,-8,-11,-8,-12,-9,-12,-9,-12]"
2025-08-18 22:32:46.738787,CSI_DATA,970,1a:00:00:00:00:00,-42,11,0,0,0,0,0,0,0,0,0,-94,0,1,0,165984361,0,31,0,128,0,"[0,0,-4,-14,-4,-14,-5,-15,-4,-14,-5,-14,-5,-14,-5,-13,-6,-13,-6,-13,-7,-12,-7,-12,-8,-12,-8,-12,-8,-12,-8,-12,-8,-13,-8,-13,-8,-13,-8,-14,-7,-14,-6,-14,-6,-14,-5,-14,-4,-14,-4,-13,-3,-13,0,0,0,0,0,0,0,0,0,0,0,0,0,0,0,0,0,0,0,0,0,0,-4,-9,-4,-10,-3,-11,-3,-11,-2,-12,-2,-12,-1,-13,-1,-13,0,-13,0,-13,1,-13,1,-13,1,-13,0,-13,0,-13,0,-12,-1,-12,-1,-13,-1,-13,-2,-13,-2,-13,-3,-14,-3,-14,-4,-14,-4,-14,-4,-15]"
2025-08-18 22:32:46.944261,CSI_DATA,971,1a:00:00:00:00:00,-42,11,0,0,0,0,0,0,0,0,0,-94,0,1,0,166185502,0,31,0,128,0,"[0,0,6,-13,6,-13,5,-13,5,-13,5,-13,5,-13,4,-13,4,-13,3,-13,2,-13,2,-14,2,-14,2,-14,1,-14,1,-14,1,-14,1,-15,2,-15,2,-15,3,-15,3,-14,4,-14,4,-13,5,-13,5,-12,6,-11,0,0,0,0,0,0,0,0,0,0,0,0,0,0,0,0,0,0,0,0,0,0,3,-10,4,-9,4,-10,5,-10,6,-10,6,-10,7,-10,8,-9,8,-9,8,-9,9,-8,9,-8,8,-8,8,-9,8,-9,8,-9,7,-9,7,-10,7,-10,7,-11,6,-11,6,-12,6,-12,6,-12,6,-12,6,-13]"
2025-08-18 22:32:47.135261,CSI_DATA,972,1a:00:00:00:00:00,-42,11,0,0,0,0,0,0,0,0,0,-94,0,1,0,166386790,0,31,0,128,0,"[0,0,-4,14,-3,14,-3,13,-3,14,-2,14,-2,13,-1,13,-1,13,0,13,0,13,1,13,1,13,2,13,2,13,2,14,2,14,2,14,1,14,1,14,0,14,0,14,-1,14,-1,14,-2,13,-3,12,-4,12,0,0,0,0,0,0,0,0,0,0,0,0,0,0,0,0,0,0,0,0,0,0,-1,9,-2,9,-3,10,-3,10,-4,11,-5,10,-5,11,-6,10,-6,10,-7,10,-7,10,-7,10,-7,10,-7,10,-6,10,-6,11,-6,10,-5,11,-5,11,-5,12,-4,12,-4,12,-4,13,-4,13,-4,14,-3,13]"
2025-08-18 22:32:47.337603,CSI_DATA,973,1a:00:00:00:00:00,-42,11,0,0,0,0,0,0,0,0,0,-94,0,1,0,166587895,0,31,0,128,0,"[0,0,-11,9,-11,9,-10,9,-10,9,-10,10,-9,10,-9,10,-8,10,-8,10,-7,11,-7,11,-7,11,-6,12,-6,12,-7,12,-6,12,-7,12,-7,12,-8,12,-8,12,-8,11,-9,11,-9,10,-9,10,-9,9,-10,8,0,0,0,0,0,0,0,0,0,0,0,0,0,0,0,0,0,0,0,0,0,0,-7,7,-8,6,-8,6,-9,6,-10,6,-10,6,-11,5,-11,5,-11,4,-12,4,-12,4,-12,4,-11,4,-11,4,-11,5,-11,4,-11,5,-11,6,-11,6,-11,7,-11,7,-11,7,-11,8,-11,9,-11,9,-10,9]"
2025-08-18 22:32:47.542042,CSI_DATA,974,1a:00:00:00:00:00,-42,11,0,0,0,0,0,0,0,0,0,-94,0,1,0,166789224,0,31,0,128,0,"[0,0,0,-15,-1,-15,0,-14,-1,-14,-1,-15,-1,-14,-2,-14,-2,-14,-3,-13,-4,-13,-4,-13,-4,-13,-5,-13,-5,-13,-5,-13,-5,-14,-5,-14,-5,-14,-4,-15,-4,-15,-3,-14,-2,-14,-2,-14,-1,-14,-1,-13,0,-13,0,0,0,0,0,0,0,0,0,0,0,0,0,0,0,0,0,0,0,0,0,0,-1,-10,-1,-11,0,-11,1,-11,1,-12,2,-12,3,-12,3,-12,4,-12,4,-12,4,-12,4,-11,4,-12,4,-11,4,-12,3,-12,3,-12,2,-12,2,-13,2,-13,1,-13,1,-13,1,-14,0,-14,0,-14,0,-15]"
2025-08-18 22:32:47.602847,CSI_DATA,975,1a:00:00:00:00:00,-42,11,0,0,0,0,0,0,0,0,0,-94,0,1,0,166849956,0,42,0,128,0,"[0,0,0,-15,0,-14,0,-15,0,-14,-1,-15,-1,-14,-2,-14,-2,-14,-2,-14,-3,-13,-4,-13,-4,-13,-4,-14,-5,-14,-5,-13,-5,-14,-5,-14,-4,-14,-4,-15,-4,-14,-3,-14,-2,-15,-2,-14,-1,-14,-1,-13,0,-13,0,0,0,0,0,0,0,0,0,0,0,0,0,0,0,0,0,0,0,0,0,0,-1,-10,0,-11,1,-11,1,-11,2,-11,3,-12,3,-12,3,-12,4,-12,4,-11,4,-11,4,-11,4,-11,4,-12,4,-12,4,-11,3,-12,2,-12,2,-13,2,-13,2,-13,1,-14,1,-13,1,-14,1,-14,0,-15]"
2025-08-18 22:32:47.671132,CSI_DATA,976,1a:00:00:00:00:00,-42,11,0,0,0,0,0,0,0,0,0,-94,0,1,0,166917175,0,31,0,128,0,"[0,0,-14,-4,-14,-4,-14,-4,-14,-3,-14,-2,-14,-3,-13,-1,-13,-1,-13,-1,-13,0,-14,0,-14,0,-14,1,-14,1,-14,1,-15,1,-14,1,-15,1,-15,0,-15,0,-15,-1,-14,-1,-14,-2,-14,-2,-13,-3,-13,-4,0,0,0,0,0,0,0,0,0,0,0,0,0,0,0,0,0,0,0,0,0,0,-10,-2,-10,-3,-10,-4,-11,-5,-10,-5,-11,-6,-11,-7,-11,-7,-10,-7,-10,-7,-10,-8,-10,-8,-10,-8,-10,-7,-10,-7,-10,-7,-11,-7,-11,-6,-12,-6,-12,-5,-12,-5,-13,-5,-13,-5,-14,-5,-14,-4,-14,-4]"
2025-08-18 22:32:47.867387,CSI_DATA,977,1a:00:00:00:00:00,-42,11,0,0,0,0,0,0,0,0,0,-94,0,1,0,167118278,0,31,0,128,0,"[0,0,-12,8,-11,9,-11,8,-11,9,-10,9,-10,9,-10,9,-9,9,-9,10,-9,10,-8,10,-8,10,-8,11,-7,11,-7,12,-7,12,-8,12,-8,12,-9,11,-9,11,-9,10,-10,10,-10,9,-10,9,-10,8,-10,7,0,0,0,0,0,0,0,0,0,0,0,0,0,0,0,0,0,0,0,0,0,0,-7,6,-8,6,-9,5,-9,5,-10,5,-10,5,-11,4,-12,4,-12,4,-12,3,-12,3,-12,3,-12,3,-12,3,-11,3,-11,4,-11,4,-11,5,-11,5,-11,6,-11,6,-11,7,-12,7,-11,8,-12,8,-11,8]"
2025-08-18 22:32:48.062666,CSI_DATA,978,1a:00:00:00:00:00,-42,11,0,0,0,0,0,0,0,0,0,-94,0,1,0,167319506,0,31,0,128,0,"[0,0,12,7,12,6,12,6,12,6,12,6,12,5,12,5,12,4,12,4,12,3,12,3,12,2,13,2,13,2,13,2,13,2,13,3,14,3,14,3,14,4,13,4,12,5,12,5,11,6,11,6,10,6,0,0,0,0,0,0,0,0,0,0,0,0,0,0,0,0,0,0,0,0,0,0,8,3,9,4,8,4,9,5,9,6,9,7,8,7,8,8,8,8,8,8,8,9,7,9,8,8,8,8,8,8,7,8,8,8,9,7,9,7,9,7,10,7,10,7,11,6,11,6,12,7,12,6]"
2025-08-18 22:32:48.270643,CSI_DATA,979,1a:00:00:00:00:00,-42,11,0,0,0,0,0,0,0,0,0,-94,0,1,0,167520611,0,31,0,128,0,"[0,0,-12,9,-12,8,-11,8,-11,8,-11,9,-10,9,-10,9,-9,10,-9,10,-8,10,-8,10,-8,10,-8,11,-7,12,-7,11,-8,12,-8,12,-8,12,-8,12,-9,11,-9,11,-10,10,-9,10,-10,9,-10,8,-10,7,0,0,0,0,0,0,0,0,0,0,0,0,0,0,0,0,0,0,0,0,0,0,-8,6,-9,5,-9,5,-10,5,-10,4,-11,4,-11,4,-12,4,-12,3,-12,3,-12,2,-12,2,-12,2,-12,3,-12,3,-11,3,-12,4,-11,4,-11,5,-11,6,-11,6,-12,7,-12,7,-12,7,-12,8,-12,8]"
2025-08-18 22:32:48.471834,CSI_DATA,980,1a:00:00:00:00:00,-42,11,0,0,0,0,0,0,0,0,0,-94,0,1,0,167721770,0,31,0,128,0,"[0,0,-10,11,-10,11,-10,11,-9,11,-9,11,-9,11,-8,11,-8,11,-7,11,-7,11,-6,12,-6,12,-6,12,-6,13,-6,13,-6,13,-6,13,-6,13,-7,13,-7,13,-7,12,-8,12,-8,11,-8,11,-9,10,-9,9,0,0,0,0,0,0,0,0,0,0,0,0,0,0,0,0,0,0,0,0,0,0,-6,7,-7,7,-8,7,-9,7,-9,7,-10,7,-11,7,-11,6,-11,6,-11,5,-11,5,-11,5,-11,5,-11,5,-11,6,-11,6,-10,6,-10,7,-10,7,-10,8,-10,8,-10,9,-10,9,-10,10,-10,10,-10,10]"
2025-08-18 22:32:48.684436,CSI_DATA,981,1a:00:00:00:00:00,-42,11,0,0,0,0,0,0,0,0,0,-94,0,1,0,167923167,0,31,0,128,0,"[0,0,13,-5,13,-6,13,-6,13,-6,12,-6,12,-7,12,-7,11,-8,11,-8,11,-8,11,-8,10,-9,10,-9,10,-10,11,-10,11,-10,11,-10,11,-10,12,-9,12,-9,12,-8,12,-8,12,-7,12,-6,12,-5,12,-4,0,0,0,0,0,0,0,0,0,0,0,0,0,0,0,0,0,0,0,0,0,0,8,-5,9,-5,9,-4,10,-4,11,-3,11,-3,12,-2,12,-2,12,-1,12,-1,12,0,12,-1,12,0,12,-1,11,-1,11,-1,11,-2,12,-3,12,-3,12,-4,12,-4,12,-4,12,-5,13,-5,13,-5,13,-5]"
2025-08-18 22:32:48.873717,CSI_DATA,982,1a:00:00:00:00:00,-42,11,0,0,0,0,0,0,0,0,0,-94,0,1,0,168124223,0,31,0,128,0,"[0,0,-9,11,-9,11,-9,11,-8,11,-8,12,-8,12,-7,12,-6,12,-6,12,-5,12,-5,12,-5,13,-4,13,-4,13,-4,13,-4,13,-5,14,-5,14,-5,14,-6,14,-6,13,-6,13,-7,12,-8,11,-8,10,-8,10,0,0,0,0,0,0,0,0,0,0,0,0,0,0,0,0,0,0,0,0,0,0,-6,8,-6,8,-7,8,-8,8,-9,7,-9,7,-10,7,-10,7,-11,7,-11,6,-11,6,-11,6,-11,6,-11,6,-10,6,-10,7,-10,7,-10,7,-9,8,-9,9,-9,9,-9,10,-9,10,-9,11,-9,11,-9,11]"
2025-08-18 22:32:49.070624,CSI_DATA,983,1a:00:00:00:00:00,-42,11,0,0,0,0,0,0,0,0,0,-94,0,1,0,168325447,0,31,0,128,0,"[0,0,2,14,3,14,3,13,3,13,3,13,3,13,3,13,4,13,4,12,5,12,6,12,6,12,6,12,6,12,7,12,7,12,7,13,6,13,6,13,5,13,4,13,4,14,3,13,3,13,2,12,1,12,0,0,0,0,0,0,0,0,0,0,0,0,0,0,0,0,0,0,0,0,0,0,3,9,2,9,2,10,1,10,1,11,0,11,-1,12,-1,12,-2,12,-2,12,-2,12,-2,12,-2,12,-2,12,-2,11,-1,12,-1,12,0,12,0,12,0,12,1,12,1,13,2,13,2,13,2,14,3,14]"
2025-08-18 22:32:49.139822,CSI_DATA,984,1a:00:00:00:00:00,-42,11,0,0,0,0,0,0,0,0,0,-94,0,1,0,168386199,0,42,0,128,0,"[0,0,-14,-4,-14,-3,-14,-3,-14,-3,-14,-3,-14,-2,-13,-2,-13,-1,-13,-1,-13,0,-13,0,-13,1,-14,1,-14,1,-14,1,-14,1,-14,1,-14,1,-15,0,-14,0,-14,-1,-14,-1,-13,-2,-13,-2,-13,-3,-12,-3,0,0,0,0,0,0,0,0,0,0,0,0,0,0,0,0,0,0,0,0,0,0,-10,-2,-10,-3,-10,-3,-10,-4,-11,-5,-11,-5,-10,-6,-10,-6,-10,-7,-10,-7,-10,-7,-10,-7,-10,-7,-10,-7,-10,-7,-10,-6,-11,-6,-11,-6,-11,-5,-12,-5,-12,-5,-12,-5,-13,-4,-13,-4,-13,-4,-13,-4]"
2025-08-18 22:32:49.202553,CSI_DATA,985,1a:00:00:00:00:00,-42,11,0,0,0,0,0,0,0,0,0,-94,0,1,0,168453480,0,31,0,128,0,"[0,0,-5,13,-5,13,-5,13,-4,13,-4,13,-4,13,-3,13,-3,13,-2,12,-2,12,-1,12,-1,13,0,13,0,13,0,13,0,14,0,14,-1,14,-1,13,-2,14,-2,13,-3,13,-3,12,-4,12,-5,12,-5,11,0,0,0,0,0,0,0,0,0,0,0,0,0,0,0,0,0,0,0,0,0,0,-2,9,-3,9,-4,9,-4,10,-5,10,-6,10,-7,10,-7,9,-7,9,-8,9,-8,9,-8,9,-8,9,-8,9,-7,9,-7,9,-7,10,-6,10,-6,10,-6,11,-6,11,-5,11,-5,12,-5,12,-5,13,-5,13]"
2025-08-18 22:32:49.408518,CSI_DATA,986,1a:00:00:00:00:00,-42,11,0,0,0,0,0,0,0,0,0,-94,0,1,0,168654539,0,31,0,128,0,"[0,0,-14,-3,-14,-3,-14,-3,-14,-2,-14,-2,-14,-2,-14,-2,-14,-1,-14,0,-14,1,-14,1,-13,2,-14,2,-14,2,-14,2,-14,2,-14,2,-15,2,-15,1,-15,1,-15,0,-14,-1,-14,-1,-14,-1,-13,-2,-13,-3,0,0,0,0,0,0,0,0,0,0,0,0,0,0,0,0,0,0,0,0,0,0,-10,-2,-10,-2,-10,-3,-11,-4,-11,-4,-11,-5,-11,-6,-11,-6,-11,-7,-11,-7,-11,-7,-10,-7,-11,-7,-10,-6,-10,-6,-11,-6,-11,-6,-11,-5,-12,-5,-12,-5,-12,-5,-13,-4,-13,-3,-14,-3,-14,-3,-14,-3]"
2025-08-18 22:32:49.602903,CSI_DATA,987,1a:00:00:00:00:00,-42,11,0,0,0,0,0,0,0,0,0,-94,0,1,0,168855702,0,31,0,128,0,"[0,0,-1,14,0,13,0,13,0,13,0,13,1,13,1,12,2,12,2,12,3,12,3,12,3,12,4,12,4,12,5,12,5,12,4,13,4,13,4,13,4,13,3,13,3,13,1,13,1,12,0,12,-1,11,0,0,0,0,0,0,0,0,0,0,0,0,0,0,0,0,0,0,0,0,0,0,0,9,-1,9,-2,9,-2,10,-2,10,-3,10,-4,11,-4,10,-4,11,-5,10,-6,10,-6,10,-6,10,-5,10,-4,10,-4,10,-4,10,-3,11,-3,11,-2,12,-2,12,-2,12,-2,12,-2,13,-1,13,-1,13]"
2025-08-18 22:32:49.812880,CSI_DATA,988,1a:00:00:00:00:00,-42,11,0,0,0,0,0,0,0,0,0,-94,0,1,0,169057065,0,31,0,128,0,"[0,0,-6,-14,-7,-13,-7,-13,-7,-13,-7,-12,-7,-12,-7,-12,-8,-12,-8,-11,-9,-11,-9,-10,-10,-10,-10,-10,-10,-10,-11,-10,-10,-10,-10,-11,-10,-11,-10,-12,-10,-12,-9,-12,-8,-12,-8,-12,-7,-12,-6,-12,-5,-12,0,0,0,0,0,0,0,0,0,0,0,0,0,0,0,0,0,0,0,0,0,0,-5,-9,-5,-9,-5,-10,-4,-10,-4,-11,-3,-11,-3,-12,-2,-12,-2,-13,-1,-13,-1,-12,-1,-12,-1,-12,-1,-12,-2,-12,-2,-12,-3,-12,-3,-12,-3,-12,-4,-13,-4,-12,-5,-13,-5,-13,-6,-13,-6,-13,-6,-13]"
2025-08-18 22:32:50.004355,CSI_DATA,989,1a:00:00:00:00:00,-42,11,0,0,0,0,0,0,0,0,0,-94,0,1,0,169258176,0,31,0,128,0,"[0,0,2,14,2,13,2,13,2,13,3,13,3,13,3,12,4,12,4,12,5,11,5,12,5,11,5,12,6,12,6,11,7,12,6,12,6,13,6,13,5,13,4,13,4,13,3,12,2,13,1,12,1,12,0,0,0,0,0,0,0,0,0,0,0,0,0,0,0,0,0,0,0,0,0,0,2,9,2,9,1,9,1,10,0,10,0,11,-1,11,-2,11,-2,11,-2,11,-3,11,-3,11,-3,11,-3,11,-2,11,-2,11,-2,11,-1,11,0,12,0,12,0,12,1,12,1,12,1,13,1,13,2,13]"
2025-08-18 22:32:50.216099,CSI_DATA,990,1a:00:00:00:00:00,-42,11,0,0,0,0,0,0,0,0,0,-94,0,1,0,169459393,0,31,0,128,0,"[0,0,-4,14,-4,13,-4,13,-3,13,-3,14,-2,13,-2,13,-1,13,-1,13,0,12,0,13,0,13,0,13,1,14,1,13,1,14,1,13,0,15,0,14,0,14,-1,14,-2,13,-2,13,-3,13,-4,12,-4,12,0,0,0,0,0,0,0,0,0,0,0,0,0,0,0,0,0,0,0,0,0,0,-1,9,-2,10,-3,9,-4,10,-4,10,-5,10,-6,10,-6,10,-6,10,-7,9,-7,9,-7,9,-7,10,-7,9,-7,10,-6,9,-6,10,-5,10,-5,11,-5,11,-5,11,-4,12,-4,12,-4,13,-4,13,-4,13]"
2025-08-18 22:32:50.414336,CSI_DATA,991,1a:00:00:00:00:00,-42,11,0,0,0,0,0,0,0,0,0,-94,0,1,0,169660528,0,31,0,128,0,"[0,0,-13,-8,-13,-8,-12,-8,-12,-8,-13,-7,-13,-7,-12,-7,-13,-6,-13,-6,-13,-5,-13,-4,-13,-4,-13,-4,-14,-4,-14,-4,-14,-4,-15,-4,-15,-4,-15,-5,-14,-5,-14,-6,-13,-6,-13,-6,-12,-7,-12,-7,-11,-7,0,0,0,0,0,0,0,0,0,0,0,0,0,0,0,0,0,0,0,0,0,0,-9,-5,-9,-6,-9,-7,-9,-7,-9,-8,-9,-9,-8,-9,-8,-10,-8,-10,-8,-10,-8,-10,-7,-10,-8,-10,-8,-10,-8,-10,-8,-9,-8,-9,-9,-9,-9,-9,-10,-9,-10,-9,-11,-8,-11,-8,-12,-8,-12,-8,-12,-8]"
2025-08-18 22:32:50.609449,CSI_DATA,992,1a:00:00:00:00:00,-42,11,0,0,0,0,0,0,0,0,0,-94,0,1,0,169861673,0,31,0,128,0,"[0,0,-4,14,-4,14,-4,14,-3,13,-3,13,-2,13,-2,13,-1,13,-1,13,0,13,-1,13,0,13,1,13,1,14,1,14,1,14,1,14,1,14,1,15,0,14,0,14,-1,14,-2,13,-3,13,-3,12,-4,12,0,0,0,0,0,0,0,0,0,0,0,0,0,0,0,0,0,0,0,0,0,0,-2,9,-3,9,-4,10,-5,10,-5,10,-6,10,-7,10,-7,10,-7,10,-8,10,-8,9,-8,9,-8,9,-8,9,-7,9,-7,10,-7,10,-6,10,-6,11,-6,11,-5,12,-5,12,-5,13,-5,13,-5,13,-4,13]"
2025-08-18 22:32:50.677767,CSI_DATA,993,1a:00:00:00:00:00,-42,11,0,0,0,0,0,0,0,0,0,-94,0,1,0,169922416,0,42,0,128,0,"[0,0,-11,-10,-11,-10,-11,-10,-11,-10,-11,-9,-11,-9,-11,-9,-12,-8,-12,-7,-12,-7,-12,-7,-12,-6,-13,-6,-13,-6,-13,-6,-14,-6,-14,-6,-14,-6,-14,-7,-13,-7,-13,-8,-12,-8,-11,-8,-11,-8,-10,-9,-10,-9,0,0,0,0,0,0,0,0,0,0,0,0,0,0,0,0,0,0,0,0,0,0,-8,-7,-8,-7,-7,-8,-7,-9,-7,-9,-7,-10,-6,-11,-6,-11,-6,-11,-6,-12,-5,-12,-5,-11,-5,-11,-5,-11,-6,-11,-6,-11,-6,-11,-7,-10,-8,-11,-8,-10,-8,-10,-9,-10,-10,-10,-10,-11,-10,-10,-10,-11]"
2025-08-18 22:32:50.737569,CSI_DATA,994,1a:00:00:00:00:00,-42,11,0,0,0,0,0,0,0,0,0,-94,0,1,0,169988844,0,31,0,128,0,"[0,0,9,-11,8,-12,8,-11,8,-12,8,-12,7,-11,7,-12,6,-12,6,-12,5,-12,5,-13,4,-13,4,-13,4,-13,4,-14,4,-14,5,-14,5,-14,5,-14,6,-13,6,-13,7,-12,7,-12,7,-11,7,-10,8,-10,0,0,0,0,0,0,0,0,0,0,0,0,0,0,0,0,0,0,0,0,0,0,5,-8,5,-8,6,-8,7,-8,8,-8,9,-8,9,-7,9,-7,10,-7,10,-7,10,-6,10,-6,10,-6,10,-6,9,-6,9,-7,9,-7,9,-8,9,-8,9,-9,9,-9,9,-10,9,-10,9,-11,9,-11,9,-11]"
2025-08-18 22:32:50.936893,CSI_DATA,995,1a:00:00:00:00:00,-42,11,0,0,0,0,0,0,0,0,0,-94,0,1,0,170189914,0,31,0,128,0,"[0,0,0,14,1,14,1,13,1,13,1,13,2,13,2,13,3,12,3,12,4,12,4,12,4,12,5,12,5,12,5,12,5,12,5,13,5,13,5,13,4,13,3,13,3,13,2,13,1,13,1,12,0,12,0,0,0,0,0,0,0,0,0,0,0,0,0,0,0,0,0,0,0,0,0,0,1,9,1,9,0,10,0,10,-1,11,-2,11,-2,11,-3,11,-3,12,-4,11,-4,11,-4,11,-4,11,-4,11,-3,11,-3,11,-2,11,-2,11,-2,12,-1,12,-1,12,0,13,0,13,0,13,0,13,1,14]"
2025-08-18 22:32:51.136241,CSI_DATA,996,1a:00:00:00:00:00,-42,11,0,0,0,0,0,0,0,0,0,-94,0,1,0,170391153,0,31,0,128,0,"[0,0,13,4,13,3,13,3,13,3,13,2,13,2,13,2,12,1,13,1,13,0,13,0,13,-1,13,-1,13,-1,14,-1,13,-2,14,-1,14,-1,14,0,14,0,14,1,13,1,13,2,12,3,12,3,11,4,0,0,0,0,0,0,0,0,0,0,0,0,0,0,0,0,0,0,0,0,0,0,9,1,9,1,10,2,9,3,10,3,10,4,10,5,10,5,10,6,10,6,9,6,9,7,9,7,9,6,9,6,10,6,10,5,10,5,10,5,11,4,11,4,12,4,12,4,13,3,13,4,13,3]"
2025-08-18 22:32:51.340593,CSI_DATA,997,1a:00:00:00:00:00,-42,11,0,0,0,0,0,0,0,0,0,-94,0,1,0,170592291,0,31,0,128,0,"[0,0,-7,12,-7,12,-7,11,-7,12,-6,12,-6,12,-5,12,-5,12,-4,12,-4,12,-4,12,-3,12,-3,13,-2,13,-2,13,-3,13,-3,14,-3,14,-4,14,-4,13,-5,13,-5,13,-6,12,-6,12,-7,11,-7,10,0,0,0,0,0,0,0,0,0,0,0,0,0,0,0,0,0,0,0,0,0,0,-4,8,-5,8,-6,8,-7,8,-7,8,-8,8,-9,8,-9,8,-9,8,-10,7,-10,7,-10,7,-10,7,-9,7,-9,7,-9,8,-8,8,-8,9,-8,9,-8,9,-8,10,-8,10,-8,11,-8,11,-8,11,-7,11]"
2025-08-18 22:32:51.543679,CSI_DATA,998,1a:00:00:00:00:00,-42,11,0,0,0,0,0,0,0,0,0,-94,0,1,0,170793460,0,31,0,128,0,"[0,0,-12,8,-11,8,-11,8,-11,8,-11,9,-10,8,-10,9,-10,9,-9,9,-8,10,-8,10,-7,11,-8,11,-8,11,-8,11,-8,11,-8,12,-9,11,-9,11,-10,10,-10,10,-10,9,-10,9,-10,9,-10,8,-11,7,0,0,0,0,0,0,0,0,0,0,0,0,0,0,0,0,0,0,0,0,0,0,-7,6,-8,6,-9,6,-9,6,-10,5,-11,5,-11,4,-12,4,-12,3,-12,3,-12,4,-12,4,-12,4,-11,4,-11,4,-11,4,-11,4,-11,5,-11,5,-11,6,-12,6,-11,6,-11,7,-11,8,-11,9,-11,8]"
2025-08-18 22:32:51.748299,CSI_DATA,999,1a:00:00:00:00:00,-42,11,0,0,0,0,0,0,0,0,0,-94,0,1,0,170994604,0,31,0,128,0,"[0,0,6,-13,5,-13,5,-13,5,-13,4,-14,4,-13,4,-13,3,-13,3,-13,2,-13,2,-13,1,-14,1,-14,1,-14,1,-14,1,-15,1,-15,1,-15,2,-15,2,-15,3,-14,3,-14,4,-13,4,-13,4,-12,5,-12,0,0,0,0,0,0,0,0,0,0,0,0,0,0,0,0,0,0,0,0,0,0,3,-9,4,-10,5,-9,5,-10,6,-9,7,-10,7,-9,8,-9,8,-9,8,-9,8,-9,8,-8,8,-9,8,-9,8,-9,7,-9,7,-9,7,-10,7,-10,7,-11,6,-11,6,-12,6,-12,6,-13,6,-13,6,-13]"
2025-08-18 22:32:51.947459,CSI_DATA,1000,1a:00:00:00:00:00,-42,11,0,0,0,0,0,0,0,0,0,-94,0,1,0,171195996,0,31,0,128,0,"[0,0,-14,2,-14,2,-14,2,-13,3,-14,3,-13,3,-13,3,-13,4,-12,4,-12,5,-12,5,-12,6,-12,6,-12,6,-12,7,-13,7,-12,6,-13,7,-13,6,-13,5,-13,5,-13,4,-13,4,-13,3,-12,2,-13,1,0,0,0,0,0,0,0,0,0,0,0,0,0,0,0,0,0,0,0,0,0,0,-9,2,-10,1,-10,1,-11,0,-11,0,-12,-1,-12,-1,-12,-2,-12,-2,-12,-3,-12,-3,-12,-3,-12,-3,-12,-2,-12,-2,-12,-2,-12,-2,-12,-1,-13,-1,-12,0,-13,0,-13,1,-13,1,-14,1,-14,2,-14,2]"
2025-08-18 22:32:52.146786,CSI_DATA,1001,1a:00:00:00:00:00,-42,11,0,0,0,0,0,0,0,0,0,-94,0,1,0,171397066,0,31,0,128,0,"[0,0,-13,8,-12,8,-12,8,-12,8,-11,8,-11,9,-11,9,-10,9,-10,10,-9,10,-9,10,-8,11,-9,11,-8,11,-9,12,-8,11,-9,12,-9,12,-9,11,-10,11,-10,10,-10,10,-11,9,-11,8,-11,7,-11,7,0,0,0,0,0,0,0,0,0,0,0,0,0,0,0,0,0,0,0,0,0,0,-8,6,-9,5,-10,5,-10,5,-11,5,-11,4,-12,4,-12,3,-12,3,-13,3,-13,2,-13,2,-12,2,-12,2,-12,3,-12,3,-12,4,-12,4,-12,4,-12,5,-12,6,-12,6,-12,7,-12,7,-13,8,-12,8]"
2025-08-18 22:32:52.203790,CSI_DATA,1002,1a:00:00:00:00:00,-42,11,0,0,0,0,0,0,0,0,0,-94,0,1,0,171457855,0,42,0,128,0,"[0,0,14,3,13,2,13,2,13,1,13,1,13,1,13,0,13,0,13,-1,13,-1,13,-1,13,-2,13,-2,13,-2,13,-2,14,-3,14,-3,14,-2,14,-2,14,-1,14,-1,13,0,13,1,13,2,12,2,12,3,0,0,0,0,0,0,0,0,0,0,0,0,0,0,0,0,0,0,0,0,0,0,9,0,10,1,10,1,10,2,10,2,10,3,10,4,11,4,11,5,10,5,10,6,10,6,10,5,10,5,10,5,10,5,10,4,11,4,11,4,11,3,12,3,12,2,13,2,13,2,13,2,14,2]"
2025-08-18 22:32:52.268291,CSI_DATA,1003,1a:00:00:00:00:00,-42,11,0,0,0,0,0,0,0,0,0,-94,0,1,0,171524986,0,31,0,128,0,"[0,0,9,10,9,9,9,9,10,9,10,9,10,8,10,8,10,7,10,7,11,6,11,6,11,6,11,5,12,5,12,5,12,5,12,6,12,6,12,7,12,7,11,7,11,8,10,8,9,8,9,8,8,9,0,0,0,0,0,0,0,0,0,0,0,0,0,0,0,0,0,0,0,0,0,0,7,6,6,6,6,7,6,8,6,9,6,9,5,10,5,10,4,11,4,11,4,11,4,11,4,11,4,10,4,10,5,10,5,10,6,10,6,10,7,10,7,10,7,10,8,10,8,10,9,10,9,10]"
2025-08-18 22:32:52.471835,CSI_DATA,1004,1a:00:00:00:00:00,-42,11,0,0,0,0,0,0,0,0,0,-94,0,1,0,171726033,0,31,0,128,0,"[0,0,8,12,8,11,9,11,9,11,9,11,9,10,9,9,10,9,10,8,10,8,11,8,11,7,11,7,11,7,12,7,12,7,12,7,12,8,12,8,12,9,11,9,11,9,10,9,9,10,8,10,7,10,0,0,0,0,0,0,0,0,0,0,0,0,0,0,0,0,0,0,0,0,0,0,6,7,6,8,5,8,5,9,5,10,5,11,4,11,4,11,4,11,3,12,3,12,3,12,3,11,3,11,3,11,4,11,4,11,5,11,5,11,6,11,6,11,7,11,7,11,8,11,8,11,8,11]"
2025-08-18 22:32:52.872546,CSI_DATA,1005,1a:00:00:00:00:00,-42,11,0,0,0,0,0,0,0,0,0,-94,0,1,0,171927219,0,31,0,128,0,"[0,0,5,-14,5,-14,5,-14,4,-13,4,-14,4,-13,3,-13,3,-14,2,-13,1,-13,1,-14,0,-14,0,-14,0,-14,0,-14,0,-15,0,-15,1,-15,1,-15,2,-15,2,-14,3,-14,3,-14,4,-13,4,-12,5,-12,0,0,0,0,0,0,0,0,0,0,0,0,0,0,0,0,0,0,0,0,0,0,2,-10,3,-10,4,-10,5,-10,5,-10,6,-10,7,-10,7,-10,7,-10,8,-9,8,-9,8,-9,8,-9,7,-9,7,-9,7,-9,7,-10,6,-10,6,-11,6,-11,6,-12,6,-12,5,-12,5,-13,5,-13,5,-13]"
2025-08-18 22:32:52.877750,CSI_DATA,1006,1a:00:00:00:00:00,-42,11,0,0,0,0,0,0,0,0,0,-94,0,1,0,172128363,0,31,0,128,0,"[0,0,13,4,13,4,13,4,13,3,13,3,13,3,13,2,13,2,13,1,13,1,13,0,13,0,13,0,13,-1,13,-1,14,-1,14,-1,14,0,14,0,14,1,14,1,13,2,13,3,12,3,12,3,11,4,0,0,0,0,0,0,0,0,0,0,0,0,0,0,0,0,0,0,0,0,0,0,9,2,9,2,9,3,9,4,10,4,10,5,10,6,9,6,9,7,9,7,9,7,9,7,9,7,9,7,9,7,9,6,9,6,10,5,10,5,11,5,11,5,11,5,12,5,12,4,13,4,13,4]"
2025-08-18 22:32:53.079625,CSI_DATA,1007,1a:00:00:00:00:00,-42,11,0,0,0,0,0,0,0,0,0,-94,0,1,0,172329699,0,31,0,128,0,"[0,0,-14,5,-14,5,-13,5,-13,5,-13,5,-13,5,-12,6,-12,6,-12,6,-12,7,-11,7,-11,8,-11,8,-11,8,-11,9,-11,9,-12,9,-12,9,-12,8,-12,8,-13,7,-12,6,-13,6,-13,5,-13,4,-12,3,0,0,0,0,0,0,0,0,0,0,0,0,0,0,0,0,0,0,0,0,0,0,-9,4,-10,4,-10,3,-11,3,-12,2,-12,2,-12,1,-12,1,-13,0,-13,0,-13,0,-13,-1,-12,0,-12,0,-12,0,-12,0,-12,1,-12,1,-12,2,-13,2,-13,3,-13,3,-13,4,-13,4,-14,4,-13,4]"
2025-08-18 22:32:53.279171,CSI_DATA,1008,1a:00:00:00:00:00,-42,11,0,0,0,0,0,0,0,0,0,-94,0,1,0,172530815,0,31,0,128,0,"[0,0,8,-12,8,-12,7,-12,7,-12,7,-12,6,-12,6,-12,6,-12,5,-12,4,-13,4,-13,3,-13,4,-13,3,-13,4,-14,3,-14,4,-14,4,-14,5,-14,5,-14,6,-13,6,-13,7,-12,7,-12,7,-11,7,-10,0,0,0,0,0,0,0,0,0,0,0,0,0,0,0,0,0,0,0,0,0,0,4,-9,5,-9,6,-9,6,-9,7,-9,7,-9,8,-8,9,-8,9,-8,9,-8,9,-8,9,-7,9,-8,9,-8,8,-7,9,-8,8,-8,8,-9,8,-9,8,-10,8,-10,8,-10,8,-11,8,-11,7,-12,8,-12]"
2025-08-18 22:32:53.501247,CSI_DATA,1009,1a:00:00:00:00:00,-42,11,0,0,0,0,0,0,0,0,0,-94,0,1,0,172731959,0,31,0,128,0,"[0,0,-2,-15,-3,-14,-3,-15,-3,-14,-4,-14,-4,-14,-4,-13,-5,-14,-5,-13,-5,-12,-6,-13,-7,-13,-7,-13,-7,-13,-7,-13,-7,-13,-7,-13,-7,-14,-7,-14,-6,-14,-5,-14,-5,-14,-4,-13,-3,-14,-3,-13,-2,-13,0,0,0,0,0,0,0,0,0,0,0,0,0,0,0,0,0,0,0,0,0,0,-3,-10,-2,-11,-2,-11,-1,-11,0,-11,0,-12,1,-12,1,-13,2,-12,2,-12,2,-12,2,-12,2,-12,2,-12,2,-12,1,-12,1,-13,0,-12,0,-13,0,-13,-1,-13,-1,-14,-2,-13,-2,-14,-2,-14,-2,-15]"
2025-08-18 22:32:53.681440,CSI_DATA,1010,1a:00:00:00:00:00,-42,11,0,0,0,0,0,0,0,0,0,-94,0,1,0,172933104,0,31,0,128,0,"[0,0,7,-13,6,-13,6,-13,6,-13,6,-13,5,-13,5,-13,4,-13,4,-13,3,-13,3,-13,2,-13,2,-14,2,-14,2,-14,2,-14,2,-14,3,-15,3,-15,4,-14,4,-14,4,-14,5,-13,5,-12,6,-11,6,-11,0,0,0,0,0,0,0,0,0,0,0,0,0,0,0,0,0,0,0,0,0,0,3,-9,4,-10,4,-9,5,-10,6,-10,7,-10,7,-9,8,-9,8,-9,8,-8,9,-8,9,-8,8,-8,8,-8,8,-9,8,-9,7,-9,7,-9,7,-11,7,-11,7,-11,7,-12,6,-12,6,-12,7,-12,7,-13]"
2025-08-18 22:32:53.741880,CSI_DATA,1011,1a:00:00:00:00:00,-42,11,0,0,0,0,0,0,0,0,0,-94,0,1,0,172994033,0,42,0,128,0,"[0,0,7,-12,6,-13,6,-12,6,-12,5,-12,5,-12,5,-12,4,-13,4,-12,3,-13,3,-13,2,-13,2,-13,2,-14,2,-14,2,-14,2,-14,3,-14,3,-14,3,-14,4,-14,4,-13,5,-13,5,-12,6,-11,6,-11,0,0,0,0,0,0,0,0,0,0,0,0,0,0,0,0,0,0,0,0,0,0,3,-9,4,-9,5,-9,6,-9,6,-9,7,-9,8,-9,8,-8,8,-8,9,-8,8,-8,9,-8,9,-8,8,-8,8,-8,8,-8,8,-9,7,-9,7,-9,7,-10,7,-10,7,-11,6,-11,7,-12,7,-12,7,-12]"
2025-08-18 22:32:53.824904,CSI_DATA,1012,1a:00:00:00:00:00,-42,11,0,0,0,0,0,0,0,0,0,-94,0,1,0,173060870,0,31,0,128,0,"[0,0,11,-9,11,-9,10,-9,10,-9,10,-9,9,-9,9,-10,9,-10,9,-10,8,-11,7,-11,7,-11,7,-12,7,-12,7,-12,7,-12,7,-12,8,-12,9,-12,9,-11,9,-11,9,-10,9,-10,9,-9,9,-8,10,-8,0,0,0,0,0,0,0,0,0,0,0,0,0,0,0,0,0,0,0,0,0,0,6,-7,7,-7,8,-6,9,-6,9,-6,10,-6,10,-5,11,-5,11,-4,11,-4,11,-4,11,-4,11,-4,11,-4,11,-4,10,-4,10,-5,10,-6,10,-6,10,-6,10,-7,11,-7,11,-8,11,-8,11,-9,11,-9]"
2025-08-18 22:32:54.005334,CSI_DATA,1013,1a:00:00:00:00:00,-42,11,0,0,0,0,0,0,0,0,0,-94,0,1,0,173262000,0,31,0,128,0,"[0,0,14,5,13,4,13,4,14,4,13,3,13,3,13,2,13,2,13,1,13,1,13,0,13,0,13,0,13,-1,14,-1,14,-1,14,-1,14,0,14,0,14,0,14,1,14,2,13,2,13,3,12,3,12,4,0,0,0,0,0,0,0,0,0,0,0,0,0,0,0,0,0,0,0,0,0,0,9,2,9,3,9,4,9,4,10,5,9,6,9,6,9,7,9,7,9,8,9,8,9,8,9,8,9,7,9,7,9,7,9,6,10,6,10,6,11,5,11,5,12,5,12,5,12,5,13,5,13,4]"
2025-08-18 22:32:54.217865,CSI_DATA,1014,1a:00:00:00:00:00,-42,11,0,0,0,0,0,0,0,0,0,-94,0,1,0,173463352,0,31,0,128,0,"[0,0,-13,-7,-13,-7,-13,-7,-13,-7,-13,-6,-13,-6,-13,-6,-13,-5,-13,-4,-13,-4,-13,-3,-13,-3,-14,-3,-14,-2,-14,-2,-14,-2,-15,-3,-15,-3,-15,-3,-15,-4,-14,-4,-14,-5,-13,-5,-13,-5,-12,-6,-12,-7,0,0,0,0,0,0,0,0,0,0,0,0,0,0,0,0,0,0,0,0,0,0,-9,-4,-9,-5,-10,-6,-9,-6,-10,-7,-9,-8,-9,-9,-9,-9,-9,-9,-8,-10,-9,-10,-8,-10,-8,-10,-8,-9,-8,-9,-9,-9,-9,-8,-10,-8,-10,-8,-10,-8,-11,-8,-11,-8,-12,-8,-12,-7,-13,-7,-13,-7]"
2025-08-18 22:32:54.407887,CSI_DATA,1015,1a:00:00:00:00:00,-42,11,0,0,0,0,0,0,0,0,0,-94,0,1,0,173664443,0,31,0,128,0,"[0,0,12,7,12,7,11,6,12,6,12,6,12,6,12,5,12,5,12,4,12,3,12,3,12,2,13,2,13,2,13,2,13,2,14,2,14,3,14,4,13,4,13,4,13,5,12,5,11,5,11,6,10,6,0,0,0,0,0,0,0,0,0,0,0,0,0,0,0,0,0,0,0,0,0,0,8,3,8,4,8,5,8,6,9,6,8,7,8,8,8,8,8,9,7,9,7,9,7,9,7,9,7,8,7,8,7,8,8,8,8,7,8,7,9,7,10,7,10,7,11,7,11,7,11,7,12,7]"
2025-08-18 22:32:54.611609,CSI_DATA,1016,1a:00:00:00:00:00,-42,11,0,0,0,0,0,0,0,0,0,-94,0,1,0,173865571,0,31,0,128,0,"[0,0,4,14,4,14,4,13,5,13,5,13,5,13,5,12,6,12,6,12,7,11,7,11,8,11,8,11,8,11,9,11,9,11,9,12,9,12,8,12,7,13,7,13,6,13,5,13,5,13,4,12,3,12,0,0,0,0,0,0,0,0,0,0,0,0,0,0,0,0,0,0,0,0,0,0,3,9,3,10,2,10,1,11,1,11,0,12,0,12,-1,12,-1,12,-2,12,-2,12,-2,12,-2,12,-1,12,-1,12,-1,12,0,12,0,12,1,12,1,13,1,13,2,13,3,13,3,13,3,14,4,14]"
2025-08-18 22:32:54.869665,CSI_DATA,1017,1a:00:00:00:00:00,-42,11,0,0,0,0,0,0,0,0,0,-94,0,1,0,174066728,0,31,0,128,0,"[0,0,9,9,10,9,10,8,10,9,10,8,10,8,10,8,10,7,10,7,11,6,11,6,11,5,12,5,12,5,12,5,12,5,13,5,13,6,13,6,12,7,11,7,11,8,10,8,10,8,9,8,8,8,0,0,0,0,0,0,0,0,0,0,0,0,0,0,0,0,0,0,0,0,0,0,7,5,7,6,7,7,7,7,7,8,6,9,6,9,6,10,5,10,5,10,5,10,5,10,5,10,5,10,5,10,5,10,6,9,7,9,7,9,7,9,7,9,8,9,9,9,9,9,9,9,10,9]"
2025-08-18 22:32:55.034811,CSI_DATA,1018,1a:00:00:00:00:00,-42,11,0,0,0,0,0,0,0,0,0,-94,0,1,0,174267984,0,31,0,128,0,"[0,0,-12,9,-12,9,-11,9,-12,9,-11,9,-11,10,-10,10,-10,10,-9,10,-9,10,-9,11,-8,11,-8,11,-8,12,-8,12,-8,12,-8,12,-9,12,-9,12,-10,12,-10,11,-10,10,-10,10,-11,9,-11,8,-11,7,0,0,0,0,0,0,0,0,0,0,0,0,0,0,0,0,0,0,0,0,0,0,-7,7,-8,6,-9,7,-10,6,-10,6,-11,6,-12,5,-12,4,-12,4,-13,4,-13,4,-12,4,-12,4,-12,4,-12,4,-12,4,-12,5,-12,4,-12,6,-12,6,-12,7,-12,7,-12,8,-12,8,-12,9,-12,9]"
2025-08-18 22:32:55.224199,CSI_DATA,1019,1a:00:00:00:00:00,-42,11,0,0,0,0,0,0,0,0,0,-94,0,1,0,174469178,0,31,0,128,0,"[0,0,-12,-9,-12,-9,-13,-9,-12,-8,-13,-8,-12,-7,-12,-7,-13,-7,-13,-6,-13,-6,-13,-6,-13,-5,-14,-5,-14,-5,-14,-4,-15,-4,-14,-5,-15,-5,-15,-5,-14,-6,-14,-7,-13,-7,-12,-7,-12,-8,-11,-8,-11,-9,0,0,0,0,0,0,0,0,0,0,0,0,0,0,0,0,0,0,0,0,0,0,-9,-5,-9,-6,-9,-7,-9,-8,-9,-8,-9,-9,-8,-10,-8,-10,-8,-11,-7,-10,-7,-11,-7,-11,-7,-11,-7,-10,-8,-11,-7,-10,-8,-10,-8,-9,-9,-10,-10,-9,-10,-9,-11,-9,-11,-9,-11,-9,-12,-9,-12,-9]"
2025-08-18 22:32:55.280441,CSI_DATA,1020,1a:00:00:00:00:00,-42,11,0,0,0,0,0,0,0,0,0,-94,0,1,0,174529822,0,42,0,128,0,"[0,0,-13,7,-12,7,-12,7,-12,7,-12,8,-11,8,-11,8,-10,8,-10,8,-10,9,-9,9,-9,10,-9,10,-9,10,-9,10,-9,11,-9,11,-10,10,-10,11,-10,10,-11,10,-11,9,-11,8,-11,8,-11,7,-11,6,0,0,0,0,0,0,0,0,0,0,0,0,0,0,0,0,0,0,0,0,0,0,-8,5,-9,5,-10,4,-10,4,-11,3,-11,3,-12,3,-12,2,-12,2,-12,2,-12,1,-12,1,-12,2,-12,2,-12,2,-12,2,-12,2,-12,3,-12,4,-12,4,-12,5,-12,5,-12,6,-12,6,-12,6,-12,7]"
2025-08-18 22:32:55.356973,CSI_DATA,1021,1a:00:00:00:00:00,-42,11,0,0,0,0,0,0,0,0,0,-94,0,1,0,174596279,0,31,0,128,0,"[0,0,14,2,13,2,14,2,13,1,14,1,13,1,13,1,13,0,13,0,13,-2,13,-2,13,-3,13,-3,13,-3,13,-3,14,-3,14,-3,14,-3,15,-2,14,-1,14,-1,14,0,13,0,13,1,13,1,12,2,0,0,0,0,0,0,0,0,0,0,0,0,0,0,0,0,0,0,0,0,0,0,9,0,10,1,10,2,10,2,10,3,10,4,10,4,10,5,10,5,10,5,10,5,10,6,10,5,10,5,10,5,10,5,10,5,11,4,11,3,11,4,12,3,12,3,13,2,13,2,13,2,14,2]"
2025-08-18 22:32:55.547416,CSI_DATA,1022,1a:00:00:00:00:00,-42,11,0,0,0,0,0,0,0,0,0,-94,0,1,0,174797359,0,31,0,128,0,"[0,0,11,-9,11,-10,10,-10,10,-10,10,-11,10,-10,9,-11,9,-11,8,-11,8,-11,7,-12,7,-12,6,-13,6,-13,6,-13,7,-13,7,-13,8,-13,8,-13,8,-13,9,-12,9,-12,9,-11,9,-11,9,-9,10,-9,0,0,0,0,0,0,0,0,0,0,0,0,0,0,0,0,0,0,0,0,0,0,7,-7,7,-7,8,-7,9,-6,10,-6,10,-6,11,-6,11,-5,11,-4,11,-4,12,-4,11,-4,11,-4,11,-4,11,-5,11,-5,11,-5,11,-6,11,-7,11,-7,11,-7,11,-8,11,-8,11,-9,11,-9,11,-9]"
2025-08-18 22:32:55.749168,CSI_DATA,1023,1a:00:00:00:00:00,-42,11,0,0,0,0,0,0,0,0,0,-94,0,1,0,174998508,0,31,0,128,0,"[0,0,-14,4,-14,4,-13,4,-13,4,-13,5,-13,5,-13,5,-12,5,-12,6,-11,6,-11,7,-11,7,-11,8,-11,8,-11,8,-11,8,-12,8,-12,8,-13,8,-13,7,-13,6,-13,6,-13,5,-13,5,-13,4,-12,3,0,0,0,0,0,0,0,0,0,0,0,0,0,0,0,0,0,0,0,0,0,0,-9,4,-10,3,-10,2,-11,2,-11,2,-12,1,-12,0,-12,0,-13,-1,-13,-1,-12,-1,-12,-1,-12,-1,-12,-1,-12,0,-12,0,-12,0,-12,1,-12,1,-13,2,-13,2,-13,2,-13,3,-13,4,-13,4,-14,4]"
2025-08-18 22:32:55.955133,CSI_DATA,1024,1a:00:00:00:00:00,-42,11,0,0,0,0,0,0,0,0,0,-94,0,1,0,175199698,0,31,0,128,0,"[0,0,-11,-10,-11,-10,-11,-10,-11,-10,-11,-9,-11,-9,-11,-8,-11,-8,-12,-7,-12,-7,-12,-7,-12,-6,-12,-6,-13,-6,-13,-6,-13,-6,-13,-6,-14,-7,-14,-7,-13,-8,-13,-8,-12,-8,-11,-9,-11,-9,-10,-9,-9,-9,0,0,0,0,0,0,0,0,0,0,0,0,0,0,0,0,0,0,0,0,0,0,-8,-6,-8,-7,-8,-8,-7,-8,-8,-9,-7,-10,-7,-10,-7,-11,-6,-11,-5,-11,-6,-11,-5,-11,-6,-11,-6,-11,-6,-11,-6,-11,-7,-10,-7,-10,-8,-10,-8,-10,-8,-10,-9,-10,-10,-10,-10,-10,-10,-10,-10,-10]"
2025-08-18 22:32:56.156389,CSI_DATA,1025,1a:00:00:00:00:00,-42,11,0,0,0,0,0,0,0,0,0,-94,0,1,0,175400943,0,31,0,128,0,"[0,0,-11,-10,-11,-10,-11,-10,-11,-10,-11,-9,-11,-9,-11,-8,-12,-8,-12,-7,-12,-7,-12,-7,-12,-6,-12,-6,-13,-6,-13,-6,-13,-6,-14,-6,-14,-6,-14,-7,-13,-7,-13,-8,-12,-8,-12,-8,-11,-9,-10,-9,-9,-9,0,0,0,0,0,0,0,0,0,0,0,0,0,0,0,0,0,0,0,0,0,0,-8,-6,-8,-7,-8,-8,-7,-8,-7,-9,-7,-10,-7,-10,-7,-11,-6,-11,-6,-11,-6,-11,-6,-11,-6,-11,-6,-11,-6,-11,-6,-11,-7,-10,-7,-10,-8,-10,-8,-10,-9,-10,-9,-10,-10,-10,-10,-10,-10,-10,-10,-10]"
2025-08-18 22:32:56.352085,CSI_DATA,1026,1a:00:00:00:00:00,-42,11,0,0,0,0,0,0,0,0,0,-94,0,1,0,175602031,0,31,0,128,0,"[0,0,-8,12,-7,12,-7,11,-7,12,-7,12,-6,12,-6,12,-5,12,-5,12,-4,12,-4,12,-3,12,-3,13,-3,13,-3,13,-3,13,-3,14,-4,14,-4,14,-4,13,-5,13,-6,13,-6,12,-6,11,-7,11,-7,10,0,0,0,0,0,0,0,0,0,0,0,0,0,0,0,0,0,0,0,0,0,0,-4,8,-5,8,-6,8,-7,8,-7,8,-8,8,-9,8,-9,8,-9,8,-10,7,-10,7,-10,7,-10,7,-9,7,-9,7,-9,8,-8,8,-8,8,-8,9,-8,9,-8,9,-8,10,-8,11,-8,11,-8,11,-8,11]"
2025-08-18 22:32:56.555619,CSI_DATA,1027,1a:00:00:00:00:00,-42,11,0,0,0,0,0,0,0,0,0,-94,0,1,0,175803407,0,31,0,128,0,"[0,0,8,-13,7,-13,7,-13,7,-13,7,-13,6,-13,6,-13,5,-13,5,-13,4,-13,3,-14,3,-14,3,-14,2,-15,2,-15,3,-15,3,-15,3,-15,4,-15,5,-15,5,-14,5,-14,6,-14,6,-13,6,-12,7,-11,0,0,0,0,0,0,0,0,0,0,0,0,0,0,0,0,0,0,0,0,0,0,4,-9,5,-9,6,-9,6,-9,7,-10,8,-9,9,-9,9,-9,10,-8,10,-8,10,-8,10,-8,10,-8,9,-8,9,-8,9,-8,9,-9,8,-9,8,-10,8,-10,8,-10,8,-11,8,-12,8,-12,7,-12,8,-13]"
2025-08-18 22:32:56.750307,CSI_DATA,1028,1a:00:00:00:00:00,-42,11,0,0,0,0,0,0,0,0,0,-94,0,1,0,176004508,0,31,0,128,0,"[0,0,14,4,14,4,14,3,14,3,14,2,13,3,13,2,14,1,13,1,13,0,13,-1,13,-1,14,-1,14,-2,14,-1,14,-1,14,-1,15,-1,15,0,15,0,15,1,14,2,13,2,13,2,13,3,12,4,0,0,0,0,0,0,0,0,0,0,0,0,0,0,0,0,0,0,0,0,0,0,9,1,10,2,10,3,10,4,10,4,10,5,10,6,10,6,10,7,10,7,10,7,10,7,10,7,10,6,10,6,10,6,10,6,10,5,11,5,11,5,12,5,12,5,13,4,13,4,14,4,14,3]"
2025-08-18 22:32:56.820580,CSI_DATA,1029,1a:00:00:00:00:00,-42,11,0,0,0,0,0,0,0,0,0,-94,0,1,0,176065255,0,42,0,128,0,"[0,0,-14,-5,-14,-5,-14,-5,-14,-4,-14,-4,-14,-4,-13,-4,-14,-3,-13,-2,-13,-1,-13,-1,-14,-1,-14,0,-14,0,-14,0,-14,0,-15,0,-15,-1,-15,-1,-15,-2,-15,-2,-14,-3,-13,-3,-13,-3,-13,-4,-12,-5,0,0,0,0,0,0,0,0,0,0,0,0,0,0,0,0,0,0,0,0,0,0,-10,-2,-10,-3,-10,-4,-10,-5,-10,-5,-11,-6,-10,-6,-10,-7,-10,-8,-10,-8,-10,-8,-10,-8,-10,-7,-10,-8,-10,-7,-10,-7,-10,-7,-11,-6,-11,-6,-11,-6,-12,-6,-12,-6,-13,-5,-13,-5,-14,-5,-14,-5]"
2025-08-18 22:32:56.886642,CSI_DATA,1030,1a:00:00:00:00:00,-42,11,0,0,0,0,0,0,0,0,0,-94,0,1,0,176132625,0,31,0,128,0,"[0,0,13,-5,12,-5,12,-6,12,-6,12,-6,12,-6,11,-7,11,-7,11,-7,10,-8,10,-8,10,-9,10,-9,10,-10,10,-9,10,-10,10,-10,11,-10,11,-10,11,-9,11,-9,11,-8,11,-7,11,-6,11,-6,11,-5,0,0,0,0,0,0,0,0,0,0,0,0,0,0,0,0,0,0,0,0,0,0,8,-4,9,-4,9,-3,10,-3,10,-2,11,-2,11,-1,11,-1,11,-1,11,0,11,0,11,0,11,0,11,0,11,-1,11,-1,11,-1,11,-2,11,-2,12,-3,12,-3,12,-4,12,-4,12,-4,12,-5,13,-5]"
2025-08-18 22:32:57.095906,CSI_DATA,1031,1a:00:00:00:00:00,-42,11,0,0,0,0,0,0,0,0,0,-94,0,1,0,176333775,0,31,0,128,0,"[0,0,-14,-5,-14,-5,-14,-5,-13,-4,-14,-4,-13,-3,-13,-3,-13,-3,-13,-2,-13,-1,-14,-1,-14,0,-14,0,-14,0,-14,0,-15,0,-15,0,-15,0,-15,0,-15,-1,-15,-2,-14,-2,-14,-3,-13,-3,-13,-4,-12,-4,0,0,0,0,0,0,0,0,0,0,0,0,0,0,0,0,0,0,0,0,0,0,-9,-3,-10,-4,-10,-5,-10,-5,-10,-6,-10,-7,-10,-7,-10,-8,-10,-8,-9,-8,-9,-8,-9,-8,-9,-8,-9,-8,-9,-8,-10,-7,-10,-7,-10,-7,-11,-6,-11,-6,-12,-6,-12,-6,-13,-5,-13,-5,-13,-5,-14,-5]"
2025-08-18 22:32:57.282718,CSI_DATA,1032,1a:00:00:00:00:00,-42,11,0,0,0,0,0,0,0,0,0,-94,0,1,0,176534897,0,31,0,128,0,"[0,0,14,-2,13,-2,13,-3,13,-3,13,-3,12,-3,12,-3,12,-4,12,-4,11,-5,12,-6,11,-6,11,-6,12,-7,12,-7,12,-7,12,-7,13,-7,13,-6,13,-6,13,-5,13,-4,12,-4,13,-3,12,-2,12,-2,0,0,0,0,0,0,0,0,0,0,0,0,0,0,0,0,0,0,0,0,0,0,9,-3,9,-2,9,-1,10,-1,10,-1,11,0,11,1,11,1,11,2,11,2,11,2,11,2,11,2,11,2,11,2,11,2,11,1,11,0,12,0,12,0,12,0,12,-1,12,-2,13,-2,13,-2,14,-2]"
2025-08-18 22:32:57.486976,CSI_DATA,1033,1a:00:00:00:00:00,-42,11,0,0,0,0,0,0,0,0,0,-94,0,1,0,176736052,0,31,0,128,0,"[0,0,4,-13,4,-14,3,-14,3,-14,3,-14,2,-14,2,-14,2,-14,1,-13,0,-13,0,-13,0,-14,-1,-14,-1,-14,-1,-14,-1,-14,-1,-15,0,-15,0,-15,1,-15,1,-14,2,-14,2,-14,3,-13,3,-13,4,-12,0,0,0,0,0,0,0,0,0,0,0,0,0,0,0,0,0,0,0,0,0,0,1,-10,2,-10,3,-10,3,-10,4,-10,5,-11,6,-11,6,-10,6,-10,7,-10,7,-10,7,-10,7,-10,6,-10,6,-10,6,-10,6,-10,5,-11,5,-11,5,-12,5,-12,4,-13,4,-13,4,-13,4,-13,4,-14]"
2025-08-18 22:32:57.686723,CSI_DATA,1034,1a:00:00:00:00:00,-42,11,0,0,0,0,0,0,0,0,0,-94,0,1,0,176937435,0,31,0,128,0,"[0,0,13,-4,13,-4,13,-4,13,-5,12,-5,12,-5,12,-5,11,-6,11,-6,11,-7,10,-7,10,-8,11,-8,11,-9,11,-8,11,-8,11,-8,12,-8,12,-8,12,-7,12,-7,13,-6,12,-5,12,-5,12,-4,12,-3,0,0,0,0,0,0,0,0,0,0,0,0,0,0,0,0,0,0,0,0,0,0,8,-4,9,-4,10,-3,10,-3,10,-2,11,-2,11,-1,11,-1,12,0,11,0,11,0,11,0,11,0,11,0,11,0,11,0,11,-1,11,-1,12,-2,12,-2,12,-2,12,-3,12,-3,13,-4,13,-4,13,-4]"
2025-08-18 22:32:57.893377,CSI_DATA,1035,1a:00:00:00:00:00,-42,11,0,0,0,0,0,0,0,0,0,-94,0,1,0,177138508,0,31,0,128,0,"[0,0,-14,-5,-14,-5,-14,-5,-14,-4,-14,-4,-14,-4,-13,-3,-13,-3,-13,-2,-13,-1,-14,-1,-14,-1,-14,0,-14,0,-14,0,-15,0,-15,0,-15,0,-15,-1,-15,-1,-15,-2,-14,-3,-14,-3,-13,-3,-13,-4,-12,-5,0,0,0,0,0,0,0,0,0,0,0,0,0,0,0,0,0,0,0,0,0,0,-10,-3,-10,-3,-10,-4,-10,-5,-10,-6,-10,-6,-10,-7,-10,-7,-10,-8,-10,-8,-10,-8,-9,-8,-10,-8,-10,-8,-10,-8,-10,-7,-10,-7,-11,-7,-11,-6,-11,-6,-12,-6,-12,-6,-13,-5,-13,-5,-13,-5,-14,-5]"
2025-08-18 22:32:58.285226,CSI_DATA,1036,1a:00:00:00:00:00,-42,11,0,0,0,0,0,0,0,0,0,-94,0,1,0,177339731,0,31,0,128,0,"[0,0,12,6,12,6,12,6,12,5,13,5,12,5,12,4,12,4,12,3,12,2,12,2,12,1,13,2,13,1,13,1,14,1,13,2,14,2,14,3,14,3,13,4,13,4,12,4,11,5,11,5,11,6,0,0,0,0,0,0,0,0,0,0,0,0,0,0,0,0,0,0,0,0,0,0,8,3,9,4,8,4,9,5,8,5,9,6,8,7,8,8,8,8,8,8,8,8,7,8,8,8,8,8,8,8,7,7,9,7,8,6,9,7,10,7,10,7,10,6,11,6,11,6,12,6,12,6]"
2025-08-18 22:32:58.290475,CSI_DATA,1037,1a:00:00:00:00:00,-42,11,0,0,0,0,0,0,0,0,0,-94,0,1,0,177540862,0,31,0,128,0,"[0,0,8,12,8,12,8,11,8,12,8,11,8,11,8,10,9,10,9,9,10,9,10,8,11,8,11,8,11,8,11,8,11,8,12,9,11,9,11,10,11,10,10,11,9,11,9,11,8,11,7,11,6,11,0,0,0,0,0,0,0,0,0,0,0,0,0,0,0,0,0,0,0,0,0,0,6,7,6,8,6,9,5,9,5,10,5,10,4,11,3,11,3,12,3,12,3,12,3,12,3,11,3,11,3,11,4,11,4,11,5,11,5,11,5,11,5,11,6,12,7,12,7,12,7,12,8,11]"
2025-08-18 22:32:58.349533,CSI_DATA,1038,1a:00:00:00:00:00,-42,11,0,0,0,0,0,0,0,0,0,-94,0,1,0,177601637,0,42,0,128,0,"[0,0,9,-10,9,-10,9,-10,9,-10,8,-11,8,-11,8,-11,7,-11,7,-11,6,-12,6,-12,5,-12,5,-12,5,-12,5,-13,5,-13,6,-13,6,-13,6,-13,7,-13,7,-12,7,-12,8,-11,8,-10,8,-9,9,-9,0,0,0,0,0,0,0,0,0,0,0,0,0,0,0,0,0,0,0,0,0,0,6,-7,6,-7,7,-7,8,-7,8,-7,9,-7,9,-6,10,-6,10,-5,10,-5,10,-5,10,-5,10,-5,10,-5,10,-5,10,-6,9,-6,9,-7,9,-7,9,-8,9,-8,9,-8,9,-9,9,-9,9,-9,10,-10]"
2025-08-18 22:32:58.423770,CSI_DATA,1039,1a:00:00:00:00:00,-42,11,0,0,0,0,0,0,0,0,0,-94,0,1,0,177668654,0,31,0,128,0,"[0,0,13,3,13,2,13,2,13,2,13,1,13,1,13,1,13,0,12,0,13,-1,13,-2,13,-2,13,-3,13,-3,13,-3,13,-3,13,-3,14,-2,14,-1,14,-1,14,0,13,0,13,1,13,1,12,1,12,2,0,0,0,0,0,0,0,0,0,0,0,0,0,0,0,0,0,0,0,0,0,0,9,0,9,1,9,2,10,3,10,3,10,4,10,5,10,5,10,6,10,6,10,6,9,6,10,6,10,5,9,5,10,5,10,5,10,4,11,4,11,4,11,4,12,3,12,3,13,2,13,2,13,2]"
2025-08-18 22:32:58.616803,CSI_DATA,1040,1a:00:00:00:00:00,-42,11,0,0,0,0,0,0,0,0,0,-94,0,1,0,177869762,0,31,0,128,0,"[0,0,-1,14,-1,14,-1,14,0,14,0,13,0,13,1,13,1,13,2,13,2,13,3,13,3,13,4,13,4,13,4,13,4,13,4,14,3,13,3,14,2,14,2,14,1,14,1,14,0,13,-1,13,-2,12,0,0,0,0,0,0,0,0,0,0,0,0,0,0,0,0,0,0,0,0,0,0,1,9,0,9,-1,10,-1,10,-2,11,-3,11,-3,11,-4,11,-4,11,-5,11,-5,11,-5,11,-5,11,-5,11,-4,11,-4,11,-4,11,-3,12,-3,12,-3,12,-2,12,-2,13,-1,13,-1,13,-1,14,-1,14]"
2025-08-18 22:32:58.825375,CSI_DATA,1041,1a:00:00:00:00:00,-42,11,0,0,0,0,0,0,0,0,0,-94,0,1,0,178071033,0,31,0,128,0,"[0,0,-14,-3,-14,-3,-14,-3,-14,-2,-14,-2,-14,-2,-14,-2,-14,-1,-14,-1,-13,0,-14,1,-13,1,-14,2,-14,2,-14,2,-14,2,-15,2,-15,1,-15,1,-15,0,-15,0,-15,-1,-14,-2,-14,-2,-13,-2,-13,-3,0,0,0,0,0,0,0,0,0,0,0,0,0,0,0,0,0,0,0,0,0,0,-10,-1,-10,-2,-10,-3,-11,-4,-11,-4,-11,-5,-11,-6,-11,-6,-11,-7,-11,-7,-11,-7,-11,-7,-11,-7,-11,-6,-11,-6,-11,-6,-11,-6,-11,-5,-12,-5,-12,-5,-12,-5,-13,-4,-13,-4,-14,-3,-14,-3,-14,-3]"
2025-08-18 22:32:59.020237,CSI_DATA,1042,1a:00:00:00:00:00,-42,11,0,0,0,0,0,0,0,0,0,-94,0,1,0,178272249,0,31,0,128,0,"[0,0,14,-1,13,-2,13,-2,13,-2,13,-3,13,-3,13,-3,12,-3,12,-4,12,-5,12,-5,12,-6,12,-6,12,-6,12,-6,12,-6,13,-6,13,-6,13,-6,13,-5,13,-4,13,-4,13,-3,13,-2,12,-2,12,-1,0,0,0,0,0,0,0,0,0,0,0,0,0,0,0,0,0,0,0,0,0,0,9,-2,9,-2,10,-1,10,0,10,0,11,1,11,2,11,2,11,2,11,3,11,3,11,3,11,3,11,3,11,2,11,2,11,2,11,1,12,1,12,0,12,0,12,0,13,-1,13,-1,13,-1,14,-1]"
2025-08-18 22:32:59.223250,CSI_DATA,1043,1a:00:00:00:00:00,-42,11,0,0,0,0,0,0,0,0,0,-94,0,1,0,178473378,0,31,0,128,0,"[0,0,9,-11,9,-11,9,-11,9,-11,9,-12,8,-12,8,-12,7,-12,7,-12,6,-12,6,-13,5,-13,5,-14,5,-14,5,-14,5,-14,6,-14,6,-14,7,-14,7,-14,7,-13,8,-13,8,-12,8,-11,9,-10,9,-10,0,0,0,0,0,0,0,0,0,0,0,0,0,0,0,0,0,0,0,0,0,0,5,-8,7,-8,7,-8,8,-8,8,-8,9,-8,10,-7,10,-7,11,-7,11,-6,11,-6,11,-6,11,-6,11,-6,11,-7,10,-7,10,-7,10,-8,10,-8,10,-9,10,-9,10,-10,9,-10,10,-10,10,-11,10,-11]"
2025-08-18 22:32:59.417326,CSI_DATA,1044,1a:00:00:00:00:00,-42,11,0,0,0,0,0,0,0,0,0,-94,0,1,0,178674521,0,31,0,128,0,"[0,0,9,10,10,9,9,9,9,9,9,9,10,8,10,8,10,7,10,7,11,6,11,6,11,6,11,6,12,6,12,6,12,5,12,6,12,6,12,7,12,7,11,7,11,8,10,8,9,8,9,9,8,9,0,0,0,0,0,0,0,0,0,0,0,0,0,0,0,0,0,0,0,0,0,0,7,5,7,6,7,7,6,8,6,8,6,9,6,10,5,10,5,10,4,10,4,11,4,10,4,10,5,10,5,10,5,10,5,10,6,9,6,9,7,10,7,10,8,9,8,10,8,10,9,10,9,10]"
2025-08-18 22:32:59.633349,CSI_DATA,1045,1a:00:00:00:00:00,-42,11,0,0,0,0,0,0,0,0,0,-94,0,1,0,178875677,0,31,0,128,0,"[0,0,6,-13,5,-13,6,-13,5,-13,5,-13,4,-13,4,-13,4,-13,3,-13,2,-13,2,-13,1,-14,1,-14,1,-14,1,-14,1,-14,1,-15,2,-15,3,-15,3,-14,4,-14,4,-14,4,-13,5,-13,5,-12,6,-11,0,0,0,0,0,0,0,0,0,0,0,0,0,0,0,0,0,0,0,0,0,0,3,-10,3,-10,4,-10,5,-10,5,-10,6,-10,7,-10,8,-10,8,-9,8,-9,8,-9,8,-9,8,-9,8,-9,8,-9,7,-9,7,-9,7,-10,7,-10,7,-11,6,-11,6,-12,6,-12,6,-12,6,-12,6,-13]"
2025-08-18 22:32:59.833572,CSI_DATA,1046,1a:00:00:00:00:00,-42,11,0,0,0,0,0,0,0,0,0,-94,0,1,0,179076836,0,31,0,128,0,"[0,0,13,7,12,6,13,6,13,6,13,5,13,5,12,5,13,4,13,4,13,2,13,2,13,1,13,1,14,1,14,1,15,1,14,1,15,2,15,2,15,3,14,4,14,4,13,4,13,5,12,5,11,6,0,0,0,0,0,0,0,0,0,0,0,0,0,0,0,0,0,0,0,0,0,0,9,3,9,4,9,5,9,6,9,6,9,7,9,8,9,8,8,9,8,9,8,9,8,9,8,9,8,9,8,8,8,8,9,8,9,7,10,8,10,7,10,7,11,7,11,7,12,7,12,6,13,6]"
2025-08-18 22:32:59.885174,CSI_DATA,1047,1a:00:00:00:00:00,-42,11,0,0,0,0,0,0,0,0,0,-94,0,1,0,179137625,0,42,0,128,0,"[0,0,-1,13,0,13,0,13,0,13,0,13,1,12,1,12,1,12,2,12,2,12,3,12,3,12,4,12,4,12,4,12,4,12,4,13,4,13,3,13,3,13,2,13,2,13,1,13,0,12,-1,12,-1,12,0,0,0,0,0,0,0,0,0,0,0,0,0,0,0,0,0,0,0,0,0,0,1,9,0,9,-1,10,-1,10,-2,10,-2,11,-3,11,-3,11,-4,11,-4,11,-5,11,-5,10,-5,10,-4,10,-4,10,-4,10,-3,11,-3,11,-3,11,-2,12,-2,12,-1,12,-1,12,-1,13,-1,13,-1,13]"
2025-08-18 22:32:59.955471,CSI_DATA,1048,1a:00:00:00:00:00,-42,11,0,0,0,0,0,0,0,0,0,-94,0,1,0,179207101,0,31,0,128,0,"[0,0,-2,13,-1,13,-1,13,-1,13,0,13,0,13,0,13,1,13,1,12,2,12,2,12,3,12,3,12,3,13,4,13,3,13,3,14,3,14,2,14,2,14,1,14,1,13,0,13,-1,13,-1,12,-2,12,0,0,0,0,0,0,0,0,0,0,0,0,0,0,0,0,0,0,0,0,0,0,0,9,-1,9,-1,10,-2,10,-2,10,-3,11,-4,11,-5,11,-5,11,-6,11,-6,11,-6,10,-5,10,-5,10,-5,10,-4,10,-4,11,-4,11,-3,11,-3,12,-3,12,-2,12,-2,13,-2,13,-2,13,-2,13]"
2025-08-18 22:33:00.167420,CSI_DATA,1049,1a:00:00:00:00:00,-42,11,0,0,0,0,0,0,0,0,0,-94,0,1,0,179408233,0,31,0,128,0,"[0,0,-1,-14,-1,-15,-1,-14,-2,-14,-2,-14,-2,-14,-3,-14,-3,-13,-4,-13,-4,-13,-4,-13,-5,-13,-5,-13,-6,-13,-6,-14,-6,-13,-6,-14,-5,-14,-5,-14,-5,-14,-4,-14,-3,-14,-2,-14,-2,-14,-1,-13,0,-13,0,0,0,0,0,0,0,0,0,0,0,0,0,0,0,0,0,0,0,0,0,0,-2,-10,-1,-11,-1,-11,0,-11,1,-12,1,-12,2,-12,2,-12,3,-12,3,-12,3,-12,4,-12,3,-12,3,-12,3,-12,3,-12,2,-12,1,-12,1,-12,1,-13,0,-13,0,-13,0,-14,0,-14,-1,-14,-1,-14]"
2025-08-18 22:33:00.357508,CSI_DATA,1050,1a:00:00:00:00:00,-42,11,0,0,0,0,0,0,0,0,0,-94,0,1,0,179609475,0,31,0,128,0,"[0,0,-4,14,-4,13,-4,13,-3,13,-3,13,-3,13,-3,13,-2,13,-2,12,-1,12,0,13,0,13,1,13,1,13,1,13,1,13,1,14,0,14,0,14,-1,14,-2,14,-2,13,-3,13,-3,13,-4,12,-4,11,0,0,0,0,0,0,0,0,0,0,0,0,0,0,0,0,0,0,0,0,0,0,-1,9,-2,9,-3,9,-4,10,-4,10,-5,10,-6,10,-6,10,-7,10,-7,10,-7,10,-7,9,-7,10,-6,9,-7,10,-6,9,-6,10,-5,10,-5,11,-5,11,-5,11,-5,12,-4,12,-4,13,-4,13,-4,13]"
2025-08-18 22:33:00.560697,CSI_DATA,1051,1a:00:00:00:00:00,-42,11,0,0,0,0,0,0,0,0,0,-94,0,1,0,179810510,0,31,0,128,0,"[0,0,-12,8,-12,8,-11,8,-11,8,-11,8,-10,9,-10,9,-10,9,-9,9,-9,10,-9,10,-8,10,-8,10,-8,11,-8,11,-8,11,-9,12,-9,12,-9,11,-9,11,-10,10,-10,10,-11,9,-11,8,-11,7,-11,6,0,0,0,0,0,0,0,0,0,0,0,0,0,0,0,0,0,0,0,0,0,0,-8,6,-8,6,-9,5,-9,5,-10,5,-11,4,-12,4,-12,4,-12,3,-12,3,-12,3,-12,2,-12,2,-12,3,-12,3,-11,4,-11,4,-12,5,-12,5,-11,6,-11,6,-11,7,-12,7,-12,7,-12,7,-12,8]"
2025-08-18 22:33:00.755950,CSI_DATA,1052,1a:00:00:00:00:00,-42,11,0,0,0,0,0,0,0,0,0,-94,0,1,0,180011673,0,31,0,128,0,"[0,0,10,11,10,10,10,10,10,9,11,9,10,9,10,8,11,8,11,7,11,7,12,6,12,6,12,6,13,5,13,6,13,6,13,6,13,6,13,7,13,7,12,8,11,8,11,9,10,9,9,9,8,9,0,0,0,0,0,0,0,0,0,0,0,0,0,0,0,0,0,0,0,0,0,0,7,6,7,7,6,8,6,9,6,9,6,10,5,11,5,11,5,11,4,11,4,12,4,11,4,11,4,11,5,11,5,10,5,10,6,10,6,10,7,10,7,10,8,10,8,10,9,10,9,11,10,10]"
2025-08-18 22:33:00.955516,CSI_DATA,1053,1a:00:00:00:00:00,-42,11,0,0,0,0,0,0,0,0,0,-94,0,1,0,180212894,0,31,0,128,0,"[0,0,11,7,11,7,11,6,12,6,12,6,11,6,11,5,12,5,12,4,12,3,12,3,12,3,13,2,13,2,13,2,13,2,14,3,14,3,14,3,13,4,13,5,12,5,12,5,11,5,11,6,10,6,0,0,0,0,0,0,0,0,0,0,0,0,0,0,0,0,0,0,0,0,0,0,8,4,8,5,8,5,8,6,8,7,8,7,8,8,8,9,7,9,7,9,7,9,6,9,7,9,7,9,7,8,7,8,8,8,8,8,8,8,9,8,9,8,10,7,10,7,11,7,11,7,11,7]"
2025-08-18 22:33:01.170147,CSI_DATA,1054,1a:00:00:00:00:00,-42,11,0,0,0,0,0,0,0,0,0,-94,0,1,0,180414214,0,31,0,128,0,"[0,0,-8,-12,-9,-12,-9,-11,-9,-12,-9,-11,-9,-11,-10,-10,-10,-10,-10,-9,-11,-9,-11,-9,-11,-9,-12,-9,-12,-8,-12,-8,-12,-8,-12,-9,-12,-9,-12,-9,-12,-10,-11,-10,-10,-10,-10,-11,-9,-11,-8,-11,-8,-11,0,0,0,0,0,0,0,0,0,0,0,0,0,0,0,0,0,0,0,0,0,0,-6,-8,-6,-8,-6,-10,-5,-10,-5,-11,-5,-11,-4,-12,-4,-12,-4,-12,-3,-12,-3,-12,-3,-12,-3,-12,-3,-12,-3,-12,-4,-12,-4,-11,-5,-12,-5,-11,-6,-12,-6,-11,-7,-12,-8,-12,-7,-12,-8,-12,-8,-12]"
2025-08-18 22:33:01.374275,CSI_DATA,1055,1a:00:00:00:00:00,-42,11,0,0,0,0,0,0,0,0,0,-94,0,1,0,180615282,0,31,0,128,0,"[0,0,12,-6,12,-7,12,-7,12,-7,11,-8,11,-7,11,-8,10,-8,10,-9,10,-9,9,-9,9,-10,9,-10,9,-11,9,-11,9,-11,9,-11,10,-11,10,-11,10,-10,11,-10,11,-9,11,-8,11,-8,11,-7,11,-6,0,0,0,0,0,0,0,0,0,0,0,0,0,0,0,0,0,0,0,0,0,0,8,-5,8,-5,9,-4,10,-4,10,-4,11,-3,11,-2,11,-2,12,-2,12,-1,11,-1,11,-1,11,-1,11,-2,11,-2,11,-2,11,-2,11,-3,11,-4,11,-4,11,-4,12,-5,12,-5,12,-6,12,-6,12,-6]"
2025-08-18 22:33:01.432146,CSI_DATA,1056,1a:00:00:00:00:00,-42,11,0,0,0,0,0,0,0,0,0,-94,0,1,0,180676133,0,42,0,128,0,"[0,0,-11,-11,-11,-11,-11,-11,-11,-11,-11,-10,-11,-10,-12,-9,-12,-9,-12,-8,-12,-8,-12,-8,-13,-7,-13,-7,-13,-7,-14,-6,-14,-7,-14,-7,-15,-7,-14,-8,-14,-8,-13,-8,-12,-9,-12,-9,-11,-10,-10,-10,-10,-10,0,0,0,0,0,0,0,0,0,0,0,0,0,0,0,0,0,0,0,0,0,0,-7,-7,-8,-8,-7,-9,-7,-10,-7,-10,-7,-11,-6,-12,-6,-12,-5,-12,-5,-12,-5,-13,-5,-12,-5,-12,-5,-12,-5,-12,-6,-11,-6,-12,-7,-11,-7,-12,-8,-11,-8,-11,-9,-11,-9,-11,-10,-11,-10,-12,-10,-11]"
2025-08-18 22:33:01.490036,CSI_DATA,1057,1a:00:00:00:00:00,-42,11,0,0,0,0,0,0,0,0,0,-94,0,1,0,180741725,0,31,0,128,0,"[0,0,-8,12,-7,12,-7,12,-7,11,-7,12,-6,12,-6,12,-5,12,-5,12,-4,12,-4,12,-3,13,-3,13,-3,13,-3,13,-3,14,-3,14,-3,14,-4,14,-4,13,-5,13,-5,13,-6,12,-6,12,-7,10,-7,10,0,0,0,0,0,0,0,0,0,0,0,0,0,0,0,0,0,0,0,0,0,0,-4,8,-5,8,-6,8,-7,8,-7,8,-8,8,-9,8,-9,8,-10,8,-10,7,-10,7,-10,7,-10,7,-10,7,-9,7,-9,7,-9,8,-8,8,-8,9,-8,9,-8,10,-8,10,-8,11,-8,11,-8,11,-8,12]"
2025-08-18 22:33:01.704259,CSI_DATA,1058,1a:00:00:00:00:00,-42,11,0,0,0,0,0,0,0,0,0,-94,0,1,0,180942826,0,31,0,128,0,"[0,0,-10,10,-10,10,-9,10,-9,11,-8,11,-8,11,-8,11,-7,11,-7,11,-6,11,-6,11,-5,12,-5,12,-5,12,-5,13,-5,13,-5,13,-6,13,-6,13,-6,13,-7,12,-7,12,-8,11,-8,11,-8,10,-9,9,0,0,0,0,0,0,0,0,0,0,0,0,0,0,0,0,0,0,0,0,0,0,-6,7,-7,7,-8,7,-8,7,-9,7,-10,6,-10,6,-11,6,-11,5,-11,5,-11,5,-11,4,-11,5,-11,5,-11,5,-10,6,-10,6,-10,6,-10,7,-10,8,-10,8,-10,9,-10,9,-10,9,-10,9,-10,10]"
2025-08-18 22:33:01.898073,CSI_DATA,1059,1a:00:00:00:00:00,-42,11,0,0,0,0,0,0,0,0,0,-94,0,1,0,181145585,0,31,0,128,0,"[0,0,-1,-15,-1,-14,-1,-15,-2,-14,-2,-14,-3,-14,-3,-14,-4,-13,-4,-13,-4,-13,-5,-13,-5,-13,-5,-13,-6,-13,-6,-13,-7,-13,-6,-14,-6,-14,-6,-14,-5,-14,-5,-14,-4,-14,-3,-14,-3,-14,-2,-13,-1,-13,0,0,0,0,0,0,0,0,0,0,0,0,0,0,0,0,0,0,0,0,0,0,-1,-10,-1,-10,0,-11,0,-11,1,-12,2,-12,2,-12,2,-12,3,-12,3,-12,4,-12,4,-12,4,-11,3,-11,3,-12,3,-11,2,-12,1,-12,1,-13,1,-13,0,-13,0,-13,0,-14,0,-14,-1,-14,-1,-15]"
2025-08-18 22:33:02.095342,CSI_DATA,1060,1a:00:00:00:00:00,-42,11,0,0,0,0,0,0,0,0,0,-94,0,1,0,181345221,0,31,0,128,0,"[0,0,12,-8,11,-9,10,-8,11,-9,10,-9,10,-9,10,-9,10,-9,9,-10,9,-10,8,-10,8,-11,8,-11,8,-11,8,-12,7,-11,9,-12,8,-12,9,-11,10,-11,10,-10,10,-10,11,-9,10,-9,10,-8,10,-7,0,0,0,0,0,0,0,0,0,0,0,0,0,0,0,0,0,0,0,0,0,0,7,-7,7,-6,8,-6,9,-5,10,-5,10,-5,11,-4,11,-4,11,-4,12,-3,11,-3,11,-3,11,-3,11,-3,11,-3,11,-4,10,-4,11,-5,10,-5,11,-6,11,-6,11,-6,11,-7,11,-7,11,-8,11,-8]"
2025-08-18 22:33:02.297208,CSI_DATA,1061,1a:00:00:00:00:00,-42,11,0,0,0,0,0,0,0,0,0,-94,0,1,0,181546554,0,31,0,128,0,"[0,0,4,-14,3,-14,3,-14,3,-14,3,-14,2,-14,2,-14,1,-14,1,-14,0,-13,-1,-14,-1,-14,-1,-14,-2,-14,-2,-14,-2,-15,-1,-15,-1,-15,0,-15,0,-15,0,-15,1,-15,2,-14,2,-13,2,-13,3,-13,0,0,0,0,0,0,0,0,0,0,0,0,0,0,0,0,0,0,0,0,0,0,2,-10,2,-10,3,-10,4,-10,4,-11,5,-11,6,-11,6,-11,7,-10,7,-10,7,-10,7,-10,7,-10,7,-10,7,-10,6,-10,6,-11,5,-11,5,-11,5,-12,5,-12,5,-12,4,-13,4,-13,4,-14,4,-14]"
2025-08-18 22:33:02.599363,CSI_DATA,1062,1a:00:00:00:00:00,-42,11,0,0,0,0,0,0,0,0,0,-94,0,1,0,181747625,0,31,0,128,0,"[0,0,7,-13,6,-14,6,-14,6,-14,5,-14,5,-14,4,-14,4,-14,3,-14,3,-14,3,-14,2,-14,2,-15,1,-15,2,-15,2,-15,2,-16,2,-16,3,-16,3,-15,4,-15,4,-15,5,-14,5,-13,6,-13,7,-12,0,0,0,0,0,0,0,0,0,0,0,0,0,0,0,0,0,0,0,0,0,0,3,-10,4,-10,5,-10,6,-10,6,-10,7,-10,8,-10,8,-10,9,-10,9,-9,9,-9,9,-9,9,-9,9,-9,9,-9,8,-9,8,-10,8,-10,8,-10,7,-11,7,-12,7,-12,7,-12,7,-13,7,-13,7,-13]"
2025-08-18 22:33:02.604628,CSI_DATA,1063,1a:00:00:00:00:00,-42,11,0,0,0,0,0,0,0,0,0,-94,0,1,0,181851528,0,28,0,128,0,"[0,0,13,-1,13,-1,13,-1,13,-2,12,-2,12,-2,12,-3,12,-3,12,-4,12,-4,12,-5,12,-5,12,-5,12,-6,12,-6,12,-6,13,-6,13,-6,13,-5,13,-5,13,-4,13,-3,13,-3,12,-2,12,-2,12,-1,0,0,0,0,0,0,0,0,0,0,0,0,0,0,0,0,0,0,0,0,0,0,9,-2,9,-1,10,0,10,0,10,1,10,1,11,2,11,3,11,3,11,3,11,3,10,4,10,3,10,3,10,3,11,3,11,2,11,1,11,1,11,1,12,1,12,0,12,0,13,-1,13,-1,13,-1]"
2025-08-18 22:33:02.697968,CSI_DATA,1064,1a:00:00:00:00:00,-42,11,0,0,0,0,0,0,0,0,0,-94,0,1,0,181948781,0,31,0,128,0,"[0,0,10,-9,10,-10,9,-9,10,-10,9,-9,9,-10,8,-10,8,-10,7,-10,7,-11,7,-11,6,-12,6,-12,6,-12,6,-12,6,-12,6,-13,7,-12,8,-13,8,-12,8,-11,8,-11,9,-10,9,-10,9,-9,9,-8,0,0,0,0,0,0,0,0,0,0,0,0,0,0,0,0,0,0,0,0,0,0,6,-7,7,-7,8,-7,8,-6,9,-6,9,-6,10,-6,10,-5,10,-5,11,-5,11,-4,11,-4,10,-4,10,-4,10,-5,10,-5,10,-5,10,-6,10,-6,10,-7,10,-7,10,-8,10,-8,10,-9,10,-9,10,-9]"
2025-08-18 22:33:02.908856,CSI_DATA,1065,1a:00:00:00:00:00,-42,11,0,0,0,0,0,0,0,0,0,-94,0,1,0,182149981,0,31,0,128,0,"[0,0,-14,-6,-14,-6,-14,-6,-14,-5,-14,-5,-14,-4,-14,-4,-14,-3,-14,-3,-14,-2,-14,-2,-14,-1,-14,-1,-15,0,-15,0,-15,0,-15,-1,-16,-1,-16,-1,-15,-1,-15,-2,-15,-3,-14,-3,-14,-4,-13,-5,-13,-5,0,0,0,0,0,0,0,0,0,0,0,0,0,0,0,0,0,0,0,0,0,0,-10,-4,-10,-5,-10,-6,-10,-6,-10,-7,-10,-8,-10,-8,-10,-9,-9,-9,-9,-9,-9,-9,-9,-9,-9,-9,-9,-9,-9,-9,-9,-8,-10,-8,-10,-8,-11,-8,-11,-7,-12,-7,-12,-7,-12,-7,-13,-7,-13,-6,-13,-6]"
2025-08-18 22:33:02.955796,CSI_DATA,1066,1a:00:00:00:00:00,-42,11,0,0,0,0,0,0,0,0,0,-94,0,1,0,182210781,0,42,0,128,0,"[0,0,7,11,8,11,8,10,8,10,8,10,8,10,8,9,9,9,9,9,9,8,10,8,10,8,10,8,11,7,11,7,11,7,11,8,11,8,11,9,11,9,10,9,9,9,9,10,8,10,7,10,6,10,0,0,0,0,0,0,0,0,0,0,0,0,0,0,0,0,0,0,0,0,0,0,6,7,5,8,5,8,5,9,5,10,4,10,4,11,3,11,3,11,2,11,2,11,2,11,2,11,2,11,3,11,3,11,4,10,4,10,4,10,5,11,5,11,6,11,6,11,7,11,7,11,7,11]"
2025-08-18 22:33:03.022960,CSI_DATA,1067,1a:00:00:00:00:00,-42,11,0,0,0,0,0,0,0,0,0,-94,0,1,0,182277098,0,31,0,128,0,"[0,0,2,13,2,13,2,13,2,13,3,13,3,13,3,12,4,12,4,12,5,11,5,11,6,11,6,11,6,11,7,11,7,12,6,12,6,12,6,13,6,13,5,13,4,13,4,13,3,12,2,12,1,12,0,0,0,0,0,0,0,0,0,0,0,0,0,0,0,0,0,0,0,0,0,0,2,9,1,9,0,10,0,10,0,11,-1,11,-2,11,-2,11,-3,11,-3,11,-3,11,-3,11,-3,11,-3,11,-3,11,-3,11,-2,11,-1,11,-1,12,-1,12,0,12,0,12,1,13,1,13,1,13,2,13]"
2025-08-18 22:33:03.234057,CSI_DATA,1068,1a:00:00:00:00:00,-42,11,0,0,0,0,0,0,0,0,0,-94,0,1,0,182478209,0,31,0,128,0,"[0,0,-12,-8,-13,-8,-12,-8,-12,-7,-12,-7,-12,-6,-12,-6,-13,-6,-13,-5,-13,-5,-13,-4,-13,-4,-13,-4,-14,-3,-14,-3,-14,-3,-15,-4,-14,-4,-15,-5,-14,-5,-14,-6,-13,-6,-13,-7,-12,-7,-11,-7,-11,-8,0,0,0,0,0,0,0,0,0,0,0,0,0,0,0,0,0,0,0,0,0,0,-9,-4,-9,-5,-9,-6,-9,-7,-9,-7,-9,-8,-9,-9,-8,-9,-8,-10,-8,-10,-8,-10,-7,-10,-8,-10,-8,-10,-8,-9,-8,-9,-9,-9,-9,-9,-9,-9,-10,-8,-10,-8,-11,-8,-11,-8,-12,-8,-12,-8,-12,-8]"
2025-08-18 22:33:03.428505,CSI_DATA,1069,1a:00:00:00:00:00,-42,11,0,0,0,0,0,0,0,0,0,-94,0,1,0,182681140,0,31,0,128,0,"[0,0,13,0,13,0,13,-1,13,-1,13,-1,13,-1,13,-2,13,-2,12,-3,12,-4,12,-4,12,-5,12,-5,12,-5,13,-5,13,-5,13,-5,13,-5,14,-4,14,-4,13,-3,13,-2,13,-2,13,-1,12,-1,12,0,0,0,0,0,0,0,0,0,0,0,0,0,0,0,0,0,0,0,0,0,0,0,9,-1,9,-1,10,0,10,1,10,1,11,2,11,3,11,3,11,4,10,4,11,4,10,4,11,4,11,4,10,3,10,3,11,3,11,2,11,2,12,2,12,1,12,1,13,1,13,0,13,0,14,0]"
2025-08-18 22:33:03.630293,CSI_DATA,1070,1a:00:00:00:00:00,-42,11,0,0,0,0,0,0,0,0,0,-94,0,1,0,182880643,0,31,0,128,0,"[0,0,12,-8,11,-8,11,-8,11,-8,11,-9,10,-9,10,-9,9,-9,9,-9,9,-10,8,-10,8,-11,8,-11,8,-11,8,-11,8,-12,8,-12,9,-11,10,-11,10,-11,10,-10,10,-9,10,-9,10,-8,10,-7,11,-7,0,0,0,0,0,0,0,0,0,0,0,0,0,0,0,0,0,0,0,0,0,0,7,-6,8,-6,8,-6,9,-5,9,-5,10,-4,11,-4,11,-4,11,-3,11,-3,11,-3,11,-3,11,-3,11,-3,11,-3,11,-3,11,-4,10,-5,11,-5,11,-5,11,-6,11,-6,11,-7,11,-7,11,-7,12,-7]"
2025-08-18 22:33:03.828696,CSI_DATA,1071,1a:00:00:00:00:00,-42,11,0,0,0,0,0,0,0,0,0,-94,0,1,0,183081771,0,31,0,128,0,"[0,0,2,14,2,13,2,13,3,13,3,13,3,13,3,12,4,12,4,12,5,11,5,11,6,11,6,11,7,11,7,11,7,12,7,12,7,12,6,13,6,13,5,13,4,13,4,12,3,12,3,12,2,12,0,0,0,0,0,0,0,0,0,0,0,0,0,0,0,0,0,0,0,0,0,0,2,9,1,9,0,10,0,10,-1,11,-1,11,-2,11,-2,11,-3,11,-3,11,-3,11,-3,11,-3,11,-3,11,-2,11,-2,11,-2,11,-1,11,-1,12,-1,12,0,12,0,13,1,13,1,13,2,13,2,13]"
2025-08-18 22:33:04.033229,CSI_DATA,1072,1a:00:00:00:00:00,-42,11,0,0,0,0,0,0,0,0,0,-94,0,1,0,183283016,0,31,0,128,0,"[0,0,11,-9,11,-10,11,-9,11,-9,10,-10,10,-10,9,-10,9,-11,8,-11,8,-11,8,-11,7,-12,7,-12,7,-13,7,-13,7,-13,7,-13,8,-13,8,-13,8,-13,9,-12,9,-11,9,-11,10,-10,10,-9,10,-8,0,0,0,0,0,0,0,0,0,0,0,0,0,0,0,0,0,0,0,0,0,0,7,-7,8,-6,9,-6,9,-5,10,-5,10,-5,11,-5,11,-4,12,-4,12,-4,12,-3,12,-3,12,-3,11,-3,11,-4,11,-4,11,-5,11,-5,11,-6,11,-6,11,-7,11,-7,11,-8,11,-8,11,-8,11,-9]"
2025-08-18 22:33:04.237086,CSI_DATA,1073,1a:00:00:00:00:00,-42,11,0,0,0,0,0,0,0,0,0,-94,0,1,0,183484195,0,31,0,128,0,"[0,0,-12,-7,-13,-7,-12,-7,-13,-6,-12,-6,-13,-6,-12,-5,-13,-5,-13,-4,-13,-4,-13,-3,-13,-3,-13,-3,-14,-2,-14,-2,-14,-3,-14,-3,-14,-3,-15,-3,-14,-4,-14,-4,-13,-5,-13,-5,-12,-6,-12,-6,-11,-7,0,0,0,0,0,0,0,0,0,0,0,0,0,0,0,0,0,0,0,0,0,0,-9,-4,-9,-5,-9,-6,-9,-7,-9,-7,-9,-8,-9,-8,-9,-9,-8,-9,-8,-9,-8,-9,-8,-10,-8,-9,-8,-9,-8,-9,-8,-9,-8,-8,-9,-8,-10,-8,-10,-8,-10,-8,-11,-8,-12,-7,-12,-7,-12,-7,-12,-7]"
2025-08-18 22:33:04.437059,CSI_DATA,1074,1a:00:00:00:00:00,-42,11,0,0,0,0,0,0,0,0,0,-94,0,1,0,183685335,0,31,0,128,0,"[0,0,13,5,13,4,13,4,13,4,13,3,13,3,13,3,13,2,13,1,13,1,13,0,13,0,13,-1,14,-1,14,-1,14,-1,14,-1,15,0,15,0,14,1,14,2,14,2,13,3,13,3,12,4,12,4,0,0,0,0,0,0,0,0,0,0,0,0,0,0,0,0,0,0,0,0,0,0,9,2,9,3,9,3,9,4,10,5,10,6,10,6,9,7,9,7,9,8,9,8,9,8,9,7,9,7,9,7,9,7,9,6,10,6,10,6,11,6,11,5,12,5,12,5,12,5,13,5,13,5]"
2025-08-18 22:33:04.490705,CSI_DATA,1075,1a:00:00:00:00:00,-42,11,0,0,0,0,0,0,0,0,0,-94,0,1,0,183746290,0,42,0,128,0,"[0,0,6,12,6,12,6,12,6,11,7,11,7,11,7,11,7,10,8,10,8,9,9,9,9,9,9,9,9,9,10,9,10,9,10,9,10,10,10,10,9,11,8,11,8,11,7,11,7,11,6,11,5,11,0,0,0,0,0,0,0,0,0,0,0,0,0,0,0,0,0,0,0,0,0,0,5,7,5,8,4,9,4,9,4,10,3,11,2,11,2,11,1,11,1,12,1,11,1,11,1,11,1,11,1,11,2,11,2,11,3,11,3,11,3,11,4,11,4,11,5,12,6,12,6,12,6,12]"
2025-08-18 22:33:04.559822,CSI_DATA,1076,1a:00:00:00:00:00,-42,11,0,0,0,0,0,0,0,0,0,-94,0,1,0,183812703,0,31,0,128,0,"[0,0,14,1,13,0,13,0,13,0,13,0,13,0,13,-1,13,-1,12,-2,12,-2,12,-3,12,-4,12,-4,13,-4,13,-4,13,-5,13,-4,14,-4,14,-3,14,-3,14,-2,14,-1,13,-1,13,-1,12,0,12,1,0,0,0,0,0,0,0,0,0,0,0,0,0,0,0,0,0,0,0,0,0,0,9,-1,10,0,9,1,10,1,10,2,11,3,11,4,11,4,10,4,10,5,10,5,10,5,10,5,10,4,10,4,10,4,11,4,10,3,11,3,12,3,12,2,12,2,12,1,13,1,13,1,14,1]"
2025-08-18 22:33:04.766484,CSI_DATA,1077,1a:00:00:00:00:00,-42,11,0,0,0,0,0,0,0,0,0,-94,0,1,0,184013755,0,31,0,128,0,"[0,0,8,-12,7,-12,7,-12,7,-12,7,-12,6,-12,6,-12,5,-13,5,-12,4,-13,4,-13,4,-13,4,-13,3,-14,3,-14,3,-14,4,-14,4,-14,4,-15,5,-14,5,-14,5,-13,6,-12,6,-12,7,-11,7,-10,0,0,0,0,0,0,0,0,0,0,0,0,0,0,0,0,0,0,0,0,0,0,4,-9,5,-8,6,-9,7,-8,7,-8,8,-8,9,-8,9,-8,9,-7,9,-7,10,-7,10,-6,10,-7,9,-7,9,-7,9,-7,9,-8,8,-8,8,-9,8,-9,8,-10,8,-10,8,-10,8,-11,8,-11,8,-12]"
2025-08-18 22:33:04.982638,CSI_DATA,1078,1a:00:00:00:00:00,-42,11,0,0,0,0,0,0,0,0,0,-94,0,1,0,184214961,0,31,0,128,0,"[0,0,-13,-7,-13,-7,-13,-7,-13,-6,-13,-6,-13,-6,-13,-5,-13,-4,-13,-4,-13,-3,-13,-3,-13,-3,-14,-3,-14,-2,-14,-2,-15,-2,-15,-3,-15,-3,-15,-3,-15,-4,-14,-4,-14,-5,-13,-5,-13,-6,-12,-6,-12,-7,0,0,0,0,0,0,0,0,0,0,0,0,0,0,0,0,0,0,0,0,0,0,-9,-4,-9,-5,-9,-6,-10,-6,-9,-7,-10,-8,-9,-9,-9,-9,-9,-9,-8,-9,-8,-9,-8,-10,-8,-9,-8,-9,-9,-9,-9,-9,-9,-9,-9,-8,-10,-8,-10,-8,-11,-8,-11,-8,-12,-7,-12,-7,-12,-7,-13,-7]"
2025-08-18 22:33:05.166356,CSI_DATA,1079,1a:00:00:00:00:00,-42,11,0,0,0,0,0,0,0,0,0,-94,0,1,0,184416154,0,31,0,128,0,"[0,0,12,-8,11,-8,11,-8,11,-9,11,-9,10,-9,10,-9,9,-10,9,-10,8,-10,8,-10,8,-11,8,-11,8,-12,8,-12,8,-12,8,-12,9,-12,9,-12,10,-11,10,-11,10,-10,10,-9,10,-9,10,-8,10,-7,0,0,0,0,0,0,0,0,0,0,0,0,0,0,0,0,0,0,0,0,0,0,7,-7,8,-6,8,-6,9,-6,9,-5,10,-5,11,-4,11,-4,11,-4,11,-3,11,-3,11,-3,11,-3,11,-3,11,-4,10,-4,11,-4,10,-5,11,-6,11,-6,11,-6,11,-7,11,-7,11,-8,11,-7,12,-8]"
2025-08-18 22:33:05.366865,CSI_DATA,1080,1a:00:00:00:00:00,-42,11,0,0,0,0,0,0,0,0,0,-94,0,1,0,184617320,0,31,0,128,0,"[0,0,11,-9,10,-10,10,-10,10,-10,10,-10,9,-10,9,-10,8,-10,8,-10,7,-11,7,-12,6,-12,6,-12,6,-12,6,-13,7,-13,7,-13,8,-13,8,-13,8,-12,9,-11,9,-11,9,-10,9,-10,9,-9,10,-8,0,0,0,0,0,0,0,0,0,0,0,0,0,0,0,0,0,0,0,0,0,0,6,-7,7,-7,8,-7,8,-7,9,-6,10,-6,10,-5,11,-5,11,-5,11,-5,11,-5,11,-4,11,-4,11,-5,10,-5,10,-5,10,-6,10,-6,10,-7,10,-7,10,-7,10,-8,10,-8,10,-9,10,-9,10,-9]"
2025-08-18 22:33:05.562181,CSI_DATA,1081,1a:00:00:00:00:00,-42,11,0,0,0,0,0,0,0,0,0,-94,0,1,0,184818458,0,31,0,128,0,"[0,0,7,12,7,11,7,11,7,11,7,11,7,10,8,10,8,10,8,9,9,9,9,8,9,8,10,8,10,8,10,8,11,8,11,9,10,9,10,9,10,10,9,10,8,11,8,11,7,10,7,10,6,11,0,0,0,0,0,0,0,0,0,0,0,0,0,0,0,0,0,0,0,0,0,0,5,7,5,8,4,9,4,9,4,10,3,11,3,11,3,11,2,11,2,11,2,11,2,11,2,11,2,11,2,11,2,11,3,11,3,10,4,11,4,11,5,11,5,11,5,11,6,11,6,12,7,12]"
2025-08-18 22:33:05.763009,CSI_DATA,1082,1a:00:00:00:00:00,-42,11,0,0,0,0,0,0,0,0,0,-94,0,1,0,185019832,0,31,0,128,0,"[0,0,11,8,11,8,11,8,11,7,11,7,11,7,11,6,11,6,11,5,11,4,12,4,12,4,12,4,13,3,13,3,13,3,13,4,14,4,14,4,13,5,13,5,12,6,11,6,11,6,10,7,10,7,0,0,0,0,0,0,0,0,0,0,0,0,0,0,0,0,0,0,0,0,0,0,8,4,8,5,7,6,7,7,7,7,7,8,7,9,7,9,6,10,6,10,6,10,6,10,6,10,6,9,6,9,6,9,7,9,7,8,8,9,8,8,9,8,9,8,10,8,10,8,10,8,11,8]"
2025-08-18 22:33:05.972672,CSI_DATA,1083,1a:00:00:00:00:00,-42,11,0,0,0,0,0,0,0,0,0,-94,0,1,0,185220937,0,31,0,128,0,"[0,0,14,-2,13,-3,14,-3,14,-3,14,-4,13,-4,13,-4,13,-4,12,-5,12,-5,12,-6,12,-6,12,-7,12,-7,12,-7,12,-7,13,-7,13,-7,13,-7,13,-6,13,-5,14,-4,13,-4,13,-3,13,-2,12,-1,0,0,0,0,0,0,0,0,0,0,0,0,0,0,0,0,0,0,0,0,0,0,9,-3,9,-3,10,-2,11,-1,11,-1,11,0,12,1,12,1,12,1,12,2,12,2,11,2,11,2,11,2,11,1,11,1,11,1,12,0,12,0,12,-1,12,-1,13,-1,13,-2,13,-2,14,-2,14,-2]"
2025-08-18 22:33:06.030496,CSI_DATA,1084,1a:00:00:00:00:00,-42,11,0,0,0,0,0,0,0,0,0,-94,0,1,0,185281967,0,42,0,128,0,"[0,0,14,-3,13,-4,13,-4,13,-4,13,-5,12,-5,12,-5,12,-5,11,-6,11,-7,11,-7,11,-7,11,-8,11,-8,11,-8,11,-8,11,-8,12,-8,12,-8,12,-7,12,-7,12,-6,12,-5,12,-5,12,-4,12,-3,0,0,0,0,0,0,0,0,0,0,0,0,0,0,0,0,0,0,0,0,0,0,8,-4,9,-3,9,-2,10,-2,11,-1,11,-1,11,0,12,0,11,1,11,1,11,1,11,1,11,1,11,1,11,1,11,0,11,0,11,-1,12,-1,12,-1,12,-2,12,-2,12,-3,13,-3,13,-3,13,-3]"
2025-08-18 22:33:06.093801,CSI_DATA,1085,1a:00:00:00:00:00,-42,11,0,0,0,0,0,0,0,0,0,-94,0,1,0,185349304,0,31,0,128,0,"[0,0,6,12,6,12,6,12,6,12,7,11,7,11,7,10,8,10,8,10,8,9,8,9,9,9,9,9,10,9,10,9,10,9,10,9,10,9,10,10,10,10,9,10,8,11,8,11,7,11,6,10,5,11,0,0,0,0,0,0,0,0,0,0,0,0,0,0,0,0,0,0,0,0,0,0,4,8,4,8,3,9,3,9,3,10,2,11,2,11,1,11,1,11,0,12,0,12,0,11,0,11,1,11,1,11,1,11,2,11,2,11,3,11,3,11,4,11,4,11,5,11,5,12,5,12,6,12]"
2025-08-18 22:33:06.301424,CSI_DATA,1086,1a:00:00:00:00:00,-42,11,0,0,0,0,0,0,0,0,0,-94,0,1,0,185550386,0,31,0,128,0,"[0,0,1,-14,1,-14,1,-14,1,-14,0,-14,0,-13,0,-13,-1,-13,-1,-13,-2,-13,-2,-13,-3,-13,-3,-13,-3,-13,-3,-14,-3,-14,-3,-14,-3,-14,-3,-15,-2,-14,-1,-14,-1,-14,0,-14,0,-13,1,-13,2,-12,0,0,0,0,0,0,0,0,0,0,0,0,0,0,0,0,0,0,0,0,0,0,0,-10,1,-10,1,-10,2,-10,2,-11,3,-11,4,-11,4,-11,4,-11,5,-11,5,-11,5,-10,5,-10,5,-10,5,-11,4,-11,4,-11,4,-11,3,-12,3,-12,2,-12,2,-13,2,-13,2,-13,2,-13,2,-14]"
2025-08-18 22:33:06.520712,CSI_DATA,1087,1a:00:00:00:00:00,-42,11,0,0,0,0,0,0,0,0,0,-94,0,1,0,185751552,0,31,0,128,0,"[0,0,-10,-10,-10,-10,-11,-10,-10,-10,-11,-10,-11,-9,-11,-9,-11,-8,-11,-8,-12,-7,-12,-7,-12,-7,-13,-7,-13,-7,-13,-6,-13,-6,-13,-7,-13,-7,-14,-7,-13,-8,-13,-8,-12,-9,-11,-9,-10,-9,-10,-10,-9,-10,0,0,0,0,0,0,0,0,0,0,0,0,0,0,0,0,0,0,0,0,0,0,-8,-7,-8,-7,-7,-8,-7,-9,-7,-9,-7,-10,-7,-10,-6,-11,-6,-11,-5,-11,-5,-11,-5,-11,-5,-12,-5,-11,-6,-11,-6,-11,-6,-11,-7,-10,-7,-11,-8,-11,-8,-10,-9,-11,-9,-10,-10,-11,-10,-11,-10,-11]"
2025-08-18 22:33:06.697224,CSI_DATA,1088,1a:00:00:00:00:00,-42,11,0,0,0,0,0,0,0,0,0,-94,0,1,0,185952711,0,31,0,128,0,"[0,0,6,12,6,12,6,12,6,11,7,11,6,11,7,11,7,10,7,10,8,9,9,9,9,9,9,9,9,9,10,9,10,9,10,10,10,10,9,10,9,10,8,11,8,11,7,11,6,11,6,11,5,11,0,0,0,0,0,0,0,0,0,0,0,0,0,0,0,0,0,0,0,0,0,0,4,8,4,8,4,9,3,10,3,10,2,11,2,11,1,11,1,11,1,12,1,11,0,11,1,11,1,11,1,11,1,11,2,11,2,11,3,11,3,11,4,11,4,11,5,12,5,12,5,12,6,12]"
2025-08-18 22:33:06.900170,CSI_DATA,1089,1a:00:00:00:00:00,-42,11,0,0,0,0,0,0,0,0,0,-94,0,1,0,186154048,0,31,0,128,0,"[0,0,1,14,1,13,2,13,2,13,3,13,3,13,3,12,4,12,4,12,4,11,5,12,5,11,5,11,6,11,7,12,6,12,6,12,6,13,6,13,6,13,5,13,4,13,3,13,2,13,2,12,1,12,0,0,0,0,0,0,0,0,0,0,0,0,0,0,0,0,0,0,0,0,0,0,1,9,1,9,0,10,-1,10,-1,11,-2,11,-2,11,-3,11,-3,11,-4,11,-4,11,-4,11,-4,11,-4,11,-3,11,-3,11,-2,11,-2,11,-1,12,-1,12,0,12,0,12,0,13,0,13,1,13,1,14]"
2025-08-18 22:33:07.103348,CSI_DATA,1090,1a:00:00:00:00:00,-42,11,0,0,0,0,0,0,0,0,0,-94,0,1,0,186355260,0,31,0,128,0,"[0,0,-7,12,-7,12,-6,12,-6,12,-6,12,-5,12,-5,12,-4,12,-4,12,-4,12,-3,12,-3,13,-2,13,-2,13,-2,13,-2,13,-2,14,-2,14,-3,14,-3,13,-4,14,-4,13,-5,13,-5,12,-6,11,-6,10,0,0,0,0,0,0,0,0,0,0,0,0,0,0,0,0,0,0,0,0,0,0,-4,8,-5,8,-6,8,-6,8,-7,8,-8,8,-9,8,-9,8,-9,8,-10,7,-10,7,-10,7,-10,7,-9,7,-9,7,-9,8,-8,8,-8,9,-8,9,-8,9,-8,10,-7,10,-8,11,-7,11,-7,12,-7,12]"
2025-08-18 22:33:07.303750,CSI_DATA,1091,1a:00:00:00:00:00,-42,11,0,0,0,0,0,0,0,0,0,-94,0,1,0,186556381,0,31,0,128,0,"[0,0,14,1,14,0,13,0,13,-1,13,-1,13,-1,13,-1,13,-2,13,-2,12,-3,12,-3,12,-4,12,-4,12,-5,13,-5,13,-5,13,-5,14,-4,14,-4,14,-3,14,-3,14,-2,13,-2,13,-1,12,0,12,1,0,0,0,0,0,0,0,0,0,0,0,0,0,0,0,0,0,0,0,0,0,0,9,-1,9,-1,10,0,10,1,11,1,11,2,11,3,11,3,11,4,11,4,11,4,10,4,10,4,11,4,10,4,10,3,11,3,11,2,11,2,12,2,12,2,12,1,13,1,13,1,13,0,14,0]"
2025-08-18 22:33:07.505954,CSI_DATA,1092,1a:00:00:00:00:00,-42,11,0,0,0,0,0,0,0,0,0,-94,0,1,0,186757490,0,31,0,128,0,"[0,0,-3,14,-3,14,-3,14,-2,13,-2,14,-2,14,-2,13,-1,13,0,13,1,13,1,13,2,13,2,13,2,14,2,14,2,14,2,14,1,15,1,15,0,14,-1,14,-1,14,-1,14,-2,13,-3,13,-3,12,0,0,0,0,0,0,0,0,0,0,0,0,0,0,0,0,0,0,0,0,0,0,0,9,-1,10,-2,10,-3,10,-3,11,-4,11,-5,11,-5,11,-6,11,-6,11,-6,11,-6,10,-6,11,-6,10,-6,10,-5,10,-5,11,-5,11,-4,11,-4,12,-4,12,-4,12,-3,13,-3,13,-3,14,-3,13]"
2025-08-18 22:33:07.567546,CSI_DATA,1093,1a:00:00:00:00:00,-42,11,0,0,0,0,0,0,0,0,0,-94,0,1,0,186818312,0,42,0,128,0,"[0,0,13,-5,13,-6,12,-6,12,-6,12,-6,11,-7,11,-7,11,-7,11,-7,10,-8,10,-8,10,-9,10,-9,10,-9,10,-9,10,-10,11,-10,11,-9,11,-9,11,-9,12,-8,12,-7,12,-7,12,-6,12,-5,12,-4,0,0,0,0,0,0,0,0,0,0,0,0,0,0,0,0,0,0,0,0,0,0,8,-5,9,-4,9,-4,10,-3,10,-3,11,-2,11,-2,11,-2,12,-1,11,-1,11,0,11,0,11,-1,11,-1,11,-1,11,-1,11,-2,11,-2,11,-3,11,-3,12,-4,12,-4,12,-5,12,-5,12,-5,13,-5]"
2025-08-18 22:33:07.635708,CSI_DATA,1094,1a:00:00:00:00:00,-42,11,0,0,0,0,0,0,0,0,0,-94,0,1,0,186884949,0,31,0,128,0,"[0,0,-15,3,-15,3,-14,3,-15,4,-14,4,-14,4,-14,5,-13,5,-13,5,-13,6,-12,6,-12,7,-12,8,-12,8,-13,8,-13,8,-13,8,-13,8,-14,8,-14,7,-14,6,-14,5,-14,5,-14,4,-14,3,-14,2,0,0,0,0,0,0,0,0,0,0,0,0,0,0,0,0,0,0,0,0,0,0,-10,3,-10,2,-11,2,-11,1,-12,1,-13,0,-13,0,-13,-1,-13,-2,-13,-2,-13,-2,-13,-2,-13,-2,-13,-2,-13,-1,-13,-1,-13,-1,-13,0,-13,0,-13,1,-14,1,-14,1,-14,2,-14,2,-15,3,-14,3]"
2025-08-18 22:33:07.836165,CSI_DATA,1095,1a:00:00:00:00:00,-42,11,0,0,0,0,0,0,0,0,0,-94,0,1,0,187086169,0,31,0,128,0,"[0,0,13,-5,12,-6,12,-6,12,-6,12,-6,12,-6,11,-6,11,-7,10,-7,10,-8,10,-8,10,-9,10,-9,10,-10,10,-10,10,-10,10,-10,11,-10,11,-9,12,-9,12,-8,12,-7,11,-7,11,-6,11,-5,12,-5,0,0,0,0,0,0,0,0,0,0,0,0,0,0,0,0,0,0,0,0,0,0,8,-5,9,-4,9,-4,10,-3,10,-3,11,-2,11,-2,11,-1,12,-1,11,-1,11,0,11,0,11,0,11,-1,11,-1,11,-1,11,-1,11,-2,12,-3,12,-3,12,-3,12,-4,12,-4,12,-5,12,-5,13,-5]"
2025-08-18 22:33:08.048581,CSI_DATA,1096,1a:00:00:00:00:00,-42,11,0,0,0,0,0,0,0,0,0,-94,0,1,0,187287436,0,31,0,128,0,"[0,0,12,-6,12,-7,11,-7,11,-7,11,-8,11,-7,10,-8,10,-8,10,-8,9,-9,9,-9,9,-10,9,-10,9,-10,8,-10,9,-11,9,-10,10,-11,10,-10,10,-10,11,-9,11,-9,10,-8,11,-7,11,-6,11,-6,0,0,0,0,0,0,0,0,0,0,0,0,0,0,0,0,0,0,0,0,0,0,7,-5,8,-5,9,-4,9,-4,10,-4,11,-3,11,-3,11,-2,11,-2,11,-1,11,-1,11,-1,11,-1,11,-2,11,-2,11,-2,11,-3,10,-3,11,-4,11,-4,11,-4,11,-5,11,-5,12,-6,12,-6,12,-6]"
2025-08-18 22:33:08.236848,CSI_DATA,1097,1a:00:00:00:00:00,-42,11,0,0,0,0,0,0,0,0,0,-94,0,1,0,187488515,0,31,0,128,0,"[0,0,8,-12,7,-12,7,-12,7,-12,7,-12,6,-12,6,-12,5,-13,5,-12,4,-13,4,-13,3,-13,3,-13,3,-14,3,-14,3,-14,3,-14,4,-15,4,-15,5,-14,5,-14,6,-13,6,-12,6,-12,7,-11,7,-11,0,0,0,0,0,0,0,0,0,0,0,0,0,0,0,0,0,0,0,0,0,0,4,-9,5,-9,6,-9,6,-9,7,-9,8,-8,8,-8,9,-8,9,-8,9,-7,9,-7,10,-7,9,-7,9,-7,9,-7,9,-8,8,-8,8,-9,8,-9,8,-10,8,-10,8,-11,8,-11,8,-11,8,-12,8,-12]"
2025-08-18 22:33:08.444108,CSI_DATA,1098,1a:00:00:00:00:00,-42,11,0,0,0,0,0,0,0,0,0,-94,0,1,0,187689667,0,31,0,128,0,"[0,0,-14,-5,-14,-5,-14,-5,-14,-5,-14,-4,-13,-4,-13,-3,-13,-3,-14,-2,-14,-2,-14,-1,-14,-1,-14,-1,-14,0,-15,0,-15,0,-15,0,-15,-1,-15,-1,-15,-2,-15,-2,-14,-2,-14,-3,-13,-4,-13,-4,-13,-5,0,0,0,0,0,0,0,0,0,0,0,0,0,0,0,0,0,0,0,0,0,0,-10,-3,-10,-4,-10,-5,-10,-5,-10,-6,-10,-7,-10,-8,-10,-8,-10,-8,-9,-9,-9,-9,-9,-9,-9,-8,-9,-8,-9,-8,-10,-8,-10,-7,-11,-7,-11,-7,-11,-7,-11,-6,-12,-6,-13,-6,-13,-6,-13,-6,-13,-5]"
2025-08-18 22:33:08.633713,CSI_DATA,1099,1a:00:00:00:00:00,-42,11,0,0,0,0,0,0,0,0,0,-94,0,1,0,187890816,0,31,0,128,0,"[0,0,13,5,12,4,12,4,12,4,13,4,12,3,12,3,13,2,12,2,13,1,13,1,13,1,13,0,13,0,13,0,14,0,14,0,14,0,14,1,14,1,14,2,13,2,12,3,12,3,12,4,11,5,0,0,0,0,0,0,0,0,0,0,0,0,0,0,0,0,0,0,0,0,0,0,9,2,9,3,9,4,9,4,9,5,9,6,9,7,9,7,9,7,8,8,8,8,8,8,8,8,8,7,8,7,8,7,9,7,9,6,10,6,10,6,10,6,11,5,11,5,12,5,12,5,13,5]"
2025-08-18 22:33:08.841700,CSI_DATA,1100,1a:00:00:00:00:00,-42,11,0,0,0,0,0,0,0,0,0,-94,0,1,0,188091978,0,31,0,128,0,"[0,0,-11,9,-10,10,-10,9,-10,10,-9,10,-9,10,-9,10,-8,10,-8,10,-7,11,-7,11,-6,11,-7,12,-6,12,-6,12,-6,12,-7,13,-7,12,-8,12,-8,12,-8,11,-9,11,-9,10,-9,10,-9,9,-10,8,0,0,0,0,0,0,0,0,0,0,0,0,0,0,0,0,0,0,0,0,0,0,-6,7,-7,7,-8,7,-8,6,-9,6,-10,6,-11,5,-11,5,-11,5,-11,5,-11,4,-11,4,-11,4,-11,4,-11,5,-11,5,-10,5,-10,6,-10,6,-10,7,-10,7,-10,8,-10,8,-10,9,-10,9,-10,9]"
2025-08-18 22:33:09.037871,CSI_DATA,1101,1a:00:00:00:00:00,-42,11,0,0,0,0,0,0,0,0,0,-94,0,1,0,188293271,0,31,0,128,0,"[0,0,10,11,10,10,10,10,10,10,11,9,11,9,11,8,11,8,11,7,11,6,12,6,12,6,12,6,13,6,13,6,13,6,13,6,14,6,14,7,13,8,13,8,12,8,11,9,11,9,10,9,9,9,0,0,0,0,0,0,0,0,0,0,0,0,0,0,0,0,0,0,0,0,0,0,7,6,7,7,7,8,6,9,6,9,6,10,5,11,5,11,5,11,4,11,4,12,4,11,4,11,5,11,5,11,5,11,5,11,6,10,7,10,7,10,8,10,8,11,9,10,9,10,10,10,10,10]"
2025-08-18 22:33:09.105857,CSI_DATA,1102,1a:00:00:00:00:00,-42,11,0,0,0,0,0,0,0,0,0,-94,0,1,0,188353988,0,42,0,128,0,"[0,0,-15,0,-14,0,-15,0,-14,0,-15,1,-14,1,-14,2,-14,2,-14,3,-13,3,-13,4,-13,4,-13,5,-14,5,-13,5,-14,5,-14,5,-14,5,-15,4,-15,4,-15,3,-14,2,-14,2,-14,2,-14,1,-13,0,0,0,0,0,0,0,0,0,0,0,0,0,0,0,0,0,0,0,0,0,0,0,-10,0,-11,0,-11,-1,-11,-1,-11,-2,-12,-3,-12,-3,-12,-4,-12,-4,-12,-4,-12,-4,-12,-5,-12,-4,-12,-4,-12,-4,-12,-4,-12,-4,-12,-3,-13,-2,-13,-2,-13,-2,-13,-1,-14,-1,-14,0,-14,0,-15,0]"
2025-08-18 22:33:09.175062,CSI_DATA,1103,1a:00:00:00:00:00,-43,11,0,0,0,0,0,0,0,0,0,-94,0,1,0,188421464,0,31,0,128,0,"[0,0,-2,-15,-3,-14,-3,-14,-3,-14,-3,-14,-4,-14,-4,-14,-5,-13,-5,-13,-6,-13,-6,-13,-6,-13,-7,-13,-7,-13,-7,-13,-7,-13,-7,-14,-7,-13,-7,-14,-7,-14,-6,-14,-5,-14,-5,-14,-4,-14,-3,-13,-2,-13,0,0,0,0,0,0,0,0,0,0,0,0,0,0,0,0,0,0,0,0,0,0,-2,-10,-2,-10,-1,-11,0,-12,0,-12,1,-12,1,-12,2,-12,2,-12,3,-12,3,-12,3,-12,3,-12,2,-12,2,-12,2,-12,1,-12,1,-12,0,-13,0,-13,-1,-13,-1,-14,-1,-14,-1,-14,-2,-14,-2,-14]"
2025-08-18 22:33:09.376371,CSI_DATA,1104,1a:00:00:00:00:00,-42,11,0,0,0,0,0,0,0,0,0,-94,0,1,0,188622553,0,31,0,128,0,"[0,0,-3,-15,-3,-15,-3,-14,-4,-14,-4,-14,-4,-14,-4,-14,-5,-13,-5,-13,-6,-13,-7,-13,-7,-12,-7,-12,-8,-13,-8,-13,-8,-13,-8,-13,-8,-13,-7,-14,-6,-14,-6,-14,-5,-14,-5,-14,-4,-14,-3,-13,-2,-13,0,0,0,0,0,0,0,0,0,0,0,0,0,0,0,0,0,0,0,0,0,0,-3,-10,-3,-11,-2,-11,-2,-12,-1,-12,0,-13,0,-13,1,-13,1,-13,2,-13,2,-13,2,-13,1,-13,1,-13,1,-13,1,-13,0,-13,0,-13,0,-13,-1,-13,-1,-14,-1,-14,-2,-14,-3,-14,-3,-15,-3,-15]"
2025-08-18 22:33:09.587261,CSI_DATA,1105,1a:00:00:00:00:00,-42,11,0,0,0,0,0,0,0,0,0,-94,0,1,0,188823975,0,31,0,128,0,"[0,0,14,-2,14,-3,14,-2,14,-3,14,-3,13,-3,13,-4,13,-5,13,-5,12,-5,12,-6,12,-6,12,-7,12,-7,12,-7,13,-7,13,-7,13,-7,13,-7,14,-6,14,-5,14,-5,13,-4,13,-3,13,-2,13,-2,0,0,0,0,0,0,0,0,0,0,0,0,0,0,0,0,0,0,0,0,0,0,9,-3,10,-2,10,-1,11,-1,11,0,11,0,12,1,12,1,12,2,12,2,12,3,11,3,12,3,11,3,12,2,11,2,12,1,12,1,12,0,13,0,12,-1,13,-1,14,-1,14,-1,14,-1,14,-2]"
2025-08-18 22:33:09.775917,CSI_DATA,1106,1a:00:00:00:00:00,-42,11,0,0,0,0,0,0,0,0,0,-94,0,1,0,189024931,0,31,0,128,0,"[0,0,3,-14,3,-14,3,-14,3,-14,2,-14,2,-14,1,-13,1,-13,0,-13,0,-13,-1,-13,-1,-14,-2,-14,-2,-14,-2,-14,-2,-14,-2,-14,-1,-15,-1,-15,0,-15,0,-15,1,-14,1,-14,1,-13,2,-13,3,-12,0,0,0,0,0,0,0,0,0,0,0,0,0,0,0,0,0,0,0,0,0,0,1,-10,2,-10,3,-10,3,-11,4,-11,5,-11,5,-11,6,-11,6,-10,7,-10,7,-10,7,-10,7,-10,6,-10,6,-10,6,-10,5,-11,5,-11,5,-12,4,-12,4,-12,4,-12,4,-13,3,-13,3,-13,3,-13]"
2025-08-18 22:33:09.974591,CSI_DATA,1107,1a:00:00:00:00:00,-42,11,0,0,0,0,0,0,0,0,0,-94,0,1,0,189226105,0,31,0,128,0,"[0,0,6,-13,6,-13,5,-13,5,-13,5,-13,5,-13,4,-13,4,-13,3,-13,2,-13,2,-13,1,-14,1,-14,1,-14,1,-14,1,-14,1,-15,2,-15,2,-15,3,-15,3,-14,3,-14,4,-13,4,-13,5,-12,5,-11,0,0,0,0,0,0,0,0,0,0,0,0,0,0,0,0,0,0,0,0,0,0,4,-9,4,-9,5,-9,6,-9,7,-9,7,-9,8,-9,8,-9,9,-9,9,-8,9,-8,9,-8,9,-8,8,-8,8,-8,8,-9,7,-9,7,-9,7,-10,7,-10,7,-11,7,-11,7,-11,6,-12,6,-12,7,-12]"
2025-08-18 22:33:10.180853,CSI_DATA,1108,1a:00:00:00:00:00,-42,11,0,0,0,0,0,0,0,0,0,-94,0,1,0,189427425,0,31,0,128,0,"[0,0,-1,-15,-2,-14,-1,-14,-2,-14,-2,-14,-3,-14,-3,-13,-3,-13,-4,-13,-4,-13,-5,-13,-5,-13,-5,-13,-6,-13,-6,-13,-6,-13,-6,-13,-6,-14,-6,-14,-5,-14,-5,-14,-4,-14,-3,-14,-2,-14,-2,-13,-1,-13,0,0,0,0,0,0,0,0,0,0,0,0,0,0,0,0,0,0,0,0,0,0,-2,-10,-1,-11,-1,-11,0,-11,1,-12,1,-12,2,-12,2,-12,3,-12,3,-12,3,-12,4,-12,3,-12,3,-12,3,-12,2,-12,2,-12,2,-12,1,-13,1,-13,1,-13,0,-13,0,-14,0,-14,-1,-14,-1,-14]"
2025-08-18 22:33:10.377869,CSI_DATA,1109,1a:00:00:00:00:00,-42,11,0,0,0,0,0,0,0,0,0,-94,0,1,0,189628525,0,31,0,128,0,"[0,0,-12,8,-12,8,-11,8,-11,8,-10,9,-11,9,-10,9,-9,9,-9,9,-9,10,-8,10,-8,10,-8,11,-8,11,-8,11,-8,11,-8,12,-9,11,-9,11,-9,11,-10,10,-10,10,-10,9,-10,9,-10,8,-10,7,0,0,0,0,0,0,0,0,0,0,0,0,0,0,0,0,0,0,0,0,0,0,-7,6,-8,6,-9,6,-10,5,-10,6,-11,5,-11,4,-12,4,-12,4,-12,3,-12,3,-12,3,-12,3,-11,3,-11,3,-11,4,-11,4,-11,5,-11,5,-11,6,-11,6,-11,6,-12,7,-11,8,-11,8,-11,8]"
2025-08-18 22:33:10.578197,CSI_DATA,1110,1a:00:00:00:00:00,-42,11,0,0,0,0,0,0,0,0,0,-94,0,1,0,189829660,0,31,0,128,0,"[0,0,-4,13,-3,13,-3,13,-3,13,-3,13,-3,13,-2,12,-2,13,-1,12,0,12,0,13,1,13,1,13,1,13,1,13,1,13,1,14,1,13,0,14,0,14,-1,14,-1,13,-3,13,-2,13,-4,12,-4,12,0,0,0,0,0,0,0,0,0,0,0,0,0,0,0,0,0,0,0,0,0,0,-1,9,-2,9,-3,9,-3,10,-4,10,-5,10,-5,10,-6,10,-6,10,-6,10,-7,10,-7,10,-6,10,-6,10,-6,10,-6,10,-6,10,-5,10,-5,11,-5,11,-5,12,-5,12,-4,13,-4,13,-3,13,-3,13]"
2025-08-18 22:33:10.642120,CSI_DATA,1111,1a:00:00:00:00:00,-42,11,0,0,0,0,0,0,0,0,0,-94,0,1,0,189890435,0,42,0,128,0,"[0,0,0,-15,0,-14,0,-15,0,-14,-1,-14,-1,-14,-2,-14,-2,-14,-3,-13,-3,-13,-3,-13,-4,-13,-4,-14,-5,-14,-5,-13,-5,-14,-5,-14,-5,-14,-4,-15,-4,-14,-3,-14,-2,-14,-2,-14,-1,-14,-1,-13,0,-13,0,0,0,0,0,0,0,0,0,0,0,0,0,0,0,0,0,0,0,0,0,0,-1,-10,0,-10,1,-11,1,-11,2,-11,3,-12,3,-12,3,-12,4,-12,4,-11,5,-11,5,-11,5,-11,4,-11,4,-11,4,-11,3,-12,3,-12,2,-12,2,-12,2,-13,1,-13,1,-13,1,-14,1,-14,1,-15]"
2025-08-18 22:33:10.701585,CSI_DATA,1112,1a:00:00:00:00:00,-42,11,0,0,0,0,0,0,0,0,0,-94,0,1,0,189956696,0,31,0,128,0,"[0,0,8,12,9,11,8,11,9,11,9,11,9,10,9,10,10,9,10,9,10,9,10,8,11,8,11,8,11,8,12,7,12,8,12,8,12,9,12,9,11,9,10,10,10,10,9,11,8,10,8,10,7,11,0,0,0,0,0,0,0,0,0,0,0,0,0,0,0,0,0,0,0,0,0,0,6,7,6,7,6,8,5,9,5,10,5,10,4,11,4,11,4,11,3,12,3,12,3,12,3,11,3,11,3,11,4,11,4,11,5,11,5,11,6,11,6,11,7,11,7,11,8,11,8,12,8,11]"
2025-08-18 22:33:10.909121,CSI_DATA,1113,1a:00:00:00:00:00,-42,11,0,0,0,0,0,0,0,0,0,-94,0,1,0,190157749,0,31,0,128,0,"[0,0,-15,2,-15,2,-14,2,-14,2,-14,3,-13,3,-13,3,-13,4,-13,4,-13,5,-12,5,-12,6,-12,6,-12,6,-12,7,-12,7,-13,7,-13,7,-14,7,-14,6,-14,5,-13,5,-13,4,-13,3,-13,3,-13,2,0,0,0,0,0,0,0,0,0,0,0,0,0,0,0,0,0,0,0,0,0,0,-10,1,-10,1,-11,0,-11,0,-12,-1,-12,-1,-12,-2,-12,-2,-12,-3,-12,-3,-12,-3,-12,-4,-12,-3,-12,-3,-12,-3,-12,-2,-12,-2,-13,-1,-13,-1,-13,0,-13,0,-13,0,-14,1,-14,1,-14,1,-14,1]"
2025-08-18 22:33:11.106030,CSI_DATA,1114,1a:00:00:00:00:00,-42,11,0,0,0,0,0,0,0,0,0,-94,0,1,0,190359014,0,31,0,128,0,"[0,0,3,13,3,13,4,13,4,13,4,13,4,12,5,12,5,12,6,11,6,11,6,11,7,11,7,11,7,11,8,11,8,11,8,12,8,12,7,12,7,12,6,12,6,12,5,12,4,12,3,12,2,12,0,0,0,0,0,0,0,0,0,0,0,0,0,0,0,0,0,0,0,0,0,0,3,9,3,9,2,10,2,10,1,11,1,11,0,12,0,12,-1,12,-1,12,-2,12,-2,12,-2,11,-1,12,-1,11,-1,12,0,11,0,12,1,12,1,12,2,12,2,12,3,13,3,13,3,13,3,13]"
2025-08-18 22:33:11.304220,CSI_DATA,1115,1a:00:00:00:00:00,-42,11,0,0,0,0,0,0,0,0,0,-94,0,1,0,190560310,0,31,0,128,0,"[0,0,7,13,7,12,7,12,7,12,7,11,7,11,8,11,8,10,8,10,9,9,9,9,9,9,10,9,10,9,10,9,11,9,10,9,10,10,10,10,10,10,9,11,9,11,8,11,7,11,6,11,5,11,0,0,0,0,0,0,0,0,0,0,0,0,0,0,0,0,0,0,0,0,0,0,5,7,5,8,5,9,4,10,4,10,4,11,3,11,2,12,2,12,2,12,2,12,1,12,2,12,2,12,2,12,2,11,3,12,3,11,4,11,4,11,5,12,5,12,6,12,6,12,7,13,7,13]"
2025-08-18 22:33:11.512542,CSI_DATA,1116,1a:00:00:00:00:00,-42,11,0,0,0,0,0,0,0,0,0,-94,0,1,0,190761452,0,31,0,128,0,"[0,0,-14,4,-14,4,-14,4,-13,4,-13,4,-13,5,-13,5,-12,6,-12,6,-12,6,-11,7,-11,7,-11,7,-11,8,-11,8,-11,8,-12,8,-12,8,-12,8,-13,7,-13,6,-12,6,-13,5,-13,5,-12,4,-12,3,0,0,0,0,0,0,0,0,0,0,0,0,0,0,0,0,0,0,0,0,0,0,-9,3,-10,2,-10,2,-11,1,-11,1,-12,1,-12,0,-12,-1,-12,-1,-12,-1,-12,-1,-12,-2,-12,-1,-12,-1,-12,-1,-12,0,-12,0,-12,1,-13,1,-13,2,-13,2,-13,2,-14,3,-14,3,-14,3,-14,3]"
2025-08-18 22:33:11.712913,CSI_DATA,1117,1a:00:00:00:00:00,-42,11,0,0,0,0,0,0,0,0,0,-94,0,1,0,190962580,0,31,0,128,0,"[0,0,-14,4,-15,5,-13,4,-14,5,-13,5,-13,5,-13,6,-12,6,-12,7,-12,7,-12,7,-11,8,-11,8,-11,8,-12,9,-11,9,-12,9,-12,9,-12,9,-13,8,-13,7,-13,7,-13,6,-13,5,-13,4,-13,3,0,0,0,0,0,0,0,0,0,0,0,0,0,0,0,0,0,0,0,0,0,0,-9,3,-10,3,-11,2,-11,2,-12,2,-12,1,-13,0,-13,0,-13,0,-13,-1,-13,-1,-13,-1,-13,-1,-12,-1,-12,0,-13,0,-12,0,-13,1,-13,1,-13,2,-13,2,-13,3,-14,3,-14,3,-14,4,-14,4]"
2025-08-18 22:33:11.915090,CSI_DATA,1118,1a:00:00:00:00:00,-42,11,0,0,0,0,0,0,0,0,0,-94,0,1,0,191163750,0,31,0,128,0,"[0,0,1,-15,1,-14,0,-15,0,-14,0,-15,0,-14,-1,-14,-1,-14,-1,-14,-2,-13,-3,-13,-3,-14,-4,-14,-4,-14,-4,-14,-4,-14,-3,-14,-3,-15,-2,-15,-2,-15,-1,-14,0,-14,0,-14,0,-14,1,-13,2,-13,0,0,0,0,0,0,0,0,0,0,0,0,0,0,0,0,0,0,0,0,0,0,-2,-10,-1,-10,0,-11,1,-11,1,-11,2,-12,3,-12,3,-12,4,-12,4,-11,4,-12,4,-12,4,-12,4,-12,4,-12,3,-11,3,-12,2,-12,2,-13,2,-13,2,-13,2,-13,1,-13,1,-14,0,-14,0,-15]"
2025-08-18 22:33:12.117030,CSI_DATA,1119,1a:00:00:00:00:00,-42,11,0,0,0,0,0,0,0,0,0,-94,0,1,0,191364977,0,31,0,128,0,"[0,0,1,-15,1,-15,1,-14,0,-15,0,-14,-1,-14,-1,-14,-2,-14,-2,-13,-3,-13,-3,-13,-4,-13,-4,-13,-4,-13,-4,-14,-5,-14,-4,-15,-4,-14,-4,-14,-4,-15,-3,-14,-2,-14,-1,-14,-1,-14,0,-13,0,-13,0,0,0,0,0,0,0,0,0,0,0,0,0,0,0,0,0,0,0,0,0,0,0,-10,0,-10,1,-11,2,-11,2,-11,3,-12,4,-12,4,-12,5,-11,5,-11,5,-11,5,-11,5,-11,5,-11,4,-11,4,-11,4,-11,3,-12,3,-12,3,-13,2,-13,2,-13,2,-14,1,-14,1,-14,2,-14]"
2025-08-18 22:33:12.172484,CSI_DATA,1120,1a:00:00:00:00:00,-42,11,0,0,0,0,0,0,0,0,0,-94,0,1,0,191425766,0,42,0,128,0,"[0,0,0,14,0,14,1,13,1,13,1,13,1,13,2,13,2,13,3,12,3,12,4,12,4,12,4,12,5,12,5,12,5,12,5,13,4,13,4,13,4,13,3,13,2,13,1,13,1,13,0,12,0,12,0,0,0,0,0,0,0,0,0,0,0,0,0,0,0,0,0,0,0,0,0,0,1,9,1,9,0,10,0,10,-1,10,-2,11,-2,11,-3,11,-3,11,-4,11,-4,11,-4,11,-4,11,-3,11,-3,11,-3,11,-2,11,-2,11,-2,12,-2,12,-1,12,-1,13,-1,13,0,13,0,13,0,14]"
2025-08-18 22:33:12.243927,CSI_DATA,1121,1a:00:00:00:00:00,-42,11,0,0,0,0,0,0,0,0,0,-94,0,1,0,191493190,0,31,0,128,0,"[0,0,-15,2,-14,3,-14,3,-14,3,-14,3,-14,3,-13,4,-13,4,-13,4,-12,5,-12,6,-12,6,-12,6,-12,7,-12,7,-12,7,-13,7,-13,7,-13,7,-13,6,-14,5,-13,5,-13,4,-13,4,-13,3,-13,2,0,0,0,0,0,0,0,0,0,0,0,0,0,0,0,0,0,0,0,0,0,0,-9,2,-10,1,-11,1,-11,1,-12,0,-12,-1,-12,-1,-12,-2,-13,-2,-12,-3,-13,-3,-12,-3,-12,-3,-12,-2,-12,-2,-12,-2,-12,-1,-12,0,-13,0,-13,0,-13,0,-14,1,-14,1,-14,2,-14,2,-15,2]"
2025-08-18 22:33:12.444144,CSI_DATA,1122,1a:00:00:00:00:00,-42,11,0,0,0,0,0,0,0,0,0,-94,0,1,0,191694437,0,31,0,128,0,"[0,0,13,-5,12,-5,12,-6,12,-6,12,-6,11,-6,11,-7,11,-7,11,-7,10,-7,10,-8,10,-8,10,-9,10,-9,10,-9,10,-9,10,-9,11,-10,11,-9,11,-9,11,-8,11,-7,11,-6,11,-6,11,-5,11,-4,0,0,0,0,0,0,0,0,0,0,0,0,0,0,0,0,0,0,0,0,0,0,8,-5,9,-4,9,-4,10,-4,10,-3,11,-2,11,-2,11,-2,12,-1,11,-1,12,0,11,0,12,0,11,-1,12,-1,11,-1,11,-2,11,-2,12,-3,12,-3,12,-4,12,-4,12,-4,12,-4,13,-5,13,-5]"
2025-08-18 22:33:12.651387,CSI_DATA,1123,1a:00:00:00:00:00,-42,11,0,0,0,0,0,0,0,0,0,-94,0,1,0,191895576,0,31,0,128,0,"[0,0,-10,-11,-10,-11,-10,-10,-10,-10,-11,-10,-10,-10,-11,-9,-11,-8,-11,-8,-11,-7,-12,-7,-12,-7,-12,-6,-13,-6,-13,-6,-13,-7,-13,-7,-13,-7,-13,-8,-12,-8,-12,-8,-11,-9,-11,-9,-10,-9,-10,-9,-9,-10,0,0,0,0,0,0,0,0,0,0,0,0,0,0,0,0,0,0,0,0,0,0,-8,-6,-8,-7,-8,-8,-7,-9,-7,-9,-7,-10,-6,-11,-6,-11,-6,-11,-6,-11,-6,-12,-5,-11,-6,-11,-6,-11,-6,-11,-6,-11,-6,-11,-7,-11,-7,-11,-8,-11,-8,-11,-8,-11,-9,-10,-10,-11,-10,-10,-10,-10]"
2025-08-18 22:33:12.844475,CSI_DATA,1124,1a:00:00:00:00:00,-42,11,0,0,0,0,0,0,0,0,0,-94,0,1,0,192096701,0,31,0,128,0,"[0,0,8,-12,7,-12,7,-12,7,-12,7,-12,7,-12,6,-12,6,-12,5,-12,4,-12,4,-13,3,-13,3,-13,3,-13,3,-14,3,-14,3,-14,4,-14,4,-14,5,-14,5,-13,6,-13,6,-12,6,-12,6,-11,7,-10,0,0,0,0,0,0,0,0,0,0,0,0,0,0,0,0,0,0,0,0,0,0,4,-9,5,-9,6,-9,6,-9,7,-9,8,-8,9,-8,9,-8,9,-8,9,-7,10,-7,10,-7,9,-7,9,-7,9,-7,9,-7,9,-8,8,-9,8,-9,8,-9,8,-10,8,-10,8,-11,8,-11,8,-11,8,-12]"
2025-08-18 22:33:13.049285,CSI_DATA,1125,1a:00:00:00:00:00,-42,11,0,0,0,0,0,0,0,0,0,-94,0,1,0,192297962,0,31,0,128,0,"[0,0,1,-15,1,-15,1,-15,1,-15,0,-15,0,-14,0,-14,-1,-14,-1,-14,-2,-14,-3,-14,-3,-14,-4,-14,-3,-14,-4,-14,-4,-14,-3,-15,-3,-15,-3,-15,-2,-15,-2,-15,-1,-15,0,-14,0,-14,1,-13,2,-13,0,0,0,0,0,0,0,0,0,0,0,0,0,0,0,0,0,0,0,0,0,0,-1,-10,0,-11,1,-11,1,-11,2,-12,3,-12,3,-12,4,-12,4,-12,5,-12,5,-12,5,-12,5,-12,4,-12,4,-12,4,-12,4,-12,3,-12,3,-13,3,-13,2,-13,2,-14,2,-14,1,-14,1,-15,1,-15]"
2025-08-18 22:33:13.254753,CSI_DATA,1126,1a:00:00:00:00:00,-42,11,0,0,0,0,0,0,0,0,0,-94,0,1,0,192499101,0,31,0,128,0,"[0,0,-7,-13,-7,-13,-7,-13,-7,-12,-8,-12,-8,-12,-8,-11,-8,-11,-9,-10,-9,-10,-9,-10,-10,-10,-10,-9,-11,-9,-11,-9,-11,-9,-11,-10,-11,-10,-11,-10,-10,-11,-10,-11,-9,-11,-8,-11,-8,-11,-7,-11,-6,-11,0,0,0,0,0,0,0,0,0,0,0,0,0,0,0,0,0,0,0,0,0,0,-5,-9,-5,-9,-5,-10,-4,-11,-4,-11,-3,-12,-3,-12,-2,-12,-2,-13,-2,-13,-1,-12,-1,-12,-1,-12,-2,-12,-2,-12,-2,-12,-3,-12,-4,-12,-4,-12,-4,-12,-5,-12,-5,-13,-6,-13,-6,-13,-6,-13,-6,-13]"
2025-08-18 22:33:13.442515,CSI_DATA,1127,1a:00:00:00:00:00,-42,11,0,0,0,0,0,0,0,0,0,-94,0,1,0,192700218,0,31,0,128,0,"[0,0,10,9,10,9,10,8,10,9,10,8,10,8,10,7,10,7,11,6,11,6,11,5,11,5,12,5,12,5,12,5,12,4,13,5,12,5,12,6,12,6,12,7,11,7,10,7,10,7,9,8,8,8,0,0,0,0,0,0,0,0,0,0,0,0,0,0,0,0,0,0,0,0,0,0,7,5,7,6,7,7,7,7,7,8,7,9,6,9,6,10,6,10,5,10,5,10,5,10,5,10,5,10,5,10,5,10,6,9,7,9,7,9,7,9,8,9,8,9,9,9,9,9,9,9,10,9]"
2025-08-18 22:33:13.657321,CSI_DATA,1128,1a:00:00:00:00:00,-42,11,0,0,0,0,0,0,0,0,0,-94,0,1,0,192901589,0,31,0,128,0,"[0,0,-11,-11,-11,-11,-11,-11,-11,-11,-11,-11,-11,-10,-11,-9,-12,-9,-12,-8,-12,-8,-13,-8,-13,-7,-13,-7,-13,-7,-14,-7,-14,-7,-14,-7,-14,-7,-14,-8,-13,-8,-13,-9,-12,-9,-12,-9,-11,-10,-10,-10,-9,-10,0,0,0,0,0,0,0,0,0,0,0,0,0,0,0,0,0,0,0,0,0,0,-8,-7,-8,-8,-8,-9,-8,-9,-7,-10,-7,-11,-7,-11,-6,-12,-6,-12,-6,-12,-5,-12,-5,-12,-5,-12,-5,-12,-6,-12,-6,-12,-7,-11,-7,-11,-8,-11,-8,-12,-8,-11,-9,-11,-10,-11,-10,-11,-10,-11,-10,-11]"
2025-08-18 22:33:13.724021,CSI_DATA,1129,1a:00:00:00:00:00,-42,11,0,0,0,0,0,0,0,0,0,-94,0,1,0,192962319,0,42,0,128,0,"[0,0,14,-2,13,-3,13,-3,13,-3,14,-4,12,-4,12,-4,12,-5,12,-5,12,-5,12,-6,11,-7,12,-7,12,-7,12,-7,12,-8,12,-7,13,-7,13,-7,13,-6,13,-6,13,-5,12,-4,12,-4,12,-3,12,-2,0,0,0,0,0,0,0,0,0,0,0,0,0,0,0,0,0,0,0,0,0,0,9,-3,10,-2,10,-2,11,-1,11,0,12,0,12,1,12,1,12,2,11,2,12,2,11,3,12,2,11,2,12,2,11,2,12,1,11,0,12,0,12,0,12,-1,13,-1,13,-1,13,-2,14,-2,14,-2]"
2025-08-18 22:33:13.910819,CSI_DATA,1130,1a:00:00:00:00:00,-42,11,0,0,0,0,0,0,0,0,0,-94,0,1,0,193028195,0,31,0,128,0,"[0,0,11,-8,11,-9,11,-8,11,-8,10,-9,10,-9,9,-9,9,-9,9,-9,8,-10,8,-10,8,-11,8,-11,8,-11,8,-11,8,-11,8,-11,9,-11,9,-11,9,-11,9,-10,10,-10,10,-9,10,-8,10,-7,10,-7,0,0,0,0,0,0,0,0,0,0,0,0,0,0,0,0,0,0,0,0,0,0,7,-7,7,-7,8,-6,8,-6,9,-6,10,-6,10,-5,11,-5,11,-4,11,-4,11,-3,11,-3,11,-4,11,-4,11,-4,11,-4,11,-5,10,-5,10,-6,11,-6,11,-6,11,-7,11,-7,11,-8,11,-8,11,-8]"
2025-08-18 22:33:13.984353,CSI_DATA,1131,1a:00:00:00:00:00,-42,11,0,0,0,0,0,0,0,0,0,-94,0,1,0,193229356,0,31,0,128,0,"[0,0,-8,-12,-8,-12,-9,-12,-9,-11,-9,-11,-9,-11,-9,-10,-10,-10,-10,-9,-10,-8,-11,-8,-11,-8,-11,-8,-12,-8,-12,-8,-12,-8,-12,-8,-12,-9,-12,-9,-11,-9,-11,-10,-10,-10,-10,-10,-9,-10,-9,-10,-8,-10,0,0,0,0,0,0,0,0,0,0,0,0,0,0,0,0,0,0,0,0,0,0,-6,-8,-6,-9,-6,-9,-6,-10,-5,-10,-5,-11,-4,-12,-4,-12,-4,-12,-3,-12,-3,-12,-3,-12,-3,-12,-4,-12,-4,-12,-4,-11,-5,-12,-5,-11,-6,-12,-6,-12,-6,-12,-7,-12,-7,-11,-8,-12,-8,-12,-8,-12]"
2025-08-18 22:33:14.179510,CSI_DATA,1132,1a:00:00:00:00:00,-42,11,0,0,0,0,0,0,0,0,0,-94,0,1,0,193430540,0,31,0,128,0,"[0,0,-9,12,-9,12,-9,12,-8,12,-8,12,-7,12,-7,12,-6,12,-6,12,-5,12,-5,12,-4,13,-4,13,-4,13,-4,13,-4,14,-4,14,-5,14,-5,14,-6,14,-6,13,-6,13,-7,12,-7,12,-8,11,-8,10,0,0,0,0,0,0,0,0,0,0,0,0,0,0,0,0,0,0,0,0,0,0,-5,8,-6,9,-7,8,-7,9,-8,9,-9,9,-9,8,-10,8,-10,8,-11,7,-11,7,-11,7,-11,7,-10,7,-10,7,-10,7,-10,8,-9,8,-9,9,-9,9,-9,10,-9,10,-9,11,-9,11,-9,12,-9,12]"
2025-08-18 22:33:14.390316,CSI_DATA,1133,1a:00:00:00:00:00,-42,11,0,0,0,0,0,0,0,0,0,-94,0,1,0,193631675,0,31,0,128,0,"[0,0,14,1,13,1,13,1,13,0,13,0,13,0,13,-1,12,-1,12,-2,12,-2,12,-3,12,-3,12,-3,12,-4,13,-4,13,-4,13,-4,13,-4,14,-4,13,-3,13,-3,13,-2,13,-1,12,0,12,0,12,1,0,0,0,0,0,0,0,0,0,0,0,0,0,0,0,0,0,0,0,0,0,0,9,-1,9,0,10,1,10,2,11,2,11,3,11,4,11,4,11,4,10,5,10,5,10,5,10,5,10,5,10,4,10,4,10,4,11,3,11,3,12,2,12,2,12,2,13,2,13,1,13,1,14,1]"
2025-08-18 22:33:14.588719,CSI_DATA,1134,1a:00:00:00:00:00,-42,11,0,0,0,0,0,0,0,0,0,-94,0,1,0,193832840,0,31,0,128,0,"[0,0,-8,-13,-9,-13,-9,-12,-9,-12,-9,-12,-9,-11,-10,-11,-10,-11,-10,-10,-11,-10,-11,-9,-11,-9,-12,-9,-12,-9,-13,-9,-12,-8,-13,-9,-13,-9,-12,-10,-12,-10,-11,-10,-11,-11,-10,-11,-10,-11,-9,-11,-8,-11,0,0,0,0,0,0,0,0,0,0,0,0,0,0,0,0,0,0,0,0,0,0,-7,-9,-6,-9,-6,-10,-5,-11,-6,-11,-5,-12,-4,-13,-4,-13,-4,-13,-3,-13,-3,-13,-3,-13,-3,-13,-3,-13,-3,-12,-4,-13,-4,-12,-5,-13,-5,-12,-6,-12,-6,-13,-7,-13,-8,-13,-8,-13,-8,-13,-8,-13]"
2025-08-18 22:33:14.783031,CSI_DATA,1135,1a:00:00:00:00:00,-42,11,0,0,0,0,0,0,0,0,0,-94,0,1,0,194034191,0,31,0,128,0,"[0,0,11,-7,10,-8,11,-8,10,-8,10,-9,10,-9,9,-9,9,-9,8,-9,8,-10,8,-10,7,-11,7,-11,7,-11,7,-11,7,-12,8,-11,8,-11,8,-11,9,-11,9,-10,9,-10,9,-9,9,-8,9,-8,10,-7,0,0,0,0,0,0,0,0,0,0,0,0,0,0,0,0,0,0,0,0,0,0,7,-6,8,-6,8,-5,9,-5,9,-5,10,-5,11,-4,11,-4,11,-3,11,-3,11,-3,11,-3,11,-3,11,-3,11,-3,10,-3,10,-4,10,-4,11,-5,10,-7,10,-6,11,-7,11,-6,11,-7,11,-7,11,-8]"
2025-08-18 22:33:14.978986,CSI_DATA,1136,1a:00:00:00:00:00,-42,11,0,0,0,0,0,0,0,0,0,-94,0,1,0,194235314,0,31,0,128,0,"[0,0,6,12,6,12,6,11,6,12,6,11,6,11,7,10,7,10,7,10,8,9,8,9,8,9,9,9,9,9,10,9,9,9,10,9,10,9,10,10,9,10,9,10,8,10,7,10,6,11,6,11,5,11,0,0,0,0,0,0,0,0,0,0,0,0,0,0,0,0,0,0,0,0,0,0,5,8,4,8,4,9,3,10,3,10,2,11,2,11,2,11,1,11,1,12,1,12,0,11,0,11,1,11,1,11,1,11,2,11,2,11,3,11,4,11,4,11,4,12,5,12,5,12,5,12,6,12]"
2025-08-18 22:33:15.187713,CSI_DATA,1137,1a:00:00:00:00:00,-42,11,0,0,0,0,0,0,0,0,0,-94,0,1,0,194436514,0,31,0,128,0,"[0,0,-15,1,-15,2,-15,2,-15,2,-14,3,-14,3,-14,3,-13,4,-13,4,-13,5,-13,5,-13,6,-13,6,-13,6,-13,6,-14,6,-14,7,-14,6,-15,6,-14,5,-15,5,-14,4,-14,3,-14,3,-14,2,-14,1,0,0,0,0,0,0,0,0,0,0,0,0,0,0,0,0,0,0,0,0,0,0,-10,2,-11,2,-11,1,-12,0,-12,0,-13,-1,-13,-1,-13,-2,-13,-2,-13,-3,-13,-3,-13,-3,-13,-3,-13,-3,-13,-2,-13,-2,-13,-2,-13,-1,-13,-1,-14,0,-14,0,-14,0,-15,1,-15,1,-15,1,-15,2]"
2025-08-18 22:33:15.244830,CSI_DATA,1138,1a:00:00:00:00:00,-42,11,0,0,0,0,0,0,0,0,0,-94,0,1,0,194497266,0,42,0,128,0,"[0,0,-2,14,-2,14,-2,14,-1,13,-1,14,0,13,0,13,0,13,1,13,2,13,2,12,3,13,3,13,3,13,4,13,4,13,3,14,3,14,3,14,2,14,1,14,1,14,1,13,0,13,-1,12,-2,12,0,0,0,0,0,0,0,0,0,0,0,0,0,0,0,0,0,0,0,0,0,0,0,9,-1,10,-2,10,-2,11,-3,11,-4,11,-5,11,-5,11,-6,11,-6,11,-6,11,-6,11,-6,11,-5,11,-5,11,-5,10,-5,11,-4,11,-4,12,-4,12,-3,12,-3,13,-3,13,-2,13,-2,14,-2,14]"
2025-08-18 22:33:15.317162,CSI_DATA,1139,1a:00:00:00:00:00,-42,11,0,0,0,0,0,0,0,0,0,-94,0,1,0,194565103,0,31,0,128,0,"[0,0,-15,0,-15,0,-14,0,-15,1,-14,1,-14,1,-14,1,-14,2,-13,2,-14,3,-13,3,-13,4,-13,4,-13,4,-14,5,-13,5,-14,5,-14,4,-15,4,-15,3,-15,3,-14,2,-14,1,-14,1,-13,0,-13,-1,0,0,0,0,0,0,0,0,0,0,0,0,0,0,0,0,0,0,0,0,0,0,-10,1,-10,1,-11,0,-11,-1,-12,-1,-12,-2,-13,-3,-13,-3,-13,-3,-13,-4,-12,-5,-12,-5,-12,-5,-12,-4,-12,-4,-12,-4,-12,-3,-13,-3,-13,-2,-13,-2,-13,-2,-14,-1,-14,-1,-14,-1,-14,-1,-15,0]"
2025-08-18 22:33:15.520590,CSI_DATA,1140,1a:00:00:00:00:00,-42,11,0,0,0,0,0,0,0,0,0,-94,0,1,0,194766193,0,31,0,128,0,"[0,0,-13,-7,-14,-7,-13,-6,-14,-6,-13,-6,-13,-6,-13,-5,-13,-4,-13,-4,-14,-4,-14,-3,-14,-2,-14,-2,-14,-2,-15,-2,-15,-2,-15,-2,-15,-3,-15,-3,-15,-4,-14,-4,-14,-5,-13,-5,-13,-5,-12,-6,-12,-6,0,0,0,0,0,0,0,0,0,0,0,0,0,0,0,0,0,0,0,0,0,0,-10,-3,-10,-4,-10,-5,-10,-6,-10,-7,-10,-7,-10,-8,-10,-9,-10,-9,-9,-9,-9,-9,-9,-9,-9,-9,-9,-9,-9,-9,-10,-9,-10,-8,-10,-8,-10,-8,-11,-8,-11,-8,-12,-7,-13,-7,-13,-7,-13,-7,-13,-7]"
2025-08-18 22:33:15.715552,CSI_DATA,1141,1a:00:00:00:00:00,-42,11,0,0,0,0,0,0,0,0,0,-94,0,1,0,194967333,0,31,0,128,0,"[0,0,8,-12,7,-12,7,-12,7,-12,6,-12,6,-12,6,-12,5,-12,5,-12,4,-13,4,-13,3,-13,3,-13,3,-14,3,-14,3,-14,3,-14,4,-14,4,-14,5,-14,5,-13,6,-13,6,-12,6,-12,6,-11,7,-11,0,0,0,0,0,0,0,0,0,0,0,0,0,0,0,0,0,0,0,0,0,0,4,-9,5,-9,5,-9,6,-9,7,-9,8,-9,8,-8,9,-8,9,-8,9,-8,9,-7,9,-7,9,-8,9,-7,9,-8,8,-8,9,-8,8,-9,8,-9,8,-10,8,-10,8,-10,8,-11,7,-12,7,-12,8,-12]"
2025-08-18 22:33:15.927588,CSI_DATA,1142,1a:00:00:00:00:00,-42,11,0,0,0,0,0,0,0,0,0,-94,0,1,0,195168628,0,31,0,128,0,"[0,0,13,-5,12,-6,12,-6,12,-6,12,-7,11,-6,11,-7,11,-7,11,-7,10,-8,10,-8,9,-9,10,-9,10,-9,10,-9,10,-10,10,-9,11,-9,11,-9,11,-8,11,-8,12,-7,11,-7,11,-6,11,-5,11,-4,0,0,0,0,0,0,0,0,0,0,0,0,0,0,0,0,0,0,0,0,0,0,8,-5,8,-5,9,-4,10,-4,10,-4,11,-3,11,-2,11,-2,11,-1,12,-1,11,-1,11,-1,11,-1,11,-2,11,-1,11,-2,11,-2,11,-3,12,-3,12,-3,12,-4,12,-4,12,-5,12,-5,12,-6,13,-6]"
2025-08-18 22:33:16.122579,CSI_DATA,1143,1a:00:00:00:00:00,-42,11,0,0,0,0,0,0,0,0,0,-94,0,1,0,195369908,0,31,0,128,0,"[0,0,-15,-2,-14,-2,-14,-1,-14,-1,-14,-1,-14,-1,-14,0,-14,0,-13,1,-14,2,-13,2,-13,3,-13,3,-13,3,-14,3,-14,4,-14,3,-14,3,-15,3,-15,2,-14,1,-14,1,-14,0,-14,0,-13,-1,-13,-2,0,0,0,0,0,0,0,0,0,0,0,0,0,0,0,0,0,0,0,0,0,0,-10,0,-10,-1,-11,-2,-11,-3,-11,-3,-11,-4,-12,-5,-12,-5,-12,-5,-11,-6,-11,-6,-11,-6,-11,-6,-11,-5,-11,-5,-11,-5,-12,-4,-12,-4,-12,-4,-13,-3,-13,-3,-13,-3,-14,-3,-14,-2,-14,-2,-14,-2]"
2025-08-18 22:33:16.314711,CSI_DATA,1144,1a:00:00:00:00:00,-42,11,0,0,0,0,0,0,0,0,0,-94,0,1,0,195570974,0,31,0,128,0,"[0,0,6,12,6,12,6,12,7,11,7,11,7,11,7,10,7,10,8,10,8,9,9,9,9,8,9,9,10,8,10,8,10,8,10,9,10,9,10,10,9,10,9,10,8,10,7,10,7,10,6,10,5,10,0,0,0,0,0,0,0,0,0,0,0,0,0,0,0,0,0,0,0,0,0,0,5,7,5,8,4,9,4,9,4,10,3,10,3,11,2,11,2,11,1,11,1,12,1,11,1,11,1,11,2,11,2,11,2,11,3,11,3,11,4,11,4,11,5,11,5,11,6,12,6,12,6,12]"
2025-08-18 22:33:16.527086,CSI_DATA,1145,1a:00:00:00:00:00,-42,11,0,0,0,0,0,0,0,0,0,-94,0,1,0,195772151,0,31,0,128,0,"[0,0,-8,-12,-9,-12,-8,-11,-9,-12,-9,-11,-9,-11,-9,-10,-10,-10,-10,-9,-11,-9,-11,-9,-11,-8,-11,-8,-11,-8,-12,-8,-12,-8,-13,-9,-12,-8,-12,-9,-12,-9,-11,-9,-11,-10,-10,-10,-9,-10,-8,-10,-7,-10,0,0,0,0,0,0,0,0,0,0,0,0,0,0,0,0,0,0,0,0,0,0,-6,-8,-6,-8,-6,-10,-5,-10,-5,-11,-5,-11,-4,-12,-4,-12,-4,-12,-3,-13,-3,-12,-3,-12,-3,-12,-3,-12,-3,-11,-4,-12,-4,-11,-5,-12,-5,-11,-6,-11,-6,-12,-7,-12,-8,-12,-8,-12,-8,-12,-8,-12]"
2025-08-18 22:33:16.722429,CSI_DATA,1146,1a:00:00:00:00:00,-42,11,0,0,0,0,0,0,0,0,0,-94,0,1,0,195973306,0,31,0,128,0,"[0,0,-11,9,-11,9,-10,8,-10,9,-9,9,-9,9,-9,9,-8,10,-8,10,-8,10,-7,10,-7,11,-7,11,-6,11,-7,12,-6,11,-7,12,-7,11,-7,12,-8,11,-8,11,-8,10,-9,10,-9,9,-9,8,-9,8,0,0,0,0,0,0,0,0,0,0,0,0,0,0,0,0,0,0,0,0,0,0,-7,7,-7,6,-9,6,-9,5,-10,6,-10,5,-11,5,-11,4,-11,4,-12,4,-12,3,-12,3,-11,3,-11,4,-11,4,-11,4,-11,5,-11,5,-11,5,-11,6,-11,7,-11,7,-11,8,-11,8,-11,8,-11,8]"
2025-08-18 22:33:16.803000,CSI_DATA,1147,1a:00:00:00:00:00,-42,11,0,0,0,0,0,0,0,0,0,-94,0,1,0,196034373,0,42,0,128,0,"[0,0,-9,-11,-10,-11,-9,-11,-10,-11,-10,-10,-10,-10,-10,-10,-10,-9,-10,-9,-11,-8,-11,-8,-11,-7,-12,-8,-12,-7,-12,-7,-12,-7,-13,-8,-12,-8,-12,-8,-12,-9,-12,-9,-11,-9,-10,-9,-10,-10,-9,-10,-8,-10,0,0,0,0,0,0,0,0,0,0,0,0,0,0,0,0,0,0,0,0,0,0,-7,-7,-7,-8,-7,-9,-6,-9,-6,-10,-6,-10,-6,-11,-5,-11,-5,-12,-5,-12,-5,-12,-4,-12,-5,-12,-5,-12,-5,-11,-5,-11,-5,-11,-6,-11,-6,-11,-7,-11,-7,-11,-8,-11,-8,-11,-9,-11,-9,-11,-9,-11]"
2025-08-18 22:33:16.855594,CSI_DATA,1148,1a:00:00:00:00:00,-42,11,0,0,0,0,0,0,0,0,0,-94,0,1,0,196100330,0,31,0,128,0,"[0,0,-11,-10,-11,-9,-11,-9,-12,-9,-11,-9,-11,-8,-12,-8,-12,-7,-12,-7,-12,-6,-12,-6,-12,-5,-13,-5,-13,-5,-13,-5,-13,-5,-14,-5,-14,-6,-14,-6,-14,-6,-13,-7,-12,-7,-12,-8,-11,-8,-10,-8,-10,-9,0,0,0,0,0,0,0,0,0,0,0,0,0,0,0,0,0,0,0,0,0,0,-8,-6,-8,-7,-8,-7,-8,-8,-8,-9,-8,-9,-7,-10,-7,-10,-7,-11,-6,-11,-6,-11,-6,-11,-6,-11,-6,-11,-7,-10,-7,-10,-7,-10,-8,-10,-8,-10,-9,-10,-9,-10,-9,-10,-10,-10,-11,-10,-11,-10,-11,-10]"
2025-08-18 22:33:17.051716,CSI_DATA,1149,1a:00:00:00:00:00,-42,11,0,0,0,0,0,0,0,0,0,-94,0,1,0,196301636,0,31,0,128,0,"[0,0,5,-14,4,-14,4,-14,4,-14,3,-14,3,-14,2,-14,2,-14,1,-14,1,-14,1,-14,0,-14,-1,-14,-1,-14,-1,-15,-1,-15,-1,-15,-1,-15,0,-15,0,-15,1,-15,1,-14,2,-14,3,-14,3,-13,4,-12,0,0,0,0,0,0,0,0,0,0,0,0,0,0,0,0,0,0,0,0,0,0,2,-10,3,-10,4,-10,5,-10,5,-10,6,-10,6,-10,7,-11,7,-10,8,-10,8,-9,8,-9,8,-10,7,-10,7,-10,7,-10,7,-10,6,-11,6,-11,6,-12,5,-12,5,-13,5,-13,5,-13,5,-13,5,-14]"
2025-08-18 22:33:17.250244,CSI_DATA,1150,1a:00:00:00:00:00,-42,11,0,0,0,0,0,0,0,0,0,-94,0,1,0,196502674,0,31,0,128,0,"[0,0,-4,13,-3,13,-3,13,-2,13,-2,13,-2,12,-2,12,-1,12,-1,12,0,12,0,12,1,12,1,12,2,12,2,13,2,13,1,13,1,13,1,13,1,13,0,13,-1,13,-1,13,-2,12,-2,11,-3,11,0,0,0,0,0,0,0,0,0,0,0,0,0,0,0,0,0,0,0,0,0,0,-1,9,-2,9,-3,9,-4,9,-4,10,-5,10,-6,10,-6,10,-6,10,-7,9,-7,9,-7,9,-7,9,-6,9,-6,9,-6,9,-6,10,-5,10,-5,11,-4,11,-4,11,-4,11,-4,12,-4,13,-4,13,-3,13]"
2025-08-18 22:33:17.459049,CSI_DATA,1151,1a:00:00:00:00:00,-42,11,0,0,0,0,0,0,0,0,0,-94,0,1,0,196703854,0,31,0,128,0,"[0,0,-10,-10,-11,-10,-10,-10,-11,-10,-11,-9,-11,-9,-11,-9,-11,-8,-11,-7,-12,-7,-12,-7,-12,-7,-12,-7,-12,-6,-13,-6,-13,-6,-14,-6,-13,-7,-13,-7,-13,-7,-13,-8,-12,-8,-11,-9,-11,-9,-10,-9,-9,-9,0,0,0,0,0,0,0,0,0,0,0,0,0,0,0,0,0,0,0,0,0,0,-8,-7,-7,-7,-8,-8,-7,-9,-7,-9,-7,-10,-7,-11,-6,-11,-6,-11,-5,-12,-5,-12,-5,-12,-5,-12,-5,-11,-6,-11,-6,-11,-6,-10,-7,-11,-7,-11,-8,-10,-8,-10,-9,-10,-9,-11,-10,-11,-10,-11,-10,-10]"
2025-08-18 22:33:17.668675,CSI_DATA,1152,1a:00:00:00:00:00,-42,11,0,0,0,0,0,0,0,0,0,-94,0,1,0,196905003,0,31,0,128,0,"[0,0,5,-13,4,-13,4,-13,4,-13,4,-13,3,-13,3,-13,2,-13,2,-13,1,-13,1,-13,1,-13,0,-13,0,-14,0,-14,0,-14,0,-14,1,-15,1,-14,1,-14,2,-14,3,-13,3,-13,4,-13,4,-12,5,-11,0,0,0,0,0,0,0,0,0,0,0,0,0,0,0,0,0,0,0,0,0,0,2,-10,3,-9,3,-10,4,-10,5,-10,5,-10,6,-10,6,-10,7,-10,7,-9,7,-9,8,-9,7,-9,7,-9,7,-9,7,-9,6,-10,6,-10,6,-11,6,-11,5,-11,5,-12,5,-12,5,-13,5,-13,5,-13]"
2025-08-18 22:33:17.851080,CSI_DATA,1153,1a:00:00:00:00:00,-42,11,0,0,0,0,0,0,0,0,0,-94,0,1,0,197106163,0,31,0,128,0,"[0,0,14,4,13,3,13,3,13,3,14,3,13,2,13,2,13,2,13,1,13,0,13,0,13,-1,13,-1,13,-1,14,-1,14,-1,14,-1,14,-1,14,0,14,0,14,1,14,2,13,2,13,2,12,3,11,4,0,0,0,0,0,0,0,0,0,0,0,0,0,0,0,0,0,0,0,0,0,0,9,0,10,1,10,2,10,3,10,3,10,4,10,5,10,6,10,6,10,6,10,6,10,6,10,6,10,6,10,6,10,6,10,5,10,5,11,5,11,5,11,4,12,4,13,4,13,4,13,3,13,3]"
2025-08-18 22:33:18.053048,CSI_DATA,1154,1a:00:00:00:00:00,-42,11,0,0,0,0,0,0,0,0,0,-94,0,1,0,197307406,0,31,0,128,0,"[0,0,1,14,1,13,1,13,2,13,2,13,2,12,3,12,4,12,4,12,4,11,5,12,5,11,5,11,6,11,7,12,6,11,6,12,6,12,6,12,5,13,5,12,4,12,3,12,3,12,2,12,1,12,0,0,0,0,0,0,0,0,0,0,0,0,0,0,0,0,0,0,0,0,0,0,2,9,1,9,0,10,0,10,-1,10,-1,11,-2,11,-2,11,-3,11,-3,11,-4,11,-4,11,-3,11,-3,11,-3,11,-2,11,-2,11,-1,11,-1,12,-1,12,0,12,0,12,0,13,1,13,1,13,1,13]"
2025-08-18 22:33:18.257945,CSI_DATA,1155,1a:00:00:00:00:00,-42,11,0,0,0,0,0,0,0,0,0,-94,0,1,0,197508720,0,31,0,128,0,"[0,0,13,-5,13,-5,13,-6,12,-6,13,-7,12,-6,12,-7,11,-7,11,-7,11,-8,10,-9,10,-9,10,-9,10,-10,10,-10,10,-10,10,-10,11,-10,11,-10,11,-9,11,-9,12,-8,11,-7,11,-7,11,-6,12,-5,0,0,0,0,0,0,0,0,0,0,0,0,0,0,0,0,0,0,0,0,0,0,8,-5,9,-4,10,-4,10,-3,11,-3,12,-2,12,-2,12,-1,12,-1,12,0,12,0,12,0,12,0,12,0,12,-1,11,-1,12,-1,12,-2,12,-2,12,-3,12,-3,13,-4,13,-4,13,-5,13,-5,14,-5]"
2025-08-18 22:33:18.325773,CSI_DATA,1156,1a:00:00:00:00:00,-42,11,0,0,0,0,0,0,0,0,0,-94,0,1,0,197569381,0,42,0,128,0,"[0,0,-3,13,-3,13,-3,13,-2,13,-2,13,-2,13,-1,13,-1,13,0,12,0,12,1,13,1,12,2,12,2,13,2,13,2,13,2,14,1,14,1,14,1,14,0,13,-1,13,-1,13,-2,13,-3,12,-3,11,0,0,0,0,0,0,0,0,0,0,0,0,0,0,0,0,0,0,0,0,0,0,-1,9,-2,9,-2,10,-3,10,-4,10,-4,10,-5,11,-5,11,-6,10,-6,10,-7,10,-7,10,-6,10,-6,10,-6,10,-6,10,-5,10,-5,11,-5,11,-4,12,-4,12,-4,12,-4,13,-3,13,-3,13,-3,13]"
2025-08-18 22:33:18.384594,CSI_DATA,1157,1a:00:00:00:00:00,-42,11,0,0,0,0,0,0,0,0,0,-94,0,1,0,197636936,0,31,0,128,0,"[0,0,14,-1,13,-2,13,-2,13,-2,13,-2,13,-3,13,-3,12,-4,12,-4,12,-4,12,-5,12,-5,12,-6,12,-6,12,-6,12,-6,12,-6,13,-6,13,-6,13,-5,13,-4,13,-4,13,-3,12,-2,12,-1,12,-1,0,0,0,0,0,0,0,0,0,0,0,0,0,0,0,0,0,0,0,0,0,0,9,-2,9,-2,10,-1,10,-1,11,0,11,1,11,1,11,2,11,2,11,3,11,3,11,3,11,3,11,3,11,2,11,2,11,2,11,1,12,1,12,0,12,0,13,0,13,-1,13,-1,13,-1,14,-1]"
2025-08-18 22:33:18.580238,CSI_DATA,1158,1a:00:00:00:00:00,-42,11,0,0,0,0,0,0,0,0,0,-94,0,1,0,197837980,0,31,0,128,0,"[0,0,12,8,12,7,12,7,12,6,12,6,12,6,12,5,12,5,12,4,12,3,13,3,12,2,13,2,13,2,13,2,14,2,14,3,14,3,14,3,13,4,13,4,12,5,12,5,11,5,11,6,10,6,0,0,0,0,0,0,0,0,0,0,0,0,0,0,0,0,0,0,0,0,0,0,8,3,8,4,9,5,8,6,9,6,9,7,8,8,8,8,8,9,7,9,8,9,7,9,7,9,7,9,8,9,8,9,8,8,9,8,9,8,9,8,10,8,10,8,11,7,11,7,11,7,12,7]"
2025-08-18 22:33:18.785382,CSI_DATA,1159,1a:00:00:00:00:00,-42,11,0,0,0,0,0,0,0,0,0,-94,0,1,0,198039141,0,31,0,128,0,"[0,0,14,2,14,1,13,1,14,1,14,0,13,0,13,0,13,-1,13,-1,13,-2,13,-2,13,-3,13,-3,13,-3,13,-4,14,-4,14,-3,14,-3,14,-3,14,-2,14,-1,14,-1,13,0,13,1,12,1,12,2,0,0,0,0,0,0,0,0,0,0,0,0,0,0,0,0,0,0,0,0,0,0,9,-1,10,0,10,1,10,1,11,2,11,3,11,3,11,4,11,4,11,5,11,5,10,5,11,5,10,5,10,4,11,4,11,4,11,3,12,3,12,3,12,3,13,2,13,2,13,2,14,2,14,1]"
2025-08-18 22:33:18.990238,CSI_DATA,1160,1a:00:00:00:00:00,-42,11,0,0,0,0,0,0,0,0,0,-94,0,1,0,198240344,0,31,0,128,0,"[0,0,12,-7,12,-7,11,-7,12,-7,11,-8,11,-8,10,-8,10,-9,9,-9,9,-9,9,-9,9,-10,9,-10,8,-10,9,-11,9,-11,9,-11,9,-11,10,-11,10,-10,10,-10,10,-9,11,-8,11,-7,11,-6,11,-6,0,0,0,0,0,0,0,0,0,0,0,0,0,0,0,0,0,0,0,0,0,0,7,-6,8,-6,9,-5,9,-5,10,-5,10,-4,11,-4,11,-4,11,-3,12,-3,12,-2,12,-2,11,-2,11,-2,11,-3,11,-3,11,-3,11,-4,11,-4,11,-5,11,-5,11,-6,12,-6,12,-6,12,-6,12,-7]"
2025-08-18 22:33:19.186952,CSI_DATA,1161,1a:00:00:00:00:00,-42,11,0,0,0,0,0,0,0,0,0,-94,0,1,0,198441562,0,31,0,128,0,"[0,0,13,3,13,2,13,2,13,2,13,1,13,1,12,1,13,0,12,0,12,-1,13,-2,12,-2,12,-3,13,-3,13,-3,13,-3,13,-3,14,-2,14,-2,14,-1,14,0,13,0,13,0,12,1,12,1,12,2,0,0,0,0,0,0,0,0,0,0,0,0,0,0,0,0,0,0,0,0,0,0,9,0,9,1,10,2,10,2,10,3,10,4,10,5,10,5,10,5,10,6,10,6,10,6,10,5,10,5,10,5,10,5,10,5,11,4,11,4,11,4,11,4,12,3,12,3,13,3,13,2,13,2]"
2025-08-18 22:33:19.392527,CSI_DATA,1162,1a:00:00:00:00:00,-42,11,0,0,0,0,0,0,0,0,0,-94,0,1,0,198642916,0,31,0,128,0,"[0,0,-13,7,-12,7,-12,7,-12,7,-12,7,-11,7,-11,7,-11,8,-10,8,-10,8,-10,9,-9,9,-9,9,-9,10,-9,10,-9,10,-10,10,-10,10,-11,10,-11,9,-11,9,-11,8,-11,7,-11,7,-11,6,-12,5,0,0,0,0,0,0,0,0,0,0,0,0,0,0,0,0,0,0,0,0,0,0,-8,6,-9,5,-9,5,-10,4,-10,4,-11,4,-12,3,-12,3,-12,3,-12,2,-13,2,-12,2,-12,2,-12,2,-12,2,-12,2,-12,3,-12,4,-12,4,-12,4,-12,5,-12,5,-13,6,-12,6,-13,6,-13,6]"
2025-08-18 22:33:19.587914,CSI_DATA,1163,1a:00:00:00:00:00,-42,11,0,0,0,0,0,0,0,0,0,-94,0,1,0,198843998,0,31,0,128,0,"[0,0,7,13,7,12,7,12,8,12,8,11,8,11,8,10,9,10,9,9,9,9,10,9,10,9,10,9,11,8,11,8,11,9,11,9,11,9,11,9,11,10,10,10,9,10,8,11,8,11,7,11,6,11,0,0,0,0,0,0,0,0,0,0,0,0,0,0,0,0,0,0,0,0,0,0,6,8,5,8,5,9,5,9,4,10,4,11,4,12,3,12,3,12,2,12,2,12,1,12,2,12,2,12,2,11,2,12,3,11,4,11,4,12,5,12,5,12,6,12,6,12,6,12,7,13,7,12]"
2025-08-18 22:33:19.792707,CSI_DATA,1164,1a:00:00:00:00:00,-42,11,0,0,0,0,0,0,0,0,0,-94,0,1,0,199045145,0,31,0,128,0,"[0,0,-7,13,-6,12,-6,12,-6,12,-5,13,-5,12,-5,12,-4,12,-4,12,-3,12,-3,12,-2,12,-2,12,-2,13,-2,13,-2,14,-2,14,-3,14,-3,14,-4,13,-4,13,-5,13,-5,12,-5,12,-6,11,-6,10,0,0,0,0,0,0,0,0,0,0,0,0,0,0,0,0,0,0,0,0,0,0,-3,9,-4,9,-4,9,-5,9,-6,9,-7,9,-7,9,-8,9,-8,9,-8,8,-9,9,-9,8,-9,8,-8,8,-8,8,-8,8,-8,9,-7,9,-7,10,-7,10,-7,10,-7,11,-6,11,-6,12,-6,12,-6,12]"
2025-08-18 22:33:19.854755,CSI_DATA,1165,1a:00:00:00:00:00,-42,11,0,0,0,0,0,0,0,0,0,-94,0,1,0,199105948,0,42,0,128,0,"[0,0,-7,12,-7,12,-7,12,-6,12,-6,12,-6,12,-5,12,-5,12,-4,12,-4,12,-3,12,-3,12,-3,13,-2,13,-2,13,-2,13,-3,13,-3,14,-4,14,-4,13,-4,13,-5,12,-5,12,-6,12,-6,11,-7,10,0,0,0,0,0,0,0,0,0,0,0,0,0,0,0,0,0,0,0,0,0,0,-4,8,-5,8,-6,8,-6,8,-7,9,-8,9,-8,8,-9,8,-9,8,-9,8,-9,8,-10,7,-9,8,-9,8,-9,8,-9,8,-9,8,-8,9,-8,9,-8,10,-8,10,-8,10,-7,11,-7,12,-7,12,-7,12]"
2025-08-18 22:33:19.927260,CSI_DATA,1166,1a:00:00:00:00:00,-42,11,0,0,0,0,0,0,0,0,0,-94,0,1,0,199174903,0,31,0,128,0,"[0,0,-15,-2,-14,-1,-14,-1,-14,-1,-14,-1,-14,0,-14,0,-13,1,-13,1,-13,2,-13,2,-13,3,-13,3,-13,3,-13,4,-14,4,-14,4,-14,3,-15,3,-14,3,-14,2,-14,1,-14,1,-13,0,-13,0,-13,-1,0,0,0,0,0,0,0,0,0,0,0,0,0,0,0,0,0,0,0,0,0,0,-10,0,-10,-1,-11,-2,-11,-2,-11,-3,-12,-4,-12,-4,-12,-5,-12,-5,-11,-5,-11,-6,-11,-6,-11,-6,-11,-5,-11,-5,-11,-5,-12,-4,-12,-4,-12,-4,-13,-3,-13,-3,-13,-3,-14,-2,-14,-2,-14,-2,-14,-2]"
2025-08-18 22:33:20.128833,CSI_DATA,1167,1a:00:00:00:00:00,-42,11,0,0,0,0,0,0,0,0,0,-94,0,1,0,199376067,0,31,0,128,0,"[0,0,2,-14,1,-14,1,-14,1,-14,0,-14,0,-14,0,-14,-1,-14,-1,-13,-2,-13,-2,-13,-3,-13,-3,-14,-3,-14,-4,-14,-4,-14,-4,-14,-3,-14,-3,-15,-2,-14,-2,-14,-1,-14,-1,-14,0,-13,0,-13,1,-12,0,0,0,0,0,0,0,0,0,0,0,0,0,0,0,0,0,0,0,0,0,0,0,-10,1,-10,1,-11,2,-11,3,-11,3,-12,4,-11,4,-11,5,-11,5,-11,5,-11,5,-11,5,-11,5,-11,5,-11,4,-11,4,-11,4,-12,3,-12,3,-13,3,-13,3,-13,2,-13,2,-14,2,-14,2,-14]"
2025-08-18 22:33:20.328669,CSI_DATA,1168,1a:00:00:00:00:00,-42,11,0,0,0,0,0,0,0,0,0,-94,0,1,0,199578443,0,31,0,128,0,"[0,0,12,-9,11,-9,11,-9,11,-9,10,-9,10,-9,10,-10,9,-10,9,-10,9,-11,8,-11,8,-11,8,-12,8,-12,8,-12,8,-12,8,-13,9,-12,9,-12,10,-12,10,-11,10,-10,10,-10,10,-9,10,-8,11,-7,0,0,0,0,0,0,0,0,0,0,0,0,0,0,0,0,0,0,0,0,0,0,7,-7,8,-7,8,-7,9,-7,10,-6,10,-6,11,-5,11,-5,12,-5,12,-4,12,-4,12,-4,12,-4,12,-4,11,-4,11,-4,11,-5,11,-6,11,-6,11,-7,11,-7,11,-7,12,-8,12,-8,12,-8,12,-9]"
2025-08-18 22:33:20.525409,CSI_DATA,1169,1a:00:00:00:00:00,-42,11,0,0,0,0,0,0,0,0,0,-94,0,1,0,199778553,0,31,0,128,0,"[0,0,14,1,14,1,13,1,14,0,13,0,13,-1,13,-1,13,-1,13,-2,13,-2,13,-3,13,-3,13,-3,13,-4,13,-4,13,-4,14,-4,14,-3,14,-3,14,-3,14,-2,14,-1,13,-1,13,0,13,1,12,1,0,0,0,0,0,0,0,0,0,0,0,0,0,0,0,0,0,0,0,0,0,0,9,-1,10,0,10,1,10,1,11,2,11,2,11,3,11,4,11,4,11,5,11,5,10,5,11,5,11,5,11,4,11,4,11,4,12,3,11,3,12,2,12,2,13,2,13,2,13,2,14,1,14,1]"
2025-08-18 22:33:20.734655,CSI_DATA,1170,1a:00:00:00:00:00,-42,11,0,0,0,0,0,0,0,0,0,-94,0,1,0,199979610,0,31,0,128,0,"[0,0,8,-12,7,-12,7,-12,7,-12,6,-12,6,-12,5,-13,5,-12,5,-12,4,-12,4,-13,3,-13,3,-14,3,-14,3,-14,3,-14,3,-14,3,-14,4,-14,4,-14,4,-13,5,-13,5,-13,6,-12,6,-11,7,-11,0,0,0,0,0,0,0,0,0,0,0,0,0,0,0,0,0,0,0,0,0,0,4,-9,5,-9,6,-9,7,-9,7,-9,8,-9,8,-8,9,-8,9,-8,9,-8,9,-7,9,-7,9,-7,9,-7,9,-7,9,-8,8,-8,8,-9,8,-9,8,-10,8,-10,8,-11,7,-11,8,-11,8,-12,8,-12]"
2025-08-18 22:33:20.930502,CSI_DATA,1171,1a:00:00:00:00:00,-42,11,0,0,0,0,0,0,0,0,0,-94,0,1,0,200180763,0,31,0,128,0,"[0,0,12,-6,12,-7,12,-7,12,-7,12,-8,11,-7,11,-8,10,-8,10,-8,9,-9,10,-9,9,-9,9,-10,9,-10,9,-11,9,-11,9,-11,10,-11,10,-11,10,-10,10,-9,10,-9,10,-8,11,-7,10,-7,11,-6,0,0,0,0,0,0,0,0,0,0,0,0,0,0,0,0,0,0,0,0,0,0,8,-5,8,-5,9,-4,10,-4,10,-4,11,-3,11,-3,11,-2,11,-2,11,-1,12,-1,11,-1,11,-1,11,-1,12,-2,11,-2,11,-3,11,-3,12,-4,12,-4,11,-4,12,-5,12,-5,12,-6,12,-6,13,-6]"
2025-08-18 22:33:21.130935,CSI_DATA,1172,1a:00:00:00:00:00,-42,11,0,0,0,0,0,0,0,0,0,-94,0,1,0,200382008,0,31,0,128,0,"[0,0,-9,11,-8,12,-8,12,-8,12,-7,12,-7,12,-7,12,-6,12,-6,12,-5,12,-4,12,-4,12,-4,13,-3,13,-4,13,-3,13,-4,14,-4,14,-5,14,-5,14,-6,13,-6,13,-6,12,-7,12,-7,11,-8,10,0,0,0,0,0,0,0,0,0,0,0,0,0,0,0,0,0,0,0,0,0,0,-5,8,-6,8,-7,8,-7,8,-8,8,-9,8,-10,8,-10,7,-10,7,-10,7,-11,7,-11,7,-10,7,-10,7,-10,7,-10,7,-10,8,-9,8,-9,8,-9,9,-9,9,-9,10,-9,10,-9,11,-9,11,-8,11]"
2025-08-18 22:33:21.339128,CSI_DATA,1173,1a:00:00:00:00:00,-42,11,0,0,0,0,0,0,0,0,0,-94,0,1,0,200583140,0,31,0,128,0,"[0,0,-7,-14,-7,-14,-7,-13,-8,-13,-8,-13,-8,-12,-8,-12,-8,-12,-9,-11,-10,-11,-10,-11,-10,-10,-10,-11,-11,-10,-11,-11,-11,-11,-11,-11,-11,-11,-11,-12,-10,-12,-10,-12,-8,-12,-8,-12,-8,-12,-7,-12,-6,-12,0,0,0,0,0,0,0,0,0,0,0,0,0,0,0,0,0,0,0,0,0,0,-6,-9,-6,-10,-5,-10,-5,-11,-5,-12,-4,-12,-4,-13,-4,-13,-3,-13,-2,-13,-2,-13,-2,-13,-2,-13,-2,-13,-2,-13,-3,-13,-3,-13,-4,-13,-4,-13,-5,-13,-5,-13,-6,-13,-6,-13,-6,-13,-7,-14,-7,-14]"
2025-08-18 22:33:21.399943,CSI_DATA,1174,1a:00:00:00:00:00,-42,11,0,0,0,0,0,0,0,0,0,-94,0,1,0,200644306,0,42,0,128,0,"[0,0,-7,-13,-7,-13,-7,-13,-7,-13,-7,-13,-8,-12,-8,-12,-8,-11,-9,-11,-9,-11,-9,-10,-9,-10,-10,-10,-10,-10,-11,-10,-11,-10,-11,-11,-11,-11,-11,-11,-10,-11,-9,-12,-9,-12,-8,-12,-7,-12,-6,-12,-5,-12,0,0,0,0,0,0,0,0,0,0,0,0,0,0,0,0,0,0,0,0,0,0,-6,-9,-5,-9,-5,-10,-4,-10,-4,-11,-4,-12,-3,-12,-3,-12,-2,-13,-2,-13,-1,-13,-1,-13,-2,-13,-2,-12,-2,-12,-2,-12,-3,-12,-3,-12,-4,-13,-4,-13,-5,-13,-5,-13,-6,-13,-6,-13,-6,-13,-6,-14]"
2025-08-18 22:33:21.454273,CSI_DATA,1175,1a:00:00:00:00:00,-42,11,0,0,0,0,0,0,0,0,0,-94,0,1,0,200711018,0,31,0,128,0,"[0,0,13,6,12,5,12,5,13,5,13,4,13,4,12,4,13,3,12,3,13,2,13,1,13,1,13,1,13,0,13,0,14,1,14,1,14,1,14,2,14,2,13,3,13,3,12,4,12,4,11,4,11,5,0,0,0,0,0,0,0,0,0,0,0,0,0,0,0,0,0,0,0,0,0,0,9,2,9,3,9,4,10,4,9,5,10,6,9,7,9,7,9,7,9,8,9,8,9,8,9,8,9,7,9,7,9,7,9,7,10,6,10,6,10,6,11,6,11,6,12,5,12,5,12,5,13,5]"
2025-08-18 22:33:21.664102,CSI_DATA,1176,1a:00:00:00:00:00,-42,11,0,0,0,0,0,0,0,0,0,-94,0,1,0,200912069,0,31,0,128,0,"[0,0,-15,1,-15,1,-14,1,-14,1,-14,2,-14,2,-14,2,-13,3,-13,3,-13,4,-13,5,-13,5,-13,6,-13,6,-13,6,-13,6,-13,6,-14,6,-14,5,-14,4,-14,4,-14,3,-13,3,-13,3,-13,2,-13,1,0,0,0,0,0,0,0,0,0,0,0,0,0,0,0,0,0,0,0,0,0,0,-10,1,-10,1,-11,0,-11,-1,-12,-1,-12,-2,-12,-3,-12,-3,-12,-4,-12,-4,-12,-4,-12,-4,-12,-3,-12,-3,-12,-3,-12,-3,-12,-3,-13,-2,-13,-2,-13,-1,-13,-1,-14,-1,-14,0,-14,1,-14,1,-15,1]"
2025-08-18 22:33:21.868159,CSI_DATA,1177,1a:00:00:00:00:00,-42,11,0,0,0,0,0,0,0,0,0,-94,0,1,0,201114329,0,31,0,128,0,"[0,0,-12,-8,-12,-8,-12,-8,-12,-8,-12,-7,-12,-7,-12,-7,-12,-6,-13,-6,-13,-5,-13,-5,-13,-4,-13,-4,-14,-4,-14,-4,-14,-4,-14,-4,-14,-4,-14,-5,-14,-6,-13,-6,-13,-7,-12,-7,-12,-7,-11,-7,-10,-8,0,0,0,0,0,0,0,0,0,0,0,0,0,0,0,0,0,0,0,0,0,0,-9,-4,-9,-5,-9,-6,-9,-7,-9,-7,-9,-8,-9,-9,-8,-9,-8,-10,-8,-10,-8,-10,-7,-10,-8,-10,-8,-10,-8,-10,-8,-9,-9,-9,-9,-9,-10,-9,-10,-9,-10,-9,-11,-9,-11,-8,-11,-8,-12,-8,-12,-8]"
2025-08-18 22:33:22.062891,CSI_DATA,1178,1a:00:00:00:00:00,-42,11,0,0,0,0,0,0,0,0,0,-94,0,1,0,201315193,0,31,0,128,0,"[0,0,-4,13,-4,13,-4,13,-3,13,-3,13,-3,13,-2,13,-1,13,-1,12,0,12,0,12,0,13,1,13,1,13,1,13,1,13,1,14,1,14,1,14,0,14,0,14,-1,13,-2,13,-2,13,-3,12,-4,11,0,0,0,0,0,0,0,0,0,0,0,0,0,0,0,0,0,0,0,0,0,0,-2,9,-3,9,-4,9,-4,9,-5,9,-6,10,-6,10,-6,10,-7,10,-7,9,-8,9,-8,9,-7,9,-7,9,-7,10,-7,9,-6,10,-6,10,-6,11,-5,11,-5,11,-5,12,-4,12,-5,13,-5,13,-4,13]"
2025-08-18 22:33:22.273064,CSI_DATA,1179,1a:00:00:00:00:00,-42,11,0,0,0,0,0,0,0,0,0,-94,0,1,0,201515944,0,31,0,128,0,"[0,0,8,13,8,12,8,11,8,11,8,11,8,11,8,10,9,10,9,9,9,9,10,8,10,8,11,8,11,8,11,8,12,8,11,9,12,9,11,9,11,9,10,10,9,10,9,10,8,10,7,10,6,11,0,0,0,0,0,0,0,0,0,0,0,0,0,0,0,0,0,0,0,0,0,0,6,7,6,8,5,9,5,9,4,10,4,11,4,11,3,12,3,12,2,12,2,12,2,12,2,12,3,11,3,11,3,11,3,11,4,11,4,11,5,11,5,11,6,12,6,12,7,12,7,12,7,12]"
2025-08-18 22:33:22.479453,CSI_DATA,1180,1a:00:00:00:00:00,-42,11,0,0,0,0,0,0,0,0,0,-94,0,1,0,201716849,0,31,0,128,0,"[0,0,-13,-8,-13,-7,-13,-7,-13,-7,-13,-6,-13,-6,-13,-6,-13,-5,-13,-5,-13,-4,-13,-4,-13,-4,-13,-3,-14,-3,-14,-3,-14,-3,-14,-3,-14,-4,-14,-4,-14,-5,-14,-5,-13,-6,-12,-6,-12,-6,-11,-7,-11,-7,0,0,0,0,0,0,0,0,0,0,0,0,0,0,0,0,0,0,0,0,0,0,-9,-4,-9,-5,-10,-6,-10,-6,-10,-7,-9,-8,-9,-8,-9,-9,-9,-9,-8,-10,-9,-10,-8,-10,-8,-9,-8,-9,-8,-9,-9,-9,-9,-9,-10,-8,-10,-8,-10,-8,-11,-8,-11,-8,-12,-8,-12,-7,-12,-8,-12,-8]"
2025-08-18 22:33:22.602188,CSI_DATA,1181,1a:00:00:00:00:00,-42,11,0,0,0,0,0,0,0,0,0,-94,0,1,0,201852375,0,28,0,128,0,"[0,0,5,-13,5,-14,4,-13,5,-13,4,-14,4,-13,3,-13,3,-14,2,-13,2,-13,1,-14,0,-14,1,-14,0,-14,0,-14,0,-14,1,-15,1,-15,1,-15,2,-14,2,-14,3,-14,3,-13,4,-13,4,-12,5,-12,0,0,0,0,0,0,0,0,0,0,0,0,0,0,0,0,0,0,0,0,0,0,2,-10,3,-10,4,-10,4,-10,5,-10,5,-10,6,-10,7,-10,7,-10,8,-10,7,-9,7,-9,7,-10,7,-9,7,-9,7,-9,6,-10,6,-10,6,-11,6,-11,5,-12,6,-12,5,-13,5,-13,5,-13,5,-13]"
2025-08-18 22:33:22.666980,CSI_DATA,1182,1a:00:00:00:00:00,-42,11,0,0,0,0,0,0,0,0,0,-94,0,1,0,201917998,0,31,0,128,0,"[0,0,-11,9,-11,9,-11,9,-10,9,-10,9,-10,10,-9,9,-9,10,-8,10,-8,10,-8,10,-7,11,-7,11,-7,11,-7,12,-7,12,-7,12,-8,12,-8,12,-9,11,-9,11,-9,10,-10,10,-10,9,-10,8,-10,7,0,0,0,0,0,0,0,0,0,0,0,0,0,0,0,0,0,0,0,0,0,0,-7,7,-7,6,-8,6,-9,6,-9,6,-10,6,-11,5,-11,5,-11,5,-12,4,-12,4,-12,4,-11,4,-11,4,-11,4,-11,5,-11,5,-11,6,-11,6,-11,7,-11,7,-11,7,-11,8,-11,8,-11,9,-11,9]"
2025-08-18 22:33:22.869738,CSI_DATA,1183,1a:00:00:00:00:00,-42,11,0,0,0,0,0,0,0,0,0,-94,0,1,0,202119128,0,31,0,128,0,"[0,0,2,-14,1,-14,1,-14,1,-14,1,-14,1,-14,0,-14,0,-14,-1,-14,-1,-14,-2,-13,-2,-14,-3,-14,-3,-14,-3,-14,-3,-14,-3,-15,-3,-15,-2,-15,-2,-15,-1,-14,0,-14,0,-14,1,-14,1,-13,2,-13,0,0,0,0,0,0,0,0,0,0,0,0,0,0,0,0,0,0,0,0,0,0,0,-10,1,-10,1,-11,2,-11,3,-11,3,-11,4,-11,4,-11,5,-11,5,-11,6,-11,5,-11,5,-11,5,-11,5,-11,5,-11,4,-11,4,-12,4,-12,3,-13,3,-13,3,-13,2,-13,2,-14,2,-14,2,-14]"
2025-08-18 22:33:22.932905,CSI_DATA,1184,1a:00:00:00:00:00,-42,11,0,0,0,0,0,0,0,0,0,-94,0,1,0,202179993,0,42,0,128,0,"[0,0,-1,-14,-1,-14,-1,-14,-2,-14,-2,-14,-2,-14,-2,-14,-3,-14,-3,-13,-4,-13,-4,-13,-5,-13,-5,-13,-5,-13,-5,-13,-5,-13,-5,-14,-5,-14,-4,-14,-4,-14,-3,-14,-3,-14,-2,-14,-2,-14,-1,-13,0,-13,0,0,0,0,0,0,0,0,0,0,0,0,0,0,0,0,0,0,0,0,0,0,-2,-10,-2,-10,-1,-11,0,-11,0,-12,1,-12,2,-12,2,-12,3,-12,3,-12,3,-12,3,-12,3,-12,3,-12,3,-12,2,-12,2,-12,1,-12,1,-13,1,-13,1,-13,0,-14,0,-14,-1,-14,-1,-14,-1,-14]"
2025-08-18 22:33:22.996824,CSI_DATA,1185,1a:00:00:00:00:00,-42,11,0,0,0,0,0,0,0,0,0,-94,0,1,0,202245982,0,31,0,128,0,"[0,0,2,-14,2,-14,2,-14,2,-14,1,-14,1,-14,0,-13,0,-13,0,-13,-1,-13,-1,-13,-2,-13,-2,-13,-3,-14,-2,-13,-3,-14,-2,-14,-2,-14,-2,-14,-1,-14,-1,-14,0,-14,0,-13,1,-13,2,-12,2,-12,0,0,0,0,0,0,0,0,0,0,0,0,0,0,0,0,0,0,0,0,0,0,0,-10,1,-10,2,-10,3,-10,3,-11,4,-11,4,-11,5,-11,5,-11,5,-10,5,-10,6,-10,5,-10,5,-10,5,-11,5,-10,4,-11,4,-11,4,-12,3,-12,3,-12,3,-13,3,-13,2,-13,2,-14,2,-14]"
2025-08-18 22:33:23.190314,CSI_DATA,1186,1a:00:00:00:00:00,-42,11,0,0,0,0,0,0,0,0,0,-94,0,1,0,202447084,0,31,0,128,0,"[0,0,6,12,6,12,6,11,7,11,7,11,7,11,7,10,8,10,8,9,9,9,9,9,9,8,9,8,10,8,10,8,10,8,10,9,10,9,10,9,9,10,9,10,8,10,7,10,7,10,6,10,5,10,0,0,0,0,0,0,0,0,0,0,0,0,0,0,0,0,0,0,0,0,0,0,5,7,4,8,4,9,4,9,4,10,3,10,2,11,2,11,2,11,1,11,1,11,1,11,1,11,1,11,2,11,2,11,2,11,3,11,3,11,4,11,4,11,5,11,5,12,6,12,6,12,6,12]"
2025-08-18 22:33:23.402484,CSI_DATA,1187,1a:00:00:00:00:00,-42,11,0,0,0,0,0,0,0,0,0,-94,0,1,0,202649646,0,31,0,128,0,"[0,0,-15,-1,-15,-1,-14,0,-14,0,-14,1,-14,1,-14,1,-13,1,-13,2,-13,3,-13,3,-13,4,-13,4,-13,4,-13,4,-13,4,-14,4,-14,4,-14,4,-14,3,-14,2,-14,2,-14,2,-13,1,-13,1,-13,0,0,0,0,0,0,0,0,0,0,0,0,0,0,0,0,0,0,0,0,0,0,0,-10,0,-10,-1,-11,-1,-11,-2,-11,-2,-11,-3,-12,-4,-12,-4,-12,-5,-12,-5,-12,-5,-11,-5,-12,-5,-12,-4,-11,-4,-12,-4,-12,-4,-12,-3,-12,-3,-13,-3,-13,-2,-13,-2,-14,-1,-14,-1,-14,-1,-14,-1]"
2025-08-18 22:33:23.598465,CSI_DATA,1188,1a:00:00:00:00:00,-42,11,0,0,0,0,0,0,0,0,0,-94,0,1,0,202849378,0,31,0,128,0,"[0,0,11,-8,11,-9,10,-9,10,-9,10,-9,10,-9,9,-9,9,-10,9,-10,8,-10,7,-11,7,-11,7,-12,7,-12,7,-12,7,-12,7,-12,8,-12,8,-12,9,-11,9,-11,9,-10,9,-9,9,-9,9,-8,10,-8,0,0,0,0,0,0,0,0,0,0,0,0,0,0,0,0,0,0,0,0,0,0,6,-7,7,-6,8,-6,9,-6,9,-6,10,-5,11,-5,10,-5,11,-4,11,-4,11,-4,11,-4,11,-4,11,-4,11,-4,10,-4,10,-5,10,-5,10,-6,10,-6,10,-6,10,-7,11,-8,11,-8,11,-9,11,-9]"
2025-08-18 22:33:23.801557,CSI_DATA,1189,1a:00:00:00:00:00,-42,11,0,0,0,0,0,0,0,0,0,-94,0,1,0,203050642,0,31,0,128,0,"[0,0,11,9,10,8,10,8,11,8,11,8,10,7,11,7,11,6,11,6,11,5,11,5,12,4,12,4,12,4,12,4,13,4,13,4,13,5,13,5,12,6,12,6,11,7,10,7,10,7,9,7,9,8,0,0,0,0,0,0,0,0,0,0,0,0,0,0,0,0,0,0,0,0,0,0,7,4,8,5,8,6,8,7,7,7,7,8,7,9,7,9,6,9,6,9,6,10,6,10,6,10,6,9,6,9,6,9,7,9,7,8,8,9,8,8,8,8,9,8,10,8,10,8,10,8,10,8]"
2025-08-18 22:33:24.019737,CSI_DATA,1190,1a:00:00:00:00:00,-42,11,0,0,0,0,0,0,0,0,0,-94,0,1,0,203251892,0,31,0,128,0,"[0,0,-14,-4,-14,-3,-14,-3,-14,-2,-14,-2,-14,-2,-14,-2,-14,-1,-14,0,-14,0,-14,1,-14,1,-14,1,-14,2,-14,2,-14,2,-15,2,-15,2,-15,1,-15,0,-15,0,-14,-1,-14,-1,-14,-2,-13,-3,-13,-3,0,0,0,0,0,0,0,0,0,0,0,0,0,0,0,0,0,0,0,0,0,0,-10,-1,-10,-2,-10,-3,-11,-3,-11,-4,-11,-5,-11,-5,-11,-6,-11,-6,-11,-7,-11,-7,-11,-7,-11,-7,-11,-6,-11,-6,-11,-6,-11,-5,-12,-5,-12,-5,-12,-5,-13,-5,-13,-4,-14,-4,-14,-4,-14,-4,-14,-3]"
2025-08-18 22:33:24.198347,CSI_DATA,1191,1a:00:00:00:00:00,-42,11,0,0,0,0,0,0,0,0,0,-94,0,1,0,203453038,0,31,0,128,0,"[0,0,1,14,2,14,2,13,2,13,3,13,3,13,3,13,3,12,4,12,4,12,5,11,5,11,5,12,6,12,6,12,6,12,6,12,6,12,5,13,5,13,4,13,3,13,3,13,2,12,1,12,1,12,0,0,0,0,0,0,0,0,0,0,0,0,0,0,0,0,0,0,0,0,0,0,3,9,2,9,1,10,1,10,1,11,0,11,-1,11,-1,12,-2,12,-2,12,-2,12,-2,11,-2,11,-2,11,-2,11,-2,11,-1,11,-1,12,-1,12,0,12,0,12,1,13,1,13,1,13,1,13,2,13]"
2025-08-18 22:33:24.409401,CSI_DATA,1192,1a:00:00:00:00:00,-42,11,0,0,0,0,0,0,0,0,0,-94,0,1,0,203654189,0,31,0,128,0,"[0,0,-13,-9,-13,-8,-13,-9,-13,-8,-13,-8,-13,-7,-13,-7,-13,-6,-13,-6,-14,-5,-13,-5,-14,-4,-15,-4,-14,-4,-14,-4,-15,-4,-15,-4,-15,-5,-15,-5,-15,-6,-15,-6,-14,-7,-13,-7,-13,-7,-12,-8,-11,-8,0,0,0,0,0,0,0,0,0,0,0,0,0,0,0,0,0,0,0,0,0,0,-10,-4,-10,-5,-10,-6,-10,-7,-10,-8,-10,-8,-9,-9,-9,-10,-9,-10,-9,-10,-9,-10,-8,-11,-9,-10,-9,-10,-8,-10,-9,-10,-9,-10,-10,-9,-10,-9,-10,-9,-11,-9,-11,-9,-12,-9,-12,-8,-13,-9,-13,-8]"
2025-08-18 22:33:24.465353,CSI_DATA,1193,1a:00:00:00:00:00,-42,11,0,0,0,0,0,0,0,0,0,-94,0,1,0,203714957,0,42,0,128,0,"[0,0,12,-8,12,-8,12,-8,11,-8,11,-9,11,-9,10,-9,10,-9,9,-9,9,-10,9,-10,8,-11,9,-11,9,-11,8,-12,9,-12,9,-12,10,-12,10,-11,10,-11,10,-10,11,-10,11,-9,11,-8,11,-7,11,-6,0,0,0,0,0,0,0,0,0,0,0,0,0,0,0,0,0,0,0,0,0,0,7,-7,8,-6,8,-6,9,-6,10,-5,10,-5,11,-5,11,-4,11,-4,11,-3,12,-3,12,-3,11,-3,12,-3,11,-4,11,-4,11,-4,11,-5,12,-5,11,-6,12,-6,11,-7,11,-7,12,-7,12,-7,12,-8]"
2025-08-18 22:33:24.525997,CSI_DATA,1194,1a:00:00:00:00:00,-42,11,0,0,0,0,0,0,0,0,0,-94,0,1,0,203781647,0,31,0,128,0,"[0,0,13,5,13,4,13,4,13,4,13,3,13,3,13,2,13,2,13,1,13,0,13,0,13,0,13,-1,13,-1,14,-1,14,-1,14,-1,15,-1,15,0,15,0,14,1,13,1,13,2,12,3,12,3,12,4,0,0,0,0,0,0,0,0,0,0,0,0,0,0,0,0,0,0,0,0,0,0,9,2,9,2,9,3,9,4,10,4,10,5,10,6,10,6,10,7,9,7,9,8,9,8,9,7,9,7,9,7,9,7,10,6,10,6,10,6,11,5,11,5,12,5,12,5,13,5,13,5,13,5]"
2025-08-18 22:33:24.733089,CSI_DATA,1195,1a:00:00:00:00:00,-42,11,0,0,0,0,0,0,0,0,0,-94,0,1,0,203982703,0,31,0,128,0,"[0,0,11,-10,11,-10,11,-10,10,-10,10,-10,10,-10,9,-10,9,-11,8,-11,8,-11,8,-12,7,-12,7,-12,7,-13,7,-13,7,-13,7,-13,8,-13,8,-13,9,-13,9,-12,10,-12,9,-11,10,-10,10,-9,10,-8,0,0,0,0,0,0,0,0,0,0,0,0,0,0,0,0,0,0,0,0,0,0,6,-7,7,-7,8,-7,9,-7,9,-7,10,-6,11,-6,11,-6,11,-5,11,-5,12,-4,12,-4,11,-5,11,-5,11,-5,11,-5,11,-6,11,-6,11,-7,11,-7,11,-7,11,-8,11,-9,11,-9,11,-9,12,-9]"
2025-08-18 22:33:24.936015,CSI_DATA,1196,1a:00:00:00:00:00,-42,11,0,0,0,0,0,0,0,0,0,-94,0,1,0,204185641,0,31,0,128,0,"[0,0,-10,10,-10,10,-10,10,-9,10,-9,11,-9,11,-9,11,-8,11,-8,11,-7,11,-6,12,-5,12,-5,13,-5,13,-6,13,-5,13,-6,13,-6,13,-7,13,-7,13,-7,12,-8,12,-8,11,-8,11,-8,10,-9,9,0,0,0,0,0,0,0,0,0,0,0,0,0,0,0,0,0,0,0,0,0,0,-6,7,-7,7,-8,7,-9,7,-9,7,-10,6,-11,6,-11,6,-11,5,-11,5,-12,5,-12,5,-12,5,-11,5,-11,5,-11,5,-11,6,-10,7,-10,7,-10,8,-10,8,-11,8,-10,9,-10,10,-10,10,-10,10]"
2025-08-18 22:33:25.133607,CSI_DATA,1197,1a:00:00:00:00:00,-42,11,0,0,0,0,0,0,0,0,0,-94,0,1,0,204385280,0,31,0,128,0,"[0,0,-7,12,-6,12,-6,12,-6,12,-6,13,-6,12,-5,12,-4,12,-4,12,-3,12,-3,12,-2,13,-2,13,-2,13,-2,13,-2,14,-2,14,-2,14,-3,14,-3,14,-4,13,-4,13,-5,12,-5,12,-5,11,-6,11,0,0,0,0,0,0,0,0,0,0,0,0,0,0,0,0,0,0,0,0,0,0,-3,8,-4,9,-5,8,-6,9,-6,9,-7,9,-8,9,-8,9,-9,8,-9,8,-9,8,-9,8,-9,8,-9,8,-9,8,-8,8,-8,9,-8,9,-8,10,-8,10,-7,10,-7,11,-7,11,-7,12,-7,12,-7,12]"
2025-08-18 22:33:25.332097,CSI_DATA,1198,1a:00:00:00:00:00,-42,11,0,0,0,0,0,0,0,0,0,-94,0,1,0,204586369,0,31,0,128,0,"[0,0,1,14,1,13,1,13,2,13,2,13,2,13,3,13,3,12,3,12,4,11,4,11,5,11,5,11,6,12,6,11,6,12,6,12,6,13,5,13,5,13,4,13,3,13,3,13,2,13,2,12,1,12,0,0,0,0,0,0,0,0,0,0,0,0,0,0,0,0,0,0,0,0,0,0,2,8,1,9,1,10,0,10,0,10,-1,11,-1,11,-2,11,-2,11,-3,11,-3,11,-3,11,-3,11,-3,11,-3,11,-2,11,-2,11,-1,11,-1,12,0,12,0,12,0,13,1,13,1,13,1,13,1,13]"
2025-08-18 22:33:25.544280,CSI_DATA,1199,1a:00:00:00:00:00,-42,11,0,0,0,0,0,0,0,0,0,-94,0,1,0,204787492,0,31,0,128,0,"[0,0,10,10,9,9,9,9,10,9,9,8,10,8,10,8,10,7,10,7,11,7,11,6,11,6,11,6,12,5,12,5,12,5,12,6,12,6,12,7,12,7,11,8,11,8,10,8,9,8,8,8,8,9,0,0,0,0,0,0,0,0,0,0,0,0,0,0,0,0,0,0,0,0,0,0,7,5,7,5,7,7,7,7,7,8,6,8,6,9,6,10,6,10,5,10,5,10,5,10,5,10,5,10,5,10,5,10,6,9,6,9,6,9,7,9,7,9,8,9,9,10,9,9,9,9,10,9]"
2025-08-18 22:33:25.738819,CSI_DATA,1200,1a:00:00:00:00:00,-42,11,0,0,0,0,0,0,0,0,0,-94,0,1,0,204988640,0,31,0,128,0,"[0,0,13,-6,13,-7,13,-7,13,-7,13,-7,12,-8,12,-8,11,-8,11,-9,11,-9,10,-9,10,-10,10,-10,10,-10,10,-10,10,-11,11,-11,11,-10,11,-10,12,-10,12,-9,12,-8,12,-8,12,-7,12,-6,12,-5,0,0,0,0,0,0,0,0,0,0,0,0,0,0,0,0,0,0,0,0,0,0,8,-6,9,-5,9,-5,10,-4,11,-4,11,-3,12,-3,12,-3,12,-2,12,-2,12,-1,12,-1,12,-1,12,-1,12,-2,12,-2,12,-3,12,-3,12,-4,12,-4,12,-5,13,-5,13,-5,13,-6,13,-6,13,-6]"
2025-08-18 22:33:25.942370,CSI_DATA,1201,1a:00:00:00:00:00,-42,11,0,0,0,0,0,0,0,0,0,-94,0,1,0,205189808,0,31,0,128,0,"[0,0,12,-5,12,-5,12,-6,12,-6,12,-6,11,-6,11,-6,10,-7,10,-7,10,-8,10,-8,9,-9,9,-9,9,-9,10,-9,10,-9,10,-9,10,-9,11,-9,11,-8,11,-8,11,-7,11,-6,11,-6,11,-5,11,-4,0,0,0,0,0,0,0,0,0,0,0,0,0,0,0,0,0,0,0,0,0,0,7,-5,8,-5,9,-4,9,-4,10,-3,10,-3,11,-2,11,-2,11,-1,11,-1,11,-1,11,-1,11,-1,11,-1,11,-1,11,-1,11,-2,11,-2,11,-3,11,-3,11,-4,12,-4,12,-4,12,-5,12,-5,12,-5]"
2025-08-18 22:33:26.000004,CSI_DATA,1202,1a:00:00:00:00:00,-42,11,0,0,0,0,0,0,0,0,0,-94,0,1,0,205250560,0,42,0,128,0,"[0,0,-9,11,-9,11,-9,11,-9,11,-8,11,-8,10,-8,11,-7,11,-7,11,-6,11,-6,11,-5,12,-5,12,-5,12,-5,13,-5,13,-5,13,-5,13,-6,13,-6,13,-7,12,-7,12,-8,11,-8,10,-8,10,-9,9,0,0,0,0,0,0,0,0,0,0,0,0,0,0,0,0,0,0,0,0,0,0,-5,8,-6,8,-7,8,-7,7,-8,8,-9,7,-9,7,-10,7,-10,7,-11,6,-11,6,-11,6,-11,6,-10,6,-10,6,-10,6,-10,7,-10,7,-9,7,-10,8,-10,9,-10,9,-9,10,-9,10,-9,10,-9,10]"
2025-08-18 22:33:26.063616,CSI_DATA,1203,1a:00:00:00:00:00,-42,11,0,0,0,0,0,0,0,0,0,-94,0,1,0,205316326,0,31,0,128,0,"[0,0,-6,13,-6,12,-5,13,-5,12,-4,13,-4,12,-4,12,-3,12,-3,12,-2,12,-2,12,-1,13,-1,13,0,13,0,13,0,14,-1,14,-1,14,-1,14,-2,14,-3,14,-3,13,-4,13,-4,12,-5,12,-5,11,0,0,0,0,0,0,0,0,0,0,0,0,0,0,0,0,0,0,0,0,0,0,-3,9,-4,9,-4,9,-5,9,-6,9,-6,9,-7,9,-8,9,-8,9,-8,9,-8,9,-8,8,-8,9,-8,9,-8,9,-8,9,-7,9,-7,9,-7,10,-7,10,-6,11,-6,11,-6,12,-6,12,-6,13,-5,12]"
2025-08-18 22:33:26.269452,CSI_DATA,1204,1a:00:00:00:00:00,-42,11,0,0,0,0,0,0,0,0,0,-94,0,1,0,205517399,0,31,0,128,0,"[0,0,-14,-1,-14,0,-14,0,-14,0,-14,0,-13,0,-13,1,-13,1,-13,2,-13,3,-12,3,-12,4,-13,4,-13,4,-13,4,-13,4,-13,4,-14,4,-14,4,-14,3,-14,2,-14,2,-13,1,-13,1,-13,0,-13,-1,0,0,0,0,0,0,0,0,0,0,0,0,0,0,0,0,0,0,0,0,0,0,-9,1,-10,0,-10,-1,-11,-1,-11,-2,-11,-2,-12,-3,-12,-4,-11,-4,-12,-4,-12,-4,-11,-4,-12,-4,-11,-4,-11,-4,-11,-4,-12,-3,-12,-3,-12,-2,-13,-2,-13,-2,-13,-2,-13,-1,-14,-1,-14,-1,-14,0]"
2025-08-18 22:33:26.467146,CSI_DATA,1205,1a:00:00:00:00:00,-42,11,0,0,0,0,0,0,0,0,0,-94,0,1,0,205718566,0,31,0,128,0,"[0,0,9,-11,9,-11,8,-11,9,-11,8,-11,8,-11,7,-11,7,-11,7,-12,6,-12,5,-12,5,-13,5,-13,4,-13,5,-13,5,-13,5,-14,5,-14,6,-14,7,-13,7,-12,8,-12,7,-12,7,-11,8,-10,9,-9,0,0,0,0,0,0,0,0,0,0,0,0,0,0,0,0,0,0,0,0,0,0,5,-9,5,-8,6,-8,7,-8,8,-8,8,-8,9,-7,9,-7,10,-7,10,-7,10,-7,10,-7,10,-7,10,-7,10,-7,10,-7,9,-7,9,-8,9,-8,9,-9,9,-9,9,-9,9,-10,9,-11,9,-11,9,-11]"
2025-08-18 22:33:26.869640,CSI_DATA,1206,1a:00:00:00:00:00,-42,11,0,0,0,0,0,0,0,0,0,-94,0,1,0,205919685,0,31,0,128,0,"[0,0,12,6,12,6,12,5,13,5,12,5,12,4,12,4,12,4,12,3,13,2,12,2,13,1,13,1,13,1,14,1,13,1,14,1,13,1,14,2,14,2,13,3,13,3,13,4,12,5,11,5,10,5,0,0,0,0,0,0,0,0,0,0,0,0,0,0,0,0,0,0,0,0,0,0,8,3,8,3,9,4,8,5,9,6,9,6,9,7,9,7,8,8,8,8,8,8,8,8,8,8,8,8,8,8,8,8,8,7,9,7,9,7,10,7,10,6,11,6,11,6,12,6,12,6,12,6]"
2025-08-18 22:33:26.875935,CSI_DATA,1207,1a:00:00:00:00:00,-42,11,0,0,0,0,0,0,0,0,0,-94,0,1,0,206120830,0,31,0,128,0,"[0,0,-13,6,-13,6,-13,7,-12,7,-12,7,-12,7,-11,8,-11,8,-10,8,-10,8,-10,8,-9,9,-10,10,-9,10,-10,10,-9,10,-10,10,-10,10,-11,10,-11,10,-11,9,-11,9,-11,8,-11,7,-12,6,-12,5,0,0,0,0,0,0,0,0,0,0,0,0,0,0,0,0,0,0,0,0,0,0,-8,5,-9,5,-10,4,-10,4,-11,4,-11,3,-12,3,-12,2,-12,2,-12,2,-13,1,-12,1,-12,1,-12,2,-12,2,-12,2,-12,3,-12,3,-12,4,-12,4,-12,5,-12,5,-13,5,-13,6,-13,6,-13,6]"
2025-08-18 22:33:27.064847,CSI_DATA,1208,1a:00:00:00:00:00,-42,11,0,0,0,0,0,0,0,0,0,-94,0,1,0,206322085,0,31,0,128,0,"[0,0,11,9,10,8,10,8,11,8,11,8,11,7,11,7,11,6,11,6,11,5,11,5,12,4,12,4,12,4,12,4,13,4,13,4,13,5,13,5,13,6,12,6,11,7,11,7,10,7,10,8,9,8,0,0,0,0,0,0,0,0,0,0,0,0,0,0,0,0,0,0,0,0,0,0,7,4,8,5,7,6,7,6,7,7,7,8,7,8,7,9,6,9,6,9,6,10,5,10,6,10,6,9,6,9,6,9,7,9,7,8,8,9,8,9,9,8,9,8,9,8,10,9,10,9,10,9]"
2025-08-18 22:33:27.267832,CSI_DATA,1209,1a:00:00:00:00:00,-42,11,0,0,0,0,0,0,0,0,0,-94,0,1,0,206523422,0,31,0,128,0,"[0,0,5,13,5,13,5,13,5,12,5,12,6,12,6,12,6,11,6,11,7,10,8,10,8,10,8,10,8,10,9,10,9,10,9,11,9,11,8,12,8,12,7,12,6,12,6,12,5,12,4,12,3,12,0,0,0,0,0,0,0,0,0,0,0,0,0,0,0,0,0,0,0,0,0,0,4,8,4,9,3,9,3,10,3,10,2,11,2,12,1,12,1,12,0,12,0,12,0,12,0,12,0,12,1,12,1,12,1,12,2,11,2,12,3,12,3,12,3,12,4,12,4,13,4,13,5,13]"
2025-08-18 22:33:27.479851,CSI_DATA,1210,1a:00:00:00:00:00,-42,11,0,0,0,0,0,0,0,0,0,-94,0,1,0,206724482,0,31,0,128,0,"[0,0,-9,-12,-9,-12,-9,-12,-9,-12,-9,-12,-9,-11,-10,-11,-10,-10,-10,-10,-11,-9,-11,-9,-12,-8,-12,-8,-12,-8,-13,-8,-13,-8,-13,-9,-13,-9,-12,-10,-12,-10,-11,-10,-11,-11,-10,-11,-10,-11,-9,-11,-8,-11,0,0,0,0,0,0,0,0,0,0,0,0,0,0,0,0,0,0,0,0,0,0,-7,-8,-7,-9,-6,-9,-6,-10,-6,-11,-5,-11,-5,-12,-4,-12,-4,-13,-4,-13,-4,-13,-3,-13,-4,-12,-4,-12,-4,-12,-4,-12,-5,-12,-5,-12,-6,-12,-6,-12,-7,-12,-7,-12,-8,-12,-8,-12,-8,-12,-8,-12]"
2025-08-18 22:33:27.531519,CSI_DATA,1211,1a:00:00:00:00:00,-42,11,0,0,0,0,0,0,0,0,0,-94,0,1,0,206785257,0,42,0,128,0,"[0,0,13,4,13,4,13,3,13,3,13,3,13,2,13,2,13,1,13,1,13,0,13,0,13,-1,13,-1,13,-1,13,-1,14,-2,14,-1,14,-1,15,-1,14,0,14,1,13,1,13,2,13,2,12,3,12,4,0,0,0,0,0,0,0,0,0,0,0,0,0,0,0,0,0,0,0,0,0,0,9,1,9,2,9,3,10,3,9,4,10,5,10,6,10,6,10,6,9,7,9,7,9,7,9,7,9,7,9,7,9,6,10,6,10,5,11,5,11,5,11,5,12,4,12,4,13,4,13,4,13,4]"
2025-08-18 22:33:28.035571,CSI_DATA,1212,1a:00:00:00:00:00,-42,11,0,0,0,0,0,0,0,0,0,-94,0,1,0,207286927,0,42,0,128,0,"[0,0,14,-2,13,-3,13,-3,13,-3,13,-4,12,-4,12,-4,12,-5,12,-5,11,-6,11,-6,11,-7,11,-7,11,-7,12,-8,12,-8,12,-8,12,-7,13,-7,13,-6,13,-6,13,-5,13,-5,12,-4,12,-3,12,-2,0,0,0,0,0,0,0,0,0,0,0,0,0,0,0,0,0,0,0,0,0,0,9,-3,9,-3,10,-2,10,-1,11,-1,11,0,11,0,11,1,12,1,11,1,11,2,11,2,11,2,11,2,11,1,11,1,11,1,12,0,12,0,12,-1,12,-1,13,-2,13,-2,13,-2,13,-2,14,-3]"
2025-08-18 22:33:28.115043,CSI_DATA,1213,1a:00:00:00:00:00,-42,11,0,0,0,0,0,0,0,0,0,-94,0,1,0,207364713,0,31,0,128,0,"[0,0,-14,4,-14,5,-13,4,-13,5,-13,5,-13,5,-12,6,-12,6,-12,6,-11,7,-11,7,-11,8,-11,8,-10,8,-11,9,-11,9,-12,9,-11,9,-12,8,-12,8,-12,8,-12,7,-12,6,-12,5,-12,5,-12,4,0,0,0,0,0,0,0,0,0,0,0,0,0,0,0,0,0,0,0,0,0,0,-9,3,-10,3,-10,2,-11,2,-12,2,-12,1,-12,1,-12,0,-12,0,-13,-1,-13,-1,-12,-1,-13,-1,-12,-1,-12,0,-12,0,-12,0,-13,1,-13,1,-13,2,-13,2,-13,3,-13,3,-14,3,-14,4,-14,4]"
2025-08-18 22:33:28.315150,CSI_DATA,1214,1a:00:00:00:00:00,-42,11,0,0,0,0,0,0,0,0,0,-94,0,1,0,207565988,0,31,0,128,0,"[0,0,-9,11,-8,10,-9,11,-8,11,-8,11,-8,11,-7,11,-6,11,-6,11,-5,11,-5,12,-5,12,-4,12,-4,13,-4,12,-4,13,-4,13,-5,13,-5,13,-5,13,-6,13,-6,12,-7,11,-7,11,-8,10,-8,9,0,0,0,0,0,0,0,0,0,0,0,0,0,0,0,0,0,0,0,0,0,0,-5,7,-6,8,-7,7,-8,8,-8,7,-9,8,-9,7,-10,7,-10,7,-10,6,-11,6,-11,6,-11,6,-10,6,-10,6,-10,6,-10,7,-9,7,-10,8,-9,9,-9,9,-9,9,-9,10,-9,10,-9,10,-9,11]"
2025-08-18 22:33:28.513945,CSI_DATA,1215,1a:00:00:00:00:00,-42,11,0,0,0,0,0,0,0,0,0,-94,0,1,0,207767056,0,31,0,128,0,"[0,0,0,14,0,14,0,13,1,13,1,13,1,13,1,13,2,12,3,12,3,12,3,12,4,12,4,12,5,12,5,12,5,12,5,13,4,13,4,13,3,13,3,13,2,13,1,13,1,13,0,12,-1,12,0,0,0,0,0,0,0,0,0,0,0,0,0,0,0,0,0,0,0,0,0,0,1,9,1,9,0,10,0,10,-1,11,-2,11,-2,11,-3,11,-3,11,-4,11,-4,11,-4,11,-4,11,-4,11,-3,11,-3,11,-3,11,-2,11,-2,12,-2,12,-2,12,-1,13,-1,13,0,13,0,13,0,13]"
2025-08-18 22:33:28.719794,CSI_DATA,1216,1a:00:00:00:00:00,-42,11,0,0,0,0,0,0,0,0,0,-94,0,1,0,207968214,0,31,0,128,0,"[0,0,14,2,13,1,13,1,13,1,13,1,13,0,13,0,13,-1,12,-1,12,-2,13,-2,12,-3,13,-3,13,-3,13,-3,13,-3,13,-3,14,-3,14,-2,14,-2,14,-1,13,-1,13,0,13,1,12,1,12,2,0,0,0,0,0,0,0,0,0,0,0,0,0,0,0,0,0,0,0,0,0,0,9,0,9,0,10,1,10,1,10,2,10,3,10,3,11,4,11,4,10,5,10,5,10,5,10,5,10,5,10,4,10,4,10,4,11,3,11,3,11,3,12,3,12,3,13,2,13,2,13,2,14,2]"
2025-08-18 22:33:28.917772,CSI_DATA,1217,1a:00:00:00:00:00,-42,11,0,0,0,0,0,0,0,0,0,-94,0,1,0,208169384,0,31,0,128,0,"[0,0,-8,12,-8,11,-8,12,-7,11,-7,12,-7,11,-7,11,-6,12,-6,12,-5,12,-4,12,-4,12,-4,13,-4,13,-4,13,-4,13,-4,13,-5,14,-5,13,-6,13,-6,13,-7,12,-7,11,-7,11,-7,10,-8,10,0,0,0,0,0,0,0,0,0,0,0,0,0,0,0,0,0,0,0,0,0,0,-4,8,-5,8,-6,8,-7,8,-7,8,-8,8,-9,8,-9,8,-10,8,-9,7,-10,7,-10,7,-10,7,-10,7,-10,7,-9,7,-9,8,-9,8,-9,9,-9,9,-8,10,-9,10,-8,10,-8,11,-8,11,-8,12]"
2025-08-18 22:33:29.113103,CSI_DATA,1218,1a:00:00:00:00:00,-42,11,0,0,0,0,0,0,0,0,0,-94,0,1,0,208370638,0,31,0,128,0,"[0,0,12,7,12,6,12,6,12,6,12,6,11,5,12,5,12,4,12,4,12,3,12,2,12,2,13,2,13,2,13,2,13,2,13,2,14,2,14,3,13,4,13,4,13,5,12,5,12,5,11,6,10,6,0,0,0,0,0,0,0,0,0,0,0,0,0,0,0,0,0,0,0,0,0,0,8,3,8,4,8,5,8,5,8,6,8,7,8,8,8,8,8,8,7,9,7,9,7,9,7,9,7,8,7,8,8,8,8,8,9,7,9,7,9,7,10,7,10,7,11,7,11,7,11,7,12,7]"
2025-08-18 22:33:29.322418,CSI_DATA,1219,1a:00:00:00:00:00,-42,11,0,0,0,0,0,0,0,0,0,-94,0,1,0,208571746,0,31,0,128,0,"[0,0,2,-14,2,-14,1,-14,1,-14,1,-14,1,-14,0,-14,0,-14,-1,-13,-1,-14,-2,-13,-3,-13,-3,-13,-3,-14,-3,-14,-3,-14,-3,-15,-3,-15,-2,-15,-2,-15,-1,-15,0,-14,0,-14,0,-14,1,-13,2,-13,0,0,0,0,0,0,0,0,0,0,0,0,0,0,0,0,0,0,0,0,0,0,0,-10,1,-10,1,-10,2,-11,2,-11,3,-11,4,-11,4,-11,5,-11,5,-11,5,-11,5,-11,5,-11,5,-11,5,-11,5,-11,4,-11,4,-12,3,-12,3,-12,3,-12,3,-13,2,-13,2,-14,2,-14,2,-14]"
2025-08-18 22:33:29.521062,CSI_DATA,1220,1a:00:00:00:00:00,-42,11,0,0,0,0,0,0,0,0,0,-94,0,1,0,208773090,0,31,0,128,0,"[0,0,-7,13,-7,13,-7,13,-6,13,-6,13,-5,13,-5,13,-4,13,-4,13,-3,13,-3,13,-2,13,-2,14,-1,14,-2,14,-2,14,-2,15,-2,15,-3,15,-4,15,-4,14,-5,14,-5,13,-5,13,-6,12,-7,11,0,0,0,0,0,0,0,0,0,0,0,0,0,0,0,0,0,0,0,0,0,0,-3,9,-4,9,-5,9,-6,9,-6,10,-7,10,-8,9,-8,9,-9,9,-9,9,-9,9,-10,9,-9,9,-9,9,-9,9,-9,9,-8,9,-8,10,-8,10,-8,11,-7,11,-7,12,-7,12,-7,12,-7,13,-7,13]"
2025-08-18 22:33:29.655419,CSI_DATA,1221,1a:00:00:00:00:00,-42,11,0,0,0,0,0,0,0,0,0,-94,0,1,0,208834070,0,42,0,128,0,"[0,0,-6,-13,-6,-14,-6,-13,-6,-13,-7,-13,-7,-12,-7,-12,-8,-12,-8,-11,-9,-11,-9,-11,-9,-10,-9,-10,-10,-10,-10,-10,-10,-10,-10,-11,-10,-11,-10,-11,-10,-11,-9,-12,-8,-12,-8,-12,-7,-12,-6,-12,-5,-12,0,0,0,0,0,0,0,0,0,0,0,0,0,0,0,0,0,0,0,0,0,0,-5,-9,-5,-9,-4,-10,-4,-11,-3,-11,-3,-12,-2,-12,-2,-12,-2,-13,-1,-13,-1,-13,-1,-13,-1,-12,-1,-12,-1,-12,-2,-12,-2,-12,-3,-12,-3,-12,-4,-12,-4,-13,-4,-13,-5,-13,-5,-13,-5,-13,-6,-13]"
2025-08-18 22:33:29.661861,CSI_DATA,1222,1a:00:00:00:00:00,-42,11,0,0,0,0,0,0,0,0,0,-94,0,1,0,208900249,0,31,0,128,0,"[0,0,-9,-12,-9,-12,-9,-11,-9,-11,-10,-11,-10,-10,-10,-10,-10,-10,-11,-9,-11,-8,-11,-8,-11,-8,-12,-8,-12,-8,-12,-8,-13,-8,-13,-8,-12,-8,-13,-9,-12,-9,-12,-10,-11,-10,-10,-10,-10,-10,-9,-10,-8,-11,0,0,0,0,0,0,0,0,0,0,0,0,0,0,0,0,0,0,0,0,0,0,-7,-7,-7,-8,-7,-9,-6,-9,-6,-10,-5,-11,-5,-11,-5,-12,-4,-12,-4,-12,-4,-12,-4,-12,-4,-12,-4,-12,-4,-12,-5,-11,-5,-11,-6,-11,-6,-12,-7,-11,-7,-11,-7,-11,-8,-12,-8,-11,-9,-12,-9,-11]"
2025-08-18 22:33:29.851634,CSI_DATA,1223,1a:00:00:00:00:00,-42,11,0,0,0,0,0,0,0,0,0,-94,0,1,0,209101354,0,31,0,128,0,"[0,0,-15,5,-14,5,-14,5,-13,5,-14,5,-13,6,-13,6,-13,6,-12,7,-12,7,-12,8,-11,8,-11,8,-12,9,-11,9,-12,9,-12,9,-13,9,-13,9,-13,8,-13,8,-13,7,-13,6,-13,6,-13,5,-13,4,0,0,0,0,0,0,0,0,0,0,0,0,0,0,0,0,0,0,0,0,0,0,-9,3,-10,3,-10,3,-12,2,-11,2,-13,1,-13,1,-13,0,-13,0,-13,-1,-13,-1,-13,-1,-13,-1,-13,0,-13,0,-13,0,-13,0,-12,1,-13,1,-13,2,-13,2,-14,3,-14,3,-14,4,-14,4,-14,4]"
2025-08-18 22:33:30.051660,CSI_DATA,1224,1a:00:00:00:00:00,-42,11,0,0,0,0,0,0,0,0,0,-94,0,1,0,209302972,0,31,0,128,0,"[0,0,10,-9,10,-9,10,-9,9,-9,10,-10,9,-9,9,-10,8,-10,8,-10,7,-10,7,-11,6,-11,7,-11,6,-12,7,-12,7,-12,7,-12,8,-12,8,-12,8,-12,9,-11,9,-11,9,-10,9,-9,9,-8,9,-8,0,0,0,0,0,0,0,0,0,0,0,0,0,0,0,0,0,0,0,0,0,0,6,-7,7,-7,7,-6,8,-6,9,-6,9,-6,10,-5,10,-5,11,-5,10,-4,11,-4,11,-4,10,-4,10,-4,10,-5,10,-5,10,-5,10,-6,10,-6,10,-7,10,-7,10,-8,10,-7,10,-8,10,-8,11,-9]"
2025-08-18 22:33:30.265479,CSI_DATA,1225,1a:00:00:00:00:00,-42,11,0,0,0,0,0,0,0,0,0,-94,0,1,0,209503718,0,31,0,128,0,"[0,0,13,-7,12,-8,12,-8,12,-8,12,-9,11,-8,10,-9,10,-9,9,-9,9,-10,9,-10,9,-10,8,-11,8,-11,8,-12,9,-12,9,-12,10,-12,10,-12,10,-11,10,-11,10,-10,11,-9,11,-8,11,-8,11,-7,0,0,0,0,0,0,0,0,0,0,0,0,0,0,0,0,0,0,0,0,0,0,8,-5,9,-5,9,-5,10,-4,10,-4,11,-4,11,-3,12,-3,12,-2,12,-2,12,-2,12,-2,12,-2,12,-2,12,-2,12,-3,11,-3,11,-4,12,-4,12,-5,12,-5,12,-6,12,-6,12,-7,12,-7,13,-7]"
2025-08-18 22:33:30.456946,CSI_DATA,1226,1a:00:00:00:00:00,-42,11,0,0,0,0,0,0,0,0,0,-94,0,1,0,209704876,0,31,0,128,0,"[0,0,-15,0,-15,0,-15,0,-15,1,-15,1,-14,1,-14,2,-14,2,-14,2,-13,3,-14,3,-13,4,-13,4,-14,5,-14,5,-14,5,-14,5,-15,5,-15,5,-15,4,-15,3,-15,2,-14,2,-14,1,-14,0,-14,-1,0,0,0,0,0,0,0,0,0,0,0,0,0,0,0,0,0,0,0,0,0,0,-10,1,-11,0,-11,-1,-12,-1,-12,-2,-12,-2,-12,-3,-12,-3,-13,-4,-12,-4,-12,-5,-12,-5,-12,-5,-12,-4,-12,-4,-12,-4,-13,-3,-12,-3,-13,-2,-13,-2,-14,-2,-14,-1,-14,-1,-15,-1,-15,-1,-15,0]"
2025-08-18 22:33:30.655437,CSI_DATA,1227,1a:00:00:00:00:00,-42,11,0,0,0,0,0,0,0,0,0,-94,0,1,0,209906249,0,31,0,128,0,"[0,0,8,-13,7,-13,7,-13,7,-13,6,-13,6,-13,5,-13,5,-13,4,-13,4,-13,4,-14,3,-14,3,-14,2,-14,3,-14,2,-15,3,-15,3,-15,3,-15,4,-15,4,-15,5,-14,5,-13,6,-13,6,-12,7,-11,0,0,0,0,0,0,0,0,0,0,0,0,0,0,0,0,0,0,0,0,0,0,4,-9,5,-9,6,-9,6,-9,7,-9,8,-9,8,-9,9,-9,9,-9,10,-8,10,-8,10,-8,10,-8,9,-8,9,-8,9,-8,9,-9,8,-9,8,-10,8,-10,8,-11,8,-11,8,-12,8,-12,8,-12,8,-12]"
2025-08-18 22:33:30.860545,CSI_DATA,1228,1a:00:00:00:00:00,-42,11,0,0,0,0,0,0,0,0,0,-94,0,1,0,210107312,0,31,0,128,0,"[0,0,-15,-2,-15,-2,-14,-1,-14,-1,-14,-1,-14,-1,-14,0,-14,0,-13,1,-13,2,-13,2,-13,3,-13,3,-14,3,-14,3,-14,3,-14,3,-15,3,-15,2,-15,2,-15,1,-14,0,-14,0,-14,0,-13,-1,-13,-2,0,0,0,0,0,0,0,0,0,0,0,0,0,0,0,0,0,0,0,0,0,0,-10,0,-10,-1,-11,-1,-11,-2,-11,-3,-12,-3,-12,-4,-12,-5,-12,-5,-12,-5,-12,-5,-12,-5,-12,-5,-11,-5,-11,-5,-11,-5,-12,-4,-12,-4,-12,-4,-13,-3,-13,-3,-13,-3,-14,-2,-14,-2,-14,-2,-14,-2]"
2025-08-18 22:33:31.054474,CSI_DATA,1229,1a:00:00:00:00:00,-42,11,0,0,0,0,0,0,0,0,0,-94,0,1,0,210308532,0,31,0,128,0,"[0,0,14,1,14,0,13,0,14,0,14,0,13,0,13,-1,13,-1,13,-2,13,-3,13,-3,13,-3,13,-4,13,-4,13,-5,13,-5,14,-4,14,-4,14,-4,14,-3,14,-2,14,-2,14,-1,13,0,13,0,12,1,0,0,0,0,0,0,0,0,0,0,0,0,0,0,0,0,0,0,0,0,0,0,9,0,10,0,10,1,10,2,11,2,11,3,11,4,11,4,11,4,11,5,11,5,10,6,10,5,10,5,10,4,11,4,11,4,11,3,12,3,12,3,12,3,13,2,13,2,14,2,14,2,14,1]"
2025-08-18 22:33:31.118294,CSI_DATA,1230,1a:00:00:00:00:00,-42,11,0,0,0,0,0,0,0,0,0,-94,0,1,0,210369285,0,42,0,128,0,"[0,0,13,-7,12,-7,12,-7,12,-7,11,-8,11,-7,10,-8,10,-8,10,-9,9,-9,9,-9,9,-10,9,-10,9,-11,9,-11,9,-11,9,-11,9,-11,10,-11,10,-10,11,-10,10,-9,11,-8,11,-8,11,-7,11,-6,0,0,0,0,0,0,0,0,0,0,0,0,0,0,0,0,0,0,0,0,0,0,8,-5,8,-5,9,-4,10,-4,10,-4,11,-3,11,-3,11,-2,11,-2,12,-1,12,-1,12,-1,12,-1,11,-2,11,-2,11,-2,11,-3,11,-3,11,-4,11,-4,12,-5,12,-5,12,-5,12,-6,12,-6,13,-6]"
2025-08-18 22:33:31.385756,CSI_DATA,1231,1a:00:00:00:00:00,-42,11,0,0,0,0,0,0,0,0,0,-94,0,1,0,210437770,0,31,0,128,0,"[0,0,12,7,12,7,12,6,12,6,12,6,12,5,12,5,12,4,12,4,13,3,12,3,13,2,13,2,13,2,14,2,13,2,14,2,14,2,14,3,14,3,14,4,13,4,13,5,12,5,11,6,10,7,0,0,0,0,0,0,0,0,0,0,0,0,0,0,0,0,0,0,0,0,0,0,8,4,8,4,9,5,8,5,9,7,8,7,8,8,8,8,8,9,8,9,7,9,7,9,7,9,7,9,7,8,8,9,8,8,9,8,9,7,10,7,10,7,11,7,11,7,11,7,12,7,12,7]"
2025-08-18 22:33:31.392219,CSI_DATA,1232,1a:00:00:00:00:00,-42,11,0,0,0,0,0,0,0,0,0,-94,0,1,0,210637750,0,31,0,128,0,"[0,0,-10,10,-9,10,-9,10,-9,11,-8,11,-8,11,-8,11,-7,11,-7,11,-6,11,-6,11,-5,12,-5,12,-5,12,-5,13,-5,13,-5,13,-5,13,-6,13,-6,13,-7,12,-7,12,-7,11,-8,10,-8,10,-9,9,0,0,0,0,0,0,0,0,0,0,0,0,0,0,0,0,0,0,0,0,0,0,-6,7,-7,7,-8,7,-8,7,-9,7,-9,7,-10,6,-10,6,-10,6,-11,5,-11,5,-11,5,-11,5,-11,5,-10,6,-11,6,-10,6,-10,7,-10,7,-10,8,-10,8,-9,9,-10,9,-10,9,-10,10,-9,10]"
2025-08-18 22:33:31.589648,CSI_DATA,1233,1a:00:00:00:00:00,-42,11,0,0,0,0,0,0,0,0,0,-94,0,1,0,210838919,0,31,0,128,0,"[0,0,-14,4,-14,4,-14,4,-13,4,-13,4,-13,5,-13,5,-12,5,-12,6,-11,6,-12,6,-11,7,-11,8,-11,8,-11,8,-12,8,-12,8,-12,8,-13,8,-13,7,-13,7,-13,6,-13,5,-13,4,-13,4,-13,3,0,0,0,0,0,0,0,0,0,0,0,0,0,0,0,0,0,0,0,0,0,0,-9,3,-10,3,-10,2,-11,2,-11,2,-12,1,-12,0,-12,0,-12,0,-12,-1,-13,-1,-12,-1,-12,-1,-12,-1,-12,-1,-12,0,-13,0,-12,1,-13,1,-13,1,-13,2,-13,2,-14,3,-14,3,-14,3,-14,4]"
2025-08-18 22:33:31.799365,CSI_DATA,1234,1a:00:00:00:00:00,-42,11,0,0,0,0,0,0,0,0,0,-94,0,1,0,211040241,0,31,0,128,0,"[0,0,2,13,2,13,3,13,3,13,4,13,3,12,4,12,4,12,4,11,5,11,6,11,6,11,6,11,7,11,7,11,7,11,7,12,7,12,7,13,6,13,5,13,5,13,4,12,3,12,3,12,2,12,0,0,0,0,0,0,0,0,0,0,0,0,0,0,0,0,0,0,0,0,0,0,3,8,2,9,2,9,1,10,1,10,0,11,0,11,-1,11,-1,11,-2,11,-2,11,-2,12,-2,12,-2,11,-1,11,-1,11,-1,12,0,11,0,12,1,12,1,12,1,12,2,12,2,13,2,13,3,13]"
2025-08-18 22:33:31.988749,CSI_DATA,1235,1a:00:00:00:00:00,-42,11,0,0,0,0,0,0,0,0,0,-94,0,1,0,211241393,0,31,0,128,0,"[0,0,-4,13,-4,13,-4,13,-3,13,-3,13,-3,13,-2,13,-2,13,-1,12,-1,13,-1,12,0,13,0,13,1,13,1,13,1,13,1,14,0,14,0,14,0,14,-1,14,-1,13,-2,13,-3,13,-3,12,-4,12,0,0,0,0,0,0,0,0,0,0,0,0,0,0,0,0,0,0,0,0,0,0,-2,9,-3,9,-4,9,-4,9,-5,10,-6,10,-6,10,-7,10,-7,10,-8,9,-8,9,-8,9,-8,9,-8,9,-7,9,-7,9,-7,10,-6,10,-6,10,-5,11,-5,11,-5,12,-5,12,-5,12,-5,13,-4,13]"
2025-08-18 22:33:32.192632,CSI_DATA,1236,1a:00:00:00:00:00,-42,11,0,0,0,0,0,0,0,0,0,-94,0,1,0,211442618,0,31,0,128,0,"[0,0,4,-14,4,-14,4,-14,3,-13,3,-14,3,-14,2,-14,1,-14,1,-13,0,-13,0,-14,0,-14,-1,-14,-1,-15,-1,-14,-1,-15,-1,-15,-1,-15,-1,-15,0,-15,1,-15,1,-14,2,-14,2,-13,3,-13,4,-12,0,0,0,0,0,0,0,0,0,0,0,0,0,0,0,0,0,0,0,0,0,0,2,-9,3,-10,3,-10,4,-10,5,-10,5,-10,6,-10,6,-10,7,-10,7,-10,7,-9,7,-9,7,-10,7,-10,7,-10,7,-10,6,-10,6,-10,6,-11,5,-12,5,-12,5,-12,4,-13,5,-13,4,-13,5,-14]"
2025-08-18 22:33:32.589715,CSI_DATA,1237,1a:00:00:00:00:00,-42,11,0,0,0,0,0,0,0,0,0,-94,0,1,0,211643738,0,31,0,128,0,"[0,0,13,7,12,7,12,6,12,6,13,6,12,6,12,5,13,4,13,4,13,3,13,2,13,2,14,2,14,2,14,2,14,1,14,2,14,2,15,3,14,4,14,4,13,5,13,5,12,5,12,6,11,6,0,0,0,0,0,0,0,0,0,0,0,0,0,0,0,0,0,0,0,0,0,0,9,3,9,4,9,5,9,6,9,6,9,7,8,8,8,9,8,9,8,9,8,9,8,9,8,9,8,9,8,9,8,8,9,8,9,8,9,8,10,8,10,8,11,7,11,7,12,7,12,7,12,7]"
2025-08-18 22:33:32.597025,CSI_DATA,1238,1a:00:00:00:00:00,-42,11,0,0,0,0,0,0,0,0,0,-94,0,1,0,211844882,0,31,0,128,0,"[0,0,13,5,13,4,13,4,13,3,13,3,13,3,13,2,13,2,12,1,13,0,13,0,13,0,13,0,13,-1,13,-1,14,-1,14,-1,14,-1,14,-1,14,0,14,1,13,1,13,2,12,3,12,3,12,4,0,0,0,0,0,0,0,0,0,0,0,0,0,0,0,0,0,0,0,0,0,0,9,2,9,2,9,3,9,4,9,5,10,5,10,6,9,6,9,7,9,7,9,7,8,8,9,7,9,7,9,7,9,6,9,6,10,6,10,6,11,5,11,5,12,5,12,5,12,5,13,5,13,5]"
2025-08-18 22:33:32.669399,CSI_DATA,1239,1a:00:00:00:00:00,-42,11,0,0,0,0,0,0,0,0,0,-94,0,1,0,211905822,0,42,0,128,0,"[0,0,-14,-5,-14,-4,-14,-4,-14,-4,-14,-3,-13,-3,-14,-3,-13,-2,-14,-1,-14,-1,-14,0,-14,0,-14,0,-14,1,-14,1,-14,1,-15,0,-15,0,-15,0,-15,0,-15,-1,-14,-2,-14,-2,-13,-3,-13,-3,-13,-4,0,0,0,0,0,0,0,0,0,0,0,0,0,0,0,0,0,0,0,0,0,0,-10,-2,-10,-3,-10,-4,-10,-5,-11,-5,-10,-6,-11,-6,-10,-7,-10,-7,-10,-8,-10,-8,-10,-8,-10,-8,-10,-8,-10,-7,-10,-7,-10,-6,-11,-7,-11,-6,-12,-6,-12,-6,-12,-5,-13,-5,-13,-5,-14,-5,-13,-5]"
2025-08-18 22:33:32.721851,CSI_DATA,1240,1a:00:00:00:00:00,-42,11,0,0,0,0,0,0,0,0,0,-94,0,1,0,211973382,0,31,0,128,0,"[0,0,13,-3,13,-3,13,-3,13,-4,13,-4,12,-4,12,-5,12,-5,11,-6,11,-6,11,-6,11,-7,11,-7,11,-8,11,-8,11,-8,11,-8,12,-8,12,-8,12,-7,12,-6,12,-6,12,-5,12,-4,12,-4,12,-3,0,0,0,0,0,0,0,0,0,0,0,0,0,0,0,0,0,0,0,0,0,0,9,-3,9,-2,10,-2,10,-1,10,-1,11,0,11,0,11,1,11,1,11,2,11,2,11,2,11,2,11,2,11,1,11,1,11,0,11,0,12,-1,12,-1,12,-1,12,-2,13,-2,13,-2,13,-3,13,-3]"
2025-08-18 22:33:32.922365,CSI_DATA,1241,1a:00:00:00:00:00,-42,11,0,0,0,0,0,0,0,0,0,-94,0,1,0,212174599,0,31,0,128,0,"[0,0,-3,14,-2,14,-2,13,-2,13,-1,13,-1,13,-1,13,0,13,0,13,1,13,1,12,2,13,2,12,3,13,3,13,3,13,3,14,3,13,2,14,2,14,1,14,0,13,0,13,-1,13,-2,12,-2,12,0,0,0,0,0,0,0,0,0,0,0,0,0,0,0,0,0,0,0,0,0,0,-1,9,-1,9,-2,10,-3,10,-3,10,-4,10,-5,10,-5,11,-5,11,-6,10,-6,10,-6,10,-6,10,-6,10,-6,10,-6,10,-5,10,-4,11,-4,11,-4,12,-4,12,-3,12,-3,13,-3,13,-3,13,-3,13]"
2025-08-18 22:33:33.124432,CSI_DATA,1242,1a:00:00:00:00:00,-42,11,0,0,0,0,0,0,0,0,0,-94,0,1,0,212375829,0,31,0,128,0,"[0,0,-5,14,-4,14,-4,14,-3,14,-3,14,-3,13,-3,14,-2,14,-1,13,-1,13,0,13,0,13,1,14,1,14,1,14,1,14,1,15,0,15,0,15,-1,15,-1,15,-2,14,-3,14,-3,14,-4,13,-4,12,0,0,0,0,0,0,0,0,0,0,0,0,0,0,0,0,0,0,0,0,0,0,-1,9,-2,10,-3,10,-4,10,-4,11,-5,11,-6,11,-6,11,-7,10,-7,10,-7,10,-8,10,-7,10,-7,10,-7,10,-7,10,-6,11,-6,11,-6,11,-6,12,-5,12,-5,13,-5,13,-4,13,-4,14,-4,14]"
2025-08-18 22:33:33.330939,CSI_DATA,1243,1a:00:00:00:00:00,-42,11,0,0,0,0,0,0,0,0,0,-94,0,1,0,212576948,0,31,0,128,0,"[0,0,-14,-6,-14,-6,-14,-5,-13,-5,-14,-5,-14,-4,-14,-3,-14,-3,-14,-2,-14,-2,-14,-2,-13,-1,-14,-1,-14,-1,-15,0,-15,0,-15,-1,-15,-1,-15,-1,-15,-1,-15,-2,-14,-3,-14,-3,-14,-4,-13,-5,-12,-5,0,0,0,0,0,0,0,0,0,0,0,0,0,0,0,0,0,0,0,0,0,0,-9,-3,-10,-4,-10,-5,-10,-5,-10,-6,-10,-7,-10,-7,-10,-7,-10,-8,-10,-9,-9,-9,-9,-9,-9,-9,-9,-8,-10,-8,-10,-8,-10,-8,-10,-7,-11,-7,-12,-6,-12,-6,-12,-6,-13,-6,-13,-6,-13,-6,-14,-6]"
2025-08-18 22:33:33.545841,CSI_DATA,1244,1a:00:00:00:00:00,-42,11,0,0,0,0,0,0,0,0,0,-94,0,1,0,212778092,0,31,0,128,0,"[0,0,-15,-4,-14,-3,-14,-3,-14,-3,-14,-2,-14,-2,-14,-2,-14,-1,-14,0,-13,0,-14,0,-13,1,-14,1,-14,2,-14,2,-14,2,-15,2,-15,1,-15,1,-15,0,-15,0,-14,-1,-14,-2,-14,-2,-13,-3,-13,-3,0,0,0,0,0,0,0,0,0,0,0,0,0,0,0,0,0,0,0,0,0,0,-10,-1,-10,-2,-10,-3,-11,-3,-11,-4,-11,-5,-11,-5,-11,-6,-11,-6,-11,-7,-11,-7,-11,-7,-11,-7,-11,-6,-11,-6,-11,-6,-11,-6,-11,-5,-12,-5,-12,-4,-13,-5,-13,-4,-13,-4,-14,-4,-14,-4,-14,-3]"
2025-08-18 22:33:33.734008,CSI_DATA,1245,1a:00:00:00:00:00,-42,11,0,0,0,0,0,0,0,0,0,-94,0,1,0,212979252,0,31,0,128,0,"[0,0,-14,-6,-14,-5,-14,-5,-14,-5,-14,-5,-13,-4,-13,-4,-13,-4,-13,-3,-13,-2,-14,-2,-14,-1,-14,-1,-14,-1,-14,0,-15,-1,-15,-1,-15,-1,-15,-1,-15,-2,-15,-3,-14,-3,-13,-4,-13,-4,-13,-5,-12,-5,0,0,0,0,0,0,0,0,0,0,0,0,0,0,0,0,0,0,0,0,0,0,-9,-3,-10,-3,-10,-5,-10,-5,-10,-6,-10,-7,-10,-7,-10,-8,-10,-8,-10,-8,-10,-9,-9,-9,-9,-9,-10,-8,-10,-8,-10,-8,-10,-8,-11,-7,-11,-7,-11,-7,-12,-7,-12,-6,-13,-6,-13,-6,-13,-6,-13,-6]"
2025-08-18 22:33:33.933881,CSI_DATA,1246,1a:00:00:00:00:00,-42,11,0,0,0,0,0,0,0,0,0,-94,0,1,0,213180381,0,31,0,128,0,"[0,0,-12,-8,-12,-8,-12,-8,-12,-8,-12,-7,-12,-7,-12,-7,-12,-6,-13,-5,-13,-5,-13,-4,-13,-4,-14,-4,-14,-4,-14,-3,-14,-4,-14,-4,-14,-4,-15,-5,-14,-5,-14,-6,-13,-6,-13,-6,-12,-7,-12,-7,-11,-7,0,0,0,0,0,0,0,0,0,0,0,0,0,0,0,0,0,0,0,0,0,0,-9,-5,-8,-6,-9,-7,-9,-7,-9,-8,-9,-9,-8,-9,-8,-10,-8,-10,-8,-10,-8,-10,-7,-10,-7,-10,-8,-10,-8,-10,-8,-10,-8,-9,-9,-9,-9,-9,-9,-9,-10,-9,-10,-9,-11,-9,-12,-8,-12,-9,-12,-8]"
2025-08-18 22:33:34.130508,CSI_DATA,1247,1a:00:00:00:00:00,-42,11,0,0,0,0,0,0,0,0,0,-94,0,1,0,213381740,0,31,0,128,0,"[0,0,13,-4,13,-5,13,-5,13,-5,12,-6,12,-5,12,-6,11,-6,11,-6,11,-7,11,-7,10,-8,10,-8,10,-9,11,-9,11,-9,11,-9,12,-9,12,-9,12,-8,12,-7,12,-7,12,-6,12,-6,12,-5,12,-4,0,0,0,0,0,0,0,0,0,0,0,0,0,0,0,0,0,0,0,0,0,0,8,-4,9,-3,9,-3,10,-2,10,-2,11,-1,11,-1,11,0,12,0,11,1,12,1,11,1,11,1,11,0,11,0,11,0,11,0,11,-1,12,-2,12,-2,12,-2,12,-3,13,-3,13,-4,13,-4,13,-4]"
2025-08-18 22:33:34.204654,CSI_DATA,1248,1a:00:00:00:00:00,-42,11,0,0,0,0,0,0,0,0,0,-94,0,1,0,213442475,0,42,0,128,0,"[0,0,7,-12,7,-13,7,-13,6,-13,6,-13,5,-13,5,-13,5,-13,4,-13,3,-13,3,-13,3,-13,3,-14,2,-14,2,-14,2,-14,2,-15,3,-14,3,-15,3,-14,4,-14,4,-14,5,-13,5,-12,6,-11,7,-11,0,0,0,0,0,0,0,0,0,0,0,0,0,0,0,0,0,0,0,0,0,0,4,-9,4,-9,5,-9,6,-9,6,-9,7,-9,8,-9,8,-9,8,-8,9,-8,9,-8,9,-8,9,-8,9,-8,9,-8,8,-8,8,-9,8,-9,8,-10,7,-10,7,-10,7,-11,7,-12,7,-12,7,-12,7,-12]"
2025-08-18 22:33:34.263450,CSI_DATA,1249,1a:00:00:00:00:00,-42,11,0,0,0,0,0,0,0,0,0,-94,0,1,0,213508348,0,31,0,128,0,"[0,0,-5,-14,-6,-14,-6,-13,-6,-13,-6,-13,-6,-12,-7,-12,-7,-12,-7,-12,-8,-11,-8,-11,-9,-11,-9,-11,-10,-11,-10,-11,-10,-11,-10,-11,-10,-11,-10,-12,-9,-12,-9,-12,-8,-12,-7,-12,-7,-12,-6,-12,-5,-12,0,0,0,0,0,0,0,0,0,0,0,0,0,0,0,0,0,0,0,0,0,0,-5,-9,-4,-10,-4,-10,-3,-11,-3,-11,-2,-12,-2,-12,-1,-12,-1,-13,-1,-12,-1,-12,0,-13,-1,-12,-1,-12,-1,-12,-1,-12,-2,-12,-2,-12,-3,-13,-3,-13,-3,-13,-4,-13,-4,-13,-5,-13,-5,-13,-5,-14]"
2025-08-18 22:33:34.459530,CSI_DATA,1250,1a:00:00:00:00:00,-42,11,0,0,0,0,0,0,0,0,0,-94,0,1,0,213709408,0,31,0,128,0,"[0,0,-13,6,-13,6,-13,6,-12,6,-12,7,-12,7,-11,7,-11,8,-10,8,-10,8,-10,9,-9,9,-10,9,-9,10,-10,10,-10,10,-10,10,-10,10,-11,10,-11,9,-11,9,-11,8,-11,8,-11,7,-11,6,-12,5,0,0,0,0,0,0,0,0,0,0,0,0,0,0,0,0,0,0,0,0,0,0,-9,5,-9,4,-10,4,-10,3,-11,3,-11,3,-12,2,-12,2,-12,1,-13,1,-13,1,-12,1,-12,1,-12,1,-12,1,-12,1,-12,2,-12,2,-12,3,-12,3,-12,4,-12,4,-13,5,-13,5,-13,5,-13,6]"
2025-08-18 22:33:34.653882,CSI_DATA,1251,1a:00:00:00:00:00,-42,11,0,0,0,0,0,0,0,0,0,-94,0,1,0,213910567,0,31,0,128,0,"[0,0,6,12,6,12,6,11,7,11,7,11,7,11,7,10,8,10,8,9,8,9,9,9,9,9,9,9,10,8,10,8,10,9,10,9,10,9,10,9,10,10,9,10,8,10,7,10,7,11,6,11,5,11,0,0,0,0,0,0,0,0,0,0,0,0,0,0,0,0,0,0,0,0,0,0,5,7,5,8,4,8,4,9,4,9,3,10,3,11,3,11,2,11,1,11,1,11,1,11,1,11,1,11,2,11,2,11,3,11,3,11,4,11,4,11,4,11,5,11,5,11,6,12,6,12,6,12]"
2025-08-18 22:33:34.868889,CSI_DATA,1252,1a:00:00:00:00:00,-42,11,0,0,0,0,0,0,0,0,0,-94,0,1,0,214111720,0,31,0,128,0,"[0,0,-13,-8,-13,-8,-12,-8,-12,-7,-13,-7,-13,-6,-13,-6,-13,-5,-13,-5,-13,-4,-13,-4,-13,-3,-13,-4,-14,-3,-14,-3,-14,-3,-14,-3,-15,-4,-15,-4,-14,-4,-14,-5,-14,-5,-13,-6,-12,-6,-12,-7,-11,-7,0,0,0,0,0,0,0,0,0,0,0,0,0,0,0,0,0,0,0,0,0,0,-9,-5,-9,-5,-9,-6,-9,-7,-9,-7,-9,-8,-9,-9,-9,-9,-9,-10,-8,-10,-8,-10,-8,-10,-8,-10,-8,-10,-8,-10,-8,-9,-9,-9,-9,-9,-10,-9,-10,-8,-10,-8,-11,-8,-11,-8,-12,-8,-12,-8,-12,-8]"
2025-08-18 22:33:35.074558,CSI_DATA,1253,1a:00:00:00:00:00,-42,11,0,0,0,0,0,0,0,0,0,-94,0,1,0,214312959,0,31,0,128,0,"[0,0,-6,-14,-6,-13,-6,-13,-7,-13,-7,-13,-7,-12,-7,-12,-8,-12,-8,-11,-8,-11,-9,-11,-10,-10,-10,-10,-10,-10,-10,-10,-10,-11,-10,-11,-10,-11,-10,-11,-10,-12,-9,-12,-8,-12,-8,-12,-7,-12,-6,-12,-5,-12,0,0,0,0,0,0,0,0,0,0,0,0,0,0,0,0,0,0,0,0,0,0,-5,-9,-5,-9,-4,-10,-4,-10,-3,-11,-3,-12,-3,-12,-2,-12,-2,-13,-1,-12,-1,-13,-1,-13,-1,-12,-2,-12,-2,-12,-2,-12,-2,-12,-3,-12,-3,-13,-4,-13,-4,-13,-5,-13,-5,-13,-6,-13,-6,-13,-6,-13]"
2025-08-18 22:33:35.270193,CSI_DATA,1254,1a:00:00:00:00:00,-42,11,0,0,0,0,0,0,0,0,0,-94,0,1,0,214514311,0,31,0,128,0,"[0,0,-10,-13,-10,-12,-10,-12,-10,-12,-11,-11,-10,-11,-10,-10,-11,-10,-11,-9,-11,-9,-12,-9,-12,-8,-13,-8,-13,-8,-13,-8,-14,-8,-13,-8,-14,-9,-13,-9,-13,-10,-12,-10,-12,-10,-11,-10,-10,-11,-10,-11,-9,-11,0,0,0,0,0,0,0,0,0,0,0,0,0,0,0,0,0,0,0,0,0,0,-7,-8,-7,-9,-6,-9,-6,-10,-6,-11,-6,-12,-5,-12,-5,-12,-5,-13,-4,-13,-4,-13,-4,-13,-4,-13,-4,-12,-5,-13,-5,-12,-5,-12,-6,-12,-7,-12,-7,-12,-7,-12,-8,-12,-8,-12,-9,-12,-9,-12,-9,-12]"
2025-08-18 22:33:35.459543,CSI_DATA,1255,1a:00:00:00:00:00,-42,11,0,0,0,0,0,0,0,0,0,-94,0,1,0,214715354,0,31,0,128,0,"[0,0,13,4,13,4,13,3,13,3,13,3,13,3,13,2,13,2,12,1,13,0,13,0,13,-1,13,-1,13,-1,13,-1,14,-1,14,-1,14,-1,14,0,14,0,14,1,13,2,13,2,13,2,12,3,11,4,0,0,0,0,0,0,0,0,0,0,0,0,0,0,0,0,0,0,0,0,0,0,9,2,9,2,9,3,9,4,9,4,9,5,10,6,9,6,9,7,9,7,9,7,9,7,9,7,9,7,9,7,9,6,10,6,10,5,10,5,11,5,11,5,11,5,12,4,12,4,12,4,13,4]"
2025-08-18 22:33:35.666546,CSI_DATA,1256,1a:00:00:00:00:00,-42,11,0,0,0,0,0,0,0,0,0,-94,0,1,0,214916515,0,31,0,128,0,"[0,0,-14,3,-14,4,-14,3,-14,4,-13,4,-13,4,-13,5,-12,5,-12,5,-12,6,-12,6,-12,7,-11,7,-11,7,-12,8,-11,8,-12,8,-13,8,-13,8,-13,7,-13,6,-13,6,-13,5,-13,4,-13,4,-13,3,0,0,0,0,0,0,0,0,0,0,0,0,0,0,0,0,0,0,0,0,0,0,-9,3,-10,2,-11,2,-11,2,-12,1,-12,0,-12,0,-12,0,-13,-1,-13,-1,-13,-1,-12,-2,-12,-1,-12,-1,-12,-1,-12,-1,-12,0,-13,0,-13,1,-13,1,-13,2,-13,2,-14,2,-14,3,-14,3,-14,3]"
2025-08-18 22:33:35.734977,CSI_DATA,1257,1a:00:00:00:00:00,-42,11,0,0,0,0,0,0,0,0,0,-94,0,1,0,214977342,0,42,0,128,0,"[0,0,-10,-11,-10,-10,-11,-10,-11,-10,-11,-10,-11,-9,-11,-9,-11,-8,-11,-8,-12,-7,-12,-7,-12,-6,-13,-6,-13,-6,-13,-6,-13,-6,-14,-6,-14,-7,-14,-7,-13,-8,-13,-8,-12,-9,-12,-9,-11,-9,-10,-9,-9,-9,0,0,0,0,0,0,0,0,0,0,0,0,0,0,0,0,0,0,0,0,0,0,-8,-6,-8,-7,-8,-8,-7,-9,-7,-9,-7,-10,-6,-11,-6,-11,-6,-11,-6,-11,-6,-11,-5,-11,-5,-11,-6,-11,-6,-11,-6,-11,-7,-11,-7,-10,-7,-11,-8,-11,-8,-10,-9,-11,-9,-10,-10,-10,-10,-10,-10,-10]"
2025-08-18 22:33:35.792687,CSI_DATA,1258,1a:00:00:00:00:00,-42,11,0,0,0,0,0,0,0,0,0,-94,0,1,0,215044254,0,31,0,128,0,"[0,0,13,-3,13,-4,13,-4,13,-4,13,-5,12,-5,12,-5,12,-5,11,-6,11,-7,11,-7,11,-7,11,-8,11,-8,11,-8,11,-8,12,-9,12,-8,12,-8,12,-7,12,-7,12,-6,12,-5,12,-5,12,-4,12,-3,0,0,0,0,0,0,0,0,0,0,0,0,0,0,0,0,0,0,0,0,0,0,8,-4,9,-3,10,-2,10,-2,10,-2,11,-1,11,0,11,0,11,0,11,1,11,1,11,2,11,1,11,1,11,1,11,0,11,0,12,-1,12,-1,12,-2,12,-2,13,-2,13,-3,13,-3,13,-3,13,-3]"
2025-08-18 22:33:35.988999,CSI_DATA,1259,1a:00:00:00:00:00,-42,11,0,0,0,0,0,0,0,0,0,-94,0,1,0,215245403,0,31,0,128,0,"[0,0,6,12,6,12,6,12,7,11,7,11,7,10,7,10,8,10,8,9,8,9,9,9,9,8,9,9,10,8,10,8,10,8,10,9,10,9,10,9,10,10,9,10,9,10,8,10,7,10,6,10,6,11,0,0,0,0,0,0,0,0,0,0,0,0,0,0,0,0,0,0,0,0,0,0,5,7,5,8,4,9,4,9,3,10,3,10,3,11,2,11,2,11,1,11,1,11,1,11,1,11,1,11,2,11,2,11,2,11,3,11,3,11,4,11,4,11,5,11,5,11,6,12,6,12,6,12]"
2025-08-18 22:33:36.202866,CSI_DATA,1260,1a:00:00:00:00:00,-42,11,0,0,0,0,0,0,0,0,0,-94,0,1,0,215446605,0,31,0,128,0,"[0,0,-7,-13,-8,-13,-7,-13,-8,-13,-8,-13,-8,-12,-8,-12,-9,-11,-9,-11,-10,-10,-10,-10,-10,-10,-11,-10,-11,-10,-11,-10,-12,-10,-12,-11,-11,-11,-11,-11,-11,-11,-10,-12,-9,-12,-9,-12,-8,-12,-7,-12,-6,-12,0,0,0,0,0,0,0,0,0,0,0,0,0,0,0,0,0,0,0,0,0,0,-6,-8,-6,-9,-5,-10,-5,-10,-5,-11,-4,-12,-4,-12,-4,-12,-3,-13,-2,-13,-2,-13,-2,-13,-2,-13,-2,-13,-3,-12,-3,-12,-3,-13,-4,-12,-4,-13,-5,-13,-6,-13,-6,-13,-6,-13,-7,-13,-7,-13,-7,-13]"
2025-08-18 22:33:36.395623,CSI_DATA,1261,1a:00:00:00:00:00,-42,11,0,0,0,0,0,0,0,0,0,-94,0,1,0,215647905,0,31,0,128,0,"[0,0,7,12,7,11,7,11,8,11,8,11,8,10,8,10,8,10,8,9,9,9,9,8,10,8,10,8,10,8,11,8,10,8,11,9,10,9,10,10,10,10,9,10,9,11,8,11,7,11,6,10,6,11,0,0,0,0,0,0,0,0,0,0,0,0,0,0,0,0,0,0,0,0,0,0,6,7,5,6,5,8,5,8,5,9,4,10,4,11,4,11,3,11,3,11,3,11,3,11,3,11,3,11,3,11,3,11,4,11,4,11,4,11,5,11,5,11,6,11,6,11,6,11,7,11,7,12]"
2025-08-18 22:33:36.593830,CSI_DATA,1262,1a:00:00:00:00:00,-42,11,0,0,0,0,0,0,0,0,0,-94,0,1,0,215849074,0,31,0,128,0,"[0,0,7,13,7,12,7,12,8,12,8,11,8,11,8,11,8,11,9,10,9,9,10,9,10,8,10,9,10,8,11,9,11,9,11,9,11,9,11,10,10,10,10,11,9,11,8,11,8,11,7,11,6,11,0,0,0,0,0,0,0,0,0,0,0,0,0,0,0,0,0,0,0,0,0,0,6,7,5,8,5,9,4,9,4,10,4,11,3,11,3,12,2,12,2,12,2,12,2,12,2,12,2,12,2,11,2,12,3,12,4,12,4,12,4,12,5,12,5,12,6,12,7,12,7,12,7,12]"
2025-08-18 22:33:36.797337,CSI_DATA,1263,1a:00:00:00:00:00,-42,11,0,0,0,0,0,0,0,0,0,-94,0,1,0,216050162,0,31,0,128,0,"[0,0,-2,14,-1,13,-1,13,-1,13,0,13,0,13,0,13,1,13,1,12,2,12,2,12,3,12,3,13,3,13,3,13,4,13,4,13,3,14,3,14,2,14,2,14,1,14,0,13,-1,13,-1,12,-2,12,0,0,0,0,0,0,0,0,0,0,0,0,0,0,0,0,0,0,0,0,0,0,0,9,-1,10,-1,10,-2,10,-2,10,-3,11,-4,11,-4,11,-5,11,-5,11,-5,11,-5,10,-5,11,-5,10,-5,11,-4,11,-4,11,-4,11,-3,12,-3,12,-3,12,-2,12,-2,13,-2,13,-2,13,-2,14]"
2025-08-18 22:33:36.996676,CSI_DATA,1264,1a:00:00:00:00:00,-42,11,0,0,0,0,0,0,0,0,0,-94,0,1,0,216251389,0,31,0,128,0,"[0,0,2,14,2,14,2,14,3,14,3,14,3,13,3,13,4,13,4,13,5,12,6,12,6,12,7,12,7,12,7,12,7,12,7,13,7,13,6,13,6,13,5,13,5,14,4,13,3,13,3,13,1,13,0,0,0,0,0,0,0,0,0,0,0,0,0,0,0,0,0,0,0,0,0,0,3,9,2,10,1,10,1,11,0,11,0,12,-1,12,-1,12,-2,12,-2,12,-3,12,-3,12,-2,12,-2,12,-2,12,-2,12,-2,12,-1,12,-1,13,0,13,0,13,1,13,1,14,2,14,2,14,2,14]"
2025-08-18 22:33:37.201603,CSI_DATA,1265,1a:00:00:00:00:00,-42,11,0,0,0,0,0,0,0,0,0,-94,0,1,0,216452646,0,31,0,128,0,"[0,0,11,-8,10,-9,10,-9,10,-9,10,-10,9,-9,9,-10,9,-10,8,-10,8,-11,7,-11,7,-11,7,-12,7,-12,7,-12,7,-12,7,-12,8,-12,8,-12,9,-12,9,-11,9,-11,9,-10,9,-9,9,-8,10,-8,0,0,0,0,0,0,0,0,0,0,0,0,0,0,0,0,0,0,0,0,0,0,6,-7,7,-7,8,-7,8,-6,9,-6,9,-6,10,-5,10,-5,11,-5,11,-4,11,-4,11,-4,11,-4,11,-5,10,-4,10,-5,10,-5,10,-6,10,-6,10,-7,10,-7,10,-7,11,-8,10,-8,11,-8,11,-9]"
2025-08-18 22:33:37.262007,CSI_DATA,1266,1a:00:00:00:00:00,-42,11,0,0,0,0,0,0,0,0,0,-94,0,1,0,216513359,0,42,0,128,0,"[0,0,5,-13,4,-14,4,-14,4,-13,4,-14,3,-13,3,-13,3,-14,2,-13,1,-13,1,-14,0,-14,0,-14,0,-14,-1,-14,-1,-15,0,-15,0,-15,0,-15,1,-15,2,-15,2,-14,3,-14,3,-13,4,-13,4,-12,0,0,0,0,0,0,0,0,0,0,0,0,0,0,0,0,0,0,0,0,0,0,2,-9,3,-10,4,-10,4,-10,5,-10,6,-10,6,-10,7,-10,7,-10,8,-9,8,-9,8,-9,8,-9,7,-9,7,-9,7,-9,7,-10,6,-10,6,-11,6,-11,6,-12,6,-12,5,-12,5,-13,5,-13,5,-13]"
2025-08-18 22:33:37.331736,CSI_DATA,1267,1a:00:00:00:00:00,-42,11,0,0,0,0,0,0,0,0,0,-94,0,1,0,216582122,0,31,0,128,0,"[0,0,-13,7,-13,8,-13,7,-12,8,-12,8,-12,8,-11,8,-11,9,-10,9,-10,9,-10,10,-9,10,-9,11,-9,11,-9,11,-9,11,-10,11,-10,11,-11,11,-11,10,-12,10,-11,9,-12,9,-12,8,-12,7,-12,6,0,0,0,0,0,0,0,0,0,0,0,0,0,0,0,0,0,0,0,0,0,0,-8,6,-9,6,-10,5,-10,5,-11,5,-12,4,-12,4,-12,3,-13,3,-13,3,-13,2,-13,2,-13,3,-13,3,-12,3,-12,3,-12,3,-12,4,-12,5,-13,5,-12,5,-12,6,-13,6,-13,7,-13,7,-13,7]"
2025-08-18 22:33:37.532413,CSI_DATA,1268,1a:00:00:00:00:00,-42,11,0,0,0,0,0,0,0,0,0,-94,0,1,0,216783341,0,31,0,128,0,"[0,0,6,-13,5,-13,5,-13,5,-13,4,-13,4,-13,4,-13,3,-13,3,-13,2,-13,2,-13,1,-14,1,-14,1,-14,1,-14,1,-15,1,-15,1,-15,2,-15,2,-15,3,-14,3,-14,4,-14,4,-13,5,-12,6,-12,0,0,0,0,0,0,0,0,0,0,0,0,0,0,0,0,0,0,0,0,0,0,2,-10,3,-10,4,-10,5,-10,5,-10,6,-10,7,-10,7,-10,8,-9,8,-9,8,-9,8,-9,8,-9,8,-9,8,-9,7,-9,7,-10,7,-10,6,-10,6,-11,6,-11,6,-12,6,-12,6,-13,6,-13,6,-13]"
2025-08-18 22:33:37.731683,CSI_DATA,1269,1a:00:00:00:00:00,-42,11,0,0,0,0,0,0,0,0,0,-94,0,1,0,216985360,0,31,0,128,0,"[0,0,14,1,14,0,14,1,14,0,14,0,13,0,13,-1,13,-1,13,-2,13,-3,13,-3,13,-4,13,-4,13,-4,13,-4,14,-4,14,-4,14,-3,15,-3,15,-2,14,-2,14,-1,13,-1,13,0,13,1,12,1,0,0,0,0,0,0,0,0,0,0,0,0,0,0,0,0,0,0,0,0,0,0,9,-1,10,-1,10,0,11,1,10,1,11,2,11,3,11,3,11,4,11,4,11,5,11,4,11,5,11,4,11,4,11,4,11,4,11,3,12,3,12,2,12,2,13,2,13,1,14,1,13,1,14,1]"
2025-08-18 22:33:37.937830,CSI_DATA,1270,1a:00:00:00:00:00,-42,11,0,0,0,0,0,0,0,0,0,-94,0,1,0,217185595,0,31,0,128,0,"[0,0,1,-15,0,-15,1,-15,0,-15,-1,-15,-1,-15,-1,-15,-2,-14,-2,-14,-3,-14,-3,-14,-4,-14,-4,-14,-4,-15,-4,-15,-5,-15,-5,-15,-4,-16,-4,-16,-3,-15,-3,-15,-2,-15,-1,-15,-1,-15,0,-14,1,-14,0,0,0,0,0,0,0,0,0,0,0,0,0,0,0,0,0,0,0,0,0,0,-1,-10,0,-11,1,-11,1,-12,2,-12,3,-12,3,-13,4,-12,4,-12,5,-12,5,-12,5,-12,5,-12,5,-12,4,-12,4,-12,4,-12,3,-12,3,-13,3,-13,2,-14,2,-14,1,-14,1,-15,1,-15,1,-16]"
2025-08-18 22:33:38.138872,CSI_DATA,1271,1a:00:00:00:00:00,-42,11,0,0,0,0,0,0,0,0,0,-94,0,1,0,217386894,0,31,0,128,0,"[0,0,8,-12,8,-12,7,-12,7,-12,7,-13,6,-13,6,-13,5,-13,5,-13,4,-13,4,-13,3,-13,3,-14,3,-14,3,-14,3,-15,3,-15,4,-15,4,-15,4,-15,5,-14,5,-14,6,-13,6,-12,7,-12,7,-11,0,0,0,0,0,0,0,0,0,0,0,0,0,0,0,0,0,0,0,0,0,0,4,-9,5,-9,6,-9,7,-9,7,-9,8,-9,9,-8,9,-8,10,-8,10,-7,10,-7,10,-7,10,-7,10,-7,10,-8,9,-8,9,-8,9,-9,9,-9,9,-10,8,-10,8,-11,8,-11,8,-12,8,-12,8,-12]"
2025-08-18 22:33:38.337208,CSI_DATA,1272,1a:00:00:00:00:00,-42,11,0,0,0,0,0,0,0,0,0,-94,0,1,0,217587974,0,31,0,128,0,"[0,0,6,-13,5,-14,5,-13,5,-14,4,-13,4,-13,4,-13,3,-13,3,-13,2,-13,2,-13,1,-14,1,-14,1,-14,0,-15,1,-14,1,-15,1,-15,2,-15,2,-15,3,-14,3,-14,4,-14,4,-13,5,-12,6,-11,0,0,0,0,0,0,0,0,0,0,0,0,0,0,0,0,0,0,0,0,0,0,2,-10,3,-10,4,-10,4,-10,5,-10,6,-10,6,-10,7,-10,7,-10,8,-10,8,-9,8,-9,8,-9,8,-9,7,-9,7,-10,7,-10,7,-10,6,-11,6,-11,6,-11,6,-12,6,-12,6,-13,6,-13,6,-13]"
2025-08-18 22:33:38.538594,CSI_DATA,1273,1a:00:00:00:00:00,-42,11,0,0,0,0,0,0,0,0,0,-94,0,1,0,217789115,0,31,0,128,0,"[0,0,10,-10,9,-11,9,-11,9,-11,8,-11,8,-11,8,-11,7,-11,6,-11,6,-12,6,-12,5,-13,5,-13,5,-13,5,-13,5,-14,5,-14,6,-14,6,-14,7,-13,7,-13,7,-12,7,-12,8,-11,8,-10,8,-10,0,0,0,0,0,0,0,0,0,0,0,0,0,0,0,0,0,0,0,0,0,0,5,-8,6,-8,7,-7,8,-7,8,-7,9,-7,10,-6,10,-6,10,-6,10,-6,10,-6,11,-5,10,-6,10,-6,10,-6,10,-6,10,-7,10,-7,9,-8,10,-8,9,-8,10,-9,9,-9,9,-10,10,-10,10,-10]"
2025-08-18 22:33:38.739554,CSI_DATA,1274,1a:00:00:00:00:00,-42,11,0,0,0,0,0,0,0,0,0,-94,0,1,0,217990463,0,31,0,128,0,"[0,0,13,-5,12,-6,12,-6,12,-6,12,-7,11,-7,11,-7,11,-7,10,-8,10,-8,10,-9,9,-9,9,-10,9,-10,9,-10,10,-10,10,-10,10,-10,11,-10,11,-10,11,-9,11,-8,11,-8,11,-7,11,-6,11,-5,0,0,0,0,0,0,0,0,0,0,0,0,0,0,0,0,0,0,0,0,0,0,8,-5,8,-4,9,-4,10,-3,10,-3,11,-3,11,-2,11,-2,11,-1,12,-1,12,-1,12,-1,12,-1,11,-1,11,-1,11,-2,11,-2,11,-3,11,-3,12,-3,12,-4,12,-4,12,-5,12,-5,12,-5,13,-5]"
2025-08-18 22:33:38.803976,CSI_DATA,1275,1a:00:00:00:00:00,-42,11,0,0,0,0,0,0,0,0,0,-94,0,1,0,218051216,0,42,0,128,0,"[0,0,-14,-1,-14,-1,-14,-1,-14,-1,-14,0,-13,0,-13,0,-13,1,-13,1,-13,2,-13,2,-13,3,-13,3,-13,4,-13,4,-14,4,-13,4,-14,4,-14,3,-14,3,-14,2,-14,1,-13,1,-13,0,-13,0,-13,-1,0,0,0,0,0,0,0,0,0,0,0,0,0,0,0,0,0,0,0,0,0,0,-10,0,-10,-1,-10,-1,-11,-2,-11,-3,-11,-3,-11,-4,-12,-4,-11,-5,-11,-5,-11,-5,-11,-5,-11,-5,-11,-5,-11,-5,-11,-4,-12,-4,-11,-3,-12,-3,-12,-3,-13,-3,-13,-2,-13,-2,-14,-2,-14,-2,-14,-1]"
2025-08-18 22:33:38.869061,CSI_DATA,1276,1a:00:00:00:00:00,-42,11,0,0,0,0,0,0,0,0,0,-94,0,1,0,218119402,0,31,0,128,0,"[0,0,-14,5,-13,5,-13,5,-13,5,-13,6,-12,6,-12,6,-12,6,-11,7,-11,7,-11,8,-10,8,-11,8,-10,9,-11,9,-11,9,-11,9,-11,9,-12,9,-12,8,-12,7,-12,7,-12,6,-12,6,-12,4,-12,4,0,0,0,0,0,0,0,0,0,0,0,0,0,0,0,0,0,0,0,0,0,0,-8,4,-9,4,-10,3,-10,3,-11,3,-11,2,-12,2,-12,1,-12,1,-13,1,-13,0,-12,0,-12,0,-12,0,-12,1,-12,1,-12,1,-12,2,-12,2,-13,3,-13,3,-13,3,-13,4,-13,4,-13,5,-13,5]"
2025-08-18 22:33:39.069228,CSI_DATA,1277,1a:00:00:00:00:00,-42,11,0,0,0,0,0,0,0,0,0,-94,0,1,0,218320567,0,31,0,128,0,"[0,0,-9,11,-9,11,-8,11,-8,11,-8,11,-8,11,-7,11,-7,11,-6,11,-5,11,-5,12,-4,12,-4,12,-4,13,-4,13,-4,13,-4,13,-5,13,-5,13,-6,13,-6,12,-7,12,-7,12,-7,11,-8,10,-8,9,0,0,0,0,0,0,0,0,0,0,0,0,0,0,0,0,0,0,0,0,0,0,-5,8,-6,7,-7,7,-8,7,-8,7,-9,7,-10,7,-10,7,-11,6,-11,6,-11,6,-11,6,-10,6,-10,6,-10,6,-10,6,-10,7,-10,7,-10,8,-9,8,-9,9,-9,9,-9,10,-9,10,-9,10,-9,10]"
2025-08-18 22:33:39.271716,CSI_DATA,1278,1a:00:00:00:00:00,-42,11,0,0,0,0,0,0,0,0,0,-94,0,1,0,218521936,0,31,0,128,0,"[0,0,-12,7,-12,8,-12,7,-12,8,-11,8,-11,8,-10,8,-10,9,-9,9,-9,9,-9,9,-8,10,-8,10,-8,10,-8,11,-8,11,-9,11,-9,11,-9,11,-10,11,-10,10,-10,10,-10,9,-11,8,-11,7,-11,6,0,0,0,0,0,0,0,0,0,0,0,0,0,0,0,0,0,0,0,0,0,0,-8,6,-8,5,-9,5,-10,5,-10,4,-11,4,-11,4,-12,4,-12,3,-12,3,-12,2,-12,2,-12,2,-12,3,-12,3,-12,3,-11,4,-12,4,-11,5,-12,5,-12,6,-12,6,-12,7,-12,6,-12,7,-12,7]"
2025-08-18 22:33:39.471203,CSI_DATA,1279,1a:00:00:00:00:00,-42,11,0,0,0,0,0,0,0,0,0,-94,0,1,0,218722838,0,31,0,128,0,"[0,0,-3,14,-3,13,-3,13,-3,13,-2,13,-2,13,-2,13,-1,13,-1,13,0,12,1,12,1,12,1,13,2,13,2,13,2,13,2,14,1,14,1,14,0,14,0,14,-1,14,-1,13,-2,13,-3,12,-3,12,0,0,0,0,0,0,0,0,0,0,0,0,0,0,0,0,0,0,0,0,0,0,-1,9,-2,9,-3,9,-3,10,-4,10,-4,10,-5,10,-5,10,-6,10,-6,10,-7,10,-7,10,-6,10,-6,10,-6,10,-6,10,-6,10,-5,10,-5,11,-4,11,-4,12,-4,12,-3,12,-4,13,-3,13,-3,13]"
2025-08-18 22:33:39.671864,CSI_DATA,1280,1a:00:00:00:00:00,-42,11,0,0,0,0,0,0,0,0,0,-94,0,1,0,218923982,0,31,0,128,0,"[0,0,7,-13,6,-13,6,-13,6,-13,6,-13,5,-13,5,-13,4,-14,4,-13,3,-14,3,-14,2,-14,1,-14,1,-15,1,-15,2,-15,2,-15,2,-15,3,-15,3,-15,4,-15,4,-14,4,-14,5,-13,5,-12,6,-12,0,0,0,0,0,0,0,0,0,0,0,0,0,0,0,0,0,0,0,0,0,0,4,-9,5,-9,5,-9,6,-9,6,-10,7,-9,8,-9,8,-9,9,-9,9,-8,9,-8,9,-8,9,-8,9,-9,9,-9,8,-9,8,-9,8,-10,8,-10,8,-10,7,-11,7,-11,7,-12,7,-12,7,-13,7,-13]"
2025-08-18 22:33:39.886864,CSI_DATA,1281,1a:00:00:00:00:00,-42,11,0,0,0,0,0,0,0,0,0,-94,0,1,0,219125346,0,31,0,128,0,"[0,0,7,-12,7,-13,6,-13,6,-13,6,-13,5,-13,5,-13,4,-13,4,-13,3,-13,3,-13,2,-13,2,-14,2,-14,2,-14,2,-14,2,-15,3,-15,3,-15,3,-14,4,-14,4,-14,5,-13,5,-13,6,-12,6,-11,0,0,0,0,0,0,0,0,0,0,0,0,0,0,0,0,0,0,0,0,0,0,4,-9,4,-9,5,-9,6,-9,7,-9,7,-9,8,-9,8,-9,9,-8,9,-8,9,-8,9,-8,9,-8,9,-8,9,-8,8,-8,8,-9,8,-9,8,-10,8,-10,7,-11,7,-11,7,-11,7,-12,7,-12,7,-12]"
2025-08-18 22:33:40.069487,CSI_DATA,1282,1a:00:00:00:00:00,-42,11,0,0,0,0,0,0,0,0,0,-94,0,1,0,219326488,0,31,0,128,0,"[0,0,12,7,12,6,12,6,12,5,12,5,12,5,12,5,12,4,12,4,12,3,12,2,12,2,13,2,13,2,13,2,14,2,13,2,14,3,14,3,14,4,13,4,13,5,12,5,12,5,11,6,10,7,0,0,0,0,0,0,0,0,0,0,0,0,0,0,0,0,0,0,0,0,0,0,8,2,9,3,9,4,9,4,9,5,9,6,9,7,9,7,8,8,8,8,8,8,8,8,8,8,8,8,8,8,8,7,9,7,9,7,10,7,10,7,10,6,11,7,11,6,11,6,12,6,12,6]"
2025-08-18 22:33:40.273935,CSI_DATA,1283,1a:00:00:00:00:00,-42,11,0,0,0,0,0,0,0,0,0,-94,0,1,0,219527626,0,31,0,128,0,"[0,0,14,1,13,0,13,0,13,0,13,-1,13,-1,13,-2,13,-2,12,-3,12,-3,12,-3,12,-3,12,-3,13,-4,13,-5,13,-5,13,-5,14,-4,14,-4,14,-4,14,-3,13,-2,13,-1,13,0,12,0,12,1,0,0,0,0,0,0,0,0,0,0,0,0,0,0,0,0,0,0,0,0,0,0,9,-1,9,0,10,0,10,1,10,1,11,2,11,3,11,3,11,3,10,4,10,5,10,5,10,5,10,4,11,4,10,3,11,3,11,3,12,2,12,2,12,2,12,1,13,1,13,1,13,1,14,1]"
2025-08-18 22:33:40.336889,CSI_DATA,1284,1a:00:00:00:00:00,-42,11,0,0,0,0,0,0,0,0,0,-94,0,1,0,219588403,0,42,0,128,0,"[0,0,9,-12,8,-13,8,-12,8,-12,8,-13,7,-13,7,-13,6,-13,6,-13,5,-13,5,-13,4,-14,4,-14,4,-14,4,-14,4,-15,4,-15,5,-15,5,-15,6,-15,6,-14,6,-13,7,-13,7,-12,7,-11,8,-11,0,0,0,0,0,0,0,0,0,0,0,0,0,0,0,0,0,0,0,0,0,0,4,-9,5,-9,6,-9,7,-9,7,-9,8,-9,9,-8,9,-8,10,-8,10,-8,10,-8,10,-7,10,-8,10,-8,10,-8,9,-8,9,-9,9,-9,9,-9,9,-10,9,-10,9,-11,8,-11,9,-12,9,-12,9,-12]"
2025-08-18 22:33:40.400951,CSI_DATA,1285,1a:00:00:00:00:00,-42,11,0,0,0,0,0,0,0,0,0,-94,0,1,0,219652755,0,31,0,128,0,"[0,0,-3,14,-3,13,-3,13,-2,13,-2,13,-1,13,-1,13,0,13,0,13,1,12,1,12,2,13,2,13,2,13,2,13,2,13,2,14,2,14,1,14,0,14,0,14,-1,13,-1,13,-2,13,-2,12,-3,12,0,0,0,0,0,0,0,0,0,0,0,0,0,0,0,0,0,0,0,0,0,0,0,9,-1,9,-2,10,-2,10,-3,10,-4,11,-4,11,-5,11,-5,11,-6,10,-6,10,-6,10,-6,10,-6,10,-6,10,-5,10,-5,11,-4,11,-4,11,-4,12,-4,12,-3,12,-3,13,-3,13,-3,13,-3,14]"
2025-08-18 22:33:40.607387,CSI_DATA,1286,1a:00:00:00:00:00,-42,11,0,0,0,0,0,0,0,0,0,-94,0,1,0,219853835,0,31,0,128,0,"[0,0,-3,-14,-4,-14,-3,-14,-4,-14,-4,-14,-4,-13,-5,-13,-5,-13,-6,-12,-6,-12,-7,-12,-7,-12,-7,-12,-8,-12,-8,-12,-8,-12,-8,-13,-8,-13,-7,-13,-7,-13,-6,-14,-5,-13,-5,-13,-4,-13,-4,-13,-3,-13,0,0,0,0,0,0,0,0,0,0,0,0,0,0,0,0,0,0,0,0,0,0,-4,-9,-3,-10,-3,-10,-2,-11,-2,-11,-1,-12,0,-12,0,-13,0,-13,1,-12,1,-13,1,-12,1,-12,1,-12,0,-12,0,-12,0,-12,-1,-13,-1,-13,-1,-13,-2,-13,-2,-13,-3,-13,-3,-14,-3,-14,-3,-14]"
2025-08-18 22:33:40.803409,CSI_DATA,1287,1a:00:00:00:00:00,-42,11,0,0,0,0,0,0,0,0,0,-94,0,1,0,220054986,0,31,0,128,0,"[0,0,13,-5,13,-5,12,-5,13,-5,12,-6,12,-6,12,-6,11,-7,11,-7,11,-7,10,-8,10,-8,10,-8,10,-9,11,-9,10,-9,11,-9,11,-9,12,-9,12,-8,12,-8,12,-7,12,-6,12,-5,12,-5,12,-4,0,0,0,0,0,0,0,0,0,0,0,0,0,0,0,0,0,0,0,0,0,0,8,-5,8,-4,9,-4,10,-3,10,-3,11,-2,11,-2,11,-1,12,-1,12,0,12,0,12,0,11,0,11,0,11,-1,11,-1,11,-1,12,-2,12,-2,12,-3,12,-3,12,-4,13,-4,13,-4,13,-4,13,-4]"
2025-08-18 22:33:40.999321,CSI_DATA,1288,1a:00:00:00:00:00,-42,11,0,0,0,0,0,0,0,0,0,-94,0,1,0,220256357,0,31,0,128,0,"[0,0,13,5,12,5,12,4,13,4,12,4,12,3,12,3,12,2,12,2,12,1,13,1,13,0,13,0,13,0,13,0,14,0,14,0,14,0,14,1,14,1,14,2,13,2,13,3,12,3,12,4,11,4,0,0,0,0,0,0,0,0,0,0,0,0,0,0,0,0,0,0,0,0,0,0,9,2,9,3,9,4,9,4,9,5,9,5,9,6,9,7,9,7,8,7,8,8,8,8,8,8,8,7,9,7,9,7,9,7,9,6,10,6,10,6,11,6,11,5,12,5,12,5,12,5,13,5]"
2025-08-18 22:33:41.205767,CSI_DATA,1289,1a:00:00:00:00:00,-42,11,0,0,0,0,0,0,0,0,0,-94,0,1,0,220457501,0,31,0,128,0,"[0,0,7,-13,6,-13,6,-13,6,-13,5,-13,5,-13,5,-13,4,-13,3,-13,2,-13,2,-13,2,-14,1,-14,1,-14,1,-14,1,-15,1,-15,2,-15,2,-15,3,-14,3,-14,4,-14,4,-14,4,-13,5,-12,6,-12,0,0,0,0,0,0,0,0,0,0,0,0,0,0,0,0,0,0,0,0,0,0,3,-9,4,-9,5,-10,5,-9,6,-9,7,-9,7,-9,8,-9,9,-9,9,-9,8,-9,8,-8,9,-9,8,-9,8,-9,8,-9,8,-9,7,-10,7,-10,7,-10,7,-11,7,-11,7,-12,6,-12,6,-13,6,-13]"
2025-08-18 22:33:41.423813,CSI_DATA,1290,1a:00:00:00:00:00,-42,11,0,0,0,0,0,0,0,0,0,-94,0,1,0,220658623,0,31,0,128,0,"[0,0,-2,-15,-2,-14,-3,-15,-3,-14,-3,-14,-4,-14,-4,-14,-4,-13,-5,-13,-5,-12,-6,-12,-6,-12,-7,-12,-7,-13,-7,-12,-7,-13,-7,-13,-7,-14,-7,-14,-6,-14,-5,-14,-4,-14,-4,-13,-3,-14,-3,-13,-2,-13,0,0,0,0,0,0,0,0,0,0,0,0,0,0,0,0,0,0,0,0,0,0,-3,-9,-3,-10,-2,-10,-2,-11,-1,-11,0,-12,0,-12,1,-13,1,-13,1,-12,2,-12,2,-12,2,-12,1,-12,1,-13,1,-12,1,-13,0,-12,0,-13,-1,-13,-1,-13,-1,-14,-2,-13,-2,-14,-2,-14,-2,-15]"
2025-08-18 22:33:41.615045,CSI_DATA,1291,1a:00:00:00:00:00,-42,11,0,0,0,0,0,0,0,0,0,-94,0,1,0,220859771,0,31,0,128,0,"[0,0,-8,-13,-8,-13,-8,-13,-8,-12,-9,-12,-8,-12,-9,-11,-9,-11,-9,-10,-10,-10,-10,-10,-11,-10,-11,-10,-11,-9,-12,-9,-12,-10,-12,-10,-12,-10,-12,-11,-11,-11,-11,-11,-10,-12,-9,-12,-8,-12,-8,-12,-7,-12,0,0,0,0,0,0,0,0,0,0,0,0,0,0,0,0,0,0,0,0,0,0,-6,-8,-6,-9,-6,-10,-5,-10,-5,-11,-4,-12,-4,-12,-4,-12,-3,-13,-3,-13,-3,-13,-2,-13,-3,-13,-3,-12,-3,-13,-3,-12,-4,-12,-4,-12,-5,-12,-5,-13,-6,-12,-6,-13,-7,-13,-7,-13,-7,-13,-8,-13]"
2025-08-18 22:33:41.809949,CSI_DATA,1292,1a:00:00:00:00:00,-42,11,0,0,0,0,0,0,0,0,0,-94,0,1,0,221060891,0,31,0,128,0,"[0,0,14,-5,13,-5,13,-5,13,-5,13,-6,12,-6,12,-6,12,-6,11,-7,11,-8,11,-8,11,-9,11,-9,11,-9,11,-10,11,-10,12,-9,12,-9,13,-9,13,-9,13,-8,13,-7,13,-6,13,-6,12,-5,13,-4,0,0,0,0,0,0,0,0,0,0,0,0,0,0,0,0,0,0,0,0,0,0,8,-5,9,-4,10,-4,10,-3,11,-3,11,-2,12,-2,12,-1,12,-1,12,0,12,0,12,0,12,0,12,0,12,-1,12,-1,12,-1,12,-2,12,-2,12,-3,13,-3,13,-3,13,-4,13,-4,13,-4,14,-4]"
2025-08-18 22:33:41.875646,CSI_DATA,1293,1a:00:00:00:00:00,-42,11,0,0,0,0,0,0,0,0,0,-94,0,1,0,221121714,0,42,0,128,0,"[0,0,-14,-6,-14,-6,-14,-5,-14,-5,-14,-4,-14,-4,-14,-4,-14,-3,-14,-2,-14,-2,-14,-2,-14,-1,-14,-1,-14,0,-15,0,-15,0,-15,0,-15,-1,-16,-1,-16,-1,-15,-2,-15,-3,-14,-3,-14,-4,-13,-5,-13,-5,0,0,0,0,0,0,0,0,0,0,0,0,0,0,0,0,0,0,0,0,0,0,-10,-4,-10,-4,-10,-5,-10,-6,-10,-6,-10,-7,-10,-8,-10,-8,-10,-8,-10,-9,-9,-9,-9,-9,-9,-9,-9,-9,-10,-8,-10,-8,-10,-8,-11,-7,-11,-7,-11,-7,-12,-7,-12,-7,-13,-6,-13,-7,-13,-6,-13,-6]"
2025-08-18 22:33:41.944464,CSI_DATA,1294,1a:00:00:00:00:00,-42,11,0,0,0,0,0,0,0,0,0,-94,0,1,0,221188850,0,31,0,128,0,"[0,0,-6,-13,-7,-12,-7,-13,-7,-12,-7,-12,-7,-12,-8,-11,-8,-11,-9,-10,-9,-10,-9,-10,-10,-9,-10,-10,-11,-10,-11,-9,-11,-10,-11,-10,-11,-10,-11,-11,-10,-11,-10,-11,-9,-11,-8,-11,-8,-11,-7,-12,-6,-12,0,0,0,0,0,0,0,0,0,0,0,0,0,0,0,0,0,0,0,0,0,0,-5,-8,-5,-9,-4,-10,-4,-10,-4,-11,-3,-11,-3,-12,-2,-12,-2,-12,-2,-12,-2,-12,-1,-12,-1,-12,-2,-12,-2,-12,-2,-12,-3,-12,-3,-12,-4,-12,-4,-12,-5,-12,-5,-12,-6,-12,-6,-13,-6,-13,-6,-13]"
2025-08-18 22:33:42.136664,CSI_DATA,1295,1a:00:00:00:00:00,-42,11,0,0,0,0,0,0,0,0,0,-94,0,1,0,221390012,0,31,0,128,0,"[0,0,13,0,13,-1,13,-1,13,-1,13,-2,12,-2,12,-2,12,-3,12,-3,12,-4,12,-4,12,-5,12,-5,12,-6,12,-6,12,-6,13,-5,13,-5,13,-5,13,-4,13,-4,13,-3,13,-3,13,-2,12,-1,12,0,0,0,0,0,0,0,0,0,0,0,0,0,0,0,0,0,0,0,0,0,0,0,9,-2,9,-1,10,0,10,0,10,1,11,1,11,2,11,3,11,3,11,3,11,4,10,4,11,3,11,3,11,3,10,3,11,2,11,2,12,1,12,1,12,1,13,0,13,0,13,0,13,0,14,0]"
2025-08-18 22:33:42.339324,CSI_DATA,1296,1a:00:00:00:00:00,-42,11,0,0,0,0,0,0,0,0,0,-94,0,1,0,221591146,0,31,0,128,0,"[0,0,6,-13,5,-13,5,-13,5,-13,4,-13,4,-13,3,-13,3,-13,2,-13,2,-13,2,-13,1,-13,1,-14,1,-14,0,-14,0,-14,1,-15,1,-14,1,-15,2,-15,2,-14,3,-14,4,-14,4,-13,5,-12,5,-12,0,0,0,0,0,0,0,0,0,0,0,0,0,0,0,0,0,0,0,0,0,0,2,-9,3,-10,4,-10,4,-9,5,-10,6,-10,7,-10,7,-10,7,-9,8,-9,8,-9,8,-9,8,-9,8,-9,7,-9,7,-9,7,-9,7,-10,6,-10,6,-11,6,-11,6,-12,5,-12,6,-12,6,-12,6,-13]"
2025-08-18 22:33:42.540570,CSI_DATA,1297,1a:00:00:00:00:00,-42,11,0,0,0,0,0,0,0,0,0,-94,0,1,0,221792279,0,31,0,128,0,"[0,0,-3,13,-3,13,-3,13,-2,13,-2,13,-2,13,-1,13,-1,13,0,12,0,12,0,12,1,12,1,13,2,13,2,13,2,13,2,14,1,14,1,14,1,14,0,14,-1,13,-1,13,-2,13,-3,12,-4,12,0,0,0,0,0,0,0,0,0,0,0,0,0,0,0,0,0,0,0,0,0,0,-1,9,-2,9,-2,10,-3,10,-3,10,-4,10,-5,10,-5,10,-6,10,-6,10,-6,10,-7,10,-6,10,-6,10,-6,10,-6,10,-5,10,-5,11,-5,11,-4,11,-4,12,-4,12,-3,13,-3,13,-3,13,-3,13]"
2025-08-18 22:33:42.596242,CSI_DATA,1298,1a:00:00:00:00:00,-42,11,0,0,0,0,0,0,0,0,0,-94,0,1,0,221853132,0,28,0,128,0,"[0,0,10,9,10,9,10,8,11,8,11,7,11,7,11,7,11,6,11,6,11,5,11,5,12,4,12,4,12,4,13,4,13,4,13,4,13,5,13,5,13,5,12,6,12,6,11,7,11,7,10,7,9,8,0,0,0,0,0,0,0,0,0,0,0,0,0,0,0,0,0,0,0,0,0,0,7,5,7,6,7,7,7,7,7,8,6,8,6,9,6,9,6,10,5,10,5,10,5,10,5,10,5,10,6,9,6,10,6,9,7,9,7,9,8,9,8,9,8,9,9,9,10,9,10,9,10,9]"
2025-08-18 22:33:42.747132,CSI_DATA,1299,1a:00:00:00:00:00,-42,11,0,0,0,0,0,0,0,0,0,-94,0,1,0,221993495,0,31,0,128,0,"[0,0,-14,-3,-14,-3,-14,-2,-14,-2,-14,-2,-13,-2,-14,-1,-14,0,-14,0,-13,1,-13,1,-13,2,-14,2,-14,2,-14,2,-14,3,-14,2,-15,2,-15,1,-15,1,-15,0,-15,0,-14,-1,-14,-1,-13,-2,-13,-3,0,0,0,0,0,0,0,0,0,0,0,0,0,0,0,0,0,0,0,0,0,0,-9,-1,-10,-2,-10,-3,-10,-3,-11,-4,-11,-5,-11,-5,-11,-6,-11,-6,-10,-6,-10,-6,-10,-7,-11,-6,-10,-6,-11,-6,-11,-6,-11,-5,-11,-5,-12,-5,-12,-4,-12,-4,-13,-4,-13,-3,-13,-3,-14,-3,-14,-3]"
2025-08-18 22:33:42.958643,CSI_DATA,1300,1a:00:00:00:00:00,-42,11,0,0,0,0,0,0,0,0,0,-94,0,1,0,222194653,0,31,0,128,0,"[0,0,-14,4,-14,4,-14,4,-13,5,-13,5,-13,5,-12,6,-12,6,-12,6,-11,7,-11,7,-11,8,-11,8,-11,9,-11,9,-12,9,-12,9,-13,9,-13,9,-13,8,-13,7,-13,7,-13,6,-13,5,-13,4,-13,4,0,0,0,0,0,0,0,0,0,0,0,0,0,0,0,0,0,0,0,0,0,0,-9,3,-10,3,-10,2,-11,2,-11,1,-12,1,-12,0,-12,0,-12,-1,-12,-1,-12,-1,-12,-1,-12,-1,-12,0,-12,0,-12,0,-12,0,-12,1,-12,1,-13,2,-13,2,-13,2,-13,3,-14,4,-14,4,-14,4]"
2025-08-18 22:33:43.163645,CSI_DATA,1301,1a:00:00:00:00:00,-42,11,0,0,0,0,0,0,0,0,0,-94,0,1,0,222396052,0,31,0,128,0,"[0,0,-15,-5,-15,-5,-15,-4,-15,-4,-15,-3,-15,-3,-15,-3,-14,-2,-15,-1,-15,-1,-15,0,-15,0,-15,1,-15,1,-16,1,-16,1,-16,1,-16,1,-17,0,-16,-1,-17,-1,-16,-2,-15,-3,-15,-3,-14,-4,-14,-5,0,0,0,0,0,0,0,0,0,0,0,0,0,0,0,0,0,0,0,0,0,0,-10,-2,-10,-3,-10,-4,-11,-5,-11,-5,-11,-6,-11,-7,-11,-7,-11,-8,-10,-8,-10,-8,-10,-8,-10,-8,-10,-8,-10,-8,-11,-7,-11,-7,-12,-6,-12,-6,-12,-6,-13,-6,-13,-5,-14,-5,-14,-5,-14,-5,-14,-5]"
2025-08-18 22:33:43.340953,CSI_DATA,1302,1a:00:00:00:00:00,-42,11,0,0,0,0,0,0,0,0,0,-94,0,1,0,222597090,0,31,0,128,0,"[0,0,5,13,5,12,5,12,6,12,6,12,6,12,6,11,7,11,7,10,8,10,8,10,9,9,9,9,9,9,10,10,10,10,10,10,9,11,9,11,9,11,8,12,7,12,7,12,6,12,5,11,4,12,0,0,0,0,0,0,0,0,0,0,0,0,0,0,0,0,0,0,0,0,0,0,4,8,4,8,3,9,3,9,3,10,2,11,2,11,1,11,1,11,0,11,0,11,0,11,0,11,1,11,1,11,1,11,1,11,2,11,2,11,3,11,3,11,4,11,4,12,5,12,5,12,5,12]"
2025-08-18 22:33:43.402866,CSI_DATA,1303,1a:00:00:00:00:00,-42,11,0,0,0,0,0,0,0,0,0,-94,0,1,0,222657913,0,42,0,128,0,"[0,0,6,12,6,12,6,11,7,12,7,11,7,11,7,11,7,10,8,10,8,10,9,9,9,9,9,9,10,9,10,9,10,9,10,10,10,10,10,11,10,11,9,11,8,11,7,11,7,11,6,11,5,12,0,0,0,0,0,0,0,0,0,0,0,0,0,0,0,0,0,0,0,0,0,0,4,7,4,8,4,9,3,9,3,10,3,10,2,11,2,11,1,11,1,11,1,11,1,11,1,11,1,11,1,11,1,11,2,11,3,11,3,11,4,11,4,11,4,11,5,12,5,12,5,12,6,12]"
2025-08-18 22:33:43.475097,CSI_DATA,1304,1a:00:00:00:00:00,-42,11,0,0,0,0,0,0,0,0,0,-94,0,1,0,222724594,0,31,0,128,0,"[0,0,2,-14,2,-14,2,-14,2,-14,1,-14,1,-14,0,-14,0,-14,0,-14,-1,-14,-1,-14,-2,-14,-2,-14,-3,-14,-3,-14,-3,-15,-3,-15,-3,-15,-3,-16,-2,-15,-1,-15,-1,-15,0,-15,1,-14,2,-14,2,-13,0,0,0,0,0,0,0,0,0,0,0,0,0,0,0,0,0,0,0,0,0,0,2,-9,2,-10,3,-10,3,-10,4,-10,5,-11,5,-11,5,-10,6,-10,6,-10,6,-10,7,-10,6,-10,6,-10,6,-10,5,-10,5,-11,4,-11,4,-11,4,-12,3,-12,4,-13,3,-13,3,-13,3,-14,3,-14]"
2025-08-18 22:33:43.675650,CSI_DATA,1305,1a:00:00:00:00:00,-42,11,0,0,0,0,0,0,0,0,0,-94,0,1,0,222925676,0,31,0,128,0,"[0,0,-14,4,-13,4,-14,4,-13,4,-13,5,-13,5,-12,5,-12,6,-12,6,-11,7,-11,7,-11,8,-11,8,-11,9,-11,8,-12,9,-12,9,-13,9,-13,9,-13,8,-13,7,-13,6,-13,6,-13,5,-13,4,-13,3,0,0,0,0,0,0,0,0,0,0,0,0,0,0,0,0,0,0,0,0,0,0,-9,3,-10,2,-10,2,-11,1,-11,1,-12,1,-12,0,-12,0,-12,-1,-12,-1,-12,-1,-12,-1,-12,-1,-12,-1,-12,0,-12,0,-12,0,-12,1,-12,1,-12,2,-13,2,-13,2,-13,3,-14,3,-13,4,-14,4]"
2025-08-18 22:33:43.869396,CSI_DATA,1306,1a:00:00:00:00:00,-42,11,0,0,0,0,0,0,0,0,0,-94,0,1,0,223126836,0,31,0,128,0,"[0,0,11,8,11,8,11,7,11,7,11,7,11,6,11,6,11,5,12,5,12,4,12,4,12,4,13,4,13,3,13,3,13,4,14,4,14,4,14,5,13,5,13,6,12,6,11,7,11,7,10,7,10,8,0,0,0,0,0,0,0,0,0,0,0,0,0,0,0,0,0,0,0,0,0,0,8,4,7,5,8,5,7,6,8,7,7,7,7,8,7,8,7,9,6,9,6,9,6,9,6,9,6,9,6,9,6,9,7,8,7,8,8,8,8,8,9,8,9,8,10,8,10,7,10,8,11,8]"
2025-08-18 22:33:44.075460,CSI_DATA,1307,1a:00:00:00:00:00,-42,11,0,0,0,0,0,0,0,0,0,-94,0,1,0,223328084,0,31,0,128,0,"[0,0,-5,13,-4,13,-4,13,-4,13,-3,13,-3,13,-2,13,-2,13,-2,13,-1,13,-1,13,0,13,0,13,1,13,1,14,1,14,1,14,0,14,0,15,0,15,-1,14,-2,14,-2,13,-3,13,-4,12,-5,12,0,0,0,0,0,0,0,0,0,0,0,0,0,0,0,0,0,0,0,0,0,0,-3,8,-3,9,-4,9,-5,9,-5,9,-6,9,-7,9,-7,9,-7,9,-8,9,-8,9,-8,8,-8,9,-8,9,-7,9,-7,9,-7,9,-6,9,-6,10,-6,11,-5,11,-5,11,-5,12,-5,12,-5,12,-5,13]"
2025-08-18 22:33:44.275972,CSI_DATA,1308,1a:00:00:00:00:00,-42,11,0,0,0,0,0,0,0,0,0,-94,0,1,0,223531640,0,31,0,128,0,"[0,0,7,11,7,11,7,11,8,11,8,10,8,10,8,10,8,9,9,9,9,9,10,8,10,8,10,8,10,8,11,8,11,8,12,9,11,9,11,9,10,10,10,10,9,10,9,11,8,10,7,10,6,11,0,0,0,0,0,0,0,0,0,0,0,0,0,0,0,0,0,0,0,0,0,0,5,7,4,7,4,8,4,9,4,9,3,10,2,11,2,11,2,11,2,11,2,11,1,11,2,11,2,11,2,10,2,11,3,10,4,11,4,11,4,11,4,11,5,11,6,11,6,11,6,11,7,11]"
2025-08-18 22:33:44.483375,CSI_DATA,1309,1a:00:00:00:00:00,-42,11,0,0,0,0,0,0,0,0,0,-94,0,1,0,223730501,0,31,0,128,0,"[0,0,-7,12,-6,11,-7,12,-6,11,-6,12,-5,12,-5,12,-4,12,-4,12,-3,12,-3,12,-3,12,-2,13,-2,13,-2,13,-2,14,-2,14,-3,14,-3,14,-4,14,-4,13,-5,13,-5,12,-6,12,-6,11,-7,11,0,0,0,0,0,0,0,0,0,0,0,0,0,0,0,0,0,0,0,0,0,0,-4,8,-5,8,-5,8,-6,8,-6,8,-7,8,-8,8,-8,8,-9,8,-9,7,-9,7,-9,7,-9,7,-9,7,-9,7,-8,7,-8,8,-8,8,-8,9,-7,9,-7,10,-7,10,-7,10,-7,11,-7,11,-7,11]"
2025-08-18 22:33:44.679505,CSI_DATA,1310,1a:00:00:00:00:00,-42,11,0,0,0,0,0,0,0,0,0,-94,0,1,0,223931647,0,31,0,128,0,"[0,0,-2,14,-2,13,-1,14,-1,13,-1,13,-1,13,0,13,0,13,1,13,2,12,3,12,3,12,3,13,3,13,3,13,3,14,3,14,3,14,2,14,2,14,1,14,0,14,0,13,0,13,-1,13,-2,12,0,0,0,0,0,0,0,0,0,0,0,0,0,0,0,0,0,0,0,0,0,0,0,9,-1,9,-1,9,-2,10,-3,10,-4,11,-4,10,-5,11,-5,10,-5,10,-5,10,-5,10,-5,10,-5,10,-5,11,-5,10,-4,11,-4,11,-4,11,-3,11,-3,12,-3,12,-2,12,-2,13,-1,14,-1,13]"
2025-08-18 22:33:44.883881,CSI_DATA,1311,1a:00:00:00:00:00,-42,11,0,0,0,0,0,0,0,0,0,-94,0,1,0,224133089,0,31,0,128,0,"[0,0,-14,4,-14,4,-14,4,-14,5,-14,5,-13,5,-13,6,-12,6,-12,6,-12,7,-12,7,-12,8,-11,8,-11,8,-12,9,-12,9,-12,9,-13,8,-13,9,-13,8,-13,7,-13,7,-14,6,-14,5,-13,4,-13,3,0,0,0,0,0,0,0,0,0,0,0,0,0,0,0,0,0,0,0,0,0,0,-9,3,-10,3,-11,2,-11,1,-12,1,-12,0,-13,0,-13,0,-13,-1,-13,-1,-13,-2,-12,-2,-13,-2,-12,-1,-12,-1,-13,-1,-13,0,-13,0,-13,1,-13,2,-13,2,-13,2,-14,3,-14,3,-14,3,-14,4]"
2025-08-18 22:33:44.941767,CSI_DATA,1312,1a:00:00:00:00:00,-42,11,0,0,0,0,0,0,0,0,0,-94,0,1,0,224193519,0,42,0,128,0,"[0,0,6,-13,5,-13,5,-13,5,-13,5,-13,4,-13,4,-13,3,-13,2,-13,2,-13,2,-13,1,-14,1,-14,1,-14,1,-14,1,-14,1,-15,1,-15,2,-15,2,-15,3,-14,3,-14,4,-13,4,-13,5,-12,5,-12,0,0,0,0,0,0,0,0,0,0,0,0,0,0,0,0,0,0,0,0,0,0,3,-9,4,-9,4,-9,5,-9,6,-9,6,-9,7,-9,7,-9,8,-9,8,-8,8,-9,8,-8,8,-8,8,-8,8,-8,7,-9,7,-9,7,-10,7,-10,6,-10,6,-11,6,-11,6,-12,6,-12,6,-12,6,-12]"
2025-08-18 22:33:45.032903,CSI_DATA,1313,1a:00:00:00:00:00,-42,11,0,0,0,0,0,0,0,0,0,-94,0,1,0,224263153,0,31,0,128,0,"[0,0,-10,-11,-10,-10,-10,-11,-10,-10,-11,-10,-10,-9,-11,-9,-11,-8,-11,-8,-12,-7,-12,-7,-12,-6,-12,-7,-13,-7,-13,-6,-14,-7,-13,-7,-14,-7,-13,-8,-13,-8,-13,-8,-12,-9,-11,-9,-11,-9,-10,-9,-9,-10,0,0,0,0,0,0,0,0,0,0,0,0,0,0,0,0,0,0,0,0,0,0,-7,-7,-7,-8,-7,-8,-7,-9,-6,-9,-6,-10,-6,-11,-5,-11,-5,-11,-5,-11,-5,-11,-5,-11,-5,-11,-5,-11,-5,-11,-5,-11,-6,-11,-6,-10,-7,-11,-7,-11,-8,-11,-8,-11,-9,-10,-9,-10,-10,-11,-10,-11]"
2025-08-18 22:33:45.211407,CSI_DATA,1314,1a:00:00:00:00:00,-42,11,0,0,0,0,0,0,0,0,0,-94,0,1,0,224464244,0,31,0,128,0,"[0,0,14,-1,13,-2,13,-2,13,-2,13,-2,13,-2,13,-3,12,-3,12,-4,12,-4,12,-5,12,-5,12,-6,12,-6,12,-6,13,-6,13,-6,13,-6,14,-5,13,-4,14,-4,13,-3,13,-2,13,-2,13,-1,12,0,0,0,0,0,0,0,0,0,0,0,0,0,0,0,0,0,0,0,0,0,0,0,8,-2,9,-2,9,-1,10,-1,10,0,11,1,11,1,11,2,11,2,11,2,11,3,11,3,11,3,11,2,11,2,11,2,11,2,11,1,12,1,12,0,12,0,12,0,13,-1,13,-1,13,-1,14,-1]"
2025-08-18 22:33:45.417531,CSI_DATA,1315,1a:00:00:00:00:00,-42,11,0,0,0,0,0,0,0,0,0,-94,0,1,0,224665625,0,31,0,128,0,"[0,0,1,-14,0,-15,0,-15,0,-14,-1,-15,-1,-14,-1,-14,-2,-14,-2,-14,-3,-14,-3,-14,-4,-14,-4,-14,-4,-14,-5,-14,-4,-14,-4,-15,-4,-15,-3,-15,-3,-15,-2,-15,-2,-15,-1,-14,0,-14,1,-13,1,-13,0,0,0,0,0,0,0,0,0,0,0,0,0,0,0,0,0,0,0,0,0,0,-1,-10,0,-10,0,-11,1,-11,1,-11,2,-12,3,-12,3,-12,4,-12,4,-11,4,-12,4,-11,4,-12,4,-11,4,-11,3,-12,3,-12,3,-12,2,-12,2,-13,2,-13,1,-13,1,-14,1,-14,1,-14,1,-14]"
2025-08-18 22:33:45.616719,CSI_DATA,1316,1a:00:00:00:00:00,-42,11,0,0,0,0,0,0,0,0,0,-94,0,1,0,224866696,0,31,0,128,0,"[0,0,-14,4,-13,4,-14,4,-13,4,-13,5,-13,5,-12,5,-12,6,-12,6,-11,6,-11,7,-11,7,-11,8,-11,8,-11,8,-12,9,-11,8,-12,8,-12,8,-13,7,-13,7,-13,6,-12,5,-12,5,-12,4,-13,3,0,0,0,0,0,0,0,0,0,0,0,0,0,0,0,0,0,0,0,0,0,0,-9,3,-10,3,-10,2,-11,2,-11,2,-12,1,-12,0,-12,0,-12,0,-12,-1,-12,-1,-12,-1,-12,-1,-12,0,-12,0,-12,0,-12,0,-12,1,-13,1,-12,2,-13,2,-13,2,-13,3,-13,4,-13,4,-14,4]"
2025-08-18 22:33:45.817445,CSI_DATA,1317,1a:00:00:00:00:00,-42,11,0,0,0,0,0,0,0,0,0,-94,0,1,0,225067838,0,31,0,128,0,"[0,0,13,-8,12,-8,12,-8,12,-9,11,-9,11,-9,11,-9,10,-10,9,-10,9,-10,9,-11,8,-11,8,-11,8,-12,8,-12,9,-12,9,-13,9,-12,10,-12,10,-11,10,-11,10,-11,11,-10,11,-9,11,-8,11,-7,0,0,0,0,0,0,0,0,0,0,0,0,0,0,0,0,0,0,0,0,0,0,8,-6,8,-6,9,-6,9,-5,10,-5,11,-5,11,-4,11,-4,12,-3,12,-3,12,-3,12,-2,12,-3,12,-3,12,-3,11,-3,11,-4,11,-5,12,-5,11,-6,12,-6,12,-7,12,-7,12,-7,12,-8,12,-8]"
2025-08-18 22:33:46.022554,CSI_DATA,1318,1a:00:00:00:00:00,-42,11,0,0,0,0,0,0,0,0,0,-94,0,1,0,225269052,0,31,0,128,0,"[0,0,-12,-9,-12,-8,-12,-8,-12,-8,-12,-8,-12,-7,-12,-7,-12,-6,-12,-6,-13,-5,-13,-5,-13,-4,-13,-4,-14,-4,-14,-4,-14,-4,-14,-4,-15,-5,-15,-5,-14,-6,-14,-6,-13,-7,-12,-7,-12,-7,-12,-7,-11,-8,0,0,0,0,0,0,0,0,0,0,0,0,0,0,0,0,0,0,0,0,0,0,-9,-5,-9,-6,-8,-7,-9,-7,-8,-8,-8,-9,-8,-9,-8,-10,-7,-10,-7,-10,-7,-10,-7,-10,-7,-10,-7,-10,-7,-10,-7,-10,-8,-10,-9,-9,-9,-9,-9,-9,-10,-9,-10,-9,-11,-9,-11,-8,-12,-9,-12,-9]"
2025-08-18 22:33:46.234904,CSI_DATA,1319,1a:00:00:00:00:00,-42,11,0,0,0,0,0,0,0,0,0,-94,0,1,0,225470525,0,31,0,128,0,"[0,0,3,-14,2,-14,2,-14,2,-14,2,-14,1,-14,1,-14,1,-14,0,-13,0,-14,-1,-13,-2,-14,-2,-14,-2,-14,-2,-14,-2,-14,-2,-15,-2,-14,-1,-15,-1,-15,0,-15,0,-15,2,-14,2,-14,3,-13,3,-12,0,0,0,0,0,0,0,0,0,0,0,0,0,0,0,0,0,0,0,0,0,0,0,-10,1,-10,2,-10,2,-11,3,-11,3,-11,4,-11,5,-11,5,-11,5,-11,6,-11,6,-11,6,-11,5,-10,5,-11,5,-11,4,-11,4,-11,4,-12,4,-12,4,-13,3,-13,3,-13,3,-13,3,-14,3,-14]"
2025-08-18 22:33:46.426692,CSI_DATA,1320,1a:00:00:00:00:00,-42,11,0,0,0,0,0,0,0,0,0,-94,0,1,0,225671407,0,31,0,128,0,"[0,0,-9,-12,-9,-11,-9,-11,-9,-11,-9,-11,-10,-10,-10,-10,-10,-9,-10,-9,-11,-8,-11,-8,-11,-8,-11,-8,-12,-8,-12,-8,-12,-8,-12,-8,-12,-8,-12,-9,-12,-9,-12,-10,-11,-10,-10,-10,-9,-10,-9,-10,-8,-11,0,0,0,0,0,0,0,0,0,0,0,0,0,0,0,0,0,0,0,0,0,0,-7,-8,-7,-8,-6,-9,-6,-10,-6,-10,-5,-11,-5,-11,-5,-11,-4,-12,-4,-12,-4,-12,-4,-12,-3,-12,-4,-12,-4,-12,-4,-11,-5,-11,-5,-11,-6,-11,-6,-11,-7,-11,-7,-12,-8,-11,-8,-12,-8,-12,-8,-12]"
2025-08-18 22:33:46.481669,CSI_DATA,1321,1a:00:00:00:00:00,-42,11,0,0,0,0,0,0,0,0,0,-94,0,1,0,225732214,0,42,0,128,0,"[0,0,-14,5,-14,5,-13,5,-13,5,-13,5,-13,5,-12,6,-12,6,-11,7,-11,7,-11,7,-11,8,-11,8,-10,8,-11,9,-11,9,-12,9,-12,8,-12,8,-12,8,-13,7,-12,7,-13,6,-13,5,-12,4,-12,4,0,0,0,0,0,0,0,0,0,0,0,0,0,0,0,0,0,0,0,0,0,0,-9,4,-9,3,-10,3,-10,2,-11,2,-12,1,-12,1,-12,1,-12,0,-13,0,-13,-1,-12,-1,-13,0,-12,0,-12,0,-12,0,-12,1,-13,1,-12,2,-12,2,-13,3,-13,3,-13,4,-13,4,-13,4,-13,4]"
2025-08-18 22:33:46.540326,CSI_DATA,1322,1a:00:00:00:00:00,-42,11,0,0,0,0,0,0,0,0,0,-94,0,1,0,225796695,0,31,0,128,0,"[0,0,9,11,9,11,9,11,9,10,9,10,9,10,9,9,10,9,10,8,10,8,11,7,11,7,11,7,12,7,12,7,12,7,12,8,12,8,12,8,12,9,11,9,11,9,10,9,9,10,8,10,8,10,0,0,0,0,0,0,0,0,0,0,0,0,0,0,0,0,0,0,0,0,0,0,6,6,6,7,6,8,6,9,5,9,5,10,5,11,4,11,4,11,4,11,4,12,3,12,4,11,4,11,4,11,4,11,5,11,5,10,6,10,6,11,6,11,7,11,8,11,8,11,8,11,9,11]"
2025-08-18 22:33:46.741326,CSI_DATA,1323,1a:00:00:00:00:00,-42,11,0,0,0,0,0,0,0,0,0,-94,0,1,0,225997766,0,31,0,128,0,"[0,0,11,9,10,8,11,8,11,8,11,8,11,7,11,7,11,7,11,6,11,5,12,4,12,4,13,4,13,4,13,4,13,4,13,4,13,5,13,6,13,6,12,6,12,7,11,7,11,7,10,7,9,8,0,0,0,0,0,0,0,0,0,0,0,0,0,0,0,0,0,0,0,0,0,0,7,5,7,6,7,6,7,7,7,8,7,8,7,9,6,10,6,10,6,10,6,10,6,10,6,10,6,9,6,10,6,9,7,9,7,9,8,9,8,9,8,9,9,9,9,9,10,9,11,8,11,9]"
2025-08-18 22:33:46.948992,CSI_DATA,1324,1a:00:00:00:00:00,-42,11,0,0,0,0,0,0,0,0,0,-94,0,1,0,226198992,0,31,0,128,0,"[0,0,5,-14,5,-14,4,-14,4,-14,3,-14,4,-14,3,-13,2,-13,2,-13,1,-13,1,-14,0,-14,-1,-14,-1,-14,-1,-14,0,-15,0,-15,0,-15,1,-15,1,-15,2,-15,2,-14,2,-14,3,-14,3,-13,4,-12,0,0,0,0,0,0,0,0,0,0,0,0,0,0,0,0,0,0,0,0,0,0,2,-10,3,-10,4,-10,4,-10,5,-10,6,-10,7,-10,7,-10,8,-10,8,-10,7,-9,8,-9,8,-10,7,-10,7,-10,7,-10,7,-10,6,-11,6,-11,6,-11,5,-11,6,-12,5,-13,5,-13,5,-13,5,-13]"
2025-08-18 22:33:47.143206,CSI_DATA,1325,1a:00:00:00:00:00,-42,11,0,0,0,0,0,0,0,0,0,-94,0,1,0,226400188,0,31,0,128,0,"[0,0,13,5,13,4,12,4,13,4,12,3,12,3,12,3,12,2,12,2,13,1,12,0,13,0,13,-1,13,0,14,-1,14,-1,14,0,14,0,14,1,14,1,14,2,13,3,13,3,12,3,12,4,11,4,0,0,0,0,0,0,0,0,0,0,0,0,0,0,0,0,0,0,0,0,0,0,9,2,9,2,9,3,9,4,10,4,9,5,9,6,9,6,9,7,9,7,9,7,9,7,9,7,9,7,9,7,9,6,9,6,10,6,10,5,10,5,11,5,11,5,12,5,12,4,12,5,13,4]"
2025-08-18 22:33:47.349358,CSI_DATA,1326,1a:00:00:00:00:00,-42,11,0,0,0,0,0,0,0,0,0,-94,0,1,0,226601342,0,31,0,128,0,"[0,0,-3,14,-3,13,-3,13,-2,13,-2,13,-1,13,-1,13,0,13,0,13,1,12,1,13,1,13,2,13,2,13,2,13,2,13,2,13,2,14,2,14,1,14,0,14,0,14,-1,13,-2,13,-2,12,-3,12,0,0,0,0,0,0,0,0,0,0,0,0,0,0,0,0,0,0,0,0,0,0,-1,9,-2,9,-2,9,-3,10,-4,10,-4,10,-5,10,-6,10,-6,10,-6,10,-7,10,-7,10,-6,10,-6,10,-6,10,-6,10,-6,10,-5,10,-5,11,-4,11,-4,11,-4,12,-3,12,-4,13,-3,13,-3,13]"
2025-08-18 22:33:47.552071,CSI_DATA,1327,1a:00:00:00:00:00,-42,11,0,0,0,0,0,0,0,0,0,-94,0,1,0,226802509,0,31,0,128,0,"[0,0,12,-9,12,-9,12,-9,11,-9,11,-9,11,-9,10,-10,10,-10,9,-10,9,-11,8,-11,8,-12,8,-12,8,-12,8,-12,9,-13,9,-13,9,-13,10,-12,10,-12,10,-11,11,-10,11,-10,11,-9,11,-8,11,-7,0,0,0,0,0,0,0,0,0,0,0,0,0,0,0,0,0,0,0,0,0,0,7,-7,7,-7,8,-7,9,-6,10,-6,10,-6,11,-5,11,-5,11,-5,11,-4,12,-4,11,-4,12,-4,11,-4,11,-4,11,-4,11,-5,11,-6,11,-6,11,-6,11,-7,11,-7,11,-8,11,-8,12,-9,12,-9]"
2025-08-18 22:33:47.765658,CSI_DATA,1328,1a:00:00:00:00:00,-42,11,0,0,0,0,0,0,0,0,0,-94,0,1,0,227003843,0,31,0,128,0,"[0,0,-12,-9,-12,-9,-12,-8,-12,-8,-12,-8,-12,-7,-12,-7,-12,-6,-12,-6,-13,-5,-13,-5,-13,-5,-13,-5,-13,-4,-14,-4,-14,-4,-14,-4,-14,-5,-15,-5,-14,-6,-14,-6,-13,-7,-12,-7,-12,-7,-11,-8,-10,-8,0,0,0,0,0,0,0,0,0,0,0,0,0,0,0,0,0,0,0,0,0,0,-8,-5,-8,-6,-8,-7,-8,-7,-8,-8,-8,-9,-8,-9,-8,-10,-8,-10,-7,-10,-7,-11,-7,-10,-7,-10,-7,-10,-7,-10,-7,-10,-8,-9,-8,-9,-9,-9,-9,-9,-10,-9,-10,-9,-11,-9,-11,-9,-11,-9,-11,-9]"
2025-08-18 22:33:47.952835,CSI_DATA,1329,1a:00:00:00:00:00,-42,11,0,0,0,0,0,0,0,0,0,-94,0,1,0,227204973,0,31,0,128,0,"[0,0,8,-11,8,-12,8,-12,8,-12,7,-12,7,-12,6,-12,6,-12,5,-12,5,-12,4,-13,3,-13,3,-13,3,-13,3,-14,3,-14,4,-14,4,-14,5,-14,5,-14,6,-13,6,-13,6,-12,6,-12,7,-11,7,-10,0,0,0,0,0,0,0,0,0,0,0,0,0,0,0,0,0,0,0,0,0,0,4,-8,5,-8,6,-8,6,-8,7,-8,8,-8,9,-8,9,-8,9,-7,9,-7,9,-7,9,-7,9,-7,9,-7,9,-7,9,-7,9,-8,8,-8,8,-9,9,-9,8,-9,8,-10,8,-10,8,-11,8,-11,8,-12]"
2025-08-18 22:33:48.013771,CSI_DATA,1330,1a:00:00:00:00:00,-42,11,0,0,0,0,0,0,0,0,0,-94,0,1,0,227265800,0,42,0,128,0,"[0,0,13,-2,13,-2,13,-3,13,-3,12,-3,12,-3,12,-4,12,-4,12,-5,12,-5,11,-5,11,-6,11,-7,11,-7,12,-7,11,-7,12,-7,12,-7,13,-7,13,-6,13,-6,13,-5,13,-4,12,-4,12,-3,12,-2,0,0,0,0,0,0,0,0,0,0,0,0,0,0,0,0,0,0,0,0,0,0,8,-2,9,-2,10,-1,10,-1,11,0,11,0,11,1,11,1,11,2,11,2,11,3,11,3,11,2,11,2,11,2,11,2,11,1,12,0,11,0,12,0,12,0,12,-1,13,-1,13,-1,13,-2,13,-2]"
2025-08-18 22:33:48.091188,CSI_DATA,1331,1a:00:00:00:00:00,-42,11,0,0,0,0,0,0,0,0,0,-94,0,1,0,227332722,0,31,0,128,0,"[0,0,5,12,6,12,5,12,6,12,6,11,6,11,6,11,7,10,7,10,8,9,8,9,8,9,8,9,9,9,9,9,9,9,10,10,9,10,9,10,9,10,8,11,7,11,6,11,6,11,5,11,4,11,0,0,0,0,0,0,0,0,0,0,0,0,0,0,0,0,0,0,0,0,0,0,4,7,4,8,4,8,3,9,3,10,3,10,2,11,2,11,2,11,1,11,1,11,1,11,1,11,1,11,1,11,1,11,2,11,3,11,3,11,4,11,4,11,4,11,5,12,5,12,5,12,5,12]"
2025-08-18 22:33:48.282808,CSI_DATA,1332,1a:00:00:00:00:00,-42,11,0,0,0,0,0,0,0,0,0,-94,0,1,0,227533779,0,31,0,128,0,"[0,0,14,-4,13,-5,13,-5,13,-5,13,-5,12,-5,12,-6,12,-6,11,-6,11,-7,11,-7,10,-8,11,-8,11,-9,11,-9,11,-9,11,-9,12,-9,12,-8,12,-8,12,-7,12,-6,12,-6,12,-5,12,-4,12,-3,0,0,0,0,0,0,0,0,0,0,0,0,0,0,0,0,0,0,0,0,0,0,8,-4,9,-4,9,-3,10,-3,10,-2,11,-2,11,-1,11,-1,12,0,11,0,12,0,12,1,12,0,12,0,12,0,11,0,11,-1,12,-1,12,-2,12,-2,12,-2,13,-3,13,-3,13,-4,13,-4,14,-4]"
2025-08-18 22:33:48.482782,CSI_DATA,1333,1a:00:00:00:00:00,-42,11,0,0,0,0,0,0,0,0,0,-94,0,1,0,227734950,0,31,0,128,0,"[0,0,5,-13,5,-13,5,-13,4,-13,4,-13,4,-13,3,-13,3,-13,2,-13,1,-13,1,-13,0,-14,0,-14,0,-14,0,-14,0,-15,0,-14,0,-15,1,-15,1,-15,2,-14,2,-14,2,-14,3,-13,4,-12,4,-12,0,0,0,0,0,0,0,0,0,0,0,0,0,0,0,0,0,0,0,0,0,0,3,-9,3,-9,4,-9,5,-9,5,-10,6,-9,7,-9,7,-9,8,-9,7,-9,8,-9,8,-9,8,-9,7,-9,7,-9,7,-9,7,-10,6,-10,6,-11,6,-11,6,-11,6,-12,5,-12,5,-12,5,-13,5,-13]"
2025-08-18 22:33:48.681628,CSI_DATA,1334,1a:00:00:00:00:00,-41,11,0,0,0,0,0,0,0,0,0,-94,0,1,0,227936086,0,31,0,128,0,"[0,0,14,3,14,2,13,3,13,2,13,2,13,2,13,2,13,1,13,0,13,-1,13,-1,13,-2,13,-2,13,-2,14,-2,14,-2,14,-2,14,-2,15,-1,15,0,14,0,14,1,13,1,13,2,13,3,12,3,0,0,0,0,0,0,0,0,0,0,0,0,0,0,0,0,0,0,0,0,0,0,9,0,9,1,10,2,10,3,10,3,11,4,10,4,10,5,10,5,10,6,10,6,10,6,10,6,10,6,10,5,10,5,11,5,11,4,11,4,11,4,12,4,13,3,13,3,13,3,14,3,14,3]"
2025-08-18 22:33:48.884356,CSI_DATA,1335,1a:00:00:00:00:00,-42,11,0,0,0,0,0,0,0,0,0,-94,0,1,0,228137387,0,31,0,128,0,"[0,0,14,-1,13,-1,13,-1,13,-2,14,-2,13,-2,13,-3,13,-3,12,-4,12,-4,12,-5,12,-5,12,-5,12,-6,12,-6,13,-6,13,-6,13,-6,13,-6,13,-5,13,-4,13,-4,13,-3,13,-2,12,-1,12,-1,0,0,0,0,0,0,0,0,0,0,0,0,0,0,0,0,0,0,0,0,0,0,9,-2,9,-1,9,0,10,0,10,1,11,1,11,2,11,2,11,3,11,3,11,4,11,4,11,4,11,3,11,3,11,3,11,2,11,2,12,1,12,1,12,0,13,0,13,0,13,0,13,0,14,-1]"
2025-08-18 22:33:49.090893,CSI_DATA,1336,1a:00:00:00:00:00,-42,11,0,0,0,0,0,0,0,0,0,-94,0,1,0,228338619,0,31,0,128,0,"[0,0,-15,-1,-15,-1,-14,-1,-15,0,-14,0,-14,0,-14,0,-14,1,-14,1,-14,2,-13,3,-13,3,-13,3,-13,4,-14,4,-14,4,-15,4,-14,3,-15,3,-15,2,-15,2,-15,1,-14,0,-14,0,-14,-1,-13,-2,0,0,0,0,0,0,0,0,0,0,0,0,0,0,0,0,0,0,0,0,0,0,-10,1,-10,0,-11,0,-11,-1,-12,-1,-12,-2,-12,-3,-12,-3,-12,-4,-12,-5,-12,-4,-12,-4,-12,-5,-12,-4,-12,-4,-12,-4,-12,-3,-13,-3,-12,-3,-13,-2,-13,-2,-14,-2,-14,-1,-14,-1,-14,-1,-15,-1]"
2025-08-18 22:33:49.305518,CSI_DATA,1337,1a:00:00:00:00:00,-42,11,0,0,0,0,0,0,0,0,0,-94,0,1,0,228539737,0,31,0,128,0,"[0,0,-2,-15,-3,-15,-3,-14,-3,-14,-3,-14,-4,-14,-4,-14,-5,-13,-5,-13,-5,-13,-6,-13,-6,-13,-6,-13,-7,-13,-7,-13,-7,-13,-7,-14,-7,-14,-7,-14,-6,-14,-5,-14,-5,-14,-4,-14,-3,-14,-2,-13,-2,-13,0,0,0,0,0,0,0,0,0,0,0,0,0,0,0,0,0,0,0,0,0,0,-3,-10,-2,-10,-2,-11,-1,-11,-1,-12,0,-12,0,-12,0,-13,1,-13,2,-12,2,-12,2,-12,2,-12,2,-12,1,-12,1,-12,1,-12,0,-13,0,-13,0,-13,-1,-13,-1,-14,-2,-14,-2,-14,-2,-14,-2,-15]"
2025-08-18 22:33:49.489402,CSI_DATA,1338,1a:00:00:00:00:00,-42,11,0,0,0,0,0,0,0,0,0,-94,0,1,0,228740889,0,31,0,128,0,"[0,0,13,-5,13,-5,13,-5,13,-5,13,-6,12,-6,12,-6,11,-7,11,-7,11,-7,11,-8,10,-8,11,-9,10,-9,11,-9,11,-9,11,-9,12,-9,12,-9,12,-8,12,-8,12,-7,12,-6,12,-5,12,-4,12,-4,0,0,0,0,0,0,0,0,0,0,0,0,0,0,0,0,0,0,0,0,0,0,8,-4,9,-4,9,-3,10,-3,10,-3,11,-2,11,-2,12,-1,12,-1,12,0,12,0,12,1,11,0,11,0,11,-1,11,-1,11,-1,11,-2,12,-2,12,-3,12,-3,12,-3,12,-4,13,-4,13,-4,13,-4]"
2025-08-18 22:33:49.549383,CSI_DATA,1339,1a:00:00:00:00:00,-42,11,0,0,0,0,0,0,0,0,0,-94,0,1,0,228801591,0,42,0,128,0,"[0,0,-3,14,-2,13,-2,14,-2,13,-1,14,-1,13,-1,13,0,13,0,13,1,12,1,13,2,13,2,13,3,13,3,13,3,14,3,13,3,14,2,14,1,14,1,14,0,14,0,13,-1,13,-1,12,-2,12,0,0,0,0,0,0,0,0,0,0,0,0,0,0,0,0,0,0,0,0,0,0,-1,9,-2,9,-2,9,-3,10,-4,10,-4,11,-5,10,-6,10,-6,10,-6,10,-6,10,-6,10,-6,10,-6,10,-6,10,-6,10,-5,11,-4,10,-4,11,-4,12,-4,12,-4,12,-3,12,-3,13,-3,13,-3,14]"
2025-08-18 22:33:49.622710,CSI_DATA,1340,1a:00:00:00:00:00,-42,11,0,0,0,0,0,0,0,0,0,-94,0,1,0,228873317,0,31,0,128,0,"[0,0,13,-5,12,-6,12,-6,12,-6,12,-6,11,-6,11,-7,11,-7,10,-7,10,-8,10,-8,10,-9,10,-9,10,-10,10,-9,10,-10,10,-10,11,-9,11,-9,12,-9,12,-8,12,-7,11,-7,11,-6,11,-5,12,-4,0,0,0,0,0,0,0,0,0,0,0,0,0,0,0,0,0,0,0,0,0,0,7,-5,8,-5,9,-4,9,-4,10,-4,10,-3,11,-3,11,-2,11,-2,11,-2,11,-1,11,-1,11,-1,11,-1,11,-2,11,-2,11,-2,11,-3,11,-3,12,-4,11,-4,12,-4,12,-5,12,-5,12,-5,12,-6]"
2025-08-18 22:33:49.841056,CSI_DATA,1341,1a:00:00:00:00:00,-42,11,0,0,0,0,0,0,0,0,0,-94,0,1,0,229074106,0,31,0,128,0,"[0,0,-9,-11,-9,-11,-9,-11,-10,-11,-10,-10,-10,-10,-10,-9,-11,-9,-11,-8,-11,-8,-11,-8,-11,-8,-12,-8,-13,-7,-13,-7,-13,-7,-13,-8,-13,-8,-13,-8,-13,-8,-12,-9,-12,-9,-11,-10,-10,-10,-9,-10,-9,-11,0,0,0,0,0,0,0,0,0,0,0,0,0,0,0,0,0,0,0,0,0,0,-6,-7,-6,-8,-6,-9,-6,-9,-6,-10,-5,-11,-5,-11,-5,-11,-5,-12,-4,-12,-3,-12,-3,-12,-4,-12,-4,-12,-4,-11,-5,-11,-5,-11,-6,-11,-6,-11,-7,-11,-7,-11,-8,-11,-8,-11,-8,-12,-8,-12,-9,-11]"
2025-08-18 22:33:50.022895,CSI_DATA,1342,1a:00:00:00:00:00,-42,11,0,0,0,0,0,0,0,0,0,-94,0,1,0,229275512,0,31,0,128,0,"[0,0,-2,14,-2,13,-2,13,-1,13,-1,13,-1,13,0,13,0,13,1,12,2,12,2,12,3,12,3,12,3,13,3,13,3,13,3,14,3,13,3,14,2,14,1,14,1,14,0,13,0,13,-1,12,-2,12,0,0,0,0,0,0,0,0,0,0,0,0,0,0,0,0,0,0,0,0,0,0,-1,9,-2,9,-2,9,-3,10,-3,10,-4,10,-5,10,-5,10,-6,10,-6,10,-6,10,-6,10,-6,10,-5,10,-5,10,-5,10,-5,10,-4,11,-4,11,-4,11,-3,12,-3,12,-3,13,-2,13,-2,13,-2,13]"
2025-08-18 22:33:50.219187,CSI_DATA,1343,1a:00:00:00:00:00,-42,11,0,0,0,0,0,0,0,0,0,-94,0,1,0,229476543,0,31,0,128,0,"[0,0,11,7,11,7,11,7,11,6,12,6,11,6,12,5,12,5,12,4,12,4,12,3,12,3,13,2,13,2,13,2,13,2,14,3,14,3,14,3,14,4,13,4,13,5,12,5,12,6,11,6,10,7,0,0,0,0,0,0,0,0,0,0,0,0,0,0,0,0,0,0,0,0,0,0,7,4,7,5,7,6,7,6,7,7,8,7,7,8,7,8,7,9,6,9,6,9,6,9,6,9,7,9,7,9,7,8,7,8,8,8,8,8,9,8,9,7,10,8,10,7,10,7,11,7,11,7]"
2025-08-18 22:33:50.427753,CSI_DATA,1344,1a:00:00:00:00:00,-42,11,0,0,0,0,0,0,0,0,0,-94,0,1,0,229677744,0,31,0,128,0,"[0,0,13,-7,13,-8,12,-7,12,-8,12,-8,11,-8,11,-8,11,-9,10,-9,10,-10,10,-10,10,-10,9,-11,9,-11,10,-11,10,-11,10,-12,11,-11,11,-11,12,-10,12,-10,12,-9,12,-8,12,-8,12,-7,12,-6,0,0,0,0,0,0,0,0,0,0,0,0,0,0,0,0,0,0,0,0,0,0,7,-6,8,-5,9,-5,9,-5,10,-5,10,-4,11,-3,11,-3,12,-3,12,-2,12,-2,12,-2,12,-2,12,-3,11,-2,11,-3,11,-3,12,-4,11,-4,12,-5,12,-5,12,-6,12,-6,12,-7,13,-7,13,-7]"
2025-08-18 22:33:50.626417,CSI_DATA,1345,1a:00:00:00:00:00,-42,11,0,0,0,0,0,0,0,0,0,-94,0,1,0,229878881,0,31,0,128,0,"[0,0,-6,13,-6,13,-6,12,-5,13,-5,13,-4,12,-4,12,-3,12,-3,12,-3,13,-2,12,-2,13,-1,13,-1,13,-1,13,-1,13,-1,14,-2,14,-2,14,-3,14,-3,14,-4,13,-4,13,-5,12,-5,12,-6,11,0,0,0,0,0,0,0,0,0,0,0,0,0,0,0,0,0,0,0,0,0,0,-3,8,-4,8,-4,9,-5,9,-6,9,-6,9,-7,9,-8,9,-8,9,-8,8,-9,8,-8,8,-9,8,-8,8,-8,8,-8,8,-7,9,-7,9,-7,9,-6,10,-7,10,-6,11,-6,11,-6,12,-6,12,-6,12]"
2025-08-18 22:33:50.827396,CSI_DATA,1346,1a:00:00:00:00:00,-42,11,0,0,0,0,0,0,0,0,0,-94,0,1,0,230080024,0,31,0,128,0,"[0,0,0,14,1,14,1,13,1,13,2,14,2,13,2,13,3,13,3,12,4,12,5,12,5,12,5,12,6,13,6,12,6,13,6,13,5,14,5,14,4,14,3,14,3,14,2,14,2,13,1,13,0,13,0,0,0,0,0,0,0,0,0,0,0,0,0,0,0,0,0,0,0,0,0,0,2,9,1,9,0,9,0,10,0,10,-1,11,-2,11,-2,11,-3,11,-3,11,-3,11,-3,11,-3,11,-3,11,-3,11,-3,11,-2,11,-2,11,-1,12,-1,12,-1,12,0,13,0,13,1,14,1,14,1,14]"
2025-08-18 22:33:51.025688,CSI_DATA,1347,1a:00:00:00:00:00,-42,11,0,0,0,0,0,0,0,0,0,-94,0,1,0,230281252,0,31,0,128,0,"[0,0,14,3,13,3,13,3,13,2,14,2,13,2,13,1,13,1,13,0,13,-1,13,-1,13,-2,13,-2,14,-3,14,-3,14,-2,14,-3,15,-2,15,-2,15,-1,15,0,14,0,14,1,14,1,13,1,12,3,0,0,0,0,0,0,0,0,0,0,0,0,0,0,0,0,0,0,0,0,0,0,9,1,9,2,9,3,9,3,10,4,10,4,10,5,10,6,10,6,9,6,9,6,9,6,9,6,10,6,10,6,9,5,10,5,10,4,11,5,11,4,12,4,12,4,12,4,13,3,13,3,14,3]"
2025-08-18 22:33:51.090055,CSI_DATA,1348,1a:00:00:00:00:00,-42,11,0,0,0,0,0,0,0,0,0,-94,0,1,0,230342055,0,42,0,128,0,"[0,0,8,-11,8,-12,8,-11,8,-12,7,-12,7,-12,7,-12,6,-12,5,-12,5,-12,5,-13,4,-13,4,-13,4,-13,4,-14,4,-14,4,-14,4,-14,5,-14,5,-14,6,-13,6,-13,7,-12,7,-12,8,-11,8,-10,0,0,0,0,0,0,0,0,0,0,0,0,0,0,0,0,0,0,0,0,0,0,5,-8,5,-8,6,-8,7,-8,7,-8,8,-7,8,-7,9,-7,9,-7,9,-6,10,-6,10,-6,10,-6,9,-6,9,-7,9,-7,9,-7,8,-8,8,-8,8,-9,8,-9,8,-10,8,-10,8,-10,9,-11,9,-11]"
2025-08-18 22:33:51.161306,CSI_DATA,1349,1a:00:00:00:00:00,-42,11,0,0,0,0,0,0,0,0,0,-94,0,1,0,230406254,0,31,0,128,0,"[0,0,-11,-10,-11,-10,-11,-9,-11,-9,-11,-9,-11,-8,-11,-8,-12,-8,-12,-7,-12,-6,-13,-6,-13,-5,-13,-5,-13,-5,-14,-5,-14,-5,-14,-6,-14,-6,-14,-6,-14,-7,-13,-7,-13,-8,-12,-8,-12,-8,-11,-8,-10,-9,0,0,0,0,0,0,0,0,0,0,0,0,0,0,0,0,0,0,0,0,0,0,-8,-6,-7,-7,-7,-8,-7,-8,-7,-9,-7,-9,-6,-10,-6,-10,-6,-11,-6,-11,-6,-11,-6,-11,-6,-11,-6,-11,-6,-10,-6,-10,-7,-10,-7,-10,-8,-10,-8,-10,-9,-10,-9,-10,-10,-10,-10,-10,-10,-10,-11,-10]"
2025-08-18 22:33:51.354993,CSI_DATA,1350,1a:00:00:00:00:00,-42,11,0,0,0,0,0,0,0,0,0,-94,0,1,0,230607312,0,31,0,128,0,"[0,0,-8,12,-7,11,-7,12,-7,12,-7,12,-6,12,-6,12,-5,12,-5,12,-4,12,-4,12,-3,12,-3,13,-3,13,-3,13,-3,13,-3,14,-4,14,-4,14,-5,14,-5,13,-6,13,-6,12,-6,12,-7,11,-7,10,0,0,0,0,0,0,0,0,0,0,0,0,0,0,0,0,0,0,0,0,0,0,-4,8,-5,8,-6,8,-6,8,-7,8,-8,8,-9,7,-9,7,-9,7,-9,7,-10,7,-10,7,-10,7,-9,7,-9,7,-9,7,-9,8,-8,8,-8,9,-8,9,-8,9,-8,10,-8,10,-8,11,-8,11,-8,11]"
2025-08-18 22:33:51.557178,CSI_DATA,1351,1a:00:00:00:00:00,-42,11,0,0,0,0,0,0,0,0,0,-94,0,1,0,230809235,0,31,0,128,0,"[0,0,-3,14,-2,13,-2,14,-1,13,-1,14,-1,13,-1,13,0,13,1,13,1,13,2,13,2,13,2,13,3,13,3,13,3,14,3,14,3,14,2,14,2,15,1,14,0,14,0,14,-1,14,-1,13,-3,13,0,0,0,0,0,0,0,0,0,0,0,0,0,0,0,0,0,0,0,0,0,0,-1,9,-1,9,-2,9,-3,10,-3,10,-4,11,-4,11,-5,11,-5,10,-6,10,-6,10,-6,10,-6,10,-6,10,-5,10,-5,10,-5,11,-4,11,-4,11,-4,12,-4,12,-3,12,-2,13,-2,13,-2,13,-2,14]"
2025-08-18 22:33:51.763033,CSI_DATA,1352,1a:00:00:00:00:00,-42,11,0,0,0,0,0,0,0,0,0,-94,0,1,0,231009634,0,31,0,128,0,"[0,0,-13,-6,-13,-6,-13,-6,-14,-5,-13,-5,-13,-5,-13,-4,-13,-4,-13,-3,-14,-2,-14,-2,-14,-2,-14,-2,-14,-1,-15,-1,-15,-1,-15,-1,-15,-2,-15,-2,-15,-3,-15,-3,-14,-4,-14,-4,-14,-5,-13,-5,-12,-6,0,0,0,0,0,0,0,0,0,0,0,0,0,0,0,0,0,0,0,0,0,0,-9,-3,-9,-4,-9,-5,-10,-5,-10,-6,-10,-7,-10,-7,-10,-8,-9,-8,-9,-8,-9,-9,-9,-9,-9,-9,-9,-8,-9,-8,-9,-8,-10,-7,-10,-7,-10,-7,-11,-7,-11,-7,-12,-7,-12,-6,-13,-6,-13,-6,-13,-6]"
2025-08-18 22:33:51.960011,CSI_DATA,1353,1a:00:00:00:00:00,-42,11,0,0,0,0,0,0,0,0,0,-94,0,1,0,231210820,0,31,0,128,0,"[0,0,12,-8,11,-8,11,-9,10,-8,11,-9,10,-9,10,-9,9,-9,9,-9,8,-10,8,-11,8,-11,7,-11,8,-12,8,-12,8,-12,8,-12,9,-12,9,-12,10,-11,10,-10,10,-10,10,-9,10,-9,10,-8,11,-7,0,0,0,0,0,0,0,0,0,0,0,0,0,0,0,0,0,0,0,0,0,0,6,-6,7,-6,8,-6,9,-5,9,-5,10,-5,10,-4,11,-4,11,-4,11,-3,11,-3,11,-3,11,-3,10,-4,11,-4,10,-4,11,-4,10,-5,11,-5,11,-6,11,-6,11,-6,11,-7,11,-8,11,-8,11,-8]"
2025-08-18 22:33:52.158399,CSI_DATA,1354,1a:00:00:00:00:00,-42,11,0,0,0,0,0,0,0,0,0,-94,0,1,0,231412052,0,31,0,128,0,"[0,0,14,1,13,1,13,1,13,0,13,0,13,-1,13,-1,13,-1,12,-2,12,-2,12,-3,12,-3,13,-4,13,-4,13,-4,13,-4,13,-4,14,-4,14,-4,14,-3,14,-2,14,-2,13,-1,13,0,13,0,12,1,0,0,0,0,0,0,0,0,0,0,0,0,0,0,0,0,0,0,0,0,0,0,9,0,9,0,9,1,10,2,10,2,10,3,10,4,10,4,10,4,10,5,10,5,10,5,10,5,10,4,10,4,10,4,10,3,11,3,11,3,11,2,12,2,12,2,12,2,13,2,13,2,14,1]"
2025-08-18 22:33:52.363837,CSI_DATA,1355,1a:00:00:00:00:00,-42,11,0,0,0,0,0,0,0,0,0,-94,0,1,0,231613377,0,31,0,128,0,"[0,0,14,1,13,0,13,0,13,-1,13,-1,13,-1,13,-2,13,-2,13,-2,12,-3,12,-4,12,-4,12,-5,13,-5,13,-5,13,-5,13,-5,14,-5,14,-4,14,-4,14,-3,14,-2,13,-2,13,-1,13,-1,12,0,0,0,0,0,0,0,0,0,0,0,0,0,0,0,0,0,0,0,0,0,0,0,9,-1,9,0,9,1,10,1,10,2,10,2,10,3,10,4,10,4,10,4,10,4,10,4,10,4,10,4,10,4,10,3,11,3,11,2,11,2,11,2,12,2,12,1,13,1,13,1,13,1,14,0]"
2025-08-18 22:33:52.557780,CSI_DATA,1356,1a:00:00:00:00:00,-42,11,0,0,0,0,0,0,0,0,0,-94,0,1,0,231814463,0,31,0,128,0,"[0,0,7,12,7,11,7,11,8,11,8,10,8,10,8,10,9,9,9,9,9,8,9,8,10,8,10,8,10,8,11,8,11,8,11,9,11,9,11,9,10,9,10,10,9,10,8,10,7,11,6,10,6,11,0,0,0,0,0,0,0,0,0,0,0,0,0,0,0,0,0,0,0,0,0,0,5,6,5,7,5,8,5,8,4,9,4,9,4,10,3,10,3,11,3,11,2,11,2,11,2,11,3,11,3,11,3,10,3,10,4,10,4,10,5,10,5,11,6,11,6,11,6,11,7,11,7,11]"
2025-08-18 22:33:52.618876,CSI_DATA,1357,1a:00:00:00:00:00,-42,11,0,0,0,0,0,0,0,0,0,-94,0,1,0,231875239,0,42,0,128,0,"[0,0,8,11,8,10,9,10,9,10,9,10,9,9,9,9,10,8,10,8,10,7,10,7,11,7,11,6,11,6,12,6,12,6,12,7,12,7,12,7,12,8,11,8,10,9,9,9,9,9,8,9,7,10,0,0,0,0,0,0,0,0,0,0,0,0,0,0,0,0,0,0,0,0,0,0,6,6,6,7,5,7,5,8,5,9,5,9,4,10,4,10,4,11,3,10,3,11,3,11,3,11,3,11,4,10,4,10,4,10,5,10,5,10,6,10,6,10,7,10,7,10,8,10,8,10,8,10]"
2025-08-18 22:33:52.694849,CSI_DATA,1358,1a:00:00:00:00:00,-42,11,0,0,0,0,0,0,0,0,0,-94,0,1,0,231940376,0,31,0,128,0,"[0,0,-14,-5,-14,-4,-14,-4,-14,-4,-14,-4,-14,-3,-13,-3,-14,-2,-14,-2,-13,-1,-14,-1,-14,-1,-14,-1,-14,0,-15,0,-15,0,-15,0,-15,0,-15,-1,-15,-1,-15,-2,-14,-3,-14,-3,-14,-4,-13,-4,-13,-5,0,0,0,0,0,0,0,0,0,0,0,0,0,0,0,0,0,0,0,0,0,0,-9,-2,-10,-3,-10,-4,-10,-4,-10,-5,-10,-5,-10,-6,-10,-6,-10,-7,-10,-7,-10,-8,-10,-8,-10,-8,-10,-7,-10,-7,-10,-7,-10,-6,-11,-6,-11,-6,-12,-5,-12,-6,-12,-5,-13,-5,-13,-5,-13,-5,-13,-5]"
2025-08-18 22:33:52.888875,CSI_DATA,1359,1a:00:00:00:00:00,-42,11,0,0,0,0,0,0,0,0,0,-94,0,1,0,232141437,0,31,0,128,0,"[0,0,-8,12,-7,12,-7,12,-7,12,-7,13,-6,12,-6,12,-5,13,-5,13,-4,12,-4,13,-3,13,-3,14,-3,14,-3,14,-3,14,-3,14,-4,15,-4,15,-5,14,-5,14,-6,14,-6,13,-7,12,-7,11,-8,11,0,0,0,0,0,0,0,0,0,0,0,0,0,0,0,0,0,0,0,0,0,0,-4,8,-5,8,-6,9,-6,8,-7,9,-8,9,-9,9,-9,9,-9,9,-9,8,-10,8,-10,7,-10,8,-9,8,-9,8,-9,8,-9,8,-8,9,-8,9,-8,10,-8,10,-8,11,-8,11,-8,12,-8,12,-7,12]"
2025-08-18 22:33:53.092309,CSI_DATA,1360,1a:00:00:00:00:00,-42,11,0,0,0,0,0,0,0,0,0,-94,0,1,0,232342685,0,31,0,128,0,"[0,0,-12,8,-11,9,-11,8,-11,9,-11,9,-10,9,-10,9,-9,10,-9,10,-9,10,-8,10,-8,11,-8,11,-7,11,-8,12,-7,11,-8,12,-8,12,-9,12,-9,11,-10,11,-10,10,-10,9,-10,9,-10,8,-11,7,0,0,0,0,0,0,0,0,0,0,0,0,0,0,0,0,0,0,0,0,0,0,-7,6,-8,6,-8,6,-9,5,-10,5,-10,5,-11,5,-11,4,-11,4,-12,3,-12,3,-12,3,-11,3,-11,3,-11,4,-11,4,-11,4,-11,5,-11,5,-11,6,-11,6,-11,7,-11,7,-11,8,-11,8,-11,8]"
2025-08-18 22:33:53.292739,CSI_DATA,1361,1a:00:00:00:00:00,-42,11,0,0,0,0,0,0,0,0,0,-94,0,1,0,232543802,0,31,0,128,0,"[0,0,5,-14,4,-14,4,-14,4,-14,3,-14,3,-13,2,-14,2,-14,2,-13,1,-14,0,-14,0,-14,0,-14,0,-14,-1,-15,0,-15,0,-15,0,-15,1,-15,1,-15,2,-15,2,-14,3,-14,3,-13,4,-13,5,-12,0,0,0,0,0,0,0,0,0,0,0,0,0,0,0,0,0,0,0,0,0,0,1,-9,2,-10,3,-10,3,-10,4,-10,5,-10,6,-10,6,-10,6,-10,7,-10,7,-10,7,-9,7,-10,7,-9,7,-10,6,-10,6,-10,5,-10,5,-11,5,-12,5,-12,5,-12,5,-13,4,-13,4,-13,4,-13]"
2025-08-18 22:33:53.487306,CSI_DATA,1362,1a:00:00:00:00:00,-42,11,0,0,0,0,0,0,0,0,0,-94,0,1,0,232745167,0,31,0,128,0,"[0,0,10,9,10,9,10,8,10,8,10,8,10,8,10,7,11,7,11,6,11,6,11,5,12,5,12,5,12,5,12,5,13,5,13,5,13,6,13,6,12,7,12,7,11,8,10,8,10,8,9,8,8,9,0,0,0,0,0,0,0,0,0,0,0,0,0,0,0,0,0,0,0,0,0,0,7,4,7,5,7,6,7,6,7,7,7,8,6,9,6,9,6,9,5,10,6,10,5,9,6,9,5,9,6,9,6,9,6,9,7,9,7,9,7,9,8,9,8,9,9,9,10,9,10,9,10,8]"
2025-08-18 22:33:53.690721,CSI_DATA,1363,1a:00:00:00:00:00,-42,11,0,0,0,0,0,0,0,0,0,-94,0,1,0,232946265,0,31,0,128,0,"[0,0,6,13,6,12,6,12,7,12,7,12,7,11,8,11,8,10,8,10,9,9,9,9,9,9,10,9,10,9,10,9,11,9,11,9,11,10,11,10,10,10,9,11,9,11,8,11,7,11,6,11,5,12,0,0,0,0,0,0,0,0,0,0,0,0,0,0,0,0,0,0,0,0,0,0,4,7,4,8,4,9,4,9,3,10,3,11,2,11,2,11,2,12,1,11,1,12,1,12,1,11,1,11,1,11,2,11,2,11,3,11,3,11,4,11,4,11,5,12,5,12,5,12,5,12,6,12]"
2025-08-18 22:33:53.904307,CSI_DATA,1364,1a:00:00:00:00:00,-42,11,0,0,0,0,0,0,0,0,0,-94,0,1,0,233147417,0,31,0,128,0,"[0,0,3,-14,3,-14,3,-14,3,-14,2,-14,2,-14,1,-14,1,-14,0,-13,0,-14,-1,-14,-1,-14,-1,-14,-2,-14,-2,-14,-2,-14,-2,-15,-1,-15,-1,-15,0,-15,0,-15,1,-15,1,-14,2,-14,3,-13,3,-13,0,0,0,0,0,0,0,0,0,0,0,0,0,0,0,0,0,0,0,0,0,0,1,-10,2,-10,2,-10,3,-10,4,-11,4,-10,5,-11,5,-10,6,-10,6,-10,6,-10,6,-10,6,-10,6,-10,6,-10,6,-10,5,-11,5,-11,5,-11,4,-12,4,-12,4,-13,3,-13,3,-13,3,-14,3,-14]"
2025-08-18 22:33:54.101370,CSI_DATA,1365,1a:00:00:00:00:00,-42,11,0,0,0,0,0,0,0,0,0,-94,0,1,0,233348662,0,31,0,128,0,"[0,0,-2,-14,-2,-14,-3,-14,-3,-14,-3,-14,-3,-14,-4,-13,-5,-13,-5,-13,-5,-13,-6,-13,-6,-13,-7,-12,-7,-13,-7,-13,-7,-13,-7,-14,-7,-14,-7,-14,-6,-14,-6,-14,-5,-14,-4,-14,-3,-14,-3,-13,-2,-13,0,0,0,0,0,0,0,0,0,0,0,0,0,0,0,0,0,0,0,0,0,0,-2,-9,-2,-10,-1,-10,-1,-11,0,-11,0,-12,1,-12,1,-12,2,-12,2,-12,2,-12,3,-12,2,-12,2,-12,2,-12,2,-12,1,-12,0,-12,0,-13,0,-13,-1,-13,-1,-13,-1,-14,-2,-14,-2,-14,-2,-14]"
2025-08-18 22:33:54.162878,CSI_DATA,1366,1a:00:00:00:00:00,-42,11,0,0,0,0,0,0,0,0,0,-94,0,1,0,233409434,0,42,0,128,0,"[0,0,-13,-7,-13,-7,-13,-7,-13,-7,-13,-6,-13,-6,-13,-6,-13,-5,-13,-4,-13,-3,-13,-3,-13,-3,-14,-3,-14,-2,-14,-2,-15,-2,-15,-3,-15,-3,-15,-3,-15,-4,-14,-4,-14,-5,-13,-5,-13,-6,-12,-6,-12,-7,0,0,0,0,0,0,0,0,0,0,0,0,0,0,0,0,0,0,0,0,0,0,-9,-4,-9,-5,-9,-6,-9,-6,-9,-7,-9,-8,-9,-8,-9,-8,-9,-9,-8,-9,-8,-9,-8,-9,-8,-9,-8,-9,-9,-9,-9,-9,-9,-9,-10,-8,-10,-8,-10,-8,-11,-8,-11,-8,-12,-7,-12,-7,-12,-7,-13,-7]"
2025-08-18 22:33:54.244729,CSI_DATA,1367,1a:00:00:00:00:00,-42,11,0,0,0,0,0,0,0,0,0,-94,0,1,0,233497688,0,31,0,128,0,"[0,0,14,-3,15,-4,13,-2,13,-4,11,-5,11,-2,13,-4,11,-6,12,-3,11,-6,9,-5,10,-5,10,-7,14,-4,11,-5,11,-8,12,-5,18,-12,13,-8,11,-11,14,1,14,-5,16,-6,15,1,11,1,10,-2,0,0,0,0,0,0,0,0,0,0,0,0,0,0,0,0,0,0,0,0,0,0,8,0,9,0,9,0,9,1,10,2,10,2,10,3,10,3,10,3,10,4,10,4,10,4,10,4,10,4,10,3,10,3,10,2,11,1,11,1,11,1,11,0,13,1,11,0,12,-1,13,0,14,-1]"
2025-08-18 22:33:54.452424,CSI_DATA,1368,1a:00:00:00:00:00,-42,11,0,0,0,0,0,0,0,0,0,-94,0,1,0,233696468,0,31,0,128,0,"[0,0,-3,-14,-3,-14,-3,-14,-3,-14,-4,-14,-4,-14,-4,-13,-5,-13,-5,-13,-5,-12,-6,-12,-7,-12,-7,-12,-7,-13,-7,-12,-7,-13,-7,-13,-7,-14,-7,-14,-6,-14,-6,-14,-5,-14,-4,-14,-4,-14,-3,-13,-2,-13,0,0,0,0,0,0,0,0,0,0,0,0,0,0,0,0,0,0,0,0,0,0,-3,-9,-2,-10,-2,-10,-1,-11,-1,-11,0,-12,0,-12,1,-12,1,-12,1,-12,2,-12,2,-12,1,-12,1,-12,1,-12,1,-12,0,-12,0,-12,0,-13,-1,-13,-1,-13,-1,-14,-2,-13,-2,-14,-3,-14,-3,-15]"
2025-08-18 22:33:54.647352,CSI_DATA,1369,1a:00:00:00:00:00,-42,11,0,0,0,0,0,0,0,0,0,-94,0,1,0,233897815,0,31,0,128,0,"[0,0,-13,6,-13,6,-13,6,-12,6,-12,7,-12,7,-11,7,-11,8,-11,8,-10,8,-10,8,-10,9,-10,9,-10,10,-10,10,-10,10,-10,10,-11,10,-11,10,-11,9,-12,9,-12,8,-12,7,-12,6,-12,6,-12,5,0,0,0,0,0,0,0,0,0,0,0,0,0,0,0,0,0,0,0,0,0,0,-8,4,-9,4,-9,4,-10,3,-11,3,-11,3,-12,2,-12,2,-12,2,-12,1,-12,1,-12,1,-12,1,-12,1,-12,1,-12,2,-12,2,-12,2,-12,3,-12,4,-12,4,-13,5,-13,5,-13,5,-13,5,-13,6]"
2025-08-18 22:33:54.851348,CSI_DATA,1370,1a:00:00:00:00:00,-42,11,0,0,0,0,0,0,0,0,0,-94,0,1,0,234098917,0,31,0,128,0,"[0,0,-2,-15,-2,-14,-2,-14,-2,-14,-3,-14,-3,-14,-3,-14,-4,-13,-4,-13,-5,-13,-6,-13,-6,-13,-6,-13,-7,-13,-6,-13,-7,-13,-7,-14,-6,-14,-6,-14,-5,-14,-5,-14,-4,-14,-3,-14,-3,-14,-2,-13,-1,-13,0,0,0,0,0,0,0,0,0,0,0,0,0,0,0,0,0,0,0,0,0,0,-2,-9,-2,-10,-1,-10,-1,-11,0,-11,1,-12,1,-12,1,-12,2,-12,2,-12,2,-12,2,-12,2,-12,2,-12,2,-12,2,-12,1,-12,1,-12,0,-13,0,-13,0,-13,0,-13,-1,-14,-1,-14,-2,-14,-2,-14]"
2025-08-18 22:33:55.050053,CSI_DATA,1371,1a:00:00:00:00:00,-42,11,0,0,0,0,0,0,0,0,0,-94,0,1,0,234300183,0,31,0,128,0,"[0,0,12,-7,12,-7,11,-7,11,-8,11,-8,11,-8,10,-9,10,-9,9,-9,9,-10,9,-10,9,-10,9,-10,8,-11,9,-11,9,-11,9,-11,9,-11,10,-11,10,-11,10,-10,10,-9,11,-9,11,-8,11,-7,11,-6,0,0,0,0,0,0,0,0,0,0,0,0,0,0,0,0,0,0,0,0,0,0,7,-5,8,-5,9,-5,9,-4,9,-4,10,-3,11,-3,11,-3,11,-3,11,-2,11,-2,11,-1,11,-2,11,-2,11,-2,11,-3,11,-3,11,-4,11,-4,11,-5,11,-5,11,-6,11,-6,12,-6,12,-6,12,-7]"
2025-08-18 22:33:55.244174,CSI_DATA,1372,1a:00:00:00:00:00,-42,11,0,0,0,0,0,0,0,0,0,-94,0,1,0,234501292,0,31,0,128,0,"[0,0,12,6,12,6,12,6,12,5,12,5,12,4,12,4,12,3,12,3,12,2,12,2,12,2,13,1,13,1,13,1,14,1,14,1,14,2,14,2,14,3,14,3,13,4,12,4,12,5,11,5,11,6,0,0,0,0,0,0,0,0,0,0,0,0,0,0,0,0,0,0,0,0,0,0,8,3,8,4,8,4,8,5,8,6,8,6,8,7,8,7,8,8,7,8,7,8,7,8,7,8,7,8,8,8,8,8,8,7,8,7,9,7,9,7,10,6,10,6,11,6,11,6,12,6,12,6]"
2025-08-18 22:33:55.451034,CSI_DATA,1373,1a:00:00:00:00:00,-42,11,0,0,0,0,0,0,0,0,0,-94,0,1,0,234702436,0,31,0,128,0,"[0,0,8,-13,7,-13,7,-13,7,-13,6,-14,6,-13,5,-14,4,-14,4,-14,4,-14,3,-14,3,-14,3,-14,2,-15,2,-15,2,-15,2,-15,3,-16,3,-16,3,-15,4,-15,5,-15,5,-14,6,-13,6,-13,7,-12,0,0,0,0,0,0,0,0,0,0,0,0,0,0,0,0,0,0,0,0,0,0,4,-9,5,-9,6,-9,7,-9,7,-9,8,-9,8,-9,9,-8,9,-8,9,-8,10,-7,10,-7,10,-8,9,-8,9,-8,9,-8,9,-9,8,-9,8,-10,8,-10,8,-11,8,-11,8,-12,8,-12,8,-12,8,-13]"
2025-08-18 22:33:55.662030,CSI_DATA,1374,1a:00:00:00:00:00,-42,11,0,0,0,0,0,0,0,0,0,-94,0,1,0,234905083,0,31,0,128,0,"[0,0,9,-11,9,-11,9,-11,8,-11,8,-11,8,-11,7,-11,7,-12,6,-12,6,-12,5,-12,5,-13,5,-13,4,-13,5,-13,5,-14,5,-14,5,-14,6,-14,6,-13,7,-13,7,-12,7,-12,7,-11,8,-10,9,-10,0,0,0,0,0,0,0,0,0,0,0,0,0,0,0,0,0,0,0,0,0,0,5,-8,6,-7,7,-7,7,-7,8,-7,9,-7,9,-6,9,-6,10,-6,10,-6,10,-6,10,-6,10,-6,10,-6,10,-6,9,-6,9,-6,9,-7,9,-8,9,-8,9,-9,9,-9,9,-10,9,-10,9,-10,9,-10]"
2025-08-18 22:33:55.712124,CSI_DATA,1375,1a:00:00:00:00:00,-42,11,0,0,0,0,0,0,0,0,0,-94,0,1,0,234964427,0,42,0,128,0,"[0,0,-9,10,-9,10,-8,10,-8,11,-7,11,-7,11,-7,11,-6,11,-6,11,-5,11,-5,12,-5,11,-4,12,-4,12,-4,12,-4,13,-4,13,-6,13,-6,13,-6,12,-7,12,-7,11,-7,11,-7,11,-8,10,-8,9,0,0,0,0,0,0,0,0,0,0,0,0,0,0,0,0,0,0,0,0,0,0,-5,7,-6,7,-7,7,-7,7,-8,7,-8,7,-9,7,-9,6,-10,6,-10,6,-10,6,-10,6,-10,6,-10,6,-10,6,-9,6,-9,7,-9,7,-9,8,-9,8,-9,8,-9,9,-8,9,-8,10,-8,10,-9,10]"
2025-08-18 22:33:55.770109,CSI_DATA,1376,1a:00:00:00:00:00,-42,11,0,0,0,0,0,0,0,0,0,-94,0,1,0,235013144,0,31,0,128,0,"[0,0,8,11,9,10,8,10,9,10,9,9,9,9,9,9,9,8,10,8,10,7,10,7,11,7,11,7,11,7,12,7,12,7,12,7,12,7,12,8,11,8,10,9,10,9,9,9,8,10,8,10,7,10,0,0,0,0,0,0,0,0,0,0,0,0,0,0,0,0,0,0,0,0,0,0,6,6,6,6,6,7,5,8,5,8,5,9,5,10,4,10,4,10,4,10,4,10,3,11,3,10,4,10,4,10,4,10,5,10,5,10,5,10,6,10,6,10,7,10,7,10,8,10,8,10,8,10]"
2025-08-18 22:33:55.969074,CSI_DATA,1377,1a:00:00:00:00:00,-42,11,0,0,0,0,0,0,0,0,0,-94,0,1,0,235214274,0,31,0,128,0,"[0,0,-6,-14,-6,-14,-6,-14,-6,-14,-7,-14,-7,-13,-7,-13,-7,-13,-8,-12,-9,-12,-9,-12,-10,-11,-10,-11,-10,-11,-10,-11,-11,-11,-10,-12,-10,-12,-10,-13,-10,-13,-9,-13,-8,-13,-8,-13,-7,-13,-6,-13,-5,-13,0,0,0,0,0,0,0,0,0,0,0,0,0,0,0,0,0,0,0,0,0,0,-5,-9,-4,-10,-4,-10,-3,-11,-3,-11,-2,-12,-2,-12,-1,-13,-1,-13,-1,-13,-1,-13,0,-13,-1,-13,-1,-13,-1,-13,-2,-12,-2,-13,-2,-13,-3,-13,-3,-13,-4,-13,-4,-14,-5,-14,-5,-14,-5,-14,-6,-14]"
2025-08-18 22:33:56.168282,CSI_DATA,1378,1a:00:00:00:00:00,-42,11,0,0,0,0,0,0,0,0,0,-94,0,1,0,235415454,0,31,0,128,0,"[0,0,-15,-3,-14,-3,-14,-2,-14,-2,-14,-2,-14,-1,-14,-1,-14,0,-14,0,-13,1,-13,1,-13,2,-14,2,-14,2,-14,2,-15,2,-14,2,-15,2,-15,2,-15,1,-15,1,-15,0,-14,-1,-14,-2,-13,-2,-13,-3,0,0,0,0,0,0,0,0,0,0,0,0,0,0,0,0,0,0,0,0,0,0,-10,-1,-10,-2,-10,-2,-11,-3,-11,-3,-11,-4,-11,-5,-11,-5,-11,-6,-11,-6,-11,-6,-11,-6,-11,-6,-11,-6,-11,-6,-11,-5,-11,-5,-11,-4,-12,-4,-12,-4,-13,-4,-13,-3,-13,-3,-14,-3,-14,-3,-14,-3]"
2025-08-18 22:33:56.369892,CSI_DATA,1379,1a:00:00:00:00:00,-42,11,0,0,0,0,0,0,0,0,0,-94,0,1,0,235616608,0,31,0,128,0,"[0,0,-14,-6,-13,-6,-13,-6,-13,-5,-13,-5,-13,-5,-13,-5,-13,-4,-13,-4,-13,-3,-13,-2,-14,-1,-14,-1,-14,-1,-14,-1,-15,-1,-15,-1,-15,-2,-15,-2,-15,-3,-15,-4,-14,-4,-14,-4,-13,-5,-13,-5,-12,-6,0,0,0,0,0,0,0,0,0,0,0,0,0,0,0,0,0,0,0,0,0,0,-9,-3,-9,-4,-9,-5,-10,-5,-10,-6,-10,-6,-9,-7,-9,-8,-9,-8,-9,-8,-9,-8,-9,-8,-9,-8,-9,-8,-9,-8,-9,-8,-10,-8,-10,-7,-11,-7,-11,-7,-11,-7,-12,-7,-13,-6,-13,-6,-13,-6,-13,-6]"
2025-08-18 22:33:56.566919,CSI_DATA,1380,1a:00:00:00:00:00,-42,11,0,0,0,0,0,0,0,0,0,-94,0,1,0,235817769,0,31,0,128,0,"[0,0,-12,8,-11,8,-11,8,-11,8,-11,8,-10,9,-10,9,-9,9,-9,9,-9,10,-8,10,-8,10,-8,11,-8,11,-7,11,-8,12,-8,12,-9,12,-9,11,-10,11,-10,10,-10,10,-10,9,-10,9,-10,8,-11,7,0,0,0,0,0,0,0,0,0,0,0,0,0,0,0,0,0,0,0,0,0,0,-8,5,-8,5,-9,5,-10,5,-10,4,-11,4,-11,3,-12,3,-11,3,-12,2,-12,2,-12,2,-12,2,-12,3,-11,3,-11,3,-11,4,-11,4,-11,4,-12,5,-11,5,-11,6,-12,7,-12,7,-12,7,-12,8]"
2025-08-18 22:33:56.767017,CSI_DATA,1381,1a:00:00:00:00:00,-42,11,0,0,0,0,0,0,0,0,0,-94,0,1,0,236018931,0,31,0,128,0,"[0,0,9,-11,9,-11,9,-11,8,-11,8,-12,8,-11,7,-12,7,-12,6,-12,6,-12,6,-12,5,-12,5,-13,5,-14,5,-13,5,-14,5,-14,6,-14,5,-14,6,-14,6,-13,7,-13,7,-12,8,-11,8,-10,9,-10,0,0,0,0,0,0,0,0,0,0,0,0,0,0,0,0,0,0,0,0,0,0,5,-7,6,-7,7,-7,8,-7,8,-7,9,-7,9,-6,10,-6,10,-6,10,-5,10,-5,10,-5,10,-5,10,-5,10,-6,9,-6,10,-7,9,-7,9,-8,9,-8,9,-8,9,-9,9,-9,9,-10,9,-10,10,-11]"
2025-08-18 22:33:56.975280,CSI_DATA,1382,1a:00:00:00:00:00,-42,11,0,0,0,0,0,0,0,0,0,-94,0,1,0,236220338,0,31,0,128,0,"[0,0,-9,-12,-9,-11,-9,-12,-9,-11,-10,-11,-10,-10,-10,-10,-10,-9,-11,-9,-11,-8,-11,-8,-12,-8,-12,-8,-12,-8,-12,-8,-13,-8,-12,-8,-13,-9,-13,-9,-12,-9,-12,-10,-11,-10,-10,-10,-10,-11,-9,-11,-8,-11,0,0,0,0,0,0,0,0,0,0,0,0,0,0,0,0,0,0,0,0,0,0,-7,-7,-7,-8,-6,-8,-6,-9,-6,-9,-6,-10,-5,-11,-5,-11,-5,-11,-4,-11,-4,-12,-4,-12,-4,-11,-4,-12,-5,-11,-5,-11,-5,-11,-6,-11,-6,-11,-7,-11,-7,-11,-8,-11,-8,-11,-9,-11,-9,-11,-9,-11]"
2025-08-18 22:33:57.182776,CSI_DATA,1383,1a:00:00:00:00:00,-42,11,0,0,0,0,0,0,0,0,0,-94,0,1,0,236421411,0,31,0,128,0,"[0,0,-1,14,0,14,0,14,1,13,1,14,1,13,1,13,2,13,3,13,3,12,4,12,4,12,5,12,5,13,5,13,5,13,5,13,5,14,5,14,4,14,3,14,3,14,2,13,1,13,1,13,0,13,0,0,0,0,0,0,0,0,0,0,0,0,0,0,0,0,0,0,0,0,0,0,0,9,0,9,-1,10,-2,10,-2,10,-3,11,-4,11,-4,11,-4,11,-5,11,-5,11,-5,11,-5,11,-4,11,-4,11,-4,11,-4,11,-3,11,-3,12,-2,12,-2,12,-1,13,-1,13,-1,14,-1,14,0,14]"
2025-08-18 22:33:57.230788,CSI_DATA,1384,1a:00:00:00:00:00,-42,11,0,0,0,0,0,0,0,0,0,-94,0,1,0,236482197,0,42,0,128,0,"[0,0,9,-11,9,-11,8,-11,8,-11,8,-12,7,-12,6,-12,6,-12,6,-12,5,-12,5,-13,4,-13,4,-13,4,-13,4,-14,4,-14,4,-14,5,-14,5,-14,5,-14,6,-14,6,-13,7,-13,7,-12,7,-11,8,-10,0,0,0,0,0,0,0,0,0,0,0,0,0,0,0,0,0,0,0,0,0,0,5,-7,6,-7,7,-7,7,-7,8,-7,9,-7,9,-7,9,-7,10,-6,10,-6,10,-6,10,-5,10,-6,10,-6,10,-6,10,-6,9,-7,9,-7,9,-8,9,-8,9,-9,9,-10,9,-10,9,-10,9,-10,9,-11]"
2025-08-18 22:33:57.296786,CSI_DATA,1385,1a:00:00:00:00:00,-42,11,0,0,0,0,0,0,0,0,0,-94,0,1,0,236548595,0,31,0,128,0,"[0,0,13,-1,14,-2,13,-2,14,-3,13,-3,13,-3,12,-4,12,-4,12,-4,12,-5,12,-6,11,-6,11,-6,11,-7,12,-7,12,-7,13,-7,12,-7,13,-7,13,-6,13,-5,13,-5,13,-4,13,-3,12,-3,12,-2,0,0,0,0,0,0,0,0,0,0,0,0,0,0,0,0,0,0,0,0,0,0,9,-2,9,-1,10,-1,9,0,11,0,10,1,11,1,11,2,11,2,11,3,11,3,11,3,10,3,10,2,10,2,11,2,11,1,12,1,11,0,12,0,12,0,12,-1,13,-1,13,-1,13,-1,13,-2]"
2025-08-18 22:33:57.509502,CSI_DATA,1386,1a:00:00:00:00:00,-42,11,0,0,0,0,0,0,0,0,0,-94,0,1,0,236750688,0,31,0,128,0,"[0,0,10,-6,7,-9,11,-8,9,-10,7,-10,9,-8,9,-7,10,-11,7,-10,7,-10,10,-11,8,-11,6,-10,10,-11,8,-10,7,-11,5,-11,11,-6,8,-10,9,-8,11,-18,7,-13,11,-14,17,-8,12,-4,8,-8,0,0,0,0,0,0,0,0,0,0,0,0,0,0,0,0,0,0,0,0,0,0,7,-5,7,-5,8,-5,8,-4,9,-4,9,-4,10,-3,10,-3,11,-3,10,-2,10,-2,10,-2,10,-2,10,-3,10,-3,10,-3,10,-3,10,-5,10,-5,10,-5,10,-5,11,-6,10,-6,11,-7,10,-7,10,-8]"
2025-08-18 22:33:57.704766,CSI_DATA,1387,1a:00:00:00:00:00,-42,11,0,0,0,0,0,0,0,0,0,-94,0,1,0,236950838,0,31,0,128,0,"[0,0,-12,-9,-12,-8,-12,-8,-12,-8,-12,-8,-12,-7,-12,-7,-12,-6,-12,-6,-13,-5,-13,-4,-13,-4,-13,-4,-14,-4,-14,-3,-15,-4,-15,-4,-15,-4,-15,-5,-14,-5,-14,-6,-13,-6,-13,-7,-13,-7,-12,-7,-11,-8,0,0,0,0,0,0,0,0,0,0,0,0,0,0,0,0,0,0,0,0,0,0,-8,-5,-8,-6,-8,-7,-8,-8,-8,-8,-8,-9,-8,-9,-7,-10,-7,-10,-7,-10,-7,-10,-7,-10,-7,-10,-7,-10,-7,-10,-7,-10,-8,-10,-9,-9,-9,-9,-9,-9,-10,-9,-10,-9,-11,-9,-11,-9,-11,-9,-12,-9]"
2025-08-18 22:33:57.901129,CSI_DATA,1388,1a:00:00:00:00:00,-42,11,0,0,0,0,0,0,0,0,0,-94,0,1,0,237151996,0,31,0,128,0,"[0,0,12,-5,12,-5,12,-5,12,-6,11,-6,11,-6,11,-6,11,-7,10,-7,10,-8,10,-7,10,-8,10,-9,10,-9,10,-9,10,-9,10,-9,11,-8,12,-8,11,-7,12,-7,12,-7,12,-6,12,-5,11,-4,12,-4,0,0,0,0,0,0,0,0,0,0,0,0,0,0,0,0,0,0,0,0,0,0,7,-5,8,-4,9,-4,9,-4,9,-3,10,-3,10,-2,11,-2,11,-1,11,-1,11,-1,11,-1,11,-1,11,-1,10,-1,11,-1,10,-2,11,-3,11,-3,11,-3,11,-4,12,-4,12,-4,12,-5,12,-5,12,-5]"
2025-08-18 22:33:58.104835,CSI_DATA,1389,1a:00:00:00:00:00,-42,11,0,0,0,0,0,0,0,0,0,-94,0,1,0,237355757,0,31,0,128,0,"[0,0,-12,8,-12,7,-12,8,-11,8,-11,9,-11,8,-11,8,-10,9,-10,9,-9,9,-9,10,-9,10,-9,10,-9,11,-8,10,-9,11,-9,11,-10,11,-10,11,-11,10,-11,10,-11,9,-11,8,-11,8,-11,7,-12,6,0,0,0,0,0,0,0,0,0,0,0,0,0,0,0,0,0,0,0,0,0,0,-7,6,-8,6,-8,5,-9,5,-9,5,-11,5,-11,4,-11,4,-12,3,-11,3,-12,3,-12,3,-12,3,-12,3,-12,3,-11,3,-11,4,-11,4,-12,5,-11,5,-11,6,-12,6,-11,6,-12,7,-12,7,-12,8]"
2025-08-18 22:33:58.303418,CSI_DATA,1390,1a:00:00:00:00:00,-42,11,0,0,0,0,0,0,0,0,0,-94,0,1,0,237554438,0,31,0,128,0,"[0,0,13,-5,13,-5,13,-5,12,-6,12,-6,12,-6,11,-6,11,-7,11,-7,10,-8,10,-8,10,-8,10,-9,10,-9,10,-10,10,-10,10,-10,11,-10,11,-9,12,-9,12,-8,12,-8,12,-7,12,-6,12,-5,12,-5,0,0,0,0,0,0,0,0,0,0,0,0,0,0,0,0,0,0,0,0,0,0,8,-4,9,-3,9,-3,10,-2,10,-2,11,-1,11,-1,11,-1,11,0,11,0,11,0,11,1,11,0,11,0,11,0,11,-1,11,-1,11,-2,12,-2,12,-3,12,-3,12,-3,12,-4,12,-4,13,-4,13,-4]"
2025-08-18 22:33:58.502853,CSI_DATA,1391,1a:00:00:00:00:00,-42,11,0,0,0,0,0,0,0,0,0,-94,0,1,0,237755581,0,31,0,128,0,"[0,0,-3,13,-3,13,-3,13,-3,13,-2,13,-2,13,-2,13,-1,13,-1,13,0,12,1,13,1,13,1,13,2,13,2,13,2,13,2,14,1,14,1,14,0,14,0,14,-1,14,-1,13,-2,13,-3,12,-3,12,0,0,0,0,0,0,0,0,0,0,0,0,0,0,0,0,0,0,0,0,0,0,-2,8,-2,9,-3,9,-4,9,-4,9,-5,10,-6,10,-6,10,-6,10,-7,9,-7,10,-7,9,-7,9,-7,9,-6,9,-6,10,-6,10,-5,10,-5,11,-5,11,-5,11,-4,12,-4,12,-4,13,-4,13,-4,13]"
2025-08-18 22:33:58.720475,CSI_DATA,1392,1a:00:00:00:00:00,-42,11,0,0,0,0,0,0,0,0,0,-94,0,1,0,237956722,0,31,0,128,0,"[0,0,0,-15,0,-15,0,-15,0,-15,-1,-15,-1,-14,-1,-14,-2,-14,-2,-14,-3,-14,-4,-14,-4,-14,-4,-14,-5,-14,-5,-14,-5,-14,-5,-15,-4,-15,-4,-16,-3,-15,-2,-15,-2,-15,-1,-15,-1,-15,0,-14,1,-14,0,0,0,0,0,0,0,0,0,0,0,0,0,0,0,0,0,0,0,0,0,0,-1,-10,-1,-10,0,-11,1,-11,1,-11,2,-12,3,-12,3,-12,4,-12,4,-12,4,-12,4,-11,4,-12,3,-12,4,-12,3,-12,3,-12,3,-12,2,-13,2,-13,2,-13,2,-14,1,-14,0,-14,0,-15,1,-15]"
2025-08-18 22:33:58.767607,CSI_DATA,1393,1a:00:00:00:00:00,-42,11,0,0,0,0,0,0,0,0,0,-94,0,1,0,238017502,0,42,0,128,0,"[0,0,12,-7,12,-8,11,-8,11,-8,11,-8,10,-8,10,-9,10,-9,9,-9,9,-10,9,-10,8,-11,8,-11,8,-11,9,-12,8,-11,9,-12,9,-11,10,-11,10,-11,10,-10,10,-9,11,-9,11,-8,11,-7,11,-6,0,0,0,0,0,0,0,0,0,0,0,0,0,0,0,0,0,0,0,0,0,0,7,-6,7,-6,8,-5,8,-5,9,-5,10,-4,10,-4,11,-3,11,-3,11,-3,11,-3,11,-2,11,-3,11,-3,11,-3,11,-3,10,-4,11,-4,10,-5,11,-5,11,-5,11,-6,11,-6,11,-7,12,-7,11,-7]"
2025-08-18 22:33:58.834673,CSI_DATA,1394,1a:00:00:00:00:00,-42,11,0,0,0,0,0,0,0,0,0,-94,0,1,0,238084714,0,31,0,128,0,"[0,0,-13,4,-14,5,-13,4,-13,5,-13,5,-12,6,-12,6,-12,6,-12,6,-11,7,-11,7,-11,8,-11,8,-11,9,-11,9,-11,9,-12,9,-12,9,-12,9,-12,8,-12,8,-13,7,-13,6,-13,5,-13,4,-13,4,0,0,0,0,0,0,0,0,0,0,0,0,0,0,0,0,0,0,0,0,0,0,-9,3,-9,3,-10,2,-10,2,-11,2,-11,1,-12,1,-12,0,-12,0,-12,0,-12,-1,-12,-1,-12,-1,-12,-1,-12,0,-12,0,-12,1,-12,1,-12,1,-13,2,-12,3,-13,3,-13,4,-13,4,-13,4,-13,4]"
2025-08-18 22:33:59.236445,CSI_DATA,1395,1a:00:00:00:00:00,-42,11,0,0,0,0,0,0,0,0,0,-94,0,1,0,238285881,0,31,0,128,0,"[0,0,-7,-13,-8,-13,-8,-12,-8,-12,-8,-12,-8,-11,-8,-11,-9,-11,-9,-10,-10,-10,-10,-10,-10,-9,-11,-9,-11,-9,-11,-9,-11,-10,-11,-10,-11,-10,-11,-11,-11,-11,-10,-11,-9,-12,-8,-12,-8,-12,-7,-12,-6,-12,0,0,0,0,0,0,0,0,0,0,0,0,0,0,0,0,0,0,0,0,0,0,-6,-8,-6,-8,-5,-9,-5,-10,-5,-10,-4,-11,-4,-11,-4,-12,-3,-12,-3,-12,-3,-12,-3,-12,-3,-12,-3,-12,-3,-12,-3,-12,-4,-12,-4,-11,-5,-12,-5,-12,-6,-12,-6,-12,-7,-12,-7,-12,-7,-12,-7,-12]"
2025-08-18 22:33:59.242649,CSI_DATA,1396,1a:00:00:00:00:00,-42,11,0,0,0,0,0,0,0,0,0,-94,0,1,0,238487238,0,31,0,128,0,"[0,0,13,-4,13,-5,13,-5,12,-5,12,-6,12,-6,11,-6,11,-7,11,-7,11,-7,10,-8,10,-9,10,-9,10,-9,10,-9,11,-9,11,-9,11,-9,12,-9,12,-8,12,-8,12,-7,12,-6,12,-6,12,-5,12,-4,0,0,0,0,0,0,0,0,0,0,0,0,0,0,0,0,0,0,0,0,0,0,8,-4,9,-3,9,-3,10,-3,10,-2,10,-2,11,-1,11,-1,11,0,11,0,11,0,11,0,11,0,11,0,11,0,11,0,11,-1,11,-2,11,-2,12,-2,12,-3,12,-3,12,-4,12,-4,13,-4,13,-5]"
2025-08-18 22:33:59.443704,CSI_DATA,1397,1a:00:00:00:00:00,-42,11,0,0,0,0,0,0,0,0,0,-94,0,1,0,238688294,0,31,0,128,0,"[0,0,-6,-13,-6,-14,-6,-13,-6,-13,-6,-13,-7,-12,-7,-12,-8,-12,-8,-11,-8,-11,-9,-11,-9,-11,-9,-11,-10,-10,-10,-10,-10,-11,-11,-11,-10,-11,-11,-11,-10,-12,-10,-12,-9,-12,-8,-12,-7,-12,-6,-12,-6,-12,0,0,0,0,0,0,0,0,0,0,0,0,0,0,0,0,0,0,0,0,0,0,-4,-9,-4,-9,-3,-10,-3,-11,-2,-11,-2,-12,-2,-12,-1,-12,-1,-12,-1,-12,0,-12,0,-12,0,-12,0,-12,-1,-12,-1,-12,-2,-12,-2,-12,-3,-12,-3,-12,-4,-13,-4,-13,-5,-13,-5,-13,-5,-13,-5,-13]"
2025-08-18 22:33:59.641231,CSI_DATA,1398,1a:00:00:00:00:00,-42,11,0,0,0,0,0,0,0,0,0,-94,0,1,0,238889454,0,31,0,128,0,"[0,0,1,-14,0,-14,0,-14,0,-14,-1,-14,-1,-14,-1,-14,-2,-14,-2,-13,-3,-13,-3,-14,-4,-13,-4,-13,-5,-14,-5,-14,-5,-14,-4,-15,-4,-15,-4,-15,-3,-15,-3,-15,-2,-15,-1,-14,-1,-14,0,-13,1,-13,0,0,0,0,0,0,0,0,0,0,0,0,0,0,0,0,0,0,0,0,0,0,-1,-10,0,-10,0,-10,1,-11,1,-11,2,-11,3,-12,3,-11,3,-11,4,-11,4,-11,4,-11,4,-11,4,-11,4,-11,3,-11,3,-11,2,-12,2,-12,2,-13,2,-13,1,-13,1,-14,1,-14,1,-14,1,-14]"
2025-08-18 22:33:59.843438,CSI_DATA,1399,1a:00:00:00:00:00,-42,11,0,0,0,0,0,0,0,0,0,-94,0,1,0,239090612,0,31,0,128,0,"[0,0,-15,-1,-14,-1,-15,-1,-14,0,-14,0,-14,0,-14,1,-13,1,-13,2,-13,2,-13,2,-13,3,-13,3,-14,4,-14,4,-14,4,-14,4,-15,3,-15,3,-15,3,-15,2,-15,1,-14,1,-14,0,-14,-1,-13,-2,0,0,0,0,0,0,0,0,0,0,0,0,0,0,0,0,0,0,0,0,0,0,-10,0,-10,0,-10,-1,-11,-2,-11,-2,-11,-3,-11,-4,-12,-4,-12,-4,-11,-5,-11,-5,-11,-5,-11,-5,-11,-5,-11,-4,-11,-4,-12,-4,-12,-3,-12,-3,-13,-3,-13,-2,-13,-2,-14,-2,-14,-1,-14,-1,-14,-1]"
2025-08-18 22:34:00.041605,CSI_DATA,1400,1a:00:00:00:00:00,-42,11,0,0,0,0,0,0,0,0,0,-94,0,1,0,239291847,0,31,0,128,0,"[0,0,-15,5,-14,5,-14,5,-14,5,-13,6,-13,6,-13,6,-13,7,-12,7,-12,8,-12,8,-11,9,-11,9,-11,9,-11,10,-11,10,-12,10,-12,10,-13,9,-13,9,-13,8,-13,8,-13,7,-13,6,-13,5,-13,4,0,0,0,0,0,0,0,0,0,0,0,0,0,0,0,0,0,0,0,0,0,0,-9,4,-10,3,-11,3,-11,2,-12,2,-12,1,-13,1,-13,1,-13,0,-13,0,-13,0,-13,0,-13,0,-13,0,-12,0,-13,0,-13,1,-13,1,-13,2,-13,2,-13,3,-14,3,-14,4,-14,5,-14,4,-14,5]"
2025-08-18 22:34:00.296003,CSI_DATA,1401,1a:00:00:00:00:00,-42,11,0,0,0,0,0,0,0,0,0,-94,0,1,0,239492960,0,31,0,128,0,"[0,0,10,10,9,9,9,9,10,9,10,8,10,8,10,8,10,7,11,7,11,6,11,6,11,5,12,5,12,5,12,5,13,5,13,5,13,6,12,6,12,7,12,7,11,8,11,8,10,8,9,8,8,9,0,0,0,0,0,0,0,0,0,0,0,0,0,0,0,0,0,0,0,0,0,0,7,5,7,6,6,7,6,7,6,8,6,8,6,9,5,10,5,10,5,10,5,10,4,10,5,10,5,10,5,10,5,10,6,9,6,9,7,9,7,9,7,9,8,9,9,9,9,9,9,9,10,9]"
2025-08-18 22:34:00.301198,CSI_DATA,1402,1a:00:00:00:00:00,-42,11,0,0,0,0,0,0,0,0,0,-94,0,1,0,239553789,0,42,0,128,0,"[0,0,13,5,12,5,12,4,13,4,12,4,12,3,12,3,12,3,12,2,13,1,13,1,13,0,13,0,13,0,14,0,14,0,14,0,14,0,14,1,14,1,14,2,13,2,13,3,13,3,12,4,11,4,0,0,0,0,0,0,0,0,0,0,0,0,0,0,0,0,0,0,0,0,0,0,8,2,8,3,9,4,8,4,9,5,8,6,9,7,8,7,8,7,8,8,8,8,8,8,8,8,8,7,8,7,8,7,9,7,9,6,10,6,10,6,10,6,11,6,12,5,12,5,12,5,12,5]"
2025-08-18 22:34:00.367304,CSI_DATA,1403,1a:00:00:00:00:00,-42,11,0,0,0,0,0,0,0,0,0,-94,0,1,0,239620274,0,31,0,128,0,"[0,0,14,0,13,0,13,0,14,-1,13,-1,13,-1,13,-1,13,-2,13,-2,13,-3,12,-4,12,-4,12,-4,12,-4,13,-5,13,-5,13,-4,14,-4,14,-4,14,-3,14,-2,14,-2,13,-1,13,-1,13,0,12,1,0,0,0,0,0,0,0,0,0,0,0,0,0,0,0,0,0,0,0,0,0,0,8,-2,9,-1,9,0,10,0,10,1,10,1,11,2,11,3,11,3,11,4,11,4,10,4,10,3,10,3,10,3,10,3,11,2,11,2,11,2,12,2,12,1,12,1,13,1,13,0,13,0,14,0]"
2025-08-18 22:34:00.587902,CSI_DATA,1404,1a:00:00:00:00:00,-42,11,0,0,0,0,0,0,0,0,0,-94,0,1,0,239821348,0,31,0,128,0,"[0,0,-13,-6,-14,-6,-13,-5,-14,-6,-13,-5,-13,-5,-13,-4,-13,-4,-13,-3,-14,-3,-14,-3,-14,-2,-14,-2,-14,-1,-15,-1,-14,-1,-15,-2,-15,-2,-15,-2,-15,-3,-15,-3,-14,-4,-14,-5,-13,-5,-13,-6,-12,-6,0,0,0,0,0,0,0,0,0,0,0,0,0,0,0,0,0,0,0,0,0,0,-9,-3,-9,-4,-10,-5,-9,-5,-10,-6,-9,-6,-10,-7,-9,-8,-9,-8,-9,-9,-9,-9,-9,-9,-9,-9,-9,-8,-9,-8,-10,-8,-9,-7,-10,-8,-10,-7,-11,-7,-11,-7,-12,-7,-13,-7,-13,-6,-13,-6,-13,-6]"
2025-08-18 22:34:00.773579,CSI_DATA,1405,1a:00:00:00:00:00,-42,11,0,0,0,0,0,0,0,0,0,-94,0,1,0,240022503,0,31,0,128,0,"[0,0,2,-14,1,-14,1,-14,1,-14,0,-14,0,-14,0,-14,-1,-14,-1,-14,-2,-13,-3,-13,-3,-14,-3,-14,-4,-14,-4,-14,-4,-14,-4,-15,-3,-15,-3,-15,-2,-15,-1,-15,-1,-15,0,-14,0,-14,1,-13,2,-13,0,0,0,0,0,0,0,0,0,0,0,0,0,0,0,0,0,0,0,0,0,0,0,-9,0,-10,1,-10,2,-11,2,-11,3,-11,4,-11,4,-11,4,-11,5,-11,5,-11,5,-11,5,-11,5,-11,5,-11,4,-11,4,-11,3,-12,3,-12,3,-12,3,-13,2,-13,2,-13,2,-14,2,-14,1,-14]"
2025-08-18 22:34:00.970834,CSI_DATA,1406,1a:00:00:00:00:00,-42,11,0,0,0,0,0,0,0,0,0,-94,0,1,0,240223707,0,31,0,128,0,"[0,0,8,-12,7,-12,7,-13,6,-12,6,-13,6,-12,5,-12,5,-12,4,-13,4,-13,3,-13,3,-13,2,-14,2,-14,2,-14,2,-15,3,-15,3,-15,4,-15,4,-14,5,-14,5,-14,5,-13,5,-13,6,-12,7,-11,0,0,0,0,0,0,0,0,0,0,0,0,0,0,0,0,0,0,0,0,0,0,4,-8,5,-9,5,-8,6,-8,7,-8,8,-8,8,-8,9,-8,9,-8,9,-7,9,-7,9,-7,9,-7,9,-7,9,-8,8,-8,8,-8,8,-9,8,-9,8,-10,8,-10,8,-10,7,-11,7,-12,7,-12,7,-12]"
2025-08-18 22:34:01.174405,CSI_DATA,1407,1a:00:00:00:00:00,-42,11,0,0,0,0,0,0,0,0,0,-94,0,1,0,240424935,0,31,0,128,0,"[0,0,12,-8,11,-8,11,-8,11,-8,11,-9,10,-9,10,-9,9,-9,9,-9,9,-10,9,-10,8,-11,8,-11,8,-11,8,-12,8,-12,8,-12,9,-12,9,-11,10,-11,10,-10,10,-10,10,-9,11,-8,11,-7,11,-7,0,0,0,0,0,0,0,0,0,0,0,0,0,0,0,0,0,0,0,0,0,0,7,-6,7,-6,8,-6,9,-5,9,-5,10,-5,10,-4,10,-4,11,-4,11,-3,11,-3,11,-3,11,-3,11,-3,11,-4,10,-4,10,-4,10,-5,11,-5,11,-6,11,-6,11,-7,11,-7,11,-7,11,-7,12,-8]"
2025-08-18 22:34:01.372923,CSI_DATA,1408,1a:00:00:00:00:00,-42,11,0,0,0,0,0,0,0,0,0,-94,0,1,0,240626054,0,31,0,128,0,"[0,0,-5,13,-5,13,-5,13,-4,13,-4,13,-4,13,-3,12,-3,13,-2,12,-1,12,-1,13,-1,13,0,13,0,13,0,13,0,14,0,14,-1,14,-1,14,-2,14,-3,14,-3,13,-3,13,-4,13,-4,12,-5,12,0,0,0,0,0,0,0,0,0,0,0,0,0,0,0,0,0,0,0,0,0,0,-3,8,-3,9,-4,9,-5,9,-5,9,-6,9,-7,9,-7,9,-8,9,-8,9,-8,9,-8,8,-8,9,-8,9,-7,9,-7,9,-7,9,-6,9,-6,10,-6,10,-6,11,-6,11,-5,12,-5,12,-5,12,-5,13]"
2025-08-18 22:34:01.578046,CSI_DATA,1409,1a:00:00:00:00:00,-42,11,0,0,0,0,0,0,0,0,0,-94,0,1,0,240827407,0,31,0,128,0,"[0,0,12,-8,11,-8,11,-9,11,-8,11,-9,11,-8,10,-8,10,-9,9,-9,8,-10,8,-10,8,-11,8,-11,8,-12,8,-11,9,-12,8,-11,10,-12,10,-11,10,-11,11,-10,11,-9,10,-9,11,-8,11,-8,11,-7,0,0,0,0,0,0,0,0,0,0,0,0,0,0,0,0,0,0,0,0,0,0,6,-6,7,-6,8,-6,9,-6,9,-5,10,-5,10,-4,10,-4,11,-3,10,-3,11,-4,11,-3,11,-3,11,-4,11,-4,10,-4,11,-4,10,-5,11,-5,11,-6,11,-6,11,-6,10,-7,11,-8,11,-8,12,-8]"
2025-08-18 22:34:01.774260,CSI_DATA,1410,1a:00:00:00:00:00,-42,11,0,0,0,0,0,0,0,0,0,-94,0,1,0,241028489,0,31,0,128,0,"[0,0,1,14,1,13,1,13,2,13,2,13,2,13,3,12,3,12,3,12,4,12,4,12,5,12,5,12,5,12,6,12,6,12,5,13,5,13,5,13,5,13,4,14,3,13,2,13,1,13,1,13,0,12,0,0,0,0,0,0,0,0,0,0,0,0,0,0,0,0,0,0,0,0,0,0,1,8,1,9,0,9,0,10,0,10,-1,11,-1,11,-2,11,-2,11,-3,11,-3,11,-4,11,-3,11,-3,11,-3,11,-3,11,-2,11,-2,11,-1,12,0,12,0,12,0,12,0,13,0,13,0,13,1,13]"
2025-08-18 22:34:01.833282,CSI_DATA,1411,1a:00:00:00:00:00,-42,11,0,0,0,0,0,0,0,0,0,-94,0,1,0,241089253,0,42,0,128,0,"[0,0,10,10,10,10,10,10,11,9,11,9,10,9,11,8,11,8,11,7,12,6,12,6,12,6,12,6,13,5,13,5,13,6,13,6,13,7,13,7,13,8,12,8,12,8,11,9,10,9,10,9,9,9,0,0,0,0,0,0,0,0,0,0,0,0,0,0,0,0,0,0,0,0,0,0,7,6,7,6,7,7,7,8,6,8,6,9,6,10,6,10,5,10,5,11,5,11,5,11,5,10,5,10,5,10,5,10,6,10,6,10,7,10,7,10,8,10,8,10,9,10,9,10,9,10,10,10]"
2025-08-18 22:34:01.910456,CSI_DATA,1412,1a:00:00:00:00:00,-42,11,0,0,0,0,0,0,0,0,0,-94,0,1,0,241157049,0,31,0,128,0,"[0,0,-13,-8,-12,-8,-13,-7,-13,-7,-13,-7,-13,-6,-13,-6,-13,-5,-13,-5,-13,-4,-13,-4,-14,-3,-14,-3,-14,-3,-14,-3,-15,-3,-15,-3,-15,-3,-15,-4,-15,-5,-14,-5,-14,-6,-13,-6,-13,-6,-12,-7,-11,-7,0,0,0,0,0,0,0,0,0,0,0,0,0,0,0,0,0,0,0,0,0,0,-9,-5,-9,-5,-9,-6,-9,-7,-9,-7,-9,-8,-8,-9,-9,-9,-8,-10,-8,-9,-8,-10,-8,-10,-8,-10,-8,-9,-8,-9,-8,-9,-9,-9,-9,-8,-10,-9,-10,-8,-10,-8,-11,-8,-11,-8,-12,-8,-12,-8,-12,-8]"
2025-08-18 22:34:02.124494,CSI_DATA,1413,1a:00:00:00:00:00,-42,11,0,0,0,0,0,0,0,0,0,-94,0,1,0,241358232,0,31,0,128,0,"[0,0,1,-14,1,-15,0,-14,0,-14,0,-14,0,-14,-1,-14,-1,-14,-2,-13,-3,-13,-3,-13,-3,-13,-4,-14,-4,-14,-4,-14,-4,-14,-4,-15,-4,-14,-3,-15,-2,-15,-2,-15,-1,-15,-1,-14,0,-14,0,-13,1,-13,0,0,0,0,0,0,0,0,0,0,0,0,0,0,0,0,0,0,0,0,0,0,-1,-10,0,-10,1,-10,1,-10,2,-11,2,-11,3,-11,4,-11,4,-11,4,-11,4,-11,5,-11,4,-11,4,-11,4,-11,3,-11,3,-11,3,-12,3,-12,2,-12,2,-13,2,-13,1,-13,1,-14,1,-14,1,-14]"
2025-08-18 22:34:02.304810,CSI_DATA,1414,1a:00:00:00:00:00,-42,11,0,0,0,0,0,0,0,0,0,-94,0,1,0,241559351,0,31,0,128,0,"[0,0,1,14,1,13,2,13,2,13,2,13,3,12,3,12,4,12,4,12,4,11,5,12,5,12,6,12,6,12,6,12,6,12,6,12,6,13,6,13,5,13,4,13,4,13,3,13,2,13,1,13,0,12,0,0,0,0,0,0,0,0,0,0,0,0,0,0,0,0,0,0,0,0,0,0,2,8,1,9,1,9,0,10,0,10,-1,11,-1,11,-2,11,-2,11,-2,11,-3,11,-3,11,-3,11,-3,11,-2,11,-2,11,-2,11,-1,11,-1,12,0,12,0,12,0,12,1,12,1,13,1,13,1,13]"
2025-08-18 22:34:02.513848,CSI_DATA,1415,1a:00:00:00:00:00,-42,11,0,0,0,0,0,0,0,0,0,-94,0,1,0,241760491,0,31,0,128,0,"[0,0,-14,-4,-14,-4,-14,-4,-14,-3,-14,-3,-14,-3,-14,-3,-14,-2,-14,-1,-14,-1,-14,0,-14,0,-14,1,-14,1,-15,1,-15,1,-15,1,-15,0,-16,0,-15,-1,-15,-1,-15,-2,-14,-2,-14,-3,-13,-3,-13,-4,0,0,0,0,0,0,0,0,0,0,0,0,0,0,0,0,0,0,0,0,0,0,-9,-2,-10,-3,-10,-3,-10,-4,-10,-4,-11,-5,-10,-6,-11,-7,-10,-7,-10,-7,-10,-7,-10,-7,-10,-7,-10,-7,-10,-7,-10,-6,-11,-6,-11,-6,-11,-6,-12,-5,-12,-5,-13,-5,-13,-5,-13,-4,-14,-5,-14,-4]"
2025-08-18 22:34:02.600883,CSI_DATA,1416,1a:00:00:00:00:00,-42,11,0,0,0,0,0,0,0,0,0,-94,0,1,0,241853981,0,28,0,128,0,"[0,0,0,14,1,14,1,13,1,13,2,13,1,13,2,13,2,13,3,12,4,12,4,12,4,12,5,12,5,12,5,12,5,12,5,13,5,13,4,13,4,13,3,14,3,13,2,13,2,13,1,12,0,12,0,0,0,0,0,0,0,0,0,0,0,0,0,0,0,0,0,0,0,0,0,0,1,8,0,9,0,9,-1,10,-1,10,-2,10,-3,11,-3,11,-3,11,-4,11,-4,11,-4,11,-4,11,-4,11,-3,11,-3,11,-2,11,-2,11,-2,11,-1,12,-1,12,-1,12,0,13,0,13,0,13,0,13]"
2025-08-18 22:34:02.705900,CSI_DATA,1417,1a:00:00:00:00:00,-42,11,0,0,0,0,0,0,0,0,0,-94,0,1,0,241961756,0,31,0,128,0,"[0,0,7,12,7,12,8,12,8,11,8,11,8,11,8,11,9,10,9,10,10,9,10,8,10,8,11,8,11,8,11,8,12,8,12,9,12,9,11,10,11,10,10,10,10,11,9,11,8,11,7,11,7,11,0,0,0,0,0,0,0,0,0,0,0,0,0,0,0,0,0,0,0,0,0,0,5,7,5,8,5,9,4,9,4,10,4,10,3,11,3,11,2,12,2,12,2,12,2,12,2,12,2,12,2,11,3,11,3,11,4,11,4,11,5,12,5,11,6,12,6,12,7,12,7,12,7,12]"
2025-08-18 22:34:02.905198,CSI_DATA,1418,1a:00:00:00:00:00,-42,11,0,0,0,0,0,0,0,0,0,-94,0,1,0,242162841,0,31,0,128,0,"[0,0,11,8,11,7,11,7,12,6,12,6,11,6,12,5,12,5,12,4,12,4,12,3,12,3,13,3,13,3,13,3,13,2,14,3,14,3,14,4,14,4,13,5,13,5,12,5,12,6,11,6,10,7,0,0,0,0,0,0,0,0,0,0,0,0,0,0,0,0,0,0,0,0,0,0,7,4,7,5,7,5,7,6,7,7,7,7,7,8,7,8,7,9,6,9,6,9,6,9,6,9,7,9,7,9,7,8,7,8,8,8,8,8,9,8,9,8,9,8,10,7,11,8,11,7,11,7]"
2025-08-18 22:34:03.324434,CSI_DATA,1419,1a:00:00:00:00:00,-42,11,0,0,0,0,0,0,0,0,0,-94,0,1,0,242364078,0,31,0,128,0,"[0,0,12,6,12,6,12,5,12,5,12,5,12,5,12,4,12,4,12,3,12,2,12,2,13,1,13,1,13,1,13,1,14,1,14,2,14,2,14,2,14,3,13,3,13,4,12,4,12,5,11,5,11,6,0,0,0,0,0,0,0,0,0,0,0,0,0,0,0,0,0,0,0,0,0,0,8,2,8,3,8,4,9,4,9,5,9,6,8,7,8,7,8,8,8,8,8,8,8,8,8,8,8,8,8,7,8,7,9,7,9,6,9,6,10,6,10,6,11,6,11,6,11,6,12,6,12,6]"
2025-08-18 22:34:03.330781,CSI_DATA,1420,1a:00:00:00:00:00,-42,11,0,0,0,0,0,0,0,0,0,-94,0,1,0,242565200,0,31,0,128,0,"[0,0,-14,-6,-14,-6,-14,-5,-14,-5,-14,-5,-14,-4,-14,-4,-14,-3,-14,-3,-14,-2,-14,-2,-14,-1,-15,-1,-15,-1,-15,0,-15,-1,-15,-1,-16,-1,-16,-2,-16,-2,-15,-3,-15,-4,-14,-4,-14,-5,-13,-5,-13,-6,0,0,0,0,0,0,0,0,0,0,0,0,0,0,0,0,0,0,0,0,0,0,-10,-3,-10,-4,-10,-5,-10,-5,-10,-6,-10,-7,-10,-7,-10,-8,-10,-8,-10,-8,-10,-9,-9,-9,-10,-8,-10,-8,-10,-8,-10,-8,-10,-7,-11,-7,-11,-7,-12,-7,-12,-7,-12,-7,-13,-6,-13,-6,-13,-6,-14,-6]"
2025-08-18 22:34:03.378010,CSI_DATA,1421,1a:00:00:00:00:00,-42,11,0,0,0,0,0,0,0,0,0,-94,0,1,0,242626025,0,42,0,128,0,"[0,0,0,-14,0,-15,-1,-14,-1,-14,-1,-14,-1,-14,-1,-14,-2,-14,-3,-13,-3,-13,-4,-13,-4,-13,-5,-13,-5,-13,-5,-14,-5,-14,-5,-14,-5,-14,-4,-15,-3,-15,-3,-15,-2,-15,-2,-14,-2,-14,0,-14,0,-13,0,0,0,0,0,0,0,0,0,0,0,0,0,0,0,0,0,0,0,0,0,0,-1,-9,-1,-10,0,-10,1,-11,1,-11,2,-11,3,-11,3,-11,4,-11,4,-11,4,-11,4,-11,4,-11,3,-11,3,-11,3,-11,3,-11,2,-12,2,-12,2,-12,2,-13,1,-13,1,-14,0,-14,0,-14,0,-14]"
2025-08-18 22:34:03.440196,CSI_DATA,1422,1a:00:00:00:00:00,-42,11,0,0,0,0,0,0,0,0,0,-94,0,1,0,242692373,0,31,0,128,0,"[0,0,7,-12,6,-12,6,-13,6,-13,6,-13,5,-13,5,-13,4,-13,4,-13,3,-13,3,-13,2,-13,2,-14,2,-14,2,-14,2,-15,2,-15,3,-15,3,-15,4,-14,4,-14,5,-14,5,-13,5,-13,6,-12,7,-11,0,0,0,0,0,0,0,0,0,0,0,0,0,0,0,0,0,0,0,0,0,0,3,-9,4,-9,5,-9,6,-9,6,-9,7,-9,8,-9,8,-8,8,-8,8,-8,8,-8,8,-8,8,-8,8,-8,8,-8,8,-8,8,-9,7,-9,7,-10,7,-10,7,-10,7,-11,7,-11,7,-12,7,-12,7,-12]"
2025-08-18 22:34:03.655071,CSI_DATA,1423,1a:00:00:00:00:00,-42,11,0,0,0,0,0,0,0,0,0,-94,0,1,0,242893493,0,31,0,128,0,"[0,0,-6,12,-6,12,-6,12,-5,13,-5,12,-4,12,-4,12,-4,12,-3,12,-2,13,-2,12,-1,13,-2,13,-1,13,-1,14,-1,13,-1,14,-2,14,-2,14,-2,14,-3,14,-3,13,-4,13,-4,12,-5,12,-6,11,0,0,0,0,0,0,0,0,0,0,0,0,0,0,0,0,0,0,0,0,0,0,-4,8,-4,8,-5,8,-6,8,-6,9,-7,8,-8,8,-8,8,-8,8,-9,8,-9,8,-9,7,-9,8,-8,8,-8,8,-8,8,-8,8,-7,9,-7,9,-7,10,-7,10,-7,11,-7,11,-6,12,-6,12,-6,12]"
2025-08-18 22:34:03.849186,CSI_DATA,1424,1a:00:00:00:00:00,-42,11,0,0,0,0,0,0,0,0,0,-94,0,1,0,243094785,0,31,0,128,0,"[0,0,-5,-14,-6,-14,-6,-13,-6,-13,-6,-13,-6,-13,-7,-12,-7,-12,-7,-12,-8,-11,-9,-11,-9,-11,-9,-11,-9,-11,-10,-11,-10,-11,-10,-12,-10,-12,-10,-12,-9,-12,-8,-13,-8,-13,-7,-13,-7,-13,-6,-12,-5,-13,0,0,0,0,0,0,0,0,0,0,0,0,0,0,0,0,0,0,0,0,0,0,-4,-9,-4,-9,-3,-10,-3,-10,-3,-11,-2,-11,-1,-12,-1,-12,-1,-12,0,-12,0,-12,0,-12,0,-12,-1,-12,-1,-12,-1,-12,-2,-12,-2,-12,-2,-12,-3,-13,-3,-13,-4,-13,-4,-13,-5,-13,-5,-13,-5,-13]"
2025-08-18 22:34:04.049417,CSI_DATA,1425,1a:00:00:00:00:00,-42,11,0,0,0,0,0,0,0,0,0,-94,0,1,0,243296013,0,31,0,128,0,"[0,0,-4,-14,-5,-14,-5,-14,-5,-13,-5,-13,-5,-13,-6,-13,-6,-12,-7,-12,-7,-11,-8,-11,-8,-11,-9,-11,-9,-11,-9,-11,-9,-12,-9,-12,-9,-12,-9,-12,-8,-13,-8,-13,-7,-13,-6,-13,-6,-13,-5,-13,-4,-13,0,0,0,0,0,0,0,0,0,0,0,0,0,0,0,0,0,0,0,0,0,0,-3,-9,-3,-10,-2,-10,-2,-11,-2,-11,-1,-12,0,-12,0,-12,0,-12,1,-12,1,-12,1,-12,1,-12,0,-12,0,-12,0,-12,-1,-12,-1,-12,-1,-13,-2,-13,-2,-13,-3,-13,-4,-13,-4,-13,-4,-14,-4,-14]"
2025-08-18 22:34:04.239924,CSI_DATA,1426,1a:00:00:00:00:00,-42,11,0,0,0,0,0,0,0,0,0,-94,0,1,0,243497128,0,31,0,128,0,"[0,0,9,10,9,10,9,10,9,9,10,9,9,9,10,8,10,8,10,8,10,7,11,6,11,6,12,6,12,6,12,6,12,6,12,6,13,7,12,7,12,7,11,8,11,8,10,8,9,9,9,9,8,9,0,0,0,0,0,0,0,0,0,0,0,0,0,0,0,0,0,0,0,0,0,0,6,6,6,7,6,7,5,8,5,8,5,9,5,10,5,10,4,10,4,10,4,10,4,10,4,10,4,10,4,10,4,10,5,10,5,10,6,10,6,10,7,10,7,10,8,10,8,10,8,10,9,10]"
2025-08-18 22:34:04.440135,CSI_DATA,1427,1a:00:00:00:00:00,-42,11,0,0,0,0,0,0,0,0,0,-94,0,1,0,243698279,0,31,0,128,0,"[0,0,10,9,10,9,10,8,10,8,11,8,10,8,11,7,11,7,11,6,11,6,11,5,12,5,12,5,12,5,13,4,13,5,13,5,13,6,13,6,13,6,12,7,11,7,11,8,10,8,9,8,8,9,0,0,0,0,0,0,0,0,0,0,0,0,0,0,0,0,0,0,0,0,0,0,7,5,7,5,7,6,6,7,7,8,6,8,7,9,6,9,6,9,5,10,5,10,5,10,5,10,5,9,5,9,6,9,6,9,7,9,7,9,8,9,8,9,8,9,9,9,9,9,9,9,10,9]"
2025-08-18 22:34:04.644662,CSI_DATA,1428,1a:00:00:00:00:00,-42,11,0,0,0,0,0,0,0,0,0,-94,0,1,0,243899429,0,31,0,128,0,"[0,0,12,8,12,8,11,8,12,7,12,7,12,7,12,6,12,6,12,5,13,5,13,4,13,4,13,4,13,3,14,3,14,4,14,4,14,4,14,5,14,5,14,6,13,6,12,7,12,7,11,7,10,8,0,0,0,0,0,0,0,0,0,0,0,0,0,0,0,0,0,0,0,0,0,0,8,5,8,6,8,6,7,7,8,7,7,8,7,9,7,9,7,10,6,10,6,10,6,10,6,10,6,10,7,9,7,9,7,9,8,9,8,9,9,9,9,8,10,8,10,9,11,9,11,9,11,8]"
2025-08-18 22:34:04.861470,CSI_DATA,1429,1a:00:00:00:00:00,-42,11,0,0,0,0,0,0,0,0,0,-94,0,1,0,244100589,0,31,0,128,0,"[0,0,14,-2,14,-2,14,-2,14,-2,14,-3,13,-3,13,-3,13,-4,13,-4,13,-5,13,-5,12,-6,13,-6,13,-7,13,-7,13,-7,13,-7,14,-7,14,-6,14,-6,14,-5,14,-4,14,-3,14,-2,14,-2,13,-1,0,0,0,0,0,0,0,0,0,0,0,0,0,0,0,0,0,0,0,0,0,0,9,-2,10,-2,10,-1,10,-1,11,0,11,0,11,1,12,1,12,2,11,2,12,3,11,3,12,3,11,3,12,2,11,2,12,2,12,1,12,0,12,0,13,0,13,-1,13,-1,14,-1,14,-1,14,-2]"
2025-08-18 22:34:04.903144,CSI_DATA,1430,1a:00:00:00:00:00,-42,11,0,0,0,0,0,0,0,0,0,-94,0,1,0,244161419,0,42,0,128,0,"[0,0,11,7,11,7,11,6,12,6,12,6,12,5,12,5,12,5,12,4,12,3,12,3,12,2,13,2,13,2,13,2,14,2,14,2,14,2,14,3,14,3,13,4,13,5,12,5,12,5,11,5,11,6,0,0,0,0,0,0,0,0,0,0,0,0,0,0,0,0,0,0,0,0,0,0,7,4,7,5,8,5,7,6,8,7,7,7,7,8,7,8,7,9,7,9,6,9,6,9,7,9,7,9,7,8,7,8,7,8,8,8,8,7,9,7,9,7,10,7,10,7,11,7,11,7,11,7]"
2025-08-18 22:34:04.976753,CSI_DATA,1431,1a:00:00:00:00:00,-42,11,0,0,0,0,0,0,0,0,0,-94,0,1,0,244230840,0,31,0,128,0,"[0,0,1,14,1,13,1,13,2,13,2,13,3,13,3,12,4,12,4,12,5,12,5,12,5,11,5,12,6,11,6,12,6,12,6,12,6,13,6,13,5,13,5,13,4,13,3,13,2,13,2,12,1,12,0,0,0,0,0,0,0,0,0,0,0,0,0,0,0,0,0,0,0,0,0,0,1,9,1,9,0,9,0,10,-1,10,-1,11,-2,11,-2,11,-3,11,-3,11,-4,11,-4,11,-3,11,-3,11,-3,11,-3,11,-2,11,-2,11,-1,11,-1,12,0,12,0,12,0,13,0,13,1,13,1,13]"
2025-08-18 22:34:05.191606,CSI_DATA,1432,1a:00:00:00:00:00,-42,11,0,0,0,0,0,0,0,0,0,-94,0,1,0,244431939,0,31,0,128,0,"[0,0,14,0,13,0,13,0,13,-1,13,-1,13,-1,13,-1,13,-2,12,-2,12,-3,12,-4,12,-4,12,-5,13,-5,13,-5,13,-5,13,-4,14,-4,14,-4,14,-3,14,-2,14,-2,13,-1,13,-1,13,0,12,1,0,0,0,0,0,0,0,0,0,0,0,0,0,0,0,0,0,0,0,0,0,0,9,-2,9,-1,9,-1,10,0,10,1,10,1,11,2,11,2,11,3,11,3,11,3,10,3,11,3,11,3,11,3,10,3,11,2,11,2,12,2,12,1,12,1,12,1,13,0,13,0,13,0,14,0]"
2025-08-18 22:34:05.402022,CSI_DATA,1433,1a:00:00:00:00:00,-42,11,0,0,0,0,0,0,0,0,0,-94,0,1,0,244633292,0,31,0,128,0,"[0,0,1,-14,0,-15,0,-14,0,-14,0,-14,-1,-14,-1,-14,-2,-14,-2,-13,-3,-13,-3,-13,-3,-14,-4,-13,-4,-14,-4,-14,-4,-14,-4,-15,-4,-15,-4,-15,-3,-15,-3,-15,-2,-15,-1,-14,0,-14,0,-13,1,-13,0,0,0,0,0,0,0,0,0,0,0,0,0,0,0,0,0,0,0,0,0,0,-1,-10,0,-10,0,-10,1,-10,2,-11,2,-11,3,-11,3,-11,4,-11,4,-11,5,-11,5,-11,5,-11,4,-11,4,-11,4,-11,3,-11,2,-12,2,-12,2,-12,2,-13,1,-13,1,-14,1,-14,1,-14,1,-14]"
2025-08-18 22:34:05.583616,CSI_DATA,1434,1a:00:00:00:00:00,-42,11,0,0,0,0,0,0,0,0,0,-94,0,1,0,244834225,0,31,0,128,0,"[0,0,11,-8,11,-9,10,-9,11,-9,10,-9,10,-9,9,-10,9,-10,8,-10,8,-11,8,-11,7,-11,7,-12,7,-12,8,-12,7,-12,8,-13,8,-12,9,-12,9,-12,9,-11,10,-10,10,-10,10,-9,10,-8,10,-8,0,0,0,0,0,0,0,0,0,0,0,0,0,0,0,0,0,0,0,0,0,0,6,-7,7,-6,8,-6,8,-6,9,-6,9,-5,10,-5,10,-5,11,-4,11,-4,11,-4,11,-4,11,-4,10,-4,10,-4,10,-4,10,-5,10,-6,10,-6,10,-6,10,-7,11,-7,11,-8,11,-8,11,-8,11,-9]"
2025-08-18 22:34:05.778552,CSI_DATA,1435,1a:00:00:00:00:00,-42,11,0,0,0,0,0,0,0,0,0,-94,0,1,0,245035399,0,31,0,128,0,"[0,0,9,10,9,10,9,10,9,10,10,9,9,8,10,8,10,8,10,7,11,7,11,7,11,6,11,6,12,6,12,6,12,6,12,6,13,6,13,7,12,7,12,8,11,8,10,8,10,9,9,9,8,9,0,0,0,0,0,0,0,0,0,0,0,0,0,0,0,0,0,0,0,0,0,0,6,6,6,7,6,7,6,8,5,8,5,9,5,10,5,10,4,10,4,10,3,11,3,11,3,11,4,10,4,10,4,10,5,10,5,10,6,10,6,10,7,10,7,10,8,10,8,10,8,10,9,10]"
2025-08-18 22:34:05.983015,CSI_DATA,1436,1a:00:00:00:00:00,-42,11,0,0,0,0,0,0,0,0,0,-94,0,1,0,245236590,0,31,0,128,0,"[0,0,13,1,13,0,13,0,13,0,13,0,13,-1,13,-1,13,-2,13,-2,13,-3,13,-3,12,-3,12,-3,13,-4,13,-4,13,-4,14,-4,14,-4,14,-3,14,-3,14,-2,14,-2,13,-1,13,0,13,0,12,1,0,0,0,0,0,0,0,0,0,0,0,0,0,0,0,0,0,0,0,0,0,0,9,-1,9,0,9,1,10,1,10,2,10,2,10,3,10,3,10,4,10,4,10,5,10,5,10,5,10,4,10,4,10,4,10,3,11,3,11,2,12,2,12,2,12,2,13,2,13,1,13,1,13,1]"
2025-08-18 22:34:06.187351,CSI_DATA,1437,1a:00:00:00:00:00,-42,11,0,0,0,0,0,0,0,0,0,-94,0,1,0,245437937,0,31,0,128,0,"[0,0,-13,6,-13,7,-12,6,-13,7,-12,7,-11,7,-11,8,-11,8,-10,8,-10,9,-10,9,-9,9,-9,10,-9,10,-9,11,-9,11,-10,11,-10,11,-11,10,-11,10,-11,10,-11,9,-11,8,-12,7,-12,7,-12,6,0,0,0,0,0,0,0,0,0,0,0,0,0,0,0,0,0,0,0,0,0,0,-8,4,-9,4,-10,3,-10,3,-11,3,-11,2,-12,2,-12,2,-12,2,-12,1,-12,1,-12,1,-12,1,-12,1,-12,1,-12,2,-12,2,-12,3,-12,3,-12,4,-12,4,-12,4,-13,5,-13,6,-13,6,-13,6]"
2025-08-18 22:34:06.391628,CSI_DATA,1438,1a:00:00:00:00:00,-42,11,0,0,0,0,0,0,0,0,0,-94,0,1,0,245639021,0,31,0,128,0,"[0,0,-15,-2,-15,-2,-14,-1,-14,-1,-14,-1,-14,-1,-14,0,-14,0,-14,1,-14,2,-14,2,-13,2,-13,2,-13,3,-14,3,-14,3,-15,3,-15,3,-15,2,-15,2,-15,1,-15,0,-15,0,-14,-1,-13,-2,-13,-3,0,0,0,0,0,0,0,0,0,0,0,0,0,0,0,0,0,0,0,0,0,0,-10,0,-10,-1,-11,-1,-10,-2,-11,-2,-11,-3,-11,-4,-11,-4,-11,-5,-12,-5,-11,-5,-11,-5,-11,-5,-11,-5,-11,-5,-11,-4,-11,-4,-12,-4,-12,-3,-13,-3,-13,-3,-13,-3,-14,-2,-14,-2,-14,-2,-14,-2]"
2025-08-18 22:34:06.443118,CSI_DATA,1439,1a:00:00:00:00:00,-42,11,0,0,0,0,0,0,0,0,0,-94,0,1,0,245699858,0,42,0,128,0,"[0,0,13,4,13,4,12,4,13,3,13,3,12,2,13,2,13,2,12,1,13,0,13,0,13,0,13,-1,13,-1,14,-1,14,-1,14,-1,14,0,14,0,14,0,14,1,14,1,13,2,13,3,12,3,12,4,0,0,0,0,0,0,0,0,0,0,0,0,0,0,0,0,0,0,0,0,0,0,8,2,8,3,9,3,8,4,9,4,9,5,9,6,9,6,9,7,9,7,8,7,8,7,8,7,8,7,8,6,9,6,9,6,10,6,10,5,10,5,11,5,11,4,12,4,12,5,12,4,13,4]"
2025-08-18 22:34:06.515481,CSI_DATA,1440,1a:00:00:00:00:00,-42,11,0,0,0,0,0,0,0,0,0,-94,0,1,0,245764696,0,31,0,128,0,"[0,0,3,-14,3,-14,2,-14,2,-14,2,-14,1,-14,1,-14,0,-14,0,-13,-1,-14,-1,-14,-2,-14,-2,-14,-2,-14,-2,-15,-2,-14,-2,-15,-2,-15,-2,-15,-1,-15,0,-15,0,-15,1,-14,1,-14,2,-13,3,-13,0,0,0,0,0,0,0,0,0,0,0,0,0,0,0,0,0,0,0,0,0,0,1,-10,2,-10,2,-10,3,-10,4,-10,4,-11,5,-11,5,-11,6,-10,6,-10,6,-10,6,-10,6,-10,6,-10,5,-10,5,-10,5,-11,5,-11,5,-11,4,-12,4,-12,4,-13,3,-13,3,-13,3,-14,3,-14]"
2025-08-18 22:34:06.717830,CSI_DATA,1441,1a:00:00:00:00:00,-42,11,0,0,0,0,0,0,0,0,0,-94,0,1,0,245965805,0,31,0,128,0,"[0,0,11,7,11,7,11,7,12,6,12,6,11,6,11,5,12,5,12,4,12,4,12,3,12,3,12,3,13,3,13,3,13,3,13,3,14,3,14,4,13,4,13,5,12,5,12,6,11,6,10,6,10,7,0,0,0,0,0,0,0,0,0,0,0,0,0,0,0,0,0,0,0,0,0,0,8,3,8,4,8,5,8,6,8,6,8,7,8,7,7,8,7,8,7,8,7,9,7,9,7,9,7,8,7,8,7,8,7,8,8,7,8,7,9,7,9,7,10,7,10,7,11,7,11,7,11,7]"
2025-08-18 22:34:06.934228,CSI_DATA,1442,1a:00:00:00:00:00,-42,11,0,0,0,0,0,0,0,0,0,-94,0,1,0,246166943,0,31,0,128,0,"[0,0,-2,-15,-3,-15,-3,-15,-3,-15,-4,-15,-4,-14,-4,-14,-5,-14,-5,-14,-6,-13,-6,-13,-7,-13,-7,-13,-8,-14,-8,-13,-8,-14,-8,-14,-7,-14,-7,-15,-6,-15,-6,-15,-5,-15,-4,-15,-4,-15,-3,-14,-2,-14,0,0,0,0,0,0,0,0,0,0,0,0,0,0,0,0,0,0,0,0,0,0,-3,-10,-2,-10,-2,-11,-1,-11,-1,-12,0,-12,1,-12,1,-13,2,-13,2,-13,2,-13,2,-12,2,-13,2,-13,1,-12,1,-13,1,-13,0,-13,0,-13,0,-14,-1,-14,-1,-14,-2,-14,-2,-15,-2,-15,-3,-15]"
2025-08-18 22:34:07.123500,CSI_DATA,1443,1a:00:00:00:00:00,-42,11,0,0,0,0,0,0,0,0,0,-94,0,1,0,246368219,0,31,0,128,0,"[0,0,-5,-14,-6,-14,-6,-13,-6,-13,-6,-13,-6,-12,-7,-12,-7,-12,-8,-12,-8,-11,-8,-11,-9,-11,-9,-11,-10,-11,-10,-11,-10,-11,-10,-12,-10,-12,-9,-12,-9,-13,-8,-13,-7,-13,-7,-13,-6,-13,-5,-12,-4,-13,0,0,0,0,0,0,0,0,0,0,0,0,0,0,0,0,0,0,0,0,0,0,-5,-8,-4,-9,-4,-10,-4,-10,-3,-11,-3,-11,-2,-12,-2,-12,-2,-12,-1,-12,-1,-12,-1,-12,-1,-12,-1,-12,-1,-12,-2,-12,-2,-12,-3,-12,-3,-12,-3,-12,-4,-12,-4,-13,-5,-13,-5,-13,-5,-13,-5,-14]"
2025-08-18 22:34:07.319087,CSI_DATA,1444,1a:00:00:00:00:00,-42,11,0,0,0,0,0,0,0,0,0,-94,0,1,0,246569545,0,31,0,128,0,"[0,0,-12,8,-11,8,-11,8,-11,8,-11,9,-10,9,-10,9,-9,9,-9,9,-9,10,-8,10,-8,10,-8,11,-8,11,-8,11,-8,12,-8,11,-9,12,-9,11,-10,11,-10,11,-10,10,-10,9,-11,9,-11,7,-11,7,0,0,0,0,0,0,0,0,0,0,0,0,0,0,0,0,0,0,0,0,0,0,-7,6,-8,5,-9,5,-9,5,-10,5,-11,4,-11,4,-11,4,-12,3,-12,3,-12,3,-12,3,-12,3,-11,3,-11,4,-11,3,-11,4,-11,4,-11,5,-11,6,-11,6,-11,6,-11,7,-11,7,-12,8,-12,8]"
2025-08-18 22:34:07.518359,CSI_DATA,1445,1a:00:00:00:00:00,-42,11,0,0,0,0,0,0,0,0,0,-94,0,1,0,246770614,0,31,0,128,0,"[0,0,7,-12,7,-13,7,-13,6,-13,6,-13,6,-13,6,-13,4,-13,4,-14,4,-13,3,-13,3,-15,2,-14,2,-14,1,-14,2,-15,0,-14,3,-17,2,-15,5,-16,6,-14,3,-15,7,-15,7,-13,7,-13,7,-12,0,0,0,0,0,0,0,0,0,0,0,0,0,0,0,0,0,0,0,0,0,0,4,-9,5,-8,6,-8,6,-8,7,-9,8,-8,9,-8,9,-8,9,-8,9,-7,9,-7,10,-7,9,-7,9,-8,9,-8,9,-8,8,-8,8,-9,8,-9,8,-10,8,-10,8,-11,8,-11,8,-12,8,-12,8,-12]"
2025-08-18 22:34:07.724786,CSI_DATA,1446,1a:00:00:00:00:00,-42,11,0,0,0,0,0,0,0,0,0,-94,0,1,0,246971760,0,31,0,128,0,"[0,0,-4,-14,-5,-14,-4,-14,-5,-14,-5,-14,-5,-13,-6,-13,-6,-12,-7,-12,-7,-12,-7,-12,-8,-11,-8,-11,-9,-11,-9,-12,-9,-12,-9,-12,-9,-12,-9,-13,-8,-13,-7,-13,-7,-13,-6,-13,-5,-13,-4,-13,-4,-13,0,0,0,0,0,0,0,0,0,0,0,0,0,0,0,0,0,0,0,0,0,0,-4,-9,-3,-9,-3,-10,-2,-11,-2,-11,-1,-12,0,-12,0,-12,0,-12,1,-12,1,-12,1,-12,1,-12,0,-12,0,-12,0,-12,-1,-12,-1,-12,-2,-13,-2,-13,-2,-13,-3,-13,-3,-13,-3,-14,-4,-14,-4,-14]"
2025-08-18 22:34:07.930031,CSI_DATA,1447,1a:00:00:00:00:00,-42,11,0,0,0,0,0,0,0,0,0,-94,0,1,0,247172920,0,31,0,128,0,"[0,0,-8,-13,-8,-14,-8,-13,-8,-13,-8,-13,-9,-13,-9,-12,-9,-12,-9,-11,-10,-11,-10,-10,-11,-10,-11,-10,-12,-10,-12,-10,-12,-10,-12,-11,-12,-11,-12,-11,-11,-12,-11,-12,-10,-13,-9,-13,-8,-13,-7,-12,-7,-12,0,0,0,0,0,0,0,0,0,0,0,0,0,0,0,0,0,0,0,0,0,0,-6,-8,-6,-9,-5,-10,-5,-10,-5,-11,-4,-12,-4,-12,-3,-12,-3,-13,-3,-13,-2,-13,-2,-13,-2,-13,-2,-12,-3,-13,-3,-12,-4,-12,-4,-12,-4,-13,-5,-13,-6,-13,-6,-13,-6,-13,-7,-13,-7,-13,-7,-13]"
2025-08-18 22:34:07.980429,CSI_DATA,1448,1a:00:00:00:00:00,-42,11,0,0,0,0,0,0,0,0,0,-94,0,1,0,247233722,0,42,0,128,0,"[0,0,-4,13,-3,13,-3,13,-3,13,-2,13,-2,13,-2,13,-1,13,-1,13,0,13,0,13,1,13,1,13,2,13,2,13,2,13,1,14,1,14,1,14,0,14,-1,14,-1,14,-2,13,-2,13,-3,12,-4,12,0,0,0,0,0,0,0,0,0,0,0,0,0,0,0,0,0,0,0,0,0,0,-2,8,-2,9,-3,9,-4,9,-4,9,-5,10,-5,10,-6,10,-6,10,-7,9,-7,9,-7,9,-7,9,-7,9,-6,9,-6,9,-6,10,-5,10,-5,11,-5,11,-5,11,-4,12,-4,12,-4,13,-4,13,-3,13]"
2025-08-18 22:34:08.049807,CSI_DATA,1449,1a:00:00:00:00:00,-42,11,0,0,0,0,0,0,0,0,0,-94,0,1,0,247301281,0,31,0,128,0,"[0,0,-9,10,-9,11,-9,11,-8,11,-8,11,-8,11,-7,11,-7,11,-6,11,-6,11,-6,12,-5,12,-5,12,-4,12,-4,13,-4,13,-5,13,-5,14,-6,13,-6,13,-7,12,-7,12,-8,11,-8,11,-8,10,-9,9,0,0,0,0,0,0,0,0,0,0,0,0,0,0,0,0,0,0,0,0,0,0,-5,7,-6,7,-7,7,-8,7,-8,7,-9,7,-10,6,-10,6,-10,6,-11,6,-11,5,-11,5,-11,5,-10,6,-10,6,-10,6,-10,6,-9,7,-10,8,-9,8,-9,8,-9,9,-9,9,-9,10,-9,10,-9,10]"
2025-08-18 22:34:08.260336,CSI_DATA,1450,1a:00:00:00:00:00,-42,11,0,0,0,0,0,0,0,0,0,-94,0,1,0,247502381,0,31,0,128,0,"[0,0,-15,-2,-14,-2,-14,-2,-14,-1,-14,-1,-14,-1,-14,0,-13,0,-14,1,-13,1,-13,2,-13,2,-13,2,-14,3,-14,3,-14,3,-14,3,-15,3,-15,2,-15,2,-15,1,-15,0,-14,0,-14,-1,-13,-2,-13,-2,0,0,0,0,0,0,0,0,0,0,0,0,0,0,0,0,0,0,0,0,0,0,-10,-1,-10,-1,-10,-2,-10,-3,-11,-3,-11,-4,-11,-4,-11,-5,-11,-5,-11,-6,-11,-6,-11,-6,-11,-6,-11,-5,-11,-5,-11,-5,-11,-5,-12,-4,-12,-4,-12,-4,-13,-3,-13,-3,-14,-3,-14,-2,-14,-2,-14,-2]"
2025-08-18 22:34:08.463731,CSI_DATA,1451,1a:00:00:00:00:00,-42,11,0,0,0,0,0,0,0,0,0,-94,0,1,0,247703692,0,31,0,128,0,"[0,0,-5,13,-4,13,-4,13,-4,13,-3,13,-3,13,-2,13,-2,13,-1,12,-1,12,0,13,0,13,0,13,1,13,1,13,1,14,1,14,1,14,0,14,0,14,-1,14,-1,14,-2,13,-3,13,-3,12,-4,12,0,0,0,0,0,0,0,0,0,0,0,0,0,0,0,0,0,0,0,0,0,0,-3,8,-3,8,-4,9,-5,9,-5,9,-6,9,-7,9,-7,9,-8,9,-8,9,-8,9,-8,8,-8,8,-8,8,-7,9,-7,9,-7,9,-6,10,-6,10,-6,11,-5,11,-5,11,-5,12,-5,12,-5,13,-5,13]"
2025-08-18 22:34:08.659134,CSI_DATA,1452,1a:00:00:00:00:00,-42,11,0,0,0,0,0,0,0,0,0,-94,0,1,0,247904851,0,31,0,128,0,"[0,0,-11,-10,-11,-9,-11,-10,-11,-9,-11,-9,-11,-9,-12,-8,-12,-8,-12,-7,-12,-7,-12,-6,-12,-6,-13,-6,-13,-6,-13,-6,-14,-6,-14,-6,-14,-7,-14,-7,-13,-8,-13,-8,-13,-8,-12,-9,-11,-9,-10,-9,-10,-10,0,0,0,0,0,0,0,0,0,0,0,0,0,0,0,0,0,0,0,0,0,0,-8,-6,-8,-7,-7,-7,-8,-8,-7,-9,-7,-9,-7,-10,-7,-10,-7,-10,-6,-11,-6,-11,-6,-11,-6,-11,-6,-11,-6,-11,-6,-10,-7,-10,-7,-10,-8,-10,-9,-10,-9,-10,-9,-10,-10,-10,-10,-10,-10,-10,-11,-10]"
2025-08-18 22:34:08.852074,CSI_DATA,1453,1a:00:00:00:00:00,-42,11,0,0,0,0,0,0,0,0,0,-94,0,1,0,248105983,0,31,0,128,0,"[0,0,14,0,14,-1,13,-1,14,-1,14,-2,13,-2,13,-2,13,-3,13,-4,13,-4,13,-4,12,-5,13,-5,13,-6,13,-6,13,-6,14,-6,14,-5,14,-5,14,-5,14,-4,14,-3,13,-3,13,-2,13,-1,13,0,0,0,0,0,0,0,0,0,0,0,0,0,0,0,0,0,0,0,0,0,0,0,9,-2,9,-1,10,0,10,0,10,1,11,1,11,2,11,3,11,3,11,4,11,4,11,4,11,3,11,3,11,3,11,3,11,2,11,2,12,1,12,1,12,1,13,0,13,0,14,0,14,0,14,-1]"
2025-08-18 22:34:09.058520,CSI_DATA,1454,1a:00:00:00:00:00,-42,11,0,0,0,0,0,0,0,0,0,-94,0,1,0,248307241,0,31,0,128,0,"[0,0,-15,1,-14,1,-14,2,-14,2,-14,2,-14,3,-13,3,-13,3,-13,4,-13,4,-12,5,-12,6,-13,6,-12,6,-13,6,-13,6,-13,6,-14,6,-14,6,-14,6,-14,5,-14,4,-14,4,-14,3,-13,2,-13,1,0,0,0,0,0,0,0,0,0,0,0,0,0,0,0,0,0,0,0,0,0,0,-10,1,-10,1,-10,0,-11,-1,-11,-1,-11,-2,-12,-2,-12,-2,-12,-3,-12,-3,-12,-3,-12,-3,-12,-3,-12,-3,-12,-3,-12,-3,-12,-2,-12,-2,-12,-1,-13,-1,-13,-1,-13,0,-14,1,-14,1,-14,1,-14,1]"
2025-08-18 22:34:09.253595,CSI_DATA,1455,1a:00:00:00:00:00,-42,11,0,0,0,0,0,0,0,0,0,-94,0,1,0,248508349,0,31,0,128,0,"[0,0,2,14,2,13,2,13,2,13,3,13,3,13,3,12,4,12,4,12,5,11,5,11,6,11,6,11,6,12,6,11,7,12,6,12,6,13,6,13,5,13,4,13,4,13,3,13,3,13,2,12,1,12,0,0,0,0,0,0,0,0,0,0,0,0,0,0,0,0,0,0,0,0,0,0,2,8,2,9,1,9,1,10,0,10,0,11,-1,11,-2,11,-2,11,-2,11,-2,11,-2,11,-2,11,-2,11,-2,11,-2,10,-1,11,-1,11,0,12,0,12,0,12,0,12,1,12,2,13,2,13,2,13]"
2025-08-18 22:34:09.456610,CSI_DATA,1456,1a:00:00:00:00:00,-42,11,0,0,0,0,0,0,0,0,0,-94,0,1,0,248709499,0,31,0,128,0,"[0,0,-5,13,-4,13,-4,12,-4,13,-3,12,-3,12,-2,12,-2,12,-1,12,-1,12,-1,12,0,12,0,13,0,13,1,13,1,13,0,14,0,14,0,14,-1,14,-1,13,-2,13,-3,13,-3,12,-4,12,-5,11,0,0,0,0,0,0,0,0,0,0,0,0,0,0,0,0,0,0,0,0,0,0,-2,8,-3,8,-4,8,-4,9,-5,9,-5,9,-6,9,-6,9,-7,9,-7,9,-8,8,-8,8,-8,8,-7,8,-7,9,-7,9,-6,9,-6,10,-6,10,-5,10,-5,11,-5,11,-5,12,-5,12,-5,12,-4,12]"
2025-08-18 22:34:09.523201,CSI_DATA,1457,1a:00:00:00:00:00,-42,11,0,0,0,0,0,0,0,0,0,-94,0,1,0,248770397,0,42,0,128,0,"[0,0,-13,-7,-13,-7,-13,-7,-13,-7,-13,-6,-13,-6,-13,-5,-13,-5,-13,-4,-13,-3,-13,-3,-13,-3,-14,-3,-14,-2,-14,-2,-15,-2,-15,-2,-15,-3,-15,-3,-15,-4,-15,-4,-14,-5,-13,-5,-13,-6,-12,-6,-12,-7,0,0,0,0,0,0,0,0,0,0,0,0,0,0,0,0,0,0,0,0,0,0,-9,-5,-9,-5,-9,-6,-9,-7,-9,-7,-9,-8,-9,-8,-9,-9,-9,-9,-8,-9,-8,-10,-8,-10,-8,-10,-8,-9,-8,-9,-8,-9,-9,-9,-9,-8,-10,-8,-10,-8,-11,-8,-11,-8,-12,-7,-12,-8,-12,-7,-12,-7]"
2025-08-18 22:34:09.590936,CSI_DATA,1458,1a:00:00:00:00:00,-42,11,0,0,0,0,0,0,0,0,0,-94,0,1,0,248836848,0,31,0,128,0,"[0,0,-11,-9,-11,-9,-11,-9,-12,-9,-12,-8,-12,-8,-12,-8,-12,-7,-12,-6,-12,-6,-13,-6,-13,-5,-13,-5,-14,-5,-14,-5,-14,-4,-14,-5,-14,-5,-15,-5,-14,-6,-14,-6,-13,-7,-12,-7,-12,-8,-11,-8,-11,-8,0,0,0,0,0,0,0,0,0,0,0,0,0,0,0,0,0,0,0,0,0,0,-8,-6,-8,-7,-7,-8,-7,-8,-7,-9,-7,-9,-7,-10,-7,-10,-6,-11,-6,-11,-6,-11,-6,-11,-6,-11,-6,-10,-6,-11,-7,-10,-7,-10,-8,-10,-8,-10,-9,-10,-9,-10,-10,-10,-10,-9,-10,-10,-11,-9,-11,-10]"
2025-08-18 22:34:09.783692,CSI_DATA,1459,1a:00:00:00:00:00,-42,11,0,0,0,0,0,0,0,0,0,-94,0,1,0,249037911,0,31,0,128,0,"[0,0,14,1,13,1,13,0,13,0,13,0,13,-1,13,-1,13,-2,13,-2,12,-2,12,-3,12,-3,12,-4,13,-4,13,-4,14,-4,13,-4,14,-4,14,-3,14,-3,14,-2,14,-1,13,-1,13,0,13,1,12,2,0,0,0,0,0,0,0,0,0,0,0,0,0,0,0,0,0,0,0,0,0,0,8,-1,9,0,9,1,10,1,10,2,10,2,10,3,10,3,10,4,10,4,10,4,10,5,10,4,10,4,10,4,10,3,11,3,10,2,11,2,11,2,12,2,12,1,12,1,13,1,13,1,13,1]"
2025-08-18 22:34:09.995140,CSI_DATA,1460,1a:00:00:00:00:00,-42,11,0,0,0,0,0,0,0,0,0,-94,0,1,0,249239149,0,31,0,128,0,"[0,0,14,-3,14,-4,13,-4,14,-4,13,-4,13,-4,13,-5,12,-5,12,-6,12,-6,12,-7,11,-7,11,-8,11,-8,12,-8,12,-8,12,-8,13,-8,13,-7,14,-7,13,-6,13,-5,13,-5,13,-4,13,-3,13,-2,0,0,0,0,0,0,0,0,0,0,0,0,0,0,0,0,0,0,0,0,0,0,8,-4,9,-3,10,-2,10,-2,11,-1,11,-1,11,0,11,0,12,1,12,1,11,1,11,1,11,1,11,1,11,1,12,1,11,0,12,-1,12,-1,12,-1,12,-2,13,-2,13,-3,13,-3,13,-3,14,-3]"
2025-08-18 22:34:10.190009,CSI_DATA,1461,1a:00:00:00:00:00,-42,11,0,0,0,0,0,0,0,0,0,-94,0,1,0,249440355,0,31,0,128,0,"[0,0,-13,6,-13,6,-13,6,-12,6,-12,7,-12,7,-12,7,-11,7,-11,7,-10,8,-10,9,-10,9,-10,9,-10,10,-10,10,-10,10,-10,10,-11,10,-11,9,-12,9,-12,8,-12,8,-12,7,-12,7,-12,6,-12,5,0,0,0,0,0,0,0,0,0,0,0,0,0,0,0,0,0,0,0,0,0,0,-8,4,-9,4,-9,4,-10,3,-10,3,-11,2,-12,2,-12,2,-12,1,-12,1,-12,1,-12,1,-12,1,-12,1,-12,1,-12,1,-12,2,-12,2,-12,3,-12,3,-12,4,-13,4,-12,5,-13,5,-13,6,-13,6]"
2025-08-18 22:34:10.389293,CSI_DATA,1462,1a:00:00:00:00:00,-42,11,0,0,0,0,0,0,0,0,0,-94,0,1,0,249641495,0,31,0,128,0,"[0,0,14,-3,14,-3,13,-3,14,-4,13,-4,13,-4,13,-5,12,-5,12,-5,12,-6,12,-6,12,-7,12,-7,12,-7,12,-8,12,-8,13,-8,13,-8,13,-7,13,-6,14,-6,13,-5,13,-4,13,-3,13,-3,13,-2,0,0,0,0,0,0,0,0,0,0,0,0,0,0,0,0,0,0,0,0,0,0,8,-3,9,-3,9,-2,10,-2,11,-1,11,-1,11,0,11,0,12,1,11,1,11,2,11,2,11,2,11,1,11,1,11,1,11,0,12,0,12,-1,12,-1,12,-2,13,-2,13,-2,13,-2,14,-2,14,-3]"
2025-08-18 22:34:10.594833,CSI_DATA,1463,1a:00:00:00:00:00,-42,11,0,0,0,0,0,0,0,0,0,-94,0,1,0,249842644,0,31,0,128,0,"[0,0,-1,-14,-1,-15,-1,-14,-1,-15,-2,-14,-2,-14,-3,-14,-3,-13,-3,-13,-4,-13,-4,-13,-5,-13,-5,-13,-6,-13,-6,-14,-5,-13,-6,-14,-5,-14,-5,-15,-5,-15,-4,-15,-4,-15,-2,-14,-2,-14,-1,-13,0,-13,0,0,0,0,0,0,0,0,0,0,0,0,0,0,0,0,0,0,0,0,0,0,-2,-9,-1,-10,0,-11,0,-11,1,-11,1,-11,2,-12,2,-12,3,-12,3,-12,3,-11,4,-11,3,-12,3,-11,3,-11,3,-12,2,-12,2,-12,1,-12,1,-13,1,-13,0,-13,0,-14,0,-14,0,-14,0,-14]"
2025-08-18 22:34:10.797055,CSI_DATA,1464,1a:00:00:00:00:00,-42,11,0,0,0,0,0,0,0,0,0,-94,0,1,0,250044002,0,31,0,128,0,"[0,0,-12,-9,-12,-9,-12,-9,-12,-9,-12,-8,-12,-8,-12,-8,-12,-7,-12,-7,-13,-6,-13,-6,-13,-5,-13,-5,-14,-5,-14,-5,-14,-5,-14,-5,-14,-6,-14,-6,-14,-7,-14,-7,-13,-8,-12,-8,-12,-8,-11,-8,-10,-9,0,0,0,0,0,0,0,0,0,0,0,0,0,0,0,0,0,0,0,0,0,0,-8,-5,-8,-6,-8,-7,-8,-7,-8,-8,-8,-9,-8,-9,-8,-10,-7,-10,-7,-10,-7,-10,-7,-11,-7,-10,-7,-10,-7,-10,-7,-10,-8,-10,-8,-9,-9,-9,-9,-9,-10,-9,-10,-9,-11,-9,-11,-9,-11,-9,-11,-9]"
2025-08-18 22:34:10.994153,CSI_DATA,1465,1a:00:00:00:00:00,-42,11,0,0,0,0,0,0,0,0,0,-94,0,1,0,250245097,0,31,0,128,0,"[0,0,11,-7,11,-8,11,-8,11,-8,10,-8,10,-8,10,-9,9,-9,9,-9,9,-10,8,-10,8,-10,8,-11,8,-11,8,-11,8,-11,8,-12,9,-11,9,-11,9,-11,10,-10,10,-10,10,-9,10,-8,10,-7,10,-6,0,0,0,0,0,0,0,0,0,0,0,0,0,0,0,0,0,0,0,0,0,0,7,-6,7,-5,8,-5,8,-5,9,-5,10,-4,10,-4,10,-3,11,-3,11,-3,11,-2,11,-2,11,-2,10,-3,10,-3,11,-3,10,-3,10,-4,10,-5,11,-5,11,-5,11,-6,11,-6,11,-6,11,-7,11,-7]"
2025-08-18 22:34:11.055676,CSI_DATA,1466,1a:00:00:00:00:00,-42,11,0,0,0,0,0,0,0,0,0,-94,0,1,0,250305804,0,42,0,128,0,"[0,0,-11,9,-11,9,-10,9,-11,10,-10,10,-10,10,-9,10,-9,10,-8,10,-8,11,-8,11,-7,11,-7,11,-6,12,-7,12,-7,12,-7,13,-7,12,-8,12,-8,12,-9,11,-9,11,-9,10,-10,10,-10,8,-10,8,0,0,0,0,0,0,0,0,0,0,0,0,0,0,0,0,0,0,0,0,0,0,-7,6,-7,6,-9,6,-9,5,-10,5,-10,5,-11,5,-11,4,-11,4,-12,4,-12,3,-12,3,-11,3,-11,4,-11,4,-11,4,-11,5,-11,5,-11,6,-11,6,-11,7,-11,7,-11,8,-11,8,-11,8,-11,8]"
2025-08-18 22:34:11.127033,CSI_DATA,1467,1a:00:00:00:00:00,-42,11,0,0,0,0,0,0,0,0,0,-94,0,1,0,250372479,0,31,0,128,0,"[0,0,-10,-11,-11,-10,-10,-10,-10,-10,-11,-9,-11,-9,-11,-9,-11,-8,-12,-8,-12,-7,-12,-7,-12,-6,-13,-6,-13,-6,-13,-6,-13,-6,-14,-7,-13,-7,-14,-7,-13,-7,-13,-8,-12,-8,-12,-9,-11,-9,-10,-9,-10,-10,0,0,0,0,0,0,0,0,0,0,0,0,0,0,0,0,0,0,0,0,0,0,-7,-7,-7,-7,-7,-8,-6,-9,-6,-9,-6,-10,-6,-10,-6,-11,-5,-11,-5,-11,-5,-11,-4,-12,-5,-11,-5,-11,-5,-11,-5,-11,-6,-11,-7,-11,-7,-11,-8,-10,-8,-10,-9,-11,-9,-11,-9,-11,-9,-11,-10,-11]"
2025-08-18 22:34:11.320953,CSI_DATA,1468,1a:00:00:00:00:00,-42,11,0,0,0,0,0,0,0,0,0,-94,0,1,0,250573351,0,31,0,128,0,"[0,0,-2,13,-1,13,-1,13,-1,14,0,13,0,13,1,13,1,13,1,12,2,13,2,12,3,12,3,12,3,12,4,13,4,13,4,14,3,13,3,14,3,14,2,14,1,14,0,14,-1,13,-1,13,-2,12,0,0,0,0,0,0,0,0,0,0,0,0,0,0,0,0,0,0,0,0,0,0,-1,9,-1,9,-2,9,-2,9,-3,10,-4,10,-4,10,-5,10,-5,10,-6,10,-6,10,-6,10,-6,10,-5,10,-5,10,-5,10,-4,10,-4,11,-4,11,-3,12,-3,12,-2,12,-2,13,-2,13,-2,13,-2,13]"
2025-08-18 22:34:11.527336,CSI_DATA,1469,1a:00:00:00:00:00,-42,11,0,0,0,0,0,0,0,0,0,-94,0,1,0,250774528,0,31,0,128,0,"[0,0,-10,10,-9,10,-9,10,-9,10,-9,11,-8,10,-8,10,-7,11,-7,11,-7,11,-6,11,-6,12,-6,12,-5,12,-5,12,-6,13,-6,13,-6,13,-7,13,-7,13,-8,12,-8,12,-9,11,-9,10,-9,9,-10,8,0,0,0,0,0,0,0,0,0,0,0,0,0,0,0,0,0,0,0,0,0,0,-6,7,-6,7,-7,7,-8,7,-8,7,-9,7,-10,6,-10,6,-10,6,-10,5,-11,5,-11,5,-11,5,-10,5,-10,5,-10,6,-10,6,-10,7,-10,7,-10,8,-10,8,-10,9,-10,9,-10,9,-10,10,-10,10]"
2025-08-18 22:34:11.718211,CSI_DATA,1470,1a:00:00:00:00:00,-42,11,0,0,0,0,0,0,0,0,0,-94,0,1,0,250975678,0,31,0,128,0,"[0,0,9,10,9,10,9,9,10,9,9,9,10,8,10,8,10,8,10,7,11,7,11,6,11,6,11,6,12,6,12,6,12,6,12,6,12,6,12,7,12,7,12,8,11,8,10,9,10,9,9,9,8,9,0,0,0,0,0,0,0,0,0,0,0,0,0,0,0,0,0,0,0,0,0,0,6,6,6,6,6,7,6,8,6,8,5,9,5,9,5,10,5,10,4,11,4,10,4,11,4,10,4,10,4,10,4,10,5,10,5,9,6,10,6,10,7,10,7,10,8,10,8,10,9,10,9,10]"
2025-08-18 22:34:11.926620,CSI_DATA,1471,1a:00:00:00:00:00,-42,11,0,0,0,0,0,0,0,0,0,-94,0,1,0,251176984,0,31,0,128,0,"[0,0,-11,11,-10,10,-10,10,-10,10,-9,11,-9,11,-8,11,-8,11,-7,11,-7,11,-7,11,-6,12,-6,12,-6,13,-6,13,-6,13,-6,13,-7,13,-7,14,-8,13,-8,12,-9,12,-9,11,-9,10,-9,9,-10,9,0,0,0,0,0,0,0,0,0,0,0,0,0,0,0,0,0,0,0,0,0,0,-6,7,-7,7,-8,7,-8,7,-9,7,-10,7,-10,6,-11,6,-11,6,-11,5,-11,5,-11,5,-11,5,-11,5,-11,6,-11,5,-11,6,-10,6,-11,7,-10,8,-10,8,-10,9,-10,9,-10,9,-11,10,-10,10]"
2025-08-18 22:34:12.127806,CSI_DATA,1472,1a:00:00:00:00:00,-42,11,0,0,0,0,0,0,0,0,0,-94,0,1,0,251378204,0,31,0,128,0,"[0,0,-11,10,-10,10,-10,10,-10,10,-9,10,-9,10,-9,10,-8,10,-8,10,-7,11,-7,11,-6,11,-6,12,-6,12,-6,12,-6,12,-7,13,-7,13,-8,13,-8,12,-8,12,-8,11,-9,10,-9,10,-9,9,-10,8,0,0,0,0,0,0,0,0,0,0,0,0,0,0,0,0,0,0,0,0,0,0,-6,7,-7,6,-8,6,-8,6,-9,6,-10,6,-10,5,-11,5,-11,5,-11,4,-11,4,-11,4,-11,5,-11,4,-11,5,-11,5,-10,5,-10,6,-10,6,-10,7,-10,7,-10,8,-10,8,-10,9,-11,9,-10,9]"
2025-08-18 22:34:12.328787,CSI_DATA,1473,1a:00:00:00:00:00,-42,11,0,0,0,0,0,0,0,0,0,-94,0,1,0,251579301,0,31,0,128,0,"[0,0,-11,9,-11,9,-11,9,-10,9,-10,9,-10,9,-9,9,-9,10,-8,10,-8,10,-8,11,-7,11,-7,11,-7,12,-7,12,-7,12,-8,12,-8,12,-8,12,-9,11,-9,11,-10,10,-10,10,-10,9,-10,8,-11,7,0,0,0,0,0,0,0,0,0,0,0,0,0,0,0,0,0,0,0,0,0,0,-6,6,-7,6,-8,6,-9,6,-9,6,-10,5,-10,5,-11,5,-11,4,-11,4,-12,4,-11,4,-11,4,-11,4,-11,4,-11,4,-11,5,-11,5,-11,6,-11,6,-11,7,-11,7,-11,8,-11,8,-11,8,-11,8]"
2025-08-18 22:34:12.524114,CSI_DATA,1474,1a:00:00:00:00:00,-42,11,0,0,0,0,0,0,0,0,0,-94,0,1,0,251780434,0,31,0,128,0,"[0,0,8,12,8,11,9,11,9,11,9,10,9,10,9,10,10,9,10,9,11,8,11,8,11,7,11,8,12,7,12,7,13,7,12,8,13,8,13,8,12,9,11,9,10,10,10,10,9,10,8,10,8,11,0,0,0,0,0,0,0,0,0,0,0,0,0,0,0,0,0,0,0,0,0,0,6,7,6,7,5,8,5,9,5,9,5,10,4,11,4,11,4,11,3,11,3,12,3,11,3,11,3,11,4,11,4,11,4,11,5,11,5,11,6,11,6,11,7,11,7,11,8,11,8,12,8,11]"
2025-08-18 22:34:12.590947,CSI_DATA,1475,1a:00:00:00:00:00,-42,11,0,0,0,0,0,0,0,0,0,-94,0,1,0,251841273,0,42,0,128,0,"[0,0,3,-13,3,-13,3,-14,3,-13,2,-14,2,-13,2,-13,1,-13,0,-13,0,-13,-1,-13,-1,-13,-1,-14,-2,-14,-2,-14,-2,-14,-1,-14,-1,-15,-1,-15,0,-15,1,-15,1,-14,1,-14,2,-13,3,-13,3,-12,0,0,0,0,0,0,0,0,0,0,0,0,0,0,0,0,0,0,0,0,0,0,1,-9,2,-10,2,-10,3,-10,4,-10,4,-10,5,-10,5,-10,6,-10,6,-10,6,-10,6,-10,6,-10,6,-10,6,-10,5,-10,5,-10,5,-11,5,-11,4,-11,4,-12,4,-12,4,-12,3,-13,3,-13,3,-14]"
2025-08-18 22:34:12.657849,CSI_DATA,1476,1a:00:00:00:00:00,-42,11,0,0,0,0,0,0,0,0,0,-94,0,1,0,251908318,0,31,0,128,0,"[0,0,10,-10,10,-10,10,-10,9,-10,9,-10,9,-11,8,-11,8,-11,7,-11,7,-11,7,-12,6,-12,6,-12,6,-13,6,-13,6,-13,6,-13,7,-13,7,-13,8,-13,8,-12,9,-11,9,-11,9,-10,9,-9,10,-8,0,0,0,0,0,0,0,0,0,0,0,0,0,0,0,0,0,0,0,0,0,0,5,-7,6,-7,7,-7,8,-7,8,-7,9,-7,9,-6,10,-6,10,-6,10,-5,10,-5,10,-5,10,-5,10,-5,10,-6,10,-5,10,-6,9,-7,9,-7,10,-8,9,-8,10,-9,10,-9,10,-9,10,-10,10,-10]"
2025-08-18 22:34:12.862555,CSI_DATA,1477,1a:00:00:00:00:00,-42,11,0,0,0,0,0,0,0,0,0,-94,0,1,0,252109517,0,31,0,128,0,"[0,0,-13,-7,-13,-7,-13,-7,-13,-6,-13,-6,-13,-6,-13,-6,-13,-5,-13,-4,-13,-4,-13,-3,-13,-3,-14,-3,-14,-2,-14,-2,-14,-2,-15,-2,-15,-3,-15,-4,-15,-4,-14,-5,-14,-5,-13,-6,-13,-6,-12,-6,-12,-7,0,0,0,0,0,0,0,0,0,0,0,0,0,0,0,0,0,0,0,0,0,0,-9,-4,-9,-5,-9,-5,-9,-6,-9,-6,-9,-7,-9,-8,-9,-8,-9,-9,-8,-9,-8,-9,-8,-9,-8,-9,-8,-9,-9,-9,-9,-8,-9,-8,-10,-8,-10,-8,-10,-8,-11,-8,-11,-7,-12,-7,-12,-7,-12,-7,-13,-7]"
2025-08-18 22:34:13.069159,CSI_DATA,1478,1a:00:00:00:00:00,-42,11,0,0,0,0,0,0,0,0,0,-94,0,1,0,252310777,0,31,0,128,0,"[0,0,6,-13,6,-13,5,-13,5,-13,5,-13,4,-13,4,-13,3,-13,3,-13,2,-13,2,-14,1,-14,1,-14,1,-14,1,-14,1,-15,1,-15,2,-15,2,-15,3,-15,3,-14,4,-14,4,-13,4,-13,5,-12,6,-12,0,0,0,0,0,0,0,0,0,0,0,0,0,0,0,0,0,0,0,0,0,0,3,-9,3,-9,4,-9,5,-9,5,-9,6,-10,7,-9,7,-9,8,-9,8,-9,8,-9,8,-9,8,-9,8,-9,7,-9,7,-9,7,-9,7,-10,7,-10,6,-11,6,-11,6,-12,6,-12,6,-12,6,-13,6,-13]"
2025-08-18 22:34:13.259522,CSI_DATA,1479,1a:00:00:00:00:00,-42,11,0,0,0,0,0,0,0,0,0,-94,0,1,0,252511864,0,31,0,128,0,"[0,0,-2,14,-2,13,-2,13,-1,13,-1,13,-1,13,-1,13,0,13,0,12,1,13,1,13,2,13,2,13,3,13,3,13,3,13,2,14,2,14,2,14,1,14,0,14,0,13,-1,13,-1,13,-2,12,-3,12,0,0,0,0,0,0,0,0,0,0,0,0,0,0,0,0,0,0,0,0,0,0,-1,9,-1,9,-2,9,-3,10,-3,10,-4,10,-4,11,-5,10,-5,10,-6,10,-6,10,-6,10,-6,10,-5,10,-5,10,-5,10,-5,10,-4,11,-4,11,-4,12,-3,12,-3,12,-3,13,-2,13,-2,13,-2,13]"
2025-08-18 22:34:13.460664,CSI_DATA,1480,1a:00:00:00:00:00,-42,11,0,0,0,0,0,0,0,0,0,-94,0,1,0,252713020,0,31,0,128,0,"[0,0,-2,14,-2,13,-2,14,-1,13,-1,13,-1,13,0,13,1,13,1,13,2,12,2,12,2,12,3,13,3,13,3,13,4,13,3,13,3,14,2,14,2,14,1,14,1,14,0,13,0,13,-1,13,-2,12,0,0,0,0,0,0,0,0,0,0,0,0,0,0,0,0,0,0,0,0,0,0,-1,9,-1,9,-2,9,-3,10,-3,10,-4,10,-5,10,-5,10,-5,10,-6,10,-6,10,-6,10,-6,10,-6,10,-5,10,-5,10,-5,11,-4,10,-4,11,-4,11,-4,12,-3,12,-3,13,-3,13,-2,13,-2,13]"
2025-08-18 22:34:13.867022,CSI_DATA,1481,1a:00:00:00:00:00,-42,11,0,0,0,0,0,0,0,0,0,-94,0,1,0,252914172,0,31,0,128,0,"[0,0,5,-14,4,-14,4,-14,4,-14,4,-14,3,-14,3,-13,2,-14,2,-13,1,-13,1,-14,0,-14,0,-14,-1,-14,0,-15,0,-15,0,-15,0,-15,0,-15,1,-15,1,-15,2,-14,3,-14,3,-14,4,-13,4,-12,0,0,0,0,0,0,0,0,0,0,0,0,0,0,0,0,0,0,0,0,0,0,2,-9,3,-9,3,-10,4,-10,5,-10,6,-10,6,-10,6,-10,7,-10,7,-9,7,-9,8,-9,7,-9,7,-9,7,-9,7,-10,6,-10,6,-10,6,-11,6,-11,5,-12,5,-12,5,-13,5,-13,5,-13,5,-13]"
2025-08-18 22:34:13.873240,CSI_DATA,1482,1a:00:00:00:00:00,-42,11,0,0,0,0,0,0,0,0,0,-94,0,1,0,253115339,0,31,0,128,0,"[0,0,0,-16,0,-15,-1,-15,-1,-15,-1,-15,-1,-15,-1,-15,-2,-15,-3,-14,-3,-14,-4,-14,-5,-14,-5,-14,-6,-14,-5,-14,-6,-15,-5,-15,-5,-15,-4,-16,-4,-16,-3,-15,-2,-16,-2,-15,-2,-15,-1,-14,0,-14,0,0,0,0,0,0,0,0,0,0,0,0,0,0,0,0,0,0,0,0,0,0,-1,-10,-1,-11,0,-11,0,-11,1,-12,2,-12,3,-12,3,-12,4,-12,4,-12,4,-12,4,-12,4,-12,3,-12,4,-12,3,-12,3,-12,2,-12,2,-13,2,-13,2,-13,1,-14,0,-14,0,-15,0,-15,0,-15]"
2025-08-18 22:34:14.065001,CSI_DATA,1483,1a:00:00:00:00:00,-42,11,0,0,0,0,0,0,0,0,0,-94,0,1,0,253316673,0,31,0,128,0,"[0,0,-11,9,-11,9,-10,9,-10,9,-10,9,-9,9,-9,9,-8,10,-8,10,-8,10,-7,11,-7,11,-7,11,-7,11,-6,12,-7,12,-7,12,-8,12,-8,12,-8,11,-9,11,-9,10,-9,10,-9,9,-10,8,-10,8,0,0,0,0,0,0,0,0,0,0,0,0,0,0,0,0,0,0,0,0,0,0,-6,6,-7,6,-8,6,-8,6,-9,6,-10,5,-10,5,-10,5,-11,4,-11,4,-11,4,-11,4,-11,4,-11,4,-11,4,-11,5,-10,5,-10,5,-10,6,-10,6,-10,7,-10,7,-10,8,-11,8,-10,8,-10,9]"
2025-08-18 22:34:14.122297,CSI_DATA,1484,1a:00:00:00:00:00,-42,11,0,0,0,0,0,0,0,0,0,-94,0,1,0,253377404,0,42,0,128,0,"[0,0,1,14,2,13,2,13,2,13,2,13,2,13,3,13,3,12,4,12,4,12,5,11,5,12,5,12,5,12,6,12,6,12,6,13,5,13,5,13,4,13,4,13,3,14,2,13,2,13,1,13,0,12,0,0,0,0,0,0,0,0,0,0,0,0,0,0,0,0,0,0,0,0,0,0,2,8,2,9,1,9,1,10,0,10,0,10,-1,11,-1,11,-2,11,-2,11,-2,11,-3,11,-2,11,-2,11,-2,11,-2,11,-1,11,-1,11,0,11,0,12,0,12,0,12,1,13,1,13,2,13,2,13]"
2025-08-18 22:34:14.197583,CSI_DATA,1485,1a:00:00:00:00:00,-42,11,0,0,0,0,0,0,0,0,0,-94,0,1,0,253445221,0,31,0,128,0,"[0,0,-14,-2,-14,-2,-14,-2,-14,-2,-14,-1,-14,-1,-14,0,-14,0,-13,1,-14,1,-14,1,-13,2,-14,2,-14,3,-14,3,-14,3,-15,3,-15,3,-15,3,-15,2,-15,2,-14,1,-14,0,-14,-1,-14,-2,-13,-2,0,0,0,0,0,0,0,0,0,0,0,0,0,0,0,0,0,0,0,0,0,0,-10,-2,-10,-2,-10,-3,-10,-3,-10,-4,-11,-5,-11,-5,-11,-5,-11,-6,-11,-6,-11,-7,-10,-7,-10,-6,-10,-6,-11,-6,-11,-5,-11,-5,-12,-5,-12,-4,-12,-4,-13,-3,-13,-3,-14,-3,-14,-3,-14,-3,-14,-3]"
2025-08-18 22:34:14.394318,CSI_DATA,1486,1a:00:00:00:00:00,-42,11,0,0,0,0,0,0,0,0,0,-94,0,1,0,253646280,0,31,0,128,0,"[0,0,-9,11,-9,11,-9,11,-8,11,-8,11,-8,11,-8,11,-7,11,-6,11,-5,11,-5,12,-5,12,-4,13,-4,13,-5,13,-5,13,-5,13,-5,13,-6,13,-7,13,-7,12,-7,12,-8,11,-8,11,-8,10,-9,9,0,0,0,0,0,0,0,0,0,0,0,0,0,0,0,0,0,0,0,0,0,0,-5,7,-6,7,-7,7,-7,7,-8,7,-8,7,-9,7,-9,7,-10,6,-10,6,-10,6,-10,6,-10,6,-10,6,-10,6,-10,6,-10,7,-9,7,-9,8,-9,8,-9,9,-9,9,-9,10,-9,10,-9,11,-9,11]"
2025-08-18 22:34:14.601633,CSI_DATA,1487,1a:00:00:00:00:00,-42,11,0,0,0,0,0,0,0,0,0,-94,0,1,0,253847427,0,31,0,128,0,"[0,0,-14,-4,-14,-4,-14,-4,-14,-3,-14,-3,-14,-3,-14,-2,-14,-2,-14,-1,-14,-1,-14,0,-14,0,-14,1,-14,1,-15,1,-15,1,-15,1,-15,1,-15,0,-15,0,-15,-1,-15,-2,-14,-2,-14,-3,-13,-3,-13,-4,0,0,0,0,0,0,0,0,0,0,0,0,0,0,0,0,0,0,0,0,0,0,-9,-2,-10,-3,-10,-4,-10,-4,-10,-5,-10,-6,-10,-6,-10,-7,-10,-7,-10,-7,-10,-7,-10,-8,-10,-7,-10,-7,-10,-7,-10,-6,-11,-6,-11,-6,-11,-6,-12,-5,-12,-5,-13,-5,-13,-5,-13,-4,-14,-4,-14,-4]"
2025-08-18 22:34:14.793271,CSI_DATA,1488,1a:00:00:00:00:00,-42,11,0,0,0,0,0,0,0,0,0,-94,0,1,0,254048583,0,31,0,128,0,"[0,0,13,3,13,2,13,2,13,2,13,2,13,1,13,1,13,0,13,0,13,-1,13,-1,13,-2,13,-2,13,-2,13,-3,13,-2,14,-2,14,-2,14,-1,14,-1,14,0,14,0,13,1,13,2,12,2,12,3,0,0,0,0,0,0,0,0,0,0,0,0,0,0,0,0,0,0,0,0,0,0,9,1,9,1,9,2,9,3,10,3,10,4,10,5,10,5,10,5,9,6,9,6,9,6,9,6,9,6,9,5,10,5,10,5,10,4,10,4,11,4,11,4,12,3,12,3,12,3,13,3,13,3]"
2025-08-18 22:34:14.997669,CSI_DATA,1489,1a:00:00:00:00:00,-42,11,0,0,0,0,0,0,0,0,0,-94,0,1,0,254249816,0,31,0,128,0,"[0,0,10,-10,9,-11,9,-10,9,-11,8,-11,8,-11,8,-11,7,-11,7,-11,6,-12,6,-12,5,-12,5,-13,5,-13,5,-13,5,-13,6,-14,6,-14,6,-13,7,-13,7,-13,8,-12,8,-11,8,-11,9,-10,9,-9,0,0,0,0,0,0,0,0,0,0,0,0,0,0,0,0,0,0,0,0,0,0,5,-8,6,-7,7,-7,7,-7,8,-7,9,-7,9,-6,10,-6,10,-6,10,-5,10,-5,10,-5,10,-5,10,-5,10,-6,9,-6,9,-6,9,-7,9,-7,9,-8,9,-8,9,-9,9,-9,9,-9,10,-9,10,-10]"
2025-08-18 22:34:15.206192,CSI_DATA,1490,1a:00:00:00:00:00,-42,11,0,0,0,0,0,0,0,0,0,-94,0,1,0,254451150,0,31,0,128,0,"[0,0,-10,-10,-11,-10,-10,-10,-11,-10,-11,-9,-11,-9,-11,-9,-11,-8,-11,-8,-12,-7,-12,-7,-12,-6,-13,-6,-13,-6,-13,-6,-14,-6,-14,-7,-14,-7,-14,-8,-13,-8,-13,-9,-12,-9,-11,-9,-11,-9,-10,-9,-9,-10,0,0,0,0,0,0,0,0,0,0,0,0,0,0,0,0,0,0,0,0,0,0,-7,-6,-7,-7,-7,-8,-7,-8,-7,-9,-7,-9,-7,-10,-6,-10,-6,-11,-6,-11,-6,-11,-6,-11,-6,-11,-6,-11,-6,-11,-6,-10,-7,-10,-7,-10,-7,-10,-8,-10,-8,-10,-9,-10,-10,-10,-10,-10,-10,-10,-10,-10]"
2025-08-18 22:34:15.398221,CSI_DATA,1491,1a:00:00:00:00:00,-42,11,0,0,0,0,0,0,0,0,0,-94,0,1,0,254652275,0,31,0,128,0,"[0,0,0,15,0,14,0,14,1,14,1,14,1,13,2,13,2,13,3,13,3,12,4,13,4,13,4,13,5,13,5,13,5,13,5,14,5,14,5,14,4,14,3,14,3,14,2,14,1,14,0,13,0,13,0,0,0,0,0,0,0,0,0,0,0,0,0,0,0,0,0,0,0,0,0,0,0,9,0,10,-1,10,-2,10,-2,10,-3,11,-3,11,-3,11,-4,11,-5,11,-5,11,-5,11,-5,11,-4,11,-4,11,-4,11,-3,12,-3,12,-3,12,-2,12,-2,13,-2,13,-1,13,-1,14,-1,14,0,14]"
2025-08-18 22:34:15.596030,CSI_DATA,1492,1a:00:00:00:00:00,-42,11,0,0,0,0,0,0,0,0,0,-94,0,1,0,254853387,0,31,0,128,0,"[0,0,13,5,13,4,12,4,13,4,13,3,12,3,12,2,13,2,13,1,13,1,13,1,12,0,13,0,13,-1,13,-1,14,-1,14,-1,14,0,14,0,14,0,14,1,13,2,13,2,13,3,12,3,12,4,0,0,0,0,0,0,0,0,0,0,0,0,0,0,0,0,0,0,0,0,0,0,8,2,8,3,8,4,8,5,9,5,8,6,9,7,8,7,8,7,8,8,8,8,8,8,8,8,8,7,8,7,8,7,9,6,9,6,9,6,10,6,10,5,11,5,11,5,12,5,12,5,12,5]"
2025-08-18 22:34:15.666961,CSI_DATA,1493,1a:00:00:00:00:00,-42,11,0,0,0,0,0,0,0,0,0,-94,0,1,0,254914193,0,42,0,128,0,"[0,0,-14,-2,-14,-2,-14,-2,-14,-2,-14,-1,-14,-1,-14,0,-14,0,-14,1,-13,1,-14,1,-13,2,-14,2,-14,3,-14,3,-14,3,-14,3,-15,2,-15,2,-15,2,-15,1,-15,0,-14,0,-14,-1,-14,-2,-13,-3,0,0,0,0,0,0,0,0,0,0,0,0,0,0,0,0,0,0,0,0,0,0,-10,-1,-10,-2,-10,-3,-10,-3,-11,-3,-11,-4,-11,-5,-11,-5,-11,-6,-11,-6,-11,-6,-11,-7,-11,-6,-11,-6,-11,-6,-11,-5,-11,-5,-12,-5,-12,-4,-12,-4,-13,-4,-13,-3,-13,-3,-14,-3,-14,-3,-14,-3]"
2025-08-18 22:34:15.729677,CSI_DATA,1494,1a:00:00:00:00:00,-42,11,0,0,0,0,0,0,0,0,0,-94,0,1,0,254980566,0,31,0,128,0,"[0,0,10,-9,10,-9,10,-10,9,-10,10,-10,9,-10,9,-10,8,-11,8,-11,7,-11,7,-11,6,-12,6,-12,6,-12,7,-12,7,-13,7,-13,8,-13,8,-12,8,-12,9,-12,9,-11,9,-10,9,-10,9,-9,10,-8,0,0,0,0,0,0,0,0,0,0,0,0,0,0,0,0,0,0,0,0,0,0,5,-7,7,-7,7,-7,8,-7,8,-6,9,-6,10,-5,10,-6,10,-5,10,-5,10,-4,10,-4,10,-5,10,-5,10,-5,10,-5,10,-5,10,-6,10,-7,10,-7,10,-7,10,-8,10,-8,10,-9,10,-9,10,-9]"
2025-08-18 22:34:15.927625,CSI_DATA,1495,1a:00:00:00:00:00,-42,11,0,0,0,0,0,0,0,0,0,-94,0,1,0,255181636,0,31,0,128,0,"[0,0,14,1,14,1,14,1,14,1,14,0,13,0,13,0,13,-1,13,-1,13,-2,13,-3,13,-3,13,-4,13,-4,13,-4,14,-4,14,-4,14,-4,15,-3,14,-3,14,-2,14,-1,14,-1,14,0,13,0,13,1,0,0,0,0,0,0,0,0,0,0,0,0,0,0,0,0,0,0,0,0,0,0,9,0,9,0,9,1,10,2,10,2,10,3,11,4,10,4,10,5,10,5,10,5,10,5,10,5,10,5,10,5,10,4,11,4,11,3,11,3,12,3,12,3,12,2,13,2,13,1,13,2,13,1]"
2025-08-18 22:34:16.130891,CSI_DATA,1496,1a:00:00:00:00:00,-42,11,0,0,0,0,0,0,0,0,0,-94,0,1,0,255382892,0,31,0,128,0,"[0,0,2,13,2,13,2,13,2,13,2,13,3,12,3,12,4,12,4,12,4,12,4,12,5,12,5,11,6,12,6,12,6,12,6,12,6,13,6,13,5,13,4,13,4,13,3,13,2,13,1,12,0,12,0,0,0,0,0,0,0,0,0,0,0,0,0,0,0,0,0,0,0,0,0,0,2,8,2,9,1,9,0,10,0,10,-1,10,-1,11,-1,11,-2,11,-3,11,-3,11,-3,11,-3,11,-3,11,-2,11,-2,11,-2,11,-1,11,-1,12,0,12,0,12,1,12,1,13,1,13,1,13,2,13]"
2025-08-18 22:34:16.349224,CSI_DATA,1497,1a:00:00:00:00:00,-42,11,0,0,0,0,0,0,0,0,0,-94,0,1,0,255584202,0,31,0,128,0,"[0,0,3,-15,2,-15,2,-15,2,-15,1,-15,1,-14,0,-14,0,-14,0,-14,-1,-14,-2,-14,-2,-14,-2,-14,-3,-14,-3,-15,-3,-15,-3,-16,-2,-15,-2,-16,-1,-16,-1,-15,0,-15,1,-15,1,-14,2,-14,3,-13,0,0,0,0,0,0,0,0,0,0,0,0,0,0,0,0,0,0,0,0,0,0,0,-10,1,-10,2,-10,2,-10,3,-11,4,-11,4,-11,5,-11,5,-11,5,-11,6,-11,6,-11,6,-11,5,-11,5,-11,5,-11,5,-11,4,-12,4,-12,4,-13,3,-13,3,-13,3,-14,3,-14,3,-14,3,-15]"
2025-08-18 22:34:16.728874,CSI_DATA,1498,1a:00:00:00:00:00,-42,11,0,0,0,0,0,0,0,0,0,-94,0,1,0,255785344,0,31,0,128,0,"[0,0,9,9,10,9,9,9,10,9,10,8,10,8,10,8,10,7,11,6,11,6,11,5,12,5,12,5,12,5,13,5,13,5,13,5,13,5,13,6,12,6,12,7,11,7,11,8,10,8,10,8,9,8,0,0,0,0,0,0,0,0,0,0,0,0,0,0,0,0,0,0,0,0,0,0,6,6,6,6,6,7,6,8,6,8,5,9,5,9,5,10,4,10,4,10,4,10,4,10,4,10,4,10,5,10,5,10,5,10,6,9,6,9,7,9,7,9,8,9,8,9,9,9,9,9,9,9]"
2025-08-18 22:34:16.733069,CSI_DATA,1499,1a:00:00:00:00:00,-42,11,0,0,0,0,0,0,0,0,0,-94,0,1,0,255986454,0,31,0,128,0,"[0,0,12,7,12,6,12,6,12,5,12,5,12,5,12,5,12,4,12,4,12,3,12,3,13,2,13,2,13,2,13,2,14,2,14,2,14,2,14,3,14,4,13,4,13,5,12,5,12,5,11,6,10,6,0,0,0,0,0,0,0,0,0,0,0,0,0,0,0,0,0,0,0,0,0,0,8,3,8,4,8,4,8,5,8,6,8,6,8,7,8,7,8,8,7,8,7,8,7,8,7,8,8,8,7,8,7,8,8,7,9,7,9,7,9,7,10,7,10,7,11,6,11,6,11,6,12,6]"
2025-08-18 22:34:16.932047,CSI_DATA,1500,1a:00:00:00:00:00,-42,11,0,0,0,0,0,0,0,0,0,-94,0,1,0,256187610,0,31,0,128,0,"[0,0,2,13,3,13,3,13,3,13,4,12,3,12,4,12,4,12,5,11,5,11,6,11,6,11,7,11,7,11,7,11,7,11,7,12,7,12,7,12,6,12,5,13,5,13,4,13,4,12,3,12,2,12,0,0,0,0,0,0,0,0,0,0,0,0,0,0,0,0,0,0,0,0,0,0,2,8,2,9,1,9,1,10,0,10,0,11,-1,11,-1,11,-2,11,-2,11,-2,11,-2,11,-2,11,-2,11,-2,11,-1,11,-1,11,0,11,0,11,0,12,1,12,1,12,2,13,2,13,3,13,3,13]"
2025-08-18 22:34:17.139465,CSI_DATA,1501,1a:00:00:00:00:00,-42,11,0,0,0,0,0,0,0,0,0,-94,0,1,0,256388863,0,31,0,128,0,"[0,0,2,-14,2,-14,2,-14,2,-14,2,-13,1,-13,0,-14,0,-14,0,-13,-1,-14,-1,-13,-2,-13,-2,-13,-3,-14,-3,-14,-3,-14,-2,-15,-2,-15,-2,-15,-1,-15,-1,-14,0,-14,1,-14,1,-14,2,-13,3,-13,0,0,0,0,0,0,0,0,0,0,0,0,0,0,0,0,0,0,0,0,0,0,1,-9,1,-9,2,-10,3,-10,3,-10,4,-10,4,-10,5,-10,5,-10,6,-10,6,-10,6,-9,6,-10,6,-10,5,-10,5,-10,5,-10,4,-11,4,-11,3,-12,3,-12,3,-12,3,-13,3,-13,3,-13,3,-13]"
2025-08-18 22:34:17.196773,CSI_DATA,1502,1a:00:00:00:00:00,-42,11,0,0,0,0,0,0,0,0,0,-94,0,1,0,256449604,0,42,0,128,0,"[0,0,13,-2,13,-2,13,-2,13,-3,13,-3,13,-3,12,-4,12,-4,12,-5,12,-5,12,-6,12,-6,12,-6,12,-7,12,-7,12,-7,13,-7,13,-7,13,-6,13,-6,13,-5,13,-4,13,-4,13,-3,13,-2,12,-1,0,0,0,0,0,0,0,0,0,0,0,0,0,0,0,0,0,0,0,0,0,0,8,-2,9,-2,9,-1,9,-1,10,0,11,0,11,1,11,1,11,2,11,2,11,2,11,3,11,2,11,2,11,2,11,2,11,1,11,0,12,0,12,0,12,-1,12,-1,13,-1,13,-2,13,-2,13,-2]"
2025-08-18 22:34:17.269699,CSI_DATA,1503,1a:00:00:00:00:00,-42,11,0,0,0,0,0,0,0,0,0,-94,0,1,0,256516355,0,31,0,128,0,"[0,0,-13,-6,-13,-6,-13,-6,-13,-6,-13,-5,-13,-5,-13,-4,-13,-4,-13,-3,-14,-2,-14,-2,-14,-1,-14,-2,-14,-1,-14,-1,-15,-1,-15,-1,-15,-1,-15,-2,-15,-3,-15,-3,-14,-4,-14,-4,-13,-4,-13,-5,-12,-6,0,0,0,0,0,0,0,0,0,0,0,0,0,0,0,0,0,0,0,0,0,0,-9,-4,-9,-4,-9,-5,-9,-6,-9,-7,-9,-7,-9,-8,-9,-8,-9,-9,-9,-9,-8,-9,-8,-9,-9,-9,-9,-8,-9,-8,-9,-8,-9,-8,-10,-8,-10,-7,-11,-7,-11,-7,-11,-7,-12,-6,-13,-6,-13,-6,-13,-6]"
2025-08-18 22:34:17.472070,CSI_DATA,1504,1a:00:00:00:00:00,-42,11,0,0,0,0,0,0,0,0,0,-94,0,1,0,256717588,0,31,0,128,0,"[0,0,-9,-12,-9,-12,-9,-12,-9,-11,-9,-11,-9,-11,-9,-11,-10,-10,-10,-10,-11,-9,-11,-9,-11,-8,-11,-8,-12,-8,-12,-8,-12,-9,-12,-9,-12,-9,-12,-10,-12,-10,-11,-11,-10,-11,-10,-10,-9,-11,-8,-11,-8,-11,0,0,0,0,0,0,0,0,0,0,0,0,0,0,0,0,0,0,0,0,0,0,-6,-7,-6,-8,-6,-9,-6,-9,-5,-10,-5,-11,-4,-11,-4,-11,-4,-12,-4,-12,-4,-12,-4,-12,-4,-12,-4,-11,-4,-11,-4,-11,-5,-12,-5,-11,-6,-11,-6,-11,-6,-11,-7,-12,-8,-11,-8,-12,-8,-12,-8,-12]"
2025-08-18 22:34:17.669426,CSI_DATA,1505,1a:00:00:00:00:00,-42,11,0,0,0,0,0,0,0,0,0,-94,0,1,0,256918701,0,31,0,128,0,"[0,0,-15,2,-15,2,-14,3,-14,3,-14,3,-14,4,-13,4,-13,5,-13,5,-13,5,-13,5,-12,6,-12,6,-12,7,-13,7,-13,7,-13,7,-14,7,-14,7,-14,6,-14,6,-14,5,-14,4,-14,3,-14,2,-14,1,0,0,0,0,0,0,0,0,0,0,0,0,0,0,0,0,0,0,0,0,0,0,-9,2,-10,2,-10,1,-11,1,-12,0,-12,0,-12,-1,-12,-1,-12,-2,-12,-2,-13,-3,-12,-3,-12,-2,-12,-2,-12,-2,-12,-1,-13,-1,-12,0,-13,0,-13,1,-13,1,-14,1,-14,2,-14,2,-14,2,-14,2]"
2025-08-18 22:34:17.863779,CSI_DATA,1506,1a:00:00:00:00:00,-42,11,0,0,0,0,0,0,0,0,0,-94,0,1,0,257119850,0,31,0,128,0,"[0,0,5,12,5,12,5,12,6,12,6,11,6,11,7,11,7,11,7,10,8,10,8,10,8,9,9,9,9,9,10,10,10,9,10,10,9,10,9,11,9,11,8,11,7,11,7,12,6,11,5,11,4,11,0,0,0,0,0,0,0,0,0,0,0,0,0,0,0,0,0,0,0,0,0,0,4,7,4,8,3,9,3,9,3,10,2,10,2,11,1,11,1,11,0,11,0,11,0,11,0,11,1,11,1,11,1,11,2,11,2,11,2,11,3,11,3,11,4,12,4,12,5,12,5,12,5,12]"
2025-08-18 22:34:18.068427,CSI_DATA,1507,1a:00:00:00:00:00,-42,11,0,0,0,0,0,0,0,0,0,-94,0,1,0,257321114,0,31,0,128,0,"[0,0,-7,12,-7,12,-7,12,-6,12,-6,12,-6,12,-5,12,-5,12,-4,12,-3,12,-3,12,-3,13,-2,13,-2,13,-2,13,-2,14,-3,14,-3,14,-4,14,-4,14,-5,13,-5,13,-5,12,-6,12,-6,11,-7,11,0,0,0,0,0,0,0,0,0,0,0,0,0,0,0,0,0,0,0,0,0,0,-4,8,-5,8,-5,8,-6,8,-6,8,-7,8,-8,8,-8,8,-9,8,-9,8,-9,8,-9,7,-9,8,-9,8,-9,8,-8,8,-8,8,-7,9,-8,9,-8,9,-7,10,-7,10,-7,11,-7,12,-7,12,-7,12]"
2025-08-18 22:34:18.269445,CSI_DATA,1508,1a:00:00:00:00:00,-42,11,0,0,0,0,0,0,0,0,0,-94,0,1,0,257522218,0,31,0,128,0,"[0,0,7,-13,6,-14,6,-14,6,-14,6,-14,6,-13,5,-13,5,-14,4,-14,3,-14,3,-14,2,-14,2,-15,2,-15,2,-15,2,-15,2,-16,3,-16,3,-16,4,-15,5,-15,5,-15,5,-14,5,-14,6,-13,7,-12,0,0,0,0,0,0,0,0,0,0,0,0,0,0,0,0,0,0,0,0,0,0,3,-9,4,-9,5,-9,6,-9,6,-10,7,-9,8,-9,8,-9,9,-9,9,-8,9,-8,9,-8,9,-8,9,-9,9,-9,8,-9,8,-9,8,-10,8,-10,8,-11,8,-11,8,-12,7,-12,7,-13,7,-13,7,-13]"
2025-08-18 22:34:18.466248,CSI_DATA,1509,1a:00:00:00:00:00,-42,11,0,0,0,0,0,0,0,0,0,-94,0,1,0,257723370,0,31,0,128,0,"[0,0,12,5,13,5,12,4,13,4,12,4,12,4,12,3,12,3,12,2,13,1,13,1,13,0,13,0,13,0,14,0,14,-1,14,0,14,0,15,1,14,1,14,2,13,3,13,3,13,3,12,4,11,5,0,0,0,0,0,0,0,0,0,0,0,0,0,0,0,0,0,0,0,0,0,0,8,2,8,3,9,4,8,4,9,5,9,6,9,6,9,7,8,7,8,7,8,7,8,8,8,7,8,7,8,7,9,7,9,6,9,6,10,6,10,6,10,6,11,5,11,5,12,5,12,5,12,5]"
2025-08-18 22:34:18.674914,CSI_DATA,1510,1a:00:00:00:00:00,-42,11,0,0,0,0,0,0,0,0,0,-94,0,1,0,257924731,0,31,0,128,0,"[0,0,5,-14,4,-15,4,-15,4,-14,3,-15,3,-14,2,-14,2,-15,1,-14,1,-14,0,-15,-1,-15,-1,-15,-1,-15,-1,-15,-1,-16,-1,-16,0,-16,0,-16,1,-16,1,-16,2,-15,2,-15,3,-15,3,-14,4,-13,0,0,0,0,0,0,0,0,0,0,0,0,0,0,0,0,0,0,0,0,0,0,2,-10,3,-10,4,-10,4,-10,5,-11,6,-11,6,-10,7,-11,7,-10,7,-10,7,-10,7,-10,7,-10,7,-10,7,-10,7,-10,6,-11,6,-11,6,-12,6,-12,5,-13,5,-13,5,-13,5,-14,5,-14,4,-14]"
2025-08-18 22:34:18.734556,CSI_DATA,1511,1a:00:00:00:00:00,-42,11,0,0,0,0,0,0,0,0,0,-94,0,1,0,257985462,0,42,0,128,0,"[0,0,-10,10,-10,10,-9,10,-9,11,-9,10,-8,11,-8,11,-7,11,-7,11,-6,11,-6,11,-6,12,-5,12,-5,12,-5,13,-5,13,-6,13,-6,13,-6,13,-7,13,-8,12,-8,12,-8,11,-8,11,-9,9,-9,9,0,0,0,0,0,0,0,0,0,0,0,0,0,0,0,0,0,0,0,0,0,0,-6,7,-6,7,-7,7,-8,7,-9,7,-9,6,-10,6,-10,6,-10,6,-11,5,-11,5,-11,5,-11,5,-10,5,-10,5,-10,6,-10,6,-10,7,-10,7,-10,8,-10,8,-10,9,-10,9,-10,10,-10,10,-10,10]"
2025-08-18 22:34:18.807735,CSI_DATA,1512,1a:00:00:00:00:00,-42,11,0,0,0,0,0,0,0,0,0,-94,0,1,0,258052613,0,31,0,128,0,"[0,0,-10,-10,-11,-10,-10,-10,-11,-10,-11,-9,-11,-9,-11,-9,-11,-8,-11,-8,-12,-7,-12,-7,-12,-7,-13,-6,-13,-6,-14,-6,-13,-6,-14,-6,-14,-7,-14,-7,-13,-8,-13,-8,-12,-8,-12,-9,-11,-9,-10,-9,-9,-10,0,0,0,0,0,0,0,0,0,0,0,0,0,0,0,0,0,0,0,0,0,0,-7,-6,-7,-7,-7,-8,-7,-8,-7,-9,-7,-10,-7,-10,-6,-11,-6,-11,-5,-11,-5,-11,-5,-11,-5,-11,-5,-11,-6,-11,-6,-11,-6,-10,-7,-10,-7,-10,-8,-10,-8,-10,-9,-10,-9,-10,-10,-11,-10,-11,-10,-11]"
2025-08-18 22:34:19.012306,CSI_DATA,1513,1a:00:00:00:00:00,-42,11,0,0,0,0,0,0,0,0,0,-94,0,1,0,258253765,0,31,0,128,0,"[0,0,-6,-14,-6,-14,-6,-13,-6,-13,-6,-13,-7,-12,-7,-12,-7,-12,-8,-12,-8,-11,-9,-10,-9,-10,-10,-11,-10,-11,-10,-11,-10,-11,-10,-11,-10,-11,-10,-12,-9,-12,-8,-12,-8,-12,-7,-12,-7,-12,-6,-12,-5,-13,0,0,0,0,0,0,0,0,0,0,0,0,0,0,0,0,0,0,0,0,0,0,-5,-9,-4,-9,-4,-10,-3,-10,-3,-11,-2,-11,-2,-12,-2,-12,-1,-12,-1,-12,-1,-12,-1,-12,-1,-12,-1,-12,-1,-12,-2,-12,-2,-12,-3,-12,-3,-12,-3,-12,-4,-13,-4,-13,-5,-13,-5,-13,-6,-13,-6,-13]"
2025-08-18 22:34:19.204220,CSI_DATA,1514,1a:00:00:00:00:00,-42,11,0,0,0,0,0,0,0,0,0,-94,0,1,0,258454956,0,31,0,128,0,"[0,0,-12,7,-12,7,-12,7,-12,8,-12,8,-11,8,-11,8,-10,8,-10,8,-10,9,-9,9,-9,10,-9,10,-9,10,-9,11,-9,11,-9,11,-10,11,-11,11,-11,10,-11,10,-11,9,-11,8,-11,8,-11,7,-12,6,0,0,0,0,0,0,0,0,0,0,0,0,0,0,0,0,0,0,0,0,0,0,-8,5,-8,5,-9,5,-10,4,-10,4,-11,4,-11,3,-12,3,-12,3,-12,2,-12,2,-12,2,-12,2,-12,2,-11,3,-11,3,-12,3,-12,4,-12,4,-12,5,-12,5,-12,5,-12,6,-12,7,-12,7,-12,7]"
2025-08-18 22:34:19.423480,CSI_DATA,1515,1a:00:00:00:00:00,-42,11,0,0,0,0,0,0,0,0,0,-94,0,1,0,258656099,0,31,0,128,0,"[0,0,-12,-9,-11,-9,-12,-9,-11,-9,-12,-8,-12,-8,-12,-8,-12,-7,-12,-7,-12,-6,-13,-5,-13,-5,-13,-5,-14,-5,-14,-5,-14,-5,-14,-5,-14,-5,-15,-6,-14,-6,-14,-6,-13,-7,-13,-7,-12,-8,-11,-8,-11,-9,0,0,0,0,0,0,0,0,0,0,0,0,0,0,0,0,0,0,0,0,0,0,-8,-6,-8,-7,-7,-7,-7,-8,-7,-9,-7,-10,-7,-10,-7,-10,-6,-11,-6,-11,-6,-11,-6,-11,-6,-11,-6,-10,-7,-10,-7,-10,-7,-10,-8,-9,-8,-10,-9,-10,-9,-9,-10,-10,-10,-9,-11,-9,-11,-9,-11,-9]"
2025-08-18 22:34:19.602798,CSI_DATA,1516,1a:00:00:00:00:00,-42,11,0,0,0,0,0,0,0,0,0,-94,0,1,0,258857248,0,31,0,128,0,"[0,0,2,13,2,13,2,13,3,13,3,13,3,13,3,12,4,12,4,12,5,11,6,11,6,11,6,11,6,11,7,11,7,12,7,12,6,12,6,13,6,13,5,13,4,13,4,13,3,13,2,12,2,12,0,0,0,0,0,0,0,0,0,0,0,0,0,0,0,0,0,0,0,0,0,0,2,8,1,9,0,9,0,10,-1,10,-1,10,-2,11,-2,11,-2,11,-3,11,-3,11,-3,11,-3,11,-2,11,-2,11,-2,11,-2,11,-1,11,-1,12,0,12,0,12,0,12,1,13,1,13,2,13,2,13]"
2025-08-18 22:34:19.807492,CSI_DATA,1517,1a:00:00:00:00:00,-42,11,0,0,0,0,0,0,0,0,0,-94,0,1,0,259058614,0,31,0,128,0,"[0,0,-11,9,-10,9,-10,9,-10,9,-10,10,-9,10,-9,10,-8,10,-8,10,-7,11,-7,11,-7,11,-7,11,-6,12,-7,12,-7,12,-7,13,-7,12,-8,13,-8,12,-9,12,-9,11,-9,11,-10,10,-10,9,-10,8,0,0,0,0,0,0,0,0,0,0,0,0,0,0,0,0,0,0,0,0,0,0,-7,6,-7,6,-8,6,-9,6,-9,6,-10,5,-10,5,-11,5,-11,5,-11,4,-12,4,-11,4,-11,4,-11,4,-11,4,-11,5,-10,5,-11,6,-10,6,-11,7,-10,7,-10,8,-11,8,-11,9,-11,9,-10,9]"
2025-08-18 22:34:20.006960,CSI_DATA,1518,1a:00:00:00:00:00,-42,11,0,0,0,0,0,0,0,0,0,-94,0,1,0,259259722,0,31,0,128,0,"[0,0,-2,14,-1,14,-1,13,-1,13,0,13,0,13,0,13,1,13,1,13,2,12,2,12,3,12,4,13,4,13,4,13,4,13,3,14,3,14,3,14,2,14,1,14,1,14,0,13,0,13,-1,12,-2,12,0,0,0,0,0,0,0,0,0,0,0,0,0,0,0,0,0,0,0,0,0,0,0,9,-1,9,-1,9,-2,10,-2,10,-3,10,-4,11,-4,11,-5,10,-5,10,-5,10,-5,10,-5,10,-5,10,-5,10,-4,10,-4,11,-4,11,-3,11,-3,12,-3,12,-2,12,-2,13,-2,13,-2,13,-1,13]"
2025-08-18 22:34:20.210343,CSI_DATA,1519,1a:00:00:00:00:00,-42,11,0,0,0,0,0,0,0,0,0,-94,0,1,0,259460947,0,31,0,128,0,"[0,0,-14,4,-14,5,-14,4,-13,5,-13,5,-13,6,-13,6,-12,6,-12,7,-12,7,-12,8,-11,8,-11,8,-11,9,-12,9,-12,9,-12,9,-12,9,-13,9,-13,8,-13,7,-13,7,-13,6,-13,5,-13,4,-14,3,0,0,0,0,0,0,0,0,0,0,0,0,0,0,0,0,0,0,0,0,0,0,-9,4,-10,3,-10,3,-11,2,-11,2,-12,1,-12,1,-13,1,-13,0,-13,0,-13,0,-13,-1,-13,0,-12,0,-13,0,-12,0,-13,1,-12,1,-13,2,-13,2,-13,3,-13,3,-14,4,-14,4,-14,4,-14,4]"
2025-08-18 22:34:20.267469,CSI_DATA,1520,1a:00:00:00:00:00,-42,11,0,0,0,0,0,0,0,0,0,-94,0,1,0,259521693,0,42,0,128,0,"[0,0,14,2,14,2,14,2,14,2,14,1,13,1,13,0,13,-1,13,-1,13,-1,13,-1,13,-2,13,-2,13,-3,14,-3,14,-3,14,-2,15,-2,15,-2,15,-1,15,-1,14,0,14,1,13,2,13,2,12,3,0,0,0,0,0,0,0,0,0,0,0,0,0,0,0,0,0,0,0,0,0,0,9,0,9,1,10,1,10,2,10,3,10,3,11,4,11,4,11,5,10,5,10,6,10,6,10,5,10,5,10,5,10,5,10,4,11,4,11,4,12,3,12,3,12,3,13,3,13,3,13,3,14,2]"
2025-08-18 22:34:20.334611,CSI_DATA,1521,1a:00:00:00:00:00,-42,11,0,0,0,0,0,0,0,0,0,-94,0,1,0,259589979,0,31,0,128,0,"[0,0,3,13,3,13,4,13,4,13,4,12,4,12,4,12,5,12,5,11,6,11,6,11,7,11,7,11,7,11,8,11,8,11,8,12,8,12,7,12,6,12,6,13,5,13,5,12,4,12,3,12,2,12,0,0,0,0,0,0,0,0,0,0,0,0,0,0,0,0,0,0,0,0,0,0,3,8,2,8,2,9,1,9,1,10,1,10,0,11,-1,11,-1,11,-1,11,-1,11,-1,11,-1,11,-1,11,-1,11,-1,11,0,11,0,11,1,11,1,12,1,12,2,12,2,12,3,13,3,13,3,13]"
2025-08-18 22:34:20.534016,CSI_DATA,1522,1a:00:00:00:00:00,-42,11,0,0,0,0,0,0,0,0,0,-94,0,1,0,259791054,0,31,0,128,0,"[0,0,10,10,9,9,10,9,10,8,10,8,10,8,10,7,11,7,11,6,11,6,11,6,11,5,12,5,12,5,12,5,13,5,12,5,13,6,13,6,13,6,12,7,11,7,11,7,10,8,9,8,9,9,0,0,0,0,0,0,0,0,0,0,0,0,0,0,0,0,0,0,0,0,0,0,6,5,6,6,6,7,6,7,6,8,6,9,5,9,5,10,5,10,4,10,4,10,4,10,4,10,4,10,5,10,5,9,6,10,6,9,7,10,7,9,7,9,8,9,9,9,9,9,9,10,10,10]"
2025-08-18 22:34:20.741617,CSI_DATA,1523,1a:00:00:00:00:00,-42,11,0,0,0,0,0,0,0,0,0,-94,0,1,0,259993061,0,31,0,128,0,"[0,0,8,-12,7,-12,7,-12,7,-12,7,-12,6,-12,6,-12,5,-12,5,-12,4,-13,4,-13,3,-13,3,-13,3,-14,3,-14,3,-14,3,-15,4,-14,4,-15,4,-14,5,-14,5,-13,6,-13,6,-12,7,-11,7,-11,0,0,0,0,0,0,0,0,0,0,0,0,0,0,0,0,0,0,0,0,0,0,5,-8,5,-8,6,-8,7,-8,7,-8,8,-8,9,-7,9,-7,9,-7,9,-7,10,-6,10,-6,9,-7,9,-7,9,-7,9,-7,9,-8,8,-8,8,-9,8,-9,8,-9,8,-10,8,-10,8,-11,8,-11,8,-11]"
2025-08-18 22:34:20.949175,CSI_DATA,1524,1a:00:00:00:00:00,-42,11,0,0,0,0,0,0,0,0,0,-94,0,1,0,260193596,0,31,0,128,0,"[0,0,-11,-10,-11,-10,-11,-10,-11,-10,-11,-10,-11,-9,-11,-9,-11,-8,-11,-8,-12,-7,-12,-7,-12,-6,-13,-6,-13,-6,-13,-6,-13,-6,-14,-7,-14,-7,-14,-8,-13,-8,-13,-9,-12,-9,-11,-9,-11,-9,-10,-9,-9,-10,0,0,0,0,0,0,0,0,0,0,0,0,0,0,0,0,0,0,0,0,0,0,-8,-6,-7,-7,-7,-8,-7,-8,-7,-9,-7,-10,-7,-10,-6,-11,-6,-11,-6,-11,-5,-11,-5,-11,-5,-11,-6,-11,-6,-11,-6,-11,-7,-10,-7,-10,-7,-10,-8,-10,-8,-10,-9,-10,-9,-10,-10,-10,-10,-10,-10,-10]"
2025-08-18 22:34:21.141998,CSI_DATA,1525,1a:00:00:00:00:00,-42,11,0,0,0,0,0,0,0,0,0,-94,0,1,0,260394686,0,31,0,128,0,"[0,0,14,-2,14,-2,14,-3,14,-3,14,-4,13,-4,13,-4,13,-4,13,-5,13,-6,12,-6,12,-7,12,-7,12,-7,13,-8,13,-8,13,-8,13,-7,14,-7,14,-6,14,-5,14,-5,14,-4,14,-3,13,-3,13,-2,0,0,0,0,0,0,0,0,0,0,0,0,0,0,0,0,0,0,0,0,0,0,9,-3,9,-2,10,-2,10,-1,11,-1,11,0,12,1,12,1,12,2,12,2,12,2,12,3,12,2,12,2,12,2,12,1,12,1,12,0,12,0,13,0,13,-1,13,-1,14,-1,14,-2,14,-2,15,-2]"
2025-08-18 22:34:21.340657,CSI_DATA,1526,1a:00:00:00:00:00,-42,11,0,0,0,0,0,0,0,0,0,-94,0,1,0,260595820,0,31,0,128,0,"[0,0,4,14,4,13,4,14,5,13,5,13,5,13,5,12,6,12,6,12,7,11,7,11,8,11,8,11,8,11,8,11,9,11,8,12,8,12,8,12,7,13,7,13,6,13,5,13,5,13,4,13,3,13,0,0,0,0,0,0,0,0,0,0,0,0,0,0,0,0,0,0,0,0,0,0,4,8,3,9,2,9,2,10,2,10,1,11,0,11,0,12,0,12,-1,12,-1,12,-1,12,-1,12,-1,12,0,12,0,12,0,12,1,12,1,12,2,12,2,12,3,13,3,13,3,14,4,14,4,14]"
2025-08-18 22:34:21.546394,CSI_DATA,1527,1a:00:00:00:00:00,-42,11,0,0,0,0,0,0,0,0,0,-94,0,1,0,260796997,0,31,0,128,0,"[0,0,12,-9,12,-9,11,-9,11,-10,11,-10,10,-10,10,-10,9,-11,9,-11,8,-11,8,-11,8,-12,8,-12,7,-13,8,-13,8,-13,8,-13,8,-13,9,-13,9,-13,10,-12,10,-11,10,-11,10,-10,10,-9,11,-8,0,0,0,0,0,0,0,0,0,0,0,0,0,0,0,0,0,0,0,0,0,0,7,-7,8,-6,8,-6,9,-6,10,-6,10,-5,11,-5,11,-5,12,-4,12,-4,11,-4,12,-4,12,-4,11,-4,11,-4,11,-4,11,-5,11,-6,11,-6,11,-6,11,-7,12,-8,11,-8,11,-8,12,-9,11,-9]"
2025-08-18 22:34:21.741733,CSI_DATA,1528,1a:00:00:00:00:00,-42,11,0,0,0,0,0,0,0,0,0,-94,0,1,0,260998142,0,31,0,128,0,"[0,0,8,11,8,11,8,10,8,10,9,10,9,10,9,9,9,9,9,8,10,8,10,8,10,7,11,7,11,7,12,7,12,7,12,7,12,8,12,8,11,8,11,9,10,9,9,10,8,10,7,10,7,10,0,0,0,0,0,0,0,0,0,0,0,0,0,0,0,0,0,0,0,0,0,0,6,6,5,7,5,8,5,8,5,9,5,10,4,10,4,10,4,11,3,11,3,11,3,11,3,11,3,11,3,11,4,10,4,10,5,10,5,10,6,10,6,10,7,10,7,11,7,11,7,11,8,11]"
2025-08-18 22:34:21.825293,CSI_DATA,1529,1a:00:00:00:00:00,-42,11,0,0,0,0,0,0,0,0,0,-94,0,1,0,261058911,0,42,0,128,0,"[0,0,-1,-15,-1,-15,-1,-15,-1,-15,-2,-15,-2,-14,-3,-14,-3,-14,-4,-14,-4,-13,-4,-14,-5,-14,-5,-14,-6,-14,-6,-14,-6,-14,-6,-14,-6,-15,-5,-15,-5,-15,-4,-15,-3,-15,-3,-15,-2,-14,-1,-14,0,-14,0,0,0,0,0,0,0,0,0,0,0,0,0,0,0,0,0,0,0,0,0,0,-1,-10,0,-10,0,-11,1,-11,1,-11,2,-12,2,-12,3,-12,3,-12,4,-12,4,-12,4,-11,4,-12,4,-12,3,-12,3,-12,3,-12,2,-12,2,-13,1,-13,1,-13,1,-14,0,-14,0,-14,0,-15,0,-15]"
2025-08-18 22:34:21.873549,CSI_DATA,1530,1a:00:00:00:00:00,-42,11,0,0,0,0,0,0,0,0,0,-94,0,1,0,261124586,0,31,0,128,0,"[0,0,-10,10,-10,10,-9,10,-10,10,-9,10,-9,10,-8,10,-8,11,-7,11,-7,11,-6,11,-6,12,-6,12,-6,12,-6,13,-6,12,-6,13,-6,12,-7,13,-7,13,-8,12,-8,12,-9,11,-9,10,-9,9,-9,9,0,0,0,0,0,0,0,0,0,0,0,0,0,0,0,0,0,0,0,0,0,0,-6,7,-7,6,-8,7,-8,6,-9,7,-9,6,-10,6,-10,6,-11,5,-11,5,-11,5,-11,5,-11,5,-11,5,-10,5,-11,6,-10,6,-10,7,-10,7,-10,7,-10,8,-10,8,-10,9,-10,9,-10,10,-10,10]"
2025-08-18 22:34:22.075236,CSI_DATA,1531,1a:00:00:00:00:00,-42,11,0,0,0,0,0,0,0,0,0,-94,0,1,0,261325787,0,31,0,128,0,"[0,0,12,-6,12,-7,12,-7,12,-7,11,-7,11,-7,11,-8,10,-8,10,-8,10,-9,9,-9,9,-10,9,-10,9,-10,9,-11,9,-11,10,-11,10,-11,10,-11,11,-10,11,-9,11,-9,11,-8,11,-8,11,-7,11,-6,0,0,0,0,0,0,0,0,0,0,0,0,0,0,0,0,0,0,0,0,0,0,7,-5,8,-4,9,-4,9,-4,10,-3,10,-3,11,-3,11,-2,11,-2,11,-2,11,-1,11,-1,11,-1,11,-2,11,-2,11,-2,11,-3,11,-3,11,-4,11,-4,11,-4,11,-5,12,-6,12,-6,12,-6,12,-6]"
2025-08-18 22:34:22.280126,CSI_DATA,1532,1a:00:00:00:00:00,-42,11,0,0,0,0,0,0,0,0,0,-94,0,1,0,261526882,0,31,0,128,0,"[0,0,-14,-5,-14,-5,-13,-4,-14,-4,-14,-4,-13,-3,-14,-3,-14,-2,-14,-2,-14,-2,-14,-1,-14,-1,-14,0,-14,0,-15,1,-14,1,-15,0,-15,0,-15,-1,-15,-1,-15,-2,-15,-2,-14,-3,-14,-3,-13,-4,-13,-5,0,0,0,0,0,0,0,0,0,0,0,0,0,0,0,0,0,0,0,0,0,0,-9,-3,-9,-3,-10,-4,-10,-5,-10,-5,-10,-6,-10,-7,-10,-7,-10,-8,-10,-8,-10,-8,-9,-8,-9,-8,-9,-8,-9,-7,-10,-7,-10,-6,-11,-6,-11,-6,-11,-6,-12,-6,-13,-6,-13,-6,-13,-5,-13,-5,-13,-5]"
2025-08-18 22:34:22.484846,CSI_DATA,1533,1a:00:00:00:00:00,-42,11,0,0,0,0,0,0,0,0,0,-94,0,1,0,261728070,0,31,0,128,0,"[0,0,13,7,12,6,13,6,13,5,13,5,13,4,13,4,13,4,13,3,13,2,13,2,13,1,14,1,14,1,14,1,15,1,15,1,15,2,15,2,15,3,14,3,14,4,13,4,13,5,12,5,12,6,0,0,0,0,0,0,0,0,0,0,0,0,0,0,0,0,0,0,0,0,0,0,8,3,9,4,9,4,9,5,9,6,9,7,9,7,9,8,8,8,8,8,8,9,8,9,8,9,8,8,8,8,8,8,9,8,9,7,10,7,10,7,11,7,11,7,12,6,12,6,12,7,13,6]"
2025-08-18 22:34:22.601761,CSI_DATA,1534,1a:00:00:00:00:00,-42,11,0,0,0,0,0,0,0,0,0,-94,0,1,0,261854768,0,28,0,128,0,"[0,0,-6,12,-6,12,-5,12,-5,12,-4,12,-4,12,-4,12,-3,12,-3,12,-2,12,-2,12,-1,12,-1,13,0,13,-1,13,0,13,-1,14,-1,14,-1,14,-2,14,-3,13,-3,13,-4,13,-4,12,-4,12,-5,11,0,0,0,0,0,0,0,0,0,0,0,0,0,0,0,0,0,0,0,0,0,0,-3,8,-4,8,-5,8,-5,8,-6,9,-6,9,-7,8,-7,9,-8,8,-8,8,-8,8,-8,8,-8,8,-8,8,-8,8,-8,8,-7,9,-7,9,-7,10,-7,10,-6,10,-6,11,-6,11,-6,12,-5,12,-5,12]"
2025-08-18 22:34:22.684514,CSI_DATA,1535,1a:00:00:00:00:00,-42,11,0,0,0,0,0,0,0,0,0,-94,0,1,0,261929225,0,31,0,128,0,"[0,0,-7,-14,-7,-14,-7,-14,-7,-13,-8,-13,-8,-13,-8,-13,-9,-12,-9,-12,-9,-11,-10,-11,-10,-10,-11,-10,-11,-11,-11,-10,-12,-11,-11,-11,-12,-12,-11,-12,-11,-12,-10,-13,-9,-13,-8,-12,-8,-13,-7,-13,-6,-13,0,0,0,0,0,0,0,0,0,0,0,0,0,0,0,0,0,0,0,0,0,0,-6,-9,-5,-10,-5,-10,-5,-11,-4,-11,-4,-12,-3,-13,-3,-12,-2,-13,-2,-12,-2,-13,-2,-13,-2,-13,-2,-13,-2,-13,-3,-12,-3,-13,-4,-12,-4,-13,-5,-13,-5,-13,-6,-13,-6,-13,-7,-14,-7,-14,-7,-14]"
2025-08-18 22:34:22.879440,CSI_DATA,1536,1a:00:00:00:00:00,-42,11,0,0,0,0,0,0,0,0,0,-94,0,1,0,262130367,0,31,0,128,0,"[0,0,5,-14,4,-14,4,-14,4,-14,3,-14,3,-14,3,-14,2,-14,2,-14,1,-13,1,-14,0,-14,0,-14,0,-14,-2,-15,-3,-14,-1,-14,0,-15,0,-16,1,-15,1,-15,2,-14,3,-14,3,-14,4,-13,5,-12,0,0,0,0,0,0,0,0,0,0,0,0,0,0,0,0,0,0,0,0,0,0,2,-9,3,-10,3,-9,4,-10,4,-10,5,-10,6,-10,6,-10,7,-10,7,-9,7,-9,7,-9,7,-9,7,-9,7,-10,6,-9,6,-10,5,-10,6,-11,5,-11,5,-11,5,-12,5,-12,5,-13,5,-13,5,-14]"
2025-08-18 22:34:23.086288,CSI_DATA,1537,1a:00:00:00:00:00,-42,11,0,0,0,0,0,0,0,0,0,-94,0,1,0,262331784,0,31,0,128,0,"[0,0,-8,-12,-8,-13,-8,-12,-8,-12,-9,-12,-9,-11,-9,-11,-9,-11,-9,-10,-10,-10,-10,-9,-11,-9,-11,-9,-11,-9,-12,-9,-12,-9,-12,-10,-12,-10,-12,-10,-11,-11,-11,-11,-10,-11,-9,-11,-8,-11,-8,-12,-7,-12,0,0,0,0,0,0,0,0,0,0,0,0,0,0,0,0,0,0,0,0,0,0,-6,-8,-6,-9,-5,-9,-5,-9,-5,-10,-4,-11,-4,-11,-4,-12,-3,-12,-3,-12,-3,-12,-3,-12,-3,-12,-3,-12,-3,-12,-3,-12,-4,-11,-5,-12,-5,-12,-5,-12,-6,-12,-6,-12,-7,-12,-7,-12,-7,-12,-7,-12]"
2025-08-18 22:34:23.282212,CSI_DATA,1538,1a:00:00:00:00:00,-42,11,0,0,0,0,0,0,0,0,0,-94,0,1,0,262532832,0,31,0,128,0,"[0,0,-13,8,-13,8,-12,8,-13,8,-12,9,-12,8,-11,9,-11,9,-10,9,-10,10,-10,10,-9,11,-9,11,-9,11,-9,12,-9,12,-10,12,-10,12,-11,11,-11,11,-12,10,-12,10,-12,9,-12,8,-12,7,-12,6,0,0,0,0,0,0,0,0,0,0,0,0,0,0,0,0,0,0,0,0,0,0,-8,6,-9,6,-9,5,-10,5,-10,5,-11,4,-12,4,-12,4,-12,3,-12,3,-13,2,-12,2,-13,3,-12,3,-12,3,-12,3,-12,4,-12,4,-12,5,-12,5,-12,5,-12,6,-13,7,-13,7,-13,7,-13,8]"
2025-08-18 22:34:23.350068,CSI_DATA,1539,1a:00:00:00:00:00,-42,11,0,0,0,0,0,0,0,0,0,-94,0,1,0,262593655,0,42,0,128,0,"[0,0,11,8,11,8,11,8,11,7,11,7,11,7,11,6,11,6,11,5,12,5,12,4,12,3,12,4,13,3,13,4,13,4,13,4,13,4,13,5,13,5,13,6,12,6,11,6,11,6,10,7,10,8,0,0,0,0,0,0,0,0,0,0,0,0,0,0,0,0,0,0,0,0,0,0,7,4,7,5,7,6,7,6,7,7,7,8,7,9,6,9,6,9,6,9,6,9,6,9,6,9,6,9,6,9,6,9,7,8,7,8,8,8,8,8,8,8,9,8,10,8,10,8,11,8,11,8]"
2025-08-18 22:34:23.409071,CSI_DATA,1540,1a:00:00:00:00:00,-42,11,0,0,0,0,0,0,0,0,0,-94,0,1,0,262660784,0,31,0,128,0,"[0,0,6,-14,5,-14,5,-14,5,-13,5,-14,4,-13,4,-14,3,-14,3,-14,2,-14,1,-14,1,-14,0,-15,0,-15,1,-14,1,-15,1,-15,1,-15,2,-15,3,-15,3,-15,4,-15,3,-14,4,-14,4,-13,5,-13,0,0,0,0,0,0,0,0,0,0,0,0,0,0,0,0,0,0,0,0,0,0,3,-9,4,-10,4,-9,5,-10,5,-10,6,-10,7,-9,7,-9,8,-9,8,-9,8,-9,8,-9,8,-9,8,-9,8,-9,7,-9,8,-10,7,-10,7,-11,7,-11,6,-12,7,-12,6,-12,6,-13,6,-13,6,-14]"
2025-08-18 22:34:23.610847,CSI_DATA,1541,1a:00:00:00:00:00,-42,11,0,0,0,0,0,0,0,0,0,-94,0,1,0,262861863,0,31,0,128,0,"[0,0,11,-9,10,-9,10,-10,10,-10,9,-10,9,-10,9,-10,8,-10,8,-10,7,-11,7,-11,7,-12,6,-12,6,-12,6,-13,7,-13,7,-13,8,-13,8,-13,9,-12,9,-12,9,-11,9,-10,9,-10,9,-9,10,-8,0,0,0,0,0,0,0,0,0,0,0,0,0,0,0,0,0,0,0,0,0,0,6,-7,6,-7,7,-7,8,-7,8,-6,9,-6,10,-6,10,-5,10,-5,10,-5,10,-5,10,-4,10,-5,10,-5,10,-5,10,-5,10,-6,10,-6,10,-7,10,-7,10,-7,10,-8,10,-8,10,-9,10,-9,10,-9]"
2025-08-18 22:34:23.812280,CSI_DATA,1542,1a:00:00:00:00:00,-42,11,0,0,0,0,0,0,0,0,0,-94,0,1,0,263063025,0,31,0,128,0,"[0,0,-11,9,-11,10,-10,9,-11,10,-10,10,-10,10,-9,10,-9,10,-8,11,-8,11,-7,11,-7,12,-7,12,-6,12,-7,13,-7,13,-7,13,-8,13,-8,13,-9,12,-9,12,-9,11,-9,11,-10,10,-10,9,-10,8,0,0,0,0,0,0,0,0,0,0,0,0,0,0,0,0,0,0,0,0,0,0,-7,7,-7,6,-8,6,-9,6,-10,6,-10,6,-11,5,-11,5,-11,5,-12,4,-12,4,-12,4,-12,4,-11,4,-11,5,-11,5,-11,5,-11,6,-11,6,-11,7,-11,7,-11,8,-11,9,-11,9,-11,9,-11,9]"
2025-08-18 22:34:24.015122,CSI_DATA,1543,1a:00:00:00:00:00,-42,11,0,0,0,0,0,0,0,0,0,-94,0,1,0,263264211,0,31,0,128,0,"[0,0,10,-9,10,-10,10,-10,10,-10,9,-10,9,-10,9,-10,8,-11,8,-11,7,-11,7,-12,6,-12,6,-12,6,-12,6,-13,6,-13,7,-13,7,-13,8,-13,8,-12,9,-12,9,-11,9,-11,9,-10,9,-9,10,-9,0,0,0,0,0,0,0,0,0,0,0,0,0,0,0,0,0,0,0,0,0,0,5,-8,6,-7,7,-7,8,-7,8,-7,9,-7,10,-6,10,-6,10,-5,11,-5,11,-5,10,-5,11,-5,10,-5,10,-5,10,-6,10,-6,10,-7,10,-7,10,-7,10,-8,10,-8,10,-9,10,-9,10,-9,10,-10]"
2025-08-18 22:34:24.213097,CSI_DATA,1544,1a:00:00:00:00:00,-42,11,0,0,0,0,0,0,0,0,0,-94,0,1,0,263465538,0,31,0,128,0,"[0,0,9,-11,8,-12,8,-11,8,-12,7,-12,7,-12,7,-12,6,-12,6,-12,5,-12,5,-13,4,-13,4,-13,4,-14,4,-14,4,-14,4,-14,5,-14,5,-14,6,-14,6,-13,7,-13,7,-12,7,-12,8,-11,8,-10,0,0,0,0,0,0,0,0,0,0,0,0,0,0,0,0,0,0,0,0,0,0,4,-8,5,-8,6,-8,6,-8,7,-8,8,-8,9,-8,9,-7,9,-7,9,-7,9,-7,10,-7,10,-7,9,-7,9,-7,9,-7,9,-8,8,-8,9,-9,9,-9,9,-9,8,-10,8,-10,8,-11,9,-11,8,-11]"
2025-08-18 22:34:24.420293,CSI_DATA,1545,1a:00:00:00:00:00,-42,11,0,0,0,0,0,0,0,0,0,-94,0,1,0,263666682,0,31,0,128,0,"[0,0,-13,-8,-13,-7,-13,-7,-13,-7,-13,-7,-13,-6,-13,-6,-13,-5,-13,-4,-13,-4,-14,-4,-14,-3,-14,-3,-14,-3,-14,-2,-15,-3,-15,-3,-15,-3,-15,-3,-15,-4,-15,-4,-14,-5,-13,-5,-13,-6,-12,-6,-12,-7,0,0,0,0,0,0,0,0,0,0,0,0,0,0,0,0,0,0,0,0,0,0,-8,-5,-9,-6,-9,-6,-9,-7,-9,-7,-9,-8,-9,-9,-8,-9,-8,-9,-8,-10,-8,-10,-7,-10,-8,-10,-8,-10,-8,-9,-8,-9,-9,-9,-9,-8,-10,-9,-10,-8,-11,-8,-11,-8,-11,-8,-12,-8,-12,-8,-13,-8]"
2025-08-18 22:34:24.622305,CSI_DATA,1546,1a:00:00:00:00:00,-42,11,0,0,0,0,0,0,0,0,0,-94,0,1,0,263867805,0,31,0,128,0,"[0,0,-11,-10,-11,-10,-11,-10,-11,-10,-11,-9,-11,-9,-11,-8,-11,-8,-12,-7,-12,-7,-12,-7,-12,-6,-13,-6,-13,-6,-14,-6,-14,-6,-14,-6,-14,-7,-14,-7,-14,-7,-13,-8,-13,-8,-12,-8,-11,-9,-11,-9,-10,-9,0,0,0,0,0,0,0,0,0,0,0,0,0,0,0,0,0,0,0,0,0,0,-7,-7,-7,-7,-7,-8,-7,-9,-7,-9,-6,-10,-6,-10,-6,-11,-6,-11,-5,-11,-5,-11,-5,-11,-5,-11,-5,-11,-6,-11,-6,-11,-6,-11,-7,-10,-7,-11,-8,-10,-8,-10,-9,-10,-9,-10,-10,-10,-10,-11,-10,-11]"
2025-08-18 22:34:24.818963,CSI_DATA,1547,1a:00:00:00:00:00,-42,11,0,0,0,0,0,0,0,0,0,-94,0,1,0,264068930,0,31,0,128,0,"[0,0,-10,10,-10,11,-9,10,-10,11,-9,11,-9,11,-8,11,-8,11,-7,11,-7,12,-7,12,-6,12,-6,12,-5,12,-6,13,-6,13,-6,14,-7,13,-7,13,-7,13,-8,12,-8,12,-9,12,-9,10,-9,10,-10,9,0,0,0,0,0,0,0,0,0,0,0,0,0,0,0,0,0,0,0,0,0,0,-6,7,-7,7,-8,7,-8,7,-9,7,-9,6,-10,6,-11,6,-11,6,-11,6,-11,5,-11,5,-11,5,-11,5,-11,6,-11,6,-10,6,-10,7,-10,7,-10,8,-10,8,-10,9,-10,10,-10,10,-10,10,-10,10]"
2025-08-18 22:34:24.893308,CSI_DATA,1548,1a:00:00:00:00:00,-42,11,0,0,0,0,0,0,0,0,0,-94,0,1,0,264129742,0,42,0,128,0,"[0,0,13,-6,12,-7,12,-7,12,-8,12,-8,11,-8,11,-8,11,-8,10,-8,10,-9,10,-10,9,-10,9,-11,9,-11,10,-11,10,-11,10,-11,11,-11,11,-11,12,-10,12,-9,12,-9,12,-8,12,-8,12,-6,12,-6,0,0,0,0,0,0,0,0,0,0,0,0,0,0,0,0,0,0,0,0,0,0,7,-6,8,-6,9,-5,9,-5,10,-4,11,-4,11,-3,11,-3,11,-3,12,-2,12,-2,12,-2,12,-2,11,-2,11,-2,11,-3,11,-3,11,-4,11,-4,12,-5,12,-5,12,-5,12,-6,12,-6,12,-6,13,-7]"
2025-08-18 22:34:24.941513,CSI_DATA,1549,1a:00:00:00:00:00,-42,11,0,0,0,0,0,0,0,0,0,-94,0,1,0,264196493,0,31,0,128,0,"[0,0,14,2,13,2,13,1,13,1,14,1,13,1,13,0,13,0,13,-1,13,-2,13,-2,13,-3,13,-3,13,-3,13,-3,14,-3,14,-3,14,-3,14,-2,14,-1,14,-1,14,0,13,0,13,1,12,2,12,2,0,0,0,0,0,0,0,0,0,0,0,0,0,0,0,0,0,0,0,0,0,0,9,0,9,0,9,1,10,2,10,2,10,3,10,4,10,4,10,4,10,5,10,5,10,5,10,5,10,5,10,4,10,4,11,4,11,3,11,3,12,3,12,3,12,3,13,2,13,2,13,2,13,1]"
2025-08-18 22:34:25.142046,CSI_DATA,1550,1a:00:00:00:00:00,-42,11,0,0,0,0,0,0,0,0,0,-94,0,1,0,264397562,0,31,0,128,0,"[0,0,13,3,13,3,13,2,13,2,13,2,13,1,13,1,13,1,13,0,13,-1,13,-1,13,-1,13,-1,13,-2,14,-2,14,-2,14,-2,14,-1,14,-1,14,-1,14,0,14,1,13,1,13,2,12,3,12,3,0,0,0,0,0,0,0,0,0,0,0,0,0,0,0,0,0,0,0,0,0,0,9,1,9,1,9,2,9,3,10,3,10,4,10,5,10,5,10,5,9,6,9,6,9,6,9,6,9,6,9,5,10,5,10,5,10,4,10,4,11,4,11,4,12,3,12,3,12,3,13,3,13,3]"
2025-08-18 22:34:25.347860,CSI_DATA,1551,1a:00:00:00:00:00,-42,11,0,0,0,0,0,0,0,0,0,-94,0,1,0,264598912,0,31,0,128,0,"[0,0,5,-14,4,-13,4,-14,4,-13,4,-14,3,-14,3,-14,2,-14,2,-14,1,-13,1,-14,0,-14,0,-14,-1,-15,-1,-14,0,-15,0,-15,0,-16,1,-15,1,-15,2,-15,2,-15,3,-14,3,-14,4,-13,5,-13,0,0,0,0,0,0,0,0,0,0,0,0,0,0,0,0,0,0,0,0,0,0,2,-9,3,-10,3,-9,4,-10,5,-10,6,-10,6,-10,6,-10,7,-10,7,-9,7,-9,8,-9,7,-9,7,-9,7,-10,6,-9,7,-10,6,-10,6,-11,6,-11,6,-11,5,-12,5,-12,5,-13,5,-13,5,-14]"
2025-08-18 22:34:25.555249,CSI_DATA,1552,1a:00:00:00:00:00,-42,11,0,0,0,0,0,0,0,0,0,-94,0,1,0,264799985,0,31,0,128,0,"[0,0,-11,-10,-11,-10,-11,-10,-11,-10,-11,-9,-11,-9,-12,-8,-12,-8,-12,-7,-12,-7,-12,-7,-12,-6,-13,-6,-13,-6,-14,-5,-14,-6,-14,-6,-14,-6,-14,-7,-14,-7,-13,-8,-13,-8,-12,-8,-12,-9,-11,-9,-10,-9,0,0,0,0,0,0,0,0,0,0,0,0,0,0,0,0,0,0,0,0,0,0,-7,-7,-7,-7,-7,-8,-7,-8,-7,-9,-7,-10,-7,-10,-6,-11,-6,-11,-5,-11,-5,-12,-5,-11,-5,-11,-5,-11,-6,-11,-6,-11,-6,-10,-7,-10,-7,-10,-8,-10,-8,-10,-9,-10,-10,-10,-10,-10,-10,-10,-10,-11]"
2025-08-18 22:34:25.759907,CSI_DATA,1553,1a:00:00:00:00:00,-42,11,0,0,0,0,0,0,0,0,0,-94,0,1,0,265001141,0,31,0,128,0,"[0,0,8,-12,7,-12,7,-12,7,-12,7,-12,6,-12,6,-12,5,-12,5,-13,4,-13,4,-13,3,-13,3,-14,3,-14,3,-14,3,-14,3,-14,4,-14,5,-15,5,-14,5,-14,6,-13,6,-13,6,-12,7,-11,7,-11,0,0,0,0,0,0,0,0,0,0,0,0,0,0,0,0,0,0,0,0,0,0,4,-9,5,-9,6,-8,6,-8,7,-9,7,-8,8,-8,8,-8,9,-8,9,-8,9,-7,9,-7,9,-7,9,-8,9,-8,9,-8,8,-8,8,-9,8,-9,8,-9,8,-10,8,-11,8,-11,7,-12,7,-12,8,-12]"
2025-08-18 22:34:25.946998,CSI_DATA,1554,1a:00:00:00:00:00,-42,11,0,0,0,0,0,0,0,0,0,-94,0,1,0,265202399,0,31,0,128,0,"[0,0,4,13,5,13,5,13,5,13,6,12,6,12,6,12,6,11,7,11,8,11,8,10,8,10,9,10,9,10,9,10,9,10,9,11,9,11,9,11,9,12,8,12,7,12,6,12,6,12,5,12,4,12,0,0,0,0,0,0,0,0,0,0,0,0,0,0,0,0,0,0,0,0,0,0,4,8,3,9,3,10,2,10,2,10,1,11,1,12,1,12,0,12,-1,12,-1,12,-1,12,-1,12,0,12,0,11,0,12,1,11,1,12,2,12,2,12,2,12,3,12,4,13,4,13,4,13,4,13]"
2025-08-18 22:34:26.358616,CSI_DATA,1555,1a:00:00:00:00:00,-42,11,0,0,0,0,0,0,0,0,0,-94,0,1,0,265403578,0,31,0,128,0,"[0,0,10,9,10,8,10,8,11,8,11,7,10,7,10,7,11,6,11,6,11,5,12,5,12,4,12,4,12,4,13,4,13,4,13,5,13,5,13,5,13,6,12,6,12,7,11,7,10,7,10,8,9,8,0,0,0,0,0,0,0,0,0,0,0,0,0,0,0,0,0,0,0,0,0,0,7,5,7,6,7,6,7,7,7,8,6,8,6,9,6,9,6,10,5,10,5,10,5,10,5,10,5,10,5,9,6,9,6,9,7,9,7,9,8,9,8,9,8,9,9,9,9,9,10,9,10,9]"
2025-08-18 22:34:26.364820,CSI_DATA,1556,1a:00:00:00:00:00,-42,11,0,0,0,0,0,0,0,0,0,-94,0,1,0,265604686,0,31,0,128,0,"[0,0,-7,-14,-8,-14,-8,-13,-8,-13,-8,-13,-9,-13,-9,-12,-9,-12,-9,-11,-10,-11,-10,-11,-11,-10,-11,-10,-11,-10,-12,-10,-12,-10,-12,-11,-12,-11,-12,-11,-12,-12,-11,-12,-10,-12,-9,-12,-8,-13,-8,-12,-7,-13,0,0,0,0,0,0,0,0,0,0,0,0,0,0,0,0,0,0,0,0,0,0,-5,-9,-5,-10,-5,-10,-5,-11,-4,-11,-4,-12,-4,-13,-3,-13,-3,-13,-2,-13,-2,-13,-1,-13,-1,-13,-2,-13,-3,-13,-3,-13,-3,-13,-4,-13,-4,-13,-5,-13,-5,-13,-6,-13,-6,-13,-6,-14,-7,-14,-7,-14]"
2025-08-18 22:34:26.420394,CSI_DATA,1557,1a:00:00:00:00:00,-42,11,0,0,0,0,0,0,0,0,0,-94,0,1,0,265665545,0,42,0,128,0,"[0,0,14,0,14,-1,13,-1,14,-2,13,-2,13,-2,13,-2,13,-3,12,-3,12,-4,12,-4,12,-5,12,-5,12,-5,13,-6,13,-6,13,-5,14,-5,14,-5,14,-4,14,-3,14,-3,13,-2,13,-2,13,-1,12,0,0,0,0,0,0,0,0,0,0,0,0,0,0,0,0,0,0,0,0,0,0,0,9,-2,9,-1,10,-1,10,0,10,1,11,1,11,2,11,2,11,3,11,3,11,4,11,4,11,4,11,3,11,3,11,2,11,2,11,2,11,1,12,1,12,1,13,0,13,0,13,0,13,0,14,0]"
2025-08-18 22:34:26.486223,CSI_DATA,1558,1a:00:00:00:00:00,-42,11,0,0,0,0,0,0,0,0,0,-94,0,1,0,265732603,0,31,0,128,0,"[0,0,-13,-7,-13,-7,-13,-7,-13,-6,-13,-6,-13,-6,-13,-5,-13,-5,-13,-4,-13,-4,-13,-3,-14,-2,-14,-2,-14,-2,-15,-2,-15,-2,-15,-2,-15,-3,-15,-3,-15,-4,-15,-4,-14,-4,-14,-5,-13,-5,-13,-6,-12,-6,0,0,0,0,0,0,0,0,0,0,0,0,0,0,0,0,0,0,0,0,0,0,-9,-4,-9,-5,-9,-6,-9,-6,-9,-7,-9,-8,-9,-8,-9,-9,-9,-9,-8,-9,-8,-10,-8,-10,-8,-9,-8,-9,-8,-9,-8,-9,-9,-9,-10,-8,-10,-8,-10,-8,-11,-8,-11,-8,-12,-7,-12,-7,-12,-7,-13,-7]"
2025-08-18 22:34:26.681370,CSI_DATA,1559,1a:00:00:00:00:00,-42,11,0,0,0,0,0,0,0,0,0,-94,0,1,0,265933692,0,31,0,128,0,"[0,0,14,-2,13,-2,13,-3,13,-3,13,-3,13,-3,13,-3,12,-4,12,-4,12,-5,12,-6,11,-6,11,-7,12,-7,12,-7,12,-7,12,-7,13,-7,13,-6,14,-5,13,-5,13,-4,13,-4,13,-3,13,-3,12,-1,0,0,0,0,0,0,0,0,0,0,0,0,0,0,0,0,0,0,0,0,0,0,8,-3,9,-2,9,-1,10,-1,10,-1,11,0,11,1,11,1,11,2,11,2,11,2,11,2,11,2,11,2,11,2,11,1,11,1,11,0,12,0,12,0,12,0,12,-1,13,-1,13,-2,13,-2,14,-2]"
2025-08-18 22:34:26.887182,CSI_DATA,1560,1a:00:00:00:00:00,-42,11,0,0,0,0,0,0,0,0,0,-94,0,1,0,266134840,0,31,0,128,0,"[0,0,-15,-1,-15,0,-14,0,-14,0,-14,1,-14,1,-14,1,-14,2,-13,2,-14,3,-13,3,-13,4,-13,4,-13,4,-14,5,-13,5,-14,5,-14,5,-15,4,-15,4,-15,3,-14,3,-14,2,-14,1,-14,0,-13,-1,0,0,0,0,0,0,0,0,0,0,0,0,0,0,0,0,0,0,0,0,0,0,-10,0,-10,0,-11,-1,-11,-2,-11,-2,-12,-3,-12,-3,-12,-4,-12,-4,-12,-5,-12,-5,-11,-5,-11,-5,-12,-4,-11,-4,-12,-4,-12,-4,-12,-3,-12,-3,-13,-2,-13,-2,-13,-2,-14,-1,-14,-1,-14,-1,-14,-1]"
2025-08-18 22:34:27.085252,CSI_DATA,1561,1a:00:00:00:00:00,-42,11,0,0,0,0,0,0,0,0,0,-94,0,1,0,266336098,0,31,0,128,0,"[0,0,-12,8,-12,8,-12,7,-12,8,-11,8,-11,8,-10,8,-10,9,-10,9,-9,9,-9,10,-9,10,-9,10,-8,11,-9,11,-9,11,-9,11,-9,11,-10,11,-10,11,-10,10,-11,10,-11,9,-11,8,-11,7,-11,6,0,0,0,0,0,0,0,0,0,0,0,0,0,0,0,0,0,0,0,0,0,0,-8,5,-8,5,-9,5,-10,4,-10,4,-11,4,-11,3,-12,3,-12,3,-12,2,-12,2,-12,2,-12,2,-12,2,-12,3,-12,3,-11,3,-11,4,-12,4,-12,5,-11,6,-12,6,-12,7,-12,7,-12,7,-12,7]"
2025-08-18 22:34:27.297341,CSI_DATA,1562,1a:00:00:00:00:00,-42,11,0,0,0,0,0,0,0,0,0,-94,0,1,0,266537244,0,31,0,128,0,"[0,0,-14,-5,-14,-5,-14,-5,-14,-4,-14,-4,-14,-4,-14,-4,-13,-3,-14,-2,-13,-2,-14,-1,-14,-1,-14,0,-14,0,-14,0,-15,0,-15,0,-16,-1,-16,-1,-15,-2,-15,-2,-15,-3,-14,-4,-14,-4,-13,-5,-12,-5,0,0,0,0,0,0,0,0,0,0,0,0,0,0,0,0,0,0,0,0,0,0,-10,-2,-10,-3,-10,-4,-10,-4,-10,-5,-11,-6,-11,-6,-10,-7,-10,-7,-10,-8,-10,-8,-10,-8,-10,-8,-10,-7,-10,-8,-10,-7,-10,-7,-11,-6,-11,-6,-12,-6,-12,-6,-12,-5,-13,-5,-13,-5,-13,-5,-14,-5]"
2025-08-18 22:34:27.485544,CSI_DATA,1563,1a:00:00:00:00:00,-42,11,0,0,0,0,0,0,0,0,0,-94,0,1,0,266738405,0,31,0,128,0,"[0,0,14,0,13,-1,13,-1,14,-1,14,-2,13,-2,13,-2,13,-3,12,-3,12,-4,12,-4,12,-5,12,-5,12,-6,13,-6,13,-6,13,-5,14,-5,14,-5,14,-4,14,-4,14,-3,13,-2,13,-2,13,-1,13,0,0,0,0,0,0,0,0,0,0,0,0,0,0,0,0,0,0,0,0,0,0,0,9,-2,9,-1,10,0,10,0,10,1,11,2,11,2,11,3,11,3,11,3,11,3,11,4,11,3,11,3,11,3,11,3,11,2,11,2,12,1,12,1,12,1,13,1,13,0,13,0,14,0,14,-1]"
2025-08-18 22:34:27.695015,CSI_DATA,1564,1a:00:00:00:00:00,-42,11,0,0,0,0,0,0,0,0,0,-94,0,1,0,266939763,0,31,0,128,0,"[0,0,-9,-12,-9,-12,-9,-11,-9,-12,-10,-11,-10,-11,-10,-10,-10,-10,-10,-9,-11,-9,-11,-9,-11,-8,-12,-8,-12,-8,-13,-8,-13,-8,-12,-9,-13,-9,-13,-9,-12,-9,-12,-10,-11,-10,-10,-10,-10,-11,-9,-11,-8,-11,0,0,0,0,0,0,0,0,0,0,0,0,0,0,0,0,0,0,0,0,0,0,-6,-8,-6,-8,-6,-9,-5,-9,-6,-10,-5,-11,-5,-11,-4,-12,-4,-12,-4,-12,-3,-12,-3,-12,-4,-12,-4,-12,-4,-11,-4,-11,-5,-11,-5,-11,-6,-12,-7,-11,-7,-11,-7,-11,-8,-12,-8,-12,-8,-12,-8,-12]"
2025-08-18 22:34:27.896411,CSI_DATA,1565,1a:00:00:00:00:00,-42,11,0,0,0,0,0,0,0,0,0,-94,0,1,0,267140836,0,31,0,128,0,"[0,0,-10,-12,-10,-12,-10,-12,-10,-11,-11,-11,-11,-11,-11,-10,-11,-10,-11,-9,-12,-8,-12,-8,-13,-8,-13,-8,-13,-8,-13,-8,-14,-8,-14,-8,-14,-9,-14,-9,-13,-9,-13,-10,-12,-10,-11,-10,-11,-11,-10,-11,-9,-11,0,0,0,0,0,0,0,0,0,0,0,0,0,0,0,0,0,0,0,0,0,0,-7,-7,-7,-8,-7,-9,-7,-10,-7,-10,-6,-11,-6,-11,-6,-12,-5,-12,-5,-12,-5,-12,-5,-12,-5,-12,-5,-12,-5,-12,-5,-11,-6,-12,-6,-11,-7,-12,-7,-12,-8,-12,-8,-12,-9,-11,-9,-11,-10,-12,-10,-12]"
2025-08-18 22:34:27.952364,CSI_DATA,1566,1a:00:00:00:00:00,-42,11,0,0,0,0,0,0,0,0,0,-94,0,1,0,267201681,0,42,0,128,0,"[0,0,-9,12,-8,12,-8,12,-8,12,-7,13,-7,12,-7,13,-6,13,-5,12,-5,12,-5,13,-4,13,-4,13,-4,14,-4,14,-4,14,-4,15,-5,15,-5,15,-6,14,-6,14,-7,13,-7,13,-8,12,-8,11,-9,11,0,0,0,0,0,0,0,0,0,0,0,0,0,0,0,0,0,0,0,0,0,0,-4,8,-5,8,-6,8,-7,8,-7,8,-8,9,-9,8,-9,8,-10,8,-10,7,-10,7,-10,7,-10,7,-10,8,-10,8,-10,8,-10,8,-9,9,-9,9,-9,10,-9,10,-8,11,-8,11,-9,12,-9,12,-8,12]"
2025-08-18 22:34:28.012209,CSI_DATA,1567,1a:00:00:00:00:00,-42,11,0,0,0,0,0,0,0,0,0,-94,0,1,0,267268380,0,31,0,128,0,"[0,0,14,3,13,3,13,3,13,2,13,2,13,2,13,1,13,1,13,0,13,0,13,-1,13,-1,13,-1,13,-2,14,-2,14,-2,14,-2,14,-1,15,-1,14,0,14,0,14,1,13,2,13,2,12,3,12,3,0,0,0,0,0,0,0,0,0,0,0,0,0,0,0,0,0,0,0,0,0,0,8,1,9,2,9,2,9,3,10,3,10,4,10,5,10,5,9,6,9,6,9,6,9,6,9,6,9,6,9,6,9,5,10,5,10,5,10,4,11,4,11,4,12,4,12,3,12,3,13,3,13,3]"
2025-08-18 22:34:28.221379,CSI_DATA,1568,1a:00:00:00:00:00,-42,11,0,0,0,0,0,0,0,0,0,-94,0,1,0,267469521,0,31,0,128,0,"[0,0,0,-15,-1,-15,-1,-15,-1,-14,-2,-15,-2,-14,-2,-14,-3,-14,-3,-14,-4,-14,-4,-13,-5,-14,-5,-13,-6,-14,-6,-14,-6,-14,-6,-14,-5,-15,-5,-15,-4,-15,-4,-15,-3,-15,-2,-14,-2,-14,-1,-14,0,-14,0,0,0,0,0,0,0,0,0,0,0,0,0,0,0,0,0,0,0,0,0,0,-1,-10,-1,-11,0,-11,1,-11,1,-12,2,-12,3,-12,3,-12,3,-12,4,-12,4,-12,4,-12,4,-12,4,-12,3,-12,3,-12,2,-12,2,-12,2,-13,1,-13,1,-13,1,-14,1,-14,0,-14,0,-14,0,-15]"
2025-08-18 22:34:28.418542,CSI_DATA,1569,1a:00:00:00:00:00,-42,11,0,0,0,0,0,0,0,0,0,-94,0,1,0,267670657,0,31,0,128,0,"[0,0,9,-11,8,-12,8,-11,8,-12,7,-12,7,-12,6,-12,6,-12,5,-12,5,-13,5,-13,4,-13,4,-13,3,-14,4,-14,3,-14,4,-15,4,-14,4,-14,5,-14,5,-14,6,-13,6,-13,7,-12,7,-11,7,-11,0,0,0,0,0,0,0,0,0,0,0,0,0,0,0,0,0,0,0,0,0,0,5,-8,6,-8,7,-8,7,-7,8,-8,9,-7,9,-7,9,-7,10,-6,10,-6,10,-6,10,-6,10,-6,10,-6,9,-6,9,-7,9,-7,9,-8,9,-8,9,-9,9,-9,9,-10,9,-10,9,-11,9,-11,8,-11]"
2025-08-18 22:34:28.621213,CSI_DATA,1570,1a:00:00:00:00:00,-42,11,0,0,0,0,0,0,0,0,0,-94,0,1,0,267871811,0,31,0,128,0,"[0,0,-12,8,-12,8,-12,8,-11,8,-11,8,-11,9,-10,8,-10,9,-9,9,-9,9,-9,10,-8,10,-9,10,-8,11,-8,11,-8,11,-9,11,-9,12,-10,11,-10,11,-10,10,-10,10,-11,9,-11,8,-11,7,-11,7,0,0,0,0,0,0,0,0,0,0,0,0,0,0,0,0,0,0,0,0,0,0,-8,5,-9,5,-9,4,-10,4,-10,4,-11,4,-11,3,-12,3,-12,3,-12,2,-12,2,-12,2,-12,2,-12,2,-12,3,-12,3,-12,4,-11,4,-12,4,-11,5,-12,5,-12,6,-12,6,-12,7,-12,7,-13,7]"
2025-08-18 22:34:28.829337,CSI_DATA,1571,1a:00:00:00:00:00,-42,11,0,0,0,0,0,0,0,0,0,-94,0,1,0,268073186,0,31,0,128,0,"[0,0,4,-14,4,-14,4,-14,3,-14,3,-14,3,-14,2,-14,2,-14,1,-13,1,-13,0,-14,-1,-14,-1,-14,-1,-14,-1,-14,-1,-15,-1,-15,0,-15,0,-15,1,-15,1,-15,2,-14,2,-14,2,-14,3,-13,4,-13,0,0,0,0,0,0,0,0,0,0,0,0,0,0,0,0,0,0,0,0,0,0,2,-9,2,-10,3,-10,4,-10,4,-10,5,-10,6,-10,6,-10,7,-10,7,-10,7,-10,7,-9,7,-10,7,-10,7,-10,6,-10,6,-10,5,-11,6,-11,5,-11,5,-12,5,-12,4,-12,4,-13,4,-13,5,-14]"
2025-08-18 22:34:29.021465,CSI_DATA,1572,1a:00:00:00:00:00,-42,11,0,0,0,0,0,0,0,0,0,-94,0,1,0,268274299,0,31,0,128,0,"[0,0,-4,13,-4,13,-4,13,-4,13,-3,13,-3,13,-2,13,-2,13,-2,13,-1,13,-1,13,0,13,0,13,1,13,1,13,1,14,1,14,0,14,0,14,-1,14,-1,14,-2,14,-3,14,-3,13,-4,12,-5,12,0,0,0,0,0,0,0,0,0,0,0,0,0,0,0,0,0,0,0,0,0,0,-2,9,-3,9,-4,9,-4,9,-5,9,-5,10,-6,10,-6,9,-7,10,-7,9,-8,9,-8,9,-8,9,-7,9,-7,9,-7,9,-6,10,-6,10,-6,10,-5,11,-5,11,-5,12,-5,12,-5,13,-5,13,-4,13]"
2025-08-18 22:34:29.224852,CSI_DATA,1573,1a:00:00:00:00:00,-42,11,0,0,0,0,0,0,0,0,0,-94,0,1,0,268475492,0,31,0,128,0,"[0,0,13,-7,13,-7,12,-7,12,-8,12,-8,11,-8,11,-8,11,-9,10,-9,10,-10,10,-10,9,-10,9,-10,9,-11,9,-11,9,-12,10,-12,10,-11,11,-11,11,-11,11,-10,11,-10,11,-9,11,-8,11,-7,11,-6,0,0,0,0,0,0,0,0,0,0,0,0,0,0,0,0,0,0,0,0,0,0,8,-5,9,-5,9,-4,10,-4,10,-4,11,-3,11,-3,12,-2,12,-2,12,-1,12,-1,12,-1,12,-1,11,-2,11,-2,11,-2,11,-3,11,-3,12,-4,12,-4,12,-5,12,-5,12,-6,12,-6,12,-6,13,-7]"
2025-08-18 22:34:29.426311,CSI_DATA,1574,1a:00:00:00:00:00,-42,11,0,0,0,0,0,0,0,0,0,-94,0,1,0,268676615,0,31,0,128,0,"[0,0,-11,10,-11,10,-10,10,-10,10,-9,10,-9,10,-9,11,-8,11,-8,11,-7,12,-7,12,-6,12,-6,13,-6,12,-6,13,-6,13,-6,14,-7,13,-7,13,-8,13,-8,12,-9,12,-9,11,-9,11,-9,10,-10,9,0,0,0,0,0,0,0,0,0,0,0,0,0,0,0,0,0,0,0,0,0,0,-7,7,-7,7,-8,7,-9,6,-9,6,-10,6,-11,6,-11,6,-12,5,-12,5,-12,5,-12,5,-11,5,-11,5,-11,5,-11,5,-11,6,-11,6,-10,7,-11,7,-11,8,-11,8,-11,9,-11,10,-11,10,-10,10]"
2025-08-18 22:34:29.491622,CSI_DATA,1575,1a:00:00:00:00:00,-42,11,0,0,0,0,0,0,0,0,0,-94,0,1,0,268737318,0,42,0,128,0,"[0,0,-5,-14,-6,-14,-5,-14,-6,-14,-6,-13,-6,-13,-6,-13,-7,-12,-7,-12,-8,-11,-8,-11,-9,-11,-9,-11,-10,-11,-10,-11,-10,-11,-10,-12,-10,-12,-10,-12,-9,-12,-8,-13,-8,-13,-7,-13,-6,-13,-6,-12,-5,-13,0,0,0,0,0,0,0,0,0,0,0,0,0,0,0,0,0,0,0,0,0,0,-4,-9,-3,-10,-3,-10,-3,-11,-2,-11,-2,-12,-1,-12,-1,-12,0,-12,0,-12,0,-12,0,-12,0,-12,0,-12,0,-12,-1,-12,-1,-12,-2,-12,-2,-13,-3,-13,-3,-13,-4,-13,-4,-13,-4,-14,-4,-14,-5,-14]"
2025-08-18 22:34:29.549429,CSI_DATA,1576,1a:00:00:00:00:00,-42,11,0,0,0,0,0,0,0,0,0,-94,0,1,0,268805015,0,31,0,128,0,"[0,0,6,13,7,13,6,12,7,12,7,12,7,11,8,11,8,11,9,10,9,10,9,10,10,9,10,9,10,9,11,9,11,9,11,10,11,10,11,10,10,11,10,11,9,11,8,11,7,11,7,11,6,12,0,0,0,0,0,0,0,0,0,0,0,0,0,0,0,0,0,0,0,0,0,0,4,8,4,9,3,9,3,10,3,11,2,11,2,12,1,12,1,12,0,12,0,12,0,12,0,12,1,12,1,12,1,12,2,11,3,12,3,12,4,12,4,12,5,12,5,13,5,13,6,13,6,13]"
2025-08-18 22:34:29.751705,CSI_DATA,1577,1a:00:00:00:00:00,-42,11,0,0,0,0,0,0,0,0,0,-94,0,1,0,269006098,0,31,0,128,0,"[0,0,14,3,14,2,14,2,14,2,14,1,14,1,14,0,14,0,13,-1,13,-1,13,-2,13,-3,14,-3,14,-3,14,-3,14,-3,15,-3,15,-3,15,-2,15,-1,15,-1,14,0,14,1,14,1,13,2,13,3,0,0,0,0,0,0,0,0,0,0,0,0,0,0,0,0,0,0,0,0,0,0,9,0,10,1,10,2,10,2,10,3,11,4,11,4,11,5,10,5,11,6,11,6,10,6,10,6,10,5,11,5,11,5,11,5,11,4,12,4,12,4,12,3,13,3,13,3,14,3,14,2,14,2]"
2025-08-18 22:34:29.962691,CSI_DATA,1578,1a:00:00:00:00:00,-42,11,0,0,0,0,0,0,0,0,0,-94,0,1,0,269207449,0,31,0,128,0,"[0,0,-10,-11,-11,-11,-10,-10,-10,-10,-11,-10,-11,-9,-11,-9,-11,-8,-11,-8,-12,-7,-12,-7,-12,-7,-13,-7,-13,-7,-13,-7,-13,-7,-13,-7,-14,-7,-14,-8,-13,-8,-13,-9,-12,-9,-11,-9,-11,-10,-10,-10,-9,-10,0,0,0,0,0,0,0,0,0,0,0,0,0,0,0,0,0,0,0,0,0,0,-8,-6,-8,-7,-7,-8,-7,-8,-7,-9,-7,-10,-6,-10,-7,-11,-6,-11,-6,-11,-6,-11,-6,-11,-5,-11,-6,-11,-6,-11,-6,-11,-6,-11,-7,-10,-7,-10,-8,-11,-9,-10,-9,-11,-10,-10,-10,-10,-10,-11,-10,-10]"
2025-08-18 22:34:30.156125,CSI_DATA,1579,1a:00:00:00:00:00,-42,11,0,0,0,0,0,0,0,0,0,-94,0,1,0,269408905,0,31,0,128,0,"[0,0,-4,13,-4,13,-3,13,-3,13,-3,13,-2,13,-2,13,-1,13,-1,12,0,13,0,13,0,13,1,13,1,13,1,13,1,14,1,14,1,14,0,14,0,14,-1,14,-2,14,-2,13,-3,13,-4,12,-4,12,0,0,0,0,0,0,0,0,0,0,0,0,0,0,0,0,0,0,0,0,0,0,-1,9,-2,9,-3,9,-3,9,-4,10,-5,10,-5,10,-6,10,-6,10,-7,10,-7,10,-7,9,-7,9,-6,9,-6,10,-6,10,-6,10,-5,10,-5,11,-5,11,-4,11,-4,12,-4,12,-4,13,-4,13,-4,13]"
2025-08-18 22:34:30.358117,CSI_DATA,1580,1a:00:00:00:00:00,-42,11,0,0,0,0,0,0,0,0,0,-94,0,1,0,269609783,0,31,0,128,0,"[0,0,14,0,13,0,13,0,13,0,13,-1,13,-1,13,-2,13,-2,12,-2,12,-3,13,-3,12,-4,13,-4,13,-4,13,-5,13,-5,13,-4,14,-4,14,-4,14,-3,14,-3,14,-2,13,-1,13,-1,13,0,12,1,0,0,0,0,0,0,0,0,0,0,0,0,0,0,0,0,0,0,0,0,0,0,9,-1,9,-1,9,0,10,0,10,1,11,2,11,2,11,3,11,3,10,4,11,4,10,4,11,4,10,4,11,3,10,3,11,3,11,2,11,2,12,2,12,1,12,1,13,1,13,1,13,1,14,0]"
2025-08-18 22:34:30.576418,CSI_DATA,1581,1a:00:00:00:00:00,-42,11,0,0,0,0,0,0,0,0,0,-94,0,1,0,269810928,0,31,0,128,0,"[0,0,-15,0,-14,0,-14,1,-14,1,-14,1,-14,2,-14,2,-13,2,-13,3,-13,3,-13,4,-13,4,-13,4,-13,5,-13,5,-14,5,-14,5,-15,5,-15,4,-15,4,-15,3,-14,2,-14,2,-14,1,-14,0,-13,-1,0,0,0,0,0,0,0,0,0,0,0,0,0,0,0,0,0,0,0,0,0,0,-9,1,-10,1,-10,0,-11,-1,-11,-1,-12,-2,-12,-2,-12,-3,-12,-3,-12,-4,-12,-4,-12,-4,-12,-4,-12,-4,-12,-3,-12,-3,-12,-3,-12,-2,-13,-2,-13,-1,-13,-1,-13,-1,-14,0,-14,0,-14,0,-15,0]"
2025-08-18 22:34:30.764099,CSI_DATA,1582,1a:00:00:00:00:00,-42,11,0,0,0,0,0,0,0,0,0,-94,0,1,0,270012067,0,31,0,128,0,"[0,0,1,-15,0,-15,0,-14,0,-14,0,-14,-1,-14,-1,-14,-1,-14,-2,-14,-2,-14,-3,-14,-3,-14,-4,-14,-4,-14,-4,-14,-4,-14,-4,-14,-4,-15,-3,-15,-3,-15,-2,-15,-1,-15,-1,-14,0,-14,0,-13,1,-13,0,0,0,0,0,0,0,0,0,0,0,0,0,0,0,0,0,0,0,0,0,0,-1,-10,0,-10,1,-10,1,-11,2,-11,2,-11,3,-11,3,-12,4,-11,4,-11,4,-11,5,-11,4,-11,4,-11,4,-11,4,-11,3,-12,3,-12,3,-12,2,-13,2,-13,2,-13,1,-14,1,-14,1,-14,1,-15]"
2025-08-18 22:34:30.962615,CSI_DATA,1583,1a:00:00:00:00:00,-42,11,0,0,0,0,0,0,0,0,0,-94,0,1,0,270213292,0,31,0,128,0,"[0,0,5,-14,4,-14,4,-14,4,-14,3,-14,3,-14,3,-14,2,-14,2,-13,1,-14,1,-14,0,-14,0,-14,0,-14,0,-15,0,-15,0,-15,0,-15,1,-16,1,-15,2,-15,3,-15,3,-14,3,-13,4,-13,5,-12,0,0,0,0,0,0,0,0,0,0,0,0,0,0,0,0,0,0,0,0,0,0,2,-9,2,-9,3,-10,4,-10,4,-10,5,-10,6,-10,6,-10,7,-10,7,-10,7,-10,7,-9,7,-10,7,-10,6,-10,7,-10,6,-10,6,-11,5,-11,5,-12,5,-12,5,-12,5,-13,5,-13,5,-13,5,-14]"
2025-08-18 22:34:31.016997,CSI_DATA,1584,1a:00:00:00:00:00,-42,11,0,0,0,0,0,0,0,0,0,-94,0,1,0,270274176,0,42,0,128,0,"[0,0,11,9,11,9,11,9,11,8,11,8,11,8,11,7,12,7,12,6,12,6,13,5,12,5,13,5,13,5,14,5,14,5,14,5,14,6,14,6,14,6,13,7,12,7,12,8,11,8,10,8,9,9,0,0,0,0,0,0,0,0,0,0,0,0,0,0,0,0,0,0,0,0,0,0,8,4,8,5,8,6,8,7,8,8,8,8,7,9,7,9,7,10,7,10,6,10,6,10,6,10,6,10,7,10,6,10,7,9,8,9,8,9,9,9,9,9,9,9,10,9,11,9,11,9,11,9]"
2025-08-18 22:34:31.095851,CSI_DATA,1585,1a:00:00:00:00:00,-42,11,0,0,0,0,0,0,0,0,0,-94,0,1,0,270340936,0,31,0,128,0,"[0,0,-7,-13,-7,-13,-7,-13,-7,-13,-8,-12,-8,-12,-8,-12,-8,-11,-8,-11,-9,-11,-10,-10,-10,-10,-10,-10,-10,-10,-11,-10,-11,-10,-11,-11,-11,-11,-11,-12,-10,-12,-9,-12,-9,-12,-8,-12,-7,-12,-6,-12,-5,-12,0,0,0,0,0,0,0,0,0,0,0,0,0,0,0,0,0,0,0,0,0,0,-6,-8,-5,-9,-5,-10,-5,-10,-4,-11,-4,-11,-3,-12,-3,-12,-3,-12,-2,-12,-2,-12,-2,-12,-2,-12,-2,-12,-2,-12,-3,-12,-3,-12,-4,-12,-4,-12,-5,-12,-5,-12,-5,-12,-6,-13,-6,-13,-6,-13,-6,-13]"
2025-08-18 22:34:31.291832,CSI_DATA,1586,1a:00:00:00:00:00,-42,11,0,0,0,0,0,0,0,0,0,-94,0,1,0,270541974,0,31,0,128,0,"[0,0,-15,3,-14,3,-14,3,-14,4,-14,4,-13,4,-13,5,-13,5,-13,5,-12,6,-12,7,-12,7,-12,7,-12,8,-12,8,-12,8,-13,8,-13,8,-13,8,-14,7,-14,6,-14,6,-14,5,-14,5,-13,3,-13,3,0,0,0,0,0,0,0,0,0,0,0,0,0,0,0,0,0,0,0,0,0,0,-9,3,-10,2,-11,1,-11,1,-12,1,-12,0,-12,0,-13,-1,-13,-1,-13,-2,-13,-2,-12,-2,-13,-2,-12,-2,-13,-1,-12,-1,-13,-1,-12,0,-13,0,-13,1,-14,1,-14,2,-14,2,-14,3,-14,3,-14,3]"
2025-08-18 22:34:31.492569,CSI_DATA,1587,1a:00:00:00:00:00,-42,11,0,0,0,0,0,0,0,0,0,-94,0,1,0,270743147,0,31,0,128,0,"[0,0,13,-5,13,-5,13,-5,13,-6,12,-6,12,-6,11,-6,11,-7,11,-7,11,-8,10,-8,10,-9,10,-9,10,-9,10,-10,10,-10,11,-10,11,-9,12,-9,12,-8,12,-8,12,-7,12,-6,12,-6,12,-5,12,-4,0,0,0,0,0,0,0,0,0,0,0,0,0,0,0,0,0,0,0,0,0,0,8,-5,8,-4,9,-4,10,-3,10,-3,11,-2,11,-2,11,-2,11,-1,12,-1,11,0,11,0,11,-1,11,-1,11,-1,11,-1,11,-2,11,-2,12,-3,12,-3,12,-3,12,-4,12,-4,13,-5,12,-5,13,-5]"
2025-08-18 22:34:31.694015,CSI_DATA,1588,1a:00:00:00:00:00,-42,11,0,0,0,0,0,0,0,0,0,-94,0,1,0,270944307,0,31,0,128,0,"[0,0,-13,6,-13,6,-13,6,-13,6,-12,7,-12,7,-12,7,-11,8,-11,8,-10,8,-10,9,-10,9,-10,9,-10,10,-10,10,-10,10,-11,10,-11,10,-11,9,-12,8,-12,9,-12,8,-12,8,-12,7,-12,6,-12,5,0,0,0,0,0,0,0,0,0,0,0,0,0,0,0,0,0,0,0,0,0,0,-8,4,-9,4,-10,4,-10,3,-11,3,-11,2,-12,2,-12,1,-12,1,-12,1,-12,1,-12,0,-12,0,-12,1,-12,1,-12,1,-12,2,-12,2,-12,3,-12,4,-12,4,-13,4,-13,5,-13,5,-13,5,-13,6]"
2025-08-18 22:34:31.896627,CSI_DATA,1589,1a:00:00:00:00:00,-42,11,0,0,0,0,0,0,0,0,0,-94,0,1,0,271145460,0,31,0,128,0,"[0,0,-3,13,-3,14,-2,13,-2,13,-2,13,-2,13,-1,13,-1,13,0,13,1,13,1,13,2,13,2,13,2,13,2,13,2,13,2,14,2,14,1,14,1,14,0,14,0,14,-1,14,-1,13,-2,12,-3,12,0,0,0,0,0,0,0,0,0,0,0,0,0,0,0,0,0,0,0,0,0,0,-1,9,-2,9,-3,9,-4,9,-4,10,-5,10,-6,10,-6,10,-6,10,-7,10,-7,10,-7,9,-7,10,-6,10,-6,9,-6,10,-6,10,-5,11,-5,11,-5,11,-4,12,-4,12,-4,13,-3,13,-3,13,-3,13]"
2025-08-18 22:34:32.088492,CSI_DATA,1590,1a:00:00:00:00:00,-42,11,0,0,0,0,0,0,0,0,0,-94,0,1,0,271346794,0,31,0,128,0,"[0,0,11,9,10,8,10,8,11,8,11,8,11,7,11,7,11,6,11,6,11,5,12,5,12,4,12,4,12,4,13,4,13,4,13,5,13,5,13,6,13,6,12,6,12,7,11,7,11,7,10,8,9,8,0,0,0,0,0,0,0,0,0,0,0,0,0,0,0,0,0,0,0,0,0,0,8,4,7,5,7,6,7,7,7,7,7,8,7,8,7,9,6,9,6,9,6,9,6,10,6,9,6,9,6,9,6,9,7,9,7,8,7,8,8,8,8,8,9,8,10,8,10,8,10,8,11,8]"
2025-08-18 22:34:32.291663,CSI_DATA,1591,1a:00:00:00:00:00,-42,11,0,0,0,0,0,0,0,0,0,-94,0,1,0,271547889,0,31,0,128,0,"[0,0,8,11,7,11,8,11,8,10,8,10,8,10,8,10,9,9,9,9,9,8,9,8,10,8,10,8,11,8,11,8,11,8,11,8,11,9,11,9,11,10,10,10,9,10,8,10,8,10,7,10,6,11,0,0,0,0,0,0,0,0,0,0,0,0,0,0,0,0,0,0,0,0,0,0,6,6,6,7,5,8,5,8,5,9,4,10,4,10,4,10,3,11,3,11,3,11,2,11,3,11,3,11,3,11,3,10,4,11,4,10,5,11,5,11,6,11,6,11,6,11,7,11,7,11,8,11]"
2025-08-18 22:34:32.503918,CSI_DATA,1592,1a:00:00:00:00:00,-42,11,0,0,0,0,0,0,0,0,0,-94,0,1,0,271749052,0,31,0,128,0,"[0,0,-6,-14,-7,-14,-7,-14,-7,-14,-7,-14,-8,-13,-8,-13,-8,-12,-9,-12,-9,-12,-9,-12,-10,-12,-10,-11,-11,-11,-11,-11,-11,-11,-11,-12,-11,-12,-11,-12,-10,-13,-10,-13,-9,-13,-8,-13,-7,-13,-6,-13,-5,-13,0,0,0,0,0,0,0,0,0,0,0,0,0,0,0,0,0,0,0,0,0,0,-5,-9,-5,-10,-4,-11,-4,-11,-4,-12,-3,-12,-3,-13,-2,-13,-2,-13,-1,-13,-1,-13,-1,-13,-1,-13,-1,-13,-1,-13,-2,-13,-2,-13,-3,-13,-3,-13,-4,-13,-4,-13,-5,-14,-5,-13,-6,-14,-6,-14,-6,-14]"
2025-08-18 22:34:32.575556,CSI_DATA,1593,1a:00:00:00:00:00,-42,11,0,0,0,0,0,0,0,0,0,-94,0,1,0,271809811,0,42,0,128,0,"[0,0,-15,-3,-14,-3,-14,-3,-14,-2,-14,-2,-14,-2,-14,-1,-14,-1,-14,0,-14,1,-14,1,-14,1,-14,2,-14,2,-14,2,-15,2,-15,2,-15,2,-15,1,-15,1,-15,0,-15,-1,-14,-1,-14,-2,-14,-3,-13,-3,0,0,0,0,0,0,0,0,0,0,0,0,0,0,0,0,0,0,0,0,0,0,-10,-1,-10,-2,-10,-2,-11,-3,-11,-3,-11,-4,-11,-5,-11,-5,-11,-6,-11,-6,-11,-6,-11,-6,-11,-6,-11,-6,-11,-6,-11,-6,-12,-5,-12,-5,-12,-4,-12,-4,-13,-4,-13,-4,-13,-3,-14,-3,-14,-3,-14,-3]"
2025-08-18 22:34:32.629129,CSI_DATA,1594,1a:00:00:00:00:00,-42,11,0,0,0,0,0,0,0,0,0,-94,0,1,0,271876795,0,31,0,128,0,"[0,0,-1,-15,-1,-15,-1,-14,-1,-15,-2,-14,-2,-14,-3,-14,-3,-14,-3,-13,-4,-13,-4,-13,-5,-13,-5,-13,-6,-13,-6,-13,-6,-14,-6,-14,-6,-14,-5,-14,-5,-15,-4,-15,-4,-14,-3,-14,-2,-14,-2,-14,-1,-13,0,0,0,0,0,0,0,0,0,0,0,0,0,0,0,0,0,0,0,0,0,0,-1,-10,-1,-10,0,-11,1,-11,1,-11,2,-11,2,-12,3,-12,3,-12,4,-12,4,-11,4,-11,4,-11,3,-11,3,-11,3,-12,2,-12,2,-12,2,-12,1,-13,1,-13,1,-13,0,-14,0,-14,0,-14,0,-14]"
2025-08-18 22:34:32.827253,CSI_DATA,1595,1a:00:00:00:00:00,-42,11,0,0,0,0,0,0,0,0,0,-94,0,1,0,272077845,0,31,0,128,0,"[0,0,12,-8,11,-8,11,-8,11,-9,10,-9,10,-9,10,-9,9,-9,9,-9,8,-10,8,-11,8,-11,8,-11,8,-12,8,-12,8,-12,8,-12,8,-12,9,-12,9,-11,10,-11,10,-10,10,-10,10,-9,10,-8,10,-7,0,0,0,0,0,0,0,0,0,0,0,0,0,0,0,0,0,0,0,0,0,0,7,-6,8,-5,9,-5,9,-5,10,-5,10,-4,11,-4,11,-3,11,-3,11,-3,11,-3,11,-2,11,-3,11,-3,11,-3,11,-3,11,-4,11,-4,11,-5,11,-5,11,-6,11,-6,11,-7,11,-7,11,-7,12,-8]"
2025-08-18 22:34:33.029378,CSI_DATA,1596,1a:00:00:00:00:00,-42,11,0,0,0,0,0,0,0,0,0,-94,0,1,0,272279098,0,31,0,128,0,"[0,0,-13,7,-12,7,-13,7,-12,7,-12,8,-12,8,-11,8,-11,8,-10,8,-10,9,-10,9,-9,9,-9,10,-10,10,-9,10,-10,11,-10,11,-11,11,-11,11,-11,10,-11,9,-11,9,-12,8,-12,7,-12,6,-12,6,0,0,0,0,0,0,0,0,0,0,0,0,0,0,0,0,0,0,0,0,0,0,-8,5,-9,5,-9,4,-10,4,-10,4,-11,4,-12,3,-12,3,-12,2,-12,2,-12,2,-12,2,-12,2,-12,2,-12,2,-12,2,-12,3,-12,3,-12,4,-12,5,-12,5,-12,5,-12,6,-13,6,-13,6,-13,7]"
2025-08-18 22:34:33.232401,CSI_DATA,1597,1a:00:00:00:00:00,-42,11,0,0,0,0,0,0,0,0,0,-94,0,1,0,272480219,0,31,0,128,0,"[0,0,13,-6,12,-7,12,-7,12,-7,12,-8,11,-7,11,-8,10,-8,10,-8,9,-9,9,-10,9,-10,9,-10,9,-11,9,-11,9,-11,10,-11,10,-11,11,-11,11,-10,11,-9,11,-9,11,-8,11,-8,11,-7,11,-6,0,0,0,0,0,0,0,0,0,0,0,0,0,0,0,0,0,0,0,0,0,0,7,-5,8,-5,9,-4,9,-4,10,-3,11,-3,11,-2,11,-2,11,-2,11,-1,11,-1,11,-1,11,-2,11,-2,11,-2,11,-2,11,-2,11,-3,11,-4,11,-4,12,-4,12,-5,12,-5,12,-6,12,-6,12,-6]"
2025-08-18 22:34:33.432498,CSI_DATA,1598,1a:00:00:00:00:00,-42,11,0,0,0,0,0,0,0,0,0,-94,0,1,0,272681628,0,31,0,128,0,"[0,0,1,-15,1,-14,1,-15,1,-14,0,-14,0,-14,-1,-14,-1,-14,-1,-13,-2,-13,-3,-14,-3,-14,-4,-14,-4,-14,-4,-14,-4,-14,-4,-15,-4,-15,-3,-15,-3,-15,-2,-15,-1,-15,0,-14,0,-14,1,-13,2,-13,0,0,0,0,0,0,0,0,0,0,0,0,0,0,0,0,0,0,0,0,0,0,0,-10,0,-10,1,-10,2,-11,2,-11,3,-11,3,-11,4,-11,4,-11,5,-11,5,-11,5,-11,5,-11,5,-11,4,-11,4,-11,4,-12,3,-12,3,-12,3,-13,2,-13,2,-13,2,-13,1,-14,1,-14,1,-14]"
2025-08-18 22:34:33.635962,CSI_DATA,1599,1a:00:00:00:00:00,-42,11,0,0,0,0,0,0,0,0,0,-94,0,1,0,272882695,0,31,0,128,0,"[0,0,-15,-3,-15,-3,-14,-3,-14,-2,-14,-2,-14,-1,-14,-1,-14,0,-14,0,-14,1,-14,1,-14,1,-14,2,-14,2,-14,2,-14,2,-15,2,-15,2,-16,1,-16,0,-15,0,-15,-1,-14,-1,-14,-2,-14,-2,-13,-3,0,0,0,0,0,0,0,0,0,0,0,0,0,0,0,0,0,0,0,0,0,0,-10,-1,-10,-2,-10,-2,-10,-3,-11,-3,-11,-4,-11,-5,-11,-5,-11,-6,-11,-6,-11,-6,-11,-6,-11,-6,-11,-6,-11,-6,-11,-5,-11,-5,-12,-5,-12,-5,-12,-4,-13,-4,-13,-4,-14,-3,-14,-3,-14,-3,-14,-3]"
2025-08-18 22:34:33.826969,CSI_DATA,1600,1a:00:00:00:00:00,-42,11,0,0,0,0,0,0,0,0,0,-94,0,1,0,273083844,0,31,0,128,0,"[0,0,9,11,8,10,9,10,9,9,9,10,9,9,9,9,10,8,10,8,10,7,10,7,11,7,11,6,12,6,12,6,12,6,12,6,12,7,12,7,12,8,11,8,11,8,10,9,9,9,8,9,8,10,0,0,0,0,0,0,0,0,0,0,0,0,0,0,0,0,0,0,0,0,0,0,6,6,6,7,5,7,5,8,5,9,5,10,4,10,4,10,4,11,3,11,3,11,3,11,3,11,3,11,4,11,4,10,4,10,5,10,6,10,6,10,6,10,7,10,7,10,8,10,8,11,8,11]"
2025-08-18 22:34:34.032465,CSI_DATA,1601,1a:00:00:00:00:00,-42,11,0,0,0,0,0,0,0,0,0,-94,0,1,0,273285073,0,31,0,128,0,"[0,0,13,-4,13,-4,13,-4,13,-5,13,-5,12,-5,12,-6,12,-6,11,-6,11,-7,11,-8,10,-8,10,-8,10,-9,11,-9,11,-9,11,-9,12,-9,12,-9,12,-8,12,-7,12,-7,12,-6,12,-5,12,-5,12,-4,0,0,0,0,0,0,0,0,0,0,0,0,0,0,0,0,0,0,0,0,0,0,8,-3,9,-3,9,-2,10,-2,11,-1,11,-1,11,0,11,0,11,1,11,1,11,1,11,1,11,1,11,1,11,1,11,0,11,0,12,-1,12,-1,12,-2,12,-2,12,-2,13,-3,13,-3,13,-4,13,-4]"
2025-08-18 22:34:34.093480,CSI_DATA,1602,1a:00:00:00:00:00,-42,11,0,0,0,0,0,0,0,0,0,-94,0,1,0,273345774,0,42,0,128,0,"[0,0,8,-12,8,-13,8,-13,8,-13,7,-13,6,-13,6,-13,6,-13,5,-14,4,-13,4,-14,4,-14,3,-14,3,-15,3,-15,3,-15,3,-15,4,-15,4,-16,5,-15,5,-15,6,-14,6,-14,7,-13,7,-12,8,-12,0,0,0,0,0,0,0,0,0,0,0,0,0,0,0,0,0,0,0,0,0,0,5,-9,6,-9,6,-9,7,-9,8,-9,8,-9,9,-8,9,-8,10,-8,10,-7,10,-7,10,-7,10,-7,10,-7,10,-8,9,-8,9,-8,9,-9,9,-9,9,-10,8,-10,8,-11,8,-11,9,-12,8,-12,9,-12]"
2025-08-18 22:34:34.164519,CSI_DATA,1603,1a:00:00:00:00:00,-42,11,0,0,0,0,0,0,0,0,0,-94,0,1,0,273415189,0,31,0,128,0,"[0,0,-13,8,-12,9,-12,9,-12,9,-11,9,-11,9,-11,10,-10,10,-9,10,-9,11,-9,11,-8,11,-8,11,-8,12,-8,12,-8,13,-9,13,-9,13,-9,12,-10,12,-10,11,-10,11,-11,10,-11,10,-11,9,-11,8,0,0,0,0,0,0,0,0,0,0,0,0,0,0,0,0,0,0,0,0,0,0,-8,6,-9,6,-9,5,-10,5,-11,5,-11,4,-12,4,-12,4,-12,3,-13,3,-13,3,-13,2,-12,3,-12,3,-12,3,-12,4,-12,4,-12,5,-12,5,-12,6,-12,6,-12,7,-12,7,-12,8,-12,8,-12,8]"
2025-08-18 22:34:34.360096,CSI_DATA,1604,1a:00:00:00:00:00,-42,11,0,0,0,0,0,0,0,0,0,-94,0,1,0,273616263,0,31,0,128,0,"[0,0,4,13,4,13,4,12,5,13,5,12,5,12,6,12,6,11,6,11,7,11,7,11,7,10,8,10,8,10,9,11,8,10,9,11,8,11,8,11,8,12,7,12,6,12,6,12,5,12,4,12,3,12,0,0,0,0,0,0,0,0,0,0,0,0,0,0,0,0,0,0,0,0,0,0,4,8,3,8,3,9,2,9,2,10,1,10,1,11,0,11,0,11,-1,12,-1,11,-1,11,-1,11,-1,11,0,11,0,12,1,11,1,11,1,11,2,12,2,12,3,12,3,13,3,12,4,13,4,13]"
2025-08-18 22:34:34.565571,CSI_DATA,1605,1a:00:00:00:00:00,-42,11,0,0,0,0,0,0,0,0,0,-94,0,1,0,273817571,0,31,0,128,0,"[0,0,-5,13,-5,13,-5,13,-4,13,-4,14,-4,13,-3,13,-2,13,-2,13,-1,13,-1,13,0,13,0,13,0,14,0,14,0,14,0,15,0,15,-1,15,-1,15,-2,14,-2,14,-3,14,-4,13,-4,12,-5,12,0,0,0,0,0,0,0,0,0,0,0,0,0,0,0,0,0,0,0,0,0,0,-3,9,-3,9,-4,9,-5,9,-5,10,-6,10,-7,10,-7,10,-8,10,-8,9,-8,9,-8,9,-8,9,-8,9,-7,9,-7,9,-7,10,-7,10,-6,11,-6,11,-6,11,-6,12,-5,12,-5,13,-5,13,-5,13]"
2025-08-18 22:34:34.766919,CSI_DATA,1606,1a:00:00:00:00:00,-42,11,0,0,0,0,0,0,0,0,0,-94,0,1,0,274018715,0,31,0,128,0,"[0,0,0,14,1,13,1,13,2,13,2,13,2,13,2,13,3,13,3,12,4,12,4,12,5,12,5,12,6,12,6,12,6,12,6,13,5,13,5,13,4,13,4,13,3,14,2,13,2,13,1,12,0,12,0,0,0,0,0,0,0,0,0,0,0,0,0,0,0,0,0,0,0,0,0,0,1,9,0,9,0,10,-1,10,-1,10,-2,10,-2,11,-3,11,-3,11,-4,11,-4,11,-4,11,-4,11,-4,11,-3,11,-3,11,-3,11,-2,11,-2,11,-1,12,-1,12,-1,12,0,13,0,13,0,13,1,13]"
2025-08-18 22:34:34.967720,CSI_DATA,1607,1a:00:00:00:00:00,-42,11,0,0,0,0,0,0,0,0,0,-94,0,1,0,274219855,0,31,0,128,0,"[0,0,14,-3,13,-4,13,-4,13,-4,13,-4,12,-5,12,-5,12,-5,12,-6,11,-6,11,-7,11,-7,11,-7,11,-8,11,-8,12,-8,12,-8,12,-8,12,-8,13,-7,13,-7,13,-6,13,-5,12,-5,12,-3,12,-3,0,0,0,0,0,0,0,0,0,0,0,0,0,0,0,0,0,0,0,0,0,0,8,-3,9,-3,9,-2,10,-1,10,-1,11,-1,11,0,11,0,11,1,11,1,11,2,11,2,11,2,11,1,11,1,11,1,11,0,11,-1,12,-1,12,-1,12,-1,12,-2,13,-2,13,-3,13,-3,14,-3]"
2025-08-18 22:34:35.165766,CSI_DATA,1608,1a:00:00:00:00:00,-42,11,0,0,0,0,0,0,0,0,0,-94,0,1,0,274421114,0,31,0,128,0,"[0,0,13,3,13,3,13,2,13,2,13,2,13,1,13,0,13,0,13,0,13,-1,13,-1,12,-2,13,-2,13,-2,14,-3,14,-3,14,-2,14,-2,14,-2,14,-1,14,-1,14,0,13,1,13,2,12,2,12,3,0,0,0,0,0,0,0,0,0,0,0,0,0,0,0,0,0,0,0,0,0,0,9,1,9,1,9,2,9,3,10,3,10,4,10,5,10,5,10,6,10,6,9,6,9,6,9,6,9,6,9,5,10,5,10,5,10,5,10,4,11,4,11,4,12,3,12,3,13,3,13,3,13,3]"
2025-08-18 22:34:35.375275,CSI_DATA,1609,1a:00:00:00:00:00,-42,11,0,0,0,0,0,0,0,0,0,-94,0,1,0,274622235,0,31,0,128,0,"[0,0,-15,-2,-15,-2,-15,-1,-15,-1,-15,-1,-14,0,-15,0,-14,1,-14,1,-14,2,-14,2,-14,3,-14,3,-14,4,-14,4,-15,4,-16,4,-15,4,-16,3,-15,3,-16,2,-15,1,-15,1,-15,0,-14,-1,-14,-2,0,0,0,0,0,0,0,0,0,0,0,0,0,0,0,0,0,0,0,0,0,0,-10,-1,-10,-1,-11,-2,-11,-3,-12,-3,-11,-4,-12,-5,-12,-5,-12,-5,-11,-6,-12,-6,-11,-6,-11,-6,-11,-6,-12,-5,-12,-5,-12,-5,-12,-4,-13,-4,-13,-4,-13,-3,-14,-3,-14,-2,-14,-2,-15,-2,-14,-2]"
2025-08-18 22:34:35.577003,CSI_DATA,1610,1a:00:00:00:00:00,-42,11,0,0,0,0,0,0,0,0,0,-94,0,1,0,274823374,0,31,0,128,0,"[0,0,-3,-14,-3,-14,-3,-14,-4,-14,-4,-14,-4,-13,-5,-13,-5,-13,-6,-13,-6,-12,-7,-12,-7,-12,-8,-12,-8,-13,-8,-12,-8,-13,-8,-13,-8,-13,-8,-13,-7,-14,-7,-14,-5,-14,-5,-13,-4,-14,-4,-13,-3,-13,0,0,0,0,0,0,0,0,0,0,0,0,0,0,0,0,0,0,0,0,0,0,-3,-9,-3,-10,-2,-10,-2,-11,-1,-11,-1,-12,0,-12,0,-12,1,-12,1,-12,1,-12,1,-12,1,-12,1,-12,1,-12,1,-12,0,-12,-1,-12,-1,-13,-1,-13,-2,-13,-2,-13,-3,-13,-3,-14,-3,-14,-3,-14]"
2025-08-18 22:34:35.646222,CSI_DATA,1611,1a:00:00:00:00:00,-42,11,0,0,0,0,0,0,0,0,0,-94,0,1,0,274884184,0,42,0,128,0,"[0,0,-9,11,-9,11,-8,11,-8,11,-7,11,-7,11,-7,11,-6,12,-5,11,-5,12,-5,12,-4,12,-4,13,-3,13,-4,13,-3,14,-4,14,-4,14,-5,14,-5,13,-6,13,-6,13,-6,12,-7,12,-7,11,-8,10,0,0,0,0,0,0,0,0,0,0,0,0,0,0,0,0,0,0,0,0,0,0,-5,8,-6,6,-7,7,-7,7,-8,7,-9,7,-9,7,-10,7,-10,6,-11,6,-11,6,-10,6,-10,6,-10,6,-10,6,-10,7,-10,7,-9,7,-9,8,-9,8,-9,9,-9,9,-9,10,-9,11,-9,11,-9,11]"
2025-08-18 22:34:36.204552,CSI_DATA,1612,1a:00:00:00:00:00,-42,11,0,0,0,0,0,0,0,0,0,-94,0,1,0,275384498,0,42,0,128,0,"[0,0,9,10,9,10,9,9,9,9,10,8,9,8,10,8,9,7,10,6,12,5,12,5,11,5,11,6,11,5,12,5,12,5,12,6,12,7,12,6,12,7,11,8,11,7,10,7,9,7,8,8,9,8,0,0,0,0,0,0,0,0,0,0,0,0,0,0,0,0,0,0,0,0,0,0,7,5,6,6,6,7,6,7,6,8,6,9,5,9,5,10,5,10,4,10,4,10,4,10,4,10,5,10,4,10,5,10,5,10,6,9,6,9,7,10,7,9,8,10,8,10,8,9,9,10,9,9]"
2025-08-18 22:34:36.209766,CSI_DATA,1613,1a:00:00:00:00:00,-42,11,0,0,0,0,0,0,0,0,0,-94,0,1,0,275460459,0,31,0,128,0,"[0,0,4,13,5,13,4,12,5,12,5,12,5,12,6,11,6,11,7,11,7,10,7,10,7,10,8,10,8,10,9,10,9,10,9,11,8,11,8,11,8,11,7,12,6,12,6,12,5,12,4,12,3,12,0,0,0,0,0,0,0,0,0,0,0,0,0,0,0,0,0,0,0,0,0,0,4,8,3,8,3,9,3,10,2,10,2,11,1,11,1,11,0,11,0,12,-1,12,-1,11,0,11,0,11,0,11,0,11,1,11,1,11,2,12,2,12,3,12,3,12,4,13,4,13,4,13,5,13]"
2025-08-18 22:34:36.610411,CSI_DATA,1614,1a:00:00:00:00:00,-42,11,0,0,0,0,0,0,0,0,0,-94,0,1,0,275661559,0,31,0,128,0,"[0,0,12,7,12,7,12,6,13,6,13,6,12,6,12,5,12,5,13,4,13,3,13,3,13,2,14,2,14,2,14,2,14,2,15,2,15,3,15,3,15,4,14,4,14,5,13,5,13,6,11,6,11,7,0,0,0,0,0,0,0,0,0,0,0,0,0,0,0,0,0,0,0,0,0,0,9,4,8,4,9,5,8,6,9,6,8,7,8,8,8,9,8,9,8,9,8,9,7,9,8,9,8,9,8,9,8,9,8,8,9,8,9,8,10,8,10,8,11,7,11,7,12,7,12,7,12,7]"
2025-08-18 22:34:36.631409,CSI_DATA,1615,1a:00:00:00:00:00,-42,11,0,0,0,0,0,0,0,0,0,-94,0,1,0,275862702,0,31,0,128,0,"[0,0,12,-7,12,-8,11,-8,11,-8,11,-8,11,-8,10,-9,10,-9,9,-9,9,-10,9,-10,8,-10,8,-11,8,-11,9,-11,9,-11,9,-12,9,-11,10,-11,10,-11,10,-10,11,-10,11,-9,11,-8,11,-7,11,-6,0,0,0,0,0,0,0,0,0,0,0,0,0,0,0,0,0,0,0,0,0,0,7,-6,8,-5,9,-5,9,-5,10,-4,10,-4,11,-3,11,-3,11,-3,12,-2,11,-2,11,-2,11,-2,11,-2,11,-3,11,-3,11,-3,11,-4,11,-4,11,-5,11,-5,11,-6,12,-6,12,-7,12,-7,12,-7]"
2025-08-18 22:34:36.814009,CSI_DATA,1616,1a:00:00:00:00:00,-42,11,0,0,0,0,0,0,0,0,0,-94,0,1,0,276064003,0,31,0,128,0,"[0,0,3,-14,2,-14,2,-14,2,-14,1,-14,1,-14,1,-14,0,-13,0,-13,-1,-13,-2,-13,-2,-13,-3,-14,-3,-14,-3,-14,-3,-14,-3,-14,-2,-15,-2,-15,-1,-15,0,-15,0,-14,0,-14,1,-14,2,-13,2,-13,0,0,0,0,0,0,0,0,0,0,0,0,0,0,0,0,0,0,0,0,0,0,0,-10,1,-10,1,-10,2,-11,3,-11,3,-11,4,-11,5,-11,5,-11,5,-11,5,-11,5,-10,5,-11,5,-11,5,-11,4,-11,4,-11,4,-11,4,-12,4,-12,3,-12,3,-13,2,-13,2,-13,2,-14,2,-14]"
2025-08-18 22:34:37.016584,CSI_DATA,1617,1a:00:00:00:00:00,-42,11,0,0,0,0,0,0,0,0,0,-94,0,1,0,276265245,0,31,0,128,0,"[0,0,-15,1,-15,1,-15,1,-14,1,-14,2,-14,2,-13,2,-13,3,-13,4,-13,4,-13,5,-12,5,-13,6,-13,6,-13,6,-13,6,-14,6,-14,6,-14,6,-14,5,-14,4,-14,4,-14,3,-14,3,-14,2,-14,1,0,0,0,0,0,0,0,0,0,0,0,0,0,0,0,0,0,0,0,0,0,0,-10,1,-10,0,-11,0,-11,-1,-11,-2,-12,-2,-12,-3,-12,-3,-12,-4,-12,-4,-12,-4,-12,-4,-12,-4,-12,-4,-12,-3,-12,-3,-12,-3,-12,-2,-13,-2,-13,-1,-13,-1,-13,-1,-14,0,-14,0,-14,1,-14,1]"
2025-08-18 22:34:37.215025,CSI_DATA,1618,1a:00:00:00:00:00,-42,11,0,0,0,0,0,0,0,0,0,-94,0,1,0,276466418,0,31,0,128,0,"[0,0,10,-10,9,-10,9,-11,9,-10,8,-11,8,-11,8,-11,7,-11,7,-11,6,-11,6,-12,5,-12,5,-13,5,-13,5,-13,6,-13,5,-13,6,-14,7,-13,7,-13,7,-12,8,-12,8,-11,8,-11,8,-10,9,-9,0,0,0,0,0,0,0,0,0,0,0,0,0,0,0,0,0,0,0,0,0,0,5,-8,6,-8,7,-7,8,-7,8,-7,9,-7,10,-6,10,-6,10,-6,10,-6,10,-6,10,-5,10,-6,10,-6,10,-6,9,-6,10,-6,9,-7,10,-8,9,-8,9,-8,10,-9,9,-9,9,-10,9,-10,10,-10]"
2025-08-18 22:34:37.416232,CSI_DATA,1619,1a:00:00:00:00:00,-42,11,0,0,0,0,0,0,0,0,0,-94,0,1,0,276667548,0,31,0,128,0,"[0,0,-5,14,-4,14,-4,14,-4,14,-3,14,-3,13,-3,13,-2,13,-2,13,-1,13,-1,13,0,13,0,14,1,14,1,14,1,14,0,15,0,15,0,15,-1,15,-2,15,-2,14,-3,14,-4,13,-4,13,-5,12,0,0,0,0,0,0,0,0,0,0,0,0,0,0,0,0,0,0,0,0,0,0,-1,9,-2,10,-3,10,-4,10,-4,10,-5,10,-6,11,-6,11,-7,11,-7,10,-7,10,-8,10,-8,10,-7,10,-7,10,-7,10,-6,10,-6,11,-6,11,-5,12,-5,12,-5,13,-5,13,-5,13,-5,14,-4,14]"
2025-08-18 22:34:37.612574,CSI_DATA,1620,1a:00:00:00:00:00,-42,11,0,0,0,0,0,0,0,0,0,-94,0,1,0,276868670,0,31,0,128,0,"[0,0,8,12,8,11,8,12,8,11,9,11,9,11,9,10,9,10,9,9,10,9,10,8,10,8,11,8,12,8,12,8,12,8,12,8,12,9,12,9,11,9,11,10,10,10,9,10,9,10,8,10,7,11,0,0,0,0,0,0,0,0,0,0,0,0,0,0,0,0,0,0,0,0,0,0,6,7,6,8,5,9,5,9,5,10,5,11,4,11,4,12,3,12,3,12,3,12,2,12,3,12,3,11,3,12,3,11,4,11,4,11,5,11,5,11,6,12,6,12,7,11,7,12,8,12,8,12]"
2025-08-18 22:34:37.672845,CSI_DATA,1621,1a:00:00:00:00:00,-42,11,0,0,0,0,0,0,0,0,0,-94,0,1,0,276929455,0,42,0,128,0,"[0,0,6,13,5,12,6,12,6,11,6,12,6,11,6,11,7,10,7,10,8,9,8,9,8,9,9,9,9,9,9,9,10,10,9,10,10,10,9,10,9,11,8,11,7,11,7,11,6,11,6,11,5,11,0,0,0,0,0,0,0,0,0,0,0,0,0,0,0,0,0,0,0,0,0,0,4,7,4,8,3,9,3,9,3,10,2,11,2,11,1,11,1,12,1,11,0,11,0,11,0,11,1,11,1,11,1,11,2,11,2,11,3,11,3,11,3,12,4,12,4,12,5,12,5,12,6,12]"
2025-08-18 22:34:37.739170,CSI_DATA,1622,1a:00:00:00:00:00,-42,11,0,0,0,0,0,0,0,0,0,-94,0,1,0,276996839,0,31,0,128,0,"[0,0,12,6,12,5,12,5,12,4,13,4,12,4,12,3,12,3,12,3,12,2,12,1,12,1,13,1,13,0,13,0,14,0,13,1,14,1,14,2,14,2,14,3,13,3,12,3,12,4,11,4,11,5,0,0,0,0,0,0,0,0,0,0,0,0,0,0,0,0,0,0,0,0,0,0,8,2,9,3,8,4,9,5,9,5,9,6,9,7,9,7,8,8,8,7,8,8,8,8,8,8,8,7,8,7,8,7,9,7,9,6,10,6,10,6,10,6,11,6,11,5,12,6,12,5,12,5]"
2025-08-18 22:34:37.950291,CSI_DATA,1623,1a:00:00:00:00:00,-42,11,0,0,0,0,0,0,0,0,0,-94,0,1,0,277198098,0,31,0,128,0,"[0,0,-1,-14,-1,-14,-2,-14,-1,-14,-2,-14,-2,-14,-3,-13,-3,-13,-4,-13,-4,-13,-5,-13,-5,-13,-5,-13,-6,-13,-6,-13,-6,-13,-6,-13,-6,-14,-6,-14,-5,-14,-4,-14,-4,-14,-3,-14,-2,-14,-1,-13,-1,-13,0,0,0,0,0,0,0,0,0,0,0,0,0,0,0,0,0,0,0,0,0,0,-2,-9,-1,-10,-1,-10,0,-11,0,-11,1,-12,2,-12,2,-12,2,-12,3,-12,3,-12,3,-12,3,-12,3,-11,3,-12,2,-11,2,-12,1,-12,1,-13,1,-13,0,-13,0,-13,0,-13,0,-14,-1,-14,-1,-14]"
2025-08-18 22:34:38.154778,CSI_DATA,1624,1a:00:00:00:00:00,-42,11,0,0,0,0,0,0,0,0,0,-94,0,1,0,277399254,0,31,0,128,0,"[0,0,-5,-14,-5,-14,-5,-13,-5,-13,-6,-13,-6,-13,-6,-13,-7,-12,-7,-12,-7,-11,-8,-11,-8,-11,-9,-11,-9,-11,-9,-11,-9,-11,-9,-12,-9,-12,-9,-12,-8,-12,-8,-12,-7,-13,-6,-13,-6,-13,-5,-12,-4,-13,0,0,0,0,0,0,0,0,0,0,0,0,0,0,0,0,0,0,0,0,0,0,-5,-9,-4,-9,-4,-10,-3,-11,-3,-11,-2,-12,-2,-12,-1,-12,-1,-12,-1,-12,0,-13,0,-12,-1,-12,0,-12,-1,-12,-1,-12,-2,-12,-2,-12,-3,-13,-3,-13,-3,-13,-3,-13,-4,-13,-4,-13,-5,-14,-5,-14]"
2025-08-18 22:34:38.351010,CSI_DATA,1625,1a:00:00:00:00:00,-42,11,0,0,0,0,0,0,0,0,0,-94,0,1,0,277600351,0,31,0,128,0,"[0,0,-14,1,-15,1,-14,1,-14,2,-14,2,-13,2,-13,3,-13,3,-13,4,-13,4,-13,4,-12,5,-12,5,-12,6,-13,6,-13,6,-13,6,-14,6,-14,6,-14,5,-14,5,-14,4,-14,3,-13,3,-13,2,-13,1,0,0,0,0,0,0,0,0,0,0,0,0,0,0,0,0,0,0,0,0,0,0,-10,1,-10,0,-11,-1,-11,-1,-11,-1,-12,-2,-12,-3,-12,-3,-12,-3,-12,-4,-12,-4,-12,-4,-12,-4,-12,-4,-12,-3,-12,-3,-12,-3,-12,-2,-12,-2,-13,-1,-13,-1,-13,0,-14,0,-14,0,-14,0,-14,1]"
2025-08-18 22:34:38.544306,CSI_DATA,1626,1a:00:00:00:00:00,-42,11,0,0,0,0,0,0,0,0,0,-94,0,1,0,277801536,0,31,0,128,0,"[0,0,8,11,9,10,8,10,9,10,9,9,9,9,9,9,9,8,9,8,10,7,11,7,11,6,11,6,11,6,12,6,12,7,12,7,12,7,11,8,11,8,11,8,10,9,9,9,9,9,8,9,7,10,0,0,0,0,0,0,0,0,0,0,0,0,0,0,0,0,0,0,0,0,0,0,7,6,6,6,6,7,6,8,6,8,6,9,5,10,5,10,4,10,4,11,4,11,4,11,4,11,4,10,4,10,4,10,5,10,5,10,6,10,6,10,6,10,7,10,8,10,8,10,8,10,8,10]"
2025-08-18 22:34:38.755512,CSI_DATA,1627,1a:00:00:00:00:00,-42,11,0,0,0,0,0,0,0,0,0,-94,0,1,0,278002665,0,31,0,128,0,"[0,0,-2,-14,-3,-14,-3,-14,-3,-14,-4,-14,-4,-13,-4,-13,-4,-13,-5,-13,-5,-12,-6,-12,-6,-12,-7,-12,-7,-12,-8,-12,-8,-13,-8,-13,-7,-13,-7,-14,-6,-14,-6,-14,-5,-14,-5,-14,-4,-13,-3,-13,-2,-13,0,0,0,0,0,0,0,0,0,0,0,0,0,0,0,0,0,0,0,0,0,0,-2,-10,-2,-10,-1,-11,-1,-11,0,-11,0,-12,1,-12,1,-12,2,-12,2,-12,2,-12,3,-12,3,-12,2,-12,2,-12,1,-12,1,-12,0,-12,0,-13,0,-13,-1,-13,-1,-13,-1,-14,-2,-14,-2,-14,-2,-14]"
2025-08-18 22:34:38.957280,CSI_DATA,1628,1a:00:00:00:00:00,-42,11,0,0,0,0,0,0,0,0,0,-94,0,1,0,278203914,0,31,0,128,0,"[0,0,-2,-15,-3,-14,-3,-14,-3,-14,-4,-14,-4,-13,-4,-13,-5,-13,-5,-13,-6,-12,-6,-12,-6,-12,-7,-12,-7,-12,-7,-12,-8,-13,-7,-13,-7,-13,-7,-14,-6,-14,-6,-14,-5,-14,-4,-13,-4,-13,-3,-13,-2,-13,0,0,0,0,0,0,0,0,0,0,0,0,0,0,0,0,0,0,0,0,0,0,-3,-9,-2,-10,-1,-10,-1,-11,-1,-11,0,-12,1,-12,1,-12,1,-12,2,-12,2,-12,2,-12,2,-12,2,-12,2,-12,1,-12,1,-12,0,-12,0,-13,-1,-13,-1,-13,-1,-13,-2,-13,-2,-14,-2,-14,-2,-14]"
2025-08-18 22:34:39.151014,CSI_DATA,1629,1a:00:00:00:00:00,-42,11,0,0,0,0,0,0,0,0,0,-94,0,1,0,278405549,0,31,0,128,0,"[0,0,14,3,14,2,14,2,14,2,14,1,14,1,14,0,13,0,13,-1,13,-1,13,-2,13,-2,13,-2,14,-3,14,-3,14,-3,15,-3,15,-2,15,-2,15,-1,15,-1,14,0,14,1,13,1,13,2,12,3,0,0,0,0,0,0,0,0,0,0,0,0,0,0,0,0,0,0,0,0,0,0,9,0,10,0,10,1,10,2,11,3,11,3,11,4,11,5,11,5,11,6,11,6,10,6,11,5,11,5,10,5,11,5,11,5,11,4,12,4,12,4,12,3,13,3,13,3,13,3,14,3,14,2]"
2025-08-18 22:34:39.217039,CSI_DATA,1630,1a:00:00:00:00:00,-42,11,0,0,0,0,0,0,0,0,0,-94,0,1,0,278465931,0,42,0,128,0,"[0,0,-15,0,-15,0,-14,0,-14,1,-14,1,-14,2,-13,2,-13,2,-13,3,-13,4,-13,4,-13,4,-13,5,-13,5,-13,5,-13,5,-14,5,-14,5,-14,5,-14,4,-14,4,-14,3,-14,2,-13,2,-13,1,-13,0,0,0,0,0,0,0,0,0,0,0,0,0,0,0,0,0,0,0,0,0,0,0,-10,1,-10,0,-10,-1,-11,-1,-11,-2,-12,-2,-12,-3,-12,-3,-12,-3,-12,-4,-12,-4,-12,-4,-12,-4,-12,-4,-12,-3,-12,-3,-12,-3,-12,-3,-12,-2,-13,-2,-13,-1,-13,-1,-14,-1,-14,0,-14,0,-14,0]"
2025-08-18 22:34:39.285491,CSI_DATA,1631,1a:00:00:00:00:00,-42,11,0,0,0,0,0,0,0,0,0,-94,0,1,0,278533186,0,31,0,128,0,"[0,0,-3,-14,-3,-14,-3,-14,-4,-14,-4,-14,-4,-13,-5,-13,-5,-13,-6,-12,-6,-12,-6,-12,-7,-12,-7,-12,-8,-12,-8,-12,-8,-12,-8,-13,-8,-13,-8,-13,-7,-13,-7,-13,-6,-13,-5,-14,-4,-13,-4,-13,-3,-13,0,0,0,0,0,0,0,0,0,0,0,0,0,0,0,0,0,0,0,0,0,0,-2,-9,-2,-10,-1,-11,-1,-11,0,-11,0,-12,1,-12,1,-12,2,-12,2,-12,2,-12,2,-12,2,-12,2,-12,2,-12,1,-12,1,-12,0,-12,0,-12,-1,-13,-1,-13,-2,-13,-2,-13,-2,-14,-2,-14,-2,-14]"
2025-08-18 22:34:39.483729,CSI_DATA,1632,1a:00:00:00:00:00,-42,11,0,0,0,0,0,0,0,0,0,-94,0,1,0,278734239,0,31,0,128,0,"[0,0,-13,6,-13,6,-12,6,-12,6,-12,7,-12,7,-11,7,-11,8,-11,8,-10,8,-10,8,-9,9,-9,9,-9,10,-10,10,-10,10,-10,10,-10,10,-11,10,-11,9,-11,9,-11,8,-11,7,-11,7,-11,6,-12,5,0,0,0,0,0,0,0,0,0,0,0,0,0,0,0,0,0,0,0,0,0,0,-8,4,-9,4,-10,3,-10,3,-11,3,-11,3,-12,2,-12,2,-12,1,-12,1,-12,1,-12,1,-12,1,-12,1,-12,1,-12,1,-12,2,-12,3,-12,3,-12,3,-12,4,-12,4,-12,5,-13,5,-13,5,-13,6]"
2025-08-18 22:34:39.690599,CSI_DATA,1633,1a:00:00:00:00:00,-42,11,0,0,0,0,0,0,0,0,0,-94,0,1,0,278935405,0,31,0,128,0,"[0,0,-4,-15,-4,-14,-4,-14,-4,-14,-5,-14,-5,-14,-5,-13,-6,-13,-6,-13,-7,-12,-7,-12,-8,-12,-8,-12,-8,-12,-9,-12,-9,-12,-9,-13,-9,-13,-8,-13,-8,-13,-7,-14,-7,-13,-6,-14,-5,-13,-4,-13,-3,-13,0,0,0,0,0,0,0,0,0,0,0,0,0,0,0,0,0,0,0,0,0,0,-3,-10,-3,-10,-2,-11,-2,-11,-1,-12,-1,-12,0,-12,0,-13,1,-13,1,-13,2,-13,2,-12,1,-13,1,-12,1,-12,0,-12,0,-13,-1,-13,-1,-13,-2,-13,-2,-13,-2,-14,-3,-14,-3,-14,-3,-14,-3,-14]"
2025-08-18 22:34:39.884196,CSI_DATA,1634,1a:00:00:00:00:00,-42,11,0,0,0,0,0,0,0,0,0,-94,0,1,0,279136547,0,31,0,128,0,"[0,0,6,-13,5,-13,5,-13,5,-13,5,-13,4,-13,4,-13,3,-13,3,-13,2,-13,2,-13,2,-13,1,-14,1,-14,1,-14,1,-14,1,-15,2,-15,2,-15,3,-15,3,-14,4,-14,4,-13,5,-13,5,-12,6,-11,0,0,0,0,0,0,0,0,0,0,0,0,0,0,0,0,0,0,0,0,0,0,2,-9,3,-10,4,-9,5,-10,5,-10,6,-10,6,-10,7,-10,8,-9,8,-9,8,-9,8,-9,8,-9,8,-9,8,-9,7,-9,7,-9,6,-10,7,-10,6,-11,6,-11,6,-12,6,-12,6,-12,6,-12,6,-13]"
2025-08-18 22:34:40.081485,CSI_DATA,1635,1a:00:00:00:00:00,-42,11,0,0,0,0,0,0,0,0,0,-94,0,1,0,279337812,0,31,0,128,0,"[0,0,9,11,9,11,9,10,10,10,10,9,9,9,10,9,10,9,10,8,11,7,11,7,12,7,12,7,12,6,13,6,13,6,13,7,12,7,13,8,12,8,12,8,11,9,11,9,10,9,9,9,8,10,0,0,0,0,0,0,0,0,0,0,0,0,0,0,0,0,0,0,0,0,0,0,7,6,6,7,6,8,6,8,6,9,5,10,5,11,5,11,4,11,4,12,4,11,4,12,4,11,4,11,4,11,5,11,5,10,6,11,6,10,7,10,7,11,7,11,8,11,8,10,9,11,9,11]"
2025-08-18 22:34:40.284217,CSI_DATA,1636,1a:00:00:00:00:00,-42,11,0,0,0,0,0,0,0,0,0,-94,0,1,0,279539126,0,31,0,128,0,"[0,0,2,13,2,13,2,13,3,13,3,13,3,12,4,12,4,12,4,11,5,11,5,11,6,11,6,11,7,11,7,11,7,12,6,12,7,12,6,13,6,13,5,13,4,13,4,12,3,12,2,12,1,12,0,0,0,0,0,0,0,0,0,0,0,0,0,0,0,0,0,0,0,0,0,0,3,8,2,9,2,9,1,10,1,10,0,11,-1,11,-1,11,-1,11,-2,11,-2,11,-2,11,-2,11,-2,11,-2,11,-1,11,-1,11,0,11,0,12,0,12,1,12,1,12,2,12,2,13,2,13,2,13]"
2025-08-18 22:34:40.488102,CSI_DATA,1637,1a:00:00:00:00:00,-42,11,0,0,0,0,0,0,0,0,0,-94,0,1,0,279740200,0,31,0,128,0,"[0,0,8,-11,8,-12,7,-12,8,-12,7,-12,7,-12,6,-12,6,-12,5,-12,5,-12,4,-13,4,-13,4,-13,3,-13,4,-14,3,-14,4,-14,4,-14,5,-14,5,-14,6,-13,6,-13,6,-12,7,-12,7,-11,8,-10,0,0,0,0,0,0,0,0,0,0,0,0,0,0,0,0,0,0,0,0,0,0,4,-8,5,-8,6,-8,6,-8,7,-8,8,-8,9,-8,9,-8,9,-7,9,-7,10,-7,10,-7,10,-7,9,-7,9,-7,9,-7,9,-8,8,-8,8,-9,8,-9,8,-10,8,-10,8,-10,8,-11,8,-11,8,-11]"
2025-08-18 22:34:40.696142,CSI_DATA,1638,1a:00:00:00:00:00,-42,11,0,0,0,0,0,0,0,0,0,-94,0,1,0,279941367,0,31,0,128,0,"[0,0,-8,-13,-9,-13,-9,-13,-9,-13,-9,-12,-9,-12,-10,-12,-9,-11,-10,-10,-11,-10,-11,-9,-11,-10,-12,-9,-12,-9,-12,-9,-12,-9,-12,-10,-13,-10,-12,-11,-12,-11,-11,-12,-10,-12,-9,-12,-9,-12,-8,-12,-7,-12,0,0,0,0,0,0,0,0,0,0,0,0,0,0,0,0,0,0,0,0,0,0,-7,-8,-6,-9,-6,-10,-6,-10,-6,-11,-5,-12,-5,-12,-4,-12,-4,-13,-3,-13,-3,-13,-3,-13,-3,-13,-3,-13,-4,-12,-4,-12,-5,-12,-5,-12,-5,-13,-6,-12,-6,-12,-7,-13,-7,-13,-8,-13,-8,-13,-8,-13]"
2025-08-18 22:34:40.751610,CSI_DATA,1639,1a:00:00:00:00:00,-42,11,0,0,0,0,0,0,0,0,0,-94,0,1,0,280002192,0,42,0,128,0,"[0,0,4,-14,3,-14,3,-14,3,-14,3,-14,2,-14,1,-14,1,-13,1,-13,0,-14,0,-14,-1,-14,-1,-14,-1,-14,-1,-14,-2,-14,-1,-15,-1,-15,0,-15,0,-15,1,-14,1,-14,2,-14,3,-13,3,-13,4,-12,0,0,0,0,0,0,0,0,0,0,0,0,0,0,0,0,0,0,0,0,0,0,1,-9,2,-10,3,-10,3,-10,4,-11,5,-11,5,-11,6,-10,6,-10,7,-10,7,-10,7,-10,7,-10,6,-10,6,-10,6,-10,6,-10,5,-11,5,-11,5,-12,5,-12,4,-12,4,-13,4,-13,4,-13,4,-14]"
2025-08-18 22:34:40.815975,CSI_DATA,1640,1a:00:00:00:00:00,-42,11,0,0,0,0,0,0,0,0,0,-94,0,1,0,280069119,0,31,0,128,0,"[0,0,-1,14,0,13,0,13,0,13,0,13,0,13,1,13,1,13,2,12,2,12,3,12,4,12,4,12,4,12,4,12,4,13,4,13,4,13,3,13,3,13,2,13,1,13,1,13,1,13,0,12,-1,12,0,0,0,0,0,0,0,0,0,0,0,0,0,0,0,0,0,0,0,0,0,0,1,9,0,9,-1,10,-1,10,-2,11,-2,11,-3,11,-4,11,-4,11,-4,11,-4,11,-5,11,-4,11,-4,11,-4,11,-4,11,-3,11,-3,11,-3,11,-2,12,-2,12,-2,12,-1,13,-1,13,-1,13,-1,14]"
2025-08-18 22:34:41.019236,CSI_DATA,1641,1a:00:00:00:00:00,-42,11,0,0,0,0,0,0,0,0,0,-94,0,1,0,280270311,0,31,0,128,0,"[0,0,5,-13,5,-13,5,-13,4,-13,4,-14,4,-13,3,-13,2,-13,2,-13,2,-13,1,-13,1,-14,1,-14,0,-14,0,-14,1,-14,1,-15,1,-15,2,-15,2,-15,2,-14,3,-14,4,-13,4,-13,5,-12,5,-12,0,0,0,0,0,0,0,0,0,0,0,0,0,0,0,0,0,0,0,0,0,0,2,-10,2,-10,3,-10,4,-10,4,-10,5,-10,6,-10,6,-10,7,-10,7,-10,7,-9,7,-9,7,-9,7,-9,7,-10,6,-9,6,-10,6,-10,6,-11,6,-11,5,-12,5,-12,5,-12,5,-13,5,-13,5,-13]"
2025-08-18 22:34:41.222847,CSI_DATA,1642,1a:00:00:00:00:00,-42,11,0,0,0,0,0,0,0,0,0,-94,0,1,0,280471438,0,31,0,128,0,"[0,0,-13,5,-13,6,-12,5,-12,6,-12,6,-11,6,-11,6,-11,7,-10,8,-10,7,-10,8,-10,9,-10,9,-9,9,-10,9,-9,10,-10,10,-11,9,-12,10,-11,8,-11,8,-12,7,-12,7,-12,6,-11,6,-11,5,0,0,0,0,0,0,0,0,0,0,0,0,0,0,0,0,0,0,0,0,0,0,-8,5,-9,4,-9,4,-10,3,-11,3,-11,3,-11,2,-12,2,-12,2,-12,1,-12,1,-12,1,-12,1,-12,1,-12,1,-12,2,-12,2,-12,3,-12,3,-12,3,-12,4,-12,4,-12,5,-13,5,-12,6,-13,6]"
2025-08-18 22:34:41.419187,CSI_DATA,1643,1a:00:00:00:00:00,-42,11,0,0,0,0,0,0,0,0,0,-94,0,1,0,280672825,0,31,0,128,0,"[0,0,-1,14,-1,13,-1,13,-1,13,0,13,0,13,0,13,1,13,1,12,2,12,2,12,3,12,3,12,4,13,4,13,4,13,4,13,3,14,3,14,2,14,2,14,1,13,1,13,0,13,-1,12,-1,12,0,0,0,0,0,0,0,0,0,0,0,0,0,0,0,0,0,0,0,0,0,0,0,9,-1,9,-2,9,-2,10,-3,10,-3,11,-4,11,-4,10,-5,11,-5,10,-5,10,-6,10,-5,10,-5,10,-5,10,-5,10,-4,11,-4,11,-4,11,-3,12,-3,12,-3,12,-2,12,-2,13,-2,13,-1,13]"
2025-08-18 22:34:41.623303,CSI_DATA,1644,1a:00:00:00:00:00,-42,11,0,0,0,0,0,0,0,0,0,-94,0,1,0,280873869,0,31,0,128,0,"[0,0,-13,7,-13,7,-12,7,-12,7,-11,8,-11,8,-11,8,-10,8,-10,8,-10,9,-9,9,-9,10,-9,10,-9,10,-9,11,-9,10,-10,11,-10,11,-10,11,-10,11,-10,10,-10,9,-11,9,-11,8,-11,7,-11,6,0,0,0,0,0,0,0,0,0,0,0,0,0,0,0,0,0,0,0,0,0,0,-8,5,-9,4,-10,4,-10,4,-11,4,-11,3,-12,3,-12,3,-12,2,-12,2,-12,1,-12,1,-12,1,-12,2,-12,2,-12,2,-12,3,-12,3,-12,4,-12,4,-12,5,-12,5,-13,6,-12,6,-12,6,-12,6]"
2025-08-18 22:34:41.823287,CSI_DATA,1645,1a:00:00:00:00:00,-42,11,0,0,0,0,0,0,0,0,0,-94,0,1,0,281075025,0,31,0,128,0,"[0,0,-6,13,-6,13,-5,13,-5,13,-5,13,-4,13,-4,13,-3,13,-3,13,-2,13,-2,13,-2,13,-1,13,-1,14,-1,14,-1,14,-1,14,-2,14,-2,15,-2,14,-3,14,-4,14,-4,13,-5,13,-6,12,-6,11,0,0,0,0,0,0,0,0,0,0,0,0,0,0,0,0,0,0,0,0,0,0,-3,9,-3,9,-4,9,-5,9,-5,10,-6,10,-7,10,-7,10,-8,9,-8,9,-8,9,-9,9,-8,9,-8,9,-8,9,-8,9,-7,9,-7,10,-7,10,-6,11,-6,11,-6,12,-6,12,-6,12,-6,13,-5,13]"
2025-08-18 22:34:42.025212,CSI_DATA,1646,1a:00:00:00:00:00,-42,11,0,0,0,0,0,0,0,0,0,-94,0,1,0,281276238,0,31,0,128,0,"[0,0,-14,4,-14,4,-14,4,-13,4,-13,5,-13,5,-13,5,-12,6,-12,6,-11,6,-11,7,-11,8,-11,8,-11,8,-11,8,-11,8,-11,8,-12,8,-12,8,-13,7,-13,6,-13,6,-12,5,-13,5,-12,4,-13,3,0,0,0,0,0,0,0,0,0,0,0,0,0,0,0,0,0,0,0,0,0,0,-9,4,-10,3,-10,2,-11,2,-11,1,-12,1,-12,0,-12,0,-12,0,-12,-1,-12,-1,-12,-1,-13,-1,-12,0,-12,0,-12,0,-12,0,-12,1,-13,1,-12,1,-13,2,-13,2,-13,3,-13,4,-13,4,-14,4]"
2025-08-18 22:34:42.226690,CSI_DATA,1647,1a:00:00:00:00:00,-42,11,0,0,0,0,0,0,0,0,0,-94,0,1,0,281477417,0,31,0,128,0,"[0,0,-14,3,-14,4,-14,4,-14,4,-14,4,-13,5,-13,5,-12,6,-12,6,-12,6,-12,6,-12,7,-12,7,-12,8,-12,8,-12,8,-12,8,-13,8,-14,8,-13,7,-13,7,-14,6,-14,5,-14,4,-13,3,-13,3,0,0,0,0,0,0,0,0,0,0,0,0,0,0,0,0,0,0,0,0,0,0,-9,3,-10,3,-11,2,-11,2,-12,2,-12,1,-13,0,-13,0,-13,0,-13,-1,-13,-1,-13,-1,-13,-1,-13,-1,-13,-1,-13,0,-13,0,-13,1,-13,1,-13,2,-13,2,-13,2,-14,3,-14,3,-14,3,-14,3]"
2025-08-18 22:34:42.306319,CSI_DATA,1648,1a:00:00:00:00:00,-42,11,0,0,0,0,0,0,0,0,0,-94,0,1,0,281538225,0,42,0,128,0,"[0,0,-7,-13,-7,-13,-7,-12,-7,-12,-8,-12,-8,-12,-8,-11,-8,-11,-9,-10,-9,-10,-10,-10,-10,-10,-10,-10,-11,-9,-11,-9,-11,-10,-11,-10,-11,-11,-11,-11,-10,-11,-10,-11,-9,-12,-8,-12,-8,-12,-7,-12,-6,-12,0,0,0,0,0,0,0,0,0,0,0,0,0,0,0,0,0,0,0,0,0,0,-6,-8,-6,-9,-5,-9,-5,-10,-5,-11,-4,-11,-4,-12,-3,-12,-3,-12,-2,-12,-2,-12,-2,-12,-2,-12,-2,-12,-3,-12,-3,-12,-3,-12,-4,-12,-4,-12,-5,-12,-5,-12,-5,-12,-6,-12,-7,-12,-7,-13,-7,-13]"
2025-08-18 22:34:42.352050,CSI_DATA,1649,1a:00:00:00:00:00,-42,11,0,0,0,0,0,0,0,0,0,-94,0,1,0,281604543,0,31,0,128,0,"[0,0,-8,12,-7,11,-7,12,-7,11,-6,12,-6,11,-6,12,-5,12,-5,12,-4,12,-4,12,-3,12,-3,13,-3,13,-3,13,-3,13,-3,13,-4,14,-4,14,-5,13,-5,13,-6,12,-6,12,-6,11,-7,11,-8,10,0,0,0,0,0,0,0,0,0,0,0,0,0,0,0,0,0,0,0,0,0,0,-4,8,-5,8,-6,8,-7,8,-7,8,-8,8,-9,8,-9,8,-9,8,-9,7,-10,7,-10,7,-10,7,-9,7,-9,7,-9,7,-9,8,-8,8,-8,9,-8,9,-8,10,-8,10,-8,10,-8,11,-8,11,-8,11]"
2025-08-18 22:34:42.601377,CSI_DATA,1650,1a:00:00:00:00:00,-42,11,0,0,0,0,0,0,0,0,0,-94,0,1,0,281806426,0,31,0,128,0,"[0,0,10,-10,10,-10,9,-10,9,-10,9,-10,9,-10,8,-10,8,-11,7,-11,7,-11,6,-12,6,-12,6,-12,6,-13,6,-13,6,-13,6,-13,7,-13,7,-13,7,-13,8,-12,8,-11,8,-11,9,-10,9,-9,9,-9,0,0,0,0,0,0,0,0,0,0,0,0,0,0,0,0,0,0,0,0,0,0,5,-7,6,-7,7,-7,8,-7,8,-7,9,-7,9,-6,10,-6,10,-5,10,-5,10,-5,10,-5,10,-5,10,-5,10,-6,10,-5,10,-6,9,-6,10,-7,10,-7,10,-8,10,-8,10,-9,10,-9,10,-9,10,-10]"
2025-08-18 22:34:42.606643,CSI_DATA,1651,1a:00:00:00:00:00,-42,11,0,0,0,0,0,0,0,0,0,-94,0,1,0,281855525,0,28,0,128,0,"[0,0,3,14,3,14,3,14,3,14,4,13,4,13,4,13,5,13,5,12,6,12,6,11,7,11,7,11,8,12,8,12,8,12,8,12,8,12,7,13,7,13,6,13,5,13,5,13,4,13,3,13,2,13,0,0,0,0,0,0,0,0,0,0,0,0,0,0,0,0,0,0,0,0,0,0,3,9,2,10,1,10,1,11,1,11,0,11,-1,12,-1,12,-2,12,-2,12,-2,12,-2,12,-2,12,-2,12,-2,12,-2,12,-1,12,0,12,0,12,1,13,1,13,1,13,2,13,2,14,3,14,3,14]"
2025-08-18 22:34:42.952162,CSI_DATA,1652,1a:00:00:00:00:00,-42,11,0,0,0,0,0,0,0,0,0,-94,0,1,0,282006809,0,31,0,128,0,"[0,0,12,6,12,5,12,5,12,4,12,4,12,3,12,3,12,3,12,2,12,2,12,1,12,1,13,0,13,0,13,0,14,0,14,0,14,0,14,0,14,1,14,2,13,2,13,3,12,4,11,4,11,5,0,0,0,0,0,0,0,0,0,0,0,0,0,0,0,0,0,0,0,0,0,0,8,3,8,3,8,4,9,5,9,5,9,6,9,7,8,7,8,7,8,8,8,8,7,8,8,8,8,8,8,7,8,7,9,7,9,6,9,6,10,6,10,6,11,6,11,6,11,6,12,6,12,6]"
2025-08-18 22:34:42.971103,CSI_DATA,1653,1a:00:00:00:00:00,-42,11,0,0,0,0,0,0,0,0,0,-94,0,1,0,282208034,0,31,0,128,0,"[0,0,1,14,2,13,2,13,2,13,3,13,3,13,3,12,4,12,4,11,5,11,5,11,5,11,6,11,6,11,6,12,6,12,6,12,6,12,6,13,5,13,4,13,4,13,3,13,2,13,1,12,1,12,0,0,0,0,0,0,0,0,0,0,0,0,0,0,0,0,0,0,0,0,0,0,2,9,2,9,1,9,0,10,0,10,-1,11,-1,11,-2,11,-2,11,-3,11,-3,11,-3,11,-3,11,-3,11,-2,11,-2,11,-2,11,-1,11,-1,12,0,12,0,12,1,12,1,13,1,13,1,13,2,13]"
2025-08-18 22:34:43.156011,CSI_DATA,1654,1a:00:00:00:00:00,-42,11,0,0,0,0,0,0,0,0,0,-94,0,1,0,282409241,0,31,0,128,0,"[0,0,-7,12,-7,12,-7,12,-6,12,-6,12,-6,12,-5,12,-5,12,-4,12,-4,12,-3,12,-2,12,-2,13,-2,13,-2,13,-2,13,-2,14,-3,14,-4,14,-4,14,-5,13,-5,13,-5,12,-5,12,-6,11,-7,10,0,0,0,0,0,0,0,0,0,0,0,0,0,0,0,0,0,0,0,0,0,0,-4,8,-5,8,-6,8,-6,8,-7,8,-8,8,-9,8,-9,8,-9,7,-9,7,-9,7,-10,7,-9,7,-9,7,-9,7,-9,8,-9,8,-8,8,-8,9,-8,9,-8,10,-8,10,-7,11,-7,11,-7,11,-7,12]"
2025-08-18 22:34:43.365223,CSI_DATA,1655,1a:00:00:00:00:00,-42,11,0,0,0,0,0,0,0,0,0,-94,0,1,0,282610360,0,31,0,128,0,"[0,0,-6,-13,-6,-13,-6,-13,-7,-13,-7,-13,-7,-12,-7,-12,-7,-12,-8,-11,-8,-11,-9,-11,-9,-11,-9,-10,-10,-11,-10,-10,-10,-11,-10,-11,-10,-11,-10,-12,-9,-12,-9,-12,-8,-12,-7,-13,-6,-12,-6,-12,-5,-12,0,0,0,0,0,0,0,0,0,0,0,0,0,0,0,0,0,0,0,0,0,0,-5,-8,-5,-9,-5,-10,-4,-10,-4,-11,-3,-12,-3,-12,-2,-12,-2,-12,-1,-12,-1,-12,-1,-12,-1,-12,-1,-12,-1,-12,-2,-12,-2,-12,-3,-12,-4,-12,-4,-12,-4,-12,-5,-13,-5,-13,-5,-13,-5,-13,-5,-13]"
2025-08-18 22:34:43.561753,CSI_DATA,1656,1a:00:00:00:00:00,-42,11,0,0,0,0,0,0,0,0,0,-94,0,1,0,282811766,0,31,0,128,0,"[0,0,-14,3,-14,3,-13,3,-13,3,-13,4,-13,4,-13,4,-12,5,-12,5,-12,6,-11,6,-11,7,-11,7,-11,7,-12,8,-11,7,-12,8,-12,8,-13,7,-13,7,-13,6,-13,5,-13,5,-13,4,-12,3,-13,2,0,0,0,0,0,0,0,0,0,0,0,0,0,0,0,0,0,0,0,0,0,0,-9,2,-10,2,-10,2,-10,1,-11,1,-12,0,-12,0,-12,-1,-12,-1,-12,-2,-12,-2,-12,-2,-12,-2,-12,-1,-12,-1,-12,-1,-12,0,-12,0,-12,0,-13,1,-12,1,-13,1,-13,2,-13,3,-13,3,-13,3]"
2025-08-18 22:34:43.767153,CSI_DATA,1657,1a:00:00:00:00:00,-42,11,0,0,0,0,0,0,0,0,0,-94,0,1,0,283012807,0,31,0,128,0,"[0,0,-14,-7,-14,-7,-14,-6,-14,-6,-14,-6,-14,-5,-14,-5,-14,-4,-14,-4,-14,-3,-14,-3,-14,-2,-14,-2,-15,-2,-15,-1,-15,-1,-16,-2,-16,-2,-16,-2,-16,-3,-15,-3,-15,-4,-14,-5,-14,-6,-13,-6,-13,-7,0,0,0,0,0,0,0,0,0,0,0,0,0,0,0,0,0,0,0,0,0,0,-10,-4,-10,-5,-10,-6,-10,-6,-10,-7,-10,-8,-10,-8,-10,-9,-10,-9,-9,-10,-9,-10,-9,-10,-9,-10,-9,-10,-9,-9,-10,-9,-10,-8,-11,-8,-11,-8,-11,-8,-12,-7,-12,-7,-13,-8,-13,-8,-13,-7,-13,-7]"
2025-08-18 22:34:43.836405,CSI_DATA,1658,1a:00:00:00:00:00,-42,11,0,0,0,0,0,0,0,0,0,-94,0,1,0,283073566,0,42,0,128,0,"[0,0,-10,11,-10,11,-9,11,-9,11,-8,11,-8,11,-8,11,-7,11,-7,11,-6,12,-5,12,-5,12,-5,13,-5,13,-4,13,-4,13,-5,14,-5,14,-6,14,-6,13,-7,13,-7,12,-7,12,-8,11,-8,10,-9,10,0,0,0,0,0,0,0,0,0,0,0,0,0,0,0,0,0,0,0,0,0,0,-6,7,-7,7,-7,7,-8,7,-9,7,-9,7,-10,7,-10,6,-11,6,-11,6,-11,6,-11,5,-11,6,-11,6,-11,6,-11,6,-10,6,-10,7,-10,8,-10,8,-10,9,-10,9,-10,10,-10,10,-10,10,-10,10]"
2025-08-18 22:34:43.890849,CSI_DATA,1659,1a:00:00:00:00:00,-42,11,0,0,0,0,0,0,0,0,0,-94,0,1,0,283141386,0,31,0,128,0,"[0,0,4,-13,4,-13,4,-14,3,-13,3,-14,3,-13,2,-13,1,-13,1,-13,0,-13,0,-13,-1,-14,-1,-14,-1,-14,-1,-14,-1,-15,-1,-15,-1,-15,-1,-15,0,-15,0,-15,1,-14,2,-14,2,-14,3,-13,3,-12,0,0,0,0,0,0,0,0,0,0,0,0,0,0,0,0,0,0,0,0,0,0,2,-9,3,-10,3,-10,4,-10,5,-10,6,-10,6,-10,6,-10,7,-10,7,-9,7,-9,8,-9,7,-9,7,-9,7,-10,6,-9,6,-10,6,-10,6,-11,5,-11,5,-12,5,-12,4,-12,4,-13,4,-13,4,-13]"
2025-08-18 22:34:44.096655,CSI_DATA,1660,1a:00:00:00:00:00,-42,11,0,0,0,0,0,0,0,0,0,-94,0,1,0,283342536,0,31,0,128,0,"[0,0,-14,-6,-14,-6,-14,-6,-14,-6,-14,-6,-13,-5,-14,-5,-13,-4,-13,-4,-14,-3,-14,-2,-14,-2,-14,-2,-15,-2,-15,-1,-15,-1,-15,-2,-16,-2,-16,-2,-15,-3,-15,-3,-14,-4,-14,-5,-14,-5,-13,-6,-12,-6,0,0,0,0,0,0,0,0,0,0,0,0,0,0,0,0,0,0,0,0,0,0,-10,-4,-10,-4,-10,-5,-10,-6,-10,-6,-10,-7,-10,-8,-10,-8,-10,-9,-9,-9,-9,-9,-9,-9,-9,-9,-9,-9,-9,-9,-10,-9,-10,-8,-10,-8,-11,-8,-11,-7,-12,-7,-12,-7,-12,-7,-13,-7,-13,-7,-13,-7]"
2025-08-18 22:34:44.295258,CSI_DATA,1661,1a:00:00:00:00:00,-42,11,0,0,0,0,0,0,0,0,0,-94,0,1,0,283545661,0,31,0,128,0,"[0,0,-14,3,-14,4,-13,4,-13,4,-13,4,-13,4,-13,5,-12,5,-12,5,-12,6,-11,7,-11,7,-11,7,-11,7,-11,8,-11,8,-12,8,-12,8,-13,7,-13,7,-13,6,-13,5,-13,5,-13,4,-13,3,-13,3,0,0,0,0,0,0,0,0,0,0,0,0,0,0,0,0,0,0,0,0,0,0,-9,4,-9,3,-10,3,-10,2,-11,2,-12,1,-12,1,-12,0,-12,0,-12,0,-12,-1,-12,-1,-12,-1,-12,-1,-12,0,-12,0,-12,0,-12,1,-12,1,-13,2,-13,2,-13,2,-13,3,-13,3,-13,3,-13,4]"
2025-08-18 22:34:44.496289,CSI_DATA,1662,1a:00:00:00:00:00,-42,11,0,0,0,0,0,0,0,0,0,-94,0,1,0,283744867,0,31,0,128,0,"[0,0,5,13,5,12,6,12,6,12,6,12,6,11,7,11,7,10,7,10,8,9,8,9,8,9,9,9,9,9,10,9,10,9,10,9,10,10,10,10,9,10,8,11,8,11,7,11,6,11,5,11,5,11,0,0,0,0,0,0,0,0,0,0,0,0,0,0,0,0,0,0,0,0,0,0,4,8,4,8,3,9,3,9,3,10,2,11,2,11,1,11,1,11,0,11,0,11,0,11,0,11,0,11,1,11,1,11,1,11,2,11,2,11,3,11,3,11,4,12,4,12,4,12,5,12,5,12]"
2025-08-18 22:34:44.695572,CSI_DATA,1663,1a:00:00:00:00:00,-42,11,0,0,0,0,0,0,0,0,0,-94,0,1,0,283946137,0,31,0,128,0,"[0,0,-13,6,-13,7,-12,6,-12,7,-12,7,-12,7,-11,7,-11,8,-10,8,-10,9,-10,9,-9,9,-9,10,-9,10,-10,10,-9,10,-10,10,-10,10,-11,10,-11,10,-11,9,-11,8,-12,8,-11,7,-12,6,-12,5,0,0,0,0,0,0,0,0,0,0,0,0,0,0,0,0,0,0,0,0,0,0,-8,5,-9,5,-10,4,-10,4,-11,3,-11,3,-12,3,-12,2,-12,2,-12,2,-12,1,-12,1,-12,2,-12,2,-12,2,-12,2,-11,2,-12,3,-12,3,-12,4,-12,4,-12,5,-13,5,-12,6,-12,6,-13,6]"
2025-08-18 22:34:44.901638,CSI_DATA,1664,1a:00:00:00:00:00,-42,11,0,0,0,0,0,0,0,0,0,-94,0,1,0,284147281,0,31,0,128,0,"[0,0,-5,-15,-6,-15,-6,-14,-6,-14,-6,-14,-6,-14,-6,-13,-7,-13,-7,-13,-8,-12,-9,-12,-9,-12,-9,-11,-9,-12,-10,-12,-10,-12,-10,-12,-10,-13,-9,-13,-9,-13,-8,-14,-7,-14,-7,-14,-6,-13,-5,-13,-4,-13,0,0,0,0,0,0,0,0,0,0,0,0,0,0,0,0,0,0,0,0,0,0,-5,-9,-4,-10,-4,-11,-3,-11,-3,-12,-2,-13,-1,-13,-1,-13,-1,-13,0,-13,0,-13,0,-13,0,-13,0,-13,0,-13,-1,-13,-1,-13,-2,-13,-2,-13,-3,-13,-3,-13,-4,-14,-4,-14,-5,-14,-5,-14,-5,-15]"
2025-08-18 22:34:45.097913,CSI_DATA,1665,1a:00:00:00:00:00,-42,11,0,0,0,0,0,0,0,0,0,-94,0,1,0,284348490,0,31,0,128,0,"[0,0,-13,6,-13,6,-12,6,-12,7,-12,7,-12,7,-11,7,-11,7,-11,8,-10,8,-10,8,-10,9,-9,9,-10,10,-10,10,-10,10,-10,10,-11,10,-11,9,-11,9,-12,8,-12,8,-12,7,-12,6,-12,5,-12,5,0,0,0,0,0,0,0,0,0,0,0,0,0,0,0,0,0,0,0,0,0,0,-8,5,-9,5,-9,4,-10,4,-11,4,-11,3,-12,3,-12,2,-12,2,-12,2,-12,1,-12,1,-12,1,-12,2,-12,2,-12,2,-12,2,-12,3,-12,3,-12,4,-12,4,-12,4,-13,5,-12,5,-13,6,-13,6]"
2025-08-18 22:34:45.298473,CSI_DATA,1666,1a:00:00:00:00:00,-42,11,0,0,0,0,0,0,0,0,0,-94,0,1,0,284549609,0,31,0,128,0,"[0,0,12,-8,12,-8,12,-9,12,-9,11,-9,10,-9,10,-10,10,-10,9,-10,9,-11,9,-11,8,-12,8,-12,8,-12,8,-12,8,-13,9,-13,9,-13,9,-13,10,-12,10,-11,10,-11,10,-10,11,-9,11,-8,11,-8,0,0,0,0,0,0,0,0,0,0,0,0,0,0,0,0,0,0,0,0,0,0,8,-6,8,-6,9,-5,10,-5,10,-5,11,-5,11,-4,12,-4,12,-4,12,-3,12,-2,12,-2,12,-3,12,-3,12,-3,11,-3,12,-4,11,-5,12,-5,12,-6,12,-6,12,-7,12,-7,12,-7,12,-7,12,-8]"
2025-08-18 22:34:45.429202,CSI_DATA,1667,1a:00:00:00:00:00,-42,11,0,0,0,0,0,0,0,0,0,-94,0,1,0,284610419,0,42,0,128,0,"[0,0,12,6,12,6,12,6,12,6,12,5,12,5,12,5,12,4,12,4,12,3,12,3,12,2,12,2,13,2,13,2,13,2,13,2,14,2,14,3,13,3,13,4,12,5,12,5,11,5,11,6,10,6,0,0,0,0,0,0,0,0,0,0,0,0,0,0,0,0,0,0,0,0,0,0,8,3,9,3,8,4,9,5,9,6,9,6,9,7,8,7,8,8,8,8,8,8,7,8,8,8,8,8,8,8,8,8,8,7,9,7,9,7,10,7,10,7,10,6,11,6,11,6,11,7,12,6]"
2025-08-18 22:34:45.435433,CSI_DATA,1668,1a:00:00:00:00:00,-42,11,0,0,0,0,0,0,0,0,0,-94,0,1,0,284676861,0,31,0,128,0,"[0,0,-5,-14,-5,-14,-5,-14,-5,-13,-6,-13,-6,-13,-6,-12,-7,-12,-7,-11,-7,-11,-8,-11,-8,-11,-9,-11,-9,-11,-9,-11,-9,-11,-9,-12,-10,-12,-9,-12,-9,-12,-8,-12,-7,-12,-7,-13,-6,-13,-5,-12,-5,-13,0,0,0,0,0,0,0,0,0,0,0,0,0,0,0,0,0,0,0,0,0,0,-3,-9,-3,-10,-3,-10,-2,-11,-2,-11,-1,-12,-1,-12,-1,-12,0,-12,0,-12,1,-12,1,-12,0,-12,0,-12,0,-12,0,-12,-1,-12,-1,-12,-2,-13,-2,-13,-3,-13,-3,-13,-4,-13,-4,-13,-4,-14,-4,-14]"
2025-08-18 22:34:45.624095,CSI_DATA,1669,1a:00:00:00:00:00,-42,11,0,0,0,0,0,0,0,0,0,-94,0,1,0,284877917,0,31,0,128,0,"[0,0,14,0,13,-1,13,-1,14,-1,13,-2,13,-2,12,-2,12,-3,12,-3,12,-4,12,-4,12,-5,12,-5,12,-5,12,-6,12,-6,13,-5,13,-5,13,-5,14,-4,13,-4,13,-3,13,-2,13,-2,12,-1,12,0,0,0,0,0,0,0,0,0,0,0,0,0,0,0,0,0,0,0,0,0,0,0,9,-1,9,-1,10,0,10,0,10,1,10,2,11,2,11,2,11,3,11,4,10,4,10,4,11,4,10,4,10,3,11,3,10,2,11,2,11,2,11,1,12,1,12,0,13,0,13,0,13,0,13,0]"
2025-08-18 22:34:45.821114,CSI_DATA,1670,1a:00:00:00:00:00,-42,11,0,0,0,0,0,0,0,0,0,-94,0,1,0,285079227,0,31,0,128,0,"[0,0,10,9,10,8,10,8,11,7,11,7,11,7,11,6,11,6,11,5,11,5,12,4,12,4,12,4,12,4,13,3,13,3,13,4,13,4,13,4,13,5,12,5,12,6,11,6,11,7,10,7,9,7,0,0,0,0,0,0,0,0,0,0,0,0,0,0,0,0,0,0,0,0,0,0,7,5,7,6,7,6,7,7,7,7,7,8,7,9,6,9,6,9,6,10,5,10,5,10,5,10,6,9,6,9,6,9,6,9,7,8,7,9,8,9,8,8,9,9,9,8,9,8,10,9,10,8]"
2025-08-18 22:34:46.032166,CSI_DATA,1671,1a:00:00:00:00:00,-42,11,0,0,0,0,0,0,0,0,0,-94,0,1,0,285280413,0,31,0,128,0,"[0,0,6,12,6,12,6,12,6,11,7,11,7,11,7,10,7,10,8,10,8,9,8,9,9,9,9,9,9,9,10,8,10,9,10,9,10,10,10,10,9,10,9,10,8,10,7,11,7,11,6,11,5,11,0,0,0,0,0,0,0,0,0,0,0,0,0,0,0,0,0,0,0,0,0,0,4,7,4,8,4,9,3,9,3,10,2,10,2,11,2,11,1,11,1,11,0,12,0,11,0,11,1,11,1,11,2,11,2,11,3,11,3,11,4,11,4,11,4,11,4,12,5,12,5,12,6,12]"
2025-08-18 22:34:46.224637,CSI_DATA,1672,1a:00:00:00:00:00,-42,11,0,0,0,0,0,0,0,0,0,-94,0,1,0,285481578,0,31,0,128,0,"[0,0,10,10,10,10,10,9,11,9,11,9,11,8,11,8,11,7,11,7,12,7,12,6,12,6,12,6,12,5,13,5,13,5,13,6,13,6,14,6,13,7,13,7,12,8,11,8,10,9,10,9,9,9,0,0,0,0,0,0,0,0,0,0,0,0,0,0,0,0,0,0,0,0,0,0,7,6,7,6,7,7,7,8,7,9,6,9,6,10,6,10,6,11,5,11,5,11,4,11,4,11,5,11,5,10,5,11,6,10,7,10,7,10,8,10,8,10,9,10,9,10,9,10,9,11,10,10]"
2025-08-18 22:34:46.432110,CSI_DATA,1673,1a:00:00:00:00:00,-42,11,0,0,0,0,0,0,0,0,0,-94,0,1,0,285682726,0,31,0,128,0,"[0,0,-15,5,-14,5,-14,5,-14,5,-13,6,-13,6,-13,6,-12,7,-12,7,-12,7,-11,8,-11,9,-11,9,-11,9,-12,10,-11,9,-12,10,-12,10,-13,9,-13,9,-13,8,-13,7,-13,7,-13,6,-13,5,-13,4,0,0,0,0,0,0,0,0,0,0,0,0,0,0,0,0,0,0,0,0,0,0,-9,4,-10,4,-11,3,-11,3,-12,2,-12,2,-13,1,-13,1,-13,0,-13,0,-13,0,-13,-1,-13,0,-13,0,-13,0,-13,0,-13,1,-13,1,-13,2,-13,2,-13,3,-13,3,-14,4,-14,4,-14,5,-14,5]"
2025-08-18 22:34:46.631551,CSI_DATA,1674,1a:00:00:00:00:00,-42,11,0,0,0,0,0,0,0,0,0,-94,0,1,0,285883855,0,31,0,128,0,"[0,0,-5,14,-4,14,-4,14,-3,13,-3,14,-3,13,-3,13,-2,13,-1,13,-1,13,0,13,1,13,1,13,1,14,1,14,1,14,1,14,1,15,0,15,-1,15,-1,14,-2,14,-2,14,-2,13,-3,13,-4,12,0,0,0,0,0,0,0,0,0,0,0,0,0,0,0,0,0,0,0,0,0,0,-2,9,-3,9,-4,9,-4,10,-5,10,-6,10,-6,10,-7,10,-7,10,-8,10,-8,10,-8,9,-7,9,-7,9,-7,10,-7,10,-6,10,-6,10,-5,11,-6,11,-5,11,-5,12,-5,12,-4,13,-4,13,-4,13]"
2025-08-18 22:34:46.833274,CSI_DATA,1675,1a:00:00:00:00:00,-42,11,0,0,0,0,0,0,0,0,0,-94,0,1,0,286085005,0,31,0,128,0,"[0,0,-9,11,-9,11,-9,11,-8,11,-8,12,-7,11,-7,11,-6,12,-6,12,-5,12,-5,12,-5,12,-4,13,-4,13,-4,13,-4,13,-4,14,-4,14,-5,14,-5,13,-6,13,-6,13,-7,12,-7,11,-8,11,-8,10,0,0,0,0,0,0,0,0,0,0,0,0,0,0,0,0,0,0,0,0,0,0,-6,8,-6,8,-7,8,-8,8,-9,8,-9,7,-10,7,-10,7,-11,7,-11,6,-11,6,-11,6,-11,6,-11,6,-10,7,-10,7,-10,7,-9,8,-9,8,-9,8,-9,9,-9,10,-9,10,-9,10,-9,11,-9,11]"
2025-08-18 22:34:46.907959,CSI_DATA,1676,1a:00:00:00:00:00,-42,11,0,0,0,0,0,0,0,0,0,-94,0,1,0,286145910,0,42,0,128,0,"[0,0,4,-14,4,-14,3,-14,3,-14,3,-14,2,-14,2,-13,1,-13,1,-13,0,-14,0,-14,-1,-14,-1,-14,-1,-14,-1,-14,-1,-14,-1,-15,0,-15,0,-15,0,-15,1,-15,1,-14,2,-14,3,-13,3,-13,4,-12,0,0,0,0,0,0,0,0,0,0,0,0,0,0,0,0,0,0,0,0,0,0,1,-10,2,-10,3,-10,3,-10,4,-11,5,-11,5,-11,6,-11,6,-11,7,-10,7,-10,7,-10,7,-10,6,-10,6,-10,6,-10,5,-10,5,-11,5,-11,5,-12,4,-12,4,-12,4,-13,4,-13,4,-13,4,-13]"
2025-08-18 22:34:46.956125,CSI_DATA,1677,1a:00:00:00:00:00,-42,11,0,0,0,0,0,0,0,0,0,-94,0,1,0,286212815,0,31,0,128,0,"[0,0,7,12,7,11,6,11,7,11,7,11,7,10,8,10,8,9,8,9,9,8,9,8,10,8,10,8,10,8,11,8,11,8,11,8,10,8,11,9,10,9,9,9,9,10,8,10,7,10,7,10,6,10,0,0,0,0,0,0,0,0,0,0,0,0,0,0,0,0,0,0,0,0,0,0,5,7,4,8,4,8,4,9,4,10,3,10,3,11,2,11,2,11,2,11,1,11,1,11,1,11,1,11,2,11,2,11,2,11,3,11,3,11,4,11,5,11,5,11,6,11,6,11,6,12,7,12]"
2025-08-18 22:34:47.165507,CSI_DATA,1678,1a:00:00:00:00:00,-42,11,0,0,0,0,0,0,0,0,0,-94,0,1,0,286413901,0,31,0,128,0,"[0,0,-15,0,-15,0,-15,0,-14,1,-14,1,-14,1,-14,2,-13,2,-14,2,-13,4,-13,4,-13,5,-13,5,-13,5,-14,5,-14,5,-14,5,-14,5,-15,5,-15,4,-15,3,-15,3,-14,2,-14,2,-14,1,-13,0,0,0,0,0,0,0,0,0,0,0,0,0,0,0,0,0,0,0,0,0,0,0,-10,1,-10,0,-11,-1,-11,-2,-12,-2,-12,-3,-12,-4,-12,-4,-12,-5,-12,-5,-12,-5,-12,-5,-12,-4,-12,-4,-12,-4,-12,-4,-12,-4,-12,-3,-13,-3,-13,-2,-13,-2,-14,-2,-14,-1,-14,0,-14,0,-15,0]"
2025-08-18 22:34:47.369917,CSI_DATA,1679,1a:00:00:00:00:00,-42,11,0,0,0,0,0,0,0,0,0,-94,0,1,0,286615060,0,31,0,128,0,"[0,0,-10,-11,-10,-11,-10,-10,-10,-10,-10,-10,-10,-9,-11,-9,-11,-9,-11,-8,-11,-8,-12,-7,-12,-7,-12,-7,-13,-7,-13,-7,-13,-7,-13,-7,-13,-8,-13,-8,-12,-8,-12,-9,-11,-9,-11,-10,-10,-10,-9,-10,-8,-10,0,0,0,0,0,0,0,0,0,0,0,0,0,0,0,0,0,0,0,0,0,0,-8,-6,-7,-7,-7,-8,-7,-8,-7,-9,-7,-10,-6,-11,-6,-11,-6,-11,-5,-11,-5,-11,-5,-11,-5,-11,-5,-11,-5,-11,-6,-11,-6,-11,-7,-11,-7,-11,-7,-11,-8,-10,-9,-11,-9,-11,-9,-11,-9,-11,-9,-11]"
2025-08-18 22:34:47.565596,CSI_DATA,1680,1a:00:00:00:00:00,-42,11,0,0,0,0,0,0,0,0,0,-94,0,1,0,286816192,0,31,0,128,0,"[0,0,-13,6,-13,6,-12,6,-12,6,-12,7,-12,7,-11,7,-11,8,-11,8,-10,8,-10,9,-10,9,-9,9,-9,10,-10,10,-10,10,-10,10,-10,10,-11,10,-11,9,-12,9,-11,8,-11,7,-12,7,-12,6,-12,5,0,0,0,0,0,0,0,0,0,0,0,0,0,0,0,0,0,0,0,0,0,0,-8,5,-9,4,-10,4,-10,4,-11,3,-11,3,-12,2,-12,2,-12,2,-12,1,-12,1,-12,1,-12,1,-12,1,-12,2,-12,2,-12,2,-12,3,-12,3,-12,4,-12,4,-12,5,-12,5,-13,6,-13,6,-13,6]"
2025-08-18 22:34:47.773507,CSI_DATA,1681,1a:00:00:00:00:00,-42,11,0,0,0,0,0,0,0,0,0,-94,0,1,0,287017357,0,31,0,128,0,"[0,0,12,7,12,6,11,6,12,6,12,5,11,5,12,5,12,4,12,4,12,3,12,3,12,2,12,2,12,2,14,2,13,2,14,2,13,2,14,3,13,3,13,4,13,4,12,5,11,5,11,6,10,6,0,0,0,0,0,0,0,0,0,0,0,0,0,0,0,0,0,0,0,0,0,0,8,3,8,4,8,5,8,5,8,6,8,7,8,7,8,8,8,8,7,9,7,9,7,9,7,9,7,8,7,8,8,8,8,7,9,7,9,7,9,7,10,7,10,7,11,7,11,7,11,7,11,7]"
2025-08-18 22:34:47.969508,CSI_DATA,1682,1a:00:00:00:00:00,-42,11,0,0,0,0,0,0,0,0,0,-94,0,1,0,287218571,0,31,0,128,0,"[0,0,-14,0,-15,0,-14,0,-14,1,-14,1,-14,1,-13,1,-13,2,-13,2,-13,3,-13,4,-13,4,-13,5,-13,5,-14,5,-13,5,-14,5,-14,4,-14,4,-14,3,-15,2,-14,2,-14,1,-14,1,-13,0,-13,-1,0,0,0,0,0,0,0,0,0,0,0,0,0,0,0,0,0,0,0,0,0,0,-10,1,-10,0,-11,0,-11,-1,-12,-1,-11,-2,-12,-3,-12,-3,-12,-4,-12,-4,-12,-4,-12,-4,-12,-4,-12,-4,-12,-3,-12,-3,-12,-3,-12,-2,-12,-2,-13,-2,-13,-2,-13,-1,-14,-1,-14,0,-14,0,-14,0]"
2025-08-18 22:34:48.172626,CSI_DATA,1683,1a:00:00:00:00:00,-42,11,0,0,0,0,0,0,0,0,0,-94,0,1,0,287419894,0,31,0,128,0,"[0,0,-2,-14,-3,-14,-3,-14,-3,-14,-4,-14,-4,-14,-4,-13,-5,-13,-5,-13,-5,-12,-6,-13,-6,-12,-6,-12,-7,-13,-7,-12,-7,-13,-7,-13,-7,-14,-7,-14,-6,-14,-6,-14,-5,-14,-4,-13,-3,-14,-3,-13,-2,-13,0,0,0,0,0,0,0,0,0,0,0,0,0,0,0,0,0,0,0,0,0,0,-3,-9,-2,-10,-2,-10,-1,-11,-1,-11,0,-12,0,-12,1,-12,1,-12,2,-12,2,-12,2,-12,2,-12,2,-12,1,-12,1,-12,1,-12,0,-12,0,-13,-1,-13,-1,-13,-1,-13,-2,-13,-2,-14,-2,-14,-2,-14]"
2025-08-18 22:34:48.368895,CSI_DATA,1684,1a:00:00:00:00:00,-42,11,0,0,0,0,0,0,0,0,0,-94,0,1,0,287620981,0,31,0,128,0,"[0,0,-4,14,-4,13,-4,14,-3,14,-3,14,-3,14,-2,14,-1,13,-1,13,0,13,0,13,1,13,1,14,2,14,2,14,2,14,2,14,1,15,1,15,0,15,-1,15,-1,14,-2,14,-2,14,-3,13,-4,13,0,0,0,0,0,0,0,0,0,0,0,0,0,0,0,0,0,0,0,0,0,0,-2,9,-2,10,-3,10,-4,10,-4,10,-6,11,-6,10,-7,11,-7,10,-7,10,-7,10,-7,10,-7,10,-7,10,-7,10,-7,10,-6,11,-5,11,-6,11,-6,12,-5,12,-5,12,-5,13,-4,13,-4,14,-4,14]"
2025-08-18 22:34:48.439453,CSI_DATA,1685,1a:00:00:00:00:00,-42,11,0,0,0,0,0,0,0,0,0,-94,0,1,0,287681763,0,42,0,128,0,"[0,0,15,-3,14,-4,14,-4,14,-3,14,-4,13,-4,13,-5,13,-5,12,-6,12,-6,12,-7,12,-7,12,-8,12,-8,12,-8,13,-9,12,-8,14,-8,13,-8,14,-7,14,-6,13,-6,13,-5,13,-4,13,-4,13,-2,0,0,0,0,0,0,0,0,0,0,0,0,0,0,0,0,0,0,0,0,0,0,9,-3,10,-3,10,-2,11,-2,11,-1,12,0,12,0,12,1,12,1,12,2,12,2,12,2,12,2,11,1,12,1,11,1,12,0,12,0,13,0,13,-1,13,-1,13,-2,13,-2,14,-2,14,-3,14,-3]"
2025-08-18 22:34:48.503355,CSI_DATA,1686,1a:00:00:00:00:00,-42,11,0,0,0,0,0,0,0,0,0,-94,0,1,0,287748819,0,31,0,128,0,"[0,0,-6,-13,-6,-13,-6,-13,-6,-13,-7,-13,-7,-12,-7,-12,-7,-12,-8,-11,-9,-11,-9,-11,-9,-11,-9,-10,-10,-10,-10,-11,-10,-11,-10,-11,-10,-11,-10,-12,-9,-12,-9,-12,-8,-12,-7,-12,-7,-12,-6,-12,-5,-12,0,0,0,0,0,0,0,0,0,0,0,0,0,0,0,0,0,0,0,0,0,0,-5,-9,-5,-9,-4,-10,-4,-10,-3,-11,-3,-11,-2,-12,-2,-12,-2,-12,-1,-12,-1,-12,-1,-12,-1,-12,-1,-12,-1,-12,-2,-12,-2,-12,-3,-12,-3,-12,-4,-12,-4,-12,-4,-13,-5,-13,-5,-13,-5,-13,-6,-13]"
2025-08-18 22:34:48.903316,CSI_DATA,1687,1a:00:00:00:00:00,-42,11,0,0,0,0,0,0,0,0,0,-94,0,1,0,287949887,0,31,0,128,0,"[0,0,10,9,10,8,10,8,11,8,11,7,10,7,10,6,11,6,11,5,11,5,11,4,12,4,12,4,12,4,13,4,13,4,13,4,13,4,13,5,13,5,12,6,12,6,11,7,11,7,10,7,9,7,0,0,0,0,0,0,0,0,0,0,0,0,0,0,0,0,0,0,0,0,0,0,7,5,7,5,7,6,7,7,7,7,7,8,6,9,6,9,6,10,6,10,5,10,5,10,5,10,5,9,6,9,6,9,6,9,7,9,7,9,8,9,8,8,9,9,9,8,10,9,10,8,10,8]"
2025-08-18 22:34:48.909584,CSI_DATA,1688,1a:00:00:00:00:00,-42,11,0,0,0,0,0,0,0,0,0,-94,0,1,0,288151059,0,31,0,128,0,"[0,0,-4,-14,-4,-14,-4,-13,-5,-14,-5,-13,-5,-13,-5,-13,-6,-12,-6,-12,-7,-12,-7,-11,-8,-11,-8,-12,-8,-11,-9,-12,-9,-12,-9,-12,-8,-12,-8,-13,-8,-13,-7,-13,-6,-13,-6,-13,-5,-13,-4,-13,-3,-13,0,0,0,0,0,0,0,0,0,0,0,0,0,0,0,0,0,0,0,0,0,0,-4,-9,-3,-10,-3,-10,-2,-11,-2,-11,-1,-12,-1,-12,0,-12,0,-12,1,-12,1,-12,1,-12,1,-12,0,-12,0,-12,0,-12,-1,-12,-1,-12,-1,-12,-2,-13,-2,-13,-3,-13,-3,-13,-4,-14,-4,-14,-4,-14]"
2025-08-18 22:34:49.105613,CSI_DATA,1689,1a:00:00:00:00:00,-42,11,0,0,0,0,0,0,0,0,0,-94,0,1,0,288352290,0,31,0,128,0,"[0,0,-3,-14,-3,-14,-3,-14,-4,-14,-4,-14,-4,-13,-4,-13,-5,-13,-5,-12,-6,-12,-6,-12,-7,-12,-7,-12,-8,-12,-8,-12,-8,-12,-8,-13,-7,-13,-7,-13,-7,-13,-6,-13,-5,-14,-5,-13,-4,-13,-3,-13,-3,-13,0,0,0,0,0,0,0,0,0,0,0,0,0,0,0,0,0,0,0,0,0,0,-3,-9,-3,-10,-2,-10,-2,-11,-1,-11,-1,-12,0,-12,1,-12,1,-12,1,-12,1,-12,2,-12,1,-12,1,-12,1,-12,1,-12,0,-12,0,-12,-1,-13,-1,-13,-1,-13,-2,-13,-2,-13,-3,-14,-2,-14,-3,-14]"
2025-08-18 22:34:49.310763,CSI_DATA,1690,1a:00:00:00:00:00,-42,11,0,0,0,0,0,0,0,0,0,-94,0,1,0,288553640,0,31,0,128,0,"[0,0,14,2,13,1,13,1,13,1,13,0,13,0,12,0,13,-1,12,-1,12,-2,13,-2,12,-3,13,-3,13,-3,13,-3,13,-3,13,-3,14,-3,14,-2,14,-2,14,-1,13,-1,13,0,13,1,12,1,12,2,0,0,0,0,0,0,0,0,0,0,0,0,0,0,0,0,0,0,0,0,0,0,9,0,9,0,9,1,10,2,10,2,10,3,11,4,10,4,11,4,10,5,10,5,10,5,10,5,10,5,10,4,10,4,10,4,11,3,11,3,11,3,12,3,12,2,12,2,13,2,13,2,13,2]"
2025-08-18 22:34:49.699973,CSI_DATA,1691,1a:00:00:00:00:00,-42,11,0,0,0,0,0,0,0,0,0,-94,0,1,0,288754712,0,31,0,128,0,"[0,0,-7,-12,-8,-12,-8,-12,-8,-12,-8,-12,-8,-11,-8,-11,-9,-11,-9,-10,-10,-10,-10,-10,-10,-9,-11,-9,-11,-9,-11,-9,-12,-9,-11,-10,-11,-10,-11,-10,-11,-11,-10,-11,-10,-11,-9,-11,-8,-11,-8,-11,-7,-11,0,0,0,0,0,0,0,0,0,0,0,0,0,0,0,0,0,0,0,0,0,0,-6,-8,-5,-9,-5,-9,-5,-10,-4,-11,-4,-11,-4,-12,-3,-12,-3,-12,-2,-12,-2,-12,-2,-12,-2,-12,-2,-12,-3,-12,-3,-12,-3,-12,-4,-12,-4,-12,-5,-12,-5,-12,-6,-12,-6,-12,-6,-12,-7,-13,-7,-12]"
2025-08-18 22:34:49.704259,CSI_DATA,1692,1a:00:00:00:00:00,-42,11,0,0,0,0,0,0,0,0,0,-94,0,1,0,288955858,0,31,0,128,0,"[0,0,11,8,11,8,11,7,11,7,11,7,11,7,11,6,11,6,11,5,12,4,12,4,12,4,12,4,12,3,13,3,13,3,13,4,13,4,13,4,13,5,12,5,12,6,11,6,11,7,10,7,9,8,0,0,0,0,0,0,0,0,0,0,0,0,0,0,0,0,0,0,0,0,0,0,8,4,8,5,7,6,7,6,7,7,7,8,7,8,7,9,7,9,6,9,6,10,6,10,6,9,6,9,6,9,6,9,7,9,7,8,8,8,8,8,9,8,9,8,9,8,10,8,10,8,11,8]"
2025-08-18 22:34:49.900782,CSI_DATA,1693,1a:00:00:00:00:00,-42,11,0,0,0,0,0,0,0,0,0,-94,0,1,0,289157015,0,31,0,128,0,"[0,0,7,13,7,12,7,12,8,11,8,11,8,11,8,10,9,10,9,10,9,9,10,9,10,8,11,8,11,8,11,9,11,9,11,9,11,9,11,10,10,10,9,11,9,11,8,11,8,11,7,11,6,11,0,0,0,0,0,0,0,0,0,0,0,0,0,0,0,0,0,0,0,0,0,0,6,7,6,8,5,9,5,9,5,10,4,10,3,11,3,12,3,12,3,12,3,12,2,12,3,12,3,12,3,11,3,11,3,12,4,11,4,11,5,12,5,12,6,12,6,12,7,12,7,12,8,12]"
2025-08-18 22:34:49.967537,CSI_DATA,1694,1a:00:00:00:00:00,-42,11,0,0,0,0,0,0,0,0,0,-94,0,1,0,289217795,0,42,0,128,0,"[0,0,14,3,13,2,13,2,13,2,14,1,13,1,12,1,13,0,13,0,13,-2,13,-2,13,-2,13,-3,14,-2,13,-3,14,-3,14,-2,14,-2,15,-2,14,-1,15,-1,14,1,14,1,13,1,12,2,12,2,0,0,0,0,0,0,0,0,0,0,0,0,0,0,0,0,0,0,0,0,0,0,9,0,9,1,10,1,10,2,10,3,10,4,10,4,10,5,11,5,10,6,10,6,10,6,10,6,10,5,10,5,10,5,10,4,10,4,11,4,11,4,12,3,12,3,13,3,13,3,13,3,13,3]"
2025-08-18 22:34:50.032439,CSI_DATA,1695,1a:00:00:00:00:00,-42,11,0,0,0,0,0,0,0,0,0,-94,0,1,0,289284681,0,31,0,128,0,"[0,0,-4,13,-3,13,-3,13,-3,13,-3,13,-3,13,-2,12,-2,13,-1,12,-1,12,0,12,1,12,1,12,1,13,1,13,1,13,1,14,1,14,0,14,-1,14,-1,14,-2,13,-2,13,-3,13,-3,12,-4,12,0,0,0,0,0,0,0,0,0,0,0,0,0,0,0,0,0,0,0,0,0,0,-1,9,-2,9,-2,9,-3,10,-4,10,-5,10,-5,10,-6,10,-6,10,-7,10,-7,10,-7,10,-7,10,-6,9,-6,10,-6,10,-6,10,-5,10,-5,11,-5,11,-5,11,-4,12,-4,12,-4,13,-4,13,-4,13]"
2025-08-18 22:34:50.234852,CSI_DATA,1696,1a:00:00:00:00:00,-42,11,0,0,0,0,0,0,0,0,0,-94,0,1,0,289487123,0,31,0,128,0,"[0,0,6,-13,6,-13,5,-13,5,-13,4,-13,4,-13,4,-13,3,-13,3,-13,2,-13,2,-13,1,-14,1,-14,1,-14,1,-14,1,-14,1,-15,1,-15,2,-15,2,-15,3,-14,3,-14,4,-14,4,-13,5,-12,5,-12,0,0,0,0,0,0,0,0,0,0,0,0,0,0,0,0,0,0,0,0,0,0,3,-9,4,-9,5,-9,5,-9,6,-10,6,-10,7,-9,7,-9,8,-9,8,-9,8,-9,8,-8,8,-9,8,-9,8,-9,8,-9,7,-9,7,-10,7,-10,7,-11,6,-11,6,-11,6,-12,6,-13,6,-13,6,-13]"
2025-08-18 22:34:50.435715,CSI_DATA,1697,1a:00:00:00:00:00,-42,11,0,0,0,0,0,0,0,0,0,-94,0,1,0,289687087,0,31,0,128,0,"[0,0,-12,7,-12,7,-12,7,-11,7,-11,8,-11,8,-10,8,-10,9,-10,9,-9,9,-9,9,-8,10,-8,10,-8,10,-8,11,-9,11,-9,11,-9,11,-10,11,-10,10,-10,10,-10,9,-11,9,-11,8,-11,7,-11,7,0,0,0,0,0,0,0,0,0,0,0,0,0,0,0,0,0,0,0,0,0,0,-8,5,-8,5,-9,5,-10,4,-10,4,-11,4,-11,3,-12,3,-12,2,-12,2,-12,2,-12,2,-12,2,-12,2,-11,2,-12,3,-11,3,-11,4,-12,4,-12,5,-12,5,-12,6,-12,6,-12,7,-12,7,-12,7]"
2025-08-18 22:34:50.629988,CSI_DATA,1698,1a:00:00:00:00:00,-42,11,0,0,0,0,0,0,0,0,0,-94,0,1,0,289888192,0,31,0,128,0,"[0,0,9,9,10,9,9,8,10,9,10,8,10,8,10,7,10,7,10,6,11,6,11,5,11,5,12,5,12,5,13,5,12,4,13,5,13,5,13,6,12,6,12,7,11,7,11,7,10,8,9,8,9,8,0,0,0,0,0,0,0,0,0,0,0,0,0,0,0,0,0,0,0,0,0,0,7,5,6,6,6,7,6,7,6,8,6,9,6,9,5,10,5,10,4,10,4,10,4,11,4,10,4,10,5,9,5,10,5,9,6,9,6,9,7,9,7,9,8,9,8,9,9,9,9,9,9,9]"
2025-08-18 22:34:50.843717,CSI_DATA,1699,1a:00:00:00:00:00,-42,11,0,0,0,0,0,0,0,0,0,-94,0,1,0,290089357,0,31,0,128,0,"[0,0,-14,-5,-14,-5,-14,-5,-14,-4,-13,-4,-13,-4,-13,-3,-13,-3,-13,-2,-13,-2,-14,-1,-13,-1,-14,-1,-14,0,-14,0,-14,0,-15,-1,-15,-1,-15,-1,-15,-2,-15,-2,-14,-3,-14,-4,-13,-4,-13,-4,-12,-5,0,0,0,0,0,0,0,0,0,0,0,0,0,0,0,0,0,0,0,0,0,0,-10,-2,-10,-3,-10,-4,-10,-5,-11,-5,-10,-6,-10,-6,-10,-7,-10,-7,-10,-8,-10,-8,-10,-8,-10,-8,-10,-8,-10,-7,-10,-7,-10,-7,-11,-6,-11,-6,-11,-6,-12,-6,-12,-6,-13,-5,-13,-5,-13,-5,-13,-5]"
2025-08-18 22:34:51.037924,CSI_DATA,1700,1a:00:00:00:00:00,-42,11,0,0,0,0,0,0,0,0,0,-94,0,1,0,290290601,0,31,0,128,0,"[0,0,13,-3,13,-4,13,-4,13,-4,13,-5,12,-4,12,-5,12,-5,11,-6,11,-6,11,-7,11,-7,11,-8,11,-8,11,-8,11,-8,11,-8,12,-8,12,-8,12,-7,12,-7,12,-6,12,-5,12,-5,12,-4,12,-3,0,0,0,0,0,0,0,0,0,0,0,0,0,0,0,0,0,0,0,0,0,0,8,-3,9,-3,10,-2,10,-2,10,-1,11,-1,11,0,11,1,11,1,11,1,11,2,11,2,11,1,11,1,11,1,11,1,11,0,11,0,11,-1,12,-1,12,-1,12,-2,13,-2,13,-2,13,-3,13,-3]"
2025-08-18 22:34:51.239445,CSI_DATA,1701,1a:00:00:00:00:00,-42,11,0,0,0,0,0,0,0,0,0,-94,0,1,0,290491758,0,31,0,128,0,"[0,0,-3,14,-3,13,-3,13,-2,13,-2,13,-2,13,-1,13,-1,13,0,13,0,12,1,12,1,12,1,13,2,13,2,13,2,13,2,14,1,14,1,14,0,14,0,14,-1,13,-1,13,-2,13,-3,12,-4,12,0,0,0,0,0,0,0,0,0,0,0,0,0,0,0,0,0,0,0,0,0,0,-1,9,-2,9,-2,9,-3,10,-3,10,-4,10,-5,10,-5,10,-5,10,-6,10,-6,10,-6,10,-6,10,-6,10,-6,10,-5,10,-5,10,-4,10,-5,11,-4,11,-4,12,-4,12,-3,12,-3,13,-3,13,-3,13]"
2025-08-18 22:34:51.440666,CSI_DATA,1702,1a:00:00:00:00:00,-42,11,0,0,0,0,0,0,0,0,0,-94,0,1,0,290692907,0,31,0,128,0,"[0,0,-9,12,-9,11,-9,12,-8,12,-8,12,-7,12,-7,12,-6,12,-6,12,-5,12,-5,12,-4,13,-4,13,-4,14,-4,14,-4,14,-4,14,-5,14,-5,14,-6,14,-6,14,-7,13,-7,12,-8,12,-8,11,-9,10,0,0,0,0,0,0,0,0,0,0,0,0,0,0,0,0,0,0,0,0,0,0,-5,8,-6,8,-6,8,-7,9,-8,8,-9,8,-9,8,-10,8,-10,8,-10,7,-11,7,-11,7,-11,7,-10,7,-10,7,-10,7,-10,8,-9,8,-9,9,-9,10,-9,10,-9,10,-9,11,-9,11,-9,11,-9,12]"
2025-08-18 22:34:51.501170,CSI_DATA,1703,1a:00:00:00:00:00,-42,11,0,0,0,0,0,0,0,0,0,-94,0,1,0,290753719,0,42,0,128,0,"[0,0,-2,14,-2,13,-2,13,-1,13,-1,13,-1,13,0,13,0,12,1,12,1,12,2,12,2,12,2,12,3,13,3,13,3,13,3,13,2,14,2,14,1,14,1,14,0,13,0,13,-1,13,-1,12,-2,12,0,0,0,0,0,0,0,0,0,0,0,0,0,0,0,0,0,0,0,0,0,0,0,9,-1,9,-2,9,-2,10,-3,10,-3,10,-4,11,-5,10,-5,10,-5,10,-6,10,-5,10,-6,10,-5,10,-5,10,-5,10,-4,10,-4,11,-4,11,-4,12,-3,12,-3,12,-2,13,-2,13,-2,13,-2,13]"
2025-08-18 22:34:51.562899,CSI_DATA,1704,1a:00:00:00:00:00,-42,11,0,0,0,0,0,0,0,0,0,-94,0,1,0,290820478,0,31,0,128,0,"[0,0,11,9,11,8,11,8,11,8,12,8,11,7,12,7,12,6,12,6,12,5,12,5,12,4,13,4,13,4,13,4,14,4,13,4,14,5,14,5,14,5,13,6,12,6,12,6,11,7,11,7,10,8,0,0,0,0,0,0,0,0,0,0,0,0,0,0,0,0,0,0,0,0,0,0,8,5,8,6,7,6,7,7,7,8,7,9,7,9,6,10,6,10,6,10,6,11,6,10,6,10,6,10,7,10,6,9,7,10,7,9,8,9,9,9,9,9,10,9,10,9,10,9,11,9,11,9]"
2025-08-18 22:34:51.769066,CSI_DATA,1705,1a:00:00:00:00:00,-42,11,0,0,0,0,0,0,0,0,0,-94,0,1,0,291021547,0,31,0,128,0,"[0,0,-6,13,-5,13,-5,13,-5,13,-4,13,-4,13,-4,13,-3,13,-2,12,-2,13,-2,13,-1,13,-1,13,-1,13,-1,14,-1,14,-1,14,-1,14,-2,14,-2,14,-3,14,-3,14,-4,13,-4,12,-5,12,-6,11,0,0,0,0,0,0,0,0,0,0,0,0,0,0,0,0,0,0,0,0,0,0,-2,9,-3,9,-4,9,-5,9,-5,10,-6,9,-7,9,-7,9,-8,9,-8,9,-8,9,-8,9,-8,9,-8,9,-8,9,-8,9,-7,9,-7,10,-7,10,-6,11,-6,11,-6,12,-6,12,-6,13,-6,12,-5,12]"
2025-08-18 22:34:51.976430,CSI_DATA,1706,1a:00:00:00:00:00,-42,11,0,0,0,0,0,0,0,0,0,-94,0,1,0,291222768,0,31,0,128,0,"[0,0,-4,-14,-5,-14,-4,-13,-5,-14,-5,-13,-5,-13,-6,-13,-6,-12,-6,-12,-7,-12,-7,-11,-8,-11,-8,-11,-9,-11,-9,-11,-9,-11,-9,-12,-9,-12,-9,-12,-8,-13,-8,-13,-7,-13,-6,-13,-5,-13,-5,-12,-4,-12,0,0,0,0,0,0,0,0,0,0,0,0,0,0,0,0,0,0,0,0,0,0,-4,-9,-3,-10,-3,-10,-2,-11,-2,-11,-1,-12,-1,-12,0,-12,0,-12,1,-12,1,-12,1,-12,1,-12,1,-12,0,-12,0,-12,0,-12,-1,-12,-1,-13,-2,-13,-2,-13,-3,-13,-3,-13,-4,-14,-4,-14,-4,-14]"
2025-08-18 22:34:52.170094,CSI_DATA,1707,1a:00:00:00:00:00,-42,11,0,0,0,0,0,0,0,0,0,-94,0,1,0,291423941,0,31,0,128,0,"[0,0,0,14,0,13,0,13,0,13,1,13,1,13,1,12,2,12,2,12,3,12,3,12,4,12,4,12,5,12,5,12,5,12,4,13,4,13,4,13,3,13,2,13,2,13,1,13,1,13,0,12,-1,12,0,0,0,0,0,0,0,0,0,0,0,0,0,0,0,0,0,0,0,0,0,0,1,9,1,9,0,10,-1,10,-1,10,-2,11,-2,11,-3,11,-3,11,-4,11,-4,11,-4,11,-4,11,-4,11,-3,11,-3,11,-3,11,-2,11,-2,12,-2,12,-1,12,-1,12,-1,13,-1,13,0,13,0,13]"
2025-08-18 22:34:52.382904,CSI_DATA,1708,1a:00:00:00:00:00,-42,11,0,0,0,0,0,0,0,0,0,-94,0,1,0,291625095,0,31,0,128,0,"[0,0,-14,-4,-14,-4,-14,-4,-14,-3,-14,-3,-13,-3,-14,-2,-13,-2,-13,-1,-14,-1,-14,0,-13,0,-14,1,-14,1,-14,1,-14,1,-15,1,-15,0,-15,0,-15,-1,-15,-1,-14,-2,-14,-3,-14,-3,-13,-4,-12,-4,0,0,0,0,0,0,0,0,0,0,0,0,0,0,0,0,0,0,0,0,0,0,-10,-2,-10,-2,-10,-3,-10,-4,-11,-4,-11,-5,-11,-6,-11,-6,-11,-6,-10,-7,-10,-7,-10,-7,-10,-7,-10,-7,-10,-7,-10,-6,-11,-6,-11,-6,-11,-6,-12,-5,-12,-5,-12,-5,-13,-4,-14,-4,-13,-4,-14,-4]"
2025-08-18 22:34:52.574587,CSI_DATA,1709,1a:00:00:00:00:00,-42,11,0,0,0,0,0,0,0,0,0,-94,0,1,0,291826255,0,31,0,128,0,"[0,0,-9,12,-8,12,-8,12,-8,12,-7,12,-7,12,-6,12,-6,13,-5,12,-5,13,-4,13,-3,13,-3,13,-3,14,-3,14,-3,14,-4,14,-4,14,-5,14,-5,14,-6,14,-6,13,-7,13,-6,12,-7,11,-8,11,0,0,0,0,0,0,0,0,0,0,0,0,0,0,0,0,0,0,0,0,0,0,-4,9,-5,9,-6,9,-7,9,-7,9,-8,9,-9,8,-10,8,-10,8,-10,8,-10,8,-10,8,-10,8,-10,8,-10,8,-9,8,-9,8,-9,9,-9,9,-9,10,-9,10,-9,10,-8,11,-8,12,-8,12,-8,12]"
2025-08-18 22:34:52.771569,CSI_DATA,1710,1a:00:00:00:00:00,-42,11,0,0,0,0,0,0,0,0,0,-94,0,1,0,292027627,0,31,0,128,0,"[0,0,3,13,3,13,4,12,4,13,4,12,4,12,4,12,5,12,5,11,6,11,6,11,7,10,7,10,7,10,8,11,8,11,8,11,8,11,7,12,6,12,6,12,5,12,4,12,4,12,3,12,2,12,0,0,0,0,0,0,0,0,0,0,0,0,0,0,0,0,0,0,0,0,0,0,3,8,3,9,2,9,2,10,1,10,1,11,0,11,0,11,-1,11,-1,11,-1,11,-2,11,-1,11,-1,11,-1,11,0,11,0,11,0,11,1,11,1,12,1,12,2,12,2,13,3,13,3,13,3,13]"
2025-08-18 22:34:52.982307,CSI_DATA,1711,1a:00:00:00:00:00,-42,11,0,0,0,0,0,0,0,0,0,-94,0,1,0,292229033,0,31,0,128,0,"[0,0,-15,-3,-15,-3,-14,-3,-14,-3,-14,-2,-14,-2,-14,-1,-14,-1,-14,0,-14,0,-14,0,-14,2,-14,1,-14,2,-15,2,-15,2,-15,2,-15,2,-15,2,-15,1,-15,1,-15,0,-15,-1,-14,-2,-14,-2,-13,-3,0,0,0,0,0,0,0,0,0,0,0,0,0,0,0,0,0,0,0,0,0,0,-10,-2,-10,-3,-11,-3,-10,-4,-11,-5,-11,-5,-11,-6,-11,-6,-11,-7,-11,-7,-11,-8,-10,-7,-11,-7,-10,-7,-11,-7,-11,-6,-11,-6,-12,-6,-12,-5,-12,-5,-13,-5,-13,-4,-14,-4,-14,-4,-14,-4,-14,-4]"
2025-08-18 22:34:53.041112,CSI_DATA,1712,1a:00:00:00:00:00,-42,11,0,0,0,0,0,0,0,0,0,-94,0,1,0,292289530,0,42,0,128,0,"[0,0,8,-12,8,-13,8,-13,8,-13,7,-13,7,-13,6,-13,5,-13,5,-13,5,-13,4,-14,4,-14,3,-14,3,-14,3,-15,3,-15,3,-15,4,-15,4,-15,5,-15,6,-14,6,-14,6,-13,6,-13,7,-12,8,-11,0,0,0,0,0,0,0,0,0,0,0,0,0,0,0,0,0,0,0,0,0,0,4,-9,5,-9,6,-9,7,-9,7,-9,8,-9,9,-8,9,-8,10,-8,10,-8,10,-8,10,-7,10,-8,10,-8,9,-8,9,-8,9,-8,9,-9,9,-10,9,-10,8,-10,8,-11,8,-11,8,-12,8,-12,8,-12]"
2025-08-18 22:34:53.105370,CSI_DATA,1713,1a:00:00:00:00:00,-42,11,0,0,0,0,0,0,0,0,0,-94,0,1,0,292357363,0,31,0,128,0,"[0,0,9,-11,9,-11,9,-11,8,-11,8,-11,8,-11,7,-11,7,-11,7,-11,6,-12,5,-12,5,-12,5,-13,5,-13,5,-13,5,-14,5,-14,6,-14,6,-13,7,-13,7,-12,7,-12,7,-11,7,-11,8,-10,8,-10,0,0,0,0,0,0,0,0,0,0,0,0,0,0,0,0,0,0,0,0,0,0,5,-8,6,-8,7,-7,8,-7,8,-7,9,-7,9,-6,10,-6,10,-6,10,-6,10,-6,10,-6,10,-6,10,-6,10,-6,9,-6,10,-7,9,-7,9,-8,9,-8,9,-8,9,-9,9,-9,9,-10,9,-10,9,-11]"
2025-08-18 22:34:53.307735,CSI_DATA,1714,1a:00:00:00:00:00,-42,11,0,0,0,0,0,0,0,0,0,-94,0,1,0,292558417,0,31,0,128,0,"[0,0,13,-5,12,-6,12,-6,12,-6,12,-7,11,-6,11,-7,11,-7,10,-7,10,-8,10,-8,9,-9,9,-9,9,-10,9,-10,10,-10,10,-10,11,-10,11,-9,11,-9,11,-8,11,-7,11,-7,11,-7,11,-6,11,-5,0,0,0,0,0,0,0,0,0,0,0,0,0,0,0,0,0,0,0,0,0,0,8,-5,8,-4,9,-4,9,-3,10,-3,11,-3,11,-2,11,-2,11,-1,11,-1,11,-1,11,-1,11,-1,11,-1,11,-1,11,-1,11,-2,11,-2,11,-3,11,-3,11,-4,12,-4,12,-4,12,-5,12,-5,13,-5]"
2025-08-18 22:34:53.512604,CSI_DATA,1715,1a:00:00:00:00:00,-42,11,0,0,0,0,0,0,0,0,0,-94,0,1,0,292761030,0,31,0,128,0,"[0,0,1,-15,0,-15,0,-15,0,-15,0,-15,-1,-15,-1,-15,-2,-14,-2,-14,-3,-14,-3,-14,-4,-14,-4,-14,-4,-14,-5,-14,-4,-15,-5,-15,-4,-15,-4,-16,-3,-16,-3,-15,-2,-16,-1,-15,-1,-15,0,-14,1,-14,0,0,0,0,0,0,0,0,0,0,0,0,0,0,0,0,0,0,0,0,0,0,-1,-10,0,-11,1,-11,1,-11,2,-12,2,-12,3,-12,4,-12,4,-12,4,-12,5,-12,5,-12,4,-12,4,-12,4,-12,4,-12,3,-12,3,-12,3,-13,2,-13,2,-13,2,-14,1,-14,1,-15,1,-15,1,-15]"
2025-08-18 22:34:53.710093,CSI_DATA,1716,1a:00:00:00:00:00,-42,11,0,0,0,0,0,0,0,0,0,-94,0,1,0,292960756,0,31,0,128,0,"[0,0,5,-13,4,-13,4,-14,4,-13,3,-14,3,-13,3,-13,2,-13,2,-13,1,-13,0,-13,0,-14,0,-14,0,-14,0,-14,0,-15,0,-15,0,-15,1,-15,2,-15,2,-15,3,-14,3,-14,3,-13,4,-13,5,-12,0,0,0,0,0,0,0,0,0,0,0,0,0,0,0,0,0,0,0,0,0,0,1,-10,2,-10,3,-10,4,-10,4,-10,5,-10,6,-10,6,-10,7,-10,7,-10,7,-10,7,-9,7,-10,7,-10,7,-10,6,-10,6,-10,6,-10,5,-11,6,-11,5,-12,5,-12,5,-12,4,-13,4,-13,5,-13]"
2025-08-18 22:34:53.922975,CSI_DATA,1717,1a:00:00:00:00:00,-42,11,0,0,0,0,0,0,0,0,0,-94,0,1,0,293162062,0,31,0,128,0,"[0,0,13,-4,13,-4,13,-4,13,-4,13,-5,12,-5,12,-5,12,-5,11,-6,11,-7,11,-7,10,-7,11,-8,11,-8,11,-8,11,-8,11,-8,12,-8,12,-8,12,-7,12,-7,12,-6,12,-5,12,-5,12,-4,12,-3,0,0,0,0,0,0,0,0,0,0,0,0,0,0,0,0,0,0,0,0,0,0,8,-4,9,-3,9,-3,10,-2,10,-2,11,-1,11,0,11,0,11,1,11,1,11,1,11,1,11,1,11,0,11,0,11,0,11,0,11,-1,12,-1,12,-2,12,-2,12,-2,12,-3,13,-3,13,-3,13,-4]"
2025-08-18 22:34:54.106242,CSI_DATA,1718,1a:00:00:00:00:00,-42,11,0,0,0,0,0,0,0,0,0,-94,0,1,0,293363289,0,31,0,128,0,"[0,0,13,4,13,3,13,3,13,3,13,2,12,2,12,2,12,1,12,1,12,0,12,0,12,-1,13,-1,13,-1,13,-1,14,-1,14,-1,14,-1,14,-1,14,0,14,0,13,1,13,2,12,2,12,3,12,4,0,0,0,0,0,0,0,0,0,0,0,0,0,0,0,0,0,0,0,0,0,0,9,1,9,2,9,2,9,3,9,3,10,4,10,5,10,5,10,6,9,6,9,6,9,6,9,6,9,6,9,6,9,6,10,6,10,5,10,5,11,4,11,4,12,4,12,4,12,4,13,4,13,3]"
2025-08-18 22:34:54.318852,CSI_DATA,1719,1a:00:00:00:00:00,-42,11,0,0,0,0,0,0,0,0,0,-94,0,1,0,293564397,0,31,0,128,0,"[0,0,-6,-13,-7,-13,-7,-13,-7,-12,-7,-12,-7,-12,-7,-12,-8,-11,-8,-11,-9,-10,-9,-10,-10,-10,-10,-10,-10,-10,-11,-10,-11,-10,-11,-10,-11,-10,-11,-11,-10,-11,-9,-11,-9,-12,-8,-11,-8,-11,-7,-11,-6,-12,0,0,0,0,0,0,0,0,0,0,0,0,0,0,0,0,0,0,0,0,0,0,-5,-9,-5,-9,-4,-10,-4,-10,-3,-11,-3,-11,-2,-12,-2,-12,-2,-13,-1,-13,-2,-12,0,-13,-1,-12,-2,-12,-2,-12,-2,-12,-3,-12,-3,-12,-3,-12,-4,-12,-4,-12,-5,-13,-6,-12,-6,-13,-6,-13,-6,-13]"
2025-08-18 22:34:54.510282,CSI_DATA,1720,1a:00:00:00:00:00,-42,11,0,0,0,0,0,0,0,0,0,-94,0,1,0,293765533,0,31,0,128,0,"[0,0,14,3,14,2,13,2,14,2,14,1,13,1,13,0,13,0,13,-1,13,-2,13,-2,13,-3,13,-3,13,-3,13,-3,14,-3,14,-3,14,-3,14,-3,14,-2,14,-1,14,-1,13,0,13,0,12,1,12,2,0,0,0,0,0,0,0,0,0,0,0,0,0,0,0,0,0,0,0,0,0,0,9,1,9,1,9,2,10,3,10,3,10,4,10,5,10,5,10,6,10,6,10,6,10,6,10,6,10,6,10,5,10,5,10,5,11,4,11,4,12,4,12,3,12,3,13,3,13,3,13,3,14,2]"
2025-08-18 22:34:54.582688,CSI_DATA,1721,1a:00:00:00:00:00,-42,11,0,0,0,0,0,0,0,0,0,-94,0,1,0,293826316,0,42,0,128,0,"[0,0,13,-4,13,-4,13,-4,13,-5,13,-6,12,-6,12,-6,12,-6,11,-7,11,-7,11,-8,11,-8,11,-8,11,-9,11,-9,11,-9,11,-9,12,-9,12,-9,12,-9,12,-8,12,-7,12,-6,12,-5,12,-5,12,-4,0,0,0,0,0,0,0,0,0,0,0,0,0,0,0,0,0,0,0,0,0,0,9,-4,9,-3,10,-2,10,-2,11,-2,11,-1,12,0,12,0,12,0,12,1,12,1,12,1,12,1,12,1,12,0,11,0,12,0,12,-1,12,-1,12,-2,12,-2,13,-3,13,-3,13,-3,13,-3,14,-4]"
2025-08-18 22:34:54.639429,CSI_DATA,1722,1a:00:00:00:00:00,-42,11,0,0,0,0,0,0,0,0,0,-94,0,1,0,293892534,0,31,0,128,0,"[0,0,-5,13,-5,12,-5,12,-5,12,-4,13,-4,12,-4,12,-3,12,-3,12,-2,12,-1,12,-1,12,-1,13,0,13,0,13,0,13,-1,14,-1,14,-1,14,-2,14,-2,13,-3,13,-3,13,-4,12,-5,12,-5,11,0,0,0,0,0,0,0,0,0,0,0,0,0,0,0,0,0,0,0,0,0,0,-3,8,-4,9,-4,9,-5,9,-5,9,-6,9,-7,9,-7,9,-8,9,-8,9,-8,9,-9,8,-8,8,-8,8,-8,9,-7,8,-7,9,-7,9,-7,10,-6,10,-6,11,-6,11,-6,11,-5,12,-6,12,-5,12]"
2025-08-18 22:34:54.846703,CSI_DATA,1723,1a:00:00:00:00:00,-42,11,0,0,0,0,0,0,0,0,0,-94,0,1,0,294093613,0,31,0,128,0,"[0,0,-2,-14,-2,-14,-2,-14,-2,-14,-3,-14,-3,-14,-3,-13,-4,-13,-4,-13,-5,-13,-5,-13,-5,-12,-6,-13,-6,-13,-6,-13,-7,-13,-6,-14,-6,-14,-6,-14,-5,-14,-4,-14,-4,-14,-3,-14,-2,-14,-2,-13,-1,-13,0,0,0,0,0,0,0,0,0,0,0,0,0,0,0,0,0,0,0,0,0,0,-2,-10,-2,-10,-1,-11,-1,-11,0,-11,0,-11,1,-12,2,-12,2,-12,2,-12,3,-12,3,-12,3,-12,3,-12,2,-12,2,-12,1,-12,1,-12,1,-12,0,-13,0,-13,-1,-13,-1,-14,-1,-14,-1,-14,-1,-14]"
2025-08-18 22:34:55.047535,CSI_DATA,1724,1a:00:00:00:00:00,-42,11,0,0,0,0,0,0,0,0,0,-94,0,1,0,294294969,0,31,0,128,0,"[0,0,-13,-6,-14,-6,-13,-6,-13,-5,-13,-5,-13,-5,-13,-4,-13,-4,-13,-3,-13,-2,-13,-2,-13,-2,-14,-1,-14,-1,-14,-1,-15,-1,-15,-1,-15,-1,-15,-2,-15,-2,-15,-3,-14,-4,-14,-4,-13,-4,-13,-5,-12,-5,0,0,0,0,0,0,0,0,0,0,0,0,0,0,0,0,0,0,0,0,0,0,-9,-4,-9,-4,-9,-5,-9,-6,-10,-6,-10,-7,-9,-8,-10,-8,-9,-9,-9,-9,-9,-9,-9,-9,-9,-9,-9,-9,-9,-8,-9,-8,-9,-8,-10,-7,-11,-7,-11,-7,-11,-7,-12,-7,-12,-6,-12,-6,-13,-6,-13,-6]"
2025-08-18 22:34:55.243097,CSI_DATA,1725,1a:00:00:00:00:00,-42,11,0,0,0,0,0,0,0,0,0,-94,0,1,0,294496056,0,31,0,128,0,"[0,0,8,-12,7,-12,7,-12,6,-12,6,-12,6,-12,6,-12,5,-12,5,-12,4,-13,3,-13,3,-13,3,-14,2,-14,3,-14,3,-14,3,-14,3,-14,4,-14,4,-14,5,-14,5,-13,5,-13,6,-12,6,-11,7,-11,0,0,0,0,0,0,0,0,0,0,0,0,0,0,0,0,0,0,0,0,0,0,4,-9,5,-9,5,-9,6,-9,7,-8,7,-9,8,-8,8,-8,9,-8,9,-7,9,-7,9,-7,9,-8,9,-8,9,-8,8,-8,8,-8,8,-9,8,-9,8,-10,8,-10,8,-10,7,-11,7,-11,7,-12,7,-12]"
2025-08-18 22:34:55.449615,CSI_DATA,1726,1a:00:00:00:00:00,-42,11,0,0,0,0,0,0,0,0,0,-94,0,1,0,294697211,0,31,0,128,0,"[0,0,-11,10,-10,10,-10,10,-10,10,-10,11,-9,11,-9,11,-8,11,-8,11,-7,12,-7,12,-6,12,-6,12,-6,13,-6,13,-6,13,-6,13,-7,14,-7,14,-7,13,-8,13,-8,12,-9,11,-9,11,-9,10,-10,9,0,0,0,0,0,0,0,0,0,0,0,0,0,0,0,0,0,0,0,0,0,0,-7,7,-7,7,-8,7,-9,7,-10,6,-11,6,-11,6,-11,6,-11,6,-12,5,-12,5,-12,5,-12,5,-12,5,-12,5,-11,5,-11,6,-11,6,-11,7,-11,8,-11,8,-11,8,-11,9,-11,9,-11,10,-11,10]"
2025-08-18 22:34:55.646416,CSI_DATA,1727,1a:00:00:00:00:00,-42,11,0,0,0,0,0,0,0,0,0,-94,0,1,0,294898374,0,31,0,128,0,"[0,0,-8,12,-8,12,-7,12,-7,12,-6,12,-6,12,-6,12,-5,12,-5,12,-4,12,-4,12,-3,13,-3,13,-3,13,-3,14,-3,14,-3,14,-3,14,-4,14,-4,14,-4,13,-5,13,-5,13,-6,12,-6,11,-7,11,0,0,0,0,0,0,0,0,0,0,0,0,0,0,0,0,0,0,0,0,0,0,-5,8,-6,8,-6,8,-7,8,-8,8,-8,8,-9,8,-10,8,-10,8,-10,7,-10,7,-10,7,-10,7,-10,7,-10,7,-9,7,-9,8,-9,8,-9,9,-9,10,-8,10,-8,10,-8,11,-8,11,-8,12,-8,12]"
2025-08-18 22:34:55.854242,CSI_DATA,1728,1a:00:00:00:00:00,-42,11,0,0,0,0,0,0,0,0,0,-94,0,1,0,295099518,0,31,0,128,0,"[0,0,-14,-5,-13,-5,-14,-5,-13,-4,-14,-5,-13,-4,-13,-4,-13,-3,-14,-3,-13,-2,-13,-2,-14,-1,-14,-1,-14,-1,-14,-1,-15,-1,-14,-1,-15,-1,-15,-2,-15,-2,-15,-3,-14,-4,-13,-4,-13,-4,-13,-5,-12,-6,0,0,0,0,0,0,0,0,0,0,0,0,0,0,0,0,0,0,0,0,0,0,-9,-2,-10,-3,-10,-4,-10,-5,-10,-5,-11,-6,-10,-7,-10,-7,-10,-8,-10,-7,-10,-8,-10,-8,-10,-8,-10,-8,-10,-8,-10,-7,-10,-7,-10,-6,-11,-7,-11,-6,-12,-6,-12,-6,-12,-5,-13,-5,-13,-5,-14,-5]"
2025-08-18 22:34:56.049598,CSI_DATA,1729,1a:00:00:00:00:00,-42,11,0,0,0,0,0,0,0,0,0,-94,0,1,0,295300758,0,31,0,128,0,"[0,0,-11,9,-11,9,-11,9,-11,9,-11,9,-10,9,-10,9,-9,10,-9,10,-8,10,-8,11,-7,11,-7,11,-7,12,-7,12,-8,12,-7,12,-8,12,-9,12,-9,12,-9,11,-10,10,-10,10,-10,9,-10,8,-11,8,0,0,0,0,0,0,0,0,0,0,0,0,0,0,0,0,0,0,0,0,0,0,-7,6,-8,6,-9,6,-9,6,-10,6,-10,5,-11,5,-12,4,-12,4,-12,4,-12,4,-12,3,-12,4,-11,4,-11,4,-12,4,-12,5,-11,5,-11,6,-11,6,-11,7,-11,7,-11,8,-11,8,-11,8,-11,9]"
2025-08-18 22:34:56.110365,CSI_DATA,1730,1a:00:00:00:00:00,-42,11,0,0,0,0,0,0,0,0,0,-94,0,1,0,295362119,0,42,0,128,0,"[0,0,12,-7,11,-8,11,-8,11,-8,11,-8,10,-8,10,-9,9,-9,9,-9,9,-9,9,-10,8,-10,8,-10,8,-11,8,-11,8,-11,9,-11,9,-11,9,-11,10,-11,10,-10,10,-9,10,-8,11,-8,11,-7,11,-6,0,0,0,0,0,0,0,0,0,0,0,0,0,0,0,0,0,0,0,0,0,0,7,-6,7,-6,8,-5,9,-5,9,-5,10,-5,10,-4,11,-4,11,-4,11,-3,11,-2,11,-2,11,-3,11,-2,11,-3,10,-3,10,-4,11,-4,11,-5,11,-5,11,-6,11,-6,11,-6,11,-7,11,-7,12,-7]"
2025-08-18 22:34:56.182289,CSI_DATA,1731,1a:00:00:00:00:00,-42,11,0,0,0,0,0,0,0,0,0,-94,0,1,0,295429239,0,31,0,128,0,"[0,0,-4,-15,-4,-15,-4,-14,-5,-15,-5,-14,-5,-14,-5,-14,-6,-13,-7,-13,-7,-12,-7,-12,-8,-12,-9,-12,-9,-12,-9,-12,-9,-12,-9,-13,-9,-13,-9,-14,-8,-14,-7,-14,-7,-14,-6,-14,-5,-14,-4,-13,-4,-14,0,0,0,0,0,0,0,0,0,0,0,0,0,0,0,0,0,0,0,0,0,0,-3,-10,-3,-11,-2,-11,-2,-11,-1,-12,-1,-12,0,-13,0,-13,0,-13,1,-13,1,-13,1,-13,1,-13,1,-13,1,-13,0,-13,0,-13,-1,-13,-1,-13,-2,-14,-2,-14,-2,-14,-3,-14,-3,-15,-3,-15,-3,-15]"
2025-08-18 22:34:56.378698,CSI_DATA,1732,1a:00:00:00:00:00,-42,11,0,0,0,0,0,0,0,0,0,-94,0,1,0,295630278,0,31,0,128,0,"[0,0,-8,12,-8,12,-8,12,-8,12,-7,12,-7,12,-7,12,-6,12,-6,12,-5,13,-5,13,-4,13,-4,13,-4,13,-4,14,-4,14,-4,14,-5,14,-5,14,-5,14,-6,13,-7,13,-7,12,-7,12,-8,11,-8,10,0,0,0,0,0,0,0,0,0,0,0,0,0,0,0,0,0,0,0,0,0,0,-5,8,-5,8,-6,8,-7,8,-8,9,-8,8,-9,8,-9,8,-10,8,-10,8,-10,7,-10,7,-10,7,-10,7,-10,7,-10,8,-9,8,-9,8,-9,9,-9,10,-9,10,-8,10,-9,11,-9,11,-8,12,-8,12]"
2025-08-18 22:34:56.573557,CSI_DATA,1733,1a:00:00:00:00:00,-42,11,0,0,0,0,0,0,0,0,0,-94,0,1,0,295831450,0,31,0,128,0,"[0,0,12,6,12,5,12,6,12,5,12,5,12,5,12,4,12,4,12,3,12,2,12,2,12,2,13,1,13,1,13,1,14,1,13,1,14,1,14,2,13,2,13,3,13,3,12,4,12,4,11,5,11,6,0,0,0,0,0,0,0,0,0,0,0,0,0,0,0,0,0,0,0,0,0,0,8,3,8,4,8,4,8,5,8,6,8,6,8,7,8,8,8,8,7,8,7,8,7,8,7,8,7,8,8,8,7,7,8,7,8,7,9,7,9,7,10,7,10,6,10,6,11,6,11,6,12,6]"
2025-08-18 22:34:56.783348,CSI_DATA,1734,1a:00:00:00:00:00,-42,11,0,0,0,0,0,0,0,0,0,-94,0,1,0,296032588,0,31,0,128,0,"[0,0,3,-14,2,-14,2,-14,2,-14,1,-14,1,-14,0,-14,0,-14,0,-13,-1,-13,-1,-13,-2,-13,-2,-14,-2,-14,-3,-14,-3,-14,-2,-15,-2,-15,-2,-15,-1,-15,-1,-15,0,-14,0,-14,1,-14,2,-13,3,-13,0,0,0,0,0,0,0,0,0,0,0,0,0,0,0,0,0,0,0,0,0,0,0,-10,1,-10,2,-10,3,-11,3,-11,4,-11,4,-11,5,-11,5,-11,6,-10,6,-11,6,-10,6,-10,6,-10,5,-11,5,-10,4,-11,4,-11,4,-12,3,-12,3,-12,3,-13,3,-13,3,-13,3,-14,3,-14]"
2025-08-18 22:34:56.988192,CSI_DATA,1735,1a:00:00:00:00:00,-42,11,0,0,0,0,0,0,0,0,0,-94,0,1,0,296233821,0,31,0,128,0,"[0,0,-14,-7,-14,-7,-14,-7,-14,-6,-14,-6,-14,-6,-14,-5,-14,-4,-14,-4,-14,-3,-14,-3,-14,-2,-15,-2,-15,-2,-15,-2,-15,-2,-15,-2,-16,-2,-16,-3,-15,-3,-15,-4,-15,-5,-14,-5,-14,-5,-13,-6,-13,-6,0,0,0,0,0,0,0,0,0,0,0,0,0,0,0,0,0,0,0,0,0,0,-10,-4,-10,-5,-10,-5,-10,-6,-10,-7,-10,-8,-10,-8,-10,-9,-10,-9,-9,-9,-9,-9,-9,-10,-9,-9,-10,-9,-9,-9,-10,-9,-10,-9,-10,-8,-11,-8,-11,-8,-12,-8,-12,-8,-13,-7,-13,-7,-14,-7,-14,-7]"
2025-08-18 22:34:57.199008,CSI_DATA,1736,1a:00:00:00:00:00,-42,11,0,0,0,0,0,0,0,0,0,-94,0,1,0,296435014,0,31,0,128,0,"[0,0,-9,-11,-9,-11,-9,-11,-9,-11,-10,-11,-10,-10,-10,-10,-10,-9,-10,-9,-11,-8,-11,-8,-11,-8,-12,-8,-12,-7,-12,-7,-13,-8,-12,-8,-13,-8,-12,-9,-12,-9,-12,-9,-11,-10,-10,-10,-10,-10,-9,-10,-8,-10,0,0,0,0,0,0,0,0,0,0,0,0,0,0,0,0,0,0,0,0,0,0,-7,-7,-7,-8,-6,-9,-6,-9,-6,-10,-6,-11,-5,-11,-5,-12,-4,-12,-4,-12,-4,-12,-4,-12,-4,-12,-4,-11,-4,-12,-5,-11,-5,-11,-5,-11,-6,-12,-6,-11,-7,-11,-7,-11,-8,-11,-8,-11,-8,-11,-9,-12]"
2025-08-18 22:34:57.385391,CSI_DATA,1737,1a:00:00:00:00:00,-42,11,0,0,0,0,0,0,0,0,0,-94,0,1,0,296636372,0,31,0,128,0,"[0,0,-13,8,-12,9,-12,8,-12,9,-11,9,-11,9,-11,9,-10,9,-10,10,-9,10,-9,11,-8,11,-8,11,-8,11,-8,12,-8,12,-9,12,-9,12,-10,12,-10,11,-11,10,-11,10,-11,9,-11,9,-11,8,-11,7,0,0,0,0,0,0,0,0,0,0,0,0,0,0,0,0,0,0,0,0,0,0,-8,6,-8,6,-9,6,-10,5,-11,5,-11,5,-12,4,-12,4,-12,4,-13,3,-13,3,-13,3,-13,3,-12,3,-12,3,-12,4,-12,4,-12,5,-12,5,-12,6,-12,6,-12,7,-12,7,-12,8,-12,8,-12,8]"
2025-08-18 22:34:57.584469,CSI_DATA,1738,1a:00:00:00:00:00,-42,11,0,0,0,0,0,0,0,0,0,-94,0,1,0,296837429,0,31,0,128,0,"[0,0,-2,14,-2,14,-2,14,-1,13,0,14,-1,13,0,13,0,13,1,13,2,13,2,13,3,13,3,13,3,13,3,13,3,13,3,14,3,14,3,14,2,14,1,14,1,14,0,13,0,13,-1,12,-2,12,0,0,0,0,0,0,0,0,0,0,0,0,0,0,0,0,0,0,0,0,0,0,0,9,-1,10,-2,10,-3,10,-3,11,-4,11,-5,11,-5,11,-6,11,-6,11,-6,11,-6,10,-6,10,-5,10,-5,11,-5,11,-5,11,-4,11,-4,12,-4,12,-3,12,-3,13,-3,13,-2,14,-2,14,-2,14]"
2025-08-18 22:34:57.648143,CSI_DATA,1739,1a:00:00:00:00:00,-42,11,0,0,0,0,0,0,0,0,0,-94,0,1,0,296898209,0,42,0,128,0,"[0,0,-7,13,-7,12,-7,12,-6,12,-6,12,-5,12,-5,12,-5,13,-4,12,-4,13,-3,13,-3,13,-3,13,-2,13,-2,14,-2,14,-3,14,-3,14,-3,14,-4,14,-5,14,-5,13,-5,13,-6,12,-7,11,-7,11,0,0,0,0,0,0,0,0,0,0,0,0,0,0,0,0,0,0,0,0,0,0,-4,8,-5,8,-6,9,-6,9,-7,9,-8,9,-8,9,-9,9,-9,8,-10,8,-10,8,-10,7,-10,8,-9,8,-9,8,-9,8,-9,8,-8,9,-8,9,-8,10,-8,10,-8,11,-8,11,-7,12,-7,12,-7,12]"
2025-08-18 22:34:57.712819,CSI_DATA,1740,1a:00:00:00:00:00,-42,11,0,0,0,0,0,0,0,0,0,-94,0,1,0,296964415,0,31,0,128,0,"[0,0,11,-8,11,-9,10,-9,10,-9,10,-9,10,-9,9,-10,9,-10,8,-10,8,-10,8,-11,7,-11,7,-11,7,-12,7,-12,7,-12,8,-12,8,-12,8,-12,9,-12,9,-11,9,-10,9,-10,9,-9,9,-8,10,-7,0,0,0,0,0,0,0,0,0,0,0,0,0,0,0,0,0,0,0,0,0,0,6,-7,7,-6,8,-6,8,-6,9,-6,9,-5,10,-5,10,-4,11,-4,11,-4,11,-3,11,-3,11,-3,11,-4,10,-4,11,-4,10,-5,10,-5,10,-6,11,-6,10,-6,11,-7,11,-7,11,-8,11,-8,11,-8]"
2025-08-18 22:34:57.915625,CSI_DATA,1741,1a:00:00:00:00:00,-42,11,0,0,0,0,0,0,0,0,0,-94,0,1,0,297165497,0,31,0,128,0,"[0,0,6,-13,5,-14,5,-13,5,-14,4,-13,4,-13,4,-13,3,-13,2,-13,2,-13,2,-13,1,-14,1,-14,1,-14,0,-15,1,-15,1,-15,1,-15,2,-15,2,-15,2,-15,3,-14,4,-14,4,-13,5,-12,5,-12,0,0,0,0,0,0,0,0,0,0,0,0,0,0,0,0,0,0,0,0,0,0,3,-10,3,-10,4,-10,5,-10,5,-10,6,-10,7,-10,7,-10,7,-10,8,-9,8,-9,8,-9,8,-9,8,-9,8,-9,7,-9,7,-9,7,-10,6,-11,6,-11,6,-12,6,-12,6,-12,6,-13,6,-13,6,-13]"
2025-08-18 22:34:58.315966,CSI_DATA,1742,1a:00:00:00:00:00,-42,11,0,0,0,0,0,0,0,0,0,-94,0,1,0,297366726,0,31,0,128,0,"[0,0,-6,-13,-6,-13,-6,-13,-6,-13,-7,-12,-7,-12,-8,-12,-8,-11,-8,-11,-8,-11,-9,-11,-9,-10,-9,-11,-10,-10,-10,-10,-10,-10,-10,-11,-10,-11,-10,-11,-10,-12,-9,-12,-9,-12,-8,-12,-7,-12,-6,-12,-5,-12,0,0,0,0,0,0,0,0,0,0,0,0,0,0,0,0,0,0,0,0,0,0,-5,-8,-5,-9,-4,-10,-4,-10,-4,-11,-3,-11,-3,-12,-2,-12,-2,-12,-1,-12,-1,-12,-1,-12,-1,-12,-1,-12,-1,-12,-2,-12,-3,-12,-3,-12,-4,-12,-4,-12,-4,-12,-5,-13,-5,-12,-5,-13,-5,-13,-6,-13]"
2025-08-18 22:34:58.322206,CSI_DATA,1743,1a:00:00:00:00:00,-42,11,0,0,0,0,0,0,0,0,0,-94,0,1,0,297567859,0,31,0,128,0,"[0,0,-8,11,-8,11,-8,11,-7,11,-7,11,-7,11,-6,11,-6,12,-6,11,-5,12,-4,12,-3,12,-4,12,-3,13,-3,13,-3,13,-4,14,-4,13,-5,14,-5,13,-5,13,-6,12,-6,12,-6,11,-7,11,-7,10,0,0,0,0,0,0,0,0,0,0,0,0,0,0,0,0,0,0,0,0,0,0,-5,8,-6,7,-7,7,-7,7,-8,7,-9,7,-9,7,-9,7,-10,6,-10,6,-10,6,-10,6,-10,6,-10,6,-10,6,-10,7,-9,7,-9,8,-9,8,-9,8,-9,9,-9,9,-8,10,-8,10,-8,11,-8,11]"
2025-08-18 22:34:58.520691,CSI_DATA,1744,1a:00:00:00:00:00,-42,11,0,0,0,0,0,0,0,0,0,-94,0,1,0,297769233,0,31,0,128,0,"[0,0,0,-14,0,-14,0,-15,-1,-14,-1,-14,-1,-14,-2,-14,-2,-14,-3,-13,-3,-13,-3,-13,-4,-13,-4,-13,-5,-13,-5,-13,-5,-14,-5,-14,-4,-14,-4,-14,-4,-14,-3,-14,-3,-14,-2,-14,-1,-14,0,-13,1,-13,0,0,0,0,0,0,0,0,0,0,0,0,0,0,0,0,0,0,0,0,0,0,-1,-10,-1,-10,0,-10,1,-11,1,-11,2,-12,2,-12,3,-12,3,-12,4,-11,4,-11,4,-11,4,-11,4,-11,3,-12,3,-11,3,-12,2,-12,2,-12,1,-13,1,-13,1,-13,1,-14,1,-14,1,-14,0,-14]"
2025-08-18 22:34:58.732674,CSI_DATA,1745,1a:00:00:00:00:00,-42,11,0,0,0,0,0,0,0,0,0,-94,0,1,0,297970287,0,31,0,128,0,"[0,0,10,-10,10,-10,9,-10,10,-10,9,-10,8,-10,8,-11,8,-11,7,-11,7,-11,7,-11,6,-12,6,-12,5,-12,6,-13,6,-13,6,-13,7,-13,6,-13,7,-13,7,-12,8,-12,8,-11,9,-10,9,-9,9,-9,0,0,0,0,0,0,0,0,0,0,0,0,0,0,0,0,0,0,0,0,0,0,6,-7,7,-7,8,-7,8,-6,9,-6,9,-6,10,-6,10,-6,10,-5,11,-5,11,-4,11,-4,11,-4,10,-4,10,-5,10,-5,10,-6,10,-6,10,-7,10,-7,9,-8,10,-8,10,-8,10,-9,10,-9,10,-10]"
2025-08-18 22:34:58.913639,CSI_DATA,1746,1a:00:00:00:00:00,-42,11,0,0,0,0,0,0,0,0,0,-94,0,1,0,298171473,0,31,0,128,0,"[0,0,12,6,12,5,12,5,12,4,13,4,12,4,12,3,12,3,12,2,12,2,12,1,12,1,13,0,13,0,13,0,14,0,13,1,14,1,14,2,14,2,13,3,13,3,12,3,12,4,11,4,11,5,0,0,0,0,0,0,0,0,0,0,0,0,0,0,0,0,0,0,0,0,0,0,8,2,9,2,9,3,9,4,9,4,9,5,9,6,9,6,9,7,8,7,9,7,8,7,8,7,8,7,9,7,8,7,9,7,9,6,10,6,10,6,10,6,11,5,11,5,12,5,12,5,13,5]"
2025-08-18 22:34:59.126816,CSI_DATA,1747,1a:00:00:00:00:00,-42,11,0,0,0,0,0,0,0,0,0,-94,0,1,0,298372680,0,31,0,128,0,"[0,0,-9,-11,-10,-11,-9,-11,-10,-11,-10,-10,-10,-10,-10,-9,-10,-9,-11,-8,-11,-8,-11,-8,-12,-8,-12,-7,-12,-7,-13,-7,-12,-7,-13,-8,-13,-8,-13,-8,-12,-8,-12,-9,-11,-9,-11,-10,-10,-10,-9,-10,-8,-10,0,0,0,0,0,0,0,0,0,0,0,0,0,0,0,0,0,0,0,0,0,0,-7,-7,-7,-8,-7,-9,-6,-9,-6,-10,-6,-10,-5,-11,-5,-11,-5,-11,-4,-12,-4,-12,-4,-12,-4,-11,-4,-11,-4,-11,-5,-11,-5,-11,-6,-11,-6,-11,-7,-11,-7,-11,-8,-11,-8,-11,-8,-11,-9,-11,-9,-11]"
2025-08-18 22:34:59.186801,CSI_DATA,1748,1a:00:00:00:00:00,-42,11,0,0,0,0,0,0,0,0,0,-94,0,1,0,298433478,0,42,0,128,0,"[0,0,-12,-7,-13,-7,-13,-7,-13,-6,-13,-6,-13,-6,-13,-5,-13,-5,-13,-4,-13,-4,-13,-3,-13,-3,-13,-3,-14,-3,-14,-2,-14,-3,-14,-3,-15,-3,-15,-3,-14,-4,-14,-5,-13,-5,-13,-6,-13,-6,-12,-6,-11,-7,0,0,0,0,0,0,0,0,0,0,0,0,0,0,0,0,0,0,0,0,0,0,-9,-4,-9,-5,-9,-5,-9,-6,-9,-7,-9,-8,-9,-8,-9,-9,-9,-9,-8,-9,-8,-9,-8,-10,-8,-9,-8,-9,-8,-9,-8,-9,-9,-8,-9,-8,-10,-8,-10,-8,-11,-8,-11,-8,-12,-7,-12,-7,-12,-7,-12,-7]"
2025-08-18 22:34:59.262329,CSI_DATA,1749,1a:00:00:00:00:00,-42,11,0,0,0,0,0,0,0,0,0,-94,0,1,0,298513264,0,31,0,128,0,"[0,0,-14,6,-14,6,-13,6,-13,6,-13,7,-12,7,-12,7,-12,8,-11,8,-11,9,-11,9,-10,9,-10,10,-10,10,-10,11,-10,10,-11,11,-11,10,-12,10,-12,10,-12,9,-12,9,-12,8,-12,7,-12,6,-12,5,0,0,0,0,0,0,0,0,0,0,0,0,0,0,0,0,0,0,0,0,0,0,-9,4,-10,4,-11,3,-11,3,-12,3,-12,2,-13,2,-13,2,-13,1,-13,0,-13,0,-13,0,-13,0,-13,0,-12,1,-13,1,-13,2,-13,2,-12,3,-13,3,-13,4,-13,4,-13,5,-13,5,-14,5,-13,5]"
2025-08-18 22:34:59.463458,CSI_DATA,1750,1a:00:00:00:00:00,-42,11,0,0,0,0,0,0,0,0,0,-94,0,1,0,298714466,0,31,0,128,0,"[0,0,-14,4,-13,4,-13,4,-13,4,-13,5,-13,5,-12,5,-12,6,-12,6,-11,6,-11,7,-11,7,-11,8,-11,8,-11,8,-11,9,-11,8,-12,8,-12,8,-13,8,-12,7,-13,6,-12,6,-12,5,-12,4,-12,3,0,0,0,0,0,0,0,0,0,0,0,0,0,0,0,0,0,0,0,0,0,0,-9,3,-10,3,-10,2,-11,2,-11,1,-12,1,-12,0,-12,0,-12,0,-12,-1,-12,-1,-12,-1,-12,-1,-12,-1,-12,0,-12,0,-12,0,-12,1,-13,1,-12,2,-13,2,-13,3,-13,3,-13,3,-13,3,-14,4]"
2025-08-18 22:34:59.668812,CSI_DATA,1751,1a:00:00:00:00:00,-42,11,0,0,0,0,0,0,0,0,0,-94,0,1,0,298915654,0,31,0,128,0,"[0,0,-14,-4,-14,-4,-14,-3,-14,-3,-14,-3,-14,-2,-14,-2,-13,-1,-13,-1,-14,0,-13,0,-13,1,-14,1,-14,1,-14,1,-14,1,-15,1,-15,1,-15,0,-15,0,-15,-1,-14,-2,-14,-2,-14,-3,-13,-3,-13,-4,0,0,0,0,0,0,0,0,0,0,0,0,0,0,0,0,0,0,0,0,0,0,-9,-1,-10,-2,-10,-3,-10,-3,-11,-4,-11,-5,-11,-5,-11,-6,-11,-6,-11,-6,-11,-7,-10,-7,-10,-7,-10,-6,-10,-6,-11,-6,-11,-6,-11,-5,-12,-5,-12,-5,-12,-4,-13,-4,-13,-4,-13,-4,-14,-4,-14,-4]"
2025-08-18 22:34:59.869755,CSI_DATA,1752,1a:00:00:00:00:00,-42,11,0,0,0,0,0,0,0,0,0,-94,0,1,0,299116773,0,31,0,128,0,"[0,0,-14,-5,-14,-4,-14,-4,-14,-4,-14,-3,-14,-3,-14,-3,-13,-2,-13,-2,-14,-1,-14,-1,-14,0,-13,0,-14,0,-14,1,-14,1,-15,0,-15,0,-15,0,-15,-1,-15,-1,-14,-2,-14,-3,-14,-3,-13,-4,-12,-4,0,0,0,0,0,0,0,0,0,0,0,0,0,0,0,0,0,0,0,0,0,0,-9,-2,-10,-3,-10,-4,-10,-4,-11,-5,-10,-6,-10,-6,-10,-7,-10,-7,-10,-8,-10,-8,-10,-8,-10,-7,-10,-7,-10,-7,-10,-7,-10,-6,-11,-6,-11,-6,-12,-6,-12,-6,-12,-5,-13,-5,-13,-5,-13,-5,-13,-5]"
2025-08-18 22:35:00.068078,CSI_DATA,1753,1a:00:00:00:00:00,-42,11,0,0,0,0,0,0,0,0,0,-94,0,1,0,299318033,0,31,0,128,0,"[0,0,-14,3,-14,3,-14,3,-13,3,-13,4,-13,4,-13,4,-13,5,-12,5,-12,5,-12,6,-11,6,-12,7,-12,7,-12,7,-12,7,-12,7,-13,7,-13,7,-13,6,-13,6,-13,5,-13,5,-13,4,-13,3,-13,2,0,0,0,0,0,0,0,0,0,0,0,0,0,0,0,0,0,0,0,0,0,0,-9,2,-10,2,-10,1,-11,1,-11,1,-12,0,-12,0,-12,-1,-12,-1,-12,-2,-12,-2,-12,-2,-12,-2,-12,-2,-12,-2,-12,-1,-12,-1,-12,0,-13,0,-13,1,-13,1,-13,1,-13,2,-13,2,-14,2,-14,2]"
2025-08-18 22:35:00.274027,CSI_DATA,1754,1a:00:00:00:00:00,-42,11,0,0,0,0,0,0,0,0,0,-94,0,1,0,299520211,0,31,0,128,0,"[0,0,14,-2,14,-3,14,-3,14,-3,14,-4,13,-4,13,-5,12,-5,12,-5,12,-6,12,-6,12,-7,12,-7,12,-8,12,-8,12,-8,13,-8,13,-8,13,-8,13,-7,14,-6,13,-6,13,-5,13,-4,13,-3,13,-3,0,0,0,0,0,0,0,0,0,0,0,0,0,0,0,0,0,0,0,0,0,0,9,-2,10,-2,10,-1,11,-1,11,0,11,0,12,1,12,1,12,2,12,3,12,3,11,3,12,3,11,2,12,2,11,1,12,1,12,0,12,0,12,-1,13,-1,13,-1,13,-2,14,-2,14,-2,14,-2]"
2025-08-18 22:35:00.469581,CSI_DATA,1755,1a:00:00:00:00:00,-42,11,0,0,0,0,0,0,0,0,0,-94,0,1,0,299720300,0,31,0,128,0,"[0,0,-12,8,-12,8,-12,8,-11,8,-11,9,-11,9,-10,9,-10,9,-9,10,-9,10,-8,10,-8,11,-8,11,-8,12,-8,12,-8,12,-8,12,-9,12,-9,12,-9,11,-10,11,-10,10,-10,10,-10,9,-10,8,-11,7,0,0,0,0,0,0,0,0,0,0,0,0,0,0,0,0,0,0,0,0,0,0,-8,6,-8,6,-9,5,-10,5,-10,5,-11,4,-12,4,-12,4,-12,3,-12,3,-12,3,-12,3,-12,3,-12,3,-12,3,-12,4,-12,4,-11,5,-12,5,-11,6,-12,6,-12,6,-12,7,-12,8,-12,8,-12,8]"
2025-08-18 22:35:00.669398,CSI_DATA,1756,1a:00:00:00:00:00,-42,11,0,0,0,0,0,0,0,0,0,-94,0,1,0,299921625,0,31,0,128,0,"[0,0,-4,14,-4,14,-4,14,-3,14,-3,14,-3,14,-2,14,-2,14,-1,13,0,14,1,14,1,14,1,14,1,14,2,14,1,15,1,15,1,15,1,15,0,15,-1,15,-1,15,-2,14,-2,14,-3,13,-4,13,0,0,0,0,0,0,0,0,0,0,0,0,0,0,0,0,0,0,0,0,0,0,-2,9,-3,10,-4,10,-4,10,-5,10,-6,10,-7,11,-7,11,-7,10,-8,10,-8,10,-8,10,-8,10,-7,10,-7,10,-7,10,-7,11,-6,11,-6,11,-6,12,-5,12,-5,13,-5,13,-4,14,-4,14,-4,14]"
2025-08-18 22:35:00.723725,CSI_DATA,1757,1a:00:00:00:00:00,-42,11,0,0,0,0,0,0,0,0,0,-94,0,1,0,299982382,0,42,0,128,0,"[0,0,12,7,12,7,11,6,12,6,12,6,12,5,12,5,12,4,12,4,13,3,12,3,13,2,13,2,13,2,14,2,14,2,14,2,14,2,14,3,14,4,14,4,13,5,12,5,12,5,11,6,10,6,0,0,0,0,0,0,0,0,0,0,0,0,0,0,0,0,0,0,0,0,0,0,8,3,8,4,8,5,8,6,8,7,8,7,8,8,8,8,7,9,7,9,7,9,7,9,7,9,7,9,7,8,7,9,8,8,8,8,9,7,9,8,10,7,10,7,11,7,11,7,11,7,12,7]"
2025-08-18 22:35:00.804562,CSI_DATA,1758,1a:00:00:00:00:00,-42,11,0,0,0,0,0,0,0,0,0,-94,0,1,0,300036289,0,31,0,128,0,"[0,0,-6,-13,-6,-13,-6,-13,-6,-13,-6,-12,-7,-12,-7,-12,-7,-12,-8,-11,-8,-11,-8,-10,-9,-10,-9,-10,-10,-10,-10,-10,-10,-11,-10,-11,-10,-11,-10,-11,-9,-12,-9,-12,-8,-12,-7,-12,-6,-12,-6,-12,-5,-12,0,0,0,0,0,0,0,0,0,0,0,0,0,0,0,0,0,0,0,0,0,0,-5,-8,-4,-9,-4,-10,-4,-10,-3,-11,-3,-11,-2,-12,-2,-12,-1,-12,-1,-12,-1,-12,-1,-12,-1,-12,-1,-12,-1,-12,-2,-12,-2,-12,-3,-12,-3,-12,-3,-12,-4,-12,-4,-13,-5,-13,-5,-13,-5,-13,-5,-13]"
2025-08-18 22:35:00.990766,CSI_DATA,1759,1a:00:00:00:00:00,-42,11,0,0,0,0,0,0,0,0,0,-94,0,1,0,300237428,0,31,0,128,0,"[0,0,-12,-9,-12,-8,-12,-9,-12,-8,-12,-8,-12,-7,-12,-7,-12,-7,-13,-6,-13,-5,-13,-5,-13,-5,-14,-4,-14,-4,-14,-4,-14,-4,-14,-5,-15,-5,-15,-5,-14,-6,-14,-6,-13,-7,-12,-7,-12,-7,-11,-8,-11,-9,0,0,0,0,0,0,0,0,0,0,0,0,0,0,0,0,0,0,0,0,0,0,-9,-5,-9,-6,-9,-6,-9,-7,-9,-8,-9,-9,-8,-9,-8,-10,-8,-10,-7,-10,-8,-10,-7,-11,-7,-10,-7,-10,-8,-10,-8,-10,-8,-10,-9,-9,-9,-9,-10,-9,-10,-9,-10,-9,-11,-9,-12,-9,-12,-9,-12,-9]"
2025-08-18 22:35:01.184648,CSI_DATA,1760,1a:00:00:00:00:00,-42,11,0,0,0,0,0,0,0,0,0,-94,0,1,0,300438625,0,31,0,128,0,"[0,0,14,1,13,0,14,0,14,0,14,-1,13,-1,13,-1,13,-2,13,-2,13,-3,13,-4,12,-4,13,-5,13,-5,13,-5,13,-5,13,-5,14,-4,14,-4,14,-3,14,-3,14,-2,13,-2,13,-1,13,0,12,0,0,0,0,0,0,0,0,0,0,0,0,0,0,0,0,0,0,0,0,0,0,0,9,-1,9,0,10,1,10,1,10,2,11,2,11,3,11,3,11,4,10,4,11,4,10,4,11,4,10,4,11,4,10,4,11,3,11,2,12,2,12,2,12,2,12,2,13,1,13,1,13,1,14,0]"
2025-08-18 22:35:01.381493,CSI_DATA,1761,1a:00:00:00:00:00,-42,11,0,0,0,0,0,0,0,0,0,-94,0,1,0,300639775,0,31,0,128,0,"[0,0,10,9,10,9,10,9,11,8,11,8,10,8,11,7,11,7,11,6,11,6,12,5,12,5,12,5,12,4,13,4,13,4,13,5,13,5,13,6,13,6,12,6,11,7,11,7,11,8,10,8,9,8,0,0,0,0,0,0,0,0,0,0,0,0,0,0,0,0,0,0,0,0,0,0,7,5,7,5,7,6,7,7,6,7,7,8,6,9,6,10,6,10,5,10,5,10,5,10,5,10,5,9,6,9,6,9,6,9,7,9,7,9,8,9,8,9,8,9,9,9,10,9,10,9,10,9]"
2025-08-18 22:35:01.586883,CSI_DATA,1762,1a:00:00:00:00:00,-42,11,0,0,0,0,0,0,0,0,0,-94,0,1,0,300840918,0,31,0,128,0,"[0,0,14,1,14,0,14,0,14,0,14,0,13,0,13,-1,13,-1,13,-2,13,-3,13,-3,13,-4,13,-4,13,-4,14,-4,13,-5,14,-4,14,-4,15,-3,14,-3,14,-2,14,-2,14,-1,13,-1,13,0,13,1,0,0,0,0,0,0,0,0,0,0,0,0,0,0,0,0,0,0,0,0,0,0,9,-1,9,0,10,1,10,1,11,2,11,2,11,3,11,4,11,4,11,4,11,4,11,4,11,4,11,4,11,4,11,4,11,4,11,3,12,3,12,3,12,2,13,2,13,1,14,1,14,1,14,1]"
2025-08-18 22:35:01.798912,CSI_DATA,1763,1a:00:00:00:00:00,-42,11,0,0,0,0,0,0,0,0,0,-94,0,1,0,301042241,0,31,0,128,0,"[0,0,-7,12,-7,12,-7,12,-6,12,-6,12,-6,12,-5,12,-5,12,-4,12,-4,12,-3,13,-2,13,-3,13,-2,13,-2,13,-2,13,-2,14,-3,14,-3,14,-3,14,-4,13,-5,13,-5,13,-6,12,-6,11,-7,11,0,0,0,0,0,0,0,0,0,0,0,0,0,0,0,0,0,0,0,0,0,0,-4,8,-5,8,-6,8,-6,8,-7,8,-7,8,-8,8,-9,8,-9,8,-9,8,-10,7,-10,7,-9,8,-9,8,-9,8,-9,8,-8,8,-8,9,-8,9,-8,10,-8,10,-7,10,-7,11,-7,12,-7,12,-7,12]"
2025-08-18 22:35:01.992541,CSI_DATA,1764,1a:00:00:00:00:00,-42,11,0,0,0,0,0,0,0,0,0,-94,0,1,0,301243455,0,31,0,128,0,"[0,0,4,-14,4,-14,4,-14,4,-14,3,-14,3,-14,2,-14,2,-14,2,-13,1,-14,1,-14,0,-14,0,-14,0,-14,0,-15,0,-15,0,-15,0,-15,0,-15,1,-15,1,-15,2,-14,3,-14,3,-13,4,-13,4,-12,0,0,0,0,0,0,0,0,0,0,0,0,0,0,0,0,0,0,0,0,0,0,2,-9,2,-10,3,-10,4,-10,5,-10,5,-10,6,-10,6,-10,7,-10,7,-10,7,-10,7,-9,7,-10,7,-10,7,-10,6,-10,6,-10,6,-11,5,-11,5,-12,5,-12,5,-12,5,-13,5,-13,5,-13,5,-14]"
2025-08-18 22:35:02.192201,CSI_DATA,1765,1a:00:00:00:00:00,-42,11,0,0,0,0,0,0,0,0,0,-94,0,1,0,301444620,0,31,0,128,0,"[0,0,-2,14,-2,13,-2,14,-1,13,-1,14,-1,13,0,13,0,13,0,13,1,13,2,13,2,12,2,13,3,13,3,13,3,13,3,14,3,14,2,14,1,14,1,14,0,14,0,13,-1,13,-2,12,-3,12,0,0,0,0,0,0,0,0,0,0,0,0,0,0,0,0,0,0,0,0,0,0,0,9,-1,9,-2,10,-3,9,-3,10,-4,10,-4,10,-5,10,-5,10,-6,10,-6,10,-6,10,-6,10,-5,10,-5,10,-5,10,-5,11,-4,11,-4,11,-3,12,-3,12,-3,12,-3,13,-3,13,-2,13,-2,13]"
2025-08-18 22:35:02.258281,CSI_DATA,1766,1a:00:00:00:00:00,-42,11,0,0,0,0,0,0,0,0,0,-94,0,1,0,301505317,0,42,0,128,0,"[0,0,-15,-3,-14,-3,-14,-3,-14,-2,-14,-2,-14,-2,-14,-2,-14,-1,-14,0,-14,0,-14,0,-14,1,-14,1,-14,2,-14,2,-15,2,-15,2,-15,2,-15,1,-15,1,-15,0,-15,-1,-14,-1,-14,-2,-13,-2,-13,-3,0,0,0,0,0,0,0,0,0,0,0,0,0,0,0,0,0,0,0,0,0,0,-10,-1,-10,-2,-10,-3,-10,-4,-11,-4,-11,-5,-11,-5,-11,-6,-11,-6,-11,-6,-11,-7,-10,-7,-11,-7,-11,-6,-11,-6,-11,-6,-11,-6,-11,-5,-12,-5,-12,-5,-13,-4,-13,-4,-13,-4,-14,-4,-14,-4,-14,-4]"
2025-08-18 22:35:02.315108,CSI_DATA,1767,1a:00:00:00:00:00,-42,11,0,0,0,0,0,0,0,0,0,-94,0,1,0,301573112,0,31,0,128,0,"[0,0,10,9,11,8,10,8,11,8,11,8,11,7,11,7,11,6,11,6,11,5,12,5,12,4,12,4,12,4,13,4,13,4,13,4,13,5,13,5,13,6,12,6,12,6,11,7,11,7,10,7,9,8,0,0,0,0,0,0,0,0,0,0,0,0,0,0,0,0,0,0,0,0,0,0,7,5,7,5,7,6,7,7,7,7,6,8,6,9,6,9,6,10,5,10,5,10,5,10,5,10,6,10,6,9,6,9,6,9,7,9,7,9,8,9,8,9,9,9,9,9,10,9,10,9,10,9]"
2025-08-18 22:35:02.516314,CSI_DATA,1768,1a:00:00:00:00:00,-42,11,0,0,0,0,0,0,0,0,0,-94,0,1,0,301774215,0,31,0,128,0,"[0,0,9,10,9,10,9,10,9,9,10,9,9,9,10,8,10,8,10,8,10,6,11,6,11,6,11,6,12,6,12,6,12,6,12,6,12,7,12,7,12,8,11,8,10,9,10,8,9,9,9,9,8,9,0,0,0,0,0,0,0,0,0,0,0,0,0,0,0,0,0,0,0,0,0,0,6,5,6,6,6,7,6,7,6,8,6,9,5,9,5,10,5,10,5,10,4,10,4,10,4,10,5,10,5,10,5,10,5,10,6,9,6,10,7,10,7,10,8,10,8,10,9,10,9,10,9,10]"
2025-08-18 22:35:02.605149,CSI_DATA,1769,1a:00:00:00:00:00,-42,11,0,0,0,0,0,0,0,0,0,-94,0,1,0,301856219,0,28,0,128,0,"[0,0,13,-7,12,-7,12,-7,12,-7,12,-8,11,-8,11,-9,10,-9,10,-9,10,-10,10,-10,9,-10,9,-11,9,-11,9,-11,9,-11,9,-12,10,-11,10,-12,11,-11,11,-10,11,-10,11,-9,11,-8,11,-7,11,-6,0,0,0,0,0,0,0,0,0,0,0,0,0,0,0,0,0,0,0,0,0,0,7,-5,8,-5,9,-5,10,-4,10,-4,11,-4,11,-3,11,-3,11,-2,12,-2,12,-2,12,-1,12,-2,12,-2,11,-2,11,-2,11,-3,11,-4,12,-4,12,-5,12,-5,12,-6,12,-6,13,-6,13,-6,13,-7]"
2025-08-18 22:35:02.724163,CSI_DATA,1770,1a:00:00:00:00:00,-42,11,0,0,0,0,0,0,0,0,0,-94,0,1,0,301976937,0,31,0,128,0,"[0,0,-9,11,-8,11,-8,11,-8,11,-7,11,-8,11,-7,11,-7,11,-6,11,-5,12,-5,12,-4,12,-4,12,-4,13,-4,13,-4,13,-5,13,-5,13,-6,13,-6,13,-7,12,-7,12,-7,11,-7,11,-8,10,-8,9,0,0,0,0,0,0,0,0,0,0,0,0,0,0,0,0,0,0,0,0,0,0,-5,8,-5,8,-6,8,-7,8,-7,8,-8,8,-9,7,-9,7,-10,7,-10,7,-10,7,-10,6,-10,7,-10,7,-10,7,-9,7,-9,7,-9,8,-9,8,-9,9,-9,9,-9,9,-9,10,-8,11,-8,11,-8,11]"
2025-08-18 22:35:02.924357,CSI_DATA,1771,1a:00:00:00:00:00,-42,11,0,0,0,0,0,0,0,0,0,-94,0,1,0,302176716,0,31,0,128,0,"[0,0,-9,11,-8,11,-8,11,-8,11,-8,12,-7,11,-7,11,-6,12,-6,12,-5,12,-5,12,-5,12,-4,12,-4,13,-4,13,-4,13,-5,14,-5,13,-5,13,-6,13,-7,13,-7,12,-7,12,-8,11,-8,10,-9,9,0,0,0,0,0,0,0,0,0,0,0,0,0,0,0,0,0,0,0,0,0,0,-5,8,-5,8,-6,8,-7,8,-7,8,-8,8,-9,8,-9,8,-9,7,-10,7,-10,7,-10,7,-10,7,-10,7,-9,7,-9,7,-9,7,-9,8,-9,9,-9,9,-8,10,-9,10,-9,10,-8,11,-9,11,-8,11]"
2025-08-18 22:35:03.127479,CSI_DATA,1772,1a:00:00:00:00:00,-42,11,0,0,0,0,0,0,0,0,0,-94,0,1,0,302377942,0,31,0,128,0,"[0,0,13,-6,12,-6,12,-6,12,-6,12,-7,11,-7,11,-7,11,-8,11,-8,10,-8,10,-9,10,-9,10,-9,10,-10,10,-10,10,-10,10,-10,11,-10,11,-10,11,-10,11,-9,11,-8,11,-7,11,-7,11,-6,12,-5,0,0,0,0,0,0,0,0,0,0,0,0,0,0,0,0,0,0,0,0,0,0,7,-5,8,-4,9,-4,10,-3,10,-3,11,-3,11,-2,11,-2,11,-1,11,-1,11,-1,11,-1,11,-1,11,-1,11,-1,11,-1,11,-2,11,-3,12,-3,12,-4,12,-4,12,-4,12,-5,13,-5,12,-5,13,-6]"
2025-08-18 22:35:03.328013,CSI_DATA,1773,1a:00:00:00:00:00,-42,11,0,0,0,0,0,0,0,0,0,-94,0,1,0,302579024,0,31,0,128,0,"[0,0,-13,7,-12,7,-12,7,-12,7,-12,8,-12,8,-11,8,-11,8,-10,8,-10,9,-9,9,-9,10,-9,10,-9,11,-9,11,-9,11,-10,11,-10,11,-10,10,-11,10,-11,9,-11,9,-11,8,-11,8,-11,7,-12,6,0,0,0,0,0,0,0,0,0,0,0,0,0,0,0,0,0,0,0,0,0,0,-7,5,-8,5,-9,5,-10,5,-10,4,-11,4,-11,3,-12,3,-12,3,-12,2,-12,2,-12,2,-12,3,-12,3,-12,3,-12,3,-12,4,-11,4,-12,4,-12,5,-12,5,-12,5,-12,6,-12,7,-12,7,-13,8]"
2025-08-18 22:35:03.542910,CSI_DATA,1774,1a:00:00:00:00:00,-42,11,0,0,0,0,0,0,0,0,0,-94,0,1,0,302780174,0,31,0,128,0,"[0,0,11,-9,10,-9,10,-10,10,-10,10,-10,9,-10,9,-10,8,-11,8,-10,7,-11,7,-11,7,-12,7,-12,7,-13,7,-13,7,-13,7,-13,7,-13,8,-13,8,-12,9,-12,9,-11,9,-11,9,-10,9,-9,10,-8,0,0,0,0,0,0,0,0,0,0,0,0,0,0,0,0,0,0,0,0,0,0,6,-7,7,-7,8,-7,8,-6,9,-6,9,-6,10,-5,10,-5,11,-5,11,-5,11,-4,11,-4,11,-4,10,-4,10,-5,10,-5,10,-5,10,-6,10,-7,10,-7,10,-7,10,-8,10,-8,10,-9,11,-9,11,-9]"
2025-08-18 22:35:03.729279,CSI_DATA,1775,1a:00:00:00:00:00,-42,11,0,0,0,0,0,0,0,0,0,-94,0,1,0,302981303,0,31,0,128,0,"[0,0,-11,8,-11,9,-10,9,-10,9,-10,9,-10,9,-9,9,-9,10,-8,9,-8,10,-7,10,-7,11,-7,11,-7,11,-7,12,-7,12,-7,12,-8,12,-8,12,-8,11,-9,11,-9,11,-9,10,-9,9,-10,8,-10,8,0,0,0,0,0,0,0,0,0,0,0,0,0,0,0,0,0,0,0,0,0,0,-7,6,-7,5,-8,5,-9,5,-9,5,-10,5,-11,5,-11,4,-11,4,-11,4,-11,4,-11,3,-11,4,-11,4,-11,4,-11,4,-11,4,-11,5,-11,5,-11,6,-11,6,-11,7,-11,8,-11,8,-11,8,-11,8]"
2025-08-18 22:35:03.785641,CSI_DATA,1776,1a:00:00:00:00:00,-42,11,0,0,0,0,0,0,0,0,0,-94,0,1,0,303042100,0,42,0,128,0,"[0,0,5,13,5,12,5,12,6,12,6,12,6,11,7,11,7,11,7,10,8,10,8,10,8,10,8,10,9,9,10,9,10,9,10,10,10,10,9,11,9,11,8,11,8,11,7,12,6,12,5,11,4,11,0,0,0,0,0,0,0,0,0,0,0,0,0,0,0,0,0,0,0,0,0,0,4,8,3,8,3,9,2,9,2,10,2,10,1,11,1,11,1,11,0,11,0,11,0,11,0,11,0,11,0,11,1,11,1,11,2,11,2,11,3,12,3,11,4,12,4,12,4,12,4,13,5,12]"
2025-08-18 22:35:03.850532,CSI_DATA,1777,1a:00:00:00:00:00,-42,11,0,0,0,0,0,0,0,0,0,-94,0,1,0,303108913,0,31,0,128,0,"[0,0,11,8,11,7,11,7,12,6,12,6,11,6,12,5,12,5,11,4,12,4,12,3,12,3,12,2,13,2,13,2,13,2,14,3,14,3,14,4,14,4,13,5,13,5,12,5,12,6,11,6,10,7,0,0,0,0,0,0,0,0,0,0,0,0,0,0,0,0,0,0,0,0,0,0,8,4,8,4,8,5,8,6,8,6,8,7,8,8,7,9,7,9,6,9,7,9,6,9,6,9,7,9,7,9,7,8,7,8,8,8,8,8,9,8,9,8,9,7,10,7,11,7,11,7,11,7]"
2025-08-18 22:35:04.054305,CSI_DATA,1778,1a:00:00:00:00:00,-42,11,0,0,0,0,0,0,0,0,0,-94,0,1,0,303310177,0,31,0,128,0,"[0,0,4,13,4,13,4,12,5,13,5,12,5,12,6,12,6,11,6,11,7,11,7,11,7,11,8,10,8,10,9,10,9,10,9,11,9,11,9,11,8,12,8,12,7,12,6,12,5,12,4,12,3,12,0,0,0,0,0,0,0,0,0,0,0,0,0,0,0,0,0,0,0,0,0,0,3,8,2,9,2,10,1,10,1,11,0,11,0,11,0,11,-1,12,-2,11,-2,11,-2,11,-2,11,-2,11,-1,11,-1,11,0,11,1,12,1,11,2,12,2,12,2,12,2,13,3,13,3,13,3,13]"
2025-08-18 22:35:04.256467,CSI_DATA,1779,1a:00:00:00:00:00,-42,11,0,0,0,0,0,0,0,0,0,-94,0,1,0,303511260,0,31,0,128,0,"[0,0,1,14,1,14,1,13,2,13,2,13,2,13,3,13,3,12,3,12,4,12,4,12,5,12,5,12,5,12,6,12,6,12,6,13,5,13,5,13,4,13,4,13,3,13,2,13,2,13,1,13,0,12,0,0,0,0,0,0,0,0,0,0,0,0,0,0,0,0,0,0,0,0,0,0,1,9,1,9,0,10,-1,10,-1,10,-2,11,-2,11,-2,11,-3,11,-4,11,-4,11,-4,11,-4,11,-4,11,-3,11,-3,11,-2,11,-2,12,-2,12,-1,12,-1,12,0,12,0,13,0,13,0,13,1,14]"
2025-08-18 22:35:04.464383,CSI_DATA,1780,1a:00:00:00:00:00,-42,11,0,0,0,0,0,0,0,0,0,-94,0,1,0,303712414,0,31,0,128,0,"[0,0,-15,-1,-15,-1,-15,-1,-14,-1,-15,0,-14,0,-14,1,-14,1,-14,2,-13,2,-14,3,-14,3,-14,3,-14,4,-14,4,-14,4,-14,4,-15,4,-15,4,-15,3,-15,2,-14,2,-14,1,-14,1,-14,0,-14,-1,0,0,0,0,0,0,0,0,0,0,0,0,0,0,0,0,0,0,0,0,0,0,-10,-1,-10,-1,-10,-2,-11,-3,-11,-3,-12,-4,-12,-4,-12,-5,-11,-5,-11,-6,-11,-6,-11,-6,-11,-6,-11,-5,-11,-5,-11,-5,-12,-5,-12,-4,-13,-4,-13,-3,-13,-3,-13,-3,-14,-2,-14,-2,-14,-2,-14,-2]"
2025-08-18 22:35:04.662474,CSI_DATA,1781,1a:00:00:00:00:00,-42,11,0,0,0,0,0,0,0,0,0,-94,0,1,0,303913559,0,31,0,128,0,"[0,0,-12,9,-11,9,-11,9,-11,9,-10,9,-10,9,-10,9,-9,10,-9,10,-8,10,-8,11,-8,11,-8,11,-7,12,-7,12,-8,12,-8,12,-8,12,-9,12,-9,12,-10,11,-10,11,-10,10,-10,9,-10,8,-11,8,0,0,0,0,0,0,0,0,0,0,0,0,0,0,0,0,0,0,0,0,0,0,-7,6,-8,6,-9,5,-9,5,-10,5,-11,5,-11,4,-11,4,-12,4,-12,3,-12,3,-12,3,-12,3,-12,3,-12,4,-11,4,-11,4,-11,5,-11,5,-11,6,-11,6,-11,7,-11,7,-11,8,-11,8,-11,8]"
2025-08-18 22:35:04.867543,CSI_DATA,1782,1a:00:00:00:00:00,-42,11,0,0,0,0,0,0,0,0,0,-94,0,1,0,304114703,0,31,0,128,0,"[0,0,-14,-4,-15,-4,-14,-4,-14,-3,-14,-3,-14,-2,-14,-2,-14,-2,-14,-1,-14,0,-14,0,-14,0,-14,0,-14,1,-15,1,-15,1,-15,1,-15,1,-16,0,-15,0,-15,-1,-15,-2,-15,-3,-14,-3,-13,-4,-13,-4,0,0,0,0,0,0,0,0,0,0,0,0,0,0,0,0,0,0,0,0,0,0,-10,-2,-10,-2,-10,-3,-10,-4,-11,-5,-11,-5,-11,-6,-11,-6,-11,-7,-11,-7,-10,-8,-10,-8,-10,-7,-10,-7,-10,-7,-11,-6,-11,-6,-12,-6,-12,-5,-12,-5,-12,-5,-13,-5,-14,-5,-14,-4,-14,-4,-14,-4]"
2025-08-18 22:35:05.082299,CSI_DATA,1783,1a:00:00:00:00:00,-42,11,0,0,0,0,0,0,0,0,0,-94,0,1,0,304315974,0,31,0,128,0,"[0,0,12,6,12,5,12,5,12,5,12,5,12,5,12,4,12,4,12,3,12,2,12,2,12,1,13,1,13,1,13,1,14,1,14,1,14,2,14,2,14,3,13,4,13,4,12,5,12,5,11,5,11,6,0,0,0,0,0,0,0,0,0,0,0,0,0,0,0,0,0,0,0,0,0,0,8,3,8,3,8,4,8,5,8,5,8,6,8,7,8,7,8,8,8,8,8,8,7,8,8,8,7,8,8,8,8,7,8,7,9,6,9,6,10,7,10,6,10,6,11,6,11,6,12,6,12,6]"
2025-08-18 22:35:05.268084,CSI_DATA,1784,1a:00:00:00:00:00,-42,11,0,0,0,0,0,0,0,0,0,-94,0,1,0,304517274,0,31,0,128,0,"[0,0,-15,1,-15,1,-14,1,-15,1,-14,2,-14,2,-14,2,-14,3,-13,3,-13,4,-13,4,-13,5,-13,5,-13,5,-14,6,-13,6,-14,6,-14,5,-15,5,-15,5,-15,4,-14,3,-14,3,-14,2,-14,1,-14,0,0,0,0,0,0,0,0,0,0,0,0,0,0,0,0,0,0,0,0,0,0,0,-10,1,-10,0,-11,-1,-11,-1,-11,-2,-12,-2,-12,-3,-12,-3,-12,-4,-12,-4,-12,-4,-12,-4,-12,-4,-12,-4,-12,-4,-12,-3,-12,-3,-12,-2,-13,-2,-13,-1,-13,-1,-13,-1,-14,-1,-14,0,-15,0,-15,0]"
2025-08-18 22:35:05.321620,CSI_DATA,1785,1a:00:00:00:00:00,-42,11,0,0,0,0,0,0,0,0,0,-94,0,1,0,304578062,0,42,0,128,0,"[0,0,6,12,7,11,6,11,7,11,7,11,7,10,7,10,8,10,8,9,9,9,9,8,9,8,10,8,10,8,10,8,11,8,10,9,11,9,10,10,10,10,9,10,8,10,8,10,7,11,6,10,6,11,0,0,0,0,0,0,0,0,0,0,0,0,0,0,0,0,0,0,0,0,0,0,5,7,4,8,4,8,4,9,3,9,3,10,3,10,2,11,2,11,1,11,1,11,1,11,2,11,2,11,2,11,2,10,2,11,3,10,3,11,4,11,4,11,5,11,5,11,6,11,6,11,7,11]"
2025-08-18 22:35:05.412238,CSI_DATA,1786,1a:00:00:00:00:00,-42,11,0,0,0,0,0,0,0,0,0,-94,0,1,0,304646163,0,31,0,128,0,"[0,0,-14,-2,-14,-2,-14,-2,-14,-1,-14,-1,-14,-1,-14,0,-14,1,-13,1,-13,2,-13,2,-13,2,-14,3,-13,3,-14,4,-14,4,-14,4,-14,3,-15,3,-15,3,-15,2,-14,1,-14,0,-14,0,-14,-1,-13,-2,0,0,0,0,0,0,0,0,0,0,0,0,0,0,0,0,0,0,0,0,0,0,-10,-1,-10,-2,-10,-2,-10,-3,-11,-3,-11,-4,-11,-5,-11,-5,-11,-5,-11,-6,-11,-6,-11,-6,-11,-6,-11,-6,-11,-5,-11,-5,-11,-5,-12,-4,-12,-4,-12,-3,-12,-3,-13,-3,-13,-3,-14,-2,-14,-2,-14,-2]"
2025-08-18 22:35:05.615819,CSI_DATA,1787,1a:00:00:00:00:00,-42,11,0,0,0,0,0,0,0,0,0,-94,0,1,0,304847257,0,31,0,128,0,"[0,0,-6,-13,-7,-13,-7,-13,-7,-13,-7,-13,-7,-12,-8,-12,-8,-11,-8,-11,-9,-10,-9,-10,-10,-10,-10,-10,-10,-10,-10,-10,-11,-10,-11,-11,-11,-11,-10,-11,-10,-12,-9,-12,-8,-12,-8,-12,-7,-12,-6,-12,-6,-12,0,0,0,0,0,0,0,0,0,0,0,0,0,0,0,0,0,0,0,0,0,0,-5,-8,-5,-9,-4,-9,-4,-10,-4,-10,-3,-11,-3,-12,-3,-12,-2,-12,-2,-12,-2,-12,-2,-12,-2,-12,-2,-12,-2,-12,-2,-12,-3,-12,-3,-12,-4,-12,-4,-12,-5,-12,-5,-12,-6,-12,-6,-13,-6,-13,-7,-13]"
2025-08-18 22:35:05.998297,CSI_DATA,1788,1a:00:00:00:00:00,-42,11,0,0,0,0,0,0,0,0,0,-94,0,1,0,305048419,0,31,0,128,0,"[0,0,13,-4,13,-5,13,-5,13,-5,13,-6,12,-6,12,-6,12,-7,11,-7,11,-8,11,-8,10,-9,10,-9,10,-9,11,-10,11,-10,11,-9,12,-9,12,-9,12,-9,12,-8,12,-7,12,-6,13,-6,12,-5,12,-4,0,0,0,0,0,0,0,0,0,0,0,0,0,0,0,0,0,0,0,0,0,0,8,-4,9,-4,9,-3,10,-3,10,-3,11,-2,11,-1,12,-1,12,-1,11,0,12,0,12,0,12,0,11,0,11,0,11,-1,11,-1,11,-2,12,-2,12,-3,12,-3,12,-3,13,-4,13,-4,13,-4,13,-5]"
2025-08-18 22:35:06.004547,CSI_DATA,1789,1a:00:00:00:00:00,-42,11,0,0,0,0,0,0,0,0,0,-94,0,1,0,305249604,0,31,0,128,0,"[0,0,11,-8,11,-8,11,-9,10,-9,10,-9,10,-9,10,-9,9,-10,9,-10,8,-10,8,-11,7,-11,7,-11,8,-12,8,-12,8,-12,8,-12,9,-12,9,-12,10,-11,10,-11,10,-10,10,-9,10,-9,10,-8,10,-7,0,0,0,0,0,0,0,0,0,0,0,0,0,0,0,0,0,0,0,0,0,0,6,-7,7,-6,8,-6,9,-6,9,-5,10,-5,10,-5,10,-4,11,-4,11,-4,11,-4,11,-4,11,-4,11,-4,11,-4,10,-4,10,-5,10,-5,11,-6,11,-6,11,-6,11,-7,11,-7,11,-8,11,-8,11,-8]"
2025-08-18 22:35:06.196705,CSI_DATA,1790,1a:00:00:00:00:00,-42,11,0,0,0,0,0,0,0,0,0,-94,0,1,0,305450829,0,31,0,128,0,"[0,0,14,0,13,-1,13,-1,13,-1,13,-2,13,-2,13,-2,12,-3,12,-3,12,-4,12,-5,12,-5,12,-5,12,-6,12,-6,13,-6,13,-6,14,-6,14,-5,14,-4,14,-4,13,-3,13,-2,13,-2,13,-1,12,0,0,0,0,0,0,0,0,0,0,0,0,0,0,0,0,0,0,0,0,0,0,0,9,-2,9,-1,9,0,10,0,10,1,11,1,11,2,11,3,11,3,11,3,11,3,11,4,10,4,10,3,11,3,10,3,11,2,11,2,12,1,12,1,12,1,12,1,13,0,13,0,13,0,14,0]"
2025-08-18 22:35:06.402678,CSI_DATA,1791,1a:00:00:00:00:00,-42,11,0,0,0,0,0,0,0,0,0,-94,0,1,0,305652195,0,31,0,128,0,"[0,0,-16,0,-15,1,-15,1,-15,1,-15,2,-14,2,-14,2,-14,3,-14,3,-14,4,-14,4,-13,5,-13,5,-14,5,-14,6,-14,6,-15,6,-15,5,-15,5,-15,4,-15,4,-15,3,-15,2,-15,2,-14,1,-14,0,0,0,0,0,0,0,0,0,0,0,0,0,0,0,0,0,0,0,0,0,0,0,-10,1,-10,0,-11,0,-12,-1,-12,-1,-12,-2,-12,-3,-13,-3,-13,-4,-13,-4,-13,-4,-12,-4,-12,-4,-12,-4,-12,-4,-13,-3,-13,-3,-13,-2,-13,-2,-13,-2,-14,-1,-14,-1,-15,0,-15,0,-15,0,-15,0]"
2025-08-18 22:35:06.608766,CSI_DATA,1792,1a:00:00:00:00:00,-42,11,0,0,0,0,0,0,0,0,0,-94,0,1,0,305853236,0,31,0,128,0,"[0,0,-6,12,-6,13,-6,12,-5,12,-5,13,-5,12,-4,12,-4,12,-3,12,-3,12,-2,13,-1,13,-1,13,-1,13,-1,14,-1,14,-1,14,-1,14,-2,14,-3,14,-3,14,-4,13,-4,13,-4,12,-5,12,-6,11,0,0,0,0,0,0,0,0,0,0,0,0,0,0,0,0,0,0,0,0,0,0,-3,8,-4,8,-5,8,-5,8,-6,9,-7,9,-7,9,-8,8,-8,8,-9,8,-9,8,-9,8,-8,8,-8,8,-8,8,-8,8,-7,9,-7,9,-7,10,-7,10,-7,10,-7,11,-6,12,-6,12,-6,12,-6,12]"
2025-08-18 22:35:06.801209,CSI_DATA,1793,1a:00:00:00:00:00,-42,11,0,0,0,0,0,0,0,0,0,-94,0,1,0,306054384,0,31,0,128,0,"[0,0,-2,14,-2,13,-2,13,-2,13,-1,13,-1,13,-1,13,0,13,0,12,1,12,1,13,2,12,2,13,3,13,3,13,3,13,2,14,2,14,2,14,1,14,0,14,0,13,-1,13,-1,13,-2,12,-3,12,0,0,0,0,0,0,0,0,0,0,0,0,0,0,0,0,0,0,0,0,0,0,-1,8,-1,9,-2,9,-3,10,-3,10,-4,10,-4,10,-5,10,-5,10,-6,10,-6,10,-6,10,-6,10,-5,10,-5,10,-5,10,-5,10,-4,10,-4,11,-4,11,-3,12,-3,12,-3,13,-3,13,-3,13,-2,13]"
2025-08-18 22:35:06.867497,CSI_DATA,1794,1a:00:00:00:00:00,-42,11,0,0,0,0,0,0,0,0,0,-94,0,1,0,306115237,0,42,0,128,0,"[0,0,-1,-14,-2,-14,-2,-14,-2,-14,-3,-14,-3,-14,-3,-14,-4,-13,-4,-13,-5,-13,-5,-13,-6,-13,-6,-13,-7,-13,-7,-13,-7,-13,-7,-14,-7,-14,-6,-14,-6,-14,-5,-14,-5,-14,-4,-14,-3,-14,-3,-13,-2,-13,0,0,0,0,0,0,0,0,0,0,0,0,0,0,0,0,0,0,0,0,0,0,-1,-9,-1,-10,0,-10,0,-11,1,-11,1,-12,2,-12,2,-12,3,-12,3,-12,4,-12,4,-11,4,-12,3,-11,3,-12,2,-11,2,-12,1,-12,1,-12,1,-13,0,-13,0,-13,0,-14,0,-14,-1,-14,-1,-14]"
2025-08-18 22:35:06.938910,CSI_DATA,1795,1a:00:00:00:00:00,-42,11,0,0,0,0,0,0,0,0,0,-94,0,1,0,306181090,0,31,0,128,0,"[0,0,-12,8,-12,8,-12,8,-12,9,-11,9,-11,9,-11,9,-10,10,-10,10,-9,10,-9,11,-8,11,-8,12,-8,12,-8,12,-9,12,-9,12,-9,12,-10,12,-10,12,-10,11,-11,10,-11,10,-11,9,-11,8,-12,7,0,0,0,0,0,0,0,0,0,0,0,0,0,0,0,0,0,0,0,0,0,0,-8,6,-8,6,-9,5,-10,5,-10,5,-11,5,-12,4,-12,4,-12,3,-12,3,-12,3,-12,3,-12,3,-12,3,-12,3,-12,3,-12,4,-12,5,-12,5,-12,6,-12,6,-12,7,-12,7,-12,8,-12,8,-12,8]"
2025-08-18 22:35:07.129418,CSI_DATA,1796,1a:00:00:00:00:00,-42,11,0,0,0,0,0,0,0,0,0,-94,0,1,0,306382283,0,31,0,128,0,"[0,0,7,-13,6,-13,6,-13,6,-13,6,-13,5,-13,5,-13,4,-13,4,-13,3,-13,3,-14,2,-14,2,-14,2,-14,2,-15,2,-15,2,-15,2,-15,3,-15,4,-15,4,-14,5,-14,5,-13,6,-13,6,-12,7,-12,0,0,0,0,0,0,0,0,0,0,0,0,0,0,0,0,0,0,0,0,0,0,4,-9,4,-9,5,-9,6,-9,7,-9,7,-9,8,-9,8,-9,9,-8,9,-8,9,-8,9,-8,9,-8,9,-8,9,-8,8,-8,8,-9,8,-9,8,-10,8,-10,7,-11,7,-11,7,-12,7,-12,7,-12,7,-12]"
2025-08-18 22:35:07.336589,CSI_DATA,1797,1a:00:00:00:00:00,-42,11,0,0,0,0,0,0,0,0,0,-94,0,1,0,306583422,0,31,0,128,0,"[0,0,-12,-9,-12,-9,-12,-9,-12,-8,-12,-8,-12,-8,-12,-7,-12,-6,-12,-6,-13,-5,-13,-5,-13,-5,-14,-4,-14,-4,-14,-4,-14,-4,-14,-4,-14,-5,-15,-5,-14,-6,-14,-6,-13,-7,-13,-7,-12,-7,-11,-8,-11,-8,0,0,0,0,0,0,0,0,0,0,0,0,0,0,0,0,0,0,0,0,0,0,-8,-6,-8,-6,-8,-7,-8,-8,-8,-8,-8,-9,-7,-9,-7,-10,-7,-10,-7,-10,-7,-10,-6,-11,-7,-10,-7,-10,-7,-10,-7,-10,-8,-10,-8,-9,-8,-9,-9,-9,-9,-9,-10,-9,-11,-9,-11,-9,-11,-9,-11,-9]"
2025-08-18 22:35:07.735077,CSI_DATA,1798,1a:00:00:00:00:00,-42,11,0,0,0,0,0,0,0,0,0,-94,0,1,0,306784797,0,31,0,128,0,"[0,0,-11,-11,-12,-10,-11,-10,-12,-10,-12,-10,-12,-9,-12,-9,-12,-8,-13,-8,-13,-7,-13,-6,-13,-6,-14,-6,-14,-6,-14,-6,-14,-6,-15,-6,-15,-6,-15,-7,-15,-7,-14,-8,-13,-8,-13,-9,-12,-9,-11,-9,-11,-10,0,0,0,0,0,0,0,0,0,0,0,0,0,0,0,0,0,0,0,0,0,0,-8,-7,-8,-7,-8,-8,-8,-9,-7,-9,-7,-10,-7,-11,-7,-11,-6,-12,-6,-12,-6,-12,-6,-12,-6,-12,-6,-11,-6,-11,-6,-11,-7,-11,-8,-11,-8,-11,-9,-11,-9,-10,-9,-11,-10,-11,-11,-10,-11,-11,-11,-11]"
2025-08-18 22:35:07.740276,CSI_DATA,1799,1a:00:00:00:00:00,-42,11,0,0,0,0,0,0,0,0,0,-94,0,1,0,306986373,0,31,0,128,0,"[0,0,9,-12,8,-11,9,-12,8,-11,8,-12,7,-12,7,-12,6,-12,6,-12,5,-12,5,-13,4,-13,4,-13,4,-14,4,-14,4,-15,4,-14,5,-15,5,-14,6,-14,6,-14,6,-13,7,-12,7,-12,8,-11,8,-10,0,0,0,0,0,0,0,0,0,0,0,0,0,0,0,0,0,0,0,0,0,0,5,-8,6,-8,6,-8,7,-8,7,-8,8,-8,9,-7,9,-7,10,-7,10,-6,10,-6,10,-6,10,-6,10,-6,10,-7,9,-7,9,-7,9,-8,9,-9,9,-9,9,-9,9,-10,8,-10,9,-11,9,-11,9,-12]"
2025-08-18 22:35:07.940144,CSI_DATA,1800,1a:00:00:00:00:00,-42,11,0,0,0,0,0,0,0,0,0,-94,0,1,0,307187018,0,31,0,128,0,"[0,0,-11,-9,-11,-9,-11,-9,-11,-9,-12,-8,-12,-8,-12,-8,-12,-7,-12,-6,-12,-6,-13,-6,-13,-5,-13,-5,-13,-5,-14,-5,-14,-5,-14,-5,-14,-5,-14,-6,-14,-6,-14,-7,-13,-7,-12,-8,-12,-8,-11,-8,-10,-9,0,0,0,0,0,0,0,0,0,0,0,0,0,0,0,0,0,0,0,0,0,0,-8,-6,-8,-7,-8,-7,-7,-8,-8,-8,-8,-9,-7,-10,-7,-10,-7,-10,-6,-11,-6,-11,-6,-11,-6,-11,-6,-10,-6,-10,-7,-10,-7,-10,-8,-10,-8,-10,-9,-10,-9,-9,-9,-10,-10,-9,-10,-10,-11,-9,-11,-9]"
2025-08-18 22:35:08.141507,CSI_DATA,1801,1a:00:00:00:00:00,-42,11,0,0,0,0,0,0,0,0,0,-94,0,1,0,307388319,0,31,0,128,0,"[0,0,-14,-4,-14,-4,-14,-4,-14,-4,-14,-3,-14,-2,-14,-2,-14,-2,-14,-1,-14,-1,-14,-1,-14,0,-14,0,-14,1,-14,1,-14,1,-15,1,-15,0,-15,0,-15,-1,-15,-1,-15,-2,-14,-3,-14,-3,-13,-4,-13,-5,0,0,0,0,0,0,0,0,0,0,0,0,0,0,0,0,0,0,0,0,0,0,-10,-2,-10,-2,-10,-3,-10,-4,-11,-5,-11,-5,-11,-6,-11,-6,-10,-7,-10,-7,-10,-7,-10,-7,-10,-7,-10,-7,-10,-7,-10,-6,-11,-6,-11,-6,-11,-6,-12,-5,-12,-5,-12,-5,-13,-5,-13,-4,-13,-4,-14,-4]"
2025-08-18 22:35:08.357178,CSI_DATA,1802,1a:00:00:00:00:00,-42,11,0,0,0,0,0,0,0,0,0,-94,0,1,0,307589401,0,31,0,128,0,"[0,0,-5,-14,-6,-14,-6,-14,-6,-14,-6,-14,-6,-13,-7,-13,-7,-13,-8,-12,-8,-12,-8,-12,-9,-11,-9,-12,-10,-12,-10,-11,-10,-12,-10,-12,-10,-12,-10,-13,-9,-13,-8,-13,-8,-13,-7,-13,-6,-13,-5,-13,-4,-13,0,0,0,0,0,0,0,0,0,0,0,0,0,0,0,0,0,0,0,0,0,0,-4,-9,-4,-10,-4,-10,-3,-11,-3,-11,-2,-12,-2,-12,-1,-13,-1,-13,0,-13,0,-13,0,-12,0,-13,0,-13,-1,-13,-1,-12,-2,-12,-2,-12,-2,-13,-3,-13,-3,-13,-4,-13,-4,-13,-4,-14,-4,-14,-5,-14]"
2025-08-18 22:35:08.469742,CSI_DATA,1803,1a:00:00:00:00:00,-42,11,0,0,0,0,0,0,0,0,0,-94,0,1,0,307650206,0,42,0,128,0,"[0,0,9,10,9,9,9,9,10,9,10,8,10,8,10,8,10,7,10,7,11,6,11,6,11,5,12,5,12,5,12,5,12,5,13,6,13,6,13,6,12,7,12,7,11,8,11,8,10,8,9,8,8,9,0,0,0,0,0,0,0,0,0,0,0,0,0,0,0,0,0,0,0,0,0,0,7,5,6,6,6,7,6,7,6,8,6,9,5,9,5,10,5,10,5,10,4,10,4,10,4,10,5,10,5,10,5,10,5,10,6,9,6,9,7,9,7,9,8,9,8,9,9,9,9,10,9,9]"
2025-08-18 22:35:08.475981,CSI_DATA,1804,1a:00:00:00:00:00,-42,11,0,0,0,0,0,0,0,0,0,-94,0,1,0,307716677,0,31,0,128,0,"[0,0,-9,-12,-9,-12,-9,-12,-9,-11,-9,-11,-9,-10,-10,-10,-10,-10,-10,-9,-10,-9,-11,-9,-11,-9,-12,-8,-12,-8,-12,-8,-12,-8,-12,-9,-12,-9,-12,-9,-12,-10,-12,-10,-11,-11,-10,-11,-9,-11,-8,-11,-7,-11,0,0,0,0,0,0,0,0,0,0,0,0,0,0,0,0,0,0,0,0,0,0,-7,-7,-7,-8,-6,-9,-6,-9,-6,-10,-5,-11,-5,-11,-5,-11,-4,-12,-4,-12,-4,-12,-4,-12,-4,-12,-4,-12,-4,-12,-4,-11,-5,-11,-5,-11,-6,-11,-6,-11,-7,-11,-7,-12,-8,-11,-8,-12,-8,-12,-9,-12]"
2025-08-18 22:35:08.680430,CSI_DATA,1805,1a:00:00:00:00:00,-42,11,0,0,0,0,0,0,0,0,0,-94,0,1,0,307917892,0,31,0,128,0,"[0,0,4,-14,3,-15,3,-14,3,-14,3,-15,3,-14,2,-14,2,-14,1,-14,0,-14,0,-15,-1,-14,-1,-15,-1,-15,-1,-15,-1,-15,-1,-16,0,-16,0,-16,1,-16,2,-15,2,-15,2,-15,3,-14,3,-13,4,-13,0,0,0,0,0,0,0,0,0,0,0,0,0,0,0,0,0,0,0,0,0,0,1,-10,2,-10,3,-11,3,-11,4,-11,4,-11,5,-11,6,-11,7,-11,7,-11,7,-11,7,-11,6,-11,6,-11,6,-11,6,-11,6,-11,5,-12,5,-12,5,-12,5,-13,5,-13,4,-13,4,-14,4,-14,4,-14]"
2025-08-18 22:35:08.860764,CSI_DATA,1806,1a:00:00:00:00:00,-42,11,0,0,0,0,0,0,0,0,0,-94,0,1,0,308119031,0,31,0,128,0,"[0,0,12,7,12,7,12,6,13,6,13,6,12,6,12,5,13,4,13,4,13,3,13,3,13,2,13,2,14,2,14,2,14,2,15,2,15,2,15,3,15,3,14,4,14,4,13,5,13,5,12,6,11,6,0,0,0,0,0,0,0,0,0,0,0,0,0,0,0,0,0,0,0,0,0,0,8,4,8,5,8,5,8,6,8,7,8,7,8,8,8,8,8,9,7,9,7,10,7,10,7,9,7,9,7,9,8,9,8,8,9,8,9,8,10,8,10,8,11,8,11,7,12,8,12,7,12,7]"
2025-08-18 22:35:09.073432,CSI_DATA,1807,1a:00:00:00:00:00,-42,11,0,0,0,0,0,0,0,0,0,-94,0,1,0,308320236,0,31,0,128,0,"[0,0,-4,-14,-5,-14,-5,-14,-5,-14,-5,-13,-5,-13,-6,-13,-6,-13,-6,-12,-7,-12,-8,-12,-8,-11,-8,-11,-9,-12,-9,-12,-9,-12,-9,-13,-9,-13,-8,-13,-8,-13,-7,-13,-7,-14,-6,-14,-5,-13,-5,-13,-4,-13,0,0,0,0,0,0,0,0,0,0,0,0,0,0,0,0,0,0,0,0,0,0,-4,-9,-4,-10,-3,-10,-2,-11,-2,-11,-2,-12,-1,-12,-1,-12,0,-12,0,-12,0,-12,0,-12,0,-12,0,-12,0,-12,0,-12,-1,-12,-1,-12,-2,-12,-2,-13,-2,-13,-3,-14,-4,-14,-4,-14,-4,-14,-4,-14]"
2025-08-18 22:35:09.276488,CSI_DATA,1808,1a:00:00:00:00:00,-42,11,0,0,0,0,0,0,0,0,0,-94,0,1,0,308521398,0,31,0,128,0,"[0,0,-8,-13,-8,-13,-8,-13,-8,-12,-9,-12,-8,-12,-9,-12,-9,-11,-9,-11,-10,-10,-11,-10,-11,-9,-11,-9,-12,-10,-12,-9,-12,-10,-12,-10,-12,-10,-12,-11,-11,-11,-11,-11,-10,-12,-9,-11,-9,-11,-8,-11,-7,-12,0,0,0,0,0,0,0,0,0,0,0,0,0,0,0,0,0,0,0,0,0,0,-5,-8,-5,-9,-5,-10,-5,-11,-4,-11,-4,-12,-3,-12,-3,-12,-2,-13,-2,-12,-2,-12,-2,-13,-2,-12,-2,-12,-3,-13,-3,-12,-3,-13,-4,-12,-5,-13,-4,-12,-6,-12,-5,-13,-7,-13,-7,-13,-7,-13,-8,-13]"
2025-08-18 22:35:09.471514,CSI_DATA,1809,1a:00:00:00:00:00,-42,11,0,0,0,0,0,0,0,0,0,-94,0,1,0,308722519,0,31,0,128,0,"[0,0,4,-14,3,-14,4,-14,3,-14,3,-14,3,-14,2,-14,2,-14,1,-13,0,-13,0,-14,0,-14,-1,-14,-1,-14,-1,-14,-1,-15,0,-15,0,-15,0,-15,1,-15,1,-15,2,-14,2,-14,3,-14,4,-13,4,-13,0,0,0,0,0,0,0,0,0,0,0,0,0,0,0,0,0,0,0,0,0,0,1,-9,2,-10,3,-10,4,-10,4,-10,5,-11,5,-11,6,-11,6,-10,6,-10,7,-10,7,-10,7,-10,7,-10,6,-10,6,-10,6,-10,5,-11,5,-11,5,-12,5,-12,4,-12,4,-13,4,-13,4,-13,4,-14]"
2025-08-18 22:35:09.674851,CSI_DATA,1810,1a:00:00:00:00:00,-42,11,0,0,0,0,0,0,0,0,0,-94,0,1,0,308923670,0,31,0,128,0,"[0,0,4,-14,3,-14,3,-14,3,-14,2,-14,2,-14,2,-14,1,-14,1,-13,0,-13,-1,-14,-1,-14,-2,-14,-2,-15,-2,-14,-2,-15,-2,-15,-1,-15,-1,-15,0,-15,0,-15,1,-15,1,-14,1,-14,2,-13,3,-13,0,0,0,0,0,0,0,0,0,0,0,0,0,0,0,0,0,0,0,0,0,0,1,-9,2,-10,3,-10,4,-10,4,-10,5,-10,6,-10,6,-10,7,-10,6,-10,6,-10,7,-10,6,-10,6,-10,6,-10,6,-10,5,-11,5,-11,5,-12,5,-12,5,-12,4,-12,4,-13,4,-13,4,-14,4,-14]"
2025-08-18 22:35:09.893538,CSI_DATA,1811,1a:00:00:00:00:00,-42,11,0,0,0,0,0,0,0,0,0,-94,0,1,0,309125020,0,31,0,128,0,"[0,0,-12,-9,-13,-9,-13,-9,-13,-8,-13,-8,-13,-8,-13,-7,-13,-7,-13,-6,-14,-6,-14,-5,-14,-5,-14,-5,-14,-4,-15,-4,-15,-4,-15,-5,-15,-5,-16,-5,-15,-6,-15,-6,-14,-7,-14,-7,-13,-8,-12,-8,-12,-8,0,0,0,0,0,0,0,0,0,0,0,0,0,0,0,0,0,0,0,0,0,0,-9,-6,-9,-6,-9,-7,-8,-8,-9,-9,-8,-9,-8,-10,-8,-10,-8,-11,-7,-11,-7,-11,-7,-11,-7,-11,-7,-11,-8,-10,-8,-11,-8,-10,-9,-10,-9,-10,-10,-10,-10,-9,-11,-10,-11,-9,-11,-9,-12,-9,-12,-9]"
2025-08-18 22:35:09.936911,CSI_DATA,1812,1a:00:00:00:00:00,-42,11,0,0,0,0,0,0,0,0,0,-94,0,1,0,309185667,0,42,0,128,0,"[0,0,0,-15,0,-15,0,-15,-1,-15,-1,-15,-2,-15,-2,-15,-3,-14,-3,-14,-3,-14,-4,-14,-4,-14,-4,-14,-5,-14,-5,-15,-5,-15,-5,-15,-5,-15,-5,-16,-4,-16,-4,-16,-3,-15,-2,-15,-1,-15,0,-14,1,-14,0,0,0,0,0,0,0,0,0,0,0,0,0,0,0,0,0,0,0,0,0,0,-1,-10,0,-11,1,-11,1,-11,2,-12,2,-12,3,-12,3,-12,4,-12,4,-12,5,-12,5,-12,5,-12,4,-12,4,-12,4,-12,3,-12,3,-13,2,-13,2,-13,1,-14,1,-14,1,-15,1,-15,1,-15,1,-15]"
2025-08-18 22:35:10.002212,CSI_DATA,1813,1a:00:00:00:00:00,-42,11,0,0,0,0,0,0,0,0,0,-94,0,1,0,309252997,0,31,0,128,0,"[0,0,0,13,0,14,0,13,1,13,1,13,1,13,2,12,2,12,3,12,3,12,4,12,4,12,5,12,5,12,6,13,5,12,5,13,5,13,5,13,4,13,3,13,3,13,2,13,1,13,1,12,0,12,0,0,0,0,0,0,0,0,0,0,0,0,0,0,0,0,0,0,0,0,0,0,1,9,0,9,-1,10,-1,9,-1,10,-2,10,-3,11,-3,11,-4,11,-4,11,-5,11,-5,11,-4,11,-4,11,-4,10,-3,11,-3,10,-2,11,-2,11,-2,12,-2,12,-1,12,-1,13,0,13,0,13,0,13]"
2025-08-18 22:35:10.202976,CSI_DATA,1814,1a:00:00:00:00:00,-42,11,0,0,0,0,0,0,0,0,0,-94,0,1,0,309454067,0,31,0,128,0,"[0,0,-11,11,-10,10,-10,11,-10,11,-9,11,-9,11,-9,11,-8,11,-8,11,-7,12,-7,12,-6,12,-6,13,-6,13,-6,13,-6,14,-6,14,-7,14,-7,13,-8,13,-8,13,-8,12,-9,11,-9,11,-9,10,-10,9,0,0,0,0,0,0,0,0,0,0,0,0,0,0,0,0,0,0,0,0,0,0,-6,7,-7,7,-8,7,-9,7,-9,7,-10,6,-11,6,-11,6,-12,5,-11,5,-12,5,-12,5,-12,5,-11,5,-11,5,-11,6,-11,6,-11,7,-11,7,-11,8,-11,8,-11,8,-11,9,-11,10,-11,10,-11,10]"
2025-08-18 22:35:10.402369,CSI_DATA,1815,1a:00:00:00:00:00,-42,11,0,0,0,0,0,0,0,0,0,-94,0,1,0,309655254,0,31,0,128,0,"[0,0,-6,12,-6,12,-6,12,-5,12,-5,12,-5,12,-4,12,-4,12,-3,12,-3,12,-2,12,-2,12,-2,13,-1,13,-1,13,-1,13,-2,14,-2,14,-3,14,-3,13,-4,13,-4,13,-5,12,-5,12,-5,11,-6,11,0,0,0,0,0,0,0,0,0,0,0,0,0,0,0,0,0,0,0,0,0,0,-3,8,-4,8,-5,8,-5,9,-6,9,-6,9,-7,8,-8,8,-8,8,-8,8,-8,8,-8,8,-8,8,-8,8,-8,8,-8,8,-8,8,-7,9,-7,9,-7,10,-7,10,-7,11,-6,11,-6,12,-6,12,-6,12]"
2025-08-18 22:35:10.610660,CSI_DATA,1816,1a:00:00:00:00:00,-42,11,0,0,0,0,0,0,0,0,0,-94,0,1,0,309856396,0,31,0,128,0,"[0,0,-9,-11,-10,-11,-9,-11,-10,-11,-10,-11,-10,-10,-10,-10,-10,-9,-11,-9,-11,-8,-11,-8,-12,-8,-12,-8,-12,-7,-13,-7,-13,-8,-13,-8,-13,-8,-13,-8,-13,-9,-12,-9,-11,-10,-11,-10,-10,-10,-9,-10,-9,-11,0,0,0,0,0,0,0,0,0,0,0,0,0,0,0,0,0,0,0,0,0,0,-7,-7,-7,-8,-6,-9,-6,-9,-6,-10,-5,-11,-5,-11,-5,-11,-5,-12,-4,-12,-4,-12,-4,-12,-4,-12,-4,-12,-4,-11,-5,-11,-5,-11,-6,-11,-6,-11,-7,-11,-7,-11,-8,-11,-8,-11,-8,-11,-8,-12,-9,-12]"
2025-08-18 22:35:10.799563,CSI_DATA,1817,1a:00:00:00:00:00,-42,11,0,0,0,0,0,0,0,0,0,-94,0,1,0,310057547,0,31,0,128,0,"[0,0,11,7,11,7,11,7,12,6,12,6,11,6,11,5,12,5,12,4,12,4,12,3,12,3,13,2,13,3,13,2,14,2,14,3,14,3,14,3,13,4,13,5,13,5,12,5,11,6,11,6,10,7,0,0,0,0,0,0,0,0,0,0,0,0,0,0,0,0,0,0,0,0,0,0,8,4,8,4,8,5,8,6,8,6,8,7,7,8,7,8,7,9,7,9,6,9,6,9,7,9,7,9,7,9,7,8,8,8,8,8,8,8,9,8,9,7,10,7,10,7,11,7,11,7,12,7]"
2025-08-18 22:35:11.068825,CSI_DATA,1818,1a:00:00:00:00:00,-42,11,0,0,0,0,0,0,0,0,0,-94,0,1,0,310258912,0,31,0,128,0,"[0,0,12,6,12,6,12,5,12,5,12,5,12,5,12,4,12,4,12,3,12,2,12,2,13,2,13,2,13,1,13,1,14,1,14,2,14,2,14,2,14,3,13,4,13,4,12,5,12,5,11,5,11,6,0,0,0,0,0,0,0,0,0,0,0,0,0,0,0,0,0,0,0,0,0,0,8,3,8,3,8,4,9,5,9,5,9,6,9,7,8,7,8,8,8,8,8,8,7,8,7,8,7,8,8,8,8,7,8,7,9,7,9,7,10,6,10,7,10,6,11,6,11,6,11,6,12,6]"
2025-08-18 22:35:11.214111,CSI_DATA,1819,1a:00:00:00:00:00,-42,11,0,0,0,0,0,0,0,0,0,-94,0,1,0,310460037,0,31,0,128,0,"[0,0,-13,-7,-13,-6,-13,-6,-13,-6,-13,-6,-13,-5,-13,-5,-13,-4,-13,-4,-13,-3,-14,-3,-14,-2,-14,-2,-14,-2,-15,-2,-15,-2,-15,-2,-15,-2,-15,-3,-15,-3,-15,-4,-14,-4,-14,-5,-13,-5,-12,-6,-12,-6,0,0,0,0,0,0,0,0,0,0,0,0,0,0,0,0,0,0,0,0,0,0,-9,-4,-9,-5,-9,-5,-9,-6,-9,-7,-9,-8,-9,-8,-9,-9,-9,-9,-8,-9,-8,-9,-8,-9,-8,-9,-8,-9,-9,-9,-9,-9,-9,-8,-10,-8,-10,-8,-11,-8,-11,-7,-11,-7,-12,-7,-12,-7,-13,-7,-13,-7]"
2025-08-18 22:35:11.408494,CSI_DATA,1820,1a:00:00:00:00:00,-42,11,0,0,0,0,0,0,0,0,0,-94,0,1,0,310661179,0,31,0,128,0,"[0,0,-5,14,-5,13,-5,14,-4,13,-4,14,-4,13,-3,13,-2,14,-2,13,-1,13,-1,14,0,13,0,14,1,14,1,14,1,15,0,15,0,15,-1,15,-1,15,-2,15,-3,14,-3,14,-4,13,-4,13,-5,12,0,0,0,0,0,0,0,0,0,0,0,0,0,0,0,0,0,0,0,0,0,0,-2,9,-3,10,-4,9,-4,10,-5,10,-6,10,-7,10,-7,10,-8,10,-8,10,-8,10,-8,9,-8,10,-8,9,-8,10,-7,10,-7,10,-6,10,-6,11,-6,11,-6,12,-6,12,-5,13,-5,13,-5,14,-5,14]"
2025-08-18 22:35:11.469275,CSI_DATA,1821,1a:00:00:00:00:00,-42,11,0,0,0,0,0,0,0,0,0,-94,0,1,0,310721986,0,42,0,128,0,"[0,0,-2,14,-2,14,-1,14,-1,14,-1,14,-1,13,0,13,0,13,1,13,2,13,2,13,3,13,3,13,3,13,3,13,3,14,3,14,3,14,2,14,2,14,1,14,0,14,0,14,-1,13,-1,13,-2,13,0,0,0,0,0,0,0,0,0,0,0,0,0,0,0,0,0,0,0,0,0,0,0,9,-1,9,-2,10,-2,10,-3,10,-4,11,-4,11,-5,11,-5,11,-5,10,-5,11,-5,10,-5,11,-5,11,-5,11,-5,10,-4,11,-4,11,-4,12,-4,12,-3,12,-3,13,-3,13,-2,13,-2,14,-2,14]"
2025-08-18 22:35:11.544025,CSI_DATA,1822,1a:00:00:00:00:00,-42,11,0,0,0,0,0,0,0,0,0,-94,0,1,0,310788673,0,31,0,128,0,"[0,0,-14,-4,-14,-3,-14,-3,-14,-3,-14,-3,-14,-2,-14,-2,-14,-1,-13,-1,-13,0,-14,0,-14,1,-14,1,-14,1,-14,1,-15,1,-15,1,-15,1,-15,0,-15,0,-15,-1,-15,-2,-14,-2,-14,-3,-13,-3,-13,-4,0,0,0,0,0,0,0,0,0,0,0,0,0,0,0,0,0,0,0,0,0,0,-10,-1,-10,-2,-10,-2,-11,-3,-11,-4,-11,-4,-11,-5,-11,-6,-11,-6,-10,-6,-11,-6,-11,-7,-11,-6,-11,-6,-11,-6,-10,-6,-11,-6,-11,-5,-12,-5,-12,-5,-12,-4,-13,-4,-13,-4,-14,-4,-14,-3,-14,-3]"
2025-08-18 22:35:11.736578,CSI_DATA,1823,1a:00:00:00:00:00,-42,11,0,0,0,0,0,0,0,0,0,-94,0,1,0,310989760,0,31,0,128,0,"[0,0,-3,14,-3,13,-2,13,-2,13,-1,13,-2,13,-2,13,-1,13,0,12,1,13,1,12,2,12,2,12,2,13,3,13,3,13,2,14,2,14,1,14,1,14,0,14,-1,14,-1,13,-1,13,-2,13,-3,12,0,0,0,0,0,0,0,0,0,0,0,0,0,0,0,0,0,0,0,0,0,0,-1,9,-2,9,-3,9,-3,9,-4,10,-4,10,-5,10,-6,10,-6,10,-6,10,-6,10,-6,10,-6,10,-6,10,-6,10,-6,10,-5,10,-5,10,-5,11,-5,11,-4,11,-4,12,-4,12,-3,13,-3,13,-3,13]"
2025-08-18 22:35:11.942139,CSI_DATA,1824,1a:00:00:00:00:00,-42,11,0,0,0,0,0,0,0,0,0,-94,0,1,0,311190902,0,31,0,128,0,"[0,0,0,-14,0,-14,0,-14,-1,-14,-1,-14,-1,-14,-2,-14,-2,-14,-3,-13,-3,-13,-3,-13,-4,-13,-4,-13,-4,-14,-5,-14,-5,-14,-5,-15,-4,-15,-4,-15,-4,-15,-3,-15,-2,-15,-1,-14,-1,-14,0,-13,1,-13,0,0,0,0,0,0,0,0,0,0,0,0,0,0,0,0,0,0,0,0,0,0,-1,-10,-1,-10,0,-11,1,-11,1,-11,2,-11,3,-11,3,-12,3,-12,4,-12,4,-12,4,-11,4,-11,4,-11,3,-11,3,-11,3,-12,2,-12,2,-12,2,-13,1,-13,1,-13,0,-14,1,-14,0,-14,0,-14]"
2025-08-18 22:35:12.145489,CSI_DATA,1825,1a:00:00:00:00:00,-42,11,0,0,0,0,0,0,0,0,0,-94,0,1,0,311392285,0,31,0,128,0,"[0,0,-3,-14,-4,-14,-4,-14,-4,-14,-4,-14,-5,-13,-5,-13,-5,-13,-6,-12,-6,-12,-7,-12,-7,-12,-8,-12,-8,-12,-8,-12,-8,-13,-8,-13,-8,-13,-7,-14,-7,-13,-6,-14,-5,-14,-5,-14,-4,-14,-4,-13,-3,-13,0,0,0,0,0,0,0,0,0,0,0,0,0,0,0,0,0,0,0,0,0,0,-4,-9,-3,-10,-3,-10,-2,-11,-2,-11,-1,-12,-1,-12,0,-12,0,-12,1,-12,1,-12,1,-12,1,-12,0,-12,0,-12,0,-12,-1,-12,-1,-12,-1,-13,-1,-13,-2,-13,-2,-13,-3,-14,-3,-14,-4,-14,-4,-14]"
2025-08-18 22:35:12.340053,CSI_DATA,1826,1a:00:00:00:00:00,-42,11,0,0,0,0,0,0,0,0,0,-94,0,1,0,311593359,0,31,0,128,0,"[0,0,-7,12,-7,12,-6,12,-6,12,-6,12,-5,12,-5,12,-4,12,-4,12,-3,12,-3,12,-2,13,-2,13,-2,13,-2,13,-2,14,-2,14,-2,14,-3,14,-4,14,-4,13,-4,13,-5,13,-5,12,-6,12,-6,11,0,0,0,0,0,0,0,0,0,0,0,0,0,0,0,0,0,0,0,0,0,0,-4,8,-5,8,-5,8,-6,8,-7,8,-7,8,-8,8,-9,8,-9,8,-9,7,-9,7,-9,7,-9,8,-9,8,-9,8,-8,8,-8,8,-8,8,-8,9,-8,9,-8,10,-7,10,-7,11,-7,12,-7,12,-7,12]"
2025-08-18 22:35:12.541837,CSI_DATA,1827,1a:00:00:00:00:00,-42,11,0,0,0,0,0,0,0,0,0,-94,0,1,0,311794508,0,31,0,128,0,"[0,0,-4,13,-4,13,-3,13,-3,13,-3,13,-2,13,-2,13,-1,13,-1,13,0,13,0,12,1,13,1,13,1,13,1,13,1,13,1,14,1,14,0,14,0,14,-1,14,-2,14,-2,13,-3,13,-3,12,-4,12,0,0,0,0,0,0,0,0,0,0,0,0,0,0,0,0,0,0,0,0,0,0,-2,9,-2,9,-3,9,-4,9,-4,10,-5,10,-6,10,-6,10,-6,10,-7,9,-7,9,-7,9,-7,10,-7,10,-6,10,-6,10,-6,10,-5,10,-5,11,-5,11,-5,11,-4,12,-4,12,-4,13,-4,13,-3,13]"
2025-08-18 22:35:12.753142,CSI_DATA,1828,1a:00:00:00:00:00,-42,11,0,0,0,0,0,0,0,0,0,-94,0,1,0,311995691,0,31,0,128,0,"[0,0,-8,-12,-8,-12,-8,-12,-8,-12,-8,-12,-9,-11,-9,-11,-9,-10,-10,-10,-10,-10,-10,-10,-10,-9,-11,-9,-11,-9,-12,-9,-12,-9,-12,-10,-12,-10,-12,-10,-11,-10,-11,-11,-10,-11,-9,-11,-8,-12,-8,-11,-7,-12,0,0,0,0,0,0,0,0,0,0,0,0,0,0,0,0,0,0,0,0,0,0,-6,-8,-6,-8,-5,-9,-5,-10,-5,-10,-4,-11,-4,-12,-4,-12,-3,-12,-3,-12,-2,-12,-2,-12,-2,-12,-3,-12,-3,-12,-4,-12,-4,-11,-4,-12,-5,-12,-5,-12,-6,-12,-7,-12,-7,-12,-7,-12,-7,-12,-7,-12]"
2025-08-18 22:35:12.949042,CSI_DATA,1829,1a:00:00:00:00:00,-42,11,0,0,0,0,0,0,0,0,0,-94,0,1,0,312196839,0,31,0,128,0,"[0,0,-14,-3,-14,-3,-14,-2,-14,-2,-14,-2,-14,-1,-14,-1,-14,-1,-14,0,-13,1,-14,1,-13,2,-14,2,-14,2,-14,3,-14,3,-15,3,-15,2,-15,2,-15,1,-15,1,-14,0,-14,-1,-14,-1,-14,-2,-13,-3,0,0,0,0,0,0,0,0,0,0,0,0,0,0,0,0,0,0,0,0,0,0,-10,-2,-10,-2,-10,-3,-10,-4,-11,-4,-11,-5,-11,-5,-11,-6,-11,-6,-11,-7,-11,-7,-10,-7,-10,-7,-10,-6,-11,-6,-11,-6,-11,-6,-11,-5,-12,-5,-12,-5,-13,-4,-13,-4,-13,-3,-14,-3,-14,-3,-14,-3]"
2025-08-18 22:35:13.005611,CSI_DATA,1830,1a:00:00:00:00:00,-42,11,0,0,0,0,0,0,0,0,0,-94,0,1,0,312257633,0,42,0,128,0,"[0,0,-4,14,-3,14,-3,14,-3,14,-2,14,-2,14,-1,14,-1,13,0,13,0,13,1,13,1,13,1,14,2,14,2,14,2,14,2,15,2,15,1,15,1,15,0,15,-1,14,-2,14,-2,14,-3,13,-4,12,0,0,0,0,0,0,0,0,0,0,0,0,0,0,0,0,0,0,0,0,0,0,-1,9,-2,9,-3,10,-3,10,-4,10,-5,10,-5,11,-6,11,-6,11,-7,11,-7,10,-7,10,-7,10,-7,10,-6,10,-6,11,-6,11,-5,11,-5,11,-4,12,-4,12,-4,13,-4,13,-4,13,-4,14,-3,14]"
2025-08-18 22:35:13.084015,CSI_DATA,1831,1a:00:00:00:00:00,-42,11,0,0,0,0,0,0,0,0,0,-94,0,1,0,312326066,0,31,0,128,0,"[0,0,-4,-14,-5,-14,-5,-14,-5,-13,-6,-13,-6,-13,-6,-13,-6,-12,-7,-12,-7,-11,-8,-11,-8,-11,-8,-11,-9,-11,-9,-11,-9,-12,-9,-12,-9,-12,-9,-12,-9,-13,-8,-13,-7,-13,-7,-13,-6,-13,-5,-13,-4,-13,0,0,0,0,0,0,0,0,0,0,0,0,0,0,0,0,0,0,0,0,0,0,-4,-9,-3,-10,-3,-10,-2,-11,-2,-11,-1,-12,-1,-12,-1,-12,0,-12,0,-12,1,-12,1,-12,1,-12,0,-12,0,-12,0,-12,-1,-12,-1,-12,-2,-13,-2,-13,-3,-13,-3,-13,-4,-13,-4,-14,-4,-13,-4,-14]"
2025-08-18 22:35:13.276491,CSI_DATA,1832,1a:00:00:00:00:00,-42,11,0,0,0,0,0,0,0,0,0,-94,0,1,0,312525950,0,31,0,128,0,"[0,0,2,-14,2,-14,1,-14,1,-14,1,-14,1,-14,0,-14,0,-14,-1,-13,-1,-13,-2,-13,-2,-14,-3,-14,-3,-14,-3,-14,-3,-14,-3,-15,-3,-15,-2,-15,-2,-15,-1,-15,0,-15,0,-14,1,-14,1,-13,2,-13,0,0,0,0,0,0,0,0,0,0,0,0,0,0,0,0,0,0,0,0,0,0,0,-10,1,-10,1,-10,2,-10,3,-11,3,-11,4,-11,5,-11,5,-11,5,-11,5,-11,6,-10,5,-11,5,-11,5,-11,5,-11,4,-11,4,-12,4,-12,3,-12,3,-12,3,-13,3,-13,2,-13,2,-14,2,-14]"
2025-08-18 22:35:13.477016,CSI_DATA,1833,1a:00:00:00:00:00,-42,11,0,0,0,0,0,0,0,0,0,-94,0,1,0,312727097,0,31,0,128,0,"[0,0,4,-14,3,-14,3,-14,3,-14,2,-14,2,-14,1,-14,1,-14,0,-13,0,-14,0,-13,-1,-14,-1,-14,-2,-14,-2,-15,-2,-15,-2,-15,-1,-15,-1,-15,0,-15,0,-15,0,-15,1,-14,2,-14,3,-13,3,-13,0,0,0,0,0,0,0,0,0,0,0,0,0,0,0,0,0,0,0,0,0,0,2,-9,2,-10,3,-10,4,-10,4,-10,5,-10,5,-10,6,-10,6,-10,7,-10,7,-10,7,-10,7,-10,7,-10,6,-10,6,-10,6,-11,5,-11,5,-11,5,-12,5,-12,4,-12,4,-13,4,-13,4,-14,4,-14]"
2025-08-18 22:35:13.672958,CSI_DATA,1834,1a:00:00:00:00:00,-42,11,0,0,0,0,0,0,0,0,0,-94,0,1,0,312928265,0,31,0,128,0,"[0,0,14,2,13,1,13,1,13,1,13,0,13,0,13,-1,13,-1,12,-2,13,-2,13,-3,12,-3,13,-3,13,-4,13,-4,13,-4,14,-4,14,-4,14,-3,14,-3,14,-2,14,-1,13,-1,13,0,12,1,12,2,0,0,0,0,0,0,0,0,0,0,0,0,0,0,0,0,0,0,0,0,0,0,9,-1,9,0,9,1,10,1,10,2,11,3,11,3,10,4,10,4,10,5,10,5,10,5,10,5,10,4,10,4,10,4,10,4,11,3,11,3,12,3,12,2,12,2,13,2,13,2,13,2,13,1]"
2025-08-18 22:35:13.885218,CSI_DATA,1835,1a:00:00:00:00:00,-42,11,0,0,0,0,0,0,0,0,0,-94,0,1,0,313129406,0,31,0,128,0,"[0,0,-10,-12,-10,-12,-10,-12,-10,-11,-10,-11,-10,-11,-10,-11,-11,-10,-11,-9,-11,-9,-12,-9,-12,-8,-12,-8,-13,-8,-13,-8,-13,-9,-13,-9,-14,-9,-13,-10,-13,-10,-12,-11,-11,-11,-10,-11,-10,-11,-9,-11,-8,-12,0,0,0,0,0,0,0,0,0,0,0,0,0,0,0,0,0,0,0,0,0,0,-7,-7,-7,-8,-7,-9,-7,-10,-6,-10,-6,-11,-6,-11,-5,-12,-5,-12,-5,-12,-5,-12,-4,-12,-5,-12,-5,-12,-5,-12,-5,-12,-6,-12,-6,-11,-6,-12,-7,-12,-8,-12,-8,-12,-9,-12,-9,-12,-9,-12,-10,-12]"
2025-08-18 22:35:14.080765,CSI_DATA,1836,1a:00:00:00:00:00,-42,11,0,0,0,0,0,0,0,0,0,-94,0,1,0,313330653,0,31,0,128,0,"[0,0,2,-14,2,-14,1,-14,1,-14,1,-14,0,-14,0,-14,0,-14,-1,-13,-2,-14,-2,-14,-2,-14,-3,-14,-3,-14,-3,-14,-3,-14,-3,-15,-3,-15,-2,-15,-2,-15,-1,-15,0,-15,0,-14,1,-14,2,-13,2,-13,0,0,0,0,0,0,0,0,0,0,0,0,0,0,0,0,0,0,0,0,0,0,0,-10,1,-10,2,-10,2,-10,3,-11,3,-11,4,-11,5,-11,5,-11,5,-11,6,-11,6,-10,5,-11,5,-11,5,-11,5,-11,4,-11,4,-12,4,-12,3,-12,3,-12,3,-13,3,-13,2,-14,2,-14,2,-14]"
2025-08-18 22:35:14.285216,CSI_DATA,1837,1a:00:00:00:00:00,-42,11,0,0,0,0,0,0,0,0,0,-94,0,1,0,313532009,0,31,0,128,0,"[0,0,-12,-9,-12,-8,-12,-8,-12,-8,-12,-7,-12,-7,-12,-7,-12,-6,-13,-5,-13,-5,-13,-5,-13,-4,-13,-4,-14,-4,-14,-4,-14,-4,-15,-4,-15,-4,-15,-5,-14,-5,-14,-6,-13,-6,-13,-7,-12,-7,-11,-8,-11,-8,0,0,0,0,0,0,0,0,0,0,0,0,0,0,0,0,0,0,0,0,0,0,-8,-5,-9,-6,-9,-6,-8,-7,-8,-8,-9,-8,-8,-9,-8,-9,-8,-10,-7,-10,-7,-10,-7,-10,-7,-10,-7,-10,-8,-10,-8,-9,-8,-9,-9,-9,-9,-9,-10,-9,-10,-9,-11,-9,-11,-9,-11,-9,-11,-9,-12,-9]"
2025-08-18 22:35:14.495322,CSI_DATA,1838,1a:00:00:00:00:00,-42,11,0,0,0,0,0,0,0,0,0,-94,0,1,0,313733086,0,31,0,128,0,"[0,0,-4,14,-4,14,-3,14,-3,14,-3,14,-2,14,-1,14,-1,14,0,13,0,13,0,14,1,14,1,14,2,14,2,14,2,14,1,15,1,15,1,15,1,15,0,15,-1,14,-2,14,-3,14,-3,13,-4,13,0,0,0,0,0,0,0,0,0,0,0,0,0,0,0,0,0,0,0,0,0,0,-2,9,-2,9,-3,10,-4,10,-5,10,-5,10,-6,11,-6,11,-7,10,-7,10,-8,10,-8,10,-7,10,-7,10,-7,10,-7,10,-6,11,-6,11,-6,11,-5,12,-5,12,-5,13,-4,13,-4,13,-4,14,-4,14]"
2025-08-18 22:35:14.609719,CSI_DATA,1839,1a:00:00:00:00:00,-42,11,0,0,0,0,0,0,0,0,0,-94,0,1,0,313793871,0,42,0,128,0,"[0,0,-9,-12,-9,-11,-9,-11,-10,-11,-10,-11,-10,-10,-10,-10,-10,-10,-10,-9,-11,-8,-11,-8,-12,-8,-12,-8,-12,-8,-13,-8,-12,-8,-13,-8,-13,-8,-13,-9,-12,-9,-12,-10,-11,-10,-10,-10,-10,-10,-9,-10,-8,-11,0,0,0,0,0,0,0,0,0,0,0,0,0,0,0,0,0,0,0,0,0,0,-7,-7,-6,-8,-6,-9,-6,-9,-6,-10,-5,-11,-5,-11,-5,-11,-4,-12,-4,-12,-4,-12,-4,-12,-4,-12,-4,-12,-4,-11,-5,-11,-5,-11,-5,-11,-6,-11,-6,-11,-7,-11,-7,-12,-8,-11,-8,-11,-9,-12,-9,-12]"
2025-08-18 22:35:14.615138,CSI_DATA,1840,1a:00:00:00:00:00,-42,11,0,0,0,0,0,0,0,0,0,-94,0,1,0,313861135,0,31,0,128,0,"[0,0,-2,14,-2,14,-2,14,-1,14,-1,14,-1,14,0,13,0,14,1,13,1,13,2,13,2,13,2,13,3,14,3,14,3,14,3,15,3,15,2,15,2,15,1,15,0,14,-1,14,-1,14,-2,13,-3,13,0,0,0,0,0,0,0,0,0,0,0,0,0,0,0,0,0,0,0,0,0,0,0,9,-1,10,-2,10,-2,10,-3,11,-4,11,-4,11,-5,11,-5,11,-6,11,-6,11,-6,11,-6,11,-6,10,-5,11,-5,11,-4,11,-4,11,-4,12,-3,12,-3,12,-3,13,-3,13,-3,14,-3,14,-2,14]"
2025-08-18 22:35:14.828159,CSI_DATA,1841,1a:00:00:00:00:00,-42,11,0,0,0,0,0,0,0,0,0,-94,0,1,0,314065686,0,31,0,128,0,"[0,0,-14,5,-13,5,-13,5,-13,6,-13,6,-12,6,-12,6,-12,7,-11,7,-11,8,-11,8,-10,8,-11,9,-10,9,-11,9,-11,9,-11,9,-12,9,-12,9,-12,9,-13,8,-12,7,-13,6,-13,6,-13,5,-13,4,0,0,0,0,0,0,0,0,0,0,0,0,0,0,0,0,0,0,0,0,0,0,-9,4,-9,4,-10,4,-10,3,-11,3,-11,2,-12,2,-12,1,-13,1,-12,1,-12,0,-12,0,-12,1,-12,1,-12,1,-12,1,-12,1,-12,2,-12,2,-13,3,-13,3,-13,4,-13,4,-13,5,-13,5,-13,5]"
2025-08-18 22:35:15.018270,CSI_DATA,1842,1a:00:00:00:00:00,-42,11,0,0,0,0,0,0,0,0,0,-94,0,1,0,314265126,0,31,0,128,0,"[0,0,-14,-3,-14,-3,-14,-3,-14,-2,-14,-2,-14,-1,-14,-1,-14,-1,-13,0,-14,0,-14,1,-13,1,-14,2,-14,2,-14,2,-14,2,-15,2,-15,2,-15,2,-15,1,-15,0,-15,0,-14,-1,-14,-2,-13,-2,-13,-3,0,0,0,0,0,0,0,0,0,0,0,0,0,0,0,0,0,0,0,0,0,0,-10,-1,-10,-2,-10,-2,-10,-3,-11,-4,-11,-4,-11,-5,-11,-6,-11,-6,-11,-6,-11,-7,-10,-7,-10,-7,-10,-6,-11,-6,-11,-6,-11,-5,-11,-5,-12,-5,-12,-4,-12,-4,-13,-4,-13,-3,-14,-3,-14,-3,-14,-3]"
2025-08-18 22:35:15.206041,CSI_DATA,1843,1a:00:00:00:00:00,-42,11,0,0,0,0,0,0,0,0,0,-94,0,1,0,314464644,0,31,0,128,0,"[0,0,11,8,11,8,11,7,11,7,11,7,11,6,11,6,11,6,11,5,12,4,12,4,12,3,12,3,12,3,13,3,13,3,13,4,13,4,13,5,13,5,13,5,12,6,11,6,11,6,10,7,10,7,0,0,0,0,0,0,0,0,0,0,0,0,0,0,0,0,0,0,0,0,0,0,7,4,8,5,7,6,7,6,8,7,7,7,7,8,7,9,7,9,6,9,6,9,6,9,6,9,6,9,6,9,6,9,7,9,8,8,8,8,8,8,9,8,9,8,10,8,10,8,10,8,11,8]"
2025-08-18 22:35:15.412423,CSI_DATA,1844,1a:00:00:00:00:00,-42,11,0,0,0,0,0,0,0,0,0,-94,0,1,0,314665954,0,31,0,128,0,"[0,0,-4,13,-4,13,-4,13,-3,13,-3,13,-3,13,-2,13,-2,13,-1,12,-1,13,0,13,0,13,0,13,1,13,1,14,1,13,1,14,0,14,0,14,0,14,-1,14,-2,13,-2,13,-3,13,-3,12,-4,12,0,0,0,0,0,0,0,0,0,0,0,0,0,0,0,0,0,0,0,0,0,0,-2,9,-3,9,-4,9,-4,9,-5,9,-6,9,-6,10,-7,9,-7,9,-8,9,-8,9,-8,9,-8,9,-7,9,-7,9,-7,9,-6,9,-6,10,-6,10,-5,11,-5,11,-5,11,-5,12,-5,13,-5,12,-4,12]"
2025-08-18 22:35:15.621334,CSI_DATA,1845,1a:00:00:00:00:00,-42,11,0,0,0,0,0,0,0,0,0,-94,0,1,0,314867122,0,31,0,128,0,"[0,0,-11,-10,-11,-10,-11,-10,-11,-9,-11,-9,-11,-9,-11,-8,-12,-8,-12,-7,-12,-7,-12,-7,-12,-6,-13,-6,-13,-6,-13,-6,-14,-6,-14,-6,-14,-7,-14,-7,-13,-7,-13,-8,-12,-9,-12,-8,-11,-9,-10,-9,-10,-10,0,0,0,0,0,0,0,0,0,0,0,0,0,0,0,0,0,0,0,0,0,0,-8,-6,-8,-7,-7,-7,-7,-8,-7,-9,-7,-10,-7,-10,-7,-10,-6,-11,-6,-11,-6,-11,-6,-11,-6,-11,-6,-11,-6,-11,-6,-10,-7,-11,-7,-10,-8,-10,-8,-10,-9,-10,-9,-10,-10,-10,-10,-10,-10,-10,-10,-10]"
2025-08-18 22:35:15.821125,CSI_DATA,1846,1a:00:00:00:00:00,-42,11,0,0,0,0,0,0,0,0,0,-94,0,1,0,315068252,0,31,0,128,0,"[0,0,-1,-14,-2,-15,-2,-14,-2,-14,-3,-14,-3,-14,-3,-13,-4,-13,-4,-13,-5,-13,-5,-13,-6,-13,-6,-13,-7,-13,-7,-13,-7,-13,-7,-14,-6,-14,-6,-14,-6,-14,-5,-14,-4,-14,-4,-14,-3,-14,-2,-14,-2,-13,0,0,0,0,0,0,0,0,0,0,0,0,0,0,0,0,0,0,0,0,0,0,-2,-10,-1,-10,0,-11,0,-11,1,-11,1,-12,2,-12,2,-12,3,-12,3,-12,3,-12,3,-12,3,-12,3,-12,2,-11,2,-12,2,-12,1,-12,1,-13,0,-13,0,-13,0,-13,-1,-14,-1,-14,-1,-14,-1,-14]"
2025-08-18 22:35:16.035699,CSI_DATA,1847,1a:00:00:00:00:00,-42,11,0,0,0,0,0,0,0,0,0,-94,0,1,0,315269451,0,31,0,128,0,"[0,0,-15,-3,-14,-2,-14,-3,-14,-2,-14,-2,-14,-2,-14,-1,-14,0,-14,0,-13,0,-14,1,-14,1,-14,1,-14,2,-14,2,-15,2,-15,2,-15,2,-15,1,-15,1,-15,0,-15,-1,-14,-1,-14,-2,-13,-3,-13,-3,0,0,0,0,0,0,0,0,0,0,0,0,0,0,0,0,0,0,0,0,0,0,-10,-1,-10,-2,-10,-2,-11,-3,-11,-4,-11,-5,-11,-5,-11,-6,-11,-6,-11,-6,-11,-6,-10,-7,-11,-7,-11,-6,-11,-6,-11,-6,-11,-5,-11,-5,-12,-5,-12,-4,-12,-4,-13,-4,-13,-3,-13,-3,-14,-3,-14,-3]"
2025-08-18 22:35:16.080482,CSI_DATA,1848,1a:00:00:00:00:00,-42,11,0,0,0,0,0,0,0,0,0,-94,0,1,0,315330238,0,42,0,128,0,"[0,0,-6,12,-6,13,-5,12,-5,13,-4,12,-4,12,-4,12,-3,12,-3,12,-2,13,-2,13,-1,13,-1,13,-1,13,-1,14,-1,13,-1,15,-1,14,-2,14,-2,14,-3,14,-3,13,-4,13,-4,12,-5,11,-6,11,0,0,0,0,0,0,0,0,0,0,0,0,0,0,0,0,0,0,0,0,0,0,-3,8,-4,8,-4,9,-5,8,-6,9,-6,9,-7,9,-7,9,-8,9,-8,9,-8,8,-8,8,-8,8,-8,8,-8,8,-8,9,-7,9,-7,10,-7,9,-7,10,-6,11,-6,11,-6,12,-6,12,-6,12,-6,12]"
2025-08-18 22:35:16.143348,CSI_DATA,1849,1a:00:00:00:00:00,-42,11,0,0,0,0,0,0,0,0,0,-94,0,1,0,315397183,0,31,0,128,0,"[0,0,-1,14,-1,13,-1,13,0,13,0,13,1,13,1,13,2,13,2,12,2,12,3,12,3,12,3,12,4,13,4,12,4,13,4,13,4,13,4,14,3,13,3,14,2,13,1,13,0,13,0,13,-1,12,0,0,0,0,0,0,0,0,0,0,0,0,0,0,0,0,0,0,0,0,0,0,0,9,-1,9,-2,9,-2,10,-3,10,-3,10,-4,11,-4,11,-5,10,-5,10,-6,10,-6,10,-5,10,-5,10,-5,10,-4,10,-4,11,-4,11,-3,11,-3,12,-2,12,-2,12,-2,13,-2,13,-2,13,-1,13]"
2025-08-18 22:35:16.360432,CSI_DATA,1850,1a:00:00:00:00:00,-42,11,0,0,0,0,0,0,0,0,0,-94,0,1,0,315598255,0,31,0,128,0,"[0,0,-3,13,-3,13,-3,13,-2,13,-2,13,-2,13,-1,13,-1,13,0,12,0,12,1,12,1,13,1,13,2,13,2,13,2,13,2,14,2,14,1,14,1,14,0,14,-1,14,-1,13,-2,13,-3,12,-3,12,0,0,0,0,0,0,0,0,0,0,0,0,0,0,0,0,0,0,0,0,0,0,-1,9,-2,9,-3,9,-3,9,-4,10,-5,10,-5,10,-6,10,-6,10,-6,10,-7,9,-7,9,-7,9,-6,9,-6,10,-6,10,-5,10,-5,10,-5,11,-4,11,-4,12,-4,12,-4,12,-4,13,-3,13,-3,13]"
2025-08-18 22:35:16.544737,CSI_DATA,1851,1a:00:00:00:00:00,-42,11,0,0,0,0,0,0,0,0,0,-94,0,1,0,315801630,0,31,0,128,0,"[0,0,7,12,7,11,7,11,7,11,8,11,8,11,8,10,8,10,9,9,9,9,9,8,10,8,10,8,11,8,11,8,11,8,11,9,11,9,11,9,10,10,10,10,9,10,8,10,8,11,7,10,6,11,0,0,0,0,0,0,0,0,0,0,0,0,0,0,0,0,0,0,0,0,0,0,5,7,5,8,4,8,4,9,4,10,3,10,3,11,3,11,2,12,2,11,1,12,1,11,2,11,2,11,2,11,2,11,3,11,3,11,4,11,4,11,5,11,5,11,6,11,6,12,6,12,7,12]"
2025-08-18 22:35:16.750170,CSI_DATA,1852,1a:00:00:00:00:00,-42,11,0,0,0,0,0,0,0,0,0,-94,0,1,0,316000738,0,31,0,128,0,"[0,0,-10,11,-10,11,-10,10,-9,11,-9,11,-8,11,-8,11,-7,11,-7,11,-6,12,-6,12,-6,12,-5,13,-5,13,-5,13,-5,13,-6,14,-6,13,-6,14,-7,13,-7,13,-8,12,-8,12,-8,11,-9,10,-9,9,0,0,0,0,0,0,0,0,0,0,0,0,0,0,0,0,0,0,0,0,0,0,-6,7,-7,7,-8,7,-8,7,-9,7,-10,6,-10,6,-11,6,-11,6,-11,5,-11,5,-11,5,-11,6,-11,5,-11,6,-11,6,-10,6,-10,7,-10,7,-10,8,-10,8,-10,9,-10,9,-10,10,-10,10,-10,10]"
2025-08-18 22:35:16.954971,CSI_DATA,1853,1a:00:00:00:00:00,-42,11,0,0,0,0,0,0,0,0,0,-94,0,1,0,316202776,0,31,0,128,0,"[0,0,-1,-14,-2,-15,-2,-14,-2,-14,-2,-14,-3,-14,-3,-14,-3,-14,-4,-13,-5,-13,-5,-13,-6,-13,-6,-13,-6,-13,-6,-13,-6,-13,-6,-14,-6,-14,-6,-15,-5,-14,-4,-15,-4,-14,-3,-14,-2,-14,-2,-13,-1,-13,0,0,0,0,0,0,0,0,0,0,0,0,0,0,0,0,0,0,0,0,0,0,-2,-10,-1,-10,-1,-11,0,-11,0,-11,1,-12,1,-12,1,-12,2,-12,3,-12,3,-12,3,-12,3,-12,2,-12,2,-11,2,-12,1,-12,1,-12,1,-12,0,-13,0,-13,0,-13,-1,-14,-1,-14,-1,-14,-1,-14]"
2025-08-18 22:35:17.151663,CSI_DATA,1854,1a:00:00:00:00:00,-42,11,0,0,0,0,0,0,0,0,0,-94,0,1,0,316403152,0,31,0,128,0,"[0,0,-12,7,-12,7,-12,7,-12,8,-11,8,-11,8,-11,8,-10,9,-10,9,-9,9,-9,10,-9,10,-9,10,-8,11,-9,11,-9,11,-9,11,-10,11,-10,11,-10,10,-11,10,-11,9,-11,9,-11,8,-11,7,-11,6,0,0,0,0,0,0,0,0,0,0,0,0,0,0,0,0,0,0,0,0,0,0,-7,6,-8,5,-9,5,-9,5,-10,4,-11,4,-11,4,-11,3,-12,3,-12,3,-12,3,-12,2,-12,3,-12,3,-12,3,-12,3,-11,4,-11,4,-11,4,-12,5,-12,5,-12,6,-12,6,-12,7,-12,7,-12,7]"
2025-08-18 22:35:17.348928,CSI_DATA,1855,1a:00:00:00:00:00,-42,11,0,0,0,0,0,0,0,0,0,-94,0,1,0,316604254,0,31,0,128,0,"[0,0,14,5,14,4,14,4,13,3,14,3,13,3,13,2,13,2,13,1,13,0,14,0,13,-1,14,0,15,-2,14,-1,15,-1,15,-1,15,0,15,0,15,1,15,1,14,2,14,3,13,3,13,4,12,5,0,0,0,0,0,0,0,0,0,0,0,0,0,0,0,0,0,0,0,0,0,0,9,1,9,2,9,3,10,4,10,4,10,5,10,6,10,6,10,7,10,7,9,7,9,7,10,7,9,7,10,7,9,7,10,6,10,5,11,6,11,5,12,5,12,5,13,5,13,4,13,4,14,4]"
2025-08-18 22:35:17.564868,CSI_DATA,1856,1a:00:00:00:00:00,-42,11,0,0,0,0,0,0,0,0,0,-94,0,1,0,316805416,0,31,0,128,0,"[0,0,-5,13,-5,12,-5,13,-4,12,-4,13,-3,12,-3,12,-2,12,-2,12,-1,12,-1,12,-1,12,0,13,0,13,0,13,0,14,0,13,0,14,-1,14,-1,14,-2,14,-2,13,-3,13,-3,13,-4,12,-4,11,0,0,0,0,0,0,0,0,0,0,0,0,0,0,0,0,0,0,0,0,0,0,-3,8,-4,8,-4,8,-5,9,-6,8,-6,9,-7,9,-7,9,-8,8,-8,8,-8,8,-8,8,-8,8,-8,8,-8,9,-7,8,-7,9,-6,9,-7,10,-6,10,-6,11,-6,11,-5,11,-5,12,-5,12,-5,12]"
2025-08-18 22:35:17.621301,CSI_DATA,1857,1a:00:00:00:00:00,-42,11,0,0,0,0,0,0,0,0,0,-94,0,1,0,316866545,0,42,0,128,0,"[0,0,-9,-12,-9,-12,-9,-12,-9,-12,-9,-11,-10,-11,-10,-11,-10,-10,-10,-10,-11,-9,-11,-9,-11,-9,-12,-9,-12,-8,-13,-8,-13,-9,-13,-9,-13,-9,-13,-10,-12,-10,-11,-10,-11,-11,-10,-11,-9,-11,-9,-11,-8,-12,0,0,0,0,0,0,0,0,0,0,0,0,0,0,0,0,0,0,0,0,0,0,-7,-8,-6,-8,-6,-9,-5,-10,-6,-10,-5,-11,-5,-12,-4,-12,-4,-12,-4,-12,-3,-12,-3,-12,-3,-12,-4,-12,-4,-12,-4,-12,-4,-12,-5,-12,-6,-12,-6,-12,-7,-12,-7,-12,-8,-12,-8,-12,-8,-12,-8,-12]"
2025-08-18 22:35:17.687843,CSI_DATA,1858,1a:00:00:00:00:00,-42,11,0,0,0,0,0,0,0,0,0,-94,0,1,0,316933028,0,31,0,128,0,"[0,0,-9,-11,-9,-12,-9,-11,-9,-11,-10,-11,-10,-10,-10,-10,-10,-9,-11,-9,-11,-8,-11,-8,-12,-8,-12,-8,-12,-8,-13,-8,-13,-8,-13,-8,-13,-8,-13,-8,-13,-9,-12,-9,-11,-10,-11,-10,-10,-11,-9,-10,-8,-11,0,0,0,0,0,0,0,0,0,0,0,0,0,0,0,0,0,0,0,0,0,0,-7,-7,-6,-8,-6,-9,-6,-9,-6,-10,-5,-11,-5,-11,-5,-11,-5,-12,-4,-12,-3,-12,-4,-12,-4,-12,-4,-12,-4,-11,-5,-11,-5,-11,-5,-11,-6,-11,-7,-11,-7,-11,-8,-11,-8,-11,-8,-12,-8,-12,-9,-11]"
2025-08-18 22:35:17.895719,CSI_DATA,1859,1a:00:00:00:00:00,-42,11,0,0,0,0,0,0,0,0,0,-94,0,1,0,317135620,0,31,0,128,0,"[0,0,14,0,13,-1,13,-1,13,-1,13,-2,13,-2,12,-2,13,-3,12,-3,12,-4,12,-4,12,-5,12,-5,12,-5,13,-5,13,-5,13,-5,13,-5,14,-5,14,-4,14,-3,14,-3,13,-2,13,-2,12,-1,12,0,0,0,0,0,0,0,0,0,0,0,0,0,0,0,0,0,0,0,0,0,0,0,8,-2,9,-1,9,-1,10,0,10,0,11,1,11,2,11,2,11,3,11,3,11,3,11,3,11,3,10,3,11,3,11,3,11,2,11,2,12,1,12,1,12,1,12,1,13,0,13,0,13,0,14,-1]"
2025-08-18 22:35:18.085412,CSI_DATA,1860,1a:00:00:00:00:00,-42,11,0,0,0,0,0,0,0,0,0,-94,0,1,0,317335309,0,31,0,128,0,"[0,0,-15,1,-14,1,-15,1,-14,2,-14,2,-14,2,-14,3,-13,3,-13,3,-13,4,-13,5,-12,5,-13,5,-13,6,-13,6,-13,6,-13,6,-14,5,-14,5,-14,4,-14,4,-14,3,-14,3,-14,2,-13,1,-14,0,0,0,0,0,0,0,0,0,0,0,0,0,0,0,0,0,0,0,0,0,0,0,-9,2,-10,1,-10,1,-11,0,-11,0,-12,-1,-12,-2,-12,-2,-12,-3,-12,-3,-12,-3,-12,-3,-12,-3,-12,-3,-12,-2,-12,-2,-12,-2,-12,-1,-13,-1,-13,-1,-13,0,-13,0,-14,1,-14,1,-14,1,-14,1]"
2025-08-18 22:35:18.279165,CSI_DATA,1861,1a:00:00:00:00:00,-42,11,0,0,0,0,0,0,0,0,0,-94,0,1,0,317536432,0,31,0,128,0,"[0,0,13,4,13,4,13,4,13,3,13,3,12,3,13,2,13,1,12,1,13,1,13,0,13,0,13,0,13,-1,14,-1,14,-1,14,0,14,0,14,0,14,1,14,1,14,2,13,2,12,3,12,4,12,4,0,0,0,0,0,0,0,0,0,0,0,0,0,0,0,0,0,0,0,0,0,0,8,2,9,2,9,3,9,4,9,4,9,5,9,6,9,6,9,7,9,7,9,7,8,7,9,7,9,7,9,7,9,6,9,6,10,6,10,5,10,5,11,5,11,5,12,5,12,5,12,5,12,4]"
2025-08-18 22:35:18.480250,CSI_DATA,1862,1a:00:00:00:00:00,-42,11,0,0,0,0,0,0,0,0,0,-94,0,1,0,317737590,0,31,0,128,0,"[0,0,13,4,13,4,12,4,13,3,13,3,12,3,12,2,12,2,13,1,13,0,13,0,13,-1,13,-1,13,-1,13,-1,14,-1,14,-1,14,-1,14,0,14,0,14,1,13,2,13,2,12,3,12,3,12,4,0,0,0,0,0,0,0,0,0,0,0,0,0,0,0,0,0,0,0,0,0,0,8,2,9,2,9,3,9,4,9,4,9,5,9,6,9,6,9,7,9,7,9,7,9,7,9,7,9,7,9,7,9,6,9,6,10,6,10,5,10,5,11,5,11,5,12,4,12,4,13,4,13,4]"
2025-08-18 22:35:18.684916,CSI_DATA,1863,1a:00:00:00:00:00,-42,11,0,0,0,0,0,0,0,0,0,-94,0,1,0,317938717,0,31,0,128,0,"[0,0,0,13,0,14,1,13,1,13,1,13,2,13,2,13,3,13,3,12,4,12,4,12,4,12,5,12,5,12,6,12,6,12,5,13,5,13,5,13,5,13,4,13,3,13,2,13,2,13,1,12,0,12,0,0,0,0,0,0,0,0,0,0,0,0,0,0,0,0,0,0,0,0,0,0,0,9,0,9,-1,10,-1,10,-2,10,-2,10,-3,11,-3,11,-4,11,-4,11,-5,11,-5,10,-4,11,-4,11,-4,10,-3,11,-3,11,-3,11,-2,11,-2,12,-1,12,-1,12,-1,13,-1,13,0,13,0,13]"
2025-08-18 22:35:18.883884,CSI_DATA,1864,1a:00:00:00:00:00,-42,11,0,0,0,0,0,0,0,0,0,-94,0,1,0,318140100,0,31,0,128,0,"[0,0,6,12,6,12,6,12,6,11,7,11,7,11,7,11,7,10,7,10,8,9,9,9,9,9,9,9,10,9,10,9,10,9,10,9,10,10,10,10,9,10,9,11,8,11,7,11,6,11,6,11,5,11,0,0,0,0,0,0,0,0,0,0,0,0,0,0,0,0,0,0,0,0,0,0,4,7,4,8,4,8,3,9,3,9,3,10,2,11,2,11,1,11,1,11,1,11,1,11,1,11,1,11,1,11,1,11,2,11,2,11,3,11,3,11,4,11,4,12,5,11,5,12,6,12,6,12]"
2025-08-18 22:35:19.104994,CSI_DATA,1865,1a:00:00:00:00:00,-42,11,0,0,0,0,0,0,0,0,0,-94,0,1,0,318341247,0,31,0,128,0,"[0,0,-8,12,-8,12,-8,12,-7,12,-7,13,-6,12,-6,12,-5,12,-5,12,-4,12,-4,13,-3,13,-3,13,-3,13,-3,14,-3,14,-3,14,-4,14,-4,15,-4,14,-5,14,-5,14,-6,13,-7,12,-7,11,-7,11,0,0,0,0,0,0,0,0,0,0,0,0,0,0,0,0,0,0,0,0,0,0,-5,8,-6,8,-6,8,-7,8,-7,8,-8,8,-9,8,-9,8,-9,8,-10,7,-10,7,-10,7,-10,7,-10,7,-10,7,-9,8,-10,8,-9,9,-8,9,-8,10,-8,10,-8,10,-8,10,-8,11,-8,11,-8,12]"
2025-08-18 22:35:19.154123,CSI_DATA,1866,1a:00:00:00:00:00,-42,11,0,0,0,0,0,0,0,0,0,-94,0,1,0,318402021,0,42,0,128,0,"[0,0,-2,-15,-3,-15,-3,-15,-3,-14,-3,-15,-4,-14,-4,-14,-5,-13,-5,-13,-6,-13,-6,-13,-6,-13,-7,-13,-7,-13,-8,-13,-7,-13,-8,-14,-8,-14,-8,-15,-6,-14,-6,-14,-5,-14,-5,-14,-4,-14,-3,-14,-2,-13,0,0,0,0,0,0,0,0,0,0,0,0,0,0,0,0,0,0,0,0,0,0,-2,-10,-2,-10,-1,-11,0,-11,0,-12,0,-12,1,-13,1,-12,2,-12,2,-12,3,-12,3,-12,3,-12,3,-12,2,-12,2,-12,1,-12,1,-13,0,-13,0,-13,-1,-14,-1,-14,-1,-14,-2,-14,-2,-14,-2,-15]"
2025-08-18 22:35:19.217454,CSI_DATA,1867,1a:00:00:00:00:00,-42,11,0,0,0,0,0,0,0,0,0,-94,0,1,0,318468532,0,31,0,128,0,"[0,0,-13,6,-12,7,-12,7,-12,7,-12,7,-12,7,-11,8,-11,8,-10,8,-10,9,-10,9,-9,9,-9,10,-9,10,-9,10,-10,10,-10,11,-10,10,-11,10,-11,10,-11,9,-12,8,-12,8,-12,7,-12,6,-12,5,0,0,0,0,0,0,0,0,0,0,0,0,0,0,0,0,0,0,0,0,0,0,-8,5,-8,5,-9,4,-10,4,-10,4,-11,3,-11,3,-11,3,-12,2,-12,2,-12,2,-12,1,-12,2,-12,2,-12,2,-12,2,-12,3,-12,3,-12,4,-12,4,-12,5,-12,5,-12,6,-12,6,-13,6,-12,6]"
2025-08-18 22:35:19.423623,CSI_DATA,1868,1a:00:00:00:00:00,-42,11,0,0,0,0,0,0,0,0,0,-94,0,1,0,318669579,0,31,0,128,0,"[0,0,-14,-5,-14,-5,-14,-5,-13,-4,-14,-4,-13,-4,-14,-3,-14,-3,-14,-2,-14,-2,-14,-1,-14,-1,-14,-1,-14,0,-14,0,-15,0,-15,0,-15,-1,-15,-1,-15,-2,-15,-3,-15,-3,-14,-4,-14,-4,-13,-4,-12,-5,0,0,0,0,0,0,0,0,0,0,0,0,0,0,0,0,0,0,0,0,0,0,-9,-2,-10,-3,-10,-4,-10,-4,-10,-5,-10,-6,-10,-6,-10,-7,-10,-7,-10,-8,-10,-8,-10,-8,-10,-8,-10,-7,-10,-7,-10,-7,-10,-7,-11,-6,-11,-6,-11,-6,-12,-6,-12,-6,-13,-5,-13,-5,-13,-5,-13,-5]"
2025-08-18 22:35:19.632731,CSI_DATA,1869,1a:00:00:00:00:00,-42,11,0,0,0,0,0,0,0,0,0,-94,0,1,0,318870757,0,31,0,128,0,"[0,0,-4,13,-4,13,-3,13,-3,13,-3,13,-2,13,-2,13,-1,13,-1,13,0,13,0,12,1,13,1,13,1,13,1,13,2,14,1,14,1,14,1,14,0,14,-1,14,-1,14,-2,13,-2,13,-3,12,-4,12,0,0,0,0,0,0,0,0,0,0,0,0,0,0,0,0,0,0,0,0,0,0,-2,8,-3,9,-3,9,-4,9,-5,9,-5,10,-6,10,-6,10,-7,10,-7,9,-7,9,-8,9,-7,9,-7,9,-7,9,-7,9,-6,10,-6,10,-6,10,-5,11,-5,11,-5,12,-4,12,-4,13,-4,13,-4,13]"
2025-08-18 22:35:19.813844,CSI_DATA,1870,1a:00:00:00:00:00,-42,11,0,0,0,0,0,0,0,0,0,-94,0,1,0,319071902,0,31,0,128,0,"[0,0,11,7,11,6,11,6,11,6,11,5,11,5,11,5,11,4,11,4,11,3,12,3,12,2,12,2,13,2,13,2,13,2,13,2,14,3,14,3,13,3,13,4,12,4,11,5,11,5,11,6,10,6,0,0,0,0,0,0,0,0,0,0,0,0,0,0,0,0,0,0,0,0,0,0,7,3,8,4,8,5,8,5,8,6,8,7,8,7,7,8,7,8,7,9,6,9,6,9,7,9,6,8,7,8,7,8,8,8,8,7,8,7,9,7,9,7,9,7,10,7,10,7,10,7,11,7]"
2025-08-18 22:35:20.026279,CSI_DATA,1871,1a:00:00:00:00:00,-42,11,0,0,0,0,0,0,0,0,0,-94,0,1,0,319273246,0,31,0,128,0,"[0,0,-14,-6,-13,-6,-13,-6,-13,-5,-14,-5,-13,-4,-14,-4,-13,-3,-13,-3,-13,-2,-14,-2,-14,-2,-14,-1,-14,-1,-14,-1,-15,-1,-15,-1,-15,-1,-15,-2,-15,-2,-15,-3,-14,-3,-14,-4,-13,-4,-13,-5,-12,-6,0,0,0,0,0,0,0,0,0,0,0,0,0,0,0,0,0,0,0,0,0,0,-9,-3,-9,-4,-9,-5,-10,-6,-10,-6,-10,-7,-10,-7,-10,-8,-9,-8,-9,-8,-9,-9,-9,-9,-9,-8,-9,-8,-9,-8,-9,-8,-10,-8,-10,-7,-11,-7,-11,-7,-12,-6,-12,-6,-12,-6,-13,-6,-13,-6,-13,-6]"
2025-08-18 22:35:20.216802,CSI_DATA,1872,1a:00:00:00:00:00,-42,11,0,0,0,0,0,0,0,0,0,-94,0,1,0,319474357,0,31,0,128,0,"[0,0,8,11,8,11,8,10,8,10,9,10,8,9,9,9,9,9,9,9,10,8,10,7,10,7,10,7,11,7,11,7,12,7,11,8,12,8,11,8,11,9,11,9,10,9,9,9,8,10,8,10,7,10,0,0,0,0,0,0,0,0,0,0,0,0,0,0,0,0,0,0,0,0,0,0,5,6,5,7,5,8,5,8,4,9,4,10,4,10,3,10,3,11,3,11,2,11,2,11,3,11,3,11,3,11,3,10,4,11,4,10,5,10,5,11,5,11,6,11,7,11,7,11,7,11,8,11]"
2025-08-18 22:35:20.424251,CSI_DATA,1873,1a:00:00:00:00:00,-42,11,0,0,0,0,0,0,0,0,0,-94,0,1,0,319675496,0,31,0,128,0,"[0,0,13,-6,12,-6,12,-6,12,-6,12,-7,11,-7,11,-7,11,-8,10,-8,10,-8,10,-9,9,-9,9,-10,9,-10,10,-10,10,-10,10,-10,10,-10,11,-10,11,-10,11,-9,11,-8,11,-8,11,-7,11,-6,11,-5,0,0,0,0,0,0,0,0,0,0,0,0,0,0,0,0,0,0,0,0,0,0,8,-5,8,-4,9,-4,9,-3,10,-3,10,-3,11,-2,11,-2,11,-1,11,-1,12,-1,11,-1,11,-1,11,-1,11,-1,11,-2,11,-2,11,-3,11,-3,11,-4,12,-4,12,-5,12,-5,12,-5,12,-5,12,-6]"
2025-08-18 22:35:20.636688,CSI_DATA,1874,1a:00:00:00:00:00,-42,11,0,0,0,0,0,0,0,0,0,-94,0,1,0,319876656,0,31,0,128,0,"[0,0,14,-1,13,-2,13,-2,13,-2,13,-2,13,-2,13,-3,12,-3,12,-4,12,-4,12,-5,12,-6,12,-6,12,-6,12,-6,12,-6,13,-6,13,-6,14,-6,13,-5,13,-5,13,-4,13,-3,13,-3,13,-2,12,-1,0,0,0,0,0,0,0,0,0,0,0,0,0,0,0,0,0,0,0,0,0,0,9,-2,9,-1,9,0,10,0,10,0,11,1,11,2,11,2,11,3,11,3,11,3,11,3,11,3,11,3,11,3,10,2,11,2,11,1,12,1,12,1,12,1,12,0,13,0,13,-1,13,-1,13,-1]"
2025-08-18 22:35:20.684968,CSI_DATA,1875,1a:00:00:00:00:00,-42,11,0,0,0,0,0,0,0,0,0,-94,0,1,0,319937438,0,42,0,128,0,"[0,0,15,-2,14,-2,14,-2,14,-3,14,-3,14,-3,13,-4,13,-4,13,-5,12,-5,12,-6,12,-6,13,-7,13,-7,13,-7,14,-7,13,-7,14,-7,14,-6,14,-5,14,-5,14,-4,14,-3,13,-3,13,-2,13,-1,0,0,0,0,0,0,0,0,0,0,0,0,0,0,0,0,0,0,0,0,0,0,9,-3,10,-2,10,-2,11,-1,11,-1,12,0,12,1,12,1,12,2,11,2,12,2,12,2,12,2,12,2,12,2,11,2,12,1,12,0,13,0,13,0,13,-1,13,-1,13,-1,14,-2,14,-2,15,-2]"
2025-08-18 22:35:20.751005,CSI_DATA,1876,1a:00:00:00:00:00,-42,11,0,0,0,0,0,0,0,0,0,-94,0,1,0,320004550,0,31,0,128,0,"[0,0,14,-1,13,-1,13,-2,13,-2,13,-3,13,-3,12,-3,12,-4,12,-4,12,-5,12,-5,11,-6,12,-6,12,-7,12,-7,12,-7,12,-7,13,-6,13,-6,13,-5,13,-5,13,-4,13,-4,13,-3,12,-2,12,-2,0,0,0,0,0,0,0,0,0,0,0,0,0,0,0,0,0,0,0,0,0,0,8,-2,9,-1,9,0,10,0,10,1,11,1,11,2,11,2,11,3,11,3,11,3,11,3,11,3,11,3,11,3,11,2,11,2,11,1,12,1,12,1,12,0,12,0,13,0,13,-1,13,-1,13,-1]"
2025-08-18 22:35:20.966408,CSI_DATA,1877,1a:00:00:00:00:00,-42,11,0,0,0,0,0,0,0,0,0,-94,0,1,0,320206152,0,31,0,128,0,"[0,0,12,-7,11,-7,12,-7,11,-7,11,-8,11,-8,10,-8,10,-8,10,-8,9,-9,9,-10,9,-10,9,-10,9,-11,9,-11,9,-12,9,-11,10,-11,10,-11,10,-10,11,-10,11,-9,10,-8,11,-8,11,-7,11,-6,0,0,0,0,0,0,0,0,0,0,0,0,0,0,0,0,0,0,0,0,0,0,7,-5,8,-5,8,-5,9,-4,9,-4,11,-4,11,-3,11,-3,11,-2,11,-2,11,-2,11,-2,11,-2,11,-2,11,-2,10,-2,11,-3,11,-3,11,-4,11,-4,11,-5,11,-5,11,-5,12,-6,12,-6,12,-7]"
2025-08-18 22:35:21.156439,CSI_DATA,1878,1a:00:00:00:00:00,-42,11,0,0,0,0,0,0,0,0,0,-94,0,1,0,320407296,0,31,0,128,0,"[0,0,-11,9,-11,9,-10,9,-10,9,-10,9,-10,9,-9,9,-9,10,-9,10,-8,10,-8,11,-7,11,-7,11,-7,11,-7,12,-7,12,-7,12,-8,12,-9,12,-9,12,-9,11,-10,10,-10,10,-10,9,-10,8,-11,7,0,0,0,0,0,0,0,0,0,0,0,0,0,0,0,0,0,0,0,0,0,0,-6,7,-7,7,-8,6,-8,6,-9,6,-10,6,-10,5,-11,5,-11,5,-11,4,-11,4,-11,4,-11,4,-11,4,-11,4,-11,5,-11,5,-10,6,-11,6,-11,6,-11,7,-11,7,-11,8,-11,8,-11,9,-10,9]"
2025-08-18 22:35:21.359440,CSI_DATA,1879,1a:00:00:00:00:00,-42,11,0,0,0,0,0,0,0,0,0,-94,0,1,0,320608413,0,31,0,128,0,"[0,0,1,-15,1,-16,0,-15,0,-15,-1,-15,-1,-15,-1,-15,-2,-14,-2,-14,-3,-14,-3,-14,-4,-14,-4,-14,-4,-14,-5,-15,-5,-15,-4,-16,-4,-15,-4,-16,-4,-16,-3,-16,-2,-15,-1,-16,0,-15,0,-14,1,-14,0,0,0,0,0,0,0,0,0,0,0,0,0,0,0,0,0,0,0,0,0,0,0,-10,0,-10,1,-11,2,-11,2,-12,3,-12,4,-12,4,-12,4,-12,5,-12,5,-12,5,-11,5,-12,5,-12,4,-11,4,-12,4,-12,3,-13,3,-12,3,-13,2,-13,2,-14,2,-15,1,-14,1,-15,1,-15]"
2025-08-18 22:35:21.551369,CSI_DATA,1880,1a:00:00:00:00:00,-42,11,0,0,0,0,0,0,0,0,0,-94,0,1,0,320809832,0,31,0,128,0,"[0,0,12,6,12,6,12,6,12,6,12,5,12,5,12,4,12,4,12,3,12,2,12,2,12,2,13,2,13,1,13,1,13,2,14,2,14,2,14,2,14,3,13,4,13,4,12,4,12,5,11,5,11,6,0,0,0,0,0,0,0,0,0,0,0,0,0,0,0,0,0,0,0,0,0,0,8,3,8,4,8,4,8,5,8,6,8,6,8,7,8,8,8,8,7,8,7,8,7,8,7,8,8,8,8,8,7,8,8,7,9,7,9,7,9,7,10,7,10,6,11,6,11,6,11,6,12,6]"
2025-08-18 22:35:21.753375,CSI_DATA,1881,1a:00:00:00:00:00,-42,11,0,0,0,0,0,0,0,0,0,-94,0,1,0,321010793,0,31,0,128,0,"[0,0,8,11,8,10,9,10,9,10,9,10,9,9,9,9,9,8,10,8,10,7,10,7,11,6,11,7,12,6,12,6,12,6,12,7,12,7,12,8,12,8,11,8,10,9,10,9,9,9,8,9,8,10,0,0,0,0,0,0,0,0,0,0,0,0,0,0,0,0,0,0,0,0,0,0,6,6,6,7,5,8,5,8,5,9,5,10,4,10,4,10,4,11,3,11,3,11,3,11,3,11,3,11,3,11,4,10,4,10,5,10,5,10,6,10,6,10,7,10,7,10,7,10,8,11,8,10]"
2025-08-18 22:35:21.959441,CSI_DATA,1882,1a:00:00:00:00:00,-42,11,0,0,0,0,0,0,0,0,0,-94,0,1,0,321212014,0,31,0,128,0,"[0,0,-8,11,-8,12,-8,11,-7,11,-7,11,-7,11,-6,11,-6,12,-5,12,-4,12,-4,12,-4,13,-3,13,-3,13,-3,13,-3,13,-4,14,-4,14,-5,14,-5,13,-5,13,-6,13,-6,12,-6,12,-7,11,-8,10,0,0,0,0,0,0,0,0,0,0,0,0,0,0,0,0,0,0,0,0,0,0,-5,8,-5,8,-6,8,-7,7,-7,8,-8,8,-9,8,-9,7,-10,7,-10,7,-10,7,-10,7,-10,7,-9,7,-9,7,-9,7,-9,8,-9,8,-9,8,-8,9,-8,9,-9,10,-8,10,-8,11,-8,11,-8,11]"
2025-08-18 22:35:22.170536,CSI_DATA,1883,1a:00:00:00:00:00,-42,11,0,0,0,0,0,0,0,0,0,-94,0,1,0,321413318,0,31,0,128,0,"[0,0,4,-14,3,-14,3,-14,3,-14,3,-14,2,-14,2,-14,1,-14,0,-14,0,-14,0,-13,-1,-14,-1,-14,-2,-14,-2,-14,-2,-15,-2,-15,-1,-15,-1,-15,0,-15,0,-15,1,-15,1,-14,2,-14,3,-13,3,-13,0,0,0,0,0,0,0,0,0,0,0,0,0,0,0,0,0,0,0,0,0,0,2,-9,2,-10,3,-10,4,-10,4,-10,5,-10,6,-10,6,-10,7,-10,7,-10,7,-10,7,-10,7,-10,7,-10,7,-10,6,-10,6,-11,5,-11,5,-11,5,-12,5,-12,5,-13,4,-12,4,-13,4,-13,4,-14]"
2025-08-18 22:35:22.228861,CSI_DATA,1884,1a:00:00:00:00:00,-42,11,0,0,0,0,0,0,0,0,0,-94,0,1,0,321474102,0,42,0,128,0,"[0,0,-6,-13,-6,-13,-6,-13,-7,-13,-7,-13,-7,-12,-7,-12,-8,-12,-8,-11,-8,-11,-9,-10,-9,-10,-10,-10,-10,-10,-10,-10,-11,-11,-10,-11,-10,-11,-10,-12,-10,-12,-9,-12,-8,-12,-8,-12,-7,-12,-6,-12,-5,-12,0,0,0,0,0,0,0,0,0,0,0,0,0,0,0,0,0,0,0,0,0,0,-5,-8,-4,-9,-4,-10,-4,-10,-3,-11,-3,-11,-2,-12,-2,-12,-2,-12,-1,-12,-1,-12,-1,-12,-1,-12,-1,-12,-2,-12,-2,-12,-2,-12,-3,-12,-3,-12,-4,-12,-4,-12,-4,-13,-5,-13,-5,-13,-5,-13,-6,-13]"
2025-08-18 22:35:22.294146,CSI_DATA,1885,1a:00:00:00:00:00,-42,11,0,0,0,0,0,0,0,0,0,-94,0,1,0,321540487,0,31,0,128,0,"[0,0,-12,-9,-11,-9,-11,-9,-12,-9,-12,-8,-12,-8,-12,-8,-12,-7,-12,-6,-13,-6,-13,-5,-13,-5,-13,-5,-14,-4,-14,-5,-14,-5,-14,-5,-14,-5,-15,-6,-14,-6,-14,-7,-13,-7,-13,-7,-12,-8,-11,-8,-10,-8,0,0,0,0,0,0,0,0,0,0,0,0,0,0,0,0,0,0,0,0,0,0,-8,-6,-8,-6,-8,-7,-8,-8,-8,-8,-7,-9,-7,-10,-7,-10,-7,-11,-7,-11,-7,-10,-6,-11,-7,-11,-7,-10,-7,-10,-7,-10,-7,-10,-8,-10,-8,-10,-8,-10,-9,-10,-9,-10,-10,-9,-11,-9,-11,-9,-11,-9]"
2025-08-18 22:35:22.498125,CSI_DATA,1886,1a:00:00:00:00:00,-42,11,0,0,0,0,0,0,0,0,0,-94,0,1,0,321741606,0,31,0,128,0,"[0,0,14,3,13,3,13,2,13,2,13,2,13,2,13,1,13,1,13,0,13,-1,13,-1,13,-2,13,-2,13,-2,14,-2,14,-2,14,-2,14,-1,15,-1,15,0,14,0,14,1,14,1,13,2,13,3,11,3,0,0,0,0,0,0,0,0,0,0,0,0,0,0,0,0,0,0,0,0,0,0,9,0,9,1,9,2,10,3,10,3,10,4,10,5,10,5,10,6,10,6,10,6,10,6,10,6,10,6,10,6,10,6,10,5,11,5,11,4,11,4,11,4,12,4,13,3,13,3,13,3,14,3]"
2025-08-18 22:35:22.607896,CSI_DATA,1887,1a:00:00:00:00:00,-42,11,0,0,0,0,0,0,0,0,0,-94,0,1,0,321856943,0,28,0,128,0,"[0,0,-8,11,-8,12,-7,11,-7,12,-7,12,-6,12,-6,12,-5,12,-5,12,-4,12,-4,12,-3,12,-3,13,-3,13,-3,13,-3,13,-3,14,-3,14,-4,14,-4,14,-5,13,-5,13,-6,13,-6,12,-7,11,-7,10,0,0,0,0,0,0,0,0,0,0,0,0,0,0,0,0,0,0,0,0,0,0,-5,8,-5,7,-7,8,-7,7,-8,8,-8,7,-9,7,-9,7,-9,7,-10,7,-10,7,-10,6,-10,6,-10,7,-9,7,-9,7,-9,7,-9,8,-9,8,-8,9,-8,9,-8,10,-8,10,-8,11,-8,11,-8,11]"
2025-08-18 22:35:22.688441,CSI_DATA,1888,1a:00:00:00:00:00,-42,11,0,0,0,0,0,0,0,0,0,-94,0,1,0,321942773,0,31,0,128,0,"[0,0,0,15,1,14,1,14,1,14,1,14,1,14,1,13,2,13,3,13,4,13,4,13,4,13,5,13,5,13,5,13,5,13,5,14,5,14,5,15,4,15,3,14,2,14,1,14,1,14,0,13,-1,13,0,0,0,0,0,0,0,0,0,0,0,0,0,0,0,0,0,0,0,0,0,0,1,9,1,10,0,10,-1,10,-1,11,-2,11,-3,12,-3,12,-3,12,-4,12,-4,11,-4,11,-4,11,-4,11,-4,11,-3,11,-3,11,-2,12,-2,12,-2,12,-1,13,-1,13,-1,13,0,14,0,14,0,14]"
2025-08-18 22:35:22.890952,CSI_DATA,1889,1a:00:00:00:00:00,-42,11,0,0,0,0,0,0,0,0,0,-94,0,1,0,322143931,0,31,0,128,0,"[0,0,13,-1,13,-2,13,-2,13,-2,13,-3,13,-3,13,-3,12,-4,12,-4,12,-5,12,-5,12,-6,12,-6,12,-6,12,-6,13,-7,13,-6,13,-6,13,-6,13,-5,13,-5,13,-4,13,-3,13,-2,13,-2,12,-1,0,0,0,0,0,0,0,0,0,0,0,0,0,0,0,0,0,0,0,0,0,0,8,-2,9,-2,9,-1,10,-1,10,0,11,1,11,1,11,1,11,2,11,2,11,3,11,3,11,2,11,2,11,2,11,2,11,1,11,1,12,1,12,0,12,0,12,-1,13,-1,13,-1,13,-1,14,-2]"
2025-08-18 22:35:23.086868,CSI_DATA,1890,1a:00:00:00:00:00,-42,11,0,0,0,0,0,0,0,0,0,-94,0,1,0,322345172,0,31,0,128,0,"[0,0,12,7,12,6,12,6,12,6,12,5,12,5,12,4,12,4,12,3,12,3,12,2,12,2,13,2,13,2,14,2,13,2,14,2,14,2,14,3,14,3,13,4,13,4,12,5,12,5,11,6,10,7,0,0,0,0,0,0,0,0,0,0,0,0,0,0,0,0,0,0,0,0,0,0,8,3,8,4,8,4,8,5,8,6,8,6,8,7,8,7,8,8,8,8,7,8,7,8,7,8,7,8,8,8,8,7,8,7,9,7,9,7,9,7,10,6,11,7,11,6,11,6,11,7,12,6]"
2025-08-18 22:35:23.293270,CSI_DATA,1891,1a:00:00:00:00:00,-42,11,0,0,0,0,0,0,0,0,0,-94,0,1,0,322546495,0,31,0,128,0,"[0,0,-5,13,-5,13,-4,12,-4,13,-4,13,-3,12,-2,13,-2,13,-2,13,-1,13,-1,12,0,13,0,13,1,13,1,14,1,13,1,14,0,14,0,14,0,14,-1,14,-2,14,-2,14,-3,13,-4,12,-4,12,0,0,0,0,0,0,0,0,0,0,0,0,0,0,0,0,0,0,0,0,0,0,-3,8,-4,8,-5,9,-5,8,-6,9,-6,9,-7,9,-7,9,-8,9,-8,8,-9,8,-9,8,-8,8,-8,8,-8,8,-7,9,-7,9,-7,10,-6,10,-6,11,-6,11,-6,11,-6,12,-6,12,-5,12,-5,12]"
2025-08-18 22:35:23.493194,CSI_DATA,1892,1a:00:00:00:00:00,-42,11,0,0,0,0,0,0,0,0,0,-94,0,1,0,322747614,0,31,0,128,0,"[0,0,1,15,1,14,1,14,2,14,2,14,2,13,3,13,4,13,4,13,4,13,5,12,5,12,5,12,6,13,6,13,6,13,6,13,6,14,5,14,5,14,4,14,3,14,3,14,2,14,1,13,0,13,0,0,0,0,0,0,0,0,0,0,0,0,0,0,0,0,0,0,0,0,0,0,2,9,2,10,1,10,0,10,0,11,-1,11,-1,12,-2,12,-2,12,-3,12,-3,12,-3,12,-3,12,-3,12,-3,12,-2,12,-2,12,-1,12,-1,12,-1,13,0,13,0,13,1,14,1,14,1,14,2,14]"
2025-08-18 22:35:23.708643,CSI_DATA,1893,1a:00:00:00:00:00,-42,11,0,0,0,0,0,0,0,0,0,-94,0,1,0,322948708,0,31,0,128,0,"[0,0,0,-15,-1,-15,-1,-15,-1,-15,-1,-15,-2,-14,-2,-14,-3,-14,-3,-13,-4,-14,-4,-13,-5,-14,-5,-14,-6,-14,-6,-14,-6,-14,-5,-15,-5,-15,-5,-15,-4,-15,-4,-15,-3,-15,-2,-15,-1,-15,-1,-14,0,-14,0,0,0,0,0,0,0,0,0,0,0,0,0,0,0,0,0,0,0,0,0,0,-2,-10,-1,-10,0,-11,0,-11,1,-12,2,-12,2,-12,3,-12,3,-12,4,-12,4,-12,4,-12,4,-12,4,-12,3,-12,3,-12,3,-12,2,-12,2,-13,1,-13,1,-13,1,-14,0,-14,0,-14,0,-15,0,-15]"
2025-08-18 22:35:23.754814,CSI_DATA,1894,1a:00:00:00:00:00,-42,11,0,0,0,0,0,0,0,0,0,-94,0,1,0,323009492,0,42,0,128,0,"[0,0,1,14,1,13,1,13,2,13,2,13,2,13,3,13,3,12,3,12,4,11,5,11,5,11,5,12,6,12,6,12,6,12,6,12,6,13,5,13,5,13,4,13,3,13,2,13,2,13,1,12,0,12,0,0,0,0,0,0,0,0,0,0,0,0,0,0,0,0,0,0,0,0,0,0,2,8,1,9,1,9,0,10,0,10,-1,11,-2,11,-2,11,-2,11,-3,11,-3,11,-3,11,-3,11,-3,11,-3,11,-2,11,-2,11,-1,11,-1,12,-1,12,0,12,0,12,0,12,1,13,1,13,1,14]"
2025-08-18 22:35:23.818530,CSI_DATA,1895,1a:00:00:00:00:00,-42,11,0,0,0,0,0,0,0,0,0,-94,0,1,0,323076500,0,31,0,128,0,"[0,0,12,7,12,6,12,6,12,6,12,6,12,5,12,5,12,4,12,4,12,3,13,2,13,2,13,2,13,1,14,1,14,1,14,2,15,2,15,3,14,3,14,4,13,4,12,5,12,5,11,5,11,6,0,0,0,0,0,0,0,0,0,0,0,0,0,0,0,0,0,0,0,0,0,0,8,4,8,4,8,5,8,6,8,6,8,7,8,8,8,8,7,9,7,9,7,9,7,9,7,9,7,9,7,9,8,8,8,8,9,8,9,8,9,8,10,8,10,7,11,7,11,7,11,7,12,7]"
2025-08-18 22:35:24.033343,CSI_DATA,1896,1a:00:00:00:00:00,-42,11,0,0,0,0,0,0,0,0,0,-94,0,1,0,323277654,0,31,0,128,0,"[0,0,12,7,12,6,12,6,12,6,12,6,12,5,12,5,12,4,12,4,12,3,13,3,13,2,13,2,13,2,14,2,14,2,14,2,14,2,14,2,14,3,14,4,13,5,13,5,12,5,11,6,11,6,0,0,0,0,0,0,0,0,0,0,0,0,0,0,0,0,0,0,0,0,0,0,8,4,8,4,8,5,8,6,8,6,8,7,8,8,8,8,8,9,7,9,7,9,7,9,7,9,7,9,7,9,7,8,8,8,8,8,9,8,9,7,10,7,10,7,11,7,11,7,11,7,12,7]"
2025-08-18 22:35:24.230470,CSI_DATA,1897,1a:00:00:00:00:00,-42,11,0,0,0,0,0,0,0,0,0,-94,0,1,0,323478757,0,31,0,128,0,"[0,0,-15,-2,-14,-2,-14,-1,-14,-1,-14,-1,-14,-1,-14,0,-14,1,-14,1,-13,2,-13,2,-13,3,-14,3,-14,3,-14,3,-15,3,-14,3,-15,3,-15,2,-15,2,-15,1,-15,0,-14,0,-14,0,-13,-1,-14,-2,0,0,0,0,0,0,0,0,0,0,0,0,0,0,0,0,0,0,0,0,0,0,-10,0,-10,-1,-10,-2,-11,-2,-11,-3,-12,-3,-11,-4,-11,-5,-11,-5,-11,-5,-11,-5,-11,-5,-11,-5,-11,-5,-11,-5,-11,-5,-12,-5,-11,-4,-12,-4,-12,-3,-13,-3,-13,-3,-13,-2,-14,-2,-14,-2,-14,-2]"
2025-08-18 22:35:24.427129,CSI_DATA,1898,1a:00:00:00:00:00,-42,11,0,0,0,0,0,0,0,0,0,-94,0,1,0,323680076,0,31,0,128,0,"[0,0,14,-2,13,-3,13,-3,13,-3,13,-4,12,-4,12,-4,12,-5,12,-5,11,-6,11,-6,11,-7,11,-7,12,-7,11,-7,12,-8,12,-7,13,-8,13,-7,13,-6,13,-6,13,-5,12,-4,13,-4,12,-3,12,-2,0,0,0,0,0,0,0,0,0,0,0,0,0,0,0,0,0,0,0,0,0,0,8,-3,9,-3,9,-2,10,-1,10,-1,11,0,11,1,11,1,11,1,11,1,11,2,11,2,11,1,11,1,11,1,11,1,11,1,11,0,12,-1,12,-1,12,-1,12,-2,12,-2,13,-2,13,-2,14,-3]"
2025-08-18 22:35:24.635083,CSI_DATA,1899,1a:00:00:00:00:00,-42,11,0,0,0,0,0,0,0,0,0,-94,0,1,0,323881242,0,31,0,128,0,"[0,0,-14,-5,-13,-4,-14,-4,-14,-4,-14,-4,-14,-3,-14,-3,-14,-2,-14,-2,-13,-1,-14,-1,-14,-1,-14,0,-14,0,-14,0,-15,0,-14,0,-15,0,-16,-1,-15,-1,-15,-2,-14,-3,-14,-3,-14,-3,-13,-4,-13,-5,0,0,0,0,0,0,0,0,0,0,0,0,0,0,0,0,0,0,0,0,0,0,-9,-2,-10,-3,-10,-3,-10,-4,-10,-5,-11,-6,-10,-6,-10,-7,-10,-7,-10,-7,-10,-7,-10,-8,-10,-7,-10,-7,-10,-7,-10,-7,-11,-7,-11,-6,-12,-6,-12,-6,-12,-5,-13,-5,-13,-5,-13,-5,-13,-5,-14,-5]"
2025-08-18 22:35:24.827299,CSI_DATA,1900,1a:00:00:00:00:00,-42,11,0,0,0,0,0,0,0,0,0,-94,0,1,0,324082361,0,31,0,128,0,"[0,0,14,2,14,1,14,1,14,0,14,0,14,0,14,0,14,-1,13,-1,13,-2,13,-3,13,-3,13,-4,13,-4,14,-4,14,-4,14,-4,15,-3,15,-3,15,-2,15,-1,14,-1,14,0,14,0,13,1,13,2,0,0,0,0,0,0,0,0,0,0,0,0,0,0,0,0,0,0,0,0,0,0,9,-1,10,0,10,1,10,1,10,2,11,3,11,3,11,4,11,5,11,5,11,5,11,5,11,5,11,4,11,4,11,4,11,4,11,3,12,3,12,3,12,3,13,2,13,2,14,1,14,1,14,1]"
2025-08-18 22:35:25.031879,CSI_DATA,1901,1a:00:00:00:00:00,-42,11,0,0,0,0,0,0,0,0,0,-94,0,1,0,324283624,0,31,0,128,0,"[0,0,-11,9,-11,9,-10,9,-10,9,-10,10,-9,10,-9,10,-8,10,-8,10,-8,11,-7,11,-7,11,-7,11,-6,12,-6,12,-6,12,-7,12,-7,12,-8,12,-8,12,-8,12,-9,11,-9,10,-10,10,-10,9,-10,8,0,0,0,0,0,0,0,0,0,0,0,0,0,0,0,0,0,0,0,0,0,0,-7,6,-7,6,-8,6,-9,6,-9,6,-10,5,-10,5,-11,5,-11,5,-11,4,-11,4,-11,4,-11,4,-11,4,-11,4,-11,4,-11,5,-11,6,-11,6,-10,7,-11,7,-10,8,-11,8,-11,8,-11,9,-11,9]"
2025-08-18 22:35:25.233409,CSI_DATA,1902,1a:00:00:00:00:00,-42,11,0,0,0,0,0,0,0,0,0,-94,0,1,0,324484733,0,31,0,128,0,"[0,0,13,-5,12,-6,12,-6,12,-6,12,-7,11,-6,11,-7,11,-8,10,-7,10,-8,10,-8,10,-9,10,-9,10,-9,10,-10,10,-10,10,-10,11,-10,11,-9,11,-9,12,-8,12,-8,12,-7,12,-6,12,-5,12,-4,0,0,0,0,0,0,0,0,0,0,0,0,0,0,0,0,0,0,0,0,0,0,7,-5,8,-5,9,-4,9,-4,10,-4,11,-3,11,-3,12,-2,11,-2,11,-2,11,-1,11,-1,11,-1,11,-1,11,-2,11,-2,11,-2,11,-3,11,-3,11,-4,11,-4,12,-4,12,-5,12,-5,12,-5,13,-6]"
2025-08-18 22:35:25.295998,CSI_DATA,1903,1a:00:00:00:00:00,-42,11,0,0,0,0,0,0,0,0,0,-94,0,1,0,324545521,0,42,0,128,0,"[0,0,-14,2,-14,2,-14,2,-14,2,-14,3,-14,3,-13,3,-13,4,-13,4,-12,5,-12,5,-12,6,-12,6,-12,6,-13,7,-13,7,-13,7,-13,7,-14,6,-14,6,-14,5,-14,4,-14,4,-14,3,-13,2,-13,1,0,0,0,0,0,0,0,0,0,0,0,0,0,0,0,0,0,0,0,0,0,0,-9,2,-10,1,-11,1,-11,0,-11,0,-12,-1,-12,-1,-12,-2,-12,-3,-12,-3,-12,-3,-12,-3,-12,-3,-12,-3,-12,-2,-12,-2,-12,-2,-12,-1,-13,-1,-13,0,-13,0,-13,0,-14,1,-14,1,-14,1,-14,2]"
2025-08-18 22:35:25.365902,CSI_DATA,1904,1a:00:00:00:00:00,-42,11,0,0,0,0,0,0,0,0,0,-94,0,1,0,324613090,0,31,0,128,0,"[0,0,-13,-7,-13,-7,-13,-7,-13,-7,-13,-6,-13,-6,-13,-6,-13,-5,-13,-5,-13,-4,-13,-4,-13,-3,-14,-3,-14,-3,-14,-3,-14,-3,-14,-3,-15,-3,-15,-3,-15,-4,-14,-4,-14,-5,-13,-5,-13,-6,-12,-6,-12,-7,0,0,0,0,0,0,0,0,0,0,0,0,0,0,0,0,0,0,0,0,0,0,-9,-5,-9,-5,-9,-6,-9,-7,-9,-7,-9,-8,-9,-8,-9,-9,-8,-9,-8,-9,-8,-10,-8,-10,-8,-10,-8,-9,-8,-9,-8,-9,-9,-9,-9,-8,-10,-8,-10,-8,-10,-8,-11,-8,-11,-8,-12,-8,-12,-8,-12,-8]"
2025-08-18 22:35:25.562638,CSI_DATA,1905,1a:00:00:00:00:00,-42,11,0,0,0,0,0,0,0,0,0,-94,0,1,0,324814303,0,31,0,128,0,"[0,0,-10,10,-10,10,-9,10,-9,10,-9,10,-9,10,-8,10,-8,11,-7,11,-7,11,-6,11,-6,12,-5,12,-5,12,-5,12,-5,13,-6,13,-6,13,-7,13,-7,13,-8,12,-8,11,-8,11,-8,10,-9,9,-9,9,0,0,0,0,0,0,0,0,0,0,0,0,0,0,0,0,0,0,0,0,0,0,-6,7,-7,7,-7,7,-8,6,-9,6,-9,6,-10,6,-10,6,-11,5,-11,5,-11,5,-11,5,-11,5,-11,5,-11,5,-10,5,-10,6,-10,6,-10,7,-10,7,-10,8,-10,8,-10,9,-10,9,-10,9,-10,10]"
2025-08-18 22:35:25.781253,CSI_DATA,1906,1a:00:00:00:00:00,-42,11,0,0,0,0,0,0,0,0,0,-94,0,1,0,325015435,0,31,0,128,0,"[0,0,-10,-11,-10,-11,-10,-11,-10,-10,-10,-10,-11,-10,-11,-9,-11,-9,-11,-8,-11,-8,-12,-8,-12,-7,-12,-7,-13,-6,-13,-7,-13,-7,-13,-7,-14,-8,-14,-8,-13,-8,-12,-9,-12,-9,-11,-9,-10,-10,-10,-10,-9,-10,0,0,0,0,0,0,0,0,0,0,0,0,0,0,0,0,0,0,0,0,0,0,-7,-7,-7,-8,-6,-9,-6,-9,-6,-10,-6,-10,-6,-11,-5,-11,-5,-12,-5,-12,-5,-12,-4,-12,-4,-12,-4,-11,-5,-11,-5,-11,-5,-11,-6,-11,-7,-11,-7,-11,-8,-11,-8,-11,-9,-11,-9,-11,-9,-11,-9,-11]"
2025-08-18 22:35:25.973732,CSI_DATA,1907,1a:00:00:00:00:00,-42,11,0,0,0,0,0,0,0,0,0,-94,0,1,0,325216594,0,31,0,128,0,"[0,0,-14,-5,-14,-4,-14,-4,-14,-4,-14,-3,-14,-3,-14,-3,-14,-2,-13,-2,-14,-1,-14,-1,-14,0,-14,0,-14,0,-14,1,-15,1,-15,0,-15,0,-15,-1,-15,-1,-15,-2,-15,-2,-14,-3,-14,-4,-13,-4,-13,-5,0,0,0,0,0,0,0,0,0,0,0,0,0,0,0,0,0,0,0,0,0,0,-10,-2,-10,-2,-10,-3,-10,-4,-10,-4,-11,-5,-11,-6,-10,-6,-10,-7,-10,-7,-10,-7,-10,-8,-10,-7,-10,-7,-10,-7,-10,-6,-11,-6,-11,-6,-11,-6,-12,-5,-12,-5,-12,-5,-13,-5,-13,-5,-13,-5,-14,-5]"
2025-08-18 22:35:26.167023,CSI_DATA,1908,1a:00:00:00:00:00,-42,11,0,0,0,0,0,0,0,0,0,-94,0,1,0,325417832,0,31,0,128,0,"[0,0,-13,6,-13,6,-13,6,-12,6,-12,7,-12,7,-11,7,-11,7,-11,8,-10,8,-10,9,-10,9,-10,9,-10,10,-10,10,-10,10,-10,10,-10,10,-11,10,-11,9,-12,9,-12,8,-12,8,-12,7,-12,6,-12,5,0,0,0,0,0,0,0,0,0,0,0,0,0,0,0,0,0,0,0,0,0,0,-8,4,-9,4,-10,3,-10,3,-11,3,-11,2,-12,2,-12,1,-12,1,-12,1,-12,1,-12,0,-12,1,-12,1,-12,1,-12,1,-12,2,-12,2,-12,3,-12,3,-12,4,-12,4,-13,5,-13,5,-13,5,-13,5]"
2025-08-18 22:35:26.567251,CSI_DATA,1909,1a:00:00:00:00:00,-42,11,0,0,0,0,0,0,0,0,0,-94,0,1,0,325618954,0,31,0,128,0,"[0,0,-12,-11,-12,-10,-12,-10,-12,-10,-12,-9,-12,-9,-12,-9,-12,-8,-13,-8,-13,-7,-13,-6,-14,-6,-14,-6,-14,-6,-14,-6,-15,-6,-15,-6,-15,-6,-15,-7,-14,-7,-14,-8,-13,-9,-13,-9,-12,-9,-11,-9,-11,-10,0,0,0,0,0,0,0,0,0,0,0,0,0,0,0,0,0,0,0,0,0,0,-8,-6,-9,-7,-8,-8,-8,-8,-8,-9,-8,-10,-7,-11,-7,-11,-7,-11,-7,-11,-7,-11,-7,-11,-7,-11,-7,-11,-7,-11,-7,-11,-8,-11,-8,-10,-9,-10,-9,-11,-9,-10,-10,-10,-10,-10,-11,-10,-11,-10,-12,-10]"
2025-08-18 22:35:26.573484,CSI_DATA,1910,1a:00:00:00:00:00,-42,11,0,0,0,0,0,0,0,0,0,-94,0,1,0,325820120,0,31,0,128,0,"[0,0,-1,14,-1,13,-1,14,0,13,0,13,0,13,1,13,1,13,2,12,2,12,2,12,3,12,3,12,4,13,4,13,4,13,4,13,4,14,3,14,3,14,2,14,2,14,1,13,0,13,-1,13,-2,12,0,0,0,0,0,0,0,0,0,0,0,0,0,0,0,0,0,0,0,0,0,0,0,9,-1,9,-1,9,-2,10,-2,10,-3,10,-4,11,-4,11,-4,11,-5,10,-5,10,-5,10,-5,10,-5,10,-5,10,-4,10,-4,11,-3,11,-3,11,-3,12,-3,12,-2,12,-2,13,-2,13,-2,13,-1,13]"
2025-08-18 22:35:26.771079,CSI_DATA,1911,1a:00:00:00:00:00,-42,11,0,0,0,0,0,0,0,0,0,-94,0,1,0,326021444,0,31,0,128,0,"[0,0,13,-6,13,-7,12,-6,13,-7,12,-7,12,-7,11,-8,11,-8,11,-8,10,-9,10,-9,9,-10,10,-10,10,-10,10,-11,10,-10,11,-11,11,-10,12,-10,12,-10,12,-9,12,-8,12,-8,12,-7,12,-6,12,-5,0,0,0,0,0,0,0,0,0,0,0,0,0,0,0,0,0,0,0,0,0,0,8,-5,8,-5,9,-4,9,-4,10,-4,11,-3,11,-3,11,-2,12,-2,12,-2,12,-2,12,-1,12,-1,11,-2,11,-2,12,-2,11,-2,11,-3,12,-3,12,-4,12,-4,12,-5,12,-5,12,-6,13,-6,13,-6]"
2025-08-18 22:35:26.824338,CSI_DATA,1912,1a:00:00:00:00:00,-42,11,0,0,0,0,0,0,0,0,0,-94,0,1,0,326082224,0,42,0,128,0,"[0,0,9,10,9,10,8,9,9,10,9,9,9,9,9,8,10,8,10,7,10,7,11,7,11,6,11,6,11,6,12,6,12,6,12,7,12,7,12,8,12,8,11,8,10,9,10,9,9,9,8,9,8,9,0,0,0,0,0,0,0,0,0,0,0,0,0,0,0,0,0,0,0,0,0,0,6,6,6,6,6,7,6,8,5,8,5,9,5,10,5,10,4,10,4,11,4,11,3,11,4,10,4,10,4,10,4,10,5,10,5,10,6,10,6,10,7,10,7,10,8,10,8,10,8,10,9,10]"
2025-08-18 22:35:26.892122,CSI_DATA,1913,1a:00:00:00:00:00,-42,11,0,0,0,0,0,0,0,0,0,-94,0,1,0,326149133,0,31,0,128,0,"[0,0,6,12,6,12,6,11,6,12,6,11,7,11,7,11,7,10,7,10,8,9,8,9,9,9,9,9,9,9,10,9,10,9,10,10,9,10,9,11,9,11,8,11,8,11,7,11,6,11,5,11,4,11,0,0,0,0,0,0,0,0,0,0,0,0,0,0,0,0,0,0,0,0,0,0,5,7,4,8,4,8,3,9,4,9,3,10,3,11,2,11,2,11,1,11,1,11,1,11,1,11,1,11,1,11,1,11,2,11,3,11,3,11,4,11,4,11,5,11,5,12,5,12,5,12,6,12]"
2025-08-18 22:35:27.099115,CSI_DATA,1914,1a:00:00:00:00:00,-42,11,0,0,0,0,0,0,0,0,0,-94,0,1,0,326350296,0,31,0,128,0,"[0,0,-1,13,-1,13,-1,13,-1,13,0,13,0,13,0,12,1,12,1,12,2,12,2,12,3,12,3,12,3,12,3,12,3,13,3,13,3,13,2,13,2,13,1,13,1,13,0,13,0,13,-1,12,-2,12,0,0,0,0,0,0,0,0,0,0,0,0,0,0,0,0,0,0,0,0,0,0,0,8,-1,9,-1,9,-2,9,-2,10,-3,10,-4,10,-4,10,-5,10,-5,10,-5,10,-5,10,-5,10,-5,10,-4,10,-4,10,-4,10,-3,10,-3,11,-3,11,-3,11,-2,12,-2,12,-2,13,-2,13,-1,13]"
2025-08-18 22:35:27.313634,CSI_DATA,1915,1a:00:00:00:00:00,-42,11,0,0,0,0,0,0,0,0,0,-94,0,1,0,326551439,0,31,0,128,0,"[0,0,10,-9,10,-10,10,-10,10,-10,9,-10,9,-10,9,-10,8,-11,8,-10,7,-11,7,-12,6,-12,6,-12,6,-13,6,-13,6,-13,6,-13,7,-13,7,-13,8,-12,8,-12,8,-11,9,-11,9,-10,9,-10,10,-9,0,0,0,0,0,0,0,0,0,0,0,0,0,0,0,0,0,0,0,0,0,0,6,-7,7,-7,7,-7,8,-6,9,-6,9,-6,10,-5,10,-5,11,-5,11,-5,11,-4,11,-4,10,-5,10,-5,10,-5,10,-5,10,-6,10,-6,10,-6,10,-7,10,-7,10,-8,10,-8,10,-9,10,-9,10,-10]"
2025-08-18 22:35:27.500246,CSI_DATA,1916,1a:00:00:00:00:00,-42,11,0,0,0,0,0,0,0,0,0,-94,0,1,0,326752782,0,31,0,128,0,"[0,0,9,-11,8,-11,8,-11,8,-11,8,-12,7,-11,7,-12,6,-12,6,-12,5,-12,5,-12,5,-12,4,-13,4,-13,5,-14,4,-14,5,-14,5,-14,5,-14,6,-13,6,-13,6,-13,7,-12,7,-11,7,-11,8,-10,0,0,0,0,0,0,0,0,0,0,0,0,0,0,0,0,0,0,0,0,0,0,5,-8,5,-8,6,-8,7,-8,8,-8,8,-7,9,-7,9,-7,9,-7,10,-6,10,-6,10,-6,10,-6,9,-6,9,-6,9,-7,9,-7,9,-8,9,-8,9,-9,8,-9,8,-9,9,-10,9,-10,9,-10,9,-11]"
2025-08-18 22:35:27.702801,CSI_DATA,1917,1a:00:00:00:00:00,-42,11,0,0,0,0,0,0,0,0,0,-94,0,1,0,326953721,0,31,0,128,0,"[0,0,-12,7,-12,7,-12,7,-12,8,-11,8,-11,8,-10,8,-10,9,-9,9,-9,9,-9,10,-9,10,-9,10,-8,11,-8,11,-9,11,-9,11,-10,11,-10,11,-10,11,-10,10,-10,10,-11,9,-11,8,-11,7,-11,6,0,0,0,0,0,0,0,0,0,0,0,0,0,0,0,0,0,0,0,0,0,0,-8,5,-8,5,-9,5,-10,4,-10,4,-11,4,-11,3,-12,3,-12,3,-12,2,-12,2,-12,2,-12,2,-12,2,-12,2,-11,3,-12,3,-11,4,-11,4,-12,5,-12,5,-12,6,-12,6,-12,7,-12,7,-12,7]"
2025-08-18 22:35:27.905232,CSI_DATA,1918,1a:00:00:00:00:00,-42,11,0,0,0,0,0,0,0,0,0,-94,0,1,0,327155118,0,31,0,128,0,"[0,0,2,-14,2,-14,2,-14,2,-14,1,-14,1,-14,1,-14,0,-14,0,-13,-1,-13,-2,-14,-2,-14,-3,-14,-3,-14,-3,-14,-3,-15,-3,-15,-2,-15,-2,-15,-1,-15,-1,-15,0,-15,0,-14,1,-14,1,-13,2,-13,0,0,0,0,0,0,0,0,0,0,0,0,0,0,0,0,0,0,0,0,0,0,1,-10,1,-10,2,-10,3,-10,3,-11,4,-11,5,-11,5,-11,6,-11,6,-10,6,-11,6,-10,6,-11,6,-10,5,-11,5,-10,5,-11,4,-11,4,-12,4,-12,4,-12,4,-13,3,-13,3,-13,3,-14,3,-14]"
2025-08-18 22:35:28.101714,CSI_DATA,1919,1a:00:00:00:00:00,-42,11,0,0,0,0,0,0,0,0,0,-94,0,1,0,327356259,0,31,0,128,0,"[0,0,0,14,1,13,1,13,2,13,2,13,2,13,2,13,3,12,3,12,4,12,4,12,5,12,5,12,6,12,6,12,6,12,6,13,6,13,5,13,5,13,4,13,3,13,2,13,2,13,1,12,0,12,0,0,0,0,0,0,0,0,0,0,0,0,0,0,0,0,0,0,0,0,0,0,1,8,1,9,0,9,-1,10,-1,10,-2,11,-3,11,-3,11,-3,11,-4,11,-4,11,-4,11,-4,11,-4,11,-3,11,-3,11,-3,11,-2,11,-2,11,-1,12,-1,12,-1,12,0,13,0,13,0,13,0,13]"
2025-08-18 22:35:28.309904,CSI_DATA,1920,1a:00:00:00:00:00,-42,11,0,0,0,0,0,0,0,0,0,-94,0,1,0,327557397,0,31,0,128,0,"[0,0,-14,-5,-14,-5,-14,-5,-14,-4,-14,-4,-14,-3,-14,-3,-13,-2,-14,-2,-14,-2,-14,-1,-14,0,-14,0,-14,0,-15,0,-15,0,-15,0,-15,0,-15,0,-15,-1,-15,-2,-14,-2,-14,-3,-14,-3,-13,-4,-13,-5,0,0,0,0,0,0,0,0,0,0,0,0,0,0,0,0,0,0,0,0,0,0,-9,-3,-10,-4,-10,-4,-10,-5,-10,-6,-10,-6,-10,-7,-10,-7,-10,-8,-10,-8,-10,-8,-9,-8,-9,-8,-10,-8,-10,-8,-10,-7,-10,-7,-11,-7,-11,-7,-11,-6,-12,-6,-12,-6,-13,-5,-13,-5,-13,-5,-13,-5]"
2025-08-18 22:35:28.359344,CSI_DATA,1921,1a:00:00:00:00:00,-42,11,0,0,0,0,0,0,0,0,0,-94,0,1,0,327618183,0,42,0,128,0,"[0,0,10,9,10,9,10,8,10,8,10,8,10,8,10,7,11,7,11,6,11,6,11,5,11,5,12,5,12,5,13,5,13,5,13,5,13,6,13,6,13,6,12,7,11,7,11,8,10,8,9,8,9,9,0,0,0,0,0,0,0,0,0,0,0,0,0,0,0,0,0,0,0,0,0,0,7,5,7,5,7,6,7,7,7,7,7,8,6,9,6,9,6,9,5,10,5,10,5,10,5,10,5,9,5,9,6,9,6,9,6,9,7,9,8,9,8,9,8,9,9,9,9,9,10,9,10,9]"
2025-08-18 22:35:28.431862,CSI_DATA,1922,1a:00:00:00:00:00,-42,11,0,0,0,0,0,0,0,0,0,-94,0,1,0,327684284,0,31,0,128,0,"[0,0,-2,14,-2,14,-2,13,-1,13,-1,13,-1,13,0,13,0,13,1,12,2,12,2,12,3,12,3,13,3,13,3,13,3,13,3,14,3,14,2,14,2,14,1,14,0,14,0,13,-1,13,-1,12,-2,12,0,0,0,0,0,0,0,0,0,0,0,0,0,0,0,0,0,0,0,0,0,0,0,9,-1,9,-1,9,-2,9,-3,10,-3,10,-4,10,-5,10,-5,11,-5,10,-5,10,-5,10,-5,10,-5,10,-5,10,-5,10,-4,11,-4,11,-3,11,-3,12,-3,12,-3,12,-2,13,-2,13,-2,13,-2,13]"
2025-08-18 22:35:28.637211,CSI_DATA,1923,1a:00:00:00:00:00,-42,11,0,0,0,0,0,0,0,0,0,-94,0,1,0,327885339,0,31,0,128,0,"[0,0,-15,-2,-15,-2,-15,-1,-15,-1,-14,-1,-14,0,-14,0,-14,1,-14,1,-14,2,-14,2,-13,3,-14,3,-14,3,-14,4,-14,3,-15,3,-15,3,-15,3,-15,3,-15,2,-15,1,-15,0,-14,0,-14,-1,-14,-2,0,0,0,0,0,0,0,0,0,0,0,0,0,0,0,0,0,0,0,0,0,0,-10,0,-10,-1,-11,-2,-11,-2,-11,-3,-12,-4,-12,-4,-12,-5,-12,-5,-12,-5,-12,-6,-11,-6,-11,-6,-11,-5,-11,-5,-11,-5,-12,-4,-12,-4,-13,-4,-13,-3,-13,-3,-14,-3,-14,-2,-14,-2,-14,-2,-14,-2]"
2025-08-18 22:35:28.840088,CSI_DATA,1924,1a:00:00:00:00:00,-42,11,0,0,0,0,0,0,0,0,0,-94,0,1,0,328086495,0,31,0,128,0,"[0,0,12,7,12,7,11,6,12,6,12,6,11,6,12,5,12,4,12,4,12,3,12,3,12,2,13,2,13,2,13,2,13,2,14,3,14,3,14,3,14,4,13,4,13,5,12,5,11,5,11,6,10,7,0,0,0,0,0,0,0,0,0,0,0,0,0,0,0,0,0,0,0,0,0,0,8,4,8,4,8,5,8,6,8,6,8,7,7,8,7,8,7,9,7,9,7,9,7,9,7,9,7,9,7,8,7,8,7,8,8,8,8,7,9,8,9,7,10,7,10,7,11,7,11,7,11,7]"
2025-08-18 22:35:29.049441,CSI_DATA,1925,1a:00:00:00:00:00,-42,11,0,0,0,0,0,0,0,0,0,-94,0,1,0,328287864,0,31,0,128,0,"[0,0,-13,-8,-12,-7,-13,-7,-12,-7,-13,-6,-13,-6,-13,-5,-13,-5,-13,-4,-13,-4,-13,-3,-13,-3,-13,-3,-14,-2,-14,-2,-14,-2,-14,-3,-15,-3,-15,-3,-14,-4,-14,-4,-14,-5,-13,-5,-13,-6,-12,-6,-12,-7,0,0,0,0,0,0,0,0,0,0,0,0,0,0,0,0,0,0,0,0,0,0,-9,-4,-9,-5,-9,-6,-9,-7,-9,-7,-9,-8,-9,-9,-8,-9,-8,-9,-8,-10,-8,-10,-8,-10,-8,-10,-8,-9,-8,-9,-8,-9,-9,-9,-9,-8,-10,-8,-10,-8,-10,-8,-11,-8,-11,-8,-12,-8,-12,-8,-12,-7]"
2025-08-18 22:35:29.235940,CSI_DATA,1926,1a:00:00:00:00:00,-42,11,0,0,0,0,0,0,0,0,0,-94,0,1,0,328488975,0,31,0,128,0,"[0,0,6,-12,6,-13,6,-12,6,-13,5,-13,5,-13,4,-13,4,-13,3,-13,3,-13,2,-13,2,-13,2,-14,1,-14,1,-15,1,-14,1,-15,2,-15,2,-15,3,-15,3,-14,4,-14,4,-14,5,-13,5,-12,6,-12,0,0,0,0,0,0,0,0,0,0,0,0,0,0,0,0,0,0,0,0,0,0,4,-8,4,-9,5,-9,6,-8,7,-9,7,-8,8,-8,8,-8,8,-8,9,-7,9,-7,9,-7,9,-7,8,-7,8,-7,8,-8,8,-8,8,-9,7,-9,7,-10,7,-10,7,-11,7,-11,7,-12,7,-12,7,-12]"
2025-08-18 22:35:29.434532,CSI_DATA,1927,1a:00:00:00:00:00,-42,11,0,0,0,0,0,0,0,0,0,-94,0,1,0,328690115,0,31,0,128,0,"[0,0,3,14,3,13,3,13,3,13,4,13,4,12,4,12,5,12,5,12,5,11,6,11,7,11,7,11,7,11,8,11,8,12,8,12,8,12,7,13,6,13,6,13,5,13,4,12,4,13,3,12,2,12,0,0,0,0,0,0,0,0,0,0,0,0,0,0,0,0,0,0,0,0,0,0,2,8,2,9,1,10,1,10,0,10,0,11,-1,11,-2,12,-2,11,-2,11,-2,12,-3,11,-2,11,-2,11,-2,11,-2,11,-1,11,0,11,0,12,0,12,1,12,1,12,2,12,2,13,2,13,2,13]"
2025-08-18 22:35:29.642667,CSI_DATA,1928,1a:00:00:00:00:00,-42,11,0,0,0,0,0,0,0,0,0,-94,0,1,0,328891257,0,31,0,128,0,"[0,0,-14,0,-14,1,-14,1,-14,1,-14,1,-14,1,-13,2,-13,3,-13,3,-12,4,-12,4,-12,5,-12,5,-13,5,-12,6,-13,6,-13,5,-14,5,-14,5,-14,5,-14,4,-14,3,-14,3,-13,2,-13,2,-13,1,0,0,0,0,0,0,0,0,0,0,0,0,0,0,0,0,0,0,0,0,0,0,-10,1,-10,0,-10,-1,-11,-1,-11,-2,-12,-2,-12,-3,-12,-3,-12,-4,-12,-4,-12,-4,-12,-4,-12,-4,-12,-4,-12,-4,-11,-3,-12,-3,-12,-2,-12,-2,-13,-2,-13,-2,-13,-1,-14,0,-14,0,-14,0,-14,0]"
2025-08-18 22:35:29.840157,CSI_DATA,1929,1a:00:00:00:00:00,-42,11,0,0,0,0,0,0,0,0,0,-94,0,1,0,329092417,0,31,0,128,0,"[0,0,14,-4,14,-5,13,-5,13,-6,12,-6,12,-6,12,-6,12,-7,11,-7,11,-8,11,-8,10,-9,10,-9,10,-9,11,-10,11,-10,12,-10,11,-9,12,-9,13,-9,13,-8,13,-7,13,-7,12,-6,12,-5,12,-4,0,0,0,0,0,0,0,0,0,0,0,0,0,0,0,0,0,0,0,0,0,0,9,-5,9,-4,10,-4,10,-3,11,-3,11,-2,12,-1,12,-1,12,0,12,0,12,0,12,0,12,0,12,0,12,0,12,-1,12,-1,12,-2,12,-2,12,-2,12,-3,13,-3,13,-4,13,-4,13,-4,13,-5]"
2025-08-18 22:35:29.899673,CSI_DATA,1930,1a:00:00:00:00:00,-42,11,0,0,0,0,0,0,0,0,0,-94,0,1,0,329153212,0,42,0,128,0,"[0,0,-4,13,-4,13,-4,13,-3,13,-3,13,-2,12,-2,12,-1,13,-1,12,-1,12,0,12,0,12,0,13,1,13,1,13,2,13,1,14,1,14,1,14,0,14,0,14,-1,14,-2,13,-3,13,-3,12,-4,12,0,0,0,0,0,0,0,0,0,0,0,0,0,0,0,0,0,0,0,0,0,0,-2,9,-3,9,-3,9,-4,9,-4,10,-5,10,-6,10,-6,10,-7,10,-7,9,-8,9,-8,9,-8,9,-7,9,-7,9,-7,9,-6,10,-6,10,-6,10,-5,11,-5,11,-5,12,-5,12,-5,12,-5,13,-4,13]"
2025-08-18 22:35:29.978362,CSI_DATA,1931,1a:00:00:00:00:00,-42,11,0,0,0,0,0,0,0,0,0,-94,0,1,0,329224179,0,31,0,128,0,"[0,0,-12,-10,-12,-10,-12,-9,-12,-9,-12,-9,-12,-8,-12,-8,-12,-7,-13,-7,-13,-6,-13,-6,-13,-5,-14,-5,-14,-5,-15,-5,-14,-5,-15,-5,-15,-6,-15,-6,-15,-7,-14,-7,-13,-8,-13,-8,-12,-8,-11,-9,-11,-9,0,0,0,0,0,0,0,0,0,0,0,0,0,0,0,0,0,0,0,0,0,0,-9,-6,-9,-6,-9,-8,-8,-8,-9,-9,-8,-10,-8,-10,-8,-11,-7,-11,-7,-11,-7,-11,-7,-11,-7,-11,-7,-11,-7,-11,-7,-11,-8,-10,-8,-10,-8,-10,-9,-10,-10,-10,-10,-10,-11,-10,-11,-10,-11,-10,-11,-10]"
2025-08-18 22:35:30.172111,CSI_DATA,1932,1a:00:00:00:00:00,-42,11,0,0,0,0,0,0,0,0,0,-94,0,1,0,329425270,0,31,0,128,0,"[0,0,-1,14,-1,14,-1,13,0,14,0,13,0,13,1,13,1,13,2,12,2,13,3,12,3,12,4,12,4,13,4,13,4,13,4,14,4,14,3,14,3,14,2,14,1,14,1,13,0,13,-1,13,-1,12,0,0,0,0,0,0,0,0,0,0,0,0,0,0,0,0,0,0,0,0,0,0,1,9,0,9,-1,10,-1,10,-2,11,-3,11,-3,11,-4,11,-4,11,-5,11,-5,11,-5,11,-5,11,-5,11,-5,11,-4,11,-4,11,-3,11,-3,12,-3,12,-2,12,-2,13,-2,13,-2,14,-1,14,-1,14]"
2025-08-18 22:35:30.381013,CSI_DATA,1933,1a:00:00:00:00:00,-42,11,0,0,0,0,0,0,0,0,0,-94,0,1,0,329627935,0,31,0,128,0,"[0,0,-4,-14,-5,-14,-5,-14,-5,-13,-5,-13,-5,-13,-6,-12,-6,-12,-6,-12,-7,-11,-7,-11,-8,-11,-8,-11,-9,-11,-9,-11,-9,-11,-9,-12,-9,-12,-9,-12,-8,-13,-8,-13,-7,-13,-6,-13,-5,-13,-5,-12,-4,-13,0,0,0,0,0,0,0,0,0,0,0,0,0,0,0,0,0,0,0,0,0,0,-4,-9,-3,-10,-3,-10,-2,-11,-2,-11,-1,-12,-1,-12,0,-12,0,-12,0,-12,1,-12,1,-12,1,-12,1,-12,0,-12,0,-12,-1,-12,-1,-12,-1,-13,-2,-13,-2,-13,-3,-13,-3,-13,-3,-13,-4,-13,-4,-13]"
2025-08-18 22:35:30.594612,CSI_DATA,1934,1a:00:00:00:00:00,-42,11,0,0,0,0,0,0,0,0,0,-94,0,1,0,329827573,0,31,0,128,0,"[0,0,-12,-8,-12,-8,-12,-8,-12,-7,-12,-7,-12,-7,-12,-6,-12,-6,-12,-5,-13,-4,-13,-4,-13,-4,-13,-4,-14,-4,-14,-3,-14,-3,-14,-4,-15,-4,-15,-4,-14,-5,-14,-5,-13,-6,-13,-6,-13,-7,-12,-7,-11,-7,0,0,0,0,0,0,0,0,0,0,0,0,0,0,0,0,0,0,0,0,0,0,-9,-4,-9,-5,-9,-6,-9,-7,-9,-7,-9,-8,-9,-9,-9,-9,-8,-10,-8,-10,-8,-10,-7,-10,-8,-10,-8,-10,-8,-10,-8,-9,-9,-9,-9,-9,-9,-9,-10,-9,-10,-9,-10,-8,-11,-8,-11,-8,-12,-8,-12,-8]"
2025-08-18 22:35:30.771155,CSI_DATA,1935,1a:00:00:00:00:00,-42,11,0,0,0,0,0,0,0,0,0,-94,0,1,0,330028730,0,31,0,128,0,"[0,0,13,5,13,5,13,4,13,4,13,4,12,4,12,3,12,3,12,2,12,1,13,1,13,0,13,0,13,0,14,0,14,0,14,0,14,0,14,1,14,1,14,2,13,3,13,3,13,4,12,4,12,5,0,0,0,0,0,0,0,0,0,0,0,0,0,0,0,0,0,0,0,0,0,0,9,1,9,2,9,3,9,4,10,5,10,5,9,6,9,7,9,7,9,7,9,8,9,8,9,7,9,7,9,7,9,7,9,6,10,6,10,6,11,6,11,6,11,6,12,5,12,5,12,5,13,5]"
2025-08-18 22:35:30.982883,CSI_DATA,1936,1a:00:00:00:00:00,-42,11,0,0,0,0,0,0,0,0,0,-94,0,1,0,330229939,0,31,0,128,0,"[0,0,-4,-14,-5,-14,-4,-14,-5,-14,-5,-14,-5,-13,-5,-13,-6,-13,-6,-12,-7,-12,-7,-12,-8,-12,-8,-12,-9,-12,-9,-11,-9,-12,-9,-12,-9,-13,-8,-13,-8,-13,-7,-13,-7,-14,-6,-13,-5,-13,-5,-13,-4,-13,0,0,0,0,0,0,0,0,0,0,0,0,0,0,0,0,0,0,0,0,0,0,-4,-9,-3,-10,-3,-11,-3,-11,-2,-12,-2,-12,-1,-12,0,-13,0,-13,1,-13,1,-13,1,-13,1,-13,0,-12,0,-12,0,-12,-1,-12,-1,-13,-1,-13,-2,-13,-2,-13,-2,-14,-3,-13,-3,-14,-4,-14,-4,-14]"
2025-08-18 22:35:31.178628,CSI_DATA,1937,1a:00:00:00:00:00,-42,11,0,0,0,0,0,0,0,0,0,-94,0,1,0,330431323,0,31,0,128,0,"[0,0,9,-11,8,-11,8,-11,8,-11,8,-11,7,-11,7,-11,6,-11,6,-11,5,-12,5,-12,5,-12,4,-13,4,-13,4,-13,5,-14,4,-13,5,-14,6,-14,6,-13,6,-13,7,-12,7,-12,7,-11,8,-11,8,-10,0,0,0,0,0,0,0,0,0,0,0,0,0,0,0,0,0,0,0,0,0,0,5,-8,5,-8,6,-8,7,-8,7,-8,8,-8,9,-7,9,-7,10,-7,10,-6,10,-6,10,-6,10,-6,10,-6,10,-7,9,-6,9,-7,9,-7,9,-8,9,-8,9,-9,9,-9,9,-10,9,-10,9,-10,9,-11]"
2025-08-18 22:35:31.385180,CSI_DATA,1938,1a:00:00:00:00:00,-42,11,0,0,0,0,0,0,0,0,0,-94,0,1,0,330632379,0,31,0,128,0,"[0,0,-14,-5,-13,-5,-13,-5,-13,-5,-14,-4,-13,-4,-13,-4,-13,-3,-13,-2,-13,-2,-13,-1,-13,-1,-14,-1,-14,0,-14,0,-15,0,-14,0,-15,-1,-15,-1,-15,-2,-15,-2,-14,-3,-13,-3,-13,-3,-13,-4,-13,-5,0,0,0,0,0,0,0,0,0,0,0,0,0,0,0,0,0,0,0,0,0,0,-9,-3,-10,-3,-10,-4,-10,-5,-10,-5,-11,-7,-10,-7,-10,-8,-10,-8,-9,-8,-10,-8,-9,-8,-10,-8,-9,-8,-10,-8,-9,-8,-10,-7,-10,-7,-11,-7,-11,-7,-11,-6,-12,-6,-12,-6,-13,-6,-13,-6,-13,-6]"
2025-08-18 22:35:31.439385,CSI_DATA,1939,1a:00:00:00:00:00,-42,11,0,0,0,0,0,0,0,0,0,-94,0,1,0,330693179,0,42,0,128,0,"[0,0,-1,13,-1,13,-1,13,0,13,0,13,0,13,1,13,1,12,2,12,2,12,3,12,3,12,4,12,4,12,4,12,4,12,4,13,4,13,3,13,3,14,2,14,1,13,1,13,0,13,0,12,-1,12,0,0,0,0,0,0,0,0,0,0,0,0,0,0,0,0,0,0,0,0,0,0,1,9,0,9,0,10,-1,10,-2,10,-2,11,-3,11,-4,11,-4,11,-5,11,-5,11,-5,10,-5,11,-4,11,-4,11,-4,10,-4,11,-3,11,-3,11,-2,12,-2,12,-2,12,-2,13,-1,13,-1,13,-1,13]"
2025-08-18 22:35:31.709067,CSI_DATA,1940,1a:00:00:00:00:00,-42,11,0,0,0,0,0,0,0,0,0,-94,0,1,0,330758652,0,31,0,128,0,"[0,0,-7,-13,-7,-13,-8,-12,-8,-12,-8,-12,-8,-12,-9,-11,-9,-11,-9,-10,-10,-10,-10,-9,-11,-9,-11,-9,-11,-9,-12,-9,-12,-9,-12,-9,-12,-10,-12,-10,-11,-11,-11,-11,-10,-11,-10,-11,-9,-11,-8,-11,-7,-12,0,0,0,0,0,0,0,0,0,0,0,0,0,0,0,0,0,0,0,0,0,0,-6,-8,-6,-9,-5,-10,-5,-10,-5,-11,-4,-12,-3,-12,-3,-12,-3,-13,-2,-13,-2,-13,-2,-12,-2,-12,-3,-12,-3,-12,-3,-12,-4,-12,-4,-12,-5,-12,-5,-13,-5,-12,-6,-12,-6,-13,-7,-13,-7,-13,-7,-13]"
2025-08-18 22:35:31.715298,CSI_DATA,1941,1a:00:00:00:00:00,-42,11,0,0,0,0,0,0,0,0,0,-94,0,1,0,330959695,0,31,0,128,0,"[0,0,-12,7,-12,7,-11,7,-11,8,-11,8,-10,8,-10,8,-10,9,-9,9,-9,9,-8,10,-8,10,-8,10,-8,11,-8,11,-8,11,-8,11,-9,11,-10,11,-10,11,-10,10,-10,9,-10,9,-11,8,-11,7,-11,6,0,0,0,0,0,0,0,0,0,0,0,0,0,0,0,0,0,0,0,0,0,0,-7,5,-8,6,-9,5,-10,5,-10,5,-11,4,-11,4,-12,3,-12,3,-12,3,-12,2,-12,2,-12,2,-12,3,-12,3,-12,3,-12,3,-11,4,-11,4,-12,5,-12,5,-12,6,-12,6,-12,6,-12,7,-12,7]"
2025-08-18 22:35:31.909050,CSI_DATA,1942,1a:00:00:00:00:00,-42,11,0,0,0,0,0,0,0,0,0,-94,0,1,0,331160938,0,31,0,128,0,"[0,0,13,-4,13,-5,12,-5,13,-5,12,-5,12,-6,12,-6,11,-6,11,-7,11,-7,11,-8,10,-8,10,-9,10,-9,11,-10,10,-9,11,-10,11,-9,12,-9,12,-8,12,-7,12,-7,13,-6,12,-6,12,-5,12,-4,0,0,0,0,0,0,0,0,0,0,0,0,0,0,0,0,0,0,0,0,0,0,8,-4,9,-4,9,-3,10,-3,11,-3,11,-2,12,-1,12,-1,12,0,12,0,12,1,12,1,12,1,12,0,11,0,12,0,11,-1,12,-2,11,-2,12,-2,12,-2,12,-3,13,-4,13,-4,13,-4,13,-4]"
2025-08-18 22:35:32.118984,CSI_DATA,1943,1a:00:00:00:00:00,-42,11,0,0,0,0,0,0,0,0,0,-94,0,1,0,331362114,0,31,0,128,0,"[0,0,10,9,10,9,10,8,10,8,10,8,10,7,10,7,11,6,11,6,11,5,11,5,11,5,12,4,12,4,12,4,13,5,12,5,13,5,13,6,13,6,12,6,11,7,11,7,10,7,10,7,9,8,0,0,0,0,0,0,0,0,0,0,0,0,0,0,0,0,0,0,0,0,0,0,7,5,7,6,7,7,7,7,6,8,6,9,6,9,6,10,5,10,5,10,5,10,5,10,5,10,5,10,5,10,5,9,6,9,6,9,7,9,7,9,7,9,8,9,9,9,9,9,9,9,10,9]"
2025-08-18 22:35:32.306585,CSI_DATA,1944,1a:00:00:00:00:00,-42,11,0,0,0,0,0,0,0,0,0,-94,0,1,0,331563434,0,31,0,128,0,"[0,0,13,4,13,4,12,4,13,3,13,3,12,2,12,2,12,1,12,1,12,0,13,0,12,-1,13,-1,13,-1,13,-1,13,-1,14,-1,14,-1,14,0,14,0,14,1,13,1,13,2,13,2,12,3,12,4,0,0,0,0,0,0,0,0,0,0,0,0,0,0,0,0,0,0,0,0,0,0,8,1,9,2,9,3,9,3,10,4,10,5,10,5,10,6,9,6,9,7,9,7,9,7,9,7,9,7,9,6,9,6,9,6,10,5,10,5,11,5,11,5,11,5,12,4,12,4,12,4,13,4]"
2025-08-18 22:35:32.515240,CSI_DATA,1945,1a:00:00:00:00:00,-42,11,0,0,0,0,0,0,0,0,0,-94,0,1,0,331764578,0,31,0,128,0,"[0,0,-14,1,-14,2,-14,2,-14,2,-14,3,-13,3,-13,3,-13,3,-12,4,-12,5,-12,6,-12,6,-12,6,-12,7,-12,7,-12,7,-13,7,-13,7,-14,6,-13,5,-14,5,-13,4,-13,4,-13,4,-13,3,-13,2,0,0,0,0,0,0,0,0,0,0,0,0,0,0,0,0,0,0,0,0,0,0,-9,2,-10,1,-11,1,-11,0,-11,0,-12,-1,-12,-2,-12,-2,-12,-3,-12,-3,-12,-3,-12,-3,-12,-3,-12,-2,-12,-2,-12,-2,-12,-2,-12,-1,-13,-1,-13,-1,-13,0,-13,0,-14,1,-14,2,-14,2,-14,2]"
2025-08-18 22:35:32.717988,CSI_DATA,1946,1a:00:00:00:00:00,-42,11,0,0,0,0,0,0,0,0,0,-94,0,1,0,331965721,0,31,0,128,0,"[0,0,-12,-8,-12,-8,-12,-8,-12,-8,-12,-7,-12,-7,-12,-7,-12,-6,-12,-5,-13,-5,-13,-4,-13,-4,-13,-4,-14,-3,-14,-3,-14,-4,-14,-4,-14,-4,-14,-5,-14,-5,-14,-6,-13,-6,-13,-7,-12,-7,-12,-7,-11,-8,0,0,0,0,0,0,0,0,0,0,0,0,0,0,0,0,0,0,0,0,0,0,-9,-4,-9,-5,-9,-6,-9,-7,-9,-7,-9,-8,-8,-9,-8,-9,-8,-10,-8,-10,-8,-10,-8,-10,-8,-10,-8,-10,-8,-10,-8,-9,-8,-9,-9,-9,-9,-9,-10,-9,-10,-9,-10,-9,-11,-8,-11,-8,-12,-8,-12,-8]"
2025-08-18 22:35:32.915687,CSI_DATA,1947,1a:00:00:00:00:00,-42,11,0,0,0,0,0,0,0,0,0,-94,0,1,0,332166850,0,31,0,128,0,"[0,0,-11,9,-11,9,-11,9,-10,10,-10,9,-9,10,-9,10,-8,10,-8,10,-7,11,-7,11,-7,11,-7,11,-6,12,-6,12,-6,12,-7,13,-7,13,-7,13,-8,12,-8,12,-8,12,-9,11,-9,10,-10,9,-10,8,0,0,0,0,0,0,0,0,0,0,0,0,0,0,0,0,0,0,0,0,0,0,-7,7,-8,6,-9,6,-9,6,-10,6,-10,6,-11,5,-11,5,-12,5,-12,4,-12,4,-12,4,-12,4,-12,4,-11,4,-11,5,-11,5,-11,6,-11,6,-11,7,-11,7,-11,8,-11,8,-11,8,-11,9,-11,9]"
2025-08-18 22:35:32.997087,CSI_DATA,1948,1a:00:00:00:00:00,-42,11,0,0,0,0,0,0,0,0,0,-94,0,1,0,332227662,0,42,0,128,0,"[0,0,-8,-13,-7,-12,-8,-12,-8,-12,-8,-12,-8,-11,-9,-11,-9,-10,-9,-10,-9,-9,-10,-9,-10,-9,-11,-9,-11,-9,-12,-9,-12,-9,-11,-9,-11,-10,-11,-10,-11,-10,-10,-11,-10,-11,-9,-11,-8,-11,-8,-11,-7,-12,0,0,0,0,0,0,0,0,0,0,0,0,0,0,0,0,0,0,0,0,0,0,-6,-8,-6,-9,-6,-9,-5,-10,-5,-10,-5,-11,-4,-11,-4,-12,-3,-12,-3,-12,-3,-12,-3,-12,-3,-12,-3,-12,-3,-12,-3,-12,-4,-12,-4,-11,-5,-12,-5,-12,-6,-12,-6,-12,-7,-12,-7,-12,-7,-12,-7,-12]"
2025-08-18 22:35:33.044223,CSI_DATA,1949,1a:00:00:00:00:00,-42,11,0,0,0,0,0,0,0,0,0,-94,0,1,0,332295142,0,31,0,128,0,"[0,0,-14,5,-14,5,-13,4,-13,5,-12,5,-12,5,-12,6,-12,6,-12,6,-11,7,-11,8,-10,8,-10,9,-11,9,-11,9,-11,9,-11,9,-11,9,-12,9,-12,8,-13,8,-13,7,-12,7,-12,6,-12,5,-13,4,0,0,0,0,0,0,0,0,0,0,0,0,0,0,0,0,0,0,0,0,0,0,-9,4,-10,3,-10,3,-11,2,-11,2,-12,2,-12,1,-13,1,-13,0,-13,0,-13,0,-13,0,-13,0,-13,0,-12,0,-12,0,-12,1,-13,1,-12,2,-13,2,-13,3,-13,3,-13,4,-13,4,-14,5,-14,5]"
2025-08-18 22:35:33.243069,CSI_DATA,1950,1a:00:00:00:00:00,-42,11,0,0,0,0,0,0,0,0,0,-94,0,1,0,332496207,0,31,0,128,0,"[0,0,14,-1,13,-2,14,-2,13,-2,13,-3,13,-3,13,-3,12,-4,12,-4,12,-5,12,-5,12,-5,12,-6,12,-7,12,-6,13,-7,12,-6,13,-6,14,-6,13,-5,14,-5,13,-4,13,-3,13,-3,13,-2,13,-1,0,0,0,0,0,0,0,0,0,0,0,0,0,0,0,0,0,0,0,0,0,0,9,-2,10,-2,10,-1,10,-1,11,0,11,1,11,1,12,2,11,2,11,3,11,3,11,3,11,3,11,3,11,2,11,2,11,2,11,1,12,1,12,0,12,0,12,0,13,0,13,-1,13,-1,14,-1]"
2025-08-18 22:35:33.444921,CSI_DATA,1951,1a:00:00:00:00:00,-42,11,0,0,0,0,0,0,0,0,0,-94,0,1,0,332697542,0,31,0,128,0,"[0,0,-5,13,-5,13,-5,12,-5,13,-4,13,-4,12,-3,12,-3,12,-2,12,-2,12,-1,12,-1,13,-1,13,0,13,0,13,0,13,0,14,-1,14,-1,14,-2,14,-2,14,-3,13,-4,13,-4,12,-5,11,-5,11,0,0,0,0,0,0,0,0,0,0,0,0,0,0,0,0,0,0,0,0,0,0,-2,9,-3,9,-4,9,-4,9,-5,10,-6,9,-7,10,-7,9,-8,9,-8,9,-8,9,-9,8,-8,9,-8,9,-8,9,-7,9,-7,9,-7,10,-6,10,-6,11,-6,10,-6,11,-6,12,-6,12,-6,12,-5,12]"
2025-08-18 22:35:33.656367,CSI_DATA,1952,1a:00:00:00:00:00,-42,11,0,0,0,0,0,0,0,0,0,-94,0,1,0,332898679,0,31,0,128,0,"[0,0,-1,14,0,13,0,13,0,13,1,13,1,13,1,13,2,12,2,12,3,12,3,12,4,12,4,12,4,12,5,12,5,12,5,13,4,13,4,13,4,13,3,13,2,13,2,13,1,13,0,12,0,12,0,0,0,0,0,0,0,0,0,0,0,0,0,0,0,0,0,0,0,0,0,0,0,9,0,9,-1,10,-2,10,-2,11,-3,11,-4,11,-4,11,-5,11,-5,11,-5,11,-5,11,-5,11,-5,11,-4,11,-4,10,-4,11,-3,11,-3,11,-2,12,-2,12,-2,12,-2,13,-1,13,-1,13,-1,13]"
2025-08-18 22:35:33.842030,CSI_DATA,1953,1a:00:00:00:00:00,-42,11,0,0,0,0,0,0,0,0,0,-94,0,1,0,333099821,0,31,0,128,0,"[0,0,10,10,10,9,10,9,11,8,11,8,10,8,11,7,11,7,11,6,11,6,11,6,11,5,12,5,12,5,13,5,13,5,13,5,13,5,13,6,13,6,12,6,12,7,11,7,10,8,9,8,9,8,0,0,0,0,0,0,0,0,0,0,0,0,0,0,0,0,0,0,0,0,0,0,7,6,7,6,7,7,7,8,7,8,6,9,6,10,6,10,6,10,5,11,4,11,4,11,4,11,5,11,5,10,5,10,6,10,6,10,7,10,7,9,8,9,8,9,9,9,9,10,9,10,10,9]"
2025-08-18 22:35:34.051955,CSI_DATA,1954,1a:00:00:00:00:00,-42,11,0,0,0,0,0,0,0,0,0,-94,0,1,0,333301085,0,31,0,128,0,"[0,0,-14,0,-15,0,-14,0,-15,1,-14,1,-13,1,-13,2,-13,2,-13,3,-13,4,-13,4,-12,4,-13,5,-12,5,-13,6,-13,5,-14,5,-14,5,-14,5,-14,5,-14,4,-14,3,-14,3,-14,2,-13,1,-13,0,0,0,0,0,0,0,0,0,0,0,0,0,0,0,0,0,0,0,0,0,0,0,-10,0,-10,0,-11,-1,-11,-1,-12,-2,-11,-2,-12,-3,-12,-4,-12,-4,-12,-5,-12,-5,-12,-5,-12,-5,-11,-4,-11,-4,-12,-4,-12,-3,-12,-3,-12,-2,-13,-2,-13,-2,-13,-1,-14,-1,-14,-1,-14,-1,-14,0]"
2025-08-18 22:35:34.250262,CSI_DATA,1955,1a:00:00:00:00:00,-42,11,0,0,0,0,0,0,0,0,0,-94,0,1,0,333502188,0,31,0,128,0,"[0,0,11,-8,11,-9,10,-8,10,-9,10,-9,10,-9,9,-10,9,-10,8,-10,8,-11,8,-11,7,-11,7,-11,7,-12,7,-12,7,-12,8,-12,8,-12,8,-12,9,-12,9,-11,9,-10,10,-10,10,-9,10,-8,10,-7,0,0,0,0,0,0,0,0,0,0,0,0,0,0,0,0,0,0,0,0,0,0,6,-7,7,-7,8,-7,8,-6,9,-6,10,-5,11,-5,11,-5,11,-4,11,-4,11,-3,11,-3,11,-3,11,-4,11,-4,11,-4,10,-5,10,-5,10,-6,11,-6,10,-7,11,-7,11,-7,11,-8,11,-8,11,-8]"
2025-08-18 22:35:34.448154,CSI_DATA,1956,1a:00:00:00:00:00,-42,11,0,0,0,0,0,0,0,0,0,-94,0,1,0,333703344,0,31,0,128,0,"[0,0,14,2,14,1,14,1,14,1,14,1,13,1,13,0,13,-1,13,-1,13,-2,13,-3,13,-3,13,-3,13,-3,14,-3,14,-3,14,-3,14,-3,15,-2,14,-2,14,-1,14,-1,13,0,13,0,13,1,12,2,0,0,0,0,0,0,0,0,0,0,0,0,0,0,0,0,0,0,0,0,0,0,9,0,10,0,10,1,10,2,11,2,11,3,11,4,11,4,11,5,11,5,10,6,10,6,10,5,10,5,10,5,10,5,10,4,11,4,11,4,12,3,12,3,12,3,13,2,13,2,13,2,14,2]"
2025-08-18 22:35:34.508722,CSI_DATA,1957,1a:00:00:00:00:00,-42,11,0,0,0,0,0,0,0,0,0,-94,0,1,0,333764177,0,42,0,128,0,"[0,0,13,2,13,1,13,1,13,1,13,1,13,0,13,0,13,-1,12,-1,12,-2,12,-2,12,-2,12,-3,13,-3,13,-3,13,-3,13,-3,14,-3,14,-2,14,-2,14,-1,13,-1,13,0,13,1,12,1,12,2,0,0,0,0,0,0,0,0,0,0,0,0,0,0,0,0,0,0,0,0,0,0,9,0,9,0,9,1,10,2,10,2,11,3,11,3,11,4,11,4,10,5,10,5,10,5,10,5,10,5,10,5,10,4,10,4,11,3,11,3,11,3,12,3,12,2,12,2,13,2,13,2,13,2]"
2025-08-18 22:35:34.578557,CSI_DATA,1958,1a:00:00:00:00:00,-42,11,0,0,0,0,0,0,0,0,0,-94,0,1,0,333829139,0,31,0,128,0,"[0,0,3,-14,2,-14,2,-14,2,-14,2,-14,1,-13,1,-14,0,-13,0,-13,-1,-13,-1,-13,-2,-14,-2,-14,-2,-14,-2,-14,-2,-14,-2,-15,-2,-15,-1,-15,-1,-15,0,-14,1,-15,1,-14,1,-14,2,-13,3,-13,0,0,0,0,0,0,0,0,0,0,0,0,0,0,0,0,0,0,0,0,0,0,0,-10,1,-10,2,-10,2,-11,3,-11,4,-11,5,-11,5,-11,6,-11,6,-11,6,-11,6,-10,6,-11,6,-11,6,-11,5,-10,5,-11,4,-11,4,-12,4,-12,4,-12,4,-13,3,-13,3,-14,3,-14,3,-14]"
2025-08-18 22:35:34.784452,CSI_DATA,1959,1a:00:00:00:00:00,-42,11,0,0,0,0,0,0,0,0,0,-94,0,1,0,334030177,0,31,0,128,0,"[0,0,-9,-11,-10,-11,-10,-11,-10,-10,-10,-10,-10,-10,-10,-10,-11,-9,-11,-8,-11,-8,-11,-8,-12,-7,-12,-7,-12,-7,-13,-7,-13,-7,-13,-7,-13,-7,-13,-8,-13,-8,-12,-9,-11,-9,-11,-9,-10,-10,-9,-10,-9,-10,0,0,0,0,0,0,0,0,0,0,0,0,0,0,0,0,0,0,0,0,0,0,-7,-7,-7,-8,-7,-8,-6,-9,-7,-10,-6,-10,-6,-11,-6,-11,-5,-12,-5,-12,-4,-12,-4,-12,-4,-11,-4,-11,-5,-11,-5,-11,-5,-11,-6,-11,-6,-11,-7,-11,-7,-11,-8,-11,-8,-11,-9,-11,-9,-11,-9,-11]"
2025-08-18 22:35:34.980563,CSI_DATA,1960,1a:00:00:00:00:00,-42,11,0,0,0,0,0,0,0,0,0,-94,0,1,0,334231416,0,31,0,128,0,"[0,0,10,-10,10,-10,9,-10,9,-10,9,-11,8,-11,8,-11,7,-11,7,-11,6,-11,6,-12,6,-12,6,-13,5,-13,5,-13,6,-13,6,-13,6,-13,7,-13,7,-13,7,-12,8,-12,8,-11,8,-11,8,-10,9,-9,0,0,0,0,0,0,0,0,0,0,0,0,0,0,0,0,0,0,0,0,0,0,6,-7,6,-7,7,-7,8,-7,9,-7,9,-6,10,-6,10,-6,10,-5,11,-5,11,-5,11,-5,11,-5,10,-5,10,-5,10,-5,10,-6,10,-6,10,-7,10,-7,10,-8,10,-8,10,-9,10,-9,10,-9,10,-10]"
2025-08-18 22:35:35.193084,CSI_DATA,1961,1a:00:00:00:00:00,-42,11,0,0,0,0,0,0,0,0,0,-94,0,1,0,334432591,0,31,0,128,0,"[0,0,13,0,13,0,13,0,13,-1,13,-1,12,-2,12,-2,12,-3,12,-3,12,-4,12,-4,11,-5,12,-5,12,-5,12,-5,12,-5,12,-5,13,-5,13,-5,13,-4,13,-4,13,-3,12,-2,12,-2,12,-1,12,-1,0,0,0,0,0,0,0,0,0,0,0,0,0,0,0,0,0,0,0,0,0,0,9,-1,9,0,9,0,10,1,10,1,10,2,10,3,10,3,11,3,10,4,10,4,10,4,10,4,10,4,10,4,10,3,10,3,11,2,11,2,11,2,12,1,12,1,12,1,13,1,13,0,13,0]"
2025-08-18 22:35:35.387302,CSI_DATA,1962,1a:00:00:00:00:00,-42,11,0,0,0,0,0,0,0,0,0,-94,0,1,0,334633745,0,31,0,128,0,"[0,0,-12,-8,-12,-8,-12,-8,-12,-8,-12,-7,-12,-7,-12,-7,-12,-6,-12,-5,-13,-5,-13,-5,-13,-4,-13,-4,-14,-4,-14,-4,-14,-4,-14,-4,-14,-4,-14,-4,-14,-5,-14,-6,-13,-6,-13,-7,-12,-7,-12,-7,-11,-8,0,0,0,0,0,0,0,0,0,0,0,0,0,0,0,0,0,0,0,0,0,0,-9,-5,-9,-6,-9,-6,-9,-7,-9,-8,-9,-8,-8,-9,-8,-10,-8,-10,-8,-10,-7,-10,-7,-10,-7,-10,-7,-10,-7,-10,-8,-10,-8,-9,-9,-9,-9,-9,-10,-9,-10,-9,-10,-9,-11,-9,-11,-9,-11,-9,-12,-9]"
2025-08-18 22:35:35.580541,CSI_DATA,1963,1a:00:00:00:00:00,-42,11,0,0,0,0,0,0,0,0,0,-94,0,1,0,334834918,0,31,0,128,0,"[0,0,-1,14,0,14,0,13,1,14,1,14,1,13,1,13,2,13,2,12,3,12,3,12,4,12,4,12,4,13,5,13,5,13,5,13,4,14,4,14,3,14,3,14,2,14,1,14,0,13,0,13,-1,12,0,0,0,0,0,0,0,0,0,0,0,0,0,0,0,0,0,0,0,0,0,0,1,9,1,9,0,10,-1,10,-1,11,-2,11,-2,11,-3,11,-3,11,-4,11,-4,11,-5,11,-4,11,-4,11,-4,11,-3,11,-3,11,-2,11,-2,12,-2,12,-2,12,-1,13,-1,13,-1,14,-1,14,0,14]"
2025-08-18 22:35:35.788658,CSI_DATA,1964,1a:00:00:00:00:00,-42,11,0,0,0,0,0,0,0,0,0,-94,0,1,0,335036273,0,31,0,128,0,"[0,0,-15,-2,-14,-2,-14,-2,-14,-2,-14,-1,-14,-1,-14,-1,-13,0,-13,0,-13,1,-13,1,-13,2,-14,2,-14,3,-14,3,-14,3,-14,3,-15,2,-15,2,-15,1,-15,1,-14,0,-14,0,-14,-1,-13,-2,-13,-2,0,0,0,0,0,0,0,0,0,0,0,0,0,0,0,0,0,0,0,0,0,0,-10,-1,-10,-2,-10,-2,-11,-3,-11,-3,-11,-4,-11,-5,-11,-5,-11,-6,-11,-6,-11,-6,-11,-6,-11,-6,-11,-6,-11,-6,-11,-5,-11,-5,-11,-4,-12,-4,-12,-4,-13,-4,-13,-3,-13,-3,-14,-3,-14,-3,-14,-2]"
2025-08-18 22:35:35.984060,CSI_DATA,1965,1a:00:00:00:00:00,-42,11,0,0,0,0,0,0,0,0,0,-94,0,1,0,335237373,0,31,0,128,0,"[0,0,15,-1,14,-1,14,-1,14,-2,14,-2,14,-2,13,-3,13,-3,13,-4,13,-4,13,-5,13,-5,13,-5,13,-6,13,-6,13,-6,13,-6,14,-6,14,-5,14,-5,14,-4,14,-3,14,-3,13,-2,13,-1,13,0,0,0,0,0,0,0,0,0,0,0,0,0,0,0,0,0,0,0,0,0,0,0,9,-2,10,-1,10,-1,11,0,11,0,11,1,12,2,12,2,12,3,12,3,12,4,11,4,12,3,11,3,12,3,12,3,12,2,12,2,12,1,13,1,13,0,13,0,14,0,14,0,14,-1,14,-1]"
2025-08-18 22:35:36.048911,CSI_DATA,1966,1a:00:00:00:00:00,-42,11,0,0,0,0,0,0,0,0,0,-94,0,1,0,335298191,0,42,0,128,0,"[0,0,11,8,11,7,11,7,11,7,12,7,11,6,11,6,12,5,12,5,11,4,12,4,12,3,12,3,13,3,13,3,13,3,13,3,14,4,13,4,13,4,13,5,12,6,11,6,11,6,10,7,10,7,0,0,0,0,0,0,0,0,0,0,0,0,0,0,0,0,0,0,0,0,0,0,8,3,8,5,8,5,8,6,8,6,8,7,8,8,7,8,7,9,7,9,7,9,6,9,7,9,7,9,7,9,7,8,7,9,8,8,8,8,9,8,9,8,9,8,10,7,10,8,11,8,11,8]"
2025-08-18 22:35:36.118745,CSI_DATA,1967,1a:00:00:00:00:00,-42,11,0,0,0,0,0,0,0,0,0,-94,0,1,0,335364469,0,31,0,128,0,"[0,0,-8,-13,-8,-12,-8,-12,-8,-12,-8,-11,-8,-11,-9,-11,-9,-10,-9,-10,-10,-9,-10,-9,-11,-9,-11,-9,-11,-9,-12,-9,-12,-9,-12,-9,-12,-9,-11,-10,-11,-11,-10,-11,-9,-11,-9,-11,-8,-11,-8,-11,-7,-11,0,0,0,0,0,0,0,0,0,0,0,0,0,0,0,0,0,0,0,0,0,0,-6,-8,-6,-8,-6,-9,-6,-10,-5,-10,-5,-11,-4,-12,-4,-12,-3,-12,-3,-12,-3,-12,-3,-12,-3,-12,-3,-12,-3,-12,-3,-12,-4,-12,-5,-12,-5,-12,-5,-12,-6,-12,-6,-12,-7,-12,-7,-12,-7,-12,-7,-12]"
2025-08-18 22:35:36.311838,CSI_DATA,1968,1a:00:00:00:00:00,-42,11,0,0,0,0,0,0,0,0,0,-94,0,1,0,335565548,0,31,0,128,0,"[0,0,14,0,13,-1,13,-1,13,-1,13,-2,13,-2,12,-3,12,-3,12,-4,12,-4,12,-4,12,-5,12,-5,12,-6,12,-6,12,-6,13,-6,13,-6,13,-6,13,-5,13,-5,13,-4,13,-3,12,-2,12,-2,12,-1,0,0,0,0,0,0,0,0,0,0,0,0,0,0,0,0,0,0,0,0,0,0,9,-1,9,0,10,0,10,1,11,1,11,2,11,3,11,3,11,4,11,4,11,4,10,4,10,4,10,4,10,4,11,3,11,3,11,2,11,2,12,1,12,1,12,1,13,0,13,0,13,0,13,0]"
2025-08-18 22:35:36.511981,CSI_DATA,1969,1a:00:00:00:00:00,-42,11,0,0,0,0,0,0,0,0,0,-94,0,1,0,335766675,0,31,0,128,0,"[0,0,1,13,1,13,2,13,2,13,3,13,3,13,3,13,4,12,4,12,5,11,5,12,5,11,5,11,6,11,6,12,6,12,6,12,6,12,6,13,5,13,4,13,3,13,3,13,2,13,2,12,1,12,0,0,0,0,0,0,0,0,0,0,0,0,0,0,0,0,0,0,0,0,0,0,2,9,2,9,1,10,1,10,0,11,0,11,-1,11,-2,12,-2,11,-3,11,-3,11,-3,11,-3,11,-2,11,-2,11,-2,11,-2,11,-1,11,-1,12,0,12,0,12,0,12,1,13,1,13,1,13,2,13]"
2025-08-18 22:35:36.717966,CSI_DATA,1970,1a:00:00:00:00:00,-42,11,0,0,0,0,0,0,0,0,0,-94,0,1,0,335967842,0,31,0,128,0,"[0,0,10,9,10,8,10,8,11,8,11,7,10,7,11,7,11,6,11,6,12,5,11,5,12,4,12,4,12,4,13,4,13,4,13,4,13,5,13,5,13,5,13,6,12,6,11,7,11,7,10,8,9,8,0,0,0,0,0,0,0,0,0,0,0,0,0,0,0,0,0,0,0,0,0,0,7,5,7,6,7,6,7,7,7,8,7,8,6,9,6,9,6,10,5,10,5,10,5,10,5,10,5,10,5,10,6,10,6,9,7,9,7,9,8,9,8,9,9,9,9,9,9,9,10,9,10,9]"
2025-08-18 22:35:36.915684,CSI_DATA,1971,1a:00:00:00:00:00,-42,11,0,0,0,0,0,0,0,0,0,-94,0,1,0,336169175,0,31,0,128,0,"[0,0,-4,13,-3,13,-3,13,-3,13,-2,13,-2,13,-2,13,-1,13,-1,12,0,13,0,12,1,13,1,13,2,13,2,13,2,13,2,14,1,14,1,14,0,14,0,14,-1,14,-1,13,-2,13,-2,12,-3,12,0,0,0,0,0,0,0,0,0,0,0,0,0,0,0,0,0,0,0,0,0,0,-2,9,-2,9,-3,9,-4,10,-4,10,-5,10,-6,10,-6,10,-6,10,-7,10,-7,9,-7,9,-7,9,-7,9,-7,10,-6,10,-6,10,-5,10,-5,11,-5,11,-5,11,-4,12,-4,12,-4,13,-4,13,-4,13]"
2025-08-18 22:35:37.121017,CSI_DATA,1972,1a:00:00:00:00:00,-42,11,0,0,0,0,0,0,0,0,0,-94,0,1,0,336370400,0,31,0,128,0,"[0,0,-14,3,-14,3,-14,3,-14,4,-13,4,-13,4,-13,5,-12,5,-12,5,-12,6,-12,6,-11,7,-12,7,-11,7,-12,8,-11,8,-12,8,-12,8,-13,7,-13,7,-13,6,-13,6,-13,5,-13,5,-13,4,-13,3,0,0,0,0,0,0,0,0,0,0,0,0,0,0,0,0,0,0,0,0,0,0,-9,2,-10,2,-11,1,-11,1,-12,0,-12,0,-12,-1,-13,-1,-12,-2,-13,-2,-13,-2,-12,-3,-12,-2,-12,-2,-12,-2,-12,-1,-12,-1,-13,-1,-12,0,-13,1,-13,1,-13,1,-14,2,-14,2,-14,2,-14,2]"
2025-08-18 22:35:37.320857,CSI_DATA,1973,1a:00:00:00:00:00,-42,11,0,0,0,0,0,0,0,0,0,-94,0,1,0,336571490,0,31,0,128,0,"[0,0,-15,3,-14,3,-14,3,-13,3,-13,4,-13,4,-13,4,-13,5,-12,5,-12,6,-12,6,-12,6,-12,7,-12,7,-12,7,-12,7,-12,7,-13,7,-13,7,-13,6,-13,6,-13,5,-13,4,-13,4,-13,3,-13,2,0,0,0,0,0,0,0,0,0,0,0,0,0,0,0,0,0,0,0,0,0,0,-9,3,-10,3,-10,2,-11,1,-12,1,-12,0,-12,0,-13,-1,-13,-1,-13,-2,-13,-2,-12,-2,-12,-2,-12,-2,-12,-2,-12,-1,-13,-1,-12,0,-13,0,-13,1,-13,1,-13,1,-13,2,-14,2,-14,3,-14,3]"
2025-08-18 22:35:37.520839,CSI_DATA,1974,1a:00:00:00:00:00,-42,11,0,0,0,0,0,0,0,0,0,-94,0,1,0,336772618,0,31,0,128,0,"[0,0,-12,8,-11,9,-11,8,-11,9,-10,9,-10,9,-10,9,-9,9,-9,10,-8,10,-8,10,-7,11,-8,11,-7,11,-7,12,-7,11,-8,12,-8,12,-9,12,-9,11,-9,10,-9,10,-10,10,-10,9,-10,8,-11,7,0,0,0,0,0,0,0,0,0,0,0,0,0,0,0,0,0,0,0,0,0,0,-7,6,-8,6,-9,6,-9,5,-10,6,-10,5,-11,5,-11,4,-12,4,-12,4,-12,3,-12,3,-12,3,-12,4,-11,4,-12,4,-11,5,-11,5,-11,5,-11,6,-11,6,-11,7,-11,8,-11,8,-11,8,-11,8]"
2025-08-18 22:35:37.589839,CSI_DATA,1975,1a:00:00:00:00:00,-42,11,0,0,0,0,0,0,0,0,0,-94,0,1,0,336833422,0,42,0,128,0,"[0,0,13,4,12,3,12,3,12,3,13,3,12,2,12,2,12,1,12,1,12,0,12,0,12,-1,12,-1,13,-1,13,-1,13,-1,13,-1,14,-1,14,0,14,0,14,1,13,1,12,2,12,3,12,3,11,4,0,0,0,0,0,0,0,0,0,0,0,0,0,0,0,0,0,0,0,0,0,0,8,1,9,2,9,2,9,3,9,4,10,4,9,5,9,5,9,6,9,6,9,7,9,7,9,7,9,6,9,6,9,6,9,6,10,5,10,5,10,5,11,4,11,4,11,4,12,4,12,4,13,4]"
2025-08-18 22:35:37.649305,CSI_DATA,1976,1a:00:00:00:00:00,-42,11,0,0,0,0,0,0,0,0,0,-94,0,1,0,336900744,0,31,0,128,0,"[0,0,11,-8,11,-9,10,-9,11,-9,10,-10,9,-9,9,-10,9,-10,8,-10,8,-11,7,-11,7,-11,7,-12,7,-12,7,-12,7,-12,7,-13,7,-13,8,-12,8,-12,8,-12,9,-11,9,-10,9,-10,9,-9,9,-8,0,0,0,0,0,0,0,0,0,0,0,0,0,0,0,0,0,0,0,0,0,0,7,-6,7,-6,8,-6,9,-5,10,-5,10,-5,11,-4,11,-4,11,-4,11,-3,11,-3,11,-3,11,-3,11,-3,11,-4,10,-4,11,-4,10,-5,11,-5,10,-6,11,-6,11,-7,11,-7,11,-8,11,-8,11,-8]"
2025-08-18 22:35:37.856562,CSI_DATA,1977,1a:00:00:00:00:00,-42,11,0,0,0,0,0,0,0,0,0,-94,0,1,0,337101924,0,31,0,128,0,"[0,0,-8,-12,-8,-13,-8,-12,-8,-12,-8,-11,-9,-11,-9,-11,-9,-10,-10,-10,-10,-9,-11,-9,-11,-9,-11,-8,-11,-8,-12,-8,-12,-8,-12,-9,-12,-9,-12,-10,-11,-10,-11,-10,-10,-11,-10,-11,-9,-11,-8,-11,-7,-11,0,0,0,0,0,0,0,0,0,0,0,0,0,0,0,0,0,0,0,0,0,0,-6,-8,-6,-8,-5,-9,-5,-10,-5,-11,-4,-11,-4,-12,-3,-12,-3,-12,-3,-13,-3,-12,-2,-12,-3,-12,-3,-12,-3,-12,-3,-12,-4,-11,-5,-12,-5,-12,-5,-12,-6,-12,-6,-12,-7,-12,-7,-12,-8,-12,-8,-12]"
2025-08-18 22:35:38.051574,CSI_DATA,1978,1a:00:00:00:00:00,-42,11,0,0,0,0,0,0,0,0,0,-94,0,1,0,337303204,0,31,0,128,0,"[0,0,13,-2,13,-3,13,-3,13,-3,13,-4,12,-4,12,-4,12,-4,12,-5,12,-5,11,-6,11,-6,11,-7,12,-7,12,-7,12,-7,12,-7,13,-7,13,-7,13,-6,13,-6,13,-5,13,-4,12,-3,12,-3,12,-2,0,0,0,0,0,0,0,0,0,0,0,0,0,0,0,0,0,0,0,0,0,0,8,-3,9,-3,10,-2,10,-1,11,-1,11,0,11,0,11,1,12,1,11,2,11,2,11,2,11,2,11,2,11,1,11,1,11,1,11,0,12,0,12,-1,12,-1,12,-1,13,-1,13,-2,13,-2,14,-2]"
2025-08-18 22:35:38.254046,CSI_DATA,1979,1a:00:00:00:00:00,-42,11,0,0,0,0,0,0,0,0,0,-94,0,1,0,337504289,0,31,0,128,0,"[0,0,-12,8,-11,8,-11,8,-11,8,-10,9,-10,9,-10,9,-9,9,-9,9,-8,10,-8,10,-7,11,-7,11,-7,11,-7,11,-7,12,-7,12,-8,12,-8,12,-9,11,-9,11,-9,10,-9,10,-10,9,-10,8,-10,8,0,0,0,0,0,0,0,0,0,0,0,0,0,0,0,0,0,0,0,0,0,0,-7,6,-8,6,-9,5,-10,5,-10,5,-11,4,-12,4,-12,4,-12,3,-12,3,-12,3,-12,3,-12,3,-12,3,-12,3,-12,3,-11,4,-11,4,-12,5,-11,5,-11,6,-12,6,-11,7,-11,8,-11,8,-11,8]"
2025-08-18 22:35:38.471048,CSI_DATA,1980,1a:00:00:00:00:00,-42,11,0,0,0,0,0,0,0,0,0,-94,0,1,0,337705430,0,31,0,128,0,"[0,0,-1,-14,-1,-14,-1,-14,-2,-14,-2,-14,-2,-14,-3,-14,-3,-13,-4,-13,-4,-13,-5,-13,-5,-13,-6,-13,-6,-13,-6,-13,-7,-13,-6,-14,-6,-14,-6,-14,-5,-14,-5,-14,-4,-14,-3,-14,-3,-14,-2,-13,-1,-13,0,0,0,0,0,0,0,0,0,0,0,0,0,0,0,0,0,0,0,0,0,0,-2,-10,-1,-10,0,-11,0,-11,1,-11,1,-12,2,-12,2,-12,3,-12,3,-12,3,-12,4,-12,3,-12,3,-12,3,-12,3,-12,2,-12,2,-12,1,-13,1,-13,0,-13,0,-13,0,-14,-1,-14,-1,-14,-1,-14]"
2025-08-18 22:35:38.649421,CSI_DATA,1981,1a:00:00:00:00:00,-42,11,0,0,0,0,0,0,0,0,0,-94,0,1,0,337906583,0,31,0,128,0,"[0,0,5,13,5,12,5,12,5,12,6,12,6,11,6,11,7,11,7,10,7,10,8,10,8,10,8,10,9,9,9,9,9,9,9,10,9,10,9,11,9,11,8,11,7,11,6,11,5,12,5,11,4,11,0,0,0,0,0,0,0,0,0,0,0,0,0,0,0,0,0,0,0,0,0,0,4,8,3,8,3,9,3,9,2,10,2,11,1,11,1,11,0,11,0,11,-1,12,-1,11,-1,11,0,11,0,11,0,11,1,11,1,11,2,11,3,12,3,12,3,12,4,12,4,13,4,13,4,12]"
2025-08-18 22:35:38.854467,CSI_DATA,1982,1a:00:00:00:00:00,-42,11,0,0,0,0,0,0,0,0,0,-94,0,1,0,338107757,0,31,0,128,0,"[0,0,13,-1,13,-2,13,-2,13,-3,13,-3,13,-3,12,-3,12,-4,12,-4,12,-5,12,-6,11,-6,11,-6,11,-7,12,-7,12,-7,13,-7,13,-7,13,-6,13,-6,13,-5,13,-4,13,-4,12,-3,12,-2,12,-2,0,0,0,0,0,0,0,0,0,0,0,0,0,0,0,0,0,0,0,0,0,0,8,-3,9,-2,10,-2,10,-1,11,-1,11,0,11,1,11,1,11,2,11,2,11,2,11,2,11,2,11,2,11,2,11,2,11,1,11,1,11,0,12,0,12,0,12,-1,13,-1,13,-2,13,-2,14,-2]"
2025-08-18 22:35:39.059140,CSI_DATA,1983,1a:00:00:00:00:00,-42,11,0,0,0,0,0,0,0,0,0,-94,0,1,0,338309057,0,31,0,128,0,"[0,0,-15,1,-15,2,-14,2,-14,2,-14,3,-14,3,-14,3,-13,4,-13,4,-13,5,-13,5,-13,6,-12,6,-12,6,-13,7,-13,6,-13,6,-14,6,-14,6,-14,5,-15,4,-14,3,-14,3,-14,3,-14,2,-14,1,0,0,0,0,0,0,0,0,0,0,0,0,0,0,0,0,0,0,0,0,0,0,-10,2,-10,1,-11,1,-11,0,-12,0,-12,-1,-13,-2,-13,-2,-13,-3,-13,-3,-13,-3,-12,-3,-12,-3,-12,-3,-12,-2,-12,-2,-13,-2,-13,-1,-13,-1,-13,-1,-13,0,-13,0,-14,1,-14,1,-14,1,-15,1]"
2025-08-18 22:35:39.134463,CSI_DATA,1984,1a:00:00:00:00:00,-42,11,0,0,0,0,0,0,0,0,0,-94,0,1,0,338369811,0,42,0,128,0,"[0,0,-6,-13,-6,-13,-7,-13,-7,-13,-7,-13,-7,-12,-8,-12,-8,-11,-8,-11,-8,-10,-9,-10,-9,-10,-10,-10,-10,-10,-10,-10,-11,-10,-10,-11,-10,-11,-10,-11,-10,-12,-9,-12,-9,-12,-8,-12,-7,-12,-6,-12,-5,-12,0,0,0,0,0,0,0,0,0,0,0,0,0,0,0,0,0,0,0,0,0,0,-5,-9,-5,-9,-4,-10,-4,-10,-3,-11,-3,-12,-2,-12,-2,-12,-2,-12,-1,-12,-1,-12,-1,-12,-1,-12,-1,-12,-1,-12,-2,-12,-2,-12,-3,-12,-3,-13,-4,-12,-4,-13,-5,-13,-5,-13,-5,-13,-5,-13,-6,-13]"
2025-08-18 22:35:39.181498,CSI_DATA,1985,1a:00:00:00:00:00,-42,11,0,0,0,0,0,0,0,0,0,-94,0,1,0,338436922,0,31,0,128,0,"[0,0,16,2,12,0,12,0,14,-1,12,1,11,0,11,-1,13,-2,14,-1,12,-1,11,-2,14,-5,12,-4,15,-4,12,-6,13,-4,14,-6,14,-2,14,-5,15,-2,14,-1,12,-2,14,-2,12,-2,11,2,12,1,0,0,0,0,0,0,0,0,0,0,0,0,0,0,0,0,0,0,0,0,0,0,8,0,9,1,9,1,9,2,10,3,10,3,10,4,10,4,10,5,10,5,10,5,9,5,9,5,9,5,10,5,10,4,10,4,11,3,11,3,11,3,11,2,12,2,12,1,12,2,12,2,13,3]"
2025-08-18 22:35:39.380989,CSI_DATA,1986,1a:00:00:00:00:00,-42,11,0,0,0,0,0,0,0,0,0,-94,0,1,0,338638019,0,31,0,128,0,"[0,0,7,11,7,11,7,11,8,11,8,10,8,10,8,10,8,9,9,9,9,8,9,8,10,8,10,8,11,8,11,8,11,8,11,8,11,8,11,9,10,9,10,10,9,10,8,10,8,10,7,10,6,10,0,0,0,0,0,0,0,0,0,0,0,0,0,0,0,0,0,0,0,0,0,0,5,7,5,7,5,8,4,9,4,9,4,10,3,11,3,11,2,11,2,11,2,11,2,11,2,11,2,11,3,11,3,11,3,11,4,10,4,11,5,11,5,11,6,11,6,11,6,11,7,11,7,11]"
2025-08-18 22:35:39.581923,CSI_DATA,1987,1a:00:00:00:00:00,-42,11,0,0,0,0,0,0,0,0,0,-94,0,1,0,338839171,0,31,0,128,0,"[0,0,5,13,4,13,5,12,5,12,5,12,5,12,6,11,6,11,6,11,7,10,7,10,8,10,8,10,8,10,9,10,9,10,9,10,9,11,8,11,8,11,7,12,7,12,6,12,5,12,4,12,4,12,0,0,0,0,0,0,0,0,0,0,0,0,0,0,0,0,0,0,0,0,0,0,4,8,3,8,3,9,3,9,2,10,2,11,1,11,1,11,0,11,0,11,0,11,-1,11,0,11,0,11,0,11,0,11,1,11,1,11,2,11,2,12,3,12,3,12,3,12,4,13,4,13,5,13]"
2025-08-18 22:35:39.786824,CSI_DATA,1988,1a:00:00:00:00:00,-42,11,0,0,0,0,0,0,0,0,0,-94,0,1,0,339040297,0,31,0,128,0,"[0,0,-3,13,-2,13,-2,13,-2,13,-1,13,-1,13,-1,13,0,13,0,12,1,12,1,12,2,12,2,12,3,13,2,13,2,13,2,14,2,14,2,14,1,14,0,14,0,13,-1,13,-1,13,-2,12,-2,12,0,0,0,0,0,0,0,0,0,0,0,0,0,0,0,0,0,0,0,0,0,0,-1,9,-2,9,-2,9,-3,9,-3,10,-4,10,-5,10,-5,10,-6,10,-6,10,-6,10,-6,10,-6,10,-6,10,-6,9,-6,10,-5,10,-5,11,-4,11,-4,11,-4,11,-4,12,-3,12,-3,13,-3,13,-3,13]"
2025-08-18 22:35:39.996655,CSI_DATA,1989,1a:00:00:00:00:00,-42,11,0,0,0,0,0,0,0,0,0,-94,0,1,0,339241509,0,31,0,128,0,"[0,0,14,3,14,2,13,2,14,2,14,1,13,1,13,1,13,0,13,0,13,-1,13,-2,13,-2,13,-2,13,-3,14,-3,14,-3,14,-3,14,-2,15,-2,14,-2,15,-1,13,0,13,1,13,0,13,1,12,2,0,0,0,0,0,0,0,0,0,0,0,0,0,0,0,0,0,0,0,0,0,0,9,1,9,1,10,2,10,3,10,3,10,4,10,5,10,5,10,6,10,6,10,6,10,6,10,6,10,6,10,6,10,5,10,5,11,4,11,4,11,4,12,4,12,3,13,3,13,3,13,3,14,2]"
2025-08-18 22:35:40.190246,CSI_DATA,1990,1a:00:00:00:00:00,-42,11,0,0,0,0,0,0,0,0,0,-94,0,1,0,339442837,0,31,0,128,0,"[0,0,14,-2,14,-2,14,-2,14,-3,14,-3,13,-3,13,-4,13,-4,12,-4,12,-5,12,-5,12,-6,12,-6,12,-7,13,-7,13,-7,13,-7,13,-6,15,-4,13,-6,14,-4,13,-4,13,-4,13,-3,13,-2,12,-1,0,0,0,0,0,0,0,0,0,0,0,0,0,0,0,0,0,0,0,0,0,0,9,-3,9,-3,10,-2,10,-1,11,-1,11,0,12,1,12,1,12,1,12,2,12,2,11,2,11,2,11,2,11,2,11,1,11,1,12,0,12,0,12,0,12,-1,13,-1,13,-1,13,-2,14,-2,14,-2]"
2025-08-18 22:35:40.390107,CSI_DATA,1991,1a:00:00:00:00:00,-42,11,0,0,0,0,0,0,0,0,0,-94,0,1,0,339643966,0,31,0,128,0,"[0,0,4,13,4,13,4,12,4,12,5,12,5,12,5,12,6,11,6,11,6,11,6,10,7,10,7,11,8,10,8,11,8,11,8,11,8,11,7,11,7,12,7,12,6,12,5,12,4,12,3,12,2,12,0,0,0,0,0,0,0,0,0,0,0,0,0,0,0,0,0,0,0,0,0,0,4,8,3,8,3,9,2,10,2,10,2,11,1,11,1,11,0,11,-1,11,-1,11,-1,11,-1,11,-1,11,0,11,0,11,0,11,1,11,1,11,2,12,2,12,3,12,3,13,3,13,3,13,4,13]"
2025-08-18 22:35:40.600333,CSI_DATA,1992,1a:00:00:00:00:00,-42,11,0,0,0,0,0,0,0,0,0,-94,0,1,0,339845078,0,31,0,128,0,"[0,0,-7,-14,-7,-14,-7,-14,-7,-14,-7,-13,-8,-13,-8,-13,-9,-12,-9,-12,-10,-11,-10,-11,-10,-10,-11,-11,-11,-11,-11,-11,-11,-11,-12,-11,-11,-11,-11,-12,-11,-12,-10,-13,-9,-13,-9,-13,-8,-13,-7,-13,-6,-13,0,0,0,0,0,0,0,0,0,0,0,0,0,0,0,0,0,0,0,0,0,0,-5,-9,-5,-9,-5,-10,-4,-11,-4,-12,-3,-12,-3,-12,-3,-13,-2,-13,-2,-13,-1,-13,-1,-13,-1,-13,-2,-13,-2,-13,-2,-13,-3,-12,-3,-13,-3,-13,-4,-13,-5,-13,-5,-14,-6,-14,-6,-14,-6,-14,-7,-14]"
2025-08-18 22:35:40.656010,CSI_DATA,1993,1a:00:00:00:00:00,-42,11,0,0,0,0,0,0,0,0,0,-94,0,1,0,339906492,0,42,0,128,0,"[0,0,4,13,5,13,5,13,5,13,5,13,6,12,6,12,6,12,7,11,7,11,7,11,8,10,8,11,9,11,9,11,9,11,9,11,9,12,9,12,8,12,7,12,7,12,6,13,5,13,4,12,3,12,0,0,0,0,0,0,0,0,0,0,0,0,0,0,0,0,0,0,0,0,0,0,4,8,3,9,3,9,2,10,2,10,2,11,1,11,1,12,0,12,0,12,-1,12,-1,12,-1,12,0,12,0,12,0,12,1,12,1,12,2,12,2,12,2,12,3,12,4,13,4,13,4,13,5,13]"
2025-08-18 22:35:41.152527,CSI_DATA,1994,1a:00:00:00:00:00,-42,11,0,0,0,0,0,0,0,0,0,-94,0,1,0,340406386,0,42,0,128,0,"[0,0,0,14,0,13,1,13,1,13,2,13,2,13,2,13,2,12,3,12,4,12,4,12,4,12,5,12,5,12,6,12,6,12,5,13,5,13,5,13,4,13,4,13,3,13,2,13,2,13,1,12,0,12,0,0,0,0,0,0,0,0,0,0,0,0,0,0,0,0,0,0,0,0,0,0,1,9,0,9,-1,10,-1,10,-1,10,-2,11,-3,11,-3,11,-4,11,-4,11,-4,11,-4,11,-4,11,-4,11,-4,11,-3,11,-3,11,-2,11,-2,11,-2,12,-1,12,-1,12,-1,13,0,13,0,13,0,13]"
2025-08-18 22:35:41.238185,CSI_DATA,1995,1a:00:00:00:00:00,-42,11,0,0,0,0,0,0,0,0,0,-94,0,1,0,340484551,0,31,0,128,0,"[0,0,-11,-9,-12,-9,-11,-9,-12,-9,-12,-8,-11,-8,-12,-8,-12,-7,-12,-6,-13,-6,-13,-5,-13,-5,-13,-5,-13,-5,-14,-5,-14,-4,-14,-5,-14,-5,-14,-6,-14,-6,-13,-6,-13,-7,-13,-7,-12,-8,-11,-8,-10,-8,0,0,0,0,0,0,0,0,0,0,0,0,0,0,0,0,0,0,0,0,0,0,-8,-6,-8,-6,-8,-7,-8,-8,-8,-9,-8,-9,-7,-10,-7,-10,-7,-10,-7,-11,-6,-11,-6,-11,-6,-11,-6,-10,-6,-10,-7,-10,-7,-10,-8,-10,-8,-9,-9,-10,-9,-9,-10,-10,-11,-10,-11,-9,-11,-9,-11,-9]"
2025-08-18 22:35:41.440356,CSI_DATA,1996,1a:00:00:00:00:00,-42,11,0,0,0,0,0,0,0,0,0,-94,0,1,0,340685613,0,31,0,128,0,"[0,0,-6,-13,-6,-13,-6,-13,-6,-13,-7,-12,-7,-12,-7,-12,-8,-11,-8,-11,-8,-11,-9,-10,-9,-10,-10,-10,-10,-10,-10,-10,-11,-10,-11,-11,-11,-11,-10,-11,-10,-11,-9,-12,-9,-12,-8,-12,-7,-12,-7,-12,-6,-12,0,0,0,0,0,0,0,0,0,0,0,0,0,0,0,0,0,0,0,0,0,0,-4,-9,-4,-9,-3,-10,-3,-11,-3,-11,-2,-12,-2,-12,-2,-12,-1,-12,-1,-12,0,-12,0,-12,-1,-12,-1,-12,-1,-12,-1,-12,-2,-12,-3,-12,-3,-12,-3,-12,-4,-13,-4,-13,-5,-13,-5,-13,-5,-13,-6,-13]"
2025-08-18 22:35:41.643834,CSI_DATA,1997,1a:00:00:00:00:00,-42,11,0,0,0,0,0,0,0,0,0,-94,0,1,0,340886763,0,31,0,128,0,"[0,0,-11,-10,-11,-10,-11,-9,-11,-9,-11,-9,-11,-9,-11,-8,-11,-8,-12,-7,-12,-7,-12,-7,-12,-6,-13,-6,-13,-6,-14,-6,-14,-6,-14,-6,-14,-7,-14,-7,-13,-7,-13,-8,-12,-8,-12,-9,-11,-9,-10,-9,-10,-9,0,0,0,0,0,0,0,0,0,0,0,0,0,0,0,0,0,0,0,0,0,0,-8,-6,-8,-6,-8,-7,-8,-8,-8,-8,-8,-9,-7,-10,-7,-10,-7,-11,-6,-11,-6,-11,-6,-11,-6,-11,-6,-11,-6,-10,-7,-10,-7,-10,-8,-10,-8,-10,-8,-10,-9,-10,-10,-10,-10,-10,-10,-10,-10,-10,-11,-10]"
2025-08-18 22:35:41.833198,CSI_DATA,1998,1a:00:00:00:00:00,-42,11,0,0,0,0,0,0,0,0,0,-94,0,1,0,341087931,0,31,0,128,0,"[0,0,0,14,0,14,0,13,1,13,1,13,1,13,2,13,2,13,2,12,3,12,4,12,4,12,5,12,5,12,5,12,5,12,5,13,5,13,4,14,4,14,3,13,2,14,2,13,1,13,1,12,0,12,0,0,0,0,0,0,0,0,0,0,0,0,0,0,0,0,0,0,0,0,0,0,1,9,0,9,0,10,-1,10,-1,11,-2,11,-3,11,-3,11,-4,11,-4,11,-4,11,-4,11,-4,11,-4,11,-4,11,-3,11,-3,11,-2,11,-2,12,-2,12,-2,12,-1,13,-1,13,0,13,0,13,0,14]"
2025-08-18 22:35:42.031378,CSI_DATA,1999,1a:00:00:00:00:00,-42,11,0,0,0,0,0,0,0,0,0,-94,0,1,0,341289187,0,31,0,128,0,"[0,0,7,12,7,11,7,11,8,11,7,10,8,10,8,9,8,9,9,9,9,8,9,8,9,8,10,8,10,7,11,8,11,8,11,8,10,8,11,8,10,9,10,9,9,9,8,9,7,10,7,10,6,10,0,0,0,0,0,0,0,0,0,0,0,0,0,0,0,0,0,0,0,0,0,0,5,7,5,7,4,8,4,9,4,9,3,10,3,10,3,11,3,11,2,11,2,11,1,11,2,11,2,11,2,11,3,11,3,11,4,10,4,11,5,11,5,11,6,11,6,11,6,11,6,11,7,11]"
2025-08-18 22:35:42.235468,CSI_DATA,2000,1a:00:00:00:00:00,-42,11,0,0,0,0,0,0,0,0,0,-94,0,1,0,341490303,0,31,0,128,0,"[0,0,1,14,1,13,1,13,2,13,2,13,2,13,2,13,3,12,3,12,4,12,4,12,5,12,5,12,5,12,5,12,6,13,5,13,5,13,4,13,4,13,3,13,2,13,2,13,1,13,1,12,0,12,0,0,0,0,0,0,0,0,0,0,0,0,0,0,0,0,0,0,0,0,0,0,2,8,2,9,1,9,0,10,0,10,-1,11,-2,11,-2,11,-2,11,-3,11,-3,11,-3,11,-3,11,-3,11,-2,11,-2,11,-2,12,-1,11,-1,12,-1,12,-1,12,0,13,0,13,1,13,1,13,1,14]"
2025-08-18 22:35:42.437343,CSI_DATA,2001,1a:00:00:00:00:00,-42,11,0,0,0,0,0,0,0,0,0,-94,0,1,0,341691703,0,31,0,128,0,"[0,0,14,1,13,0,13,0,13,0,13,0,13,-1,13,-1,13,-1,12,-2,12,-3,13,-3,12,-3,12,-4,12,-4,13,-4,13,-4,13,-4,14,-4,14,-3,14,-3,14,-2,13,-2,13,-1,13,0,12,0,12,1,0,0,0,0,0,0,0,0,0,0,0,0,0,0,0,0,0,0,0,0,0,0,9,-1,9,0,10,0,10,1,10,1,10,2,11,3,11,4,11,4,10,4,10,5,10,5,10,5,10,4,10,4,10,4,11,3,11,3,11,3,11,2,12,2,12,2,13,2,13,1,13,1,14,1]"
2025-08-18 22:35:42.606490,CSI_DATA,2002,1a:00:00:00:00:00,-42,11,0,0,0,0,0,0,0,0,0,-94,0,1,0,341857993,0,28,0,128,0,"[0,0,-12,8,-12,7,-12,7,-11,8,-11,8,-11,8,-10,8,-10,9,-10,9,-9,9,-9,10,-8,10,-8,10,-8,11,-8,11,-9,11,-8,11,-9,11,-10,11,-10,10,-10,10,-10,9,-10,9,-10,8,-10,7,-11,7,0,0,0,0,0,0,0,0,0,0,0,0,0,0,0,0,0,0,0,0,0,0,-7,5,-8,5,-9,5,-10,4,-10,4,-11,4,-11,3,-12,3,-12,3,-12,3,-12,3,-12,2,-12,3,-11,3,-12,3,-12,3,-11,3,-11,4,-11,4,-11,5,-12,6,-12,6,-11,6,-12,7,-12,7,-12,7]"
2025-08-18 22:35:42.650777,CSI_DATA,2003,1a:00:00:00:00:00,-42,11,0,0,0,0,0,0,0,0,0,-94,0,1,0,341892752,0,31,0,128,0,"[0,0,-14,-5,-13,-5,-14,-5,-13,-5,-14,-4,-13,-4,-13,-4,-13,-3,-13,-2,-13,-2,-14,-2,-14,-1,-14,-1,-14,-1,-14,0,-15,0,-15,-1,-16,-1,-15,-1,-15,-2,-15,-3,-14,-3,-13,-4,-13,-4,-13,-5,-12,-5,0,0,0,0,0,0,0,0,0,0,0,0,0,0,0,0,0,0,0,0,0,0,-10,-2,-10,-3,-10,-4,-10,-5,-10,-5,-11,-6,-10,-7,-10,-7,-10,-8,-10,-8,-10,-8,-9,-8,-10,-8,-10,-8,-10,-8,-10,-7,-10,-7,-10,-6,-11,-7,-11,-6,-12,-6,-12,-6,-12,-5,-13,-5,-13,-5,-13,-5]"
2025-08-18 22:35:42.707041,CSI_DATA,2004,1a:00:00:00:00:00,-42,11,0,0,0,0,0,0,0,0,0,-94,0,1,0,341953615,0,42,0,128,0,"[0,0,-10,-11,-10,-10,-11,-10,-10,-10,-11,-10,-11,-9,-11,-8,-11,-8,-11,-7,-11,-7,-12,-7,-12,-7,-12,-7,-13,-6,-13,-6,-13,-6,-13,-6,-14,-7,-14,-7,-13,-8,-13,-8,-12,-8,-11,-9,-11,-9,-10,-9,-9,-10,0,0,0,0,0,0,0,0,0,0,0,0,0,0,0,0,0,0,0,0,0,0,-8,-6,-8,-7,-7,-8,-7,-9,-7,-9,-7,-10,-7,-10,-6,-11,-6,-11,-5,-11,-5,-12,-5,-11,-5,-11,-5,-11,-6,-11,-6,-11,-6,-11,-7,-10,-7,-10,-8,-10,-8,-10,-9,-10,-9,-10,-9,-10,-9,-11,-10,-11]"
2025-08-18 22:35:42.771114,CSI_DATA,2005,1a:00:00:00:00:00,-42,11,0,0,0,0,0,0,0,0,0,-94,0,1,0,342020577,0,31,0,128,0,"[0,0,0,-14,0,-14,0,-14,0,-14,-1,-14,-1,-14,-2,-14,-2,-13,-3,-13,-3,-13,-4,-13,-4,-13,-4,-13,-5,-14,-5,-13,-5,-14,-5,-14,-5,-14,-4,-14,-4,-15,-3,-15,-3,-14,-2,-14,-1,-14,-1,-13,0,-13,0,0,0,0,0,0,0,0,0,0,0,0,0,0,0,0,0,0,0,0,0,0,-1,-9,0,-10,0,-10,1,-11,1,-11,2,-12,3,-11,3,-12,4,-11,4,-11,4,-11,4,-11,4,-11,4,-11,4,-12,3,-11,3,-12,2,-12,2,-12,2,-12,2,-13,1,-13,1,-13,1,-14,1,-14,0,-14]"
2025-08-18 22:35:42.968613,CSI_DATA,2006,1a:00:00:00:00:00,-42,11,0,0,0,0,0,0,0,0,0,-94,0,1,0,342221719,0,31,0,128,0,"[0,0,14,-2,13,-2,13,-2,13,-2,13,-3,12,-3,12,-4,12,-4,12,-5,11,-5,12,-6,11,-6,11,-6,11,-7,12,-7,12,-7,12,-7,13,-7,13,-7,13,-6,13,-5,13,-5,12,-4,12,-4,12,-3,12,-2,0,0,0,0,0,0,0,0,0,0,0,0,0,0,0,0,0,0,0,0,0,0,8,-2,9,-2,9,-1,10,0,10,0,11,1,11,2,11,2,11,2,11,3,11,3,11,3,11,3,11,2,11,2,11,2,11,2,11,1,11,1,12,0,12,0,12,0,13,-1,13,-1,13,-1,14,-1]"
2025-08-18 22:35:43.170638,CSI_DATA,2007,1a:00:00:00:00:00,-42,11,0,0,0,0,0,0,0,0,0,-94,0,1,0,342422921,0,31,0,128,0,"[0,0,0,14,1,14,0,14,1,13,1,13,2,13,2,13,2,13,3,12,4,12,4,12,4,12,5,12,5,12,5,12,5,13,5,13,5,13,5,14,4,13,3,14,2,13,2,13,1,13,1,12,0,12,0,0,0,0,0,0,0,0,0,0,0,0,0,0,0,0,0,0,0,0,0,0,1,9,1,9,0,10,0,10,-1,11,-2,11,-2,11,-2,11,-3,11,-4,11,-4,11,-4,11,-4,11,-3,11,-3,11,-3,11,-3,11,-2,11,-2,12,-1,12,-1,12,-1,13,0,13,0,13,0,14,1,14]"
2025-08-18 22:35:43.388133,CSI_DATA,2008,1a:00:00:00:00:00,-42,11,0,0,0,0,0,0,0,0,0,-94,0,1,0,342624040,0,31,0,128,0,"[0,0,-14,-5,-14,-4,-14,-4,-14,-4,-14,-3,-14,-3,-14,-2,-14,-2,-14,-1,-14,-1,-14,-1,-14,0,-14,0,-14,1,-14,1,-14,1,-15,1,-15,1,-15,0,-15,0,-15,-1,-14,-2,-14,-3,-14,-3,-13,-3,-13,-4,0,0,0,0,0,0,0,0,0,0,0,0,0,0,0,0,0,0,0,0,0,0,-10,-2,-10,-3,-10,-3,-10,-4,-11,-5,-11,-5,-11,-6,-11,-7,-11,-7,-11,-8,-10,-8,-10,-8,-10,-8,-10,-7,-10,-7,-11,-7,-11,-6,-11,-6,-12,-6,-12,-5,-12,-5,-13,-5,-13,-5,-13,-5,-14,-5,-14,-4]"
2025-08-18 22:35:43.574524,CSI_DATA,2009,1a:00:00:00:00:00,-42,11,0,0,0,0,0,0,0,0,0,-94,0,1,0,342825385,0,31,0,128,0,"[0,0,-13,6,-13,7,-12,7,-12,7,-12,7,-11,7,-11,8,-10,8,-10,8,-10,9,-10,9,-9,9,-9,10,-9,10,-9,11,-9,11,-10,11,-10,11,-10,11,-10,10,-11,9,-11,9,-11,8,-11,8,-11,7,-11,6,0,0,0,0,0,0,0,0,0,0,0,0,0,0,0,0,0,0,0,0,0,0,-8,5,-9,5,-10,4,-10,4,-11,4,-11,3,-12,3,-12,2,-12,2,-13,1,-13,1,-13,1,-13,1,-12,1,-12,2,-12,2,-12,2,-12,3,-12,3,-12,4,-12,4,-12,5,-13,5,-13,6,-13,6,-13,6]"
2025-08-18 22:35:43.776319,CSI_DATA,2010,1a:00:00:00:00:00,-42,11,0,0,0,0,0,0,0,0,0,-94,0,1,0,343026539,0,31,0,128,0,"[0,0,-14,4,-14,4,-14,4,-14,4,-13,5,-13,5,-13,5,-12,5,-12,6,-12,6,-12,7,-11,7,-11,7,-11,8,-12,8,-12,8,-12,8,-12,8,-13,8,-13,7,-13,6,-13,6,-13,5,-13,4,-13,3,-12,3,0,0,0,0,0,0,0,0,0,0,0,0,0,0,0,0,0,0,0,0,0,0,-9,4,-10,3,-11,3,-11,2,-12,2,-12,1,-12,1,-12,0,-13,0,-13,-1,-13,-1,-12,-1,-13,-1,-13,-1,-12,-1,-12,0,-12,0,-13,1,-13,1,-13,2,-13,2,-13,2,-14,3,-14,3,-14,3,-14,3]"
2025-08-18 22:35:44.120664,CSI_DATA,2011,1a:00:00:00:00:00,-42,11,0,0,0,0,0,0,0,0,0,-94,0,1,0,343227718,0,31,0,128,0,"[0,0,11,9,11,8,11,8,11,7,11,7,11,7,11,6,11,6,11,5,12,5,12,4,12,4,12,4,13,3,13,3,13,3,13,4,13,4,13,4,13,5,12,5,12,6,11,6,10,7,10,7,9,7,0,0,0,0,0,0,0,0,0,0,0,0,0,0,0,0,0,0,0,0,0,0,8,4,8,5,8,6,8,6,8,7,8,8,7,9,7,9,7,9,6,10,6,10,6,10,6,10,6,9,6,9,7,9,7,9,7,9,8,8,8,9,9,8,9,8,10,8,10,8,11,8,11,8]"
2025-08-18 22:35:44.175055,CSI_DATA,2012,1a:00:00:00:00:00,-42,11,0,0,0,0,0,0,0,0,0,-94,0,1,0,343428909,0,31,0,128,0,"[0,0,-1,14,-1,14,-1,14,-1,13,0,13,0,13,1,13,1,13,1,13,3,12,3,12,3,12,4,12,4,13,4,13,4,13,4,13,3,14,3,14,3,14,2,14,1,14,1,13,0,13,0,12,-1,12,0,0,0,0,0,0,0,0,0,0,0,0,0,0,0,0,0,0,0,0,0,0,1,9,0,9,-1,10,-1,10,-2,11,-3,11,-3,11,-4,11,-4,11,-5,11,-5,11,-5,11,-5,11,-4,11,-4,11,-4,11,-4,11,-3,11,-3,12,-3,12,-2,12,-2,13,-2,13,-1,13,-1,14,-1,14]"
2025-08-18 22:35:44.236628,CSI_DATA,2013,1a:00:00:00:00:00,-42,11,0,0,0,0,0,0,0,0,0,-94,0,1,0,343489675,0,42,0,128,0,"[0,0,-3,14,-2,14,-2,13,-2,13,-1,13,-1,13,-1,13,0,13,1,13,1,12,2,13,2,13,2,13,3,13,3,13,3,13,3,14,3,14,2,14,2,14,1,14,0,14,0,13,-1,13,-1,12,-2,12,0,0,0,0,0,0,0,0,0,0,0,0,0,0,0,0,0,0,0,0,0,0,-1,9,-2,9,-2,10,-3,10,-3,10,-4,10,-5,11,-5,11,-6,11,-6,10,-6,10,-7,10,-6,10,-6,10,-6,10,-5,10,-5,11,-4,11,-4,11,-4,12,-4,12,-4,13,-3,13,-3,13,-3,13,-2,14]"
2025-08-18 22:35:44.313101,CSI_DATA,2014,1a:00:00:00:00:00,-42,11,0,0,0,0,0,0,0,0,0,-94,0,1,0,343560383,0,31,0,128,0,"[0,0,-4,-15,-4,-15,-4,-14,-4,-14,-5,-14,-5,-14,-5,-14,-6,-13,-6,-13,-7,-13,-7,-12,-7,-12,-8,-12,-8,-13,-9,-12,-9,-13,-8,-13,-8,-13,-8,-14,-7,-14,-7,-14,-6,-14,-5,-14,-5,-14,-4,-13,-3,-13,0,0,0,0,0,0,0,0,0,0,0,0,0,0,0,0,0,0,0,0,0,0,-4,-9,-4,-10,-3,-11,-3,-11,-2,-12,-2,-12,-1,-13,0,-13,0,-13,1,-13,1,-13,1,-13,1,-13,1,-13,0,-13,0,-13,-1,-13,-1,-13,-1,-13,-2,-13,-2,-14,-3,-14,-3,-14,-3,-14,-4,-14,-4,-15]"
2025-08-18 22:35:44.511236,CSI_DATA,2015,1a:00:00:00:00:00,-42,11,0,0,0,0,0,0,0,0,0,-94,0,1,0,343761449,0,31,0,128,0,"[0,0,-7,13,-7,13,-7,13,-6,12,-6,13,-5,13,-5,13,-5,13,-4,13,-4,13,-3,13,-3,13,-3,14,-2,14,-2,14,-2,14,-2,14,-3,14,-3,15,-3,14,-4,14,-4,13,-5,13,-6,12,-6,12,-7,11,0,0,0,0,0,0,0,0,0,0,0,0,0,0,0,0,0,0,0,0,0,0,-4,8,-5,9,-5,9,-6,9,-7,9,-8,9,-8,9,-9,9,-9,9,-9,8,-10,8,-10,8,-10,8,-10,8,-9,8,-9,8,-9,9,-8,9,-8,10,-8,10,-8,11,-7,11,-7,12,-8,12,-8,12,-7,12]"
2025-08-18 22:35:44.711107,CSI_DATA,2016,1a:00:00:00:00:00,-42,11,0,0,0,0,0,0,0,0,0,-94,0,1,0,343962766,0,31,0,128,0,"[0,0,-11,10,-10,9,-10,10,-9,10,-9,10,-9,10,-8,10,-8,10,-7,11,-7,11,-7,11,-6,11,-6,12,-6,12,-6,12,-6,13,-6,13,-7,13,-7,13,-7,12,-8,12,-8,11,-9,10,-9,10,-9,9,-10,9,0,0,0,0,0,0,0,0,0,0,0,0,0,0,0,0,0,0,0,0,0,0,-7,6,-8,6,-8,6,-9,6,-9,6,-10,6,-10,5,-11,5,-11,5,-11,4,-12,4,-11,4,-11,4,-11,4,-11,4,-10,5,-11,5,-10,6,-11,6,-10,7,-10,7,-10,8,-10,8,-10,9,-10,9,-10,9]"
2025-08-18 22:35:44.918389,CSI_DATA,2017,1a:00:00:00:00:00,-42,11,0,0,0,0,0,0,0,0,0,-94,0,1,0,344163887,0,31,0,128,0,"[0,0,10,-11,9,-11,9,-11,9,-11,8,-11,8,-11,8,-11,7,-11,7,-11,6,-12,6,-12,5,-13,5,-13,5,-13,5,-13,5,-14,6,-13,6,-14,7,-13,7,-13,7,-12,8,-12,8,-11,8,-11,8,-10,9,-9,0,0,0,0,0,0,0,0,0,0,0,0,0,0,0,0,0,0,0,0,0,0,5,-8,6,-8,6,-8,7,-8,7,-8,9,-8,9,-7,9,-7,10,-7,10,-6,10,-6,10,-6,10,-6,10,-6,10,-6,9,-6,9,-7,9,-7,9,-8,9,-8,9,-9,9,-9,9,-9,9,-10,9,-11,9,-11]"
2025-08-18 22:35:45.113836,CSI_DATA,2018,1a:00:00:00:00:00,-42,11,0,0,0,0,0,0,0,0,0,-94,0,1,0,344365130,0,31,0,128,0,"[0,0,-11,8,-11,9,-11,9,-11,9,-10,9,-10,9,-10,9,-9,10,-9,10,-8,10,-8,10,-8,10,-8,11,-7,11,-7,12,-7,12,-8,12,-8,12,-8,12,-9,11,-9,11,-9,10,-10,10,-10,9,-10,8,-11,7,0,0,0,0,0,0,0,0,0,0,0,0,0,0,0,0,0,0,0,0,0,0,-7,6,-8,6,-9,6,-9,5,-10,5,-10,5,-11,5,-11,4,-11,4,-12,3,-12,3,-12,3,-12,3,-12,3,-11,4,-11,4,-11,4,-11,5,-11,5,-11,6,-11,6,-11,7,-11,7,-11,8,-12,8,-12,8]"
2025-08-18 22:35:45.318023,CSI_DATA,2019,1a:00:00:00:00:00,-42,11,0,0,0,0,0,0,0,0,0,-94,0,1,0,344566257,0,31,0,128,0,"[0,0,-1,-15,-1,-15,-1,-14,-2,-14,-2,-14,-2,-14,-2,-14,-3,-13,-3,-13,-4,-13,-5,-13,-5,-13,-5,-13,-6,-13,-6,-13,-6,-14,-6,-14,-5,-14,-5,-15,-4,-15,-4,-14,-3,-15,-2,-14,-2,-14,-1,-13,0,-13,0,0,0,0,0,0,0,0,0,0,0,0,0,0,0,0,0,0,0,0,0,0,-3,-10,-2,-10,-1,-11,-1,-11,0,-11,0,-12,1,-12,2,-12,2,-12,2,-12,2,-12,3,-12,3,-12,2,-12,2,-12,2,-12,2,-12,1,-12,1,-13,1,-13,0,-13,0,-14,-1,-14,-1,-14,-1,-14,-1,-15]"
2025-08-18 22:35:45.522300,CSI_DATA,2020,1a:00:00:00:00:00,-42,11,0,0,0,0,0,0,0,0,0,-94,0,1,0,344767416,0,31,0,128,0,"[0,0,-7,-13,-7,-13,-7,-12,-7,-13,-8,-12,-8,-12,-9,-11,-9,-11,-9,-10,-9,-10,-10,-10,-10,-10,-10,-10,-11,-10,-11,-10,-11,-10,-11,-11,-11,-11,-11,-11,-11,-11,-10,-11,-9,-11,-8,-12,-7,-12,-7,-12,-6,-12,0,0,0,0,0,0,0,0,0,0,0,0,0,0,0,0,0,0,0,0,0,0,-6,-8,-5,-9,-5,-10,-4,-10,-4,-11,-4,-11,-3,-12,-3,-12,-3,-12,-2,-12,-1,-13,-1,-12,-2,-12,-2,-12,-2,-12,-3,-12,-3,-12,-4,-12,-4,-12,-5,-12,-5,-12,-6,-12,-6,-13,-6,-13,-6,-13,-7,-13]"
2025-08-18 22:35:45.715300,CSI_DATA,2021,1a:00:00:00:00:00,-42,11,0,0,0,0,0,0,0,0,0,-94,0,1,0,344968553,0,31,0,128,0,"[0,0,-3,14,-2,13,-2,14,-2,13,-1,13,-1,13,-1,13,0,13,0,13,1,12,1,13,2,13,2,13,2,13,2,13,3,13,2,14,2,14,1,14,1,14,0,14,-1,14,-1,13,-1,13,-2,12,-3,12,0,0,0,0,0,0,0,0,0,0,0,0,0,0,0,0,0,0,0,0,0,0,0,9,-1,9,-2,9,-2,10,-3,10,-4,11,-4,11,-5,10,-5,11,-6,11,-6,10,-6,10,-6,10,-5,10,-5,10,-5,10,-5,11,-4,11,-4,11,-4,12,-3,12,-3,12,-3,13,-3,13,-2,13,-2,13]"
2025-08-18 22:35:45.792614,CSI_DATA,2022,1a:00:00:00:00:00,-42,11,0,0,0,0,0,0,0,0,0,-94,0,1,0,345029384,0,42,0,128,0,"[0,0,-14,5,-13,5,-13,5,-13,5,-13,5,-12,6,-12,6,-12,6,-11,6,-11,7,-11,8,-10,8,-11,8,-11,9,-11,9,-11,9,-11,9,-12,9,-12,8,-12,8,-13,7,-13,6,-12,6,-12,5,-12,4,-12,3,0,0,0,0,0,0,0,0,0,0,0,0,0,0,0,0,0,0,0,0,0,0,-8,4,-9,4,-10,3,-10,3,-11,2,-11,2,-12,1,-12,1,-12,1,-12,0,-12,0,-12,0,-12,0,-12,0,-12,0,-12,1,-12,1,-12,2,-12,2,-12,2,-12,3,-13,3,-13,4,-13,4,-13,5,-13,5]"
2025-08-18 22:35:45.845930,CSI_DATA,2023,1a:00:00:00:00:00,-42,11,0,0,0,0,0,0,0,0,0,-94,0,1,0,345092549,0,31,0,128,0,"[0,0,-5,-14,-5,-14,-5,-14,-6,-13,-6,-13,-6,-13,-6,-13,-7,-12,-7,-12,-8,-12,-8,-11,-8,-11,-9,-11,-9,-11,-9,-11,-9,-11,-9,-12,-9,-12,-9,-13,-8,-13,-8,-13,-7,-13,-6,-13,-6,-13,-5,-12,-4,-13,0,0,0,0,0,0,0,0,0,0,0,0,0,0,0,0,0,0,0,0,0,0,-5,-9,-4,-9,-4,-10,-3,-11,-3,-11,-2,-12,-2,-12,-1,-12,-1,-13,-1,-12,0,-12,0,-12,-1,-12,-1,-12,-1,-12,-1,-12,-2,-12,-2,-12,-3,-13,-3,-13,-3,-13,-4,-13,-4,-13,-5,-14,-5,-14,-5,-14]"
2025-08-18 22:35:46.042856,CSI_DATA,2024,1a:00:00:00:00:00,-42,11,0,0,0,0,0,0,0,0,0,-94,0,1,0,345293714,0,31,0,128,0,"[0,0,-13,7,-12,7,-12,8,-12,8,-11,8,-11,8,-11,8,-10,9,-10,9,-9,10,-9,10,-8,10,-8,11,-9,11,-9,11,-9,11,-9,11,-9,11,-10,11,-10,10,-11,10,-11,9,-11,9,-11,8,-11,7,-11,7,0,0,0,0,0,0,0,0,0,0,0,0,0,0,0,0,0,0,0,0,0,0,-8,5,-9,5,-9,5,-10,4,-11,4,-11,4,-12,3,-12,3,-12,2,-12,2,-12,2,-12,2,-12,2,-12,3,-12,3,-12,3,-12,3,-12,4,-12,4,-12,5,-12,5,-12,5,-12,7,-12,7,-12,7,-12,7]"
2025-08-18 22:35:46.248762,CSI_DATA,2025,1a:00:00:00:00:00,-42,11,0,0,0,0,0,0,0,0,0,-94,0,1,0,345494856,0,31,0,128,0,"[0,0,-11,-10,-11,-10,-11,-9,-11,-9,-11,-9,-11,-8,-11,-8,-12,-7,-12,-7,-12,-6,-12,-6,-12,-6,-13,-5,-13,-5,-14,-5,-14,-5,-14,-6,-14,-6,-14,-6,-14,-6,-13,-7,-12,-8,-12,-8,-11,-8,-10,-9,-10,-9,0,0,0,0,0,0,0,0,0,0,0,0,0,0,0,0,0,0,0,0,0,0,-8,-6,-8,-7,-8,-7,-7,-8,-7,-8,-7,-9,-7,-10,-7,-10,-7,-10,-6,-11,-6,-11,-6,-11,-6,-11,-6,-10,-6,-10,-7,-10,-7,-10,-8,-10,-8,-10,-8,-10,-9,-10,-9,-10,-10,-9,-10,-10,-10,-10,-11,-10]"
2025-08-18 22:35:46.452182,CSI_DATA,2026,1a:00:00:00:00:00,-42,11,0,0,0,0,0,0,0,0,0,-94,0,1,0,345695993,0,31,0,128,0,"[0,0,11,-8,11,-9,10,-8,11,-9,10,-9,9,-9,9,-9,9,-10,9,-10,8,-10,8,-11,7,-11,7,-11,7,-12,7,-12,7,-12,8,-12,8,-12,8,-12,9,-12,9,-11,9,-10,9,-10,9,-9,10,-8,10,-7,0,0,0,0,0,0,0,0,0,0,0,0,0,0,0,0,0,0,0,0,0,0,6,-6,7,-6,8,-6,8,-5,9,-5,9,-5,10,-5,10,-4,11,-4,11,-4,11,-3,11,-3,11,-4,10,-4,10,-4,10,-4,10,-4,10,-5,10,-6,11,-6,10,-6,11,-7,11,-8,11,-8,11,-8,11,-8]"
2025-08-18 22:35:46.650473,CSI_DATA,2027,1a:00:00:00:00:00,-42,11,0,0,0,0,0,0,0,0,0,-94,0,1,0,345897153,0,31,0,128,0,"[0,0,-11,-10,-11,-9,-11,-9,-11,-9,-12,-9,-11,-8,-11,-8,-11,-8,-12,-7,-12,-6,-12,-6,-13,-6,-13,-5,-13,-5,-13,-5,-14,-5,-14,-6,-14,-6,-14,-7,-13,-7,-13,-7,-12,-8,-11,-8,-11,-8,-10,-8,-10,-9,0,0,0,0,0,0,0,0,0,0,0,0,0,0,0,0,0,0,0,0,0,0,-8,-5,-8,-6,-8,-7,-8,-8,-7,-8,-7,-9,-7,-10,-7,-10,-6,-11,-6,-10,-6,-11,-6,-11,-6,-11,-6,-10,-6,-10,-7,-10,-7,-10,-8,-10,-8,-10,-8,-10,-9,-10,-9,-10,-10,-9,-10,-9,-11,-10,-11,-10]"
2025-08-18 22:35:46.845585,CSI_DATA,2028,1a:00:00:00:00:00,-42,11,0,0,0,0,0,0,0,0,0,-94,0,1,0,346098306,0,31,0,128,0,"[0,0,13,-4,13,-5,13,-5,13,-5,13,-5,12,-6,12,-6,12,-6,11,-6,11,-7,11,-8,10,-8,10,-8,11,-9,11,-9,11,-9,11,-9,12,-9,12,-9,12,-8,12,-7,12,-7,12,-6,12,-6,12,-5,12,-4,0,0,0,0,0,0,0,0,0,0,0,0,0,0,0,0,0,0,0,0,0,0,8,-4,9,-4,9,-3,10,-3,10,-2,11,-2,11,-1,11,-1,12,0,12,0,12,0,12,0,12,0,11,0,11,0,11,0,11,-1,11,-2,12,-2,12,-2,12,-3,12,-3,13,-4,13,-4,13,-4,13,-4]"
2025-08-18 22:35:47.044708,CSI_DATA,2029,1a:00:00:00:00:00,-42,11,0,0,0,0,0,0,0,0,0,-94,0,1,0,346299697,0,31,0,128,0,"[0,0,0,14,0,13,0,13,0,13,1,13,1,13,1,13,2,13,2,12,3,12,3,12,4,12,4,12,4,12,4,12,4,13,4,13,4,13,3,13,3,13,2,13,1,13,1,13,0,13,0,12,-1,12,0,0,0,0,0,0,0,0,0,0,0,0,0,0,0,0,0,0,0,0,0,0,1,9,1,9,0,10,-1,10,-1,10,-2,11,-2,11,-3,11,-3,11,-4,11,-4,11,-4,11,-4,11,-4,11,-4,11,-3,11,-3,11,-2,11,-2,11,-2,12,-2,12,-1,12,-1,13,0,13,0,13,0,14]"
2025-08-18 22:35:47.257683,CSI_DATA,2030,1a:00:00:00:00:00,-42,11,0,0,0,0,0,0,0,0,0,-94,0,1,0,346500719,0,31,0,128,0,"[0,0,-3,-14,-3,-14,-3,-14,-3,-14,-4,-14,-4,-14,-4,-13,-5,-13,-5,-13,-6,-12,-6,-12,-7,-12,-7,-12,-7,-13,-7,-13,-7,-12,-7,-13,-7,-13,-7,-14,-6,-14,-6,-14,-5,-14,-4,-14,-3,-14,-3,-13,-2,-13,0,0,0,0,0,0,0,0,0,0,0,0,0,0,0,0,0,0,0,0,0,0,-3,-9,-3,-10,-2,-10,-1,-11,-1,-11,0,-12,0,-12,0,-12,1,-12,1,-12,2,-12,2,-12,2,-12,1,-12,1,-12,1,-12,1,-12,0,-12,-1,-13,-1,-13,-1,-13,-2,-14,-2,-14,-2,-14,-2,-14,-3,-14]"
2025-08-18 22:35:47.307575,CSI_DATA,2031,1a:00:00:00:00:00,-42,11,0,0,0,0,0,0,0,0,0,-94,0,1,0,346561537,0,42,0,128,0,"[0,0,14,-1,13,-1,14,-1,13,-2,13,-2,13,-2,13,-3,12,-3,12,-4,12,-5,12,-5,12,-5,12,-6,12,-6,12,-6,13,-6,13,-6,13,-6,14,-6,13,-5,13,-4,13,-3,13,-3,13,-2,12,-2,12,-1,0,0,0,0,0,0,0,0,0,0,0,0,0,0,0,0,0,0,0,0,0,0,9,-2,9,-1,9,-1,10,0,10,0,11,1,11,2,11,2,11,3,11,3,11,3,11,3,11,3,11,3,11,2,11,2,11,2,11,1,12,1,12,0,12,0,12,0,13,0,13,-1,13,-1,14,-1]"
2025-08-18 22:35:47.381005,CSI_DATA,2032,1a:00:00:00:00:00,-42,11,0,0,0,0,0,0,0,0,0,-94,0,1,0,346629262,0,31,0,128,0,"[0,0,-15,-2,-15,-1,-14,-1,-14,-1,-14,0,-14,0,-14,0,-14,1,-13,1,-14,2,-13,2,-13,3,-14,3,-14,3,-14,4,-14,3,-14,3,-15,3,-15,3,-15,2,-15,2,-15,1,-14,0,-14,0,-13,-1,-13,-2,0,0,0,0,0,0,0,0,0,0,0,0,0,0,0,0,0,0,0,0,0,0,-10,0,-10,-1,-11,-1,-11,-2,-11,-2,-12,-3,-12,-4,-12,-4,-12,-5,-12,-5,-11,-5,-11,-6,-11,-6,-11,-5,-11,-5,-11,-4,-12,-4,-12,-4,-12,-3,-13,-3,-13,-3,-13,-2,-14,-2,-14,-2,-14,-2,-14,-2]"
2025-08-18 22:35:47.582855,CSI_DATA,2033,1a:00:00:00:00:00,-42,11,0,0,0,0,0,0,0,0,0,-94,0,1,0,346830349,0,31,0,128,0,"[0,0,-3,-15,-4,-15,-4,-15,-4,-14,-5,-14,-5,-14,-5,-13,-6,-13,-6,-13,-6,-12,-7,-12,-8,-12,-9,-13,-9,-13,-8,-12,-9,-12,-9,-13,-9,-13,-8,-13,-8,-13,-7,-14,-6,-13,-6,-13,-5,-14,-4,-13,-4,-13,0,0,0,0,0,0,0,0,0,0,0,0,0,0,0,0,0,0,0,0,0,0,-3,-10,-3,-10,-2,-11,-2,-11,-1,-12,0,-13,0,-12,1,-13,1,-13,2,-13,2,-13,2,-12,2,-13,1,-13,1,-13,1,-12,0,-13,0,-13,-1,-14,-1,-13,-1,-14,-2,-14,-2,-14,-3,-15,-3,-15,-3,-15]"
2025-08-18 22:35:47.789997,CSI_DATA,2034,1a:00:00:00:00:00,-42,11,0,0,0,0,0,0,0,0,0,-94,0,1,0,347033046,0,31,0,128,0,"[0,0,-4,-14,-5,-14,-5,-14,-5,-14,-5,-14,-5,-13,-5,-13,-6,-13,-6,-12,-7,-12,-7,-12,-8,-12,-8,-12,-9,-11,-9,-12,-9,-12,-9,-12,-9,-12,-8,-13,-8,-13,-7,-13,-7,-13,-6,-13,-5,-13,-4,-13,-4,-13,0,0,0,0,0,0,0,0,0,0,0,0,0,0,0,0,0,0,0,0,0,0,-4,-9,-3,-10,-3,-10,-2,-11,-2,-12,-2,-12,-1,-12,0,-12,0,-13,0,-13,0,-13,0,-12,0,-12,0,-12,0,-12,0,-12,-1,-12,-2,-12,-2,-13,-2,-13,-3,-13,-3,-14,-3,-13,-4,-14,-4,-14,-4,-14]"
2025-08-18 22:35:47.988697,CSI_DATA,2035,1a:00:00:00:00:00,-42,11,0,0,0,0,0,0,0,0,0,-94,0,1,0,347232716,0,31,0,128,0,"[0,0,13,-7,12,-8,12,-8,12,-8,11,-9,11,-8,11,-9,11,-9,10,-9,10,-10,9,-10,9,-11,9,-11,8,-11,9,-12,9,-12,9,-12,10,-12,10,-12,10,-11,11,-11,11,-10,11,-9,11,-8,11,-8,11,-7,0,0,0,0,0,0,0,0,0,0,0,0,0,0,0,0,0,0,0,0,0,0,8,-6,8,-6,9,-5,10,-5,10,-5,11,-4,11,-4,12,-3,12,-3,12,-3,12,-2,12,-2,12,-2,12,-2,11,-3,12,-3,12,-3,12,-4,12,-5,12,-5,12,-6,12,-6,12,-7,13,-7,12,-7,13,-7]"
2025-08-18 22:35:48.187955,CSI_DATA,2036,1a:00:00:00:00:00,-42,11,0,0,0,0,0,0,0,0,0,-94,0,1,0,347434055,0,31,0,128,0,"[0,0,-5,-15,-6,-15,-5,-14,-6,-15,-6,-14,-6,-14,-6,-13,-7,-13,-7,-13,-8,-13,-8,-12,-8,-12,-9,-12,-9,-12,-10,-12,-9,-12,-10,-13,-9,-13,-9,-13,-9,-13,-8,-14,-7,-14,-6,-14,-5,-14,-5,-13,-4,-13,0,0,0,0,0,0,0,0,0,0,0,0,0,0,0,0,0,0,0,0,0,0,-5,-9,-4,-10,-4,-11,-3,-11,-3,-12,-2,-12,-2,-13,-1,-13,-1,-13,0,-14,0,-13,0,-13,0,-13,0,-13,-1,-13,-1,-13,-1,-13,-2,-13,-2,-13,-3,-13,-3,-14,-4,-14,-4,-14,-4,-15,-4,-14,-5,-14]"
2025-08-18 22:35:48.388947,CSI_DATA,2037,1a:00:00:00:00:00,-42,11,0,0,0,0,0,0,0,0,0,-94,0,1,0,347635118,0,31,0,128,0,"[0,0,-11,-11,-10,-11,-11,-11,-10,-10,-11,-10,-11,-9,-11,-9,-11,-8,-11,-8,-12,-7,-12,-7,-12,-7,-12,-6,-13,-7,-13,-6,-13,-7,-13,-7,-13,-7,-13,-8,-13,-8,-12,-8,-12,-9,-11,-9,-10,-9,-10,-9,-9,-10,0,0,0,0,0,0,0,0,0,0,0,0,0,0,0,0,0,0,0,0,0,0,-8,-7,-7,-7,-7,-8,-7,-9,-7,-9,-7,-10,-6,-11,-6,-11,-6,-12,-5,-12,-5,-12,-5,-11,-5,-11,-5,-11,-6,-11,-6,-11,-6,-11,-7,-10,-7,-11,-8,-11,-8,-11,-9,-11,-9,-10,-10,-11,-10,-11,-10,-11]"
2025-08-18 22:35:48.581102,CSI_DATA,2038,1a:00:00:00:00:00,-42,11,0,0,0,0,0,0,0,0,0,-94,0,1,0,347836271,0,31,0,128,0,"[0,0,3,14,3,13,3,13,4,13,4,13,4,13,5,12,5,12,5,12,6,11,7,11,7,11,7,11,8,11,8,11,8,11,8,12,8,12,8,12,7,13,6,12,6,13,5,13,4,12,4,12,3,12,0,0,0,0,0,0,0,0,0,0,0,0,0,0,0,0,0,0,0,0,0,0,3,9,2,9,2,10,1,10,0,11,0,11,-1,12,-1,12,-1,12,-2,12,-2,12,-2,12,-2,12,-2,11,-1,11,-1,12,-1,12,0,12,0,12,1,12,1,13,2,13,2,13,3,13,3,14,3,14]"
2025-08-18 22:35:48.786088,CSI_DATA,2039,1a:00:00:00:00:00,-42,11,0,0,0,0,0,0,0,0,0,-94,0,1,0,348037414,0,31,0,128,0,"[0,0,-12,7,-12,7,-12,7,-11,8,-11,8,-11,8,-10,8,-10,8,-10,9,-9,9,-9,9,-8,10,-9,10,-8,11,-8,11,-9,11,-9,11,-9,11,-10,11,-10,10,-10,10,-11,9,-11,8,-11,7,-11,7,-11,6,0,0,0,0,0,0,0,0,0,0,0,0,0,0,0,0,0,0,0,0,0,0,-7,6,-8,6,-9,5,-9,5,-10,5,-11,4,-11,4,-11,4,-12,3,-12,3,-12,2,-12,2,-12,3,-12,3,-12,3,-11,3,-11,4,-11,4,-12,5,-11,5,-11,6,-12,6,-11,7,-12,7,-12,7,-12,7]"
2025-08-18 22:35:48.845543,CSI_DATA,2040,1a:00:00:00:00:00,-42,11,0,0,0,0,0,0,0,0,0,-94,0,1,0,348098201,0,42,0,128,0,"[0,0,14,-4,13,-5,13,-5,12,-5,13,-5,12,-5,12,-6,12,-6,11,-6,11,-7,11,-7,10,-8,11,-8,11,-9,11,-8,11,-9,11,-9,12,-9,12,-8,12,-8,12,-7,12,-6,12,-5,12,-5,12,-4,12,-3,0,0,0,0,0,0,0,0,0,0,0,0,0,0,0,0,0,0,0,0,0,0,8,-4,9,-4,9,-3,10,-3,10,-2,11,-2,11,-1,11,-1,12,0,11,0,11,0,11,0,11,0,11,0,11,0,11,0,11,-1,11,-1,12,-2,12,-2,12,-2,12,-3,12,-3,13,-4,13,-4,13,-4]"
2025-08-18 22:35:48.912723,CSI_DATA,2041,1a:00:00:00:00:00,-42,11,0,0,0,0,0,0,0,0,0,-94,0,1,0,348164721,0,31,0,128,0,"[0,0,-12,8,-12,9,-11,8,-11,9,-11,9,-11,9,-10,9,-10,9,-9,9,-9,10,-8,10,-8,11,-8,11,-8,11,-8,12,-8,12,-8,12,-9,12,-9,12,-10,11,-10,10,-10,10,-11,9,-10,9,-10,8,-11,7,0,0,0,0,0,0,0,0,0,0,0,0,0,0,0,0,0,0,0,0,0,0,-8,6,-8,6,-9,5,-9,5,-10,5,-11,5,-12,4,-12,4,-12,3,-12,3,-12,3,-12,3,-12,3,-12,3,-12,3,-12,4,-11,4,-11,5,-11,5,-12,6,-12,6,-11,6,-12,7,-12,8,-12,8,-12,8]"
2025-08-18 22:35:49.113873,CSI_DATA,2042,1a:00:00:00:00:00,-42,11,0,0,0,0,0,0,0,0,0,-94,0,1,0,348365896,0,31,0,128,0,"[0,0,5,-14,5,-13,5,-14,4,-13,4,-14,4,-13,3,-14,2,-14,2,-13,2,-13,1,-14,1,-14,1,-14,0,-14,0,-14,0,-15,0,-15,1,-15,1,-15,2,-15,2,-15,3,-14,3,-14,4,-13,4,-12,5,-12,0,0,0,0,0,0,0,0,0,0,0,0,0,0,0,0,0,0,0,0,0,0,2,-9,3,-10,4,-10,5,-10,5,-10,6,-10,6,-10,7,-10,7,-10,8,-9,8,-9,8,-9,8,-9,8,-9,7,-9,7,-9,7,-10,6,-10,6,-11,6,-11,6,-12,6,-12,6,-13,6,-13,6,-13,5,-13]"
2025-08-18 22:35:49.319865,CSI_DATA,2043,1a:00:00:00:00:00,-42,11,0,0,0,0,0,0,0,0,0,-94,0,1,0,348567218,0,31,0,128,0,"[0,0,-12,-9,-12,-8,-12,-8,-12,-8,-12,-8,-12,-7,-12,-7,-12,-6,-12,-6,-12,-5,-13,-5,-13,-4,-13,-4,-14,-4,-14,-4,-14,-4,-14,-4,-14,-4,-14,-5,-14,-6,-14,-6,-13,-7,-12,-7,-12,-7,-11,-7,-11,-8,0,0,0,0,0,0,0,0,0,0,0,0,0,0,0,0,0,0,0,0,0,0,-8,-5,-9,-6,-8,-6,-8,-7,-8,-8,-8,-9,-8,-9,-8,-10,-7,-10,-7,-10,-7,-10,-7,-10,-7,-10,-7,-10,-8,-10,-7,-10,-8,-9,-8,-9,-9,-9,-9,-9,-10,-9,-10,-9,-11,-8,-11,-8,-11,-8,-12,-8]"
2025-08-18 22:35:49.515449,CSI_DATA,2044,1a:00:00:00:00:00,-42,11,0,0,0,0,0,0,0,0,0,-94,0,1,0,348768328,0,31,0,128,0,"[0,0,6,-13,5,-13,5,-13,5,-13,4,-13,4,-13,3,-13,3,-13,3,-13,2,-13,2,-13,1,-13,1,-14,0,-14,0,-14,0,-14,1,-15,1,-14,1,-15,2,-15,2,-14,3,-14,4,-13,4,-13,5,-12,5,-11,0,0,0,0,0,0,0,0,0,0,0,0,0,0,0,0,0,0,0,0,0,0,3,-9,3,-9,4,-9,5,-9,5,-10,6,-10,7,-9,7,-9,7,-9,8,-9,8,-9,8,-8,8,-9,7,-9,7,-9,7,-9,7,-9,6,-10,6,-10,6,-11,6,-11,6,-12,6,-12,5,-12,6,-12,6,-13]"
2025-08-18 22:35:49.734772,CSI_DATA,2045,1a:00:00:00:00:00,-42,11,0,0,0,0,0,0,0,0,0,-94,0,1,0,348969447,0,31,0,128,0,"[0,0,-13,-7,-13,-8,-13,-7,-13,-7,-13,-6,-13,-6,-13,-6,-13,-5,-13,-5,-14,-4,-14,-4,-14,-3,-14,-3,-14,-3,-15,-3,-15,-3,-15,-3,-15,-3,-15,-4,-15,-4,-15,-5,-14,-5,-13,-6,-13,-6,-12,-7,-11,-7,0,0,0,0,0,0,0,0,0,0,0,0,0,0,0,0,0,0,0,0,0,0,-9,-4,-9,-5,-10,-5,-9,-6,-10,-7,-9,-8,-10,-8,-9,-9,-9,-9,-9,-10,-8,-10,-8,-10,-8,-9,-8,-9,-8,-9,-9,-9,-9,-9,-10,-8,-10,-8,-11,-8,-11,-8,-12,-8,-12,-7,-12,-7,-13,-8,-13,-7]"
2025-08-18 22:35:49.921966,CSI_DATA,2046,1a:00:00:00:00:00,-42,11,0,0,0,0,0,0,0,0,0,-94,0,1,0,349170604,0,31,0,128,0,"[0,0,-15,-1,-15,-1,-14,-1,-15,0,-14,0,-14,0,-14,1,-14,1,-14,2,-14,2,-13,3,-13,3,-14,3,-14,4,-14,4,-14,4,-14,4,-15,4,-15,3,-15,3,-15,2,-15,1,-14,1,-14,0,-14,-1,-13,-1,0,0,0,0,0,0,0,0,0,0,0,0,0,0,0,0,0,0,0,0,0,0,-10,0,-10,-1,-11,-2,-11,-2,-11,-3,-11,-3,-12,-4,-12,-4,-12,-5,-12,-5,-12,-6,-11,-6,-11,-5,-11,-5,-11,-5,-12,-5,-12,-4,-12,-4,-12,-3,-13,-3,-13,-2,-13,-2,-14,-2,-14,-2,-14,-2,-14,-1]"
2025-08-18 22:35:50.121570,CSI_DATA,2047,1a:00:00:00:00:00,-42,11,0,0,0,0,0,0,0,0,0,-94,0,1,0,349371838,0,31,0,128,0,"[0,0,2,-14,1,-14,1,-14,1,-14,0,-14,0,-14,0,-14,-1,-14,-1,-13,-2,-13,-2,-13,-3,-13,-3,-13,-3,-14,-4,-14,-4,-14,-3,-14,-3,-15,-3,-15,-2,-14,-2,-15,-1,-14,0,-14,0,-14,1,-13,1,-13,0,0,0,0,0,0,0,0,0,0,0,0,0,0,0,0,0,0,0,0,0,0,0,-10,1,-10,1,-10,2,-11,3,-11,3,-11,4,-11,4,-11,5,-11,5,-11,5,-11,5,-11,5,-11,5,-11,5,-11,4,-11,4,-11,3,-11,3,-12,3,-12,3,-13,2,-13,2,-13,2,-14,2,-14,2,-14]"
2025-08-18 22:35:50.319502,CSI_DATA,2048,1a:00:00:00:00:00,-42,11,0,0,0,0,0,0,0,0,0,-94,0,1,0,349572985,0,31,0,128,0,"[0,0,-1,14,-1,14,-1,13,0,13,0,13,0,13,0,13,1,13,1,12,3,12,3,12,3,12,4,12,4,12,4,13,4,12,4,13,4,13,3,13,3,13,2,13,1,13,1,13,0,13,0,12,-1,12,0,0,0,0,0,0,0,0,0,0,0,0,0,0,0,0,0,0,0,0,0,0,0,9,-1,9,-2,10,-2,9,-3,10,-3,10,-4,10,-4,10,-5,10,-5,10,-6,10,-6,10,-5,10,-5,10,-5,10,-4,10,-4,10,-4,11,-3,11,-3,12,-3,12,-2,12,-2,13,-1,13,-2,13,-1,13]"
2025-08-18 22:35:50.389340,CSI_DATA,2049,1a:00:00:00:00:00,-42,11,0,0,0,0,0,0,0,0,0,-94,0,1,0,349633860,0,42,0,128,0,"[0,0,13,5,13,4,12,4,13,4,13,3,13,3,13,3,13,2,12,2,13,1,13,1,13,0,13,0,13,0,14,0,14,0,14,0,14,1,15,1,14,2,14,2,13,3,13,3,12,4,12,4,11,5,0,0,0,0,0,0,0,0,0,0,0,0,0,0,0,0,0,0,0,0,0,0,9,1,9,2,9,3,9,3,10,4,10,5,10,5,10,6,10,6,9,7,9,7,9,7,9,7,9,7,9,6,9,6,10,6,10,5,10,5,11,5,11,5,11,5,12,5,12,4,13,4,13,4]"
2025-08-18 22:35:50.450277,CSI_DATA,2050,1a:00:00:00:00:00,-42,11,0,0,0,0,0,0,0,0,0,-94,0,1,0,349701517,0,31,0,128,0,"[0,0,-13,7,-13,6,-13,7,-12,7,-12,7,-12,7,-12,7,-11,8,-11,8,-10,9,-10,9,-10,9,-10,10,-10,10,-10,10,-10,10,-10,10,-11,10,-11,10,-11,9,-12,9,-12,8,-12,7,-12,7,-12,6,-12,5,0,0,0,0,0,0,0,0,0,0,0,0,0,0,0,0,0,0,0,0,0,0,-8,5,-9,5,-9,4,-10,4,-11,4,-11,3,-12,3,-12,2,-12,2,-13,2,-13,2,-12,2,-12,2,-12,2,-12,2,-12,2,-12,3,-12,3,-12,3,-12,4,-12,4,-13,5,-13,6,-12,6,-13,6,-13,6]"
2025-08-18 22:35:50.655867,CSI_DATA,2051,1a:00:00:00:00:00,-42,11,0,0,0,0,0,0,0,0,0,-94,0,1,0,349902578,0,31,0,128,0,"[0,0,-14,-6,-14,-6,-14,-6,-14,-5,-14,-5,-13,-5,-13,-4,-13,-4,-13,-3,-13,-2,-14,-2,-14,-1,-14,-1,-14,-1,-15,-1,-15,-1,-15,-1,-15,-1,-15,-2,-15,-3,-15,-3,-14,-4,-14,-4,-13,-4,-13,-5,-12,-6,0,0,0,0,0,0,0,0,0,0,0,0,0,0,0,0,0,0,0,0,0,0,-9,-3,-10,-4,-10,-5,-10,-5,-10,-6,-10,-7,-10,-8,-10,-8,-10,-9,-9,-9,-10,-9,-9,-9,-9,-9,-9,-8,-9,-8,-9,-8,-10,-8,-10,-7,-11,-7,-11,-7,-11,-7,-12,-7,-12,-6,-13,-6,-13,-6,-14,-6]"
2025-08-18 22:35:50.848457,CSI_DATA,2052,1a:00:00:00:00:00,-42,11,0,0,0,0,0,0,0,0,0,-94,0,1,0,350103738,0,31,0,128,0,"[0,0,2,14,3,13,3,13,3,13,4,13,4,13,4,13,5,12,5,12,5,11,6,11,7,11,7,11,7,11,7,11,7,11,7,12,7,12,7,13,6,12,6,13,5,13,4,12,4,12,3,12,2,12,0,0,0,0,0,0,0,0,0,0,0,0,0,0,0,0,0,0,0,0,0,0,3,8,2,9,1,9,1,10,0,11,0,11,-1,11,-1,12,-2,12,-2,11,-2,12,-2,11,-2,11,-2,11,-2,11,-1,11,-1,12,0,11,0,12,0,12,1,12,1,13,2,13,2,13,2,13,3,13]"
2025-08-18 22:35:51.051625,CSI_DATA,2053,1a:00:00:00:00:00,-42,11,0,0,0,0,0,0,0,0,0,-94,0,1,0,350305045,0,31,0,128,0,"[0,0,-6,12,-6,12,-6,13,-5,12,-5,13,-5,12,-4,12,-4,12,-3,12,-3,12,-2,12,-2,13,-2,13,-1,14,-1,13,-1,14,-1,13,-2,14,-2,14,-3,13,-3,13,-4,13,-4,12,-5,12,-5,11,-6,11,0,0,0,0,0,0,0,0,0,0,0,0,0,0,0,0,0,0,0,0,0,0,-4,8,-4,9,-5,8,-6,9,-6,8,-7,9,-8,8,-8,8,-9,8,-8,8,-9,8,-9,8,-9,8,-9,8,-9,8,-8,8,-8,9,-7,9,-8,9,-7,10,-7,10,-7,11,-6,11,-6,11,-6,12,-6,12]"
2025-08-18 22:35:51.268884,CSI_DATA,2054,1a:00:00:00:00:00,-42,11,0,0,0,0,0,0,0,0,0,-94,0,1,0,350506112,0,31,0,128,0,"[0,0,-13,6,-13,6,-13,6,-13,6,-12,7,-12,7,-12,7,-11,7,-11,8,-10,8,-10,9,-10,9,-10,10,-10,10,-10,10,-10,10,-10,10,-10,10,-11,10,-11,10,-12,9,-12,8,-11,8,-12,7,-12,6,-12,5,0,0,0,0,0,0,0,0,0,0,0,0,0,0,0,0,0,0,0,0,0,0,-9,5,-9,4,-10,4,-10,3,-11,3,-12,3,-12,2,-12,2,-13,1,-12,1,-13,1,-12,1,-13,1,-12,1,-12,1,-12,2,-12,2,-12,3,-12,3,-13,4,-13,4,-13,4,-13,5,-13,5,-13,6,-13,6]"
2025-08-18 22:35:51.451431,CSI_DATA,2055,1a:00:00:00:00:00,-42,11,0,0,0,0,0,0,0,0,0,-94,0,1,0,350707273,0,31,0,128,0,"[0,0,2,14,2,14,2,13,2,13,3,13,3,13,4,13,4,12,4,12,5,11,5,11,6,11,6,11,7,12,7,12,7,12,7,12,7,12,6,13,6,13,5,13,4,13,4,13,3,12,2,12,2,12,0,0,0,0,0,0,0,0,0,0,0,0,0,0,0,0,0,0,0,0,0,0,2,9,2,9,1,10,1,10,0,10,-1,11,-1,11,-2,12,-2,12,-3,11,-2,11,-3,11,-3,11,-2,11,-2,11,-2,11,-1,12,-1,11,0,12,0,12,0,12,0,13,1,13,2,13,2,13,2,14]"
2025-08-18 22:35:51.656093,CSI_DATA,2056,1a:00:00:00:00:00,-42,11,0,0,0,0,0,0,0,0,0,-94,0,1,0,350908658,0,31,0,128,0,"[0,0,-8,12,-8,12,-8,12,-7,12,-7,12,-7,12,-6,12,-6,12,-5,12,-4,12,-4,12,-3,13,-3,13,-3,13,-3,13,-3,14,-3,14,-4,14,-4,14,-5,14,-6,13,-6,13,-6,12,-6,12,-7,11,-8,10,0,0,0,0,0,0,0,0,0,0,0,0,0,0,0,0,0,0,0,0,0,0,-4,8,-5,8,-6,8,-7,8,-7,8,-8,8,-9,8,-9,8,-10,8,-10,7,-10,7,-10,7,-10,7,-10,7,-10,8,-9,8,-9,8,-8,8,-9,9,-8,9,-9,10,-8,10,-8,11,-8,11,-8,12,-7,12]"
2025-08-18 22:35:51.855495,CSI_DATA,2057,1a:00:00:00:00:00,-42,11,0,0,0,0,0,0,0,0,0,-94,0,1,0,351109702,0,31,0,128,0,"[0,0,0,15,0,15,0,14,1,14,1,14,1,14,2,14,2,13,3,13,4,13,4,13,5,13,5,13,5,13,6,13,5,13,5,14,5,14,5,14,4,15,3,14,2,14,2,14,1,14,0,13,0,13,0,0,0,0,0,0,0,0,0,0,0,0,0,0,0,0,0,0,0,0,0,0,1,9,0,10,0,10,-1,11,-2,11,-2,11,-3,12,-3,12,-4,12,-4,12,-5,12,-5,12,-4,12,-4,12,-4,12,-4,12,-3,12,-3,12,-2,12,-2,13,-2,13,-1,13,-1,14,0,14,0,14,0,15]"
2025-08-18 22:35:51.926271,CSI_DATA,2058,1a:00:00:00:00:00,-42,11,0,0,0,0,0,0,0,0,0,-94,0,1,0,351170499,0,42,0,128,0,"[0,0,-14,3,-14,3,-13,3,-14,4,-13,4,-13,4,-13,4,-12,5,-12,5,-12,6,-12,6,-12,6,-12,7,-11,7,-12,8,-12,8,-12,8,-13,7,-13,7,-13,7,-13,6,-13,5,-13,4,-13,3,-13,3,-13,2,0,0,0,0,0,0,0,0,0,0,0,0,0,0,0,0,0,0,0,0,0,0,-9,3,-9,3,-10,2,-10,2,-11,1,-11,0,-12,0,-12,0,-12,-1,-13,-1,-12,-2,-12,-2,-12,-2,-12,-1,-12,-1,-12,-1,-12,0,-12,0,-12,1,-13,1,-13,2,-13,2,-14,2,-14,2,-14,3,-14,3]"
2025-08-18 22:35:51.983620,CSI_DATA,2059,1a:00:00:00:00:00,-42,11,0,0,0,0,0,0,0,0,0,-94,0,1,0,351241797,0,31,0,128,0,"[0,0,13,5,12,5,13,5,12,4,13,4,12,4,12,3,13,3,13,2,12,1,13,1,13,1,13,0,13,0,13,0,14,0,14,0,14,1,14,1,14,2,14,2,13,3,13,3,12,4,11,4,11,5,0,0,0,0,0,0,0,0,0,0,0,0,0,0,0,0,0,0,0,0,0,0,8,2,9,3,9,4,9,4,9,5,9,6,9,6,9,7,9,7,8,7,8,8,8,8,8,8,8,7,8,7,8,7,9,7,9,6,10,6,10,6,11,6,11,5,11,5,12,5,12,5,13,5]"
2025-08-18 22:35:52.193786,CSI_DATA,2060,1a:00:00:00:00:00,-42,11,0,0,0,0,0,0,0,0,0,-94,0,1,0,351442889,0,31,0,128,0,"[0,0,-15,2,-14,3,-14,2,-14,3,-14,3,-14,3,-13,4,-13,4,-13,5,-12,5,-12,6,-12,6,-12,7,-12,7,-12,7,-13,7,-13,7,-13,7,-14,7,-14,6,-14,5,-14,5,-13,4,-13,3,-13,3,-13,2,0,0,0,0,0,0,0,0,0,0,0,0,0,0,0,0,0,0,0,0,0,0,-9,2,-10,2,-11,1,-11,0,-12,0,-12,-1,-12,-1,-12,-2,-12,-2,-12,-2,-13,-3,-12,-3,-12,-2,-12,-2,-12,-2,-12,-2,-12,-1,-12,-1,-13,0,-13,0,-13,0,-13,1,-14,2,-14,2,-14,2,-14,2]"
2025-08-18 22:35:52.392033,CSI_DATA,2061,1a:00:00:00:00:00,-42,11,0,0,0,0,0,0,0,0,0,-94,0,1,0,351644055,0,31,0,128,0,"[0,0,5,-14,4,-14,4,-14,4,-13,4,-14,3,-14,3,-14,2,-14,2,-13,1,-14,1,-14,0,-14,0,-14,0,-15,0,-14,0,-15,0,-15,0,-15,1,-15,1,-15,2,-15,3,-14,3,-14,4,-14,4,-13,5,-12,0,0,0,0,0,0,0,0,0,0,0,0,0,0,0,0,0,0,0,0,0,0,2,-9,3,-10,4,-10,4,-10,5,-10,6,-10,6,-10,7,-10,7,-10,7,-9,8,-10,8,-9,8,-9,7,-9,7,-10,7,-10,6,-10,6,-10,6,-11,6,-11,5,-12,5,-12,5,-13,5,-13,5,-13,5,-14]"
2025-08-18 22:35:52.600812,CSI_DATA,2062,1a:00:00:00:00:00,-42,11,0,0,0,0,0,0,0,0,0,-94,0,1,0,351846346,0,31,0,128,0,"[0,0,-9,-13,-9,-13,-9,-13,-9,-12,-10,-12,-10,-12,-10,-11,-10,-11,-10,-10,-11,-9,-12,-9,-12,-9,-12,-9,-13,-9,-13,-9,-13,-9,-13,-9,-13,-10,-13,-10,-12,-11,-12,-11,-11,-11,-10,-11,-10,-11,-9,-11,-8,-12,0,0,0,0,0,0,0,0,0,0,0,0,0,0,0,0,0,0,0,0,0,0,-7,-8,-7,-9,-7,-9,-6,-10,-6,-11,-6,-12,-5,-12,-5,-13,-4,-13,-4,-13,-4,-13,-4,-13,-4,-13,-4,-13,-4,-13,-5,-12,-5,-12,-5,-12,-6,-12,-6,-12,-7,-12,-7,-13,-8,-12,-9,-12,-9,-13,-9,-13]"
2025-08-18 22:35:52.805803,CSI_DATA,2063,1a:00:00:00:00:00,-42,11,0,0,0,0,0,0,0,0,0,-94,0,1,0,352046514,0,31,0,128,0,"[0,0,-13,7,-12,7,-12,7,-12,7,-12,8,-11,7,-11,8,-10,8,-10,8,-10,9,-9,9,-9,9,-9,10,-9,10,-9,11,-9,11,-9,11,-10,11,-10,10,-10,10,-11,9,-11,9,-11,8,-11,7,-11,6,-11,6,0,0,0,0,0,0,0,0,0,0,0,0,0,0,0,0,0,0,0,0,0,0,-8,5,-8,5,-9,5,-10,4,-10,4,-11,4,-11,3,-12,3,-12,3,-12,2,-12,2,-12,1,-12,2,-12,2,-12,2,-12,3,-11,3,-11,4,-12,4,-12,5,-12,5,-12,6,-12,6,-12,6,-12,6,-12,6]"
2025-08-18 22:35:53.009037,CSI_DATA,2064,1a:00:00:00:00:00,-42,11,0,0,0,0,0,0,0,0,0,-94,0,1,0,352247632,0,31,0,128,0,"[0,0,-6,13,-6,13,-5,12,-5,13,-5,13,-4,13,-4,13,-4,12,-3,12,-2,13,-2,13,-1,13,-1,13,-1,13,-1,14,-1,13,-1,14,-1,14,-2,14,-2,14,-3,14,-4,13,-4,13,-4,12,-5,12,-6,11,0,0,0,0,0,0,0,0,0,0,0,0,0,0,0,0,0,0,0,0,0,0,-3,9,-4,9,-5,9,-5,9,-6,9,-6,9,-7,9,-8,9,-8,9,-9,8,-9,8,-9,8,-9,9,-8,9,-8,9,-8,9,-8,9,-7,10,-7,10,-7,10,-7,11,-6,11,-6,12,-6,12,-6,12,-6,12]"
2025-08-18 22:35:53.197539,CSI_DATA,2065,1a:00:00:00:00:00,-42,11,0,0,0,0,0,0,0,0,0,-94,0,1,0,352448829,0,31,0,128,0,"[0,0,-11,9,-11,9,-11,9,-10,9,-10,10,-10,10,-9,10,-9,10,-9,10,-8,10,-8,11,-7,11,-7,11,-7,12,-7,12,-8,12,-8,12,-8,12,-8,12,-9,12,-9,11,-10,11,-9,10,-10,9,-10,8,-11,8,0,0,0,0,0,0,0,0,0,0,0,0,0,0,0,0,0,0,0,0,0,0,-7,7,-8,7,-8,6,-9,6,-10,6,-10,6,-11,5,-11,5,-12,5,-12,4,-12,4,-12,4,-12,4,-11,4,-11,4,-11,4,-11,5,-11,5,-11,6,-11,6,-11,7,-11,7,-11,8,-11,8,-11,9,-11,9]"
2025-08-18 22:35:53.399771,CSI_DATA,2066,1a:00:00:00:00:00,-42,11,0,0,0,0,0,0,0,0,0,-94,0,1,0,352649971,0,31,0,128,0,"[0,0,-14,3,-14,4,-14,4,-14,4,-13,5,-13,5,-13,5,-13,5,-12,6,-12,6,-12,7,-11,7,-11,7,-11,8,-12,8,-12,8,-13,8,-13,8,-13,8,-13,7,-13,6,-13,6,-13,5,-13,4,-13,4,-13,3,0,0,0,0,0,0,0,0,0,0,0,0,0,0,0,0,0,0,0,0,0,0,-9,3,-10,3,-10,2,-11,2,-12,1,-12,1,-12,0,-13,0,-13,-1,-13,-1,-13,-1,-13,-1,-12,-1,-12,-1,-12,-1,-13,0,-12,0,-13,1,-13,1,-13,1,-13,2,-13,2,-14,3,-14,3,-14,3,-14,3]"
2025-08-18 22:35:53.457159,CSI_DATA,2067,1a:00:00:00:00:00,-42,11,0,0,0,0,0,0,0,0,0,-94,0,1,0,352710839,0,42,0,128,0,"[0,0,-2,14,-1,14,-1,14,-1,14,0,14,0,13,1,13,1,13,2,13,2,13,2,13,3,13,3,13,4,13,4,13,4,14,4,14,4,14,4,14,3,14,2,14,2,14,1,14,0,13,-1,13,-2,13,0,0,0,0,0,0,0,0,0,0,0,0,0,0,0,0,0,0,0,0,0,0,-1,9,-1,10,-2,10,-3,10,-3,11,-4,11,-4,11,-5,11,-5,11,-6,11,-6,11,-6,10,-6,11,-6,11,-5,11,-5,11,-5,11,-4,11,-4,12,-3,12,-3,13,-3,13,-2,13,-2,14,-2,14,-2,14]"
2025-08-18 22:35:53.518062,CSI_DATA,2068,1a:00:00:00:00:00,-42,11,0,0,0,0,0,0,0,0,0,-94,0,1,0,352772365,0,31,0,128,0,"[0,0,14,0,13,0,13,0,14,-1,13,-1,13,-1,13,-1,13,-2,13,-2,12,-3,12,-4,12,-4,13,-4,13,-5,13,-5,13,-5,13,-5,14,-4,14,-4,14,-3,14,-3,14,-2,13,-2,13,-1,12,0,12,1,0,0,0,0,0,0,0,0,0,0,0,0,0,0,0,0,0,0,0,0,0,0,9,-2,9,-1,10,0,10,0,10,1,11,2,11,2,11,3,11,3,11,3,11,4,11,4,11,4,11,3,11,3,11,3,11,3,11,2,12,2,12,1,12,1,13,1,13,0,13,0,13,0,14,0]"
2025-08-18 22:35:53.727807,CSI_DATA,2069,1a:00:00:00:00:00,-42,11,0,0,0,0,0,0,0,0,0,-94,0,1,0,352973435,0,31,0,128,0,"[0,0,-15,-6,-15,-6,-14,-6,-15,-6,-14,-5,-14,-5,-14,-4,-14,-4,-14,-3,-15,-3,-14,-2,-15,-1,-15,-1,-15,-1,-16,-1,-15,-1,-16,-1,-16,-1,-17,-2,-16,-3,-16,-3,-15,-4,-15,-4,-14,-5,-14,-5,-13,-6,0,0,0,0,0,0,0,0,0,0,0,0,0,0,0,0,0,0,0,0,0,0,-10,-3,-10,-4,-10,-5,-10,-5,-11,-6,-11,-7,-11,-8,-11,-8,-10,-9,-10,-9,-10,-9,-10,-9,-10,-9,-10,-9,-10,-9,-10,-8,-11,-8,-11,-7,-12,-8,-12,-7,-13,-7,-13,-7,-14,-7,-14,-6,-14,-6,-14,-6]"
2025-08-18 22:35:53.927801,CSI_DATA,2070,1a:00:00:00:00:00,-42,11,0,0,0,0,0,0,0,0,0,-94,0,1,0,353174737,0,31,0,128,0,"[0,0,-4,-14,-4,-14,-4,-14,-5,-14,-5,-14,-5,-13,-5,-14,-5,-13,-6,-12,-6,-13,-7,-13,-7,-13,-8,-13,-7,-12,-8,-12,-9,-12,-8,-13,-8,-13,-8,-13,-7,-13,-7,-13,-6,-13,-5,-14,-5,-13,-4,-13,-3,-13,0,0,0,0,0,0,0,0,0,0,0,0,0,0,0,0,0,0,0,0,0,0,-4,-9,-3,-10,-3,-11,-2,-11,-2,-12,-1,-12,-1,-12,0,-13,0,-13,1,-13,1,-13,1,-12,1,-12,1,-12,0,-12,0,-12,-1,-12,-1,-13,-1,-13,-2,-13,-2,-13,-3,-13,-3,-14,-3,-14,-3,-14,-3,-14]"
2025-08-18 22:35:54.124795,CSI_DATA,2071,1a:00:00:00:00:00,-42,11,0,0,0,0,0,0,0,0,0,-94,0,1,0,353375955,0,31,0,128,0,"[0,0,12,-7,12,-8,11,-8,12,-8,11,-8,11,-8,10,-8,10,-9,10,-9,9,-10,9,-10,9,-10,9,-11,8,-11,9,-11,8,-11,9,-12,9,-12,9,-13,11,-10,10,-10,11,-10,11,-9,11,-8,11,-7,11,-6,0,0,0,0,0,0,0,0,0,0,0,0,0,0,0,0,0,0,0,0,0,0,7,-6,8,-5,9,-5,9,-5,10,-4,10,-4,11,-4,11,-3,11,-3,12,-2,12,-2,12,-2,11,-2,11,-2,11,-3,11,-3,11,-3,11,-4,11,-5,11,-5,11,-5,12,-6,12,-7,12,-6,12,-7,12,-7]"
2025-08-18 22:35:54.328506,CSI_DATA,2072,1a:00:00:00:00:00,-42,11,0,0,0,0,0,0,0,0,0,-94,0,1,0,353577081,0,31,0,128,0,"[0,0,-4,13,-4,13,-3,13,-3,13,-3,13,-2,13,-2,13,-1,13,-1,12,0,12,0,12,0,12,1,13,1,13,1,13,1,13,1,13,0,14,0,14,0,14,-1,13,-1,13,-2,13,-3,13,-3,12,-4,11,0,0,0,0,0,0,0,0,0,0,0,0,0,0,0,0,0,0,0,0,0,0,-2,9,-2,9,-3,9,-4,9,-4,9,-5,10,-6,10,-6,10,-6,10,-7,9,-7,9,-7,9,-7,9,-7,9,-7,9,-6,9,-6,10,-5,10,-5,11,-5,11,-5,11,-5,12,-4,12,-4,13,-4,13,-4,13]"
2025-08-18 22:35:54.525324,CSI_DATA,2073,1a:00:00:00:00:00,-42,11,0,0,0,0,0,0,0,0,0,-94,0,1,0,353778208,0,31,0,128,0,"[0,0,-5,14,-5,13,-5,14,-4,14,-4,14,-4,14,-3,13,-2,13,-2,13,-1,13,-1,13,0,13,0,14,0,14,0,14,0,14,0,14,0,15,-1,15,-1,15,-2,14,-2,14,-3,14,-4,13,-4,12,-5,12,0,0,0,0,0,0,0,0,0,0,0,0,0,0,0,0,0,0,0,0,0,0,-2,9,-3,10,-4,9,-5,10,-5,10,-6,10,-7,10,-7,10,-8,10,-8,10,-8,10,-9,9,-8,9,-8,9,-8,10,-7,9,-7,10,-7,10,-6,11,-6,12,-6,12,-6,12,-6,13,-6,13,-5,13,-5,14]"
2025-08-18 22:35:54.721646,CSI_DATA,2074,1a:00:00:00:00:00,-42,11,0,0,0,0,0,0,0,0,0,-94,0,1,0,353979356,0,31,0,128,0,"[0,0,9,10,10,10,10,9,10,9,10,9,10,9,10,8,10,8,10,7,11,6,11,6,11,6,12,5,12,5,13,5,13,6,13,6,13,6,13,7,12,7,11,8,11,8,10,8,10,8,9,8,8,9,0,0,0,0,0,0,0,0,0,0,0,0,0,0,0,0,0,0,0,0,0,0,7,5,7,6,7,7,6,8,6,8,6,9,6,10,5,10,5,10,5,10,5,11,4,10,5,10,5,10,5,10,5,10,6,10,6,10,7,10,7,10,7,10,8,10,8,10,9,10,9,10,10,10]"
2025-08-18 22:35:54.931136,CSI_DATA,2075,1a:00:00:00:00:00,-42,11,0,0,0,0,0,0,0,0,0,-94,0,1,0,354180635,0,31,0,128,0,"[0,0,-15,1,-15,1,-14,1,-14,1,-14,2,-13,2,-13,2,-13,3,-13,3,-13,4,-13,4,-12,5,-13,5,-13,5,-13,5,-13,5,-14,5,-14,5,-14,5,-14,4,-14,3,-14,3,-14,2,-14,1,-13,1,-13,0,0,0,0,0,0,0,0,0,0,0,0,0,0,0,0,0,0,0,0,0,0,0,-9,2,-10,1,-11,1,-11,0,-11,0,-12,-1,-12,-2,-12,-2,-12,-2,-12,-3,-12,-3,-12,-3,-12,-3,-12,-3,-12,-3,-12,-3,-12,-2,-12,-2,-12,-1,-13,-1,-13,-1,-13,0,-14,0,-14,0,-14,1,-14,1]"
2025-08-18 22:35:54.990137,CSI_DATA,2076,1a:00:00:00:00:00,-42,11,0,0,0,0,0,0,0,0,0,-94,0,1,0,354241414,0,42,0,128,0,"[0,0,12,-8,12,-9,11,-8,11,-9,10,-9,10,-9,10,-9,10,-9,9,-9,9,-10,9,-10,8,-11,8,-11,8,-11,9,-12,8,-11,9,-12,9,-11,10,-11,10,-11,10,-10,10,-10,11,-9,10,-8,11,-8,11,-7,0,0,0,0,0,0,0,0,0,0,0,0,0,0,0,0,0,0,0,0,0,0,7,-7,7,-6,8,-6,9,-6,10,-6,10,-5,11,-5,11,-4,11,-4,12,-3,11,-3,11,-3,11,-4,11,-4,11,-3,11,-4,11,-4,11,-5,11,-5,11,-6,11,-6,11,-7,12,-7,11,-8,11,-8,12,-8]"
2025-08-18 22:35:55.058979,CSI_DATA,2077,1a:00:00:00:00:00,-42,11,0,0,0,0,0,0,0,0,0,-94,0,1,0,354310524,0,31,0,128,0,"[0,0,13,-5,13,-6,12,-6,13,-6,12,-6,12,-6,12,-7,12,-7,11,-7,11,-8,10,-8,10,-9,10,-9,10,-9,10,-10,11,-10,11,-10,11,-9,12,-9,12,-8,12,-8,12,-7,12,-7,12,-6,12,-5,12,-4,0,0,0,0,0,0,0,0,0,0,0,0,0,0,0,0,0,0,0,0,0,0,8,-5,9,-4,9,-4,10,-3,10,-3,11,-2,11,-2,11,-2,12,-1,12,-1,12,-1,12,-1,11,-1,11,-1,11,-1,11,-1,11,-2,11,-2,12,-3,12,-3,12,-3,12,-4,13,-4,13,-5,13,-5,13,-5]"
2025-08-18 22:35:55.261875,CSI_DATA,2078,1a:00:00:00:00:00,-42,11,0,0,0,0,0,0,0,0,0,-94,0,1,0,354511626,0,31,0,128,0,"[0,0,-15,2,-15,2,-14,2,-14,3,-14,3,-14,3,-13,3,-13,4,-13,4,-13,5,-12,6,-12,6,-12,6,-12,7,-13,7,-12,7,-13,7,-13,7,-14,6,-14,6,-14,5,-14,4,-14,4,-13,3,-13,2,-13,2,0,0,0,0,0,0,0,0,0,0,0,0,0,0,0,0,0,0,0,0,0,0,-9,2,-10,2,-11,1,-11,1,-12,0,-12,-1,-12,-1,-12,-2,-12,-2,-12,-2,-12,-2,-12,-3,-12,-2,-12,-2,-12,-2,-12,-2,-12,-1,-13,-1,-13,0,-13,0,-13,0,-13,1,-14,1,-14,2,-14,2,-14,2]"
2025-08-18 22:35:55.454916,CSI_DATA,2079,1a:00:00:00:00:00,-42,11,0,0,0,0,0,0,0,0,0,-94,0,1,0,354712994,0,31,0,128,0,"[0,0,12,7,12,6,11,6,12,6,12,5,11,5,11,5,12,4,12,4,12,3,12,2,12,2,12,2,13,2,13,2,13,2,13,2,13,2,13,3,13,4,13,4,12,5,12,5,11,5,11,6,10,6,0,0,0,0,0,0,0,0,0,0,0,0,0,0,0,0,0,0,0,0,0,0,8,3,8,3,8,4,8,5,8,5,8,6,8,7,8,8,8,8,7,8,7,8,7,8,7,8,7,8,8,8,8,8,8,7,8,7,9,7,9,7,9,7,10,7,11,6,11,6,11,6,12,6]"
2025-08-18 22:35:55.660076,CSI_DATA,2080,1a:00:00:00:00:00,-42,11,0,0,0,0,0,0,0,0,0,-94,0,1,0,354913897,0,31,0,128,0,"[0,0,-1,14,-1,13,0,14,0,13,0,14,0,13,1,13,1,13,2,12,2,12,3,12,4,12,4,12,4,13,4,12,4,13,4,13,4,14,3,14,3,14,2,14,1,14,1,13,1,13,0,13,-1,12,0,0,0,0,0,0,0,0,0,0,0,0,0,0,0,0,0,0,0,0,0,0,1,9,0,10,-1,9,-1,11,-2,10,-3,11,-3,11,-4,11,-4,11,-5,11,-4,11,-5,11,-4,11,-4,11,-4,11,-4,10,-4,12,-3,11,-3,12,-2,12,-2,12,-2,13,-1,13,-1,14,-1,14,0,14]"
2025-08-18 22:35:55.867609,CSI_DATA,2081,1a:00:00:00:00:00,-42,11,0,0,0,0,0,0,0,0,0,-94,0,1,0,355115071,0,31,0,128,0,"[0,0,1,-14,0,-14,0,-14,0,-14,-1,-14,-1,-14,-1,-14,-2,-14,-2,-13,-3,-13,-3,-13,-4,-13,-4,-13,-4,-13,-5,-14,-4,-13,-4,-14,-4,-14,-4,-14,-3,-14,-3,-14,-2,-14,-1,-14,-1,-14,0,-13,1,-13,0,0,0,0,0,0,0,0,0,0,0,0,0,0,0,0,0,0,0,0,0,0,-1,-10,-1,-10,0,-10,1,-11,1,-11,2,-11,3,-11,3,-12,3,-12,4,-11,4,-11,4,-11,4,-11,4,-11,4,-11,3,-11,3,-11,2,-12,2,-12,2,-12,2,-13,1,-13,1,-14,1,-14,1,-14,0,-14]"
2025-08-18 22:35:56.061224,CSI_DATA,2082,1a:00:00:00:00:00,-42,11,0,0,0,0,0,0,0,0,0,-94,0,1,0,355316418,0,31,0,128,0,"[0,0,2,14,2,14,2,14,3,13,3,13,3,13,3,13,4,13,5,12,5,12,6,12,6,12,6,12,7,12,7,12,7,12,7,13,7,13,7,13,6,13,5,13,5,13,4,13,3,13,2,13,2,13,0,0,0,0,0,0,0,0,0,0,0,0,0,0,0,0,0,0,0,0,0,0,2,9,2,10,1,10,0,11,0,11,-1,11,-1,12,-2,12,-2,12,-3,12,-3,12,-3,12,-3,12,-3,12,-2,12,-2,12,-2,12,-1,12,0,12,0,13,0,13,1,13,1,13,1,14,2,14,2,14]"
2025-08-18 22:35:56.268912,CSI_DATA,2083,1a:00:00:00:00:00,-42,11,0,0,0,0,0,0,0,0,0,-94,0,1,0,355517541,0,31,0,128,0,"[0,0,-15,0,-15,1,-14,1,-14,1,-14,2,-14,2,-14,2,-13,2,-13,3,-13,4,-13,4,-13,5,-13,5,-13,5,-13,6,-14,6,-14,6,-14,5,-14,5,-14,4,-14,4,-14,3,-14,2,-14,2,-14,1,-13,0,0,0,0,0,0,0,0,0,0,0,0,0,0,0,0,0,0,0,0,0,0,0,-10,1,-10,1,-11,0,-11,-1,-11,-1,-12,-2,-12,-3,-12,-3,-12,-4,-12,-4,-12,-4,-12,-4,-12,-4,-12,-4,-12,-3,-12,-3,-12,-3,-12,-2,-13,-2,-13,-1,-13,-1,-14,-1,-14,0,-14,0,-14,0,-15,0]"
2025-08-18 22:35:56.460763,CSI_DATA,2084,1a:00:00:00:00:00,-42,11,0,0,0,0,0,0,0,0,0,-94,0,1,0,355718667,0,31,0,128,0,"[0,0,8,11,8,10,8,10,9,10,8,10,8,9,8,9,9,9,9,8,10,8,10,7,10,7,10,7,11,7,11,7,11,7,11,8,11,8,11,8,10,9,10,9,9,9,8,9,8,9,7,10,6,10,0,0,0,0,0,0,0,0,0,0,0,0,0,0,0,0,0,0,0,0,0,0,6,6,6,6,6,7,6,8,6,8,5,9,5,10,5,10,4,10,4,11,4,11,3,11,4,11,4,10,4,10,4,10,4,10,5,10,5,10,6,10,6,10,6,10,7,10,8,10,8,11,8,10]"
2025-08-18 22:35:56.527701,CSI_DATA,2085,1a:00:00:00:00:00,-42,11,0,0,0,0,0,0,0,0,0,-94,0,1,0,355779458,0,42,0,128,0,"[0,0,13,-4,13,-4,13,-4,13,-4,12,-5,12,-5,12,-5,12,-5,11,-6,11,-6,11,-7,11,-7,11,-7,11,-8,11,-8,11,-8,12,-8,12,-8,12,-7,12,-7,12,-6,12,-5,12,-5,12,-4,12,-3,12,-3,0,0,0,0,0,0,0,0,0,0,0,0,0,0,0,0,0,0,0,0,0,0,8,-4,8,-4,9,-3,10,-2,10,-2,11,-2,11,-1,11,-1,11,0,11,0,11,0,11,0,11,0,11,0,11,0,11,0,11,-1,11,-1,11,-2,12,-2,12,-2,12,-3,12,-3,13,-3,13,-4,13,-4]"
2025-08-18 22:35:56.593659,CSI_DATA,2086,1a:00:00:00:00:00,-42,11,0,0,0,0,0,0,0,0,0,-94,0,1,0,355845089,0,31,0,128,0,"[0,0,-12,9,-11,9,-11,9,-11,9,-11,9,-10,9,-10,9,-9,10,-9,10,-8,10,-8,11,-8,11,-8,11,-7,12,-8,12,-7,12,-8,12,-8,12,-9,12,-9,12,-9,11,-10,10,-10,10,-10,9,-10,8,-11,7,0,0,0,0,0,0,0,0,0,0,0,0,0,0,0,0,0,0,0,0,0,0,-7,6,-8,6,-9,6,-9,5,-10,6,-11,5,-11,5,-11,4,-12,4,-12,4,-12,3,-12,3,-12,3,-12,4,-12,4,-12,4,-11,4,-11,5,-11,5,-11,6,-11,7,-11,7,-11,8,-11,8,-11,8,-11,8]"
2025-08-18 22:35:56.793310,CSI_DATA,2087,1a:00:00:00:00:00,-42,11,0,0,0,0,0,0,0,0,0,-94,0,1,0,356046168,0,31,0,128,0,"[0,0,-9,11,-9,11,-9,11,-9,11,-8,11,-8,11,-7,11,-7,11,-6,11,-6,12,-5,12,-5,12,-5,12,-4,13,-4,13,-4,13,-5,14,-5,13,-5,13,-6,13,-6,13,-7,12,-7,12,-8,11,-8,10,-8,9,0,0,0,0,0,0,0,0,0,0,0,0,0,0,0,0,0,0,0,0,0,0,-6,8,-6,7,-7,8,-8,7,-8,7,-9,7,-10,7,-10,7,-10,7,-11,6,-11,6,-11,6,-11,6,-11,6,-10,6,-10,7,-10,7,-10,8,-10,8,-9,8,-9,9,-9,9,-9,10,-9,10,-9,10,-9,10]"
2025-08-18 22:35:56.989030,CSI_DATA,2088,1a:00:00:00:00:00,-42,11,0,0,0,0,0,0,0,0,0,-94,0,1,0,356247371,0,31,0,128,0,"[0,0,9,10,9,10,9,10,9,9,9,9,9,9,9,8,10,8,10,7,10,7,10,7,11,6,11,6,11,6,12,6,12,6,12,7,12,7,12,7,11,8,11,8,10,8,9,9,9,9,8,9,7,9,0,0,0,0,0,0,0,0,0,0,0,0,0,0,0,0,0,0,0,0,0,0,6,5,6,6,6,7,6,7,6,8,5,9,6,10,5,10,5,10,4,10,4,11,4,11,4,10,4,10,4,10,5,10,5,10,6,9,6,10,7,10,7,10,7,10,8,10,8,10,8,10,9,10]"
2025-08-18 22:35:57.197785,CSI_DATA,2089,1a:00:00:00:00:00,-42,11,0,0,0,0,0,0,0,0,0,-94,0,1,0,356448713,0,31,0,128,0,"[0,0,-14,6,-13,6,-13,6,-13,6,-12,7,-12,7,-12,7,-12,7,-11,8,-11,8,-10,9,-10,9,-10,10,-10,10,-10,10,-10,10,-10,10,-11,10,-11,10,-12,9,-12,9,-12,8,-12,7,-11,7,-12,6,-12,5,0,0,0,0,0,0,0,0,0,0,0,0,0,0,0,0,0,0,0,0,0,0,-9,5,-9,4,-10,4,-11,3,-11,3,-11,3,-12,2,-12,1,-13,1,-13,1,-13,1,-13,1,-12,1,-12,1,-12,1,-12,2,-12,2,-12,2,-12,3,-12,3,-13,4,-13,4,-13,5,-13,6,-13,6,-13,6]"
2025-08-18 22:35:57.396557,CSI_DATA,2090,1a:00:00:00:00:00,-42,11,0,0,0,0,0,0,0,0,0,-94,0,1,0,356649847,0,31,0,128,0,"[0,0,13,-2,13,-3,13,-3,13,-3,13,-4,12,-4,12,-4,12,-5,12,-5,11,-6,11,-6,11,-6,11,-7,11,-7,11,-7,12,-7,12,-7,13,-7,13,-7,12,-6,13,-6,13,-5,12,-4,12,-4,12,-3,12,-2,0,0,0,0,0,0,0,0,0,0,0,0,0,0,0,0,0,0,0,0,0,0,8,-3,9,-2,9,-1,10,-1,10,-1,11,0,11,0,11,1,11,1,11,2,11,2,11,2,11,2,11,2,11,2,11,1,11,1,11,0,12,0,12,-1,12,-1,12,-2,12,-2,13,-2,13,-2,13,-2]"
2025-08-18 22:35:57.609336,CSI_DATA,2091,1a:00:00:00:00:00,-42,11,0,0,0,0,0,0,0,0,0,-94,0,1,0,356850936,0,31,0,128,0,"[0,0,-7,13,-6,13,-6,13,-5,13,-5,13,-5,13,-4,13,-4,13,-3,12,-2,12,-2,13,-1,13,-1,13,-1,14,-1,13,-1,14,-1,14,-2,14,-2,14,-3,14,-3,14,-4,13,-4,13,-4,13,-5,12,-6,11,0,0,0,0,0,0,0,0,0,0,0,0,0,0,0,0,0,0,0,0,0,0,-3,9,-4,9,-5,9,-6,9,-6,9,-7,9,-8,9,-8,9,-8,9,-9,8,-9,8,-9,8,-9,8,-9,8,-8,8,-8,9,-8,9,-7,9,-7,10,-7,10,-7,11,-7,11,-7,12,-6,12,-6,12,-6,12]"
2025-08-18 22:35:57.797387,CSI_DATA,2092,1a:00:00:00:00:00,-42,11,0,0,0,0,0,0,0,0,0,-94,0,1,0,357052132,0,31,0,128,0,"[0,0,14,0,14,0,13,-1,14,-1,13,-1,13,-2,13,-2,13,-3,13,-3,13,-4,12,-4,12,-5,13,-5,12,-5,13,-6,13,-6,13,-6,13,-5,14,-5,14,-5,14,-4,13,-3,13,-3,13,-2,13,-1,12,0,0,0,0,0,0,0,0,0,0,0,0,0,0,0,0,0,0,0,0,0,0,0,9,-1,9,0,10,0,10,1,11,2,11,2,11,3,11,3,11,4,11,4,11,5,11,5,11,4,11,4,11,4,11,4,11,3,11,2,11,2,12,2,12,1,13,1,13,1,13,0,13,0,14,0]"
2025-08-18 22:35:58.007780,CSI_DATA,2093,1a:00:00:00:00:00,-42,11,0,0,0,0,0,0,0,0,0,-94,0,1,0,357253275,0,31,0,128,0,"[0,0,-10,-12,-10,-11,-10,-11,-10,-11,-11,-11,-11,-10,-11,-10,-11,-10,-12,-9,-12,-8,-12,-8,-13,-8,-13,-8,-13,-7,-13,-7,-14,-7,-14,-8,-14,-8,-14,-9,-13,-9,-13,-9,-12,-9,-11,-10,-11,-10,-10,-10,-9,-11,0,0,0,0,0,0,0,0,0,0,0,0,0,0,0,0,0,0,0,0,0,0,-7,-7,-7,-8,-7,-9,-7,-10,-6,-10,-6,-11,-6,-11,-5,-12,-5,-12,-5,-12,-5,-12,-4,-12,-5,-12,-5,-12,-5,-12,-5,-12,-6,-12,-6,-12,-7,-12,-8,-12,-8,-12,-8,-12,-9,-11,-9,-12,-10,-12,-10,-12]"
2025-08-18 22:35:58.066434,CSI_DATA,2094,1a:00:00:00:00:00,-42,11,0,0,0,0,0,0,0,0,0,-94,0,1,0,357314113,0,42,0,128,0,"[0,0,-15,-2,-15,-2,-15,-2,-15,-2,-15,-2,-14,-1,-14,-1,-14,0,-14,1,-14,1,-14,1,-14,2,-14,2,-15,3,-15,3,-15,3,-15,3,-16,2,-16,2,-15,2,-15,1,-15,0,-14,0,-14,-1,-14,-2,-14,-3,0,0,0,0,0,0,0,0,0,0,0,0,0,0,0,0,0,0,0,0,0,0,-10,-1,-11,-2,-11,-2,-11,-3,-11,-4,-12,-5,-12,-5,-12,-6,-12,-6,-11,-6,-11,-7,-11,-7,-11,-7,-11,-6,-12,-6,-11,-6,-12,-5,-12,-4,-13,-5,-13,-4,-13,-4,-14,-4,-14,-3,-14,-3,-15,-3,-15,-3]"
2025-08-18 22:35:58.133225,CSI_DATA,2095,1a:00:00:00:00:00,-42,11,0,0,0,0,0,0,0,0,0,-94,0,1,0,357381445,0,31,0,128,0,"[0,0,-15,-2,-14,-2,-15,-2,-14,-1,-15,-1,-14,-1,-14,0,-14,0,-14,1,-13,1,-14,2,-14,3,-13,3,-14,3,-14,3,-15,3,-15,3,-15,3,-15,2,-15,2,-15,1,-15,1,-14,0,-14,0,-13,-1,-13,-2,0,0,0,0,0,0,0,0,0,0,0,0,0,0,0,0,0,0,0,0,0,0,-10,-1,-10,-2,-11,-2,-11,-3,-11,-3,-11,-4,-12,-5,-12,-5,-11,-6,-11,-6,-11,-6,-11,-6,-11,-6,-11,-6,-11,-5,-11,-5,-12,-5,-12,-4,-12,-4,-13,-4,-13,-3,-13,-3,-14,-3,-14,-2,-14,-2,-14,-2]"
2025-08-18 22:35:58.334333,CSI_DATA,2096,1a:00:00:00:00:00,-42,11,0,0,0,0,0,0,0,0,0,-94,0,1,0,357582674,0,31,0,128,0,"[0,0,-15,-1,-15,-1,-15,-1,-15,0,-15,0,-14,0,-14,1,-14,1,-14,2,-14,3,-14,3,-13,3,-14,4,-14,4,-14,4,-15,4,-15,4,-15,4,-15,3,-15,3,-15,2,-15,1,-15,1,-14,0,-14,-1,-14,-1,0,0,0,0,0,0,0,0,0,0,0,0,0,0,0,0,0,0,0,0,0,0,-10,1,-11,0,-11,-1,-11,-2,-12,-2,-12,-3,-12,-3,-12,-4,-12,-4,-12,-5,-12,-5,-12,-5,-12,-5,-12,-4,-12,-4,-12,-4,-12,-4,-13,-3,-13,-3,-13,-3,-14,-2,-14,-2,-14,-1,-15,-1,-15,-1,-15,-1]"
2025-08-18 22:35:58.527591,CSI_DATA,2097,1a:00:00:00:00:00,-42,11,0,0,0,0,0,0,0,0,0,-94,0,1,0,357783805,0,31,0,128,0,"[0,0,4,13,4,13,4,13,5,13,5,13,5,12,5,12,5,12,6,11,7,11,7,10,7,10,8,10,8,11,8,11,8,11,8,11,8,12,8,12,7,12,7,12,6,12,5,12,4,12,4,12,3,12,0,0,0,0,0,0,0,0,0,0,0,0,0,0,0,0,0,0,0,0,0,0,4,8,3,8,3,9,2,10,2,10,1,11,1,11,1,11,0,12,0,12,0,12,-1,12,0,12,0,12,0,11,0,11,0,11,1,11,1,12,2,12,2,12,3,12,3,13,3,13,4,13,4,13]"
2025-08-18 22:35:58.737623,CSI_DATA,2098,1a:00:00:00:00:00,-42,11,0,0,0,0,0,0,0,0,0,-94,0,1,0,357984995,0,31,0,128,0,"[0,0,-13,-7,-13,-7,-13,-6,-13,-6,-13,-6,-13,-5,-13,-5,-13,-4,-13,-4,-14,-3,-14,-3,-14,-2,-14,-2,-14,-2,-15,-2,-15,-2,-15,-2,-15,-2,-15,-3,-15,-3,-15,-4,-14,-4,-14,-5,-13,-5,-12,-6,-12,-7,0,0,0,0,0,0,0,0,0,0,0,0,0,0,0,0,0,0,0,0,0,0,-9,-4,-9,-4,-10,-5,-10,-6,-10,-7,-10,-7,-10,-8,-10,-8,-9,-9,-9,-9,-9,-9,-9,-9,-9,-9,-9,-9,-9,-9,-9,-9,-9,-8,-10,-8,-10,-8,-11,-7,-11,-7,-12,-7,-12,-7,-13,-7,-13,-7,-13,-7]"
2025-08-18 22:35:58.933916,CSI_DATA,2099,1a:00:00:00:00:00,-42,11,0,0,0,0,0,0,0,0,0,-94,0,1,0,358186157,0,31,0,128,0,"[0,0,14,-3,13,-4,13,-4,13,-4,13,-5,12,-4,12,-5,12,-5,12,-6,11,-6,11,-7,11,-7,11,-8,11,-8,11,-8,12,-8,12,-8,12,-8,13,-7,13,-7,13,-6,13,-6,12,-5,12,-4,12,-4,12,-3,0,0,0,0,0,0,0,0,0,0,0,0,0,0,0,0,0,0,0,0,0,0,8,-4,9,-3,9,-2,10,-2,10,-2,11,-1,11,0,11,0,12,1,11,1,12,1,11,1,12,1,11,1,12,0,11,0,12,0,11,-1,12,-1,12,-1,12,-2,13,-2,13,-3,13,-3,13,-3,14,-3]"
2025-08-18 22:35:59.148380,CSI_DATA,2100,1a:00:00:00:00:00,-42,11,0,0,0,0,0,0,0,0,0,-94,0,1,0,358387435,0,31,0,128,0,"[0,0,-14,-3,-14,-2,-14,-2,-14,-2,-14,-1,-14,-1,-13,-1,-13,0,-13,0,-14,1,-13,2,-13,2,-13,3,-13,3,-14,3,-14,3,-14,3,-14,2,-15,2,-15,1,-14,1,-14,0,-14,-1,-14,-1,-13,-2,-12,-2,0,0,0,0,0,0,0,0,0,0,0,0,0,0,0,0,0,0,0,0,0,0,-9,-1,-10,-1,-11,-2,-11,-3,-11,-3,-11,-4,-11,-5,-11,-5,-11,-6,-11,-6,-11,-6,-11,-6,-11,-6,-11,-6,-11,-6,-11,-5,-11,-5,-12,-4,-12,-4,-12,-4,-12,-4,-13,-3,-13,-3,-14,-3,-14,-3,-14,-2]"
2025-08-18 22:35:59.342824,CSI_DATA,2101,1a:00:00:00:00:00,-42,11,0,0,0,0,0,0,0,0,0,-94,0,1,0,358588531,0,31,0,128,0,"[0,0,-9,-12,-9,-11,-9,-11,-9,-11,-10,-11,-9,-10,-9,-10,-10,-10,-10,-9,-11,-8,-11,-8,-11,-8,-11,-8,-12,-8,-12,-8,-12,-8,-12,-8,-12,-9,-12,-9,-12,-10,-11,-10,-10,-10,-10,-10,-9,-10,-8,-10,-8,-11,0,0,0,0,0,0,0,0,0,0,0,0,0,0,0,0,0,0,0,0,0,0,-7,-7,-7,-8,-6,-8,-6,-9,-6,-10,-6,-10,-5,-11,-5,-11,-5,-12,-4,-11,-4,-12,-4,-12,-4,-12,-4,-11,-5,-12,-5,-11,-5,-11,-6,-11,-6,-11,-6,-11,-7,-11,-7,-12,-8,-11,-8,-11,-9,-11,-9,-12]"
2025-08-18 22:35:59.532885,CSI_DATA,2102,1a:00:00:00:00:00,-42,11,0,0,0,0,0,0,0,0,0,-94,0,1,0,358789889,0,31,0,128,0,"[0,0,13,4,13,3,13,3,13,3,13,3,13,2,13,2,13,1,13,1,13,0,13,0,13,-1,13,-1,14,-1,13,-1,14,-2,14,-1,15,-1,15,-1,14,0,14,1,14,1,13,2,12,2,12,3,12,4,0,0,0,0,0,0,0,0,0,0,0,0,0,0,0,0,0,0,0,0,0,0,9,1,9,2,9,3,10,4,10,4,10,5,10,5,10,6,10,6,9,7,9,7,9,7,9,7,9,7,10,6,9,6,10,6,10,5,11,5,11,5,11,5,12,4,12,4,12,4,13,4,13,4]"
2025-08-18 22:35:59.593421,CSI_DATA,2103,1a:00:00:00:00:00,-42,11,0,0,0,0,0,0,0,0,0,-94,0,1,0,358850579,0,42,0,128,0,"[0,0,10,10,10,9,10,9,10,9,10,9,10,8,10,8,10,7,10,7,11,6,11,6,12,5,12,5,12,5,12,5,13,5,13,6,13,6,13,7,12,7,12,8,11,8,10,8,10,8,9,8,8,9,0,0,0,0,0,0,0,0,0,0,0,0,0,0,0,0,0,0,0,0,0,0,7,5,7,6,7,7,7,7,7,8,7,9,6,9,6,10,5,10,5,10,5,10,5,10,5,10,5,10,5,10,5,10,6,10,7,9,7,10,7,10,8,9,8,10,9,10,9,10,9,10,10,10]"
2025-08-18 22:35:59.669888,CSI_DATA,2104,1a:00:00:00:00:00,-42,11,0,0,0,0,0,0,0,0,0,-94,0,1,0,358916841,0,31,0,128,0,"[0,0,-13,-8,-13,-8,-13,-8,-13,-7,-13,-7,-13,-6,-13,-6,-13,-5,-13,-5,-13,-4,-13,-4,-14,-3,-14,-4,-14,-3,-14,-3,-14,-3,-15,-3,-15,-4,-15,-4,-15,-4,-14,-5,-14,-5,-13,-6,-12,-7,-12,-7,-11,-7,0,0,0,0,0,0,0,0,0,0,0,0,0,0,0,0,0,0,0,0,0,0,-9,-5,-9,-5,-9,-6,-9,-7,-9,-7,-9,-8,-9,-9,-9,-9,-9,-9,-8,-10,-8,-10,-8,-10,-8,-10,-8,-10,-8,-9,-8,-9,-9,-9,-9,-9,-10,-9,-10,-8,-11,-8,-11,-8,-12,-8,-12,-8,-12,-8,-12,-8]"
2025-08-18 22:35:59.862586,CSI_DATA,2105,1a:00:00:00:00:00,-42,11,0,0,0,0,0,0,0,0,0,-94,0,1,0,359117901,0,31,0,128,0,"[0,0,1,14,1,14,1,14,2,13,2,13,2,13,3,13,3,13,3,12,4,12,5,12,5,12,5,12,6,12,6,12,6,12,6,13,5,13,5,13,5,13,4,13,3,13,3,13,2,13,1,12,0,12,0,0,0,0,0,0,0,0,0,0,0,0,0,0,0,0,0,0,0,0,0,0,2,9,1,9,1,10,0,10,0,11,-1,11,-2,11,-2,12,-3,12,-3,11,-3,12,-3,11,-3,11,-3,11,-3,11,-2,11,-2,11,-1,11,-1,12,-1,12,0,12,0,13,1,13,1,13,1,14,1,13]"
2025-08-18 22:36:00.070150,CSI_DATA,2106,1a:00:00:00:00:00,-42,11,0,0,0,0,0,0,0,0,0,-94,0,1,0,359319146,0,31,0,128,0,"[0,0,-15,0,-14,1,-14,1,-14,1,-14,2,-14,2,-14,2,-13,2,-13,3,-13,4,-13,4,-12,5,-13,5,-13,5,-13,5,-13,6,-13,5,-14,5,-14,5,-14,5,-14,4,-14,3,-13,3,-13,2,-13,1,-13,0,0,0,0,0,0,0,0,0,0,0,0,0,0,0,0,0,0,0,0,0,0,0,-9,1,-10,0,-10,0,-11,-1,-11,-1,-12,-2,-12,-3,-12,-3,-12,-4,-12,-4,-12,-4,-12,-4,-12,-4,-12,-4,-12,-3,-12,-3,-12,-3,-12,-2,-13,-2,-13,-2,-13,-1,-13,-1,-13,0,-14,0,-14,0,-14,0]"
2025-08-18 22:36:00.263258,CSI_DATA,2107,1a:00:00:00:00:00,-42,11,0,0,0,0,0,0,0,0,0,-94,0,1,0,359520280,0,31,0,128,0,"[0,0,10,10,10,9,9,9,10,9,10,8,10,8,10,8,11,7,11,6,11,6,11,6,12,5,12,5,12,5,13,5,13,5,13,5,13,6,13,6,13,6,12,7,12,7,11,8,10,8,9,8,9,8,0,0,0,0,0,0,0,0,0,0,0,0,0,0,0,0,0,0,0,0,0,0,6,6,6,6,6,7,6,8,6,9,5,9,5,10,5,10,5,10,4,11,4,11,4,11,4,11,4,10,4,10,5,10,5,10,6,10,6,10,7,10,7,9,8,10,8,10,9,10,9,10,9,10]"
2025-08-18 22:36:00.463228,CSI_DATA,2108,1a:00:00:00:00:00,-42,11,0,0,0,0,0,0,0,0,0,-94,0,1,0,359721692,0,31,0,128,0,"[0,0,12,8,11,7,12,7,12,6,12,6,11,6,12,6,12,5,12,5,12,4,12,3,12,3,13,3,13,3,13,3,14,3,14,3,14,4,14,4,14,5,13,5,12,6,12,6,11,7,11,7,10,7,0,0,0,0,0,0,0,0,0,0,0,0,0,0,0,0,0,0,0,0,0,0,8,3,8,4,8,5,8,6,8,6,8,7,8,8,8,8,8,9,7,9,7,9,7,9,7,9,7,8,8,9,7,8,8,8,8,8,9,8,9,8,10,8,10,8,11,7,11,7,11,7,12,7]"
2025-08-18 22:36:00.673562,CSI_DATA,2109,1a:00:00:00:00:00,-42,11,0,0,0,0,0,0,0,0,0,-94,0,1,0,359922793,0,31,0,128,0,"[0,0,0,-14,-1,-14,0,-14,-1,-14,-1,-14,-1,-14,-1,-14,-2,-13,-3,-13,-3,-13,-4,-13,-4,-13,-5,-13,-5,-14,-5,-13,-5,-14,-5,-14,-5,-14,-4,-14,-4,-14,-3,-14,-2,-14,-2,-14,-1,-14,-1,-13,0,-13,0,0,0,0,0,0,0,0,0,0,0,0,0,0,0,0,0,0,0,0,0,0,-2,-9,-1,-10,0,-10,0,-11,1,-11,1,-12,2,-12,2,-12,3,-12,3,-11,3,-12,4,-11,3,-12,3,-11,3,-12,3,-11,2,-12,2,-12,2,-12,1,-13,1,-13,1,-13,0,-13,0,-14,0,-14,0,-14]"
2025-08-18 22:36:00.879658,CSI_DATA,2110,1a:00:00:00:00:00,-42,11,0,0,0,0,0,0,0,0,0,-94,0,1,0,360123875,0,31,0,128,0,"[0,0,7,-12,7,-13,7,-12,7,-13,6,-12,6,-12,6,-13,5,-13,5,-13,4,-13,3,-13,3,-14,2,-14,2,-14,3,-14,3,-14,3,-15,3,-15,4,-15,4,-14,5,-14,5,-14,5,-13,6,-12,6,-12,7,-11,0,0,0,0,0,0,0,0,0,0,0,0,0,0,0,0,0,0,0,0,0,0,4,-9,4,-9,5,-9,6,-9,7,-9,7,-9,8,-8,9,-8,9,-8,9,-8,9,-8,9,-8,9,-8,9,-8,9,-8,9,-8,8,-9,8,-9,8,-9,8,-10,8,-10,8,-11,7,-12,7,-12,7,-12,7,-12]"
2025-08-18 22:36:01.068457,CSI_DATA,2111,1a:00:00:00:00:00,-42,11,0,0,0,0,0,0,0,0,0,-94,0,1,0,360325108,0,31,0,128,0,"[0,0,3,14,3,14,3,13,4,14,4,13,4,13,4,13,5,12,5,12,6,12,6,12,7,11,7,12,7,12,7,12,7,12,7,12,7,13,7,13,6,13,5,13,4,13,4,13,3,13,2,13,1,13,0,0,0,0,0,0,0,0,0,0,0,0,0,0,0,0,0,0,0,0,0,0,4,8,3,9,3,9,2,10,2,11,1,11,0,12,0,12,0,12,-1,12,-1,12,-1,12,-1,12,-1,12,-1,12,-1,12,0,12,1,12,1,12,1,12,2,12,2,13,3,13,3,13,3,14,4,14]"
2025-08-18 22:36:01.138588,CSI_DATA,2112,1a:00:00:00:00:00,-42,11,0,0,0,0,0,0,0,0,0,-94,0,1,0,360385893,0,42,0,128,0,"[0,0,-14,-4,-14,-4,-14,-4,-14,-3,-14,-3,-14,-3,-14,-2,-13,-2,-13,-1,-13,-1,-13,0,-13,0,-13,0,-14,1,-14,1,-14,1,-15,0,-15,0,-15,0,-15,-1,-14,-2,-14,-2,-14,-3,-13,-3,-13,-4,-12,-4,0,0,0,0,0,0,0,0,0,0,0,0,0,0,0,0,0,0,0,0,0,0,-9,-2,-10,-2,-10,-3,-10,-3,-10,-4,-11,-5,-11,-5,-11,-6,-11,-6,-10,-7,-10,-7,-10,-7,-10,-7,-10,-7,-10,-7,-11,-6,-11,-6,-11,-5,-12,-6,-12,-5,-12,-5,-13,-4,-13,-4,-13,-4,-14,-4,-14,-4]"
2025-08-18 22:36:01.218445,CSI_DATA,2113,1a:00:00:00:00:00,-42,11,0,0,0,0,0,0,0,0,0,-94,0,1,0,360452943,0,31,0,128,0,"[0,0,-13,-6,-13,-6,-13,-6,-13,-6,-13,-5,-13,-5,-13,-5,-13,-4,-13,-4,-13,-3,-13,-2,-13,-2,-14,-2,-14,-2,-14,-1,-14,-2,-14,-2,-15,-2,-15,-3,-15,-3,-14,-4,-14,-4,-13,-5,-13,-5,-12,-5,-12,-6,0,0,0,0,0,0,0,0,0,0,0,0,0,0,0,0,0,0,0,0,0,0,-9,-3,-9,-4,-9,-5,-9,-6,-9,-6,-9,-7,-9,-8,-9,-8,-9,-9,-9,-9,-9,-9,-8,-9,-9,-9,-9,-9,-9,-8,-9,-8,-9,-8,-10,-7,-10,-8,-11,-7,-11,-7,-11,-7,-12,-6,-12,-6,-12,-7,-13,-6]"
2025-08-18 22:36:01.401378,CSI_DATA,2114,1a:00:00:00:00:00,-42,11,0,0,0,0,0,0,0,0,0,-94,0,1,0,360654029,0,31,0,128,0,"[0,0,-9,11,-9,11,-9,11,-8,11,-8,11,-7,11,-7,11,-6,12,-6,11,-5,12,-5,12,-5,12,-4,12,-4,13,-5,13,-5,13,-5,13,-5,13,-6,13,-6,13,-7,12,-7,12,-7,11,-8,11,-8,10,-9,9,0,0,0,0,0,0,0,0,0,0,0,0,0,0,0,0,0,0,0,0,0,0,-5,8,-5,8,-6,8,-7,8,-8,8,-8,8,-9,8,-9,7,-10,7,-10,7,-10,7,-10,6,-10,7,-10,7,-10,7,-10,7,-9,7,-9,8,-9,8,-9,9,-9,9,-9,10,-9,10,-9,11,-9,11,-8,11]"
2025-08-18 22:36:01.599415,CSI_DATA,2115,1a:00:00:00:00:00,-42,11,0,0,0,0,0,0,0,0,0,-94,0,1,0,360855174,0,31,0,128,0,"[0,0,14,3,13,2,13,2,13,2,13,1,13,1,13,0,13,0,13,-1,13,-1,13,-2,13,-2,13,-2,13,-3,13,-3,14,-3,14,-3,14,-3,14,-2,14,-2,14,-1,14,0,13,0,13,1,13,1,12,2,0,0,0,0,0,0,0,0,0,0,0,0,0,0,0,0,0,0,0,0,0,0,9,1,9,1,9,2,9,3,10,3,10,4,10,5,10,5,10,6,10,6,10,6,10,6,10,6,10,6,10,6,10,5,10,5,11,4,11,4,11,4,12,4,12,3,13,3,13,3,13,3,14,3]"
2025-08-18 22:36:01.806759,CSI_DATA,2116,1a:00:00:00:00:00,-42,11,0,0,0,0,0,0,0,0,0,-94,0,1,0,361056529,0,31,0,128,0,"[0,0,-15,1,-15,1,-14,1,-14,2,-14,2,-14,3,-14,3,-13,3,-13,4,-13,4,-13,5,-13,5,-13,5,-13,6,-13,6,-13,6,-14,6,-14,6,-14,5,-14,5,-14,4,-14,3,-14,3,-14,2,-13,1,-13,0,0,0,0,0,0,0,0,0,0,0,0,0,0,0,0,0,0,0,0,0,0,0,-10,2,-10,1,-11,1,-11,0,-12,0,-12,-1,-12,-1,-12,-2,-13,-3,-12,-3,-12,-3,-12,-3,-12,-3,-12,-3,-12,-3,-12,-2,-12,-2,-13,-1,-13,-1,-13,-1,-13,0,-14,0,-14,0,-14,1,-14,1,-15,1]"
2025-08-18 22:36:02.008065,CSI_DATA,2117,1a:00:00:00:00:00,-42,11,0,0,0,0,0,0,0,0,0,-94,0,1,0,361257659,0,31,0,128,0,"[0,0,2,-15,1,-15,1,-15,1,-14,1,-15,0,-14,0,-14,-1,-14,-1,-14,-2,-14,-2,-14,-2,-14,-2,-14,-3,-14,-3,-14,-3,-14,-3,-15,-3,-15,-3,-15,-2,-15,-1,-15,-1,-15,0,-14,1,-14,1,-13,2,-13,0,0,0,0,0,0,0,0,0,0,0,0,0,0,0,0,0,0,0,0,0,0,0,-10,1,-10,1,-11,2,-11,3,-11,3,-11,4,-11,4,-11,5,-11,5,-11,6,-11,6,-11,5,-11,5,-11,5,-11,5,-11,4,-11,4,-12,4,-12,3,-12,3,-13,3,-13,2,-14,3,-14,2,-14,3,-14]"
2025-08-18 22:36:02.210489,CSI_DATA,2118,1a:00:00:00:00:00,-42,11,0,0,0,0,0,0,0,0,0,-94,0,1,0,361458883,0,31,0,128,0,"[0,0,-1,15,-1,14,-1,14,-1,14,0,14,0,14,0,14,1,14,2,13,2,13,2,13,3,13,3,13,4,13,4,13,4,14,4,14,4,14,3,14,2,15,1,15,1,14,0,14,0,13,-1,13,-2,13,0,0,0,0,0,0,0,0,0,0,0,0,0,0,0,0,0,0,0,0,0,0,0,9,-1,10,-1,10,-2,10,-2,10,-3,11,-4,11,-4,11,-5,11,-5,11,-5,11,-6,11,-5,11,-5,11,-5,11,-5,11,-4,11,-4,12,-3,12,-3,12,-3,13,-2,13,-2,13,-2,14,-2,14,-1,14]"
2025-08-18 22:36:02.611931,CSI_DATA,2119,1a:00:00:00:00:00,-42,11,0,0,0,0,0,0,0,0,0,-94,0,1,0,361660022,0,31,0,128,0,"[0,0,12,6,12,5,12,5,12,5,12,4,12,4,12,4,12,3,12,3,12,2,12,1,12,1,13,1,13,0,13,0,13,0,14,1,14,1,14,2,14,2,13,3,13,3,12,4,12,4,11,4,11,5,0,0,0,0,0,0,0,0,0,0,0,0,0,0,0,0,0,0,0,0,0,0,8,2,8,3,8,4,8,5,9,5,9,6,8,7,8,7,8,8,8,8,8,8,8,8,8,8,8,7,8,7,8,7,8,7,9,6,9,6,10,6,10,6,11,6,11,6,12,6,12,6,12,5]"
2025-08-18 22:36:02.618397,CSI_DATA,2120,1a:00:00:00:00:00,-42,11,0,0,0,0,0,0,0,0,0,-94,0,1,0,361858733,0,28,0,128,0,"[0,0,-8,-13,-9,-13,-9,-13,-9,-12,-9,-12,-9,-12,-9,-11,-10,-11,-10,-10,-10,-10,-11,-10,-11,-9,-12,-9,-12,-9,-12,-9,-13,-9,-12,-10,-12,-10,-12,-10,-12,-11,-11,-11,-11,-11,-9,-12,-9,-12,-8,-12,-7,-12,0,0,0,0,0,0,0,0,0,0,0,0,0,0,0,0,0,0,0,0,0,0,-7,-8,-6,-9,-6,-10,-6,-10,-5,-11,-5,-11,-5,-12,-4,-12,-4,-13,-3,-13,-3,-13,-3,-13,-3,-13,-3,-12,-3,-12,-4,-12,-4,-12,-5,-12,-5,-13,-6,-12,-6,-12,-7,-13,-7,-13,-7,-13,-8,-13,-8,-13]"
2025-08-18 22:36:02.649920,CSI_DATA,2121,1a:00:00:00:00:00,-42,11,0,0,0,0,0,0,0,0,0,-94,0,1,0,361861171,0,31,0,128,0,"[0,0,14,1,14,0,14,0,14,0,14,-1,13,-1,13,-1,13,-2,13,-2,13,-3,13,-3,12,-4,13,-4,13,-4,13,-4,13,-5,14,-4,14,-4,15,-3,14,-3,14,-2,14,-2,13,-1,13,0,13,0,12,1,0,0,0,0,0,0,0,0,0,0,0,0,0,0,0,0,0,0,0,0,0,0,9,-2,10,-1,10,0,10,0,11,1,11,2,11,2,11,3,11,3,11,4,11,4,11,4,11,4,11,4,11,4,11,4,11,3,11,2,12,2,12,2,12,2,13,1,13,1,13,1,14,1,14,1]"
2025-08-18 22:36:02.688441,CSI_DATA,2122,1a:00:00:00:00:00,-42,11,0,0,0,0,0,0,0,0,0,-94,0,1,0,361921946,0,42,0,128,0,"[0,0,-10,11,-10,11,-10,11,-9,11,-9,11,-9,11,-8,11,-8,12,-7,11,-7,12,-6,12,-6,12,-5,12,-5,13,-5,13,-5,13,-6,14,-6,14,-7,14,-7,13,-7,13,-8,12,-8,12,-9,11,-9,10,-9,9,0,0,0,0,0,0,0,0,0,0,0,0,0,0,0,0,0,0,0,0,0,0,-6,8,-7,8,-7,8,-8,7,-9,8,-9,7,-10,7,-11,7,-11,7,-12,6,-11,6,-12,6,-11,6,-11,6,-11,6,-11,6,-10,7,-10,7,-10,8,-10,8,-10,9,-10,9,-10,10,-10,10,-10,11,-10,11]"
2025-08-18 22:36:03.182375,CSI_DATA,2123,1a:00:00:00:00:00,-42,11,0,0,0,0,0,0,0,0,0,-94,0,1,0,362422379,0,42,0,128,0,"[0,0,-3,-14,-3,-14,-3,-14,-3,-14,-4,-14,-4,-13,-4,-13,-4,-13,-5,-13,-5,-12,-6,-12,-6,-12,-7,-12,-7,-12,-7,-12,-7,-13,-7,-13,-7,-13,-6,-14,-6,-14,-5,-14,-4,-14,-4,-13,-3,-13,-3,-13,-2,-13,0,0,0,0,0,0,0,0,0,0,0,0,0,0,0,0,0,0,0,0,0,0,-3,-9,-3,-10,-2,-11,-2,-11,-1,-11,-1,-12,0,-12,0,-12,1,-12,1,-12,1,-12,1,-12,1,-12,1,-12,1,-12,1,-12,0,-12,0,-12,-1,-12,-1,-13,-1,-13,-2,-13,-2,-14,-2,-14,-3,-14,-3,-14]"
2025-08-18 22:36:03.251358,CSI_DATA,2124,1a:00:00:00:00:00,-42,11,0,0,0,0,0,0,0,0,0,-94,0,1,0,362501045,0,31,0,128,0,"[0,0,-15,0,-15,0,-15,0,-15,1,-14,1,-14,1,-14,2,-14,2,-13,3,-13,3,-13,3,-13,4,-13,4,-13,5,-14,5,-14,5,-14,5,-14,5,-15,5,-14,4,-15,3,-14,3,-14,2,-14,1,-13,0,-13,0,0,0,0,0,0,0,0,0,0,0,0,0,0,0,0,0,0,0,0,0,0,0,-10,1,-10,0,-11,-1,-11,-1,-12,-2,-12,-2,-12,-3,-13,-3,-12,-4,-12,-4,-12,-5,-12,-5,-12,-4,-12,-4,-12,-4,-12,-4,-12,-3,-12,-3,-13,-2,-13,-2,-13,-1,-14,-1,-14,-1,-14,0,-15,0,-15,0]"
2025-08-18 22:36:03.657230,CSI_DATA,2125,1a:00:00:00:00:00,-42,11,0,0,0,0,0,0,0,0,0,-94,0,1,0,362702142,0,31,0,128,0,"[0,0,10,-10,9,-10,9,-10,9,-10,9,-10,8,-10,8,-11,7,-11,7,-11,7,-11,6,-12,6,-12,6,-12,5,-13,5,-13,5,-13,6,-13,6,-13,6,-13,7,-13,7,-12,7,-12,8,-11,8,-10,8,-9,9,-9,0,0,0,0,0,0,0,0,0,0,0,0,0,0,0,0,0,0,0,0,0,0,6,-7,7,-7,8,-7,8,-6,9,-6,9,-6,10,-6,10,-5,11,-5,11,-4,11,-4,11,-4,11,-4,11,-5,10,-5,10,-5,10,-6,10,-6,10,-7,10,-7,10,-8,10,-8,10,-8,10,-9,10,-9,10,-9]"
2025-08-18 22:36:03.663634,CSI_DATA,2126,1a:00:00:00:00:00,-42,11,0,0,0,0,0,0,0,0,0,-94,0,1,0,362903293,0,31,0,128,0,"[0,0,-11,-12,-11,-11,-11,-11,-11,-11,-11,-10,-11,-10,-11,-10,-12,-9,-12,-9,-12,-8,-12,-8,-13,-7,-13,-7,-13,-7,-14,-7,-14,-7,-14,-7,-14,-8,-14,-8,-14,-9,-13,-9,-12,-9,-12,-10,-11,-10,-10,-10,-9,-10,0,0,0,0,0,0,0,0,0,0,0,0,0,0,0,0,0,0,0,0,0,0,-8,-7,-8,-8,-8,-9,-7,-10,-7,-10,-7,-11,-6,-12,-6,-12,-6,-12,-5,-13,-5,-12,-5,-12,-5,-12,-5,-12,-6,-12,-6,-12,-6,-11,-7,-12,-7,-12,-8,-11,-8,-11,-9,-12,-10,-12,-10,-12,-10,-11,-10,-12]"
2025-08-18 22:36:03.847798,CSI_DATA,2127,1a:00:00:00:00:00,-42,11,0,0,0,0,0,0,0,0,0,-94,0,1,0,363104444,0,31,0,128,0,"[0,0,5,14,5,13,5,13,6,12,6,12,6,12,6,12,7,11,7,11,8,10,8,10,8,10,9,10,9,10,9,10,9,10,9,11,9,11,9,11,8,11,8,11,7,12,6,12,6,11,5,11,4,12,0,0,0,0,0,0,0,0,0,0,0,0,0,0,0,0,0,0,0,0,0,0,4,8,4,9,3,10,3,10,3,11,2,11,2,12,1,12,1,12,0,12,0,12,0,12,0,12,0,12,0,12,1,12,1,12,2,12,2,12,3,12,3,12,3,13,4,13,4,13,5,13,5,13]"
2025-08-18 22:36:04.061942,CSI_DATA,2128,1a:00:00:00:00:00,-42,11,0,0,0,0,0,0,0,0,0,-94,0,1,0,363305816,0,31,0,128,0,"[0,0,12,-8,11,-8,11,-8,11,-8,11,-9,10,-9,10,-9,9,-9,9,-9,8,-10,8,-10,8,-11,8,-11,8,-11,8,-11,8,-12,8,-11,9,-11,9,-11,9,-11,10,-10,10,-10,10,-9,10,-8,10,-7,10,-7,0,0,0,0,0,0,0,0,0,0,0,0,0,0,0,0,0,0,0,0,0,0,7,-7,7,-7,8,-6,9,-6,9,-6,10,-5,11,-5,11,-4,11,-4,11,-3,11,-3,11,-3,11,-3,11,-3,11,-4,11,-4,11,-4,11,-5,11,-5,11,-6,11,-6,11,-7,11,-7,11,-7,12,-7,12,-8]"
2025-08-18 22:36:04.255961,CSI_DATA,2129,1a:00:00:00:00:00,-42,11,0,0,0,0,0,0,0,0,0,-94,0,1,0,363506903,0,31,0,128,0,"[0,0,3,-14,3,-14,3,-14,2,-14,2,-14,1,-14,1,-14,1,-14,0,-13,0,-13,-1,-13,-1,-14,-1,-14,-2,-14,-2,-14,-2,-15,-2,-14,-1,-15,-1,-15,-1,-15,0,-14,1,-14,1,-14,2,-13,3,-13,3,-12,0,0,0,0,0,0,0,0,0,0,0,0,0,0,0,0,0,0,0,0,0,0,1,-10,1,-10,2,-10,3,-11,3,-11,4,-11,5,-11,5,-11,5,-11,6,-10,6,-11,7,-10,7,-10,6,-11,6,-11,5,-11,5,-11,4,-11,4,-12,4,-12,4,-13,4,-13,4,-13,4,-13,3,-13,4,-14]"
2025-08-18 22:36:04.456747,CSI_DATA,2130,1a:00:00:00:00:00,-42,11,0,0,0,0,0,0,0,0,0,-94,0,1,0,363708037,0,31,0,128,0,"[0,0,14,0,14,-1,13,-1,14,-1,13,-1,13,-1,13,-2,12,-2,12,-3,12,-4,12,-4,12,-5,12,-5,12,-5,13,-5,12,-5,13,-5,13,-5,14,-5,13,-4,13,-3,13,-3,13,-2,12,-2,12,-1,12,0,0,0,0,0,0,0,0,0,0,0,0,0,0,0,0,0,0,0,0,0,0,0,9,-2,9,-1,10,-1,10,0,11,1,11,1,11,2,11,2,11,3,11,4,11,3,11,3,11,3,11,3,11,3,11,3,11,2,12,2,12,1,12,1,12,1,12,0,13,0,13,0,13,0,14,0]"
2025-08-18 22:36:04.662350,CSI_DATA,2131,1a:00:00:00:00:00,-42,11,0,0,0,0,0,0,0,0,0,-94,0,1,0,363909212,0,31,0,128,0,"[0,0,-13,-6,-14,-6,-13,-6,-13,-6,-13,-5,-13,-5,-13,-5,-13,-4,-13,-4,-14,-3,-14,-2,-14,-2,-13,-2,-14,-2,-15,-1,-14,-2,-15,-2,-15,-2,-15,-2,-15,-3,-14,-4,-14,-4,-13,-5,-13,-5,-12,-5,-12,-6,0,0,0,0,0,0,0,0,0,0,0,0,0,0,0,0,0,0,0,0,0,0,-10,-3,-10,-4,-10,-5,-10,-5,-11,-6,-10,-7,-10,-8,-10,-8,-10,-8,-10,-9,-10,-9,-9,-9,-9,-9,-9,-8,-9,-8,-10,-8,-10,-8,-11,-7,-11,-7,-11,-7,-12,-7,-12,-7,-13,-7,-13,-7,-13,-7,-13,-6]"
2025-08-18 22:36:04.721034,CSI_DATA,2132,1a:00:00:00:00:00,-42,11,0,0,0,0,0,0,0,0,0,-94,0,1,0,363970000,0,42,0,128,0,"[0,0,13,4,13,3,13,3,13,3,13,2,13,2,12,2,13,1,12,0,12,0,13,-1,13,-1,13,-2,13,-2,13,-2,14,-2,13,-2,14,-2,14,-1,14,-1,14,0,13,0,13,1,12,2,12,2,11,3,0,0,0,0,0,0,0,0,0,0,0,0,0,0,0,0,0,0,0,0,0,0,9,1,9,2,9,3,10,3,10,4,10,5,10,5,10,6,10,6,9,7,9,7,9,7,9,7,9,6,10,6,9,6,10,6,10,5,11,5,11,5,11,5,12,4,12,4,12,4,13,4,13,4]"
2025-08-18 22:36:04.792761,CSI_DATA,2133,1a:00:00:00:00:00,-42,11,0,0,0,0,0,0,0,0,0,-94,0,1,0,364038374,0,31,0,128,0,"[0,0,-5,-14,-6,-13,-6,-13,-6,-13,-6,-13,-6,-13,-7,-13,-7,-12,-7,-11,-8,-11,-9,-11,-9,-10,-9,-11,-10,-11,-10,-10,-10,-11,-10,-11,-10,-11,-9,-12,-9,-12,-8,-13,-8,-13,-6,-12,-6,-12,-6,-12,-5,-12,0,0,0,0,0,0,0,0,0,0,0,0,0,0,0,0,0,0,0,0,0,0,-5,-9,-4,-10,-4,-10,-4,-11,-3,-11,-3,-12,-2,-12,-2,-13,-1,-13,-1,-13,-1,-13,-1,-12,-1,-13,-1,-12,-1,-13,-2,-12,-2,-12,-3,-12,-3,-13,-3,-13,-4,-13,-4,-13,-5,-13,-5,-13,-5,-14,-5,-14]"
2025-08-18 22:36:04.984153,CSI_DATA,2134,1a:00:00:00:00:00,-42,11,0,0,0,0,0,0,0,0,0,-94,0,1,0,364239651,0,31,0,128,0,"[0,0,14,3,14,2,13,2,14,2,13,1,13,1,13,1,13,0,13,0,13,-1,13,-1,13,-2,13,-2,13,-2,14,-2,14,-2,14,-2,14,-2,15,-1,14,-1,14,0,14,0,13,1,13,2,12,2,12,3,0,0,0,0,0,0,0,0,0,0,0,0,0,0,0,0,0,0,0,0,0,0,9,0,10,1,10,1,10,2,11,3,10,3,11,4,11,5,11,6,11,6,11,6,10,6,11,6,10,6,10,5,10,6,11,5,11,5,11,4,12,4,12,3,13,3,13,3,13,3,14,3,14,3]"
2025-08-18 22:36:05.186045,CSI_DATA,2135,1a:00:00:00:00:00,-42,11,0,0,0,0,0,0,0,0,0,-94,0,1,0,364441315,0,31,0,128,0,"[0,0,14,2,13,2,13,2,13,2,13,1,13,1,13,0,12,0,13,-1,12,-1,13,-2,12,-2,12,-2,13,-3,13,-3,13,-3,13,-3,14,-2,14,-2,14,-1,14,-1,13,0,13,0,12,1,12,2,11,2,0,0,0,0,0,0,0,0,0,0,0,0,0,0,0,0,0,0,0,0,0,0,9,-1,9,0,10,1,10,2,10,2,11,3,11,4,11,4,10,4,11,5,10,5,10,5,10,5,10,5,10,5,10,5,10,4,11,4,11,3,12,3,12,3,12,3,13,2,13,2,13,2,14,2]"
2025-08-18 22:36:05.390745,CSI_DATA,2136,1a:00:00:00:00:00,-42,11,0,0,0,0,0,0,0,0,0,-94,0,1,0,364641916,0,31,0,128,0,"[0,0,-14,5,-13,6,-13,6,-13,6,-12,6,-12,6,-12,7,-11,7,-11,7,-10,8,-10,8,-10,9,-10,9,-10,9,-10,10,-10,9,-10,10,-10,9,-11,9,-11,9,-11,8,-11,8,-12,7,-12,6,-11,5,-12,5,0,0,0,0,0,0,0,0,0,0,0,0,0,0,0,0,0,0,0,0,0,0,-9,4,-9,4,-10,3,-11,3,-11,3,-12,2,-12,2,-12,1,-12,1,-13,1,-12,0,-13,0,-13,1,-12,1,-12,1,-12,1,-12,2,-12,2,-12,3,-13,3,-13,3,-13,4,-13,5,-13,5,-13,5,-13,5]"
2025-08-18 22:36:05.602637,CSI_DATA,2137,1a:00:00:00:00:00,-42,11,0,0,0,0,0,0,0,0,0,-94,0,1,0,364843069,0,31,0,128,0,"[0,0,-8,12,-8,12,-8,11,-8,11,-7,12,-7,12,-6,12,-6,12,-5,12,-5,12,-4,12,-4,12,-4,13,-3,13,-3,13,-3,13,-4,13,-4,13,-4,13,-5,13,-5,12,-6,12,-7,12,-7,11,-7,10,-8,10,0,0,0,0,0,0,0,0,0,0,0,0,0,0,0,0,0,0,0,0,0,0,-4,8,-5,8,-6,8,-7,8,-7,8,-8,8,-9,8,-9,8,-9,8,-10,7,-10,7,-10,7,-10,7,-10,7,-9,7,-9,7,-9,8,-9,8,-9,9,-8,9,-8,10,-8,10,-8,11,-8,11,-8,11,-8,11]"
2025-08-18 22:36:05.997232,CSI_DATA,2138,1a:00:00:00:00:00,-42,11,0,0,0,0,0,0,0,0,0,-94,0,1,0,365044229,0,31,0,128,0,"[0,0,13,8,12,7,13,7,13,7,13,6,12,6,12,5,12,5,13,4,13,3,13,3,13,2,13,2,14,2,14,2,14,2,14,2,15,3,15,3,14,4,14,4,13,5,12,5,12,5,12,6,11,6,0,0,0,0,0,0,0,0,0,0,0,0,0,0,0,0,0,0,0,0,0,0,9,3,9,4,9,5,9,6,9,7,9,7,9,8,9,9,8,9,8,9,8,9,8,9,8,9,8,9,8,9,8,8,9,9,9,8,9,8,10,8,10,8,11,8,11,7,12,7,12,7,13,7]"
2025-08-18 22:36:06.003498,CSI_DATA,2139,1a:00:00:00:00:00,-42,11,0,0,0,0,0,0,0,0,0,-94,0,1,0,365245458,0,31,0,128,0,"[0,0,-13,-7,-13,-6,-13,-6,-13,-6,-13,-5,-13,-5,-13,-5,-13,-4,-13,-3,-14,-3,-13,-3,-13,-2,-14,-2,-14,-1,-14,-2,-14,-1,-15,-2,-15,-2,-15,-2,-15,-3,-14,-3,-14,-4,-13,-5,-13,-5,-12,-5,-12,-6,0,0,0,0,0,0,0,0,0,0,0,0,0,0,0,0,0,0,0,0,0,0,-9,-4,-10,-4,-10,-5,-10,-6,-10,-6,-10,-7,-10,-8,-10,-8,-10,-9,-9,-9,-9,-9,-9,-9,-9,-9,-9,-9,-9,-8,-9,-8,-10,-8,-10,-8,-11,-8,-11,-7,-11,-7,-12,-7,-13,-7,-13,-7,-13,-7,-13,-7]"
2025-08-18 22:36:06.194010,CSI_DATA,2140,1a:00:00:00:00:00,-42,11,0,0,0,0,0,0,0,0,0,-94,0,1,0,365446775,0,31,0,128,0,"[0,0,14,-2,13,-2,13,-2,13,-3,13,-3,13,-3,12,-4,12,-4,12,-4,12,-5,12,-5,11,-6,11,-6,12,-7,12,-7,12,-7,12,-7,13,-7,13,-7,13,-6,13,-5,13,-4,12,-4,12,-3,12,-2,12,-1,0,0,0,0,0,0,0,0,0,0,0,0,0,0,0,0,0,0,0,0,0,0,9,-3,9,-2,10,-1,10,-1,11,-1,11,0,11,1,11,1,12,1,11,2,12,2,11,2,11,2,11,2,11,2,11,1,11,1,11,1,12,0,12,0,12,-1,13,-1,13,-1,13,-2,13,-1,14,-2]"
2025-08-18 22:36:06.255935,CSI_DATA,2141,1a:00:00:00:00:00,-42,11,0,0,0,0,0,0,0,0,0,-94,0,1,0,365507785,0,42,0,128,0,"[0,0,-10,10,-9,11,-9,10,-9,11,-8,11,-8,11,-8,11,-7,11,-7,11,-6,11,-6,11,-5,12,-5,12,-5,12,-5,13,-5,13,-5,13,-6,13,-6,13,-7,12,-7,12,-7,12,-8,11,-8,10,-8,9,-9,9,0,0,0,0,0,0,0,0,0,0,0,0,0,0,0,0,0,0,0,0,0,0,-5,8,-6,7,-7,8,-8,7,-8,7,-9,7,-10,7,-10,6,-10,6,-11,6,-11,6,-11,6,-11,6,-11,6,-10,6,-10,6,-10,7,-10,7,-10,7,-10,8,-10,8,-10,9,-10,10,-9,10,-10,10,-9,10]"
2025-08-18 22:36:06.325326,CSI_DATA,2142,1a:00:00:00:00:00,-42,11,0,0,0,0,0,0,0,0,0,-94,0,1,0,365572871,0,31,0,128,0,"[0,0,0,-15,0,-15,0,-14,0,-14,-1,-14,-1,-14,-1,-14,-2,-14,-2,-13,-3,-13,-3,-13,-4,-13,-4,-13,-4,-14,-5,-13,-5,-14,-5,-14,-4,-14,-4,-15,-3,-14,-3,-14,-2,-14,-1,-14,-1,-14,0,-13,0,-13,0,0,0,0,0,0,0,0,0,0,0,0,0,0,0,0,0,0,0,0,0,0,-2,-10,-1,-10,0,-11,0,-11,1,-12,2,-12,3,-12,3,-12,3,-12,4,-12,4,-12,4,-12,4,-12,3,-12,4,-12,3,-12,3,-12,2,-12,2,-13,2,-13,1,-13,1,-14,1,-14,0,-14,1,-15,0,-14]"
2025-08-18 22:36:06.515226,CSI_DATA,2143,1a:00:00:00:00:00,-42,11,0,0,0,0,0,0,0,0,0,-94,0,1,0,365773943,0,31,0,128,0,"[0,0,13,6,12,5,12,5,12,4,13,4,12,4,12,3,12,3,12,2,12,2,12,1,12,1,12,0,13,0,13,0,14,0,13,0,14,1,14,1,14,1,13,2,13,2,12,3,12,4,11,4,11,5,0,0,0,0,0,0,0,0,0,0,0,0,0,0,0,0,0,0,0,0,0,0,8,2,9,3,9,4,9,5,9,5,9,6,9,7,9,7,9,7,8,8,8,8,8,8,8,8,8,8,9,7,9,7,9,7,9,6,10,6,10,6,10,6,11,5,11,6,12,6,12,6,12,5]"
2025-08-18 22:36:06.725443,CSI_DATA,2144,1a:00:00:00:00:00,-42,11,0,0,0,0,0,0,0,0,0,-94,0,1,0,365976879,0,31,0,128,0,"[0,0,-10,10,-10,10,-10,10,-10,10,-9,10,-9,10,-8,10,-8,10,-7,11,-7,11,-7,11,-6,11,-6,11,-6,12,-6,12,-6,12,-6,13,-7,12,-7,12,-7,12,-8,12,-8,11,-8,10,-8,10,-9,9,-9,8,0,0,0,0,0,0,0,0,0,0,0,0,0,0,0,0,0,0,0,0,0,0,-6,7,-7,7,-8,7,-8,7,-9,7,-10,6,-10,6,-11,6,-11,6,-11,5,-12,5,-11,5,-11,5,-11,5,-11,5,-11,5,-11,6,-10,6,-10,7,-10,8,-10,8,-10,8,-10,9,-10,9,-10,9,-10,10]"
2025-08-18 22:36:06.928508,CSI_DATA,2145,1a:00:00:00:00:00,-42,11,0,0,0,0,0,0,0,0,0,-94,0,1,0,366176267,0,31,0,128,0,"[0,0,7,-13,6,-13,7,-14,6,-13,6,-14,5,-13,5,-13,4,-13,4,-14,3,-13,3,-14,2,-14,1,-14,1,-15,2,-14,2,-15,2,-15,2,-16,2,-15,3,-15,3,-15,4,-14,4,-13,5,-13,5,-12,6,-12,0,0,0,0,0,0,0,0,0,0,0,0,0,0,0,0,0,0,0,0,0,0,3,-10,4,-10,5,-10,6,-10,6,-10,7,-10,8,-10,8,-10,9,-9,9,-9,9,-9,9,-8,9,-9,9,-9,9,-9,8,-9,8,-10,8,-10,8,-11,7,-11,7,-12,7,-12,7,-12,7,-13,7,-13,7,-13]"
2025-08-18 22:36:07.131181,CSI_DATA,2146,1a:00:00:00:00:00,-42,11,0,0,0,0,0,0,0,0,0,-94,0,1,0,366377516,0,31,0,128,0,"[0,0,-11,-9,-12,-9,-12,-9,-12,-9,-12,-8,-12,-8,-12,-8,-12,-7,-12,-6,-12,-6,-12,-6,-12,-5,-13,-5,-13,-5,-14,-5,-14,-5,-14,-5,-14,-6,-14,-6,-14,-6,-13,-7,-13,-7,-12,-8,-11,-8,-11,-8,-10,-9,0,0,0,0,0,0,0,0,0,0,0,0,0,0,0,0,0,0,0,0,0,0,-8,-6,-8,-7,-8,-7,-8,-8,-8,-9,-8,-9,-8,-10,-7,-10,-7,-11,-7,-11,-7,-11,-6,-11,-6,-11,-7,-11,-7,-11,-7,-10,-8,-10,-8,-10,-9,-10,-9,-10,-9,-10,-10,-10,-10,-10,-11,-10,-11,-10,-11,-10]"
2025-08-18 22:36:07.326474,CSI_DATA,2147,1a:00:00:00:00:00,-42,11,0,0,0,0,0,0,0,0,0,-94,0,1,0,366578812,0,31,0,128,0,"[0,0,11,-9,10,-10,10,-10,10,-10,10,-10,9,-10,9,-10,8,-11,7,-11,7,-11,7,-12,6,-12,6,-12,6,-12,6,-13,6,-13,6,-13,7,-13,7,-13,7,-12,8,-12,8,-11,8,-11,8,-10,8,-9,9,-9,0,0,0,0,0,0,0,0,0,0,0,0,0,0,0,0,0,0,0,0,0,0,6,-7,7,-7,8,-6,9,-6,9,-6,10,-6,10,-5,11,-5,11,-5,11,-4,11,-4,11,-4,11,-4,11,-4,11,-5,10,-5,11,-5,10,-6,11,-6,11,-7,10,-7,10,-8,11,-8,11,-9,11,-9,11,-9]"
2025-08-18 22:36:07.528165,CSI_DATA,2148,1a:00:00:00:00:00,-42,11,0,0,0,0,0,0,0,0,0,-94,0,1,0,366779953,0,31,0,128,0,"[0,0,12,-6,12,-7,12,-7,12,-7,12,-7,11,-8,11,-8,10,-8,10,-9,10,-9,10,-9,9,-10,9,-10,9,-10,9,-11,9,-11,9,-11,10,-10,10,-11,10,-10,10,-9,10,-9,11,-8,11,-7,11,-6,11,-6,0,0,0,0,0,0,0,0,0,0,0,0,0,0,0,0,0,0,0,0,0,0,8,-5,8,-5,9,-5,9,-4,10,-4,11,-4,11,-3,11,-3,11,-3,12,-2,12,-2,12,-1,12,-2,12,-2,11,-2,11,-2,11,-3,11,-3,11,-4,12,-5,12,-5,12,-5,12,-6,12,-6,12,-6,12,-6]"
2025-08-18 22:36:07.729257,CSI_DATA,2149,1a:00:00:00:00:00,-42,11,0,0,0,0,0,0,0,0,0,-94,0,1,0,366981086,0,31,0,128,0,"[0,0,13,-7,12,-8,12,-8,12,-8,11,-9,11,-8,11,-9,10,-9,10,-9,9,-10,9,-11,8,-11,9,-11,8,-12,9,-12,9,-12,9,-12,9,-12,10,-12,10,-11,10,-10,10,-10,10,-9,10,-9,10,-8,10,-7,0,0,0,0,0,0,0,0,0,0,0,0,0,0,0,0,0,0,0,0,0,0,8,-6,8,-6,9,-5,10,-5,10,-5,11,-4,12,-4,12,-3,12,-3,12,-3,12,-2,12,-2,12,-2,12,-3,12,-3,11,-3,12,-4,11,-4,12,-5,12,-5,12,-5,12,-6,12,-7,12,-7,12,-7,13,-8]"
2025-08-18 22:36:07.785684,CSI_DATA,2150,1a:00:00:00:00:00,-42,11,0,0,0,0,0,0,0,0,0,-94,0,1,0,367041877,0,42,0,128,0,"[0,0,12,6,12,6,12,5,12,5,12,5,12,5,12,4,12,4,12,3,12,3,12,2,12,2,13,2,13,1,13,1,13,1,13,2,14,2,14,2,13,3,13,4,12,4,12,5,11,5,10,5,10,6,0,0,0,0,0,0,0,0,0,0,0,0,0,0,0,0,0,0,0,0,0,0,9,2,9,3,9,4,9,4,9,5,9,6,9,7,9,7,9,8,8,8,8,8,8,8,8,8,8,8,8,8,8,7,9,7,9,7,10,6,10,7,10,6,11,6,11,6,12,6,12,6,12,6]"
2025-08-18 22:36:07.860371,CSI_DATA,2151,1a:00:00:00:00:00,-42,11,0,0,0,0,0,0,0,0,0,-94,0,1,0,367109847,0,31,0,128,0,"[0,0,-15,0,-15,1,-14,1,-15,1,-14,1,-14,2,-13,2,-13,3,-13,3,-13,4,-13,4,-12,5,-12,5,-12,5,-13,6,-13,6,-13,6,-13,5,-14,5,-14,5,-14,4,-13,3,-13,3,-13,2,-13,2,-13,1,0,0,0,0,0,0,0,0,0,0,0,0,0,0,0,0,0,0,0,0,0,0,-10,1,-10,0,-11,0,-11,-1,-12,-1,-12,-2,-12,-3,-12,-3,-12,-4,-12,-4,-12,-4,-12,-4,-12,-4,-12,-4,-12,-4,-12,-3,-12,-3,-13,-2,-13,-2,-13,-2,-13,-1,-13,-1,-14,0,-14,0,-14,0,-14,0]"
2025-08-18 22:36:08.054308,CSI_DATA,2152,1a:00:00:00:00:00,-42,11,0,0,0,0,0,0,0,0,0,-94,0,1,0,367309668,0,31,0,128,0,"[0,0,3,14,3,14,3,13,4,14,4,13,4,13,5,12,5,12,5,12,6,12,6,11,6,11,7,11,7,11,8,12,8,11,8,12,7,12,7,12,7,12,6,13,5,13,4,13,3,13,3,12,2,12,0,0,0,0,0,0,0,0,0,0,0,0,0,0,0,0,0,0,0,0,0,0,3,9,2,9,2,10,1,10,1,11,0,11,0,12,-1,12,-1,12,-2,12,-2,12,-3,12,-3,12,-2,12,-2,12,-1,12,-1,12,0,12,0,12,1,12,1,13,2,13,2,13,2,14,2,14,2,14]"
2025-08-18 22:36:08.264421,CSI_DATA,2153,1a:00:00:00:00:00,-42,11,0,0,0,0,0,0,0,0,0,-94,0,1,0,367510803,0,31,0,128,0,"[0,0,-14,-5,-14,-5,-14,-5,-14,-4,-14,-4,-14,-3,-14,-3,-13,-2,-13,-2,-13,-1,-14,-1,-14,0,-14,0,-14,0,-14,0,-14,0,-15,0,-15,0,-15,-1,-15,-1,-15,-2,-14,-2,-14,-3,-13,-3,-13,-4,-12,-4,0,0,0,0,0,0,0,0,0,0,0,0,0,0,0,0,0,0,0,0,0,0,-10,-2,-10,-3,-10,-4,-10,-5,-11,-5,-11,-6,-11,-7,-11,-7,-10,-8,-10,-8,-10,-8,-10,-8,-10,-8,-10,-8,-10,-7,-10,-7,-11,-7,-11,-6,-12,-6,-12,-6,-12,-6,-13,-6,-13,-5,-14,-5,-14,-5,-14,-5]"
2025-08-18 22:36:08.461785,CSI_DATA,2154,1a:00:00:00:00:00,-42,11,0,0,0,0,0,0,0,0,0,-94,0,1,0,367712110,0,31,0,128,0,"[0,0,-15,1,-15,1,-14,1,-14,2,-14,2,-14,2,-14,2,-13,3,-13,4,-13,4,-13,4,-12,5,-12,5,-13,5,-13,6,-13,6,-13,6,-13,5,-14,5,-14,4,-14,4,-14,3,-14,3,-13,2,-13,1,-13,0,0,0,0,0,0,0,0,0,0,0,0,0,0,0,0,0,0,0,0,0,0,0,-10,2,-10,2,-11,1,-11,0,-12,0,-12,-1,-12,-2,-12,-2,-13,-3,-13,-3,-12,-3,-12,-3,-12,-3,-12,-3,-12,-3,-12,-2,-12,-2,-13,-1,-13,-1,-13,-1,-13,0,-14,0,-14,1,-14,1,-15,1,-14,1]"
2025-08-18 22:36:08.667342,CSI_DATA,2155,1a:00:00:00:00:00,-42,11,0,0,0,0,0,0,0,0,0,-94,0,1,0,367913256,0,31,0,128,0,"[0,0,-1,14,0,14,0,14,0,13,1,13,1,13,1,13,2,13,2,12,3,12,3,12,4,12,4,12,4,12,5,12,5,13,5,13,4,13,4,13,3,13,3,13,2,13,1,13,1,12,0,12,0,12,0,0,0,0,0,0,0,0,0,0,0,0,0,0,0,0,0,0,0,0,0,0,1,9,0,10,0,10,-1,10,-1,10,-2,11,-3,11,-3,11,-4,11,-4,11,-4,11,-5,11,-4,11,-4,11,-4,11,-4,11,-3,11,-3,11,-2,12,-2,12,-2,12,-1,13,-1,13,-1,13,-1,14,0,14]"
2025-08-18 22:36:08.861903,CSI_DATA,2156,1a:00:00:00:00:00,-42,11,0,0,0,0,0,0,0,0,0,-94,0,1,0,368114386,0,31,0,128,0,"[0,0,11,-9,10,-9,11,-9,10,-9,10,-10,9,-10,9,-10,9,-10,8,-10,8,-11,8,-11,7,-11,7,-12,7,-12,7,-12,7,-12,7,-12,8,-12,8,-12,8,-12,8,-11,9,-11,9,-10,9,-9,9,-8,10,-8,0,0,0,0,0,0,0,0,0,0,0,0,0,0,0,0,0,0,0,0,0,0,6,-7,7,-7,8,-6,8,-6,9,-6,10,-6,10,-6,11,-5,11,-5,11,-4,11,-4,11,-4,11,-4,11,-4,11,-5,10,-5,11,-5,10,-6,11,-6,11,-7,10,-7,11,-8,11,-8,11,-8,11,-8,11,-9]"
2025-08-18 22:36:09.059122,CSI_DATA,2157,1a:00:00:00:00:00,-42,11,0,0,0,0,0,0,0,0,0,-94,0,1,0,368315634,0,31,0,128,0,"[0,0,4,14,4,13,4,13,4,13,5,13,5,12,5,12,6,12,6,11,7,11,7,11,7,11,7,11,8,11,8,11,8,11,8,12,8,12,8,12,7,12,7,12,6,12,5,12,4,12,3,12,3,12,0,0,0,0,0,0,0,0,0,0,0,0,0,0,0,0,0,0,0,0,0,0,4,8,3,9,3,10,2,10,2,11,1,11,1,12,0,12,0,12,-1,12,-1,12,-1,12,-1,12,-1,12,0,12,0,12,0,12,1,12,1,12,2,12,2,12,3,13,3,13,3,14,3,14,4,14]"
2025-08-18 22:36:09.265849,CSI_DATA,2158,1a:00:00:00:00:00,-42,11,0,0,0,0,0,0,0,0,0,-94,0,1,0,368516747,0,31,0,128,0,"[0,0,-11,11,-11,11,-10,10,-10,11,-9,11,-9,11,-9,11,-8,11,-8,12,-7,12,-7,12,-6,12,-6,12,-6,13,-6,13,-6,13,-7,14,-7,13,-7,13,-8,13,-8,12,-8,12,-9,11,-9,10,-10,9,-10,9,0,0,0,0,0,0,0,0,0,0,0,0,0,0,0,0,0,0,0,0,0,0,-7,8,-7,8,-8,8,-9,7,-10,7,-10,7,-11,7,-11,6,-12,7,-12,6,-12,5,-12,5,-12,5,-12,5,-12,6,-11,6,-11,6,-11,7,-11,7,-11,8,-11,8,-11,9,-11,10,-11,10,-11,10,-11,10]"
2025-08-18 22:36:09.326669,CSI_DATA,2159,1a:00:00:00:00:00,-42,11,0,0,0,0,0,0,0,0,0,-94,0,1,0,368577582,0,42,0,128,0,"[0,0,-3,14,-3,13,-3,13,-3,13,-2,13,-2,13,-1,13,-1,13,-1,12,0,12,1,12,1,13,2,13,2,13,2,13,2,13,2,13,1,14,1,14,0,14,0,14,-1,13,-1,13,-2,13,-2,12,-3,12,0,0,0,0,0,0,0,0,0,0,0,0,0,0,0,0,0,0,0,0,0,0,-1,9,-1,10,-2,10,-3,10,-3,10,-4,11,-5,11,-5,11,-6,10,-6,10,-6,10,-6,10,-6,10,-6,10,-6,10,-6,10,-5,11,-5,11,-5,11,-4,12,-4,12,-4,12,-3,13,-3,13,-3,13,-3,14]"
2025-08-18 22:36:09.391351,CSI_DATA,2160,1a:00:00:00:00:00,-42,11,0,0,0,0,0,0,0,0,0,-94,0,1,0,368646792,0,31,0,128,0,"[0,0,13,2,13,2,13,2,13,2,13,1,13,1,13,0,13,0,13,-1,13,-1,13,-2,13,-2,13,-2,13,-3,13,-3,13,-3,14,-3,14,-3,14,-2,14,-2,14,-1,13,0,13,0,13,1,12,1,12,2,0,0,0,0,0,0,0,0,0,0,0,0,0,0,0,0,0,0,0,0,0,0,9,0,9,1,10,2,10,2,10,3,10,3,10,4,10,5,10,5,11,6,10,6,10,6,10,6,10,6,10,5,10,5,10,5,11,4,11,4,11,4,12,3,12,3,13,3,13,3,13,3,14,2]"
2025-08-18 22:36:09.602524,CSI_DATA,2161,1a:00:00:00:00:00,-42,11,0,0,0,0,0,0,0,0,0,-94,0,1,0,368848018,0,31,0,128,0,"[0,0,-7,-13,-7,-13,-7,-13,-7,-12,-8,-13,-8,-12,-8,-12,-8,-11,-9,-11,-9,-10,-9,-10,-10,-10,-10,-10,-11,-10,-11,-10,-11,-10,-11,-10,-11,-11,-11,-11,-10,-11,-10,-11,-9,-11,-8,-11,-7,-12,-7,-12,-6,-12,0,0,0,0,0,0,0,0,0,0,0,0,0,0,0,0,0,0,0,0,0,0,-6,-8,-6,-9,-5,-10,-5,-10,-4,-11,-4,-12,-4,-12,-3,-12,-3,-12,-2,-12,-2,-13,-2,-12,-2,-12,-2,-12,-2,-13,-3,-12,-3,-12,-3,-12,-4,-12,-5,-13,-5,-13,-5,-13,-6,-13,-6,-13,-6,-13,-6,-13]"
2025-08-18 22:36:09.797636,CSI_DATA,2162,1a:00:00:00:00:00,-42,11,0,0,0,0,0,0,0,0,0,-94,0,1,0,369049764,0,31,0,128,0,"[0,0,11,-9,10,-10,10,-10,10,-10,9,-10,9,-10,9,-10,8,-10,8,-10,8,-11,7,-11,6,-12,7,-12,6,-12,6,-12,6,-12,7,-13,7,-12,8,-12,8,-12,8,-11,9,-11,9,-10,9,-10,9,-9,9,-8,0,0,0,0,0,0,0,0,0,0,0,0,0,0,0,0,0,0,0,0,0,0,6,-8,7,-7,7,-7,8,-7,9,-7,9,-6,10,-6,10,-5,11,-5,11,-5,11,-5,11,-5,11,-5,11,-5,11,-5,10,-5,10,-6,10,-6,10,-7,10,-7,10,-7,10,-8,10,-8,10,-9,10,-9,11,-9]"
2025-08-18 22:36:10.002297,CSI_DATA,2163,1a:00:00:00:00:00,-42,11,0,0,0,0,0,0,0,0,0,-94,0,1,0,369250357,0,31,0,128,0,"[0,0,-15,-1,-15,-1,-14,-1,-15,-1,-14,0,-14,0,-14,0,-14,1,-13,1,-13,2,-13,2,-13,2,-13,3,-13,3,-14,4,-14,4,-14,4,-14,3,-15,3,-15,3,-14,2,-14,1,-14,1,-13,0,-13,-1,-13,-1,0,0,0,0,0,0,0,0,0,0,0,0,0,0,0,0,0,0,0,0,0,0,-10,0,-10,-1,-11,-2,-11,-2,-12,-3,-12,-3,-12,-4,-12,-4,-12,-5,-12,-6,-12,-6,-11,-6,-11,-6,-11,-6,-11,-5,-12,-5,-12,-4,-12,-4,-12,-4,-13,-3,-13,-3,-13,-2,-14,-2,-14,-2,-14,-2,-14,-2]"
2025-08-18 22:36:10.206961,CSI_DATA,2164,1a:00:00:00:00:00,-42,11,0,0,0,0,0,0,0,0,0,-94,0,1,0,369451561,0,31,0,128,0,"[0,0,11,-11,10,-11,10,-11,10,-11,10,-11,9,-11,9,-11,8,-12,8,-12,7,-12,7,-12,6,-13,6,-13,6,-14,6,-13,6,-14,7,-14,7,-14,7,-14,8,-13,8,-13,9,-12,9,-11,9,-11,9,-10,10,-9,0,0,0,0,0,0,0,0,0,0,0,0,0,0,0,0,0,0,0,0,0,0,6,-8,6,-8,7,-8,8,-8,9,-8,9,-8,10,-7,11,-7,11,-6,11,-6,11,-6,11,-6,11,-6,11,-6,11,-6,11,-6,11,-7,10,-8,10,-8,10,-9,10,-9,11,-10,10,-10,10,-10,11,-11,11,-11]"
2025-08-18 22:36:10.401254,CSI_DATA,2165,1a:00:00:00:00:00,-41,11,0,0,0,0,0,0,0,0,0,-94,0,1,0,369652685,0,31,0,128,0,"[0,0,-12,8,-12,9,-12,9,-11,8,-11,9,-11,9,-10,9,-10,10,-9,10,-9,10,-9,10,-8,10,-8,11,-8,11,-8,12,-8,11,-8,12,-9,12,-9,11,-10,11,-10,10,-10,10,-10,9,-10,8,-11,7,-11,7,0,0,0,0,0,0,0,0,0,0,0,0,0,0,0,0,0,0,0,0,0,0,-7,7,-8,6,-8,6,-9,6,-10,6,-10,5,-11,5,-11,5,-12,5,-12,4,-12,4,-12,4,-12,4,-12,4,-12,4,-12,5,-11,4,-11,5,-11,6,-11,6,-12,7,-12,7,-12,7,-12,8,-12,8,-12,8]"
2025-08-18 22:36:10.605847,CSI_DATA,2166,1a:00:00:00:00:00,-42,11,0,0,0,0,0,0,0,0,0,-94,0,1,0,369853830,0,31,0,128,0,"[0,0,-1,-14,-1,-15,-2,-14,-2,-15,-2,-14,-2,-14,-3,-14,-3,-13,-4,-13,-4,-13,-5,-13,-5,-13,-5,-13,-6,-13,-6,-13,-6,-13,-6,-14,-6,-14,-5,-14,-5,-14,-4,-14,-4,-14,-3,-14,-2,-14,-2,-13,-1,-13,0,0,0,0,0,0,0,0,0,0,0,0,0,0,0,0,0,0,0,0,0,0,-2,-10,-2,-10,-1,-11,0,-11,0,-12,1,-12,1,-12,2,-12,2,-12,3,-12,3,-12,3,-12,3,-12,3,-12,3,-12,2,-12,2,-12,1,-13,1,-13,1,-13,0,-13,0,-14,-1,-14,-1,-14,-1,-14,-1,-14]"
2025-08-18 22:36:10.802373,CSI_DATA,2167,1a:00:00:00:00:00,-42,11,0,0,0,0,0,0,0,0,0,-94,0,1,0,370055195,0,31,0,128,0,"[0,0,8,-12,7,-12,7,-12,7,-12,7,-12,6,-12,6,-13,5,-12,5,-12,4,-13,4,-13,3,-13,3,-13,3,-14,3,-14,3,-14,4,-14,4,-14,4,-14,4,-14,5,-13,5,-13,6,-12,6,-12,6,-11,7,-10,0,0,0,0,0,0,0,0,0,0,0,0,0,0,0,0,0,0,0,0,0,0,4,-9,5,-9,6,-9,6,-9,7,-9,8,-9,8,-9,9,-8,9,-8,9,-7,10,-7,9,-7,10,-7,9,-7,9,-8,9,-8,9,-8,8,-9,8,-9,8,-10,8,-10,8,-11,8,-11,8,-11,8,-11,8,-12]"
2025-08-18 22:36:10.863821,CSI_DATA,2168,1a:00:00:00:00:00,-42,11,0,0,0,0,0,0,0,0,0,-94,0,1,0,370115917,0,42,0,128,0,"[0,0,9,10,9,9,9,9,10,9,10,9,10,8,10,8,10,8,11,7,10,6,11,6,11,6,11,6,12,5,12,5,13,5,12,5,12,6,12,6,12,7,11,7,11,7,10,8,9,8,9,8,8,9,0,0,0,0,0,0,0,0,0,0,0,0,0,0,0,0,0,0,0,0,0,0,7,6,7,7,6,7,6,8,6,8,6,9,5,10,5,10,5,10,4,11,4,11,4,11,4,11,4,11,5,10,5,10,5,10,6,10,6,10,7,10,7,10,8,10,8,10,8,10,9,10,9,10]"
2025-08-18 22:36:10.929705,CSI_DATA,2169,1a:00:00:00:00:00,-42,11,0,0,0,0,0,0,0,0,0,-94,0,1,0,370180925,0,31,0,128,0,"[0,0,-11,11,-10,11,-10,11,-10,11,-9,11,-9,11,-8,11,-8,12,-7,11,-7,12,-7,12,-6,12,-6,13,-6,13,-6,13,-6,13,-6,13,-7,13,-7,14,-7,13,-8,12,-8,12,-9,11,-9,10,-9,9,-10,9,0,0,0,0,0,0,0,0,0,0,0,0,0,0,0,0,0,0,0,0,0,0,-6,8,-7,8,-8,8,-8,8,-9,8,-10,7,-10,7,-11,7,-11,7,-12,6,-12,6,-12,6,-12,6,-11,6,-11,6,-11,7,-11,7,-11,8,-11,8,-10,8,-10,9,-10,9,-11,10,-11,10,-11,10,-10,10]"
2025-08-18 22:36:11.124694,CSI_DATA,2170,1a:00:00:00:00:00,-42,11,0,0,0,0,0,0,0,0,0,-94,0,1,0,370382101,0,31,0,128,0,"[0,0,7,11,7,11,7,11,8,11,8,10,8,10,8,10,9,9,9,9,9,8,9,8,9,8,10,8,10,7,11,8,11,7,11,8,10,8,10,8,10,9,9,9,9,10,8,10,7,10,6,10,6,10,0,0,0,0,0,0,0,0,0,0,0,0,0,0,0,0,0,0,0,0,0,0,6,6,6,7,6,8,5,8,5,9,5,10,4,11,4,11,4,11,3,11,3,11,2,11,3,11,3,11,3,11,3,11,4,10,4,11,5,11,5,11,6,11,6,11,7,11,7,11,7,11,7,11]"
2025-08-18 22:36:11.336557,CSI_DATA,2171,1a:00:00:00:00:00,-42,11,0,0,0,0,0,0,0,0,0,-94,0,1,0,370583222,0,31,0,128,0,"[0,0,-5,-15,-5,-15,-5,-15,-5,-14,-5,-14,-5,-14,-6,-13,-6,-13,-7,-12,-8,-13,-8,-12,-8,-12,-9,-12,-9,-12,-9,-12,-9,-12,-9,-13,-9,-13,-9,-13,-8,-13,-8,-13,-7,-13,-6,-13,-5,-13,-4,-13,-4,-13,0,0,0,0,0,0,0,0,0,0,0,0,0,0,0,0,0,0,0,0,0,0,-5,-9,-4,-10,-3,-11,-3,-11,-2,-12,-2,-13,-1,-13,-1,-13,0,-13,0,-13,0,-13,0,-13,0,-13,0,-13,0,-13,-1,-13,-1,-13,-2,-13,-2,-14,-3,-13,-3,-14,-3,-14,-4,-14,-4,-14,-4,-14,-5,-15]"
2025-08-18 22:36:11.537420,CSI_DATA,2172,1a:00:00:00:00:00,-42,11,0,0,0,0,0,0,0,0,0,-94,0,1,0,370784381,0,31,0,128,0,"[0,0,-13,-8,-12,-8,-13,-8,-13,-7,-13,-7,-13,-6,-13,-6,-13,-5,-13,-5,-13,-4,-13,-4,-13,-3,-13,-3,-14,-3,-14,-3,-14,-3,-14,-3,-15,-4,-15,-4,-14,-4,-14,-5,-13,-6,-13,-6,-12,-6,-12,-6,-11,-7,0,0,0,0,0,0,0,0,0,0,0,0,0,0,0,0,0,0,0,0,0,0,-9,-4,-9,-5,-9,-6,-9,-7,-9,-7,-9,-8,-9,-9,-9,-9,-9,-10,-9,-9,-9,-10,-8,-10,-8,-10,-8,-10,-9,-9,-9,-9,-9,-9,-9,-8,-10,-9,-10,-8,-11,-8,-11,-8,-12,-8,-12,-8,-13,-8,-13,-8]"
2025-08-18 22:36:11.732486,CSI_DATA,2173,1a:00:00:00:00:00,-42,11,0,0,0,0,0,0,0,0,0,-94,0,1,0,370985547,0,31,0,128,0,"[0,0,14,-1,13,-2,13,-2,13,-2,13,-3,13,-3,12,-3,12,-4,12,-4,12,-5,12,-5,11,-6,11,-6,12,-7,12,-7,12,-7,12,-7,13,-7,13,-6,13,-5,13,-5,13,-4,12,-4,12,-3,12,-2,12,-2,0,0,0,0,0,0,0,0,0,0,0,0,0,0,0,0,0,0,0,0,0,0,9,-2,9,-2,10,-1,10,-1,10,0,11,1,11,1,11,2,11,2,11,2,11,2,11,3,11,3,11,2,11,2,11,2,11,1,12,1,12,0,12,0,12,0,13,0,13,-1,13,-1,13,-1,14,-2]"
2025-08-18 22:36:11.944918,CSI_DATA,2174,1a:00:00:00:00:00,-42,11,0,0,0,0,0,0,0,0,0,-94,0,1,0,371186922,0,31,0,128,0,"[0,0,3,14,3,14,3,13,3,13,4,13,4,13,4,12,5,12,5,11,6,12,6,11,7,11,7,11,7,11,7,11,7,11,7,12,7,12,7,12,7,12,6,13,5,12,4,13,4,13,3,12,2,12,0,0,0,0,0,0,0,0,0,0,0,0,0,0,0,0,0,0,0,0,0,0,3,9,3,9,2,10,2,10,1,11,0,11,0,12,0,12,-1,12,-2,12,-2,12,-2,12,-2,12,-1,12,-1,12,-1,12,-1,12,0,12,0,12,1,13,1,13,2,13,2,13,3,14,2,14,3,14]"
2025-08-18 22:36:12.137008,CSI_DATA,2175,1a:00:00:00:00:00,-42,11,0,0,0,0,0,0,0,0,0,-94,0,1,0,371388032,0,31,0,128,0,"[0,0,13,-7,13,-8,13,-8,12,-8,12,-8,12,-8,11,-9,11,-9,10,-9,10,-10,10,-10,9,-10,9,-11,9,-11,9,-11,10,-12,10,-11,10,-11,11,-11,11,-11,11,-10,11,-9,11,-8,11,-8,11,-7,12,-6,0,0,0,0,0,0,0,0,0,0,0,0,0,0,0,0,0,0,0,0,0,0,8,-6,8,-6,9,-6,10,-5,10,-5,11,-5,12,-4,12,-4,12,-3,12,-3,12,-2,12,-2,12,-2,12,-3,12,-3,12,-3,12,-4,12,-4,12,-5,12,-5,12,-5,12,-6,12,-6,13,-7,13,-7,13,-7]"
2025-08-18 22:36:12.336822,CSI_DATA,2176,1a:00:00:00:00:00,-42,11,0,0,0,0,0,0,0,0,0,-94,0,1,0,371589166,0,31,0,128,0,"[0,0,-10,10,-10,10,-10,10,-9,10,-9,10,-8,10,-8,10,-8,10,-7,10,-7,10,-6,11,-6,11,-6,11,-6,12,-5,12,-5,12,-6,12,-6,12,-7,12,-7,12,-8,11,-8,11,-8,10,-8,10,-8,9,-9,8,0,0,0,0,0,0,0,0,0,0,0,0,0,0,0,0,0,0,0,0,0,0,-6,7,-7,7,-8,7,-8,6,-9,6,-10,6,-10,6,-11,6,-11,5,-11,5,-11,5,-11,5,-11,5,-11,5,-11,5,-11,5,-11,6,-10,6,-10,7,-10,7,-10,8,-10,8,-10,9,-10,9,-10,9,-10,9]"
2025-08-18 22:36:12.395397,CSI_DATA,2177,1a:00:00:00:00:00,-42,11,0,0,0,0,0,0,0,0,0,-94,0,1,0,371649978,0,42,0,128,0,"[0,0,14,1,13,1,13,0,13,0,13,0,13,-1,13,-1,13,-1,13,-2,12,-3,12,-3,12,-3,13,-3,13,-4,13,-4,13,-4,13,-4,13,-3,14,-3,14,-3,14,-2,13,-1,13,-1,12,0,12,1,12,1,0,0,0,0,0,0,0,0,0,0,0,0,0,0,0,0,0,0,0,0,0,0,9,-1,9,-1,10,0,10,1,11,1,11,2,11,3,11,3,11,4,11,4,11,5,10,5,11,4,11,4,11,4,11,4,11,3,11,3,11,2,12,2,12,2,13,2,13,1,13,1,13,1,14,1]"
2025-08-18 22:36:12.470784,CSI_DATA,2178,1a:00:00:00:00:00,-42,11,0,0,0,0,0,0,0,0,0,-94,0,1,0,371716567,0,31,0,128,0,"[0,0,-7,-13,-7,-13,-7,-13,-7,-13,-8,-12,-8,-12,-8,-11,-8,-11,-9,-11,-9,-10,-9,-10,-10,-10,-10,-10,-10,-10,-11,-10,-11,-10,-11,-10,-11,-11,-11,-11,-10,-11,-10,-11,-9,-11,-8,-12,-7,-12,-6,-12,-6,-12,0,0,0,0,0,0,0,0,0,0,0,0,0,0,0,0,0,0,0,0,0,0,-6,-8,-5,-9,-5,-10,-5,-10,-4,-11,-4,-12,-4,-12,-3,-12,-3,-12,-2,-13,-2,-13,-2,-12,-2,-12,-2,-12,-2,-12,-3,-12,-3,-12,-4,-12,-4,-12,-5,-12,-5,-12,-6,-12,-6,-13,-6,-13,-6,-13,-6,-13]"
2025-08-18 22:36:12.665291,CSI_DATA,2179,1a:00:00:00:00:00,-42,11,0,0,0,0,0,0,0,0,0,-94,0,1,0,371917628,0,31,0,128,0,"[0,0,9,-12,9,-12,8,-12,8,-12,8,-13,7,-12,7,-13,7,-13,6,-13,5,-13,5,-13,4,-14,4,-14,4,-14,4,-14,4,-15,4,-15,4,-15,5,-15,6,-14,6,-14,7,-13,7,-13,7,-12,7,-11,8,-11,0,0,0,0,0,0,0,0,0,0,0,0,0,0,0,0,0,0,0,0,0,0,5,-9,6,-9,6,-9,7,-9,8,-9,8,-9,9,-8,10,-8,10,-8,10,-8,10,-8,10,-7,10,-8,10,-7,10,-8,10,-8,10,-8,9,-9,9,-9,9,-10,9,-10,9,-10,9,-11,9,-12,9,-12,9,-12]"
2025-08-18 22:36:12.872205,CSI_DATA,2180,1a:00:00:00:00:00,-42,11,0,0,0,0,0,0,0,0,0,-94,0,1,0,372118778,0,31,0,128,0,"[0,0,-13,-9,-13,-9,-13,-8,-13,-8,-13,-8,-13,-7,-13,-7,-13,-6,-13,-6,-14,-5,-14,-5,-14,-4,-14,-4,-14,-4,-15,-4,-15,-4,-15,-4,-15,-4,-15,-5,-15,-5,-15,-6,-14,-6,-13,-7,-13,-7,-12,-8,-11,-8,0,0,0,0,0,0,0,0,0,0,0,0,0,0,0,0,0,0,0,0,0,0,-10,-5,-10,-6,-10,-7,-9,-7,-10,-8,-10,-9,-10,-9,-9,-10,-9,-10,-9,-11,-8,-11,-8,-11,-8,-11,-9,-11,-9,-10,-9,-10,-9,-10,-10,-10,-10,-9,-11,-9,-11,-9,-12,-9,-12,-9,-13,-9,-13,-9,-13,-9]"
2025-08-18 22:36:13.072396,CSI_DATA,2181,1a:00:00:00:00:00,-42,11,0,0,0,0,0,0,0,0,0,-94,0,1,0,372320168,0,31,0,128,0,"[0,0,-15,-2,-15,-1,-14,-1,-14,-1,-14,0,-14,0,-14,0,-14,1,-14,1,-13,2,-13,2,-13,3,-13,3,-14,3,-14,4,-14,4,-14,4,-14,3,-15,3,-15,3,-15,2,-14,1,-14,1,-14,0,-13,-1,-13,-1,0,0,0,0,0,0,0,0,0,0,0,0,0,0,0,0,0,0,0,0,0,0,-10,0,-10,-1,-11,-2,-11,-2,-11,-3,-12,-3,-12,-4,-12,-5,-12,-5,-12,-5,-12,-5,-11,-6,-11,-5,-11,-5,-11,-5,-12,-5,-12,-4,-12,-4,-12,-4,-13,-3,-13,-3,-14,-3,-14,-2,-14,-2,-14,-2,-15,-2]"
2025-08-18 22:36:13.268561,CSI_DATA,2182,1a:00:00:00:00:00,-42,11,0,0,0,0,0,0,0,0,0,-94,0,1,0,372521221,0,31,0,128,0,"[0,0,7,-12,7,-13,7,-13,7,-13,6,-13,6,-13,5,-13,5,-13,4,-12,3,-13,3,-13,3,-13,2,-13,2,-14,2,-14,2,-14,2,-15,3,-15,3,-15,4,-14,4,-14,4,-13,5,-13,5,-12,6,-11,6,-11,0,0,0,0,0,0,0,0,0,0,0,0,0,0,0,0,0,0,0,0,0,0,4,-9,4,-9,5,-9,6,-9,6,-9,7,-9,8,-9,8,-9,9,-9,9,-8,9,-8,9,-8,9,-8,9,-8,8,-8,8,-8,8,-9,8,-9,8,-10,8,-10,7,-11,7,-11,7,-11,8,-12,7,-12,7,-12]"
2025-08-18 22:36:13.480530,CSI_DATA,2183,1a:00:00:00:00:00,-42,11,0,0,0,0,0,0,0,0,0,-94,0,1,0,372722391,0,31,0,128,0,"[0,0,13,4,13,3,13,3,13,3,13,2,13,2,13,2,13,1,12,1,13,0,13,0,13,-1,13,-1,13,-1,13,-2,13,-1,14,-1,14,-1,14,0,14,0,14,1,13,1,13,2,12,2,12,3,11,4,0,0,0,0,0,0,0,0,0,0,0,0,0,0,0,0,0,0,0,0,0,0,9,1,9,1,10,2,10,3,10,3,10,4,10,5,10,5,10,6,10,6,10,6,9,6,10,6,10,6,10,6,10,6,10,5,11,5,11,5,11,4,11,4,12,4,13,4,13,4,13,4,13,3]"
2025-08-18 22:36:13.671834,CSI_DATA,2184,1a:00:00:00:00:00,-42,11,0,0,0,0,0,0,0,0,0,-94,0,1,0,372923531,0,31,0,128,0,"[0,0,-13,7,-13,7,-12,7,-12,8,-12,8,-11,8,-11,8,-10,8,-10,9,-10,9,-10,9,-9,9,-9,10,-9,10,-9,11,-9,10,-9,11,-10,10,-10,10,-10,10,-11,9,-11,9,-11,8,-11,7,-11,6,-11,6,0,0,0,0,0,0,0,0,0,0,0,0,0,0,0,0,0,0,0,0,0,0,-8,6,-8,5,-9,5,-10,5,-10,5,-11,4,-12,4,-12,3,-12,3,-12,2,-12,2,-12,2,-12,2,-12,2,-12,3,-12,3,-12,3,-12,4,-12,4,-12,5,-12,5,-12,6,-12,6,-12,6,-13,6,-12,7]"
2025-08-18 22:36:13.868836,CSI_DATA,2185,1a:00:00:00:00:00,-42,11,0,0,0,0,0,0,0,0,0,-94,0,1,0,373124678,0,31,0,128,0,"[0,0,2,14,2,14,2,13,3,13,3,13,3,12,3,12,4,12,4,12,5,11,5,11,6,11,6,11,6,11,7,11,7,11,6,12,6,12,6,12,5,12,5,13,4,13,4,12,3,12,2,12,1,11,0,0,0,0,0,0,0,0,0,0,0,0,0,0,0,0,0,0,0,0,0,0,2,9,2,9,1,10,1,10,0,11,0,11,-1,11,-1,12,-2,12,-2,12,-3,12,-3,11,-2,11,-2,12,-2,11,-2,11,-1,11,-1,12,0,12,0,12,0,12,1,13,1,13,1,13,2,13,2,13]"
2025-08-18 22:36:13.939627,CSI_DATA,2186,1a:00:00:00:00:00,-42,11,0,0,0,0,0,0,0,0,0,-94,0,1,0,373185495,0,42,0,128,0,"[0,0,-9,-12,-9,-12,-9,-12,-9,-11,-9,-11,-9,-11,-9,-11,-10,-10,-10,-9,-10,-9,-11,-9,-11,-8,-11,-8,-12,-8,-12,-8,-12,-8,-12,-9,-12,-9,-12,-10,-11,-10,-11,-10,-10,-10,-9,-10,-9,-11,-8,-10,-7,-11,0,0,0,0,0,0,0,0,0,0,0,0,0,0,0,0,0,0,0,0,0,0,-7,-7,-7,-8,-7,-9,-6,-10,-6,-10,-6,-11,-5,-12,-5,-12,-4,-12,-4,-12,-4,-12,-4,-12,-4,-12,-4,-12,-4,-12,-5,-12,-5,-12,-5,-12,-6,-12,-6,-12,-7,-12,-7,-12,-8,-12,-8,-12,-8,-12,-8,-12]"
2025-08-18 22:36:14.004749,CSI_DATA,2187,1a:00:00:00:00:00,-42,11,0,0,0,0,0,0,0,0,0,-94,0,1,0,373252515,0,31,0,128,0,"[0,0,-13,-7,-12,-7,-12,-7,-13,-7,-12,-6,-12,-6,-12,-6,-13,-5,-13,-5,-13,-4,-12,-3,-13,-3,-14,-3,-14,-2,-14,-2,-14,-2,-14,-3,-15,-3,-14,-4,-14,-4,-14,-4,-13,-5,-13,-5,-12,-6,-11,-6,-11,-6,0,0,0,0,0,0,0,0,0,0,0,0,0,0,0,0,0,0,0,0,0,0,-9,-4,-9,-5,-9,-6,-9,-7,-9,-7,-9,-8,-9,-9,-9,-9,-8,-9,-8,-10,-8,-10,-8,-10,-8,-10,-8,-9,-8,-9,-8,-9,-9,-9,-9,-8,-10,-8,-10,-8,-10,-8,-11,-8,-11,-8,-12,-8,-12,-8,-12,-8]"
2025-08-18 22:36:14.205723,CSI_DATA,2188,1a:00:00:00:00:00,-42,11,0,0,0,0,0,0,0,0,0,-94,0,1,0,373453814,0,31,0,128,0,"[0,0,-15,-3,-14,-3,-14,-3,-14,-3,-14,-2,-14,-2,-13,-2,-14,-1,-13,0,-13,0,-13,0,-13,1,-14,1,-14,2,-14,2,-14,2,-14,2,-15,1,-15,1,-15,1,-15,0,-14,-1,-14,-1,-14,-2,-13,-3,-13,-3,0,0,0,0,0,0,0,0,0,0,0,0,0,0,0,0,0,0,0,0,0,0,-10,-1,-10,-2,-11,-3,-11,-3,-11,-4,-12,-4,-11,-5,-11,-6,-11,-6,-11,-6,-11,-7,-11,-7,-11,-7,-11,-6,-11,-6,-11,-6,-12,-6,-12,-5,-12,-5,-12,-4,-13,-4,-13,-4,-13,-3,-14,-4,-14,-3,-14,-3]"
2025-08-18 22:36:14.400256,CSI_DATA,2189,1a:00:00:00:00:00,-42,11,0,0,0,0,0,0,0,0,0,-94,0,1,0,373654865,0,31,0,128,0,"[0,0,14,0,14,-1,13,-1,13,-1,13,-1,13,-2,13,-2,13,-3,12,-3,12,-4,12,-4,12,-5,12,-5,12,-6,12,-6,12,-6,13,-6,13,-5,13,-5,13,-4,13,-4,13,-3,13,-2,12,-2,12,-1,12,-1,0,0,0,0,0,0,0,0,0,0,0,0,0,0,0,0,0,0,0,0,0,0,9,-1,9,-1,10,0,10,0,11,1,11,2,11,3,11,3,11,3,11,4,11,4,11,4,11,4,11,3,11,3,11,3,11,3,11,2,12,2,12,2,12,1,13,1,13,1,13,0,13,0,14,0]"
2025-08-18 22:36:14.602973,CSI_DATA,2190,1a:00:00:00:00:00,-42,11,0,0,0,0,0,0,0,0,0,-94,0,1,0,373856008,0,31,0,128,0,"[0,0,-9,11,-8,11,-8,11,-8,11,-7,12,-7,11,-7,11,-6,11,-6,11,-5,12,-5,12,-4,12,-4,12,-4,13,-4,13,-4,13,-4,13,-5,13,-5,13,-6,13,-6,12,-6,12,-7,11,-7,11,-7,10,-8,10,0,0,0,0,0,0,0,0,0,0,0,0,0,0,0,0,0,0,0,0,0,0,-4,8,-5,8,-6,8,-7,8,-7,8,-8,8,-9,8,-9,8,-10,7,-10,7,-10,7,-10,7,-10,7,-10,7,-10,7,-10,7,-9,8,-9,8,-9,8,-9,9,-9,9,-9,10,-9,10,-9,11,-8,11,-8,11]"
2025-08-18 22:36:14.805762,CSI_DATA,2191,1a:00:00:00:00:00,-42,11,0,0,0,0,0,0,0,0,0,-94,0,1,0,374057196,0,31,0,128,0,"[0,0,-11,9,-11,9,-11,9,-10,9,-10,10,-10,10,-9,9,-9,10,-8,10,-8,10,-7,11,-7,11,-6,11,-6,12,-6,12,-7,12,-7,12,-7,12,-8,12,-8,11,-9,11,-9,10,-9,10,-9,9,-9,8,-10,8,0,0,0,0,0,0,0,0,0,0,0,0,0,0,0,0,0,0,0,0,0,0,-6,7,-7,7,-8,7,-9,7,-9,6,-10,6,-11,6,-11,5,-11,5,-11,5,-12,5,-12,4,-11,5,-11,5,-11,5,-11,5,-11,5,-10,6,-11,7,-11,7,-11,7,-11,8,-11,8,-11,9,-11,9,-11,9]"
2025-08-18 22:36:15.012706,CSI_DATA,2192,1a:00:00:00:00:00,-42,11,0,0,0,0,0,0,0,0,0,-94,0,1,0,374258373,0,31,0,128,0,"[0,0,-8,-12,-8,-13,-8,-12,-8,-12,-8,-12,-9,-11,-9,-11,-9,-10,-9,-10,-10,-10,-10,-9,-10,-9,-11,-9,-11,-9,-11,-9,-11,-9,-11,-9,-11,-10,-11,-10,-11,-10,-10,-11,-10,-11,-9,-11,-8,-11,-8,-11,-7,-11,0,0,0,0,0,0,0,0,0,0,0,0,0,0,0,0,0,0,0,0,0,0,-7,-8,-6,-8,-6,-9,-6,-10,-5,-11,-5,-11,-5,-12,-4,-12,-4,-12,-4,-12,-3,-12,-3,-12,-3,-12,-3,-12,-3,-12,-4,-12,-4,-12,-5,-12,-5,-12,-6,-12,-6,-12,-6,-12,-7,-12,-7,-13,-7,-13,-8,-13]"
2025-08-18 22:36:15.208233,CSI_DATA,2193,1a:00:00:00:00:00,-42,11,0,0,0,0,0,0,0,0,0,-94,0,1,0,374459603,0,31,0,128,0,"[0,0,-13,7,-12,7,-12,7,-12,7,-12,8,-11,8,-11,8,-10,8,-10,8,-9,9,-9,9,-9,9,-9,10,-9,10,-9,10,-9,11,-9,11,-10,11,-10,11,-10,10,-10,10,-10,9,-10,8,-11,8,-11,7,-11,6,0,0,0,0,0,0,0,0,0,0,0,0,0,0,0,0,0,0,0,0,0,0,-8,5,-9,5,-10,4,-10,4,-11,3,-12,3,-12,3,-12,2,-13,2,-12,2,-13,1,-13,1,-13,1,-12,1,-12,2,-12,2,-12,3,-12,3,-12,4,-12,4,-12,5,-12,5,-12,6,-13,6,-13,6,-13,7]"
2025-08-18 22:36:15.406838,CSI_DATA,2194,1a:00:00:00:00:00,-42,11,0,0,0,0,0,0,0,0,0,-94,0,1,0,374660953,0,31,0,128,0,"[0,0,14,0,14,-1,13,-1,14,-2,13,-2,13,-2,13,-3,13,-3,13,-4,13,-4,12,-5,12,-5,12,-5,12,-6,13,-6,12,-6,14,-6,13,-6,14,-6,14,-5,14,-4,13,-4,14,-3,13,-2,13,-1,12,-1,0,0,0,0,0,0,0,0,0,0,0,0,0,0,0,0,0,0,0,0,0,0,9,-2,9,-1,11,0,10,0,11,0,11,1,12,2,12,2,12,3,12,4,12,4,11,4,11,4,11,3,11,3,12,3,11,2,12,2,12,1,12,1,13,1,13,0,14,0,14,0,14,0,14,0]"
2025-08-18 22:36:15.472252,CSI_DATA,2195,1a:00:00:00:00:00,-42,11,0,0,0,0,0,0,0,0,0,-94,0,1,0,374721641,0,42,0,128,0,"[0,0,-15,-1,-15,0,-14,0,-14,0,-14,1,-14,1,-14,1,-13,2,-13,2,-13,3,-13,3,-13,4,-13,4,-13,4,-13,5,-13,5,-14,4,-14,4,-14,4,-14,3,-14,3,-14,2,-14,1,-13,1,-13,0,-13,-1,0,0,0,0,0,0,0,0,0,0,0,0,0,0,0,0,0,0,0,0,0,0,-10,1,-10,0,-11,0,-11,-1,-12,-1,-12,-2,-12,-3,-12,-3,-12,-4,-12,-4,-12,-4,-12,-4,-12,-4,-12,-4,-12,-4,-12,-3,-12,-3,-12,-2,-13,-2,-13,-2,-13,-2,-14,-1,-14,-1,-14,0,-14,0,-15,0]"
2025-08-18 22:36:15.539173,CSI_DATA,2196,1a:00:00:00:00:00,-42,11,0,0,0,0,0,0,0,0,0,-94,0,1,0,374788935,0,31,0,128,0,"[0,0,-15,1,-15,1,-14,1,-14,1,-14,2,-14,2,-14,2,-13,3,-13,3,-13,4,-13,4,-12,5,-12,5,-12,5,-13,6,-13,6,-14,6,-13,5,-14,5,-14,4,-14,4,-14,3,-14,3,-13,2,-13,1,-13,0,0,0,0,0,0,0,0,0,0,0,0,0,0,0,0,0,0,0,0,0,0,0,-10,2,-10,1,-11,0,-11,0,-12,-1,-12,-1,-12,-2,-12,-3,-12,-3,-12,-3,-12,-4,-12,-4,-12,-4,-12,-3,-12,-3,-12,-3,-12,-2,-13,-2,-13,-2,-13,-1,-13,-1,-13,-1,-14,0,-14,0,-14,1,-14,1]"
2025-08-18 22:36:15.738009,CSI_DATA,2197,1a:00:00:00:00:00,-42,11,0,0,0,0,0,0,0,0,0,-94,0,1,0,374990006,0,31,0,128,0,"[0,0,-13,7,-12,7,-12,7,-12,7,-12,8,-11,7,-11,8,-10,8,-10,8,-9,9,-9,9,-9,10,-9,10,-9,10,-9,10,-9,10,-9,11,-9,11,-10,11,-10,10,-10,9,-10,9,-11,8,-11,7,-11,7,-11,6,0,0,0,0,0,0,0,0,0,0,0,0,0,0,0,0,0,0,0,0,0,0,-8,5,-9,5,-9,4,-10,4,-11,4,-11,3,-12,3,-12,3,-12,2,-12,2,-13,2,-12,1,-12,1,-12,2,-12,2,-12,2,-12,3,-12,3,-12,4,-12,4,-12,5,-13,5,-12,6,-13,6,-13,6,-12,7]"
2025-08-18 22:36:15.940030,CSI_DATA,2198,1a:00:00:00:00:00,-42,11,0,0,0,0,0,0,0,0,0,-94,0,1,0,375191152,0,31,0,128,0,"[0,0,12,-7,12,-7,11,-8,12,-8,11,-8,11,-8,10,-8,10,-9,9,-9,9,-9,9,-9,9,-10,8,-10,8,-11,9,-11,9,-11,9,-11,9,-11,10,-11,10,-10,10,-10,10,-9,10,-8,10,-7,11,-7,11,-6,0,0,0,0,0,0,0,0,0,0,0,0,0,0,0,0,0,0,0,0,0,0,7,-6,8,-6,8,-6,9,-5,10,-5,10,-5,11,-4,11,-4,11,-4,12,-3,11,-3,11,-2,11,-3,11,-3,11,-3,11,-4,11,-4,11,-5,11,-5,11,-5,11,-6,11,-6,12,-7,12,-7,12,-7,12,-7]"
2025-08-18 22:36:16.146758,CSI_DATA,2199,1a:00:00:00:00:00,-42,11,0,0,0,0,0,0,0,0,0,-94,0,1,0,375392428,0,31,0,128,0,"[0,0,-7,-13,-7,-13,-7,-13,-7,-12,-8,-13,-7,-12,-8,-12,-8,-11,-8,-11,-9,-10,-9,-10,-9,-10,-10,-10,-10,-10,-10,-10,-11,-10,-10,-10,-11,-11,-10,-11,-10,-11,-9,-12,-8,-12,-8,-11,-7,-12,-6,-12,-6,-12,0,0,0,0,0,0,0,0,0,0,0,0,0,0,0,0,0,0,0,0,0,0,-6,-8,-6,-9,-5,-10,-5,-11,-4,-11,-4,-12,-3,-12,-3,-12,-2,-13,-2,-12,-2,-13,-2,-13,-2,-12,-2,-12,-2,-12,-2,-12,-3,-13,-3,-12,-4,-13,-4,-13,-5,-12,-5,-13,-6,-13,-6,-13,-7,-13,-7,-13]"
2025-08-18 22:36:16.334733,CSI_DATA,2200,1a:00:00:00:00:00,-42,11,0,0,0,0,0,0,0,0,0,-94,0,1,0,375593555,0,31,0,128,0,"[0,0,11,8,11,7,11,7,11,6,12,6,11,6,11,6,12,5,11,5,12,4,12,3,12,3,12,3,13,3,13,3,13,3,13,3,14,4,13,4,13,4,13,5,12,5,11,5,11,6,10,6,10,7,0,0,0,0,0,0,0,0,0,0,0,0,0,0,0,0,0,0,0,0,0,0,8,3,8,4,8,5,8,6,8,6,8,7,8,8,8,8,7,9,7,9,7,9,7,9,7,9,7,9,7,9,7,8,8,8,8,8,9,8,9,8,9,8,10,8,10,7,11,7,11,7,11,7]"
2025-08-18 22:36:16.548484,CSI_DATA,2201,1a:00:00:00:00:00,-42,11,0,0,0,0,0,0,0,0,0,-94,0,1,0,375794926,0,31,0,128,0,"[0,0,-3,14,-3,13,-3,14,-2,13,-2,13,-2,13,-1,13,-1,13,0,12,0,12,1,12,1,12,1,13,2,13,2,13,2,13,2,13,1,14,1,14,0,14,0,14,-1,13,-1,13,-2,12,-2,12,-3,12,0,0,0,0,0,0,0,0,0,0,0,0,0,0,0,0,0,0,0,0,0,0,-1,9,-2,9,-2,9,-3,10,-3,10,-4,11,-5,10,-5,11,-6,10,-6,10,-6,10,-7,10,-6,10,-6,10,-6,10,-6,10,-6,11,-5,10,-5,11,-4,11,-4,12,-4,12,-3,12,-3,13,-3,13,-3,13]"
2025-08-18 22:36:16.740676,CSI_DATA,2202,1a:00:00:00:00:00,-42,11,0,0,0,0,0,0,0,0,0,-94,0,1,0,375996012,0,31,0,128,0,"[0,0,1,14,1,13,1,14,2,13,2,13,2,13,3,13,3,12,4,12,4,11,5,11,5,11,5,11,6,12,6,11,6,12,6,12,6,12,5,13,5,13,4,13,4,13,3,12,2,13,1,12,1,12,0,0,0,0,0,0,0,0,0,0,0,0,0,0,0,0,0,0,0,0,0,0,2,9,1,9,1,10,0,10,0,10,-1,11,-2,11,-2,12,-3,12,-3,11,-3,11,-3,11,-3,11,-3,11,-3,11,-2,11,-2,12,-1,11,-1,12,-1,12,0,12,0,13,1,13,1,13,1,13,1,14]"
2025-08-18 22:36:16.946158,CSI_DATA,2203,1a:00:00:00:00:00,-42,11,0,0,0,0,0,0,0,0,0,-94,0,1,0,376197184,0,31,0,128,0,"[0,0,5,-14,4,-14,4,-14,4,-14,3,-14,3,-14,3,-14,2,-14,2,-14,1,-14,1,-14,0,-14,0,-14,-1,-15,-1,-15,-1,-15,0,-15,0,-15,1,-15,1,-15,2,-15,2,-14,3,-14,3,-13,4,-13,4,-12,0,0,0,0,0,0,0,0,0,0,0,0,0,0,0,0,0,0,0,0,0,0,1,-10,2,-10,3,-11,3,-11,4,-11,5,-11,6,-11,6,-11,7,-11,7,-10,7,-11,7,-10,7,-11,7,-10,7,-11,6,-10,6,-11,6,-11,6,-12,5,-12,5,-12,5,-13,5,-13,4,-14,5,-14,4,-14]"
2025-08-18 22:36:16.999762,CSI_DATA,2204,1a:00:00:00:00:00,-42,11,0,0,0,0,0,0,0,0,0,-94,0,1,0,376257957,0,42,0,128,0,"[0,0,12,7,11,7,12,7,12,6,12,6,11,6,11,5,12,5,11,4,12,3,12,3,12,2,12,2,13,2,13,2,13,2,13,3,14,3,14,4,13,4,13,4,12,5,11,5,11,5,11,6,10,6,0,0,0,0,0,0,0,0,0,0,0,0,0,0,0,0,0,0,0,0,0,0,8,3,8,4,8,5,8,5,8,6,8,7,8,8,8,8,8,9,7,9,8,9,7,9,7,9,7,8,8,9,7,8,8,8,9,8,9,8,9,8,10,7,10,7,11,7,11,7,11,7,12,7]"
2025-08-18 22:36:17.092533,CSI_DATA,2205,1a:00:00:00:00:00,-42,11,0,0,0,0,0,0,0,0,0,-94,0,1,0,376325994,0,31,0,128,0,"[0,0,-3,-15,-4,-15,-4,-15,-4,-14,-5,-15,-5,-14,-5,-14,-6,-13,-6,-13,-6,-13,-7,-13,-7,-12,-8,-12,-8,-13,-8,-12,-9,-13,-9,-13,-8,-13,-8,-14,-7,-14,-7,-14,-6,-14,-5,-13,-4,-13,-4,-13,-3,-13,0,0,0,0,0,0,0,0,0,0,0,0,0,0,0,0,0,0,0,0,0,0,-4,-10,-3,-11,-3,-11,-2,-12,-2,-12,-1,-13,0,-13,0,-13,0,-13,1,-13,1,-13,1,-13,1,-13,1,-13,1,-13,0,-13,0,-13,-1,-13,-1,-14,-2,-14,-2,-14,-2,-14,-3,-14,-3,-15,-3,-15,-3,-15]"
2025-08-18 22:36:17.273563,CSI_DATA,2206,1a:00:00:00:00:00,-42,11,0,0,0,0,0,0,0,0,0,-94,0,1,0,376527042,0,31,0,128,0,"[0,0,14,-2,14,-3,13,-3,13,-3,13,-3,12,-4,12,-4,12,-5,12,-5,12,-6,11,-6,11,-6,11,-7,11,-7,12,-7,12,-7,12,-7,12,-7,12,-7,13,-6,13,-5,13,-5,12,-4,12,-3,12,-3,12,-2,0,0,0,0,0,0,0,0,0,0,0,0,0,0,0,0,0,0,0,0,0,0,9,-3,9,-2,10,-2,10,-1,11,-1,11,0,11,1,12,1,12,1,12,2,11,2,11,2,11,2,11,2,11,1,11,1,11,1,12,0,12,0,12,-1,12,-1,13,-1,13,-2,13,-2,13,-2,14,-2]"
2025-08-18 22:36:17.681763,CSI_DATA,2207,1a:00:00:00:00:00,-42,11,0,0,0,0,0,0,0,0,0,-94,0,1,0,376729113,0,31,0,128,0,"[0,0,6,-13,5,-13,5,-13,5,-13,5,-14,4,-13,4,-13,3,-13,3,-13,2,-13,2,-13,1,-13,1,-14,1,-14,1,-14,1,-15,1,-14,1,-15,2,-15,2,-14,3,-14,3,-14,4,-13,4,-13,4,-12,5,-11,0,0,0,0,0,0,0,0,0,0,0,0,0,0,0,0,0,0,0,0,0,0,2,-10,3,-10,4,-10,5,-10,5,-10,6,-10,7,-10,7,-10,8,-10,8,-9,8,-9,8,-9,8,-9,8,-9,8,-9,7,-9,7,-10,7,-10,7,-11,7,-11,6,-12,6,-12,6,-12,6,-13,6,-13,6,-13]"
2025-08-18 22:36:17.687956,CSI_DATA,2208,1a:00:00:00:00:00,-42,11,0,0,0,0,0,0,0,0,0,-94,0,1,0,376929551,0,31,0,128,0,"[0,0,-12,-8,-12,-8,-13,-8,-12,-7,-13,-7,-12,-7,-12,-6,-13,-6,-13,-5,-13,-5,-13,-4,-13,-4,-13,-4,-14,-3,-14,-3,-14,-3,-14,-4,-15,-4,-15,-4,-14,-5,-14,-5,-13,-6,-12,-6,-12,-6,-11,-7,-11,-7,0,0,0,0,0,0,0,0,0,0,0,0,0,0,0,0,0,0,0,0,0,0,-9,-5,-9,-6,-9,-6,-9,-7,-9,-8,-9,-9,-9,-9,-9,-10,-8,-10,-8,-10,-8,-10,-8,-10,-8,-10,-8,-10,-8,-10,-8,-9,-9,-9,-9,-9,-10,-9,-10,-9,-10,-9,-11,-9,-11,-8,-12,-9,-12,-8,-12,-8]"
2025-08-18 22:36:17.877436,CSI_DATA,2209,1a:00:00:00:00:00,-42,11,0,0,0,0,0,0,0,0,0,-94,0,1,0,377130627,0,31,0,128,0,"[0,0,7,-12,7,-13,7,-12,7,-12,6,-13,6,-12,5,-13,5,-13,4,-13,4,-13,4,-13,3,-13,3,-13,2,-14,2,-14,3,-14,3,-14,3,-14,3,-14,4,-14,4,-14,5,-13,5,-13,6,-12,6,-11,7,-11,0,0,0,0,0,0,0,0,0,0,0,0,0,0,0,0,0,0,0,0,0,0,4,-9,4,-9,5,-9,6,-9,7,-9,7,-9,8,-9,8,-9,9,-8,9,-8,9,-8,9,-8,9,-8,9,-8,9,-8,9,-8,8,-9,8,-9,8,-10,8,-10,8,-10,7,-11,7,-12,8,-12,8,-12,7,-12]"
2025-08-18 22:36:18.080712,CSI_DATA,2210,1a:00:00:00:00:00,-42,11,0,0,0,0,0,0,0,0,0,-94,0,1,0,377331892,0,31,0,128,0,"[0,0,-14,5,-14,5,-13,5,-14,6,-12,6,-12,6,-12,6,-12,6,-11,7,-11,8,-11,8,-10,8,-10,9,-10,8,-11,9,-10,9,-11,9,-11,9,-12,9,-12,8,-12,7,-12,7,-12,6,-12,6,-12,5,-12,4,0,0,0,0,0,0,0,0,0,0,0,0,0,0,0,0,0,0,0,0,0,0,-9,4,-9,4,-10,4,-10,3,-12,3,-11,2,-12,2,-13,1,-13,1,-13,0,-13,0,-13,0,-13,1,-12,1,-12,1,-13,1,-12,1,-13,2,-12,2,-13,3,-13,3,-13,3,-14,4,-13,5,-13,5,-13,5]"
2025-08-18 22:36:18.287991,CSI_DATA,2211,1a:00:00:00:00:00,-42,11,0,0,0,0,0,0,0,0,0,-94,0,1,0,377533021,0,31,0,128,0,"[0,0,11,9,11,8,10,8,11,8,11,7,11,7,11,7,11,6,11,5,12,5,11,5,12,4,12,4,12,4,13,4,13,4,13,4,13,4,13,4,13,5,12,5,12,6,11,6,11,7,10,7,9,7,0,0,0,0,0,0,0,0,0,0,0,0,0,0,0,0,0,0,0,0,0,0,7,5,7,5,7,6,7,7,7,8,7,8,7,9,7,9,6,10,6,10,6,10,5,10,6,10,6,10,6,9,6,9,6,9,7,9,7,9,8,9,8,9,9,9,10,9,10,9,10,9,10,9]"
2025-08-18 22:36:18.484546,CSI_DATA,2212,1a:00:00:00:00:00,-42,11,0,0,0,0,0,0,0,0,0,-94,0,1,0,377734166,0,31,0,128,0,"[0,0,-15,0,-14,0,-15,0,-14,1,-14,1,-14,1,-14,1,-13,2,-13,2,-13,3,-13,3,-13,4,-13,4,-13,5,-13,5,-14,4,-14,4,-14,4,-14,4,-14,3,-14,2,-14,2,-13,1,-13,1,-13,0,-13,-1,0,0,0,0,0,0,0,0,0,0,0,0,0,0,0,0,0,0,0,0,0,0,-10,1,-10,1,-11,0,-11,0,-12,-1,-12,-1,-12,-2,-12,-3,-12,-3,-12,-4,-12,-3,-12,-4,-12,-4,-12,-3,-12,-3,-12,-3,-12,-3,-12,-2,-13,-2,-13,-2,-13,-1,-13,-1,-14,0,-14,0,-14,0,-15,0]"
2025-08-18 22:36:18.543331,CSI_DATA,2213,1a:00:00:00:00:00,-42,11,0,0,0,0,0,0,0,0,0,-94,0,1,0,377794969,0,42,0,128,0,"[0,0,10,-10,10,-10,10,-10,9,-10,9,-11,8,-10,8,-10,8,-11,7,-11,7,-11,6,-12,6,-12,6,-12,6,-13,6,-13,6,-13,6,-13,6,-13,7,-13,7,-12,8,-12,8,-11,8,-11,8,-10,8,-10,9,-9,0,0,0,0,0,0,0,0,0,0,0,0,0,0,0,0,0,0,0,0,0,0,6,-8,7,-7,7,-7,8,-7,9,-7,9,-7,10,-6,10,-6,11,-5,11,-5,11,-5,11,-5,11,-5,11,-5,10,-6,10,-5,10,-6,10,-7,10,-7,10,-7,10,-8,10,-8,10,-9,10,-10,10,-10,10,-10]"
2025-08-18 22:36:18.621937,CSI_DATA,2214,1a:00:00:00:00:00,-42,11,0,0,0,0,0,0,0,0,0,-94,0,1,0,377860352,0,31,0,128,0,"[0,0,-11,-10,-11,-10,-11,-10,-11,-10,-11,-9,-11,-9,-11,-9,-11,-8,-11,-7,-12,-7,-12,-6,-12,-6,-13,-6,-13,-6,-13,-6,-13,-6,-13,-6,-14,-7,-13,-7,-13,-7,-13,-8,-12,-8,-11,-8,-11,-9,-10,-9,-9,-9,0,0,0,0,0,0,0,0,0,0,0,0,0,0,0,0,0,0,0,0,0,0,-8,-6,-8,-7,-8,-7,-8,-8,-8,-9,-8,-10,-7,-10,-7,-11,-7,-11,-6,-11,-6,-11,-6,-11,-6,-11,-6,-11,-6,-11,-7,-10,-7,-11,-7,-10,-8,-11,-9,-10,-9,-10,-9,-10,-10,-10,-11,-10,-10,-10,-11,-10]"
2025-08-18 22:36:18.806708,CSI_DATA,2215,1a:00:00:00:00:00,-42,11,0,0,0,0,0,0,0,0,0,-94,0,1,0,378061416,0,31,0,128,0,"[0,0,14,1,13,0,13,0,13,0,13,-1,13,-1,12,-1,12,-2,12,-2,12,-3,12,-3,12,-4,12,-4,12,-5,13,-5,13,-5,13,-5,13,-4,13,-4,13,-4,13,-3,13,-2,13,-2,12,-1,12,0,12,0,0,0,0,0,0,0,0,0,0,0,0,0,0,0,0,0,0,0,0,0,0,0,9,-1,9,0,10,1,10,1,10,2,11,2,11,3,11,3,11,4,10,4,11,5,10,5,10,4,11,4,10,4,11,4,11,3,11,3,12,2,12,2,12,2,12,1,13,1,13,1,13,1,14,1]"
2025-08-18 22:36:19.011366,CSI_DATA,2216,1a:00:00:00:00:00,-42,11,0,0,0,0,0,0,0,0,0,-94,0,1,0,378262655,0,31,0,128,0,"[0,0,-15,4,-15,4,-15,4,-14,4,-14,5,-14,5,-13,5,-13,6,-13,6,-12,7,-12,7,-12,7,-12,8,-12,8,-12,8,-12,9,-13,9,-13,8,-13,8,-13,8,-13,7,-14,6,-14,5,-13,5,-13,4,-13,3,0,0,0,0,0,0,0,0,0,0,0,0,0,0,0,0,0,0,0,0,0,0,-10,4,-10,3,-11,3,-12,2,-12,2,-13,1,-13,0,-13,0,-14,0,-13,-1,-14,-1,-13,-1,-13,-1,-13,-1,-13,-1,-13,0,-13,0,-13,0,-14,1,-14,2,-14,2,-14,2,-15,3,-15,3,-15,3,-15,4]"
2025-08-18 22:36:19.212102,CSI_DATA,2217,1a:00:00:00:00:00,-42,11,0,0,0,0,0,0,0,0,0,-94,0,1,0,378463846,0,31,0,128,0,"[0,0,-13,7,-13,7,-12,7,-12,8,-11,7,-11,8,-11,8,-10,8,-10,8,-10,9,-9,9,-9,10,-9,10,-8,10,-9,11,-9,10,-9,11,-10,10,-10,10,-10,10,-11,9,-11,9,-11,8,-11,7,-11,6,-11,6,0,0,0,0,0,0,0,0,0,0,0,0,0,0,0,0,0,0,0,0,0,0,-8,6,-8,5,-9,5,-10,5,-11,5,-11,4,-12,4,-12,3,-12,3,-13,3,-13,2,-12,2,-12,2,-12,3,-12,3,-12,3,-12,3,-12,4,-12,4,-12,5,-12,5,-12,6,-12,6,-13,7,-12,7,-12,7]"
2025-08-18 22:36:19.408821,CSI_DATA,2218,1a:00:00:00:00:00,-42,11,0,0,0,0,0,0,0,0,0,-94,0,1,0,378664988,0,31,0,128,0,"[0,0,8,13,8,12,8,12,8,12,8,12,8,11,8,11,9,10,9,10,10,9,10,9,10,8,11,8,11,8,11,8,11,8,11,9,11,9,11,10,11,10,10,10,9,10,8,11,8,11,7,11,6,11,0,0,0,0,0,0,0,0,0,0,0,0,0,0,0,0,0,0,0,0,0,0,6,7,6,8,6,9,5,9,5,10,5,11,4,11,4,12,3,12,3,12,3,12,2,12,2,12,3,12,3,12,3,12,4,11,4,11,5,12,5,12,5,12,6,12,7,12,7,12,7,12,8,12]"
2025-08-18 22:36:19.612595,CSI_DATA,2219,1a:00:00:00:00:00,-42,11,0,0,0,0,0,0,0,0,0,-94,0,1,0,378866124,0,31,0,128,0,"[0,0,14,-1,13,-1,14,-1,13,-2,13,-2,13,-2,13,-3,12,-3,12,-3,12,-4,12,-4,12,-5,12,-5,12,-5,12,-5,12,-6,13,-5,13,-5,13,-5,13,-4,13,-4,13,-3,13,-2,12,-2,12,-1,12,0,0,0,0,0,0,0,0,0,0,0,0,0,0,0,0,0,0,0,0,0,0,0,9,-3,9,-2,10,-1,10,-1,11,0,11,0,11,1,11,2,11,2,11,3,11,3,11,3,11,3,11,3,11,2,11,2,11,2,11,1,12,1,12,0,12,0,13,0,13,0,13,0,13,0,14,-1]"
2025-08-18 22:36:19.832547,CSI_DATA,2220,1a:00:00:00:00:00,-42,11,0,0,0,0,0,0,0,0,0,-94,0,1,0,379067497,0,31,0,128,0,"[0,0,-15,-2,-14,-2,-15,-2,-14,-1,-14,-1,-14,0,-14,0,-14,1,-14,1,-13,2,-13,2,-13,3,-13,3,-14,3,-14,3,-14,3,-14,3,-14,3,-15,2,-14,2,-15,2,-14,1,-14,0,-14,0,-13,-1,-13,-2,0,0,0,0,0,0,0,0,0,0,0,0,0,0,0,0,0,0,0,0,0,0,-10,0,-10,-1,-11,-2,-11,-2,-11,-3,-12,-4,-12,-4,-12,-5,-12,-5,-12,-6,-12,-6,-11,-6,-11,-6,-11,-5,-12,-5,-12,-5,-12,-5,-12,-4,-12,-4,-13,-3,-13,-3,-13,-3,-14,-2,-14,-2,-14,-2,-14,-2]"
2025-08-18 22:36:20.009449,CSI_DATA,2221,1a:00:00:00:00:00,-42,11,0,0,0,0,0,0,0,0,0,-94,0,1,0,379268635,0,31,0,128,0,"[0,0,11,9,11,9,11,9,11,9,11,8,11,8,11,7,11,7,11,6,12,5,12,5,12,5,12,5,13,5,13,5,13,5,13,5,13,5,13,6,13,7,12,7,11,7,10,7,10,8,9,8,9,9,0,0,0,0,0,0,0,0,0,0,0,0,0,0,0,0,0,0,0,0,0,0,8,4,8,5,8,6,8,6,8,7,8,8,8,9,8,9,7,10,7,10,6,10,6,10,7,10,6,10,7,9,7,9,7,9,8,9,8,9,9,9,9,9,9,9,10,8,10,9,10,9,11,9]"
2025-08-18 22:36:20.072417,CSI_DATA,2222,1a:00:00:00:00:00,-42,11,0,0,0,0,0,0,0,0,0,-94,0,1,0,379329438,0,42,0,128,0,"[0,0,6,13,5,13,5,13,6,12,6,12,6,12,6,12,7,11,7,11,8,10,8,10,8,10,9,10,9,10,9,10,9,10,9,10,9,11,9,11,8,11,8,11,7,12,6,12,6,12,5,11,4,12,0,0,0,0,0,0,0,0,0,0,0,0,0,0,0,0,0,0,0,0,0,0,5,8,5,9,4,9,3,10,3,10,3,11,2,11,2,12,1,12,1,12,0,12,0,12,0,12,1,11,1,11,1,11,2,12,2,11,3,12,3,12,4,12,4,12,4,12,5,13,5,13,6,13]"
2025-08-18 22:36:20.160443,CSI_DATA,2223,1a:00:00:00:00:00,-42,11,0,0,0,0,0,0,0,0,0,-94,0,1,0,379397273,0,31,0,128,0,"[0,0,-13,7,-13,7,-13,7,-12,7,-12,8,-12,8,-11,8,-11,8,-11,8,-10,9,-10,10,-9,10,-9,10,-9,11,-9,11,-9,11,-9,11,-10,11,-11,11,-11,10,-11,10,-11,9,-11,8,-11,8,-11,7,-12,6,0,0,0,0,0,0,0,0,0,0,0,0,0,0,0,0,0,0,0,0,0,0,-8,5,-9,5,-10,5,-10,4,-11,4,-12,4,-12,3,-12,3,-13,2,-13,2,-13,2,-12,2,-13,2,-12,2,-12,2,-12,2,-12,3,-12,3,-12,4,-13,4,-13,5,-13,5,-13,6,-13,7,-13,7,-13,7]"
2025-08-18 22:36:20.544261,CSI_DATA,2224,1a:00:00:00:00:00,-42,11,0,0,0,0,0,0,0,0,0,-94,0,1,0,379598372,0,31,0,128,0,"[0,0,11,-8,11,-9,10,-8,11,-9,10,-9,10,-9,9,-9,9,-10,8,-10,8,-11,8,-11,7,-11,7,-11,7,-12,7,-12,7,-12,8,-12,8,-12,8,-12,9,-12,9,-11,9,-10,9,-10,9,-9,10,-8,10,-7,0,0,0,0,0,0,0,0,0,0,0,0,0,0,0,0,0,0,0,0,0,0,7,-7,7,-7,8,-6,8,-6,9,-6,10,-6,11,-5,11,-5,11,-4,11,-4,11,-4,11,-3,11,-4,11,-4,11,-4,11,-4,11,-5,11,-6,11,-6,11,-6,11,-7,11,-7,11,-8,11,-8,11,-8,11,-8]"
2025-08-18 22:36:20.549540,CSI_DATA,2225,1a:00:00:00:00:00,-42,11,0,0,0,0,0,0,0,0,0,-94,0,1,0,379800980,0,31,0,128,0,"[0,0,13,4,13,4,13,4,13,3,13,3,12,3,12,3,13,2,13,2,13,1,13,0,13,-1,13,-1,13,-1,14,-1,14,-1,14,-1,14,0,14,1,14,1,14,2,13,2,13,3,12,3,12,3,11,4,0,0,0,0,0,0,0,0,0,0,0,0,0,0,0,0,0,0,0,0,0,0,9,1,9,2,9,3,9,3,10,4,10,5,9,6,9,6,9,7,9,7,9,7,9,7,9,7,9,7,9,6,10,6,10,6,10,5,10,5,11,5,11,5,12,5,12,5,13,4,13,4,13,4]"
2025-08-18 22:36:20.747630,CSI_DATA,2226,1a:00:00:00:00:00,-42,11,0,0,0,0,0,0,0,0,0,-94,0,1,0,380000673,0,31,0,128,0,"[0,0,7,-12,7,-12,7,-12,6,-12,6,-12,6,-12,5,-13,5,-13,4,-13,4,-13,3,-13,3,-13,3,-13,2,-14,3,-14,3,-14,3,-14,3,-14,4,-14,4,-14,4,-14,5,-13,5,-13,6,-12,6,-11,7,-11,0,0,0,0,0,0,0,0,0,0,0,0,0,0,0,0,0,0,0,0,0,0,3,-9,4,-9,5,-9,5,-9,6,-9,7,-9,7,-9,8,-9,8,-8,9,-8,9,-8,9,-8,9,-8,8,-8,8,-8,8,-8,8,-9,8,-9,7,-10,7,-10,7,-10,7,-11,7,-11,7,-12,7,-12,7,-12]"
2025-08-18 22:36:20.943598,CSI_DATA,2227,1a:00:00:00:00:00,-42,11,0,0,0,0,0,0,0,0,0,-94,0,1,0,380202001,0,31,0,128,0,"[0,0,8,11,8,11,8,11,8,10,9,10,9,10,9,9,9,9,9,8,10,8,10,8,11,7,11,7,12,7,12,7,12,7,12,8,12,8,12,8,11,8,11,9,10,9,9,9,9,9,8,9,7,10,0,0,0,0,0,0,0,0,0,0,0,0,0,0,0,0,0,0,0,0,0,0,6,6,6,7,5,8,5,9,5,9,5,10,4,10,4,11,3,11,3,11,3,11,3,11,3,11,3,11,3,11,4,11,4,11,5,10,5,11,6,11,6,11,7,11,7,11,7,11,8,11,8,11]"
2025-08-18 22:36:21.155117,CSI_DATA,2228,1a:00:00:00:00:00,-42,11,0,0,0,0,0,0,0,0,0,-94,0,1,0,380403194,0,31,0,128,0,"[0,0,-1,-14,-2,-15,-2,-14,-2,-14,-2,-14,-3,-13,-3,-14,-4,-13,-4,-13,-5,-13,-5,-13,-5,-13,-6,-13,-6,-13,-6,-13,-6,-13,-6,-13,-6,-14,-6,-14,-5,-14,-5,-14,-4,-14,-3,-14,-3,-13,-2,-13,-1,-13,0,0,0,0,0,0,0,0,0,0,0,0,0,0,0,0,0,0,0,0,0,0,-2,-9,-1,-10,-1,-11,0,-11,0,-11,1,-12,1,-12,2,-12,2,-12,3,-12,3,-12,3,-12,3,-12,3,-11,2,-12,2,-12,2,-12,1,-12,1,-13,0,-13,0,-13,0,-13,-1,-14,-1,-14,-1,-14,-1,-14]"
2025-08-18 22:36:21.358164,CSI_DATA,2229,1a:00:00:00:00:00,-42,11,0,0,0,0,0,0,0,0,0,-94,0,1,0,380604297,0,31,0,128,0,"[0,0,2,13,2,13,2,13,3,13,3,13,3,13,4,12,4,12,4,11,5,11,5,11,6,11,6,11,6,11,7,11,7,11,7,12,7,12,6,12,6,13,5,12,4,12,3,12,3,12,2,12,1,12,0,0,0,0,0,0,0,0,0,0,0,0,0,0,0,0,0,0,0,0,0,0,2,8,2,9,1,9,1,10,1,10,0,11,-1,11,-1,11,-1,11,-2,11,-2,11,-2,11,-2,11,-2,11,-2,11,-1,11,-1,11,0,11,0,12,0,12,1,12,1,12,1,12,2,13,2,13,2,13]"
2025-08-18 22:36:21.554420,CSI_DATA,2230,1a:00:00:00:00:00,-42,11,0,0,0,0,0,0,0,0,0,-94,0,1,0,380805457,0,31,0,128,0,"[0,0,4,-14,3,-14,3,-14,3,-14,2,-14,2,-14,2,-14,1,-14,1,-13,0,-13,0,-14,-1,-14,-1,-14,-1,-14,-1,-14,-1,-14,-1,-15,-1,-15,0,-15,0,-15,1,-14,1,-14,2,-14,2,-13,3,-13,4,-12,0,0,0,0,0,0,0,0,0,0,0,0,0,0,0,0,0,0,0,0,0,0,1,-9,2,-10,3,-10,3,-10,4,-10,4,-11,5,-11,5,-10,6,-10,6,-10,7,-10,7,-10,7,-10,6,-10,6,-10,6,-10,5,-10,5,-11,5,-11,5,-12,4,-12,4,-13,4,-13,4,-13,4,-13,4,-14]"
2025-08-18 22:36:21.614429,CSI_DATA,2231,1a:00:00:00:00:00,-42,11,0,0,0,0,0,0,0,0,0,-94,0,1,0,380866218,0,42,0,128,0,"[0,0,11,-8,10,-9,10,-9,10,-9,10,-10,10,-9,9,-9,9,-10,8,-10,8,-10,8,-11,7,-11,7,-11,7,-11,7,-12,7,-12,8,-12,8,-12,9,-12,9,-11,9,-11,9,-10,10,-9,10,-9,10,-8,10,-7,0,0,0,0,0,0,0,0,0,0,0,0,0,0,0,0,0,0,0,0,0,0,6,-7,6,-7,7,-7,8,-6,9,-6,9,-6,10,-5,10,-5,11,-5,11,-4,11,-4,11,-4,11,-4,10,-5,10,-4,10,-5,10,-5,10,-6,10,-6,10,-7,10,-7,10,-8,11,-8,11,-8,11,-8,11,-9]"
2025-08-18 22:36:21.686218,CSI_DATA,2232,1a:00:00:00:00:00,-42,11,0,0,0,0,0,0,0,0,0,-94,0,1,0,380933154,0,31,0,128,0,"[0,0,-2,13,-1,14,-1,13,-1,13,0,13,0,13,0,13,1,13,1,12,1,12,2,12,2,12,3,12,3,12,3,13,3,13,3,14,3,13,2,14,2,14,1,13,0,13,0,13,-1,13,-2,12,-2,12,0,0,0,0,0,0,0,0,0,0,0,0,0,0,0,0,0,0,0,0,0,0,0,9,0,9,-1,10,-2,10,-2,10,-3,10,-4,11,-4,11,-4,11,-5,11,-5,10,-5,10,-5,10,-5,10,-5,10,-4,10,-4,10,-4,11,-3,11,-3,12,-3,12,-2,12,-2,13,-2,13,-2,13,-2,13]"
2025-08-18 22:36:21.883929,CSI_DATA,2233,1a:00:00:00:00:00,-42,11,0,0,0,0,0,0,0,0,0,-94,0,1,0,381134210,0,31,0,128,0,"[0,0,2,-15,1,-15,2,-15,1,-15,1,-15,0,-15,0,-15,-1,-14,-1,-14,-2,-14,-2,-14,-2,-14,-3,-14,-3,-14,-3,-15,-4,-15,-3,-15,-3,-15,-3,-16,-2,-16,-1,-15,-1,-15,0,-15,1,-14,1,-14,2,-13,0,0,0,0,0,0,0,0,0,0,0,0,0,0,0,0,0,0,0,0,0,0,0,-10,0,-11,1,-11,2,-11,2,-12,3,-12,4,-12,4,-12,5,-12,5,-12,6,-11,6,-11,5,-12,5,-11,5,-11,4,-12,4,-12,4,-12,4,-13,3,-13,3,-13,2,-14,2,-14,2,-15,2,-15,2,-15]"
2025-08-18 22:36:22.087817,CSI_DATA,2234,1a:00:00:00:00:00,-42,11,0,0,0,0,0,0,0,0,0,-94,0,1,0,381335612,0,31,0,128,0,"[0,0,-14,-3,-14,-2,-14,-2,-14,-2,-14,-1,-14,-1,-14,-1,-14,0,-13,0,-13,1,-14,1,-13,2,-14,2,-14,2,-14,3,-14,3,-14,2,-15,2,-15,2,-15,1,-15,0,-14,0,-14,-1,-14,-1,-13,-2,-13,-3,0,0,0,0,0,0,0,0,0,0,0,0,0,0,0,0,0,0,0,0,0,0,-10,-1,-10,-1,-10,-2,-11,-2,-11,-3,-11,-4,-11,-4,-11,-5,-11,-5,-11,-6,-11,-6,-11,-6,-11,-6,-11,-6,-11,-6,-11,-5,-11,-5,-12,-4,-12,-4,-13,-4,-13,-4,-13,-3,-14,-3,-14,-3,-14,-3,-14,-3]"
2025-08-18 22:36:22.290627,CSI_DATA,2235,1a:00:00:00:00:00,-42,11,0,0,0,0,0,0,0,0,0,-94,0,1,0,381536680,0,31,0,128,0,"[0,0,-7,-13,-7,-13,-7,-13,-7,-12,-8,-12,-8,-12,-8,-11,-8,-11,-9,-10,-9,-10,-10,-10,-10,-9,-10,-10,-11,-10,-11,-9,-11,-10,-11,-10,-11,-10,-11,-11,-10,-11,-10,-11,-9,-11,-8,-11,-8,-11,-7,-11,-6,-12,0,0,0,0,0,0,0,0,0,0,0,0,0,0,0,0,0,0,0,0,0,0,-6,-8,-5,-9,-5,-9,-5,-10,-4,-10,-4,-11,-4,-11,-3,-12,-3,-12,-2,-12,-2,-12,-2,-12,-2,-12,-3,-12,-3,-12,-3,-12,-3,-12,-4,-12,-4,-12,-5,-12,-5,-12,-5,-12,-6,-12,-7,-13,-7,-13,-7,-13]"
2025-08-18 22:36:22.484861,CSI_DATA,2236,1a:00:00:00:00:00,-42,11,0,0,0,0,0,0,0,0,0,-94,0,1,0,381737852,0,31,0,128,0,"[0,0,-7,12,-6,12,-6,12,-6,12,-6,12,-5,12,-5,12,-4,12,-4,12,-3,12,-3,12,-2,12,-2,13,-2,13,-2,13,-2,13,-2,14,-2,14,-3,14,-3,14,-4,13,-4,13,-5,12,-5,12,-6,11,-6,10,0,0,0,0,0,0,0,0,0,0,0,0,0,0,0,0,0,0,0,0,0,0,-3,8,-4,8,-5,8,-6,9,-6,9,-7,9,-8,9,-8,8,-8,8,-9,8,-9,8,-9,8,-9,8,-9,8,-8,8,-8,8,-8,9,-7,9,-7,9,-7,10,-7,10,-7,11,-6,11,-7,12,-7,12,-6,12]"
2025-08-18 22:36:22.606272,CSI_DATA,2237,1a:00:00:00:00:00,-42,11,0,0,0,0,0,0,0,0,0,-94,0,1,0,381859476,0,28,0,128,0,"[0,0,-9,11,-9,11,-9,11,-8,11,-8,11,-8,11,-7,11,-7,11,-6,11,-6,11,-5,12,-5,12,-5,12,-5,12,-5,12,-5,13,-5,13,-5,13,-6,13,-7,13,-7,12,-7,11,-7,11,-8,10,-8,10,-9,9,0,0,0,0,0,0,0,0,0,0,0,0,0,0,0,0,0,0,0,0,0,0,-5,7,-6,8,-6,7,-7,7,-8,8,-9,7,-9,7,-10,7,-10,7,-10,6,-10,6,-10,6,-10,6,-10,6,-10,7,-9,6,-9,7,-9,8,-9,8,-9,8,-9,9,-9,9,-9,10,-9,10,-9,10,-9,11]"
2025-08-18 22:36:22.680652,CSI_DATA,2238,1a:00:00:00:00:00,-42,11,0,0,0,0,0,0,0,0,0,-94,0,1,0,381938993,0,31,0,128,0,"[0,0,13,7,13,6,13,6,13,6,13,5,13,5,13,4,13,4,13,3,13,2,13,2,13,2,13,1,14,1,14,1,14,1,14,1,15,2,15,2,15,3,14,3,14,4,13,4,12,5,12,5,11,6,0,0,0,0,0,0,0,0,0,0,0,0,0,0,0,0,0,0,0,0,0,0,9,3,9,4,9,4,9,5,9,6,9,7,9,7,9,8,9,8,8,8,8,9,8,9,8,9,8,8,8,8,8,8,9,8,9,7,10,7,10,7,11,7,11,7,12,6,12,6,12,7,13,6]"
2025-08-18 22:36:22.895923,CSI_DATA,2239,1a:00:00:00:00:00,-42,11,0,0,0,0,0,0,0,0,0,-94,0,1,0,382140173,0,31,0,128,0,"[0,0,-2,14,-2,14,-1,14,-1,14,0,13,0,13,0,13,1,13,1,13,2,13,2,12,3,12,3,13,3,13,4,13,4,13,3,14,3,13,3,14,2,14,1,14,1,14,0,13,0,13,-1,12,-2,12,0,0,0,0,0,0,0,0,0,0,0,0,0,0,0,0,0,0,0,0,0,0,0,9,-1,9,-1,10,-2,10,-2,11,-3,11,-4,11,-4,11,-5,11,-5,11,-5,11,-5,11,-5,11,-5,11,-4,10,-5,11,-4,11,-3,11,-3,11,-3,12,-3,12,-3,13,-2,13,-2,13,-1,14,-1,13]"
2025-08-18 22:36:23.082800,CSI_DATA,2240,1a:00:00:00:00:00,-42,11,0,0,0,0,0,0,0,0,0,-94,0,1,0,382341418,0,31,0,128,0,"[0,0,11,8,11,7,11,7,11,7,11,7,11,6,11,5,11,5,11,5,12,4,12,4,12,3,12,4,12,3,13,3,13,3,13,4,13,4,13,4,13,5,13,5,12,6,11,6,10,7,10,7,9,7,0,0,0,0,0,0,0,0,0,0,0,0,0,0,0,0,0,0,0,0,0,0,8,4,8,4,8,5,8,5,8,6,8,7,8,8,7,8,7,8,7,9,7,9,6,9,6,9,6,9,7,9,7,8,7,8,8,8,8,8,9,8,9,7,10,7,10,8,10,8,10,8,11,7]"
2025-08-18 22:36:23.149693,CSI_DATA,2241,1a:00:00:00:00:00,-42,11,0,0,0,0,0,0,0,0,0,-94,0,1,0,382402209,0,42,0,128,0,"[0,0,9,-12,8,-13,7,-13,8,-13,7,-13,7,-13,7,-13,6,-13,5,-13,5,-13,4,-13,4,-14,3,-14,3,-14,3,-15,3,-15,4,-15,4,-15,5,-15,5,-14,6,-14,6,-14,7,-13,7,-13,7,-12,8,-11,0,0,0,0,0,0,0,0,0,0,0,0,0,0,0,0,0,0,0,0,0,0,4,-9,5,-9,6,-9,6,-9,7,-9,8,-9,9,-8,9,-8,9,-8,10,-8,10,-8,10,-7,10,-8,10,-8,9,-8,9,-8,9,-9,8,-9,8,-10,9,-10,8,-10,9,-11,8,-12,8,-12,8,-12,8,-12]"
2025-08-18 22:36:23.418419,CSI_DATA,2242,1a:00:00:00:00:00,-42,11,0,0,0,0,0,0,0,0,0,-94,0,1,0,382468555,0,31,0,128,0,"[0,0,-6,-13,-6,-13,-6,-13,-7,-13,-7,-13,-7,-12,-7,-12,-7,-12,-8,-11,-9,-11,-9,-10,-9,-10,-10,-10,-10,-10,-10,-10,-10,-10,-10,-11,-10,-11,-10,-12,-9,-12,-9,-12,-8,-12,-7,-12,-7,-12,-6,-12,-5,-12,0,0,0,0,0,0,0,0,0,0,0,0,0,0,0,0,0,0,0,0,0,0,-5,-8,-5,-9,-4,-10,-4,-10,-3,-11,-3,-12,-2,-12,-2,-12,-2,-12,-1,-12,-1,-12,-1,-12,-1,-12,-1,-12,-2,-12,-2,-12,-2,-12,-3,-12,-3,-12,-4,-13,-4,-12,-4,-13,-5,-13,-6,-13,-6,-13,-6,-13]"
2025-08-18 22:36:23.440568,CSI_DATA,2243,1a:00:00:00:00:00,-42,11,0,0,0,0,0,0,0,0,0,-94,0,1,0,382669650,0,31,0,128,0,"[0,0,13,3,13,3,13,3,13,2,13,2,12,2,12,1,13,1,12,0,12,0,13,-1,13,-1,13,-2,13,-2,13,-2,13,-2,14,-2,14,-1,14,-1,14,0,14,0,13,1,13,1,12,2,12,2,11,3,0,0,0,0,0,0,0,0,0,0,0,0,0,0,0,0,0,0,0,0,0,0,8,1,9,2,9,2,9,3,9,4,10,4,10,5,10,5,10,6,9,6,9,6,9,6,9,6,9,6,9,6,9,5,10,5,10,5,10,4,11,4,11,4,12,4,12,3,12,4,12,4,13,3]"
2025-08-18 22:36:23.622484,CSI_DATA,2244,1a:00:00:00:00:00,-42,11,0,0,0,0,0,0,0,0,0,-94,0,1,0,382870786,0,31,0,128,0,"[0,0,-10,10,-9,10,-9,10,-9,10,-8,11,-8,11,-8,11,-7,11,-7,11,-6,11,-6,11,-6,11,-5,12,-5,12,-5,12,-5,12,-6,13,-6,13,-6,13,-7,12,-7,12,-8,11,-8,11,-9,10,-9,9,-9,8,0,0,0,0,0,0,0,0,0,0,0,0,0,0,0,0,0,0,0,0,0,0,-5,7,-6,7,-7,7,-7,7,-8,7,-9,7,-10,7,-10,6,-10,6,-11,6,-11,6,-11,5,-11,5,-10,6,-10,6,-10,6,-10,6,-10,7,-10,7,-10,8,-10,8,-9,9,-10,9,-10,10,-10,10,-9,10]"
2025-08-18 22:36:24.019790,CSI_DATA,2245,1a:00:00:00:00:00,-42,11,0,0,0,0,0,0,0,0,0,-94,0,1,0,383071955,0,31,0,128,0,"[0,0,12,6,12,5,12,5,12,5,12,5,12,4,12,4,12,4,12,3,12,2,12,2,12,1,12,1,13,1,13,1,13,1,14,1,14,2,14,2,14,3,13,3,13,4,12,4,12,4,11,5,10,5,0,0,0,0,0,0,0,0,0,0,0,0,0,0,0,0,0,0,0,0,0,0,8,3,8,3,8,4,8,5,9,5,8,6,9,7,8,7,8,8,8,8,8,8,8,8,8,8,8,8,8,7,8,7,8,7,9,7,9,7,10,7,10,6,11,6,11,6,11,6,12,6,12,6]"
2025-08-18 22:36:24.026208,CSI_DATA,2246,1a:00:00:00:00:00,-42,11,0,0,0,0,0,0,0,0,0,-94,0,1,0,383273194,0,31,0,128,0,"[0,0,-12,9,-11,9,-11,9,-10,9,-10,9,-10,9,-10,9,-9,9,-9,9,-8,10,-8,10,-7,11,-7,11,-7,11,-7,11,-7,12,-8,12,-8,12,-9,11,-9,11,-9,10,-10,10,-10,9,-10,9,-10,8,-10,7,0,0,0,0,0,0,0,0,0,0,0,0,0,0,0,0,0,0,0,0,0,0,-6,6,-7,6,-8,6,-9,6,-9,6,-10,6,-11,5,-11,4,-11,4,-11,4,-11,4,-11,4,-11,4,-11,4,-11,4,-11,4,-11,5,-11,5,-11,6,-11,6,-11,7,-11,7,-11,7,-11,8,-11,9,-11,8]"
2025-08-18 22:36:24.227049,CSI_DATA,2247,1a:00:00:00:00:00,-42,11,0,0,0,0,0,0,0,0,0,-94,0,1,0,383474335,0,31,0,128,0,"[0,0,-13,-7,-13,-7,-13,-7,-13,-7,-13,-6,-13,-6,-13,-5,-13,-5,-13,-4,-13,-4,-13,-3,-13,-3,-13,-2,-14,-2,-14,-2,-15,-2,-15,-2,-15,-2,-15,-3,-15,-3,-14,-4,-14,-4,-13,-5,-13,-5,-12,-6,-12,-6,0,0,0,0,0,0,0,0,0,0,0,0,0,0,0,0,0,0,0,0,0,0,-9,-5,-9,-5,-9,-6,-9,-7,-9,-7,-9,-8,-9,-9,-9,-9,-8,-10,-8,-10,-8,-10,-7,-10,-8,-10,-8,-9,-8,-9,-8,-9,-9,-9,-9,-9,-10,-8,-10,-8,-11,-8,-11,-8,-12,-8,-12,-8,-12,-8,-12,-7]"
2025-08-18 22:36:24.421933,CSI_DATA,2248,1a:00:00:00:00:00,-42,11,0,0,0,0,0,0,0,0,0,-94,0,1,0,383675695,0,31,0,128,0,"[0,0,-3,14,-3,13,-3,13,-2,13,-2,13,-1,13,-1,13,0,13,0,12,1,12,1,12,2,13,2,13,2,12,2,13,2,13,2,14,2,14,2,14,1,14,0,13,0,13,-1,13,-1,13,-2,12,-3,12,0,0,0,0,0,0,0,0,0,0,0,0,0,0,0,0,0,0,0,0,0,0,-1,9,-2,9,-3,9,-3,9,-4,10,-4,10,-5,10,-5,10,-6,10,-6,10,-6,10,-6,10,-6,10,-6,10,-6,10,-6,10,-5,10,-5,11,-4,11,-4,11,-4,12,-4,12,-3,13,-3,13,-3,13,-3,13]"
2025-08-18 22:36:24.627299,CSI_DATA,2249,1a:00:00:00:00:00,-42,11,0,0,0,0,0,0,0,0,0,-94,0,1,0,383876772,0,31,0,128,0,"[0,0,9,11,8,10,8,11,9,10,9,10,9,10,9,9,10,9,9,8,10,7,10,7,11,7,11,7,11,7,11,7,12,7,12,8,12,8,12,8,11,9,10,9,10,10,9,10,9,10,7,10,7,10,0,0,0,0,0,0,0,0,0,0,0,0,0,0,0,0,0,0,0,0,0,0,6,6,7,7,6,7,6,8,6,8,6,9,5,10,5,10,4,11,4,11,4,11,4,11,4,11,4,11,4,11,4,11,5,10,5,10,6,11,6,10,7,10,7,10,7,10,8,11,8,11,9,11]"
2025-08-18 22:36:24.690178,CSI_DATA,2250,1a:00:00:00:00:00,-42,11,0,0,0,0,0,0,0,0,0,-94,0,1,0,383937532,0,42,0,128,0,"[0,0,-14,-4,-14,-4,-14,-4,-14,-4,-14,-3,-13,-3,-13,-3,-13,-2,-13,-2,-13,-1,-13,-1,-13,0,-14,0,-14,0,-14,1,-14,1,-15,0,-15,0,-15,-1,-15,-1,-15,-2,-14,-2,-14,-3,-13,-3,-13,-4,-12,-5,0,0,0,0,0,0,0,0,0,0,0,0,0,0,0,0,0,0,0,0,0,0,-10,-2,-10,-2,-10,-3,-10,-4,-11,-4,-11,-5,-11,-6,-11,-6,-11,-7,-10,-7,-10,-7,-10,-7,-10,-7,-10,-7,-10,-7,-10,-6,-11,-6,-11,-6,-12,-5,-12,-5,-12,-5,-13,-5,-13,-5,-13,-4,-14,-4,-14,-4]"
2025-08-18 22:36:24.752793,CSI_DATA,2251,1a:00:00:00:00:00,-42,11,0,0,0,0,0,0,0,0,0,-94,0,1,0,384004799,0,31,0,128,0,"[0,0,-11,10,-10,10,-10,10,-10,10,-10,10,-10,10,-9,10,-8,10,-8,10,-7,11,-7,11,-6,12,-6,12,-6,12,-6,12,-6,13,-7,13,-7,13,-8,13,-8,12,-9,12,-9,11,-9,10,-9,10,-9,9,-10,8,0,0,0,0,0,0,0,0,0,0,0,0,0,0,0,0,0,0,0,0,0,0,-6,7,-7,7,-8,7,-8,6,-9,6,-10,6,-11,6,-11,6,-11,5,-11,5,-12,5,-11,5,-11,5,-11,5,-11,5,-11,5,-11,6,-10,6,-11,7,-11,7,-11,7,-11,8,-10,9,-10,9,-11,9,-11,10]"
2025-08-18 22:36:24.971302,CSI_DATA,2252,1a:00:00:00:00:00,-42,11,0,0,0,0,0,0,0,0,0,-94,0,1,0,384205923,0,31,0,128,0,"[0,0,5,-14,4,-14,4,-14,4,-14,3,-15,3,-14,2,-14,2,-14,1,-13,0,-13,0,-14,0,-14,-1,-14,-1,-15,-1,-15,-1,-15,-1,-15,0,-16,0,-16,0,-16,1,-15,2,-15,2,-15,3,-14,3,-13,4,-13,0,0,0,0,0,0,0,0,0,0,0,0,0,0,0,0,0,0,0,0,0,0,2,-10,3,-10,3,-10,4,-10,5,-11,6,-11,6,-11,7,-10,7,-10,8,-10,8,-10,8,-10,8,-10,7,-10,7,-10,7,-10,6,-11,6,-11,6,-12,5,-12,5,-12,5,-13,5,-13,5,-14,5,-14,5,-14]"
2025-08-18 22:36:25.155246,CSI_DATA,2253,1a:00:00:00:00:00,-42,11,0,0,0,0,0,0,0,0,0,-94,0,1,0,384407102,0,31,0,128,0,"[0,0,-12,8,-12,8,-11,8,-11,8,-10,8,-10,9,-10,8,-10,9,-9,9,-9,10,-9,10,-8,10,-8,10,-8,10,-8,11,-8,11,-9,11,-9,11,-9,11,-10,11,-10,10,-10,10,-10,9,-10,8,-11,7,-11,6,0,0,0,0,0,0,0,0,0,0,0,0,0,0,0,0,0,0,0,0,0,0,-7,6,-8,5,-9,5,-9,5,-10,5,-10,4,-11,4,-11,4,-12,4,-12,3,-12,3,-12,3,-12,3,-11,3,-11,3,-12,4,-11,4,-11,4,-11,5,-11,6,-11,6,-11,6,-12,7,-12,7,-12,7,-11,7]"
2025-08-18 22:36:25.357767,CSI_DATA,2254,1a:00:00:00:00:00,-42,11,0,0,0,0,0,0,0,0,0,-94,0,1,0,384608222,0,31,0,128,0,"[0,0,4,-14,3,-14,3,-14,3,-14,3,-14,2,-14,2,-14,1,-14,1,-14,0,-14,0,-14,-1,-14,-1,-14,-2,-14,-2,-14,-2,-15,-2,-15,-1,-15,-1,-15,0,-15,0,-15,1,-15,2,-14,2,-14,3,-13,3,-13,0,0,0,0,0,0,0,0,0,0,0,0,0,0,0,0,0,0,0,0,0,0,1,-10,2,-10,3,-10,3,-10,4,-11,5,-11,5,-11,6,-11,6,-11,7,-10,7,-10,7,-10,7,-10,7,-10,6,-10,6,-10,6,-11,5,-11,5,-12,5,-12,5,-12,4,-13,4,-13,4,-14,4,-14,4,-14]"
2025-08-18 22:36:25.553306,CSI_DATA,2255,1a:00:00:00:00:00,-42,11,0,0,0,0,0,0,0,0,0,-94,0,1,0,384809641,0,31,0,128,0,"[0,0,4,13,4,13,4,12,5,12,5,12,5,11,5,11,6,11,6,11,7,10,7,10,8,10,8,10,8,10,9,10,9,10,8,10,8,11,8,11,8,11,7,11,7,12,6,12,5,12,4,11,3,11,0,0,0,0,0,0,0,0,0,0,0,0,0,0,0,0,0,0,0,0,0,0,3,8,3,8,2,9,2,10,2,10,1,11,1,11,0,11,0,11,-1,11,-1,11,-1,11,-1,11,0,11,0,11,0,11,1,11,1,11,2,11,2,12,2,12,3,12,3,12,3,12,4,13,4,13]"
2025-08-18 22:36:25.759166,CSI_DATA,2256,1a:00:00:00:00:00,-42,11,0,0,0,0,0,0,0,0,0,-94,0,1,0,385010687,0,31,0,128,0,"[0,0,-14,4,-14,5,-13,5,-13,5,-13,5,-13,5,-12,6,-12,6,-12,6,-11,7,-11,8,-11,8,-11,8,-11,8,-11,9,-11,9,-11,9,-12,9,-12,8,-12,8,-13,7,-13,6,-13,6,-13,5,-12,4,-12,3,0,0,0,0,0,0,0,0,0,0,0,0,0,0,0,0,0,0,0,0,0,0,-8,4,-9,4,-10,3,-10,3,-11,3,-11,2,-12,1,-12,1,-12,1,-12,0,-12,0,-12,0,-12,0,-12,0,-12,0,-12,1,-12,1,-12,2,-12,2,-12,3,-13,3,-13,3,-13,4,-13,4,-14,4,-13,5]"
2025-08-18 22:36:25.960093,CSI_DATA,2257,1a:00:00:00:00:00,-42,11,0,0,0,0,0,0,0,0,0,-94,0,1,0,385211882,0,31,0,128,0,"[0,0,11,-9,10,-9,10,-9,10,-10,10,-10,9,-10,9,-10,8,-10,8,-10,7,-11,7,-11,7,-12,7,-12,6,-12,7,-12,7,-12,7,-13,7,-13,7,-13,8,-12,8,-12,8,-11,9,-11,9,-10,9,-9,9,-8,0,0,0,0,0,0,0,0,0,0,0,0,0,0,0,0,0,0,0,0,0,0,6,-7,7,-7,8,-6,8,-6,9,-6,9,-6,10,-5,10,-5,11,-5,11,-4,11,-4,11,-4,11,-4,11,-4,10,-4,10,-5,10,-5,10,-6,10,-6,10,-7,10,-7,10,-8,10,-8,10,-8,11,-9,11,-9]"
2025-08-18 22:36:26.175246,CSI_DATA,2258,1a:00:00:00:00:00,-42,11,0,0,0,0,0,0,0,0,0,-94,0,1,0,385413100,0,31,0,128,0,"[0,0,-3,14,-3,14,-3,14,-2,14,-2,14,-2,14,-2,13,-1,13,-1,13,0,13,1,13,1,13,2,13,2,13,2,14,2,14,2,14,1,15,1,15,1,14,0,14,-1,14,-2,13,-2,13,-3,12,-3,12,0,0,0,0,0,0,0,0,0,0,0,0,0,0,0,0,0,0,0,0,0,0,-1,9,-2,9,-3,10,-3,10,-4,10,-5,10,-5,11,-6,10,-6,10,-7,10,-7,10,-7,10,-7,10,-6,10,-6,10,-6,10,-6,10,-5,11,-5,11,-5,12,-4,12,-4,12,-4,13,-4,13,-3,13,-3,14]"
2025-08-18 22:36:26.217985,CSI_DATA,2259,1a:00:00:00:00:00,-42,11,0,0,0,0,0,0,0,0,0,-94,0,1,0,385473881,0,42,0,128,0,"[0,0,3,13,4,13,3,13,4,13,4,12,4,12,5,12,5,12,5,11,6,11,6,10,7,10,7,10,7,11,8,10,8,11,8,11,8,11,7,12,7,12,6,12,6,12,5,12,4,12,3,12,3,12,0,0,0,0,0,0,0,0,0,0,0,0,0,0,0,0,0,0,0,0,0,0,3,8,2,9,2,9,1,10,1,10,1,11,0,11,-1,11,-1,11,-1,11,-1,11,-2,11,-1,11,-1,11,-1,11,-1,11,0,11,0,11,1,11,1,12,1,12,2,12,2,12,3,12,3,13,3,13]"
2025-08-18 22:36:26.287172,CSI_DATA,2260,1a:00:00:00:00:00,-42,11,0,0,0,0,0,0,0,0,0,-94,0,1,0,385540553,0,31,0,128,0,"[0,0,-3,13,-3,13,-2,13,-2,13,-2,13,-1,13,-1,13,0,13,0,12,0,13,1,12,1,13,2,13,2,12,2,13,2,13,2,14,2,13,1,14,1,14,0,14,-1,13,-1,13,-2,13,-3,12,-3,12,0,0,0,0,0,0,0,0,0,0,0,0,0,0,0,0,0,0,0,0,0,0,-1,9,-1,9,-2,10,-3,9,-3,10,-4,10,-5,10,-5,10,-6,10,-6,10,-6,10,-6,10,-6,10,-6,10,-6,10,-6,10,-5,10,-5,11,-4,11,-4,12,-4,12,-4,12,-3,13,-3,13,-3,13,-3,13]"
2025-08-18 22:36:26.504681,CSI_DATA,2261,1a:00:00:00:00:00,-42,11,0,0,0,0,0,0,0,0,0,-94,0,1,0,385741656,0,31,0,128,0,"[0,0,-2,-15,-3,-14,-3,-15,-3,-14,-3,-14,-3,-14,-4,-14,-4,-14,-5,-13,-5,-13,-6,-13,-6,-13,-7,-13,-7,-13,-7,-13,-7,-13,-7,-13,-7,-14,-6,-14,-6,-14,-5,-14,-4,-15,-4,-14,-3,-14,-3,-13,-2,-13,0,0,0,0,0,0,0,0,0,0,0,0,0,0,0,0,0,0,0,0,0,0,-3,-9,-3,-10,-2,-11,-1,-11,-1,-12,0,-12,1,-12,1,-12,1,-13,1,-12,1,-13,2,-12,2,-12,1,-12,1,-12,1,-12,0,-13,0,-13,0,-13,0,-13,-1,-13,-1,-14,-2,-14,-2,-14,-2,-14,-3,-15]"
2025-08-18 22:36:26.692732,CSI_DATA,2262,1a:00:00:00:00:00,-42,11,0,0,0,0,0,0,0,0,0,-94,0,1,0,385942969,0,31,0,128,0,"[0,0,-10,10,-9,10,-9,10,-9,10,-9,11,-8,10,-8,11,-7,11,-7,11,-6,11,-6,11,-5,12,-5,12,-5,12,-5,13,-5,13,-5,13,-6,13,-6,13,-6,12,-7,12,-7,12,-8,11,-8,11,-8,10,-9,9,0,0,0,0,0,0,0,0,0,0,0,0,0,0,0,0,0,0,0,0,0,0,-6,7,-7,7,-7,7,-8,6,-9,6,-9,6,-10,6,-10,6,-11,5,-11,5,-11,5,-11,5,-11,5,-11,5,-10,5,-10,6,-10,6,-10,6,-10,7,-10,8,-10,8,-10,8,-10,9,-10,10,-10,10,-10,10]"
2025-08-18 22:36:27.095462,CSI_DATA,2263,1a:00:00:00:00:00,-42,11,0,0,0,0,0,0,0,0,0,-94,0,1,0,386144094,0,31,0,128,0,"[0,0,10,9,10,8,10,8,10,8,11,7,10,7,11,7,11,6,11,6,11,5,11,5,12,4,12,4,12,4,13,4,13,4,13,4,13,5,13,5,12,5,12,6,12,6,11,7,10,7,10,7,9,7,0,0,0,0,0,0,0,0,0,0,0,0,0,0,0,0,0,0,0,0,0,0,7,5,7,5,7,6,7,7,7,7,7,8,6,9,6,9,6,10,5,10,5,10,5,10,5,10,5,9,6,9,6,9,6,9,7,9,7,9,8,9,8,9,9,9,9,9,10,9,10,9,10,9]"
2025-08-18 22:36:27.102692,CSI_DATA,2264,1a:00:00:00:00:00,-42,11,0,0,0,0,0,0,0,0,0,-94,0,1,0,386345327,0,31,0,128,0,"[0,0,-3,-14,-3,-14,-3,-14,-3,-14,-4,-14,-4,-13,-4,-13,-5,-13,-5,-12,-6,-12,-6,-13,-6,-12,-7,-12,-7,-12,-8,-12,-8,-13,-8,-13,-7,-13,-7,-13,-7,-13,-6,-14,-5,-13,-4,-13,-4,-13,-3,-13,-2,-13,0,0,0,0,0,0,0,0,0,0,0,0,0,0,0,0,0,0,0,0,0,0,-2,-9,-2,-10,-1,-10,-1,-11,0,-11,0,-12,1,-12,1,-12,2,-12,2,-12,2,-12,3,-12,2,-12,2,-12,2,-12,1,-12,1,-12,0,-12,0,-13,-1,-13,-1,-13,-1,-14,-1,-13,-2,-14,-2,-14,-2,-14]"
2025-08-18 22:36:27.295132,CSI_DATA,2265,1a:00:00:00:00:00,-42,11,0,0,0,0,0,0,0,0,0,-94,0,1,0,386546460,0,31,0,128,0,"[0,0,4,-14,4,-14,4,-14,3,-14,3,-14,3,-13,2,-13,2,-13,1,-13,1,-13,0,-13,-1,-14,-1,-14,-1,-14,-1,-14,-1,-14,-1,-14,0,-15,0,-15,1,-15,1,-14,2,-14,2,-14,2,-13,3,-13,4,-12,0,0,0,0,0,0,0,0,0,0,0,0,0,0,0,0,0,0,0,0,0,0,2,-9,2,-10,3,-10,4,-10,4,-10,5,-10,6,-10,6,-10,7,-10,7,-10,7,-10,7,-9,7,-10,7,-10,7,-10,6,-10,6,-10,5,-11,5,-11,5,-11,5,-12,5,-12,4,-13,4,-13,4,-13,4,-14]"
2025-08-18 22:36:27.496839,CSI_DATA,2266,1a:00:00:00:00:00,-42,11,0,0,0,0,0,0,0,0,0,-94,0,1,0,386747610,0,31,0,128,0,"[0,0,-15,1,-14,2,-15,2,-14,2,-14,3,-14,3,-13,3,-13,3,-13,4,-12,4,-12,5,-12,5,-12,6,-13,6,-12,6,-13,6,-13,6,-14,6,-14,5,-14,5,-14,4,-14,4,-13,3,-13,2,-13,2,-13,1,0,0,0,0,0,0,0,0,0,0,0,0,0,0,0,0,0,0,0,0,0,0,-9,2,-10,2,-10,1,-11,1,-11,0,-12,0,-12,-1,-12,-1,-12,-2,-12,-2,-12,-3,-12,-3,-12,-2,-12,-2,-12,-2,-12,-2,-12,-1,-12,-1,-13,-1,-13,0,-13,0,-13,0,-14,1,-14,1,-14,1,-14,2]"
2025-08-18 22:36:27.698890,CSI_DATA,2267,1a:00:00:00:00:00,-42,11,0,0,0,0,0,0,0,0,0,-94,0,1,0,386948761,0,31,0,128,0,"[0,0,-15,1,-15,2,-15,2,-15,2,-15,3,-14,3,-14,3,-14,4,-14,4,-13,5,-13,5,-13,6,-13,6,-13,6,-13,7,-13,7,-14,7,-14,6,-14,6,-15,6,-15,5,-14,4,-14,4,-14,3,-14,2,-14,1,0,0,0,0,0,0,0,0,0,0,0,0,0,0,0,0,0,0,0,0,0,0,-10,2,-10,1,-11,1,-11,0,-12,0,-12,-1,-13,-1,-13,-2,-13,-3,-13,-3,-13,-3,-13,-3,-13,-3,-13,-3,-13,-3,-13,-2,-13,-2,-13,-1,-13,-1,-14,0,-14,0,-14,0,-15,1,-15,1,-15,1,-15,1]"
2025-08-18 22:36:27.762842,CSI_DATA,2268,1a:00:00:00:00:00,-42,11,0,0,0,0,0,0,0,0,0,-94,0,1,0,387009492,0,42,0,128,0,"[0,0,-7,-13,-8,-13,-7,-13,-8,-12,-8,-12,-8,-12,-8,-11,-9,-11,-9,-10,-9,-10,-10,-10,-10,-10,-10,-9,-11,-9,-11,-9,-11,-9,-11,-10,-11,-10,-11,-10,-11,-10,-10,-11,-9,-11,-9,-11,-8,-11,-7,-11,-6,-11,0,0,0,0,0,0,0,0,0,0,0,0,0,0,0,0,0,0,0,0,0,0,-5,-8,-5,-9,-5,-9,-5,-10,-4,-11,-4,-11,-3,-12,-3,-12,-3,-12,-2,-12,-2,-12,-2,-12,-2,-12,-2,-12,-3,-12,-3,-12,-3,-12,-4,-12,-4,-12,-5,-12,-5,-12,-6,-12,-6,-12,-6,-13,-6,-13,-7,-13]"
2025-08-18 22:36:27.824847,CSI_DATA,2269,1a:00:00:00:00:00,-42,11,0,0,0,0,0,0,0,0,0,-94,0,1,0,387076701,0,31,0,128,0,"[0,0,5,-14,5,-14,4,-14,4,-14,4,-14,3,-14,3,-14,2,-14,2,-14,1,-14,1,-14,0,-14,0,-14,0,-15,-1,-15,0,-15,0,-15,0,-15,1,-16,1,-15,1,-15,2,-15,3,-14,3,-14,4,-13,5,-12,0,0,0,0,0,0,0,0,0,0,0,0,0,0,0,0,0,0,0,0,0,0,2,-10,3,-10,3,-10,4,-10,5,-11,5,-11,6,-11,6,-11,7,-10,7,-10,7,-10,8,-9,7,-10,7,-10,7,-10,7,-10,6,-10,6,-11,6,-11,6,-12,5,-12,5,-13,5,-13,5,-13,5,-13,5,-14]"
2025-08-18 22:36:28.027975,CSI_DATA,2270,1a:00:00:00:00:00,-42,11,0,0,0,0,0,0,0,0,0,-94,0,1,0,387277837,0,31,0,128,0,"[0,0,-15,0,-14,0,-14,0,-14,1,-14,1,-14,1,-13,2,-13,2,-13,2,-13,3,-13,3,-13,4,-13,4,-13,5,-13,5,-13,5,-14,5,-14,5,-14,4,-14,4,-14,3,-14,2,-14,1,-13,1,-13,0,-13,-1,0,0,0,0,0,0,0,0,0,0,0,0,0,0,0,0,0,0,0,0,0,0,-10,1,-10,1,-11,0,-11,0,-11,-1,-12,-2,-12,-2,-12,-3,-12,-3,-12,-4,-12,-4,-12,-4,-12,-4,-12,-4,-12,-3,-12,-3,-12,-3,-12,-2,-13,-2,-13,-1,-13,-1,-13,-1,-14,0,-14,0,-14,0,-14,0]"
2025-08-18 22:36:28.234105,CSI_DATA,2271,1a:00:00:00:00:00,-42,11,0,0,0,0,0,0,0,0,0,-94,0,1,0,387478974,0,31,0,128,0,"[0,0,-2,14,-1,13,-1,13,-1,13,0,13,0,13,0,13,1,13,1,12,2,12,2,12,3,12,3,12,3,12,4,13,4,13,3,13,3,13,3,14,2,13,2,13,1,13,0,13,0,13,-1,12,-2,12,0,0,0,0,0,0,0,0,0,0,0,0,0,0,0,0,0,0,0,0,0,0,0,9,-1,9,-1,9,-2,10,-3,10,-3,10,-4,11,-4,11,-5,11,-5,10,-6,10,-6,10,-5,10,-5,10,-5,10,-5,10,-4,10,-4,11,-3,11,-3,12,-3,12,-2,12,-2,13,-2,13,-2,13,-2,13]"
2025-08-18 22:36:28.426923,CSI_DATA,2272,1a:00:00:00:00:00,-42,11,0,0,0,0,0,0,0,0,0,-94,0,1,0,387680118,0,31,0,128,0,"[0,0,7,-12,7,-12,7,-13,6,-12,6,-13,6,-13,5,-13,4,-13,4,-12,3,-13,3,-13,2,-13,2,-14,2,-14,2,-14,2,-14,2,-14,3,-15,3,-15,3,-14,4,-14,5,-13,5,-13,5,-12,5,-12,6,-11,0,0,0,0,0,0,0,0,0,0,0,0,0,0,0,0,0,0,0,0,0,0,4,-9,4,-9,5,-9,6,-9,6,-9,7,-9,8,-8,8,-8,9,-8,9,-8,9,-8,9,-7,9,-8,9,-8,9,-8,8,-8,8,-9,7,-9,8,-10,7,-10,7,-10,7,-11,7,-11,7,-12,7,-12,7,-12]"
2025-08-18 22:36:28.627376,CSI_DATA,2273,1a:00:00:00:00:00,-42,11,0,0,0,0,0,0,0,0,0,-94,0,1,0,387881287,0,31,0,128,0,"[0,0,14,-1,13,-2,13,-2,13,-2,13,-3,13,-3,12,-3,12,-4,12,-4,12,-5,12,-5,11,-6,11,-6,12,-6,12,-7,12,-7,12,-6,13,-6,13,-6,13,-5,13,-5,13,-4,13,-4,12,-3,12,-2,12,-1,0,0,0,0,0,0,0,0,0,0,0,0,0,0,0,0,0,0,0,0,0,0,9,-2,9,-2,9,-1,10,-1,10,0,11,1,11,1,11,2,11,2,11,3,11,3,11,3,11,2,11,2,11,2,11,2,11,1,11,1,11,0,12,0,12,0,12,-1,13,-1,13,-1,13,-1,13,-1]"
2025-08-18 22:36:28.829813,CSI_DATA,2274,1a:00:00:00:00:00,-42,11,0,0,0,0,0,0,0,0,0,-94,0,1,0,388082446,0,31,0,128,0,"[0,0,9,-12,9,-12,8,-12,8,-12,8,-13,7,-12,7,-12,7,-13,6,-13,5,-13,5,-13,5,-13,5,-14,5,-14,4,-14,4,-14,5,-15,5,-15,6,-15,6,-14,7,-14,7,-13,7,-12,8,-12,8,-11,9,-10,0,0,0,0,0,0,0,0,0,0,0,0,0,0,0,0,0,0,0,0,0,0,5,-9,5,-9,6,-9,7,-9,7,-8,9,-9,9,-8,9,-8,10,-8,10,-7,10,-7,10,-7,11,-7,10,-7,10,-7,9,-8,9,-8,9,-9,9,-9,9,-10,9,-10,9,-11,9,-11,9,-11,9,-11,10,-12]"
2025-08-18 22:36:29.034467,CSI_DATA,2275,1a:00:00:00:00:00,-42,11,0,0,0,0,0,0,0,0,0,-94,0,1,0,388283835,0,31,0,128,0,"[0,0,1,-14,0,-14,0,-14,0,-14,0,-14,-1,-14,-1,-14,-2,-14,-2,-13,-3,-13,-3,-13,-4,-13,-4,-13,-4,-14,-4,-14,-5,-14,-4,-14,-4,-14,-4,-15,-3,-15,-3,-14,-2,-14,-1,-14,-1,-14,0,-13,1,-13,0,0,0,0,0,0,0,0,0,0,0,0,0,0,0,0,0,0,0,0,0,0,-1,-10,0,-10,1,-10,1,-11,2,-11,3,-11,3,-11,4,-11,4,-11,4,-11,5,-11,5,-11,4,-11,4,-11,4,-11,4,-11,3,-12,3,-12,3,-12,3,-13,2,-13,2,-13,1,-14,1,-14,1,-14,1,-14]"
2025-08-18 22:36:29.234234,CSI_DATA,2276,1a:00:00:00:00:00,-42,11,0,0,0,0,0,0,0,0,0,-94,0,1,0,388486073,0,31,0,128,0,"[0,0,10,-9,10,-10,10,-9,10,-10,9,-10,9,-10,8,-10,8,-10,8,-11,7,-11,7,-11,6,-12,6,-12,6,-12,6,-13,6,-12,7,-13,7,-13,7,-13,8,-12,8,-12,8,-11,9,-11,9,-10,9,-9,9,-8,0,0,0,0,0,0,0,0,0,0,0,0,0,0,0,0,0,0,0,0,0,0,6,-7,7,-7,8,-6,8,-6,9,-6,9,-5,10,-5,10,-5,11,-5,11,-4,11,-4,11,-4,11,-4,11,-4,10,-4,10,-5,10,-5,10,-6,10,-6,10,-7,10,-7,10,-8,10,-8,10,-9,11,-9,10,-9]"
2025-08-18 22:36:29.292048,CSI_DATA,2277,1a:00:00:00:00:00,-42,11,0,0,0,0,0,0,0,0,0,-94,0,1,0,388545672,0,42,0,128,0,"[0,0,9,-11,8,-11,8,-11,8,-11,7,-12,7,-11,6,-12,6,-12,6,-12,5,-12,5,-12,4,-13,4,-13,4,-13,4,-13,4,-14,4,-14,5,-14,5,-14,6,-13,6,-13,7,-13,7,-12,7,-11,7,-10,8,-10,0,0,0,0,0,0,0,0,0,0,0,0,0,0,0,0,0,0,0,0,0,0,4,-8,5,-8,6,-8,7,-8,7,-8,8,-8,8,-8,9,-7,9,-7,9,-7,10,-7,10,-7,9,-7,9,-7,9,-7,9,-7,9,-8,9,-8,8,-9,8,-9,8,-9,8,-10,8,-10,8,-11,8,-11,8,-11]"
2025-08-18 22:36:29.366254,CSI_DATA,2278,1a:00:00:00:00:00,-42,11,0,0,0,0,0,0,0,0,0,-94,0,1,0,388612525,0,31,0,128,0,"[0,0,-12,-10,-12,-9,-12,-9,-12,-9,-13,-9,-13,-8,-13,-8,-13,-7,-13,-6,-13,-6,-13,-6,-13,-5,-14,-5,-14,-5,-14,-4,-15,-5,-15,-5,-15,-6,-15,-6,-15,-6,-14,-7,-13,-7,-13,-8,-12,-8,-11,-8,-11,-9,0,0,0,0,0,0,0,0,0,0,0,0,0,0,0,0,0,0,0,0,0,0,-9,-6,-9,-6,-9,-7,-9,-8,-9,-8,-8,-10,-8,-10,-8,-11,-8,-11,-7,-11,-7,-11,-7,-11,-7,-11,-7,-11,-7,-11,-8,-10,-8,-10,-9,-10,-9,-10,-10,-10,-10,-10,-11,-10,-11,-10,-12,-10,-12,-10,-12,-10]"
2025-08-18 22:36:29.563610,CSI_DATA,2279,1a:00:00:00:00:00,-42,11,0,0,0,0,0,0,0,0,0,-94,0,1,0,388813592,0,31,0,128,0,"[0,0,-15,2,-15,2,-15,3,-15,3,-14,3,-14,4,-14,4,-13,5,-13,5,-13,6,-13,6,-13,6,-13,7,-12,7,-13,7,-13,7,-13,8,-14,7,-14,7,-14,7,-14,6,-14,5,-14,4,-14,4,-14,3,-14,2,0,0,0,0,0,0,0,0,0,0,0,0,0,0,0,0,0,0,0,0,0,0,-10,2,-10,2,-11,1,-11,0,-12,0,-12,-1,-13,-1,-13,-2,-13,-2,-13,-3,-13,-3,-13,-3,-13,-3,-13,-3,-13,-2,-13,-2,-13,-1,-13,-1,-13,0,-14,0,-14,1,-14,1,-15,2,-15,2,-15,2,-15,2]"
2025-08-18 22:36:29.755859,CSI_DATA,2280,1a:00:00:00:00:00,-42,11,0,0,0,0,0,0,0,0,0,-94,0,1,0,389014749,0,31,0,128,0,"[0,0,12,7,12,6,11,6,12,6,12,5,12,5,12,5,12,4,12,4,12,3,12,3,12,2,12,2,12,2,13,2,13,2,14,2,13,3,14,3,13,4,13,4,12,5,12,5,11,6,10,6,10,6,0,0,0,0,0,0,0,0,0,0,0,0,0,0,0,0,0,0,0,0,0,0,8,3,8,3,8,4,8,5,9,5,8,6,8,7,8,7,8,8,8,8,7,9,7,8,7,8,7,8,7,8,8,8,8,7,9,7,9,7,9,7,10,7,10,7,11,7,11,6,11,7,12,7]"
2025-08-18 22:36:29.967067,CSI_DATA,2281,1a:00:00:00:00:00,-42,11,0,0,0,0,0,0,0,0,0,-94,0,1,0,389216655,0,31,0,128,0,"[0,0,-16,-1,-15,0,-15,0,-15,0,-15,1,-15,1,-14,1,-14,2,-14,2,-14,3,-14,4,-13,4,-14,5,-14,5,-14,5,-14,5,-14,5,-15,5,-15,4,-15,4,-15,3,-15,2,-14,2,-14,1,-14,0,-14,0,0,0,0,0,0,0,0,0,0,0,0,0,0,0,0,0,0,0,0,0,0,0,-10,1,-10,0,-11,-1,-11,-1,-12,-2,-12,-3,-12,-3,-13,-4,-12,-4,-12,-4,-12,-5,-12,-5,-12,-5,-13,-4,-12,-4,-12,-4,-13,-3,-13,-3,-13,-3,-14,-2,-14,-2,-14,-2,-15,-1,-15,-1,-15,-1,-15,0]"
2025-08-18 22:36:30.158692,CSI_DATA,2282,1a:00:00:00:00:00,-42,11,0,0,0,0,0,0,0,0,0,-94,0,1,0,389417339,0,31,0,128,0,"[0,0,11,9,10,8,11,8,11,8,11,7,11,7,11,6,11,6,11,5,11,4,12,4,12,4,12,4,12,4,13,4,13,4,13,4,13,4,13,5,13,5,12,6,12,6,11,7,10,7,10,7,9,8,0,0,0,0,0,0,0,0,0,0,0,0,0,0,0,0,0,0,0,0,0,0,8,4,7,5,7,6,7,6,7,7,7,8,7,8,7,9,6,9,6,9,6,9,6,9,6,9,6,9,6,9,7,9,7,9,7,8,8,8,8,8,9,8,9,8,10,8,10,8,10,8,11,8]"
2025-08-18 22:36:30.365106,CSI_DATA,2283,1a:00:00:00:00:00,-42,11,0,0,0,0,0,0,0,0,0,-94,0,1,0,389618381,0,31,0,128,0,"[0,0,-4,14,-4,13,-3,14,-3,13,-3,14,-2,13,-2,13,-1,13,-1,13,0,13,0,13,1,13,1,13,1,14,1,13,2,14,1,14,1,14,0,14,0,14,-1,14,-1,14,-2,13,-2,13,-3,12,-4,12,0,0,0,0,0,0,0,0,0,0,0,0,0,0,0,0,0,0,0,0,0,0,-1,9,-2,9,-3,10,-3,10,-4,10,-5,10,-5,10,-6,10,-6,10,-7,10,-7,10,-7,10,-7,10,-7,10,-6,10,-6,10,-6,11,-5,10,-5,11,-5,12,-5,12,-4,12,-4,13,-4,13,-4,13,-4,14]"
2025-08-18 22:36:30.572940,CSI_DATA,2284,1a:00:00:00:00:00,-42,11,0,0,0,0,0,0,0,0,0,-94,0,1,0,389819539,0,31,0,128,0,"[0,0,-9,-12,-9,-12,-9,-11,-9,-11,-9,-11,-9,-11,-10,-10,-10,-9,-10,-9,-11,-8,-11,-8,-11,-8,-12,-7,-12,-8,-12,-8,-12,-8,-13,-8,-12,-8,-12,-9,-12,-9,-11,-9,-11,-10,-10,-10,-10,-10,-9,-10,-8,-10,0,0,0,0,0,0,0,0,0,0,0,0,0,0,0,0,0,0,0,0,0,0,-7,-7,-7,-8,-6,-9,-6,-9,-6,-10,-6,-11,-5,-11,-5,-11,-4,-12,-4,-12,-4,-12,-4,-12,-4,-12,-4,-12,-4,-11,-5,-11,-5,-11,-6,-11,-6,-11,-6,-11,-7,-11,-7,-12,-8,-11,-9,-11,-9,-11,-9,-11]"
2025-08-18 22:36:30.774219,CSI_DATA,2285,1a:00:00:00:00:00,-42,11,0,0,0,0,0,0,0,0,0,-94,0,1,0,390020669,0,31,0,128,0,"[0,0,-6,-13,-6,-13,-6,-13,-7,-13,-7,-13,-7,-12,-7,-12,-8,-11,-8,-11,-9,-10,-9,-10,-9,-10,-10,-10,-10,-10,-11,-10,-11,-10,-11,-10,-10,-11,-10,-11,-10,-11,-9,-11,-9,-12,-8,-12,-7,-12,-7,-11,-6,-12,0,0,0,0,0,0,0,0,0,0,0,0,0,0,0,0,0,0,0,0,0,0,-5,-9,-4,-9,-4,-10,-4,-10,-3,-11,-3,-11,-2,-12,-2,-12,-2,-12,-1,-12,-1,-12,-1,-12,-1,-12,-1,-12,-1,-12,-2,-12,-2,-12,-3,-12,-3,-12,-4,-12,-4,-12,-5,-13,-5,-13,-5,-13,-5,-13,-6,-13]"
2025-08-18 22:36:30.831635,CSI_DATA,2286,1a:00:00:00:00:00,-42,11,0,0,0,0,0,0,0,0,0,-94,0,1,0,390081472,0,42,0,128,0,"[0,0,-15,0,-16,1,-15,0,-15,1,-15,1,-15,1,-14,2,-14,2,-14,3,-14,3,-14,3,-13,4,-14,4,-13,5,-14,5,-14,5,-15,5,-14,5,-15,5,-15,4,-15,3,-15,3,-15,2,-15,1,-14,0,-14,-1,0,0,0,0,0,0,0,0,0,0,0,0,0,0,0,0,0,0,0,0,0,0,-10,1,-10,0,-11,0,-11,-1,-12,-1,-12,-2,-13,-3,-13,-3,-13,-3,-13,-4,-13,-5,-12,-5,-12,-4,-12,-4,-12,-4,-13,-4,-12,-3,-13,-3,-13,-2,-14,-2,-14,-1,-14,-1,-15,-1,-15,-1,-15,0,-15,0]"
2025-08-18 22:36:30.891242,CSI_DATA,2287,1a:00:00:00:00:00,-42,11,0,0,0,0,0,0,0,0,0,-94,0,1,0,390148792,0,31,0,128,0,"[0,0,8,11,8,11,8,10,9,10,9,10,9,10,9,9,9,9,10,8,10,7,10,7,11,7,11,7,11,7,12,7,12,7,12,7,12,7,12,8,11,8,11,9,10,9,9,9,9,9,8,9,8,10,0,0,0,0,0,0,0,0,0,0,0,0,0,0,0,0,0,0,0,0,0,0,6,7,6,7,5,8,5,8,5,9,5,10,4,11,4,11,4,11,3,11,3,11,3,11,3,11,3,11,4,11,4,11,4,10,5,10,5,10,6,11,6,11,7,11,7,11,8,11,8,11,8,11]"
2025-08-18 22:36:31.100165,CSI_DATA,2288,1a:00:00:00:00:00,-42,11,0,0,0,0,0,0,0,0,0,-94,0,1,0,390349948,0,31,0,128,0,"[0,0,1,-15,1,-15,1,-15,0,-14,-1,-15,-1,-14,-1,-14,-2,-14,-2,-14,-3,-13,-3,-14,-4,-13,-4,-14,-5,-14,-5,-14,-5,-14,-4,-14,-4,-15,-4,-15,-4,-15,-3,-15,-2,-14,-2,-14,-1,-14,0,-13,0,-13,0,0,0,0,0,0,0,0,0,0,0,0,0,0,0,0,0,0,0,0,0,0,0,-10,0,-10,1,-11,2,-11,2,-11,3,-12,4,-11,4,-12,5,-12,5,-11,5,-11,5,-11,5,-11,5,-11,4,-11,4,-11,4,-12,3,-12,3,-13,2,-13,2,-13,2,-14,2,-14,1,-14,1,-14,1,-15]"
2025-08-18 22:36:31.312990,CSI_DATA,2289,1a:00:00:00:00:00,-42,11,0,0,0,0,0,0,0,0,0,-94,0,1,0,390551290,0,31,0,128,0,"[0,0,-12,7,-12,8,-12,7,-12,8,-11,8,-11,8,-10,8,-10,8,-10,9,-9,9,-9,10,-8,10,-8,10,-8,11,-8,11,-8,11,-9,11,-9,11,-9,11,-10,10,-10,10,-10,9,-11,9,-10,8,-11,7,-11,6,0,0,0,0,0,0,0,0,0,0,0,0,0,0,0,0,0,0,0,0,0,0,-8,5,-8,5,-9,5,-9,4,-10,4,-11,4,-11,3,-12,3,-12,3,-12,2,-12,2,-12,2,-12,2,-12,3,-11,3,-12,3,-11,3,-12,4,-11,4,-12,5,-12,5,-12,6,-12,6,-12,7,-12,7,-12,7]"
2025-08-18 22:36:31.505699,CSI_DATA,2290,1a:00:00:00:00:00,-42,11,0,0,0,0,0,0,0,0,0,-94,0,1,0,390752379,0,31,0,128,0,"[0,0,-6,-14,-6,-13,-6,-13,-6,-13,-7,-13,-7,-12,-7,-12,-8,-11,-8,-11,-8,-11,-9,-11,-9,-10,-9,-11,-10,-10,-10,-10,-10,-10,-10,-11,-10,-11,-10,-11,-10,-11,-9,-12,-9,-12,-8,-12,-7,-12,-6,-12,-5,-12,0,0,0,0,0,0,0,0,0,0,0,0,0,0,0,0,0,0,0,0,0,0,-4,-9,-4,-9,-3,-10,-3,-10,-3,-11,-2,-12,-2,-12,-2,-12,-1,-12,-1,-12,0,-12,0,-12,0,-12,0,-12,-1,-12,-1,-12,-2,-12,-2,-12,-3,-13,-4,-13,-4,-12,-4,-13,-5,-13,-4,-13,-5,-14,-5,-13]"
2025-08-18 22:36:31.697263,CSI_DATA,2291,1a:00:00:00:00:00,-42,11,0,0,0,0,0,0,0,0,0,-94,0,1,0,390953535,0,31,0,128,0,"[0,0,12,7,11,6,11,6,12,6,12,5,12,5,12,5,12,4,12,4,12,3,12,3,12,2,12,2,13,2,13,2,13,2,14,2,14,2,14,3,14,3,13,4,13,4,12,5,11,5,11,5,10,6,0,0,0,0,0,0,0,0,0,0,0,0,0,0,0,0,0,0,0,0,0,0,8,3,8,4,8,5,8,5,8,6,8,6,8,7,8,8,8,8,7,8,7,9,7,9,7,8,7,8,7,8,8,8,8,8,8,7,9,7,9,7,10,7,10,7,11,7,11,6,11,7,12,7]"
2025-08-18 22:36:31.908335,CSI_DATA,2292,1a:00:00:00:00:00,-42,11,0,0,0,0,0,0,0,0,0,-94,0,1,0,391154667,0,31,0,128,0,"[0,0,-7,-13,-8,-12,-8,-12,-8,-12,-8,-12,-8,-11,-9,-11,-9,-11,-9,-10,-10,-9,-10,-9,-11,-9,-11,-9,-11,-9,-11,-9,-11,-9,-12,-9,-12,-10,-11,-10,-11,-10,-10,-11,-9,-11,-9,-11,-8,-11,-7,-11,-7,-11,0,0,0,0,0,0,0,0,0,0,0,0,0,0,0,0,0,0,0,0,0,0,-6,-8,-6,-8,-6,-9,-5,-10,-5,-10,-5,-11,-4,-12,-4,-12,-3,-12,-3,-12,-3,-12,-3,-12,-3,-12,-3,-12,-3,-12,-4,-11,-4,-11,-4,-11,-5,-12,-5,-12,-6,-12,-6,-12,-7,-12,-7,-12,-7,-12,-8,-12]"
2025-08-18 22:36:32.104974,CSI_DATA,2293,1a:00:00:00:00:00,-42,11,0,0,0,0,0,0,0,0,0,-94,0,1,0,391355911,0,31,0,128,0,"[0,0,-14,4,-14,4,-13,5,-13,5,-13,5,-13,5,-12,6,-12,6,-11,6,-11,7,-11,7,-11,8,-11,8,-11,9,-11,9,-11,9,-11,9,-12,9,-12,8,-12,8,-12,7,-12,7,-12,6,-12,6,-12,5,-12,4,0,0,0,0,0,0,0,0,0,0,0,0,0,0,0,0,0,0,0,0,0,0,-9,3,-9,3,-10,2,-11,2,-11,2,-11,1,-12,0,-12,0,-12,0,-12,-1,-12,-1,-12,-1,-12,-1,-12,-1,-12,0,-12,0,-12,1,-12,1,-12,2,-13,2,-13,2,-13,3,-13,3,-13,4,-14,4,-13,4]"
2025-08-18 22:36:32.310107,CSI_DATA,2294,1a:00:00:00:00:00,-42,11,0,0,0,0,0,0,0,0,0,-94,0,1,0,391557036,0,31,0,128,0,"[0,0,-3,-15,-4,-15,-4,-15,-4,-15,-5,-15,-5,-14,-5,-14,-6,-14,-6,-13,-7,-13,-7,-13,-7,-13,-8,-12,-9,-12,-9,-12,-9,-13,-9,-13,-9,-14,-9,-14,-8,-14,-7,-14,-7,-14,-5,-14,-5,-14,-4,-14,-3,-13,0,0,0,0,0,0,0,0,0,0,0,0,0,0,0,0,0,0,0,0,0,0,-3,-10,-3,-10,-2,-11,-2,-11,-1,-12,-1,-13,0,-13,0,-13,0,-13,2,-13,2,-13,2,-13,2,-13,1,-13,1,-13,1,-13,0,-13,0,-13,-1,-14,-1,-14,-2,-14,-2,-14,-3,-14,-3,-15,-3,-15,-3,-15]"
2025-08-18 22:36:32.365766,CSI_DATA,2295,1a:00:00:00:00:00,-42,11,0,0,0,0,0,0,0,0,0,-94,0,1,0,391617873,0,42,0,128,0,"[0,0,9,-12,9,-12,9,-12,8,-12,8,-12,7,-12,7,-13,7,-13,6,-13,5,-13,5,-13,5,-14,4,-14,4,-14,4,-14,4,-14,5,-15,5,-15,5,-15,6,-15,6,-14,6,-14,7,-13,7,-12,8,-11,8,-11,0,0,0,0,0,0,0,0,0,0,0,0,0,0,0,0,0,0,0,0,0,0,5,-8,6,-8,7,-9,7,-8,8,-8,9,-8,9,-8,10,-7,10,-7,11,-7,11,-6,11,-6,10,-7,10,-7,10,-7,10,-7,9,-8,10,-8,9,-9,9,-9,9,-10,9,-10,9,-11,9,-11,9,-11,9,-11]"
2025-08-18 22:36:32.426623,CSI_DATA,2296,1a:00:00:00:00:00,-42,11,0,0,0,0,0,0,0,0,0,-94,0,1,0,391684441,0,31,0,128,0,"[0,0,8,10,8,10,9,10,9,10,9,9,9,9,9,8,9,8,10,7,10,7,10,7,10,6,11,6,11,6,12,6,11,6,12,7,12,7,12,8,11,8,10,8,10,8,9,9,8,9,8,9,7,9,0,0,0,0,0,0,0,0,0,0,0,0,0,0,0,0,0,0,0,0,0,0,6,5,6,6,6,7,6,7,6,8,5,9,5,10,5,10,5,10,4,10,4,11,4,11,4,10,4,10,4,10,5,10,5,10,5,10,6,10,6,10,7,10,7,10,8,10,8,10,8,10,9,10]"
2025-08-18 22:36:32.634009,CSI_DATA,2297,1a:00:00:00:00:00,-42,11,0,0,0,0,0,0,0,0,0,-94,0,1,0,391885539,0,31,0,128,0,"[0,0,13,-6,12,-6,12,-6,11,-6,12,-7,11,-7,11,-7,11,-8,10,-8,10,-8,9,-9,9,-9,9,-10,9,-10,9,-10,10,-10,10,-10,10,-10,11,-10,11,-9,11,-9,11,-8,11,-7,11,-7,11,-6,11,-5,0,0,0,0,0,0,0,0,0,0,0,0,0,0,0,0,0,0,0,0,0,0,7,-5,8,-5,8,-4,9,-4,9,-4,10,-4,10,-3,11,-3,11,-2,11,-2,11,-2,11,-2,11,-2,11,-2,11,-2,10,-2,11,-3,11,-3,11,-4,11,-4,11,-4,12,-5,11,-5,12,-6,12,-6,12,-6]"
2025-08-18 22:36:32.842650,CSI_DATA,2298,1a:00:00:00:00:00,-42,11,0,0,0,0,0,0,0,0,0,-94,0,1,0,392086704,0,31,0,128,0,"[0,0,11,-9,10,-9,10,-9,10,-9,10,-10,9,-10,9,-10,8,-10,8,-10,7,-11,7,-11,7,-11,7,-12,7,-12,7,-12,7,-12,7,-13,7,-13,8,-12,8,-12,8,-11,9,-11,9,-10,9,-10,9,-9,9,-8,0,0,0,0,0,0,0,0,0,0,0,0,0,0,0,0,0,0,0,0,0,0,6,-7,7,-7,7,-6,8,-6,9,-6,10,-6,10,-5,10,-5,11,-5,11,-4,11,-4,11,-4,11,-4,11,-4,10,-5,10,-4,10,-5,10,-6,10,-6,10,-7,10,-7,10,-8,10,-8,10,-8,11,-9,10,-9]"
2025-08-18 22:36:33.035614,CSI_DATA,2299,1a:00:00:00:00:00,-42,11,0,0,0,0,0,0,0,0,0,-94,0,1,0,392287930,0,31,0,128,0,"[0,0,11,-9,10,-10,10,-9,10,-10,9,-10,9,-10,9,-10,8,-11,8,-11,7,-11,7,-11,6,-12,6,-12,6,-12,6,-13,6,-13,7,-13,7,-13,7,-13,8,-12,8,-12,8,-11,9,-11,9,-10,9,-9,9,-8,0,0,0,0,0,0,0,0,0,0,0,0,0,0,0,0,0,0,0,0,0,0,6,-7,7,-7,7,-7,8,-6,9,-6,9,-6,10,-5,10,-5,11,-5,11,-4,11,-4,11,-4,11,-4,10,-5,10,-5,10,-5,10,-5,10,-6,10,-6,10,-7,10,-7,10,-8,10,-8,10,-9,10,-9,10,-9]"
2025-08-18 22:36:33.235662,CSI_DATA,2300,1a:00:00:00:00:00,-42,11,0,0,0,0,0,0,0,0,0,-94,0,1,0,392489091,0,31,0,128,0,"[0,0,14,-3,13,-3,13,-3,13,-4,13,-4,12,-4,12,-5,12,-5,12,-5,11,-6,11,-6,11,-7,11,-7,11,-7,11,-7,12,-8,12,-7,12,-7,12,-7,13,-6,13,-6,12,-5,12,-4,12,-4,12,-3,12,-2,0,0,0,0,0,0,0,0,0,0,0,0,0,0,0,0,0,0,0,0,0,0,8,-3,9,-3,9,-2,10,-2,10,-1,11,-1,11,0,11,0,11,1,11,1,11,1,11,2,11,1,11,1,11,1,11,1,11,0,11,0,12,-1,12,-1,12,-2,12,-2,12,-2,13,-3,13,-3,13,-3]"
2025-08-18 22:36:33.443628,CSI_DATA,2301,1a:00:00:00:00:00,-42,11,0,0,0,0,0,0,0,0,0,-94,0,1,0,392690223,0,31,0,128,0,"[0,0,-8,-13,-8,-12,-8,-13,-7,-12,-9,-12,-8,-11,-8,-11,-9,-11,-9,-10,-10,-9,-10,-10,-10,-9,-11,-9,-11,-9,-11,-9,-12,-9,-11,-9,-12,-10,-11,-10,-10,-11,-10,-11,-9,-11,-9,-11,-8,-11,-8,-11,-7,-12,0,0,0,0,0,0,0,0,0,0,0,0,0,0,0,0,0,0,0,0,0,0,-6,-8,-6,-9,-5,-9,-5,-10,-4,-10,-4,-11,-4,-12,-3,-12,-3,-12,-3,-12,-3,-12,-3,-12,-3,-12,-3,-12,-3,-12,-3,-11,-4,-12,-4,-11,-5,-12,-5,-12,-5,-12,-6,-12,-7,-12,-7,-12,-7,-12,-7,-13]"
2025-08-18 22:36:33.639700,CSI_DATA,2302,1a:00:00:00:00:00,-42,11,0,0,0,0,0,0,0,0,0,-94,0,1,0,392891575,0,31,0,128,0,"[0,0,9,-10,9,-11,8,-11,9,-11,8,-11,8,-11,7,-11,7,-11,6,-11,6,-12,5,-12,5,-12,5,-13,5,-13,4,-13,5,-13,5,-14,6,-14,6,-13,7,-13,7,-12,7,-12,7,-12,7,-11,8,-10,8,-9,0,0,0,0,0,0,0,0,0,0,0,0,0,0,0,0,0,0,0,0,0,0,5,-8,6,-8,6,-8,7,-8,8,-8,8,-7,9,-7,9,-7,10,-6,10,-6,10,-6,10,-6,10,-6,10,-6,9,-6,9,-7,9,-7,9,-7,9,-8,9,-8,9,-9,9,-9,9,-10,9,-10,9,-10,9,-11]"
2025-08-18 22:36:33.834405,CSI_DATA,2303,1a:00:00:00:00:00,-42,11,0,0,0,0,0,0,0,0,0,-94,0,1,0,393092667,0,31,0,128,0,"[0,0,13,7,13,6,13,6,13,6,13,5,13,5,13,4,13,4,13,4,13,2,13,2,13,2,13,1,14,1,14,1,14,1,14,2,15,2,15,2,14,3,14,4,14,4,13,4,12,5,12,5,11,6,0,0,0,0,0,0,0,0,0,0,0,0,0,0,0,0,0,0,0,0,0,0,9,2,9,3,9,4,9,5,9,5,10,6,9,7,9,8,9,8,9,8,8,8,8,8,8,8,8,8,9,8,8,8,9,8,9,7,10,7,10,7,11,7,11,6,12,6,12,6,12,7,13,6]"
2025-08-18 22:36:33.900042,CSI_DATA,2304,1a:00:00:00:00:00,-42,11,0,0,0,0,0,0,0,0,0,-94,0,1,0,393153422,0,42,0,128,0,"[0,0,-8,13,-7,12,-8,13,-7,12,-7,13,-7,12,-6,12,-5,12,-5,12,-4,13,-3,13,-3,13,-3,14,-3,14,-3,13,-3,14,-3,14,-3,15,-4,14,-5,14,-5,14,-6,13,-6,13,-6,12,-7,12,-8,11,0,0,0,0,0,0,0,0,0,0,0,0,0,0,0,0,0,0,0,0,0,0,-4,8,-5,9,-6,9,-6,9,-7,9,-8,9,-9,9,-9,8,-10,8,-10,8,-10,8,-10,8,-10,8,-9,8,-10,8,-9,8,-9,9,-8,9,-9,10,-8,10,-8,10,-8,11,-8,11,-8,12,-8,13,-8,13]"
2025-08-18 22:36:33.972238,CSI_DATA,2305,1a:00:00:00:00:00,-42,11,0,0,0,0,0,0,0,0,0,-94,0,1,0,393221036,0,31,0,128,0,"[0,0,-1,-14,-2,-15,-2,-14,-2,-14,-2,-14,-3,-14,-3,-14,-3,-13,-4,-13,-5,-13,-4,-13,-5,-13,-5,-13,-6,-12,-6,-13,-6,-13,-6,-14,-6,-13,-6,-14,-6,-14,-5,-14,-4,-14,-3,-14,-2,-13,-2,-13,-1,-13,0,0,0,0,0,0,0,0,0,0,0,0,0,0,0,0,0,0,0,0,0,0,-1,-10,-1,-10,0,-11,0,-11,1,-11,1,-11,2,-12,2,-12,3,-12,3,-12,4,-12,4,-11,4,-11,3,-11,3,-11,3,-12,2,-12,2,-12,1,-12,1,-13,0,-13,0,-13,0,-14,0,-14,0,-14,-1,-14]"
2025-08-18 22:36:34.169072,CSI_DATA,2306,1a:00:00:00:00:00,-42,11,0,0,0,0,0,0,0,0,0,-94,0,1,0,393422129,0,31,0,128,0,"[0,0,-4,13,-4,13,-4,13,-4,13,-3,13,-3,13,-3,13,-2,13,-2,13,-1,13,-1,13,0,13,0,13,1,13,1,14,1,14,0,14,0,14,0,14,-1,14,-1,14,-2,14,-2,13,-3,13,-4,12,-4,11,0,0,0,0,0,0,0,0,0,0,0,0,0,0,0,0,0,0,0,0,0,0,-2,9,-3,9,-4,9,-4,9,-5,10,-6,10,-6,10,-7,10,-7,10,-8,9,-8,9,-8,9,-8,9,-8,9,-7,9,-7,9,-7,10,-6,10,-6,11,-6,11,-5,12,-5,12,-5,13,-5,13,-5,13,-5,13]"
2025-08-18 22:36:34.379820,CSI_DATA,2307,1a:00:00:00:00:00,-42,11,0,0,0,0,0,0,0,0,0,-94,0,1,0,393624985,0,31,0,128,0,"[0,0,-13,6,-13,6,-13,6,-12,6,-12,7,-12,7,-11,7,-11,7,-10,7,-10,8,-10,8,-10,9,-10,9,-9,9,-10,9,-10,10,-10,10,-11,10,-11,10,-11,9,-11,8,-12,8,-12,7,-12,6,-12,5,-12,5,0,0,0,0,0,0,0,0,0,0,0,0,0,0,0,0,0,0,0,0,0,0,-8,5,-9,4,-9,4,-10,4,-11,3,-11,3,-12,2,-12,2,-12,2,-12,1,-12,1,-12,1,-12,1,-12,1,-12,2,-12,2,-12,2,-12,3,-12,3,-12,4,-12,4,-12,4,-13,5,-13,5,-13,6,-13,6]"
2025-08-18 22:36:34.571301,CSI_DATA,2308,1a:00:00:00:00:00,-42,11,0,0,0,0,0,0,0,0,0,-94,0,1,0,393824441,0,31,0,128,0,"[0,0,-7,12,-7,12,-6,12,-6,12,-6,12,-5,12,-5,12,-4,12,-4,12,-3,12,-3,12,-2,12,-2,13,-2,13,-2,13,-2,13,-2,14,-3,14,-3,14,-3,13,-4,13,-4,13,-5,12,-5,12,-6,11,-7,10,0,0,0,0,0,0,0,0,0,0,0,0,0,0,0,0,0,0,0,0,0,0,-4,8,-4,8,-5,8,-6,8,-6,8,-7,9,-8,9,-8,8,-8,8,-9,8,-9,8,-9,7,-9,8,-9,8,-9,8,-8,8,-8,8,-8,9,-8,10,-7,10,-7,10,-7,11,-7,11,-7,12,-7,12,-7,12]"
2025-08-18 22:36:34.770281,CSI_DATA,2309,1a:00:00:00:00:00,-42,11,0,0,0,0,0,0,0,0,0,-94,0,1,0,394025815,0,31,0,128,0,"[0,0,13,2,13,1,13,1,13,1,13,0,13,0,13,0,13,-1,13,-1,12,-2,12,-2,12,-3,13,-3,13,-4,13,-4,13,-4,13,-4,14,-3,14,-3,14,-2,14,-2,13,-1,13,-1,13,0,12,1,12,1,0,0,0,0,0,0,0,0,0,0,0,0,0,0,0,0,0,0,0,0,0,0,9,0,9,1,9,1,10,2,10,3,10,3,10,4,10,4,10,5,10,5,10,5,10,5,10,5,10,5,10,5,10,4,10,4,10,3,11,3,11,3,12,3,12,2,13,2,13,2,13,2,13,1]"
2025-08-18 22:36:34.973709,CSI_DATA,2310,1a:00:00:00:00:00,-42,11,0,0,0,0,0,0,0,0,0,-94,0,1,0,394226924,0,31,0,128,0,"[0,0,7,-12,6,-13,6,-12,6,-13,5,-13,5,-13,5,-13,4,-13,4,-13,3,-13,3,-13,2,-13,2,-14,2,-14,2,-14,2,-14,2,-14,3,-14,3,-15,4,-14,4,-14,5,-14,5,-13,5,-12,6,-12,6,-11,0,0,0,0,0,0,0,0,0,0,0,0,0,0,0,0,0,0,0,0,0,0,3,-9,4,-9,5,-9,5,-9,6,-9,7,-9,8,-9,8,-9,8,-9,9,-8,8,-8,9,-8,8,-8,8,-8,8,-8,8,-8,8,-9,7,-9,7,-10,7,-10,7,-11,7,-11,7,-11,7,-12,7,-12,7,-12]"
2025-08-18 22:36:35.176321,CSI_DATA,2311,1a:00:00:00:00:00,-42,11,0,0,0,0,0,0,0,0,0,-94,0,1,0,394428161,0,31,0,128,0,"[0,0,-12,8,-11,8,-11,9,-11,8,-11,9,-10,9,-10,9,-10,9,-9,9,-8,9,-8,10,-7,10,-7,11,-8,11,-7,11,-8,12,-8,11,-8,12,-9,11,-9,11,-10,10,-10,10,-10,9,-10,9,-10,8,-11,7,0,0,0,0,0,0,0,0,0,0,0,0,0,0,0,0,0,0,0,0,0,0,-7,6,-8,6,-8,5,-9,5,-9,5,-10,5,-11,4,-11,4,-12,4,-11,3,-12,3,-12,3,-12,3,-11,4,-11,4,-11,4,-11,4,-11,5,-11,5,-11,6,-11,6,-11,7,-11,7,-11,8,-11,8,-11,8]"
2025-08-18 22:36:35.377129,CSI_DATA,2312,1a:00:00:00:00:00,-42,11,0,0,0,0,0,0,0,0,0,-94,0,1,0,394629271,0,31,0,128,0,"[0,0,-11,9,-11,9,-11,8,-11,9,-10,9,-10,9,-9,9,-9,10,-8,10,-8,10,-8,10,-8,11,-7,11,-7,11,-7,12,-7,12,-7,12,-8,12,-8,12,-9,12,-9,11,-9,10,-9,10,-10,9,-10,8,-10,7,0,0,0,0,0,0,0,0,0,0,0,0,0,0,0,0,0,0,0,0,0,0,-7,6,-8,6,-8,6,-9,5,-10,5,-10,5,-11,5,-11,4,-11,4,-12,4,-12,3,-12,3,-12,3,-11,3,-11,4,-11,4,-11,4,-11,5,-11,6,-11,6,-11,6,-11,7,-11,8,-11,8,-12,8,-11,8]"
2025-08-18 22:36:35.430615,CSI_DATA,2313,1a:00:00:00:00:00,-42,11,0,0,0,0,0,0,0,0,0,-94,0,1,0,394690035,0,42,0,128,0,"[0,0,11,9,11,8,11,8,11,8,11,7,11,7,11,6,12,6,12,5,12,5,12,5,12,4,13,4,13,4,13,4,13,4,14,4,13,4,13,5,13,5,13,6,12,6,11,7,11,7,10,7,9,8,0,0,0,0,0,0,0,0,0,0,0,0,0,0,0,0,0,0,0,0,0,0,8,4,8,5,8,6,8,6,8,7,8,8,8,8,7,9,7,9,7,9,6,9,6,9,7,9,7,9,7,9,7,9,7,9,8,8,8,8,9,8,9,8,10,8,10,8,10,8,11,8,11,8]"
2025-08-18 22:36:35.504894,CSI_DATA,2314,1a:00:00:00:00:00,-42,11,0,0,0,0,0,0,0,0,0,-94,0,1,0,394756354,0,31,0,128,0,"[0,0,-10,11,-10,11,-10,11,-9,11,-9,11,-9,11,-8,11,-8,12,-7,12,-6,12,-6,12,-5,13,-5,13,-5,13,-5,13,-6,14,-6,14,-6,14,-7,13,-7,13,-8,13,-8,12,-8,11,-8,11,-9,10,-9,9,0,0,0,0,0,0,0,0,0,0,0,0,0,0,0,0,0,0,0,0,0,0,-5,8,-6,8,-7,8,-8,8,-8,8,-9,8,-10,7,-10,7,-11,7,-11,7,-11,7,-11,6,-11,7,-11,7,-11,7,-10,7,-10,7,-10,8,-10,8,-10,9,-10,9,-10,9,-10,10,-10,11,-9,11,-10,11]"
2025-08-18 22:36:35.709618,CSI_DATA,2315,1a:00:00:00:00:00,-42,11,0,0,0,0,0,0,0,0,0,-94,0,1,0,394957434,0,31,0,128,0,"[0,0,-2,-15,-3,-15,-3,-15,-3,-14,-3,-14,-4,-14,-4,-14,-4,-13,-5,-13,-5,-13,-6,-13,-6,-13,-6,-13,-7,-13,-7,-13,-7,-13,-7,-13,-7,-14,-7,-14,-6,-14,-6,-14,-5,-14,-4,-14,-3,-14,-2,-14,-2,-13,0,0,0,0,0,0,0,0,0,0,0,0,0,0,0,0,0,0,0,0,0,0,-3,-9,-2,-10,-2,-11,-1,-11,-1,-12,0,-12,0,-12,1,-13,1,-13,2,-12,2,-12,2,-12,2,-12,2,-12,1,-13,1,-12,1,-12,0,-13,0,-13,-1,-13,-1,-13,-1,-14,-2,-14,-2,-14,-2,-15,-2,-15]"
2025-08-18 22:36:35.905719,CSI_DATA,2316,1a:00:00:00:00:00,-42,11,0,0,0,0,0,0,0,0,0,-94,0,1,0,395158749,0,31,0,128,0,"[0,0,14,-2,13,-3,13,-3,13,-3,13,-4,12,-4,12,-4,12,-4,12,-5,12,-6,11,-6,11,-7,11,-7,11,-7,11,-8,12,-8,12,-7,12,-7,12,-7,13,-6,13,-6,13,-5,12,-4,12,-4,12,-3,12,-2,0,0,0,0,0,0,0,0,0,0,0,0,0,0,0,0,0,0,0,0,0,0,8,-3,9,-2,9,-2,10,-1,11,-1,11,0,11,1,11,1,11,1,11,2,11,2,11,2,11,2,11,1,11,2,11,1,11,1,11,0,12,0,12,-1,12,-1,13,-1,13,-2,13,-2,13,-2,13,-2]"
2025-08-18 22:36:36.119871,CSI_DATA,2317,1a:00:00:00:00:00,-42,11,0,0,0,0,0,0,0,0,0,-94,0,1,0,395359975,0,31,0,128,0,"[0,0,4,-14,4,-14,4,-14,3,-13,3,-14,3,-13,2,-14,2,-14,1,-13,1,-13,0,-13,0,-14,0,-14,-1,-14,-1,-14,-1,-14,-1,-15,0,-15,0,-15,1,-15,1,-14,2,-14,2,-14,3,-13,3,-13,4,-12,0,0,0,0,0,0,0,0,0,0,0,0,0,0,0,0,0,0,0,0,0,0,1,-9,2,-10,3,-10,3,-10,4,-10,5,-10,5,-10,6,-10,7,-10,7,-10,7,-10,7,-10,7,-10,7,-10,6,-10,6,-10,6,-10,5,-11,5,-11,5,-12,5,-12,5,-13,5,-12,4,-13,4,-13,4,-14]"
2025-08-18 22:36:36.307031,CSI_DATA,2318,1a:00:00:00:00:00,-42,11,0,0,0,0,0,0,0,0,0,-94,0,1,0,395561078,0,31,0,128,0,"[0,0,-7,12,-6,12,-6,12,-6,12,-5,12,-5,12,-5,12,-4,12,-4,12,-3,12,-3,12,-2,12,-2,12,-2,13,-2,13,-1,13,-2,14,-2,14,-3,14,-3,14,-4,13,-4,13,-5,13,-5,12,-6,11,-6,10,0,0,0,0,0,0,0,0,0,0,0,0,0,0,0,0,0,0,0,0,0,0,-3,8,-4,8,-5,9,-6,9,-6,9,-7,8,-8,9,-8,8,-8,8,-9,8,-9,8,-9,8,-9,8,-9,8,-8,8,-8,8,-8,9,-8,9,-7,9,-7,10,-7,10,-7,11,-7,11,-7,12,-7,12,-7,12]"
2025-08-18 22:36:36.506388,CSI_DATA,2319,1a:00:00:00:00:00,-42,11,0,0,0,0,0,0,0,0,0,-94,0,1,0,395762235,0,31,0,128,0,"[0,0,14,3,13,2,13,2,13,1,13,1,13,1,13,1,13,0,12,0,12,-1,13,-2,12,-2,13,-2,13,-3,13,-3,13,-3,13,-3,14,-2,14,-2,14,-1,14,-1,13,0,13,1,13,1,12,2,12,2,0,0,0,0,0,0,0,0,0,0,0,0,0,0,0,0,0,0,0,0,0,0,8,0,9,0,9,1,10,2,10,2,10,3,10,4,10,5,10,5,10,5,10,5,10,5,10,5,10,5,10,5,10,5,10,4,10,4,11,4,11,3,12,3,12,3,12,3,13,2,13,2,13,2]"
2025-08-18 22:36:36.717298,CSI_DATA,2320,1a:00:00:00:00:00,-42,11,0,0,0,0,0,0,0,0,0,-94,0,1,0,395963408,0,31,0,128,0,"[0,0,-7,-13,-7,-13,-7,-13,-7,-13,-7,-12,-7,-12,-8,-12,-8,-11,-8,-11,-9,-10,-9,-10,-10,-10,-10,-10,-10,-10,-11,-10,-10,-10,-11,-11,-11,-10,-11,-11,-10,-11,-9,-11,-9,-12,-8,-12,-7,-12,-7,-11,-6,-12,0,0,0,0,0,0,0,0,0,0,0,0,0,0,0,0,0,0,0,0,0,0,-5,-8,-5,-9,-5,-10,-4,-10,-4,-11,-4,-11,-3,-12,-3,-12,-2,-12,-2,-12,-2,-12,-1,-12,-2,-12,-2,-12,-2,-12,-2,-12,-3,-12,-3,-12,-4,-12,-4,-12,-5,-12,-5,-12,-6,-12,-6,-13,-6,-13,-6,-13]"
2025-08-18 22:36:36.907142,CSI_DATA,2321,1a:00:00:00:00:00,-42,11,0,0,0,0,0,0,0,0,0,-94,0,1,0,396164553,0,31,0,128,0,"[0,0,13,4,12,4,13,4,13,3,13,3,12,3,12,2,13,2,12,1,12,0,12,0,12,0,13,-1,13,-1,13,-1,14,-1,13,0,14,-1,14,0,14,1,14,1,13,2,12,2,12,3,12,3,11,4,0,0,0,0,0,0,0,0,0,0,0,0,0,0,0,0,0,0,0,0,0,0,8,1,9,2,9,3,9,3,9,4,10,5,10,5,10,6,9,6,9,6,9,7,9,7,9,7,9,6,9,6,9,6,9,6,10,5,10,5,11,5,11,5,11,5,12,4,12,4,12,4,13,4]"
2025-08-18 22:36:36.995820,CSI_DATA,2322,1a:00:00:00:00:00,-42,11,0,0,0,0,0,0,0,0,0,-94,0,1,0,396225462,0,42,0,128,0,"[0,0,-9,-13,-9,-13,-9,-12,-9,-12,-9,-12,-9,-11,-10,-11,-10,-11,-10,-10,-11,-10,-11,-10,-11,-9,-11,-9,-12,-9,-13,-9,-12,-9,-13,-10,-12,-10,-13,-10,-12,-10,-12,-11,-10,-11,-10,-11,-9,-12,-8,-11,-8,-12,0,0,0,0,0,0,0,0,0,0,0,0,0,0,0,0,0,0,0,0,0,0,-7,-8,-6,-9,-6,-10,-6,-10,-6,-11,-5,-11,-5,-12,-4,-12,-4,-13,-4,-13,-3,-13,-3,-13,-3,-13,-4,-12,-4,-12,-4,-13,-5,-12,-5,-12,-5,-12,-6,-12,-6,-12,-7,-13,-8,-13,-8,-13,-8,-13,-8,-13]"
2025-08-18 22:36:37.043557,CSI_DATA,2323,1a:00:00:00:00:00,-42,11,0,0,0,0,0,0,0,0,0,-94,0,1,0,396293250,0,31,0,128,0,"[0,0,1,-15,0,-15,0,-15,0,-15,0,-15,-1,-15,-1,-15,-2,-14,-2,-14,-3,-14,-3,-14,-4,-14,-4,-14,-5,-15,-4,-14,-5,-15,-4,-15,-4,-16,-4,-16,-3,-16,-2,-15,-2,-15,-1,-15,-1,-14,0,-14,1,-14,0,0,0,0,0,0,0,0,0,0,0,0,0,0,0,0,0,0,0,0,0,0,-1,-10,0,-11,0,-11,1,-12,1,-11,2,-13,3,-12,4,-12,4,-12,4,-12,4,-12,4,-12,4,-12,4,-12,4,-12,4,-12,3,-13,3,-12,3,-13,2,-13,2,-14,2,-14,1,-14,1,-15,1,-15,1,-15]"
2025-08-18 22:36:37.237956,CSI_DATA,2324,1a:00:00:00:00:00,-42,11,0,0,0,0,0,0,0,0,0,-94,0,1,0,396494322,0,31,0,128,0,"[0,0,3,14,4,14,4,13,4,13,4,13,4,13,5,13,5,12,6,12,7,11,7,11,7,11,7,11,8,11,8,11,8,11,8,12,8,12,7,12,7,13,6,13,6,13,5,13,4,13,3,12,3,12,0,0,0,0,0,0,0,0,0,0,0,0,0,0,0,0,0,0,0,0,0,0,4,8,3,9,2,10,2,10,1,11,1,11,0,12,0,12,-1,12,-1,12,-1,12,-1,12,-1,12,-1,12,-1,12,-1,12,0,12,0,12,1,12,1,13,2,13,2,13,3,13,3,13,3,14,4,14]"
2025-08-18 22:36:37.436358,CSI_DATA,2325,1a:00:00:00:00:00,-42,11,0,0,0,0,0,0,0,0,0,-94,0,1,0,396695467,0,31,0,128,0,"[0,0,11,7,11,7,11,7,11,6,12,6,11,6,11,5,12,5,12,4,12,3,12,3,12,3,12,2,13,2,13,2,13,2,13,3,14,3,14,3,13,4,13,4,12,5,11,5,11,6,11,6,10,6,0,0,0,0,0,0,0,0,0,0,0,0,0,0,0,0,0,0,0,0,0,0,8,4,8,5,8,5,7,6,8,7,8,7,8,8,7,8,7,9,7,9,6,9,6,9,6,9,7,9,7,9,7,8,7,8,8,8,8,8,9,8,9,7,10,8,10,7,11,7,11,7,11,7]"
2025-08-18 22:36:37.653305,CSI_DATA,2326,1a:00:00:00:00:00,-42,11,0,0,0,0,0,0,0,0,0,-94,0,1,0,396896624,0,31,0,128,0,"[0,0,-4,-14,-5,-14,-5,-14,-5,-13,-5,-13,-6,-13,-6,-13,-6,-12,-6,-12,-7,-12,-7,-12,-8,-11,-8,-11,-8,-12,-9,-11,-9,-12,-9,-12,-9,-12,-8,-13,-8,-13,-7,-13,-6,-13,-6,-13,-5,-13,-4,-13,-3,-13,0,0,0,0,0,0,0,0,0,0,0,0,0,0,0,0,0,0,0,0,0,0,-4,-9,-4,-10,-3,-10,-3,-11,-3,-11,-2,-12,-2,-12,-1,-12,-1,-12,0,-12,0,-12,0,-12,0,-12,0,-12,0,-12,-1,-12,-1,-12,-2,-12,-2,-12,-3,-13,-3,-13,-3,-13,-4,-13,-4,-13,-4,-14,-4,-14]"
2025-08-18 22:36:37.845717,CSI_DATA,2327,1a:00:00:00:00:00,-42,11,0,0,0,0,0,0,0,0,0,-94,0,1,0,397097804,0,31,0,128,0,"[0,0,-13,6,-12,6,-12,7,-12,7,-12,7,-11,7,-11,7,-11,8,-10,8,-9,8,-10,9,-9,9,-9,10,-9,10,-9,10,-9,10,-9,10,-10,10,-10,10,-11,10,-11,9,-11,8,-11,8,-11,7,-11,6,-11,6,0,0,0,0,0,0,0,0,0,0,0,0,0,0,0,0,0,0,0,0,0,0,-8,5,-9,5,-9,4,-10,4,-10,4,-11,3,-11,3,-12,2,-12,2,-12,2,-12,2,-12,1,-12,2,-12,2,-12,2,-12,2,-12,3,-11,3,-12,4,-12,4,-12,4,-12,5,-12,5,-12,6,-12,6,-13,6]"
2025-08-18 22:36:38.053102,CSI_DATA,2328,1a:00:00:00:00:00,-42,11,0,0,0,0,0,0,0,0,0,-94,0,1,0,397299030,0,31,0,128,0,"[0,0,-6,-14,-6,-14,-6,-13,-6,-13,-7,-13,-7,-13,-7,-12,-7,-12,-8,-12,-8,-11,-9,-11,-9,-11,-9,-11,-10,-11,-10,-11,-10,-11,-10,-12,-10,-12,-10,-12,-9,-12,-8,-13,-8,-13,-7,-13,-6,-13,-6,-12,-4,-12,0,0,0,0,0,0,0,0,0,0,0,0,0,0,0,0,0,0,0,0,0,0,-5,-9,-5,-9,-5,-10,-4,-10,-4,-11,-3,-11,-3,-12,-2,-12,-2,-13,-2,-13,-1,-13,-1,-12,-2,-12,-2,-12,-2,-12,-2,-12,-3,-12,-3,-12,-3,-12,-4,-13,-4,-13,-5,-13,-5,-13,-6,-13,-6,-13,-6,-13]"
2025-08-18 22:36:38.254326,CSI_DATA,2329,1a:00:00:00:00:00,-42,11,0,0,0,0,0,0,0,0,0,-94,0,1,0,397500369,0,31,0,128,0,"[0,0,-8,-13,-8,-13,-8,-13,-8,-12,-9,-12,-9,-11,-9,-11,-9,-11,-10,-10,-10,-10,-10,-10,-11,-9,-11,-9,-11,-9,-12,-9,-12,-9,-12,-10,-12,-10,-12,-10,-11,-10,-11,-11,-10,-11,-9,-11,-8,-11,-8,-11,-7,-11,0,0,0,0,0,0,0,0,0,0,0,0,0,0,0,0,0,0,0,0,0,0,-6,-8,-6,-9,-5,-10,-5,-10,-5,-11,-4,-11,-4,-12,-4,-12,-3,-12,-3,-12,-2,-12,-2,-12,-3,-12,-3,-12,-3,-12,-3,-12,-4,-12,-4,-12,-5,-12,-5,-12,-6,-12,-6,-12,-7,-12,-7,-13,-7,-13,-7,-13]"
2025-08-18 22:36:38.449455,CSI_DATA,2330,1a:00:00:00:00:00,-42,11,0,0,0,0,0,0,0,0,0,-94,0,1,0,397701421,0,31,0,128,0,"[0,0,-13,7,-12,7,-13,7,-12,7,-12,8,-12,7,-11,8,-11,8,-11,8,-10,9,-10,9,-9,10,-9,10,-9,10,-9,10,-10,10,-10,10,-11,11,-11,10,-11,10,-12,9,-12,8,-11,8,-12,7,-12,6,-12,5,0,0,0,0,0,0,0,0,0,0,0,0,0,0,0,0,0,0,0,0,0,0,-8,6,-8,5,-9,5,-10,5,-10,4,-11,4,-12,4,-12,3,-12,3,-12,3,-12,2,-12,2,-12,2,-12,3,-12,3,-12,3,-12,3,-12,4,-12,4,-12,5,-12,5,-12,5,-12,6,-12,7,-12,7,-12,7]"
2025-08-18 22:36:38.512203,CSI_DATA,2331,1a:00:00:00:00:00,-42,11,0,0,0,0,0,0,0,0,0,-94,0,1,0,397762236,0,42,0,128,0,"[0,0,-14,1,-14,1,-14,1,-14,2,-14,2,-14,2,-13,3,-13,3,-13,3,-13,4,-13,4,-12,5,-12,5,-12,5,-13,6,-13,6,-14,6,-13,5,-14,5,-14,5,-14,4,-13,3,-14,3,-13,2,-13,1,-13,0,0,0,0,0,0,0,0,0,0,0,0,0,0,0,0,0,0,0,0,0,0,0,-9,1,-10,1,-10,0,-10,0,-11,-1,-11,-1,-12,-2,-12,-2,-12,-3,-12,-3,-12,-3,-12,-4,-12,-3,-12,-3,-11,-3,-12,-2,-12,-2,-12,-2,-12,-1,-13,-1,-13,-1,-13,0,-14,0,-14,0,-14,1,-14,1]"
2025-08-18 22:36:38.575957,CSI_DATA,2332,1a:00:00:00:00:00,-42,11,0,0,0,0,0,0,0,0,0,-94,0,1,0,397829058,0,31,0,128,0,"[0,0,14,-4,13,-4,13,-4,13,-5,12,-5,12,-5,12,-5,12,-6,11,-6,11,-7,11,-7,11,-8,11,-8,11,-8,11,-9,11,-8,12,-9,12,-8,12,-8,12,-7,13,-7,12,-6,12,-6,12,-5,12,-4,12,-3,0,0,0,0,0,0,0,0,0,0,0,0,0,0,0,0,0,0,0,0,0,0,8,-4,8,-4,9,-3,10,-2,11,-2,11,-1,11,-1,11,-1,11,0,12,0,12,1,11,1,11,1,11,0,11,0,11,0,11,-1,12,-1,12,-2,12,-2,12,-2,12,-3,13,-3,13,-4,13,-3,13,-4]"
2025-08-18 22:36:38.772884,CSI_DATA,2333,1a:00:00:00:00:00,-42,11,0,0,0,0,0,0,0,0,0,-94,0,1,0,398030135,0,31,0,128,0,"[0,0,13,3,12,3,13,2,12,2,12,2,12,1,12,1,12,0,12,0,12,0,12,-1,12,-1,12,-1,13,-2,12,-2,13,-2,13,-2,13,-2,14,-1,13,-1,13,0,13,0,12,1,12,2,11,2,11,3,0,0,0,0,0,0,0,0,0,0,0,0,0,0,0,0,0,0,0,0,0,0,8,1,9,1,8,2,9,2,9,3,9,3,10,4,9,4,10,5,9,6,9,6,9,6,9,6,9,5,9,5,9,5,10,5,10,4,10,4,11,4,11,3,11,3,12,3,12,3,12,3,13,3]"
2025-08-18 22:36:38.974551,CSI_DATA,2334,1a:00:00:00:00:00,-42,11,0,0,0,0,0,0,0,0,0,-94,0,1,0,398233052,0,31,0,128,0,"[0,0,11,9,11,8,10,8,11,8,11,7,11,7,11,6,11,6,11,5,12,5,12,4,12,4,12,4,13,3,13,3,13,3,13,4,14,4,14,4,13,5,13,5,12,6,11,6,11,7,10,7,10,7,0,0,0,0,0,0,0,0,0,0,0,0,0,0,0,0,0,0,0,0,0,0,7,5,7,6,7,6,7,7,7,7,7,8,7,9,6,9,6,9,6,10,6,10,5,10,6,10,6,10,6,9,6,9,7,9,7,9,8,9,8,9,8,9,9,9,10,8,10,9,10,9,11,9]"
2025-08-18 22:36:39.189519,CSI_DATA,2335,1a:00:00:00:00:00,-42,11,0,0,0,0,0,0,0,0,0,-94,0,1,0,398432565,0,31,0,128,0,"[0,0,13,-6,12,-7,12,-7,12,-7,12,-7,11,-7,11,-8,11,-8,10,-8,10,-9,10,-9,9,-10,9,-10,9,-10,10,-11,9,-10,10,-11,10,-11,11,-10,11,-10,11,-9,11,-8,11,-8,11,-7,11,-6,11,-5,0,0,0,0,0,0,0,0,0,0,0,0,0,0,0,0,0,0,0,0,0,0,7,-5,8,-5,9,-5,9,-4,10,-4,10,-4,11,-3,11,-3,11,-2,12,-2,12,-2,11,-1,11,-2,11,-2,11,-2,11,-2,11,-3,11,-3,11,-4,12,-4,12,-5,12,-5,12,-6,12,-6,12,-6,13,-6]"
2025-08-18 22:36:39.379049,CSI_DATA,2336,1a:00:00:00:00:00,-42,11,0,0,0,0,0,0,0,0,0,-94,0,1,0,398633904,0,31,0,128,0,"[0,0,14,1,14,0,14,0,14,0,14,-1,13,-1,13,-1,13,-2,13,-2,12,-3,13,-3,12,-4,13,-4,13,-4,13,-5,13,-5,13,-4,14,-4,14,-4,14,-3,14,-3,14,-2,13,-1,13,-1,12,0,12,1,0,0,0,0,0,0,0,0,0,0,0,0,0,0,0,0,0,0,0,0,0,0,9,-1,9,0,9,0,10,1,10,2,11,2,11,3,11,3,11,4,11,4,11,4,10,4,10,4,11,4,11,4,11,4,11,3,11,2,12,2,12,2,12,2,13,1,13,1,13,1,13,1,14,1]"
2025-08-18 22:36:39.576911,CSI_DATA,2337,1a:00:00:00:00:00,-42,11,0,0,0,0,0,0,0,0,0,-94,0,1,0,398835001,0,31,0,128,0,"[0,0,5,13,5,12,6,13,6,12,6,12,6,11,6,11,7,11,7,10,8,10,8,9,9,9,9,9,10,9,9,9,10,10,9,10,10,10,9,11,9,11,8,11,7,11,7,11,6,11,5,11,5,11,0,0,0,0,0,0,0,0,0,0,0,0,0,0,0,0,0,0,0,0,0,0,4,7,4,8,3,9,3,9,3,10,2,11,1,11,1,12,1,11,0,11,0,11,0,12,0,11,1,11,1,11,1,11,1,11,2,11,2,11,3,12,3,12,4,12,4,12,5,12,5,12,6,13]"
2025-08-18 22:36:39.785922,CSI_DATA,2338,1a:00:00:00:00:00,-42,11,0,0,0,0,0,0,0,0,0,-94,0,1,0,399036132,0,31,0,128,0,"[0,0,-15,2,-15,3,-15,2,-14,3,-14,3,-14,4,-14,4,-13,4,-13,5,-13,5,-13,6,-13,6,-13,6,-13,7,-13,7,-13,7,-13,7,-14,7,-14,7,-14,6,-14,6,-14,5,-14,4,-14,3,-13,3,-13,2,0,0,0,0,0,0,0,0,0,0,0,0,0,0,0,0,0,0,0,0,0,0,-10,2,-10,2,-11,1,-11,1,-12,0,-12,-1,-13,-1,-13,-1,-13,-2,-13,-2,-13,-3,-13,-3,-13,-3,-12,-2,-12,-2,-13,-2,-13,-1,-13,-1,-13,0,-13,0,-14,1,-14,1,-15,1,-15,2,-15,2,-15,2]"
2025-08-18 22:36:39.979773,CSI_DATA,2339,1a:00:00:00:00:00,-42,11,0,0,0,0,0,0,0,0,0,-94,0,1,0,399238198,0,31,0,128,0,"[0,0,9,10,9,10,10,10,10,9,10,9,10,8,10,8,10,8,10,7,11,6,11,6,11,6,12,6,12,6,12,6,12,6,12,6,13,6,12,7,12,7,11,8,11,8,10,8,9,9,9,9,8,9,0,0,0,0,0,0,0,0,0,0,0,0,0,0,0,0,0,0,0,0,0,0,7,5,7,6,6,7,6,8,6,8,6,9,6,9,5,10,5,10,5,10,4,11,4,10,4,11,4,10,5,10,5,10,5,10,6,9,7,10,7,10,7,10,8,10,8,10,9,10,9,10,9,10]"
2025-08-18 22:36:40.044527,CSI_DATA,2340,1a:00:00:00:00:00,-42,11,0,0,0,0,0,0,0,0,0,-94,0,1,0,399298136,0,42,0,128,0,"[0,0,-4,14,-4,13,-4,13,-3,13,-3,13,-3,13,-2,13,-1,13,-1,13,0,13,0,13,1,13,1,13,1,13,1,13,1,13,1,14,1,14,0,14,0,14,-1,14,-1,14,-2,13,-3,13,-3,12,-4,12,0,0,0,0,0,0,0,0,0,0,0,0,0,0,0,0,0,0,0,0,0,0,-2,9,-3,9,-4,9,-4,9,-5,10,-5,10,-6,10,-7,10,-7,10,-7,10,-7,9,-7,9,-7,9,-7,9,-7,9,-7,10,-6,10,-6,10,-6,11,-5,11,-5,11,-5,12,-5,12,-4,13,-4,13,-4,13]"
2025-08-18 22:36:40.121923,CSI_DATA,2341,1a:00:00:00:00:00,-42,11,0,0,0,0,0,0,0,0,0,-94,0,1,0,399364796,0,31,0,128,0,"[0,0,-14,-5,-14,-4,-14,-4,-14,-4,-14,-4,-14,-3,-14,-3,-14,-2,-14,-2,-14,-1,-14,-1,-14,0,-14,0,-14,0,-15,0,-15,1,-15,0,-15,0,-15,-1,-15,-1,-15,-2,-14,-2,-14,-3,-14,-3,-13,-4,-13,-5,0,0,0,0,0,0,0,0,0,0,0,0,0,0,0,0,0,0,0,0,0,0,-10,-2,-10,-3,-10,-4,-10,-4,-11,-5,-11,-6,-11,-6,-11,-7,-11,-7,-10,-7,-10,-8,-10,-8,-10,-7,-10,-7,-10,-7,-11,-7,-11,-6,-11,-6,-12,-6,-12,-5,-12,-6,-13,-5,-13,-5,-14,-5,-14,-5,-14,-5]"
2025-08-18 22:36:40.315242,CSI_DATA,2342,1a:00:00:00:00:00,-42,11,0,0,0,0,0,0,0,0,0,-94,0,1,0,399565851,0,31,0,128,0,"[0,0,-15,1,-16,2,-15,2,-15,2,-15,2,-14,2,-14,3,-14,3,-14,4,-14,4,-13,5,-13,5,-13,6,-14,6,-14,6,-14,6,-14,6,-15,6,-15,5,-15,5,-15,4,-15,3,-15,3,-14,2,-14,1,-14,0,0,0,0,0,0,0,0,0,0,0,0,0,0,0,0,0,0,0,0,0,0,0,-10,2,-10,1,-11,1,-11,0,-12,0,-12,-1,-13,-1,-13,-2,-13,-3,-13,-3,-13,-3,-13,-3,-13,-3,-13,-3,-13,-3,-13,-3,-13,-2,-13,-1,-13,-1,-14,-1,-14,0,-15,0,-15,1,-15,1,-15,1,-15,1]"
