timestamp,type,id,mac,rssi,rate,sig_mode,mcs,bandwidth,smoothing,not_sounding,aggregation,stbc,fec_coding,sgi,noise_floor,ampdu_cnt,channel,secondary_channel,local_timestamp,ant,sig_len,rx_state,len,first_word,data
2025-08-18 21:57:37.489480,CSI_DATA,245,1a:00:00:00:00:00,-50,11,0,0,0,0,0,0,0,0,0,-94,0,1,0,42377104,0,31,0,128,0,"[0,0,-14,4,-14,4,-14,4,-13,4,-13,5,-13,5,-12,5,-11,6,-11,6,-11,6,-11,7,-10,7,-10,8,-10,8,-10,8,-10,9,-10,9,-10,10,-10,9,-11,9,-11,9,-11,9,-11,8,-12,8,-12,7,-13,7,0,0,0,0,0,0,0,0,0,0,0,0,0,0,0,0,0,0,0,0,0,0,-9,5,-10,5,-11,4,-12,3,-12,3,-13,2,-13,2,-13,1,-14,1,-13,0,-13,0,-13,-1,-13,0,-13,0,-13,0,-12,0,-13,1,-13,1,-13,2,-13,2,-13,3,-13,3,-14,3,-14,4,-14,4,-14,4]"
2025-08-18 21:57:37.609993,CSI_DATA,246,1a:00:00:00:00:00,-52,11,0,0,0,0,0,0,0,0,0,-94,0,1,0,42578289,0,31,0,128,0,"[0,0,1,-14,0,-13,0,-13,0,-12,-1,-12,-1,-12,-1,-12,-2,-12,-2,-11,-3,-11,-4,-11,-5,-11,-5,-11,-6,-11,-6,-11,-6,-11,-6,-12,-6,-12,-6,-13,-6,-13,-6,-13,-5,-14,-5,-14,-5,-14,-4,-14,-3,-14,0,0,0,0,0,0,0,0,0,0,0,0,0,0,0,0,0,0,0,0,0,0,-3,-9,-2,-10,-2,-11,-1,-11,-1,-12,0,-12,1,-13,1,-13,2,-13,3,-13,3,-13,3,-12,3,-12,3,-12,3,-12,3,-12,3,-12,2,-13,2,-13,2,-13,1,-13,1,-14,1,-14,1,-14,1,-14,1,-14]"
2025-08-18 21:57:37.801529,CSI_DATA,247,1a:00:00:00:00:00,-50,11,0,0,0,0,0,0,0,0,0,-94,0,1,0,42779436,0,31,0,128,0,"[0,0,13,6,13,5,12,5,13,4,13,4,12,4,12,3,12,2,12,2,12,1,12,1,12,0,12,-1,13,-1,13,-1,14,-1,14,-1,14,-1,15,-1,15,0,15,0,15,1,14,1,14,2,14,3,13,3,0,0,0,0,0,0,0,0,0,0,0,0,0,0,0,0,0,0,0,0,0,0,9,1,10,2,10,3,10,4,10,4,10,5,10,6,10,6,10,7,10,7,10,8,9,8,9,8,9,7,9,7,9,7,10,7,10,6,11,6,11,6,11,6,12,6,12,6,13,5,13,6,13,5]"
2025-08-18 21:57:37.868340,CSI_DATA,248,1a:00:00:00:00:00,-50,11,0,0,0,0,0,0,0,0,0,-94,0,1,0,42842674,0,42,0,128,0,"[0,0,13,-3,13,-3,13,-3,13,-3,13,-4,12,-5,12,-5,11,-6,11,-6,11,-7,11,-7,11,-7,11,-8,11,-9,11,-9,11,-9,12,-9,12,-9,12,-9,13,-9,13,-8,13,-8,13,-7,13,-6,13,-5,14,-4,0,0,0,0,0,0,0,0,0,0,0,0,0,0,0,0,0,0,0,0,0,0,9,-3,10,-3,10,-2,11,-1,11,-1,12,0,12,0,12,1,12,1,12,2,12,2,12,3,12,3,12,2,12,2,11,1,12,1,12,0,12,0,12,-1,12,-1,13,-2,13,-1,13,-2,13,-1,14,-2]"
2025-08-18 21:57:37.931114,CSI_DATA,249,1a:00:00:00:00:00,-51,11,0,0,0,0,0,0,0,0,0,-94,0,1,0,42907579,0,31,0,128,0,"[0,0,13,4,13,4,13,3,12,3,13,2,12,2,12,2,12,1,12,0,12,-1,12,-1,12,-1,12,-2,13,-2,13,-2,14,-2,13,-2,14,-2,14,-2,14,-1,14,-1,14,0,13,0,13,1,12,1,12,2,0,0,0,0,0,0,0,0,0,0,0,0,0,0,0,0,0,0,0,0,0,0,9,1,10,2,10,2,11,3,11,4,11,5,11,5,11,6,10,7,10,7,10,7,10,7,10,7,10,7,10,7,10,6,11,6,10,5,12,6,11,5,12,5,12,5,12,4,13,4,13,5,13,4]"
2025-08-18 21:57:38.138241,CSI_DATA,250,1a:00:00:00:00:00,-53,11,0,0,0,0,0,0,0,0,0,-94,0,1,0,43109027,0,31,0,128,0,"[0,0,-14,2,-13,3,-13,3,-13,4,-13,4,-13,4,-12,5,-12,5,-12,6,-12,6,-12,7,-11,7,-11,8,-12,8,-12,9,-12,9,-12,8,-13,9,-13,8,-13,8,-13,7,-13,6,-13,5,-13,5,-13,4,-13,4,0,0,0,0,0,0,0,0,0,0,0,0,0,0,0,0,0,0,0,0,0,0,-12,2,-13,1,-13,0,-13,0,-14,-1,-14,-2,-14,-3,-14,-4,-14,-4,-13,-4,-13,-4,-13,-4,-13,-4,-13,-4,-13,-4,-13,-3,-13,-3,-13,-2,-13,-2,-13,-1,-13,-1,-13,0,-13,1,-14,1,-13,1,-14,2]"
2025-08-18 21:57:38.341022,CSI_DATA,251,1a:00:00:00:00:00,-55,11,0,0,0,0,0,0,0,0,0,-94,0,1,0,43311775,0,31,0,128,0,"[0,0,-12,4,-11,5,-11,5,-11,5,-10,6,-10,6,-10,7,-10,8,-10,8,-9,9,-9,9,-9,9,-9,10,-8,11,-9,11,-9,11,-9,12,-10,11,-10,11,-11,11,-11,10,-11,10,-11,9,-11,8,-11,7,-12,6,0,0,0,0,0,0,0,0,0,0,0,0,0,0,0,0,0,0,0,0,0,0,-13,3,-13,2,-14,1,-14,0,-15,0,-15,-1,-15,-2,-15,-3,-15,-3,-15,-4,-15,-4,-14,-4,-14,-4,-13,-3,-13,-3,-13,-2,-13,-2,-13,-1,-13,-1,-13,0,-13,1,-13,1,-13,2,-12,2,-13,3,-12,3]"
2025-08-18 21:57:38.549387,CSI_DATA,252,1a:00:00:00:00:00,-57,11,0,0,0,0,0,0,0,0,0,-94,0,1,0,43511495,0,31,0,128,0,"[0,0,11,2,12,1,11,0,12,0,12,-1,12,-1,12,-2,12,-2,12,-3,12,-4,13,-4,12,-5,13,-5,12,-5,14,-6,14,-6,14,-6,15,-5,15,-5,15,-4,15,-3,15,-3,15,-2,14,-1,14,0,13,1,0,0,0,0,0,0,0,0,0,0,0,0,0,0,0,0,0,0,0,0,0,0,10,4,10,5,11,6,10,7,11,7,10,8,10,9,10,9,10,9,9,10,8,10,8,10,8,9,8,9,8,8,8,8,8,7,9,7,9,6,10,5,10,5,10,4,11,4,10,4,11,4,11,3]"
2025-08-18 21:57:38.745753,CSI_DATA,253,1a:00:00:00:00:00,-57,11,0,0,0,0,0,0,0,0,0,-94,0,1,0,43712868,0,31,0,128,0,"[0,0,-12,-10,-12,-9,-12,-10,-12,-9,-13,-9,-13,-9,-13,-8,-13,-8,-14,-8,-14,-7,-14,-7,-14,-7,-15,-7,-15,-7,-15,-7,-15,-7,-15,-7,-16,-8,-15,-8,-15,-9,-14,-9,-13,-10,-13,-10,-12,-10,-11,-10,-10,-11,0,0,0,0,0,0,0,0,0,0,0,0,0,0,0,0,0,0,0,0,0,0,-6,-9,-6,-9,-6,-10,-5,-11,-5,-11,-5,-12,-4,-12,-4,-12,-4,-12,-3,-11,-3,-12,-3,-12,-3,-11,-4,-11,-4,-11,-4,-10,-5,-11,-6,-10,-6,-11,-8,-10,-8,-10,-9,-10,-9,-9,-10,-10,-10,-9,-11,-10]"
2025-08-18 21:57:38.940395,CSI_DATA,254,1a:00:00:00:00:00,-58,11,0,0,0,0,0,0,0,0,0,-94,0,1,0,43913751,0,31,0,128,0,"[0,0,-9,11,-8,11,-8,11,-8,11,-7,12,-7,11,-7,12,-6,12,-5,12,-5,13,-5,13,-4,13,-5,13,-4,13,-5,14,-5,13,-5,14,-6,14,-6,14,-6,13,-7,13,-7,12,-8,11,-8,11,-8,10,-8,9,0,0,0,0,0,0,0,0,0,0,0,0,0,0,0,0,0,0,0,0,0,0,-7,9,-8,8,-9,8,-9,8,-10,8,-10,7,-11,8,-11,7,-12,7,-12,6,-12,6,-12,6,-12,6,-11,7,-11,6,-11,7,-10,7,-10,8,-10,8,-10,9,-10,9,-9,10,-10,10,-9,10,-9,11,-9,11]"
2025-08-18 21:57:39.139220,CSI_DATA,255,1a:00:00:00:00:00,-54,11,0,0,0,0,0,0,0,0,0,-94,0,1,0,44114898,0,31,0,128,0,"[0,0,-1,14,0,14,0,14,0,14,1,14,1,14,1,14,2,14,2,13,3,14,3,13,3,13,4,13,4,13,5,14,5,13,5,15,4,14,4,15,3,15,3,15,3,15,2,15,1,15,0,14,-1,14,0,0,0,0,0,0,0,0,0,0,0,0,0,0,0,0,0,0,0,0,0,0,-1,9,-2,9,-2,10,-3,10,-3,10,-4,10,-5,10,-5,10,-5,10,-6,10,-6,9,-6,9,-5,9,-5,9,-4,9,-4,10,-4,10,-3,10,-3,11,-2,12,-2,12,-1,12,-1,13,-1,13,-1,13,-1,13]"
2025-08-18 21:57:39.336985,CSI_DATA,256,1a:00:00:00:00:00,-52,11,0,0,0,0,0,0,0,0,0,-94,0,1,0,44316227,0,31,0,128,0,"[0,0,11,8,11,7,12,7,12,7,12,7,12,7,12,6,12,6,12,6,12,4,13,4,13,4,13,4,14,4,14,4,14,4,14,4,14,4,14,5,14,5,14,6,13,6,12,6,13,6,12,7,12,7,0,0,0,0,0,0,0,0,0,0,0,0,0,0,0,0,0,0,0,0,0,0,9,5,8,6,8,7,8,8,8,8,8,9,7,10,6,10,6,10,5,10,5,10,5,10,5,10,6,9,6,9,6,8,7,8,7,8,8,8,8,8,9,8,9,8,10,7,11,8,11,7,12,7]"
2025-08-18 21:57:39.423610,CSI_DATA,257,1a:00:00:00:00:00,-51,11,0,0,0,0,0,0,0,0,0,-94,0,1,0,44379030,0,42,0,128,0,"[0,0,-15,-2,-15,-2,-15,-2,-15,-1,-15,-1,-15,0,-15,0,-14,1,-15,1,-14,2,-15,2,-14,2,-15,2,-15,3,-15,4,-15,4,-16,4,-16,3,-16,4,-16,3,-16,3,-16,2,-16,1,-16,0,-16,-1,-16,-2,0,0,0,0,0,0,0,0,0,0,0,0,0,0,0,0,0,0,0,0,0,0,-11,-2,-11,-3,-12,-4,-11,-5,-12,-6,-11,-6,-12,-7,-11,-7,-11,-7,-11,-8,-10,-8,-10,-8,-10,-8,-10,-7,-10,-7,-10,-6,-10,-5,-11,-5,-11,-5,-12,-4,-12,-4,-13,-3,-13,-3,-14,-3,-14,-3,-14,-2]"
2025-08-18 21:57:39.465698,CSI_DATA,258,1a:00:00:00:00:00,-51,11,0,0,0,0,0,0,0,0,0,-94,0,1,0,44442975,0,31,0,128,0,"[0,0,2,14,3,13,3,13,3,13,4,13,4,13,4,12,4,12,4,12,5,12,5,11,6,11,6,12,6,11,7,12,7,12,7,12,7,12,6,12,6,12,5,12,5,13,4,13,4,13,3,12,2,12,0,0,0,0,0,0,0,0,0,0,0,0,0,0,0,0,0,0,0,0,0,0,3,10,2,11,2,11,1,12,0,12,-1,13,-1,13,-2,13,-3,13,-3,12,-3,12,-3,12,-3,12,-2,11,-2,11,-2,11,-1,11,-1,11,0,12,1,12,1,12,1,12,2,13,2,13,2,14,3,13]"
2025-08-18 21:57:39.673939,CSI_DATA,259,1a:00:00:00:00:00,-51,11,0,0,0,0,0,0,0,0,0,-94,0,1,0,44644045,0,31,0,128,0,"[0,0,-1,-13,-2,-13,-2,-13,-2,-13,-3,-13,-3,-13,-4,-12,-4,-12,-4,-12,-5,-12,-5,-12,-6,-12,-6,-12,-7,-12,-7,-12,-7,-12,-7,-13,-7,-13,-7,-13,-7,-13,-6,-13,-6,-13,-5,-13,-5,-14,-4,-13,-3,-13,0,0,0,0,0,0,0,0,0,0,0,0,0,0,0,0,0,0,0,0,0,0,-2,-11,-2,-11,-1,-12,0,-12,1,-13,2,-13,2,-13,3,-13,3,-13,4,-12,4,-12,4,-12,4,-11,3,-11,3,-11,3,-11,2,-11,2,-11,1,-12,1,-12,0,-12,0,-13,0,-12,-1,-13,-1,-13,-1,-13]"
2025-08-18 21:57:39.867293,CSI_DATA,260,1a:00:00:00:00:00,-51,11,0,0,0,0,0,0,0,0,0,-94,0,1,0,44845217,0,31,0,128,0,"[0,0,10,8,10,8,10,7,11,7,11,7,11,7,11,6,11,6,11,5,12,5,12,5,12,4,12,4,12,4,13,4,13,4,14,4,13,5,14,5,13,5,13,6,12,6,12,7,12,7,11,7,10,7,0,0,0,0,0,0,0,0,0,0,0,0,0,0,0,0,0,0,0,0,0,0,8,5,8,6,8,7,7,8,7,9,7,9,7,10,6,10,5,10,5,11,5,10,4,10,5,10,5,9,5,9,5,9,5,8,6,8,7,8,7,8,8,8,8,8,9,8,10,8,10,8,10,8]"
2025-08-18 21:57:40.073450,CSI_DATA,261,1a:00:00:00:00:00,-53,11,0,0,0,0,0,0,0,0,0,-94,0,1,0,45046369,0,31,0,128,0,"[0,0,12,-7,11,-7,12,-7,12,-8,10,-8,11,-8,10,-8,9,-8,9,-9,9,-9,9,-10,8,-10,8,-11,8,-11,8,-11,8,-12,8,-11,9,-12,9,-12,9,-11,9,-11,9,-11,10,-10,10,-9,10,-9,11,-8,0,0,0,0,0,0,0,0,0,0,0,0,0,0,0,0,0,0,0,0,0,0,8,-7,9,-6,10,-6,11,-5,12,-4,13,-4,13,-3,13,-3,12,-2,12,-1,12,-1,12,-1,11,-1,11,-1,11,-2,10,-2,11,-2,10,-3,11,-4,11,-4,11,-5,10,-5,11,-6,12,-5,12,-5,12,-7]"
2025-08-18 21:57:40.271472,CSI_DATA,262,1a:00:00:00:00:00,-51,11,0,0,0,0,0,0,0,0,0,-94,0,1,0,45247521,0,31,0,128,0,"[0,0,-1,12,-1,13,-1,12,0,13,0,12,0,12,0,12,1,12,1,12,2,12,2,12,3,12,3,12,3,12,4,13,3,12,4,13,3,13,3,13,3,13,2,14,2,14,1,14,1,13,0,13,-1,12,0,0,0,0,0,0,0,0,0,0,0,0,0,0,0,0,0,0,0,0,0,0,0,9,-1,10,-2,11,-3,10,-3,11,-4,10,-5,11,-5,11,-6,10,-6,10,-6,10,-6,9,-6,9,-5,9,-5,9,-5,9,-4,9,-4,10,-3,10,-3,10,-2,11,-2,11,-2,12,-1,12,-1,12,-1,12]"
2025-08-18 21:57:40.474473,CSI_DATA,263,1a:00:00:00:00:00,-51,11,0,0,0,0,0,0,0,0,0,-94,0,1,0,45448893,0,31,0,128,0,"[0,0,6,-11,5,-12,5,-12,5,-12,5,-12,5,-12,4,-12,4,-12,3,-12,3,-12,2,-12,1,-13,1,-13,1,-13,1,-14,1,-14,1,-14,2,-14,2,-15,3,-15,3,-14,4,-14,4,-14,4,-14,5,-13,6,-12,0,0,0,0,0,0,0,0,0,0,0,0,0,0,0,0,0,0,0,0,0,0,3,-10,4,-10,5,-10,6,-9,7,-10,8,-9,9,-9,9,-8,9,-8,9,-8,9,-7,9,-7,9,-7,8,-7,8,-7,8,-7,7,-7,7,-8,7,-8,7,-9,6,-9,6,-10,6,-10,6,-11,6,-11,6,-12]"
2025-08-18 21:57:40.677975,CSI_DATA,264,1a:00:00:00:00:00,-51,11,0,0,0,0,0,0,0,0,0,-94,0,1,0,45649990,0,31,0,128,0,"[0,0,4,-13,3,-14,3,-13,3,-14,2,-13,2,-13,1,-13,1,-13,0,-13,0,-13,-1,-13,-2,-13,-2,-13,-2,-14,-2,-14,-2,-14,-2,-15,-2,-15,-1,-15,-1,-15,0,-15,0,-15,0,-14,0,-14,1,-13,2,-13,0,0,0,0,0,0,0,0,0,0,0,0,0,0,0,0,0,0,0,0,0,0,1,-12,2,-12,3,-12,4,-12,5,-12,6,-12,7,-12,7,-12,8,-11,8,-11,8,-10,8,-10,8,-10,7,-10,6,-10,7,-10,6,-10,5,-11,5,-11,5,-11,5,-12,4,-12,4,-13,4,-13,4,-13,4,-13]"
2025-08-18 21:57:40.877350,CSI_DATA,265,1a:00:00:00:00:00,-52,11,0,0,0,0,0,0,0,0,0,-94,0,1,0,45851114,0,31,0,128,0,"[0,0,9,-11,8,-11,8,-11,8,-11,7,-11,7,-11,7,-11,6,-11,6,-12,5,-12,5,-12,4,-12,4,-13,4,-13,4,-13,4,-14,4,-14,5,-14,5,-14,5,-14,6,-14,6,-13,6,-13,6,-12,7,-12,7,-11,0,0,0,0,0,0,0,0,0,0,0,0,0,0,0,0,0,0,0,0,0,0,6,-10,7,-10,8,-9,9,-9,10,-9,11,-9,11,-8,12,-7,12,-6,12,-6,12,-5,12,-5,11,-5,11,-5,10,-5,10,-5,10,-6,9,-7,9,-7,9,-8,9,-8,9,-8,8,-9,9,-9,9,-10,9,-10]"
2025-08-18 21:57:40.952895,CSI_DATA,266,1a:00:00:00:00:00,-52,11,0,0,0,0,0,0,0,0,0,-94,0,1,0,45914822,0,42,0,128,0,"[0,0,-13,2,-13,2,-12,2,-13,3,-12,3,-12,3,-12,3,-12,4,-12,4,-12,5,-11,6,-11,6,-11,6,-11,7,-12,7,-11,7,-12,8,-12,7,-13,8,-13,7,-13,7,-13,6,-14,6,-13,6,-14,5,-14,4,0,0,0,0,0,0,0,0,0,0,0,0,0,0,0,0,0,0,0,0,0,0,-11,2,-11,1,-12,0,-12,-1,-12,-2,-12,-2,-13,-3,-12,-4,-12,-4,-12,-5,-12,-4,-11,-4,-11,-4,-11,-4,-10,-4,-11,-3,-10,-2,-11,-2,-11,-2,-11,-1,-11,-1,-12,0,-12,0,-12,1,-12,1,-12,1]"
2025-08-18 21:57:41.007455,CSI_DATA,267,1a:00:00:00:00:00,-51,11,0,0,0,0,0,0,0,0,0,-94,0,1,0,45980258,0,31,0,128,0,"[0,0,-11,7,-11,8,-10,7,-10,8,-10,8,-9,9,-9,9,-9,9,-9,9,-8,10,-8,10,-7,11,-7,11,-7,12,-7,12,-7,12,-7,13,-8,13,-8,13,-9,13,-9,13,-9,12,-10,12,-10,11,-11,10,-11,10,0,0,0,0,0,0,0,0,0,0,0,0,0,0,0,0,0,0,0,0,0,0,-9,7,-10,7,-11,5,-10,5,-9,-6,-13,3,-13,4,-14,3,-13,3,-13,2,-13,1,-13,1,-12,1,-12,1,-11,2,-12,2,-11,3,-11,3,-11,4,-11,4,-11,5,-11,5,-11,6,-11,6,-11,7,-11,7]"
2025-08-18 21:57:41.201963,CSI_DATA,268,1a:00:00:00:00:00,-52,11,0,0,0,0,0,0,0,0,0,-94,0,1,0,46180867,0,31,0,128,0,"[0,0,9,9,9,8,10,8,10,7,10,7,10,6,11,6,11,5,11,5,11,4,12,4,12,4,13,4,14,3,13,3,14,3,14,3,14,3,14,3,14,4,14,4,14,5,13,5,13,6,13,6,12,7,0,0,0,0,0,0,0,0,0,0,0,0,0,0,0,0,0,0,0,0,0,0,9,7,8,8,8,9,8,11,7,11,7,12,5,12,5,13,5,13,4,13,3,12,3,12,3,12,3,12,4,11,3,10,4,10,4,10,5,10,6,10,6,9,7,9,7,9,8,9,8,9,9,8]"
2025-08-18 21:57:41.402389,CSI_DATA,269,1a:00:00:00:00:00,-51,11,0,0,0,0,0,0,0,0,0,-94,0,1,0,46382117,0,31,0,128,0,"[0,0,12,5,11,4,11,5,11,4,12,3,11,3,12,3,12,2,12,2,12,1,12,1,12,0,13,0,13,0,13,0,13,-1,14,0,14,0,14,0,14,1,14,1,14,2,13,2,13,2,13,3,12,3,0,0,0,0,0,0,0,0,0,0,0,0,0,0,0,0,0,0,0,0,0,0,9,2,9,3,9,5,9,6,9,6,9,7,9,8,8,8,8,9,8,9,7,9,7,9,7,9,7,8,7,8,7,7,7,7,8,7,8,7,9,6,9,6,9,6,10,5,10,5,11,5,11,5]"
2025-08-18 21:57:41.611238,CSI_DATA,270,1a:00:00:00:00:00,-52,11,0,0,0,0,0,0,0,0,0,-94,0,1,0,46583598,0,31,0,128,0,"[0,0,11,-8,10,-8,10,-8,10,-9,10,-9,9,-9,9,-10,8,-10,8,-10,7,-11,8,-11,7,-12,7,-12,7,-13,7,-13,7,-13,7,-13,7,-13,8,-13,8,-13,8,-13,9,-12,9,-12,9,-11,9,-10,10,-10,0,0,0,0,0,0,0,0,0,0,0,0,0,0,0,0,0,0,0,0,0,0,8,-7,9,-7,10,-6,11,-5,11,-5,12,-4,12,-3,13,-3,13,-2,12,-2,12,-2,12,-1,12,-1,11,-2,11,-2,11,-2,11,-3,10,-4,11,-4,11,-5,10,-5,11,-6,10,-6,11,-7,11,-7,11,-7]"
2025-08-18 21:57:41.829229,CSI_DATA,271,1a:00:00:00:00:00,-49,11,0,0,0,0,0,0,0,0,0,-94,0,1,0,46784539,0,31,0,128,0,"[0,0,-11,-6,-11,-7,-12,-6,-11,-6,-11,-5,-11,-5,-11,-5,-11,-4,-11,-4,-11,-3,-11,-3,-12,-2,-12,-2,-12,-1,-12,-1,-13,-1,-12,-1,-13,-1,-13,-2,-13,-2,-13,-2,-12,-3,-12,-3,-12,-3,-11,-3,-11,-4,0,0,0,0,0,0,0,0,0,0,0,0,0,0,0,0,0,0,0,0,0,0,-7,-2,-5,-2,-15,-9,-14,-12,-7,-1,-9,-4,-9,-10,-9,-9,-9,-8,-8,-10,-8,-10,-8,-10,-8,-9,-8,-9,-8,-8,-8,-9,-8,-9,-8,-7,-9,-8,-10,-7,-10,-7,-10,-7,-11,-7,-11,-7,-11,-7,-12,-7]"
2025-08-18 21:57:42.012229,CSI_DATA,272,1a:00:00:00:00:00,-51,11,0,0,0,0,0,0,0,0,0,-94,0,1,0,46985657,0,31,0,128,0,"[0,0,-13,5,-13,5,-12,5,-12,5,-12,5,-12,6,-11,6,-10,6,-10,7,-10,7,-10,8,-9,8,-9,8,-9,9,-9,9,-9,9,-9,9,-10,9,-10,10,-10,9,-10,9,-10,8,-10,8,-11,7,-11,7,-11,6,0,0,0,0,0,0,0,0,0,0,0,0,0,0,0,0,0,0,0,0,0,0,-9,5,-10,5,-11,4,-11,4,-12,3,-13,3,-13,2,-13,2,-13,1,-13,0,-14,0,-13,0,-13,0,-13,0,-12,0,-13,1,-12,1,-12,2,-12,2,-12,3,-12,3,-13,3,-13,4,-13,4,-13,4,-13,5]"
2025-08-18 21:57:42.213083,CSI_DATA,273,1a:00:00:00:00:00,-51,11,0,0,0,0,0,0,0,0,0,-94,0,1,0,47186809,0,31,0,128,0,"[0,0,13,-4,13,-5,12,-4,12,-5,12,-5,12,-6,11,-6,11,-6,10,-7,10,-7,10,-7,10,-8,10,-8,9,-9,10,-9,9,-9,10,-9,10,-9,10,-9,11,-9,11,-8,11,-8,11,-7,11,-7,11,-6,11,-6,0,0,0,0,0,0,0,0,0,0,0,0,0,0,0,0,0,0,0,0,0,0,10,-6,11,-5,12,-4,12,-3,13,-3,13,-2,14,-1,14,0,14,0,13,1,13,2,13,2,13,1,12,1,12,1,12,0,12,0,12,-1,12,-1,12,-2,12,-2,12,-3,13,-3,13,-3,13,-3,13,-4]"
2025-08-18 21:57:42.414100,CSI_DATA,274,1a:00:00:00:00:00,-51,11,0,0,0,0,0,0,0,0,0,-94,0,1,0,47387974,0,31,0,128,0,"[0,0,9,-10,8,-10,8,-10,8,-11,7,-11,7,-11,6,-11,6,-11,5,-11,5,-12,5,-12,4,-12,4,-12,3,-13,3,-13,4,-13,3,-13,4,-14,4,-14,4,-13,5,-13,5,-13,5,-12,6,-12,6,-11,6,-11,0,0,0,0,0,0,0,0,0,0,0,0,0,0,0,0,0,0,0,0,0,0,6,-9,7,-9,8,-8,9,-8,9,-8,10,-7,11,-7,11,-6,11,-6,11,-5,11,-5,11,-5,11,-5,10,-5,10,-5,10,-6,10,-6,9,-7,9,-7,9,-8,9,-8,9,-8,9,-9,9,-10,9,-9,9,-10]"
2025-08-18 21:57:42.492932,CSI_DATA,275,1a:00:00:00:00:00,-51,11,0,0,0,0,0,0,0,0,0,-94,0,1,0,47450665,0,42,0,128,0,"[0,0,-12,-8,-12,-7,-12,-7,-12,-7,-13,-7,-12,-6,-12,-6,-13,-5,-12,-4,-13,-4,-13,-4,-13,-3,-13,-3,-14,-3,-14,-2,-14,-2,-14,-2,-14,-3,-15,-3,-14,-3,-14,-3,-14,-4,-13,-4,-13,-5,-12,-5,-12,-5,0,0,0,0,0,0,0,0,0,0,0,0,0,0,0,0,0,0,0,0,0,0,-10,-5,-11,-6,-11,-7,-11,-8,-10,-9,-10,-10,-10,-10,-9,-11,-9,-11,-8,-11,-8,-11,-8,-11,-8,-11,-8,-11,-8,-10,-8,-10,-9,-10,-9,-9,-9,-9,-10,-9,-10,-8,-11,-8,-11,-8,-12,-8,-12,-8,-12,-8]"
2025-08-18 21:57:42.535927,CSI_DATA,276,1a:00:00:00:00:00,-51,11,0,0,0,0,0,0,0,0,0,-94,0,1,0,47515443,0,31,0,128,0,"[0,0,10,6,10,6,10,6,10,6,10,5,10,5,10,5,10,4,10,3,10,3,10,3,11,2,11,2,11,2,12,1,12,1,12,2,12,2,12,3,12,3,12,3,11,4,11,4,11,5,10,5,10,5,0,0,0,0,0,0,0,0,0,0,0,0,0,0,0,0,0,0,0,0,0,0,10,1,9,6,21,7,3,12,18,13,13,4,10,8,4,6,10,8,7,9,8,9,8,9,8,9,8,8,8,8,7,8,7,8,8,7,8,7,9,7,8,7,10,6,10,7,10,6,10,7,11,6]"
2025-08-18 21:57:42.742174,CSI_DATA,277,1a:00:00:00:00:00,-51,11,0,0,0,0,0,0,0,0,0,-94,0,1,0,47716641,0,31,0,128,0,"[0,0,12,-5,12,-5,11,-5,11,-6,11,-6,11,-6,10,-6,10,-7,9,-7,9,-8,8,-9,8,-9,8,-9,8,-9,8,-10,8,-10,8,-10,8,-11,9,-11,9,-10,9,-10,9,-9,9,-9,9,-9,9,-8,10,-7,0,0,0,0,0,0,0,0,0,0,0,0,0,0,0,0,0,0,0,0,0,0,9,-6,9,-6,10,-5,11,-5,12,-4,13,-4,13,-2,13,-2,13,-1,13,0,13,-1,13,0,12,0,12,-1,12,-1,12,-1,12,-2,12,-2,12,-2,12,-3,12,-3,12,-4,12,-4,12,-5,12,-5,12,-5]"
2025-08-18 21:57:42.950493,CSI_DATA,278,1a:00:00:00:00:00,-50,11,0,0,0,0,0,0,0,0,0,-94,0,1,0,47918108,0,31,0,128,0,"[0,0,-8,-12,-8,-12,-9,-12,-9,-11,-9,-11,-9,-10,-9,-10,-9,-10,-10,-9,-10,-8,-11,-8,-11,-8,-11,-8,-12,-8,-12,-8,-12,-8,-13,-8,-12,-8,-13,-8,-12,-9,-12,-9,-11,-10,-11,-10,-10,-10,-10,-10,-9,-10,0,0,0,0,0,0,0,0,0,0,0,0,0,0,0,0,0,0,0,0,0,0,-8,-8,-8,-9,-7,-10,-7,-10,-7,-11,-6,-12,-5,-13,-5,-13,-4,-13,-4,-13,-3,-13,-3,-13,-3,-13,-3,-12,-4,-12,-4,-12,-4,-12,-5,-12,-5,-12,-6,-12,-7,-12,-7,-12,-7,-12,-8,-12,-8,-12,-8,-12]"
2025-08-18 21:57:43.147037,CSI_DATA,279,1a:00:00:00:00:00,-51,11,0,0,0,0,0,0,0,0,0,-94,0,1,0,48119392,0,31,0,128,0,"[0,0,-13,7,-12,7,-12,7,-11,7,-11,8,-11,8,-10,8,-10,8,-10,8,-9,9,-9,10,-9,10,-8,10,-8,11,-9,11,-9,11,-9,11,-9,12,-10,11,-10,11,-10,11,-11,10,-11,10,-11,9,-11,9,-12,8,0,0,0,0,0,0,0,0,0,0,0,0,0,0,0,0,0,0,0,0,0,0,-8,7,-9,7,-10,6,-11,5,-12,5,-13,5,-13,4,-13,3,-14,3,-13,2,-14,2,-13,1,-13,2,-13,2,-12,2,-12,2,-12,3,-12,3,-12,4,-12,4,-12,4,-12,5,-12,6,-12,6,-12,6,-12,7]"
2025-08-18 21:57:43.360436,CSI_DATA,280,1a:00:00:00:00:00,-51,11,0,0,0,0,0,0,0,0,0,-94,0,1,0,48320123,0,31,0,128,0,"[0,0,-11,-10,-11,-9,-11,-9,-11,-9,-12,-8,-11,-8,-12,-7,-12,-7,-12,-6,-12,-5,-13,-5,-13,-5,-13,-5,-14,-5,-14,-4,-15,-4,-15,-5,-15,-5,-15,-5,-15,-5,-15,-6,-15,-6,-14,-7,-14,-7,-13,-8,-12,-8,0,0,0,0,0,0,0,0,0,0,0,0,0,0,0,0,0,0,0,0,0,0,-9,-7,-9,-8,-9,-9,-8,-10,-8,-10,-8,-11,-7,-12,-7,-12,-6,-12,-6,-12,-5,-12,-5,-12,-5,-12,-5,-12,-6,-12,-6,-11,-6,-11,-7,-10,-7,-11,-8,-10,-9,-10,-9,-10,-10,-10,-10,-10,-10,-10,-10,-10]"
2025-08-18 21:57:43.547817,CSI_DATA,281,1a:00:00:00:00:00,-50,11,0,0,0,0,0,0,0,0,0,-94,0,1,0,48521408,0,31,0,128,0,"[0,0,8,-12,8,-12,8,-12,8,-12,7,-12,7,-12,6,-12,6,-13,5,-12,5,-13,4,-13,4,-13,4,-14,3,-14,4,-14,4,-14,3,-14,4,-14,4,-15,5,-14,5,-14,6,-14,6,-13,6,-13,6,-12,7,-12,0,0,0,0,0,0,0,0,0,0,0,0,0,0,0,0,0,0,0,0,0,0,4,-9,5,-10,6,-9,7,-9,8,-9,9,-9,9,-8,10,-8,10,-7,10,-7,10,-7,10,-7,10,-7,10,-7,10,-7,9,-7,9,-7,8,-8,8,-9,8,-9,8,-10,8,-10,8,-11,8,-11,8,-12,8,-12]"
2025-08-18 21:57:43.749616,CSI_DATA,282,1a:00:00:00:00:00,-50,11,0,0,0,0,0,0,0,0,0,-94,0,1,0,48722496,0,31,0,128,0,"[0,0,-12,6,-12,7,-12,7,-11,7,-11,8,-10,8,-10,8,-9,9,-9,9,-8,9,-8,10,-7,10,-7,11,-7,11,-7,11,-7,12,-7,12,-7,12,-7,12,-8,12,-8,12,-8,11,-8,11,-8,10,-8,10,-9,10,0,0,0,0,0,0,0,0,0,0,0,0,0,0,0,0,0,0,0,0,0,0,-10,5,-12,5,-8,5,-14,8,-2,-9,-9,9,-6,2,-14,3,-12,-1,-12,0,-12,-1,-12,-1,-12,0,-12,0,-11,1,-11,1,-11,1,-11,2,-11,3,-11,3,-12,4,-12,4,-12,5,-12,6,-12,6,-12,6]"
2025-08-18 21:57:43.951588,CSI_DATA,283,1a:00:00:00:00:00,-51,11,0,0,0,0,0,0,0,0,0,-94,0,1,0,48923838,0,31,0,128,0,"[0,0,-15,3,-14,3,-14,3,-14,4,-14,4,-13,4,-13,4,-13,5,-12,5,-12,6,-12,6,-11,7,-11,7,-11,7,-11,8,-12,8,-12,8,-12,8,-13,8,-13,8,-13,7,-13,7,-13,6,-13,6,-13,5,-13,5,0,0,0,0,0,0,0,0,0,0,0,0,0,0,0,0,0,0,0,0,0,0,-10,5,-11,4,-12,4,-12,3,-13,2,-13,2,-14,1,-14,0,-14,0,-14,-1,-14,-1,-14,-1,-14,-1,-13,-1,-13,-1,-13,0,-13,0,-13,1,-13,1,-13,1,-14,2,-14,2,-14,3,-14,3,-15,3,-15,3]"
2025-08-18 21:57:44.019952,CSI_DATA,284,1a:00:00:00:00:00,-52,11,0,0,0,0,0,0,0,0,0,-94,0,1,0,48986851,0,42,0,128,0,"[0,0,-9,11,-8,10,-8,11,-7,10,-7,11,-7,11,-6,11,-5,11,-5,11,-4,11,-4,12,-3,12,-3,12,-2,13,-2,13,-2,13,-2,13,-2,14,-3,14,-3,14,-3,14,-4,14,-4,13,-5,13,-5,12,-6,12,0,0,0,0,0,0,0,0,0,0,0,0,0,0,0,0,0,0,0,0,0,0,-5,9,-6,10,-7,10,-8,9,-9,9,-10,9,-11,9,-11,8,-12,8,-12,7,-12,7,-12,6,-11,6,-11,6,-11,6,-11,6,-11,7,-10,7,-10,8,-9,9,-9,9,-9,9,-9,10,-9,10,-9,10,-9,11]"
2025-08-18 21:57:44.078773,CSI_DATA,285,1a:00:00:00:00:00,-51,11,0,0,0,0,0,0,0,0,0,-94,0,1,0,49051686,0,31,0,128,0,"[0,0,11,-9,9,-10,9,-10,10,-10,9,-11,8,-10,8,-10,8,-11,8,-11,6,-11,6,-12,6,-12,6,-13,6,-13,6,-13,6,-13,6,-13,6,-14,6,-14,7,-13,7,-13,7,-13,7,-12,7,-12,8,-11,9,-11,0,0,0,0,0,0,0,0,0,0,0,0,0,0,0,0,0,0,0,0,0,0,6,-9,8,-9,8,-8,9,-8,10,-8,11,-7,12,-6,12,-6,12,-5,12,-5,12,-5,12,-4,11,-4,11,-4,11,-5,11,-5,11,-5,10,-6,10,-6,10,-7,10,-8,10,-8,10,-9,10,-9,11,-9,11,-10]"
2025-08-18 21:57:44.278621,CSI_DATA,286,1a:00:00:00:00:00,-51,11,0,0,0,0,0,0,0,0,0,-94,0,1,0,49252768,0,31,0,128,0,"[0,0,13,-1,12,-1,12,-2,12,-2,12,-3,11,-3,11,-3,11,-4,11,-4,11,-5,10,-6,10,-6,10,-6,10,-7,11,-7,11,-7,11,-7,11,-8,12,-7,12,-7,12,-6,12,-6,12,-5,12,-5,12,-5,12,-4,0,0,0,0,0,0,0,0,0,0,0,0,0,0,0,0,0,0,0,0,0,0,10,-4,11,-3,11,-2,12,-1,12,0,13,1,13,2,13,2,12,3,12,4,12,4,12,4,11,4,11,3,11,3,11,3,11,2,11,1,11,1,11,1,11,1,12,0,12,0,12,-1,12,-1,12,-1]"
2025-08-18 21:57:44.484847,CSI_DATA,287,1a:00:00:00:00:00,-51,11,0,0,0,0,0,0,0,0,0,-94,0,1,0,49454025,0,31,0,128,0,"[0,0,-6,12,-6,12,-5,11,-5,11,-4,12,-4,12,-3,11,-3,11,-2,11,-2,12,-2,12,-1,11,-1,12,0,12,0,12,0,12,1,13,0,13,0,13,0,13,-1,13,-1,13,-1,13,-2,13,-2,12,-3,12,0,0,0,0,0,0,0,0,0,0,0,0,0,0,0,0,0,0,0,0,0,0,-3,9,-4,10,-5,10,-5,10,-6,10,-7,10,-8,10,-9,10,-9,9,-9,9,-10,8,-10,8,-9,8,-9,8,-8,8,-9,8,-8,8,-8,9,-7,9,-7,10,-7,10,-7,10,-7,11,-6,11,-6,11,-6,12]"
2025-08-18 21:57:44.690583,CSI_DATA,288,1a:00:00:00:00:00,-51,11,0,0,0,0,0,0,0,0,0,-94,0,1,0,49655483,0,31,0,128,0,"[0,0,3,-14,2,-14,2,-14,2,-14,2,-14,1,-14,1,-13,0,-13,0,-13,-1,-13,-1,-13,-1,-13,-2,-13,-2,-14,-2,-13,-3,-14,-3,-14,-2,-14,-2,-14,-2,-14,-2,-14,-1,-14,-1,-13,-1,-13,0,-13,0,-13,0,0,0,0,0,0,0,0,0,0,0,0,0,0,0,0,0,0,0,0,0,0,0,-10,1,-11,2,-11,2,-12,3,-12,4,-12,5,-12,6,-12,6,-12,6,-11,7,-11,7,-11,6,-11,6,-11,6,-11,6,-10,5,-11,5,-11,4,-12,4,-12,4,-12,4,-13,3,-13,3,-13,3,-13,3,-14]"
2025-08-18 21:57:44.893467,CSI_DATA,289,1a:00:00:00:00:00,-52,11,0,0,0,0,0,0,0,0,0,-94,0,1,0,49856360,0,31,0,128,0,"[0,0,13,-3,13,-3,12,-4,12,-4,12,-5,12,-5,11,-5,11,-6,11,-6,10,-7,10,-7,10,-8,10,-8,10,-8,10,-9,10,-9,10,-9,10,-9,11,-9,11,-9,11,-9,11,-8,11,-8,11,-7,11,-7,12,-6,0,0,0,0,0,0,0,0,0,0,0,0,0,0,0,0,0,0,0,0,0,0,8,-5,10,-5,10,-4,11,-3,12,-3,12,-2,13,-1,13,-1,13,0,13,1,13,1,13,1,12,2,12,1,12,1,12,1,12,0,12,0,12,-1,12,-1,12,-1,13,-2,12,-2,13,-2,13,-3,13,-3]"
2025-08-18 21:57:45.080980,CSI_DATA,290,1a:00:00:00:00:00,-52,11,0,0,0,0,0,0,0,0,0,-94,0,1,0,50057718,0,31,0,128,0,"[0,0,8,11,8,11,8,10,8,10,9,10,9,10,9,9,9,9,9,8,10,7,10,7,11,6,11,6,11,6,12,6,12,6,12,7,12,7,12,7,12,7,12,8,12,8,11,8,11,8,11,8,10,9,0,0,0,0,0,0,0,0,0,0,0,0,0,0,0,0,0,0,0,0,0,0,7,6,7,7,7,8,7,9,6,10,6,10,5,11,5,12,4,12,4,12,3,12,3,12,3,12,3,11,3,11,4,11,4,11,5,11,5,11,6,11,6,11,6,11,7,11,7,11,8,11,8,11]"
2025-08-18 21:57:45.288914,CSI_DATA,291,1a:00:00:00:00:00,-51,11,0,0,0,0,0,0,0,0,0,-94,0,1,0,50258749,0,31,0,128,0,"[0,0,0,-14,-1,-14,-1,-14,-1,-14,-2,-14,-2,-14,-3,-13,-3,-13,-4,-13,-4,-13,-5,-12,-6,-12,-6,-13,-6,-12,-7,-13,-7,-13,-7,-14,-7,-13,-7,-14,-6,-14,-6,-14,-6,-14,-5,-14,-5,-15,-4,-14,-4,-14,0,0,0,0,0,0,0,0,0,0,0,0,0,0,0,0,0,0,0,0,0,0,-3,-6,-2,-11,-3,-12,-1,-12,0,-12,1,-12,2,-13,2,-13,3,-13,3,-13,4,-12,4,-12,3,-12,3,-12,3,-12,3,-12,2,-12,2,-13,1,-13,1,-13,1,-13,0,-14,1,-14,0,-14,-1,-14,0,-14]"
2025-08-18 21:57:45.486515,CSI_DATA,292,1a:00:00:00:00:00,-51,11,0,0,0,0,0,0,0,0,0,-94,0,1,0,50459979,0,31,0,128,0,"[0,0,12,-5,11,-6,11,-6,11,-6,11,-7,10,-7,10,-7,10,-8,9,-8,9,-9,9,-9,8,-9,8,-10,8,-10,8,-11,8,-11,8,-11,9,-11,9,-11,9,-11,10,-11,10,-10,10,-10,10,-10,10,-9,11,-9,0,0,0,0,0,0,0,0,0,0,0,0,0,0,0,0,0,0,0,0,0,0,7,-6,8,-6,9,-5,9,-5,10,-5,11,-4,11,-3,12,-3,12,-2,12,-1,12,-1,11,-1,11,-1,11,-1,11,-2,11,-2,11,-2,11,-3,11,-3,11,-3,11,-4,12,-4,12,-5,12,-5,12,-5,12,-6]"
2025-08-18 21:57:45.547219,CSI_DATA,293,1a:00:00:00:00:00,-51,11,0,0,0,0,0,0,0,0,0,-94,0,1,0,50522724,0,42,0,128,0,"[0,0,14,0,13,0,13,0,14,-1,13,-1,13,-2,13,-2,12,-3,12,-4,12,-4,12,-4,12,-5,12,-5,12,-6,12,-6,12,-6,13,-6,13,-6,13,-7,14,-6,14,-6,14,-5,14,-4,14,-4,14,-3,14,-3,0,0,0,0,0,0,0,0,0,0,0,0,0,0,0,0,0,0,0,0,0,0,9,-3,10,-2,10,-1,11,0,11,0,12,1,12,2,12,2,12,3,12,4,11,4,11,4,11,5,11,4,11,4,11,3,12,3,11,2,12,2,12,2,12,2,13,1,13,1,13,1,14,1,14,1]"
2025-08-18 21:57:45.607231,CSI_DATA,294,1a:00:00:00:00:00,-51,11,0,0,0,0,0,0,0,0,0,-94,0,1,0,50587722,0,31,0,128,0,"[0,0,10,9,10,8,10,8,10,7,10,7,10,7,10,6,10,6,10,5,11,4,11,4,11,4,11,3,12,3,12,3,13,3,13,3,13,3,13,3,13,4,13,4,13,5,12,5,12,6,12,6,12,6,0,0,0,0,0,0,0,0,0,0,0,0,0,0,0,0,0,0,0,0,0,0,8,3,8,4,8,5,8,6,8,7,8,8,8,8,7,9,7,9,6,10,6,10,6,10,6,10,6,10,6,10,6,9,6,9,7,8,7,9,8,9,8,9,9,9,9,8,9,9,10,9,10,8]"
2025-08-18 21:57:45.819905,CSI_DATA,295,1a:00:00:00:00:00,-51,11,0,0,0,0,0,0,0,0,0,-94,0,1,0,50788791,0,31,0,128,0,"[0,0,-12,-8,-12,-7,-12,-7,-11,-7,-12,-6,-12,-6,-12,-6,-12,-5,-12,-4,-12,-3,-12,-3,-12,-3,-13,-2,-13,-2,-13,-1,-14,-1,-14,-2,-14,-1,-14,-2,-14,-2,-14,-2,-14,-3,-14,-3,-13,-4,-13,-4,-13,-5,0,0,0,0,0,0,0,0,0,0,0,0,0,0,0,0,0,0,0,0,0,0,-9,-4,-9,-5,-10,-6,-9,-7,-9,-7,-10,-8,-9,-9,-9,-9,-9,-10,-8,-10,-8,-10,-8,-10,-8,-10,-8,-10,-8,-10,-8,-9,-9,-9,-9,-9,-9,-9,-10,-9,-10,-8,-10,-8,-11,-8,-11,-8,-11,-8,-11,-8]"
2025-08-18 21:57:46.021575,CSI_DATA,296,1a:00:00:00:00:00,-51,11,0,0,0,0,0,0,0,0,0,-94,0,1,0,50989929,0,31,0,128,0,"[0,0,-7,-12,-7,-12,-7,-12,-8,-11,-8,-11,-8,-11,-8,-10,-8,-10,-9,-9,-9,-9,-10,-9,-10,-8,-11,-8,-11,-8,-11,-8,-11,-8,-12,-8,-12,-9,-12,-9,-12,-9,-11,-9,-11,-10,-11,-10,-11,-10,-10,-10,-9,-11,0,0,0,0,0,0,0,0,0,0,0,0,0,0,0,0,0,0,0,0,0,0,-7,-7,-7,-8,-7,-9,-7,-10,-6,-11,-6,-12,-5,-12,-4,-13,-4,-13,-3,-13,-3,-13,-3,-13,-3,-13,-3,-12,-3,-12,-3,-12,-4,-12,-4,-12,-5,-12,-5,-12,-5,-12,-6,-12,-6,-12,-7,-12,-7,-12,-7,-12]"
2025-08-18 21:57:46.216512,CSI_DATA,297,1a:00:00:00:00:00,-52,11,0,0,0,0,0,0,0,0,0,-94,0,1,0,51191264,0,31,0,128,0,"[0,0,-3,13,-2,13,-2,12,-2,12,-1,12,-1,12,-1,12,0,12,0,11,1,11,2,12,3,11,3,11,3,11,3,12,3,12,4,12,4,13,3,13,3,13,3,13,2,13,2,13,2,13,1,13,0,13,0,0,0,0,0,0,0,0,0,0,0,0,0,0,0,0,0,0,0,0,0,0,2,10,1,10,0,11,-1,11,-2,12,-3,12,-4,12,-4,12,-5,12,-5,12,-6,12,-6,12,-5,11,-5,11,-5,11,-5,11,-5,11,-4,11,-4,12,-4,12,-4,12,-4,12,-3,13,-3,13,-2,13,-2,13]"
2025-08-18 21:57:46.424322,CSI_DATA,298,1a:00:00:00:00:00,-52,11,0,0,0,0,0,0,0,0,0,-94,0,1,0,51392422,0,31,0,128,0,"[0,0,2,-13,1,-13,1,-13,1,-13,0,-14,0,-13,-1,-13,-1,-13,-2,-12,-2,-12,-3,-12,-4,-12,-4,-13,-5,-13,-4,-12,-5,-13,-5,-13,-5,-14,-5,-14,-5,-14,-4,-14,-4,-14,-3,-14,-3,-14,-2,-14,-2,-14,0,0,0,0,0,0,0,0,0,0,0,0,0,0,0,0,0,0,0,0,0,0,-2,-11,-1,-12,0,-12,1,-13,2,-13,3,-13,4,-13,4,-13,5,-13,5,-12,6,-12,6,-12,6,-12,6,-12,6,-12,5,-11,5,-12,4,-12,4,-12,4,-12,3,-13,3,-13,3,-13,3,-14,2,-13,3,-14]"
2025-08-18 21:57:46.619547,CSI_DATA,299,1a:00:00:00:00:00,-52,11,0,0,0,0,0,0,0,0,0,-94,0,1,0,51593650,0,31,0,128,0,"[0,0,13,-5,12,-5,12,-5,11,-6,11,-6,10,-6,10,-7,10,-8,9,-8,9,-8,9,-9,8,-9,8,-10,8,-11,8,-11,9,-12,9,-11,9,-12,9,-12,10,-12,10,-12,10,-11,10,-10,10,-10,11,-9,11,-9,0,0,0,0,0,0,0,0,0,0,0,0,0,0,0,0,0,0,0,0,0,0,9,-5,10,-5,11,-4,11,-3,12,-3,13,-2,13,-1,13,-1,13,0,13,1,13,1,13,1,12,1,12,1,12,0,12,0,12,0,11,-1,12,-2,12,-2,12,-2,12,-3,12,-3,12,-4,12,-4,13,-4]"
2025-08-18 21:57:46.817631,CSI_DATA,300,1a:00:00:00:00:00,-52,11,0,0,0,0,0,0,0,0,0,-94,0,1,0,51794738,0,31,0,128,0,"[0,0,2,13,2,12,2,13,3,12,3,12,4,12,4,11,5,11,5,11,5,10,6,11,7,10,7,10,8,10,8,10,8,11,9,11,9,11,9,11,8,12,8,12,8,12,7,12,6,13,6,12,5,13,0,0,0,0,0,0,0,0,0,0,0,0,0,0,0,0,0,0,0,0,0,0,3,9,3,10,2,11,1,12,1,12,0,13,-1,13,-2,13,-2,13,-3,12,-4,12,-4,12,-4,12,-3,12,-3,12,-3,11,-2,11,-2,11,-1,12,0,12,0,12,0,12,1,12,1,13,1,13,1,13]"
2025-08-18 21:57:47.025599,CSI_DATA,301,1a:00:00:00:00:00,-52,11,0,0,0,0,0,0,0,0,0,-94,0,1,0,51995880,0,31,0,128,0,"[0,0,-14,-2,-13,-2,-13,-2,-13,-1,-13,0,-13,0,-13,0,-13,1,-13,2,-13,2,-13,3,-13,3,-13,4,-13,4,-13,5,-13,5,-14,5,-14,5,-15,5,-15,5,-15,4,-15,3,-15,3,-15,2,-15,2,-15,1,0,0,0,0,0,0,0,0,0,0,0,0,0,0,0,0,0,0,0,0,0,0,-11,0,-11,-1,-12,-2,-12,-3,-13,-3,-13,-4,-13,-5,-13,-6,-13,-6,-12,-7,-12,-7,-12,-7,-11,-7,-11,-7,-11,-7,-11,-6,-12,-6,-12,-5,-12,-5,-12,-4,-13,-4,-13,-4,-13,-3,-14,-3,-14,-3,-14,-2]"
2025-08-18 21:57:47.090811,CSI_DATA,302,1a:00:00:00:00:00,-52,11,0,0,0,0,0,0,0,0,0,-94,0,1,0,52058666,0,42,0,128,0,"[0,0,-6,-13,-7,-12,-7,-12,-7,-12,-11,-11,-4,-12,-7,-15,-9,-9,-9,-11,-9,-9,-9,-9,-10,-9,-11,-9,-11,-9,-11,-8,-12,-9,-12,-9,-12,-9,-12,-10,-12,-10,-12,-10,-11,-11,-11,-11,-11,-11,-10,-11,-9,-12,0,0,0,0,0,0,0,0,0,0,0,0,0,0,0,0,0,0,0,0,0,0,-7,-9,-6,-10,-6,-11,-6,-11,-5,-12,-4,-13,-3,-13,-3,-14,-2,-14,-2,-14,-1,-14,-1,-13,-1,-13,-1,-13,-1,-13,-2,-13,-2,-12,-3,-13,-3,-13,-3,-12,-4,-12,-4,-13,-5,-12,-6,-12,-5,-12,-5,-13]"
2025-08-18 21:57:47.150502,CSI_DATA,303,1a:00:00:00:00:00,-52,11,0,0,0,0,0,0,0,0,0,-94,0,1,0,52123795,0,31,0,128,0,"[0,0,-13,5,-12,5,-12,5,-12,6,-11,7,-11,6,-11,6,-10,7,-10,7,-9,8,-9,9,-8,9,-8,9,-8,9,-8,11,-8,11,-9,11,-9,11,-10,11,-10,11,-10,11,-10,10,-10,10,-11,10,-11,9,-11,8,0,0,0,0,0,0,0,0,0,0,0,0,0,0,0,0,0,0,0,0,0,0,-9,6,-10,5,-11,5,-11,4,-12,4,-13,3,-14,2,-14,2,-14,1,-14,0,-14,0,-14,0,-13,0,-13,0,-13,0,-12,0,-13,1,-13,1,-12,2,-12,2,-13,2,-13,3,-13,4,-13,4,-12,4,-13,4]"
2025-08-18 21:57:47.344644,CSI_DATA,304,1a:00:00:00:00:00,-52,11,0,0,0,0,0,0,0,0,0,-94,0,1,0,52324855,0,31,0,128,0,"[0,0,10,8,10,8,10,7,10,7,11,6,10,6,10,5,11,4,11,4,11,3,11,3,12,2,12,2,12,1,13,1,13,1,14,1,14,1,14,1,14,1,14,2,14,2,14,3,13,3,13,4,13,4,0,0,0,0,0,0,0,0,0,0,0,0,0,0,0,0,0,0,0,0,0,0,9,4,9,5,9,7,9,8,9,9,9,9,8,10,8,11,7,11,7,12,6,11,6,11,6,11,6,11,6,10,6,10,6,10,7,9,7,9,8,9,8,9,9,9,9,9,9,9,10,9,10,8]"
2025-08-18 21:57:47.551848,CSI_DATA,305,1a:00:00:00:00:00,-52,11,0,0,0,0,0,0,0,0,0,-94,0,1,0,52528007,0,31,0,128,0,"[0,0,0,13,0,12,1,13,1,12,2,12,2,12,3,11,3,11,3,11,4,11,5,11,6,10,6,10,7,11,7,11,7,11,7,11,7,12,7,12,7,12,7,13,6,13,6,13,5,13,5,13,4,13,0,0,0,0,0,0,0,0,0,0,0,0,0,0,0,0,0,0,0,0,0,0,3,10,2,11,2,11,1,12,0,12,-1,13,-2,13,-3,13,-3,13,-4,13,-4,13,-4,12,-4,12,-4,12,-4,12,-4,12,-3,12,-3,12,-2,12,-2,12,-2,12,-1,13,-1,13,0,13,0,13,0,13]"
2025-08-18 21:57:47.747209,CSI_DATA,306,1a:00:00:00:00:00,-52,11,0,0,0,0,0,0,0,0,0,-94,0,1,0,52727295,0,31,0,128,0,"[0,0,9,9,9,8,9,8,9,8,10,7,9,7,10,6,10,6,10,5,10,4,11,4,11,4,12,3,12,3,12,3,13,3,13,3,13,3,13,3,13,4,13,5,13,5,12,5,12,6,12,6,12,7,0,0,0,0,0,0,0,0,0,0,0,0,0,0,0,0,0,0,0,0,0,0,8,4,9,5,9,6,8,7,8,8,8,9,7,10,7,10,6,11,6,11,5,11,5,11,5,11,5,11,5,10,5,10,6,10,6,10,6,10,7,9,7,9,8,9,8,9,9,9,9,9,9,9]"
2025-08-18 21:57:47.960457,CSI_DATA,307,1a:00:00:00:00:00,-52,11,0,0,0,0,0,0,0,0,0,-94,0,1,0,52928706,0,31,0,128,0,"[0,0,-4,-13,-5,-13,-5,-12,-5,-12,-6,-12,-6,-11,-7,-11,-7,-11,-7,-10,-8,-10,-8,-10,-9,-9,-9,-9,-10,-9,-10,-9,-11,-9,-11,-10,-11,-9,-11,-10,-11,-10,-11,-11,-10,-11,-10,-11,-10,-12,-9,-11,-8,-12,0,0,0,0,0,0,0,0,0,0,0,0,0,0,0,0,0,0,0,0,0,0,-5,-9,-5,-10,-4,-11,-4,-12,-3,-13,-2,-13,-2,-13,-1,-14,0,-13,0,-14,1,-14,1,-13,0,-13,-1,-10,0,-13,-1,-12,-1,-12,-1,-12,-2,-12,-2,-13,-2,-13,-3,-13,-3,-13,-3,-13,-4,-13,-3,-13]"
2025-08-18 21:57:48.169131,CSI_DATA,308,1a:00:00:00:00:00,-51,11,0,0,0,0,0,0,0,0,0,-94,0,1,0,53129588,0,31,0,128,0,"[0,0,-11,8,-11,7,-10,7,-10,8,-9,8,-9,9,-8,8,-8,9,-8,9,-7,10,-7,10,-6,10,-6,11,-6,11,-6,12,-5,12,-6,13,-6,13,-6,13,-6,13,-7,12,-7,12,-8,12,-9,11,-9,11,-9,10,0,0,0,0,0,0,0,0,0,0,0,0,0,0,0,0,0,0,0,0,0,0,-7,9,-7,11,3,-9,-5,8,-8,4,-19,5,-13,1,-12,6,-14,4,-13,3,-13,3,-13,2,-13,2,-13,3,-12,3,-12,3,-12,3,-12,5,-11,5,-12,5,-11,6,-11,6,-11,6,-11,6,-12,7,-11,7]"
2025-08-18 21:57:48.354844,CSI_DATA,309,1a:00:00:00:00:00,-52,11,0,0,0,0,0,0,0,0,0,-94,0,1,0,53330957,0,31,0,128,0,"[0,0,-1,13,-1,12,0,13,0,12,1,12,1,12,1,12,2,12,2,11,3,11,4,11,5,11,5,11,6,11,5,11,6,12,6,12,6,13,6,13,5,13,5,13,5,14,4,13,4,13,3,13,2,14,0,0,0,0,0,0,0,0,0,0,0,0,0,0,0,0,0,0,0,0,0,0,2,10,2,11,1,11,0,12,-1,12,-2,13,-3,13,-4,13,-4,13,-5,12,-5,12,-5,12,-5,12,-5,12,-5,12,-4,11,-4,12,-4,11,-3,12,-3,12,-2,12,-2,13,-2,13,-1,13,-1,13,-1,13]"
2025-08-18 21:57:48.557055,CSI_DATA,310,1a:00:00:00:00:00,-52,11,0,0,0,0,0,0,0,0,0,-94,0,1,0,53532107,0,31,0,128,0,"[0,0,12,0,12,-1,11,-1,12,-2,11,-2,11,-2,11,-3,11,-3,10,-4,11,-5,10,-6,10,-6,10,-6,10,-6,11,-7,10,-7,11,-7,11,-7,12,-7,12,-7,12,-7,12,-6,12,-5,12,-5,12,-5,12,-4,0,0,0,0,0,0,0,0,0,0,0,0,0,0,0,0,0,0,0,0,0,0,9,-4,10,-3,11,-2,11,-1,12,-1,12,0,12,1,12,2,12,3,12,3,12,3,11,3,11,3,11,3,11,3,11,3,11,2,11,2,11,1,11,1,11,1,12,1,12,0,12,0,12,-1,12,-1]"
2025-08-18 21:57:48.623877,CSI_DATA,311,1a:00:00:00:00:00,-52,11,0,0,0,0,0,0,0,0,0,-94,0,1,0,53594667,0,42,0,128,0,"[0,0,0,-14,-1,-14,-1,-14,-1,-13,-2,-14,-2,-13,-3,-13,-3,-13,-4,-13,-4,-12,-5,-12,-6,-12,-7,-12,-7,-13,-7,-12,-7,-13,-8,-13,-8,-14,-7,-14,-7,-14,-6,-14,-6,-15,-6,-15,-6,-15,-5,-14,-4,-15,0,0,0,0,0,0,0,0,0,0,0,0,0,0,0,0,0,0,0,0,0,0,-3,-11,-2,-12,-1,-12,0,-13,1,-13,2,-14,3,-14,4,-14,4,-14,5,-13,5,-13,5,-13,5,-13,4,-13,4,-13,4,-12,4,-13,3,-12,2,-13,2,-13,2,-13,2,-14,1,-14,0,-14,1,-14,1,-14]"
2025-08-18 21:57:48.689009,CSI_DATA,312,1a:00:00:00:00:00,-52,11,0,0,0,0,0,0,0,0,0,-94,0,1,0,53659356,0,31,0,128,0,"[0,0,0,-14,-1,-14,-1,-13,-1,-14,-2,-14,-2,-14,-3,-13,-3,-13,-4,-13,-4,-12,-5,-12,-6,-12,-6,-12,-7,-13,-7,-13,-7,-13,-8,-14,-7,-14,-7,-15,-7,-14,-6,-15,-6,-15,-6,-15,-6,-15,-5,-15,-4,-15,0,0,0,0,0,0,0,0,0,0,0,0,0,0,0,0,0,0,0,0,0,0,-2,-11,-1,-11,-1,-12,0,-13,1,-14,2,-13,3,-14,4,-14,5,-13,5,-13,5,-13,5,-13,5,-13,5,-12,4,-12,4,-12,3,-12,3,-12,3,-13,2,-13,2,-13,2,-13,1,-14,1,-14,0,-14,1,-14]"
2025-08-18 21:57:48.892699,CSI_DATA,313,1a:00:00:00:00:00,-52,11,0,0,0,0,0,0,0,0,0,-94,0,1,0,53860442,0,31,0,128,0,"[0,0,-8,-12,-8,-12,-8,-11,-8,-11,-9,-11,-9,-10,-10,-10,-10,-9,-10,-9,-11,-8,-11,-8,-12,-8,-12,-8,-13,-7,-13,-7,-13,-7,-13,-8,-14,-8,-14,-8,-13,-9,-13,-9,-13,-10,-12,-10,-12,-11,-11,-11,-11,-11,0,0,0,0,0,0,0,0,0,0,0,0,0,0,0,0,0,0,0,0,0,0,-8,-8,-8,-9,-7,-10,-7,-11,-7,-12,-6,-12,-5,-13,-5,-13,-4,-13,-3,-14,-3,-13,-3,-13,-3,-13,-3,-13,-3,-13,-3,-12,-4,-12,-4,-12,-5,-12,-5,-12,-6,-12,-6,-12,-7,-12,-7,-12,-7,-12,-7,-12]"
2025-08-18 21:57:49.092209,CSI_DATA,314,1a:00:00:00:00:00,-52,11,0,0,0,0,0,0,0,0,0,-94,0,1,0,54061600,0,31,0,128,0,"[0,0,-2,-13,-3,-13,-3,-13,-3,-13,-4,-12,-4,-12,-5,-12,-5,-11,-5,-11,-5,-11,-6,-11,-7,-11,-7,-11,-8,-11,-8,-11,-8,-11,-8,-12,-8,-12,-8,-12,-8,-13,-8,-13,-7,-13,-7,-14,-6,-14,-5,-13,-5,-14,0,0,0,0,0,0,0,0,0,0,0,0,0,0,0,0,0,0,0,0,0,0,-4,-9,-3,-10,-2,-11,-2,-11,-1,-12,0,-13,0,-13,1,-13,2,-13,2,-12,3,-12,3,-12,3,-12,3,-12,2,-12,2,-11,2,-12,1,-12,1,-12,0,-12,0,-12,-1,-13,-1,-12,-1,-13,-1,-13,-2,-13]"
2025-08-18 21:57:49.288396,CSI_DATA,315,1a:00:00:00:00:00,-52,11,0,0,0,0,0,0,0,0,0,-94,0,1,0,54262715,0,31,0,128,0,"[0,0,-8,11,-8,11,-7,11,-7,11,-7,11,-6,11,-6,11,-5,11,-5,12,-4,12,-4,12,-3,12,-3,13,-2,13,-2,14,-2,14,-2,14,-3,14,-3,15,-3,15,-4,14,-4,14,-5,14,-5,14,-6,13,-7,12,0,0,0,0,0,0,0,0,0,0,0,0,0,0,0,0,0,0,0,0,0,0,-4,9,-5,9,-6,9,-7,9,-8,9,-9,8,-10,8,-10,8,-11,7,-11,7,-11,6,-11,6,-11,6,-11,6,-10,6,-10,7,-10,7,-10,7,-9,8,-9,8,-9,9,-9,9,-9,9,-9,10,-8,10,-8,10]"
2025-08-18 21:57:49.486588,CSI_DATA,316,1a:00:00:00:00:00,-52,11,0,0,0,0,0,0,0,0,0,-94,0,1,0,54464110,0,31,0,128,0,"[0,0,9,10,9,9,9,9,9,8,10,8,10,8,10,7,10,7,11,6,11,6,11,5,12,5,12,5,13,4,13,4,13,4,14,5,14,5,14,5,14,6,14,6,14,7,13,7,12,8,12,8,11,8,0,0,0,0,0,0,0,0,0,0,0,0,0,0,0,0,0,0,0,0,0,0,7,5,7,6,7,7,7,8,7,9,6,10,6,10,5,11,4,11,4,11,4,11,3,11,3,11,4,11,4,11,4,10,5,10,5,10,6,10,6,10,7,10,7,10,7,10,8,10,8,10,9,10]"
2025-08-18 21:57:49.709336,CSI_DATA,317,1a:00:00:00:00:00,-52,11,0,0,0,0,0,0,0,0,0,-94,0,1,0,54665223,0,31,0,128,0,"[0,0,1,-14,0,-14,0,-14,0,-14,-1,-14,-1,-13,-2,-13,-2,-13,-2,-13,-3,-13,-4,-13,-5,-13,-5,-13,-6,-14,-6,-14,-6,-14,-6,-14,-5,-15,-5,-15,-5,-15,-5,-15,-4,-16,-4,-16,-3,-15,-2,-15,-1,-15,0,0,0,0,0,0,0,0,0,0,0,0,0,0,0,0,0,0,0,0,0,0,-1,-10,0,-10,1,-11,1,-11,2,-12,3,-12,4,-12,4,-12,5,-11,5,-11,5,-11,6,-11,5,-11,5,-11,5,-11,5,-11,4,-11,4,-11,3,-12,3,-12,3,-12,2,-13,2,-13,2,-13,1,-14,1,-14]"
2025-08-18 21:57:49.888564,CSI_DATA,318,1a:00:00:00:00:00,-52,11,0,0,0,0,0,0,0,0,0,-94,0,1,0,54866330,0,31,0,128,0,"[0,0,2,13,3,13,3,12,4,13,4,12,4,12,5,12,5,11,6,11,6,11,6,11,7,11,8,10,8,11,9,11,9,11,9,12,9,12,9,12,8,12,8,13,8,13,7,14,6,14,5,13,4,14,0,0,0,0,0,0,0,0,0,0,0,0,0,0,0,0,0,0,0,0,0,0,3,8,3,9,3,10,2,10,2,11,0,12,0,12,-1,12,-1,12,-2,12,-2,12,-3,12,-2,12,-2,11,-2,11,-2,11,-1,11,-1,12,0,11,0,12,1,12,2,12,2,13,2,13,2,13,2,13]"
2025-08-18 21:57:50.092951,CSI_DATA,319,1a:00:00:00:00:00,-52,11,0,0,0,0,0,0,0,0,0,-94,0,1,0,55067472,0,31,0,128,0,"[0,0,6,-12,5,-13,5,-13,5,-13,4,-13,4,-13,3,-13,3,-13,2,-13,2,-14,1,-14,0,-14,0,-14,-1,-14,-1,-15,-1,-15,-1,-16,0,-16,0,-16,0,-16,1,-16,1,-16,2,-16,2,-16,3,-15,4,-15,0,0,0,0,0,0,0,0,0,0,0,0,0,0,0,0,0,0,0,0,0,0,3,-9,4,-9,5,-10,6,-9,7,-10,7,-10,8,-9,9,-9,9,-9,10,-8,10,-8,10,-8,9,-8,9,-8,8,-8,9,-8,8,-9,8,-9,7,-10,7,-10,7,-10,7,-11,7,-12,6,-12,6,-12,6,-12]"
2025-08-18 21:57:50.156818,CSI_DATA,320,1a:00:00:00:00:00,-52,11,0,0,0,0,0,0,0,0,0,-94,0,1,0,55130624,0,42,0,128,0,"[0,0,-8,12,-7,12,-7,12,-6,12,-6,12,-5,12,-5,12,-4,12,-4,12,-3,12,-3,13,-2,13,-2,13,-2,14,-2,14,-2,14,-2,15,-2,16,-2,16,-3,16,-4,15,-4,15,-5,15,-5,15,-6,14,-7,14,0,0,0,0,0,0,0,0,0,0,0,0,0,0,0,0,0,0,0,0,0,0,-3,9,-4,9,-5,9,-6,10,-7,10,-8,10,-9,9,-9,9,-10,9,-10,8,-11,8,-10,8,-10,8,-10,8,-10,8,-10,8,-9,8,-9,8,-8,9,-8,9,-8,10,-8,10,-8,11,-8,11,-7,11,-7,11]"
2025-08-18 21:57:50.225613,CSI_DATA,321,1a:00:00:00:00:00,-52,11,0,0,0,0,0,0,0,0,0,-94,0,1,0,55195146,0,31,0,128,0,"[0,0,-12,-6,-12,-6,-12,-6,-12,-5,-12,-5,-12,-5,-12,-4,-12,-3,-12,-3,-12,-2,-13,-1,-13,-1,-13,-1,-14,-1,-14,0,-14,0,-15,0,-15,0,-15,-1,-15,-1,-15,-2,-15,-2,-15,-3,-15,-3,-14,-4,-14,-4,0,0,0,0,0,0,0,0,0,0,0,0,0,0,0,0,0,0,0,0,0,0,-9,-3,-9,-4,-10,-5,-10,-6,-10,-6,-10,-7,-10,-8,-9,-9,-9,-9,-8,-10,-8,-9,-8,-9,-8,-9,-8,-9,-8,-9,-8,-8,-9,-8,-9,-7,-9,-8,-10,-8,-10,-7,-10,-7,-11,-7,-11,-7,-11,-6,-12,-6]"
2025-08-18 21:57:50.425152,CSI_DATA,322,1a:00:00:00:00:00,-52,11,0,0,0,0,0,0,0,0,0,-94,0,1,0,55396312,0,31,0,128,0,"[0,0,3,-14,2,-14,2,-14,2,-14,1,-14,0,-14,0,-14,-1,-14,-1,-13,-2,-14,-2,-14,-3,-14,-3,-14,-4,-14,-4,-14,-4,-15,-4,-15,-4,-15,-4,-16,-3,-16,-3,-16,-3,-16,-2,-16,-1,-16,-1,-15,0,-15,0,0,0,0,0,0,0,0,0,0,0,0,0,0,0,0,0,0,0,0,0,0,0,-10,1,-10,2,-11,3,-11,3,-12,4,-12,5,-12,6,-11,6,-11,7,-11,7,-11,7,-10,7,-10,6,-10,6,-10,6,-10,5,-11,5,-11,5,-12,4,-12,4,-12,3,-13,3,-13,3,-13,3,-13,3,-14]"
2025-08-18 21:57:50.629464,CSI_DATA,323,1a:00:00:00:00:00,-52,11,0,0,0,0,0,0,0,0,0,-94,0,1,0,55597624,0,31,0,128,0,"[0,0,-8,-11,-9,-11,-9,-11,-9,-11,-10,-10,-10,-10,-9,-9,-10,-9,-10,-8,-11,-8,-11,-7,-12,-7,-12,-7,-13,-7,-13,-6,-13,-7,-14,-7,-14,-7,-14,-8,-14,-8,-13,-8,-13,-9,-13,-9,-13,-10,-12,-10,-12,-11,0,0,0,0,0,0,0,0,0,0,0,0,0,0,0,0,0,0,0,0,0,0,-7,-7,-7,-8,-7,-9,-7,-10,-6,-11,-5,-12,-5,-12,-4,-12,-4,-13,-3,-13,-3,-13,-3,-13,-3,-12,-3,-12,-3,-12,-4,-11,-4,-12,-5,-11,-5,-12,-6,-12,-6,-12,-6,-12,-7,-11,-8,-11,-8,-11,-8,-11]"
2025-08-18 21:57:50.825464,CSI_DATA,324,1a:00:00:00:00:00,-52,11,0,0,0,0,0,0,0,0,0,-94,0,1,0,55797380,0,28,0,128,0,"[0,0,3,-14,2,-13,1,-14,1,-14,1,-14,0,-14,0,-14,-1,-13,-1,-13,-2,-13,-3,-14,-3,-14,-4,-14,-4,-14,-4,-14,-4,-14,-5,-15,-4,-15,-4,-16,-4,-16,-3,-16,-3,-16,-2,-16,-2,-16,-1,-15,0,-15,0,0,0,0,0,0,0,0,0,0,0,0,0,0,0,0,0,0,0,0,0,0,0,-10,1,-11,2,-11,3,-13,4,-12,4,-12,6,-11,6,-11,7,-11,7,-11,7,-11,7,-10,7,-10,7,-10,6,-10,6,-10,6,-10,5,-11,5,-11,4,-12,4,-12,4,-12,3,-12,3,-13,3,-13,3,-13]"
2025-08-18 21:57:50.861000,CSI_DATA,325,1a:00:00:00:00:00,-52,11,0,0,0,0,0,0,0,0,0,-94,0,1,0,55798729,0,31,0,128,0,"[0,0,13,3,13,2,13,2,13,2,13,1,13,1,13,0,13,0,13,-1,13,-2,13,-2,13,-3,13,-3,13,-4,14,-4,14,-4,15,-4,15,-4,15,-4,16,-3,15,-3,16,-2,15,-1,15,-1,15,0,15,1,0,0,0,0,0,0,0,0,0,0,0,0,0,0,0,0,0,0,0,0,0,0,9,0,10,1,11,2,10,2,11,5,11,3,11,5,11,6,10,7,10,7,10,7,9,7,9,7,9,7,9,7,9,6,10,6,10,5,10,5,11,5,11,4,11,4,12,4,12,4,12,3,13,3]"
2025-08-18 21:57:51.031156,CSI_DATA,326,1a:00:00:00:00:00,-52,11,0,0,0,0,0,0,0,0,0,-94,0,1,0,55999882,0,31,0,128,0,"[0,0,-12,-7,-12,-7,-12,-7,-12,-6,-12,-6,-12,-6,-12,-6,-12,-5,-13,-4,-13,-3,-13,-3,-13,-3,-14,-2,-14,-2,-14,-2,-15,-2,-15,-2,-15,-2,-15,-3,-15,-3,-15,-4,-15,-5,-15,-5,-14,-5,-14,-5,-14,-6,0,0,0,0,0,0,0,0,0,0,0,0,0,0,0,0,0,0,0,0,0,0,-9,-4,-9,-5,-10,-6,-9,-7,-10,-8,-9,-8,-9,-9,-8,-10,-8,-10,-8,-11,-8,-10,-7,-10,-7,-10,-7,-10,-7,-10,-7,-9,-8,-9,-8,-8,-8,-9,-9,-9,-9,-8,-10,-8,-11,-8,-11,-7,-11,-8,-11,-7]"
2025-08-18 21:57:51.232312,CSI_DATA,327,1a:00:00:00:00:00,-51,11,0,0,0,0,0,0,0,0,0,-94,0,1,0,56201020,0,31,0,128,0,"[0,0,-13,-4,-13,-4,-13,-4,-13,-3,-13,-3,-13,-3,-13,-2,-13,-2,-13,-1,-13,0,-13,0,-13,1,-13,1,-13,1,-14,2,-14,2,-14,1,-14,1,-15,1,-15,1,-15,0,-15,-1,-14,-1,-14,-1,-14,-1,-14,-2,0,0,0,0,0,0,0,0,0,0,0,0,0,0,0,0,0,0,0,0,0,0,-10,-1,-10,-2,-11,-3,-11,-4,-11,-4,-11,-5,-11,-6,-11,-7,-11,-7,-10,-8,-10,-8,-10,-8,-10,-8,-10,-7,-10,-8,-10,-7,-10,-7,-11,-6,-11,-6,-11,-6,-11,-6,-12,-5,-12,-5,-13,-5,-13,-5,-13,-4]"
2025-08-18 21:57:51.446619,CSI_DATA,328,1a:00:00:00:00:00,-51,11,0,0,0,0,0,0,0,0,0,-94,0,1,0,56402238,0,31,0,128,0,"[0,0,-3,-13,-3,-13,-4,-13,-4,-13,-5,-12,-5,-12,-5,-12,-6,-12,-6,-11,-7,-11,-7,-11,-8,-11,-8,-11,-9,-11,-9,-11,-9,-11,-9,-11,-9,-11,-9,-12,-9,-12,-9,-12,-8,-13,-8,-13,-8,-13,-7,-13,-6,-13,0,0,0,0,0,0,0,0,0,0,0,0,0,0,0,0,0,0,0,0,0,0,-4,-9,-3,-10,-3,-11,-2,-11,-2,-12,-1,-12,0,-13,1,-13,1,-13,2,-13,2,-12,2,-12,2,-12,2,-12,1,-12,1,-12,1,-12,0,-12,0,-12,-1,-12,-1,-12,-1,-13,-2,-13,-2,-13,-2,-13,-3,-13]"
2025-08-18 21:57:51.631766,CSI_DATA,329,1a:00:00:00:00:00,-52,11,0,0,0,0,0,0,0,0,0,-94,0,1,0,56603455,0,31,0,128,0,"[0,0,2,-14,2,-14,2,-14,1,-14,1,-14,0,-14,0,-14,-1,-14,-1,-14,-2,-14,-2,-14,-3,-14,-4,-14,-4,-15,-4,-15,-4,-15,-4,-16,-4,-16,-4,-16,-3,-17,-3,-16,-2,-17,-2,-16,-1,-17,0,-16,0,-16,0,0,0,0,0,0,0,0,0,0,0,0,0,0,0,0,0,0,0,0,0,0,1,-10,1,-10,2,-11,3,-11,4,-11,5,-11,6,-11,6,-11,7,-11,7,-10,7,-10,7,-10,7,-10,6,-10,6,-10,6,-10,5,-10,5,-11,5,-11,4,-11,4,-12,4,-12,3,-12,3,-13,3,-13,3,-13]"
2025-08-18 21:57:51.690598,CSI_DATA,330,1a:00:00:00:00:00,-52,11,0,0,0,0,0,0,0,0,0,-94,0,1,0,56666645,0,42,0,128,0,"[0,0,-3,13,-3,13,-3,13,-2,13,-2,13,-1,13,-1,13,0,13,0,13,1,13,1,13,2,13,2,13,3,14,3,14,3,14,3,15,3,15,3,15,2,15,2,15,1,15,1,15,0,15,-1,15,-2,15,0,0,0,0,0,0,0,0,0,0,0,0,0,0,0,0,0,0,0,0,0,0,-2,9,-3,9,-3,9,-4,10,-5,10,-6,10,-7,10,-7,10,-8,9,-8,9,-8,9,-8,8,-8,9,-8,8,-7,9,-7,9,-7,9,-6,9,-6,10,-5,10,-5,10,-5,11,-4,11,-4,12,-4,12,-4,12]"
2025-08-18 21:57:51.761008,CSI_DATA,331,1a:00:00:00:00:00,-52,11,0,0,0,0,0,0,0,0,0,-94,0,1,0,56731736,0,31,0,128,0,"[0,0,-14,0,-14,-1,-14,0,-14,0,-14,1,-14,1,-13,1,-13,2,-13,3,-13,3,-13,4,-13,4,-13,5,-13,5,-14,6,-14,6,-14,5,-15,6,-16,6,-15,5,-16,5,-15,4,-15,3,-16,3,-15,2,-16,1,0,0,0,0,0,0,0,0,0,0,0,0,0,0,0,0,0,0,0,0,0,0,-9,0,-10,0,-11,-1,-11,-2,-11,-3,-12,-3,-12,-4,-12,-5,-11,-5,-11,-6,-11,-6,-11,-6,-11,-6,-11,-6,-11,-5,-11,-5,-11,-4,-11,-3,-12,-4,-12,-3,-12,-3,-13,-3,-13,-2,-13,-2,-13,-1,-13,-1]"
2025-08-18 21:57:51.954980,CSI_DATA,332,1a:00:00:00:00:00,-52,11,0,0,0,0,0,0,0,0,0,-94,0,1,0,56932360,0,31,0,128,0,"[0,0,2,13,2,13,3,13,3,12,4,13,3,12,4,12,4,12,5,12,5,11,6,11,7,11,7,11,7,12,7,11,8,12,8,12,8,13,7,13,7,13,6,14,6,14,5,14,5,14,4,14,3,14,0,0,0,0,0,0,0,0,0,0,0,0,0,0,0,0,0,0,0,0,0,0,3,8,3,9,2,10,2,11,1,11,0,12,-1,12,-2,12,-2,12,-3,12,-3,12,-3,11,-3,11,-2,11,-2,11,-2,10,-2,11,-1,11,-1,11,0,11,0,12,1,12,1,12,2,13,2,13,2,13]"
2025-08-18 21:57:52.161289,CSI_DATA,333,1a:00:00:00:00:00,-52,11,0,0,0,0,0,0,0,0,0,-94,0,1,0,57133510,0,31,0,128,0,"[0,0,-14,3,-14,3,-14,3,-14,4,-14,4,-13,5,-13,5,-13,5,-12,6,-12,6,-12,7,-11,8,-11,8,-12,9,-12,9,-12,10,-12,9,-13,10,-13,10,-14,9,-14,9,-14,8,-14,8,-14,8,-14,7,-15,6,0,0,0,0,0,0,0,0,0,0,0,0,0,0,0,0,0,0,0,0,0,0,-10,4,-10,3,-11,2,-12,2,-12,1,-13,0,-13,-1,-14,-1,-14,-2,-13,-2,-13,-2,-13,-2,-13,-2,-12,-2,-13,-2,-12,-2,-13,-1,-12,0,-13,0,-13,0,-13,1,-13,1,-14,2,-14,3,-14,3,-14,3]"
2025-08-18 21:57:52.566423,CSI_DATA,334,1a:00:00:00:00:00,-52,11,0,0,0,0,0,0,0,0,0,-94,0,1,0,57334646,0,31,0,128,0,"[0,0,-5,-13,-7,-13,-6,-12,-7,-12,-7,-12,-7,-12,-8,-11,-8,-11,-8,-10,-9,-10,-9,-10,-10,-10,-10,-10,-11,-10,-11,-9,-11,-10,-12,-10,-12,-11,-12,-11,-12,-11,-11,-12,-11,-12,-10,-12,-10,-12,-9,-12,-8,-13,0,0,0,0,0,0,0,0,0,0,0,0,0,0,0,0,0,0,0,0,0,0,-5,-8,-5,-9,-5,-10,-4,-11,-4,-12,-3,-12,-2,-13,-2,-13,-1,-13,-1,-13,0,-13,0,-12,0,-12,-1,-12,-1,-12,-1,-12,-2,-12,-2,-12,-3,-12,-4,-12,-4,-12,-4,-12,-4,-13,-5,-13,-5,-13,-5,-13]"
2025-08-18 21:57:52.572664,CSI_DATA,335,1a:00:00:00:00:00,-52,11,0,0,0,0,0,0,0,0,0,-94,0,1,0,57535909,0,31,0,128,0,"[0,0,-2,-14,-3,-15,-3,-14,-3,-14,-4,-14,-4,-14,-5,-14,-5,-14,-6,-13,-6,-13,-7,-12,-8,-13,-8,-13,-8,-13,-9,-13,-9,-13,-9,-14,-9,-14,-9,-15,-8,-15,-8,-15,-7,-15,-7,-16,-6,-15,-5,-15,-5,-15,0,0,0,0,0,0,0,0,0,0,0,0,0,0,0,0,0,0,0,0,0,0,-4,-10,-3,-10,-3,-11,-2,-12,-1,-13,0,-13,0,-13,1,-13,2,-13,2,-13,3,-13,3,-13,2,-13,2,-13,2,-13,2,-12,1,-12,1,-12,0,-13,0,-13,-1,-13,-1,-14,-1,-14,-2,-14,-2,-15,-2,-14]"
2025-08-18 21:57:52.768383,CSI_DATA,336,1a:00:00:00:00:00,-52,11,0,0,0,0,0,0,0,0,0,-94,0,1,0,57737015,0,31,0,128,0,"[0,0,9,-10,9,-10,9,-11,9,-11,8,-11,8,-11,7,-11,7,-12,6,-12,6,-12,6,-13,5,-13,5,-13,4,-14,5,-14,5,-15,5,-15,5,-15,6,-15,6,-15,7,-15,7,-14,7,-14,8,-14,8,-13,9,-12,0,0,0,0,0,0,0,0,0,0,0,0,0,0,0,0,0,0,0,0,0,0,5,-8,6,-9,6,-8,8,-8,8,-8,9,-8,10,-7,10,-7,11,-6,11,-6,11,-6,11,-5,11,-5,10,-5,10,-6,10,-6,10,-6,9,-7,9,-7,9,-8,9,-8,9,-9,9,-9,9,-9,9,-10,10,-10]"
2025-08-18 21:57:52.965183,CSI_DATA,337,1a:00:00:00:00:00,-52,11,0,0,0,0,0,0,0,0,0,-94,0,1,0,57938414,0,31,0,128,0,"[0,0,12,-7,11,-7,11,-7,11,-8,11,-8,11,-8,10,-8,10,-9,10,-9,9,-10,9,-11,8,-11,8,-11,8,-12,9,-12,9,-12,9,-12,9,-13,10,-12,10,-12,11,-12,11,-11,11,-11,11,-11,11,-10,12,-9,0,0,0,0,0,0,0,0,0,0,0,0,0,0,0,0,0,0,0,0,0,0,7,-7,8,-6,9,-5,10,-5,10,-5,11,-4,12,-3,12,-3,12,-2,12,-2,12,-2,12,-2,11,-2,11,-2,11,-2,11,-2,11,-3,11,-3,11,-4,11,-4,11,-5,11,-5,12,-6,11,-6,12,-6,12,-7]"
2025-08-18 21:57:53.164222,CSI_DATA,338,1a:00:00:00:00:00,-52,11,0,0,0,0,0,0,0,0,0,-94,0,1,0,58139466,0,31,0,128,0,"[0,0,-6,13,-5,12,-5,12,-5,12,-4,13,-4,13,-3,12,-2,13,-4,14,-2,12,1,13,0,13,0,14,0,14,0,14,0,14,0,15,0,15,-1,15,-1,16,-2,15,-2,15,-2,15,-3,15,-4,14,-5,14,0,0,0,0,0,0,0,0,0,0,0,0,0,0,0,0,0,0,0,0,0,0,-2,9,-3,9,-4,10,-5,10,-5,10,-7,10,-7,10,-8,10,-8,9,-8,9,-9,9,-9,8,-8,8,-8,8,-8,9,-8,8,-8,9,-7,9,-7,10,-7,10,-6,10,-6,11,-6,11,-6,12,-6,12,-6,12]"
2025-08-18 21:57:53.223619,CSI_DATA,339,1a:00:00:00:00:00,-52,11,0,0,0,0,0,0,0,0,0,-94,0,1,0,58202652,0,42,0,128,0,"[0,0,9,10,10,10,9,9,10,9,10,8,10,8,11,8,11,7,11,7,11,6,12,6,13,5,13,5,13,5,13,5,14,5,14,5,14,6,14,6,14,7,14,7,14,8,13,8,13,8,12,8,12,9,0,0,0,0,0,0,0,0,0,0,0,0,0,0,0,0,0,0,0,0,0,0,7,5,7,6,7,7,7,8,7,9,6,10,6,11,5,11,5,11,4,11,4,11,4,11,4,11,4,11,5,11,4,10,5,10,5,10,6,10,7,10,7,10,7,10,8,10,9,10,9,10,9,9]"
2025-08-18 21:57:53.314203,CSI_DATA,340,1a:00:00:00:00:00,-52,11,0,0,0,0,0,0,0,0,0,-94,0,1,0,58267405,0,31,0,128,0,"[0,0,-10,-11,-9,-11,-10,-11,-10,-10,-11,-11,-11,-10,-11,-10,-12,-9,-12,-9,-12,-8,-12,-8,-13,-7,-13,-7,-14,-7,-14,-7,-14,-7,-15,-8,-15,-8,-15,-8,-15,-9,-14,-9,-14,-10,-14,-10,-13,-10,-12,-10,-12,-11,0,0,0,0,0,0,0,0,0,0,0,0,0,0,0,0,0,0,0,0,0,0,-7,-7,-8,-8,-7,-9,-7,-10,-7,-11,-6,-11,-5,-12,-5,-13,-4,-12,-4,-13,-4,-13,-3,-13,-4,-13,-4,-12,-4,-12,-4,-12,-5,-12,-5,-11,-6,-12,-7,-12,-7,-12,-7,-12,-8,-11,-9,-12,-9,-12,-9,-12]"
2025-08-18 21:57:53.494664,CSI_DATA,341,1a:00:00:00:00:00,-52,11,0,0,0,0,0,0,0,0,0,-94,0,1,0,58468583,0,31,0,128,0,"[0,0,6,-13,5,-13,5,-13,6,-13,5,-13,4,-13,3,-14,3,-14,2,-14,2,-14,2,-14,1,-15,1,-15,1,-15,1,-16,1,-16,1,-17,1,-17,2,-17,1,-17,2,-17,3,-16,3,-16,4,-16,5,-15,5,-15,0,0,0,0,0,0,0,0,0,0,0,0,0,0,0,0,0,0,0,0,0,0,3,-10,3,-10,4,-10,5,-10,6,-11,7,-10,8,-10,8,-10,9,-9,9,-9,10,-8,9,-8,9,-9,8,-9,8,-8,8,-9,8,-9,7,-10,7,-10,7,-10,6,-11,6,-12,6,-12,6,-12,6,-12,6,-13]"
2025-08-18 21:57:53.699088,CSI_DATA,342,1a:00:00:00:00:00,-52,11,0,0,0,0,0,0,0,0,0,-94,0,1,0,58669721,0,31,0,128,0,"[0,0,-15,0,-14,0,-14,0,-14,0,-14,1,-14,1,-14,2,-13,3,-13,3,-13,4,-13,4,-13,4,-13,5,-14,6,-14,6,-14,6,-14,6,-15,6,-15,6,-15,5,-16,5,-15,4,-15,4,-15,3,-15,2,-16,2,0,0,0,0,0,0,0,0,0,0,0,0,0,0,0,0,0,0,0,0,0,0,-10,1,-11,0,-11,-1,-12,-2,-12,-2,-12,-3,-12,-4,-12,-4,-12,-5,-11,-5,-12,-6,-11,-6,-11,-6,-11,-5,-11,-5,-11,-4,-12,-4,-12,-3,-12,-3,-12,-3,-13,-2,-13,-2,-13,-1,-14,-1,-14,-1,-14,-1]"
2025-08-18 21:57:53.899060,CSI_DATA,343,1a:00:00:00:00:00,-52,11,0,0,0,0,0,0,0,0,0,-94,0,1,0,58870866,0,31,0,128,0,"[0,0,3,-13,2,-14,2,-13,2,-14,1,-14,1,-13,0,-13,0,-14,-1,-13,-1,-13,-1,-14,-2,-14,-3,-14,-3,-14,-3,-14,-4,-15,-4,-15,-3,-16,-3,-15,-2,-16,-2,-16,-2,-16,-1,-16,0,-16,1,-15,1,-15,0,0,0,0,0,0,0,0,0,0,0,0,0,0,0,0,0,0,0,0,0,0,1,-10,1,-10,2,-10,3,-11,4,-11,5,-11,6,-11,6,-10,6,-11,7,-10,7,-10,7,-9,7,-9,6,-9,6,-10,6,-10,5,-10,5,-10,5,-11,4,-11,4,-12,3,-12,4,-12,3,-13,3,-13,3,-13]"
2025-08-18 21:57:54.099145,CSI_DATA,344,1a:00:00:00:00:00,-52,11,0,0,0,0,0,0,0,0,0,-94,0,1,0,59072225,0,31,0,128,0,"[0,0,11,-8,11,-8,10,-8,10,-9,10,-9,9,-10,9,-10,9,-10,8,-11,8,-11,8,-11,7,-12,7,-12,7,-12,7,-13,7,-13,7,-14,7,-14,8,-14,8,-14,9,-14,9,-13,10,-12,10,-12,10,-11,11,-11,0,0,0,0,0,0,0,0,0,0,0,0,0,0,0,0,0,0,0,0,0,0,7,-7,8,-6,8,-6,9,-6,10,-5,11,-5,11,-4,12,-4,12,-3,12,-3,12,-2,12,-2,12,-2,11,-3,11,-3,11,-3,11,-4,11,-5,10,-5,10,-5,10,-6,11,-6,11,-7,11,-7,11,-7,11,-8]"
2025-08-18 21:57:54.300583,CSI_DATA,345,1a:00:00:00:00:00,-52,11,0,0,0,0,0,0,0,0,0,-94,0,1,0,59273315,0,31,0,128,0,"[0,0,-9,11,-8,11,-8,11,-8,11,-7,11,-7,11,-7,11,-6,12,-6,12,-5,12,-5,12,-4,13,-4,13,-3,13,-4,14,-4,14,-4,14,-4,15,-4,15,-5,15,-5,15,-6,14,-6,14,-7,13,-7,13,-8,13,0,0,0,0,0,0,0,0,0,0,0,0,0,0,0,0,0,0,0,0,0,0,-5,8,-6,8,-7,8,-8,8,-8,8,-9,8,-10,7,-11,7,-11,6,-11,6,-11,6,-11,5,-11,6,-10,6,-10,6,-10,6,-10,6,-10,7,-9,7,-9,8,-9,8,-9,9,-9,9,-9,10,-9,10,-9,10]"
2025-08-18 21:57:54.506566,CSI_DATA,346,1a:00:00:00:00:00,-52,11,0,0,0,0,0,0,0,0,0,-94,0,1,0,59474522,0,31,0,128,0,"[0,0,-9,10,-9,10,-9,10,-8,10,-8,11,-8,11,-7,11,-6,11,-6,11,-6,12,-6,12,-5,12,-5,13,-4,13,-4,13,-4,14,-4,14,-5,15,-5,15,-6,14,-6,15,-6,14,-7,14,-7,13,-8,13,-9,12,0,0,0,0,0,0,0,0,0,0,0,0,0,0,0,0,0,0,0,0,0,0,-5,8,-6,8,-7,8,-8,8,-9,8,-10,7,-10,7,-11,7,-11,6,-11,6,-12,5,-11,5,-11,5,-11,5,-11,5,-10,5,-10,6,-10,6,-10,7,-9,8,-9,8,-9,9,-9,9,-9,9,-9,10,-9,10]"
2025-08-18 21:57:54.700334,CSI_DATA,347,1a:00:00:00:00:00,-52,11,0,0,0,0,0,0,0,0,0,-94,0,1,0,59675674,0,31,0,128,0,"[0,0,-6,12,-5,13,-4,12,-4,13,-4,13,-3,12,-3,13,-2,13,-2,13,-1,13,-1,13,0,13,0,13,0,13,1,14,1,14,1,15,0,15,0,15,0,15,-1,15,-1,15,-2,15,-2,15,-3,14,-4,14,0,0,0,0,0,0,0,0,0,0,0,0,0,0,0,0,0,0,0,0,0,0,-3,9,-4,9,-4,9,-5,9,-6,10,-7,9,-8,10,-8,9,-9,9,-9,9,-9,8,-9,8,-9,8,-9,8,-8,8,-8,8,-8,8,-7,9,-7,9,-7,10,-7,10,-6,11,-6,12,-6,12,-6,12,-6,12]"
2025-08-18 21:57:54.759941,CSI_DATA,348,1a:00:00:00:00:00,-52,11,0,0,0,0,0,0,0,0,0,-94,0,1,0,59738911,0,42,0,128,0,"[0,0,11,3,13,3,12,3,12,3,13,3,12,3,12,2,13,2,12,1,13,0,13,-1,13,-1,13,-2,14,-2,14,-2,14,-2,14,-2,15,-2,15,-2,15,-1,15,0,15,0,14,1,15,1,14,1,14,2,0,0,0,0,0,0,0,0,0,0,0,0,0,0,0,0,0,0,0,0,0,0,9,1,9,2,9,3,9,4,10,5,10,5,10,6,9,7,9,7,8,8,9,8,8,7,8,8,8,7,8,7,8,6,9,6,9,6,10,6,10,6,10,5,11,5,11,4,12,5,12,5,12,3]"
2025-08-18 21:57:54.848685,CSI_DATA,349,1a:00:00:00:00:00,-52,11,0,0,0,0,0,0,0,0,0,-94,0,1,0,59803503,0,31,0,128,0,"[0,0,-4,-13,-4,-14,-4,-13,-4,-13,-5,-13,-5,-13,-6,-13,-6,-12,-6,-12,-7,-12,-8,-12,-8,-12,-9,-11,-9,-11,-10,-12,-10,-12,-10,-13,-10,-13,-10,-13,-10,-13,-9,-14,-9,-14,-8,-14,-8,-14,-7,-14,-6,-14,0,0,0,0,0,0,0,0,0,0,0,0,0,0,0,0,0,0,0,0,0,0,-4,-9,-3,-10,-2,-11,-2,-11,-1,-12,0,-12,0,-13,1,-13,2,-13,2,-13,2,-12,2,-12,2,-12,2,-12,1,-12,1,-12,1,-12,0,-12,-1,-12,-1,-13,-1,-13,-2,-13,-2,-14,-3,-14,-3,-13,-3,-14]"
2025-08-18 21:57:55.036407,CSI_DATA,350,1a:00:00:00:00:00,-52,11,0,0,0,0,0,0,0,0,0,-94,0,1,0,60004581,0,31,0,128,0,"[0,0,-10,-11,-10,-10,-10,-10,-10,-10,-11,-10,-11,-9,-11,-9,-11,-8,-11,-7,-12,-7,-12,-7,-13,-7,-13,-7,-14,-6,-14,-6,-14,-6,-14,-7,-15,-7,-15,-7,-15,-7,-15,-8,-14,-8,-13,-9,-13,-9,-12,-9,-12,-10,0,0,0,0,0,0,0,0,0,0,0,0,0,0,0,0,0,0,0,0,0,0,-8,-7,-8,-8,-7,-9,-7,-9,-7,-10,-7,-11,-6,-11,-6,-12,-5,-12,-4,-12,-4,-12,-4,-12,-4,-12,-4,-12,-4,-12,-5,-11,-5,-11,-6,-11,-6,-11,-7,-11,-8,-11,-8,-11,-8,-10,-9,-11,-9,-11,-9,-11]"
2025-08-18 21:57:55.234464,CSI_DATA,351,1a:00:00:00:00:00,-52,11,0,0,0,0,0,0,0,0,0,-94,0,1,0,60205881,0,31,0,128,0,"[0,0,2,-14,2,-14,1,-14,1,-14,1,-14,0,-13,0,-14,-1,-13,-1,-13,-2,-13,-2,-13,-3,-13,-4,-14,-4,-14,-4,-14,-4,-14,-4,-15,-4,-15,-4,-16,-3,-16,-3,-16,-2,-16,-2,-15,-2,-16,-1,-15,0,-15,0,0,0,0,0,0,0,0,0,0,0,0,0,0,0,0,0,0,0,0,0,0,0,-10,1,-10,2,-11,2,-11,3,-11,4,-11,5,-11,5,-11,6,-11,6,-11,6,-10,6,-10,6,-10,6,-10,6,-10,5,-10,5,-10,4,-11,4,-11,4,-11,3,-12,3,-12,3,-12,2,-13,2,-13,2,-14]"
2025-08-18 21:57:55.427170,CSI_DATA,352,1a:00:00:00:00:00,-52,11,0,0,0,0,0,0,0,0,0,-94,0,1,0,60407055,0,31,0,128,0,"[0,0,9,9,9,9,9,9,9,8,10,8,10,8,10,8,10,7,10,6,11,6,11,6,11,5,12,5,12,5,13,5,13,5,13,5,13,5,14,6,14,6,13,7,13,7,12,8,12,8,11,8,11,9,0,0,0,0,0,0,0,0,0,0,0,0,0,0,0,0,0,0,0,0,0,0,7,5,7,6,7,7,7,8,6,8,6,9,5,10,5,10,5,10,4,11,4,11,3,10,4,10,4,10,4,10,4,10,5,10,5,9,6,9,6,9,7,9,7,9,8,9,8,9,8,10,8,9]"
2025-08-18 21:57:55.635585,CSI_DATA,353,1a:00:00:00:00:00,-52,11,0,0,0,0,0,0,0,0,0,-94,0,1,0,60608278,0,31,0,128,0,"[0,0,-12,8,-11,8,-12,8,-11,8,-11,9,-10,9,-10,9,-10,9,-9,10,-9,10,-9,11,-8,11,-8,12,-8,12,-8,12,-8,13,-8,13,-9,13,-9,13,-9,13,-10,13,-10,12,-10,11,-11,11,-11,11,-12,10,0,0,0,0,0,0,0,0,0,0,0,0,0,0,0,0,0,0,0,0,0,0,-7,6,-8,7,-9,6,-10,6,-11,5,-12,5,-12,4,-13,4,-13,3,-12,2,-13,2,-13,2,-12,2,-12,2,-12,3,-12,3,-12,4,-12,4,-11,4,-12,5,-11,5,-12,6,-12,6,-12,7,-12,7,-12,7]"
2025-08-18 21:57:55.836616,CSI_DATA,354,1a:00:00:00:00:00,-52,11,0,0,0,0,0,0,0,0,0,-94,0,1,0,60809380,0,31,0,128,0,"[0,0,11,-7,11,-8,11,-8,11,-8,10,-9,10,-9,10,-9,9,-10,9,-10,9,-10,9,-11,8,-11,8,-11,8,-12,8,-12,9,-13,8,-13,9,-13,9,-13,10,-13,10,-12,10,-12,11,-11,11,-11,11,-10,12,-10,0,0,0,0,0,0,0,0,0,0,0,0,0,0,0,0,0,0,0,0,0,0,7,-7,8,-7,8,-6,9,-6,10,-5,11,-5,11,-4,12,-4,12,-3,12,-3,12,-2,12,-2,11,-2,11,-2,11,-3,11,-3,11,-3,11,-4,11,-5,11,-5,11,-5,11,-6,11,-6,11,-7,11,-7,12,-7]"
2025-08-18 21:57:56.051562,CSI_DATA,355,1a:00:00:00:00:00,-52,11,0,0,0,0,0,0,0,0,0,-94,0,1,0,61010547,0,31,0,128,0,"[0,0,-13,6,-13,6,-13,6,-12,6,-12,7,-12,7,-12,7,-11,8,-11,8,-10,9,-10,9,-9,10,-10,10,-9,10,-10,11,-10,11,-10,11,-11,11,-11,11,-11,11,-12,11,-12,10,-12,10,-12,9,-13,9,-13,8,0,0,0,0,0,0,0,0,0,0,0,0,0,0,0,0,0,0,0,0,0,0,-8,5,-9,5,-10,4,-11,4,-11,3,-12,3,-13,2,-13,2,-13,1,-13,0,-13,0,-12,0,-12,0,-12,0,-12,1,-12,1,-12,1,-12,2,-12,2,-12,3,-12,3,-12,4,-12,5,-13,5,-12,5,-13,5]"
2025-08-18 21:57:56.231871,CSI_DATA,356,1a:00:00:00:00:00,-52,11,0,0,0,0,0,0,0,0,0,-94,0,1,0,61211678,0,31,0,128,0,"[0,0,9,10,9,9,9,9,9,9,10,9,10,8,10,8,10,8,10,7,11,6,11,6,12,6,12,6,13,6,13,5,13,5,13,6,14,6,14,7,13,7,13,7,13,8,12,8,12,9,11,9,11,9,0,0,0,0,0,0,0,0,0,0,0,0,0,0,0,0,0,0,0,0,0,0,7,5,7,6,7,7,7,8,7,9,6,10,5,10,5,10,5,11,4,11,4,11,4,11,4,11,4,11,4,11,4,10,5,10,5,9,6,10,6,10,6,10,7,10,7,10,8,10,8,10,9,10]"
2025-08-18 21:57:56.297570,CSI_DATA,357,1a:00:00:00:00:00,-52,11,0,0,0,0,0,0,0,0,0,-94,0,1,0,61274636,0,42,0,128,0,"[0,0,13,3,13,2,13,2,13,2,13,2,13,1,13,1,13,0,13,-1,13,-1,13,-2,13,-2,14,-2,14,-3,14,-3,15,-3,15,-3,15,-3,16,-2,16,-2,16,-2,16,-1,15,0,15,0,15,1,15,2,0,0,0,0,0,0,0,0,0,0,0,0,0,0,0,0,0,0,0,0,0,0,9,0,10,0,10,2,10,2,11,3,11,4,11,5,11,6,11,6,10,7,10,7,10,7,9,7,10,6,10,6,10,6,10,5,10,5,11,4,11,4,11,4,12,4,12,3,13,3,13,3,13,3]"
2025-08-18 21:57:56.380945,CSI_DATA,358,1a:00:00:00:00:00,-52,11,0,0,0,0,0,0,0,0,0,-94,0,1,0,61339495,0,31,0,128,0,"[0,0,-4,-13,-4,-13,-4,-13,-4,-13,-5,-13,-5,-12,-6,-12,-6,-12,-6,-11,-7,-11,-7,-11,-8,-11,-8,-12,-9,-11,-9,-11,-9,-12,-10,-12,-9,-12,-9,-13,-9,-13,-9,-13,-8,-13,-7,-14,-6,-14,-6,-13,-6,-14,0,0,0,0,0,0,0,0,0,0,0,0,0,0,0,0,0,0,0,0,0,0,-4,-9,-4,-9,-3,-10,-3,-11,-2,-11,-1,-11,-1,-12,0,-12,0,-12,1,-12,1,-12,1,-12,1,-12,1,-11,1,-11,0,-11,0,-11,-1,-12,-1,-12,-2,-12,-2,-12,-2,-13,-3,-13,-3,-12,-3,-13,-3,-13]"
2025-08-18 21:57:56.562932,CSI_DATA,359,1a:00:00:00:00:00,-52,11,0,0,0,0,0,0,0,0,0,-94,0,1,0,61541367,0,31,0,128,0,"[0,0,5,13,5,12,5,12,6,12,6,12,6,12,6,11,7,11,7,10,8,10,8,10,9,10,9,9,10,10,10,10,11,10,10,10,11,11,10,11,10,12,10,12,9,12,9,12,8,13,8,12,7,13,0,0,0,0,0,0,0,0,0,0,0,0,0,0,0,0,0,0,0,0,0,0,5,7,5,8,4,9,4,10,3,11,3,12,2,12,1,12,0,12,0,12,0,12,0,12,0,12,0,11,0,12,1,11,1,11,2,11,2,12,2,12,3,12,3,12,4,12,4,12,5,12,5,12]"
2025-08-18 21:57:56.770152,CSI_DATA,360,1a:00:00:00:00:00,-52,11,0,0,0,0,0,0,0,0,0,-94,0,1,0,61741747,0,31,0,128,0,"[0,0,2,-13,1,-14,1,-13,1,-13,0,-14,0,-14,0,-14,-1,-13,-1,-13,-2,-13,-2,-13,-3,-14,-3,-14,-4,-14,-4,-14,-4,-14,-3,-15,-3,-15,-3,-16,-3,-16,-2,-16,-2,-16,-1,-15,0,-15,0,-15,1,-15,0,0,0,0,0,0,0,0,0,0,0,0,0,0,0,0,0,0,0,0,0,0,-1,-10,0,-10,1,-11,1,-11,2,-12,3,-12,4,-12,4,-12,5,-11,5,-11,6,-11,6,-10,5,-11,5,-10,5,-10,5,-10,4,-11,4,-11,3,-11,3,-12,3,-12,3,-12,2,-13,2,-13,2,-13,2,-13]"
2025-08-18 21:57:57.037290,CSI_DATA,361,1a:00:00:00:00:00,-52,11,0,0,0,0,0,0,0,0,0,-94,0,1,0,61942900,0,31,0,128,0,"[0,0,10,8,10,8,10,8,11,7,11,7,11,7,11,6,11,6,11,5,12,5,12,4,12,4,12,4,13,4,13,3,14,3,14,4,14,4,14,4,14,5,14,5,14,6,13,7,13,7,12,7,12,8,0,0,0,0,0,0,0,0,0,0,0,0,0,0,0,0,0,0,0,0,0,0,8,4,8,5,8,6,8,7,8,8,8,8,7,9,7,10,6,10,6,10,5,10,5,10,5,10,5,10,5,10,6,9,6,9,7,9,7,9,8,9,8,9,9,8,9,8,9,9,9,9,10,8]"
2025-08-18 21:57:57.171715,CSI_DATA,362,1a:00:00:00:00:00,-52,11,0,0,0,0,0,0,0,0,0,-94,0,1,0,62144074,0,31,0,128,0,"[0,0,12,-6,11,-7,12,-7,11,-7,11,-8,11,-7,10,-8,10,-8,10,-9,9,-10,9,-10,9,-11,9,-11,9,-12,9,-12,9,-12,9,-12,10,-12,10,-12,10,-12,11,-12,11,-11,11,-11,11,-10,11,-10,12,-9,0,0,0,0,0,0,0,0,0,0,0,0,0,0,0,0,0,0,0,0,0,0,7,-6,8,-6,9,-5,10,-5,10,-4,12,-4,12,-3,12,-3,12,-2,12,-1,12,-1,12,-1,11,-1,11,-1,11,-1,11,-2,11,-2,11,-3,11,-3,11,-4,11,-4,12,-5,11,-5,12,-6,12,-6,12,-6]"
2025-08-18 21:57:57.368280,CSI_DATA,363,1a:00:00:00:00:00,-52,11,0,0,0,0,0,0,0,0,0,-94,0,1,0,62345249,0,31,0,128,0,"[0,0,3,13,4,13,4,13,5,13,5,12,5,12,6,12,6,12,6,11,7,11,8,11,8,10,8,10,9,10,10,10,10,10,10,11,10,12,10,12,10,12,9,13,9,13,8,13,8,13,7,13,6,13,0,0,0,0,0,0,0,0,0,0,0,0,0,0,0,0,0,0,0,0,0,0,4,8,4,9,3,10,2,10,2,11,1,12,0,12,-1,12,-1,12,-1,12,-2,12,-2,12,-2,12,-1,12,-1,12,-1,11,0,11,0,12,1,12,1,12,1,12,2,12,2,13,3,13,3,13,3,13]"
2025-08-18 21:57:57.572071,CSI_DATA,364,1a:00:00:00:00:00,-52,11,0,0,0,0,0,0,0,0,0,-94,0,1,0,62547533,0,31,0,128,0,"[0,0,7,11,6,10,7,11,8,11,8,10,7,10,8,10,9,9,10,7,9,7,10,7,11,7,11,7,12,7,12,6,12,7,12,7,13,7,12,8,12,8,12,8,11,9,11,9,11,9,10,9,10,10,0,0,0,0,0,0,0,0,0,0,0,0,0,0,0,0,0,0,0,0,0,0,6,6,6,7,5,8,5,9,5,9,4,10,3,11,3,11,2,11,2,11,2,11,2,11,2,11,2,11,1,10,3,10,2,11,3,11,4,10,3,12,4,11,4,11,7,11,6,11,6,11,7,11]"
2025-08-18 21:57:57.770327,CSI_DATA,365,1a:00:00:00:00:00,-52,11,0,0,0,0,0,0,0,0,0,-94,0,1,0,62747651,0,31,0,128,0,"[0,0,1,13,1,13,1,13,2,13,2,13,2,13,3,13,3,12,3,12,4,12,5,12,6,11,6,12,6,12,7,12,7,12,7,13,7,13,6,14,6,14,5,14,5,14,5,14,5,14,4,14,3,14,0,0,0,0,0,0,0,0,0,0,0,0,0,0,0,0,0,0,0,0,0,0,3,8,2,9,1,10,1,11,0,11,-1,12,-2,12,-3,12,-3,12,-3,12,-3,12,-4,11,-3,11,-3,11,-3,11,-3,11,-2,11,-2,11,-1,12,-1,12,-1,12,-1,12,0,13,1,13,1,13,1,13]"
2025-08-18 21:57:57.831952,CSI_DATA,366,1a:00:00:00:00:00,-52,11,0,0,0,0,0,0,0,0,0,-94,0,1,0,62810599,0,42,0,128,0,"[0,0,12,3,12,3,12,3,12,2,12,2,12,2,12,2,12,1,12,0,12,-1,12,-1,12,-2,13,-2,13,-2,13,-3,13,-3,14,-2,13,-2,15,-2,14,-2,14,-1,14,0,14,0,14,0,14,1,13,2,0,0,0,0,0,0,0,0,0,0,0,0,0,0,0,0,0,0,0,0,0,0,8,0,9,1,9,2,9,3,10,4,10,4,10,5,9,6,9,6,9,7,9,7,9,7,9,7,8,6,8,6,9,6,9,5,9,5,9,5,10,5,10,5,10,4,11,4,11,4,12,4,12,3]"
2025-08-18 21:57:57.904633,CSI_DATA,367,1a:00:00:00:00:00,-52,11,0,0,0,0,0,0,0,0,0,-94,0,1,0,62875459,0,31,0,128,0,"[0,0,1,-14,1,-14,0,-14,0,-13,-1,-14,-1,-14,-2,-14,-1,-14,-2,-13,-3,-13,-3,-13,-4,-13,-4,-14,-4,-14,-5,-14,-5,-14,-5,-15,-5,-15,-5,-15,-4,-15,-4,-16,-3,-15,-3,-15,-2,-16,-1,-15,0,-15,0,0,0,0,0,0,0,0,0,0,0,0,0,0,0,0,0,0,0,0,0,0,-2,-9,-1,-10,0,-11,1,-11,1,-12,2,-12,3,-12,3,-12,4,-12,5,-12,5,-11,5,-11,5,-11,5,-11,4,-11,4,-10,4,-11,3,-11,3,-12,3,-12,2,-13,2,-13,2,-13,2,-13,1,-14,2,-14]"
2025-08-18 21:57:58.101760,CSI_DATA,368,1a:00:00:00:00:00,-52,11,0,0,0,0,0,0,0,0,0,-94,0,1,0,63076545,0,31,0,128,0,"[0,0,9,-11,8,-11,8,-11,8,-11,8,-11,7,-11,7,-12,6,-12,6,-12,5,-13,5,-13,4,-13,4,-14,4,-14,4,-14,4,-15,4,-15,4,-15,5,-16,5,-15,6,-15,6,-15,6,-14,7,-14,8,-13,8,-13,0,0,0,0,0,0,0,0,0,0,0,0,0,0,0,0,0,0,0,0,0,0,4,-9,5,-9,6,-9,7,-9,8,-8,9,-8,10,-8,10,-7,11,-7,10,-6,11,-6,11,-6,10,-6,10,-6,10,-6,10,-6,10,-7,9,-7,9,-8,9,-8,9,-9,9,-9,9,-9,9,-10,9,-10,9,-11]"
2025-08-18 21:57:58.305342,CSI_DATA,369,1a:00:00:00:00:00,-52,11,0,0,0,0,0,0,0,0,0,-94,0,1,0,63277688,0,31,0,128,0,"[0,0,4,-14,2,-14,2,-13,2,-14,1,-14,1,-14,0,-14,0,-14,-1,-14,-1,-14,-1,-14,-2,-14,-2,-14,-3,-14,-4,-15,-3,-15,-3,-16,-3,-16,-3,-16,-3,-16,-2,-16,-2,-16,-1,-17,0,-16,1,-15,1,-15,0,0,0,0,0,0,0,0,0,0,0,0,0,0,0,0,0,0,0,0,0,0,0,-10,1,-10,2,-11,2,-11,3,-12,4,-12,5,-12,6,-11,6,-11,7,-11,7,-11,7,-10,7,-10,7,-10,6,-10,6,-11,5,-11,5,-11,4,-11,4,-12,4,-12,4,-13,4,-13,4,-13,3,-13,3,-13]"
2025-08-18 21:57:58.500509,CSI_DATA,370,1a:00:00:00:00:00,-52,11,0,0,0,0,0,0,0,0,0,-94,0,1,0,63478930,0,31,0,128,0,"[0,0,5,12,6,12,6,11,6,11,7,10,7,11,7,10,8,10,8,9,9,9,9,9,10,8,10,8,10,8,11,9,11,9,11,9,11,9,11,10,11,10,10,10,10,11,10,11,9,11,8,11,7,12,0,0,0,0,0,0,0,0,0,0,0,0,0,0,0,0,0,0,0,0,0,0,5,7,5,7,5,9,4,9,4,10,3,11,2,11,2,12,1,12,1,12,0,12,0,11,1,11,1,11,1,11,1,11,1,11,2,11,3,11,3,11,4,11,4,11,5,12,5,12,5,12,5,12]"
2025-08-18 21:57:58.710539,CSI_DATA,371,1a:00:00:00:00:00,-52,11,0,0,0,0,0,0,0,0,0,-94,0,1,0,63680294,0,31,0,128,0,"[0,0,-14,-5,-14,-5,-13,-4,-14,-3,-14,-3,-14,-2,-14,-2,-14,-2,-14,-1,-14,0,-14,0,-14,1,-14,1,-14,2,-15,2,-15,2,-16,2,-16,2,-16,2,-16,2,-16,1,-16,0,-16,0,-16,-1,-16,-1,-16,-2,0,0,0,0,0,0,0,0,0,0,0,0,0,0,0,0,0,0,0,0,0,0,-10,-2,-10,-3,-22,-10,-10,-5,-11,-6,-11,-6,-11,-7,-11,-8,-10,-8,-10,-9,-10,-9,-9,-9,-10,-9,-9,-8,-9,-8,-10,-8,-10,-7,-10,-7,-11,-7,-12,-6,-12,-6,-12,-6,-13,-5,-13,-5,-13,-5,-14,-5]"
2025-08-18 21:57:58.913836,CSI_DATA,372,1a:00:00:00:00:00,-52,11,0,0,0,0,0,0,0,0,0,-94,0,1,0,63881340,0,31,0,128,0,"[0,0,-6,-13,-6,-13,-7,-13,-7,-12,-8,-12,-8,-12,-8,-12,-8,-11,-9,-11,-9,-10,-10,-10,-11,-10,-11,-10,-12,-10,-12,-9,-12,-10,-12,-10,-13,-10,-12,-11,-12,-11,-12,-12,-11,-12,-11,-12,-11,-12,-10,-12,-9,-13,0,0,0,0,0,0,0,0,0,0,0,0,0,0,0,0,0,0,0,0,0,0,-6,-8,-6,-9,-5,-10,-4,-11,-4,-12,-3,-13,-2,-13,-2,-13,-1,-13,-1,-13,-1,-13,-1,-13,-1,-13,-1,-13,-1,-13,-1,-12,-2,-12,-3,-12,-3,-13,-4,-12,-4,-13,-4,-13,-5,-12,-6,-13,-6,-13,-6,-13]"
2025-08-18 21:57:59.111925,CSI_DATA,373,1a:00:00:00:00:00,-52,11,0,0,0,0,0,0,0,0,0,-94,0,1,0,64082478,0,31,0,128,0,"[0,0,13,-1,13,-2,13,-2,13,-3,13,-3,13,-3,12,-4,12,-4,12,-5,12,-5,12,-6,12,-6,12,-7,12,-7,12,-8,12,-8,13,-8,13,-8,14,-8,14,-8,14,-7,14,-6,14,-6,14,-5,14,-4,14,-4,0,0,0,0,0,0,0,0,0,0,0,0,0,0,0,0,0,0,0,0,0,0,9,-3,9,-3,10,-2,10,-1,11,-1,12,0,12,1,12,2,12,2,12,3,11,3,11,3,11,3,11,3,11,3,11,2,11,2,11,1,11,1,12,1,12,0,12,0,13,-1,13,-1,13,-1,13,-2]"
2025-08-18 21:57:59.305918,CSI_DATA,374,1a:00:00:00:00:00,-52,11,0,0,0,0,0,0,0,0,0,-94,0,1,0,64283634,0,31,0,128,0,"[0,0,3,13,4,12,5,12,5,12,5,12,5,11,6,11,6,11,7,11,7,10,7,10,8,10,9,10,9,10,9,10,10,10,10,11,10,11,10,11,10,12,9,12,9,12,8,13,8,13,7,13,6,13,0,0,0,0,0,0,0,0,0,0,0,0,0,0,0,0,0,0,0,0,0,0,4,8,4,9,3,10,2,10,2,11,1,11,0,12,0,12,-1,12,-1,12,-2,12,-2,12,-1,12,-1,12,-1,11,-1,11,0,11,0,11,1,11,2,12,1,12,2,12,3,12,3,13,3,13,3,13]"
2025-08-18 21:57:59.371924,CSI_DATA,375,1a:00:00:00:00:00,-52,11,0,0,0,0,0,0,0,0,0,-94,0,1,0,64346590,0,42,0,128,0,"[0,0,10,-7,10,-7,10,-8,9,-7,9,-8,9,-8,9,-8,8,-9,8,-9,7,-9,7,-10,6,-10,6,-11,7,-12,7,-10,7,-12,6,-11,7,-12,8,-12,8,-11,8,-12,9,-11,8,-10,9,-11,9,-10,10,-9,0,0,0,0,0,0,0,0,0,0,0,0,0,0,0,0,0,0,0,0,0,0,5,-6,6,-7,3,-8,15,-5,13,-7,6,-2,8,-1,10,-2,11,-2,10,-3,10,-3,10,-3,10,-3,10,-3,10,-3,9,-3,10,-3,9,-4,10,-4,9,-5,10,-5,10,-5,9,-6,10,-7,10,-7,10,-7]"
2025-08-18 21:57:59.441054,CSI_DATA,376,1a:00:00:00:00:00,-52,11,0,0,0,0,0,0,0,0,0,-94,0,1,0,64413318,0,31,0,128,0,"[0,0,13,3,13,3,13,3,13,2,13,2,13,1,13,1,13,0,12,-1,12,-1,13,-2,13,-2,13,-3,14,-3,14,-3,14,-3,14,-3,15,-3,15,-3,15,-2,15,-2,15,-1,15,-1,15,0,15,0,15,1,0,0,0,0,0,0,0,0,0,0,0,0,0,0,0,0,0,0,0,0,0,0,9,0,10,1,10,2,10,3,10,3,11,4,10,5,10,6,10,6,9,7,10,7,9,7,9,7,9,7,9,6,9,6,10,6,10,5,10,5,11,5,11,4,12,4,12,4,12,4,12,4,13,3]"
2025-08-18 21:57:59.660878,CSI_DATA,377,1a:00:00:00:00:00,-52,11,0,0,0,0,0,0,0,0,0,-94,0,1,0,64614536,0,31,0,128,0,"[0,0,-11,-10,-11,-10,-11,-9,-11,-9,-12,-9,-11,-8,-12,-8,-12,-7,-12,-7,-12,-6,-13,-6,-13,-5,-14,-5,-14,-5,-14,-5,-15,-5,-15,-5,-15,-5,-15,-6,-15,-6,-15,-6,-15,-7,-14,-7,-14,-8,-14,-8,-13,-9,0,0,0,0,0,0,0,0,0,0,0,0,0,0,0,0,0,0,0,0,0,0,-9,-6,-9,-7,-8,-8,-8,-9,-8,-9,-8,-10,-7,-11,-7,-11,-6,-12,-6,-12,-6,-12,-6,-12,-6,-12,-5,-11,-6,-11,-6,-11,-6,-11,-7,-10,-8,-11,-8,-10,-8,-10,-9,-10,-9,-10,-10,-10,-10,-10,-10,-10]"
2025-08-18 21:57:59.844368,CSI_DATA,378,1a:00:00:00:00:00,-52,11,0,0,0,0,0,0,0,0,0,-94,0,1,0,64815776,0,31,0,128,0,"[0,0,2,-15,2,-15,1,-15,1,-15,0,-15,0,-15,0,-15,-1,-15,-1,-15,-2,-14,-3,-15,-3,-15,-4,-15,-4,-16,-4,-15,-5,-16,-5,-16,-4,-17,-4,-17,-3,-17,-3,-18,-2,-17,-2,-17,-2,-17,-1,-16,0,-17,0,0,0,0,0,0,0,0,0,0,0,0,0,0,0,0,0,0,0,0,0,0,-1,-10,-2,-9,1,-13,-2,-8,8,-7,1,-8,1,-15,4,-12,6,-13,6,-12,7,-12,7,-12,6,-12,6,-12,5,-12,6,-11,5,-12,4,-12,4,-13,3,-13,4,-13,3,-14,3,-14,2,-15,2,-15,3,-15]"
2025-08-18 21:58:00.037387,CSI_DATA,379,1a:00:00:00:00:00,-52,11,0,0,0,0,0,0,0,0,0,-94,0,1,0,65016810,0,31,0,128,0,"[0,0,9,9,9,9,10,9,10,8,10,8,10,8,10,7,11,7,11,6,11,6,12,5,12,5,12,5,13,5,13,4,13,4,14,5,14,5,14,5,14,6,14,6,14,7,13,8,13,8,12,8,11,8,0,0,0,0,0,0,0,0,0,0,0,0,0,0,0,0,0,0,0,0,0,0,7,5,7,6,7,7,7,8,7,9,6,9,6,10,6,10,5,11,5,11,4,11,4,11,4,11,4,10,5,10,5,10,5,10,6,9,6,10,7,10,7,10,7,10,8,10,8,10,9,10,9,9]"
2025-08-18 21:58:00.245114,CSI_DATA,380,1a:00:00:00:00:00,-52,11,0,0,0,0,0,0,0,0,0,-94,0,1,0,65217950,0,31,0,128,0,"[0,0,-12,8,-11,8,-11,8,-11,8,-10,9,-10,9,-10,9,-10,9,-9,10,-9,10,-9,11,-8,11,-8,11,-8,12,-8,12,-8,12,-8,13,-9,13,-9,13,-9,13,-10,12,-10,12,-10,12,-11,11,-11,10,-12,10,0,0,0,0,0,0,0,0,0,0,0,0,0,0,0,0,0,0,0,0,0,0,-7,6,-8,6,-9,6,-10,5,-11,5,-11,5,-12,4,-13,4,-13,3,-13,3,-13,2,-13,2,-12,2,-12,2,-12,3,-12,3,-12,3,-12,4,-12,4,-12,5,-11,5,-12,6,-12,6,-12,7,-12,7,-12,7]"
2025-08-18 21:58:00.445809,CSI_DATA,381,1a:00:00:00:00:00,-52,11,0,0,0,0,0,0,0,0,0,-94,0,1,0,65419221,0,31,0,128,0,"[0,0,12,-6,11,-6,11,-6,11,-7,11,-7,11,-7,10,-8,10,-8,9,-8,9,-9,9,-9,9,-10,9,-10,9,-11,9,-11,9,-11,9,-11,10,-12,10,-12,11,-12,11,-11,11,-11,11,-10,12,-9,12,-8,12,-8,0,0,0,0,0,0,0,0,0,0,0,0,0,0,0,0,0,0,0,0,0,0,7,-6,8,-6,9,-5,9,-4,10,-4,11,-3,12,-3,12,-2,12,-2,12,-1,12,-1,12,-1,11,-1,11,-1,11,-1,11,-1,11,-2,11,-2,11,-3,11,-4,11,-4,11,-5,11,-5,12,-5,12,-5,12,-6]"
2025-08-18 21:58:00.647174,CSI_DATA,382,1a:00:00:00:00:00,-52,11,0,0,0,0,0,0,0,0,0,-94,0,1,0,65620409,0,31,0,128,0,"[0,0,12,-6,12,-7,11,-7,12,-7,11,-8,11,-8,10,-8,10,-9,10,-9,10,-10,9,-10,9,-10,9,-11,9,-11,9,-12,9,-12,9,-12,10,-12,10,-12,10,-12,11,-12,11,-11,11,-10,12,-10,12,-9,12,-9,0,0,0,0,0,0,0,0,0,0,0,0,0,0,0,0,0,0,0,0,0,0,7,-6,8,-6,9,-5,10,-5,10,-4,11,-4,12,-3,12,-3,12,-2,12,-1,12,-1,12,-1,12,-1,11,-1,11,-2,11,-2,11,-2,11,-3,11,-3,11,-4,11,-4,11,-5,12,-5,12,-5,12,-6,12,-6]"
2025-08-18 21:58:00.857682,CSI_DATA,383,1a:00:00:00:00:00,-52,11,0,0,0,0,0,0,0,0,0,-94,0,1,0,65821684,0,31,0,128,0,"[0,0,13,-4,12,-5,12,-5,12,-5,12,-6,12,-6,11,-7,11,-7,11,-8,11,-8,11,-8,10,-9,11,-9,10,-9,11,-10,10,-10,11,-10,11,-10,12,-11,12,-11,12,-10,12,-10,13,-9,13,-8,13,-7,13,-6,0,0,0,0,0,0,0,0,0,0,0,0,0,0,0,0,0,0,0,0,0,0,8,-5,9,-4,10,-4,10,-3,11,-3,11,-2,12,-2,12,-1,12,-1,12,0,12,1,11,1,12,1,11,1,11,0,11,0,11,-1,12,-1,11,-1,12,-2,11,-3,12,-3,12,-3,12,-3,13,-3,13,-4]"
2025-08-18 21:58:00.905334,CSI_DATA,384,1a:00:00:00:00:00,-51,11,0,0,0,0,0,0,0,0,0,-94,0,1,0,65882601,0,42,0,128,0,"[0,0,11,2,10,0,11,1,11,0,11,0,11,0,11,0,11,0,10,-1,11,-1,11,-2,11,-2,11,-2,11,-2,12,-3,12,-2,12,-1,13,-2,13,-1,13,-1,13,1,13,1,12,2,12,2,12,3,12,3,0,0,0,0,0,0,0,0,0,0,0,0,0,0,0,0,0,0,0,0,0,0,9,-5,13,-9,27,-3,-6,-9,14,5,14,-2,4,1,13,2,9,2,10,1,9,2,8,3,9,3,9,3,9,3,9,2,9,2,9,2,10,2,10,2,10,1,10,2,10,1,11,1,11,1,11,1]"
2025-08-18 21:58:00.978593,CSI_DATA,385,1a:00:00:00:00:00,-52,11,0,0,0,0,0,0,0,0,0,-94,0,1,0,65946894,0,31,0,128,0,"[0,0,-11,-10,-11,-9,-11,-9,-11,-9,-12,-8,-12,-8,-12,-8,-12,-7,-12,-6,-13,-6,-13,-5,-13,-5,-14,-5,-14,-5,-14,-4,-15,-4,-15,-5,-15,-5,-16,-6,-15,-6,-15,-6,-15,-7,-14,-7,-14,-8,-13,-8,-13,-8,0,0,0,0,0,0,0,0,0,0,0,0,0,0,0,0,0,0,0,0,0,0,-8,-5,-9,-6,-9,-7,-8,-8,-9,-9,-8,-10,-7,-11,-7,-11,-7,-11,-6,-11,-6,-12,-6,-11,-6,-11,-6,-11,-6,-11,-6,-10,-7,-10,-7,-10,-8,-10,-8,-10,-9,-10,-9,-10,-10,-10,-10,-10,-10,-10,-10,-10]"
2025-08-18 21:58:01.188570,CSI_DATA,386,1a:00:00:00:00:00,-52,11,0,0,0,0,0,0,0,0,0,-94,0,1,0,66147978,0,31,0,128,0,"[0,0,-13,6,-12,6,-12,6,-12,6,-12,7,-12,7,-11,7,-11,8,-11,8,-10,9,-10,9,-9,10,-9,10,-9,11,-9,11,-10,11,-10,11,-10,12,-11,12,-11,11,-11,11,-12,10,-12,10,-12,10,-12,9,-13,8,0,0,0,0,0,0,0,0,0,0,0,0,0,0,0,0,0,0,0,0,0,0,-8,6,-9,5,-10,5,-10,4,-11,4,-12,3,-12,3,-13,2,-13,2,-13,1,-13,1,-13,1,-13,1,-12,1,-12,1,-12,1,-12,2,-12,2,-12,3,-12,3,-12,4,-12,4,-12,5,-13,5,-13,5,-13,6]"
2025-08-18 21:58:01.376597,CSI_DATA,387,1a:00:00:00:00:00,-52,11,0,0,0,0,0,0,0,0,0,-94,0,1,0,66349172,0,31,0,128,0,"[0,0,-12,7,-12,7,-11,7,-11,8,-11,8,-10,8,-10,9,-10,9,-9,10,-9,10,-8,10,-8,11,-8,11,-8,12,-8,12,-8,12,-8,13,-9,13,-9,13,-9,13,-10,13,-10,12,-10,12,-11,11,-11,10,-11,10,0,0,0,0,0,0,0,0,0,0,0,0,0,0,0,0,0,0,0,0,0,0,-7,6,-8,6,-9,6,-10,5,-11,5,-12,4,-12,4,-13,3,-13,3,-13,2,-13,2,-13,2,-12,2,-12,2,-12,2,-12,3,-12,3,-12,4,-12,4,-11,4,-12,5,-12,6,-12,6,-12,6,-12,7,-12,7]"
2025-08-18 21:58:01.569650,CSI_DATA,388,1a:00:00:00:00:00,-52,11,0,0,0,0,0,0,0,0,0,-94,0,1,0,66550388,0,31,0,128,0,"[0,0,11,6,11,6,11,5,12,6,12,5,11,5,12,4,12,4,12,3,12,2,12,2,13,1,13,1,13,1,14,1,14,1,14,1,14,1,15,2,15,2,14,3,14,3,14,4,14,4,13,4,13,5,0,0,0,0,0,0,0,0,0,0,0,0,0,0,0,0,0,0,0,0,0,0,8,3,8,3,9,5,8,5,9,6,8,7,8,8,8,8,8,9,7,9,7,9,7,9,7,9,7,9,7,8,7,8,7,8,8,7,8,7,9,7,9,7,9,7,10,7,11,7,11,7,11,6]"
2025-08-18 21:58:01.780510,CSI_DATA,389,1a:00:00:00:00:00,-52,11,0,0,0,0,0,0,0,0,0,-94,0,1,0,66751516,0,31,0,128,0,"[0,0,0,-15,-1,-14,-1,-15,-1,-14,-2,-15,-2,-14,-3,-14,-3,-14,-3,-13,-4,-14,-5,-14,-6,-14,-6,-14,-6,-14,-6,-14,-7,-14,-7,-15,-7,-15,-6,-16,-6,-16,-5,-16,-5,-16,-4,-16,-4,-16,-3,-16,-3,-16,0,0,0,0,0,0,0,0,0,0,0,0,0,0,0,0,0,0,0,0,0,0,-2,-10,-1,-11,-1,-11,0,-12,0,-12,2,-13,3,-13,3,-13,4,-13,4,-12,5,-12,5,-12,4,-12,4,-12,4,-12,4,-12,3,-12,3,-12,2,-13,2,-13,1,-13,1,-13,1,-14,0,-14,0,-15,0,-15]"
2025-08-18 21:58:01.978390,CSI_DATA,390,1a:00:00:00:00:00,-52,11,0,0,0,0,0,0,0,0,0,-94,0,1,0,66952858,0,31,0,128,0,"[0,0,9,-10,9,-11,8,-10,9,-11,7,-11,8,-11,7,-11,6,-12,6,-12,5,-13,5,-13,4,-13,4,-14,4,-14,4,-15,4,-15,4,-15,5,-15,5,-15,6,-15,6,-15,6,-15,6,-14,7,-14,7,-14,8,-13,0,0,0,0,0,0,0,0,0,0,0,0,0,0,0,0,0,0,0,0,0,0,5,-8,6,-8,7,-8,7,-8,8,-8,9,-7,10,-7,11,-7,11,-6,11,-6,11,-5,11,-5,11,-6,10,-5,10,-5,10,-6,10,-6,10,-7,9,-7,9,-8,9,-8,9,-9,9,-9,9,-10,9,-10,9,-10]"
2025-08-18 21:58:02.182515,CSI_DATA,391,1a:00:00:00:00:00,-52,11,0,0,0,0,0,0,0,0,0,-94,0,1,0,67153990,0,31,0,128,0,"[0,0,-14,0,-13,0,-14,1,-13,1,-13,1,-13,2,-13,2,-13,3,-13,3,-12,4,-12,4,-12,5,-12,5,-13,6,-12,6,-13,6,-13,6,-14,6,-14,6,-14,5,-14,5,-15,4,-14,4,-14,4,-14,3,-15,2,0,0,0,0,0,0,0,0,0,0,0,0,0,0,0,0,0,0,0,0,0,0,-9,2,-10,1,-10,0,-11,0,-12,-1,-12,-1,-12,-2,-12,-3,-12,-3,-12,-4,-12,-4,-12,-4,-11,-4,-11,-4,-11,-4,-11,-3,-12,-3,-11,-2,-12,-2,-12,-2,-12,-1,-13,-1,-13,0,-13,0,-13,0,-14,0]"
2025-08-18 21:58:02.391248,CSI_DATA,392,1a:00:00:00:00:00,-52,11,0,0,0,0,0,0,0,0,0,-94,0,1,0,67355180,0,31,0,128,0,"[0,0,13,1,13,1,13,1,13,0,13,0,12,0,12,-1,13,-1,12,-2,12,-3,12,-3,12,-3,12,-4,13,-4,13,-4,14,-4,14,-4,14,-4,14,-4,14,-3,15,-3,15,-2,14,-2,14,-1,14,0,14,0,0,0,0,0,0,0,0,0,0,0,0,0,0,0,0,0,0,0,0,0,0,0,8,-2,10,-2,5,4,8,0,8,5,11,4,10,2,11,4,11,4,11,4,10,5,10,5,10,5,10,5,10,4,10,4,10,4,10,3,11,3,11,3,11,2,12,2,12,1,12,1,13,1,13,1]"
2025-08-18 21:58:02.439761,CSI_DATA,393,1a:00:00:00:00:00,-52,11,0,0,0,0,0,0,0,0,0,-94,0,1,0,67418577,0,42,0,128,0,"[0,0,12,4,13,3,12,3,13,3,13,2,13,2,13,2,13,1,13,0,13,0,13,-1,13,-1,13,-1,13,-2,14,-2,14,-2,15,-2,15,-2,16,-2,15,-1,15,-1,15,0,15,0,15,1,15,1,14,2,0,0,0,0,0,0,0,0,0,0,0,0,0,0,0,0,0,0,0,0,0,0,9,1,9,1,10,3,10,4,10,4,10,5,10,6,10,6,10,7,9,8,9,8,9,8,9,8,8,7,9,7,9,7,9,6,10,6,10,6,10,5,11,5,11,5,12,5,12,5,12,4,12,4]"
2025-08-18 21:58:02.513707,CSI_DATA,394,1a:00:00:00:00:00,-52,11,0,0,0,0,0,0,0,0,0,-94,0,1,0,67484198,0,31,0,128,0,"[0,0,-14,-1,-14,-1,-14,-1,-14,0,-15,1,-14,1,-14,1,-13,2,-13,2,-13,3,-13,3,-13,4,-13,4,-14,5,-14,6,-14,6,-14,6,-15,6,-15,6,-15,5,-15,5,-15,4,-15,4,-15,3,-15,2,-15,2,0,0,0,0,0,0,0,0,0,0,0,0,0,0,0,0,0,0,0,0,0,0,-10,1,-10,0,-11,-1,-12,-2,-12,-2,-12,-3,-13,-4,-13,-5,-12,-5,-12,-6,-12,-6,-12,-6,-12,-6,-11,-5,-11,-5,-11,-5,-12,-4,-12,-4,-12,-3,-13,-3,-13,-3,-13,-3,-13,-2,-14,-1,-14,-1,-14,-1]"
2025-08-18 21:58:02.724458,CSI_DATA,395,1a:00:00:00:00:00,-52,11,0,0,0,0,0,0,0,0,0,-94,0,1,0,67685244,0,31,0,128,0,"[0,0,-8,11,-8,11,-7,11,-7,11,-6,12,-6,12,-6,12,-5,12,-5,12,-4,12,-4,13,-3,13,-3,13,-2,14,-2,14,-2,14,-2,14,-2,15,-3,15,-3,15,-4,15,-4,15,-5,14,-5,14,-6,14,-7,13,0,0,0,0,0,0,0,0,0,0,0,0,0,0,0,0,0,0,0,0,0,0,-4,8,-5,8,-6,8,-7,9,-8,9,-9,8,-10,8,-10,8,-11,7,-11,7,-11,7,-11,6,-10,6,-10,7,-10,7,-10,7,-10,7,-9,8,-9,8,-9,8,-9,9,-8,9,-8,10,-8,10,-8,11,-8,11]"
2025-08-18 21:58:02.913406,CSI_DATA,396,1a:00:00:00:00:00,-52,11,0,0,0,0,0,0,0,0,0,-94,0,1,0,67886412,0,31,0,128,0,"[0,0,-13,5,-13,5,-13,6,-12,6,-12,6,-12,7,-11,7,-11,7,-11,7,-10,8,-10,8,-10,9,-10,9,-9,10,-10,10,-10,10,-10,11,-11,10,-11,11,-12,10,-12,10,-12,9,-12,9,-12,9,-13,8,-13,7,0,0,0,0,0,0,0,0,0,0,0,0,0,0,0,0,0,0,0,0,0,0,-8,5,-9,5,-10,4,-10,4,-11,3,-12,3,-12,2,-13,1,-13,1,-13,0,-13,0,-12,0,-12,0,-12,0,-12,0,-12,1,-12,1,-12,2,-12,2,-12,3,-12,3,-12,3,-12,4,-12,4,-13,4,-13,5]"
2025-08-18 21:58:03.117762,CSI_DATA,397,1a:00:00:00:00:00,-52,11,0,0,0,0,0,0,0,0,0,-94,0,1,0,68087815,0,31,0,128,0,"[0,0,0,-14,-1,-14,-1,-14,-1,-14,-2,-14,-2,-14,-2,-14,-3,-14,-3,-14,-4,-13,-5,-13,-6,-13,-6,-13,-6,-14,-6,-14,-6,-14,-6,-15,-6,-15,-6,-15,-5,-15,-5,-16,-4,-16,-4,-16,-4,-16,-3,-15,-2,-15,0,0,0,0,0,0,0,0,0,0,0,0,0,0,0,0,0,0,0,0,0,0,-3,-10,-2,-11,-1,-11,-1,-12,0,-12,1,-12,2,-12,3,-13,4,-13,3,-12,4,-12,4,-12,4,-12,3,-12,3,-12,3,-12,3,-12,2,-12,2,-12,1,-12,1,-13,1,-13,0,-13,0,-14,0,-14,0,-14]"
2025-08-18 21:58:03.320387,CSI_DATA,398,1a:00:00:00:00:00,-52,11,0,0,0,0,0,0,0,0,0,-94,0,1,0,68288930,0,31,0,128,0,"[0,0,-12,-8,-12,-8,-12,-7,-12,-7,-13,-7,-12,-6,-13,-6,-13,-5,-13,-5,-13,-4,-14,-3,-14,-3,-14,-3,-15,-2,-15,-2,-15,-2,-15,-2,-16,-3,-16,-3,-16,-4,-16,-4,-15,-5,-15,-5,-15,-5,-15,-6,-14,-7,0,0,0,0,0,0,0,0,0,0,0,0,0,0,0,0,0,0,0,0,0,0,-9,-4,-10,-5,-10,-6,-10,-7,-10,-8,-9,-9,-9,-10,-9,-10,-8,-10,-8,-11,-8,-11,-7,-11,-8,-10,-7,-10,-8,-10,-8,-9,-8,-9,-9,-9,-9,-9,-9,-9,-10,-9,-10,-9,-11,-8,-12,-8,-11,-8,-12,-8]"
2025-08-18 21:58:03.510744,CSI_DATA,399,1a:00:00:00:00:00,-52,11,0,0,0,0,0,0,0,0,0,-94,0,1,0,68490181,0,31,0,128,0,"[0,0,8,11,8,11,8,10,8,10,9,9,9,10,9,9,9,9,9,8,10,7,11,7,11,6,12,7,12,7,12,7,12,7,13,7,13,7,13,8,12,8,12,9,12,9,12,9,11,9,11,9,10,10,0,0,0,0,0,0,0,0,0,0,0,0,0,0,0,0,0,0,0,0,0,0,7,5,7,7,7,8,6,8,6,9,5,10,5,11,4,11,4,11,4,11,3,11,3,11,3,11,3,11,3,11,3,11,3,10,4,10,5,10,5,10,6,11,6,11,7,10,7,10,8,10,8,10]"
2025-08-18 21:58:03.720360,CSI_DATA,400,1a:00:00:00:00:00,-52,11,0,0,0,0,0,0,0,0,0,-94,0,1,0,68691305,0,31,0,128,0,"[0,0,-13,-2,-13,-2,-13,-2,-13,-2,-13,-1,-13,-1,-13,0,-13,0,-13,1,-13,1,-13,2,-13,2,-13,3,-14,3,-13,4,-14,4,-14,3,-15,4,-15,4,-15,3,-15,3,-15,2,-15,2,-15,1,-15,1,-15,0,0,0,0,0,0,0,0,0,0,0,0,0,0,0,0,0,0,0,0,0,0,0,-9,0,-10,-1,-10,-2,-11,-3,-11,-4,-11,-4,-11,-5,-11,-6,-11,-6,-11,-7,-10,-7,-10,-7,-10,-7,-10,-7,-10,-6,-10,-6,-10,-5,-11,-5,-11,-5,-11,-4,-12,-4,-12,-4,-12,-3,-13,-3,-13,-3,-13,-3]"
2025-08-18 21:58:03.922586,CSI_DATA,401,1a:00:00:00:00:00,-52,11,0,0,0,0,0,0,0,0,0,-94,0,1,0,68892469,0,31,0,128,0,"[0,0,-12,8,-11,8,-11,9,-11,9,-10,9,-10,9,-9,9,-9,10,-9,10,-8,10,-8,11,-7,11,-7,11,-7,12,-7,12,-7,13,-7,13,-8,14,-8,14,-8,13,-9,13,-9,13,-9,12,-10,12,-10,11,-11,11,0,0,0,0,0,0,0,0,0,0,0,0,0,0,0,0,0,0,0,0,0,0,-7,7,-8,7,-9,6,-10,6,-10,5,-11,5,-12,5,-12,4,-13,4,-12,3,-13,3,-12,3,-12,3,-12,3,-12,3,-12,3,-12,4,-11,4,-11,5,-11,5,-11,6,-11,6,-11,7,-11,7,-11,7,-11,8]"
2025-08-18 21:58:03.983089,CSI_DATA,402,1a:00:00:00:00:00,-52,11,0,0,0,0,0,0,0,0,0,-94,0,1,0,68954568,0,42,0,128,0,"[0,0,-14,3,-14,3,-14,3,-14,3,-13,4,-13,4,-13,4,-12,5,-12,5,-12,6,-12,6,-12,7,-12,7,-12,8,-12,8,-12,8,-13,8,-13,9,-14,9,-14,8,-14,8,-14,7,-14,6,-15,6,-14,5,-15,5,0,0,0,0,0,0,0,0,0,0,0,0,0,0,0,0,0,0,0,0,0,0,-9,3,-10,3,-11,2,-11,1,-12,1,-13,0,-13,0,-13,-1,-13,-2,-13,-2,-13,-3,-13,-3,-12,-3,-12,-2,-12,-2,-12,-2,-12,-1,-12,-1,-12,0,-12,0,-13,0,-13,1,-13,1,-14,2,-14,2,-14,2]"
2025-08-18 21:58:04.050316,CSI_DATA,403,1a:00:00:00:00:00,-52,11,0,0,0,0,0,0,0,0,0,-94,0,1,0,69029155,0,31,0,128,0,"[0,0,8,10,8,10,8,10,9,10,9,9,9,9,9,9,10,8,10,7,10,7,11,7,11,7,11,7,12,6,13,6,13,6,13,7,13,7,13,7,13,8,12,8,12,9,12,9,11,10,10,10,10,10,0,0,0,0,0,0,0,0,0,0,0,0,0,0,0,0,0,0,0,0,0,0,7,5,7,6,7,7,6,8,6,9,6,10,5,11,5,11,4,11,4,12,3,11,3,11,3,11,3,11,3,10,4,10,4,10,5,10,5,10,6,10,6,10,7,10,7,10,8,10,8,10,8,11]"
2025-08-18 21:58:04.263163,CSI_DATA,404,1a:00:00:00:00:00,-52,11,0,0,0,0,0,0,0,0,0,-94,0,1,0,69230372,0,31,0,128,0,"[0,0,-8,-12,-9,-12,-9,-11,-9,-11,-9,-11,-10,-10,-10,-10,-11,-9,-11,-9,-11,-9,-11,-8,-12,-8,-12,-8,-13,-8,-13,-7,-13,-7,-14,-8,-14,-8,-14,-8,-14,-9,-14,-9,-13,-10,-13,-10,-12,-11,-11,-11,-11,-11,0,0,0,0,0,0,0,0,0,0,0,0,0,0,0,0,0,0,0,0,0,0,-7,-7,-7,-8,-7,-9,-6,-10,-6,-11,-6,-11,-5,-12,-5,-12,-4,-12,-3,-13,-3,-12,-3,-12,-3,-13,-3,-12,-3,-12,-4,-12,-4,-12,-5,-11,-5,-12,-6,-11,-6,-12,-7,-12,-7,-12,-8,-12,-8,-12,-8,-12]"
2025-08-18 21:58:04.471564,CSI_DATA,405,1a:00:00:00:00:00,-52,11,0,0,0,0,0,0,0,0,0,-94,0,1,0,69431597,0,31,0,128,0,"[0,0,-11,8,-10,8,-11,8,-10,8,-10,9,-9,9,-9,9,-8,9,-8,10,-8,10,-7,11,-7,11,-7,11,-6,12,-7,12,-7,12,-7,13,-7,13,-8,13,-8,13,-9,12,-9,12,-9,12,-9,11,-9,11,-10,10,0,0,0,0,0,0,0,0,0,0,0,0,0,0,0,0,0,0,0,0,0,0,-6,6,-8,6,-8,6,-9,6,-10,6,-11,5,-12,5,-12,4,-12,4,-12,3,-12,3,-12,3,-11,3,-12,3,-11,3,-11,3,-11,4,-11,5,-11,5,-11,5,-11,5,-11,6,-11,7,-11,7,-10,7,-11,8]"
2025-08-18 21:58:04.656874,CSI_DATA,406,1a:00:00:00:00:00,-52,11,0,0,0,0,0,0,0,0,0,-94,0,1,0,69632687,0,31,0,128,0,"[0,0,13,-1,13,-1,13,-1,13,-2,13,-2,13,-2,13,-3,12,-4,12,-4,12,-5,12,-5,12,-6,12,-6,12,-6,13,-7,13,-7,13,-7,14,-7,14,-7,14,-7,15,-6,14,-6,14,-5,14,-4,14,-4,14,-3,0,0,0,0,0,0,0,0,0,0,0,0,0,0,0,0,0,0,0,0,0,0,9,-3,9,-2,10,-2,11,-1,11,0,11,0,12,1,12,2,12,3,12,3,11,3,11,3,11,4,11,3,11,3,11,3,11,2,11,2,11,1,12,1,12,1,12,0,13,0,13,0,13,0,13,-1]"
2025-08-18 21:58:04.853880,CSI_DATA,407,1a:00:00:00:00:00,-52,11,0,0,0,0,0,0,0,0,0,-94,0,1,0,69834570,0,31,0,128,0,"[0,0,11,7,11,6,11,6,12,6,12,5,12,5,12,4,12,4,12,3,12,3,12,2,13,2,13,2,14,1,14,1,14,1,15,1,15,1,15,2,15,2,15,3,15,3,14,4,14,4,14,5,13,6,0,0,0,0,0,0,0,0,0,0,0,0,0,0,0,0,0,0,0,0,0,0,8,3,9,4,9,5,9,6,9,6,9,7,9,8,8,8,8,9,7,9,7,10,7,9,7,10,7,9,7,9,7,8,8,8,8,8,8,8,9,7,9,7,10,7,10,7,11,7,11,7,11,7]"
2025-08-18 21:58:05.060389,CSI_DATA,408,1a:00:00:00:00:00,-52,11,0,0,0,0,0,0,0,0,0,-94,0,1,0,70034983,0,31,0,128,0,"[0,0,6,-13,5,-13,5,-13,5,-13,4,-13,4,-13,3,-13,3,-13,2,-13,2,-14,1,-14,1,-14,0,-14,0,-15,0,-15,0,-15,0,-16,0,-16,0,-16,0,-16,1,-16,1,-16,2,-16,3,-15,4,-15,4,-15,0,0,0,0,0,0,0,0,0,0,0,0,0,0,0,0,0,0,0,0,0,0,2,-10,3,-10,4,-10,5,-10,6,-10,7,-10,8,-10,8,-10,9,-9,9,-9,9,-9,9,-8,9,-8,8,-8,8,-9,8,-9,8,-9,7,-9,7,-10,7,-11,6,-11,6,-11,6,-12,6,-12,6,-12,6,-13]"
2025-08-18 21:58:05.458974,CSI_DATA,409,1a:00:00:00:00:00,-52,11,0,0,0,0,0,0,0,0,0,-94,0,1,0,70236151,0,31,0,128,0,"[0,0,-11,8,-10,9,-10,9,-10,9,-9,9,-9,9,-9,10,-8,10,-8,10,-7,11,-7,11,-6,11,-6,12,-6,12,-6,13,-6,13,-7,13,-7,13,-7,13,-8,13,-8,13,-9,13,-9,12,-9,12,-9,11,-10,10,0,0,0,0,0,0,0,0,0,0,0,0,0,0,0,0,0,0,0,0,0,0,-6,7,-7,7,-8,7,-9,7,-10,6,-10,6,-11,6,-11,5,-12,5,-12,4,-12,4,-12,4,-11,4,-11,4,-11,4,-11,4,-11,5,-11,5,-10,5,-10,6,-11,6,-10,7,-10,7,-10,8,-10,8,-10,8]"
2025-08-18 21:58:05.465226,CSI_DATA,410,1a:00:00:00:00:00,-52,11,0,0,0,0,0,0,0,0,0,-94,0,1,0,70437491,0,31,0,128,0,"[0,0,5,12,5,11,6,11,6,11,6,11,6,11,7,10,7,10,7,9,8,9,9,9,9,9,9,9,10,8,11,8,11,8,11,9,12,9,12,9,11,10,11,10,10,11,9,11,9,11,8,11,8,11,0,0,0,0,0,0,0,0,0,0,0,0,0,0,0,0,0,0,0,0,0,0,5,7,4,8,4,9,4,10,3,10,2,11,2,11,1,12,1,12,0,12,0,12,-1,11,0,11,0,11,0,11,0,11,1,11,1,11,2,11,3,11,3,11,4,11,4,11,4,12,4,11,5,12]"
2025-08-18 21:58:05.525102,CSI_DATA,411,1a:00:00:00:00:00,-52,11,0,0,0,0,0,0,0,0,0,-94,0,1,0,70497852,0,42,0,128,0,"[0,0,-14,4,-13,4,-14,4,-13,4,-13,5,-13,5,-12,5,-12,6,-12,7,-11,7,-11,8,-11,8,-11,8,-11,9,-11,9,-11,10,-11,10,-12,10,-13,10,-13,10,-13,9,-13,9,-13,8,-14,8,-14,7,-14,6,0,0,0,0,0,0,0,0,0,0,0,0,0,0,0,0,0,0,0,0,0,0,-9,4,-10,4,-10,3,-11,2,-12,2,-13,1,-13,0,-13,0,-13,-1,-13,-1,-13,-1,-13,-1,-13,-1,-12,-1,-12,-1,-12,-1,-12,0,-12,0,-12,1,-13,1,-13,2,-13,2,-13,3,-13,3,-13,3,-14,4]"
2025-08-18 21:58:05.575690,CSI_DATA,412,1a:00:00:00:00:00,-52,11,0,0,0,0,0,0,0,0,0,-94,0,1,0,70554935,0,31,0,128,0,"[0,0,12,5,12,4,12,4,13,4,13,3,12,3,12,3,13,2,13,1,13,1,13,0,13,0,13,-1,14,-1,14,-1,14,-1,15,-1,15,-1,15,0,15,0,15,1,15,1,15,2,15,2,14,3,14,3,0,0,0,0,0,0,0,0,0,0,0,0,0,0,0,0,0,0,0,0,0,0,9,1,9,2,10,3,10,4,10,5,10,6,10,7,9,7,9,8,9,8,8,8,8,8,8,8,8,8,8,8,8,7,9,7,9,6,10,6,10,6,10,6,11,6,11,5,12,5,12,5,12,5]"
2025-08-18 21:58:05.788846,CSI_DATA,413,1a:00:00:00:00:00,-52,11,0,0,0,0,0,0,0,0,0,-94,0,1,0,70756003,0,31,0,128,0,"[0,0,10,9,10,9,10,8,11,8,11,8,11,7,11,7,11,7,11,6,12,5,12,5,13,5,13,5,13,4,14,4,14,4,14,5,15,5,15,5,15,5,14,6,14,6,14,7,13,8,13,8,12,8,0,0,0,0,0,0,0,0,0,0,0,0,0,0,0,0,0,0,0,0,0,0,8,4,8,5,8,7,8,7,8,8,7,9,7,10,6,10,6,11,5,11,5,11,5,11,5,11,5,11,5,10,5,10,6,10,6,9,7,9,7,9,8,9,8,9,9,9,9,9,9,10,10,9]"
2025-08-18 21:58:05.988288,CSI_DATA,414,1a:00:00:00:00:00,-52,11,0,0,0,0,0,0,0,0,0,-94,0,1,0,70957137,0,31,0,128,0,"[0,0,-13,-7,-12,-7,-12,-6,-12,-6,-13,-6,-13,-5,-13,-5,-13,-4,-13,-4,-13,-3,-13,-3,-14,-2,-14,-2,-15,-2,-15,-1,-15,-1,-15,-2,-16,-2,-16,-2,-16,-2,-15,-3,-15,-3,-15,-4,-15,-5,-14,-5,-14,-6,0,0,0,0,0,0,0,0,0,0,0,0,0,0,0,0,0,0,0,0,0,0,-9,-3,-10,-4,-10,-5,-10,-6,-10,-7,-10,-8,-10,-8,-9,-9,-9,-9,-9,-10,-8,-10,-8,-9,-8,-10,-8,-9,-8,-9,-8,-9,-9,-8,-9,-8,-10,-8,-10,-8,-10,-7,-11,-8,-11,-7,-12,-7,-12,-7,-12,-7]"
2025-08-18 21:58:06.184444,CSI_DATA,415,1a:00:00:00:00:00,-52,11,0,0,0,0,0,0,0,0,0,-94,0,1,0,71158281,0,31,0,128,0,"[0,0,12,-6,11,-6,11,-6,11,-7,11,-7,11,-7,10,-7,10,-8,10,-8,9,-9,9,-9,9,-10,9,-10,9,-11,9,-11,9,-12,10,-11,10,-12,10,-12,11,-11,11,-11,11,-10,11,-10,11,-9,12,-8,12,-8,0,0,0,0,0,0,0,0,0,0,0,0,0,0,0,0,0,0,0,0,0,0,7,-6,8,-5,9,-5,10,-4,10,-4,11,-3,12,-3,12,-2,12,-2,12,-1,12,-1,11,0,11,0,11,-1,11,-1,11,-1,11,-2,11,-2,11,-3,11,-3,11,-3,11,-4,12,-5,12,-5,12,-5,12,-6]"
2025-08-18 21:58:06.385562,CSI_DATA,416,1a:00:00:00:00:00,-52,11,0,0,0,0,0,0,0,0,0,-94,0,1,0,71359491,0,31,0,128,0,"[0,0,-10,9,-10,9,-9,9,-9,10,-9,10,-8,10,-8,10,-7,10,-7,10,-6,11,-6,11,-5,12,-5,12,-5,12,-5,13,-5,13,-6,14,-6,13,-6,14,-7,14,-7,13,-7,13,-8,13,-8,12,-9,12,-9,11,0,0,0,0,0,0,0,0,0,0,0,0,0,0,0,0,0,0,0,0,0,0,-6,7,-6,7,-8,7,-8,7,-9,7,-10,6,-11,6,-11,6,-11,5,-12,5,-12,4,-12,4,-11,4,-11,4,-11,4,-11,5,-11,5,-10,6,-10,6,-10,6,-10,7,-10,7,-10,8,-10,8,-10,8,-10,9]"
2025-08-18 21:58:06.589107,CSI_DATA,417,1a:00:00:00:00:00,-52,11,0,0,0,0,0,0,0,0,0,-94,0,1,0,71560881,0,31,0,128,0,"[0,0,-15,1,-14,2,-13,3,-13,3,-13,3,-13,3,-13,4,-12,4,-12,5,-12,6,-12,6,-12,7,-12,7,-12,7,-12,8,-12,8,-13,8,-13,8,-14,8,-14,8,-14,7,-14,7,-14,6,-14,6,-14,5,-15,4,0,0,0,0,0,0,0,0,0,0,0,0,0,0,0,0,0,0,0,0,0,0,-9,3,-10,2,-11,1,-11,1,-12,0,-12,-1,-13,-1,-13,-2,-13,-2,-12,-3,-12,-3,-12,-3,-12,-3,-12,-3,-12,-3,-12,-2,-12,-2,-12,-1,-12,-1,-13,-1,-13,0,-13,0,-13,1,-13,1,-14,1,-14,1]"
2025-08-18 21:58:06.784854,CSI_DATA,418,1a:00:00:00:00:00,-52,11,0,0,0,0,0,0,0,0,0,-94,0,1,0,71761896,0,31,0,128,0,"[0,0,0,14,1,13,1,13,1,13,2,13,2,13,2,13,3,12,3,12,4,12,5,12,6,11,6,12,6,12,7,12,6,12,7,13,7,13,7,14,6,14,6,14,5,14,5,15,4,14,4,14,3,14,0,0,0,0,0,0,0,0,0,0,0,0,0,0,0,0,0,0,0,0,0,0,2,9,1,9,0,10,0,11,-1,11,-2,11,-3,12,-4,12,-4,12,-5,12,-5,11,-5,11,-4,11,-4,11,-4,11,-4,11,-3,11,-3,11,-2,11,-2,12,-2,12,-1,12,-1,13,0,13,0,13,0,13]"
2025-08-18 21:58:06.999843,CSI_DATA,419,1a:00:00:00:00:00,-52,11,0,0,0,0,0,0,0,0,0,-94,0,1,0,71963039,0,31,0,128,0,"[0,0,3,-14,2,-14,2,-13,2,-14,1,-14,1,-14,1,-14,0,-14,0,-14,-1,-14,-1,-14,-2,-14,-2,-14,-3,-15,-3,-15,-3,-15,-3,-16,-3,-16,-2,-16,-2,-16,-1,-16,-1,-16,0,-16,0,-16,1,-15,2,-15,0,0,0,0,0,0,0,0,0,0,0,0,0,0,0,0,0,0,0,0,0,0,0,-10,1,-10,2,-11,2,-11,3,-12,4,-12,5,-12,6,-11,6,-11,7,-11,7,-11,7,-10,7,-10,6,-10,6,-10,6,-10,6,-11,5,-11,5,-11,5,-12,4,-12,4,-12,4,-13,3,-13,3,-13,4,-14]"
2025-08-18 21:58:07.054463,CSI_DATA,420,1a:00:00:00:00:00,-52,11,0,0,0,0,0,0,0,0,0,-94,0,1,0,72026573,0,42,0,128,0,"[0,0,-13,6,-12,6,-12,6,-12,7,-12,7,-12,7,-11,7,-11,7,-11,8,-10,9,-10,9,-9,10,-9,10,-9,11,-10,11,-10,11,-10,11,-11,12,-11,12,-11,11,-12,11,-12,10,-12,10,-12,10,-12,9,-13,8,0,0,0,0,0,0,0,0,0,0,0,0,0,0,0,0,0,0,0,0,0,0,-8,5,-9,5,-10,4,-11,4,-11,4,-12,3,-13,2,-13,2,-13,1,-13,1,-13,1,-13,0,-13,0,-13,1,-12,1,-12,1,-12,2,-12,2,-12,2,-12,3,-12,3,-13,4,-13,5,-13,5,-13,5,-13,5]"
2025-08-18 21:58:07.116374,CSI_DATA,421,1a:00:00:00:00:00,-52,11,0,0,0,0,0,0,0,0,0,-94,0,1,0,72091529,0,31,0,128,0,"[0,0,-8,11,-7,11,-7,11,-7,11,-6,12,-6,11,-6,11,-5,12,-4,12,-4,12,-4,12,-3,12,-3,13,-3,13,-3,13,-2,14,-2,14,-3,15,-4,15,-4,15,-5,14,-5,14,-5,14,-5,14,-6,13,-7,13,0,0,0,0,0,0,0,0,0,0,0,0,0,0,0,0,0,0,0,0,0,0,-4,8,-5,8,-6,8,-7,8,-7,8,-8,8,-9,8,-10,8,-10,7,-10,7,-10,7,-10,6,-10,6,-10,6,-10,7,-9,7,-9,7,-9,7,-9,8,-9,8,-8,9,-8,9,-8,9,-8,10,-7,10,-8,11]"
2025-08-18 21:58:07.330655,CSI_DATA,422,1a:00:00:00:00:00,-52,11,0,0,0,0,0,0,0,0,0,-94,0,1,0,72292892,0,31,0,128,0,"[0,0,12,0,12,-1,12,-1,12,-1,12,-2,12,-2,12,-2,12,-3,11,-3,11,-4,12,-5,11,-5,11,-6,12,-6,12,-6,12,-7,12,-6,13,-7,13,-7,13,-6,13,-5,13,-5,13,-5,13,-4,13,-3,14,-3,0,0,0,0,0,0,0,0,0,0,0,0,0,0,0,0,0,0,0,0,0,0,8,-2,9,-1,9,0,10,0,10,1,11,2,11,3,11,3,10,4,10,4,10,4,10,4,10,4,10,4,10,4,10,3,10,3,10,2,10,2,11,2,11,1,11,1,12,1,12,1,12,0,12,0]"
2025-08-18 21:58:07.521190,CSI_DATA,423,1a:00:00:00:00:00,-52,11,0,0,0,0,0,0,0,0,0,-94,0,1,0,72493897,0,31,0,128,0,"[0,0,-13,7,-12,7,-12,7,-12,7,-12,8,-11,8,-11,8,-10,9,-10,9,-10,9,-9,10,-9,10,-9,10,-9,11,-9,11,-9,12,-9,12,-10,12,-10,12,-11,12,-11,12,-11,11,-11,10,-12,10,-12,9,-13,9,0,0,0,0,0,0,0,0,0,0,0,0,0,0,0,0,0,0,0,0,0,0,-8,6,-9,6,-9,5,-10,5,-11,5,-12,4,-12,4,-13,3,-13,2,-13,2,-13,2,-13,2,-12,2,-12,2,-12,2,-12,2,-12,3,-12,3,-12,3,-12,4,-12,4,-12,5,-12,6,-12,6,-12,6,-12,6]"
2025-08-18 21:58:07.726700,CSI_DATA,424,1a:00:00:00:00:00,-52,11,0,0,0,0,0,0,0,0,0,-94,0,1,0,72695212,0,31,0,128,0,"[0,0,-10,-10,-10,-10,-10,-10,-10,-9,-11,-9,-11,-9,-11,-8,-11,-8,-12,-7,-12,-6,-12,-6,-13,-6,-13,-5,-14,-5,-14,-5,-14,-5,-14,-5,-14,-6,-15,-6,-15,-6,-14,-7,-14,-7,-14,-8,-14,-8,-13,-8,-12,-9,0,0,0,0,0,0,0,0,0,0,0,0,0,0,0,0,0,0,0,0,0,0,-8,-6,-8,-7,-8,-8,-8,-9,-8,-9,-7,-10,-7,-11,-6,-11,-6,-12,-5,-12,-5,-12,-5,-12,-5,-11,-5,-11,-5,-11,-5,-11,-6,-10,-6,-10,-7,-10,-7,-10,-8,-10,-8,-11,-9,-10,-9,-10,-9,-10,-10,-10]"
2025-08-18 21:58:07.926212,CSI_DATA,425,1a:00:00:00:00:00,-52,11,0,0,0,0,0,0,0,0,0,-94,0,1,0,72896256,0,31,0,128,0,"[0,0,-2,-14,-3,-14,-3,-14,-2,-14,-3,-14,-3,-14,-4,-13,-5,-13,-5,-13,-6,-13,-6,-13,-7,-13,-7,-13,-8,-13,-8,-13,-8,-13,-8,-14,-8,-14,-8,-14,-8,-15,-7,-15,-7,-15,-6,-15,-6,-15,-5,-15,-4,-15,0,0,0,0,0,0,0,0,0,0,0,0,0,0,0,0,0,0,0,0,0,0,-3,-10,-2,-11,-2,-11,-1,-12,-1,-12,1,-13,1,-13,2,-13,2,-13,3,-13,3,-12,3,-12,3,-12,3,-12,3,-12,2,-12,2,-12,1,-12,1,-13,0,-13,0,-13,-1,-13,-1,-14,-1,-14,-1,-14,-1,-14]"
2025-08-18 21:58:08.124286,CSI_DATA,426,1a:00:00:00:00:00,-52,11,0,0,0,0,0,0,0,0,0,-94,0,1,0,73097404,0,31,0,128,0,"[0,0,-13,4,-13,4,-13,4,-12,4,-13,5,-12,5,-12,5,-11,6,-12,6,-11,7,-11,7,-11,8,-11,8,-11,9,-11,9,-12,9,-11,9,-12,10,-13,9,-13,9,-13,9,-14,8,-14,8,-13,6,-13,6,-14,6,0,0,0,0,0,0,0,0,0,0,0,0,0,0,0,0,0,0,0,0,0,0,-8,4,-10,4,-10,3,-11,3,-11,2,-13,1,-13,1,-13,0,-13,0,-12,-1,-13,-1,-12,-1,-12,-1,-12,-1,-12,-1,-12,-1,-12,0,-12,0,-12,1,-12,1,-12,2,-12,2,-12,3,-13,3,-13,3,-13,4]"
2025-08-18 21:58:08.324609,CSI_DATA,427,1a:00:00:00:00:00,-52,11,0,0,0,0,0,0,0,0,0,-94,0,1,0,73298582,0,31,0,128,0,"[0,0,10,-9,10,-10,9,-9,10,-10,9,-10,8,-10,8,-11,8,-11,7,-11,7,-12,7,-12,6,-13,6,-13,5,-13,6,-14,6,-14,6,-14,6,-14,7,-14,7,-14,8,-14,8,-14,8,-13,8,-13,9,-12,10,-12,0,0,0,0,0,0,0,0,0,0,0,0,0,0,0,0,0,0,0,0,0,0,5,-8,6,-8,7,-8,8,-7,9,-7,10,-7,11,-6,11,-6,12,-5,11,-5,11,-4,11,-4,11,-4,11,-4,10,-4,11,-5,10,-5,10,-6,10,-6,10,-7,10,-7,10,-8,10,-8,10,-9,10,-9,10,-9]"
2025-08-18 21:58:08.538840,CSI_DATA,428,1a:00:00:00:00:00,-52,11,0,0,0,0,0,0,0,0,0,-94,0,1,0,73499805,0,31,0,128,0,"[0,0,-7,11,-7,11,-6,11,-6,12,-5,12,-5,12,-5,12,-4,12,-4,12,-3,12,-3,12,-2,12,-2,13,-2,13,-1,14,-1,14,-1,15,-2,15,-2,15,-3,15,-3,15,-4,14,-4,14,-4,14,-5,13,-6,13,0,0,0,0,0,0,0,0,0,0,0,0,0,0,0,0,0,0,0,0,0,0,-3,8,-4,9,-5,9,-6,9,-7,9,-8,9,-9,9,-9,8,-9,8,-10,7,-10,7,-10,7,-10,7,-9,7,-9,7,-9,7,-8,7,-9,8,-8,8,-8,9,-8,9,-7,10,-8,10,-7,11,-7,11,-7,11]"
2025-08-18 21:58:08.584073,CSI_DATA,429,1a:00:00:00:00:00,-52,11,0,0,0,0,0,0,0,0,0,-94,0,1,0,73562611,0,42,0,128,0,"[0,0,5,12,5,11,6,11,6,11,6,11,6,11,7,10,7,10,7,9,8,9,8,9,9,9,9,9,10,9,10,8,10,9,10,9,11,9,11,10,10,10,10,10,10,11,9,11,9,12,8,11,7,12,0,0,0,0,0,0,0,0,0,0,0,0,0,0,0,0,0,0,0,0,0,0,5,7,4,8,4,9,4,10,3,10,2,11,2,11,1,12,1,11,0,11,0,12,0,11,0,11,0,11,0,11,0,10,1,11,1,10,2,11,3,11,3,11,3,11,4,11,4,12,5,12,5,12]"
2025-08-18 21:58:08.654176,CSI_DATA,430,1a:00:00:00:00:00,-52,11,0,0,0,0,0,0,0,0,0,-94,0,1,0,73627113,0,31,0,128,0,"[0,0,-13,3,-13,4,-12,3,-13,4,-12,4,-12,4,-11,5,-11,6,-11,6,-11,7,-11,7,-10,7,-10,8,-10,8,-11,9,-10,9,-11,9,-11,9,-12,9,-12,9,-12,9,-12,8,-13,8,-13,7,-13,6,-13,6,0,0,0,0,0,0,0,0,0,0,0,0,0,0,0,0,0,0,0,0,0,0,-9,3,-9,3,-10,2,-11,2,-11,1,-12,0,-12,0,-12,-1,-12,-1,-12,-2,-12,-2,-12,-2,-12,-2,-12,-2,-11,-2,-12,-1,-12,-1,-12,0,-12,0,-12,1,-12,1,-12,1,-13,2,-13,2,-13,2,-13,3]"
2025-08-18 21:58:08.847392,CSI_DATA,431,1a:00:00:00:00:00,-52,11,0,0,0,0,0,0,0,0,0,-94,0,1,0,73828167,0,31,0,128,0,"[0,0,12,6,12,5,12,5,12,4,12,4,12,4,12,3,12,3,13,2,13,1,13,1,13,1,13,0,14,0,14,-1,14,-1,15,0,15,0,15,0,15,0,15,1,15,2,15,2,15,3,14,3,14,4,0,0,0,0,0,0,0,0,0,0,0,0,0,0,0,0,0,0,0,0,0,0,9,2,9,3,9,4,9,5,9,6,9,7,9,7,9,8,8,8,8,9,7,9,7,9,7,9,8,9,8,8,8,8,8,8,8,7,9,7,9,7,10,7,10,6,11,6,11,6,11,6,12,6]"
2025-08-18 21:58:09.052375,CSI_DATA,432,1a:00:00:00:00:00,-52,11,0,0,0,0,0,0,0,0,0,-94,0,1,0,74029324,0,31,0,128,0,"[0,0,0,13,0,12,1,13,1,12,1,12,2,12,2,12,2,11,3,12,4,11,4,11,5,11,5,11,6,12,6,11,6,12,6,12,6,13,6,13,5,13,5,13,4,14,4,13,4,13,3,13,2,14,0,0,0,0,0,0,0,0,0,0,0,0,0,0,0,0,0,0,0,0,0,0,2,8,1,9,0,9,0,10,-1,10,-2,11,-3,11,-3,11,-4,11,-4,11,-4,11,-5,10,-4,10,-4,10,-4,10,-3,10,-3,10,-2,10,-2,11,-2,11,-2,11,-1,11,-1,12,0,12,0,12,0,12]"
2025-08-18 21:58:09.459188,CSI_DATA,433,1a:00:00:00:00:00,-52,11,0,0,0,0,0,0,0,0,0,-94,0,1,0,74230458,0,31,0,128,0,"[0,0,11,-8,10,-8,10,-9,10,-9,9,-9,9,-9,9,-9,8,-10,8,-10,8,-11,8,-11,7,-11,7,-12,7,-12,7,-12,7,-13,7,-13,8,-13,8,-13,9,-13,9,-13,9,-12,9,-12,10,-11,10,-11,11,-10,0,0,0,0,0,0,0,0,0,0,0,0,0,0,0,0,0,0,0,0,0,0,6,-7,7,-7,8,-7,8,-7,9,-6,10,-6,11,-5,11,-5,11,-4,11,-4,11,-4,11,-3,11,-3,11,-3,11,-4,10,-4,10,-4,10,-5,10,-5,10,-6,10,-6,10,-6,10,-7,10,-7,11,-7,11,-8]"
2025-08-18 21:58:09.465654,CSI_DATA,434,1a:00:00:00:00:00,-52,11,0,0,0,0,0,0,0,0,0,-94,0,1,0,74431713,0,31,0,128,0,"[0,0,-14,2,-13,2,-13,2,-13,3,-13,3,-13,3,-13,4,-12,4,-13,4,-12,5,-12,6,-12,6,-12,6,-12,7,-12,8,-13,8,-13,8,-13,8,-14,7,-14,7,-14,7,-14,6,-14,6,-14,5,-14,4,-14,4,0,0,0,0,0,0,0,0,0,0,0,0,0,0,0,0,0,0,0,0,0,0,-9,3,-10,2,-11,1,-11,1,-12,0,-13,0,-13,-1,-13,-2,-13,-2,-12,-3,-12,-3,-12,-3,-12,-3,-12,-3,-12,-3,-12,-2,-12,-2,-12,-1,-12,-1,-12,-1,-13,0,-13,0,-13,1,-13,1,-14,1,-14,2]"
2025-08-18 21:58:09.664896,CSI_DATA,435,1a:00:00:00:00:00,-52,11,0,0,0,0,0,0,0,0,0,-94,0,1,0,74632831,0,31,0,128,0,"[0,0,-9,-12,-9,-11,-9,-11,-10,-11,-10,-11,-10,-10,-10,-10,-10,-9,-11,-9,-11,-8,-12,-8,-12,-8,-13,-7,-13,-7,-13,-7,-14,-8,-14,-8,-14,-8,-14,-9,-14,-9,-14,-9,-13,-10,-13,-10,-12,-10,-12,-10,-11,-11,0,0,0,0,0,0,0,0,0,0,0,0,0,0,0,0,0,0,0,0,0,0,-8,-6,-8,-8,-8,-8,-8,-10,-7,-10,-7,-11,-6,-12,-5,-12,-5,-12,-4,-13,-4,-12,-4,-12,-4,-12,-4,-12,-4,-12,-4,-11,-5,-11,-5,-11,-6,-11,-6,-11,-7,-11,-7,-11,-8,-11,-8,-11,-9,-11,-9,-11]"
2025-08-18 21:58:09.863538,CSI_DATA,436,1a:00:00:00:00:00,-52,11,0,0,0,0,0,0,0,0,0,-94,0,1,0,74834230,0,31,0,128,0,"[0,0,8,-11,7,-12,7,-12,8,-12,7,-12,6,-12,6,-12,5,-12,5,-12,4,-13,4,-13,3,-13,3,-14,3,-14,3,-15,3,-15,3,-15,4,-15,4,-16,4,-16,5,-15,5,-15,6,-15,6,-14,7,-14,7,-13,0,0,0,0,0,0,0,0,0,0,0,0,0,0,0,0,0,0,0,0,0,0,3,-9,5,-9,5,-10,6,-9,7,-9,8,-9,9,-9,9,-9,10,-8,10,-8,10,-7,10,-7,10,-7,10,-7,9,-7,9,-7,9,-8,9,-8,8,-9,8,-9,8,-9,8,-10,8,-10,8,-11,8,-11,8,-11]"
2025-08-18 21:58:10.078739,CSI_DATA,437,1a:00:00:00:00:00,-52,11,0,0,0,0,0,0,0,0,0,-94,0,1,0,75035287,0,31,0,128,0,"[0,0,1,-14,0,-14,0,-14,0,-14,-1,-14,-1,-14,-1,-14,-2,-14,-3,-14,-3,-13,-4,-14,-4,-14,-5,-14,-5,-14,-5,-14,-5,-14,-6,-15,-5,-15,-6,-15,-5,-16,-5,-16,-4,-16,-3,-16,-3,-16,-2,-15,-1,-16,0,0,0,0,0,0,0,0,0,0,0,0,0,0,0,0,0,0,0,0,0,0,-1,-10,0,-11,1,-11,1,-12,2,-12,3,-12,4,-12,4,-12,5,-12,5,-11,6,-11,6,-11,6,-11,5,-11,5,-11,5,-11,4,-11,4,-11,3,-12,3,-12,2,-12,2,-13,2,-13,1,-14,1,-14,2,-14]"
2025-08-18 21:58:10.126788,CSI_DATA,438,1a:00:00:00:00:00,-52,11,0,0,0,0,0,0,0,0,0,-94,0,1,0,75098557,0,42,0,128,0,"[0,0,3,-14,3,-14,2,-14,2,-14,1,-14,1,-14,1,-14,0,-14,-1,-14,-1,-14,-1,-14,-2,-14,-2,-14,-3,-15,-3,-15,-3,-15,-4,-15,-3,-16,-3,-16,-2,-16,-2,-16,-2,-16,-1,-16,0,-16,1,-15,1,-15,0,0,0,0,0,0,0,0,0,0,0,0,0,0,0,0,0,0,0,0,0,0,0,-10,1,-11,2,-11,3,-11,3,-12,5,-12,5,-11,6,-12,6,-11,7,-11,7,-10,7,-10,7,-10,6,-10,6,-10,6,-10,6,-11,5,-11,5,-11,4,-12,4,-12,4,-13,4,-13,3,-13,3,-13,3,-14]"
2025-08-18 21:58:10.191504,CSI_DATA,439,1a:00:00:00:00:00,-52,11,0,0,0,0,0,0,0,0,0,-94,0,1,0,75163047,0,31,0,128,0,"[0,0,-1,13,0,13,0,12,1,13,1,13,1,12,2,12,3,13,2,12,3,12,4,12,4,12,5,12,5,12,5,12,6,12,6,13,6,13,5,13,5,14,4,14,4,14,3,14,3,14,2,14,1,14,0,0,0,0,0,0,0,0,0,0,0,0,0,0,0,0,0,0,0,0,0,0,2,8,1,9,0,10,0,10,-1,11,-2,11,-3,11,-3,11,-4,11,-5,11,-5,11,-5,11,-5,11,-4,10,-4,10,-4,10,-4,11,-3,11,-3,11,-2,11,-2,12,-1,12,-1,12,-1,13,-1,13,0,13]"
2025-08-18 21:58:10.406678,CSI_DATA,440,1a:00:00:00:00:00,-52,11,0,0,0,0,0,0,0,0,0,-94,0,1,0,75365400,0,31,0,128,0,"[0,0,-14,4,-13,4,-13,5,-13,5,-13,5,-12,5,-12,6,-12,6,-11,7,-11,7,-11,8,-10,8,-11,9,-11,9,-11,10,-11,10,-11,10,-12,10,-12,10,-13,10,-13,9,-13,9,-13,8,-13,8,-13,7,-14,6,0,0,0,0,0,0,0,0,0,0,0,0,0,0,0,0,0,0,0,0,0,0,-8,5,-9,4,-10,4,-11,3,-12,3,-12,2,-13,1,-13,1,-13,0,-13,-1,-13,-1,-13,-1,-13,-1,-12,-1,-12,-1,-12,0,-12,0,-12,1,-13,1,-13,2,-13,2,-13,2,-13,3,-13,4,-13,3,-13,4]"
2025-08-18 21:58:10.590012,CSI_DATA,441,1a:00:00:00:00:00,-52,11,0,0,0,0,0,0,0,0,0,-94,0,1,0,75565385,0,31,0,128,0,"[0,0,-3,14,-2,13,-2,13,-1,13,-1,13,-1,13,0,13,0,13,1,13,2,12,2,12,3,12,3,13,4,13,4,13,4,13,4,14,4,14,4,15,3,15,2,15,2,15,2,15,1,15,1,15,0,14,0,0,0,0,0,0,0,0,0,0,0,0,0,0,0,0,0,0,0,0,0,0,0,9,-1,10,-2,10,-3,10,-3,11,-4,11,-5,11,-6,11,-6,11,-7,10,-7,10,-7,10,-7,10,-6,10,-6,10,-6,10,-5,10,-5,11,-4,11,-4,11,-4,11,-4,12,-3,12,-3,13,-3,13,-3,13]"
2025-08-18 21:58:10.791521,CSI_DATA,442,1a:00:00:00:00:00,-52,11,0,0,0,0,0,0,0,0,0,-94,0,1,0,75766507,0,31,0,128,0,"[0,0,13,-4,13,-4,13,-4,13,-4,12,-5,12,-5,12,-6,11,-6,11,-6,11,-7,11,-8,10,-8,11,-9,11,-9,11,-9,12,-10,11,-9,12,-10,12,-10,12,-9,13,-9,13,-8,13,-8,13,-7,13,-7,14,-6,0,0,0,0,0,0,0,0,0,0,0,0,0,0,0,0,0,0,0,0,0,0,8,-4,9,-4,10,-3,11,-2,11,-2,12,-1,12,0,12,0,12,1,12,1,12,2,12,2,11,2,11,1,11,1,11,1,11,1,11,0,11,-1,12,-1,12,-2,12,-2,12,-2,13,-3,13,-3,13,-3]"
2025-08-18 21:58:10.830020,CSI_DATA,443,1a:00:00:00:00:00,-52,11,0,0,0,0,0,0,0,0,0,-94,0,1,0,75798090,0,28,0,128,0,"[0,0,-8,11,-7,11,-7,11,-7,11,-6,11,-6,11,-6,12,-5,12,-5,12,-4,12,-3,12,-3,13,-3,13,-2,14,-3,14,-3,14,-3,15,-3,15,-4,15,-4,15,-5,15,-5,15,-5,14,-5,14,-6,14,-7,13,0,0,0,0,0,0,0,0,0,0,0,0,0,0,0,0,0,0,0,0,0,0,-4,9,-5,9,-6,9,-6,9,-7,9,-8,9,-9,8,-10,8,-10,8,-10,7,-11,7,-10,7,-10,7,-10,7,-10,7,-10,7,-9,7,-9,8,-9,8,-8,9,-8,9,-8,9,-8,10,-8,10,-8,11,-8,11]"
2025-08-18 21:58:11.000447,CSI_DATA,444,1a:00:00:00:00:00,-52,11,0,0,0,0,0,0,0,0,0,-94,0,1,0,75967864,0,31,0,128,0,"[0,0,-5,-13,-5,-13,-6,-13,-6,-12,-6,-12,-7,-12,-7,-12,-7,-11,-8,-11,-8,-10,-9,-10,-10,-10,-10,-10,-10,-10,-10,-10,-11,-10,-11,-11,-11,-11,-11,-11,-11,-12,-11,-12,-10,-12,-10,-12,-9,-13,-9,-13,-8,-13,0,0,0,0,0,0,0,0,0,0,0,0,0,0,0,0,0,0,0,0,0,0,-5,-8,-5,-9,-4,-10,-4,-11,-3,-12,-2,-12,-2,-12,-1,-13,0,-13,0,-13,0,-12,0,-12,0,-12,0,-12,0,-12,-1,-12,-1,-12,-2,-12,-2,-12,-3,-12,-3,-13,-4,-13,-4,-13,-5,-13,-5,-13,-5,-13]"
2025-08-18 21:58:11.200538,CSI_DATA,445,1a:00:00:00:00:00,-52,11,0,0,0,0,0,0,0,0,0,-94,0,1,0,76169016,0,31,0,128,0,"[0,0,-11,-10,-11,-9,-11,-10,-11,-9,-12,-9,-11,-8,-12,-8,-12,-7,-12,-7,-12,-6,-13,-5,-13,-5,-14,-5,-14,-5,-14,-4,-15,-4,-15,-5,-16,-5,-16,-6,-15,-6,-15,-6,-15,-7,-14,-7,-14,-7,-14,-8,-13,-9,0,0,0,0,0,0,0,0,0,0,0,0,0,0,0,0,0,0,0,0,0,0,-8,-5,-9,-7,-8,-8,-9,-9,-8,-9,-8,-10,-7,-11,-7,-11,-6,-12,-6,-12,-6,-12,-5,-12,-6,-12,-6,-11,-6,-11,-6,-10,-7,-11,-7,-10,-8,-11,-8,-10,-8,-10,-9,-10,-9,-10,-10,-10,-10,-10,-10,-10]"
2025-08-18 21:58:11.400855,CSI_DATA,446,1a:00:00:00:00:00,-52,11,0,0,0,0,0,0,0,0,0,-94,0,1,0,76370173,0,31,0,128,0,"[0,0,-3,-14,-3,-14,-4,-13,-4,-14,-4,-14,-5,-13,-5,-13,-5,-12,-6,-12,-6,-12,-7,-12,-8,-12,-8,-12,-8,-12,-9,-12,-9,-12,-9,-13,-9,-13,-9,-13,-9,-13,-8,-14,-8,-14,-7,-14,-7,-14,-6,-14,-5,-14,0,0,0,0,0,0,0,0,0,0,0,0,0,0,0,0,0,0,0,0,0,0,-4,-9,-3,-10,-3,-11,-2,-11,-2,-12,-1,-12,0,-13,1,-13,1,-13,2,-13,2,-12,3,-12,2,-12,2,-12,2,-12,1,-12,1,-12,0,-12,0,-12,-1,-12,-1,-13,-2,-13,-2,-13,-2,-14,-2,-14,-2,-14]"
2025-08-18 21:58:11.602725,CSI_DATA,447,1a:00:00:00:00:00,-52,11,0,0,0,0,0,0,0,0,0,-94,0,1,0,76571372,0,31,0,128,0,"[0,0,3,13,3,13,4,12,4,12,5,12,5,12,5,12,6,12,6,11,6,11,7,10,8,10,8,11,9,11,9,11,9,11,9,12,9,12,9,12,9,12,8,12,8,13,8,13,7,13,6,13,5,13,0,0,0,0,0,0,0,0,0,0,0,0,0,0,0,0,0,0,0,0,0,0,4,8,3,9,3,10,2,10,2,11,1,11,0,12,-1,12,-1,12,-2,12,-2,12,-2,12,-2,12,-2,11,-1,11,-1,11,-1,11,0,11,0,12,1,12,1,12,2,12,2,13,2,13,3,13,3,13]"
2025-08-18 21:58:11.660554,CSI_DATA,448,1a:00:00:00:00:00,-52,11,0,0,0,0,0,0,0,0,0,-94,0,1,0,76634556,0,42,0,128,0,"[0,0,10,-10,9,-10,9,-10,9,-11,8,-11,8,-11,7,-11,7,-11,7,-12,6,-12,6,-13,5,-13,5,-13,5,-13,5,-14,5,-14,5,-15,6,-15,6,-15,7,-15,7,-14,7,-14,7,-14,7,-14,8,-13,9,-12,0,0,0,0,0,0,0,0,0,0,0,0,0,0,0,0,0,0,0,0,0,0,5,-8,6,-8,7,-8,8,-8,9,-8,10,-8,10,-7,11,-6,11,-6,11,-5,11,-5,11,-5,11,-5,10,-5,10,-5,10,-6,10,-6,10,-7,10,-7,10,-7,9,-8,10,-8,10,-9,9,-10,10,-9,10,-10]"
2025-08-18 21:58:11.935121,CSI_DATA,449,1a:00:00:00:00:00,-52,11,0,0,0,0,0,0,0,0,0,-94,0,1,0,76699370,0,31,0,128,0,"[0,0,13,-4,13,-4,12,-4,13,-5,12,-5,12,-5,12,-6,11,-6,11,-7,11,-8,10,-8,10,-9,10,-9,10,-9,11,-10,10,-10,11,-10,11,-10,12,-11,12,-10,13,-10,13,-9,13,-8,13,-8,13,-7,13,-7,0,0,0,0,0,0,0,0,0,0,0,0,0,0,0,0,0,0,0,0,0,0,8,-5,9,-4,10,-3,10,-3,11,-2,12,-1,12,-1,12,0,12,0,12,1,12,1,12,1,12,2,11,1,11,1,11,0,11,0,11,-1,11,-1,12,-2,12,-2,12,-2,13,-3,13,-3,13,-3,13,-4]"
2025-08-18 21:58:11.940686,CSI_DATA,450,1a:00:00:00:00:00,-52,11,0,0,0,0,0,0,0,0,0,-94,0,1,0,76900430,0,31,0,128,0,"[0,0,7,11,8,10,8,10,8,10,8,10,8,9,9,9,9,9,9,8,10,8,10,7,11,7,11,7,12,7,12,7,12,7,13,7,12,7,13,8,13,8,12,9,12,9,11,10,11,10,10,10,10,11,0,0,0,0,0,0,0,0,0,0,0,0,0,0,0,0,0,0,0,0,0,0,6,6,6,7,6,8,6,9,6,10,5,10,4,11,4,11,3,12,3,12,3,11,2,11,3,11,3,11,3,11,3,10,3,10,4,10,4,10,5,11,5,10,6,11,6,11,7,11,7,11,7,11]"
2025-08-18 21:58:12.124467,CSI_DATA,451,1a:00:00:00:00:00,-52,11,0,0,0,0,0,0,0,0,0,-94,0,1,0,77101771,0,31,0,128,0,"[0,0,1,13,1,13,1,12,2,13,2,13,3,12,3,12,4,12,4,11,5,11,5,11,5,11,6,11,7,11,7,11,7,12,7,12,7,13,7,13,7,13,6,13,6,13,5,14,4,14,4,14,3,14,0,0,0,0,0,0,0,0,0,0,0,0,0,0,0,0,0,0,0,0,0,0,2,8,2,9,1,10,0,10,0,11,-1,11,-2,12,-2,12,-3,12,-4,11,-4,11,-4,11,-4,11,-4,11,-3,11,-3,10,-3,10,-2,11,-2,11,-1,12,-1,12,0,12,0,12,0,13,0,13,1,13]"
2025-08-18 21:58:12.323300,CSI_DATA,452,1a:00:00:00:00:00,-52,11,0,0,0,0,0,0,0,0,0,-94,0,1,0,77302895,0,31,0,128,0,"[0,0,10,7,11,6,11,6,11,6,11,5,12,5,12,4,12,4,11,3,12,3,12,2,12,2,13,2,13,1,14,1,14,1,14,1,15,1,15,2,15,2,14,3,14,3,14,4,14,4,13,4,13,5,0,0,0,0,0,0,0,0,0,0,0,0,0,0,0,0,0,0,0,0,0,0,8,3,8,4,9,5,8,6,9,7,8,7,8,9,8,9,7,9,7,10,6,9,6,9,6,9,6,9,6,8,7,8,7,8,8,8,8,8,9,7,9,8,9,7,10,7,10,7,10,7,11,7]"
2025-08-18 21:58:12.535498,CSI_DATA,453,1a:00:00:00:00:00,-52,11,0,0,0,0,0,0,0,0,0,-94,0,1,0,77504136,0,31,0,128,0,"[0,0,-4,-13,-5,-13,-5,-13,-5,-13,-6,-13,-6,-13,-6,-12,-7,-12,-7,-12,-7,-11,-8,-11,-9,-11,-9,-11,-10,-11,-10,-11,-10,-11,-10,-12,-10,-12,-10,-12,-10,-12,-9,-13,-9,-13,-9,-13,-8,-13,-7,-13,-7,-14,0,0,0,0,0,0,0,0,0,0,0,0,0,0,0,0,0,0,0,0,0,0,-5,-9,-4,-9,-4,-10,-3,-11,-3,-12,-2,-12,-1,-13,-1,-13,0,-13,0,-13,1,-13,1,-12,1,-12,1,-12,0,-12,0,-12,0,-12,-1,-12,-2,-13,-2,-12,-2,-13,-3,-13,-3,-13,-4,-13,-4,-13,-4,-13]"
2025-08-18 21:58:12.728844,CSI_DATA,454,1a:00:00:00:00:00,-52,11,0,0,0,0,0,0,0,0,0,-94,0,1,0,77705260,0,31,0,128,0,"[0,0,13,2,13,2,13,1,13,1,13,0,13,0,13,0,13,-1,13,-2,13,-2,13,-3,13,-3,13,-3,13,-4,14,-4,14,-4,15,-4,15,-4,15,-4,15,-3,15,-3,15,-2,15,-1,15,-1,15,0,14,0,0,0,0,0,0,0,0,0,0,0,0,0,0,0,0,0,0,0,0,0,0,0,9,-1,10,0,10,1,10,2,11,2,11,3,11,4,11,5,11,5,11,6,10,6,10,6,10,6,10,6,10,5,10,5,10,4,11,4,11,4,11,4,11,3,12,3,12,2,12,3,13,3,13,2]"
2025-08-18 21:58:12.932543,CSI_DATA,455,1a:00:00:00:00:00,-52,11,0,0,0,0,0,0,0,0,0,-94,0,1,0,77906427,0,31,0,128,0,"[0,0,6,-13,5,-13,5,-13,5,-13,5,-13,4,-13,4,-13,4,-13,3,-13,2,-13,1,-14,1,-14,1,-14,0,-15,0,-15,0,-16,0,-15,1,-16,2,-16,2,-16,2,-16,3,-16,3,-15,3,-16,4,-15,5,-15,0,0,0,0,0,0,0,0,0,0,0,0,0,0,0,0,0,0,0,0,0,0,2,-10,3,-10,4,-10,5,-10,6,-10,7,-10,8,-10,8,-9,9,-9,9,-9,9,-9,9,-9,9,-9,8,-9,8,-9,8,-8,8,-9,7,-9,7,-10,7,-10,7,-10,7,-11,6,-11,6,-12,6,-12,6,-12]"
2025-08-18 21:58:13.140285,CSI_DATA,456,1a:00:00:00:00:00,-52,11,0,0,0,0,0,0,0,0,0,-94,0,1,0,78107554,0,31,0,128,0,"[0,0,-14,-1,-14,-1,-14,-1,-14,0,-14,0,-14,1,-14,1,-14,2,-13,2,-13,3,-13,4,-13,4,-13,4,-14,5,-14,5,-14,5,-14,5,-15,5,-15,5,-15,5,-16,4,-16,4,-15,3,-15,3,-15,2,-16,1,0,0,0,0,0,0,0,0,0,0,0,0,0,0,0,0,0,0,0,0,0,0,-10,1,-11,0,-11,-1,-12,-2,-12,-2,-12,-3,-12,-4,-13,-4,-12,-5,-12,-6,-12,-6,-12,-6,-12,-6,-12,-6,-11,-5,-11,-5,-12,-5,-12,-4,-12,-4,-12,-3,-13,-3,-13,-3,-13,-2,-14,-2,-14,-1,-14,-1]"
2025-08-18 21:58:13.201057,CSI_DATA,457,1a:00:00:00:00:00,-52,11,0,0,0,0,0,0,0,0,0,-94,0,1,0,78170577,0,42,0,128,0,"[0,0,-13,-6,-13,-5,-13,-5,-13,-5,-14,-4,-13,-4,-13,-4,-14,-3,-13,-2,-13,-2,-14,-1,-14,-1,-14,-1,-15,0,-15,0,-15,0,-16,0,-16,0,-16,0,-16,-1,-16,-1,-16,-2,-16,-3,-16,-3,-15,-4,-15,-4,0,0,0,0,0,0,0,0,0,0,0,0,0,0,0,0,0,0,0,0,0,0,-10,-2,-10,-3,-11,-4,-11,-5,-11,-6,-11,-7,-11,-7,-10,-8,-10,-8,-10,-9,-10,-9,-9,-9,-9,-9,-9,-9,-10,-8,-9,-8,-10,-7,-10,-7,-10,-7,-11,-7,-11,-7,-12,-7,-12,-6,-12,-6,-13,-6,-13,-6]"
2025-08-18 21:58:13.264921,CSI_DATA,458,1a:00:00:00:00:00,-52,11,0,0,0,0,0,0,0,0,0,-94,0,1,0,78235481,0,31,0,128,0,"[0,0,2,-14,1,-14,1,-14,1,-14,0,-14,0,-14,-1,-14,-1,-14,-2,-14,-2,-14,-3,-14,-4,-14,-4,-14,-4,-14,-4,-14,-5,-15,-5,-15,-5,-16,-4,-16,-4,-16,-3,-16,-3,-16,-2,-16,-2,-16,-1,-15,0,-15,0,0,0,0,0,0,0,0,0,0,0,0,0,0,0,0,0,0,0,0,0,0,-1,-10,0,-11,0,-11,1,-11,2,-12,3,-12,4,-12,5,-12,5,-12,5,-12,6,-11,6,-11,6,-11,5,-11,5,-11,5,-11,4,-11,4,-11,4,-12,3,-12,3,-12,3,-13,2,-13,2,-14,2,-14,2,-14]"
2025-08-18 21:58:13.470250,CSI_DATA,459,1a:00:00:00:00:00,-52,11,0,0,0,0,0,0,0,0,0,-94,0,1,0,78436629,0,31,0,128,0,"[0,0,-11,9,-10,9,-10,9,-10,10,-9,9,-9,9,-9,10,-8,10,-8,11,-7,11,-7,11,-6,11,-6,12,-6,12,-6,13,-6,13,-6,14,-7,13,-7,14,-8,14,-8,13,-8,13,-9,13,-9,12,-9,12,-10,11,0,0,0,0,0,0,0,0,0,0,0,0,0,0,0,0,0,0,0,0,0,0,-6,7,-7,7,-8,7,-9,6,-10,6,-11,6,-12,5,-12,5,-12,4,-12,4,-12,4,-12,3,-12,4,-12,4,-11,4,-12,4,-11,5,-11,5,-11,5,-11,6,-11,6,-11,7,-11,8,-11,8,-11,8,-11,9]"
2025-08-18 21:58:13.662492,CSI_DATA,460,1a:00:00:00:00:00,-52,11,0,0,0,0,0,0,0,0,0,-94,0,1,0,78637769,0,31,0,128,0,"[0,0,7,-11,7,-11,6,-11,7,-12,6,-12,5,-11,5,-12,4,-12,5,-12,4,-12,3,-13,2,-13,2,-13,2,-14,2,-14,2,-14,2,-14,3,-15,3,-15,3,-15,4,-15,5,-15,5,-14,5,-14,6,-13,6,-13,0,0,0,0,0,0,0,0,0,0,0,0,0,0,0,0,0,0,0,0,0,0,3,-9,4,-9,5,-9,5,-9,6,-9,7,-9,8,-9,8,-8,9,-8,9,-8,9,-7,9,-7,9,-7,9,-7,9,-7,8,-7,8,-8,8,-8,8,-9,7,-9,7,-9,7,-10,7,-10,7,-10,7,-11,7,-11]"
2025-08-18 21:58:13.865336,CSI_DATA,461,1a:00:00:00:00:00,-52,11,0,0,0,0,0,0,0,0,0,-94,0,1,0,78838893,0,31,0,128,0,"[0,0,13,-4,13,-5,12,-5,13,-6,12,-6,12,-6,12,-6,11,-7,11,-7,11,-8,10,-9,10,-9,10,-9,10,-9,11,-11,10,-10,11,-11,11,-10,12,-11,12,-10,12,-10,13,-9,13,-9,13,-8,13,-8,13,-7,0,0,0,0,0,0,0,0,0,0,0,0,0,0,0,0,0,0,0,0,0,0,8,-5,8,-5,10,-4,10,-4,11,-3,11,-2,12,-2,12,-1,12,0,12,0,12,0,12,0,12,1,11,0,11,0,11,0,11,-1,12,-1,11,-2,12,-2,12,-2,12,-3,13,-4,12,-4,13,-4,13,-4]"
2025-08-18 21:58:14.062446,CSI_DATA,462,1a:00:00:00:00:00,-52,11,0,0,0,0,0,0,0,0,0,-94,0,1,0,79040087,0,31,0,128,0,"[0,0,13,3,13,3,13,2,13,2,13,1,13,1,13,0,13,0,13,-1,13,-2,13,-2,13,-2,13,-3,13,-3,14,-3,14,-3,15,-3,15,-3,15,-3,15,-3,15,-2,15,-2,15,-1,15,0,15,0,15,1,0,0,0,0,0,0,0,0,0,0,0,0,0,0,0,0,0,0,0,0,0,0,9,0,9,1,10,2,10,2,11,3,11,4,11,5,11,5,10,6,10,7,10,7,9,7,9,7,9,6,9,6,9,6,9,5,10,5,10,5,11,4,11,4,12,4,12,4,12,3,12,3,13,3]"
2025-08-18 21:58:14.266738,CSI_DATA,463,1a:00:00:00:00:00,-52,11,0,0,0,0,0,0,0,0,0,-94,0,1,0,79241230,0,31,0,128,0,"[0,0,7,-12,6,-13,6,-12,6,-13,5,-13,5,-12,4,-13,4,-13,3,-13,3,-14,2,-14,1,-14,1,-14,1,-14,1,-15,1,-15,1,-16,1,-16,2,-16,2,-16,2,-16,3,-16,3,-16,4,-15,4,-15,5,-14,0,0,0,0,0,0,0,0,0,0,0,0,0,0,0,0,0,0,0,0,0,0,3,-9,4,-9,5,-10,6,-9,7,-10,8,-9,9,-9,9,-9,9,-9,10,-8,10,-8,10,-7,9,-8,9,-8,9,-7,9,-8,8,-8,8,-9,7,-9,7,-10,7,-10,7,-11,7,-11,7,-11,7,-12,7,-12]"
2025-08-18 21:58:14.679809,CSI_DATA,464,1a:00:00:00:00:00,-52,11,0,0,0,0,0,0,0,0,0,-94,0,1,0,79442593,0,31,0,128,0,"[0,0,10,9,10,8,10,8,10,8,11,8,10,8,10,7,11,7,11,6,11,5,12,5,12,5,13,4,13,4,13,4,14,4,14,5,14,5,14,5,14,6,14,6,14,7,13,7,13,8,12,8,12,9,0,0,0,0,0,0,0,0,0,0,0,0,0,0,0,0,0,0,0,0,0,0,8,4,8,5,8,6,8,7,8,8,8,9,7,9,6,10,6,10,6,10,5,10,5,10,5,10,5,10,5,10,5,9,6,9,6,9,7,9,7,9,7,9,8,9,9,9,9,9,9,9,10,9]"
2025-08-18 21:58:14.686207,CSI_DATA,465,1a:00:00:00:00:00,-52,11,0,0,0,0,0,0,0,0,0,-94,0,1,0,79643637,0,31,0,128,0,"[0,0,-14,-1,-14,-1,-14,-1,-14,0,-14,0,-14,1,-14,1,-13,2,-14,2,-13,3,-13,4,-13,4,-13,4,-14,5,-14,5,-14,6,-14,6,-15,6,-15,6,-15,5,-16,5,-15,4,-15,3,-15,3,-15,2,-16,2,0,0,0,0,0,0,0,0,0,0,0,0,0,0,0,0,0,0,0,0,0,0,-10,1,-11,0,-11,-1,-12,-2,-12,-2,-13,-3,-13,-4,-12,-4,-12,-5,-12,-6,-12,-6,-12,-6,-11,-6,-11,-6,-11,-5,-11,-5,-11,-4,-12,-4,-12,-4,-12,-3,-13,-3,-13,-3,-14,-2,-14,-2,-14,-2,-14,-1]"
2025-08-18 21:58:14.736533,CSI_DATA,466,1a:00:00:00:00:00,-52,11,0,0,0,0,0,0,0,0,0,-94,0,1,0,79706571,0,42,0,128,0,"[0,0,-14,-4,-14,-4,-13,-4,-14,-3,-14,-3,-14,-3,-14,-2,-14,-1,-14,-1,-14,0,-14,0,-14,1,-14,1,-14,2,-15,2,-15,2,-16,2,-16,2,-16,2,-16,1,-16,1,-16,0,-16,0,-16,-1,-16,-1,-16,-2,0,0,0,0,0,0,0,0,0,0,0,0,0,0,0,0,0,0,0,0,0,0,-10,-2,-10,-3,-11,-4,-11,-5,-11,-5,-11,-6,-11,-7,-11,-8,-11,-8,-10,-9,-10,-9,-10,-8,-10,-9,-10,-8,-10,-8,-10,-8,-10,-7,-11,-6,-11,-7,-11,-6,-12,-6,-12,-6,-13,-5,-13,-5,-13,-5,-13,-5]"
2025-08-18 21:58:14.793535,CSI_DATA,467,1a:00:00:00:00:00,-52,11,0,0,0,0,0,0,0,0,0,-94,0,1,0,79771148,0,31,0,128,0,"[0,0,0,13,1,13,1,13,1,13,2,13,2,12,3,12,3,12,3,11,4,11,4,12,5,12,5,12,6,12,6,12,6,12,6,13,6,13,6,13,6,14,5,14,4,14,4,14,3,14,2,14,2,14,0,0,0,0,0,0,0,0,0,0,0,0,0,0,0,0,0,0,0,0,0,0,2,8,2,9,1,9,1,10,0,11,-1,11,-2,12,-2,12,-3,11,-3,11,-4,11,-4,11,-4,11,-4,11,-3,11,-3,10,-3,11,-2,11,-2,11,-1,11,-1,12,0,12,-1,12,0,13,0,12,0,13]"
2025-08-18 21:58:14.994548,CSI_DATA,468,1a:00:00:00:00:00,-52,11,0,0,0,0,0,0,0,0,0,-94,0,1,0,79972256,0,31,0,128,0,"[0,0,4,13,4,12,4,12,5,12,5,12,5,12,6,11,6,11,6,11,7,10,8,10,9,10,9,10,9,10,9,10,9,10,10,11,10,11,9,12,9,12,8,12,8,13,8,12,8,13,7,13,6,13,0,0,0,0,0,0,0,0,0,0,0,0,0,0,0,0,0,0,0,0,0,0,5,7,5,8,4,9,4,10,3,10,2,11,1,12,1,12,0,12,0,12,0,12,0,12,0,12,0,11,0,11,0,11,1,11,1,11,1,11,1,11,2,12,2,12,3,12,4,12,4,12,4,12]"
2025-08-18 21:58:15.211505,CSI_DATA,469,1a:00:00:00:00:00,-52,11,0,0,0,0,0,0,0,0,0,-94,0,1,0,80173397,0,31,0,128,0,"[0,0,-2,14,-1,14,0,13,0,13,1,14,1,13,1,13,2,13,2,13,3,13,3,13,4,13,4,13,5,13,5,13,5,14,5,14,5,14,5,15,5,15,4,15,4,15,3,15,3,15,2,15,1,15,0,0,0,0,0,0,0,0,0,0,0,0,0,0,0,0,0,0,0,0,0,0,1,9,0,10,-1,10,-2,11,-2,11,-3,12,-4,12,-5,12,-5,12,-6,11,-6,11,-6,11,-6,11,-6,11,-5,11,-5,10,-5,11,-4,11,-4,12,-3,12,-3,12,-2,12,-2,13,-2,13,-2,14,-2,14]"
2025-08-18 21:58:15.396263,CSI_DATA,470,1a:00:00:00:00:00,-52,11,0,0,0,0,0,0,0,0,0,-94,0,1,0,80374560,0,31,0,128,0,"[0,0,5,12,5,12,6,12,6,11,7,11,7,11,7,10,8,10,8,10,8,9,9,9,9,9,10,9,11,9,10,9,11,9,11,9,11,10,11,10,11,10,11,10,10,11,10,11,9,12,8,12,8,12,0,0,0,0,0,0,0,0,0,0,0,0,0,0,0,0,0,0,0,0,0,0,5,7,5,8,4,9,4,10,3,10,3,11,2,12,2,12,1,12,0,12,0,12,0,12,0,12,0,12,0,12,1,11,1,11,1,11,2,11,3,11,3,11,4,12,4,12,4,12,5,12,5,12]"
2025-08-18 21:58:15.599726,CSI_DATA,471,1a:00:00:00:00:00,-52,11,0,0,0,0,0,0,0,0,0,-94,0,1,0,80575962,0,31,0,128,0,"[0,0,-1,13,0,13,0,13,1,13,1,13,2,13,2,12,3,12,3,12,3,12,4,12,5,12,5,12,6,12,6,12,6,13,6,13,6,13,6,14,5,14,5,14,4,14,4,14,3,14,3,14,2,14,0,0,0,0,0,0,0,0,0,0,0,0,0,0,0,0,0,0,0,0,0,0,1,8,0,9,0,10,-1,11,-1,11,-3,11,-3,11,-4,11,-5,11,-5,11,-5,11,-5,10,-5,11,-5,10,-5,10,-4,10,-4,11,-3,11,-3,11,-2,11,-2,11,-2,12,-2,12,-1,13,-1,13,-1,13]"
2025-08-18 21:58:15.803344,CSI_DATA,472,1a:00:00:00:00:00,-52,11,0,0,0,0,0,0,0,0,0,-94,0,1,0,80777008,0,31,0,128,0,"[0,0,12,-6,11,-7,11,-7,11,-7,11,-8,10,-8,10,-8,10,-9,9,-9,9,-10,9,-10,8,-10,8,-11,8,-11,8,-12,9,-12,9,-12,9,-12,10,-12,10,-12,11,-12,11,-11,11,-11,11,-10,11,-10,12,-9,0,0,0,0,0,0,0,0,0,0,0,0,0,0,0,0,0,0,0,0,0,0,7,-7,8,-6,9,-6,9,-5,10,-5,11,-4,11,-4,12,-3,12,-3,12,-2,12,-2,12,-2,11,-2,11,-2,11,-2,11,-2,11,-3,11,-3,11,-4,11,-4,11,-4,11,-5,11,-6,11,-6,11,-6,12,-7]"
2025-08-18 21:58:16.006869,CSI_DATA,473,1a:00:00:00:00:00,-52,11,0,0,0,0,0,0,0,0,0,-94,0,1,0,80978144,0,31,0,128,0,"[0,0,2,-14,1,-14,1,-14,1,-14,0,-15,0,-14,-1,-14,-1,-14,-2,-14,-2,-14,-3,-14,-4,-14,-4,-14,-4,-14,-5,-14,-5,-15,-5,-15,-5,-16,-4,-16,-4,-16,-3,-16,-3,-16,-2,-16,-2,-16,-1,-16,0,-16,0,0,0,0,0,0,0,0,0,0,0,0,0,0,0,0,0,0,0,0,0,0,-1,-10,0,-11,0,-11,1,-12,2,-12,3,-12,4,-12,5,-12,5,-12,6,-12,6,-12,6,-11,6,-11,5,-11,5,-11,5,-11,4,-11,4,-12,4,-12,3,-13,3,-13,3,-13,3,-13,2,-14,2,-14,2,-14]"
2025-08-18 21:58:16.206171,CSI_DATA,474,1a:00:00:00:00:00,-52,11,0,0,0,0,0,0,0,0,0,-94,0,1,0,81179293,0,31,0,128,0,"[0,0,-13,7,-12,6,-13,7,-12,7,-12,7,-11,8,-11,8,-10,8,-10,9,-9,9,-9,9,-9,10,-9,10,-9,11,-9,11,-9,12,-9,12,-10,12,-10,12,-10,12,-11,12,-11,11,-11,10,-11,10,-12,10,-13,9,0,0,0,0,0,0,0,0,0,0,0,0,0,0,0,0,0,0,0,0,0,0,-8,6,-9,6,-10,5,-11,5,-11,4,-12,4,-13,3,-13,3,-14,2,-13,1,-13,1,-13,1,-13,1,-13,1,-13,1,-12,2,-12,2,-12,3,-13,3,-12,4,-12,4,-13,5,-13,5,-13,5,-13,6,-13,6]"
2025-08-18 21:58:16.274661,CSI_DATA,475,1a:00:00:00:00:00,-52,11,0,0,0,0,0,0,0,0,0,-94,0,1,0,81242756,0,42,0,128,0,"[0,0,-5,-13,-5,-14,-5,-13,-5,-13,-6,-13,-6,-13,-7,-12,-7,-12,-7,-12,-8,-11,-9,-11,-9,-11,-10,-11,-10,-11,-10,-11,-11,-11,-11,-11,-11,-11,-11,-12,-11,-12,-10,-12,-10,-13,-9,-13,-9,-13,-8,-13,-8,-13,0,0,0,0,0,0,0,0,0,0,0,0,0,0,0,0,0,0,0,0,0,0,-5,-9,-4,-10,-4,-11,-3,-11,-3,-12,-2,-13,-1,-13,-1,-13,0,-13,0,-13,1,-13,1,-13,0,-13,0,-13,0,-13,0,-12,-1,-12,-1,-12,-2,-13,-2,-13,-3,-13,-3,-13,-4,-13,-4,-14,-4,-13,-4,-14]"
2025-08-18 21:58:16.339318,CSI_DATA,476,1a:00:00:00:00:00,-52,11,0,0,0,0,0,0,0,0,0,-94,0,1,0,81307464,0,31,0,128,0,"[0,0,-8,-11,-9,-12,-9,-11,-9,-11,-9,-11,-9,-11,-10,-10,-10,-10,-11,-9,-11,-9,-11,-8,-12,-8,-12,-8,-12,-8,-13,-7,-13,-7,-13,-8,-13,-8,-14,-9,-13,-9,-13,-9,-12,-10,-12,-10,-12,-10,-11,-10,-10,-11,0,0,0,0,0,0,0,0,0,0,0,0,0,0,0,0,0,0,0,0,0,0,-8,-7,-8,-8,-8,-9,-7,-10,-7,-11,-6,-11,-6,-12,-5,-12,-5,-13,-4,-13,-4,-13,-3,-13,-4,-13,-4,-12,-4,-12,-4,-12,-4,-12,-5,-11,-5,-12,-6,-12,-7,-12,-7,-12,-8,-12,-8,-12,-8,-12,-8,-12]"
2025-08-18 21:58:16.538646,CSI_DATA,477,1a:00:00:00:00:00,-52,11,0,0,0,0,0,0,0,0,0,-94,0,1,0,81508670,0,31,0,128,0,"[0,0,-1,-14,-2,-14,-2,-14,-2,-14,-3,-14,-3,-13,-4,-13,-4,-13,-4,-13,-5,-13,-6,-13,-7,-13,-7,-13,-7,-13,-7,-13,-7,-13,-8,-13,-8,-14,-7,-14,-7,-14,-7,-15,-6,-15,-6,-14,-5,-15,-5,-14,-4,-15,0,0,0,0,0,0,0,0,0,0,0,0,0,0,0,0,0,0,0,0,0,0,-3,-10,-3,-11,-2,-12,-1,-12,0,-13,1,-13,2,-13,2,-14,3,-13,3,-13,3,-13,3,-13,3,-13,3,-12,3,-13,3,-12,2,-12,2,-12,1,-13,1,-13,0,-13,0,-13,0,-13,-1,-14,-1,-14,-1,-14]"
2025-08-18 21:58:16.735765,CSI_DATA,478,1a:00:00:00:00:00,-52,11,0,0,0,0,0,0,0,0,0,-94,0,1,0,81709974,0,31,0,128,0,"[0,0,6,-12,6,-12,6,-12,6,-12,4,-12,5,-12,4,-13,3,-12,3,-13,3,-13,2,-13,1,-13,1,-14,1,-14,1,-14,1,-15,0,-15,1,-15,1,-15,1,-15,2,-15,2,-15,3,-15,3,-14,4,-14,4,-14,0,0,0,0,0,0,0,0,0,0,0,0,0,0,0,0,0,0,0,0,0,0,2,-10,3,-10,4,-11,5,-10,6,-11,7,-11,8,-10,9,-10,9,-10,9,-9,10,-9,10,-8,9,-8,9,-8,9,-8,9,-8,8,-9,8,-9,8,-10,7,-10,7,-10,7,-11,7,-11,7,-12,7,-12,7,-12]"
2025-08-18 21:58:16.937360,CSI_DATA,479,1a:00:00:00:00:00,-52,11,0,0,0,0,0,0,0,0,0,-94,0,1,0,81911027,0,31,0,128,0,"[0,0,-10,9,-10,9,-9,9,-9,10,-8,9,-8,10,-8,9,-7,10,-7,10,-6,11,-6,11,-5,11,-5,12,-5,12,-5,13,-5,12,-5,13,-5,13,-6,13,-6,13,-6,13,-7,13,-7,13,-7,12,-8,11,-8,11,0,0,0,0,0,0,0,0,0,0,0,0,0,0,0,0,0,0,0,0,0,0,-6,8,-7,8,-8,8,-9,7,-10,8,-10,7,-11,7,-12,6,-12,6,-13,5,-12,5,-12,4,-12,4,-11,5,-11,5,-12,5,-11,5,-11,6,-10,6,-11,6,-10,7,-10,7,-11,8,-10,8,-10,8,-10,9]"
2025-08-18 21:58:17.142984,CSI_DATA,480,1a:00:00:00:00:00,-52,11,0,0,0,0,0,0,0,0,0,-94,0,1,0,82112150,0,31,0,128,0,"[0,0,-9,-11,-9,-10,-9,-10,-9,-10,-10,-9,-10,-9,-10,-9,-10,-8,-11,-7,-11,-7,-11,-6,-12,-6,-12,-6,-13,-6,-13,-5,-13,-5,-14,-6,-14,-6,-14,-6,-14,-7,-14,-7,-13,-7,-13,-8,-12,-8,-12,-8,-12,-9,0,0,0,0,0,0,0,0,0,0,0,0,0,0,0,0,0,0,0,0,0,0,-8,-7,-8,-8,-8,-9,-7,-10,-7,-11,-7,-11,-6,-12,-6,-12,-5,-13,-4,-13,-4,-13,-4,-13,-4,-13,-4,-12,-4,-12,-4,-11,-5,-11,-5,-11,-6,-11,-6,-11,-7,-11,-7,-11,-8,-11,-8,-11,-8,-11,-8,-11]"
2025-08-18 21:58:17.335196,CSI_DATA,481,1a:00:00:00:00:00,-52,11,0,0,0,0,0,0,0,0,0,-94,0,1,0,82313295,0,31,0,128,0,"[0,0,3,12,4,12,4,11,4,12,5,11,5,11,6,11,6,10,6,10,7,10,8,9,8,9,8,9,9,9,10,9,9,9,10,10,10,10,10,10,10,10,9,11,9,11,9,11,8,12,7,12,6,12,0,0,0,0,0,0,0,0,0,0,0,0,0,0,0,0,0,0,0,0,0,0,4,8,4,9,3,10,3,11,2,12,1,12,0,12,0,13,-1,12,-1,13,-2,12,-2,12,-1,12,-1,12,-1,11,-1,11,-1,11,0,11,1,11,1,12,1,12,2,12,2,12,3,12,3,12,3,12]"
2025-08-18 21:58:17.541123,CSI_DATA,482,1a:00:00:00:00:00,-52,11,0,0,0,0,0,0,0,0,0,-94,0,1,0,82514534,0,31,0,128,0,"[0,0,11,-6,12,-7,11,-7,11,-7,10,-7,10,-8,10,-8,9,-8,9,-9,9,-10,9,-10,8,-10,8,-11,8,-11,8,-12,8,-12,8,-12,8,-12,9,-13,9,-12,10,-12,10,-12,10,-11,11,-11,11,-10,11,-9,0,0,0,0,0,0,0,0,0,0,0,0,0,0,0,0,0,0,0,0,0,0,8,-6,9,-6,10,-5,10,-5,11,-4,11,-4,12,-3,12,-3,12,-2,13,-1,12,-1,12,-1,12,-1,12,-1,11,-1,11,-2,11,-2,11,-3,11,-3,11,-4,11,-4,11,-4,12,-5,12,-5,12,-5,12,-5]"
2025-08-18 21:58:17.797552,CSI_DATA,483,1a:00:00:00:00:00,-52,11,0,0,0,0,0,0,0,0,0,-94,0,1,0,82715821,0,31,0,128,0,"[0,0,10,8,10,7,10,7,11,7,11,6,11,6,11,6,11,5,11,4,12,4,12,3,12,3,13,2,13,2,13,2,14,2,14,2,14,3,15,3,14,4,14,4,14,5,14,5,13,5,13,6,13,7,0,0,0,0,0,0,0,0,0,0,0,0,0,0,0,0,0,0,0,0,0,0,9,3,9,4,9,5,9,6,9,7,8,8,8,9,8,9,7,10,7,10,6,10,6,10,6,10,6,10,6,9,6,9,7,9,7,8,7,8,8,8,8,8,9,8,9,8,10,8,10,8,10,7]"
2025-08-18 21:58:17.802751,CSI_DATA,484,1a:00:00:00:00:00,-51,11,0,0,0,0,0,0,0,0,0,-94,0,1,0,82778494,0,42,0,128,0,"[0,0,10,8,10,7,10,7,11,7,10,6,10,6,10,6,11,5,11,4,11,4,12,3,12,3,12,2,12,3,13,2,13,2,14,3,14,3,14,3,15,4,13,4,13,6,14,5,12,5,12,6,12,6,0,0,0,0,0,0,0,0,0,0,0,0,0,0,0,0,0,0,0,0,0,0,8,4,8,5,8,6,8,7,8,8,7,8,7,9,7,9,6,10,6,10,6,10,5,10,5,10,5,10,5,9,6,9,6,9,7,9,7,8,7,9,7,8,8,8,9,8,9,8,9,8,9,8]"
2025-08-18 21:58:17.870141,CSI_DATA,485,1a:00:00:00:00:00,-52,11,0,0,0,0,0,0,0,0,0,-94,0,1,0,82843837,0,31,0,128,0,"[0,0,11,-8,10,-8,10,-8,10,-9,9,-9,9,-9,9,-10,8,-10,8,-10,8,-10,8,-11,7,-11,7,-12,6,-12,7,-13,7,-13,7,-13,7,-14,7,-14,8,-13,8,-13,9,-13,9,-12,10,-12,10,-11,11,-10,0,0,0,0,0,0,0,0,0,0,0,0,0,0,0,0,0,0,0,0,0,0,6,-7,7,-7,8,-7,9,-7,10,-6,11,-6,11,-5,11,-5,12,-4,12,-3,12,-3,12,-2,11,-3,11,-3,11,-3,11,-4,11,-4,11,-5,11,-5,10,-6,10,-6,11,-6,11,-7,11,-7,11,-7,11,-8]"
2025-08-18 21:58:18.074550,CSI_DATA,486,1a:00:00:00:00:00,-52,11,0,0,0,0,0,0,0,0,0,-94,0,1,0,83044582,0,31,0,128,0,"[0,0,10,-9,9,-10,9,-10,9,-10,8,-10,8,-10,7,-11,7,-11,7,-11,6,-12,6,-12,5,-13,5,-13,5,-14,5,-14,5,-14,5,-15,6,-15,6,-15,6,-15,7,-15,7,-14,8,-14,8,-13,8,-13,9,-12,0,0,0,0,0,0,0,0,0,0,0,0,0,0,0,0,0,0,0,0,0,0,6,-8,6,-8,8,-7,8,-7,9,-7,10,-7,11,-6,11,-6,11,-5,11,-4,11,-4,11,-4,11,-4,10,-4,10,-4,10,-5,10,-5,10,-6,10,-6,10,-7,10,-7,10,-8,10,-8,10,-9,10,-9,10,-9]"
2025-08-18 21:58:18.280329,CSI_DATA,487,1a:00:00:00:00:00,-52,11,0,0,0,0,0,0,0,0,0,-94,0,1,0,83245746,0,31,0,128,0,"[0,0,2,-13,1,-14,1,-14,1,-14,0,-14,0,-14,-1,-14,-1,-14,-2,-13,-2,-14,-3,-14,-4,-14,-4,-14,-4,-14,-5,-15,-5,-15,-5,-15,-5,-16,-5,-16,-4,-16,-4,-16,-3,-16,-3,-16,-2,-16,-1,-16,0,-16,0,0,0,0,0,0,0,0,0,0,0,0,0,0,0,0,0,0,0,0,0,0,0,-10,1,-11,1,-11,2,-11,3,-12,4,-12,5,-12,5,-12,6,-11,6,-11,7,-11,7,-11,6,-11,6,-10,6,-10,6,-11,5,-11,5,-11,4,-12,4,-12,3,-12,3,-12,3,-13,3,-13,2,-13,2,-13]"
2025-08-18 21:58:18.472109,CSI_DATA,488,1a:00:00:00:00:00,-52,11,0,0,0,0,0,0,0,0,0,-94,0,1,0,83446986,0,31,0,128,0,"[0,0,-9,11,-8,11,-8,10,-8,11,-7,11,-7,11,-6,11,-6,12,-5,12,-5,12,-4,12,-4,12,-3,13,-3,13,-4,14,-3,14,-3,14,-4,15,-4,15,-4,15,-5,14,-5,14,-6,14,-6,14,-7,13,-8,13,0,0,0,0,0,0,0,0,0,0,0,0,0,0,0,0,0,0,0,0,0,0,-5,8,-6,9,-7,8,-8,8,-8,8,-9,8,-10,8,-11,7,-11,7,-11,6,-12,6,-12,6,-11,6,-11,6,-11,6,-11,6,-10,6,-9,7,-9,7,-9,8,-9,8,-9,9,-9,9,-9,10,-9,10,-8,10]"
2025-08-18 21:58:18.673978,CSI_DATA,489,1a:00:00:00:00:00,-52,11,0,0,0,0,0,0,0,0,0,-94,0,1,0,83648131,0,31,0,128,0,"[0,0,-11,9,-10,9,-10,9,-9,9,-9,10,-9,10,-8,10,-8,10,-8,10,-7,11,-7,12,-6,12,-5,12,-5,13,-6,13,-6,13,-6,13,-6,14,-7,14,-7,14,-7,14,-8,13,-8,13,-8,13,-9,12,-10,12,0,0,0,0,0,0,0,0,0,0,0,0,0,0,0,0,0,0,0,0,0,0,-6,7,-7,8,-8,7,-9,7,-10,7,-11,6,-12,6,-12,6,-12,5,-12,4,-13,4,-12,4,-12,4,-12,4,-12,4,-12,4,-11,5,-11,5,-11,5,-11,6,-10,6,-11,7,-11,8,-11,8,-10,8,-10,9]"
2025-08-18 21:58:18.880780,CSI_DATA,490,1a:00:00:00:00:00,-52,11,0,0,0,0,0,0,0,0,0,-94,0,1,0,83849452,0,31,0,128,0,"[0,0,-11,-10,-11,-9,-11,-9,-11,-8,-11,-8,-11,-8,-12,-8,-12,-7,-12,-6,-12,-6,-13,-5,-13,-4,-14,-5,-14,-4,-14,-4,-15,-4,-15,-4,-15,-4,-16,-5,-15,-5,-15,-6,-15,-6,-15,-7,-15,-7,-14,-7,-14,-8,0,0,0,0,0,0,0,0,0,0,0,0,0,0,0,0,0,0,0,0,0,0,-9,-6,-9,-6,-9,-8,-9,-8,-9,-9,-8,-10,-8,-11,-7,-11,-7,-12,-6,-12,-6,-12,-6,-12,-6,-12,-6,-12,-6,-11,-6,-11,-6,-11,-7,-10,-7,-11,-8,-10,-8,-10,-9,-10,-9,-10,-10,-10,-10,-10,-10,-9]"
2025-08-18 21:58:19.082383,CSI_DATA,491,1a:00:00:00:00:00,-52,11,0,0,0,0,0,0,0,0,0,-94,0,1,0,84050592,0,31,0,128,0,"[0,0,-11,-10,-11,-9,-11,-9,-11,-8,-12,-8,-12,-8,-12,-8,-12,-7,-12,-6,-12,-5,-13,-5,-14,-5,-14,-5,-14,-5,-14,-4,-15,-4,-15,-4,-16,-4,-16,-5,-15,-5,-15,-6,-15,-6,-15,-6,-15,-7,-14,-7,-14,-8,0,0,0,0,0,0,0,0,0,0,0,0,0,0,0,0,0,0,0,0,0,0,-9,-5,-9,-6,-9,-7,-9,-9,-9,-9,-9,-10,-8,-11,-7,-11,-7,-12,-6,-12,-6,-12,-6,-12,-6,-12,-6,-12,-6,-11,-6,-11,-7,-11,-7,-10,-8,-11,-8,-10,-8,-10,-9,-10,-9,-10,-10,-10,-10,-10,-10,-10]"
2025-08-18 21:58:19.279553,CSI_DATA,492,1a:00:00:00:00:00,-52,11,0,0,0,0,0,0,0,0,0,-94,0,1,0,84251726,0,31,0,128,0,"[0,0,4,-13,3,-14,3,-13,3,-13,2,-14,2,-13,2,-14,1,-13,1,-14,0,-14,-1,-14,-2,-14,-2,-14,-2,-14,-2,-15,-2,-15,-2,-16,-2,-16,-2,-16,-1,-16,-1,-16,0,-16,0,-16,0,-16,1,-16,2,-15,0,0,0,0,0,0,0,0,0,0,0,0,0,0,0,0,0,0,0,0,0,0,1,-10,1,-11,2,-11,3,-11,4,-12,5,-12,6,-11,7,-11,7,-11,8,-11,8,-10,8,-10,8,-10,7,-10,7,-10,7,-10,6,-10,6,-11,5,-11,5,-11,5,-11,5,-12,5,-13,4,-13,4,-13,4,-13]"
2025-08-18 21:58:19.404304,CSI_DATA,493,1a:00:00:00:00:00,-52,11,0,0,0,0,0,0,0,0,0,-94,0,1,0,84314562,0,42,0,128,0,"[0,0,10,8,10,8,10,8,10,7,11,7,11,7,11,6,11,5,11,5,11,4,12,4,12,3,12,3,13,3,13,2,14,2,13,3,15,3,14,3,14,4,14,4,14,5,13,5,13,6,13,6,12,7,0,0,0,0,0,0,0,0,0,0,0,0,0,0,0,0,0,0,0,0,0,0,8,4,8,5,8,6,8,7,8,7,8,9,7,9,7,10,6,10,6,10,5,10,5,11,5,10,5,10,6,10,5,9,6,9,6,9,7,9,7,9,8,8,8,9,9,8,9,8,9,8,10,8]"
2025-08-18 21:58:19.410564,CSI_DATA,494,1a:00:00:00:00:00,-52,11,0,0,0,0,0,0,0,0,0,-94,0,1,0,84379161,0,31,0,128,0,"[0,0,12,-4,11,-5,11,-5,11,-6,11,-6,11,-6,10,-6,10,-7,10,-7,10,-8,9,-8,9,-9,9,-9,9,-10,9,-10,9,-10,9,-10,10,-11,11,-11,11,-10,11,-10,11,-9,11,-9,11,-9,11,-8,12,-7,0,0,0,0,0,0,0,0,0,0,0,0,0,0,0,0,0,0,0,0,0,0,7,-5,8,-5,9,-4,10,-3,10,-3,11,-2,12,-2,12,-1,12,0,11,0,12,1,11,1,11,1,11,0,11,0,11,0,11,-1,11,-1,11,-1,11,-2,11,-2,11,-3,11,-3,11,-4,12,-4,12,-4]"
2025-08-18 21:58:19.611577,CSI_DATA,495,1a:00:00:00:00:00,-52,11,0,0,0,0,0,0,0,0,0,-94,0,1,0,84580291,0,31,0,128,0,"[0,0,-11,-8,-12,-8,-12,-7,-12,-7,-12,-7,-12,-6,-13,-6,-13,-5,-13,-4,-13,-4,-13,-4,-14,-3,-14,-3,-14,-2,-15,-2,-15,-2,-16,-2,-15,-2,-16,-2,-16,-2,-16,-3,-16,-3,-16,-4,-15,-5,-15,-5,-15,-6,0,0,0,0,0,0,0,0,0,0,0,0,0,0,0,0,0,0,0,0,0,0,-9,-5,-9,-6,-10,-7,-9,-7,-9,-9,-9,-9,-9,-10,-9,-10,-8,-11,-7,-12,-7,-11,-6,-12,-7,-11,-7,-11,-7,-10,-7,-10,-8,-10,-8,-10,-8,-10,-9,-9,-10,-9,-10,-9,-10,-9,-11,-9,-11,-9,-11,-8]"
2025-08-18 21:58:19.820304,CSI_DATA,496,1a:00:00:00:00:00,-52,11,0,0,0,0,0,0,0,0,0,-94,0,1,0,84781370,0,31,0,128,0,"[0,0,3,-14,2,-14,2,-13,2,-14,1,-14,1,-14,0,-14,0,-14,-1,-13,-2,-14,-2,-14,-3,-14,-3,-14,-3,-14,-4,-15,-4,-14,-4,-16,-4,-15,-4,-16,-3,-16,-3,-16,-2,-16,-2,-16,-1,-16,-1,-16,0,-16,0,0,0,0,0,0,0,0,0,0,0,0,0,0,0,0,0,0,0,0,0,0,0,-10,1,-10,2,-12,3,-11,4,-12,5,-12,6,-12,6,-11,7,-11,7,-11,8,-11,8,-10,7,-10,7,-10,6,-10,7,-10,6,-10,6,-11,5,-11,5,-12,5,-12,4,-12,4,-13,3,-13,4,-13,3,-13]"
2025-08-18 21:58:20.026208,CSI_DATA,497,1a:00:00:00:00:00,-52,11,0,0,0,0,0,0,0,0,0,-94,0,1,0,84982721,0,31,0,128,0,"[0,0,-10,-10,-10,-10,-10,-10,-10,-9,-11,-9,-10,-9,-11,-8,-11,-8,-11,-7,-12,-6,-12,-6,-13,-6,-13,-5,-14,-5,-14,-5,-14,-5,-14,-5,-15,-6,-15,-6,-15,-7,-15,-7,-14,-8,-14,-8,-14,-8,-13,-8,-13,-9,0,0,0,0,0,0,0,0,0,0,0,0,0,0,0,0,0,0,0,0,0,0,-8,-6,-8,-7,-8,-8,-8,-9,-8,-10,-7,-11,-7,-11,-6,-12,-6,-12,-5,-12,-5,-12,-5,-12,-5,-12,-5,-12,-5,-12,-5,-11,-6,-11,-6,-10,-7,-11,-7,-11,-8,-11,-8,-11,-9,-10,-9,-10,-9,-10,-10,-10]"
2025-08-18 21:58:20.204678,CSI_DATA,498,1a:00:00:00:00:00,-52,11,0,0,0,0,0,0,0,0,0,-94,0,1,0,85183876,0,31,0,128,0,"[0,0,5,12,5,12,6,12,6,11,7,11,7,11,7,10,8,10,8,9,8,9,9,9,10,9,10,9,11,9,11,8,11,9,12,9,12,9,12,10,11,10,11,11,11,11,10,12,10,11,9,11,8,12,0,0,0,0,0,0,0,0,0,0,0,0,0,0,0,0,0,0,0,0,0,0,5,7,5,9,5,9,4,10,4,11,3,12,2,12,1,13,1,13,0,12,0,12,-1,12,0,12,0,12,0,12,0,11,1,12,1,11,2,12,3,12,3,11,4,12,4,12,4,12,4,12,5,12]"
2025-08-18 21:58:20.411609,CSI_DATA,499,1a:00:00:00:00:00,-52,11,0,0,0,0,0,0,0,0,0,-94,0,1,0,85385053,0,31,0,128,0,"[0,0,-12,7,-12,7,-11,7,-11,7,-11,8,-10,8,-10,8,-10,9,-9,9,-9,9,-9,10,-8,10,-8,10,-8,11,-8,11,-8,12,-8,12,-9,12,-9,13,-9,12,-10,12,-10,11,-10,11,-11,11,-11,10,-12,9,0,0,0,0,0,0,0,0,0,0,0,0,0,0,0,0,0,0,0,0,0,0,-8,6,-8,6,-9,5,-10,5,-11,5,-12,4,-13,3,-13,3,-13,2,-13,1,-13,1,-13,1,-13,1,-12,1,-12,1,-12,2,-12,2,-12,3,-12,3,-12,4,-12,4,-12,5,-12,5,-12,5,-12,6,-12,6]"
2025-08-18 21:58:20.609071,CSI_DATA,500,1a:00:00:00:00:00,-52,11,0,0,0,0,0,0,0,0,0,-94,0,1,0,85586247,0,31,0,128,0,"[0,0,-1,13,0,13,0,13,1,13,1,13,2,13,2,13,3,12,3,12,4,12,4,12,5,12,5,12,6,12,6,12,6,12,6,13,7,13,6,14,6,14,6,14,5,14,5,15,4,14,3,14,2,14,0,0,0,0,0,0,0,0,0,0,0,0,0,0,0,0,0,0,0,0,0,0,2,9,1,10,1,11,0,11,-1,12,-2,12,-3,12,-4,12,-4,12,-5,12,-5,12,-5,11,-5,11,-5,11,-4,11,-4,11,-4,11,-3,11,-3,11,-2,12,-2,12,-2,12,-1,13,-1,13,-1,13,0,13]"
2025-08-18 21:58:20.816692,CSI_DATA,501,1a:00:00:00:00:00,-52,11,0,0,0,0,0,0,0,0,0,-94,0,1,0,85787380,0,31,0,128,0,"[0,0,1,-14,0,-14,0,-14,-1,-13,-1,-14,-2,-14,-2,-14,-3,-14,-3,-13,-3,-13,-4,-13,-5,-13,-5,-13,-6,-14,-6,-14,-6,-14,-6,-15,-6,-15,-6,-15,-6,-15,-5,-16,-5,-16,-4,-16,-4,-16,-2,-16,-2,-16,0,0,0,0,0,0,0,0,0,0,0,0,0,0,0,0,0,0,0,0,0,0,-2,-10,-1,-11,0,-11,0,-12,1,-12,2,-13,3,-13,4,-13,4,-13,5,-12,5,-12,6,-12,5,-12,5,-12,4,-12,4,-11,4,-12,3,-12,3,-13,2,-12,2,-13,2,-13,1,-13,1,-14,1,-14,1,-14]"
2025-08-18 21:58:20.882030,CSI_DATA,502,1a:00:00:00:00:00,-52,11,0,0,0,0,0,0,0,0,0,-94,0,1,0,85854950,0,42,0,128,0,"[0,0,-12,6,-12,7,-12,7,-12,8,-11,7,-11,8,-10,8,-10,8,-10,9,-10,10,-9,10,-8,10,-8,11,-8,11,-8,12,-8,12,-9,12,-9,12,-10,13,-10,12,-10,12,-10,12,-11,11,-11,11,-12,10,-12,9,0,0,0,0,0,0,0,0,0,0,0,0,0,0,0,0,0,0,0,0,0,0,-8,6,-8,6,-10,6,-10,5,-11,5,-12,4,-13,3,-13,3,-13,3,-13,1,-13,1,-13,1,-13,1,-12,1,-12,1,-12,2,-12,2,-12,3,-12,3,-12,4,-12,4,-12,4,-13,5,-13,6,-12,6,-12,6]"
2025-08-18 21:58:20.945888,CSI_DATA,503,1a:00:00:00:00:00,-52,11,0,0,0,0,0,0,0,0,0,-94,0,1,0,85915581,0,31,0,128,0,"[0,0,-13,-5,-14,-4,-13,-4,-14,-3,-13,-3,-13,-3,-13,-2,-13,-1,-13,-1,-13,0,-14,0,-14,1,-14,1,-14,2,-14,2,-14,2,-15,2,-15,2,-16,2,-16,2,-16,1,-16,1,-16,0,-15,0,-15,-1,-15,-2,0,0,0,0,0,0,0,0,0,0,0,0,0,0,0,0,0,0,0,0,0,0,-10,-2,-10,-2,-11,-4,-11,-4,-11,-5,-11,-6,-11,-7,-11,-7,-11,-8,-10,-9,-10,-9,-10,-9,-9,-9,-9,-8,-10,-8,-10,-8,-10,-7,-11,-7,-10,-7,-11,-6,-11,-6,-12,-6,-12,-5,-12,-6,-13,-5,-13,-5]"
2025-08-18 21:58:21.140644,CSI_DATA,504,1a:00:00:00:00:00,-52,11,0,0,0,0,0,0,0,0,0,-94,0,1,0,86116808,0,31,0,128,0,"[0,0,-2,13,-1,13,-1,13,0,13,1,13,0,13,1,13,2,12,2,12,3,12,4,12,4,12,5,12,5,13,5,12,5,13,5,14,5,14,5,14,4,15,4,15,3,15,3,15,3,15,2,14,1,15,0,0,0,0,0,0,0,0,0,0,0,0,0,0,0,0,0,0,0,0,0,0,1,9,1,10,0,10,-1,11,-2,11,-3,12,-4,12,-5,12,-5,12,-5,11,-6,11,-6,11,-6,11,-5,11,-5,11,-5,10,-5,11,-4,11,-4,11,-3,11,-3,12,-3,12,-2,12,-2,13,-1,13,-1,13]"
2025-08-18 21:58:21.344564,CSI_DATA,505,1a:00:00:00:00:00,-52,11,0,0,0,0,0,0,0,0,0,-94,0,1,0,86317928,0,31,0,128,0,"[0,0,7,-11,6,-12,6,-11,6,-12,5,-12,5,-12,4,-12,4,-13,3,-13,3,-13,2,-13,2,-13,2,-13,1,-14,1,-15,1,-14,1,-16,1,-15,2,-16,2,-16,3,-16,3,-15,3,-15,4,-15,5,-15,5,-14,0,0,0,0,0,0,0,0,0,0,0,0,0,0,0,0,0,0,0,0,0,0,3,-9,4,-9,5,-10,6,-9,7,-10,8,-9,9,-9,9,-9,10,-8,10,-8,10,-7,10,-7,10,-7,9,-7,9,-7,9,-8,8,-8,8,-9,8,-9,8,-9,8,-9,7,-10,8,-10,7,-11,7,-11,7,-11]"
2025-08-18 21:58:21.543274,CSI_DATA,506,1a:00:00:00:00:00,-52,11,0,0,0,0,0,0,0,0,0,-94,0,1,0,86519202,0,31,0,128,0,"[0,0,-3,13,-2,12,-2,13,-1,12,-1,13,-1,12,0,12,0,12,1,12,2,12,2,12,3,12,3,13,4,13,4,13,4,13,4,14,4,14,4,14,4,14,3,14,3,15,2,14,1,15,0,14,0,14,0,0,0,0,0,0,0,0,0,0,0,0,0,0,0,0,0,0,0,0,0,0,0,9,-1,10,-2,10,-3,10,-3,11,-5,11,-5,11,-6,11,-6,11,-7,10,-8,10,-8,10,-7,9,-7,9,-6,10,-6,10,-6,10,-5,10,-5,10,-4,11,-4,11,-4,11,-4,12,-3,12,-3,12,-3,12]"
2025-08-18 21:58:21.742546,CSI_DATA,507,1a:00:00:00:00:00,-52,11,0,0,0,0,0,0,0,0,0,-94,0,1,0,86720319,0,31,0,128,0,"[0,0,3,13,4,12,4,12,4,12,5,12,5,12,5,11,6,11,6,11,7,10,8,10,8,10,9,10,9,10,9,10,10,10,10,11,10,11,10,11,9,12,9,12,9,13,9,12,8,12,7,13,6,13,0,0,0,0,0,0,0,0,0,0,0,0,0,0,0,0,0,0,0,0,0,0,4,8,4,9,12,-1,3,11,3,11,1,12,1,12,0,13,-1,12,-1,12,-1,12,-1,12,-1,12,-1,12,-1,12,-1,11,0,11,0,11,1,12,1,12,1,12,2,12,2,12,3,13,4,12,3,12]"
2025-08-18 21:58:21.946968,CSI_DATA,508,1a:00:00:00:00:00,-52,11,0,0,0,0,0,0,0,0,0,-94,0,1,0,86921471,0,31,0,128,0,"[0,0,7,-12,6,-12,6,-12,5,-12,5,-13,5,-12,4,-13,4,-13,3,-13,2,-13,2,-14,1,-14,1,-14,1,-15,1,-15,1,-15,0,-16,1,-16,2,-16,2,-16,2,-16,3,-16,3,-15,3,-16,4,-15,5,-15,0,0,0,0,0,0,0,0,0,0,0,0,0,0,0,0,0,0,0,0,0,0,2,-10,4,-10,5,-10,5,-10,6,-10,8,-10,9,-10,9,-9,10,-9,9,-9,10,-8,10,-8,9,-8,9,-8,9,-8,9,-8,8,-8,8,-9,8,-9,8,-10,8,-10,7,-10,7,-11,7,-12,7,-12,7,-12]"
2025-08-18 21:58:22.349461,CSI_DATA,509,1a:00:00:00:00:00,-52,11,0,0,0,0,0,0,0,0,0,-94,0,1,0,87122615,0,31,0,128,0,"[0,0,13,-4,12,-4,12,-4,12,-5,12,-6,12,-5,11,-6,11,-7,11,-7,11,-8,11,-8,10,-9,10,-9,10,-10,10,-10,10,-11,11,-10,11,-11,12,-11,12,-11,12,-10,12,-10,13,-9,13,-9,13,-8,14,-7,0,0,0,0,0,0,0,0,0,0,0,0,0,0,0,0,0,0,0,0,0,0,8,-5,9,-4,10,-3,11,-2,12,-2,12,-1,13,0,13,0,12,1,12,2,12,2,12,2,12,2,11,2,11,1,11,1,11,1,12,0,12,-1,12,-1,12,-1,12,-2,12,-3,13,-2,13,-3,13,-3]"
2025-08-18 21:58:22.355713,CSI_DATA,510,1a:00:00:00:00:00,-52,11,0,0,0,0,0,0,0,0,0,-94,0,1,0,87323932,0,31,0,128,0,"[0,0,7,-12,6,-12,6,-12,6,-12,5,-12,5,-12,5,-13,4,-13,4,-13,3,-14,3,-14,2,-14,2,-14,1,-14,1,-15,1,-15,1,-16,1,-16,2,-16,2,-16,3,-16,3,-16,4,-16,4,-15,5,-15,6,-14,0,0,0,0,0,0,0,0,0,0,0,0,0,0,0,0,0,0,0,0,0,0,3,-10,4,-10,5,-10,6,-10,7,-10,8,-9,9,-9,10,-9,10,-9,10,-8,10,-8,10,-7,10,-7,10,-7,9,-7,9,-8,9,-8,9,-9,8,-9,8,-9,8,-10,8,-10,8,-11,7,-11,8,-11,8,-11]"
2025-08-18 21:58:22.426235,CSI_DATA,511,1a:00:00:00:00:00,-52,11,0,0,0,0,0,0,0,0,0,-94,0,1,0,87386536,0,42,0,128,0,"[0,0,-11,9,-10,9,-10,9,-9,10,-9,10,-9,10,-8,10,-8,10,-8,11,-7,11,-6,11,-5,12,-6,12,-5,13,-5,13,-6,13,-6,14,-6,14,-6,14,-7,14,-7,14,-8,13,-8,13,-9,13,-9,12,-10,12,0,0,0,0,0,0,0,0,0,0,0,0,0,0,0,0,0,0,0,0,0,0,-6,8,-7,8,-8,7,-9,7,-10,7,-11,7,-11,6,-12,6,-12,5,-12,5,-13,4,-12,4,-12,4,-12,4,-12,4,-11,4,-11,5,-11,5,-11,6,-11,6,-11,7,-11,7,-10,8,-10,8,-10,8,-10,9]"
2025-08-18 21:58:22.469349,CSI_DATA,512,1a:00:00:00:00:00,-52,11,0,0,0,0,0,0,0,0,0,-94,0,1,0,87451638,0,31,0,128,0,"[0,0,7,8,7,9,7,8,8,8,8,8,8,7,8,7,9,7,8,6,9,6,9,6,9,6,10,5,10,5,11,5,11,5,11,6,11,6,11,6,11,7,10,7,11,8,10,8,9,9,8,9,8,10,0,0,0,0,0,0,0,0,0,0,0,0,0,0,0,0,0,0,0,0,0,0,3,2,6,9,0,-5,-3,1,-5,2,2,-1,3,7,5,7,6,8,4,11,5,10,4,10,4,10,4,9,5,9,4,9,4,9,5,8,5,8,6,9,6,8,6,8,6,9,7,9,7,9,7,9]"
2025-08-18 21:58:22.873055,CSI_DATA,513,1a:00:00:00:00:00,-52,11,0,0,0,0,0,0,0,0,0,-94,0,1,0,87652713,0,31,0,128,0,"[0,0,11,7,11,7,11,6,12,6,12,5,12,5,12,5,12,4,12,3,12,3,13,2,13,1,13,1,13,1,14,1,14,1,15,1,15,1,15,1,15,2,15,2,15,3,15,3,15,4,14,4,14,5,0,0,0,0,0,0,0,0,0,0,0,0,0,0,0,0,0,0,0,0,0,0,9,3,8,4,9,5,9,6,9,7,9,8,8,9,8,9,7,10,7,10,7,10,7,10,7,10,7,9,7,9,7,9,7,9,8,8,8,8,9,8,9,8,9,8,10,8,10,7,11,7,11,7]"
2025-08-18 21:58:22.878286,CSI_DATA,514,1a:00:00:00:00:00,-52,11,0,0,0,0,0,0,0,0,0,-94,0,1,0,87853877,0,31,0,128,0,"[0,0,9,8,9,8,9,7,10,7,10,7,10,7,10,6,10,6,11,5,11,4,11,4,11,4,12,3,12,3,13,3,13,3,13,3,14,3,14,4,14,4,13,5,13,5,13,6,13,6,12,6,12,7,0,0,0,0,0,0,0,0,0,0,0,0,0,0,0,0,0,0,0,0,0,0,8,4,8,5,8,6,8,7,8,7,7,8,7,9,6,10,6,10,5,10,5,10,5,10,5,10,5,10,5,10,5,9,5,9,6,9,6,9,7,9,7,9,8,8,8,8,8,8,9,9,9,8]"
2025-08-18 21:58:23.092900,CSI_DATA,515,1a:00:00:00:00:00,-52,11,0,0,0,0,0,0,0,0,0,-94,0,1,0,88055044,0,31,0,128,0,"[0,0,13,1,13,0,13,1,13,0,13,0,13,-1,13,-1,13,-2,12,-2,13,-3,12,-4,12,-4,12,-5,13,-5,13,-6,13,-6,14,-6,14,-6,15,-6,15,-5,15,-5,15,-4,15,-4,15,-3,15,-2,15,-2,0,0,0,0,0,0,0,0,0,0,0,0,0,0,0,0,0,0,0,0,0,0,9,-1,10,0,10,0,11,1,11,2,11,3,12,4,11,5,11,5,11,6,11,6,10,6,10,6,10,6,10,5,10,5,10,5,11,4,11,4,11,4,11,3,12,3,12,2,12,2,13,2,13,1]"
2025-08-18 21:58:23.281957,CSI_DATA,516,1a:00:00:00:00:00,-52,11,0,0,0,0,0,0,0,0,0,-94,0,1,0,88256171,0,31,0,128,0,"[0,0,8,-11,8,-12,7,-12,7,-12,7,-12,6,-12,6,-12,5,-12,5,-13,4,-13,4,-13,2,-14,2,-14,2,-15,2,-15,2,-15,2,-15,3,-16,3,-16,4,-16,4,-16,4,-15,5,-15,5,-15,5,-15,6,-14,0,0,0,0,0,0,0,0,0,0,0,0,0,0,0,0,0,0,0,0,0,0,4,-9,5,-10,6,-9,7,-9,8,-9,9,-9,9,-9,10,-8,11,-8,10,-7,11,-7,10,-7,10,-7,10,-7,10,-7,9,-7,9,-7,9,-8,9,-8,9,-9,9,-9,9,-10,8,-10,8,-11,8,-11,8,-11]"
2025-08-18 21:58:23.481950,CSI_DATA,517,1a:00:00:00:00:00,-52,11,0,0,0,0,0,0,0,0,0,-94,0,1,0,88457529,0,31,0,128,0,"[0,0,-7,12,-6,11,-6,12,-5,11,-5,12,-4,12,-4,12,-3,12,-3,12,-2,12,-2,12,-1,13,-1,13,0,13,0,13,0,14,0,14,0,15,0,15,-1,15,-1,15,-2,15,-2,14,-3,15,-4,14,-4,14,0,0,0,0,0,0,0,0,0,0,0,0,0,0,0,0,0,0,0,0,0,0,-3,9,-4,9,-5,9,-6,9,-6,9,-8,9,-8,9,-9,9,-10,9,-9,8,-10,8,-10,7,-9,7,-10,7,-9,7,-9,7,-9,8,-8,8,-8,9,-7,9,-7,10,-7,10,-7,10,-7,11,-7,11,-6,12]"
2025-08-18 21:58:23.690579,CSI_DATA,518,1a:00:00:00:00:00,-52,11,0,0,0,0,0,0,0,0,0,-94,0,1,0,88658611,0,31,0,128,0,"[0,0,-5,-12,-6,-12,-6,-12,-6,-12,-7,-11,-7,-11,-7,-11,-8,-11,-8,-10,-8,-10,-9,-9,-9,-9,-10,-9,-10,-9,-11,-9,-11,-9,-11,-10,-11,-9,-12,-10,-11,-10,-11,-10,-11,-11,-10,-11,-10,-12,-9,-12,-9,-12,0,0,0,0,0,0,0,0,0,0,0,0,0,0,0,0,0,0,0,0,0,0,-5,-8,-5,-9,-5,-10,-4,-11,-3,-11,-2,-12,-2,-12,-1,-12,-1,-13,0,-13,0,-12,0,-12,0,-12,0,-12,0,-12,-1,-12,-1,-11,-2,-12,-2,-11,-3,-12,-3,-12,-4,-12,-4,-12,-4,-12,-5,-12,-5,-12]"
2025-08-18 21:58:23.884926,CSI_DATA,519,1a:00:00:00:00:00,-52,11,0,0,0,0,0,0,0,0,0,-94,0,1,0,88859747,0,31,0,128,0,"[0,0,8,-11,7,-11,7,-12,7,-11,6,-12,5,-12,5,-12,5,-12,4,-12,4,-13,3,-13,3,-13,2,-14,2,-14,2,-14,2,-15,2,-15,2,-15,3,-16,3,-16,4,-16,4,-15,4,-15,5,-15,6,-14,6,-14,0,0,0,0,0,0,0,0,0,0,0,0,0,0,0,0,0,0,0,0,0,0,3,-9,5,-9,5,-9,6,-9,7,-9,8,-9,9,-9,9,-8,10,-8,10,-7,10,-7,10,-7,10,-7,10,-7,9,-7,9,-7,9,-7,9,-8,9,-8,8,-9,8,-9,8,-10,8,-10,8,-10,8,-10,8,-11]"
2025-08-18 21:58:23.952120,CSI_DATA,520,1a:00:00:00:00:00,-52,11,0,0,0,0,0,0,0,0,0,-94,0,1,0,88922501,0,42,0,128,0,"[0,0,-14,-2,-14,-2,-14,-2,-14,-2,-14,-1,-14,-1,-14,0,-14,1,-14,1,-13,2,-14,2,-13,3,-14,3,-14,4,-14,4,-15,4,-15,4,-15,5,-16,4,-16,4,-16,4,-16,3,-16,2,-16,2,-16,1,-16,0,0,0,0,0,0,0,0,0,0,0,0,0,0,0,0,0,0,0,0,0,0,0,-10,0,-11,-1,-11,-2,-12,-3,-12,-4,-13,-4,-12,-5,-12,-6,-12,-7,-12,-7,-11,-7,-11,-7,-11,-7,-11,-7,-11,-7,-11,-6,-11,-6,-11,-5,-12,-5,-12,-5,-12,-4,-13,-4,-13,-3,-14,-3,-14,-3,-14,-2]"
2025-08-18 21:58:24.012018,CSI_DATA,521,1a:00:00:00:00:00,-52,11,0,0,0,0,0,0,0,0,0,-94,0,1,0,88987345,0,31,0,128,0,"[0,0,-7,11,-6,11,-6,11,-6,12,-5,12,-5,12,-4,12,-3,12,-3,12,-2,12,-2,12,-2,13,-1,13,-1,13,0,14,-1,14,0,14,-1,15,-1,15,-1,15,-2,15,-2,15,-3,15,-3,15,-4,14,-5,14,0,0,0,0,0,0,0,0,0,0,0,0,0,0,0,0,0,0,0,0,0,0,-4,8,-4,9,-5,9,-6,9,-7,9,-8,9,-9,9,-9,9,-10,8,-10,7,-10,7,-10,7,-10,7,-10,7,-9,7,-9,7,-9,8,-8,8,-8,8,-8,9,-7,9,-7,9,-7,10,-7,11,-7,10,-6,11]"
2025-08-18 21:58:24.212889,CSI_DATA,522,1a:00:00:00:00:00,-52,11,0,0,0,0,0,0,0,0,0,-94,0,1,0,89188387,0,31,0,128,0,"[0,0,-5,13,-4,12,-3,13,-3,12,-2,13,-2,13,-1,13,-1,13,-1,13,0,13,1,13,2,13,2,13,2,13,2,14,3,14,3,14,3,15,2,15,2,15,1,15,1,15,0,15,0,15,-1,15,-2,15,0,0,0,0,0,0,0,0,0,0,0,0,0,0,0,0,0,0,0,0,0,0,-1,9,-2,10,-3,10,-4,11,-5,10,-6,11,-7,11,-7,11,-8,10,-8,10,-9,9,-9,9,-8,9,-8,9,-8,9,-7,9,-7,10,-6,10,-6,10,-6,11,-6,11,-5,11,-5,11,-5,12,-5,12,-4,13]"
2025-08-18 21:58:24.413405,CSI_DATA,523,1a:00:00:00:00:00,-52,11,0,0,0,0,0,0,0,0,0,-94,0,1,0,89389604,0,31,0,128,0,"[0,0,-1,13,0,13,0,13,0,13,1,13,1,12,1,12,2,12,3,12,3,12,3,12,4,12,5,12,5,12,6,12,6,12,6,13,6,13,6,13,6,14,5,14,5,14,4,14,4,14,3,14,2,15,0,0,0,0,0,0,0,0,0,0,0,0,0,0,0,0,0,0,0,0,0,0,0,9,0,9,-1,10,-2,11,-2,11,-3,11,-4,12,-5,11,-5,11,-6,11,-6,11,-6,10,-6,10,-5,10,-5,10,-5,10,-4,10,-4,10,-4,11,-3,11,-3,11,-3,12,-2,12,-2,12,-2,12,-1,12]"
2025-08-18 21:58:24.620781,CSI_DATA,524,1a:00:00:00:00:00,-52,11,0,0,0,0,0,0,0,0,0,-94,0,1,0,89590916,0,31,0,128,0,"[0,0,6,12,6,11,7,11,7,11,7,10,8,10,8,10,8,9,9,9,9,8,10,8,10,8,10,8,11,8,11,7,12,8,12,8,12,8,12,9,12,9,12,10,11,10,11,11,10,11,10,11,9,12,0,0,0,0,0,0,0,0,0,0,0,0,0,0,0,0,0,0,0,0,0,0,6,7,6,8,6,9,5,10,5,10,4,11,3,12,3,12,2,12,2,12,1,12,1,12,1,12,1,12,2,12,2,11,2,11,3,11,3,11,4,11,4,11,5,11,5,11,6,12,6,12,6,11]"
2025-08-18 21:58:24.816666,CSI_DATA,525,1a:00:00:00:00:00,-52,11,0,0,0,0,0,0,0,0,0,-94,0,1,0,89792054,0,31,0,128,0,"[0,0,9,-10,8,-10,8,-10,8,-10,7,-10,7,-10,6,-11,6,-11,6,-11,5,-12,4,-12,4,-12,3,-13,3,-13,4,-14,4,-14,3,-14,4,-15,4,-15,5,-15,5,-15,6,-14,5,-14,6,-14,7,-13,7,-13,0,0,0,0,0,0,0,0,0,0,0,0,0,0,0,0,0,0,0,0,0,0,5,-8,6,-8,6,-8,8,-8,8,-8,9,-7,10,-7,10,-6,11,-5,11,-5,11,-5,11,-5,10,-5,10,-5,10,-5,10,-5,10,-6,9,-6,9,-7,9,-7,9,-7,9,-8,9,-9,8,-9,9,-9,9,-10]"
2025-08-18 21:58:25.019429,CSI_DATA,526,1a:00:00:00:00:00,-52,11,0,0,0,0,0,0,0,0,0,-94,0,1,0,89993199,0,31,0,128,0,"[0,0,-10,9,-10,10,-9,10,-9,10,-8,10,-8,11,-7,11,-7,11,-7,11,-6,12,-5,12,-5,12,-4,13,-4,13,-4,14,-4,14,-4,15,-4,14,-5,15,-5,15,-6,15,-6,15,-7,15,-7,14,-8,13,-8,13,0,0,0,0,0,0,0,0,0,0,0,0,0,0,0,0,0,0,0,0,0,0,-6,8,-7,8,-8,8,-8,7,-10,8,-10,7,-11,7,-12,6,-12,6,-12,5,-12,5,-12,4,-12,4,-12,5,-11,5,-11,5,-11,5,-11,6,-10,6,-10,7,-10,7,-10,8,-10,9,-10,9,-10,9,-10,9]"
2025-08-18 21:58:25.223479,CSI_DATA,527,1a:00:00:00:00:00,-52,11,0,0,0,0,0,0,0,0,0,-94,0,1,0,90194342,0,31,0,128,0,"[0,0,1,-14,0,-13,0,-14,0,-13,-1,-14,-1,-13,-2,-13,-3,-13,-3,-13,-4,-13,-5,-13,-5,-13,-6,-13,-6,-13,-6,-13,-6,-14,-6,-14,-7,-15,-6,-15,-6,-15,-5,-15,-5,-16,-4,-15,-4,-16,-4,-15,-2,-16,0,0,0,0,0,0,0,0,0,0,0,0,0,0,0,0,0,0,0,0,0,0,-1,-10,-1,-11,0,-11,1,-12,2,-12,3,-13,4,-12,4,-12,5,-12,5,-12,5,-12,5,-11,5,-11,5,-11,5,-11,4,-11,4,-11,4,-11,3,-12,2,-12,2,-12,2,-13,2,-13,1,-13,1,-13,1,-14]"
2025-08-18 21:58:25.417745,CSI_DATA,528,1a:00:00:00:00:00,-52,11,0,0,0,0,0,0,0,0,0,-94,0,1,0,90395570,0,31,0,128,0,"[0,0,2,13,2,13,2,12,3,13,4,12,4,12,4,12,5,11,5,11,6,11,6,11,7,11,7,11,8,11,8,11,8,11,9,12,9,12,9,12,9,13,8,13,8,13,7,14,6,14,5,14,5,14,0,0,0,0,0,0,0,0,0,0,0,0,0,0,0,0,0,0,0,0,0,0,3,9,2,9,2,10,1,11,0,12,0,12,-1,12,-2,12,-2,12,-3,12,-4,12,-4,12,-4,12,-3,11,-3,11,-3,11,-2,11,-2,11,-1,11,0,12,0,12,1,12,1,13,1,13,1,13,1,13]"
2025-08-18 21:58:25.477525,CSI_DATA,529,1a:00:00:00:00:00,-52,11,0,0,0,0,0,0,0,0,0,-94,0,1,0,90458467,0,42,0,128,0,"[0,0,11,7,11,6,11,6,11,5,11,5,11,5,11,4,12,4,11,3,12,2,12,2,13,1,13,1,13,1,14,1,14,0,14,1,14,1,15,1,15,2,15,2,15,3,14,3,14,4,14,4,14,5,0,0,0,0,0,0,0,0,0,0,0,0,0,0,0,0,0,0,0,0,0,0,8,3,9,4,9,5,9,6,9,7,9,7,8,8,8,9,8,9,7,10,7,9,6,10,7,9,7,9,7,9,7,9,7,8,8,8,8,7,9,8,9,8,9,7,10,7,10,7,10,7,10,7]"
2025-08-18 21:58:25.557334,CSI_DATA,530,1a:00:00:00:00:00,-52,11,0,0,0,0,0,0,0,0,0,-94,0,1,0,90525790,0,31,0,128,0,"[0,0,-9,-10,-9,-10,-10,-10,-10,-9,-10,-9,-10,-9,-11,-8,-11,-8,-11,-7,-11,-6,-12,-6,-12,-6,-12,-5,-13,-5,-13,-5,-14,-5,-14,-5,-14,-5,-15,-6,-14,-6,-14,-7,-14,-7,-14,-7,-13,-8,-13,-8,-13,-9,0,0,0,0,0,0,0,0,0,0,0,0,0,0,0,0,0,0,0,0,0,0,-8,-6,-8,-7,-7,-8,-7,-9,-7,-10,-6,-10,-6,-11,-5,-12,-5,-12,-5,-12,-4,-12,-4,-12,-4,-12,-4,-11,-4,-11,-4,-11,-5,-11,-5,-10,-6,-11,-6,-11,-7,-11,-7,-10,-8,-10,-8,-11,-9,-10,-8,-10]"
2025-08-18 21:58:25.749525,CSI_DATA,531,1a:00:00:00:00:00,-52,11,0,0,0,0,0,0,0,0,0,-94,0,1,0,90727012,0,31,0,128,0,"[0,0,12,3,12,2,12,2,13,1,12,1,12,1,13,0,12,0,12,-1,12,-2,13,-3,12,-3,13,-3,13,-4,13,-4,13,-5,14,-4,14,-4,15,-4,15,-4,15,-3,15,-3,15,-2,15,-1,15,-1,14,0,0,0,0,0,0,0,0,0,0,0,0,0,0,0,0,0,0,0,0,0,0,0,9,0,9,1,10,2,10,3,11,3,10,4,11,5,10,6,10,6,10,7,10,7,9,7,9,7,9,7,9,6,9,6,9,5,10,5,10,5,11,4,11,4,11,4,12,3,12,3,12,3,12,3]"
2025-08-18 21:58:25.952665,CSI_DATA,532,1a:00:00:00:00:00,-52,11,0,0,0,0,0,0,0,0,0,-94,0,1,0,90929098,0,31,0,128,0,"[0,0,-3,13,-2,13,-1,13,-1,13,0,13,0,13,0,13,1,13,1,12,2,12,2,12,3,12,3,13,4,13,4,13,5,13,4,14,4,15,4,15,4,15,3,15,3,15,2,15,1,15,0,15,0,15,0,0,0,0,0,0,0,0,0,0,0,0,0,0,0,0,0,0,0,0,0,0,1,9,0,10,-1,10,-2,11,-2,11,-4,11,-4,12,-5,12,-6,11,-6,11,-7,11,-7,10,-7,10,-6,10,-6,10,-5,10,-5,11,-5,10,-4,11,-4,11,-3,11,-3,12,-3,12,-3,13,-3,13,-2,13]"
2025-08-18 21:58:26.162034,CSI_DATA,533,1a:00:00:00:00:00,-52,11,0,0,0,0,0,0,0,0,0,-94,0,1,0,91129290,0,31,0,128,0,"[0,0,-3,-14,-3,-14,-4,-14,-4,-13,-4,-14,-5,-13,-5,-13,-5,-13,-6,-13,-6,-12,-7,-12,-8,-12,-8,-12,-9,-12,-9,-12,-9,-13,-9,-13,-10,-13,-9,-14,-9,-14,-8,-15,-8,-15,-7,-15,-7,-15,-6,-15,-6,-15,0,0,0,0,0,0,0,0,0,0,0,0,0,0,0,0,0,0,0,0,0,0,-4,-9,-4,-10,-3,-11,-3,-12,-2,-13,-1,-13,0,-13,1,-13,1,-13,2,-13,2,-13,2,-13,2,-13,2,-13,2,-13,1,-12,1,-12,0,-12,0,-13,0,-13,-1,-13,-1,-13,-2,-13,-2,-14,-3,-14,-2,-14]"
2025-08-18 21:58:26.352895,CSI_DATA,534,1a:00:00:00:00:00,-52,11,0,0,0,0,0,0,0,0,0,-94,0,1,0,91330421,0,31,0,128,0,"[0,0,4,12,4,12,5,12,5,12,6,12,5,11,6,11,7,11,7,10,7,10,8,10,9,10,9,10,10,10,10,9,10,10,11,10,10,10,11,11,10,11,10,12,9,12,9,12,9,13,8,12,7,13,0,0,0,0,0,0,0,0,0,0,0,0,0,0,0,0,0,0,0,0,0,0,4,8,4,9,4,10,3,10,3,11,2,12,1,12,0,12,0,12,-1,12,-1,12,-2,12,-1,12,-1,12,-1,11,-1,11,0,11,0,11,1,11,2,12,2,12,2,12,3,12,3,12,4,13,4,12]"
2025-08-18 21:58:26.555643,CSI_DATA,535,1a:00:00:00:00:00,-52,11,0,0,0,0,0,0,0,0,0,-94,0,1,0,91531712,0,31,0,128,0,"[0,0,13,0,13,-1,13,-1,13,-2,12,-2,12,-3,12,-3,12,-4,12,-5,12,-5,12,-5,12,-6,11,-7,12,-7,12,-8,12,-8,13,-8,13,-8,14,-8,14,-8,14,-7,14,-6,14,-6,15,-5,14,-4,14,-4,0,0,0,0,0,0,0,0,0,0,0,0,0,0,0,0,0,0,0,0,0,0,9,-2,10,-2,10,-1,11,0,12,1,12,2,12,2,12,3,12,4,12,5,11,5,11,5,11,5,11,4,10,4,11,4,11,3,11,3,11,2,12,2,12,1,12,1,12,0,13,1,13,0,13,0]"
2025-08-18 21:58:26.761196,CSI_DATA,536,1a:00:00:00:00:00,-52,11,0,0,0,0,0,0,0,0,0,-94,0,1,0,91732797,0,31,0,128,0,"[0,0,2,-14,1,-14,1,-14,1,-14,0,-14,-1,-14,-1,-14,-2,-13,-2,-14,-3,-13,-3,-13,-4,-14,-5,-14,-5,-14,-5,-14,-5,-14,-6,-15,-5,-15,-6,-15,-5,-15,-5,-16,-4,-16,-4,-16,-3,-16,-3,-16,-2,-16,0,0,0,0,0,0,0,0,0,0,0,0,0,0,0,0,0,0,0,0,0,0,0,-10,1,-11,1,-11,2,-12,3,-12,4,-12,5,-12,6,-12,6,-12,6,-11,7,-11,7,-11,7,-11,6,-11,6,-11,6,-11,5,-11,5,-11,4,-12,4,-12,3,-12,3,-13,3,-13,3,-13,2,-14,2,-14]"
2025-08-18 21:58:26.959708,CSI_DATA,537,1a:00:00:00:00:00,-52,11,0,0,0,0,0,0,0,0,0,-94,0,1,0,91934160,0,31,0,128,0,"[0,0,10,-9,8,-10,9,-10,9,-10,8,-11,8,-10,7,-11,7,-11,6,-11,6,-12,5,-12,5,-13,4,-13,5,-13,4,-14,5,-14,5,-14,5,-15,6,-15,6,-15,6,-14,7,-14,7,-14,7,-14,8,-13,9,-13,0,0,0,0,0,0,0,0,0,0,0,0,0,0,0,0,0,0,0,0,0,0,5,-8,6,-8,7,-8,8,-8,9,-7,10,-7,11,-6,11,-6,11,-5,11,-5,11,-5,11,-5,11,-5,10,-5,10,-5,10,-5,10,-5,10,-6,10,-6,10,-7,10,-7,9,-8,10,-8,9,-8,9,-9,10,-9]"
2025-08-18 21:58:27.026496,CSI_DATA,538,1a:00:00:00:00:00,-52,11,0,0,0,0,0,0,0,0,0,-94,0,1,0,91994883,0,42,0,128,0,"[0,0,-5,12,-5,12,-5,12,-4,12,-4,12,-3,12,-3,12,-2,12,-2,12,-1,12,-1,12,0,13,0,13,1,13,1,14,1,14,1,14,1,15,0,15,0,15,-1,15,-1,15,-2,15,-2,15,-3,14,-4,14,0,0,0,0,0,0,0,0,0,0,0,0,0,0,0,0,0,0,0,0,0,0,-2,9,-3,9,-4,10,-4,10,-5,10,-6,10,-7,10,-8,10,-8,9,-9,9,-9,9,-9,8,-8,8,-8,8,-8,8,-8,8,-8,9,-7,9,-7,9,-7,10,-6,10,-6,10,-6,11,-5,11,-6,11,-5,12]"
2025-08-18 21:58:27.085447,CSI_DATA,539,1a:00:00:00:00:00,-52,11,0,0,0,0,0,0,0,0,0,-94,0,1,0,92059176,0,31,0,128,0,"[0,0,6,-13,6,-13,5,-12,5,-13,4,-13,4,-13,3,-13,3,-13,2,-14,1,-14,1,-14,0,-14,0,-15,-1,-15,-1,-15,-1,-15,-1,-16,-1,-16,0,-17,0,-16,1,-17,1,-17,1,-16,2,-16,3,-16,3,-16,0,0,0,0,0,0,0,0,0,0,0,0,0,0,0,0,0,0,0,0,0,0,3,-10,4,-10,5,-10,6,-10,7,-10,8,-10,9,-9,9,-9,10,-9,10,-8,10,-8,10,-7,9,-7,9,-7,9,-8,9,-9,11,-7,4,-8,9,-8,7,-10,7,-10,7,-11,7,-11,7,-11,7,-12,6,-12]"
2025-08-18 21:58:27.281321,CSI_DATA,540,1a:00:00:00:00:00,-52,11,0,0,0,0,0,0,0,0,0,-94,0,1,0,92260291,0,31,0,128,0,"[0,0,9,10,9,9,9,9,10,9,10,8,10,8,10,7,10,7,11,6,11,6,12,5,12,5,12,5,13,4,13,4,14,4,14,5,14,5,15,5,14,5,14,6,14,7,13,7,13,7,12,8,12,9,0,0,0,0,0,0,0,0,0,0,0,0,0,0,0,0,0,0,0,0,0,0,7,5,7,6,7,7,7,9,7,9,6,10,6,11,5,11,4,11,4,12,4,12,3,11,4,11,3,11,4,11,4,10,4,10,5,10,5,10,6,10,6,10,7,10,7,10,8,10,8,10,8,10]"
2025-08-18 21:58:27.496148,CSI_DATA,541,1a:00:00:00:00:00,-52,11,0,0,0,0,0,0,0,0,0,-94,0,1,0,92470574,0,31,0,128,0,"[0,0,13,-2,13,-3,12,-3,12,-4,12,-4,12,-4,12,-5,12,-5,11,-6,11,-7,11,-7,11,-7,11,-8,11,-9,11,-9,11,-9,12,-10,12,-10,13,-10,13,-10,13,-9,13,-9,13,-8,14,-7,14,-7,14,-6,0,0,0,0,0,0,0,0,0,0,0,0,0,0,0,0,0,0,0,0,0,0,9,-3,10,-3,10,-2,11,-1,11,0,12,0,12,1,12,2,12,2,12,3,12,3,11,3,11,3,11,3,11,3,11,2,11,2,11,1,12,1,12,0,12,0,12,-1,13,-1,12,-1,13,-2,13,-2]"
2025-08-18 21:58:27.687234,CSI_DATA,542,1a:00:00:00:00:00,-52,11,0,0,0,0,0,0,0,0,0,-94,0,1,0,92662685,0,31,0,128,0,"[0,0,10,8,9,8,9,8,10,7,10,7,10,7,10,6,11,6,11,5,11,5,11,4,12,4,12,4,13,4,13,4,13,3,14,4,14,4,14,4,14,5,14,5,14,6,13,7,13,7,12,7,12,8,0,0,0,0,0,0,0,0,0,0,0,0,0,0,0,0,0,0,0,0,0,0,8,4,8,5,8,6,8,7,8,8,7,9,7,9,7,9,6,10,6,10,5,10,5,10,5,10,5,10,5,10,5,9,6,9,6,9,7,9,7,9,7,8,8,8,8,8,9,9,9,9,9,8]"
2025-08-18 21:58:27.908087,CSI_DATA,543,1a:00:00:00:00:00,-52,11,0,0,0,0,0,0,0,0,0,-94,0,1,0,92863839,0,31,0,128,0,"[0,0,-13,-2,-14,-2,-13,-1,-13,-1,-13,-1,-13,0,-13,0,-13,1,-13,2,-13,2,-13,2,-13,3,-13,4,-13,4,-14,5,-13,5,-14,5,-14,5,-15,5,-15,4,-15,4,-15,3,-15,3,-15,2,-15,2,-15,1,0,0,0,0,0,0,0,0,0,0,0,0,0,0,0,0,0,0,0,0,0,0,-10,0,-10,-1,-11,-2,-11,-3,-11,-3,-11,-4,-11,-5,-12,-6,-11,-6,-11,-7,-11,-7,-10,-7,-10,-7,-10,-7,-10,-6,-10,-6,-11,-5,-11,-5,-11,-5,-11,-4,-12,-4,-12,-4,-13,-3,-13,-3,-13,-3,-13,-2]"
2025-08-18 21:58:28.086413,CSI_DATA,544,1a:00:00:00:00:00,-52,11,0,0,0,0,0,0,0,0,0,-94,0,1,0,93065180,0,31,0,128,0,"[0,0,12,4,12,3,12,3,12,3,13,2,12,3,12,2,12,1,12,1,12,-1,12,-1,12,-2,13,-2,14,-2,13,-3,14,-3,14,-2,15,-2,15,-2,15,-1,15,-1,15,0,15,0,15,0,15,1,15,2,0,0,0,0,0,0,0,0,0,0,0,0,0,0,0,0,0,0,0,0,0,0,9,1,10,2,9,3,10,4,10,4,10,5,10,7,10,7,9,7,9,8,9,7,9,8,9,8,9,7,8,7,8,6,9,6,9,5,10,6,10,6,10,6,11,5,11,5,12,4,12,4,12,4]"
2025-08-18 21:58:28.286117,CSI_DATA,545,1a:00:00:00:00:00,-52,11,0,0,0,0,0,0,0,0,0,-94,0,1,0,93266259,0,31,0,128,0,"[0,0,10,9,10,8,10,8,10,7,11,7,11,7,11,6,11,6,11,5,11,5,12,4,12,4,13,4,13,4,14,3,14,4,14,4,15,4,15,4,15,5,15,5,14,6,14,7,13,7,13,8,13,8,0,0,0,0,0,0,0,0,0,0,0,0,0,0,0,0,0,0,0,0,0,0,8,4,8,5,8,6,8,7,8,8,8,9,7,10,7,10,6,10,6,11,5,11,5,11,5,11,5,10,5,10,5,10,6,10,6,9,7,9,7,9,8,9,8,9,9,9,9,9,9,9,10,9]"
2025-08-18 21:58:28.489374,CSI_DATA,546,1a:00:00:00:00:00,-52,11,0,0,0,0,0,0,0,0,0,-94,0,1,0,93467475,0,31,0,128,0,"[0,0,7,11,8,11,8,10,8,10,8,10,9,10,9,9,9,8,10,8,10,8,10,7,11,7,12,7,12,7,13,6,13,6,13,7,13,7,14,7,13,8,13,8,12,9,12,10,11,10,11,10,10,11,0,0,0,0,0,0,0,0,0,0,0,0,0,0,0,0,0,0,0,0,0,0,6,7,6,7,6,8,6,9,6,10,5,11,4,11,4,12,3,12,2,12,2,12,1,12,2,12,2,12,2,11,2,11,3,11,4,11,4,11,5,11,5,11,6,11,6,11,6,11,6,11,7,11]"
2025-08-18 21:58:28.568291,CSI_DATA,547,1a:00:00:00:00:00,-52,11,0,0,0,0,0,0,0,0,0,-94,0,1,0,93530598,0,42,0,128,0,"[0,0,-2,13,-1,13,-1,13,-1,13,0,13,0,13,1,13,1,12,2,12,2,12,3,12,4,12,5,13,5,13,5,13,5,13,5,14,5,14,5,15,5,14,4,15,4,15,3,15,3,15,2,15,1,15,0,0,0,0,0,0,0,0,0,0,0,0,0,0,0,0,0,0,0,0,0,0,0,9,0,10,-1,10,-2,11,-3,11,-4,11,-5,12,-6,11,-6,11,-6,11,-6,11,-7,10,-6,11,-6,10,-6,10,-6,10,-5,10,-4,10,-4,11,-4,11,-3,11,-3,12,-3,12,-2,13,-2,13,-2,13]"
2025-08-18 21:58:28.619768,CSI_DATA,548,1a:00:00:00:00:00,-52,11,0,0,0,0,0,0,0,0,0,-94,0,1,0,93595920,0,31,0,128,0,"[0,0,-2,13,-1,13,-1,12,0,13,0,13,0,12,1,12,1,12,2,12,2,12,3,12,4,12,4,12,4,12,5,13,5,13,5,14,5,14,4,14,4,14,3,14,3,15,3,15,2,15,1,14,1,14,0,0,0,0,0,0,0,0,0,0,0,0,0,0,0,0,0,0,0,0,0,0,1,9,0,9,-1,10,-1,10,-2,11,-3,11,-4,11,-5,11,-5,11,-6,11,-6,11,-6,10,-6,11,-5,10,-5,10,-5,10,-5,10,-4,10,-4,11,-3,11,-3,11,-3,12,-2,12,-2,13,-2,13,-1,13]"
2025-08-18 21:58:28.823285,CSI_DATA,549,1a:00:00:00:00:00,-52,11,0,0,0,0,0,0,0,0,0,-94,0,1,0,93796982,0,31,0,128,0,"[0,0,11,-8,10,-9,10,-9,10,-9,9,-9,9,-10,8,-10,8,-10,8,-11,7,-12,7,-12,6,-12,7,-13,6,-13,6,-14,7,-14,7,-14,7,-14,7,-15,8,-14,8,-14,8,-14,9,-13,10,-13,10,-12,10,-11,0,0,0,0,0,0,0,0,0,0,0,0,0,0,0,0,0,0,0,0,0,0,6,-8,7,-7,8,-7,9,-7,10,-6,11,-6,11,-5,12,-5,12,-4,12,-4,12,-3,12,-3,12,-3,11,-3,11,-3,11,-4,11,-4,11,-5,10,-5,11,-6,11,-6,10,-7,11,-7,11,-7,11,-7,11,-8]"
2025-08-18 21:58:29.029758,CSI_DATA,550,1a:00:00:00:00:00,-52,11,0,0,0,0,0,0,0,0,0,-94,0,1,0,93998129,0,31,0,128,0,"[0,0,-8,-12,-9,-11,-9,-11,-9,-11,-10,-11,-10,-10,-10,-10,-11,-9,-11,-8,-11,-8,-12,-8,-13,-8,-13,-7,-13,-7,-14,-7,-14,-7,-14,-8,-14,-7,-15,-8,-14,-9,-14,-9,-14,-9,-13,-10,-13,-10,-13,-10,-12,-11,0,0,0,0,0,0,0,0,0,0,0,0,0,0,0,0,0,0,0,0,0,0,-8,-7,-7,-8,-7,-9,-7,-10,-7,-11,-6,-12,-5,-12,-5,-13,-4,-13,-4,-13,-3,-13,-3,-13,-3,-13,-3,-12,-4,-12,-4,-12,-4,-12,-5,-12,-5,-12,-6,-12,-6,-12,-7,-12,-8,-11,-8,-12,-8,-12,-8,-12]"
2025-08-18 21:58:29.226961,CSI_DATA,551,1a:00:00:00:00:00,-52,11,0,0,0,0,0,0,0,0,0,-94,0,1,0,94199490,0,31,0,128,0,"[0,0,-14,2,-13,2,-13,3,-13,3,-13,4,-13,4,-13,4,-12,5,-12,6,-12,6,-11,7,-11,7,-11,8,-11,8,-11,9,-12,9,-12,9,-13,9,-13,9,-13,9,-13,9,-13,8,-14,7,-14,7,-14,6,-14,5,0,0,0,0,0,0,0,0,0,0,0,0,0,0,0,0,0,0,0,0,0,0,-9,3,-10,2,-11,1,-12,1,-12,0,-13,0,-13,-1,-13,-2,-13,-2,-13,-3,-13,-3,-12,-3,-12,-3,-12,-3,-12,-3,-12,-2,-12,-2,-12,-1,-12,-1,-12,0,-13,0,-13,0,-13,1,-13,1,-13,1,-14,2]"
2025-08-18 21:58:29.433502,CSI_DATA,552,1a:00:00:00:00:00,-52,11,0,0,0,0,0,0,0,0,0,-94,0,1,0,94400604,0,31,0,128,0,"[0,0,-14,1,-14,1,-14,1,-14,2,-13,2,-14,2,-13,2,-13,3,-13,3,-13,5,-13,5,-13,6,-13,6,-13,6,-13,7,-13,7,-14,7,-14,7,-15,7,-15,7,-15,6,-15,6,-15,5,-15,5,-15,4,-16,3,0,0,0,0,0,0,0,0,0,0,0,0,0,0,0,0,0,0,0,0,0,0,-10,2,-11,2,-11,0,-12,0,-12,-1,-13,-1,-13,-3,-13,-3,-13,-4,-13,-4,-13,-4,-12,-4,-12,-4,-12,-4,-12,-4,-12,-4,-12,-3,-12,-2,-12,-3,-12,-2,-13,-2,-13,-2,-13,-1,-14,0,-14,0,-14,0]"
2025-08-18 21:58:29.633706,CSI_DATA,553,1a:00:00:00:00:00,-52,11,0,0,0,0,0,0,0,0,0,-94,0,1,0,94601812,0,31,0,128,0,"[0,0,-7,-11,-8,-11,-8,-11,-8,-11,-9,-10,-9,-10,-9,-10,-9,-9,-9,-9,-10,-8,-11,-8,-11,-8,-12,-8,-12,-8,-12,-7,-13,-8,-13,-8,-13,-8,-13,-9,-13,-9,-13,-9,-12,-10,-12,-10,-12,-10,-11,-11,-10,-11,0,0,0,0,0,0,0,0,0,0,0,0,0,0,0,0,0,0,0,0,0,0,-7,-7,-7,-8,-6,-9,-6,-10,-6,-11,-5,-11,-4,-12,-4,-12,-3,-12,-3,-12,-3,-12,-2,-12,-3,-12,-3,-12,-3,-12,-3,-11,-3,-11,-4,-11,-4,-12,-5,-11,-5,-11,-6,-12,-6,-11,-7,-11,-7,-11,-7,-11]"
2025-08-18 21:58:29.834134,CSI_DATA,554,1a:00:00:00:00:00,-52,11,0,0,0,0,0,0,0,0,0,-94,0,1,0,94802951,0,31,0,128,0,"[0,0,-11,-9,-11,-8,-11,-8,-12,-8,-12,-7,-12,-7,-12,-7,-12,-6,-12,-5,-13,-5,-13,-4,-13,-4,-14,-4,-14,-3,-14,-3,-15,-3,-15,-3,-16,-3,-16,-4,-16,-4,-16,-5,-15,-5,-15,-6,-15,-6,-14,-6,-14,-7,0,0,0,0,0,0,0,0,0,0,0,0,0,0,0,0,0,0,0,0,0,0,-9,-5,-9,-6,-9,-7,-9,-8,-9,-9,-8,-9,-8,-11,-7,-11,-7,-11,-7,-12,-6,-11,-6,-11,-6,-11,-6,-11,-6,-11,-7,-10,-7,-10,-7,-10,-8,-10,-8,-10,-9,-9,-9,-10,-10,-9,-10,-9,-11,-9,-11,-9]"
2025-08-18 21:58:30.094604,CSI_DATA,555,1a:00:00:00:00:00,-52,11,0,0,0,0,0,0,0,0,0,-94,0,1,0,95004342,0,31,0,128,0,"[0,0,-5,-13,-6,-13,-6,-12,-6,-12,-7,-12,-7,-12,-8,-12,-8,-11,-8,-11,-9,-10,-9,-10,-10,-10,-10,-10,-11,-10,-11,-10,-11,-10,-12,-10,-12,-11,-12,-11,-12,-11,-11,-11,-11,-12,-10,-13,-10,-13,-9,-13,-8,-13,0,0,0,0,0,0,0,0,0,0,0,0,0,0,0,0,0,0,0,0,0,0,-6,-8,-5,-9,-5,-10,-4,-11,-4,-12,-3,-12,-3,-13,-2,-13,-1,-13,-1,-13,0,-13,0,-12,0,-13,-1,-12,-1,-12,0,-11,-2,-11,-3,-12,-4,-13,-3,-12,-4,-12,-4,-12,-4,-12,-4,-13,-5,-13,-5,-13]"
2025-08-18 21:58:30.099903,CSI_DATA,556,1a:00:00:00:00:00,-52,11,0,0,0,0,0,0,0,0,0,-94,0,1,0,95066431,0,42,0,128,0,"[0,0,11,6,11,6,11,5,11,5,12,5,12,4,11,4,12,3,12,3,12,2,12,1,13,1,13,1,14,0,14,0,14,0,14,0,15,0,15,0,15,1,15,1,15,3,15,2,14,3,14,3,14,4,0,0,0,0,0,0,0,0,0,0,0,0,0,0,0,0,0,0,0,0,0,0,8,2,9,3,9,4,9,5,9,6,9,7,8,8,8,8,8,9,7,9,7,9,7,9,7,9,7,9,7,9,7,8,7,8,8,7,8,7,9,7,9,7,9,7,10,6,10,6,11,7,11,6]"
2025-08-18 21:58:30.154533,CSI_DATA,557,1a:00:00:00:00:00,-52,11,0,0,0,0,0,0,0,0,0,-94,0,1,0,95131395,0,31,0,128,0,"[0,0,1,12,2,12,2,12,2,12,3,12,3,12,3,11,4,11,4,11,5,11,5,11,6,10,6,11,7,11,7,11,7,11,7,11,8,12,7,12,7,12,7,13,6,13,6,13,5,13,5,13,4,13,0,0,0,0,0,0,0,0,0,0,0,0,0,0,0,0,0,0,0,0,0,0,2,8,2,9,1,10,0,10,0,11,-1,11,-2,11,-3,11,-3,11,-3,11,-4,11,-4,11,-4,11,-4,11,-3,11,-3,10,-3,10,-2,10,-2,11,-1,11,-1,12,-1,11,0,12,0,12,0,12,1,12]"
2025-08-18 21:58:30.358941,CSI_DATA,558,1a:00:00:00:00:00,-52,11,0,0,0,0,0,0,0,0,0,-94,0,1,0,95332520,0,31,0,128,0,"[0,0,-10,8,-10,9,-10,8,-10,9,-9,9,-9,9,-9,10,-8,10,-8,10,-7,11,-7,11,-6,11,-6,12,-6,12,-6,13,-6,13,-6,13,-7,13,-7,14,-7,14,-8,13,-8,13,-9,12,-9,12,-10,11,-10,11,0,0,0,0,0,0,0,0,0,0,0,0,0,0,0,0,0,0,0,0,0,0,-6,7,-7,7,-8,7,-9,7,-10,6,-10,6,-11,6,-12,5,-12,4,-12,4,-12,4,-12,3,-12,3,-12,3,-11,3,-11,4,-11,4,-11,5,-11,5,-11,6,-10,6,-11,7,-11,7,-11,7,-11,8,-10,8]"
2025-08-18 21:58:30.561685,CSI_DATA,559,1a:00:00:00:00:00,-52,11,0,0,0,0,0,0,0,0,0,-94,0,1,0,95533741,0,31,0,128,0,"[0,0,-13,5,-13,5,-13,5,-13,6,-12,6,-12,6,-12,7,-11,8,-11,8,-10,8,-11,9,-10,9,-10,9,-10,10,-10,11,-10,11,-10,11,-11,11,-11,12,-11,11,-12,11,-12,11,-13,9,-13,9,-14,8,-14,8,0,0,0,0,0,0,0,0,0,0,0,0,0,0,0,0,0,0,0,0,0,0,-9,5,-10,5,-10,4,-11,3,-12,3,-13,2,-13,2,-13,1,-13,1,-13,0,-14,-1,-13,-1,-13,-1,-13,-1,-13,0,-12,0,-13,1,-12,1,-13,1,-12,2,-13,3,-13,3,-13,3,-13,4,-13,4,-13,4]"
2025-08-18 21:58:30.761061,CSI_DATA,560,1a:00:00:00:00:00,-52,11,0,0,0,0,0,0,0,0,0,-94,0,1,0,95734875,0,31,0,128,0,"[0,0,5,-13,4,-13,4,-13,4,-13,3,-13,3,-13,2,-13,2,-13,2,-13,1,-13,0,-14,0,-14,-1,-14,-1,-14,-1,-15,-1,-15,-1,-16,-1,-16,0,-16,0,-16,1,-16,1,-16,1,-16,2,-16,3,-15,4,-15,0,0,0,0,0,0,0,0,0,0,0,0,0,0,0,0,0,0,0,0,0,0,1,-10,2,-10,3,-10,4,-10,5,-11,6,-10,7,-10,8,-10,8,-10,8,-9,9,-9,8,-9,8,-9,8,-9,7,-9,7,-9,7,-9,7,-10,6,-10,6,-10,6,-11,6,-11,6,-12,5,-12,5,-12,5,-13]"
2025-08-18 21:58:30.824371,CSI_DATA,561,1a:00:00:00:00:00,-52,11,0,0,0,0,0,0,0,0,0,-94,0,1,0,95798762,0,28,0,128,0,"[0,0,-10,10,-9,10,-9,10,-9,10,-8,10,-8,10,-7,11,-7,11,-6,11,-6,12,-5,12,-4,12,-4,13,-4,13,-4,14,-4,14,-4,15,-5,15,-5,15,-5,15,-6,15,-6,14,-7,14,-7,14,-7,13,-8,13,0,0,0,0,0,0,0,0,0,0,0,0,0,0,0,0,0,0,0,0,0,0,-5,8,-7,8,-7,8,-8,8,-9,8,-10,7,-11,7,-11,6,-12,6,-12,5,-12,5,-12,5,-12,5,-11,5,-11,5,-11,5,-11,6,-11,6,-10,7,-10,7,-10,8,-10,8,-10,9,-10,9,-10,10,-9,10]"
2025-08-18 21:58:30.977097,CSI_DATA,562,1a:00:00:00:00:00,-52,11,0,0,0,0,0,0,0,0,0,-94,0,1,0,95936096,0,31,0,128,0,"[0,0,-6,-13,-7,-12,-7,-13,-7,-12,-8,-12,-8,-12,-8,-12,-9,-11,-9,-11,-9,-10,-10,-10,-10,-10,-11,-10,-12,-10,-12,-10,-12,-10,-12,-10,-13,-11,-12,-11,-12,-11,-12,-12,-11,-13,-11,-12,-10,-13,-10,-13,-9,-13,0,0,0,0,0,0,0,0,0,0,0,0,0,0,0,0,0,0,0,0,0,0,-6,-8,-6,-9,-6,-10,-5,-11,-5,-11,-4,-12,-3,-13,-3,-13,-2,-13,-2,-13,-2,-13,-1,-13,-1,-13,-2,-13,-2,-13,-2,-12,-2,-12,-3,-12,-3,-13,-4,-13,-4,-13,-4,-13,-5,-12,-6,-13,-6,-13,-6,-13]"
2025-08-18 21:58:31.166812,CSI_DATA,563,1a:00:00:00:00:00,-52,11,0,0,0,0,0,0,0,0,0,-94,0,1,0,96137246,0,31,0,128,0,"[0,0,-2,-14,-2,-14,-2,-13,-3,-13,-3,-13,-3,-13,-4,-13,-4,-13,-5,-13,-5,-12,-6,-12,-7,-12,-7,-12,-8,-12,-8,-13,-8,-13,-8,-13,-8,-13,-8,-14,-7,-14,-7,-15,-6,-15,-6,-15,-6,-15,-5,-15,-4,-15,0,0,0,0,0,0,0,0,0,0,0,0,0,0,0,0,0,0,0,0,0,0,-4,-9,-3,-10,-2,-11,-1,-12,-1,-12,0,-12,1,-13,2,-13,2,-13,2,-12,3,-12,3,-12,2,-12,2,-12,2,-12,2,-12,2,-12,1,-12,1,-12,1,-13,0,-13,0,-13,-1,-13,-1,-13,-1,-14,-1,-14]"
2025-08-18 21:58:31.368184,CSI_DATA,564,1a:00:00:00:00:00,-52,11,0,0,0,0,0,0,0,0,0,-94,0,1,0,96338604,0,31,0,128,0,"[0,0,-14,-3,-14,-3,-14,-3,-14,-2,-14,-2,-13,-1,-13,-1,-13,0,-13,0,-13,1,-13,2,-14,2,-14,2,-14,3,-14,3,-15,3,-15,3,-16,3,-16,3,-16,3,-16,2,-16,1,-16,1,-16,0,-16,0,-16,-1,0,0,0,0,0,0,0,0,0,0,0,0,0,0,0,0,0,0,0,0,0,0,-10,-1,-11,-1,-11,-2,-11,-3,-11,-4,-12,-5,-12,-6,-12,-6,-11,-7,-11,-7,-11,-7,-10,-7,-10,-7,-10,-7,-10,-7,-10,-7,-11,-6,-11,-6,-11,-6,-11,-5,-12,-5,-12,-4,-13,-4,-13,-4,-13,-4,-13,-3]"
2025-08-18 21:58:31.566210,CSI_DATA,565,1a:00:00:00:00:00,-52,11,0,0,0,0,0,0,0,0,0,-94,0,1,0,96539772,0,31,0,128,0,"[0,0,12,-7,11,-7,11,-7,11,-8,11,-8,10,-8,10,-9,10,-9,9,-9,9,-10,9,-11,8,-11,8,-11,8,-12,8,-13,8,-13,8,-13,9,-13,9,-13,9,-13,10,-13,10,-13,11,-12,11,-11,11,-11,12,-10,0,0,0,0,0,0,0,0,0,0,0,0,0,0,0,0,0,0,0,0,0,0,7,-6,8,-6,9,-6,10,-5,11,-5,11,-4,12,-3,12,-3,12,-2,12,-1,12,-1,12,-1,12,-1,12,-1,11,-2,11,-2,11,-2,11,-3,11,-3,11,-4,11,-4,11,-5,12,-5,12,-6,12,-6,12,-6]"
2025-08-18 21:58:31.623604,CSI_DATA,566,1a:00:00:00:00:00,-52,11,0,0,0,0,0,0,0,0,0,-94,0,1,0,96602464,0,42,0,128,0,"[0,0,12,5,12,5,12,4,12,4,13,4,12,3,12,3,13,2,12,1,13,1,13,0,13,0,13,-1,14,-1,14,-2,14,-2,15,-2,15,-2,16,-1,16,-1,16,0,15,0,15,1,15,1,15,2,15,3,0,0,0,0,0,0,0,0,0,0,0,0,0,0,0,0,0,0,0,0,0,0,9,2,9,3,9,4,9,5,10,6,10,7,9,8,9,8,9,8,8,9,8,9,7,9,8,9,8,9,8,8,8,8,8,7,9,7,9,7,10,7,10,7,10,6,11,6,12,6,11,6,12,5]"
2025-08-18 21:58:31.688775,CSI_DATA,567,1a:00:00:00:00:00,-52,11,0,0,0,0,0,0,0,0,0,-94,0,1,0,96667515,0,31,0,128,0,"[0,0,4,12,5,12,5,11,5,12,6,11,6,11,6,11,6,10,6,10,8,9,8,9,8,9,9,9,9,9,10,9,10,9,11,10,10,10,10,10,10,11,9,11,9,12,9,12,8,12,8,12,7,12,0,0,0,0,0,0,0,0,0,0,0,0,0,0,0,0,0,0,0,0,0,0,5,7,4,8,4,9,3,10,3,10,2,11,1,12,1,12,0,12,0,12,-1,12,-1,12,-1,12,0,11,0,11,0,11,0,11,1,11,1,11,2,11,2,11,3,12,3,12,4,12,4,12,4,12]"
2025-08-18 21:58:31.894490,CSI_DATA,568,1a:00:00:00:00:00,-52,11,0,0,0,0,0,0,0,0,0,-94,0,1,0,96868591,0,31,0,128,0,"[0,0,-10,10,-9,10,-9,10,-9,10,-8,11,-8,10,-7,11,-7,11,-7,11,-6,12,-5,12,-5,12,-5,13,-4,13,-4,14,-4,14,-4,14,-5,15,-5,15,-5,15,-6,15,-6,14,-6,14,-7,14,-8,13,-8,13,0,0,0,0,0,0,0,0,0,0,0,0,0,0,0,0,0,0,0,0,0,0,-6,8,-7,8,-8,8,-9,7,-9,7,-10,7,-11,6,-12,6,-12,5,-12,5,-12,5,-12,4,-12,4,-12,5,-11,5,-11,5,-11,5,-10,6,-10,6,-10,7,-10,7,-10,8,-10,8,-10,9,-10,9,-10,10]"
2025-08-18 21:58:32.097025,CSI_DATA,569,1a:00:00:00:00:00,-52,11,0,0,0,0,0,0,0,0,0,-94,0,1,0,97069750,0,31,0,128,0,"[0,0,-13,4,-13,5,-12,5,-12,6,-12,6,-12,6,-11,6,-11,7,-11,7,-10,8,-10,8,-10,9,-10,9,-10,9,-10,10,-10,10,-10,11,-11,11,-11,11,-11,10,-12,10,-12,10,-12,9,-12,9,-13,8,-13,7,0,0,0,0,0,0,0,0,0,0,0,0,0,0,0,0,0,0,0,0,0,0,-9,5,-9,4,-10,4,-11,3,-12,3,-12,2,-13,1,-13,1,-13,0,-13,-1,-13,-1,-13,-1,-12,-1,-12,-1,-12,0,-12,0,-12,0,-12,1,-12,1,-12,2,-12,2,-12,3,-13,3,-13,4,-13,4,-13,4]"
2025-08-18 21:58:32.293543,CSI_DATA,570,1a:00:00:00:00:00,-52,11,0,0,0,0,0,0,0,0,0,-94,0,1,0,97270912,0,31,0,128,0,"[0,0,12,2,12,1,12,1,12,1,12,0,12,0,12,-1,12,-1,12,-2,12,-3,12,-3,12,-3,12,-4,13,-4,12,-4,13,-5,13,-4,14,-5,14,-5,14,-4,14,-4,14,-3,14,-3,14,-2,14,-1,14,0,0,0,0,0,0,0,0,0,0,0,0,0,0,0,0,0,0,0,0,0,0,0,8,-1,9,0,10,1,10,2,10,2,11,3,11,4,11,4,10,5,10,6,10,6,9,6,9,6,9,6,10,5,9,5,10,5,9,4,10,4,10,3,11,3,11,3,11,3,12,3,12,2,12,2]"
2025-08-18 21:58:32.501500,CSI_DATA,571,1a:00:00:00:00:00,-52,11,0,0,0,0,0,0,0,0,0,-94,0,1,0,97472237,0,31,0,128,0,"[0,0,-14,-1,-14,0,-14,0,-14,0,-14,1,-13,1,-14,1,-13,2,-13,3,-13,4,-13,4,-13,5,-13,5,-13,6,-14,6,-14,6,-14,6,-15,7,-15,6,-15,6,-16,5,-16,5,-15,4,-15,4,-16,3,-16,2,0,0,0,0,0,0,0,0,0,0,0,0,0,0,0,0,0,0,0,0,0,0,-10,1,-11,0,-11,-1,-12,-1,-12,-2,-13,-3,-13,-4,-13,-4,-13,-5,-12,-5,-12,-6,-12,-6,-12,-6,-12,-5,-12,-5,-11,-5,-12,-4,-12,-4,-12,-4,-12,-3,-13,-3,-13,-3,-13,-2,-14,-2,-14,-1,-14,-1]"
2025-08-18 21:58:32.720069,CSI_DATA,572,1a:00:00:00:00:00,-52,11,0,0,0,0,0,0,0,0,0,-94,0,1,0,97673360,0,31,0,128,0,"[0,0,-7,-12,-8,-12,-8,-12,-8,-12,-9,-12,-9,-11,-9,-11,-10,-10,-10,-10,-10,-9,-11,-9,-12,-9,-12,-9,-12,-9,-12,-9,-13,-9,-13,-9,-13,-9,-14,-10,-13,-10,-13,-10,-12,-11,-12,-11,-12,-12,-11,-12,-11,-12,0,0,0,0,0,0,0,0,0,0,0,0,0,0,0,0,0,0,0,0,0,0,-6,-8,-6,-9,-6,-10,-5,-11,-5,-12,-4,-12,-4,-13,-3,-13,-3,-13,-2,-13,-2,-13,-1,-13,-2,-13,-1,-12,-4,-13,-2,-12,-2,-12,-3,-12,-4,-12,-4,-12,-5,-12,-5,-13,-6,-12,-6,-12,-7,-13,-7,-13]"
2025-08-18 21:58:32.905331,CSI_DATA,573,1a:00:00:00:00:00,-52,11,0,0,0,0,0,0,0,0,0,-94,0,1,0,97874481,0,31,0,128,0,"[0,0,-12,-7,-13,-7,-12,-7,-13,-6,-13,-6,-13,-5,-13,-5,-13,-4,-13,-3,-13,-3,-14,-3,-14,-2,-14,-2,-14,-1,-15,-1,-15,0,-16,-1,-16,-1,-16,-1,-17,-2,-16,-2,-16,-3,-16,-3,-16,-4,-15,-4,-16,-5,0,0,0,0,0,0,0,0,0,0,0,0,0,0,0,0,0,0,0,0,0,0,-9,-4,-10,-5,-10,-6,-10,-7,-10,-8,-10,-8,-10,-9,-9,-10,-9,-10,-8,-11,-8,-11,-8,-11,-8,-11,-8,-10,-8,-10,-8,-10,-8,-9,-9,-9,-9,-9,-10,-9,-10,-8,-11,-8,-11,-8,-12,-8,-12,-8,-12,-7]"
2025-08-18 21:58:33.105247,CSI_DATA,574,1a:00:00:00:00:00,-51,11,0,0,0,0,0,0,0,0,0,-94,0,1,0,98075639,0,31,0,128,0,"[0,0,-2,-12,-3,-12,-3,-12,-3,-12,-4,-12,-4,-12,-5,-11,-5,-11,-5,-10,-6,-10,-7,-10,-7,-10,-8,-10,-8,-10,-8,-10,-9,-11,-9,-11,-9,-11,-9,-11,-9,-12,-8,-12,-8,-12,-8,-12,-8,-12,-7,-12,-6,-13,0,0,0,0,0,0,0,0,0,0,0,0,0,0,0,0,0,0,0,0,0,0,-1,-11,4,-11,9,-15,-2,3,6,-10,-4,-13,5,-15,2,-15,5,-10,2,-10,3,-10,3,-10,3,-10,3,-10,3,-10,2,-10,1,-10,2,-11,1,-12,1,-11,0,-11,0,-12,-1,-11,-2,-12,-2,-12,-2,-12]"
2025-08-18 21:58:33.164779,CSI_DATA,575,1a:00:00:00:00:00,-52,11,0,0,0,0,0,0,0,0,0,-94,0,1,0,98138470,0,42,0,128,0,"[0,0,11,-8,10,-8,10,-8,11,-9,10,-9,9,-9,9,-9,9,-10,8,-10,8,-11,8,-11,7,-11,7,-12,7,-13,7,-13,7,-13,7,-13,8,-14,8,-14,9,-14,9,-14,9,-13,10,-13,10,-12,11,-11,11,-11,0,0,0,0,0,0,0,0,0,0,0,0,0,0,0,0,0,0,0,0,0,0,6,-7,7,-7,8,-7,9,-6,10,-6,11,-6,11,-5,12,-4,12,-4,12,-3,12,-3,12,-3,12,-3,12,-3,11,-3,11,-3,11,-4,10,-4,11,-5,11,-6,11,-6,11,-6,11,-6,11,-7,11,-7,11,-8]"
2025-08-18 21:58:33.233072,CSI_DATA,576,1a:00:00:00:00:00,-52,11,0,0,0,0,0,0,0,0,0,-94,0,1,0,98203573,0,31,0,128,0,"[0,0,-1,-13,-1,-13,-1,-13,-2,-13,-2,-13,-2,-13,-3,-13,-4,-13,-4,-12,-5,-12,-5,-12,-6,-12,-7,-12,-7,-12,-7,-12,-7,-13,-7,-13,-8,-14,-7,-14,-7,-14,-7,-14,-6,-15,-6,-14,-6,-14,-5,-14,-4,-15,0,0,0,0,0,0,0,0,0,0,0,0,0,0,0,0,0,0,0,0,0,0,-2,-9,-1,-10,0,-11,0,-11,1,-12,2,-12,3,-12,3,-12,4,-12,4,-11,4,-12,5,-11,4,-11,4,-11,4,-11,3,-11,3,-11,3,-11,2,-12,1,-12,1,-12,1,-12,1,-12,0,-13,0,-13,0,-13]"
2025-08-18 21:58:33.430489,CSI_DATA,577,1a:00:00:00:00:00,-52,11,0,0,0,0,0,0,0,0,0,-94,0,1,0,98404695,0,31,0,128,0,"[0,0,7,-12,6,-12,6,-12,6,-13,5,-13,5,-12,4,-13,3,-13,3,-13,3,-14,2,-14,1,-14,1,-14,1,-14,0,-15,0,-15,0,-16,1,-16,1,-16,1,-17,2,-16,3,-16,3,-16,4,-16,4,-15,5,-15,0,0,0,0,0,0,0,0,0,0,0,0,0,0,0,0,0,0,0,0,0,0,3,-10,4,-10,5,-10,6,-10,7,-10,8,-10,9,-10,9,-9,10,-9,10,-8,10,-8,10,-8,9,-8,9,-7,9,-8,9,-8,8,-8,8,-9,8,-9,8,-10,7,-10,7,-11,7,-11,7,-11,7,-11,7,-12]"
2025-08-18 21:58:33.628863,CSI_DATA,578,1a:00:00:00:00:00,-52,11,0,0,0,0,0,0,0,0,0,-94,0,1,0,98606050,0,31,0,128,0,"[0,0,0,13,0,12,0,13,1,12,2,12,2,12,2,12,3,11,3,12,3,11,4,11,5,11,6,11,6,12,6,11,6,12,6,12,6,13,6,13,6,13,5,13,5,14,4,14,4,14,3,14,2,14,0,0,0,0,0,0,0,0,0,0,0,0,0,0,0,0,0,0,0,0,0,0,2,8,1,9,0,10,0,10,-1,10,-2,11,-3,11,-4,11,-4,11,-4,11,-5,11,-5,10,-4,11,-4,10,-4,10,-4,10,-3,10,-3,10,-2,11,-2,11,-2,11,-2,12,-1,12,0,12,0,12,0,12]"
2025-08-18 21:58:33.838073,CSI_DATA,579,1a:00:00:00:00:00,-52,11,0,0,0,0,0,0,0,0,0,-94,0,1,0,98807134,0,31,0,128,0,"[0,0,-11,-8,-12,-8,-12,-8,-12,-7,-12,-7,-12,-6,-12,-6,-12,-5,-12,-5,-13,-4,-13,-4,-13,-4,-14,-3,-14,-3,-15,-2,-15,-2,-15,-3,-16,-3,-16,-3,-16,-3,-16,-4,-16,-4,-15,-5,-15,-6,-15,-6,-14,-7,0,0,0,0,0,0,0,0,0,0,0,0,0,0,0,0,0,0,0,0,0,0,-9,-5,-9,-6,-9,-7,-9,-7,-9,-8,-9,-9,-8,-10,-8,-10,-8,-11,-7,-11,-7,-11,-6,-11,-6,-11,-6,-11,-7,-11,-7,-10,-7,-10,-8,-9,-8,-9,-9,-9,-9,-9,-10,-9,-10,-8,-11,-9,-11,-9,-11,-8]"
2025-08-18 21:58:34.037527,CSI_DATA,580,1a:00:00:00:00:00,-52,11,0,0,0,0,0,0,0,0,0,-94,0,1,0,99008270,0,31,0,128,0,"[0,0,2,-14,1,-14,0,-13,0,-14,-1,-14,-1,-13,-1,-13,-2,-13,-2,-13,-3,-13,-3,-13,-4,-13,-4,-14,-5,-14,-5,-14,-5,-14,-6,-15,-5,-15,-5,-15,-5,-15,-4,-16,-4,-16,-3,-16,-2,-16,-2,-15,-1,-16,0,0,0,0,0,0,0,0,0,0,0,0,0,0,0,0,0,0,0,0,0,0,-2,-10,0,-11,1,-10,5,-9,5,-13,3,-13,4,-12,3,-13,5,-12,5,-12,6,-11,6,-11,6,-11,5,-11,5,-11,5,-11,4,-11,4,-11,3,-12,3,-12,3,-12,2,-13,2,-13,2,-13,2,-13,2,-13]"
2025-08-18 21:58:34.247374,CSI_DATA,581,1a:00:00:00:00:00,-52,11,0,0,0,0,0,0,0,0,0,-94,0,1,0,99209451,0,31,0,128,0,"[0,0,-4,13,-3,13,-3,13,-3,13,-2,13,-2,13,-1,13,0,13,0,13,1,13,1,13,2,13,2,13,3,13,3,14,3,14,3,15,3,14,3,15,2,15,2,15,2,16,1,16,0,15,0,15,-1,15,0,0,0,0,0,0,0,0,0,0,0,0,0,0,0,0,0,0,0,0,0,0,-1,9,-2,10,-3,10,-4,11,-4,11,-6,11,-7,11,-7,11,-8,10,-8,10,-8,10,-8,10,-8,10,-7,10,-7,9,-7,9,-7,10,-6,10,-6,10,-6,11,-5,11,-5,12,-4,12,-4,12,-4,13,-4,13]"
2025-08-18 21:58:34.436909,CSI_DATA,582,1a:00:00:00:00:00,-52,11,0,0,0,0,0,0,0,0,0,-94,0,1,0,99410669,0,31,0,128,0,"[0,0,13,-5,12,-5,12,-5,12,-6,12,-7,11,-6,11,-7,11,-7,10,-8,10,-9,10,-9,10,-10,9,-10,9,-11,9,-11,10,-12,10,-11,11,-12,11,-12,11,-11,12,-11,12,-11,12,-10,13,-10,13,-9,13,-8,0,0,0,0,0,0,0,0,0,0,0,0,0,0,0,0,0,0,0,0,0,0,8,-5,9,-5,10,-4,11,-3,11,-3,12,-2,12,-1,12,-1,13,0,12,1,12,1,12,1,12,1,12,1,12,0,11,0,12,-1,11,-1,12,-2,12,-2,12,-2,12,-3,12,-3,12,-4,12,-4,13,-4]"
2025-08-18 21:58:34.638469,CSI_DATA,583,1a:00:00:00:00:00,-52,11,0,0,0,0,0,0,0,0,0,-94,0,1,0,99611840,0,31,0,128,0,"[0,0,13,-5,12,-5,12,-5,12,-6,12,-6,11,-6,11,-7,11,-8,11,-8,10,-9,10,-9,10,-10,10,-10,9,-10,10,-11,10,-11,10,-11,11,-12,11,-11,12,-11,12,-11,12,-10,12,-10,13,-9,13,-9,13,-8,0,0,0,0,0,0,0,0,0,0,0,0,0,0,0,0,0,0,0,0,0,0,8,-5,9,-5,10,-4,10,-4,11,-3,12,-3,12,-2,12,-1,13,0,12,0,12,0,12,0,12,0,12,0,12,0,11,0,11,-1,11,-2,11,-2,12,-2,12,-3,12,-3,12,-4,12,-4,12,-4,13,-5]"
2025-08-18 21:58:34.696286,CSI_DATA,584,1a:00:00:00:00:00,-52,11,0,0,0,0,0,0,0,0,0,-94,0,1,0,99674436,0,42,0,128,0,"[0,0,3,12,3,12,3,11,4,12,4,11,5,11,5,11,6,10,6,10,6,10,7,10,7,10,8,9,8,9,9,10,9,9,9,10,9,10,10,11,9,11,9,11,9,11,8,12,8,12,7,12,6,12,0,0,0,0,0,0,0,0,0,0,0,0,0,0,0,0,0,0,0,0,0,0,3,8,2,8,8,19,0,10,1,11,-1,11,-1,12,-2,11,-2,12,-3,12,-3,11,-3,11,-3,11,-3,11,-2,11,-2,11,-2,10,-1,11,0,11,0,11,0,11,1,12,1,12,1,12,2,12,2,12]"
2025-08-18 21:58:34.768741,CSI_DATA,585,1a:00:00:00:00:00,-52,11,0,0,0,0,0,0,0,0,0,-94,0,1,0,99740897,0,31,0,128,0,"[0,0,2,-13,2,-13,1,-13,2,-13,1,-13,1,-13,0,-13,0,-13,-1,-13,-1,-13,-2,-13,-3,-13,-3,-13,-4,-14,-4,-14,-4,-14,-4,-14,-4,-15,-4,-15,-3,-16,-3,-15,-2,-16,-2,-15,-1,-15,0,-15,0,-15,0,0,0,0,0,0,0,0,0,0,0,0,0,0,0,0,0,0,0,0,0,0,0,-10,0,-10,1,-11,2,-11,3,-11,4,-11,5,-11,5,-11,6,-11,6,-10,6,-10,6,-10,6,-10,6,-10,5,-10,5,-10,5,-10,4,-10,4,-11,4,-11,3,-12,3,-12,3,-12,3,-12,2,-13,3,-13]"
2025-08-18 21:58:34.974202,CSI_DATA,586,1a:00:00:00:00:00,-52,11,0,0,0,0,0,0,0,0,0,-94,0,1,0,99941955,0,31,0,128,0,"[0,0,-9,-11,-9,-11,-10,-11,-10,-10,-10,-10,-10,-10,-10,-9,-11,-9,-11,-8,-11,-8,-12,-7,-12,-7,-13,-7,-13,-7,-14,-6,-14,-7,-14,-7,-15,-7,-15,-8,-15,-8,-14,-8,-14,-9,-13,-10,-13,-10,-12,-10,-12,-11,0,0,0,0,0,0,0,0,0,0,0,0,0,0,0,0,0,0,0,0,0,0,-8,-6,-8,-8,-8,-9,-8,-10,-7,-10,-7,-11,-6,-12,-6,-12,-5,-12,-4,-13,-4,-13,-4,-13,-4,-13,-4,-12,-4,-12,-4,-11,-5,-12,-5,-11,-6,-12,-7,-11,-7,-11,-7,-11,-8,-11,-8,-11,-8,-11,-9,-11]"
2025-08-18 21:58:35.176543,CSI_DATA,587,1a:00:00:00:00:00,-52,11,0,0,0,0,0,0,0,0,0,-94,0,1,0,100144756,0,31,0,128,0,"[0,0,-10,-10,-11,-10,-10,-10,-11,-9,-11,-9,-11,-8,-11,-8,-12,-7,-12,-7,-12,-6,-12,-6,-13,-6,-13,-6,-14,-5,-14,-5,-15,-5,-15,-5,-15,-5,-16,-6,-15,-6,-15,-6,-15,-7,-14,-8,-14,-8,-14,-9,-13,-9,0,0,0,0,0,0,0,0,0,0,0,0,0,0,0,0,0,0,0,0,0,0,-8,-6,-9,-7,-9,-8,-8,-9,-8,-10,-8,-10,-7,-11,-7,-11,-7,-12,-6,-12,-5,-12,-5,-12,-5,-12,-5,-12,-5,-12,-6,-11,-6,-11,-7,-10,-7,-11,-8,-11,-8,-10,-9,-11,-9,-10,-9,-10,-10,-10,-10,-10]"
2025-08-18 21:58:35.369578,CSI_DATA,588,1a:00:00:00:00:00,-52,11,0,0,0,0,0,0,0,0,0,-94,0,1,0,100344273,0,31,0,128,0,"[0,0,7,-11,6,-12,6,-12,6,-12,6,-12,5,-12,5,-12,4,-13,4,-13,3,-13,3,-13,2,-14,2,-14,1,-15,1,-14,2,-15,1,-15,2,-16,2,-16,3,-16,3,-16,4,-16,4,-15,4,-15,5,-15,6,-14,0,0,0,0,0,0,0,0,0,0,0,0,0,0,0,0,0,0,0,0,0,0,3,-9,4,-9,5,-9,6,-10,7,-9,8,-9,9,-9,9,-8,10,-8,10,-7,10,-7,10,-7,10,-7,9,-7,9,-7,9,-7,9,-8,8,-8,8,-9,8,-9,8,-9,8,-10,7,-10,7,-11,7,-11,7,-11]"
2025-08-18 21:58:35.571157,CSI_DATA,589,1a:00:00:00:00:00,-52,11,0,0,0,0,0,0,0,0,0,-94,0,1,0,100545518,0,31,0,128,0,"[0,0,9,-11,8,-11,8,-11,8,-11,7,-12,7,-12,7,-12,6,-12,6,-12,5,-13,5,-13,4,-13,4,-14,3,-14,4,-14,4,-15,4,-15,4,-16,4,-16,5,-16,5,-16,6,-15,6,-15,6,-15,7,-14,8,-14,0,0,0,0,0,0,0,0,0,0,0,0,0,0,0,0,0,0,0,0,0,0,5,-9,6,-9,6,-9,8,-8,8,-8,10,-8,10,-8,11,-7,11,-7,11,-6,11,-6,11,-5,11,-6,11,-6,10,-6,10,-6,10,-6,9,-7,9,-7,9,-8,9,-8,9,-9,9,-9,9,-10,9,-10,9,-10]"
2025-08-18 21:58:35.770327,CSI_DATA,590,1a:00:00:00:00:00,-52,11,0,0,0,0,0,0,0,0,0,-94,0,1,0,100746611,0,31,0,128,0,"[0,0,-1,13,-1,13,-1,13,0,12,0,13,1,13,1,12,2,12,2,12,3,12,4,12,5,12,5,12,5,12,5,12,5,13,6,13,5,13,5,14,5,14,4,14,4,15,4,14,3,14,3,14,2,14,0,0,0,0,0,0,0,0,0,0,0,0,0,0,0,0,0,0,0,0,0,0,1,9,0,9,-1,10,-1,11,-2,11,-3,11,-4,11,-5,11,-5,11,-5,11,-6,11,-6,10,-5,10,-5,10,-5,10,-5,10,-5,10,-4,10,-3,11,-3,11,-3,11,-2,12,-2,12,-2,13,-1,13,-1,13]"
2025-08-18 21:58:35.990971,CSI_DATA,591,1a:00:00:00:00:00,-52,11,0,0,0,0,0,0,0,0,0,-94,0,1,0,100948016,0,31,0,128,0,"[0,0,-14,-1,-14,-1,-14,-1,-14,0,-14,0,-14,1,-13,1,-13,2,-13,3,-13,3,-13,4,-13,4,-13,5,-13,5,-13,6,-14,6,-14,6,-14,6,-15,6,-15,6,-15,5,-15,4,-15,4,-16,3,-15,3,-15,2,0,0,0,0,0,0,0,0,0,0,0,0,0,0,0,0,0,0,0,0,0,0,-10,0,-11,0,-11,-1,-11,-2,-12,-3,-12,-4,-12,-4,-12,-5,-12,-6,-12,-6,-12,-6,-11,-6,-11,-6,-11,-6,-11,-6,-11,-5,-11,-5,-11,-4,-12,-4,-12,-4,-12,-3,-13,-3,-13,-2,-13,-2,-13,-2,-14,-1]"
2025-08-18 21:58:36.170378,CSI_DATA,592,1a:00:00:00:00:00,-52,11,0,0,0,0,0,0,0,0,0,-94,0,1,0,101149043,0,31,0,128,0,"[0,0,6,12,6,11,6,11,7,10,7,10,7,10,7,10,8,9,8,9,9,8,9,8,10,8,10,8,11,8,11,8,12,8,11,8,12,8,12,9,12,9,11,10,11,11,11,10,10,11,9,11,9,11,0,0,0,0,0,0,0,0,0,0,0,0,0,0,0,0,0,0,0,0,0,0,6,7,5,8,5,9,4,10,4,10,4,11,3,11,2,12,2,12,1,12,1,12,1,11,1,11,1,11,1,11,1,11,2,11,2,10,3,11,3,11,4,11,4,11,5,11,5,11,6,11,6,11]"
2025-08-18 21:58:36.241673,CSI_DATA,593,1a:00:00:00:00:00,-52,11,0,0,0,0,0,0,0,0,0,-94,0,1,0,101210425,0,42,0,128,0,"[0,0,-9,-10,-9,-10,-9,-10,-9,-10,-9,-10,-10,-9,-10,-8,-11,-8,-11,-8,-11,-7,-11,-7,-12,-7,-12,-6,-13,-6,-13,-6,-13,-6,-14,-6,-14,-6,-14,-6,-14,-7,-14,-7,-14,-8,-13,-9,-13,-9,-12,-10,-12,-10,0,0,0,0,0,0,0,0,0,0,0,0,0,0,0,0,0,0,0,0,0,0,-7,-7,-7,-7,-7,-9,-7,-9,-6,-10,-6,-11,-5,-11,-5,-12,-4,-12,-4,-12,-3,-12,-3,-12,-3,-12,-3,-12,-4,-12,-4,-11,-4,-11,-5,-11,-5,-11,-6,-11,-7,-11,-7,-11,-7,-10,-8,-11,-8,-11,-8,-11]"
2025-08-18 21:58:36.304821,CSI_DATA,594,1a:00:00:00:00:00,-52,11,0,0,0,0,0,0,0,0,0,-94,0,1,0,101274937,0,31,0,128,0,"[0,0,-14,-4,-14,-4,-14,-4,-14,-3,-14,-3,-14,-3,-14,-2,-14,-1,-14,-1,-14,0,-14,0,-14,1,-14,1,-15,2,-15,2,-15,2,-16,2,-16,2,-16,2,-17,1,-17,1,-16,0,-16,-1,-16,-1,-16,-2,-16,-3,0,0,0,0,0,0,0,0,0,0,0,0,0,0,0,0,0,0,0,0,0,0,-10,-1,-10,-2,-11,-4,-11,-4,-11,-5,-12,-6,-12,-7,-12,-7,-11,-8,-10,-8,-10,-9,-10,-9,-10,-9,-10,-8,-10,-8,-10,-7,-11,-7,-11,-7,-11,-7,-12,-6,-12,-6,-12,-6,-13,-5,-13,-5,-13,-5,-13,-5]"
2025-08-18 21:58:36.504243,CSI_DATA,595,1a:00:00:00:00:00,-52,11,0,0,0,0,0,0,0,0,0,-94,0,1,0,101476102,0,31,0,128,0,"[0,0,-14,2,-14,2,-14,2,-13,3,-13,3,-13,4,-13,4,-13,5,-13,5,-12,6,-12,6,-12,7,-12,7,-12,8,-12,8,-12,9,-13,9,-13,9,-13,9,-14,9,-14,8,-14,8,-14,7,-14,6,-15,6,-15,5,0,0,0,0,0,0,0,0,0,0,0,0,0,0,0,0,0,0,0,0,0,0,-10,3,-11,2,-11,1,-12,1,-13,0,-13,-1,-13,-1,-13,-2,-13,-3,-13,-3,-13,-4,-13,-4,-12,-3,-12,-3,-12,-3,-12,-3,-12,-2,-12,-2,-13,-1,-13,-1,-13,0,-13,0,-14,1,-14,1,-14,1,-14,2]"
2025-08-18 21:58:36.702827,CSI_DATA,596,1a:00:00:00:00:00,-52,11,0,0,0,0,0,0,0,0,0,-94,0,1,0,101677215,0,31,0,128,0,"[0,0,6,-12,5,-12,5,-12,5,-13,4,-13,4,-13,3,-13,3,-13,3,-13,2,-13,2,-14,1,-14,0,-14,0,-14,0,-15,0,-15,0,-16,0,-16,1,-16,1,-16,2,-16,2,-16,3,-16,3,-16,4,-15,5,-14,0,0,0,0,0,0,0,0,0,0,0,0,0,0,0,0,0,0,0,0,0,0,3,-10,3,-10,4,-10,5,-10,6,-10,7,-10,8,-10,9,-9,9,-9,9,-9,10,-8,9,-8,9,-8,8,-8,8,-8,9,-8,7,-10,7,-9,7,-10,7,-10,7,-10,7,-11,7,-11,7,-11,7,-11,7,-12]"
2025-08-18 21:58:36.907925,CSI_DATA,597,1a:00:00:00:00:00,-52,11,0,0,0,0,0,0,0,0,0,-94,0,1,0,101878377,0,31,0,128,0,"[0,0,1,-14,0,-14,0,-14,-1,-14,-2,-14,-1,-13,-2,-13,-3,-13,-3,-15,-6,-13,-5,-11,-5,-13,-5,-13,-6,-14,-6,-13,-6,-14,-6,-14,-6,-15,-6,-15,-5,-15,-5,-15,-4,-16,-4,-16,-3,-16,-3,-15,-2,-16,0,0,0,0,0,0,0,0,0,0,0,0,0,0,0,0,0,0,0,0,0,0,-2,-10,-1,-10,-1,-11,0,-12,1,-12,2,-12,3,-13,3,-12,4,-12,4,-12,5,-12,5,-11,5,-12,4,-11,4,-11,4,-11,3,-11,3,-11,2,-12,2,-12,2,-12,1,-13,1,-13,1,-13,1,-13,1,-14]"
2025-08-18 21:58:37.103191,CSI_DATA,598,1a:00:00:00:00:00,-52,11,0,0,0,0,0,0,0,0,0,-94,0,1,0,102079747,0,31,0,128,0,"[0,0,-6,12,-5,12,-4,12,-4,12,-3,12,-3,12,-3,12,-2,12,-2,12,-1,12,0,12,0,13,1,13,1,13,1,14,1,14,1,14,1,15,1,15,0,15,0,15,-1,15,-1,15,-1,15,-2,14,-3,14,0,0,0,0,0,0,0,0,0,0,0,0,0,0,0,0,0,0,0,0,0,0,-2,9,-3,9,-4,9,-5,9,-6,10,-7,10,-8,10,-8,9,-9,9,-9,9,-9,8,-9,8,-9,8,-8,8,-8,8,-8,8,-8,8,-7,9,-7,9,-7,10,-7,10,-6,11,-6,11,-5,11,-6,12,-5,12]"
2025-08-18 21:58:37.314528,CSI_DATA,599,1a:00:00:00:00:00,-52,11,0,0,0,0,0,0,0,0,0,-94,0,1,0,102280805,0,31,0,128,0,"[0,0,11,7,11,7,11,6,11,6,11,6,11,5,11,5,12,4,12,3,12,2,12,2,13,2,13,2,14,1,13,1,14,1,14,1,15,1,15,2,15,2,15,2,15,3,14,3,14,4,14,5,14,5,0,0,0,0,0,0,0,0,0,0,0,0,0,0,0,0,0,0,0,0,0,0,8,3,8,4,8,5,8,7,8,7,8,8,8,9,7,9,7,10,6,10,6,10,6,10,6,10,6,10,6,9,6,9,7,9,7,8,8,8,8,8,8,8,9,8,9,7,10,8,10,7,11,7]"
2025-08-18 21:58:37.514497,CSI_DATA,600,1a:00:00:00:00:00,-52,11,0,0,0,0,0,0,0,0,0,-94,0,1,0,102482049,0,31,0,128,0,"[0,0,-5,-13,-6,-13,-6,-13,-6,-13,-7,-12,-7,-12,-8,-12,-8,-11,-8,-11,-9,-11,-9,-10,-10,-10,-10,-10,-11,-10,-11,-10,-11,-10,-12,-11,-12,-11,-12,-12,-12,-12,-11,-12,-11,-13,-11,-13,-10,-13,-9,-13,-8,-14,0,0,0,0,0,0,0,0,0,0,0,0,0,0,0,0,0,0,0,0,0,0,-6,-9,-5,-9,-5,-10,-5,-11,-4,-12,-3,-12,-3,-13,-2,-13,-1,-13,-1,-13,0,-13,0,-13,0,-13,-1,-13,-1,-13,-1,-12,-1,-12,-2,-12,-3,-13,-3,-13,-4,-13,-4,-13,-4,-13,-5,-13,-5,-13,-5,-13]"
2025-08-18 21:58:37.712159,CSI_DATA,601,1a:00:00:00:00:00,-52,11,0,0,0,0,0,0,0,0,0,-94,0,1,0,102683192,0,31,0,128,0,"[0,0,-14,0,-14,0,-13,0,-14,1,-13,1,-13,2,-13,2,-13,3,-13,3,-13,4,-13,4,-12,5,-13,5,-13,6,-13,6,-13,7,-14,7,-14,7,-15,7,-14,7,-15,6,-15,5,-15,5,-15,4,-15,4,-15,3,0,0,0,0,0,0,0,0,0,0,0,0,0,0,0,0,0,0,0,0,0,0,-10,1,-10,0,-11,-1,-12,-1,-12,-2,-13,-3,-13,-3,-12,-4,-12,-4,-12,-5,-12,-6,-12,-5,-11,-6,-11,-5,-11,-5,-11,-4,-11,-4,-12,-3,-12,-3,-12,-3,-13,-2,-13,-2,-13,-1,-13,-1,-14,-1,-14,-1]"
2025-08-18 21:58:37.772964,CSI_DATA,602,1a:00:00:00:00:00,-52,11,0,0,0,0,0,0,0,0,0,-94,0,1,0,102746446,0,42,0,128,0,"[0,0,-11,8,-11,8,-10,8,-10,9,-10,9,-10,9,-9,9,-9,10,-8,10,-8,10,-7,11,-7,11,-7,12,-6,12,-7,13,-7,13,-7,13,-7,14,-8,14,-8,13,-9,13,-9,13,-9,12,-10,12,-10,11,-11,11,0,0,0,0,0,0,0,0,0,0,0,0,0,0,0,0,0,0,0,0,0,0,-7,7,-8,7,-9,6,-9,6,-10,6,-11,6,-12,5,-12,5,-13,4,-12,3,-13,3,-12,3,-12,3,-12,3,-12,3,-12,3,-12,4,-11,4,-11,5,-11,5,-11,6,-11,6,-11,7,-11,7,-11,7,-11,8]"
2025-08-18 21:58:37.838261,CSI_DATA,603,1a:00:00:00:00:00,-52,11,0,0,0,0,0,0,0,0,0,-94,0,1,0,102811556,0,31,0,128,0,"[0,0,12,-6,12,-6,12,-6,12,-6,11,-7,11,-7,11,-8,10,-8,10,-9,10,-9,9,-10,9,-10,9,-10,9,-11,9,-12,9,-12,9,-12,10,-13,10,-13,11,-12,11,-12,11,-11,11,-11,12,-10,12,-10,13,-9,0,0,0,0,0,0,0,0,0,0,0,0,0,0,0,0,0,0,0,0,0,0,8,-6,9,-6,9,-5,10,-4,11,-4,12,-3,12,-3,12,-2,12,-1,12,-1,12,0,12,0,12,0,11,-1,11,-1,11,-1,11,-2,11,-2,11,-2,12,-3,12,-3,12,-4,12,-4,12,-5,12,-5,13,-6]"
2025-08-18 21:58:38.039867,CSI_DATA,604,1a:00:00:00:00:00,-52,11,0,0,0,0,0,0,0,0,0,-94,0,1,0,103012632,0,31,0,128,0,"[0,0,12,-6,11,-7,11,-7,11,-7,11,-8,10,-8,10,-8,10,-9,9,-9,9,-10,9,-10,8,-11,8,-11,8,-12,8,-12,9,-13,9,-13,9,-13,10,-13,10,-13,10,-13,10,-12,10,-11,11,-11,11,-10,12,-10,0,0,0,0,0,0,0,0,0,0,0,0,0,0,0,0,0,0,0,0,0,0,7,-6,8,-6,9,-6,10,-5,11,-4,11,-4,12,-3,12,-3,12,-2,12,-2,12,-1,12,-1,12,-1,11,-1,11,-2,11,-2,11,-2,11,-3,11,-3,11,-4,11,-4,11,-5,11,-6,12,-6,12,-6,12,-6]"
2025-08-18 21:58:38.246522,CSI_DATA,605,1a:00:00:00:00:00,-52,11,0,0,0,0,0,0,0,0,0,-94,0,1,0,103213961,0,31,0,128,0,"[0,0,-9,-11,-9,-11,-9,-11,-9,-11,-10,-10,-10,-10,-10,-9,-11,-9,-11,-8,-12,-8,-12,-8,-12,-7,-13,-7,-14,-7,-13,-7,-14,-7,-14,-7,-15,-8,-15,-8,-15,-8,-14,-9,-14,-9,-14,-10,-13,-10,-12,-10,-12,-11,0,0,0,0,0,0,0,0,0,0,0,0,0,0,0,0,0,0,0,0,0,0,-7,-7,-8,-8,-7,-9,-7,-10,-7,-10,-6,-12,-5,-12,-5,-12,-4,-13,-4,-13,-4,-13,-3,-13,-3,-12,-4,-12,-4,-12,-4,-12,-5,-12,-5,-11,-6,-12,-6,-12,-7,-11,-7,-12,-8,-11,-8,-11,-8,-12,-8,-11]"
2025-08-18 21:58:38.439530,CSI_DATA,606,1a:00:00:00:00:00,-52,11,0,0,0,0,0,0,0,0,0,-94,0,1,0,103415126,0,31,0,128,0,"[0,0,7,-11,7,-12,6,-11,6,-12,6,-12,5,-12,5,-12,4,-13,4,-13,3,-13,3,-13,2,-14,2,-14,2,-14,2,-14,2,-15,2,-15,2,-16,3,-16,3,-16,4,-16,4,-16,4,-15,5,-15,5,-14,6,-14,0,0,0,0,0,0,0,0,0,0,0,0,0,0,0,0,0,0,0,0,0,0,3,-9,4,-10,5,-10,6,-9,7,-9,8,-9,9,-9,9,-9,10,-8,10,-8,10,-7,10,-7,9,-7,9,-7,9,-7,9,-7,9,-8,8,-8,8,-9,8,-9,8,-9,8,-10,8,-10,7,-11,7,-11,7,-11]"
2025-08-18 21:58:38.641975,CSI_DATA,607,1a:00:00:00:00:00,-52,11,0,0,0,0,0,0,0,0,0,-94,0,1,0,103616328,0,31,0,128,0,"[0,0,13,-3,13,-1,13,-3,12,-5,14,-5,12,-5,11,-6,11,-6,11,-6,11,-7,11,-8,10,-9,11,-9,11,-10,11,-10,11,-10,11,-10,12,-11,12,-11,13,-10,13,-10,13,-9,13,-8,13,-8,13,-8,14,-7,0,0,0,0,0,0,0,0,0,0,0,0,0,0,0,0,0,0,0,0,0,0,8,-4,9,-4,10,-3,11,-2,11,-2,12,-1,12,0,12,0,12,1,12,2,12,2,12,2,11,2,11,2,11,1,11,1,12,1,11,0,12,0,12,-1,12,-1,12,-2,12,-2,13,-3,13,-3,13,-4]"
2025-08-18 21:58:38.844637,CSI_DATA,608,1a:00:00:00:00:00,-52,11,0,0,0,0,0,0,0,0,0,-94,0,1,0,103817430,0,31,0,128,0,"[0,0,-12,6,-11,6,-11,6,-11,7,-11,7,-10,7,-10,8,-9,8,-9,8,-9,9,-9,9,-8,10,-8,10,-8,11,-8,11,-8,11,-8,12,-9,12,-9,12,-10,12,-10,12,-10,11,-11,11,-11,10,-11,10,-12,9,0,0,0,0,0,0,0,0,0,0,0,0,0,0,0,0,0,0,0,0,0,0,-8,6,-8,5,-9,5,-10,4,-11,4,-11,4,-12,3,-12,2,-12,2,-13,0,-10,0,-13,1,-12,0,-12,1,-12,1,-12,2,-11,2,-11,3,-11,3,-12,3,-11,4,-12,5,-12,5,-11,5,-12,5,-11,6]"
2025-08-18 21:58:39.061017,CSI_DATA,609,1a:00:00:00:00:00,-52,11,0,0,0,0,0,0,0,0,0,-94,0,1,0,104018600,0,31,0,128,0,"[0,0,-14,5,-13,5,-12,5,-13,6,-12,6,-12,6,-12,7,-11,7,-10,8,-10,9,-10,9,-9,10,-9,10,-10,11,-10,11,-9,11,-10,11,-10,12,-11,12,-11,12,-12,11,-12,11,-12,11,-12,10,-13,9,-13,9,0,0,0,0,0,0,0,0,0,0,0,0,0,0,0,0,0,0,0,0,0,0,-9,5,-10,4,-11,3,-11,3,-12,2,-13,2,-13,1,-13,0,-14,0,-13,-1,-13,-1,-13,-1,-13,-1,-13,-1,-12,-1,-12,0,-13,0,-12,1,-12,1,-12,2,-13,2,-13,3,-13,4,-13,4,-13,4,-13,5]"
2025-08-18 21:58:39.252915,CSI_DATA,610,1a:00:00:00:00:00,-52,11,0,0,0,0,0,0,0,0,0,-94,0,1,0,104219748,0,31,0,128,0,"[0,0,-6,-13,-6,-12,-7,-12,-7,-12,-7,-12,-7,-12,-8,-11,-8,-11,-9,-10,-9,-10,-9,-10,-10,-10,-11,-10,-11,-10,-12,-9,-12,-9,-12,-10,-12,-10,-12,-11,-12,-11,-12,-11,-11,-12,-10,-12,-10,-13,-9,-13,-9,-13,0,0,0,0,0,0,0,0,0,0,0,0,0,0,0,0,0,0,0,0,0,0,-6,-8,-6,-9,-5,-10,-5,-11,-5,-11,-4,-12,-3,-13,-2,-13,-2,-13,-1,-13,-1,-13,-1,-13,-1,-13,-1,-13,-1,-12,-2,-12,-2,-12,-2,-12,-3,-12,-4,-12,-4,-12,-5,-12,-5,-12,-5,-13,-5,-13,-6,-12]"
2025-08-18 21:58:39.314325,CSI_DATA,611,1a:00:00:00:00:00,-52,11,0,0,0,0,0,0,0,0,0,-94,0,1,0,104282814,0,42,0,128,0,"[0,0,-9,-10,-9,-10,-9,-10,-10,-10,-10,-9,-10,-9,-11,-9,-11,-8,-11,-7,-12,-7,-12,-7,-12,-7,-13,-7,-13,-6,-14,-6,-14,-6,-15,-7,-14,-7,-15,-7,-15,-7,-14,-8,-14,-8,-14,-9,-13,-9,-12,-10,-12,-10,0,0,0,0,0,0,0,0,0,0,0,0,0,0,0,0,0,0,0,0,0,0,-8,-6,-8,-7,-8,-8,-7,-9,-7,-10,-7,-11,-6,-12,-6,-12,-5,-12,-4,-12,-4,-12,-4,-12,-4,-12,-4,-12,-4,-12,-5,-11,-5,-11,-6,-11,-6,-11,-7,-11,-7,-11,-7,-11,-8,-11,-8,-11,-8,-11,-9,-11]"
2025-08-18 21:58:39.373119,CSI_DATA,612,1a:00:00:00:00:00,-52,11,0,0,0,0,0,0,0,0,0,-94,0,1,0,104347461,0,31,0,128,0,"[0,0,11,-7,11,-7,11,-8,10,-8,10,-9,10,-8,9,-9,9,-9,9,-9,8,-10,8,-11,7,-11,7,-12,7,-12,7,-12,8,-13,7,-13,8,-13,9,-13,9,-13,10,-13,10,-12,10,-12,10,-12,11,-11,11,-10,0,0,0,0,0,0,0,0,0,0,0,0,0,0,0,0,0,0,0,0,0,0,7,-7,8,-7,8,-6,9,-6,10,-5,11,-5,11,-4,12,-3,12,-3,12,-2,12,-2,12,-2,11,-2,11,-2,11,-2,11,-3,11,-3,11,-4,10,-4,11,-4,11,-5,11,-5,11,-6,11,-6,11,-6,11,-7]"
2025-08-18 21:58:39.570180,CSI_DATA,613,1a:00:00:00:00:00,-52,11,0,0,0,0,0,0,0,0,0,-94,0,1,0,104548562,0,31,0,128,0,"[0,0,6,12,6,11,6,11,7,11,7,11,7,11,8,10,8,10,8,9,9,9,9,8,10,8,10,8,11,8,11,8,11,8,12,9,12,9,12,9,12,9,11,10,11,11,11,11,10,11,10,11,9,12,0,0,0,0,0,0,0,0,0,0,0,0,0,0,0,0,0,0,0,0,0,0,5,7,5,8,5,9,4,10,4,11,3,11,2,12,2,12,1,12,1,12,0,12,0,12,0,12,0,12,1,12,1,11,1,11,2,11,2,11,3,11,3,11,4,11,4,12,5,12,5,12,5,12]"
2025-08-18 21:58:39.772978,CSI_DATA,614,1a:00:00:00:00:00,-52,11,0,0,0,0,0,0,0,0,0,-94,0,1,0,104749703,0,31,0,128,0,"[0,0,13,0,12,0,12,-1,12,-1,12,-1,12,-1,12,-2,12,-2,12,-3,11,-4,12,-4,12,-5,12,-5,12,-6,12,-6,13,-6,13,-6,14,-6,14,-6,14,-6,14,-5,14,-4,14,-3,14,-3,14,-2,14,-2,0,0,0,0,0,0,0,0,0,0,0,0,0,0,0,0,0,0,0,0,0,0,8,-2,9,-2,10,-1,10,0,11,1,11,2,11,3,11,3,11,4,10,5,11,5,10,5,10,5,10,4,10,4,10,3,10,3,10,2,11,3,11,2,11,2,11,1,12,1,12,1,12,1,13,0]"
2025-08-18 21:58:39.975103,CSI_DATA,615,1a:00:00:00:00:00,-52,11,0,0,0,0,0,0,0,0,0,-94,0,1,0,104950856,0,31,0,128,0,"[0,0,-2,13,-1,13,-1,13,-1,13,0,13,1,12,1,12,2,13,2,12,3,12,3,12,4,12,4,12,5,12,5,12,5,13,5,13,5,14,5,14,5,14,4,14,4,15,3,14,2,15,2,14,1,14,0,0,0,0,0,0,0,0,0,0,0,0,0,0,0,0,0,0,0,0,0,0,0,9,0,10,-1,10,-2,11,-3,11,-4,11,-5,11,-5,11,-6,11,-6,11,-7,10,-7,10,-6,10,-6,10,-6,10,-6,10,-5,10,-4,10,-4,11,-3,11,-3,11,-3,12,-2,12,-2,12,-2,13,-2,13]"
2025-08-18 21:58:40.172330,CSI_DATA,616,1a:00:00:00:00:00,-52,11,0,0,0,0,0,0,0,0,0,-94,0,1,0,105152026,0,31,0,128,0,"[0,0,6,11,6,10,7,10,7,9,8,10,7,9,8,9,8,9,9,8,9,7,9,7,10,7,10,7,11,7,11,7,12,7,12,7,12,8,12,8,12,8,11,9,11,9,11,10,10,10,10,10,9,11,0,0,0,0,0,0,0,0,0,0,0,0,0,0,0,0,0,0,0,0,0,0,6,6,6,7,5,8,5,9,5,9,4,10,4,11,3,11,2,11,2,11,2,11,2,11,2,11,2,11,2,11,2,10,2,10,3,10,3,10,4,10,4,10,5,11,5,10,5,11,6,11,6,11]"
2025-08-18 21:58:40.381608,CSI_DATA,617,1a:00:00:00:00:00,-52,11,0,0,0,0,0,0,0,0,0,-94,0,1,0,105353267,0,31,0,128,0,"[0,0,3,-13,3,-13,3,-14,2,-13,2,-14,1,-13,1,-13,0,-13,0,-13,-1,-13,-2,-13,-3,-14,-3,-14,-3,-14,-3,-14,-4,-15,-4,-15,-4,-16,-3,-16,-3,-16,-2,-16,-2,-16,-2,-16,-1,-16,-1,-16,0,-16,0,0,0,0,0,0,0,0,0,0,0,0,0,0,0,0,0,0,0,0,0,0,1,-10,2,-11,3,-10,3,-11,4,-11,6,-11,6,-11,7,-11,7,-10,7,-10,8,-10,8,-10,7,-10,7,-10,7,-10,6,-9,6,-10,5,-10,5,-11,5,-11,5,-11,5,-12,4,-12,4,-13,4,-13,4,-13]"
2025-08-18 21:58:40.590560,CSI_DATA,618,1a:00:00:00:00:00,-52,11,0,0,0,0,0,0,0,0,0,-94,0,1,0,105554604,0,31,0,128,0,"[0,0,-7,-12,-8,-12,-7,-12,-8,-12,-8,-11,-9,-11,-9,-10,-9,-10,-10,-9,-10,-9,-10,-9,-11,-9,-11,-9,-12,-8,-13,-8,-12,-8,-13,-9,-13,-9,-13,-9,-13,-10,-13,-10,-13,-10,-12,-11,-11,-11,-10,-12,-10,-12,0,0,0,0,0,0,0,0,0,0,0,0,0,0,0,0,0,0,0,0,0,0,-6,-8,-6,-9,-6,-10,-5,-10,-5,-12,-4,-12,-4,-13,-3,-13,-3,-13,-2,-13,-1,-13,-1,-13,-1,-13,-1,-12,-2,-12,-2,-12,-3,-12,-3,-12,-4,-12,-4,-12,-5,-12,-6,-12,-6,-12,-6,-12,-6,-12,-6,-12]"
2025-08-18 21:58:40.781883,CSI_DATA,619,1a:00:00:00:00:00,-52,11,0,0,0,0,0,0,0,0,0,-94,0,1,0,105755664,0,31,0,128,0,"[0,0,-10,9,-10,10,-9,9,-10,10,-9,10,-8,10,-7,11,-7,11,-6,11,-7,12,-6,12,-5,12,-5,12,-5,12,-5,14,-4,13,-5,15,-5,14,-6,15,-6,15,-6,14,-6,14,-8,14,-8,14,-9,13,-9,12,0,0,0,0,0,0,0,0,0,0,0,0,0,0,0,0,0,0,0,0,0,0,-6,9,-7,4,-8,10,-5,11,-2,10,-7,6,-14,8,-17,9,-11,5,-13,5,-13,3,-12,4,-12,4,-11,4,-11,4,-12,5,-11,5,-11,6,-11,6,-11,7,-10,7,-10,8,-11,8,-11,8,-11,8,-10,9]"
2025-08-18 21:58:40.849989,CSI_DATA,620,1a:00:00:00:00:00,-52,11,0,0,0,0,0,0,0,0,0,-94,0,1,0,105818401,0,42,0,128,0,"[0,0,-7,-12,-8,-12,-8,-11,-8,-11,-9,-11,-9,-11,-9,-10,-9,-10,-10,-9,-10,-9,-10,-9,-11,-8,-11,-8,-12,-8,-12,-8,-13,-8,-13,-9,-13,-9,-13,-9,-13,-10,-13,-10,-12,-11,-12,-11,-12,-11,-11,-11,-10,-12,0,0,0,0,0,0,0,0,0,0,0,0,0,0,0,0,0,0,0,0,0,0,-6,-7,-6,-8,-6,-10,-6,-10,-5,-11,-5,-12,-4,-12,-3,-13,-3,-13,-2,-13,-2,-13,-2,-13,-2,-13,-2,-12,-2,-12,-3,-12,-3,-12,-4,-12,-4,-12,-5,-12,-5,-12,-5,-12,-6,-12,-6,-12,-7,-12,-7,-12]"
2025-08-18 21:58:40.918906,CSI_DATA,621,1a:00:00:00:00:00,-52,11,0,0,0,0,0,0,0,0,0,-94,0,1,0,105883661,0,31,0,128,0,"[0,0,-13,6,-12,6,-12,6,-12,7,-11,7,-11,7,-11,7,-10,8,-10,8,-10,9,-9,9,-9,10,-9,10,-9,11,-9,11,-9,11,-9,12,-10,12,-10,12,-10,12,-11,11,-11,11,-11,10,-12,10,-12,9,-13,9,0,0,0,0,0,0,0,0,0,0,0,0,0,0,0,0,0,0,0,0,0,0,-8,6,-9,5,-10,5,-10,4,-11,4,-12,3,-12,3,-13,2,-13,2,-13,1,-13,1,-13,0,-12,0,-12,1,-12,1,-12,1,-12,2,-12,2,-12,2,-12,3,-12,3,-12,4,-12,5,-12,5,-12,5,-12,6]"
2025-08-18 21:58:41.112833,CSI_DATA,622,1a:00:00:00:00:00,-52,11,0,0,0,0,0,0,0,0,0,-94,0,1,0,106084745,0,31,0,128,0,"[0,0,-13,3,-12,3,-13,4,-12,4,-12,5,-12,5,-12,5,-11,6,-11,6,-10,7,-10,7,-10,8,-10,8,-10,9,-10,9,-10,10,-10,9,-11,10,-12,10,-12,10,-12,9,-12,9,-12,8,-13,8,-13,7,-13,7,0,0,0,0,0,0,0,0,0,0,0,0,0,0,0,0,0,0,0,0,0,0,-9,3,-10,3,-10,2,-11,2,-11,1,-12,0,-13,0,-13,-1,-13,-1,-12,-2,-12,-2,-12,-2,-12,-2,-12,-2,-12,-2,-12,-1,-12,-1,-12,0,-12,0,-12,1,-12,1,-12,1,-12,2,-13,2,-13,2,-13,3]"
2025-08-18 21:58:41.312397,CSI_DATA,623,1a:00:00:00:00:00,-52,11,0,0,0,0,0,0,0,0,0,-94,0,1,0,106285870,0,31,0,128,0,"[0,0,4,-13,3,-13,3,-12,3,-13,2,-13,2,-13,2,-13,1,-13,1,-13,0,-13,-1,-13,-2,-13,-2,-13,-2,-14,-2,-14,-3,-14,-3,-15,-2,-15,-2,-15,-1,-16,-1,-16,-1,-16,0,-15,0,-15,1,-15,2,-15,0,0,0,0,0,0,0,0,0,0,0,0,0,0,0,0,0,0,0,0,0,0,1,-9,2,-10,3,-10,4,-10,4,-10,6,-10,7,-10,7,-10,8,-10,7,-9,8,-9,8,-9,7,-9,7,-9,7,-9,7,-9,6,-9,6,-10,6,-10,5,-11,5,-10,5,-11,5,-12,4,-12,4,-12,5,-12]"
2025-08-18 21:58:41.510708,CSI_DATA,624,1a:00:00:00:00:00,-52,11,0,0,0,0,0,0,0,0,0,-94,0,1,0,106487118,0,31,0,128,0,"[0,0,12,-1,12,-2,12,-2,12,-3,12,-3,12,-3,12,-3,11,-4,11,-4,11,-5,11,-6,11,-6,11,-7,11,-7,11,-8,12,-8,12,-8,12,-8,13,-8,13,-8,13,-8,13,-7,13,-6,13,-6,14,-5,14,-4,0,0,0,0,0,0,0,0,0,0,0,0,0,0,0,0,0,0,0,0,0,0,8,-2,9,-2,10,-1,10,0,11,0,11,1,11,2,11,3,11,3,11,4,11,4,11,4,10,4,10,3,10,3,10,3,10,2,10,2,11,2,11,1,11,1,11,0,12,0,12,0,12,-1,13,-1]"
2025-08-18 21:58:41.716233,CSI_DATA,625,1a:00:00:00:00:00,-52,11,0,0,0,0,0,0,0,0,0,-94,0,1,0,106688462,0,31,0,128,0,"[0,0,-14,1,-14,2,-14,2,-14,2,-13,3,-13,3,-13,3,-13,4,-13,5,-13,5,-13,6,-12,6,-12,7,-12,7,-13,9,-12,8,-14,8,-13,8,-14,8,-14,8,-15,8,-15,7,-15,6,-15,5,-15,5,-15,4,0,0,0,0,0,0,0,0,0,0,0,0,0,0,0,0,0,0,0,0,0,0,-10,2,-10,1,-12,1,-12,0,-13,-1,-12,-1,-13,-2,-13,-3,-13,-3,-13,-5,-13,-4,-12,-5,-12,-5,-12,-5,-12,-4,-12,-3,-12,-3,-13,-2,-12,-2,-13,-2,-13,-1,-13,-1,-14,0,-14,0,-14,0,-14,1]"
2025-08-18 21:58:41.913151,CSI_DATA,626,1a:00:00:00:00:00,-52,11,0,0,0,0,0,0,0,0,0,-94,0,1,0,106889513,0,31,0,128,0,"[0,0,13,1,13,1,13,1,13,0,13,0,13,-1,13,-1,13,-2,13,-3,13,-3,13,-4,12,-4,13,-4,13,-5,13,-5,14,-6,14,-5,14,-5,15,-6,15,-5,15,-5,15,-4,15,-3,15,-2,15,-2,15,-1,0,0,0,0,0,0,0,0,0,0,0,0,0,0,0,0,0,0,0,0,0,0,9,-2,10,-1,10,0,11,1,11,2,11,3,12,4,11,4,11,5,11,6,11,6,10,6,10,6,10,5,10,5,10,4,10,4,11,4,11,4,11,3,12,3,12,2,12,2,13,2,13,2,13,1]"
2025-08-18 21:58:42.130653,CSI_DATA,627,1a:00:00:00:00:00,-52,11,0,0,0,0,0,0,0,0,0,-94,0,1,0,107090697,0,31,0,128,0,"[0,0,-12,8,-11,8,-10,8,-10,9,-10,9,-10,10,-9,10,-9,10,-8,10,-8,11,-7,11,-7,11,-7,12,-6,12,-6,13,-6,13,-6,14,-7,14,-7,14,-8,14,-8,14,-8,14,-9,13,-10,12,-10,12,-11,11,0,0,0,0,0,0,0,0,0,0,0,0,0,0,0,0,0,0,0,0,0,0,-7,7,-8,7,-9,6,-10,6,-11,6,-12,5,-12,5,-12,4,-13,4,-13,3,-13,2,-13,2,-12,2,-12,3,-12,3,-12,3,-12,4,-11,4,-11,5,-11,5,-11,6,-11,6,-11,7,-11,7,-11,7,-11,8]"
2025-08-18 21:58:42.318622,CSI_DATA,628,1a:00:00:00:00:00,-52,11,0,0,0,0,0,0,0,0,0,-94,0,1,0,107291844,0,31,0,128,0,"[0,0,12,-6,12,-7,11,-6,12,-7,11,-7,11,-8,10,-8,10,-9,10,-9,9,-10,9,-10,9,-11,8,-11,8,-12,9,-12,9,-12,9,-13,9,-13,10,-13,10,-13,11,-12,11,-12,11,-11,11,-11,12,-10,12,-9,0,0,0,0,0,0,0,0,0,0,0,0,0,0,0,0,0,0,0,0,0,0,8,-6,9,-5,9,-5,10,-4,11,-4,12,-4,12,-3,12,-2,12,-2,12,-1,13,-1,12,0,12,0,11,-1,11,-1,11,-1,11,-2,12,-2,11,-3,12,-3,11,-4,11,-4,12,-5,12,-5,12,-6,12,-6]"
2025-08-18 21:58:42.380394,CSI_DATA,629,1a:00:00:00:00:00,-52,11,0,0,0,0,0,0,0,0,0,-94,0,1,0,107354446,0,42,0,128,0,"[0,0,8,-10,8,-11,7,-11,8,-12,7,-12,6,-12,6,-12,5,-12,5,-12,5,-13,4,-13,3,-13,3,-14,3,-14,3,-15,3,-15,3,-16,3,-16,3,-16,4,-16,4,-16,4,-15,5,-16,6,-15,6,-14,7,-14,0,0,0,0,0,0,0,0,0,0,0,0,0,0,0,0,0,0,0,0,0,0,5,-9,6,-8,7,-9,7,-8,9,-8,9,-8,10,-8,11,-7,11,-6,11,-6,11,-6,11,-5,11,-5,10,-6,10,-6,10,-6,9,-6,10,-7,9,-8,9,-8,9,-8,9,-9,9,-10,9,-10,9,-10,9,-10]"
2025-08-18 21:58:42.462516,CSI_DATA,630,1a:00:00:00:00:00,-52,11,0,0,0,0,0,0,0,0,0,-94,0,1,0,107419066,0,31,0,128,0,"[0,0,-3,-11,-4,-13,-4,-13,-4,-12,-5,-12,-5,-12,-6,-12,-6,-11,-7,-11,-7,-11,-7,-11,-8,-11,-8,-11,-9,-11,-9,-10,-10,-11,-10,-11,-10,-11,-10,-12,-10,-12,-10,-12,-9,-13,-8,-13,-8,-13,-7,-13,-6,-13,0,0,0,0,0,0,0,0,0,0,0,0,0,0,0,0,0,0,0,0,0,0,-4,-9,-4,-9,-3,-10,-3,-11,-2,-11,-1,-12,-1,-12,0,-12,0,-12,1,-12,1,-12,2,-12,1,-12,1,-11,1,-11,1,-11,0,-11,0,-11,-1,-12,-2,-12,-2,-12,-2,-12,-3,-12,-3,-13,-3,-12,-3,-13]"
2025-08-18 21:58:42.663564,CSI_DATA,631,1a:00:00:00:00:00,-52,11,0,0,0,0,0,0,0,0,0,-94,0,1,0,107620669,0,31,0,128,0,"[0,0,-14,-2,-14,-2,-13,-2,-14,-1,-14,-1,-13,-1,-13,0,-13,0,-13,1,-13,2,-13,2,-13,3,-13,3,-13,3,-14,4,-14,4,-15,4,-15,4,-16,3,-16,3,-16,3,-16,2,-16,2,-16,1,-15,0,-16,0,0,0,0,0,0,0,0,0,0,0,0,0,0,0,0,0,0,0,0,0,0,0,-11,2,-13,0,-12,-4,-18,1,-5,1,-14,-4,-14,-6,-12,-5,-12,-6,-12,-6,-12,-6,-11,-6,-11,-6,-11,-6,-11,-6,-11,-6,-11,-5,-12,-5,-11,-4,-12,-4,-12,-4,-12,-4,-13,-3,-13,-3,-13,-2,-13,-2]"
2025-08-18 21:58:42.844651,CSI_DATA,632,1a:00:00:00:00:00,-52,11,0,0,0,0,0,0,0,0,0,-94,0,1,0,107821827,0,31,0,128,0,"[0,0,2,13,2,13,2,13,3,12,4,13,4,12,5,12,5,11,6,11,6,11,6,11,7,11,7,11,8,11,8,11,9,11,9,12,9,12,9,12,9,12,9,13,8,13,7,13,7,14,6,14,5,14,0,0,0,0,0,0,0,0,0,0,0,0,0,0,0,0,0,0,0,0,0,0,2,9,2,10,1,10,1,11,0,11,-1,12,-1,12,-2,12,-3,12,-3,12,-4,12,-4,11,-4,12,-3,11,-3,12,-3,11,-2,11,-2,11,-1,12,0,12,0,12,0,12,0,12,1,13,1,13,1,13]"
2025-08-18 21:58:43.049499,CSI_DATA,633,1a:00:00:00:00:00,-52,11,0,0,0,0,0,0,0,0,0,-94,0,1,0,108022939,0,31,0,128,0,"[0,0,12,-8,11,-7,11,-8,10,-8,10,-9,10,-9,9,-9,9,-10,8,-10,7,-11,7,-12,7,-12,6,-13,6,-13,7,-13,7,-14,6,-14,7,-15,7,-15,8,-15,8,-14,8,-14,8,-13,8,-13,9,-13,10,-12,0,0,0,0,0,0,0,0,0,0,0,0,0,0,0,0,0,0,0,0,0,0,7,-9,8,-6,10,-7,10,-4,11,-4,12,-4,12,-3,12,-2,13,-1,12,-1,12,-1,12,-1,12,-1,12,-2,12,-2,11,-2,11,-2,11,-3,11,-4,11,-4,11,-5,11,-5,11,-6,11,-7,11,-7,12,-7]"
2025-08-18 21:58:43.254940,CSI_DATA,634,1a:00:00:00:00:00,-52,11,0,0,0,0,0,0,0,0,0,-94,0,1,0,108224108,0,31,0,128,0,"[0,0,-3,-14,-4,-14,-4,-13,-4,-13,-5,-13,-5,-13,-5,-13,-6,-12,-6,-12,-7,-12,-7,-11,-8,-12,-8,-11,-9,-11,-9,-12,-10,-12,-10,-12,-10,-13,-10,-13,-9,-13,-9,-13,-9,-14,-8,-14,-7,-14,-7,-14,-6,-14,0,0,0,0,0,0,0,0,0,0,0,0,0,0,0,0,0,0,0,0,0,0,-4,-9,-3,-10,-3,-11,-2,-11,-1,-12,0,-12,0,-13,1,-13,2,-13,2,-13,2,-12,3,-12,2,-12,2,-12,2,-12,2,-12,1,-12,0,-12,0,-12,-1,-13,-1,-13,-1,-13,-2,-13,-2,-13,-2,-13,-2,-14]"
2025-08-18 21:58:43.453446,CSI_DATA,635,1a:00:00:00:00:00,-52,11,0,0,0,0,0,0,0,0,0,-94,0,1,0,108425336,0,31,0,128,0,"[0,0,2,-14,1,-14,1,-14,1,-14,0,-14,0,-14,-1,-14,-1,-14,-2,-14,-2,-13,-3,-14,-3,-14,-4,-14,-4,-14,-4,-14,-5,-15,-5,-15,-4,-16,-4,-16,-4,-16,-3,-16,-3,-16,-2,-16,-2,-17,-1,-16,0,-16,0,0,0,0,0,0,0,0,0,0,0,0,0,0,0,0,0,0,0,0,0,0,-1,-10,0,-11,1,-11,2,-12,2,-12,4,-12,4,-12,5,-12,6,-12,6,-12,6,-11,7,-11,6,-11,6,-11,6,-11,5,-11,5,-11,4,-11,4,-12,4,-12,3,-12,3,-13,3,-13,3,-14,2,-14,2,-14]"
2025-08-18 21:58:43.656172,CSI_DATA,636,1a:00:00:00:00:00,-52,11,0,0,0,0,0,0,0,0,0,-94,0,1,0,108626481,0,31,0,128,0,"[0,0,7,11,7,11,7,11,7,10,8,10,8,10,9,9,9,9,9,8,10,8,10,8,11,7,11,7,12,7,12,7,12,7,13,8,13,8,13,8,13,8,12,9,12,9,12,10,11,10,11,10,10,11,0,0,0,0,0,0,0,0,0,0,0,0,0,0,0,0,0,0,0,0,0,0,6,7,6,8,5,9,5,10,5,10,4,11,3,12,3,12,2,12,2,12,1,12,1,12,1,12,1,12,2,11,2,11,2,11,3,11,3,11,4,11,4,11,5,11,5,11,6,12,6,11,7,11]"
2025-08-18 21:58:43.850586,CSI_DATA,637,1a:00:00:00:00:00,-52,11,0,0,0,0,0,0,0,0,0,-94,0,1,0,108827777,0,31,0,128,0,"[0,0,0,13,1,13,1,13,2,13,2,13,2,13,3,13,3,12,3,12,5,12,5,12,6,12,6,12,6,12,7,12,7,12,7,13,7,13,7,14,7,14,6,14,6,14,5,15,5,15,4,14,3,14,0,0,0,0,0,0,0,0,0,0,0,0,0,0,0,0,0,0,0,0,0,0,2,9,1,9,1,10,0,11,0,12,-1,12,-3,12,-3,12,-4,12,-4,12,-4,12,-5,11,-4,11,-4,11,-4,11,-4,11,-3,11,-3,11,-2,11,-2,12,-1,12,-1,12,-1,13,0,13,0,13,0,13]"
2025-08-18 21:58:43.915866,CSI_DATA,638,1a:00:00:00:00:00,-52,11,0,0,0,0,0,0,0,0,0,-94,0,1,0,108890399,0,42,0,128,0,"[0,0,-11,9,-10,9,-9,9,-9,10,-9,10,-8,10,-8,10,-7,11,-7,11,-6,11,-6,12,-6,12,-5,12,-5,13,-5,13,-5,14,-5,14,-6,14,-6,15,-6,15,-7,14,-7,14,-7,13,-8,13,-9,13,-9,12,0,0,0,0,0,0,0,0,0,0,0,0,0,0,0,0,0,0,0,0,0,0,-6,7,-7,7,-8,7,-9,7,-10,7,-11,7,-12,6,-12,5,-12,5,-12,5,-12,4,-12,4,-12,4,-11,4,-11,4,-11,4,-11,5,-11,5,-11,6,-11,6,-10,7,-10,7,-11,8,-10,8,-10,9,-10,9]"
2025-08-18 21:58:43.987318,CSI_DATA,639,1a:00:00:00:00:00,-52,11,0,0,0,0,0,0,0,0,0,-94,0,1,0,108955224,0,31,0,128,0,"[0,0,13,3,12,3,12,2,13,2,13,1,12,1,13,0,13,0,12,-1,13,-2,13,-2,13,-2,13,-3,13,-3,14,-4,14,-4,14,-4,15,-4,15,-4,16,-3,16,-3,15,-2,15,-1,15,-1,15,0,15,1,0,0,0,0,0,0,0,0,0,0,0,0,0,0,0,0,0,0,0,0,0,0,9,0,10,1,10,2,10,3,11,4,11,5,11,6,11,6,10,7,10,7,10,7,9,7,9,7,9,7,9,7,9,6,10,6,10,5,10,5,11,5,11,5,11,4,12,4,12,4,12,4,13,3]"
2025-08-18 21:58:44.186714,CSI_DATA,640,1a:00:00:00:00:00,-52,11,0,0,0,0,0,0,0,0,0,-94,0,1,0,109156525,0,31,0,128,0,"[0,0,-1,-14,-1,-14,-1,-14,-2,-14,-3,-14,-3,-13,-3,-13,-3,-13,-4,-13,-5,-13,-5,-12,-6,-13,-7,-13,-7,-13,-7,-13,-7,-13,-7,-14,-7,-14,-7,-15,-7,-15,-6,-15,-6,-15,-5,-15,-5,-15,-4,-15,-3,-15,0,0,0,0,0,0,0,0,0,0,0,0,0,0,0,0,0,0,0,0,0,0,-3,-9,-2,-10,-1,-11,-1,-12,0,-12,1,-12,2,-13,3,-13,3,-12,3,-12,4,-12,4,-12,4,-12,3,-12,3,-12,3,-12,3,-11,2,-12,1,-12,1,-12,1,-13,1,-13,0,-13,-1,-13,-1,-13,-1,-14]"
2025-08-18 21:58:44.378778,CSI_DATA,641,1a:00:00:00:00:00,-52,11,0,0,0,0,0,0,0,0,0,-94,0,1,0,109357505,0,31,0,128,0,"[0,0,6,11,6,11,7,11,7,11,7,11,7,11,8,10,8,10,8,9,9,9,9,8,10,8,11,8,11,8,11,8,12,8,12,8,12,9,12,9,12,10,11,10,11,11,10,11,10,11,9,12,9,12,0,0,0,0,0,0,0,0,0,0,0,0,0,0,0,0,0,0,0,0,0,0,6,7,6,8,5,9,5,10,5,10,4,11,3,12,3,12,2,12,1,12,1,12,1,12,1,12,2,12,2,12,1,11,2,11,3,10,3,11,3,11,4,11,4,11,5,11,6,12,6,11,6,12]"
2025-08-18 21:58:44.581068,CSI_DATA,642,1a:00:00:00:00:00,-52,11,0,0,0,0,0,0,0,0,0,-94,0,1,0,109558695,0,31,0,128,0,"[0,0,2,13,3,12,3,12,3,12,4,12,4,12,4,12,5,11,5,11,6,11,6,10,7,11,8,10,8,10,9,10,9,10,9,11,9,11,9,12,9,12,9,12,8,13,7,13,7,13,6,13,6,13,0,0,0,0,0,0,0,0,0,0,0,0,0,0,0,0,0,0,0,0,0,0,3,8,2,9,2,10,1,11,0,11,0,12,-1,12,-2,12,-3,12,-3,12,-3,12,-3,11,-3,11,-3,11,-3,11,-2,11,-2,11,-1,11,-1,11,0,11,0,12,0,12,1,12,2,12,2,13,2,13]"
2025-08-18 21:58:44.791862,CSI_DATA,643,1a:00:00:00:00:00,-52,11,0,0,0,0,0,0,0,0,0,-94,0,1,0,109759851,0,31,0,128,0,"[0,0,-9,-11,-9,-10,-9,-11,-9,-10,-10,-10,-10,-9,-10,-9,-11,-9,-11,-8,-11,-7,-12,-7,-12,-7,-13,-7,-13,-7,-13,-6,-14,-7,-14,-7,-15,-7,-14,-7,-14,-8,-14,-8,-14,-9,-13,-9,-13,-10,-13,-10,-12,-10,0,0,0,0,0,0,0,0,0,0,0,0,0,0,0,0,0,0,0,0,0,0,-8,-6,-8,-7,-8,-8,-8,-9,-7,-10,-7,-11,-6,-12,-6,-12,-5,-12,-4,-12,-4,-12,-4,-12,-4,-12,-4,-12,-4,-12,-5,-11,-5,-12,-5,-11,-6,-11,-6,-11,-7,-11,-7,-11,-8,-10,-8,-11,-8,-11,-9,-11]"
2025-08-18 21:58:44.988758,CSI_DATA,644,1a:00:00:00:00:00,-52,11,0,0,0,0,0,0,0,0,0,-94,0,1,0,109961187,0,31,0,128,0,"[0,0,-14,3,-14,2,-13,3,-14,3,-13,4,-13,4,-13,5,-12,5,-12,6,-12,6,-12,7,-12,7,-12,8,-11,8,-12,9,-12,9,-12,9,-13,9,-13,10,-14,9,-14,9,-14,8,-14,8,-14,7,-15,6,-15,5,0,0,0,0,0,0,0,0,0,0,0,0,0,0,0,0,0,0,0,0,0,0,-10,3,-10,2,-11,1,-12,1,-12,0,-13,0,-14,-1,-13,-1,-13,-2,-13,-3,-13,-3,-13,-4,-13,-3,-12,-3,-12,-3,-12,-2,-12,-2,-12,-1,-12,-1,-13,0,-13,0,-13,1,-14,1,-14,1,-14,1,-14,2]"
2025-08-18 21:58:45.403940,CSI_DATA,645,1a:00:00:00:00:00,-52,11,0,0,0,0,0,0,0,0,0,-94,0,1,0,110162312,0,31,0,128,0,"[0,0,11,7,11,7,11,6,11,6,11,5,11,5,11,5,12,4,12,3,12,3,12,2,12,2,13,2,13,2,14,1,14,1,15,1,14,2,15,2,15,2,15,3,15,4,14,4,14,4,14,5,13,6,0,0,0,0,0,0,0,0,0,0,0,0,0,0,0,0,0,0,0,0,0,0,8,3,8,4,9,5,9,6,9,7,8,8,8,8,8,9,7,9,7,10,6,10,6,10,6,10,6,9,6,9,6,9,7,8,7,8,8,8,8,8,9,8,9,8,10,7,10,7,10,8,11,7]"
2025-08-18 21:58:45.410380,CSI_DATA,646,1a:00:00:00:00:00,-52,11,0,0,0,0,0,0,0,0,0,-94,0,1,0,110363515,0,31,0,128,0,"[0,0,-13,5,-13,5,-13,6,-12,6,-12,6,-12,7,-11,7,-11,8,-10,8,-10,9,-10,9,-9,9,-9,10,-9,10,-10,11,-10,12,-10,12,-11,12,-11,12,-11,12,-12,11,-12,11,-12,10,-12,10,-13,9,-13,8,0,0,0,0,0,0,0,0,0,0,0,0,0,0,0,0,0,0,0,0,0,0,-8,5,-10,5,-10,4,-11,4,-12,3,-13,3,-13,2,-13,1,-13,1,-13,0,-13,0,-13,-1,-13,0,-13,0,-12,0,-12,1,-13,1,-12,2,-13,2,-13,3,-13,3,-12,3,-13,4,-13,4,-13,5,-13,5]"
2025-08-18 21:58:45.457181,CSI_DATA,647,1a:00:00:00:00:00,-52,11,0,0,0,0,0,0,0,0,0,-94,0,1,0,110426398,0,42,0,128,0,"[0,0,-12,-8,-13,-8,-12,-7,-12,-7,-13,-6,-13,-6,-13,-5,-13,-5,-13,-4,-13,-3,-14,-3,-14,-3,-14,-2,-15,-2,-15,-2,-15,-1,-16,-2,-16,-2,-17,-2,-16,-3,-16,-3,-16,-4,-16,-4,-16,-5,-15,-6,-15,-6,0,0,0,0,0,0,0,0,0,0,0,0,0,0,0,0,0,0,0,0,0,0,-9,-4,-10,-5,-10,-6,-10,-7,-10,-8,-10,-9,-9,-10,-9,-10,-9,-10,-8,-11,-8,-11,-8,-11,-8,-11,-8,-10,-8,-10,-8,-10,-8,-9,-9,-9,-9,-9,-10,-9,-10,-9,-10,-9,-11,-8,-11,-8,-12,-8,-12,-8]"
2025-08-18 21:58:45.521368,CSI_DATA,648,1a:00:00:00:00:00,-52,11,0,0,0,0,0,0,0,0,0,-94,0,1,0,110491908,0,31,0,128,0,"[0,0,-13,-4,-13,-4,-13,-4,-13,-3,-13,-3,-13,-2,-13,-2,-13,-1,-13,0,-13,0,-13,0,-13,1,-14,1,-14,2,-14,2,-14,2,-14,2,-15,2,-15,2,-15,2,-16,2,-15,1,-15,0,-15,0,-15,-1,-15,-2,0,0,0,0,0,0,0,0,0,0,0,0,0,0,0,0,0,0,0,0,0,0,-9,-2,-10,-2,-10,-4,-10,-4,-11,-5,-11,-6,-11,-7,-11,-7,-10,-8,-10,-8,-10,-8,-9,-8,-9,-8,-9,-8,-9,-7,-9,-7,-10,-7,-10,-6,-10,-6,-11,-6,-11,-6,-12,-5,-12,-5,-12,-5,-13,-5,-13,-5]"
2025-08-18 21:58:45.712959,CSI_DATA,649,1a:00:00:00:00:00,-52,11,0,0,0,0,0,0,0,0,0,-94,0,1,0,110692950,0,31,0,128,0,"[0,0,11,7,11,6,11,6,12,6,12,6,12,5,12,5,12,4,12,3,12,2,13,3,13,2,13,1,14,1,14,1,14,0,15,1,15,1,16,1,16,2,15,2,15,3,15,3,15,4,14,4,14,5,0,0,0,0,0,0,0,0,0,0,0,0,0,0,0,0,0,0,0,0,0,0,8,3,8,4,9,5,9,6,9,7,8,8,8,9,8,9,7,10,6,10,6,10,6,10,6,10,6,10,6,9,7,9,7,9,7,8,8,8,8,8,9,8,9,8,10,8,10,8,10,8,11,7]"
2025-08-18 21:58:45.923649,CSI_DATA,650,1a:00:00:00:00:00,-52,11,0,0,0,0,0,0,0,0,0,-94,0,1,0,110895757,0,31,0,128,0,"[0,0,-13,5,-13,5,-13,5,-13,5,-12,6,-12,6,-12,6,-11,7,-11,7,-11,8,-11,8,-11,9,-10,9,-10,10,-11,10,-10,11,-11,11,-11,11,-12,11,-12,11,-12,11,-13,10,-13,9,-13,9,-13,8,-14,7,0,0,0,0,0,0,0,0,0,0,0,0,0,0,0,0,0,0,0,0,0,0,-9,5,-9,5,-10,4,-11,3,-12,3,-13,2,-13,2,-13,1,-13,0,-13,0,-13,-1,-13,-1,-13,-1,-12,-1,-12,0,-13,0,-12,0,-12,1,-12,1,-13,2,-12,2,-13,3,-13,3,-13,4,-13,4,-13,4]"
2025-08-18 21:58:46.123385,CSI_DATA,651,1a:00:00:00:00:00,-52,11,0,0,0,0,0,0,0,0,0,-94,0,1,0,111095549,0,31,0,128,0,"[0,0,-14,2,-14,2,-13,2,-14,3,-13,3,-13,4,-13,4,-12,5,-12,5,-12,6,-12,7,-12,7,-12,7,-11,8,-12,9,-12,9,-13,9,-13,9,-13,9,-14,9,-14,8,-14,8,-15,7,-15,7,-15,6,-15,5,0,0,0,0,0,0,0,0,0,0,0,0,0,0,0,0,0,0,0,0,0,0,-10,3,-10,2,-12,1,-11,1,-13,0,-13,-1,-13,-2,-13,-3,-13,-3,-13,-4,-13,-4,-12,-4,-12,-4,-12,-4,-12,-3,-12,-3,-12,-2,-13,-2,-12,-1,-13,-1,-13,-1,-13,0,-14,1,-14,1,-14,1,-14,1]"
2025-08-18 21:58:46.326405,CSI_DATA,652,1a:00:00:00:00:00,-52,11,0,0,0,0,0,0,0,0,0,-94,0,1,0,111296561,0,31,0,128,0,"[0,0,-14,-3,-14,-3,-13,-2,-14,-2,-13,-1,-13,-1,-13,0,-13,0,-13,1,-13,1,-13,2,-13,2,-14,3,-14,3,-14,4,-14,4,-15,4,-15,4,-16,3,-16,3,-16,2,-16,2,-16,1,-16,0,-16,0,-16,-1,0,0,0,0,0,0,0,0,0,0,0,0,0,0,0,0,0,0,0,0,0,0,-10,0,-10,-1,-11,-2,-11,-3,-12,-4,-12,-4,-12,-5,-12,-6,-12,-6,-11,-7,-11,-7,-11,-7,-10,-7,-10,-7,-10,-7,-10,-6,-11,-6,-11,-5,-11,-5,-12,-5,-12,-4,-12,-4,-13,-4,-13,-4,-13,-4,-13,-3]"
2025-08-18 21:58:46.526984,CSI_DATA,653,1a:00:00:00:00:00,-52,11,0,0,0,0,0,0,0,0,0,-94,0,1,0,111497785,0,31,0,128,0,"[0,0,-1,-13,-2,-13,-2,-13,-2,-13,-3,-13,-3,-13,-3,-13,-4,-13,-4,-12,-5,-12,-5,-13,-6,-12,-6,-12,-7,-12,-7,-12,-7,-13,-8,-13,-8,-14,-8,-14,-7,-14,-7,-14,-6,-14,-6,-15,-5,-15,-4,-14,-3,-15,0,0,0,0,0,0,0,0,0,0,0,0,0,0,0,0,0,0,0,0,0,0,-2,-9,-2,-10,-1,-11,-1,-11,0,-12,1,-12,2,-12,3,-12,3,-12,4,-12,4,-12,4,-11,4,-11,4,-11,3,-11,3,-11,3,-11,2,-11,2,-12,1,-12,1,-12,1,-13,0,-13,0,-13,0,-13,0,-13]"
2025-08-18 21:58:46.726536,CSI_DATA,654,1a:00:00:00:00:00,-52,11,0,0,0,0,0,0,0,0,0,-94,0,1,0,111698917,0,31,0,128,0,"[0,0,-10,10,-10,10,-9,10,-9,10,-8,10,-8,10,-7,11,-7,11,-6,11,-6,12,-6,12,-5,12,-5,13,-4,13,-5,14,-4,14,-5,15,-5,14,-5,15,-6,15,-6,15,-6,15,-7,14,-8,13,-8,13,-9,12,0,0,0,0,0,0,0,0,0,0,0,0,0,0,0,0,0,0,0,0,0,0,-6,8,-7,8,-8,8,-8,8,-9,8,-10,7,-11,7,-12,6,-12,6,-12,5,-12,5,-12,4,-12,4,-11,4,-11,5,-11,5,-11,5,-11,6,-10,6,-10,7,-10,8,-10,8,-10,8,-10,9,-10,9,-10,9]"
2025-08-18 21:58:46.943866,CSI_DATA,655,1a:00:00:00:00:00,-52,11,0,0,0,0,0,0,0,0,0,-94,0,1,0,111900034,0,31,0,128,0,"[0,0,-1,-14,-2,-14,-2,-14,-2,-13,-2,-14,-3,-13,-3,-13,-4,-13,-4,-13,-5,-13,-5,-12,-6,-13,-7,-13,-7,-13,-7,-13,-7,-13,-8,-14,-7,-14,-7,-14,-7,-15,-6,-15,-6,-16,-6,-15,-5,-15,-4,-15,-3,-16,0,0,0,0,0,0,0,0,0,0,0,0,0,0,0,0,0,0,0,0,0,0,-3,-10,-2,-10,-2,-11,-1,-12,0,-12,1,-13,2,-13,3,-13,3,-13,3,-12,4,-12,4,-12,4,-12,3,-12,3,-12,3,-11,3,-12,2,-12,2,-12,1,-12,1,-13,1,-13,0,-13,-1,-14,-1,-14,-1,-14]"
2025-08-18 21:58:46.987905,CSI_DATA,656,1a:00:00:00:00:00,-52,11,0,0,0,0,0,0,0,0,0,-94,0,1,0,111962385,0,42,0,128,0,"[0,0,7,-12,7,-12,6,-12,6,-12,6,-12,5,-12,5,-13,4,-13,4,-13,3,-13,3,-14,2,-14,2,-14,1,-15,2,-15,2,-15,1,-16,2,-16,2,-16,3,-16,3,-16,4,-16,4,-16,4,-15,6,-15,6,-14,0,0,0,0,0,0,0,0,0,0,0,0,0,0,0,0,0,0,0,0,0,0,3,-10,4,-10,5,-10,6,-10,7,-10,8,-10,9,-9,9,-9,10,-9,10,-8,10,-8,10,-7,10,-8,10,-7,9,-8,9,-8,9,-8,8,-8,8,-9,8,-9,8,-10,8,-10,8,-11,7,-11,7,-11,8,-12]"
2025-08-18 21:58:47.050870,CSI_DATA,657,1a:00:00:00:00:00,-52,11,0,0,0,0,0,0,0,0,0,-94,0,1,0,112027051,0,31,0,128,0,"[0,0,-2,13,-1,13,-1,13,-1,13,0,13,0,13,1,13,1,13,1,12,2,13,3,12,3,12,4,13,4,13,5,13,4,13,5,14,4,14,4,15,4,15,3,15,3,15,2,16,2,15,1,15,0,15,0,0,0,0,0,0,0,0,0,0,0,0,0,0,0,0,0,0,0,0,0,0,1,9,0,10,-1,10,-1,11,-2,11,-4,11,-4,12,-5,12,-6,11,-6,11,-6,11,-7,11,-6,11,-6,10,-6,10,-6,10,-5,10,-5,11,-4,11,-4,11,-3,12,-3,12,-3,13,-2,13,-2,13,-2,13]"
2025-08-18 21:58:47.261942,CSI_DATA,658,1a:00:00:00:00:00,-52,11,0,0,0,0,0,0,0,0,0,-94,0,1,0,112228564,0,31,0,128,0,"[0,0,-11,-9,-11,-9,-11,-8,-11,-8,-12,-7,-12,-7,-12,-7,-12,-6,-12,-6,-13,-5,-13,-4,-13,-4,-13,-4,-14,-4,-15,-3,-14,-3,-15,-4,-15,-4,-16,-4,-16,-5,-15,-5,-15,-6,-15,-7,-14,-7,-14,-7,-14,-8,0,0,0,0,0,0,0,0,0,0,0,0,0,0,0,0,0,0,0,0,0,0,-9,-5,-9,-5,-9,-7,-9,-7,-9,-8,-8,-9,-8,-10,-8,-11,-7,-11,-7,-11,-7,-11,-6,-11,-6,-11,-6,-11,-6,-10,-7,-10,-7,-10,-8,-10,-8,-10,-8,-10,-9,-10,-9,-9,-10,-9,-10,-9,-10,-9,-11,-9]"
2025-08-18 21:58:47.453064,CSI_DATA,659,1a:00:00:00:00:00,-52,11,0,0,0,0,0,0,0,0,0,-94,0,1,0,112429471,0,31,0,128,0,"[0,0,-3,13,-2,13,-1,13,-1,13,0,13,0,13,0,13,1,13,1,13,2,12,2,13,3,12,4,13,4,13,4,13,4,13,4,14,4,14,4,15,4,15,3,15,3,15,2,15,1,15,0,15,-1,15,0,0,0,0,0,0,0,0,0,0,0,0,0,0,0,0,0,0,0,0,0,0,1,9,0,10,-1,11,-2,11,-2,11,-3,12,-4,12,-5,12,-6,12,-6,11,-7,11,-7,11,-6,10,-6,10,-6,10,-6,10,-5,10,-4,11,-4,11,-4,11,-4,12,-3,12,-3,12,-2,13,-3,13,-2,13]"
2025-08-18 21:58:47.655188,CSI_DATA,660,1a:00:00:00:00:00,-52,11,0,0,0,0,0,0,0,0,0,-94,0,1,0,112630578,0,31,0,128,0,"[0,0,-3,12,-2,12,-2,13,-1,12,-1,12,-1,12,0,12,1,12,1,12,2,11,2,12,3,12,4,12,4,13,4,12,4,13,4,13,4,14,4,14,3,14,3,14,2,14,2,14,2,14,1,14,0,14,0,0,0,0,0,0,0,0,0,0,0,0,0,0,0,0,0,0,0,0,0,0,0,8,-1,9,-1,10,-2,10,-3,10,-4,11,-5,11,-6,11,-6,10,-6,10,-6,10,-6,10,-6,10,-6,9,-6,10,-6,9,-5,10,-5,10,-4,10,-4,11,-4,11,-4,11,-3,11,-2,12,-2,12,-2,13]"
2025-08-18 21:58:47.862239,CSI_DATA,661,1a:00:00:00:00:00,-52,11,0,0,0,0,0,0,0,0,0,-94,0,1,0,112831747,0,31,0,128,0,"[0,0,-10,-9,-10,-9,-11,-9,-10,-8,-11,-8,-11,-7,-11,-7,-12,-6,-12,-6,-12,-5,-12,-5,-12,-5,-13,-5,-14,-4,-14,-4,-14,-4,-14,-4,-15,-4,-15,-5,-15,-5,-15,-5,-15,-6,-14,-6,-14,-7,-13,-7,-13,-8,0,0,0,0,0,0,0,0,0,0,0,0,0,0,0,0,0,0,0,0,0,0,-8,-5,-8,-6,-8,-7,-8,-8,-8,-9,-8,-10,-7,-10,-7,-11,-6,-11,-6,-11,-5,-12,-5,-11,-5,-11,-5,-11,-6,-11,-6,-10,-6,-10,-7,-10,-7,-10,-8,-10,-8,-10,-9,-10,-9,-9,-9,-10,-9,-10,-10,-9]"
2025-08-18 21:58:48.056853,CSI_DATA,662,1a:00:00:00:00:00,-52,11,0,0,0,0,0,0,0,0,0,-94,0,1,0,113032874,0,31,0,128,0,"[0,0,-1,13,0,13,0,13,1,13,1,13,1,13,2,13,2,12,3,12,3,12,4,12,5,12,5,12,6,12,6,12,7,13,7,13,6,13,6,14,6,14,5,14,5,15,5,15,4,15,3,15,2,15,0,0,0,0,0,0,0,0,0,0,0,0,0,0,0,0,0,0,0,0,0,0,0,9,0,10,-1,10,-2,11,-2,11,-4,11,-5,12,-5,12,-6,11,-6,11,-6,11,-7,10,-6,10,-6,11,-5,11,-5,10,-5,11,-4,11,-4,11,-3,12,-3,12,-2,12,-2,12,-2,13,-2,13,-1,13]"
2025-08-18 21:58:48.263513,CSI_DATA,663,1a:00:00:00:00:00,-52,11,0,0,0,0,0,0,0,0,0,-94,0,1,0,113234050,0,31,0,128,0,"[0,0,0,-14,-1,-15,-1,-14,-2,-14,-2,-14,-3,-14,-3,-14,-4,-13,-4,-13,-5,-13,-5,-13,-6,-13,-7,-13,-7,-13,-7,-14,-7,-13,-8,-14,-7,-15,-7,-15,-7,-15,-7,-15,-6,-16,-5,-16,-5,-16,-4,-16,-3,-16,0,0,0,0,0,0,0,0,0,0,0,0,0,0,0,0,0,0,0,0,0,0,-2,-10,-1,-11,-1,-12,0,-12,1,-12,2,-12,3,-13,3,-13,4,-13,4,-12,5,-12,5,-12,4,-12,4,-12,4,-12,4,-11,3,-12,3,-12,2,-12,2,-13,1,-13,1,-13,1,-14,0,-14,0,-14,0,-14]"
2025-08-18 21:58:48.473366,CSI_DATA,664,1a:00:00:00:00:00,-52,11,0,0,0,0,0,0,0,0,0,-94,0,1,0,113435391,0,31,0,128,0,"[0,0,-9,10,-8,10,-8,10,-7,10,-7,11,-7,11,-6,11,-5,11,-5,11,-4,11,-4,12,-3,12,-3,13,-3,14,-3,13,-3,14,-3,14,-3,15,-4,15,-4,15,-4,15,-5,15,-5,14,-6,14,-6,14,-7,14,0,0,0,0,0,0,0,0,0,0,0,0,0,0,0,0,0,0,0,0,0,0,-5,8,-6,8,-7,7,-8,8,-9,7,-10,7,-10,7,-11,7,-11,6,-11,6,-11,6,-11,5,-11,5,-11,5,-11,5,-10,5,-10,6,-10,6,-10,7,-9,7,-9,8,-9,8,-9,9,-9,9,-9,10,-9,10]"
2025-08-18 21:58:48.526947,CSI_DATA,665,1a:00:00:00:00:00,-52,11,0,0,0,0,0,0,0,0,0,-94,0,1,0,113498642,0,42,0,128,0,"[0,0,2,-14,1,-14,0,-14,0,-14,0,-14,-1,-14,-1,-14,-2,-14,-2,-13,-3,-13,-3,-13,-4,-14,-5,-14,-5,-14,-5,-14,-5,-14,-5,-15,-5,-15,-5,-16,-5,-16,-4,-16,-4,-16,-3,-16,-3,-16,-2,-16,-1,-16,0,0,0,0,0,0,0,0,0,0,0,0,0,0,0,0,0,0,0,0,0,0,-1,-10,0,-11,1,-11,1,-11,2,-12,3,-12,4,-12,5,-12,5,-12,6,-12,6,-11,6,-11,6,-11,5,-11,5,-11,5,-11,4,-11,4,-11,4,-12,3,-12,3,-12,3,-13,2,-13,2,-13,2,-14,2,-13]"
2025-08-18 21:58:48.583155,CSI_DATA,666,1a:00:00:00:00:00,-52,11,0,0,0,0,0,0,0,0,0,-94,0,1,0,113562806,0,31,0,128,0,"[0,0,9,8,9,8,9,8,9,7,10,7,10,7,10,6,10,6,10,5,11,4,11,4,12,4,12,4,13,3,13,3,13,3,14,3,14,3,14,4,14,4,14,5,14,5,13,6,13,6,13,6,12,7,0,0,0,0,0,0,0,0,0,0,0,0,0,0,0,0,0,0,0,0,0,0,7,5,5,7,9,6,10,6,9,6,5,9,6,9,6,10,5,10,4,11,4,11,4,10,4,10,4,10,4,10,4,9,5,9,5,9,6,9,6,9,7,9,7,9,8,9,8,9,9,9,9,8]"
2025-08-18 21:58:48.806408,CSI_DATA,667,1a:00:00:00:00:00,-52,11,0,0,0,0,0,0,0,0,0,-94,0,1,0,113763876,0,31,0,128,0,"[0,0,12,-5,12,-6,12,-6,12,-7,11,-7,11,-7,11,-7,10,-8,10,-9,10,-9,9,-10,9,-10,9,-11,9,-11,9,-11,9,-12,10,-12,10,-12,11,-12,11,-12,11,-12,12,-11,12,-11,12,-10,13,-9,13,-9,0,0,0,0,0,0,0,0,0,0,0,0,0,0,0,0,0,0,0,0,0,0,8,-5,9,-5,9,-4,10,-4,11,-3,12,-3,12,-2,12,-1,13,-1,12,0,12,0,12,0,11,0,11,0,11,-1,11,-1,11,-1,11,-2,11,-2,11,-3,12,-3,12,-4,12,-4,12,-4,12,-5,12,-5]"
2025-08-18 21:58:49.124583,CSI_DATA,668,1a:00:00:00:00:00,-52,11,0,0,0,0,0,0,0,0,0,-94,0,1,0,113965042,0,31,0,128,0,"[0,0,12,6,12,5,12,5,12,4,12,4,12,4,12,3,12,3,12,2,12,1,13,0,13,1,13,0,13,0,14,0,14,-1,14,0,15,0,15,0,16,1,15,1,15,2,15,2,15,3,14,3,14,4,0,0,0,0,0,0,0,0,0,0,0,0,0,0,0,0,0,0,0,0,0,0,8,2,9,3,9,4,9,5,10,5,10,6,9,7,9,8,8,8,8,8,8,9,7,8,8,9,8,8,8,8,7,8,8,7,8,7,9,7,9,7,9,7,10,6,10,6,11,6,11,6,11,5]"
2025-08-18 21:58:49.191560,CSI_DATA,669,1a:00:00:00:00:00,-52,11,0,0,0,0,0,0,0,0,0,-94,0,1,0,114166184,0,31,0,128,0,"[0,0,9,-10,8,-10,8,-10,8,-11,7,-11,7,-11,7,-11,6,-11,6,-12,5,-12,5,-12,4,-13,4,-13,4,-13,4,-14,4,-14,4,-15,4,-15,5,-15,5,-15,6,-15,6,-15,6,-14,7,-14,7,-13,8,-13,0,0,0,0,0,0,0,0,0,0,0,0,0,0,0,0,0,0,0,0,0,0,5,-8,6,-8,7,-8,7,-8,8,-8,9,-8,10,-7,10,-7,11,-6,11,-6,11,-5,11,-5,10,-5,10,-5,10,-5,10,-6,10,-6,9,-7,9,-7,9,-7,9,-8,9,-8,9,-9,9,-9,9,-9,9,-10]"
2025-08-18 21:58:49.389285,CSI_DATA,670,1a:00:00:00:00:00,-52,11,0,0,0,0,0,0,0,0,0,-94,0,1,0,114367359,0,31,0,128,0,"[0,0,12,3,13,3,13,2,13,2,13,1,13,1,13,0,13,0,13,-1,13,-2,13,-2,13,-3,13,-3,13,-4,14,-4,14,-4,14,-4,15,-4,15,-4,16,-4,15,-3,15,-2,15,-2,15,-1,15,-1,15,0,0,0,0,0,0,0,0,0,0,0,0,0,0,0,0,0,0,0,0,0,0,0,9,0,10,1,10,2,10,3,11,4,11,4,11,6,11,6,10,7,10,7,10,7,9,7,9,7,9,7,9,7,9,6,10,6,10,5,10,5,11,5,11,5,11,4,12,4,12,3,13,3,13,3]"
2025-08-18 21:58:49.593834,CSI_DATA,671,1a:00:00:00:00:00,-52,11,0,0,0,0,0,0,0,0,0,-94,0,1,0,114568746,0,31,0,128,0,"[0,0,-8,12,-7,12,-7,12,-6,12,-6,12,-5,12,-5,12,-4,12,-4,12,-3,12,-3,13,-2,13,-2,13,-1,14,-1,14,-1,14,-1,15,-2,15,-2,16,-2,16,-3,15,-3,15,-4,15,-4,15,-5,14,-6,14,0,0,0,0,0,0,0,0,0,0,0,0,0,0,0,0,0,0,0,0,0,0,-3,9,-4,9,-5,9,-6,9,-7,9,-8,9,-9,9,-10,9,-10,8,-10,8,-11,8,-10,7,-10,7,-10,7,-10,7,-10,7,-9,8,-9,8,-9,9,-8,9,-8,9,-8,10,-8,11,-7,11,-8,11,-7,11]"
2025-08-18 21:58:49.799445,CSI_DATA,672,1a:00:00:00:00:00,-52,11,0,0,0,0,0,0,0,0,0,-94,0,1,0,114769781,0,31,0,128,0,"[0,0,-3,-14,-3,-13,-3,-14,-4,-13,-4,-14,-4,-13,-5,-13,-6,-13,-6,-12,-6,-12,-7,-12,-7,-12,-8,-12,-9,-12,-9,-12,-9,-12,-9,-13,-9,-13,-9,-13,-9,-13,-9,-14,-8,-14,-7,-14,-7,-15,-6,-15,-5,-15,0,0,0,0,0,0,0,0,0,0,0,0,0,0,0,0,0,0,0,0,0,0,-4,-9,-4,-10,-3,-11,-2,-12,-2,-12,-1,-13,0,-13,0,-13,1,-13,2,-13,2,-12,3,-12,2,-12,2,-12,2,-12,1,-12,1,-12,1,-12,0,-13,-1,-13,-1,-13,-2,-13,-2,-13,-2,-13,-2,-14,-3,-14]"
2025-08-18 21:58:49.999851,CSI_DATA,673,1a:00:00:00:00:00,-52,11,0,0,0,0,0,0,0,0,0,-94,0,1,0,114970935,0,31,0,128,0,"[0,0,2,-13,1,-14,1,-14,1,-14,0,-14,0,-14,-1,-14,-1,-14,-2,-13,-2,-13,-3,-13,-4,-13,-4,-14,-5,-14,-5,-14,-5,-14,-5,-15,-5,-15,-5,-16,-4,-16,-4,-16,-4,-16,-3,-16,-2,-16,-2,-16,-1,-16,0,0,0,0,0,0,0,0,0,0,0,0,0,0,0,0,0,0,0,0,0,0,-1,-10,0,-11,1,-11,2,-12,2,-12,4,-12,4,-12,5,-12,5,-12,6,-11,6,-11,6,-11,6,-11,5,-11,5,-11,5,-11,5,-11,4,-11,4,-12,3,-12,3,-12,3,-13,2,-13,2,-13,2,-13,2,-13]"
2025-08-18 21:58:50.057811,CSI_DATA,674,1a:00:00:00:00:00,-52,11,0,0,0,0,0,0,0,0,0,-94,0,1,0,115034371,0,42,0,128,0,"[0,0,-5,12,-4,12,-4,12,-3,12,-3,12,-2,12,-2,12,-1,12,-1,12,0,12,0,12,1,12,2,13,2,13,2,13,2,13,2,14,2,14,2,14,1,14,1,14,1,15,0,14,0,14,-1,14,-2,14,0,0,0,0,0,0,0,0,0,0,0,0,0,0,0,0,0,0,0,0,0,0,-2,8,-3,9,7,15,-5,10,-5,10,-6,10,-7,10,-8,9,-8,9,-8,9,-9,9,-9,8,-8,8,-8,8,-8,8,-8,8,-7,9,-6,9,-6,9,-6,10,-6,10,-5,11,-5,11,-5,11,-5,12,-5,12]"
2025-08-18 21:58:50.127947,CSI_DATA,675,1a:00:00:00:00:00,-52,11,0,0,0,0,0,0,0,0,0,-94,0,1,0,115099128,0,31,0,128,0,"[0,0,-14,-1,-14,-1,-13,-1,-14,0,-14,0,-14,0,-13,1,-13,1,-13,2,-13,3,-13,3,-13,4,-13,4,-13,4,-14,5,-14,5,-15,5,-15,5,-15,5,-15,5,-16,4,-15,4,-16,3,-16,2,-16,2,-16,1,0,0,0,0,0,0,0,0,0,0,0,0,0,0,0,0,0,0,0,0,0,0,-10,1,-10,0,-11,-1,-11,-1,-12,-2,-12,-3,-13,-4,-12,-4,-12,-5,-12,-6,-12,-6,-11,-6,-11,-6,-11,-6,-11,-5,-11,-5,-11,-5,-12,-4,-12,-4,-12,-4,-12,-3,-13,-3,-14,-1,-12,-3,-14,-2,-14,-2]"
2025-08-18 21:58:50.326847,CSI_DATA,676,1a:00:00:00:00:00,-52,11,0,0,0,0,0,0,0,0,0,-94,0,1,0,115300218,0,31,0,128,0,"[0,0,4,13,4,13,5,12,5,12,5,12,5,12,6,11,7,11,7,10,8,10,8,10,9,10,9,10,10,10,10,10,10,10,11,10,11,11,11,11,10,11,10,12,10,12,9,13,9,13,8,12,7,13,0,0,0,0,0,0,0,0,0,0,0,0,0,0,0,0,0,0,0,0,0,0,4,8,4,9,3,10,3,11,2,11,1,12,0,12,-1,12,-1,12,-1,12,-2,12,-2,12,-2,12,-1,12,-1,12,-1,11,0,11,0,11,1,12,1,12,2,12,2,12,3,12,3,13,4,13,4,13]"
2025-08-18 21:58:50.525258,CSI_DATA,677,1a:00:00:00:00:00,-52,11,0,0,0,0,0,0,0,0,0,-94,0,1,0,115501462,0,31,0,128,0,"[0,0,-1,12,-1,12,0,12,0,13,1,12,1,12,2,12,2,12,2,12,3,12,4,11,4,11,4,11,5,11,5,12,6,12,6,13,6,13,6,13,5,14,5,14,4,14,4,14,3,14,2,14,2,14,0,0,0,0,0,0,0,0,0,0,0,0,0,0,0,0,0,0,0,0,0,0,1,9,0,9,-1,10,-1,10,-2,11,-3,11,-4,11,-4,11,-5,11,-5,11,-6,11,-6,10,-6,10,-5,10,-5,10,-5,10,-4,10,-4,10,-3,11,-3,11,-2,11,-2,11,-2,12,-2,12,-1,13,-1,12]"
2025-08-18 21:58:50.726730,CSI_DATA,678,1a:00:00:00:00:00,-52,11,0,0,0,0,0,0,0,0,0,-94,0,1,0,115702818,0,31,0,128,0,"[0,0,-2,13,-1,13,-1,13,-1,13,0,13,0,13,1,12,1,12,2,12,2,12,3,12,4,12,4,12,4,13,5,13,5,13,5,14,5,14,4,15,4,15,3,15,3,15,3,15,2,15,1,14,0,15,0,0,0,0,0,0,0,0,0,0,0,0,0,0,0,0,0,0,0,0,0,0,1,9,0,9,-1,10,-2,11,-2,11,-3,11,-4,11,-5,11,-5,11,-6,11,-6,11,-6,11,-6,10,-5,10,-5,10,-5,10,-5,10,-4,10,-4,11,-4,11,-3,11,-3,12,-3,12,-2,13,-2,13,-2,13]"
2025-08-18 21:58:50.827967,CSI_DATA,679,1a:00:00:00:00:00,-52,11,0,0,0,0,0,0,0,0,0,-94,0,1,0,115799461,0,28,0,128,0,"[0,0,-14,5,-14,4,-13,5,-13,5,-12,6,-12,6,-12,6,-12,7,-11,7,-11,8,-11,8,-10,9,-11,9,-10,10,-11,10,-11,11,-11,11,-11,11,-12,11,-12,11,-12,11,-13,10,-13,9,-13,9,-13,8,-14,8,0,0,0,0,0,0,0,0,0,0,0,0,0,0,0,0,0,0,0,0,0,0,-9,4,-10,4,-11,3,-11,2,-12,2,-13,1,-13,1,-14,0,-14,0,-13,-1,-13,-2,-13,-2,-13,-2,-13,-1,-13,-1,-13,-1,-13,0,-12,0,-13,1,-13,1,-13,2,-13,2,-13,3,-13,3,-13,3,-13,4]"
2025-08-18 21:58:50.931510,CSI_DATA,680,1a:00:00:00:00:00,-52,11,0,0,0,0,0,0,0,0,0,-94,0,1,0,115903876,0,31,0,128,0,"[0,0,4,-13,2,-13,2,-14,2,-14,1,-14,1,-13,1,-13,0,-14,0,-13,-1,-13,-1,-14,-2,-14,-3,-14,-3,-14,-3,-14,-3,-15,-3,-15,-3,-16,-3,-16,-2,-16,-2,-16,-2,-16,-1,-16,-1,-16,0,-16,1,-15,0,0,0,0,0,0,0,0,0,0,0,0,0,0,0,0,0,0,0,0,0,0,0,-10,1,-10,2,-11,3,-11,4,-12,5,-11,6,-11,6,-11,7,-11,7,-10,7,-10,7,-10,7,-10,7,-10,6,-10,6,-10,6,-10,5,-11,5,-11,5,-11,5,-12,4,-12,4,-12,3,-13,4,-13,3,-13]"
2025-08-18 21:58:51.126071,CSI_DATA,681,1a:00:00:00:00:00,-52,11,0,0,0,0,0,0,0,0,0,-94,0,1,0,116105073,0,31,0,128,0,"[0,0,12,4,12,3,12,3,13,3,13,2,12,2,12,1,13,1,12,0,13,-1,13,-1,13,-1,13,-2,13,-2,14,-3,14,-3,15,-3,15,-3,16,-3,15,-2,15,-2,15,-1,15,0,15,1,14,1,14,2,0,0,0,0,0,0,0,0,0,0,0,0,0,0,0,0,0,0,0,0,0,0,9,1,9,2,10,3,10,3,10,5,10,5,10,6,10,7,10,7,9,8,9,8,9,8,9,8,8,7,8,7,9,7,9,6,9,6,10,6,10,6,10,5,11,5,11,5,12,5,12,5,12,4]"
2025-08-18 21:58:51.335573,CSI_DATA,682,1a:00:00:00:00:00,-52,11,0,0,0,0,0,0,0,0,0,-94,0,1,0,116306214,0,31,0,128,0,"[0,0,-12,-6,-13,-5,-12,-5,-13,-5,-13,-4,-13,-4,-13,-4,-13,-3,-13,-2,-13,-1,-13,-1,-13,-1,-13,0,-14,0,-14,1,-14,1,-15,1,-15,0,-16,0,-15,0,-16,-1,-16,-1,-16,-2,-15,-2,-15,-3,-15,-4,0,0,0,0,0,0,0,0,0,0,0,0,0,0,0,0,0,0,0,0,0,0,-9,-3,-10,-3,-10,-5,-10,-5,-10,-6,-10,-7,-10,-8,-10,-8,-10,-9,-9,-10,-9,-9,-8,-9,-8,-9,-8,-9,-8,-9,-9,-8,-9,-8,-10,-7,-9,-8,-10,-7,-10,-7,-11,-7,-11,-7,-12,-6,-12,-6,-12,-6]"
2025-08-18 21:58:51.534020,CSI_DATA,683,1a:00:00:00:00:00,-52,11,0,0,0,0,0,0,0,0,0,-94,0,1,0,116507458,0,31,0,128,0,"[0,0,14,1,13,0,13,0,13,-1,13,-2,13,-1,13,-2,13,-3,13,-3,13,-4,13,-5,12,-5,12,-5,13,-6,13,-7,13,-7,14,-7,14,-7,14,-7,15,-6,15,-6,15,-5,15,-4,15,-4,15,-3,15,-2,0,0,0,0,0,0,0,0,0,0,0,0,0,0,0,0,0,0,0,0,0,0,9,-2,10,-1,10,0,11,1,11,1,12,2,12,3,12,4,12,4,11,5,11,5,11,5,11,5,11,5,10,5,11,4,11,4,11,3,11,3,12,2,12,2,12,2,13,2,13,1,13,1,13,1]"
2025-08-18 21:58:51.604373,CSI_DATA,684,1a:00:00:00:00:00,-52,11,0,0,0,0,0,0,0,0,0,-94,0,1,0,116575037,0,42,0,128,0,"[0,0,0,-14,-1,-14,-1,-14,-1,-14,-2,-14,-3,-14,-3,-13,-4,-13,-4,-13,-4,-13,-5,-13,-6,-13,-6,-13,-7,-14,-7,-13,-7,-14,-7,-14,-7,-15,-7,-15,-7,-15,-7,-15,-6,-15,-5,-15,-4,-16,-4,-15,-3,-16,0,0,0,0,0,0,0,0,0,0,0,0,0,0,0,0,0,0,0,0,0,0,-2,-10,-1,-11,0,-11,1,-12,1,-12,2,-13,3,-13,4,-13,4,-13,5,-12,6,-12,5,-11,5,-11,5,-11,4,-12,4,-11,4,-12,3,-12,3,-12,2,-13,1,-13,1,-13,1,-13,1,-13,1,-13,1,-14]"
2025-08-18 21:58:51.666039,CSI_DATA,685,1a:00:00:00:00:00,-52,11,0,0,0,0,0,0,0,0,0,-94,0,1,0,116635595,0,31,0,128,0,"[0,0,-13,-5,-13,-4,-13,-4,-13,-4,-14,-3,-13,-3,-13,-2,-14,-2,-14,-1,-13,-1,-14,0,-14,1,-14,1,-14,1,-15,2,-15,2,-15,2,-16,2,-16,1,-16,1,-16,1,-16,0,-16,-1,-16,-1,-16,-2,-16,-3,0,0,0,0,0,0,0,0,0,0,0,0,0,0,0,0,0,0,0,0,0,0,-10,-1,-11,-2,-11,-4,-11,-5,-11,-5,-11,-6,-11,-7,-11,-8,-11,-8,-10,-9,-10,-9,-10,-9,-10,-9,-10,-8,-9,-8,-10,-8,-10,-7,-10,-7,-11,-7,-11,-6,-11,-6,-12,-6,-12,-5,-13,-5,-13,-5,-13,-5]"
2025-08-18 21:58:51.864064,CSI_DATA,686,1a:00:00:00:00:00,-52,11,0,0,0,0,0,0,0,0,0,-94,0,1,0,116836648,0,31,0,128,0,"[0,0,-2,13,-1,13,-1,13,0,12,0,13,1,13,1,12,1,12,2,12,3,12,3,12,4,12,4,12,5,13,5,12,5,13,5,13,5,14,5,14,4,14,4,15,3,15,3,15,3,15,2,14,1,15,0,0,0,0,0,0,0,0,0,0,0,0,0,0,0,0,0,0,0,0,0,0,1,9,1,10,0,10,-1,11,-2,11,-3,11,-4,12,-4,12,-5,11,-5,11,-6,11,-6,11,-5,11,-5,11,-5,10,-5,10,-5,10,-4,10,-4,11,-3,11,-3,12,-3,12,-2,12,-2,12,-1,13,-1,13]"
2025-08-18 21:58:52.061935,CSI_DATA,687,1a:00:00:00:00:00,-52,11,0,0,0,0,0,0,0,0,0,-94,0,1,0,117037785,0,31,0,128,0,"[0,0,-4,13,-3,13,-3,12,-3,13,-2,12,-2,13,-2,12,-1,13,0,12,1,12,1,12,2,12,2,13,3,13,3,13,3,13,3,14,3,14,2,15,2,15,1,15,1,15,1,15,0,15,-1,15,-1,14,0,0,0,0,0,0,0,0,0,0,0,0,0,0,0,0,0,0,0,0,0,0,0,8,-2,9,-1,9,-3,10,-4,11,-5,11,-6,11,-7,11,-7,10,-7,10,-8,10,-8,10,-7,10,-7,9,-7,9,-7,9,-6,10,-6,10,-5,10,-5,11,-5,11,-4,11,-4,12,-4,12,-4,12,-4,12]"
2025-08-18 21:58:52.270798,CSI_DATA,688,1a:00:00:00:00:00,-52,11,0,0,0,0,0,0,0,0,0,-94,0,1,0,117238946,0,31,0,128,0,"[0,0,-10,-11,-10,-11,-10,-10,-10,-10,-10,-10,-11,-9,-11,-9,-11,-8,-11,-7,-12,-7,-13,-7,-13,-6,-13,-6,-14,-6,-15,-5,-14,-5,-15,-6,-15,-6,-15,-6,-15,-7,-15,-7,-15,-8,-15,-8,-14,-9,-14,-9,-13,-10,0,0,0,0,0,0,0,0,0,0,0,0,0,0,0,0,0,0,0,0,0,0,-8,-7,-8,-8,-8,-9,-7,-10,-7,-11,-7,-11,-6,-12,-5,-12,-5,-13,-4,-13,-4,-13,-4,-13,-4,-13,-4,-12,-4,-12,-5,-12,-5,-11,-6,-12,-6,-11,-7,-11,-7,-11,-8,-11,-8,-11,-8,-11,-9,-11,-9,-11]"
2025-08-18 21:58:52.470931,CSI_DATA,689,1a:00:00:00:00:00,-52,11,0,0,0,0,0,0,0,0,0,-94,0,1,0,117440201,0,31,0,128,0,"[0,0,-3,-14,-4,-14,-4,-14,-4,-14,-5,-13,-5,-13,-6,-13,-6,-12,-7,-12,-7,-12,-8,-12,-8,-12,-9,-12,-9,-12,-10,-12,-10,-12,-10,-13,-10,-13,-11,-13,-10,-14,-10,-14,-9,-14,-9,-14,-8,-15,-7,-15,-6,-15,0,0,0,0,0,0,0,0,0,0,0,0,0,0,0,0,0,0,0,0,0,0,-4,-10,-4,-10,-3,-11,-2,-12,-2,-13,-1,-13,0,-13,0,-13,1,-14,1,-14,1,-12,3,-10,2,-14,2,-13,2,-13,1,-12,1,-12,0,-12,-1,-13,-1,-13,-1,-13,-2,-13,-2,-13,-2,-14,-2,-14,-3,-14]"
2025-08-18 21:58:52.670527,CSI_DATA,690,1a:00:00:00:00:00,-52,11,0,0,0,0,0,0,0,0,0,-94,0,1,0,117641344,0,31,0,128,0,"[0,0,0,-13,-1,-14,-1,-13,-1,-13,-2,-14,-2,-13,-3,-13,-3,-13,-4,-13,-4,-13,-5,-13,-5,-13,-6,-12,-6,-13,-7,-13,-7,-13,-7,-14,-7,-14,-7,-14,-6,-15,-6,-15,-6,-15,-5,-15,-5,-15,-3,-15,-3,-15,0,0,0,0,0,0,0,0,0,0,0,0,0,0,0,0,0,0,0,0,0,0,-2,-10,-1,-10,-1,-11,0,-11,1,-12,2,-12,3,-12,3,-12,4,-12,4,-12,5,-12,5,-11,5,-11,4,-11,4,-11,5,-10,4,-11,3,-10,2,-12,2,-12,1,-12,1,-13,1,-13,0,-13,0,-13,0,-13]"
2025-08-18 21:58:52.868087,CSI_DATA,691,1a:00:00:00:00:00,-52,11,0,0,0,0,0,0,0,0,0,-94,0,1,0,117842718,0,31,0,128,0,"[0,0,6,-12,6,-12,5,-12,5,-12,4,-13,4,-13,4,-13,3,-13,3,-13,2,-13,2,-14,1,-14,1,-14,0,-14,0,-15,0,-15,0,-16,0,-16,1,-16,1,-16,1,-16,2,-16,2,-16,3,-16,4,-15,4,-15,0,0,0,0,0,0,0,0,0,0,0,0,0,0,0,0,0,0,0,0,0,0,3,-10,4,-10,4,-10,5,-10,6,-10,7,-10,8,-10,9,-9,9,-9,9,-9,10,-8,10,-8,9,-8,9,-8,8,-8,8,-8,8,-8,8,-9,7,-9,7,-10,7,-10,7,-11,7,-11,7,-11,7,-12,6,-12]"
2025-08-18 21:58:53.071477,CSI_DATA,692,1a:00:00:00:00:00,-52,11,0,0,0,0,0,0,0,0,0,-94,0,1,0,118043784,0,31,0,128,0,"[0,0,2,-12,2,-13,2,-13,1,-12,2,-13,1,-12,1,-13,1,-12,0,-12,0,-12,-1,-12,-1,-13,-2,-13,-2,-13,-2,-13,-1,-14,-1,-13,-2,-15,-1,-14,0,-14,0,-14,1,-14,1,-14,2,-14,2,-14,3,-14,0,0,0,0,0,0,0,0,0,0,0,0,0,0,0,0,0,0,0,0,0,0,-5,-11,-1,-10,2,-10,3,-19,-6,-19,-1,-12,5,-11,4,-13,4,-11,4,-10,6,-11,5,-11,5,-10,5,-10,4,-10,4,-10,5,-10,4,-9,4,-11,3,-10,3,-10,3,-11,3,-11,2,-12,3,-12,3,-12]"
2025-08-18 21:58:53.125741,CSI_DATA,693,1a:00:00:00:00:00,-52,11,0,0,0,0,0,0,0,0,0,-94,0,1,0,118106348,0,42,0,128,0,"[0,0,11,8,11,7,11,7,11,6,11,6,11,6,12,5,12,5,12,4,12,3,12,3,13,2,13,2,14,2,14,1,15,1,14,2,15,2,15,2,15,2,15,3,15,4,14,4,14,5,14,5,14,6,0,0,0,0,0,0,0,0,0,0,0,0,0,0,0,0,0,0,0,0,0,0,8,3,9,4,9,6,9,7,9,7,9,8,8,9,8,9,7,10,6,10,6,10,6,10,6,10,6,10,6,10,6,9,7,9,7,8,8,9,8,8,9,8,9,8,10,8,10,8,10,8,11,7]"
2025-08-18 21:58:53.193663,CSI_DATA,694,1a:00:00:00:00:00,-52,11,0,0,0,0,0,0,0,0,0,-94,0,1,0,118170999,0,31,0,128,0,"[0,0,1,13,2,13,2,12,3,13,3,12,3,12,4,12,4,12,5,11,5,11,6,11,6,11,7,11,7,11,8,11,8,11,8,12,8,12,8,13,8,13,7,13,7,13,6,14,6,14,5,13,4,14,0,0,0,0,0,0,0,0,0,0,0,0,0,0,0,0,0,0,0,0,0,0,3,8,2,9,2,10,1,10,1,11,0,12,-1,12,-2,12,-2,12,-3,12,-4,12,-4,11,-3,11,-3,11,-3,11,-3,11,-2,11,-2,11,-1,11,0,12,0,12,0,12,0,13,1,13,1,13,1,13]"
2025-08-18 21:58:53.398639,CSI_DATA,695,1a:00:00:00:00:00,-52,11,0,0,0,0,0,0,0,0,0,-94,0,1,0,118372148,0,31,0,128,0,"[0,0,-10,10,-10,10,-9,10,-9,10,-8,10,-8,10,-8,11,-7,11,-7,11,-6,12,-6,12,-5,12,-5,13,-4,13,-5,13,-4,14,-5,14,-5,15,-5,15,-6,15,-6,15,-7,14,-7,14,-7,14,-8,13,-9,13,0,0,0,0,0,0,0,0,0,0,0,0,0,0,0,0,0,0,0,0,0,0,-6,8,-7,8,-8,7,-9,7,-10,7,-11,7,-12,6,-12,6,-12,5,-12,5,-13,4,-12,4,-12,4,-12,4,-11,4,-12,5,-11,5,-11,6,-11,6,-11,7,-10,7,-10,7,-10,8,-10,8,-10,9,-10,9]"
2025-08-18 21:58:53.609404,CSI_DATA,696,1a:00:00:00:00:00,-52,11,0,0,0,0,0,0,0,0,0,-94,0,1,0,118573353,0,31,0,128,0,"[0,0,1,-14,1,-14,1,-14,0,-14,0,-14,-1,-14,-1,-14,-2,-14,-2,-14,-3,-14,-3,-14,-4,-14,-5,-14,-5,-14,-5,-15,-5,-15,-5,-15,-5,-15,-5,-16,-5,-16,-4,-16,-4,-16,-4,-16,-3,-16,-2,-16,-1,-16,0,0,0,0,0,0,0,0,0,0,0,0,0,0,0,0,0,0,0,0,0,0,-1,-10,0,-11,0,-12,1,-12,2,-12,3,-12,4,-13,5,-12,6,-12,6,-12,6,-12,6,-11,6,-11,5,-11,5,-11,5,-11,5,-11,4,-12,4,-12,3,-12,3,-12,3,-13,2,-13,2,-14,2,-14,2,-14]"
2025-08-18 21:58:53.803382,CSI_DATA,697,1a:00:00:00:00:00,-52,11,0,0,0,0,0,0,0,0,0,-94,0,1,0,118774481,0,31,0,128,0,"[0,0,-1,-14,-1,-13,-2,-13,-2,-14,-3,-13,-3,-13,-3,-13,-4,-13,-4,-12,-5,-12,-6,-12,-6,-12,-7,-12,-7,-12,-7,-12,-8,-12,-8,-13,-8,-13,-8,-14,-8,-14,-7,-14,-7,-14,-7,-14,-6,-14,-5,-14,-4,-14,0,0,0,0,0,0,0,0,0,0,0,0,0,0,0,0,0,0,0,0,0,0,-2,-10,-1,-10,-1,-11,0,-11,1,-12,2,-12,3,-12,3,-12,4,-12,4,-12,5,-12,5,-11,4,-11,4,-11,4,-11,3,-11,3,-11,2,-12,2,-12,1,-12,1,-12,1,-13,0,-13,0,-13,0,-13,0,-13]"
2025-08-18 21:58:54.006957,CSI_DATA,698,1a:00:00:00:00:00,-52,11,0,0,0,0,0,0,0,0,0,-94,0,1,0,118975811,0,31,0,128,0,"[0,0,-11,-8,-12,-9,-11,-8,-11,-8,-12,-7,-12,-7,-12,-7,-12,-6,-12,-5,-13,-5,-13,-5,-13,-4,-14,-4,-14,-3,-15,-3,-15,-3,-15,-3,-15,-3,-16,-4,-16,-4,-16,-5,-15,-6,-15,-6,-15,-6,-14,-7,-14,-7,0,0,0,0,0,0,0,0,0,0,0,0,0,0,0,0,0,0,0,0,0,0,-9,-5,-9,-5,-9,-7,-9,-8,-9,-9,-9,-9,-8,-10,-8,-11,-7,-11,-7,-12,-7,-11,-6,-11,-7,-11,-7,-11,-6,-11,-7,-10,-7,-10,-8,-10,-8,-10,-9,-10,-9,-10,-9,-9,-10,-9,-11,-9,-10,-9,-11,-9]"
2025-08-18 21:58:54.196898,CSI_DATA,699,1a:00:00:00:00:00,-52,11,0,0,0,0,0,0,0,0,0,-94,0,1,0,119176949,0,31,0,128,0,"[0,0,12,5,12,5,11,4,12,4,12,4,12,4,12,3,12,2,12,2,13,1,13,0,13,0,13,0,13,-1,14,-1,14,-1,15,-1,15,-1,15,0,15,0,15,1,15,1,15,2,15,2,14,3,14,4,0,0,0,0,0,0,0,0,0,0,0,0,0,0,0,0,0,0,0,0,0,0,9,1,9,2,10,4,9,4,10,5,10,6,9,7,9,8,9,8,8,9,8,9,8,9,8,9,8,8,8,8,8,8,8,7,9,7,9,6,9,7,10,6,10,6,11,6,11,6,11,5,12,5]"
2025-08-18 21:58:54.409005,CSI_DATA,700,1a:00:00:00:00:00,-52,11,0,0,0,0,0,0,0,0,0,-94,0,1,0,119378125,0,31,0,128,0,"[0,0,-13,-6,-13,-6,-13,-6,-13,-6,-13,-5,-13,-5,-13,-4,-13,-3,-13,-3,-13,-2,-14,-2,-14,-2,-14,-1,-15,-1,-15,0,-15,0,-15,0,-16,0,-16,0,-16,-1,-16,-2,-16,-2,-16,-3,-16,-3,-15,-4,-15,-5,0,0,0,0,0,0,0,0,0,0,0,0,0,0,0,0,0,0,0,0,0,0,-10,-3,-10,-4,-10,-5,-11,-6,-10,-7,-10,-8,-10,-9,-10,-9,-9,-9,-9,-10,-8,-10,-8,-10,-8,-10,-8,-10,-8,-10,-8,-9,-9,-9,-9,-8,-10,-8,-10,-8,-10,-7,-11,-7,-11,-7,-12,-7,-12,-7,-12,-7]"
2025-08-18 21:58:54.603306,CSI_DATA,701,1a:00:00:00:00:00,-52,11,0,0,0,0,0,0,0,0,0,-94,0,1,0,119579317,0,31,0,128,0,"[0,0,13,1,13,0,12,0,14,0,13,-1,13,-1,13,-1,13,-2,13,-3,13,-4,13,-4,12,-5,13,-5,12,-5,14,-6,13,-6,14,-6,14,-6,15,-6,15,-6,15,-5,15,-4,15,-4,15,-3,15,-3,15,-2,0,0,0,0,0,0,0,0,0,0,0,0,0,0,0,0,0,0,0,0,0,0,9,-2,10,-1,11,0,10,1,12,2,11,2,12,4,11,4,11,5,11,6,11,6,10,6,10,6,10,5,10,5,10,4,10,4,11,3,11,3,11,3,12,3,12,2,13,2,13,2,13,2,13,1]"
2025-08-18 21:58:54.673632,CSI_DATA,702,1a:00:00:00:00:00,-52,11,0,0,0,0,0,0,0,0,0,-94,0,1,0,119642430,0,42,0,128,0,"[0,0,-9,-10,-10,-10,-10,-10,-10,-9,-10,-9,-10,-9,-10,-9,-11,-8,-11,-7,-11,-7,-12,-7,-12,-6,-13,-6,-13,-6,-13,-6,-14,-6,-14,-6,-15,-6,-15,-7,-14,-8,-14,-8,-14,-8,-13,-8,-13,-9,-13,-9,-12,-10,0,0,0,0,0,0,0,0,0,0,0,0,0,0,0,0,0,0,0,0,0,0,-8,-6,-8,-7,-8,-8,-8,-9,-8,-9,-7,-11,-7,-11,-6,-12,-6,-12,-5,-12,-5,-12,-5,-12,-5,-12,-5,-12,-5,-12,-5,-11,-6,-11,-6,-10,-7,-11,-7,-11,-8,-11,-8,-11,-8,-10,-9,-11,-9,-11,-9,-11]"
2025-08-18 21:58:54.737623,CSI_DATA,703,1a:00:00:00:00:00,-52,11,0,0,0,0,0,0,0,0,0,-94,0,1,0,119707035,0,31,0,128,0,"[0,0,-3,-14,-3,-14,-4,-13,-4,-14,-4,-13,-5,-13,-5,-13,-6,-13,-6,-12,-7,-13,-7,-12,-8,-12,-8,-12,-9,-12,-10,-12,-9,-12,-10,-13,-10,-13,-10,-13,-10,-14,-9,-14,-9,-14,-8,-15,-7,-15,-6,-15,-6,-15,0,0,0,0,0,0,0,0,0,0,0,0,0,0,0,0,0,0,0,0,0,0,-4,-10,-3,-10,-3,-12,-2,-12,-2,-13,0,-13,0,-13,1,-13,2,-13,2,-14,3,-13,3,-12,3,-13,2,-12,2,-12,2,-12,1,-12,1,-13,0,-13,0,-13,-1,-13,-1,-13,-2,-14,-2,-14,-2,-14,-2,-14]"
2025-08-18 21:58:54.930860,CSI_DATA,704,1a:00:00:00:00:00,-52,11,0,0,0,0,0,0,0,0,0,-94,0,1,0,119908084,0,31,0,128,0,"[0,0,1,13,2,13,2,13,3,13,3,13,3,13,4,12,4,12,5,12,6,11,6,11,7,11,7,11,8,11,8,11,8,12,8,12,8,13,8,13,8,13,7,13,7,14,6,14,6,14,5,14,4,14,0,0,0,0,0,0,0,0,0,0,0,0,0,0,0,0,0,0,0,0,0,0,3,9,2,9,2,10,1,11,0,11,-1,12,-2,12,-2,12,-3,12,-3,12,-4,12,-4,12,-4,12,-3,11,-3,11,-3,11,-3,11,-2,11,-1,12,-1,12,0,12,0,12,0,12,1,13,1,13,1,13]"
2025-08-18 21:58:55.136850,CSI_DATA,705,1a:00:00:00:00:00,-52,11,0,0,0,0,0,0,0,0,0,-94,0,1,0,120109376,0,31,0,128,0,"[0,0,5,-13,4,-14,3,-13,3,-14,3,-14,3,-14,1,-14,1,-14,0,-14,0,-14,-1,-14,-2,-14,-2,-14,-2,-15,-2,-15,-2,-15,-3,-16,-2,-16,-2,-16,-2,-17,-2,-17,-1,-17,-1,-17,0,-16,1,-16,2,-16,0,0,0,0,0,0,0,0,0,0,0,0,0,0,0,0,0,0,0,0,0,0,1,-10,2,-10,4,-11,4,-11,5,-11,6,-11,7,-11,8,-11,8,-10,8,-10,9,-10,9,-9,8,-9,8,-9,8,-10,8,-9,7,-10,7,-10,6,-11,6,-11,6,-11,5,-12,5,-12,5,-13,5,-13,5,-13]"
2025-08-18 21:58:55.332633,CSI_DATA,706,1a:00:00:00:00:00,-52,11,0,0,0,0,0,0,0,0,0,-94,0,1,0,120311844,0,31,0,128,0,"[0,0,12,4,11,4,12,4,12,3,12,3,12,2,12,2,12,1,12,0,12,0,12,0,12,-1,13,-1,13,-2,13,-1,14,-2,14,-2,14,-2,15,-2,15,-1,15,-1,15,0,14,1,14,1,14,2,14,3,0,0,0,0,0,0,0,0,0,0,0,0,0,0,0,0,0,0,0,0,0,0,9,1,9,2,9,3,10,3,10,4,10,5,10,6,10,6,9,7,9,7,9,7,8,7,8,7,8,7,8,7,8,6,9,6,9,6,9,6,10,5,10,5,11,5,11,4,11,5,11,5,12,4]"
2025-08-18 21:58:55.536600,CSI_DATA,707,1a:00:00:00:00:00,-52,11,0,0,0,0,0,0,0,0,0,-94,0,1,0,120511754,0,31,0,128,0,"[0,0,-7,11,-7,11,-7,11,-7,11,-6,12,-5,12,-5,12,-4,12,-4,12,-3,12,-3,12,-2,13,-2,13,-1,13,-2,14,-2,14,-1,15,-2,15,-2,15,-2,15,-3,15,-3,15,-4,15,-4,14,-5,14,-6,14,0,0,0,0,0,0,0,0,0,0,0,0,0,0,0,0,0,0,0,0,0,0,-4,9,-5,9,-6,9,-7,9,-8,9,-9,9,-10,8,-10,8,-10,7,-11,7,-11,7,-11,7,-10,7,-10,7,-10,7,-10,7,-9,7,-9,8,-9,8,-8,9,-8,9,-8,9,-8,10,-8,10,-8,10,-8,11]"
2025-08-18 21:58:55.742530,CSI_DATA,708,1a:00:00:00:00:00,-52,11,0,0,0,0,0,0,0,0,0,-94,0,1,0,120712872,0,31,0,128,0,"[0,0,-1,-14,-2,-14,-2,-14,-3,-14,-3,-13,-3,-13,-4,-13,-4,-13,-5,-13,-6,-13,-6,-12,-7,-12,-7,-12,-8,-13,-8,-13,-8,-13,-8,-13,-8,-14,-8,-14,-8,-14,-7,-14,-7,-15,-7,-15,-6,-15,-5,-15,-4,-15,0,0,0,0,0,0,0,0,0,0,0,0,0,0,0,0,0,0,0,0,0,0,-3,-10,-2,-10,-2,-11,-1,-12,0,-12,1,-13,2,-13,3,-13,3,-13,3,-13,4,-12,4,-12,3,-12,3,-12,3,-12,3,-12,2,-12,2,-12,1,-12,1,-12,1,-13,0,-13,0,-13,-1,-14,-1,-14,-1,-14]"
2025-08-18 21:58:55.941550,CSI_DATA,709,1a:00:00:00:00:00,-52,11,0,0,0,0,0,0,0,0,0,-94,0,1,0,120914033,0,31,0,128,0,"[0,0,-14,3,-14,3,-13,3,-14,3,-13,4,-13,4,-13,4,-12,5,-12,6,-12,6,-12,7,-12,7,-12,8,-12,8,-12,9,-12,9,-13,9,-13,9,-14,9,-14,9,-14,8,-14,8,-14,7,-14,7,-15,6,-15,5,0,0,0,0,0,0,0,0,0,0,0,0,0,0,0,0,0,0,0,0,0,0,-9,4,-10,3,-11,2,-12,2,-12,1,-13,0,-13,-1,-14,-1,-14,-2,-13,-2,-13,-3,-13,-3,-13,-3,-13,-3,-12,-2,-12,-2,-13,-1,-13,-1,-13,-1,-13,0,-13,0,-13,0,-14,1,-14,2,-14,2,-14,2]"
2025-08-18 21:58:56.145153,CSI_DATA,710,1a:00:00:00:00:00,-52,11,0,0,0,0,0,0,0,0,0,-94,0,1,0,121115169,0,31,0,128,0,"[0,0,-14,-4,-14,-4,-13,-4,-14,-3,-13,-2,-13,-2,-13,-2,-13,-1,-13,0,-14,1,-13,1,-14,1,-14,2,-14,2,-15,3,-15,3,-15,3,-15,3,-16,3,-16,2,-16,2,-16,1,-16,1,-16,0,-16,0,-16,-1,0,0,0,0,0,0,0,0,0,0,0,0,0,0,0,0,0,0,0,0,0,0,-10,-1,-10,-2,-11,-3,-11,-4,-12,-5,-11,-6,-11,-6,-11,-7,-11,-8,-10,-8,-10,-8,-10,-8,-10,-8,-10,-8,-10,-8,-10,-7,-10,-7,-11,-6,-11,-6,-11,-6,-12,-5,-12,-5,-13,-5,-13,-5,-13,-4,-13,-4]"
2025-08-18 21:58:56.210144,CSI_DATA,711,1a:00:00:00:00:00,-52,11,0,0,0,0,0,0,0,0,0,-94,0,1,0,121178351,0,42,0,128,0,"[0,0,-7,-12,-8,-12,-8,-12,-7,-11,-8,-11,-9,-11,-9,-11,-9,-10,-10,-9,-10,-9,-10,-9,-11,-9,-12,-8,-12,-8,-12,-8,-13,-8,-13,-8,-13,-8,-14,-9,-13,-9,-13,-9,-13,-10,-13,-10,-12,-11,-11,-11,-11,-11,0,0,0,0,0,0,0,0,0,0,0,0,0,0,0,0,0,0,0,0,0,0,-5,-8,-5,-10,-14,-21,-2,-10,-6,-10,-3,-11,-4,-13,-1,-13,-2,-13,-1,-14,-1,-13,-1,-13,-1,-13,-1,-12,-2,-12,-2,-12,-2,-12,-3,-12,-3,-12,-4,-12,-5,-12,-5,-12,-5,-12,-6,-13,-6,-13,-6,-12]"
2025-08-18 21:58:56.267714,CSI_DATA,712,1a:00:00:00:00:00,-52,11,0,0,0,0,0,0,0,0,0,-94,0,1,0,121243511,0,31,0,128,0,"[0,0,-2,13,-2,13,-1,13,-1,13,-1,13,0,13,0,12,1,12,1,12,2,12,3,12,3,12,4,13,4,13,4,13,4,13,4,13,4,14,4,14,3,14,3,15,3,15,2,15,2,15,1,15,0,15,0,0,0,0,0,0,0,0,0,0,0,0,0,0,0,0,0,0,0,0,0,0,1,9,0,10,-1,10,-1,11,-2,11,-3,12,-4,11,-5,11,-6,11,-5,11,-6,11,-6,10,-6,10,-6,10,-5,11,-5,10,-5,11,-4,10,-4,11,-4,11,-3,11,-3,12,-3,12,-2,12,-2,13,-2,13]"
2025-08-18 21:58:56.676160,CSI_DATA,713,1a:00:00:00:00:00,-52,11,0,0,0,0,0,0,0,0,0,-94,0,1,0,121444677,0,31,0,128,0,"[0,0,10,7,11,7,11,6,11,6,11,6,11,5,11,5,12,4,12,4,12,3,12,2,12,2,13,2,13,2,14,1,14,1,14,2,14,2,15,2,15,3,15,3,14,4,14,4,14,5,14,5,13,6,0,0,0,0,0,0,0,0,0,0,0,0,0,0,0,0,0,0,0,0,0,0,8,3,9,3,9,5,9,6,9,6,9,7,8,8,8,8,8,9,7,10,6,10,7,10,6,10,7,9,7,9,7,9,7,8,7,8,8,8,8,8,9,8,9,7,10,7,10,8,10,8,11,7]"
2025-08-18 21:58:56.681656,CSI_DATA,714,1a:00:00:00:00:00,-52,11,0,0,0,0,0,0,0,0,0,-94,0,1,0,121645809,0,31,0,128,0,"[0,0,-13,4,-13,4,-13,4,-13,5,-13,5,-12,5,-12,6,-11,6,-11,7,-11,8,-10,8,-10,9,-10,9,-10,9,-10,10,-10,10,-11,11,-11,11,-12,11,-12,10,-12,10,-12,10,-13,9,-13,9,-13,8,-13,7,0,0,0,0,0,0,0,0,0,0,0,0,0,0,0,0,0,0,0,0,0,0,-9,4,-10,4,-11,3,-11,2,-12,2,-12,1,-13,1,-13,0,-13,-1,-13,-1,-13,-1,-13,-2,-12,-2,-13,-1,-12,-1,-12,-1,-12,0,-12,0,-12,1,-12,1,-13,2,-13,2,-13,3,-13,3,-13,4,-13,4]"
2025-08-18 21:58:56.891294,CSI_DATA,715,1a:00:00:00:00:00,-52,11,0,0,0,0,0,0,0,0,0,-94,0,1,0,121846964,0,31,0,128,0,"[0,0,-11,-8,-11,-8,-11,-8,-11,-7,-11,-7,-11,-7,-12,-6,-12,-6,-12,-5,-12,-5,-12,-4,-13,-4,-13,-4,-14,-3,-14,-3,-14,-3,-15,-3,-15,-3,-15,-4,-15,-4,-15,-5,-15,-5,-15,-6,-14,-6,-14,-6,-14,-7,0,0,0,0,0,0,0,0,0,0,0,0,0,0,0,0,0,0,0,0,0,0,-9,-4,-9,-5,-9,-7,-9,-7,-9,-8,-8,-9,-8,-10,-8,-10,-7,-11,-7,-11,-6,-11,-6,-11,-6,-11,-6,-11,-6,-10,-7,-10,-7,-10,-7,-9,-8,-9,-9,-9,-9,-9,-9,-9,-10,-9,-10,-9,-10,-9,-10,-8]"
2025-08-18 21:58:57.069408,CSI_DATA,716,1a:00:00:00:00:00,-52,11,0,0,0,0,0,0,0,0,0,-94,0,1,0,122048118,0,31,0,128,0,"[0,0,6,12,6,11,6,11,7,11,7,11,7,10,7,10,8,10,8,9,8,9,9,8,10,8,10,8,11,8,11,8,11,8,12,9,12,9,11,9,11,10,11,10,11,10,10,11,10,11,9,11,9,12,0,0,0,0,0,0,0,0,0,0,0,0,0,0,0,0,0,0,0,0,0,0,6,7,6,7,5,9,5,9,5,10,4,11,3,12,2,12,2,12,1,12,1,12,0,12,1,12,1,11,1,11,1,11,2,11,2,11,3,11,3,11,3,11,4,11,4,11,5,11,6,12,6,11]"
2025-08-18 21:58:57.274019,CSI_DATA,717,1a:00:00:00:00:00,-52,11,0,0,0,0,0,0,0,0,0,-94,0,1,0,122250389,0,31,0,128,0,"[0,0,12,1,12,0,12,0,13,0,12,-1,12,-1,12,-2,12,-2,12,-3,12,-4,12,-4,12,-5,12,-5,12,-5,12,-6,12,-6,13,-6,13,-6,14,-6,14,-6,14,-5,14,-5,14,-4,14,-4,14,-3,14,-2,0,0,0,0,0,0,0,0,0,0,0,0,0,0,0,0,0,0,0,0,0,0,8,-2,8,-1,10,2,11,1,10,2,10,3,12,4,10,5,11,4,10,6,10,6,10,6,10,6,10,5,10,5,10,5,10,4,10,3,11,3,11,3,11,3,11,2,12,2,12,2,12,2,12,1]"
2025-08-18 21:58:57.478761,CSI_DATA,718,1a:00:00:00:00:00,-52,11,0,0,0,0,0,0,0,0,0,-94,0,1,0,122450670,0,31,0,128,0,"[0,0,3,-14,2,-13,1,-14,1,-14,1,-14,0,-13,0,-14,-1,-13,-1,-13,-2,-13,-2,-13,-3,-13,-3,-14,-4,-14,-4,-14,-4,-15,-4,-15,-4,-15,-4,-16,-4,-16,-3,-16,-3,-16,-2,-16,-2,-16,-1,-15,0,-16,0,0,0,0,0,0,0,0,0,0,0,0,0,0,0,0,0,0,0,0,0,0,0,-10,1,-11,2,-11,2,-11,3,-12,4,-12,5,-12,6,-11,6,-11,7,-11,7,-10,7,-10,7,-10,6,-10,6,-10,6,-10,5,-10,5,-11,4,-11,4,-11,4,-12,4,-12,3,-12,3,-13,3,-13,3,-14]"
2025-08-18 21:58:57.680361,CSI_DATA,719,1a:00:00:00:00:00,-52,11,0,0,0,0,0,0,0,0,0,-94,0,1,0,122651720,0,31,0,128,0,"[0,0,-14,2,-13,3,-13,3,-13,3,-13,4,-12,4,-12,4,-12,5,-12,6,-12,6,-12,7,-11,7,-11,8,-11,8,-11,9,-11,9,-12,9,-12,10,-12,10,-13,9,-13,9,-13,9,-13,7,-14,7,-14,7,-14,6,0,0,0,0,0,0,0,0,0,0,0,0,0,0,0,0,0,0,0,0,0,0,-10,3,-11,2,-11,1,-12,0,-12,0,-13,-1,-13,-1,-13,-2,-13,-2,-13,-3,-13,-4,-12,-4,-12,-4,-12,-3,-12,-3,-12,-2,-12,-2,-12,-1,-12,-1,-12,0,-13,0,-13,0,-13,1,-13,1,-13,1,-14,2]"
2025-08-18 21:58:57.738499,CSI_DATA,720,1a:00:00:00:00:00,-52,11,0,0,0,0,0,0,0,0,0,-94,0,1,0,122714351,0,42,0,128,0,"[0,0,13,-1,13,-1,13,-1,13,-2,13,-3,12,-3,12,-3,12,-4,12,-5,12,-6,12,-6,12,-6,12,-7,12,-7,12,-8,12,-8,13,-8,13,-8,13,-8,14,-8,14,-7,14,-7,14,-6,14,-6,14,-5,14,-4,0,0,0,0,0,0,0,0,0,0,0,0,0,0,0,0,0,0,0,0,0,0,9,-2,10,-2,10,-1,11,0,12,1,12,2,12,3,12,3,12,4,11,4,11,4,11,5,11,4,11,4,11,4,11,3,11,3,11,2,12,2,12,2,12,1,12,1,13,0,13,0,13,0,14,0]"
2025-08-18 21:58:58.008683,CSI_DATA,721,1a:00:00:00:00:00,-52,11,0,0,0,0,0,0,0,0,0,-94,0,1,0,122779561,0,31,0,128,0,"[0,0,10,-10,9,-10,8,-10,9,-10,8,-11,8,-11,7,-11,7,-11,6,-11,6,-12,5,-12,5,-13,5,-13,4,-14,4,-14,4,-14,5,-14,5,-15,5,-15,6,-15,6,-15,6,-14,7,-14,7,-14,8,-13,9,-13,0,0,0,0,0,0,0,0,0,0,0,0,0,0,0,0,0,0,0,0,0,0,5,-8,6,-8,7,-8,8,-8,9,-8,10,-7,10,-7,11,-6,11,-6,11,-5,11,-5,11,-4,11,-5,11,-5,10,-5,10,-5,10,-6,10,-6,10,-7,10,-7,9,-7,10,-8,9,-8,9,-9,10,-9,10,-10]"
2025-08-18 21:58:58.015002,CSI_DATA,722,1a:00:00:00:00:00,-52,11,0,0,0,0,0,0,0,0,0,-94,0,1,0,122980673,0,31,0,128,0,"[0,0,3,-13,3,-14,2,-14,2,-14,2,-14,1,-14,1,-14,0,-14,0,-14,-1,-14,-2,-14,-2,-14,-2,-14,-3,-14,-3,-15,-3,-15,-4,-16,-3,-16,-3,-16,-3,-16,-2,-17,-2,-17,-1,-17,-1,-16,0,-16,1,-16,0,0,0,0,0,0,0,0,0,0,0,0,0,0,0,0,0,0,0,0,0,0,1,-10,2,-10,2,-11,3,-11,4,-12,5,-12,6,-12,7,-12,7,-11,7,-11,8,-10,8,-10,8,-10,7,-10,7,-10,7,-10,6,-10,6,-11,5,-11,5,-12,5,-12,4,-12,4,-13,4,-13,4,-13,4,-14]"
2025-08-18 21:58:58.217752,CSI_DATA,723,1a:00:00:00:00:00,-52,11,0,0,0,0,0,0,0,0,0,-94,0,1,0,123181817,0,31,0,128,0,"[0,0,10,-8,9,-9,9,-9,9,-9,8,-9,8,-10,8,-10,7,-10,6,-10,7,-11,6,-11,5,-11,5,-12,5,-12,5,-13,5,-13,5,-13,6,-14,6,-14,6,-14,6,-14,7,-13,7,-13,8,-12,8,-12,9,-12,0,0,0,0,0,0,0,0,0,0,0,0,0,0,0,0,0,0,0,0,0,0,6,-7,7,-7,8,-7,8,-6,9,-6,10,-6,10,-5,11,-5,11,-4,11,-4,11,-3,11,-3,11,-3,10,-3,10,-3,10,-4,10,-4,10,-5,10,-5,10,-6,10,-6,9,-7,10,-7,10,-7,10,-7,10,-8]"
2025-08-18 21:58:58.408482,CSI_DATA,724,1a:00:00:00:00:00,-52,11,0,0,0,0,0,0,0,0,0,-94,0,1,0,123383001,0,31,0,128,0,"[0,0,-9,9,-9,9,-9,9,-8,10,-8,10,-8,10,-7,10,-6,10,-6,11,-6,11,-5,11,-5,12,-5,12,-4,12,-4,13,-4,13,-4,14,-4,14,-5,14,-5,14,-6,14,-6,14,-6,13,-7,13,-8,12,-8,12,0,0,0,0,0,0,0,0,0,0,0,0,0,0,0,0,0,0,0,0,0,0,-6,7,-6,7,-7,7,-8,7,-9,7,-10,7,-11,6,-11,6,-11,5,-12,5,-12,4,-12,4,-11,4,-11,4,-11,5,-11,5,-10,5,-10,6,-10,6,-10,7,-10,7,-10,7,-10,8,-10,8,-10,8,-9,9]"
2025-08-18 21:58:58.603653,CSI_DATA,725,1a:00:00:00:00:00,-52,11,0,0,0,0,0,0,0,0,0,-94,0,1,0,123584368,0,31,0,128,0,"[0,0,9,8,9,8,9,8,9,7,10,7,10,7,10,6,10,6,10,5,10,5,11,4,11,4,12,4,12,4,12,3,13,3,13,4,14,4,14,4,13,5,13,5,13,6,12,6,12,7,12,7,11,7,0,0,0,0,0,0,0,0,0,0,0,0,0,0,0,0,0,0,0,0,0,0,7,4,8,5,7,6,7,7,7,7,7,8,6,9,6,9,6,10,5,10,5,10,4,10,4,10,5,10,5,10,5,9,5,9,6,9,6,9,6,9,7,9,7,9,8,8,8,8,8,8,9,8]"
2025-08-18 21:58:58.811530,CSI_DATA,726,1a:00:00:00:00:00,-52,11,0,0,0,0,0,0,0,0,0,-94,0,1,0,123785401,0,31,0,128,0,"[0,0,13,-5,12,-5,12,-5,12,-6,12,-6,11,-6,11,-6,11,-7,11,-8,10,-9,10,-9,10,-9,10,-10,10,-10,10,-11,10,-11,10,-11,11,-11,12,-11,12,-11,12,-11,12,-10,12,-10,13,-9,13,-9,13,-8,0,0,0,0,0,0,0,0,0,0,0,0,0,0,0,0,0,0,0,0,0,0,8,-5,9,-5,10,-4,11,-4,11,-3,12,-2,12,-1,13,-1,13,0,12,0,12,1,12,1,12,1,12,1,11,0,11,0,11,-1,11,-1,12,-2,12,-2,12,-2,12,-3,12,-4,12,-4,13,-4,13,-4]"
2025-08-18 21:58:59.019031,CSI_DATA,727,1a:00:00:00:00:00,-52,11,0,0,0,0,0,0,0,0,0,-94,0,1,0,123986556,0,31,0,128,0,"[0,0,-8,-13,-8,-12,-8,-12,-8,-11,-9,-12,-9,-11,-9,-11,-10,-10,-10,-9,-10,-9,-11,-9,-12,-9,-12,-9,-13,-8,-13,-8,-14,-8,-14,-9,-14,-9,-14,-9,-14,-9,-14,-10,-13,-11,-13,-11,-12,-11,-11,-11,-11,-12,0,0,0,0,0,0,0,0,0,0,0,0,0,0,0,0,0,0,0,0,0,0,-7,-7,-7,-9,-7,-10,-6,-11,-6,-11,-5,-12,-5,-13,-4,-13,-3,-13,-3,-13,-2,-13,-2,-13,-2,-13,-3,-13,-3,-13,-3,-12,-3,-12,-4,-12,-5,-12,-5,-12,-6,-12,-6,-12,-6,-12,-7,-12,-7,-12,-8,-12]"
2025-08-18 21:58:59.211281,CSI_DATA,728,1a:00:00:00:00:00,-52,11,0,0,0,0,0,0,0,0,0,-94,0,1,0,124187713,0,31,0,128,0,"[0,0,13,0,13,0,13,-1,13,-1,13,-2,13,-2,13,-3,12,-3,12,-4,12,-5,12,-5,12,-5,12,-6,12,-6,13,-7,13,-7,13,-7,14,-7,14,-7,14,-7,15,-7,15,-6,15,-5,15,-4,15,-3,15,-3,0,0,0,0,0,0,0,0,0,0,0,0,0,0,0,0,0,0,0,0,0,0,9,-2,10,-1,10,0,11,0,12,1,12,2,12,2,12,3,12,4,11,5,11,5,11,5,10,5,11,5,11,4,10,4,11,4,11,3,11,2,12,2,12,2,13,1,12,1,13,1,13,1,13,0]"
2025-08-18 21:58:59.270894,CSI_DATA,729,1a:00:00:00:00:00,-52,11,0,0,0,0,0,0,0,0,0,-94,0,1,0,124250329,0,42,0,128,0,"[0,0,5,12,6,12,6,11,6,11,7,11,7,10,7,10,8,10,8,9,8,9,9,9,9,9,10,9,10,8,11,8,11,8,11,9,11,9,11,9,11,10,11,10,11,11,10,11,9,11,9,11,8,12,0,0,0,0,0,0,0,0,0,0,0,0,0,0,0,0,0,0,0,0,0,0,5,7,5,8,5,9,4,10,4,11,3,11,2,12,2,12,1,12,0,12,0,12,0,12,0,12,0,11,0,11,1,11,1,11,2,11,2,11,3,11,3,11,4,11,4,12,4,12,4,12,5,12]"
2025-08-18 21:58:59.341431,CSI_DATA,730,1a:00:00:00:00:00,-52,11,0,0,0,0,0,0,0,0,0,-94,0,1,0,124315064,0,31,0,128,0,"[0,0,11,-7,10,-8,10,-8,10,-8,10,-9,10,-9,9,-9,9,-10,8,-10,8,-11,7,-11,7,-12,7,-12,7,-12,7,-13,7,-13,7,-13,7,-13,8,-14,9,-13,9,-13,9,-13,9,-13,9,-12,10,-12,10,-11,0,0,0,0,0,0,0,0,0,0,0,0,0,0,0,0,0,0,0,0,0,0,7,-7,8,-7,8,-6,9,-6,10,-6,11,-5,12,-4,12,-4,12,-3,12,-3,12,-3,12,-2,12,-3,11,-3,11,-3,11,-3,11,-3,11,-4,10,-4,11,-5,11,-5,11,-6,11,-6,11,-7,11,-7,11,-8]"
2025-08-18 21:58:59.546005,CSI_DATA,731,1a:00:00:00:00:00,-52,11,0,0,0,0,0,0,0,0,0,-94,0,1,0,124516643,0,31,0,128,0,"[0,0,-2,-14,-3,-14,-3,-13,-3,-14,-4,-13,-4,-13,-5,-13,-5,-13,-5,-12,-6,-12,-6,-12,-7,-12,-8,-12,-8,-12,-9,-12,-9,-12,-9,-13,-9,-14,-9,-13,-9,-13,-8,-15,-8,-14,-7,-15,-6,-15,-5,-15,-5,-15,0,0,0,0,0,0,0,0,0,0,0,0,0,0,0,0,0,0,0,0,0,0,-4,-9,-3,-10,-3,-11,-2,-11,-1,-12,0,-12,0,-13,1,-13,1,-13,2,-13,3,-12,3,-12,3,-12,3,-12,2,-12,2,-12,1,-12,1,-12,0,-12,0,-13,-1,-13,-1,-13,-1,-13,-1,-13,-1,-13,-2,-14]"
2025-08-18 21:58:59.757128,CSI_DATA,732,1a:00:00:00:00:00,-52,11,0,0,0,0,0,0,0,0,0,-94,0,1,0,124717783,0,31,0,128,0,"[0,0,10,-9,9,-10,9,-10,9,-10,8,-10,8,-10,8,-10,7,-11,6,-11,6,-12,6,-12,5,-13,5,-13,5,-13,5,-14,5,-14,5,-15,5,-14,6,-15,6,-15,7,-14,7,-14,8,-14,8,-13,9,-13,9,-12,0,0,0,0,0,0,0,0,0,0,0,0,0,0,0,0,0,0,0,0,0,0,5,-8,6,-8,7,-8,8,-8,9,-8,10,-7,11,-7,11,-6,11,-5,12,-5,11,-5,11,-4,11,-4,10,-4,10,-5,10,-5,10,-5,10,-6,10,-6,10,-7,10,-7,10,-8,10,-8,10,-9,10,-9,10,-9]"
2025-08-18 21:58:59.960392,CSI_DATA,733,1a:00:00:00:00:00,-52,11,0,0,0,0,0,0,0,0,0,-94,0,1,0,124918895,0,31,0,128,0,"[0,0,-14,3,-13,4,-13,4,-13,4,-13,5,-12,5,-8,2,-11,6,-12,6,-11,7,-10,8,-10,8,-10,9,-11,9,-10,9,-11,10,-11,10,-12,10,-12,10,-12,10,-13,10,-13,9,-13,9,-13,8,-13,8,-14,7,0,0,0,0,0,0,0,0,0,0,0,0,0,0,0,0,0,0,0,0,0,0,-9,4,-10,4,-11,3,-12,2,-12,2,-13,1,-13,0,-13,0,-13,-1,-13,-2,-13,-1,-13,-2,-13,-2,-12,-1,-12,-1,-12,-1,-13,-1,-12,0,-13,1,-12,1,-13,1,-13,2,-13,2,-13,3,-13,3,-13,4]"
2025-08-18 21:59:00.143424,CSI_DATA,734,1a:00:00:00:00:00,-52,11,0,0,0,0,0,0,0,0,0,-94,0,1,0,125120059,0,31,0,128,0,"[0,0,-2,13,-1,13,-1,13,-1,13,0,13,0,13,1,12,1,13,1,12,2,12,3,12,4,12,4,13,5,13,5,13,5,13,5,13,5,14,5,14,5,14,4,15,4,15,3,15,2,15,1,14,1,15,0,0,0,0,0,0,0,0,0,0,0,0,0,0,0,0,0,0,0,0,0,0,0,9,-1,10,-1,10,-2,11,-3,11,-4,11,-5,11,-5,11,-6,11,-6,11,-7,10,-7,10,-6,10,-6,10,-6,10,-6,10,-5,10,-5,10,-4,11,-4,11,-3,11,-3,12,-3,12,-3,12,-2,13,-2,13]"
2025-08-18 21:59:00.350537,CSI_DATA,735,1a:00:00:00:00:00,-52,11,0,0,0,0,0,0,0,0,0,-94,0,1,0,125321208,0,31,0,128,0,"[0,0,-2,-14,-2,-14,-3,-13,-3,-14,-4,-14,-4,-13,-5,-13,-5,-13,-5,-13,-6,-12,-6,-12,-7,-12,-8,-12,-8,-12,-8,-12,-9,-13,-9,-13,-9,-13,-9,-14,-9,-14,-8,-14,-8,-15,-7,-15,-7,-15,-6,-14,-5,-15,0,0,0,0,0,0,0,0,0,0,0,0,0,0,0,0,0,0,0,0,0,0,-3,-10,-3,-10,-2,-11,-1,-12,-1,-12,1,-13,1,-13,2,-13,3,-13,3,-13,4,-12,4,-12,3,-12,3,-12,3,-12,3,-12,2,-12,1,-12,1,-12,0,-13,0,-13,0,-13,-1,-13,-1,-13,-1,-14,-1,-14]"
2025-08-18 21:59:00.553994,CSI_DATA,736,1a:00:00:00:00:00,-52,11,0,0,0,0,0,0,0,0,0,-94,0,1,0,125522444,0,31,0,128,0,"[0,0,-8,-12,-9,-12,-9,-12,-9,-11,-10,-11,-10,-10,-10,-10,-11,-9,-11,-9,-11,-8,-12,-8,-13,-8,-13,-7,-13,-7,-13,-7,-14,-7,-14,-7,-14,-8,-14,-8,-14,-9,-14,-9,-14,-10,-13,-10,-13,-10,-12,-11,-12,-11,0,0,0,0,0,0,0,0,0,0,0,0,0,0,0,0,0,0,0,0,0,0,-8,-7,-8,-8,-7,-9,-7,-10,-7,-11,-6,-12,-5,-12,-5,-13,-4,-13,-4,-13,-3,-13,-3,-13,-3,-13,-4,-13,-4,-12,-4,-12,-4,-12,-5,-12,-6,-12,-6,-12,-6,-12,-7,-12,-7,-12,-8,-12,-8,-12,-8,-12]"
2025-08-18 21:59:00.750388,CSI_DATA,737,1a:00:00:00:00:00,-52,11,0,0,0,0,0,0,0,0,0,-94,0,1,0,125723728,0,31,0,128,0,"[0,0,5,-13,4,-13,4,-13,4,-13,3,-13,3,-13,2,-13,1,-13,1,-13,0,-13,0,-14,-1,-14,-1,-14,-2,-14,-2,-14,-2,-15,-2,-16,-2,-16,-2,-16,-1,-16,-1,-16,0,-16,0,-16,1,-16,2,-16,2,-15,0,0,0,0,0,0,0,0,0,0,0,0,0,0,0,0,0,0,0,0,0,0,2,-10,2,-10,3,-10,4,-11,5,-11,6,-11,7,-11,8,-10,8,-10,8,-10,8,-9,8,-9,8,-9,8,-9,8,-9,7,-9,7,-9,7,-10,6,-10,6,-11,6,-11,6,-11,5,-12,5,-12,5,-13,5,-13]"
2025-08-18 21:59:00.811159,CSI_DATA,738,1a:00:00:00:00:00,-52,11,0,0,0,0,0,0,0,0,0,-94,0,1,0,125786311,0,42,0,128,0,"[0,0,10,-8,9,-8,9,-9,9,-9,9,-9,8,-9,8,-9,7,-10,7,-10,6,-11,6,-11,6,-11,5,-12,5,-12,5,-13,5,-13,5,-13,6,-14,7,-14,7,-13,7,-13,7,-13,8,-12,8,-12,8,-11,9,-11,0,0,0,0,0,0,0,0,0,0,0,0,0,0,0,0,0,0,0,0,0,0,5,-7,7,-7,7,-7,8,-6,9,-6,10,-6,10,-5,11,-5,11,-4,11,-4,11,-4,11,-3,10,-3,10,-3,10,-4,10,-3,10,-4,10,-5,10,-5,10,-5,9,-6,10,-6,10,-7,9,-7,9,-8,10,-8]"
2025-08-18 21:59:00.882513,CSI_DATA,739,1a:00:00:00:00:00,-52,11,0,0,0,0,0,0,0,0,0,-94,0,1,0,125851419,0,31,0,128,0,"[0,0,-13,-7,-13,-8,-12,-7,-13,-6,-13,-6,-13,-6,-13,-5,-13,-5,-13,-4,-14,-3,-14,-3,-14,-2,-14,-2,-14,-2,-16,-1,-15,-1,-16,-1,-16,-1,-17,-2,-16,-3,-16,-3,-16,-4,-17,-4,-16,-4,-15,-5,-15,-6,0,0,0,0,0,0,0,0,0,0,0,0,0,0,0,0,0,0,0,0,0,0,-10,-3,-10,-4,-10,-6,-10,-7,-11,-8,-10,-8,-10,-9,-9,-10,-9,-10,-9,-11,-8,-11,-8,-11,-8,-10,-8,-10,-8,-10,-8,-10,-8,-9,-9,-9,-10,-9,-10,-9,-10,-8,-11,-8,-12,-8,-12,-8,-12,-8,-12,-7]"
2025-08-18 21:59:01.145781,CSI_DATA,740,1a:00:00:00:00:00,-52,11,0,0,0,0,0,0,0,0,0,-94,0,1,0,126052469,0,31,0,128,0,"[0,0,10,-9,10,-9,9,-9,9,-10,8,-10,8,-10,7,-11,7,-11,7,-11,7,-12,6,-12,6,-12,5,-13,5,-13,5,-14,5,-14,5,-15,6,-14,6,-14,7,-15,7,-14,7,-14,8,-14,8,-13,9,-12,9,-12,0,0,0,0,0,0,0,0,0,0,0,0,0,0,0,0,0,0,0,0,0,0,6,-8,6,-8,8,-8,8,-7,9,-7,10,-6,11,-6,11,-6,11,-5,12,-4,11,-4,11,-4,11,-4,11,-4,10,-4,11,-4,10,-5,11,-6,10,-6,10,-6,10,-7,10,-8,10,-8,10,-8,10,-8,10,-9]"
2025-08-18 21:59:01.284489,CSI_DATA,741,1a:00:00:00:00:00,-52,11,0,0,0,0,0,0,0,0,0,-94,0,1,0,126253608,0,31,0,128,0,"[0,0,4,-13,3,-13,3,-13,3,-13,2,-13,2,-13,1,-13,1,-14,0,-13,0,-13,-1,-14,-2,-14,-2,-14,-2,-15,-2,-15,-3,-15,-3,-15,-2,-16,-2,-16,-2,-16,-1,-16,-1,-16,0,-16,0,-16,1,-15,2,-16,0,0,0,0,0,0,0,0,0,0,0,0,0,0,0,0,0,0,0,0,0,0,0,-10,1,-11,2,-11,3,-11,4,-11,5,-11,6,-11,7,-11,7,-11,7,-10,8,-10,8,-10,7,-10,7,-10,7,-10,6,-10,6,-10,6,-10,6,-11,5,-11,5,-11,5,-12,4,-12,4,-12,4,-13,4,-13]"
2025-08-18 21:59:01.481636,CSI_DATA,742,1a:00:00:00:00:00,-52,11,0,0,0,0,0,0,0,0,0,-94,0,1,0,126454879,0,31,0,128,0,"[0,0,5,-13,4,-13,4,-13,4,-13,3,-13,3,-13,2,-13,2,-13,1,-13,1,-14,0,-14,-1,-14,-1,-14,-1,-14,-2,-15,-1,-15,-2,-15,-1,-16,-1,-16,-1,-16,0,-16,0,-16,1,-16,1,-16,2,-15,3,-15,0,0,0,0,0,0,0,0,0,0,0,0,0,0,0,0,0,0,0,0,0,0,1,-10,2,-10,3,-11,4,-11,5,-11,6,-11,7,-11,7,-10,8,-10,8,-10,8,-9,8,-9,8,-9,8,-9,8,-9,7,-9,7,-9,6,-10,6,-10,6,-10,6,-11,6,-11,6,-12,5,-12,5,-12,5,-13]"
2025-08-18 21:59:01.685306,CSI_DATA,743,1a:00:00:00:00:00,-52,11,0,0,0,0,0,0,0,0,0,-94,0,1,0,126655999,0,31,0,128,0,"[0,0,-14,-4,-13,-4,-14,-4,-14,-3,-14,-3,-14,-2,-14,-2,-14,-1,-14,0,-13,1,-14,1,-14,2,-14,2,-15,3,-15,3,-15,4,-15,3,-16,4,-16,4,-16,3,-16,3,-16,2,-16,1,-16,1,-16,1,-16,0,0,0,0,0,0,0,0,0,0,0,0,0,0,0,0,0,0,0,0,0,0,0,-10,-2,-10,-3,-21,-14,-10,-5,-11,-6,-11,-7,-11,-8,-11,-8,-10,-9,-10,-9,-10,-9,-9,-9,-10,-9,-9,-9,-10,-9,-10,-8,-10,-8,-11,-7,-11,-7,-11,-7,-12,-6,-12,-6,-13,-6,-13,-6,-13,-5,-13,-5]"
2025-08-18 21:59:01.882815,CSI_DATA,744,1a:00:00:00:00:00,-52,11,0,0,0,0,0,0,0,0,0,-94,0,1,0,126857308,0,31,0,128,0,"[0,0,7,-11,7,-11,6,-12,6,-12,5,-12,5,-12,5,-12,4,-13,4,-12,3,-13,3,-14,2,-13,2,-14,1,-14,2,-14,2,-15,1,-15,2,-15,2,-16,3,-16,3,-16,4,-16,4,-15,5,-15,5,-15,6,-14,0,0,0,0,0,0,0,0,0,0,0,0,0,0,0,0,0,0,0,0,0,0,3,-9,4,-10,5,-9,6,-10,7,-9,8,-10,9,-9,9,-9,10,-8,10,-8,10,-8,10,-7,9,-7,9,-7,9,-7,9,-7,9,-8,8,-8,8,-9,8,-9,8,-9,8,-10,7,-11,7,-11,7,-11,7,-12]"
2025-08-18 21:59:02.089329,CSI_DATA,745,1a:00:00:00:00:00,-52,11,0,0,0,0,0,0,0,0,0,-94,0,1,0,127058455,0,31,0,128,0,"[0,0,-11,-10,-10,-9,-11,-9,-11,-8,-11,-8,-11,-8,-11,-8,-12,-7,-12,-6,-12,-6,-13,-6,-13,-5,-13,-5,-14,-5,-14,-4,-15,-5,-14,-5,-15,-5,-16,-6,-15,-6,-15,-6,-15,-7,-14,-7,-14,-8,-14,-8,-13,-9,0,0,0,0,0,0,0,0,0,0,0,0,0,0,0,0,0,0,0,0,0,0,-9,-5,-9,-6,-9,-7,-9,-8,-9,-9,-9,-10,-8,-11,-7,-11,-7,-11,-6,-11,-6,-12,-6,-11,-6,-12,-6,-11,-6,-11,-6,-10,-7,-11,-7,-10,-8,-10,-8,-10,-9,-10,-9,-10,-9,-10,-10,-10,-10,-10,-10,-10]"
2025-08-18 21:59:02.344255,CSI_DATA,746,1a:00:00:00:00:00,-52,11,0,0,0,0,0,0,0,0,0,-94,0,1,0,127259585,0,31,0,128,0,"[0,0,-10,9,-10,9,-9,9,-9,10,-9,10,-8,10,-8,10,-7,11,-7,11,-6,11,-6,12,-5,12,-5,12,-5,13,-5,13,-5,14,-5,14,-5,14,-6,14,-6,14,-6,14,-7,14,-7,14,-8,13,-8,13,-9,12,0,0,0,0,0,0,0,0,0,0,0,0,0,0,0,0,0,0,0,0,0,0,-6,7,-7,7,-8,7,-9,7,-9,7,-11,7,-11,6,-12,6,-12,5,-12,5,-12,4,-12,4,-12,4,-11,4,-11,4,-11,5,-11,5,-11,5,-11,6,-10,7,-10,7,-10,7,-10,8,-10,8,-10,8,-10,9]"
2025-08-18 21:59:02.349487,CSI_DATA,747,1a:00:00:00:00:00,-52,11,0,0,0,0,0,0,0,0,0,-94,0,1,0,127322343,0,42,0,128,0,"[0,0,4,12,5,12,5,11,5,12,6,11,6,11,6,11,7,10,7,10,8,10,8,10,9,9,9,9,9,9,10,9,10,9,10,10,10,10,10,10,10,11,10,11,9,12,8,12,8,12,7,12,6,13,0,0,0,0,0,0,0,0,0,0,0,0,0,0,0,0,0,0,0,0,0,0,5,7,4,8,4,9,4,10,3,11,2,11,2,12,1,12,1,12,0,12,-1,12,-1,12,0,12,0,11,0,11,0,11,0,11,1,11,1,11,2,12,2,12,3,12,3,12,3,12,3,12,4,12]"
2025-08-18 21:59:02.413538,CSI_DATA,748,1a:00:00:00:00:00,-52,11,0,0,0,0,0,0,0,0,0,-94,0,1,0,127388090,0,31,0,128,0,"[0,0,-6,12,-6,12,-5,12,-5,12,-5,12,-4,12,-3,12,-3,13,-3,13,-2,13,-1,13,-1,13,0,13,0,14,0,14,0,15,0,15,0,15,-1,15,-1,16,-2,15,-2,15,-2,15,-3,15,-4,15,-5,15,0,0,0,0,0,0,0,0,0,0,0,0,0,0,0,0,0,0,0,0,0,0,-2,9,-3,10,-4,10,-5,10,-6,10,-7,10,-8,10,-9,10,-9,9,-9,9,-10,9,-10,8,-9,8,-9,8,-9,8,-9,8,-8,9,-8,9,-8,9,-8,10,-7,10,-7,11,-7,11,-6,12,-6,12,-6,12]"
2025-08-18 21:59:02.613781,CSI_DATA,749,1a:00:00:00:00:00,-52,11,0,0,0,0,0,0,0,0,0,-94,0,1,0,127588894,0,31,0,128,0,"[0,0,-9,11,-8,11,-8,11,-8,11,-7,11,-7,11,-7,11,-6,12,-6,12,-5,12,-4,12,-3,13,-3,13,-3,13,-3,14,-3,14,-3,15,-4,15,-4,15,-5,15,-5,15,-6,15,-6,15,-6,14,-7,14,-8,13,0,0,0,0,0,0,0,0,0,0,0,0,0,0,0,0,0,0,0,0,0,0,-4,9,-5,9,-6,9,-7,9,-8,9,-9,8,-10,8,-11,7,-11,7,-11,7,-11,6,-11,6,-11,6,-11,6,-11,6,-11,6,-10,7,-10,7,-9,8,-9,8,-9,8,-9,9,-9,9,-9,10,-9,10,-9,10]"
2025-08-18 21:59:02.821029,CSI_DATA,750,1a:00:00:00:00:00,-52,11,0,0,0,0,0,0,0,0,0,-94,0,1,0,127790048,0,31,0,128,0,"[0,0,-12,-7,-13,-7,-12,-7,-13,-6,-13,-5,-13,-5,-13,-4,-13,-4,-13,-4,-13,-3,-13,-2,-14,-1,-14,-1,-14,-1,-15,-1,-15,0,-16,-1,-15,-1,-16,-1,-16,-2,-16,-2,-16,-3,-16,-3,-15,-3,-16,-4,-15,-5,0,0,0,0,0,0,0,0,0,0,0,0,0,0,0,0,0,0,0,0,0,0,-9,-3,-10,-4,-10,-5,-10,-6,-10,-7,-10,-8,-10,-9,-9,-9,-9,-10,-9,-10,-8,-10,-8,-10,-8,-10,-8,-10,-8,-10,-8,-9,-8,-9,-9,-8,-9,-8,-10,-8,-10,-8,-11,-8,-11,-7,-12,-7,-12,-7,-12,-7]"
2025-08-18 21:59:03.028567,CSI_DATA,751,1a:00:00:00:00:00,-52,11,0,0,0,0,0,0,0,0,0,-94,0,1,0,127991333,0,31,0,128,0,"[0,0,-1,-13,-2,-13,-3,-13,-2,-13,-3,-13,-4,-12,-4,-12,-5,-12,-5,-12,-6,-12,-6,-12,-7,-11,-7,-12,-8,-12,-8,-12,-8,-12,-8,-12,-8,-13,-8,-13,-8,-13,-7,-13,-7,-14,-7,-14,-6,-14,-5,-14,-5,-14,0,0,0,0,0,0,0,0,0,0,0,0,0,0,0,0,0,0,0,0,0,0,-3,-9,-1,-9,-7,-6,-1,-9,-2,-11,4,-15,0,-14,3,-12,2,-12,3,-12,3,-12,3,-12,3,-12,3,-11,2,-11,2,-11,2,-11,1,-11,1,-12,0,-12,0,-12,0,-12,-1,-12,-1,-13,-1,-13,-1,-13]"
2025-08-18 21:59:03.219691,CSI_DATA,752,1a:00:00:00:00:00,-52,11,0,0,0,0,0,0,0,0,0,-94,0,1,0,128192528,0,31,0,128,0,"[0,0,-13,3,-13,3,-13,3,-13,4,-12,4,-12,4,-12,5,-11,5,-11,6,-11,7,-11,7,-10,8,-11,8,-10,9,-11,9,-11,9,-11,9,-11,10,-12,10,-12,9,-12,9,-13,9,-13,8,-13,8,-13,7,-14,7,0,0,0,0,0,0,0,0,0,0,0,0,0,0,0,0,0,0,0,0,0,0,-9,3,-10,2,-5,12,-12,1,-12,1,-12,0,-13,-1,-13,-2,-13,-2,-13,-3,-13,-3,-12,-3,-12,-3,-12,-3,-12,-2,-12,-2,-12,-1,-12,-1,-12,-1,-12,0,-12,0,-13,1,-13,2,-13,2,-13,2,-13,2]"
2025-08-18 21:59:03.418235,CSI_DATA,753,1a:00:00:00:00:00,-52,11,0,0,0,0,0,0,0,0,0,-94,0,1,0,128393631,0,31,0,128,0,"[0,0,-3,13,-3,13,-2,13,-2,13,-1,13,-1,13,-1,13,0,13,0,13,1,13,2,13,3,13,3,13,3,13,3,13,3,14,3,14,3,15,3,15,3,15,2,15,2,16,1,15,1,15,0,15,-1,15,0,0,0,0,0,0,0,0,0,0,0,0,0,0,0,0,0,0,0,0,0,0,0,9,-1,10,-2,10,-3,11,-3,11,-5,12,-6,12,-6,11,-7,11,-7,11,-7,11,-7,10,-7,10,-7,10,-7,10,-6,10,-6,10,-5,10,-5,11,-5,11,-4,12,-4,12,-4,12,-3,13,-3,13,-3,13]"
2025-08-18 21:59:03.620969,CSI_DATA,754,1a:00:00:00:00:00,-52,11,0,0,0,0,0,0,0,0,0,-94,0,1,0,128595165,0,31,0,128,0,"[0,0,5,-12,5,-12,4,-12,4,-12,4,-13,3,-12,3,-12,2,-12,2,-12,1,-13,0,-13,0,-13,-1,-13,-1,-14,-1,-14,-1,-14,-1,-14,-1,-15,0,-15,0,-15,0,-15,1,-15,1,-15,1,-15,2,-15,3,-14,0,0,0,0,0,0,0,0,0,0,0,0,0,0,0,0,0,0,0,0,0,0,2,-9,3,-10,4,-9,5,-10,5,-9,7,-10,7,-10,10,-8,10,-9,8,-8,9,-8,9,-8,8,-8,8,-8,8,-8,8,-8,7,-8,7,-9,7,-9,6,-10,6,-10,6,-10,6,-11,5,-11,5,-11,6,-12]"
2025-08-18 21:59:03.816293,CSI_DATA,755,1a:00:00:00:00:00,-52,11,0,0,0,0,0,0,0,0,0,-94,0,1,0,128796054,0,31,0,128,0,"[0,0,8,10,8,10,8,9,9,9,9,9,9,8,9,8,10,8,10,7,10,6,11,6,11,6,11,6,12,5,12,5,13,5,13,6,14,6,14,6,13,7,13,7,13,8,12,8,12,8,11,9,11,9,0,0,0,0,0,0,0,0,0,0,0,0,0,0,0,0,0,0,0,0,0,0,7,5,7,6,6,7,6,8,6,9,6,10,5,11,5,11,4,11,3,11,3,11,3,11,3,11,3,11,3,11,3,10,4,10,4,10,5,10,6,10,6,10,6,10,7,10,7,10,8,10,8,10]"
2025-08-18 21:59:03.886615,CSI_DATA,756,1a:00:00:00:00:00,-52,11,0,0,0,0,0,0,0,0,0,-94,0,1,0,128858297,0,42,0,128,0,"[0,0,3,-14,1,-14,1,-13,1,-14,0,-14,0,-14,-1,-14,-1,-14,-2,-14,-2,-14,-3,-14,-4,-14,-4,-14,-5,-14,-5,-14,-5,-15,-5,-15,-5,-16,-5,-16,-5,-16,-4,-16,-4,-16,-3,-16,-3,-16,-2,-16,-1,-16,0,0,0,0,0,0,0,0,0,0,0,0,0,0,0,0,0,0,0,0,0,0,0,-10,1,-11,2,-11,3,-11,3,-12,5,-12,5,-12,6,-12,7,-11,7,-11,7,-11,7,-10,7,-11,7,-10,6,-10,6,-11,5,-11,5,-11,4,-12,4,-12,4,-12,4,-13,3,-13,3,-13,3,-13,3,-14]"
2025-08-18 21:59:03.953486,CSI_DATA,757,1a:00:00:00:00:00,-52,11,0,0,0,0,0,0,0,0,0,-94,0,1,0,128923248,0,31,0,128,0,"[0,0,-1,-14,-2,-14,-2,-14,-3,-13,-3,-14,-3,-13,-4,-13,-5,-13,-5,-13,-5,-12,-6,-12,-7,-12,-7,-12,-8,-12,-8,-13,-8,-13,-9,-13,-9,-13,-8,-14,-8,-14,-8,-14,-7,-15,-7,-15,-6,-15,-5,-15,-5,-15,0,0,0,0,0,0,0,0,0,0,0,0,0,0,0,0,0,0,0,0,0,0,-3,-10,-2,-10,-2,-11,-1,-12,0,-12,1,-13,2,-13,2,-13,3,-13,3,-13,3,-12,4,-12,3,-12,3,-12,3,-12,3,-12,2,-12,2,-12,1,-13,0,-13,0,-13,0,-13,-1,-13,-1,-14,-1,-14,-1,-14]"
2025-08-18 21:59:04.148543,CSI_DATA,758,1a:00:00:00:00:00,-52,11,0,0,0,0,0,0,0,0,0,-94,0,1,0,129124486,0,31,0,128,0,"[0,0,10,-2,13,-2,10,-3,11,-8,13,-5,11,-9,16,-3,12,-7,13,-10,9,-4,9,-9,10,-5,9,-7,8,-8,10,-10,9,-9,10,-9,10,-12,9,-12,16,-7,13,-8,16,-9,8,-7,13,-8,12,-4,14,-6,0,0,0,0,0,0,0,0,0,0,0,0,0,0,0,0,0,0,0,0,0,0,8,-3,9,-2,9,-1,10,-1,11,0,11,0,11,1,11,2,11,2,11,3,11,3,11,3,10,3,10,3,10,2,10,2,10,1,11,1,10,1,12,1,11,1,11,0,13,-2,12,-1,12,-1,12,-2]"
2025-08-18 21:59:04.357646,CSI_DATA,759,1a:00:00:00:00:00,-52,11,0,0,0,0,0,0,0,0,0,-94,0,1,0,129325616,0,31,0,128,0,"[0,0,-8,-11,-8,-11,-8,-11,-9,-11,-9,-11,-9,-10,-10,-10,-10,-10,-10,-9,-11,-8,-11,-8,-12,-8,-12,-8,-12,-8,-13,-8,-13,-7,-14,-8,-14,-8,-14,-9,-13,-9,-13,-10,-13,-11,-13,-11,-12,-11,-12,-11,-11,-11,0,0,0,0,0,0,0,0,0,0,0,0,0,0,0,0,0,0,0,0,0,0,-7,-7,-7,-8,-7,-9,-7,-10,-7,-11,-6,-11,-5,-12,-4,-12,-4,-13,-3,-13,-3,-13,-3,-13,-3,-12,-3,-12,-3,-12,-3,-12,-4,-11,-5,-11,-5,-12,-5,-12,-6,-12,-6,-12,-7,-12,-7,-12,-8,-12,-8,-11]"
2025-08-18 21:59:04.567914,CSI_DATA,760,1a:00:00:00:00:00,-52,11,0,0,0,0,0,0,0,0,0,-94,0,1,0,129526855,0,31,0,128,0,"[0,0,10,-9,9,-10,9,-10,9,-10,8,-11,8,-10,7,-11,7,-11,7,-11,6,-12,6,-12,5,-12,5,-13,5,-14,5,-14,5,-14,5,-14,6,-15,6,-15,6,-15,7,-14,7,-14,7,-14,8,-13,8,-13,9,-12,0,0,0,0,0,0,0,0,0,0,0,0,0,0,0,0,0,0,0,0,0,0,5,-8,6,-8,7,-8,8,-8,9,-8,10,-7,11,-7,11,-6,11,-6,11,-5,11,-5,11,-4,11,-4,11,-5,11,-5,10,-5,10,-5,10,-6,10,-6,10,-7,10,-7,10,-8,10,-8,10,-9,10,-9,10,-9]"
2025-08-18 21:59:04.752763,CSI_DATA,761,1a:00:00:00:00:00,-52,11,0,0,0,0,0,0,0,0,0,-94,0,1,0,129727946,0,31,0,128,0,"[0,0,9,-10,8,-10,8,-11,8,-11,7,-11,7,-11,6,-11,6,-12,5,-12,5,-12,5,-13,4,-13,4,-13,3,-14,3,-14,3,-15,3,-15,4,-15,4,-16,4,-16,5,-15,5,-15,6,-15,7,-14,7,-14,7,-13,0,0,0,0,0,0,0,0,0,0,0,0,0,0,0,0,0,0,0,0,0,0,5,-8,6,-8,7,-8,8,-8,8,-8,9,-7,10,-7,11,-7,11,-6,11,-6,11,-5,11,-5,11,-5,10,-5,10,-5,10,-6,10,-6,9,-7,9,-7,9,-8,9,-8,9,-9,9,-9,9,-9,9,-9,9,-9]"
2025-08-18 21:59:04.957149,CSI_DATA,762,1a:00:00:00:00:00,-52,11,0,0,0,0,0,0,0,0,0,-94,0,1,0,129929408,0,31,0,128,0,"[0,0,-14,1,-13,1,-14,1,-13,2,-13,2,-13,2,-13,3,-13,4,-13,4,-12,5,-12,5,-12,6,-12,6,-12,7,-12,7,-13,7,-13,7,-14,8,-14,7,-14,7,-15,6,-15,6,-14,5,-15,5,-15,4,-15,3,0,0,0,0,0,0,0,0,0,0,0,0,0,0,0,0,0,0,0,0,0,0,-9,3,-10,2,-11,1,-12,1,-12,0,-13,-1,-13,-2,-13,-2,-13,-3,-12,-3,-13,-3,-12,-4,-12,-4,-12,-3,-12,-3,-12,-3,-12,-2,-12,-2,-13,-2,-13,-1,-13,-1,-13,-1,-13,0,-13,0,-14,1,-14,1]"
2025-08-18 21:59:05.155467,CSI_DATA,763,1a:00:00:00:00:00,-52,11,0,0,0,0,0,0,0,0,0,-94,0,1,0,130130320,0,31,0,128,0,"[0,0,9,-11,7,-11,7,-11,7,-11,7,-12,6,-12,6,-12,5,-12,5,-12,4,-13,4,-13,3,-13,3,-14,2,-14,3,-14,2,-15,3,-15,3,-16,3,-16,4,-16,4,-16,4,-15,5,-15,5,-15,6,-14,7,-14,0,0,0,0,0,0,0,0,0,0,0,0,0,0,0,0,0,0,0,0,0,0,4,-9,5,-9,6,-9,7,-9,8,-8,9,-8,10,-8,10,-7,11,-7,11,-6,11,-6,11,-6,10,-6,10,-6,10,-6,10,-6,9,-7,9,-7,9,-8,9,-8,9,-9,9,-9,9,-10,8,-10,8,-10,9,-10]"
2025-08-18 21:59:05.361203,CSI_DATA,764,1a:00:00:00:00:00,-52,11,0,0,0,0,0,0,0,0,0,-94,0,1,0,130331666,0,31,0,128,0,"[0,0,-13,-5,-13,-5,-13,-4,-13,-4,-13,-3,-13,-3,-13,-3,-13,-2,-13,-1,-14,-1,-13,0,-14,0,-14,1,-14,1,-15,2,-15,2,-16,2,-16,2,-16,1,-16,1,-16,1,-16,0,-16,-1,-16,-1,-15,-2,-16,-3,0,0,0,0,0,0,0,0,0,0,0,0,0,0,0,0,0,0,0,0,0,0,-10,-2,-10,-3,-11,-4,-11,-5,-11,-6,-11,-6,-11,-7,-11,-8,-10,-8,-10,-9,-10,-9,-9,-9,-9,-9,-9,-9,-9,-8,-10,-8,-10,-8,-10,-7,-10,-7,-11,-7,-11,-6,-12,-6,-12,-6,-13,-6,-13,-6,-13,-5]"
2025-08-18 21:59:05.421112,CSI_DATA,765,1a:00:00:00:00:00,-52,11,0,0,0,0,0,0,0,0,0,-94,0,1,0,130394357,0,42,0,128,0,"[0,0,4,-13,3,-13,3,-13,3,-13,2,-14,2,-13,1,-13,1,-13,0,-13,0,-13,-1,-13,-2,-14,-2,-14,-3,-14,-3,-15,-3,-15,-3,-15,-3,-15,-2,-16,-2,-16,-2,-16,-1,-16,0,-16,0,-16,1,-15,2,-15,0,0,0,0,0,0,0,0,0,0,0,0,0,0,0,0,0,0,0,0,0,0,1,-10,2,-10,3,-11,3,-11,4,-11,5,-11,7,-11,7,-11,7,-10,8,-10,8,-9,8,-9,8,-9,7,-9,7,-9,7,-9,6,-10,6,-10,5,-11,5,-11,5,-11,5,-12,5,-12,4,-13,5,-12,4,-13]"
2025-08-18 21:59:05.489547,CSI_DATA,766,1a:00:00:00:00:00,-52,11,0,0,0,0,0,0,0,0,0,-94,0,1,0,130459225,0,31,0,128,0,"[0,0,-12,-7,-13,-6,-12,-6,-13,-5,-13,-5,-13,-5,-13,-4,-13,-4,-13,-3,-13,-3,-14,-2,-14,-1,-14,-1,-14,-1,-15,0,-15,0,-16,-1,-16,-1,-16,-1,-16,-2,-16,-2,-16,-3,-16,-3,-16,-4,-15,-4,-15,-5,0,0,0,0,0,0,0,0,0,0,0,0,0,0,0,0,0,0,0,0,0,0,-10,-3,-10,-3,-11,-5,-10,-6,-11,-6,-11,-7,-10,-8,-10,-9,-10,-9,-9,-10,-9,-10,-9,-10,-9,-10,-8,-9,-8,-9,-9,-9,-9,-8,-9,-8,-10,-8,-11,-8,-10,-7,-11,-7,-11,-7,-12,-7,-12,-7,-12,-7]"
2025-08-18 21:59:05.691059,CSI_DATA,767,1a:00:00:00:00:00,-52,11,0,0,0,0,0,0,0,0,0,-94,0,1,0,130660312,0,31,0,128,0,"[0,0,-12,-7,-12,-7,-12,-7,-12,-6,-13,-6,-12,-6,-13,-5,-13,-5,-13,-4,-13,-3,-13,-3,-14,-3,-14,-2,-14,-2,-15,-1,-15,-1,-15,-2,-16,-2,-16,-2,-16,-2,-16,-3,-16,-4,-15,-4,-15,-5,-15,-5,-15,-6,0,0,0,0,0,0,0,0,0,0,0,0,0,0,0,0,0,0,0,0,0,0,-9,-4,-10,-5,-10,-6,-10,-7,-10,-8,-10,-9,-9,-9,-9,-10,-8,-10,-8,-11,-8,-11,-7,-11,-8,-11,-7,-10,-8,-10,-8,-9,-8,-9,-9,-9,-9,-9,-10,-9,-10,-8,-10,-8,-11,-8,-11,-8,-11,-8,-11,-8]"
2025-08-18 21:59:05.892068,CSI_DATA,768,1a:00:00:00:00:00,-52,11,0,0,0,0,0,0,0,0,0,-94,0,1,0,130861443,0,31,0,128,0,"[0,0,-1,13,0,13,0,13,1,12,1,12,2,13,2,13,3,12,3,12,4,12,4,12,5,12,5,12,5,13,6,12,6,13,6,13,6,13,6,14,5,14,5,14,5,15,4,14,4,14,3,14,2,15,0,0,0,0,0,0,0,0,0,0,0,0,0,0,0,0,0,0,0,0,0,0,2,9,1,10,1,10,0,11,-1,11,-2,12,-3,12,-3,12,-4,12,-4,11,-5,11,-5,11,-5,11,-4,11,-4,11,-4,10,-4,11,-3,11,-2,12,-2,12,-2,12,-2,12,-1,12,-1,13,0,13,0,13]"
2025-08-18 21:59:06.107163,CSI_DATA,769,1a:00:00:00:00:00,-52,11,0,0,0,0,0,0,0,0,0,-94,0,1,0,131062588,0,31,0,128,0,"[0,0,-9,-12,-9,-11,-9,-11,-9,-10,-10,-11,-10,-10,-11,-10,-11,-9,-11,-8,-11,-8,-12,-8,-12,-7,-13,-7,-14,-7,-14,-6,-15,-7,-14,-7,-15,-7,-15,-7,-15,-8,-14,-8,-14,-9,-13,-9,-13,-10,-13,-10,-12,-11,0,0,0,0,0,0,0,0,0,0,0,0,0,0,0,0,0,0,0,0,0,0,-7,-7,-8,-8,-7,-9,-7,-10,-7,-11,-6,-12,-6,-12,-5,-13,-5,-13,-4,-13,-3,-13,-3,-13,-3,-13,-4,-12,-4,-13,-4,-12,-5,-12,-5,-11,-6,-12,-6,-12,-6,-12,-7,-12,-7,-11,-8,-12,-8,-12,-9,-12]"
2025-08-18 21:59:06.287755,CSI_DATA,770,1a:00:00:00:00:00,-52,11,0,0,0,0,0,0,0,0,0,-94,0,1,0,131263719,0,31,0,128,0,"[0,0,7,-11,7,-11,6,-11,6,-12,6,-12,5,-11,5,-12,4,-12,4,-12,3,-13,3,-13,2,-13,2,-13,2,-13,2,-14,1,-14,1,-15,2,-15,2,-15,3,-15,3,-15,3,-15,4,-15,4,-15,5,-14,6,-14,0,0,0,0,0,0,0,0,0,0,0,0,0,0,0,0,0,0,0,0,0,0,4,-9,4,-9,6,-9,6,-9,7,-9,8,-9,9,-8,9,-8,10,-8,10,-7,10,-7,10,-6,10,-6,9,-6,9,-6,9,-7,9,-7,8,-8,8,-8,8,-8,8,-9,8,-9,8,-10,7,-10,8,-10,8,-11]"
2025-08-18 21:59:06.492532,CSI_DATA,771,1a:00:00:00:00:00,-52,11,0,0,0,0,0,0,0,0,0,-94,0,1,0,131465118,0,31,0,128,0,"[0,0,-13,5,-13,5,-12,5,-12,6,-12,6,-12,6,-11,6,-11,7,-11,8,-10,8,-10,9,-9,9,-9,10,-9,10,-10,11,-10,11,-10,11,-10,11,-11,11,-11,11,-12,11,-12,10,-12,10,-12,10,-12,9,-13,8,0,0,0,0,0,0,0,0,0,0,0,0,0,0,0,0,0,0,0,0,0,0,-8,5,-9,5,-11,4,-11,3,-12,3,-12,2,-13,1,-13,1,-13,0,-13,0,-13,0,-13,0,-13,0,-12,0,-12,0,-13,0,-12,1,-12,1,-12,1,-12,2,-12,2,-12,3,-13,4,-13,4,-13,5,-13,5]"
2025-08-18 21:59:06.691284,CSI_DATA,772,1a:00:00:00:00:00,-52,11,0,0,0,0,0,0,0,0,0,-94,0,1,0,131666186,0,31,0,128,0,"[0,0,-8,11,-7,11,-7,11,-6,11,-6,11,-6,11,-5,12,-4,12,-5,12,-4,12,-3,12,-2,13,-2,13,-2,14,-2,13,-2,14,-2,14,-2,15,-2,15,-3,15,-3,15,-4,15,-4,14,-4,14,-5,14,-6,14,0,0,0,0,0,0,0,0,0,0,0,0,0,0,0,0,0,0,0,0,0,0,-4,8,-5,9,-6,8,-7,9,-8,8,-9,9,-10,8,-10,8,-11,7,-11,7,-11,7,-11,6,-10,6,-10,6,-10,6,-10,6,-10,7,-9,7,-9,8,-9,8,-9,9,-9,9,-8,10,-8,10,-8,10,-8,11]"
2025-08-18 21:59:06.891159,CSI_DATA,773,1a:00:00:00:00:00,-52,11,0,0,0,0,0,0,0,0,0,-94,0,1,0,131867323,0,31,0,128,0,"[0,0,-3,13,-2,13,-2,13,-1,13,-1,13,-1,13,0,13,0,13,1,12,2,12,2,12,3,12,4,12,4,13,5,13,5,13,5,14,4,14,4,14,4,14,3,15,3,15,2,15,2,15,1,14,0,15,0,0,0,0,0,0,0,0,0,0,0,0,0,0,0,0,0,0,0,0,0,0,0,9,-1,10,-2,10,-2,11,-3,11,-4,11,-5,11,-6,11,-7,11,-7,10,-7,10,-7,10,-7,10,-6,10,-6,10,-6,10,-6,10,-5,10,-5,11,-4,11,-4,11,-4,11,-3,12,-3,13,-2,13,-3,12]"
2025-08-18 21:59:06.956319,CSI_DATA,774,1a:00:00:00:00:00,-52,11,0,0,0,0,0,0,0,0,0,-94,0,1,0,131930313,0,42,0,128,0,"[0,0,9,-10,8,-11,8,-11,8,-11,8,-11,7,-11,7,-12,6,-12,6,-12,5,-13,5,-13,4,-13,4,-14,4,-14,3,-15,3,-15,4,-16,4,-16,4,-16,5,-16,5,-16,5,-16,6,-15,6,-15,7,-14,8,-14,0,0,0,0,0,0,0,0,0,0,0,0,0,0,0,0,0,0,0,0,0,0,5,-8,6,-8,7,-8,8,-8,9,-8,10,-7,11,-7,11,-7,12,-6,11,-5,12,-5,12,-5,11,-5,11,-5,11,-5,10,-5,10,-6,10,-7,9,-7,10,-8,9,-8,10,-9,10,-9,10,-9,10,-10,10,-10]"
2025-08-18 21:59:07.019168,CSI_DATA,775,1a:00:00:00:00:00,-52,11,0,0,0,0,0,0,0,0,0,-94,0,1,0,131995167,0,31,0,128,0,"[0,0,-4,13,-4,13,-4,13,-3,13,-3,13,-2,13,-2,13,-1,13,-1,13,0,13,1,13,1,13,2,13,2,14,2,14,2,14,2,15,2,15,2,15,2,15,1,16,0,16,0,16,0,15,-1,15,-2,15,0,0,0,0,0,0,0,0,0,0,0,0,0,0,0,0,0,0,0,0,0,0,-1,9,-2,10,-3,10,-4,11,-4,11,-6,11,-7,11,-7,11,-8,10,-8,10,-8,10,-8,9,-8,9,-8,10,-7,9,-8,9,-7,10,-6,10,-6,10,-6,11,-6,11,-5,11,-5,12,-5,12,-5,13,-4,13]"
2025-08-18 21:59:07.219542,CSI_DATA,776,1a:00:00:00:00:00,-52,11,0,0,0,0,0,0,0,0,0,-94,0,1,0,132196229,0,31,0,128,0,"[0,0,-2,13,-2,12,-2,12,-1,12,0,12,0,12,0,12,1,12,1,12,2,12,3,12,4,12,4,12,4,12,4,12,4,12,5,13,4,13,4,14,4,14,3,14,3,14,3,14,2,14,1,14,1,14,0,0,0,0,0,0,0,0,0,0,0,0,0,0,0,0,0,0,0,0,0,0,0,9,0,9,-1,10,-2,10,-3,11,-4,11,-5,11,-5,11,-6,11,-6,10,-6,10,-6,10,-6,10,-6,10,-5,10,-6,10,-5,10,-5,10,-4,10,-4,11,-3,11,-3,11,-3,12,-2,12,-2,11,-2,12]"
2025-08-18 21:59:07.425420,CSI_DATA,777,1a:00:00:00:00:00,-52,11,0,0,0,0,0,0,0,0,0,-94,0,1,0,132397438,0,31,0,128,0,"[0,0,-13,3,-12,4,-12,4,-12,4,-12,5,-12,5,-11,5,-11,6,-11,6,-10,7,-10,8,-10,8,-10,8,-10,9,-10,9,-10,10,-10,10,-11,10,-11,10,-12,10,-12,9,-12,9,-12,8,-12,8,-12,8,-13,7,0,0,0,0,0,0,0,0,0,0,0,0,0,0,0,0,0,0,0,0,0,0,-8,4,-9,3,-10,3,-11,2,-11,2,-12,1,-13,0,-13,-1,-13,-1,-12,-2,-12,-1,-12,-2,-12,-2,-12,-1,-12,-1,-12,-1,-12,0,-12,0,-12,0,-12,1,-12,1,-12,1,-12,2,-12,3,-12,3,-13,3]"
2025-08-18 21:59:07.634905,CSI_DATA,778,1a:00:00:00:00:00,-52,11,0,0,0,0,0,0,0,0,0,-94,0,1,0,132598830,0,31,0,128,0,"[0,0,2,13,3,12,3,12,3,12,4,12,4,12,5,11,5,11,5,11,6,10,7,10,7,10,7,10,9,10,9,10,9,10,9,11,9,11,9,12,9,12,9,12,8,12,8,13,7,13,6,13,6,13,0,0,0,0,0,0,0,0,0,0,0,0,0,0,0,0,0,0,0,0,0,0,3,8,3,9,2,10,1,11,1,11,0,12,-1,12,-2,12,-2,12,-3,12,-3,12,-3,12,-3,11,-3,11,-2,11,-2,11,-2,11,-1,11,0,12,0,12,0,12,1,12,1,12,2,13,2,13,2,13]"
2025-08-18 21:59:07.826111,CSI_DATA,779,1a:00:00:00:00:00,-52,11,0,0,0,0,0,0,0,0,0,-94,0,1,0,132799887,0,31,0,128,0,"[0,0,11,-7,10,-7,11,-8,10,-8,10,-9,10,-8,9,-9,9,-9,8,-10,8,-10,8,-11,7,-11,7,-12,7,-12,7,-12,7,-13,7,-13,8,-14,8,-14,8,-13,9,-13,9,-13,9,-12,10,-12,10,-11,11,-10,0,0,0,0,0,0,0,0,0,0,0,0,0,0,0,0,0,0,0,0,0,0,7,-6,8,-6,9,-6,10,-6,10,-5,11,-5,12,-4,12,-3,12,-3,12,-2,12,-2,12,-1,12,-1,11,-2,11,-2,11,-2,11,-3,11,-4,11,-4,11,-5,11,-5,11,-5,11,-6,11,-6,11,-6,12,-7]"
2025-08-18 21:59:08.026901,CSI_DATA,780,1a:00:00:00:00:00,-52,11,0,0,0,0,0,0,0,0,0,-94,0,1,0,133001041,0,31,0,128,0,"[0,0,6,-13,5,-13,5,-13,5,-13,4,-14,3,-13,3,-13,2,-13,2,-14,1,-14,1,-14,0,-14,0,-14,-1,-15,-1,-15,-1,-16,-1,-16,-1,-16,-1,-17,0,-17,0,-17,0,-17,1,-16,2,-16,3,-16,4,-15,0,0,0,0,0,0,0,0,0,0,0,0,0,0,0,0,0,0,0,0,0,0,2,-10,3,-10,4,-10,5,-11,6,-11,7,-11,8,-11,9,-10,9,-10,9,-9,9,-9,10,-8,9,-9,9,-8,8,-9,8,-9,8,-9,7,-10,7,-10,7,-11,7,-11,6,-12,6,-12,6,-12,6,-12,6,-13]"
2025-08-18 21:59:08.226149,CSI_DATA,781,1a:00:00:00:00:00,-52,11,0,0,0,0,0,0,0,0,0,-94,0,1,0,133202169,0,31,0,128,0,"[0,0,-6,12,-5,12,-5,12,-4,12,-4,12,-4,12,-3,12,-2,12,-2,12,-1,12,-1,12,0,13,0,13,1,14,1,13,1,14,1,14,1,15,0,15,0,15,0,15,-1,15,-1,15,-1,15,-2,15,-3,14,0,0,0,0,0,0,0,0,0,0,0,0,0,0,0,0,0,0,0,0,0,0,-2,9,-3,10,-4,9,-5,10,-6,10,-7,10,-8,10,-9,9,-9,9,-9,9,-9,8,-9,8,-9,8,-9,8,-8,8,-8,8,-8,9,-7,9,-7,9,-7,10,-7,10,-6,10,-6,11,-6,11,-6,12,-5,12]"
2025-08-18 21:59:08.428652,CSI_DATA,782,1a:00:00:00:00:00,-52,11,0,0,0,0,0,0,0,0,0,-94,0,1,0,133403333,0,31,0,128,0,"[0,0,7,-12,6,-12,6,-12,6,-12,6,-13,5,-13,4,-13,4,-13,3,-13,3,-13,3,-14,2,-14,2,-14,1,-15,1,-15,1,-15,1,-16,1,-16,1,-16,2,-16,2,-16,3,-16,3,-16,4,-16,5,-15,6,-15,0,0,0,0,0,0,0,0,0,0,0,0,0,0,0,0,0,0,0,0,0,0,3,-10,4,-10,5,-10,6,-10,7,-10,8,-10,9,-10,9,-9,10,-9,10,-8,11,-7,11,-7,10,-7,9,-7,9,-7,9,-8,9,-8,8,-8,8,-9,8,-10,8,-10,8,-11,8,-11,7,-11,7,-11,8,-12]"
2025-08-18 21:59:08.497739,CSI_DATA,783,1a:00:00:00:00:00,-52,11,0,0,0,0,0,0,0,0,0,-94,0,1,0,133466566,0,42,0,128,0,"[0,0,-10,-10,-10,-10,-10,-10,-10,-10,-10,-9,-11,-9,-11,-9,-11,-8,-11,-7,-12,-7,-12,-7,-13,-6,-13,-6,-14,-6,-14,-6,-14,-6,-14,-6,-15,-6,-15,-7,-15,-7,-14,-8,-14,-8,-14,-9,-14,-9,-13,-9,-12,-10,0,0,0,0,0,0,0,0,0,0,0,0,0,0,0,0,0,0,0,0,0,0,-8,-6,-8,-7,-8,-8,-8,-9,-8,-10,-7,-11,-6,-11,-6,-12,-5,-12,-5,-12,-5,-12,-4,-12,-4,-12,-5,-12,-5,-12,-5,-11,-5,-11,-6,-11,-6,-11,-7,-11,-7,-11,-8,-11,-8,-11,-9,-11,-9,-11,-9,-10]"
2025-08-18 21:59:08.557807,CSI_DATA,784,1a:00:00:00:00:00,-52,11,0,0,0,0,0,0,0,0,0,-94,0,1,0,133531506,0,31,0,128,0,"[0,0,12,-6,11,-6,11,-7,11,-7,11,-7,10,-7,10,-8,10,-8,10,-9,9,-9,9,-10,8,-10,8,-11,8,-11,9,-12,9,-12,9,-12,9,-12,10,-12,10,-12,11,-12,11,-11,11,-11,11,-10,12,-10,12,-9,0,0,0,0,0,0,0,0,0,0,0,0,0,0,0,0,0,0,0,0,0,0,7,-6,8,-6,9,-5,10,-5,11,-4,11,-4,12,-3,12,-2,12,-2,12,-1,12,-1,12,-1,12,-1,11,-1,11,-1,11,-1,11,-2,11,-2,11,-3,11,-3,11,-4,11,-4,12,-5,11,-5,12,-5,12,-6]"
2025-08-18 21:59:08.758464,CSI_DATA,785,1a:00:00:00:00:00,-52,11,0,0,0,0,0,0,0,0,0,-94,0,1,0,133732579,0,31,0,128,0,"[0,0,12,-5,12,-6,11,-6,11,-6,11,-7,11,-7,11,-7,10,-8,10,-8,9,-9,9,-9,9,-10,9,-10,9,-11,9,-11,9,-12,9,-12,10,-12,10,-12,11,-12,11,-11,11,-11,11,-10,12,-10,12,-9,12,-9,0,0,0,0,0,0,0,0,0,0,0,0,0,0,0,0,0,0,0,0,0,0,8,-6,9,-5,9,-4,10,-4,11,-4,12,-3,12,-2,12,-2,12,-1,12,0,12,0,12,0,11,0,11,0,11,-1,11,-1,11,-1,11,-2,11,-2,11,-3,11,-3,12,-4,12,-4,12,-4,12,-5,12,-5]"
2025-08-18 21:59:08.966100,CSI_DATA,786,1a:00:00:00:00:00,-52,11,0,0,0,0,0,0,0,0,0,-94,0,1,0,133933722,0,31,0,128,0,"[0,0,-6,-12,-6,-12,-7,-12,-7,-12,-7,-11,-8,-11,-8,-11,-8,-11,-9,-10,-9,-10,-9,-10,-10,-9,-11,-9,-11,-9,-11,-9,-12,-9,-12,-9,-13,-9,-12,-10,-12,-10,-12,-10,-12,-11,-11,-12,-10,-12,-10,-12,-9,-12,0,0,0,0,0,0,0,0,0,0,0,0,0,0,0,0,0,0,0,0,0,0,-6,-8,-6,-9,-5,-10,-5,-11,-4,-11,-3,-12,-3,-12,-2,-13,-2,-13,-1,-13,-1,-12,0,-12,-1,-12,-1,-12,-1,-12,-1,-12,-2,-12,-2,-12,-3,-12,-4,-12,-4,-12,-5,-12,-5,-12,-5,-13,-5,-13,-6,-12]"
2025-08-18 21:59:09.160700,CSI_DATA,787,1a:00:00:00:00:00,-52,11,0,0,0,0,0,0,0,0,0,-94,0,1,0,134134875,0,31,0,128,0,"[0,0,-11,8,-10,8,-11,8,-10,8,-10,9,-9,9,-9,9,-8,9,-8,10,-7,10,-7,11,-6,11,-6,12,-6,12,-6,12,-6,13,-6,13,-7,14,-8,14,-8,13,-8,14,-8,13,-8,12,-9,12,-9,12,-10,11,0,0,0,0,0,0,0,0,0,0,0,0,0,0,0,0,0,0,0,0,0,0,-7,6,-8,7,-9,6,-10,6,-10,5,-12,5,-12,4,-12,4,-13,3,-12,3,-13,3,-12,3,-12,2,-12,3,-12,3,-11,3,-12,4,-11,4,-12,5,-11,5,-11,5,-11,6,-11,6,-11,7,-11,7,-11,8]"
2025-08-18 21:59:09.362684,CSI_DATA,788,1a:00:00:00:00:00,-52,11,0,0,0,0,0,0,0,0,0,-94,0,1,0,134336019,0,31,0,128,0,"[0,0,12,-6,12,-7,12,-6,12,-7,11,-8,11,-7,11,-8,10,-8,10,-9,9,-9,9,-10,9,-10,9,-11,9,-12,9,-12,9,-12,9,-12,10,-13,10,-13,11,-12,11,-12,11,-11,11,-11,12,-11,12,-10,13,-9,0,0,0,0,0,0,0,0,0,0,0,0,0,0,0,0,0,0,0,0,0,0,7,-7,9,-6,9,-6,10,-5,11,-5,12,-4,12,-3,12,-3,13,-2,12,-1,12,-1,12,-1,12,-1,12,-1,12,-1,11,-1,12,-2,11,-2,12,-3,11,-3,12,-4,12,-4,12,-5,12,-5,12,-5,13,-6]"
2025-08-18 21:59:09.562661,CSI_DATA,789,1a:00:00:00:00:00,-52,11,0,0,0,0,0,0,0,0,0,-94,0,1,0,134537258,0,31,0,128,0,"[0,0,10,-9,9,-9,9,-10,9,-9,8,-10,8,-10,7,-10,7,-11,7,-11,6,-11,6,-12,5,-12,5,-13,5,-13,5,-13,5,-14,5,-14,6,-14,6,-14,6,-14,7,-14,7,-13,8,-13,7,-13,8,-12,8,-12,0,0,0,0,0,0,0,0,0,0,0,0,0,0,0,0,0,0,0,0,0,0,5,-8,6,-8,7,-8,8,-8,8,-7,10,-7,10,-6,10,-6,11,-6,11,-5,11,-5,11,-4,11,-4,10,-5,10,-5,10,-5,10,-5,10,-6,10,-6,10,-6,9,-7,9,-7,9,-8,9,-8,9,-8,10,-9]"
2025-08-18 21:59:09.762870,CSI_DATA,790,1a:00:00:00:00:00,-52,11,0,0,0,0,0,0,0,0,0,-94,0,1,0,134738609,0,31,0,128,0,"[0,0,-3,13,-2,13,-2,13,-2,13,-1,13,-1,12,0,12,0,13,1,12,1,12,2,12,3,12,3,13,4,13,4,13,4,13,4,14,4,14,4,15,3,15,3,15,2,15,2,15,2,15,0,14,0,15,0,0,0,0,0,0,0,0,0,0,0,0,0,0,0,0,0,0,0,0,0,0,0,9,-1,10,-2,10,-2,11,-3,11,-4,11,-5,11,-6,11,-6,11,-7,11,-7,10,-7,10,-7,10,-6,10,-6,10,-6,10,-6,10,-5,10,-5,10,-4,11,-4,11,-4,12,-4,12,-3,12,-3,13,-3,13]"
2025-08-18 21:59:09.960775,CSI_DATA,791,1a:00:00:00:00:00,-52,11,0,0,0,0,0,0,0,0,0,-94,0,1,0,134939661,0,31,0,128,0,"[0,0,6,11,6,11,6,11,7,10,7,10,7,10,7,10,8,9,8,9,9,8,9,8,10,8,10,8,11,8,11,8,11,8,12,8,12,9,12,9,12,9,11,10,11,10,10,10,10,11,9,11,9,12,0,0,0,0,0,0,0,0,0,0,0,0,0,0,0,0,0,0,0,0,0,0,6,7,6,8,5,8,5,9,5,10,4,11,3,11,2,12,2,12,1,12,1,12,1,12,1,12,1,11,1,11,1,11,2,11,2,11,3,11,3,11,4,11,4,11,5,11,5,11,5,11,6,11]"
2025-08-18 21:59:10.029980,CSI_DATA,792,1a:00:00:00:00:00,-52,11,0,0,0,0,0,0,0,0,0,-94,0,1,0,135005369,0,42,0,128,0,"[0,0,-2,13,-2,13,-1,13,-1,13,0,13,0,13,0,13,1,12,1,12,2,12,2,12,3,13,3,13,4,13,4,13,4,13,4,14,4,15,4,15,4,15,3,15,3,15,2,15,1,15,1,15,0,15,0,0,0,0,0,0,0,0,0,0,0,0,0,0,0,0,0,0,0,0,0,0,0,9,0,10,-1,10,-2,11,-3,11,-4,12,-5,12,-5,11,-6,11,-6,11,-7,11,-7,10,-7,10,-6,10,-6,10,-6,10,-5,10,-5,11,-5,11,-4,11,-4,11,-3,12,-3,12,-3,13,-3,13,-2,13]"
2025-08-18 21:59:10.093387,CSI_DATA,793,1a:00:00:00:00:00,-52,11,0,0,0,0,0,0,0,0,0,-94,0,1,0,135067477,0,31,0,128,0,"[0,0,-12,5,-11,5,-12,5,-11,5,-11,6,-11,6,-10,7,-10,7,-10,7,-9,8,-10,8,-9,9,-9,9,-9,9,-9,10,-9,10,-9,10,-10,11,-10,11,-11,10,-11,10,-11,10,-11,9,-12,9,-12,8,-13,7,0,0,0,0,0,0,0,0,0,0,0,0,0,0,0,0,0,0,0,0,0,0,-8,5,-9,5,-9,4,-10,4,-11,3,-12,3,-12,2,-12,2,-13,1,-12,0,-13,0,-12,0,-12,0,-12,0,-12,0,-11,0,-12,1,-11,1,-12,2,-12,2,-12,3,-12,3,-12,4,-12,4,-12,4,-12,5]"
2025-08-18 21:59:10.300424,CSI_DATA,794,1a:00:00:00:00:00,-52,11,0,0,0,0,0,0,0,0,0,-94,0,1,0,135268620,0,31,0,128,0,"[0,0,-10,-10,-10,-10,-10,-10,-10,-9,-11,-9,-11,-9,-11,-8,-11,-8,-12,-7,-12,-7,-12,-6,-13,-6,-13,-6,-14,-6,-14,-5,-15,-5,-15,-6,-15,-6,-16,-6,-15,-7,-15,-7,-15,-8,-15,-8,-14,-9,-14,-9,-13,-10,0,0,0,0,0,0,0,0,0,0,0,0,0,0,0,0,0,0,0,0,0,0,-8,-6,-8,-7,-8,-8,-8,-9,-8,-10,-7,-11,-7,-11,-6,-12,-6,-12,-5,-13,-5,-12,-5,-12,-5,-12,-5,-12,-5,-12,-5,-11,-6,-11,-6,-11,-7,-11,-7,-11,-8,-11,-8,-11,-9,-10,-9,-11,-9,-11,-10,-11]"
2025-08-18 21:59:10.498329,CSI_DATA,795,1a:00:00:00:00:00,-52,11,0,0,0,0,0,0,0,0,0,-94,0,1,0,135469793,0,31,0,128,0,"[0,0,4,12,5,12,5,11,6,12,6,11,6,11,7,11,7,10,7,9,8,9,8,9,9,8,10,9,10,9,10,9,11,9,11,9,11,9,11,10,11,10,11,10,10,11,10,11,9,11,8,11,8,12,0,0,0,0,0,0,0,0,0,0,0,0,0,0,0,0,0,0,0,0,0,0,5,7,4,8,4,9,3,10,3,11,2,11,1,12,1,12,0,12,0,12,-1,12,-1,12,-1,12,-1,11,0,11,0,11,0,11,1,11,1,11,2,11,2,12,3,12,3,12,4,12,4,12,4,12]"
2025-08-18 21:59:10.715356,CSI_DATA,796,1a:00:00:00:00:00,-52,11,0,0,0,0,0,0,0,0,0,-94,0,1,0,135670892,0,31,0,128,0,"[0,0,-9,-11,-10,-11,-9,-10,-10,-10,-10,-10,-10,-9,-11,-9,-11,-8,-11,-7,-12,-7,-11,-7,-12,-7,-13,-7,-13,-6,-14,-6,-14,-6,-15,-6,-14,-6,-15,-6,-15,-7,-15,-7,-15,-8,-14,-8,-13,-9,-13,-9,-12,-10,0,0,0,0,0,0,0,0,0,0,0,0,0,0,0,0,0,0,0,0,0,0,-7,-7,-7,-8,-7,-9,-7,-10,-7,-11,-6,-11,-6,-12,-5,-12,-5,-12,-4,-13,-3,-12,-3,-13,-3,-13,-3,-12,-4,-12,-4,-12,-5,-11,-5,-12,-5,-11,-7,-11,-7,-11,-8,-11,-8,-11,-8,-12,-8,-11,-8,-11]"
2025-08-18 21:59:10.829133,CSI_DATA,797,1a:00:00:00:00:00,-52,11,0,0,0,0,0,0,0,0,0,-94,0,1,0,135800315,0,28,0,128,0,"[0,0,8,11,8,10,8,10,8,9,9,10,9,9,9,9,9,8,9,8,10,7,11,7,11,6,12,6,12,6,12,6,13,6,13,6,14,7,13,8,13,8,13,8,12,9,12,9,12,9,12,9,11,10,0,0,0,0,0,0,0,0,0,0,0,0,0,0,0,0,0,0,0,0,0,0,7,6,7,7,7,8,6,9,6,10,5,11,4,12,4,12,3,12,3,12,3,12,3,12,3,12,3,12,3,11,3,11,4,11,4,10,5,11,5,11,5,11,5,11,6,10,7,11,8,10,8,11]"
2025-08-18 21:59:10.899739,CSI_DATA,798,1a:00:00:00:00:00,-52,11,0,0,0,0,0,0,0,0,0,-94,0,1,0,135872122,0,31,0,128,0,"[0,0,-13,4,-13,4,-13,4,-12,4,-13,5,-12,5,-12,6,-11,6,-11,7,-11,7,-11,7,-10,8,-11,8,-11,9,-11,9,-11,10,-11,10,-12,10,-12,10,-12,10,-13,10,-13,9,-13,8,-14,8,-14,7,-14,7,0,0,0,0,0,0,0,0,0,0,0,0,0,0,0,0,0,0,0,0,0,0,-9,4,-10,4,-10,3,-12,3,-12,2,-13,1,-13,1,-13,0,-13,-1,-13,-1,-13,-1,-13,-2,-13,-2,-12,-1,-13,-1,-12,-1,-13,0,-12,0,-13,0,-12,1,-13,1,-13,2,-13,3,-13,3,-13,3,-13,3]"
2025-08-18 21:59:11.094458,CSI_DATA,799,1a:00:00:00:00:00,-52,11,0,0,0,0,0,0,0,0,0,-94,0,1,0,136073266,0,31,0,128,0,"[0,0,6,11,6,11,6,11,6,11,7,10,7,10,8,10,8,9,8,9,9,8,9,8,10,8,10,8,11,8,11,8,11,8,12,9,11,9,12,9,11,10,11,10,10,11,10,11,10,11,9,11,8,12,0,0,0,0,0,0,0,0,0,0,0,0,0,0,0,0,0,0,0,0,0,0,6,6,6,7,6,9,5,9,5,10,4,11,3,12,3,12,2,12,2,12,1,12,1,12,1,12,1,11,1,11,1,11,2,11,3,11,3,11,3,11,4,11,4,11,5,11,5,11,6,12,6,11]"
2025-08-18 21:59:11.302895,CSI_DATA,800,1a:00:00:00:00:00,-52,11,0,0,0,0,0,0,0,0,0,-94,0,1,0,136274396,0,31,0,128,0,"[0,0,1,-14,0,-14,0,-14,0,-14,-1,-14,-2,-13,-2,-13,-2,-13,-3,-13,-3,-13,-4,-13,-5,-13,-5,-13,-6,-14,-6,-13,-6,-14,-6,-14,-6,-15,-6,-15,-6,-15,-5,-16,-5,-15,-4,-16,-4,-16,-3,-15,-2,-16,0,0,0,0,0,0,0,0,0,0,0,0,0,0,0,0,0,0,0,0,0,0,-1,-10,-1,-11,0,-11,1,-12,2,-12,3,-12,4,-12,5,-12,5,-12,5,-12,6,-11,6,-11,6,-11,5,-11,5,-11,5,-11,4,-11,4,-11,3,-12,3,-12,2,-12,2,-13,2,-13,2,-13,1,-13,1,-14]"
2025-08-18 21:59:11.502200,CSI_DATA,801,1a:00:00:00:00:00,-52,11,0,0,0,0,0,0,0,0,0,-94,0,1,0,136475618,0,31,0,128,0,"[0,0,-12,7,-11,7,-11,7,-11,8,-10,8,-10,8,-10,8,-9,9,-9,9,-8,10,-8,10,-7,11,-7,11,-7,12,-7,12,-8,12,-8,13,-8,13,-9,13,-9,13,-9,13,-10,12,-10,12,-10,11,-11,11,-11,10,0,0,0,0,0,0,0,0,0,0,0,0,0,0,0,0,0,0,0,0,0,0,-7,7,-8,6,-9,6,-10,6,-11,5,-11,5,-12,4,-12,4,-13,3,-13,3,-13,2,-13,2,-12,2,-12,2,-12,2,-12,3,-12,3,-11,4,-11,4,-11,5,-11,5,-12,5,-12,6,-11,6,-12,7,-11,7]"
2025-08-18 21:59:11.561108,CSI_DATA,802,1a:00:00:00:00:00,-52,11,0,0,0,0,0,0,0,0,0,-94,0,1,0,136538276,0,42,0,128,0,"[0,0,13,2,12,2,12,2,13,1,13,1,12,1,12,0,12,0,12,-1,12,-2,13,-2,12,-3,13,-3,13,-4,13,-4,14,-4,14,-4,14,-4,15,-4,15,-4,15,-3,15,-2,15,-2,15,-1,15,-1,15,0,0,0,0,0,0,0,0,0,0,0,0,0,0,0,0,0,0,0,0,0,0,0,9,-1,10,0,10,1,10,2,11,3,11,4,11,5,11,5,11,6,10,7,10,6,10,7,10,7,9,6,9,6,9,6,9,5,10,5,10,5,11,5,11,4,11,4,12,3,12,3,12,3,13,3]"
2025-08-18 21:59:11.626241,CSI_DATA,803,1a:00:00:00:00:00,-52,11,0,0,0,0,0,0,0,0,0,-94,0,1,0,136603239,0,31,0,128,0,"[0,0,13,2,13,2,13,2,13,1,13,1,13,1,13,0,13,-1,13,-1,13,-3,13,-2,13,-3,13,-4,13,-4,14,-4,14,-5,14,-4,15,-5,15,-4,15,-4,15,-3,16,-2,15,-2,15,-2,15,-1,15,0,0,0,0,0,0,0,0,0,0,0,0,0,0,0,0,0,0,0,0,0,0,0,9,-1,10,0,10,1,11,2,11,3,11,4,11,5,11,5,11,6,11,7,10,6,10,7,10,7,10,6,10,6,10,6,10,5,10,4,11,5,11,4,11,4,12,4,12,3,13,3,13,3,13,3]"
2025-08-18 21:59:11.830586,CSI_DATA,804,1a:00:00:00:00:00,-52,11,0,0,0,0,0,0,0,0,0,-94,0,1,0,136804303,0,31,0,128,0,"[0,0,13,-5,12,-5,12,-6,12,-6,12,-7,11,-7,11,-7,11,-8,10,-8,10,-9,10,-9,9,-10,9,-11,9,-11,9,-11,10,-12,9,-12,10,-12,10,-12,11,-12,11,-12,11,-11,11,-10,12,-10,12,-9,13,-9,0,0,0,0,0,0,0,0,0,0,0,0,0,0,0,0,0,0,0,0,0,0,8,-5,9,-5,10,-4,11,-3,11,-3,12,-2,13,-2,13,-1,13,0,12,0,12,1,12,1,12,1,12,1,12,0,11,0,12,-1,11,-1,12,-1,12,-2,12,-3,12,-3,12,-4,12,-4,13,-4,13,-5]"
2025-08-18 21:59:12.029962,CSI_DATA,805,1a:00:00:00:00:00,-52,11,0,0,0,0,0,0,0,0,0,-94,0,1,0,137005636,0,31,0,128,0,"[0,0,13,-2,13,-2,12,-2,13,-3,13,-3,12,-4,12,-4,12,-5,12,-5,12,-6,12,-6,11,-7,12,-8,11,-8,12,-8,12,-8,13,-9,13,-8,14,-9,14,-8,14,-8,14,-7,14,-6,14,-6,14,-5,15,-4,0,0,0,0,0,0,0,0,0,0,0,0,0,0,0,0,0,0,0,0,0,0,9,-4,10,-3,10,-2,11,-2,11,-1,12,0,12,1,13,1,12,2,12,3,12,3,12,3,11,3,11,3,11,3,11,2,11,2,11,1,11,1,12,0,12,0,12,0,13,-1,13,-1,13,-1,13,-2]"
2025-08-18 21:59:12.246368,CSI_DATA,806,1a:00:00:00:00:00,-52,11,0,0,0,0,0,0,0,0,0,-94,0,1,0,137206757,0,31,0,128,0,"[0,0,11,-9,10,-9,9,-10,10,-10,9,-10,9,-10,8,-11,8,-11,7,-11,7,-12,6,-12,6,-13,6,-13,5,-13,6,-14,6,-14,6,-15,6,-15,7,-15,7,-15,8,-15,8,-14,8,-14,8,-13,9,-13,9,-12,0,0,0,0,0,0,0,0,0,0,0,0,0,0,0,0,0,0,0,0,0,0,6,-8,7,-8,8,-7,9,-7,10,-7,11,-7,11,-6,12,-5,12,-5,12,-4,12,-4,12,-4,11,-4,11,-4,11,-4,11,-4,11,-5,11,-6,10,-6,10,-6,10,-7,11,-7,11,-8,10,-8,11,-9,11,-9]"
2025-08-18 21:59:12.437441,CSI_DATA,807,1a:00:00:00:00:00,-52,11,0,0,0,0,0,0,0,0,0,-94,0,1,0,137407903,0,31,0,128,0,"[0,0,-14,-4,-14,-4,-14,-3,-14,-2,-14,-3,-14,-2,-14,-1,-14,-1,-14,0,-14,0,-14,1,-14,1,-14,1,-14,2,-15,3,-15,3,-16,3,-16,3,-16,3,-16,2,-17,2,-16,1,-17,0,-16,0,-16,-1,-16,-2,0,0,0,0,0,0,0,0,0,0,0,0,0,0,0,0,0,0,0,0,0,0,-10,-1,-11,-2,-11,-3,-11,-4,-12,-4,-12,-5,-12,-6,-12,-7,-12,-7,-11,-8,-11,-8,-10,-9,-10,-8,-10,-8,-10,-7,-10,-7,-11,-6,-11,-6,-11,-6,-12,-6,-12,-5,-13,-5,-13,-5,-13,-5,-14,-5,-14,-4]"
2025-08-18 21:59:12.634055,CSI_DATA,808,1a:00:00:00:00:00,-52,11,0,0,0,0,0,0,0,0,0,-94,0,1,0,137609144,0,31,0,128,0,"[0,0,-8,11,-7,11,-7,12,-6,11,-6,12,-5,11,-5,12,-4,12,-4,12,-3,12,-3,12,-2,13,-2,13,-2,14,-1,13,-1,14,-1,14,-2,15,-2,15,-2,15,-3,15,-3,15,-4,15,-4,14,-5,14,-6,14,0,0,0,0,0,0,0,0,0,0,0,0,0,0,0,0,0,0,0,0,0,0,-4,8,-5,9,-6,9,-6,9,-7,9,-9,9,-9,9,-10,8,-10,8,-10,7,-10,7,-10,7,-9,7,-9,6,-9,7,-10,6,-10,7,-8,7,-9,8,-8,9,-8,9,-8,10,-8,10,-8,10,-8,11,-7,11]"
2025-08-18 21:59:12.838789,CSI_DATA,809,1a:00:00:00:00:00,-52,11,0,0,0,0,0,0,0,0,0,-94,0,1,0,137810273,0,31,0,128,0,"[0,0,2,-14,1,-14,1,-14,1,-14,0,-14,0,-14,-1,-14,-1,-14,-2,-13,-2,-14,-3,-14,-4,-14,-4,-14,-5,-14,-5,-14,-5,-15,-5,-15,-5,-16,-5,-16,-4,-16,-4,-16,-4,-16,-3,-16,-2,-16,-2,-16,-1,-16,0,0,0,0,0,0,0,0,0,0,0,0,0,0,0,0,0,0,0,0,0,0,0,-10,1,-11,2,-11,2,-12,3,-12,4,-12,5,-12,6,-12,6,-11,7,-11,7,-11,7,-11,7,-11,6,-11,6,-11,6,-11,5,-11,5,-11,4,-12,4,-12,4,-12,4,-13,3,-13,3,-13,3,-14,3,-14]"
2025-08-18 21:59:13.037638,CSI_DATA,810,1a:00:00:00:00:00,-52,11,0,0,0,0,0,0,0,0,0,-94,0,1,0,138011437,0,31,0,128,0,"[0,0,11,-9,10,-10,9,-10,10,-10,9,-11,9,-11,8,-11,8,-11,7,-12,7,-12,7,-13,6,-13,6,-13,5,-14,5,-15,5,-15,6,-15,6,-16,7,-16,7,-15,8,-15,8,-15,9,-14,9,-14,10,-13,10,-12,0,0,0,0,0,0,0,0,0,0,0,0,0,0,0,0,0,0,0,0,0,0,7,-9,8,-10,12,-9,5,-9,15,-7,10,-8,9,-5,12,-7,12,-6,12,-5,12,-4,12,-4,12,-4,11,-4,11,-4,11,-5,11,-5,11,-6,11,-6,11,-7,10,-7,10,-8,11,-8,11,-8,11,-9,11,-9]"
2025-08-18 21:59:13.096401,CSI_DATA,811,1a:00:00:00:00:00,-52,11,0,0,0,0,0,0,0,0,0,-94,0,1,0,138074254,0,42,0,128,0,"[0,0,2,13,3,13,3,13,3,12,4,12,4,13,5,12,5,12,5,11,6,11,7,11,8,11,8,11,8,11,9,11,9,11,9,11,9,12,9,12,9,12,8,13,8,13,8,14,7,14,6,13,6,14,0,0,0,0,0,0,0,0,0,0,0,0,0,0,0,0,0,0,0,0,0,0,3,8,3,9,2,10,1,11,1,12,0,12,-1,12,-2,12,-3,13,-3,12,-3,12,-3,12,-3,12,-3,12,-3,11,-2,11,-2,11,-1,11,-1,12,0,12,0,12,1,12,1,13,1,13,2,13,2,13]"
2025-08-18 21:59:13.162199,CSI_DATA,812,1a:00:00:00:00:00,-52,11,0,0,0,0,0,0,0,0,0,-94,0,1,0,138141360,0,31,0,128,0,"[0,0,4,12,5,12,5,12,5,11,6,12,7,11,7,11,7,10,8,10,8,9,8,9,9,9,9,9,10,9,10,9,11,9,11,9,11,10,11,10,11,10,10,11,10,11,9,11,9,12,8,12,7,12,0,0,0,0,0,0,0,0,0,0,0,0,0,0,0,0,0,0,0,0,0,0,5,7,5,8,3,10,5,10,4,10,3,12,1,12,1,12,0,12,0,12,-1,12,-1,12,0,12,0,12,0,12,0,11,0,11,1,11,2,11,2,11,3,11,3,12,4,12,3,12,4,12,4,12]"
2025-08-18 21:59:13.369907,CSI_DATA,813,1a:00:00:00:00:00,-52,11,0,0,0,0,0,0,0,0,0,-94,0,1,0,138342443,0,31,0,128,0,"[0,0,-14,1,-14,1,-14,2,-13,2,-13,3,-13,3,-13,3,-12,4,-12,5,-12,5,-12,6,-12,6,-12,7,-12,7,-12,8,-12,8,-13,8,-13,8,-14,8,-14,8,-14,8,-14,7,-14,6,-14,6,-14,5,-15,4,0,0,0,0,0,0,0,0,0,0,0,0,0,0,0,0,0,0,0,0,0,0,-10,2,-11,2,-11,1,-12,0,-12,0,-13,-1,-13,-2,-13,-2,-13,-3,-13,-4,-13,-4,-12,-4,-12,-4,-12,-4,-12,-4,-12,-3,-12,-3,-12,-2,-12,-2,-13,-1,-13,-1,-13,-1,-13,0,-13,0,-14,0,-14,1]"
2025-08-18 21:59:13.572721,CSI_DATA,814,1a:00:00:00:00:00,-52,11,0,0,0,0,0,0,0,0,0,-94,0,1,0,138544217,0,31,0,128,0,"[0,0,-14,-2,-13,-2,-14,-1,-13,-1,-14,-1,-13,0,-13,0,-13,1,-13,1,-13,2,-13,3,-13,3,-13,4,-14,4,-14,5,-14,5,-14,5,-15,5,-15,4,-16,4,-16,4,-16,3,-15,2,-15,2,-16,1,-16,1,0,0,0,0,0,0,0,0,0,0,0,0,0,0,0,0,0,0,0,0,0,0,-10,0,-11,0,-11,-1,-12,-2,-12,-3,-12,-4,-12,-5,-12,-5,-12,-6,-11,-7,-12,-6,-11,-7,-11,-7,-11,-6,-11,-6,-11,-6,-11,-5,-11,-4,-12,-5,-12,-4,-12,-4,-13,-4,-13,-3,-13,-3,-13,-2,-14,-2]"
2025-08-18 21:59:13.775489,CSI_DATA,815,1a:00:00:00:00:00,-52,11,0,0,0,0,0,0,0,0,0,-94,0,1,0,138744792,0,31,0,128,0,"[0,0,5,13,5,12,5,12,6,11,6,12,6,11,6,11,7,11,7,10,8,10,9,9,9,9,10,9,10,10,10,9,11,10,11,10,11,10,11,11,10,11,10,12,10,12,9,12,9,12,8,12,7,13,0,0,0,0,0,0,0,0,0,0,0,0,0,0,0,0,0,0,0,0,0,0,5,7,5,8,5,9,4,10,4,11,3,12,2,12,1,12,0,13,0,12,0,12,0,12,0,12,0,12,0,12,0,11,1,11,1,11,2,12,2,12,2,12,3,12,3,12,4,12,4,12,5,12]"
2025-08-18 21:59:13.976735,CSI_DATA,816,1a:00:00:00:00:00,-52,11,0,0,0,0,0,0,0,0,0,-94,0,1,0,138945945,0,31,0,128,0,"[0,0,-11,-9,-12,-8,-11,-8,-12,-8,-12,-7,-12,-7,-12,-6,-13,-6,-13,-5,-13,-4,-13,-4,-13,-3,-14,-3,-15,-3,-15,-3,-15,-3,-15,-3,-16,-3,-16,-3,-16,-4,-16,-4,-16,-5,-15,-6,-15,-6,-14,-6,-14,-7,0,0,0,0,0,0,0,0,0,0,0,0,0,0,0,0,0,0,0,0,0,0,-9,-5,-9,-6,-9,-7,-9,-8,-9,-9,-9,-9,-8,-10,-8,-11,-7,-11,-7,-11,-7,-11,-6,-12,-6,-11,-6,-11,-6,-11,-7,-10,-7,-10,-8,-10,-8,-10,-9,-10,-9,-9,-10,-9,-10,-9,-11,-9,-11,-9,-11,-9]"
2025-08-18 21:59:14.168543,CSI_DATA,817,1a:00:00:00:00:00,-52,11,0,0,0,0,0,0,0,0,0,-94,0,1,0,139147085,0,31,0,128,0,"[0,0,12,3,12,2,12,2,12,2,13,1,12,1,12,1,12,0,12,0,12,-2,12,-2,12,-3,12,-3,13,-3,13,-4,13,-4,14,-4,14,-4,14,-3,15,-3,15,-3,15,-2,14,-1,14,-1,14,-1,14,0,0,0,0,0,0,0,0,0,0,0,0,0,0,0,0,0,0,0,0,0,0,0,9,0,9,1,9,2,10,3,10,3,10,5,10,5,10,6,10,7,9,7,9,7,9,7,9,7,9,7,9,6,9,6,9,6,9,5,10,5,10,5,10,5,11,4,11,4,12,4,12,3,12,3]"
2025-08-18 21:59:14.370398,CSI_DATA,818,1a:00:00:00:00:00,-52,11,0,0,0,0,0,0,0,0,0,-94,0,1,0,139348506,0,31,0,128,0,"[0,0,12,2,12,1,12,1,12,1,13,0,12,0,12,0,12,-1,12,-2,12,-2,12,-3,12,-3,12,-4,13,-4,13,-4,13,-5,13,-4,14,-5,14,-5,14,-4,15,-4,14,-3,14,-2,14,-2,14,-1,14,0,0,0,0,0,0,0,0,0,0,0,0,0,0,0,0,0,0,0,0,0,0,0,9,-1,9,0,10,1,10,2,10,3,11,4,11,4,10,5,10,5,10,6,10,6,9,6,9,6,9,6,9,6,9,5,10,5,10,4,10,4,10,4,11,4,11,3,11,3,12,3,12,3,12,2]"
2025-08-18 21:59:14.568890,CSI_DATA,819,1a:00:00:00:00:00,-52,11,0,0,0,0,0,0,0,0,0,-94,0,1,0,139549576,0,31,0,128,0,"[0,0,8,9,8,9,8,9,9,9,9,9,9,8,9,8,10,7,10,6,10,6,10,6,11,5,12,5,12,5,12,5,13,5,13,5,13,5,14,6,13,6,13,7,13,7,12,8,12,8,11,8,11,9,0,0,0,0,0,0,0,0,0,0,0,0,0,0,0,0,0,0,0,0,0,0,7,5,7,6,6,7,6,8,6,9,6,9,5,11,1,11,4,11,3,11,3,11,3,11,3,11,3,11,3,11,3,10,4,10,4,10,5,10,5,10,6,10,6,10,7,9,7,10,7,10,8,10]"
2025-08-18 21:59:14.634517,CSI_DATA,820,1a:00:00:00:00:00,-52,11,0,0,0,0,0,0,0,0,0,-94,0,1,0,139610368,0,42,0,128,0,"[0,0,-5,12,-5,11,-5,12,-4,12,-4,12,-3,12,-3,12,-2,12,-2,12,-1,12,-1,12,0,12,0,13,1,13,0,13,0,14,0,14,0,15,0,15,-1,15,-1,15,-2,15,-2,14,-2,14,-3,14,-4,14,0,0,0,0,0,0,0,0,0,0,0,0,0,0,0,0,0,0,0,0,0,0,-2,9,-2,9,-14,9,-4,10,-5,10,-6,10,-7,10,-8,10,-8,9,-8,9,-8,9,-8,9,-7,6,-8,10,-8,9,-8,8,-8,9,-7,9,-7,10,-6,10,-6,10,-6,10,-6,11,-5,11,-5,12,-5,12]"
2025-08-18 21:59:14.706156,CSI_DATA,821,1a:00:00:00:00:00,-52,11,0,0,0,0,0,0,0,0,0,-94,0,1,0,139675065,0,31,0,128,0,"[0,0,-10,-10,-10,-10,-10,-10,-10,-9,-11,-9,-11,-9,-11,-8,-11,-8,-11,-7,-12,-6,-12,-6,-13,-6,-13,-6,-14,-5,-14,-5,-14,-5,-15,-6,-15,-6,-15,-6,-15,-7,-15,-7,-14,-8,-14,-8,-14,-9,-13,-9,-13,-9,0,0,0,0,0,0,0,0,0,0,0,0,0,0,0,0,0,0,0,0,0,0,-8,-6,-8,-7,-8,-8,-8,-9,-8,-10,-7,-11,-7,-11,-7,-12,-6,-12,-6,-12,-5,-12,-5,-12,-5,-12,-5,-12,-5,-11,-5,-11,-6,-11,-6,-11,-7,-11,-7,-11,-8,-11,-8,-11,-9,-10,-9,-10,-9,-11,-9,-10]"
2025-08-18 21:59:14.904604,CSI_DATA,822,1a:00:00:00:00:00,-52,11,0,0,0,0,0,0,0,0,0,-94,0,1,0,139876134,0,31,0,128,0,"[0,0,-14,2,-14,3,-13,3,-14,4,-13,4,-13,4,-13,5,-12,6,-12,6,-12,7,-12,7,-11,7,-11,8,-11,8,-12,9,-12,10,-12,10,-13,10,-13,10,-13,10,-13,10,-13,9,-14,8,-14,7,-14,7,-15,6,0,0,0,0,0,0,0,0,0,0,0,0,0,0,0,0,0,0,0,0,0,0,-10,3,-11,2,-11,2,-12,1,-12,0,-13,0,-13,-1,-14,-2,-13,-2,-13,-3,-13,-4,-13,-4,-13,-4,-12,-3,-12,-3,-13,-2,-12,-2,-12,-1,-13,-1,-13,0,-13,0,-13,1,-14,1,-14,1,-14,2,-14,2]"
2025-08-18 21:59:15.164665,CSI_DATA,823,1a:00:00:00:00:00,-52,11,0,0,0,0,0,0,0,0,0,-94,0,1,0,140077311,0,31,0,128,0,"[0,0,11,6,11,6,11,6,11,5,12,5,12,4,12,4,12,3,12,3,12,2,12,2,13,1,13,1,14,1,14,0,14,0,15,1,15,1,15,1,15,1,15,2,15,3,14,3,14,4,14,4,14,5,0,0,0,0,0,0,0,0,0,0,0,0,0,0,0,0,0,0,0,0,0,0,8,3,9,4,9,5,9,6,9,7,9,8,8,8,8,9,8,9,7,10,7,10,6,10,6,10,7,9,7,9,7,8,7,8,8,8,8,8,8,8,9,7,9,7,10,7,10,7,10,7,11,7]"
2025-08-18 21:59:15.319820,CSI_DATA,824,1a:00:00:00:00:00,-52,11,0,0,0,0,0,0,0,0,0,-94,0,1,0,140278452,0,31,0,128,0,"[0,0,-10,-11,-10,-11,-10,-10,-10,-10,-11,-10,-11,-9,-11,-9,-12,-8,-12,-8,-12,-7,-12,-6,-13,-6,-14,-6,-14,-6,-14,-5,-15,-5,-15,-6,-15,-6,-15,-6,-15,-7,-15,-7,-15,-8,-15,-8,-14,-8,-14,-9,-13,-9,0,0,0,0,0,0,0,0,0,0,0,0,0,0,0,0,0,0,0,0,0,0,-8,-7,-8,-8,-8,-9,-8,-10,-7,-10,-7,-11,-6,-12,-6,-12,-5,-13,-5,-13,-4,-13,-4,-13,-4,-13,-5,-12,-5,-12,-5,-11,-5,-12,-6,-11,-6,-12,-7,-12,-7,-11,-8,-11,-8,-11,-9,-11,-9,-11,-9,-11]"
2025-08-18 21:59:15.504821,CSI_DATA,825,1a:00:00:00:00:00,-52,11,0,0,0,0,0,0,0,0,0,-94,0,1,0,140479816,0,31,0,128,0,"[0,0,13,-3,13,-4,13,-4,13,-4,13,-5,12,-4,12,-5,12,-6,12,-6,11,-7,11,-7,11,-8,11,-8,11,-9,11,-10,11,-10,12,-10,12,-10,13,-10,13,-9,13,-9,13,-9,13,-8,14,-7,14,-7,14,-6,0,0,0,0,0,0,0,0,0,0,0,0,0,0,0,0,0,0,0,0,0,0,9,-4,10,-4,10,-3,11,-2,11,-2,12,-1,12,0,12,1,12,1,12,2,12,2,12,2,12,2,12,2,11,2,11,1,11,1,12,0,12,0,12,0,12,-1,12,-1,13,-2,13,-2,13,-2,13,-3]"
2025-08-18 21:59:15.711054,CSI_DATA,826,1a:00:00:00:00:00,-52,11,0,0,0,0,0,0,0,0,0,-94,0,1,0,140680912,0,31,0,128,0,"[0,0,-14,-5,-14,-4,-14,-4,-14,-4,-14,-3,-14,-3,-14,-2,-14,-2,-14,-1,-14,0,-14,0,-14,1,-14,1,-15,2,-15,2,-15,2,-16,2,-16,2,-16,2,-17,2,-17,1,-17,0,-16,0,-16,0,-16,-1,-16,-2,0,0,0,0,0,0,0,0,0,0,0,0,0,0,0,0,0,0,0,0,0,0,-10,-2,-11,-3,-11,-4,-11,-5,-12,-5,-11,-6,-11,-7,-11,-8,-11,-9,-10,-9,-10,-9,-10,-9,-10,-9,-10,-9,-10,-8,-10,-8,-10,-7,-11,-7,-11,-7,-11,-7,-12,-6,-12,-6,-13,-5,-13,-5,-13,-5,-13,-5]"
2025-08-18 21:59:15.908688,CSI_DATA,827,1a:00:00:00:00:00,-52,11,0,0,0,0,0,0,0,0,0,-94,0,1,0,140882058,0,31,0,128,0,"[0,0,12,-7,11,-7,11,-8,11,-8,10,-9,10,-9,10,-9,9,-10,9,-10,8,-11,8,-11,7,-11,8,-12,7,-12,8,-13,7,-13,8,-14,8,-14,8,-14,9,-14,9,-14,9,-13,10,-12,10,-12,11,-12,11,-11,0,0,0,0,0,0,0,0,0,0,0,0,0,0,0,0,0,0,0,0,0,0,7,-7,8,-6,9,-6,10,-5,11,-5,11,-4,12,-4,12,-3,13,-3,13,-2,12,-1,12,-1,12,-1,12,-1,11,-2,11,-2,11,-3,11,-4,11,-4,11,-5,11,-5,11,-6,11,-6,12,-6,12,-6,12,-7]"
2025-08-18 21:59:16.108468,CSI_DATA,828,1a:00:00:00:00:00,-52,11,0,0,0,0,0,0,0,0,0,-94,0,1,0,141083192,0,31,0,128,0,"[0,0,-7,12,-6,11,-6,12,-6,11,-5,12,-5,12,-5,12,-4,12,-4,12,-3,12,-2,13,-1,13,-1,13,-1,14,-1,14,-1,14,-1,14,-1,15,-2,15,-2,15,-3,15,-3,15,-3,14,-4,15,-5,14,-5,14,0,0,0,0,0,0,0,0,0,0,0,0,0,0,0,0,0,0,0,0,0,0,-3,9,-4,9,-5,9,-6,10,-7,9,-8,9,-9,9,-9,9,-10,8,-10,8,-10,8,-10,7,-10,7,-9,7,-9,7,-9,7,-9,8,-8,8,-8,9,-8,9,-8,9,-8,10,-7,10,-7,11,-7,11,-7,11]"
2025-08-18 21:59:16.186424,CSI_DATA,829,1a:00:00:00:00:00,-52,11,0,0,0,0,0,0,0,0,0,-94,0,1,0,141146249,0,42,0,128,0,"[0,0,-11,-10,-11,-9,-11,-9,-11,-8,-11,-8,-11,-8,-12,-7,-12,-7,-12,-6,-12,-6,-12,-5,-13,-5,-13,-5,-14,-5,-14,-4,-15,-4,-15,-5,-15,-5,-16,-5,-15,-5,-15,-6,-15,-7,-14,-7,-14,-8,-14,-8,-13,-9,0,0,0,0,0,0,0,0,0,0,0,0,0,0,0,0,0,0,0,0,0,0,-9,-5,-9,-6,-9,-7,-9,-8,-9,-9,-8,-10,-8,-11,-7,-11,-7,-12,-6,-12,-6,-12,-5,-12,-6,-11,-6,-11,-6,-11,-6,-10,-7,-11,-7,-10,-8,-10,-8,-10,-8,-10,-9,-10,-9,-9,-10,-10,-10,-10,-10,-10]"
2025-08-18 21:59:16.234896,CSI_DATA,830,1a:00:00:00:00:00,-52,11,0,0,0,0,0,0,0,0,0,-94,0,1,0,141210933,0,31,0,128,0,"[0,0,-2,13,-1,13,-1,13,0,13,0,13,1,13,1,13,2,13,2,12,3,12,3,12,4,12,5,13,5,13,6,13,6,13,6,14,6,14,6,14,6,14,4,14,5,15,3,15,3,14,2,15,1,15,0,0,0,0,0,0,0,0,0,0,0,0,0,0,0,0,0,0,0,0,0,0,0,9,0,10,-1,10,-2,11,-3,11,-4,12,-5,12,-5,12,-6,11,-6,11,-7,11,-7,10,-7,10,-6,10,-6,10,-6,10,-5,11,-5,11,-4,11,-3,12,-3,12,-3,12,-3,13,-2,13,-2,13,-2,13]"
2025-08-18 21:59:16.443621,CSI_DATA,831,1a:00:00:00:00:00,-52,11,0,0,0,0,0,0,0,0,0,-94,0,1,0,141412053,0,31,0,128,0,"[0,0,-11,-9,-11,-9,-11,-9,-11,-8,-12,-8,-12,-8,-12,-7,-12,-7,-12,-6,-13,-5,-13,-5,-13,-4,-14,-4,-14,-4,-15,-4,-15,-4,-14,-4,-16,-4,-16,-4,-16,-4,-16,-5,-15,-5,-15,-6,-15,-6,-14,-7,-14,-8,0,0,0,0,0,0,0,0,0,0,0,0,0,0,0,0,0,0,0,0,0,0,-8,-5,-9,-7,-9,-7,-8,-8,-8,-9,-8,-10,-7,-11,-7,-11,-7,-12,-6,-12,-6,-12,-5,-12,-5,-12,-6,-11,-6,-11,-6,-11,-7,-11,-7,-10,-8,-10,-8,-10,-9,-10,-9,-10,-9,-10,-10,-10,-10,-10,-10,-9]"
2025-08-18 21:59:16.643481,CSI_DATA,832,1a:00:00:00:00:00,-52,11,0,0,0,0,0,0,0,0,0,-94,0,1,0,141613392,0,31,0,128,0,"[0,0,-13,-5,-13,-5,-13,-5,-13,-4,-13,-4,-13,-3,-13,-3,-13,-2,-13,-2,-13,-1,-14,-1,-14,0,-14,0,-15,1,-15,1,-15,1,-15,1,-16,1,-16,1,-16,0,-16,0,-16,-1,-16,-2,-16,-2,-16,-3,-16,-3,0,0,0,0,0,0,0,0,0,0,0,0,0,0,0,0,0,0,0,0,0,0,-10,-2,-10,-3,-11,-4,-11,-5,-11,-6,-11,-7,-11,-8,-11,-8,-10,-9,-10,-9,-10,-9,-10,-9,-9,-9,-9,-9,-9,-9,-9,-8,-10,-8,-10,-7,-11,-7,-11,-7,-11,-6,-11,-7,-12,-6,-12,-6,-13,-6,-13,-5]"
2025-08-18 21:59:16.846337,CSI_DATA,833,1a:00:00:00:00:00,-52,11,0,0,0,0,0,0,0,0,0,-94,0,1,0,141814496,0,31,0,128,0,"[0,0,1,12,1,12,2,12,2,12,2,12,3,12,3,11,4,11,4,11,4,11,5,11,6,11,6,11,6,11,7,11,7,11,7,12,7,12,7,13,6,13,6,13,5,13,5,13,5,13,4,13,3,14,0,0,0,0,0,0,0,0,0,0,0,0,0,0,0,0,0,0,0,0,0,0,3,8,2,8,2,10,1,10,1,11,0,11,-1,11,-2,11,-2,11,-3,11,-3,11,-4,11,-3,11,-3,10,-3,10,-3,10,-2,10,-2,11,-1,11,-1,11,-1,11,0,11,-1,12,1,13,1,12,1,12]"
2025-08-18 21:59:17.047570,CSI_DATA,834,1a:00:00:00:00:00,-52,11,0,0,0,0,0,0,0,0,0,-94,0,1,0,142015638,0,31,0,128,0,"[0,0,-7,-12,-7,-12,-7,-12,-8,-12,-8,-11,-8,-11,-8,-11,-9,-11,-9,-10,-10,-10,-10,-9,-11,-9,-11,-9,-12,-9,-12,-9,-12,-9,-13,-9,-13,-9,-13,-10,-12,-10,-12,-11,-12,-11,-12,-12,-11,-12,-11,-12,-10,-12,0,0,0,0,0,0,0,0,0,0,0,0,0,0,0,0,0,0,0,0,0,0,-7,-8,-6,-8,-6,-10,-5,-11,-5,-12,-4,-12,-3,-13,-3,-13,-2,-13,-2,-13,-2,-13,-2,-13,-2,-13,-2,-12,-2,-12,-2,-12,-3,-12,-3,-12,-4,-12,-4,-12,-4,-12,-5,-12,-6,-12,-6,-12,-7,-12,-6,-12]"
2025-08-18 21:59:17.240763,CSI_DATA,835,1a:00:00:00:00:00,-52,11,0,0,0,0,0,0,0,0,0,-94,0,1,0,142217107,0,31,0,128,0,"[0,0,-1,13,0,12,0,12,1,12,1,12,1,12,2,12,2,12,3,12,4,12,4,12,5,11,5,11,6,12,6,12,6,12,6,13,6,13,6,13,6,13,5,13,5,13,4,14,4,14,3,13,2,14,0,0,0,0,0,0,0,0,0,0,0,0,0,0,0,0,0,0,0,0,0,0,1,9,0,9,0,10,-1,10,-2,11,-3,11,-4,11,-4,11,-5,11,-5,11,-6,11,-6,10,-5,10,-5,10,-5,10,-5,10,-4,10,-4,11,-3,11,-2,11,-2,11,-2,11,-2,12,-1,12,-1,12,-1,12]"
2025-08-18 21:59:17.644322,CSI_DATA,836,1a:00:00:00:00:00,-52,11,0,0,0,0,0,0,0,0,0,-94,0,1,0,142418065,0,31,0,128,0,"[0,0,10,-9,10,-9,9,-9,9,-9,9,-10,9,-10,8,-10,8,-11,7,-11,7,-11,7,-12,6,-12,6,-13,5,-13,6,-14,6,-14,6,-14,7,-14,7,-15,7,-14,8,-14,8,-14,8,-13,9,-13,9,-12,10,-12,0,0,0,0,0,0,0,0,0,0,0,0,0,0,0,0,0,0,0,0,0,0,6,-8,7,-8,7,-7,8,-7,9,-7,10,-7,11,-6,11,-5,12,-5,12,-4,12,-4,11,-4,11,-4,11,-4,11,-4,10,-4,10,-4,10,-5,10,-6,10,-6,10,-6,10,-7,10,-8,10,-8,10,-8,11,-8]"
2025-08-18 21:59:17.650561,CSI_DATA,837,1a:00:00:00:00:00,-52,11,0,0,0,0,0,0,0,0,0,-94,0,1,0,142619216,0,31,0,128,0,"[0,0,9,-11,8,-11,8,-11,8,-12,7,-12,6,-12,6,-12,5,-12,5,-13,5,-13,4,-13,4,-14,3,-14,3,-14,3,-15,3,-15,3,-16,3,-16,4,-17,4,-16,4,-16,5,-16,5,-15,6,-15,7,-15,7,-14,0,0,0,0,0,0,0,0,0,0,0,0,0,0,0,0,0,0,0,0,0,0,5,-9,6,-9,7,-9,7,-9,9,-9,9,-8,10,-8,11,-8,11,-7,11,-6,11,-6,11,-6,11,-6,10,-6,10,-6,10,-6,10,-7,10,-7,9,-8,9,-8,9,-9,9,-9,9,-10,9,-10,9,-10,9,-11]"
2025-08-18 21:59:17.712941,CSI_DATA,838,1a:00:00:00:00:00,-52,11,0,0,0,0,0,0,0,0,0,-94,0,1,0,142682229,0,42,0,128,0,"[0,0,-7,11,-7,12,-6,11,-6,12,-5,11,-5,12,-5,12,-4,12,-4,12,-3,13,-3,12,-2,13,-2,13,-1,13,-2,14,-1,14,-1,14,-2,15,-3,15,-3,15,-3,15,-3,15,-4,15,-5,15,-6,14,-6,14,0,0,0,0,0,0,0,0,0,0,0,0,0,0,0,0,0,0,0,0,0,0,-3,9,-4,9,-5,9,-6,9,-6,10,-8,9,-9,9,-9,9,-10,8,-10,8,-10,8,-10,7,-10,7,-10,7,-9,7,-9,7,-9,8,-8,8,-8,8,-8,9,-8,9,-8,10,-8,11,-7,11,-7,11,-7,11]"
2025-08-18 21:59:17.771378,CSI_DATA,839,1a:00:00:00:00:00,-52,11,0,0,0,0,0,0,0,0,0,-94,0,1,0,142747352,0,31,0,128,0,"[0,0,-3,13,-2,13,-1,13,-1,13,0,13,-1,13,0,12,1,12,1,12,2,13,2,12,3,12,4,12,4,12,4,13,5,13,5,14,4,14,4,14,4,15,3,15,3,15,3,15,2,15,1,14,0,15,0,0,0,0,0,0,0,0,0,0,0,0,0,0,0,0,0,0,0,0,0,0,0,9,-1,9,-1,10,-2,10,-3,11,-4,11,-5,11,-6,11,-6,11,-7,11,-7,10,-7,10,-7,10,-6,10,-6,10,-6,10,-6,10,-5,11,-4,11,-4,11,-4,11,-4,12,-3,12,-3,13,-3,13,-2,13]"
2025-08-18 21:59:17.979987,CSI_DATA,840,1a:00:00:00:00:00,-52,11,0,0,0,0,0,0,0,0,0,-94,0,1,0,142948453,0,31,0,128,0,"[0,0,-9,-11,-9,-11,-10,-11,-10,-10,-10,-10,-10,-10,-11,-10,-11,-9,-11,-8,-12,-7,-12,-7,-13,-6,-13,-7,-14,-6,-14,-6,-14,-7,-14,-7,-15,-7,-15,-8,-14,-8,-14,-9,-14,-9,-14,-9,-14,-9,-13,-10,-13,-11,0,0,0,0,0,0,0,0,0,0,0,0,0,0,0,0,0,0,0,0,0,0,-8,-6,-8,-7,-8,-9,-8,-10,-7,-10,-7,-11,-6,-12,-6,-12,-5,-13,-5,-13,-5,-12,-4,-12,-5,-12,-5,-12,-5,-12,-4,-12,-5,-12,-6,-11,-6,-12,-6,-12,-7,-11,-7,-12,-8,-11,-9,-11,-9,-11,-9,-11]"
2025-08-18 21:59:18.181191,CSI_DATA,841,1a:00:00:00:00:00,-52,11,0,0,0,0,0,0,0,0,0,-94,0,1,0,143149580,0,31,0,128,0,"[0,0,-10,-10,-10,-10,-10,-9,-11,-9,-11,-9,-11,-9,-11,-8,-11,-7,-11,-7,-12,-6,-12,-6,-13,-5,-13,-5,-14,-5,-14,-5,-14,-5,-15,-5,-15,-5,-15,-6,-15,-6,-15,-6,-15,-7,-14,-7,-14,-8,-14,-8,-13,-9,0,0,0,0,0,0,0,0,0,0,0,0,0,0,0,0,0,0,0,0,0,0,-8,-6,-8,-7,-8,-8,-8,-9,-8,-10,-7,-11,-7,-11,-6,-12,-6,-12,-5,-12,-5,-12,-5,-12,-5,-12,-5,-12,-5,-11,-5,-11,-6,-11,-6,-10,-7,-11,-7,-11,-8,-11,-8,-11,-9,-10,-9,-10,-9,-10,-9,-10]"
2025-08-18 21:59:18.381920,CSI_DATA,842,1a:00:00:00:00:00,-52,11,0,0,0,0,0,0,0,0,0,-94,0,1,0,143350739,0,31,0,128,0,"[0,0,-9,-10,-9,-10,-10,-10,-9,-9,-10,-9,-10,-9,-10,-8,-11,-8,-11,-8,-11,-7,-12,-6,-12,-6,-13,-6,-13,-6,-13,-6,-14,-6,-14,-6,-14,-6,-15,-7,-14,-7,-14,-7,-14,-8,-13,-8,-13,-8,-13,-8,-12,-9,0,0,0,0,0,0,0,0,0,0,0,0,0,0,0,0,0,0,0,0,0,0,-8,-6,-8,-7,-8,-8,-7,-9,-7,-10,-7,-11,-6,-11,-5,-12,-5,-12,-5,-12,-4,-12,-4,-12,-4,-12,-4,-12,-4,-11,-4,-11,-5,-11,-5,-11,-6,-11,-6,-11,-7,-11,-7,-11,-8,-10,-9,-11,-8,-10,-9,-10]"
2025-08-18 21:59:18.587744,CSI_DATA,843,1a:00:00:00:00:00,-52,11,0,0,0,0,0,0,0,0,0,-94,0,1,0,143551985,0,31,0,128,0,"[0,0,5,-13,4,-13,4,-13,3,-13,3,-13,2,-13,2,-13,1,-13,1,-13,0,-13,0,-13,-1,-14,-1,-14,-2,-14,-2,-14,-2,-14,-2,-15,-2,-15,-2,-16,-2,-16,-1,-16,-1,-16,0,-16,0,-16,1,-15,2,-15,0,0,0,0,0,0,0,0,0,0,0,0,0,0,0,0,0,0,0,0,0,0,2,-9,3,-10,4,-10,4,-10,5,-11,6,-10,7,-10,8,-10,8,-9,8,-9,9,-9,9,-8,8,-8,8,-9,7,-9,7,-9,7,-9,7,-10,6,-10,6,-10,6,-11,5,-11,5,-12,5,-12,5,-12,5,-12]"
2025-08-18 21:59:18.778469,CSI_DATA,844,1a:00:00:00:00:00,-52,11,0,0,0,0,0,0,0,0,0,-94,0,1,0,143753082,0,31,0,128,0,"[0,0,11,-8,10,-8,10,-8,10,-9,10,-9,9,-9,9,-10,8,-10,8,-10,8,-11,7,-11,7,-12,7,-12,6,-13,7,-13,7,-13,7,-14,7,-14,7,-14,8,-14,8,-14,9,-13,9,-13,9,-12,10,-12,11,-11,0,0,0,0,0,0,0,0,0,0,0,0,0,0,0,0,0,0,0,0,0,0,7,-7,8,-7,8,-6,9,-6,10,-5,11,-5,12,-4,12,-4,12,-3,12,-3,12,-2,12,-2,11,-2,11,-2,11,-3,11,-3,11,-3,11,-4,11,-5,11,-5,11,-5,11,-6,11,-6,11,-7,11,-7,11,-7]"
2025-08-18 21:59:18.983121,CSI_DATA,845,1a:00:00:00:00:00,-52,11,0,0,0,0,0,0,0,0,0,-94,0,1,0,143954478,0,31,0,128,0,"[0,0,-14,0,-14,0,-14,1,-13,1,-14,2,-13,2,-13,2,-13,3,-13,3,-13,4,-12,5,-12,6,-12,6,-13,6,-13,7,-13,7,-13,7,-14,7,-14,7,-15,7,-15,6,-15,6,-15,5,-15,5,-15,5,-15,4,0,0,0,0,0,0,0,0,0,0,0,0,0,0,0,0,0,0,0,0,0,0,-10,2,-11,1,-11,0,-12,-1,-12,-1,-13,-2,-13,-3,-13,-4,-13,-5,-12,-5,-12,-5,-12,-5,-12,-5,-12,-5,-12,-5,-11,-4,-12,-4,-12,-3,-12,-3,-12,-3,-13,-2,-13,-2,-13,-1,-14,-1,-14,0,-14,0]"
2025-08-18 21:59:19.174698,CSI_DATA,846,1a:00:00:00:00:00,-52,11,0,0,0,0,0,0,0,0,0,-94,0,1,0,144155532,0,31,0,128,0,"[0,0,9,9,9,8,10,8,10,7,10,7,10,7,10,7,10,6,10,6,11,5,11,4,11,4,12,4,13,4,12,4,13,4,13,4,14,4,14,5,14,5,14,5,13,6,13,6,13,7,12,7,12,8,0,0,0,0,0,0,0,0,0,0,0,0,0,0,0,0,0,0,0,0,0,0,8,4,8,5,8,6,8,7,8,7,7,8,6,9,6,10,6,10,5,10,5,10,5,10,5,10,5,10,5,10,5,9,6,9,6,8,6,9,7,9,7,9,8,9,8,8,9,8,9,9,9,8]"
2025-08-18 21:59:19.248000,CSI_DATA,847,1a:00:00:00:00:00,-52,11,0,0,0,0,0,0,0,0,0,-94,0,1,0,144218266,0,42,0,128,0,"[0,0,-13,-6,-13,-6,-13,-5,-13,-5,-13,-5,-13,-4,-13,-4,-13,-3,-13,-2,-14,-1,-13,-1,-14,0,-14,0,-14,0,-15,1,-15,1,-16,1,-15,0,-16,0,-16,0,-16,-1,-16,-1,-16,-2,-16,-2,-15,-3,-15,-3,0,0,0,0,0,0,0,0,0,0,0,0,0,0,0,0,0,0,0,0,0,0,-10,-3,-10,-4,-10,-5,-10,-6,-11,-7,-10,-7,-10,-8,-10,-9,-10,-9,-9,-10,-9,-10,-8,-10,-9,-10,-9,-9,-8,-9,-9,-9,-9,-8,-10,-8,-10,-8,-11,-7,-11,-8,-11,-7,-12,-7,-13,-7,-12,-6,-12,-6]"
2025-08-18 21:59:19.312093,CSI_DATA,848,1a:00:00:00:00:00,-52,11,0,0,0,0,0,0,0,0,0,-94,0,1,0,144283659,0,31,0,128,0,"[0,0,2,-13,1,-13,1,-13,1,-13,0,-13,0,-13,0,-13,-1,-13,-1,-13,-2,-13,-3,-13,-3,-13,-4,-13,-4,-14,-4,-14,-4,-14,-4,-15,-4,-15,-4,-15,-4,-15,-3,-15,-3,-16,-2,-15,-2,-15,-1,-15,0,-15,0,0,0,0,0,0,0,0,0,0,0,0,0,0,0,0,0,0,0,0,0,0,0,-10,0,-10,1,-11,2,-11,3,-11,4,-12,5,-12,5,-11,6,-11,6,-11,6,-10,6,-10,6,-10,6,-10,5,-10,5,-10,5,-10,5,-11,4,-11,4,-11,3,-12,3,-12,3,-12,3,-13,3,-13,3,-13]"
2025-08-18 21:59:19.510556,CSI_DATA,849,1a:00:00:00:00:00,-52,11,0,0,0,0,0,0,0,0,0,-94,0,1,0,144484871,0,31,0,128,0,"[0,0,-10,9,-10,9,-10,9,-9,10,-9,10,-9,10,-8,10,-8,11,-7,11,-6,11,-6,12,-6,12,-5,12,-5,13,-5,13,-6,14,-5,14,-6,14,-7,15,-7,14,-7,14,-8,14,-8,13,-8,13,-9,13,-10,12,0,0,0,0,0,0,0,0,0,0,0,0,0,0,0,0,0,0,0,0,0,0,-6,8,-7,8,-8,7,-9,7,-10,7,-11,7,-11,6,-12,6,-12,5,-12,5,-13,5,-12,4,-12,4,-12,4,-11,5,-11,4,-11,5,-11,5,-11,6,-11,6,-11,7,-11,7,-10,8,-11,9,-10,9,-10,9]"
2025-08-18 21:59:19.708810,CSI_DATA,850,1a:00:00:00:00:00,-52,11,0,0,0,0,0,0,0,0,0,-94,0,1,0,144685322,0,31,0,128,0,"[0,0,-3,12,-3,11,-3,12,-2,11,-2,12,-1,11,-1,11,0,12,0,11,1,11,1,12,2,11,2,12,3,12,3,12,3,13,3,13,3,13,2,14,2,14,1,14,1,14,0,14,0,14,-1,13,-1,13,0,0,0,0,0,0,0,0,0,0,0,0,0,0,0,0,0,0,0,0,0,0,0,8,-1,9,-2,9,-3,10,-3,10,-4,10,-5,10,-6,10,-6,10,-7,9,-7,9,-7,9,-7,9,-6,9,-6,9,-6,9,-6,9,-5,9,-5,10,-5,10,-4,10,-4,10,-4,11,-4,11,-3,11,-3,11]"
2025-08-18 21:59:19.911274,CSI_DATA,851,1a:00:00:00:00:00,-52,11,0,0,0,0,0,0,0,0,0,-94,0,1,0,144886444,0,31,0,128,0,"[0,0,8,-11,7,-11,7,-11,7,-12,6,-12,6,-12,5,-12,5,-13,4,-12,4,-13,3,-13,2,-13,2,-13,2,-14,2,-15,2,-15,2,-15,2,-16,3,-16,3,-16,4,-16,4,-16,4,-15,5,-15,5,-15,6,-14,0,0,0,0,0,0,0,0,0,0,0,0,0,0,0,0,0,0,0,0,0,0,4,-9,5,-9,6,-9,7,-9,7,-9,9,-9,9,-8,10,-8,10,-7,10,-7,11,-7,10,-6,10,-6,10,-6,9,-6,9,-7,9,-7,9,-8,9,-8,9,-8,8,-9,8,-9,8,-10,8,-10,8,-10,8,-11]"
2025-08-18 21:59:20.125101,CSI_DATA,852,1a:00:00:00:00:00,-52,11,0,0,0,0,0,0,0,0,0,-94,0,1,0,145087749,0,31,0,128,0,"[0,0,-2,-13,-3,-13,-3,-13,-3,-12,-4,-13,-4,-12,-5,-12,-5,-12,-6,-12,-6,-11,-7,-11,-7,-11,-8,-11,-8,-11,-8,-11,-9,-11,-9,-12,-9,-12,-9,-13,-9,-13,-8,-13,-8,-13,-8,-14,-7,-14,-6,-14,-6,-14,0,0,0,0,0,0,0,0,0,0,0,0,0,0,0,0,0,0,0,0,0,0,-3,-9,-3,-10,-2,-11,-2,-11,-1,-12,0,-12,1,-12,1,-13,2,-12,2,-12,3,-12,3,-12,2,-12,2,-12,2,-11,2,-11,1,-11,1,-11,0,-12,0,-12,-1,-12,-1,-13,-1,-13,-2,-13,-2,-13,-2,-13]"
2025-08-18 21:59:20.316267,CSI_DATA,853,1a:00:00:00:00:00,-52,11,0,0,0,0,0,0,0,0,0,-94,0,1,0,145288911,0,31,0,128,0,"[0,0,4,-14,3,-14,2,-14,2,-14,2,-14,1,-14,0,-14,0,-14,-1,-14,-1,-14,-2,-14,-3,-14,-3,-14,-3,-15,-4,-15,-4,-15,-4,-16,-4,-16,-4,-16,-3,-16,-3,-16,-2,-17,-2,-17,-1,-16,0,-16,0,-16,0,0,0,0,0,0,0,0,0,0,0,0,0,0,0,0,0,0,0,0,0,0,1,-10,2,-11,3,-11,4,-11,4,-12,6,-12,6,-11,7,-11,8,-11,8,-11,8,-10,8,-10,8,-10,7,-10,7,-10,7,-10,6,-10,6,-11,5,-11,5,-12,5,-12,4,-12,4,-13,4,-13,4,-13,4,-14]"
2025-08-18 21:59:20.513623,CSI_DATA,854,1a:00:00:00:00:00,-52,11,0,0,0,0,0,0,0,0,0,-94,0,1,0,145490139,0,31,0,128,0,"[0,0,-2,13,-1,13,-1,13,0,13,0,13,1,13,1,12,2,12,2,12,3,12,3,12,4,12,4,12,5,13,5,12,5,13,5,14,5,14,5,14,4,14,4,14,4,15,3,15,3,15,2,14,1,15,0,0,0,0,0,0,0,0,0,0,0,0,0,0,0,0,0,0,0,0,0,0,1,9,0,10,0,10,-1,11,-2,11,-3,11,-4,12,-5,11,-5,11,-6,11,-6,11,-6,10,-6,10,-6,10,-5,10,-5,10,-5,10,-4,11,-4,11,-3,11,-3,11,-3,12,-2,12,-2,13,-2,13,-2,13]"
2025-08-18 21:59:20.711381,CSI_DATA,855,1a:00:00:00:00:00,-52,11,0,0,0,0,0,0,0,0,0,-94,0,1,0,145691243,0,31,0,128,0,"[0,0,12,5,12,4,12,5,12,4,13,3,12,3,12,3,13,2,13,2,13,0,13,0,13,-1,13,-1,14,-1,14,-2,15,-2,15,-1,15,-2,16,-1,16,-1,16,0,16,1,15,1,15,1,15,2,15,3,0,0,0,0,0,0,0,0,0,0,0,0,0,0,0,0,0,0,0,0,0,0,9,2,9,3,10,4,10,5,10,6,10,6,10,7,9,8,9,8,9,9,8,9,8,9,8,8,8,8,8,8,8,8,8,7,9,7,9,7,10,6,10,6,11,6,11,6,12,6,12,5,12,5]"
2025-08-18 21:59:20.786103,CSI_DATA,856,1a:00:00:00:00:00,-52,11,0,0,0,0,0,0,0,0,0,-94,0,1,0,145754258,0,42,0,128,0,"[0,0,12,2,12,1,12,1,12,1,12,0,12,0,12,0,12,-1,12,-2,12,-3,12,-3,12,-4,12,-4,13,-4,13,-4,13,-5,13,-5,14,-5,14,-5,14,-4,14,-4,14,-3,14,-2,15,-2,14,-1,14,-1,0,0,0,0,0,0,0,0,0,0,0,0,0,0,0,0,0,0,0,0,0,0,9,-1,9,0,10,1,10,2,11,2,11,3,11,4,11,5,10,6,10,7,11,8,11,6,9,6,9,5,9,5,9,5,10,4,10,4,10,4,10,4,11,3,11,3,11,2,12,2,12,3,12,2]"
2025-08-18 21:59:20.846181,CSI_DATA,857,1a:00:00:00:00:00,-52,11,0,0,0,0,0,0,0,0,0,-94,0,1,0,145819373,0,31,0,128,0,"[0,0,-13,6,-12,6,-12,6,-12,7,-12,7,-11,7,-11,8,-10,8,-10,9,-10,9,-9,10,-9,10,-9,10,-9,11,-9,12,-9,12,-9,12,-10,13,-11,13,-10,12,-11,12,-11,11,-12,11,-12,11,-12,10,-13,9,0,0,0,0,0,0,0,0,0,0,0,0,0,0,0,0,0,0,0,0,0,0,-8,6,-9,5,-10,5,-11,4,-12,4,-12,3,-13,3,-13,2,-13,2,-13,1,-13,1,-13,1,-13,0,-13,0,-13,1,-12,1,-13,2,-12,2,-12,3,-12,3,-12,4,-12,4,-13,5,-13,5,-13,5,-13,6]"
2025-08-18 21:59:21.051477,CSI_DATA,858,1a:00:00:00:00:00,-52,11,0,0,0,0,0,0,0,0,0,-94,0,1,0,146020444,0,31,0,128,0,"[0,0,-11,-9,-11,-8,-11,-8,-11,-8,-12,-7,-12,-7,-12,-6,-12,-6,-13,-5,-12,-5,-13,-4,-13,-4,-14,-4,-14,-3,-14,-3,-15,-3,-15,-3,-16,-3,-16,-4,-16,-4,-16,-4,-16,-5,-15,-5,-15,-6,-15,-6,-14,-7,0,0,0,0,0,0,0,0,0,0,0,0,0,0,0,0,0,0,0,0,0,0,-9,-5,-9,-6,-9,-7,-9,-8,-9,-9,-9,-10,-8,-10,-8,-11,-7,-11,-6,-11,-6,-11,-6,-12,-6,-11,-6,-11,-6,-11,-6,-10,-7,-10,-7,-10,-8,-10,-8,-10,-9,-10,-9,-9,-10,-9,-10,-9,-10,-9,-11,-9]"
2025-08-18 21:59:21.249190,CSI_DATA,859,1a:00:00:00:00:00,-52,11,0,0,0,0,0,0,0,0,0,-94,0,1,0,146221779,0,31,0,128,0,"[0,0,-13,4,-13,4,-13,5,-13,5,-12,6,-12,6,-11,6,-11,7,-11,7,-10,8,-10,8,-10,9,-10,9,-10,10,-10,11,-10,11,-10,11,-11,11,-11,11,-11,11,-12,11,-12,10,-12,10,-13,9,-13,8,-13,8,0,0,0,0,0,0,0,0,0,0,0,0,0,0,0,0,0,0,0,0,0,0,-9,4,-10,4,-11,3,-11,3,-12,2,-13,1,-13,1,-13,0,-13,-1,-13,-1,-13,-1,-13,-2,-12,-1,-12,-1,-12,-1,-12,-1,-12,0,-12,1,-12,1,-12,1,-13,2,-13,2,-13,3,-13,3,-13,4,-13,4]"
2025-08-18 21:59:21.449236,CSI_DATA,860,1a:00:00:00:00:00,-52,11,0,0,0,0,0,0,0,0,0,-94,0,1,0,146422955,0,31,0,128,0,"[0,0,13,-4,12,-5,12,-5,12,-6,12,-6,11,-6,12,-7,11,-7,10,-8,11,-9,10,-9,10,-10,10,-10,10,-10,10,-11,10,-11,10,-12,11,-12,11,-12,12,-11,12,-11,12,-10,12,-10,13,-9,13,-9,13,-8,0,0,0,0,0,0,0,0,0,0,0,0,0,0,0,0,0,0,0,0,0,0,8,-5,9,-5,10,-4,10,-4,11,-3,12,-2,12,-1,13,-1,13,0,13,1,12,1,12,1,12,1,12,1,11,0,12,0,11,-1,12,-1,11,-2,12,-2,12,-2,12,-3,12,-3,12,-4,13,-4,13,-4]"
2025-08-18 21:59:21.655063,CSI_DATA,861,1a:00:00:00:00:00,-52,11,0,0,0,0,0,0,0,0,0,-94,0,1,0,146624100,0,31,0,128,0,"[0,0,-13,-5,-13,-5,-13,-5,-13,-4,-13,-4,-13,-3,-13,-3,-13,-2,-13,-1,-13,-1,-13,-1,-13,0,-14,0,-14,1,-14,2,-15,2,-15,1,-15,2,-16,2,-15,1,-16,1,-16,0,-15,-1,-16,-1,-15,-2,-15,-3,0,0,0,0,0,0,0,0,0,0,0,0,0,0,0,0,0,0,0,0,0,0,-9,-2,-10,-3,-10,-4,-11,-5,-10,-6,-11,-7,-10,-7,-10,-8,-10,-8,-9,-9,-9,-9,-9,-9,-9,-9,-9,-9,-9,-8,-9,-8,-9,-8,-10,-7,-10,-7,-11,-7,-11,-6,-11,-6,-11,-6,-12,-6,-12,-6,-12,-6]"
2025-08-18 21:59:21.853162,CSI_DATA,862,1a:00:00:00:00:00,-52,11,0,0,0,0,0,0,0,0,0,-94,0,1,0,146825215,0,31,0,128,0,"[0,0,4,-13,3,-14,3,-13,3,-14,2,-13,2,-14,1,-13,0,-13,0,-13,-1,-14,-1,-14,-2,-14,-2,-14,-3,-14,-3,-15,-3,-15,-3,-16,-3,-16,-3,-16,-2,-16,-2,-16,-1,-16,-1,-16,0,-16,1,-16,1,-15,0,0,0,0,0,0,0,0,0,0,0,0,0,0,0,0,0,0,0,0,0,0,1,-10,1,-10,2,-11,3,-11,4,-11,5,-11,6,-11,7,-11,7,-11,7,-11,8,-10,7,-10,7,-10,7,-10,7,-10,7,-10,6,-10,6,-11,5,-11,5,-11,5,-12,5,-12,4,-13,4,-13,4,-13,4,-13]"
2025-08-18 21:59:22.056288,CSI_DATA,863,1a:00:00:00:00:00,-52,11,0,0,0,0,0,0,0,0,0,-94,0,1,0,147026392,0,31,0,128,0,"[0,0,-13,-6,-13,-5,-14,-5,-13,-4,-14,-5,-14,-4,-14,-3,-14,-3,-14,-2,-13,-1,-14,-1,-14,0,-14,0,-15,0,-15,1,-16,1,-16,1,-16,1,-17,0,-17,0,-17,-1,-16,-1,-16,-2,-16,-2,-16,-3,-16,-4,0,0,0,0,0,0,0,0,0,0,0,0,0,0,0,0,0,0,0,0,0,0,-10,-2,-11,-3,-11,-4,-11,-5,-11,-6,-11,-7,-11,-8,-11,-8,-10,-9,-10,-9,-10,-9,-9,-9,-9,-9,-9,-9,-10,-9,-9,-8,-10,-8,-10,-7,-11,-8,-11,-7,-11,-7,-12,-7,-12,-6,-13,-6,-13,-6,-13,-6]"
2025-08-18 21:59:22.257855,CSI_DATA,864,1a:00:00:00:00:00,-52,11,0,0,0,0,0,0,0,0,0,-94,0,1,0,147227516,0,31,0,128,0,"[0,0,-13,-6,-13,-6,-13,-6,-13,-5,-14,-5,-13,-5,-13,-4,-13,-3,-13,-3,-14,-2,-14,-1,-14,-1,-14,-1,-15,-1,-15,0,-16,0,-16,0,-16,0,-17,-1,-17,-1,-17,-2,-16,-2,-16,-3,-16,-3,-16,-4,-16,-5,0,0,0,0,0,0,0,0,0,0,0,0,0,0,0,0,0,0,0,0,0,0,-10,-3,-10,-4,-11,-5,-11,-6,-11,-7,-11,-8,-10,-8,-10,-9,-10,-10,-9,-10,-9,-10,-9,-10,-9,-10,-9,-10,-9,-9,-9,-9,-10,-9,-10,-8,-10,-8,-11,-8,-11,-8,-11,-8,-12,-7,-12,-7,-13,-7,-13,-6]"
2025-08-18 21:59:22.319040,CSI_DATA,865,1a:00:00:00:00:00,-52,11,0,0,0,0,0,0,0,0,0,-94,0,1,0,147290737,0,42,0,128,0,"[0,0,11,6,11,6,12,5,12,5,12,4,12,4,12,4,12,3,12,3,12,1,13,1,13,1,13,0,14,0,14,0,14,0,15,0,15,0,16,0,15,1,16,1,15,2,15,2,15,2,14,3,14,4,0,0,0,0,0,0,0,0,0,0,0,0,0,0,0,0,0,0,0,0,0,0,9,2,10,3,9,7,9,6,9,7,9,7,9,8,8,9,8,9,7,10,7,9,7,9,7,9,7,9,7,9,7,8,8,8,8,8,9,8,9,7,9,7,10,7,10,7,11,6,11,7,12,6]"
2025-08-18 21:59:22.381035,CSI_DATA,866,1a:00:00:00:00:00,-52,11,0,0,0,0,0,0,0,0,0,-94,0,1,0,147357288,0,31,0,128,0,"[0,0,-6,12,-6,11,-5,12,-5,12,-4,12,-4,12,-4,12,-3,12,-3,12,-2,12,-1,12,0,13,0,13,0,14,0,13,0,14,0,14,0,15,0,15,-1,15,-2,15,-2,15,-2,15,-3,15,-3,14,-4,14,0,0,0,0,0,0,0,0,0,0,0,0,0,0,0,0,0,0,0,0,0,0,-2,9,-3,10,-4,10,-5,10,-6,10,-7,10,-8,10,-8,9,-9,9,-9,9,-9,8,-9,8,-9,8,-9,8,-9,8,-8,8,-8,8,-8,9,-7,9,-7,9,-7,10,-7,10,-6,11,-6,11,-6,12,-6,12]"
2025-08-18 21:59:22.590696,CSI_DATA,867,1a:00:00:00:00:00,-52,11,0,0,0,0,0,0,0,0,0,-94,0,1,0,147558401,0,31,0,128,0,"[0,0,-8,-12,-8,-12,-9,-12,-9,-11,-9,-11,-9,-11,-10,-11,-10,-10,-10,-10,-11,-9,-11,-9,-12,-9,-12,-8,-13,-8,-13,-8,-13,-8,-14,-9,-13,-9,-14,-9,-13,-10,-13,-10,-13,-11,-12,-11,-12,-11,-11,-12,-11,-12,0,0,0,0,0,0,0,0,0,0,0,0,0,0,0,0,0,0,0,0,0,0,-7,-7,-7,-8,-7,-9,-7,-10,-7,-11,-6,-12,-5,-13,-4,-13,-4,-13,-3,-13,-3,-13,-2,-13,-3,-13,-3,-13,-3,-13,-3,-12,-4,-12,-4,-12,-5,-12,-5,-12,-6,-12,-6,-12,-6,-12,-7,-12,-7,-12,-7,-12]"
2025-08-18 21:59:22.780286,CSI_DATA,868,1a:00:00:00:00:00,-52,11,0,0,0,0,0,0,0,0,0,-94,0,1,0,147760195,0,31,0,128,0,"[0,0,7,11,8,11,8,10,8,10,9,9,9,9,9,9,10,8,9,8,11,7,11,7,11,6,12,6,12,6,13,6,13,6,13,7,13,7,13,7,13,8,13,8,13,9,12,9,12,9,11,9,11,10,0,0,0,0,0,0,0,0,0,0,0,0,0,0,0,0,0,0,0,0,0,0,7,6,6,7,6,8,6,9,6,10,5,11,4,11,4,12,3,12,3,12,3,12,2,12,3,12,3,11,3,11,3,11,3,11,4,10,4,11,5,11,5,11,6,11,6,11,7,11,7,11,7,11]"
2025-08-18 21:59:22.982583,CSI_DATA,869,1a:00:00:00:00:00,-52,11,0,0,0,0,0,0,0,0,0,-94,0,1,0,147960683,0,31,0,128,0,"[0,0,3,12,4,12,4,12,4,12,5,12,5,11,6,11,6,11,6,10,7,10,7,10,8,9,9,10,9,10,9,9,10,10,10,10,10,10,10,11,10,11,10,11,10,12,9,12,8,12,7,12,7,13,0,0,0,0,0,0,0,0,0,0,0,0,0,0,0,0,0,0,0,0,0,0,4,8,3,9,3,10,2,10,1,11,1,12,0,12,-1,12,-1,12,-2,12,-2,12,-2,12,-2,12,-2,11,-2,11,-1,11,-1,11,0,11,0,11,1,11,1,12,2,12,2,12,2,13,3,13,3,12]"
2025-08-18 21:59:23.190858,CSI_DATA,870,1a:00:00:00:00:00,-52,11,0,0,0,0,0,0,0,0,0,-94,0,1,0,148162159,0,31,0,128,0,"[0,0,-13,-1,-13,-1,-13,0,-13,0,-13,0,-13,1,-13,1,-12,2,-12,2,-12,3,-12,4,-12,4,-12,4,-12,5,-12,5,-13,6,-13,6,-14,6,-14,6,-14,5,-15,5,-14,4,-14,4,-15,3,-15,3,-15,2,0,0,0,0,0,0,0,0,0,0,0,0,0,0,0,0,0,0,0,0,0,0,-9,1,-10,0,-11,-1,-11,-1,-11,-2,-12,-3,-12,-4,-12,-4,-12,-5,-11,-5,-11,-5,-11,-5,-11,-5,-11,-5,-11,-5,-11,-4,-11,-4,-11,-3,-11,-3,-12,-3,-12,-3,-12,-2,-12,-2,-13,-1,-13,-1,-13,-1]"
2025-08-18 21:59:23.405192,CSI_DATA,871,1a:00:00:00:00:00,-52,11,0,0,0,0,0,0,0,0,0,-94,0,1,0,148363132,0,31,0,128,0,"[0,0,-7,-12,-8,-12,-8,-12,-8,-11,-9,-11,-9,-10,-9,-10,-10,-10,-10,-9,-10,-9,-11,-9,-11,-8,-12,-8,-13,-8,-13,-7,-13,-8,-13,-8,-14,-8,-14,-9,-13,-9,-14,-10,-13,-10,-12,-10,-12,-11,-11,-11,-11,-12,0,0,0,0,0,0,0,0,0,0,0,0,0,0,0,0,0,0,0,0,0,0,-7,-7,-7,-8,-7,-9,-6,-10,-6,-11,-5,-12,-4,-12,-4,-12,-4,-13,-3,-13,-2,-13,-2,-13,-2,-13,-2,-12,-3,-12,-3,-12,-4,-12,-4,-12,-5,-12,-5,-12,-6,-12,-6,-12,-6,-12,-7,-12,-7,-12,-7,-12]"
2025-08-18 21:59:23.590582,CSI_DATA,872,1a:00:00:00:00:00,-52,11,0,0,0,0,0,0,0,0,0,-94,0,1,0,148564436,0,31,0,128,0,"[0,0,13,-4,12,-5,12,-4,12,-5,12,-5,11,-5,11,-6,11,-6,11,-7,11,-7,11,-8,10,-8,10,-9,10,-9,11,-10,11,-10,12,-10,12,-10,12,-10,13,-9,13,-8,13,-8,14,-7,13,-7,14,-6,14,-5,0,0,0,0,0,0,0,0,0,0,0,0,0,0,0,0,0,0,0,0,0,0,7,-6,7,-4,2,-13,6,-1,12,-2,11,-4,12,-4,11,-2,12,-2,12,-1,12,-1,12,0,12,0,11,0,11,-1,11,-1,11,-1,11,-2,11,-2,11,-3,11,-3,12,-3,12,-4,12,-4,12,-4,12,-4]"
2025-08-18 21:59:23.796380,CSI_DATA,873,1a:00:00:00:00:00,-52,11,0,0,0,0,0,0,0,0,0,-94,0,1,0,148765526,0,31,0,128,0,"[0,0,-13,-6,-13,-7,-13,-6,-13,-6,-13,-5,-13,-5,-13,-4,-13,-4,-13,-3,-13,-2,-13,-2,-14,-2,-14,-1,-14,-1,-15,-1,-15,0,-15,-1,-16,-1,-16,-1,-16,-2,-16,-2,-16,-3,-16,-4,-16,-4,-15,-4,-15,-5,0,0,0,0,0,0,0,0,0,0,0,0,0,0,0,0,0,0,0,0,0,0,-10,-2,-10,-3,-10,-5,-11,-6,-11,-6,-11,-7,-10,-8,-10,-9,-10,-9,-9,-10,-9,-10,-9,-10,-9,-10,-8,-9,-8,-9,-9,-9,-9,-8,-9,-8,-10,-8,-10,-8,-10,-7,-11,-7,-12,-7,-12,-7,-12,-7,-12,-7]"
2025-08-18 21:59:23.860522,CSI_DATA,874,1a:00:00:00:00:00,-52,11,0,0,0,0,0,0,0,0,0,-94,0,1,0,148834636,0,42,0,128,0,"[0,0,13,-4,13,-4,12,-4,12,-5,12,-5,12,-5,12,-6,11,-7,11,-7,11,-8,11,-8,11,-8,10,-9,10,-10,11,-10,11,-10,11,-10,12,-10,12,-11,12,-10,13,-10,13,-9,13,-9,13,-8,13,-7,14,-7,0,0,0,0,0,0,0,0,0,0,0,0,0,0,0,0,0,0,0,0,0,0,8,-5,9,-4,10,-3,11,-3,11,-2,12,-2,12,-1,13,0,13,0,12,1,12,2,12,2,12,2,12,1,11,1,11,1,11,0,12,0,12,-1,12,-1,12,-2,12,-2,13,-3,13,-3,13,-3,13,-4]"
2025-08-18 21:59:23.917292,CSI_DATA,875,1a:00:00:00:00:00,-52,11,0,0,0,0,0,0,0,0,0,-94,0,1,0,148891268,0,31,0,128,0,"[0,0,12,-6,12,-6,11,-6,12,-7,11,-7,11,-7,10,-8,10,-8,9,-9,9,-9,9,-9,9,-10,8,-10,9,-11,9,-11,9,-12,10,-12,10,-12,10,-12,11,-12,11,-12,11,-11,11,-10,12,-10,12,-9,13,-8,0,0,0,0,0,0,0,0,0,0,0,0,0,0,0,0,0,0,0,0,0,0,7,-6,8,-6,9,-5,9,-5,11,-4,11,-4,12,-3,12,-3,12,-2,12,-1,12,-1,12,-1,12,-1,11,-1,11,-1,11,-1,11,-2,11,-3,11,-3,11,-4,11,-4,12,-4,11,-5,12,-5,12,-5,12,-6]"
2025-08-18 21:59:24.116208,CSI_DATA,876,1a:00:00:00:00:00,-52,11,0,0,0,0,0,0,0,0,0,-94,0,1,0,149093933,0,31,0,128,0,"[0,0,13,2,13,2,13,2,13,1,13,1,13,0,13,-1,13,-1,13,-2,13,-3,13,-3,13,-3,13,-4,13,-4,13,-5,14,-5,14,-5,15,-5,15,-5,15,-5,15,-4,15,-3,15,-3,15,-2,15,-2,15,-1,0,0,0,0,0,0,0,0,0,0,0,0,0,0,0,0,0,0,0,0,0,0,9,0,10,0,10,2,11,3,11,3,11,4,11,5,11,5,11,6,10,6,10,7,10,7,10,7,10,7,10,6,9,6,10,5,10,5,11,4,11,4,12,4,12,3,12,3,12,3,13,3,13,2]"
2025-08-18 21:59:24.317212,CSI_DATA,877,1a:00:00:00:00:00,-52,11,0,0,0,0,0,0,0,0,0,-94,0,1,0,149293494,0,31,0,128,0,"[0,0,-4,12,-3,13,-3,12,-3,13,-2,13,-2,12,-2,12,-1,12,0,12,0,13,1,13,2,12,2,13,2,13,3,14,3,13,3,14,3,14,2,15,2,15,1,15,1,15,0,15,0,15,-1,15,-2,15,0,0,0,0,0,0,0,0,0,0,0,0,0,0,0,0,0,0,0,0,0,0,-1,9,-2,10,-2,10,-3,10,-4,11,-5,11,-6,11,-7,11,-7,10,-8,10,-8,10,-8,9,-7,9,-7,9,-7,9,-7,9,-6,9,-6,10,-6,10,-5,11,-5,11,-5,11,-5,12,-4,12,-4,12,-4,12]"
2025-08-18 21:59:24.514440,CSI_DATA,878,1a:00:00:00:00:00,-52,11,0,0,0,0,0,0,0,0,0,-94,0,1,0,149494738,0,31,0,128,0,"[0,0,8,10,8,10,9,9,9,9,9,9,9,8,10,8,10,7,10,7,10,6,11,6,11,6,12,6,12,5,12,5,13,5,13,5,13,6,14,6,13,7,13,7,13,8,12,8,12,8,11,9,11,9,0,0,0,0,0,0,0,0,0,0,0,0,0,0,0,0,0,0,0,0,0,0,7,5,7,6,7,7,7,8,7,9,6,10,5,11,5,11,4,11,4,11,3,11,3,11,3,11,3,11,4,11,4,10,4,10,5,10,5,10,6,10,6,10,7,10,7,10,7,10,8,10,8,10]"
2025-08-18 21:59:24.721706,CSI_DATA,879,1a:00:00:00:00:00,-52,11,0,0,0,0,0,0,0,0,0,-94,0,1,0,149696028,0,31,0,128,0,"[0,0,10,-10,9,-10,8,-10,8,-10,8,-11,8,-11,7,-11,7,-11,6,-12,6,-12,5,-13,5,-13,5,-13,4,-13,4,-14,4,-14,4,-14,5,-15,5,-15,6,-15,6,-15,6,-14,7,-14,7,-14,8,-13,8,-13,0,0,0,0,0,0,0,0,0,0,0,0,0,0,0,0,0,0,0,0,0,0,5,-8,6,-8,7,-8,8,-7,9,-7,10,-7,11,-7,11,-6,11,-5,11,-5,11,-5,11,-4,11,-4,11,-5,11,-5,10,-5,10,-5,10,-6,10,-6,10,-7,10,-7,10,-8,10,-8,10,-9,9,-9,10,-9]"
2025-08-18 21:59:24.932819,CSI_DATA,880,1a:00:00:00:00:00,-52,11,0,0,0,0,0,0,0,0,0,-94,0,1,0,149897172,0,31,0,128,0,"[0,0,9,-10,8,-11,8,-10,8,-11,7,-11,7,-11,7,-12,6,-11,6,-12,5,-12,5,-13,4,-13,4,-13,3,-14,4,-14,4,-14,4,-15,4,-15,5,-15,5,-15,6,-15,6,-15,6,-15,7,-14,8,-14,8,-13,0,0,0,0,0,0,0,0,0,0,0,0,0,0,0,0,0,0,0,0,0,0,5,-9,5,-9,6,-9,7,-8,8,-8,9,-8,10,-7,10,-7,11,-6,11,-6,11,-6,11,-5,11,-6,10,-6,10,-6,10,-6,10,-6,9,-7,9,-7,9,-8,9,-8,9,-8,9,-9,9,-10,9,-10,9,-10]"
2025-08-18 21:59:25.124041,CSI_DATA,881,1a:00:00:00:00:00,-52,11,0,0,0,0,0,0,0,0,0,-94,0,1,0,150098286,0,31,0,128,0,"[0,0,5,-13,4,-13,4,-13,4,-13,3,-13,3,-13,2,-13,2,-13,1,-13,1,-14,0,-14,0,-14,-1,-14,-1,-14,-2,-15,-2,-15,-2,-16,-1,-16,-1,-16,-1,-16,0,-16,0,-16,1,-17,1,-16,2,-16,3,-15,0,0,0,0,0,0,0,0,0,0,0,0,0,0,0,0,0,0,0,0,0,0,2,-10,3,-10,4,-10,5,-10,6,-11,7,-10,8,-10,8,-10,8,-10,9,-9,9,-9,9,-8,9,-9,8,-9,8,-9,8,-9,7,-9,7,-10,7,-10,6,-10,6,-11,6,-11,6,-12,6,-12,6,-12,5,-12]"
2025-08-18 21:59:25.328202,CSI_DATA,882,1a:00:00:00:00:00,-52,11,0,0,0,0,0,0,0,0,0,-94,0,1,0,150299432,0,31,0,128,0,"[0,0,1,-14,1,-14,0,-14,0,-14,-1,-14,-1,-14,-1,-13,-2,-14,-2,-13,-3,-13,-3,-13,-4,-13,-5,-14,-5,-14,-5,-14,-6,-14,-6,-15,-5,-15,-5,-15,-5,-16,-5,-16,-4,-16,-4,-16,-3,-16,-2,-16,-1,-16,0,0,0,0,0,0,0,0,0,0,0,0,0,0,0,0,0,0,0,0,0,0,-1,-10,0,-11,1,-11,2,-12,2,-12,4,-12,4,-12,5,-12,5,-12,6,-11,6,-11,6,-11,6,-11,6,-11,5,-11,5,-11,5,-11,4,-11,4,-12,3,-12,3,-12,3,-13,2,-13,2,-13,2,-13,2,-14]"
2025-08-18 21:59:25.386891,CSI_DATA,883,1a:00:00:00:00:00,-52,11,0,0,0,0,0,0,0,0,0,-94,0,1,0,150362187,0,42,0,128,0,"[0,0,-3,13,-2,13,-2,13,-2,13,-1,13,-1,13,0,13,1,13,1,13,2,12,2,13,3,13,3,13,4,13,4,13,4,14,5,14,4,15,4,15,3,15,3,15,3,15,2,15,1,15,1,15,0,15,0,0,0,0,0,0,0,0,0,0,0,0,0,0,0,0,0,0,0,0,0,0,0,9,-1,10,-2,10,-3,11,-3,11,-5,12,-6,11,-6,11,-7,11,-7,11,-8,10,-8,10,-7,10,-7,10,-6,10,-6,10,-6,10,-5,10,-5,11,-4,11,-4,12,-4,12,-4,12,-3,12,-3,12,-3,13]"
2025-08-18 21:59:25.447781,CSI_DATA,884,1a:00:00:00:00:00,-52,11,0,0,0,0,0,0,0,0,0,-94,0,1,0,150427707,0,31,0,128,0,"[0,0,8,10,8,9,9,10,9,9,10,9,9,9,10,8,10,8,10,7,11,6,11,6,12,5,12,5,12,5,13,5,13,5,13,5,14,6,14,6,13,7,13,7,13,8,12,8,12,8,12,8,11,9,0,0,0,0,0,0,0,0,0,0,0,0,0,0,0,0,0,0,0,0,0,0,7,5,7,6,7,7,7,8,6,9,6,10,5,11,5,11,4,11,4,11,3,11,3,11,3,11,3,11,4,11,4,10,4,10,5,10,5,10,5,10,6,10,6,10,7,10,7,10,8,10,8,10]"
2025-08-18 21:59:25.661078,CSI_DATA,885,1a:00:00:00:00:00,-52,11,0,0,0,0,0,0,0,0,0,-94,0,1,0,150628946,0,31,0,128,0,"[0,0,-10,-9,-11,-9,-10,-9,-11,-9,-11,-8,-11,-8,-12,-7,-12,-6,-12,-6,-12,-6,-13,-5,-13,-5,-14,-5,-14,-4,-14,-4,-14,-4,-15,-4,-15,-4,-16,-4,-15,-5,-15,-5,-15,-6,-15,-6,-15,-7,-14,-7,-14,-8,0,0,0,0,0,0,0,0,0,0,0,0,0,0,0,0,0,0,0,0,0,0,-8,-6,-8,-7,-8,-8,-8,-9,-8,-10,-7,-10,-7,-11,-7,-11,-6,-12,-6,-12,-5,-12,-5,-12,-5,-12,-5,-12,-5,-11,-6,-11,-6,-11,-7,-10,-7,-10,-8,-10,-8,-10,-8,-10,-9,-10,-9,-10,-9,-10,-10,-10]"
2025-08-18 21:59:25.858840,CSI_DATA,886,1a:00:00:00:00:00,-52,11,0,0,0,0,0,0,0,0,0,-94,0,1,0,150830102,0,31,0,128,0,"[0,0,0,-14,-1,-14,-1,-14,-2,-14,-2,-13,-2,-13,-2,-13,-3,-13,-4,-13,-5,-13,-5,-13,-6,-13,-6,-13,-7,-13,-7,-13,-7,-13,-7,-14,-7,-14,-7,-15,-6,-15,-6,-15,-6,-16,-5,-15,-5,-15,-4,-15,-3,-15,0,0,0,0,0,0,0,0,0,0,0,0,0,0,0,0,0,0,0,0,0,0,-3,-10,-2,-10,-1,-11,-1,-12,0,-12,1,-13,2,-13,3,-13,3,-13,4,-12,4,-12,4,-12,4,-12,4,-12,3,-12,3,-12,3,-12,2,-12,2,-12,1,-12,1,-13,1,-13,0,-13,0,-13,0,-14,0,-14]"
2025-08-18 21:59:26.056854,CSI_DATA,887,1a:00:00:00:00:00,-52,11,0,0,0,0,0,0,0,0,0,-94,0,1,0,151031212,0,31,0,128,0,"[0,0,12,-7,11,-7,11,-7,11,-8,11,-8,10,-8,10,-9,9,-9,9,-9,9,-10,9,-10,8,-11,8,-11,8,-12,8,-12,8,-13,8,-13,9,-13,9,-14,9,-13,10,-13,10,-12,10,-12,11,-11,11,-10,12,-10,0,0,0,0,0,0,0,0,0,0,0,0,0,0,0,0,0,0,0,0,0,0,7,-7,8,-7,9,-6,10,-5,10,-5,11,-4,12,-4,12,-3,12,-3,12,-2,12,-1,12,-1,12,-1,11,-1,11,-2,11,-2,11,-2,11,-3,11,-4,11,-4,11,-5,11,-5,11,-6,12,-6,11,-6,12,-6]"
2025-08-18 21:59:26.258885,CSI_DATA,888,1a:00:00:00:00:00,-52,11,0,0,0,0,0,0,0,0,0,-94,0,1,0,151232376,0,31,0,128,0,"[0,0,4,-13,4,-13,4,-13,3,-13,3,-13,2,-13,2,-13,1,-13,1,-13,0,-13,0,-13,-1,-13,-1,-13,-2,-14,-2,-14,-2,-14,-2,-15,-2,-15,-2,-16,-1,-16,-1,-16,0,-16,0,-15,1,-16,1,-15,2,-15,0,0,0,0,0,0,0,0,0,0,0,0,0,0,0,0,0,0,0,0,0,0,1,-10,2,-10,3,-10,4,-10,5,-10,6,-11,7,-10,7,-10,8,-10,8,-9,8,-9,8,-9,8,-9,7,-9,7,-9,7,-9,7,-9,6,-10,6,-10,6,-11,6,-11,5,-11,5,-12,5,-12,5,-12,5,-12]"
2025-08-18 21:59:26.473332,CSI_DATA,889,1a:00:00:00:00:00,-52,11,0,0,0,0,0,0,0,0,0,-94,0,1,0,151433609,0,31,0,128,0,"[0,0,11,-7,11,-8,10,-8,11,-8,10,-9,10,-9,9,-9,9,-9,8,-10,8,-10,8,-11,7,-11,7,-12,7,-12,7,-13,7,-13,7,-13,8,-14,8,-14,9,-14,9,-13,9,-13,9,-12,10,-12,11,-11,11,-11,0,0,0,0,0,0,0,0,0,0,0,0,0,0,0,0,0,0,0,0,0,0,7,-7,8,-7,9,-6,9,-6,10,-5,11,-5,12,-4,12,-4,12,-3,12,-2,12,-2,12,-2,12,-2,11,-2,11,-2,11,-3,11,-3,11,-4,11,-4,11,-5,11,-5,11,-5,11,-6,11,-6,11,-6,12,-7]"
2025-08-18 21:59:26.656676,CSI_DATA,890,1a:00:00:00:00:00,-50,11,0,0,0,0,0,0,0,0,0,-94,0,1,0,151634756,0,31,0,128,0,"[0,0,7,13,7,12,8,12,7,10,8,11,9,10,9,10,10,9,11,8,11,7,12,7,12,6,13,6,14,5,13,5,15,5,14,5,15,5,16,5,15,5,16,5,15,6,14,5,15,6,15,6,15,7,0,0,0,0,0,0,0,0,0,0,0,0,0,0,0,0,0,0,0,0,0,0,3,11,5,11,-1,18,13,13,-23,31,5,8,9,5,-3,10,-1,14,-4,13,-3,13,-3,13,-2,13,-1,13,-1,13,-1,12,0,13,1,11,1,12,2,13,2,13,3,12,4,13,5,13,6,13,7,13]"
2025-08-18 21:59:26.860546,CSI_DATA,891,1a:00:00:00:00:00,-52,11,0,0,0,0,0,0,0,0,0,-94,0,1,0,151835888,0,31,0,128,0,"[0,0,-8,10,-8,11,-7,11,-7,11,-6,11,-6,11,-6,11,-5,12,-5,12,-4,12,-4,12,-3,12,-2,13,-2,13,-2,14,-2,14,-2,15,-2,15,-3,15,-3,15,-4,15,-4,15,-5,15,-5,14,-5,14,-6,13,0,0,0,0,0,0,0,0,0,0,0,0,0,0,0,0,0,0,0,0,0,0,-5,8,-6,8,-7,8,-7,8,-8,8,-9,8,-10,8,-11,7,-11,7,-11,6,-11,6,-11,6,-11,6,-10,6,-10,6,-10,6,-10,6,-10,7,-9,7,-9,8,-9,8,-9,9,-9,9,-8,10,-8,10,-8,10]"
2025-08-18 21:59:26.929813,CSI_DATA,892,1a:00:00:00:00:00,-52,11,0,0,0,0,0,0,0,0,0,-94,0,1,0,151898195,0,42,0,128,0,"[0,0,-4,-14,-5,-14,-5,-13,-5,-13,-6,-13,-6,-13,-6,-13,-7,-12,-7,-12,-8,-12,-8,-11,-9,-11,-9,-11,-10,-11,-11,-11,-11,-11,-11,-12,-11,-12,-11,-12,-11,-13,-10,-13,-10,-13,-9,-14,-9,-14,-8,-14,-7,-15,0,0,0,0,0,0,0,0,0,0,0,0,0,0,0,0,0,0,0,0,0,0,-5,-9,-4,-10,-4,-11,-3,-12,-3,-12,-1,-13,-1,-13,0,-14,0,-14,1,-13,2,-13,2,-13,2,-13,1,-13,1,-12,0,-12,0,-12,-1,-13,-1,-13,-2,-13,-2,-13,-2,-13,-3,-13,-3,-14,-3,-14,-3,-14]"
2025-08-18 21:59:26.988813,CSI_DATA,893,1a:00:00:00:00:00,-52,11,0,0,0,0,0,0,0,0,0,-94,0,1,0,151964113,0,31,0,128,0,"[0,0,6,-12,5,-12,5,-12,5,-13,4,-13,4,-13,4,-13,3,-13,3,-13,2,-13,1,-14,1,-14,1,-14,0,-14,0,-15,0,-15,0,-15,0,-16,1,-16,2,-16,2,-16,3,-16,3,-16,3,-15,4,-15,5,-15,0,0,0,0,0,0,0,0,0,0,0,0,0,0,0,0,0,0,0,0,0,0,2,-10,3,-10,4,-10,5,-10,6,-10,7,-10,8,-10,8,-10,9,-9,9,-9,9,-8,9,-8,9,-8,9,-8,8,-8,8,-8,8,-9,8,-9,7,-10,7,-10,7,-10,7,-11,7,-11,6,-12,6,-12,6,-12]"
2025-08-18 21:59:27.185088,CSI_DATA,894,1a:00:00:00:00:00,-52,11,0,0,0,0,0,0,0,0,0,-94,0,1,0,152165167,0,31,0,128,0,"[0,0,12,6,12,5,12,5,12,4,12,4,12,4,12,3,12,3,12,2,13,1,13,1,13,0,13,0,14,0,14,-1,14,-1,15,-1,15,-1,16,0,16,1,16,1,15,2,15,2,15,2,15,2,15,4,0,0,0,0,0,0,0,0,0,0,0,0,0,0,0,0,0,0,0,0,0,0,9,2,9,3,10,4,10,5,10,6,10,7,9,8,9,8,9,9,8,9,8,9,8,9,8,9,8,8,8,9,8,8,8,8,9,7,9,7,9,7,9,7,10,7,11,6,11,6,12,6,12,6]"
2025-08-18 21:59:27.393346,CSI_DATA,895,1a:00:00:00:00:00,-52,11,0,0,0,0,0,0,0,0,0,-94,0,1,0,152366387,0,31,0,128,0,"[0,0,-14,3,-14,3,-13,4,-14,4,-13,4,-13,4,-13,5,-12,5,-12,6,-12,7,-12,7,-11,8,-11,8,-12,8,-12,9,-12,9,-12,10,-13,10,-13,10,-13,9,-14,9,-14,8,-14,8,-14,7,-14,7,-15,6,0,0,0,0,0,0,0,0,0,0,0,0,0,0,0,0,0,0,0,0,0,0,-9,4,-10,3,-11,3,-12,2,-13,1,-13,1,-14,0,-14,-1,-14,-1,-13,-2,-13,-2,-13,-3,-13,-3,-13,-2,-12,-2,-13,-2,-13,-1,-13,0,-13,0,-13,0,-13,1,-13,1,-14,2,-14,2,-14,2,-14,3]"
2025-08-18 21:59:27.597663,CSI_DATA,896,1a:00:00:00:00:00,-52,11,0,0,0,0,0,0,0,0,0,-94,0,1,0,152567606,0,31,0,128,0,"[0,0,-13,-6,-12,-6,-14,-5,-13,-5,-14,-4,-13,-4,-14,-4,-14,-3,-13,-2,-14,-2,-14,-2,-14,-2,-14,-1,-15,0,-16,0,-16,0,-16,-1,-16,-1,-18,-1,-17,0,-16,-2,-17,-2,-16,-4,-16,-5,-16,-5,-16,-5,0,0,0,0,0,0,0,0,0,0,0,0,0,0,0,0,0,0,0,0,0,0,-10,-2,-11,-3,-11,-4,-11,-5,-12,-6,-11,-7,-11,-8,-11,-8,-11,-9,-10,-9,-10,-9,-10,-10,-9,-10,-9,-9,-9,-9,-9,-9,-9,-8,-10,-8,-11,-9,-12,-8,-11,-6,-11,-7,-13,-6,-13,-6,-13,-5,-13,-5]"
2025-08-18 21:59:27.792193,CSI_DATA,897,1a:00:00:00:00:00,-52,11,0,0,0,0,0,0,0,0,0,-94,0,1,0,152768751,0,31,0,128,0,"[0,0,-3,13,-2,13,-2,13,-1,13,-1,13,0,13,0,13,1,12,1,12,2,12,2,13,3,12,4,12,4,13,4,13,4,13,5,14,4,14,4,14,4,14,3,15,3,15,2,15,2,15,1,15,0,14,0,0,0,0,0,0,0,0,0,0,0,0,0,0,0,0,0,0,0,0,0,0,-1,9,-1,9,-2,10,-3,10,-4,11,-5,11,-6,11,-6,11,-7,11,-7,10,-8,10,-8,10,-7,10,-7,9,-6,9,-6,10,-6,10,-5,10,-5,10,-5,11,-4,11,-4,11,-4,12,-3,12,-3,12,-3,12]"
2025-08-18 21:59:28.003507,CSI_DATA,898,1a:00:00:00:00:00,-52,11,0,0,0,0,0,0,0,0,0,-94,0,1,0,152969896,0,31,0,128,0,"[0,0,7,11,7,11,7,10,8,11,8,10,8,10,9,9,9,9,9,8,10,7,10,7,11,7,11,7,12,6,12,6,12,6,13,7,13,7,13,7,13,8,13,8,13,9,13,9,12,10,11,10,11,10,0,0,0,0,0,0,0,0,0,0,0,0,0,0,0,0,0,0,0,0,0,0,6,7,6,7,6,9,5,9,5,11,4,11,4,13,1,10,3,12,2,13,1,12,1,12,1,12,2,12,2,11,2,11,2,11,3,11,3,11,4,11,4,11,5,11,6,11,6,12,6,12,7,11]"
2025-08-18 21:59:28.196256,CSI_DATA,899,1a:00:00:00:00:00,-52,11,0,0,0,0,0,0,0,0,0,-94,0,1,0,153171265,0,31,0,128,0,"[0,0,10,-8,9,-9,9,-9,9,-9,8,-9,8,-9,8,-10,7,-10,7,-10,6,-11,6,-11,5,-12,5,-12,5,-12,5,-13,5,-13,5,-13,5,-13,7,-13,7,-13,7,-13,7,-13,8,-13,8,-12,8,-12,9,-11,0,0,0,0,0,0,0,0,0,0,0,0,0,0,0,0,0,0,0,0,0,0,6,-7,7,-7,7,-7,8,-6,9,-6,10,-6,10,-5,11,-5,11,-4,11,-4,11,-4,11,-3,11,-3,10,-3,10,-4,10,-4,10,-4,10,-5,10,-5,10,-6,9,-6,10,-6,10,-7,10,-7,10,-8,10,-8]"
2025-08-18 21:59:28.391162,CSI_DATA,900,1a:00:00:00:00:00,-52,11,0,0,0,0,0,0,0,0,0,-94,0,1,0,153372362,0,31,0,128,0,"[0,0,9,9,9,9,9,8,10,8,10,8,10,7,10,7,11,6,11,5,11,5,11,4,12,4,12,4,13,3,13,3,14,4,14,4,14,4,15,4,14,5,14,5,14,6,13,6,13,7,13,7,13,8,0,0,0,0,0,0,0,0,0,0,0,0,0,0,0,0,0,0,0,0,0,0,7,5,8,6,7,7,7,8,7,8,7,9,6,10,6,10,5,11,5,11,4,11,4,11,4,11,5,11,5,10,5,10,5,10,5,9,6,10,7,9,7,9,7,9,8,9,9,9,9,9,9,9]"
2025-08-18 21:59:28.456336,CSI_DATA,901,1a:00:00:00:00:00,-52,11,0,0,0,0,0,0,0,0,0,-94,0,1,0,153434165,0,42,0,128,0,"[0,0,1,12,2,12,2,12,2,12,3,12,3,12,4,11,4,11,4,11,5,10,5,11,6,10,7,10,7,10,7,10,8,11,8,11,8,12,8,12,8,12,7,12,7,13,6,13,6,13,5,13,4,13,0,0,0,0,0,0,0,0,0,0,0,0,0,0,0,0,0,0,0,0,0,0,3,8,2,9,1,10,1,11,0,11,-1,11,-2,12,-2,12,-3,11,-3,11,-4,11,-4,11,-3,11,-3,11,-3,11,-3,10,-2,11,-2,11,-1,11,-1,11,0,11,0,11,0,12,1,12,1,12,1,12]"
2025-08-18 21:59:28.525046,CSI_DATA,902,1a:00:00:00:00:00,-52,11,0,0,0,0,0,0,0,0,0,-94,0,1,0,153499293,0,31,0,128,0,"[0,0,11,-5,11,-5,11,-6,11,-6,10,-6,10,-7,10,-7,9,-8,9,-8,9,-9,8,-9,8,-10,8,-10,8,-10,8,-11,9,-11,9,-11,9,-11,10,-12,10,-11,10,-11,10,-10,11,-10,11,-10,11,-9,12,-8,0,0,0,0,0,0,0,0,0,0,0,0,0,0,0,0,0,0,0,0,0,0,7,-6,8,-5,9,-5,9,-4,10,-4,11,-3,11,-3,11,-2,11,-1,11,-1,11,-1,11,-1,11,-1,11,-1,10,-1,11,-1,11,-1,11,-2,11,-2,10,-3,11,-3,11,-4,11,-5,11,-4,11,-5,11,-5]"
2025-08-18 21:59:28.722683,CSI_DATA,903,1a:00:00:00:00:00,-52,11,0,0,0,0,0,0,0,0,0,-94,0,1,0,153700375,0,31,0,128,0,"[0,0,1,13,1,13,2,13,2,12,3,12,3,12,3,12,4,12,4,11,5,11,5,11,6,11,7,11,7,11,7,11,8,12,8,12,8,12,7,13,7,13,6,14,6,14,6,14,5,14,5,14,4,14,0,0,0,0,0,0,0,0,0,0,0,0,0,0,0,0,0,0,0,0,0,0,3,9,2,9,1,10,1,11,0,11,-1,12,-2,12,-3,12,-3,12,-4,12,-4,12,-4,11,-4,11,-3,11,-3,11,-3,11,-3,11,-2,11,-2,11,-1,12,-1,12,-1,12,0,12,0,13,1,13,1,13]"
2025-08-18 21:59:28.926892,CSI_DATA,904,1a:00:00:00:00:00,-52,11,0,0,0,0,0,0,0,0,0,-94,0,1,0,153901495,0,31,0,128,0,"[0,0,5,-13,5,-13,4,-13,4,-13,3,-13,3,-13,3,-13,2,-13,2,-13,1,-13,0,-14,0,-14,0,-14,-1,-15,-1,-15,-1,-15,-1,-15,-1,-16,0,-16,0,-16,1,-16,1,-16,1,-16,2,-16,3,-15,3,-15,0,0,0,0,0,0,0,0,0,0,0,0,0,0,0,0,0,0,0,0,0,0,1,-10,2,-10,3,-10,4,-11,5,-11,6,-11,7,-10,8,-11,8,-10,8,-10,9,-9,9,-9,8,-9,8,-9,8,-9,8,-9,7,-9,7,-10,6,-10,6,-10,6,-11,6,-11,5,-12,5,-12,5,-12,5,-13]"
2025-08-18 21:59:29.201601,CSI_DATA,905,1a:00:00:00:00:00,-52,11,0,0,0,0,0,0,0,0,0,-94,0,1,0,154102655,0,31,0,128,0,"[0,0,-5,-14,-6,-13,-6,-13,-6,-13,-7,-13,-7,-12,-8,-12,-8,-12,-8,-11,-9,-11,-9,-11,-10,-10,-11,-10,-11,-10,-11,-10,-12,-10,-12,-11,-12,-11,-12,-12,-12,-12,-11,-12,-11,-13,-11,-13,-10,-13,-10,-13,-9,-14,0,0,0,0,0,0,0,0,0,0,0,0,0,0,0,0,0,0,0,0,0,0,-5,-9,-5,-10,-5,-11,-4,-12,-3,-12,-2,-13,-2,-13,-1,-13,0,-14,0,-13,1,-13,1,-13,0,-13,0,-13,0,-13,-1,-12,-1,-12,-1,-12,-2,-13,-3,-13,-3,-13,-4,-13,-4,-13,-4,-13,-5,-14,-5,-13]"
2025-08-18 21:59:29.531533,CSI_DATA,906,1a:00:00:00:00:00,-52,11,0,0,0,0,0,0,0,0,0,-94,0,1,0,154303966,0,31,0,128,0,"[0,0,-7,-12,-7,-12,-8,-12,-8,-11,-9,-11,-9,-11,-9,-10,-10,-10,-10,-10,-10,-9,-10,-9,-11,-9,-11,-9,-12,-9,-12,-8,-13,-9,-13,-9,-13,-9,-13,-9,-13,-10,-13,-10,-12,-11,-12,-11,-11,-11,-11,-12,-10,-12,0,0,0,0,0,0,0,0,0,0,0,0,0,0,0,0,0,0,0,0,0,0,-7,-7,-7,-9,-6,-9,-6,-10,-6,-11,-5,-12,-4,-12,-4,-13,-3,-13,-3,-13,-2,-13,-2,-13,-2,-13,-2,-12,-3,-12,-3,-11,-3,-12,-4,-11,-4,-12,-5,-12,-5,-12,-6,-12,-6,-12,-7,-12,-7,-12,-7,-12]"
2025-08-18 21:59:29.536822,CSI_DATA,907,1a:00:00:00:00:00,-52,11,0,0,0,0,0,0,0,0,0,-94,0,1,0,154505171,0,31,0,128,0,"[0,0,11,7,11,6,11,6,11,5,11,5,11,5,12,5,12,4,12,3,12,3,12,2,12,2,13,1,13,1,14,1,14,1,15,1,15,1,15,2,15,2,15,3,15,3,15,4,14,4,14,5,13,6,0,0,0,0,0,0,0,0,0,0,0,0,0,0,0,0,0,0,0,0,0,0,9,2,9,3,9,4,9,5,9,6,9,7,9,8,8,8,8,9,8,10,7,9,7,9,7,9,7,9,7,9,7,8,7,8,8,8,8,8,9,8,9,7,10,7,10,7,10,7,11,7,11,6]"
2025-08-18 21:59:29.730531,CSI_DATA,908,1a:00:00:00:00:00,-52,11,0,0,0,0,0,0,0,0,0,-94,0,1,0,154706296,0,31,0,128,0,"[0,0,-7,12,-6,12,-6,11,-5,12,-5,12,-5,12,-4,12,-3,12,-3,12,-2,12,-2,13,-1,13,-1,13,0,13,0,14,0,14,0,15,0,15,-1,15,-1,15,-2,15,-2,15,-2,15,-3,15,-4,15,-4,14,0,0,0,0,0,0,0,0,0,0,0,0,0,0,0,0,0,0,0,0,0,0,-3,9,-4,9,-5,9,-6,9,-7,9,-8,9,-9,9,-9,9,-10,8,-10,8,-10,7,-10,7,-10,7,-10,7,-9,7,-9,7,-9,8,-8,8,-8,9,-8,9,-7,10,-7,10,-7,10,-7,11,-7,11,-7,11]"
2025-08-18 21:59:29.933918,CSI_DATA,909,1a:00:00:00:00:00,-52,11,0,0,0,0,0,0,0,0,0,-94,0,1,0,154909551,0,31,0,128,0,"[0,0,10,-5,10,-5,9,-6,12,-7,11,-5,10,-7,10,-6,13,-7,10,-8,9,-7,9,-11,9,-7,9,-8,9,-9,7,-10,9,-10,8,-9,9,-11,8,-12,11,-11,12,-12,11,-11,10,-9,9,-12,11,-8,12,-9,0,0,0,0,0,0,0,0,0,0,0,0,0,0,0,0,0,0,0,0,0,0,7,-4,8,-4,9,-3,9,-3,10,-2,11,-2,11,-1,11,-1,11,0,11,1,11,1,11,1,11,1,10,1,10,0,10,0,10,-1,10,-1,11,-2,10,-2,11,-3,10,-3,11,-3,11,-3,11,-4,12,-4]"
2025-08-18 21:59:29.998098,CSI_DATA,910,1a:00:00:00:00:00,-52,11,0,0,0,0,0,0,0,0,0,-94,0,1,0,154970403,0,42,0,128,0,"[0,0,2,-13,1,-14,1,-13,2,-15,1,-12,1,-14,-1,-12,0,-12,-1,-11,-1,-16,0,-13,-3,-16,-3,-16,-3,-14,-3,-14,-4,-16,-3,-14,-4,-16,-5,-14,-1,-18,-1,-15,0,-17,-4,-15,0,-17,-2,-14,0,-14,0,0,0,0,0,0,0,0,0,0,0,0,0,0,0,0,0,0,0,0,0,0,-1,-10,0,-10,1,-11,2,-11,2,-12,3,-13,5,-11,5,-15,6,-12,6,-11,7,-11,7,-10,7,-11,6,-11,6,-11,6,-10,5,-10,5,-11,5,-11,4,-12,4,-12,4,-13,4,-13,3,-14,3,-13,3,-14]"
2025-08-18 21:59:30.054305,CSI_DATA,911,1a:00:00:00:00:00,-52,11,0,0,0,0,0,0,0,0,0,-94,0,1,0,155034984,0,31,0,128,0,"[0,0,11,7,11,7,10,7,11,6,11,6,11,6,11,5,12,4,12,4,12,3,12,3,12,2,13,2,13,2,14,2,14,2,15,2,14,2,15,2,15,3,15,3,15,4,14,5,14,5,14,5,13,6,0,0,0,0,0,0,0,0,0,0,0,0,0,0,0,0,0,0,0,0,0,0,8,3,8,4,9,5,8,6,9,7,8,7,8,9,8,9,7,10,7,10,6,10,6,10,6,10,6,10,6,9,6,9,7,9,7,8,7,8,8,8,8,8,9,8,10,8,10,8,10,8,10,7]"
2025-08-18 21:59:30.259332,CSI_DATA,912,1a:00:00:00:00:00,-52,11,0,0,0,0,0,0,0,0,0,-94,0,1,0,155236145,0,31,0,128,0,"[0,0,-1,13,0,14,0,13,1,13,1,13,1,13,2,13,3,12,3,12,4,12,4,12,5,12,5,12,6,13,6,13,6,13,6,14,6,14,6,14,6,14,5,14,5,15,4,15,3,15,2,15,2,15,0,0,0,0,0,0,0,0,0,0,0,0,0,0,0,0,0,0,0,0,0,0,1,9,1,10,0,11,-1,11,-1,12,-2,12,-3,12,-4,12,-4,12,-5,12,-6,11,-6,11,-5,11,-5,11,-5,11,-5,11,-4,11,-4,11,-3,11,-2,12,-2,12,-2,13,-2,13,-1,13,-1,13,-1,13]"
2025-08-18 21:59:30.660651,CSI_DATA,913,1a:00:00:00:00:00,-52,11,0,0,0,0,0,0,0,0,0,-94,0,1,0,155437415,0,31,0,128,0,"[0,0,-6,-12,-7,-12,-7,-12,-8,-12,-8,-12,-8,-11,-9,-11,-9,-10,-9,-10,-10,-9,-10,-9,-11,-9,-11,-9,-12,-9,-12,-8,-13,-8,-13,-9,-13,-9,-13,-10,-13,-10,-12,-11,-12,-11,-12,-11,-12,-12,-11,-12,-10,-12,0,0,0,0,0,0,0,0,0,0,0,0,0,0,0,0,0,0,0,0,0,0,-6,-8,-6,-9,-6,-10,-5,-11,-5,-11,-4,-12,-3,-13,-3,-13,-2,-13,-2,-13,-1,-13,-1,-13,-2,-13,-2,-12,-2,-12,-2,-12,-3,-12,-3,-12,-4,-12,-4,-12,-4,-12,-5,-12,-6,-12,-6,-12,-6,-12,-6,-12]"
2025-08-18 21:59:30.667946,CSI_DATA,914,1a:00:00:00:00:00,-52,11,0,0,0,0,0,0,0,0,0,-94,0,1,0,155638509,0,31,0,128,0,"[0,0,6,12,6,12,6,11,7,11,7,11,7,10,8,10,8,10,8,9,9,9,10,8,10,8,11,8,11,8,11,8,12,8,12,9,12,9,12,9,12,10,12,10,11,11,11,11,10,11,10,11,9,12,0,0,0,0,0,0,0,0,0,0,0,0,0,0,0,0,0,0,0,0,0,0,5,7,5,8,5,9,4,10,4,11,3,11,2,12,2,12,1,12,1,12,0,12,0,12,0,12,0,12,1,12,1,11,1,11,2,11,2,11,3,11,3,12,4,12,5,12,5,12,5,12,5,12]"
2025-08-18 21:59:30.838981,CSI_DATA,915,1a:00:00:00:00:00,-52,11,0,0,0,0,0,0,0,0,0,-94,0,1,0,155801117,0,28,0,128,0,"[0,0,-4,-13,-5,-13,-5,-13,-5,-13,-6,-13,-6,-12,-6,-12,-7,-12,-7,-11,-8,-11,-8,-11,-9,-11,-10,-10,-10,-11,-11,-10,-11,-11,-11,-11,-11,-12,-11,-12,-11,-12,-10,-13,-10,-13,-10,-13,-9,-14,-8,-14,-8,-14,0,0,0,0,0,0,0,0,0,0,0,0,0,0,0,0,0,0,0,0,0,0,-5,-9,-5,-10,-4,-11,-3,-11,-3,-12,-2,-13,-1,-13,-1,-13,0,-13,1,-13,1,-13,1,-13,1,-13,1,-12,0,-12,0,-12,-1,-12,-1,-12,-2,-13,-2,-13,-2,-13,-3,-13,-3,-13,-4,-13,-4,-13,-4,-13]"
2025-08-18 21:59:30.871593,CSI_DATA,916,1a:00:00:00:00:00,-52,11,0,0,0,0,0,0,0,0,0,-94,0,1,0,155839640,0,31,0,128,0,"[0,0,-13,5,-12,5,-12,5,-12,6,-12,6,-11,7,-11,7,-11,7,-11,8,-10,8,-10,9,-9,9,-9,10,-9,10,-10,11,-10,11,-10,11,-10,11,-11,12,-11,11,-12,11,-12,10,-12,10,-12,9,-13,9,-13,8,0,0,0,0,0,0,0,0,0,0,0,0,0,0,0,0,0,0,0,0,0,0,-8,5,-9,5,-10,5,-11,4,-11,4,-12,3,-13,2,-13,2,-13,1,-13,0,-13,0,-13,0,-12,0,-12,0,-12,0,-12,1,-12,1,-12,2,-12,2,-12,3,-12,3,-12,3,-13,4,-12,4,-13,4,-13,5]"
2025-08-18 21:59:31.071947,CSI_DATA,917,1a:00:00:00:00:00,-52,11,0,0,0,0,0,0,0,0,0,-94,0,1,0,156040839,0,31,0,128,0,"[0,0,-11,-9,-11,-9,-12,-9,-12,-8,-12,-8,-12,-8,-12,-7,-12,-6,-13,-6,-13,-5,-13,-5,-14,-4,-14,-4,-15,-4,-15,-3,-15,-4,-16,-4,-16,-4,-16,-4,-16,-5,-16,-5,-16,-6,-15,-7,-15,-7,-15,-7,-14,-8,0,0,0,0,0,0,0,0,0,0,0,0,0,0,0,0,0,0,0,0,0,0,-9,-5,-9,-6,-9,-7,-9,-8,-9,-9,-9,-10,-8,-11,-8,-11,-7,-12,-7,-12,-7,-12,-6,-12,-7,-11,-6,-11,-7,-11,-7,-11,-7,-11,-8,-10,-8,-10,-9,-10,-9,-10,-10,-10,-10,-9,-10,-10,-11,-9,-11,-9]"
2025-08-18 21:59:31.282133,CSI_DATA,918,1a:00:00:00:00:00,-52,11,0,0,0,0,0,0,0,0,0,-94,0,1,0,156241966,0,31,0,128,0,"[0,0,10,-10,9,-11,8,-11,9,-11,8,-11,7,-12,7,-11,7,-12,6,-12,6,-13,5,-13,4,-13,4,-14,4,-14,4,-15,4,-15,4,-15,4,-16,5,-16,5,-16,6,-16,6,-16,7,-15,7,-15,8,-14,8,-14,0,0,0,0,0,0,0,0,0,0,0,0,0,0,0,0,0,0,0,0,0,0,5,-8,6,-8,7,-8,8,-8,9,-8,10,-7,11,-7,11,-6,12,-6,11,-5,12,-5,11,-5,11,-5,11,-5,11,-5,11,-5,10,-6,10,-6,10,-7,10,-8,9,-8,10,-9,10,-9,9,-9,10,-9,10,-10]"
2025-08-18 21:59:31.473052,CSI_DATA,919,1a:00:00:00:00:00,-52,11,0,0,0,0,0,0,0,0,0,-94,0,1,0,156443237,0,31,0,128,0,"[0,0,-12,-7,-13,-6,-12,-6,-13,-6,-13,-5,-13,-5,-13,-4,-13,-4,-13,-3,-14,-3,-13,-2,-14,-1,-14,-1,-14,-1,-15,0,-15,0,-16,0,-16,0,-16,-1,-16,-1,-17,-2,-16,-2,-16,-3,-16,-4,-15,-4,-15,-5,0,0,0,0,0,0,0,0,0,0,0,0,0,0,0,0,0,0,0,0,0,0,-10,-4,-9,-4,-10,-6,-10,-7,-10,-8,-10,-8,-9,-9,-9,-9,-9,-10,-8,-11,-8,-10,-8,-10,-8,-10,-8,-10,-8,-10,-8,-9,-8,-9,-9,-9,-9,-8,-10,-8,-10,-8,-11,-8,-11,-7,-12,-7,-12,-7,-12,-7]"
2025-08-18 21:59:31.539310,CSI_DATA,920,1a:00:00:00:00:00,-52,11,0,0,0,0,0,0,0,0,0,-94,0,1,0,156508802,0,42,0,128,0,"[0,0,-12,-7,-12,-6,-12,-6,-12,-6,-13,-6,-13,-5,-13,-5,-13,-4,-13,-4,-13,-3,-14,-2,-14,-2,-14,-2,-14,-2,-15,-1,-15,-1,-16,-1,-16,-1,-16,-2,-16,-2,-16,-2,-16,-3,-16,-4,-15,-4,-15,-5,-15,-6,0,0,0,0,0,0,0,0,0,0,0,0,0,0,0,0,0,0,0,0,0,0,-10,-3,-10,-4,-10,-5,-10,-6,-10,-7,-10,-8,-10,-9,-9,-9,-9,-10,-8,-10,-8,-10,-8,-10,-8,-10,-8,-10,-8,-9,-8,-9,-9,-9,-9,-8,-9,-8,-10,-8,-10,-8,-11,-8,-11,-8,-11,-8,-12,-7,-12,-7]"
2025-08-18 21:59:31.610902,CSI_DATA,921,1a:00:00:00:00:00,-52,11,0,0,0,0,0,0,0,0,0,-94,0,1,0,156571051,0,31,0,128,0,"[0,0,-3,-14,-4,-14,-4,-14,-4,-14,-5,-13,-5,-13,-5,-13,-6,-12,-6,-12,-6,-12,-7,-12,-7,-12,-10,-12,-7,-15,-11,-10,-10,-12,-10,-13,-10,-13,-10,-14,-10,-14,-9,-14,-9,-15,-8,-15,-7,-15,-7,-15,-6,-15,0,0,0,0,0,0,0,0,0,0,0,0,0,0,0,0,0,0,0,0,0,0,-3,-9,-3,-10,-3,-11,-2,-12,-1,-13,0,-13,1,-13,1,-13,2,-13,5,-12,2,-11,4,-11,2,-12,2,-12,2,-12,2,-12,1,-12,1,-12,0,-13,0,-13,-1,-13,-1,-13,-2,-14,-2,-14,-2,-14,-2,-14]"
2025-08-18 21:59:31.793246,CSI_DATA,922,1a:00:00:00:00:00,-52,11,0,0,0,0,0,0,0,0,0,-94,0,1,0,156772148,0,31,0,128,0,"[0,0,5,12,6,12,6,11,6,11,7,11,7,11,7,10,8,10,8,9,9,9,9,9,10,9,10,8,11,9,11,8,11,8,12,9,12,9,12,10,12,10,11,11,11,11,10,12,10,12,9,12,8,13,0,0,0,0,0,0,0,0,0,0,0,0,0,0,0,0,0,0,0,0,0,0,5,7,5,8,5,9,4,10,4,11,3,11,2,12,1,12,1,12,0,12,0,12,0,12,0,12,0,12,1,11,1,11,1,11,2,11,2,11,3,11,3,11,4,12,4,12,5,12,5,12,5,12]"
2025-08-18 21:59:32.001410,CSI_DATA,923,1a:00:00:00:00:00,-52,11,0,0,0,0,0,0,0,0,0,-94,0,1,0,156973291,0,31,0,128,0,"[0,0,-14,5,-13,5,-13,5,-13,5,-12,6,-12,6,-12,7,-11,7,-11,7,-11,8,-10,9,-10,9,-10,10,-10,10,-10,11,-10,11,-11,11,-11,12,-12,12,-12,11,-12,11,-12,10,-13,10,-13,9,-13,9,-14,8,0,0,0,0,0,0,0,0,0,0,0,0,0,0,0,0,0,0,0,0,0,0,-9,5,-10,4,-11,3,-11,3,-12,2,-13,2,-13,1,-13,0,-13,0,-13,-1,-13,-1,-13,-1,-13,-1,-12,-1,-12,-1,-12,0,-12,0,-12,1,-12,1,-12,2,-13,2,-13,3,-13,3,-13,4,-13,4,-13,4]"
2025-08-18 21:59:32.202255,CSI_DATA,924,1a:00:00:00:00:00,-52,11,0,0,0,0,0,0,0,0,0,-94,0,1,0,157174438,0,31,0,128,0,"[0,0,-14,4,-13,4,-13,4,-13,5,-13,5,-13,5,-12,6,-12,6,-12,7,-11,8,-11,8,-11,8,-11,9,-11,9,-11,10,-11,10,-12,10,-12,11,-13,11,-13,10,-14,10,-14,9,-14,9,-14,8,-14,7,-15,6,0,0,0,0,0,0,0,0,0,0,0,0,0,0,0,0,0,0,0,0,0,0,-9,4,-10,4,-11,3,-11,2,-12,2,-13,1,-13,0,-13,0,-13,-1,-13,-2,-13,-1,-13,-2,-13,-2,-12,-1,-12,-1,-12,-1,-12,0,-12,0,-13,0,-13,1,-13,1,-13,2,-13,3,-13,3,-13,3,-14,4]"
2025-08-18 21:59:32.401308,CSI_DATA,925,1a:00:00:00:00:00,-52,11,0,0,0,0,0,0,0,0,0,-94,0,1,0,157375619,0,31,0,128,0,"[0,0,10,-9,9,-9,9,-10,9,-10,9,-10,8,-10,8,-10,7,-11,7,-11,7,-11,6,-12,6,-12,5,-13,5,-14,5,-14,5,-14,5,-14,6,-15,6,-15,7,-15,7,-15,7,-14,8,-14,8,-13,9,-13,10,-12,0,0,0,0,0,0,0,0,0,0,0,0,0,0,0,0,0,0,0,0,0,0,6,-7,7,-8,8,-7,9,-7,9,-6,10,-6,11,-6,11,-5,12,-4,11,-4,11,-4,11,-3,11,-3,11,-3,11,-4,10,-4,10,-5,10,-5,10,-6,10,-6,10,-7,10,-7,10,-7,10,-8,10,-8,11,-9]"
2025-08-18 21:59:32.597973,CSI_DATA,926,1a:00:00:00:00:00,-52,11,0,0,0,0,0,0,0,0,0,-94,0,1,0,157576839,0,31,0,128,0,"[0,0,7,12,7,11,7,11,8,10,8,10,8,10,8,10,9,9,9,9,10,8,10,8,11,8,11,7,12,8,12,7,13,7,13,8,13,8,13,9,13,9,12,10,12,10,12,10,11,11,10,11,10,11,0,0,0,0,0,0,0,0,0,0,0,0,0,0,0,0,0,0,0,0,0,0,6,7,6,8,6,9,5,10,5,10,4,11,3,12,3,12,2,12,2,12,1,12,1,12,2,12,2,12,2,11,2,11,2,11,3,11,3,11,4,11,4,11,5,11,5,11,6,11,7,12,7,11]"
2025-08-18 21:59:32.816076,CSI_DATA,927,1a:00:00:00:00:00,-52,11,0,0,0,0,0,0,0,0,0,-94,0,1,0,157778208,0,31,0,128,0,"[0,0,9,-10,8,-11,7,-11,8,-11,7,-11,7,-11,6,-12,6,-12,5,-12,5,-13,4,-13,3,-13,3,-14,3,-14,3,-15,3,-15,3,-15,4,-15,5,-15,5,-15,6,-15,6,-15,6,-15,6,-15,7,-14,8,-14,0,0,0,0,0,0,0,0,0,0,0,0,0,0,0,0,0,0,0,0,0,0,4,-9,5,-9,6,-9,7,-8,8,-9,9,-8,10,-8,10,-7,10,-7,10,-7,11,-6,10,-6,10,-6,10,-6,10,-6,10,-6,9,-6,9,-7,9,-8,9,-8,9,-8,9,-9,8,-10,8,-10,8,-10,8,-10]"
2025-08-18 21:59:33.011613,CSI_DATA,928,1a:00:00:00:00:00,-52,11,0,0,0,0,0,0,0,0,0,-94,0,1,0,157979237,0,31,0,128,0,"[0,0,-8,-12,-8,-12,-8,-12,-8,-12,-9,-11,-9,-11,-9,-11,-10,-11,-10,-10,-11,-9,-11,-9,-12,-9,-12,-9,-13,-9,-13,-8,-13,-8,-14,-9,-14,-9,-14,-10,-14,-10,-13,-11,-13,-11,-13,-11,-12,-12,-11,-12,-11,-12,0,0,0,0,0,0,0,0,0,0,0,0,0,0,0,0,0,0,0,0,0,0,-7,-7,-7,-8,-7,-10,-6,-10,-6,-11,-5,-12,-4,-13,-4,-13,-3,-13,-3,-13,-2,-13,-2,-13,-3,-13,-3,-13,-3,-13,-3,-12,-3,-12,-4,-12,-5,-12,-5,-12,-5,-12,-6,-12,-7,-12,-7,-12,-7,-12,-7,-12]"
2025-08-18 21:59:33.067529,CSI_DATA,929,1a:00:00:00:00:00,-52,11,0,0,0,0,0,0,0,0,0,-94,0,1,0,158042205,0,42,0,128,0,"[0,0,13,-3,12,-3,12,-4,12,-4,12,-5,12,-5,12,-5,11,-6,11,-6,11,-7,11,-7,11,-8,11,-9,10,-9,11,-10,11,-10,11,-10,12,-10,12,-10,12,-10,13,-9,13,-9,13,-8,13,-7,14,-7,14,-6,0,0,0,0,0,0,0,0,0,0,0,0,0,0,0,0,0,0,0,0,0,0,8,-4,9,-3,10,-2,10,-2,11,-1,11,0,12,1,12,1,12,2,12,2,11,3,11,3,11,3,11,2,11,2,11,2,11,1,11,0,11,0,11,0,12,-1,12,-1,12,-2,13,-2,12,-2,13,-3]"
2025-08-18 21:59:33.128259,CSI_DATA,930,1a:00:00:00:00:00,-52,11,0,0,0,0,0,0,0,0,0,-94,0,1,0,158109128,0,31,0,128,0,"[0,0,11,7,11,7,11,7,11,6,11,6,11,6,11,5,11,5,12,4,12,3,13,3,13,2,13,2,14,2,14,2,14,2,14,2,15,2,15,3,15,3,15,4,15,5,14,5,14,5,14,5,13,6,0,0,0,0,0,0,0,0,0,0,0,0,0,0,0,0,0,0,0,0,0,0,8,3,9,4,9,5,9,6,9,7,9,8,8,8,7,9,7,9,7,10,7,10,6,9,6,10,6,9,6,9,6,9,7,8,7,8,8,8,8,8,8,8,9,8,10,7,10,7,10,7,11,7]"
2025-08-18 21:59:33.347756,CSI_DATA,931,1a:00:00:00:00:00,-52,11,0,0,0,0,0,0,0,0,0,-94,0,1,0,158310194,0,31,0,128,0,"[0,0,6,-12,5,-12,5,-12,5,-13,5,-13,4,-13,3,-13,3,-13,2,-13,2,-13,2,-14,0,-14,1,-14,0,-14,0,-15,0,-15,0,-16,0,-16,0,-16,1,-16,2,-16,2,-16,2,-16,3,-16,4,-15,4,-15,0,0,0,0,0,0,0,0,0,0,0,0,0,0,0,0,0,0,0,0,0,0,3,-9,4,-10,5,-10,5,-10,6,-10,7,-10,8,-9,9,-9,9,-9,9,-8,10,-8,10,-7,9,-8,9,-8,8,-8,8,-8,8,-8,8,-9,7,-9,7,-10,7,-10,7,-11,7,-11,6,-11,6,-11,6,-12]"
2025-08-18 21:59:33.533249,CSI_DATA,932,1a:00:00:00:00:00,-52,11,0,0,0,0,0,0,0,0,0,-94,0,1,0,158511454,0,31,0,128,0,"[0,0,1,13,2,13,2,13,2,12,3,12,3,12,4,12,5,12,5,11,6,11,6,11,7,11,7,11,8,11,8,11,8,12,8,12,8,12,9,13,8,13,8,13,7,13,6,13,6,14,5,13,5,14,0,0,0,0,0,0,0,0,0,0,0,0,0,0,0,0,0,0,0,0,0,0,2,8,2,10,1,10,0,11,0,11,-1,12,-2,12,-3,12,-4,12,-4,12,-4,12,-4,11,-4,11,-4,11,-4,11,-3,11,-3,11,-2,11,-2,11,-1,11,-1,12,0,12,0,12,0,13,1,13,1,13]"
2025-08-18 21:59:33.743850,CSI_DATA,933,1a:00:00:00:00:00,-52,11,0,0,0,0,0,0,0,0,0,-94,0,1,0,158712575,0,31,0,128,0,"[0,0,-8,-10,-9,-10,-9,-10,-9,-10,-10,-9,-10,-9,-10,-9,-10,-8,-11,-8,-11,-7,-11,-7,-12,-7,-12,-7,-13,-6,-13,-6,-13,-6,-14,-6,-14,-7,-14,-7,-14,-7,-14,-8,-13,-8,-13,-9,-13,-9,-12,-9,-12,-10,0,0,0,0,0,0,0,0,0,0,0,0,0,0,0,0,0,0,0,0,0,0,-7,-6,-7,-7,-7,-9,-7,-9,-7,-10,-6,-11,-5,-11,-5,-12,-4,-12,-4,-12,-3,-12,-3,-12,-3,-12,-4,-11,-4,-12,-4,-11,-4,-11,-5,-11,-5,-11,-6,-11,-6,-11,-7,-11,-7,-10,-8,-11,-8,-11,-8,-11]"
2025-08-18 21:59:33.944181,CSI_DATA,934,1a:00:00:00:00:00,-52,11,0,0,0,0,0,0,0,0,0,-94,0,1,0,158913952,0,31,0,128,0,"[0,0,-3,-14,-3,-14,-4,-14,-4,-14,-5,-13,-5,-13,-5,-13,-6,-13,-6,-12,-7,-12,-8,-12,-8,-12,-8,-12,-9,-12,-9,-12,-10,-12,-10,-13,-10,-13,-10,-14,-9,-14,-9,-14,-8,-15,-8,-15,-7,-15,-7,-15,-6,-15,0,0,0,0,0,0,0,0,0,0,0,0,0,0,0,0,0,0,0,0,0,0,-4,-10,-3,-10,-3,-11,-2,-12,-2,-12,0,-13,0,-13,1,-13,2,-13,2,-13,2,-13,3,-13,2,-13,2,-12,2,-12,2,-12,1,-12,1,-12,0,-13,0,-13,-1,-13,-1,-13,-2,-13,-2,-14,-2,-14,-2,-14]"
2025-08-18 21:59:34.144784,CSI_DATA,935,1a:00:00:00:00:00,-52,11,0,0,0,0,0,0,0,0,0,-94,0,1,0,159114999,0,31,0,128,0,"[0,0,-11,-9,-11,-9,-11,-8,-11,-8,-11,-7,-11,-7,-12,-7,-12,-6,-12,-6,-12,-5,-12,-5,-13,-4,-13,-4,-14,-4,-14,-3,-14,-4,-15,-4,-15,-4,-15,-4,-15,-5,-15,-5,-15,-6,-15,-6,-14,-7,-14,-7,-13,-8,0,0,0,0,0,0,0,0,0,0,0,0,0,0,0,0,0,0,0,0,0,0,-9,-5,-8,-6,-9,-7,-8,-8,-8,-9,-8,-9,-7,-10,-7,-11,-7,-11,-6,-11,-6,-11,-5,-11,-6,-11,-6,-11,-6,-11,-6,-10,-6,-10,-7,-10,-7,-9,-8,-9,-8,-9,-9,-9,-9,-9,-10,-9,-10,-9,-10,-9]"
2025-08-18 21:59:34.342286,CSI_DATA,936,1a:00:00:00:00:00,-52,11,0,0,0,0,0,0,0,0,0,-94,0,1,0,159316159,0,31,0,128,0,"[0,0,-9,10,-9,10,-9,10,-9,10,-8,10,-8,10,-7,10,-7,11,-7,11,-6,12,-5,12,-5,12,-5,13,-4,13,-5,14,-5,14,-5,14,-5,14,-6,15,-6,15,-7,14,-7,14,-7,14,-7,13,-8,13,-9,13,0,0,0,0,0,0,0,0,0,0,0,0,0,0,0,0,0,0,0,0,0,0,-5,8,-6,8,-7,8,-8,7,-9,7,-10,7,-11,7,-11,6,-12,6,-12,5,-12,5,-12,5,-11,5,-11,5,-11,5,-11,5,-11,5,-10,6,-10,6,-10,7,-10,7,-10,8,-10,8,-9,9,-9,9,-9,9]"
2025-08-18 21:59:34.543048,CSI_DATA,937,1a:00:00:00:00:00,-52,11,0,0,0,0,0,0,0,0,0,-94,0,1,0,159517387,0,31,0,128,0,"[0,0,-11,8,-11,8,-10,8,-10,8,-10,9,-10,9,-9,9,-9,9,-8,10,-8,10,-7,11,-7,11,-7,12,-7,12,-7,13,-7,13,-7,13,-8,14,-8,14,-8,14,-9,13,-9,13,-9,12,-10,12,-10,11,-11,11,0,0,0,0,0,0,0,0,0,0,0,0,0,0,0,0,0,0,0,0,0,0,-7,7,-8,6,-9,6,-10,6,-10,5,-12,5,-12,4,-12,4,-13,3,-12,3,-13,2,-12,2,-12,2,-12,2,-12,3,-12,3,-11,3,-11,4,-11,4,-11,5,-11,5,-11,6,-11,6,-11,7,-11,7,-11,7]"
2025-08-18 21:59:34.606078,CSI_DATA,938,1a:00:00:00:00:00,-52,11,0,0,0,0,0,0,0,0,0,-94,0,1,0,159578177,0,42,0,128,0,"[0,0,-14,3,-13,4,-13,4,-13,4,-13,5,-13,5,-12,5,-12,6,-12,6,-12,7,-11,7,-11,8,-11,8,-11,9,-11,10,-12,10,-12,10,-13,10,-13,10,-13,10,-13,9,-14,9,-14,8,-14,8,-14,7,-15,6,0,0,0,0,0,0,0,0,0,0,0,0,0,0,0,0,0,0,0,0,0,0,-9,3,-10,3,-11,2,-12,1,-12,1,-13,0,-13,-1,-13,-1,-13,-2,-13,-3,-13,-3,-13,-3,-12,-3,-12,-3,-12,-2,-12,-2,-12,-1,-12,-1,-12,-1,-12,0,-13,1,-13,1,-13,2,-13,2,-13,2,-14,2]"
2025-08-18 21:59:34.673531,CSI_DATA,939,1a:00:00:00:00:00,-52,11,0,0,0,0,0,0,0,0,0,-94,0,1,0,159643029,0,31,0,128,0,"[0,0,13,-3,13,-3,13,-3,13,-4,13,-4,12,-4,12,-5,12,-6,11,-6,11,-7,11,-7,11,-8,11,-8,11,-9,12,-9,12,-9,12,-9,13,-10,13,-10,13,-9,14,-8,14,-8,14,-7,14,-6,14,-6,15,-5,0,0,0,0,0,0,0,0,0,0,0,0,0,0,0,0,0,0,0,0,0,0,8,-4,10,-4,10,-3,11,-2,11,-1,12,-1,12,0,12,1,12,1,12,2,12,3,12,3,12,3,11,2,11,2,11,2,11,1,11,0,12,0,12,0,12,-1,12,-1,12,-2,13,-2,13,-2,13,-3]"
2025-08-18 21:59:34.873355,CSI_DATA,940,1a:00:00:00:00:00,-52,11,0,0,0,0,0,0,0,0,0,-94,0,1,0,159844106,0,31,0,128,0,"[0,0,-14,-3,-13,-4,-13,-3,-14,-3,-13,-2,-13,-2,-13,-2,-13,-1,-13,0,-14,0,-14,1,-14,1,-14,1,-14,2,-15,2,-15,2,-15,2,-16,2,-16,2,-16,2,-16,1,-16,0,-16,0,-16,-1,-16,-2,-16,-2,0,0,0,0,0,0,0,0,0,0,0,0,0,0,0,0,0,0,0,0,0,0,-10,-1,-10,-2,-11,-3,-11,-4,-12,-4,-11,-5,-11,-6,-12,-6,-11,-7,-11,-8,-10,-8,-10,-8,-10,-8,-10,-8,-10,-7,-10,-7,-10,-6,-11,-6,-11,-6,-11,-5,-12,-5,-12,-5,-13,-4,-13,-4,-13,-4,-13,-4]"
2025-08-18 21:59:35.074734,CSI_DATA,941,1a:00:00:00:00:00,-52,11,0,0,0,0,0,0,0,0,0,-94,0,1,0,160045399,0,31,0,128,0,"[0,0,-3,-13,-4,-13,-4,-13,-4,-12,-5,-13,-5,-12,-5,-12,-6,-12,-6,-12,-7,-11,-7,-11,-8,-11,-8,-11,-8,-11,-9,-11,-9,-11,-9,-12,-9,-12,-9,-13,-9,-13,-8,-13,-8,-14,-7,-14,-7,-14,-6,-14,-5,-14,0,0,0,0,0,0,0,0,0,0,0,0,0,0,0,0,0,0,0,0,0,0,-4,-9,-4,-10,-3,-10,-3,-11,-2,-12,-1,-12,0,-13,0,-13,1,-12,1,-12,2,-12,2,-12,2,-12,1,-12,1,-12,1,-11,0,-11,0,-11,-1,-12,-1,-12,-1,-12,-2,-12,-2,-12,-3,-13,-3,-13,-3,-13]"
2025-08-18 21:59:35.269370,CSI_DATA,942,1a:00:00:00:00:00,-52,11,0,0,0,0,0,0,0,0,0,-94,0,1,0,160246553,0,31,0,128,0,"[0,0,13,2,13,1,13,1,13,1,13,0,13,0,13,-1,13,-1,13,-2,13,-3,13,-3,13,-3,13,-4,13,-4,14,-5,14,-5,15,-4,15,-5,15,-5,15,-4,15,-4,15,-3,15,-2,15,-2,15,-1,15,0,0,0,0,0,0,0,0,0,0,0,0,0,0,0,0,0,0,0,0,0,0,0,9,-1,10,0,10,1,10,2,11,3,11,4,11,5,11,5,11,6,11,6,10,6,10,6,10,6,10,6,10,6,10,5,10,5,11,4,11,4,11,4,11,4,12,3,12,3,13,3,13,3,13,2]"
2025-08-18 21:59:35.468207,CSI_DATA,943,1a:00:00:00:00:00,-52,11,0,0,0,0,0,0,0,0,0,-94,0,1,0,160447779,0,31,0,128,0,"[0,0,9,10,9,9,9,10,9,9,10,9,10,8,10,8,11,7,10,7,11,6,11,6,12,6,12,5,13,5,13,5,14,5,14,5,14,6,14,6,14,7,14,7,13,7,13,8,12,8,12,8,11,9,0,0,0,0,0,0,0,0,0,0,0,0,0,0,0,0,0,0,0,0,0,0,7,5,7,6,7,8,7,8,6,9,6,10,5,11,5,11,4,11,4,12,3,12,3,11,3,11,3,11,4,11,4,11,4,10,5,10,5,10,6,10,6,10,7,10,7,10,8,10,8,10,8,10]"
2025-08-18 21:59:35.680022,CSI_DATA,944,1a:00:00:00:00:00,-52,11,0,0,0,0,0,0,0,0,0,-94,0,1,0,160648935,0,31,0,128,0,"[0,0,-12,-7,-12,-6,-12,-6,-12,-5,-13,-5,-12,-5,-12,-5,-13,-4,-13,-3,-13,-2,-13,-2,-13,-2,-14,-1,-14,-1,-14,0,-15,-1,-15,-1,-15,-1,-16,-1,-16,-2,-16,-2,-15,-3,-15,-3,-15,-3,-15,-4,-15,-5,0,0,0,0,0,0,0,0,0,0,0,0,0,0,0,0,0,0,0,0,0,0,-9,-3,-10,-4,-10,-5,-10,-6,-10,-7,-10,-8,-9,-9,-9,-9,-9,-9,-8,-10,-8,-10,-8,-10,-8,-10,-8,-9,-8,-9,-8,-8,-8,-8,-9,-8,-9,-8,-9,-8,-10,-8,-10,-8,-11,-7,-11,-7,-12,-7,-12,-7]"
2025-08-18 21:59:35.879759,CSI_DATA,945,1a:00:00:00:00:00,-52,11,0,0,0,0,0,0,0,0,0,-94,0,1,0,160850060,0,31,0,128,0,"[0,0,-13,-6,-14,-6,-13,-5,-13,-5,-13,-5,-13,-4,-14,-4,-14,-3,-14,-3,-14,-2,-14,-2,-14,-1,-15,-1,-14,0,-15,0,-15,0,-16,0,-16,0,-17,-1,-16,-1,-17,-1,-16,-2,-16,-3,-16,-2,-15,-4,-15,-5,0,0,0,0,0,0,0,0,0,0,0,0,0,0,0,0,0,0,0,0,0,0,-10,-2,-10,-3,-11,-4,-11,-5,-11,-6,-11,-7,-11,-8,-11,-8,-10,-9,-10,-9,-9,-9,-9,-9,-9,-9,-9,-9,-9,-9,-10,-8,-10,-8,-10,-8,-10,-7,-11,-7,-11,-7,-12,-7,-12,-6,-12,-7,-13,-6,-13,-6]"
2025-08-18 21:59:36.089224,CSI_DATA,946,1a:00:00:00:00:00,-52,11,0,0,0,0,0,0,0,0,0,-94,0,1,0,161051204,0,31,0,128,0,"[0,0,13,-2,12,-3,12,-3,12,-3,12,-4,11,-4,11,-4,11,-5,11,-5,10,-6,10,-7,10,-7,11,-7,11,-8,11,-8,11,-9,11,-9,12,-9,12,-9,12,-8,13,-8,13,-7,12,-7,14,-6,13,-7,14,-6,0,0,0,0,0,0,0,0,0,0,0,0,0,0,0,0,0,0,0,0,0,0,8,-4,9,-4,9,-3,10,-2,10,-1,12,-1,11,0,12,1,12,2,11,2,11,2,11,2,11,2,11,2,11,2,10,2,11,1,11,0,11,0,11,0,11,-1,12,-1,12,-1,12,-2,12,-2,13,-2]"
2025-08-18 21:59:36.142753,CSI_DATA,947,1a:00:00:00:00:00,-52,11,0,0,0,0,0,0,0,0,0,-94,0,1,0,161114209,0,42,0,128,0,"[0,0,-14,-1,-13,-1,-13,-1,-13,0,-13,1,-13,1,-13,1,-12,2,-12,3,-12,3,-12,4,-12,4,-12,5,-13,5,-13,5,-13,6,-13,6,-14,6,-14,6,-14,5,-15,5,-15,4,-15,4,-15,3,-15,3,-15,2,0,0,0,0,0,0,0,0,0,0,0,0,0,0,0,0,0,0,0,0,0,0,-9,1,-10,0,-11,-1,-11,-1,-12,-2,-12,-3,-12,-3,-12,-4,-12,-5,-11,-5,-12,-5,-11,-5,-11,-6,-11,-5,-11,-5,-11,-4,-11,-4,-11,-3,-12,-4,-12,-3,-12,-3,-12,-3,-13,-2,-13,-2,-13,-2,-13,-1]"
2025-08-18 21:59:36.205717,CSI_DATA,948,1a:00:00:00:00:00,-52,11,0,0,0,0,0,0,0,0,0,-94,0,1,0,161179842,0,31,0,128,0,"[0,0,-12,8,-11,8,-11,8,-10,8,-10,9,-10,9,-9,9,-9,10,-8,10,-8,10,-7,11,-7,11,-7,12,-7,12,-7,13,-7,13,-7,13,-8,14,-8,14,-8,14,-9,13,-9,13,-9,13,-10,12,-10,11,-11,11,0,0,0,0,0,0,0,0,0,0,0,0,0,0,0,0,0,0,0,0,0,0,-7,7,-8,7,-9,6,-10,6,-10,6,-12,6,-12,5,-12,4,-13,4,-13,3,-13,3,-13,3,-12,3,-12,3,-12,3,-12,3,-12,4,-11,4,-11,5,-11,5,-11,5,-11,6,-11,6,-11,7,-11,7,-11,8]"
2025-08-18 21:59:36.427778,CSI_DATA,949,1a:00:00:00:00:00,-52,11,0,0,0,0,0,0,0,0,0,-94,0,1,0,161380957,0,31,0,128,0,"[0,0,-11,-9,-12,-9,-12,-8,-11,-8,-12,-8,-12,-7,-12,-7,-13,-6,-13,-6,-13,-5,-13,-5,-14,-4,-14,-4,-15,-4,-15,-3,-15,-3,-16,-4,-16,-4,-16,-4,-16,-5,-16,-5,-16,-6,-15,-6,-15,-7,-14,-7,-14,-8,0,0,0,0,0,0,0,0,0,0,0,0,0,0,0,0,0,0,0,0,0,0,-9,-5,-9,-6,-9,-7,-9,-8,-9,-9,-9,-10,-8,-10,-8,-11,-7,-11,-7,-12,-6,-11,-6,-11,-6,-11,-6,-11,-6,-11,-6,-10,-7,-10,-7,-10,-8,-10,-9,-10,-9,-10,-9,-10,-10,-9,-10,-9,-10,-9,-11,-9]"
2025-08-18 21:59:36.610159,CSI_DATA,950,1a:00:00:00:00:00,-52,11,0,0,0,0,0,0,0,0,0,-94,0,1,0,161582151,0,31,0,128,0,"[0,0,-13,3,-13,3,-13,3,-12,4,-12,4,-12,4,-12,5,-11,6,-11,6,-11,7,-11,7,-11,8,-11,8,-10,9,-10,9,-11,10,-11,9,-12,10,-12,10,-12,10,-13,9,-13,9,-13,8,-13,8,-13,7,-14,6,0,0,0,0,0,0,0,0,0,0,0,0,0,0,0,0,0,0,0,0,0,0,-9,3,-10,2,-10,1,-11,1,-11,0,-12,0,-12,-1,-12,-2,-12,-2,-12,-3,-12,-3,-12,-3,-12,-3,-11,-3,-12,-2,-11,-2,-12,-1,-11,-1,-12,-1,-12,0,-12,0,-12,1,-12,2,-13,2,-13,2,-13,2]"
2025-08-18 21:59:36.802462,CSI_DATA,951,1a:00:00:00:00:00,-52,11,0,0,0,0,0,0,0,0,0,-94,0,1,0,161783306,0,31,0,128,0,"[0,0,12,5,12,5,12,4,12,4,12,4,12,3,12,3,13,2,13,2,13,1,13,1,13,0,14,0,14,0,14,-1,14,-1,15,-1,15,-1,16,0,16,0,16,1,16,1,15,2,15,3,15,3,15,4,0,0,0,0,0,0,0,0,0,0,0,0,0,0,0,0,0,0,0,0,0,0,9,2,9,3,9,4,9,5,10,5,10,6,9,7,9,7,9,8,8,9,8,9,8,9,8,9,8,8,8,8,8,8,8,7,9,7,9,7,9,6,10,6,11,6,11,6,11,6,11,6,12,5]"
2025-08-18 21:59:37.012655,CSI_DATA,952,1a:00:00:00:00:00,-52,11,0,0,0,0,0,0,0,0,0,-94,0,1,0,161984437,0,31,0,128,0,"[0,0,-14,-2,-14,-1,-13,-1,-14,0,-13,0,-13,0,-13,1,-13,1,-13,2,-13,3,-13,3,-13,4,-13,4,-13,4,-14,5,-14,5,-15,5,-15,5,-15,5,-15,4,-16,4,-15,3,-16,3,-16,3,-16,2,-16,1,0,0,0,0,0,0,0,0,0,0,0,0,0,0,0,0,0,0,0,0,0,0,-10,1,-10,0,-11,-1,-11,-2,-12,-2,-12,-3,-12,-4,-12,-5,-12,-5,-12,-6,-12,-6,-11,-6,-11,-6,-11,-5,-11,-5,-11,-5,-11,-5,-12,-4,-12,-4,-12,-4,-12,-3,-13,-3,-13,-2,-13,-2,-13,-2,-13,-2]"
2025-08-18 21:59:37.208918,CSI_DATA,953,1a:00:00:00:00:00,-52,11,0,0,0,0,0,0,0,0,0,-94,0,1,0,162185599,0,31,0,128,0,"[0,0,-4,12,-3,12,-3,12,-2,12,-2,13,-2,12,-1,12,0,12,0,12,1,12,1,12,2,12,3,13,3,13,3,13,3,13,3,14,3,14,3,15,2,15,2,15,2,15,1,15,1,15,0,15,-1,15,0,0,0,0,0,0,0,0,0,0,0,0,0,0,0,0,0,0,0,0,0,0,-2,9,-2,9,-3,10,-4,10,-5,10,-6,10,-7,10,-7,10,-8,10,-8,9,-8,9,-8,9,-7,9,-7,9,-7,9,-7,9,-7,9,-6,10,-6,10,-5,10,-5,10,-5,11,-5,11,-4,12,-4,12,-4,12]"
2025-08-18 21:59:37.412077,CSI_DATA,954,1a:00:00:00:00:00,-52,11,0,0,0,0,0,0,0,0,0,-94,0,1,0,162386989,0,31,0,128,0,"[0,0,13,-4,12,-4,12,-4,12,-5,12,-5,11,-5,11,-6,11,-6,11,-6,10,-8,10,-8,10,-8,10,-9,10,-9,10,-10,11,-10,11,-10,11,-10,12,-10,12,-10,13,-9,13,-9,13,-8,13,-8,13,-7,14,-7,0,0,0,0,0,0,0,0,0,0,0,0,0,0,0,0,0,0,0,0,0,0,8,-5,9,-4,10,-3,10,-3,11,-2,12,-2,12,-1,12,0,12,1,12,1,12,1,11,1,11,1,11,1,11,1,11,1,11,0,11,0,11,-1,11,-1,11,-2,12,-2,12,-2,12,-3,12,-3,12,-4]"
2025-08-18 21:59:37.608690,CSI_DATA,955,1a:00:00:00:00:00,-52,11,0,0,0,0,0,0,0,0,0,-94,0,1,0,162588082,0,31,0,128,0,"[0,0,7,11,7,11,7,10,8,10,8,10,8,9,9,9,9,9,9,8,10,8,10,8,11,7,11,7,12,7,12,7,12,7,13,7,13,8,13,8,13,9,13,9,12,10,12,10,11,10,10,11,10,11,0,0,0,0,0,0,0,0,0,0,0,0,0,0,0,0,0,0,0,0,0,0,6,6,6,7,6,9,5,9,5,10,4,10,4,11,3,12,3,12,2,12,1,12,1,12,1,12,2,12,2,11,2,11,3,11,3,11,4,11,4,11,4,11,5,11,6,11,6,11,6,11,7,11]"
2025-08-18 21:59:37.681419,CSI_DATA,956,1a:00:00:00:00:00,-52,11,0,0,0,0,0,0,0,0,0,-94,0,1,0,162650148,0,42,0,128,0,"[0,0,-8,-11,-9,-11,-9,-11,-9,-11,-10,-10,-10,-10,-10,-9,-10,-9,-11,-8,-11,-8,-11,-8,-12,-7,-12,-7,-13,-7,-13,-7,-13,-7,-14,-7,-14,-8,-14,-8,-14,-8,-14,-9,-13,-10,-13,-10,-13,-10,-12,-11,-11,-11,0,0,0,0,0,0,0,0,0,0,0,0,0,0,0,0,0,0,0,0,0,0,-7,-7,-7,-8,-7,-9,-7,-10,-6,-10,-6,-11,-5,-12,-5,-12,-4,-12,-4,-12,-3,-12,-3,-12,-3,-12,-3,-12,-4,-12,-4,-11,-4,-11,-5,-11,-5,-11,-6,-11,-6,-11,-6,-11,-7,-11,-7,-11,-8,-11,-8,-11]"
2025-08-18 21:59:37.742149,CSI_DATA,957,1a:00:00:00:00:00,-52,11,0,0,0,0,0,0,0,0,0,-94,0,1,0,162715175,0,31,0,128,0,"[0,0,-4,13,-3,13,-3,13,-3,13,-2,13,-2,13,-1,13,-1,13,0,13,0,13,1,13,1,13,2,13,2,13,3,14,3,14,3,15,2,15,2,15,2,15,2,15,1,16,0,16,0,16,-1,15,-2,15,0,0,0,0,0,0,0,0,0,0,0,0,0,0,0,0,0,0,0,0,0,0,-2,9,-2,10,-3,10,-4,10,-5,10,-6,10,-7,10,-7,10,-8,10,-8,9,-9,9,-9,9,-8,9,-8,9,-7,9,-8,9,-7,10,-6,10,-6,10,-6,10,-6,11,-5,11,-5,12,-5,12,-5,12,-5,12]"
2025-08-18 21:59:37.948376,CSI_DATA,958,1a:00:00:00:00:00,-52,11,0,0,0,0,0,0,0,0,0,-94,0,1,0,162917212,0,31,0,128,0,"[0,0,11,-7,11,-8,10,-8,11,-9,10,-9,10,-9,9,-9,9,-9,8,-10,8,-11,8,-11,7,-11,7,-12,7,-12,7,-13,7,-13,7,-14,8,-14,8,-14,8,-14,9,-14,9,-13,10,-13,10,-12,10,-12,11,-11,0,0,0,0,0,0,0,0,0,0,0,0,0,0,0,0,0,0,0,0,0,0,7,-6,8,-6,9,-6,9,-5,11,-5,11,-4,12,-4,12,-3,12,-3,12,-2,12,-1,12,-1,12,-1,12,-2,11,-2,11,-2,11,-3,11,-3,11,-4,11,-4,11,-5,11,-5,12,-6,11,-6,11,-6,11,-7]"
2025-08-18 21:59:38.141461,CSI_DATA,959,1a:00:00:00:00:00,-52,11,0,0,0,0,0,0,0,0,0,-94,0,1,0,163117390,0,31,0,128,0,"[0,0,13,-1,13,-2,12,-2,13,-2,13,-3,12,-3,12,-3,12,-4,12,-5,12,-5,12,-6,12,-6,12,-7,12,-7,12,-8,12,-8,13,-8,13,-8,14,-8,14,-7,14,-7,14,-6,15,-6,15,-5,15,-4,15,-4,0,0,0,0,0,0,0,0,0,0,0,0,0,0,0,0,0,0,0,0,0,0,9,-3,10,-2,10,-1,11,-1,12,0,12,1,12,2,12,2,12,3,12,4,12,4,11,4,11,4,11,4,10,3,11,3,11,3,11,2,11,2,12,1,12,1,12,0,13,0,13,0,13,0,13,-1]"
2025-08-18 21:59:38.345071,CSI_DATA,960,1a:00:00:00:00:00,-52,11,0,0,0,0,0,0,0,0,0,-94,0,1,0,163318560,0,31,0,128,0,"[0,0,5,-13,4,-13,4,-14,4,-13,3,-14,3,-13,2,-13,2,-14,1,-14,0,-13,0,-14,-1,-14,-1,-14,-1,-15,-1,-15,-2,-15,-2,-15,-1,-16,-1,-17,0,-16,0,-17,0,-17,1,-16,1,-16,2,-16,3,-16,0,0,0,0,0,0,0,0,0,0,0,0,0,0,0,0,0,0,0,0,0,0,2,-10,2,-10,3,-10,4,-11,5,-11,6,-11,7,-11,8,-11,8,-10,8,-10,8,-9,9,-9,8,-9,8,-9,8,-9,7,-9,7,-10,6,-10,6,-10,6,-11,6,-11,6,-12,6,-12,5,-12,5,-13,5,-13]"
2025-08-18 21:59:38.549615,CSI_DATA,961,1a:00:00:00:00:00,-52,11,0,0,0,0,0,0,0,0,0,-94,0,1,0,163519924,0,31,0,128,0,"[0,0,-2,-14,-3,-14,-3,-14,-3,-14,-4,-13,-4,-13,-5,-13,-6,-13,-6,-13,-6,-12,-7,-12,-8,-12,-8,-12,-8,-12,-9,-12,-9,-12,-9,-13,-9,-14,-9,-14,-9,-14,-9,-14,-8,-15,-7,-15,-7,-15,-6,-15,-5,-15,0,0,0,0,0,0,0,0,0,0,0,0,0,0,0,0,0,0,0,0,0,0,-3,-10,-3,-10,-2,-11,-2,-12,-1,-12,0,-13,1,-13,1,-13,2,-13,3,-13,3,-12,3,-13,3,-13,3,-12,2,-12,2,-12,2,-12,1,-12,1,-13,0,-13,-1,-13,-1,-13,-1,-13,-2,-14,-2,-14,-2,-14]"
2025-08-18 21:59:38.749332,CSI_DATA,962,1a:00:00:00:00:00,-52,11,0,0,0,0,0,0,0,0,0,-94,0,1,0,163721013,0,31,0,128,0,"[0,0,-14,1,-14,1,-14,1,-14,2,-14,2,-14,2,-13,3,-13,4,-13,4,-13,5,-13,5,-12,6,-12,6,-12,7,-13,7,-13,8,-13,8,-14,8,-14,8,-14,8,-15,7,-15,7,-15,6,-15,5,-15,5,-16,4,0,0,0,0,0,0,0,0,0,0,0,0,0,0,0,0,0,0,0,0,0,0,-10,2,-11,1,-11,0,-12,0,-13,-1,-13,-2,-13,-3,-13,-3,-13,-4,-13,-5,-13,-5,-12,-5,-12,-5,-12,-4,-12,-4,-12,-4,-12,-3,-12,-2,-13,-2,-13,-2,-13,-2,-13,-1,-14,-1,-14,0,-14,0,-14,0]"
2025-08-18 21:59:38.951381,CSI_DATA,963,1a:00:00:00:00:00,-52,11,0,0,0,0,0,0,0,0,0,-94,0,1,0,163922158,0,31,0,128,0,"[0,0,-2,-14,-3,-14,-3,-14,-3,-13,-4,-14,-4,-13,-4,-13,-5,-13,-5,-13,-6,-12,-7,-12,-7,-12,-8,-12,-8,-13,-8,-12,-9,-13,-9,-13,-9,-14,-9,-14,-9,-15,-8,-15,-8,-15,-7,-15,-6,-15,-5,-15,-5,-16,0,0,0,0,0,0,0,0,0,0,0,0,0,0,0,0,0,0,0,0,0,0,-4,-10,-3,-11,-3,-11,-2,-12,-1,-12,0,-13,1,-13,1,-13,2,-13,2,-13,3,-13,3,-12,3,-13,3,-12,2,-12,2,-12,2,-12,1,-12,0,-13,0,-13,0,-13,-1,-13,-1,-13,-1,-14,-2,-14,-2,-14]"
2025-08-18 21:59:39.161238,CSI_DATA,964,1a:00:00:00:00:00,-52,11,0,0,0,0,0,0,0,0,0,-94,0,1,0,164123288,0,31,0,128,0,"[0,0,11,-8,10,-8,10,-8,10,-8,10,-9,9,-9,9,-9,9,-10,8,-10,7,-10,7,-11,7,-11,7,-12,7,-12,7,-13,7,-13,7,-13,8,-14,8,-14,8,-13,9,-13,9,-13,9,-12,10,-12,10,-11,11,-11,0,0,0,0,0,0,0,0,0,0,0,0,0,0,0,0,0,0,0,0,0,0,6,-7,7,-7,8,-7,9,-6,10,-6,11,-6,11,-4,11,-4,12,-3,12,-3,12,-3,12,-2,11,-2,11,-3,11,-3,11,-3,11,-4,10,-4,11,-5,11,-5,11,-6,11,-6,11,-6,11,-7,11,-7,11,-7]"
2025-08-18 21:59:39.212672,CSI_DATA,965,1a:00:00:00:00:00,-52,11,0,0,0,0,0,0,0,0,0,-94,0,1,0,164186158,0,42,0,128,0,"[0,0,-12,6,-12,7,-11,7,-11,7,-11,7,-10,7,-10,8,-10,8,-9,9,-9,9,-9,10,-8,10,-8,10,-8,11,-8,11,-8,12,-8,12,-9,12,-9,12,-10,12,-10,12,-10,12,-11,11,-11,11,-12,10,-12,10,0,0,0,0,0,0,0,0,0,0,0,0,0,0,0,0,0,0,0,0,0,0,-7,6,-8,6,-9,5,-10,5,-11,5,-12,4,-12,4,-12,3,-13,3,-13,2,-13,2,-13,1,-12,1,-12,2,-12,2,-12,2,-12,2,-12,3,-11,3,-12,4,-11,4,-12,5,-12,5,-12,5,-12,6,-12,6]"
2025-08-18 21:59:39.273607,CSI_DATA,966,1a:00:00:00:00:00,-52,11,0,0,0,0,0,0,0,0,0,-94,0,1,0,164251799,0,31,0,128,0,"[0,0,3,13,4,12,4,12,4,12,5,12,5,12,5,11,6,11,6,10,7,10,8,10,8,10,8,10,9,10,9,10,10,10,10,11,10,11,10,12,10,12,9,12,9,13,8,13,8,13,7,13,6,14,0,0,0,0,0,0,0,0,0,0,0,0,0,0,0,0,0,0,0,0,0,0,4,8,4,9,3,10,3,10,2,11,1,12,0,12,0,12,-1,12,-1,12,-2,12,-2,12,-2,12,-1,12,-1,11,-1,11,0,11,0,11,0,11,1,12,1,12,2,12,2,12,3,13,3,13,3,13]"
2025-08-18 21:59:39.487348,CSI_DATA,967,1a:00:00:00:00:00,-52,11,0,0,0,0,0,0,0,0,0,-94,0,1,0,164453427,0,31,0,128,0,"[0,0,6,12,6,11,6,11,7,10,7,11,7,10,8,10,8,9,9,9,9,8,10,8,10,8,11,8,11,8,11,7,12,8,12,8,12,8,12,9,12,9,12,10,11,10,11,11,11,11,10,11,9,12,0,0,0,0,0,0,0,0,0,0,0,0,0,0,0,0,0,0,0,0,0,0,6,7,6,8,5,9,5,10,4,10,4,11,3,12,2,12,2,12,1,12,1,12,1,12,1,12,1,12,1,12,1,11,2,11,2,11,3,11,4,11,4,11,4,11,5,11,5,12,6,12,6,11]"
2025-08-18 21:59:39.686787,CSI_DATA,968,1a:00:00:00:00:00,-52,11,0,0,0,0,0,0,0,0,0,-94,0,1,0,164656010,0,31,0,128,0,"[0,0,-10,-11,-10,-10,-10,-10,-10,-10,-11,-9,-11,-9,-11,-9,-11,-8,-11,-7,-12,-6,-12,-6,-13,-6,-13,-6,-14,-5,-14,-5,-14,-5,-15,-6,-15,-6,-15,-6,-15,-7,-15,-7,-14,-8,-14,-8,-14,-9,-13,-9,-13,-10,0,0,0,0,0,0,0,0,0,0,0,0,0,0,0,0,0,0,0,0,0,0,-8,-6,-8,-7,-8,-8,-8,-9,-8,-10,-7,-11,-7,-12,-6,-12,-6,-12,-5,-12,-5,-12,-4,-12,-5,-12,-5,-12,-5,-12,-5,-11,-5,-11,-6,-11,-6,-11,-7,-11,-7,-11,-8,-11,-9,-11,-9,-11,-9,-11,-9,-10]"
2025-08-18 21:59:39.882512,CSI_DATA,969,1a:00:00:00:00:00,-52,11,0,0,0,0,0,0,0,0,0,-94,0,1,0,164855706,0,31,0,128,0,"[0,0,-13,5,-12,5,-12,5,-12,6,-12,6,-12,6,-11,7,-11,7,-11,8,-10,8,-10,9,-10,9,-9,10,-10,10,-10,11,-10,11,-10,11,-11,12,-12,11,-12,11,-12,11,-12,10,-12,10,-13,10,-13,9,-14,8,0,0,0,0,0,0,0,0,0,0,0,0,0,0,0,0,0,0,0,0,0,0,-8,5,-9,5,-10,4,-11,4,-11,3,-13,3,-13,2,-13,1,-13,1,-13,0,-13,0,-13,0,-13,0,-12,0,-13,0,-12,0,-12,1,-12,2,-12,2,-13,2,-13,3,-13,3,-13,4,-13,4,-13,4,-13,5]"
2025-08-18 21:59:40.081784,CSI_DATA,970,1a:00:00:00:00:00,-52,11,0,0,0,0,0,0,0,0,0,-94,0,1,0,165056833,0,31,0,128,0,"[0,0,9,-10,8,-11,8,-11,7,-11,7,-11,6,-11,6,-12,5,-12,5,-12,4,-12,4,-12,4,-13,3,-13,3,-14,3,-14,3,-15,3,-15,4,-15,4,-15,4,-15,5,-15,5,-15,6,-15,6,-14,7,-14,8,-13,0,0,0,0,0,0,0,0,0,0,0,0,0,0,0,0,0,0,0,0,0,0,4,-9,5,-9,6,-9,7,-9,7,-9,9,-8,9,-8,10,-8,10,-7,10,-7,10,-6,10,-6,10,-6,10,-6,10,-6,10,-6,9,-7,9,-8,9,-8,9,-8,8,-9,9,-9,8,-9,8,-10,9,-10,8,-11]"
2025-08-18 21:59:40.280859,CSI_DATA,971,1a:00:00:00:00:00,-52,11,0,0,0,0,0,0,0,0,0,-94,0,1,0,165257999,0,31,0,128,0,"[0,0,-1,13,0,13,0,13,0,13,1,13,2,13,2,13,3,12,3,12,4,12,4,12,5,12,5,12,6,12,6,12,7,12,7,13,7,13,7,14,7,14,6,14,6,14,5,15,4,15,3,15,3,15,0,0,0,0,0,0,0,0,0,0,0,0,0,0,0,0,0,0,0,0,0,0,1,9,0,10,0,10,-1,11,-2,11,-3,12,-4,12,-4,12,-5,12,-5,11,-6,11,-6,11,-6,11,-5,11,-5,11,-5,10,-4,11,-3,11,-3,12,-2,12,-2,12,-2,12,-1,12,-1,13,-1,13,-1,13]"
2025-08-18 21:59:40.488586,CSI_DATA,972,1a:00:00:00:00:00,-52,11,0,0,0,0,0,0,0,0,0,-94,0,1,0,165459244,0,31,0,128,0,"[0,0,-13,-4,-14,-4,-14,-4,-14,-3,-14,-3,-14,-3,-14,-2,-14,-2,-14,-1,-14,0,-14,1,-14,1,-14,2,-14,2,-15,2,-15,3,-16,2,-16,2,-16,2,-17,1,-17,1,-17,0,-16,0,-16,0,-16,-1,-16,-2,0,0,0,0,0,0,0,0,0,0,0,0,0,0,0,0,0,0,0,0,0,0,-10,-1,-11,-2,-11,-3,-11,-4,-12,-5,-12,-6,-12,-7,-11,-7,-11,-8,-11,-8,-11,-8,-11,-8,-10,-8,-10,-8,-10,-8,-10,-7,-11,-7,-11,-6,-11,-6,-11,-6,-12,-6,-12,-6,-13,-5,-13,-5,-13,-4,-13,-4]"
2025-08-18 21:59:40.687010,CSI_DATA,973,1a:00:00:00:00:00,-52,11,0,0,0,0,0,0,0,0,0,-94,0,1,0,165660522,0,31,0,128,0,"[0,0,1,13,2,13,2,13,3,12,4,13,4,12,4,12,5,12,5,11,6,11,7,11,7,11,7,11,8,11,8,11,9,11,9,12,9,12,9,13,8,13,8,13,7,13,7,13,6,14,6,14,5,14,0,0,0,0,0,0,0,0,0,0,0,0,0,0,0,0,0,0,0,0,0,0,3,8,3,9,2,10,1,11,1,11,0,12,-1,12,-2,12,-2,12,-3,12,-3,12,-3,12,-3,12,-3,11,-3,12,-2,11,-2,11,-1,11,-1,12,0,12,0,12,0,12,1,12,1,13,2,13,2,13]"
2025-08-18 21:59:40.748107,CSI_DATA,974,1a:00:00:00:00:00,-52,11,0,0,0,0,0,0,0,0,0,-94,0,1,0,165722138,0,42,0,128,0,"[0,0,12,-7,11,-8,11,-8,11,-8,10,-8,10,-9,9,-9,9,-9,9,-10,8,-11,8,-11,7,-11,7,-12,7,-12,7,-13,7,-13,7,-14,8,-14,9,-14,9,-14,9,-13,9,-13,10,-13,10,-12,11,-12,11,-11,0,0,0,0,0,0,0,0,0,0,0,0,0,0,0,0,0,0,0,0,0,0,7,-7,8,-6,9,-6,9,-6,10,-5,11,-5,12,-4,12,-3,12,-3,12,-2,12,-2,12,-2,12,-2,11,-2,11,-2,11,-3,11,-3,11,-4,11,-4,11,-5,11,-5,11,-5,11,-6,11,-6,11,-6,12,-7]"
2025-08-18 21:59:40.811303,CSI_DATA,975,1a:00:00:00:00:00,-52,11,0,0,0,0,0,0,0,0,0,-94,0,1,0,165789310,0,31,0,128,0,"[0,0,2,13,2,12,2,12,3,12,3,12,3,12,4,11,4,11,5,11,5,10,5,10,6,10,7,10,7,10,7,10,8,11,8,11,8,11,8,12,8,12,8,12,7,13,7,12,6,13,5,13,5,14,0,0,0,0,0,0,0,0,0,0,0,0,0,0,0,0,0,0,0,0,0,0,3,8,2,9,2,9,1,10,0,11,0,11,-1,10,-4,11,-3,12,-3,11,-3,11,-4,11,-3,11,-3,11,-3,11,-3,10,-2,11,-2,11,-1,11,0,11,0,11,0,12,0,11,1,12,1,13,1,12]"
2025-08-18 21:59:41.018036,CSI_DATA,976,1a:00:00:00:00:00,-52,11,0,0,0,0,0,0,0,0,0,-94,0,1,0,165990427,0,31,0,128,0,"[0,0,10,8,10,7,10,7,11,6,11,6,11,6,11,5,11,5,11,4,12,4,12,3,12,3,13,3,13,2,13,2,14,2,14,2,14,2,15,3,15,3,14,4,15,4,14,5,14,5,13,6,13,7,0,0,0,0,0,0,0,0,0,0,0,0,0,0,0,0,0,0,0,0,0,0,8,3,8,4,9,5,8,6,9,7,8,8,8,9,7,9,7,9,7,10,6,10,6,10,6,10,6,10,6,9,6,9,6,8,7,8,7,8,8,8,8,8,9,8,9,8,9,8,10,8,10,7]"
2025-08-18 21:59:41.211658,CSI_DATA,977,1a:00:00:00:00:00,-52,11,0,0,0,0,0,0,0,0,0,-94,0,1,0,166192433,0,31,0,128,0,"[0,0,11,7,11,6,11,6,12,6,11,5,11,5,12,4,12,4,12,3,12,2,13,2,13,1,13,1,14,0,14,0,14,0,15,0,15,0,16,0,15,1,15,2,15,2,15,3,15,3,14,4,14,5,0,0,0,0,0,0,0,0,0,0,0,0,0,0,0,0,0,0,0,0,0,0,8,3,8,4,9,5,8,6,9,7,8,8,8,9,8,9,7,10,7,10,6,10,6,10,6,10,6,10,6,9,7,9,7,8,8,8,8,8,9,8,9,8,9,8,10,7,10,7,11,7,11,7]"
2025-08-18 21:59:41.820810,CSI_DATA,978,1a:00:00:00:00:00,-52,11,0,0,0,0,0,0,0,0,0,-94,0,1,0,166392778,0,31,0,128,0,"[0,0,11,-8,10,-9,9,-8,10,-9,9,-9,9,-9,8,-10,8,-10,8,-11,7,-11,7,-11,6,-12,6,-12,6,-12,6,-14,6,-13,6,-14,7,-14,7,-14,8,-14,8,-14,8,-14,9,-13,9,-13,9,-12,10,-11,0,0,0,0,0,0,0,0,0,0,0,0,0,0,0,0,0,0,0,0,0,0,6,-7,7,-7,8,-7,8,-6,10,-6,10,-6,11,-5,11,-4,12,-4,12,-3,11,-3,11,-3,11,-3,11,-3,11,-3,11,-4,10,-4,11,-5,10,-5,10,-5,10,-6,10,-6,11,-7,10,-7,10,-8,10,-8]"
2025-08-18 21:59:41.826073,CSI_DATA,979,1a:00:00:00:00:00,-52,11,0,0,0,0,0,0,0,0,0,-94,0,1,0,166594014,0,31,0,128,0,"[0,0,-11,8,-10,8,-10,8,-10,9,-9,9,-9,9,-9,9,-8,10,-7,10,-7,11,-7,11,-6,11,-6,12,-6,12,-6,13,-6,13,-6,14,-6,14,-6,14,-7,14,-8,14,-8,13,-8,13,-9,12,-9,12,-10,12,0,0,0,0,0,0,0,0,0,0,0,0,0,0,0,0,0,0,0,0,0,0,-7,6,-8,6,-9,6,-9,5,-10,5,-11,5,-12,4,-12,4,-12,3,-13,2,-13,2,-12,2,-12,2,-12,2,-11,2,-12,3,-11,3,-11,4,-11,4,-11,5,-11,5,-11,6,-11,6,-11,7,-11,7,-11,7]"
2025-08-18 21:59:41.832320,CSI_DATA,980,1a:00:00:00:00:00,-52,11,0,0,0,0,0,0,0,0,0,-94,0,1,0,166795264,0,31,0,128,0,"[0,0,13,-3,13,-4,12,-4,12,-5,12,-5,12,-6,12,-6,11,-7,11,-7,11,-8,11,-8,10,-8,11,-9,10,-9,11,-10,11,-10,11,-11,11,-11,12,-11,12,-11,13,-10,13,-10,13,-9,13,-8,14,-7,14,-7,0,0,0,0,0,0,0,0,0,0,0,0,0,0,0,0,0,0,0,0,0,0,9,-4,9,-3,10,-3,11,-2,11,-2,12,-1,12,0,12,0,12,1,12,2,12,2,12,2,11,2,11,2,11,1,11,1,11,1,12,0,11,0,12,-1,12,-1,12,-2,12,-2,13,-2,13,-3,13,-3]"
2025-08-18 21:59:42.016758,CSI_DATA,981,1a:00:00:00:00:00,-52,11,0,0,0,0,0,0,0,0,0,-94,0,1,0,166996475,0,31,0,128,0,"[0,0,8,10,8,10,8,10,9,9,9,9,9,9,9,8,10,8,10,7,10,7,11,6,11,6,12,6,13,6,13,5,13,6,13,6,14,7,14,7,14,7,13,8,13,8,12,8,13,9,12,9,12,10,0,0,0,0,0,0,0,0,0,0,0,0,0,0,0,0,0,0,0,0,0,0,7,6,7,7,6,8,6,9,6,9,5,11,4,11,4,12,4,12,3,11,3,12,2,12,3,11,3,11,3,11,3,10,4,11,4,10,5,11,5,10,5,11,6,11,6,10,7,11,7,11,8,10]"
2025-08-18 21:59:42.230268,CSI_DATA,982,1a:00:00:00:00:00,-52,11,0,0,0,0,0,0,0,0,0,-94,0,1,0,167197569,0,31,0,128,0,"[0,0,7,-12,6,-12,6,-12,6,-12,5,-12,4,-12,4,-13,3,-13,3,-13,2,-13,2,-14,1,-14,1,-14,0,-14,0,-15,0,-15,0,-15,0,-16,0,-16,1,-16,1,-16,1,-16,2,-16,3,-16,4,-15,4,-15,0,0,0,0,0,0,0,0,0,0,0,0,0,0,0,0,0,0,0,0,0,0,4,-9,5,-9,6,-9,6,-9,7,-9,8,-9,9,-8,9,-8,10,-8,10,-7,10,-7,10,-6,10,-7,9,-7,9,-7,9,-7,9,-7,8,-8,8,-9,8,-9,7,-10,7,-10,7,-10,7,-11,7,-11,7,-11]"
2025-08-18 21:59:42.281858,CSI_DATA,983,1a:00:00:00:00:00,-52,11,0,0,0,0,0,0,0,0,0,-94,0,1,0,167258570,0,42,0,128,0,"[0,0,-1,13,0,12,0,12,1,12,1,12,1,12,2,12,3,11,3,12,3,11,4,11,5,11,5,11,5,11,6,12,6,12,6,13,6,12,6,13,6,13,5,14,5,14,4,14,4,14,3,14,2,14,0,0,0,0,0,0,0,0,0,0,0,0,0,0,0,0,0,0,0,0,0,0,1,8,1,9,0,10,-1,10,-1,11,-2,11,-3,11,-4,11,-4,11,-5,11,-5,10,-5,10,-5,10,-5,10,-4,10,-4,10,-4,10,-3,10,-3,10,-2,11,-2,11,-1,12,-1,12,-1,12,-1,12,-1,12]"
2025-08-18 21:59:42.347077,CSI_DATA,984,1a:00:00:00:00:00,-52,11,0,0,0,0,0,0,0,0,0,-94,0,1,0,167323300,0,31,0,128,0,"[0,0,-6,12,-5,12,-5,12,-5,13,-4,12,-3,12,-3,12,-2,12,-2,12,-1,13,-1,13,0,13,0,13,1,14,1,14,1,14,1,15,0,15,0,16,0,15,-1,15,-1,16,-2,16,-2,15,-3,15,-4,15,0,0,0,0,0,0,0,0,0,0,0,0,0,0,0,0,0,0,0,0,0,0,-2,9,-3,9,-4,10,-5,10,-6,10,-7,10,-8,10,-8,10,-9,9,-9,9,-9,9,-10,8,-9,8,-9,8,-9,8,-8,8,-8,9,-7,9,-7,9,-7,10,-7,10,-6,11,-6,11,-6,11,-6,12,-6,12]"
2025-08-18 21:59:42.561487,CSI_DATA,985,1a:00:00:00:00:00,-52,11,0,0,0,0,0,0,0,0,0,-94,0,1,0,167524460,0,31,0,128,0,"[0,0,8,-10,7,-11,7,-11,7,-11,6,-11,6,-11,6,-12,5,-12,4,-12,4,-13,4,-13,3,-13,2,-14,2,-14,2,-15,2,-15,2,-15,2,-15,3,-16,4,-16,4,-15,4,-15,5,-15,5,-15,6,-14,7,-14,0,0,0,0,0,0,0,0,0,0,0,0,0,0,0,0,0,0,0,0,0,0,4,-9,5,-9,6,-9,7,-9,8,-9,9,-8,10,-8,10,-7,10,-7,11,-6,11,-6,10,-6,10,-6,10,-6,9,-6,9,-6,9,-7,9,-8,9,-8,8,-8,8,-8,8,-9,8,-10,8,-10,8,-10,8,-10]"
2025-08-18 21:59:42.750754,CSI_DATA,986,1a:00:00:00:00:00,-52,11,0,0,0,0,0,0,0,0,0,-94,0,1,0,167725574,0,31,0,128,0,"[0,0,10,-9,9,-10,9,-10,9,-10,8,-10,8,-11,8,-11,8,-11,7,-11,6,-12,6,-13,5,-13,5,-13,5,-14,5,-14,5,-14,5,-15,6,-15,6,-15,7,-15,7,-15,7,-14,8,-14,8,-14,9,-13,9,-13,0,0,0,0,0,0,0,0,0,0,0,0,0,0,0,0,0,0,0,0,0,0,6,-8,6,-8,7,-8,8,-7,9,-7,10,-7,11,-6,11,-6,12,-5,11,-5,12,-5,12,-4,11,-4,11,-4,11,-4,11,-5,10,-5,10,-6,10,-6,10,-7,10,-7,10,-8,10,-8,10,-9,10,-9,10,-9]"
2025-08-18 21:59:42.950938,CSI_DATA,987,1a:00:00:00:00:00,-52,11,0,0,0,0,0,0,0,0,0,-94,0,1,0,167926907,0,31,0,128,0,"[0,0,-7,11,-7,11,-6,11,-6,11,-6,12,-5,11,-5,12,-4,12,-4,12,-3,12,-2,12,-2,12,-1,13,-1,13,-1,13,-1,14,-1,14,-1,15,-2,15,-2,15,-3,15,-3,15,-4,15,-4,14,-5,14,-6,14,0,0,0,0,0,0,0,0,0,0,0,0,0,0,0,0,0,0,0,0,0,0,-3,8,-4,9,-5,9,-6,9,-7,9,-8,9,-9,8,-9,8,-10,8,-10,7,-10,7,-10,7,-10,7,-10,7,-9,7,-9,7,-9,7,-8,8,-8,8,-8,9,-8,9,-8,9,-8,10,-7,10,-7,11,-7,11]"
2025-08-18 21:59:43.149637,CSI_DATA,988,1a:00:00:00:00:00,-52,11,0,0,0,0,0,0,0,0,0,-94,0,1,0,168128080,0,31,0,128,0,"[0,0,2,13,3,13,3,13,3,12,4,13,4,12,4,12,5,12,5,11,6,11,6,11,7,11,7,11,8,11,8,11,8,11,9,12,9,12,8,13,8,13,7,14,7,14,7,14,6,14,5,14,4,15,0,0,0,0,0,0,0,0,0,0,0,0,0,0,0,0,0,0,0,0,0,0,4,8,3,9,3,10,2,11,1,11,0,12,-1,12,-1,12,-2,12,-2,12,-3,12,-3,12,-3,12,-3,12,-2,11,-2,11,-2,11,-1,11,0,12,0,12,0,12,1,12,1,12,1,13,2,13,2,13]"
2025-08-18 21:59:43.355608,CSI_DATA,989,1a:00:00:00:00:00,-52,11,0,0,0,0,0,0,0,0,0,-94,0,1,0,168329190,0,31,0,128,0,"[0,0,12,-6,11,-7,11,-7,11,-8,11,-8,10,-8,10,-9,10,-9,9,-10,9,-10,9,-10,8,-11,8,-11,8,-11,8,-12,8,-13,9,-13,9,-13,9,-13,10,-13,10,-13,10,-12,11,-11,12,-11,12,-10,12,-10,0,0,0,0,0,0,0,0,0,0,0,0,0,0,0,0,0,0,0,0,0,0,7,-6,8,-6,9,-5,10,-5,11,-5,11,-4,12,-3,12,-3,12,-2,12,-1,12,-1,12,0,12,-1,11,-1,11,-1,11,-2,11,-2,11,-3,11,-3,11,-4,11,-4,11,-5,12,-5,12,-5,12,-5,12,-6]"
2025-08-18 21:59:43.560460,CSI_DATA,990,1a:00:00:00:00:00,-52,11,0,0,0,0,0,0,0,0,0,-94,0,1,0,168530422,0,31,0,128,0,"[0,0,-13,-5,-13,-5,-13,-5,-13,-4,-14,-4,-14,-3,-14,-3,-14,-2,-14,-2,-14,-1,-14,0,-14,1,-14,1,-15,1,-15,1,-15,2,-16,2,-16,2,-17,1,-16,1,-17,0,-17,0,-17,-1,-17,-1,-16,-2,-16,-3,0,0,0,0,0,0,0,0,0,0,0,0,0,0,0,0,0,0,0,0,0,0,-10,-2,-10,-3,-11,-4,-11,-5,-11,-6,-11,-7,-11,-8,-11,-8,-10,-9,-10,-9,-10,-9,-9,-9,-9,-9,-9,-9,-9,-9,-9,-8,-10,-8,-10,-7,-11,-7,-11,-7,-11,-7,-12,-6,-12,-6,-13,-6,-13,-6,-13,-5]"
2025-08-18 21:59:43.774354,CSI_DATA,991,1a:00:00:00:00:00,-52,11,0,0,0,0,0,0,0,0,0,-94,0,1,0,168731535,0,31,0,128,0,"[0,0,-14,-2,-14,-2,-14,-2,-14,-1,-14,-1,-14,0,-14,0,-14,1,-14,2,-13,2,-14,3,-14,3,-14,3,-14,4,-14,4,-15,5,-15,5,-15,5,-16,5,-16,4,-16,4,-16,3,-16,3,-16,2,-16,1,-16,1,0,0,0,0,0,0,0,0,0,0,0,0,0,0,0,0,0,0,0,0,0,0,-10,0,-11,-1,-11,-2,-12,-3,-12,-3,-13,-4,-12,-5,-12,-5,-12,-6,-12,-6,-12,-7,-11,-7,-11,-7,-11,-6,-11,-6,-11,-6,-11,-5,-11,-5,-12,-5,-12,-4,-13,-4,-13,-4,-13,-3,-14,-3,-14,-3,-14,-2]"
2025-08-18 21:59:43.816420,CSI_DATA,992,1a:00:00:00:00:00,-52,11,0,0,0,0,0,0,0,0,0,-94,0,1,0,168794227,0,42,0,128,0,"[0,0,2,12,3,12,3,12,3,12,4,11,4,11,5,11,5,11,6,10,6,10,7,10,8,10,8,10,8,10,9,10,9,10,10,11,9,11,9,11,9,12,9,12,8,12,8,13,7,13,6,13,6,13,0,0,0,0,0,0,0,0,0,0,0,0,0,0,0,0,0,0,0,0,0,0,3,8,3,9,2,10,1,10,1,11,0,11,-1,12,-1,12,-2,12,-2,12,-3,11,-3,11,-2,11,-2,11,-2,11,-2,11,-1,11,-1,11,0,11,1,12,0,12,1,12,1,12,2,12,2,12,2,12]"
2025-08-18 21:59:43.889076,CSI_DATA,993,1a:00:00:00:00:00,-52,11,0,0,0,0,0,0,0,0,0,-94,0,1,0,168859438,0,31,0,128,0,"[0,0,-13,-4,-13,-5,-13,-4,-13,-3,-13,-3,-13,-3,-13,-2,-13,-2,-13,-1,-13,0,-13,0,-13,0,-13,1,-14,1,-14,2,-14,2,-15,2,-15,2,-16,2,-15,1,-16,1,-15,0,-15,-1,-16,-1,-15,-1,-15,-2,0,0,0,0,0,0,0,0,0,0,0,0,0,0,0,0,0,0,0,0,0,0,-9,-2,-10,-2,-10,-4,-10,-4,-11,-5,-11,-6,-11,-7,-10,-7,-10,-8,-10,-8,-10,-8,-9,-8,-9,-8,-9,-8,-9,-8,-9,-7,-10,-7,-10,-6,-11,-7,-11,-6,-11,-6,-12,-6,-12,-5,-12,-5,-13,-5,-12,-5]"
2025-08-18 21:59:44.088786,CSI_DATA,994,1a:00:00:00:00:00,-52,11,0,0,0,0,0,0,0,0,0,-94,0,1,0,169060664,0,31,0,128,0,"[0,0,12,3,12,3,12,3,12,2,13,2,12,1,12,1,12,0,12,0,12,-1,12,-1,12,-2,13,-2,13,-3,13,-3,14,-3,14,-3,15,-3,15,-3,15,-2,15,-2,15,-1,14,0,15,0,15,1,15,2,0,0,0,0,0,0,0,0,0,0,0,0,0,0,0,0,0,0,0,0,0,0,9,0,10,1,10,2,10,3,10,3,11,4,10,5,10,6,10,6,9,7,9,7,9,7,9,7,9,7,9,7,9,6,10,6,9,5,10,5,10,5,11,4,11,4,11,4,12,4,12,4,13,3]"
2025-08-18 21:59:44.304599,CSI_DATA,995,1a:00:00:00:00:00,-52,11,0,0,0,0,0,0,0,0,0,-94,0,1,0,169261792,0,31,0,128,0,"[0,0,-14,-4,-14,-4,-14,-3,-14,-3,-14,-2,-14,-2,-13,-2,-14,-1,-14,0,-14,0,-14,1,-14,1,-14,2,-14,2,-14,3,-15,3,-15,3,-16,3,-16,2,-17,2,-17,1,-16,1,-16,0,-16,0,-16,-1,-16,-2,0,0,0,0,0,0,0,0,0,0,0,0,0,0,0,0,0,0,0,0,0,0,-10,-1,-10,-2,-11,-3,-11,-4,-12,-5,-11,-6,-12,-7,-11,-7,-11,-8,-11,-8,-10,-8,-10,-9,-10,-8,-10,-8,-10,-8,-10,-7,-10,-7,-11,-6,-11,-6,-12,-6,-12,-6,-12,-5,-13,-5,-13,-5,-13,-5,-14,-4]"
2025-08-18 21:59:44.488845,CSI_DATA,996,1a:00:00:00:00:00,-52,11,0,0,0,0,0,0,0,0,0,-94,0,1,0,169463037,0,31,0,128,0,"[0,0,-13,6,-12,6,-12,6,-11,7,-11,7,-11,7,-11,7,-10,8,-10,8,-9,9,-9,9,-8,10,-8,10,-9,11,-9,11,-9,12,-9,11,-10,12,-10,12,-10,12,-11,11,-11,11,-11,11,-11,10,-12,10,-13,9,0,0,0,0,0,0,0,0,0,0,0,0,0,0,0,0,0,0,0,0,0,0,-8,6,-9,6,-9,5,-10,5,-11,4,-12,4,-12,3,-13,2,-13,2,-12,1,-13,1,-13,1,-12,1,-12,1,-12,1,-11,1,-12,2,-11,2,-12,3,-12,3,-12,4,-12,4,-12,5,-12,5,-12,6,-12,6]"
2025-08-18 21:59:44.684010,CSI_DATA,997,1a:00:00:00:00:00,-52,11,0,0,0,0,0,0,0,0,0,-94,0,1,0,169664162,0,31,0,128,0,"[0,0,9,10,9,9,9,9,9,9,10,8,10,8,10,7,11,7,10,7,11,6,11,6,12,5,12,5,13,5,13,5,13,5,14,5,14,5,14,6,14,6,14,6,14,7,13,8,13,8,12,8,12,9,0,0,0,0,0,0,0,0,0,0,0,0,0,0,0,0,0,0,0,0,0,0,7,5,7,6,7,7,7,8,7,9,6,10,6,10,6,11,5,11,4,11,4,11,4,11,4,11,4,11,4,11,4,10,4,10,5,10,6,10,6,10,7,10,7,10,8,10,8,10,8,10,9,10]"
2025-08-18 21:59:44.891162,CSI_DATA,998,1a:00:00:00:00:00,-52,11,0,0,0,0,0,0,0,0,0,-94,0,1,0,169865292,0,31,0,128,0,"[0,0,11,-9,10,-9,10,-9,10,-9,9,-9,9,-10,9,-10,8,-10,8,-11,7,-11,7,-11,7,-12,6,-12,6,-13,6,-13,7,-14,7,-14,7,-14,8,-15,8,-14,8,-14,9,-14,9,-13,9,-13,10,-12,11,-12,0,0,0,0,0,0,0,0,0,0,0,0,0,0,0,0,0,0,0,0,0,0,6,-8,7,-8,8,-7,9,-7,10,-7,11,-6,11,-6,11,-5,12,-5,12,-4,12,-3,12,-3,12,-3,11,-3,11,-4,11,-4,11,-4,10,-5,11,-5,10,-6,10,-6,11,-6,11,-7,11,-8,11,-8,11,-8]"
2025-08-18 21:59:45.097645,CSI_DATA,999,1a:00:00:00:00:00,-52,11,0,0,0,0,0,0,0,0,0,-94,0,1,0,170066459,0,31,0,128,0,"[0,0,-5,-14,-5,-13,-5,-13,-6,-13,-6,-13,-6,-12,-7,-12,-7,-12,-8,-11,-8,-11,-9,-11,-10,-11,-10,-11,-10,-11,-11,-10,-11,-11,-12,-11,-11,-12,-11,-12,-11,-13,-11,-13,-10,-13,-10,-13,-9,-14,-9,-14,-8,-14,0,0,0,0,0,0,0,0,0,0,0,0,0,0,0,0,0,0,0,0,0,0,-5,-9,-5,-10,-5,-11,-4,-11,-3,-12,-3,-13,-2,-13,-1,-13,0,-13,0,-13,0,-13,0,-13,0,-13,0,-13,0,-13,0,-12,-1,-12,-1,-12,-2,-13,-2,-13,-3,-13,-3,-13,-4,-13,-4,-13,-4,-13,-4,-13]"
2025-08-18 21:59:45.300472,CSI_DATA,1000,1a:00:00:00:00:00,-52,11,0,0,0,0,0,0,0,0,0,-94,0,1,0,170267802,0,31,0,128,0,"[0,0,12,-6,11,-6,11,-6,11,-7,10,-7,10,-7,10,-8,10,-8,9,-9,9,-9,9,-10,8,-10,8,-11,8,-11,8,-12,9,-12,9,-12,9,-12,10,-12,10,-12,10,-12,11,-12,11,-11,11,-11,12,-10,12,-9,0,0,0,0,0,0,0,0,0,0,0,0,0,0,0,0,0,0,0,0,0,0,7,-6,8,-6,9,-5,10,-4,10,-4,11,-4,12,-3,12,-2,12,-2,12,-1,12,-1,12,-1,11,-1,11,-1,11,-1,11,-1,11,-2,11,-2,11,-3,11,-3,11,-4,12,-4,11,-5,12,-5,12,-5,12,-6]"
2025-08-18 21:59:45.358216,CSI_DATA,1001,1a:00:00:00:00:00,-52,11,0,0,0,0,0,0,0,0,0,-94,0,1,0,170330457,0,42,0,128,0,"[0,0,-13,2,-13,2,-13,2,-13,3,-12,3,-12,4,-12,4,-12,4,-12,5,-11,6,-11,6,-11,7,-11,7,-11,8,-11,8,-11,8,-12,8,-12,9,-12,9,-13,8,-13,8,-13,7,-13,7,-14,7,-14,6,-14,5,0,0,0,0,0,0,0,0,0,0,0,0,0,0,0,0,0,0,0,0,0,0,-9,3,-10,2,-10,1,-11,1,-12,0,-12,-1,-12,-2,-12,-2,-12,-3,-12,-3,-12,-3,-12,-3,-12,-3,-11,-3,-11,-3,-11,-3,-12,-2,-12,-1,-12,-1,-12,-1,-12,0,-12,0,-13,1,-13,1,-13,1,-13,2]"
2025-08-18 21:59:45.417968,CSI_DATA,1002,1a:00:00:00:00:00,-52,11,0,0,0,0,0,0,0,0,0,-94,0,1,0,170395071,0,31,0,128,0,"[0,0,0,13,1,13,1,13,1,13,2,13,2,12,2,12,3,12,3,12,4,12,4,12,5,12,6,12,6,12,7,12,7,12,7,13,7,13,7,13,6,14,6,14,6,14,5,15,4,15,4,14,3,15,0,0,0,0,0,0,0,0,0,0,0,0,0,0,0,0,0,0,0,0,0,0,1,9,1,10,0,10,0,11,-1,12,-2,11,-3,12,-4,12,-5,12,-5,12,-5,11,-5,11,-5,11,-5,11,-4,11,-4,11,-4,11,-3,11,-3,11,-2,12,-2,12,-1,12,-1,13,-1,13,-1,13,0,13]"
2025-08-18 21:59:45.631430,CSI_DATA,1003,1a:00:00:00:00:00,-52,11,0,0,0,0,0,0,0,0,0,-94,0,1,0,170596168,0,31,0,128,0,"[0,0,-14,0,-14,1,-13,1,-14,1,-13,2,-14,2,-13,2,-13,3,-13,4,-13,4,-13,5,-13,5,-13,6,-13,6,-13,7,-13,7,-14,7,-14,7,-15,7,-15,7,-15,6,-15,6,-16,5,-15,5,-16,4,-16,3,0,0,0,0,0,0,0,0,0,0,0,0,0,0,0,0,0,0,0,0,0,0,-10,2,-10,1,-11,0,-11,-1,-12,-1,-12,-2,-13,-3,-13,-3,-13,-4,-12,-5,-12,-5,-12,-5,-12,-5,-12,-5,-11,-4,-12,-4,-12,-3,-12,-3,-12,-3,-13,-2,-13,-2,-13,-1,-14,-1,-14,0,-14,0,-14,0]"
2025-08-18 21:59:45.823381,CSI_DATA,1004,1a:00:00:00:00:00,-52,11,0,0,0,0,0,0,0,0,0,-94,0,1,0,170797294,0,31,0,128,0,"[0,0,-13,5,-12,6,-12,6,-12,6,-11,7,-11,7,-11,7,-10,8,-10,8,-10,8,-10,9,-9,9,-9,10,-9,11,-9,11,-9,11,-9,11,-10,12,-11,11,-11,11,-11,11,-12,11,-12,10,-12,10,-13,9,-13,9,0,0,0,0,0,0,0,0,0,0,0,0,0,0,0,0,0,0,0,0,0,0,-8,5,-9,5,-10,4,-10,4,-11,3,-12,3,-13,2,-13,2,-13,1,-13,0,-13,0,-13,0,-12,0,-12,0,-12,0,-12,1,-12,1,-12,2,-12,2,-12,3,-12,3,-12,3,-12,4,-13,4,-12,5,-13,5]"
2025-08-18 21:59:46.020410,CSI_DATA,1005,1a:00:00:00:00:00,-52,11,0,0,0,0,0,0,0,0,0,-94,0,1,0,170998452,0,31,0,128,0,"[0,0,2,12,3,12,3,12,4,12,4,12,5,12,5,11,6,11,6,11,6,10,7,10,8,10,8,10,9,10,9,10,9,10,9,10,10,11,10,11,9,12,9,12,9,12,8,13,7,13,7,13,6,13,0,0,0,0,0,0,0,0,0,0,0,0,0,0,0,0,0,0,0,0,0,0,3,8,3,9,2,10,1,10,1,11,0,11,-1,12,-2,12,-2,12,-2,12,-3,11,-3,11,-3,11,-2,11,-2,11,-2,11,-1,11,-1,11,0,11,0,12,1,12,1,12,1,12,1,12,2,13,2,12]"
2025-08-18 21:59:46.230186,CSI_DATA,1006,1a:00:00:00:00:00,-52,11,0,0,0,0,0,0,0,0,0,-94,0,1,0,171199609,0,31,0,128,0,"[0,0,-11,-8,-12,-8,-11,-8,-12,-7,-12,-7,-12,-7,-12,-6,-12,-6,-12,-5,-13,-4,-13,-4,-13,-4,-14,-3,-14,-3,-14,-2,-15,-2,-15,-3,-15,-3,-16,-4,-16,-4,-16,-5,-15,-5,-15,-6,-15,-6,-15,-6,-14,-7,0,0,0,0,0,0,0,0,0,0,0,0,0,0,0,0,0,0,0,0,0,0,-9,-5,-9,-5,-9,-7,-9,-7,-9,-8,-9,-9,-8,-10,-8,-10,-8,-11,-7,-11,-7,-11,-6,-11,-6,-11,-7,-11,-7,-10,-7,-10,-7,-9,-8,-9,-8,-9,-9,-9,-9,-9,-10,-9,-10,-9,-11,-9,-11,-9,-11,-9]"
2025-08-18 21:59:46.429480,CSI_DATA,1007,1a:00:00:00:00:00,-52,11,0,0,0,0,0,0,0,0,0,-94,0,1,0,171401001,0,31,0,128,0,"[0,0,-14,0,-14,0,-14,0,-14,1,-14,2,-14,2,-13,2,-13,3,-13,4,-13,4,-13,5,-13,5,-13,5,-13,6,-13,7,-13,7,-14,7,-14,7,-15,7,-15,7,-15,6,-15,6,-16,5,-16,4,-16,3,-16,3,0,0,0,0,0,0,0,0,0,0,0,0,0,0,0,0,0,0,0,0,0,0,-10,2,-10,1,-11,0,-12,0,-13,-1,-13,-2,-13,-3,-13,-3,-13,-4,-13,-4,-12,-5,-12,-5,-12,-5,-12,-5,-12,-4,-12,-4,-12,-3,-12,-3,-12,-2,-13,-2,-13,-2,-13,-1,-14,-1,-14,-1,-14,0,-14,0]"
2025-08-18 21:59:46.623970,CSI_DATA,1008,1a:00:00:00:00:00,-52,11,0,0,0,0,0,0,0,0,0,-94,0,1,0,171602083,0,31,0,128,0,"[0,0,3,13,3,13,4,13,4,12,5,12,5,12,5,12,6,11,6,11,7,10,7,10,8,10,8,10,9,10,9,10,9,11,10,11,10,11,10,11,10,12,9,12,9,13,8,13,8,13,7,13,6,14,0,0,0,0,0,0,0,0,0,0,0,0,0,0,0,0,0,0,0,0,0,0,4,8,4,9,3,10,2,11,2,11,1,12,0,12,-1,12,-1,12,-2,12,-2,12,-2,12,-2,12,-2,12,-2,12,-1,11,-1,12,0,11,0,12,1,12,1,12,2,12,2,12,3,13,2,13,3,13]"
2025-08-18 21:59:46.829784,CSI_DATA,1009,1a:00:00:00:00:00,-52,11,0,0,0,0,0,0,0,0,0,-94,0,1,0,171803232,0,31,0,128,0,"[0,0,4,-13,3,-13,3,-13,3,-13,2,-13,2,-13,2,-13,1,-13,1,-13,0,-13,-1,-14,-2,-14,-2,-14,-2,-14,-2,-14,-2,-15,-2,-15,-2,-16,-2,-16,-1,-16,0,-16,0,-16,0,-16,0,-16,1,-16,2,-16,0,0,0,0,0,0,0,0,0,0,0,0,0,0,0,0,0,0,0,0,0,0,1,-10,2,-10,2,-10,3,-11,4,-11,5,-11,6,-11,7,-11,7,-10,7,-10,7,-10,8,-9,7,-10,7,-10,7,-10,7,-9,6,-10,6,-10,6,-11,5,-11,5,-11,5,-12,5,-12,4,-13,4,-13,4,-13]"
2025-08-18 21:59:46.893467,CSI_DATA,1010,1a:00:00:00:00:00,-52,11,0,0,0,0,0,0,0,0,0,-94,0,1,0,171866106,0,42,0,128,0,"[0,0,2,-14,1,-13,1,-14,1,-13,0,-14,0,-14,-1,-14,-1,-13,-2,-13,-2,-13,-3,-13,-4,-13,-4,-14,-5,-14,-5,-14,-5,-14,-5,-15,-5,-15,-5,-15,-5,-16,-4,-16,-4,-16,-3,-16,-3,-16,-2,-16,-1,-16,0,0,0,0,0,0,0,0,0,0,0,0,0,0,0,0,0,0,0,0,0,0,0,-10,1,-10,1,-11,2,-11,3,-11,4,-12,5,-12,5,-11,6,-11,6,-11,6,-11,6,-10,6,-11,6,-10,6,-10,5,-10,5,-11,4,-11,4,-11,4,-12,3,-12,3,-13,3,-12,2,-13,2,-13,3,-14]"
2025-08-18 21:59:46.966208,CSI_DATA,1011,1a:00:00:00:00:00,-52,11,0,0,0,0,0,0,0,0,0,-94,0,1,0,171940505,0,31,0,128,0,"[0,0,-10,10,-9,10,-9,10,-8,10,-8,11,-8,11,-7,11,-6,11,-6,11,-5,12,-5,12,-4,12,-4,13,-4,13,-4,14,-4,14,-4,14,-4,15,-5,15,-5,15,-5,15,-6,15,-6,14,-7,14,-7,13,-8,13,0,0,0,0,0,0,0,0,0,0,0,0,0,0,0,0,0,0,0,0,0,0,-5,8,-6,8,-7,8,-8,8,-9,7,-10,8,-11,7,-11,7,-12,6,-12,6,-12,5,-12,5,-11,5,-11,5,-11,5,-11,5,-11,6,-10,6,-10,7,-10,7,-10,7,-10,8,-10,9,-9,9,-9,9,-9,10]"
2025-08-18 21:59:47.169260,CSI_DATA,1012,1a:00:00:00:00:00,-52,11,0,0,0,0,0,0,0,0,0,-94,0,1,0,172141571,0,31,0,128,0,"[0,0,2,-14,1,-14,1,-14,1,-14,0,-14,-1,-13,-1,-13,-2,-13,-2,-13,-2,-13,-3,-13,-4,-13,-4,-14,-5,-14,-5,-14,-5,-14,-5,-14,-5,-15,-5,-15,-5,-15,-5,-16,-4,-16,-3,-16,-2,-16,-2,-16,-1,-16,0,0,0,0,0,0,0,0,0,0,0,0,0,0,0,0,0,0,0,0,0,0,0,-10,0,-10,1,-11,2,-11,2,-12,4,-12,4,-12,5,-12,6,-12,6,-11,6,-11,6,-10,6,-11,6,-10,5,-11,5,-11,5,-11,4,-11,4,-11,3,-12,3,-12,3,-13,3,-13,2,-13,2,-13,2,-14]"
2025-08-18 21:59:47.376795,CSI_DATA,1013,1a:00:00:00:00:00,-52,11,0,0,0,0,0,0,0,0,0,-94,0,1,0,172342716,0,31,0,128,0,"[0,0,-8,11,-7,11,-8,11,-7,11,-6,11,-6,11,-6,11,-5,12,-5,11,-4,12,-3,12,-3,12,-3,13,-2,14,-2,13,-3,14,-2,14,-2,15,-3,15,-4,15,-4,15,-4,15,-5,14,-5,14,-6,14,-7,14,0,0,0,0,0,0,0,0,0,0,0,0,0,0,0,0,0,0,0,0,0,0,-4,8,-5,9,-6,8,-7,9,-7,8,-9,9,-9,8,-10,8,-10,7,-10,7,-11,6,-11,6,-10,6,-10,6,-10,6,-10,6,-10,7,-9,7,-9,8,-9,8,-8,8,-9,9,-8,9,-8,10,-8,10,-8,10]"
2025-08-18 21:59:47.569156,CSI_DATA,1014,1a:00:00:00:00:00,-52,11,0,0,0,0,0,0,0,0,0,-94,0,1,0,172544116,0,31,0,128,0,"[0,0,13,-4,12,-4,13,-4,12,-5,13,-5,12,-5,11,-6,11,-6,11,-7,10,-8,11,-8,10,-9,10,-9,11,-10,10,-10,11,-11,10,-10,11,-11,12,-11,12,-10,13,-10,13,-10,13,-9,13,-9,13,-8,14,-7,0,0,0,0,0,0,0,0,0,0,0,0,0,0,0,0,0,0,0,0,0,0,8,-4,10,-4,10,-3,11,-2,11,-2,12,-1,12,0,12,0,12,1,12,2,12,2,12,2,12,2,11,1,12,1,11,1,12,0,11,0,12,-1,12,-1,12,-1,12,-2,12,-2,12,-3,13,-3,13,-3]"
2025-08-18 21:59:47.763579,CSI_DATA,1015,1a:00:00:00:00:00,-52,11,0,0,0,0,0,0,0,0,0,-94,0,1,0,172745206,0,31,0,128,0,"[0,0,8,9,8,9,8,8,9,8,9,8,9,8,9,7,10,7,10,6,10,5,11,5,11,5,11,5,12,4,13,4,13,4,13,4,13,4,13,5,13,6,13,6,13,6,12,7,12,7,12,7,11,8,0,0,0,0,0,0,0,0,0,0,0,0,0,0,0,0,0,0,0,0,0,0,7,5,6,6,7,7,6,8,6,9,6,9,5,10,5,10,4,11,4,11,3,11,3,11,3,11,4,10,3,10,4,10,4,9,5,9,5,9,6,9,6,9,7,9,7,9,7,9,8,9,8,9]"
2025-08-18 21:59:47.971534,CSI_DATA,1016,1a:00:00:00:00:00,-52,11,0,0,0,0,0,0,0,0,0,-94,0,1,0,172946321,0,31,0,128,0,"[0,0,11,-5,11,-5,11,-6,10,-6,10,-7,10,-7,10,-7,9,-8,9,-8,8,-9,8,-9,8,-9,8,-10,8,-10,8,-11,8,-11,8,-11,9,-11,10,-11,10,-11,10,-11,10,-10,10,-10,11,-10,11,-9,12,-8,0,0,0,0,0,0,0,0,0,0,0,0,0,0,0,0,0,0,0,0,0,0,7,-6,8,-5,8,-5,9,-4,10,-4,11,-3,11,-2,11,-2,11,-2,11,-1,11,-1,11,-1,11,-1,10,-1,11,-1,10,-1,10,-2,10,-2,10,-3,10,-3,10,-3,11,-4,11,-4,11,-4,11,-5,11,-5]"
2025-08-18 21:59:48.167841,CSI_DATA,1017,1a:00:00:00:00:00,-52,11,0,0,0,0,0,0,0,0,0,-94,0,1,0,173147483,0,31,0,128,0,"[0,0,12,4,12,4,12,4,12,3,12,3,12,3,12,2,12,2,12,1,12,0,12,-1,13,-1,13,-2,13,-2,13,-2,14,-2,14,-2,15,-2,15,-2,15,-1,15,-1,15,0,15,0,15,1,15,1,15,2,0,0,0,0,0,0,0,0,0,0,0,0,0,0,0,0,0,0,0,0,0,0,9,1,9,2,10,3,10,4,10,5,10,5,10,7,9,7,9,8,9,8,9,8,8,8,8,8,9,8,8,7,8,7,8,7,9,6,9,6,10,6,10,6,11,6,11,5,12,5,12,5,12,4]"
2025-08-18 21:59:48.371586,CSI_DATA,1018,1a:00:00:00:00:00,-52,11,0,0,0,0,0,0,0,0,0,-94,0,1,0,173348707,0,31,0,128,0,"[0,0,-5,12,-4,12,-4,12,-4,12,-3,12,-3,12,-2,12,-2,12,-1,12,0,12,0,12,1,12,1,12,2,13,1,13,2,13,2,13,1,14,1,14,1,15,0,15,0,15,-1,14,-1,14,-2,14,-2,14,0,0,0,0,0,0,0,0,0,0,0,0,0,0,0,0,0,0,0,0,0,0,-2,8,-3,9,19,5,-5,10,-5,9,-6,10,-7,10,-8,9,-8,9,-8,9,-8,9,-8,8,-8,8,-8,8,-8,8,-7,8,-7,9,-7,9,-6,9,-6,10,-6,10,-6,10,-5,11,-5,11,-5,11,-5,12]"
2025-08-18 21:59:48.437270,CSI_DATA,1019,1a:00:00:00:00:00,-52,11,0,0,0,0,0,0,0,0,0,-94,0,1,0,173409461,0,42,0,128,0,"[0,0,-14,3,-13,4,-14,4,-13,4,-13,5,-13,5,-12,5,-12,6,-12,6,-11,7,-11,8,-10,8,-11,9,-11,9,-11,9,-11,10,-11,10,-12,10,-13,10,-13,10,-13,10,-14,9,-13,8,-14,8,-14,8,-15,7,0,0,0,0,0,0,0,0,0,0,0,0,0,0,0,0,0,0,0,0,0,0,-9,4,-10,3,-11,3,-12,2,-12,1,-13,1,-13,0,-14,-1,-13,-1,-13,-2,-13,-2,-13,-2,-13,-2,-13,-2,-13,-2,-12,-1,-13,-1,-12,0,-13,0,-13,0,-13,1,-13,1,-13,2,-13,2,-14,3,-14,3]"
2025-08-18 21:59:48.495227,CSI_DATA,1020,1a:00:00:00:00:00,-52,11,0,0,0,0,0,0,0,0,0,-94,0,1,0,173467116,0,31,0,128,0,"[0,0,1,-14,0,-14,0,-14,0,-14,-1,-14,-1,-13,-2,-13,-2,-13,-3,-13,-3,-13,-4,-13,-5,-13,-5,-13,-6,-13,-5,-14,-6,-14,-6,-14,-6,-15,-5,-15,-5,-15,-5,-16,-4,-16,-4,-16,-3,-16,-2,-15,-2,-15,0,0,0,0,0,0,0,0,0,0,0,0,0,0,0,0,0,0,0,0,0,0,-2,-10,-1,-10,-1,-11,0,-12,1,-12,2,-12,3,-12,4,-12,4,-12,4,-12,5,-12,5,-11,5,-12,4,-11,4,-11,4,-11,4,-11,3,-11,3,-12,2,-12,2,-12,2,-13,1,-13,1,-14,1,-14,1,-14]"
2025-08-18 21:59:48.690155,CSI_DATA,1021,1a:00:00:00:00:00,-52,11,0,0,0,0,0,0,0,0,0,-94,0,1,0,173668342,0,31,0,128,0,"[0,0,13,3,12,3,13,2,13,2,13,1,13,1,13,1,13,0,12,-1,13,-2,13,-2,13,-3,13,-3,13,-3,14,-4,14,-4,14,-4,15,-4,15,-4,15,-3,16,-3,15,-2,15,-2,15,-1,15,-1,15,0,0,0,0,0,0,0,0,0,0,0,0,0,0,0,0,0,0,0,0,0,0,0,9,0,10,1,10,2,10,3,10,4,11,5,10,6,10,6,10,7,10,7,10,7,9,7,9,7,9,7,9,7,9,6,9,6,10,5,11,5,10,5,11,5,11,4,12,4,12,4,12,4,13,3]"
2025-08-18 21:59:48.902245,CSI_DATA,1022,1a:00:00:00:00:00,-52,11,0,0,0,0,0,0,0,0,0,-94,0,1,0,173869458,0,31,0,128,0,"[0,0,-11,-9,-11,-8,-11,-8,-11,-8,-12,-7,-12,-7,-12,-6,-12,-6,-12,-5,-13,-5,-13,-5,-13,-4,-13,-4,-14,-4,-14,-3,-15,-3,-15,-3,-15,-3,-16,-4,-16,-4,-15,-5,-15,-5,-15,-6,-15,-7,-14,-7,-14,-8,0,0,0,0,0,0,0,0,0,0,0,0,0,0,0,0,0,0,0,0,0,0,-9,-4,-9,-6,-9,-7,-9,-7,-9,-8,-9,-9,-8,-10,-8,-10,-8,-11,-7,-11,-6,-11,-6,-11,-6,-11,-6,-11,-7,-11,-7,-10,-7,-10,-8,-9,-8,-10,-9,-9,-9,-9,-9,-9,-10,-9,-10,-9,-10,-9,-11,-9]"
2025-08-18 21:59:49.094897,CSI_DATA,1023,1a:00:00:00:00:00,-52,11,0,0,0,0,0,0,0,0,0,-94,0,1,0,174070610,0,31,0,128,0,"[0,0,-6,13,-6,12,-5,13,-4,13,-3,13,-4,12,-3,13,-2,13,-2,13,-1,13,-1,13,0,13,1,13,1,14,1,14,1,14,1,15,1,15,1,15,0,16,0,16,-1,15,-1,16,-1,16,-2,15,-3,15,0,0,0,0,0,0,0,0,0,0,0,0,0,0,0,0,0,0,0,0,0,0,-2,9,-3,9,-4,10,-5,10,-6,10,-7,10,-8,10,-8,10,-9,9,-9,9,-9,9,-9,8,-9,8,-9,8,-9,9,-8,8,-8,9,-7,9,-8,10,-7,10,-7,11,-7,11,-6,11,-6,12,-6,12,-6,12]"
2025-08-18 21:59:49.296471,CSI_DATA,1024,1a:00:00:00:00:00,-52,11,0,0,0,0,0,0,0,0,0,-94,0,1,0,174271748,0,31,0,128,0,"[0,0,7,-11,6,-12,6,-12,6,-12,5,-12,5,-12,4,-12,4,-13,4,-13,3,-13,3,-13,1,-13,1,-14,1,-14,1,-15,1,-15,1,-15,1,-15,1,-16,2,-16,2,-16,2,-16,3,-16,4,-15,4,-15,5,-15,0,0,0,0,0,0,0,0,0,0,0,0,0,0,0,0,0,0,0,0,0,0,4,-9,4,-9,5,-9,6,-9,7,-9,8,-9,9,-8,9,-8,10,-8,10,-7,10,-7,10,-7,10,-7,9,-7,9,-7,9,-7,9,-8,8,-8,8,-9,8,-9,8,-9,8,-10,8,-11,7,-11,7,-11,7,-11]"
2025-08-18 21:59:49.492310,CSI_DATA,1025,1a:00:00:00:00:00,-52,11,0,0,0,0,0,0,0,0,0,-94,0,1,0,174473029,0,31,0,128,0,"[0,0,10,9,9,9,10,9,10,8,10,8,10,8,10,7,11,6,11,6,11,5,12,5,12,4,13,4,13,4,13,4,14,4,14,4,14,4,14,5,14,5,14,6,14,7,14,7,13,7,13,7,13,8,0,0,0,0,0,0,0,0,0,0,0,0,0,0,0,0,0,0,0,0,0,0,8,4,8,5,8,7,8,7,8,8,7,9,7,10,6,10,6,11,5,11,5,11,5,11,5,11,5,10,5,11,5,10,5,10,6,9,6,10,7,9,7,9,8,9,8,9,9,9,9,9,9,9]"
2025-08-18 21:59:49.701940,CSI_DATA,1026,1a:00:00:00:00:00,-52,11,0,0,0,0,0,0,0,0,0,-94,0,1,0,174674153,0,31,0,128,0,"[0,0,-14,0,-13,0,-14,0,-13,1,-14,2,-13,2,-13,2,-13,3,-13,3,-12,4,-12,5,-12,5,-12,6,-13,6,-13,7,-13,7,-13,7,-14,7,-14,7,-14,7,-15,6,-15,6,-15,5,-15,5,-15,4,-15,3,0,0,0,0,0,0,0,0,0,0,0,0,0,0,0,0,0,0,0,0,0,0,-10,2,-11,1,-11,0,-12,-1,-12,-1,-13,-2,-13,-3,-13,-3,-13,-4,-12,-5,-12,-5,-12,-5,-12,-5,-12,-5,-12,-4,-11,-4,-12,-3,-12,-3,-12,-3,-14,-2,-11,-2,-12,-2,-13,0,-13,-1,-14,0,-14,0]"
2025-08-18 21:59:49.902164,CSI_DATA,1027,1a:00:00:00:00:00,-52,11,0,0,0,0,0,0,0,0,0,-94,0,1,0,174875498,0,31,0,128,0,"[0,0,12,-6,11,-6,11,-7,11,-7,10,-7,10,-7,9,-8,9,-8,9,-8,8,-9,9,-10,8,-10,8,-10,8,-11,8,-11,8,-12,8,-12,9,-12,9,-12,10,-12,10,-12,10,-12,10,-11,11,-10,11,-10,12,-9,0,0,0,0,0,0,0,0,0,0,0,0,0,0,0,0,0,0,0,0,0,0,7,-6,8,-5,9,-5,10,-4,10,-4,11,-4,11,-3,12,-2,12,-2,11,-1,12,-1,11,-1,11,-1,11,-1,10,-1,11,-2,11,-2,10,-3,11,-3,11,-4,10,-4,11,-4,11,-5,11,-5,11,-5,12,-5]"
2025-08-18 21:59:49.970434,CSI_DATA,1028,1a:00:00:00:00:00,-52,11,0,0,0,0,0,0,0,0,0,-94,0,1,0,174938429,0,42,0,128,0,"[0,0,-6,-13,-6,-13,-6,-13,-7,-12,-7,-12,-8,-12,-8,-12,-9,-11,-9,-10,-9,-10,-10,-10,-10,-10,-10,-10,-12,-10,-11,-10,-12,-10,-13,-10,-12,-11,-13,-10,-12,-11,-12,-11,-11,-12,-11,-12,-10,-13,-10,-13,-9,-14,0,0,0,0,0,0,0,0,0,0,0,0,0,0,0,0,0,0,0,0,0,0,-6,-8,-6,-9,-5,-10,-5,-11,-4,-11,-4,-12,-3,-13,-2,-13,-2,-13,-1,-13,-1,-13,-1,-13,-1,-13,-1,-13,-1,-13,-1,-12,-2,-12,-2,-12,-3,-13,-3,-12,-4,-12,-5,-13,-4,-12,-5,-13,-6,-13,-6,-13]"
2025-08-18 21:59:50.034807,CSI_DATA,1029,1a:00:00:00:00:00,-52,11,0,0,0,0,0,0,0,0,0,-94,0,1,0,175003243,0,31,0,128,0,"[0,0,-8,-12,-9,-12,-9,-11,-9,-11,-9,-10,-10,-10,-10,-10,-10,-9,-11,-9,-11,-8,-11,-8,-12,-8,-12,-7,-13,-7,-14,-7,-14,-7,-14,-8,-14,-7,-14,-8,-15,-8,-14,-9,-14,-9,-14,-10,-13,-10,-12,-11,-12,-11,0,0,0,0,0,0,0,0,0,0,0,0,0,0,0,0,0,0,0,0,0,0,-7,-7,-7,-8,-7,-10,-6,-10,-6,-11,-6,-12,-5,-12,-5,-13,-4,-13,-4,-13,-3,-13,-3,-13,-3,-13,-3,-12,-3,-12,-4,-12,-4,-12,-5,-12,-5,-12,-6,-12,-6,-12,-7,-12,-7,-12,-8,-12,-8,-12,-8,-12]"
2025-08-18 21:59:50.229198,CSI_DATA,1030,1a:00:00:00:00:00,-52,11,0,0,0,0,0,0,0,0,0,-94,0,1,0,175204316,0,31,0,128,0,"[0,0,7,-11,7,-12,6,-12,7,-12,6,-12,6,-12,5,-12,4,-13,4,-13,3,-13,3,-13,2,-14,2,-14,1,-14,1,-15,1,-15,1,-16,2,-16,2,-16,2,-16,3,-16,3,-16,4,-16,4,-16,5,-15,6,-15,0,0,0,0,0,0,0,0,0,0,0,0,0,0,0,0,0,0,0,0,0,0,4,-9,5,-9,6,-10,6,-9,7,-10,8,-9,9,-9,10,-8,10,-8,10,-8,10,-7,10,-7,10,-7,10,-7,9,-7,9,-7,9,-8,9,-8,8,-9,8,-9,8,-9,8,-10,8,-11,8,-11,8,-11,8,-11]"
2025-08-18 21:59:50.444360,CSI_DATA,1031,1a:00:00:00:00:00,-52,11,0,0,0,0,0,0,0,0,0,-94,0,1,0,175405482,0,31,0,128,0,"[0,0,-8,11,-8,11,-7,11,-7,11,-7,11,-6,11,-6,11,-5,12,-5,12,-4,12,-4,12,-3,12,-3,13,-2,13,-2,13,-2,14,-3,14,-3,15,-3,15,-4,15,-4,15,-4,15,-5,14,-5,14,-6,14,-7,14,0,0,0,0,0,0,0,0,0,0,0,0,0,0,0,0,0,0,0,0,0,0,-4,8,-5,8,-6,8,-7,8,-8,8,-9,8,-10,8,-10,8,-11,7,-11,7,-11,6,-11,6,-10,6,-10,6,-10,6,-10,6,-10,7,-9,7,-9,8,-9,8,-9,9,-9,9,-8,9,-8,10,-8,10,-8,10]"
2025-08-18 21:59:50.638279,CSI_DATA,1032,1a:00:00:00:00:00,-52,11,0,0,0,0,0,0,0,0,0,-94,0,1,0,175606723,0,31,0,128,0,"[0,0,-7,-12,-7,-12,-8,-12,-8,-11,-8,-11,-9,-10,-9,-10,-9,-10,-9,-9,-10,-9,-11,-9,-11,-8,-12,-8,-12,-8,-12,-8,-13,-8,-13,-8,-13,-9,-14,-9,-13,-9,-13,-9,-13,-10,-12,-10,-12,-11,-12,-11,-11,-12,0,0,0,0,0,0,0,0,0,0,0,0,0,0,0,0,0,0,0,0,0,0,-6,-8,-6,-9,-5,-10,-5,-12,-5,-11,-4,-12,-4,-12,-3,-13,-3,-13,-2,-13,-2,-13,-2,-13,-2,-13,-2,-12,-2,-12,-2,-12,-3,-12,-3,-12,-4,-12,-5,-12,-5,-12,-5,-12,-6,-12,-7,-12,-7,-12,-7,-12]"
2025-08-18 21:59:50.827542,CSI_DATA,1033,1a:00:00:00:00:00,-52,11,0,0,0,0,0,0,0,0,0,-94,0,1,0,175801865,0,28,0,128,0,"[0,0,-10,8,-10,8,-10,7,-10,8,-10,8,-9,8,-9,8,-9,9,-9,9,-8,9,-8,9,-8,10,-8,10,-8,10,-8,11,-8,11,-9,11,-9,11,-10,11,-10,11,-11,11,-11,10,-12,10,-12,9,-13,8,-13,7,0,0,0,0,0,0,0,0,0,0,0,0,0,0,0,0,0,0,0,0,0,0,-5,9,-5,6,-1,2,-14,8,-9,18,-7,7,-13,12,-9,7,-11,6,-11,6,-11,5,-11,5,-11,5,-10,4,-10,5,-11,5,-10,5,-10,6,-10,6,-10,6,-10,6,-10,6,-10,7,-10,7,-10,8,-10,8]"
2025-08-18 21:59:50.869468,CSI_DATA,1034,1a:00:00:00:00:00,-52,11,0,0,0,0,0,0,0,0,0,-94,0,1,0,175807831,0,31,0,128,0,"[0,0,-1,-13,-2,-14,-2,-13,-2,-14,-3,-13,-3,-13,-4,-13,-5,-13,-5,-13,-6,-13,-6,-13,-7,-12,-7,-12,-7,-12,-8,-13,-8,-12,-9,-14,-8,-13,-9,-14,-8,-14,-8,-14,-7,-14,-7,-15,-6,-15,-5,-15,-5,-15,0,0,0,0,0,0,0,0,0,0,0,0,0,0,0,0,0,0,0,0,0,0,-2,-10,-2,-10,-1,-11,0,-11,0,-13,1,-12,2,-13,3,-12,3,-13,4,-13,4,-12,4,-12,4,-12,3,-12,3,-11,3,-12,2,-11,2,-12,1,-12,1,-13,0,-12,0,-13,0,-14,0,-14,0,-13,0,-13]"
2025-08-18 21:59:51.034998,CSI_DATA,1035,1a:00:00:00:00:00,-52,11,0,0,0,0,0,0,0,0,0,-94,0,1,0,176009230,0,31,0,128,0,"[0,0,6,-13,5,-13,5,-13,5,-13,4,-14,4,-14,3,-14,3,-14,2,-14,1,-14,1,-14,0,-15,0,-15,-1,-15,-1,-16,-1,-16,-1,-16,-2,-17,-1,-17,1,-18,1,-18,1,-17,1,-17,2,-17,3,-16,3,-16,0,0,0,0,0,0,0,0,0,0,0,0,0,0,0,0,0,0,0,0,0,0,3,-10,4,-10,4,-11,5,-11,6,-11,8,-10,8,-10,9,-10,9,-10,10,-9,10,-9,10,-8,9,-9,9,-8,9,-9,9,-9,8,-9,8,-10,7,-10,7,-11,7,-11,7,-12,7,-12,6,-12,7,-13,7,-13]"
2025-08-18 21:59:51.234106,CSI_DATA,1036,1a:00:00:00:00:00,-52,11,0,0,0,0,0,0,0,0,0,-94,0,1,0,176210284,0,31,0,128,0,"[0,0,14,0,13,0,13,0,13,-1,13,-1,13,-2,13,-2,13,-3,12,-4,12,-4,12,-4,12,-5,12,-5,13,-6,13,-6,13,-7,13,-7,14,-7,14,-7,15,-6,15,-6,15,-5,15,-4,15,-4,15,-3,15,-2,0,0,0,0,0,0,0,0,0,0,0,0,0,0,0,0,0,0,0,0,0,0,9,-2,10,-1,10,0,11,0,11,1,12,2,12,3,12,3,12,4,11,5,11,5,10,5,10,5,10,5,10,5,10,4,11,4,11,3,11,3,12,2,12,2,12,1,12,1,13,1,13,1,13,1]"
2025-08-18 21:59:51.441996,CSI_DATA,1037,1a:00:00:00:00:00,-52,11,0,0,0,0,0,0,0,0,0,-94,0,1,0,176411474,0,31,0,128,0,"[0,0,1,-14,0,-14,0,-14,-1,-14,-1,-14,-1,-14,-2,-14,-3,-14,-3,-13,-4,-14,-4,-13,-5,-14,-5,-14,-6,-14,-6,-14,-6,-14,-6,-15,-6,-15,-6,-15,-6,-16,-5,-16,-5,-16,-4,-16,-3,-16,-3,-16,-2,-16,0,0,0,0,0,0,0,0,0,0,0,0,0,0,0,0,0,0,0,0,0,0,-2,-10,-1,-10,0,-11,0,-12,1,-12,2,-12,3,-13,4,-12,4,-12,5,-12,5,-12,6,-11,5,-12,5,-11,4,-11,4,-11,4,-11,3,-12,2,-12,2,-12,1,-13,1,-14,2,-14,1,-14,1,-14,1,-14]"
2025-08-18 21:59:51.501576,CSI_DATA,1038,1a:00:00:00:00:00,-52,11,0,0,0,0,0,0,0,0,0,-94,0,1,0,176474093,0,42,0,128,0,"[0,0,-14,1,-14,1,-14,1,-14,1,-14,2,-13,2,-13,2,-13,3,-13,4,-13,4,-13,5,-12,6,-13,6,-13,7,-13,7,-14,7,-13,7,-14,7,-15,7,-15,7,-15,6,-15,6,-15,5,-15,5,-15,4,-16,3,0,0,0,0,0,0,0,0,0,0,0,0,0,0,0,0,0,0,0,0,0,0,-10,2,-11,2,-11,1,-12,0,-12,-1,-13,-2,-13,-2,-13,-3,-13,-4,-12,-4,-13,-4,-12,-5,-12,-5,-12,-4,-12,-4,-12,-4,-12,-3,-12,-3,-12,-2,-12,-2,-13,-2,-13,-1,-13,-1,-14,0,-14,0,-14,0]"
2025-08-18 21:59:51.564453,CSI_DATA,1039,1a:00:00:00:00:00,-52,11,0,0,0,0,0,0,0,0,0,-94,0,1,0,176539138,0,31,0,128,0,"[0,0,-7,11,-7,11,-7,11,-7,12,-6,12,-5,12,-5,12,-4,12,-4,12,-4,12,-4,13,-2,13,-3,13,-2,13,-2,14,-1,14,-1,15,-2,15,-2,16,-2,16,-3,15,-3,15,-4,15,-5,15,-6,14,-6,14,0,0,0,0,0,0,0,0,0,0,0,0,0,0,0,0,0,0,0,0,0,0,-5,8,-5,8,-6,9,-7,8,-8,9,-9,8,-10,8,-10,8,-11,7,-11,7,-11,7,-11,6,-11,6,-10,6,-10,6,-10,7,-9,7,-10,8,-9,8,-9,9,-8,9,-8,9,-8,10,-8,10,-8,10,-8,11]"
2025-08-18 21:59:51.771566,CSI_DATA,1040,1a:00:00:00:00:00,-52,11,0,0,0,0,0,0,0,0,0,-94,0,1,0,176740245,0,31,0,128,0,"[0,0,-12,7,-12,7,-12,7,-11,7,-11,8,-11,8,-10,8,-10,9,-9,9,-9,10,-9,10,-8,11,-8,11,-8,11,-8,12,-8,12,-8,13,-9,13,-9,13,-9,13,-10,13,-10,12,-11,12,-11,12,-11,11,-12,10,0,0,0,0,0,0,0,0,0,0,0,0,0,0,0,0,0,0,0,0,0,0,-8,6,-9,5,-10,5,-10,4,-11,4,-12,3,-13,3,-13,2,-13,2,-13,1,-13,1,-13,1,-13,1,-12,1,-12,1,-12,1,-12,2,-12,3,-12,3,-12,3,-12,4,-12,5,-12,5,-12,6,-12,6,-12,6]"
2025-08-18 21:59:51.967407,CSI_DATA,1041,1a:00:00:00:00:00,-52,11,0,0,0,0,0,0,0,0,0,-94,0,1,0,176941357,0,31,0,128,0,"[0,0,-13,5,-13,5,-12,5,-12,6,-12,6,-12,6,-11,6,-11,7,-11,7,-10,8,-10,9,-9,9,-10,10,-9,10,-10,10,-10,11,-10,11,-11,11,-11,11,-12,11,-12,10,-12,10,-12,10,-12,9,-13,9,-13,8,0,0,0,0,0,0,0,0,0,0,0,0,0,0,0,0,0,0,0,0,0,0,-8,5,-9,5,-10,4,-11,3,-11,3,-12,2,-13,2,-13,1,-13,1,-13,0,-13,0,-12,0,-12,0,-12,0,-12,0,-12,0,-12,1,-12,1,-12,2,-12,2,-12,2,-12,3,-13,4,-13,4,-13,4,-13,5]"
2025-08-18 21:59:52.168562,CSI_DATA,1042,1a:00:00:00:00:00,-52,11,0,0,0,0,0,0,0,0,0,-94,0,1,0,177142654,0,31,0,128,0,"[0,0,-12,6,-11,6,-11,6,-11,6,-11,7,-10,7,-10,7,-10,7,-9,8,-9,8,-9,9,-8,9,-8,10,-8,10,-8,10,-9,11,-8,11,-9,11,-10,11,-10,11,-11,10,-11,10,-11,9,-11,9,-11,9,-12,8,0,0,0,0,0,0,0,0,0,0,0,0,0,0,0,0,0,0,0,0,0,0,-7,5,-8,5,-9,5,-10,4,-10,4,-11,4,-12,3,-12,2,-12,2,-12,1,-12,1,-12,1,-12,1,-11,1,-12,1,-11,1,-11,2,-11,3,-11,3,-11,3,-11,4,-11,4,-11,5,-11,5,-12,5,-12,6]"
2025-08-18 21:59:52.370803,CSI_DATA,1043,1a:00:00:00:00:00,-52,11,0,0,0,0,0,0,0,0,0,-94,0,1,0,177343855,0,31,0,128,0,"[0,0,-13,5,-13,5,-13,5,-12,5,-12,5,-12,6,-12,6,-11,7,-11,8,-11,8,-10,8,-10,9,-10,9,-10,10,-10,10,-10,11,-10,11,-11,11,-11,11,-12,11,-12,11,-12,10,-12,9,-13,9,-13,8,-13,8,0,0,0,0,0,0,0,0,0,0,0,0,0,0,0,0,0,0,0,0,0,0,-9,4,-9,4,-10,3,-11,3,-12,2,-12,1,-13,1,-13,0,-13,0,-13,-1,-13,-1,-13,-2,-12,-2,-12,-1,-12,-1,-12,0,-12,0,-12,1,-12,1,-12,2,-12,2,-13,3,-13,3,-13,3,-13,4,-13,4]"
2025-08-18 21:59:52.569532,CSI_DATA,1044,1a:00:00:00:00:00,-52,11,0,0,0,0,0,0,0,0,0,-94,0,1,0,177545069,0,31,0,128,0,"[0,0,7,-12,7,-12,6,-12,6,-13,6,-13,5,-13,5,-13,4,-13,4,-13,4,-14,3,-14,2,-14,2,-14,2,-15,2,-15,2,-15,2,-16,2,-16,3,-16,4,-16,4,-16,4,-16,5,-16,5,-15,6,-15,6,-14,0,0,0,0,0,0,0,0,0,0,0,0,0,0,0,0,0,0,0,0,0,0,3,-10,4,-9,5,-10,6,-10,7,-10,8,-9,9,-9,9,-9,10,-9,10,-8,10,-8,10,-7,9,-8,9,-7,9,-7,9,-8,9,-8,8,-9,8,-9,8,-9,8,-10,8,-10,8,-11,7,-11,7,-11,7,-12]"
2025-08-18 21:59:52.775402,CSI_DATA,1045,1a:00:00:00:00:00,-52,11,0,0,0,0,0,0,0,0,0,-94,0,1,0,177746184,0,31,0,128,0,"[0,0,-13,-5,-13,-5,-14,-4,-13,-4,-14,-4,-13,-3,-13,-3,-14,-2,-13,-1,-13,-1,-14,0,-14,0,-14,1,-15,1,-15,1,-15,2,-15,1,-16,1,-16,1,-16,0,-16,0,-16,-1,-16,-1,-16,-2,-15,-2,-16,-3,0,0,0,0,0,0,0,0,0,0,0,0,0,0,0,0,0,0,0,0,0,0,-9,-2,-10,-3,-10,-4,-11,-5,-11,-5,-11,-6,-11,-7,-10,-8,-10,-8,-10,-9,-10,-8,-9,-9,-9,-8,-9,-8,-9,-8,-9,-7,-10,-7,-10,-6,-11,-7,-11,-6,-11,-6,-12,-6,-12,-5,-13,-5,-13,-5,-13,-5]"
2025-08-18 21:59:52.983349,CSI_DATA,1046,1a:00:00:00:00:00,-52,11,0,0,0,0,0,0,0,0,0,-94,0,1,0,177947340,0,31,0,128,0,"[0,0,1,-14,0,-14,0,-14,0,-14,-1,-14,-1,-14,-2,-14,-2,-13,-3,-13,-3,-13,-4,-13,-5,-13,-5,-14,-6,-14,-6,-14,-6,-14,-6,-14,-6,-15,-6,-16,-5,-16,-5,-16,-4,-16,-4,-16,-3,-16,-3,-15,-2,-16,0,0,0,0,0,0,0,0,0,0,0,0,0,0,0,0,0,0,0,0,0,0,-1,-10,0,-11,0,-11,1,-12,2,-11,3,-12,4,-12,5,-12,5,-12,5,-11,6,-11,6,-11,5,-11,5,-11,5,-11,4,-10,4,-11,3,-11,3,-12,3,-12,2,-12,2,-13,2,-13,1,-13,1,-13,1,-14]"
2025-08-18 21:59:53.034890,CSI_DATA,1047,1a:00:00:00:00:00,-52,11,0,0,0,0,0,0,0,0,0,-94,0,1,0,178010070,0,42,0,128,0,"[0,0,7,-12,7,-12,6,-12,6,-12,6,-13,5,-12,5,-13,4,-13,4,-13,4,-14,3,-14,2,-14,2,-14,1,-15,2,-15,1,-15,2,-16,2,-16,3,-17,3,-17,4,-16,4,-16,5,-16,5,-16,6,-15,6,-15,0,0,0,0,0,0,0,0,0,0,0,0,0,0,0,0,0,0,0,0,0,0,4,-10,4,-9,5,-10,6,-9,7,-10,8,-9,9,-9,9,-8,10,-8,10,-7,10,-7,10,-7,10,-7,9,-7,9,-7,9,-7,9,-8,8,-8,8,-9,8,-9,8,-10,8,-10,7,-11,7,-11,7,-11,7,-12]"
2025-08-18 21:59:53.101434,CSI_DATA,1048,1a:00:00:00:00:00,-52,11,0,0,0,0,0,0,0,0,0,-94,0,1,0,178075424,0,31,0,128,0,"[0,0,11,-8,10,-8,10,-9,10,-9,10,-10,9,-9,9,-10,9,-10,8,-11,8,-11,7,-12,7,-13,7,-13,7,-13,6,-14,7,-14,7,-14,8,-15,8,-15,8,-14,9,-14,9,-13,9,-13,9,-13,10,-12,11,-12,0,0,0,0,0,0,0,0,0,0,0,0,0,0,0,0,0,0,0,0,0,0,6,-7,8,-7,8,-6,9,-6,10,-6,11,-6,11,-5,12,-4,12,-4,12,-3,12,-3,12,-3,12,-3,11,-3,11,-3,11,-3,11,-4,10,-5,11,-5,10,-5,11,-6,10,-6,11,-7,11,-7,11,-8,11,-8]"
2025-08-18 21:59:53.314709,CSI_DATA,1049,1a:00:00:00:00:00,-52,11,0,0,0,0,0,0,0,0,0,-94,0,1,0,178276648,0,31,0,128,0,"[0,0,1,-14,0,-14,0,-14,0,-14,-1,-15,-1,-14,-2,-14,-2,-14,-3,-14,-3,-13,-4,-14,-5,-14,-5,-14,-5,-15,-5,-14,-6,-15,-6,-15,-6,-16,-5,-16,-5,-16,-4,-16,-4,-16,-3,-16,-2,-16,-2,-16,-1,-16,0,0,0,0,0,0,0,0,0,0,0,0,0,0,0,0,0,0,0,0,0,0,-2,-10,-1,-11,0,-11,0,-12,1,-12,2,-13,3,-13,4,-13,4,-13,4,-12,5,-12,5,-11,5,-12,5,-12,5,-12,4,-11,4,-12,3,-12,3,-13,2,-12,2,-13,2,-13,1,-13,1,-14,1,-14,1,-15]"
2025-08-18 21:59:53.502509,CSI_DATA,1050,1a:00:00:00:00:00,-52,11,0,0,0,0,0,0,0,0,0,-94,0,1,0,178477863,0,31,0,128,0,"[0,0,-9,11,-8,11,-8,11,-7,11,-7,12,-6,12,-7,12,-5,12,-6,12,-4,12,-4,13,-3,13,-3,13,-3,14,-3,14,-3,15,-3,15,-3,15,-4,15,-4,15,-5,15,-5,15,-5,14,-6,14,-7,14,-8,13,0,0,0,0,0,0,0,0,0,0,0,0,0,0,0,0,0,0,0,0,0,0,-4,9,-5,9,-6,9,-7,9,-8,9,-9,8,-10,8,-10,8,-11,7,-11,7,-11,7,-11,6,-10,7,-10,6,-10,7,-10,7,-10,7,-9,8,-9,8,-9,8,-9,9,-9,9,-8,10,-8,11,-9,11,-8,11]"
2025-08-18 21:59:53.702411,CSI_DATA,1051,1a:00:00:00:00:00,-52,11,0,0,0,0,0,0,0,0,0,-94,0,1,0,178678967,0,31,0,128,0,"[0,0,-1,14,0,13,0,13,0,13,1,13,1,13,1,13,2,13,3,12,3,12,4,12,5,12,5,12,6,13,6,13,6,13,6,13,6,14,6,14,6,14,5,15,4,15,4,14,4,15,3,15,2,15,0,0,0,0,0,0,0,0,0,0,0,0,0,0,0,0,0,0,0,0,0,0,1,9,0,10,-1,10,-1,11,-2,11,-3,12,-4,12,-5,12,-5,11,-6,11,-6,11,-6,11,-6,11,-5,11,-5,11,-5,11,-4,11,-4,11,-4,11,-3,12,-3,12,-2,12,-2,13,-1,13,-1,13,-1,14]"
2025-08-18 21:59:53.907285,CSI_DATA,1052,1a:00:00:00:00:00,-52,11,0,0,0,0,0,0,0,0,0,-94,0,1,0,178880098,0,31,0,128,0,"[0,0,-14,4,-13,3,-13,4,-13,4,-13,4,-13,5,-12,5,-12,6,-12,6,-11,7,-11,7,-11,8,-11,8,-11,9,-11,9,-12,9,-11,9,-12,10,-13,10,-13,9,-13,9,-13,8,-13,8,-14,7,-14,6,-14,6,0,0,0,0,0,0,0,0,0,0,0,0,0,0,0,0,0,0,0,0,0,0,-9,4,-10,3,-10,3,-11,2,-12,2,-13,1,-13,0,-13,0,-13,-1,-13,-1,-13,-2,-13,-2,-12,-2,-12,-2,-12,-1,-12,-1,-12,-1,-12,0,-12,0,-13,1,-13,2,-13,2,-13,2,-13,2,-13,3,-14,3]"
2025-08-18 21:59:54.108720,CSI_DATA,1053,1a:00:00:00:00:00,-52,11,0,0,0,0,0,0,0,0,0,-94,0,1,0,179081274,0,31,0,128,0,"[0,0,3,-14,2,-14,2,-14,2,-14,1,-14,1,-14,0,-14,0,-14,0,-14,-1,-14,-2,-14,-3,-14,-3,-14,-3,-14,-3,-15,-4,-15,-4,-16,-3,-16,-3,-16,-3,-16,-2,-17,-2,-17,-1,-16,-1,-16,0,-16,1,-16,0,0,0,0,0,0,0,0,0,0,0,0,0,0,0,0,0,0,0,0,0,0,0,-10,0,-11,1,-11,2,-11,3,-12,4,-12,5,-12,5,-12,6,-12,6,-12,6,-11,7,-11,6,-11,6,-11,6,-10,6,-11,5,-11,5,-11,4,-12,4,-12,4,-12,3,-13,3,-13,3,-14,3,-14,3,-14]"
2025-08-18 21:59:54.311980,CSI_DATA,1054,1a:00:00:00:00:00,-52,11,0,0,0,0,0,0,0,0,0,-94,0,1,0,179282430,0,31,0,128,0,"[0,0,-2,-14,-3,-14,-3,-14,-3,-13,-4,-14,-5,-13,-5,-13,-5,-13,-6,-12,-6,-12,-6,-12,-7,-12,-8,-12,-8,-12,-8,-12,-9,-13,-9,-13,-9,-13,-9,-14,-8,-14,-8,-14,-8,-15,-7,-15,-6,-15,-5,-15,-5,-15,0,0,0,0,0,0,0,0,0,0,0,0,0,0,0,0,0,0,0,0,0,0,-4,-9,-3,-10,-3,-11,-2,-12,-2,-12,-1,-13,0,-13,1,-13,1,-13,2,-13,2,-12,2,-12,2,-12,2,-12,2,-12,2,-12,1,-12,0,-12,0,-13,-1,-13,-1,-13,-1,-13,-2,-13,-2,-13,-2,-14,-2,-14]"
2025-08-18 21:59:54.510586,CSI_DATA,1055,1a:00:00:00:00:00,-52,11,0,0,0,0,0,0,0,0,0,-94,0,1,0,179483781,0,31,0,128,0,"[0,0,0,14,0,13,0,14,1,13,1,13,2,13,2,13,3,13,3,12,3,12,4,12,5,12,5,12,5,13,6,13,6,13,6,13,6,14,6,14,5,15,5,15,4,15,4,15,3,15,2,15,1,15,0,0,0,0,0,0,0,0,0,0,0,0,0,0,0,0,0,0,0,0,0,0,2,9,1,10,0,10,0,11,-1,11,-2,12,-3,12,-4,12,-4,12,-5,11,-5,11,-6,11,-5,11,-5,11,-4,11,-4,11,-4,11,-3,11,-3,12,-2,12,-2,12,-1,13,-1,12,-1,13,-1,13,0,13]"
2025-08-18 21:59:54.565349,CSI_DATA,1056,1a:00:00:00:00:00,-52,11,0,0,0,0,0,0,0,0,0,-94,0,1,0,179546061,0,42,0,128,0,"[0,0,9,10,9,9,9,9,10,9,10,8,10,8,10,8,11,7,11,7,11,6,11,6,12,5,12,5,13,5,13,5,13,5,14,6,14,5,14,6,14,6,14,7,13,7,13,8,13,9,12,9,11,10,0,0,0,0,0,0,0,0,0,0,0,0,0,0,0,0,0,0,0,0,0,0,8,4,8,5,8,7,8,7,8,8,7,9,6,10,6,10,6,11,5,11,5,11,4,11,4,11,5,11,5,11,5,10,5,10,6,9,6,10,7,10,7,10,8,10,8,10,8,10,9,10,9,9]"
2025-08-18 21:59:54.640648,CSI_DATA,1057,1a:00:00:00:00:00,-52,11,0,0,0,0,0,0,0,0,0,-94,0,1,0,179613582,0,31,0,128,0,"[0,0,3,-13,3,-13,2,-13,2,-13,1,-13,1,-14,0,-14,0,-13,-1,-13,-2,-13,-1,-13,-2,-13,-3,-14,-3,-14,-3,-14,-3,-14,-3,-15,-3,-15,-3,-15,-3,-16,-2,-16,-2,-15,-1,-15,0,-15,0,-15,1,-15,0,0,0,0,0,0,0,0,0,0,0,0,0,0,0,0,0,0,0,0,0,0,0,-10,1,-10,2,-10,3,-11,4,-11,5,-11,6,-11,6,-11,6,-10,7,-10,7,-10,7,-9,7,-10,7,-10,6,-10,6,-9,5,-10,5,-10,5,-11,5,-11,4,-12,4,-12,4,-12,3,-13,3,-13,3,-13]"
2025-08-18 21:59:54.839411,CSI_DATA,1058,1a:00:00:00:00:00,-52,11,0,0,0,0,0,0,0,0,0,-94,0,1,0,179814658,0,31,0,128,0,"[0,0,-9,10,-8,10,-8,10,-8,11,-7,11,-7,11,-7,11,-6,11,-6,11,-5,12,-5,12,-4,12,-4,13,-3,13,-4,14,-4,14,-3,14,-4,15,-4,15,-5,15,-5,14,-6,14,-6,14,-6,14,-7,13,-8,13,0,0,0,0,0,0,0,0,0,0,0,0,0,0,0,0,0,0,0,0,0,0,-5,8,-6,8,-7,8,-8,8,-8,8,-10,8,-10,7,-11,7,-11,6,-11,6,-11,6,-11,5,-11,5,-11,6,-10,6,-10,6,-10,6,-9,7,-9,7,-9,8,-9,8,-9,8,-9,9,-9,10,-9,10,-9,10]"
2025-08-18 21:59:55.053957,CSI_DATA,1059,1a:00:00:00:00:00,-52,11,0,0,0,0,0,0,0,0,0,-94,0,1,0,180015834,0,31,0,128,0,"[0,0,-10,9,-9,9,-9,9,-9,9,-8,9,-8,10,-8,10,-7,10,-7,11,-7,11,-6,11,-6,11,-6,12,-5,12,-5,13,-5,13,-6,13,-6,13,-6,13,-7,14,-7,13,-7,13,-8,13,-9,12,-9,11,-10,11,0,0,0,0,0,0,0,0,0,0,0,0,0,0,0,0,0,0,0,0,0,0,-6,7,-7,7,-7,7,-8,6,-9,6,-10,6,-11,6,-11,5,-11,5,-12,4,-12,4,-12,3,-11,4,-11,4,-11,4,-11,4,-10,4,-10,5,-10,6,-10,6,-10,7,-9,7,-10,8,-10,8,-10,8,-10,8]"
2025-08-18 21:59:55.242060,CSI_DATA,1060,1a:00:00:00:00:00,-52,11,0,0,0,0,0,0,0,0,0,-94,0,1,0,180216956,0,31,0,128,0,"[0,0,-8,12,-7,11,-7,11,-6,12,-6,12,-6,12,-5,12,-4,12,-5,13,-3,12,-3,13,-2,13,-2,13,-2,14,-2,14,-2,15,-2,14,-2,16,-3,16,-3,16,-4,16,-4,16,-4,15,-5,15,-5,15,-6,14,0,0,0,0,0,0,0,0,0,0,0,0,0,0,0,0,0,0,0,0,0,0,-4,8,-5,9,-5,9,-7,9,-7,9,-9,9,-9,9,-10,8,-10,8,-10,7,-11,7,-11,7,-10,7,-10,7,-10,7,-9,7,-10,8,-9,8,-9,9,-9,9,-8,9,-8,10,-8,10,-7,11,-7,11,-8,12]"
2025-08-18 21:59:55.442400,CSI_DATA,1061,1a:00:00:00:00:00,-52,11,0,0,0,0,0,0,0,0,0,-94,0,1,0,180418180,0,31,0,128,0,"[0,0,7,-12,6,-12,6,-12,6,-12,5,-13,5,-13,4,-13,3,-13,3,-13,2,-13,2,-14,1,-14,1,-14,1,-15,1,-15,1,-16,1,-16,1,-16,1,-17,2,-17,2,-16,3,-16,3,-16,4,-16,4,-15,5,-15,0,0,0,0,0,0,0,0,0,0,0,0,0,0,0,0,0,0,0,0,0,0,3,-9,4,-10,5,-9,6,-10,7,-9,8,-10,9,-9,9,-9,10,-8,9,-8,10,-8,10,-7,10,-8,9,-7,9,-8,9,-7,9,-8,8,-8,8,-9,8,-9,7,-10,7,-10,7,-11,7,-11,7,-11,7,-12]"
2025-08-18 21:59:55.642786,CSI_DATA,1062,1a:00:00:00:00:00,-52,11,0,0,0,0,0,0,0,0,0,-94,0,1,0,180619558,0,31,0,128,0,"[0,0,-6,12,-5,12,-5,11,-4,12,-4,12,-4,12,-3,12,-3,12,-2,12,-1,12,-1,13,0,13,0,13,1,13,1,14,1,14,1,14,0,15,0,15,0,15,-1,15,-2,15,-2,16,-2,15,-3,15,-4,14,0,0,0,0,0,0,0,0,0,0,0,0,0,0,0,0,0,0,0,0,0,0,-3,9,-4,9,-5,9,-5,9,-6,10,-7,9,-8,9,-9,9,-9,9,-9,8,-10,8,-10,7,-9,8,-9,7,-8,8,-8,8,-8,8,-8,9,-7,9,-7,9,-7,10,-6,10,-7,11,-6,11,-6,11,-6,11]"
2025-08-18 21:59:55.842484,CSI_DATA,1063,1a:00:00:00:00:00,-52,11,0,0,0,0,0,0,0,0,0,-94,0,1,0,180820600,0,31,0,128,0,"[0,0,13,2,13,2,13,2,13,1,13,1,13,1,13,0,13,0,13,-1,13,-2,13,-3,13,-3,13,-3,14,-4,14,-4,15,-4,15,-4,15,-4,16,-3,16,-3,16,-2,16,-2,15,-1,16,-1,15,0,15,1,0,0,0,0,0,0,0,0,0,0,0,0,0,0,0,0,0,0,0,0,0,0,9,-1,10,0,10,1,10,2,10,3,11,4,11,5,10,5,10,6,10,6,10,6,9,6,9,6,9,6,9,6,9,5,10,5,10,4,10,4,11,4,11,3,11,3,12,2,12,2,13,2,13,2]"
2025-08-18 21:59:56.050613,CSI_DATA,1064,1a:00:00:00:00:00,-52,11,0,0,0,0,0,0,0,0,0,-94,0,1,0,181022042,0,31,0,128,0,"[0,0,1,-14,0,-14,0,-14,0,-14,0,-14,-1,-14,-1,-13,-2,-13,-2,-13,-3,-13,-3,-13,-4,-13,-4,-14,-5,-14,-5,-14,-5,-14,-5,-15,-5,-15,-5,-16,-5,-15,-4,-16,-4,-16,-3,-16,-2,-16,-2,-15,-1,-15,0,0,0,0,0,0,0,0,0,0,0,0,0,0,0,0,0,0,0,0,0,0,-1,-10,0,-10,1,-11,2,-11,2,-11,3,-12,4,-12,4,-12,5,-11,5,-11,6,-11,6,-11,5,-11,5,-10,5,-11,5,-10,4,-11,4,-11,3,-11,3,-12,2,-12,2,-13,2,-13,2,-13,2,-13,2,-13]"
2025-08-18 21:59:56.116815,CSI_DATA,1065,1a:00:00:00:00:00,-52,11,0,0,0,0,0,0,0,0,0,-94,0,1,0,181086623,0,42,0,128,0,"[0,0,-10,-10,-11,-9,-11,-9,-11,-9,-11,-9,-12,-8,-12,-8,-12,-7,-12,-7,-12,-6,-13,-6,-13,-6,-14,-5,-14,-5,-14,-5,-15,-5,-15,-5,-15,-5,-15,-6,-15,-6,-15,-7,-14,-7,-14,-8,-14,-8,-13,-8,-13,-9,0,0,0,0,0,0,0,0,0,0,0,0,0,0,0,0,0,0,0,0,0,0,-8,-5,-8,-6,-8,-7,-8,-8,-8,-9,-8,-10,-7,-10,-7,-11,-6,-11,-6,-11,-6,-11,-5,-11,-6,-11,-6,-11,-6,-11,-6,-10,-6,-10,-7,-9,-8,-10,-8,-10,-8,-10,-9,-10,-9,-9,-10,-10,-10,-10,-10,-9]"
2025-08-18 21:59:56.173524,CSI_DATA,1066,1a:00:00:00:00:00,-52,11,0,0,0,0,0,0,0,0,0,-94,0,1,0,181147942,0,31,0,128,0,"[0,0,-11,8,-11,8,-11,8,-10,8,-10,9,-10,9,-10,9,-9,9,-9,10,-8,10,-8,11,-7,11,-7,11,-7,12,-7,12,-7,13,-7,13,-8,13,-8,13,-9,13,-9,13,-9,12,-10,12,-10,12,-11,11,-11,10,0,0,0,0,0,0,0,0,0,0,0,0,0,0,0,0,0,0,0,0,0,0,-7,6,-8,6,-9,6,-10,5,-10,5,-11,5,-12,4,-12,3,-12,3,-12,2,-12,2,-12,2,-12,2,-12,2,-11,3,-11,3,-11,3,-11,4,-11,4,-11,5,-11,5,-11,6,-11,6,-11,7,-11,7,-11,7]"
2025-08-18 21:59:56.379423,CSI_DATA,1067,1a:00:00:00:00:00,-52,11,0,0,0,0,0,0,0,0,0,-94,0,1,0,181349074,0,31,0,128,0,"[0,0,13,3,13,2,13,2,13,2,13,1,13,1,13,0,13,0,13,-1,13,-2,13,-2,13,-3,13,-3,14,-3,14,-4,14,-4,15,-4,15,-4,15,-4,15,-3,15,-3,15,-2,15,-1,15,-1,15,0,15,0,0,0,0,0,0,0,0,0,0,0,0,0,0,0,0,0,0,0,0,0,0,0,9,0,10,1,10,2,10,3,11,4,11,4,11,5,11,6,10,6,10,7,10,7,9,7,9,7,9,6,9,6,9,6,10,5,10,5,10,5,11,4,11,4,12,4,12,3,12,3,13,3,13,2]"
2025-08-18 21:59:56.573141,CSI_DATA,1068,1a:00:00:00:00:00,-52,11,0,0,0,0,0,0,0,0,0,-94,0,1,0,181550274,0,31,0,128,0,"[0,0,-1,14,0,13,0,13,0,13,1,13,1,13,1,12,2,13,3,12,3,12,4,12,5,12,5,12,6,13,6,13,6,13,6,13,6,14,5,14,5,15,5,15,4,15,4,15,3,15,3,15,2,15,0,0,0,0,0,0,0,0,0,0,0,0,0,0,0,0,0,0,0,0,0,0,1,9,0,10,-1,10,-1,11,-2,11,-3,12,-4,12,-5,11,-5,11,-5,11,-6,11,-6,10,-5,11,-5,10,-5,10,-5,10,-4,11,-3,11,-3,11,-3,12,-2,12,-2,12,-1,12,-1,13,-1,13,-1,13]"
2025-08-18 21:59:56.777851,CSI_DATA,1069,1a:00:00:00:00:00,-52,11,0,0,0,0,0,0,0,0,0,-94,0,1,0,181751673,0,31,0,128,0,"[0,0,13,-6,12,-6,12,-6,12,-7,11,-7,11,-7,11,-8,10,-8,10,-9,10,-9,9,-10,9,-11,9,-11,9,-12,9,-12,9,-12,9,-12,10,-13,10,-13,11,-12,11,-12,11,-11,12,-11,12,-10,12,-10,13,-9,0,0,0,0,0,0,0,0,0,0,0,0,0,0,0,0,0,0,0,0,0,0,8,-6,9,-6,9,-5,10,-4,10,-4,12,-3,12,-3,12,-2,12,-1,12,-1,12,0,12,0,12,0,11,-1,11,-1,11,-1,11,-2,11,-2,11,-3,11,-3,12,-4,11,-4,12,-5,12,-5,12,-5,12,-6]"
2025-08-18 21:59:56.981207,CSI_DATA,1070,1a:00:00:00:00:00,-52,11,0,0,0,0,0,0,0,0,0,-94,0,1,0,181952701,0,31,0,128,0,"[0,0,-14,0,-15,0,-13,1,-14,1,-13,1,-14,2,-14,2,-13,3,-14,3,-13,4,-13,5,-13,5,-13,6,-13,6,-14,7,-13,6,-15,7,-14,7,-15,6,-15,6,-16,6,-16,5,-16,5,-16,4,-16,4,-16,2,0,0,0,0,0,0,0,0,0,0,0,0,0,0,0,0,0,0,0,0,0,0,-10,2,-10,1,-12,0,-12,-1,-13,-2,-12,-2,-13,-3,-13,-4,-13,-5,-13,-5,-12,-5,-12,-5,-12,-5,-12,-5,-11,-5,-12,-4,-11,-4,-12,-2,-12,-3,-12,-3,-12,-2,-13,-2,-14,-1,-14,-1,-14,0,-14,0]"
2025-08-18 21:59:57.181322,CSI_DATA,1071,1a:00:00:00:00:00,-52,11,0,0,0,0,0,0,0,0,0,-94,0,1,0,182153863,0,31,0,128,0,"[0,0,2,-14,1,-14,1,-14,1,-14,0,-14,0,-14,0,-14,-1,-14,-2,-14,-2,-14,-3,-14,-4,-14,-4,-14,-4,-15,-5,-15,-5,-15,-5,-15,-5,-16,-4,-16,-4,-16,-3,-16,-3,-16,-2,-16,-2,-16,-1,-16,0,-16,0,0,0,0,0,0,0,0,0,0,0,0,0,0,0,0,0,0,0,0,0,0,0,-10,1,-11,1,-11,2,-11,3,-12,4,-12,5,-12,6,-12,6,-12,6,-11,7,-11,7,-10,7,-11,6,-11,6,-10,6,-11,5,-11,4,-11,4,-12,4,-12,3,-12,3,-13,3,-13,2,-13,2,-14,2,-14]"
2025-08-18 21:59:57.377579,CSI_DATA,1072,1a:00:00:00:00:00,-52,11,0,0,0,0,0,0,0,0,0,-94,0,1,0,182355029,0,31,0,128,0,"[0,0,-1,13,-1,13,0,13,0,13,1,13,1,13,1,13,2,13,2,13,3,12,3,12,5,12,5,13,5,13,5,13,5,13,6,14,5,14,5,14,4,15,4,15,4,15,3,15,3,15,2,15,1,15,0,0,0,0,0,0,0,0,0,0,0,0,0,0,0,0,0,0,0,0,0,0,1,9,1,10,0,10,-1,11,-2,11,-3,12,-4,12,-4,12,-5,12,-5,11,-6,11,-6,11,-5,11,-5,11,-5,11,-5,10,-4,11,-4,11,-3,11,-3,12,-3,12,-2,12,-2,12,-1,13,-1,13,-1,13]"
2025-08-18 21:59:57.583266,CSI_DATA,1073,1a:00:00:00:00:00,-52,11,0,0,0,0,0,0,0,0,0,-94,0,1,0,182556237,0,31,0,128,0,"[0,0,-14,2,-13,2,-13,3,-13,3,-13,4,-13,4,-12,4,-12,4,-12,5,-12,6,-12,6,-12,7,-11,7,-12,8,-12,8,-12,8,-12,8,-13,8,-14,8,-14,7,-14,7,-14,6,-14,6,-14,6,-14,5,-15,4,0,0,0,0,0,0,0,0,0,0,0,0,0,0,0,0,0,0,0,0,0,0,-9,4,-10,3,-10,2,-11,2,-12,1,-13,1,-13,-1,-13,-1,-13,-2,-13,-2,-13,-2,-12,-2,-12,-2,-12,-2,-12,-2,-12,-2,-12,-1,-12,-1,-12,0,-12,0,-12,0,-13,0,-13,2,-13,2,-13,2,-13,3]"
2025-08-18 21:59:57.639615,CSI_DATA,1074,1a:00:00:00:00:00,-52,11,0,0,0,0,0,0,0,0,0,-94,0,1,0,182618057,0,42,0,128,0,"[0,0,2,13,3,13,3,13,4,12,4,13,4,12,4,12,5,12,5,11,6,11,7,11,8,11,8,11,9,11,9,11,9,11,9,12,9,12,9,13,8,13,8,13,7,13,7,13,7,13,6,13,5,14,0,0,0,0,0,0,0,0,0,0,0,0,0,0,0,0,0,0,0,0,0,0,3,8,3,9,2,10,2,11,1,11,0,12,-1,12,-2,12,-2,12,-2,12,-3,12,-3,12,-3,12,-2,12,-2,11,-2,11,-2,11,-1,11,0,12,0,12,0,12,1,12,1,12,2,13,2,13,3,13]"
2025-08-18 21:59:57.713950,CSI_DATA,1075,1a:00:00:00:00:00,-52,11,0,0,0,0,0,0,0,0,0,-94,0,1,0,182686875,0,31,0,128,0,"[0,0,-14,3,-13,4,-14,4,-13,4,-13,5,-12,4,-12,5,-12,6,-12,6,-11,7,-12,8,-11,8,-11,8,-11,9,-11,9,-11,10,-12,10,-12,10,-12,10,-13,9,-13,9,-13,8,-13,8,-13,8,-14,7,-14,6,0,0,0,0,0,0,0,0,0,0,0,0,0,0,0,0,0,0,0,0,0,0,-9,4,-10,3,-10,2,-11,2,-12,1,-12,1,-13,0,-13,-1,-13,-1,-13,-2,-13,-2,-13,-2,-12,-2,-12,-2,-12,-2,-12,-1,-12,-1,-12,0,-12,0,-12,1,-12,1,-12,2,-13,2,-13,3,-13,3,-14,3]"
2025-08-18 21:59:57.907777,CSI_DATA,1076,1a:00:00:00:00:00,-52,11,0,0,0,0,0,0,0,0,0,-94,0,1,0,182887922,0,31,0,128,0,"[0,0,12,5,12,5,12,5,12,4,12,4,12,4,12,3,13,2,12,2,13,1,13,1,13,0,13,0,14,0,14,-1,14,-1,15,-1,15,0,16,0,16,0,16,1,16,1,15,2,15,3,15,3,14,4,0,0,0,0,0,0,0,0,0,0,0,0,0,0,0,0,0,0,0,0,0,0,9,2,9,3,10,4,10,5,10,5,10,6,10,7,9,8,9,8,8,9,8,9,7,9,8,9,8,8,8,8,8,8,8,7,9,7,9,7,9,6,10,6,10,6,11,6,11,6,11,6,12,5]"
2025-08-18 21:59:58.123388,CSI_DATA,1077,1a:00:00:00:00:00,-52,11,0,0,0,0,0,0,0,0,0,-94,0,1,0,183089085,0,31,0,128,0,"[0,0,-15,1,-14,1,-14,1,-14,2,-14,2,-13,3,-13,3,-13,4,-13,4,-13,5,-13,6,-12,6,-13,7,-13,7,-13,8,-13,8,-14,8,-14,8,-14,8,-15,8,-15,8,-15,6,-15,6,-15,5,-15,5,-16,4,0,0,0,0,0,0,0,0,0,0,0,0,0,0,0,0,0,0,0,0,0,0,-10,2,-11,1,-11,0,-12,0,-12,-1,-13,-2,-13,-3,-13,-3,-13,-4,-13,-4,-13,-4,-12,-4,-12,-4,-12,-4,-12,-4,-12,-3,-12,-3,-12,-2,-12,-2,-13,-2,-13,-1,-13,-1,-14,0,-14,0,-14,0,-14,1]"
2025-08-18 21:59:58.314852,CSI_DATA,1078,1a:00:00:00:00:00,-52,11,0,0,0,0,0,0,0,0,0,-94,0,1,0,183290248,0,31,0,128,0,"[0,0,7,-12,7,-12,6,-12,6,-12,6,-13,5,-12,5,-13,4,-13,4,-13,3,-14,3,-14,2,-14,2,-14,1,-15,2,-15,1,-15,1,-16,2,-16,2,-16,2,-16,3,-16,3,-16,4,-16,4,-16,5,-15,6,-15,0,0,0,0,0,0,0,0,0,0,0,0,0,0,0,0,0,0,0,0,0,0,4,-9,5,-9,6,-9,6,-9,7,-9,8,-9,9,-9,10,-8,10,-8,10,-8,10,-7,10,-7,10,-7,10,-7,9,-7,9,-7,9,-8,9,-8,8,-9,8,-9,8,-10,8,-10,8,-11,8,-11,8,-11,8,-12]"
2025-08-18 21:59:58.521923,CSI_DATA,1079,1a:00:00:00:00:00,-52,11,0,0,0,0,0,0,0,0,0,-94,0,1,0,183491478,0,31,0,128,0,"[0,0,-3,-13,-4,-14,-4,-13,-4,-13,-5,-13,-5,-13,-5,-13,-6,-12,-6,-12,-7,-12,-8,-12,-9,-11,-9,-11,-9,-12,-10,-12,-10,-12,-10,-13,-10,-13,-10,-13,-10,-14,-10,-14,-9,-14,-9,-14,-8,-15,-7,-15,-6,-15,0,0,0,0,0,0,0,0,0,0,0,0,0,0,0,0,0,0,0,0,0,0,-4,-9,-4,-10,-3,-11,-3,-12,-2,-13,-1,-13,0,-13,1,-13,1,-13,2,-13,2,-13,2,-13,2,-13,2,-12,1,-12,1,-12,1,-12,0,-12,-1,-13,-1,-13,-1,-13,-2,-13,-2,-13,-3,-14,-3,-14,-3,-14]"
2025-08-18 21:59:58.716195,CSI_DATA,1080,1a:00:00:00:00:00,-52,11,0,0,0,0,0,0,0,0,0,-94,0,1,0,183692623,0,31,0,128,0,"[0,0,13,-1,13,-1,12,-1,13,-2,12,-2,12,-2,12,-3,12,-3,12,-4,12,-5,12,-5,12,-6,12,-6,12,-6,12,-7,13,-7,13,-7,13,-7,13,-7,13,-7,14,-7,14,-6,14,-5,14,-4,14,-4,14,-3,0,0,0,0,0,0,0,0,0,0,0,0,0,0,0,0,0,0,0,0,0,0,9,-2,10,-1,11,0,11,0,11,1,11,2,11,3,12,3,11,4,11,4,11,5,10,5,10,5,10,4,10,4,10,4,10,3,11,3,10,2,11,2,11,1,12,1,13,0,12,1,13,1,13,0]"
2025-08-18 21:59:58.919877,CSI_DATA,1081,1a:00:00:00:00:00,-52,11,0,0,0,0,0,0,0,0,0,-94,0,1,0,183894006,0,31,0,128,0,"[0,0,11,-8,10,-9,10,-9,10,-9,10,-9,9,-10,9,-10,8,-10,8,-10,7,-11,7,-12,7,-12,7,-13,6,-13,7,-14,7,-14,7,-14,7,-15,8,-14,8,-14,9,-14,9,-13,9,-13,10,-13,10,-12,11,-12,0,0,0,0,0,0,0,0,0,0,0,0,0,0,0,0,0,0,0,0,0,0,7,-7,8,-7,8,-6,9,-6,10,-5,11,-5,12,-4,12,-4,12,-3,12,-3,12,-3,12,-2,11,-2,11,-3,11,-3,11,-3,11,-4,10,-4,11,-5,11,-5,11,-6,11,-6,11,-7,11,-8,10,-8,11,-8]"
2025-08-18 21:59:59.118673,CSI_DATA,1082,1a:00:00:00:00:00,-52,11,0,0,0,0,0,0,0,0,0,-94,0,1,0,184095044,0,31,0,128,0,"[0,0,13,0,13,-1,13,-1,13,-1,14,-2,13,-1,13,-2,13,-3,13,-3,12,-4,12,-5,12,-5,12,-6,13,-6,13,-6,14,-7,14,-6,15,-6,15,-6,15,-6,15,-5,15,-4,15,-4,15,-4,15,-3,16,-2,0,0,0,0,0,0,0,0,0,0,0,0,0,0,0,0,0,0,0,0,0,0,9,-2,10,-1,10,0,11,1,11,1,11,2,11,3,12,3,11,4,11,5,11,4,10,5,10,5,11,4,10,4,10,3,10,3,10,2,11,3,11,2,12,2,12,1,12,1,13,0,13,0,14,-1]"
2025-08-18 21:59:59.180574,CSI_DATA,1083,1a:00:00:00:00:00,-52,11,0,0,0,0,0,0,0,0,0,-94,0,1,0,184155828,0,42,0,128,0,"[0,0,-8,10,-8,10,-8,10,-7,10,-7,11,-7,11,-6,11,-6,11,-6,11,-5,12,-4,12,-4,12,-4,13,-4,13,-4,13,-4,14,-4,14,-5,14,-5,14,-5,14,-6,14,-6,14,-6,13,-7,13,-7,13,-8,12,0,0,0,0,0,0,0,0,0,0,0,0,0,0,0,0,0,0,0,0,0,0,-5,8,-6,8,-6,8,-7,7,-8,7,-9,7,-10,7,-10,7,-10,6,-10,6,-11,5,-11,5,-10,5,-10,5,-10,5,-10,5,-9,6,-9,6,-9,7,-8,7,-8,8,-8,8,-8,9,-8,9,-8,9,-8,10]"
2025-08-18 21:59:59.246058,CSI_DATA,1084,1a:00:00:00:00:00,-52,11,0,0,0,0,0,0,0,0,0,-94,0,1,0,184218875,0,31,0,128,0,"[0,0,-14,2,-14,2,-14,3,-13,3,-13,3,-13,3,-13,4,-13,5,-13,5,-12,6,-12,6,-12,7,-12,8,-13,8,-13,8,-13,8,-14,8,-14,9,-15,8,-15,7,-15,7,-15,6,-15,6,-15,6,-15,5,-16,4,0,0,0,0,0,0,0,0,0,0,0,0,0,0,0,0,0,0,0,0,0,0,-9,3,-10,2,-11,1,-12,1,-12,0,-12,-1,-13,-1,-13,-2,-13,-3,-13,-3,-13,-3,-12,-3,-12,-3,-12,-3,-12,-3,-12,-2,-12,-2,-12,-1,-12,-1,-12,-1,-13,0,-13,0,-13,1,-13,2,-13,2,-14,2]"
2025-08-18 21:59:59.444638,CSI_DATA,1085,1a:00:00:00:00:00,-52,11,0,0,0,0,0,0,0,0,0,-94,0,1,0,184421040,0,31,0,128,0,"[0,0,-6,10,-6,10,-5,10,-5,11,-5,11,-4,10,-4,11,-4,11,-3,11,-2,11,-2,11,-1,11,-1,12,0,12,0,13,1,12,0,13,0,13,0,13,0,13,-1,13,-1,13,-2,14,-2,13,-3,13,-3,13,0,0,0,0,0,0,0,0,0,0,0,0,0,0,0,0,0,0,0,0,0,0,-3,8,-6,2,9,18,-4,13,5,11,-5,4,-10,8,-5,4,-10,7,-11,4,-10,4,-11,4,-10,5,-9,5,-8,5,-9,5,-9,5,-8,6,-8,6,-7,7,-8,7,-7,8,-7,9,-7,9,-7,9,-6,9]"
2025-08-18 21:59:59.660380,CSI_DATA,1086,1a:00:00:00:00:00,-52,11,0,0,0,0,0,0,0,0,0,-94,0,1,0,184621218,0,31,0,128,0,"[0,0,11,-9,10,-9,10,-9,10,-10,9,-10,9,-10,8,-10,8,-11,8,-11,7,-12,7,-12,6,-12,6,-13,6,-13,6,-14,6,-14,6,-14,7,-15,7,-15,8,-15,8,-14,8,-14,9,-13,9,-13,10,-12,10,-12,0,0,0,0,0,0,0,0,0,0,0,0,0,0,0,0,0,0,0,0,0,0,6,-7,7,-7,8,-6,9,-6,10,-6,11,-6,11,-5,12,-5,12,-4,12,-3,12,-3,12,-3,11,-3,11,-3,11,-3,10,-4,11,-4,10,-5,10,-5,10,-6,10,-6,10,-7,11,-7,11,-8,10,-8,11,-8]"
2025-08-18 21:59:59.848298,CSI_DATA,1087,1a:00:00:00:00:00,-52,11,0,0,0,0,0,0,0,0,0,-94,0,1,0,184822338,0,31,0,128,0,"[0,0,-12,6,-13,6,-12,6,-12,6,-12,7,-11,7,-11,7,-10,8,-10,8,-10,9,-9,9,-9,10,-9,10,-9,11,-9,12,-9,12,-9,12,-10,12,-10,12,-10,12,-11,12,-11,11,-11,11,-12,10,-13,9,-13,9,0,0,0,0,0,0,0,0,0,0,0,0,0,0,0,0,0,0,0,0,0,0,-9,5,-10,4,-10,4,-11,3,-12,3,-13,2,-13,2,-13,1,-13,1,-13,0,-13,0,-13,-1,-12,0,-12,0,-12,0,-12,0,-12,1,-12,1,-12,2,-12,3,-12,3,-12,4,-12,4,-12,4,-13,5,-12,5]"
2025-08-18 22:00:00.055034,CSI_DATA,1088,1a:00:00:00:00:00,-52,11,0,0,0,0,0,0,0,0,0,-94,0,1,0,185023642,0,31,0,128,0,"[0,0,-7,-12,-7,-12,-7,-12,-7,-12,-8,-11,-8,-11,-8,-11,-9,-10,-9,-10,-10,-9,-10,-9,-11,-9,-11,-9,-12,-9,-12,-8,-12,-8,-13,-9,-13,-9,-13,-9,-13,-10,-13,-10,-12,-11,-12,-11,-12,-11,-11,-11,-10,-12,0,0,0,0,0,0,0,0,0,0,0,0,0,0,0,0,0,0,0,0,0,0,-6,-8,-6,-9,-5,-10,-5,-11,-4,-11,-3,-12,-3,-13,-2,-13,-2,-13,-1,-13,-1,-13,0,-13,-1,-12,-1,-12,-1,-12,-2,-12,-2,-12,-2,-12,-4,-12,-4,-12,-4,-12,-5,-12,-5,-12,-6,-12,-6,-12,-6,-12]"
2025-08-18 22:00:00.247035,CSI_DATA,1089,1a:00:00:00:00:00,-52,11,0,0,0,0,0,0,0,0,0,-94,0,1,0,185224825,0,31,0,128,0,"[0,0,1,13,2,12,2,12,2,12,3,12,3,12,4,12,4,11,5,11,5,11,6,11,7,11,7,11,8,11,8,11,8,11,8,12,9,12,8,13,8,13,8,13,7,13,7,13,6,14,6,13,5,14,0,0,0,0,0,0,0,0,0,0,0,0,0,0,0,0,0,0,0,0,0,0,2,8,1,9,1,10,0,11,0,11,-1,12,-2,12,-3,12,-3,12,-4,11,-4,11,-4,11,-4,11,-4,11,-3,11,-3,10,-3,11,-2,11,-1,11,-1,12,-1,12,0,12,0,12,1,13,1,12,1,13]"
2025-08-18 22:00:00.451841,CSI_DATA,1090,1a:00:00:00:00:00,-52,11,0,0,0,0,0,0,0,0,0,-94,0,1,0,185426020,0,31,0,128,0,"[0,0,8,-10,8,-10,8,-11,7,-11,7,-11,6,-11,6,-12,5,-12,5,-12,4,-13,4,-13,3,-13,3,-14,3,-15,3,-15,3,-15,3,-16,3,-16,4,-16,5,-16,5,-16,6,-16,6,-15,6,-15,7,-15,8,-14,0,0,0,0,0,0,0,0,0,0,0,0,0,0,0,0,0,0,0,0,0,0,5,-8,6,-8,7,-8,8,-8,9,-8,10,-7,11,-7,11,-6,11,-6,11,-5,11,-5,11,-5,11,-5,10,-5,10,-5,10,-5,10,-6,9,-6,9,-7,9,-7,9,-8,9,-8,9,-9,8,-9,9,-9,9,-10]"
2025-08-18 22:00:00.657427,CSI_DATA,1091,1a:00:00:00:00:00,-52,11,0,0,0,0,0,0,0,0,0,-94,0,1,0,185627440,0,31,0,128,0,"[0,0,3,13,3,12,3,12,4,12,4,12,5,11,5,11,6,11,6,10,6,10,7,10,8,10,8,10,9,10,9,10,10,11,10,11,9,12,10,12,10,13,9,13,8,13,8,13,7,14,6,13,5,14,0,0,0,0,0,0,0,0,0,0,0,0,0,0,0,0,0,0,0,0,0,0,3,8,3,9,2,10,1,11,1,11,0,12,-1,12,-1,12,-2,12,-2,12,-3,12,-3,11,-3,12,-3,11,-2,11,-2,11,-2,11,-1,11,-1,11,0,12,0,11,1,12,1,12,2,12,2,12,2,12]"
2025-08-18 22:00:00.718581,CSI_DATA,1092,1a:00:00:00:00:00,-52,11,0,0,0,0,0,0,0,0,0,-94,0,1,0,185690573,0,42,0,128,0,"[0,0,-13,4,-13,4,-12,4,-13,5,-12,5,-12,6,-12,6,-12,7,-12,7,-11,8,-11,9,-10,9,-11,10,-11,10,-11,11,-11,11,-12,11,-12,11,-13,11,-13,11,-14,10,-14,10,-14,9,-14,9,-14,8,-15,7,0,0,0,0,0,0,0,0,0,0,0,0,0,0,0,0,0,0,0,0,0,0,-10,4,-10,3,-11,2,-12,2,-13,1,-13,0,-13,-1,-13,-1,-13,-2,-13,-2,-13,-2,-13,-2,-13,-2,-12,-2,-12,-2,-12,-2,-12,-1,-12,0,-12,0,-12,0,-12,1,-12,1,-13,2,-13,3,-13,3,-13,3]"
2025-08-18 22:00:00.785864,CSI_DATA,1093,1a:00:00:00:00:00,-52,11,0,0,0,0,0,0,0,0,0,-94,0,1,0,185755780,0,31,0,128,0,"[0,0,-13,-4,-13,-4,-13,-4,-13,-3,-13,-3,-13,-3,-13,-2,-13,-2,-14,-1,-13,-1,-13,0,-13,0,-14,1,-14,1,-15,2,-15,2,-15,2,-16,1,-16,1,-16,1,-16,0,-16,-1,-16,-1,-15,-1,-15,-2,-15,-3,0,0,0,0,0,0,0,0,0,0,0,0,0,0,0,0,0,0,0,0,0,0,-10,-2,-10,-3,-11,-4,-11,-5,-11,-5,-11,-6,-11,-7,-11,-8,-10,-8,-10,-9,-10,-9,-9,-9,-9,-9,-9,-8,-9,-8,-9,-8,-10,-7,-10,-6,-10,-7,-10,-6,-11,-6,-12,-6,-12,-5,-12,-5,-12,-5,-13,-5]"
2025-08-18 22:00:00.988455,CSI_DATA,1094,1a:00:00:00:00:00,-52,11,0,0,0,0,0,0,0,0,0,-94,0,1,0,185956862,0,31,0,128,0,"[0,0,-6,13,-5,12,-5,12,-4,12,-4,13,-3,13,-3,13,-3,13,-2,13,-2,13,-1,13,-1,13,0,13,0,14,0,14,0,14,0,15,0,15,0,15,-1,15,-1,15,-1,15,-2,15,-3,15,-4,14,-4,14,0,0,0,0,0,0,0,0,0,0,0,0,0,0,0,0,0,0,0,0,0,0,-3,9,-4,9,-4,10,-5,10,-6,10,-7,10,-8,9,-8,9,-9,9,-9,8,-10,8,-9,8,-9,8,-9,8,-8,8,-8,8,-8,9,-7,9,-7,9,-6,10,-6,10,-6,11,-6,11,-6,12,-6,12,-6,12]"
2025-08-18 22:00:01.189594,CSI_DATA,1095,1a:00:00:00:00:00,-51,11,0,0,0,0,0,0,0,0,0,-94,0,1,0,186159841,0,31,0,128,0,"[0,0,-2,-14,-2,-15,-2,-14,-3,-14,-3,-14,-3,-14,-3,-13,-4,-13,-4,-13,-5,-13,-6,-13,-6,-13,-7,-12,-8,-13,-7,-12,-8,-13,-8,-13,-8,-13,-7,-14,-7,-14,-7,-14,-6,-14,-6,-14,-6,-14,-5,-14,-4,-14,0,0,0,0,0,0,0,0,0,0,0,0,0,0,0,0,0,0,0,0,0,0,-3,-10,-2,-10,-2,-11,-1,-12,-1,-12,1,-13,1,-13,2,-13,3,-13,3,-13,3,-13,3,-12,3,-12,3,-12,2,-12,2,-12,2,-12,1,-12,1,-13,0,-13,0,-13,0,-14,-1,-14,-2,-14,-1,-14,-1,-14]"
2025-08-18 22:00:01.384289,CSI_DATA,1096,1a:00:00:00:00:00,-51,11,0,0,0,0,0,0,0,0,0,-94,0,1,0,186359348,0,31,0,128,0,"[0,0,-11,7,-11,8,-11,7,-11,8,-10,8,-10,8,-9,8,-9,9,-8,9,-8,9,-8,9,-7,10,-7,10,-7,10,-7,11,-7,11,-7,11,-7,11,-8,12,-8,11,-8,11,-8,11,-9,10,-9,10,-9,9,-10,9,0,0,0,0,0,0,0,0,0,0,0,0,0,0,0,0,0,0,0,0,0,0,-7,6,-8,6,-9,6,-9,6,-10,5,-11,5,-11,4,-12,4,-12,4,-12,3,-12,2,-12,2,-12,2,-12,2,-11,3,-12,3,-11,3,-11,4,-11,4,-11,5,-11,5,-11,6,-11,6,-11,6,-11,6,-11,7]"
2025-08-18 22:00:01.790295,CSI_DATA,1097,1a:00:00:00:00:00,-52,11,0,0,0,0,0,0,0,0,0,-94,0,1,0,186560567,0,31,0,128,0,"[0,0,8,-13,6,-12,7,-13,6,-12,6,-13,6,-13,5,-13,4,-13,4,-13,3,-14,3,-14,2,-14,2,-14,2,-15,2,-14,2,-15,2,-16,3,-16,3,-16,3,-16,4,-15,4,-15,4,-15,5,-14,5,-14,6,-14,0,0,0,0,0,0,0,0,0,0,0,0,0,0,0,0,0,0,0,0,0,0,3,-10,4,-10,5,-10,6,-10,7,-10,8,-10,9,-9,9,-9,10,-9,10,-8,10,-8,10,-8,10,-8,9,-8,9,-8,9,-8,9,-8,8,-9,8,-10,8,-10,8,-10,8,-10,7,-11,7,-11,7,-12,7,-12]"
2025-08-18 22:00:01.796501,CSI_DATA,1098,1a:00:00:00:00:00,-51,11,0,0,0,0,0,0,0,0,0,-94,0,1,0,186761665,0,31,0,128,0,"[0,0,-13,-3,-14,-3,-13,-3,-14,-2,-14,-2,-13,-2,-14,-1,-13,-1,-13,0,-13,1,-14,1,-13,1,-13,2,-14,2,-14,3,-14,3,-15,3,-15,2,-15,2,-15,2,-15,1,-15,1,-15,0,-15,0,-14,0,-14,-1,0,0,0,0,0,0,0,0,0,0,0,0,0,0,0,0,0,0,0,0,0,0,-11,-1,-11,-1,-12,-3,-12,-4,-12,-4,-12,-6,-12,-6,-12,-7,-12,-7,-11,-8,-11,-8,-11,-8,-10,-8,-10,-8,-10,-7,-10,-7,-11,-6,-11,-6,-11,-6,-12,-6,-12,-5,-12,-5,-13,-4,-13,-4,-13,-4,-13,-4]"
2025-08-18 22:00:01.992926,CSI_DATA,1099,1a:00:00:00:00:00,-51,11,0,0,0,0,0,0,0,0,0,-94,0,1,0,186962836,0,31,0,128,0,"[0,0,-12,-7,-12,-7,-12,-6,-12,-6,-12,-6,-12,-6,-13,-5,-13,-4,-13,-4,-13,-3,-13,-3,-13,-3,-14,-2,-14,-2,-14,-2,-14,-2,-14,-2,-14,-2,-15,-3,-14,-3,-14,-3,-14,-4,-14,-4,-13,-5,-13,-5,-13,-6,0,0,0,0,0,0,0,0,0,0,0,0,0,0,0,0,0,0,0,0,0,0,-10,-3,-10,-4,-10,-5,-10,-5,-11,-6,-10,-7,-10,-8,-10,-8,-10,-9,-9,-10,-9,-9,-9,-9,-9,-10,-9,-9,-8,-9,-9,-9,-9,-8,-9,-8,-10,-8,-10,-8,-11,-8,-11,-8,-12,-7,-12,-7,-12,-7,-12,-7]"
2025-08-18 22:00:02.203775,CSI_DATA,1100,1a:00:00:00:00:00,-51,11,0,0,0,0,0,0,0,0,0,-94,0,1,0,187163958,0,31,0,128,0,"[0,0,-9,-11,-9,-12,-8,-11,-9,-11,-9,-11,-9,-11,-9,-10,-9,-9,-10,-9,-10,-9,-10,-8,-11,-8,-11,-8,-12,-7,-12,-7,-12,-7,-12,-8,-12,-8,-13,-8,-12,-8,-12,-9,-12,-9,-12,-10,-11,-10,-11,-10,-10,-10,0,0,0,0,0,0,0,0,0,0,0,0,0,0,0,0,0,0,0,0,0,0,-8,-7,-8,-7,-7,-9,-7,-9,-7,-10,-6,-10,-6,-12,-5,-12,-5,-12,-5,-12,-4,-12,-4,-12,-4,-12,-4,-12,-4,-12,-4,-11,-5,-11,-5,-11,-6,-11,-6,-11,-7,-11,-7,-12,-8,-12,-8,-12,-8,-12,-8,-12]"
2025-08-18 22:00:02.245921,CSI_DATA,1101,1a:00:00:00:00:00,-51,11,0,0,0,0,0,0,0,0,0,-94,0,1,0,187226540,0,42,0,128,0,"[0,0,10,9,10,9,10,8,11,8,11,8,11,8,11,7,11,7,11,6,12,6,12,5,12,5,12,5,12,4,13,4,13,4,13,5,13,5,13,5,13,5,13,5,12,6,12,6,11,6,11,6,11,7,0,0,0,0,0,0,0,0,0,0,0,0,0,0,0,0,0,0,0,0,0,0,8,4,8,6,8,7,8,7,8,8,7,9,7,10,6,10,6,10,6,11,5,11,5,11,5,11,5,10,5,10,5,10,6,9,6,9,7,9,8,10,8,9,9,9,9,9,10,9,10,9,10,9]"
2025-08-18 22:00:02.316492,CSI_DATA,1102,1a:00:00:00:00:00,-52,11,0,0,0,0,0,0,0,0,0,-94,0,1,0,187291558,0,31,0,128,0,"[0,0,5,-13,4,-13,4,-13,4,-13,4,-13,3,-13,3,-12,2,-13,2,-13,1,-13,1,-13,0,-13,0,-13,0,-14,0,-14,0,-14,-1,-14,0,-15,0,-15,1,-15,1,-15,1,-14,1,-14,2,-14,3,-14,3,-14,0,0,0,0,0,0,0,0,0,0,0,0,0,0,0,0,0,0,0,0,0,0,2,-10,2,-10,3,-10,4,-10,5,-10,6,-11,7,-10,7,-10,7,-9,7,-9,8,-9,8,-9,7,-9,7,-9,7,-9,7,-9,6,-9,5,-10,6,-10,5,-11,5,-11,5,-11,5,-12,5,-12,5,-12,5,-13]"
2025-08-18 22:00:02.534317,CSI_DATA,1103,1a:00:00:00:00:00,-51,11,0,0,0,0,0,0,0,0,0,-94,0,1,0,187493003,0,31,0,128,0,"[0,0,-4,-14,-4,-15,-4,-15,-4,-14,-5,-14,-5,-13,-6,-13,-6,-13,-7,-12,-7,-11,-8,-11,-8,-11,-9,-11,-10,-11,-10,-11,-10,-11,-10,-11,-10,-11,-10,-12,-10,-12,-10,-12,-9,-12,-9,-12,-9,-12,-9,-12,-8,-12,0,0,0,0,0,0,0,0,0,0,0,0,0,0,0,0,0,0,0,0,0,0,-4,-11,-4,-10,-2,-17,-7,-11,-1,-19,-5,-14,3,-18,4,-12,1,-13,2,-14,2,-13,3,-13,2,-14,2,-13,2,-13,1,-13,1,-13,0,-13,0,-13,0,-14,-1,-14,-1,-14,-2,-14,-2,-14,-3,-14,-4,-15]"
2025-08-18 22:00:02.718333,CSI_DATA,1104,1a:00:00:00:00:00,-51,11,0,0,0,0,0,0,0,0,0,-94,0,1,0,187693910,0,31,0,128,0,"[0,0,-7,12,-6,11,-6,12,-6,11,-5,12,-5,11,-5,11,-4,12,-4,11,-3,11,-3,12,-2,12,-2,12,-2,12,-1,12,-1,13,-2,13,-2,13,-2,13,-2,13,-3,13,-3,13,-3,12,-4,12,-4,11,-5,12,0,0,0,0,0,0,0,0,0,0,0,0,0,0,0,0,0,0,0,0,0,0,-2,9,-3,9,-4,9,-5,10,-6,10,-7,10,-8,10,-8,9,-9,9,-9,8,-9,8,-9,8,-9,8,-9,8,-9,8,-8,8,-8,9,-8,9,-8,9,-7,10,-7,10,-7,10,-7,11,-7,11,-7,11,-7,11]"
2025-08-18 22:00:02.917985,CSI_DATA,1105,1a:00:00:00:00:00,-51,11,0,0,0,0,0,0,0,0,0,-94,0,1,0,187895263,0,31,0,128,0,"[0,0,-1,14,0,14,0,13,1,13,1,13,1,13,2,13,2,12,2,12,3,12,4,12,4,11,4,12,5,12,5,12,5,12,5,13,5,12,5,12,5,13,4,12,4,13,4,13,3,13,3,12,2,12,0,0,0,0,0,0,0,0,0,0,0,0,0,0,0,0,0,0,0,0,0,0,3,9,2,10,1,11,1,11,0,12,-1,12,-2,13,-2,12,-3,12,-4,13,-4,12,-4,12,-4,12,-4,12,-3,12,-4,12,-3,12,-2,12,-2,12,-2,13,-2,13,-1,13,-1,14,0,14,0,14,0,13]"
2025-08-18 22:00:03.245547,CSI_DATA,1106,1a:00:00:00:00:00,-51,11,0,0,0,0,0,0,0,0,0,-94,0,1,0,188096500,0,31,0,128,0,"[0,0,-6,-13,-6,-13,-6,-13,-6,-13,-7,-12,-7,-12,-7,-12,-7,-11,-7,-11,-8,-10,-9,-10,-9,-10,-9,-10,-10,-10,-10,-9,-10,-10,-10,-10,-10,-10,-10,-10,-10,-10,-10,-11,-9,-11,-9,-11,-8,-11,-8,-11,-7,-11,0,0,0,0,0,0,0,0,0,0,0,0,0,0,0,0,0,0,0,0,0,0,-6,-8,-6,-9,-6,-10,-5,-10,-5,-11,-4,-12,-4,-12,-3,-12,-2,-13,-2,-13,-2,-13,-2,-13,-2,-12,-2,-12,-2,-12,-2,-12,-3,-12,-3,-12,-3,-12,-4,-12,-4,-12,-4,-13,-5,-13,-6,-13,-6,-13,-6,-13]"
2025-08-18 22:00:03.326415,CSI_DATA,1107,1a:00:00:00:00:00,-51,11,0,0,0,0,0,0,0,0,0,-94,0,1,0,188297416,0,31,0,128,0,"[0,0,-1,-14,-1,-15,-1,-14,-1,-14,-2,-14,-2,-14,-3,-14,-3,-14,-3,-13,-4,-13,-5,-13,-5,-13,-5,-13,-6,-13,-6,-13,-6,-13,-6,-14,-5,-14,-5,-15,-5,-14,-4,-15,-4,-14,-4,-15,-3,-14,-3,-14,-2,-14,0,0,0,0,0,0,0,0,0,0,0,0,0,0,0,0,0,0,0,0,0,0,-3,-9,-2,-10,-2,-11,-1,-11,-1,-12,0,-12,1,-13,1,-13,2,-13,2,-13,3,-13,3,-12,3,-12,3,-12,2,-12,2,-12,2,-12,1,-12,1,-13,1,-13,1,-13,0,-14,0,-14,-1,-14,-1,-14,-1,-14]"
2025-08-18 22:00:03.528258,CSI_DATA,1108,1a:00:00:00:00:00,-51,11,0,0,0,0,0,0,0,0,0,-94,0,1,0,188498793,0,31,0,128,0,"[0,0,-2,-13,-3,-13,-3,-13,-3,-13,-3,-13,-4,-13,-4,-12,-5,-12,-5,-12,-5,-11,-6,-12,-6,-11,-7,-11,-7,-12,-7,-11,-7,-12,-7,-12,-7,-12,-7,-12,-7,-12,-7,-12,-6,-13,-6,-12,-6,-13,-5,-12,-5,-13,0,0,0,0,0,0,0,0,0,0,0,0,0,0,0,0,0,0,0,0,0,0,-4,-9,-3,-10,-3,-10,-2,-11,-2,-11,-1,-12,0,-12,0,-12,1,-12,1,-12,2,-12,2,-12,2,-12,1,-12,1,-12,1,-11,1,-12,0,-12,0,-12,-1,-12,-1,-12,-1,-13,-2,-13,-2,-13,-2,-13,-2,-14]"
2025-08-18 22:00:03.745736,CSI_DATA,1109,1a:00:00:00:00:00,-51,11,0,0,0,0,0,0,0,0,0,-94,0,1,0,188699845,0,31,0,128,0,"[0,0,-6,-14,-7,-13,-7,-13,-7,-12,-7,-13,-7,-12,-8,-12,-8,-11,-8,-11,-9,-10,-9,-10,-10,-10,-10,-10,-11,-10,-10,-10,-11,-10,-11,-10,-11,-11,-11,-11,-10,-11,-10,-12,-10,-12,-9,-12,-9,-12,-9,-12,-8,-13,0,0,0,0,0,0,0,0,0,0,0,0,0,0,0,0,0,0,0,0,0,0,-7,-8,-7,-9,-7,-10,-7,-11,-6,-11,-5,-12,-4,-13,-4,-13,-3,-13,-3,-13,-3,-13,-2,-13,-3,-13,-3,-13,-3,-13,-3,-12,-3,-12,-4,-12,-4,-13,-5,-13,-5,-13,-5,-13,-6,-13,-6,-13,-6,-13,-7,-13]"
2025-08-18 22:00:03.793887,CSI_DATA,1110,1a:00:00:00:00:00,-51,11,0,0,0,0,0,0,0,0,0,-94,0,1,0,188762532,0,42,0,128,0,"[0,0,-13,-7,-13,-8,-13,-7,-12,-7,-13,-6,-13,-6,-13,-6,-13,-5,-13,-5,-13,-4,-13,-3,-13,-3,-14,-3,-14,-2,-14,-2,-15,-2,-14,-2,-15,-2,-15,-2,-15,-3,-15,-3,-14,-4,-14,-4,-14,-4,-14,-5,-14,-5,0,0,0,0,0,0,0,0,0,0,0,0,0,0,0,0,0,0,0,0,0,0,-10,-3,-11,-4,-11,-5,-11,-6,-11,-7,-11,-8,-11,-8,-11,-9,-10,-10,-10,-10,-10,-10,-9,-10,-9,-10,-9,-10,-10,-10,-9,-9,-10,-9,-10,-8,-11,-9,-11,-9,-11,-9,-12,-8,-12,-8,-12,-8,-13,-8,-13,-8]"
2025-08-18 22:00:03.857059,CSI_DATA,1111,1a:00:00:00:00:00,-51,11,0,0,0,0,0,0,0,0,0,-94,0,1,0,188827741,0,31,0,128,0,"[0,0,12,-4,12,-4,12,-4,12,-5,12,-5,11,-5,11,-5,10,-6,10,-6,10,-7,10,-7,9,-7,9,-8,9,-8,9,-9,9,-9,10,-9,10,-9,10,-9,10,-8,10,-8,10,-8,11,-7,11,-7,11,-6,11,-6,0,0,0,0,0,0,0,0,0,0,0,0,0,0,0,0,0,0,0,0,0,0,8,-6,8,-5,9,-5,10,-4,11,-4,12,-3,12,-2,12,-2,12,-1,12,-1,12,0,12,0,12,0,12,0,11,0,11,0,12,-1,12,-2,11,-2,12,-2,12,-2,12,-3,12,-3,12,-3,13,-3,13,-4]"
2025-08-18 22:00:04.053610,CSI_DATA,1112,1a:00:00:00:00:00,-51,11,0,0,0,0,0,0,0,0,0,-94,0,1,0,189029121,0,31,0,128,0,"[0,0,-12,8,-11,8,-11,8,-11,8,-10,8,-10,8,-9,8,-8,9,-8,9,-8,9,-8,9,-7,10,-7,10,-6,10,-6,11,-6,10,-6,11,-7,11,-7,11,-7,11,-7,10,-7,10,-7,10,-7,10,-8,9,-8,9,0,0,0,0,0,0,0,0,0,0,0,0,0,0,0,0,0,0,0,0,0,0,-6,8,-7,8,-8,7,-9,7,-9,7,-10,7,-11,7,-11,6,-12,6,-12,5,-12,5,-12,4,-12,4,-12,4,-11,5,-12,5,-12,5,-12,6,-11,6,-11,7,-11,7,-11,7,-12,8,-12,8,-11,8,-12,8]"
2025-08-18 22:00:04.249997,CSI_DATA,1113,1a:00:00:00:00:00,-51,11,0,0,0,0,0,0,0,0,0,-94,0,1,0,189229989,0,31,0,128,0,"[0,0,11,8,11,8,11,7,11,7,11,7,11,6,11,6,12,5,11,5,11,4,11,3,11,3,12,3,12,3,12,2,12,2,13,2,12,2,13,2,13,2,13,3,13,4,12,4,12,4,11,4,11,5,0,0,0,0,0,0,0,0,0,0,0,0,0,0,0,0,0,0,0,0,0,0,9,2,9,3,10,5,9,5,10,7,9,7,10,8,9,9,9,9,8,10,8,10,7,10,8,10,7,10,7,9,7,9,8,8,8,9,9,8,9,8,10,8,10,8,11,8,11,8,10,8,11,8]"
2025-08-18 22:00:04.461317,CSI_DATA,1114,1a:00:00:00:00:00,-51,11,0,0,0,0,0,0,0,0,0,-94,0,1,0,189431214,0,31,0,128,0,"[0,0,-7,-12,-8,-12,-7,-12,-8,-11,-8,-11,-8,-10,-8,-10,-9,-9,-9,-9,-9,-9,-9,-8,-10,-8,-10,-8,-10,-8,-11,-7,-11,-7,-11,-8,-11,-7,-11,-7,-11,-8,-11,-8,-11,-8,-10,-8,-10,-8,-9,-8,-9,-9,0,0,0,0,0,0,0,0,0,0,0,0,0,0,0,0,0,0,0,0,0,0,-8,-8,-8,-9,-8,-10,-7,-11,-7,-12,-6,-12,-6,-13,-5,-13,-5,-14,-4,-14,-3,-14,-3,-13,-3,-13,-3,-13,-3,-13,-3,-12,-4,-12,-4,-12,-5,-12,-5,-12,-6,-12,-6,-13,-7,-12,-7,-12,-7,-12,-7,-12]"
2025-08-18 22:00:04.664250,CSI_DATA,1115,1a:00:00:00:00:00,-51,11,0,0,0,0,0,0,0,0,0,-94,0,1,0,189632519,0,31,0,128,0,"[0,0,-10,-11,-11,-10,-10,-10,-10,-10,-10,-9,-11,-9,-11,-8,-11,-8,-11,-7,-11,-7,-11,-7,-12,-6,-12,-6,-12,-5,-13,-5,-13,-5,-13,-5,-13,-5,-14,-5,-13,-5,-13,-6,-13,-6,-12,-6,-12,-7,-12,-7,-11,-7,0,0,0,0,0,0,0,0,0,0,0,0,0,0,0,0,0,0,0,0,0,0,-9,-6,-10,-7,-9,-8,-9,-9,-9,-10,-9,-11,-8,-12,-8,-12,-7,-12,-7,-13,-6,-13,-6,-13,-6,-13,-6,-12,-6,-12,-7,-12,-7,-12,-7,-11,-8,-11,-8,-11,-9,-11,-9,-11,-9,-11,-10,-12,-10,-11,-10,-11]"
2025-08-18 22:00:04.865194,CSI_DATA,1116,1a:00:00:00:00:00,-51,11,0,0,0,0,0,0,0,0,0,-94,0,1,0,189833967,0,31,0,128,0,"[0,0,-13,-6,-13,-7,-13,-6,-13,-6,-13,-6,-13,-5,-13,-5,-13,-4,-13,-4,-13,-3,-13,-3,-13,-2,-14,-2,-14,-2,-14,-2,-14,-2,-14,-2,-15,-2,-15,-2,-14,-2,-14,-3,-14,-3,-13,-3,-13,-4,-13,-4,-12,-4,0,0,0,0,0,0,0,0,0,0,0,0,0,0,0,0,0,0,0,0,0,0,-10,-2,-11,-3,-11,-4,-11,-5,-11,-6,-11,-7,-11,-8,-11,-8,-11,-9,-10,-9,-10,-9,-10,-10,-10,-9,-10,-9,-10,-9,-10,-9,-10,-9,-11,-8,-11,-8,-11,-7,-12,-7,-12,-7,-13,-7,-13,-7,-13,-7,-13,-7]"
2025-08-18 22:00:05.065805,CSI_DATA,1117,1a:00:00:00:00:00,-52,11,0,0,0,0,0,0,0,0,0,-94,0,1,0,190034821,0,31,0,128,0,"[0,0,-13,-8,-13,-8,-13,-8,-12,-7,-13,-7,-12,-7,-13,-6,-12,-5,-12,-5,-12,-4,-13,-4,-13,-3,-13,-3,-14,-3,-13,-2,-14,-2,-14,-2,-14,-2,-14,-3,-14,-3,-14,-3,-14,-4,-13,-4,-14,-4,-13,-4,-13,-5,0,0,0,0,0,0,0,0,0,0,0,0,0,0,0,0,0,0,0,0,0,0,-10,-2,-11,-3,-10,-4,-11,-5,-11,-6,-11,-7,-11,-8,-11,-8,-10,-9,-10,-9,-10,-9,-10,-10,-10,-10,-10,-9,-10,-9,-9,-9,-10,-9,-10,-8,-11,-9,-11,-8,-12,-8,-12,-9,-12,-8,-13,-8,-13,-8,-13,-8]"
2025-08-18 22:00:05.277931,CSI_DATA,1118,1a:00:00:00:00:00,-51,11,0,0,0,0,0,0,0,0,0,-94,0,1,0,190235963,0,31,0,128,0,"[0,0,7,-12,7,-13,7,-13,7,-13,6,-13,6,-13,5,-12,5,-13,5,-13,4,-13,3,-13,2,-13,2,-13,2,-13,2,-13,2,-13,2,-14,2,-14,3,-14,3,-14,3,-14,3,-14,3,-13,4,-13,4,-12,5,-12,0,0,0,0,0,0,0,0,0,0,0,0,0,0,0,0,0,0,0,0,0,0,2,-10,3,-10,4,-10,5,-10,6,-11,7,-10,7,-10,8,-10,8,-10,9,-10,9,-9,9,-9,9,-9,8,-9,8,-9,8,-9,8,-9,8,-10,8,-11,7,-11,6,-11,7,-11,7,-12,7,-12,7,-12,7,-13]"
2025-08-18 22:00:05.323978,CSI_DATA,1119,1a:00:00:00:00:00,-51,11,0,0,0,0,0,0,0,0,0,-94,0,1,0,190298012,0,42,0,128,0,"[0,0,-12,10,-11,10,-11,10,-11,10,-10,10,-10,10,-10,10,-9,10,-9,10,-8,10,-8,11,-7,11,-7,12,-7,12,-7,12,-6,12,-7,12,-7,12,-7,12,-8,12,-8,12,-8,12,-8,11,-8,11,-8,10,-9,10,0,0,0,0,0,0,0,0,0,0,0,0,0,0,0,0,0,0,0,0,0,0,-6,8,-7,8,-8,8,-9,8,-10,8,-10,8,-11,7,-12,7,-12,6,-13,6,-13,5,-13,5,-12,5,-12,5,-12,5,-12,5,-12,6,-11,7,-11,7,-11,8,-11,8,-11,9,-12,9,-11,9,-12,10,-11,9]"
2025-08-18 22:00:05.393007,CSI_DATA,1120,1a:00:00:00:00:00,-51,11,0,0,0,0,0,0,0,0,0,-94,0,1,0,190367198,0,31,0,128,0,"[0,0,12,-8,11,-8,11,-8,11,-8,11,-9,11,-8,10,-9,10,-9,9,-9,9,-10,9,-10,8,-10,8,-11,8,-11,8,-12,8,-11,8,-12,8,-12,9,-12,9,-11,9,-11,9,-11,9,-10,9,-10,10,-9,10,-9,0,0,0,0,0,0,0,0,0,0,0,0,0,0,0,0,0,0,0,0,0,0,7,-8,8,-8,8,-8,9,-7,10,-7,11,-6,12,-6,12,-5,12,-5,12,-4,12,-4,12,-3,12,-3,12,-4,12,-4,11,-4,12,-4,11,-5,11,-6,11,-6,12,-6,12,-7,12,-8,12,-7,11,-7,12,-8]"
2025-08-18 22:00:05.606401,CSI_DATA,1121,1a:00:00:00:00:00,-51,11,0,0,0,0,0,0,0,0,0,-94,0,1,0,190567797,0,31,0,128,0,"[0,0,13,-4,13,-4,12,-4,12,-4,12,-5,12,-5,11,-5,11,-6,11,-6,10,-6,10,-7,10,-7,10,-8,10,-8,10,-8,10,-8,10,-9,10,-8,11,-8,11,-8,11,-8,11,-7,11,-7,11,-7,11,-6,11,-5,0,0,0,0,0,0,0,0,0,0,0,0,0,0,0,0,0,0,0,0,0,0,8,-5,9,-4,10,-4,10,-3,11,-3,11,-2,12,-1,12,-1,12,0,12,0,12,0,11,1,11,0,11,0,11,0,11,0,11,-1,11,-2,11,-2,12,-2,11,-2,12,-3,12,-3,12,-3,13,-3,13,-4]"
2025-08-18 22:00:05.795979,CSI_DATA,1122,1a:00:00:00:00:00,-51,11,0,0,0,0,0,0,0,0,0,-94,0,1,0,190769097,0,31,0,128,0,"[0,0,-14,2,-14,2,-13,3,-14,3,-13,3,-13,3,-13,3,-12,4,-12,4,-12,5,-12,6,-11,6,-11,6,-11,6,-11,7,-11,7,-12,7,-12,7,-12,7,-12,7,-12,6,-12,6,-13,5,-12,5,-12,5,-13,4,0,0,0,0,0,0,0,0,0,0,0,0,0,0,0,0,0,0,0,0,0,0,-10,4,-10,4,-11,3,-12,2,-13,2,-13,1,-14,0,-14,0,-14,-1,-14,-2,-13,-2,-13,-2,-13,-2,-13,-2,-13,-1,-13,-1,-13,-1,-13,0,-13,0,-13,0,-13,0,-14,1,-14,2,-14,2,-14,2,-14,2]"
2025-08-18 22:00:05.991189,CSI_DATA,1123,1a:00:00:00:00:00,-51,11,0,0,0,0,0,0,0,0,0,-94,0,1,0,190970212,0,31,0,128,0,"[0,0,3,13,4,12,4,13,4,12,5,12,5,12,5,11,6,11,6,10,6,10,7,10,7,10,8,10,8,10,8,9,9,10,8,10,9,10,9,10,9,10,8,11,8,11,7,11,7,12,6,11,6,12,0,0,0,0,0,0,0,0,0,0,0,0,0,0,0,0,0,0,0,0,0,0,4,8,4,9,3,10,3,10,3,11,2,12,1,12,1,12,0,12,-1,12,-1,12,-1,12,-1,12,-1,12,0,12,0,11,0,12,1,11,1,12,2,12,2,12,3,12,1,13,0,12,2,11,3,13]"
2025-08-18 22:00:06.197035,CSI_DATA,1124,1a:00:00:00:00:00,-51,11,0,0,0,0,0,0,0,0,0,-94,0,1,0,191171702,0,31,0,128,0,"[0,0,-11,10,-10,9,-10,10,-9,10,-9,10,-9,10,-9,10,-8,10,-7,10,-7,10,-6,11,-6,11,-5,11,-5,12,-5,12,-5,12,-5,12,-6,12,-6,12,-6,12,-7,12,-7,12,-7,11,-7,11,-8,11,-8,10,0,0,0,0,0,0,0,0,0,0,0,0,0,0,0,0,0,0,0,0,0,0,-5,9,-6,9,-7,9,-8,9,-9,8,-10,8,-11,8,-11,8,-12,7,-12,6,-12,6,-12,6,-12,6,-11,6,-11,6,-11,6,-11,7,-10,7,-11,7,-11,8,-10,8,-10,8,-10,9,-10,9,-11,10,-10,10]"
2025-08-18 22:00:06.392062,CSI_DATA,1125,1a:00:00:00:00:00,-50,11,0,0,0,0,0,0,0,0,0,-94,0,1,0,191372580,0,31,0,128,0,"[0,0,10,9,10,8,10,8,10,7,10,7,10,7,10,6,11,6,10,5,11,4,11,4,11,4,12,3,12,3,12,3,12,3,13,3,13,3,13,3,13,4,12,4,12,5,12,5,11,5,11,5,11,6,0,0,0,0,0,0,0,0,0,0,0,0,0,0,0,0,0,0,0,0,0,0,9,4,9,5,9,6,9,7,9,8,9,9,8,10,8,10,8,10,7,11,7,11,6,11,7,11,6,11,6,10,6,10,7,10,7,9,8,10,8,9,8,9,9,9,9,9,10,9,10,9,10,9]"
2025-08-18 22:00:06.598617,CSI_DATA,1126,1a:00:00:00:00:00,-51,11,0,0,0,0,0,0,0,0,0,-94,0,1,0,191573828,0,31,0,128,0,"[0,0,-12,7,-11,7,-11,7,-10,8,-10,8,-9,8,-9,8,-9,9,-8,9,-8,9,-7,10,-6,10,-6,11,-6,11,-6,11,-6,12,-6,12,-7,12,-7,12,-7,12,-8,12,-8,12,-8,12,-8,11,-9,11,-9,10,0,0,0,0,0,0,0,0,0,0,0,0,0,0,0,0,0,0,0,0,0,0,-8,8,-9,7,-9,7,-10,6,-11,6,-12,6,-13,5,-13,4,-14,4,-14,3,-14,3,-13,3,-13,3,-13,3,-13,3,-13,3,-13,3,-12,4,-12,4,-12,4,-12,5,-12,5,-12,6,-12,6,-12,7,-12,7]"
2025-08-18 22:00:06.815396,CSI_DATA,1127,1a:00:00:00:00:00,-51,11,0,0,0,0,0,0,0,0,0,-94,0,1,0,191774963,0,31,0,128,0,"[0,0,-14,4,-13,4,-13,5,-13,5,-13,5,-12,5,-12,6,-12,6,-12,6,-11,7,-11,8,-11,8,-10,8,-10,8,-10,9,-10,9,-11,9,-11,9,-12,9,-12,9,-12,8,-12,8,-12,7,-12,7,-12,6,-12,6,0,0,0,0,0,0,0,0,0,0,0,0,0,0,0,0,0,0,0,0,0,0,-8,5,-9,5,-10,4,-10,4,-11,4,-12,3,-12,2,-13,2,-13,1,-13,1,-13,0,-13,0,-13,0,-13,0,-13,0,-13,1,-13,1,-13,1,-13,2,-13,2,-13,2,-13,3,-14,3,-14,4,-14,4,-14,4]"
2025-08-18 22:00:06.858286,CSI_DATA,1128,1a:00:00:00:00:00,-51,11,0,0,0,0,0,0,0,0,0,-94,0,1,0,191836130,0,42,0,128,0,"[0,0,1,13,1,13,1,12,2,12,2,12,2,12,3,12,4,11,4,11,4,11,4,11,5,11,5,11,6,11,6,11,7,11,7,11,6,12,6,12,6,12,6,12,5,12,5,12,4,12,3,12,3,12,0,0,0,0,0,0,0,0,0,0,0,0,0,0,0,0,0,0,0,0,0,0,2,8,2,8,1,9,1,10,0,10,0,11,-1,11,-1,11,-2,12,-3,11,-3,11,-4,11,-4,11,-3,11,-3,11,-2,11,-2,11,-2,11,-2,11,-1,12,-1,12,0,12,0,12,0,13,0,13,0,13]"
2025-08-18 22:00:06.928736,CSI_DATA,1129,1a:00:00:00:00:00,-51,11,0,0,0,0,0,0,0,0,0,-94,0,1,0,191899337,0,31,0,128,0,"[0,0,-1,-14,-2,-14,-2,-14,-2,-14,-2,-14,-3,-13,-3,-13,-4,-13,-4,-13,-5,-13,-5,-12,-6,-13,-6,-13,-6,-13,-7,-13,-7,-13,-7,-14,-7,-14,-7,-14,-6,-14,-6,-14,-5,-15,-5,-14,-5,-14,-4,-14,-3,-14,0,0,0,0,0,0,0,0,0,0,0,0,0,0,0,0,0,0,0,0,0,0,-2,-9,-2,-10,-1,-11,0,-11,0,-12,1,-12,2,-12,2,-12,3,-12,3,-12,4,-12,3,-12,3,-12,3,-11,3,-11,3,-11,2,-11,2,-12,1,-12,1,-12,1,-13,0,-13,0,-13,0,-13,-1,-13,-1,-13]"
2025-08-18 22:00:07.125856,CSI_DATA,1130,1a:00:00:00:00:00,-50,11,0,0,0,0,0,0,0,0,0,-94,0,1,0,192100371,0,31,0,128,0,"[0,0,11,-8,11,-8,11,-8,10,-8,10,-9,10,-9,10,-9,9,-9,9,-9,8,-10,8,-10,8,-11,8,-11,8,-12,8,-12,8,-12,8,-12,8,-12,9,-12,9,-12,9,-11,9,-11,9,-10,9,-10,10,-9,10,-9,0,0,0,0,0,0,0,0,0,0,0,0,0,0,0,0,0,0,0,0,0,0,6,-8,7,-8,8,-7,9,-7,10,-7,11,-6,11,-6,12,-5,12,-4,12,-4,12,-4,12,-4,11,-4,11,-4,11,-4,11,-4,11,-4,10,-5,11,-5,11,-6,11,-6,11,-6,11,-7,11,-7,11,-7,12,-8]"
2025-08-18 22:00:07.323089,CSI_DATA,1131,1a:00:00:00:00:00,-51,11,0,0,0,0,0,0,0,0,0,-94,0,1,0,192301552,0,31,0,128,0,"[0,0,3,13,3,13,3,12,4,12,4,12,4,12,4,12,5,11,5,11,6,11,6,10,7,10,7,10,7,10,8,10,8,10,8,11,7,10,7,11,7,11,7,11,7,11,6,11,5,11,5,11,4,11,0,0,0,0,0,0,0,0,0,0,0,0,0,0,0,0,0,0,0,0,0,0,4,8,3,9,3,10,2,10,2,11,1,11,0,12,-1,12,-1,12,-1,12,-2,12,-2,12,-2,12,-2,11,-1,11,-1,11,-1,11,0,11,0,12,1,12,1,12,1,12,2,13,2,13,2,13,2,13]"
2025-08-18 22:00:07.532267,CSI_DATA,1132,1a:00:00:00:00:00,-51,11,0,0,0,0,0,0,0,0,0,-94,0,1,0,192502787,0,31,0,128,0,"[0,0,-15,-3,-15,-3,-15,-3,-14,-3,-14,-2,-15,-2,-15,-1,-14,-1,-14,0,-14,0,-14,0,-14,1,-14,1,-15,2,-15,2,-15,2,-16,2,-16,1,-16,1,-16,1,-16,0,-15,0,-15,-1,-15,-1,-14,-2,-14,-3,0,0,0,0,0,0,0,0,0,0,0,0,0,0,0,0,0,0,0,0,0,0,-10,-1,-10,-2,-11,-3,-11,-3,-12,-4,-11,-5,-11,-6,-12,-6,-11,-7,-11,-7,-11,-8,-11,-8,-10,-7,-10,-7,-11,-7,-11,-6,-11,-6,-12,-6,-11,-5,-12,-5,-12,-5,-13,-4,-13,-3,-14,-4,-14,-4,-14,-3]"
2025-08-18 22:00:07.735039,CSI_DATA,1133,1a:00:00:00:00:00,-51,11,0,0,0,0,0,0,0,0,0,-94,0,1,0,192703922,0,31,0,128,0,"[0,0,-13,-7,-13,-6,-13,-6,-13,-6,-13,-6,-13,-5,-13,-5,-13,-4,-13,-4,-14,-3,-14,-3,-14,-3,-14,-2,-14,-2,-15,-1,-15,-2,-15,-2,-15,-2,-15,-2,-15,-3,-15,-3,-14,-4,-14,-4,-14,-5,-13,-5,-13,-5,0,0,0,0,0,0,0,0,0,0,0,0,0,0,0,0,0,0,0,0,0,0,-10,-2,-10,-3,-11,-4,-11,-5,-11,-6,-11,-7,-11,-8,-10,-8,-10,-9,-10,-9,-10,-9,-9,-9,-9,-9,-9,-9,-9,-9,-10,-9,-10,-8,-11,-8,-11,-8,-11,-8,-11,-8,-12,-7,-12,-7,-13,-7,-12,-7,-13,-7]"
2025-08-18 22:00:07.928332,CSI_DATA,1134,1a:00:00:00:00:00,-51,11,0,0,0,0,0,0,0,0,0,-94,0,1,0,192905051,0,31,0,128,0,"[0,0,14,1,13,0,13,0,13,0,13,-1,13,-1,13,-1,13,-2,13,-2,13,-3,12,-3,12,-4,12,-4,13,-4,13,-5,13,-5,13,-5,14,-5,14,-4,14,-4,14,-4,14,-3,13,-2,13,-2,13,-2,13,-1,0,0,0,0,0,0,0,0,0,0,0,0,0,0,0,0,0,0,0,0,0,0,9,-2,10,-2,10,-1,11,0,11,1,12,1,12,2,12,3,12,3,11,4,11,4,11,4,11,4,11,4,11,4,11,3,11,3,11,2,12,2,12,2,12,2,13,2,13,1,13,1,13,1,14,1]"
2025-08-18 22:00:08.125136,CSI_DATA,1135,1a:00:00:00:00:00,-51,11,0,0,0,0,0,0,0,0,0,-94,0,1,0,193106447,0,31,0,128,0,"[0,0,6,11,6,11,7,11,7,10,7,10,7,10,7,10,8,9,8,9,8,8,9,8,9,8,9,8,10,8,10,8,10,8,10,8,10,8,10,9,10,8,10,9,9,9,9,9,8,9,8,9,8,10,0,0,0,0,0,0,0,0,0,0,0,0,0,0,0,0,0,0,0,0,0,0,6,5,6,6,6,7,6,8,6,9,5,10,4,10,4,10,3,11,3,11,3,11,2,11,3,11,3,11,3,11,3,10,3,11,4,10,4,11,4,11,5,11,5,11,5,11,6,11,6,11,7,11]"
2025-08-18 22:00:08.342708,CSI_DATA,1136,1a:00:00:00:00:00,-51,11,0,0,0,0,0,0,0,0,0,-94,0,1,0,193307491,0,31,0,128,0,"[0,0,6,-12,5,-12,5,-12,5,-12,4,-13,4,-13,4,-13,3,-13,3,-13,2,-13,2,-14,1,-13,1,-14,1,-14,1,-15,1,-14,1,-15,2,-15,2,-15,2,-15,3,-15,3,-15,3,-15,4,-14,5,-14,5,-14,0,0,0,0,0,0,0,0,0,0,0,0,0,0,0,0,0,0,0,0,0,0,2,-8,3,-9,3,-9,4,-9,5,-9,6,-9,6,-9,7,-9,7,-9,7,-8,8,-8,8,-8,8,-8,8,-8,7,-8,7,-8,7,-9,7,-9,6,-9,6,-10,6,-10,6,-11,6,-11,6,-11,6,-11,6,-12]"
2025-08-18 22:00:08.394889,CSI_DATA,1137,1a:00:00:00:00:00,-51,11,0,0,0,0,0,0,0,0,0,-94,0,1,0,193370007,0,42,0,128,0,"[0,0,12,-6,12,-6,12,-6,12,-5,12,-5,11,-6,12,-5,11,-6,11,-7,11,-5,12,-5,11,-6,11,-6,11,-6,12,-7,12,-6,12,-6,13,-5,13,-5,14,-4,13,-3,14,-3,14,-1,14,0,13,0,13,2,0,0,0,0,0,0,0,0,0,0,0,0,0,0,0,0,0,0,0,0,0,0,3,-9,5,-8,2,-11,-3,-11,-15,1,4,-2,7,-14,11,-18,9,-5,10,-9,10,-6,9,-4,10,-4,11,-4,11,-4,9,-5,9,-4,11,-7,9,-6,11,-6,10,-5,11,-7,12,-5,12,-5,12,-5,13,-6]"
2025-08-18 22:00:08.460874,CSI_DATA,1138,1a:00:00:00:00:00,-51,11,0,0,0,0,0,0,0,0,0,-94,0,1,0,193436504,0,31,0,128,0,"[0,0,-3,13,-3,13,-2,13,-2,13,-2,13,-1,13,-1,13,0,13,0,13,1,12,1,13,2,13,2,13,3,14,3,14,3,14,3,14,3,15,3,15,2,15,2,15,1,15,1,15,0,15,-1,14,-2,14,0,0,0,0,0,0,0,0,0,0,0,0,0,0,0,0,0,0,0,0,0,0,-1,9,-2,10,-3,10,-3,11,-4,11,-5,11,-6,11,-7,11,-7,11,-7,10,-8,10,-8,10,-8,10,-7,10,-7,10,-7,9,-7,10,-6,10,-6,11,-5,11,-5,11,-4,12,-4,12,-4,13,-4,12,-4,13]"
2025-08-18 22:00:08.670701,CSI_DATA,1139,1a:00:00:00:00:00,-51,11,0,0,0,0,0,0,0,0,0,-94,0,1,0,193637601,0,31,0,128,0,"[0,0,7,11,7,10,7,10,7,10,8,10,8,9,8,9,8,9,8,8,9,7,9,7,10,7,10,7,10,7,11,7,11,7,11,7,11,7,11,8,11,8,10,8,10,9,10,9,9,9,9,9,8,10,0,0,0,0,0,0,0,0,0,0,0,0,0,0,0,0,0,0,0,0,0,0,6,5,6,6,6,7,5,8,5,8,5,9,4,10,4,10,3,10,3,11,3,11,2,11,3,11,3,10,3,10,3,10,3,10,4,10,4,10,5,10,5,10,6,10,6,10,6,11,7,11,7,11]"
2025-08-18 22:00:08.867690,CSI_DATA,1140,1a:00:00:00:00:00,-51,11,0,0,0,0,0,0,0,0,0,-94,0,1,0,193839654,0,31,0,128,0,"[0,0,-14,-1,-14,-1,-13,0,-13,0,-13,0,-13,1,-13,1,-12,1,-12,2,-12,3,-12,3,-12,4,-12,4,-12,4,-12,5,-13,5,-13,5,-14,5,-14,5,-14,4,-14,4,-14,3,-14,3,-14,2,-14,2,-14,1,0,0,0,0,0,0,0,0,0,0,0,0,0,0,0,0,0,0,0,0,0,0,-9,2,-10,1,-10,0,-11,0,-11,-1,-12,-2,-12,-2,-12,-3,-12,-4,-12,-4,-12,-4,-12,-5,-11,-5,-11,-4,-11,-4,-11,-4,-12,-3,-12,-3,-12,-3,-12,-2,-12,-3,-13,-2,-13,-1,-13,-1,-13,-1,-14,-1]"
2025-08-18 22:00:09.059742,CSI_DATA,1141,1a:00:00:00:00:00,-51,11,0,0,0,0,0,0,0,0,0,-94,0,1,0,194039856,0,31,0,128,0,"[0,0,6,12,6,12,6,11,7,11,7,11,7,10,8,10,8,10,8,9,9,9,9,8,10,8,10,8,10,8,11,8,11,8,11,9,11,9,11,9,11,9,10,10,10,10,10,10,9,10,9,10,8,11,0,0,0,0,0,0,0,0,0,0,0,0,0,0,0,0,0,0,0,0,0,0,6,7,6,7,6,8,5,9,5,10,4,11,4,12,3,12,2,12,2,12,2,12,1,12,2,12,2,12,2,12,2,11,2,11,3,11,3,11,4,11,4,11,5,11,5,12,6,12,5,12,6,12]"
2025-08-18 22:00:09.262834,CSI_DATA,1142,1a:00:00:00:00:00,-51,11,0,0,0,0,0,0,0,0,0,-94,0,1,0,194241227,0,31,0,128,0,"[0,0,12,4,12,3,12,3,13,3,12,2,12,1,12,1,12,1,12,0,12,-1,12,-1,12,-2,13,-2,12,-2,13,-3,13,-3,14,-3,14,-3,15,-3,15,-3,15,-2,15,-1,15,-1,15,0,15,1,15,1,0,0,0,0,0,0,0,0,0,0,0,0,0,0,0,0,0,0,0,0,0,0,9,0,9,1,10,2,10,3,11,4,11,5,11,5,11,6,10,6,10,7,9,8,9,8,9,8,9,7,9,7,9,7,9,6,10,6,10,6,11,5,11,5,11,5,12,5,12,5,12,5,12,4]"
2025-08-18 22:00:09.461705,CSI_DATA,1143,1a:00:00:00:00:00,-52,11,0,0,0,0,0,0,0,0,0,-94,0,1,0,194442395,0,31,0,128,0,"[0,0,10,8,10,7,10,7,11,6,11,6,11,6,11,5,11,4,11,4,12,3,12,3,12,2,13,2,13,2,13,1,13,1,14,2,14,2,14,2,14,2,14,3,14,3,14,4,14,4,13,5,13,6,0,0,0,0,0,0,0,0,0,0,0,0,0,0,0,0,0,0,0,0,0,0,8,4,8,5,8,6,8,7,8,8,8,9,7,10,7,10,6,10,6,11,5,11,5,11,5,11,5,10,5,10,5,9,6,9,6,9,7,9,7,8,8,8,8,8,9,8,9,8,10,8,10,8]"
2025-08-18 22:00:09.665134,CSI_DATA,1144,1a:00:00:00:00:00,-52,11,0,0,0,0,0,0,0,0,0,-94,0,1,0,194643521,0,31,0,128,0,"[0,0,4,12,4,11,5,12,5,11,6,11,6,10,7,10,7,10,8,9,8,8,9,9,10,8,10,9,11,9,11,9,12,9,12,9,12,10,12,10,12,11,12,11,11,12,11,12,10,12,10,13,9,14,0,0,0,0,0,0,0,0,0,0,0,0,0,0,0,0,0,0,0,0,0,0,4,9,3,10,3,10,2,12,2,12,1,13,0,13,-1,13,-2,13,-2,13,-2,13,-3,12,-2,12,-2,12,-2,12,-2,11,-1,12,-1,11,0,12,1,12,1,11,1,12,2,11,3,12,3,12,3,12]"
2025-08-18 22:00:09.883076,CSI_DATA,1145,1a:00:00:00:00:00,-51,11,0,0,0,0,0,0,0,0,0,-94,0,1,0,194844667,0,31,0,128,0,"[0,0,-4,12,-4,12,-3,12,-3,12,-2,12,-2,12,-2,12,-1,12,-1,12,1,12,1,12,2,12,2,13,3,13,3,13,3,14,3,14,3,14,2,15,1,15,1,15,1,15,1,15,0,15,-1,15,-2,15,0,0,0,0,0,0,0,0,0,0,0,0,0,0,0,0,0,0,0,0,0,0,-2,10,-3,10,-3,11,-4,11,-5,11,-7,11,-8,11,-8,10,-9,10,-9,10,-9,10,-9,10,-9,9,-8,9,-8,9,-8,9,-8,9,-7,9,-7,10,-7,10,-6,10,-6,10,-5,11,-4,11,-4,12,-4,12]"
2025-08-18 22:00:09.937156,CSI_DATA,1146,1a:00:00:00:00:00,-52,11,0,0,0,0,0,0,0,0,0,-94,0,1,0,194905989,0,42,0,128,0,"[0,0,-8,-11,-9,-10,-9,-10,-10,-10,-10,-10,-10,-9,-11,-9,-11,-8,-11,-8,-12,-7,-12,-7,-13,-6,-13,-6,-14,-6,-14,-6,-14,-6,-15,-6,-15,-7,-15,-7,-15,-7,-15,-8,-15,-8,-14,-9,-14,-9,-13,-10,-13,-10,0,0,0,0,0,0,0,0,0,0,0,0,0,0,0,0,0,0,0,0,0,0,-8,-7,-8,-9,-7,-10,-7,-11,-7,-11,-6,-12,-5,-13,-5,-13,-4,-13,-4,-13,-3,-13,-3,-13,-3,-13,-3,-13,-4,-13,-4,-12,-4,-12,-5,-12,-5,-12,-6,-12,-6,-12,-6,-12,-7,-11,-8,-11,-8,-11,-8,-11]"
2025-08-18 22:00:09.991941,CSI_DATA,1147,1a:00:00:00:00:00,-52,11,0,0,0,0,0,0,0,0,0,-94,0,1,0,194970929,0,31,0,128,0,"[0,0,6,11,6,11,7,11,7,10,8,10,7,10,8,10,9,9,9,9,9,8,10,8,11,8,12,8,12,8,12,8,13,8,12,8,13,9,13,9,12,10,12,10,12,11,11,11,11,11,10,11,10,12,0,0,0,0,0,0,0,0,0,0,0,0,0,0,0,0,0,0,0,0,0,0,5,8,5,9,4,10,4,11,3,11,3,12,1,13,1,13,0,13,0,12,0,12,0,12,0,12,0,12,0,12,0,11,1,11,1,11,2,12,2,12,3,11,3,11,4,11,5,11,5,11,6,11]"
2025-08-18 22:00:10.198128,CSI_DATA,1148,1a:00:00:00:00:00,-52,11,0,0,0,0,0,0,0,0,0,-94,0,1,0,195172664,0,31,0,128,0,"[0,0,11,-7,11,-7,10,-7,11,-8,10,-8,9,-8,9,-9,9,-9,8,-10,8,-10,8,-10,7,-11,7,-11,7,-11,7,-13,7,-12,8,-13,7,-13,8,-13,8,-13,8,-13,9,-12,9,-12,10,-11,10,-11,10,-10,0,0,0,0,0,0,0,0,0,0,0,0,0,0,0,0,0,0,0,0,0,0,8,-7,9,-7,10,-6,10,-5,12,-5,12,-4,13,-4,13,-3,13,-3,13,-2,13,-1,13,-1,13,-1,12,-1,12,-2,12,-2,11,-2,12,-3,11,-3,11,-4,11,-4,11,-5,12,-5,11,-5,12,-6,11,-6]"
2025-08-18 22:00:10.418605,CSI_DATA,1149,1a:00:00:00:00:00,-52,11,0,0,0,0,0,0,0,0,0,-94,0,1,0,195375574,0,31,0,128,0,"[0,0,-14,-2,-14,-2,-14,-2,-14,-1,-14,0,-13,0,-13,1,-13,1,-13,2,-13,2,-13,3,-13,4,-13,4,-13,5,-14,5,-14,5,-15,5,-15,5,-16,5,-16,5,-16,5,-16,4,-16,3,-16,3,-16,2,-16,1,0,0,0,0,0,0,0,0,0,0,0,0,0,0,0,0,0,0,0,0,0,0,-11,0,-11,-1,-12,-2,-12,-3,-13,-4,-13,-4,-13,-5,-13,-6,-13,-6,-12,-7,-12,-7,-12,-8,-12,-7,-11,-7,-11,-7,-11,-6,-12,-6,-12,-5,-12,-5,-12,-5,-13,-4,-13,-4,-13,-3,-13,-3,-13,-3,-13,-2]"
2025-08-18 22:00:10.601386,CSI_DATA,1150,1a:00:00:00:00:00,-52,11,0,0,0,0,0,0,0,0,0,-94,0,1,0,195575067,0,31,0,128,0,"[0,0,-13,5,-13,5,-13,5,-13,6,-12,6,-12,6,-12,7,-11,7,-11,7,-11,8,-10,8,-10,9,-10,9,-10,10,-10,10,-10,11,-10,11,-11,11,-11,11,-11,11,-12,10,-12,10,-12,9,-12,9,-13,8,-13,7,0,0,0,0,0,0,0,0,0,0,0,0,0,0,0,0,0,0,0,0,0,0,-8,4,-9,4,-10,4,-11,3,-11,3,-12,2,-13,2,-13,1,-13,0,-13,0,-13,0,-13,-1,-13,-1,-12,0,-12,0,-12,0,-12,1,-12,1,-12,1,-12,2,-12,2,-13,3,-13,4,-13,4,-13,4,-13,5]"
2025-08-18 22:00:10.802207,CSI_DATA,1151,1a:00:00:00:00:00,-52,11,0,0,0,0,0,0,0,0,0,-94,0,1,0,195776175,0,31,0,128,0,"[0,0,12,-6,11,-6,11,-6,11,-7,11,-7,10,-7,10,-8,9,-9,9,-9,9,-9,9,-10,8,-10,8,-11,8,-12,8,-12,8,-13,9,-13,9,-13,10,-13,10,-13,11,-13,11,-12,11,-12,11,-12,12,-11,13,-10,0,0,0,0,0,0,0,0,0,0,0,0,0,0,0,0,0,0,0,0,0,0,8,-5,9,-5,9,-4,10,-4,11,-4,12,-3,12,-2,13,-2,13,-1,12,-1,12,0,12,0,12,0,11,0,12,-1,11,-1,11,-1,11,-2,11,-2,11,-3,11,-3,12,-3,12,-4,11,-5,11,-5,12,-5]"
2025-08-18 22:00:10.857306,CSI_DATA,1152,1a:00:00:00:00:00,-52,11,0,0,0,0,0,0,0,0,0,-94,0,1,0,195802548,0,28,0,128,0,"[0,0,-14,0,-14,-1,-13,0,-13,0,-13,1,-13,1,-13,2,-13,2,-13,3,-13,4,-12,4,-13,5,-12,5,-13,6,-13,7,-14,7,-14,7,-14,7,-15,7,-15,6,-15,6,-16,5,-16,4,-16,4,-16,3,-16,2,0,0,0,0,0,0,0,0,0,0,0,0,0,0,0,0,0,0,0,0,0,0,-10,1,-11,0,-11,-1,-12,-2,-12,-3,-12,-3,-12,-4,-12,-5,-12,-5,-12,-6,-12,-6,-11,-6,-11,-6,-11,-6,-11,-5,-11,-5,-11,-4,-12,-4,-11,-4,-12,-3,-12,-3,-12,-2,-13,-2,-13,-2,-13,-1,-13,-1]"
2025-08-18 22:00:11.000395,CSI_DATA,1153,1a:00:00:00:00:00,-52,11,0,0,0,0,0,0,0,0,0,-94,0,1,0,195977402,0,31,0,128,0,"[0,0,-5,11,-4,11,-4,11,-3,12,-2,12,-2,12,-2,12,-1,12,0,12,0,12,0,12,1,12,1,13,2,13,2,14,2,14,3,15,2,15,2,15,2,16,1,16,1,16,0,16,-1,16,-1,15,-2,15,0,0,0,0,0,0,0,0,0,0,0,0,0,0,0,0,0,0,0,0,0,0,-4,9,-4,9,-5,9,-6,9,-7,9,-8,9,-9,9,-9,9,-10,8,-10,8,-10,7,-10,7,-10,7,-9,7,-9,7,-9,7,-8,8,-8,8,-7,8,-7,9,-6,9,-6,9,-6,10,-6,10,-6,10,-5,10]"
2025-08-18 22:00:11.204202,CSI_DATA,1154,1a:00:00:00:00:00,-52,11,0,0,0,0,0,0,0,0,0,-94,0,1,0,196178536,0,31,0,128,0,"[0,0,11,-7,10,-8,10,-8,10,-8,9,-9,9,-9,9,-9,8,-10,8,-10,7,-11,6,-11,6,-12,6,-12,6,-13,6,-13,6,-14,6,-14,7,-14,7,-15,8,-14,8,-14,9,-14,9,-14,9,-13,10,-13,11,-12,0,0,0,0,0,0,0,0,0,0,0,0,0,0,0,0,0,0,0,0,0,0,7,-7,8,-7,9,-6,10,-6,10,-6,11,-5,12,-4,12,-4,12,-3,12,-3,12,-3,12,-2,12,-3,12,-3,12,-3,11,-3,11,-4,11,-4,11,-4,11,-4,11,-5,11,-5,11,-6,11,-7,11,-7,11,-7]"
2025-08-18 22:00:11.410183,CSI_DATA,1155,1a:00:00:00:00:00,-52,11,0,0,0,0,0,0,0,0,0,-94,0,1,0,196379898,0,31,0,128,0,"[0,0,-12,-6,-12,-6,-12,-5,-12,-5,-13,-4,-12,-4,-13,-4,-12,-3,-12,-2,-13,-1,-13,-1,-13,-1,-13,0,-14,0,-14,1,-15,1,-15,1,-16,1,-16,0,-16,0,-16,-1,-16,-1,-16,-2,-16,-3,-15,-3,-15,-4,0,0,0,0,0,0,0,0,0,0,0,0,0,0,0,0,0,0,0,0,0,0,-9,-3,-10,-3,-10,-4,-10,-5,-10,-6,-10,-7,-10,-8,-10,-8,-10,-9,-10,-9,-9,-9,-9,-9,-9,-9,-9,-9,-9,-9,-9,-8,-9,-8,-9,-8,-10,-8,-11,-8,-11,-7,-11,-7,-12,-7,-12,-7,-12,-7,-12,-6]"
2025-08-18 22:00:11.471176,CSI_DATA,1156,1a:00:00:00:00:00,-52,11,0,0,0,0,0,0,0,0,0,-94,0,1,0,196442000,0,42,0,128,0,"[0,0,-13,-4,-13,-4,-13,-3,-13,-3,-14,-3,-13,-3,-14,-2,-14,-1,-14,-1,-14,0,-14,1,-14,1,-15,2,-15,2,-15,2,-15,3,-16,2,-17,3,-17,3,-17,1,-17,1,-18,0,-17,-1,-17,-1,-17,-2,-17,-3,0,0,0,0,0,0,0,0,0,0,0,0,0,0,0,0,0,0,0,0,0,0,-9,-3,-10,-3,-10,-5,-10,-5,-11,-6,-10,-7,-10,-8,-10,-8,-10,-9,-9,-9,-9,-9,-9,-9,-9,-9,-9,-9,-9,-8,-9,-8,-9,-8,-10,-7,-10,-7,-10,-7,-11,-6,-11,-6,-11,-5,-12,-5,-13,-5,-12,-5]"
2025-08-18 22:00:11.577066,CSI_DATA,1157,1a:00:00:00:00:00,-52,11,0,0,0,0,0,0,0,0,0,-94,0,1,0,196553664,0,31,0,128,0,"[0,0,11,-7,9,-5,10,-7,9,-5,10,-6,10,-5,9,-5,8,-6,7,-6,7,-8,8,-6,6,-12,7,-8,7,-7,6,-10,8,-11,17,-20,16,-11,9,-9,2,-11,5,-8,14,-12,13,-12,5,-4,21,7,26,-4,0,0,0,0,0,0,0,0,0,0,0,0,0,0,0,0,0,0,0,0,0,0,2,-9,3,-9,4,-9,6,-9,6,-9,7,-9,8,-8,9,-8,9,-7,9,-6,10,-6,9,-5,10,-5,10,-5,9,-5,9,-5,9,-5,9,-5,9,-6,9,-5,10,-6,10,-6,9,-6,10,-6,11,-6,10,-6]"
2025-08-18 22:00:11.784001,CSI_DATA,1158,1a:00:00:00:00:00,-52,11,0,0,0,0,0,0,0,0,0,-94,0,1,0,196754735,0,31,0,128,0,"[0,0,-13,-4,-12,-4,-13,-3,-12,-3,-13,-2,-13,-2,-12,-1,-12,0,-12,1,-12,2,-12,2,-12,3,-13,4,-13,4,-13,5,-14,5,-14,5,-15,6,-15,5,-15,5,-16,4,-16,4,-16,3,-16,3,-16,2,-16,1,0,0,0,0,0,0,0,0,0,0,0,0,0,0,0,0,0,0,0,0,0,0,-11,-2,-12,-3,-11,-4,-12,-6,-12,-6,-12,-7,-12,-8,-11,-9,-11,-9,-11,-9,-11,-9,-10,-10,-10,-10,-10,-9,-10,-9,-10,-8,-10,-8,-10,-7,-11,-8,-11,-7,-11,-7,-12,-6,-12,-6,-12,-5,-12,-5,-12,-5]"
2025-08-18 22:00:11.981522,CSI_DATA,1159,1a:00:00:00:00:00,-52,11,0,0,0,0,0,0,0,0,0,-94,0,1,0,196955845,0,31,0,128,0,"[0,0,-12,6,-11,6,-11,7,-11,7,-11,7,-10,7,-10,7,-9,8,-9,9,-8,9,-7,10,-7,10,-7,11,-7,12,-6,12,-7,13,-6,13,-8,14,-8,14,-8,14,-9,14,-10,13,-9,13,-10,13,-11,13,-12,12,0,0,0,0,0,0,0,0,0,0,0,0,0,0,0,0,0,0,0,0,0,0,-9,6,-10,6,-10,5,-12,4,-12,4,-13,3,-14,2,-14,2,-14,1,-14,1,-14,1,-14,0,-13,0,-13,1,-13,1,-13,1,-13,1,-12,2,-13,2,-12,3,-12,3,-12,3,-12,4,-12,5,-12,5,-12,6]"
2025-08-18 22:00:12.186606,CSI_DATA,1160,1a:00:00:00:00:00,-52,11,0,0,0,0,0,0,0,0,0,-94,0,1,0,197160291,0,31,0,128,0,"[0,0,4,-12,3,-12,2,-13,2,-13,2,-13,1,-13,0,-13,0,-13,-1,-13,-2,-14,-2,-14,-3,-14,-4,-15,-4,-15,-4,-16,-4,-16,-4,-17,-4,-17,-4,-18,-3,-18,-3,-18,-2,-18,-2,-18,-1,-18,0,-18,1,-18,0,0,0,0,0,0,0,0,0,0,0,0,0,0,0,0,0,0,0,0,0,0,3,-10,4,-10,5,-10,6,-10,6,-10,7,-10,8,-10,8,-9,9,-9,9,-9,9,-8,9,-8,8,-8,8,-8,8,-8,8,-8,8,-8,7,-9,7,-10,6,-10,6,-10,6,-11,5,-11,5,-11,4,-12,5,-12]"
2025-08-18 22:00:12.395653,CSI_DATA,1161,1a:00:00:00:00:00,-52,11,0,0,0,0,0,0,0,0,0,-94,0,1,0,197363626,0,31,0,128,0,"[0,0,12,4,12,3,11,2,12,2,12,2,12,1,12,0,12,0,12,-1,12,-2,12,-2,12,-3,13,-4,13,-4,13,-5,14,-5,14,-5,14,-5,15,-5,16,-4,16,-4,16,-3,16,-2,16,-2,16,-1,16,0,0,0,0,0,0,0,0,0,0,0,0,0,0,0,0,0,0,0,0,0,0,0,10,2,10,3,10,4,10,5,11,6,10,6,10,7,10,8,10,9,9,9,9,9,8,9,8,9,8,8,8,8,8,7,8,7,9,6,9,6,10,6,10,6,10,5,11,5,11,5,11,5,12,4]"
2025-08-18 22:00:12.587789,CSI_DATA,1162,1a:00:00:00:00:00,-52,11,0,0,0,0,0,0,0,0,0,-94,0,1,0,197559567,0,31,0,128,0,"[0,0,-1,-14,-2,-13,-2,-12,-1,-13,-3,-16,-3,-12,-4,-13,-3,-13,-4,-12,-5,-12,-8,-13,-6,-13,-5,-16,-5,-16,-7,-15,-8,-15,-9,-16,-8,-14,-7,-18,-6,-17,-5,-16,-5,-17,-4,-17,-5,-17,-3,-17,-3,-16,0,0,0,0,0,0,0,0,0,0,0,0,0,0,0,0,0,0,0,0,0,0,-1,-9,0,-10,1,-11,1,-11,2,-11,3,-12,4,-12,5,-12,5,-12,5,-11,6,-11,6,-11,5,-11,5,-11,5,-11,5,-11,4,-11,4,-11,3,-11,3,-12,3,-12,1,-13,1,-13,1,-12,1,-13,0,-14]"
2025-08-18 22:00:12.785688,CSI_DATA,1163,1a:00:00:00:00:00,-52,11,0,0,0,0,0,0,0,0,0,-94,0,1,0,197760647,0,31,0,128,0,"[0,0,12,-5,11,-6,11,-6,11,-6,11,-7,10,-7,10,-7,9,-8,9,-8,8,-9,8,-10,7,-10,8,-10,8,-11,7,-12,8,-12,8,-12,8,-13,9,-13,9,-12,9,-12,10,-11,10,-11,10,-11,10,-10,11,-9,0,0,0,0,0,0,0,0,0,0,0,0,0,0,0,0,0,0,0,0,0,0,8,-7,9,-6,10,-5,11,-5,12,-4,13,-4,13,-3,14,-3,14,-2,14,-1,14,-1,13,0,13,-1,12,0,13,-1,12,-2,12,-1,12,-2,12,-2,12,-3,12,-3,12,-4,12,-4,13,-5,12,-4,12,-5]"
2025-08-18 22:00:12.980774,CSI_DATA,1164,1a:00:00:00:00:00,-52,11,0,0,0,0,0,0,0,0,0,-94,0,1,0,197961806,0,31,0,128,0,"[0,0,12,4,12,4,12,4,12,3,13,3,12,3,12,2,12,2,12,1,13,1,13,0,13,0,13,0,13,-1,14,-2,14,-2,14,-1,15,-1,15,-1,15,0,15,1,15,1,14,2,14,2,14,3,13,4,0,0,0,0,0,0,0,0,0,0,0,0,0,0,0,0,0,0,0,0,0,0,8,2,9,2,9,3,9,4,9,5,9,6,9,6,8,7,8,7,8,8,8,8,7,8,7,8,8,7,8,7,8,7,8,6,9,6,9,6,9,6,10,5,10,5,11,5,11,5,11,5,12,4]"
2025-08-18 22:00:13.055493,CSI_DATA,1165,1a:00:00:00:00:00,-52,11,0,0,0,0,0,0,0,0,0,-94,0,1,0,198022456,0,42,0,128,0,"[0,0,-13,6,-13,6,-12,6,-12,7,-12,7,-12,7,-11,7,-10,8,-10,8,-10,9,-10,9,-9,10,-9,10,-9,11,-9,12,-9,11,-10,12,-10,12,-11,12,-11,12,-11,12,-12,11,-12,10,-12,10,-12,9,-13,8,0,0,0,0,0,0,0,0,0,0,0,0,0,0,0,0,0,0,0,0,0,0,-9,5,-10,5,-10,4,-11,4,-12,3,-12,3,-13,2,-13,2,-13,1,-14,0,-13,0,-13,0,-13,0,-13,0,-12,1,-13,1,-12,1,-13,2,-12,2,-12,3,-13,3,-13,4,-13,4,-13,5,-13,5,-13,5]"
2025-08-18 22:00:13.177568,CSI_DATA,1166,1a:00:00:00:00:00,-51,11,0,0,0,0,0,0,0,0,0,-94,0,1,0,198145854,0,31,0,128,0,"[0,0,-6,-13,-6,-12,-7,-12,-6,-11,-7,-11,-7,-11,-8,-11,-8,-10,-8,-10,-9,-9,-9,-9,-10,-9,-10,-9,-11,-9,-10,-9,-11,-8,-11,-9,-11,-10,-11,-10,-11,-10,-11,-11,-10,-11,-10,-11,-10,-11,-9,-11,-8,-11,0,0,0,0,0,0,0,0,0,0,0,0,0,0,0,0,0,0,0,0,0,0,-6,-8,-6,-9,-6,-10,-5,-11,-5,-11,-4,-12,-3,-12,-2,-13,-2,-13,-2,-13,-1,-13,-1,-13,-2,-12,-2,-12,-2,-12,-2,-12,-2,-12,-3,-11,-3,-12,-4,-12,-4,-12,-4,-12,-5,-12,-5,-12,-5,-12,-6,-12]"
2025-08-18 22:00:13.386575,CSI_DATA,1167,1a:00:00:00:00:00,-52,11,0,0,0,0,0,0,0,0,0,-94,0,1,0,198346997,0,31,0,128,0,"[0,0,-14,-5,-14,-5,-13,-5,-13,-4,-14,-4,-13,-3,-13,-3,-13,-2,-13,-2,-13,-1,-13,-1,-14,0,-14,0,-14,1,-14,1,-15,1,-15,1,-15,1,-16,1,-16,0,-16,0,-16,-1,-15,-2,-15,-2,-15,-3,-15,-3,0,0,0,0,0,0,0,0,0,0,0,0,0,0,0,0,0,0,0,0,0,0,-10,-1,-10,-2,-10,-4,-11,-4,-11,-5,-11,-6,-11,-7,-11,-7,-10,-8,-10,-8,-10,-8,-10,-8,-10,-8,-10,-8,-9,-8,-10,-7,-10,-7,-10,-6,-11,-6,-11,-6,-12,-6,-12,-6,-13,-5,-13,-5,-13,-5,-13,-5]"
2025-08-18 22:00:13.570184,CSI_DATA,1168,1a:00:00:00:00:00,-51,11,0,0,0,0,0,0,0,0,0,-94,0,1,0,198548195,0,31,0,128,0,"[0,0,5,12,5,12,5,12,6,11,6,12,6,11,7,11,7,10,7,10,8,10,8,10,9,10,9,10,10,10,10,9,10,10,10,10,10,10,11,11,10,11,10,11,9,12,8,12,8,12,7,12,7,13,0,0,0,0,0,0,0,0,0,0,0,0,0,0,0,0,0,0,0,0,0,0,4,8,3,9,3,9,2,10,2,10,1,11,1,11,0,11,0,12,-1,11,-1,11,-1,11,-1,11,-1,11,0,11,0,10,0,11,1,10,2,11,2,11,2,11,3,11,3,11,4,12,4,12,4,12]"
2025-08-18 22:00:13.771554,CSI_DATA,1169,1a:00:00:00:00:00,-51,11,0,0,0,0,0,0,0,0,0,-94,0,1,0,198749540,0,31,0,128,0,"[0,0,12,2,12,1,12,1,13,0,12,0,12,-1,12,-1,12,-2,12,-3,12,-3,12,-4,12,-5,13,-5,13,-6,13,-6,13,-6,14,-7,14,-7,15,-7,16,-6,16,-5,16,-5,16,-4,16,-4,16,-3,16,-2,0,0,0,0,0,0,0,0,0,0,0,0,0,0,0,0,0,0,0,0,0,0,9,0,10,1,10,2,10,3,10,4,10,4,10,5,10,6,10,6,10,7,9,7,9,7,9,7,9,6,9,6,9,6,9,5,10,4,10,4,10,4,11,4,11,4,12,3,12,3,12,3,12,2]"
2025-08-18 22:00:13.980566,CSI_DATA,1170,1a:00:00:00:00:00,-52,11,0,0,0,0,0,0,0,0,0,-94,0,1,0,198950601,0,31,0,128,0,"[0,0,-10,-8,-11,-8,-11,-7,-11,-7,-12,-7,-12,-6,-12,-6,-12,-5,-12,-5,-12,-4,-13,-4,-13,-3,-14,-3,-14,-3,-15,-2,-14,-2,-15,-3,-16,-3,-16,-3,-16,-3,-16,-4,-15,-5,-15,-5,-15,-6,-14,-6,-14,-7,0,0,0,0,0,0,0,0,0,0,0,0,0,0,0,0,0,0,0,0,0,0,-9,-6,-9,-7,-10,-8,-9,-8,-9,-9,-9,-10,-8,-11,-8,-11,-7,-11,-7,-12,-6,-12,-6,-11,-6,-12,-6,-11,-6,-11,-7,-10,-7,-10,-7,-10,-8,-10,-8,-10,-8,-9,-9,-9,-9,-9,-10,-9,-10,-8,-10,-8]"
2025-08-18 22:00:14.174633,CSI_DATA,1171,1a:00:00:00:00:00,-52,11,0,0,0,0,0,0,0,0,0,-94,0,1,0,199151739,0,31,0,128,0,"[0,0,12,2,12,1,11,0,12,0,12,0,12,-1,12,-1,12,-2,12,-3,12,-4,12,-4,12,-5,12,-5,12,-6,13,-6,13,-7,14,-7,14,-7,15,-7,15,-6,15,-6,15,-5,16,-4,16,-4,16,-3,16,-2,0,0,0,0,0,0,0,0,0,0,0,0,0,0,0,0,0,0,0,0,0,0,10,0,10,1,11,2,11,3,11,4,11,5,11,6,11,6,11,7,10,8,10,8,9,8,9,8,9,7,9,7,9,6,9,6,10,5,10,5,10,5,10,4,11,4,11,3,11,3,11,3,11,2]"
2025-08-18 22:00:14.377920,CSI_DATA,1172,1a:00:00:00:00:00,-51,11,0,0,0,0,0,0,0,0,0,-94,0,1,0,199352963,0,31,0,128,0,"[0,0,12,2,12,1,11,1,12,0,11,0,11,-1,12,-1,11,-2,11,-3,12,-4,12,-4,11,-5,11,-5,12,-5,13,-6,12,-6,13,-6,14,-7,14,-6,15,-6,15,-6,15,-5,15,-4,15,-4,15,-3,15,-2,0,0,0,0,0,0,0,0,0,0,0,0,0,0,0,0,0,0,0,0,0,0,10,1,10,2,11,3,11,4,11,4,11,5,11,7,11,7,11,7,11,8,10,8,9,8,10,8,9,8,9,7,9,7,9,6,10,6,10,5,10,5,10,4,11,4,11,4,11,4,11,3,12,3]"
2025-08-18 22:00:14.578711,CSI_DATA,1173,1a:00:00:00:00:00,-51,11,0,0,0,0,0,0,0,0,0,-94,0,1,0,199554166,0,31,0,128,0,"[0,0,-8,10,-7,9,-7,10,-6,10,-5,10,-5,10,-5,10,-4,11,-3,11,-2,11,-2,12,-1,12,-1,13,0,13,-1,13,0,14,0,14,-1,15,-1,15,-2,16,-2,16,-3,15,-3,15,-3,15,-4,15,-5,15,0,0,0,0,0,0,0,0,0,0,0,0,0,0,0,0,0,0,0,0,0,0,-6,9,-7,9,-8,8,-9,9,-9,8,-11,8,-11,8,-12,7,-12,6,-12,6,-12,6,-12,6,-11,6,-11,6,-11,6,-11,6,-11,6,-10,7,-10,7,-10,7,-9,8,-9,8,-9,9,-8,9,-9,9,-8,10]"
2025-08-18 22:00:14.640940,CSI_DATA,1174,1a:00:00:00:00:00,-52,11,0,0,0,0,0,0,0,0,0,-94,0,1,0,199616728,0,42,0,128,0,"[0,0,12,-3,11,-3,11,-4,11,-4,10,-5,10,-5,10,-6,10,-6,10,-7,10,-8,9,-8,9,-9,9,-9,9,-10,9,-11,9,-11,10,-12,10,-12,11,-12,11,-12,12,-11,12,-11,13,-10,13,-10,13,-9,14,-8,0,0,0,0,0,0,0,0,0,0,0,0,0,0,0,0,0,0,0,0,0,0,10,-4,11,-3,11,-3,12,-2,12,-1,13,0,13,1,14,1,13,2,13,3,13,3,12,3,12,3,12,3,12,2,12,2,12,2,12,0,12,1,12,0,12,0,12,0,12,-1,12,-1,13,-2,12,-2]"
2025-08-18 22:00:14.708917,CSI_DATA,1175,1a:00:00:00:00:00,-53,11,0,0,0,0,0,0,0,0,0,-94,0,1,0,199682398,0,31,0,128,0,"[0,0,4,11,5,11,5,10,6,10,6,9,6,9,7,9,7,8,8,8,8,7,9,7,10,7,11,7,11,7,12,7,12,7,13,7,13,8,13,8,13,9,13,9,13,10,13,11,12,11,11,11,10,12,0,0,0,0,0,0,0,0,0,0,0,0,0,0,0,0,0,0,0,0,0,0,5,9,4,10,4,11,3,11,3,12,1,12,1,13,0,13,-1,14,-1,14,-2,13,-2,13,-2,13,-1,13,-1,12,-1,12,-1,12,0,12,0,12,1,12,1,12,2,12,2,12,3,12,3,12,3,11]"
2025-08-18 22:00:14.927363,CSI_DATA,1176,1a:00:00:00:00:00,-52,11,0,0,0,0,0,0,0,0,0,-94,0,1,0,199883461,0,31,0,128,0,"[0,0,-13,0,-13,0,-13,1,-12,2,-12,3,-12,3,-12,3,-12,4,-12,5,-11,6,-11,7,-11,7,-11,8,-11,9,-11,9,-12,10,-12,10,-13,10,-14,10,-14,10,-14,10,-15,9,-15,8,-15,8,-15,7,-16,6,0,0,0,0,0,0,0,0,0,0,0,0,0,0,0,0,0,0,0,0,0,0,-11,0,-12,-1,-12,-2,-13,-3,-13,-3,-14,-4,-13,-6,-13,-6,-13,-7,-13,-7,-12,-7,-12,-7,-12,-7,-12,-7,-12,-6,-12,-6,-12,-5,-12,-5,-12,-4,-12,-4,-12,-4,-12,-3,-13,-2,-13,-2,-13,-1,-13,-1]"
2025-08-18 22:00:15.115568,CSI_DATA,1177,1a:00:00:00:00:00,-52,11,0,0,0,0,0,0,0,0,0,-94,0,1,0,200086695,0,31,0,128,0,"[0,0,-13,2,-12,2,-12,3,-12,4,-12,4,-11,5,-11,5,-10,6,-10,7,-10,8,-10,8,-10,9,-9,9,-9,10,-10,11,-10,11,-10,11,-11,12,-11,12,-11,12,-12,11,-12,11,-13,10,-13,10,-13,9,-13,8,0,0,0,0,0,0,0,0,0,0,0,0,0,0,0,0,0,0,0,0,0,0,-11,2,-12,2,-13,1,-13,0,-14,-1,-14,-1,-15,-2,-15,-3,-14,-3,-14,-4,-14,-4,-13,-5,-13,-5,-13,-4,-13,-4,-13,-4,-13,-3,-13,-2,-13,-2,-13,-1,-13,-1,-13,0,-13,0,-13,1,-13,1,-13,2]"
2025-08-18 22:00:15.312297,CSI_DATA,1178,1a:00:00:00:00:00,-52,11,0,0,0,0,0,0,0,0,0,-94,0,1,0,200285851,0,31,0,128,0,"[0,0,4,-11,4,-11,3,-11,3,-12,2,-12,2,-12,1,-12,0,-12,0,-12,-1,-12,-1,-13,-2,-13,-2,-13,-3,-13,-3,-14,-3,-14,-3,-15,-3,-15,-3,-16,-2,-16,-2,-16,-1,-16,-1,-16,0,-16,0,-15,1,-15,0,0,0,0,0,0,0,0,0,0,0,0,0,0,0,0,0,0,0,0,0,0,3,-10,4,-10,5,-11,5,-10,7,-10,8,-10,9,-10,9,-9,10,-9,10,-9,10,-8,10,-8,9,-8,9,-8,9,-8,9,-8,8,-8,8,-9,7,-8,7,-9,7,-9,7,-10,6,-10,6,-10,5,-10,5,-11]"
2025-08-18 22:00:15.517157,CSI_DATA,1179,1a:00:00:00:00:00,-52,11,0,0,0,0,0,0,0,0,0,-94,0,1,0,200487080,0,31,0,128,0,"[0,0,-5,-12,-5,-12,-6,-11,-6,-11,-7,-10,-7,-10,-8,-10,-8,-10,-8,-9,-9,-9,-10,-8,-11,-8,-11,-8,-11,-8,-12,-8,-12,-7,-13,-8,-13,-8,-13,-9,-13,-9,-13,-9,-12,-10,-12,-10,-12,-10,-11,-10,-11,-11,0,0,0,0,0,0,0,0,0,0,0,0,0,0,0,0,0,0,0,0,0,0,-5,-11,-5,-11,-4,-12,-3,-13,-3,-14,-2,-14,-1,-15,0,-14,0,-14,1,-14,1,-14,1,-14,1,-14,1,-13,1,-13,0,-13,0,-12,-1,-13,-1,-13,-2,-13,-2,-12,-3,-13,-3,-13,-4,-13,-4,-12,-4,-12]"
2025-08-18 22:00:15.708073,CSI_DATA,1180,1a:00:00:00:00:00,-52,11,0,0,0,0,0,0,0,0,0,-94,0,1,0,200688205,0,31,0,128,0,"[0,0,7,9,8,9,8,9,8,8,9,8,8,7,9,7,10,6,10,6,10,5,11,4,11,4,11,3,12,3,12,3,13,3,13,3,14,3,14,4,14,4,14,4,13,5,13,5,13,6,13,6,12,7,0,0,0,0,0,0,0,0,0,0,0,0,0,0,0,0,0,0,0,0,0,0,8,7,8,9,7,10,7,11,6,11,6,12,5,13,4,13,3,14,3,14,3,13,3,13,3,13,3,13,3,12,3,12,3,12,4,11,4,11,5,11,5,11,5,11,6,10,7,10,7,10,7,10]"
2025-08-18 22:00:15.910664,CSI_DATA,1181,1a:00:00:00:00:00,-52,11,0,0,0,0,0,0,0,0,0,-94,0,1,0,200889584,0,31,0,128,0,"[0,0,10,6,10,5,10,5,11,4,11,4,11,3,11,3,11,2,11,1,11,1,12,0,12,0,12,-1,13,-1,13,-2,13,-2,14,-2,14,-2,14,-2,15,-1,15,-1,15,0,15,0,15,1,15,1,15,2,0,0,0,0,0,0,0,0,0,0,0,0,0,0,0,0,0,0,0,0,0,0,10,3,10,4,10,6,11,7,11,7,10,8,10,9,9,10,9,11,8,11,8,11,7,11,7,11,7,10,8,10,8,9,8,9,8,9,8,8,9,8,9,8,9,8,10,7,10,7,10,7,10,7]"
2025-08-18 22:00:16.122809,CSI_DATA,1182,1a:00:00:00:00:00,-52,11,0,0,0,0,0,0,0,0,0,-94,0,1,0,201090644,0,31,0,128,0,"[0,0,-13,-4,-13,-3,-13,-3,-12,-2,-13,-2,-12,-2,-13,-1,-12,0,-13,1,-12,1,-13,2,-13,2,-13,3,-13,3,-13,4,-14,4,-14,4,-15,4,-15,4,-15,3,-16,3,-16,2,-16,2,-16,1,-16,1,-16,0,0,0,0,0,0,0,0,0,0,0,0,0,0,0,0,0,0,0,0,0,0,0,-11,-2,-11,-3,-12,-4,-12,-5,-12,-6,-12,-6,-12,-7,-12,-8,-12,-9,-11,-9,-11,-9,-10,-9,-10,-9,-10,-9,-10,-9,-10,-8,-10,-8,-10,-7,-11,-7,-11,-7,-11,-6,-11,-6,-12,-5,-12,-5,-12,-5,-12,-4]"
2025-08-18 22:00:16.183445,CSI_DATA,1183,1a:00:00:00:00:00,-51,11,0,0,0,0,0,0,0,0,0,-94,0,1,0,201152381,0,42,0,128,0,"[0,0,-5,-12,-6,-12,-6,-12,-6,-12,-7,-11,-7,-11,-8,-11,-8,-10,-8,-10,-9,-9,-10,-9,-10,-9,-11,-9,-11,-9,-12,-8,-12,-8,-13,-9,-13,-9,-13,-10,-12,-10,-12,-11,-12,-11,-11,-11,-11,-11,-10,-11,-10,-12,0,0,0,0,0,0,0,0,0,0,0,0,0,0,0,0,0,0,0,0,0,0,-6,-10,-5,-11,-5,-12,-4,-13,-3,-14,-2,-14,-1,-14,-1,-15,0,-15,1,-14,1,-14,1,-14,1,-14,1,-13,1,-13,0,-13,-1,-13,-1,-12,-1,-13,-2,-13,-2,-13,-3,-13,-3,-13,-4,-13,-4,-13,-4,-12]"
2025-08-18 22:00:16.244290,CSI_DATA,1184,1a:00:00:00:00:00,-52,11,0,0,0,0,0,0,0,0,0,-94,0,1,0,201223065,0,31,0,128,0,"[0,0,11,5,11,5,11,4,12,4,11,3,11,3,11,2,12,2,12,0,12,0,12,-1,12,-1,12,-2,12,-2,13,-3,13,-3,14,-2,14,-2,15,-2,15,-2,15,-1,14,-1,15,0,14,0,14,1,14,2,0,0,0,0,0,0,0,0,0,0,0,0,0,0,0,0,0,0,0,0,0,0,10,3,10,4,10,6,10,6,11,8,10,8,9,9,9,10,9,10,8,11,8,10,7,10,7,10,7,10,7,9,8,9,8,8,8,8,8,8,9,8,9,7,9,7,10,7,10,6,10,6,11,5]"
2025-08-18 22:00:16.670527,CSI_DATA,1185,1a:00:00:00:00:00,-52,11,0,0,0,0,0,0,0,0,0,-94,0,1,0,201424215,0,31,0,128,0,"[0,0,10,-8,9,-9,9,-9,9,-9,8,-9,8,-9,7,-10,7,-10,7,-10,6,-11,6,-11,5,-12,5,-12,4,-13,4,-13,4,-13,4,-13,5,-14,5,-14,5,-14,6,-14,6,-14,6,-13,6,-13,7,-12,8,-12,0,0,0,0,0,0,0,0,0,0,0,0,0,0,0,0,0,0,0,0,0,0,7,-9,9,-9,10,-8,10,-8,11,-7,12,-7,13,-6,13,-5,13,-5,13,-4,13,-4,13,-3,13,-4,12,-4,12,-4,12,-4,12,-4,11,-5,11,-5,11,-6,11,-6,11,-7,10,-7,11,-7,11,-8,11,-8]"
2025-08-18 22:00:16.677814,CSI_DATA,1186,1a:00:00:00:00:00,-52,11,0,0,0,0,0,0,0,0,0,-94,0,1,0,201625326,0,31,0,128,0,"[0,0,-10,-9,-10,-9,-10,-8,-10,-8,-11,-7,-11,-7,-11,-6,-12,-6,-12,-5,-12,-4,-12,-4,-13,-3,-13,-3,-14,-2,-14,-2,-14,-2,-15,-2,-15,-2,-16,-2,-16,-2,-16,-3,-16,-3,-16,-4,-16,-5,-16,-5,-16,-6,0,0,0,0,0,0,0,0,0,0,0,0,0,0,0,0,0,0,0,0,0,0,-10,-6,-10,-8,-10,-9,-10,-10,-9,-11,-9,-11,-8,-12,-8,-13,-7,-13,-6,-13,-6,-13,-5,-13,-5,-13,-5,-13,-6,-12,-6,-12,-6,-12,-7,-11,-7,-11,-8,-11,-8,-11,-9,-10,-9,-10,-9,-10,-9,-10,-9,-10]"
2025-08-18 22:00:16.853198,CSI_DATA,1187,1a:00:00:00:00:00,-52,11,0,0,0,0,0,0,0,0,0,-94,0,1,0,201828404,0,31,0,128,0,"[0,0,-9,10,-8,10,-7,10,-7,10,-6,10,-6,10,-5,11,-5,11,-5,11,-4,12,-3,12,-2,12,-2,13,-1,13,-2,14,-1,14,-1,15,-2,15,-2,16,-2,16,-3,16,-3,16,-4,16,-5,15,-6,15,-7,15,0,0,0,0,0,0,0,0,0,0,0,0,0,0,0,0,0,0,0,0,0,0,-6,8,-7,8,-8,8,-9,8,-10,8,-11,7,-11,7,-12,6,-12,6,-12,6,-12,5,-12,5,-12,5,-11,5,-11,5,-11,5,-10,5,-10,6,-10,6,-10,7,-9,7,-9,8,-9,8,-9,9,-9,9,-9,9]"
2025-08-18 22:00:17.047404,CSI_DATA,1188,1a:00:00:00:00:00,-52,11,0,0,0,0,0,0,0,0,0,-94,0,1,0,202027885,0,31,0,128,0,"[0,0,8,10,6,9,8,9,8,10,8,9,8,10,7,7,8,7,10,8,9,4,10,6,9,4,11,5,13,5,13,4,14,4,14,4,15,5,15,6,14,4,14,7,13,7,14,6,13,9,12,7,12,9,0,0,0,0,0,0,0,0,0,0,0,0,0,0,0,0,0,0,0,0,0,0,6,7,5,8,5,9,5,10,4,10,4,11,3,11,3,11,2,12,2,12,2,12,2,12,2,12,2,12,2,11,2,11,2,11,3,10,4,11,4,10,5,10,5,10,5,10,7,11,7,10,7,9]"
2025-08-18 22:00:17.254295,CSI_DATA,1189,1a:00:00:00:00:00,-52,11,0,0,0,0,0,0,0,0,0,-94,0,1,0,202228924,0,31,0,128,0,"[0,0,-11,8,-10,8,-9,8,-9,8,-9,9,-8,9,-8,9,-8,9,-7,10,-7,10,-6,11,-5,11,-5,12,-5,12,-5,13,-5,13,-5,14,-6,14,-6,14,-7,14,-7,14,-8,14,-8,14,-9,13,-10,13,-10,12,0,0,0,0,0,0,0,0,0,0,0,0,0,0,0,0,0,0,0,0,0,0,-8,7,-9,7,-10,7,-10,6,-11,6,-11,5,-12,4,-13,4,-13,4,-13,3,-13,3,-13,3,-12,3,-12,3,-12,3,-12,3,-12,4,-11,4,-11,5,-11,5,-11,5,-11,6,-11,7,-11,7,-11,7,-11,7]"
2025-08-18 22:00:17.455125,CSI_DATA,1190,1a:00:00:00:00:00,-51,11,0,0,0,0,0,0,0,0,0,-94,0,1,0,202430168,0,31,0,128,0,"[0,0,-9,8,-9,8,-9,8,-8,9,-8,9,-8,9,-7,9,-7,10,-6,10,-6,10,-5,11,-5,11,-4,12,-4,12,-4,12,-4,13,-4,13,-5,13,-5,14,-6,14,-6,13,-6,13,-7,13,-7,12,-8,12,-9,11,0,0,0,0,0,0,0,0,0,0,0,0,0,0,0,0,0,0,0,0,0,0,-7,7,-8,7,-9,6,-10,6,-10,6,-11,5,-12,5,-12,4,-12,4,-12,3,-12,3,-12,3,-11,3,-11,3,-11,3,-11,3,-11,4,-10,4,-10,5,-10,5,-10,6,-10,6,-10,7,-9,7,-9,7,-9,8]"
2025-08-18 22:00:17.664482,CSI_DATA,1191,1a:00:00:00:00:00,-51,11,0,0,0,0,0,0,0,0,0,-94,0,1,0,202631277,0,31,0,128,0,"[0,0,6,11,6,11,7,10,7,10,8,10,7,10,8,10,8,9,9,9,9,8,10,8,10,7,11,8,11,8,11,8,12,8,12,8,12,8,12,9,12,10,11,10,11,11,11,11,10,11,9,11,8,12,0,0,0,0,0,0,0,0,0,0,0,0,0,0,0,0,0,0,0,0,0,0,6,7,5,8,5,9,4,10,4,10,3,11,3,11,2,12,1,12,1,12,1,12,1,11,1,11,1,11,1,11,1,11,2,10,3,10,3,10,3,11,4,11,4,11,5,11,6,11,6,11,6,11]"
2025-08-18 22:00:17.710901,CSI_DATA,1192,1a:00:00:00:00:00,-51,11,0,0,0,0,0,0,0,0,0,-94,0,1,0,202692045,0,42,0,128,0,"[0,0,9,8,9,7,9,7,9,7,10,6,10,6,10,5,11,5,10,4,11,4,11,3,12,3,12,3,12,2,13,2,13,2,14,3,14,3,14,3,14,3,14,4,14,4,13,5,13,5,13,6,12,7,0,0,0,0,0,0,0,0,0,0,0,0,0,0,0,0,0,0,0,0,0,0,7,5,7,6,7,7,7,8,7,9,6,9,6,10,5,10,5,10,4,11,4,11,4,10,4,10,4,10,4,10,4,9,5,9,5,9,6,9,6,8,7,8,7,8,8,8,8,8,8,8,9,7]"
2025-08-18 22:00:17.779106,CSI_DATA,1193,1a:00:00:00:00:00,-51,11,0,0,0,0,0,0,0,0,0,-94,0,1,0,202754446,0,31,0,128,0,"[0,0,10,-8,9,-9,9,-9,9,-9,8,-10,8,-10,8,-10,7,-10,7,-11,6,-11,6,-12,5,-12,4,-13,5,-13,5,-14,5,-15,5,-15,5,-15,6,-15,7,-15,7,-15,7,-14,8,-14,8,-14,9,-13,9,-12,0,0,0,0,0,0,0,0,0,0,0,0,0,0,0,0,0,0,0,0,0,0,7,-7,8,-7,9,-6,10,-6,10,-6,12,-5,12,-4,12,-4,12,-3,12,-3,12,-3,12,-3,11,-3,11,-3,11,-3,11,-3,11,-4,10,-4,11,-5,11,-5,10,-5,10,-6,10,-7,10,-7,10,-8,10,-8]"
2025-08-18 22:00:17.980811,CSI_DATA,1194,1a:00:00:00:00:00,-51,11,0,0,0,0,0,0,0,0,0,-94,0,1,0,202955862,0,31,0,128,0,"[0,0,10,-8,10,-8,9,-9,9,-9,9,-9,8,-10,8,-10,7,-10,7,-11,7,-11,6,-12,6,-12,5,-12,5,-13,5,-14,5,-14,5,-14,6,-15,6,-15,7,-15,7,-15,8,-15,8,-14,9,-13,10,-13,10,-12,0,0,0,0,0,0,0,0,0,0,0,0,0,0,0,0,0,0,0,0,0,0,8,-7,9,-7,9,-7,10,-6,11,-6,12,-5,12,-4,13,-4,13,-3,12,-3,13,-2,12,-2,12,-2,12,-2,11,-2,11,-3,11,-3,11,-4,11,-4,11,-5,11,-5,11,-6,11,-6,11,-7,11,-7,11,-8]"
2025-08-18 22:00:18.181744,CSI_DATA,1195,1a:00:00:00:00:00,-52,11,0,0,0,0,0,0,0,0,0,-94,0,1,0,203156833,0,31,0,128,0,"[0,0,12,-3,11,-4,11,-4,11,-5,11,-5,10,-6,10,-6,10,-7,9,-7,9,-8,9,-8,9,-9,9,-10,9,-10,9,-11,9,-12,9,-12,10,-12,10,-12,10,-12,11,-12,11,-12,12,-11,12,-10,13,-9,13,-9,0,0,0,0,0,0,0,0,0,0,0,0,0,0,0,0,0,0,0,0,0,0,10,-4,10,-3,11,-2,11,-1,12,-1,13,0,13,1,13,1,13,2,12,3,12,3,12,3,11,3,11,3,11,2,11,2,11,1,11,1,11,0,11,0,11,-1,12,-1,12,-2,12,-2,12,-2,12,-2]"
2025-08-18 22:00:18.386700,CSI_DATA,1196,1a:00:00:00:00:00,-52,11,0,0,0,0,0,0,0,0,0,-94,0,1,0,203358108,0,31,0,128,0,"[0,0,-13,2,-12,3,-12,3,-12,3,-12,4,-11,5,-11,5,-11,6,-11,6,-10,7,-10,8,-10,8,-10,8,-10,9,-10,10,-11,11,-11,10,-12,12,-12,12,-12,11,-13,11,-13,10,-14,9,-14,9,-15,8,-15,8,0,0,0,0,0,0,0,0,0,0,0,0,0,0,0,0,0,0,0,0,0,0,-11,2,-12,2,-12,0,-13,0,-13,-1,-14,-2,-14,-3,-14,-3,-13,-4,-13,-5,-13,-5,-13,-5,-12,-5,-12,-4,-12,-4,-11,-3,-12,-3,-12,-2,-12,-2,-12,-1,-12,-1,-12,-1,-12,0,-12,0,-12,1,-13,1]"
2025-08-18 22:00:18.586637,CSI_DATA,1197,1a:00:00:00:00:00,-52,11,0,0,0,0,0,0,0,0,0,-94,0,1,0,203559290,0,31,0,128,0,"[0,0,-12,5,-11,5,-11,6,-11,7,-10,7,-10,7,-10,8,-9,8,-9,9,-9,10,-8,10,-8,11,-7,12,-7,12,-7,13,-7,13,-8,14,-8,14,-9,15,-9,15,-10,14,-10,14,-11,13,-12,13,-12,13,-13,12,0,0,0,0,0,0,0,0,0,0,0,0,0,0,0,0,0,0,0,0,0,0,-11,4,-12,3,-12,2,-13,1,-14,1,-14,0,-14,-1,-14,-2,-14,-2,-13,-3,-13,-3,-13,-3,-13,-3,-12,-3,-12,-2,-12,-1,-12,-1,-12,0,-12,0,-12,1,-12,1,-12,2,-12,3,-12,3,-12,4,-12,4]"
2025-08-18 22:00:18.789009,CSI_DATA,1198,1a:00:00:00:00:00,-52,11,0,0,0,0,0,0,0,0,0,-94,0,1,0,203760439,0,31,0,128,0,"[0,0,-12,2,-12,2,-12,3,-12,4,-11,4,-11,5,-11,5,-11,6,-11,7,-11,7,-10,8,-10,9,-10,9,-10,10,-11,10,-11,11,-11,11,-12,11,-12,12,-13,11,-13,11,-14,10,-14,10,-14,9,-15,8,-16,8,0,0,0,0,0,0,0,0,0,0,0,0,0,0,0,0,0,0,0,0,0,0,-11,1,-12,0,-12,-1,-12,-2,-13,-3,-13,-4,-13,-4,-13,-5,-13,-5,-12,-6,-12,-6,-11,-6,-11,-6,-11,-6,-11,-5,-11,-5,-11,-4,-11,-3,-11,-3,-11,-2,-11,-2,-11,-1,-12,0,-12,0,-12,0,-12,1]"
2025-08-18 22:00:18.981038,CSI_DATA,1199,1a:00:00:00:00:00,-52,11,0,0,0,0,0,0,0,0,0,-94,0,1,0,203961571,0,31,0,128,0,"[0,0,8,8,8,8,8,7,9,7,10,6,10,6,10,5,11,5,11,4,12,3,12,3,13,2,13,2,14,2,15,1,15,2,16,2,16,2,17,2,17,3,17,3,17,4,17,5,16,6,16,6,15,7,0,0,0,0,0,0,0,0,0,0,0,0,0,0,0,0,0,0,0,0,0,0,7,8,6,9,6,10,5,11,5,12,4,12,3,12,3,13,2,13,2,13,1,12,1,12,1,12,2,12,2,11,2,11,2,10,3,10,4,10,4,10,5,10,5,9,6,9,6,9,7,9,7,8]"
2025-08-18 22:00:19.191284,CSI_DATA,1200,1a:00:00:00:00:00,-53,11,0,0,0,0,0,0,0,0,0,-94,0,1,0,204162717,0,31,0,128,0,"[0,0,-12,-4,-12,-3,-12,-3,-12,-2,-13,-2,-12,-1,-12,0,-13,0,-12,1,-12,3,-13,3,-13,4,-13,4,-14,5,-14,6,-14,6,-15,6,-16,7,-16,6,-16,6,-17,5,-17,4,-17,4,-17,4,-17,3,-18,2,0,0,0,0,0,0,0,0,0,0,0,0,0,0,0,0,0,0,0,0,0,0,-11,-4,-11,-5,-11,-6,-11,-8,-11,-8,-11,-9,-10,-10,-10,-10,-10,-11,-9,-11,-9,-11,-8,-11,-8,-11,-8,-10,-8,-10,-8,-9,-9,-9,-9,-8,-10,-8,-10,-8,-10,-7,-10,-7,-11,-6,-11,-6,-11,-5,-11,-5]"
2025-08-18 22:00:19.253180,CSI_DATA,1201,1a:00:00:00:00:00,-53,11,0,0,0,0,0,0,0,0,0,-94,0,1,0,204224367,0,42,0,128,0,"[0,0,-13,0,-12,0,-12,1,-12,1,-12,2,-12,3,-12,3,-11,4,-11,5,-11,6,-11,6,-11,7,-11,8,-11,8,-11,9,-12,9,-12,10,-13,10,-13,10,-14,10,-14,9,-15,9,-15,8,-15,8,-15,7,-16,6,0,0,0,0,0,0,0,0,0,0,0,0,0,0,0,0,0,0,0,0,0,0,-11,0,-12,-1,-13,-2,-13,-3,-13,-4,-14,-4,-13,-5,-14,-6,-13,-7,-12,-7,-12,-7,-12,-7,-12,-7,-11,-7,-11,-7,-11,-6,-11,-6,-11,-5,-12,-5,-12,-4,-12,-3,-12,-3,-12,-2,-12,-2,-13,-1,-12,-1]"
2025-08-18 22:00:19.315906,CSI_DATA,1202,1a:00:00:00:00:00,-53,11,0,0,0,0,0,0,0,0,0,-94,0,1,0,204292903,0,31,0,128,0,"[0,0,0,12,1,11,1,11,2,11,3,11,3,10,4,10,4,10,5,10,5,10,6,10,7,9,8,10,8,10,9,10,9,10,9,11,9,11,9,12,10,12,9,13,9,13,8,13,8,13,7,13,6,14,0,0,0,0,0,0,0,0,0,0,0,0,0,0,0,0,0,0,0,0,0,0,1,10,0,11,-1,12,-1,12,-2,13,-3,13,-4,13,-5,13,-5,13,-6,12,-7,12,-6,11,-6,11,-6,11,-5,11,-5,11,-5,11,-4,11,-4,11,-3,11,-3,11,-2,11,-2,11,-1,12,-1,12,0,11]"
2025-08-18 22:00:19.520746,CSI_DATA,1203,1a:00:00:00:00:00,-52,11,0,0,0,0,0,0,0,0,0,-94,0,1,0,204494043,0,31,0,128,0,"[0,0,-7,10,-6,10,-5,10,-5,11,-4,11,-4,11,-3,11,-2,11,-2,11,-1,12,-1,12,0,12,1,12,1,13,1,13,1,14,1,14,1,14,1,15,0,15,0,15,0,15,-1,15,-1,15,-2,14,-3,14,0,0,0,0,0,0,0,0,0,0,0,0,0,0,0,0,0,0,0,0,0,0,-5,10,-6,10,-7,10,-8,10,-9,10,-10,9,-11,9,-12,9,-12,8,-12,8,-12,7,-12,7,-11,7,-11,7,-11,7,-11,7,-10,7,-10,7,-10,8,-9,8,-9,8,-8,9,-8,10,-8,10,-7,10,-7,10]"
2025-08-18 22:00:19.716091,CSI_DATA,1204,1a:00:00:00:00:00,-52,11,0,0,0,0,0,0,0,0,0,-94,0,1,0,204695198,0,31,0,128,0,"[0,0,11,6,11,5,11,4,11,4,11,3,11,3,11,2,12,2,11,1,12,0,12,-1,12,-1,12,-1,13,-2,13,-2,13,-2,14,-2,14,-2,15,-2,15,-2,15,-1,15,0,15,0,14,0,14,1,14,2,0,0,0,0,0,0,0,0,0,0,0,0,0,0,0,0,0,0,0,0,0,0,10,2,11,4,11,5,11,6,11,7,11,8,10,9,10,9,9,10,9,10,9,10,8,10,8,10,8,10,8,9,8,9,8,9,9,8,9,8,9,8,9,8,10,7,10,7,11,7,10,7,11,6]"
2025-08-18 22:00:19.917482,CSI_DATA,1205,1a:00:00:00:00:00,-53,11,0,0,0,0,0,0,0,0,0,-94,0,1,0,204896338,0,31,0,128,0,"[0,0,10,6,10,6,10,5,10,5,11,4,10,4,11,3,11,2,11,2,11,1,12,0,12,0,12,0,13,-1,13,-1,13,-2,14,-1,14,-1,15,-2,15,-1,15,-1,15,0,15,1,15,1,15,2,15,3,0,0,0,0,0,0,0,0,0,0,0,0,0,0,0,0,0,0,0,0,0,0,9,4,10,5,10,7,10,8,10,9,9,9,9,10,8,11,8,11,7,11,6,11,6,11,6,11,6,11,6,10,6,10,7,10,7,9,7,9,8,9,8,8,8,8,9,8,9,8,9,8,10,7]"
2025-08-18 22:00:20.125589,CSI_DATA,1206,1a:00:00:00:00:00,-53,11,0,0,0,0,0,0,0,0,0,-94,0,1,0,205097496,0,31,0,128,0,"[0,0,-13,0,-12,0,-12,1,-12,1,-12,2,-12,2,-12,3,-11,3,-11,4,-11,5,-11,6,-11,6,-11,7,-11,8,-11,8,-11,8,-12,9,-12,9,-13,9,-13,9,-14,8,-14,8,-14,7,-14,7,-14,6,-15,6,0,0,0,0,0,0,0,0,0,0,0,0,0,0,0,0,0,0,0,0,0,0,-12,1,-12,0,-13,-1,-14,-2,-14,-3,-14,-4,-14,-5,-14,-5,-14,-6,-13,-7,-13,-7,-13,-7,-12,-7,-12,-6,-12,-6,-12,-5,-12,-5,-12,-4,-12,-4,-12,-4,-12,-3,-12,-3,-13,-2,-13,-2,-13,-1,-13,-1]"
2025-08-18 22:00:20.321494,CSI_DATA,1207,1a:00:00:00:00:00,-53,11,0,0,0,0,0,0,0,0,0,-94,0,1,0,205298653,0,31,0,128,0,"[0,0,1,12,2,12,2,12,3,11,3,11,4,11,5,11,5,11,5,11,6,11,7,10,7,10,8,10,9,10,9,10,9,11,10,11,9,11,9,12,9,12,8,12,8,12,8,13,8,13,7,12,7,13,0,0,0,0,0,0,0,0,0,0,0,0,0,0,0,0,0,0,0,0,0,0,2,10,1,11,1,12,0,12,-1,13,-2,13,-3,13,-4,13,-5,13,-5,13,-5,12,-5,12,-5,12,-4,12,-4,12,-4,11,-4,11,-3,11,-2,12,-2,12,-2,11,-1,12,0,12,0,12,1,12,1,12]"
2025-08-18 22:00:20.523376,CSI_DATA,1208,1a:00:00:00:00:00,-52,11,0,0,0,0,0,0,0,0,0,-94,0,1,0,205500054,0,31,0,128,0,"[0,0,-7,10,-7,10,-6,10,-6,10,-5,11,-5,11,-4,11,-3,11,-3,11,-2,12,-2,12,-1,12,-1,13,0,13,0,14,0,14,0,15,0,16,0,16,0,16,-1,17,-2,17,-2,17,-3,16,-4,16,-5,16,0,0,0,0,0,0,0,0,0,0,0,0,0,0,0,0,0,0,0,0,0,0,-7,8,-8,8,-8,8,-9,7,-10,7,-11,7,-11,6,-12,6,-12,5,-12,5,-12,4,-12,4,-11,4,-11,4,-10,4,-10,5,-10,5,-10,6,-9,6,-9,7,-9,7,-8,7,-8,8,-8,9,-8,9,-8,9]"
2025-08-18 22:00:20.724816,CSI_DATA,1209,1a:00:00:00:00:00,-52,11,0,0,0,0,0,0,0,0,0,-94,0,1,0,205701376,0,31,0,128,0,"[0,0,-2,13,-2,13,-1,13,-1,13,0,13,0,12,1,13,2,13,2,12,3,13,4,12,4,13,4,13,5,13,5,13,6,14,6,14,6,15,5,15,5,16,4,16,4,16,3,16,2,16,1,16,0,16,0,0,0,0,0,0,0,0,0,0,0,0,0,0,0,0,0,0,0,0,0,0,-1,9,-2,10,-2,10,-3,10,-4,11,-4,11,-6,11,-6,11,-7,11,-7,10,-7,10,-7,10,-7,10,-6,10,-6,10,-6,10,-6,10,-5,10,-5,11,-4,11,-4,11,-4,12,-3,12,-3,12,-3,13,-2,13]"
2025-08-18 22:00:20.784264,CSI_DATA,1210,1a:00:00:00:00:00,-51,11,0,0,0,0,0,0,0,0,0,-94,0,1,0,205761791,0,42,0,128,0,"[0,0,2,12,3,12,3,12,4,11,5,11,5,11,5,11,6,11,6,10,7,10,8,10,8,10,9,10,10,10,10,10,10,10,11,11,10,11,11,11,10,12,10,12,10,13,9,13,9,13,8,14,7,14,0,0,0,0,0,0,0,0,0,0,0,0,0,0,0,0,0,0,0,0,0,0,2,9,2,10,1,11,0,11,0,12,-1,12,-2,12,-2,12,-3,12,-3,12,-4,12,-4,11,-3,12,-3,11,-3,11,-2,11,-2,11,-1,11,-1,11,-1,11,0,12,1,12,1,12,2,12,2,12,2,12]"
2025-08-18 22:00:20.848345,CSI_DATA,1211,1a:00:00:00:00:00,-51,11,0,0,0,0,0,0,0,0,0,-94,0,1,0,205825652,0,31,0,128,0,"[0,0,-6,10,-6,10,-5,10,-5,10,-4,11,-4,10,-4,11,-3,11,-3,11,-2,11,-1,11,0,12,0,12,0,12,0,13,0,13,0,13,0,14,0,14,0,15,-1,15,-2,15,-2,14,-2,14,-3,14,-4,14,0,0,0,0,0,0,0,0,0,0,0,0,0,0,0,0,0,0,0,0,0,0,-5,9,-6,9,-6,8,-7,9,-8,8,-9,8,-10,7,-10,7,-11,7,-10,6,-11,6,-10,6,-10,6,-10,6,-10,6,-9,6,-9,7,-9,7,-8,7,-8,8,-8,8,-8,8,-7,9,-7,9,-7,9,-6,10]"
2025-08-18 22:00:21.052085,CSI_DATA,1212,1a:00:00:00:00:00,-51,11,0,0,0,0,0,0,0,0,0,-94,0,1,0,206026696,0,31,0,128,0,"[0,0,-10,9,-9,9,-9,9,-8,9,-8,9,-7,10,-7,10,-6,10,-6,10,-5,11,-5,11,-4,11,-4,12,-3,12,-4,13,-3,13,-3,14,-4,14,-4,14,-4,14,-5,14,-5,14,-5,14,-6,14,-7,13,-7,13,0,0,0,0,0,0,0,0,0,0,0,0,0,0,0,0,0,0,0,0,0,0,-8,8,-9,8,-10,8,-11,7,-12,7,-13,6,-13,6,-14,5,-14,5,-14,4,-14,3,-14,3,-13,3,-12,3,-13,4,-12,4,-12,4,-12,5,-12,5,-11,6,-11,6,-11,7,-11,7,-11,8,-10,8,-10,8]"
2025-08-18 22:00:21.254708,CSI_DATA,1213,1a:00:00:00:00:00,-51,11,0,0,0,0,0,0,0,0,0,-94,0,1,0,206227848,0,31,0,128,0,"[0,0,10,8,10,7,10,7,10,7,11,7,11,6,11,6,11,5,11,5,12,4,12,3,13,3,13,3,14,2,14,2,14,2,14,2,15,3,15,3,15,4,15,4,15,5,14,5,14,6,14,6,13,7,0,0,0,0,0,0,0,0,0,0,0,0,0,0,0,0,0,0,0,0,0,0,9,4,9,6,9,6,8,8,8,8,8,9,7,10,7,10,6,11,6,11,5,11,5,11,5,11,5,10,5,10,5,9,6,9,6,9,7,9,7,9,8,9,8,9,9,8,9,8,10,8,10,8]"
2025-08-18 22:00:21.453047,CSI_DATA,1214,1a:00:00:00:00:00,-52,11,0,0,0,0,0,0,0,0,0,-94,0,1,0,206429069,0,31,0,128,0,"[0,0,-2,13,-1,12,-1,12,0,12,0,12,1,12,1,12,2,11,2,12,3,11,4,11,5,11,5,11,6,11,6,12,6,11,7,13,6,12,7,13,7,13,6,14,6,14,5,14,5,14,4,14,3,14,0,0,0,0,0,0,0,0,0,0,0,0,0,0,0,0,0,0,0,0,0,0,-1,11,-1,11,-2,12,-3,12,-4,13,-5,12,-7,13,-7,12,-8,12,-8,12,-8,11,-9,11,-8,10,-7,10,-7,10,-7,10,-6,10,-6,11,-5,11,-5,11,-5,11,-4,12,-4,12,-3,12,-3,12,-3,12]"
2025-08-18 22:00:21.655101,CSI_DATA,1215,1a:00:00:00:00:00,-51,11,0,0,0,0,0,0,0,0,0,-94,0,1,0,206630427,0,31,0,128,0,"[0,0,-8,9,-8,9,-7,10,-7,10,-7,10,-6,10,-6,10,-5,10,-5,10,-4,11,-3,11,-3,11,-3,12,-2,12,-2,12,-2,13,-2,13,-2,13,-2,14,-2,14,-3,14,-3,14,-3,14,-4,14,-5,13,-6,13,0,0,0,0,0,0,0,0,0,0,0,0,0,0,0,0,0,0,0,0,0,0,-6,8,-7,9,-8,8,-9,8,-9,8,-10,8,-11,7,-12,7,-12,6,-12,6,-12,5,-12,5,-12,5,-11,5,-11,5,-11,5,-10,5,-10,6,-10,6,-10,7,-9,7,-9,8,-9,8,-9,9,-9,9,-9,9]"
2025-08-18 22:00:21.861045,CSI_DATA,1216,1a:00:00:00:00:00,-52,11,0,0,0,0,0,0,0,0,0,-94,0,1,0,206831509,0,31,0,128,0,"[0,0,-12,-7,-12,-6,-12,-6,-12,-5,-12,-5,-12,-5,-12,-4,-12,-4,-12,-3,-12,-2,-12,-1,-12,-1,-12,0,-13,0,-13,1,-13,1,-14,1,-14,1,-15,0,-15,0,-15,0,-15,-1,-15,-1,-15,-1,-15,-1,-15,-2,0,0,0,0,0,0,0,0,0,0,0,0,0,0,0,0,0,0,0,0,0,0,-10,-3,-11,-4,-11,-6,-11,-7,-11,-7,-11,-8,-10,-10,-10,-10,-10,-11,-9,-11,-9,-11,-9,-11,-9,-10,-9,-10,-9,-10,-9,-9,-9,-9,-9,-9,-10,-9,-10,-9,-10,-8,-11,-8,-11,-7,-12,-7,-12,-7,-12,-7]"
2025-08-18 22:00:22.058108,CSI_DATA,1217,1a:00:00:00:00:00,-51,11,0,0,0,0,0,0,0,0,0,-94,0,1,0,207032666,0,31,0,128,0,"[0,0,-10,10,-10,10,-9,9,-9,10,-8,10,-8,10,-7,10,-7,11,-6,11,-5,11,-5,11,-4,12,-4,12,-3,12,-4,13,-3,13,-3,14,-3,14,-4,15,-4,15,-4,15,-5,14,-5,14,-6,14,-7,14,-8,13,0,0,0,0,0,0,0,0,0,0,0,0,0,0,0,0,0,0,0,0,0,0,-7,9,-8,9,-9,9,-10,8,-11,8,-12,8,-12,7,-13,7,-13,6,-13,6,-14,5,-13,5,-13,5,-12,5,-12,5,-12,5,-12,6,-11,6,-11,7,-11,7,-11,8,-11,8,-11,9,-10,9,-11,9,-10,9]"
2025-08-18 22:00:22.265226,CSI_DATA,1218,1a:00:00:00:00:00,-52,11,0,0,0,0,0,0,0,0,0,-94,0,1,0,207233783,0,31,0,128,0,"[0,0,-8,-11,-8,-11,-8,-11,-9,-11,-9,-10,-9,-10,-9,-10,-10,-9,-10,-9,-11,-8,-11,-8,-12,-8,-13,-7,-13,-7,-13,-7,-14,-7,-14,-8,-14,-8,-15,-8,-14,-9,-15,-10,-14,-10,-14,-11,-13,-11,-13,-11,-12,-12,0,0,0,0,0,0,0,0,0,0,0,0,0,0,0,0,0,0,0,0,0,0,-7,-8,-7,-9,-7,-10,-6,-11,-6,-11,-5,-12,-4,-13,-4,-13,-3,-13,-3,-13,-2,-13,-2,-13,-2,-12,-2,-12,-3,-12,-3,-12,-3,-12,-4,-11,-4,-11,-5,-11,-5,-11,-6,-11,-7,-11,-7,-11,-7,-11,-7,-11]"
2025-08-18 22:00:22.313285,CSI_DATA,1219,1a:00:00:00:00:00,-50,11,0,0,0,0,0,0,0,0,0,-94,0,1,0,207296329,0,42,0,128,0,"[0,0,8,8,7,8,8,8,8,8,8,8,7,8,7,7,8,7,8,7,8,6,8,7,9,7,9,7,9,7,9,7,10,8,9,8,10,9,9,10,9,10,8,11,7,11,7,12,6,12,5,12,4,13,0,0,0,0,0,0,0,0,0,0,0,0,0,0,0,0,0,0,0,0,0,0,9,-1,12,4,-6,2,4,8,15,13,22,4,9,9,7,8,8,7,7,7,7,7,6,7,6,8,6,7,6,8,6,7,6,7,6,7,6,7,6,7,7,7,7,7,7,7,8,7,8,8,8,8]"
2025-08-18 22:00:22.391760,CSI_DATA,1220,1a:00:00:00:00:00,-51,11,0,0,0,0,0,0,0,0,0,-94,0,1,0,207361861,0,31,0,128,0,"[0,0,-8,-10,-9,-9,-9,-9,-9,-9,-10,-9,-10,-8,-10,-8,-10,-8,-10,-7,-11,-7,-11,-6,-12,-6,-12,-5,-12,-5,-13,-5,-13,-5,-14,-5,-14,-6,-14,-6,-14,-6,-14,-7,-14,-8,-14,-8,-13,-8,-13,-9,-12,-10,0,0,0,0,0,0,0,0,0,0,0,0,0,0,0,0,0,0,0,0,0,0,-7,-6,-7,-8,-8,-8,-7,-9,-6,-10,-6,-11,-5,-11,-5,-12,-4,-12,-4,-12,-3,-12,-3,-12,-3,-12,-3,-11,-3,-11,-4,-10,-4,-10,-5,-10,-5,-10,-6,-10,-6,-10,-7,-10,-7,-10,-8,-10,-8,-10,-8,-10]"
2025-08-18 22:00:22.586863,CSI_DATA,1221,1a:00:00:00:00:00,-52,11,0,0,0,0,0,0,0,0,0,-94,0,1,0,207563387,0,31,0,128,0,"[0,0,-5,12,-4,12,-4,12,-3,12,-3,12,-2,12,-2,12,-1,12,-1,12,0,12,0,13,1,13,2,13,2,13,2,13,2,14,3,14,2,15,2,15,2,15,1,16,1,16,0,15,0,16,-1,16,-2,15,0,0,0,0,0,0,0,0,0,0,0,0,0,0,0,0,0,0,0,0,0,0,-3,10,-4,10,-5,10,-6,10,-7,10,-8,10,-9,10,-9,9,-10,9,-9,8,-10,8,-10,8,-9,8,-9,8,-8,8,-8,8,-8,8,-7,8,-7,9,-6,9,-6,10,-6,10,-6,10,-5,11,-5,11,-5,11]"
2025-08-18 22:00:22.988159,CSI_DATA,1222,1a:00:00:00:00:00,-51,11,0,0,0,0,0,0,0,0,0,-94,0,1,0,207764265,0,31,0,128,0,"[0,0,-10,8,-10,8,-9,8,-9,9,-8,9,-8,9,-8,9,-7,10,-7,10,-6,11,-6,11,-5,11,-5,11,-4,12,-4,12,-4,12,-4,13,-5,13,-4,14,-5,14,-5,14,-6,13,-6,13,-7,13,-7,12,-8,12,0,0,0,0,0,0,0,0,0,0,0,0,0,0,0,0,0,0,0,0,0,0,-8,7,-8,6,-10,6,-10,6,-11,6,-12,5,-12,5,-12,4,-13,4,-13,3,-13,2,-12,2,-12,2,-12,2,-11,3,-11,3,-11,3,-11,4,-10,4,-10,5,-10,6,-10,6,-10,7,-10,7,-10,7,-10,8]"
2025-08-18 22:00:23.007879,CSI_DATA,1223,1a:00:00:00:00:00,-51,11,0,0,0,0,0,0,0,0,0,-94,0,1,0,207965363,0,31,0,128,0,"[0,0,13,1,13,0,13,0,13,-1,13,-1,12,-1,13,-1,12,-2,12,-2,12,-3,12,-3,12,-4,12,-5,12,-5,13,-5,13,-6,13,-6,14,-6,14,-5,14,-5,14,-5,14,-4,14,-4,15,-3,14,-3,15,-2,0,0,0,0,0,0,0,0,0,0,0,0,0,0,0,0,0,0,0,0,0,0,10,-1,11,0,11,1,11,1,11,2,12,3,12,4,11,5,11,5,11,6,11,6,10,6,10,5,10,5,10,5,10,5,10,4,10,3,11,3,11,3,11,3,12,2,12,2,12,1,13,1,13,1]"
2025-08-18 22:00:23.191047,CSI_DATA,1224,1a:00:00:00:00:00,-51,11,0,0,0,0,0,0,0,0,0,-94,0,1,0,208166501,0,31,0,128,0,"[0,0,9,-10,9,-10,8,-10,9,-11,8,-11,8,-11,7,-11,7,-11,7,-12,6,-12,5,-12,5,-13,5,-13,4,-13,5,-14,4,-14,5,-15,5,-15,5,-15,6,-15,6,-15,6,-15,7,-15,7,-14,8,-14,9,-13,0,0,0,0,0,0,0,0,0,0,0,0,0,0,0,0,0,0,0,0,0,0,6,-9,7,-9,8,-9,9,-8,10,-8,11,-7,11,-7,12,-6,12,-5,12,-5,12,-5,12,-4,11,-4,11,-4,10,-5,11,-5,10,-5,10,-6,9,-6,10,-7,9,-7,9,-8,10,-9,9,-9,9,-9,10,-10]"
2025-08-18 22:00:23.392237,CSI_DATA,1225,1a:00:00:00:00:00,-51,11,0,0,0,0,0,0,0,0,0,-94,0,1,0,208367712,0,31,0,128,0,"[0,0,-9,9,-8,10,-8,10,-8,10,-7,10,-7,10,-6,11,-5,11,-5,11,-5,11,-5,12,-4,11,-4,12,-3,12,-3,13,-3,13,-3,14,-3,14,-3,15,-4,14,-5,14,-4,14,-5,14,-6,14,-7,13,-7,13,0,0,0,0,0,0,0,0,0,0,0,0,0,0,0,0,0,0,0,0,0,0,-6,9,-7,9,-8,9,-9,8,-10,8,-11,8,-11,7,-12,7,-12,6,-12,5,-12,5,-12,4,-12,5,-11,5,-11,5,-11,5,-10,5,-10,6,-10,6,-9,7,-9,7,-9,8,-9,8,-9,9,-9,9,-9,9]"
2025-08-18 22:00:23.597834,CSI_DATA,1226,1a:00:00:00:00:00,-51,11,0,0,0,0,0,0,0,0,0,-94,0,1,0,208568953,0,31,0,128,0,"[0,0,-13,-1,-13,-1,-13,-1,-13,0,-13,0,-13,1,-13,1,-13,2,-13,2,-12,3,-13,3,-13,4,-13,4,-13,5,-13,6,-13,6,-13,6,-14,6,-15,6,-15,6,-15,5,-15,5,-15,4,-15,4,-15,3,-16,2,0,0,0,0,0,0,0,0,0,0,0,0,0,0,0,0,0,0,0,0,0,0,-11,0,-12,-1,-12,-2,-13,-3,-13,-4,-13,-5,-13,-6,-13,-6,-12,-7,-12,-7,-12,-8,-11,-8,-11,-7,-11,-7,-11,-7,-11,-6,-11,-5,-11,-5,-12,-5,-12,-4,-12,-4,-12,-3,-12,-3,-13,-3,-13,-3,-13,-2]"
2025-08-18 22:00:23.788512,CSI_DATA,1227,1a:00:00:00:00:00,-52,11,0,0,0,0,0,0,0,0,0,-94,0,1,0,208770177,0,31,0,128,0,"[0,0,8,7,9,7,9,7,9,7,10,6,10,6,10,5,11,5,10,4,11,3,11,3,12,3,12,2,12,2,13,1,13,1,14,2,14,2,14,2,14,2,14,3,15,3,14,4,14,5,13,5,13,6,0,0,0,0,0,0,0,0,0,0,0,0,0,0,0,0,0,0,0,0,0,0,8,6,8,7,8,8,7,9,7,10,6,10,6,11,5,11,5,11,4,12,3,12,3,11,3,11,3,11,4,10,4,10,4,9,5,9,5,9,6,9,6,9,7,8,7,8,8,8,8,8,8,8]"
2025-08-18 22:00:23.859721,CSI_DATA,1228,1a:00:00:00:00:00,-52,11,0,0,0,0,0,0,0,0,0,-94,0,1,0,208836311,0,42,0,128,0,"[0,0,-6,10,-6,10,-6,10,-5,11,-5,11,-4,11,-4,11,-3,11,-3,11,-2,11,-2,12,-1,12,-1,12,0,12,0,13,0,13,0,14,0,14,0,14,-1,14,-1,14,-1,14,-2,14,-3,15,-3,14,-4,14,0,0,0,0,0,0,0,0,0,0,0,0,0,0,0,0,0,0,0,0,0,0,-5,9,-6,10,-7,10,-8,9,-9,9,-10,9,-11,8,-11,8,-11,7,-11,7,-12,6,-11,6,-11,6,-10,6,-10,6,-10,6,-9,6,-9,7,-9,7,-8,8,-8,8,-8,8,-8,9,-7,9,-7,9,-7,10]"
2025-08-18 22:00:23.922777,CSI_DATA,1229,1a:00:00:00:00:00,-52,11,0,0,0,0,0,0,0,0,0,-94,0,1,0,208898132,0,31,0,128,0,"[0,0,9,-10,8,-10,8,-10,8,-11,7,-11,7,-11,6,-11,6,-11,5,-11,5,-12,5,-12,4,-12,3,-13,3,-13,3,-14,3,-14,3,-14,4,-15,4,-15,4,-15,5,-15,5,-15,5,-15,6,-15,7,-14,8,-14,0,0,0,0,0,0,0,0,0,0,0,0,0,0,0,0,0,0,0,0,0,0,6,-9,7,-9,8,-9,9,-8,10,-8,11,-8,11,-7,12,-7,12,-6,12,-5,12,-5,12,-4,11,-5,11,-5,11,-5,11,-5,10,-5,10,-6,10,-7,9,-7,9,-8,9,-8,9,-8,9,-8,9,-9,9,-10]"
2025-08-18 22:00:24.124276,CSI_DATA,1230,1a:00:00:00:00:00,-52,11,0,0,0,0,0,0,0,0,0,-94,0,1,0,209099203,0,31,0,128,0,"[0,0,-9,9,-9,9,-9,9,-8,9,-8,10,-7,10,-7,10,-6,10,-6,10,-5,11,-4,11,-4,12,-3,12,-3,13,-3,13,-3,13,-3,14,-3,14,-3,15,-4,15,-4,15,-5,15,-5,14,-5,15,-6,14,-7,14,0,0,0,0,0,0,0,0,0,0,0,0,0,0,0,0,0,0,0,0,0,0,-7,9,-9,9,-10,8,-11,8,-12,8,-13,7,-13,6,-14,6,-14,5,-14,4,-14,4,-13,4,-13,4,-13,4,-12,4,-12,4,-12,5,-11,5,-11,6,-11,6,-11,6,-10,7,-10,8,-10,8,-10,8,-10,8]"
2025-08-18 22:00:24.328684,CSI_DATA,1231,1a:00:00:00:00:00,-51,11,0,0,0,0,0,0,0,0,0,-94,0,1,0,209300371,0,31,0,128,0,"[0,0,0,-13,-1,-13,-1,-13,-1,-12,-2,-12,-3,-12,-3,-12,-4,-12,-4,-11,-5,-12,-5,-11,-6,-11,-6,-11,-7,-11,-7,-12,-8,-12,-8,-12,-8,-13,-8,-13,-8,-13,-8,-14,-8,-14,-7,-14,-6,-15,-5,-15,-5,-15,0,0,0,0,0,0,0,0,0,0,0,0,0,0,0,0,0,0,0,0,0,0,-1,-11,0,-12,1,-13,1,-13,2,-13,3,-13,4,-13,4,-13,5,-12,6,-12,6,-11,6,-11,6,-11,5,-11,5,-11,5,-11,4,-11,3,-11,3,-11,2,-11,2,-12,1,-12,1,-12,1,-12,1,-12,0,-13]"
2025-08-18 22:00:24.525003,CSI_DATA,1232,1a:00:00:00:00:00,-51,11,0,0,0,0,0,0,0,0,0,-94,0,1,0,209501606,0,31,0,128,0,"[0,0,-7,12,-6,11,-6,12,-5,11,-5,12,-4,12,-4,12,-3,12,-3,12,-2,12,-2,13,-1,13,-1,13,0,14,0,14,0,15,0,15,0,15,-1,15,-1,16,-1,16,-2,16,-2,15,-3,15,-4,15,-5,15,0,0,0,0,0,0,0,0,0,0,0,0,0,0,0,0,0,0,0,0,0,0,-5,9,-6,9,-6,9,-8,9,-8,9,-9,9,-10,8,-10,8,-11,7,-10,7,-11,6,-11,6,-10,6,-10,6,-10,7,-9,6,-9,7,-8,7,-8,8,-8,8,-8,9,-7,9,-7,10,-7,10,-7,11,-7,11]"
2025-08-18 22:00:24.725387,CSI_DATA,1233,1a:00:00:00:00:00,-52,11,0,0,0,0,0,0,0,0,0,-94,0,1,0,209702743,0,31,0,128,0,"[0,0,-3,12,-3,12,-3,12,-2,12,-2,12,-1,12,-1,12,0,12,0,12,1,12,1,12,2,12,2,13,3,13,3,13,4,13,4,14,4,15,4,15,3,15,3,15,2,15,1,15,1,16,0,15,-1,15,0,0,0,0,0,0,0,0,0,0,0,0,0,0,0,0,0,0,0,0,0,0,-2,9,-3,10,-4,10,-5,10,-6,10,-7,10,-8,10,-8,10,-8,9,-9,9,-9,8,-9,8,-9,8,-8,8,-8,8,-7,8,-7,9,-6,9,-6,9,-5,10,-5,10,-5,10,-5,11,-4,11,-4,11,-4,12]"
2025-08-18 22:00:24.934594,CSI_DATA,1234,1a:00:00:00:00:00,-52,11,0,0,0,0,0,0,0,0,0,-94,0,1,0,209904068,0,31,0,128,0,"[0,0,-4,-12,-4,-12,-5,-12,-5,-12,-6,-12,-6,-12,-6,-11,-7,-11,-7,-11,-8,-11,-8,-10,-9,-10,-10,-10,-10,-10,-10,-10,-11,-11,-11,-11,-11,-11,-11,-12,-10,-12,-10,-13,-10,-13,-9,-13,-9,-14,-8,-14,-7,-14,0,0,0,0,0,0,0,0,0,0,0,0,0,0,0,0,0,0,0,0,0,0,-4,-10,-4,-11,-3,-12,-2,-12,-2,-13,-1,-13,0,-13,1,-13,1,-13,2,-13,2,-13,2,-12,2,-12,1,-12,1,-12,1,-11,0,-11,0,-11,-1,-12,-1,-12,-1,-12,-2,-12,-3,-12,-3,-12,-3,-12,-3,-12]"
2025-08-18 22:00:25.136248,CSI_DATA,1235,1a:00:00:00:00:00,-52,11,0,0,0,0,0,0,0,0,0,-94,0,1,0,210105218,0,31,0,128,0,"[0,0,-8,-10,-9,-10,-9,-10,-9,-10,-9,-9,-10,-9,-10,-9,-11,-8,-11,-8,-11,-7,-12,-7,-12,-6,-13,-6,-13,-6,-14,-6,-14,-6,-15,-6,-15,-6,-15,-7,-15,-7,-15,-8,-15,-8,-14,-9,-14,-9,-13,-10,-13,-10,0,0,0,0,0,0,0,0,0,0,0,0,0,0,0,0,0,0,0,0,0,0,-7,-9,-7,-9,-6,-11,-6,-11,-6,-12,-4,-12,-4,-13,-3,-13,-3,-13,-2,-13,-2,-13,-2,-13,-2,-13,-2,-12,-2,-12,-3,-12,-3,-11,-4,-11,-5,-11,-5,-11,-5,-11,-6,-11,-7,-11,-7,-11,-7,-11,-7,-11]"
2025-08-18 22:00:25.333825,CSI_DATA,1236,1a:00:00:00:00:00,-52,11,0,0,0,0,0,0,0,0,0,-94,0,1,0,210306322,0,31,0,128,0,"[0,0,2,-13,2,-13,1,-13,1,-13,0,-14,0,-13,-1,-13,-2,-13,-2,-13,-2,-13,-3,-13,-4,-13,-4,-13,-5,-14,-5,-14,-5,-15,-6,-15,-5,-16,-5,-16,-5,-16,-5,-17,-4,-17,-3,-17,-3,-17,-2,-17,-1,-17,0,0,0,0,0,0,0,0,0,0,0,0,0,0,0,0,0,0,0,0,0,0,2,-11,3,-11,3,-11,4,-12,5,-12,6,-11,7,-11,7,-11,8,-11,8,-10,8,-10,8,-9,8,-9,7,-9,7,-9,7,-9,6,-10,5,-10,5,-11,5,-11,4,-11,4,-11,3,-12,3,-12,3,-12,3,-13]"
2025-08-18 22:00:25.397909,CSI_DATA,1237,1a:00:00:00:00:00,-52,11,0,0,0,0,0,0,0,0,0,-94,0,1,0,210368310,0,42,0,128,0,"[0,0,-2,-13,-3,-13,-3,-13,-3,-13,-4,-13,-5,-13,-5,-13,-5,-13,-6,-12,-7,-12,-7,-12,-8,-12,-9,-12,-9,-12,-9,-12,-10,-12,-10,-13,-10,-13,-10,-14,-10,-14,-9,-15,-9,-16,-9,-16,-8,-16,-7,-16,-6,-16,0,0,0,0,0,0,0,0,0,0,0,0,0,0,0,0,0,0,0,0,0,0,-3,-11,-2,-11,-1,-12,0,-12,0,-13,2,-13,3,-13,3,-13,4,-13,4,-13,4,-12,4,-12,4,-12,4,-12,3,-12,3,-11,2,-11,2,-12,1,-12,1,-12,0,-12,0,-12,-1,-13,-1,-13,-2,-13,-2,-13]"
2025-08-18 22:00:25.461139,CSI_DATA,1238,1a:00:00:00:00:00,-52,11,0,0,0,0,0,0,0,0,0,-94,0,1,0,210433988,0,31,0,128,0,"[0,0,-12,4,-12,5,-11,5,-11,6,-11,6,-11,6,-11,7,-10,7,-10,8,-9,8,-9,9,-8,9,-9,10,-9,11,-9,11,-9,12,-9,11,-10,12,-10,12,-11,12,-11,12,-12,11,-12,11,-12,11,-13,10,-14,9,0,0,0,0,0,0,0,0,0,0,0,0,0,0,0,0,0,0,0,0,0,0,-10,4,-11,3,-11,2,-12,2,-12,1,-13,1,-13,0,-13,-1,-13,-1,-13,-2,-13,-2,-12,-2,-12,-2,-12,-2,-12,-2,-11,-1,-12,-1,-11,0,-12,0,-11,1,-11,1,-12,2,-11,3,-12,3,-12,4,-12,4]"
2025-08-18 22:00:25.661529,CSI_DATA,1239,1a:00:00:00:00:00,-52,11,0,0,0,0,0,0,0,0,0,-94,0,1,0,210635048,0,31,0,128,0,"[0,0,-12,6,-11,5,-11,6,-11,7,-11,7,-10,7,-10,8,-10,8,-9,9,-9,9,-9,10,-8,10,-8,11,-8,12,-8,12,-8,13,-8,13,-9,14,-9,14,-9,14,-10,13,-11,13,-11,13,-12,13,-12,12,-13,11,0,0,0,0,0,0,0,0,0,0,0,0,0,0,0,0,0,0,0,0,0,0,-10,5,-11,4,-11,3,-12,3,-13,2,-14,1,-14,1,-14,0,-14,-1,-13,-1,-13,-1,-13,-1,-12,-1,-12,-1,-12,-1,-12,0,-12,0,-12,1,-12,1,-12,2,-12,2,-12,3,-12,4,-12,4,-12,4,-12,5]"
2025-08-18 22:00:25.861954,CSI_DATA,1240,1a:00:00:00:00:00,-52,11,0,0,0,0,0,0,0,0,0,-94,0,1,0,210836201,0,31,0,128,0,"[0,0,10,-8,9,-8,9,-8,9,-9,9,-9,8,-9,8,-10,7,-10,7,-11,7,-12,6,-12,6,-12,5,-13,5,-13,5,-14,5,-14,6,-15,6,-15,6,-16,7,-16,8,-16,8,-16,9,-15,9,-15,10,-14,11,-13,0,0,0,0,0,0,0,0,0,0,0,0,0,0,0,0,0,0,0,0,0,0,8,-7,9,-6,10,-6,10,-5,11,-5,12,-4,12,-4,12,-3,13,-3,13,-2,12,-1,12,-1,11,-1,11,-1,11,-2,11,-2,10,-3,11,-3,10,-4,10,-5,10,-5,10,-6,10,-6,10,-6,10,-7,10,-8]"
2025-08-18 22:00:26.076097,CSI_DATA,1241,1a:00:00:00:00:00,-52,11,0,0,0,0,0,0,0,0,0,-94,0,1,0,211037492,0,31,0,128,0,"[0,0,-10,-8,-10,-8,-11,-8,-11,-7,-11,-7,-11,-7,-12,-6,-12,-6,-12,-5,-13,-4,-13,-4,-13,-3,-14,-3,-15,-3,-15,-3,-15,-2,-16,-3,-16,-3,-17,-3,-17,-4,-17,-4,-17,-6,-16,-6,-16,-6,-16,-7,-16,-8,0,0,0,0,0,0,0,0,0,0,0,0,0,0,0,0,0,0,0,0,0,0,-9,-7,-9,-8,-8,-9,-8,-10,-8,-10,-7,-11,-7,-12,-6,-12,-5,-12,-5,-12,-5,-12,-5,-12,-5,-12,-5,-11,-5,-11,-5,-11,-6,-11,-6,-10,-7,-10,-7,-10,-7,-10,-8,-9,-9,-9,-9,-9,-9,-9,-10,-9]"
2025-08-18 22:00:26.267200,CSI_DATA,1242,1a:00:00:00:00:00,-51,11,0,0,0,0,0,0,0,0,0,-94,0,1,0,211238668,0,31,0,128,0,"[0,0,-13,0,-12,0,-13,1,-12,1,-12,2,-12,2,-12,2,-12,3,-12,4,-12,4,-11,5,-11,6,-12,6,-12,7,-12,7,-12,8,-12,8,-13,8,-14,8,-14,8,-14,7,-15,7,-15,6,-15,6,-15,5,-16,4,0,0,0,0,0,0,0,0,0,0,0,0,0,0,0,0,0,0,0,0,0,0,-10,0,-11,-1,-11,-2,-11,-3,-11,-3,-12,-4,-12,-5,-12,-5,-11,-6,-11,-6,-11,-6,-11,-6,-10,-6,-10,-6,-10,-5,-10,-5,-10,-5,-10,-4,-11,-3,-11,-3,-11,-3,-11,-3,-12,-1,-12,-1,-12,-1,-12,-1]"
2025-08-18 22:00:26.468259,CSI_DATA,1243,1a:00:00:00:00:00,-51,11,0,0,0,0,0,0,0,0,0,-94,0,1,0,211439850,0,31,0,128,0,"[0,0,0,-13,-1,-13,-1,-13,-1,-13,-2,-13,-2,-13,-3,-13,-4,-13,-4,-13,-5,-13,-5,-13,-6,-12,-7,-13,-7,-13,-8,-13,-8,-14,-8,-14,-8,-15,-8,-15,-8,-15,-7,-16,-7,-16,-6,-16,-5,-17,-4,-16,-4,-17,0,0,0,0,0,0,0,0,0,0,0,0,0,0,0,0,0,0,0,0,0,0,0,-11,1,-12,1,-12,2,-12,3,-12,4,-12,5,-12,6,-12,6,-12,6,-11,7,-11,7,-10,6,-11,6,-10,5,-11,5,-10,5,-11,4,-11,3,-11,3,-12,3,-12,2,-12,2,-12,1,-13,1,-13,1,-13]"
2025-08-18 22:00:26.665286,CSI_DATA,1244,1a:00:00:00:00:00,-51,11,0,0,0,0,0,0,0,0,0,-94,0,1,0,211640992,0,31,0,128,0,"[0,0,11,-2,11,-3,11,-3,11,-4,11,-4,11,-4,11,-5,10,-5,10,-6,10,-7,10,-7,10,-8,10,-8,10,-9,10,-9,10,-10,11,-10,11,-10,12,-10,12,-10,13,-10,13,-9,13,-8,13,-8,14,-7,14,-6,0,0,0,0,0,0,0,0,0,0,0,0,0,0,0,0,0,0,0,0,0,0,9,-2,10,-2,10,-1,11,0,11,1,11,1,12,2,11,2,11,3,11,4,10,4,10,4,10,4,10,3,10,3,10,3,10,2,10,1,10,1,10,1,10,0,11,0,11,-1,11,-1,11,-1,12,-2]"
2025-08-18 22:00:26.872626,CSI_DATA,1245,1a:00:00:00:00:00,-51,11,0,0,0,0,0,0,0,0,0,-94,0,1,0,211842105,0,31,0,128,0,"[0,0,-5,-11,-5,-11,-6,-11,-6,-11,-7,-11,-7,-10,-8,-10,-8,-10,-8,-9,-9,-9,-9,-9,-10,-9,-11,-9,-11,-9,-12,-9,-12,-9,-12,-9,-13,-10,-13,-10,-13,-10,-12,-11,-12,-11,-12,-12,-11,-12,-10,-13,-10,-13,0,0,0,0,0,0,0,0,0,0,0,0,0,0,0,0,0,0,0,0,0,0,-5,-9,-4,-10,-4,-11,-3,-11,-2,-12,-2,-13,-1,-13,0,-13,1,-13,1,-12,1,-12,1,-12,1,-12,1,-11,0,-11,0,-11,-1,-11,-1,-11,-2,-11,-2,-11,-3,-11,-3,-11,-4,-11,-4,-11,-4,-11,-4,-11]"
2025-08-18 22:00:26.931319,CSI_DATA,1246,1a:00:00:00:00:00,-51,11,0,0,0,0,0,0,0,0,0,-94,0,1,0,211906208,0,42,0,128,0,"[0,0,1,-14,0,-10,-1,-14,-2,-11,9,-7,-6,-13,-2,-8,2,-24,1,-7,-3,-3,-11,-5,0,-11,-4,-23,1,-11,5,-13,-3,-15,-2,-6,-9,-18,-13,-12,-6,-16,0,-26,-10,-12,-8,-14,-13,-11,-4,-12,-4,-21,0,0,0,0,0,0,0,0,0,0,0,0,0,0,0,0,0,0,0,0,0,0,5,-8,6,-9,6,-8,7,-9,8,-8,9,-8,9,-7,9,-7,10,-6,9,-6,9,-6,9,-6,9,-6,9,-6,9,-6,7,-6,8,-7,7,-8,5,-9,7,-8,5,-11,8,-7,5,-7,4,-12,6,-10,5,-12]"
2025-08-18 22:00:26.992997,CSI_DATA,1247,1a:00:00:00:00:00,-51,11,0,0,0,0,0,0,0,0,0,-94,0,1,0,211970302,0,31,0,128,0,"[0,0,11,-1,11,-1,11,-2,12,-2,11,-2,11,-3,11,-3,11,-4,11,-5,11,-6,11,-6,10,-7,10,-7,11,-7,11,-8,11,-8,12,-8,12,-9,13,-9,13,-8,13,-8,14,-7,14,-7,14,-6,14,-6,15,-5,0,0,0,0,0,0,0,0,0,0,0,0,0,0,0,0,0,0,0,0,0,0,9,-1,10,0,10,1,10,1,11,2,11,3,11,4,11,4,11,5,10,5,10,5,10,5,9,5,9,4,9,4,9,4,9,3,9,3,9,2,10,2,10,2,11,1,11,1,11,0,11,0,11,-1]"
2025-08-18 22:00:27.201709,CSI_DATA,1248,1a:00:00:00:00:00,-51,11,0,0,0,0,0,0,0,0,0,-94,0,1,0,212171261,0,31,0,128,0,"[0,0,-7,-10,-8,-11,-7,-10,-8,-10,-9,-10,-9,-9,-9,-9,-10,-8,-10,-8,-10,-7,-11,-8,-11,-7,-12,-7,-12,-7,-13,-7,-13,-7,-14,-7,-14,-7,-14,-8,-14,-8,-14,-9,-14,-9,-14,-10,-13,-11,-12,-11,-12,-11,0,0,0,0,0,0,0,0,0,0,0,0,0,0,0,0,0,0,0,0,0,0,-6,-9,-5,-10,-5,-10,-4,-11,-4,-12,-3,-12,-2,-12,-2,-13,-1,-13,-1,-13,0,-12,0,-12,-1,-12,-1,-11,-1,-11,-1,-11,-2,-11,-3,-11,-3,-11,-4,-11,-4,-11,-5,-11,-5,-11,-5,-11,-6,-11,-6,-11]"
2025-08-18 22:00:27.394798,CSI_DATA,1249,1a:00:00:00:00:00,-51,11,0,0,0,0,0,0,0,0,0,-94,0,1,0,212372471,0,31,0,128,0,"[0,0,8,9,8,8,9,8,9,8,10,8,10,7,10,7,11,6,11,6,11,5,11,4,12,4,13,4,13,4,14,3,14,4,15,4,15,4,15,5,15,5,15,6,15,7,15,7,14,7,14,8,14,9,0,0,0,0,0,0,0,0,0,0,0,0,0,0,0,0,0,0,0,0,0,0,6,7,6,8,6,9,5,10,5,11,4,12,4,12,3,12,2,12,2,12,2,12,1,12,2,12,2,11,2,11,2,10,3,10,3,10,4,10,5,10,5,10,6,10,6,9,7,10,7,9,8,9]"
2025-08-18 22:00:27.610679,CSI_DATA,1250,1a:00:00:00:00:00,-51,11,0,0,0,0,0,0,0,0,0,-94,0,1,0,212573621,0,31,0,128,0,"[0,0,-7,10,-6,10,-6,10,-6,10,-5,10,-5,10,-4,11,-4,11,-3,11,-3,11,-2,12,-1,12,-1,12,-1,13,-1,13,-1,13,-1,14,-1,14,-1,15,-2,15,-2,15,-3,15,-3,15,-4,15,-5,14,-6,14,0,0,0,0,0,0,0,0,0,0,0,0,0,0,0,0,0,0,0,0,0,0,-5,8,-6,8,-7,8,-8,8,-9,7,-10,7,-10,6,-11,6,-11,6,-11,5,-11,5,-11,4,-10,5,-10,5,-10,5,-9,5,-9,5,-9,6,-8,6,-8,7,-8,7,-8,8,-8,8,-7,8,-7,9,-7,9]"
2025-08-18 22:00:27.806216,CSI_DATA,1251,1a:00:00:00:00:00,-51,11,0,0,0,0,0,0,0,0,0,-94,0,1,0,212775236,0,31,0,128,0,"[0,0,-8,-11,-9,-11,-9,-10,-9,-10,-9,-10,-10,-9,-10,-9,-11,-8,-11,-8,-12,-7,-12,-7,-12,-7,-13,-7,-14,-7,-14,-6,-14,-6,-15,-7,-16,-7,-16,-7,-16,-8,-16,-8,-15,-9,-15,-10,-14,-10,-14,-11,-13,-12,0,0,0,0,0,0,0,0,0,0,0,0,0,0,0,0,0,0,0,0,0,0,-7,-9,-6,-10,-6,-11,-5,-12,-5,-12,-4,-13,-3,-13,-3,-13,-2,-13,-2,-14,-1,-13,-1,-13,-1,-13,-2,-13,-2,-12,-2,-12,-3,-12,-4,-12,-4,-12,-5,-12,-5,-11,-6,-11,-6,-11,-7,-12,-7,-11,-7,-11]"
2025-08-18 22:00:27.999660,CSI_DATA,1252,1a:00:00:00:00:00,-51,11,0,0,0,0,0,0,0,0,0,-94,0,1,0,212975909,0,31,0,128,0,"[0,0,-9,9,-8,8,-8,9,-8,9,-7,10,-7,10,-7,10,-6,10,-6,10,-5,11,-5,11,-4,11,-4,12,-4,13,-3,13,-4,14,-4,13,-4,14,-5,15,-5,14,-6,14,-6,14,-6,14,-7,14,-8,13,-9,13,0,0,0,0,0,0,0,0,0,0,0,0,0,0,0,0,0,0,0,0,0,0,-6,7,-8,7,-10,6,-9,6,-10,6,-11,6,-11,5,-12,4,-12,4,-12,3,-12,3,-12,3,-11,3,-11,3,-11,3,-10,3,-10,4,-10,4,-10,5,-9,5,-9,6,-9,6,-9,7,-9,7,-9,8,-9,8]"
2025-08-18 22:00:28.201685,CSI_DATA,1253,1a:00:00:00:00:00,-51,11,0,0,0,0,0,0,0,0,0,-94,0,1,0,213177064,0,31,0,128,0,"[0,0,9,-8,8,-9,8,-9,9,-10,8,-10,7,-10,7,-10,6,-11,6,-11,5,-12,5,-12,4,-13,4,-13,4,-14,4,-14,4,-14,4,-15,4,-15,5,-16,5,-16,6,-16,6,-16,7,-15,8,-15,8,-14,9,-14,0,0,0,0,0,0,0,0,0,0,0,0,0,0,0,0,0,0,0,0,0,0,7,-7,8,-7,9,-7,10,-6,10,-6,11,-5,12,-4,12,-4,12,-3,12,-3,12,-2,12,-2,11,-2,11,-3,10,-3,10,-3,10,-4,10,-4,10,-5,9,-5,9,-6,9,-6,9,-7,9,-7,9,-8,9,-8]"
2025-08-18 22:00:28.408387,CSI_DATA,1254,1a:00:00:00:00:00,-51,11,0,0,0,0,0,0,0,0,0,-94,0,1,0,213378433,0,31,0,128,0,"[0,0,-11,-7,-11,-7,-11,-6,-11,-6,-12,-6,-12,-5,-12,-5,-12,-4,-12,-3,-13,-3,-13,-2,-13,-2,-13,-1,-14,-1,-14,-1,-15,0,-15,-1,-16,-1,-16,-1,-16,-1,-16,-2,-16,-3,-16,-3,-16,-4,-16,-4,-16,-5,0,0,0,0,0,0,0,0,0,0,0,0,0,0,0,0,0,0,0,0,0,0,-8,-6,-9,-6,-9,-8,-9,-9,-8,-9,-8,-10,-8,-11,-7,-11,-7,-11,-6,-11,-6,-11,-6,-11,-6,-11,-6,-10,-6,-10,-6,-10,-7,-9,-7,-9,-8,-9,-8,-9,-8,-8,-9,-8,-9,-8,-10,-8,-10,-8,-10,-7]"
2025-08-18 22:00:28.484106,CSI_DATA,1255,1a:00:00:00:00:00,-51,11,0,0,0,0,0,0,0,0,0,-94,0,1,0,213440291,0,42,0,128,0,"[0,0,-7,-11,-7,-11,-7,-10,-7,-10,-8,-10,-8,-9,-9,-9,-9,-9,-9,-8,-10,-8,-10,-7,-11,-7,-12,-7,-12,-7,-12,-7,-13,-7,-13,-7,-14,-7,-14,-8,-14,-8,-14,-8,-13,-9,-13,-10,-13,-10,-12,-10,-12,-11,0,0,0,0,0,0,0,0,0,0,0,0,0,0,0,0,0,0,0,0,0,0,-5,-9,-5,-10,-4,-11,-4,-11,-3,-12,-2,-12,-2,-12,-1,-12,-1,-13,-1,-12,0,-12,0,-12,0,-12,-1,-12,-1,-12,-1,-11,-1,-11,-2,-11,-3,-11,-3,-11,-4,-11,-4,-11,-5,-11,-5,-11,-6,-11,-6,-11]"
2025-08-18 22:00:28.530307,CSI_DATA,1256,1a:00:00:00:00:00,-51,11,0,0,0,0,0,0,0,0,0,-94,0,1,0,213505858,0,31,0,128,0,"[0,0,-10,7,-9,7,-9,8,-9,8,-8,8,-8,9,-8,9,-7,9,-7,10,-7,10,-6,10,-5,11,-5,11,-5,12,-5,12,-5,13,-5,13,-6,13,-6,14,-7,14,-7,14,-7,13,-8,13,-9,13,-9,12,-10,12,0,0,0,0,0,0,0,0,0,0,0,0,0,0,0,0,0,0,0,0,0,0,-8,6,-9,6,-9,5,-10,5,-11,4,-12,4,-12,3,-12,3,-12,2,-12,2,-12,1,-12,1,-12,1,-11,2,-11,2,-11,2,-11,3,-11,3,-10,3,-10,4,-10,5,-10,5,-10,6,-10,6,-10,6,-10,7]"
2025-08-18 22:00:28.735471,CSI_DATA,1257,1a:00:00:00:00:00,-51,11,0,0,0,0,0,0,0,0,0,-94,0,1,0,213706955,0,31,0,128,0,"[0,0,-11,-6,-11,-6,-11,-6,-11,-5,-11,-4,-11,-4,-12,-3,-12,-2,-12,-2,-12,-1,-12,0,-12,0,-13,1,-13,1,-13,2,-13,3,-14,2,-14,3,-15,3,-15,3,-15,3,-15,2,-15,2,-15,1,-15,1,-15,0,0,0,0,0,0,0,0,0,0,0,0,0,0,0,0,0,0,0,0,0,0,0,-6,-7,-5,-8,-43,1,-5,-11,-6,-10,-5,-10,-5,-11,-5,-11,-5,-11,-4,-12,-4,-11,-4,-11,-4,-11,-4,-11,-5,-10,-5,-10,-5,-9,-6,-9,-6,-9,-7,-8,-8,-8,-8,-8,-9,-8,-9,-7,-9,-7,-10,-7]"
2025-08-18 22:00:28.930694,CSI_DATA,1258,1a:00:00:00:00:00,-51,11,0,0,0,0,0,0,0,0,0,-94,0,1,0,213908104,0,31,0,128,0,"[0,0,-1,13,0,12,0,12,1,12,1,12,2,12,2,12,3,12,3,12,4,12,5,11,5,12,6,12,6,12,6,12,7,12,7,13,7,13,7,14,6,14,6,14,6,15,5,15,4,15,4,15,3,15,0,0,0,0,0,0,0,0,0,0,0,0,0,0,0,0,0,0,0,0,0,0,0,10,-1,11,-1,11,-2,11,-3,12,-4,12,-5,12,-5,12,-6,11,-6,11,-6,11,-6,10,-6,10,-6,10,-6,10,-5,10,-5,10,-4,10,-4,10,-3,11,-3,11,-2,11,-2,12,-1,12,-1,12,0,12]"
2025-08-18 22:00:29.143940,CSI_DATA,1259,1a:00:00:00:00:00,-51,11,0,0,0,0,0,0,0,0,0,-94,0,1,0,214109255,0,31,0,128,0,"[0,0,-12,6,-12,6,-12,6,-11,7,-11,7,-11,7,-10,8,-10,8,-9,9,-9,9,-9,10,-8,10,-8,11,-8,11,-8,12,-8,12,-8,13,-9,13,-9,13,-10,13,-10,13,-10,12,-11,12,-11,11,-12,11,-13,10,0,0,0,0,0,0,0,0,0,0,0,0,0,0,0,0,0,0,0,0,0,0,-10,5,-10,4,-11,4,-12,3,-13,2,-13,1,-14,1,-13,0,-14,0,-13,-1,-13,-1,-13,-2,-13,-1,-12,-1,-12,-1,-12,0,-12,0,-12,1,-12,1,-12,2,-12,2,-12,3,-12,4,-12,4,-12,4,-12,5]"
2025-08-18 22:00:29.331736,CSI_DATA,1260,1a:00:00:00:00:00,-51,11,0,0,0,0,0,0,0,0,0,-94,0,1,0,214310406,0,31,0,128,0,"[0,0,5,11,5,10,5,11,6,10,7,10,7,10,7,9,7,9,8,9,8,8,9,8,9,8,10,8,10,8,11,8,12,8,11,8,12,9,12,9,12,9,12,10,11,10,10,11,10,11,9,11,9,12,0,0,0,0,0,0,0,0,0,0,0,0,0,0,0,0,0,0,0,0,0,0,4,8,4,10,3,10,2,11,2,11,1,12,0,12,0,12,-1,12,-2,12,-2,12,-2,11,-2,11,-1,11,-1,11,-1,10,0,11,1,10,1,11,2,11,2,11,3,11,3,11,4,11,4,11,4,11]"
2025-08-18 22:00:29.537759,CSI_DATA,1261,1a:00:00:00:00:00,-51,11,0,0,0,0,0,0,0,0,0,-94,0,1,0,214512080,0,31,0,128,0,"[0,0,-11,9,-10,9,-10,9,-9,9,-9,10,-8,10,-8,10,-8,10,-7,11,-6,11,-6,11,-6,12,-5,13,-5,13,-5,13,-5,14,-5,14,-6,15,-6,15,-7,15,-7,15,-8,14,-8,14,-9,13,-9,13,-10,13,0,0,0,0,0,0,0,0,0,0,0,0,0,0,0,0,0,0,0,0,0,0,-8,8,-9,7,-10,7,-11,7,-11,6,-12,6,-13,5,-13,5,-13,4,-13,3,-13,3,-13,3,-12,3,-12,3,-12,3,-11,3,-11,4,-11,4,-11,5,-11,5,-11,6,-11,6,-10,7,-11,8,-10,8,-10,8]"
2025-08-18 22:00:29.737584,CSI_DATA,1262,1a:00:00:00:00:00,-51,11,0,0,0,0,0,0,0,0,0,-94,0,1,0,214712890,0,31,0,128,0,"[0,0,9,-9,8,-9,8,-9,7,-10,7,-10,7,-10,6,-10,6,-11,5,-11,5,-11,4,-12,4,-12,3,-13,3,-13,4,-13,3,-14,3,-14,4,-15,4,-15,5,-15,5,-15,6,-15,6,-14,6,-14,7,-14,8,-13,0,0,0,0,0,0,0,0,0,0,0,0,0,0,0,0,0,0,0,0,0,0,7,-8,8,-7,8,-7,9,-7,10,-6,11,-6,11,-5,11,-5,12,-4,11,-4,11,-3,11,-3,10,-3,10,-3,10,-4,10,-4,10,-4,9,-5,9,-5,9,-6,9,-6,9,-7,9,-7,9,-8,9,-8,9,-8]"
2025-08-18 22:00:29.937732,CSI_DATA,1263,1a:00:00:00:00:00,-50,11,0,0,0,0,0,0,0,0,0,-94,0,1,0,214914009,0,31,0,128,0,"[0,0,-6,12,-6,12,-5,12,-5,13,-4,12,-4,12,-3,13,-3,13,-2,13,-1,13,-1,13,0,13,0,14,1,14,1,15,1,14,1,15,1,15,0,16,0,16,-1,16,-1,16,-2,16,-2,16,-3,16,-4,15,0,0,0,0,0,0,0,0,0,0,0,0,0,0,0,0,0,0,0,0,0,0,-4,9,-5,10,-6,10,-7,10,-8,10,-9,9,-10,9,-10,9,-10,8,-11,8,-11,7,-11,7,-10,7,-10,7,-9,7,-9,7,-9,8,-8,8,-8,9,-8,9,-7,9,-7,10,-7,11,-7,11,-6,11,-6,11]"
2025-08-18 22:00:30.000187,CSI_DATA,1264,1a:00:00:00:00:00,-51,11,0,0,0,0,0,0,0,0,0,-94,0,1,0,214976315,0,42,0,128,0,"[0,0,13,-2,12,-3,12,-3,13,-3,12,-4,12,-5,12,-5,12,-5,11,-6,11,-7,11,-7,11,-8,11,-8,11,-9,11,-10,12,-10,12,-10,12,-10,13,-10,14,-10,14,-9,14,-9,14,-8,15,-8,15,-7,15,-6,0,0,0,0,0,0,0,0,0,0,0,0,0,0,0,0,0,0,0,0,0,0,10,-2,10,-2,11,-1,11,0,12,1,12,1,12,3,12,3,12,3,12,4,12,4,11,4,11,4,11,4,11,3,11,3,11,2,11,1,11,1,11,0,12,0,12,0,12,-1,12,-1,12,-1,13,-2]"
2025-08-18 22:00:30.072577,CSI_DATA,1265,1a:00:00:00:00:00,-51,11,0,0,0,0,0,0,0,0,0,-94,0,1,0,215042773,0,31,0,128,0,"[0,0,-11,-8,-12,-7,-12,-7,-12,-6,-12,-6,-12,-6,-12,-5,-13,-5,-13,-4,-13,-3,-13,-3,-14,-2,-14,-2,-15,-1,-15,-1,-15,-1,-16,-1,-16,-1,-17,-2,-17,-2,-17,-3,-17,-3,-16,-4,-16,-4,-16,-5,-16,-6,0,0,0,0,0,0,0,0,0,0,0,0,0,0,0,0,0,0,0,0,0,0,-9,-6,-9,-7,-9,-8,-9,-9,-9,-9,-8,-10,-8,-11,-7,-11,-7,-11,-6,-12,-6,-11,-6,-11,-6,-11,-6,-11,-6,-11,-6,-10,-7,-10,-7,-9,-8,-9,-8,-9,-9,-9,-9,-9,-10,-8,-10,-8,-11,-8,-11,-8]"
2025-08-18 22:00:30.264543,CSI_DATA,1266,1a:00:00:00:00:00,-51,11,0,0,0,0,0,0,0,0,0,-94,0,1,0,215243390,0,31,0,128,0,"[0,0,12,3,12,3,12,3,12,2,12,2,12,1,12,0,13,0,12,-1,12,-1,13,-2,13,-2,13,-3,13,-3,14,-4,14,-4,14,-4,15,-4,15,-4,15,-3,16,-3,16,-2,15,-1,15,-1,15,0,15,1,0,0,0,0,0,0,0,0,0,0,0,0,0,0,0,0,0,0,0,0,0,0,9,2,10,2,10,4,10,5,10,5,10,6,10,7,10,7,9,8,9,8,8,8,8,8,8,8,8,7,8,7,8,7,8,6,9,6,9,6,9,5,10,5,10,4,11,4,11,4,11,4,12,3]"
2025-08-18 22:00:30.469661,CSI_DATA,1267,1a:00:00:00:00:00,-51,11,0,0,0,0,0,0,0,0,0,-94,0,1,0,215446296,0,31,0,128,0,"[0,0,-1,13,-1,12,0,12,0,12,1,12,1,12,1,12,2,12,2,12,3,11,4,12,4,11,5,12,5,12,6,12,6,13,6,13,6,14,6,14,5,15,4,15,4,15,4,15,3,15,2,15,1,15,0,0,0,0,0,0,0,0,0,0,0,0,0,0,0,0,0,0,0,0,0,0,1,9,0,10,-1,11,-2,11,-3,11,-3,11,-4,11,-5,11,-5,11,-6,11,-6,11,-6,10,-6,10,-5,10,-5,10,-5,10,-5,10,-4,10,-3,11,-3,11,-3,11,-3,11,-2,12,-1,12,-1,12,-1,12]"
2025-08-18 22:00:30.667550,CSI_DATA,1268,1a:00:00:00:00:00,-51,11,0,0,0,0,0,0,0,0,0,-94,0,1,0,215646019,0,31,0,128,0,"[0,0,5,10,5,10,6,10,6,10,7,10,7,9,7,9,8,8,8,8,8,8,9,7,9,7,10,7,10,7,11,7,11,7,11,8,11,8,12,8,11,9,11,9,11,10,11,10,10,11,9,11,9,12,0,0,0,0,0,0,0,0,0,0,0,0,0,0,0,0,0,0,0,0,0,0,5,7,5,8,5,9,4,10,4,10,3,11,2,11,1,11,1,12,0,12,0,11,0,11,0,11,0,11,0,10,0,10,1,10,2,10,2,10,3,10,3,10,3,10,4,10,4,11,5,10,5,10]"
2025-08-18 22:00:30.827256,CSI_DATA,1269,1a:00:00:00:00:00,-51,11,0,0,0,0,0,0,0,0,0,-94,0,1,0,215803262,0,28,0,128,0,"[0,0,10,-7,9,-8,9,-8,9,-8,9,-9,8,-9,8,-9,7,-9,7,-10,7,-10,6,-11,6,-11,6,-11,6,-12,6,-12,6,-13,6,-13,6,-14,7,-14,7,-14,8,-13,8,-13,8,-13,9,-12,10,-12,10,-11,0,0,0,0,0,0,0,0,0,0,0,0,0,0,0,0,0,0,0,0,0,0,7,-7,8,-7,9,-6,9,-6,10,-5,11,-5,11,-4,11,-4,11,-3,11,-3,11,-2,11,-2,11,-2,10,-2,10,-2,10,-3,10,-3,10,-4,10,-4,10,-5,9,-5,10,-5,10,-6,10,-6,10,-6,10,-7]"
2025-08-18 22:00:30.883631,CSI_DATA,1270,1a:00:00:00:00:00,-51,11,0,0,0,0,0,0,0,0,0,-94,0,1,0,215847010,0,31,0,128,0,"[0,0,-7,11,-6,11,-6,11,-5,11,-5,12,-4,12,-4,12,-3,12,-3,12,-2,12,-2,12,-1,12,-1,13,0,13,0,13,0,14,0,14,0,15,0,15,0,15,-1,15,-1,15,-2,15,-3,15,-3,15,-4,15,0,0,0,0,0,0,0,0,0,0,0,0,0,0,0,0,0,0,0,0,0,0,-4,9,-5,9,-6,9,-7,9,-8,9,-9,8,-9,8,-10,8,-10,7,-10,7,-11,7,-11,6,-10,6,-10,6,-10,6,-9,6,-9,7,-8,7,-8,8,-8,8,-7,9,-7,9,-7,9,-7,10,-7,10,-6,11]"
2025-08-18 22:00:31.072770,CSI_DATA,1271,1a:00:00:00:00:00,-51,11,0,0,0,0,0,0,0,0,0,-94,0,1,0,216048221,0,31,0,128,0,"[0,0,9,-9,8,-10,8,-10,8,-10,7,-11,7,-11,7,-11,6,-12,6,-12,5,-12,5,-13,4,-13,3,-13,3,-14,3,-14,3,-15,3,-15,4,-16,4,-16,5,-16,5,-16,6,-16,6,-15,6,-15,7,-15,8,-14,0,0,0,0,0,0,0,0,0,0,0,0,0,0,0,0,0,0,0,0,0,0,6,-8,7,-8,8,-8,9,-7,10,-7,11,-7,11,-6,11,-5,12,-5,12,-4,12,-4,11,-4,11,-4,11,-4,10,-4,10,-5,10,-5,10,-5,10,-6,10,-7,9,-7,9,-7,9,-8,9,-9,9,-9,9,-9]"
2025-08-18 22:00:31.277423,CSI_DATA,1272,1a:00:00:00:00:00,-51,11,0,0,0,0,0,0,0,0,0,-94,0,1,0,216249368,0,31,0,128,0,"[0,0,-13,-3,-13,-3,-13,-3,-13,-2,-13,-2,-13,-2,-13,-1,-13,0,-13,0,-13,1,-13,1,-13,2,-14,2,-14,3,-14,4,-14,4,-15,4,-15,4,-16,4,-16,4,-16,3,-16,2,-17,2,-16,1,-16,0,-16,0,0,0,0,0,0,0,0,0,0,0,0,0,0,0,0,0,0,0,0,0,0,0,-11,-2,-11,-3,-11,-4,-11,-5,-11,-6,-11,-7,-11,-7,-11,-8,-10,-8,-10,-9,-10,-9,-9,-9,-9,-9,-9,-8,-9,-8,-9,-7,-10,-7,-10,-6,-10,-6,-11,-6,-11,-5,-11,-5,-12,-4,-12,-4,-12,-4,-13,-4]"
2025-08-18 22:00:31.478312,CSI_DATA,1273,1a:00:00:00:00:00,-52,11,0,0,0,0,0,0,0,0,0,-94,0,1,0,216450568,0,31,0,128,0,"[0,0,-14,0,-13,1,-13,1,-13,1,-13,2,-13,2,-13,2,-13,3,-13,3,-13,4,-12,5,-12,6,-12,6,-13,6,-13,7,-13,7,-14,7,-14,7,-15,7,-15,7,-15,7,-15,6,-16,6,-16,5,-16,4,-16,4,0,0,0,0,0,0,0,0,0,0,0,0,0,0,0,0,0,0,0,0,0,0,-11,1,-11,0,-12,-1,-12,-2,-12,-2,-13,-3,-13,-4,-12,-5,-12,-5,-12,-6,-12,-5,-11,-6,-11,-6,-11,-5,-11,-5,-11,-5,-11,-4,-11,-3,-12,-3,-12,-3,-12,-2,-12,-2,-13,-1,-13,-1,-13,0,-13,0]"
2025-08-18 22:00:31.545837,CSI_DATA,1274,1a:00:00:00:00:00,-52,11,0,0,0,0,0,0,0,0,0,-94,0,1,0,216512817,0,42,0,128,0,"[0,0,10,7,10,6,10,6,11,6,11,6,11,5,11,5,12,4,12,4,12,3,12,2,13,1,13,1,13,1,14,0,14,0,15,1,15,1,15,1,16,2,15,2,15,3,16,3,15,3,15,4,15,5,0,0,0,0,0,0,0,0,0,0,0,0,0,0,0,0,0,0,0,0,0,0,8,4,8,5,8,7,8,7,8,8,7,9,7,10,6,10,6,10,6,11,5,10,5,10,5,10,5,10,5,9,5,9,6,8,6,8,7,8,7,8,8,8,8,8,9,8,10,7,10,7,10,7]"
2025-08-18 22:00:31.605733,CSI_DATA,1275,1a:00:00:00:00:00,-52,11,0,0,0,0,0,0,0,0,0,-94,0,1,0,216577570,0,31,0,128,0,"[0,0,0,-13,-1,-13,-1,-13,-1,-13,-2,-13,-2,-13,-2,-13,-3,-13,-3,-12,-4,-12,-5,-12,-6,-12,-6,-13,-6,-13,-6,-13,-7,-14,-7,-13,-7,-14,-7,-15,-6,-15,-6,-15,-5,-16,-5,-15,-5,-16,-4,-15,-3,-16,0,0,0,0,0,0,0,0,0,0,0,0,0,0,0,0,0,0,0,0,0,0,-1,-10,-1,-11,0,-11,1,-12,1,-12,3,-13,4,-12,5,-12,5,-12,5,-11,5,-11,5,-11,5,-11,5,-11,4,-11,4,-10,4,-11,3,-11,2,-11,3,-11,2,-12,2,-12,1,-12,0,-12,0,-12,0,-13]"
2025-08-18 22:00:31.795481,CSI_DATA,1276,1a:00:00:00:00:00,-52,11,0,0,0,0,0,0,0,0,0,-94,0,1,0,216778647,0,31,0,128,0,"[0,0,7,9,7,8,7,9,7,7,8,8,7,8,8,7,8,7,8,7,8,6,9,6,10,6,10,6,11,6,10,7,11,7,10,7,11,8,11,8,11,9,10,9,9,10,9,10,9,10,9,11,8,12,0,0,0,0,0,0,0,0,0,0,0,0,0,0,0,0,0,0,0,0,0,0,7,1,8,8,9,4,2,1,6,20,5,11,2,1,3,15,5,8,6,11,5,10,6,9,5,9,5,8,4,8,4,9,5,9,4,8,5,9,5,8,6,8,5,8,7,7,7,7,7,8,7,8]"
2025-08-18 22:00:32.007277,CSI_DATA,1277,1a:00:00:00:00:00,-52,11,0,0,0,0,0,0,0,0,0,-94,0,1,0,216979770,0,31,0,128,0,"[0,0,-14,1,-13,2,-13,2,-13,3,-13,3,-13,3,-13,4,-13,4,-12,5,-12,6,-12,7,-12,7,-12,7,-12,8,-12,9,-12,9,-12,9,-13,9,-14,9,-14,9,-14,8,-15,8,-15,7,-15,7,-15,6,-15,6,0,0,0,0,0,0,0,0,0,0,0,0,0,0,0,0,0,0,0,0,0,0,-10,2,-11,1,-12,0,-12,-1,-13,-1,-13,-2,-13,-3,-13,-4,-13,-4,-12,-5,-13,-5,-12,-5,-12,-5,-11,-4,-12,-4,-11,-3,-12,-3,-12,-2,-12,-2,-12,-2,-12,-1,-12,-1,-13,0,-13,1,-13,1,-13,1]"
2025-08-18 22:00:32.206519,CSI_DATA,1278,1a:00:00:00:00:00,-52,11,0,0,0,0,0,0,0,0,0,-94,0,1,0,217180946,0,31,0,128,0,"[0,0,12,4,12,4,11,3,12,3,12,3,12,2,12,2,13,1,12,0,13,0,13,-1,13,-1,13,-1,13,-2,14,-3,14,-3,15,-2,15,-2,15,-2,16,-2,16,-1,16,-1,16,0,16,1,15,1,15,2,0,0,0,0,0,0,0,0,0,0,0,0,0,0,0,0,0,0,0,0,0,0,9,3,9,4,10,5,10,5,10,7,9,7,9,8,9,8,9,9,8,10,8,9,7,9,7,9,7,9,7,8,8,8,8,7,8,7,9,7,9,7,10,6,10,6,11,5,11,6,11,5,11,5]"
2025-08-18 22:00:32.427439,CSI_DATA,1279,1a:00:00:00:00:00,-52,11,0,0,0,0,0,0,0,0,0,-94,0,1,0,217382176,0,31,0,128,0,"[0,0,-7,-12,-8,-11,-8,-12,-8,-11,-8,-11,-9,-10,-9,-10,-10,-10,-10,-9,-10,-8,-11,-8,-12,-8,-13,-8,-13,-8,-13,-7,-14,-8,-14,-8,-15,-8,-15,-8,-14,-9,-14,-9,-14,-10,-13,-10,-13,-11,-12,-11,-12,-12,0,0,0,0,0,0,0,0,0,0,0,0,0,0,0,0,0,0,0,0,0,0,-5,-9,-5,-10,-4,-11,-4,-12,-4,-12,-3,-13,-2,-13,-2,-13,-1,-13,-1,-13,0,-13,0,-13,0,-13,-1,-13,-1,-12,-1,-12,-2,-12,-3,-12,-3,-12,-4,-12,-4,-12,-5,-12,-5,-11,-6,-12,-6,-12,-6,-12]"
2025-08-18 22:00:32.606997,CSI_DATA,1280,1a:00:00:00:00:00,-52,11,0,0,0,0,0,0,0,0,0,-94,0,1,0,217583349,0,31,0,128,0,"[0,0,13,-1,12,-2,12,-2,13,-3,12,-3,12,-3,12,-4,12,-4,11,-5,12,-6,11,-7,11,-7,11,-8,11,-8,12,-9,12,-9,13,-9,12,-9,13,-9,14,-9,14,-8,14,-8,15,-7,15,-7,15,-6,15,-5,0,0,0,0,0,0,0,0,0,0,0,0,0,0,0,0,0,0,0,0,0,0,10,-2,11,-1,12,0,11,1,12,1,12,2,13,3,12,4,12,4,12,5,12,5,11,5,11,5,11,5,11,4,11,4,11,3,11,2,11,2,11,2,11,1,12,1,12,0,12,0,12,0,13,-1]"
2025-08-18 22:00:32.812884,CSI_DATA,1281,1a:00:00:00:00:00,-52,11,0,0,0,0,0,0,0,0,0,-94,0,1,0,217785907,0,31,0,128,0,"[0,0,-13,4,-12,4,-12,4,-12,5,-12,5,-11,6,-11,6,-10,6,-10,7,-10,8,-10,8,-9,9,-9,9,-9,10,-9,10,-9,11,-10,11,-10,11,-11,11,-11,11,-11,11,-12,11,-12,10,-13,9,-13,9,-14,8,0,0,0,0,0,0,0,0,0,0,0,0,0,0,0,0,0,0,0,0,0,0,-10,5,-11,4,-12,3,-13,2,-13,2,-14,1,-14,0,-14,0,-14,-1,-14,-2,-14,-2,-14,-2,-13,-2,-13,-2,-12,-1,-13,-1,-13,0,-13,0,-13,0,-13,1,-13,2,-13,2,-13,3,-13,3,-13,3,-13,4]"
2025-08-18 22:00:33.078161,CSI_DATA,1282,1a:00:00:00:00:00,-52,11,0,0,0,0,0,0,0,0,0,-94,0,1,0,217985776,0,31,0,128,0,"[0,0,-9,9,-9,10,-8,9,-8,10,-7,10,-7,10,-6,10,-6,11,-6,11,-5,11,-4,11,-3,12,-3,12,-3,13,-3,13,-3,14,-3,14,-3,14,-3,15,-4,15,-4,15,-5,15,-5,14,-5,14,-6,14,-7,14,0,0,0,0,0,0,0,0,0,0,0,0,0,0,0,0,0,0,0,0,0,0,-7,8,-8,8,-9,8,-10,7,-11,7,-12,7,-12,6,-13,6,-13,5,-13,5,-13,4,-13,4,-12,4,-12,4,-12,4,-12,4,-11,5,-11,5,-11,6,-10,6,-10,7,-10,7,-10,8,-10,8,-9,9,-9,9]"
2025-08-18 22:00:33.084420,CSI_DATA,1283,1a:00:00:00:00:00,-52,11,0,0,0,0,0,0,0,0,0,-94,0,1,0,218048320,0,42,0,128,0,"[0,0,-5,-12,-5,-12,-5,-12,-6,-11,-7,-11,-7,-11,-7,-11,-8,-10,-8,-10,-8,-10,-9,-9,-9,-9,-10,-9,-11,-9,-11,-9,-11,-9,-12,-9,-12,-10,-12,-10,-12,-11,-11,-11,-11,-11,-11,-12,-10,-12,-9,-12,-9,-13,0,0,0,0,0,0,0,0,0,0,0,0,0,0,0,0,0,0,0,0,0,0,-5,-10,-4,-11,-4,-12,-3,-12,-2,-13,-2,-13,-1,-14,0,-14,0,-14,1,-13,1,-13,2,-13,1,-13,1,-12,1,-12,0,-12,0,-12,-1,-12,-1,-12,-2,-12,-2,-12,-3,-12,-3,-12,-3,-12,-3,-12,-4,-13]"
2025-08-18 22:00:33.142173,CSI_DATA,1284,1a:00:00:00:00:00,-52,11,0,0,0,0,0,0,0,0,0,-94,0,1,0,218113673,0,31,0,128,0,"[0,0,-14,-1,-13,-1,-13,0,-13,0,-13,1,-13,1,-13,2,-13,2,-13,3,-12,4,-12,4,-12,5,-13,5,-13,6,-13,6,-13,7,-14,7,-14,7,-15,7,-15,6,-15,6,-15,5,-16,5,-16,4,-16,4,-16,3,0,0,0,0,0,0,0,0,0,0,0,0,0,0,0,0,0,0,0,0,0,0,-11,1,-12,0,-12,-1,-13,-2,-13,-3,-14,-4,-13,-5,-13,-5,-13,-6,-12,-6,-12,-6,-12,-6,-12,-7,-12,-6,-12,-6,-11,-5,-12,-5,-12,-4,-12,-4,-12,-3,-12,-3,-13,-3,-13,-2,-13,-2,-13,-2,-14,-1]"
2025-08-18 22:00:33.342867,CSI_DATA,1285,1a:00:00:00:00:00,-52,11,0,0,0,0,0,0,0,0,0,-94,0,1,0,218315214,0,31,0,128,0,"[0,0,1,-13,0,-13,0,-14,0,-14,-1,-14,-1,-13,-2,-13,-2,-13,-3,-13,-4,-13,-4,-13,-5,-13,-5,-13,-6,-14,-6,-14,-6,-14,-6,-15,-6,-15,-6,-16,-6,-16,-5,-17,-5,-16,-4,-17,-4,-17,-3,-17,-2,-17,0,0,0,0,0,0,0,0,0,0,0,0,0,0,0,0,0,0,0,0,0,0,0,-10,1,-11,1,-11,3,-12,3,-12,4,-12,5,-12,6,-12,6,-11,6,-11,7,-11,7,-10,6,-10,6,-10,6,-10,5,-10,5,-11,4,-11,4,-11,3,-11,3,-12,3,-12,2,-12,2,-13,2,-13,2,-13]"
2025-08-18 22:00:33.547351,CSI_DATA,1286,1a:00:00:00:00:00,-51,11,0,0,0,0,0,0,0,0,0,-94,0,1,0,218516002,0,31,0,128,0,"[0,0,-6,-11,-7,-12,-7,-11,-7,-11,-8,-11,-8,-11,-8,-11,-9,-10,-8,-10,-10,-8,-11,-8,-12,-8,-12,-7,-12,-9,-11,-9,-13,-9,-13,-8,-13,-7,-14,-10,-14,-9,-13,-10,-14,-11,-13,-10,-13,-11,-12,-12,-11,-12,0,0,0,0,0,0,0,0,0,0,0,0,0,0,0,0,0,0,0,0,0,0,-5,-9,-5,-10,-5,-11,-4,-11,-4,-12,-3,-12,-2,-13,-1,-13,-1,-13,-1,-13,-1,-13,-1,-12,-1,-12,-1,-12,-1,-12,-1,-11,-2,-12,-2,-11,-3,-11,-3,-11,-3,-12,-4,-12,-5,-11,-6,-11,-6,-11,-6,-12]"
2025-08-18 22:00:33.738541,CSI_DATA,1287,1a:00:00:00:00:00,-51,11,0,0,0,0,0,0,0,0,0,-94,0,1,0,218717405,0,31,0,128,0,"[0,0,5,11,5,11,6,11,6,10,7,10,7,10,7,10,8,9,8,9,9,8,9,8,9,8,10,8,10,8,11,8,11,8,11,8,12,9,12,9,12,10,11,10,11,10,10,11,10,11,9,12,9,12,0,0,0,0,0,0,0,0,0,0,0,0,0,0,0,0,0,0,0,0,0,0,5,8,4,9,4,10,3,10,2,11,2,11,1,12,1,12,0,12,-1,12,-1,12,-1,11,-1,11,-1,11,0,11,0,11,1,10,1,10,2,10,2,11,3,11,3,11,4,11,4,11,4,11,5,11]"
2025-08-18 22:00:33.953625,CSI_DATA,1288,1a:00:00:00:00:00,-51,11,0,0,0,0,0,0,0,0,0,-94,0,1,0,218918476,0,31,0,128,0,"[0,0,3,-13,3,-13,3,-13,2,-13,2,-13,1,-13,1,-13,0,-13,0,-13,-1,-13,-1,-13,-2,-14,-3,-14,-3,-14,-3,-15,-3,-15,-3,-15,-3,-16,-3,-16,-3,-16,-2,-16,-1,-17,-1,-16,0,-16,1,-16,2,-16,0,0,0,0,0,0,0,0,0,0,0,0,0,0,0,0,0,0,0,0,0,0,2,-11,3,-11,4,-11,4,-11,5,-11,7,-11,7,-11,8,-11,8,-10,8,-9,8,-9,8,-9,8,-9,8,-9,7,-9,7,-9,7,-9,6,-10,6,-10,5,-10,5,-11,5,-11,4,-12,4,-12,4,-12,4,-13]"
2025-08-18 22:00:34.146240,CSI_DATA,1289,1a:00:00:00:00:00,-51,11,0,0,0,0,0,0,0,0,0,-94,0,1,0,219119562,0,31,0,128,0,"[0,0,2,-13,1,-13,1,-13,1,-12,0,-13,0,-13,-1,-13,-1,-13,-2,-12,-2,-12,-3,-13,-3,-13,-4,-13,-5,-14,-5,-13,-5,-14,-5,-14,-5,-15,-5,-15,-5,-15,-4,-15,-3,-16,-3,-15,-2,-16,-1,-15,-1,-16,0,0,0,0,0,0,0,0,0,0,0,0,0,0,0,0,0,0,0,0,0,0,1,-10,2,-10,2,-10,4,-11,4,-11,5,-11,6,-11,6,-11,7,-10,7,-10,7,-9,7,-9,7,-9,6,-9,6,-9,5,-9,5,-10,5,-10,4,-11,4,-11,3,-11,3,-11,3,-11,3,-12,2,-12,2,-13]"
2025-08-18 22:00:34.342463,CSI_DATA,1290,1a:00:00:00:00:00,-51,11,0,0,0,0,0,0,0,0,0,-94,0,1,0,219320705,0,31,0,128,0,"[0,0,2,12,3,11,3,11,4,11,4,11,4,11,4,10,5,10,5,10,6,10,6,10,7,10,7,10,8,10,9,10,9,10,9,11,9,11,9,12,9,12,8,12,8,13,7,13,7,13,6,13,5,14,0,0,0,0,0,0,0,0,0,0,0,0,0,0,0,0,0,0,0,0,0,0,3,8,2,9,2,10,1,10,0,11,-1,11,-1,11,-2,11,-2,11,-3,11,-3,11,-3,10,-3,10,-3,10,-2,10,-2,10,-2,10,-1,10,-1,10,0,10,0,10,1,11,1,11,2,11,2,11,2,11]"
2025-08-18 22:00:34.540194,CSI_DATA,1291,1a:00:00:00:00:00,-51,11,0,0,0,0,0,0,0,0,0,-94,0,1,0,219521914,0,31,0,128,0,"[0,0,11,6,11,6,11,5,11,5,12,5,12,5,12,4,12,4,12,3,12,2,12,1,13,1,13,1,13,1,14,0,14,0,15,0,15,0,16,1,15,1,15,2,15,3,15,3,15,3,15,4,14,5,0,0,0,0,0,0,0,0,0,0,0,0,0,0,0,0,0,0,0,0,0,0,9,3,9,4,9,5,9,6,9,7,8,7,8,9,8,9,7,9,7,10,7,9,6,9,7,9,6,9,6,9,7,8,7,8,8,7,8,7,8,7,9,7,9,7,10,7,10,6,11,6,11,6]"
2025-08-18 22:00:34.613814,CSI_DATA,1292,1a:00:00:00:00:00,-51,11,0,0,0,0,0,0,0,0,0,-94,0,1,0,219584776,0,42,0,128,0,"[0,0,-13,4,-13,4,-12,4,-12,5,-12,5,-12,5,-11,6,-11,6,-11,7,-10,8,-10,8,-10,9,-10,9,-10,10,-10,10,-10,10,-10,11,-11,11,-12,11,-12,11,-12,10,-12,10,-12,10,-13,9,-13,9,-14,8,0,0,0,0,0,0,0,0,0,0,0,0,0,0,0,0,0,0,0,0,0,0,-9,3,-10,3,-11,2,-11,2,-12,1,-12,0,-13,-1,-13,-1,-13,-2,-12,-2,-12,-2,-12,-2,-12,-2,-12,-2,-11,-1,-12,-1,-12,-1,-12,0,-12,0,-12,1,-12,1,-12,2,-12,3,-12,3,-12,3,-12,4]"
2025-08-18 22:00:34.673492,CSI_DATA,1293,1a:00:00:00:00:00,-51,11,0,0,0,0,0,0,0,0,0,-94,0,1,0,219649837,0,31,0,128,0,"[0,0,-1,13,-1,12,-1,13,0,12,0,13,1,13,1,12,2,12,2,12,3,12,3,12,4,12,5,12,5,13,5,12,6,13,6,13,6,14,6,14,5,15,4,15,4,15,3,15,3,15,2,15,1,15,0,0,0,0,0,0,0,0,0,0,0,0,0,0,0,0,0,0,0,0,0,0,0,9,0,10,-1,10,-2,11,-3,11,-4,11,-4,11,-5,11,-5,11,-6,10,-6,10,-6,10,-6,10,-6,10,-6,10,-5,10,-5,10,-4,10,-4,11,-3,11,-3,11,-3,11,-2,12,-2,12,-2,13,-1,13]"
2025-08-18 22:00:34.881577,CSI_DATA,1294,1a:00:00:00:00:00,-51,11,0,0,0,0,0,0,0,0,0,-94,0,1,0,219850874,0,31,0,128,0,"[0,0,-10,-9,-11,-9,-11,-9,-11,-9,-11,-8,-12,-7,-12,-6,-12,-6,-12,-6,-12,-5,-13,-5,-13,-4,-14,-4,-14,-4,-15,-3,-15,-3,-15,-3,-16,-4,-16,-4,-16,-4,-16,-5,-16,-6,-16,-6,-16,-6,-15,-7,-15,-8,0,0,0,0,0,0,0,0,0,0,0,0,0,0,0,0,0,0,0,0,0,0,-8,-7,-8,-8,-8,-9,-8,-10,-7,-10,-7,-11,-6,-12,-6,-12,-5,-12,-5,-13,-4,-12,-4,-12,-4,-12,-5,-12,-5,-11,-5,-11,-5,-10,-6,-10,-7,-10,-7,-10,-8,-10,-8,-10,-9,-9,-9,-10,-9,-10,-10,-10]"
2025-08-18 22:00:35.070480,CSI_DATA,1295,1a:00:00:00:00:00,-52,11,0,0,0,0,0,0,0,0,0,-94,0,1,0,220052228,0,31,0,128,0,"[0,0,10,7,11,7,11,6,11,6,11,5,11,5,12,5,12,4,12,4,12,2,12,2,13,1,13,1,14,1,14,1,14,1,15,1,15,1,16,1,16,2,16,2,16,3,15,4,15,4,15,5,15,5,0,0,0,0,0,0,0,0,0,0,0,0,0,0,0,0,0,0,0,0,0,0,9,4,9,5,9,6,9,7,9,8,8,9,7,9,7,10,7,11,6,10,6,10,6,10,6,10,6,10,6,9,6,9,6,9,7,8,7,8,8,8,8,8,9,8,9,7,10,7,10,7,10,7]"
2025-08-18 22:00:35.275698,CSI_DATA,1296,1a:00:00:00:00:00,-52,11,0,0,0,0,0,0,0,0,0,-94,0,1,0,220253324,0,31,0,128,0,"[0,0,13,1,12,0,12,0,12,-1,13,-1,12,-1,12,-2,12,-2,12,-3,12,-4,12,-4,12,-5,12,-5,12,-6,12,-6,13,-7,13,-6,14,-7,14,-7,14,-6,15,-6,15,-5,15,-5,15,-4,15,-4,15,-3,0,0,0,0,0,0,0,0,0,0,0,0,0,0,0,0,0,0,0,0,0,0,10,-1,10,0,11,1,11,2,11,3,12,4,12,5,11,5,11,6,10,6,10,6,10,6,10,6,10,6,10,5,9,5,10,5,10,4,10,4,11,3,11,3,11,2,12,2,12,2,12,1,13,1]"
2025-08-18 22:00:35.492918,CSI_DATA,1297,1a:00:00:00:00:00,-52,11,0,0,0,0,0,0,0,0,0,-94,0,1,0,220454566,0,31,0,128,0,"[0,0,-9,-10,-10,-10,-10,-10,-10,-9,-11,-9,-11,-9,-11,-9,-12,-8,-12,-8,-12,-7,-13,-6,-13,-6,-13,-6,-14,-6,-15,-5,-14,-5,-15,-6,-15,-6,-16,-6,-16,-7,-16,-7,-15,-8,-15,-9,-15,-9,-14,-9,-14,-10,0,0,0,0,0,0,0,0,0,0,0,0,0,0,0,0,0,0,0,0,0,0,-8,-7,-8,-8,-8,-9,-7,-10,-7,-11,-7,-12,-6,-12,-5,-13,-5,-13,-4,-13,-4,-13,-4,-12,-4,-13,-4,-12,-4,-12,-4,-12,-5,-11,-5,-11,-6,-11,-6,-11,-7,-11,-7,-11,-8,-10,-8,-11,-9,-11,-9,-10]"
2025-08-18 22:00:35.677214,CSI_DATA,1298,1a:00:00:00:00:00,-53,11,0,0,0,0,0,0,0,0,0,-94,0,1,0,220655697,0,31,0,128,0,"[0,0,12,0,12,0,12,0,12,-1,12,-1,12,-2,12,-2,12,-3,12,-4,12,-4,12,-5,12,-5,12,-6,12,-6,13,-7,13,-7,14,-7,14,-7,15,-7,15,-7,15,-6,15,-5,16,-5,16,-4,16,-4,16,-2,0,0,0,0,0,0,0,0,0,0,0,0,0,0,0,0,0,0,0,0,0,0,9,0,10,1,10,2,10,3,11,3,11,4,10,4,11,7,10,4,9,7,9,6,9,6,9,6,9,6,9,5,9,5,9,4,9,4,9,3,10,3,10,3,10,2,11,1,11,1,11,1,12,1]"
2025-08-18 22:00:35.876993,CSI_DATA,1299,1a:00:00:00:00:00,-53,11,0,0,0,0,0,0,0,0,0,-94,0,1,0,220856866,0,31,0,128,0,"[0,0,5,10,6,10,6,9,6,9,7,9,7,9,8,9,8,8,8,7,9,7,9,7,10,7,11,6,11,6,12,6,12,6,13,7,13,7,13,7,13,8,13,8,13,9,12,10,12,10,11,10,11,11,0,0,0,0,0,0,0,0,0,0,0,0,0,0,0,0,0,0,0,0,0,0,4,8,4,9,3,10,2,10,2,11,1,12,0,12,1,13,-1,9,-2,12,-2,11,-2,11,-1,11,-1,11,-1,10,-1,10,0,10,1,10,1,10,2,10,2,10,3,10,3,10,4,10,4,10,5,10]"
2025-08-18 22:00:36.080894,CSI_DATA,1300,1a:00:00:00:00:00,-53,11,0,0,0,0,0,0,0,0,0,-94,0,1,0,221058010,0,31,0,128,0,"[0,0,-6,10,-6,10,-5,10,-5,11,-4,11,-4,11,-3,11,-2,11,-2,11,-2,11,-1,12,-1,12,0,12,0,13,1,13,1,13,1,14,1,14,0,15,0,15,-1,15,-1,16,-2,15,-2,15,-3,15,-4,15,0,0,0,0,0,0,0,0,0,0,0,0,0,0,0,0,0,0,0,0,0,0,-5,9,-6,9,-7,9,-8,8,-9,8,-9,8,-10,8,-11,7,-11,7,-11,6,-11,6,-11,5,-10,5,-10,5,-9,5,-9,5,-8,5,-12,9,-6,5,-7,8,-8,7,-7,8,-7,9,-7,9,-7,9,-6,10]"
2025-08-18 22:00:36.151115,CSI_DATA,1301,1a:00:00:00:00:00,-53,11,0,0,0,0,0,0,0,0,0,-94,0,1,0,221120272,0,42,0,128,0,"[0,0,-4,12,-3,11,-2,12,-2,12,-1,12,-1,12,-1,12,0,12,0,12,1,12,2,12,3,12,3,12,4,13,4,13,4,14,4,14,4,15,4,15,4,16,3,16,2,16,2,16,1,16,0,16,-1,16,0,0,0,0,0,0,0,0,0,0,0,0,0,0,0,0,0,0,0,0,0,0,-3,10,-4,11,-4,11,-6,11,-6,11,-8,11,-9,10,-9,10,-9,10,-10,9,-10,8,-10,8,-9,9,-8,8,-8,8,-8,8,-7,9,-7,9,-7,9,-6,9,-6,10,-5,10,-5,11,-4,11,-4,11,-4,11]"
2025-08-18 22:00:36.204645,CSI_DATA,1302,1a:00:00:00:00:00,-53,11,0,0,0,0,0,0,0,0,0,-94,0,1,0,221185433,0,31,0,128,0,"[0,0,9,8,10,7,10,7,10,6,11,6,11,6,11,5,11,5,11,4,12,3,12,2,13,2,13,2,13,2,14,1,14,1,15,1,15,2,16,2,16,3,16,3,16,4,15,5,16,5,15,5,15,6,0,0,0,0,0,0,0,0,0,0,0,0,0,0,0,0,0,0,0,0,0,0,8,6,8,7,8,8,8,9,8,10,7,10,6,11,5,11,5,12,4,12,4,11,4,11,4,11,4,11,4,10,4,10,5,9,5,9,6,9,6,9,7,9,7,9,8,8,9,8,9,8,9,7]"
2025-08-18 22:00:36.417507,CSI_DATA,1303,1a:00:00:00:00:00,-53,11,0,0,0,0,0,0,0,0,0,-94,0,1,0,221386582,0,31,0,128,0,"[0,0,-4,-13,-4,-13,-5,-13,-5,-12,-6,-12,-6,-12,-6,-12,-7,-11,-7,-11,-8,-11,-9,-10,-10,-11,-10,-10,-11,-11,-11,-10,-12,-11,-12,-11,-12,-12,-12,-12,-12,-13,-11,-13,-11,-14,-11,-14,-11,-14,-10,-14,-9,-15,0,0,0,0,0,0,0,0,0,0,0,0,0,0,0,0,0,0,0,0,0,0,-3,-11,-2,-12,-2,-12,-1,-13,0,-13,1,-13,2,-13,3,-13,3,-13,3,-13,3,-12,3,-12,3,-12,3,-12,2,-12,2,-11,1,-12,1,-11,0,-12,0,-12,-1,-12,-1,-12,-2,-12,-3,-13,-3,-13,-3,-13]"
2025-08-18 22:00:36.609989,CSI_DATA,1304,1a:00:00:00:00:00,-53,11,0,0,0,0,0,0,0,0,0,-94,0,1,0,221587761,0,31,0,128,0,"[0,0,-2,12,-1,12,-1,12,-1,12,0,12,0,12,1,12,2,12,2,12,3,12,3,12,4,12,4,13,5,13,5,13,5,13,6,14,6,14,6,15,5,15,5,15,4,16,3,16,3,16,2,16,1,16,0,0,0,0,0,0,0,0,0,0,0,0,0,0,0,0,0,0,0,0,0,0,-2,10,-3,10,-3,10,-4,10,-5,11,-6,11,-7,10,-7,10,-8,10,-8,9,-8,9,-8,9,-8,9,-7,9,-7,9,-7,8,-6,9,-5,9,-5,9,-5,10,-4,10,-4,10,-4,11,-3,11,-3,11,-2,12]"
2025-08-18 22:00:36.813979,CSI_DATA,1305,1a:00:00:00:00:00,-52,11,0,0,0,0,0,0,0,0,0,-94,0,1,0,221788896,0,31,0,128,0,"[0,0,-10,9,-9,9,-8,9,-8,9,-8,10,-8,10,-7,10,-6,11,-6,11,-5,11,-5,12,-4,12,-4,13,-4,14,-4,14,-4,14,-4,15,-5,15,-5,16,-6,16,-6,15,-7,15,-7,15,-8,15,-8,14,-10,14,0,0,0,0,0,0,0,0,0,0,0,0,0,0,0,0,0,0,0,0,0,0,-7,7,-8,7,-9,6,-10,6,-11,6,-12,5,-12,5,-12,4,-13,3,-12,3,-12,3,-12,2,-12,2,-11,3,-11,3,-11,3,-11,4,-10,4,-10,5,-10,5,-10,6,-10,6,-10,7,-9,7,-9,8,-9,9]"
2025-08-18 22:00:37.021823,CSI_DATA,1306,1a:00:00:00:00:00,-52,11,0,0,0,0,0,0,0,0,0,-94,0,1,0,221990058,0,31,0,128,0,"[0,0,-1,13,0,12,0,12,1,12,1,12,2,12,2,12,3,12,3,12,4,12,5,11,6,12,5,12,6,12,7,12,7,12,7,13,7,14,7,14,7,15,7,15,6,15,6,15,5,16,4,15,3,16,0,0,0,0,0,0,0,0,0,0,0,0,0,0,0,0,0,0,0,0,0,0,-1,10,-1,10,-2,11,-3,11,-4,11,-5,11,-6,11,-6,11,-6,11,-7,10,-7,10,-7,9,-7,9,-6,9,-6,9,-6,9,-5,10,-4,10,-4,10,-3,10,-3,11,-2,11,-2,11,-2,12,-1,12,-1,12]"
2025-08-18 22:00:37.215752,CSI_DATA,1307,1a:00:00:00:00:00,-52,11,0,0,0,0,0,0,0,0,0,-94,0,1,0,222191185,0,31,0,128,0,"[0,0,7,-10,7,-11,6,-11,7,-12,6,-11,6,-12,5,-12,4,-12,4,-13,3,-13,3,-13,2,-14,2,-14,2,-14,2,-16,1,-15,2,-17,2,-16,2,-17,3,-17,3,-17,4,-17,5,-17,5,-17,6,-16,7,-16,0,0,0,0,0,0,0,0,0,0,0,0,0,0,0,0,0,0,0,0,0,0,6,-8,7,-8,8,-8,8,-7,9,-7,10,-6,11,-6,11,-6,11,-5,11,-5,11,-4,11,-4,11,-4,10,-4,10,-5,10,-5,9,-5,9,-6,8,-6,9,-7,8,-8,8,-8,8,-9,8,-9,8,-9,8,-10]"
2025-08-18 22:00:37.416757,CSI_DATA,1308,1a:00:00:00:00:00,-52,11,0,0,0,0,0,0,0,0,0,-94,0,1,0,222392593,0,31,0,128,0,"[0,0,12,-2,12,-3,11,-4,12,-4,12,-4,11,-5,12,-5,11,-6,11,-7,11,-7,11,-8,10,-8,11,-9,10,-10,11,-10,11,-10,11,-11,12,-11,13,-11,13,-11,14,-10,14,-10,14,-9,14,-9,15,-8,15,-7,0,0,0,0,0,0,0,0,0,0,0,0,0,0,0,0,0,0,0,0,0,0,9,-2,10,-2,11,-1,11,0,11,1,12,2,12,2,12,3,12,4,11,4,11,4,11,4,10,4,10,4,10,3,10,3,10,2,10,1,11,1,11,1,11,0,11,0,11,-1,12,-2,12,-2,12,-2]"
2025-08-18 22:00:37.618630,CSI_DATA,1309,1a:00:00:00:00:00,-52,11,0,0,0,0,0,0,0,0,0,-94,0,1,0,222593687,0,31,0,128,0,"[0,0,11,-7,10,-7,10,-7,11,-8,10,-8,10,-9,9,-9,9,-10,9,-10,8,-11,8,-11,7,-12,7,-12,7,-13,8,-14,8,-14,8,-14,8,-15,9,-15,10,-15,10,-14,11,-14,11,-14,11,-13,12,-13,13,-12,0,0,0,0,0,0,0,0,0,0,0,0,0,0,0,0,0,0,0,0,0,0,8,-5,9,-5,10,-5,11,-3,11,-3,12,-2,12,-2,12,-1,12,0,12,0,12,0,12,0,11,0,11,0,11,-1,11,-1,11,-2,11,-2,10,-3,10,-3,10,-4,11,-4,11,-5,10,-5,11,-6,11,-6]"
2025-08-18 22:00:37.691754,CSI_DATA,1310,1a:00:00:00:00:00,-52,11,0,0,0,0,0,0,0,0,0,-94,0,1,0,222656319,0,42,0,128,0,"[0,0,12,0,12,0,12,0,12,-1,12,-1,12,-2,12,-2,12,-3,12,-3,12,-4,12,-5,12,-5,12,-6,12,-6,12,-7,13,-7,13,-7,14,-7,14,-7,15,-7,15,-7,15,-6,15,-5,15,-4,15,-4,16,-3,0,0,0,0,0,0,0,0,0,0,0,0,0,0,0,0,0,0,0,0,0,0,9,1,9,2,10,3,10,3,10,4,10,5,13,6,9,7,10,8,9,7,9,7,8,7,8,7,8,6,9,6,8,5,9,5,9,4,9,4,9,3,10,3,11,2,11,2,11,2,11,2,12,1]"
2025-08-18 22:00:37.953737,CSI_DATA,1311,1a:00:00:00:00:00,-52,11,0,0,0,0,0,0,0,0,0,-94,0,1,0,222723391,0,31,0,128,0,"[0,0,12,-3,12,-4,12,-4,12,-5,12,-5,11,-5,11,-6,11,-6,11,-7,11,-8,10,-8,10,-9,10,-9,10,-10,11,-10,11,-11,11,-11,12,-11,13,-11,13,-11,13,-10,14,-10,14,-9,14,-8,15,-8,15,-7,0,0,0,0,0,0,0,0,0,0,0,0,0,0,0,0,0,0,0,0,0,0,9,-3,10,-3,10,-2,11,-1,11,-1,12,0,12,1,12,1,12,2,11,3,11,3,11,3,11,3,10,2,10,2,10,2,10,1,11,0,10,0,11,0,11,-1,11,-2,11,-2,11,-3,12,-2,12,-3]"
2025-08-18 22:00:37.959970,CSI_DATA,1312,1a:00:00:00:00:00,-52,11,0,0,0,0,0,0,0,0,0,-94,0,1,0,222924447,0,31,0,128,0,"[0,0,-11,-8,-11,-8,-12,-8,-12,-7,-12,-7,-12,-7,-13,-6,-13,-5,-13,-5,-13,-4,-14,-4,-14,-4,-14,-3,-15,-3,-15,-3,-15,-2,-16,-3,-16,-3,-17,-3,-17,-3,-17,-4,-17,-5,-17,-5,-17,-6,-16,-7,-16,-7,0,0,0,0,0,0,0,0,0,0,0,0,0,0,0,0,0,0,0,0,0,0,-8,-6,-8,-7,-8,-9,-8,-9,-8,-10,-7,-11,-7,-11,-6,-11,-6,-12,-5,-12,-5,-12,-5,-11,-5,-11,-5,-11,-5,-11,-6,-10,-6,-10,-7,-10,-7,-10,-8,-9,-8,-9,-9,-9,-9,-9,-10,-9,-10,-9,-11,-8]"
2025-08-18 22:00:38.155567,CSI_DATA,1313,1a:00:00:00:00:00,-51,11,0,0,0,0,0,0,0,0,0,-94,0,1,0,223126233,0,31,0,128,0,"[0,0,-2,-13,-3,-13,-3,-13,-3,-13,-4,-13,-4,-13,-4,-13,-5,-13,-5,-12,-6,-12,-7,-12,-7,-12,-8,-12,-8,-12,-9,-12,-9,-13,-9,-13,-9,-14,-9,-14,-9,-14,-8,-15,-8,-15,-8,-16,-7,-16,-6,-16,-5,-16,0,0,0,0,0,0,0,0,0,0,0,0,0,0,0,0,0,0,0,0,0,0,-2,-10,-2,-11,-1,-11,0,-12,0,-12,1,-12,2,-12,3,-12,3,-12,4,-12,4,-12,4,-11,3,-12,3,-11,3,-11,3,-11,2,-11,2,-12,1,-12,0,-12,0,-12,0,-13,-1,-13,-1,-13,-1,-13,-2,-13]"
2025-08-18 22:00:38.351007,CSI_DATA,1314,1a:00:00:00:00:00,-51,11,0,0,0,0,0,0,0,0,0,-94,0,1,0,223326756,0,31,0,128,0,"[0,0,-7,10,-7,10,-6,10,-6,10,-6,11,-5,10,-5,11,-4,11,-4,11,-3,11,-3,11,-2,12,-2,12,-1,12,-1,13,-1,13,-1,14,-1,14,-2,14,-2,15,-3,15,-3,15,-4,14,-4,14,-5,14,-6,14,0,0,0,0,0,0,0,0,0,0,0,0,0,0,0,0,0,0,0,0,0,0,-5,7,-7,8,-7,7,-8,7,-9,7,-10,7,-10,6,-11,6,-11,5,-11,5,-11,5,-11,5,-10,5,-10,5,-10,5,-9,5,-9,6,-9,6,-9,6,-8,7,-8,7,-8,8,-8,8,-7,9,-7,9,-7,9]"
2025-08-18 22:00:38.557631,CSI_DATA,1315,1a:00:00:00:00:00,-51,11,0,0,0,0,0,0,0,0,0,-94,0,1,0,223528159,0,31,0,128,0,"[0,0,6,11,6,11,6,11,7,11,7,10,7,10,8,10,8,10,8,9,9,9,9,9,10,8,10,8,11,8,12,8,12,8,12,9,12,9,13,9,13,10,12,11,12,11,11,12,11,12,10,12,9,13,0,0,0,0,0,0,0,0,0,0,0,0,0,0,0,0,0,0,0,0,0,0,5,8,4,9,3,10,3,10,3,11,2,11,1,12,0,12,0,12,0,12,-1,11,-1,11,-1,11,-1,11,0,11,0,10,1,10,1,10,2,10,2,11,3,11,3,11,4,11,4,11,5,11,5,11]"
2025-08-18 22:00:38.952854,CSI_DATA,1316,1a:00:00:00:00:00,-52,11,0,0,0,0,0,0,0,0,0,-94,0,1,0,223729181,0,31,0,128,0,"[0,0,11,-5,11,-6,10,-6,10,-6,10,-7,10,-7,10,-8,9,-8,9,-9,9,-10,8,-10,8,-11,8,-11,8,-11,8,-12,8,-12,9,-13,9,-13,10,-13,10,-13,11,-13,11,-13,12,-12,12,-11,12,-11,13,-10,0,0,0,0,0,0,0,0,0,0,0,0,0,0,0,0,0,0,0,0,0,0,8,-4,9,-4,10,-3,10,-3,11,-2,11,-1,12,0,12,0,12,0,11,1,11,1,11,1,11,1,10,1,10,0,10,0,10,0,10,-1,10,-2,10,-2,10,-3,10,-3,11,-4,11,-4,11,-4,11,-5]"
2025-08-18 22:00:38.958057,CSI_DATA,1317,1a:00:00:00:00:00,-52,11,0,0,0,0,0,0,0,0,0,-94,0,1,0,223930345,0,31,0,128,0,"[0,0,0,12,1,12,2,12,2,12,3,12,3,11,3,11,4,11,5,11,6,11,6,11,7,10,7,11,8,11,8,11,9,11,9,12,9,12,9,13,9,13,8,13,8,14,8,14,7,14,6,14,5,15,0,0,0,0,0,0,0,0,0,0,0,0,0,0,0,0,0,0,0,0,0,0,0,10,0,11,-1,12,-2,12,-3,12,-4,12,-5,12,-5,12,-6,12,-6,11,-6,11,-6,11,-6,11,-6,10,-5,10,-5,10,-4,10,-4,10,-3,11,-3,11,-2,11,-2,11,-1,12,0,12,0,12,0,12]"
2025-08-18 22:00:39.160416,CSI_DATA,1318,1a:00:00:00:00:00,-52,11,0,0,0,0,0,0,0,0,0,-94,0,1,0,224131479,0,31,0,128,0,"[0,0,-11,-6,-11,-5,-11,-5,-11,-5,-12,-4,-11,-4,-12,-3,-12,-3,-12,-2,-12,-1,-12,-1,-13,-1,-13,-1,-13,0,-14,0,-14,0,-14,0,-15,0,-15,0,-15,0,-15,-1,-15,-1,-15,-2,-15,-2,-15,-3,-15,-4,0,0,0,0,0,0,0,0,0,0,0,0,0,0,0,0,0,0,0,0,0,0,-10,-4,-10,-5,-10,-6,-10,-7,-9,-8,-9,-9,-9,-9,-9,-10,-8,-10,-7,-10,-7,-10,-7,-10,-7,-10,-7,-10,-7,-10,-7,-9,-7,-9,-8,-8,-8,-8,-9,-8,-9,-7,-10,-7,-10,-7,-10,-7,-10,-6,-11,-6]"
2025-08-18 22:00:39.220310,CSI_DATA,1319,1a:00:00:00:00:00,-52,11,0,0,0,0,0,0,0,0,0,-94,0,1,0,224192255,0,42,0,128,0,"[0,0,12,-2,12,-3,12,-3,12,-4,12,-4,11,-4,12,-5,11,-5,11,-6,11,-7,11,-7,10,-8,10,-8,11,-9,11,-9,11,-10,12,-9,12,-10,13,-10,13,-9,13,-9,14,-8,13,-8,14,-7,14,-7,14,-6,0,0,0,0,0,0,0,0,0,0,0,0,0,0,0,0,0,0,0,0,0,0,10,-4,11,-3,11,-2,12,-1,12,0,13,0,13,1,13,2,13,3,12,3,12,3,12,3,11,3,11,3,11,3,11,2,11,2,11,1,11,1,11,0,11,0,12,-1,12,-1,12,-2,12,-2,13,-2]"
2025-08-18 22:00:39.286906,CSI_DATA,1320,1a:00:00:00:00:00,-52,11,0,0,0,0,0,0,0,0,0,-94,0,1,0,224257438,0,31,0,128,0,"[0,0,-13,-3,-13,-3,-13,-2,-13,-2,-13,-2,-13,-1,-13,-1,-13,0,-13,1,-13,2,-13,2,-13,2,-13,3,-14,4,-14,4,-14,4,-14,4,-15,4,-15,4,-16,4,-16,3,-16,3,-16,2,-16,1,-16,1,-16,0,0,0,0,0,0,0,0,0,0,0,0,0,0,0,0,0,0,0,0,0,0,0,-11,-1,-12,-2,-12,-4,-12,-5,-12,-5,-12,-6,-12,-7,-12,-8,-11,-8,-11,-9,-10,-8,-10,-8,-10,-8,-10,-8,-10,-8,-10,-7,-10,-7,-10,-6,-11,-6,-11,-5,-11,-5,-12,-5,-12,-4,-12,-4,-13,-4,-13,-3]"
2025-08-18 22:00:39.478250,CSI_DATA,1321,1a:00:00:00:00:00,-52,11,0,0,0,0,0,0,0,0,0,-94,0,1,0,224459021,0,31,0,128,0,"[0,0,9,8,9,8,9,8,10,7,10,7,10,7,10,6,11,6,11,5,11,4,11,4,12,3,12,3,13,3,13,3,13,2,14,3,14,3,15,3,15,3,15,4,14,5,14,5,14,6,13,6,13,7,0,0,0,0,0,0,0,0,0,0,0,0,0,0,0,0,0,0,0,0,0,0,8,6,8,7,8,8,8,9,8,10,7,10,6,11,6,11,5,12,5,12,4,12,4,12,4,12,4,11,4,11,4,10,5,10,5,10,6,9,6,10,7,9,7,9,8,9,8,9,9,9,9,8]"
2025-08-18 22:00:39.688176,CSI_DATA,1322,1a:00:00:00:00:00,-52,11,0,0,0,0,0,0,0,0,0,-94,0,1,0,224660153,0,31,0,128,0,"[0,0,-12,3,-12,3,-12,3,-12,4,-12,5,-11,5,-11,6,-11,6,-10,7,-10,8,-10,8,-9,9,-9,9,-9,9,-9,10,-7,13,-9,10,-10,12,-11,12,-11,11,-12,11,-12,11,-12,10,-13,10,-13,9,-14,8,0,0,0,0,0,0,0,0,0,0,0,0,0,0,0,0,0,0,0,0,0,0,-10,2,-11,2,-12,1,-12,0,-13,-1,-13,-1,-13,-2,-13,-3,-13,-3,-13,-4,-13,-4,-12,-4,-12,-4,-12,-3,-11,-3,-12,-3,-12,-2,-12,-1,-12,-1,-12,-1,-12,0,-12,0,-12,1,-12,2,-12,2,-13,3]"
2025-08-18 22:00:39.883718,CSI_DATA,1323,1a:00:00:00:00:00,-51,11,0,0,0,0,0,0,0,0,0,-94,0,1,0,224861271,0,31,0,128,0,"[0,0,12,-1,12,-2,12,-2,12,-3,12,-3,12,-3,12,-4,12,-4,12,-5,11,-6,11,-7,11,-7,11,-8,12,-8,12,-9,12,-9,13,-9,14,-9,14,-9,14,-9,15,-8,15,-8,15,-7,15,-7,16,-6,16,-5,0,0,0,0,0,0,0,0,0,0,0,0,0,0,0,0,0,0,0,0,0,0,9,-1,10,0,10,1,10,2,11,2,11,3,11,4,10,4,10,5,10,5,10,5,10,5,10,5,9,4,9,4,9,3,10,3,10,2,10,2,10,2,11,2,11,1,11,0,11,0,12,0,12,-1]"
2025-08-18 22:00:40.101129,CSI_DATA,1324,1a:00:00:00:00:00,-52,11,0,0,0,0,0,0,0,0,0,-94,0,1,0,225062428,0,31,0,128,0,"[0,0,-14,-2,-14,-1,-14,-1,-14,-1,-14,0,-14,0,-14,0,-13,1,-13,2,-13,3,-14,3,-14,4,-14,4,-14,5,-14,5,-14,6,-15,5,-15,6,-16,5,-16,5,-17,4,-17,4,-16,3,-17,2,-17,2,-17,1,0,0,0,0,0,0,0,0,0,0,0,0,0,0,0,0,0,0,0,0,0,0,-10,-2,-11,-3,-11,-4,-11,-5,-11,-5,-11,-6,-11,-7,-11,-7,-11,-7,-10,-8,-10,-8,-10,-8,-10,-8,-9,-7,-10,-7,-10,-6,-10,-6,-10,-5,-11,-5,-11,-5,-11,-4,-12,-4,-12,-3,-13,-3,-13,-3,-13,-2]"
2025-08-18 22:00:40.286639,CSI_DATA,1325,1a:00:00:00:00:00,-51,11,0,0,0,0,0,0,0,0,0,-94,0,1,0,225263588,0,31,0,128,0,"[0,0,-5,12,-4,12,-3,12,-3,12,-2,12,-2,12,-2,12,-1,12,-1,12,1,12,1,12,2,12,2,13,3,13,3,13,3,14,3,14,3,15,3,15,2,15,2,15,2,16,1,15,1,16,0,15,-1,15,0,0,0,0,0,0,0,0,0,0,0,0,0,0,0,0,0,0,0,0,0,0,-3,10,-4,10,-5,10,-6,10,-6,10,-8,10,-9,10,-9,10,-10,9,-10,9,-10,9,-10,8,-9,8,-9,8,-8,8,-8,8,-8,8,-7,9,-7,9,-7,10,-6,10,-6,11,-6,11,-5,11,-5,12,-5,12]"
2025-08-18 22:00:40.483488,CSI_DATA,1326,1a:00:00:00:00:00,-51,11,0,0,0,0,0,0,0,0,0,-94,0,1,0,225464826,0,31,0,128,0,"[0,0,6,10,6,10,7,10,7,9,7,9,8,9,8,8,9,8,8,8,9,7,9,7,10,7,10,7,11,7,11,6,12,7,12,7,12,7,12,8,12,8,12,9,11,9,11,9,10,10,9,10,9,11,0,0,0,0,0,0,0,0,0,0,0,0,0,0,0,0,0,0,0,0,0,0,5,7,5,8,4,9,4,9,4,10,3,10,3,11,2,11,2,11,1,11,1,11,0,11,1,11,1,10,1,10,1,10,2,10,2,9,3,10,4,9,4,10,5,10,5,10,5,10,5,10,6,10]"
2025-08-18 22:00:40.694752,CSI_DATA,1327,1a:00:00:00:00:00,-52,11,0,0,0,0,0,0,0,0,0,-94,0,1,0,225666126,0,31,0,128,0,"[0,0,0,-13,-1,-13,-1,-13,-2,-13,-2,-13,-3,-13,-3,-13,-4,-13,-4,-13,-5,-13,-5,-12,-6,-12,-7,-13,-7,-13,-7,-13,-7,-13,-8,-14,-8,-14,-8,-15,-7,-15,-7,-15,-7,-15,-6,-16,-5,-16,-4,-15,-3,-16,0,0,0,0,0,0,0,0,0,0,0,0,0,0,0,0,0,0,0,0,0,0,-1,-11,0,-12,1,-13,1,-12,2,-13,3,-13,4,-13,5,-13,5,-12,6,-12,6,-12,6,-11,5,-11,5,-11,5,-11,4,-11,4,-11,3,-12,3,-12,2,-12,2,-12,1,-13,1,-13,0,-13,0,-13,0,-13]"
2025-08-18 22:00:40.755849,CSI_DATA,1328,1a:00:00:00:00:00,-51,11,0,0,0,0,0,0,0,0,0,-94,0,1,0,225728280,0,42,0,128,0,"[0,0,1,-12,0,-13,0,-13,0,-13,-1,-13,-1,-12,-2,-12,-2,-12,-2,-12,-3,-12,-4,-12,-4,-12,-5,-12,-5,-12,-6,-13,-6,-13,-6,-13,-6,-13,-6,-14,-6,-14,-5,-14,-4,-15,-4,-15,-4,-15,-3,-14,-2,-15,0,0,0,0,0,0,0,0,0,0,0,0,0,0,0,0,0,0,0,0,0,0,0,-11,1,-11,2,-12,3,-12,3,-12,5,-12,6,-12,6,-12,7,-11,6,-11,7,-11,7,-10,6,-10,6,-10,6,-10,5,-10,5,-10,4,-10,4,-11,3,-11,3,-11,3,-12,2,-12,2,-12,2,-12,1,-13]"
2025-08-18 22:00:40.822613,CSI_DATA,1329,1a:00:00:00:00:00,-51,11,0,0,0,0,0,0,0,0,0,-94,0,1,0,225793493,0,31,0,128,0,"[0,0,-1,-13,-2,-13,-2,-13,-2,-13,-3,-13,-4,-12,-4,-12,-5,-12,-5,-12,-5,-12,-6,-12,-7,-12,-7,-12,-8,-12,-8,-12,-8,-12,-8,-12,-8,-13,-9,-13,-8,-13,-8,-13,-7,-14,-7,-14,-6,-14,-5,-14,-5,-15,0,0,0,0,0,0,0,0,0,0,0,0,0,0,0,0,0,0,0,0,0,0,-2,-12,-1,-12,-1,-13,0,-13,1,-13,2,-14,3,-14,3,-14,4,-13,4,-13,5,-12,5,-12,5,-12,4,-12,4,-12,4,-11,3,-11,2,-11,2,-12,1,-12,1,-12,0,-12,0,-12,0,-13,-1,-13,-1,-13]"
2025-08-18 22:00:41.017047,CSI_DATA,1330,1a:00:00:00:00:00,-51,11,0,0,0,0,0,0,0,0,0,-94,0,1,0,225994863,0,31,0,128,0,"[0,0,2,10,2,11,2,12,3,12,4,12,4,12,4,11,5,11,5,10,6,10,6,10,7,10,8,10,8,10,9,9,9,10,9,10,9,11,10,11,9,11,9,11,9,12,8,12,7,12,7,12,6,12,0,0,0,0,0,0,0,0,0,0,0,0,0,0,0,0,0,0,0,0,0,0,1,10,1,11,0,12,-1,12,-2,12,-3,13,-3,13,-4,12,-4,12,-5,12,-5,12,-5,11,-5,11,-4,11,-4,11,-4,11,-3,11,-2,11,-2,12,-1,11,-1,12,0,12,0,12,1,12,0,12,1,13]"
2025-08-18 22:00:41.226431,CSI_DATA,1331,1a:00:00:00:00:00,-51,11,0,0,0,0,0,0,0,0,0,-94,0,1,0,226195800,0,31,0,128,0,"[0,0,-12,-6,-12,-6,-12,-5,-12,-5,-13,-5,-12,-4,-12,-4,-12,-3,-12,-2,-13,-1,-13,-1,-13,-1,-13,0,-13,0,-14,1,-14,1,-15,0,-15,0,-15,0,-15,0,-16,-1,-15,-2,-15,-2,-15,-2,-15,-3,-15,-4,0,0,0,0,0,0,0,0,0,0,0,0,0,0,0,0,0,0,0,0,0,0,-11,-3,-11,-4,-11,-6,-11,-6,-12,-7,-11,-7,-10,-10,-10,-10,-8,-10,-10,-11,-10,-11,-9,-10,-9,-10,-9,-10,-8,-10,-9,-9,-9,-9,-10,-9,-10,-9,-10,-8,-10,-8,-11,-8,-12,-7,-12,-7,-12,-7,-12,-6]"
2025-08-18 22:00:41.421661,CSI_DATA,1332,1a:00:00:00:00:00,-51,11,0,0,0,0,0,0,0,0,0,-94,0,1,0,226396973,0,31,0,128,0,"[0,0,-10,9,-9,9,-9,9,-8,9,-8,9,-8,9,-7,9,-6,10,-6,10,-5,10,-5,11,-4,11,-4,11,-4,12,-4,12,-4,13,-3,13,-4,13,-5,13,-5,13,-5,13,-6,13,-6,13,-6,13,-6,12,-7,12,0,0,0,0,0,0,0,0,0,0,0,0,0,0,0,0,0,0,0,0,0,0,-7,8,-8,8,-9,8,-10,7,-10,7,-11,7,-12,6,-13,5,-13,5,-13,4,-13,4,-12,4,-12,4,-12,4,-11,4,-11,4,-11,4,-11,5,-11,5,-10,6,-10,6,-10,6,-10,7,-9,8,-9,8,-9,8]"
2025-08-18 22:00:41.622114,CSI_DATA,1333,1a:00:00:00:00:00,-52,11,0,0,0,0,0,0,0,0,0,-94,0,1,0,226598178,0,31,0,128,0,"[0,0,-9,9,-8,9,-8,9,-8,9,-7,9,-7,9,-6,10,-6,10,-5,10,-5,11,-4,11,-4,10,-4,11,-3,11,-3,12,-3,12,-3,13,-4,13,-4,13,-4,14,-4,13,-4,13,-5,13,-5,12,-6,12,-7,12,0,0,0,0,0,0,0,0,0,0,0,0,0,0,0,0,0,0,0,0,0,0,-7,9,-8,8,-9,8,-9,8,-10,8,-11,7,-12,7,-12,6,-12,6,-13,5,-13,4,-12,4,-12,4,-11,4,-11,4,-11,5,-10,5,-10,5,-10,6,-10,7,-9,6,-9,7,-9,8,-9,8,-9,8,-9,8]"
2025-08-18 22:00:41.821674,CSI_DATA,1334,1a:00:00:00:00:00,-52,11,0,0,0,0,0,0,0,0,0,-94,0,1,0,226799472,0,31,0,128,0,"[0,0,12,-1,12,-1,12,-1,12,-2,12,-2,12,-3,12,-3,12,-4,12,-4,12,-5,12,-6,12,-6,12,-7,12,-8,13,-8,13,-9,13,-8,14,-8,15,-8,15,-8,16,-7,16,-6,16,-6,16,-5,16,-4,16,-3,0,0,0,0,0,0,0,0,0,0,0,0,0,0,0,0,0,0,0,0,0,0,9,0,10,1,10,2,11,3,10,3,11,4,11,5,11,5,10,6,10,6,9,6,9,6,9,6,9,6,9,5,9,4,9,4,9,3,10,3,10,3,10,2,11,2,11,1,11,1,12,1,12,0]"
2025-08-18 22:00:42.025296,CSI_DATA,1335,1a:00:00:00:00:00,-52,11,0,0,0,0,0,0,0,0,0,-94,0,1,0,227000623,0,31,0,128,0,"[0,0,7,-11,7,-11,6,-11,6,-11,6,-12,5,-12,5,-12,4,-12,4,-13,3,-13,3,-13,2,-14,2,-14,1,-15,1,-15,1,-15,1,-16,1,-17,2,-17,2,-17,3,-17,3,-17,4,-16,4,-16,5,-16,6,-16,0,0,0,0,0,0,0,0,0,0,0,0,0,0,0,0,0,0,0,0,0,0,5,-9,7,-9,7,-9,8,-8,9,-8,10,-8,11,-7,11,-7,11,-6,11,-6,11,-5,11,-5,11,-5,10,-5,10,-6,9,-6,9,-6,9,-7,9,-7,9,-8,8,-8,8,-9,8,-9,8,-10,7,-10,7,-10]"
2025-08-18 22:00:42.233122,CSI_DATA,1336,1a:00:00:00:00:00,-52,11,0,0,0,0,0,0,0,0,0,-94,0,1,0,227201751,0,31,0,128,0,"[0,0,-8,-10,-9,-10,-9,-10,-9,-9,-10,-9,-10,-8,-10,-8,-11,-8,-11,-7,-12,-6,-12,-6,-13,-6,-13,-6,-14,-5,-14,-5,-15,-5,-15,-5,-15,-5,-16,-5,-16,-6,-16,-7,-16,-7,-16,-8,-16,-9,-15,-9,-14,-10,0,0,0,0,0,0,0,0,0,0,0,0,0,0,0,0,0,0,0,0,0,0,-7,-8,-7,-9,-7,-10,-6,-11,-6,-11,-5,-12,-4,-13,-4,-13,-3,-13,-3,-13,-3,-13,-2,-12,-3,-13,-3,-12,-3,-12,-3,-11,-4,-11,-4,-11,-5,-11,-5,-11,-6,-11,-6,-11,-7,-11,-7,-11,-8,-11,-8,-11]"
2025-08-18 22:00:42.292636,CSI_DATA,1337,1a:00:00:00:00:00,-51,11,0,0,0,0,0,0,0,0,0,-94,0,1,0,227264259,0,42,0,128,0,"[0,0,-1,-13,-1,-13,-2,-14,-2,-13,-3,-14,-3,-13,-3,-13,-4,-13,-4,-12,-5,-12,-6,-12,-6,-12,-7,-12,-8,-13,-7,-12,-8,-14,-8,-13,-8,-14,-8,-15,-8,-15,-7,-16,-7,-16,-6,-16,-6,-16,-5,-16,-4,-17,0,0,0,0,0,0,0,0,0,0,0,0,0,0,0,0,0,0,0,0,0,0,-2,-10,-1,-11,0,-11,0,-12,1,-12,2,-13,3,-12,3,-12,4,-12,4,-12,5,-12,5,-11,4,-11,4,-11,4,-11,4,-11,3,-11,2,-11,2,-12,2,-11,1,-12,1,-13,1,-12,0,-13,0,-13,0,-13]"
2025-08-18 22:00:42.358892,CSI_DATA,1338,1a:00:00:00:00:00,-51,11,0,0,0,0,0,0,0,0,0,-94,0,1,0,227330201,0,31,0,128,0,"[0,0,-13,-4,-14,-4,-14,-4,-14,-3,-14,-3,-14,-2,-14,-2,-14,-1,-14,0,-14,0,-14,0,-14,1,-15,2,-15,2,-15,3,-16,3,-16,2,-17,3,-18,3,-18,2,-18,2,-18,1,-18,0,-18,-1,-18,-2,-18,-3,0,0,0,0,0,0,0,0,0,0,0,0,0,0,0,0,0,0,0,0,0,0,-10,-3,-11,-3,-11,-5,-11,-6,-11,-6,-11,-7,-11,-8,-11,-8,-10,-8,-10,-9,-9,-9,-9,-9,-9,-9,-9,-9,-9,-8,-9,-8,-10,-7,-10,-7,-11,-7,-11,-6,-11,-6,-12,-5,-12,-5,-12,-6,-13,-5,-13,-5]"
2025-08-18 22:00:42.553535,CSI_DATA,1339,1a:00:00:00:00:00,-51,11,0,0,0,0,0,0,0,0,0,-94,0,1,0,227531332,0,31,0,128,0,"[0,0,0,13,1,12,1,12,2,12,2,12,3,12,3,11,4,11,4,11,5,11,5,11,6,11,6,11,7,11,7,11,8,11,8,12,8,12,8,12,8,13,8,13,8,13,7,14,6,15,5,15,4,15,0,0,0,0,0,0,0,0,0,0,0,0,0,0,0,0,0,0,0,0,0,0,1,9,1,10,0,11,-1,11,-2,12,-3,11,-3,12,-4,12,-4,12,-5,11,-6,11,-6,11,-5,11,-5,10,-4,10,-4,10,-3,10,-3,11,-3,11,-2,11,-1,11,-1,12,-1,12,-1,12,-1,12,0,12]"
2025-08-18 22:00:42.758599,CSI_DATA,1340,1a:00:00:00:00:00,-51,11,0,0,0,0,0,0,0,0,0,-94,0,1,0,227734241,0,31,0,128,0,"[0,0,9,-9,8,-10,8,-10,8,-10,7,-11,7,-11,7,-11,6,-11,6,-12,5,-12,5,-12,4,-13,4,-14,3,-15,4,-15,4,-15,3,-15,4,-16,5,-16,5,-16,6,-16,6,-16,6,-16,7,-16,8,-15,9,-15,0,0,0,0,0,0,0,0,0,0,0,0,0,0,0,0,0,0,0,0,0,0,6,-8,7,-7,8,-7,9,-7,9,-6,10,-6,11,-5,11,-5,11,-4,11,-4,11,-4,11,-4,11,-4,10,-4,10,-4,10,-4,10,-5,10,-5,9,-6,9,-6,10,-6,9,-7,9,-8,9,-8,9,-8,9,-9]"
2025-08-18 22:00:42.957123,CSI_DATA,1341,1a:00:00:00:00:00,-51,11,0,0,0,0,0,0,0,0,0,-94,0,1,0,227933791,0,31,0,128,0,"[0,0,7,-10,6,-10,6,-11,6,-11,5,-11,5,-11,5,-12,4,-12,4,-12,3,-12,3,-13,2,-13,2,-13,1,-14,1,-14,1,-14,1,-15,2,-15,2,-16,2,-16,3,-16,3,-16,4,-15,4,-15,5,-15,6,-15,0,0,0,0,0,0,0,0,0,0,0,0,0,0,0,0,0,0,0,0,0,0,5,-8,6,-8,6,-8,7,-8,8,-8,9,-7,10,-7,10,-7,10,-6,10,-6,10,-5,10,-5,10,-5,9,-5,9,-5,9,-6,9,-6,8,-7,8,-7,8,-7,8,-8,8,-8,7,-9,7,-9,7,-9,7,-10]"
2025-08-18 22:00:43.165722,CSI_DATA,1342,1a:00:00:00:00:00,-51,11,0,0,0,0,0,0,0,0,0,-94,0,1,0,228134957,0,31,0,128,0,"[0,0,-4,-13,-5,-13,-5,-13,-5,-13,-5,-13,-6,-12,-6,-12,-7,-12,-7,-11,-8,-11,-8,-11,-9,-11,-9,-11,-10,-11,-10,-11,-11,-11,-11,-12,-11,-12,-11,-13,-10,-13,-10,-13,-10,-14,-9,-14,-8,-15,-7,-14,-6,-15,0,0,0,0,0,0,0,0,0,0,0,0,0,0,0,0,0,0,0,0,0,0,-4,-9,-4,-10,-3,-11,-3,-12,-2,-12,-1,-12,0,-13,0,-13,1,-13,1,-13,2,-12,2,-12,1,-12,1,-12,1,-12,0,-11,0,-12,0,-12,-1,-12,-1,-12,-2,-12,-2,-12,-3,-12,-3,-13,-3,-13,-4,-13]"
2025-08-18 22:00:43.370825,CSI_DATA,1343,1a:00:00:00:00:00,-51,11,0,0,0,0,0,0,0,0,0,-94,0,1,0,228336322,0,31,0,128,0,"[0,0,12,-1,12,-1,12,-1,12,-2,12,-2,12,-2,11,-3,11,-3,11,-4,11,-5,11,-5,11,-6,11,-6,11,-6,11,-7,12,-7,12,-7,12,-7,13,-7,13,-7,13,-7,13,-6,13,-5,13,-5,13,-5,14,-4,0,0,0,0,0,0,0,0,0,0,0,0,0,0,0,0,0,0,0,0,0,0,9,-2,9,-2,10,-1,10,0,11,1,11,1,11,3,11,3,11,4,11,4,11,4,10,4,10,4,10,3,10,3,10,3,10,3,10,2,11,2,11,2,11,1,11,1,11,0,12,0,12,0,12,-1]"
2025-08-18 22:00:43.561833,CSI_DATA,1344,1a:00:00:00:00:00,-51,11,0,0,0,0,0,0,0,0,0,-94,0,1,0,228537303,0,31,0,128,0,"[0,0,9,-10,8,-11,8,-11,8,-11,7,-11,6,-11,6,-12,6,-12,5,-12,5,-12,5,-13,4,-13,4,-13,3,-14,3,-14,3,-15,3,-15,4,-16,4,-16,5,-16,5,-16,6,-16,6,-15,7,-15,8,-14,9,-14,0,0,0,0,0,0,0,0,0,0,0,0,0,0,0,0,0,0,0,0,0,0,5,-9,6,-9,7,-9,7,-8,8,-8,9,-8,10,-7,10,-7,11,-6,11,-6,11,-5,11,-5,11,-5,10,-5,10,-6,10,-6,10,-6,9,-7,9,-7,9,-8,9,-8,9,-9,9,-9,9,-9,9,-9,9,-10]"
2025-08-18 22:00:43.762433,CSI_DATA,1345,1a:00:00:00:00:00,-51,11,0,0,0,0,0,0,0,0,0,-94,0,1,0,228738389,0,31,0,128,0,"[0,0,-7,11,-6,10,-6,10,-6,11,-5,11,-5,11,-5,11,-4,11,-4,11,-3,12,-3,12,-2,12,-2,12,-1,13,-1,13,-1,14,-1,14,-2,14,-2,15,-2,15,-3,15,-3,14,-4,15,-5,14,-5,14,-6,14,0,0,0,0,0,0,0,0,0,0,0,0,0,0,0,0,0,0,0,0,0,0,-4,7,-5,7,-6,7,-6,7,-7,7,-8,7,-9,7,-9,7,-10,6,-10,6,-10,5,-10,5,-9,5,-9,5,-9,6,-9,6,-8,6,-8,6,-8,7,-7,7,-7,8,-7,8,-7,9,-7,9,-7,9,-7,9]"
2025-08-18 22:00:43.829763,CSI_DATA,1346,1a:00:00:00:00:00,-52,11,0,0,0,0,0,0,0,0,0,-94,0,1,0,228800252,0,42,0,128,0,"[0,0,-12,-7,-12,-7,-12,-6,-12,-6,-12,-6,-13,-5,-13,-5,-13,-4,-13,-4,-13,-3,-13,-2,-14,-2,-14,-2,-14,-1,-15,-1,-15,-1,-16,-2,-16,-1,-17,-2,-17,-2,-17,-3,-17,-4,-16,-5,-16,-5,-16,-5,-16,-6,0,0,0,0,0,0,0,0,0,0,0,0,0,0,0,0,0,0,0,0,0,0,-9,-4,-9,-5,-9,-6,-9,-7,-9,-8,-9,-8,-8,-9,-8,-9,-8,-10,-7,-10,-7,-10,-7,-10,-7,-10,-7,-10,-7,-10,-7,-9,-7,-9,-8,-8,-8,-8,-9,-8,-9,-8,-10,-8,-10,-8,-11,-7,-11,-7,-11,-7]"
2025-08-18 22:00:43.890753,CSI_DATA,1347,1a:00:00:00:00:00,-52,11,0,0,0,0,0,0,0,0,0,-94,0,1,0,228865771,0,31,0,128,0,"[0,0,13,-3,12,-3,12,-4,12,-4,12,-5,12,-5,11,-5,11,-6,11,-7,11,-7,11,-8,10,-8,11,-9,11,-9,11,-10,11,-10,12,-10,12,-11,13,-10,13,-10,14,-10,14,-9,14,-8,14,-8,15,-7,15,-6,0,0,0,0,0,0,0,0,0,0,0,0,0,0,0,0,0,0,0,0,0,0,9,-4,9,-3,10,-2,11,-1,11,-1,11,0,12,1,12,2,12,2,11,3,11,3,11,3,11,3,11,2,11,2,11,2,11,1,11,1,11,0,11,0,11,0,12,-1,12,-2,12,-2,12,-2,13,-3]"
2025-08-18 22:00:44.098214,CSI_DATA,1348,1a:00:00:00:00:00,-51,11,0,0,0,0,0,0,0,0,0,-94,0,1,0,229066982,0,31,0,128,0,"[0,0,-4,-12,-5,-12,-5,-12,-5,-12,-6,-12,-6,-11,-6,-11,-7,-11,-7,-11,-8,-10,-8,-10,-9,-10,-10,-10,-10,-10,-10,-10,-10,-10,-11,-10,-11,-11,-11,-11,-10,-12,-10,-12,-10,-13,-9,-13,-9,-13,-8,-13,-7,-13,0,0,0,0,0,0,0,0,0,0,0,0,0,0,0,0,0,0,0,0,0,0,-5,-8,-5,-9,-4,-10,-4,-10,-3,-11,-2,-11,-2,-12,-1,-12,0,-12,0,-12,0,-12,0,-12,0,-12,0,-11,0,-11,0,-11,-1,-11,-1,-11,-2,-11,-2,-11,-2,-11,-3,-12,-4,-12,-4,-12,-4,-12,-4,-12]"
2025-08-18 22:00:44.298815,CSI_DATA,1349,1a:00:00:00:00:00,-51,11,0,0,0,0,0,0,0,0,0,-94,0,1,0,229268132,0,31,0,128,0,"[0,0,-10,-10,-11,-10,-10,-9,-11,-9,-11,-9,-11,-8,-11,-8,-12,-7,-12,-7,-12,-6,-13,-6,-13,-5,-14,-5,-14,-5,-14,-5,-15,-5,-15,-5,-16,-5,-16,-5,-16,-6,-16,-6,-15,-7,-15,-7,-15,-8,-14,-8,-14,-9,0,0,0,0,0,0,0,0,0,0,0,0,0,0,0,0,0,0,0,0,0,0,-8,-6,-8,-7,-8,-8,-8,-9,-8,-10,-7,-11,-6,-12,-6,-12,-5,-12,-5,-12,-5,-12,-4,-12,-5,-12,-5,-12,-5,-11,-5,-11,-5,-11,-6,-10,-7,-11,-7,-10,-8,-11,-8,-10,-9,-10,-9,-10,-10,-10,-10,-10]"
2025-08-18 22:00:44.494700,CSI_DATA,1350,1a:00:00:00:00:00,-51,11,0,0,0,0,0,0,0,0,0,-94,0,1,0,229469649,0,31,0,128,0,"[0,0,11,-5,11,-5,11,-6,11,-6,11,-6,10,-6,10,-7,10,-7,10,-8,9,-8,9,-9,8,-9,8,-10,8,-10,9,-11,9,-11,9,-11,10,-11,10,-11,11,-11,11,-11,11,-10,11,-10,12,-10,12,-9,13,-8,0,0,0,0,0,0,0,0,0,0,0,0,0,0,0,0,0,0,0,0,0,0,7,-5,8,-5,9,-4,9,-3,10,-3,11,-2,11,-2,11,-1,11,-1,11,0,11,0,11,0,11,0,10,0,10,0,10,-1,10,-1,10,-2,10,-2,11,-2,11,-3,11,-3,11,-4,11,-4,11,-4,11,-5]"
2025-08-18 22:00:44.701777,CSI_DATA,1351,1a:00:00:00:00:00,-51,11,0,0,0,0,0,0,0,0,0,-94,0,1,0,229670532,0,31,0,128,0,"[0,0,-7,-12,-8,-11,-8,-11,-8,-11,-8,-11,-8,-10,-9,-10,-9,-9,-9,-9,-10,-9,-10,-8,-11,-8,-11,-8,-12,-8,-12,-8,-12,-8,-13,-8,-13,-8,-13,-9,-13,-9,-13,-9,-13,-10,-12,-11,-12,-11,-11,-11,-11,-12,0,0,0,0,0,0,0,0,0,0,0,0,0,0,0,0,0,0,0,0,0,0,-6,-8,-6,-8,-5,-9,-5,-10,-5,-11,-4,-11,-3,-12,-3,-12,-2,-13,-2,-12,-2,-12,-1,-12,-2,-12,-2,-12,-2,-12,-2,-11,-3,-11,-3,-11,-4,-12,-4,-11,-5,-11,-5,-12,-6,-11,-6,-12,-6,-12,-6,-11]"
2025-08-18 22:00:44.915568,CSI_DATA,1352,1a:00:00:00:00:00,-51,11,0,0,0,0,0,0,0,0,0,-94,0,1,0,229871653,0,31,0,128,0,"[0,0,-2,-13,-3,-12,-3,-13,-3,-12,-4,-13,-4,-12,-5,-12,-5,-12,-5,-12,-6,-11,-7,-11,-7,-11,-8,-11,-9,-12,-9,-11,-9,-12,-9,-12,-9,-13,-9,-13,-9,-14,-8,-14,-8,-14,-8,-14,-7,-15,-6,-15,-6,-15,0,0,0,0,0,0,0,0,0,0,0,0,0,0,0,0,0,0,0,0,0,0,-3,-9,-2,-10,-2,-10,-1,-11,0,-11,1,-12,2,-12,2,-12,3,-12,3,-12,3,-11,3,-11,3,-11,3,-11,3,-11,2,-11,2,-11,1,-11,1,-11,0,-12,0,-12,0,-12,-1,-12,-1,-12,-1,-12,-2,-12]"
2025-08-18 22:00:45.099480,CSI_DATA,1353,1a:00:00:00:00:00,-52,11,0,0,0,0,0,0,0,0,0,-94,0,1,0,230072834,0,31,0,128,0,"[0,0,-13,5,-12,5,-12,6,-12,6,-11,7,-11,7,-11,7,-10,8,-10,8,-10,9,-9,9,-9,10,-9,10,-9,11,-9,12,-9,12,-9,12,-10,13,-10,13,-10,13,-11,13,-11,12,-12,12,-13,11,-13,11,-14,10,0,0,0,0,0,0,0,0,0,0,0,0,0,0,0,0,0,0,0,0,0,0,-9,4,-10,4,-11,3,-11,3,-12,2,-12,2,-13,1,-13,1,-13,0,-13,0,-13,-1,-13,-1,-13,-1,-12,-1,-12,0,-12,0,-12,0,-12,1,-12,1,-12,2,-12,3,-12,3,-13,4,-13,4,-12,4,-12,5]"
2025-08-18 22:00:45.303332,CSI_DATA,1354,1a:00:00:00:00:00,-52,11,0,0,0,0,0,0,0,0,0,-94,0,1,0,230274205,0,31,0,128,0,"[0,0,-13,-2,-14,-2,-13,-1,-13,-1,-13,-1,-13,0,-13,1,-13,1,-13,2,-13,3,-13,3,-13,4,-13,4,-13,5,-13,6,-13,6,-14,6,-14,7,-15,6,-15,6,-16,6,-16,5,-16,4,-17,4,-17,3,-17,2,0,0,0,0,0,0,0,0,0,0,0,0,0,0,0,0,0,0,0,0,0,0,-11,0,-11,-1,-11,-2,-12,-3,-12,-4,-12,-4,-12,-5,-12,-6,-12,-7,-12,-7,-11,-7,-11,-8,-11,-7,-11,-7,-11,-7,-11,-6,-11,-6,-11,-6,-12,-5,-12,-5,-12,-4,-12,-4,-13,-3,-13,-3,-13,-3,-13,-3]"
2025-08-18 22:00:45.367762,CSI_DATA,1355,1a:00:00:00:00:00,-52,11,0,0,0,0,0,0,0,0,0,-94,0,1,0,230336674,0,42,0,128,0,"[0,0,-10,-9,-10,-9,-10,-9,-10,-8,-11,-8,-11,-8,-11,-7,-12,-6,-12,-6,-12,-5,-12,-5,-13,-4,-13,-4,-14,-4,-14,-3,-15,-3,-15,-4,-16,-4,-16,-4,-17,-4,-17,-5,-16,-6,-16,-6,-16,-7,-16,-8,-15,-9,0,0,0,0,0,0,0,0,0,0,0,0,0,0,0,0,0,0,0,0,0,0,-9,-6,-9,-7,-9,-8,-9,-9,-8,-10,-8,-10,-7,-11,-7,-12,-6,-12,-6,-12,-6,-12,-5,-12,-5,-12,-5,-12,-5,-12,-6,-11,-6,-11,-6,-10,-7,-11,-7,-10,-8,-10,-8,-10,-9,-10,-9,-10,-9,-10,-10,-10]"
2025-08-18 22:00:45.424251,CSI_DATA,1356,1a:00:00:00:00:00,-53,11,0,0,0,0,0,0,0,0,0,-94,0,1,0,230401356,0,31,0,128,0,"[0,0,12,2,12,1,12,1,12,0,12,-1,12,-1,12,-1,12,-2,12,-3,12,-4,12,-4,12,-5,12,-5,12,-6,12,-7,13,-7,13,-7,14,-7,14,-7,15,-7,15,-6,15,-6,15,-5,16,-5,16,-4,17,-3,0,0,0,0,0,0,0,0,0,0,0,0,0,0,0,0,0,0,0,0,0,0,9,-1,10,0,10,1,11,2,11,3,11,4,11,4,11,5,11,6,10,6,10,6,10,6,10,7,10,6,10,6,9,5,10,5,10,4,10,4,11,4,11,3,11,3,11,2,12,3,12,2,13,2]"
2025-08-18 22:00:45.626137,CSI_DATA,1357,1a:00:00:00:00:00,-52,11,0,0,0,0,0,0,0,0,0,-94,0,1,0,230602441,0,31,0,128,0,"[0,0,-7,11,-6,11,-6,11,-6,11,-5,11,-4,11,-4,11,-3,12,-3,12,-2,12,-1,12,0,12,0,13,0,13,0,13,1,14,1,14,1,15,0,16,0,16,0,16,-1,16,-1,16,-2,16,-3,16,-4,16,0,0,0,0,0,0,0,0,0,0,0,0,0,0,0,0,0,0,0,0,0,0,-4,9,-5,9,-6,10,-7,10,-8,10,-9,9,-10,9,-10,9,-11,8,-11,8,-11,8,-11,7,-10,7,-10,7,-10,7,-10,7,-10,7,-9,8,-9,8,-8,9,-8,9,-8,9,-8,10,-7,10,-7,10,-7,11]"
2025-08-18 22:00:45.831786,CSI_DATA,1358,1a:00:00:00:00:00,-52,11,0,0,0,0,0,0,0,0,0,-94,0,1,0,230803588,0,31,0,128,0,"[0,0,-13,0,-12,0,-12,0,-12,1,-13,1,-12,1,-12,2,-12,3,-12,3,-11,4,-12,4,-11,5,-12,6,-12,6,-12,7,-12,7,-13,7,-13,8,-14,8,-14,7,-15,7,-15,7,-15,6,-15,5,-15,5,-16,4,0,0,0,0,0,0,0,0,0,0,0,0,0,0,0,0,0,0,0,0,0,0,-9,0,-10,-1,-10,-2,-11,-2,-11,-3,-11,-4,-11,-5,-11,-5,-11,-6,-11,-6,-11,-6,-10,-6,-10,-6,-10,-6,-10,-6,-10,-5,-10,-5,-11,-4,-11,-4,-11,-3,-11,-3,-11,-3,-12,-2,-12,-2,-12,-2,-12,-1]"
2025-08-18 22:00:46.032654,CSI_DATA,1359,1a:00:00:00:00:00,-52,11,0,0,0,0,0,0,0,0,0,-94,0,1,0,231004710,0,31,0,128,0,"[0,0,0,-13,-1,-13,-1,-13,-1,-13,-2,-13,-2,-13,-3,-13,-4,-13,-4,-13,-5,-13,-6,-12,-7,-13,-7,-12,-7,-13,-8,-13,-8,-13,-9,-14,-9,-14,-9,-15,-8,-15,-8,-16,-8,-16,-7,-16,-7,-16,-6,-17,-5,-17,0,0,0,0,0,0,0,0,0,0,0,0,0,0,0,0,0,0,0,0,0,0,-1,-10,0,-10,1,-11,2,-12,2,-12,3,-12,4,-12,5,-12,5,-12,6,-12,6,-11,6,-11,6,-11,5,-11,5,-11,4,-11,4,-11,4,-11,3,-12,3,-12,2,-12,2,-12,1,-13,1,-13,1,-13,0,-13]"
2025-08-18 22:00:46.235242,CSI_DATA,1360,1a:00:00:00:00:00,-52,11,0,0,0,0,0,0,0,0,0,-94,0,1,0,231205896,0,31,0,128,0,"[0,0,-13,-6,-12,-5,-13,-5,-13,-4,-13,-4,-13,-4,-13,-3,-13,-2,-13,-1,-13,-1,-14,0,-13,0,-14,1,-15,1,-15,1,-16,2,-16,2,-17,2,-18,2,-17,2,-17,2,-18,0,-17,0,-18,-2,-17,-2,-17,-3,0,0,0,0,0,0,0,0,0,0,0,0,0,0,0,0,0,0,0,0,0,0,-10,-3,-10,-4,-10,-5,-10,-6,-10,-7,-11,-8,-10,-8,-10,-9,-10,-10,-9,-10,-9,-10,-8,-10,-8,-10,-8,-10,-8,-9,-8,-9,-9,-9,-9,-8,-10,-8,-10,-8,-10,-7,-11,-7,-11,-6,-11,-6,-12,-6,-12,-6]"
2025-08-18 22:00:46.436584,CSI_DATA,1361,1a:00:00:00:00:00,-52,11,0,0,0,0,0,0,0,0,0,-94,0,1,0,231407251,0,31,0,128,0,"[0,0,-13,4,-12,4,-12,5,-12,5,-12,6,-11,6,-11,6,-11,7,-10,7,-10,8,-10,8,-9,9,-9,10,-9,10,-9,11,-9,12,-9,12,-10,12,-11,13,-11,12,-12,12,-12,12,-12,11,-13,11,-14,10,-14,10,0,0,0,0,0,0,0,0,0,0,0,0,0,0,0,0,0,0,0,0,0,0,-9,4,-10,4,-11,3,-12,2,-12,2,-13,1,-13,0,-14,0,-14,-1,-13,-2,-13,-2,-13,-2,-13,-2,-13,-2,-12,-2,-12,-1,-12,-1,-12,0,-12,0,-12,1,-12,1,-12,2,-12,3,-13,3,-13,3,-13,4]"
2025-08-18 22:00:46.631786,CSI_DATA,1362,1a:00:00:00:00:00,-52,11,0,0,0,0,0,0,0,0,0,-94,0,1,0,231608364,0,31,0,128,0,"[0,0,-3,13,-2,12,-2,12,-1,12,0,12,0,12,0,12,1,12,1,12,2,11,3,12,4,12,4,12,5,12,5,12,5,13,5,13,6,14,5,14,5,14,5,15,4,15,4,15,3,15,2,15,2,16,0,0,0,0,0,0,0,0,0,0,0,0,0,0,0,0,0,0,0,0,0,0,0,9,-1,10,-2,11,-3,11,-4,11,-5,12,-6,11,-7,11,-7,11,-7,10,-8,10,-8,10,-7,10,-7,10,-7,10,-6,9,-6,10,-6,10,-5,11,-5,11,-4,11,-4,11,-4,11,-3,12,-3,12,-3,12]"
2025-08-18 22:00:46.829140,CSI_DATA,1363,1a:00:00:00:00:00,-52,11,0,0,0,0,0,0,0,0,0,-94,0,1,0,231809496,0,31,0,128,0,"[0,0,10,7,11,6,10,6,11,6,11,5,11,5,11,4,11,4,11,3,12,2,12,2,12,1,12,1,12,1,13,0,13,0,14,0,14,0,14,0,14,1,14,1,14,2,14,2,14,3,14,3,14,4,0,0,0,0,0,0,0,0,0,0,0,0,0,0,0,0,0,0,0,0,0,0,9,3,10,4,10,5,10,6,10,7,10,7,9,8,9,9,8,9,8,10,7,10,7,10,7,10,7,10,7,9,7,9,7,9,8,8,8,8,9,8,9,8,9,7,10,8,10,8,10,8,10,7]"
2025-08-18 22:00:46.903317,CSI_DATA,1364,1a:00:00:00:00:00,-52,11,0,0,0,0,0,0,0,0,0,-94,0,1,0,231872255,0,42,0,128,0,"[0,0,-4,-13,-5,-13,-5,-13,-6,-12,-6,-12,-6,-12,-7,-12,-7,-11,-7,-11,-8,-10,-9,-10,-10,-10,-10,-10,-11,-10,-11,-10,-11,-10,-11,-10,-12,-10,-12,-11,-12,-11,-11,-12,-11,-12,-11,-12,-10,-12,-10,-13,-9,-13,0,0,0,0,0,0,0,0,0,0,0,0,0,0,0,0,0,0,0,0,0,0,-6,-10,-5,-11,-5,-12,-4,-12,-4,-13,-3,-13,-1,-14,-1,-14,0,-14,0,-14,0,-14,1,-14,0,-14,0,-13,0,-13,0,-13,-1,-13,-2,-13,-2,-13,-2,-13,-2,-13,-3,-13,-3,-13,-4,-13,-4,-14,-4,-13]"
2025-08-18 22:00:46.962912,CSI_DATA,1365,1a:00:00:00:00:00,-52,11,0,0,0,0,0,0,0,0,0,-94,0,1,0,231938109,0,31,0,128,0,"[0,0,11,-7,10,-7,10,-7,10,-7,10,-8,10,-8,9,-8,9,-9,8,-9,8,-10,8,-10,7,-11,7,-11,7,-12,7,-12,7,-13,7,-13,8,-13,8,-13,8,-13,9,-13,9,-13,9,-12,10,-12,10,-11,11,-11,0,0,0,0,0,0,0,0,0,0,0,0,0,0,0,0,0,0,0,0,0,0,7,-7,8,-6,9,-6,10,-5,11,-5,11,-4,12,-5,13,-2,13,-2,12,-2,12,-2,12,-1,12,-1,11,-2,11,-2,11,-2,11,-3,11,-3,11,-4,11,-4,11,-4,11,-5,11,-5,11,-6,11,-6,11,-6]"
2025-08-18 22:00:47.170866,CSI_DATA,1366,1a:00:00:00:00:00,-52,11,0,0,0,0,0,0,0,0,0,-94,0,1,0,232140168,0,31,0,128,0,"[0,0,-9,-10,-9,-10,-9,-10,-10,-9,-10,-9,-10,-8,-10,-8,-11,-7,-11,-6,-12,-6,-12,-5,-13,-5,-13,-5,-13,-5,-14,-4,-14,-4,-14,-5,-15,-5,-16,-5,-15,-5,-15,-6,-15,-6,-15,-7,-15,-8,-14,-8,-14,-9,0,0,0,0,0,0,0,0,0,0,0,0,0,0,0,0,0,0,0,0,0,0,-9,-7,-9,-8,-8,-9,-8,-10,-8,-11,-7,-11,-7,-12,-6,-12,-6,-13,-5,-13,-5,-13,-4,-13,-4,-13,-4,-13,-5,-12,-5,-12,-5,-12,-5,-11,-6,-11,-7,-11,-7,-11,-8,-11,-8,-11,-8,-11,-8,-11,-8,-11]"
2025-08-18 22:00:47.366544,CSI_DATA,1367,1a:00:00:00:00:00,-52,11,0,0,0,0,0,0,0,0,0,-94,0,1,0,232341936,0,31,0,128,0,"[0,0,-9,9,-9,9,-9,9,-8,9,-8,10,-7,10,-7,10,-6,11,-6,11,-5,11,-4,12,-4,12,-4,12,-3,13,-3,13,-4,14,-3,14,-4,15,-4,15,-4,15,-5,15,-5,15,-5,15,-6,15,-6,14,-8,14,0,0,0,0,0,0,0,0,0,0,0,0,0,0,0,0,0,0,0,0,0,0,-7,8,-8,8,-9,7,-9,7,-10,7,-12,7,-12,6,-12,6,-13,5,-12,5,-13,4,-13,4,-12,4,-12,4,-12,4,-12,4,-12,4,-11,5,-11,5,-11,6,-11,6,-10,7,-10,7,-10,8,-10,8,-10,8]"
2025-08-18 22:00:47.566992,CSI_DATA,1368,1a:00:00:00:00:00,-52,11,0,0,0,0,0,0,0,0,0,-94,0,1,0,232541760,0,31,0,128,0,"[0,0,-12,7,-11,7,-11,7,-11,8,-10,8,-10,8,-9,8,-9,9,-9,9,-8,10,-8,11,-7,11,-7,11,-7,11,-7,12,-7,13,-7,13,-8,13,-8,13,-8,13,-9,13,-9,13,-10,13,-10,12,-10,12,-11,11,0,0,0,0,0,0,0,0,0,0,0,0,0,0,0,0,0,0,0,0,0,0,-7,7,-8,7,-9,6,-10,6,-11,5,-12,5,-13,4,-13,4,-13,3,-14,2,-14,2,-13,2,-13,2,-13,2,-12,2,-13,2,-12,3,-12,3,-12,4,-12,4,-12,4,-12,5,-12,6,-12,6,-12,6,-12,6]"
2025-08-18 22:00:47.765038,CSI_DATA,1369,1a:00:00:00:00:00,-52,11,0,0,0,0,0,0,0,0,0,-94,0,1,0,232742799,0,31,0,128,0,"[0,0,12,4,12,3,12,3,12,2,12,1,12,1,12,1,12,0,12,-1,12,-2,12,-2,12,-3,12,-3,13,-4,13,-4,13,-5,14,-5,14,-5,15,-5,15,-4,15,-4,15,-3,15,-2,15,-2,15,-1,15,0,0,0,0,0,0,0,0,0,0,0,0,0,0,0,0,0,0,0,0,0,0,0,9,0,10,0,10,2,11,2,11,3,11,4,11,5,11,6,11,6,10,7,10,7,10,8,10,8,10,7,10,7,10,6,10,6,10,5,11,6,11,5,11,5,12,5,12,4,12,5,12,5,13,4]"
2025-08-18 22:00:47.972566,CSI_DATA,1370,1a:00:00:00:00:00,-52,11,0,0,0,0,0,0,0,0,0,-94,0,1,0,232943958,0,31,0,128,0,"[0,0,-14,-3,-14,-3,-14,-3,-14,-2,-14,-2,-13,-2,-14,-1,-13,0,-14,1,-13,1,-14,2,-14,2,-14,2,-14,4,-15,3,-15,4,-15,4,-16,4,-17,4,-16,4,-17,3,-17,2,-17,1,-17,1,-17,0,-17,0,0,0,0,0,0,0,0,0,0,0,0,0,0,0,0,0,0,0,0,0,0,0,-10,-1,-11,-2,-11,-3,-12,-4,-12,-4,-12,-5,-12,-6,-12,-7,-12,-7,-11,-8,-11,-8,-11,-8,-11,-8,-11,-8,-11,-8,-11,-7,-11,-7,-11,-6,-12,-6,-12,-6,-12,-5,-12,-5,-13,-4,-13,-5,-13,-4,-14,-4]"
2025-08-18 22:00:48.179935,CSI_DATA,1371,1a:00:00:00:00:00,-52,11,0,0,0,0,0,0,0,0,0,-94,0,1,0,233145116,0,31,0,128,0,"[0,0,13,3,12,3,12,3,12,2,12,2,12,1,12,0,12,0,12,-1,12,-2,12,-2,12,-3,12,-3,12,-4,13,-4,13,-5,13,-5,14,-5,14,-5,15,-5,14,-4,15,-4,15,-3,15,-2,15,-1,15,-1,0,0,0,0,0,0,0,0,0,0,0,0,0,0,0,0,0,0,0,0,0,0,10,0,10,1,10,2,11,3,11,4,11,5,11,6,11,6,11,7,10,7,10,8,9,8,9,8,9,8,10,7,9,6,10,6,10,5,11,6,11,5,11,5,12,5,12,4,12,5,12,5,13,4]"
2025-08-18 22:00:48.374952,CSI_DATA,1372,1a:00:00:00:00:00,-52,11,0,0,0,0,0,0,0,0,0,-94,0,1,0,233346283,0,31,0,128,0,"[0,0,-14,-3,-14,-3,-13,-3,-13,-2,-13,-2,-13,-1,-13,0,-13,0,-12,1,-13,2,-12,2,-12,3,-12,3,-13,4,-13,4,-13,5,-14,5,-14,5,-14,5,-14,5,-15,5,-15,4,-15,4,-15,3,-15,3,-15,2,0,0,0,0,0,0,0,0,0,0,0,0,0,0,0,0,0,0,0,0,0,0,-11,0,-12,-1,-12,-2,-12,-3,-13,-4,-13,-5,-13,-6,-13,-6,-13,-7,-12,-8,-12,-8,-12,-8,-12,-8,-11,-8,-11,-7,-11,-7,-11,-6,-12,-6,-12,-6,-12,-5,-13,-5,-13,-5,-13,-4,-13,-4,-14,-4,-14,-3]"
2025-08-18 22:00:48.513898,CSI_DATA,1373,1a:00:00:00:00:00,-52,11,0,0,0,0,0,0,0,0,0,-94,0,1,0,233408239,0,42,0,128,0,"[0,0,11,-6,11,-6,10,-6,10,-6,10,-7,9,-7,9,-7,8,-8,8,-8,8,-9,7,-9,7,-10,6,-10,7,-11,6,-11,6,-12,6,-12,7,-12,8,-12,8,-12,8,-12,9,-12,9,-12,9,-12,10,-11,10,-10,0,0,0,0,0,0,0,0,0,0,0,0,0,0,0,0,0,0,0,0,0,0,7,-6,8,-6,9,-5,10,-5,10,-4,12,-4,12,-3,12,-2,12,-2,12,-2,12,-2,12,-1,12,-1,11,-1,11,-1,11,-2,11,-2,11,-3,11,-3,11,-3,11,-3,11,-4,11,-4,11,-5,11,-5,12,-5]"
2025-08-18 22:00:48.521453,CSI_DATA,1374,1a:00:00:00:00:00,-52,11,0,0,0,0,0,0,0,0,0,-94,0,1,0,233475962,0,31,0,128,0,"[0,0,-3,-13,-4,-13,-4,-13,-4,-13,-5,-13,-5,-12,-6,-12,-6,-12,-7,-11,-7,-11,-8,-11,-8,-10,-9,-10,-10,-10,-10,-10,-10,-10,-11,-11,-11,-11,-11,-11,-11,-11,-10,-12,-11,-12,-10,-13,-9,-13,-8,-13,-8,-14,0,0,0,0,0,0,0,0,0,0,0,0,0,0,0,0,0,0,0,0,0,0,-5,-10,-5,-11,-4,-11,-3,-12,-3,-13,-1,-13,-1,-14,0,-14,0,-14,1,-14,2,-13,2,-13,2,-13,2,-13,1,-13,1,-12,0,-13,0,-13,-1,-13,-1,-13,-1,-13,-2,-14,-2,-13,-2,-14,-3,-14,-3,-14]"
2025-08-18 22:00:48.696885,CSI_DATA,1375,1a:00:00:00:00:00,-52,11,0,0,0,0,0,0,0,0,0,-94,0,1,0,233677027,0,31,0,128,0,"[0,0,3,13,4,12,4,12,4,12,5,11,5,11,5,11,6,10,6,10,7,9,7,9,8,9,9,9,9,8,9,9,9,9,10,9,10,9,10,9,10,10,10,10,10,11,9,11,9,11,8,11,8,12,0,0,0,0,0,0,0,0,0,0,0,0,0,0,0,0,0,0,0,0,0,0,5,8,5,9,4,11,3,11,3,12,2,13,1,13,1,13,0,13,-1,13,-1,13,-2,13,-1,13,-1,13,-1,12,-1,12,0,12,0,12,1,12,1,12,2,13,2,13,2,13,3,13,3,13,3,13]"
2025-08-18 22:00:48.906349,CSI_DATA,1376,1a:00:00:00:00:00,-52,11,0,0,0,0,0,0,0,0,0,-94,0,1,0,233878198,0,31,0,128,0,"[0,0,-13,0,-12,-1,-13,-1,-12,0,-13,1,-12,1,-12,1,-12,2,-12,3,-11,3,-11,4,-11,4,-11,5,-12,5,-12,6,-12,6,-12,6,-13,6,-13,6,-13,6,-13,6,-13,5,-13,5,-13,5,-13,4,-14,3,0,0,0,0,0,0,0,0,0,0,0,0,0,0,0,0,0,0,0,0,0,0,-10,2,-11,2,-11,0,-12,0,-12,-1,-13,-2,-13,-3,-13,-3,-13,-4,-13,-5,-13,-5,-12,-5,-12,-5,-12,-5,-12,-5,-11,-5,-12,-4,-12,-3,-12,-3,-12,-3,-12,-2,-13,-3,-13,-2,-13,-1,-13,-1,-13,-1]"
2025-08-18 22:00:49.098495,CSI_DATA,1377,1a:00:00:00:00:00,-52,11,0,0,0,0,0,0,0,0,0,-94,0,1,0,234079339,0,31,0,128,0,"[0,0,11,7,11,6,10,6,11,5,11,5,11,4,11,4,11,3,11,2,11,2,12,1,12,1,12,1,12,0,13,-1,13,-1,14,0,14,0,14,0,14,0,14,0,14,1,14,1,14,2,14,2,14,3,0,0,0,0,0,0,0,0,0,0,0,0,0,0,0,0,0,0,0,0,0,0,9,2,10,3,10,5,10,5,10,6,10,7,10,8,9,9,9,9,8,10,8,10,8,10,8,10,8,10,8,9,8,9,8,9,8,8,8,8,9,8,9,8,10,8,10,8,10,8,11,8,11,7]"
2025-08-18 22:00:49.304707,CSI_DATA,1378,1a:00:00:00:00:00,-52,11,0,0,0,0,0,0,0,0,0,-94,0,1,0,234280516,0,31,0,128,0,"[0,0,-11,7,-11,7,-10,7,-10,7,-9,8,-9,8,-8,8,-8,8,-8,9,-7,9,-7,10,-6,10,-6,10,-6,11,-6,11,-5,12,-5,12,-6,12,-6,12,-7,12,-7,12,-7,12,-7,12,-8,12,-8,11,-9,11,0,0,0,0,0,0,0,0,0,0,0,0,0,0,0,0,0,0,0,0,0,0,-7,8,-8,7,-9,7,-10,7,-11,6,-11,6,-12,5,-12,5,-13,4,-13,4,-13,4,-13,3,-13,3,-12,3,-12,3,-12,4,-12,4,-12,4,-12,4,-12,5,-12,5,-12,6,-12,6,-11,7,-11,7,-11,7]"
2025-08-18 22:00:49.510775,CSI_DATA,1379,1a:00:00:00:00:00,-52,11,0,0,0,0,0,0,0,0,0,-94,0,1,0,234481767,0,31,0,128,0,"[0,0,-13,-3,-14,-4,-13,-3,-14,-2,-13,-2,-13,-1,-13,-1,-13,0,-13,1,-13,2,-13,2,-13,3,-13,3,-13,4,-14,4,-14,4,-15,5,-14,4,-15,5,-15,4,-16,4,-16,3,-16,3,-16,2,-16,1,-16,1,0,0,0,0,0,0,0,0,0,0,0,0,0,0,0,0,0,0,0,0,0,0,-11,-1,-11,-2,-12,-3,-12,-4,-13,-5,-12,-5,-12,-6,-12,-7,-12,-8,-12,-8,-11,-8,-11,-9,-11,-8,-11,-8,-11,-7,-11,-7,-11,-7,-12,-6,-11,-6,-12,-6,-12,-5,-13,-5,-13,-5,-13,-4,-13,-5,-13,-4]"
2025-08-18 22:00:49.702987,CSI_DATA,1380,1a:00:00:00:00:00,-51,11,0,0,0,0,0,0,0,0,0,-94,0,1,0,234683107,0,31,0,128,0,"[0,0,5,12,5,11,6,11,6,11,7,11,7,10,7,10,8,9,8,9,8,8,9,8,9,8,10,8,10,8,11,8,11,8,11,8,12,8,12,9,12,9,11,9,11,10,10,10,10,10,9,11,9,11,0,0,0,0,0,0,0,0,0,0,0,0,0,0,0,0,0,0,0,0,0,0,6,7,5,8,5,9,5,10,4,11,3,12,3,12,2,12,2,12,1,12,1,12,0,12,1,12,1,12,1,12,1,11,2,12,2,11,3,12,3,12,4,12,4,12,4,12,5,12,5,12,5,12]"
2025-08-18 22:00:49.909490,CSI_DATA,1381,1a:00:00:00:00:00,-51,11,0,0,0,0,0,0,0,0,0,-94,0,1,0,234884178,0,31,0,128,0,"[0,0,11,-5,10,-6,10,-6,10,-6,10,-7,9,-7,9,-7,9,-8,9,-8,8,-9,8,-9,8,-10,7,-10,7,-11,7,-11,8,-12,8,-11,9,-12,9,-12,9,-12,10,-12,10,-11,10,-10,10,-10,11,-10,11,-9,0,0,0,0,0,0,0,0,0,0,0,0,0,0,0,0,0,0,0,0,0,0,7,-6,8,-5,8,-4,9,-4,10,-4,11,-3,11,-2,11,-2,11,-2,11,-1,11,-1,11,-1,11,-1,11,-1,11,-1,10,-1,11,-2,10,-2,10,-2,11,-3,10,-3,11,-4,10,-4,11,-5,11,-5,11,-5]"
2025-08-18 22:00:49.966363,CSI_DATA,1382,1a:00:00:00:00:00,-52,11,0,0,0,0,0,0,0,0,0,-94,0,1,0,234945251,0,42,0,128,0,"[0,0,3,12,3,12,3,12,4,12,4,11,5,11,5,11,6,11,6,10,6,10,7,10,7,10,8,10,9,10,9,10,9,10,9,11,9,11,10,11,10,12,9,12,9,13,8,13,7,13,6,13,6,14,0,0,0,0,0,0,0,0,0,0,0,0,0,0,0,0,0,0,0,0,0,0,4,8,3,9,3,10,2,10,2,11,1,12,0,12,-1,12,-1,12,-2,12,-2,12,-3,12,-2,12,-2,12,-2,11,-2,11,-1,11,-1,11,0,11,0,11,0,12,1,12,1,12,2,12,2,12,2,12]"
2025-08-18 22:00:50.054780,CSI_DATA,1383,1a:00:00:00:00:00,-51,11,0,0,0,0,0,0,0,0,0,-94,0,1,0,235011751,0,31,0,128,0,"[0,0,-11,-7,-11,-7,-11,-7,-11,-6,-11,-6,-11,-6,-11,-5,-12,-5,-12,-4,-12,-4,-12,-3,-13,-3,-13,-3,-14,-2,-14,-2,-14,-2,-15,-2,-15,-2,-15,-3,-15,-3,-15,-4,-15,-4,-15,-5,-15,-5,-14,-5,-14,-6,0,0,0,0,0,0,0,0,0,0,0,0,0,0,0,0,0,0,0,0,0,0,-9,-4,-9,-5,-9,-7,-9,-7,-9,-8,-8,-9,-8,-10,-8,-10,-7,-11,-7,-11,-7,-11,-6,-11,-6,-11,-6,-10,-6,-10,-7,-10,-7,-9,-7,-9,-8,-9,-8,-9,-8,-9,-9,-9,-9,-8,-10,-8,-10,-8,-10,-8]"
2025-08-18 22:00:50.234449,CSI_DATA,1384,1a:00:00:00:00:00,-51,11,0,0,0,0,0,0,0,0,0,-94,0,1,0,235212798,0,31,0,128,0,"[0,0,3,12,3,12,3,12,4,12,5,11,5,11,5,11,6,11,6,10,7,10,7,10,8,10,9,10,9,10,10,10,9,10,10,11,10,11,10,12,10,12,9,13,9,13,8,13,8,14,7,14,6,14,0,0,0,0,0,0,0,0,0,0,0,0,0,0,0,0,0,0,0,0,0,0,4,8,3,9,3,10,2,10,2,11,1,11,0,12,-1,12,-1,12,-2,12,-2,12,-2,12,-2,12,-2,11,-2,11,-2,11,-1,11,0,11,0,11,0,12,1,12,1,12,1,12,2,12,2,12,3,12]"
2025-08-18 22:00:50.438923,CSI_DATA,1385,1a:00:00:00:00:00,-52,11,0,0,0,0,0,0,0,0,0,-94,0,1,0,235414192,0,31,0,128,0,"[0,0,13,-3,12,-4,12,-4,12,-5,12,-5,12,-5,11,-6,11,-6,11,-7,11,-8,10,-9,10,-9,10,-10,10,-10,10,-11,10,-11,11,-11,12,-11,12,-11,13,-10,12,-10,13,-10,13,-9,13,-9,14,-8,14,-7,0,0,0,0,0,0,0,0,0,0,0,0,0,0,0,0,0,0,0,0,0,0,9,-4,10,-3,10,-3,11,-2,12,-2,12,-1,12,0,13,1,12,1,12,2,12,2,12,2,12,2,11,2,11,2,11,1,11,1,11,0,11,0,12,-1,11,-1,12,-2,12,-2,12,-3,12,-3,13,-3]"
2025-08-18 22:00:50.644576,CSI_DATA,1386,1a:00:00:00:00:00,-52,11,0,0,0,0,0,0,0,0,0,-94,0,1,0,235615201,0,31,0,128,0,"[0,0,-12,-6,-13,-6,-12,-5,-13,-5,-13,-4,-13,-4,-13,-4,-13,-3,-13,-2,-14,-2,-14,-1,-14,-1,-14,0,-15,0,-15,0,-15,1,-16,0,-16,0,-17,0,-17,-1,-17,-1,-17,-2,-17,-3,-16,-3,-16,-4,-16,-5,0,0,0,0,0,0,0,0,0,0,0,0,0,0,0,0,0,0,0,0,0,0,-10,-3,-10,-4,-11,-5,-11,-6,-11,-7,-10,-8,-10,-9,-10,-9,-10,-10,-9,-10,-9,-10,-9,-10,-9,-10,-9,-10,-8,-9,-9,-9,-9,-9,-9,-8,-9,-8,-10,-8,-10,-7,-11,-7,-11,-7,-12,-7,-12,-6,-12,-6]"
2025-08-18 22:00:50.828707,CSI_DATA,1387,1a:00:00:00:00:00,-52,11,0,0,0,0,0,0,0,0,0,-94,0,1,0,235804100,0,28,0,128,0,"[0,0,11,-8,10,-9,9,-9,9,-9,9,-10,9,-10,8,-10,8,-10,7,-11,6,-12,6,-12,5,-13,5,-13,5,-13,5,-14,5,-14,6,-15,6,-15,7,-15,7,-15,8,-15,8,-15,8,-14,8,-14,9,-13,10,-13,0,0,0,0,0,0,0,0,0,0,0,0,0,0,0,0,0,0,0,0,0,0,7,-7,8,-7,9,-7,10,-6,11,-6,11,-6,12,-5,13,-4,13,-4,12,-3,12,-3,12,-3,12,-3,11,-3,11,-3,11,-3,11,-4,11,-4,11,-5,11,-5,11,-5,11,-6,11,-7,10,-7,10,-8,10,-8]"
2025-08-18 22:00:50.863204,CSI_DATA,1388,1a:00:00:00:00:00,-52,11,0,0,0,0,0,0,0,0,0,-94,0,1,0,235816411,0,31,0,128,0,"[0,0,6,11,7,10,7,10,8,10,9,10,8,9,9,8,9,8,9,7,10,7,11,7,11,7,11,6,12,6,13,6,13,6,13,7,14,7,14,7,14,7,14,8,13,8,13,9,12,10,12,10,11,10,0,0,0,0,0,0,0,0,0,0,0,0,0,0,0,0,0,0,0,0,0,0,6,7,6,9,5,9,5,10,4,11,4,12,3,12,3,12,2,13,1,13,1,12,0,12,1,12,1,12,1,12,1,11,2,11,2,11,3,11,4,11,4,11,5,11,5,11,6,11,6,11,6,11]"
2025-08-18 22:00:51.036627,CSI_DATA,1389,1a:00:00:00:00:00,-52,11,0,0,0,0,0,0,0,0,0,-94,0,1,0,236017546,0,31,0,128,0,"[0,0,12,5,11,4,12,4,12,4,12,3,12,2,12,2,12,1,12,1,12,0,12,-1,12,-1,13,-2,13,-2,13,-3,14,-3,14,-3,15,-3,15,-2,15,-2,15,-2,15,-1,15,0,15,0,15,1,15,1,0,0,0,0,0,0,0,0,0,0,0,0,0,0,0,0,0,0,0,0,0,0,9,3,9,4,9,5,9,6,10,7,9,7,9,8,9,9,8,9,8,9,7,9,7,9,7,9,7,9,7,9,7,8,8,8,8,7,8,7,9,7,9,7,10,6,10,6,11,6,11,6,11,5]"
2025-08-18 22:00:51.250277,CSI_DATA,1390,1a:00:00:00:00:00,-52,11,0,0,0,0,0,0,0,0,0,-94,0,1,0,236218675,0,31,0,128,0,"[0,0,-8,-11,-9,-11,-9,-10,-9,-10,-10,-10,-10,-10,-10,-9,-11,-9,-11,-8,-11,-7,-12,-7,-13,-6,-13,-6,-14,-7,-14,-6,-14,-7,-15,-7,-15,-7,-15,-8,-15,-9,-15,-9,-14,-10,-14,-10,-14,-10,-13,-10,-13,-11,0,0,0,0,0,0,0,0,0,0,0,0,0,0,0,0,0,0,0,0,0,0,-8,-7,-8,-8,-8,-9,-7,-10,-7,-11,-6,-12,-5,-13,-5,-13,-4,-13,-4,-13,-4,-13,-3,-13,-4,-13,-4,-12,-4,-12,-4,-12,-4,-12,-5,-12,-5,-12,-6,-12,-6,-12,-6,-12,-7,-11,-8,-11,-8,-11,-8,-11]"
2025-08-18 22:00:51.445874,CSI_DATA,1391,1a:00:00:00:00:00,-52,11,0,0,0,0,0,0,0,0,0,-94,0,1,0,236419865,0,31,0,128,0,"[0,0,-12,5,-12,5,-12,5,-11,6,-11,6,-11,6,-11,7,-10,7,-10,8,-9,8,-9,9,-9,10,-9,10,-9,11,-9,11,-10,12,-9,11,-10,12,-11,12,-11,12,-12,12,-12,11,-12,10,-12,10,-13,9,-13,9,0,0,0,0,0,0,0,0,0,0,0,0,0,0,0,0,0,0,0,0,0,0,-9,5,-10,4,-10,4,-11,3,-11,3,-13,2,-13,1,-13,1,-13,0,-13,0,-13,0,-13,0,-12,0,-12,0,-12,0,-12,0,-12,0,-11,1,-12,1,-12,2,-12,2,-12,2,-12,3,-12,4,-12,4,-12,5]"
2025-08-18 22:00:51.507765,CSI_DATA,1392,1a:00:00:00:00:00,-52,11,0,0,0,0,0,0,0,0,0,-94,0,1,0,236480641,0,42,0,128,0,"[0,0,-13,2,-13,2,-13,3,-13,3,-12,4,-12,4,-12,5,-12,5,-12,6,-11,7,-11,7,-11,8,-11,8,-11,9,-11,9,-12,10,-12,10,-12,10,-13,10,-13,10,-14,10,-14,9,-14,9,-15,8,-15,7,-15,6,0,0,0,0,0,0,0,0,0,0,0,0,0,0,0,0,0,0,0,0,0,0,-10,2,-10,1,-11,0,-11,0,-12,-1,-12,-1,-13,-2,-13,-2,-13,-3,-12,-4,-12,-4,-12,-4,-12,-4,-12,-4,-11,-3,-12,-3,-12,-2,-12,-2,-12,-1,-12,-1,-12,0,-12,0,-13,1,-13,1,-13,1,-13,2]"
2025-08-18 22:00:51.581491,CSI_DATA,1393,1a:00:00:00:00:00,-52,11,0,0,0,0,0,0,0,0,0,-94,0,1,0,236545969,0,31,0,128,0,"[0,0,6,-11,5,-12,5,-12,5,-12,4,-13,4,-12,3,-13,2,-13,2,-13,1,-13,0,-13,0,-14,-1,-14,-1,-15,0,-15,0,-15,-1,-16,0,-16,0,-17,1,-17,1,-17,2,-17,2,-17,2,-17,3,-16,4,-16,0,0,0,0,0,0,0,0,0,0,0,0,0,0,0,0,0,0,0,0,0,0,3,-9,4,-9,5,-9,6,-9,7,-9,8,-9,8,-8,9,-9,9,-8,9,-8,9,-8,9,-7,9,-8,9,-7,8,-7,8,-7,8,-8,8,-8,7,-9,7,-9,7,-9,7,-10,6,-10,6,-11,6,-11,6,-11]"
2025-08-18 22:00:51.769634,CSI_DATA,1394,1a:00:00:00:00:00,-51,11,0,0,0,0,0,0,0,0,0,-94,0,1,0,236747046,0,31,0,128,0,"[0,0,-9,7,-8,6,-8,7,-8,7,-7,7,-7,7,-7,8,-6,8,-6,8,-6,9,-5,9,-5,9,-5,10,-5,11,-5,11,-5,11,-5,11,-6,12,-6,12,-6,12,-7,12,-7,11,-7,11,-8,11,-8,10,-9,10,0,0,0,0,0,0,0,0,0,0,0,0,0,0,0,0,0,0,0,0,0,0,-6,6,-7,6,7,-38,-8,6,-9,5,-10,5,-10,4,-10,4,-10,3,-10,3,-10,3,-10,3,-10,3,-10,2,-10,3,-9,2,-9,3,-9,3,-9,4,-9,4,-9,5,-9,5,-9,5,-9,6,-8,6,-9,6]"
2025-08-18 22:00:51.973663,CSI_DATA,1395,1a:00:00:00:00:00,-52,11,0,0,0,0,0,0,0,0,0,-94,0,1,0,236949873,0,31,0,128,0,"[0,0,-9,9,-8,9,-8,9,-7,9,-7,10,-7,9,-6,10,-6,10,-5,10,-5,11,-5,11,-4,11,-4,12,-4,12,-3,13,-3,13,-3,13,-4,14,-4,14,-5,14,-6,14,-6,14,-6,14,-7,13,-7,13,-8,13,0,0,0,0,0,0,0,0,0,0,0,0,0,0,0,0,0,0,0,0,0,0,-6,7,-6,7,-7,7,-8,7,-9,7,-10,6,-10,6,-11,6,-11,5,-11,4,-11,4,-11,4,-11,4,-11,4,-10,4,-10,4,-10,5,-9,5,-9,5,-9,6,-9,6,-9,7,-9,7,-9,8,-9,8,-8,8]"
2025-08-18 22:00:52.171473,CSI_DATA,1396,1a:00:00:00:00:00,-52,11,0,0,0,0,0,0,0,0,0,-94,0,1,0,237149459,0,31,0,128,0,"[0,0,0,12,0,12,0,12,1,12,2,12,2,12,3,11,3,11,3,11,4,11,5,11,6,11,6,11,7,11,7,12,7,12,7,12,7,13,8,13,7,14,7,14,6,14,6,14,5,15,4,15,3,15,0,0,0,0,0,0,0,0,0,0,0,0,0,0,0,0,0,0,0,0,0,0,1,9,1,10,0,10,-1,11,-2,11,-3,12,-4,12,-4,12,-5,11,-5,11,-6,11,-6,11,-5,11,-5,10,-5,11,-5,10,-4,10,-4,10,-3,11,-3,11,-2,11,-2,11,-2,12,-1,12,-1,12,-1,12]"
2025-08-18 22:00:52.374172,CSI_DATA,1397,1a:00:00:00:00:00,-52,11,0,0,0,0,0,0,0,0,0,-94,0,1,0,237350641,0,31,0,128,0,"[0,0,-9,9,-8,9,-8,9,-7,10,-7,10,-7,10,-6,10,-6,11,-5,11,-5,11,-4,12,-3,12,-3,13,-3,13,-3,13,-3,14,-3,14,-3,15,-4,15,-4,15,-5,15,-5,15,-6,15,-6,14,-7,14,-8,14,0,0,0,0,0,0,0,0,0,0,0,0,0,0,0,0,0,0,0,0,0,0,-5,8,-7,8,-7,8,-8,8,-9,8,-10,7,-11,7,-11,6,-12,6,-12,5,-12,5,-12,5,-11,5,-11,5,-11,5,-11,5,-11,5,-10,6,-10,6,-10,7,-10,7,-9,7,-9,8,-9,8,-9,9,-9,9]"
2025-08-18 22:00:52.578004,CSI_DATA,1398,1a:00:00:00:00:00,-52,11,0,0,0,0,0,0,0,0,0,-94,0,1,0,237551884,0,31,0,128,0,"[0,0,4,-12,3,-12,3,-13,3,-12,2,-13,2,-13,1,-13,0,-13,0,-13,-1,-13,-1,-13,-2,-14,-2,-14,-3,-14,-3,-14,-3,-15,-3,-15,-3,-16,-2,-17,-2,-17,-2,-16,-1,-17,0,-16,0,-17,1,-16,2,-17,0,0,0,0,0,0,0,0,0,0,0,0,0,0,0,0,0,0,0,0,0,0,2,-10,3,-10,3,-11,4,-11,5,-11,6,-11,7,-11,8,-11,8,-10,8,-9,9,-9,9,-9,8,-9,8,-9,8,-9,8,-9,7,-9,7,-9,6,-10,6,-10,6,-10,6,-11,5,-11,5,-11,5,-11,5,-12]"
2025-08-18 22:00:52.778549,CSI_DATA,1399,1a:00:00:00:00:00,-52,11,0,0,0,0,0,0,0,0,0,-94,0,1,0,237753017,0,31,0,128,0,"[0,0,9,8,9,8,9,7,9,7,10,6,10,6,10,5,11,5,11,4,11,4,12,3,12,2,13,2,13,2,13,2,14,2,14,2,15,2,15,3,15,3,15,3,16,4,15,5,15,5,14,6,14,6,0,0,0,0,0,0,0,0,0,0,0,0,0,0,0,0,0,0,0,0,0,0,8,5,8,6,7,7,7,8,7,9,7,9,6,10,6,11,5,11,5,11,4,11,4,11,4,11,4,11,4,11,4,10,5,10,5,9,6,10,6,9,6,9,7,9,7,9,8,9,8,9,9,8]"
2025-08-18 22:00:52.998090,CSI_DATA,1400,1a:00:00:00:00:00,-52,11,0,0,0,0,0,0,0,0,0,-94,0,1,0,237954137,0,31,0,128,0,"[0,0,-11,-8,-11,-8,-11,-7,-12,-7,-12,-6,-12,-6,-12,-5,-12,-4,-12,-4,-13,-3,-13,-3,-14,-2,-14,-2,-15,-2,-15,-1,-15,-1,-16,-1,-16,-1,-17,-2,-17,-2,-17,-2,-17,-3,-17,-4,-16,-4,-16,-5,-16,-6,0,0,0,0,0,0,0,0,0,0,0,0,0,0,0,0,0,0,0,0,0,0,-10,-5,-10,-6,-10,-7,-10,-8,-10,-9,-9,-10,-9,-10,-8,-11,-8,-11,-8,-12,-7,-12,-7,-12,-7,-12,-7,-11,-7,-11,-7,-11,-7,-10,-8,-10,-8,-10,-9,-10,-9,-9,-9,-9,-10,-9,-10,-9,-10,-9,-11,-8]"
2025-08-18 22:00:53.042017,CSI_DATA,1401,1a:00:00:00:00:00,-52,11,0,0,0,0,0,0,0,0,0,-94,0,1,0,238016217,0,42,0,128,0,"[0,0,6,-11,5,-12,5,-12,5,-12,4,-12,3,-12,3,-12,2,-13,1,-13,1,-13,1,-13,0,-13,-1,-14,-1,-14,-1,-15,-2,-15,-1,-16,-1,-16,-1,-17,-1,-17,0,-17,0,-17,1,-17,2,-17,2,-16,3,-16,0,0,0,0,0,0,0,0,0,0,0,0,0,0,0,0,0,0,0,0,0,0,3,-10,4,-10,5,-11,6,-11,7,-11,8,-10,9,-10,9,-10,10,-9,10,-9,10,-8,10,-8,10,-8,9,-8,9,-8,9,-8,9,-8,8,-9,8,-9,8,-10,7,-10,7,-10,7,-11,7,-11,6,-11,6,-12]"
2025-08-18 22:00:53.111659,CSI_DATA,1402,1a:00:00:00:00:00,-52,11,0,0,0,0,0,0,0,0,0,-94,0,1,0,238081675,0,31,0,128,0,"[0,0,-12,-7,-12,-7,-12,-6,-12,-5,-12,-5,-13,-5,-13,-4,-13,-4,-13,-3,-13,-2,-13,-2,-14,-1,-14,-1,-15,0,-15,0,-16,0,-15,0,-16,0,-17,-1,-17,-1,-17,-1,-17,-2,-16,-3,-16,-3,-16,-4,-16,-5,0,0,0,0,0,0,0,0,0,0,0,0,0,0,0,0,0,0,0,0,0,0,-10,-4,-11,-5,-10,-6,-11,-7,-10,-8,-11,-9,-10,-9,-10,-10,-9,-11,-9,-11,-9,-11,-8,-11,-8,-11,-8,-11,-8,-11,-8,-10,-9,-10,-9,-9,-10,-9,-9,-9,-10,-9,-10,-8,-11,-8,-11,-8,-11,-8,-11,-7]"
2025-08-18 22:00:53.327076,CSI_DATA,1403,1a:00:00:00:00:00,-52,11,0,0,0,0,0,0,0,0,0,-94,0,1,0,238283081,0,31,0,128,0,"[0,0,-8,-11,-9,-10,-9,-10,-9,-9,-10,-9,-10,-9,-10,-8,-11,-8,-11,-7,-12,-7,-12,-6,-12,-6,-13,-6,-14,-5,-14,-5,-14,-5,-15,-5,-15,-5,-15,-6,-15,-6,-15,-7,-15,-7,-15,-8,-15,-8,-14,-9,-14,-9,0,0,0,0,0,0,0,0,0,0,0,0,0,0,0,0,0,0,0,0,0,0,-8,-7,-8,-8,-8,-10,-7,-10,-7,-11,-6,-12,-6,-13,-5,-13,-5,-13,-4,-14,-3,-13,-3,-13,-3,-13,-3,-13,-4,-12,-4,-12,-4,-12,-5,-12,-5,-12,-6,-12,-6,-12,-7,-11,-7,-11,-8,-11,-7,-11,-8,-11]"
2025-08-18 22:00:53.505864,CSI_DATA,1404,1a:00:00:00:00:00,-52,11,0,0,0,0,0,0,0,0,0,-94,0,1,0,238484023,0,31,0,128,0,"[0,0,2,12,2,12,2,12,3,12,4,12,4,12,4,11,5,11,5,11,6,10,7,10,8,10,8,10,9,10,9,10,9,11,9,11,10,12,9,12,9,12,9,13,8,13,8,13,7,14,7,14,6,14,0,0,0,0,0,0,0,0,0,0,0,0,0,0,0,0,0,0,0,0,0,0,4,9,3,10,2,10,2,12,1,12,0,13,-1,13,-2,13,-2,13,-3,13,-3,13,-4,12,-3,12,-3,12,-3,12,-2,11,-2,12,-2,11,-1,12,-1,12,-1,12,0,12,0,12,1,13,1,13,1,13]"
2025-08-18 22:00:53.703341,CSI_DATA,1405,1a:00:00:00:00:00,-52,11,0,0,0,0,0,0,0,0,0,-94,0,1,0,238685141,0,31,0,128,0,"[0,0,10,7,10,7,10,6,11,6,11,6,11,5,11,5,11,4,11,3,12,3,12,2,13,2,13,2,13,1,14,1,14,1,15,1,15,1,15,1,15,2,15,3,15,3,15,4,15,4,14,4,14,6,0,0,0,0,0,0,0,0,0,0,0,0,0,0,0,0,0,0,0,0,0,0,9,4,9,5,9,6,9,7,9,8,9,8,9,10,8,10,8,11,7,11,6,11,6,11,6,11,6,10,6,10,6,10,7,9,7,9,8,9,8,9,8,8,8,8,9,8,10,8,9,8,10,7]"
2025-08-18 22:00:53.910409,CSI_DATA,1406,1a:00:00:00:00:00,-52,11,0,0,0,0,0,0,0,0,0,-94,0,1,0,238886303,0,31,0,128,0,"[0,0,9,-7,9,-8,8,-8,8,-8,8,-8,7,-9,7,-9,6,-9,6,-10,6,-10,5,-10,5,-11,5,-11,5,-12,5,-12,5,-13,5,-13,5,-13,6,-13,6,-13,7,-13,7,-13,7,-12,8,-12,8,-12,9,-11,0,0,0,0,0,0,0,0,0,0,0,0,0,0,0,0,0,0,0,0,0,0,6,-7,7,-8,7,-7,8,-7,9,-7,10,-7,11,-5,11,-5,12,-5,11,-4,11,-3,11,-3,11,-3,11,-3,11,-4,10,-3,10,-4,10,-5,10,-5,10,-5,10,-5,10,-6,9,-6,9,-6,10,-7,10,-7]"
2025-08-18 22:00:54.110315,CSI_DATA,1407,1a:00:00:00:00:00,-52,11,0,0,0,0,0,0,0,0,0,-94,0,1,0,239087459,0,31,0,128,0,"[0,0,13,-1,12,-1,12,-1,12,-2,12,-2,12,-3,12,-3,12,-4,11,-5,11,-6,11,-6,11,-7,11,-7,11,-8,12,-8,12,-9,12,-9,13,-9,13,-9,13,-9,14,-8,14,-8,14,-7,14,-7,14,-6,15,-5,0,0,0,0,0,0,0,0,0,0,0,0,0,0,0,0,0,0,0,0,0,0,10,-2,10,-2,11,-1,12,0,12,1,13,2,13,3,13,3,12,4,12,5,12,5,11,5,11,5,11,5,11,4,11,4,11,4,11,3,12,3,12,2,12,2,12,1,12,1,12,1,13,1,13,0]"
2025-08-18 22:00:54.319029,CSI_DATA,1408,1a:00:00:00:00:00,-52,11,0,0,0,0,0,0,0,0,0,-94,0,1,0,239288815,0,31,0,128,0,"[0,0,-12,-7,-12,-6,-12,-6,-12,-5,-13,-5,-12,-5,-12,-4,-13,-3,-13,-2,-13,-2,-13,-1,-13,-1,-14,-1,-14,0,-14,0,-15,1,-15,0,-16,0,-16,0,-16,0,-16,-1,-16,-1,-16,-2,-16,-2,-16,-3,-16,-4,0,0,0,0,0,0,0,0,0,0,0,0,0,0,0,0,0,0,0,0,0,0,-10,-4,-10,-5,-11,-6,-11,-7,-11,-8,-11,-9,-10,-9,-10,-10,-9,-11,-9,-11,-9,-11,-8,-11,-8,-11,-8,-10,-8,-10,-8,-10,-9,-9,-9,-9,-9,-9,-10,-9,-10,-8,-10,-8,-11,-8,-11,-8,-11,-8,-11,-7]"
2025-08-18 22:00:54.526256,CSI_DATA,1409,1a:00:00:00:00:00,-52,11,0,0,0,0,0,0,0,0,0,-94,0,1,0,239489960,0,31,0,128,0,"[0,0,-4,12,-3,12,-3,12,-3,12,-2,12,-2,12,-1,12,0,12,0,12,1,12,2,12,2,12,3,12,3,13,4,13,4,13,4,14,4,14,4,15,3,15,3,15,3,15,2,15,2,15,1,15,0,15,0,0,0,0,0,0,0,0,0,0,0,0,0,0,0,0,0,0,0,0,0,0,-2,10,-3,10,-4,11,-5,11,-5,11,-6,11,-8,11,-8,10,-9,10,-9,10,-9,9,-9,9,-9,9,-8,9,-8,9,-8,9,-8,9,-7,10,-7,10,-6,10,-6,10,-6,11,-6,11,-5,12,-5,12,-5,11]"
2025-08-18 22:00:54.575362,CSI_DATA,1410,1a:00:00:00:00:00,-52,11,0,0,0,0,0,0,0,0,0,-94,0,1,0,239552215,0,42,0,128,0,"[0,0,-7,10,-6,10,-6,10,-5,10,-5,10,-4,11,-4,11,-3,11,-3,11,-2,11,-2,11,-1,12,0,12,0,13,0,13,0,13,0,14,0,14,-1,14,-1,14,-1,14,-2,14,-2,14,-3,14,-3,14,-4,14,0,0,0,0,0,0,0,0,0,0,0,0,0,0,0,0,0,0,0,0,0,0,-4,8,-5,9,-6,9,-6,9,-7,9,-9,8,-9,8,-10,8,-11,8,-10,7,-11,7,-11,6,-10,7,-10,7,-10,6,-10,6,-9,7,-9,7,-8,7,-8,8,-8,8,-8,9,-8,9,-8,9,-7,9,-7,10]"
2025-08-18 22:00:54.647978,CSI_DATA,1411,1a:00:00:00:00:00,-52,11,0,0,0,0,0,0,0,0,0,-94,0,1,0,239619290,0,31,0,128,0,"[0,0,-12,-6,-12,-6,-12,-5,-12,-5,-12,-5,-12,-4,-12,-3,-13,-3,-12,-2,-12,-1,-13,0,-13,0,-13,0,-14,1,-14,1,-14,1,-15,1,-15,1,-16,1,-16,0,-16,0,-16,-1,-16,-1,-16,-1,-16,-2,-16,-3,0,0,0,0,0,0,0,0,0,0,0,0,0,0,0,0,0,0,0,0,0,0,-10,-3,-10,-4,-10,-6,-11,-6,-10,-7,-10,-8,-10,-9,-10,-9,-9,-10,-9,-10,-9,-10,-8,-10,-8,-10,-8,-10,-8,-10,-8,-9,-8,-9,-9,-9,-9,-9,-9,-8,-10,-8,-10,-8,-11,-7,-11,-7,-11,-7,-11,-7]"
2025-08-18 22:00:54.858240,CSI_DATA,1412,1a:00:00:00:00:00,-52,11,0,0,0,0,0,0,0,0,0,-94,0,1,0,239820385,0,31,0,128,0,"[0,0,-9,10,-8,9,-8,10,-7,10,-7,10,-6,10,-6,11,-5,11,-5,11,-4,11,-4,12,-3,12,-3,13,-3,13,-3,13,-3,14,-2,14,-3,15,-3,15,-4,15,-4,15,-5,15,-5,15,-5,15,-6,14,-7,14,0,0,0,0,0,0,0,0,0,0,0,0,0,0,0,0,0,0,0,0,0,0,-5,9,-7,9,-7,8,-8,8,-9,8,-10,8,-11,7,-12,7,-12,7,-12,6,-12,6,-12,5,-12,5,-11,5,-11,5,-11,5,-11,6,-10,6,-10,6,-10,7,-10,7,-10,8,-10,8,-9,9,-9,9,-9,9]"
2025-08-18 22:00:55.050683,CSI_DATA,1413,1a:00:00:00:00:00,-52,11,0,0,0,0,0,0,0,0,0,-94,0,1,0,240021815,0,31,0,128,0,"[0,0,-11,-6,-12,-5,-11,-5,-12,-5,-12,-4,-12,-4,-12,-3,-12,-2,-12,-2,-13,-1,-13,-1,-13,0,-13,0,-13,0,-14,1,-14,1,-14,1,-15,1,-15,0,-16,0,-15,0,-15,-1,-15,-1,-15,-2,-15,-2,-15,-3,0,0,0,0,0,0,0,0,0,0,0,0,0,0,0,0,0,0,0,0,0,0,-10,-3,-10,-4,-10,-5,-10,-6,-10,-7,-10,-7,-10,-8,-10,-9,-9,-9,-9,-10,-8,-10,-8,-10,-8,-10,-8,-10,-8,-9,-8,-9,-8,-9,-9,-8,-9,-8,-9,-8,-10,-7,-10,-7,-10,-7,-11,-7,-11,-6,-11,-6]"
2025-08-18 22:00:55.247447,CSI_DATA,1414,1a:00:00:00:00:00,-52,11,0,0,0,0,0,0,0,0,0,-94,0,1,0,240222676,0,31,0,128,0,"[0,0,12,-5,11,-5,11,-6,11,-6,11,-7,10,-7,10,-7,10,-8,9,-8,9,-9,9,-10,8,-10,8,-11,8,-11,8,-12,9,-12,9,-12,10,-13,10,-13,10,-13,10,-12,11,-12,11,-11,11,-11,12,-10,13,-10,0,0,0,0,0,0,0,0,0,0,0,0,0,0,0,0,0,0,0,0,0,0,8,-6,10,-5,10,-4,11,-4,11,-4,12,-3,13,-2,13,-1,13,0,13,0,13,1,12,1,12,1,12,0,12,0,12,0,12,-1,11,-1,12,-2,12,-2,12,-2,12,-3,12,-3,12,-3,12,-4,12,-4]"
2025-08-18 22:00:55.453046,CSI_DATA,1415,1a:00:00:00:00:00,-52,11,0,0,0,0,0,0,0,0,0,-94,0,1,0,240424055,0,31,0,128,0,"[0,0,-2,-13,-3,-13,-3,-13,-3,-13,-4,-13,-4,-12,-5,-12,-5,-12,-6,-12,-7,-12,-7,-11,-8,-11,-9,-11,-9,-11,-9,-12,-10,-12,-10,-12,-10,-13,-10,-13,-10,-14,-9,-14,-9,-14,-9,-15,-8,-15,-7,-15,-7,-15,0,0,0,0,0,0,0,0,0,0,0,0,0,0,0,0,0,0,0,0,0,0,-3,-10,-3,-11,-2,-12,-1,-12,-1,-13,0,-13,1,-13,2,-13,3,-13,3,-13,3,-13,3,-13,3,-13,3,-13,3,-12,3,-12,2,-12,2,-12,1,-12,1,-13,0,-13,0,-13,-1,-13,-1,-13,-2,-13,-2,-13]"
2025-08-18 22:00:55.648882,CSI_DATA,1416,1a:00:00:00:00:00,-52,11,0,0,0,0,0,0,0,0,0,-94,0,1,0,240625444,0,31,0,128,0,"[0,0,12,-1,12,-2,12,-2,12,-3,12,-3,11,-4,11,-4,11,-5,11,-6,11,-6,11,-7,10,-7,11,-8,10,-9,11,-9,11,-10,11,-10,12,-10,12,-10,12,-10,13,-10,13,-9,13,-8,14,-8,14,-7,14,-7,0,0,0,0,0,0,0,0,0,0,0,0,0,0,0,0,0,0,0,0,0,0,9,-2,10,-2,11,-1,11,0,12,1,12,1,13,2,12,3,12,3,12,4,12,4,11,5,11,5,11,4,11,4,11,3,11,3,11,2,11,2,12,1,12,1,12,1,12,0,12,0,13,0,13,-1]"
2025-08-18 22:00:55.849482,CSI_DATA,1417,1a:00:00:00:00:00,-52,11,0,0,0,0,0,0,0,0,0,-94,0,1,0,240826308,0,31,0,128,0,"[0,0,13,-1,12,-1,12,-2,12,-2,12,-3,11,-3,11,-4,11,-4,11,-5,11,-6,11,-6,11,-7,11,-7,11,-8,11,-9,11,-9,12,-9,12,-9,13,-9,13,-9,13,-8,14,-8,14,-7,14,-7,14,-6,15,-5,0,0,0,0,0,0,0,0,0,0,0,0,0,0,0,0,0,0,0,0,0,0,9,-4,10,-3,11,-2,11,-1,12,-1,12,0,13,1,13,2,13,3,12,3,12,4,12,4,12,4,11,4,11,3,11,3,11,3,11,2,11,2,12,1,12,1,12,1,12,0,13,0,12,0,13,-1]"
2025-08-18 22:00:56.059417,CSI_DATA,1418,1a:00:00:00:00:00,-52,11,0,0,0,0,0,0,0,0,0,-94,0,1,0,241027441,0,31,0,128,0,"[0,0,-5,-13,-6,-13,-6,-12,-6,-12,-7,-12,-7,-12,-8,-11,-8,-11,-8,-10,-9,-10,-10,-10,-10,-9,-11,-9,-11,-9,-12,-9,-12,-9,-13,-10,-12,-10,-13,-10,-13,-11,-12,-11,-12,-12,-12,-12,-11,-12,-11,-12,-10,-13,0,0,0,0,0,0,0,0,0,0,0,0,0,0,0,0,0,0,0,0,0,0,-6,-9,-5,-10,-5,-11,-4,-12,-4,-13,-3,-13,-2,-14,-2,-14,-1,-14,-1,-14,0,-14,0,-13,0,-14,0,-13,-1,-13,-1,-13,-1,-13,-2,-13,-2,-13,-3,-13,-3,-13,-3,-13,-4,-13,-4,-13,-4,-13,-5,-13]"
2025-08-18 22:00:56.119157,CSI_DATA,1419,1a:00:00:00:00:00,-52,11,0,0,0,0,0,0,0,0,0,-94,0,1,0,241088266,0,42,0,128,0,"[0,0,-8,-11,-9,-11,-9,-11,-9,-10,-9,-10,-10,-9,-10,-9,-10,-8,-11,-8,-11,-7,-12,-7,-12,-7,-13,-7,-13,-6,-14,-6,-14,-6,-15,-7,-15,-7,-15,-7,-15,-7,-15,-8,-14,-9,-14,-9,-14,-10,-13,-10,-13,-11,0,0,0,0,0,0,0,0,0,0,0,0,0,0,0,0,0,0,0,0,0,0,-8,-7,-8,-8,-8,-9,-8,-10,-7,-11,-6,-12,-6,-13,-5,-13,-5,-13,-4,-13,-4,-13,-3,-13,-3,-13,-3,-13,-3,-12,-4,-12,-4,-12,-5,-12,-5,-12,-6,-12,-6,-12,-6,-12,-7,-12,-7,-12,-8,-12,-7,-11]"
2025-08-18 22:00:56.179297,CSI_DATA,1420,1a:00:00:00:00:00,-52,11,0,0,0,0,0,0,0,0,0,-94,0,1,0,241154038,0,31,0,128,0,"[0,0,6,-12,5,-12,5,-12,5,-12,4,-13,4,-12,3,-13,2,-13,2,-13,1,-13,0,-13,-1,-14,-1,-14,-1,-15,-1,-14,-1,-15,-1,-15,-1,-16,-1,-16,0,-16,0,-17,1,-16,1,-16,1,-16,2,-16,3,-16,0,0,0,0,0,0,0,0,0,0,0,0,0,0,0,0,0,0,0,0,0,0,2,-10,4,-11,4,-10,6,-11,6,-11,8,-11,8,-10,9,-10,9,-10,9,-9,10,-9,10,-9,9,-9,9,-9,9,-9,9,-8,8,-9,8,-9,8,-10,7,-10,7,-10,7,-11,7,-11,6,-12,6,-12,7,-12]"
2025-08-18 22:00:56.388054,CSI_DATA,1421,1a:00:00:00:00:00,-52,11,0,0,0,0,0,0,0,0,0,-94,0,1,0,241355160,0,31,0,128,0,"[0,0,3,12,4,12,4,11,4,11,5,11,5,11,6,10,6,10,7,10,7,9,8,9,9,9,9,9,10,9,10,9,10,9,11,10,11,10,11,10,11,11,10,11,10,12,9,12,9,13,8,13,7,14,0,0,0,0,0,0,0,0,0,0,0,0,0,0,0,0,0,0,0,0,0,0,4,9,4,9,4,10,3,11,2,12,1,12,0,13,0,13,-1,13,-1,13,-2,13,-2,12,-2,12,-2,12,-1,12,-1,12,-1,12,0,12,0,12,1,12,1,12,2,12,2,12,2,12,3,13,3,12]"
2025-08-18 22:00:56.581517,CSI_DATA,1422,1a:00:00:00:00:00,-52,11,0,0,0,0,0,0,0,0,0,-94,0,1,0,241558097,0,31,0,128,0,"[0,0,-4,12,-4,12,-4,12,-3,12,-2,12,-2,12,-2,12,-1,12,0,12,0,12,1,12,2,12,2,13,2,13,3,13,3,13,3,14,3,14,2,15,2,15,1,15,1,15,1,15,0,15,0,15,-1,15,0,0,0,0,0,0,0,0,0,0,0,0,0,0,0,0,0,0,0,0,0,0,-1,10,-2,10,-3,11,-4,11,-4,12,-6,11,-7,12,-7,11,-8,11,-8,11,-9,10,-9,10,-8,10,-8,10,-8,9,-8,10,-7,10,-7,10,-7,10,-6,11,-6,11,-6,11,-5,12,-5,12,-5,12,-4,12]"
2025-08-18 22:00:56.776298,CSI_DATA,1423,1a:00:00:00:00:00,-52,11,0,0,0,0,0,0,0,0,0,-94,0,1,0,241757597,0,31,0,128,0,"[0,0,8,9,9,9,9,8,9,7,9,7,9,7,9,7,10,6,10,5,11,5,11,4,11,4,12,3,12,3,13,3,13,3,14,3,14,4,14,4,14,4,14,5,14,6,13,6,13,6,13,6,12,7,0,0,0,0,0,0,0,0,0,0,0,0,0,0,0,0,0,0,0,0,0,0,8,5,8,6,8,7,8,8,8,9,7,10,6,11,6,11,5,12,5,12,5,12,4,12,4,12,4,11,4,11,4,10,5,10,5,10,5,10,6,10,6,10,7,10,7,10,8,9,8,9,8,9]"
2025-08-18 22:00:56.981174,CSI_DATA,1424,1a:00:00:00:00:00,-52,11,0,0,0,0,0,0,0,0,0,-94,0,1,0,241958766,0,31,0,128,0,"[0,0,-2,13,-1,12,-1,13,0,12,0,12,1,12,1,12,2,12,2,12,3,11,3,11,4,11,5,12,5,12,5,12,6,12,6,12,6,13,6,13,6,13,5,14,5,14,4,14,4,14,3,14,2,15,0,0,0,0,0,0,0,0,0,0,0,0,0,0,0,0,0,0,0,0,0,0,1,9,0,10,0,11,-1,12,-2,12,-3,12,-4,12,-4,12,-5,12,-5,12,-6,12,-6,11,-6,11,-6,11,-6,11,-5,11,-5,11,-4,11,-4,11,-3,12,-3,12,-3,12,-3,12,-2,13,-2,13,-2,13]"
2025-08-18 22:00:57.183796,CSI_DATA,1425,1a:00:00:00:00:00,-52,11,0,0,0,0,0,0,0,0,0,-94,0,1,0,242159897,0,31,0,128,0,"[0,0,10,-7,9,-8,9,-8,9,-8,9,-8,8,-9,8,-9,7,-9,7,-10,6,-10,6,-10,6,-11,6,-12,5,-12,5,-12,5,-13,5,-13,6,-13,6,-14,6,-14,7,-14,7,-13,8,-13,8,-12,9,-12,9,-11,0,0,0,0,0,0,0,0,0,0,0,0,0,0,0,0,0,0,0,0,0,0,6,-8,7,-8,8,-7,9,-7,10,-6,11,-6,11,-6,12,-5,12,-4,12,-3,12,-3,12,-3,12,-3,11,-3,11,-3,11,-3,11,-4,10,-4,11,-5,10,-5,10,-6,10,-6,10,-6,11,-6,10,-7,11,-7]"
2025-08-18 22:00:57.386475,CSI_DATA,1426,1a:00:00:00:00:00,-52,11,0,0,0,0,0,0,0,0,0,-94,0,1,0,242361143,0,31,0,128,0,"[0,0,7,-11,6,-11,6,-11,6,-12,5,-12,5,-12,4,-12,4,-12,3,-12,2,-13,1,-13,1,-13,0,-14,0,-14,0,-15,0,-15,0,-15,1,-16,1,-16,1,-16,2,-16,2,-16,2,-16,3,-16,3,-15,4,-15,0,0,0,0,0,0,0,0,0,0,0,0,0,0,0,0,0,0,0,0,0,0,4,-10,5,-10,6,-11,7,-10,7,-11,9,-10,10,-10,10,-9,11,-9,11,-8,11,-8,11,-8,10,-8,10,-8,10,-8,10,-8,9,-8,9,-9,9,-9,9,-9,9,-9,8,-10,8,-11,8,-11,7,-11,8,-11]"
2025-08-18 22:00:57.600777,CSI_DATA,1427,1a:00:00:00:00:00,-52,11,0,0,0,0,0,0,0,0,0,-94,0,1,0,242562328,0,31,0,128,0,"[0,0,13,-3,12,-4,12,-4,12,-5,11,-5,11,-5,11,-6,11,-6,10,-7,10,-8,10,-8,9,-9,9,-9,9,-10,10,-11,10,-11,10,-11,10,-11,11,-11,11,-11,12,-11,12,-10,12,-10,12,-9,12,-9,13,-8,0,0,0,0,0,0,0,0,0,0,0,0,0,0,0,0,0,0,0,0,0,0,9,-6,10,-5,11,-4,11,-3,12,-3,13,-2,13,-1,13,-1,14,0,13,1,13,1,13,1,13,1,13,1,12,1,12,0,12,0,12,-1,12,-1,12,-1,12,-1,13,-2,12,-3,13,-3,13,-3,13,-4]"
2025-08-18 22:00:57.642904,CSI_DATA,1428,1a:00:00:00:00:00,-52,11,0,0,0,0,0,0,0,0,0,-94,0,1,0,242624180,0,42,0,128,0,"[0,0,11,5,10,5,10,5,11,3,11,3,11,3,11,2,11,2,11,1,11,0,11,0,12,0,12,-1,12,-1,12,-2,13,-2,13,-1,13,-2,14,-2,14,-2,14,-1,14,0,13,0,14,1,13,1,13,2,0,0,0,0,0,0,0,0,0,0,0,0,0,0,0,0,0,0,0,0,0,0,9,2,9,3,9,4,9,5,9,5,10,7,9,7,9,8,9,8,8,9,8,9,7,9,7,9,7,9,8,9,7,8,8,7,8,7,8,7,9,6,9,7,10,6,10,6,10,6,10,6,10,6]"
2025-08-18 22:00:57.717688,CSI_DATA,1429,1a:00:00:00:00:00,-52,11,0,0,0,0,0,0,0,0,0,-94,0,1,0,242690516,0,31,0,128,0,"[0,0,-14,1,-14,1,-13,2,-13,2,-13,2,-12,3,-12,3,-12,4,-12,5,-11,5,-11,6,-11,6,-11,7,-11,8,-11,8,-11,8,-12,8,-12,8,-13,8,-13,8,-13,8,-13,8,-13,7,-14,7,-14,6,-14,5,0,0,0,0,0,0,0,0,0,0,0,0,0,0,0,0,0,0,0,0,0,0,-10,3,-11,3,-12,2,-12,1,-13,1,-13,-1,-14,-1,-14,-2,-14,-3,-13,-3,-13,-4,-13,-4,-13,-4,-13,-4,-13,-3,-12,-3,-13,-3,-13,-2,-13,-2,-13,-1,-13,-1,-13,-1,-14,0,-13,0,-13,0,-13,1]"
2025-08-18 22:00:57.918769,CSI_DATA,1430,1a:00:00:00:00:00,-52,11,0,0,0,0,0,0,0,0,0,-94,0,1,0,242891295,0,31,0,128,0,"[0,0,-14,0,-13,0,-13,0,-13,1,-13,1,-13,2,-12,2,-12,3,-12,3,-12,4,-12,5,-12,5,-12,6,-12,6,-12,7,-12,7,-12,7,-13,8,-14,7,-14,7,-14,7,-14,7,-13,5,-14,6,-14,5,-15,4,0,0,0,0,0,0,0,0,0,0,0,0,0,0,0,0,0,0,0,0,0,0,-10,2,-11,1,-12,0,-13,0,-13,-1,-14,-2,-14,-3,-14,-3,-13,-4,-13,-5,-13,-5,-13,-5,-12,-5,-12,-5,-12,-5,-12,-4,-13,-4,-12,-3,-13,-3,-13,-3,-13,-2,-13,-2,-13,-1,-14,-1,-14,-1,-14,-1]"
2025-08-18 22:00:58.118437,CSI_DATA,1431,1a:00:00:00:00:00,-52,11,0,0,0,0,0,0,0,0,0,-94,0,1,0,243093919,0,31,0,128,0,"[0,0,-10,9,-10,8,-9,8,-9,9,-8,9,-8,9,-7,9,-7,10,-7,10,-6,11,-6,11,-5,11,-5,12,-5,12,-5,12,-5,13,-5,14,-5,14,-5,14,-6,14,-6,14,-6,14,-7,13,-8,13,-8,12,-9,12,0,0,0,0,0,0,0,0,0,0,0,0,0,0,0,0,0,0,0,0,0,0,-6,8,-7,8,-8,8,-9,8,-10,7,-11,7,-12,7,-12,6,-13,5,-13,5,-13,4,-13,4,-12,4,-12,4,-12,4,-12,4,-12,5,-11,5,-11,5,-11,6,-11,6,-11,7,-11,7,-11,8,-11,8,-10,8]"
2025-08-18 22:00:58.318835,CSI_DATA,1432,1a:00:00:00:00:00,-52,11,0,0,0,0,0,0,0,0,0,-94,0,1,0,243293605,0,31,0,128,0,"[0,0,-12,5,-12,5,-11,5,-11,6,-11,6,-11,7,-10,7,-10,7,-9,8,-9,8,-9,9,-8,9,-8,10,-8,10,-8,11,-8,11,-8,12,-9,12,-9,12,-9,12,-10,12,-10,11,-10,11,-11,11,-11,10,-12,9,0,0,0,0,0,0,0,0,0,0,0,0,0,0,0,0,0,0,0,0,0,0,-9,6,-10,5,-11,5,-11,4,-12,4,-13,3,-14,3,-14,2,-14,1,-14,0,-14,0,-14,0,-13,0,-13,0,-13,0,-13,1,-13,1,-13,2,-13,2,-13,2,-12,3,-13,3,-13,4,-13,4,-13,4,-12,5]"
2025-08-18 22:00:58.524938,CSI_DATA,1433,1a:00:00:00:00:00,-52,11,0,0,0,0,0,0,0,0,0,-94,0,1,0,243494817,0,31,0,128,0,"[0,0,-6,-11,-7,-11,-7,-11,-7,-10,-7,-10,-8,-9,-9,-9,-9,-8,-9,-8,-10,-8,-10,-8,-10,-7,-11,-7,-11,-7,-12,-6,-12,-6,-13,-7,-13,-7,-13,-7,-13,-7,-13,-7,-13,-8,-12,-8,-12,-9,-11,-9,-11,-10,0,0,0,0,0,0,0,0,0,0,0,0,0,0,0,0,0,0,0,0,0,0,-7,-9,-6,-9,-6,-10,-5,-11,-5,-12,-4,-12,-4,-13,-4,-13,-3,-13,-2,-14,-1,-13,-1,-13,-1,-13,-1,-13,-2,-12,-2,-12,-3,-12,-3,-12,-4,-12,-4,-12,-5,-12,-5,-12,-5,-12,-5,-12,-5,-12,-6,-12]"
2025-08-18 22:00:58.718365,CSI_DATA,1434,1a:00:00:00:00:00,-52,11,0,0,0,0,0,0,0,0,0,-94,0,1,0,243696030,0,31,0,128,0,"[0,0,13,1,12,1,12,0,12,0,12,-1,12,-1,12,-2,12,-3,11,-3,12,-4,11,-4,11,-5,12,-5,11,-6,12,-6,12,-7,13,-6,13,-7,13,-7,14,-6,14,-6,14,-5,14,-5,14,-4,14,-4,14,-3,0,0,0,0,0,0,0,0,0,0,0,0,0,0,0,0,0,0,0,0,0,0,10,-3,11,-2,11,-1,12,0,12,1,13,1,13,3,13,3,13,4,12,5,12,5,12,5,11,5,11,5,11,5,11,5,11,4,12,4,12,3,12,3,12,2,13,2,13,2,13,2,13,2,13,1]"
2025-08-18 22:00:58.915690,CSI_DATA,1435,1a:00:00:00:00:00,-52,11,0,0,0,0,0,0,0,0,0,-94,0,1,0,243897387,0,31,0,128,0,"[0,0,9,8,9,8,9,7,10,7,10,6,10,6,10,6,11,5,10,4,11,3,11,3,12,2,12,2,12,2,13,2,13,2,14,2,14,2,14,3,14,3,14,3,14,4,14,4,14,5,13,5,13,6,0,0,0,0,0,0,0,0,0,0,0,0,0,0,0,0,0,0,0,0,0,0,9,4,9,5,9,6,9,7,9,8,9,9,8,10,8,10,7,11,7,11,6,11,6,11,6,11,6,11,6,11,6,10,6,10,7,9,7,10,8,10,8,9,8,9,8,9,9,9,9,9,10,8]"
2025-08-18 22:00:59.190950,CSI_DATA,1436,1a:00:00:00:00:00,-52,11,0,0,0,0,0,0,0,0,0,-94,0,1,0,244099834,0,31,0,128,0,"[0,0,-4,-13,-5,-13,-5,-13,-5,-12,-6,-12,-6,-12,-7,-11,-7,-11,-8,-11,-8,-10,-9,-10,-10,-10,-10,-10,-11,-10,-11,-9,-11,-10,-12,-10,-11,-10,-12,-10,-12,-11,-11,-11,-11,-12,-11,-12,-10,-12,-10,-12,-9,-13,0,0,0,0,0,0,0,0,0,0,0,0,0,0,0,0,0,0,0,0,0,0,-6,-10,-5,-11,-5,-12,-4,-12,-4,-13,-3,-14,-2,-14,-1,-14,-1,-15,0,-14,0,-14,1,-14,1,-14,0,-14,0,-13,0,-13,0,-13,-1,-13,-1,-13,-2,-13,-2,-13,-2,-14,-3,-13,-3,-13,-4,-13,-4,-13]"
2025-08-18 22:00:59.198161,CSI_DATA,1437,1a:00:00:00:00:00,-52,11,0,0,0,0,0,0,0,0,0,-94,0,1,0,244160214,0,42,0,128,0,"[0,0,-11,-8,-12,-8,-11,-7,-12,-7,-12,-6,-12,-6,-12,-5,-12,-4,-12,-3,-13,-3,-13,-3,-13,-2,-13,-2,-14,-1,-14,0,-14,-1,-15,-1,-15,-1,-16,-1,-16,-1,-16,-1,-16,-2,-16,-3,-16,-4,-15,-4,-15,-5,0,0,0,0,0,0,0,0,0,0,0,0,0,0,0,0,0,0,0,0,0,0,-10,-5,-10,-6,-11,-7,-10,-8,-11,-9,-10,-9,-10,-10,-10,-11,-9,-11,-8,-12,-8,-12,-7,-12,-7,-12,-8,-12,-8,-11,-8,-11,-8,-10,-9,-10,-9,-10,-10,-10,-10,-10,-10,-9,-11,-9,-11,-9,-11,-9,-11,-8]"
2025-08-18 22:00:59.247737,CSI_DATA,1438,1a:00:00:00:00:00,-52,11,0,0,0,0,0,0,0,0,0,-94,0,1,0,244225176,0,31,0,128,0,"[0,0,13,1,12,0,12,0,12,-1,12,-1,12,-1,12,-2,11,-2,11,-3,11,-4,11,-5,11,-5,11,-6,11,-6,12,-7,12,-7,12,-7,13,-7,13,-7,14,-7,14,-6,14,-6,14,-5,14,-5,14,-4,14,-3,0,0,0,0,0,0,0,0,0,0,0,0,0,0,0,0,0,0,0,0,0,0,10,-2,11,-2,11,-1,12,0,13,1,12,2,13,3,13,3,13,4,12,5,12,5,11,5,11,5,12,5,11,5,11,4,11,4,12,3,11,3,12,3,12,3,12,2,13,2,13,2,13,2,13,1]"
2025-08-18 22:00:59.451345,CSI_DATA,1439,1a:00:00:00:00:00,-52,11,0,0,0,0,0,0,0,0,0,-94,0,1,0,244426359,0,31,0,128,0,"[0,0,13,-2,12,-3,12,-3,12,-3,12,-4,11,-4,11,-5,11,-6,10,-7,10,-7,10,-7,10,-8,10,-8,9,-9,10,-10,10,-10,10,-10,11,-11,11,-11,11,-11,12,-10,12,-10,12,-9,12,-9,13,-8,13,-8,0,0,0,0,0,0,0,0,0,0,0,0,0,0,0,0,0,0,0,0,0,0,10,-4,10,-3,11,-2,12,-2,12,-1,13,0,13,0,13,1,13,2,13,3,13,3,12,3,12,3,12,3,12,2,12,2,12,1,12,1,12,1,12,0,12,0,12,-1,13,-1,13,-1,13,-1,13,-2]"
2025-08-18 22:00:59.667935,CSI_DATA,1440,1a:00:00:00:00:00,-52,11,0,0,0,0,0,0,0,0,0,-94,0,1,0,244627489,0,31,0,128,0,"[0,0,-14,1,-13,1,-13,2,-13,2,-13,3,-12,3,-12,3,-12,4,-12,5,-12,6,-11,6,-11,7,-11,7,-11,7,-11,8,-12,8,-12,9,-12,9,-13,9,-13,8,-13,8,-13,8,-14,7,-14,7,-14,6,-15,6,0,0,0,0,0,0,0,0,0,0,0,0,0,0,0,0,0,0,0,0,0,0,-11,3,-11,3,-12,2,-13,1,-13,0,-14,-1,-14,-2,-14,-2,-14,-3,-14,-4,-14,-4,-13,-4,-13,-4,-13,-4,-13,-4,-13,-3,-13,-3,-13,-2,-13,-2,-13,-2,-13,-1,-14,-1,-14,0,-14,0,-14,0,-13,1]"
2025-08-18 22:00:59.849550,CSI_DATA,1441,1a:00:00:00:00:00,-52,11,0,0,0,0,0,0,0,0,0,-94,0,1,0,244828621,0,31,0,128,0,"[0,0,11,5,12,4,11,4,12,4,11,3,11,3,11,2,12,1,12,1,12,0,12,-1,12,-1,12,-1,12,-2,13,-2,13,-3,14,-2,14,-2,15,-2,15,-2,15,-1,15,-1,15,0,15,0,15,1,15,2,0,0,0,0,0,0,0,0,0,0,0,0,0,0,0,0,0,0,0,0,0,0,10,1,10,2,11,3,11,4,12,5,11,6,11,7,11,7,10,8,10,9,9,9,9,9,9,9,9,9,9,8,9,8,9,7,10,7,10,7,10,7,10,6,11,6,11,6,11,6,11,6,11,5]"
2025-08-18 22:01:00.054648,CSI_DATA,1442,1a:00:00:00:00:00,-52,11,0,0,0,0,0,0,0,0,0,-94,0,1,0,245030020,0,31,0,128,0,"[0,0,7,-11,6,-11,6,-12,5,-11,4,-12,4,-11,4,-12,3,-12,2,-12,2,-12,1,-13,0,-13,0,-14,0,-14,0,-14,0,-15,-1,-15,0,-16,0,-16,0,-16,1,-17,1,-16,1,-16,2,-15,3,-16,4,-16,0,0,0,0,0,0,0,0,0,0,0,0,0,0,0,0,0,0,0,0,0,0,3,-10,4,-11,5,-10,6,-11,7,-10,8,-11,9,-10,10,-10,10,-9,10,-9,10,-8,10,-8,10,-8,10,-8,10,-8,9,-8,9,-9,8,-9,8,-9,8,-9,8,-10,8,-10,7,-10,7,-11,7,-11,7,-11]"
2025-08-18 22:01:00.252708,CSI_DATA,1443,1a:00:00:00:00:00,-52,11,0,0,0,0,0,0,0,0,0,-94,0,1,0,245231090,0,31,0,128,0,"[0,0,0,13,1,12,1,12,2,12,3,12,3,11,3,11,4,11,4,10,5,10,5,10,6,10,7,10,7,10,8,11,8,10,9,11,8,11,8,12,8,12,8,12,7,13,7,13,6,14,6,13,5,14,0,0,0,0,0,0,0,0,0,0,0,0,0,0,0,0,0,0,0,0,0,0,3,9,2,10,2,11,1,11,0,12,-1,12,-2,13,-2,13,-3,13,-4,13,-4,12,-4,12,-4,12,-4,12,-4,12,-4,11,-3,11,-3,12,-2,12,-2,12,-2,12,-1,12,-1,13,0,13,0,13,0,12]"
2025-08-18 22:01:00.455361,CSI_DATA,1444,1a:00:00:00:00:00,-52,11,0,0,0,0,0,0,0,0,0,-94,0,1,0,245432284,0,31,0,128,0,"[0,0,12,-1,12,-2,12,-2,12,-2,12,-3,11,-3,11,-4,11,-4,11,-5,11,-6,10,-6,10,-7,10,-7,10,-8,11,-9,10,-9,11,-9,11,-9,12,-9,12,-9,12,-9,13,-8,13,-8,13,-7,13,-7,14,-6,0,0,0,0,0,0,0,0,0,0,0,0,0,0,0,0,0,0,0,0,0,0,10,-3,10,-2,11,-2,11,-1,12,0,12,1,13,2,13,2,13,3,13,4,12,4,12,4,12,4,11,4,11,3,12,3,11,3,12,2,11,2,12,2,12,1,12,1,13,0,12,0,12,0,13,-1]"
2025-08-18 22:01:00.716145,CSI_DATA,1445,1a:00:00:00:00:00,-52,11,0,0,0,0,0,0,0,0,0,-94,0,1,0,245633441,0,31,0,128,0,"[0,0,9,-9,8,-10,7,-10,7,-10,7,-10,6,-11,6,-11,5,-11,5,-11,4,-12,4,-12,3,-13,2,-13,2,-13,2,-14,2,-14,2,-15,3,-15,3,-15,3,-15,4,-15,4,-15,4,-15,5,-15,5,-14,6,-14,0,0,0,0,0,0,0,0,0,0,0,0,0,0,0,0,0,0,0,0,0,0,5,-10,6,-10,7,-10,8,-9,9,-9,10,-9,11,-8,11,-8,11,-7,12,-7,12,-6,12,-6,11,-6,11,-6,11,-6,11,-6,10,-7,10,-7,10,-7,10,-8,10,-8,9,-8,9,-9,9,-9,9,-9,9,-10]"
2025-08-18 22:01:00.721394,CSI_DATA,1446,1a:00:00:00:00:00,-52,11,0,0,0,0,0,0,0,0,0,-94,0,1,0,245696196,0,42,0,128,0,"[0,0,8,10,9,9,9,9,9,8,9,8,9,8,10,7,10,7,10,6,10,5,11,4,12,4,12,4,12,3,13,3,13,3,13,3,14,3,14,4,14,4,14,5,14,5,14,6,14,6,13,6,13,7,0,0,0,0,0,0,0,0,0,0,0,0,0,0,0,0,0,0,0,0,0,0,8,5,8,7,8,8,8,9,8,10,7,11,6,12,6,12,5,12,5,12,4,12,4,12,4,12,4,12,4,12,4,11,5,11,5,11,6,11,6,11,6,11,7,10,7,10,8,10,8,10,8,10]"
2025-08-18 22:01:00.787568,CSI_DATA,1447,1a:00:00:00:00:00,-52,11,0,0,0,0,0,0,0,0,0,-94,0,1,0,245761811,0,31,0,128,0,"[0,0,-10,10,-9,9,-9,10,-8,10,-8,10,-7,10,-7,10,-6,11,-6,11,-5,11,-4,12,-4,12,-3,12,-3,13,-3,13,-3,14,-2,14,-3,15,-4,15,-4,15,-4,15,-5,15,-5,14,-5,14,-6,14,-7,14,0,0,0,0,0,0,0,0,0,0,0,0,0,0,0,0,0,0,0,0,0,0,-6,9,-7,9,-8,9,-9,9,-10,9,-11,9,-12,8,-12,8,-13,7,-13,6,-13,6,-13,6,-13,6,-12,6,-12,6,-12,6,-12,6,-11,6,-11,7,-11,7,-11,8,-11,8,-10,8,-10,9,-10,9,-10,10]"
2025-08-18 22:01:00.991645,CSI_DATA,1448,1a:00:00:00:00:00,-52,11,0,0,0,0,0,0,0,0,0,-94,0,1,0,245963006,0,31,0,128,0,"[0,0,9,8,9,8,9,8,9,7,10,7,10,6,10,6,10,5,11,5,11,4,11,3,12,3,12,3,12,2,13,2,13,2,13,2,14,2,14,3,14,3,14,4,14,4,14,4,14,5,13,5,13,6,0,0,0,0,0,0,0,0,0,0,0,0,0,0,0,0,0,0,0,0,0,0,9,5,9,5,9,7,9,8,9,9,8,10,8,10,7,11,7,11,6,11,6,12,5,11,6,11,5,11,6,11,5,10,6,10,7,10,7,10,7,10,8,10,8,10,8,9,9,9,9,9,9,9]"
2025-08-18 22:01:01.186045,CSI_DATA,1449,1a:00:00:00:00:00,-52,11,0,0,0,0,0,0,0,0,0,-94,0,1,0,246164174,0,31,0,128,0,"[0,0,12,4,12,4,12,3,12,2,13,2,12,2,12,1,12,0,12,0,12,-1,12,-1,12,-2,12,-3,13,-3,13,-4,13,-4,13,-3,14,-3,14,-4,15,-3,15,-2,15,-2,14,-2,15,-1,15,-1,15,0,0,0,0,0,0,0,0,0,0,0,0,0,0,0,0,0,0,0,0,0,0,0,10,0,11,1,11,2,11,3,12,4,12,5,12,6,11,7,11,7,10,8,10,8,10,8,10,8,10,8,10,8,9,7,10,7,10,6,10,6,11,6,11,6,11,5,11,5,12,5,12,4,12,4]"
2025-08-18 22:01:01.390060,CSI_DATA,1450,1a:00:00:00:00:00,-52,11,0,0,0,0,0,0,0,0,0,-94,0,1,0,246365341,0,31,0,128,0,"[0,0,-12,7,-11,6,-11,6,-10,7,-10,7,-10,7,-9,7,-9,8,-9,9,-8,9,-8,9,-7,10,-7,10,-7,11,-7,11,-7,12,-7,12,-8,12,-8,12,-8,12,-9,12,-9,12,-9,11,-9,11,-10,11,-11,10,0,0,0,0,0,0,0,0,0,0,0,0,0,0,0,0,0,0,0,0,0,0,-8,7,-9,7,-10,6,-11,6,-11,5,-13,5,-13,4,-14,4,-14,3,-14,3,-14,2,-13,2,-13,2,-13,2,-13,2,-13,2,-13,3,-12,3,-12,3,-12,4,-12,4,-12,4,-12,5,-12,5,-12,6,-12,6]"
2025-08-18 22:01:01.590857,CSI_DATA,1451,1a:00:00:00:00:00,-52,11,0,0,0,0,0,0,0,0,0,-94,0,1,0,246566578,0,31,0,128,0,"[0,0,-5,12,-4,12,-4,12,-3,12,-3,12,-2,12,-2,12,-1,12,-1,12,0,12,1,12,1,12,2,12,2,12,2,13,3,13,3,14,3,14,2,14,2,14,1,14,1,15,1,14,0,15,0,14,-1,14,0,0,0,0,0,0,0,0,0,0,0,0,0,0,0,0,0,0,0,0,0,0,-1,10,-2,11,-3,11,-4,11,-5,12,-6,12,-7,12,-8,11,-8,11,-8,11,-9,10,-9,10,-9,10,-8,10,-8,10,-8,9,-8,10,-7,10,-7,10,-6,11,-6,11,-6,11,-6,11,-5,12,-5,12,-5,12]"
2025-08-18 22:01:01.794905,CSI_DATA,1452,1a:00:00:00:00:00,-52,11,0,0,0,0,0,0,0,0,0,-94,0,1,0,246767694,0,31,0,128,0,"[0,0,4,-13,3,-13,3,-13,2,-13,1,-13,1,-13,1,-13,0,-13,-1,-13,-1,-13,-2,-13,-3,-13,-3,-13,-4,-14,-4,-14,-4,-14,-4,-14,-4,-15,-4,-15,-3,-15,-3,-16,-3,-16,-3,-15,-2,-16,-1,-15,0,-16,0,0,0,0,0,0,0,0,0,0,0,0,0,0,0,0,0,0,0,0,0,0,0,-11,1,-11,2,-12,3,-12,4,-12,5,-12,6,-12,7,-12,8,-12,7,-12,8,-11,8,-11,8,-11,7,-11,7,-11,7,-11,6,-11,6,-11,6,-11,6,-12,5,-12,5,-12,4,-13,4,-13,4,-13,4,-13]"
2025-08-18 22:01:01.988373,CSI_DATA,1453,1a:00:00:00:00:00,-52,11,0,0,0,0,0,0,0,0,0,-94,0,1,0,246968826,0,31,0,128,0,"[0,0,11,7,10,6,11,6,10,6,11,6,11,5,11,4,11,4,11,3,11,2,12,2,12,2,13,1,13,1,13,0,14,0,14,0,14,0,15,1,15,1,15,1,15,2,14,2,14,3,14,4,14,5,0,0,0,0,0,0,0,0,0,0,0,0,0,0,0,0,0,0,0,0,0,0,9,3,10,4,10,5,10,6,10,7,10,8,9,9,9,9,8,10,8,10,7,11,7,11,7,10,7,10,7,10,7,9,7,9,8,8,8,9,9,8,9,8,10,8,9,8,10,8,10,8,11,7]"
2025-08-18 22:01:02.206366,CSI_DATA,1454,1a:00:00:00:00:00,-52,11,0,0,0,0,0,0,0,0,0,-94,0,1,0,247170165,0,31,0,128,0,"[0,0,5,-12,4,-12,4,-12,4,-13,3,-13,3,-12,2,-13,1,-13,1,-13,0,-13,0,-13,-1,-13,-1,-13,-2,-14,-2,-14,-2,-14,-2,-15,-2,-15,-2,-15,-1,-16,-1,-15,-1,-16,0,-15,0,-16,1,-15,2,-15,0,0,0,0,0,0,0,0,0,0,0,0,0,0,0,0,0,0,0,0,0,0,1,-11,2,-11,3,-12,4,-12,5,-12,6,-12,7,-12,8,-11,8,-11,9,-10,9,-10,9,-10,9,-10,9,-10,8,-10,8,-10,8,-10,7,-10,7,-11,7,-11,6,-11,6,-12,6,-12,6,-12,6,-12,6,-12]"
2025-08-18 22:01:02.262464,CSI_DATA,1455,1a:00:00:00:00:00,-52,11,0,0,0,0,0,0,0,0,0,-94,0,1,0,247232166,0,42,0,128,0,"[0,0,-4,-13,-5,-13,-4,-12,-5,-12,-6,-12,-6,-11,-6,-11,-7,-11,-7,-10,-8,-10,-8,-10,-9,-9,-10,-9,-10,-9,-10,-9,-11,-9,-11,-10,-11,-10,-11,-10,-11,-10,-11,-11,-10,-11,-10,-12,-10,-12,-9,-12,-9,-13,0,0,0,0,0,0,0,0,0,0,0,0,0,0,0,0,0,0,0,0,0,0,-5,-9,-5,-10,-4,-11,-4,-12,-3,-13,-2,-13,-1,-14,-1,-14,0,-14,0,-14,1,-14,1,-13,1,-13,1,-13,0,-13,1,-13,0,-13,0,-13,-1,-13,-1,-13,-2,-13,-2,-13,-3,-13,-4,-13,-3,-13,-4,-13]"
2025-08-18 22:01:02.329343,CSI_DATA,1456,1a:00:00:00:00:00,-52,11,0,0,0,0,0,0,0,0,0,-94,0,1,0,247297583,0,31,0,128,0,"[0,0,-10,-9,-11,-9,-11,-8,-11,-8,-11,-7,-11,-7,-12,-6,-12,-6,-12,-5,-12,-4,-12,-4,-13,-4,-13,-3,-14,-3,-14,-2,-14,-2,-15,-3,-15,-3,-15,-3,-15,-3,-15,-4,-15,-4,-15,-5,-15,-5,-15,-5,-15,-6,0,0,0,0,0,0,0,0,0,0,0,0,0,0,0,0,0,0,0,0,0,0,-10,-6,-10,-7,-10,-8,-9,-9,-10,-10,-9,-10,-9,-11,-8,-12,-8,-12,-7,-13,-7,-12,-6,-12,-6,-12,-6,-12,-7,-12,-7,-11,-7,-11,-8,-11,-8,-11,-8,-11,-8,-11,-9,-10,-10,-10,-10,-10,-10,-10,-10,-10]"
2025-08-18 22:01:02.536150,CSI_DATA,1457,1a:00:00:00:00:00,-51,11,0,0,0,0,0,0,0,0,0,-94,0,1,0,247498781,0,31,0,128,0,"[0,0,-8,-9,-8,-9,-8,-8,-9,-8,-9,-8,-9,-7,-9,-7,-9,-6,-10,-5,-10,-5,-10,-5,-10,-5,-11,-5,-11,-4,-12,-3,-12,-3,-13,-4,-13,-4,-13,-4,-13,-4,-13,-5,-13,-5,-12,-6,-12,-6,-12,-6,-12,-7,0,0,0,0,0,0,0,0,0,0,0,0,0,0,0,0,0,0,0,0,0,0,-7,-4,-5,-10,-7,-11,-8,-10,-11,-11,-6,-4,-10,-8,-9,-11,-8,-12,-5,-13,-5,-12,-4,-12,-4,-11,-4,-11,-5,-10,-5,-10,-5,-10,-6,-10,-6,-10,-6,-10,-6,-10,-7,-9,-7,-10,-7,-10,-7,-10,-8,-9]"
2025-08-18 22:01:02.720699,CSI_DATA,1458,1a:00:00:00:00:00,-52,11,0,0,0,0,0,0,0,0,0,-94,0,1,0,247699897,0,31,0,128,0,"[0,0,2,12,2,12,3,11,3,11,4,11,3,11,5,11,5,10,5,10,6,10,6,9,7,9,8,9,8,9,8,9,9,9,9,10,9,10,9,11,9,11,8,11,8,12,8,12,8,12,6,12,6,13,0,0,0,0,0,0,0,0,0,0,0,0,0,0,0,0,0,0,0,0,0,0,4,9,4,10,3,10,2,11,2,12,1,12,0,13,-1,13,-1,13,-2,13,-3,13,-3,12,-3,12,-2,12,-2,12,-2,11,-1,12,-1,11,-1,12,0,12,0,12,1,12,1,12,1,12,1,12,2,12]"
2025-08-18 22:01:02.920885,CSI_DATA,1459,1a:00:00:00:00:00,-52,11,0,0,0,0,0,0,0,0,0,-94,0,1,0,247901028,0,31,0,128,0,"[0,0,6,11,6,11,6,11,7,10,7,10,7,9,8,9,9,9,9,8,9,8,10,7,10,7,11,7,11,7,12,7,12,7,12,7,13,7,13,7,13,8,12,8,12,9,12,9,11,9,11,10,10,10,0,0,0,0,0,0,0,0,0,0,0,0,0,0,0,0,0,0,0,0,0,0,6,7,6,8,6,9,5,10,5,11,4,11,3,12,3,13,2,13,2,13,1,13,1,13,1,13,1,12,1,12,2,12,2,12,2,11,3,12,4,12,4,12,4,12,5,11,5,12,5,12,6,11]"
2025-08-18 22:01:03.127402,CSI_DATA,1460,1a:00:00:00:00:00,-52,11,0,0,0,0,0,0,0,0,0,-94,0,1,0,248102462,0,31,0,128,0,"[0,0,-12,5,-12,5,-11,5,-11,5,-10,5,-10,6,-10,6,-9,6,-9,7,-8,8,-8,8,-7,9,-7,9,-7,9,-7,10,-7,10,-7,10,-8,11,-8,11,-8,11,-9,10,-9,10,-9,10,-9,10,-10,10,-10,9,0,0,0,0,0,0,0,0,0,0,0,0,0,0,0,0,0,0,0,0,0,0,-8,6,-9,5,-10,5,-10,4,-11,4,-12,4,-13,3,-13,2,-13,1,-13,1,-13,1,-13,1,-12,1,-12,1,-12,1,-12,1,-12,1,-12,2,-12,2,-12,3,-12,3,-12,3,-12,4,-12,4,-12,4,-12,4]"
2025-08-18 22:01:03.329430,CSI_DATA,1461,1a:00:00:00:00:00,-51,11,0,0,0,0,0,0,0,0,0,-94,0,1,0,248303553,0,31,0,128,0,"[0,0,5,-12,5,-12,4,-13,4,-12,3,-13,3,-13,2,-12,2,-13,2,-13,1,-13,0,-13,-1,-13,-1,-13,-1,-14,-1,-14,-2,-14,-2,-14,-2,-15,-1,-15,-1,-15,0,-15,0,-15,0,-15,0,-15,1,-15,2,-15,0,0,0,0,0,0,0,0,0,0,0,0,0,0,0,0,0,0,0,0,0,0,1,-10,2,-11,3,-11,4,-11,5,-11,6,-11,7,-11,7,-11,8,-10,8,-10,8,-10,8,-10,8,-10,8,-9,8,-10,7,-9,7,-10,7,-10,7,-11,6,-11,6,-11,6,-11,6,-12,5,-12,5,-12,5,-13]"
2025-08-18 22:01:03.524573,CSI_DATA,1462,1a:00:00:00:00:00,-51,11,0,0,0,0,0,0,0,0,0,-94,0,1,0,248504733,0,31,0,128,0,"[0,0,5,12,5,12,5,11,6,11,6,10,6,10,7,10,7,9,7,9,8,8,8,8,9,8,9,8,10,7,10,7,10,7,11,8,10,8,11,8,11,8,10,8,10,9,10,9,9,9,9,10,8,10,0,0,0,0,0,0,0,0,0,0,0,0,0,0,0,0,0,0,0,0,0,0,6,7,6,8,6,10,5,10,5,11,4,11,3,13,3,13,2,13,2,13,1,13,1,13,1,13,1,13,1,12,1,12,2,12,2,12,3,12,3,12,3,12,4,12,4,12,4,12,4,12,5,12]"
2025-08-18 22:01:03.731027,CSI_DATA,1463,1a:00:00:00:00:00,-51,11,0,0,0,0,0,0,0,0,0,-94,0,1,0,248705805,0,31,0,128,0,"[0,0,-8,12,-7,11,-7,12,-6,11,-5,12,-5,11,-4,11,-4,11,-3,11,-3,11,-2,12,-1,11,-1,12,-1,12,-1,12,0,13,0,13,0,13,-1,13,-1,14,-1,13,-1,14,-2,13,-2,13,-3,13,-3,13,0,0,0,0,0,0,0,0,0,0,0,0,0,0,0,0,0,0,0,0,0,0,-3,10,-4,10,-5,10,-6,11,-6,10,-8,11,-9,11,-9,10,-10,10,-10,9,-10,9,-10,9,-10,9,-10,9,-10,9,-9,9,-9,9,-9,9,-8,10,-8,10,-8,11,-8,11,-8,11,-8,12,-8,12,-8,12]"
2025-08-18 22:01:03.797342,CSI_DATA,1464,1a:00:00:00:00:00,-52,11,0,0,0,0,0,0,0,0,0,-94,0,1,0,248769374,0,42,0,128,0,"[0,0,-14,-1,-14,-1,-13,0,-13,0,-13,0,-13,0,-13,1,-12,2,-12,2,-12,3,-12,4,-12,4,-12,5,-12,5,-13,6,-13,6,-13,6,-13,6,-14,6,-14,6,-14,6,-14,5,-14,5,-14,5,-15,4,-15,3,0,0,0,0,0,0,0,0,0,0,0,0,0,0,0,0,0,0,0,0,0,0,-10,2,-11,1,-11,0,-12,-1,-12,-2,-13,-2,-13,-3,-13,-4,-13,-5,-13,-5,-13,-5,-12,-5,-12,-5,-12,-5,-12,-5,-12,-5,-12,-4,-12,-4,-13,-4,-13,-3,-13,-3,-13,-3,-14,-2,-14,-2,-14,-2,-14,-2]"
2025-08-18 22:01:03.861665,CSI_DATA,1465,1a:00:00:00:00:00,-51,11,0,0,0,0,0,0,0,0,0,-94,0,1,0,248833783,0,31,0,128,0,"[0,0,-13,-1,-13,0,-12,0,-13,0,-12,1,-12,1,-12,1,-12,2,-12,3,-11,3,-11,4,-11,4,-11,5,-11,5,-11,6,-11,6,-12,6,-12,6,-12,7,-12,6,-13,6,-13,5,-13,5,-13,5,-13,4,-14,3,0,0,0,0,0,0,0,0,0,0,0,0,0,0,0,0,0,0,0,0,0,0,-10,2,-11,1,-12,0,-12,-1,-13,-2,-13,-2,-13,-3,-13,-4,-13,-4,-13,-5,-13,-5,-12,-5,-12,-5,-12,-5,-12,-5,-12,-5,-12,-4,-12,-3,-12,-3,-12,-3,-12,-2,-13,-2,-13,-2,-13,-2,-13,-2,-13,-1]"
2025-08-18 22:01:04.062040,CSI_DATA,1466,1a:00:00:00:00:00,-52,11,0,0,0,0,0,0,0,0,0,-94,0,1,0,249034879,0,31,0,128,0,"[0,0,-12,5,-11,5,-11,6,-11,6,-10,7,-10,7,-10,8,-9,8,-9,8,-8,9,-8,9,-7,10,-7,10,-7,11,-7,12,-7,12,-8,12,-8,12,-8,13,-8,13,-9,11,-7,9,-7,11,-9,12,-10,11,-11,11,0,0,0,0,0,0,0,0,0,0,0,0,0,0,0,0,0,0,0,0,0,0,-9,5,-10,5,-10,4,-11,4,-12,3,-12,3,-13,2,-13,1,-13,1,-13,0,-13,0,-13,0,-13,0,-13,0,-12,0,-12,0,-12,1,-12,1,-12,2,-12,2,-12,3,-12,3,-12,4,-12,4,-12,4,-12,5]"
2025-08-18 22:01:04.255746,CSI_DATA,1467,1a:00:00:00:00:00,-52,11,0,0,0,0,0,0,0,0,0,-94,0,1,0,249236020,0,31,0,128,0,"[0,0,10,7,11,7,10,6,11,6,11,5,11,5,11,4,11,4,12,3,12,2,12,2,12,1,12,1,13,0,13,-1,13,-1,14,-1,14,-1,14,-1,14,-1,15,-1,15,0,15,0,15,0,15,4,13,5,0,0,0,0,0,0,0,0,0,0,0,0,0,0,0,0,0,0,0,0,0,0,9,5,9,6,10,7,9,8,9,9,9,9,9,10,8,11,8,11,7,12,6,12,6,12,6,12,6,11,6,11,7,10,7,10,8,10,8,9,9,9,9,9,9,9,10,9,10,8,10,8,10,8]"
2025-08-18 22:01:04.457226,CSI_DATA,1468,1a:00:00:00:00:00,-52,11,0,0,0,0,0,0,0,0,0,-94,0,1,0,249437368,0,31,0,128,0,"[0,0,3,12,3,12,3,12,4,12,4,12,5,11,5,11,5,10,6,10,6,10,7,9,8,9,8,9,9,9,9,9,9,9,9,10,10,10,10,10,10,11,9,11,9,12,8,12,8,12,7,12,7,13,0,0,0,0,0,0,0,0,0,0,0,0,0,0,0,0,0,0,0,0,0,0,4,8,4,9,4,10,3,11,2,12,2,12,1,12,0,13,0,13,-1,13,-1,12,-2,12,-1,12,-1,12,-1,12,-1,12,-1,12,0,12,1,12,1,12,1,12,2,12,2,12,2,12,2,13,3,13]"
2025-08-18 22:01:04.666979,CSI_DATA,1469,1a:00:00:00:00:00,-52,11,0,0,0,0,0,0,0,0,0,-94,0,1,0,249638479,0,31,0,128,0,"[0,0,-1,-13,-2,-14,-2,-13,-3,-13,-3,-13,-3,-13,-4,-12,-5,-12,-5,-12,-6,-12,-6,-11,-7,-11,-8,-11,-8,-11,-9,-11,-9,-11,-10,-12,-9,-12,-9,-13,-9,-13,-8,-13,-8,-14,-8,-14,-7,-14,-7,-14,-6,-15,0,0,0,0,0,0,0,0,0,0,0,0,0,0,0,0,0,0,0,0,0,0,-3,-10,-3,-11,-3,-12,-2,-12,-1,-13,0,-13,1,-14,2,-14,2,-14,3,-14,3,-13,3,-13,3,-13,3,-13,3,-12,2,-13,2,-12,2,-13,1,-13,1,-13,0,-13,0,-14,0,-14,-1,-14,-1,-14,-1,-14]"
2025-08-18 22:01:04.862574,CSI_DATA,1470,1a:00:00:00:00:00,-52,11,0,0,0,0,0,0,0,0,0,-94,0,1,0,249839632,0,31,0,128,0,"[0,0,12,0,11,-1,12,-1,11,-1,11,-2,11,-2,11,-3,11,-3,10,-4,10,-5,10,-5,10,-6,10,-6,11,-7,11,-7,11,-7,11,-7,12,-8,13,-7,13,-7,13,-6,13,-6,13,-6,13,-5,13,-5,14,-4,0,0,0,0,0,0,0,0,0,0,0,0,0,0,0,0,0,0,0,0,0,0,9,-3,10,-2,10,-1,10,0,11,0,11,1,11,2,11,3,11,3,11,3,11,4,11,4,10,4,11,4,11,3,10,3,11,3,11,2,11,2,11,2,11,2,12,1,12,1,12,1,12,0,12,0]"
2025-08-18 22:01:05.066305,CSI_DATA,1471,1a:00:00:00:00:00,-52,11,0,0,0,0,0,0,0,0,0,-94,0,1,0,250040773,0,31,0,128,0,"[0,0,-10,10,-9,10,-8,10,-8,10,-7,11,-7,11,-6,11,-5,11,-5,11,-4,11,-4,12,-4,12,-4,12,-3,12,-3,12,-3,13,-3,13,-3,14,-3,14,-3,14,-4,14,-4,13,-4,13,-5,13,-6,13,-6,13,0,0,0,0,0,0,0,0,0,0,0,0,0,0,0,0,0,0,0,0,0,0,-4,9,-5,10,-6,10,-7,10,-8,9,-9,10,-10,9,-11,9,-11,9,-11,8,-12,8,-12,7,-11,7,-11,7,-11,7,-11,7,-11,8,-10,8,-10,8,-10,9,-10,9,-9,9,-10,10,-9,10,-9,10,-9,10]"
2025-08-18 22:01:05.274183,CSI_DATA,1472,1a:00:00:00:00:00,-52,11,0,0,0,0,0,0,0,0,0,-94,0,1,0,250241928,0,31,0,128,0,"[0,0,12,-3,12,-4,12,-4,12,-4,11,-5,11,-5,10,-6,10,-6,10,-7,9,-8,9,-8,8,-9,8,-9,8,-10,9,-10,9,-10,9,-11,9,-11,10,-11,10,-11,10,-11,11,-10,10,-10,11,-10,11,-9,12,-9,0,0,0,0,0,0,0,0,0,0,0,0,0,0,0,0,0,0,0,0,0,0,9,-6,10,-5,11,-5,11,-4,12,-3,13,-3,13,-2,14,-1,14,0,13,0,13,0,13,0,13,1,13,0,12,0,12,0,12,0,12,-1,12,-1,12,-1,12,-2,12,-2,13,-3,13,-3,13,-3,13,-4]"
2025-08-18 22:01:05.334832,CSI_DATA,1473,1a:00:00:00:00:00,-52,11,0,0,0,0,0,0,0,0,0,-94,0,1,0,250304166,0,42,0,128,0,"[0,0,-5,-12,-5,-12,-5,-12,-5,-11,-6,-11,-6,-11,-7,-11,-8,-10,-8,-10,-9,-9,-9,-9,-10,-9,-10,-9,-11,-9,-11,-8,-11,-8,-12,-9,-12,-9,-12,-9,-12,-9,-12,-10,-11,-11,-11,-11,-11,-11,-10,-11,-10,-11,0,0,0,0,0,0,0,0,0,0,0,0,0,0,0,0,0,0,0,0,0,0,-6,-9,-5,-11,-5,-11,-4,-12,-4,-13,-3,-14,-2,-14,-2,-14,-1,-14,0,-14,0,-14,0,-14,0,-14,0,-13,0,-13,0,-13,-1,-13,-1,-13,-2,-13,-2,-13,-2,-13,-3,-13,-4,-13,-4,-13,-4,-13,-4,-13]"
2025-08-18 22:01:05.389333,CSI_DATA,1474,1a:00:00:00:00:00,-52,11,0,0,0,0,0,0,0,0,0,-94,0,1,0,250369788,0,31,0,128,0,"[0,0,8,9,9,9,9,8,9,8,10,8,9,8,10,7,10,6,10,6,11,5,11,5,12,4,12,4,12,4,13,4,13,4,13,4,14,4,14,5,14,5,14,5,13,6,13,6,13,7,12,7,12,8,0,0,0,0,0,0,0,0,0,0,0,0,0,0,0,0,0,0,0,0,0,0,8,5,9,6,8,7,8,8,8,9,8,10,7,11,7,11,6,12,5,12,5,12,5,12,5,12,5,11,5,11,5,11,5,11,5,10,6,10,6,10,7,10,7,10,7,10,8,10,8,10,8,9]"
2025-08-18 22:01:05.596582,CSI_DATA,1475,1a:00:00:00:00:00,-52,11,0,0,0,0,0,0,0,0,0,-94,0,1,0,250571045,0,31,0,128,0,"[0,0,12,-5,11,-5,11,-6,11,-6,11,-7,10,-7,10,-7,10,-8,9,-8,9,-9,9,-9,8,-10,8,-10,8,-10,9,-11,9,-11,9,-11,9,-12,9,-11,10,-11,10,-11,10,-11,10,-10,11,-10,11,-9,12,-9,0,0,0,0,0,0,0,0,0,0,0,0,0,0,0,0,0,0,0,0,0,0,8,-7,9,-7,10,-6,11,-5,11,-5,13,-4,13,-3,13,-3,14,-2,13,-1,13,-1,13,-1,13,-1,12,-1,13,-1,12,-1,13,-1,12,-2,12,-2,12,-3,12,-3,12,-4,12,-4,13,-4,12,-5,12,-5]"
2025-08-18 22:01:05.806822,CSI_DATA,1476,1a:00:00:00:00:00,-52,11,0,0,0,0,0,0,0,0,0,-94,0,1,0,250772117,0,31,0,128,0,"[0,0,12,-4,12,-4,11,-4,12,-5,11,-5,11,-5,11,-6,10,-6,10,-7,10,-7,10,-8,9,-8,9,-9,9,-9,9,-10,9,-10,9,-10,10,-10,10,-11,10,-10,11,-10,11,-10,11,-9,11,-9,12,-8,12,-7,0,0,0,0,0,0,0,0,0,0,0,0,0,0,0,0,0,0,0,0,0,0,9,-5,9,-5,10,-4,11,-3,11,-3,12,-2,12,-1,12,0,12,0,12,1,12,1,12,1,12,1,11,1,11,1,11,0,11,0,11,-1,11,-1,11,-2,11,-2,12,-2,12,-3,12,-3,12,-3,12,-4]"
2025-08-18 22:01:06.003904,CSI_DATA,1477,1a:00:00:00:00:00,-52,11,0,0,0,0,0,0,0,0,0,-94,0,1,0,250973279,0,31,0,128,0,"[0,0,-9,-11,-9,-11,-9,-11,-9,-11,-10,-10,-10,-10,-10,-10,-10,-9,-11,-8,-11,-7,-11,-7,-12,-7,-12,-7,-13,-6,-13,-6,-13,-6,-14,-6,-14,-6,-14,-7,-14,-7,-14,-7,-13,-8,-13,-8,-13,-8,-12,-9,-12,-10,0,0,0,0,0,0,0,0,0,0,0,0,0,0,0,0,0,0,0,0,0,0,-9,-7,-9,-8,-9,-9,-9,-10,-8,-11,-8,-11,-7,-12,-7,-13,-6,-13,-6,-13,-5,-13,-5,-13,-5,-13,-5,-13,-5,-13,-5,-12,-6,-12,-6,-12,-7,-12,-7,-12,-7,-12,-8,-12,-8,-12,-9,-12,-9,-12,-9,-12]"
2025-08-18 22:01:06.201248,CSI_DATA,1478,1a:00:00:00:00:00,-52,11,0,0,0,0,0,0,0,0,0,-94,0,1,0,251175797,0,31,0,128,0,"[0,0,-11,9,-11,9,-10,9,-10,9,-9,10,-9,10,-8,10,-8,10,-8,10,-7,11,-7,11,-6,12,-6,12,-5,12,-6,13,-5,13,-6,13,-6,13,-6,14,-6,14,-7,13,-7,13,-7,13,-8,13,-8,12,-9,12,0,0,0,0,0,0,0,0,0,0,0,0,0,0,0,0,0,0,0,0,0,0,-6,8,-7,8,-9,8,-9,8,-10,7,-11,7,-12,6,-12,6,-13,6,-13,5,-13,5,-13,5,-12,5,-12,5,-12,5,-12,5,-12,5,-11,6,-11,6,-11,7,-11,7,-11,8,-11,8,-11,8,-11,9,-11,9]"
2025-08-18 22:01:06.403682,CSI_DATA,1479,1a:00:00:00:00:00,-52,11,0,0,0,0,0,0,0,0,0,-94,0,1,0,251375620,0,31,0,128,0,"[0,0,-15,-1,-15,-2,-14,-1,-14,-1,-14,0,-13,0,-14,1,-13,1,-13,2,-13,3,-13,3,-13,3,-13,4,-13,4,-13,5,-13,5,-14,5,-14,5,-14,5,-14,4,-15,4,-14,3,-14,3,-14,2,-14,2,-14,1,0,0,0,0,0,0,0,0,0,0,0,0,0,0,0,0,0,0,0,0,0,0,-10,2,-11,1,-11,0,-12,0,-12,-1,-13,-2,-13,-3,-13,-3,-13,-4,-13,-4,-13,-4,-13,-5,-12,-5,-13,-5,-13,-4,-12,-4,-13,-4,-13,-3,-13,-3,-14,-2,-14,-3,-14,-3,-15,-2,-15,-2,-15,-2,-15,-1]"
2025-08-18 22:01:06.607465,CSI_DATA,1480,1a:00:00:00:00:00,-52,11,0,0,0,0,0,0,0,0,0,-94,0,1,0,251576834,0,31,0,128,0,"[0,0,-8,-12,-9,-12,-9,-11,-9,-11,-9,-11,-9,-10,-9,-10,-10,-9,-10,-8,-10,-8,-11,-8,-11,-8,-11,-7,-12,-7,-12,-7,-12,-7,-12,-7,-13,-7,-13,-8,-13,-8,-12,-8,-12,-9,-11,-9,-11,-9,-11,-9,-10,-10,0,0,0,0,0,0,0,0,0,0,0,0,0,0,0,0,0,0,0,0,0,0,-8,-6,-8,-7,-8,-8,-8,-9,-8,-10,-7,-11,-7,-11,-7,-12,-6,-12,-6,-13,-5,-13,-5,-13,-5,-13,-5,-12,-5,-12,-5,-12,-6,-12,-6,-12,-7,-12,-7,-12,-7,-12,-8,-12,-8,-12,-8,-12,-8,-12,-8,-12]"
2025-08-18 22:01:06.809113,CSI_DATA,1481,1a:00:00:00:00:00,-52,11,0,0,0,0,0,0,0,0,0,-94,0,1,0,251778178,0,31,0,128,0,"[0,0,-11,-9,-11,-9,-11,-9,-11,-9,-12,-8,-11,-7,-12,-7,-12,-6,-12,-6,-12,-5,-12,-5,-13,-4,-13,-4,-13,-4,-14,-3,-14,-3,-14,-4,-14,-4,-15,-4,-14,-4,-14,-4,-14,-5,-13,-5,-13,-6,-13,-6,-13,-6,0,0,0,0,0,0,0,0,0,0,0,0,0,0,0,0,0,0,0,0,0,0,-9,-4,-10,-5,-10,-6,-10,-7,-10,-8,-10,-9,-10,-10,-9,-10,-9,-11,-8,-11,-8,-11,-8,-11,-8,-11,-8,-11,-8,-11,-8,-11,-9,-10,-9,-10,-9,-10,-10,-10,-10,-10,-10,-10,-11,-10,-11,-10,-11,-10,-11,-10]"
2025-08-18 22:01:06.859374,CSI_DATA,1482,1a:00:00:00:00:00,-52,11,0,0,0,0,0,0,0,0,0,-94,0,1,0,251840481,0,42,0,128,0,"[0,0,12,6,12,6,12,5,12,5,12,5,12,4,12,4,12,3,12,3,12,2,12,1,12,1,12,1,13,0,13,0,14,0,14,0,14,0,14,0,14,1,14,1,14,2,14,2,13,2,13,3,13,4,0,0,0,0,0,0,0,0,0,0,0,0,0,0,0,0,0,0,0,0,0,0,8,1,9,2,9,3,10,3,10,4,10,5,10,6,10,7,9,7,9,7,9,7,9,8,9,8,9,7,9,7,9,7,9,7,9,6,10,7,10,6,11,6,11,6,11,6,12,6,12,6,12,6]"
2025-08-18 22:01:06.926590,CSI_DATA,1483,1a:00:00:00:00:00,-51,11,0,0,0,0,0,0,0,0,0,-94,0,1,0,251905281,0,31,0,128,0,"[0,0,14,4,13,3,13,3,13,2,13,2,13,2,13,1,12,1,12,0,12,-1,12,-1,12,-2,12,-2,13,-2,12,-3,13,-3,13,-3,13,-3,13,-2,13,-2,13,-2,13,-1,12,-1,13,-1,13,-1,13,0,0,0,0,0,0,0,0,0,0,0,0,0,0,0,0,0,0,0,0,0,0,0,9,-2,10,-1,10,0,11,1,11,2,12,3,12,4,12,4,12,5,11,5,11,5,11,6,11,6,11,6,11,6,11,5,12,5,11,4,12,5,12,4,13,4,13,4,13,4,14,4,14,4,14,3]"
2025-08-18 22:01:07.131215,CSI_DATA,1484,1a:00:00:00:00:00,-52,11,0,0,0,0,0,0,0,0,0,-94,0,1,0,252106354,0,31,0,128,0,"[0,0,-7,13,-6,12,-6,12,-5,12,-5,13,-5,12,-4,12,-3,12,-3,12,-3,12,-2,13,-1,13,-1,13,-1,14,-1,13,-1,14,-1,13,-1,14,-1,14,-2,14,-2,14,-2,14,-2,13,-3,13,-3,13,-4,13,0,0,0,0,0,0,0,0,0,0,0,0,0,0,0,0,0,0,0,0,0,0,-2,9,-2,10,-3,10,-4,10,-5,10,-6,11,-7,11,-7,11,-8,10,-8,10,-9,10,-9,9,-9,9,-8,9,-8,10,-8,9,-8,10,-7,10,-7,11,-7,11,-7,11,-7,11,-7,12,-6,13,-7,12,-7,13]"
2025-08-18 22:01:07.350251,CSI_DATA,1485,1a:00:00:00:00:00,-51,11,0,0,0,0,0,0,0,0,0,-94,0,1,0,252307494,0,31,0,128,0,"[0,0,-12,-9,-12,-9,-12,-8,-12,-8,-12,-8,-12,-7,-12,-7,-12,-6,-12,-6,-13,-5,-13,-5,-13,-4,-13,-4,-13,-4,-14,-4,-14,-3,-15,-4,-15,-4,-15,-4,-15,-5,-15,-5,-14,-5,-14,-6,-14,-6,-13,-6,-13,-7,0,0,0,0,0,0,0,0,0,0,0,0,0,0,0,0,0,0,0,0,0,0,-10,-3,-10,-4,-10,-6,-10,-6,-10,-7,-10,-8,-10,-9,-9,-10,-9,-10,-9,-10,-8,-10,-8,-10,-8,-10,-8,-10,-8,-10,-8,-10,-9,-10,-9,-9,-10,-9,-10,-9,-10,-9,-11,-9,-11,-9,-12,-9,-12,-9,-12,-9]"
2025-08-18 22:01:07.532130,CSI_DATA,1486,1a:00:00:00:00:00,-52,11,0,0,0,0,0,0,0,0,0,-94,0,1,0,252508750,0,31,0,128,0,"[0,0,-3,12,-2,12,-2,12,-2,12,-1,12,-1,12,-1,12,0,12,1,11,1,11,1,11,2,11,2,11,3,11,3,11,3,12,4,12,3,12,3,13,3,13,3,13,2,13,2,13,1,13,1,12,0,12,0,0,0,0,0,0,0,0,0,0,0,0,0,0,0,0,0,0,0,0,0,0,1,9,0,10,0,10,-1,11,-2,11,-3,11,-4,12,-4,11,-5,11,-6,11,-6,11,-6,10,-6,10,-6,10,-5,10,-5,10,-5,11,-5,11,-4,11,-4,11,-4,11,-3,12,-3,12,-3,12,-3,12,-3,13]"
2025-08-18 22:01:07.738901,CSI_DATA,1487,1a:00:00:00:00:00,-52,11,0,0,0,0,0,0,0,0,0,-94,0,1,0,252709860,0,31,0,128,0,"[0,0,-1,-14,-1,-14,-2,-14,-1,-14,-2,-14,-3,-14,-3,-13,-3,-13,-4,-13,-4,-12,-4,-12,-5,-12,-6,-12,-6,-12,-6,-12,-7,-12,-7,-13,-7,-13,-7,-14,-6,-13,-6,-13,-6,-14,-5,-14,-4,-14,-4,-13,-3,-14,0,0,0,0,0,0,0,0,0,0,0,0,0,0,0,0,0,0,0,0,0,0,-4,-9,-3,-10,-3,-11,-2,-12,-2,-12,-1,-13,0,-13,1,-13,2,-13,2,-13,3,-13,3,-13,2,-13,2,-13,2,-13,2,-12,2,-13,1,-13,1,-13,0,-13,0,-13,0,-14,-1,-14,-1,-14,-1,-14,-1,-14]"
2025-08-18 22:01:07.938545,CSI_DATA,1488,1a:00:00:00:00:00,-51,11,0,0,0,0,0,0,0,0,0,-94,0,1,0,252911236,0,31,0,128,0,"[0,0,-14,-1,-14,0,-14,0,-14,0,-14,0,-13,1,-13,1,-13,1,-13,2,-13,3,-12,3,-12,3,-12,4,-12,4,-13,5,-13,5,-13,5,-13,5,-13,5,-14,4,-14,4,-14,3,-14,3,-14,2,-14,2,-14,1,0,0,0,0,0,0,0,0,0,0,0,0,0,0,0,0,0,0,0,0,0,0,-9,3,-10,2,-11,1,-11,1,-12,0,-12,-1,-12,-1,-13,-2,-13,-3,-13,-3,-12,-3,-12,-4,-12,-4,-12,-4,-12,-3,-12,-3,-12,-3,-12,-2,-13,-2,-13,-2,-13,-1,-13,-1,-14,-1,-14,-1,-14,-1,-14,-1]"
2025-08-18 22:01:08.141906,CSI_DATA,1489,1a:00:00:00:00:00,-51,11,0,0,0,0,0,0,0,0,0,-94,0,1,0,253112312,0,31,0,128,0,"[0,0,-14,-6,-14,-5,-14,-5,-13,-4,-14,-4,-13,-4,-13,-4,-13,-3,-13,-2,-13,-1,-13,-1,-14,0,-14,0,-14,1,-14,1,-15,1,-14,1,-15,1,-16,1,-15,1,-15,0,-15,-1,-15,-1,-15,-1,-15,-2,-15,-3,0,0,0,0,0,0,0,0,0,0,0,0,0,0,0,0,0,0,0,0,0,0,-10,-2,-11,-3,-11,-4,-12,-5,-11,-5,-12,-6,-11,-7,-11,-8,-11,-8,-11,-8,-11,-9,-10,-9,-10,-9,-10,-9,-11,-8,-10,-8,-11,-8,-11,-7,-12,-7,-12,-7,-12,-6,-12,-7,-13,-6,-13,-6,-13,-6,-14,-6]"
2025-08-18 22:01:08.343666,CSI_DATA,1490,1a:00:00:00:00:00,-52,11,0,0,0,0,0,0,0,0,0,-94,0,1,0,253313469,0,31,0,128,0,"[0,0,-12,-7,-12,-7,-12,-7,-12,-6,-12,-6,-12,-6,-12,-5,-12,-5,-12,-4,-12,-3,-12,-3,-12,-3,-13,-2,-13,-2,-14,-1,-14,-1,-14,-2,-14,-2,-15,-2,-15,-2,-14,-3,-14,-3,-14,-4,-14,-4,-13,-5,-13,-5,0,0,0,0,0,0,0,0,0,0,0,0,0,0,0,0,0,0,0,0,0,0,-10,-3,-10,-4,-10,-5,-10,-6,-10,-7,-10,-8,-10,-8,-10,-9,-10,-9,-9,-10,-9,-10,-8,-10,-8,-10,-8,-10,-8,-10,-9,-9,-9,-9,-9,-8,-9,-9,-10,-9,-10,-8,-10,-8,-11,-8,-11,-8,-11,-8,-11,-8]"
2025-08-18 22:01:08.392971,CSI_DATA,1491,1a:00:00:00:00:00,-51,11,0,0,0,0,0,0,0,0,0,-94,0,1,0,253374594,0,42,0,128,0,"[0,0,0,10,-1,8,-7,11,-1,11,1,9,0,8,1,9,2,8,3,5,8,1,7,4,9,4,-12,10,3,5,5,10,6,15,6,5,6,4,-6,14,-1,7,8,9,0,6,5,9,5,9,6,9,-1,8,0,0,0,0,0,0,0,0,0,0,0,0,0,0,0,0,0,0,0,0,0,0,1,6,0,6,-1,7,-1,7,-1,7,-2,7,-2,8,-3,7,-3,8,-4,8,-4,7,-4,7,-4,8,-3,7,-3,7,-3,7,-3,7,-2,7,-1,7,-1,9,-1,9,-1,8,-1,8,-2,15,-1,10,0,9]"
2025-08-18 22:01:08.466340,CSI_DATA,1492,1a:00:00:00:00:00,-52,11,0,0,0,0,0,0,0,0,0,-94,0,1,0,253441669,0,31,0,128,0,"[0,0,13,-1,13,-1,12,-1,12,-2,12,-2,12,-3,12,-3,12,-4,12,-4,11,-5,12,-5,11,-6,12,-6,12,-7,12,-7,12,-7,12,-7,13,-7,14,-7,14,-7,14,-6,14,-5,14,-5,14,-4,14,-4,14,-3,0,0,0,0,0,0,0,0,0,0,0,0,0,0,0,0,0,0,0,0,0,0,9,-3,10,-2,10,-2,11,-1,11,0,12,0,12,1,12,2,12,3,11,3,11,3,11,3,11,3,11,3,11,3,11,2,11,2,11,1,12,1,12,1,12,1,12,0,12,0,13,0,13,0,13,-1]"
2025-08-18 22:01:08.662922,CSI_DATA,1493,1a:00:00:00:00:00,-52,11,0,0,0,0,0,0,0,0,0,-94,0,1,0,253643058,0,31,0,128,0,"[0,0,12,5,11,5,12,5,11,4,12,4,12,4,12,3,12,2,12,2,12,1,12,0,12,-1,13,-1,14,-1,13,-1,14,-2,14,-1,15,-1,15,-1,15,-1,15,0,15,0,14,0,15,1,14,1,14,2,0,0,0,0,0,0,0,0,0,0,0,0,0,0,0,0,0,0,0,0,0,0,10,2,10,3,10,4,11,5,10,5,11,7,10,8,10,8,10,9,9,9,9,9,9,10,8,9,9,9,9,9,8,8,9,8,9,7,10,8,10,7,10,7,11,7,11,7,11,6,12,6,12,6]"
2025-08-18 22:01:08.874858,CSI_DATA,1494,1a:00:00:00:00:00,-52,11,0,0,0,0,0,0,0,0,0,-94,0,1,0,253843931,0,31,0,128,0,"[0,0,-14,-2,-14,-2,-14,-1,-13,-1,-13,0,-13,-1,-13,0,-13,1,-12,2,-12,3,-12,3,-12,4,-12,4,-13,5,-13,5,-13,5,-13,5,-13,5,-14,5,-14,5,-14,5,-14,4,-14,3,-14,3,-14,3,-15,2,0,0,0,0,0,0,0,0,0,0,0,0,0,0,0,0,0,0,0,0,0,0,-10,1,-11,0,-12,-1,-12,-1,-12,-2,-13,-3,-13,-4,-13,-5,-13,-5,-13,-6,-13,-6,-12,-6,-12,-6,-12,-6,-12,-6,-12,-5,-12,-5,-12,-4,-13,-4,-13,-4,-13,-4,-13,-4,-14,-3,-14,-3,-14,-2,-14,-2]"
2025-08-18 22:01:09.074294,CSI_DATA,1495,1a:00:00:00:00:00,-52,11,0,0,0,0,0,0,0,0,0,-94,0,1,0,254046532,0,31,0,128,0,"[0,0,1,-14,0,-14,0,-14,0,-14,0,-13,-1,-13,-2,-13,-3,-13,-3,-13,-3,-12,-4,-13,-5,-12,-5,-12,-5,-12,-5,-13,-6,-13,-6,-13,-6,-13,-5,-14,-5,-14,-5,-14,-4,-14,-4,-14,-4,-14,-3,-14,-2,-14,0,0,0,0,0,0,0,0,0,0,0,0,0,0,0,0,0,0,0,0,0,0,-3,-10,-3,-11,-2,-12,-1,-12,0,-13,1,-14,2,-14,2,-14,3,-14,3,-14,4,-13,4,-13,4,-13,4,-13,4,-13,4,-13,3,-13,3,-13,2,-13,2,-13,2,-14,2,-14,2,-14,1,-14,1,-14,1,-14]"
2025-08-18 22:01:09.266356,CSI_DATA,1496,1a:00:00:00:00:00,-52,11,0,0,0,0,0,0,0,0,0,-94,0,1,0,254246911,0,31,0,128,0,"[0,0,4,12,4,12,4,11,5,11,6,11,5,10,6,10,7,10,7,9,7,9,8,8,9,8,9,8,9,8,9,8,10,8,10,9,11,9,10,9,11,9,10,10,10,10,9,10,9,11,8,11,8,11,0,0,0,0,0,0,0,0,0,0,0,0,0,0,0,0,0,0,0,0,0,0,6,8,5,9,5,10,4,11,4,11,3,12,2,12,1,13,1,13,0,13,0,13,-1,13,0,13,0,13,0,13,0,12,0,12,1,12,1,12,2,12,2,12,3,12,3,12,3,13,4,12,4,12]"
2025-08-18 22:01:09.473154,CSI_DATA,1497,1a:00:00:00:00:00,-52,11,0,0,0,0,0,0,0,0,0,-94,0,1,0,254447606,0,31,0,128,0,"[0,0,-13,5,-13,4,-12,4,-13,5,-12,5,-11,6,-11,6,-10,7,-10,7,-9,8,-9,8,-9,9,-8,9,-8,10,-8,10,-8,10,-8,11,-9,11,-9,11,-10,11,-10,11,-10,10,-10,10,-10,10,-11,9,-11,9,0,0,0,0,0,0,0,0,0,0,0,0,0,0,0,0,0,0,0,0,0,0,-9,6,-10,5,-11,5,-12,4,-13,4,-13,3,-14,3,-14,2,-15,1,-15,1,-14,1,-14,0,-14,0,-13,0,-13,0,-14,1,-13,1,-13,2,-13,2,-13,2,-13,3,-14,3,-14,4,-14,4,-14,4,-14,4]"
2025-08-18 22:01:09.668757,CSI_DATA,1498,1a:00:00:00:00:00,-51,11,0,0,0,0,0,0,0,0,0,-94,0,1,0,254648776,0,31,0,128,0,"[0,0,3,13,4,12,4,12,4,12,5,12,5,11,6,11,6,10,6,10,7,9,7,9,8,9,8,9,9,9,9,9,9,9,10,9,10,9,10,10,10,10,9,10,9,10,9,11,8,11,7,11,7,11,0,0,0,0,0,0,0,0,0,0,0,0,0,0,0,0,0,0,0,0,0,0,5,8,5,9,4,10,3,11,3,12,2,13,1,13,1,13,0,13,0,13,-1,13,-1,13,-1,13,-1,13,-1,13,-1,12,0,12,0,12,1,12,1,13,2,13,2,13,3,13,3,13,3,13,3,13]"
2025-08-18 22:01:09.874655,CSI_DATA,1499,1a:00:00:00:00:00,-51,11,0,0,0,0,0,0,0,0,0,-94,0,1,0,254849925,0,31,0,128,0,"[0,0,10,-9,9,-9,9,-9,9,-9,8,-9,8,-9,8,-10,7,-10,7,-10,6,-11,5,-11,5,-11,5,-12,5,-12,5,-12,5,-12,5,-13,5,-13,5,-13,6,-13,6,-13,6,-12,6,-12,6,-12,7,-11,8,-11,0,0,0,0,0,0,0,0,0,0,0,0,0,0,0,0,0,0,0,0,0,0,5,-9,6,-9,7,-8,8,-8,9,-8,10,-7,11,-7,11,-6,11,-6,11,-5,11,-5,11,-5,11,-5,11,-5,11,-5,11,-5,11,-5,10,-6,10,-6,10,-6,10,-7,10,-7,10,-8,10,-8,10,-8,10,-9]"
2025-08-18 22:01:09.942401,CSI_DATA,1500,1a:00:00:00:00:00,-51,11,0,0,0,0,0,0,0,0,0,-94,0,1,0,254912128,0,42,0,128,0,"[0,0,-8,-11,-9,-11,-9,-10,-9,-10,-9,-10,-9,-10,-10,-9,-10,-9,-10,-8,-10,-8,-11,-7,-12,-7,-12,-7,-12,-7,-12,-7,-12,-6,-13,-7,-13,-7,-13,-7,-13,-8,-13,-8,-12,-8,-12,-9,-12,-9,-11,-9,-11,-10,0,0,0,0,0,0,0,0,0,0,0,0,0,0,0,0,0,0,0,0,0,0,-8,-7,-8,-8,-8,-9,-8,-10,-8,-11,-7,-11,-6,-12,-6,-12,-5,-13,-5,-13,-4,-13,-4,-13,-4,-13,-4,-14,-4,-12,-5,-12,-5,-12,-5,-12,-6,-12,-6,-12,-6,-12,-7,-12,-7,-11,-8,-12,-8,-11,-7,-11]"
2025-08-18 22:01:10.008522,CSI_DATA,1501,1a:00:00:00:00:00,-51,11,0,0,0,0,0,0,0,0,0,-94,0,1,0,254977810,0,31,0,128,0,"[0,0,-10,-10,-10,-10,-10,-9,-10,-9,-11,-9,-11,-8,-11,-8,-11,-7,-11,-6,-12,-6,-12,-5,-12,-5,-13,-5,-13,-5,-13,-4,-13,-4,-14,-5,-14,-5,-14,-5,-14,-5,-14,-5,-14,-6,-13,-6,-13,-7,-13,-7,-12,-7,0,0,0,0,0,0,0,0,0,0,0,0,0,0,0,0,0,0,0,0,0,0,-9,-5,-9,-6,-10,-7,-9,-8,-9,-9,-9,-10,-9,-11,-8,-11,-8,-12,-7,-12,-7,-12,-6,-12,-6,-12,-6,-12,-7,-11,-7,-11,-7,-11,-7,-11,-8,-11,-8,-11,-9,-11,-9,-10,-9,-10,-10,-10,-10,-10,-10,-10]"
2025-08-18 22:01:10.207215,CSI_DATA,1502,1a:00:00:00:00:00,-51,11,0,0,0,0,0,0,0,0,0,-94,0,1,0,255178889,0,31,0,128,0,"[0,0,-13,-3,-13,-3,-12,-3,-13,-2,-13,-2,-12,-1,-12,-1,-12,0,-12,0,-12,1,-12,2,-12,2,-12,2,-12,3,-13,3,-13,4,-13,4,-13,4,-14,4,-14,4,-14,3,-13,3,-13,3,-13,2,-13,2,-13,1,0,0,0,0,0,0,0,0,0,0,0,0,0,0,0,0,0,0,0,0,0,0,-10,-1,-10,-2,-32,-19,-10,-4,-12,-5,-11,-6,-11,-6,-11,-6,-11,-7,-11,-8,-10,-8,-10,-8,-10,-8,-10,-8,-10,-7,-10,-7,-10,-7,-11,-6,-11,-6,-11,-6,-12,-5,-12,-5,-12,-5,-13,-4,-12,-4,-13,-4]"
2025-08-18 22:01:10.405664,CSI_DATA,1503,1a:00:00:00:00:00,-51,11,0,0,0,0,0,0,0,0,0,-94,0,1,0,255380533,0,31,0,128,0,"[0,0,10,-9,10,-9,9,-9,9,-9,9,-10,8,-10,8,-10,7,-10,7,-11,6,-11,6,-12,5,-12,5,-12,5,-13,5,-13,5,-14,5,-14,5,-14,5,-14,6,-14,6,-14,6,-14,6,-13,7,-13,8,-13,8,-12,0,0,0,0,0,0,0,0,0,0,0,0,0,0,0,0,0,0,0,0,0,0,6,-8,7,-9,8,-8,9,-8,10,-8,11,-7,12,-7,12,-6,12,-6,12,-5,13,-5,13,-4,12,-4,12,-4,12,-4,11,-5,12,-5,11,-6,11,-6,11,-6,11,-7,11,-7,11,-7,11,-8,11,-8,11,-8]"
2025-08-18 22:01:10.600744,CSI_DATA,1504,1a:00:00:00:00:00,-51,11,0,0,0,0,0,0,0,0,0,-94,0,1,0,255581292,0,31,0,128,0,"[0,0,8,10,8,9,9,9,9,8,10,9,9,8,10,7,10,7,10,6,10,5,11,5,11,5,12,5,12,5,12,4,13,4,13,4,13,5,13,5,13,5,13,6,13,6,12,6,12,7,12,7,12,8,0,0,0,0,0,0,0,0,0,0,0,0,0,0,0,0,0,0,0,0,0,0,8,5,8,6,8,7,8,8,8,9,7,10,6,11,6,11,5,12,5,11,5,12,4,12,5,12,5,11,5,11,4,10,5,11,5,10,6,11,6,11,6,11,7,10,7,10,8,10,8,10,8,10]"
2025-08-18 22:01:10.809896,CSI_DATA,1505,1a:00:00:00:00:00,-52,11,0,0,0,0,0,0,0,0,0,-94,0,1,0,255787070,0,31,0,128,0,"[0,0,12,-1,12,-3,13,-3,13,-4,12,-5,12,-3,10,-4,11,-5,11,-4,10,-5,9,-8,9,-9,9,-6,10,-10,10,-7,9,-8,11,-8,11,-8,13,-9,12,-7,13,-10,12,-8,12,-8,12,-8,12,-7,14,-5,0,0,0,0,0,0,0,0,0,0,0,0,0,0,0,0,0,0,0,0,0,0,9,-4,10,-3,11,-2,11,-2,12,-1,12,0,12,1,13,1,13,2,12,2,12,3,12,3,12,3,12,2,12,2,11,2,12,2,12,1,12,1,11,1,12,0,13,0,11,-1,13,-1,12,-1,12,-1]"
2025-08-18 22:01:10.853744,CSI_DATA,1506,1a:00:00:00:00:00,-52,11,0,0,0,0,0,0,0,0,0,-94,0,1,0,255804877,0,28,0,128,0,"[0,0,-13,-4,-13,-4,-13,-4,-13,-3,-13,-3,-13,-2,-13,-1,-13,-1,-13,0,-13,1,-13,1,-13,2,-13,2,-13,3,-14,3,-14,3,-14,3,-15,3,-15,4,-15,3,-15,3,-15,2,-15,2,-15,1,-15,1,-15,0,0,0,0,0,0,0,0,0,0,0,0,0,0,0,0,0,0,0,0,0,0,0,-11,-2,-11,-3,-12,-4,-12,-5,-12,-5,-12,-6,-12,-7,-12,-8,-12,-8,-11,-9,-11,-9,-11,-9,-10,-9,-10,-8,-10,-8,-10,-8,-11,-8,-11,-7,-12,-7,-12,-7,-12,-6,-12,-6,-13,-5,-13,-6,-13,-5,-13,-5]"
2025-08-18 22:01:11.013293,CSI_DATA,1507,1a:00:00:00:00:00,-52,11,0,0,0,0,0,0,0,0,0,-94,0,1,0,255983644,0,31,0,128,0,"[0,0,-13,-6,-13,-6,-13,-5,-12,-5,-13,-4,-13,-4,-13,-3,-13,-2,-13,-2,-13,-1,-13,-1,-13,0,-14,0,-14,0,-14,1,-14,1,-14,1,-15,1,-15,1,-15,1,-15,0,-15,0,-15,-1,-15,-2,-15,-2,-15,-3,0,0,0,0,0,0,0,0,0,0,0,0,0,0,0,0,0,0,0,0,0,0,-10,-3,-10,-4,-11,-5,-11,-6,-11,-7,-11,-7,-11,-8,-10,-9,-10,-9,-10,-10,-9,-10,-9,-10,-9,-10,-9,-9,-9,-9,-9,-9,-10,-8,-10,-8,-10,-8,-11,-8,-11,-7,-11,-7,-12,-6,-12,-7,-12,-6,-12,-6]"
2025-08-18 22:01:11.204399,CSI_DATA,1508,1a:00:00:00:00:00,-51,11,0,0,0,0,0,0,0,0,0,-94,0,1,0,256185008,0,31,0,128,0,"[0,0,7,11,7,10,8,10,8,9,8,9,9,9,9,9,9,8,9,8,10,7,10,7,11,6,11,6,12,6,12,6,12,6,13,6,13,7,12,7,12,8,12,8,12,8,12,8,11,9,11,9,10,10,0,0,0,0,0,0,0,0,0,0,0,0,0,0,0,0,0,0,0,0,0,0,7,6,7,7,7,8,7,9,6,10,6,10,5,11,4,12,4,12,4,12,3,12,3,12,3,12,3,11,3,12,3,11,4,11,4,11,5,11,5,11,5,11,6,11,6,11,7,11,7,11,7,11]"
2025-08-18 22:01:11.411126,CSI_DATA,1509,1a:00:00:00:00:00,-51,11,0,0,0,0,0,0,0,0,0,-94,0,1,0,256386154,0,31,0,128,0,"[0,0,11,-7,11,-7,10,-7,10,-7,10,-8,9,-8,9,-9,9,-9,8,-9,8,-10,8,-10,7,-11,7,-11,7,-12,7,-13,7,-13,7,-13,7,-13,8,-13,8,-13,8,-13,8,-13,9,-12,9,-12,10,-11,10,-10,0,0,0,0,0,0,0,0,0,0,0,0,0,0,0,0,0,0,0,0,0,0,7,-7,8,-7,9,-6,10,-6,11,-6,12,-5,12,-4,12,-4,13,-4,13,-3,13,-2,13,-2,12,-2,12,-2,12,-2,12,-3,12,-3,12,-4,11,-4,12,-5,12,-5,12,-5,12,-6,12,-6,12,-6,12,-7]"
2025-08-18 22:01:11.467631,CSI_DATA,1510,1a:00:00:00:00:00,-52,11,0,0,0,0,0,0,0,0,0,-94,0,1,0,256448106,0,42,0,128,0,"[0,0,12,6,12,6,11,5,12,5,12,4,11,4,12,3,12,2,12,2,12,1,12,1,12,0,13,0,13,-1,14,-1,14,-1,14,-1,14,-1,15,-1,15,0,15,0,15,1,15,2,14,2,14,2,14,3,0,0,0,0,0,0,0,0,0,0,0,0,0,0,0,0,0,0,0,0,0,0,9,2,9,3,10,4,10,5,10,6,10,7,10,8,10,8,9,9,9,9,8,9,8,9,8,9,8,9,8,9,8,8,9,8,9,7,9,7,10,7,10,7,10,7,11,7,11,7,11,7,11,6]"
2025-08-18 22:01:11.539278,CSI_DATA,1511,1a:00:00:00:00:00,-51,11,0,0,0,0,0,0,0,0,0,-94,0,1,0,256513675,0,31,0,128,0,"[0,0,-14,5,-13,5,-13,5,-12,6,-12,6,-12,6,-11,7,-11,7,-11,8,-10,8,-10,9,-9,9,-9,10,-9,10,-9,11,-9,11,-9,11,-10,12,-10,12,-10,11,-11,11,-11,10,-11,10,-11,9,-12,9,-12,8,0,0,0,0,0,0,0,0,0,0,0,0,0,0,0,0,0,0,0,0,0,0,-9,5,-10,5,-10,4,-11,4,-12,3,-13,3,-13,2,-14,1,-14,1,-14,1,-14,0,-14,0,-13,0,-13,0,-13,0,-13,1,-13,1,-13,2,-13,2,-13,2,-13,3,-13,3,-13,4,-13,4,-13,4,-14,5]"
2025-08-18 22:01:11.742875,CSI_DATA,1512,1a:00:00:00:00:00,-51,11,0,0,0,0,0,0,0,0,0,-94,0,1,0,256714751,0,31,0,128,0,"[0,0,1,-14,0,-14,0,-14,0,-14,-1,-14,-1,-14,-2,-13,-2,-13,-3,-13,-3,-13,-4,-13,-5,-13,-5,-13,-5,-13,-5,-13,-6,-13,-6,-13,-6,-14,-6,-14,-5,-14,-5,-14,-5,-14,-4,-14,-4,-14,-3,-14,-2,-14,0,0,0,0,0,0,0,0,0,0,0,0,0,0,0,0,0,0,0,0,0,0,-2,-10,-2,-11,-1,-11,0,-12,1,-12,2,-13,3,-13,3,-13,4,-13,4,-12,5,-12,4,-12,4,-12,4,-12,4,-12,3,-12,3,-12,3,-12,2,-13,2,-13,2,-13,1,-14,1,-14,1,-14,1,-14,1,-14]"
2025-08-18 22:01:11.945440,CSI_DATA,1513,1a:00:00:00:00:00,-51,11,0,0,0,0,0,0,0,0,0,-94,0,1,0,256915881,0,31,0,128,0,"[0,0,-3,-14,-4,-14,-4,-13,-4,-13,-5,-13,-5,-13,-6,-12,-6,-12,-7,-12,-7,-11,-7,-11,-8,-11,-8,-11,-9,-11,-9,-11,-9,-11,-9,-12,-9,-11,-9,-12,-9,-12,-9,-12,-9,-12,-8,-12,-7,-13,-7,-12,-6,-13,0,0,0,0,0,0,0,0,0,0,0,0,0,0,0,0,0,0,0,0,0,0,-5,-10,-5,-10,-4,-12,-3,-12,-3,-13,-2,-13,-1,-14,-1,-14,0,-14,0,-14,1,-14,1,-13,1,-14,1,-13,1,-13,0,-13,0,-13,-1,-13,-1,-13,-2,-13,-2,-14,-2,-14,-3,-14,-3,-14,-3,-14,-3,-14]"
2025-08-18 22:01:12.141821,CSI_DATA,1514,1a:00:00:00:00:00,-51,11,0,0,0,0,0,0,0,0,0,-94,0,1,0,257117029,0,31,0,128,0,"[0,0,6,-11,5,-11,5,-11,5,-12,5,-12,4,-12,4,-12,3,-12,3,-12,2,-12,2,-12,1,-13,1,-13,1,-13,1,-13,1,-13,1,-14,1,-14,1,-14,2,-14,2,-14,2,-13,3,-13,3,-13,4,-12,4,-12,0,0,0,0,0,0,0,0,0,0,0,0,0,0,0,0,0,0,0,0,0,0,2,-10,3,-10,4,-10,4,-10,5,-10,6,-10,7,-10,8,-10,8,-9,9,-9,9,-8,9,-8,9,-8,9,-8,8,-8,8,-8,8,-9,7,-9,7,-9,7,-10,7,-10,7,-10,7,-10,6,-11,6,-11,7,-11]"
2025-08-18 22:01:12.344000,CSI_DATA,1515,1a:00:00:00:00:00,-51,11,0,0,0,0,0,0,0,0,0,-94,0,1,0,257318332,0,31,0,128,0,"[0,0,5,-13,4,-13,4,-13,3,-13,3,-14,2,-13,2,-13,1,-13,1,-13,0,-13,0,-13,-1,-13,-1,-13,-1,-14,-2,-14,-2,-14,-2,-14,-1,-15,-1,-15,-1,-15,0,-14,0,-14,0,-14,0,-14,1,-14,2,-13,0,0,0,0,0,0,0,0,0,0,0,0,0,0,0,0,0,0,0,0,0,0,0,-10,1,-11,2,-11,2,-11,3,-11,4,-12,5,-12,6,-12,7,-11,7,-11,7,-11,7,-10,7,-10,7,-11,7,-10,6,-10,6,-11,6,-11,5,-12,5,-12,5,-12,5,-12,5,-13,4,-13,4,-13,5,-14]"
2025-08-18 22:01:12.544905,CSI_DATA,1516,1a:00:00:00:00:00,-51,11,0,0,0,0,0,0,0,0,0,-94,0,1,0,257519593,0,31,0,128,0,"[0,0,-14,5,-13,5,-13,6,-13,6,-12,6,-12,7,-11,7,-11,7,-11,7,-10,8,-10,8,-10,9,-10,9,-10,9,-10,10,-10,10,-10,10,-10,10,-11,10,-11,10,-11,9,-11,9,-11,8,-11,8,-11,8,-12,7,0,0,0,0,0,0,0,0,0,0,0,0,0,0,0,0,0,0,0,0,0,0,-8,6,-9,6,-10,5,-11,5,-11,5,-12,4,-13,4,-13,3,-13,2,-13,2,-13,1,-13,1,-13,1,-13,1,-13,1,-13,2,-13,2,-13,2,-13,3,-13,4,-13,4,-13,4,-13,5,-13,5,-14,5,-14,5]"
2025-08-18 22:01:12.750058,CSI_DATA,1517,1a:00:00:00:00:00,-51,11,0,0,0,0,0,0,0,0,0,-94,0,1,0,257720670,0,31,0,128,0,"[0,0,-14,-6,-14,-5,-14,-5,-14,-5,-14,-5,-14,-4,-14,-4,-13,-3,-13,-3,-14,-2,-14,-1,-14,-1,-14,-1,-14,0,-14,0,-14,0,-15,0,-15,0,-15,0,-15,0,-15,-1,-15,-1,-14,-2,-14,-2,-14,-2,-14,-3,0,0,0,0,0,0,0,0,0,0,0,0,0,0,0,0,0,0,0,0,0,0,-11,-1,-11,-2,-11,-3,-12,-4,-12,-5,-12,-6,-12,-7,-12,-7,-12,-8,-11,-8,-11,-8,-11,-8,-11,-8,-11,-8,-11,-8,-11,-8,-11,-7,-11,-7,-12,-7,-12,-7,-12,-7,-13,-6,-13,-6,-14,-6,-14,-6,-14,-6]"
2025-08-18 22:01:12.950655,CSI_DATA,1518,1a:00:00:00:00:00,-51,11,0,0,0,0,0,0,0,0,0,-94,0,1,0,257921846,0,31,0,128,0,"[0,0,-14,-3,-13,-3,-13,-3,-13,-3,-13,-2,-13,-2,-13,-2,-13,-1,-13,-1,-13,0,-13,0,-13,1,-13,1,-13,2,-13,2,-14,2,-14,2,-14,2,-14,1,-14,1,-14,1,-14,0,-14,-1,-13,-1,-13,-1,-13,-2,0,0,0,0,0,0,0,0,0,0,0,0,0,0,0,0,0,0,0,0,0,0,-10,0,-10,-1,-11,-2,-11,-3,-11,-3,-11,-4,-11,-5,-11,-5,-11,-6,-11,-6,-11,-6,-11,-7,-10,-7,-11,-6,-10,-6,-10,-6,-11,-5,-11,-5,-11,-5,-12,-5,-12,-4,-12,-4,-13,-4,-13,-4,-13,-4,-13,-3]"
2025-08-18 22:01:13.002804,CSI_DATA,1519,1a:00:00:00:00:00,-51,11,0,0,0,0,0,0,0,0,0,-94,0,1,0,257984128,0,42,0,128,0,"[0,0,10,9,10,9,10,8,10,8,11,8,10,8,11,7,11,7,11,6,11,5,11,5,12,4,12,4,12,4,13,4,13,4,13,5,13,4,13,5,13,5,13,5,12,6,12,6,12,7,11,7,11,7,0,0,0,0,0,0,0,0,0,0,0,0,0,0,0,0,0,0,0,0,0,0,8,4,8,5,8,6,8,7,8,8,8,8,7,9,7,10,7,10,6,10,5,11,5,10,6,11,5,10,6,10,6,10,6,10,7,9,7,10,8,9,8,9,9,9,9,9,9,9,10,9,10,9]"
2025-08-18 22:01:13.068987,CSI_DATA,1520,1a:00:00:00:00:00,-51,11,0,0,0,0,0,0,0,0,0,-94,0,1,0,258049973,0,31,0,128,0,"[0,0,7,12,7,11,7,11,7,11,8,11,7,10,7,10,8,10,8,9,9,8,9,8,10,8,10,8,10,8,10,7,11,8,11,8,11,8,11,8,11,9,10,9,10,9,9,9,9,9,8,9,8,10,0,0,0,0,0,0,0,0,0,0,0,0,0,0,0,0,0,0,0,0,0,0,6,6,6,7,6,8,5,9,5,9,4,10,4,11,3,11,3,12,2,11,2,12,2,11,2,12,2,11,2,12,2,11,3,11,3,10,4,11,4,11,5,11,5,11,6,11,6,11,6,12,7,12]"
2025-08-18 22:01:13.271276,CSI_DATA,1521,1a:00:00:00:00:00,-52,11,0,0,0,0,0,0,0,0,0,-94,0,1,0,258251034,0,31,0,128,0,"[0,0,12,2,12,2,13,1,12,0,12,0,12,0,12,-1,12,-2,12,-2,11,-4,11,-4,11,-4,11,-5,11,-6,11,-6,12,-6,11,-6,12,-7,12,-7,12,-7,12,-6,12,-6,11,-6,11,-6,12,-5,12,-5,0,0,0,0,0,0,0,0,0,0,0,0,0,0,0,0,0,0,0,0,0,0,7,2,7,3,51,-21,8,6,9,5,9,6,9,7,9,7,9,7,8,7,9,7,8,8,8,7,8,7,9,7,8,6,9,6,9,5,10,5,10,5,10,4,11,4,11,3,12,3,12,3,13,2]"
2025-08-18 22:01:13.484640,CSI_DATA,1522,1a:00:00:00:00:00,-51,11,0,0,0,0,0,0,0,0,0,-94,0,1,0,258454152,0,31,0,128,0,"[0,0,-7,-13,-7,-12,-7,-12,-7,-11,-7,-12,-7,-11,-8,-11,-8,-10,-8,-10,-8,-9,-9,-9,-9,-9,-10,-9,-10,-9,-10,-9,-10,-9,-11,-9,-11,-9,-11,-9,-10,-10,-10,-10,-10,-10,-9,-10,-9,-10,-9,-10,-8,-11,0,0,0,0,0,0,0,0,0,0,0,0,0,0,0,0,0,0,0,0,0,0,-7,-6,-7,-7,-7,-8,-7,-9,-7,-9,-7,-11,-6,-11,-6,-11,-5,-12,-4,-12,-4,-12,-4,-12,-4,-12,-4,-12,-4,-12,-4,-12,-4,-12,-5,-12,-5,-12,-5,-12,-6,-12,-6,-13,-6,-12,-7,-13,-7,-13,-7,-13]"
2025-08-18 22:01:13.686248,CSI_DATA,1523,1a:00:00:00:00:00,-51,11,0,0,0,0,0,0,0,0,0,-94,0,1,0,258653479,0,31,0,128,0,"[0,0,5,12,6,12,6,11,6,11,6,11,6,10,7,10,7,10,7,9,8,8,8,8,8,8,9,8,9,8,9,8,9,8,10,9,10,9,9,9,9,9,9,10,8,10,8,10,7,10,7,10,6,10,0,0,0,0,0,0,0,0,0,0,0,0,0,0,0,0,0,0,0,0,0,0,6,6,6,6,6,7,5,8,5,9,4,9,4,10,3,10,3,11,3,11,2,11,2,11,2,11,2,11,3,11,2,11,3,11,3,11,4,11,4,11,4,11,5,11,5,11,6,12,6,12,6,11]"
2025-08-18 22:01:13.872213,CSI_DATA,1524,1a:00:00:00:00:00,-51,11,0,0,0,0,0,0,0,0,0,-94,0,1,0,258854646,0,31,0,128,0,"[0,0,9,6,9,7,7,6,12,5,11,10,11,6,11,8,12,3,9,5,10,4,10,5,12,3,11,5,11,3,13,3,11,4,11,4,12,4,12,4,12,5,11,5,12,5,11,6,11,7,10,7,10,7,0,0,0,0,0,0,0,0,0,0,0,0,0,0,0,0,0,0,0,0,0,0,8,2,8,3,9,3,8,4,10,6,9,6,9,6,9,7,9,8,7,9,7,9,6,8,8,9,8,8,6,9,10,9,9,8,9,9,8,10,11,8,8,9,10,6,9,5,8,9,11,10,11,6]"
2025-08-18 22:01:14.080984,CSI_DATA,1525,1a:00:00:00:00:00,-52,11,0,0,0,0,0,0,0,0,0,-94,0,1,0,259055770,0,31,0,128,0,"[0,0,10,-10,10,-10,9,-10,9,-10,8,-10,8,-10,8,-10,7,-10,7,-11,6,-11,6,-11,5,-12,5,-12,5,-12,5,-13,5,-12,5,-13,5,-13,6,-13,6,-13,6,-13,6,-12,7,-12,7,-12,7,-11,8,-11,0,0,0,0,0,0,0,0,0,0,0,0,0,0,0,0,0,0,0,0,0,0,4,-9,5,-9,6,-9,7,-9,8,-9,9,-8,10,-8,10,-8,11,-7,11,-7,11,-6,11,-6,11,-6,10,-6,10,-6,10,-6,10,-6,10,-7,10,-8,10,-8,10,-8,10,-9,10,-9,10,-9,10,-9,10,-10]"
2025-08-18 22:01:14.286178,CSI_DATA,1526,1a:00:00:00:00:00,-52,11,0,0,0,0,0,0,0,0,0,-94,0,1,0,259256941,0,31,0,128,0,"[0,0,-14,-5,-14,-5,-14,-5,-14,-4,-13,-4,-13,-4,-13,-3,-13,-3,-13,-2,-13,-1,-13,-1,-13,0,-13,0,-13,0,-14,1,-14,1,-15,1,-15,1,-15,0,-15,0,-15,0,-15,-1,-15,-1,-14,-1,-14,-2,-14,-3,0,0,0,0,0,0,0,0,0,0,0,0,0,0,0,0,0,0,0,0,0,0,-10,-1,-11,-1,-12,-2,-12,-3,-12,-4,-12,-5,-12,-6,-12,-7,-12,-8,-12,-8,-11,-8,-11,-8,-11,-8,-11,-8,-11,-8,-11,-7,-11,-7,-12,-7,-12,-7,-12,-7,-12,-6,-13,-6,-13,-6,-13,-6,-14,-5,-13,-5]"
2025-08-18 22:01:14.539649,CSI_DATA,1527,1a:00:00:00:00:00,-52,11,0,0,0,0,0,0,0,0,0,-94,0,1,0,259458170,0,31,0,128,0,"[0,0,-8,12,-7,12,-7,12,-6,12,-6,12,-5,12,-5,12,-4,12,-4,12,-3,12,-3,12,-2,12,-2,13,-1,13,-1,13,-1,13,-1,14,-1,13,-1,14,-2,14,-2,14,-2,14,-2,13,-3,13,-3,13,-4,13,0,0,0,0,0,0,0,0,0,0,0,0,0,0,0,0,0,0,0,0,0,0,-3,9,-4,9,-5,10,-5,10,-6,10,-7,10,-8,10,-9,10,-9,9,-10,9,-10,9,-10,8,-10,9,-9,9,-9,9,-9,9,-9,9,-9,10,-8,10,-8,10,-8,10,-8,11,-8,11,-7,12,-8,12,-8,12]"
2025-08-18 22:01:14.544863,CSI_DATA,1528,1a:00:00:00:00:00,-52,11,0,0,0,0,0,0,0,0,0,-94,0,1,0,259520115,0,42,0,128,0,"[0,0,7,12,7,11,7,11,7,11,7,10,7,10,8,10,8,9,8,9,9,8,9,8,10,8,10,8,10,7,10,7,10,8,11,8,11,8,11,8,10,8,10,8,10,9,10,9,9,10,9,10,8,10,0,0,0,0,0,0,0,0,0,0,0,0,0,0,0,0,0,0,0,0,0,0,7,5,7,6,7,8,7,8,7,9,6,10,5,11,5,11,4,12,4,12,4,12,3,12,4,12,4,12,4,12,3,11,4,11,4,11,5,11,5,11,5,11,6,12,6,11,7,11,7,12,7,12]"
2025-08-18 22:01:14.614361,CSI_DATA,1529,1a:00:00:00:00:00,-51,11,0,0,0,0,0,0,0,0,0,-94,0,1,0,259585365,0,31,0,128,0,"[0,0,-14,-4,-14,-4,-14,-4,-14,-3,-14,-3,-14,-2,-14,-2,-13,-2,-13,-1,-13,0,-13,0,-13,1,-13,1,-14,2,-14,2,-14,2,-14,2,-15,2,-15,2,-15,2,-15,2,-14,1,-14,1,-14,0,-14,0,-14,-1,0,0,0,0,0,0,0,0,0,0,0,0,0,0,0,0,0,0,0,0,0,0,-10,0,-11,-1,-11,-2,-12,-3,-12,-4,-13,-5,-13,-6,-13,-6,-12,-7,-12,-7,-12,-8,-12,-8,-12,-8,-11,-7,-11,-7,-11,-7,-12,-7,-12,-6,-12,-6,-13,-6,-13,-5,-13,-5,-14,-5,-14,-5,-14,-5,-14,-4]"
2025-08-18 22:01:14.815923,CSI_DATA,1530,1a:00:00:00:00:00,-51,11,0,0,0,0,0,0,0,0,0,-94,0,1,0,259786427,0,31,0,128,0,"[0,0,-14,-5,-13,-5,-13,-4,-13,-4,-13,-4,-13,-3,-13,-3,-13,-2,-13,-2,-13,-1,-13,-1,-13,0,-13,0,-13,0,-14,1,-14,1,-14,1,-14,1,-15,1,-14,0,-14,0,-14,-1,-14,-1,-14,-2,-14,-2,-13,-3,0,0,0,0,0,0,0,0,0,0,0,0,0,0,0,0,0,0,0,0,0,0,-10,0,-10,-1,-11,-2,-11,-3,-11,-4,-11,-5,-11,-6,-11,-6,-11,-7,-11,-7,-11,-7,-10,-8,-11,-8,-10,-7,-10,-7,-10,-7,-11,-7,-11,-6,-11,-6,-12,-6,-12,-6,-12,-6,-13,-5,-13,-5,-13,-5,-13,-5]"
2025-08-18 22:01:15.014126,CSI_DATA,1531,1a:00:00:00:00:00,-52,11,0,0,0,0,0,0,0,0,0,-94,0,1,0,259987593,0,31,0,128,0,"[0,0,-13,3,-13,3,-13,3,-12,3,-12,4,-12,4,-11,5,-11,5,-11,5,-11,6,-10,6,-10,7,-10,7,-10,8,-10,8,-11,9,-10,9,-11,9,-12,9,-12,9,-12,8,-12,8,-12,7,-12,7,-13,7,-13,6,0,0,0,0,0,0,0,0,0,0,0,0,0,0,0,0,0,0,0,0,0,0,-9,4,-10,3,-10,3,-11,2,-11,2,-12,1,-13,0,-13,0,-13,-1,-13,-1,-13,-2,-13,-2,-12,-2,-12,-2,-12,-2,-12,-1,-12,-1,-12,0,-13,0,-12,0,-13,0,-13,1,-13,2,-13,2,-13,2,-13,3]"
2025-08-18 22:01:15.219665,CSI_DATA,1532,1a:00:00:00:00:00,-51,11,0,0,0,0,0,0,0,0,0,-94,0,1,0,260189058,0,31,0,128,0,"[0,0,-8,-12,-8,-11,-8,-11,-8,-11,-9,-11,-9,-10,-9,-10,-10,-10,-10,-9,-10,-8,-10,-8,-11,-8,-11,-8,-12,-8,-12,-8,-12,-8,-12,-8,-12,-9,-12,-9,-12,-9,-12,-9,-11,-10,-11,-10,-10,-10,-10,-10,-9,-11,0,0,0,0,0,0,0,0,0,0,0,0,0,0,0,0,0,0,0,0,0,0,-7,-7,-6,-8,-6,-9,-6,-10,-6,-10,-5,-11,-4,-12,-4,-12,-4,-12,-3,-12,-3,-12,-3,-12,-3,-12,-3,-12,-3,-12,-3,-11,-4,-11,-4,-11,-5,-12,-5,-12,-6,-12,-6,-12,-7,-11,-7,-12,-7,-12,-7,-12]"
2025-08-18 22:01:15.414647,CSI_DATA,1533,1a:00:00:00:00:00,-51,11,0,0,0,0,0,0,0,0,0,-94,0,1,0,260389998,0,31,0,128,0,"[0,0,12,-6,11,-7,11,-7,12,-7,11,-7,10,-8,10,-8,10,-8,9,-8,9,-9,9,-9,9,-9,8,-10,8,-10,8,-11,8,-11,8,-11,9,-11,9,-11,9,-11,9,-11,9,-11,9,-10,10,-9,11,-8,11,-8,0,0,0,0,0,0,0,0,0,0,0,0,0,0,0,0,0,0,0,0,0,0,6,-7,7,-7,8,-7,9,-6,10,-6,11,-6,11,-5,12,-5,12,-4,12,-3,12,-3,12,-2,12,-2,12,-2,12,-3,11,-3,11,-4,11,-4,11,-4,11,-5,11,-6,12,-6,12,-6,12,-6,12,-6,12,-6]"
2025-08-18 22:01:15.614985,CSI_DATA,1534,1a:00:00:00:00:00,-52,11,0,0,0,0,0,0,0,0,0,-94,0,1,0,260591200,0,31,0,128,0,"[0,0,14,-2,13,-3,13,-3,13,-3,13,-3,12,-4,12,-4,12,-5,12,-5,11,-6,11,-6,11,-6,11,-7,10,-7,11,-7,11,-8,11,-8,12,-8,12,-8,12,-8,12,-7,12,-7,12,-6,12,-6,12,-6,12,-5,0,0,0,0,0,0,0,0,0,0,0,0,0,0,0,0,0,0,0,0,0,0,8,-5,9,-5,10,-4,11,-3,11,-3,12,-2,12,-1,13,-1,13,0,13,1,13,1,12,1,12,1,12,1,12,1,12,0,12,0,12,0,13,-1,13,-1,13,-1,13,-2,13,-2,13,-2,14,-2,14,-2]"
2025-08-18 22:01:15.823547,CSI_DATA,1535,1a:00:00:00:00:00,-51,11,0,0,0,0,0,0,0,0,0,-94,0,1,0,260792850,0,31,0,128,0,"[0,0,-8,-12,-8,-12,-7,-12,-9,-10,-9,-10,-9,-11,-9,-10,-9,-10,-9,-9,-10,-9,-10,-9,-10,-8,-11,-8,-11,-8,-11,-8,-11,-8,-12,-8,-12,-8,-12,-8,-12,-8,-12,-9,-12,-9,-11,-10,-11,-10,-10,-10,-10,-10,0,0,0,0,0,0,0,0,0,0,0,0,0,0,0,0,0,0,0,0,0,0,-7,-7,-7,-7,-7,-9,-7,-9,-7,-10,-6,-11,-6,-11,-5,-12,-5,-12,-4,-12,-4,-12,-3,-12,-4,-12,-4,-12,-4,-12,-4,-12,-5,-11,-5,-12,-5,-12,-6,-12,-7,-12,-7,-12,-7,-12,-7,-12,-8,-12,-7,-12]"
2025-08-18 22:01:16.019142,CSI_DATA,1536,1a:00:00:00:00:00,-52,11,0,0,0,0,0,0,0,0,0,-94,0,1,0,260993655,0,31,0,128,0,"[0,0,-13,7,-12,7,-12,7,-12,7,-11,7,-11,8,-10,8,-10,8,-10,9,-9,9,-9,9,-8,10,-8,10,-8,11,-8,11,-9,11,-8,11,-9,12,-9,12,-9,12,-10,11,-10,11,-10,10,-10,10,-11,9,-11,9,0,0,0,0,0,0,0,0,0,0,0,0,0,0,0,0,0,0,0,0,0,0,-8,6,-9,6,-9,5,-10,5,-11,5,-12,5,-12,4,-13,4,-13,3,-13,2,-13,2,-13,2,-13,2,-12,2,-13,2,-12,2,-12,3,-12,3,-12,4,-12,4,-12,5,-12,5,-12,6,-12,6,-12,6,-13,7]"
2025-08-18 22:01:16.094807,CSI_DATA,1537,1a:00:00:00:00:00,-52,11,0,0,0,0,0,0,0,0,0,-94,0,1,0,261056116,0,42,0,128,0,"[0,0,2,-14,1,-14,1,-14,0,-14,0,-14,0,-14,-1,-14,-1,-13,-2,-13,-2,-13,-3,-13,-4,-13,-4,-13,-5,-13,-4,-13,-5,-13,-5,-14,-5,-14,-4,-15,-4,-14,-4,-15,-4,-15,-3,-15,-3,-15,-2,-14,-1,-15,0,0,0,0,0,0,0,0,0,0,0,0,0,0,0,0,0,0,0,0,0,0,-2,-10,-1,-11,0,-12,1,-12,1,-13,2,-13,3,-13,4,-13,5,-13,5,-12,5,-12,5,-12,5,-12,5,-12,5,-12,5,-12,4,-12,4,-12,3,-12,3,-13,3,-13,2,-13,2,-13,2,-14,1,-14,2,-14]"
2025-08-18 22:01:16.152316,CSI_DATA,1538,1a:00:00:00:00:00,-52,11,0,0,0,0,0,0,0,0,0,-94,0,1,0,261121611,0,31,0,128,0,"[0,0,-13,-7,-13,-7,-13,-7,-13,-6,-13,-6,-13,-6,-13,-6,-13,-5,-13,-4,-13,-3,-13,-3,-13,-3,-14,-2,-14,-2,-14,-2,-14,-2,-15,-2,-15,-2,-15,-3,-15,-3,-15,-3,-15,-4,-14,-4,-14,-4,-14,-4,-14,-5,0,0,0,0,0,0,0,0,0,0,0,0,0,0,0,0,0,0,0,0,0,0,-10,-2,-11,-3,-11,-5,-11,-5,-11,-6,-11,-7,-11,-8,-11,-9,-10,-10,-10,-9,-10,-9,-10,-9,-10,-9,-10,-9,-9,-9,-9,-9,-10,-8,-10,-8,-10,-8,-11,-8,-11,-8,-11,-8,-12,-7,-13,-7,-13,-7,-13,-7]"
2025-08-18 22:01:16.345610,CSI_DATA,1539,1a:00:00:00:00:00,-52,11,0,0,0,0,0,0,0,0,0,-94,0,1,0,261322675,0,31,0,128,0,"[0,0,13,2,13,2,13,1,13,1,13,1,13,0,13,0,13,-1,12,-2,13,-2,13,-2,13,-3,13,-3,13,-4,13,-4,14,-4,14,-4,14,-4,15,-4,15,-3,15,-3,15,-2,14,-2,14,-1,14,-1,14,0,0,0,0,0,0,0,0,0,0,0,0,0,0,0,0,0,0,0,0,0,0,0,9,-1,9,0,10,1,11,2,11,2,11,3,11,4,11,4,11,5,10,6,10,6,10,6,10,6,10,6,10,5,10,5,10,5,11,4,11,4,11,4,11,3,12,3,12,3,12,3,13,3,13,2]"
2025-08-18 22:01:16.547928,CSI_DATA,1540,1a:00:00:00:00:00,-51,11,0,0,0,0,0,0,0,0,0,-94,0,1,0,261523932,0,31,0,128,0,"[0,0,-8,11,-7,11,-7,11,-7,12,-7,12,-7,11,-6,11,-5,12,-5,12,-5,12,-4,13,-3,13,-3,12,-3,13,-3,14,-3,14,-3,14,-3,14,-3,15,-4,14,-5,14,-5,14,-5,14,-6,14,-6,13,-7,13,0,0,0,0,0,0,0,0,0,0,0,0,0,0,0,0,0,0,0,0,0,0,-4,9,-5,9,-6,9,-6,9,-7,9,-8,9,-9,9,-10,8,-10,8,-11,8,-11,7,-11,7,-10,7,-10,7,-10,7,-10,7,-9,7,-9,8,-9,8,-9,9,-9,9,-8,10,-9,10,-8,10,-8,10,-8,11]"
2025-08-18 22:01:16.753558,CSI_DATA,1541,1a:00:00:00:00:00,-52,11,0,0,0,0,0,0,0,0,0,-94,0,1,0,261725307,0,31,0,128,0,"[0,0,11,-9,10,-9,10,-8,10,-9,9,-10,9,-10,9,-10,8,-11,8,-11,8,-11,7,-11,7,-11,7,-12,6,-12,7,-13,6,-13,7,-13,7,-13,7,-13,8,-13,8,-13,8,-13,9,-12,9,-11,9,-11,10,-10,0,0,0,0,0,0,0,0,0,0,0,0,0,0,0,0,0,0,0,0,0,0,6,-8,7,-7,8,-7,9,-7,9,-7,10,-6,11,-6,11,-5,12,-5,12,-4,12,-4,12,-3,11,-3,11,-3,11,-4,11,-4,11,-5,10,-5,11,-6,11,-6,10,-6,10,-7,11,-7,11,-7,11,-8,11,-8]"
2025-08-18 22:01:16.966438,CSI_DATA,1542,1a:00:00:00:00:00,-52,11,0,0,0,0,0,0,0,0,0,-94,0,1,0,261926441,0,31,0,128,0,"[0,0,5,-12,5,-13,4,-13,4,-13,3,-13,3,-13,3,-13,2,-13,2,-13,1,-13,1,-14,0,-14,-1,-14,-1,-14,-1,-15,-1,-15,-2,-16,-1,-16,-1,-16,-1,-16,0,-16,0,-16,1,-16,1,-16,2,-16,3,-15,0,0,0,0,0,0,0,0,0,0,0,0,0,0,0,0,0,0,0,0,0,0,3,-10,4,-10,5,-10,6,-10,6,-11,7,-10,8,-10,9,-10,9,-9,9,-9,10,-9,10,-8,9,-8,9,-8,9,-8,8,-9,8,-9,8,-9,7,-10,7,-10,7,-10,6,-11,6,-11,6,-12,6,-12,6,-12]"
2025-08-18 22:01:17.147643,CSI_DATA,1543,1a:00:00:00:00:00,-51,11,0,0,0,0,0,0,0,0,0,-94,0,1,0,262127488,0,31,0,128,0,"[0,0,12,3,11,2,12,2,12,2,12,1,12,1,12,0,11,0,11,-1,11,-2,12,-2,12,-2,12,-2,12,-3,12,-3,13,-3,13,-3,13,-3,14,-3,14,-3,14,-2,13,-2,13,-1,14,-1,13,0,13,0,0,0,0,0,0,0,0,0,0,0,0,0,0,0,0,0,0,0,0,0,0,0,9,0,9,1,10,2,10,3,10,3,10,4,10,5,10,5,10,6,10,6,9,6,9,7,9,7,9,6,9,6,9,6,9,5,9,5,10,5,10,5,10,4,10,4,11,4,12,3,11,3,12,3]"
2025-08-18 22:01:17.353212,CSI_DATA,1544,1a:00:00:00:00:00,-51,11,0,0,0,0,0,0,0,0,0,-94,0,1,0,262328663,0,31,0,128,0,"[0,0,10,-11,9,-11,8,-11,9,-11,8,-11,7,-11,7,-11,6,-12,6,-12,5,-12,5,-13,4,-13,4,-13,4,-14,4,-14,4,-15,4,-15,5,-15,5,-15,5,-15,6,-15,6,-15,6,-14,6,-14,7,-13,8,-13,0,0,0,0,0,0,0,0,0,0,0,0,0,0,0,0,0,0,0,0,0,0,4,-8,5,-8,6,-8,7,-8,8,-8,9,-8,9,-8,10,-7,10,-7,10,-7,11,-7,11,-6,10,-6,10,-6,10,-6,10,-7,10,-7,9,-8,9,-8,9,-8,9,-9,9,-9,9,-10,9,-10,9,-10,9,-11]"
2025-08-18 22:01:17.554693,CSI_DATA,1545,1a:00:00:00:00:00,-51,11,0,0,0,0,0,0,0,0,0,-94,0,1,0,262529872,0,31,0,128,0,"[0,0,13,-4,13,-5,12,-5,13,-5,12,-5,12,-5,11,-6,12,-6,11,-7,11,-8,11,-8,10,-8,10,-8,10,-9,10,-10,10,-10,11,-10,11,-10,12,-10,12,-10,12,-9,12,-8,13,-8,12,-7,13,-7,13,-6,0,0,0,0,0,0,0,0,0,0,0,0,0,0,0,0,0,0,0,0,0,0,8,-6,8,-5,10,-5,10,-4,11,-4,11,-3,12,-2,12,-2,12,-1,13,0,12,0,12,0,12,0,12,0,12,0,12,-1,12,-1,12,-2,12,-2,12,-2,12,-3,13,-3,13,-3,13,-4,13,-3,13,-4]"
2025-08-18 22:01:17.624023,CSI_DATA,1546,1a:00:00:00:00:00,-52,11,0,0,0,0,0,0,0,0,0,-94,0,1,0,262592087,0,42,0,128,0,"[0,0,11,8,10,8,11,8,11,7,11,7,11,7,11,6,11,5,11,5,12,4,12,4,12,3,13,3,13,3,13,3,14,3,14,3,14,3,15,3,14,4,14,4,14,5,13,5,14,6,13,6,12,7,0,0,0,0,0,0,0,0,0,0,0,0,0,0,0,0,0,0,0,0,0,0,8,3,9,4,9,5,9,6,9,7,9,8,9,8,8,9,8,9,8,10,7,10,7,10,7,10,7,10,7,9,7,9,8,9,8,9,8,9,9,9,9,8,10,8,10,8,11,9,10,9,11,8]"
2025-08-18 22:01:17.686923,CSI_DATA,1547,1a:00:00:00:00:00,-52,11,0,0,0,0,0,0,0,0,0,-94,0,1,0,262657743,0,31,0,128,0,"[0,0,-2,-14,-3,-14,-3,-14,-3,-14,-4,-14,-4,-14,-5,-13,-5,-13,-6,-13,-6,-13,-7,-13,-8,-12,-8,-13,-9,-13,-9,-13,-9,-13,-9,-14,-9,-14,-9,-14,-9,-15,-8,-15,-8,-15,-7,-15,-7,-16,-6,-15,-5,-16,0,0,0,0,0,0,0,0,0,0,0,0,0,0,0,0,0,0,0,0,0,0,-3,-10,-2,-10,-2,-11,-1,-11,-1,-12,0,-12,1,-13,2,-13,2,-13,2,-13,3,-13,3,-12,3,-12,3,-12,2,-12,2,-12,2,-12,1,-12,1,-13,0,-13,0,-13,-1,-13,-1,-13,-2,-14,-2,-14,-2,-14]"
2025-08-18 22:01:17.876691,CSI_DATA,1548,1a:00:00:00:00:00,-51,11,0,0,0,0,0,0,0,0,0,-94,0,1,0,262858941,0,31,0,128,0,"[0,0,9,8,9,8,9,8,9,7,9,7,9,7,10,6,10,6,10,5,10,5,10,4,11,4,11,4,12,4,12,4,12,3,13,4,13,4,13,4,13,5,13,5,13,6,12,6,12,7,11,7,11,8,0,0,0,0,0,0,0,0,0,0,0,0,0,0,0,0,0,0,0,0,0,0,7,4,7,5,7,6,7,7,7,7,6,8,6,9,6,9,5,10,5,10,4,10,4,10,5,10,5,10,5,10,5,9,5,9,6,9,6,9,6,9,7,9,7,9,7,8,8,9,8,9,9,8]"
2025-08-18 22:01:18.085594,CSI_DATA,1549,1a:00:00:00:00:00,-51,11,0,0,0,0,0,0,0,0,0,-94,0,1,0,263060090,0,31,0,128,0,"[0,0,-14,3,-13,3,-13,3,-12,3,-12,4,-12,4,-12,4,-11,5,-11,5,-10,6,-10,6,-10,6,-10,7,-10,7,-10,8,-10,8,-10,8,-11,9,-11,8,-11,8,-12,8,-12,7,-12,7,-12,7,-12,6,-13,6,0,0,0,0,0,0,0,0,0,0,0,0,0,0,0,0,0,0,0,0,0,0,-8,4,-9,4,-10,3,-11,3,-11,2,-12,2,-12,1,-13,1,-13,0,-13,0,-13,-1,-12,-1,-13,-1,-12,-1,-12,-1,-12,0,-12,0,-12,1,-13,1,-12,1,-13,1,-13,2,-13,2,-13,2,-13,3,-13,3]"
2025-08-18 22:01:18.285899,CSI_DATA,1550,1a:00:00:00:00:00,-51,11,0,0,0,0,0,0,0,0,0,-94,0,1,0,263262761,0,31,0,128,0,"[0,0,-4,14,-3,13,-3,14,-2,13,-2,14,-1,13,-1,13,0,13,0,12,1,12,1,12,2,13,2,13,3,13,3,13,3,13,3,13,3,14,3,14,3,14,2,14,2,15,2,14,1,14,0,14,-1,14,0,0,0,0,0,0,0,0,0,0,0,0,0,0,0,0,0,0,0,0,0,0,1,10,0,11,-1,11,-2,12,-2,12,-4,12,-4,12,-5,12,-6,12,-6,12,-7,12,-7,11,-6,11,-6,11,-6,12,-6,11,-6,12,-5,12,-5,12,-4,12,-4,13,-4,13,-4,13,-3,14,-3,14,-4,14]"
2025-08-18 22:01:18.504113,CSI_DATA,1551,1a:00:00:00:00:00,-52,11,0,0,0,0,0,0,0,0,0,-94,0,1,0,263462478,0,31,0,128,0,"[0,0,2,-14,2,-13,2,-12,3,-14,-1,-14,0,-13,0,-12,-2,-12,-2,-14,-1,-13,-1,-12,-1,-12,-6,-14,-3,-13,-6,-11,-7,-13,-5,-12,-4,-13,-5,-16,-4,-15,-6,-14,-4,-15,-4,-14,-3,-15,-2,-16,-3,-15,0,0,0,0,0,0,0,0,0,0,0,0,0,0,0,0,0,0,0,0,0,0,-1,-10,0,-11,1,-11,2,-11,2,-12,3,-12,4,-12,5,-12,5,-12,6,-11,6,-11,6,-11,6,-11,6,-11,5,-11,5,-11,5,-11,4,-12,4,-11,3,-12,3,-12,3,-12,3,-12,2,-14,3,-13,3,-13]"
2025-08-18 22:01:18.689004,CSI_DATA,1552,1a:00:00:00:00:00,-52,11,0,0,0,0,0,0,0,0,0,-94,0,1,0,263663587,0,31,0,128,0,"[0,0,-14,4,-13,5,-13,5,-12,5,-12,6,-11,6,-11,6,-11,7,-10,7,-10,8,-10,8,-9,9,-9,9,-9,10,-9,10,-9,11,-9,11,-10,11,-10,11,-10,11,-11,11,-11,10,-11,10,-12,9,-12,9,-13,8,0,0,0,0,0,0,0,0,0,0,0,0,0,0,0,0,0,0,0,0,0,0,-9,5,-10,5,-10,4,-11,4,-12,3,-13,3,-13,2,-13,2,-13,1,-13,0,-13,0,-13,0,-13,0,-13,0,-13,0,-13,1,-13,1,-12,2,-13,2,-13,2,-13,3,-13,3,-13,4,-13,4,-13,4,-13,5]"
2025-08-18 22:01:18.887945,CSI_DATA,1553,1a:00:00:00:00:00,-52,11,0,0,0,0,0,0,0,0,0,-94,0,1,0,263864750,0,31,0,128,0,"[0,0,13,-1,12,-2,12,-2,12,-2,12,-3,11,-4,11,-4,11,-5,10,-6,10,-6,10,-7,10,-7,10,-8,9,-8,10,-10,10,-10,10,-10,11,-10,11,-11,11,-11,11,-10,12,-10,12,-9,12,-9,13,-8,13,-7,0,0,0,0,0,0,0,0,0,0,0,0,0,0,0,0,0,0,0,0,0,0,10,-3,11,-2,12,-1,12,0,13,0,13,1,13,2,13,3,13,3,13,4,13,5,12,5,12,5,12,5,12,4,12,4,12,3,12,3,12,2,13,2,12,1,13,1,13,1,13,1,13,0,13,0]"
2025-08-18 22:01:19.089149,CSI_DATA,1554,1a:00:00:00:00:00,-52,11,0,0,0,0,0,0,0,0,0,-94,0,1,0,264066061,0,31,0,128,0,"[0,0,13,-1,13,-1,12,-1,12,-2,12,-2,12,-3,12,-3,11,-4,11,-4,11,-5,11,-6,11,-6,10,-6,11,-7,11,-7,12,-8,11,-8,12,-8,12,-8,12,-7,13,-8,13,-7,13,-7,13,-6,13,-6,14,-5,0,0,0,0,0,0,0,0,0,0,0,0,0,0,0,0,0,0,0,0,0,0,8,-4,10,-3,10,-3,11,-2,11,-1,12,-1,13,0,13,1,13,2,12,2,12,2,12,3,12,3,12,3,12,3,12,2,12,2,12,2,12,1,12,1,12,1,13,1,13,0,13,0,13,0,13,-1]"
2025-08-18 22:01:19.163035,CSI_DATA,1555,1a:00:00:00:00:00,-51,11,0,0,0,0,0,0,0,0,0,-94,0,1,0,264128092,0,42,0,128,0,"[0,0,-11,9,-10,8,-10,9,-9,9,-9,9,-9,9,-8,9,-8,10,-7,10,-6,11,-6,11,-5,11,-5,11,-5,12,-5,12,-6,13,-5,13,-6,14,-6,13,-7,13,-7,13,-8,13,-7,12,-8,12,-9,12,-9,11,0,0,0,0,0,0,0,0,0,0,0,0,0,0,0,0,0,0,0,0,0,0,-5,8,-7,8,-7,8,-8,8,-9,8,-10,8,-11,7,-12,7,-12,6,-12,6,-12,6,-12,5,-12,5,-12,5,-12,5,-11,5,-11,6,-11,6,-11,6,-11,6,-11,7,-11,7,-11,8,-11,8,-10,8,-10,9]"
2025-08-18 22:01:19.218688,CSI_DATA,1556,1a:00:00:00:00:00,-51,11,0,0,0,0,0,0,0,0,0,-94,0,1,0,264194738,0,31,0,128,0,"[0,0,11,-8,10,-8,10,-8,10,-8,9,-9,9,-9,8,-9,8,-9,7,-10,7,-10,7,-10,6,-11,6,-11,6,-12,6,-12,5,-12,5,-13,6,-13,6,-13,6,-13,6,-13,7,-13,7,-12,8,-12,8,-11,9,-11,0,0,0,0,0,0,0,0,0,0,0,0,0,0,0,0,0,0,0,0,0,0,6,-9,7,-9,8,-8,9,-8,9,-8,11,-7,12,-7,12,-6,12,-6,12,-5,12,-5,13,-4,12,-4,12,-4,12,-4,12,-5,11,-5,11,-5,11,-6,11,-6,11,-6,11,-7,12,-7,11,-7,12,-7,11,-8]"
2025-08-18 22:01:19.419360,CSI_DATA,1557,1a:00:00:00:00:00,-51,11,0,0,0,0,0,0,0,0,0,-94,0,1,0,264396360,0,31,0,128,0,"[0,0,12,1,12,0,12,-1,12,-1,12,-2,12,-2,12,-3,12,-3,11,-4,12,-5,11,-5,11,-6,11,-7,12,-7,12,-8,12,-8,13,-8,13,-8,13,-8,14,-8,14,-8,14,-7,14,-6,14,-6,15,-5,15,-4,0,0,0,0,0,0,0,0,0,0,0,0,0,0,0,0,0,0,0,0,0,0,9,-1,10,-1,11,0,11,1,11,2,11,3,12,4,11,4,12,5,11,5,11,6,11,6,11,6,10,5,10,5,11,4,11,4,11,4,11,3,11,3,12,3,12,2,12,2,12,2,12,2,12,1]"
2025-08-18 22:01:19.620276,CSI_DATA,1558,1a:00:00:00:00:00,-52,11,0,0,0,0,0,0,0,0,0,-94,0,1,0,264596114,0,31,0,128,0,"[0,0,-6,13,-6,12,-5,12,-5,12,-4,12,-4,12,-3,12,-2,12,-2,12,-1,12,-1,12,0,13,0,13,0,14,0,13,0,14,0,14,0,14,0,15,0,15,-1,15,-2,15,-2,15,-2,14,-3,14,-4,14,0,0,0,0,0,0,0,0,0,0,0,0,0,0,0,0,0,0,0,0,0,0,-2,9,-3,10,-4,10,-5,11,-5,11,-6,11,-7,11,-8,11,-9,10,-9,10,-9,10,-9,9,-9,10,-9,9,-9,10,-9,9,-8,10,-8,10,-7,10,-7,11,-7,11,-7,11,-7,12,-6,12,-6,12,-6,12]"
2025-08-18 22:01:19.828368,CSI_DATA,1559,1a:00:00:00:00:00,-52,11,0,0,0,0,0,0,0,0,0,-94,0,1,0,264797225,0,31,0,128,0,"[0,0,-7,-12,-7,-12,-7,-12,-7,-11,-8,-11,-8,-11,-8,-10,-9,-10,-9,-9,-10,-9,-11,-8,-11,-8,-12,-8,-12,-8,-12,-8,-13,-8,-13,-8,-13,-9,-13,-9,-13,-10,-13,-10,-13,-11,-12,-11,-12,-11,-12,-11,-11,-12,0,0,0,0,0,0,0,0,0,0,0,0,0,0,0,0,0,0,0,0,0,0,-7,-8,-7,-9,-6,-10,-6,-11,-6,-11,-5,-12,-4,-13,-4,-13,-3,-13,-3,-13,-3,-13,-2,-13,-2,-13,-2,-13,-3,-13,-2,-12,-3,-12,-3,-12,-4,-13,-4,-12,-5,-12,-5,-13,-6,-12,-6,-12,-6,-12,-6,-12]"
2025-08-18 22:01:20.037757,CSI_DATA,1560,1a:00:00:00:00:00,-52,11,0,0,0,0,0,0,0,0,0,-94,0,1,0,264998694,0,31,0,128,0,"[0,0,-13,-5,-13,-4,-12,-4,-13,-4,-12,-3,-13,-3,-12,-2,-13,-2,-13,-1,-13,0,-13,0,-13,0,-13,1,-14,1,-14,2,-14,2,-15,2,-15,2,-15,2,-16,1,-16,1,-16,0,-16,-1,-16,-1,-15,-2,-16,-3,0,0,0,0,0,0,0,0,0,0,0,0,0,0,0,0,0,0,0,0,0,0,-9,-1,-10,-2,-10,-3,-11,-4,-11,-5,-11,-5,-11,-6,-11,-7,-11,-7,-10,-8,-10,-8,-10,-8,-10,-8,-10,-8,-10,-8,-10,-7,-10,-7,-11,-6,-10,-7,-11,-6,-11,-6,-12,-6,-12,-5,-12,-5,-12,-5,-13,-5]"
2025-08-18 22:01:20.218973,CSI_DATA,1561,1a:00:00:00:00:00,-52,11,0,0,0,0,0,0,0,0,0,-94,0,1,0,265199718,0,31,0,128,0,"[0,0,8,10,8,9,8,9,9,8,9,8,9,8,9,7,10,7,10,6,10,6,11,5,11,5,11,5,12,5,12,4,13,4,13,5,13,5,13,5,13,6,13,6,13,6,12,7,12,7,11,8,11,8,0,0,0,0,0,0,0,0,0,0,0,0,0,0,0,0,0,0,0,0,0,0,7,5,7,6,6,7,6,8,6,9,6,10,5,10,5,11,5,11,4,11,3,11,3,11,3,11,3,11,4,11,4,10,4,10,5,10,5,10,6,10,6,10,6,10,7,10,7,10,8,10,8,10]"
2025-08-18 22:01:20.427401,CSI_DATA,1562,1a:00:00:00:00:00,-51,11,0,0,0,0,0,0,0,0,0,-94,0,1,0,265400952,0,31,0,128,0,"[0,0,3,-12,3,-13,2,-12,2,-13,1,-12,1,-12,0,-12,0,-12,-1,-12,-1,-13,-1,-13,-2,-13,-2,-13,-3,-13,-3,-14,-3,-13,-4,-14,-3,-14,-3,-15,-3,-15,-2,-15,-2,-15,-2,-15,-1,-15,0,-14,0,-14,0,0,0,0,0,0,0,0,0,0,0,0,0,0,0,0,0,0,0,0,0,0,1,-10,1,-10,2,-11,3,-10,4,-11,5,-11,5,-11,6,-11,7,-11,7,-10,7,-10,7,-10,7,-10,7,-10,6,-10,6,-10,6,-10,6,-11,5,-10,5,-11,4,-11,4,-11,4,-12,4,-12,4,-12,4,-12]"
2025-08-18 22:01:20.625744,CSI_DATA,1563,1a:00:00:00:00:00,-51,11,0,0,0,0,0,0,0,0,0,-94,0,1,0,265602089,0,31,0,128,0,"[0,0,12,-4,11,-4,11,-4,11,-5,11,-5,11,-5,10,-6,10,-6,10,-7,9,-7,9,-8,9,-8,9,-9,9,-9,9,-9,9,-10,9,-10,10,-10,11,-10,11,-10,11,-10,11,-9,11,-9,11,-8,11,-8,12,-7,0,0,0,0,0,0,0,0,0,0,0,0,0,0,0,0,0,0,0,0,0,0,7,-5,8,-4,9,-4,10,-3,10,-3,11,-2,11,-1,11,-1,12,0,11,0,12,0,11,1,11,1,11,1,11,0,11,0,11,0,11,-1,11,-1,11,-1,11,-2,11,-2,11,-3,12,-3,12,-3,12,-4]"
2025-08-18 22:01:20.691374,CSI_DATA,1564,1a:00:00:00:00:00,-52,11,0,0,0,0,0,0,0,0,0,-94,0,1,0,265666276,0,42,0,128,0,"[0,0,-12,7,-11,7,-11,8,-11,8,-10,8,-10,9,-9,9,-9,9,-8,10,-8,10,-8,10,-7,10,-7,11,-7,12,-6,12,-7,13,-7,12,-7,13,-7,13,-8,13,-8,13,-8,13,-9,12,-10,12,-10,11,-11,11,0,0,0,0,0,0,0,0,0,0,0,0,0,0,0,0,0,0,0,0,0,0,-7,6,-8,6,-9,6,-10,6,-11,5,-12,5,-12,4,-13,4,-13,4,-13,2,-13,2,-13,2,-13,2,-13,2,-12,2,-12,3,-12,3,-12,3,-12,4,-12,5,-12,5,-12,5,-12,6,-12,6,-12,6,-12,7]"
2025-08-18 22:01:20.756892,CSI_DATA,1565,1a:00:00:00:00:00,-52,11,0,0,0,0,0,0,0,0,0,-94,0,1,0,265729430,0,31,0,128,0,"[0,0,1,-14,0,-14,0,-14,0,-14,-1,-14,-1,-13,-2,-13,-2,-13,-3,-13,-3,-13,-4,-13,-5,-13,-5,-13,-6,-13,-6,-13,-6,-13,-6,-14,-6,-14,-6,-15,-6,-15,-5,-15,-5,-15,-4,-15,-4,-15,-3,-15,-2,-15,0,0,0,0,0,0,0,0,0,0,0,0,0,0,0,0,0,0,0,0,0,0,-2,-10,-2,-10,-1,-11,0,-12,0,-12,2,-13,3,-13,3,-13,4,-13,4,-13,5,-12,5,-12,5,-12,4,-12,4,-12,4,-12,4,-12,3,-12,3,-12,2,-13,2,-13,2,-13,2,-13,1,-14,1,-14,1,-14]"
2025-08-18 22:01:20.952168,CSI_DATA,1566,1a:00:00:00:00:00,-51,11,0,0,0,0,0,0,0,0,0,-94,0,1,0,265930478,0,31,0,128,0,"[0,0,0,13,1,13,1,12,1,13,2,12,2,12,3,12,3,11,4,11,5,11,5,11,6,11,6,11,7,10,7,11,8,11,8,12,8,12,8,12,7,12,7,12,7,13,6,13,6,13,5,13,4,13,0,0,0,0,0,0,0,0,0,0,0,0,0,0,0,0,0,0,0,0,0,0,2,9,2,9,1,10,0,11,0,11,-1,12,-2,12,-3,12,-3,12,-4,12,-4,12,-4,12,-4,12,-4,11,-4,11,-3,12,-3,11,-3,12,-2,12,-2,12,-1,12,-1,12,-1,13,0,13,0,13,0,13]"
2025-08-18 22:01:21.160550,CSI_DATA,1567,1a:00:00:00:00:00,-52,11,0,0,0,0,0,0,0,0,0,-94,0,1,0,266131617,0,31,0,128,0,"[0,0,-12,-5,-12,-5,-12,-4,-12,-4,-12,-4,-13,-3,-12,-3,-12,-2,-12,-1,-12,-1,-12,0,-12,0,-13,1,-13,1,-13,2,-14,2,-14,2,-14,2,-15,2,-15,1,-15,1,-15,0,-15,0,-15,-1,-14,-2,-14,-2,0,0,0,0,0,0,0,0,0,0,0,0,0,0,0,0,0,0,0,0,0,0,-10,-2,-10,-3,-11,-4,-11,-4,-11,-5,-11,-6,-11,-7,-11,-7,-11,-8,-10,-9,-10,-9,-9,-9,-10,-9,-11,-10,-10,-9,-10,-8,-10,-8,-10,-7,-10,-7,-11,-7,-11,-7,-11,-7,-12,-6,-12,-6,-12,-6,-12,-5]"
2025-08-18 22:01:21.358439,CSI_DATA,1568,1a:00:00:00:00:00,-52,11,0,0,0,0,0,0,0,0,0,-94,0,1,0,266332914,0,31,0,128,0,"[0,0,-13,5,-12,5,-12,5,-12,5,-11,6,-11,6,-10,6,-10,7,-10,7,-9,8,-9,8,-8,9,-8,9,-8,10,-8,10,-8,11,-9,11,-9,11,-9,11,-10,11,-10,11,-10,10,-11,10,-11,10,-11,9,-12,9,0,0,0,0,0,0,0,0,0,0,0,0,0,0,0,0,0,0,0,0,0,0,-8,6,-9,6,-10,5,-11,5,-12,4,-13,4,-13,3,-14,2,-14,2,-14,1,-14,1,-14,1,-13,1,-13,1,-13,1,-13,1,-13,1,-13,2,-13,2,-13,2,-13,3,-13,3,-13,4,-13,4,-13,4,-13,5]"
2025-08-18 22:01:21.565398,CSI_DATA,1569,1a:00:00:00:00:00,-52,11,0,0,0,0,0,0,0,0,0,-94,0,1,0,266534182,0,31,0,128,0,"[0,0,6,11,7,10,7,10,7,9,8,10,8,9,8,8,8,8,8,7,9,6,10,6,10,6,11,6,10,6,11,6,12,5,12,6,12,6,12,7,12,6,12,7,12,8,11,8,11,8,10,8,10,9,0,0,0,0,0,0,0,0,0,0,0,0,0,0,0,0,0,0,0,0,0,0,7,6,7,7,6,8,6,9,6,9,6,10,5,11,4,11,4,12,3,12,3,12,3,12,3,12,3,12,3,12,3,11,3,11,4,10,2,10,3,14,5,13,1,9,6,11,6,10,6,11,6,10]"
2025-08-18 22:01:21.754713,CSI_DATA,1570,1a:00:00:00:00:00,-52,11,0,0,0,0,0,0,0,0,0,-94,0,1,0,266735274,0,31,0,128,0,"[0,0,12,6,11,5,11,5,11,4,12,4,12,3,11,3,12,2,11,1,12,1,12,0,12,0,12,-1,13,-1,13,-1,13,-2,14,-1,14,-1,14,-1,14,-1,14,0,14,0,14,1,14,1,14,2,14,3,0,0,0,0,0,0,0,0,0,0,0,0,0,0,0,0,0,0,0,0,0,0,9,1,10,2,10,3,10,4,10,5,11,6,10,7,10,7,10,8,9,8,9,9,8,9,9,9,9,8,9,8,8,8,9,7,9,7,10,7,10,7,10,7,11,7,11,6,11,6,11,6,12,6]"
2025-08-18 22:01:21.964853,CSI_DATA,1571,1a:00:00:00:00:00,-52,11,0,0,0,0,0,0,0,0,0,-94,0,1,0,266936431,0,31,0,128,0,"[0,0,0,-14,-1,-14,-1,-14,-1,-13,-2,-13,-2,-13,-3,-13,-3,-13,-4,-12,-4,-12,-5,-12,-6,-12,-7,-12,-7,-12,-7,-12,-8,-12,-8,-13,-8,-13,-7,-14,-7,-14,-7,-14,-6,-14,-6,-14,-6,-14,-5,-14,-4,-14,0,0,0,0,0,0,0,0,0,0,0,0,0,0,0,0,0,0,0,0,0,0,-4,-10,-3,-11,-2,-12,-1,-12,-1,-13,0,-13,1,-14,2,-14,3,-14,3,-14,3,-14,4,-13,3,-13,3,-13,3,-13,3,-13,3,-13,2,-13,2,-14,2,-14,1,-13,1,-14,1,-14,0,-14,0,-14,0,-14]"
2025-08-18 22:01:22.162627,CSI_DATA,1572,1a:00:00:00:00:00,-52,11,0,0,0,0,0,0,0,0,0,-94,0,1,0,267137565,0,31,0,128,0,"[0,0,12,-6,12,-6,11,-6,11,-7,11,-7,10,-7,10,-8,9,-8,9,-9,9,-9,9,-10,8,-10,8,-11,8,-11,8,-11,8,-12,8,-12,9,-12,9,-12,9,-12,9,-12,9,-12,10,-11,10,-11,11,-10,11,-10,0,0,0,0,0,0,0,0,0,0,0,0,0,0,0,0,0,0,0,0,0,0,8,-6,9,-6,9,-6,10,-5,11,-5,12,-4,13,-4,13,-3,13,-2,13,-2,13,-1,13,-1,13,-1,12,-1,12,-1,12,-2,12,-2,12,-3,12,-3,12,-3,12,-4,12,-4,13,-5,13,-5,13,-5,13,-5]"
2025-08-18 22:01:22.227244,CSI_DATA,1573,1a:00:00:00:00:00,-52,11,0,0,0,0,0,0,0,0,0,-94,0,1,0,267200094,0,42,0,128,0,"[0,0,12,-5,12,-6,11,-6,11,-6,11,-6,11,-6,10,-7,10,-7,9,-8,9,-9,9,-9,8,-10,8,-10,8,-10,8,-11,8,-11,9,-11,9,-12,10,-12,10,-11,10,-11,10,-10,11,-10,11,-10,11,-9,11,-8,0,0,0,0,0,0,0,0,0,0,0,0,0,0,0,0,0,0,0,0,0,0,7,-6,8,-6,9,-6,10,-5,11,-5,11,-4,12,-4,13,-3,13,-2,13,-2,13,-2,13,-1,12,-1,12,-1,12,-1,12,-2,12,-2,12,-3,12,-3,12,-3,12,-3,12,-4,12,-4,12,-5,12,-4,12,-5]"
2025-08-18 22:01:22.294626,CSI_DATA,1574,1a:00:00:00:00:00,-52,11,0,0,0,0,0,0,0,0,0,-94,0,1,0,267265461,0,31,0,128,0,"[0,0,-12,-5,-12,-5,-12,-5,-12,-4,-12,-4,-12,-4,-12,-3,-12,-3,-12,-2,-12,-1,-12,0,-12,0,-12,1,-13,1,-13,1,-13,1,-13,1,-14,1,-14,0,-14,0,-15,0,-14,-1,-14,-1,-14,-1,-14,-1,-14,-2,0,0,0,0,0,0,0,0,0,0,0,0,0,0,0,0,0,0,0,0,0,0,-9,-1,-10,-2,-10,-3,-11,-4,-11,-5,-11,-6,-11,-7,-11,-8,-10,-8,-10,-8,-10,-8,-10,-8,-10,-8,-10,-8,-10,-8,-9,-8,-10,-7,-10,-7,-10,-7,-10,-7,-11,-7,-11,-7,-11,-6,-12,-5,-12,-5,-12,-5]"
2025-08-18 22:01:22.484765,CSI_DATA,1575,1a:00:00:00:00:00,-52,11,0,0,0,0,0,0,0,0,0,-94,0,1,0,267466726,0,31,0,128,0,"[0,0,10,8,10,7,10,7,10,7,11,6,10,6,11,5,11,4,11,4,11,3,11,3,12,2,12,2,12,2,13,1,13,1,13,2,14,2,14,2,14,2,14,2,13,3,13,3,13,4,12,4,12,5,0,0,0,0,0,0,0,0,0,0,0,0,0,0,0,0,0,0,0,0,0,0,9,3,9,4,9,5,9,6,9,7,9,8,9,9,9,9,8,10,8,10,7,10,7,10,7,10,7,10,7,10,7,10,7,9,8,9,8,9,8,9,9,9,9,9,9,8,10,8,10,8,10,8]"
2025-08-18 22:01:22.689437,CSI_DATA,1576,1a:00:00:00:00:00,-51,11,0,0,0,0,0,0,0,0,0,-94,0,1,0,267667795,0,31,0,128,0,"[0,0,1,13,2,13,2,12,3,12,3,12,3,12,4,12,5,12,5,11,5,11,6,11,6,11,7,11,7,11,7,11,8,11,8,12,8,12,8,12,8,12,7,13,7,13,6,13,5,13,5,13,4,13,0,0,0,0,0,0,0,0,0,0,0,0,0,0,0,0,0,0,0,0,0,0,3,9,3,9,2,10,2,11,1,12,0,12,-1,13,-1,13,-2,13,-3,13,-3,13,-3,12,-3,12,-3,12,-3,12,-3,11,-2,12,-2,12,-1,12,-1,12,0,12,0,12,0,12,1,13,1,13,1,13]"
2025-08-18 22:01:22.890353,CSI_DATA,1577,1a:00:00:00:00:00,-52,11,0,0,0,0,0,0,0,0,0,-94,0,1,0,267868944,0,31,0,128,0,"[0,0,0,13,0,13,1,12,1,12,2,12,2,11,2,12,3,11,3,11,4,11,4,11,5,11,6,11,6,11,6,11,7,11,7,12,7,12,7,12,7,12,6,13,6,13,6,13,5,13,4,13,3,13,0,0,0,0,0,0,0,0,0,0,0,0,0,0,0,0,0,0,0,0,0,0,2,9,1,10,1,10,0,11,-1,11,-2,12,-2,12,-3,12,-4,12,-4,12,-5,12,-5,11,-5,11,-4,11,-4,11,-4,11,-4,11,-3,11,-3,11,-2,12,-2,12,-1,12,-1,12,0,12,-1,13,0,12]"
2025-08-18 22:01:23.091509,CSI_DATA,1578,1a:00:00:00:00:00,-52,11,0,0,0,0,0,0,0,0,0,-94,0,1,0,268070110,0,31,0,128,0,"[0,0,1,13,1,13,2,13,2,13,3,12,3,12,4,12,4,11,4,11,5,10,6,11,6,10,7,11,7,11,8,11,8,11,9,12,8,12,8,13,8,12,8,13,8,13,6,13,7,13,6,14,5,13,0,0,0,0,0,0,0,0,0,0,0,0,0,0,0,0,0,0,0,0,0,0,3,9,2,10,2,11,1,11,1,12,0,13,-1,13,-2,13,-3,13,-3,13,-3,13,-4,12,-4,13,-3,12,-3,12,-3,12,-3,12,-2,12,-2,12,-1,13,-1,13,-1,13,0,13,0,13,0,13,1,13]"
2025-08-18 22:01:23.310900,CSI_DATA,1579,1a:00:00:00:00:00,-52,11,0,0,0,0,0,0,0,0,0,-94,0,1,0,268271262,0,31,0,128,0,"[0,0,-13,-5,-13,-5,-13,-4,-13,-3,-13,-3,-13,-2,-13,-2,-13,-1,-13,-1,-13,0,-13,1,-13,1,-14,2,-14,2,-14,3,-14,3,-15,3,-15,3,-16,3,-16,3,-16,2,-16,1,-16,1,-16,0,-16,0,-16,-1,0,0,0,0,0,0,0,0,0,0,0,0,0,0,0,0,0,0,0,0,0,0,-10,-2,-11,-3,-11,-4,-11,-5,-12,-6,-12,-6,-12,-7,-11,-8,-11,-8,-11,-9,-10,-9,-10,-9,-10,-9,-10,-9,-10,-9,-10,-8,-10,-8,-11,-8,-11,-7,-11,-7,-12,-7,-12,-6,-12,-6,-12,-6,-13,-5,-13,-5]"
2025-08-18 22:01:23.496602,CSI_DATA,1580,1a:00:00:00:00:00,-52,11,0,0,0,0,0,0,0,0,0,-94,0,1,0,268472492,0,31,0,128,0,"[0,0,7,-11,6,-11,6,-11,6,-11,5,-12,5,-12,4,-12,4,-12,3,-12,3,-12,2,-13,2,-13,1,-13,1,-14,1,-14,1,-14,1,-15,1,-15,1,-15,2,-15,2,-15,3,-15,3,-15,4,-15,4,-14,5,-14,0,0,0,0,0,0,0,0,0,0,0,0,0,0,0,0,0,0,0,0,0,0,3,-9,4,-9,5,-10,6,-10,7,-9,8,-10,8,-10,10,-9,10,-9,10,-8,10,-7,10,-7,10,-7,10,-7,10,-8,9,-7,9,-7,8,-8,8,-9,8,-9,8,-9,8,-10,8,-10,7,-10,8,-11,7,-11]"
2025-08-18 22:01:23.704678,CSI_DATA,1581,1a:00:00:00:00:00,-52,11,0,0,0,0,0,0,0,0,0,-94,0,1,0,268674119,0,31,0,128,0,"[0,0,-12,-7,-12,-7,-12,-7,-13,-6,-12,-6,-12,-6,-13,-5,-13,-4,-13,-4,-13,-3,-14,-2,-14,-2,-14,-2,-13,-2,-16,-1,-14,-1,-16,-2,-19,1,-16,-3,-18,-5,-17,-1,-16,-3,-16,-4,-16,-5,-15,-5,-15,-6,0,0,0,0,0,0,0,0,0,0,0,0,0,0,0,0,0,0,0,0,0,0,-10,-4,-10,-5,-10,-6,-10,-6,-11,-8,-10,-8,-10,-9,-10,-10,-9,-10,-9,-11,-8,-11,-8,-11,-8,-11,-8,-11,-8,-10,-8,-10,-8,-10,-9,-9,-9,-9,-10,-9,-10,-9,-10,-9,-11,-9,-11,-8,-11,-8,-11,-8]"
2025-08-18 22:01:23.755821,CSI_DATA,1582,1a:00:00:00:00:00,-52,11,0,0,0,0,0,0,0,0,0,-94,0,1,0,268736222,0,42,0,128,0,"[0,0,6,11,7,11,7,11,7,10,7,10,8,10,8,9,9,9,9,8,10,8,10,8,10,7,11,7,11,7,12,7,12,7,12,8,13,8,13,8,12,9,12,9,12,10,12,10,11,10,10,10,10,11,0,0,0,0,0,0,0,0,0,0,0,0,0,0,0,0,0,0,0,0,0,0,6,7,6,8,6,9,5,9,5,10,4,11,4,12,3,12,2,13,2,13,1,13,1,13,1,12,2,12,2,12,2,12,2,12,3,12,3,12,4,11,4,11,5,12,5,11,5,12,6,11,6,11]"
2025-08-18 22:01:23.824133,CSI_DATA,1583,1a:00:00:00:00:00,-52,11,0,0,0,0,0,0,0,0,0,-94,0,1,0,268802527,0,31,0,128,0,"[0,0,12,3,12,3,12,2,12,1,13,1,12,0,12,0,12,-1,12,-2,12,-2,12,-3,12,-3,13,-3,13,-4,13,-4,14,-4,14,-4,14,-4,15,-4,15,-4,15,-3,15,-3,15,-2,15,-1,15,-1,15,0,0,0,0,0,0,0,0,0,0,0,0,0,0,0,0,0,0,0,0,0,0,0,9,0,10,0,10,1,10,3,11,3,11,4,11,5,11,5,11,6,10,7,10,7,10,7,9,7,9,7,10,7,9,6,10,6,10,5,10,5,11,5,11,4,11,4,12,4,12,3,12,3,13,3]"
2025-08-18 22:01:24.028258,CSI_DATA,1584,1a:00:00:00:00:00,-52,11,0,0,0,0,0,0,0,0,0,-94,0,1,0,269003305,0,31,0,128,0,"[0,0,12,-7,11,-8,10,-7,11,-8,10,-8,10,-9,9,-9,9,-10,8,-10,8,-11,8,-11,7,-11,7,-12,7,-12,7,-13,7,-13,8,-14,8,-14,8,-14,9,-14,9,-13,9,-13,10,-12,10,-12,11,-11,11,-11,0,0,0,0,0,0,0,0,0,0,0,0,0,0,0,0,0,0,0,0,0,0,7,-7,8,-7,9,-7,9,-6,11,-6,11,-5,12,-5,12,-4,13,-4,13,-3,13,-3,13,-2,12,-2,12,-2,12,-3,12,-3,12,-3,12,-4,11,-4,11,-5,11,-5,12,-6,12,-6,12,-6,11,-6,12,-7]"
2025-08-18 22:01:24.235228,CSI_DATA,1585,1a:00:00:00:00:00,-52,11,0,0,0,0,0,0,0,0,0,-94,0,1,0,269204472,0,31,0,128,0,"[0,0,-7,-12,-7,-12,-7,-12,-8,-11,-8,-11,-8,-10,-9,-10,-9,-9,-10,-9,-10,-8,-10,-8,-11,-8,-12,-8,-12,-8,-12,-8,-13,-8,-13,-8,-13,-8,-14,-9,-13,-9,-13,-9,-13,-10,-12,-10,-12,-10,-11,-11,-11,-11,0,0,0,0,0,0,0,0,0,0,0,0,0,0,0,0,0,0,0,0,0,0,-7,-8,-7,-9,-6,-10,-6,-10,-6,-11,-5,-12,-4,-13,-4,-13,-3,-13,-3,-13,-2,-13,-2,-13,-2,-13,-2,-13,-2,-13,-2,-12,-3,-13,-4,-12,-4,-13,-4,-13,-5,-12,-5,-12,-6,-12,-6,-12,-6,-12,-6,-12]"
2025-08-18 22:01:24.431252,CSI_DATA,1586,1a:00:00:00:00:00,-52,11,0,0,0,0,0,0,0,0,0,-94,0,1,0,269405648,0,31,0,128,0,"[0,0,-13,4,-12,4,-12,4,-12,5,-11,5,-11,5,-11,6,-10,6,-10,7,-10,7,-10,8,-9,8,-9,9,-9,9,-9,10,-10,10,-9,10,-10,11,-11,11,-11,11,-11,10,-11,10,-12,9,-12,9,-12,8,-13,8,0,0,0,0,0,0,0,0,0,0,0,0,0,0,0,0,0,0,0,0,0,0,-8,5,-9,5,-10,4,-11,4,-11,3,-13,3,-13,2,-13,1,-13,1,-13,0,-13,0,-13,-1,-13,0,-13,0,-13,0,-13,0,-13,0,-13,1,-13,1,-13,1,-13,2,-13,2,-12,3,-13,3,-13,3,-13,4]"
2025-08-18 22:01:24.631725,CSI_DATA,1587,1a:00:00:00:00:00,-52,11,0,0,0,0,0,0,0,0,0,-94,0,1,0,269606903,0,31,0,128,0,"[0,0,12,-3,12,-4,12,-4,12,-5,11,-5,11,-5,11,-6,10,-7,10,-7,10,-8,9,-8,9,-9,9,-10,9,-10,9,-11,9,-11,10,-11,10,-12,11,-12,11,-12,11,-11,12,-11,12,-10,12,-10,12,-9,13,-8,0,0,0,0,0,0,0,0,0,0,0,0,0,0,0,0,0,0,0,0,0,0,9,-4,10,-4,10,-3,11,-2,12,-2,12,-1,13,0,13,0,13,1,13,1,13,2,12,2,12,2,12,2,12,1,12,1,12,1,12,0,12,0,12,-1,12,-1,12,-1,13,-2,12,-2,13,-2,12,-3]"
2025-08-18 22:01:24.840472,CSI_DATA,1588,1a:00:00:00:00:00,-52,11,0,0,0,0,0,0,0,0,0,-94,0,1,0,269808242,0,31,0,128,0,"[0,0,10,7,10,7,10,7,10,6,11,5,10,5,11,5,11,4,11,3,11,3,12,2,12,2,12,2,13,1,13,1,14,1,14,1,14,1,15,1,15,2,15,3,15,3,14,4,14,4,14,5,13,6,0,0,0,0,0,0,0,0,0,0,0,0,0,0,0,0,0,0,0,0,0,0,8,3,8,4,8,5,8,6,8,7,8,8,8,9,7,9,7,10,6,10,6,10,6,10,6,10,6,10,6,10,6,9,6,9,7,8,7,9,8,8,8,8,8,8,9,8,9,8,10,8,10,7]"
2025-08-18 22:01:25.039427,CSI_DATA,1589,1a:00:00:00:00:00,-52,11,0,0,0,0,0,0,0,0,0,-94,0,1,0,270009310,0,31,0,128,0,"[0,0,-9,-10,-10,-10,-9,-9,-10,-9,-10,-9,-10,-8,-11,-8,-11,-7,-11,-7,-11,-6,-12,-6,-12,-5,-13,-5,-14,-5,-14,-5,-14,-5,-15,-5,-15,-5,-15,-6,-15,-6,-15,-7,-14,-7,-14,-8,-14,-8,-13,-8,-13,-9,0,0,0,0,0,0,0,0,0,0,0,0,0,0,0,0,0,0,0,0,0,0,-8,-6,-8,-7,-8,-8,-7,-9,-7,-10,-7,-11,-6,-11,-6,-12,-5,-12,-5,-13,-4,-12,-4,-12,-4,-12,-4,-12,-4,-12,-4,-11,-5,-11,-5,-11,-6,-11,-6,-11,-7,-11,-7,-11,-8,-10,-8,-11,-8,-10,-9,-10]"
2025-08-18 22:01:25.235810,CSI_DATA,1590,1a:00:00:00:00:00,-52,11,0,0,0,0,0,0,0,0,0,-94,0,1,0,270210431,0,31,0,128,0,"[0,0,-12,5,-12,5,-12,5,-11,6,-11,6,-11,6,-10,7,-10,8,-10,8,-9,9,-9,9,-9,9,-9,10,-8,11,-9,11,-9,12,-9,12,-10,12,-10,12,-10,12,-11,11,-11,11,-11,10,-12,10,-12,9,-13,9,0,0,0,0,0,0,0,0,0,0,0,0,0,0,0,0,0,0,0,0,0,0,-9,5,-9,5,-10,4,-11,4,-12,3,-13,3,-13,2,-13,2,-14,1,-13,0,-14,0,-13,-1,-13,0,-13,0,-12,0,-12,0,-12,0,-12,1,-12,1,-12,2,-12,3,-12,3,-12,3,-12,4,-12,4,-12,5]"
2025-08-18 22:01:25.295615,CSI_DATA,1591,1a:00:00:00:00:00,-52,11,0,0,0,0,0,0,0,0,0,-94,0,1,0,270272063,0,42,0,128,0,"[0,0,8,-9,7,-10,7,-10,7,-11,6,-11,6,-10,5,-11,5,-11,4,-12,4,-12,3,-13,3,-13,2,-13,2,-13,2,-14,2,-14,2,-15,3,-15,3,-16,3,-16,4,-15,4,-15,5,-15,5,-15,6,-14,6,-14,0,0,0,0,0,0,0,0,0,0,0,0,0,0,0,0,0,0,0,0,0,0,5,-9,6,-8,7,-8,8,-8,9,-8,9,-8,10,-7,11,-7,11,-7,13,-6,6,-6,11,-6,11,-5,11,-5,10,-5,10,-6,10,-6,10,-7,10,-7,9,-7,9,-7,9,-8,9,-8,9,-9,9,-9,8,-10]"
2025-08-18 22:01:25.365758,CSI_DATA,1592,1a:00:00:00:00:00,-52,11,0,0,0,0,0,0,0,0,0,-94,0,1,0,270338183,0,31,0,128,0,"[0,0,2,-12,1,-13,1,-12,1,-13,0,-13,-1,-12,-2,-12,-2,-12,-2,-12,-3,-12,-3,-12,-4,-12,-4,-13,-5,-13,-5,-13,-5,-13,-6,-14,-5,-14,-5,-14,-5,-15,-4,-15,-4,-15,-3,-15,-3,-15,-2,-15,-1,-15,0,0,0,0,0,0,0,0,0,0,0,0,0,0,0,0,0,0,0,0,0,0,0,-10,0,-10,1,-11,2,-11,3,-11,4,-11,4,-12,5,-11,5,-11,6,-11,6,-10,7,-10,6,-10,6,-10,6,-10,5,-10,5,-10,5,-11,4,-11,4,-11,3,-11,3,-12,3,-12,3,-12,3,-12,2,-12]"
2025-08-18 22:01:25.560581,CSI_DATA,1593,1a:00:00:00:00:00,-52,11,0,0,0,0,0,0,0,0,0,-94,0,1,0,270539355,0,31,0,128,0,"[0,0,1,12,2,12,2,12,3,12,3,12,3,12,4,12,4,12,5,11,6,11,6,11,7,11,7,11,8,11,8,11,8,11,9,12,8,12,8,13,8,13,7,13,7,14,6,14,5,14,5,14,4,14,0,0,0,0,0,0,0,0,0,0,0,0,0,0,0,0,0,0,0,0,0,0,2,8,2,9,1,10,1,10,0,11,-1,11,-2,12,-2,12,-3,12,-4,12,-4,12,-4,11,-4,12,-4,11,-3,11,-3,11,-3,11,-2,11,-2,11,-1,11,-1,11,0,12,0,12,0,12,0,12,1,12]"
2025-08-18 22:01:25.771575,CSI_DATA,1594,1a:00:00:00:00:00,-52,11,0,0,0,0,0,0,0,0,0,-94,0,1,0,270740468,0,31,0,128,0,"[0,0,-7,-12,-8,-12,-8,-12,-8,-11,-9,-11,-9,-11,-9,-10,-10,-10,-10,-9,-10,-9,-11,-8,-12,-8,-12,-8,-13,-9,-13,-8,-14,-8,-14,-9,-14,-9,-14,-9,-14,-10,-14,-10,-13,-11,-13,-11,-12,-11,-12,-11,-11,-12,0,0,0,0,0,0,0,0,0,0,0,0,0,0,0,0,0,0,0,0,0,0,-6,-8,-6,-9,-6,-10,-6,-11,-5,-12,-4,-13,-4,-13,-3,-13,-3,-14,-2,-13,-2,-13,-2,-13,-2,-13,-2,-13,-2,-13,-2,-12,-2,-13,-3,-12,-4,-13,-4,-13,-4,-13,-5,-13,-6,-12,-6,-12,-6,-13,-7,-12]"
2025-08-18 22:01:25.959295,CSI_DATA,1595,1a:00:00:00:00:00,-52,11,0,0,0,0,0,0,0,0,0,-94,0,1,0,270941881,0,31,0,128,0,"[0,0,9,8,9,7,9,6,10,6,10,6,10,5,11,5,11,4,11,4,11,3,12,2,12,2,12,2,13,2,13,1,13,1,14,2,14,2,14,2,14,2,14,3,14,4,14,4,14,4,13,5,13,5,0,0,0,0,0,0,0,0,0,0,0,0,0,0,0,0,0,0,0,0,0,0,7,4,8,4,8,6,8,7,8,7,7,8,7,9,7,9,6,10,6,10,5,10,5,10,5,10,5,10,5,10,5,9,6,9,6,8,6,8,7,8,7,8,8,8,8,8,9,8,9,8,9,7]"
2025-08-18 22:01:26.171374,CSI_DATA,1596,1a:00:00:00:00:00,-53,11,0,0,0,0,0,0,0,0,0,-94,0,1,0,271142900,0,31,0,128,0,"[0,0,-1,-13,-2,-13,-3,-13,-3,-13,-3,-13,-4,-13,-4,-13,-5,-12,-5,-12,-6,-12,-6,-11,-8,-11,-8,-12,-8,-12,-8,-12,-9,-12,-9,-12,-9,-13,-9,-13,-8,-14,-8,-14,-7,-14,-7,-14,-7,-14,-6,-14,-5,-15,0,0,0,0,0,0,0,0,0,0,0,0,0,0,0,0,0,0,0,0,0,0,-3,-10,-3,-11,-2,-11,-2,-12,-1,-13,0,-13,1,-13,2,-14,3,-13,3,-13,3,-13,3,-13,3,-13,3,-13,3,-13,3,-12,2,-12,2,-12,1,-13,1,-13,0,-13,0,-13,0,-13,-1,-13,-1,-13,-1,-14]"
2025-08-18 22:01:26.380629,CSI_DATA,1597,1a:00:00:00:00:00,-52,11,0,0,0,0,0,0,0,0,0,-94,0,1,0,271344048,0,31,0,128,0,"[0,0,-5,-13,-6,-13,-6,-13,-7,-13,-7,-12,-7,-12,-8,-12,-8,-11,-8,-10,-9,-10,-9,-10,-10,-9,-11,-9,-11,-10,-11,-9,-12,-9,-12,-10,-12,-10,-12,-11,-12,-11,-12,-11,-12,-12,-11,-12,-11,-12,-10,-12,-9,-13,0,0,0,0,0,0,0,0,0,0,0,0,0,0,0,0,0,0,0,0,0,0,-6,-8,-6,-9,-6,-10,-5,-11,-5,-12,-4,-13,-3,-13,-3,-14,-2,-14,-2,-14,-1,-14,-1,-13,-1,-13,-1,-13,-1,-13,-2,-13,-2,-13,-3,-13,-3,-13,-4,-13,-4,-13,-4,-13,-5,-13,-5,-13,-5,-14,-5,-13]"
2025-08-18 22:01:26.575582,CSI_DATA,1598,1a:00:00:00:00:00,-52,11,0,0,0,0,0,0,0,0,0,-94,0,1,0,271545300,0,31,0,128,0,"[0,0,-12,-8,-12,-8,-12,-7,-11,-6,-12,-6,-12,-6,-12,-5,-13,-5,-13,-4,-13,-3,-13,-3,-14,-2,-14,-2,-15,-2,-14,-1,-15,-1,-15,-2,-16,-1,-16,-2,-16,-2,-16,-3,-16,-4,-15,-4,-15,-4,-15,-5,-15,-6,0,0,0,0,0,0,0,0,0,0,0,0,0,0,0,0,0,0,0,0,0,0,-9,-4,-10,-6,-9,-7,-10,-8,-10,-8,-10,-9,-9,-10,-9,-10,-8,-11,-8,-11,-7,-11,-7,-11,-7,-11,-7,-11,-8,-11,-7,-10,-8,-10,-8,-10,-9,-10,-9,-9,-10,-9,-10,-9,-10,-8,-11,-9,-11,-9,-11,-8]"
2025-08-18 22:01:26.771062,CSI_DATA,1599,1a:00:00:00:00:00,-52,11,0,0,0,0,0,0,0,0,0,-94,0,1,0,271746437,0,31,0,128,0,"[0,0,-10,9,-10,9,-10,9,-9,9,-8,9,-8,10,-7,10,-7,10,-6,10,-6,11,-5,11,-4,11,-4,12,-4,12,-4,13,-4,13,-4,13,-5,14,-5,14,-5,14,-5,13,-6,13,-6,13,-6,13,-7,12,-7,12,0,0,0,0,0,0,0,0,0,0,0,0,0,0,0,0,0,0,0,0,0,0,-6,8,-7,8,-8,8,-9,8,-10,8,-11,8,-12,7,-12,7,-13,6,-13,5,-13,5,-13,5,-13,5,-12,5,-12,5,-12,5,-12,5,-11,6,-11,6,-11,7,-11,7,-11,7,-11,8,-11,8,-10,8,-10,9]"
2025-08-18 22:01:26.831906,CSI_DATA,1600,1a:00:00:00:00:00,-52,11,0,0,0,0,0,0,0,0,0,-94,0,1,0,271808077,0,42,0,128,0,"[0,0,-10,8,-9,8,-9,9,-9,8,-8,9,-8,9,-7,9,-6,10,-6,10,-6,10,-5,10,-4,11,-4,11,-5,11,-4,11,-4,12,-4,12,-4,12,-6,13,-5,11,-5,13,-6,13,-6,13,-6,12,-7,11,-7,11,0,0,0,0,0,0,0,0,0,0,0,0,0,0,0,0,0,0,0,0,0,0,-6,7,-7,8,-7,7,-9,7,-9,7,-11,7,-11,6,-12,6,-12,5,-12,5,-12,5,-12,4,-12,5,-12,5,-12,5,-11,5,-11,5,-11,5,-11,6,-11,6,-10,7,-11,7,-10,8,-10,8,-10,7,-10,8]"
2025-08-18 22:01:26.904503,CSI_DATA,1601,1a:00:00:00:00:00,-52,11,0,0,0,0,0,0,0,0,0,-94,0,1,0,271873859,0,31,0,128,0,"[0,0,-7,-12,-8,-11,-8,-11,-8,-11,-9,-11,-9,-10,-10,-9,-11,-10,-10,-7,-9,-6,-12,-6,-11,-8,-11,-8,-12,-8,-12,-7,-12,-7,-13,-7,-13,-7,-13,-8,-13,-8,-13,-9,-12,-9,-12,-9,-12,-10,-11,-10,-11,-10,0,0,0,0,0,0,0,0,0,0,0,0,0,0,0,0,0,0,0,0,0,0,-8,-7,-8,-8,-7,-9,-7,-10,-7,-11,-6,-12,-6,-12,-5,-13,-5,-13,-4,-13,-4,-13,-3,-13,-3,-13,-3,-13,-3,-13,-4,-12,-4,-12,-4,-12,-5,-12,-5,-12,-6,-12,-6,-12,-7,-12,-7,-12,-7,-12,-7,-12]"
2025-08-18 22:01:27.100316,CSI_DATA,1602,1a:00:00:00:00:00,-52,11,0,0,0,0,0,0,0,0,0,-94,0,1,0,272075090,0,31,0,128,0,"[0,0,-12,6,-12,6,-11,6,-11,6,-11,7,-11,7,-10,7,-9,7,-9,8,-9,8,-8,9,-8,9,-8,10,-8,10,-8,10,-8,10,-8,11,-9,11,-10,11,-10,11,-10,10,-10,10,-10,10,-11,9,-11,9,-11,8,0,0,0,0,0,0,0,0,0,0,0,0,0,0,0,0,0,0,0,0,0,0,-7,6,-8,6,-9,5,-10,5,-11,5,-11,5,-12,4,-13,3,-13,2,-13,2,-13,2,-13,2,-13,2,-13,2,-12,2,-12,2,-12,2,-12,3,-12,3,-12,3,-12,3,-12,4,-12,5,-12,5,-12,5,-12,6]"
2025-08-18 22:01:27.300989,CSI_DATA,1603,1a:00:00:00:00:00,-52,11,0,0,0,0,0,0,0,0,0,-94,0,1,0,272276637,0,31,0,128,0,"[0,0,13,-3,12,-4,12,-4,12,-4,12,-5,12,-5,11,-5,11,-6,11,-7,10,-7,10,-8,10,-8,10,-9,10,-10,10,-10,10,-10,10,-10,11,-10,11,-10,12,-9,12,-9,12,-9,12,-8,12,-8,12,-7,12,-6,0,0,0,0,0,0,0,0,0,0,0,0,0,0,0,0,0,0,0,0,0,0,8,-5,10,-4,10,-4,11,-3,11,-2,13,-1,13,-1,13,0,13,1,13,1,13,1,13,2,12,2,12,1,12,1,12,1,12,0,12,0,12,-1,12,-1,12,-1,13,-2,13,-2,13,-3,13,-3,13,-3]"
2025-08-18 22:01:27.501329,CSI_DATA,1604,1a:00:00:00:00:00,-52,11,0,0,0,0,0,0,0,0,0,-94,0,1,0,272477451,0,31,0,128,0,"[0,0,13,-3,13,-3,12,-4,12,-4,12,-5,12,-5,12,-5,11,-6,11,-6,11,-7,11,-8,10,-8,10,-9,10,-9,11,-9,11,-10,11,-10,12,-10,12,-10,12,-9,13,-9,13,-8,12,-8,13,-7,13,-7,13,-6,0,0,0,0,0,0,0,0,0,0,0,0,0,0,0,0,0,0,0,0,0,0,8,-4,9,-4,10,-3,10,-3,11,-2,12,-2,12,-1,13,0,13,0,12,1,12,1,12,2,12,2,12,1,12,1,12,1,12,1,12,0,12,0,12,-1,12,-1,12,-2,12,-2,13,-2,13,-2,13,-3]"
2025-08-18 22:01:27.706253,CSI_DATA,1605,1a:00:00:00:00:00,-52,11,0,0,0,0,0,0,0,0,0,-94,0,1,0,272678578,0,31,0,128,0,"[0,0,-14,-2,-14,-2,-14,-1,-14,-1,-14,0,-14,0,-14,1,-14,1,-13,2,-13,2,-14,3,-13,3,-14,4,-14,4,-14,5,-15,5,-15,4,-16,4,-16,4,-16,4,-16,3,-16,2,-16,2,-16,1,-15,1,-16,0,0,0,0,0,0,0,0,0,0,0,0,0,0,0,0,0,0,0,0,0,0,0,-10,1,-10,0,-11,-1,-11,-1,-12,-2,-12,-3,-12,-4,-12,-4,-12,-5,-12,-6,-12,-6,-12,-6,-11,-6,-11,-6,-11,-6,-11,-5,-12,-5,-12,-4,-12,-4,-12,-4,-13,-3,-13,-3,-13,-3,-14,-3,-14,-2,-14,-2]"
2025-08-18 22:01:27.902387,CSI_DATA,1606,1a:00:00:00:00:00,-52,11,0,0,0,0,0,0,0,0,0,-94,0,1,0,272879728,0,31,0,128,0,"[0,0,7,11,7,11,7,11,8,10,8,10,8,10,8,9,9,9,9,8,10,8,10,8,11,7,11,7,12,7,12,7,12,7,12,8,13,8,13,8,13,8,12,8,12,9,11,10,11,10,10,10,9,10,0,0,0,0,0,0,0,0,0,0,0,0,0,0,0,0,0,0,0,0,0,0,6,6,6,7,5,8,5,9,5,10,4,11,4,11,3,11,3,12,2,12,2,12,1,12,2,12,2,12,2,11,2,11,2,11,3,11,4,11,4,11,4,11,5,11,6,11,6,11,6,12,7,11]"
2025-08-18 22:01:28.119304,CSI_DATA,1607,1a:00:00:00:00:00,-52,11,0,0,0,0,0,0,0,0,0,-94,0,1,0,273080876,0,31,0,128,0,"[0,0,13,-4,12,-4,12,-5,13,-5,12,-5,12,-6,12,-6,11,-6,11,-7,11,-8,10,-9,10,-9,10,-9,11,-10,11,-10,11,-10,11,-10,12,-10,12,-10,13,-10,13,-9,13,-9,13,-8,13,-8,13,-7,13,-7,0,0,0,0,0,0,0,0,0,0,0,0,0,0,0,0,0,0,0,0,0,0,8,-5,8,-4,9,-4,10,-3,10,-2,11,-2,12,-1,12,0,12,0,12,1,12,1,12,1,11,1,11,1,11,1,11,0,11,0,11,-1,12,-1,12,-1,12,-2,12,-2,12,-3,12,-3,12,-3,13,-4]"
2025-08-18 22:01:28.307232,CSI_DATA,1608,1a:00:00:00:00:00,-52,11,0,0,0,0,0,0,0,0,0,-94,0,1,0,273282215,0,31,0,128,0,"[0,0,-11,9,-11,9,-10,9,-11,9,-10,9,-9,10,-9,10,-9,10,-8,11,-8,11,-8,11,-7,12,-7,12,-7,12,-7,14,-7,13,-7,14,-7,14,-8,14,-8,14,-8,14,-8,13,-9,13,-10,12,-10,11,-11,11,0,0,0,0,0,0,0,0,0,0,0,0,0,0,0,0,0,0,0,0,0,0,-6,7,-7,6,-8,6,-9,6,-10,6,-11,5,-11,5,-12,5,-12,4,-12,3,-13,3,-13,3,-12,3,-12,3,-11,3,-12,4,-11,4,-11,5,-11,5,-11,6,-11,6,-11,7,-11,7,-11,7,-11,8,-11,8]"
2025-08-18 22:01:28.369150,CSI_DATA,1609,1a:00:00:00:00:00,-52,11,0,0,0,0,0,0,0,0,0,-94,0,1,0,273344036,0,42,0,128,0,"[0,0,12,-7,11,-7,12,-8,11,-8,11,-8,10,-8,10,-9,10,-10,9,-10,9,-10,9,-10,8,-11,8,-12,8,-12,8,-13,9,-13,8,-13,9,-13,9,-13,10,-13,10,-13,10,-12,10,-11,11,-11,11,-10,12,-10,0,0,0,0,0,0,0,0,0,0,0,0,0,0,0,0,0,0,0,0,0,0,7,-6,8,-6,9,-5,10,-5,10,-4,11,-4,12,-3,12,-3,12,-2,12,-2,12,-1,12,-1,12,-1,11,-1,11,-2,11,-2,12,-2,11,-3,11,-4,11,-4,11,-5,11,-5,11,-6,12,-6,12,-6,12,-7]"
2025-08-18 22:01:28.443193,CSI_DATA,1610,1a:00:00:00:00:00,-52,11,0,0,0,0,0,0,0,0,0,-94,0,1,0,273409815,0,31,0,128,0,"[0,0,5,-12,3,-12,3,-13,3,-12,3,-13,2,-12,2,-12,2,-13,1,-13,0,-13,0,-13,-1,-13,-1,-13,-2,-14,-2,-14,-1,-14,-1,-14,-1,-15,-1,-15,0,-15,0,-15,1,-15,1,-14,1,-14,2,-14,3,-14,0,0,0,0,0,0,0,0,0,0,0,0,0,0,0,0,0,0,0,0,0,0,1,-8,2,-9,2,-9,3,-10,4,-10,5,-10,6,-9,8,-9,8,-10,7,-9,7,-9,7,-9,7,-8,7,-8,7,-9,6,-8,6,-9,5,-9,6,-10,5,-10,5,-10,5,-11,5,-11,4,-12,4,-12,4,-12]"
2025-08-18 22:01:28.631997,CSI_DATA,1611,1a:00:00:00:00:00,-52,11,0,0,0,0,0,0,0,0,0,-94,0,1,0,273610899,0,31,0,128,0,"[0,0,4,13,4,12,5,12,5,12,6,12,6,12,6,11,7,11,7,10,8,10,8,10,9,10,9,10,10,10,10,9,10,10,10,10,10,10,10,11,10,11,9,11,9,12,8,12,8,12,7,12,7,12,0,0,0,0,0,0,0,0,0,0,0,0,0,0,0,0,0,0,0,0,0,0,4,7,4,9,3,9,3,10,3,11,2,12,1,12,0,12,0,13,-1,12,-1,12,-1,12,-1,12,-1,12,-1,12,0,11,0,12,1,11,1,12,2,12,2,12,3,12,3,12,3,13,3,13,4,13]"
2025-08-18 22:01:28.840554,CSI_DATA,1612,1a:00:00:00:00:00,-52,11,0,0,0,0,0,0,0,0,0,-94,0,1,0,273812059,0,31,0,128,0,"[0,0,-2,-14,-3,-14,-3,-14,-3,-13,-4,-14,-4,-13,-4,-13,-5,-13,-5,-12,-6,-12,-7,-12,-7,-12,-8,-12,-8,-12,-8,-12,-8,-12,-9,-12,-8,-13,-8,-13,-8,-13,-7,-14,-7,-14,-7,-14,-6,-14,-6,-13,-5,-14,0,0,0,0,0,0,0,0,0,0,0,0,0,0,0,0,0,0,0,0,0,0,-4,-9,-4,-10,-3,-11,-3,-12,-2,-12,-1,-13,0,-14,0,-14,1,-14,2,-14,2,-14,2,-13,2,-13,4,-14,3,-14,1,-13,1,-13,0,-13,0,-14,0,-13,0,-14,-1,-14,-1,-14,-2,-14,-2,-14,-2,-14]"
2025-08-18 22:01:29.042245,CSI_DATA,1613,1a:00:00:00:00:00,-52,11,0,0,0,0,0,0,0,0,0,-94,0,1,0,274013178,0,31,0,128,0,"[0,0,-3,-14,-4,-14,-4,-14,-4,-14,-4,-13,-5,-13,-5,-12,-6,-12,-6,-12,-7,-12,-7,-12,-8,-11,-8,-12,-8,-11,-9,-11,-9,-11,-9,-12,-9,-12,-9,-13,-9,-13,-8,-13,-8,-13,-8,-13,-7,-13,-6,-13,-6,-13,0,0,0,0,0,0,0,0,0,0,0,0,0,0,0,0,0,0,0,0,0,0,-5,-9,-5,-10,-4,-11,-4,-11,-3,-12,-2,-13,-1,-14,-1,-14,0,-14,1,-14,1,-14,1,-14,1,-14,1,-13,1,-13,1,-13,0,-13,0,-13,-1,-13,-1,-14,-1,-14,-2,-14,-2,-14,-2,-14,-3,-14,-2,-14]"
2025-08-18 22:01:29.234503,CSI_DATA,1614,1a:00:00:00:00:00,-52,11,0,0,0,0,0,0,0,0,0,-94,0,1,0,274214354,0,31,0,128,0,"[0,0,3,12,3,12,3,12,3,12,4,11,5,11,5,11,6,11,6,10,6,10,7,9,8,9,8,9,9,9,9,9,9,10,9,10,9,10,9,11,9,10,9,11,8,11,8,11,8,12,6,11,6,12,0,0,0,0,0,0,0,0,0,0,0,0,0,0,0,0,0,0,0,0,0,0,5,7,4,9,4,9,3,10,3,11,2,12,1,12,1,13,0,13,-1,13,-1,13,-1,13,-1,13,-1,12,-1,12,-1,12,-1,12,0,12,0,12,1,12,1,12,2,12,2,12,2,13,3,13,3,13]"
2025-08-18 22:01:29.444317,CSI_DATA,1615,1a:00:00:00:00:00,-52,11,0,0,0,0,0,0,0,0,0,-94,0,1,0,274415745,0,31,0,128,0,"[0,0,-13,1,-13,2,-13,2,-13,2,-13,3,-13,3,-12,3,-12,4,-12,5,-12,6,-11,6,-11,6,-11,7,-11,7,-11,8,-12,8,-12,8,-12,8,-13,8,-13,8,-13,7,-13,7,-14,6,-13,6,-13,5,-14,5,0,0,0,0,0,0,0,0,0,0,0,0,0,0,0,0,0,0,0,0,0,0,-9,3,-10,3,-11,2,-12,1,-12,1,-13,0,-13,-1,-13,-1,-14,-2,-13,-3,-13,-3,-13,-3,-13,-3,-13,-3,-12,-3,-12,-3,-13,-2,-13,-2,-13,-1,-13,-1,-13,-1,-13,0,-14,0,-14,1,-14,1,-14,1]"
2025-08-18 22:01:29.651528,CSI_DATA,1616,1a:00:00:00:00:00,-52,11,0,0,0,0,0,0,0,0,0,-94,0,1,0,274616826,0,31,0,128,0,"[0,0,-10,-9,-10,-9,-10,-9,-10,-9,-11,-8,-11,-8,-11,-8,-11,-7,-11,-6,-11,-5,-12,-5,-12,-5,-13,-5,-13,-5,-13,-4,-14,-5,-14,-5,-14,-5,-14,-5,-14,-5,-14,-6,-14,-6,-13,-7,-13,-7,-13,-7,-12,-8,0,0,0,0,0,0,0,0,0,0,0,0,0,0,0,0,0,0,0,0,0,0,-9,-5,-9,-6,-9,-7,-10,-8,-9,-9,-9,-10,-8,-10,-8,-12,-7,-12,-7,-12,-7,-12,-7,-11,-8,-11,-6,-14,-7,-10,-5,-13,-7,-11,-7,-10,-8,-11,-8,-11,-8,-11,-9,-10,-9,-10,-9,-11,-10,-10,-10,-10]"
2025-08-18 22:01:29.843098,CSI_DATA,1617,1a:00:00:00:00:00,-52,11,0,0,0,0,0,0,0,0,0,-94,0,1,0,274817985,0,31,0,128,0,"[0,0,-9,10,-9,10,-8,10,-8,10,-7,10,-7,10,-6,10,-6,11,-5,11,-5,11,-4,11,-4,12,-3,12,-3,13,-3,13,-3,13,-3,13,-3,14,-3,14,-4,14,-4,14,-4,14,-5,13,-5,13,-6,13,-7,12,0,0,0,0,0,0,0,0,0,0,0,0,0,0,0,0,0,0,0,0,0,0,-5,9,-6,9,-7,9,-8,9,-9,9,-10,9,-11,8,-11,8,-12,7,-12,7,-13,6,-12,6,-12,6,-12,6,-11,6,-11,6,-11,7,-11,7,-11,7,-10,8,-10,8,-10,8,-10,9,-10,9,-10,9,-10,10]"
2025-08-18 22:01:29.913097,CSI_DATA,1618,1a:00:00:00:00:00,-52,11,0,0,0,0,0,0,0,0,0,-94,0,1,0,274888975,0,42,0,128,0,"[0,0,-7,11,-6,11,-6,11,-5,11,-5,11,-4,11,-4,11,-3,12,-3,11,-2,12,-1,12,-1,12,0,12,0,12,0,13,1,13,1,14,0,14,0,14,0,14,-1,14,-1,14,-1,14,-2,14,-2,13,-3,13,0,0,0,0,0,0,0,0,0,0,0,0,0,0,0,0,0,0,0,0,0,0,-3,9,-4,10,-5,10,-6,10,-7,11,-8,10,-9,11,-9,10,-10,10,-10,9,-11,9,-11,8,-10,8,-10,8,-10,8,-10,8,-9,8,-9,9,-9,9,-8,10,-8,10,-8,10,-8,11,-8,11,-7,11,-7,11]"
2025-08-18 22:01:29.978133,CSI_DATA,1619,1a:00:00:00:00:00,-52,11,0,0,0,0,0,0,0,0,0,-94,0,1,0,274946248,0,31,0,128,0,"[0,0,10,7,11,6,11,6,11,5,11,5,11,5,11,4,11,4,11,3,11,2,11,1,12,1,12,1,12,0,13,0,13,0,13,0,14,0,14,0,14,1,14,1,14,2,14,2,13,2,13,3,13,3,0,0,0,0,0,0,0,0,0,0,0,0,0,0,0,0,0,0,0,0,0,0,9,2,10,3,10,4,10,6,10,6,10,8,10,9,9,9,9,9,8,10,8,10,8,10,8,10,8,10,8,10,8,9,8,9,8,8,9,9,9,9,10,8,9,8,10,8,10,7,11,7,11,7]"
2025-08-18 22:01:30.176201,CSI_DATA,1620,1a:00:00:00:00:00,-52,11,0,0,0,0,0,0,0,0,0,-94,0,1,0,275147321,0,31,0,128,0,"[0,0,-2,-14,-3,-14,-3,-13,-4,-13,-4,-13,-4,-13,-5,-12,-5,-12,-5,-11,-6,-11,-7,-11,-8,-11,-8,-11,-8,-11,-9,-11,-9,-11,-9,-11,-10,-12,-9,-12,-9,-12,-8,-13,-8,-13,-8,-13,-8,-13,-7,-12,-6,-13,0,0,0,0,0,0,0,0,0,0,0,0,0,0,0,0,0,0,0,0,0,0,-5,-9,-5,-11,-4,-12,-4,-12,-3,-13,-2,-14,-1,-14,0,-15,1,-15,1,-14,2,-14,2,-14,1,-14,1,-14,2,-14,1,-13,1,-13,0,-13,0,-14,0,-14,0,-14,-1,-14,-1,-14,-2,-14,-2,-14,-2,-14]"
2025-08-18 22:01:30.371608,CSI_DATA,1621,1a:00:00:00:00:00,-52,11,0,0,0,0,0,0,0,0,0,-94,0,1,0,275350555,0,31,0,128,0,"[0,0,2,13,2,12,3,12,3,12,4,12,4,12,4,11,5,11,5,10,6,10,6,10,7,10,8,10,8,10,8,10,9,10,9,10,9,11,9,11,8,11,8,11,8,12,7,12,7,12,6,12,6,12,0,0,0,0,0,0,0,0,0,0,0,0,0,0,0,0,0,0,0,0,0,0,4,9,3,10,2,10,2,11,1,12,0,13,-1,13,-1,13,-2,13,-2,13,-3,13,-3,13,-3,13,-3,12,-2,12,-2,12,-2,12,-1,12,-1,12,-1,13,0,12,0,13,0,13,1,13,1,13,1,13]"
2025-08-18 22:01:30.574448,CSI_DATA,1622,1a:00:00:00:00:00,-52,11,0,0,0,0,0,0,0,0,0,-94,0,1,0,275549900,0,31,0,128,0,"[0,0,11,-7,11,-7,10,-8,10,-8,10,-9,9,-8,9,-9,8,-9,8,-9,7,-10,7,-11,6,-11,6,-11,6,-12,6,-12,7,-13,6,-12,7,-13,8,-13,8,-13,8,-12,8,-12,8,-12,9,-11,9,-11,10,-10,0,0,0,0,0,0,0,0,0,0,0,0,0,0,0,0,0,0,0,0,0,0,6,-8,8,-8,8,-8,10,-8,10,-7,11,-7,12,-6,13,-5,13,-5,13,-4,13,-4,13,-3,13,-3,12,-4,13,-3,12,-4,12,-4,11,-5,12,-5,12,-5,11,-5,12,-6,11,-6,11,-7,11,-7,12,-7]"
2025-08-18 22:01:30.771392,CSI_DATA,1623,1a:00:00:00:00:00,-52,11,0,0,0,0,0,0,0,0,0,-94,0,1,0,275750937,0,31,0,128,0,"[0,0,2,13,3,13,3,12,4,12,4,12,4,12,5,11,5,11,5,11,6,10,7,10,8,10,8,10,8,10,9,10,9,10,9,10,9,10,9,11,9,11,8,11,8,12,7,12,7,12,6,12,6,12,0,0,0,0,0,0,0,0,0,0,0,0,0,0,0,0,0,0,0,0,0,0,4,9,4,9,3,11,3,11,2,12,1,12,0,13,-1,13,-1,13,-2,14,-2,13,-2,13,-2,13,-2,13,-2,12,-2,12,-1,12,-1,12,0,12,0,13,0,12,1,13,1,13,2,13,2,13,2,13]"
2025-08-18 22:01:30.828986,CSI_DATA,1624,1a:00:00:00:00:00,-52,11,0,0,0,0,0,0,0,0,0,-94,0,1,0,275806145,0,28,0,128,0,"[0,0,-2,13,-1,13,-1,13,0,12,0,12,1,12,1,12,2,12,2,12,3,11,3,12,4,11,5,12,5,12,5,12,6,12,6,13,6,13,6,13,5,13,5,13,4,13,4,13,3,13,3,13,2,13,0,0,0,0,0,0,0,0,0,0,0,0,0,0,0,0,0,0,0,0,0,0,1,9,1,10,0,11,-1,12,-2,12,-3,12,-4,13,-4,13,-5,13,-5,12,-6,12,-6,12,-6,12,-6,12,-6,12,-5,11,-5,11,-4,12,-4,12,-4,12,-3,12,-3,12,-2,13,-2,13,-2,13,-2,13]"
2025-08-18 22:01:30.975953,CSI_DATA,1625,1a:00:00:00:00:00,-52,11,0,0,0,0,0,0,0,0,0,-94,0,1,0,275952130,0,31,0,128,0,"[0,0,13,-2,12,-2,12,-2,12,-3,12,-3,12,-4,11,-4,11,-5,11,-5,10,-6,10,-7,10,-7,10,-7,10,-8,10,-8,10,-9,10,-9,11,-9,12,-9,11,-9,12,-8,12,-8,11,-8,12,-7,12,-7,12,-6,0,0,0,0,0,0,0,0,0,0,0,0,0,0,0,0,0,0,0,0,0,0,9,-4,10,-4,11,-3,12,-2,12,-2,13,-1,13,0,13,1,13,1,13,2,13,2,13,3,13,3,12,3,12,2,12,2,12,2,12,1,13,1,13,0,13,0,13,0,13,-1,13,-1,13,-1,14,-2]"
2025-08-18 22:01:31.191986,CSI_DATA,1626,1a:00:00:00:00:00,-52,11,0,0,0,0,0,0,0,0,0,-94,0,1,0,276153275,0,31,0,128,0,"[0,0,-13,-2,-13,-2,-13,-1,-13,0,-12,0,-13,0,-13,0,-12,1,-12,2,-12,3,-12,3,-12,4,-12,4,-12,5,-12,5,-13,5,-13,5,-13,5,-14,5,-14,5,-14,4,-14,3,-14,4,-13,3,-14,3,-14,2,0,0,0,0,0,0,0,0,0,0,0,0,0,0,0,0,0,0,0,0,0,0,-10,1,-11,1,-12,0,-12,-1,-13,-2,-13,-3,-13,-4,-14,-4,-13,-5,-13,-5,-13,-5,-13,-6,-13,-6,-13,-6,-12,-6,-12,-6,-12,-5,-12,-4,-13,-5,-13,-2,-11,-6,-13,-5,-13,-3,-13,-2,-14,-3,-14,-2]"
2025-08-18 22:01:31.374866,CSI_DATA,1627,1a:00:00:00:00:00,-52,11,0,0,0,0,0,0,0,0,0,-94,0,1,0,276354458,0,31,0,128,0,"[0,0,12,5,11,5,12,2,11,3,12,4,10,4,12,1,11,3,12,0,9,3,11,0,13,-2,8,-2,14,-1,11,-2,13,-2,12,-3,13,-2,11,-3,14,-1,13,-1,13,2,14,0,14,1,13,1,13,0,0,0,0,0,0,0,0,0,0,0,0,0,0,0,0,0,0,0,0,0,0,0,10,0,10,1,10,2,11,3,11,4,11,5,11,6,11,7,11,7,10,8,10,8,9,9,9,9,9,8,9,8,9,7,9,7,10,7,10,7,10,7,10,6,11,6,11,6,10,6,12,6,12,6]"
2025-08-18 22:01:31.444047,CSI_DATA,1628,1a:00:00:00:00:00,-52,11,0,0,0,0,0,0,0,0,0,-94,0,1,0,276416030,0,42,0,128,0,"[0,0,2,-14,1,-14,1,-13,1,-13,0,-13,-1,-13,-1,-13,-2,-13,-2,-13,-3,-12,-4,-13,-5,-12,-5,-13,-6,-13,-6,-13,-5,-13,-6,-14,-6,-14,-6,-14,-5,-14,-5,-14,-4,-14,-4,-14,-4,-14,-3,-14,-3,-14,0,0,0,0,0,0,0,0,0,0,0,0,0,0,0,0,0,0,0,0,0,0,-2,-11,-1,-12,0,-12,1,-13,2,-13,3,-13,4,-13,5,-13,5,-13,5,-13,6,-13,6,-12,6,-12,6,-12,6,-12,6,-12,5,-12,5,-12,4,-12,4,-13,3,-13,3,-13,3,-14,2,-14,2,-14,2,-13]"
2025-08-18 22:01:31.521263,CSI_DATA,1629,1a:00:00:00:00:00,-52,11,0,0,0,0,0,0,0,0,0,-94,0,1,0,276481637,0,31,0,128,0,"[0,0,1,-14,0,-14,0,-14,0,-14,-1,-14,-2,-13,-2,-13,-3,-13,-3,-13,-4,-13,-5,-12,-6,-13,-6,-13,-6,-13,-6,-13,-7,-14,-7,-14,-7,-14,-7,-14,-6,-14,-6,-15,-6,-15,-5,-15,-5,-14,-4,-14,-3,-15,0,0,0,0,0,0,0,0,0,0,0,0,0,0,0,0,0,0,0,0,0,0,-2,-11,-1,-12,-1,-13,0,-13,1,-14,2,-14,3,-14,4,-14,4,-14,5,-14,5,-13,6,-13,5,-13,5,-13,5,-13,5,-13,4,-13,4,-13,3,-13,3,-13,2,-14,2,-14,2,-14,1,-14,1,-14,1,-15]"
2025-08-18 22:01:31.701515,CSI_DATA,1630,1a:00:00:00:00:00,-52,11,0,0,0,0,0,0,0,0,0,-94,0,1,0,276682689,0,31,0,128,0,"[0,0,8,10,8,10,8,9,8,9,9,9,9,8,9,8,10,7,9,7,10,6,11,6,11,5,11,5,12,5,12,5,12,5,13,5,13,5,13,6,13,6,13,7,12,7,12,8,11,8,11,8,10,9,0,0,0,0,0,0,0,0,0,0,0,0,0,0,0,0,0,0,0,0,0,0,8,5,8,6,8,8,8,8,8,10,7,10,6,11,6,12,5,12,5,12,4,12,4,12,4,12,4,12,4,12,4,11,4,11,5,11,5,11,6,11,6,11,6,11,7,11,7,11,8,11,8,10]"
2025-08-18 22:01:31.906325,CSI_DATA,1631,1a:00:00:00:00:00,-52,11,0,0,0,0,0,0,0,0,0,-94,0,1,0,276884183,0,31,0,128,0,"[0,0,13,1,13,1,12,0,13,0,12,-1,12,-1,12,-2,12,-2,12,-3,12,-4,12,-4,11,-5,12,-5,11,-5,12,-6,12,-6,13,-6,12,-6,13,-6,13,-6,13,-5,13,-5,13,-4,13,-4,13,-4,13,-3,0,0,0,0,0,0,0,0,0,0,0,0,0,0,0,0,0,0,0,0,0,0,10,-2,10,-1,12,0,11,0,12,1,12,2,13,3,13,4,13,4,12,5,12,6,12,6,11,6,11,5,11,5,11,5,11,4,12,4,11,3,12,3,12,3,12,2,13,2,13,2,13,2,13,1]"
2025-08-18 22:01:32.104460,CSI_DATA,1632,1a:00:00:00:00:00,-52,11,0,0,0,0,0,0,0,0,0,-94,0,1,0,277085029,0,31,0,128,0,"[0,0,7,11,7,10,8,10,8,10,8,9,8,9,8,8,9,8,9,7,9,7,10,6,11,6,11,6,11,6,12,5,12,6,12,6,12,6,12,6,12,7,12,7,11,7,11,8,11,8,11,8,10,8,0,0,0,0,0,0,0,0,0,0,0,0,0,0,0,0,0,0,0,0,0,0,7,6,7,7,7,8,7,9,7,10,6,11,6,12,5,12,4,12,4,13,3,13,3,12,3,13,3,12,3,12,3,12,4,12,4,11,5,11,5,12,5,11,6,11,6,11,7,11,7,11,7,11]"
2025-08-18 22:01:32.308466,CSI_DATA,1633,1a:00:00:00:00:00,-52,11,0,0,0,0,0,0,0,0,0,-94,0,1,0,277286175,0,31,0,128,0,"[0,0,13,1,12,1,13,1,13,0,13,-1,12,-1,12,-2,12,-2,12,-3,12,-4,11,-5,11,-5,11,-5,11,-6,12,-6,12,-6,12,-7,13,-6,13,-6,13,-6,13,-6,13,-5,13,-4,13,-4,13,-4,14,-3,0,0,0,0,0,0,0,0,0,0,0,0,0,0,0,0,0,0,0,0,0,0,9,-2,10,-2,11,-1,12,0,12,1,13,2,13,3,13,4,13,4,12,5,12,5,12,5,12,5,11,5,11,5,11,5,11,4,11,4,12,4,12,4,12,3,12,3,13,2,13,2,13,1,13,1]"
2025-08-18 22:01:32.511510,CSI_DATA,1634,1a:00:00:00:00:00,-52,11,0,0,0,0,0,0,0,0,0,-94,0,1,0,277487452,0,31,0,128,0,"[0,0,11,-7,10,-8,10,-8,10,-8,9,-8,9,-8,8,-8,8,-9,8,-9,7,-10,7,-10,6,-10,6,-11,6,-11,6,-12,6,-12,6,-12,6,-12,7,-12,7,-12,7,-12,8,-12,8,-11,8,-11,8,-11,9,-10,0,0,0,0,0,0,0,0,0,0,0,0,0,0,0,0,0,0,0,0,0,0,6,-8,7,-7,8,-7,9,-7,10,-7,11,-6,11,-5,12,-5,12,-4,12,-4,12,-3,12,-3,12,-3,12,-3,12,-3,11,-3,11,-4,11,-4,11,-4,11,-5,11,-5,11,-6,11,-6,11,-6,11,-6,11,-7]"
2025-08-18 22:01:32.728660,CSI_DATA,1635,1a:00:00:00:00:00,-52,11,0,0,0,0,0,0,0,0,0,-94,0,1,0,277688784,0,31,0,128,0,"[0,0,13,-3,12,-4,12,-4,12,-5,12,-5,11,-5,11,-6,10,-6,10,-7,10,-7,9,-8,9,-8,9,-9,9,-9,9,-10,9,-10,9,-10,9,-10,10,-10,11,-10,11,-10,11,-9,11,-9,11,-9,11,-8,12,-8,0,0,0,0,0,0,0,0,0,0,0,0,0,0,0,0,0,0,0,0,0,0,9,-6,10,-5,10,-4,11,-4,12,-3,13,-2,13,-1,13,-1,13,0,13,1,13,1,13,1,13,1,12,1,13,1,12,0,12,0,12,-1,12,-1,12,-1,12,-1,13,-2,13,-2,13,-3,13,-3,13,-4]"
2025-08-18 22:01:32.915590,CSI_DATA,1636,1a:00:00:00:00:00,-51,11,0,0,0,0,0,0,0,0,0,-94,0,1,0,277889835,0,31,0,128,0,"[0,0,6,-13,5,-13,4,-13,4,-13,3,-13,3,-13,2,-13,2,-13,1,-13,1,-13,0,-13,-1,-13,-1,-13,-2,-14,-2,-14,-2,-14,-2,-14,-2,-14,-2,-15,-2,-15,-1,-15,-1,-15,-1,-15,0,-15,0,-14,1,-14,0,0,0,0,0,0,0,0,0,0,0,0,0,0,0,0,0,0,0,0,0,0,2,-11,3,-11,3,-12,4,-12,5,-12,6,-12,8,-12,8,-12,9,-11,9,-11,10,-10,9,-10,10,-11,9,-9,11,-9,8,-9,8,-10,8,-11,7,-11,7,-11,7,-12,7,-12,6,-12,6,-12,6,-13,6,-13]"
2025-08-18 22:01:32.976535,CSI_DATA,1637,1a:00:00:00:00:00,-52,11,0,0,0,0,0,0,0,0,0,-94,0,1,0,277952057,0,42,0,128,0,"[0,0,-12,7,-11,7,-11,7,-11,8,-10,8,-10,8,-9,8,-9,9,-8,9,-8,9,-8,10,-7,10,-7,10,-7,11,-6,12,-7,12,-7,12,-7,12,-8,12,-8,12,-8,12,-8,11,-9,11,-9,11,-9,10,-10,10,0,0,0,0,0,0,0,0,0,0,0,0,0,0,0,0,0,0,0,0,0,0,-7,8,-8,8,-9,7,-10,7,-10,7,-12,6,-13,6,-13,5,-13,5,-13,4,-14,4,-14,3,-13,3,-13,3,-13,3,-12,4,-13,4,-12,4,-12,5,-12,5,-12,5,-12,6,-12,6,-12,7,-12,7,-12,7]"
2025-08-18 22:01:33.054060,CSI_DATA,1638,1a:00:00:00:00:00,-52,11,0,0,0,0,0,0,0,0,0,-94,0,1,0,278017930,0,31,0,128,0,"[0,0,-13,-6,-13,-6,-13,-5,-13,-5,-13,-4,-13,-4,-12,-4,-13,-3,-13,-2,-13,-1,-13,-1,-13,0,-13,0,-13,0,-14,1,-14,1,-15,1,-14,1,-15,1,-15,1,-15,0,-15,-1,-15,-1,-15,-1,-15,-2,-14,-2,0,0,0,0,0,0,0,0,0,0,0,0,0,0,0,0,0,0,0,0,0,0,-11,-2,-11,-3,-12,-4,-12,-5,-12,-6,-12,-7,-12,-8,-12,-9,-12,-9,-11,-10,-11,-10,-10,-10,-10,-10,-10,-10,-10,-10,-10,-9,-10,-9,-11,-9,-11,-8,-11,-8,-11,-8,-12,-8,-12,-7,-13,-7,-13,-7,-12,-6]"
2025-08-18 22:01:33.246125,CSI_DATA,1639,1a:00:00:00:00:00,-52,11,0,0,0,0,0,0,0,0,0,-94,0,1,0,278219585,0,31,0,128,0,"[0,0,-14,3,-13,4,-13,4,-12,4,-12,5,-12,5,-11,5,-11,6,-11,6,-10,7,-10,8,-9,8,-9,9,-9,9,-9,10,-10,10,-10,10,-10,10,-10,11,-10,10,-11,10,-11,9,-11,9,-11,9,-11,8,-12,8,0,0,0,0,0,0,0,0,0,0,0,0,0,0,0,0,0,0,0,0,0,0,-10,5,-10,4,-11,4,-12,3,-13,2,-14,2,-14,1,-14,1,-15,0,-14,-1,-15,-1,-14,-1,-14,-1,-14,-1,-13,-1,-14,-1,-13,-1,-13,0,-14,0,-13,1,-14,1,-14,1,-14,2,-14,2,-14,3,-14,3]"
2025-08-18 22:01:33.450348,CSI_DATA,1640,1a:00:00:00:00:00,-52,11,0,0,0,0,0,0,0,0,0,-94,0,1,0,278420204,0,31,0,128,0,"[0,0,-5,-13,-6,-13,-6,-12,-6,-12,-6,-12,-7,-11,-7,-11,-7,-10,-8,-10,-8,-9,-9,-9,-10,-9,-10,-9,-10,-9,-10,-8,-11,-9,-11,-9,-11,-9,-11,-9,-11,-10,-11,-10,-11,-11,-10,-10,-10,-11,-9,-11,-9,-11,0,0,0,0,0,0,0,0,0,0,0,0,0,0,0,0,0,0,0,0,0,0,-8,-8,-7,-9,-7,-10,-7,-11,-6,-12,-5,-13,-4,-14,-4,-14,-3,-14,-3,-14,-2,-14,-2,-14,-2,-14,-2,-14,-2,-14,-2,-13,-2,-13,-3,-13,-3,-14,-4,-13,-4,-13,-4,-14,-5,-13,-5,-13,-5,-13,-5,-13]"
2025-08-18 22:01:33.642217,CSI_DATA,1641,1a:00:00:00:00:00,-52,11,0,0,0,0,0,0,0,0,0,-94,0,1,0,278621410,0,31,0,128,0,"[0,0,12,6,12,5,11,5,11,4,11,4,11,3,11,3,11,2,11,1,11,1,11,0,12,0,12,-1,12,-1,12,-1,13,-1,13,-1,13,-1,13,-1,13,-1,13,-1,13,0,13,0,13,0,13,1,13,2,0,0,0,0,0,0,0,0,0,0,0,0,0,0,0,0,0,0,0,0,0,0,10,0,11,2,11,3,11,4,12,5,12,6,12,7,11,7,11,8,11,9,10,9,10,9,10,9,9,9,9,9,10,8,10,8,10,7,10,7,11,7,11,7,11,7,11,6,12,7,12,6,12,6]"
2025-08-18 22:01:34.047841,CSI_DATA,1642,1a:00:00:00:00:00,-52,11,0,0,0,0,0,0,0,0,0,-94,0,1,0,278822709,0,31,0,128,0,"[0,0,-12,7,-11,7,-11,7,-11,7,-10,8,-10,8,-9,8,-9,8,-8,9,-8,9,-7,10,-7,10,-6,10,-6,10,-6,11,-6,11,-6,12,-7,12,-7,12,-7,12,-8,11,-8,11,-8,11,-8,11,-8,10,-9,10,0,0,0,0,0,0,0,0,0,0,0,0,0,0,0,0,0,0,0,0,0,0,-7,8,-8,8,-9,8,-10,7,-11,7,-12,7,-13,6,-14,5,-14,5,-14,4,-14,4,-14,3,-14,3,-13,4,-13,3,-13,3,-13,4,-13,4,-13,4,-13,5,-12,5,-13,5,-13,6,-12,6,-12,6,-12,6]"
2025-08-18 22:01:34.054131,CSI_DATA,1643,1a:00:00:00:00:00,-52,11,0,0,0,0,0,0,0,0,0,-94,0,1,0,279023861,0,31,0,128,0,"[0,0,-7,12,-6,12,-6,12,-5,12,-4,12,-4,12,-4,12,-3,12,-2,12,-2,12,-1,12,0,12,0,12,0,12,1,12,1,13,1,13,1,13,1,13,0,14,0,13,0,13,0,13,-1,13,-1,13,-2,13,0,0,0,0,0,0,0,0,0,0,0,0,0,0,0,0,0,0,0,0,0,0,-2,10,-3,11,-4,11,-5,11,-6,12,-7,12,-8,11,-9,11,-10,11,-10,11,-11,10,-11,10,-10,10,-10,9,-10,10,-10,9,-9,10,-9,10,-8,10,-8,11,-8,11,-8,11,-7,12,-7,12,-7,12,-7,12]"
2025-08-18 22:01:34.247846,CSI_DATA,1644,1a:00:00:00:00:00,-52,11,0,0,0,0,0,0,0,0,0,-94,0,1,0,279224976,0,31,0,128,0,"[0,0,-2,13,-2,13,-2,13,-1,12,0,12,0,12,0,12,1,12,1,11,2,11,3,11,4,11,4,11,4,11,4,11,5,11,5,11,5,12,5,12,4,12,4,12,4,12,4,12,4,12,3,12,2,12,0,0,0,0,0,0,0,0,0,0,0,0,0,0,0,0,0,0,0,0,0,0,2,10,2,11,1,11,0,12,-1,13,-2,13,-3,14,-4,14,-5,13,-5,13,-6,13,-6,13,-5,13,-5,12,-5,12,-6,12,-5,12,-5,12,-4,13,-4,13,-4,13,-3,13,-3,13,-2,14,-2,13,-2,13]"
2025-08-18 22:01:34.465744,CSI_DATA,1645,1a:00:00:00:00:00,-52,11,0,0,0,0,0,0,0,0,0,-94,0,1,0,279426197,0,31,0,128,0,"[0,0,-14,4,-13,3,-14,4,-13,4,-13,5,-12,5,-12,5,-11,6,-11,6,-11,7,-10,7,-10,8,-10,8,-10,9,-10,9,-10,9,-10,9,-10,10,-11,10,-11,10,-11,10,-11,9,-11,9,-12,8,-12,8,-12,7,0,0,0,0,0,0,0,0,0,0,0,0,0,0,0,0,0,0,0,0,0,0,-9,5,-10,5,-11,4,-12,4,-13,3,-14,2,-14,2,-15,1,-15,0,-14,0,-15,-1,-15,-1,-14,-1,-14,-1,-14,-1,-13,-1,-14,0,-14,0,-14,1,-14,1,-14,2,-14,2,-14,3,-14,3,-14,3,-14,3]"
2025-08-18 22:01:34.510911,CSI_DATA,1646,1a:00:00:00:00:00,-52,11,0,0,0,0,0,0,0,0,0,-94,0,1,0,279488009,0,42,0,128,0,"[0,0,13,0,13,-1,12,-1,13,-1,12,-2,12,-2,12,-3,12,-3,11,-4,12,-4,11,-4,11,-5,11,-5,10,-6,12,-7,11,-7,12,-7,12,-7,12,-7,12,-7,12,-7,12,-6,13,-6,13,-4,13,-4,13,-3,0,0,0,0,0,0,0,0,0,0,0,0,0,0,0,0,0,0,0,0,0,0,9,-3,10,-3,11,-2,11,-1,12,0,12,0,13,1,13,1,13,2,13,4,12,4,12,5,12,5,12,4,11,3,12,3,11,3,12,2,12,2,12,1,12,1,13,0,13,1,13,1,13,1,13,0]"
2025-08-18 22:01:34.577862,CSI_DATA,1647,1a:00:00:00:00:00,-52,11,0,0,0,0,0,0,0,0,0,-94,0,1,0,279553413,0,31,0,128,0,"[0,0,-7,12,-6,12,-6,12,-5,12,-5,12,-5,12,-4,12,-3,12,-3,11,-3,12,-2,12,-1,12,-1,12,0,12,0,13,0,13,0,13,0,13,-1,14,-1,14,-1,13,-2,13,-2,13,-2,13,-3,13,-3,13,0,0,0,0,0,0,0,0,0,0,0,0,0,0,0,0,0,0,0,0,0,0,-2,9,-2,10,-3,10,-4,10,-5,11,-6,11,-8,11,-8,11,-9,10,-9,10,-9,10,-10,9,-9,9,-9,9,-9,9,-9,9,-8,9,-8,10,-8,10,-8,10,-7,11,-7,11,-7,11,-7,12,-6,12,-6,12]"
2025-08-18 22:01:34.778305,CSI_DATA,1648,1a:00:00:00:00:00,-52,11,0,0,0,0,0,0,0,0,0,-94,0,1,0,279754479,0,31,0,128,0,"[0,0,13,-4,12,-5,12,-4,12,-5,11,-5,11,-5,10,-6,10,-6,10,-7,9,-8,9,-8,9,-8,9,-9,8,-9,9,-10,9,-10,9,-10,9,-10,9,-10,10,-10,10,-10,10,-9,10,-9,10,-8,11,-8,11,-8,0,0,0,0,0,0,0,0,0,0,0,0,0,0,0,0,0,0,0,0,0,0,8,-6,9,-5,10,-5,10,-4,11,-4,12,-3,13,-2,13,-2,13,-1,13,-1,13,0,13,0,12,0,12,0,12,0,12,0,12,-1,12,-1,12,-2,12,-2,12,-3,12,-3,12,-4,12,-4,13,-3,13,-4]"
2025-08-18 22:01:34.976383,CSI_DATA,1649,1a:00:00:00:00:00,-52,11,0,0,0,0,0,0,0,0,0,-94,0,1,0,279955805,0,31,0,128,0,"[0,0,13,5,12,4,12,4,12,3,12,3,11,3,12,2,12,1,12,1,12,0,12,0,12,-1,12,-1,12,-2,12,-2,13,-2,13,-2,13,-2,13,-2,13,-1,13,-1,13,-1,12,0,13,0,13,1,13,1,0,0,0,0,0,0,0,0,0,0,0,0,0,0,0,0,0,0,0,0,0,0,10,0,11,1,11,2,11,3,11,4,12,5,12,6,11,6,11,7,11,8,10,8,10,8,10,8,10,8,10,8,10,7,10,7,10,6,11,6,11,6,11,6,12,6,12,5,12,5,12,5,12,5]"
2025-08-18 22:01:35.183003,CSI_DATA,1650,1a:00:00:00:00:00,-51,11,0,0,0,0,0,0,0,0,0,-94,0,1,0,280156920,0,31,0,128,0,"[0,0,5,-13,4,-14,4,-13,3,-13,3,-13,3,-13,2,-13,2,-13,1,-13,0,-13,0,-13,-1,-13,-1,-13,-2,-14,-2,-14,-2,-14,-2,-14,-2,-14,-2,-14,-1,-14,-1,-14,-1,-14,-1,-14,0,-14,0,-13,1,-13,0,0,0,0,0,0,0,0,0,0,0,0,0,0,0,0,0,0,0,0,0,0,1,-11,2,-11,3,-12,4,-12,4,-12,6,-13,7,-12,7,-12,8,-12,8,-11,9,-11,9,-11,8,-11,8,-11,8,-11,8,-11,7,-11,7,-11,7,-12,7,-12,6,-12,6,-13,6,-13,5,-13,5,-13,6,-14]"
2025-08-18 22:01:35.386619,CSI_DATA,1651,1a:00:00:00:00:00,-51,11,0,0,0,0,0,0,0,0,0,-94,0,1,0,280358127,0,31,0,128,0,"[0,0,-1,13,0,12,0,12,1,12,1,12,1,12,2,12,2,11,3,11,4,11,4,10,5,10,5,10,6,11,5,11,6,11,6,11,6,11,5,12,5,12,5,13,4,12,4,12,4,11,3,11,3,12,0,0,0,0,0,0,0,0,0,0,0,0,0,0,0,0,0,0,0,0,0,0,3,9,2,10,1,11,1,11,0,12,-1,12,-2,13,-3,13,-3,13,-3,13,-4,12,-4,12,-4,12,-4,12,-4,12,-4,12,-4,12,-3,12,-3,12,-2,12,-2,12,-2,13,-1,13,-1,13,-1,13,-1,13]"
2025-08-18 22:01:35.589772,CSI_DATA,1652,1a:00:00:00:00:00,-51,11,0,0,0,0,0,0,0,0,0,-94,0,1,0,280559333,0,31,0,128,0,"[0,0,-12,-7,-12,-7,-12,-7,-12,-6,-13,-6,-12,-5,-12,-5,-12,-4,-12,-3,-12,-3,-13,-2,-13,-2,-13,-2,-13,-1,-13,0,-14,0,-14,-1,-14,-1,-14,-1,-14,-1,-14,-2,-14,-2,-14,-3,-13,-3,-13,-3,-13,-4,0,0,0,0,0,0,0,0,0,0,0,0,0,0,0,0,0,0,0,0,0,0,-11,-2,-11,-3,-11,-4,-11,-6,-11,-6,-12,-7,-11,-8,-11,-9,-11,-9,-10,-10,-10,-10,-10,-10,-10,-10,-10,-10,-10,-10,-9,-9,-10,-9,-10,-8,-11,-9,-11,-9,-11,-9,-11,-8,-12,-8,-12,-8,-12,-8,-12,-7]"
2025-08-18 22:01:35.788598,CSI_DATA,1653,1a:00:00:00:00:00,-51,11,0,0,0,0,0,0,0,0,0,-94,0,1,0,280760463,0,31,0,128,0,"[0,0,-14,-1,-13,-1,-13,-1,-13,0,-13,0,-13,0,-13,1,-12,1,-12,2,-12,2,-12,3,-12,3,-12,4,-12,4,-12,5,-12,5,-12,5,-13,5,-13,5,-13,4,-13,4,-13,3,-13,3,-13,3,-12,2,-13,2,0,0,0,0,0,0,0,0,0,0,0,0,0,0,0,0,0,0,0,0,0,0,-9,2,-10,2,-11,1,-12,0,-12,0,-13,-1,-13,-2,-13,-3,-13,-3,-13,-4,-13,-4,-13,-5,-13,-5,-12,-5,-12,-4,-12,-4,-12,-3,-13,-3,-13,-3,-13,-3,-13,-2,-13,-2,-14,-2,-14,-2,-14,-2,-14,-1]"
2025-08-18 22:01:35.982376,CSI_DATA,1654,1a:00:00:00:00:00,-52,11,0,0,0,0,0,0,0,0,0,-94,0,1,0,280961615,0,31,0,128,0,"[0,0,2,13,2,13,2,13,3,12,3,12,4,12,4,11,4,11,5,11,5,10,5,10,6,10,7,10,7,10,7,10,8,10,8,10,8,10,8,11,8,11,7,11,7,11,6,11,6,11,5,11,5,12,0,0,0,0,0,0,0,0,0,0,0,0,0,0,0,0,0,0,0,0,0,0,5,9,4,9,4,10,3,11,3,12,2,13,1,13,0,13,0,14,-1,14,-2,14,-2,13,-2,13,-2,13,-2,13,-2,12,-1,13,-1,12,0,13,0,13,0,13,1,13,1,13,1,13,1,14,1,13]"
2025-08-18 22:01:36.049631,CSI_DATA,1655,1a:00:00:00:00:00,-52,11,0,0,0,0,0,0,0,0,0,-94,0,1,0,281026671,0,42,0,128,0,"[0,0,-4,13,-3,12,-3,12,-2,12,-1,12,-1,12,-1,12,0,11,0,11,1,12,2,11,2,11,3,12,3,12,3,12,3,12,4,13,4,13,3,13,3,13,2,13,2,13,2,13,2,13,1,13,0,13,0,0,0,0,0,0,0,0,0,0,0,0,0,0,0,0,0,0,0,0,0,0,1,10,0,10,-1,11,-2,11,-2,12,-4,12,-5,13,-6,12,-6,12,-7,12,-7,12,-7,11,-7,11,-7,11,-7,11,-7,11,-6,11,-6,11,-5,11,-5,12,-5,12,-5,12,-5,12,-4,12,-4,13,-4,12]"
2025-08-18 22:01:36.116783,CSI_DATA,1656,1a:00:00:00:00:00,-52,11,0,0,0,0,0,0,0,0,0,-94,0,1,0,281090202,0,31,0,128,0,"[0,0,10,-8,9,-9,9,-9,8,-9,8,-9,8,-9,7,-10,7,-10,6,-10,6,-11,5,-11,4,-11,4,-12,4,-12,5,-13,4,-13,4,-13,5,-13,5,-13,6,-13,6,-13,6,-12,6,-12,7,-12,7,-11,7,-11,0,0,0,0,0,0,0,0,0,0,0,0,0,0,0,0,0,0,0,0,0,0,5,-9,6,-9,7,-9,8,-8,9,-8,10,-8,10,-7,11,-7,11,-6,11,-6,12,-6,11,-5,11,-5,11,-5,11,-5,11,-5,11,-5,10,-6,10,-6,10,-7,10,-7,10,-7,10,-8,10,-8,10,-8,10,-8]"
2025-08-18 22:01:36.312500,CSI_DATA,1657,1a:00:00:00:00:00,-52,11,0,0,0,0,0,0,0,0,0,-94,0,1,0,281291468,0,31,0,128,0,"[0,0,12,5,12,4,12,4,13,3,12,3,12,3,12,2,12,1,12,1,12,0,12,-1,12,-1,12,-1,12,-2,13,-2,13,-3,14,-2,13,-2,14,-2,14,-2,14,-1,14,-1,14,0,13,0,13,0,13,1,0,0,0,0,0,0,0,0,0,0,0,0,0,0,0,0,0,0,0,0,0,0,10,1,10,1,11,3,11,3,12,4,11,5,11,6,11,7,11,8,10,8,10,8,10,8,10,8,9,8,9,8,10,7,10,7,10,6,10,6,11,6,11,6,12,6,12,5,12,5,12,5,12,5]"
2025-08-18 22:01:36.721367,CSI_DATA,1658,1a:00:00:00:00:00,-52,11,0,0,0,0,0,0,0,0,0,-94,0,1,0,281492517,0,31,0,128,0,"[0,0,-12,8,-11,8,-11,8,-10,8,-10,9,-9,9,-9,9,-8,9,-8,9,-7,10,-7,10,-6,11,-6,11,-6,11,-6,12,-6,12,-6,12,-6,13,-7,13,-7,13,-7,12,-7,12,-7,12,-8,12,-8,11,-9,11,0,0,0,0,0,0,0,0,0,0,0,0,0,0,0,0,0,0,0,0,0,0,-7,8,-8,8,-9,7,-10,7,-11,7,-12,6,-13,6,-13,5,-14,5,-14,4,-14,4,-13,3,-13,3,-13,4,-13,4,-13,4,-13,4,-12,5,-12,5,-12,6,-12,6,-12,6,-12,7,-12,7,-12,8,-12,8]"
2025-08-18 22:01:36.727623,CSI_DATA,1659,1a:00:00:00:00:00,-52,11,0,0,0,0,0,0,0,0,0,-94,0,1,0,281693635,0,31,0,128,0,"[0,0,-14,-4,-13,-3,-13,-3,-13,-3,-13,-2,-13,-2,-13,-1,-12,-1,-12,0,-12,0,-12,1,-12,2,-13,2,-13,2,-13,3,-13,3,-13,3,-14,3,-14,3,-14,2,-14,2,-14,1,-14,1,-14,0,-14,0,-14,-1,0,0,0,0,0,0,0,0,0,0,0,0,0,0,0,0,0,0,0,0,0,0,-11,1,-11,0,-12,-1,-12,-2,-13,-3,-13,-4,-13,-5,-13,-5,-13,-6,-12,-7,-12,-7,-12,-7,-12,-7,-11,-7,-11,-7,-11,-6,-12,-6,-12,-6,-12,-6,-12,-5,-12,-5,-13,-5,-13,-4,-13,-4,-13,-4,-13,-4]"
2025-08-18 22:01:36.916725,CSI_DATA,1660,1a:00:00:00:00:00,-52,11,0,0,0,0,0,0,0,0,0,-94,0,1,0,281894796,0,31,0,128,0,"[0,0,13,1,13,0,13,0,13,0,12,-1,12,-1,12,-1,12,-2,12,-2,11,-3,11,-4,11,-4,11,-5,11,-5,12,-6,12,-6,12,-6,12,-6,13,-6,13,-5,13,-5,13,-4,13,-4,13,-4,13,-3,13,-2,0,0,0,0,0,0,0,0,0,0,0,0,0,0,0,0,0,0,0,0,0,0,9,-3,10,-2,11,-1,11,0,12,0,13,1,13,2,13,3,13,4,12,4,12,4,12,5,12,5,12,5,11,4,11,4,11,4,12,3,12,3,12,3,12,3,12,2,13,2,13,1,13,1,13,1]"
2025-08-18 22:01:37.118553,CSI_DATA,1661,1a:00:00:00:00:00,-52,11,0,0,0,0,0,0,0,0,0,-94,0,1,0,282095941,0,31,0,128,0,"[0,0,-2,13,-1,12,-1,12,0,12,0,12,0,12,1,11,2,11,2,11,3,11,3,11,4,11,4,11,5,11,5,11,5,11,5,11,6,11,5,12,5,12,5,12,5,12,4,12,4,12,3,12,3,12,0,0,0,0,0,0,0,0,0,0,0,0,0,0,0,0,0,0,0,0,0,0,1,9,1,10,0,11,-1,11,-2,12,-3,12,-4,12,-4,12,-5,12,-6,12,-6,11,-6,11,-6,11,-6,11,-5,11,-5,11,-5,11,-4,11,-4,11,-3,12,-3,12,-3,12,-3,12,-2,13,-2,13,-2,13]"
2025-08-18 22:01:37.315698,CSI_DATA,1662,1a:00:00:00:00:00,-52,11,0,0,0,0,0,0,0,0,0,-94,0,1,0,282297319,0,31,0,128,0,"[0,0,9,9,9,9,9,9,9,8,10,8,10,8,10,7,10,6,10,6,10,5,11,4,11,4,11,4,11,3,12,3,12,3,13,4,13,4,13,4,13,4,13,4,12,5,12,5,12,6,12,6,11,6,0,0,0,0,0,0,0,0,0,0,0,0,0,0,0,0,0,0,0,0,0,0,9,4,9,5,9,7,9,8,9,9,8,9,8,11,8,11,7,12,6,12,6,12,6,12,6,12,6,11,5,11,6,11,6,10,6,10,7,10,7,10,8,10,8,10,9,10,9,10,9,10,9,9]"
2025-08-18 22:01:37.528075,CSI_DATA,1663,1a:00:00:00:00:00,-52,11,0,0,0,0,0,0,0,0,0,-94,0,1,0,282498762,0,31,0,128,0,"[0,0,9,-6,9,-6,8,-6,8,-7,7,-7,7,-7,7,-7,7,-8,6,-7,6,-8,5,-8,5,-9,5,-9,4,-9,5,-10,4,-9,5,-10,5,-10,5,-10,5,-10,5,-9,5,-10,6,-9,6,-9,6,-9,6,-8,0,0,0,0,0,0,0,0,0,0,0,0,0,0,0,0,0,0,0,0,0,0,5,-7,5,-6,8,-6,8,-6,8,-5,9,-5,9,-5,10,-4,10,-3,10,-3,10,-3,10,-2,10,-2,9,-3,9,-2,10,-3,9,-3,9,-4,9,-4,9,-4,9,-5,9,-5,9,-5,9,-6,9,-5,9,-6]"
2025-08-18 22:01:37.581770,CSI_DATA,1664,1a:00:00:00:00:00,-52,11,0,0,0,0,0,0,0,0,0,-94,0,1,0,282560030,0,42,0,128,0,"[0,0,13,2,13,2,13,1,13,0,13,0,12,0,12,0,12,-1,12,-2,11,-3,12,-3,11,-4,12,-4,12,-5,12,-5,12,-5,12,-5,13,-5,13,-5,13,-5,13,-5,13,-4,13,-3,13,-3,13,-3,13,-2,0,0,0,0,0,0,0,0,0,0,0,0,0,0,0,0,0,0,0,0,0,0,10,-2,11,-1,11,0,12,1,12,2,13,2,13,4,13,4,13,5,12,5,12,6,12,6,12,6,11,5,12,5,11,5,11,5,12,4,12,4,12,4,12,4,12,3,13,3,13,2,13,2,14,2]"
2025-08-18 22:01:37.651053,CSI_DATA,1665,1a:00:00:00:00:00,-52,11,0,0,0,0,0,0,0,0,0,-94,0,1,0,282625840,0,31,0,128,0,"[0,0,8,-11,8,-11,7,-11,7,-11,7,-12,6,-12,5,-11,5,-12,4,-12,4,-12,3,-12,3,-12,2,-13,2,-13,2,-14,2,-14,2,-14,2,-15,2,-15,2,-15,3,-14,3,-14,3,-14,4,-14,4,-13,5,-13,0,0,0,0,0,0,0,0,0,0,0,0,0,0,0,0,0,0,0,0,0,0,4,-10,5,-10,6,-10,7,-10,8,-11,9,-10,10,-10,11,-10,11,-9,11,-8,12,-8,12,-7,11,-7,11,-7,11,-7,10,-7,10,-8,10,-8,10,-9,10,-9,9,-9,9,-10,9,-10,9,-11,9,-11,9,-11]"
2025-08-18 22:01:37.858535,CSI_DATA,1666,1a:00:00:00:00:00,-52,11,0,0,0,0,0,0,0,0,0,-94,0,1,0,282826874,0,31,0,128,0,"[0,0,4,13,4,12,4,12,5,12,5,11,5,11,5,10,6,10,6,10,7,9,7,9,8,9,8,9,9,9,9,9,9,8,10,9,9,9,9,9,9,10,9,10,9,10,8,11,8,11,7,11,7,11,0,0,0,0,0,0,0,0,0,0,0,0,0,0,0,0,0,0,0,0,0,0,6,7,6,8,6,10,5,11,5,12,4,12,3,13,2,13,1,13,1,14,0,13,0,13,0,13,0,13,0,13,0,12,1,12,1,12,2,12,2,13,2,12,2,13,3,13,4,13,4,13,4,12]"
2025-08-18 22:01:38.051337,CSI_DATA,1667,1a:00:00:00:00:00,-52,11,0,0,0,0,0,0,0,0,0,-94,0,1,0,283028049,0,31,0,128,0,"[0,0,13,-2,12,-3,12,-3,12,-4,12,-4,11,-4,11,-4,11,-5,11,-5,10,-6,10,-7,9,-7,9,-8,9,-8,10,-8,10,-8,10,-8,10,-9,11,-9,11,-8,11,-8,11,-7,11,-7,11,-7,12,-6,12,-6,0,0,0,0,0,0,0,0,0,0,0,0,0,0,0,0,0,0,0,0,0,0,9,-6,10,-5,10,-4,11,-3,12,-3,13,-2,13,-1,13,0,13,1,13,1,13,1,13,1,13,1,13,1,12,2,12,1,12,1,12,0,12,0,12,0,12,-1,13,-1,13,-2,13,-2,13,-2,13,-2]"
2025-08-18 22:01:38.383891,CSI_DATA,1668,1a:00:00:00:00:00,-52,11,0,0,0,0,0,0,0,0,0,-94,0,1,0,283229170,0,31,0,128,0,"[0,0,-11,8,-11,8,-10,8,-10,8,-10,9,-9,9,-9,9,-8,9,-8,9,-7,10,-7,10,-6,10,-5,11,-5,11,-5,12,-5,12,-5,12,-6,12,-6,13,-6,13,-7,12,-7,12,-7,12,-7,12,-8,11,-8,11,0,0,0,0,0,0,0,0,0,0,0,0,0,0,0,0,0,0,0,0,0,0,-7,8,-8,8,-9,8,-10,7,-11,7,-12,7,-13,6,-13,6,-14,5,-14,4,-14,4,-14,4,-13,4,-13,4,-13,4,-13,4,-12,4,-12,5,-12,5,-12,6,-12,6,-12,6,-12,7,-12,7,-12,8,-11,8]"
2025-08-18 22:01:38.457104,CSI_DATA,1669,1a:00:00:00:00:00,-52,11,0,0,0,0,0,0,0,0,0,-94,0,1,0,283430579,0,31,0,128,0,"[0,0,-14,1,-14,2,-14,2,-14,2,-13,3,-13,3,-12,4,-12,4,-12,5,-11,5,-11,6,-11,6,-11,7,-11,7,-11,8,-11,8,-11,8,-12,8,-12,8,-12,8,-12,8,-12,7,-12,7,-13,6,-13,6,-13,5,0,0,0,0,0,0,0,0,0,0,0,0,0,0,0,0,0,0,0,0,0,0,-10,4,-11,3,-12,3,-13,2,-13,1,-14,0,-14,0,-15,-1,-15,-2,-14,-3,-14,-3,-14,-3,-14,-3,-13,-3,-13,-3,-13,-2,-14,-2,-14,-1,-14,-1,-14,-1,-14,0,-14,0,-14,1,-14,0,-14,1,-14,1]"
2025-08-18 22:01:38.654701,CSI_DATA,1670,1a:00:00:00:00:00,-52,11,0,0,0,0,0,0,0,0,0,-94,0,1,0,283631672,0,31,0,128,0,"[0,0,-4,13,-3,13,-3,13,-3,12,-2,12,-2,12,-1,12,0,12,0,12,1,12,1,12,2,12,2,12,3,12,3,12,3,12,3,13,3,13,3,13,3,13,2,13,2,13,2,13,1,13,1,13,0,13,0,0,0,0,0,0,0,0,0,0,0,0,0,0,0,0,0,0,0,0,0,0,0,10,-1,11,-2,11,-3,11,-4,12,-5,12,-6,12,-6,12,-7,12,-7,12,-8,11,-8,11,-8,11,-8,11,-7,11,-7,11,-7,11,-6,11,-6,11,-5,12,-5,12,-5,12,-5,13,-4,13,-4,13,-4,13]"
2025-08-18 22:01:38.857729,CSI_DATA,1671,1a:00:00:00:00:00,-52,11,0,0,0,0,0,0,0,0,0,-94,0,1,0,283832798,0,31,0,128,0,"[0,0,10,-10,9,-10,9,-10,9,-10,8,-10,8,-10,7,-11,6,-11,6,-11,5,-12,5,-12,4,-12,4,-12,4,-12,4,-13,4,-13,4,-13,4,-13,4,-14,4,-13,5,-13,5,-13,5,-13,6,-13,6,-12,6,-12,0,0,0,0,0,0,0,0,0,0,0,0,0,0,0,0,0,0,0,0,0,0,5,-10,6,-10,7,-10,8,-10,9,-10,10,-9,11,-9,11,-9,12,-8,12,-7,12,-7,12,-6,12,-6,11,-7,11,-7,11,-6,11,-7,11,-7,11,-7,10,-8,10,-8,10,-9,10,-9,10,-9,10,-10,10,-10]"
2025-08-18 22:01:39.067743,CSI_DATA,1672,1a:00:00:00:00:00,-52,11,0,0,0,0,0,0,0,0,0,-94,0,1,0,284033941,0,31,0,128,0,"[0,0,2,13,2,13,2,13,3,12,3,12,4,12,4,11,5,11,5,10,5,10,6,10,7,10,7,10,8,9,8,9,8,9,9,10,9,10,9,11,8,11,8,11,8,11,8,11,7,12,6,11,6,12,0,0,0,0,0,0,0,0,0,0,0,0,0,0,0,0,0,0,0,0,0,0,4,9,4,10,3,11,3,11,2,12,1,13,0,13,-1,13,-2,14,-2,13,-2,13,-2,13,-2,13,-2,13,-2,12,-2,12,-2,12,-1,12,-1,13,0,13,0,13,0,13,1,13,1,14,2,14,2,13]"
2025-08-18 22:01:39.121368,CSI_DATA,1673,1a:00:00:00:00:00,-52,11,0,0,0,0,0,0,0,0,0,-94,0,1,0,284096044,0,42,0,128,0,"[0,0,-14,2,-13,3,-13,3,-13,3,-12,4,-12,4,-12,4,-11,5,-11,5,-11,6,-10,7,-10,7,-10,7,-10,8,-10,8,-10,9,-10,9,-10,9,-11,9,-11,9,-11,9,-11,8,-11,8,-12,7,-12,7,-12,6,0,0,0,0,0,0,0,0,0,0,0,0,0,0,0,0,0,0,0,0,0,0,-9,4,-10,4,-11,3,-12,2,-13,2,-13,1,-14,0,-14,0,-14,-1,-14,-2,-14,-2,-14,-2,-14,-2,-13,-2,-13,-2,-13,-2,-13,-1,-13,-1,-13,0,-13,0,-13,0,-14,1,-14,2,-14,2,-14,2,-14,2]"
2025-08-18 22:01:39.190635,CSI_DATA,1674,1a:00:00:00:00:00,-52,11,0,0,0,0,0,0,0,0,0,-94,0,1,0,284162301,0,31,0,128,0,"[0,0,-14,-2,-14,-2,-13,-2,-14,-1,-13,-1,-13,-1,-13,0,-13,1,-13,2,-12,2,-12,3,-12,4,-12,4,-12,4,-13,5,-13,5,-13,5,-13,5,-14,5,-14,5,-14,4,-14,4,-14,4,-14,4,-14,3,-14,2,0,0,0,0,0,0,0,0,0,0,0,0,0,0,0,0,0,0,0,0,0,0,-11,1,-11,1,-12,0,-12,-1,-13,-2,-14,-3,-14,-4,-14,-5,-14,-5,-14,-6,-13,-6,-13,-7,-13,-7,-13,-6,-12,-6,-13,-6,-13,-5,-13,-5,-13,-5,-13,-4,-13,-4,-14,-4,-14,-3,-14,-3,-14,-3,-14,-2]"
2025-08-18 22:01:39.388798,CSI_DATA,1675,1a:00:00:00:00:00,-52,11,0,0,0,0,0,0,0,0,0,-94,0,1,0,284363399,0,31,0,128,0,"[0,0,-13,5,-13,5,-13,5,-12,5,-12,6,-11,6,-11,6,-10,7,-10,7,-10,8,-9,8,-9,9,-9,9,-8,10,-9,10,-9,11,-9,11,-9,11,-10,11,-9,11,-10,11,-10,10,-10,10,-11,10,-11,9,-11,9,0,0,0,0,0,0,0,0,0,0,0,0,0,0,0,0,0,0,0,0,0,0,-9,5,-10,5,-11,4,-12,4,-13,3,-13,3,-14,2,-14,2,-14,1,-14,0,-14,0,-14,-1,-14,-1,-14,0,-13,0,-13,0,-13,1,-13,1,-13,1,-13,2,-13,2,-13,3,-14,4,-14,4,-13,4,-13,4]"
2025-08-18 22:01:39.605768,CSI_DATA,1676,1a:00:00:00:00:00,-52,11,0,0,0,0,0,0,0,0,0,-94,0,1,0,284566532,0,31,0,128,0,"[0,0,8,-12,7,-12,6,-12,6,-12,6,-12,5,-12,5,-12,4,-12,3,-12,3,-13,3,-13,2,-13,2,-14,1,-13,1,-14,1,-14,1,-15,1,-15,1,-15,2,-15,2,-15,2,-15,3,-15,3,-14,4,-14,4,-14,0,0,0,0,0,0,0,0,0,0,0,0,0,0,0,0,0,0,0,0,0,0,3,-10,4,-11,5,-11,6,-11,7,-11,8,-11,9,-10,10,-10,10,-10,11,-9,11,-9,11,-8,10,-8,10,-8,10,-8,10,-8,9,-9,9,-9,9,-9,8,-10,8,-10,8,-11,8,-11,8,-11,8,-12,8,-12]"
2025-08-18 22:01:39.796013,CSI_DATA,1677,1a:00:00:00:00:00,-52,11,0,0,0,0,0,0,0,0,0,-94,0,1,0,284765865,0,31,0,128,0,"[0,0,-3,-14,-4,-14,-4,-13,-4,-13,-5,-13,-5,-13,-6,-12,-6,-12,-6,-12,-7,-11,-7,-11,-8,-11,-9,-11,-9,-11,-10,-11,-10,-11,-10,-12,-10,-12,-10,-12,-10,-12,-9,-12,-9,-13,-8,-13,-8,-13,-7,-13,-7,-13,0,0,0,0,0,0,0,0,0,0,0,0,0,0,0,0,0,0,0,0,0,0,-5,-10,-5,-11,-4,-12,-3,-13,-3,-13,-2,-14,-1,-14,0,-14,0,-15,1,-15,1,-14,2,-14,2,-14,1,-14,1,-14,1,-13,1,-13,0,-13,0,-13,-1,-14,-1,-14,-2,-14,-2,-14,-2,-14,-3,-14,-3,-14]"
2025-08-18 22:01:39.994269,CSI_DATA,1678,1a:00:00:00:00:00,-52,11,0,0,0,0,0,0,0,0,0,-94,0,1,0,284966970,0,31,0,128,0,"[0,0,-14,-1,-14,-1,-14,-1,-13,0,-14,0,-13,1,-13,1,-13,2,-12,3,-12,3,-12,4,-12,5,-12,5,-13,6,-12,6,-13,6,-13,6,-14,6,-14,6,-14,6,-14,6,-14,5,-14,4,-14,4,-14,3,-15,3,0,0,0,0,0,0,0,0,0,0,0,0,0,0,0,0,0,0,0,0,0,0,-11,2,-12,1,-12,0,-13,-1,-13,-2,-14,-3,-14,-3,-14,-4,-13,-5,-13,-5,-13,-5,-13,-6,-13,-6,-12,-6,-13,-5,-12,-5,-13,-5,-12,-4,-13,-4,-13,-4,-13,-3,-13,-3,-13,-2,-14,-2,-14,-2,-14,-1]"
2025-08-18 22:01:40.193002,CSI_DATA,1679,1a:00:00:00:00:00,-52,11,0,0,0,0,0,0,0,0,0,-94,0,1,0,285168749,0,31,0,128,0,"[0,0,9,-10,9,-10,9,-10,8,-10,8,-10,7,-11,7,-11,6,-11,6,-11,5,-11,5,-12,4,-12,4,-13,4,-13,4,-13,4,-14,4,-14,4,-15,5,-15,5,-14,5,-14,6,-14,6,-13,6,-13,6,-13,7,-12,0,0,0,0,0,0,0,0,0,0,0,0,0,0,0,0,0,0,0,0,0,0,5,-9,6,-9,7,-9,8,-9,9,-8,10,-8,11,-8,12,-7,12,-7,12,-6,12,-6,12,-5,12,-5,11,-6,11,-6,11,-5,11,-6,10,-6,10,-7,10,-7,10,-8,10,-8,10,-8,10,-9,10,-9,10,-10]"
2025-08-18 22:01:40.394912,CSI_DATA,1680,1a:00:00:00:00:00,-52,11,0,0,0,0,0,0,0,0,0,-94,0,1,0,285369368,0,31,0,128,0,"[0,0,5,-12,4,-13,4,-12,4,-13,3,-12,3,-12,2,-13,2,-13,1,-12,0,-13,0,-13,-1,-13,-1,-13,-2,-13,-2,-14,-2,-14,-2,-15,-2,-15,-2,-15,-1,-15,-1,-15,-1,-15,0,-15,0,-15,1,-14,2,-14,0,0,0,0,0,0,0,0,0,0,0,0,0,0,0,0,0,0,0,0,0,0,2,-11,3,-11,4,-12,4,-11,6,-12,7,-11,8,-12,8,-11,9,-10,10,-10,9,-10,10,-9,9,-9,9,-9,8,-9,8,-10,8,-9,8,-10,7,-10,7,-11,7,-11,6,-11,7,-12,6,-12,6,-12,6,-12]"
2025-08-18 22:01:40.598198,CSI_DATA,1681,1a:00:00:00:00:00,-52,11,0,0,0,0,0,0,0,0,0,-94,0,1,0,285570550,0,31,0,128,0,"[0,0,-14,0,-14,1,-13,1,-14,2,-13,2,-13,2,-12,3,-12,3,-12,4,-12,5,-11,6,-11,6,-11,6,-11,7,-12,8,-11,8,-12,8,-12,8,-13,8,-13,8,-13,8,-13,7,-14,7,-13,6,-14,6,-14,5,0,0,0,0,0,0,0,0,0,0,0,0,0,0,0,0,0,0,0,0,0,0,-11,2,-11,2,-13,1,-13,0,-14,-1,-14,-2,-14,-2,-14,-3,-14,-4,-14,-5,-14,-5,-13,-5,-13,-5,-13,-5,-13,-5,-13,-4,-13,-4,-13,-3,-13,-3,-13,-2,-13,-2,-14,-2,-14,-1,-14,-1,-14,-1,-14,0]"
2025-08-18 22:01:40.650713,CSI_DATA,1682,1a:00:00:00:00:00,-52,11,0,0,0,0,0,0,0,0,0,-94,0,1,0,285631954,0,42,0,128,0,"[0,0,8,10,8,10,8,9,9,9,9,8,9,8,9,7,10,7,10,6,10,5,11,5,11,4,12,4,12,4,12,4,13,4,13,4,13,4,13,4,13,5,13,5,13,6,13,6,12,6,12,6,11,7,0,0,0,0,0,0,0,0,0,0,0,0,0,0,0,0,0,0,0,0,0,0,8,5,8,6,8,8,8,9,8,9,7,11,7,11,6,12,5,12,5,12,4,12,4,12,4,12,4,12,4,12,4,11,5,11,5,11,6,11,6,11,6,11,7,11,7,10,8,11,8,11,8,10]"
2025-08-18 22:01:40.724184,CSI_DATA,1683,1a:00:00:00:00:00,-52,11,0,0,0,0,0,0,0,0,0,-94,0,1,0,285697978,0,31,0,128,0,"[0,0,-14,2,-14,2,-13,3,-13,3,-13,3,-12,4,-12,4,-12,5,-11,6,-11,6,-11,6,-10,7,-10,7,-10,8,-10,9,-10,9,-11,9,-11,9,-11,10,-11,9,-12,9,-12,8,-12,8,-13,7,-13,7,-13,6,0,0,0,0,0,0,0,0,0,0,0,0,0,0,0,0,0,0,0,0,0,0,-10,4,-11,4,-12,3,-12,2,-13,2,-14,1,-14,0,-14,0,-15,-1,-15,-2,-14,-2,-14,-3,-14,-3,-14,-2,-13,-2,-14,-2,-13,-1,-14,-1,-13,-1,-14,0,-14,1,-14,1,-14,1,-14,1,-14,1,-14,2]"
2025-08-18 22:01:40.925399,CSI_DATA,1684,1a:00:00:00:00:00,-52,11,0,0,0,0,0,0,0,0,0,-94,0,1,0,285899051,0,31,0,128,0,"[0,0,13,-6,12,-6,11,-6,11,-7,11,-7,10,-7,10,-7,10,-8,9,-8,9,-9,9,-9,8,-9,8,-10,8,-10,8,-11,8,-11,8,-11,9,-11,9,-11,9,-11,10,-10,10,-10,10,-10,10,-9,10,-9,10,-9,0,0,0,0,0,0,0,0,0,0,0,0,0,0,0,0,0,0,0,0,0,0,6,-8,7,-8,8,-7,9,-7,10,-6,11,-6,12,-5,12,-5,12,-4,13,-4,13,-3,12,-3,12,-3,12,-3,12,-3,12,-3,12,-3,12,-4,12,-4,12,-5,12,-5,12,-5,12,-6,12,-6,12,-6,12,-6]"
2025-08-18 22:01:41.120587,CSI_DATA,1685,1a:00:00:00:00:00,-52,11,0,0,0,0,0,0,0,0,0,-94,0,1,0,286101880,0,31,0,128,0,"[0,0,6,12,6,11,6,11,6,11,7,10,7,10,7,10,7,9,8,9,8,8,8,8,9,7,9,8,10,7,10,7,10,7,11,7,11,7,11,8,11,8,11,8,10,9,10,9,9,9,9,9,9,10,0,0,0,0,0,0,0,0,0,0,0,0,0,0,0,0,0,0,0,0,0,0,6,7,6,8,6,9,6,9,5,10,5,11,4,11,4,12,3,12,2,13,2,13,1,12,2,12,2,12,2,12,2,12,2,12,3,11,3,12,4,12,4,12,5,12,5,12,5,12,5,12,5,12]"
2025-08-18 22:01:41.329674,CSI_DATA,1686,1a:00:00:00:00:00,-52,11,0,0,0,0,0,0,0,0,0,-94,0,1,0,286301369,0,31,0,128,0,"[0,0,-14,-4,-14,-3,-14,-3,-13,-3,-14,-2,-13,-2,-13,-1,-13,-1,-13,0,-13,1,-13,1,-13,2,-13,2,-13,3,-13,3,-13,3,-14,3,-14,3,-15,3,-14,3,-14,2,-14,2,-14,2,-14,1,-14,1,-14,0,0,0,0,0,0,0,0,0,0,0,0,0,0,0,0,0,0,0,0,0,0,0,-10,1,-11,0,-11,-1,-12,-2,-12,-3,-13,-4,-13,-5,-13,-5,-13,-6,-12,-7,-13,-7,-12,-7,-12,-7,-12,-7,-12,-7,-12,-6,-12,-6,-12,-5,-13,-5,-13,-5,-13,-5,-13,-5,-14,-4,-14,-4,-14,-4,-14,-4]"
2025-08-18 22:01:41.530517,CSI_DATA,1687,1a:00:00:00:00:00,-52,11,0,0,0,0,0,0,0,0,0,-94,0,1,0,286502602,0,31,0,128,0,"[0,0,-14,-3,-13,-3,-13,-3,-13,-3,-13,-3,-13,-2,-13,-1,-13,-1,-12,0,-12,1,-13,1,-12,1,-13,1,-12,2,-13,3,-13,3,-14,3,-14,3,-14,3,-14,3,-14,3,-14,2,-14,1,-14,0,-14,0,-14,0,0,0,0,0,0,0,0,0,0,0,0,0,0,0,0,0,0,0,0,0,0,0,-10,0,-11,-1,-11,-2,-12,-2,-12,-3,-12,-4,-12,-5,-12,-6,-12,-6,-12,-7,-12,-7,-11,-8,-11,-8,-11,-7,-11,-7,-11,-6,-11,-6,-12,-5,-12,-6,-12,-5,-12,-5,-13,-5,-13,-5,-13,-5,-13,-5,-13,-4]"
2025-08-18 22:01:41.726891,CSI_DATA,1688,1a:00:00:00:00:00,-52,11,0,0,0,0,0,0,0,0,0,-94,0,1,0,286703762,0,31,0,128,0,"[0,0,-4,13,-3,13,-3,12,-3,12,-2,12,-2,12,-1,12,-1,12,0,12,0,12,1,12,2,12,2,12,2,12,3,12,3,12,3,13,3,13,2,13,2,13,2,13,1,14,1,14,1,13,0,13,-1,13,0,0,0,0,0,0,0,0,0,0,0,0,0,0,0,0,0,0,0,0,0,0,1,9,0,10,-1,11,-2,11,-2,12,-4,12,-4,12,-5,12,-6,12,-6,12,-7,11,-7,11,-6,11,-6,11,-6,11,-6,11,-6,11,-5,11,-5,12,-5,12,-5,12,-4,12,-4,13,-4,13,-4,13,-4,13]"
2025-08-18 22:01:41.925509,CSI_DATA,1689,1a:00:00:00:00:00,-52,11,0,0,0,0,0,0,0,0,0,-94,0,1,0,286905095,0,31,0,128,0,"[0,0,12,5,12,4,12,4,12,4,12,3,12,3,12,3,12,2,12,1,12,0,12,0,12,0,12,-1,13,-1,13,-1,13,-2,13,-1,13,-1,14,-1,14,-1,14,0,13,0,13,1,13,1,13,1,13,2,0,0,0,0,0,0,0,0,0,0,0,0,0,0,0,0,0,0,0,0,0,0,10,0,10,1,11,2,11,3,11,3,11,5,11,5,11,6,11,7,11,7,11,7,10,8,10,8,10,8,10,7,10,7,10,6,10,6,11,6,11,6,11,6,12,6,12,5,13,5,13,5,13,5]"
2025-08-18 22:01:42.188657,CSI_DATA,1690,1a:00:00:00:00:00,-51,11,0,0,0,0,0,0,0,0,0,-94,0,1,0,287106174,0,31,0,128,0,"[0,0,13,-4,13,-4,12,-4,12,-5,12,-5,11,-6,11,-6,11,-6,10,-7,10,-8,10,-8,9,-8,9,-9,9,-9,9,-10,9,-10,10,-10,10,-10,10,-10,11,-10,11,-10,11,-9,11,-9,11,-8,11,-8,12,-7,0,0,0,0,0,0,0,0,0,0,0,0,0,0,0,0,0,0,0,0,0,0,8,-6,9,-5,10,-4,11,-4,11,-3,12,-3,13,-2,13,-2,13,-1,13,0,13,0,13,0,13,1,12,0,12,0,12,0,12,-1,12,-1,12,-2,13,-2,12,-2,13,-3,13,-3,13,-3,13,-3,13,-4]"
2025-08-18 22:01:42.193888,CSI_DATA,1691,1a:00:00:00:00:00,-52,11,0,0,0,0,0,0,0,0,0,-94,0,1,0,287169464,0,42,0,128,0,"[0,0,10,9,10,8,10,8,10,7,11,7,10,7,10,6,11,6,11,5,11,4,11,4,12,3,12,3,13,3,12,2,13,2,13,2,13,3,14,3,13,3,13,4,13,4,13,4,13,5,12,5,12,6,0,0,0,0,0,0,0,0,0,0,0,0,0,0,0,0,0,0,0,0,0,0,8,4,9,5,9,6,9,7,9,8,9,9,8,9,8,10,7,11,7,11,6,11,6,11,6,11,6,11,7,11,6,10,7,10,7,9,8,10,8,10,8,10,9,9,9,9,10,9,10,9,10,9]"
2025-08-18 22:01:42.262050,CSI_DATA,1692,1a:00:00:00:00:00,-52,11,0,0,0,0,0,0,0,0,0,-94,0,1,0,287233494,0,31,0,128,0,"[0,0,-14,-4,-14,-3,-14,-3,-14,-2,-14,-2,-13,-2,-13,-1,-13,0,-13,0,-13,1,-13,1,-13,2,-13,2,-13,3,-14,3,-13,3,-14,3,-14,3,-14,3,-15,3,-15,3,-15,2,-14,2,-14,1,-14,1,-14,0,0,0,0,0,0,0,0,0,0,0,0,0,0,0,0,0,0,0,0,0,0,0,-10,0,-11,-1,-12,-2,-12,-3,-12,-4,-13,-4,-13,-5,-13,-6,-13,-6,-12,-7,-12,-7,-12,-7,-12,-8,-12,-7,-11,-7,-12,-7,-12,-6,-12,-6,-12,-6,-13,-5,-13,-5,-13,-5,-14,-4,-14,-4,-14,-4,-14,-4]"
2025-08-18 22:01:42.463594,CSI_DATA,1693,1a:00:00:00:00:00,-52,11,0,0,0,0,0,0,0,0,0,-94,0,1,0,287434654,0,31,0,128,0,"[0,0,-14,-4,-14,-3,-13,-3,-13,-3,-14,-2,-13,-2,-13,-1,-13,-1,-13,0,-13,1,-13,1,-13,2,-13,2,-13,2,-13,3,-13,3,-14,3,-14,3,-14,3,-14,3,-15,3,-14,2,-14,2,-14,1,-14,1,-14,0,0,0,0,0,0,0,0,0,0,0,0,0,0,0,0,0,0,0,0,0,0,0,-10,0,-11,-1,-12,-2,-12,-3,-12,-3,-13,-4,-13,-5,-13,-6,-13,-6,-12,-7,-12,-7,-12,-8,-12,-8,-11,-7,-11,-7,-12,-7,-12,-6,-12,-6,-12,-6,-13,-5,-13,-5,-13,-5,-13,-4,-14,-4,-14,-4,-14,-4]"
2025-08-18 22:01:42.671528,CSI_DATA,1694,1a:00:00:00:00:00,-52,11,0,0,0,0,0,0,0,0,0,-94,0,1,0,287635774,0,31,0,128,0,"[0,0,10,-9,9,-9,9,-10,8,-9,8,-10,8,-10,7,-10,7,-10,7,-10,6,-10,5,-11,5,-12,5,-12,4,-13,4,-12,5,-13,4,-12,5,-13,5,-13,6,-13,6,-13,6,-13,6,-12,6,-12,7,-12,8,-12,0,0,0,0,0,0,0,0,0,0,0,0,0,0,0,0,0,0,0,0,0,0,4,-9,5,-9,6,-9,7,-9,7,-9,9,-9,10,-8,10,-8,11,-7,10,-7,11,-7,11,-7,11,-7,11,-7,11,-7,10,-6,11,-7,10,-7,10,-7,10,-8,10,-8,10,-8,9,-9,10,-9,10,-9,10,-10]"
2025-08-18 22:01:43.064589,CSI_DATA,1695,1a:00:00:00:00:00,-52,11,0,0,0,0,0,0,0,0,0,-94,0,1,0,287836923,0,31,0,128,0,"[0,0,-11,9,-10,9,-10,9,-10,9,-10,9,-9,9,-9,9,-8,10,-8,10,-7,10,-7,11,-6,11,-6,11,-5,12,-5,12,-5,12,-5,12,-6,13,-6,13,-7,13,-7,13,-7,13,-7,12,-8,12,-8,11,-9,11,0,0,0,0,0,0,0,0,0,0,0,0,0,0,0,0,0,0,0,0,0,0,-6,8,-7,8,-8,8,-9,8,-9,8,-11,7,-12,7,-12,6,-13,6,-12,5,-13,5,-13,4,-13,5,-12,5,-12,5,-12,5,-12,5,-12,5,-12,6,-12,6,-11,7,-11,7,-11,8,-11,8,-11,8,-11,8]"
2025-08-18 22:01:43.070849,CSI_DATA,1696,1a:00:00:00:00:00,-51,11,0,0,0,0,0,0,0,0,0,-94,0,1,0,288038336,0,31,0,128,0,"[0,0,-15,1,-14,1,-14,1,-14,2,-14,2,-13,2,-13,2,-12,3,-12,4,-12,5,-12,5,-12,6,-12,6,-11,6,-12,6,-12,7,-13,7,-13,6,-13,7,-13,7,-13,7,-14,6,-13,5,-13,5,-13,4,-13,4,0,0,0,0,0,0,0,0,0,0,0,0,0,0,0,0,0,0,0,0,0,0,-10,3,-11,3,-11,2,-12,1,-13,1,-13,0,-14,-1,-14,-1,-15,-2,-14,-3,-11,-3,-14,-3,-13,-3,-13,-3,-13,-3,-13,-3,-13,-2,-13,-2,-13,-2,-14,-1,-14,-1,-14,0,-14,0,-14,0,-15,0,-14,1]"
2025-08-18 22:01:43.262011,CSI_DATA,1697,1a:00:00:00:00:00,-52,11,0,0,0,0,0,0,0,0,0,-94,0,1,0,288239388,0,31,0,128,0,"[0,0,13,-1,13,-1,13,-1,13,-2,12,-3,12,-3,12,-3,11,-4,11,-4,11,-5,11,-5,11,-6,11,-6,11,-7,11,-7,11,-7,11,-7,12,-8,12,-8,12,-7,13,-7,12,-6,13,-6,13,-5,13,-5,13,-4,0,0,0,0,0,0,0,0,0,0,0,0,0,0,0,0,0,0,0,0,0,0,9,-4,9,-4,10,-3,11,-2,12,-2,12,-1,13,0,13,0,13,1,13,2,13,2,12,3,12,3,12,2,12,2,12,2,12,2,12,1,12,1,12,1,13,0,13,0,13,0,13,-1,13,-1,14,-1]"
2025-08-18 22:01:43.459530,CSI_DATA,1698,1a:00:00:00:00:00,-52,11,0,0,0,0,0,0,0,0,0,-94,0,1,0,288440636,0,31,0,128,0,"[0,0,7,11,7,11,8,10,8,10,9,10,8,9,8,9,9,8,9,7,10,7,10,6,10,6,10,6,11,6,12,5,12,5,12,6,12,6,12,6,12,6,12,7,12,7,11,8,11,8,11,8,10,8,0,0,0,0,0,0,0,0,0,0,0,0,0,0,0,0,0,0,0,0,0,0,7,6,7,7,7,8,7,8,7,9,6,10,6,11,5,12,5,12,4,12,4,12,3,12,3,12,3,12,4,12,4,11,4,11,5,11,5,11,6,11,6,11,6,11,7,11,7,11,7,11,7,11]"
2025-08-18 22:01:43.661898,CSI_DATA,1699,1a:00:00:00:00:00,-52,11,0,0,0,0,0,0,0,0,0,-94,0,1,0,288641750,0,31,0,128,0,"[0,0,6,12,7,11,7,11,7,11,7,10,8,10,8,9,8,9,8,8,9,8,9,8,10,7,10,7,11,7,11,6,11,6,11,7,11,7,12,7,12,7,11,7,11,8,10,8,10,9,10,9,9,9,0,0,0,0,0,0,0,0,0,0,0,0,0,0,0,0,0,0,0,0,0,0,6,7,6,8,6,9,6,9,6,10,5,11,4,12,4,12,3,12,3,13,2,13,2,13,2,13,2,13,2,12,2,12,3,12,3,11,4,12,5,12,5,12,5,12,5,12,6,12,6,12,6,12]"
2025-08-18 22:01:43.728125,CSI_DATA,1700,1a:00:00:00:00:00,-52,11,0,0,0,0,0,0,0,0,0,-94,0,1,0,288703931,0,42,0,128,0,"[0,0,-9,11,-8,11,-8,11,-8,11,-7,10,-7,11,-6,11,-6,11,-5,11,-5,11,-4,11,-3,11,-3,12,-3,12,-3,12,-2,13,-2,13,-3,13,-3,13,-3,13,-4,13,-4,13,-4,13,-4,13,-5,12,-6,12,0,0,0,0,0,0,0,0,0,0,0,0,0,0,0,0,0,0,0,0,0,0,-4,9,-5,9,-6,9,-7,9,-8,9,-9,9,-10,9,-10,9,-11,8,-11,7,-19,6,-11,7,-11,7,-11,7,-11,7,-10,7,-10,8,-10,8,-10,8,-9,9,-9,9,-9,10,-9,10,-9,10,-9,10,-9,10]"
2025-08-18 22:01:43.797477,CSI_DATA,1701,1a:00:00:00:00:00,-52,11,0,0,0,0,0,0,0,0,0,-94,0,1,0,288769627,0,31,0,128,0,"[0,0,1,-14,0,-14,0,-14,0,-14,-1,-14,-1,-13,-1,-13,-2,-13,-2,-13,-3,-13,-4,-12,-5,-12,-5,-13,-5,-13,-5,-13,-6,-13,-6,-13,-6,-13,-6,-14,-5,-14,-5,-14,-5,-14,-5,-14,-4,-14,-3,-14,-3,-14,0,0,0,0,0,0,0,0,0,0,0,0,0,0,0,0,0,0,0,0,0,0,-3,-10,-2,-11,-2,-12,-1,-12,0,-13,1,-13,2,-14,3,-14,3,-14,4,-13,4,-13,4,-13,4,-13,4,-13,4,-13,4,-13,3,-13,3,-13,2,-13,2,-13,2,-14,1,-14,1,-14,1,-14,1,-14,1,-14]"
2025-08-18 22:01:43.993900,CSI_DATA,1702,1a:00:00:00:00:00,-52,11,0,0,0,0,0,0,0,0,0,-94,0,1,0,288970806,0,31,0,128,0,"[0,0,14,-1,13,-1,13,-1,13,-2,13,-2,12,-3,12,-3,12,-4,12,-4,11,-5,11,-6,11,-6,11,-7,11,-7,11,-7,11,-8,11,-7,12,-8,12,-8,12,-8,13,-7,12,-7,13,-6,13,-6,13,-5,13,-5,0,0,0,0,0,0,0,0,0,0,0,0,0,0,0,0,0,0,0,0,0,0,9,-4,10,-3,11,-3,11,-2,12,-1,13,-1,13,0,13,1,13,2,13,2,13,3,13,3,13,3,12,3,12,3,12,2,12,2,12,1,13,1,13,1,13,0,13,0,14,0,14,-1,14,0,14,-1]"
2025-08-18 22:01:44.203444,CSI_DATA,1703,1a:00:00:00:00:00,-52,11,0,0,0,0,0,0,0,0,0,-94,0,1,0,289171977,0,31,0,128,0,"[0,0,-11,-10,-11,-10,-11,-9,-11,-9,-11,-8,-11,-8,-11,-8,-12,-7,-12,-6,-12,-6,-12,-5,-12,-5,-13,-5,-13,-4,-13,-4,-13,-4,-14,-5,-14,-4,-14,-4,-14,-5,-14,-5,-14,-6,-13,-6,-13,-7,-12,-7,-12,-7,0,0,0,0,0,0,0,0,0,0,0,0,0,0,0,0,0,0,0,0,0,0,-10,-4,-10,-5,-10,-6,-10,-7,-10,-8,-10,-9,-10,-10,-10,-10,-9,-11,-9,-12,-8,-12,-8,-12,-8,-12,-8,-12,-8,-11,-8,-11,-8,-11,-9,-10,-9,-10,-10,-10,-10,-10,-10,-10,-10,-10,-11,-10,-11,-10,-11,-10]"
2025-08-18 22:01:44.395061,CSI_DATA,1704,1a:00:00:00:00:00,-51,11,0,0,0,0,0,0,0,0,0,-94,0,1,0,289373159,0,31,0,128,0,"[0,0,12,-1,11,-2,11,-2,11,-2,11,-3,10,-2,10,-3,10,-3,9,-4,9,-5,9,-5,9,-6,9,-6,9,-7,9,-6,10,-7,9,-7,10,-7,10,-7,10,-7,10,-6,10,-6,10,-6,10,-6,10,-5,11,-5,0,0,0,0,0,0,0,0,0,0,0,0,0,0,0,0,0,0,0,0,0,0,7,-4,8,-3,9,-2,10,-1,9,0,11,1,10,0,11,2,10,2,10,2,10,2,10,2,10,2,10,2,10,3,10,2,10,2,10,1,11,1,10,1,11,0,11,0,11,-1,11,-1,11,-1,12,-1]"
2025-08-18 22:01:44.601931,CSI_DATA,1705,1a:00:00:00:00:00,-51,11,0,0,0,0,0,0,0,0,0,-94,0,1,0,289574391,0,31,0,128,0,"[0,0,1,-14,1,-14,1,-14,1,-14,0,-14,-1,-13,-1,-14,-2,-13,-2,-13,-3,-13,-3,-13,-4,-13,-4,-13,-5,-13,-5,-13,-5,-13,-6,-13,-6,-14,-5,-15,-5,-15,-5,-14,-4,-14,-4,-15,-3,-15,-2,-14,-2,-14,0,0,0,0,0,0,0,0,0,0,0,0,0,0,0,0,0,0,0,0,0,0,-2,-10,-1,-11,-1,-12,0,-12,1,-13,2,-13,3,-13,4,-14,4,-13,5,-13,5,-13,5,-13,5,-13,5,-13,5,-12,5,-12,4,-13,4,-12,3,-13,3,-13,3,-13,2,-14,2,-14,2,-14,2,-14,2,-14]"
2025-08-18 22:01:44.801557,CSI_DATA,1706,1a:00:00:00:00:00,-52,11,0,0,0,0,0,0,0,0,0,-94,0,1,0,289775481,0,31,0,128,0,"[0,0,-14,1,-13,1,-13,2,-13,2,-13,2,-13,3,-12,3,-12,4,-12,4,-11,5,-11,5,-11,6,-11,6,-11,7,-11,8,-11,8,-11,8,-12,8,-12,8,-12,8,-12,7,-12,7,-12,6,-13,6,-13,6,-13,5,0,0,0,0,0,0,0,0,0,0,0,0,0,0,0,0,0,0,0,0,0,0,-10,3,-11,2,-11,2,-12,1,-12,0,-13,0,-14,-1,-14,-2,-14,-2,-14,-4,-14,-4,-13,-4,-13,-4,-13,-4,-13,-4,-13,-3,-13,-2,-13,-2,-13,-2,-13,-1,-13,-1,-14,-1,-14,0,-14,0,-14,0,-14,0]"
2025-08-18 22:01:44.999472,CSI_DATA,1707,1a:00:00:00:00:00,-51,11,0,0,0,0,0,0,0,0,0,-94,0,1,0,289976650,0,31,0,128,0,"[0,0,13,0,13,-1,13,-1,13,-1,13,-2,13,-2,12,-3,12,-3,12,-4,11,-5,11,-5,11,-6,11,-6,11,-7,11,-7,12,-8,12,-7,13,-8,13,-8,13,-7,13,-7,13,-6,13,-5,13,-5,13,-5,14,-4,0,0,0,0,0,0,0,0,0,0,0,0,0,0,0,0,0,0,0,0,0,0,9,-3,10,-2,11,-1,12,0,12,0,13,1,13,2,13,3,13,3,12,4,12,4,12,5,12,4,12,4,12,4,11,4,12,3,12,3,12,3,12,2,12,2,12,2,13,1,13,1,13,1,13,0]"
2025-08-18 22:01:45.202779,CSI_DATA,1708,1a:00:00:00:00:00,-51,11,0,0,0,0,0,0,0,0,0,-94,0,1,0,290177976,0,31,0,128,0,"[0,0,12,-7,11,-7,11,-7,11,-8,10,-8,10,-8,9,-9,9,-9,9,-9,8,-10,8,-11,7,-11,7,-11,7,-12,7,-12,7,-13,7,-13,7,-13,8,-13,8,-13,8,-12,8,-12,9,-12,9,-11,9,-11,10,-10,0,0,0,0,0,0,0,0,0,0,0,0,0,0,0,0,0,0,0,0,0,0,7,-8,8,-7,9,-7,9,-7,11,-6,11,-6,12,-5,13,-5,13,-4,13,-3,13,-3,13,-3,13,-3,12,-3,12,-3,12,-3,12,-4,12,-4,12,-5,12,-5,12,-5,12,-6,12,-6,12,-7,12,-7,12,-7]"
2025-08-18 22:01:45.265433,CSI_DATA,1709,1a:00:00:00:00:00,-51,11,0,0,0,0,0,0,0,0,0,-94,0,1,0,290240954,0,42,0,128,0,"[0,0,-10,10,-9,10,-9,10,-9,10,-8,10,-8,10,-7,10,-6,11,-6,11,-6,11,-5,11,-4,11,-4,12,-4,13,-4,13,-4,13,-4,13,-4,14,-4,14,-5,14,-5,13,-5,13,-6,12,-6,12,-7,12,-7,12,0,0,0,0,0,0,0,0,0,0,0,0,0,0,0,0,0,0,0,0,0,0,-5,9,-6,9,-7,9,-8,9,-8,9,-10,9,-11,8,-11,8,-12,8,-12,7,-12,7,-12,6,-12,6,-12,6,-12,6,-11,6,-11,7,-11,7,-11,7,-11,8,-11,8,-10,9,-10,9,-10,9,-10,10,-10,10]"
2025-08-18 22:01:45.332506,CSI_DATA,1710,1a:00:00:00:00:00,-51,11,0,0,0,0,0,0,0,0,0,-94,0,1,0,290310491,0,31,0,128,0,"[0,0,13,2,12,1,12,1,12,1,13,0,12,0,12,0,12,-1,11,-2,12,-3,12,-3,11,-4,11,-4,12,-4,12,-5,12,-5,12,-5,13,-5,13,-5,13,-4,13,-4,13,-3,13,-3,13,-3,13,-2,13,-2,0,0,0,0,0,0,0,0,0,0,0,0,0,0,0,0,0,0,0,0,0,0,9,-2,10,-2,10,0,11,0,11,1,12,2,12,3,12,3,12,4,12,5,12,5,11,5,11,5,11,5,11,5,11,4,11,4,11,4,12,4,12,3,12,3,12,3,13,2,13,2,13,2,13,2]"
2025-08-18 22:01:45.535340,CSI_DATA,1711,1a:00:00:00:00:00,-51,11,0,0,0,0,0,0,0,0,0,-94,0,1,0,290507347,0,31,0,128,0,"[0,0,2,-14,1,-14,1,-14,1,-13,0,-13,0,-13,-1,-13,-2,-13,-2,-12,-3,-12,-4,-12,-5,-12,-5,-12,-5,-13,-5,-12,-5,-13,-6,-13,-5,-13,-5,-14,-5,-14,-5,-14,-4,-14,-4,-14,-4,-14,-3,-13,-3,-14,0,0,0,0,0,0,0,0,0,0,0,0,0,0,0,0,0,0,0,0,0,0,-2,-10,-1,-11,0,-12,1,-13,1,-13,2,-13,3,-13,4,-14,5,-13,5,-13,6,-13,6,-13,5,-13,5,-12,5,-12,5,-12,5,-12,4,-12,4,-13,4,-13,3,-13,3,-14,3,-13,2,-14,2,-14,2,-14]"
2025-08-18 22:01:45.742163,CSI_DATA,1712,1a:00:00:00:00:00,-52,11,0,0,0,0,0,0,0,0,0,-94,0,1,0,290710013,0,31,0,128,0,"[0,0,-12,-8,-12,-8,-12,-7,-12,-7,-12,-6,-12,-6,-12,-6,-12,-5,-12,-4,-13,-3,-13,-3,-13,-3,-13,-2,-13,-2,-14,-1,-14,-1,-14,-1,-14,-1,-15,-1,-15,-2,-15,-2,-15,-2,-14,-3,-14,-3,-14,-3,-14,-4,0,0,0,0,0,0,0,0,0,0,0,0,0,0,0,0,0,0,0,0,0,0,-10,-3,-11,-4,-11,-6,-11,-6,-12,-8,-11,-9,-11,-10,-11,-10,-10,-11,-10,-11,-9,-11,-9,-12,-9,-12,-9,-11,-9,-11,-9,-11,-9,-10,-10,-10,-10,-10,-10,-10,-11,-9,-11,-9,-11,-9,-12,-9,-12,-9,-11,-8]"
2025-08-18 22:01:45.947176,CSI_DATA,1713,1a:00:00:00:00:00,-52,11,0,0,0,0,0,0,0,0,0,-94,0,1,0,290909599,0,31,0,128,0,"[0,0,-13,3,-12,3,-12,3,-11,3,-11,4,-11,4,-10,4,-10,5,-10,5,-9,6,-9,7,-9,7,-9,8,-9,8,-9,8,-9,9,-9,9,-9,9,-10,9,-10,9,-10,9,-10,9,-10,8,-10,8,-11,7,-11,7,0,0,0,0,0,0,0,0,0,0,0,0,0,0,0,0,0,0,0,0,0,0,-9,5,-10,5,-10,4,-11,4,-12,3,-13,2,-13,3,-14,1,-15,-1,-14,0,-14,-1,-14,-1,-14,-1,-13,-1,-13,-1,-13,-1,-13,-1,-13,0,-13,0,-13,1,-13,1,-13,1,-13,2,-13,2,-13,2,-13,2]"
2025-08-18 22:01:46.132422,CSI_DATA,1714,1a:00:00:00:00:00,-52,11,0,0,0,0,0,0,0,0,0,-94,0,1,0,291110786,0,31,0,128,0,"[0,0,1,13,1,12,1,12,2,12,2,12,3,11,3,11,4,11,4,11,5,10,5,10,7,10,7,10,8,10,7,10,8,11,8,11,8,11,8,12,8,12,7,12,7,13,7,12,6,13,5,13,5,13,0,0,0,0,0,0,0,0,0,0,0,0,0,0,0,0,0,0,0,0,0,0,3,9,3,10,2,10,2,11,1,12,0,13,-1,13,-1,13,-2,13,-3,13,-3,13,-3,13,-3,13,-3,12,-3,12,-3,12,-3,12,-2,12,-2,12,-1,12,-1,12,-1,13,0,13,0,13,0,13,1,13]"
2025-08-18 22:01:46.333812,CSI_DATA,1715,1a:00:00:00:00:00,-52,11,0,0,0,0,0,0,0,0,0,-94,0,1,0,291312106,0,31,0,128,0,"[0,0,-1,13,0,12,0,12,0,12,1,12,1,12,2,12,2,11,2,11,3,11,4,11,5,11,5,11,6,11,6,11,6,11,6,12,6,12,6,12,6,13,5,13,5,13,4,13,4,13,3,13,3,13,0,0,0,0,0,0,0,0,0,0,0,0,0,0,0,0,0,0,0,0,0,0,2,9,2,10,1,11,0,11,0,12,-2,12,-3,13,-3,13,-4,13,-5,12,-5,12,-5,12,-5,12,-5,12,-5,11,-5,11,-4,12,-4,11,-3,12,-3,12,-3,12,-2,12,-2,12,-2,13,-1,13,-1,13]"
2025-08-18 22:01:46.541985,CSI_DATA,1716,1a:00:00:00:00:00,-52,11,0,0,0,0,0,0,0,0,0,-94,0,1,0,291513318,0,31,0,128,0,"[0,0,-2,-14,-2,-14,-2,-13,-3,-13,-3,-13,-4,-12,-4,-12,-5,-12,-5,-12,-6,-12,-6,-11,-7,-11,-7,-12,-8,-11,-8,-11,-9,-11,-9,-12,-9,-12,-9,-12,-8,-12,-8,-13,-8,-13,-7,-13,-7,-14,-6,-13,-5,-14,0,0,0,0,0,0,0,0,0,0,0,0,0,0,0,0,0,0,0,0,0,0,-4,-10,-3,-11,-3,-12,-2,-12,-1,-13,-1,-13,0,-14,1,-14,2,-14,2,-14,3,-14,3,-13,3,-13,3,-13,2,-13,2,-13,2,-13,1,-13,1,-13,0,-13,0,-13,0,-14,-1,-14,-1,-14,-1,-14,-1,-14]"
2025-08-18 22:01:46.733335,CSI_DATA,1717,1a:00:00:00:00:00,-52,11,0,0,0,0,0,0,0,0,0,-94,0,1,0,291714393,0,31,0,128,0,"[0,0,8,10,8,9,8,9,8,8,9,8,9,8,9,7,10,6,10,6,10,5,11,4,11,4,12,4,12,4,12,4,12,3,13,4,13,4,14,4,13,4,13,5,13,6,13,6,12,6,12,6,12,7,0,0,0,0,0,0,0,0,0,0,0,0,0,0,0,0,0,0,0,0,0,0,8,5,8,6,8,7,8,8,7,9,7,10,6,11,6,12,5,12,5,12,4,12,4,12,4,12,4,12,4,12,4,11,4,11,5,11,5,11,6,11,6,10,7,11,7,10,7,10,8,11,8,10]"
2025-08-18 22:01:46.806911,CSI_DATA,1718,1a:00:00:00:00:00,-52,11,0,0,0,0,0,0,0,0,0,-94,0,1,0,291778592,0,42,0,128,0,"[0,0,-13,-4,-13,-5,-13,-4,-13,-3,-13,-3,-13,-2,-13,-2,-13,-1,-13,0,-13,1,-13,1,-13,2,-13,2,-14,2,-14,3,-14,3,-14,3,-15,3,-15,3,-15,3,-15,2,-15,1,-15,1,-15,0,-15,0,-15,-1,0,0,0,0,0,0,0,0,0,0,0,0,0,0,0,0,0,0,0,0,0,0,-10,-1,-11,-1,-12,-3,-12,-4,-13,-5,-13,-5,-13,-7,-13,-7,-12,-8,-12,-8,-12,-9,-11,-9,-11,-9,-11,-9,-11,-8,-11,-8,-11,-8,-11,-7,-12,-7,-12,-7,-12,-6,-13,-6,-13,-6,-13,-6,-13,-5,-13,-5]"
2025-08-18 22:01:46.864575,CSI_DATA,1719,1a:00:00:00:00:00,-52,11,0,0,0,0,0,0,0,0,0,-94,0,1,0,291842050,0,31,0,128,0,"[0,0,-2,13,-2,12,-1,12,-1,12,0,12,0,12,1,12,2,12,2,11,3,11,3,11,4,11,5,11,5,11,5,12,5,12,6,13,6,13,5,13,5,13,4,13,4,14,4,14,3,14,3,14,2,14,0,0,0,0,0,0,0,0,0,0,0,0,0,0,0,0,0,0,0,0,0,0,1,9,1,10,0,11,0,11,-1,12,-3,12,-4,13,-4,13,-5,13,-6,13,-6,12,-6,12,-6,12,-6,12,-6,11,-6,11,-5,11,-5,12,-4,12,-4,12,-4,12,-3,13,-3,13,-3,13,-2,13,-2,13]"
2025-08-18 22:01:47.072182,CSI_DATA,1720,1a:00:00:00:00:00,-52,11,0,0,0,0,0,0,0,0,0,-94,0,1,0,292043110,0,31,0,128,0,"[0,0,-12,-6,-12,-6,-12,-6,-12,-5,-12,-4,-12,-4,-12,-3,-12,-3,-12,-2,-12,-1,-13,-1,-13,0,-13,0,-14,1,-14,1,-14,2,-14,1,-15,2,-15,1,-15,1,-15,1,-15,0,-15,0,-15,-1,-15,-1,-15,-2,0,0,0,0,0,0,0,0,0,0,0,0,0,0,0,0,0,0,0,0,0,0,-10,-3,-11,-4,-11,-5,-11,-6,-12,-7,-12,-8,-11,-9,-11,-9,-11,-10,-10,-10,-10,-11,-10,-11,-9,-10,-9,-10,-9,-10,-9,-9,-10,-9,-10,-9,-11,-9,-11,-8,-11,-8,-11,-8,-12,-8,-12,-7,-12,-7,-12,-6]"
2025-08-18 22:01:47.268903,CSI_DATA,1721,1a:00:00:00:00:00,-52,11,0,0,0,0,0,0,0,0,0,-94,0,1,0,292244277,0,31,0,128,0,"[0,0,-7,11,-7,11,-6,11,-6,11,-5,11,-5,11,-4,11,-3,11,-3,11,-2,11,-1,12,-1,12,0,12,0,13,0,13,0,13,0,14,0,14,0,14,0,14,-1,14,-1,14,-2,14,-2,14,-3,14,-3,13,0,0,0,0,0,0,0,0,0,0,0,0,0,0,0,0,0,0,0,0,0,0,-3,9,-4,10,-5,10,-6,10,-7,10,-8,10,-9,10,-10,10,-11,9,-11,9,-11,9,-11,8,-11,8,-10,8,-10,8,-11,8,-10,8,-10,8,-9,9,-9,9,-9,9,-9,10,-8,10,-8,11,-8,11,-7,11]"
2025-08-18 22:01:47.464236,CSI_DATA,1722,1a:00:00:00:00:00,-52,11,0,0,0,0,0,0,0,0,0,-94,0,1,0,292445637,0,31,0,128,0,"[0,0,6,11,7,10,7,10,7,10,8,9,8,9,8,8,9,8,9,7,9,6,10,6,11,6,11,6,11,5,12,5,12,5,12,6,13,6,13,6,13,6,13,7,12,7,12,8,12,8,11,8,10,9,0,0,0,0,0,0,0,0,0,0,0,0,0,0,0,0,0,0,0,0,0,0,7,6,7,7,7,8,7,9,6,10,6,11,5,12,4,13,4,13,3,13,3,13,2,13,2,13,3,12,3,12,3,12,3,12,4,11,4,12,5,12,5,12,5,11,5,11,6,12,6,12,7,11]"
2025-08-18 22:01:47.673403,CSI_DATA,1723,1a:00:00:00:00:00,-52,11,0,0,0,0,0,0,0,0,0,-94,0,1,0,292646746,0,31,0,128,0,"[0,0,-13,2,-12,3,-12,1,-11,2,-12,1,-11,4,-10,2,-12,4,-9,5,-11,4,-8,5,-10,5,-10,7,-13,7,-11,6,-9,8,-11,10,-7,9,-11,8,-11,8,-9,8,-10,6,-12,8,-12,6,-12,5,-12,5,0,0,0,0,0,0,0,0,0,0,0,0,0,0,0,0,0,0,0,0,0,0,-10,2,-10,1,-11,0,-12,0,-12,-1,-13,-2,-13,-3,-13,-3,-13,-3,-13,-4,-13,-5,-12,-5,-12,-5,-12,-4,-12,-4,-12,-4,-12,-3,-12,-3,-12,-3,-12,-2,-13,-2,-12,-1,-13,0,-13,-1,-12,-1,-13,-1]"
2025-08-18 22:01:47.875704,CSI_DATA,1724,1a:00:00:00:00:00,-52,11,0,0,0,0,0,0,0,0,0,-94,0,1,0,292847847,0,31,0,128,0,"[0,0,1,-13,1,-13,0,-13,0,-13,-1,-13,-1,-13,-2,-12,-2,-12,-2,-12,-3,-12,-4,-12,-5,-12,-5,-12,-6,-12,-6,-12,-6,-13,-6,-13,-6,-13,-6,-14,-6,-14,-5,-14,-5,-14,-5,-14,-4,-14,-3,-14,-3,-14,0,0,0,0,0,0,0,0,0,0,0,0,0,0,0,0,0,0,0,0,0,0,-2,-10,-2,-11,-1,-12,0,-12,1,-13,2,-14,3,-14,3,-14,4,-14,5,-13,5,-13,5,-13,5,-13,5,-12,5,-12,5,-12,4,-12,4,-12,3,-13,3,-13,3,-13,3,-13,2,-13,2,-14,2,-13,2,-14]"
2025-08-18 22:01:48.068628,CSI_DATA,1725,1a:00:00:00:00:00,-51,11,0,0,0,0,0,0,0,0,0,-94,0,1,0,293049012,0,31,0,128,0,"[0,0,2,12,3,12,3,11,4,11,4,11,4,11,4,10,5,10,5,10,6,9,6,9,7,9,8,9,8,9,8,9,8,9,9,9,8,9,8,9,8,10,8,10,8,10,7,10,7,10,6,10,6,10,0,0,0,0,0,0,0,0,0,0,0,0,0,0,0,0,0,0,0,0,0,0,5,8,5,9,4,10,4,10,3,11,2,12,1,13,1,13,0,13,0,13,-1,13,-1,13,-1,13,-1,12,-1,12,-1,12,-1,12,0,12,0,12,1,12,1,12,1,12,2,12,2,12,2,13,2,12]"
2025-08-18 22:01:48.274282,CSI_DATA,1726,1a:00:00:00:00:00,-51,11,0,0,0,0,0,0,0,0,0,-94,0,1,0,293250114,0,31,0,128,0,"[0,0,13,-4,12,-4,12,-4,12,-5,12,-5,11,-6,11,-6,10,-6,10,-7,10,-8,10,-8,9,-9,10,-9,9,-10,9,-10,10,-10,9,-10,10,-10,10,-10,10,-10,10,-10,10,-9,10,-9,10,-8,11,-8,11,-7,0,0,0,0,0,0,0,0,0,0,0,0,0,0,0,0,0,0,0,0,0,0,8,-6,9,-6,10,-5,11,-5,12,-4,13,-3,13,-2,14,-2,14,-1,13,0,14,0,13,1,13,1,13,1,13,0,12,0,13,0,12,-1,13,-1,13,-2,13,-2,13,-2,13,-3,13,-3,13,-3,13,-3]"
2025-08-18 22:01:48.333434,CSI_DATA,1727,1a:00:00:00:00:00,-51,11,0,0,0,0,0,0,0,0,0,-94,0,1,0,293311966,0,42,0,128,0,"[0,0,12,4,12,4,12,4,12,3,12,3,12,2,12,2,12,1,12,1,12,0,12,-1,12,-1,12,-1,12,-1,13,-2,13,-2,13,-2,13,-2,14,-2,14,-2,14,-1,13,-1,13,0,13,0,13,1,13,1,0,0,0,0,0,0,0,0,0,0,0,0,0,0,0,0,0,0,0,0,0,0,10,-1,10,0,11,1,11,2,12,3,12,4,12,5,12,5,12,6,11,7,11,7,11,8,10,8,10,7,10,7,10,7,10,7,11,6,11,6,11,6,11,6,12,5,12,5,12,5,12,5,13,4]"
2025-08-18 22:01:48.396614,CSI_DATA,1728,1a:00:00:00:00:00,-51,11,0,0,0,0,0,0,0,0,0,-94,0,1,0,293378060,0,31,0,128,0,"[0,0,9,9,9,9,9,8,9,8,10,7,9,7,10,6,10,6,10,5,10,5,11,4,11,4,11,4,11,3,12,3,12,3,13,4,12,4,13,4,12,4,12,4,12,5,12,5,11,5,11,6,11,6,0,0,0,0,0,0,0,0,0,0,0,0,0,0,0,0,0,0,0,0,0,0,8,3,9,4,9,5,9,6,9,7,9,8,8,10,8,10,7,10,7,11,6,11,6,11,6,11,6,11,6,11,6,10,6,10,7,10,7,10,7,10,8,10,8,10,9,10,9,10,9,9,9,9]"
2025-08-18 22:01:48.607900,CSI_DATA,1729,1a:00:00:00:00:00,-51,11,0,0,0,0,0,0,0,0,0,-94,0,1,0,293579343,0,31,0,128,0,"[0,0,-14,-4,-14,-4,-14,-4,-14,-3,-13,-3,-13,-2,-13,-2,-13,-1,-13,0,-13,0,-13,1,-13,1,-14,2,-13,2,-14,3,-14,3,-14,3,-14,3,-15,3,-15,3,-15,2,-15,2,-15,1,-14,1,-14,0,-14,0,0,0,0,0,0,0,0,0,0,0,0,0,0,0,0,0,0,0,0,0,0,0,-11,-1,-11,-1,-12,-3,-12,-3,-13,-4,-12,-5,-13,-6,-13,-7,-13,-7,-12,-8,-12,-8,-11,-9,-12,-9,-11,-8,-11,-8,-12,-8,-11,-7,-12,-7,-12,-7,-12,-6,-13,-6,-13,-6,-14,-5,-13,-5,-14,-5,-14,-5]"
2025-08-18 22:01:48.799467,CSI_DATA,1730,1a:00:00:00:00:00,-51,11,0,0,0,0,0,0,0,0,0,-94,0,1,0,293780435,0,31,0,128,0,"[0,0,9,10,9,9,9,9,9,9,10,8,10,8,10,8,10,7,10,6,11,5,11,5,12,5,12,5,12,5,13,4,13,4,13,5,13,5,13,5,13,5,13,6,13,6,12,6,12,7,11,7,11,8,0,0,0,0,0,0,0,0,0,0,0,0,0,0,0,0,0,0,0,0,0,0,8,5,8,6,8,7,8,8,8,9,8,10,7,11,6,11,6,12,5,12,5,12,5,12,5,12,5,12,5,11,5,11,5,11,6,10,6,11,7,11,7,10,7,10,8,10,8,10,8,10,9,10]"
2025-08-18 22:01:49.013637,CSI_DATA,1731,1a:00:00:00:00:00,-51,11,0,0,0,0,0,0,0,0,0,-94,0,1,0,293981558,0,31,0,128,0,"[0,0,4,12,5,11,5,11,5,10,6,11,6,10,6,10,7,9,7,9,7,8,8,8,8,8,9,8,9,8,9,8,10,8,10,8,10,8,10,9,9,9,9,9,8,10,8,10,8,10,7,9,7,10,0,0,0,0,0,0,0,0,0,0,0,0,0,0,0,0,0,0,0,0,0,0,6,6,6,7,6,8,5,9,5,10,4,11,3,12,3,12,2,12,2,12,1,12,1,12,1,12,1,12,1,12,1,11,1,11,2,11,3,12,3,12,3,11,3,12,4,11,4,12,5,12,5,12]"
2025-08-18 22:01:49.213178,CSI_DATA,1732,1a:00:00:00:00:00,-51,11,0,0,0,0,0,0,0,0,0,-94,0,1,0,294182717,0,31,0,128,0,"[0,0,-11,-9,-11,-9,-11,-9,-11,-8,-12,-8,-12,-7,-12,-7,-12,-6,-12,-5,-12,-5,-12,-5,-13,-4,-13,-4,-13,-4,-14,-3,-13,-3,-14,-4,-14,-3,-14,-4,-14,-4,-14,-4,-13,-5,-13,-5,-13,-6,-13,-6,-12,-6,0,0,0,0,0,0,0,0,0,0,0,0,0,0,0,0,0,0,0,0,0,0,-10,-4,-10,-5,-10,-6,-10,-7,-10,-8,-10,-9,-10,-10,-9,-11,-9,-11,-9,-12,-8,-12,-7,-12,-8,-12,-8,-12,-8,-11,-8,-11,-8,-11,-9,-11,-9,-10,-9,-10,-10,-10,-10,-10,-10,-10,-11,-10,-11,-10,-11,-9]"
2025-08-18 22:01:49.409898,CSI_DATA,1733,1a:00:00:00:00:00,-51,11,0,0,0,0,0,0,0,0,0,-94,0,1,0,294383925,0,31,0,128,0,"[0,0,8,-11,8,-11,8,-11,7,-11,7,-12,6,-11,6,-11,5,-12,5,-12,4,-12,3,-12,3,-13,3,-13,2,-13,2,-13,2,-13,2,-14,2,-14,3,-14,3,-14,3,-14,4,-14,4,-13,4,-13,4,-12,5,-12,0,0,0,0,0,0,0,0,0,0,0,0,0,0,0,0,0,0,0,0,0,0,3,-10,4,-10,5,-10,6,-10,7,-10,8,-10,9,-10,10,-9,10,-9,11,-8,11,-8,10,-8,11,-8,10,-8,10,-8,10,-8,10,-8,10,-9,9,-9,9,-9,9,-10,9,-10,9,-11,9,-11,9,-11,9,-11]"
2025-08-18 22:01:49.608136,CSI_DATA,1734,1a:00:00:00:00:00,-51,11,0,0,0,0,0,0,0,0,0,-94,0,1,0,294585159,0,31,0,128,0,"[0,0,12,-4,12,-4,12,-4,11,-4,12,-5,11,-5,11,-6,10,-6,10,-7,9,-7,9,-8,9,-8,9,-8,9,-9,9,-9,9,-10,9,-9,10,-10,10,-9,10,-9,10,-9,10,-8,10,-8,10,-8,10,-7,10,-7,0,0,0,0,0,0,0,0,0,0,0,0,0,0,0,0,0,0,0,0,0,0,8,-5,9,-5,9,-4,10,-4,11,-3,12,-3,12,-2,12,-2,13,-1,12,0,13,0,12,1,12,1,12,1,12,0,12,0,12,0,11,-1,12,-1,12,-2,12,-2,12,-2,12,-3,12,-3,12,-3,13,-4]"
2025-08-18 22:01:49.805091,CSI_DATA,1735,1a:00:00:00:00:00,-51,11,0,0,0,0,0,0,0,0,0,-94,0,1,0,294786488,0,31,0,128,0,"[0,0,7,11,7,10,7,10,7,9,8,9,8,9,8,9,8,8,8,8,9,7,9,7,10,6,10,6,10,6,10,6,11,6,11,6,11,6,10,7,10,7,10,7,10,8,10,8,9,8,9,8,8,8,0,0,0,0,0,0,0,0,0,0,0,0,0,0,0,0,0,0,0,0,0,0,7,5,7,6,7,7,7,8,7,9,6,10,6,10,5,11,5,11,4,12,4,12,4,12,4,12,4,11,4,11,4,11,4,11,5,11,5,11,5,11,5,11,6,11,6,11,7,11,7,11,7,10]"
2025-08-18 22:01:49.871978,CSI_DATA,1736,1a:00:00:00:00:00,-51,11,0,0,0,0,0,0,0,0,0,-94,0,1,0,294847928,0,42,0,128,0,"[0,0,13,-3,13,-3,13,-3,12,-4,12,-4,12,-4,11,-5,11,-5,11,-6,10,-7,10,-7,10,-7,10,-8,10,-8,10,-8,11,-9,10,-8,10,-9,11,-8,11,-8,11,-8,11,-7,10,-7,11,-7,11,-6,11,-6,0,0,0,0,0,0,0,0,0,0,0,0,0,0,0,0,0,0,0,0,0,0,8,-5,9,-5,10,-4,11,-4,12,-3,12,-2,13,-1,13,-1,13,0,13,0,13,1,13,1,12,1,12,1,12,1,12,1,12,0,12,0,12,-1,12,-1,12,-1,13,-2,13,-2,13,-2,13,-3,13,-3]"
2025-08-18 22:01:49.931770,CSI_DATA,1737,1a:00:00:00:00:00,-51,11,0,0,0,0,0,0,0,0,0,-94,0,1,0,294913289,0,31,0,128,0,"[0,0,9,9,8,9,9,9,9,8,9,8,9,7,9,7,9,6,10,6,10,5,10,5,11,4,11,4,11,4,11,4,11,3,12,4,12,4,12,4,12,4,11,5,11,5,11,5,10,6,10,5,10,6,0,0,0,0,0,0,0,0,0,0,0,0,0,0,0,0,0,0,0,0,0,0,8,4,8,5,8,6,8,7,8,8,8,9,7,10,7,10,6,11,6,11,5,11,5,11,5,11,5,11,5,11,5,10,5,10,6,10,6,10,7,10,7,10,7,10,8,9,8,10,8,10,9,9]"
2025-08-18 22:01:50.144917,CSI_DATA,1738,1a:00:00:00:00:00,-51,11,0,0,0,0,0,0,0,0,0,-94,0,1,0,295114345,0,31,0,128,0,"[0,0,-10,-10,-10,-9,-10,-9,-10,-9,-11,-8,-11,-8,-11,-8,-11,-7,-11,-6,-11,-5,-11,-5,-12,-5,-12,-4,-13,-4,-13,-4,-13,-4,-13,-4,-13,-4,-13,-4,-13,-5,-13,-5,-13,-5,-12,-5,-12,-6,-12,-6,-12,-6,0,0,0,0,0,0,0,0,0,0,0,0,0,0,0,0,0,0,0,0,0,0,-9,-4,-9,-6,-10,-7,-10,-8,-10,-9,-9,-10,-9,-10,-8,-11,-8,-12,-8,-12,-7,-12,-7,-12,-7,-12,-7,-12,-7,-12,-7,-11,-7,-11,-8,-11,-8,-11,-8,-11,-9,-11,-9,-11,-9,-10,-10,-10,-10,-10,-10,-10]"
2025-08-18 22:01:50.339717,CSI_DATA,1739,1a:00:00:00:00:00,-51,11,0,0,0,0,0,0,0,0,0,-94,0,1,0,295315507,0,31,0,128,0,"[0,0,12,-7,11,-7,11,-7,11,-8,10,-8,10,-8,9,-8,9,-9,9,-9,8,-10,8,-10,7,-10,7,-11,7,-11,7,-12,7,-12,7,-12,8,-12,8,-12,8,-12,8,-11,8,-11,9,-11,9,-10,9,-10,9,-9,0,0,0,0,0,0,0,0,0,0,0,0,0,0,0,0,0,0,0,0,0,0,6,-8,7,-8,8,-8,9,-7,10,-7,11,-7,12,-6,12,-5,13,-5,13,-4,13,-4,13,-3,13,-3,13,-3,12,-3,12,-3,12,-4,12,-4,12,-5,12,-5,12,-5,12,-6,12,-6,12,-6,12,-6,12,-7]"
2025-08-18 22:01:50.542646,CSI_DATA,1740,1a:00:00:00:00:00,-52,11,0,0,0,0,0,0,0,0,0,-94,0,1,0,295516739,0,31,0,128,0,"[0,0,12,-5,12,-6,11,-6,12,-6,11,-6,11,-7,10,-7,10,-7,9,-8,9,-9,8,-9,8,-9,8,-10,8,-10,8,-11,8,-11,8,-11,9,-11,9,-11,9,-11,9,-11,9,-10,9,-10,10,-9,10,-9,10,-9,0,0,0,0,0,0,0,0,0,0,0,0,0,0,0,0,0,0,0,0,0,0,8,-7,9,-7,10,-7,10,-6,11,-6,12,-5,13,-5,13,-4,14,-3,14,-2,14,-2,14,-1,13,-1,13,-1,13,-1,13,-2,13,-2,13,-3,13,-3,13,-3,13,-4,13,-4,13,-4,13,-5,13,-5,13,-5]"
2025-08-18 22:01:50.758454,CSI_DATA,1741,1a:00:00:00:00:00,-51,11,0,0,0,0,0,0,0,0,0,-94,0,1,0,295717868,0,31,0,128,0,"[0,0,5,-12,5,-13,4,-12,4,-13,3,-12,3,-12,3,-13,2,-12,2,-12,1,-13,0,-12,-1,-13,-1,-13,-2,-13,-2,-14,-2,-13,-2,-14,-2,-13,-2,-14,-2,-14,-1,-14,-1,-15,-1,-15,-1,-14,0,-14,1,-13,0,0,0,0,0,0,0,0,0,0,0,0,0,0,0,0,0,0,0,0,0,0,1,-11,2,-11,3,-12,3,-11,5,-12,5,-12,7,-12,7,-12,8,-12,9,-11,9,-11,9,-10,9,-11,9,-11,8,-10,8,-11,8,-10,8,-11,7,-11,7,-12,7,-12,7,-12,7,-13,6,-13,6,-13,6,-13]"
2025-08-18 22:01:50.831085,CSI_DATA,1742,1a:00:00:00:00:00,-51,11,0,0,0,0,0,0,0,0,0,-94,0,1,0,295806999,0,28,0,128,0,"[0,0,12,-5,11,-6,11,-6,11,-6,10,-6,10,-7,10,-7,9,-7,9,-8,9,-8,8,-9,8,-9,7,-10,7,-10,8,-11,7,-10,7,-11,8,-11,8,-11,8,-11,8,-10,8,-10,9,-10,9,-10,9,-9,9,-9,0,0,0,0,0,0,0,0,0,0,0,0,0,0,0,0,0,0,0,0,0,0,7,-7,8,-6,9,-6,10,-5,11,-5,11,-4,12,-4,12,-3,13,-3,13,-2,13,-2,13,-1,12,-1,12,-1,12,-1,12,-2,12,-2,12,-3,12,-3,12,-3,12,-3,12,-4,12,-4,12,-5,12,-5,12,-5]"
2025-08-18 22:01:50.947359,CSI_DATA,1743,1a:00:00:00:00:00,-51,11,0,0,0,0,0,0,0,0,0,-94,0,1,0,295919137,0,31,0,128,0,"[0,0,-14,-1,-14,-3,-14,-2,-13,-1,-13,-1,-13,0,-13,0,-13,1,-13,1,-12,2,-12,2,-12,2,-12,3,-12,3,-13,4,-13,4,-13,4,-13,4,-13,4,-13,4,-13,4,-13,3,-13,3,-13,2,-13,2,-13,1,0,0,0,0,0,0,0,0,0,0,0,0,0,0,0,0,0,0,0,0,0,0,-10,1,-11,0,-11,-1,-12,-1,-12,-2,-13,-3,-13,-4,-13,-4,-13,-5,-12,-6,-12,-6,-12,-6,-12,-6,-11,-6,-12,-6,-12,-6,-12,-5,-12,-5,-12,-5,-13,-4,-13,-4,-13,-4,-13,-3,-13,-3,-13,-3,-14,-2]"
2025-08-18 22:01:51.149081,CSI_DATA,1744,1a:00:00:00:00:00,-52,11,0,0,0,0,0,0,0,0,0,-94,0,1,0,296120212,0,31,0,128,0,"[0,0,-3,-14,-4,-14,-4,-13,-4,-13,-5,-13,-5,-12,-6,-12,-6,-12,-7,-11,-7,-11,-7,-11,-8,-11,-8,-11,-9,-11,-9,-11,-9,-11,-10,-12,-9,-11,-10,-12,-10,-12,-9,-12,-9,-13,-8,-13,-7,-13,-7,-13,-6,-13,0,0,0,0,0,0,0,0,0,0,0,0,0,0,0,0,0,0,0,0,0,0,-5,-9,-4,-10,-4,-11,-3,-11,-3,-12,-2,-13,-2,-13,-1,-14,0,-14,0,-14,1,-13,1,-13,1,-13,1,-13,1,-13,1,-13,0,-13,0,-13,-1,-13,-2,-13,-2,-13,-2,-14,-2,-14,-2,-14,-3,-14,-3,-14]"
2025-08-18 22:01:51.339523,CSI_DATA,1745,1a:00:00:00:00:00,-51,11,0,0,0,0,0,0,0,0,0,-94,0,1,0,296321329,0,31,0,128,0,"[0,0,7,12,7,12,7,11,7,11,8,11,8,10,8,10,8,9,8,8,9,8,9,8,10,7,10,7,10,7,11,7,11,7,11,7,11,7,11,7,11,7,11,8,10,8,10,8,10,9,9,8,9,9,0,0,0,0,0,0,0,0,0,0,0,0,0,0,0,0,0,0,0,0,0,0,8,6,8,7,8,8,7,9,7,10,7,11,6,12,6,12,5,13,4,13,4,13,4,13,4,13,4,13,4,13,4,12,4,12,4,12,5,12,6,12,6,12,6,12,6,12,7,12,7,13,7,12]"
2025-08-18 22:01:51.422601,CSI_DATA,1746,1a:00:00:00:00:00,-51,11,0,0,0,0,0,0,0,0,0,-94,0,1,0,296383939,0,42,0,128,0,"[0,0,-7,12,-7,12,-6,11,-6,12,-6,12,-5,11,-5,11,-4,12,-4,12,-3,12,-3,12,-2,12,-2,12,-1,12,-1,13,-1,13,-1,13,-1,13,-1,13,-2,13,-2,13,-2,13,-3,13,-3,13,-3,12,-4,12,0,0,0,0,0,0,0,0,0,0,0,0,0,0,0,0,0,0,0,0,0,0,-2,9,-3,10,-4,10,-4,11,-5,11,-7,11,-8,11,-8,11,-9,10,-9,10,-10,10,-10,9,-10,9,-9,9,-9,9,-9,9,-9,9,-8,10,-8,10,-8,11,-8,11,-8,11,-8,12,-8,12,-8,12,-7,12]"
2025-08-18 22:01:51.473254,CSI_DATA,1747,1a:00:00:00:00:00,-51,11,0,0,0,0,0,0,0,0,0,-94,0,1,0,296449344,0,31,0,128,0,"[0,0,13,-4,12,-5,12,-5,12,-5,11,-6,11,-6,10,-6,10,-6,10,-7,9,-7,9,-8,9,-8,9,-8,8,-9,9,-9,9,-9,9,-9,9,-10,9,-10,9,-10,9,-9,9,-9,10,-8,10,-8,10,-7,10,-7,0,0,0,0,0,0,0,0,0,0,0,0,0,0,0,0,0,0,0,0,0,0,7,-6,8,-6,9,-5,9,-5,10,-5,11,-4,12,-3,12,-3,13,-2,12,-1,12,-1,12,-1,12,-1,12,-1,12,-1,12,-1,12,-2,12,-2,12,-2,12,-3,12,-3,12,-4,12,-4,12,-4,13,-4,13,-4]"
2025-08-18 22:01:51.680300,CSI_DATA,1748,1a:00:00:00:00:00,-51,11,0,0,0,0,0,0,0,0,0,-94,0,1,0,296650401,0,31,0,128,0,"[0,0,-9,-10,-9,-10,-9,-10,-9,-10,-10,-9,-10,-9,-10,-9,-10,-8,-10,-8,-10,-7,-11,-6,-11,-6,-11,-6,-12,-6,-12,-6,-12,-6,-12,-6,-12,-6,-12,-6,-12,-6,-12,-6,-12,-7,-12,-7,-11,-7,-11,-7,-11,-8,0,0,0,0,0,0,0,0,0,0,0,0,0,0,0,0,0,0,0,0,0,0,-8,-5,-8,-6,-8,-7,-8,-8,-8,-9,-8,-10,-7,-10,-7,-11,-6,-12,-6,-11,-5,-12,-5,-12,-5,-12,-5,-12,-6,-12,-5,-11,-6,-11,-6,-10,-7,-11,-7,-11,-7,-11,-7,-11,-8,-10,-9,-10,-9,-10,-9,-10]"
2025-08-18 22:01:51.873217,CSI_DATA,1749,1a:00:00:00:00:00,-52,11,0,0,0,0,0,0,0,0,0,-94,0,1,0,296851560,0,31,0,128,0,"[0,0,-1,14,-1,14,0,14,0,13,0,14,1,13,1,13,2,13,2,13,3,13,3,12,4,12,4,13,5,13,5,12,5,13,5,13,5,13,5,13,5,13,5,13,4,14,3,13,3,13,2,13,2,14,0,0,0,0,0,0,0,0,0,0,0,0,0,0,0,0,0,0,0,0,0,0,2,9,2,10,1,11,0,12,0,12,-2,13,-2,13,-3,13,-4,13,-4,13,-5,13,-5,12,-5,12,-5,12,-4,12,-5,12,-4,12,-3,12,-3,13,-2,13,-2,13,-2,13,-2,13,-1,14,-1,14,-1,14]"
2025-08-18 22:01:52.086236,CSI_DATA,1750,1a:00:00:00:00:00,-52,11,0,0,0,0,0,0,0,0,0,-94,0,1,0,297052865,0,31,0,128,0,"[0,0,-11,-10,-11,-10,-11,-10,-11,-10,-11,-9,-11,-9,-11,-8,-11,-8,-11,-7,-12,-6,-12,-6,-12,-6,-13,-6,-13,-5,-13,-5,-13,-5,-13,-5,-14,-5,-14,-5,-14,-5,-14,-5,-13,-6,-13,-6,-13,-7,-12,-7,-12,-7,0,0,0,0,0,0,0,0,0,0,0,0,0,0,0,0,0,0,0,0,0,0,-9,-5,-9,-6,-9,-7,-9,-8,-9,-9,-9,-10,-8,-11,-8,-11,-8,-12,-7,-12,-7,-12,-6,-12,-6,-12,-6,-12,-6,-12,-7,-11,-7,-11,-8,-11,-8,-11,-9,-11,-9,-11,-9,-11,-10,-10,-10,-11,-10,-11,-10,-10]"
2025-08-18 22:01:52.276362,CSI_DATA,1751,1a:00:00:00:00:00,-52,11,0,0,0,0,0,0,0,0,0,-94,0,1,0,297254257,0,31,0,128,0,"[0,0,13,2,13,2,13,1,13,1,13,0,12,0,12,0,12,-1,12,-2,12,-2,12,-3,12,-3,12,-3,12,-4,12,-4,13,-4,13,-4,13,-5,13,-4,13,-4,13,-4,13,-3,13,-3,13,-2,13,-2,13,-1,0,0,0,0,0,0,0,0,0,0,0,0,0,0,0,0,0,0,0,0,0,0,9,-2,10,-1,10,0,11,1,11,2,12,2,12,3,12,4,12,5,11,5,11,5,11,6,11,6,11,6,11,5,10,5,11,5,11,4,12,4,12,4,12,3,12,3,13,3,13,3,13,3,13,2]"
2025-08-18 22:01:52.477493,CSI_DATA,1752,1a:00:00:00:00:00,-52,11,0,0,0,0,0,0,0,0,0,-94,0,1,0,297455245,0,31,0,128,0,"[0,0,13,0,13,0,13,-1,13,-1,13,-1,12,-1,12,-2,12,-2,12,-3,11,-4,11,-4,11,-4,11,-5,11,-5,12,-6,12,-5,12,-5,12,-5,13,-5,13,-5,13,-5,13,-4,12,-4,13,-4,13,-3,13,-2,0,0,0,0,0,0,0,0,0,0,0,0,0,0,0,0,0,0,0,0,0,0,8,-4,9,-4,10,-3,11,-2,11,-1,12,-1,12,0,12,1,12,2,12,2,12,2,12,3,12,3,11,3,11,3,11,2,11,2,12,2,12,2,12,1,12,1,13,1,13,0,13,0,13,0,13,0]"
2025-08-18 22:01:52.878530,CSI_DATA,1753,1a:00:00:00:00:00,-52,11,0,0,0,0,0,0,0,0,0,-94,0,1,0,297656383,0,31,0,128,0,"[0,0,11,-8,10,-9,10,-9,10,-9,10,-9,10,-9,9,-9,9,-9,8,-10,8,-10,7,-11,6,-11,7,-12,6,-12,7,-12,7,-12,7,-12,7,-12,8,-12,8,-12,8,-12,8,-11,8,-11,8,-11,8,-10,9,-10,0,0,0,0,0,0,0,0,0,0,0,0,0,0,0,0,0,0,0,0,0,0,5,-9,6,-9,7,-9,8,-9,9,-8,10,-8,11,-7,11,-7,12,-6,12,-6,12,-6,12,-5,11,-5,11,-5,11,-5,11,-5,11,-6,11,-6,11,-6,11,-6,11,-7,11,-7,11,-8,11,-8,11,-8,11,-9]"
2025-08-18 22:01:52.883722,CSI_DATA,1754,1a:00:00:00:00:00,-52,11,0,0,0,0,0,0,0,0,0,-94,0,1,0,297857510,0,31,0,128,0,"[0,0,1,13,2,13,2,13,2,12,3,13,3,12,4,12,4,11,4,11,5,11,5,11,6,11,6,11,7,11,7,10,7,11,7,11,7,11,7,11,7,12,6,12,6,12,6,12,5,12,5,12,4,12,0,0,0,0,0,0,0,0,0,0,0,0,0,0,0,0,0,0,0,0,0,0,4,8,4,9,3,10,3,11,2,11,1,12,1,12,0,13,-1,13,-1,12,-2,13,-2,12,-2,13,-2,12,-2,12,-2,12,-1,12,-1,12,0,12,0,13,0,13,1,13,1,13,1,13,2,13,2,14]"
2025-08-18 22:01:52.948322,CSI_DATA,1755,1a:00:00:00:00:00,-52,11,0,0,0,0,0,0,0,0,0,-94,0,1,0,297919893,0,42,0,128,0,"[0,0,11,8,11,8,11,7,11,7,11,7,11,6,11,6,11,5,12,4,12,4,12,3,12,3,12,3,13,2,13,2,13,2,13,2,13,2,14,2,14,3,14,3,13,4,13,4,13,4,13,4,12,5,0,0,0,0,0,0,0,0,0,0,0,0,0,0,0,0,0,0,0,0,0,0,9,2,9,3,10,4,10,6,10,6,10,7,9,8,9,9,9,10,8,10,8,10,8,10,8,10,8,10,7,10,7,10,8,9,8,9,9,9,9,9,9,9,10,9,10,8,11,8,11,8,11,8]"
2025-08-18 22:01:53.011587,CSI_DATA,1756,1a:00:00:00:00:00,-52,11,0,0,0,0,0,0,0,0,0,-94,0,1,0,297986162,0,31,0,128,0,"[0,0,-14,3,-13,3,-12,3,-13,3,-12,4,-12,4,-12,4,-12,5,-11,5,-11,6,-11,6,-10,6,-10,7,-10,7,-11,8,-11,8,-11,8,-11,8,-12,8,-11,8,-12,7,-12,7,-12,7,-12,7,-12,6,-12,5,0,0,0,0,0,0,0,0,0,0,0,0,0,0,0,0,0,0,0,0,0,0,-9,5,-9,4,-10,4,-11,3,-12,3,-12,2,-13,1,-13,1,-14,0,-14,-1,-13,-1,-13,-1,-13,-1,-13,-1,-12,-1,-13,-1,-12,0,-13,0,-13,0,-13,1,-13,1,-13,1,-14,2,-13,2,-13,2,-14,2]"
2025-08-18 22:01:53.210218,CSI_DATA,1757,1a:00:00:00:00:00,-52,11,0,0,0,0,0,0,0,0,0,-94,0,1,0,298187216,0,31,0,128,0,"[0,0,14,-2,13,-2,13,-2,13,-3,13,-3,12,-3,12,-4,12,-4,12,-4,11,-5,11,-6,11,-6,11,-6,11,-7,11,-7,12,-8,11,-7,12,-8,12,-7,12,-7,12,-7,12,-6,12,-6,12,-5,12,-5,13,-5,0,0,0,0,0,0,0,0,0,0,0,0,0,0,0,0,0,0,0,0,0,0,8,-5,9,-4,10,-3,11,-3,11,-2,12,-1,12,-1,13,0,13,1,12,1,13,2,12,2,12,2,12,2,12,2,12,1,12,1,12,0,12,0,13,0,13,0,13,-1,13,-1,14,-1,14,-1,14,-2]"
2025-08-18 22:01:53.409311,CSI_DATA,1758,1a:00:00:00:00:00,-52,11,0,0,0,0,0,0,0,0,0,-94,0,1,0,298390017,0,31,0,128,0,"[0,0,13,5,12,5,12,5,12,4,13,4,12,4,12,3,12,3,12,2,12,1,12,1,12,0,13,0,13,0,13,-1,13,-1,13,-1,14,-1,14,0,14,0,14,0,14,1,13,1,13,2,13,2,13,3,0,0,0,0,0,0,0,0,0,0,0,0,0,0,0,0,0,0,0,0,0,0,9,0,10,1,10,2,11,3,11,4,11,5,11,6,11,7,10,7,10,8,10,8,9,8,10,8,9,8,9,8,9,7,10,7,10,6,10,7,11,7,11,6,11,6,11,6,12,6,12,6,13,5]"
2025-08-18 22:01:53.619252,CSI_DATA,1759,1a:00:00:00:00:00,-51,11,0,0,0,0,0,0,0,0,0,-94,0,1,0,298589611,0,31,0,128,0,"[0,0,-9,-12,-9,-12,-9,-11,-9,-11,-9,-11,-10,-10,-10,-9,-11,-9,-10,-8,-11,-8,-11,-8,-11,-7,-12,-8,-12,-7,-13,-7,-13,-7,-13,-7,-13,-7,-13,-7,-13,-7,-13,-7,-13,-8,-12,-8,-12,-9,-11,-9,-11,-9,0,0,0,0,0,0,0,0,0,0,0,0,0,0,0,0,0,0,0,0,0,0,-8,-6,-8,-7,-8,-9,-8,-9,-8,-10,-8,-11,-7,-12,-6,-12,-6,-13,-5,-13,-5,-13,-4,-13,-5,-13,-4,-13,-5,-12,-5,-12,-5,-12,-6,-12,-6,-12,-7,-12,-7,-12,-8,-12,-8,-12,-8,-12,-8,-12,-8,-12]"
2025-08-18 22:01:53.829720,CSI_DATA,1760,1a:00:00:00:00:00,-52,11,0,0,0,0,0,0,0,0,0,-94,0,1,0,298790769,0,31,0,128,0,"[0,0,-13,6,-13,5,-12,6,-12,6,-12,6,-11,6,-11,7,-10,7,-11,7,-10,8,-9,8,-9,9,-9,9,-9,10,-9,10,-9,10,-9,10,-10,10,-10,10,-10,10,-10,10,-10,9,-10,9,-10,9,-11,8,-11,8,0,0,0,0,0,0,0,0,0,0,0,0,0,0,0,0,0,0,0,0,0,0,-8,6,-9,6,-9,6,-10,5,-11,5,-12,5,-13,4,-13,3,-14,3,-13,2,-14,2,-14,1,-13,2,-13,1,-13,2,-13,2,-13,2,-13,3,-13,3,-13,3,-13,4,-13,4,-13,5,-13,5,-13,5,-13,5]"
2025-08-18 22:01:54.018099,CSI_DATA,1761,1a:00:00:00:00:00,-52,11,0,0,0,0,0,0,0,0,0,-94,0,1,0,298991917,0,31,0,128,0,"[0,0,4,-14,4,-14,3,-14,3,-14,2,-14,2,-13,1,-13,1,-13,0,-13,0,-13,-1,-13,-2,-13,-2,-13,-2,-14,-3,-14,-2,-14,-3,-14,-3,-14,-3,-15,-2,-15,-2,-15,-1,-15,-1,-14,-1,-14,0,-14,0,-14,0,0,0,0,0,0,0,0,0,0,0,0,0,0,0,0,0,0,0,0,0,0,0,-10,1,-11,2,-11,2,-12,3,-12,4,-12,5,-12,6,-12,7,-12,7,-12,7,-11,7,-11,7,-11,7,-11,7,-11,7,-11,6,-11,6,-12,5,-12,5,-12,5,-12,5,-13,5,-13,4,-13,4,-13,4,-14]"
2025-08-18 22:01:54.217823,CSI_DATA,1762,1a:00:00:00:00:00,-52,11,0,0,0,0,0,0,0,0,0,-94,0,1,0,299193317,0,31,0,128,0,"[0,0,-13,7,-12,7,-12,7,-11,7,-11,7,-11,8,-10,8,-10,8,-9,9,-9,9,-8,9,-8,10,-8,10,-8,11,-8,11,-8,11,-8,11,-8,11,-9,11,-9,11,-9,11,-9,11,-9,10,-9,10,-10,9,-10,9,0,0,0,0,0,0,0,0,0,0,0,0,0,0,0,0,0,0,0,0,0,0,-7,7,-8,7,-9,7,-10,6,-11,6,-12,6,-13,5,-13,5,-13,4,-13,3,-13,3,-13,3,-13,3,-13,3,-13,3,-13,3,-13,3,-12,4,-12,4,-12,5,-12,5,-12,5,-12,6,-12,6,-12,7,-13,7]"
2025-08-18 22:01:54.425264,CSI_DATA,1763,1a:00:00:00:00:00,-52,11,0,0,0,0,0,0,0,0,0,-94,0,1,0,299394424,0,31,0,128,0,"[0,0,-10,-11,-10,-11,-10,-11,-10,-10,-11,-11,-11,-10,-11,-10,-11,-9,-11,-8,-11,-7,-12,-7,-12,-7,-12,-7,-13,-7,-12,-6,-13,-6,-13,-6,-14,-6,-14,-7,-13,-7,-13,-7,-13,-8,-12,-8,-12,-8,-12,-8,-12,-9,0,0,0,0,0,0,0,0,0,0,0,0,0,0,0,0,0,0,0,0,0,0,-9,-6,-9,-7,-9,-8,-9,-9,-9,-10,-9,-11,-8,-12,-7,-12,-7,-13,-6,-13,-6,-13,-5,-13,-6,-13,-6,-12,-6,-13,-5,-12,-6,-12,-7,-11,-7,-12,-7,-12,-8,-12,-8,-12,-9,-11,-9,-12,-9,-12,-10,-12]"
2025-08-18 22:01:54.493968,CSI_DATA,1764,1a:00:00:00:00:00,-52,11,0,0,0,0,0,0,0,0,0,-94,0,1,0,299456511,0,42,0,128,0,"[0,0,-12,5,-12,5,-12,5,-12,5,-11,5,-11,5,-10,6,-10,6,-10,6,-10,7,-9,7,-9,8,-9,8,-8,8,-9,9,-9,9,-9,9,-9,9,-10,9,-10,9,-10,9,-10,8,-10,8,-10,8,-10,7,-11,7,0,0,0,0,0,0,0,0,0,0,0,0,0,0,0,0,0,0,0,0,0,0,-7,6,-8,6,-9,5,-10,5,-11,5,-11,4,-12,3,-13,3,-13,2,-13,2,-13,1,-13,1,-12,1,-12,1,-12,1,-12,1,-12,2,-12,2,-12,2,-12,3,-12,3,-12,3,-12,4,-12,5,-12,5,-12,5]"
2025-08-18 22:01:54.546577,CSI_DATA,1765,1a:00:00:00:00:00,-52,11,0,0,0,0,0,0,0,0,0,-94,0,1,0,299522111,0,31,0,128,0,"[0,0,-10,10,-9,10,-9,10,-8,10,-8,10,-8,10,-7,10,-7,11,-6,10,-6,11,-5,11,-4,11,-4,12,-4,12,-4,12,-4,12,-4,13,-4,12,-5,13,-5,13,-5,13,-6,12,-5,12,-5,12,-6,11,-7,11,0,0,0,0,0,0,0,0,0,0,0,0,0,0,0,0,0,0,0,0,0,0,-4,9,-5,9,-6,9,-7,9,-8,9,-9,9,-10,8,-11,8,-11,7,-11,7,-11,7,-11,7,-11,6,-11,6,-11,6,-11,6,-11,7,-10,7,-10,7,-10,8,-10,8,-10,8,-10,9,-10,9,-9,10,-10,10]"
2025-08-18 22:01:54.747251,CSI_DATA,1766,1a:00:00:00:00:00,-52,11,0,0,0,0,0,0,0,0,0,-94,0,1,0,299723155,0,31,0,128,0,"[0,0,-12,8,-11,9,-11,9,-10,9,-10,9,-9,9,-9,9,-8,10,-8,10,-7,10,-7,11,-7,11,-6,11,-6,11,-6,12,-6,12,-6,12,-7,13,-7,13,-7,13,-7,12,-7,12,-8,12,-8,11,-8,11,-9,10,0,0,0,0,0,0,0,0,0,0,0,0,0,0,0,0,0,0,0,0,0,0,-6,8,-7,8,-8,8,-9,7,-10,8,-11,7,-12,7,-12,6,-12,6,-13,5,-13,5,-13,4,-13,4,-12,4,-12,4,-12,5,-12,5,-12,6,-12,6,-11,6,-12,7,-11,7,-12,8,-12,8,-11,8,-11,8]"
2025-08-18 22:01:54.951326,CSI_DATA,1767,1a:00:00:00:00:00,-52,11,0,0,0,0,0,0,0,0,0,-94,0,1,0,299926024,0,31,0,128,0,"[0,0,-14,5,-13,5,-13,5,-12,6,-12,6,-12,6,-11,6,-11,7,-11,7,-10,8,-10,8,-10,8,-9,9,-9,10,-9,10,-9,10,-9,10,-10,10,-10,10,-10,10,-11,10,-11,9,-11,9,-11,9,-11,8,-12,8,0,0,0,0,0,0,0,0,0,0,0,0,0,0,0,0,0,0,0,0,0,0,-8,6,-9,6,-10,5,-11,5,-11,4,-13,4,-13,3,-14,3,-14,2,-14,2,-14,1,-14,1,-14,1,-13,1,-13,1,-13,1,-13,2,-13,2,-13,2,-13,3,-13,3,-13,3,-13,4,-13,5,-13,5,-14,5]"
2025-08-18 22:01:55.156886,CSI_DATA,1768,1a:00:00:00:00:00,-52,11,0,0,0,0,0,0,0,0,0,-94,0,1,0,300125471,0,31,0,128,0,"[0,0,-5,-14,-5,-13,-5,-13,-6,-13,-6,-13,-6,-13,-6,-12,-7,-12,-7,-11,-7,-10,-8,-11,-9,-10,-9,-10,-10,-10,-10,-10,-10,-10,-10,-10,-10,-11,-10,-11,-10,-11,-10,-11,-9,-12,-9,-11,-9,-11,-8,-12,-8,-12,0,0,0,0,0,0,0,0,0,0,0,0,0,0,0,0,0,0,0,0,0,0,-7,-8,-7,-9,-6,-10,-6,-11,-5,-12,-5,-13,-3,-13,-3,-14,-2,-14,-2,-14,-1,-14,-1,-14,-1,-14,-1,-14,-1,-14,-2,-13,-2,-13,-2,-13,-3,-14,-3,-13,-3,-13,-4,-14,-4,-13,-5,-14,-5,-14,-5,-14]"
2025-08-18 22:01:55.359145,CSI_DATA,1769,1a:00:00:00:00:00,-52,11,0,0,0,0,0,0,0,0,0,-94,0,1,0,300326737,0,31,0,128,0,"[0,0,-1,-14,-2,-14,-2,-14,-2,-14,-3,-13,-3,-13,-4,-13,-4,-13,-4,-12,-5,-12,-5,-12,-6,-12,-6,-12,-7,-12,-7,-12,-7,-12,-7,-12,-7,-12,-7,-12,-7,-13,-7,-13,-6,-13,-6,-13,-6,-13,-5,-13,-5,-13,0,0,0,0,0,0,0,0,0,0,0,0,0,0,0,0,0,0,0,0,0,0,-4,-10,-4,-10,-3,-11,-2,-12,-2,-13,-1,-13,0,-13,1,-14,1,-14,2,-14,2,-13,3,-13,3,-13,2,-13,2,-13,2,-12,2,-13,1,-13,0,-13,0,-13,0,-13,0,-14,-1,-14,-1,-14,-1,-14,-1,-14]"
2025-08-18 22:01:55.554569,CSI_DATA,1770,1a:00:00:00:00:00,-52,11,0,0,0,0,0,0,0,0,0,-94,0,1,0,300528008,0,31,0,128,0,"[0,0,-14,2,-14,2,-14,2,-14,3,-13,3,-13,3,-13,3,-12,4,-12,4,-12,5,-12,6,-11,6,-11,6,-12,7,-12,7,-12,7,-12,7,-12,7,-12,7,-12,7,-13,7,-12,6,-13,6,-13,5,-13,5,-13,4,0,0,0,0,0,0,0,0,0,0,0,0,0,0,0,0,0,0,0,0,0,0,-10,4,-10,3,-11,2,-12,2,-13,1,-13,0,-14,0,-14,-1,-14,-2,-14,-2,-14,-3,-14,-3,-13,-3,-13,-3,-13,-3,-13,-2,-13,-2,-13,-1,-13,-1,-13,-1,-13,0,-14,0,-14,1,-14,1,-14,1,-14,1]"
2025-08-18 22:01:55.753227,CSI_DATA,1771,1a:00:00:00:00:00,-52,11,0,0,0,0,0,0,0,0,0,-94,0,1,0,300729102,0,31,0,128,0,"[0,0,-12,7,-12,7,-11,6,-12,7,-11,7,-11,8,-10,8,-10,8,-9,9,-9,9,-9,9,-8,10,-8,10,-8,10,-8,11,-7,11,-8,12,-8,11,-8,12,-8,11,-9,11,-9,11,-9,11,-9,10,-10,10,-10,9,0,0,0,0,0,0,0,0,0,0,0,0,0,0,0,0,0,0,0,0,0,0,-8,7,-8,6,-9,6,-10,6,-11,6,-12,5,-13,5,-13,4,-13,4,-14,3,-14,2,-14,2,-13,2,-13,2,-12,2,-13,3,-12,3,-13,3,-12,4,-12,4,-12,5,-12,5,-13,6,-13,6,-12,6,-12,6]"
2025-08-18 22:01:55.957998,CSI_DATA,1772,1a:00:00:00:00:00,-52,11,0,0,0,0,0,0,0,0,0,-94,0,1,0,300930228,0,31,0,128,0,"[0,0,1,-14,0,-14,0,-14,0,-13,-1,-14,-1,-13,-2,-13,-2,-13,-2,-13,-3,-12,-4,-13,-5,-13,-5,-13,-5,-13,-5,-13,-5,-13,-5,-13,-5,-14,-5,-14,-5,-14,-5,-14,-4,-14,-4,-14,-4,-14,-3,-13,-2,-14,0,0,0,0,0,0,0,0,0,0,0,0,0,0,0,0,0,0,0,0,0,0,-3,-10,-2,-11,-2,-12,-1,-12,0,-13,1,-13,2,-13,3,-14,3,-13,4,-13,4,-13,4,-13,4,-13,4,-12,4,-12,4,-12,3,-12,3,-12,3,-13,2,-13,2,-13,2,-13,1,-14,1,-14,1,-14,1,-14]"
2025-08-18 22:01:56.019449,CSI_DATA,1773,1a:00:00:00:00:00,-52,11,0,0,0,0,0,0,0,0,0,-94,0,1,0,300991906,0,42,0,128,0,"[0,0,4,13,4,13,4,12,4,12,5,12,5,12,5,11,6,11,6,10,7,10,7,10,8,10,8,9,9,9,9,9,9,10,9,10,9,10,9,10,9,10,9,10,8,11,8,11,8,11,7,11,7,11,0,0,0,0,0,0,0,0,0,0,0,0,0,0,0,0,0,0,0,0,0,0,5,8,5,9,4,10,4,11,3,11,3,12,1,13,1,13,0,13,0,13,0,13,-1,13,-1,13,-1,12,0,12,-1,12,0,12,1,12,1,13,2,13,2,12,2,13,3,13,3,13,4,13,3,13]"
2025-08-18 22:01:56.078353,CSI_DATA,1774,1a:00:00:00:00:00,-52,11,0,0,0,0,0,0,0,0,0,-94,0,1,0,301057667,0,31,0,128,0,"[0,0,1,13,2,14,2,13,2,13,3,12,3,12,3,12,4,12,4,11,5,11,6,11,6,11,7,11,7,10,8,11,7,10,8,11,7,11,8,12,7,12,7,12,7,12,7,12,6,12,5,12,5,12,0,0,0,0,0,0,0,0,0,0,0,0,0,0,0,0,0,0,0,0,0,0,3,9,3,9,3,11,2,11,2,12,0,12,-1,13,-1,13,-2,13,-3,13,-3,13,-3,13,-3,13,-3,12,-2,12,-3,12,-2,12,-2,12,-1,12,-1,13,0,13,0,13,0,14,1,13,1,14,1,13]"
2025-08-18 22:01:56.287253,CSI_DATA,1775,1a:00:00:00:00:00,-52,11,0,0,0,0,0,0,0,0,0,-94,0,1,0,301258758,0,31,0,128,0,"[0,0,-1,-14,-1,-14,-1,-14,-2,-14,-2,-14,-2,-13,-3,-13,-3,-13,-4,-12,-5,-12,-5,-13,-7,-12,-6,-16,-5,-12,-6,-12,-7,-13,-7,-13,-7,-13,-6,-13,-6,-14,-6,-14,-5,-14,-5,-13,-5,-13,-4,-13,-4,-14,0,0,0,0,0,0,0,0,0,0,0,0,0,0,0,0,0,0,0,0,0,0,-4,-9,-3,-11,-3,-11,-2,-12,-1,-12,-1,-13,1,-13,1,-14,2,-14,2,-13,2,-13,3,-13,3,-13,2,-13,3,-13,3,-12,2,-13,2,-13,1,-13,1,-13,1,-13,1,-14,0,-14,-1,-14,-1,-14,-1,-14]"
2025-08-18 22:01:56.489542,CSI_DATA,1776,1a:00:00:00:00:00,-52,11,0,0,0,0,0,0,0,0,0,-94,0,1,0,301460147,0,31,0,128,0,"[0,0,-14,-6,-14,-6,-13,-6,-13,-5,-13,-5,-13,-4,-13,-4,-13,-3,-13,-2,-13,-1,-13,-1,-13,-1,-14,0,-14,0,-14,0,-14,0,-14,0,-14,0,-15,0,-15,0,-15,0,-14,-1,-14,-1,-14,-2,-14,-2,-14,-3,0,0,0,0,0,0,0,0,0,0,0,0,0,0,0,0,0,0,0,0,0,0,-10,-1,-11,-2,-11,-3,-12,-4,-12,-5,-12,-6,-12,-7,-12,-7,-12,-8,-11,-8,-11,-9,-11,-9,-11,-8,-11,-9,-11,-8,-10,-8,-11,-8,-11,-7,-11,-7,-12,-7,-12,-7,-12,-7,-13,-6,-13,-6,-13,-6,-14,-5]"
2025-08-18 22:01:56.685807,CSI_DATA,1777,1a:00:00:00:00:00,-52,11,0,0,0,0,0,0,0,0,0,-94,0,1,0,301661183,0,31,0,128,0,"[0,0,10,-10,9,-10,9,-11,8,-11,8,-11,8,-11,7,-11,7,-11,6,-11,5,-11,5,-12,5,-12,4,-12,4,-13,4,-13,4,-13,4,-13,5,-14,5,-14,5,-13,6,-13,5,-13,6,-12,6,-13,6,-12,7,-12,0,0,0,0,0,0,0,0,0,0,0,0,0,0,0,0,0,0,0,0,0,0,4,-9,5,-10,5,-10,7,-10,7,-9,9,-10,10,-9,10,-8,11,-8,11,-7,11,-7,11,-7,11,-7,11,-7,11,-7,10,-7,10,-7,10,-8,10,-8,10,-8,10,-9,9,-9,9,-9,9,-10,9,-10,10,-10]"
2025-08-18 22:01:56.892214,CSI_DATA,1778,1a:00:00:00:00:00,-52,11,0,0,0,0,0,0,0,0,0,-94,0,1,0,301862347,0,31,0,128,0,"[0,0,-6,-12,-6,-12,-7,-12,-7,-11,-7,-11,-7,-11,-8,-10,-8,-10,-8,-10,-9,-9,-9,-9,-10,-8,-10,-8,-10,-9,-10,-8,-10,-8,-11,-8,-11,-8,-11,-9,-11,-9,-10,-9,-10,-10,-10,-9,-10,-10,-9,-10,-9,-10,0,0,0,0,0,0,0,0,0,0,0,0,0,0,0,0,0,0,0,0,0,0,-7,-7,-7,-8,-7,-9,-6,-9,-6,-10,-5,-11,-5,-12,-4,-12,-4,-12,-3,-13,-3,-13,-3,-12,-3,-12,-3,-12,-3,-12,-3,-12,-4,-12,-4,-12,-4,-12,-5,-12,-5,-12,-5,-12,-6,-12,-6,-12,-6,-12,-6,-12]"
2025-08-18 22:01:57.081925,CSI_DATA,1779,1a:00:00:00:00:00,-52,11,0,0,0,0,0,0,0,0,0,-94,0,1,0,302063499,0,31,0,128,0,"[0,0,6,12,6,11,6,11,6,10,7,10,7,10,7,10,7,9,8,8,8,8,9,8,9,7,9,7,10,7,10,7,10,7,10,7,11,7,11,7,11,8,10,8,10,8,9,9,9,9,9,9,9,9,0,0,0,0,0,0,0,0,0,0,0,0,0,0,0,0,0,0,0,0,0,0,6,6,6,7,6,8,6,9,5,10,5,10,4,11,3,12,3,12,2,12,2,12,2,12,2,12,2,12,2,12,2,11,3,11,3,11,3,11,4,11,4,11,5,11,5,11,5,12,6,12,6,12]"
2025-08-18 22:01:57.294366,CSI_DATA,1780,1a:00:00:00:00:00,-52,11,0,0,0,0,0,0,0,0,0,-94,0,1,0,302264655,0,31,0,128,0,"[0,0,-12,-8,-12,-8,-12,-8,-12,-8,-12,-7,-12,-6,-12,-6,-12,-6,-12,-5,-12,-5,-12,-4,-12,-4,-13,-3,-13,-3,-14,-3,-14,-3,-14,-3,-14,-3,-14,-3,-14,-3,-14,-4,-14,-4,-14,-4,-13,-5,-13,-5,-13,-6,0,0,0,0,0,0,0,0,0,0,0,0,0,0,0,0,0,0,0,0,0,0,-10,-3,-10,-4,-10,-5,-10,-6,-11,-7,-11,-8,-10,-9,-10,-9,-10,-10,-9,-10,-9,-10,-8,-10,-8,-11,-8,-11,-8,-10,-8,-10,-9,-10,-9,-9,-9,-9,-10,-9,-10,-9,-11,-9,-11,-9,-11,-9,-11,-9,-12,-8]"
2025-08-18 22:01:57.487857,CSI_DATA,1781,1a:00:00:00:00:00,-52,11,0,0,0,0,0,0,0,0,0,-94,0,1,0,302465874,0,31,0,128,0,"[0,0,-2,13,-1,13,-1,13,-1,12,0,13,0,12,0,12,1,12,1,12,2,12,3,11,4,11,4,12,4,12,4,12,4,12,5,12,4,12,4,13,4,13,4,13,3,13,3,13,3,13,3,12,2,13,0,0,0,0,0,0,0,0,0,0,0,0,0,0,0,0,0,0,0,0,0,0,2,9,1,10,0,10,0,11,-1,11,-2,12,-3,12,-4,12,-5,12,-5,12,-5,12,-5,12,-5,12,-5,12,-5,12,-5,11,-5,11,-4,11,-3,12,-3,12,-3,12,-3,13,-2,13,-2,13,-2,14,-1,13]"
2025-08-18 22:01:57.556225,CSI_DATA,1782,1a:00:00:00:00:00,-52,11,0,0,0,0,0,0,0,0,0,-94,0,1,0,302527920,0,42,0,128,0,"[0,0,-15,-3,-15,-2,-14,-2,-14,0,-14,-1,-14,-1,-14,0,-13,1,-13,1,-13,3,-12,2,-13,3,-13,4,-14,4,-14,4,-13,4,-14,4,-14,4,-15,4,-14,4,-14,4,-14,3,-14,3,-14,2,-14,2,-15,2,0,0,0,0,0,0,0,0,0,0,0,0,0,0,0,0,0,0,0,0,0,0,-10,2,-11,1,-12,0,-12,-1,-13,-2,-13,-3,-14,-3,-14,-4,-13,-5,-13,-6,-13,-6,-13,-6,-13,-6,-12,-6,-12,-5,-13,-5,-13,-5,-13,-4,-13,-5,-13,-3,-13,-4,-14,-3,-14,-3,-14,-3,-14,-3,-15,-2]"
2025-08-18 22:01:57.618646,CSI_DATA,1783,1a:00:00:00:00:00,-52,11,0,0,0,0,0,0,0,0,0,-94,0,1,0,302593723,0,31,0,128,0,"[0,0,-10,10,-9,11,-9,10,-9,10,-8,11,-8,11,-8,11,-7,11,-7,11,-6,11,-5,11,-5,12,-5,12,-4,12,-5,13,-4,13,-4,13,-5,13,-5,13,-5,13,-5,13,-6,13,-6,12,-6,12,-7,12,-7,11,0,0,0,0,0,0,0,0,0,0,0,0,0,0,0,0,0,0,0,0,0,0,-4,9,-5,9,-6,9,-7,9,-8,9,-9,9,-10,9,-11,9,-11,8,-11,8,-12,7,-12,7,-11,7,-11,7,-11,7,-11,7,-11,7,-10,8,-10,8,-10,8,-10,9,-10,9,-10,10,-10,10,-9,10,-10,10]"
2025-08-18 22:01:57.819051,CSI_DATA,1784,1a:00:00:00:00:00,-52,11,0,0,0,0,0,0,0,0,0,-94,0,1,0,302794766,0,31,0,128,0,"[0,0,7,-12,6,-13,6,-13,6,-13,5,-13,5,-13,4,-13,4,-13,4,-13,3,-13,2,-13,2,-14,1,-14,1,-14,1,-14,1,-14,1,-15,1,-15,1,-15,2,-15,2,-15,2,-15,2,-14,2,-14,3,-14,4,-13,0,0,0,0,0,0,0,0,0,0,0,0,0,0,0,0,0,0,0,0,0,0,2,-10,3,-10,4,-11,5,-11,6,-11,7,-11,8,-11,9,-10,9,-10,9,-10,10,-9,10,-9,10,-9,10,-9,9,-9,9,-9,9,-9,8,-10,8,-10,8,-11,8,-11,8,-12,8,-12,8,-12,8,-12,7,-13]"
2025-08-18 22:01:58.025742,CSI_DATA,1785,1a:00:00:00:00:00,-52,11,0,0,0,0,0,0,0,0,0,-94,0,1,0,302995923,0,31,0,128,0,"[0,0,-7,-13,-7,-12,-7,-12,-7,-12,-8,-12,-8,-11,-8,-11,-9,-10,-9,-10,-9,-9,-10,-9,-11,-9,-11,-8,-11,-9,-11,-8,-12,-8,-12,-8,-12,-9,-12,-9,-12,-9,-11,-9,-11,-10,-11,-10,-11,-10,-10,-10,-10,-10,0,0,0,0,0,0,0,0,0,0,0,0,0,0,0,0,0,0,0,0,0,0,-7,-7,-7,-8,-7,-9,-7,-11,-6,-11,-6,-12,-5,-13,-4,-13,-4,-13,-3,-13,-3,-13,-3,-13,-3,-13,-3,-13,-3,-13,-3,-12,-4,-13,-4,-12,-4,-13,-5,-13,-5,-13,-5,-13,-6,-12,-7,-13,-7,-13,-7,-13]"
2025-08-18 22:01:58.215420,CSI_DATA,1786,1a:00:00:00:00:00,-52,11,0,0,0,0,0,0,0,0,0,-94,0,1,0,303197089,0,31,0,128,0,"[0,0,7,11,8,10,8,10,8,10,9,10,9,9,9,9,9,8,9,8,10,7,10,7,10,6,11,6,11,6,11,6,12,6,12,6,12,6,12,6,12,7,12,7,11,7,11,8,11,8,10,8,10,8,0,0,0,0,0,0,0,0,0,0,0,0,0,0,0,0,0,0,0,0,0,0,7,6,7,7,7,8,7,9,7,10,6,11,6,11,5,12,5,12,4,12,3,13,3,12,3,12,3,12,4,12,3,11,4,11,4,11,5,11,6,11,6,11,6,11,7,11,7,12,7,12,7,11]"
2025-08-18 22:01:58.431420,CSI_DATA,1787,1a:00:00:00:00:00,-52,11,0,0,0,0,0,0,0,0,0,-94,0,1,0,303398281,0,31,0,128,0,"[0,0,-1,-14,-2,-14,-2,-14,-2,-14,-2,-14,-2,-13,-3,-13,-4,-13,-4,-12,-5,-12,-5,-12,-5,-12,-5,-12,-7,-13,-6,-13,-7,-12,-8,-14,-7,-13,-7,-13,-7,-13,-6,-13,-6,-13,-6,-13,-5,-13,-5,-13,-4,-13,0,0,0,0,0,0,0,0,0,0,0,0,0,0,0,0,0,0,0,0,0,0,-4,-10,-3,-10,-3,-11,-2,-12,-1,-13,0,-13,1,-14,1,-14,2,-14,3,-14,3,-13,3,-13,3,-13,3,-13,3,-13,2,-12,2,-13,2,-13,1,-13,1,-13,1,-13,0,-13,0,-14,0,-14,0,-14,0,-14]"
2025-08-18 22:01:58.628657,CSI_DATA,1788,1a:00:00:00:00:00,-52,11,0,0,0,0,0,0,0,0,0,-94,0,1,0,303599493,0,31,0,128,0,"[0,0,-9,-11,-9,-11,-9,-11,-9,-10,-10,-10,-9,-10,-10,-9,-10,-9,-10,-8,-10,-8,-11,-7,-11,-7,-12,-7,-12,-7,-12,-6,-12,-6,-13,-7,-13,-7,-13,-7,-13,-7,-13,-8,-12,-8,-12,-8,-11,-8,-11,-9,-11,-9,0,0,0,0,0,0,0,0,0,0,0,0,0,0,0,0,0,0,0,0,0,0,-9,-6,-9,-7,-9,-8,-9,-9,-9,-10,-8,-11,-7,-12,-7,-12,-7,-13,-6,-13,-6,-13,-5,-13,-5,-13,-5,-13,-5,-13,-5,-12,-6,-12,-6,-12,-7,-12,-7,-12,-7,-12,-8,-12,-8,-12,-9,-12,-9,-12,-9,-12]"
2025-08-18 22:01:58.823278,CSI_DATA,1789,1a:00:00:00:00:00,-52,11,0,0,0,0,0,0,0,0,0,-94,0,1,0,303800820,0,31,0,128,0,"[0,0,14,-1,14,-1,13,-1,14,-2,13,-2,13,-2,12,-3,12,-3,12,-4,12,-5,12,-5,11,-6,11,-6,11,-6,12,-7,11,-7,12,-7,12,-7,12,-7,12,-7,12,-7,12,-6,12,-6,12,-5,12,-5,12,-4,0,0,0,0,0,0,0,0,0,0,0,0,0,0,0,0,0,0,0,0,0,0,9,-4,10,-3,11,-3,12,-2,13,-1,13,0,13,1,13,1,13,2,13,3,13,3,13,3,13,3,12,3,12,3,12,2,12,2,13,1,13,1,13,1,13,1,13,0,14,0,14,0,14,0,14,-1]"
2025-08-18 22:01:59.028263,CSI_DATA,1790,1a:00:00:00:00:00,-52,11,0,0,0,0,0,0,0,0,0,-94,0,1,0,304001919,0,31,0,128,0,"[0,0,-15,3,-14,3,-14,3,-14,4,-13,4,-13,4,-13,4,-12,5,-12,5,-12,6,-12,6,-11,7,-11,7,-11,7,-11,8,-11,8,-11,8,-12,8,-12,8,-12,8,-12,8,-12,7,-12,7,-12,6,-12,6,-13,5,0,0,0,0,0,0,0,0,0,0,0,0,0,0,0,0,0,0,0,0,0,0,-9,5,-10,5,-11,4,-12,3,-13,3,-13,2,-14,1,-14,1,-14,0,-14,-1,-14,-1,-14,-1,-14,-1,-14,-1,-14,-1,-14,-1,-13,0,-14,0,-13,0,-14,1,-14,1,-14,1,-14,2,-14,2,-14,2,-15,3]"
2025-08-18 22:01:59.095138,CSI_DATA,1791,1a:00:00:00:00:00,-52,11,0,0,0,0,0,0,0,0,0,-94,0,1,0,304067544,0,42,0,128,0,"[0,0,1,-15,0,-14,0,-14,-1,-14,-1,-14,-2,-14,-2,-14,-2,-13,-3,-13,-3,-13,-4,-13,-5,-13,-5,-13,-6,-13,-6,-13,-6,-13,-6,-13,-6,-13,-6,-13,-6,-13,-5,-14,-5,-14,-5,-14,-4,-14,-4,-13,-3,-14,0,0,0,0,0,0,0,0,0,0,0,0,0,0,0,0,0,0,0,0,0,0,-3,-10,-3,-11,-2,-12,-1,-13,-1,-13,1,-14,2,-14,2,-14,3,-14,4,-14,4,-13,4,-13,4,-13,4,-13,4,-13,3,-13,3,-13,3,-13,2,-14,2,-14,2,-14,1,-14,1,-14,0,-15,1,-15,0,-15]"
2025-08-18 22:01:59.157277,CSI_DATA,1792,1a:00:00:00:00:00,-52,11,0,0,0,0,0,0,0,0,0,-94,0,1,0,304130149,0,31,0,128,0,"[0,0,0,-14,-1,-14,0,-13,-1,-13,-1,-13,-2,-13,-2,-13,-3,-13,-3,-12,-3,-12,-4,-12,-5,-12,-5,-12,-5,-12,-6,-12,-6,-12,-6,-12,-6,-13,-6,-13,-6,-13,-5,-13,-5,-13,-5,-13,-4,-13,-4,-12,-3,-13,0,0,0,0,0,0,0,0,0,0,0,0,0,0,0,0,0,0,0,0,0,0,-3,-10,-2,-11,-2,-11,-1,-12,0,-12,1,-13,1,-13,2,-13,3,-13,3,-13,4,-13,4,-12,4,-12,4,-12,3,-12,3,-12,3,-12,3,-12,2,-13,2,-13,1,-13,1,-13,1,-13,1,-14,1,-14,0,-14]"
2025-08-18 22:01:59.360924,CSI_DATA,1793,1a:00:00:00:00:00,-52,11,0,0,0,0,0,0,0,0,0,-94,0,1,0,304331256,0,31,0,128,0,"[0,0,-4,-14,-4,-14,-4,-14,-5,-13,-5,-13,-6,-13,-6,-13,-6,-12,-6,-12,-7,-11,-7,-11,-8,-11,-9,-11,-9,-10,-9,-11,-9,-11,-10,-11,-9,-11,-10,-11,-9,-11,-9,-11,-9,-12,-9,-12,-8,-12,-8,-12,-7,-12,0,0,0,0,0,0,0,0,0,0,0,0,0,0,0,0,0,0,0,0,0,0,-6,-9,-5,-10,-5,-11,-4,-12,-4,-13,-3,-13,-2,-14,-1,-14,-1,-14,-1,-14,0,-14,0,-14,0,-14,0,-14,0,-14,0,-13,-1,-13,-1,-13,-2,-14,-2,-14,-3,-14,-3,-14,-3,-14,-4,-14,-4,-14,-4,-14]"
2025-08-18 22:01:59.565606,CSI_DATA,1794,1a:00:00:00:00:00,-52,11,0,0,0,0,0,0,0,0,0,-94,0,1,0,304534441,0,31,0,128,0,"[0,0,-12,-7,-13,-7,-12,-7,-13,-7,-12,-6,-12,-6,-12,-6,-12,-5,-12,-4,-13,-3,-13,-3,-13,-2,-13,-2,-13,-2,-14,-2,-14,-2,-14,-2,-14,-2,-14,-2,-14,-2,-14,-3,-14,-3,-14,-3,-14,-3,-14,-3,-13,-4,0,0,0,0,0,0,0,0,0,0,0,0,0,0,0,0,0,0,0,0,0,0,-10,-2,-11,-3,-11,-5,-11,-5,-12,-7,-12,-8,-11,-9,-11,-9,-10,-10,-10,-10,-10,-10,-9,-10,-10,-10,-10,-10,-9,-10,-10,-10,-10,-9,-10,-9,-10,-9,-11,-9,-11,-9,-11,-9,-12,-8,-13,-8,-13,-8,-12,-7]"
2025-08-18 22:01:59.752570,CSI_DATA,1795,1a:00:00:00:00:00,-52,11,0,0,0,0,0,0,0,0,0,-94,0,1,0,304733633,0,31,0,128,0,"[0,0,12,6,11,6,11,6,11,5,12,5,12,5,11,4,12,3,12,3,11,2,12,2,12,1,12,1,13,1,12,0,13,0,13,0,13,0,14,1,13,1,13,1,13,1,13,2,13,2,12,3,13,3,0,0,0,0,0,0,0,0,0,0,0,0,0,0,0,0,0,0,0,0,0,0,9,2,10,3,10,3,11,5,10,5,11,6,10,7,10,8,10,9,9,9,9,9,8,9,9,9,8,9,9,9,8,8,9,8,9,7,10,8,10,8,10,7,11,7,11,7,11,7,12,7,12,6]"
2025-08-18 22:01:59.965286,CSI_DATA,1796,1a:00:00:00:00:00,-52,11,0,0,0,0,0,0,0,0,0,-94,0,1,0,304934989,0,31,0,128,0,"[0,0,-12,-8,-13,-8,-12,-8,-12,-7,-12,-7,-12,-7,-12,-6,-12,-6,-12,-5,-13,-5,-13,-4,-13,-3,-13,-3,-13,-3,-14,-3,-14,-3,-14,-3,-14,-3,-15,-3,-14,-4,-14,-4,-14,-4,-14,-5,-13,-5,-13,-5,-13,-6,0,0,0,0,0,0,0,0,0,0,0,0,0,0,0,0,0,0,0,0,0,0,-10,-2,-10,-4,-11,-5,-11,-6,-11,-7,-11,-8,-11,-9,-11,-9,-10,-10,-10,-11,-10,-11,-9,-11,-9,-11,-9,-10,-9,-10,-9,-10,-9,-10,-10,-9,-10,-9,-11,-9,-11,-9,-11,-9,-12,-9,-12,-8,-12,-9,-12,-8]"
2025-08-18 22:02:00.154743,CSI_DATA,1797,1a:00:00:00:00:00,-52,11,0,0,0,0,0,0,0,0,0,-94,0,1,0,305136058,0,31,0,128,0,"[0,0,9,10,9,9,10,9,10,8,10,8,10,8,10,7,10,6,10,6,11,5,11,5,11,4,12,4,12,4,12,4,13,4,13,4,13,4,13,4,13,5,13,5,12,5,12,6,12,6,11,6,11,7,0,0,0,0,0,0,0,0,0,0,0,0,0,0,0,0,0,0,0,0,0,0,8,4,9,5,9,6,9,7,9,8,8,9,8,10,8,10,7,11,7,11,6,11,6,11,6,11,6,11,6,11,6,10,6,10,7,10,7,10,8,10,8,10,8,10,9,10,10,10,9,10,10,9]"
2025-08-18 22:02:00.360771,CSI_DATA,1798,1a:00:00:00:00:00,-51,11,0,0,0,0,0,0,0,0,0,-94,0,1,0,305337225,0,31,0,128,0,"[0,0,-5,12,-4,12,-4,12,-3,12,-3,12,-3,12,-3,12,-2,12,-2,12,-1,12,0,12,1,11,1,12,1,12,1,12,2,12,1,12,1,13,1,13,1,13,0,13,0,13,0,12,0,12,-1,12,-1,12,0,0,0,0,0,0,0,0,0,0,0,0,0,0,0,0,0,0,0,0,0,0,0,9,-1,9,-2,10,-2,10,-3,11,-4,11,-5,11,-6,11,-7,11,-7,10,-7,10,-7,10,-7,10,-7,10,-7,10,-7,10,-7,10,-6,10,-6,11,-5,11,-5,11,-5,11,-5,12,-4,12,-4,13,-4,13]"
2025-08-18 22:02:00.567519,CSI_DATA,1799,1a:00:00:00:00:00,-51,11,0,0,0,0,0,0,0,0,0,-94,0,1,0,305538453,0,31,0,128,0,"[0,0,-13,-5,-13,-5,-13,-4,-13,-4,-13,-4,-13,-4,-12,-3,-12,-2,-12,-2,-13,-1,-13,0,-12,0,-13,0,-13,1,-13,1,-13,1,-14,1,-14,1,-14,1,-14,0,-14,0,-14,0,-14,-1,-13,-1,-13,-1,-13,-2,0,0,0,0,0,0,0,0,0,0,0,0,0,0,0,0,0,0,0,0,0,0,-10,0,-10,-1,-11,-2,-11,-3,-12,-4,-12,-5,-12,-6,-12,-6,-11,-7,-11,-8,-11,-8,-11,-8,-11,-8,-11,-8,-10,-7,-11,-7,-11,-7,-11,-7,-11,-6,-12,-6,-12,-6,-12,-6,-13,-5,-13,-5,-13,-5,-13,-5]"
2025-08-18 22:02:00.625349,CSI_DATA,1800,1a:00:00:00:00:00,-51,11,0,0,0,0,0,0,0,0,0,-94,0,1,0,305604429,0,42,0,128,0,"[0,0,13,3,13,3,12,3,13,2,12,2,12,2,12,1,12,1,12,0,12,-1,12,-1,12,-2,12,-2,12,-3,13,-3,12,-3,13,-3,13,-3,13,-3,13,-3,13,-2,13,-2,13,-1,13,-1,13,-1,13,0,0,0,0,0,0,0,0,0,0,0,0,0,0,0,0,0,0,0,0,0,0,0,9,-1,10,-1,11,1,11,1,12,2,12,3,12,4,12,5,11,5,11,6,11,6,11,6,11,6,11,6,10,6,11,6,11,5,11,5,11,5,12,5,12,4,12,4,13,4,13,4,13,4,13,3]"
2025-08-18 22:02:00.688867,CSI_DATA,1801,1a:00:00:00:00:00,-51,11,0,0,0,0,0,0,0,0,0,-94,0,1,0,305665764,0,31,0,128,0,"[0,0,-5,13,-4,13,-4,13,-4,12,-3,13,-3,13,-2,12,-2,12,-1,12,-1,12,0,12,1,12,1,12,1,12,2,12,2,12,2,13,2,13,2,13,1,13,1,13,1,13,0,13,0,13,-1,13,-1,13,0,0,0,0,0,0,0,0,0,0,0,0,0,0,0,0,0,0,0,0,0,0,0,9,-1,10,-2,11,-3,11,-3,11,-5,12,-6,12,-6,12,-7,12,-7,11,-8,11,-8,11,-8,11,-8,10,-7,10,-7,10,-7,11,-6,11,-6,11,-6,11,-6,12,-5,12,-5,12,-5,13,-5,13,-5,13]"
2025-08-18 22:02:00.896254,CSI_DATA,1802,1a:00:00:00:00:00,-51,11,0,0,0,0,0,0,0,0,0,-94,0,1,0,305866930,0,31,0,128,0,"[0,0,-9,-11,-10,-11,-9,-10,-10,-10,-10,-9,-10,-9,-10,-9,-10,-8,-11,-7,-11,-7,-11,-7,-12,-6,-12,-6,-12,-6,-13,-6,-12,-5,-13,-6,-13,-5,-13,-6,-13,-6,-13,-7,-13,-7,-13,-7,-12,-7,-12,-7,-11,-8,0,0,0,0,0,0,0,0,0,0,0,0,0,0,0,0,0,0,0,0,0,0,-9,-6,-9,-6,-9,-8,-8,-8,-9,-10,-8,-10,-8,-11,-7,-12,-7,-12,-6,-13,-6,-13,-6,-12,-6,-13,-6,-12,-6,-12,-6,-12,-6,-11,-7,-11,-7,-11,-7,-11,-8,-11,-8,-11,-9,-11,-9,-11,-9,-11,-9,-11]"
2025-08-18 22:02:01.090933,CSI_DATA,1803,1a:00:00:00:00:00,-52,11,0,0,0,0,0,0,0,0,0,-94,0,1,0,306072561,0,31,0,128,0,"[0,0,3,13,4,12,4,12,4,12,5,11,5,11,5,11,6,10,6,10,6,9,7,9,7,9,8,9,8,9,8,8,9,8,9,9,9,9,9,9,9,9,8,9,8,10,8,10,7,10,7,10,7,10,0,0,0,0,0,0,0,0,0,0,0,0,0,0,0,0,0,0,0,0,0,0,6,7,6,8,6,9,5,10,5,11,4,12,3,13,2,13,2,13,1,13,1,13,0,13,1,13,1,13,1,13,1,13,1,12,1,12,2,13,2,13,2,13,3,13,3,13,4,13,4,13,4,13]"
2025-08-18 22:02:01.294059,CSI_DATA,1804,1a:00:00:00:00:00,-52,11,0,0,0,0,0,0,0,0,0,-94,0,1,0,306269245,0,31,0,128,0,"[0,0,-13,6,-13,6,-12,6,-13,7,-11,6,-11,7,-11,7,-10,8,-10,8,-10,9,-9,9,-8,9,-9,10,-8,10,-9,11,-8,10,-8,11,-9,11,-9,11,-9,11,-9,10,-9,10,-10,10,-10,10,-10,9,-10,8,0,0,0,0,0,0,0,0,0,0,0,0,0,0,0,0,0,0,0,0,0,0,-7,7,-8,7,-9,7,-10,7,-11,7,-12,6,-13,5,-13,5,-14,4,-14,3,-14,3,-14,3,-14,2,-14,3,-13,3,-14,3,-13,3,-14,4,-13,4,-13,4,-13,5,-13,5,-14,6,-13,5,-13,6,-13,6]"
2025-08-18 22:02:01.496093,CSI_DATA,1805,1a:00:00:00:00:00,-52,11,0,0,0,0,0,0,0,0,0,-94,0,1,0,306470489,0,31,0,128,0,"[0,0,10,-10,9,-10,8,-10,9,-11,7,-11,7,-11,7,-11,7,-11,5,-11,6,-12,5,-11,4,-12,4,-12,3,-13,4,-13,4,-13,4,-13,5,-14,4,-14,4,-14,5,-14,4,-13,5,-13,6,-13,6,-12,7,-12,0,0,0,0,0,0,0,0,0,0,0,0,0,0,0,0,0,0,0,0,0,0,4,-10,5,-10,5,-10,7,-10,8,-10,9,-10,10,-10,10,-9,11,-9,11,-8,11,-7,11,-7,11,-7,11,-7,11,-7,11,-7,10,-7,10,-8,10,-9,10,-9,10,-9,10,-10,10,-10,10,-10,10,-10,10,-10]"
2025-08-18 22:02:01.701063,CSI_DATA,1806,1a:00:00:00:00:00,-52,11,0,0,0,0,0,0,0,0,0,-94,0,1,0,306671617,0,31,0,128,0,"[0,0,-3,14,-2,14,-2,13,-2,13,-1,13,-1,13,-1,13,0,13,0,12,1,12,2,12,3,12,3,12,3,12,4,13,4,12,4,13,4,13,3,13,3,14,3,14,2,14,2,14,2,14,1,13,1,13,0,0,0,0,0,0,0,0,0,0,0,0,0,0,0,0,0,0,0,0,0,0,1,10,0,10,0,11,-1,11,-2,12,-3,12,-4,13,-5,13,-6,13,-6,13,-6,12,-7,12,-6,12,-6,12,-6,12,-6,12,-5,12,-5,12,-5,12,-5,13,-4,13,-4,13,-4,13,-3,13,-3,14,-3,14]"
2025-08-18 22:02:01.891593,CSI_DATA,1807,1a:00:00:00:00:00,-52,11,0,0,0,0,0,0,0,0,0,-94,0,1,0,306872768,0,31,0,128,0,"[0,0,7,12,7,11,7,11,7,10,7,10,7,10,7,10,8,9,8,9,9,8,9,7,10,7,10,7,10,7,11,7,11,7,11,7,11,7,11,8,11,8,11,8,10,9,10,9,10,9,10,9,9,9,0,0,0,0,0,0,0,0,0,0,0,0,0,0,0,0,0,0,0,0,0,0,7,6,7,7,7,8,6,9,6,10,5,11,5,12,4,12,3,12,3,12,3,12,3,12,3,12,3,12,3,12,3,12,3,12,4,11,4,12,4,12,5,12,5,12,6,12,6,12,6,12,6,12]"
2025-08-18 22:02:02.097831,CSI_DATA,1808,1a:00:00:00:00:00,-52,11,0,0,0,0,0,0,0,0,0,-94,0,1,0,307074069,0,31,0,128,0,"[0,0,9,-10,8,-10,8,-10,8,-10,8,-11,7,-10,7,-10,6,-10,6,-11,5,-11,5,-12,4,-12,4,-12,3,-12,4,-12,4,-13,3,-13,4,-13,4,-13,5,-13,5,-13,5,-13,5,-12,5,-12,6,-12,6,-11,0,0,0,0,0,0,0,0,0,0,0,0,0,0,0,0,0,0,0,0,0,0,4,-9,5,-9,5,-9,7,-9,7,-9,9,-9,9,-8,10,-8,10,-8,10,-7,10,-7,11,-6,10,-6,10,-7,10,-7,10,-7,10,-7,9,-7,9,-8,9,-8,9,-8,9,-9,9,-9,9,-10,9,-10,9,-10]"
2025-08-18 22:02:02.167209,CSI_DATA,1809,1a:00:00:00:00:00,-51,11,0,0,0,0,0,0,0,0,0,-94,0,1,0,307137362,0,42,0,128,0,"[0,0,-6,-12,-7,-13,-7,-12,-7,-12,-8,-11,-8,-11,-8,-11,-8,-10,-9,-10,-9,-9,-9,-9,-10,-8,-10,-8,-10,-8,-10,-9,-9,-10,-10,-9,-12,-9,-12,-9,-11,-9,-11,-9,-11,-10,-10,-10,-10,-10,-9,-10,-9,-11,0,0,0,0,0,0,0,0,0,0,0,0,0,0,0,0,0,0,0,0,0,0,-7,-8,-7,-9,-7,-10,-6,-10,-6,-11,-5,-12,-5,-13,-4,-13,-4,-13,-3,-14,-3,-14,-2,-13,-2,-13,-3,-13,-3,-13,-3,-13,-3,-12,-4,-13,-4,-13,-5,-12,-5,-12,-5,-13,-6,-13,-6,-13,-6,-13,-6,-13]"
2025-08-18 22:02:02.422490,CSI_DATA,1810,1a:00:00:00:00:00,-52,11,0,0,0,0,0,0,0,0,0,-94,0,1,0,307202626,0,31,0,128,0,"[0,0,11,-8,10,-9,10,-9,10,-9,9,-9,8,-10,8,-9,8,-10,7,-10,7,-10,7,-11,6,-11,6,-12,5,-12,5,-12,5,-13,5,-13,6,-13,6,-13,6,-13,6,-13,6,-12,7,-12,7,-11,8,-11,8,-11,0,0,0,0,0,0,0,0,0,0,0,0,0,0,0,0,0,0,0,0,0,0,6,-8,7,-8,8,-8,9,-8,9,-7,10,-7,11,-7,11,-6,12,-6,12,-5,12,-4,12,-4,12,-4,11,-4,12,-5,11,-5,11,-5,11,-6,11,-6,11,-6,10,-7,11,-8,11,-8,11,-8,11,-8,11,-9]"
2025-08-18 22:02:02.427689,CSI_DATA,1811,1a:00:00:00:00:00,-51,11,0,0,0,0,0,0,0,0,0,-94,0,1,0,307403121,0,31,0,128,0,"[0,0,8,11,8,10,8,10,8,10,9,9,9,9,9,9,9,8,9,7,10,6,10,6,11,6,11,6,11,6,12,5,12,5,12,5,12,6,12,6,12,6,12,7,12,7,11,7,11,7,11,7,10,8,0,0,0,0,0,0,0,0,0,0,0,0,0,0,0,0,0,0,0,0,0,0,8,5,8,6,8,8,8,8,7,9,7,10,6,11,6,12,5,12,5,12,4,12,4,12,4,12,4,12,4,12,4,11,5,12,5,11,6,11,6,11,6,11,7,11,8,11,8,11,8,11,8,11]"
2025-08-18 22:02:02.629868,CSI_DATA,1812,1a:00:00:00:00:00,-51,11,0,0,0,0,0,0,0,0,0,-94,0,1,0,307604307,0,31,0,128,0,"[0,0,-15,3,-14,3,-14,3,-13,4,-13,4,-13,4,-12,4,-12,5,-12,5,-11,6,-11,7,-11,7,-11,8,-11,8,-11,8,-11,8,-11,9,-11,9,-12,9,-12,8,-12,8,-12,8,-12,7,-12,7,-12,6,-13,6,0,0,0,0,0,0,0,0,0,0,0,0,0,0,0,0,0,0,0,0,0,0,-9,5,-10,4,-11,4,-11,3,-13,2,-13,2,-14,1,-14,0,-14,0,-14,-1,-14,-1,-14,-1,-14,-1,-14,-1,-13,-1,-13,-1,-13,0,-13,0,-14,0,-14,1,-14,1,-14,1,-14,2,-14,2,-14,3,-14,3]"
2025-08-18 22:02:02.829101,CSI_DATA,1813,1a:00:00:00:00:00,-51,11,0,0,0,0,0,0,0,0,0,-94,0,1,0,307805445,0,31,0,128,0,"[0,0,12,-7,11,-7,11,-7,10,-7,11,-8,10,-8,9,-8,9,-8,9,-9,8,-9,8,-10,7,-10,7,-11,8,-12,7,-11,8,-12,7,-11,8,-12,8,-12,8,-12,9,-12,9,-11,9,-10,9,-11,9,-10,10,-9,0,0,0,0,0,0,0,0,0,0,0,0,0,0,0,0,0,0,0,0,0,0,6,-7,8,-7,8,-7,9,-7,10,-6,11,-6,12,-5,12,-5,12,-4,12,-3,12,-3,12,-3,12,-3,12,-3,12,-3,11,-3,12,-4,11,-4,12,-5,12,-5,11,-5,12,-5,11,-6,12,-6,11,-7,12,-7]"
2025-08-18 22:02:03.031404,CSI_DATA,1814,1a:00:00:00:00:00,-51,11,0,0,0,0,0,0,0,0,0,-94,0,1,0,308006607,0,31,0,128,0,"[0,0,-11,9,-10,9,-10,9,-10,10,-9,9,-9,9,-8,10,-8,10,-8,10,-7,11,-6,11,-6,11,-5,11,-5,12,-5,12,-5,13,-5,13,-6,13,-6,13,-6,13,-7,13,-7,13,-7,12,-7,12,-8,11,-8,11,0,0,0,0,0,0,0,0,0,0,0,0,0,0,0,0,0,0,0,0,0,0,-6,8,-7,8,-8,8,-9,8,-9,8,-11,8,-12,7,-12,6,-12,6,-13,5,-13,5,-13,5,-12,5,-12,5,-12,5,-12,5,-12,6,-12,6,-12,6,-12,7,-12,7,-11,7,-11,8,-11,8,-11,9,-11,9]"
2025-08-18 22:02:03.238275,CSI_DATA,1815,1a:00:00:00:00:00,-52,11,0,0,0,0,0,0,0,0,0,-94,0,1,0,308207912,0,31,0,128,0,"[0,0,-7,-12,-7,-13,-7,-12,-7,-11,-8,-11,-8,-11,-8,-11,-9,-10,-9,-10,-9,-9,-10,-9,-10,-8,-11,-8,-11,-8,-11,-8,-12,-8,-12,-8,-12,-8,-12,-9,-12,-9,-12,-9,-11,-10,-11,-10,-11,-10,-10,-10,-10,-10,0,0,0,0,0,0,0,0,0,0,0,0,0,0,0,0,0,0,0,0,0,0,-7,-7,-7,-8,-7,-9,-7,-10,-6,-11,-6,-12,-5,-13,-5,-13,-4,-13,-4,-13,-3,-13,-3,-13,-3,-13,-3,-13,-3,-13,-3,-13,-4,-13,-4,-12,-5,-13,-5,-13,-5,-13,-6,-13,-6,-13,-7,-13,-7,-13,-7,-13]"
2025-08-18 22:02:03.444470,CSI_DATA,1816,1a:00:00:00:00:00,-51,11,0,0,0,0,0,0,0,0,0,-94,0,1,0,308409132,0,31,0,128,0,"[0,0,-2,14,-1,13,-1,13,-1,13,0,13,0,13,0,13,1,12,1,12,2,12,2,12,3,12,3,12,4,12,4,12,4,12,4,13,4,13,4,13,4,13,3,13,3,13,2,13,2,13,1,13,1,13,0,0,0,0,0,0,0,0,0,0,0,0,0,0,0,0,0,0,0,0,0,0,2,9,1,10,1,11,0,11,-1,12,-2,13,-3,13,-3,13,-4,13,-5,12,-5,12,-6,12,-5,12,-5,12,-5,12,-5,11,-4,12,-4,12,-4,12,-3,13,-3,13,-3,13,-3,13,-2,14,-2,13,-2,14]"
2025-08-18 22:02:03.638797,CSI_DATA,1817,1a:00:00:00:00:00,-52,11,0,0,0,0,0,0,0,0,0,-94,0,1,0,308610307,0,31,0,128,0,"[0,0,-14,-5,-14,-4,-13,-4,-14,-4,-13,-3,-13,-3,-13,-3,-13,-2,-13,-1,-13,-1,-13,0,-13,0,-13,1,-13,1,-14,2,-14,2,-15,1,-14,1,-15,1,-15,1,-15,0,-15,0,-15,-1,-14,-1,-14,-1,-14,-2,0,0,0,0,0,0,0,0,0,0,0,0,0,0,0,0,0,0,0,0,0,0,-10,0,-11,-1,-12,-2,-12,-3,-13,-4,-12,-4,-13,-5,-12,-6,-12,-7,-12,-8,-12,-8,-11,-8,-11,-8,-11,-8,-11,-7,-11,-7,-11,-6,-12,-6,-12,-6,-12,-6,-12,-6,-13,-6,-13,-5,-13,-5,-14,-5,-14,-5]"
2025-08-18 22:02:03.701745,CSI_DATA,1818,1a:00:00:00:00:00,-52,11,0,0,0,0,0,0,0,0,0,-94,0,1,0,308671881,0,42,0,128,0,"[0,0,-13,-6,-13,-6,-13,-6,-13,-5,-13,-5,-13,-4,-13,-4,-13,-3,-13,-3,-13,-2,-13,-1,-13,-1,-13,-1,-13,0,-14,0,-14,0,-14,0,-15,0,-15,0,-15,0,-15,-1,-15,-1,-14,-2,-14,-2,-14,-2,-14,-3,0,0,0,0,0,0,0,0,0,0,0,0,0,0,0,0,0,0,0,0,0,0,-10,-2,-11,-3,-11,-3,-11,-5,-12,-5,-12,-6,-12,-7,-11,-8,-11,-8,-11,-9,-11,-9,-10,-9,-10,-9,-10,-9,-10,-9,-10,-8,-11,-8,-11,-7,-11,-8,-12,-8,-12,-7,-12,-7,-12,-7,-13,-7,-13,-7,-13,-6]"
2025-08-18 22:02:03.780944,CSI_DATA,1819,1a:00:00:00:00:00,-52,11,0,0,0,0,0,0,0,0,0,-94,0,1,0,308738448,0,31,0,128,0,"[0,0,-13,-4,-14,-4,-13,-4,-13,-3,-12,-2,-12,-2,-13,-2,-12,-1,-12,-1,-12,0,-12,0,-12,1,-12,1,-12,2,-13,2,-13,2,-14,2,-13,2,-14,2,-14,2,-14,2,-14,1,-14,1,-13,0,-14,0,-14,-1,0,0,0,0,0,0,0,0,0,0,0,0,0,0,0,0,0,0,0,0,0,0,-10,0,-10,-1,-11,-2,-11,-3,-12,-3,-12,-4,-12,-5,-12,-5,-12,-6,-12,-7,-11,-7,-11,-7,-11,-7,-11,-7,-11,-7,-11,-7,-11,-6,-11,-6,-11,-6,-12,-5,-12,-5,-12,-5,-13,-4,-13,-5,-13,-4,-13,-4]"
2025-08-18 22:02:03.969227,CSI_DATA,1820,1a:00:00:00:00:00,-52,11,0,0,0,0,0,0,0,0,0,-94,0,1,0,308939179,0,31,0,128,0,"[0,0,-9,-11,-9,-11,-9,-11,-9,-10,-10,-10,-10,-10,-10,-9,-10,-8,-10,-8,-11,-7,-11,-7,-12,-7,-12,-7,-13,-7,-12,-6,-13,-7,-13,-7,-13,-7,-14,-7,-13,-7,-13,-7,-13,-8,-12,-8,-12,-9,-12,-9,-11,-9,0,0,0,0,0,0,0,0,0,0,0,0,0,0,0,0,0,0,0,0,0,0,-9,-5,-9,-7,-9,-8,-9,-9,-8,-9,-8,-11,-7,-11,-7,-12,-6,-12,-6,-12,-6,-12,-5,-13,-6,-13,-6,-12,-6,-12,-5,-12,-6,-12,-6,-11,-7,-12,-7,-12,-8,-12,-8,-12,-8,-11,-9,-12,-9,-12,-9,-12]"
2025-08-18 22:02:04.167890,CSI_DATA,1821,1a:00:00:00:00:00,-51,11,0,0,0,0,0,0,0,0,0,-94,0,1,0,309141797,0,31,0,128,0,"[0,0,5,-13,4,-13,4,-13,4,-13,3,-13,2,-13,2,-13,1,-13,1,-13,1,-13,0,-13,0,-13,-1,-14,-2,-14,-2,-14,-1,-14,-2,-15,-1,-15,-1,-15,-1,-15,-1,-15,0,-15,0,-15,1,-15,1,-14,2,-14,0,0,0,0,0,0,0,0,0,0,0,0,0,0,0,0,0,0,0,0,0,0,0,-10,1,-11,2,-11,3,-12,4,-12,5,-12,6,-12,6,-12,7,-12,7,-11,8,-11,8,-10,8,-11,8,-11,7,-10,7,-10,7,-11,6,-11,6,-11,6,-12,5,-12,5,-13,5,-13,5,-13,5,-13,5,-13]"
2025-08-18 22:02:04.371806,CSI_DATA,1822,1a:00:00:00:00:00,-52,11,0,0,0,0,0,0,0,0,0,-94,0,1,0,309341641,0,31,0,128,0,"[0,0,-11,-9,-11,-8,-12,-8,-11,-8,-12,-7,-12,-7,-12,-6,-12,-6,-12,-5,-12,-4,-13,-4,-13,-4,-13,-3,-14,-3,-13,-3,-14,-3,-14,-3,-14,-3,-15,-3,-14,-3,-14,-3,-14,-4,-14,-4,-13,-5,-13,-5,-13,-6,0,0,0,0,0,0,0,0,0,0,0,0,0,0,0,0,0,0,0,0,0,0,-9,-5,-10,-5,-10,-7,-10,-8,-10,-8,-10,-9,-9,-10,-9,-10,-9,-11,-8,-11,-7,-11,-7,-12,-8,-13,-6,-9,-8,-11,-9,-10,-8,-10,-8,-10,-9,-10,-9,-10,-10,-10,-10,-10,-11,-9,-11,-9,-11,-9,-11,-9]"
2025-08-18 22:02:04.563500,CSI_DATA,1823,1a:00:00:00:00:00,-51,11,0,0,0,0,0,0,0,0,0,-94,0,1,0,309542927,0,31,0,128,0,"[0,0,12,4,12,3,12,3,12,2,12,2,12,2,12,2,12,1,12,0,12,-1,12,-1,12,-1,12,-2,12,-2,12,-2,13,-3,13,-2,13,-2,13,-2,13,-2,13,-1,13,-1,13,0,13,0,12,0,13,1,0,0,0,0,0,0,0,0,0,0,0,0,0,0,0,0,0,0,0,0,0,0,9,0,10,0,10,1,10,2,11,3,11,4,11,5,11,5,11,6,10,7,10,7,10,7,10,7,10,7,10,6,9,6,10,6,10,5,11,5,11,5,11,5,11,5,11,4,12,4,12,4,12,4]"
2025-08-18 22:02:04.773653,CSI_DATA,1824,1a:00:00:00:00:00,-51,11,0,0,0,0,0,0,0,0,0,-94,0,1,0,309743977,0,31,0,128,0,"[0,0,-4,13,-3,13,-3,13,-2,12,-2,13,-2,12,-1,12,0,12,0,12,1,12,1,12,2,12,3,12,3,13,3,13,3,13,3,13,3,14,3,14,2,14,2,14,2,14,1,14,1,14,0,13,-1,14,0,0,0,0,0,0,0,0,0,0,0,0,0,0,0,0,0,0,0,0,0,0,0,9,0,10,-1,10,-2,11,-3,11,-4,12,-5,12,-6,12,-6,12,-6,11,-7,11,-7,11,-7,11,-7,11,-7,11,-7,10,-6,11,-5,11,-5,12,-5,12,-5,12,-5,12,-4,13,-4,13,-4,13,-4,13]"
2025-08-18 22:02:04.978722,CSI_DATA,1825,1a:00:00:00:00:00,-51,11,0,0,0,0,0,0,0,0,0,-94,0,1,0,309945135,0,31,0,128,0,"[0,0,0,13,0,13,1,13,1,13,2,13,2,12,2,12,3,12,3,11,3,12,4,12,5,11,5,11,6,11,6,12,6,12,6,12,6,12,6,13,6,13,5,13,5,13,4,13,4,13,3,13,3,13,0,0,0,0,0,0,0,0,0,0,0,0,0,0,0,0,0,0,0,0,0,0,3,9,2,10,2,11,1,11,1,12,-1,12,-2,13,-2,13,-3,13,-3,13,-4,13,-4,12,-4,12,-4,12,-3,12,-4,12,-3,12,-3,12,-2,12,-2,13,-2,13,-1,13,-1,13,-1,14,0,13,0,13]"
2025-08-18 22:02:05.168832,CSI_DATA,1826,1a:00:00:00:00:00,-51,11,0,0,0,0,0,0,0,0,0,-94,0,1,0,310146263,0,31,0,128,0,"[0,0,13,0,13,-1,12,-1,13,-1,13,-2,12,-2,12,-3,12,-3,12,-4,12,-4,12,-5,11,-5,11,-5,11,-6,12,-7,12,-7,13,-7,13,-7,13,-7,13,-7,13,-6,13,-6,13,-5,13,-4,13,-4,13,-3,0,0,0,0,0,0,0,0,0,0,0,0,0,0,0,0,0,0,0,0,0,0,9,-3,10,-2,11,-2,11,-1,12,0,12,1,13,1,13,2,13,3,13,4,12,4,12,4,12,5,12,4,11,4,12,3,11,3,12,2,12,2,12,2,13,1,13,1,13,1,13,1,13,1,13,0]"
2025-08-18 22:02:05.239170,CSI_DATA,1827,1a:00:00:00:00:00,-51,11,0,0,0,0,0,0,0,0,0,-94,0,1,0,310208104,0,42,0,128,0,"[0,0,-5,-14,-6,-13,-6,-13,-6,-13,-7,-13,-7,-12,-7,-12,-7,-11,-8,-11,-8,-10,-9,-10,-10,-10,-10,-10,-10,-10,-10,-10,-11,-10,-11,-10,-11,-11,-11,-11,-11,-11,-10,-11,-10,-12,-9,-12,-9,-12,-8,-12,-8,-12,0,0,0,0,0,0,0,0,0,0,0,0,0,0,0,0,0,0,0,0,0,0,-7,-8,-7,-9,-6,-10,-6,-11,-5,-12,-5,-13,-4,-13,-3,-14,-3,-14,-2,-14,-2,-14,-1,-14,-2,-14,-2,-14,-2,-14,-2,-13,-2,-13,-3,-13,-3,-13,-4,-13,-4,-13,-4,-14,-4,-13,-5,-14,-5,-14,-5,-14]"
2025-08-18 22:02:05.310224,CSI_DATA,1828,1a:00:00:00:00:00,-51,11,0,0,0,0,0,0,0,0,0,-94,0,1,0,310273657,0,31,0,128,0,"[0,0,-13,3,-13,3,-13,3,-12,4,-12,4,-12,4,-12,4,-11,5,-11,6,-11,6,-11,6,-10,7,-10,7,-10,8,-10,8,-10,8,-10,8,-11,9,-11,9,-12,8,-12,8,-12,7,-12,7,-12,7,-12,6,-12,6,0,0,0,0,0,0,0,0,0,0,0,0,0,0,0,0,0,0,0,0,0,0,-8,4,-10,4,-10,3,-11,3,-12,2,-12,2,-13,1,-13,0,-13,0,-13,-1,-13,-1,-13,-1,-13,-1,-13,-1,-13,-1,-13,-1,-13,0,-13,0,-13,0,-13,1,-13,1,-13,1,-13,2,-13,2,-13,2,-13,3]"
2025-08-18 22:02:05.503797,CSI_DATA,1829,1a:00:00:00:00:00,-51,11,0,0,0,0,0,0,0,0,0,-94,0,1,0,310474950,0,31,0,128,0,"[0,0,-3,-14,-3,-14,-3,-14,-3,-14,-4,-14,-5,-14,-5,-13,-5,-13,-6,-12,-6,-12,-6,-12,-7,-12,-8,-12,-8,-11,-9,-11,-9,-12,-9,-12,-9,-12,-9,-13,-9,-13,-8,-13,-8,-13,-7,-13,-7,-13,-6,-13,-5,-13,0,0,0,0,0,0,0,0,0,0,0,0,0,0,0,0,0,0,0,0,0,0,-4,-9,-4,-10,-4,-11,-3,-12,-3,-13,-2,-13,-1,-14,0,-14,0,-14,1,-14,2,-14,2,-14,2,-14,2,-13,1,-13,1,-13,1,-13,0,-13,0,-14,-1,-14,-1,-14,-2,-14,-1,-14,-2,-15,-2,-14,-2,-14]"
2025-08-18 22:02:05.706669,CSI_DATA,1830,1a:00:00:00:00:00,-52,11,0,0,0,0,0,0,0,0,0,-94,0,1,0,310676027,0,31,0,128,0,"[0,0,-6,-13,-6,-13,-6,-13,-6,-12,-7,-12,-8,-12,-8,-12,-8,-11,-8,-10,-9,-10,-9,-10,-10,-10,-10,-10,-11,-9,-11,-9,-11,-9,-11,-9,-11,-10,-12,-10,-11,-10,-11,-10,-11,-11,-10,-11,-10,-11,-9,-11,-9,-12,0,0,0,0,0,0,0,0,0,0,0,0,0,0,0,0,0,0,0,0,0,0,-6,-8,-7,-9,-6,-10,-6,-11,-5,-12,-5,-13,-4,-13,-4,-13,-3,-14,-2,-14,-2,-14,-1,-14,-1,-14,-2,-14,-2,-14,-2,-13,-3,-13,-3,-13,-4,-14,-4,-13,-4,-13,-5,-13,-5,-13,-5,-14,-5,-14,-5,-14]"
2025-08-18 22:02:05.896427,CSI_DATA,1831,1a:00:00:00:00:00,-51,11,0,0,0,0,0,0,0,0,0,-94,0,1,0,310877160,0,31,0,128,0,"[0,0,4,13,5,12,5,12,6,12,6,11,6,11,6,11,7,11,7,10,7,9,8,9,9,9,9,9,9,9,9,9,10,8,10,9,10,9,10,9,10,10,9,10,9,10,9,10,9,10,8,10,7,11,0,0,0,0,0,0,0,0,0,0,0,0,0,0,0,0,0,0,0,0,0,0,6,7,5,8,5,9,5,10,4,11,3,11,3,12,2,13,1,13,1,13,1,13,0,13,0,13,1,12,1,12,1,12,1,12,2,12,2,12,3,12,3,13,3,13,4,13,4,13,4,13,4,12]"
2025-08-18 22:02:06.108419,CSI_DATA,1832,1a:00:00:00:00:00,-51,11,0,0,0,0,0,0,0,0,0,-94,0,1,0,311078304,0,31,0,128,0,"[0,0,-11,-9,-11,-9,-11,-9,-11,-8,-11,-8,-11,-7,-11,-7,-12,-6,-12,-6,-12,-5,-12,-4,-13,-4,-13,-4,-14,-4,-10,-1,-14,-4,-12,-4,-14,-3,-14,-4,-14,-4,-14,-4,-14,-5,-13,-5,-13,-6,-13,-6,-13,-6,0,0,0,0,0,0,0,0,0,0,0,0,0,0,0,0,0,0,0,0,0,0,-9,-4,-10,-5,-10,-6,-10,-7,-10,-7,-10,-9,-9,-9,-9,-10,-9,-11,-8,-11,-8,-11,-8,-11,-8,-11,-8,-11,-8,-11,-7,-10,-8,-10,-8,-10,-9,-10,-9,-10,-9,-10,-10,-10,-10,-9,-11,-9,-11,-9,-11,-9]"
2025-08-18 22:02:06.301680,CSI_DATA,1833,1a:00:00:00:00:00,-52,11,0,0,0,0,0,0,0,0,0,-94,0,1,0,311279490,0,31,0,128,0,"[0,0,12,6,12,5,12,5,12,4,12,4,12,4,12,3,12,2,12,2,12,1,12,1,12,0,13,0,13,0,13,-1,13,-1,13,-1,14,-1,14,0,14,0,14,0,14,1,13,1,13,2,13,2,13,3,0,0,0,0,0,0,0,0,0,0,0,0,0,0,0,0,0,0,0,0,0,0,9,1,10,1,10,2,11,4,11,4,11,5,11,6,11,7,10,7,10,8,10,8,10,8,10,8,9,8,10,8,9,7,10,7,10,7,10,7,11,7,11,6,11,6,12,6,12,6,12,6,13,6]"
2025-08-18 22:02:06.523809,CSI_DATA,1834,1a:00:00:00:00:00,-51,11,0,0,0,0,0,0,0,0,0,-94,0,1,0,311480720,0,31,0,128,0,"[0,0,-9,-10,-9,-10,-9,-10,-9,-9,-10,-9,-10,-9,-10,-8,-10,-8,-10,-7,-11,-7,-11,-6,-11,-6,-12,-5,-12,-6,-12,-5,-12,-5,-13,-5,-13,-6,-13,-6,-13,-6,-13,-6,-12,-7,-12,-7,-12,-7,-11,-7,-11,-8,0,0,0,0,0,0,0,0,0,0,0,0,0,0,0,0,0,0,0,0,0,0,-8,-6,-8,-7,-8,-8,-8,-8,-8,-9,-8,-10,-7,-11,-7,-11,-6,-11,-6,-12,-5,-12,-5,-12,-5,-12,-5,-12,-5,-11,-6,-11,-6,-11,-6,-11,-7,-11,-7,-11,-7,-11,-8,-11,-8,-11,-9,-11,-9,-11,-9,-11]"
2025-08-18 22:02:06.705689,CSI_DATA,1835,1a:00:00:00:00:00,-52,11,0,0,0,0,0,0,0,0,0,-94,0,1,0,311682038,0,31,0,128,0,"[0,0,-5,12,-5,12,-4,12,-4,12,-3,12,-3,12,-3,12,-2,12,-2,11,-1,11,0,12,0,12,1,12,1,12,1,12,1,12,1,13,1,13,1,13,0,13,0,13,0,13,-1,13,-1,13,-2,12,-2,12,0,0,0,0,0,0,0,0,0,0,0,0,0,0,0,0,0,0,0,0,0,0,0,9,-1,9,-2,10,-3,10,-3,10,-4,11,-6,11,-6,11,-6,10,-7,10,-7,10,-8,10,-7,10,-7,10,-7,10,-7,10,-7,10,-6,10,-6,10,-6,11,-6,11,-5,11,-5,12,-5,12,-5,12,-5,12]"
2025-08-18 22:02:06.764513,CSI_DATA,1836,1a:00:00:00:00:00,-51,11,0,0,0,0,0,0,0,0,0,-94,0,1,0,311743875,0,42,0,128,0,"[0,0,3,14,3,13,3,13,3,12,4,12,4,12,5,12,5,11,6,11,6,10,7,10,7,10,8,10,8,10,8,10,8,10,9,10,9,11,9,11,8,11,8,11,7,11,7,11,7,12,6,11,6,12,0,0,0,0,0,0,0,0,0,0,0,0,0,0,0,0,0,0,0,0,0,0,4,8,4,9,4,10,3,11,3,11,2,12,1,13,0,13,0,13,-1,13,-1,13,-1,13,-1,13,-1,13,-1,13,-1,12,0,12,0,12,0,13,1,13,1,13,2,13,2,13,3,14,3,13,3,13]"
2025-08-18 22:02:06.839044,CSI_DATA,1837,1a:00:00:00:00:00,-51,11,0,0,0,0,0,0,0,0,0,-94,0,1,0,311809750,0,31,0,128,0,"[0,0,13,-2,12,-3,12,-3,12,-3,12,-4,11,-4,11,-4,11,-5,11,-5,11,-6,11,-6,10,-7,10,-7,10,-7,10,-8,10,-8,11,-8,11,-8,11,-8,11,-8,12,-7,12,-7,11,-6,12,-6,12,-5,12,-5,0,0,0,0,0,0,0,0,0,0,0,0,0,0,0,0,0,0,0,0,0,0,8,-5,9,-4,10,-4,10,-3,11,-3,12,-2,12,-1,12,-1,13,0,12,1,12,1,12,1,12,1,12,1,12,1,11,1,12,0,11,0,12,0,12,-1,12,-1,12,-1,13,-2,13,-2,13,-2,13,-2]"
2025-08-18 22:02:07.034053,CSI_DATA,1838,1a:00:00:00:00:00,-51,11,0,0,0,0,0,0,0,0,0,-94,0,1,0,312010850,0,31,0,128,0,"[0,0,9,-10,8,-10,8,-10,8,-10,7,-11,7,-10,6,-11,6,-11,5,-11,5,-11,4,-12,4,-12,3,-12,3,-13,3,-13,3,-13,3,-13,4,-13,4,-14,4,-13,4,-14,5,-13,5,-13,5,-13,6,-12,6,-12,0,0,0,0,0,0,0,0,0,0,0,0,0,0,0,0,0,0,0,0,0,0,4,-9,5,-9,6,-9,6,-9,7,-9,9,-9,9,-9,10,-8,10,-8,10,-7,11,-7,11,-7,10,-7,10,-7,10,-7,10,-7,10,-7,9,-8,9,-8,9,-8,9,-8,9,-9,9,-9,9,-10,9,-10,9,-10]"
2025-08-18 22:02:07.241978,CSI_DATA,1839,1a:00:00:00:00:00,-51,11,0,0,0,0,0,0,0,0,0,-94,0,1,0,312211984,0,31,0,128,0,"[0,0,-6,-12,-7,-13,-6,-12,-7,-12,-7,-11,-7,-11,-7,-11,-7,-10,-8,-10,-9,-9,-9,-9,-10,-9,-10,-9,-10,-9,-11,-9,-11,-8,-11,-9,-11,-9,-11,-10,-11,-10,-10,-10,-10,-11,-10,-11,-10,-11,-9,-11,-8,-11,0,0,0,0,0,0,0,0,0,0,0,0,0,0,0,0,0,0,0,0,0,0,-7,-7,-7,-8,-7,-9,-6,-10,-6,-11,-5,-12,-4,-12,-4,-13,-3,-13,-3,-13,-3,-13,-3,-13,-3,-13,-3,-13,-3,-13,-3,-13,-3,-12,-3,-13,-4,-12,-4,-12,-4,-13,-5,-13,-5,-13,-6,-13,-6,-13,-6,-12]"
2025-08-18 22:02:07.444132,CSI_DATA,1840,1a:00:00:00:00:00,-51,11,0,0,0,0,0,0,0,0,0,-94,0,1,0,312413165,0,31,0,128,0,"[0,0,-5,-14,-6,-14,-5,-14,-6,-13,-6,-13,-6,-12,-7,-12,-7,-12,-8,-11,-8,-11,-9,-10,-9,-10,-10,-11,-10,-10,-10,-10,-11,-10,-11,-11,-11,-11,-11,-11,-10,-11,-10,-11,-10,-12,-9,-12,-9,-12,-8,-12,-7,-13,0,0,0,0,0,0,0,0,0,0,0,0,0,0,0,0,0,0,0,0,0,0,-7,-8,-7,-9,-6,-10,-6,-11,-5,-12,-5,-13,-4,-13,-3,-14,-3,-14,-2,-14,-1,-14,-1,-14,-2,-14,-1,-14,-2,-14,-2,-13,-2,-14,-2,-13,-3,-14,-3,-14,-4,-14,-4,-14,-4,-14,-5,-14,-5,-14,-5,-14]"
2025-08-18 22:02:07.638355,CSI_DATA,1841,1a:00:00:00:00:00,-51,11,0,0,0,0,0,0,0,0,0,-94,0,1,0,312614410,0,31,0,128,0,"[0,0,-8,11,-8,11,-8,11,-7,11,-6,11,-6,11,-6,11,-5,11,-4,11,-4,12,-3,12,-2,12,-3,12,-2,12,-2,13,-2,13,-2,14,-2,14,-3,13,-3,13,-3,14,-3,13,-4,13,-4,13,-5,12,-5,12,0,0,0,0,0,0,0,0,0,0,0,0,0,0,0,0,0,0,0,0,0,0,-3,9,-4,9,-5,10,-6,10,-7,10,-8,10,-9,10,-10,10,-10,9,-10,9,-11,8,-11,8,-11,8,-10,8,-10,8,-10,8,-10,8,-10,9,-9,9,-9,9,-9,10,-9,10,-9,10,-8,11,-8,11,-8,11]"
2025-08-18 22:02:07.837728,CSI_DATA,1842,1a:00:00:00:00:00,-51,11,0,0,0,0,0,0,0,0,0,-94,0,1,0,312815748,0,31,0,128,0,"[0,0,13,1,13,1,13,1,13,0,13,0,12,0,12,-1,12,-2,12,-2,12,-3,12,-3,12,-4,12,-4,12,-4,12,-5,12,-5,13,-5,13,-5,13,-4,13,-4,13,-4,13,-3,13,-3,13,-3,13,-2,13,-2,0,0,0,0,0,0,0,0,0,0,0,0,0,0,0,0,0,0,0,0,0,0,9,-3,10,-2,10,-2,11,-1,12,0,12,1,12,2,13,2,12,3,12,4,12,4,12,4,12,4,12,4,11,4,12,4,12,3,12,3,12,3,12,3,12,2,13,2,13,1,13,1,13,1,14,1]"
2025-08-18 22:02:08.053391,CSI_DATA,1843,1a:00:00:00:00:00,-51,11,0,0,0,0,0,0,0,0,0,-94,0,1,0,313016836,0,31,0,128,0,"[0,0,-15,0,-15,0,-14,0,-14,1,-14,1,-14,1,-13,2,-13,2,-13,3,-13,4,-12,4,-12,5,-12,5,-12,5,-13,6,-12,6,-13,6,-13,6,-14,6,-14,5,-14,5,-14,4,-14,4,-14,4,-14,4,-14,3,0,0,0,0,0,0,0,0,0,0,0,0,0,0,0,0,0,0,0,0,0,0,-10,3,-11,2,-12,2,-12,1,-13,0,-13,0,-14,-1,-14,-2,-14,-3,-14,-3,-14,-4,-13,-4,-13,-4,-13,-4,-13,-4,-13,-3,-13,-3,-14,-2,-13,-2,-14,-2,-14,-2,-14,-1,-15,-1,-15,-1,-15,-1,-15,0]"
2025-08-18 22:02:08.242403,CSI_DATA,1844,1a:00:00:00:00:00,-51,11,0,0,0,0,0,0,0,0,0,-94,0,1,0,313217969,0,31,0,128,0,"[0,0,-9,11,-8,11,-7,11,-7,11,-7,11,-6,11,-6,11,-5,11,-5,11,-4,12,-3,12,-3,12,-3,12,-2,12,-2,13,-2,13,-2,14,-2,13,-3,14,-3,14,-3,14,-3,14,-4,13,-4,13,-5,12,-5,12,0,0,0,0,0,0,0,0,0,0,0,0,0,0,0,0,0,0,0,0,0,0,-3,9,-4,9,-5,10,-6,10,-7,10,-8,10,-9,10,-10,9,-10,9,-11,9,-11,8,-11,8,-11,8,-10,8,-10,8,-10,8,-10,9,-9,9,-9,9,-9,10,-9,10,-9,10,-9,11,-9,11,-9,11,-8,11]"
2025-08-18 22:02:08.306356,CSI_DATA,1845,1a:00:00:00:00:00,-51,11,0,0,0,0,0,0,0,0,0,-94,0,1,0,313282540,0,42,0,128,0,"[0,0,-12,8,-11,8,-11,8,-10,9,-10,9,-10,9,-9,9,-8,10,-8,10,-7,10,-7,11,-6,11,-6,11,-6,11,-6,12,-6,12,-6,12,-6,13,-7,13,-7,13,-7,12,-7,12,-7,11,-8,11,-8,11,-9,10,0,0,0,0,0,0,0,0,0,0,0,0,0,0,0,0,0,0,0,0,0,0,-6,8,-7,8,-8,8,-9,8,-10,7,-11,7,-12,7,-12,6,-12,6,-13,5,-13,5,-13,4,-13,4,-12,4,-12,4,-12,5,-12,5,-12,6,-12,6,-12,7,-12,7,-12,7,-12,8,-12,8,-12,8,-12,8]"
2025-08-18 22:02:08.384128,CSI_DATA,1846,1a:00:00:00:00:00,-51,11,0,0,0,0,0,0,0,0,0,-94,0,1,0,313345435,0,31,0,128,0,"[0,0,10,-10,9,-10,9,-10,9,-10,9,-10,8,-10,8,-10,7,-11,6,-11,6,-11,6,-12,5,-12,4,-12,4,-13,4,-13,5,-13,4,-13,5,-14,5,-14,5,-13,6,-14,6,-13,6,-12,6,-13,7,-12,8,-12,0,0,0,0,0,0,0,0,0,0,0,0,0,0,0,0,0,0,0,0,0,0,4,-9,5,-9,6,-9,7,-9,8,-9,10,-9,10,-9,11,-8,11,-8,11,-7,12,-7,12,-6,11,-6,11,-6,11,-7,11,-7,11,-7,10,-7,11,-8,10,-8,10,-8,10,-9,10,-9,10,-10,10,-10,11,-10]"
2025-08-18 22:02:08.776532,CSI_DATA,1847,1a:00:00:00:00:00,-51,11,0,0,0,0,0,0,0,0,0,-94,0,1,0,313546572,0,31,0,128,0,"[0,0,-11,9,-10,9,-10,9,-10,9,-9,9,-9,9,-8,10,-8,10,-7,10,-7,10,-7,11,-6,11,-6,11,-5,11,-5,12,-5,12,-5,13,-5,13,-5,13,-6,13,-6,13,-6,13,-7,12,-7,12,-8,11,-8,11,0,0,0,0,0,0,0,0,0,0,0,0,0,0,0,0,0,0,0,0,0,0,-6,8,-6,8,-7,8,-8,8,-9,8,-10,8,-11,8,-12,7,-12,7,-12,6,-13,5,-13,5,-12,5,-12,5,-12,5,-12,6,-12,6,-11,6,-11,7,-11,7,-11,7,-11,8,-11,8,-11,8,-11,8,-11,9]"
2025-08-18 22:02:08.782785,CSI_DATA,1848,1a:00:00:00:00:00,-51,11,0,0,0,0,0,0,0,0,0,-94,0,1,0,313747705,0,31,0,128,0,"[0,0,-12,-6,-12,-6,-12,-6,-12,-6,-12,-5,-12,-5,-12,-4,-12,-4,-12,-3,-12,-2,-13,-2,-12,-2,-13,-1,-13,-1,-13,0,-13,0,-14,-1,-14,0,-14,0,-14,-1,-14,-1,-14,-1,-14,-2,-13,-2,-13,-3,-13,-3,0,0,0,0,0,0,0,0,0,0,0,0,0,0,0,0,0,0,0,0,0,0,-10,-3,-10,-3,-11,-4,-11,-5,-11,-6,-11,-7,-11,-8,-11,-8,-10,-9,-10,-10,-10,-9,-9,-10,-9,-10,-9,-10,-9,-9,-9,-9,-10,-8,-10,-8,-10,-8,-11,-8,-11,-8,-11,-8,-12,-7,-12,-7,-12,-7,-12,-7]"
2025-08-18 22:02:08.973476,CSI_DATA,1849,1a:00:00:00:00:00,-51,11,0,0,0,0,0,0,0,0,0,-94,0,1,0,313949076,0,31,0,128,0,"[0,0,10,-9,10,-10,9,-10,9,-10,9,-10,8,-10,8,-10,7,-10,7,-11,7,-11,6,-11,6,-12,5,-12,5,-12,5,-13,5,-13,5,-13,5,-13,6,-13,6,-13,6,-13,6,-13,7,-12,7,-12,7,-11,8,-11,0,0,0,0,0,0,0,0,0,0,0,0,0,0,0,0,0,0,0,0,0,0,5,-9,6,-9,7,-9,8,-9,9,-9,10,-8,10,-8,11,-7,11,-7,11,-6,12,-6,12,-5,12,-5,11,-6,11,-6,11,-6,11,-6,11,-7,10,-7,10,-8,10,-8,10,-8,11,-9,10,-9,10,-9,11,-9]"
2025-08-18 22:02:09.172907,CSI_DATA,1850,1a:00:00:00:00:00,-51,11,0,0,0,0,0,0,0,0,0,-94,0,1,0,314150131,0,31,0,128,0,"[0,0,13,-3,12,-4,12,-4,12,-4,12,-5,11,-5,11,-5,11,-6,10,-6,10,-7,9,-8,9,-7,9,-8,9,-9,9,-9,10,-9,9,-9,10,-10,10,-10,11,-9,11,-9,11,-8,10,-8,11,-8,11,-7,11,-7,0,0,0,0,0,0,0,0,0,0,0,0,0,0,0,0,0,0,0,0,0,0,8,-5,9,-5,9,-4,10,-3,11,-3,12,-2,12,-1,12,-1,13,0,12,0,12,1,12,1,12,1,12,1,12,1,12,0,12,0,12,-1,12,-1,12,-1,12,-1,13,-2,13,-3,13,-3,13,-3,13,-3]"
2025-08-18 22:02:09.375114,CSI_DATA,1851,1a:00:00:00:00:00,-51,11,0,0,0,0,0,0,0,0,0,-94,0,1,0,314351329,0,31,0,128,0,"[0,0,11,-7,10,-8,10,-7,10,-8,9,-8,9,-8,8,-9,8,-9,7,-9,7,-10,7,-10,7,-10,6,-11,6,-11,6,-12,6,-12,6,-12,6,-12,7,-12,7,-12,7,-12,7,-11,8,-11,8,-10,8,-10,9,-9,0,0,0,0,0,0,0,0,0,0,0,0,0,0,0,0,0,0,0,0,0,0,6,-7,7,-7,8,-7,8,-7,9,-7,10,-6,11,-6,11,-5,12,-5,12,-4,12,-4,12,-3,12,-3,11,-4,11,-4,11,-4,11,-4,11,-5,11,-5,11,-5,11,-6,11,-6,11,-6,11,-7,11,-7,11,-7]"
2025-08-18 22:02:09.578293,CSI_DATA,1852,1a:00:00:00:00:00,-51,11,0,0,0,0,0,0,0,0,0,-94,0,1,0,314552527,0,31,0,128,0,"[0,0,-13,2,-13,3,-12,3,-12,4,-12,4,-12,4,-12,4,-11,5,-11,5,-10,6,-10,6,-10,7,-10,7,-10,7,-10,8,-10,8,-10,8,-11,8,-11,8,-12,8,-12,7,-12,7,-12,7,-12,7,-12,6,-12,5,0,0,0,0,0,0,0,0,0,0,0,0,0,0,0,0,0,0,0,0,0,0,-8,5,-9,4,-10,3,-11,3,-11,2,-12,2,-13,1,-13,1,-13,0,-13,-1,-13,-1,-13,-1,-13,-1,-13,-1,-12,-1,-12,-1,-13,0,-13,0,-13,0,-13,0,-13,1,-13,1,-13,2,-13,2,-13,2,-13,3]"
2025-08-18 22:02:09.773734,CSI_DATA,1853,1a:00:00:00:00:00,-51,11,0,0,0,0,0,0,0,0,0,-94,0,1,0,314753689,0,31,0,128,0,"[0,0,2,12,2,12,2,12,3,12,3,11,3,11,3,11,4,11,4,10,5,10,5,10,6,10,6,10,7,10,7,10,7,10,7,11,7,10,7,11,7,11,6,11,6,11,5,11,5,11,5,11,4,12,0,0,0,0,0,0,0,0,0,0,0,0,0,0,0,0,0,0,0,0,0,0,4,7,3,8,3,9,2,10,2,11,1,11,0,12,0,12,-1,12,-1,12,-2,12,-2,12,-2,12,-2,12,-2,12,-2,11,-1,11,-1,12,0,12,0,12,0,12,1,12,1,12,1,12,2,12,2,12]"
2025-08-18 22:02:09.844141,CSI_DATA,1854,1a:00:00:00:00:00,-51,11,0,0,0,0,0,0,0,0,0,-94,0,1,0,314815840,0,42,0,128,0,"[0,0,-1,-14,-2,-14,-2,-13,-2,-13,-2,-13,-3,-13,-4,-13,-4,-12,-4,-12,-5,-12,-5,-12,-6,-12,-6,-12,-7,-12,-7,-12,-7,-12,-7,-12,-7,-12,-7,-13,-7,-13,-7,-13,-6,-13,-6,-13,-5,-13,-5,-13,-4,-13,0,0,0,0,0,0,0,0,0,0,0,0,0,0,0,0,0,0,0,0,0,0,-3,-9,-3,-10,-2,-11,-1,-12,-1,-12,0,-13,1,-13,1,-13,2,-13,2,-13,3,-13,3,-13,3,-13,3,-13,3,-12,3,-12,2,-12,2,-12,1,-13,1,-13,0,-13,0,-14,0,-14,0,-14,-1,-14,-1,-14]"
2025-08-18 22:02:10.102037,CSI_DATA,1855,1a:00:00:00:00:00,-51,11,0,0,0,0,0,0,0,0,0,-94,0,1,0,314881847,0,31,0,128,0,"[0,0,-11,8,-11,8,-11,8,-10,8,-10,9,-9,9,-9,9,-8,9,-8,10,-7,10,-7,10,-6,10,-6,11,-6,11,-6,12,-6,12,-6,12,-7,13,-7,12,-7,12,-8,12,-8,12,-8,11,-8,11,-9,10,-9,10,0,0,0,0,0,0,0,0,0,0,0,0,0,0,0,0,0,0,0,0,0,0,-6,7,-7,7,-8,7,-9,7,-10,7,-11,7,-12,6,-12,6,-13,5,-13,5,-13,4,-13,4,-12,4,-12,4,-12,4,-12,4,-12,5,-12,5,-12,6,-12,6,-12,6,-12,7,-11,7,-11,7,-12,8,-11,8]"
2025-08-18 22:02:10.120763,CSI_DATA,1856,1a:00:00:00:00:00,-51,11,0,0,0,0,0,0,0,0,0,-94,0,1,0,315083095,0,31,0,128,0,"[0,0,7,12,7,11,7,11,7,11,8,10,8,10,8,9,8,9,9,8,9,8,9,8,10,7,10,7,11,7,11,7,11,7,12,7,12,7,12,8,11,8,11,8,11,8,10,9,10,9,9,9,9,9,0,0,0,0,0,0,0,0,0,0,0,0,0,0,0,0,0,0,0,0,0,0,7,6,7,7,7,8,7,9,7,10,6,10,5,11,5,12,4,12,4,12,3,12,3,13,3,13,3,12,3,12,3,12,4,12,4,11,4,12,5,12,5,12,6,12,6,11,6,12,7,12,7,12]"
2025-08-18 22:02:10.304257,CSI_DATA,1857,1a:00:00:00:00:00,-51,11,0,0,0,0,0,0,0,0,0,-94,0,1,0,315284211,0,31,0,128,0,"[0,0,1,14,2,13,3,13,3,13,4,13,3,12,4,12,5,12,5,11,5,11,6,11,6,11,7,11,7,11,8,11,8,11,8,11,8,12,8,12,8,12,7,12,7,12,6,12,6,12,5,12,5,12,0,0,0,0,0,0,0,0,0,0,0,0,0,0,0,0,0,0,0,0,0,0,4,8,4,9,3,11,3,11,2,12,1,12,0,13,0,13,-1,13,-2,13,-2,13,-2,13,-2,13,-2,13,-2,13,-2,13,-1,13,-1,12,-1,13,0,13,0,13,1,13,1,14,1,14,1,14,2,14]"
2025-08-18 22:02:10.509770,CSI_DATA,1858,1a:00:00:00:00:00,-52,11,0,0,0,0,0,0,0,0,0,-94,0,1,0,315485466,0,31,0,128,0,"[0,0,-13,6,-13,6,-12,6,-12,6,-11,6,-11,7,-11,7,-10,8,-10,8,-10,8,-10,9,-9,9,-9,9,-8,10,-9,11,-8,10,-9,11,-9,11,-9,11,-9,11,-10,11,-10,10,-10,10,-11,9,-11,9,-11,8,0,0,0,0,0,0,0,0,0,0,0,0,0,0,0,0,0,0,0,0,0,0,-8,6,-9,6,-10,6,-10,5,-11,5,-12,4,-13,4,-13,3,-14,3,-14,2,-14,1,-14,1,-13,1,-13,1,-13,1,-13,2,-13,2,-13,3,-13,3,-13,4,-13,4,-13,4,-13,5,-13,5,-13,5,-13,5]"
2025-08-18 22:02:10.711848,CSI_DATA,1859,1a:00:00:00:00:00,-52,11,0,0,0,0,0,0,0,0,0,-94,0,1,0,315686569,0,31,0,128,0,"[0,0,-10,11,-9,10,-9,10,-8,10,-8,11,-8,11,-7,11,-6,11,-6,11,-5,11,-5,12,-4,12,-4,12,-3,13,-4,13,-4,13,-3,13,-4,14,-4,14,-4,13,-5,13,-5,13,-5,13,-5,13,-6,12,-7,12,0,0,0,0,0,0,0,0,0,0,0,0,0,0,0,0,0,0,0,0,0,0,-4,8,-5,9,-6,9,-7,9,-8,9,-9,9,-10,9,-11,8,-11,8,-11,7,-12,7,-12,7,-12,7,-11,7,-11,7,-11,6,-11,7,-10,7,-11,8,-10,8,-10,9,-10,9,-10,9,-10,10,-10,10,-10,10]"
2025-08-18 22:02:10.832587,CSI_DATA,1860,1a:00:00:00:00:00,-52,11,0,0,0,0,0,0,0,0,0,-94,0,1,0,315807772,0,28,0,128,0,"[0,0,7,-13,5,-13,6,-13,5,-12,5,-13,4,-13,3,-13,3,-13,2,-13,2,-13,2,-13,1,-13,1,-14,0,-14,0,-14,0,-14,0,-14,0,-15,0,-15,0,-15,1,-15,1,-15,1,-14,2,-14,3,-14,3,-14,0,0,0,0,0,0,0,0,0,0,0,0,0,0,0,0,0,0,0,0,0,0,1,-10,2,-11,3,-11,4,-11,5,-11,6,-12,7,-11,7,-11,8,-11,8,-10,9,-10,9,-10,9,-10,8,-10,8,-10,8,-9,8,-10,7,-10,7,-11,7,-11,7,-12,7,-12,7,-12,6,-12,7,-12,7,-13]"
2025-08-18 22:02:10.915468,CSI_DATA,1861,1a:00:00:00:00:00,-52,11,0,0,0,0,0,0,0,0,0,-94,0,1,0,315887725,0,31,0,128,0,"[0,0,-14,-1,-14,-1,-14,-1,-14,0,-14,1,-13,1,-13,1,-13,2,-13,3,-13,3,-12,4,-12,4,-12,4,-13,5,-13,5,-13,6,-13,6,-13,6,-14,6,-14,6,-14,5,-14,5,-13,4,-14,4,-14,4,-14,3,0,0,0,0,0,0,0,0,0,0,0,0,0,0,0,0,0,0,0,0,0,0,-10,2,-11,1,-11,0,-12,0,-12,-1,-13,-2,-14,-3,-14,-3,-14,-4,-13,-4,-13,-5,-13,-5,-13,-5,-13,-5,-13,-5,-13,-4,-13,-4,-13,-3,-13,-3,-14,-3,-14,-2,-14,-2,-14,-2,-14,-2,-14,-2,-14,-1]"
2025-08-18 22:02:11.107568,CSI_DATA,1862,1a:00:00:00:00:00,-51,11,0,0,0,0,0,0,0,0,0,-94,0,1,0,316088914,0,31,0,128,0,"[0,0,12,6,12,6,12,6,12,5,12,5,12,5,12,4,12,3,12,3,12,2,13,2,13,1,13,1,13,1,14,0,14,0,14,1,14,0,14,0,14,1,14,1,14,2,14,3,13,3,13,3,13,4,0,0,0,0,0,0,0,0,0,0,0,0,0,0,0,0,0,0,0,0,0,0,9,1,10,2,11,3,11,4,11,5,11,6,11,7,11,7,11,8,10,9,10,9,9,9,9,9,9,9,9,8,9,8,10,8,10,7,10,7,11,7,11,7,12,7,12,7,12,7,12,7,12,6]"
2025-08-18 22:02:11.323195,CSI_DATA,1863,1a:00:00:00:00:00,-51,11,0,0,0,0,0,0,0,0,0,-94,0,1,0,316290234,0,31,0,128,0,"[0,0,13,-2,12,-2,12,-2,12,-3,12,-3,11,-3,11,-4,11,-4,11,-5,11,-5,11,-6,10,-6,10,-7,10,-7,11,-7,11,-8,11,-7,11,-7,12,-7,12,-7,12,-7,12,-6,12,-6,12,-5,12,-5,12,-4,0,0,0,0,0,0,0,0,0,0,0,0,0,0,0,0,0,0,0,0,0,0,8,-5,9,-4,9,-3,10,-3,11,-2,12,-2,12,-1,12,0,12,0,12,1,12,1,12,2,12,2,12,2,12,1,12,1,12,1,12,0,12,0,12,0,12,0,12,-1,12,-1,13,-1,13,-2,13,-2]"
2025-08-18 22:02:11.379530,CSI_DATA,1864,1a:00:00:00:00:00,-51,11,0,0,0,0,0,0,0,0,0,-94,0,1,0,316351837,0,42,0,128,0,"[0,0,-14,-4,-14,-3,-14,-3,-14,-3,-14,-2,-14,-2,-13,-1,-13,-1,-13,0,-13,1,-13,1,-13,2,-13,2,-14,3,-14,3,-14,3,-14,3,-14,3,-15,3,-15,2,-15,2,-15,1,-14,1,-14,1,-14,1,-14,0,0,0,0,0,0,0,0,0,0,0,0,0,0,0,0,0,0,0,0,0,0,0,-10,0,-11,0,-12,-2,-12,-3,-12,-3,-13,-4,-12,-5,-13,-6,-12,-7,-12,-7,-12,-7,-12,-7,-12,-7,-12,-7,-12,-7,-12,-7,-12,-6,-12,-6,-13,-6,-13,-6,-13,-5,-13,-5,-14,-4,-14,-4,-14,-4,-14,-4]"
2025-08-18 22:02:11.445573,CSI_DATA,1865,1a:00:00:00:00:00,-51,11,0,0,0,0,0,0,0,0,0,-94,0,1,0,316418122,0,31,0,128,0,"[0,0,-11,8,-11,8,-11,8,-11,9,-10,9,-10,9,-9,9,-9,9,-8,10,-7,10,-7,11,-6,11,-6,11,-6,11,-6,12,-6,12,-6,12,-7,13,-7,13,-8,12,-8,12,-8,12,-8,11,-8,11,-9,10,-9,10,0,0,0,0,0,0,0,0,0,0,0,0,0,0,0,0,0,0,0,0,0,0,-6,8,-7,8,-8,8,-9,8,-10,7,-11,7,-12,7,-12,6,-13,6,-12,5,-13,5,-13,5,-13,4,-12,4,-13,4,-12,5,-12,5,-12,6,-12,6,-12,6,-12,6,-12,7,-12,7,-11,8,-12,8,-11,8]"
2025-08-18 22:02:11.650585,CSI_DATA,1866,1a:00:00:00:00:00,-52,11,0,0,0,0,0,0,0,0,0,-94,0,1,0,316619222,0,31,0,128,0,"[0,0,-13,-3,-13,-3,-13,-3,-13,-2,-13,-2,-13,-1,-13,-2,-12,1,-10,0,-9,-2,-14,1,-13,2,-13,2,-13,3,-13,3,-13,3,-13,3,-14,3,-14,3,-14,2,-14,2,-14,2,-13,1,-14,1,-13,0,-14,-1,0,0,0,0,0,0,0,0,0,0,0,0,0,0,0,0,0,0,0,0,0,0,-10,1,-11,0,-11,-1,-11,-2,-12,-2,-12,-3,-12,-4,-12,-5,-12,-5,-12,-6,-12,-6,-12,-6,-12,-7,-11,-6,-11,-6,-11,-6,-12,-6,-12,-5,-12,-5,-12,-5,-12,-5,-13,-5,-13,-4,-13,-4,-13,-4,-13,-4]"
2025-08-18 22:02:11.845899,CSI_DATA,1867,1a:00:00:00:00:00,-52,11,0,0,0,0,0,0,0,0,0,-94,0,1,0,316820716,0,31,0,128,0,"[0,0,-14,4,-13,4,-13,5,-13,5,-12,6,-12,5,-12,6,-11,6,-11,7,-10,7,-10,8,-9,8,-9,9,-9,9,-10,10,-10,10,-10,10,-10,10,-11,10,-11,10,-11,9,-11,9,-11,9,-11,8,-12,8,-12,7,0,0,0,0,0,0,0,0,0,0,0,0,0,0,0,0,0,0,0,0,0,0,-9,5,-10,5,-10,4,-11,4,-12,4,-13,3,-14,2,-14,2,-14,1,-14,0,-14,0,-14,0,-14,0,-13,0,-13,0,-13,0,-13,1,-13,2,-13,2,-14,2,-13,2,-14,3,-14,3,-14,3,-14,4,-13,4]"
2025-08-18 22:02:12.047035,CSI_DATA,1868,1a:00:00:00:00:00,-51,11,0,0,0,0,0,0,0,0,0,-94,0,1,0,317021595,0,31,0,128,0,"[0,0,-15,2,-14,2,-14,2,-14,3,-13,3,-13,4,-13,4,-12,5,-12,5,-12,6,-11,6,-11,7,-11,7,-11,8,-11,8,-11,8,-12,8,-12,8,-13,8,-12,8,-13,8,-13,7,-13,7,-13,6,-13,6,-13,5,0,0,0,0,0,0,0,0,0,0,0,0,0,0,0,0,0,0,0,0,0,0,-9,4,-10,4,-11,3,-12,3,-13,2,-13,1,-14,1,-14,0,-14,-1,-14,-2,-14,-2,-14,-2,-14,-2,-14,-2,-13,-2,-14,-2,-14,-1,-13,0,-14,-1,-14,0,-14,0,-14,0,-14,1,-14,1,-14,2,-14,2]"
2025-08-18 22:02:12.241887,CSI_DATA,1869,1a:00:00:00:00:00,-51,11,0,0,0,0,0,0,0,0,0,-94,0,1,0,317222726,0,31,0,128,0,"[0,0,4,12,5,12,5,12,5,11,6,11,6,10,6,10,7,10,7,9,8,9,8,9,9,8,9,8,9,8,10,8,10,8,10,9,10,8,10,9,10,9,9,9,9,10,9,10,8,10,8,10,7,10,0,0,0,0,0,0,0,0,0,0,0,0,0,0,0,0,0,0,0,0,0,0,6,7,6,7,5,9,5,9,5,10,4,11,3,12,3,12,2,12,2,13,1,13,1,12,1,12,1,12,1,12,1,12,1,12,2,12,3,12,3,12,3,12,3,12,4,12,4,12,5,12,5,12]"
2025-08-18 22:02:12.445712,CSI_DATA,1870,1a:00:00:00:00:00,-51,11,0,0,0,0,0,0,0,0,0,-94,0,1,0,317424130,0,31,0,128,0,"[0,0,13,3,13,2,12,2,13,2,13,1,13,1,12,0,13,-1,12,-1,12,-2,12,-2,12,-2,13,-3,12,-3,13,-4,13,-4,13,-4,13,-4,14,-4,13,-4,14,-3,13,-2,13,-2,13,-1,13,-1,13,0,0,0,0,0,0,0,0,0,0,0,0,0,0,0,0,0,0,0,0,0,0,0,9,-1,10,-1,11,0,11,1,12,2,12,2,12,3,12,4,12,5,12,5,11,6,11,6,11,6,11,6,11,6,11,6,11,5,12,5,11,4,12,4,12,4,13,3,13,3,13,4,13,4,13,2]"
2025-08-18 22:02:12.656471,CSI_DATA,1871,1a:00:00:00:00:00,-52,11,0,0,0,0,0,0,0,0,0,-94,0,1,0,317625166,0,31,0,128,0,"[0,0,-11,-10,-10,-9,-11,-10,-10,-9,-11,-9,-11,-8,-11,-8,-11,-7,-12,-6,-12,-5,-12,-5,-13,-5,-13,-5,-14,-5,-13,-4,-14,-4,-14,-4,-14,-5,-14,-5,-14,-5,-14,-5,-14,-6,-13,-6,-13,-6,-13,-6,-13,-7,0,0,0,0,0,0,0,0,0,0,0,0,0,0,0,0,0,0,0,0,0,0,-9,-4,-10,-6,-10,-7,-10,-8,-10,-8,-10,-10,-9,-10,-9,-11,-8,-11,-8,-11,-8,-12,-7,-12,-8,-12,-7,-12,-7,-12,-7,-11,-8,-11,-8,-10,-9,-11,-9,-11,-9,-11,-10,-11,-10,-10,-10,-10,-11,-10,-11,-10]"
2025-08-18 22:02:12.856445,CSI_DATA,1872,1a:00:00:00:00:00,-52,11,0,0,0,0,0,0,0,0,0,-94,0,1,0,317826321,0,31,0,128,0,"[0,0,2,-14,1,-14,1,-14,1,-14,0,-14,0,-13,-1,-13,-2,-13,-1,-13,-3,-13,-3,-13,-4,-13,-4,-13,-4,-13,-4,-13,-5,-13,-5,-14,-5,-14,-5,-14,-4,-14,-4,-14,-4,-15,-3,-14,-3,-14,-2,-14,-1,-14,0,0,0,0,0,0,0,0,0,0,0,0,0,0,0,0,0,0,0,0,0,0,-2,-10,-2,-11,-1,-12,0,-12,1,-13,1,-13,3,-13,3,-13,4,-13,4,-13,5,-13,5,-13,5,-13,5,-12,4,-12,4,-12,4,-12,4,-13,3,-13,3,-13,3,-13,2,-14,2,-14,2,-14,2,-14,2,-14]"
2025-08-18 22:02:12.911194,CSI_DATA,1873,1a:00:00:00:00:00,-52,11,0,0,0,0,0,0,0,0,0,-94,0,1,0,317887834,0,42,0,128,0,"[0,0,13,-2,13,-2,13,-3,13,-3,13,-4,12,-4,12,-4,12,-5,11,-5,11,-6,11,-6,11,-7,10,-7,11,-8,11,-8,11,-8,11,-8,11,-8,12,-8,12,-8,12,-8,12,-7,12,-7,12,-6,13,-6,13,-5,0,0,0,0,0,0,0,0,0,0,0,0,0,0,0,0,0,0,0,0,0,0,8,-5,9,-4,10,-4,11,-3,11,-3,12,-2,13,-1,13,0,13,0,13,1,13,1,13,2,13,2,12,2,12,2,12,1,12,1,12,0,13,0,13,0,13,-1,13,-1,13,-1,13,-1,13,-1,14,-2]"
2025-08-18 22:02:12.982150,CSI_DATA,1874,1a:00:00:00:00:00,-52,11,0,0,0,0,0,0,0,0,0,-94,0,1,0,317953906,0,31,0,128,0,"[0,0,-14,-5,-13,-5,-13,-4,-13,-4,-14,-3,-13,-3,-13,-2,-13,-2,-13,-1,-13,0,-13,0,-13,1,-13,1,-13,1,-14,2,-14,2,-14,2,-14,2,-15,2,-15,2,-15,1,-15,1,-14,0,-14,0,-14,-1,-14,-1,0,0,0,0,0,0,0,0,0,0,0,0,0,0,0,0,0,0,0,0,0,0,-10,-1,-11,-2,-11,-3,-12,-3,-12,-4,-12,-5,-12,-6,-12,-6,-12,-7,-12,-8,-12,-8,-11,-8,-11,-8,-11,-8,-11,-8,-11,-7,-11,-7,-12,-7,-12,-7,-12,-6,-12,-6,-13,-6,-13,-5,-13,-6,-13,-5,-14,-5]"
2025-08-18 22:02:13.186018,CSI_DATA,1875,1a:00:00:00:00:00,-52,11,0,0,0,0,0,0,0,0,0,-94,0,1,0,318154984,0,31,0,128,0,"[0,0,-2,13,-1,13,-1,13,-1,13,0,13,0,12,0,12,1,12,1,12,2,11,3,12,3,12,4,12,4,12,4,12,4,12,4,12,4,13,4,13,4,13,3,13,3,13,3,13,2,13,2,13,1,13,0,0,0,0,0,0,0,0,0,0,0,0,0,0,0,0,0,0,0,0,0,0,2,9,1,10,1,10,0,11,-1,12,-2,12,-2,12,-3,13,-4,13,-4,12,-5,12,-5,12,-5,12,-5,12,-5,12,-5,11,-4,12,-4,12,-4,12,-3,12,-3,13,-3,13,-2,13,-2,13,-2,13,-2,13]"
2025-08-18 22:02:13.380109,CSI_DATA,1876,1a:00:00:00:00:00,-52,11,0,0,0,0,0,0,0,0,0,-94,0,1,0,318356187,0,31,0,128,0,"[0,0,-12,7,-11,7,-11,7,-11,7,-11,8,-10,8,-10,8,-9,8,-9,9,-8,9,-8,9,-7,10,-7,10,-7,10,-7,11,-7,11,-7,11,-8,12,-8,11,-8,11,-8,11,-8,11,-9,10,-9,10,-9,9,-10,9,0,0,0,0,0,0,0,0,0,0,0,0,0,0,0,0,0,0,0,0,0,0,-7,7,-8,7,-9,7,-9,6,-10,6,-11,6,-12,5,-13,5,-13,5,-13,4,-12,1,-15,3,-13,2,-13,3,-13,3,-12,3,-12,4,-12,4,-12,5,-12,5,-12,5,-12,6,-12,6,-12,6,-12,7,-12,7]"
2025-08-18 22:02:13.584552,CSI_DATA,1877,1a:00:00:00:00:00,-51,11,0,0,0,0,0,0,0,0,0,-94,0,1,0,318557556,0,31,0,128,0,"[0,0,3,-14,2,-14,2,-14,2,-14,1,-14,0,-14,0,-13,-1,-13,-1,-13,-1,-13,-2,-13,-3,-13,-3,-13,-4,-13,-4,-14,-4,-14,-4,-14,-4,-14,-4,-14,-3,-15,-3,-15,-3,-15,-2,-15,-2,-14,-1,-14,0,-14,0,0,0,0,0,0,0,0,0,0,0,0,0,0,0,0,0,0,0,0,0,0,-1,-10,0,-11,0,-12,2,-13,3,-13,3,-13,4,-13,4,-13,5,-13,5,-13,6,-12,6,-12,6,-12,6,-12,6,-12,6,-12,5,-12,5,-12,4,-13,4,-13,4,-13,3,-14,3,-14,3,-14,3,-14,3,-14]"
2025-08-18 22:02:13.782421,CSI_DATA,1878,1a:00:00:00:00:00,-51,11,0,0,0,0,0,0,0,0,0,-94,0,1,0,318758620,0,31,0,128,0,"[0,0,-11,8,-10,8,-10,8,-10,8,-9,8,-9,8,-9,8,-8,9,-8,9,-7,10,-7,10,-6,10,-6,10,-6,11,-6,11,-6,11,-6,12,-6,12,-7,12,-7,12,-7,12,-8,11,-7,11,-8,11,-8,10,-9,10,0,0,0,0,0,0,0,0,0,0,0,0,0,0,0,0,0,0,0,0,0,0,-5,7,-6,7,-7,7,-9,7,-9,7,-10,7,-11,6,-12,6,-12,5,-12,5,-12,5,-12,4,-12,5,-12,4,-12,4,-12,5,-12,5,-11,6,-12,5,-11,6,-11,6,-11,6,-11,7,-11,7,-11,8,-11,8]"
2025-08-18 22:02:13.986283,CSI_DATA,1879,1a:00:00:00:00:00,-51,11,0,0,0,0,0,0,0,0,0,-94,0,1,0,318959746,0,31,0,128,0,"[0,0,2,-14,1,-14,1,-13,1,-14,0,-13,0,-13,-1,-13,-1,-13,-2,-13,-2,-13,-3,-13,-4,-13,-4,-13,-5,-13,-5,-13,-5,-13,-5,-14,-5,-13,-5,-14,-4,-14,-4,-14,-4,-14,-3,-14,-3,-14,-2,-14,-2,-14,0,0,0,0,0,0,0,0,0,0,0,0,0,0,0,0,0,0,0,0,0,0,-2,-10,-1,-11,0,-11,1,-12,2,-13,3,-13,3,-13,4,-13,5,-13,5,-13,6,-12,6,-12,5,-12,5,-12,5,-12,5,-12,4,-12,4,-12,3,-13,4,-13,3,-13,3,-13,2,-14,2,-14,2,-14,2,-14]"
2025-08-18 22:02:14.190096,CSI_DATA,1880,1a:00:00:00:00:00,-51,11,0,0,0,0,0,0,0,0,0,-94,0,1,0,319160913,0,31,0,128,0,"[0,0,-3,-13,-3,-13,-4,-13,-4,-13,-4,-13,-4,-12,-5,-12,-5,-12,-6,-11,-6,-11,-7,-11,-8,-11,-8,-10,-8,-10,-9,-10,-9,-10,-9,-11,-9,-11,-9,-11,-8,-12,-8,-12,-8,-12,-8,-12,-7,-12,-7,-12,-6,-12,0,0,0,0,0,0,0,0,0,0,0,0,0,0,0,0,0,0,0,0,0,0,-5,-9,-4,-10,-4,-11,-3,-11,-3,-12,-2,-13,-1,-13,0,-13,0,-13,1,-13,1,-13,1,-13,1,-13,1,-13,1,-13,1,-13,0,-13,0,-13,-1,-13,-1,-13,-1,-13,-1,-13,-2,-14,-2,-14,-2,-13,-2,-13]"
2025-08-18 22:02:14.394451,CSI_DATA,1881,1a:00:00:00:00:00,-51,11,0,0,0,0,0,0,0,0,0,-94,0,1,0,319362082,0,31,0,128,0,"[0,0,-11,8,-10,7,-10,8,-10,8,-9,8,-9,8,-9,8,-8,9,-8,9,-7,9,-7,9,-6,10,-6,10,-6,11,-6,11,-6,11,-6,11,-6,12,-6,12,-7,11,-7,11,-7,11,-7,10,-8,10,-8,10,-9,9,0,0,0,0,0,0,0,0,0,0,0,0,0,0,0,0,0,0,0,0,0,0,-6,7,-7,7,-7,7,-8,7,-9,7,-10,6,-11,6,-11,6,-12,5,-12,5,-12,4,-12,4,-12,4,-12,4,-12,4,-12,4,-12,4,-11,5,-11,5,-11,6,-11,6,-11,6,-11,7,-11,7,-11,7,-11,7]"
2025-08-18 22:02:14.452109,CSI_DATA,1882,1a:00:00:00:00:00,-51,11,0,0,0,0,0,0,0,0,0,-94,0,1,0,319423801,0,42,0,128,0,"[0,0,10,-10,9,-10,9,-9,9,-10,8,-10,7,-10,7,-10,6,-10,6,-11,6,-11,5,-11,4,-11,4,-12,4,-12,4,-13,4,-13,4,-13,5,-13,5,-13,5,-13,6,-13,6,-13,6,-12,6,-12,7,-11,7,-11,0,0,0,0,0,0,0,0,0,0,0,0,0,0,0,0,0,0,0,0,0,0,4,-9,5,-9,6,-9,6,-9,8,-9,9,-9,9,-8,10,-8,10,-8,11,-7,11,-6,11,-6,11,-6,11,-6,10,-6,10,-7,10,-7,10,-7,10,-7,10,-8,10,-8,10,-8,10,-9,10,-9,10,-9,10,-9]"
2025-08-18 22:02:14.508003,CSI_DATA,1883,1a:00:00:00:00:00,-51,11,0,0,0,0,0,0,0,0,0,-94,0,1,0,319489833,0,31,0,128,0,"[0,0,11,8,11,8,11,8,11,7,11,7,11,6,11,6,11,5,11,5,11,4,12,3,12,3,12,3,13,3,13,3,13,2,13,3,13,3,14,3,13,3,13,4,13,4,12,4,12,5,12,5,12,6,0,0,0,0,0,0,0,0,0,0,0,0,0,0,0,0,0,0,0,0,0,0,9,2,9,3,9,5,10,5,10,6,10,7,9,8,9,9,9,9,8,10,8,10,8,10,8,10,8,10,8,10,8,10,8,9,8,9,9,9,9,9,9,9,10,9,10,8,10,8,11,9,11,8]"
2025-08-18 22:02:14.726109,CSI_DATA,1884,1a:00:00:00:00:00,-52,11,0,0,0,0,0,0,0,0,0,-94,0,1,0,319690923,0,31,0,128,0,"[0,0,-13,7,-12,7,-12,7,-11,8,-11,8,-11,8,-10,8,-10,9,-9,9,-9,9,-8,10,-8,10,-8,10,-7,11,-7,11,-7,12,-7,12,-8,12,-8,12,-8,12,-9,11,-9,11,-9,10,-9,10,-9,10,-10,9,0,0,0,0,0,0,0,0,0,0,0,0,0,0,0,0,0,0,0,0,0,0,-7,7,-8,7,-9,7,-10,6,-11,6,-12,6,-13,5,-13,5,-13,4,-13,3,-14,3,-14,3,-13,3,-13,3,-13,3,-13,3,-13,4,-13,4,-13,4,-12,5,-13,5,-13,6,-13,6,-13,6,-12,7,-13,7]"
2025-08-18 22:02:14.915951,CSI_DATA,1885,1a:00:00:00:00:00,-52,11,0,0,0,0,0,0,0,0,0,-94,0,1,0,319892047,0,31,0,128,0,"[0,0,13,-3,13,-3,12,-3,13,-4,12,-4,12,-5,11,-5,11,-6,11,-6,11,-6,11,-7,10,-7,10,-8,10,-8,10,-9,10,-9,11,-9,11,-9,11,-9,11,-9,12,-9,12,-8,12,-7,12,-7,12,-6,12,-6,0,0,0,0,0,0,0,0,0,0,0,0,0,0,0,0,0,0,0,0,0,0,8,-5,9,-5,10,-4,10,-3,11,-3,12,-2,13,-2,13,-1,13,-1,13,0,13,1,13,2,13,1,12,1,12,1,12,1,12,0,12,-1,12,-1,13,-1,12,-2,13,-2,13,-2,13,-2,13,-2,14,-2]"
2025-08-18 22:02:15.121508,CSI_DATA,1886,1a:00:00:00:00:00,-51,11,0,0,0,0,0,0,0,0,0,-94,0,1,0,320093199,0,31,0,128,0,"[0,0,-2,-14,-2,-14,-2,-14,-2,-14,-3,-14,-4,-13,-4,-13,-4,-13,-5,-12,-5,-12,-6,-12,-7,-12,-7,-12,-7,-12,-8,-12,-8,-12,-8,-13,-8,-13,-8,-13,-8,-13,-7,-13,-7,-13,-6,-14,-6,-14,-5,-13,-4,-14,0,0,0,0,0,0,0,0,0,0,0,0,0,0,0,0,0,0,0,0,0,0,-5,-9,-4,-10,-4,-11,-3,-12,-2,-13,-2,-13,-1,-14,0,-14,0,-14,1,-14,2,-14,2,-13,2,-14,2,-13,1,-13,1,-13,1,-13,1,-13,0,-14,0,-14,-1,-14,-1,-14,-1,-14,-1,-14,-1,-14,-1,-14]"
2025-08-18 22:02:15.318824,CSI_DATA,1887,1a:00:00:00:00:00,-52,11,0,0,0,0,0,0,0,0,0,-94,0,1,0,320294356,0,31,0,128,0,"[0,0,13,-5,12,-5,11,-6,12,-6,11,-7,11,-7,10,-7,11,-7,10,-8,9,-9,9,-9,9,-9,9,-10,8,-10,9,-10,9,-11,9,-11,10,-11,10,-11,10,-10,11,-10,10,-9,10,-9,10,-9,10,-8,11,-8,0,0,0,0,0,0,0,0,0,0,0,0,0,0,0,0,0,0,0,0,0,0,7,-7,7,-7,8,-7,9,-6,10,-6,11,-6,12,-5,13,-4,13,-4,13,-3,13,-3,13,-2,13,-2,12,-2,12,-2,12,-3,12,-3,12,-3,12,-4,12,-4,12,-4,12,-4,12,-5,13,-5,13,-5,13,-6]"
2025-08-18 22:02:15.514376,CSI_DATA,1888,1a:00:00:00:00:00,-51,11,0,0,0,0,0,0,0,0,0,-94,0,1,0,320495616,0,31,0,128,0,"[0,0,9,10,9,10,9,9,10,9,10,8,9,8,10,8,10,7,10,6,11,6,11,5,11,5,12,5,12,5,12,5,12,4,13,5,12,5,13,5,13,6,12,6,12,6,12,7,11,7,11,7,11,8,0,0,0,0,0,0,0,0,0,0,0,0,0,0,0,0,0,0,0,0,0,0,8,4,8,5,9,6,8,7,9,8,8,8,8,10,7,10,7,11,6,11,6,11,6,11,6,11,6,11,6,11,6,11,6,10,7,10,7,10,7,10,8,10,8,10,9,10,9,10,9,10,9,9]"
2025-08-18 22:02:15.723783,CSI_DATA,1889,1a:00:00:00:00:00,-51,11,0,0,0,0,0,0,0,0,0,-94,0,1,0,320696956,0,31,0,128,0,"[0,0,-15,0,-14,0,-15,0,-14,1,-14,1,-14,2,-13,2,-13,2,-13,3,-13,4,-12,4,-12,5,-12,5,-13,6,-13,6,-13,6,-13,6,-14,6,-14,6,-14,6,-14,5,-14,5,-13,4,-14,4,-14,4,-14,3,0,0,0,0,0,0,0,0,0,0,0,0,0,0,0,0,0,0,0,0,0,0,-10,3,-11,2,-11,1,-12,1,-12,0,-13,0,-14,-1,-14,-2,-14,-3,-13,-3,-14,-4,-13,-4,-13,-4,-13,-4,-13,-4,-13,-3,-13,-3,-13,-2,-14,-2,-13,-2,-14,-1,-14,-1,-14,-1,-14,0,-15,0,-15,0]"
2025-08-18 22:02:15.921036,CSI_DATA,1890,1a:00:00:00:00:00,-51,11,0,0,0,0,0,0,0,0,0,-94,0,1,0,320898022,0,31,0,128,0,"[0,0,1,13,2,13,2,12,2,13,3,13,2,12,4,11,4,11,4,10,3,8,2,10,5,10,6,11,6,11,7,10,7,11,7,11,7,11,7,12,7,12,7,12,6,12,6,13,5,12,4,12,4,12,0,0,0,0,0,0,0,0,0,0,0,0,0,0,0,0,0,0,0,0,0,0,4,8,3,9,3,10,2,10,2,11,1,12,0,13,-1,12,-1,13,-2,12,-3,13,-3,12,-3,12,-2,12,-2,12,-2,12,-2,12,-1,12,-1,12,0,12,0,13,0,13,0,13,1,13,1,13,1,13]"
2025-08-18 22:02:15.977877,CSI_DATA,1891,1a:00:00:00:00:00,-51,11,0,0,0,0,0,0,0,0,0,-94,0,1,0,320959892,0,42,0,128,0,"[0,0,7,10,7,10,7,10,8,9,8,9,8,8,8,8,9,7,9,7,10,6,10,6,10,6,11,6,11,5,11,5,11,5,12,5,12,5,12,6,12,6,12,6,11,7,11,7,10,8,10,7,10,8,0,0,0,0,0,0,0,0,0,0,0,0,0,0,0,0,0,0,0,0,0,0,7,5,7,6,7,7,7,8,7,9,6,9,6,10,5,11,5,11,4,12,4,11,3,12,4,12,4,11,4,11,4,11,4,10,5,11,5,10,5,11,6,10,6,11,7,10,7,10,7,11,7,10]"
2025-08-18 22:02:16.053591,CSI_DATA,1892,1a:00:00:00:00:00,-51,11,0,0,0,0,0,0,0,0,0,-94,0,1,0,321025986,0,31,0,128,0,"[0,0,-14,-4,-14,-4,-14,-4,-14,-3,-14,-3,-14,-2,-14,-2,-13,-1,-13,0,-13,0,-14,1,-13,1,-13,2,-14,2,-14,3,-14,3,-15,3,-15,3,-15,3,-15,2,-15,2,-15,1,-15,1,-15,0,-15,0,-14,-1,0,0,0,0,0,0,0,0,0,0,0,0,0,0,0,0,0,0,0,0,0,0,-10,0,-11,-1,-11,-2,-12,-3,-12,-4,-13,-5,-13,-5,-13,-6,-13,-7,-12,-8,-12,-8,-12,-8,-12,-8,-11,-8,-11,-7,-12,-7,-12,-7,-12,-6,-12,-6,-13,-6,-13,-6,-13,-5,-14,-5,-14,-5,-14,-5,-14,-4]"
2025-08-18 22:02:16.252810,CSI_DATA,1893,1a:00:00:00:00:00,-51,11,0,0,0,0,0,0,0,0,0,-94,0,1,0,321227061,0,31,0,128,0,"[0,0,4,-13,3,-14,3,-14,3,-14,2,-14,2,-13,1,-13,0,-13,0,-13,0,-13,-1,-13,-2,-13,-2,-14,-3,-14,-3,-14,-3,-14,-3,-14,-3,-15,-3,-15,-2,-15,-2,-15,-2,-15,-1,-15,-1,-15,0,-14,1,-15,0,0,0,0,0,0,0,0,0,0,0,0,0,0,0,0,0,0,0,0,0,0,0,-10,1,-11,1,-11,2,-12,3,-12,4,-13,5,-13,6,-13,6,-12,7,-12,8,-12,8,-11,7,-11,7,-11,7,-11,7,-11,6,-12,6,-12,6,-12,5,-12,5,-13,5,-13,5,-13,4,-13,4,-14,4,-14]"
2025-08-18 22:02:16.459534,CSI_DATA,1894,1a:00:00:00:00:00,-51,11,0,0,0,0,0,0,0,0,0,-94,0,1,0,321428327,0,31,0,128,0,"[0,0,-5,11,-5,12,-4,11,-4,11,-3,11,-3,11,-3,11,-2,11,-2,11,-1,11,0,11,0,11,1,11,1,12,1,12,1,12,1,13,1,13,1,13,0,13,0,13,0,13,-1,13,-1,13,-1,12,-2,12,0,0,0,0,0,0,0,0,0,0,0,0,0,0,0,0,0,0,0,0,0,0,-1,8,-2,9,-3,9,-4,10,-4,10,-6,10,-7,10,-7,10,-8,10,-8,9,-8,9,-8,9,-8,9,-8,9,-8,9,-8,9,-7,9,-7,9,-7,10,-7,10,-6,10,-6,11,-6,11,-6,11,-5,11,-5,11]"
2025-08-18 22:02:16.653732,CSI_DATA,1895,1a:00:00:00:00:00,-51,11,0,0,0,0,0,0,0,0,0,-94,0,1,0,321629419,0,31,0,128,0,"[0,0,-13,6,-13,6,-12,6,-12,7,-12,7,-11,7,-11,7,-11,7,-10,8,-10,8,-9,9,-9,9,-9,10,-9,10,-9,11,-9,11,-9,11,-10,11,-10,11,-10,10,-10,10,-11,10,-11,9,-11,9,-11,8,-11,8,0,0,0,0,0,0,0,0,0,0,0,0,0,0,0,0,0,0,0,0,0,0,-7,7,-8,7,-9,7,-10,6,-11,6,-12,5,-13,5,-13,4,-14,4,-13,3,-14,3,-14,2,-13,2,-13,2,-13,2,-13,3,-13,3,-13,4,-13,4,-13,4,-13,4,-13,5,-13,5,-13,6,-13,6,-13,6]"
2025-08-18 22:02:16.855166,CSI_DATA,1896,1a:00:00:00:00:00,-51,11,0,0,0,0,0,0,0,0,0,-94,0,1,0,321830763,0,31,0,128,0,"[0,0,13,-7,12,-7,11,-7,11,-7,11,-8,11,-7,10,-8,10,-8,10,-8,9,-10,9,-10,8,-10,8,-11,8,-11,8,-11,8,-11,9,-11,9,-11,9,-11,10,-11,10,-11,10,-10,10,-10,10,-10,10,-9,11,-9,0,0,0,0,0,0,0,0,0,0,0,0,0,0,0,0,0,0,0,0,0,0,6,-8,7,-8,8,-8,9,-7,10,-7,11,-7,12,-6,12,-5,13,-5,12,-4,13,-4,12,-4,12,-4,12,-4,12,-3,12,-4,12,-4,12,-5,12,-5,12,-5,12,-5,12,-5,12,-6,12,-7,12,-7,12,-7]"
2025-08-18 22:02:17.060800,CSI_DATA,1897,1a:00:00:00:00:00,-51,11,0,0,0,0,0,0,0,0,0,-94,0,1,0,322031912,0,31,0,128,0,"[0,0,-2,-14,-3,-14,-3,-13,-3,-13,-4,-13,-4,-13,-5,-12,-5,-12,-5,-11,-6,-11,-6,-11,-7,-11,-7,-11,-8,-11,-8,-11,-8,-11,-9,-11,-9,-12,-9,-12,-9,-12,-8,-12,-8,-12,-7,-12,-7,-12,-6,-12,-6,-13,0,0,0,0,0,0,0,0,0,0,0,0,0,0,0,0,0,0,0,0,0,0,-4,-9,-4,-10,-4,-11,-3,-12,-3,-12,-2,-13,-1,-13,0,-13,1,-14,1,-14,1,-13,2,-13,2,-13,1,-13,1,-13,1,-13,1,-13,0,-13,0,-13,-1,-13,-1,-13,-1,-14,-2,-14,-2,-14,-2,-14,-2,-14]"
2025-08-18 22:02:17.251713,CSI_DATA,1898,1a:00:00:00:00:00,-51,11,0,0,0,0,0,0,0,0,0,-94,0,1,0,322233034,0,31,0,128,0,"[0,0,6,12,6,12,6,11,6,11,7,10,7,10,7,10,8,10,8,9,8,9,9,8,9,8,10,8,10,8,10,8,10,7,11,8,10,8,11,9,10,9,10,9,10,10,10,10,9,10,9,10,8,10,0,0,0,0,0,0,0,0,0,0,0,0,0,0,0,0,0,0,0,0,0,0,7,6,7,7,7,8,6,9,7,10,6,10,5,11,5,12,4,12,4,12,3,12,3,12,3,12,3,12,3,12,3,12,3,12,4,12,4,12,4,12,4,12,5,12,5,12,6,12,6,12,6,12]"
2025-08-18 22:02:17.458325,CSI_DATA,1899,1a:00:00:00:00:00,-51,11,0,0,0,0,0,0,0,0,0,-94,0,1,0,322434273,0,31,0,128,0,"[0,0,8,11,8,10,8,10,8,10,8,9,9,9,9,8,9,8,9,7,10,7,10,7,10,6,11,6,11,6,11,6,12,6,12,6,12,6,12,6,12,6,12,7,12,7,11,7,11,8,10,8,10,8,0,0,0,0,0,0,0,0,0,0,0,0,0,0,0,0,0,0,0,0,0,0,7,5,7,6,7,7,7,8,7,9,6,10,6,11,6,11,5,12,4,12,4,12,3,12,4,12,4,12,4,12,4,11,5,11,5,11,5,11,6,11,6,11,7,11,7,11,7,11,7,12,8,11]"
2025-08-18 22:02:17.519840,CSI_DATA,1900,1a:00:00:00:00:00,-52,11,0,0,0,0,0,0,0,0,0,-94,0,1,0,322495820,0,42,0,128,0,"[0,0,13,-3,13,-3,12,-3,13,-4,12,-5,12,-5,12,-5,11,-5,11,-6,11,-7,11,-7,10,-8,10,-8,10,-8,11,-9,10,-9,11,-9,11,-9,11,-9,11,-9,11,-8,12,-8,12,-8,12,-7,12,-7,12,-6,0,0,0,0,0,0,0,0,0,0,0,0,0,0,0,0,0,0,0,0,0,0,8,-6,9,-5,10,-5,10,-4,11,-4,12,-3,13,-2,13,-2,13,-1,13,0,13,0,13,1,13,1,12,1,12,0,13,0,12,0,13,-1,12,-1,13,-2,13,-2,13,-2,14,-3,13,-2,13,-3,13,-3]"
2025-08-18 22:02:17.586132,CSI_DATA,1901,1a:00:00:00:00:00,-51,11,0,0,0,0,0,0,0,0,0,-94,0,1,0,322561503,0,31,0,128,0,"[0,0,13,-4,13,-4,12,-4,12,-5,12,-6,11,-6,11,-6,11,-6,11,-7,10,-8,10,-8,9,-8,9,-9,9,-9,10,-10,10,-10,10,-10,10,-10,10,-10,11,-10,11,-10,11,-9,11,-9,11,-8,11,-8,12,-7,0,0,0,0,0,0,0,0,0,0,0,0,0,0,0,0,0,0,0,0,0,0,8,-6,9,-5,9,-5,10,-4,11,-4,12,-4,12,-3,13,-2,13,-1,13,-1,13,0,13,0,13,0,13,0,12,0,12,0,12,-1,12,-1,12,-2,12,-2,12,-2,13,-3,13,-3,13,-3,13,-4,13,-4]"
2025-08-18 22:02:17.792376,CSI_DATA,1902,1a:00:00:00:00:00,-52,11,0,0,0,0,0,0,0,0,0,-94,0,1,0,322762560,0,31,0,128,0,"[0,0,-10,-11,-10,-11,-10,-11,-10,-10,-10,-10,-10,-9,-10,-9,-11,-8,-11,-8,-11,-7,-12,-7,-12,-6,-12,-6,-13,-6,-13,-6,-13,-6,-13,-6,-14,-6,-14,-6,-13,-7,-13,-7,-13,-7,-13,-7,-12,-8,-12,-8,-11,-9,0,0,0,0,0,0,0,0,0,0,0,0,0,0,0,0,0,0,0,0,0,0,-9,-5,-9,-6,-9,-8,-9,-8,-9,-9,-8,-10,-8,-11,-8,-12,-7,-12,-7,-12,-6,-13,-6,-12,-6,-13,-6,-12,-6,-12,-6,-12,-7,-12,-7,-11,-7,-12,-8,-12,-8,-11,-8,-11,-9,-11,-10,-11,-10,-11,-9,-11]"
2025-08-18 22:02:17.993821,CSI_DATA,1903,1a:00:00:00:00:00,-52,11,0,0,0,0,0,0,0,0,0,-94,0,1,0,322963886,0,31,0,128,0,"[0,0,-10,10,-10,10,-10,10,-9,10,-9,10,-8,10,-8,10,-7,11,-7,11,-6,11,-6,11,-5,11,-5,12,-5,12,-5,12,-5,13,-5,13,-5,13,-6,13,-6,13,-7,13,-7,12,-7,12,-7,12,-7,11,-8,11,0,0,0,0,0,0,0,0,0,0,0,0,0,0,0,0,0,0,0,0,0,0,-4,9,-5,9,-6,9,-7,9,-8,9,-9,9,-10,8,-11,8,-11,8,-12,7,-12,7,-12,7,-12,7,-11,6,-11,7,-11,6,-11,7,-11,7,-11,8,-11,8,-11,8,-10,8,-10,9,-10,9,-10,10,-10,10]"
2025-08-18 22:02:18.193430,CSI_DATA,1904,1a:00:00:00:00:00,-51,11,0,0,0,0,0,0,0,0,0,-94,0,1,0,323165019,0,31,0,128,0,"[0,0,-14,-3,-14,-3,-14,-3,-14,-2,-14,-2,-14,-2,-14,-1,-13,-1,-13,1,-13,1,-13,2,-13,2,-13,3,-13,3,-14,4,-14,4,-14,4,-15,4,-15,4,-15,3,-15,3,-15,2,-15,2,-14,1,-14,1,-14,0,0,0,0,0,0,0,0,0,0,0,0,0,0,0,0,0,0,0,0,0,0,0,-10,0,-11,0,-11,-1,-12,-2,-13,-3,-13,-4,-13,-5,-13,-6,-13,-6,-13,-7,-12,-7,-12,-7,-12,-7,-12,-7,-12,-7,-12,-6,-12,-6,-12,-6,-13,-5,-13,-5,-13,-5,-14,-5,-14,-4,-14,-4,-14,-4,-14,-4]"
2025-08-18 22:02:18.387040,CSI_DATA,1905,1a:00:00:00:00:00,-51,11,0,0,0,0,0,0,0,0,0,-94,0,1,0,323366181,0,31,0,128,0,"[0,0,1,13,2,13,2,12,3,12,3,12,3,12,4,11,5,11,5,11,5,10,6,10,7,10,7,10,7,10,7,10,7,10,8,11,8,10,7,11,8,11,7,12,6,12,7,12,6,12,5,12,5,12,0,0,0,0,0,0,0,0,0,0,0,0,0,0,0,0,0,0,0,0,0,0,4,8,4,9,3,10,3,10,2,11,1,12,1,12,0,13,-1,13,-1,13,-1,13,-2,13,-1,13,-1,12,-1,12,-1,12,-1,12,-1,12,0,12,0,12,1,13,1,13,1,13,2,13,2,13,2,13]"
2025-08-18 22:02:18.595808,CSI_DATA,1906,1a:00:00:00:00:00,-51,11,0,0,0,0,0,0,0,0,0,-94,0,1,0,323569229,0,31,0,128,0,"[0,0,2,-14,1,-14,1,-14,0,-14,0,-14,-1,-13,-1,-13,-2,-13,-2,-13,-3,-13,-4,-13,-4,-13,-5,-13,-5,-13,-5,-13,-5,-14,-5,-14,-5,-14,-5,-14,-5,-14,-5,-14,-4,-14,-4,-14,-4,-14,-3,-14,-2,-14,0,0,0,0,0,0,0,0,0,0,0,0,0,0,0,0,0,0,0,0,0,0,-2,-10,-1,-11,0,-11,0,-12,1,-12,2,-13,3,-13,4,-13,5,-13,5,-13,5,-13,5,-13,5,-12,5,-12,5,-12,5,-12,5,-13,4,-12,4,-13,3,-13,3,-13,3,-14,2,-14,2,-14,2,-14,2,-14]"
2025-08-18 22:02:18.795157,CSI_DATA,1907,1a:00:00:00:00:00,-51,11,0,0,0,0,0,0,0,0,0,-94,0,1,0,323768534,0,31,0,128,0,"[0,0,-15,0,-14,0,-14,0,-14,1,-14,1,-13,1,-13,2,-13,3,-13,3,-13,4,-12,4,-12,5,-13,5,-12,6,-13,6,-13,6,-13,6,-14,6,-14,6,-14,6,-14,5,-14,5,-14,4,-14,4,-14,3,-14,3,0,0,0,0,0,0,0,0,0,0,0,0,0,0,0,0,0,0,0,0,0,0,-9,3,-11,3,-11,2,-12,1,-13,0,-13,0,-14,-1,-14,-2,-14,-3,-14,-3,-14,-3,-13,-4,-13,-4,-13,-4,-13,-4,-13,-3,-13,-3,-13,-2,-14,-2,-14,-2,-14,-2,-14,-1,-14,-1,-14,0,-14,-1,-15,0]"
2025-08-18 22:02:18.997119,CSI_DATA,1908,1a:00:00:00:00:00,-51,11,0,0,0,0,0,0,0,0,0,-94,0,1,0,323969681,0,31,0,128,0,"[0,0,1,-13,1,-13,1,-13,0,-13,0,-13,-1,-12,-1,-13,-2,-13,-2,-12,-3,-12,-3,-12,-3,-12,-4,-12,-5,-12,-5,-12,-5,-13,-5,-13,-5,-13,-5,-13,-4,-13,-4,-13,-4,-13,-3,-13,-3,-13,-2,-13,-1,-13,0,0,0,0,0,0,0,0,0,0,0,0,0,0,0,0,0,0,0,0,0,0,-2,-9,-2,-10,-1,-11,0,-11,0,-12,1,-12,2,-12,3,-13,3,-12,4,-12,4,-12,4,-12,4,-12,4,-12,4,-12,4,-11,4,-12,3,-12,3,-12,2,-12,2,-12,2,-13,2,-13,2,-13,1,-13,2,-13]"
2025-08-18 22:02:19.059120,CSI_DATA,1909,1a:00:00:00:00:00,-52,11,0,0,0,0,0,0,0,0,0,-94,0,1,0,324034505,0,42,0,128,0,"[0,0,-9,11,-8,11,-8,11,-7,12,-7,12,-6,12,-6,12,-5,12,-5,12,-5,12,-4,12,-4,12,-3,13,-3,13,-3,13,-3,13,-3,14,-3,14,-3,14,-3,14,-4,14,-4,14,-5,13,-5,13,-6,12,-6,12,0,0,0,0,0,0,0,0,0,0,0,0,0,0,0,0,0,0,0,0,0,0,-3,9,-4,10,-5,10,-6,10,-7,10,-8,10,-9,10,-9,10,-10,10,-11,9,-11,8,-11,8,-11,8,-11,8,-10,8,-10,8,-10,9,-10,9,-10,9,-9,10,-9,10,-9,10,-9,11,-9,11,-9,11,-9,11]"
2025-08-18 22:02:19.126305,CSI_DATA,1910,1a:00:00:00:00:00,-51,11,0,0,0,0,0,0,0,0,0,-94,0,1,0,324097869,0,31,0,128,0,"[0,0,-2,-14,-2,-14,-2,-14,-3,-13,-3,-14,-3,-13,-4,-13,-4,-13,-5,-12,-5,-12,-6,-12,-7,-12,-7,-12,-8,-12,-7,-11,-8,-12,-8,-12,-8,-12,-7,-13,-7,-13,-7,-13,-6,-13,-6,-13,-6,-13,-5,-13,-5,-13,0,0,0,0,0,0,0,0,0,0,0,0,0,0,0,0,0,0,0,0,0,0,-4,-9,-4,-10,-3,-11,-3,-12,-2,-12,-1,-13,0,-13,0,-14,1,-14,1,-14,1,-13,2,-13,2,-14,1,-13,2,-13,1,-13,1,-13,1,-13,0,-14,0,-14,0,-14,0,-14,-1,-14,-2,-14,-2,-14,-2,-14]"
2025-08-18 22:02:19.324299,CSI_DATA,1911,1a:00:00:00:00:00,-52,11,0,0,0,0,0,0,0,0,0,-94,0,1,0,324298918,0,31,0,128,0,"[0,0,-14,4,-13,4,-13,4,-13,5,-12,5,-12,6,-12,6,-11,6,-11,7,-11,8,-10,8,-10,8,-10,8,-10,9,-10,10,-10,9,-10,10,-10,10,-11,10,-11,10,-11,9,-11,9,-11,9,-11,8,-12,7,-12,7,0,0,0,0,0,0,0,0,0,0,0,0,0,0,0,0,0,0,0,0,0,0,-9,5,-9,5,-10,5,-11,4,-12,4,-13,3,-13,3,-14,2,-14,2,-14,1,-14,0,-14,0,-14,0,-13,0,-13,0,-13,1,-13,1,-13,1,-13,2,-13,2,-13,3,-14,3,-14,3,-14,3,-14,4,-14,4]"
2025-08-18 22:02:19.535228,CSI_DATA,1912,1a:00:00:00:00:00,-52,11,0,0,0,0,0,0,0,0,0,-94,0,1,0,324500135,0,31,0,128,0,"[0,0,5,-13,4,-13,4,-13,4,-13,3,-13,3,-13,2,-13,1,-13,1,-13,1,-13,0,-13,-1,-13,-1,-13,-1,-14,-1,-14,-1,-14,-1,-15,-1,-14,-1,-15,-1,-15,0,-15,0,-15,0,-15,1,-14,1,-14,2,-14,0,0,0,0,0,0,0,0,0,0,0,0,0,0,0,0,0,0,0,0,0,0,0,-10,0,-11,1,-11,2,-12,3,-12,4,-12,5,-12,6,-12,7,-12,7,-12,7,-11,7,-11,7,-11,7,-11,7,-11,7,-11,7,-11,6,-11,6,-12,6,-12,5,-12,5,-13,5,-13,5,-13,5,-13,5,-14]"
2025-08-18 22:02:19.927881,CSI_DATA,1913,1a:00:00:00:00:00,-52,11,0,0,0,0,0,0,0,0,0,-94,0,1,0,324701250,0,31,0,128,0,"[0,0,-12,8,-11,9,-11,8,-11,9,-10,9,-9,9,-9,9,-9,9,-8,10,-8,10,-7,10,-7,11,-7,11,-6,11,-6,12,-6,12,-7,12,-7,12,-7,12,-7,12,-8,12,-8,12,-8,11,-8,11,-9,10,-10,10,0,0,0,0,0,0,0,0,0,0,0,0,0,0,0,0,0,0,0,0,0,0,-5,8,-6,8,-7,8,-8,8,-9,8,-10,8,-11,7,-11,7,-12,6,-12,6,-13,5,-13,5,-12,5,-12,5,-12,5,-12,5,-12,5,-12,6,-11,6,-11,6,-11,7,-12,7,-12,8,-11,8,-11,8,-11,8]"
2025-08-18 22:02:19.934337,CSI_DATA,1914,1a:00:00:00:00:00,-52,11,0,0,0,0,0,0,0,0,0,-94,0,1,0,324902416,0,31,0,128,0,"[0,0,4,-14,3,-13,3,-14,3,-13,2,-14,2,-13,2,-13,1,-13,1,-13,0,-13,0,-13,-1,-13,-1,-14,-2,-14,-2,-14,-2,-14,-2,-14,-2,-14,-2,-15,-1,-15,-2,-15,-1,-15,0,-14,0,-14,1,-14,1,-14,0,0,0,0,0,0,0,0,0,0,0,0,0,0,0,0,0,0,0,0,0,0,-1,-10,0,-11,1,-11,2,-12,3,-12,4,-13,5,-13,6,-12,6,-12,6,-12,7,-12,7,-11,7,-11,7,-11,7,-11,6,-11,6,-12,5,-12,5,-12,5,-12,5,-12,5,-13,5,-13,5,-14,5,-13,5,-14]"
2025-08-18 22:02:20.127969,CSI_DATA,1915,1a:00:00:00:00:00,-51,11,0,0,0,0,0,0,0,0,0,-94,0,1,0,325103553,0,31,0,128,0,"[0,0,-14,4,-13,4,-13,4,-13,5,-12,5,-12,5,-12,5,-11,6,-11,7,-11,7,-11,8,-10,8,-10,8,-10,9,-10,9,-10,9,-10,9,-11,10,-11,10,-11,9,-11,9,-12,8,-12,8,-12,8,-12,7,-12,7,0,0,0,0,0,0,0,0,0,0,0,0,0,0,0,0,0,0,0,0,0,0,-9,5,-10,5,-10,5,-11,4,-12,4,-13,3,-13,2,-14,2,-14,1,-14,1,-14,0,-14,0,-14,0,-13,0,-14,0,-13,1,-13,1,-13,1,-13,1,-13,2,-14,2,-14,3,-14,3,-14,3,-14,4,-14,4]"
2025-08-18 22:02:20.331148,CSI_DATA,1916,1a:00:00:00:00:00,-51,11,0,0,0,0,0,0,0,0,0,-94,0,1,0,325304947,0,31,0,128,0,"[0,0,2,-14,2,-14,1,-14,1,-14,0,-14,0,-14,0,-14,-1,-13,-2,-13,-2,-13,-3,-13,-4,-13,-4,-13,-4,-14,-4,-13,-4,-14,-5,-14,-4,-14,-4,-15,-4,-14,-4,-15,-3,-15,-3,-15,-2,-15,-2,-14,-1,-14,0,0,0,0,0,0,0,0,0,0,0,0,0,0,0,0,0,0,0,0,0,0,-2,-10,-1,-11,0,-12,0,-12,1,-13,2,-13,3,-13,4,-13,4,-13,5,-13,5,-13,5,-12,5,-13,5,-12,5,-12,5,-12,4,-13,4,-12,4,-13,3,-13,3,-14,3,-14,2,-14,2,-14,2,-14,2,-15]"
2025-08-18 22:02:20.527253,CSI_DATA,1917,1a:00:00:00:00:00,-51,11,0,0,0,0,0,0,0,0,0,-94,0,1,0,325506055,0,31,0,128,0,"[0,0,13,3,13,2,13,2,13,2,13,1,13,1,12,0,12,0,12,-1,12,-1,12,-2,12,-3,12,-3,13,-3,13,-4,13,-4,13,-4,14,-4,14,-4,14,-3,14,-3,14,-2,14,-2,14,-1,14,-1,14,0,0,0,0,0,0,0,0,0,0,0,0,0,0,0,0,0,0,0,0,0,0,0,9,-1,10,0,10,1,11,2,11,2,12,3,12,4,12,5,12,5,11,6,11,6,11,7,11,6,11,6,11,6,11,5,11,5,11,5,12,5,12,5,12,5,12,4,13,4,13,4,13,4,13,3]"
2025-08-18 22:02:20.596548,CSI_DATA,1918,1a:00:00:00:00:00,-51,11,0,0,0,0,0,0,0,0,0,-94,0,1,0,325567819,0,42,0,128,0,"[0,0,-3,-14,-4,-14,-4,-14,-4,-14,-5,-14,-5,-13,-6,-12,-7,-12,-7,-12,-7,-11,-7,-11,-6,-10,-9,-12,-9,-11,-9,-11,-10,-11,-9,-11,-10,-12,-10,-12,-8,-14,-9,-12,-9,-12,-8,-13,-10,-13,-7,-13,-7,-13,0,0,0,0,0,0,0,0,0,0,0,0,0,0,0,0,0,0,0,0,0,0,-5,-9,-4,-10,-4,-11,-4,-12,-3,-12,-2,-13,-1,-14,-1,-14,0,-14,0,-14,1,-14,1,-14,1,-14,1,-14,1,-13,1,-13,0,-13,0,-13,-2,-14,-1,-14,-2,-14,-2,-14,-2,-13,-3,-14,-3,-14,-3,-14]"
2025-08-18 22:02:20.656949,CSI_DATA,1919,1a:00:00:00:00:00,-51,11,0,0,0,0,0,0,0,0,0,-94,0,1,0,325633945,0,31,0,128,0,"[0,0,13,-2,13,-3,13,-3,13,-3,13,-4,12,-4,12,-5,11,-5,11,-5,11,-6,11,-7,10,-7,11,-7,11,-8,11,-8,11,-9,11,-9,12,-9,12,-9,12,-9,12,-8,12,-8,12,-7,12,-6,12,-6,13,-5,0,0,0,0,0,0,0,0,0,0,0,0,0,0,0,0,0,0,0,0,0,0,8,-5,9,-5,10,-4,11,-4,11,-3,12,-2,13,-2,13,-1,13,0,13,1,13,1,13,1,13,1,12,1,13,1,12,1,12,0,12,0,13,0,13,-1,13,-1,13,-1,13,-2,13,-2,13,-2,14,-3]"
2025-08-18 22:02:20.859342,CSI_DATA,1920,1a:00:00:00:00:00,-51,11,0,0,0,0,0,0,0,0,0,-94,0,1,0,325835035,0,31,0,128,0,"[0,0,11,-9,10,-9,10,-10,10,-10,9,-10,8,-10,8,-10,7,-10,7,-11,7,-11,6,-12,5,-12,5,-12,5,-13,5,-13,5,-13,5,-14,5,-14,6,-14,6,-14,6,-14,6,-13,6,-13,7,-13,7,-12,8,-12,0,0,0,0,0,0,0,0,0,0,0,0,0,0,0,0,0,0,0,0,0,0,5,-8,6,-9,7,-8,8,-8,9,-8,10,-8,11,-7,12,-7,12,-6,12,-5,12,-5,12,-5,12,-5,12,-5,12,-5,12,-5,11,-6,11,-6,11,-7,11,-7,11,-7,11,-8,11,-8,11,-8,11,-8,11,-9]"
2025-08-18 22:02:21.063276,CSI_DATA,1921,1a:00:00:00:00:00,-51,11,0,0,0,0,0,0,0,0,0,-94,0,1,0,326036166,0,31,0,128,0,"[0,0,1,-13,0,-14,0,-13,0,-13,-1,-13,-1,-13,-2,-13,-2,-12,-3,-12,-3,-12,-4,-12,-5,-12,-5,-12,-5,-12,-6,-12,-6,-12,-6,-13,-5,-13,-5,-13,-6,-13,-5,-14,-5,-14,-4,-14,-4,-14,-3,-13,-2,-13,0,0,0,0,0,0,0,0,0,0,0,0,0,0,0,0,0,0,0,0,0,0,-2,-10,-2,-10,-1,-11,0,-11,0,-12,1,-12,2,-13,3,-13,3,-13,4,-12,5,-12,5,-12,5,-12,4,-13,5,-14,4,-12,3,-12,3,-13,3,-13,2,-13,2,-13,2,-13,2,-13,1,-13,1,-13,1,-13]"
2025-08-18 22:02:21.261347,CSI_DATA,1922,1a:00:00:00:00:00,-51,11,0,0,0,0,0,0,0,0,0,-94,0,1,0,326237342,0,31,0,128,0,"[0,0,12,-6,12,-6,11,-6,11,-7,11,-7,10,-7,10,-8,10,-8,9,-9,9,-9,8,-9,8,-10,8,-10,8,-10,6,-10,6,-13,8,-10,8,-11,8,-12,8,-12,9,-11,9,-11,9,-10,9,-10,10,-9,10,-9,0,0,0,0,0,0,0,0,0,0,0,0,0,0,0,0,0,0,0,0,0,0,7,-6,8,-6,9,-6,10,-5,11,-5,12,-4,12,-4,12,-3,13,-3,13,-2,13,-2,12,-1,12,-1,12,-2,12,-2,12,-2,12,-3,12,-3,12,-3,12,-4,12,-4,12,-5,12,-5,12,-5,12,-5,13,-6]"
2025-08-18 22:02:21.468910,CSI_DATA,1923,1a:00:00:00:00:00,-51,11,0,0,0,0,0,0,0,0,0,-94,0,1,0,326438686,0,31,0,128,0,"[0,0,-10,-11,-10,-11,-10,-10,-10,-10,-10,-10,-10,-9,-10,-9,-11,-9,-11,-8,-11,-7,-11,-7,-12,-6,-12,-6,-12,-6,-13,-6,-13,-6,-13,-6,-13,-6,-13,-7,-13,-7,-13,-7,-13,-8,-12,-8,-12,-8,-12,-8,-11,-9,0,0,0,0,0,0,0,0,0,0,0,0,0,0,0,0,0,0,0,0,0,0,-9,-5,-9,-6,-9,-8,-9,-8,-9,-9,-9,-10,-8,-11,-8,-12,-7,-12,-7,-12,-7,-12,-6,-12,-6,-12,-6,-12,-6,-12,-6,-12,-7,-11,-7,-11,-8,-11,-8,-12,-8,-11,-9,-12,-9,-11,-9,-11,-10,-11,-9,-11]"
2025-08-18 22:02:21.660876,CSI_DATA,1924,1a:00:00:00:00:00,-52,11,0,0,0,0,0,0,0,0,0,-94,0,1,0,326639788,0,31,0,128,0,"[0,0,13,3,13,3,13,3,13,2,13,2,12,2,12,1,12,0,12,0,12,-1,12,-2,12,-2,12,-2,13,-3,13,-3,13,-3,13,-3,13,-3,14,-3,14,-2,14,-2,14,-1,13,-1,14,-1,13,-1,13,0,0,0,0,0,0,0,0,0,0,0,0,0,0,0,0,0,0,0,0,0,0,0,9,-1,10,0,10,1,11,2,11,2,12,3,11,5,12,5,11,6,11,6,11,6,11,6,11,7,11,6,11,6,10,6,11,6,11,5,11,5,11,5,12,5,12,5,12,4,13,4,13,4,13,3]"
2025-08-18 22:02:21.859453,CSI_DATA,1925,1a:00:00:00:00:00,-51,11,0,0,0,0,0,0,0,0,0,-94,0,1,0,326840918,0,31,0,128,0,"[0,0,4,13,5,12,5,12,5,12,6,11,6,11,6,10,7,10,7,9,7,9,8,9,8,9,8,9,9,9,10,8,10,9,10,9,10,9,10,9,10,9,9,9,9,10,9,10,8,11,8,11,7,11,0,0,0,0,0,0,0,0,0,0,0,0,0,0,0,0,0,0,0,0,0,0,5,7,5,8,5,9,4,10,4,11,4,11,3,12,2,12,2,13,1,13,0,13,0,13,0,13,0,13,1,12,1,12,1,12,2,12,2,12,3,12,3,12,4,13,3,13,4,13,4,13,4,13]"
2025-08-18 22:02:22.068406,CSI_DATA,1926,1a:00:00:00:00:00,-52,11,0,0,0,0,0,0,0,0,0,-94,0,1,0,327042073,0,31,0,128,0,"[0,0,-14,1,-14,1,-14,1,-13,1,-14,2,-13,2,-13,2,-12,3,-12,4,-12,4,-12,5,-12,5,-12,5,-12,6,-12,6,-12,7,-12,6,-13,7,-13,7,-13,6,-13,6,-13,5,-13,5,-14,5,-13,4,-14,3,0,0,0,0,0,0,0,0,0,0,0,0,0,0,0,0,0,0,0,0,0,0,-9,3,-11,3,-11,2,-12,1,-12,1,-13,0,-14,-1,-14,-1,-14,-2,-13,-3,-13,-3,-13,-3,-13,-4,-13,-3,-13,-3,-13,-3,-13,-3,-13,-2,-13,-2,-13,-1,-14,-1,-14,-1,-14,0,-14,0,-14,0,-14,0]"
2025-08-18 22:02:22.123584,CSI_DATA,1927,1a:00:00:00:00:00,-52,11,0,0,0,0,0,0,0,0,0,-94,0,1,0,327105296,0,42,0,128,0,"[0,0,10,9,10,8,10,8,10,8,10,7,10,7,10,6,10,6,11,5,11,5,11,4,11,4,12,4,12,4,13,3,13,3,13,4,13,4,13,4,13,4,13,5,13,5,12,6,12,5,12,6,11,7,0,0,0,0,0,0,0,0,0,0,0,0,0,0,0,0,0,0,0,0,0,0,9,3,9,4,9,5,9,6,9,7,9,8,9,9,8,9,8,10,7,10,7,10,7,10,7,10,7,10,7,10,7,10,7,10,8,9,8,9,8,9,8,9,9,9,9,9,10,9,10,9,10,9]"
2025-08-18 22:02:22.192543,CSI_DATA,1928,1a:00:00:00:00:00,-52,11,0,0,0,0,0,0,0,0,0,-94,0,1,0,327170076,0,31,0,128,0,"[0,0,14,0,13,0,13,0,13,-1,13,-1,12,-2,12,-2,12,-2,12,-3,12,-4,12,-4,11,-5,12,-5,12,-6,12,-6,12,-6,12,-6,12,-7,13,-6,13,-6,13,-6,13,-5,13,-5,13,-4,13,-4,13,-3,0,0,0,0,0,0,0,0,0,0,0,0,0,0,0,0,0,0,0,0,0,0,9,-3,10,-2,10,-1,11,-1,11,0,12,1,12,2,12,2,13,3,12,4,12,4,12,4,12,4,12,4,12,4,11,3,12,3,12,3,12,2,12,2,12,2,13,1,13,1,13,1,13,1,14,1]"
2025-08-18 22:02:22.395780,CSI_DATA,1929,1a:00:00:00:00:00,-51,11,0,0,0,0,0,0,0,0,0,-94,0,1,0,327371178,0,31,0,128,0,"[0,0,7,-13,6,-13,5,-13,5,-12,5,-13,4,-13,4,-13,3,-13,3,-13,2,-13,1,-13,0,-13,0,-13,0,-14,0,-14,0,-15,0,-14,0,-15,1,-15,1,-15,1,-15,2,-15,1,-14,2,-14,2,-14,3,-14,0,0,0,0,0,0,0,0,0,0,0,0,0,0,0,0,0,0,0,0,0,0,1,-10,2,-11,3,-10,4,-11,5,-11,6,-12,7,-11,8,-11,8,-11,8,-10,9,-10,9,-10,9,-10,8,-10,9,-10,8,-9,8,-10,8,-10,7,-11,7,-11,7,-11,7,-12,6,-12,7,-13,6,-13,6,-13]"
2025-08-18 22:02:22.602616,CSI_DATA,1930,1a:00:00:00:00:00,-51,11,0,0,0,0,0,0,0,0,0,-94,0,1,0,327572560,0,31,0,128,0,"[0,0,-9,-11,-10,-11,-9,-11,-10,-10,-10,-10,-10,-9,-10,-9,-11,-8,-11,-8,-11,-7,-11,-7,-12,-7,-12,-7,-13,-6,-13,-6,-13,-6,-14,-7,-14,-6,-14,-6,-14,-6,-13,-7,-13,-7,-12,-8,-12,-9,-12,-8,-11,-9,0,0,0,0,0,0,0,0,0,0,0,0,0,0,0,0,0,0,0,0,0,0,-8,-6,-8,-7,-9,-8,-8,-9,-8,-10,-8,-11,-8,-12,-7,-12,-7,-12,-6,-13,-5,-13,-5,-13,-5,-13,-5,-13,-5,-13,-6,-12,-6,-12,-6,-12,-7,-12,-8,-12,-8,-12,-8,-12,-8,-12,-9,-12,-9,-12,-9,-12]"
2025-08-18 22:02:22.798353,CSI_DATA,1931,1a:00:00:00:00:00,-51,11,0,0,0,0,0,0,0,0,0,-94,0,1,0,327773605,0,31,0,128,0,"[0,0,-10,10,-9,10,-9,10,-9,10,-8,10,-8,10,-7,11,-7,11,-6,11,-6,11,-5,11,-5,12,-5,12,-4,12,-4,13,-4,13,-4,14,-5,14,-5,14,-5,14,-5,13,-5,13,-6,13,-7,12,-7,12,-8,12,0,0,0,0,0,0,0,0,0,0,0,0,0,0,0,0,0,0,0,0,0,0,-4,9,-5,9,-6,9,-7,9,-8,9,-9,9,-10,9,-11,8,-11,8,-12,7,-12,7,-12,6,-12,7,-12,6,-11,7,-11,7,-11,7,-11,8,-10,8,-10,8,-10,9,-10,9,-11,9,-10,9,-10,10,-10,10]"
2025-08-18 22:02:23.003413,CSI_DATA,1932,1a:00:00:00:00:00,-51,11,0,0,0,0,0,0,0,0,0,-94,0,1,0,327974764,0,31,0,128,0,"[0,0,-11,-8,-11,-8,-11,-8,-11,-7,-11,-7,-11,-6,-11,-6,-11,-5,-12,-4,-12,-4,-12,-4,-12,-3,-12,-3,-13,-3,-13,-2,-13,-2,-14,-2,-13,-2,-14,-3,-14,-3,-13,-3,-14,-4,-13,-4,-13,-4,-13,-5,-12,-5,0,0,0,0,0,0,0,0,0,0,0,0,0,0,0,0,0,0,0,0,0,0,-9,-4,-9,-5,-9,-6,-9,-6,-10,-7,-9,-8,-9,-9,-9,-10,-8,-10,-8,-11,-8,-10,-7,-11,-8,-11,-7,-10,-7,-10,-8,-10,-8,-10,-8,-10,-9,-10,-9,-9,-9,-9,-9,-9,-10,-9,-10,-9,-10,-9,-10,-9]"
2025-08-18 22:02:23.200874,CSI_DATA,1933,1a:00:00:00:00:00,-51,11,0,0,0,0,0,0,0,0,0,-94,0,1,0,328175900,0,31,0,128,0,"[0,0,-13,6,-13,6,-12,5,-13,6,-12,6,-12,7,-11,7,-10,7,-10,8,-10,9,-9,9,-9,9,-9,10,-8,10,-9,11,-9,11,-9,11,-10,11,-10,11,-10,11,-10,11,-10,10,-10,10,-11,9,-11,9,-12,8,0,0,0,0,0,0,0,0,0,0,0,0,0,0,0,0,0,0,0,0,0,0,-8,6,-9,6,-10,6,-10,5,-12,5,-12,5,-13,4,-13,3,-14,3,-14,2,-14,1,-14,1,-14,1,-13,1,-13,1,-13,2,-13,2,-13,3,-13,3,-13,3,-13,4,-13,4,-14,4,-13,5,-13,5,-13,5]"
2025-08-18 22:02:23.467715,CSI_DATA,1934,1a:00:00:00:00:00,-51,11,0,0,0,0,0,0,0,0,0,-94,0,1,0,328377135,0,31,0,128,0,"[0,0,-12,8,-11,7,-11,8,-10,8,-10,8,-10,8,-9,9,-8,9,-9,9,-8,10,-7,10,-7,10,-6,11,-7,11,-7,11,-7,12,-7,12,-7,12,-8,12,-7,12,-8,12,-8,11,-8,11,-8,11,-8,10,-9,10,0,0,0,0,0,0,0,0,0,0,0,0,0,0,0,0,0,0,0,0,0,0,-6,7,-7,7,-8,7,-9,7,-10,7,-11,6,-12,6,-12,5,-13,5,-13,4,-13,4,-13,4,-16,5,-13,4,-11,6,-10,4,-12,5,-12,5,-12,5,-12,5,-12,6,-12,6,-12,7,-12,7,-12,7,-12,8]"
2025-08-18 22:02:23.602815,CSI_DATA,1935,1a:00:00:00:00:00,-51,11,0,0,0,0,0,0,0,0,0,-94,0,1,0,328578340,0,31,0,128,0,"[0,0,-8,12,-8,12,-7,11,-7,12,-6,12,-6,12,-6,11,-5,12,-5,12,-4,12,-3,12,-3,12,-2,13,-2,12,-2,13,-2,13,-2,14,-2,13,-3,14,-3,14,-3,14,-4,13,-4,13,-4,13,-5,12,-5,12,0,0,0,0,0,0,0,0,0,0,0,0,0,0,0,0,0,0,0,0,0,0,-3,9,-3,10,-5,11,-6,9,-7,10,-8,10,-9,10,-9,10,-10,10,-10,9,-10,9,-10,9,-10,9,-10,9,-9,9,-10,9,-9,9,-9,9,-9,9,-9,10,-8,11,-8,11,-8,11,-8,12,-8,11,-8,11]"
2025-08-18 22:02:23.682784,CSI_DATA,1936,1a:00:00:00:00:00,-51,11,0,0,0,0,0,0,0,0,0,-94,0,1,0,328639783,0,42,0,128,0,"[0,0,-8,-12,-8,-12,-8,-12,-8,-12,-9,-11,-9,-11,-9,-10,-9,-10,-10,-9,-10,-9,-10,-9,-11,-8,-11,-8,-12,-8,-12,-8,-12,-8,-12,-8,-12,-8,-12,-9,-12,-9,-12,-9,-11,-10,-11,-10,-10,-10,-10,-10,-9,-10,0,0,0,0,0,0,0,0,0,0,0,0,0,0,0,0,0,0,0,0,0,0,-8,-6,-8,-7,-8,-9,-8,-9,-8,-10,-8,-11,-7,-12,-6,-12,-6,-13,-5,-13,-5,-13,-5,-13,-5,-13,-5,-13,-5,-13,-5,-13,-5,-12,-6,-12,-6,-13,-6,-13,-7,-13,-7,-13,-8,-13,-7,-13,-8,-13,-8,-12]"
2025-08-18 22:02:23.737450,CSI_DATA,1937,1a:00:00:00:00:00,-51,11,0,0,0,0,0,0,0,0,0,-94,0,1,0,328707206,0,31,0,128,0,"[0,0,-9,-11,-10,-11,-10,-11,-10,-10,-10,-10,-10,-10,-10,-10,-10,-9,-11,-8,-11,-7,-11,-7,-12,-7,-12,-7,-12,-7,-13,-6,-13,-6,-13,-7,-13,-7,-13,-7,-13,-7,-13,-8,-12,-8,-12,-8,-12,-8,-11,-8,-11,-9,0,0,0,0,0,0,0,0,0,0,0,0,0,0,0,0,0,0,0,0,0,0,-9,-5,-9,-6,-9,-8,-9,-8,-9,-9,-9,-10,-8,-11,-8,-12,-7,-12,-7,-13,-6,-12,-6,-12,-6,-12,-6,-12,-6,-12,-6,-12,-7,-12,-7,-12,-7,-12,-8,-12,-8,-12,-8,-12,-9,-11,-9,-11,-10,-11,-10,-11]"
2025-08-18 22:02:23.928768,CSI_DATA,1938,1a:00:00:00:00:00,-51,11,0,0,0,0,0,0,0,0,0,-94,0,1,0,328908272,0,31,0,128,0,"[0,0,13,4,12,3,12,3,13,3,13,2,12,2,12,2,12,1,12,0,12,-1,12,-1,12,-2,12,-2,13,-2,13,-3,13,-3,13,-2,14,-3,14,-2,14,-2,14,-1,14,-1,13,-1,13,0,13,0,13,1,0,0,0,0,0,0,0,0,0,0,0,0,0,0,0,0,0,0,0,0,0,0,9,-1,10,0,10,1,11,2,11,3,12,4,11,5,12,5,11,6,11,6,11,6,10,7,11,7,11,6,10,6,10,6,11,6,11,5,11,5,11,5,11,5,12,5,12,4,13,4,12,4,13,4]"
2025-08-18 22:02:24.138453,CSI_DATA,1939,1a:00:00:00:00:00,-52,11,0,0,0,0,0,0,0,0,0,-94,0,1,0,329110502,0,31,0,128,0,"[0,0,-14,-4,-14,-4,-14,-4,-13,-3,-13,-3,-13,-3,-13,-2,-13,-1,-13,-1,-13,0,-13,1,-13,1,-13,1,-14,2,-14,2,-14,2,-14,2,-14,2,-15,2,-15,2,-15,2,-14,1,-14,0,-14,0,-14,0,-14,-1,0,0,0,0,0,0,0,0,0,0,0,0,0,0,0,0,0,0,0,0,0,0,-10,0,-11,-1,-11,-2,-12,-3,-12,-4,-12,-5,-13,-6,-12,-6,-12,-7,-12,-8,-12,-8,-11,-8,-11,-8,-11,-8,-11,-7,-11,-7,-12,-7,-12,-6,-12,-6,-12,-6,-13,-6,-13,-6,-13,-5,-13,-5,-14,-5,-14,-5]"
2025-08-18 22:02:24.349648,CSI_DATA,1940,1a:00:00:00:00:00,-52,11,0,0,0,0,0,0,0,0,0,-94,0,1,0,329310581,0,31,0,128,0,"[0,0,-4,-14,-5,-14,-5,-13,-5,-13,-6,-13,-6,-13,-6,-12,-7,-12,-7,-11,-8,-11,-8,-11,-9,-11,-9,-10,-9,-10,-10,-10,-10,-10,-10,-11,-10,-11,-10,-11,-10,-11,-10,-12,-9,-12,-9,-12,-9,-12,-8,-12,-7,-12,0,0,0,0,0,0,0,0,0,0,0,0,0,0,0,0,0,0,0,0,0,0,-6,-8,-6,-9,-6,-11,-5,-11,-4,-12,-4,-13,-3,-13,-2,-14,-2,-14,-1,-14,-1,-14,0,-14,-1,-14,-1,-13,-1,-13,-1,-13,-1,-13,-2,-13,-2,-13,-3,-14,-3,-14,-3,-14,-4,-14,-4,-14,-4,-14,-4,-14]"
2025-08-18 22:02:24.534635,CSI_DATA,1941,1a:00:00:00:00:00,-52,11,0,0,0,0,0,0,0,0,0,-94,0,1,0,329511835,0,31,0,128,0,"[0,0,13,-2,13,-2,13,-2,13,-3,12,-3,12,-3,12,-4,12,-4,12,-5,12,-6,11,-6,11,-6,11,-7,11,-7,11,-8,11,-8,12,-8,11,-8,12,-8,12,-7,12,-7,12,-6,13,-6,12,-6,13,-5,13,-4,0,0,0,0,0,0,0,0,0,0,0,0,0,0,0,0,0,0,0,0,0,0,9,-4,9,-4,11,-3,11,-2,12,-2,12,-1,12,0,13,0,13,1,13,2,13,2,12,2,12,2,12,2,12,2,12,2,12,1,12,1,12,1,13,0,13,0,13,0,14,-1,13,-1,13,-1,14,-2]"
2025-08-18 22:02:24.735661,CSI_DATA,1942,1a:00:00:00:00:00,-51,11,0,0,0,0,0,0,0,0,0,-94,0,1,0,329712924,0,31,0,128,0,"[0,0,-7,12,-6,12,-6,12,-5,12,-5,12,-4,12,-3,12,-3,12,-3,12,-2,12,-2,12,-1,12,0,12,0,12,0,13,0,13,0,13,0,13,0,14,-1,14,-1,14,-1,13,-2,13,-2,13,-3,13,-3,12,0,0,0,0,0,0,0,0,0,0,0,0,0,0,0,0,0,0,0,0,0,0,-2,9,-3,10,-4,10,-5,10,-6,10,-6,10,-7,10,-8,10,-9,10,-9,10,-9,9,-10,9,-9,9,-9,9,-9,9,-9,9,-8,9,-8,10,-7,10,-8,10,-7,11,-7,11,-7,11,-7,12,-6,12,-7,12]"
2025-08-18 22:02:24.935872,CSI_DATA,1943,1a:00:00:00:00:00,-51,11,0,0,0,0,0,0,0,0,0,-94,0,1,0,329914316,0,31,0,128,0,"[0,0,13,1,12,0,12,0,12,-1,12,-1,12,-1,12,-1,12,-2,11,-2,11,-3,11,-4,11,-5,11,-5,11,-5,11,-5,12,-5,12,-5,13,-5,13,-5,13,-5,13,-4,13,-4,12,-3,13,-3,12,-3,13,-2,0,0,0,0,0,0,0,0,0,0,0,0,0,0,0,0,0,0,0,0,0,0,8,-4,9,-3,10,-2,11,-1,11,-1,12,0,12,1,12,2,12,2,12,3,12,3,12,3,11,3,11,3,11,3,11,3,11,3,12,2,12,2,12,2,12,2,12,2,13,1,13,0,13,1,13,0]"
2025-08-18 22:02:25.142112,CSI_DATA,1944,1a:00:00:00:00:00,-51,11,0,0,0,0,0,0,0,0,0,-94,0,1,0,330115373,0,31,0,128,0,"[0,0,-15,0,-14,0,-14,0,-14,1,-14,1,-13,2,-13,2,-13,3,-13,3,-12,4,-13,5,-12,5,-12,6,-12,6,-12,6,-13,7,-13,7,-13,7,-14,7,-14,6,-14,6,-14,5,-14,5,-14,4,-14,4,-14,3,0,0,0,0,0,0,0,0,0,0,0,0,0,0,0,0,0,0,0,0,0,0,-10,3,-11,2,-12,1,-12,1,-13,0,-13,-1,-14,-2,-14,-2,-14,-3,-14,-4,-14,-4,-14,-5,-13,-4,-13,-4,-13,-4,-13,-4,-13,-3,-13,-3,-13,-3,-14,-2,-14,-2,-14,-2,-14,-1,-14,-1,-14,-1,-15,0]"
2025-08-18 22:02:25.213428,CSI_DATA,1945,1a:00:00:00:00:00,-51,11,0,0,0,0,0,0,0,0,0,-94,0,1,0,330176173,0,42,0,128,0,"[0,0,8,-11,7,-11,7,-11,7,-12,6,-12,5,-11,5,-12,4,-12,4,-12,3,-12,3,-13,2,-13,2,-13,2,-13,2,-14,2,-14,2,-14,2,-14,2,-15,2,-14,3,-14,3,-14,4,-14,4,-14,5,-13,5,-13,0,0,0,0,0,0,0,0,0,0,0,0,0,0,0,0,0,0,0,0,0,0,3,-9,4,-10,4,-10,6,-10,6,-10,8,-10,8,-10,9,-10,9,-9,10,-9,10,-8,10,-8,10,-8,10,-8,10,-8,9,-8,9,-8,9,-9,9,-9,8,-10,8,-10,8,-10,8,-11,8,-11,8,-11,8,-11]"
2025-08-18 22:02:25.260944,CSI_DATA,1946,1a:00:00:00:00:00,-51,11,0,0,0,0,0,0,0,0,0,-94,0,1,0,330242278,0,31,0,128,0,"[0,0,8,10,8,10,8,10,8,9,9,9,8,9,9,8,9,8,9,7,10,6,10,6,11,6,11,5,11,5,12,5,12,5,12,6,12,5,12,6,12,6,12,6,12,7,11,7,11,8,10,8,10,8,0,0,0,0,0,0,0,0,0,0,0,0,0,0,0,0,0,0,0,0,0,0,7,5,7,6,7,7,7,8,7,9,6,10,6,11,6,11,5,11,5,12,4,12,4,12,4,12,4,12,4,11,4,11,4,11,5,11,5,11,6,11,6,11,7,11,7,11,7,11,7,11,8,11]"
2025-08-18 22:02:25.472516,CSI_DATA,1947,1a:00:00:00:00:00,-51,11,0,0,0,0,0,0,0,0,0,-94,0,1,0,330444133,0,31,0,128,0,"[0,0,-2,-14,-3,-14,-3,-14,-3,-13,-4,-13,-4,-13,-5,-13,-5,-13,-5,-12,-6,-12,-6,-12,-7,-12,-8,-12,-8,-12,-8,-12,-8,-12,-8,-12,-8,-12,-9,-13,-8,-13,-8,-13,-7,-13,-7,-14,-6,-13,-6,-13,-5,-13,0,0,0,0,0,0,0,0,0,0,0,0,0,0,0,0,0,0,0,0,0,0,-5,-9,-5,-10,-4,-11,-3,-12,-3,-12,-2,-13,-1,-13,-1,-14,0,-14,1,-14,1,-14,2,-14,1,-14,1,-13,1,-13,1,-13,1,-13,0,-13,0,-14,-1,-14,-1,-14,-1,-14,-2,-14,-2,-14,-2,-14,-2,-14]"
2025-08-18 22:02:25.669804,CSI_DATA,1948,1a:00:00:00:00:00,-51,11,0,0,0,0,0,0,0,0,0,-94,0,1,0,330644552,0,31,0,128,0,"[0,0,6,-13,6,-13,5,-13,5,-13,5,-13,4,-13,4,-13,3,-13,3,-13,1,-13,1,-13,0,-14,0,-14,0,-14,0,-14,-1,-14,-1,-15,0,-15,0,-15,0,-15,1,-15,1,-15,1,-14,2,-14,2,-14,3,-14,0,0,0,0,0,0,0,0,0,0,0,0,0,0,0,0,0,0,0,0,0,0,2,-10,2,-11,3,-11,4,-11,5,-11,6,-12,7,-11,8,-11,9,-11,9,-10,9,-10,9,-10,9,-10,9,-10,9,-10,9,-10,8,-10,8,-11,8,-11,7,-11,7,-11,7,-12,7,-12,6,-13,6,-13,7,-13]"
2025-08-18 22:02:25.873743,CSI_DATA,1949,1a:00:00:00:00:00,-51,11,0,0,0,0,0,0,0,0,0,-94,0,1,0,330845729,0,31,0,128,0,"[0,0,-14,3,-13,3,-13,3,-13,4,-13,4,-12,4,-12,5,-11,5,-11,5,-11,6,-11,6,-10,7,-10,7,-10,7,-10,8,-11,8,-11,8,-11,8,-11,8,-11,8,-12,7,-12,7,-11,6,-12,6,-12,6,-12,5,0,0,0,0,0,0,0,0,0,0,0,0,0,0,0,0,0,0,0,0,0,0,-8,5,-9,4,-9,4,-10,4,-9,3,-13,2,-13,2,-13,1,-13,1,-13,0,-14,0,-13,-1,-13,-1,-13,-1,-13,-1,-13,0,-13,0,-13,1,-13,1,-13,1,-13,1,-13,2,-13,2,-14,2,-14,2,-13,3]"
2025-08-18 22:02:26.065248,CSI_DATA,1950,1a:00:00:00:00:00,-52,11,0,0,0,0,0,0,0,0,0,-94,0,1,0,331047104,0,31,0,128,0,"[0,0,8,10,8,10,8,10,9,9,9,9,9,9,9,8,10,8,9,7,10,7,10,6,11,6,11,6,11,5,11,5,12,5,12,6,12,6,12,6,12,6,12,7,12,7,11,7,11,8,10,8,10,8,0,0,0,0,0,0,0,0,0,0,0,0,0,0,0,0,0,0,0,0,0,0,8,4,8,5,8,6,8,7,8,8,8,9,7,10,7,10,6,11,6,11,5,12,5,12,5,12,5,11,5,11,5,11,6,11,6,11,6,11,7,11,7,11,8,11,8,11,8,11,8,11,8,10]"
2025-08-18 22:02:26.277890,CSI_DATA,1951,1a:00:00:00:00:00,-52,11,0,0,0,0,0,0,0,0,0,-94,0,1,0,331248138,0,31,0,128,0,"[0,0,-9,-12,-9,-12,-9,-11,-9,-11,-10,-11,-10,-10,-10,-10,-10,-9,-11,-8,-11,-8,-11,-8,-12,-7,-12,-7,-13,-7,-13,-7,-13,-7,-13,-7,-14,-7,-14,-7,-14,-8,-13,-8,-13,-8,-12,-9,-12,-9,-12,-9,-12,-10,0,0,0,0,0,0,0,0,0,0,0,0,0,0,0,0,0,0,0,0,0,0,-9,-6,-9,-7,-9,-8,-9,-9,-8,-10,-8,-11,-7,-12,-7,-12,-7,-13,-6,-13,-5,-13,-5,-13,-5,-13,-5,-13,-5,-13,-5,-13,-6,-12,-6,-12,-7,-12,-7,-12,-7,-12,-8,-12,-8,-12,-8,-12,-9,-12,-9,-12]"
2025-08-18 22:02:26.473303,CSI_DATA,1952,1a:00:00:00:00:00,-52,11,0,0,0,0,0,0,0,0,0,-94,0,1,0,331449385,0,31,0,128,0,"[0,0,-11,9,-10,9,-10,9,-10,9,-9,10,-9,10,-8,10,-8,10,-7,10,-7,11,-6,11,-5,11,-5,12,-5,12,-6,12,-5,12,-5,13,-6,13,-6,13,-6,13,-7,12,-7,12,-7,12,-7,12,-8,11,-8,11,0,0,0,0,0,0,0,0,0,0,0,0,0,0,0,0,0,0,0,0,0,0,-5,8,-6,9,-6,8,-8,9,-9,8,-10,8,-11,8,-11,8,-12,7,-12,7,-12,7,-12,6,-12,6,-12,6,-12,6,-12,6,-11,6,-11,7,-11,7,-11,7,-11,8,-11,8,-11,9,-11,9,-11,9,-10,9]"
2025-08-18 22:02:26.677531,CSI_DATA,1953,1a:00:00:00:00:00,-52,11,0,0,0,0,0,0,0,0,0,-94,0,1,0,331650492,0,31,0,128,0,"[0,0,1,-14,1,-14,0,-14,0,-14,0,-14,-1,-14,-1,-13,-2,-13,-2,-13,-3,-13,-3,-13,-4,-13,-4,-13,-5,-13,-5,-13,-6,-13,-6,-14,-5,-14,-5,-14,-5,-14,-5,-14,-4,-14,-4,-14,-3,-14,-3,-14,-2,-14,0,0,0,0,0,0,0,0,0,0,0,0,0,0,0,0,0,0,0,0,0,0,-2,-10,-1,-11,-1,-11,0,-12,1,-13,2,-13,3,-13,3,-13,4,-13,5,-13,5,-13,5,-12,5,-13,5,-12,4,-12,4,-12,4,-12,3,-13,3,-13,3,-13,2,-14,2,-14,2,-14,2,-14,2,-14,2,-14]"
2025-08-18 22:02:26.735298,CSI_DATA,1954,1a:00:00:00:00:00,-52,11,0,0,0,0,0,0,0,0,0,-94,0,1,0,331711750,0,42,0,128,0,"[0,0,-5,13,-5,13,-4,13,-4,12,-3,12,-3,12,-2,12,-2,12,-1,12,-1,12,-1,12,0,12,1,12,1,13,1,13,1,13,1,13,1,13,1,14,1,14,1,14,0,14,0,14,-1,14,-1,13,-2,13,0,0,0,0,0,0,0,0,0,0,0,0,0,0,0,0,0,0,0,0,0,0,-1,9,-1,10,-2,10,-3,11,-4,11,-5,12,-6,11,-6,12,-7,11,-7,11,-8,11,-8,10,-8,10,-8,10,-7,10,-7,10,-7,10,-7,11,-6,11,-6,11,-6,12,-6,12,-5,12,-5,12,-5,13,-5,13]"
2025-08-18 22:02:26.802486,CSI_DATA,1955,1a:00:00:00:00:00,-52,11,0,0,0,0,0,0,0,0,0,-94,0,1,0,331778085,0,31,0,128,0,"[0,0,-13,7,-12,7,-12,7,-11,7,-11,8,-11,7,-10,8,-10,8,-9,8,-9,9,-8,10,-8,10,-8,10,-8,11,-8,11,-8,11,-8,11,-8,12,-8,12,-9,12,-9,11,-9,11,-9,10,-9,10,-10,10,-10,9,0,0,0,0,0,0,0,0,0,0,0,0,0,0,0,0,0,0,0,0,0,0,-8,6,-9,7,-9,6,-10,6,-11,5,-12,5,-13,4,-13,4,-13,3,-13,3,-14,3,-14,2,-13,2,-13,2,-13,3,-13,2,-13,3,-12,4,-13,4,-13,4,-13,5,-13,5,-12,6,-13,6,-13,6,-13,7]"
2025-08-18 22:02:27.006083,CSI_DATA,1956,1a:00:00:00:00:00,-51,11,0,0,0,0,0,0,0,0,0,-94,0,1,0,331979150,0,31,0,128,0,"[0,0,3,-13,2,-13,2,-13,2,-13,1,-13,1,-13,0,-13,0,-13,-1,-12,-1,-12,-2,-13,-2,-12,-3,-13,-3,-13,-3,-13,-3,-13,-4,-14,-3,-14,-3,-14,-3,-14,-3,-14,-2,-14,-2,-14,-1,-14,-1,-13,0,-14,0,0,0,0,0,0,0,0,0,0,0,0,0,0,0,0,0,0,0,0,0,0,-1,-10,0,-10,0,-11,1,-11,2,-12,3,-12,4,-12,4,-12,5,-12,5,-12,6,-11,6,-11,6,-11,6,-11,5,-11,5,-11,5,-11,4,-11,4,-12,4,-12,4,-12,3,-13,3,-13,3,-13,3,-13,3,-13]"
2025-08-18 22:02:27.201461,CSI_DATA,1957,1a:00:00:00:00:00,-51,11,0,0,0,0,0,0,0,0,0,-94,0,1,0,332182443,0,31,0,128,0,"[0,0,4,13,5,12,5,12,5,12,6,12,6,11,6,11,6,10,6,10,7,9,8,9,8,9,9,9,9,9,9,9,10,9,10,9,10,10,10,10,10,10,9,10,9,10,8,11,8,11,7,11,7,11,0,0,0,0,0,0,0,0,0,0,0,0,0,0,0,0,0,0,0,0,0,0,6,7,6,8,5,9,5,10,5,10,4,12,3,12,3,12,2,13,1,13,1,13,0,13,1,13,1,13,1,13,1,12,2,12,2,12,2,13,3,13,3,13,3,13,4,12,4,13,4,13,5,13]"
2025-08-18 22:02:27.415544,CSI_DATA,1958,1a:00:00:00:00:00,-51,11,0,0,0,0,0,0,0,0,0,-94,0,1,0,332381695,0,31,0,128,0,"[0,0,-1,13,0,13,0,12,0,12,1,12,1,12,1,12,2,11,2,11,3,11,4,11,4,11,5,11,5,11,5,11,5,11,6,12,5,12,5,12,5,12,5,12,4,13,4,12,3,12,3,12,2,12,0,0,0,0,0,0,0,0,0,0,0,0,0,0,0,0,0,0,0,0,0,0,2,8,2,9,1,10,0,11,0,11,-1,12,-2,12,-2,12,-3,12,-4,12,-4,12,-4,11,-4,12,-4,11,-4,11,-4,11,-3,11,-3,11,-3,12,-2,12,-2,12,-2,12,-2,12,-1,13,-1,13,-1,13]"
2025-08-18 22:02:27.620834,CSI_DATA,1959,1a:00:00:00:00:00,-51,11,0,0,0,0,0,0,0,0,0,-94,0,1,0,332582900,0,31,0,128,0,"[0,0,-14,3,-14,3,-13,3,-13,4,-13,4,-12,4,-12,5,-12,5,-11,5,-11,6,-11,7,-10,7,-10,7,-10,8,-11,9,-11,9,-11,9,-11,9,-12,9,-12,9,-12,8,-12,8,-12,8,-12,7,-12,7,-13,6,0,0,0,0,0,0,0,0,0,0,0,0,0,0,0,0,0,0,0,0,0,0,-9,4,-10,4,-11,3,-11,3,-12,2,-13,2,-13,1,-14,0,-14,0,-14,-1,-14,-1,-14,-1,-13,-1,-13,-1,-13,-1,-13,-1,-13,-1,-13,0,-13,0,-13,1,-13,1,-13,1,-14,2,-14,2,-14,2,-14,3]"
2025-08-18 22:02:27.806860,CSI_DATA,1960,1a:00:00:00:00:00,-51,11,0,0,0,0,0,0,0,0,0,-94,0,1,0,332783991,0,31,0,128,0,"[0,0,-5,12,-4,12,-4,12,-4,12,-3,13,-3,12,-2,12,-1,12,-1,12,-1,12,0,12,1,12,1,12,2,13,1,13,2,13,2,13,2,14,1,14,1,14,1,14,0,14,0,13,0,14,-1,13,-2,13,0,0,0,0,0,0,0,0,0,0,0,0,0,0,0,0,0,0,0,0,0,0,-1,9,-2,10,-3,10,-3,11,-4,11,-5,11,-6,11,-7,11,-7,11,-8,10,-8,11,-8,10,-8,10,-8,10,-8,10,-8,10,-7,10,-7,10,-7,11,-6,11,-6,11,-6,11,-6,12,-5,12,-5,12,-5,13]"
2025-08-18 22:02:28.009664,CSI_DATA,1961,1a:00:00:00:00:00,-51,11,0,0,0,0,0,0,0,0,0,-94,0,1,0,332985414,0,31,0,128,0,"[0,0,-10,10,-9,11,-9,10,-8,11,-8,10,-7,11,-7,11,-6,11,-6,11,-5,11,-5,12,-4,12,-4,12,-4,12,-4,13,-4,13,-4,13,-4,13,-4,14,-5,13,-5,13,-5,13,-6,13,-6,13,-6,12,-7,12,0,0,0,0,0,0,0,0,0,0,0,0,0,0,0,0,0,0,0,0,0,0,-4,9,-5,9,-6,9,-7,9,-8,9,-9,9,-10,9,-10,9,-11,8,-12,8,-12,7,-12,7,-12,7,-11,7,-11,7,-11,7,-11,7,-10,8,-10,8,-10,9,-10,9,-10,9,-10,10,-10,10,-10,10,-10,10]"
2025-08-18 22:02:28.206821,CSI_DATA,1962,1a:00:00:00:00:00,-51,11,0,0,0,0,0,0,0,0,0,-94,0,1,0,333186347,0,31,0,128,0,"[0,0,1,14,2,13,2,13,2,13,3,12,3,12,3,12,4,12,4,11,5,11,5,11,6,11,6,11,6,11,7,11,7,11,7,12,7,11,7,12,7,12,6,12,6,12,6,12,5,13,4,12,4,12,0,0,0,0,0,0,0,0,0,0,0,0,0,0,0,0,0,0,0,0,0,0,4,8,4,9,3,10,2,11,2,11,1,12,1,13,0,13,-1,13,-2,13,-2,13,-3,13,-2,13,-2,13,-2,13,-2,12,-1,12,-1,13,-1,13,0,13,0,13,0,13,0,14,1,14,1,14,1,13]"
2025-08-18 22:02:28.281013,CSI_DATA,1963,1a:00:00:00:00:00,-52,11,0,0,0,0,0,0,0,0,0,-94,0,1,0,333247751,0,42,0,128,0,"[0,0,14,-3,13,-4,13,-4,13,-4,12,-5,12,-5,12,-5,11,-6,11,-7,11,-7,10,-8,10,-8,10,-9,10,-9,10,-10,10,-10,10,-10,11,-10,11,-10,11,-10,11,-9,11,-9,11,-9,11,-8,12,-8,12,-7,0,0,0,0,0,0,0,0,0,0,0,0,0,0,0,0,0,0,0,0,0,0,8,-6,9,-5,10,-5,11,-4,12,-3,12,-3,13,-2,13,-1,14,-1,13,0,14,0,13,0,13,0,13,0,13,0,13,0,13,-1,13,-1,13,-1,13,-1,13,-1,13,-2,14,-3,13,-3,14,-3,14,-4]"
2025-08-18 22:02:28.338682,CSI_DATA,1964,1a:00:00:00:00:00,-52,11,0,0,0,0,0,0,0,0,0,-94,0,1,0,333314336,0,31,0,128,0,"[0,0,12,-6,11,-7,11,-7,11,-7,11,-7,10,-7,10,-8,10,-8,9,-8,9,-9,8,-9,8,-10,8,-10,8,-11,8,-11,8,-11,8,-11,9,-11,9,-11,9,-11,9,-11,9,-10,10,-10,10,-10,10,-9,11,-8,0,0,0,0,0,0,0,0,0,0,0,0,0,0,0,0,0,0,0,0,0,0,6,-7,8,-7,8,-7,9,-6,10,-6,11,-6,12,-5,12,-5,13,-4,12,-3,13,-3,13,-3,12,-2,12,-2,12,-3,12,-3,12,-3,12,-4,12,-4,12,-4,12,-4,12,-5,12,-5,12,-5,12,-6,13,-6]"
2025-08-18 22:02:28.544009,CSI_DATA,1965,1a:00:00:00:00:00,-52,11,0,0,0,0,0,0,0,0,0,-94,0,1,0,333515492,0,31,0,128,0,"[0,0,-14,-4,-14,-4,-14,-4,-13,-3,-14,-3,-13,-2,-13,-2,-13,-1,-13,0,-13,0,-13,0,-13,1,-13,1,-13,2,-14,2,-14,2,-14,2,-14,3,-15,3,-15,2,-15,2,-14,1,-14,1,-14,0,-14,0,-14,-1,0,0,0,0,0,0,0,0,0,0,0,0,0,0,0,0,0,0,0,0,0,0,-10,-1,-11,-1,-11,-2,-12,-3,-12,-4,-12,-5,-12,-5,-12,-6,-12,-7,-12,-8,-12,-8,-11,-8,-11,-8,-11,-8,-11,-7,-11,-7,-12,-7,-12,-6,-12,-6,-12,-6,-13,-6,-13,-5,-13,-5,-14,-5,-14,-5,-14,-5]"
2025-08-18 22:02:28.742257,CSI_DATA,1966,1a:00:00:00:00:00,-52,11,0,0,0,0,0,0,0,0,0,-94,0,1,0,333718191,0,31,0,128,0,"[0,0,9,-11,8,-11,7,-11,7,-12,6,-12,6,-11,5,-12,5,-12,4,-12,4,-13,4,-13,3,-13,2,-13,2,-13,2,-14,2,-14,2,-14,2,-15,3,-15,3,-15,3,-15,4,-14,4,-14,4,-14,5,-14,5,-13,0,0,0,0,0,0,0,0,0,0,0,0,0,0,0,0,0,0,0,0,0,0,3,-10,4,-10,5,-10,6,-10,7,-11,8,-10,9,-10,9,-10,10,-10,10,-9,11,-8,11,-8,10,-8,10,-8,10,-8,10,-8,10,-8,9,-9,9,-9,9,-10,9,-10,9,-10,9,-11,9,-11,9,-11,9,-11]"
2025-08-18 22:02:28.938635,CSI_DATA,1967,1a:00:00:00:00:00,-52,11,0,0,0,0,0,0,0,0,0,-94,0,1,0,333917801,0,31,0,128,0,"[0,0,13,4,13,3,12,3,13,3,13,2,12,2,12,1,12,0,12,0,12,-1,12,-2,12,-2,12,-2,12,-3,13,-3,13,-4,13,-3,13,-3,14,-4,14,-3,14,-3,14,-2,14,-2,14,-1,14,-1,14,0,0,0,0,0,0,0,0,0,0,0,0,0,0,0,0,0,0,0,0,0,0,0,10,0,10,1,11,2,11,2,12,3,12,4,12,5,11,6,12,6,11,7,11,7,10,7,10,8,10,7,10,7,11,7,10,6,11,6,11,6,12,5,12,5,12,5,13,5,13,5,13,4,13,4]"
2025-08-18 22:02:29.159759,CSI_DATA,1968,1a:00:00:00:00:00,-52,11,0,0,0,0,0,0,0,0,0,-94,0,1,0,334118948,0,31,0,128,0,"[0,0,2,-14,0,-14,0,-13,0,-13,-1,-13,0,-13,-1,-13,-2,-13,-2,-12,-3,-12,-3,-12,-4,-12,-4,-12,-4,-13,-5,-13,-5,-13,-5,-14,-5,-13,-4,-14,-4,-14,-3,-14,-3,-14,-3,-14,-3,-14,-3,-14,-1,-14,0,0,0,0,0,0,0,0,0,0,0,0,0,0,0,0,0,0,0,0,0,0,-3,-10,-2,-10,-2,-11,-1,-12,0,-12,1,-13,2,-13,3,-13,3,-13,4,-13,4,-13,4,-13,4,-13,4,-12,4,-12,5,-11,3,-15,4,-13,1,-12,3,-13,2,-13,2,-14,2,-13,1,-14,1,-14,2,-14]"
2025-08-18 22:02:29.340972,CSI_DATA,1969,1a:00:00:00:00:00,-52,11,0,0,0,0,0,0,0,0,0,-94,0,1,0,334320082,0,31,0,128,0,"[0,0,0,14,1,13,1,13,2,12,2,12,2,13,3,12,3,11,3,11,4,11,5,11,6,10,6,11,7,11,7,11,7,11,7,11,7,11,7,12,7,12,7,13,7,12,6,13,5,12,5,12,4,13,0,0,0,0,0,0,0,0,0,0,0,0,0,0,0,0,0,0,0,0,0,0,3,8,3,9,2,10,2,11,1,12,0,12,-1,13,-1,13,-2,13,-2,13,-3,13,-3,12,-3,13,-3,13,-3,12,-3,12,-2,12,-2,12,-1,13,-1,13,-1,13,-1,13,0,13,1,14,1,14,1,14]"
2025-08-18 22:02:29.542800,CSI_DATA,1970,1a:00:00:00:00:00,-52,11,0,0,0,0,0,0,0,0,0,-94,0,1,0,334521480,0,31,0,128,0,"[0,0,13,5,13,4,12,4,13,3,13,3,12,2,12,2,13,1,12,0,13,-1,13,-1,13,-1,13,-2,13,-2,13,-3,14,-3,14,-3,14,-3,15,-3,15,-3,14,-2,14,-2,14,-1,14,-1,14,0,14,1,0,0,0,0,0,0,0,0,0,0,0,0,0,0,0,0,0,0,0,0,0,0,10,0,10,1,11,2,11,3,11,4,12,5,12,6,11,6,11,7,11,8,10,8,10,8,10,8,10,8,10,8,10,7,10,7,11,6,11,6,12,6,12,6,12,5,12,7,12,6,13,4,13,5]"
2025-08-18 22:02:29.819752,CSI_DATA,1971,1a:00:00:00:00:00,-51,11,0,0,0,0,0,0,0,0,0,-94,0,1,0,334722521,0,31,0,128,0,"[0,0,-12,-9,-12,-9,-11,-8,-12,-8,-12,-7,-12,-7,-12,-6,-12,-6,-12,-5,-12,-4,-13,-4,-13,-3,-13,-3,-13,-3,-14,-2,-14,-2,-15,-3,-15,-2,-15,-3,-15,-4,-15,-4,-15,-4,-14,-5,-14,-5,-14,-5,-13,-6,0,0,0,0,0,0,0,0,0,0,0,0,0,0,0,0,0,0,0,0,0,0,-10,-3,-10,-5,-11,-6,-10,-7,-11,-8,-10,-8,-10,-10,-10,-10,-9,-11,-9,-11,-9,-11,-8,-11,-9,-11,-8,-11,-8,-11,-9,-11,-9,-10,-9,-10,-9,-10,-10,-10,-10,-10,-10,-10,-11,-9,-11,-9,-11,-9,-11,-9]"
2025-08-18 22:02:29.823974,CSI_DATA,1972,1a:00:00:00:00:00,-52,11,0,0,0,0,0,0,0,0,0,-94,0,1,0,334785616,0,42,0,128,0,"[0,0,4,13,4,13,4,12,5,12,5,11,5,11,6,11,6,10,6,10,7,10,7,9,8,9,8,9,9,9,9,9,9,9,10,10,9,9,9,10,9,10,9,11,8,11,8,11,8,11,7,11,6,12,0,0,0,0,0,0,0,0,0,0,0,0,0,0,0,0,0,0,0,0,0,0,6,7,5,8,6,9,5,10,5,11,4,11,3,12,2,12,2,13,1,13,0,13,0,13,0,13,1,13,1,12,1,12,1,12,1,12,2,12,2,13,2,12,3,13,3,13,3,13,4,13,4,13]"
2025-08-18 22:02:29.873557,CSI_DATA,1973,1a:00:00:00:00:00,-52,11,0,0,0,0,0,0,0,0,0,-94,0,1,0,334849683,0,31,0,128,0,"[0,0,-9,10,-9,10,-8,10,-8,11,-7,11,-7,11,-7,11,-6,11,-5,11,-5,11,-4,11,-4,12,-3,12,-3,12,-3,13,-3,13,-3,14,-4,14,-4,14,-4,14,-4,14,-5,13,-5,13,-6,13,-6,12,-7,12,0,0,0,0,0,0,0,0,0,0,0,0,0,0,0,0,0,0,0,0,0,0,-4,9,-5,9,-6,9,-6,9,-7,10,-9,9,-10,9,-10,9,-11,9,-11,8,-12,8,-12,7,-11,7,-11,7,-11,7,-11,7,-11,8,-10,8,-10,8,-10,9,-10,9,-10,9,-10,10,-9,10,-10,10,-9,10]"
2025-08-18 22:02:30.074931,CSI_DATA,1974,1a:00:00:00:00:00,-51,11,0,0,0,0,0,0,0,0,0,-94,0,1,0,335050782,0,31,0,128,0,"[0,0,12,-8,11,-8,10,-8,11,-8,10,-8,10,-8,9,-9,9,-9,8,-9,8,-10,7,-10,7,-11,7,-11,6,-12,7,-12,7,-12,7,-12,7,-13,8,-13,8,-13,8,-12,8,-12,9,-11,9,-11,9,-11,10,-10,0,0,0,0,0,0,0,0,0,0,0,0,0,0,0,0,0,0,0,0,0,0,6,-8,7,-8,8,-8,9,-8,10,-7,10,-7,11,-6,12,-6,12,-5,12,-5,12,-4,13,-4,12,-4,12,-4,12,-4,12,-4,12,-5,12,-5,12,-5,12,-6,11,-6,12,-6,11,-7,12,-7,12,-7,12,-7]"
2025-08-18 22:02:30.275096,CSI_DATA,1975,1a:00:00:00:00:00,-51,11,0,0,0,0,0,0,0,0,0,-94,0,1,0,335251936,0,31,0,128,0,"[0,0,14,-1,13,-2,13,-2,13,-2,13,-3,13,-3,12,-3,12,-4,12,-4,11,-5,11,-6,11,-6,11,-7,11,-7,11,-8,11,-8,12,-8,12,-8,13,-8,13,-7,13,-7,13,-6,13,-6,13,-6,13,-5,13,-4,0,0,0,0,0,0,0,0,0,0,0,0,0,0,0,0,0,0,0,0,0,0,9,-5,10,-4,11,-3,11,-3,12,-2,13,-1,13,0,13,0,13,1,13,2,14,2,13,2,13,2,13,2,13,2,12,2,13,1,13,1,13,1,14,1,13,0,13,0,14,0,14,-1,14,-1,14,-1]"
2025-08-18 22:02:30.473218,CSI_DATA,1976,1a:00:00:00:00:00,-52,11,0,0,0,0,0,0,0,0,0,-94,0,1,0,335454812,0,31,0,128,0,"[0,0,4,13,4,12,4,12,5,12,5,12,5,11,5,11,6,11,6,10,7,10,7,9,8,9,8,9,8,9,9,9,9,9,10,10,9,10,9,10,9,10,8,10,8,11,8,11,8,11,7,11,6,11,0,0,0,0,0,0,0,0,0,0,0,0,0,0,0,0,0,0,0,0,0,0,5,7,5,8,5,9,4,10,4,11,3,11,2,12,2,13,1,13,0,13,0,13,0,13,0,13,0,12,0,12,0,12,1,12,1,12,1,12,2,12,2,13,3,13,3,13,3,13,3,13,4,13]"
2025-08-18 22:02:30.683970,CSI_DATA,1977,1a:00:00:00:00:00,-52,11,0,0,0,0,0,0,0,0,0,-94,0,1,0,335654530,0,31,0,128,0,"[0,0,11,-8,11,-9,10,-9,10,-10,9,-10,9,-10,8,-10,8,-10,7,-11,7,-11,7,-11,6,-12,6,-12,6,-12,6,-13,6,-13,6,-13,6,-14,6,-14,7,-13,7,-13,7,-13,8,-13,8,-12,8,-11,9,-11,0,0,0,0,0,0,0,0,0,0,0,0,0,0,0,0,0,0,0,0,0,0,6,-9,7,-9,7,-8,8,-8,9,-8,11,-8,11,-8,12,-7,12,-7,12,-6,13,-5,13,-5,12,-5,12,-5,12,-5,12,-5,12,-6,11,-6,12,-6,11,-7,11,-7,11,-8,11,-8,11,-8,11,-8,11,-8]"
2025-08-18 22:02:30.831241,CSI_DATA,1978,1a:00:00:00:00:00,-52,11,0,0,0,0,0,0,0,0,0,-94,0,1,0,335808510,0,28,0,128,0,"[0,0,-4,13,-3,12,-3,13,-2,12,-2,13,-1,13,-1,12,0,12,0,12,1,12,1,12,2,12,2,12,3,12,3,12,3,13,3,13,3,13,3,13,3,13,2,13,2,13,2,13,1,13,1,13,0,13,0,0,0,0,0,0,0,0,0,0,0,0,0,0,0,0,0,0,0,0,0,0,0,9,0,10,-1,10,-2,11,-2,11,-4,12,-5,12,-5,12,-6,12,-6,11,-7,12,-7,11,-7,11,-7,11,-7,11,-6,10,-6,11,-5,11,-5,12,-5,12,-5,12,-4,12,-4,13,-4,13,-4,13,-3,13]"
2025-08-18 22:02:30.882649,CSI_DATA,1979,1a:00:00:00:00:00,-52,11,0,0,0,0,0,0,0,0,0,-94,0,1,0,335855575,0,31,0,128,0,"[0,0,-15,-2,-14,-2,-14,-2,-14,-1,-14,-1,-13,0,-13,0,-13,1,-13,2,-13,2,-13,3,-13,3,-13,3,-13,4,-13,4,-13,5,-13,4,-14,5,-14,5,-14,5,-14,4,-14,4,-14,3,-14,2,-14,2,-14,2,0,0,0,0,0,0,0,0,0,0,0,0,0,0,0,0,0,0,0,0,0,0,-10,1,-11,0,-11,-1,-12,-1,-12,-2,-13,-3,-13,-4,-13,-4,-13,-5,-13,-6,-13,-6,-13,-6,-12,-7,-12,-6,-12,-6,-12,-5,-13,-5,-12,-5,-13,-5,-13,-4,-13,-4,-14,-4,-14,-3,-14,-3,-14,-3,-14,-3]"
2025-08-18 22:02:31.075894,CSI_DATA,1980,1a:00:00:00:00:00,-51,11,0,0,0,0,0,0,0,0,0,-94,0,1,0,336056780,0,31,0,128,0,"[0,0,7,12,8,11,8,10,8,10,9,10,8,10,9,9,9,9,9,8,10,7,10,7,11,6,11,6,11,6,11,6,12,6,12,7,12,7,12,7,12,7,12,8,12,8,11,8,11,8,11,8,10,9,0,0,0,0,0,0,0,0,0,0,0,0,0,0,0,0,0,0,0,0,0,0,8,5,8,6,8,7,8,8,7,9,7,10,6,11,6,12,5,12,5,12,5,12,4,12,4,12,4,12,4,12,4,12,5,12,5,11,5,12,6,12,6,12,6,12,7,11,8,12,8,12,8,11]"
2025-08-18 22:02:31.278559,CSI_DATA,1981,1a:00:00:00:00:00,-52,11,0,0,0,0,0,0,0,0,0,-94,0,1,0,336257885,0,31,0,128,0,"[0,0,0,13,0,13,1,13,1,13,2,13,2,12,2,12,3,12,3,11,4,11,4,11,5,11,5,11,6,11,6,12,6,11,6,12,6,12,6,12,6,12,6,12,5,13,5,13,4,13,4,12,3,13,0,0,0,0,0,0,0,0,0,0,0,0,0,0,0,0,0,0,0,0,0,0,3,9,2,9,2,11,1,11,1,12,-1,12,-1,13,-2,13,-3,13,-3,13,-4,13,-4,12,-4,12,-3,12,-3,12,-3,12,-3,12,-2,13,-2,12,-2,13,-1,13,-1,13,-1,13,0,14,0,14,0,13]"
2025-08-18 22:02:31.348874,CSI_DATA,1982,1a:00:00:00:00:00,-52,11,0,0,0,0,0,0,0,0,0,-94,0,1,0,336324585,0,42,0,128,0,"[0,0,13,-4,13,-4,12,-4,12,-5,12,-5,11,-5,11,-6,11,-6,11,-6,10,-7,10,-8,9,-8,10,-9,9,-9,10,-9,10,-10,10,-9,10,-9,11,-10,11,-9,11,-9,11,-9,11,-8,11,-8,11,-7,12,-7,0,0,0,0,0,0,0,0,0,0,0,0,0,0,0,0,0,0,0,0,0,0,8,-6,9,-5,10,-5,10,-4,11,-4,12,-3,12,-2,13,-2,13,-1,13,-1,13,0,13,0,12,0,12,0,12,0,12,0,12,-1,12,-1,12,-2,13,-2,12,-2,13,-3,13,-3,13,-3,13,-4,13,-4]"
2025-08-18 22:02:31.403549,CSI_DATA,1983,1a:00:00:00:00:00,-51,11,0,0,0,0,0,0,0,0,0,-94,0,1,0,336386179,0,31,0,128,0,"[0,0,6,11,6,10,6,11,7,10,7,10,7,9,7,9,8,9,8,8,8,7,9,7,9,7,9,7,10,7,10,7,10,7,10,7,10,7,10,8,10,8,10,8,10,9,9,9,9,9,8,9,8,9,0,0,0,0,0,0,0,0,0,0,0,0,0,0,0,0,0,0,0,0,0,0,7,5,7,6,7,7,7,8,6,9,6,10,5,10,5,11,4,11,4,11,3,11,3,11,3,11,3,11,3,11,3,11,4,11,4,10,4,11,5,11,5,11,5,11,6,11,6,11,6,11,6,11]"
2025-08-18 22:02:31.617324,CSI_DATA,1984,1a:00:00:00:00:00,-51,11,0,0,0,0,0,0,0,0,0,-94,0,1,0,336587264,0,31,0,128,0,"[0,0,-11,-10,-11,-10,-11,-9,-11,-9,-11,-8,-11,-8,-11,-8,-12,-7,-12,-7,-12,-6,-12,-5,-13,-5,-13,-5,-13,-5,-14,-5,-14,-4,-14,-5,-14,-5,-14,-5,-14,-6,-14,-6,-14,-6,-13,-7,-13,-7,-13,-7,-12,-8,0,0,0,0,0,0,0,0,0,0,0,0,0,0,0,0,0,0,0,0,0,0,-10,-4,-10,-5,-10,-6,-10,-7,-10,-8,-10,-9,-10,-10,-9,-10,-9,-11,-8,-12,-8,-12,-8,-12,-8,-12,-8,-12,-8,-11,-8,-11,-8,-11,-9,-11,-9,-11,-9,-11,-9,-11,-10,-10,-10,-10,-11,-10,-11,-10,-11,-10]"
2025-08-18 22:02:31.811332,CSI_DATA,1985,1a:00:00:00:00:00,-51,11,0,0,0,0,0,0,0,0,0,-94,0,1,0,336788627,0,31,0,128,0,"[0,0,13,-2,12,-2,12,-2,12,-3,12,-3,11,-3,11,-4,11,-4,11,-5,11,-5,11,-6,10,-6,10,-7,11,-7,11,-8,11,-7,11,-7,11,-7,11,-7,12,-7,12,-7,12,-6,12,-6,12,-5,12,-5,12,-4,0,0,0,0,0,0,0,0,0,0,0,0,0,0,0,0,0,0,0,0,0,0,8,-4,9,-4,10,-3,10,-3,11,-2,11,-2,12,-1,12,0,12,0,12,1,12,2,12,2,12,2,12,2,11,2,11,1,12,1,12,0,12,0,12,0,12,0,12,-1,13,-1,13,-1,13,-1,13,-2]"
2025-08-18 22:02:32.015126,CSI_DATA,1986,1a:00:00:00:00:00,-51,11,0,0,0,0,0,0,0,0,0,-94,0,1,0,336989711,0,31,0,128,0,"[0,0,-14,5,-13,5,-13,5,-12,6,-12,6,-12,6,-11,6,-11,7,-11,7,-10,8,-10,9,-9,9,-9,10,-9,10,-10,10,-9,10,-9,11,-10,11,-11,11,-11,10,-11,10,-11,10,-11,9,-11,9,-11,8,-12,8,0,0,0,0,0,0,0,0,0,0,0,0,0,0,0,0,0,0,0,0,0,0,-8,6,-9,6,-10,6,-11,5,-12,5,-12,4,-13,3,-14,3,-14,2,-14,2,-14,2,-14,1,-14,1,-13,1,-13,1,-13,2,-13,2,-13,2,-13,3,-13,3,-13,3,-14,3,-14,4,-13,5,-13,5,-13,5]"
2025-08-18 22:02:32.224458,CSI_DATA,1987,1a:00:00:00:00:00,-51,11,0,0,0,0,0,0,0,0,0,-94,0,1,0,337190859,0,31,0,128,0,"[0,0,12,4,13,4,12,3,13,3,12,2,12,2,12,1,12,1,12,0,12,-1,12,-1,12,-1,12,-2,12,-2,13,-3,13,-3,14,-2,13,-2,14,-2,14,-2,14,-2,14,-1,14,-1,13,0,13,1,13,1,0,0,0,0,0,0,0,0,0,0,0,0,0,0,0,0,0,0,0,0,0,0,9,0,9,0,11,1,10,2,12,3,11,4,11,5,11,5,11,6,11,7,10,7,10,7,10,7,10,7,10,7,10,7,10,6,11,6,10,5,11,5,11,5,12,5,12,5,12,5,12,5,12,4]"
2025-08-18 22:02:32.411386,CSI_DATA,1988,1a:00:00:00:00:00,-51,11,0,0,0,0,0,0,0,0,0,-94,0,1,0,337392045,0,31,0,128,0,"[0,0,8,11,8,11,8,10,8,10,9,9,9,9,9,9,10,8,9,8,10,7,10,7,11,6,11,6,11,6,12,6,12,6,12,6,12,6,13,6,12,7,12,7,12,7,11,8,11,8,10,8,10,9,0,0,0,0,0,0,0,0,0,0,0,0,0,0,0,0,0,0,0,0,0,0,8,5,8,6,8,7,7,8,7,9,7,10,7,11,6,11,5,12,5,12,4,12,4,12,4,12,4,12,4,12,4,12,5,11,5,11,6,11,6,11,6,11,7,11,7,11,7,11,8,11,8,11]"
2025-08-18 22:02:32.618532,CSI_DATA,1989,1a:00:00:00:00:00,-51,11,0,0,0,0,0,0,0,0,0,-94,0,1,0,337593285,0,31,0,128,0,"[0,0,13,-5,12,-6,12,-6,12,-7,11,-7,11,-7,11,-7,10,-8,10,-8,10,-9,9,-9,9,-10,9,-10,8,-10,9,-11,8,-11,9,-11,9,-11,9,-11,10,-11,10,-11,10,-11,10,-10,10,-9,10,-9,11,-8,0,0,0,0,0,0,0,0,0,0,0,0,0,0,0,0,0,0,0,0,0,0,8,-7,8,-6,10,-6,10,-5,11,-5,12,-4,13,-4,13,-3,13,-3,13,-2,13,-1,13,-1,13,-1,13,-1,12,-1,13,-2,12,-2,13,-3,12,-3,13,-4,12,-4,13,-4,13,-5,13,-5,13,-5,13,-5]"
2025-08-18 22:02:32.818053,CSI_DATA,1990,1a:00:00:00:00:00,-51,11,0,0,0,0,0,0,0,0,0,-94,0,1,0,337794409,0,31,0,128,0,"[0,0,10,-9,9,-9,9,-9,9,-9,8,-10,8,-10,8,-10,7,-10,7,-10,6,-11,6,-11,5,-12,5,-12,5,-12,5,-12,5,-13,5,-13,5,-13,6,-13,6,-13,6,-13,6,-12,6,-12,7,-12,7,-11,8,-11,0,0,0,0,0,0,0,0,0,0,0,0,0,0,0,0,0,0,0,0,0,0,4,-9,5,-9,6,-9,7,-9,8,-8,9,-8,10,-8,11,-7,11,-7,11,-6,11,-6,11,-6,11,-7,10,-6,10,-4,11,-4,11,-6,10,-7,10,-7,10,-7,10,-8,10,-8,10,-9,10,-9,10,-9,10,-9]"
2025-08-18 22:02:32.885004,CSI_DATA,1991,1a:00:00:00:00:00,-51,11,0,0,0,0,0,0,0,0,0,-94,0,1,0,337855762,0,42,0,128,0,"[0,0,-11,9,-10,9,-10,9,-10,9,-9,10,-9,10,-8,10,-8,10,-7,10,-7,10,-6,11,-6,11,-5,11,-5,12,-5,12,-5,13,-5,12,-6,13,-6,13,-6,13,-7,12,-7,12,-7,12,-7,12,-7,11,-8,11,0,0,0,0,0,0,0,0,0,0,0,0,0,0,0,0,0,0,0,0,0,0,-5,8,-6,9,-7,8,-8,8,-9,8,-11,8,-11,7,-12,7,-12,7,-12,6,-13,6,-12,5,-12,6,-12,6,-12,6,-12,6,-12,6,-11,6,-12,7,-11,7,-11,7,-11,7,-11,8,-11,9,-11,9,-11,9]"
2025-08-18 22:02:32.949913,CSI_DATA,1992,1a:00:00:00:00:00,-52,11,0,0,0,0,0,0,0,0,0,-94,0,1,0,337922193,0,31,0,128,0,"[0,0,-14,-2,-14,-2,-14,-2,-14,-1,-14,-1,-13,0,-14,0,-13,1,-13,1,-13,2,-13,2,-13,3,-13,3,-13,4,-13,4,-13,4,-14,4,-14,4,-14,4,-14,4,-14,3,-14,3,-14,2,-14,2,-14,2,-14,1,0,0,0,0,0,0,0,0,0,0,0,0,0,0,0,0,0,0,0,0,0,0,-10,1,-11,1,-12,0,-12,-1,-13,-2,-13,-3,-13,-4,-13,-4,-13,-5,-13,-6,-13,-5,-13,-6,-13,-6,-12,-6,-12,-6,-12,-5,-13,-5,-13,-4,-13,-5,-13,-4,-14,-4,-14,-4,-14,-3,-14,-3,-14,-3,-14,-3]"
2025-08-18 22:02:33.146966,CSI_DATA,1993,1a:00:00:00:00:00,-52,11,0,0,0,0,0,0,0,0,0,-94,0,1,0,338123258,0,31,0,128,0,"[0,0,11,-7,11,-7,11,-7,10,-7,10,-8,9,-8,9,-8,9,-8,9,-9,8,-9,8,-10,7,-10,7,-11,7,-11,7,-11,7,-11,7,-11,8,-12,8,-12,8,-11,9,-11,9,-11,9,-10,9,-10,9,-10,10,-9,0,0,0,0,0,0,0,0,0,0,0,0,0,0,0,0,0,0,0,0,0,0,6,-8,7,-8,7,-7,8,-7,9,-7,10,-7,11,-6,11,-6,12,-5,12,-4,12,-4,12,-4,12,-4,12,-4,12,-4,11,-4,11,-4,11,-5,11,-5,11,-5,11,-5,11,-6,11,-6,11,-7,11,-7,12,-7]"
2025-08-18 22:02:33.347913,CSI_DATA,1994,1a:00:00:00:00:00,-52,11,0,0,0,0,0,0,0,0,0,-94,0,1,0,338325802,0,31,0,128,0,"[0,0,-2,13,-1,13,-1,13,-1,13,0,13,0,12,0,12,1,12,1,12,2,12,3,12,3,12,4,12,4,12,5,12,5,12,5,13,5,13,4,13,4,13,4,13,3,13,3,13,3,13,2,13,1,13,0,0,0,0,0,0,0,0,0,0,0,0,0,0,0,0,0,0,0,0,0,0,2,9,1,10,1,10,0,11,-1,12,-2,12,-3,12,-4,12,-4,12,-5,12,-5,12,-6,12,-5,12,-5,12,-5,11,-5,11,-4,11,-4,12,-4,12,-3,12,-3,12,-3,13,-3,13,-2,13,-2,13,-2,13]"
2025-08-18 22:02:33.554231,CSI_DATA,1995,1a:00:00:00:00:00,-52,11,0,0,0,0,0,0,0,0,0,-94,0,1,0,338525669,0,31,0,128,0,"[0,0,-3,-14,-4,-14,-4,-14,-4,-13,-4,-14,-5,-13,-5,-13,-6,-12,-6,-12,-6,-12,-7,-12,-7,-12,-8,-12,-8,-11,-9,-11,-9,-12,-9,-12,-9,-12,-9,-12,-9,-12,-8,-12,-8,-13,-7,-13,-7,-13,-6,-13,-5,-13,0,0,0,0,0,0,0,0,0,0,0,0,0,0,0,0,0,0,0,0,0,0,-5,-9,-5,-10,-4,-11,-4,-12,-3,-12,-2,-13,-2,-13,-1,-14,-1,-14,1,-14,1,-14,1,-14,1,-14,1,-13,1,-13,0,-13,0,-13,0,-13,-1,-14,-1,-14,-2,-14,-2,-14,-2,-14,-2,-14,-2,-14,-2,-14]"
2025-08-18 22:02:33.764781,CSI_DATA,1996,1a:00:00:00:00:00,-51,11,0,0,0,0,0,0,0,0,0,-94,0,1,0,338726789,0,31,0,128,0,"[0,0,12,-6,12,-7,11,-7,11,-7,11,-7,11,-8,10,-8,10,-9,9,-9,9,-10,9,-10,8,-10,8,-10,8,-11,8,-11,8,-11,8,-12,9,-12,9,-12,9,-12,9,-11,9,-11,9,-10,10,-10,10,-9,10,-9,0,0,0,0,0,0,0,0,0,0,0,0,0,0,0,0,0,0,0,0,0,0,7,-7,8,-7,9,-7,10,-6,10,-6,11,-6,12,-5,12,-5,13,-4,13,-3,13,-3,13,-3,13,-2,12,-2,12,-3,12,-3,12,-3,12,-4,12,-4,12,-5,12,-5,12,-5,12,-6,12,-6,12,-6,13,-6]"
2025-08-18 22:02:33.951778,CSI_DATA,1997,1a:00:00:00:00:00,-51,11,0,0,0,0,0,0,0,0,0,-94,0,1,0,338927946,0,31,0,128,0,"[0,0,-8,11,-7,11,-7,11,-7,11,-6,11,-6,11,-5,11,-5,11,-4,11,-4,11,-3,12,-2,12,-2,12,-2,13,-2,13,-2,13,-2,13,-2,14,-2,14,-3,14,-3,13,-4,13,-4,13,-4,13,-4,12,-5,12,0,0,0,0,0,0,0,0,0,0,0,0,0,0,0,0,0,0,0,0,0,0,-3,9,-4,9,-5,9,-6,10,-6,10,-8,10,-8,10,-9,10,-10,9,-10,9,-10,8,-10,8,-10,8,-10,8,-10,8,-10,8,-10,8,-9,9,-9,9,-9,9,-9,10,-9,10,-8,10,-8,11,-8,11,-8,11]"
2025-08-18 22:02:34.152661,CSI_DATA,1998,1a:00:00:00:00:00,-51,11,0,0,0,0,0,0,0,0,0,-94,0,1,0,339129328,0,31,0,128,0,"[0,0,9,-10,8,-10,8,-10,7,-10,7,-11,6,-11,6,-11,6,-11,5,-11,5,-11,4,-12,4,-12,3,-12,3,-13,3,-12,3,-13,3,-13,3,-14,4,-14,4,-14,4,-13,5,-13,5,-13,5,-13,6,-12,6,-12,0,0,0,0,0,0,0,0,0,0,0,0,0,0,0,0,0,0,0,0,0,0,4,-9,5,-9,5,-9,6,-9,7,-9,8,-9,9,-8,10,-8,10,-8,10,-7,10,-7,11,-7,10,-7,10,-7,10,-7,10,-7,10,-7,9,-7,10,-8,9,-8,9,-9,9,-9,9,-9,9,-10,9,-10,9,-10]"
2025-08-18 22:02:34.352964,CSI_DATA,1999,1a:00:00:00:00:00,-51,11,0,0,0,0,0,0,0,0,0,-94,0,1,0,339330381,0,31,0,128,0,"[0,0,-4,13,-4,13,-3,13,-3,13,-2,13,-2,13,-1,13,-1,12,0,12,0,12,1,12,1,12,2,12,2,13,2,13,3,13,3,14,2,14,2,14,2,14,1,14,1,14,1,14,0,14,-1,13,-1,13,0,0,0,0,0,0,0,0,0,0,0,0,0,0,0,0,0,0,0,0,0,0,0,9,-1,10,-1,11,-2,11,-3,12,-4,12,-5,12,-6,12,-6,12,-7,12,-8,11,-8,11,-7,11,-7,11,-7,11,-7,11,-7,11,-6,11,-6,12,-6,12,-5,12,-5,12,-5,13,-4,13,-4,13,-4,13]"
2025-08-18 22:02:34.425756,CSI_DATA,2000,1a:00:00:00:00:00,-51,11,0,0,0,0,0,0,0,0,0,-94,0,1,0,339391744,0,42,0,128,0,"[0,0,-3,-14,-4,-14,-4,-13,-4,-13,-5,-13,-5,-12,-5,-12,-6,-12,-6,-12,-7,-11,-7,-11,-8,-11,-8,-11,-9,-11,-9,-11,-9,-11,-9,-11,-9,-12,-9,-12,-9,-12,-8,-12,-8,-13,-7,-13,-7,-13,-7,-12,-6,-12,0,0,0,0,0,0,0,0,0,0,0,0,0,0,0,0,0,0,0,0,0,0,-5,-9,-5,-10,-5,-11,-4,-11,-4,-12,-3,-13,-2,-13,-1,-14,-1,-14,0,-14,0,-14,0,-14,0,-14,0,-13,0,-14,0,-13,0,-13,-1,-13,-1,-14,-1,-14,-2,-13,-2,-14,-2,-14,-3,-14,-3,-14,-3,-14]"
2025-08-18 22:02:34.476788,CSI_DATA,2001,1a:00:00:00:00:00,-51,11,0,0,0,0,0,0,0,0,0,-94,0,1,0,339457948,0,31,0,128,0,"[0,0,3,12,3,12,3,11,4,12,4,11,4,11,5,10,5,10,6,10,6,10,6,9,7,9,8,9,8,9,8,9,8,9,9,10,8,9,9,10,9,10,8,10,8,11,7,11,7,11,6,11,6,11,0,0,0,0,0,0,0,0,0,0,0,0,0,0,0,0,0,0,0,0,0,0,5,7,4,8,4,9,3,10,3,11,2,11,2,12,1,12,1,12,0,13,-1,12,-1,12,-1,12,-1,12,0,12,-1,12,0,12,0,12,1,11,1,12,2,12,2,12,2,12,3,12,3,12,3,12]"
2025-08-18 22:02:34.683747,CSI_DATA,2002,1a:00:00:00:00:00,-52,11,0,0,0,0,0,0,0,0,0,-94,0,1,0,339659006,0,31,0,128,0,"[0,0,-13,6,-12,6,-12,6,-12,7,-12,7,-11,7,-11,7,-10,8,-10,8,-9,9,-9,9,-8,10,-8,10,-8,10,-8,11,-8,11,-8,11,-9,12,-9,11,-9,11,-10,11,-9,11,-10,10,-10,10,-10,9,-11,9,0,0,0,0,0,0,0,0,0,0,0,0,0,0,0,0,0,0,0,0,0,0,-8,6,-9,6,-10,6,-11,5,-11,5,-12,5,-13,4,-13,3,-14,3,-14,2,-14,2,-14,2,-14,2,-13,2,-13,2,-13,2,-13,3,-13,3,-13,3,-13,4,-13,4,-13,4,-13,5,-13,5,-13,6,-13,6]"
2025-08-18 22:02:34.881384,CSI_DATA,2003,1a:00:00:00:00:00,-51,11,0,0,0,0,0,0,0,0,0,-94,0,1,0,339860148,0,31,0,128,0,"[0,0,13,2,12,2,12,2,12,1,12,1,12,1,12,0,12,0,11,-1,11,-2,12,-2,11,-3,12,-3,12,-3,12,-3,12,-4,12,-4,13,-4,13,-3,13,-3,13,-3,13,-2,12,-2,12,-2,12,-1,12,0,0,0,0,0,0,0,0,0,0,0,0,0,0,0,0,0,0,0,0,0,0,0,9,-2,10,-1,10,0,11,1,11,1,11,2,12,3,11,4,11,5,11,5,11,5,11,6,11,6,10,5,11,5,10,5,11,5,11,4,11,4,11,4,11,4,12,3,12,3,13,3,13,3,13,3]"
2025-08-18 22:02:35.087423,CSI_DATA,2004,1a:00:00:00:00:00,-52,11,0,0,0,0,0,0,0,0,0,-94,0,1,0,340061285,0,31,0,128,0,"[0,0,5,-14,4,-14,4,-13,4,-13,3,-13,2,-13,2,-13,1,-13,1,-13,1,-13,0,-13,-1,-13,-1,-14,-1,-14,-1,-14,-1,-14,-1,-15,-1,-14,-1,-15,-1,-15,-1,-15,0,-15,0,-15,1,-14,2,-14,2,-14,0,0,0,0,0,0,0,0,0,0,0,0,0,0,0,0,0,0,0,0,0,0,0,-10,1,-11,2,-12,2,-12,3,-12,4,-12,5,-12,6,-12,7,-12,7,-12,7,-11,8,-11,8,-11,7,-11,7,-11,7,-11,7,-11,6,-12,6,-12,6,-12,5,-12,5,-13,5,-13,5,-13,5,-13,5,-14]"
2025-08-18 22:02:35.305147,CSI_DATA,2005,1a:00:00:00:00:00,-52,11,0,0,0,0,0,0,0,0,0,-94,0,1,0,340262607,0,31,0,128,0,"[0,0,-2,-14,-3,-14,-3,-14,-3,-14,-4,-14,-4,-14,-4,-13,-5,-13,-5,-12,-6,-12,-6,-12,-7,-12,-7,-12,-7,-12,-8,-12,-8,-12,-8,-12,-8,-13,-8,-13,-7,-13,-7,-13,-7,-13,-6,-13,-6,-14,-6,-13,-5,-14,0,0,0,0,0,0,0,0,0,0,0,0,0,0,0,0,0,0,0,0,0,0,-5,-9,-4,-10,-4,-11,-3,-12,-3,-13,-2,-13,-1,-14,0,-14,0,-14,0,-14,1,-14,1,-14,1,-14,1,-13,1,-13,1,-13,1,-13,0,-13,0,-14,0,-14,-1,-14,-1,-14,-1,-14,-2,-14,-2,-14,-2,-14]"
2025-08-18 22:02:35.505478,CSI_DATA,2006,1a:00:00:00:00:00,-52,11,0,0,0,0,0,0,0,0,0,-94,0,1,0,340463822,0,31,0,128,0,"[0,0,-1,-14,-2,-14,-2,-14,-2,-14,-3,-14,-3,-13,-3,-13,-4,-13,-4,-13,-5,-12,-5,-12,-6,-12,-7,-12,-7,-12,-7,-12,-8,-12,-7,-13,-8,-13,-7,-13,-7,-13,-7,-13,-6,-14,-6,-14,-6,-14,-5,-13,-4,-14,0,0,0,0,0,0,0,0,0,0,0,0,0,0,0,0,0,0,0,0,0,0,-4,-9,-4,-10,-3,-11,-3,-12,-2,-13,-1,-13,0,-14,1,-14,1,-14,2,-14,2,-13,3,-13,2,-14,2,-13,2,-13,2,-13,2,-13,1,-13,1,-14,1,-14,0,-14,0,-14,-1,-14,-1,-14,-1,-14,-1,-14]"
2025-08-18 22:02:35.686303,CSI_DATA,2007,1a:00:00:00:00:00,-51,11,0,0,0,0,0,0,0,0,0,-94,0,1,0,340664958,0,31,0,128,0,"[0,0,13,4,12,3,13,3,13,2,13,2,12,1,12,1,12,0,12,0,12,-1,12,-1,12,-2,12,-2,13,-3,13,-3,13,-3,13,-3,14,-3,14,-3,14,-3,14,-2,14,-2,13,-1,13,-1,13,0,13,0,0,0,0,0,0,0,0,0,0,0,0,0,0,0,0,0,0,0,0,0,0,0,9,-1,10,0,10,1,11,2,12,2,12,3,12,4,12,5,12,5,11,6,11,6,11,7,11,7,11,7,11,6,10,6,11,6,11,5,11,5,12,5,12,5,12,4,12,4,13,4,13,4,13,4]"
2025-08-18 22:02:35.884378,CSI_DATA,2008,1a:00:00:00:00:00,-51,11,0,0,0,0,0,0,0,0,0,-94,0,1,0,340866092,0,31,0,128,0,"[0,0,10,9,10,9,10,8,10,8,10,7,10,7,10,7,10,6,10,6,11,5,11,4,12,4,12,4,12,4,12,4,12,3,13,4,13,4,13,5,13,5,13,5,12,6,12,6,12,6,11,6,11,7,0,0,0,0,0,0,0,0,0,0,0,0,0,0,0,0,0,0,0,0,0,0,9,3,9,3,10,5,9,6,10,7,9,7,9,9,9,9,8,10,8,10,8,10,7,10,8,10,7,10,7,10,7,10,7,10,8,9,8,9,8,10,9,9,9,9,9,9,10,9,10,9,10,8]"
2025-08-18 22:02:35.957709,CSI_DATA,2009,1a:00:00:00:00:00,-51,11,0,0,0,0,0,0,0,0,0,-94,0,1,0,340927781,0,42,0,128,0,"[0,0,-10,-11,-11,-10,-10,-10,-10,-10,-11,-9,-11,-9,-11,-8,-11,-8,-11,-7,-12,-7,-12,-7,-12,-6,-13,-6,-13,-5,-13,-5,-13,-5,-14,-6,-14,-6,-14,-6,-14,-6,-14,-6,-13,-7,-13,-7,-13,-8,-12,-8,-11,-8,0,0,0,0,0,0,0,0,0,0,0,0,0,0,0,0,0,0,0,0,0,0,-9,-5,-9,-6,-9,-7,-10,-8,-10,-9,-9,-10,-9,-11,-9,-11,-8,-12,-8,-12,-7,-12,-6,-12,-7,-12,-7,-12,-7,-12,-7,-12,-7,-11,-8,-11,-8,-11,-9,-11,-9,-11,-9,-11,-9,-11,-10,-11,-10,-11,-10,-11]"
2025-08-18 22:02:36.017313,CSI_DATA,2010,1a:00:00:00:00:00,-51,11,0,0,0,0,0,0,0,0,0,-94,0,1,0,340993884,0,31,0,128,0,"[0,0,10,-9,9,-9,9,-9,9,-9,8,-10,8,-10,7,-10,7,-10,6,-10,6,-11,6,-11,5,-11,5,-12,4,-12,5,-12,5,-13,5,-12,5,-13,5,-13,5,-13,6,-13,6,-12,6,-12,6,-12,7,-11,7,-11,0,0,0,0,0,0,0,0,0,0,0,0,0,0,0,0,0,0,0,0,0,0,5,-8,6,-8,6,-8,7,-8,8,-8,9,-8,10,-7,10,-7,11,-6,11,-6,11,-6,11,-5,11,-5,11,-5,11,-5,10,-5,11,-6,10,-6,10,-7,10,-7,10,-7,10,-8,10,-8,10,-8,10,-8,10,-9]"
2025-08-18 22:02:36.219402,CSI_DATA,2011,1a:00:00:00:00:00,-52,11,0,0,0,0,0,0,0,0,0,-94,0,1,0,341195239,0,31,0,128,0,"[0,0,-14,5,-13,5,-13,6,-12,6,-12,6,-12,7,-11,7,-11,7,-11,8,-10,8,-10,9,-9,9,-9,9,-9,10,-9,10,-9,10,-9,10,-10,11,-10,11,-10,10,-10,10,-11,10,-10,9,-11,9,-11,8,-11,8,0,0,0,0,0,0,0,0,0,0,0,0,0,0,0,0,0,0,0,0,0,0,-8,6,-9,6,-10,5,-11,5,-11,4,-13,4,-13,3,-14,3,-14,2,-13,2,-14,1,-14,1,-14,1,-14,1,-13,1,-13,1,-14,2,-13,2,-13,3,-13,3,-13,4,-13,4,-13,5,-13,5,-14,5,-14,5]"
2025-08-18 22:02:36.425814,CSI_DATA,2012,1a:00:00:00:00:00,-51,11,0,0,0,0,0,0,0,0,0,-94,0,1,0,341396347,0,31,0,128,0,"[0,0,-7,-12,-8,-12,-8,-11,-8,-11,-8,-11,-8,-10,-9,-10,-9,-10,-9,-9,-10,-9,-10,-8,-11,-8,-11,-8,-11,-8,-12,-7,-12,-7,-12,-8,-12,-8,-13,-8,-12,-8,-12,-9,-12,-9,-11,-9,-11,-10,-10,-10,-10,-10,0,0,0,0,0,0,0,0,0,0,0,0,0,0,0,0,0,0,0,0,0,0,-8,-7,-8,-8,-7,-9,-7,-8,-7,-10,-5,-12,-6,-12,-6,-13,-5,-13,-4,-13,-4,-13,-3,-13,-3,-13,-4,-13,-4,-13,-4,-13,-4,-12,-5,-12,-5,-12,-6,-13,-6,-12,-6,-13,-7,-13,-7,-13,-7,-13,-7,-12]"
2025-08-18 22:02:36.619440,CSI_DATA,2013,1a:00:00:00:00:00,-51,11,0,0,0,0,0,0,0,0,0,-94,0,1,0,341597449,0,31,0,128,0,"[0,0,13,2,13,1,12,1,13,0,13,0,12,-1,12,-1,12,-2,12,-2,12,-3,12,-4,12,-4,12,-4,12,-5,12,-5,12,-6,12,-5,13,-5,13,-6,13,-5,13,-5,13,-4,13,-3,13,-3,13,-2,13,-2,0,0,0,0,0,0,0,0,0,0,0,0,0,0,0,0,0,0,0,0,0,0,9,-3,10,-2,10,-1,11,0,12,0,12,1,12,2,12,3,12,3,12,4,12,5,11,5,11,5,11,5,11,4,11,4,12,4,12,3,12,3,12,3,12,3,13,2,13,2,13,2,13,2,13,1]"
2025-08-18 22:02:36.827965,CSI_DATA,2014,1a:00:00:00:00:00,-51,11,0,0,0,0,0,0,0,0,0,-94,0,1,0,341798590,0,31,0,128,0,"[0,0,4,12,4,12,5,11,5,12,5,11,5,11,6,10,7,10,6,9,7,9,7,9,8,9,9,8,9,8,9,9,9,9,10,9,10,9,10,10,10,9,9,9,9,10,8,10,8,11,7,11,6,11,0,0,0,0,0,0,0,0,0,0,0,0,0,0,0,0,0,0,0,0,0,0,5,7,5,8,5,9,5,10,4,11,4,11,3,12,3,12,2,13,1,13,1,13,0,13,0,13,1,12,1,13,1,12,1,12,2,12,2,12,3,12,3,12,3,12,3,12,3,13,4,13,4,12]"
2025-08-18 22:02:37.018636,CSI_DATA,2015,1a:00:00:00:00:00,-51,11,0,0,0,0,0,0,0,0,0,-94,0,1,0,341999735,0,31,0,128,0,"[0,0,9,10,9,10,9,9,9,9,10,9,9,8,10,8,10,7,10,6,10,6,11,6,11,5,11,5,12,5,12,4,13,4,12,5,13,5,13,5,13,5,12,5,12,6,12,6,12,7,11,7,11,7,0,0,0,0,0,0,0,0,0,0,0,0,0,0,0,0,0,0,0,0,0,0,8,5,8,6,8,7,8,8,8,8,8,9,7,10,7,11,7,11,6,12,5,12,5,12,5,12,5,12,5,12,5,11,6,11,6,10,7,11,7,11,7,11,8,11,8,10,9,11,9,11,9,10]"
2025-08-18 22:02:37.224373,CSI_DATA,2016,1a:00:00:00:00:00,-51,11,0,0,0,0,0,0,0,0,0,-94,0,1,0,342200904,0,31,0,128,0,"[0,0,14,-2,13,-3,13,-3,13,-4,13,-4,12,-4,12,-4,12,-5,11,-5,11,-6,11,-6,11,-7,10,-7,11,-8,11,-8,11,-9,11,-8,11,-9,11,-9,12,-9,12,-8,12,-8,12,-7,12,-6,12,-6,12,-6,0,0,0,0,0,0,0,0,0,0,0,0,0,0,0,0,0,0,0,0,0,0,9,-4,9,-4,10,-3,11,-3,12,-2,12,-1,13,-1,13,0,13,1,13,2,13,2,13,2,12,2,12,2,12,2,12,1,12,1,12,0,13,0,13,0,13,-1,13,-1,13,-1,13,-1,14,-1,14,-2]"
2025-08-18 22:02:37.431778,CSI_DATA,2017,1a:00:00:00:00:00,-51,11,0,0,0,0,0,0,0,0,0,-94,0,1,0,342402089,0,31,0,128,0,"[0,0,-9,-11,-9,-12,-9,-11,-9,-11,-9,-10,-9,-10,-10,-9,-10,-9,-10,-8,-10,-8,-11,-7,-11,-7,-12,-7,-12,-7,-12,-7,-12,-7,-13,-7,-13,-7,-13,-7,-13,-7,-13,-8,-12,-8,-12,-9,-12,-9,-11,-9,-11,-9,0,0,0,0,0,0,0,0,0,0,0,0,0,0,0,0,0,0,0,0,0,0,-9,-6,-9,-6,-9,-8,-9,-9,-9,-10,-8,-11,-8,-11,-7,-12,-7,-12,-6,-13,-6,-13,-5,-13,-5,-13,-5,-13,-5,-12,-6,-12,-6,-12,-6,-12,-7,-12,-7,-12,-7,-12,-8,-12,-8,-12,-8,-12,-8,-12,-8,-11]"
2025-08-18 22:02:37.494265,CSI_DATA,2018,1a:00:00:00:00:00,-52,11,0,0,0,0,0,0,0,0,0,-94,0,1,0,342463749,0,42,0,128,0,"[0,0,-7,-13,-8,-12,-8,-12,-8,-12,-8,-11,-9,-11,-9,-11,-9,-10,-9,-10,-10,-9,-10,-9,-11,-8,-11,-8,-12,-8,-12,-8,-12,-7,-12,-8,-12,-8,-12,-9,-12,-9,-12,-9,-12,-9,-11,-10,-11,-10,-10,-10,-10,-11,0,0,0,0,0,0,0,0,0,0,0,0,0,0,0,0,0,0,0,0,0,0,-7,-7,-7,-8,-7,-10,-7,-10,-7,-11,-6,-12,-5,-13,-5,-13,-4,-13,-4,-14,-3,-14,-3,-14,-3,-14,-3,-13,-3,-13,-3,-13,-4,-13,-5,-13,-5,-13,-5,-13,-6,-13,-6,-13,-6,-13,-7,-13,-7,-13,-7,-13]"
2025-08-18 22:02:37.553461,CSI_DATA,2019,1a:00:00:00:00:00,-52,11,0,0,0,0,0,0,0,0,0,-94,0,1,0,342530081,0,31,0,128,0,"[0,0,-9,11,-8,10,-8,11,-8,11,-7,11,-7,11,-6,11,-5,11,-5,11,-4,11,-4,12,-4,12,-3,12,-3,13,-3,13,-3,13,-3,13,-3,14,-3,14,-4,14,-4,13,-4,13,-4,13,-5,13,-6,12,-6,12,0,0,0,0,0,0,0,0,0,0,0,0,0,0,0,0,0,0,0,0,0,0,-4,9,-5,9,-5,9,-6,9,-7,10,-8,10,-9,9,-10,9,-10,9,-11,8,-11,8,-11,7,-11,7,-11,7,-11,7,-11,7,-10,8,-10,8,-10,9,-9,9,-10,9,-9,10,-9,10,-9,10,-9,10,-9,10]"
2025-08-18 22:02:37.755009,CSI_DATA,2020,1a:00:00:00:00:00,-52,11,0,0,0,0,0,0,0,0,0,-94,0,1,0,342730840,0,31,0,128,0,"[0,0,13,-5,12,-5,12,-5,12,-6,12,-6,11,-6,10,-7,10,-7,10,-8,10,-8,10,-8,9,-9,9,-9,9,-10,9,-10,9,-10,9,-11,10,-11,10,-11,10,-11,10,-10,10,-10,10,-9,11,-9,11,-8,11,-8,0,0,0,0,0,0,0,0,0,0,0,0,0,0,0,0,0,0,0,0,0,0,8,-6,8,-6,9,-5,10,-5,11,-5,12,-4,12,-3,13,-3,13,-2,13,-1,13,-1,13,0,13,0,13,0,12,-1,12,-1,12,-2,12,-2,12,-2,12,-3,12,-3,13,-4,13,-4,13,-4,13,-4,13,-5]"
2025-08-18 22:02:37.959325,CSI_DATA,2021,1a:00:00:00:00:00,-52,11,0,0,0,0,0,0,0,0,0,-94,0,1,0,342932032,0,31,0,128,0,"[0,0,0,-14,0,-14,-1,-14,-1,-14,-2,-14,-2,-13,-3,-13,-3,-13,-3,-13,-4,-12,-4,-13,-5,-13,-5,-13,-6,-13,-6,-13,-6,-13,-6,-13,-6,-13,-6,-13,-6,-14,-6,-14,-5,-14,-5,-14,-4,-14,-3,-14,-3,-14,0,0,0,0,0,0,0,0,0,0,0,0,0,0,0,0,0,0,0,0,0,0,-3,-10,-3,-11,-2,-12,-1,-12,-1,-13,0,-13,1,-14,2,-14,2,-14,3,-13,4,-13,4,-13,4,-13,3,-13,3,-13,3,-13,3,-13,2,-13,2,-13,1,-14,1,-14,1,-14,1,-14,1,-14,0,-14,0,-15]"
2025-08-18 22:02:38.162714,CSI_DATA,2022,1a:00:00:00:00:00,-51,11,0,0,0,0,0,0,0,0,0,-94,0,1,0,343133161,0,31,0,128,0,"[0,0,-13,-5,-13,-5,-13,-5,-13,-4,-13,-4,-13,-4,-13,-4,-13,-3,-13,-2,-13,-1,-13,-1,-13,0,-14,0,-14,0,-14,1,-14,1,-14,1,-14,1,-15,0,-15,0,-15,0,-15,-1,-14,-1,-14,-1,-14,-2,-14,-2,0,0,0,0,0,0,0,0,0,0,0,0,0,0,0,0,0,0,0,0,0,0,-10,-1,-11,-2,-11,-3,-12,-4,-11,-5,-12,-6,-11,-7,-12,-7,-11,-8,-11,-8,-11,-9,-10,-9,-10,-9,-11,-8,-11,-9,-10,-8,-11,-8,-11,-7,-12,-7,-11,-7,-12,-7,-13,-7,-13,-6,-13,-6,-13,-7,-13,-6]"
2025-08-18 22:02:38.371168,CSI_DATA,2023,1a:00:00:00:00:00,-51,11,0,0,0,0,0,0,0,0,0,-94,0,1,0,343334332,0,31,0,128,0,"[0,0,-15,-1,-14,-1,-14,-1,-14,0,-14,0,-13,1,-13,1,-13,1,-13,2,-13,3,-12,3,-12,4,-13,4,-13,5,-13,5,-13,5,-13,5,-14,5,-14,6,-14,5,-14,4,-14,4,-14,4,-14,3,-14,2,-14,2,0,0,0,0,0,0,0,0,0,0,0,0,0,0,0,0,0,0,0,0,0,0,-10,2,-11,1,-12,0,-12,-1,-13,-1,-13,-2,-13,-3,-13,-4,-14,-4,-13,-5,-13,-5,-13,-6,-13,-6,-13,-5,-13,-5,-13,-5,-13,-4,-13,-4,-13,-4,-14,-4,-13,-3,-14,-3,-14,-2,-14,-2,-14,-2,-15,-2]"
2025-08-18 22:02:38.559754,CSI_DATA,2024,1a:00:00:00:00:00,-51,11,0,0,0,0,0,0,0,0,0,-94,0,1,0,343535587,0,31,0,128,0,"[0,0,-9,11,-8,10,-8,11,-7,11,-7,11,-7,11,-6,11,-5,11,-5,11,-4,11,-4,12,-3,12,-3,12,-3,13,-3,12,-3,13,-3,13,-3,14,-3,13,-4,13,-4,13,-5,13,-5,12,-5,13,-5,12,-6,12,0,0,0,0,0,0,0,0,0,0,0,0,0,0,0,0,0,0,0,0,0,0,-3,9,-4,10,-4,9,-6,10,-6,9,-8,10,-9,10,-9,9,-10,9,-10,8,-10,8,-10,8,-10,8,-10,8,-10,8,-10,8,-10,8,-9,8,-9,9,-9,9,-9,9,-9,10,-9,10,-8,10,-8,11,-8,11]"
2025-08-18 22:02:38.754863,CSI_DATA,2025,1a:00:00:00:00:00,-51,11,0,0,0,0,0,0,0,0,0,-94,0,1,0,343736898,0,31,0,128,0,"[0,0,7,12,6,11,7,11,8,10,9,10,8,9,10,11,9,9,8,8,9,8,9,7,10,7,10,7,11,7,11,7,11,7,11,7,12,7,12,7,12,8,11,8,11,8,11,9,10,9,9,9,9,10,0,0,0,0,0,0,0,0,0,0,0,0,0,0,0,0,0,0,0,0,0,0,7,6,7,7,7,8,7,9,6,10,6,11,5,11,5,12,4,12,3,13,3,13,3,12,3,13,3,12,3,12,3,12,3,12,4,11,4,12,5,12,5,12,5,12,6,12,6,12,6,12,7,12]"
2025-08-18 22:02:38.955859,CSI_DATA,2026,1a:00:00:00:00:00,-51,11,0,0,0,0,0,0,0,0,0,-94,0,1,0,343937988,0,31,0,128,0,"[0,0,11,8,10,8,11,8,11,7,11,7,11,6,11,5,11,5,11,4,12,3,12,3,12,3,12,2,13,2,13,2,13,2,13,2,14,2,14,2,14,2,14,3,14,3,13,4,13,4,13,5,12,5,0,0,0,0,0,0,0,0,0,0,0,0,0,0,0,0,0,0,0,0,0,0,9,3,9,4,9,5,9,6,9,7,9,8,9,9,9,9,8,10,8,10,7,11,7,11,7,11,7,11,7,10,7,10,7,10,8,9,8,10,9,9,8,8,9,9,10,9,10,9,10,9,11,8]"
2025-08-18 22:02:39.028900,CSI_DATA,2027,1a:00:00:00:00:00,-51,11,0,0,0,0,0,0,0,0,0,-94,0,1,0,343999720,0,42,0,128,0,"[0,0,-2,14,-1,13,-1,13,-1,13,0,13,1,13,1,12,2,12,2,12,2,12,3,12,4,12,4,12,5,12,5,12,5,12,5,13,5,13,5,13,4,13,4,13,4,13,3,14,2,14,2,13,1,13,0,0,0,0,0,0,0,0,0,0,0,0,0,0,0,0,0,0,0,0,0,0,2,9,1,10,1,11,0,11,-1,12,-2,12,-3,13,-3,13,-4,13,-5,13,-5,13,-5,12,-5,12,-5,12,-4,12,-5,12,-4,12,-4,12,-3,12,-3,13,-3,13,-2,13,-2,14,-2,14,-2,14,-2,14]"
2025-08-18 22:02:39.093149,CSI_DATA,2028,1a:00:00:00:00:00,-51,11,0,0,0,0,0,0,0,0,0,-94,0,1,0,344065825,0,31,0,128,0,"[0,0,1,-14,0,-15,-1,-14,-1,-14,-1,-13,-2,-13,-2,-13,-3,-13,-3,-13,-4,-12,-4,-12,-5,-13,-5,-13,-6,-12,-6,-12,-6,-13,-6,-13,-6,-13,-6,-13,-6,-14,-6,-14,-5,-14,-5,-14,-4,-14,-3,-14,-3,-14,0,0,0,0,0,0,0,0,0,0,0,0,0,0,0,0,0,0,0,0,0,0,-3,-10,-3,-10,-2,-11,-1,-12,-1,-13,0,-13,1,-13,2,-13,3,-13,3,-14,4,-13,4,-13,4,-13,3,-13,3,-13,3,-13,3,-13,2,-13,2,-13,2,-14,1,-14,1,-14,1,-14,1,-14,1,-15,0,-14]"
2025-08-18 22:02:39.292520,CSI_DATA,2029,1a:00:00:00:00:00,-51,11,0,0,0,0,0,0,0,0,0,-94,0,1,0,344266866,0,31,0,128,0,"[0,0,-15,1,-14,2,-14,2,-14,3,-13,3,-13,3,-13,3,-13,4,-12,5,-12,5,-12,6,-11,6,-11,6,-11,7,-12,8,-12,8,-12,8,-12,8,-12,8,-13,7,-13,7,-13,7,-13,6,-13,6,-13,6,-13,5,0,0,0,0,0,0,0,0,0,0,0,0,0,0,0,0,0,0,0,0,0,0,-9,4,-10,3,-11,3,-12,2,-13,2,-13,1,-14,0,-14,0,-14,-1,-14,-2,-14,-2,-14,-2,-13,-3,-14,-2,-13,-3,-13,-2,-14,-1,-14,-1,-14,-1,-14,0,-14,0,-14,0,-14,1,-15,1,-15,1,-15,1]"
2025-08-18 22:02:39.492057,CSI_DATA,2030,1a:00:00:00:00:00,-51,11,0,0,0,0,0,0,0,0,0,-94,0,1,0,344468119,0,31,0,128,0,"[0,0,-12,8,-11,8,-11,8,-11,8,-10,8,-10,9,-9,9,-9,9,-9,9,-8,10,-8,10,-7,11,-7,11,-7,11,-7,11,-7,12,-7,12,-7,12,-8,12,-8,12,-8,12,-8,11,-8,11,-9,11,-9,10,-10,10,0,0,0,0,0,0,0,0,0,0,0,0,0,0,0,0,0,0,0,0,0,0,-6,8,-7,8,-8,7,-9,7,-10,7,-11,7,-12,6,-12,6,-13,5,-13,5,-13,5,-13,4,-13,4,-13,4,-13,4,-12,4,-13,5,-12,5,-12,5,-12,6,-12,6,-12,7,-12,7,-12,7,-12,7,-12,8]"
2025-08-18 22:02:39.692897,CSI_DATA,2031,1a:00:00:00:00:00,-51,11,0,0,0,0,0,0,0,0,0,-94,0,1,0,344669244,0,31,0,128,0,"[0,0,-6,13,-5,12,-5,12,-5,12,-4,12,-4,12,-3,12,-3,12,-2,12,-2,12,-1,12,-1,12,0,13,0,13,0,13,0,13,0,13,0,14,0,14,-1,14,-1,14,-1,14,-1,13,-2,13,-2,13,-3,13,0,0,0,0,0,0,0,0,0,0,0,0,0,0,0,0,0,0,0,0,0,0,-1,9,-2,10,-3,10,-4,11,-4,11,-6,11,-7,11,-7,11,-8,11,-8,11,-9,10,-9,10,-9,10,-8,10,-8,10,-8,10,-8,10,-7,10,-7,11,-7,11,-7,11,-7,11,-6,12,-6,12,-6,12,-6,12]"
2025-08-18 22:02:39.888603,CSI_DATA,2032,1a:00:00:00:00:00,-52,11,0,0,0,0,0,0,0,0,0,-94,0,1,0,344870644,0,31,0,128,0,"[0,0,9,9,9,8,9,8,9,8,9,8,9,7,9,7,9,6,10,6,10,5,10,5,11,4,11,4,11,4,12,4,12,4,12,4,12,4,12,4,12,4,12,5,12,5,11,6,11,6,11,6,10,6,0,0,0,0,0,0,0,0,0,0,0,0,0,0,0,0,0,0,0,0,0,0,8,4,8,4,8,5,8,6,8,7,8,8,7,9,7,10,7,10,6,10,6,11,5,11,5,11,5,10,5,10,5,10,6,10,6,9,7,10,7,10,7,9,8,9,8,9,8,9,9,9,9,9]"
2025-08-18 22:02:40.095189,CSI_DATA,2033,1a:00:00:00:00:00,-52,11,0,0,0,0,0,0,0,0,0,-94,0,1,0,345071682,0,31,0,128,0,"[0,0,-12,8,-11,8,-11,8,-11,9,-10,8,-10,8,-9,9,-9,9,-9,9,-8,10,-8,10,-7,10,-7,11,-7,11,-7,12,-7,12,-7,12,-8,12,-8,12,-8,12,-8,11,-8,11,-9,11,-9,11,-9,10,-10,10,0,0,0,0,0,0,0,0,0,0,0,0,0,0,0,0,0,0,0,0,0,0,-6,8,-7,8,-8,8,-8,8,-10,8,-11,7,-12,7,-12,6,-12,6,-13,5,-13,5,-13,4,-13,4,-12,4,-12,4,-12,5,-12,5,-12,6,-12,5,-12,6,-12,6,-12,7,-12,7,-12,7,-12,8,-12,8]"
2025-08-18 22:02:40.290833,CSI_DATA,2034,1a:00:00:00:00:00,-51,11,0,0,0,0,0,0,0,0,0,-94,0,1,0,345272830,0,31,0,128,0,"[0,0,7,11,7,10,8,11,8,10,9,10,8,9,9,9,9,8,9,8,9,7,10,8,10,7,10,7,11,6,11,6,11,6,12,7,12,7,12,7,12,7,11,8,11,8,10,8,10,9,9,9,9,9,0,0,0,0,0,0,0,0,0,0,0,0,0,0,0,0,0,0,0,0,0,0,7,5,8,6,7,7,7,8,7,9,7,10,6,11,6,11,5,12,5,12,4,12,3,12,3,12,3,12,4,12,4,11,4,11,5,11,5,11,6,11,6,11,7,11,6,11,7,12,7,12,7,11]"
2025-08-18 22:02:40.490993,CSI_DATA,2035,1a:00:00:00:00:00,-51,11,0,0,0,0,0,0,0,0,0,-94,0,1,0,345474068,0,31,0,128,0,"[0,0,10,7,10,7,10,7,10,6,11,6,10,6,11,5,11,5,10,4,11,3,11,3,11,3,11,2,12,2,12,2,12,2,13,2,13,2,13,2,13,2,13,3,13,3,12,4,12,4,11,5,11,5,0,0,0,0,0,0,0,0,0,0,0,0,0,0,0,0,0,0,0,0,0,0,8,2,9,3,9,4,9,5,9,6,9,7,9,8,9,8,8,9,8,9,7,9,7,10,7,10,7,9,7,9,7,9,8,9,8,8,9,9,9,8,9,8,9,8,9,7,10,8,10,8,10,7]"
2025-08-18 22:02:40.565301,CSI_DATA,2036,1a:00:00:00:00:00,-51,11,0,0,0,0,0,0,0,0,0,-94,0,1,0,345535678,0,42,0,128,0,"[0,0,13,-1,13,-1,13,-1,13,-2,13,-2,12,-3,12,-3,12,-4,12,-4,12,-5,11,-6,11,-6,11,-7,11,-7,11,-8,11,-8,12,-8,12,-8,12,-8,12,-7,13,-7,13,-7,12,-6,12,-6,12,-6,13,-5,0,0,0,0,0,0,0,0,0,0,0,0,0,0,0,0,0,0,0,0,0,0,9,-3,10,-3,11,-2,11,-1,12,-1,12,0,13,1,13,2,13,2,13,3,13,3,12,3,12,4,12,3,12,3,12,3,12,2,13,1,12,1,13,1,13,1,13,1,14,0,14,0,14,-1,14,-1]"
2025-08-18 22:02:40.626359,CSI_DATA,2037,1a:00:00:00:00:00,-51,11,0,0,0,0,0,0,0,0,0,-94,0,1,0,345605427,0,31,0,128,0,"[0,0,0,13,0,13,0,12,1,12,2,12,2,12,2,12,3,12,3,11,3,11,4,11,5,10,5,10,5,11,6,11,6,11,6,12,6,11,6,12,5,12,5,12,4,12,4,12,4,12,3,12,2,12,0,0,0,0,0,0,0,0,0,0,0,0,0,0,0,0,0,0,0,0,0,0,3,8,3,9,2,10,1,10,1,11,0,11,-1,12,-2,12,-2,12,-3,12,-3,12,-3,12,-3,12,-3,12,-3,11,-3,11,-3,12,-2,12,-2,12,-2,12,-1,12,-1,12,-1,13,0,13,0,13,0,12]"
2025-08-18 22:02:40.832460,CSI_DATA,2038,1a:00:00:00:00:00,-51,11,0,0,0,0,0,0,0,0,0,-94,0,1,0,345806630,0,31,0,128,0,"[0,0,5,-12,4,-13,4,-12,4,-13,3,-13,3,-12,2,-12,2,-12,1,-12,1,-13,0,-13,-1,-13,-1,-13,-1,-13,-1,-13,-1,-13,-1,-14,-1,-14,-1,-14,-1,-14,0,-14,0,-14,1,-14,1,-14,2,-13,2,-13,0,0,0,0,0,0,0,0,0,0,0,0,0,0,0,0,0,0,0,0,0,0,0,-10,1,-10,2,-11,3,-11,3,-12,4,-11,5,-12,6,-11,7,-11,7,-11,7,-11,8,-10,7,-10,7,-10,7,-10,7,-10,7,-10,6,-11,6,-11,6,-11,6,-11,5,-12,5,-12,5,-13,5,-12,5,-13]"
2025-08-18 22:02:41.031021,CSI_DATA,2039,1a:00:00:00:00:00,-51,11,0,0,0,0,0,0,0,0,0,-94,0,1,0,346007816,0,31,0,128,0,"[0,0,8,-11,7,-11,7,-11,7,-11,6,-11,5,-11,5,-11,5,-11,4,-12,4,-12,3,-12,3,-12,3,-13,2,-13,2,-13,2,-13,2,-14,2,-14,2,-14,3,-14,3,-14,3,-14,4,-13,4,-13,5,-12,5,-12,0,0,0,0,0,0,0,0,0,0,0,0,0,0,0,0,0,0,0,0,0,0,3,-9,4,-10,5,-10,5,-10,6,-10,7,-10,8,-10,9,-9,9,-9,10,-8,10,-8,10,-7,10,-8,10,-8,9,-8,9,-8,9,-8,9,-9,9,-9,8,-9,8,-10,8,-10,8,-10,8,-10,8,-10,8,-10]"
2025-08-18 22:02:41.238587,CSI_DATA,2040,1a:00:00:00:00:00,-51,11,0,0,0,0,0,0,0,0,0,-94,0,1,0,346208932,0,31,0,128,0,"[0,0,-10,-10,-10,-10,-10,-10,-10,-8,-10,-9,-11,-8,-11,-8,-11,-7,-11,-6,-11,-6,-11,-6,-12,-5,-12,-5,-13,-5,-13,-5,-13,-5,-13,-5,-14,-5,-14,-5,-13,-5,-13,-6,-13,-6,-12,-6,-12,-7,-12,-7,-11,-8,0,0,0,0,0,0,0,0,0,0,0,0,0,0,0,0,0,0,0,0,0,0,-9,-4,-9,-5,-9,-6,-9,-8,-9,-8,-9,-9,-8,-10,-8,-10,-8,-11,-7,-11,-7,-11,-7,-12,-7,-11,-7,-11,-7,-11,-7,-11,-7,-11,-7,-10,-8,-11,-8,-11,-9,-10,-9,-11,-9,-10,-9,-10,-10,-10,-10,-10]"
2025-08-18 22:02:41.443234,CSI_DATA,2041,1a:00:00:00:00:00,-51,11,0,0,0,0,0,0,0,0,0,-94,0,1,0,346410129,0,31,0,128,0,"[0,0,2,12,3,12,3,12,3,11,4,11,4,11,4,11,4,10,5,10,5,10,6,9,7,9,7,9,7,9,7,9,8,9,8,10,8,10,8,10,7,10,7,10,7,11,6,11,6,11,5,11,5,11,0,0,0,0,0,0,0,0,0,0,0,0,0,0,0,0,0,0,0,0,0,0,4,7,4,8,3,9,3,10,2,10,1,11,0,12,0,12,0,12,-1,12,-1,12,-2,12,-2,12,-1,12,-1,12,-1,11,-1,11,0,11,0,12,0,12,0,12,1,12,1,12,2,13,2,12,2,12]"
2025-08-18 22:02:41.635946,CSI_DATA,2042,1a:00:00:00:00:00,-51,11,0,0,0,0,0,0,0,0,0,-94,0,1,0,346611658,0,31,0,128,0,"[0,0,11,-9,10,-9,10,-9,10,-10,9,-10,9,-10,8,-10,8,-10,7,-11,7,-11,6,-12,6,-12,5,-12,5,-13,5,-13,5,-13,5,-13,6,-14,6,-13,6,-13,7,-13,7,-13,7,-12,7,-12,7,-12,8,-11,0,0,0,0,0,0,0,0,0,0,0,0,0,0,0,0,0,0,0,0,0,0,5,-9,6,-9,7,-8,8,-8,9,-8,10,-8,11,-7,11,-7,12,-6,12,-6,12,-6,12,-5,12,-6,11,-6,12,-6,11,-5,11,-6,11,-7,11,-7,11,-7,11,-7,11,-8,11,-8,11,-9,11,-9,11,-9]"
2025-08-18 22:02:41.837105,CSI_DATA,2043,1a:00:00:00:00:00,-52,11,0,0,0,0,0,0,0,0,0,-94,0,1,0,346812536,0,31,0,128,0,"[0,0,-10,10,-9,10,-10,10,-9,10,-8,10,-8,10,-7,10,-7,10,-6,11,-6,11,-6,11,-4,11,-5,12,-4,13,-4,12,-4,13,-4,13,-4,13,-5,13,-5,13,-5,13,-5,13,-5,12,-6,12,-6,12,-7,12,0,0,0,0,0,0,0,0,0,0,0,0,0,0,0,0,0,0,0,0,0,0,-5,8,-6,9,-7,8,-8,9,-8,8,-10,9,-11,8,-11,8,-12,7,-12,7,-12,7,-12,6,-12,6,-12,6,-12,6,-11,6,-11,7,-11,7,-11,8,-11,8,-11,8,-11,9,-10,9,-10,10,-10,9,-10,10]"
2025-08-18 22:02:42.043702,CSI_DATA,2044,1a:00:00:00:00:00,-51,11,0,0,0,0,0,0,0,0,0,-94,0,1,0,347013846,0,31,0,128,0,"[0,0,-9,-11,-9,-11,-9,-11,-9,-10,-9,-10,-10,-10,-10,-9,-10,-9,-10,-9,-10,-8,-11,-7,-12,-7,-12,-7,-12,-7,-12,-6,-13,-7,-13,-7,-13,-7,-13,-7,-13,-8,-13,-8,-12,-8,-12,-8,-12,-8,-12,-9,-11,-9,0,0,0,0,0,0,0,0,0,0,0,0,0,0,0,0,0,0,0,0,0,0,-9,-6,-9,-7,-9,-8,-9,-9,-8,-10,-8,-11,-7,-12,-7,-12,-6,-13,-6,-12,-6,-13,-6,-13,-6,-13,-6,-13,-6,-13,-5,-12,-6,-12,-6,-12,-7,-12,-7,-12,-7,-12,-8,-12,-8,-12,-9,-12,-9,-12,-9,-12]"
2025-08-18 22:02:42.101116,CSI_DATA,2045,1a:00:00:00:00:00,-52,11,0,0,0,0,0,0,0,0,0,-94,0,1,0,347074560,0,42,0,128,0,"[0,0,5,-14,4,-13,4,-13,4,-13,3,-14,3,-13,2,-13,2,-13,1,-13,0,-13,0,-13,-1,-13,-1,-13,-1,-14,-1,-13,-1,-14,-1,-14,-1,-15,-1,-15,0,-15,0,-14,0,-15,0,-14,1,-14,1,-14,2,-14,0,0,0,0,0,0,0,0,0,0,0,0,0,0,0,0,0,0,0,0,0,0,-1,-10,0,-11,1,-11,2,-12,3,-12,4,-13,5,-12,6,-12,6,-12,6,-12,7,-12,7,-11,7,-11,7,-11,7,-11,7,-11,7,-11,6,-11,6,-12,6,-12,6,-12,5,-13,5,-13,5,-13,5,-14,5,-14]"
2025-08-18 22:02:42.364195,CSI_DATA,2046,1a:00:00:00:00:00,-51,11,0,0,0,0,0,0,0,0,0,-94,0,1,0,347137929,0,31,0,128,0,"[0,0,-11,-10,-11,-9,-11,-9,-11,-9,-12,-8,-11,-8,-11,-7,-12,-7,-12,-6,-12,-5,-13,-5,-13,-4,-13,-4,-13,-4,-13,-4,-14,-4,-14,-4,-14,-4,-15,-4,-14,-4,-14,-5,-14,-5,-14,-5,-14,-6,-13,-6,-13,-6,0,0,0,0,0,0,0,0,0,0,0,0,0,0,0,0,0,0,0,0,0,0,-9,-4,-10,-5,-10,-7,-10,-8,-10,-8,-10,-9,-9,-10,-9,-11,-8,-11,-8,-12,-8,-12,-7,-12,-7,-12,-7,-11,-8,-12,-8,-11,-8,-11,-8,-10,-9,-11,-9,-11,-9,-11,-10,-11,-10,-10,-11,-10,-11,-10,-11,-10]"
2025-08-18 22:02:42.370405,CSI_DATA,2047,1a:00:00:00:00:00,-51,11,0,0,0,0,0,0,0,0,0,-94,0,1,0,347339008,0,31,0,128,0,"[0,0,-14,3,-14,3,-14,3,-13,4,-13,4,-13,4,-12,4,-12,5,-12,5,-11,6,-11,7,-11,7,-11,7,-11,8,-11,8,-12,8,-11,8,-12,9,-12,9,-12,8,-12,8,-12,7,-12,7,-13,7,-13,6,-13,5,0,0,0,0,0,0,0,0,0,0,0,0,0,0,0,0,0,0,0,0,0,0,-9,5,-10,5,-11,4,-11,4,-12,3,-13,3,-13,2,-14,1,-14,0,-14,0,-14,-1,-14,-1,-14,-1,-13,-1,-13,-1,-14,0,-14,0,-14,0,-14,1,-14,1,-14,1,-14,2,-14,2,-14,2,-14,2,-15,3]"
2025-08-18 22:02:42.564680,CSI_DATA,2048,1a:00:00:00:00:00,-52,11,0,0,0,0,0,0,0,0,0,-94,0,1,0,347540234,0,31,0,128,0,"[0,0,10,-10,9,-10,9,-10,9,-10,8,-11,8,-10,7,-11,7,-11,6,-11,6,-11,6,-12,5,-12,5,-12,4,-13,5,-13,5,-13,4,-13,5,-14,5,-14,5,-13,6,-13,6,-13,6,-12,6,-12,7,-12,8,-11,0,0,0,0,0,0,0,0,0,0,0,0,0,0,0,0,0,0,0,0,0,0,4,-9,5,-10,6,-10,7,-10,8,-9,9,-9,10,-9,10,-8,11,-8,11,-7,11,-7,12,-7,11,-6,11,-6,11,-7,10,-7,11,-7,10,-7,10,-8,10,-8,10,-9,10,-9,10,-9,10,-10,10,-10,10,-10]"
2025-08-18 22:02:42.767914,CSI_DATA,2049,1a:00:00:00:00:00,-52,11,0,0,0,0,0,0,0,0,0,-94,0,1,0,347741357,0,31,0,128,0,"[0,0,-14,0,-14,1,-14,1,-14,1,-13,2,-13,1,-13,2,-13,2,-12,3,-12,4,-12,4,-12,5,-12,5,-12,6,-12,6,-12,6,-13,6,-13,7,-14,6,-13,6,-14,5,-13,5,-13,4,-14,4,-13,4,-14,3,0,0,0,0,0,0,0,0,0,0,0,0,0,0,0,0,0,0,0,0,0,0,-10,3,-11,3,-11,2,-12,1,-13,1,-13,0,-14,-1,-14,-2,-14,-3,-14,-3,-14,-3,-14,-4,-13,-4,-13,-3,-13,-3,-13,-3,-13,-2,-13,-2,-14,-2,-14,-2,-14,-1,-14,-1,-14,-1,-14,0,-14,0,-14,0]"
2025-08-18 22:02:42.968822,CSI_DATA,2050,1a:00:00:00:00:00,-51,11,0,0,0,0,0,0,0,0,0,-94,0,1,0,347942520,0,31,0,128,0,"[0,0,-14,4,-13,4,-14,4,-13,4,-13,5,-12,5,-12,6,-11,6,-11,6,-11,7,-10,8,-10,8,-9,8,-10,9,-10,10,-10,10,-10,10,-11,11,-11,9,-11,10,-11,9,-12,9,-11,8,-12,8,-12,8,-13,7,0,0,0,0,0,0,0,0,0,0,0,0,0,0,0,0,0,0,0,0,0,0,-9,5,-10,5,-11,4,-12,3,-12,3,-13,2,-14,1,-14,1,-14,0,-14,0,-14,-1,-14,-1,-14,-1,-14,-1,-14,-1,-13,0,-14,0,-13,0,-14,1,-14,1,-14,2,-14,2,-14,3,-14,3,-14,3,-14,3]"
2025-08-18 22:02:43.183585,CSI_DATA,2051,1a:00:00:00:00:00,-51,11,0,0,0,0,0,0,0,0,0,-94,0,1,0,348143839,0,31,0,128,0,"[0,0,2,-14,1,-15,1,-14,1,-14,0,-14,-1,-14,-1,-14,-2,-14,-2,-13,-2,-13,-3,-13,-4,-13,-4,-13,-5,-13,-5,-14,-5,-14,-5,-14,-5,-14,-5,-15,-5,-14,-4,-14,-4,-15,-4,-15,-3,-15,-2,-14,-2,-14,0,0,0,0,0,0,0,0,0,0,0,0,0,0,0,0,0,0,0,0,0,0,-2,-11,-1,-12,-1,-12,0,-13,1,-13,2,-14,3,-14,4,-14,4,-14,5,-13,6,-13,6,-13,5,-13,5,-13,5,-13,5,-13,4,-13,4,-13,3,-13,3,-14,3,-14,2,-14,2,-14,2,-15,2,-15,2,-15]"
2025-08-18 22:02:43.371253,CSI_DATA,2052,1a:00:00:00:00:00,-51,11,0,0,0,0,0,0,0,0,0,-94,0,1,0,348344999,0,31,0,128,0,"[0,0,2,-14,1,-14,1,-14,1,-14,0,-14,0,-13,-1,-13,-1,-13,-2,-13,-3,-13,-3,-13,-4,-13,-4,-13,-5,-13,-5,-13,-5,-14,-5,-14,-5,-14,-5,-14,-5,-14,-4,-14,-4,-15,-3,-14,-3,-14,-2,-14,-2,-14,0,0,0,0,0,0,0,0,0,0,0,0,0,0,0,0,0,0,0,0,0,0,-2,-10,-1,-11,0,-11,0,-12,1,-12,2,-13,3,-13,3,-13,4,-13,5,-13,5,-13,5,-12,5,-12,5,-12,5,-12,4,-12,4,-12,4,-12,3,-13,3,-13,3,-13,3,-14,2,-14,2,-14,2,-14,2,-14]"
2025-08-18 22:02:43.566382,CSI_DATA,2053,1a:00:00:00:00:00,-51,11,0,0,0,0,0,0,0,0,0,-94,0,1,0,348546184,0,31,0,128,0,"[0,0,1,12,2,13,2,12,2,12,3,11,3,11,3,11,4,11,4,10,5,10,5,10,6,10,6,10,6,10,7,10,7,10,8,11,7,10,7,11,7,11,7,11,6,11,6,12,5,12,4,11,4,11,0,0,0,0,0,0,0,0,0,0,0,0,0,0,0,0,0,0,0,0,0,0,3,8,3,9,2,10,2,10,1,11,0,11,0,12,-1,12,-1,12,-2,12,-3,12,-3,12,-3,12,-3,12,-2,11,-2,12,-2,11,-1,12,-1,12,0,12,0,12,0,12,0,13,1,13,1,13,1,12]"
2025-08-18 22:02:43.628197,CSI_DATA,2054,1a:00:00:00:00:00,-51,11,0,0,0,0,0,0,0,0,0,-94,0,1,0,348607709,0,42,0,128,0,"[0,0,12,5,12,5,12,4,13,4,12,3,12,3,12,3,12,2,12,1,12,0,12,0,12,0,12,-1,12,-1,13,-1,13,-2,14,-1,14,-1,14,-1,14,-1,14,0,14,0,13,1,13,1,13,1,13,2,0,0,0,0,0,0,0,0,0,0,0,0,0,0,0,0,0,0,0,0,0,0,9,0,10,1,10,2,11,3,11,4,11,5,11,6,11,6,11,7,11,8,10,8,10,8,10,8,10,8,10,8,10,7,10,7,11,6,11,6,11,6,11,6,12,6,12,6,12,6,12,5,12,5]"
2025-08-18 22:02:43.694279,CSI_DATA,2055,1a:00:00:00:00:00,-51,11,0,0,0,0,0,0,0,0,0,-94,0,1,0,348673264,0,31,0,128,0,"[0,0,13,4,13,3,13,3,13,3,13,2,12,2,12,1,12,1,12,0,12,-1,12,-1,12,-2,12,-2,13,-2,13,-3,13,-3,13,-2,14,-2,14,-2,14,-2,14,-1,14,-1,13,0,13,0,13,0,13,1,0,0,0,0,0,0,0,0,0,0,0,0,0,0,0,0,0,0,0,0,0,0,9,-1,10,-1,11,0,11,1,12,2,12,3,12,4,12,5,12,6,11,6,11,7,11,7,11,7,11,6,11,6,11,6,11,6,11,5,11,5,12,5,12,5,12,4,13,4,13,4,13,4,13,4]"
2025-08-18 22:02:43.892280,CSI_DATA,2056,1a:00:00:00:00:00,-51,11,0,0,0,0,0,0,0,0,0,-94,0,1,0,348874330,0,31,0,128,0,"[0,0,10,8,10,8,10,7,10,7,10,6,10,7,10,6,10,5,10,5,11,4,11,4,11,3,11,3,11,3,12,3,12,2,12,3,12,3,13,3,12,3,12,4,12,4,12,5,11,5,11,5,11,5,0,0,0,0,0,0,0,0,0,0,0,0,0,0,0,0,0,0,0,0,0,0,8,3,8,4,9,5,9,6,9,7,8,7,8,8,8,9,8,9,7,10,7,10,7,10,7,10,7,10,7,9,6,9,7,9,8,9,8,9,8,9,8,9,9,9,9,8,10,8,10,8,10,8]"
2025-08-18 22:02:44.093964,CSI_DATA,2057,1a:00:00:00:00:00,-51,11,0,0,0,0,0,0,0,0,0,-94,0,1,0,349075487,0,31,0,128,0,"[0,0,9,10,10,9,9,9,10,9,10,8,10,8,10,8,11,7,10,6,11,6,11,5,11,5,12,5,12,4,12,4,13,4,13,5,13,5,13,5,13,5,13,5,12,6,12,6,12,6,11,6,11,7,0,0,0,0,0,0,0,0,0,0,0,0,0,0,0,0,0,0,0,0,0,0,8,5,8,5,8,7,8,8,8,9,8,9,7,10,7,11,7,11,6,12,5,12,5,11,5,12,5,11,5,11,6,11,6,11,6,10,7,10,7,10,8,10,8,10,9,10,9,10,9,10,9,10]"
2025-08-18 22:02:44.300662,CSI_DATA,2058,1a:00:00:00:00:00,-51,11,0,0,0,0,0,0,0,0,0,-94,0,1,0,349276750,0,31,0,128,0,"[0,0,-12,5,-12,7,-11,6,-13,9,-10,7,-10,6,-8,8,-9,8,-9,11,-10,8,-9,9,-5,9,-8,11,-7,9,-9,11,-8,11,-10,13,-8,11,-9,11,-11,12,-9,11,-9,9,-8,11,-9,10,-11,10,-10,9,0,0,0,0,0,0,0,0,0,0,0,0,0,0,0,0,0,0,0,0,0,0,-7,7,-8,7,-9,6,-10,6,-11,6,-12,5,-12,5,-13,4,-13,4,-13,3,-13,3,-13,2,-13,2,-13,2,-13,2,-13,3,-12,3,-13,4,-12,4,-12,5,-12,5,-12,5,-12,6,-13,6,-13,6,-12,7]"
2025-08-18 22:02:44.510488,CSI_DATA,2059,1a:00:00:00:00:00,-51,11,0,0,0,0,0,0,0,0,0,-94,0,1,0,349478008,0,31,0,128,0,"[0,0,-6,13,-7,12,-5,13,-4,13,-3,14,-3,12,-3,13,-1,12,-1,11,-1,13,-2,10,0,13,-1,12,-2,15,0,12,0,14,0,14,-1,17,-1,14,0,14,-2,14,-2,14,0,13,-2,15,-3,13,-3,14,0,0,0,0,0,0,0,0,0,0,0,0,0,0,0,0,0,0,0,0,0,0,-2,9,-3,10,-3,10,-4,11,-5,10,-6,11,-7,11,-8,11,-8,10,-8,10,-9,10,-9,10,-8,10,-8,10,-9,10,-8,9,-8,10,-7,10,-7,11,-7,10,-7,11,-7,11,-6,12,-5,12,-6,12,-6,12]"
2025-08-18 22:02:44.703638,CSI_DATA,2060,1a:00:00:00:00:00,-52,11,0,0,0,0,0,0,0,0,0,-94,0,1,0,349679107,0,31,0,128,0,"[0,0,-9,11,-8,11,-8,11,-7,11,-7,11,-6,11,-6,11,-5,11,-5,11,-4,12,-4,12,-3,12,-3,12,-2,13,-2,13,-2,13,-2,14,-2,14,-3,14,-3,14,-4,14,-4,13,-4,13,-4,13,-5,12,-6,12,0,0,0,0,0,0,0,0,0,0,0,0,0,0,0,0,0,0,0,0,0,0,-4,9,-4,9,-5,10,-6,10,-7,10,-8,10,-9,10,-10,9,-10,9,-11,8,-11,8,-11,8,-10,8,-10,8,-10,8,-10,8,-10,8,-10,9,-9,9,-9,9,-9,10,-9,10,-9,10,-9,11,-8,11,-8,11]"
2025-08-18 22:02:44.909203,CSI_DATA,2061,1a:00:00:00:00:00,-51,11,0,0,0,0,0,0,0,0,0,-94,0,1,0,349880256,0,31,0,128,0,"[0,0,-9,-11,-9,-10,-9,-10,-9,-10,-9,-9,-10,-9,-10,-8,-10,-8,-10,-7,-10,-7,-11,-6,-11,-6,-11,-6,-12,-6,-12,-5,-13,-5,-13,-6,-13,-6,-13,-6,-13,-6,-13,-7,-13,-7,-12,-7,-12,-8,-11,-8,-11,-9,0,0,0,0,0,0,0,0,0,0,0,0,0,0,0,0,0,0,0,0,0,0,-8,-6,-8,-7,-8,-8,-8,-9,-7,-10,-7,-11,-7,-11,-6,-11,-6,-12,-5,-12,-5,-12,-5,-12,-5,-12,-5,-12,-5,-12,-5,-11,-5,-12,-6,-11,-6,-11,-7,-11,-7,-11,-8,-11,-8,-11,-8,-11,-8,-11,-9,-11]"
2025-08-18 22:02:45.100751,CSI_DATA,2062,1a:00:00:00:00:00,-51,11,0,0,0,0,0,0,0,0,0,-94,0,1,0,350081386,0,31,0,128,0,"[0,0,2,13,3,13,3,12,4,12,4,11,4,11,4,11,5,11,5,10,6,10,6,10,7,10,7,9,8,9,9,9,9,9,9,10,9,10,8,10,9,11,8,11,8,11,7,11,7,11,6,11,5,11,0,0,0,0,0,0,0,0,0,0,0,0,0,0,0,0,0,0,0,0,0,0,4,8,4,9,4,10,3,10,3,12,2,12,1,13,0,13,0,13,-1,13,-1,13,-2,13,-2,13,-1,12,-1,12,-1,12,-1,12,0,12,0,12,1,12,1,13,1,13,2,13,1,13,2,13,2,13]"
2025-08-18 22:02:45.173861,CSI_DATA,2063,1a:00:00:00:00:00,-51,11,0,0,0,0,0,0,0,0,0,-94,0,1,0,350143671,0,42,0,128,0,"[0,0,-10,-10,-11,-10,-10,-9,-11,-9,-11,-8,-11,-8,-11,-7,-11,-7,-11,-6,-12,-5,-12,-5,-12,-4,-13,-4,-13,-4,-14,-3,-14,-3,-14,-4,-14,-3,-15,-4,-14,-4,-14,-4,-14,-5,-14,-6,-14,-6,-13,-6,-13,-7,0,0,0,0,0,0,0,0,0,0,0,0,0,0,0,0,0,0,0,0,0,0,-9,-5,-9,-6,-10,-8,-10,-8,-10,-9,-9,-10,-9,-11,-9,-12,-8,-12,-8,-13,-7,-13,-7,-13,-7,-13,-7,-12,-7,-12,-7,-12,-7,-11,-8,-11,-8,-11,-9,-11,-9,-11,-9,-11,-10,-11,-10,-11,-10,-10,-10,-10]"
2025-08-18 22:02:45.234839,CSI_DATA,2064,1a:00:00:00:00:00,-51,11,0,0,0,0,0,0,0,0,0,-94,0,1,0,350209839,0,31,0,128,0,"[0,0,7,-12,6,-12,5,-12,5,-12,4,-12,4,-12,3,-12,3,-12,2,-12,1,-13,1,-13,0,-13,0,-13,-1,-13,-1,-14,-1,-14,-1,-15,-1,-15,-1,-15,-1,-15,0,-15,0,-15,0,-15,1,-15,2,-14,2,-14,0,0,0,0,0,0,0,0,0,0,0,0,0,0,0,0,0,0,0,0,0,0,2,-10,3,-11,4,-11,5,-11,6,-11,7,-11,8,-11,9,-11,9,-11,10,-10,10,-10,10,-9,10,-9,9,-9,9,-9,9,-9,9,-10,9,-10,8,-10,8,-11,8,-11,8,-11,8,-12,7,-12,7,-12,7,-12]"
2025-08-18 22:02:45.432890,CSI_DATA,2065,1a:00:00:00:00:00,-51,11,0,0,0,0,0,0,0,0,0,-94,0,1,0,350411117,0,31,0,128,0,"[0,0,12,-2,11,-2,11,-3,11,-3,10,-4,10,-4,10,-4,9,-5,9,-5,9,-6,9,-7,8,-7,8,-8,8,-8,8,-9,9,-9,8,-9,9,-9,10,-10,9,-9,10,-9,10,-8,10,-8,10,-8,10,-8,11,-7,0,0,0,0,0,0,0,0,0,0,0,0,0,0,0,0,0,0,0,0,0,0,8,-5,9,-5,10,-4,10,-4,11,-3,12,-2,13,-1,13,-1,13,0,13,1,13,1,13,1,12,1,12,1,12,1,12,1,12,1,12,0,12,0,12,0,12,0,12,-1,12,-2,12,-2,12,-2,12,-2]"
2025-08-18 22:02:45.638293,CSI_DATA,2066,1a:00:00:00:00:00,-52,11,0,0,0,0,0,0,0,0,0,-94,0,1,0,350612262,0,31,0,128,0,"[0,0,6,-12,5,-12,5,-12,4,-12,4,-12,3,-12,2,-12,1,-12,1,-12,0,-12,0,-12,-1,-12,-1,-13,-2,-13,-2,-13,-2,-13,-2,-14,-2,-14,-2,-14,-2,-14,-2,-14,-1,-14,-1,-14,0,-14,0,-14,1,-14,0,0,0,0,0,0,0,0,0,0,0,0,0,0,0,0,0,0,0,0,0,0,2,-11,3,-11,3,-12,5,-12,5,-12,7,-12,7,-12,8,-12,9,-11,9,-11,10,-10,10,-10,10,-10,10,-10,9,-10,9,-10,9,-10,8,-10,8,-11,7,-11,7,-11,7,-11,7,-11,7,-12,6,-11,7,-12]"
2025-08-18 22:02:45.843849,CSI_DATA,2067,1a:00:00:00:00:00,-52,11,0,0,0,0,0,0,0,0,0,-94,0,1,0,350813409,0,31,0,128,0,"[0,0,-9,-11,-10,-10,-10,-10,-10,-9,-10,-9,-10,-8,-10,-8,-11,-7,-11,-6,-11,-6,-11,-5,-12,-5,-12,-5,-12,-4,-13,-4,-13,-3,-13,-4,-14,-4,-14,-4,-14,-4,-14,-4,-14,-5,-14,-5,-13,-6,-12,-6,-12,-6,0,0,0,0,0,0,0,0,0,0,0,0,0,0,0,0,0,0,0,0,0,0,-10,-6,-10,-7,-10,-8,-10,-9,-10,-10,-9,-11,-9,-12,-8,-13,-8,-13,-7,-14,-7,-14,-6,-14,-6,-14,-6,-13,-6,-13,-6,-12,-7,-12,-7,-12,-7,-12,-8,-12,-8,-12,-8,-12,-9,-11,-9,-11,-9,-11,-9,-11]"
2025-08-18 22:02:46.049918,CSI_DATA,2068,1a:00:00:00:00:00,-52,11,0,0,0,0,0,0,0,0,0,-94,0,1,0,351014554,0,31,0,128,0,"[0,0,0,-13,-1,-13,-1,-13,-1,-13,-2,-13,-2,-12,-2,-12,-4,-12,-3,-12,-4,-12,-5,-12,-6,-12,-6,-12,-7,-12,-7,-12,-6,-12,-7,-13,-6,-13,-6,-13,-6,-14,-6,-14,-5,-14,-5,-14,-5,-14,-4,-13,-3,-14,0,0,0,0,0,0,0,0,0,0,0,0,0,0,0,0,0,0,0,0,0,0,-3,-10,-3,-11,-2,-12,-1,-12,-1,-13,1,-14,2,-14,2,-14,3,-14,4,-14,4,-13,4,-13,4,-13,4,-13,4,-13,4,-12,3,-12,3,-13,2,-13,2,-13,2,-13,2,-13,1,-13,1,-13,1,-14,1,-14]"
2025-08-18 22:02:46.242248,CSI_DATA,2069,1a:00:00:00:00:00,-52,11,0,0,0,0,0,0,0,0,0,-94,0,1,0,351215698,0,31,0,128,0,"[0,0,-14,-1,-14,-1,-13,-1,-13,0,-13,1,-12,1,-12,2,-12,2,-12,3,-12,4,-12,4,-11,4,-12,5,-12,5,-12,6,-12,6,-12,6,-12,6,-13,7,-13,6,-13,6,-13,5,-13,5,-13,4,-13,4,-13,3,0,0,0,0,0,0,0,0,0,0,0,0,0,0,0,0,0,0,0,0,0,0,-11,3,-12,2,-12,1,-13,0,-14,-1,-14,-2,-14,-3,-14,-3,-14,-4,-14,-5,-14,-5,-13,-5,-13,-5,-13,-5,-13,-5,-13,-5,-13,-4,-13,-4,-13,-3,-13,-3,-13,-3,-14,-2,-14,-2,-14,-2,-14,-2,-14,-1]"
2025-08-18 22:02:46.442279,CSI_DATA,2070,1a:00:00:00:00:00,-52,11,0,0,0,0,0,0,0,0,0,-94,0,1,0,351416879,0,31,0,128,0,"[0,0,-14,4,-13,4,-13,4,-12,5,-12,5,-11,6,-11,6,-10,6,-10,7,-9,8,-9,8,-9,9,-9,9,-9,10,-9,10,-9,11,-9,10,-9,11,-10,11,-10,11,-10,11,-10,10,-10,10,-11,10,-11,9,-11,9,0,0,0,0,0,0,0,0,0,0,0,0,0,0,0,0,0,0,0,0,0,0,-9,6,-11,6,-11,5,-12,5,-13,4,-14,3,-15,2,-15,2,-15,1,-15,0,-15,0,-15,0,-14,-1,-14,0,-14,0,-14,0,-14,1,-13,1,-14,1,-14,2,-14,2,-14,2,-14,3,-14,3,-14,4,-14,4]"
2025-08-18 22:02:46.648032,CSI_DATA,2071,1a:00:00:00:00:00,-52,11,0,0,0,0,0,0,0,0,0,-94,0,1,0,351618245,0,31,0,128,0,"[0,0,-8,-11,-8,-11,-8,-11,-9,-11,-9,-10,-9,-10,-9,-9,-10,-9,-10,-8,-11,-8,-11,-7,-11,-7,-12,-7,-12,-6,-13,-6,-13,-6,-13,-7,-13,-7,-14,-7,-13,-7,-13,-8,-13,-8,-13,-9,-12,-9,-12,-9,-11,-9,0,0,0,0,0,0,0,0,0,0,0,0,0,0,0,0,0,0,0,0,0,0,-9,-7,-8,-8,-9,-10,-8,-10,-8,-12,-7,-12,-7,-13,-6,-13,-5,-14,-5,-14,-4,-14,-4,-14,-4,-14,-4,-14,-4,-13,-4,-13,-5,-12,-5,-13,-5,-13,-6,-13,-6,-12,-6,-13,-7,-12,-7,-12,-7,-12,-8,-12]"
2025-08-18 22:02:46.708100,CSI_DATA,2072,1a:00:00:00:00:00,-51,11,0,0,0,0,0,0,0,0,0,-94,0,1,0,351679737,0,42,0,128,0,"[0,0,-12,-6,-13,-5,-12,-5,-13,-4,-12,-4,-12,-4,-12,-3,-12,-2,-13,-1,-13,-1,-13,0,-13,0,-13,1,-13,1,-14,2,-13,2,-14,2,-14,2,-15,2,-15,1,-15,1,-14,0,-14,0,-14,-1,-14,-1,-14,-2,0,0,0,0,0,0,0,0,0,0,0,0,0,0,0,0,0,0,0,0,0,0,-11,-3,-11,-3,-11,-5,-11,-5,-12,-6,-12,-7,-12,-8,-11,-9,-11,-10,-10,-10,-10,-10,-10,-10,-9,-10,-9,-10,-9,-10,-10,-9,-10,-9,-10,-8,-10,-8,-11,-8,-11,-8,-11,-7,-12,-7,-12,-7,-12,-7,-12,-6]"
2025-08-18 22:02:46.763648,CSI_DATA,2073,1a:00:00:00:00:00,-51,11,0,0,0,0,0,0,0,0,0,-94,0,1,0,351746195,0,31,0,128,0,"[0,0,6,11,6,10,6,10,7,9,7,9,7,9,7,8,8,8,8,7,9,7,9,6,9,6,10,6,10,6,11,5,11,5,11,6,11,6,12,6,12,7,11,7,11,7,11,8,10,8,10,8,9,8,0,0,0,0,0,0,0,0,0,0,0,0,0,0,0,0,0,0,0,0,0,0,6,7,6,7,6,9,6,9,5,11,5,11,4,12,3,12,3,12,2,13,2,12,1,12,1,12,2,12,2,12,2,12,2,11,3,11,3,11,4,11,4,11,4,11,5,11,5,11,5,11,5,11]"
2025-08-18 22:02:46.971418,CSI_DATA,2074,1a:00:00:00:00:00,-51,11,0,0,0,0,0,0,0,0,0,-94,0,1,0,351947298,0,31,0,128,0,"[0,0,5,-11,5,-11,5,-11,6,-11,4,-12,3,-11,3,-12,3,-12,3,-12,2,-12,2,-12,0,-14,2,-13,0,-12,0,-12,0,-13,0,-15,-2,-14,2,-13,4,-15,1,-11,-1,-13,-1,-16,-1,-11,8,-12,3,-11,0,0,0,0,0,0,0,0,0,0,0,0,0,0,0,0,0,0,0,0,0,0,2,-10,3,-10,4,-10,5,-11,6,-10,7,-10,8,-10,9,-10,9,-9,9,-9,10,-8,10,-8,9,-8,9,-8,9,-8,9,-8,9,-8,8,-8,8,-9,8,-9,7,-10,7,-10,7,-10,6,-10,6,-11,6,-11]"
2025-08-18 22:02:47.176229,CSI_DATA,2075,1a:00:00:00:00:00,-52,11,0,0,0,0,0,0,0,0,0,-94,0,1,0,352148454,0,31,0,128,0,"[0,0,0,-13,-1,-13,-2,-13,-2,-13,-3,-13,-3,-13,-3,-12,-4,-12,-4,-12,-5,-12,-6,-12,-6,-12,-7,-12,-7,-12,-8,-12,-8,-12,-8,-13,-8,-13,-8,-13,-8,-13,-7,-14,-7,-14,-7,-14,-6,-14,-5,-14,-5,-14,0,0,0,0,0,0,0,0,0,0,0,0,0,0,0,0,0,0,0,0,0,0,-3,-10,-3,-11,-2,-12,-1,-13,0,-13,1,-14,2,-14,3,-14,3,-14,4,-14,4,-13,5,-13,4,-13,4,-13,4,-13,4,-12,3,-12,3,-13,2,-13,2,-13,2,-13,1,-13,1,-13,0,-14,0,-14,0,-14]"
2025-08-18 22:02:47.373784,CSI_DATA,2076,1a:00:00:00:00:00,-51,11,0,0,0,0,0,0,0,0,0,-94,0,1,0,352349614,0,31,0,128,0,"[0,0,9,-8,9,-9,8,-9,9,-9,8,-9,7,-9,7,-10,6,-10,6,-10,6,-11,5,-11,5,-12,5,-12,4,-12,5,-13,4,-13,5,-13,5,-13,5,-14,6,-13,6,-13,6,-13,7,-13,7,-12,7,-11,8,-11,0,0,0,0,0,0,0,0,0,0,0,0,0,0,0,0,0,0,0,0,0,0,5,-9,6,-8,7,-8,8,-8,9,-8,10,-7,11,-7,11,-6,12,-6,12,-5,12,-5,12,-4,11,-4,11,-4,11,-4,11,-5,11,-5,10,-6,10,-6,10,-6,10,-6,10,-7,10,-8,10,-8,10,-8,10,-8]"
2025-08-18 22:02:47.576293,CSI_DATA,2077,1a:00:00:00:00:00,-51,11,0,0,0,0,0,0,0,0,0,-94,0,1,0,352550869,0,31,0,128,0,"[0,0,7,-11,6,-12,5,-11,6,-12,4,-12,4,-12,3,-12,3,-12,2,-12,2,-13,1,-13,0,-13,0,-13,-1,-13,-1,-14,-1,-14,-1,-15,-1,-15,-1,-15,-1,-16,0,-15,0,-16,1,-15,2,-15,3,-15,3,-14,0,0,0,0,0,0,0,0,0,0,0,0,0,0,0,0,0,0,0,0,0,0,4,-11,4,-11,5,-11,6,-11,7,-11,8,-11,9,-11,10,-10,11,-10,11,-9,11,-8,11,-8,11,-8,11,-8,10,-8,10,-8,9,-8,9,-9,9,-9,8,-10,8,-10,8,-10,8,-11,8,-11,8,-11,7,-11]"
2025-08-18 22:02:47.788652,CSI_DATA,2078,1a:00:00:00:00:00,-52,11,0,0,0,0,0,0,0,0,0,-94,0,1,0,352752193,0,31,0,128,0,"[0,0,-7,11,-6,11,-6,11,-5,11,-5,11,-4,11,-4,11,-3,11,-2,11,-2,11,-1,11,0,11,0,11,1,12,1,12,1,12,1,13,1,13,1,13,0,13,0,13,0,13,-1,13,-1,13,-2,13,-2,13,0,0,0,0,0,0,0,0,0,0,0,0,0,0,0,0,0,0,0,0,0,0,-3,9,-4,10,-4,11,-6,11,-6,11,-8,11,-9,11,-9,10,-10,10,-10,9,-11,9,-11,9,-10,8,-10,8,-10,9,-10,8,-10,9,-9,9,-9,9,-9,10,-8,10,-8,10,-8,10,-8,11,-7,11,-7,11]"
2025-08-18 22:02:47.973149,CSI_DATA,2079,1a:00:00:00:00:00,-52,11,0,0,0,0,0,0,0,0,0,-94,0,1,0,352953285,0,31,0,128,0,"[0,0,2,13,3,13,3,12,3,12,4,11,4,11,5,11,5,11,6,10,7,10,7,10,8,9,8,10,9,9,9,10,9,9,10,10,10,10,10,11,10,11,9,11,9,12,9,12,8,12,7,12,7,13,0,0,0,0,0,0,0,0,0,0,0,0,0,0,0,0,0,0,0,0,0,0,4,9,3,9,3,11,2,11,2,12,1,12,0,13,-1,13,-2,13,-2,13,-3,13,-3,12,-3,13,-2,12,-2,12,-2,12,-2,12,-1,12,-1,12,0,12,0,12,1,13,1,13,1,13,2,13,2,13]"
2025-08-18 22:02:48.172522,CSI_DATA,2080,1a:00:00:00:00:00,-52,11,0,0,0,0,0,0,0,0,0,-94,0,1,0,353154406,0,31,0,128,0,"[0,0,7,10,7,9,7,9,8,8,8,8,8,8,8,7,9,7,9,6,9,5,10,5,11,5,11,5,11,4,11,4,12,4,12,4,12,4,13,5,12,5,12,5,12,6,12,6,11,7,11,7,11,8,0,0,0,0,0,0,0,0,0,0,0,0,0,0,0,0,0,0,0,0,0,0,7,5,7,6,7,8,7,9,7,9,6,10,5,10,6,13,4,11,4,12,3,12,3,12,3,12,3,12,3,11,3,11,4,11,4,11,5,11,5,11,6,11,6,10,6,10,7,10,7,10,7,10]"
2025-08-18 22:02:48.242854,CSI_DATA,2081,1a:00:00:00:00:00,-52,11,0,0,0,0,0,0,0,0,0,-94,0,1,0,353215700,0,42,0,128,0,"[0,0,0,-14,-1,-14,-1,-14,-1,-13,-2,-14,-2,-13,-3,-13,-3,-13,-4,-12,-4,-12,-5,-12,-6,-12,-6,-12,-7,-13,-7,-12,-7,-13,-7,-13,-8,-13,-7,-14,-7,-14,-6,-14,-6,-15,-6,-15,-5,-15,-5,-14,-4,-15,0,0,0,0,0,0,0,0,0,0,0,0,0,0,0,0,0,0,0,0,0,0,-2,-10,-2,-11,-1,-12,0,-13,1,-13,2,-14,3,-13,4,-13,4,-13,4,-13,5,-13,5,-13,5,-12,4,-13,4,-12,4,-12,4,-12,3,-12,3,-13,2,-13,2,-13,2,-13,1,-14,1,-14,1,-14,0,-14]"
2025-08-18 22:02:48.303441,CSI_DATA,2082,1a:00:00:00:00:00,-51,11,0,0,0,0,0,0,0,0,0,-94,0,1,0,353281420,0,31,0,128,0,"[0,0,-3,13,-3,12,-3,13,-2,12,-2,12,-1,12,-1,12,0,12,0,12,1,12,1,12,2,12,2,12,3,12,3,12,3,13,3,13,3,13,2,13,2,13,1,13,1,13,1,13,0,13,0,12,-1,12,0,0,0,0,0,0,0,0,0,0,0,0,0,0,0,0,0,0,0,0,0,0,0,9,0,10,-1,10,-2,11,-2,11,-4,11,-5,11,-5,11,-6,11,-6,11,-6,11,-7,11,-6,11,-6,10,-6,10,-6,10,-6,11,-5,10,-5,11,-5,11,-4,11,-4,11,-4,12,-3,13,-3,13,-3,12]"
2025-08-18 22:02:48.508568,CSI_DATA,2083,1a:00:00:00:00:00,-51,11,0,0,0,0,0,0,0,0,0,-94,0,1,0,353482584,0,31,0,128,0,"[0,0,-14,0,-14,0,-13,0,-13,1,-13,1,-13,1,-13,2,-13,2,-12,3,-12,3,-12,4,-12,5,-12,5,-12,5,-12,5,-13,6,-12,6,-13,6,-13,5,-13,5,-14,5,-13,4,-13,4,-13,3,-13,3,-13,2,0,0,0,0,0,0,0,0,0,0,0,0,0,0,0,0,0,0,0,0,0,0,-9,2,-10,1,-11,1,-11,0,-12,-1,-12,-1,-13,-2,-13,-3,-12,-4,-12,-4,-12,-4,-12,-4,-12,-4,-12,-4,-12,-4,-12,-3,-12,-3,-12,-2,-12,-2,-12,-2,-13,-2,-13,-1,-13,-1,-13,0,-13,0,-14,0]"
2025-08-18 22:02:48.708194,CSI_DATA,2084,1a:00:00:00:00:00,-52,11,0,0,0,0,0,0,0,0,0,-94,0,1,0,353683716,0,31,0,128,0,"[0,0,-11,9,-10,9,-10,9,-10,9,-9,9,-9,9,-8,10,-8,10,-7,10,-6,11,-6,11,-6,11,-5,12,-5,12,-5,13,-5,13,-5,13,-6,14,-6,14,-7,14,-7,14,-7,13,-7,13,-8,12,-8,12,-9,12,0,0,0,0,0,0,0,0,0,0,0,0,0,0,0,0,0,0,0,0,0,0,-7,8,-8,8,-9,8,-10,8,-11,7,-12,7,-13,6,-13,6,-13,5,-13,5,-13,4,-13,4,-13,4,-13,4,-12,4,-12,4,-12,5,-12,5,-12,6,-12,6,-11,6,-11,7,-11,7,-11,8,-11,8,-11,8]"
2025-08-18 22:02:48.906335,CSI_DATA,2085,1a:00:00:00:00:00,-51,11,0,0,0,0,0,0,0,0,0,-94,0,1,0,353885087,0,31,0,128,0,"[0,0,13,3,12,2,12,2,12,2,13,1,12,0,12,0,12,-1,12,-2,12,-2,12,-2,12,-3,12,-3,12,-4,13,-4,13,-4,13,-4,14,-4,14,-5,14,-4,14,-4,14,-3,14,-2,14,-2,14,-1,14,0,0,0,0,0,0,0,0,0,0,0,0,0,0,0,0,0,0,0,0,0,0,0,10,0,10,0,11,1,11,2,12,3,12,4,12,5,12,5,11,6,11,7,10,7,10,8,10,8,10,7,10,7,10,6,10,6,10,5,11,5,11,5,11,4,12,4,12,4,12,4,12,4,12,3]"
2025-08-18 22:02:49.115323,CSI_DATA,2086,1a:00:00:00:00:00,-51,11,0,0,0,0,0,0,0,0,0,-94,0,1,0,354086143,0,31,0,128,0,"[0,0,-9,-11,-9,-11,-10,-11,-9,-10,-10,-10,-10,-10,-10,-9,-11,-9,-11,-8,-11,-7,-12,-7,-12,-7,-13,-7,-13,-6,-14,-6,-13,-6,-14,-6,-14,-6,-14,-7,-14,-8,-14,-7,-14,-8,-13,-9,-12,-9,-12,-9,-11,-10,0,0,0,0,0,0,0,0,0,0,0,0,0,0,0,0,0,0,0,0,0,0,-8,-6,-8,-7,-8,-8,-8,-9,-8,-10,-7,-11,-7,-12,-6,-12,-6,-12,-5,-13,-5,-12,-4,-12,-5,-12,-5,-12,-5,-12,-5,-12,-6,-11,-6,-11,-6,-11,-7,-11,-7,-11,-7,-11,-8,-11,-9,-11,-9,-11,-9,-11]"
2025-08-18 22:02:49.315551,CSI_DATA,2087,1a:00:00:00:00:00,-52,11,0,0,0,0,0,0,0,0,0,-94,0,1,0,354287602,0,31,0,128,0,"[0,0,-14,-4,-13,-3,-13,-3,-13,-2,-14,-2,-13,-2,-13,-1,-13,-1,-13,0,-13,1,-13,2,-13,2,-13,2,-14,3,-13,3,-14,3,-14,3,-14,3,-15,3,-15,2,-15,2,-15,2,-14,1,-14,1,-14,1,-14,0,0,0,0,0,0,0,0,0,0,0,0,0,0,0,0,0,0,0,0,0,0,0,-11,0,-12,-1,-12,-2,-13,-3,-13,-4,-13,-4,-13,-6,-13,-6,-13,-7,-12,-7,-12,-7,-12,-8,-12,-7,-11,-7,-11,-7,-11,-7,-12,-6,-11,-6,-12,-6,-12,-6,-12,-5,-13,-5,-13,-4,-13,-4,-13,-4,-13,-3]"
2025-08-18 22:02:49.512171,CSI_DATA,2088,1a:00:00:00:00:00,-52,11,0,0,0,0,0,0,0,0,0,-94,0,1,0,354488567,0,31,0,128,0,"[0,0,-11,9,-10,9,-10,9,-10,10,-9,10,-9,10,-8,10,-8,10,-8,10,-7,11,-7,11,-6,11,-6,11,-6,12,-6,12,-6,12,-6,12,-7,13,-7,13,-7,12,-7,12,-7,12,-8,12,-8,11,-8,11,-9,10,0,0,0,0,0,0,0,0,0,0,0,0,0,0,0,0,0,0,0,0,0,0,-6,9,-7,9,-7,8,-8,9,-9,8,-11,8,-12,8,-12,7,-12,7,-12,6,-13,6,-13,5,-12,5,-12,5,-12,5,-12,5,-12,6,-11,6,-11,7,-11,7,-10,7,-11,8,-11,8,-11,9,-11,9,-11,9]"
2025-08-18 22:02:49.713703,CSI_DATA,2089,1a:00:00:00:00:00,-52,11,0,0,0,0,0,0,0,0,0,-94,0,1,0,354689709,0,31,0,128,0,"[0,0,-8,11,-7,11,-7,11,-7,11,-6,11,-6,11,-5,11,-5,11,-4,11,-4,12,-4,12,-3,12,-3,13,-2,13,-2,13,-2,13,-2,14,-2,14,-2,14,-3,14,-3,14,-4,14,-4,14,-4,13,-5,13,-6,13,0,0,0,0,0,0,0,0,0,0,0,0,0,0,0,0,0,0,0,0,0,0,-4,9,-5,9,-6,10,-7,10,-8,10,-9,9,-10,10,-10,9,-11,9,-11,8,-11,7,-11,7,-11,7,-11,7,-10,7,-10,7,-10,7,-10,8,-9,8,-9,9,-9,9,-9,9,-9,10,-8,10,-8,10,-8,11]"
2025-08-18 22:02:49.770276,CSI_DATA,2090,1a:00:00:00:00:00,-52,11,0,0,0,0,0,0,0,0,0,-94,0,1,0,354751842,0,42,0,128,0,"[0,0,6,11,6,11,6,11,7,10,7,10,7,10,7,9,8,9,8,8,9,8,9,7,10,7,10,7,11,7,11,7,11,7,12,7,12,7,11,8,11,8,11,8,11,9,10,9,10,9,10,9,9,10,0,0,0,0,0,0,0,0,0,0,0,0,0,0,0,0,0,0,0,0,0,0,6,7,6,8,6,9,5,10,5,11,4,11,3,12,3,13,2,13,2,13,2,13,1,12,2,12,2,12,2,12,2,12,2,11,2,11,3,12,3,12,4,12,4,12,5,11,5,12,5,11,6,11]"
2025-08-18 22:02:49.841644,CSI_DATA,2091,1a:00:00:00:00:00,-52,11,0,0,0,0,0,0,0,0,0,-94,0,1,0,354819784,0,31,0,128,0,"[0,0,13,0,12,0,12,-1,12,-1,12,-1,12,-2,12,-2,12,-2,12,-3,11,-4,11,-5,11,-5,11,-5,12,-6,12,-6,12,-6,12,-6,13,-6,13,-6,13,-6,13,-5,13,-5,13,-5,13,-4,13,-4,13,-3,0,0,0,0,0,0,0,0,0,0,0,0,0,0,0,0,0,0,0,0,0,0,9,-3,10,-2,11,-1,11,0,12,0,12,1,13,2,12,3,12,4,12,4,12,4,12,4,12,4,11,4,11,4,11,4,11,4,11,3,12,3,12,3,12,2,12,2,12,1,12,1,13,0,13,0]"
2025-08-18 22:02:50.042215,CSI_DATA,2092,1a:00:00:00:00:00,-53,11,0,0,0,0,0,0,0,0,0,-94,0,1,0,355020838,0,31,0,128,0,"[0,0,13,2,12,2,12,1,13,1,12,1,12,0,12,0,12,-1,12,-1,12,-2,12,-3,12,-3,12,-3,12,-4,13,-4,12,-5,13,-5,13,-4,14,-5,14,-4,14,-4,13,-3,13,-3,13,-2,13,-2,13,-1,0,0,0,0,0,0,0,0,0,0,0,0,0,0,0,0,0,0,0,0,0,0,10,-2,10,-1,11,0,11,1,12,2,13,3,13,4,13,4,13,5,12,6,12,6,11,7,11,7,11,6,11,6,11,6,11,5,11,5,11,5,12,4,12,4,12,4,12,4,13,3,12,3,13,3]"
2025-08-18 22:02:50.248640,CSI_DATA,2093,1a:00:00:00:00:00,-52,11,0,0,0,0,0,0,0,0,0,-94,0,1,0,355222465,0,31,0,128,0,"[0,0,-14,2,-14,2,-13,2,-13,3,-13,3,-13,3,-12,3,-12,4,-12,5,-11,5,-11,6,-11,6,-11,7,-11,7,-11,8,-11,8,-12,8,-12,8,-12,8,-12,8,-13,8,-13,7,-13,7,-13,7,-13,6,-13,5,0,0,0,0,0,0,0,0,0,0,0,0,0,0,0,0,0,0,0,0,0,0,-10,4,-10,3,-11,2,-12,1,-13,1,-13,0,-14,-1,-14,-2,-14,-2,-14,-3,-14,-3,-14,-3,-13,-3,-13,-3,-13,-3,-13,-3,-13,-2,-13,-2,-13,-2,-13,-1,-13,-1,-13,-1,-14,0,-14,1,-14,1,-14,1]"
2025-08-18 22:02:50.448454,CSI_DATA,2094,1a:00:00:00:00:00,-52,11,0,0,0,0,0,0,0,0,0,-94,0,1,0,355423234,0,31,0,128,0,"[0,0,5,-13,4,-12,3,-12,3,-12,2,-13,2,-12,2,-12,2,-12,1,-12,0,-12,0,-12,-1,-13,-1,-13,-2,-13,-1,-13,-2,-13,-2,-13,-2,-14,-1,-14,-1,-14,-1,-14,0,-14,0,-14,0,-14,1,-13,2,-13,0,0,0,0,0,0,0,0,0,0,0,0,0,0,0,0,0,0,0,0,0,0,0,-10,1,-10,2,-11,3,-11,3,-11,4,-12,6,-11,6,-11,7,-11,7,-10,7,-10,8,-10,7,-10,7,-10,7,-10,7,-10,7,-10,6,-10,6,-11,6,-11,5,-11,5,-12,5,-12,4,-12,4,-12,5,-12]"
2025-08-18 22:02:50.643459,CSI_DATA,2095,1a:00:00:00:00:00,-52,11,0,0,0,0,0,0,0,0,0,-94,0,1,0,355624386,0,31,0,128,0,"[0,0,8,11,8,10,8,10,9,10,9,9,9,9,9,8,9,8,10,8,10,7,10,6,11,6,11,6,11,6,12,5,12,5,13,6,13,6,13,6,12,6,12,7,12,7,12,7,11,8,11,8,11,9,0,0,0,0,0,0,0,0,0,0,0,0,0,0,0,0,0,0,0,0,0,0,8,5,8,6,8,7,8,8,8,9,7,10,7,11,6,12,5,12,5,13,4,12,4,13,4,12,4,12,4,12,4,11,5,11,5,11,5,11,6,11,6,11,7,11,7,11,8,11,8,11,8,11]"
2025-08-18 22:02:50.831763,CSI_DATA,2096,1a:00:00:00:00:00,-52,11,0,0,0,0,0,0,0,0,0,-94,0,1,0,355809241,0,28,0,128,0,"[0,0,12,-4,11,-4,11,-4,11,-5,11,-5,10,-5,10,-6,10,-6,9,-7,9,-7,9,-8,9,-8,9,-8,9,-9,9,-9,9,-9,9,-10,9,-10,9,-10,10,-10,10,-9,10,-9,10,-8,10,-8,11,-7,11,-7,0,0,0,0,0,0,0,0,0,0,0,0,0,0,0,0,0,0,0,0,0,0,7,-6,8,-6,9,-5,10,-5,11,-4,11,-4,12,-3,12,-2,12,-2,12,-1,12,0,12,0,12,0,12,0,11,0,11,-1,12,-1,11,-1,11,-2,11,-2,12,-3,12,-3,12,-3,11,-3,12,-4,12,-4]"
2025-08-18 22:02:50.866348,CSI_DATA,2097,1a:00:00:00:00:00,-52,11,0,0,0,0,0,0,0,0,0,-94,0,1,0,355825548,0,31,0,128,0,"[0,0,11,6,11,5,11,5,11,4,12,4,11,4,11,3,11,3,11,2,11,1,12,1,12,0,12,0,12,0,13,-1,13,-1,13,0,14,-1,14,0,14,0,13,0,14,1,13,1,13,2,13,2,13,3,0,0,0,0,0,0,0,0,0,0,0,0,0,0,0,0,0,0,0,0,0,0,9,1,10,2,10,3,10,4,10,5,10,5,10,7,10,7,10,8,9,8,9,9,9,9,9,9,8,8,8,8,8,8,9,7,9,7,9,7,10,7,10,7,10,7,11,6,11,6,11,6,11,6]"
2025-08-18 22:02:51.049139,CSI_DATA,2098,1a:00:00:00:00:00,-52,11,0,0,0,0,0,0,0,0,0,-94,0,1,0,356026945,0,31,0,128,0,"[0,0,13,-1,13,-2,13,-2,12,-3,13,-3,12,-3,12,-4,11,-4,11,-5,11,-6,11,-6,11,-7,11,-7,11,-8,10,-8,11,-8,11,-8,12,-9,12,-9,12,-8,12,-8,12,-8,12,-7,12,-7,13,-6,13,-6,0,0,0,0,0,0,0,0,0,0,0,0,0,0,0,0,0,0,0,0,0,0,9,-4,10,-3,10,-2,11,-2,12,-1,13,0,13,1,13,1,13,2,12,3,13,3,12,3,12,3,12,3,12,3,12,3,12,2,12,2,12,1,12,1,12,1,13,0,13,0,13,0,13,0,13,-1]"
2025-08-18 22:02:51.253321,CSI_DATA,2099,1a:00:00:00:00:00,-52,11,0,0,0,0,0,0,0,0,0,-94,0,1,0,356227988,0,31,0,128,0,"[0,0,-7,11,-6,11,-6,11,-6,12,-5,12,-5,11,-4,12,-3,12,-3,12,-2,12,-2,12,-2,12,-1,12,-1,12,0,13,0,13,0,14,-1,14,0,14,-1,14,-1,14,-1,14,-2,14,-3,14,-3,13,-4,13,0,0,0,0,0,0,0,0,0,0,0,0,0,0,0,0,0,0,0,0,0,0,-3,9,-4,9,-5,10,-5,10,-6,10,-7,10,-8,10,-9,10,-9,10,-10,9,-11,9,-11,8,-10,8,-10,8,-10,8,-10,8,-9,8,-9,9,-8,9,-8,10,-8,10,-8,10,-8,11,-8,11,-8,11,-7,11]"
2025-08-18 22:02:51.319114,CSI_DATA,2100,1a:00:00:00:00:00,-52,11,0,0,0,0,0,0,0,0,0,-94,0,1,0,356288782,0,42,0,128,0,"[0,0,-5,-12,-6,-12,-6,-12,-6,-12,-7,-12,-7,-11,-7,-11,-8,-11,-8,-10,-8,-10,-9,-10,-10,-9,-10,-9,-10,-9,-10,-9,-10,-9,-11,-9,-11,-9,-11,-10,-10,-10,-10,-10,-10,-10,-9,-11,-9,-11,-9,-11,-8,-11,0,0,0,0,0,0,0,0,0,0,0,0,0,0,0,0,0,0,0,0,0,0,-6,-8,-6,-9,-6,-10,-5,-11,-5,-12,-4,-12,-4,-13,-3,-13,-2,-13,-2,-14,-1,-13,-1,-13,-1,-13,-2,-13,-1,-13,-2,-12,-2,-12,-3,-12,-3,-12,-3,-13,-3,-12,-4,-13,-5,-12,-5,-13,-5,-13,-5,-12]"
2025-08-18 22:02:51.519332,CSI_DATA,2101,1a:00:00:00:00:00,-52,11,0,0,0,0,0,0,0,0,0,-94,0,1,0,356353786,0,31,0,128,0,"[0,0,-12,8,-11,8,-11,8,-11,8,-10,8,-10,9,-9,9,-9,9,-8,9,-8,10,-8,10,-7,10,-7,11,-7,11,-7,12,-7,12,-7,12,-7,12,-8,12,-8,12,-8,12,-8,11,-8,11,-9,11,-9,10,-9,10,0,0,0,0,0,0,0,0,0,0,0,0,0,0,0,0,0,0,0,0,0,0,-7,7,-8,8,-9,7,-9,7,-10,7,-11,6,-12,6,-13,6,-13,5,-13,4,-13,4,-13,4,-13,3,-13,3,-12,3,-12,3,-12,4,-12,4,-12,5,-11,5,-11,6,-11,6,-12,7,-11,7,-11,7,-11,7]"
2025-08-18 22:02:51.577016,CSI_DATA,2102,1a:00:00:00:00:00,-52,11,0,0,0,0,0,0,0,0,0,-94,0,1,0,356554884,0,31,0,128,0,"[0,0,2,13,3,12,3,12,3,12,4,12,4,12,4,11,5,11,5,11,6,11,6,11,7,10,8,10,8,11,8,10,8,11,8,11,8,11,8,12,7,12,7,12,7,12,6,12,6,12,5,12,5,12,0,0,0,0,0,0,0,0,0,0,0,0,0,0,0,0,0,0,0,0,0,0,3,9,3,9,3,10,2,11,1,12,0,12,-1,12,-1,13,-2,12,-1,13,-3,12,-2,12,-2,12,-2,12,-3,12,-2,11,-2,12,-1,11,-1,12,0,12,0,12,1,12,1,12,2,12,2,12,2,12]"
2025-08-18 22:02:51.784148,CSI_DATA,2103,1a:00:00:00:00:00,-52,11,0,0,0,0,0,0,0,0,0,-94,0,1,0,356756048,0,31,0,128,0,"[0,0,-3,-13,-4,-13,-4,-13,-4,-13,-4,-13,-5,-13,-5,-13,-5,-12,-6,-12,-6,-12,-7,-12,-8,-11,-8,-12,-8,-12,-9,-12,-9,-12,-9,-12,-8,-12,-8,-13,-8,-13,-7,-13,-7,-13,-6,-13,-6,-13,-6,-13,-5,-13,0,0,0,0,0,0,0,0,0,0,0,0,0,0,0,0,0,0,0,0,0,0,-4,-9,-3,-10,-2,-11,-2,-11,-1,-12,0,-12,1,-13,1,-13,2,-13,2,-13,2,-12,2,-12,2,-12,2,-12,2,-12,2,-12,1,-12,1,-12,0,-12,0,-12,-1,-12,-1,-13,-2,-13,-2,-13,-3,-13,-2,-13]"
2025-08-18 22:02:51.987631,CSI_DATA,2104,1a:00:00:00:00:00,-52,11,0,0,0,0,0,0,0,0,0,-94,0,1,0,356957181,0,31,0,128,0,"[0,0,-6,-13,-6,-12,-6,-12,-7,-12,-7,-12,-7,-12,-8,-12,-8,-11,-9,-11,-9,-10,-9,-10,-10,-10,-10,-10,-11,-10,-11,-10,-11,-10,-12,-11,-12,-11,-12,-11,-11,-11,-11,-11,-10,-12,-9,-12,-9,-12,-8,-12,-8,-12,0,0,0,0,0,0,0,0,0,0,0,0,0,0,0,0,0,0,0,0,0,0,-5,-9,-5,-10,-5,-11,-4,-11,-4,-12,-3,-13,-2,-13,-1,-14,-1,-14,0,-13,0,-13,0,-13,0,-13,0,-13,0,-13,-1,-12,-1,-12,-2,-12,-2,-13,-3,-13,-3,-12,-4,-13,-4,-13,-4,-13,-4,-13,-5,-13]"
2025-08-18 22:02:52.188110,CSI_DATA,2105,1a:00:00:00:00:00,-52,11,0,0,0,0,0,0,0,0,0,-94,0,1,0,357158533,0,31,0,128,0,"[0,0,-9,-12,-9,-12,-9,-11,-9,-11,-10,-11,-10,-10,-10,-10,-10,-9,-10,-9,-11,-8,-11,-8,-12,-8,-12,-7,-14,-8,-13,-8,-13,-8,-13,-7,-13,-8,-13,-8,-13,-9,-13,-9,-12,-10,-12,-9,-11,-9,-11,-9,-11,-10,0,0,0,0,0,0,0,0,0,0,0,0,0,0,0,0,0,0,0,0,0,0,-8,-7,-8,-8,-7,-9,-7,-10,-7,-11,-6,-12,-5,-13,-5,-13,-4,-13,-4,-13,-4,-13,-4,-13,-4,-13,-4,-13,-4,-13,-4,-12,-4,-12,-4,-12,-5,-13,-6,-12,-6,-12,-6,-12,-7,-12,-8,-12,-8,-12,-8,-12]"
2025-08-18 22:02:52.388495,CSI_DATA,2106,1a:00:00:00:00:00,-52,11,0,0,0,0,0,0,0,0,0,-94,0,1,0,357359758,0,31,0,128,0,"[0,0,-13,-1,-14,-1,-13,0,-13,0,-13,0,-13,1,-13,1,-13,2,-12,2,-13,3,-12,4,-12,4,-12,5,-12,5,-13,6,-13,6,-14,6,-13,6,-14,5,-14,5,-14,4,-14,4,-14,4,-14,3,-14,3,-14,2,0,0,0,0,0,0,0,0,0,0,0,0,0,0,0,0,0,0,0,0,0,0,-10,1,-11,0,-12,-1,-12,-1,-12,-2,-13,-3,-13,-4,-13,-5,-13,-5,-12,-6,-12,-6,-12,-6,-12,-6,-11,-6,-11,-6,-11,-5,-11,-5,-12,-4,-12,-4,-12,-4,-12,-3,-12,-3,-13,-2,-13,-2,-13,-2,-13,-1]"
2025-08-18 22:02:52.579904,CSI_DATA,2107,1a:00:00:00:00:00,-51,11,0,0,0,0,0,0,0,0,0,-94,0,1,0,357560903,0,31,0,128,0,"[0,0,12,5,12,5,12,5,12,4,12,4,12,3,12,3,12,2,12,1,12,1,13,0,13,0,13,0,13,-1,13,-1,14,-1,14,-1,14,-1,15,-1,15,0,15,0,14,1,14,2,14,2,14,2,13,3,0,0,0,0,0,0,0,0,0,0,0,0,0,0,0,0,0,0,0,0,0,0,9,1,10,3,10,4,10,5,11,6,11,7,10,7,10,8,10,9,9,9,9,9,8,9,8,9,8,9,8,9,8,8,8,8,9,7,9,7,10,7,10,7,10,6,11,6,11,6,11,6,12,5]"
2025-08-18 22:02:52.786411,CSI_DATA,2108,1a:00:00:00:00:00,-51,11,0,0,0,0,0,0,0,0,0,-94,0,1,0,357762018,0,31,0,128,0,"[0,0,-10,10,-9,10,-9,10,-8,10,-8,10,-8,10,-7,11,-6,11,-6,11,-6,11,-5,12,-5,12,-5,12,-4,13,-4,13,-4,13,-4,14,-5,14,-5,14,-5,14,-5,14,-6,14,-6,13,-7,13,-7,12,-8,12,0,0,0,0,0,0,0,0,0,0,0,0,0,0,0,0,0,0,0,0,0,0,-6,8,-7,8,-8,8,-9,8,-10,7,-11,7,-11,7,-12,6,-13,6,-12,5,-13,5,-13,4,-12,4,-12,4,-12,5,-11,5,-12,6,-11,6,-11,6,-10,7,-10,7,-10,8,-10,8,-10,8,-10,9,-10,9]"
2025-08-18 22:02:52.853324,CSI_DATA,2109,1a:00:00:00:00:00,-52,11,0,0,0,0,0,0,0,0,0,-94,0,1,0,357823705,0,42,0,128,0,"[0,0,-13,-7,-12,-7,-12,-6,-12,-6,-13,-6,-13,-6,-13,-5,-13,-4,-13,-4,-13,-3,-13,-2,-13,-2,-14,-1,-14,-1,-14,-1,-15,-1,-15,-1,-15,-1,-16,-2,-15,-2,-15,-2,-15,-3,-15,-3,-15,-3,-14,-4,-14,-5,0,0,0,0,0,0,0,0,0,0,0,0,0,0,0,0,0,0,0,0,0,0,-10,-3,-11,-4,-11,-5,-11,-6,-11,-7,-11,-8,-10,-9,-10,-9,-10,-10,-9,-10,-9,-10,-9,-10,-9,-10,-9,-10,-9,-10,-9,-10,-9,-9,-9,-9,-10,-9,-10,-9,-10,-8,-11,-8,-11,-7,-12,-7,-12,-7,-12,-7]"
2025-08-18 22:02:52.932088,CSI_DATA,2110,1a:00:00:00:00:00,-52,11,0,0,0,0,0,0,0,0,0,-94,0,1,0,357889423,0,31,0,128,0,"[0,0,-13,-5,-13,-5,-13,-5,-13,-4,-14,-4,-13,-4,-13,-3,-13,-3,-13,-2,-13,-1,-13,0,-13,0,-14,0,-14,0,-14,1,-15,1,-15,1,-15,1,-16,1,-16,0,-16,0,-15,-1,-15,-1,-15,-2,-15,-2,-15,-3,0,0,0,0,0,0,0,0,0,0,0,0,0,0,0,0,0,0,0,0,0,0,-10,-2,-11,-3,-11,-4,-11,-5,-12,-6,-12,-7,-11,-8,-11,-9,-11,-9,-10,-10,-10,-10,-10,-10,-10,-10,-9,-9,-10,-9,-10,-9,-10,-8,-10,-8,-11,-8,-11,-7,-11,-7,-11,-7,-12,-6,-13,-6,-12,-6,-13,-6]"
2025-08-18 22:02:53.114102,CSI_DATA,2111,1a:00:00:00:00:00,-52,11,0,0,0,0,0,0,0,0,0,-94,0,1,0,358090499,0,31,0,128,0,"[0,0,-6,12,-5,12,-5,12,-5,12,-4,12,-4,12,-3,12,-3,12,-2,12,-2,12,-1,12,-1,13,-1,13,0,13,0,13,0,14,0,14,0,14,-1,14,-1,14,-1,14,-1,14,-2,14,-3,14,-3,13,-4,13,0,0,0,0,0,0,0,0,0,0,0,0,0,0,0,0,0,0,0,0,0,0,-3,9,-4,10,-5,10,-5,10,-6,10,-7,10,-8,10,-9,10,-10,10,-10,9,-10,9,-10,8,-10,8,-10,8,-9,8,-9,8,-9,9,-8,9,-8,9,-8,9,-8,10,-7,10,-7,11,-7,11,-7,11,-6,12]"
2025-08-18 22:02:53.315841,CSI_DATA,2112,1a:00:00:00:00:00,-52,11,0,0,0,0,0,0,0,0,0,-94,0,1,0,358291826,0,31,0,128,0,"[0,0,9,-10,9,-10,9,-10,9,-10,8,-11,8,-11,7,-11,7,-12,6,-11,6,-12,5,-12,5,-13,5,-13,4,-13,5,-14,5,-14,4,-14,5,-15,5,-14,6,-14,6,-14,6,-14,6,-13,7,-13,7,-13,8,-12,0,0,0,0,0,0,0,0,0,0,0,0,0,0,0,0,0,0,0,0,0,0,5,-9,6,-9,7,-9,8,-9,9,-9,10,-9,11,-8,11,-7,12,-7,12,-6,12,-6,12,-5,12,-5,11,-6,11,-6,11,-5,11,-6,10,-7,10,-7,10,-7,10,-8,10,-8,10,-8,10,-9,10,-9,10,-10]"
2025-08-18 22:02:53.515910,CSI_DATA,2113,1a:00:00:00:00:00,-52,11,0,0,0,0,0,0,0,0,0,-94,0,1,0,358493044,0,31,0,128,0,"[0,0,13,-2,13,-3,12,-2,13,-3,12,-3,12,-4,12,-4,12,-5,11,-5,11,-6,11,-6,11,-7,11,-7,11,-8,11,-8,11,-8,12,-8,12,-8,12,-8,12,-8,12,-8,12,-7,12,-6,12,-6,12,-6,13,-5,0,0,0,0,0,0,0,0,0,0,0,0,0,0,0,0,0,0,0,0,0,0,9,-4,10,-3,11,-2,11,-2,12,-1,12,-1,13,0,13,1,13,2,13,2,13,3,12,3,12,3,12,3,12,3,11,2,12,2,12,1,12,1,12,0,12,0,12,0,13,-1,13,-1,13,-1,13,-2]"
2025-08-18 22:02:53.713069,CSI_DATA,2114,1a:00:00:00:00:00,-52,11,0,0,0,0,0,0,0,0,0,-94,0,1,0,358694133,0,31,0,128,0,"[0,0,4,12,5,12,6,12,6,11,7,11,6,11,7,11,7,10,7,10,8,9,8,9,8,9,9,8,9,8,10,8,10,9,10,9,10,9,10,9,10,9,9,10,9,9,7,10,8,10,8,10,7,11,0,0,0,0,0,0,0,0,0,0,0,0,0,0,0,0,0,0,0,0,0,0,6,7,6,8,5,9,5,10,4,11,4,12,3,12,2,13,1,13,1,13,0,13,0,13,0,13,0,12,0,12,1,11,1,12,1,11,2,12,2,12,2,12,3,12,3,12,4,12,4,12,5,12]"
2025-08-18 22:02:53.923559,CSI_DATA,2115,1a:00:00:00:00:00,-52,11,0,0,0,0,0,0,0,0,0,-94,0,1,0,358895305,0,31,0,128,0,"[0,0,-2,-14,-3,-14,-3,-14,-3,-13,-4,-13,-4,-13,-5,-13,-6,-12,-6,-12,-6,-12,-7,-12,-8,-12,-8,-12,-8,-12,-8,-12,-9,-12,-9,-12,-9,-12,-9,-13,-8,-13,-8,-13,-8,-13,-7,-13,-7,-13,-6,-13,-6,-13,0,0,0,0,0,0,0,0,0,0,0,0,0,0,0,0,0,0,0,0,0,0,-5,-9,-4,-11,-4,-12,-3,-12,-2,-13,-1,-14,0,-14,0,-14,1,-14,1,-14,2,-14,2,-14,2,-14,2,-13,2,-13,1,-13,1,-13,1,-13,0,-13,0,-13,-1,-13,-1,-14,-2,-14,-2,-14,-2,-14,-2,-14]"
2025-08-18 22:02:54.135792,CSI_DATA,2116,1a:00:00:00:00:00,-52,11,0,0,0,0,0,0,0,0,0,-94,0,1,0,359096447,0,31,0,128,0,"[0,0,9,-11,8,-11,8,-11,8,-11,8,-12,7,-11,7,-11,6,-12,6,-12,5,-12,5,-13,4,-13,4,-13,4,-13,4,-14,3,-14,4,-14,4,-14,4,-15,5,-14,5,-14,5,-14,5,-13,6,-13,6,-12,7,-12,0,0,0,0,0,0,0,0,0,0,0,0,0,0,0,0,0,0,0,0,0,0,5,-9,6,-9,7,-9,7,-9,9,-9,10,-9,11,-8,11,-8,12,-8,12,-7,12,-6,12,-6,12,-6,11,-6,11,-6,11,-6,11,-7,10,-8,10,-8,10,-8,10,-9,10,-9,10,-9,9,-10,9,-10,9,-10]"
2025-08-18 22:02:54.316250,CSI_DATA,2117,1a:00:00:00:00:00,-52,11,0,0,0,0,0,0,0,0,0,-94,0,1,0,359297602,0,31,0,128,0,"[0,0,9,9,9,9,9,9,10,8,10,8,10,8,10,7,10,7,10,6,11,6,11,5,11,5,12,5,12,4,13,4,12,4,13,5,13,5,13,5,13,6,12,6,12,6,12,7,11,7,11,7,10,7,0,0,0,0,0,0,0,0,0,0,0,0,0,0,0,0,0,0,0,0,0,0,8,4,8,5,9,6,8,7,9,8,8,9,8,10,7,11,7,11,6,12,6,12,5,12,5,12,5,11,5,11,5,11,6,11,6,10,6,10,7,10,7,10,8,10,8,10,9,10,9,10,9,9]"
2025-08-18 22:02:54.389870,CSI_DATA,2118,1a:00:00:00:00:00,-52,11,0,0,0,0,0,0,0,0,0,-94,0,1,0,359359635,0,42,0,128,0,"[0,0,-7,-12,-8,-12,-8,-12,-8,-12,-9,-11,-9,-11,-9,-10,-10,-10,-10,-9,-10,-9,-11,-8,-11,-8,-11,-8,-12,-8,-12,-8,-12,-8,-13,-8,-13,-8,-13,-8,-13,-9,-12,-9,-12,-10,-12,-10,-11,-10,-10,-10,-10,-10,0,0,0,0,0,0,0,0,0,0,0,0,0,0,0,0,0,0,0,0,0,0,-7,-7,-8,-8,-7,-10,-7,-11,-7,-12,-6,-12,-5,-13,-5,-13,-4,-14,-4,-14,-3,-14,-3,-14,-3,-14,-3,-13,-3,-13,-3,-13,-4,-13,-4,-13,-5,-12,-5,-13,-6,-13,-6,-13,-7,-12,-7,-13,-7,-12,-7,-12]"
2025-08-18 22:02:54.444594,CSI_DATA,2119,1a:00:00:00:00:00,-52,11,0,0,0,0,0,0,0,0,0,-94,0,1,0,359425905,0,31,0,128,0,"[0,0,12,6,12,5,12,5,12,4,12,4,12,3,12,3,12,2,12,1,12,1,12,0,12,0,13,0,13,-1,13,-1,14,-2,14,-1,14,-1,14,-1,14,-1,14,0,14,0,13,1,13,1,13,2,13,3,0,0,0,0,0,0,0,0,0,0,0,0,0,0,0,0,0,0,0,0,0,0,9,2,10,2,10,4,10,4,10,5,11,6,10,7,10,8,10,8,9,9,9,9,9,9,9,9,8,9,9,9,9,8,9,8,9,7,10,7,10,7,10,7,11,6,11,6,11,6,12,6,12,6]"
2025-08-18 22:02:54.657122,CSI_DATA,2120,1a:00:00:00:00:00,-52,11,0,0,0,0,0,0,0,0,0,-94,0,1,0,359626988,0,31,0,128,0,"[0,0,-12,-9,-11,-9,-12,-8,-11,-8,-12,-7,-12,-7,-12,-6,-12,-6,-12,-5,-12,-5,-12,-4,-13,-4,-14,-4,-14,-3,-14,-3,-14,-3,-14,-3,-14,-3,-15,-4,-15,-4,-15,-4,-14,-5,-14,-5,-13,-6,-13,-6,-13,-7,0,0,0,0,0,0,0,0,0,0,0,0,0,0,0,0,0,0,0,0,0,0,-10,-4,-10,-5,-10,-6,-10,-7,-10,-8,-10,-9,-9,-10,-9,-10,-9,-11,-8,-11,-8,-11,-8,-12,-8,-12,-7,-11,-8,-11,-8,-11,-8,-11,-8,-10,-9,-10,-9,-10,-10,-10,-10,-10,-10,-9,-11,-9,-11,-9,-11,-9]"
2025-08-18 22:02:54.858689,CSI_DATA,2121,1a:00:00:00:00:00,-51,11,0,0,0,0,0,0,0,0,0,-94,0,1,0,359828144,0,31,0,128,0,"[0,0,-13,-7,-13,-7,-13,-6,-13,-6,-13,-6,-13,-5,-13,-5,-13,-4,-13,-4,-13,-3,-14,-2,-14,-2,-14,-1,-14,-1,-14,-1,-15,-1,-15,-1,-15,-1,-16,-2,-15,-2,-15,-2,-15,-3,-15,-3,-14,-3,-14,-4,-14,-5,0,0,0,0,0,0,0,0,0,0,0,0,0,0,0,0,0,0,0,0,0,0,-10,-3,-11,-4,-11,-5,-11,-6,-11,-7,-11,-8,-11,-9,-11,-10,-10,-10,-10,-10,-10,-10,-9,-10,-9,-10,-9,-10,-9,-10,-9,-10,-10,-9,-10,-9,-10,-9,-11,-9,-11,-9,-11,-9,-12,-8,-12,-7,-12,-7,-13,-7]"
2025-08-18 22:02:55.052801,CSI_DATA,2122,1a:00:00:00:00:00,-51,11,0,0,0,0,0,0,0,0,0,-94,0,1,0,360029288,0,31,0,128,0,"[0,0,-12,6,-11,6,-11,6,-11,7,-11,7,-10,8,-10,8,-9,8,-9,8,-9,9,-8,9,-8,9,-8,10,-8,10,-8,11,-8,11,-8,11,-8,12,-9,11,-9,11,-9,10,-9,10,-9,10,-10,9,-10,9,-10,8,0,0,0,0,0,0,0,0,0,0,0,0,0,0,0,0,0,0,0,0,0,0,-8,6,-9,6,-9,6,-10,5,-11,5,-12,5,-13,4,-13,4,-13,3,-13,2,-13,2,-13,2,-13,1,-12,2,-12,2,-12,2,-12,2,-12,3,-12,3,-12,4,-12,4,-12,4,-12,5,-12,5,-12,5,-12,6]"
2025-08-18 22:02:55.256523,CSI_DATA,2123,1a:00:00:00:00:00,-51,11,0,0,0,0,0,0,0,0,0,-94,0,1,0,360230464,0,31,0,128,0,"[0,0,3,-13,2,-14,2,-13,2,-14,1,-13,1,-13,0,-13,0,-13,-1,-13,-1,-13,-2,-13,-2,-13,-3,-14,-3,-13,-3,-14,-4,-14,-4,-15,-3,-14,-3,-15,-3,-15,-2,-15,-2,-15,-2,-15,-1,-14,0,-14,0,-14,0,0,0,0,0,0,0,0,0,0,0,0,0,0,0,0,0,0,0,0,0,0,0,-11,1,-11,2,-12,2,-12,3,-12,4,-12,5,-13,6,-12,7,-12,7,-12,7,-11,8,-11,7,-11,6,-11,6,-11,6,-11,6,-11,5,-12,5,-11,5,-12,4,-12,4,-13,4,-13,3,-13,3,-13,3,-14]"
2025-08-18 22:02:55.456679,CSI_DATA,2124,1a:00:00:00:00:00,-51,11,0,0,0,0,0,0,0,0,0,-94,0,1,0,360431676,0,31,0,128,0,"[0,0,13,-4,12,-5,11,-5,12,-5,11,-6,11,-6,11,-7,11,-7,10,-7,10,-8,10,-8,9,-9,9,-9,9,-9,10,-10,9,-10,10,-10,10,-10,10,-10,11,-10,11,-10,11,-9,11,-9,11,-8,11,-8,12,-7,0,0,0,0,0,0,0,0,0,0,0,0,0,0,0,0,0,0,0,0,0,0,8,-6,9,-5,10,-5,11,-4,12,-4,12,-3,13,-2,13,-2,13,-1,13,0,13,0,13,0,13,1,13,0,12,0,12,0,12,-1,12,-1,12,-1,12,-2,12,-2,12,-3,12,-3,12,-3,12,-4,13,-4]"
2025-08-18 22:02:55.675148,CSI_DATA,2125,1a:00:00:00:00:00,-51,11,0,0,0,0,0,0,0,0,0,-94,0,1,0,360633029,0,31,0,128,0,"[0,0,-1,-13,-2,-13,-2,-13,-2,-13,-3,-13,-3,-12,-3,-12,-4,-12,-4,-12,-5,-12,-5,-11,-6,-11,-6,-12,-7,-12,-7,-12,-7,-12,-7,-12,-7,-12,-7,-13,-7,-13,-6,-13,-6,-13,-6,-13,-5,-13,-5,-13,-4,-13,0,0,0,0,0,0,0,0,0,0,0,0,0,0,0,0,0,0,0,0,0,0,-3,-10,-2,-10,-2,-11,-1,-12,-1,-12,0,-13,1,-13,2,-13,3,-13,3,-13,3,-13,4,-12,3,-12,3,-12,3,-12,3,-12,2,-12,2,-12,1,-12,1,-12,1,-12,0,-13,0,-13,-1,-13,-1,-13,-1,-13]"
2025-08-18 22:02:55.853376,CSI_DATA,2126,1a:00:00:00:00:00,-51,11,0,0,0,0,0,0,0,0,0,-94,0,1,0,360834063,0,31,0,128,0,"[0,0,11,4,11,4,11,3,12,3,12,2,11,2,11,2,11,1,11,1,11,0,12,-1,12,-1,12,-1,12,-2,12,-2,12,-2,13,-2,13,-2,13,-2,13,-1,13,-1,13,-1,13,0,13,0,13,0,12,1,0,0,0,0,0,0,0,0,0,0,0,0,0,0,0,0,0,0,0,0,0,0,9,1,9,2,10,3,10,4,10,5,10,6,10,6,10,7,9,8,9,8,9,8,8,8,8,8,8,8,8,7,8,7,9,7,9,6,9,6,10,6,10,6,10,6,11,5,11,5,11,5,11,4]"
2025-08-18 22:02:55.917660,CSI_DATA,2127,1a:00:00:00:00:00,-51,11,0,0,0,0,0,0,0,0,0,-94,0,1,0,360895628,0,42,0,128,0,"[0,0,-5,13,-5,12,-4,12,-4,12,-3,13,-3,12,-3,12,-2,12,-2,12,-1,12,0,12,0,12,1,12,1,13,1,13,1,14,1,13,1,14,0,14,0,14,0,14,-1,14,-1,13,-1,14,-2,13,-3,13,0,0,0,0,0,0,0,0,0,0,0,0,0,0,0,0,0,0,0,0,0,0,-2,9,-3,10,-3,10,-4,11,-5,11,-7,11,-7,11,-8,11,-8,10,-9,10,-9,10,-9,9,-9,9,-8,9,-9,9,-8,9,-8,9,-7,9,-7,10,-7,11,-7,11,-6,11,-6,11,-5,12,-6,12,-5,12]"
2025-08-18 22:02:55.983395,CSI_DATA,2128,1a:00:00:00:00:00,-51,11,0,0,0,0,0,0,0,0,0,-94,0,1,0,360962209,0,31,0,128,0,"[0,0,12,1,12,1,12,0,12,0,12,0,12,-1,12,-1,11,-1,11,-2,11,-3,11,-4,11,-4,11,-4,11,-5,12,-5,12,-5,12,-5,13,-5,13,-5,13,-4,13,-4,13,-3,13,-3,12,-3,12,-2,13,-1,0,0,0,0,0,0,0,0,0,0,0,0,0,0,0,0,0,0,0,0,0,0,9,-2,10,-1,10,0,11,0,11,1,12,2,12,3,12,3,11,4,11,5,11,5,11,5,11,5,10,5,10,5,10,4,10,4,11,3,11,3,11,3,11,3,11,3,12,2,12,2,12,1,12,1]"
2025-08-18 22:02:56.185099,CSI_DATA,2129,1a:00:00:00:00:00,-51,11,0,0,0,0,0,0,0,0,0,-94,0,1,0,361163256,0,31,0,128,0,"[0,0,-4,12,-4,12,-4,12,-3,11,-3,12,-2,12,-2,11,-1,12,-1,11,0,11,0,12,1,12,1,12,2,12,2,12,2,12,2,13,2,13,2,13,1,13,1,13,1,13,0,13,0,13,-1,12,-1,12,0,0,0,0,0,0,0,0,0,0,0,0,0,0,0,0,0,0,0,0,0,0,-2,9,-3,10,-3,10,-4,10,-5,10,-6,11,-7,10,-7,10,-8,10,-8,10,-9,9,-9,9,-8,9,-8,9,-8,9,-8,9,-7,9,-7,9,-7,10,-6,10,-6,10,-5,11,-5,11,-5,12,-5,12,-5,12]"
2025-08-18 22:02:56.383143,CSI_DATA,2130,1a:00:00:00:00:00,-51,11,0,0,0,0,0,0,0,0,0,-94,0,1,0,361365808,0,31,0,128,0,"[0,0,9,8,9,8,9,7,10,7,10,7,10,7,10,6,10,6,10,5,10,5,11,4,11,4,11,4,12,3,12,3,12,3,13,4,13,4,13,4,13,4,12,5,12,5,11,6,11,6,10,6,10,6,0,0,0,0,0,0,0,0,0,0,0,0,0,0,0,0,0,0,0,0,0,0,8,4,8,5,8,6,8,7,8,8,8,8,7,9,7,10,6,10,6,11,5,11,5,11,5,11,5,10,5,10,5,10,6,9,6,9,7,9,7,9,7,9,8,9,8,9,9,9,9,9,9,8]"
2025-08-18 22:02:56.589030,CSI_DATA,2131,1a:00:00:00:00:00,-51,11,0,0,0,0,0,0,0,0,0,-94,0,1,0,361565684,0,31,0,128,0,"[0,0,7,-11,7,-11,6,-11,6,-11,6,-11,5,-11,5,-12,4,-12,4,-12,3,-12,3,-12,2,-13,2,-13,2,-13,2,-13,2,-14,2,-14,2,-14,2,-14,3,-14,3,-14,4,-14,4,-13,4,-13,4,-12,5,-12,0,0,0,0,0,0,0,0,0,0,0,0,0,0,0,0,0,0,0,0,0,0,3,-9,4,-10,5,-9,6,-9,7,-10,8,-10,9,-9,9,-9,10,-8,10,-8,10,-8,10,-7,10,-7,10,-7,9,-7,9,-7,9,-8,9,-8,8,-9,8,-9,8,-9,8,-9,8,-10,8,-10,7,-10,8,-11]"
2025-08-18 22:02:56.793686,CSI_DATA,2132,1a:00:00:00:00:00,-51,11,0,0,0,0,0,0,0,0,0,-94,0,1,0,361767041,0,31,0,128,0,"[0,0,1,-14,0,-15,0,-14,0,-14,-1,-14,-1,-14,-2,-13,-2,-13,-3,-13,-4,-13,-4,-13,-5,-13,-5,-13,-6,-13,-6,-13,-6,-13,-6,-14,-6,-14,-6,-14,-5,-14,-5,-14,-5,-15,-4,-15,-4,-14,-3,-14,-2,-14,0,0,0,0,0,0,0,0,0,0,0,0,0,0,0,0,0,0,0,0,0,0,-1,-11,0,-11,0,-12,1,-12,2,-13,3,-13,4,-13,4,-13,5,-13,6,-13,6,-12,6,-12,6,-12,5,-12,5,-12,5,-12,4,-12,4,-13,3,-12,3,-13,3,-13,2,-13,2,-14,2,-14,1,-14,2,-14]"
2025-08-18 22:02:56.998285,CSI_DATA,2133,1a:00:00:00:00:00,-51,11,0,0,0,0,0,0,0,0,0,-94,0,1,0,361968368,0,31,0,128,0,"[0,0,-10,-9,-10,-10,-10,-9,-10,-9,-10,-8,-10,-8,-11,-8,-11,-7,-11,-6,-11,-6,-11,-6,-12,-5,-12,-5,-13,-5,-13,-4,-13,-5,-13,-5,-13,-5,-14,-5,-13,-5,-13,-6,-13,-6,-12,-7,-12,-7,-11,-7,-11,-8,0,0,0,0,0,0,0,0,0,0,0,0,0,0,0,0,0,0,0,0,0,0,-8,-6,-8,-7,-8,-8,-8,-9,-8,-9,-8,-10,-7,-11,-7,-11,-6,-12,-6,-12,-5,-12,-5,-12,-5,-12,-5,-12,-5,-11,-6,-11,-6,-11,-6,-11,-7,-11,-7,-10,-8,-10,-8,-10,-8,-10,-9,-10,-9,-10,-9,-10]"
2025-08-18 22:02:57.202844,CSI_DATA,2134,1a:00:00:00:00:00,-51,11,0,0,0,0,0,0,0,0,0,-94,0,1,0,362169292,0,31,0,128,0,"[0,0,7,-11,6,-12,6,-11,6,-12,5,-12,5,-11,5,-12,4,-12,4,-12,3,-12,2,-12,2,-13,2,-13,2,-13,2,-13,1,-13,2,-14,2,-14,2,-14,3,-14,3,-14,3,-14,4,-13,4,-13,5,-12,5,-12,0,0,0,0,0,0,0,0,0,0,0,0,0,0,0,0,0,0,0,0,0,0,2,-10,3,-10,4,-10,5,-10,6,-10,7,-10,8,-10,9,-9,9,-9,9,-9,9,-8,10,-8,9,-8,9,-8,9,-8,9,-8,8,-8,8,-9,8,-9,8,-9,8,-10,7,-10,7,-11,7,-11,7,-11,7,-11]"
2025-08-18 22:02:57.399902,CSI_DATA,2135,1a:00:00:00:00:00,-51,11,0,0,0,0,0,0,0,0,0,-94,0,1,0,362370454,0,31,0,128,0,"[0,0,-9,-10,-9,-10,-9,-10,-10,-9,-10,-9,-10,-9,-10,-8,-10,-8,-10,-7,-11,-7,-11,-6,-12,-6,-12,-6,-12,-5,-13,-5,-13,-5,-13,-5,-13,-6,-13,-6,-13,-6,-13,-6,-12,-7,-12,-7,-12,-7,-11,-7,-11,-8,0,0,0,0,0,0,0,0,0,0,0,0,0,0,0,0,0,0,0,0,0,0,-8,-6,-8,-7,-8,-8,-8,-9,-8,-10,-7,-11,-6,-12,-6,-12,-5,-12,-5,-13,-5,-13,-4,-12,-5,-12,-5,-12,-5,-12,-5,-11,-5,-11,-6,-11,-6,-11,-7,-11,-7,-11,-7,-11,-8,-11,-9,-11,-9,-11,-9,-10]"
2025-08-18 22:02:57.450261,CSI_DATA,2136,1a:00:00:00:00:00,-51,11,0,0,0,0,0,0,0,0,0,-94,0,1,0,362432321,0,42,0,128,0,"[0,0,9,9,9,8,10,9,10,8,10,8,10,8,10,7,11,7,11,6,11,5,11,5,11,4,12,4,13,4,12,4,13,4,13,4,13,4,13,5,13,5,13,5,12,6,12,6,11,6,11,6,11,7,0,0,0,0,0,0,0,0,0,0,0,0,0,0,0,0,0,0,0,0,0,0,8,4,9,6,8,7,9,8,8,8,8,9,7,10,7,11,6,11,6,11,5,11,5,11,6,11,5,11,6,11,5,10,6,10,6,9,7,10,7,10,7,10,8,9,8,9,9,9,9,9,10,9]"
2025-08-18 22:02:57.534345,CSI_DATA,2137,1a:00:00:00:00:00,-51,11,0,0,0,0,0,0,0,0,0,-94,0,1,0,362499579,0,31,0,128,0,"[0,0,-13,-5,-12,-5,-13,-5,-12,-4,-13,-4,-12,-4,-13,-4,-12,-3,-13,-2,-12,-1,-12,-1,-13,-1,-13,0,-13,0,-13,1,-14,1,-13,0,-14,0,-14,0,-14,0,-14,-1,-14,-1,-13,-2,-13,-2,-13,-2,-13,-3,0,0,0,0,0,0,0,0,0,0,0,0,0,0,0,0,0,0,0,0,0,0,-10,-1,-11,-3,-11,-3,-11,-4,-11,-5,-12,-6,-11,-7,-11,-7,-11,-8,-10,-8,-10,-8,-10,-8,-10,-8,-10,-8,-10,-8,-9,-8,-10,-8,-10,-7,-10,-7,-11,-7,-11,-6,-11,-6,-12,-6,-12,-6,-12,-5,-12,-5]"
2025-08-18 22:02:57.725093,CSI_DATA,2138,1a:00:00:00:00:00,-51,11,0,0,0,0,0,0,0,0,0,-94,0,1,0,362700653,0,31,0,128,0,"[0,0,-13,5,-12,5,-12,5,-11,6,-11,6,-11,6,-10,7,-10,7,-10,8,-9,8,-9,8,-9,8,-9,9,-9,9,-9,10,-9,10,-9,10,-10,10,-10,10,-10,10,-10,10,-10,9,-10,9,-11,8,-11,7,-11,7,0,0,0,0,0,0,0,0,0,0,0,0,0,0,0,0,0,0,0,0,0,0,-8,6,-9,5,-10,5,-11,5,-11,4,-12,4,-13,3,-13,2,-13,2,-13,1,-13,1,-13,0,-13,0,-13,0,-13,1,-12,1,-13,1,-12,2,-12,2,-12,3,-12,3,-12,4,-12,4,-12,4,-13,4,-12,5]"
2025-08-18 22:02:57.926674,CSI_DATA,2139,1a:00:00:00:00:00,-51,11,0,0,0,0,0,0,0,0,0,-94,0,1,0,362902073,0,31,0,128,0,"[0,0,-12,5,-12,5,-12,5,-12,5,-12,6,-11,6,-11,6,-10,7,-10,7,-10,7,-10,8,-9,8,-9,8,-9,9,-9,10,-9,10,-10,10,-10,10,-10,10,-10,10,-11,9,-10,9,-11,8,-11,8,-11,7,-12,7,0,0,0,0,0,0,0,0,0,0,0,0,0,0,0,0,0,0,0,0,0,0,-8,5,-9,5,-10,4,-11,4,-12,3,-13,3,-13,2,-13,2,-13,1,-13,0,-14,0,-13,0,-13,0,-13,0,-12,0,-12,0,-12,1,-12,1,-12,2,-12,2,-12,2,-12,3,-13,3,-13,4,-13,4,-12,4]"
2025-08-18 22:02:58.132276,CSI_DATA,2140,1a:00:00:00:00:00,-51,11,0,0,0,0,0,0,0,0,0,-94,0,1,0,363103073,0,31,0,128,0,"[0,0,-10,-10,-10,-10,-10,-10,-11,-9,-11,-9,-11,-8,-11,-8,-11,-8,-12,-7,-12,-6,-12,-6,-13,-6,-13,-6,-13,-5,-14,-5,-13,-5,-14,-5,-14,-5,-14,-6,-14,-6,-14,-6,-13,-7,-13,-7,-13,-7,-12,-7,-12,-8,0,0,0,0,0,0,0,0,0,0,0,0,0,0,0,0,0,0,0,0,0,0,-9,-6,-9,-7,-9,-8,-9,-9,-8,-10,-8,-11,-8,-11,-7,-12,-6,-13,-6,-13,-6,-13,-5,-12,-5,-13,-5,-12,-6,-12,-6,-12,-6,-12,-7,-11,-7,-11,-7,-11,-8,-11,-8,-11,-9,-11,-9,-10,-9,-11,-10,-10]"
2025-08-18 22:02:58.325562,CSI_DATA,2141,1a:00:00:00:00:00,-51,11,0,0,0,0,0,0,0,0,0,-94,0,1,0,363304210,0,31,0,128,0,"[0,0,13,2,12,2,12,1,12,1,12,1,12,0,12,0,12,-1,12,-2,12,-2,12,-2,12,-3,12,-3,12,-3,12,-4,13,-4,13,-4,13,-4,13,-4,14,-3,13,-3,13,-2,13,-2,13,-1,13,-1,13,0,0,0,0,0,0,0,0,0,0,0,0,0,0,0,0,0,0,0,0,0,0,0,9,-1,10,0,11,1,11,2,11,2,11,3,12,4,11,5,11,5,11,6,11,6,10,6,10,6,10,6,10,6,10,5,10,5,11,4,11,4,11,4,11,4,11,3,12,3,12,3,12,3,12,2]"
2025-08-18 22:02:58.528810,CSI_DATA,2142,1a:00:00:00:00:00,-51,11,0,0,0,0,0,0,0,0,0,-94,0,1,0,363505473,0,31,0,128,0,"[0,0,-12,6,-11,6,-11,6,-11,7,-11,7,-10,7,-10,7,-9,8,-9,8,-9,9,-9,9,-8,9,-8,10,-8,10,-8,10,-8,11,-8,11,-9,11,-9,11,-9,11,-9,10,-9,10,-9,9,-10,9,-10,8,-11,8,0,0,0,0,0,0,0,0,0,0,0,0,0,0,0,0,0,0,0,0,0,0,-7,6,-8,6,-9,6,-10,5,-11,5,-12,5,-12,4,-13,4,-13,3,-13,2,-13,2,-13,2,-12,2,-12,2,-12,2,-12,2,-12,3,-12,3,-12,3,-11,4,-12,4,-11,5,-12,5,-12,5,-12,5,-12,6]"
2025-08-18 22:02:58.728384,CSI_DATA,2143,1a:00:00:00:00:00,-51,11,0,0,0,0,0,0,0,0,0,-94,0,1,0,363706605,0,31,0,128,0,"[0,0,10,7,10,7,10,7,10,6,10,6,10,6,10,6,11,5,11,4,11,3,11,3,11,3,12,3,12,2,12,2,13,2,13,2,13,2,13,2,13,3,13,3,12,4,12,4,12,5,11,5,11,5,0,0,0,0,0,0,0,0,0,0,0,0,0,0,0,0,0,0,0,0,0,0,8,3,8,4,8,6,8,6,8,7,8,8,8,9,7,9,7,10,7,10,6,10,6,10,6,10,6,10,6,10,6,9,6,9,7,8,7,8,8,8,8,8,8,8,9,8,9,8,10,8,10,8]"
2025-08-18 22:02:58.926040,CSI_DATA,2144,1a:00:00:00:00:00,-51,11,0,0,0,0,0,0,0,0,0,-94,0,1,0,363907734,0,31,0,128,0,"[0,0,5,12,5,11,6,11,6,11,6,10,6,10,6,10,7,9,7,9,8,8,8,8,9,8,9,8,9,8,10,8,10,8,10,8,10,9,10,9,9,9,9,10,9,10,8,10,8,10,7,10,6,10,0,0,0,0,0,0,0,0,0,0,0,0,0,0,0,0,0,0,0,0,0,0,6,7,6,7,5,8,5,9,5,10,4,11,3,11,3,12,2,12,2,12,1,12,1,12,1,12,1,12,1,11,1,11,2,11,2,11,3,11,3,11,3,11,4,11,4,11,5,11,5,11,5,11]"
2025-08-18 22:02:59.063044,CSI_DATA,2145,1a:00:00:00:00:00,-51,11,0,0,0,0,0,0,0,0,0,-94,0,1,0,363968542,0,42,0,128,0,"[0,0,6,-12,5,-12,5,-12,5,-13,4,-13,4,-12,3,-12,3,-13,3,-13,2,-13,1,-13,1,-13,1,-13,0,-14,0,-14,0,-14,0,-15,0,-15,1,-15,1,-15,1,-15,2,-15,2,-14,3,-14,3,-13,4,-13,0,0,0,0,0,0,0,0,0,0,0,0,0,0,0,0,0,0,0,0,0,0,2,-10,3,-10,4,-11,4,-11,5,-11,6,-11,7,-11,8,-11,9,-10,9,-10,9,-9,9,-9,9,-9,8,-9,8,-9,8,-9,8,-9,8,-10,7,-10,7,-10,7,-11,7,-11,6,-12,6,-12,6,-12,6,-12]"
2025-08-18 22:02:59.069528,CSI_DATA,2146,1a:00:00:00:00:00,-51,11,0,0,0,0,0,0,0,0,0,-94,0,1,0,364034479,0,31,0,128,0,"[0,0,-10,-10,-10,-10,-10,-9,-10,-9,-11,-9,-11,-9,-11,-8,-11,-7,-11,-7,-12,-6,-12,-6,-12,-6,-13,-5,-13,-5,-13,-5,-13,-5,-14,-5,-14,-5,-14,-6,-14,-6,-14,-7,-13,-7,-13,-7,-12,-7,-12,-8,-11,-8,0,0,0,0,0,0,0,0,0,0,0,0,0,0,0,0,0,0,0,0,0,0,-9,-5,-9,-6,-9,-8,-9,-8,-9,-9,-9,-10,-8,-11,-8,-11,-7,-12,-7,-12,-7,-12,-6,-12,-6,-12,-6,-12,-6,-12,-6,-11,-7,-11,-7,-10,-7,-11,-8,-11,-8,-11,-9,-11,-9,-10,-9,-10,-10,-10,-9,-10]"
2025-08-18 22:02:59.275651,CSI_DATA,2147,1a:00:00:00:00:00,-51,11,0,0,0,0,0,0,0,0,0,-94,0,1,0,364235577,0,31,0,128,0,"[0,0,-13,1,-13,1,-13,1,-13,2,-13,2,-13,3,-12,3,-12,4,-12,4,-12,5,-11,5,-11,5,-11,6,-11,6,-11,7,-12,7,-12,7,-12,7,-13,7,-13,6,-13,6,-13,6,-13,5,-13,5,-13,4,-13,3,0,0,0,0,0,0,0,0,0,0,0,0,0,0,0,0,0,0,0,0,0,0,-10,3,-10,2,-11,1,-12,1,-12,0,-13,-1,-13,-1,-13,-2,-13,-3,-13,-3,-13,-4,-13,-4,-12,-4,-12,-4,-12,-3,-12,-3,-12,-3,-12,-2,-12,-2,-13,-1,-13,-1,-13,-1,-13,0,-13,0,-13,0,-13,1]"
2025-08-18 22:02:59.461701,CSI_DATA,2148,1a:00:00:00:00:00,-51,11,0,0,0,0,0,0,0,0,0,-94,0,1,0,364438448,0,31,0,128,0,"[0,0,-8,10,-7,11,-7,10,-7,11,-6,11,-6,11,-5,11,-4,11,-4,11,-4,11,-3,11,-3,11,-3,12,-2,12,-2,13,-2,12,-2,13,-2,13,-2,13,-3,13,-3,13,-3,13,-4,13,-5,12,-5,12,-5,11,0,0,0,0,0,0,0,0,0,0,0,0,0,0,0,0,0,0,0,0,0,0,-4,8,-5,9,-6,9,-7,9,-8,9,-9,9,-9,9,-10,8,-10,8,-11,7,-11,7,-11,6,-11,6,-10,7,-10,6,-10,7,-10,7,-9,8,-9,8,-9,8,-9,9,-8,9,-9,10,-8,10,-8,10,-8,10]"
2025-08-18 22:02:59.663110,CSI_DATA,2149,1a:00:00:00:00:00,-51,11,0,0,0,0,0,0,0,0,0,-94,0,1,0,364637993,0,31,0,128,0,"[0,0,4,-13,4,-13,4,-13,3,-13,3,-13,3,-13,2,-13,2,-13,1,-13,1,-13,0,-13,-1,-13,-1,-13,-1,-13,-1,-14,-2,-14,-1,-14,-1,-14,-1,-14,0,-14,0,-14,0,-14,0,-14,1,-14,1,-13,2,-13,0,0,0,0,0,0,0,0,0,0,0,0,0,0,0,0,0,0,0,0,0,0,1,-10,1,-10,2,-11,3,-11,4,-12,5,-11,6,-11,7,-11,7,-11,8,-11,8,-10,8,-10,8,-10,7,-10,7,-10,7,-10,6,-10,6,-11,6,-11,6,-11,5,-11,5,-12,5,-12,4,-13,5,-12,5,-13]"
2025-08-18 22:02:59.862903,CSI_DATA,2150,1a:00:00:00:00:00,-51,11,0,0,0,0,0,0,0,0,0,-94,0,1,0,364839137,0,31,0,128,0,"[0,0,10,-9,9,-10,9,-10,9,-10,8,-10,8,-10,7,-11,7,-11,7,-11,6,-11,6,-12,5,-12,5,-12,5,-13,5,-13,5,-13,5,-13,5,-14,6,-14,6,-13,7,-13,7,-13,7,-12,7,-12,7,-11,8,-11,0,0,0,0,0,0,0,0,0,0,0,0,0,0,0,0,0,0,0,0,0,0,5,-9,6,-9,7,-9,8,-9,9,-8,10,-8,11,-7,11,-7,12,-6,11,-6,12,-6,12,-5,11,-5,11,-6,11,-6,11,-5,11,-6,10,-6,10,-7,10,-7,10,-7,10,-8,10,-8,10,-9,10,-9,10,-9]"
2025-08-18 22:03:00.058936,CSI_DATA,2151,1a:00:00:00:00:00,-51,11,0,0,0,0,0,0,0,0,0,-94,0,1,0,365040304,0,31,0,128,0,"[0,0,6,11,6,11,6,11,7,10,7,10,7,10,8,10,8,9,8,9,9,8,9,8,10,8,10,7,11,7,10,7,11,7,11,8,11,8,11,8,11,9,10,9,10,9,10,9,9,10,9,10,8,10,0,0,0,0,0,0,0,0,0,0,0,0,0,0,0,0,0,0,0,0,0,0,7,7,7,8,6,9,6,10,6,10,5,11,4,12,4,12,3,13,3,13,2,12,2,12,2,12,2,12,2,12,2,11,3,11,3,11,3,11,4,11,4,11,5,11,5,11,6,11,6,11,6,11]"
2025-08-18 22:03:00.266020,CSI_DATA,2152,1a:00:00:00:00:00,-51,11,0,0,0,0,0,0,0,0,0,-94,0,1,0,365241660,0,31,0,128,0,"[0,0,13,-2,12,-2,12,-2,12,-3,12,-3,11,-3,11,-4,11,-4,11,-5,11,-6,11,-6,10,-6,11,-7,10,-7,11,-8,11,-8,11,-8,11,-8,12,-8,12,-8,12,-7,12,-7,12,-6,12,-6,12,-5,12,-4,0,0,0,0,0,0,0,0,0,0,0,0,0,0,0,0,0,0,0,0,0,0,9,-3,10,-3,10,-2,11,-1,12,-1,12,0,12,1,12,1,12,2,12,3,12,3,12,3,11,3,11,3,11,3,11,2,11,2,11,1,11,1,11,1,12,0,12,0,12,-1,12,-1,12,-1,13,-2]"
2025-08-18 22:03:00.479388,CSI_DATA,2153,1a:00:00:00:00:00,-51,11,0,0,0,0,0,0,0,0,0,-94,0,1,0,365442813,0,31,0,128,0,"[0,0,-4,12,-4,12,-3,11,-3,12,-3,11,-3,11,-2,11,-1,11,-1,11,0,11,0,12,1,12,1,12,1,12,1,12,1,12,1,13,1,13,1,13,0,13,0,13,0,13,-1,13,-1,13,-1,12,-2,12,0,0,0,0,0,0,0,0,0,0,0,0,0,0,0,0,0,0,0,0,0,0,-1,9,-2,9,-3,10,-4,10,-4,11,-5,10,-6,11,-7,10,-7,10,-8,10,-8,10,-8,9,-8,9,-7,9,-7,9,-7,9,-7,9,-6,10,-6,10,-6,10,-6,10,-5,10,-5,11,-5,11,-5,12,-5,11]"
2025-08-18 22:03:00.533899,CSI_DATA,2154,1a:00:00:00:00:00,-51,11,0,0,0,0,0,0,0,0,0,-94,0,1,0,365503605,0,42,0,128,0,"[0,0,-4,-13,-5,-14,-5,-13,-5,-13,-6,-13,-6,-13,-6,-12,-7,-12,-7,-11,-8,-12,-8,-11,-8,-11,-9,-11,-9,-11,-10,-11,-10,-11,-10,-12,-10,-11,-10,-12,-10,-12,-9,-12,-9,-13,-8,-13,-8,-13,-7,-13,-6,-13,0,0,0,0,0,0,0,0,0,0,0,0,0,0,0,0,0,0,0,0,0,0,-5,-9,-5,-10,-5,-12,-4,-12,-4,-13,-3,-13,-2,-14,-1,-14,-1,-14,0,-15,1,-14,1,-14,1,-14,1,-14,0,-13,0,-13,0,-13,-1,-13,-1,-13,-2,-13,-2,-13,-3,-13,-3,-14,-3,-14,-3,-14,-4,-13]"
2025-08-18 22:03:00.596082,CSI_DATA,2155,1a:00:00:00:00:00,-51,11,0,0,0,0,0,0,0,0,0,-94,0,1,0,365569850,0,31,0,128,0,"[0,0,12,2,12,2,12,1,12,1,12,1,12,0,12,0,12,0,12,-1,12,-2,12,-2,12,-3,12,-3,12,-3,13,-4,13,-4,13,-3,13,-4,13,-3,13,-3,14,-2,13,-2,13,-1,13,-1,13,-1,13,0,0,0,0,0,0,0,0,0,0,0,0,0,0,0,0,0,0,0,0,0,0,0,9,-1,10,-1,11,0,11,1,11,2,11,3,11,4,11,4,11,5,11,6,11,6,10,6,10,6,10,5,10,5,10,5,10,5,11,4,11,4,11,4,11,4,11,3,12,3,12,3,12,3,12,2]"
2025-08-18 22:03:00.795243,CSI_DATA,2156,1a:00:00:00:00:00,-51,11,0,0,0,0,0,0,0,0,0,-94,0,1,0,365770928,0,31,0,128,0,"[0,0,-13,6,-12,6,-12,6,-12,6,-11,6,-11,7,-10,7,-10,7,-10,8,-9,8,-9,9,-9,9,-8,9,-8,10,-9,10,-8,10,-9,10,-9,11,-10,11,-10,10,-10,10,-10,9,-10,9,-10,9,-11,8,-11,7,0,0,0,0,0,0,0,0,0,0,0,0,0,0,0,0,0,0,0,0,0,0,-8,6,-9,5,-10,5,-10,5,-11,4,-12,4,-13,3,-13,2,-13,2,-14,1,-13,1,-13,1,-13,1,-13,1,-12,1,-13,1,-12,2,-12,2,-12,2,-12,3,-12,3,-12,4,-12,4,-12,5,-12,5,-12,5]"
2025-08-18 22:03:00.993049,CSI_DATA,2157,1a:00:00:00:00:00,-51,11,0,0,0,0,0,0,0,0,0,-94,0,1,0,365972124,0,31,0,128,0,"[0,0,13,2,13,2,13,1,12,1,13,1,13,0,13,0,12,-1,12,-1,12,-2,12,-3,12,-3,12,-3,13,-4,12,-4,13,-4,13,-4,14,-4,14,-4,14,-4,14,-3,14,-2,13,-2,13,-2,13,-1,13,0,0,0,0,0,0,0,0,0,0,0,0,0,0,0,0,0,0,0,0,0,0,0,10,-1,10,0,11,1,11,2,11,3,12,4,12,4,12,5,11,6,11,6,11,6,11,6,11,6,11,6,11,6,10,5,11,5,11,4,11,5,12,4,12,4,12,4,12,3,12,3,13,3,13,2]"
2025-08-18 22:03:01.195840,CSI_DATA,2158,1a:00:00:00:00:00,-51,11,0,0,0,0,0,0,0,0,0,-94,0,1,0,366173255,0,31,0,128,0,"[0,0,12,-4,12,-4,12,-4,11,-5,11,-5,11,-5,10,-6,10,-6,10,-7,10,-7,9,-8,9,-8,9,-8,9,-9,9,-9,9,-10,9,-10,10,-10,10,-10,10,-9,11,-9,11,-8,11,-8,11,-7,11,-7,11,-6,0,0,0,0,0,0,0,0,0,0,0,0,0,0,0,0,0,0,0,0,0,0,8,-5,9,-4,10,-4,10,-3,11,-3,11,-2,12,-1,12,-1,12,0,12,1,12,1,12,1,12,1,12,1,11,1,11,0,11,0,11,-1,11,-1,12,-2,11,-2,12,-2,12,-3,12,-3,12,-3,12,-4]"
2025-08-18 22:03:01.399809,CSI_DATA,2159,1a:00:00:00:00:00,-51,11,0,0,0,0,0,0,0,0,0,-94,0,1,0,366374620,0,31,0,128,0,"[0,0,10,-9,9,-9,9,-10,9,-10,9,-10,8,-10,8,-11,8,-10,7,-11,5,-11,5,-12,5,-12,6,-12,5,-12,5,-13,5,-14,5,-13,6,-14,6,-14,6,-14,7,-13,7,-13,7,-12,8,-12,8,-11,9,-11,0,0,0,0,0,0,0,0,0,0,0,0,0,0,0,0,0,0,0,0,0,0,5,-9,6,-9,7,-9,8,-8,9,-8,10,-8,11,-8,11,-7,12,-6,12,-6,12,-5,12,-5,12,-5,11,-5,11,-5,11,-5,11,-6,11,-6,11,-7,10,-7,10,-8,10,-8,10,-8,10,-9,10,-9,10,-9]"
2025-08-18 22:03:01.593151,CSI_DATA,2160,1a:00:00:00:00:00,-51,11,0,0,0,0,0,0,0,0,0,-94,0,1,0,366575778,0,31,0,128,0,"[0,0,9,8,10,8,10,7,10,7,10,7,10,6,10,6,10,5,10,5,11,4,11,3,11,3,11,3,12,3,12,3,12,2,13,3,13,3,13,3,13,4,12,4,12,5,12,5,11,5,11,5,10,6,0,0,0,0,0,0,0,0,0,0,0,0,0,0,0,0,0,0,0,0,0,0,8,3,8,4,9,6,8,6,9,7,8,8,8,9,7,9,7,10,7,10,6,10,6,10,6,10,6,10,6,10,6,9,6,9,7,9,7,9,7,9,8,9,8,9,9,8,9,8,9,8,9,8]"
2025-08-18 22:03:01.801499,CSI_DATA,2161,1a:00:00:00:00:00,-51,11,0,0,0,0,0,0,0,0,0,-94,0,1,0,366776892,0,31,0,128,0,"[0,0,-9,11,-8,11,-8,11,-7,11,-7,12,-6,11,-6,12,-5,12,-5,12,-4,12,-4,12,-3,13,-3,13,-3,13,-3,13,-3,14,-3,14,-3,14,-3,14,-4,14,-4,14,-4,13,-5,13,-5,13,-6,12,-6,12,0,0,0,0,0,0,0,0,0,0,0,0,0,0,0,0,0,0,0,0,0,0,-4,9,-5,10,-6,10,-7,10,-8,10,-9,10,-10,10,-10,9,-11,9,-11,8,-12,8,-11,8,-11,7,-11,8,-10,8,-11,8,-10,8,-10,8,-10,9,-9,9,-9,10,-9,10,-9,10,-9,11,-8,11,-8,11]"
2025-08-18 22:03:02.012833,CSI_DATA,2162,1a:00:00:00:00:00,-51,11,0,0,0,0,0,0,0,0,0,-94,0,1,0,366978009,0,31,0,128,0,"[0,0,-9,-11,-9,-11,-9,-11,-9,-11,-10,-10,-10,-10,-10,-10,-10,-9,-10,-8,-11,-8,-11,-7,-12,-7,-12,-7,-12,-7,-12,-7,-13,-7,-13,-7,-13,-7,-13,-8,-13,-8,-13,-8,-12,-9,-12,-9,-11,-9,-11,-9,-10,-10,0,0,0,0,0,0,0,0,0,0,0,0,0,0,0,0,0,0,0,0,0,0,-8,-7,-9,-8,-8,-9,-8,-10,-8,-10,-7,-12,-7,-12,-6,-13,-6,-13,-5,-13,-5,-13,-5,-13,-5,-13,-4,-13,-4,-12,-5,-12,-7,-12,-5,-10,-6,-11,-7,-12,-7,-12,-8,-12,-7,-12,-8,-12,-9,-11,-8,-11]"
2025-08-18 22:03:02.063062,CSI_DATA,2163,1a:00:00:00:00:00,-51,11,0,0,0,0,0,0,0,0,0,-94,0,1,0,367040861,0,42,0,128,0,"[0,0,-4,13,-3,13,-3,13,-2,13,-1,13,-1,13,-1,13,0,13,0,12,1,12,1,12,2,12,2,13,3,13,3,13,3,13,3,14,3,14,2,14,2,14,1,14,1,14,1,13,0,14,0,13,-1,13,0,0,0,0,0,0,0,0,0,0,0,0,0,0,0,0,0,0,0,0,0,0,0,10,-1,10,-2,11,-3,11,-3,12,-4,12,-6,12,-6,12,-7,12,-7,11,-8,11,-8,11,-7,11,-7,11,-7,11,-7,10,-6,11,-6,11,-5,11,-5,12,-5,12,-4,12,-4,13,-4,13,-3,13,-4,13]"
2025-08-18 22:03:02.561500,CSI_DATA,2164,1a:00:00:00:00:00,-51,11,0,0,0,0,0,0,0,0,0,-94,0,1,0,367539165,0,42,0,128,0,"[0,0,3,12,4,12,4,11,4,11,5,11,5,11,5,10,6,10,6,10,7,9,7,9,8,9,8,9,8,9,9,9,9,9,9,10,9,10,9,10,9,10,8,10,8,10,8,11,7,11,6,10,6,11,0,0,0,0,0,0,0,0,0,0,0,0,0,0,0,0,0,0,0,0,0,0,4,8,4,8,4,10,3,10,3,11,2,11,1,12,1,12,0,12,-1,12,-1,12,-1,12,-1,12,-1,12,-1,12,-1,11,0,11,0,11,1,12,1,11,2,12,2,12,2,12,3,12,3,12,3,12]"
2025-08-18 22:03:02.646711,CSI_DATA,2165,1a:00:00:00:00:00,-51,11,0,0,0,0,0,0,0,0,0,-94,0,1,0,367618308,0,31,0,128,0,"[0,0,-3,-13,-4,-13,-4,-13,-4,-13,-4,-13,-5,-13,-5,-12,-6,-12,-6,-12,-7,-11,-7,-11,-8,-11,-8,-11,-9,-11,-9,-11,-9,-11,-9,-12,-9,-12,-9,-12,-8,-13,-8,-13,-8,-13,-7,-13,-7,-13,-6,-13,-5,-13,0,0,0,0,0,0,0,0,0,0,0,0,0,0,0,0,0,0,0,0,0,0,-5,-9,-4,-10,-4,-11,-3,-12,-3,-13,-2,-13,-1,-14,0,-14,1,-14,1,-14,1,-14,2,-13,1,-13,1,-13,1,-13,1,-13,0,-13,0,-13,0,-13,-1,-13,-1,-13,-2,-14,-2,-13,-2,-14,-3,-14,-3,-13]"
2025-08-18 22:03:02.842029,CSI_DATA,2166,1a:00:00:00:00:00,-51,11,0,0,0,0,0,0,0,0,0,-94,0,1,0,367819395,0,31,0,128,0,"[0,0,-3,13,-3,13,-2,13,-2,13,-1,13,-1,13,-1,13,0,12,0,12,1,13,2,12,2,12,3,13,3,13,3,13,3,13,3,14,3,14,2,14,2,14,1,14,1,14,1,14,0,14,0,13,-1,13,0,0,0,0,0,0,0,0,0,0,0,0,0,0,0,0,0,0,0,0,0,0,0,10,-1,10,-1,11,-2,11,-3,12,-4,12,-5,12,-6,12,-7,12,-7,12,-7,11,-7,11,-7,11,-7,11,-6,11,-6,10,-6,11,-6,11,-5,11,-5,12,-5,12,-5,12,-4,13,-3,13,-3,13,-3,13]"
2025-08-18 22:03:03.043448,CSI_DATA,2167,1a:00:00:00:00:00,-51,11,0,0,0,0,0,0,0,0,0,-94,0,1,0,368020553,0,31,0,128,0,"[0,0,13,-1,12,-2,12,-2,12,-3,12,-3,12,-3,11,-3,11,-4,11,-5,10,-5,11,-6,10,-6,10,-7,11,-7,10,-7,11,-7,11,-7,11,-7,12,-7,12,-7,12,-6,12,-6,12,-5,12,-5,12,-5,12,-4,0,0,0,0,0,0,0,0,0,0,0,0,0,0,0,0,0,0,0,0,0,0,8,-4,9,-3,10,-2,11,-2,11,-1,12,0,12,1,12,1,12,2,12,2,12,2,12,3,11,3,11,3,11,3,11,2,11,2,11,1,11,1,11,1,11,1,12,0,12,-1,12,-1,12,-1,13,-1]"
2025-08-18 22:03:03.243872,CSI_DATA,2168,1a:00:00:00:00:00,-51,11,0,0,0,0,0,0,0,0,0,-94,0,1,0,368221704,0,31,0,128,0,"[0,0,13,-3,12,-3,12,-3,12,-3,12,-4,11,-4,11,-5,11,-5,11,-5,10,-6,10,-7,10,-7,10,-7,10,-8,10,-8,10,-8,10,-8,11,-9,11,-9,11,-8,12,-8,11,-7,11,-6,11,-6,11,-6,12,-5,0,0,0,0,0,0,0,0,0,0,0,0,0,0,0,0,0,0,0,0,0,0,8,-4,9,-3,10,-3,11,-2,11,-1,12,-1,12,0,12,0,12,1,12,2,12,2,12,2,12,2,11,2,11,2,11,1,12,1,11,1,11,0,12,0,12,0,12,-1,12,-1,12,-2,12,-2,13,-2]"
2025-08-18 22:03:03.443023,CSI_DATA,2169,1a:00:00:00:00:00,-51,11,0,0,0,0,0,0,0,0,0,-94,0,1,0,368422917,0,31,0,128,0,"[0,0,8,10,8,10,8,10,8,9,9,9,9,9,9,8,9,8,9,7,10,6,10,6,11,6,11,6,11,6,12,6,12,5,12,6,12,6,12,6,12,7,12,7,11,7,11,8,10,8,9,8,9,9,0,0,0,0,0,0,0,0,0,0,0,0,0,0,0,0,0,0,0,0,0,0,7,5,7,6,7,7,7,8,7,9,7,10,6,11,6,11,5,11,5,12,4,12,3,12,4,12,3,11,4,11,4,11,4,11,5,10,5,11,6,11,6,10,7,10,7,10,7,11,7,11,8,10]"
2025-08-18 22:03:03.654805,CSI_DATA,2170,1a:00:00:00:00:00,-51,11,0,0,0,0,0,0,0,0,0,-94,0,1,0,368624295,0,31,0,128,0,"[0,0,12,3,12,2,12,2,12,2,12,1,12,1,12,1,12,0,12,0,12,-1,12,-2,12,-2,12,-2,12,-3,12,-3,13,-3,13,-3,13,-3,14,-3,13,-2,14,-2,13,-1,13,-1,13,0,12,0,12,1,0,0,0,0,0,0,0,0,0,0,0,0,0,0,0,0,0,0,0,0,0,0,9,0,10,1,10,2,10,2,11,3,11,4,11,5,11,5,10,6,10,7,10,7,10,7,10,7,10,7,10,7,9,6,10,6,10,5,10,5,11,5,10,5,11,4,11,4,12,4,12,3,12,3]"
2025-08-18 22:03:03.849152,CSI_DATA,2171,1a:00:00:00:00:00,-51,11,0,0,0,0,0,0,0,0,0,-94,0,1,0,368825348,0,31,0,128,0,"[0,0,-11,8,-10,8,-10,8,-10,8,-9,9,-9,9,-8,9,-8,9,-7,9,-7,10,-6,10,-6,10,-6,11,-6,11,-6,11,-6,12,-6,12,-6,12,-6,12,-7,12,-7,12,-7,12,-7,11,-8,11,-8,10,-8,10,0,0,0,0,0,0,0,0,0,0,0,0,0,0,0,0,0,0,0,0,0,0,-7,7,-8,7,-9,7,-9,6,-10,6,-11,6,-12,5,-12,5,-13,4,-13,4,-13,3,-12,3,-12,3,-12,3,-12,3,-12,4,-12,4,-11,4,-11,5,-11,5,-11,6,-11,6,-11,7,-11,7,-11,7,-11,8]"
2025-08-18 22:03:04.056469,CSI_DATA,2172,1a:00:00:00:00:00,-51,11,0,0,0,0,0,0,0,0,0,-94,0,1,0,369026482,0,31,0,128,0,"[0,0,-6,-12,-6,-12,-6,-12,-6,-12,-7,-11,-7,-11,-7,-11,-8,-11,-8,-10,-8,-10,-9,-9,-9,-9,-10,-9,-10,-9,-10,-9,-11,-9,-11,-9,-11,-9,-11,-10,-10,-10,-10,-10,-10,-11,-9,-11,-9,-11,-8,-11,-8,-11,0,0,0,0,0,0,0,0,0,0,0,0,0,0,0,0,0,0,0,0,0,0,-6,-8,-6,-9,-5,-10,-5,-11,-5,-12,-4,-12,-3,-13,-3,-13,-2,-13,-2,-13,-1,-13,-1,-13,-1,-13,-1,-13,-1,-12,-1,-12,-2,-12,-2,-12,-3,-12,-3,-12,-4,-12,-4,-12,-4,-12,-5,-12,-5,-12,-5,-13]"
2025-08-18 22:03:04.121885,CSI_DATA,2173,1a:00:00:00:00:00,-51,11,0,0,0,0,0,0,0,0,0,-94,0,1,0,369092406,0,42,0,128,0,"[0,0,-13,-2,-14,-2,-13,-2,-13,-1,-13,-1,-13,-1,-13,-1,-12,0,-13,1,-13,1,-12,2,-12,2,-13,2,-13,3,-13,3,-13,3,-14,3,-14,3,-14,3,-14,3,-14,2,-14,1,-14,1,-14,1,-13,0,-13,-1,0,0,0,0,0,0,0,0,0,0,0,0,0,0,0,0,0,0,0,0,0,0,-10,0,-10,0,-11,-1,-11,-2,-12,-3,-12,-3,-12,-4,-12,-5,-12,-6,-12,-6,-12,-6,-11,-6,-11,-7,-11,-6,-11,-6,-11,-5,-11,-5,-11,-5,-11,-5,-12,-4,-12,-4,-12,-4,-13,-3,-13,-3,-13,-3,-13,-3]"
2025-08-18 22:03:04.376720,CSI_DATA,2174,1a:00:00:00:00:00,-51,11,0,0,0,0,0,0,0,0,0,-94,0,1,0,369153386,0,31,0,128,0,"[0,0,8,9,8,9,8,9,8,8,9,8,9,8,9,7,9,7,9,6,10,6,10,5,11,5,11,5,11,5,11,5,12,5,12,5,12,5,12,6,12,6,11,6,11,7,10,7,10,7,10,7,9,8,0,0,0,0,0,0,0,0,0,0,0,0,0,0,0,0,0,0,0,0,0,0,7,5,7,6,7,7,7,8,7,9,6,9,6,10,5,11,5,11,4,11,4,11,4,11,4,11,4,11,4,11,4,10,4,10,5,10,5,10,6,10,6,10,7,10,7,9,7,9,7,10,8,9]"
2025-08-18 22:03:04.383164,CSI_DATA,2175,1a:00:00:00:00:00,-51,11,0,0,0,0,0,0,0,0,0,-94,0,1,0,369355888,0,31,0,128,0,"[0,0,13,0,12,-1,12,-1,12,-1,12,-2,12,-2,12,-3,11,-3,11,-4,11,-4,11,-4,11,-5,11,-5,11,-6,11,-6,12,-6,12,-6,12,-6,13,-6,12,-6,13,-5,12,-5,12,-4,13,-4,12,-3,12,-3,0,0,0,0,0,0,0,0,0,0,0,0,0,0,0,0,0,0,0,0,0,0,9,-3,10,-2,10,-1,11,-1,11,0,12,1,12,2,12,2,12,3,12,4,12,4,11,4,11,4,11,4,11,3,11,3,11,3,11,2,11,2,11,2,12,1,12,1,12,1,12,1,13,0,13,0]"
2025-08-18 22:03:04.581460,CSI_DATA,2176,1a:00:00:00:00:00,-52,11,0,0,0,0,0,0,0,0,0,-94,0,1,0,369555703,0,31,0,128,0,"[0,0,-14,2,-13,3,-13,3,-13,3,-13,4,-12,4,-12,4,-12,5,-12,5,-11,6,-11,7,-11,7,-11,7,-10,8,-13,7,-10,7,-11,8,-12,9,-12,8,-12,8,-12,8,-13,7,-12,7,-12,6,-13,6,-13,5,0,0,0,0,0,0,0,0,0,0,0,0,0,0,0,0,0,0,0,0,0,0,-9,4,-10,3,-11,2,-12,2,-12,1,-13,1,-13,0,-14,0,-14,-1,-13,-2,-14,-2,-13,-2,-13,-3,-13,-2,-13,-2,-13,-2,-13,-1,-13,-1,-13,-1,-13,0,-13,0,-13,1,-13,1,-13,2,-13,2,-14,2]"
2025-08-18 22:03:04.784523,CSI_DATA,2177,1a:00:00:00:00:00,-51,11,0,0,0,0,0,0,0,0,0,-94,0,1,0,369757051,0,31,0,128,0,"[0,0,-2,-14,-3,-14,-3,-14,-3,-14,-4,-14,-4,-13,-4,-13,-5,-13,-5,-12,-6,-12,-6,-12,-7,-12,-7,-12,-8,-12,-8,-12,-8,-12,-9,-13,-9,-13,-8,-13,-8,-13,-8,-13,-7,-14,-7,-14,-6,-14,-5,-13,-5,-13,0,0,0,0,0,0,0,0,0,0,0,0,0,0,0,0,0,0,0,0,0,0,-4,-10,-3,-11,-2,-12,-2,-12,-1,-13,0,-13,1,-14,1,-14,2,-14,2,-14,3,-13,3,-13,3,-13,3,-13,2,-13,2,-13,2,-13,1,-13,1,-13,0,-13,0,-14,0,-14,-1,-14,-1,-14,-1,-14,-1,-14]"
2025-08-18 22:03:04.979276,CSI_DATA,2178,1a:00:00:00:00:00,-52,11,0,0,0,0,0,0,0,0,0,-94,0,1,0,369958117,0,31,0,128,0,"[0,0,0,13,0,13,0,13,1,13,1,13,1,13,2,12,3,12,3,12,4,12,4,11,5,11,5,12,5,12,5,12,5,12,6,13,6,12,5,13,5,13,5,13,4,13,4,13,3,13,3,12,2,13,0,0,0,0,0,0,0,0,0,0,0,0,0,0,0,0,0,0,0,0,0,0,2,9,1,10,1,11,0,11,0,12,-2,12,-3,12,-3,13,-4,12,-4,12,-5,12,-5,12,-5,12,-5,12,-4,12,-4,11,-4,11,-3,11,-3,12,-2,12,-2,12,-2,12,-2,12,-1,13,-1,13,-1,13]"
2025-08-18 22:03:05.190108,CSI_DATA,2179,1a:00:00:00:00:00,-52,11,0,0,0,0,0,0,0,0,0,-94,0,1,0,370159239,0,31,0,128,0,"[0,0,9,-9,9,-9,8,-9,9,-10,8,-9,8,-10,7,-10,7,-10,7,-10,6,-11,6,-11,5,-11,5,-12,5,-12,5,-13,5,-12,6,-13,6,-13,6,-13,6,-13,7,-12,7,-12,7,-12,7,-11,7,-11,8,-10,0,0,0,0,0,0,0,0,0,0,0,0,0,0,0,0,0,0,0,0,0,0,5,-8,6,-8,7,-8,8,-8,9,-8,10,-7,10,-7,11,-6,11,-6,11,-5,11,-5,11,-5,11,-5,11,-5,10,-5,11,-5,10,-5,10,-6,10,-6,10,-6,10,-6,9,-7,10,-8,9,-8,9,-8,9,-8]"
2025-08-18 22:03:05.382256,CSI_DATA,2180,1a:00:00:00:00:00,-51,11,0,0,0,0,0,0,0,0,0,-94,0,1,0,370360440,0,31,0,128,0,"[0,0,-3,13,-3,12,-2,12,-2,12,-2,12,-1,12,-1,12,0,12,0,12,1,12,1,12,2,12,2,12,2,12,2,13,3,13,3,13,2,13,2,14,2,14,1,13,1,13,1,13,0,13,0,12,-1,12,0,0,0,0,0,0,0,0,0,0,0,0,0,0,0,0,0,0,0,0,0,0,-1,9,-2,9,-2,10,-3,10,-4,10,-5,11,-6,11,-6,11,-7,10,-7,10,-8,10,-8,10,-7,10,-7,10,-7,10,-7,9,-6,10,-6,10,-5,10,-5,11,-5,11,-5,11,-4,11,-4,12,-3,12,-3,12]"
2025-08-18 22:03:05.587349,CSI_DATA,2181,1a:00:00:00:00:00,-52,11,0,0,0,0,0,0,0,0,0,-94,0,1,0,370561639,0,31,0,128,0,"[0,0,3,-13,2,-14,2,-14,2,-14,1,-14,1,-14,1,-14,0,-14,0,-14,-1,-14,-1,-14,-2,-14,-2,-14,-3,-14,-3,-15,-3,-15,-3,-15,-2,-16,-2,-16,-2,-16,-1,-15,-1,-15,0,-15,0,-15,1,-14,2,-14,0,0,0,0,0,0,0,0,0,0,0,0,0,0,0,0,0,0,0,0,0,0,0,-10,1,-11,2,-11,3,-11,3,-12,4,-12,5,-12,6,-12,6,-12,7,-11,7,-11,7,-11,7,-11,7,-10,6,-10,6,-10,6,-11,5,-11,5,-11,5,-12,4,-12,4,-12,4,-13,3,-13,3,-13,3,-14]"
2025-08-18 22:03:05.647408,CSI_DATA,2182,1a:00:00:00:00:00,-51,11,0,0,0,0,0,0,0,0,0,-94,0,1,0,370623551,0,42,0,128,0,"[0,0,11,-8,10,-8,10,-8,10,-9,10,-9,10,-9,9,-10,9,-10,9,-10,8,-11,8,-11,8,-12,8,-12,7,-12,8,-13,8,-13,8,-13,9,-13,9,-13,9,-12,9,-12,10,-12,10,-11,10,-10,10,-10,10,-9,0,0,0,0,0,0,0,0,0,0,0,0,0,0,0,0,0,0,0,0,0,0,7,-7,8,-7,8,-6,9,-6,10,-6,11,-6,12,-5,12,-4,12,-4,12,-3,12,-3,12,-3,12,-3,12,-3,12,-3,11,-3,11,-4,11,-4,11,-4,11,-5,11,-5,11,-6,11,-6,11,-7,11,-7,11,-8]"
2025-08-18 22:03:05.716768,CSI_DATA,2183,1a:00:00:00:00:00,-52,11,0,0,0,0,0,0,0,0,0,-94,0,1,0,370690264,0,31,0,128,0,"[0,0,-14,-1,-14,-1,-13,-1,-14,0,-14,0,-14,1,-14,1,-13,2,-13,2,-13,3,-13,4,-13,4,-13,4,-13,5,-14,5,-14,5,-14,5,-15,5,-15,5,-15,5,-15,4,-15,4,-15,3,-15,3,-14,2,-14,1,0,0,0,0,0,0,0,0,0,0,0,0,0,0,0,0,0,0,0,0,0,0,-10,0,-11,-1,-11,-2,-12,-3,-12,-3,-12,-4,-13,-4,-14,-5,-12,-7,-11,-7,-11,-7,-11,-7,-11,-7,-11,-7,-11,-6,-11,-6,-11,-5,-12,-5,-12,-4,-12,-4,-12,-4,-13,-3,-13,-3,-13,-2,-14,-3,-14,-2]"
2025-08-18 22:03:05.911961,CSI_DATA,2184,1a:00:00:00:00:00,-52,11,0,0,0,0,0,0,0,0,0,-94,0,1,0,370891357,0,31,0,128,0,"[0,0,3,13,4,13,4,12,4,12,5,12,5,12,6,12,6,11,6,11,7,11,8,11,8,10,9,10,9,11,10,10,10,10,10,11,10,12,10,12,10,12,9,13,9,13,8,13,7,13,6,13,6,14,0,0,0,0,0,0,0,0,0,0,0,0,0,0,0,0,0,0,0,0,0,0,4,8,3,9,3,10,2,11,2,11,1,12,0,12,0,12,-1,13,-2,13,-2,12,-2,12,-2,12,-2,12,-1,12,-1,12,-1,11,0,12,0,12,1,12,1,12,2,12,2,12,3,13,3,13,3,12]"
2025-08-18 22:03:06.121996,CSI_DATA,2185,1a:00:00:00:00:00,-52,11,0,0,0,0,0,0,0,0,0,-94,0,1,0,371092499,0,31,0,128,0,"[0,0,-4,-14,-5,-14,-4,-13,-5,-14,-5,-13,-6,-13,-6,-12,-6,-12,-7,-12,-7,-11,-8,-11,-8,-11,-9,-11,-9,-10,-10,-11,-10,-10,-10,-11,-10,-11,-10,-12,-10,-12,-9,-12,-9,-12,-9,-13,-8,-13,-7,-13,-7,-13,0,0,0,0,0,0,0,0,0,0,0,0,0,0,0,0,0,0,0,0,0,0,-5,-9,-5,-10,-5,-11,-4,-12,-4,-13,-3,-13,-2,-14,-1,-14,0,-14,0,-15,1,-14,1,-14,1,-14,1,-14,0,-13,0,-13,0,-13,-1,-13,-1,-13,-2,-13,-2,-13,-3,-14,-3,-14,-3,-14,-4,-14,-3,-14]"
2025-08-18 22:03:06.322976,CSI_DATA,2186,1a:00:00:00:00:00,-51,11,0,0,0,0,0,0,0,0,0,-94,0,1,0,371293657,0,31,0,128,0,"[0,0,-10,-9,-10,-9,-10,-9,-10,-8,-11,-8,-11,-7,-11,-7,-11,-6,-11,-6,-11,-5,-12,-4,-12,-4,-12,-4,-13,-4,-13,-4,-13,-3,-13,-3,-14,-4,-14,-4,-14,-4,-14,-5,-13,-5,-13,-5,-13,-5,-13,-6,-12,-6,0,0,0,0,0,0,0,0,0,0,0,0,0,0,0,0,0,0,0,0,0,0,-9,-5,-9,-6,-9,-7,-9,-8,-9,-9,-9,-10,-8,-11,-8,-11,-7,-11,-7,-12,-7,-12,-7,-11,-7,-11,-7,-11,-7,-11,-6,-11,-7,-11,-7,-10,-8,-11,-8,-10,-8,-10,-9,-10,-9,-9,-10,-9,-10,-9,-10,-9]"
