timestamp,type,id,mac,rssi,rate,sig_mode,mcs,bandwidth,smoothing,not_sounding,aggregation,stbc,fec_coding,sgi,noise_floor,ampdu_cnt,channel,secondary_channel,local_timestamp,ant,sig_len,rx_state,len,first_word,data
2025-08-18 22:55:48.299845,CSI_DATA,254,1a:00:00:00:00:00,-38,11,0,0,0,0,0,0,0,0,0,-92,0,1,0,44846095,0,31,0,128,0,"[0,0,8,12,8,11,8,11,8,11,9,11,8,10,9,10,9,9,9,8,9,8,9,8,10,7,10,7,10,7,11,7,11,7,11,7,11,7,11,8,11,8,10,8,9,9,9,9,8,9,7,9,6,9,0,0,0,0,0,0,0,0,0,0,0,0,0,0,0,0,0,0,0,0,0,0,6,7,6,8,6,9,5,9,5,10,5,11,4,11,4,11,4,11,3,11,3,12,3,11,3,11,3,11,4,11,4,11,5,11,5,10,6,11,6,11,7,11,7,11,8,11,8,11,8,12,8,12]"
2025-08-18 22:55:48.425423,CSI_DATA,255,1a:00:00:00:00:00,-38,11,0,0,0,0,0,0,0,0,0,-92,0,1,0,45047240,0,31,0,128,0,"[0,0,-3,-15,-3,-15,-3,-14,-3,-14,-4,-14,-4,-14,-4,-13,-4,-13,-5,-12,-5,-12,-6,-12,-6,-12,-6,-12,-7,-12,-7,-12,-7,-12,-7,-12,-7,-12,-7,-12,-7,-13,-6,-13,-5,-13,-5,-13,-4,-13,-3,-12,-3,-12,0,0,0,0,0,0,0,0,0,0,0,0,0,0,0,0,0,0,0,0,0,0,-3,-10,-2,-11,-2,-11,-1,-11,-1,-12,0,-12,0,-13,1,-13,1,-13,1,-13,1,-13,2,-12,1,-13,1,-12,1,-12,0,-13,0,-12,-1,-13,-1,-13,-2,-13,-2,-13,-2,-14,-3,-14,-3,-15,-3,-15,-3,-14]"
2025-08-18 22:55:48.624256,CSI_DATA,256,1a:00:00:00:00:00,-38,11,0,0,0,0,0,0,0,0,0,-92,0,1,0,45248391,0,31,0,128,0,"[0,0,-15,-4,-15,-4,-14,-4,-15,-3,-14,-3,-14,-3,-14,-2,-14,-2,-13,-1,-14,-1,-13,0,-13,0,-13,0,-13,1,-14,1,-14,1,-14,1,-14,1,-15,0,-14,0,-14,-1,-14,-2,-14,-2,-13,-3,-13,-3,-12,-4,0,0,0,0,0,0,0,0,0,0,0,0,0,0,0,0,0,0,0,0,0,0,-11,-2,-11,-2,-12,-3,-11,-4,-12,-4,-12,-5,-12,-6,-12,-6,-12,-7,-12,-7,-11,-7,-11,-7,-11,-6,-11,-6,-11,-6,-11,-6,-11,-5,-12,-5,-12,-5,-13,-5,-13,-4,-14,-4,-14,-4,-14,-3,-15,-4,-14,-4]"
2025-08-18 22:55:48.829043,CSI_DATA,257,1a:00:00:00:00:00,-38,11,0,0,0,0,0,0,0,0,0,-92,0,1,0,45449764,0,31,0,128,0,"[0,0,-15,1,-15,1,-15,1,-14,1,-14,2,-14,2,-14,2,-13,3,-13,3,-13,3,-13,4,-12,4,-12,5,-13,5,-12,5,-13,5,-13,5,-13,5,-14,5,-14,4,-14,4,-13,3,-13,2,-13,2,-13,1,-13,0,0,0,0,0,0,0,0,0,0,0,0,0,0,0,0,0,0,0,0,0,0,0,-11,2,-11,1,-11,1,-12,0,-12,0,-13,-1,-13,-2,-13,-2,-13,-2,-13,-3,-13,-3,-13,-3,-13,-3,-13,-2,-13,-2,-12,-2,-13,-1,-13,-1,-13,-1,-13,0,-14,0,-14,0,-14,1,-14,1,-15,1,-15,1]"
2025-08-18 22:55:49.022174,CSI_DATA,258,1a:00:00:00:00:00,-38,11,0,0,0,0,0,0,0,0,0,-92,0,1,0,45650921,0,31,0,128,0,"[0,0,12,-9,11,-10,11,-9,11,-10,11,-10,10,-10,10,-10,9,-10,9,-10,8,-10,8,-10,7,-11,8,-11,7,-12,7,-12,7,-12,8,-12,8,-12,8,-12,9,-12,9,-11,9,-10,9,-10,10,-9,10,-8,10,-7,0,0,0,0,0,0,0,0,0,0,0,0,0,0,0,0,0,0,0,0,0,0,7,-8,8,-7,9,-7,9,-7,10,-7,11,-6,11,-6,11,-5,11,-5,12,-5,12,-4,11,-4,11,-4,11,-5,11,-5,11,-5,11,-6,11,-6,11,-7,11,-8,11,-8,11,-8,11,-8,11,-9,11,-9,12,-10]"
2025-08-18 22:55:49.081925,CSI_DATA,259,1a:00:00:00:00:00,-38,11,0,0,0,0,0,0,0,0,0,-92,0,1,0,45712241,0,42,0,128,0,"[0,0,14,-2,14,-3,14,-3,14,-3,13,-3,13,-3,12,-4,12,-4,12,-4,12,-5,11,-5,11,-6,11,-6,11,-7,11,-7,11,-7,12,-7,12,-7,12,-6,12,-6,12,-5,12,-5,12,-4,12,-3,12,-3,12,-2,0,0,0,0,0,0,0,0,0,0,0,0,0,0,0,0,0,0,0,0,0,0,10,-3,10,-2,11,-2,11,-1,11,-1,12,0,12,1,12,1,12,2,12,2,12,2,11,2,12,2,12,1,11,1,11,1,12,0,12,0,12,-1,12,-1,13,-1,13,-2,13,-2,14,-2,14,-2,14,-3]"
2025-08-18 22:55:49.300320,CSI_DATA,260,1a:00:00:00:00:00,-37,11,0,0,0,0,0,0,0,0,0,-92,0,1,0,45780550,0,31,0,128,0,"[0,0,13,-7,13,-7,12,-7,12,-7,11,-7,11,-7,11,-7,10,-8,10,-8,10,-9,9,-9,9,-9,9,-9,9,-9,9,-10,9,-10,9,-10,9,-10,10,-10,10,-9,10,-9,10,-8,11,-8,11,-7,11,-6,11,-5,0,0,0,0,0,0,0,0,0,0,0,0,0,0,0,0,0,0,0,0,0,0,8,-6,8,-6,10,-5,10,-5,11,-5,11,-4,11,-3,12,-3,12,-3,12,-2,12,-2,11,-2,11,-2,11,-2,11,-3,11,-3,11,-4,11,-4,11,-5,12,-5,12,-5,12,-6,12,-6,12,-7,12,-7,12,-7]"
2025-08-18 22:55:49.352725,CSI_DATA,261,1a:00:00:00:00:00,-37,11,0,0,0,0,0,0,0,0,0,-92,0,1,0,45983274,0,31,0,128,0,"[0,0,-5,12,-4,17,-4,13,-4,11,-6,10,-4,11,-2,10,1,12,-3,13,-2,10,-2,15,-1,11,0,12,0,8,-1,12,1,12,0,12,2,11,0,13,0,13,-2,11,-1,11,-2,13,-1,12,-3,10,-4,11,0,0,0,0,0,0,0,0,0,0,0,0,0,0,0,0,0,0,0,0,0,0,-1,9,-2,10,-3,10,-4,10,-4,11,-5,11,-5,10,-6,10,-6,10,-7,10,-7,10,-7,10,-6,10,-6,10,-6,10,-6,10,-5,10,-5,11,-5,11,-5,11,-4,11,-5,12,-3,13,-4,12,-3,14,-4,12]"
2025-08-18 22:55:49.752991,CSI_DATA,262,1a:00:00:00:00:00,-38,11,0,0,0,0,0,0,0,0,0,-92,0,1,0,46181192,0,31,0,128,0,"[0,0,-11,-11,-11,-11,-11,-10,-11,-11,-11,-10,-11,-10,-11,-9,-11,-9,-11,-8,-12,-7,-12,-7,-12,-6,-12,-6,-12,-6,-13,-6,-13,-6,-13,-6,-13,-6,-13,-7,-13,-7,-12,-8,-12,-8,-11,-8,-11,-8,-10,-8,-9,-9,0,0,0,0,0,0,0,0,0,0,0,0,0,0,0,0,0,0,0,0,0,0,-8,-7,-8,-8,-8,-9,-8,-10,-8,-10,-7,-11,-7,-11,-7,-12,-6,-12,-6,-12,-6,-12,-6,-12,-6,-12,-7,-11,-7,-11,-7,-11,-7,-11,-8,-10,-8,-11,-9,-10,-9,-11,-10,-11,-10,-11,-10,-11,-11,-10,-11,-11]"
2025-08-18 22:55:49.758246,CSI_DATA,263,1a:00:00:00:00:00,-38,11,0,0,0,0,0,0,0,0,0,-92,0,1,0,46381861,0,31,0,128,0,"[0,0,14,-4,14,-5,14,-4,14,-5,13,-5,13,-4,12,-5,12,-5,12,-6,12,-6,11,-7,11,-7,11,-7,11,-7,11,-8,11,-8,11,-8,12,-8,12,-7,12,-7,12,-6,12,-6,12,-5,12,-4,12,-3,11,-3,0,0,0,0,0,0,0,0,0,0,0,0,0,0,0,0,0,0,0,0,0,0,9,-5,10,-4,11,-4,11,-3,12,-3,12,-2,12,-1,12,-1,13,0,12,0,12,0,12,0,12,0,12,0,12,-1,12,-1,12,-1,12,-2,12,-2,13,-3,13,-3,13,-3,13,-4,14,-4,14,-4,14,-4]"
2025-08-18 22:55:49.957659,CSI_DATA,264,1a:00:00:00:00:00,-38,11,0,0,0,0,0,0,0,0,0,-92,0,1,0,46583195,0,31,0,128,0,"[0,0,-2,-15,-2,-15,-2,-15,-2,-15,-3,-15,-3,-14,-3,-14,-4,-13,-4,-13,-4,-13,-5,-13,-6,-12,-6,-12,-6,-12,-6,-12,-6,-13,-6,-13,-6,-13,-6,-14,-5,-13,-5,-14,-4,-13,-3,-13,-3,-13,-2,-12,-1,-12,0,0,0,0,0,0,0,0,0,0,0,0,0,0,0,0,0,0,0,0,0,0,-3,-11,-3,-12,-2,-12,-1,-13,-1,-13,0,-13,1,-13,1,-14,1,-13,2,-13,2,-14,2,-13,2,-13,1,-13,1,-13,1,-13,1,-13,0,-13,-1,-14,-1,-14,-1,-14,-1,-14,-2,-15,-2,-15,-2,-15,-2,-15]"
2025-08-18 22:55:50.150578,CSI_DATA,265,1a:00:00:00:00:00,-38,11,0,0,0,0,0,0,0,0,0,-92,0,1,0,46784302,0,31,0,128,0,"[0,0,3,14,3,13,3,13,4,13,4,13,4,12,4,12,5,11,5,11,5,11,5,11,6,10,6,10,7,10,7,10,7,10,7,10,7,10,7,11,7,11,6,11,6,11,5,11,4,11,3,11,2,11,0,0,0,0,0,0,0,0,0,0,0,0,0,0,0,0,0,0,0,0,0,0,3,9,2,10,2,11,1,11,1,11,0,12,0,12,0,12,-1,12,-1,12,-2,12,-2,12,-2,12,-1,12,-1,12,-1,12,0,12,1,12,1,12,2,12,2,12,3,13,3,13,3,13,3,14,3,13]"
2025-08-18 22:55:50.356614,CSI_DATA,266,1a:00:00:00:00:00,-38,11,0,0,0,0,0,0,0,0,0,-92,0,1,0,46985437,0,31,0,128,0,"[0,0,7,-13,7,-13,7,-13,7,-13,6,-13,6,-13,5,-13,5,-13,4,-12,4,-12,3,-13,3,-13,3,-13,2,-13,2,-13,2,-13,2,-14,3,-14,3,-14,3,-13,4,-13,4,-13,5,-12,5,-11,5,-11,6,-10,0,0,0,0,0,0,0,0,0,0,0,0,0,0,0,0,0,0,0,0,0,0,3,-10,4,-10,5,-10,6,-10,6,-11,7,-10,8,-11,8,-10,8,-10,9,-9,9,-9,9,-9,9,-9,8,-9,8,-9,8,-9,8,-10,7,-10,7,-11,7,-11,7,-12,7,-12,7,-12,7,-13,7,-13,7,-13]"
2025-08-18 22:55:50.573900,CSI_DATA,267,1a:00:00:00:00:00,-38,11,0,0,0,0,0,0,0,0,0,-92,0,1,0,47186582,0,31,0,128,0,"[0,0,0,-15,0,-16,0,-15,0,-15,0,-15,-1,-14,-1,-14,-1,-14,-2,-13,-3,-13,-3,-13,-4,-13,-4,-13,-4,-13,-4,-13,-4,-13,-4,-13,-4,-13,-4,-14,-3,-14,-3,-14,-2,-13,-2,-13,-1,-13,-1,-12,0,-12,0,0,0,0,0,0,0,0,0,0,0,0,0,0,0,0,0,0,0,0,0,0,-1,-11,0,-12,1,-12,1,-12,2,-13,3,-13,3,-13,3,-13,4,-12,4,-12,4,-12,4,-12,4,-12,4,-12,4,-12,3,-12,3,-12,2,-13,2,-13,2,-14,1,-14,1,-14,1,-14,1,-15,0,-15,1,-15]"
2025-08-18 22:55:50.617733,CSI_DATA,268,1a:00:00:00:00:00,-38,11,0,0,0,0,0,0,0,0,0,-92,0,1,0,47247060,0,42,0,128,0,"[0,0,10,-11,10,-11,9,-11,9,-11,9,-11,8,-11,8,-11,7,-11,7,-11,6,-11,6,-12,6,-12,5,-12,5,-12,5,-13,5,-13,5,-13,5,-13,6,-13,6,-12,6,-12,7,-12,7,-11,7,-10,8,-9,8,-9,0,0,0,0,0,0,0,0,0,0,0,0,0,0,0,0,0,0,0,0,0,0,6,-9,7,-9,8,-8,8,-8,9,-8,10,-8,10,-7,10,-7,11,-7,11,-7,11,-6,11,-6,11,-6,11,-6,10,-7,10,-7,10,-7,9,-8,9,-9,10,-9,9,-9,10,-10,10,-10,10,-10,10,-11,10,-11]"
2025-08-18 22:55:50.689248,CSI_DATA,269,1a:00:00:00:00:00,-38,11,0,0,0,0,0,0,0,0,0,-92,0,1,0,47316536,0,31,0,128,0,"[0,0,-15,0,-15,1,-15,0,-14,1,-14,1,-14,1,-14,1,-13,2,-13,2,-13,3,-13,3,-12,3,-12,4,-12,4,-12,5,-13,5,-13,5,-13,4,-13,4,-13,4,-14,3,-13,2,-13,2,-13,1,-12,1,-12,0,0,0,0,0,0,0,0,0,0,0,0,0,0,0,0,0,0,0,0,0,0,0,-11,1,-11,1,-12,0,-12,-1,-12,-1,-13,-2,-13,-2,-13,-3,-13,-3,-13,-4,-13,-4,-12,-4,-12,-4,-12,-3,-12,-3,-12,-3,-13,-2,-13,-2,-13,-2,-13,-1,-14,-1,-14,-1,-14,0,-15,0,-15,0,-15,0]"
2025-08-18 22:55:50.907787,CSI_DATA,270,1a:00:00:00:00:00,-38,11,0,0,0,0,0,0,0,0,0,-92,0,1,0,47521344,0,31,0,128,0,"[0,0,-14,-7,-14,-7,-14,-7,-13,-7,-13,-6,-13,-6,-13,-6,-13,-5,-13,-4,-13,-3,-13,-3,-13,-3,-13,-3,-13,-2,-13,-2,-14,-2,-14,-2,-14,-2,-14,-3,-14,-3,-14,-4,-13,-5,-12,-4,-12,-5,-11,-5,-11,-6,0,0,0,0,0,0,0,0,0,0,0,0,0,0,0,0,0,0,0,0,0,0,-10,-4,-11,-5,-10,-6,-11,-7,-11,-7,-11,-8,-10,-9,-10,-9,-10,-9,-10,-9,-10,-9,-9,-9,-10,-9,-10,-9,-10,-9,-10,-9,-10,-8,-11,-8,-11,-8,-11,-8,-12,-7,-12,-7,-13,-7,-13,-7,-13,-7,-14,-7]"
2025-08-18 22:55:51.090165,CSI_DATA,271,1a:00:00:00:00:00,-38,11,0,0,0,0,0,0,0,0,0,-92,0,1,0,47716567,0,31,0,128,0,"[0,0,0,-15,-1,-16,-1,-15,-1,-15,-1,-15,-2,-15,-2,-14,-2,-14,-3,-14,-3,-13,-4,-13,-5,-13,-5,-13,-5,-13,-5,-13,-5,-13,-5,-14,-5,-13,-5,-14,-4,-14,-4,-14,-3,-14,-3,-13,-2,-13,-2,-13,-1,-12,0,0,0,0,0,0,0,0,0,0,0,0,0,0,0,0,0,0,0,0,0,0,-2,-11,-1,-11,0,-12,0,-12,1,-13,2,-13,2,-13,3,-13,3,-13,3,-13,3,-13,4,-12,3,-13,3,-13,3,-12,3,-13,2,-13,1,-13,1,-14,1,-14,0,-14,0,-14,-1,-15,-1,-15,-1,-15,0,-15]"
2025-08-18 22:55:51.288374,CSI_DATA,272,1a:00:00:00:00:00,-38,11,0,0,0,0,0,0,0,0,0,-92,0,1,0,47917623,0,31,0,128,0,"[0,0,-10,11,-10,11,-10,11,-9,11,-9,11,-9,10,-8,11,-7,11,-7,11,-7,11,-6,11,-5,11,-5,11,-5,12,-5,12,-5,12,-5,12,-5,12,-6,12,-6,12,-7,11,-7,11,-7,11,-7,10,-8,9,-8,8,0,0,0,0,0,0,0,0,0,0,0,0,0,0,0,0,0,0,0,0,0,0,-6,9,-7,8,-8,8,-8,8,-9,8,-10,8,-10,7,-11,7,-11,7,-11,6,-11,6,-11,6,-11,7,-11,7,-11,7,-10,7,-10,8,-10,8,-10,8,-10,9,-10,9,-10,10,-10,10,-10,11,-10,11,-10,11]"
2025-08-18 22:55:51.494534,CSI_DATA,273,1a:00:00:00:00:00,-37,11,0,0,0,0,0,0,0,0,0,-92,0,1,0,48118769,0,31,0,128,0,"[0,0,-15,-5,-15,-5,-15,-5,-15,-4,-15,-4,-14,-4,-14,-3,-14,-3,-14,-2,-14,-1,-14,-1,-14,0,-14,0,-14,0,-14,0,-14,0,-15,0,-15,0,-15,-1,-15,-1,-15,-1,-14,-2,-14,-3,-14,-3,-13,-3,-12,-4,0,0,0,0,0,0,0,0,0,0,0,0,0,0,0,0,0,0,0,0,0,0,-11,-2,-11,-3,-11,-4,-11,-5,-12,-5,-12,-6,-12,-6,-12,-7,-12,-7,-11,-7,-11,-8,-11,-7,-11,-7,-11,-7,-11,-7,-11,-7,-12,-6,-13,-6,-13,-6,-13,-5,-14,-5,-14,-5,-15,-4,-15,-4,-15,-4,-15,-4]"
2025-08-18 22:55:51.685353,CSI_DATA,274,1a:00:00:00:00:00,-38,11,0,0,0,0,0,0,0,0,0,-92,0,1,0,48319929,0,31,0,128,0,"[0,0,4,14,4,14,4,14,4,13,4,13,4,13,4,12,5,12,5,12,6,11,6,10,6,10,7,11,7,10,7,10,7,10,7,11,7,11,7,11,7,11,6,11,6,12,5,12,4,11,3,11,3,11,0,0,0,0,0,0,0,0,0,0,0,0,0,0,0,0,0,0,0,0,0,0,3,9,3,9,2,10,2,10,2,11,1,11,0,12,0,12,0,12,-1,12,-1,12,-1,12,-1,12,0,12,0,12,0,12,1,12,1,12,2,12,2,12,3,12,3,13,4,13,4,13,4,14,4,14]"
2025-08-18 22:55:51.899530,CSI_DATA,275,1a:00:00:00:00:00,-38,11,0,0,0,0,0,0,0,0,0,-92,0,1,0,48521157,0,31,0,128,0,"[0,0,-3,15,-3,14,-3,14,-3,13,-3,14,-2,13,-2,13,-1,13,-1,12,0,12,0,12,1,12,1,12,2,13,1,12,1,13,1,12,1,13,1,13,0,13,0,13,-1,13,-1,12,-1,12,-2,11,-3,11,0,0,0,0,0,0,0,0,0,0,0,0,0,0,0,0,0,0,0,0,0,0,-1,10,-2,10,-3,10,-3,11,-4,11,-5,12,-5,11,-6,11,-6,11,-6,11,-6,11,-6,11,-6,11,-6,11,-6,11,-5,10,-5,11,-4,11,-4,12,-4,12,-4,13,-4,13,-3,13,-3,14,-3,14,-3,14]"
2025-08-18 22:55:52.093407,CSI_DATA,276,1a:00:00:00:00:00,-38,11,0,0,0,0,0,0,0,0,0,-92,0,1,0,48722347,0,31,0,128,0,"[0,0,8,-13,7,-13,7,-13,7,-13,6,-13,6,-13,6,-12,5,-13,5,-12,4,-12,4,-13,3,-13,3,-13,2,-13,2,-13,2,-13,2,-13,2,-14,3,-13,3,-13,4,-13,4,-12,4,-12,4,-11,5,-11,5,-10,0,0,0,0,0,0,0,0,0,0,0,0,0,0,0,0,0,0,0,0,0,0,3,-11,4,-11,5,-11,6,-11,6,-11,7,-11,8,-11,9,-11,9,-10,9,-10,9,-10,9,-9,9,-10,9,-10,9,-10,8,-10,8,-10,8,-11,8,-11,8,-12,8,-12,7,-12,7,-13,7,-13,7,-13,8,-14]"
2025-08-18 22:55:52.157369,CSI_DATA,277,1a:00:00:00:00:00,-38,11,0,0,0,0,0,0,0,0,0,-92,0,1,0,48782823,0,42,0,128,0,"[0,0,-16,-2,-15,-2,-15,-2,-15,-1,-15,-1,-14,-1,-14,-1,-14,0,-13,0,-13,1,-13,2,-13,2,-12,2,-12,3,-13,3,-13,3,-13,3,-13,3,-14,3,-13,2,-13,2,-13,1,-13,1,-13,0,-12,0,-12,-1,0,0,0,0,0,0,0,0,0,0,0,0,0,0,0,0,0,0,0,0,0,0,-11,0,-12,-1,-12,-2,-13,-2,-13,-3,-13,-3,-13,-4,-13,-5,-13,-5,-13,-6,-13,-5,-13,-6,-13,-5,-13,-5,-13,-5,-13,-4,-13,-4,-13,-4,-14,-3,-14,-3,-14,-3,-15,-2,-15,-2,-15,-2,-16,-2,-16,-2]"
2025-08-18 22:55:52.227350,CSI_DATA,278,1a:00:00:00:00:00,-38,11,0,0,0,0,0,0,0,0,0,-92,0,1,0,48851519,0,31,0,128,0,"[0,0,-16,-7,-17,-6,-14,-6,-13,-7,-16,-5,-12,-6,-13,-4,-12,-5,-13,-3,-12,-4,-10,-2,-12,-3,-12,-2,-11,-2,-12,-1,-12,-2,-14,-1,-12,-3,-14,-2,-12,-2,-15,-1,-11,-3,-14,-4,-13,-5,-13,-5,-12,-5,0,0,0,0,0,0,0,0,0,0,0,0,0,0,0,0,0,0,0,0,0,0,-11,-3,-11,-4,-11,-4,-11,-5,-11,-6,-11,-7,-11,-7,-11,-8,-11,-8,-11,-8,-10,-8,-10,-8,-10,-8,-10,-8,-11,-8,-10,-8,-11,-7,-11,-7,-12,-7,-12,-7,-12,-6,-14,-6,-14,-6,-14,-6,-14,-7,-14,-6]"
2025-08-18 22:55:52.433100,CSI_DATA,279,1a:00:00:00:00:00,-38,11,0,0,0,0,0,0,0,0,0,-92,0,1,0,49057320,0,31,0,128,0,"[0,0,10,-11,9,-11,9,-11,9,-11,8,-11,8,-11,7,-11,7,-11,6,-11,6,-11,5,-11,5,-11,5,-12,4,-12,4,-12,4,-12,5,-12,5,-13,5,-13,5,-12,6,-12,6,-11,6,-11,7,-10,7,-9,7,-9,0,0,0,0,0,0,0,0,0,0,0,0,0,0,0,0,0,0,0,0,0,0,6,-9,7,-9,7,-9,8,-8,9,-8,9,-8,10,-8,10,-8,11,-7,11,-7,11,-7,11,-6,10,-7,10,-7,10,-7,10,-7,9,-8,9,-8,9,-9,9,-9,9,-10,9,-10,9,-10,9,-11,10,-11,10,-11]"
2025-08-18 22:55:52.626393,CSI_DATA,280,1a:00:00:00:00:00,-37,11,0,0,0,0,0,0,0,0,0,-92,0,1,0,49252102,0,31,0,128,0,"[0,0,-15,-3,-15,-3,-15,-3,-15,-2,-14,-2,-14,-2,-14,-2,-14,-1,-13,-1,-13,0,-13,1,-13,1,-13,2,-13,2,-13,2,-14,2,-14,2,-14,2,-14,2,-14,1,-14,1,-14,0,-13,-1,-13,-1,-13,-1,-12,-2,0,0,0,0,0,0,0,0,0,0,0,0,0,0,0,0,0,0,0,0,0,0,-11,-1,-12,-2,-12,-3,-12,-3,-12,-4,-12,-5,-12,-6,-13,-6,-12,-6,-12,-6,-12,-7,-12,-7,-12,-6,-12,-6,-12,-6,-12,-6,-12,-6,-13,-4,-13,-4,-13,-4,-14,-4,-14,-4,-15,-3,-15,-3,-15,-3,-15,-3]"
2025-08-18 22:55:52.828539,CSI_DATA,281,1a:00:00:00:00:00,-37,11,0,0,0,0,0,0,0,0,0,-92,0,1,0,49453272,0,31,0,128,0,"[0,0,-13,-8,-13,-8,-13,-7,-13,-8,-13,-7,-12,-6,-12,-6,-12,-5,-12,-5,-12,-4,-13,-4,-13,-3,-13,-3,-13,-3,-13,-2,-13,-2,-14,-3,-14,-3,-14,-3,-14,-3,-13,-4,-13,-4,-12,-5,-12,-5,-11,-6,-11,-6,0,0,0,0,0,0,0,0,0,0,0,0,0,0,0,0,0,0,0,0,0,0,-10,-5,-10,-6,-10,-6,-10,-7,-10,-8,-10,-8,-9,-9,-9,-9,-9,-10,-9,-10,-8,-10,-8,-10,-8,-10,-8,-10,-9,-9,-9,-9,-9,-9,-10,-8,-10,-8,-11,-8,-11,-8,-12,-8,-12,-8,-13,-8,-13,-8,-13,-8]"
2025-08-18 22:55:53.221399,CSI_DATA,282,1a:00:00:00:00:00,-37,11,0,0,0,0,0,0,0,0,0,-92,0,1,0,49654493,0,31,0,128,0,"[0,0,6,-14,5,-14,5,-14,5,-14,4,-14,4,-13,4,-13,3,-13,2,-13,2,-13,2,-13,1,-14,1,-13,0,-13,0,-14,0,-14,0,-15,0,-14,0,-15,1,-15,1,-14,1,-14,3,-14,3,-13,4,-12,4,-12,0,0,0,0,0,0,0,0,0,0,0,0,0,0,0,0,0,0,0,0,0,0,4,-10,4,-10,5,-11,6,-10,6,-11,7,-10,8,-10,8,-10,8,-10,9,-9,9,-9,9,-9,9,-9,8,-9,8,-10,7,-10,7,-10,7,-11,6,-11,6,-12,6,-12,6,-13,6,-13,6,-13,6,-13,6,-14]"
2025-08-18 22:55:53.226598,CSI_DATA,283,1a:00:00:00:00:00,-38,11,0,0,0,0,0,0,0,0,0,-92,0,1,0,49855620,0,31,0,128,0,"[0,0,10,10,10,10,9,10,10,9,10,9,9,9,9,8,10,8,10,7,10,7,10,6,10,6,11,6,11,5,11,5,11,5,12,6,11,6,12,6,11,7,11,7,10,7,10,8,9,8,8,8,8,8,0,0,0,0,0,0,0,0,0,0,0,0,0,0,0,0,0,0,0,0,0,0,8,6,8,6,8,7,7,8,8,9,7,9,7,10,6,10,6,11,6,11,6,11,5,11,6,11,6,10,6,10,6,10,6,10,7,10,7,10,8,10,8,10,9,10,9,10,10,10,10,10,10,10]"
2025-08-18 22:55:53.429717,CSI_DATA,284,1a:00:00:00:00:00,-38,11,0,0,0,0,0,0,0,0,0,-92,0,1,0,50056984,0,31,0,128,0,"[0,0,1,-15,1,-15,1,-15,1,-15,1,-15,0,-14,0,-14,-1,-13,-1,-13,-2,-13,-2,-13,-3,-13,-3,-13,-3,-13,-4,-13,-3,-13,-3,-13,-3,-13,-3,-13,-3,-13,-2,-13,-2,-13,-1,-13,-1,-12,0,-12,1,-11,0,0,0,0,0,0,0,0,0,0,0,0,0,0,0,0,0,0,0,0,0,0,-1,-11,0,-12,1,-12,2,-12,2,-13,3,-13,3,-13,4,-13,4,-13,5,-12,5,-12,5,-12,5,-12,5,-12,4,-12,4,-12,3,-12,3,-13,3,-13,2,-14,2,-14,2,-14,2,-15,2,-15,2,-15,2,-15]"
2025-08-18 22:55:53.637269,CSI_DATA,285,1a:00:00:00:00:00,-37,11,0,0,0,0,0,0,0,0,0,-92,0,1,0,50258054,0,31,0,128,0,"[0,0,14,4,14,3,14,3,14,3,13,2,13,2,13,2,13,1,13,1,13,0,12,-1,12,-1,12,-1,12,-1,13,-2,13,-2,13,-2,13,-1,13,-1,13,0,13,0,13,1,12,1,12,1,11,2,11,3,0,0,0,0,0,0,0,0,0,0,0,0,0,0,0,0,0,0,0,0,0,0,10,1,10,2,10,2,10,3,10,4,10,4,11,5,10,6,10,6,10,6,10,6,10,6,10,6,10,6,10,6,10,5,11,5,11,4,11,4,12,4,12,4,13,4,13,3,13,3,14,3,14,3]"
2025-08-18 22:55:53.694010,CSI_DATA,286,1a:00:00:00:00:00,-37,11,0,0,0,0,0,0,0,0,0,-92,0,1,0,50318476,0,42,0,128,0,"[0,0,-6,-15,-6,-14,-6,-14,-6,-14,-6,-14,-6,-13,-6,-13,-7,-13,-7,-12,-8,-11,-8,-11,-8,-11,-8,-11,-9,-11,-9,-11,-9,-11,-9,-12,-9,-12,-9,-12,-8,-12,-8,-12,-7,-12,-6,-12,-6,-12,-5,-12,-4,-12,0,0,0,0,0,0,0,0,0,0,0,0,0,0,0,0,0,0,0,0,0,0,-5,-9,-5,-10,-5,-11,-4,-11,-4,-12,-3,-12,-3,-13,-3,-13,-2,-13,-2,-13,-2,-13,-1,-13,-2,-13,-2,-12,-2,-13,-2,-12,-3,-13,-3,-13,-4,-13,-4,-13,-5,-13,-5,-14,-6,-14,-6,-14,-6,-14,-6,-14]"
2025-08-18 22:55:53.752763,CSI_DATA,287,1a:00:00:00:00:00,-37,11,0,0,0,0,0,0,0,0,0,-92,0,1,0,50388670,0,31,0,128,0,"[0,0,10,10,10,9,10,9,10,9,10,9,10,8,10,8,10,8,10,7,11,6,11,6,11,6,11,6,11,5,12,5,12,5,12,6,12,6,12,6,12,6,11,7,11,7,10,8,9,8,9,8,8,8,0,0,0,0,0,0,0,0,0,0,0,0,0,0,0,0,0,0,0,0,0,0,8,5,8,6,8,7,7,7,7,8,7,9,7,9,7,9,6,10,6,10,6,10,6,10,6,10,6,10,6,10,6,9,7,9,7,9,8,9,9,9,9,9,9,9,10,9,10,9,10,10,10,9]"
2025-08-18 22:55:53.972943,CSI_DATA,288,1a:00:00:00:00:00,-38,11,0,0,0,0,0,0,0,0,0,-92,0,1,0,50589972,0,31,0,128,0,"[0,0,13,-3,15,-4,12,-3,14,-3,13,-4,15,-3,14,-5,12,-5,10,-5,11,-6,12,-5,11,-5,11,-6,11,-6,11,-8,11,-7,12,-8,12,-8,13,-7,13,-8,11,-5,10,-6,10,-6,13,-4,14,-2,8,-3,0,0,0,0,0,0,0,0,0,0,0,0,0,0,0,0,0,0,0,0,0,0,9,-4,9,-3,10,-3,11,-2,11,-2,11,-1,12,-1,12,0,12,0,12,1,12,1,12,1,12,1,12,1,11,0,12,0,12,-1,12,-1,12,-2,13,-2,13,-2,13,-3,14,-3,13,-3,14,-3,14,-3]"
2025-08-18 22:55:54.159138,CSI_DATA,289,1a:00:00:00:00:00,-39,11,0,0,0,0,0,0,0,0,0,-92,0,1,0,50788677,0,31,0,128,0,"[0,0,-6,13,-6,13,-5,12,-5,13,-5,12,-4,12,-4,12,-4,12,-3,11,-2,12,-2,11,-1,11,-1,11,-1,11,-1,12,-1,12,-1,12,-1,12,-1,12,-2,12,-2,12,-2,12,-3,12,-3,11,-4,10,-5,10,0,0,0,0,0,0,0,0,0,0,0,0,0,0,0,0,0,0,0,0,0,0,-2,11,-3,11,-4,11,-5,11,-5,11,-6,11,-7,11,-8,11,-8,10,-9,10,-8,10,-9,9,-8,10,-8,10,-8,10,-7,10,-7,10,-6,10,-7,11,-6,11,-6,11,-6,12,-6,13,-6,13,-6,13,-6,13]"
2025-08-18 22:55:54.361371,CSI_DATA,290,1a:00:00:00:00:00,-39,11,0,0,0,0,0,0,0,0,0,-92,0,1,0,50989646,0,31,0,128,0,"[0,0,-15,2,-15,2,-15,2,-14,2,-14,2,-14,2,-13,3,-13,3,-12,4,-12,4,-12,5,-12,5,-11,5,-12,6,-12,6,-12,7,-12,6,-12,6,-13,6,-13,5,-13,5,-13,4,-12,4,-12,4,-12,3,-12,2,0,0,0,0,0,0,0,0,0,0,0,0,0,0,0,0,0,0,0,0,0,0,-11,2,-12,2,-12,1,-13,0,-13,0,-13,-1,-13,-2,-14,-2,-13,-3,-13,-3,-13,-3,-13,-3,-13,-3,-13,-2,-13,-2,-13,-2,-13,-1,-13,-1,-14,0,-14,0,-14,0,-14,1,-15,1,-15,2,-15,2,-15,2]"
2025-08-18 22:55:54.561191,CSI_DATA,291,1a:00:00:00:00:00,-39,11,0,0,0,0,0,0,0,0,0,-92,0,1,0,51191001,0,31,0,128,0,"[0,0,-8,13,-8,12,-8,12,-7,12,-7,12,-7,12,-6,12,-6,12,-5,12,-4,12,-4,12,-3,12,-3,12,-3,12,-3,12,-2,12,-3,13,-3,13,-3,13,-4,13,-4,12,-5,12,-5,12,-5,11,-5,10,-6,10,0,0,0,0,0,0,0,0,0,0,0,0,0,0,0,0,0,0,0,0,0,0,-5,9,-6,9,-6,9,-7,9,-8,9,-9,9,-9,9,-10,9,-10,9,-10,8,-10,8,-10,8,-10,8,-10,8,-10,8,-9,8,-9,9,-9,9,-9,10,-8,10,-8,11,-8,11,-8,12,-8,12,-8,12,-8,13]"
2025-08-18 22:55:54.763323,CSI_DATA,292,1a:00:00:00:00:00,-39,11,0,0,0,0,0,0,0,0,0,-92,0,1,0,51392080,0,31,0,128,0,"[0,0,10,-11,10,-11,10,-11,9,-11,9,-11,8,-11,8,-11,7,-11,7,-11,6,-11,6,-11,5,-12,5,-12,5,-12,5,-12,5,-12,5,-13,5,-13,5,-13,6,-12,6,-12,6,-11,6,-11,7,-10,7,-9,7,-9,0,0,0,0,0,0,0,0,0,0,0,0,0,0,0,0,0,0,0,0,0,0,6,-9,7,-9,8,-9,8,-9,9,-9,10,-8,10,-8,11,-8,11,-7,11,-7,11,-6,11,-6,11,-6,11,-7,11,-7,10,-7,10,-8,10,-8,10,-9,10,-9,10,-10,10,-10,10,-10,10,-11,10,-11,10,-11]"
2025-08-18 22:55:54.963038,CSI_DATA,293,1a:00:00:00:00:00,-39,11,0,0,0,0,0,0,0,0,0,-92,0,1,0,51593306,0,31,0,128,0,"[0,0,-3,15,-3,14,-3,14,-3,14,-2,13,-2,13,-2,13,-1,13,-1,12,0,12,0,12,1,12,1,12,2,12,2,12,2,13,2,13,1,13,1,13,1,13,0,13,-1,13,-1,12,-1,12,-2,11,-3,11,0,0,0,0,0,0,0,0,0,0,0,0,0,0,0,0,0,0,0,0,0,0,0,10,-1,11,-2,11,-3,11,-4,12,-4,11,-5,12,-5,12,-6,11,-6,11,-6,11,-6,11,-6,11,-6,11,-6,11,-6,11,-5,11,-4,12,-4,12,-4,13,-4,13,-3,13,-3,14,-3,14,-3,14,-3,14]"
2025-08-18 22:55:55.171713,CSI_DATA,294,1a:00:00:00:00:00,-39,11,0,0,0,0,0,0,0,0,0,-92,0,1,0,51794445,0,31,0,128,0,"[0,0,-15,-6,-15,-6,-14,-5,-14,-5,-14,-5,-14,-4,-14,-4,-13,-3,-13,-3,-13,-2,-13,-2,-13,-2,-13,-1,-13,-1,-14,-1,-14,-1,-14,-1,-14,-1,-14,-1,-14,-2,-14,-2,-13,-3,-13,-3,-12,-4,-12,-5,-11,-5,0,0,0,0,0,0,0,0,0,0,0,0,0,0,0,0,0,0,0,0,0,0,-11,-2,-11,-3,-11,-4,-11,-5,-12,-5,-12,-6,-12,-7,-12,-7,-11,-7,-11,-8,-11,-8,-11,-8,-11,-8,-11,-8,-11,-7,-11,-7,-11,-7,-12,-7,-12,-6,-13,-6,-13,-6,-13,-5,-14,-5,-14,-6,-14,-6,-15,-5]"
2025-08-18 22:55:55.220029,CSI_DATA,295,1a:00:00:00:00:00,-39,11,0,0,0,0,0,0,0,0,0,-92,0,1,0,51854896,0,42,0,128,0,"[0,0,4,14,4,14,4,13,5,13,5,12,5,12,5,12,5,11,5,11,6,10,6,10,6,10,7,10,7,10,7,10,7,10,8,10,7,10,7,10,7,11,6,11,6,11,5,11,4,11,4,10,3,10,0,0,0,0,0,0,0,0,0,0,0,0,0,0,0,0,0,0,0,0,0,0,5,9,4,9,3,10,3,10,3,11,2,12,2,12,1,12,1,13,0,12,0,12,0,12,0,12,0,12,0,12,1,12,1,12,2,12,2,12,3,12,3,13,3,12,4,13,4,13,4,14,4,13]"
2025-08-18 22:55:55.289256,CSI_DATA,296,1a:00:00:00:00:00,-39,11,0,0,0,0,0,0,0,0,0,-92,0,1,0,51924516,0,31,0,128,0,"[0,0,5,14,5,13,5,13,5,13,6,12,6,12,6,12,6,11,6,11,7,10,7,10,8,9,8,9,8,9,8,9,8,9,8,10,9,10,8,10,8,10,7,10,6,11,6,10,5,11,5,10,4,10,0,0,0,0,0,0,0,0,0,0,0,0,0,0,0,0,0,0,0,0,0,0,5,8,5,9,4,10,4,11,3,11,3,12,2,12,2,12,1,12,1,12,1,13,1,12,1,12,1,12,1,12,2,12,2,12,3,11,3,12,4,12,4,12,4,12,5,13,5,13,5,13,6,13]"
2025-08-18 22:55:55.698866,CSI_DATA,297,1a:00:00:00:00:00,-39,11,0,0,0,0,0,0,0,0,0,-92,0,1,0,52129806,0,31,0,128,0,"[0,0,7,13,7,12,6,12,7,12,7,12,7,11,7,10,7,10,8,10,8,9,8,9,9,8,9,8,9,8,9,8,9,8,9,8,10,8,10,9,9,9,9,9,8,9,7,9,7,9,6,9,5,9,0,0,0,0,0,0,0,0,0,0,0,0,0,0,0,0,0,0,0,0,0,0,6,8,5,9,5,10,5,10,4,11,4,12,3,12,3,12,3,12,2,12,2,12,2,12,2,12,2,12,2,12,3,12,3,12,4,12,4,12,5,12,5,12,6,12,6,12,6,13,7,13,7,13]"
2025-08-18 22:55:55.718519,CSI_DATA,298,1a:00:00:00:00:00,-39,11,0,0,0,0,0,0,0,0,0,-92,0,1,0,52325745,0,31,0,128,0,"[0,0,-16,-2,-15,-2,-15,-2,-15,-2,-15,-1,-14,-1,-14,-1,-14,0,-14,0,-13,1,-13,1,-13,2,-13,2,-13,2,-13,2,-14,3,-14,2,-14,2,-14,2,-14,1,-14,1,-14,0,-13,0,-13,-1,-13,-1,-12,-2,0,0,0,0,0,0,0,0,0,0,0,0,0,0,0,0,0,0,0,0,0,0,-12,0,-12,-1,-12,-1,-13,-2,-13,-2,-14,-3,-13,-4,-13,-5,-13,-5,-13,-5,-13,-6,-13,-6,-13,-6,-12,-5,-13,-5,-12,-5,-13,-4,-13,-3,-14,-4,-14,-3,-14,-3,-15,-3,-15,-2,-15,-2,-15,-2,-16,-2]"
2025-08-18 22:55:55.890693,CSI_DATA,299,1a:00:00:00:00:00,-38,11,0,0,0,0,0,0,0,0,0,-92,0,1,0,52526070,0,31,0,128,0,"[0,0,12,8,12,8,12,8,12,7,11,7,11,7,11,6,11,6,11,6,12,4,12,4,12,3,12,3,12,3,12,3,12,3,13,3,12,3,12,4,12,4,12,5,11,5,11,5,10,5,10,6,9,6,0,0,0,0,0,0,0,0,0,0,0,0,0,0,0,0,0,0,0,0,0,0,9,4,9,5,9,6,9,6,9,7,9,8,9,9,8,9,8,10,8,10,8,10,8,10,8,10,8,9,8,9,8,9,9,8,9,8,10,8,10,8,10,8,11,8,11,8,12,8,12,8,12,8]"
2025-08-18 22:55:56.091877,CSI_DATA,300,1a:00:00:00:00:00,-38,11,0,0,0,0,0,0,0,0,0,-92,0,1,0,52727202,0,31,0,128,0,"[0,0,9,11,9,11,9,11,9,10,9,10,9,10,9,9,9,9,9,8,10,7,10,7,10,6,10,6,11,6,11,6,11,6,11,6,11,7,11,7,11,7,10,7,9,8,9,8,8,8,8,8,7,8,0,0,0,0,0,0,0,0,0,0,0,0,0,0,0,0,0,0,0,0,0,0,8,7,8,8,7,8,7,9,7,10,6,11,6,11,5,11,5,12,5,12,5,11,5,11,5,11,5,11,5,11,5,11,6,11,6,10,7,11,7,11,7,11,8,11,8,10,9,11,9,11,10,11]"
2025-08-18 22:55:56.304811,CSI_DATA,301,1a:00:00:00:00:00,-38,11,0,0,0,0,0,0,0,0,0,-92,0,1,0,52928322,0,31,0,128,0,"[0,0,-10,-12,-10,-12,-9,-12,-10,-12,-9,-11,-9,-11,-10,-10,-10,-10,-10,-9,-10,-9,-10,-8,-11,-8,-11,-7,-11,-7,-12,-7,-11,-7,-12,-7,-12,-7,-12,-8,-11,-8,-11,-9,-10,-9,-10,-9,-9,-9,-8,-9,-8,-9,0,0,0,0,0,0,0,0,0,0,0,0,0,0,0,0,0,0,0,0,0,0,-8,-9,-8,-9,-8,-10,-7,-11,-7,-11,-7,-12,-6,-13,-6,-13,-5,-13,-5,-13,-5,-13,-5,-13,-5,-13,-5,-12,-5,-12,-6,-12,-6,-12,-7,-12,-7,-12,-8,-12,-8,-12,-8,-12,-9,-12,-9,-12,-9,-12,-9,-12]"
2025-08-18 22:55:56.504715,CSI_DATA,302,1a:00:00:00:00:00,-38,11,0,0,0,0,0,0,0,0,0,-92,0,1,0,53129502,0,31,0,128,0,"[0,0,-15,-5,-15,-5,-14,-5,-14,-4,-14,-4,-14,-4,-14,-4,-14,-3,-13,-2,-13,-2,-14,-1,-13,-1,-13,-1,-13,0,-14,0,-13,0,-14,0,-14,0,-14,-1,-14,-1,-14,-2,-13,-2,-13,-3,-12,-3,-12,-3,-11,-4,0,0,0,0,0,0,0,0,0,0,0,0,0,0,0,0,0,0,0,0,0,0,-12,-2,-12,-2,-12,-3,-12,-4,-13,-5,-13,-5,-12,-6,-12,-7,-12,-7,-12,-8,-12,-8,-12,-8,-11,-7,-12,-7,-12,-7,-12,-7,-12,-6,-12,-6,-13,-6,-13,-6,-13,-5,-14,-5,-15,-5,-15,-5,-15,-5,-15,-5]"
2025-08-18 22:55:56.710299,CSI_DATA,303,1a:00:00:00:00:00,-39,11,0,0,0,0,0,0,0,0,0,-92,0,1,0,53332175,0,31,0,128,0,"[0,0,11,10,10,9,10,9,11,9,11,8,10,8,10,7,10,7,11,6,11,6,11,6,11,5,11,5,11,5,12,4,12,4,12,5,12,5,12,5,12,5,11,6,11,6,10,7,9,7,9,7,8,7,0,0,0,0,0,0,0,0,0,0,0,0,0,0,0,0,0,0,0,0,0,0,9,5,9,6,9,7,8,8,8,8,8,9,8,10,7,10,7,10,6,11,6,11,6,11,6,11,6,10,7,10,7,10,7,10,8,9,8,9,9,9,9,9,10,9,10,9,10,9,11,10,11,9]"
2025-08-18 22:55:56.767538,CSI_DATA,304,1a:00:00:00:00:00,-38,11,0,0,0,0,0,0,0,0,0,-92,0,1,0,53391136,0,42,0,128,0,"[0,0,-14,-8,-14,-8,-14,-8,-14,-8,-13,-7,-13,-7,-13,-6,-13,-6,-13,-5,-13,-5,-13,-4,-13,-4,-13,-4,-13,-3,-14,-3,-14,-3,-14,-3,-14,-3,-14,-4,-14,-4,-13,-5,-13,-5,-12,-6,-12,-6,-11,-6,-11,-7,0,0,0,0,0,0,0,0,0,0,0,0,0,0,0,0,0,0,0,0,0,0,-11,-4,-11,-5,-11,-6,-11,-7,-11,-7,-11,-8,-11,-9,-11,-9,-10,-10,-10,-10,-10,-10,-10,-10,-10,-10,-10,-9,-10,-9,-10,-9,-10,-9,-11,-8,-11,-8,-12,-8,-12,-8,-13,-8,-13,-8,-14,-8,-14,-8,-14,-8]"
2025-08-18 22:55:56.834685,CSI_DATA,305,1a:00:00:00:00:00,-39,11,0,0,0,0,0,0,0,0,0,-92,0,1,0,53460547,0,31,0,128,0,"[0,0,-1,-15,-1,-15,-1,-15,-1,-14,-2,-14,-2,-14,-2,-14,-2,-13,-3,-13,-3,-12,-4,-12,-4,-12,-5,-12,-5,-12,-5,-12,-5,-12,-5,-13,-5,-12,-5,-13,-5,-13,-4,-13,-3,-13,-3,-12,-2,-12,-2,-12,-1,-12,0,0,0,0,0,0,0,0,0,0,0,0,0,0,0,0,0,0,0,0,0,0,-2,-11,-1,-12,-1,-12,0,-12,1,-13,1,-13,2,-13,2,-13,3,-13,3,-13,3,-13,3,-13,3,-13,3,-12,3,-12,2,-12,2,-12,1,-13,1,-13,0,-13,0,-14,0,-14,0,-14,-1,-14,-1,-15,-1,-15]"
2025-08-18 22:55:57.038138,CSI_DATA,306,1a:00:00:00:00:00,-38,11,0,0,0,0,0,0,0,0,0,-92,0,1,0,53661776,0,31,0,128,0,"[0,0,-14,-9,-13,-6,-11,-6,-15,-4,-12,-8,-13,-6,-11,-4,-9,-1,-11,-2,-13,-5,-14,-2,-11,-4,-11,-3,-12,-2,-14,-1,-13,-1,-14,-3,-13,-2,-13,-1,-12,-5,-13,-5,-10,-5,-13,-3,-7,-3,-13,-5,-12,-5,0,0,0,0,0,0,0,0,0,0,0,0,0,0,0,0,0,0,0,0,0,0,-11,-2,-11,-3,-11,-4,-11,-5,-11,-5,-11,-6,-11,-7,-11,-7,-11,-8,-10,-8,-10,-8,-10,-8,-10,-8,-10,-8,-10,-8,-10,-7,-11,-7,-11,-7,-12,-6,-12,-6,-12,-6,-13,-7,-14,-6,-14,-6,-13,-6,-13,-7]"
2025-08-18 22:55:57.241165,CSI_DATA,307,1a:00:00:00:00:00,-39,11,0,0,0,0,0,0,0,0,0,-92,0,1,0,53861887,0,31,0,128,0,"[0,0,13,5,13,4,13,4,12,4,13,3,12,3,12,3,12,2,12,2,11,1,12,1,12,0,12,0,12,0,12,0,12,0,12,0,12,0,12,0,12,1,12,1,11,2,11,2,11,3,10,3,10,4,0,0,0,0,0,0,0,0,0,0,0,0,0,0,0,0,0,0,0,0,0,0,10,1,10,2,10,2,10,3,11,4,11,5,11,5,10,6,10,6,10,6,10,7,9,7,9,7,10,6,10,6,9,6,10,5,11,5,11,5,11,5,12,4,12,4,13,4,13,4,13,4,13,4]"
2025-08-18 22:55:57.428340,CSI_DATA,308,1a:00:00:00:00:00,-39,11,0,0,0,0,0,0,0,0,0,-92,0,1,0,54062778,0,31,0,128,0,"[0,0,4,14,4,13,4,13,4,12,5,13,4,12,5,12,5,11,5,11,6,10,7,10,7,10,7,9,7,10,7,9,8,10,8,10,8,10,7,10,7,11,6,11,5,11,5,11,5,11,4,10,3,10,0,0,0,0,0,0,0,0,0,0,0,0,0,0,0,0,0,0,0,0,0,0,5,9,5,10,4,10,3,11,3,11,2,12,2,12,1,13,1,12,0,12,0,12,0,12,0,12,1,12,1,12,1,11,1,12,2,12,3,13,3,12,3,12,3,12,4,13,5,13,5,13,5,14]"
2025-08-18 22:55:57.633552,CSI_DATA,309,1a:00:00:00:00:00,-39,11,0,0,0,0,0,0,0,0,0,-92,0,1,0,54263947,0,31,0,128,0,"[0,0,15,-1,14,-2,14,-2,14,-2,14,-2,13,-2,13,-3,13,-3,12,-3,12,-4,12,-4,11,-5,11,-5,11,-5,12,-6,11,-6,12,-6,12,-6,12,-6,12,-5,12,-5,12,-4,12,-3,12,-3,12,-2,11,-1,0,0,0,0,0,0,0,0,0,0,0,0,0,0,0,0,0,0,0,0,0,0,10,-3,11,-2,12,-1,12,-1,13,0,13,0,13,1,13,2,13,2,13,3,13,3,12,3,12,3,12,2,12,2,12,2,12,1,13,0,13,0,13,0,13,0,14,-1,14,-1,14,-1,15,-1,15,-1]"
2025-08-18 22:55:57.839168,CSI_DATA,310,1a:00:00:00:00:00,-39,11,0,0,0,0,0,0,0,0,0,-92,0,1,0,54465130,0,31,0,128,0,"[0,0,-1,-15,-1,-15,-1,-15,-1,-15,-2,-14,-2,-14,-2,-14,-3,-13,-3,-13,-4,-13,-4,-13,-4,-13,-5,-12,-5,-12,-5,-13,-5,-12,-5,-13,-5,-13,-5,-13,-4,-13,-4,-13,-3,-13,-3,-13,-2,-13,-1,-12,-1,-12,0,0,0,0,0,0,0,0,0,0,0,0,0,0,0,0,0,0,0,0,0,0,-3,-11,-2,-11,-1,-12,-1,-12,0,-13,0,-13,1,-13,1,-13,2,-13,3,-13,3,-13,3,-13,2,-13,2,-13,2,-13,2,-13,1,-13,1,-13,0,-13,0,-14,0,-14,0,-14,-1,-15,-1,-15,-1,-15,-1,-15]"
2025-08-18 22:55:58.042058,CSI_DATA,311,1a:00:00:00:00:00,-39,11,0,0,0,0,0,0,0,0,0,-92,0,1,0,54666504,0,31,0,128,0,"[0,0,-12,-9,-12,-9,-12,-9,-12,-8,-12,-8,-11,-8,-12,-7,-11,-7,-12,-6,-12,-6,-12,-5,-12,-5,-12,-4,-12,-4,-12,-4,-13,-4,-13,-4,-13,-4,-13,-5,-13,-5,-12,-5,-12,-6,-11,-6,-11,-6,-10,-6,-10,-7,0,0,0,0,0,0,0,0,0,0,0,0,0,0,0,0,0,0,0,0,0,0,-10,-6,-10,-7,-10,-8,-9,-8,-9,-9,-9,-10,-9,-10,-8,-10,-8,-11,-8,-11,-8,-11,-8,-11,-8,-11,-8,-10,-8,-10,-8,-10,-9,-10,-9,-9,-10,-9,-10,-9,-10,-9,-11,-9,-11,-9,-12,-9,-12,-9,-12,-9]"
2025-08-18 22:55:58.233003,CSI_DATA,312,1a:00:00:00:00:00,-39,11,0,0,0,0,0,0,0,0,0,-92,0,1,0,54867546,0,31,0,128,0,"[0,0,9,12,9,11,9,11,9,11,9,10,9,10,9,9,9,9,9,8,9,8,10,7,10,7,10,7,10,7,11,6,11,6,11,7,11,7,11,7,10,7,10,8,9,8,9,8,8,8,8,8,7,9,0,0,0,0,0,0,0,0,0,0,0,0,0,0,0,0,0,0,0,0,0,0,8,7,8,8,8,8,7,9,7,10,7,10,6,11,6,11,6,12,5,12,5,12,5,12,5,12,5,11,5,11,5,11,6,11,6,10,7,11,7,11,8,11,8,11,9,11,9,11,9,11,10,11]"
2025-08-18 22:55:58.300145,CSI_DATA,313,1a:00:00:00:00:00,-39,11,0,0,0,0,0,0,0,0,0,-92,0,1,0,54927987,0,42,0,128,0,"[0,0,-16,0,-16,0,-15,0,-15,1,-15,1,-14,1,-14,1,-14,2,-14,2,-13,3,-13,3,-13,4,-13,4,-12,4,-13,4,-13,4,-13,5,-13,4,-14,4,-14,3,-13,3,-13,2,-13,2,-13,1,-12,1,-12,0,0,0,0,0,0,0,0,0,0,0,0,0,0,0,0,0,0,0,0,0,0,0,-12,2,-12,2,-13,1,-13,0,-14,0,-13,-1,-14,-2,-14,-3,-14,-3,-14,-3,-14,-4,-13,-4,-14,-3,-13,-3,-13,-3,-13,-3,-13,-2,-14,-2,-14,-1,-14,-1,-14,-1,-15,0,-15,0,-15,0,-16,0,-16,1]"
2025-08-18 22:55:58.366521,CSI_DATA,314,1a:00:00:00:00:00,-39,11,0,0,0,0,0,0,0,0,0,-92,0,1,0,54996637,0,31,0,128,0,"[0,0,13,-6,13,-6,13,-6,13,-6,12,-7,11,-7,11,-7,11,-7,10,-7,10,-8,10,-8,9,-9,9,-9,9,-9,9,-9,9,-9,9,-9,9,-9,10,-9,10,-9,10,-8,10,-8,10,-7,10,-7,10,-6,10,-5,0,0,0,0,0,0,0,0,0,0,0,0,0,0,0,0,0,0,0,0,0,0,9,-6,10,-6,10,-5,11,-5,11,-4,12,-4,12,-3,12,-3,13,-2,12,-2,13,-2,12,-2,12,-2,12,-2,12,-2,12,-2,12,-3,12,-3,12,-4,12,-5,12,-5,13,-5,13,-6,13,-6,13,-6,13,-6]"
2025-08-18 22:55:58.574708,CSI_DATA,315,1a:00:00:00:00:00,-39,11,0,0,0,0,0,0,0,0,0,-92,0,1,0,55201322,0,31,0,128,0,"[0,0,-16,-1,-15,-1,-15,0,-14,0,-15,0,-14,0,-14,1,-13,1,-13,1,-13,2,-13,3,-12,3,-12,3,-13,4,-13,4,-13,4,-13,4,-13,4,-13,4,-13,3,-13,2,-13,2,-13,2,-13,1,-12,1,-12,0,0,0,0,0,0,0,0,0,0,0,0,0,0,0,0,0,0,0,0,0,0,0,-11,1,-12,1,-12,0,-13,-1,-13,-1,-13,-2,-13,-3,-13,-3,-13,-4,-13,-4,-13,-4,-13,-4,-13,-4,-13,-4,-13,-4,-12,-3,-13,-3,-13,-2,-14,-2,-14,-2,-14,-1,-14,-1,-15,-1,-15,0,-15,0,-16,0]"
2025-08-18 22:55:58.774037,CSI_DATA,316,1a:00:00:00:00:00,-39,11,0,0,0,0,0,0,0,0,0,-92,0,1,0,55397054,0,31,0,128,0,"[0,0,-1,14,-1,14,0,13,0,13,0,13,0,12,0,12,1,12,1,12,2,11,2,11,3,11,3,11,3,11,4,11,4,11,3,11,3,11,3,12,3,12,2,12,2,12,1,11,1,11,0,11,-1,10,0,0,0,0,0,0,0,0,0,0,0,0,0,0,0,0,0,0,0,0,0,0,1,10,1,10,0,11,0,11,-1,11,-2,12,-3,12,-3,12,-3,12,-4,12,-4,12,-4,11,-4,11,-4,11,-3,11,-3,11,-3,11,-2,12,-2,12,-2,12,-1,13,-1,13,-1,13,-1,14,0,14,-1,14]"
2025-08-18 22:55:58.967152,CSI_DATA,317,1a:00:00:00:00:00,-39,11,0,0,0,0,0,0,0,0,0,-92,0,1,0,55598358,0,31,0,128,0,"[0,0,-3,15,-2,14,-3,14,-2,14,-2,14,-1,13,-1,13,-1,13,0,12,0,12,1,12,1,12,2,12,2,12,2,12,2,12,2,13,2,13,2,13,1,13,1,13,1,13,0,12,-1,12,-2,11,-2,11,0,0,0,0,0,0,0,0,0,0,0,0,0,0,0,0,0,0,0,0,0,0,0,11,-1,11,-2,11,-3,11,-3,12,-4,12,-4,12,-5,12,-5,12,-6,12,-6,11,-6,11,-6,11,-6,11,-5,11,-5,11,-5,11,-4,12,-4,12,-3,13,-3,13,-3,13,-3,14,-2,14,-3,14,-3,15]"
2025-08-18 22:55:59.170037,CSI_DATA,318,1a:00:00:00:00:00,-39,11,0,0,0,0,0,0,0,0,0,-92,0,1,0,55799682,0,31,0,128,0,"[0,0,-7,13,-7,13,-7,13,-6,13,-6,13,-6,13,-5,13,-4,12,-4,12,-3,12,-3,12,-3,12,-2,12,-2,12,-2,13,-2,13,-2,13,-2,13,-2,13,-3,13,-3,13,-4,13,-4,12,-5,12,-5,11,-6,10,0,0,0,0,0,0,0,0,0,0,0,0,0,0,0,0,0,0,0,0,0,0,-4,10,-5,10,-6,10,-6,10,-7,10,-8,10,-8,10,-9,10,-9,10,-10,9,-10,9,-10,9,-9,9,-9,9,-8,9,-8,9,-8,10,-8,10,-8,11,-7,12,-7,11,-7,12,-7,13,-7,13,-7,13,-7,14]"
2025-08-18 22:55:59.371734,CSI_DATA,319,1a:00:00:00:00:00,-38,11,0,0,0,0,0,0,0,0,0,-92,0,1,0,56000707,0,31,0,128,0,"[0,0,10,-10,10,-10,10,-10,10,-10,9,-10,9,-10,9,-10,8,-11,8,-10,7,-11,7,-11,6,-11,6,-11,6,-12,6,-12,6,-12,6,-12,6,-12,7,-12,7,-12,7,-11,8,-11,7,-10,8,-10,8,-9,8,-8,0,0,0,0,0,0,0,0,0,0,0,0,0,0,0,0,0,0,0,0,0,0,6,-9,7,-9,8,-9,9,-8,9,-8,10,-8,11,-7,11,-7,11,-7,11,-6,11,-6,11,-6,11,-6,11,-6,10,-6,10,-6,10,-7,10,-8,10,-8,10,-8,10,-9,10,-9,10,-10,10,-10,10,-10,10,-11]"
2025-08-18 22:55:59.575629,CSI_DATA,320,1a:00:00:00:00:00,-38,11,0,0,0,0,0,0,0,0,0,-92,0,1,0,56201882,0,31,0,128,0,"[0,0,-16,-1,-16,-2,-15,-1,-15,-1,-15,-1,-14,0,-14,0,-14,0,-14,1,-13,2,-13,2,-13,2,-13,3,-13,3,-13,3,-14,3,-14,3,-14,3,-14,3,-14,2,-14,2,-14,1,-13,1,-13,0,-13,0,-12,-1,0,0,0,0,0,0,0,0,0,0,0,0,0,0,0,0,0,0,0,0,0,0,-11,0,-12,0,-12,-1,-13,-2,-13,-2,-13,-3,-13,-4,-13,-5,-13,-5,-13,-5,-13,-5,-12,-5,-13,-5,-12,-5,-12,-5,-13,-4,-13,-4,-13,-3,-14,-3,-14,-3,-14,-2,-14,-2,-15,-1,-15,-1,-15,-1,-16,-1]"
2025-08-18 22:55:59.778296,CSI_DATA,321,1a:00:00:00:00:00,-38,11,0,0,0,0,0,0,0,0,0,-92,0,1,0,56403005,0,31,0,128,0,"[0,0,-2,-15,-3,-15,-3,-15,-3,-15,-3,-15,-3,-14,-3,-14,-4,-13,-4,-13,-5,-13,-5,-13,-6,-12,-6,-12,-6,-12,-7,-12,-7,-13,-6,-13,-7,-13,-6,-13,-6,-13,-5,-13,-4,-13,-4,-13,-3,-13,-3,-12,-2,-12,0,0,0,0,0,0,0,0,0,0,0,0,0,0,0,0,0,0,0,0,0,0,-3,-11,-3,-11,-2,-12,-1,-12,-1,-13,0,-13,1,-13,1,-13,1,-13,2,-13,2,-13,2,-13,2,-13,1,-13,1,-13,1,-13,0,-13,0,-13,-1,-14,-1,-14,-1,-14,-2,-14,-2,-14,-2,-15,-2,-15,-2,-15]"
2025-08-18 22:55:59.834461,CSI_DATA,322,1a:00:00:00:00:00,-39,11,0,0,0,0,0,0,0,0,0,-92,0,1,0,56464676,0,42,0,128,0,"[0,0,-4,15,-4,14,-4,14,-3,14,-3,14,-3,13,-3,13,-2,13,-1,13,0,13,0,13,1,13,1,13,1,13,1,13,1,13,1,13,1,13,0,14,0,14,-1,14,-2,13,-2,13,-2,12,-3,12,-3,12,0,0,0,0,0,0,0,0,0,0,0,0,0,0,0,0,0,0,0,0,0,0,-1,10,-2,11,-3,11,-3,11,-4,12,-5,12,-6,11,-6,12,-7,11,-7,11,-6,11,-6,11,-6,11,-6,11,-6,11,-6,11,-5,11,-5,11,-4,12,-5,12,-5,13,-4,13,-3,14,-3,14,-3,14,-3,15]"
2025-08-18 22:55:59.906321,CSI_DATA,323,1a:00:00:00:00:00,-38,11,0,0,0,0,0,0,0,0,0,-92,0,1,0,56531587,0,31,0,128,0,"[0,0,-5,-17,-5,-16,-3,-17,0,-12,-4,-16,-3,-12,-5,-14,-4,-14,-4,-11,-6,-14,-5,-12,-8,-14,-7,-13,-4,-11,-6,-11,-8,-12,-8,-12,-5,-13,-7,-14,-7,-11,-6,-13,-6,-12,-4,-14,-4,-13,-4,-11,-2,-10,0,0,0,0,0,0,0,0,0,0,0,0,0,0,0,0,0,0,0,0,0,0,-3,-11,-3,-11,-2,-12,-2,-13,-1,-12,0,-13,0,-13,0,-13,1,-13,1,-13,2,-13,1,-13,1,-13,1,-13,1,-13,1,-12,0,-13,-1,-13,-1,-13,-2,-13,-2,-14,-3,-14,-4,-13,-3,-14,-4,-15,-4,-14]"
2025-08-18 22:56:00.105872,CSI_DATA,324,1a:00:00:00:00:00,-38,11,0,0,0,0,0,0,0,0,0,-92,0,1,0,56733930,0,31,0,128,0,"[0,0,10,-13,12,-14,10,-11,8,-11,7,-8,9,-10,6,-13,8,-8,7,-13,5,-11,9,-14,6,-13,6,-12,2,-12,3,-12,5,-12,4,-11,7,-14,6,-13,5,-12,9,-13,7,-12,5,-11,6,-11,6,-11,8,-10,0,0,0,0,0,0,0,0,0,0,0,0,0,0,0,0,0,0,0,0,0,0,5,-9,6,-9,7,-9,8,-9,8,-9,9,-9,9,-8,10,-8,10,-7,10,-7,10,-7,10,-7,10,-7,10,-7,10,-7,9,-7,9,-8,9,-8,9,-9,9,-9,9,-10,8,-10,9,-11,9,-11,9,-10,10,-11]"
2025-08-18 22:56:00.300390,CSI_DATA,325,1a:00:00:00:00:00,-38,11,0,0,0,0,0,0,0,0,0,-92,0,1,0,56932474,0,31,0,128,0,"[0,0,12,8,12,7,12,7,12,7,12,7,12,6,12,6,12,5,12,5,12,4,12,4,12,3,12,3,13,3,13,2,13,2,13,3,13,3,13,3,13,4,13,4,13,5,12,5,11,5,11,6,10,6,0,0,0,0,0,0,0,0,0,0,0,0,0,0,0,0,0,0,0,0,0,0,9,4,9,5,9,6,9,7,9,7,9,8,8,9,8,9,8,9,7,10,7,10,7,9,7,9,8,9,8,9,8,8,9,8,9,8,9,8,10,8,10,8,11,8,11,7,12,8,12,8,13,8]"
2025-08-18 22:56:00.508932,CSI_DATA,326,1a:00:00:00:00:00,-38,11,0,0,0,0,0,0,0,0,0,-92,0,1,0,57133583,0,31,0,128,0,"[0,0,-13,-9,-12,-9,-12,-9,-12,-8,-12,-8,-12,-8,-12,-7,-12,-6,-12,-6,-12,-5,-12,-5,-12,-4,-13,-4,-13,-4,-13,-4,-13,-4,-13,-4,-13,-4,-14,-5,-13,-5,-13,-6,-12,-6,-12,-7,-11,-7,-11,-7,-10,-8,0,0,0,0,0,0,0,0,0,0,0,0,0,0,0,0,0,0,0,0,0,0,-10,-5,-10,-6,-9,-6,-10,-7,-10,-8,-10,-9,-9,-9,-9,-10,-8,-10,-8,-10,-8,-10,-8,-10,-8,-10,-8,-10,-8,-10,-8,-9,-9,-9,-9,-9,-10,-9,-10,-9,-11,-9,-11,-9,-12,-8,-12,-8,-12,-9,-12,-9]"
2025-08-18 22:56:00.698171,CSI_DATA,327,1a:00:00:00:00:00,-38,11,0,0,0,0,0,0,0,0,0,-92,0,1,0,57334747,0,31,0,128,0,"[0,0,12,8,12,7,12,7,12,7,12,6,11,6,11,5,11,5,11,4,12,4,11,4,12,3,12,3,12,3,12,2,13,2,13,3,13,3,13,3,13,4,13,4,12,5,11,5,10,5,10,6,10,6,0,0,0,0,0,0,0,0,0,0,0,0,0,0,0,0,0,0,0,0,0,0,9,4,9,5,9,6,9,6,9,7,9,8,9,8,9,9,8,9,8,9,7,9,7,9,7,9,8,9,8,9,8,8,8,8,9,7,9,8,10,8,10,7,11,7,11,7,11,7,12,7,12,8]"
2025-08-18 22:56:00.906968,CSI_DATA,328,1a:00:00:00:00:00,-37,11,0,0,0,0,0,0,0,0,0,-92,0,1,0,57535973,0,31,0,128,0,"[0,0,13,-7,13,-7,13,-7,13,-7,12,-7,12,-7,12,-7,11,-8,10,-8,10,-8,10,-9,9,-9,9,-9,9,-10,9,-10,9,-10,9,-10,10,-10,10,-10,10,-9,11,-9,11,-8,10,-8,11,-7,11,-7,11,-6,0,0,0,0,0,0,0,0,0,0,0,0,0,0,0,0,0,0,0,0,0,0,9,-6,9,-6,10,-5,11,-5,11,-4,12,-4,12,-3,12,-3,12,-2,12,-2,12,-2,12,-2,12,-2,12,-3,12,-3,12,-3,12,-3,12,-4,12,-4,12,-5,12,-5,12,-6,13,-6,13,-7,13,-7,13,-7]"
2025-08-18 22:56:01.107238,CSI_DATA,329,1a:00:00:00:00:00,-38,11,0,0,0,0,0,0,0,0,0,-92,0,1,0,57737161,0,31,0,128,0,"[0,0,-4,14,-4,14,-4,13,-4,14,-3,13,-3,13,-2,13,-2,13,-2,12,-1,13,-1,12,0,12,0,12,0,12,1,13,1,13,1,13,0,13,0,13,0,13,-1,13,-1,13,-2,13,-2,12,-3,11,-3,11,0,0,0,0,0,0,0,0,0,0,0,0,0,0,0,0,0,0,0,0,0,0,-2,10,-2,10,-3,11,-4,11,-4,11,-5,11,-6,11,-6,11,-7,11,-7,11,-7,10,-7,10,-7,11,-7,11,-6,10,-6,11,-6,11,-5,12,-5,11,-5,12,-5,13,-4,13,-4,14,-4,14,-4,14,-4,14]"
2025-08-18 22:56:01.313850,CSI_DATA,330,1a:00:00:00:00:00,-38,11,0,0,0,0,0,0,0,0,0,-92,0,1,0,57938449,0,31,0,128,0,"[0,0,-14,-8,-13,-8,-13,-8,-12,-7,-13,-7,-13,-7,-13,-6,-12,-5,-12,-5,-12,-4,-13,-4,-12,-4,-13,-3,-13,-3,-13,-3,-13,-3,-13,-3,-14,-3,-14,-3,-13,-4,-13,-4,-13,-5,-12,-5,-12,-5,-11,-5,-11,-6,0,0,0,0,0,0,0,0,0,0,0,0,0,0,0,0,0,0,0,0,0,0,-10,-4,-11,-5,-10,-6,-11,-7,-10,-8,-11,-9,-10,-9,-10,-9,-10,-10,-9,-10,-9,-10,-9,-10,-9,-10,-9,-10,-10,-9,-9,-9,-10,-9,-10,-8,-11,-8,-11,-8,-12,-8,-12,-8,-12,-7,-13,-8,-13,-8,-13,-8]"
2025-08-18 22:56:01.369583,CSI_DATA,331,1a:00:00:00:00:00,-38,11,0,0,0,0,0,0,0,0,0,-92,0,1,0,57998807,0,42,0,128,0,"[0,0,14,-6,13,-7,13,-6,13,-6,12,-7,12,-7,12,-7,11,-7,11,-7,10,-8,10,-8,9,-9,9,-9,9,-9,9,-10,9,-10,9,-10,10,-10,10,-9,10,-9,10,-9,10,-8,10,-7,10,-7,10,-6,10,-5,0,0,0,0,0,0,0,0,0,0,0,0,0,0,0,0,0,0,0,0,0,0,9,-6,10,-6,10,-5,11,-5,12,-4,12,-4,13,-3,13,-3,13,-2,13,-2,13,-2,13,-1,12,-2,12,-2,12,-2,12,-2,12,-3,12,-4,12,-4,12,-4,13,-5,13,-5,13,-6,13,-6,14,-6,14,-6]"
2025-08-18 22:56:01.438838,CSI_DATA,332,1a:00:00:00:00:00,-38,11,0,0,0,0,0,0,0,0,0,-92,0,1,0,58068671,0,31,0,128,0,"[0,0,14,-6,13,-6,13,-6,13,-6,13,-6,12,-6,12,-7,11,-7,11,-7,10,-8,10,-8,10,-8,9,-9,9,-9,9,-9,9,-10,10,-9,10,-9,10,-9,10,-9,11,-8,10,-8,10,-7,10,-6,11,-6,11,-5,0,0,0,0,0,0,0,0,0,0,0,0,0,0,0,0,0,0,0,0,0,0,9,-6,10,-6,10,-5,11,-4,12,-4,12,-3,13,-3,13,-2,13,-2,13,-2,13,-1,13,-1,13,-1,12,-1,12,-2,12,-2,12,-3,12,-3,12,-4,12,-5,12,-5,13,-5,13,-5,13,-5,14,-6,14,-6]"
2025-08-18 22:56:01.639029,CSI_DATA,333,1a:00:00:00:00:00,-38,11,0,0,0,0,0,0,0,0,0,-92,0,1,0,58269543,0,31,0,128,0,"[0,0,15,2,15,1,14,2,14,1,14,-3,13,2,13,0,11,-3,12,-1,13,0,11,-1,13,-2,12,-5,13,-2,12,-3,11,-3,13,-3,13,-5,11,-2,12,-3,14,-2,11,-2,11,-1,10,-2,10,0,13,1,0,0,0,0,0,0,0,0,0,0,0,0,0,0,0,0,0,0,0,0,0,0,10,-2,10,-2,11,-1,11,0,12,0,12,1,12,2,12,2,12,2,12,3,12,3,11,3,12,3,11,3,11,3,11,2,11,2,12,1,12,1,13,1,13,1,13,0,13,0,14,0,14,0,15,1]"
2025-08-18 22:56:01.855572,CSI_DATA,334,1a:00:00:00:00:00,-38,11,0,0,0,0,0,0,0,0,0,-92,0,1,0,58468538,0,31,0,128,0,"[0,0,-15,-2,-15,-1,-15,-1,-14,-1,-14,-1,-14,-1,-13,0,-14,0,-13,0,-13,2,-13,2,-12,2,-12,2,-13,3,-13,3,-13,3,-13,3,-13,3,-14,2,-13,2,-13,1,-13,1,-13,1,-12,0,-12,0,-12,-1,0,0,0,0,0,0,0,0,0,0,0,0,0,0,0,0,0,0,0,0,0,0,-11,0,-11,0,-12,-1,-12,-2,-12,-2,-13,-3,-13,-4,-13,-4,-13,-5,-13,-5,-12,-5,-12,-5,-12,-5,-12,-5,-12,-4,-12,-4,-12,-4,-12,-3,-13,-3,-13,-3,-13,-2,-14,-2,-14,-2,-15,-1,-15,-1,-15,-1]"
2025-08-18 22:56:02.045894,CSI_DATA,335,1a:00:00:00:00:00,-38,11,0,0,0,0,0,0,0,0,0,-92,0,1,0,58669489,0,31,0,128,0,"[0,0,-6,-14,-7,-14,-6,-14,-7,-13,-7,-13,-7,-12,-7,-12,-7,-12,-8,-11,-8,-11,-8,-10,-9,-10,-9,-10,-9,-10,-10,-10,-10,-10,-10,-10,-10,-10,-10,-10,-9,-10,-9,-10,-8,-11,-7,-11,-7,-11,-6,-11,-6,-11,0,0,0,0,0,0,0,0,0,0,0,0,0,0,0,0,0,0,0,0,0,0,-6,-10,-5,-11,-5,-11,-5,-12,-4,-12,-4,-13,-3,-13,-3,-14,-2,-13,-2,-14,-1,-13,-1,-13,-1,-13,-2,-13,-2,-13,-2,-13,-3,-13,-4,-13,-4,-13,-5,-13,-5,-13,-5,-13,-6,-14,-6,-14,-6,-14,-6,-14]"
2025-08-18 22:56:02.241168,CSI_DATA,336,1a:00:00:00:00:00,-38,11,0,0,0,0,0,0,0,0,0,-92,0,1,0,58870626,0,31,0,128,0,"[0,0,-6,14,-6,14,-6,13,-5,13,-5,13,-4,13,-4,13,-3,13,-3,12,-2,12,-2,12,-1,12,-1,12,-1,13,-1,12,-1,13,-1,13,-1,13,-1,13,-1,13,-2,13,-2,12,-3,12,-3,12,-4,11,-4,10,0,0,0,0,0,0,0,0,0,0,0,0,0,0,0,0,0,0,0,0,0,0,-3,10,-4,10,-5,10,-6,11,-6,11,-7,11,-7,11,-8,10,-8,11,-9,10,-9,10,-9,10,-9,10,-8,10,-8,10,-8,10,-7,10,-7,11,-7,11,-6,12,-6,12,-6,12,-6,13,-6,14,-6,14,-6,14]"
2025-08-18 22:56:02.442970,CSI_DATA,337,1a:00:00:00:00:00,-38,11,0,0,0,0,0,0,0,0,0,-92,0,1,0,59071913,0,31,0,128,0,"[0,0,5,-14,5,-14,5,-14,4,-14,4,-14,4,-13,3,-13,3,-13,2,-13,1,-13,1,-13,0,-13,0,-13,0,-13,0,-13,0,-14,0,-13,0,-14,1,-14,1,-13,2,-13,2,-13,2,-13,2,-12,3,-11,3,-11,0,0,0,0,0,0,0,0,0,0,0,0,0,0,0,0,0,0,0,0,0,0,1,-11,2,-11,3,-11,4,-12,4,-12,5,-12,6,-11,6,-12,7,-11,7,-11,7,-11,7,-11,7,-11,6,-11,7,-11,6,-11,6,-11,5,-11,5,-12,5,-12,5,-13,5,-13,4,-14,4,-14,4,-14,5,-14]"
2025-08-18 22:56:02.641393,CSI_DATA,338,1a:00:00:00:00:00,-38,11,0,0,0,0,0,0,0,0,0,-92,0,1,0,59273104,0,31,0,128,0,"[0,0,15,0,14,0,15,0,14,0,14,-1,14,-1,13,-1,13,-2,13,-2,12,-3,13,-3,12,-3,12,-4,13,-4,12,-4,13,-4,12,-4,13,-4,13,-4,13,-4,13,-3,13,-3,12,-2,12,-1,12,0,12,0,0,0,0,0,0,0,0,0,0,0,0,0,0,0,0,0,0,0,0,0,0,0,10,-2,11,-1,11,0,12,0,12,1,13,2,13,2,13,3,13,3,12,4,12,4,12,4,12,4,12,3,12,3,12,3,12,3,12,2,13,2,13,1,13,1,14,0,14,0,15,1,15,1,15,0]"
2025-08-18 22:56:02.844475,CSI_DATA,339,1a:00:00:00:00:00,-38,11,0,0,0,0,0,0,0,0,0,-92,0,1,0,59474263,0,31,0,128,0,"[0,0,13,6,13,6,12,5,13,5,12,5,12,5,12,4,12,4,12,3,12,2,12,2,12,1,12,1,12,1,12,1,12,1,13,1,13,1,13,1,13,2,12,2,12,3,12,3,11,3,11,4,10,4,0,0,0,0,0,0,0,0,0,0,0,0,0,0,0,0,0,0,0,0,0,0,10,2,10,3,10,4,10,5,10,5,10,6,10,7,10,7,10,8,10,8,9,8,9,8,9,8,9,7,9,7,9,7,10,7,10,6,10,6,11,6,11,6,12,6,12,6,13,6,13,6,13,6]"
2025-08-18 22:56:02.911621,CSI_DATA,340,1a:00:00:00:00:00,-38,11,0,0,0,0,0,0,0,0,0,-92,0,1,0,59534787,0,42,0,128,0,"[0,0,-11,-11,-11,-11,-11,-11,-11,-10,-11,-10,-11,-9,-11,-9,-11,-8,-11,-8,-11,-7,-11,-7,-11,-7,-12,-6,-12,-6,-12,-6,-12,-6,-12,-6,-12,-6,-13,-7,-12,-7,-12,-7,-11,-8,-11,-8,-10,-8,-9,-8,-9,-9,0,0,0,0,0,0,0,0,0,0,0,0,0,0,0,0,0,0,0,0,0,0,-9,-6,-9,-7,-9,-8,-9,-9,-9,-9,-9,-10,-8,-11,-8,-11,-7,-11,-7,-11,-7,-12,-7,-11,-7,-11,-7,-11,-7,-11,-7,-11,-8,-11,-8,-10,-9,-11,-9,-10,-10,-10,-10,-10,-11,-10,-11,-10,-11,-11,-11,-10]"
2025-08-18 22:56:02.977338,CSI_DATA,341,1a:00:00:00:00:00,-38,11,0,0,0,0,0,0,0,0,0,-92,0,1,0,59604518,0,31,0,128,0,"[0,0,-16,2,-15,2,-15,2,-14,2,-14,3,-14,2,-14,2,-13,3,-13,3,-12,4,-12,5,-12,5,-12,5,-12,6,-12,6,-12,6,-12,6,-13,6,-13,5,-13,5,-13,4,-13,4,-12,3,-12,3,-12,2,-12,2,0,0,0,0,0,0,0,0,0,0,0,0,0,0,0,0,0,0,0,0,0,0,-11,3,-11,2,-12,2,-12,1,-13,1,-13,0,-14,-1,-14,-1,-13,-2,-13,-2,-13,-2,-13,-2,-13,-2,-13,-2,-13,-1,-13,-1,-13,-1,-13,0,-14,0,-14,0,-14,1,-14,1,-14,2,-15,2,-15,2,-15,2]"
2025-08-18 22:56:03.178543,CSI_DATA,342,1a:00:00:00:00:00,-38,11,0,0,0,0,0,0,0,0,0,-92,0,1,0,59805926,0,31,0,128,0,"[0,0,9,-11,11,-14,8,-14,9,-12,5,-13,7,-12,6,-13,6,-13,5,-13,5,-12,7,-10,4,-13,4,-14,2,-16,2,-14,3,-13,3,-14,6,-14,4,-13,5,-14,7,-14,6,-12,7,-12,7,-12,7,-11,7,-10,0,0,0,0,0,0,0,0,0,0,0,0,0,0,0,0,0,0,0,0,0,0,2,-11,3,-12,4,-12,5,-12,6,-12,7,-12,8,-11,8,-11,9,-11,9,-10,9,-10,9,-10,9,-10,9,-10,8,-10,8,-10,8,-11,8,-11,7,-11,7,-12,8,-12,8,-13,8,-14,7,-14,7,-15,7,-13]"
2025-08-18 22:56:03.375589,CSI_DATA,343,1a:00:00:00:00:00,-38,11,0,0,0,0,0,0,0,0,0,-92,0,1,0,60004352,0,31,0,128,0,"[0,0,-15,2,-15,3,-15,2,-14,3,-14,3,-14,3,-13,3,-13,4,-13,4,-12,5,-12,5,-12,5,-11,6,-11,6,-12,6,-11,6,-12,7,-12,6,-12,6,-12,6,-13,5,-12,5,-13,4,-12,4,-12,3,-12,2,0,0,0,0,0,0,0,0,0,0,0,0,0,0,0,0,0,0,0,0,0,0,-11,3,-11,2,-12,2,-12,1,-13,1,-13,0,-14,0,-14,-1,-14,-2,-14,-2,-14,-2,-14,-2,-13,-2,-13,-2,-13,-1,-13,-1,-13,0,-14,0,-14,0,-14,1,-14,1,-15,2,-15,2,-15,2,-15,2,-15,3]"
2025-08-18 22:56:03.777779,CSI_DATA,344,1a:00:00:00:00:00,-38,11,0,0,0,0,0,0,0,0,0,-92,0,1,0,60205368,0,31,0,128,0,"[0,0,-11,-11,-11,-11,-11,-11,-11,-10,-11,-10,-11,-9,-11,-9,-11,-8,-11,-8,-11,-7,-12,-6,-12,-6,-12,-6,-12,-6,-12,-6,-13,-6,-13,-6,-13,-6,-13,-6,-12,-7,-12,-7,-12,-7,-11,-8,-10,-7,-10,-8,-9,-8,0,0,0,0,0,0,0,0,0,0,0,0,0,0,0,0,0,0,0,0,0,0,-10,-6,-10,-7,-9,-8,-9,-9,-9,-9,-9,-10,-8,-11,-8,-11,-8,-12,-8,-11,-7,-11,-7,-11,-7,-11,-7,-11,-7,-11,-8,-11,-8,-11,-9,-10,-9,-10,-9,-10,-10,-10,-10,-11,-11,-10,-11,-10,-12,-10,-12,-10]"
2025-08-18 22:56:03.784248,CSI_DATA,345,1a:00:00:00:00:00,-38,11,0,0,0,0,0,0,0,0,0,-92,0,1,0,60407289,0,31,0,128,0,"[0,0,13,-8,12,-8,12,-8,12,-8,11,-8,11,-8,11,-9,10,-9,10,-9,9,-9,9,-10,8,-10,8,-10,8,-10,8,-10,8,-11,8,-11,9,-11,9,-11,9,-10,9,-10,10,-9,10,-8,10,-8,10,-7,10,-6,0,0,0,0,0,0,0,0,0,0,0,0,0,0,0,0,0,0,0,0,0,0,7,-8,8,-8,9,-7,10,-7,10,-7,11,-6,12,-6,12,-5,12,-5,12,-4,12,-4,12,-4,12,-4,12,-4,12,-5,11,-4,11,-5,11,-6,11,-6,12,-7,11,-7,12,-7,12,-8,12,-8,12,-8,12,-9]"
2025-08-18 22:56:03.976123,CSI_DATA,346,1a:00:00:00:00:00,-38,11,0,0,0,0,0,0,0,0,0,-92,0,1,0,60607747,0,31,0,128,0,"[0,0,-2,15,-1,14,-1,14,-1,14,0,14,0,13,0,13,1,13,1,12,1,12,2,12,3,12,3,12,3,12,3,12,3,12,3,12,3,12,3,13,2,13,2,12,1,12,1,12,0,12,0,11,-1,11,0,0,0,0,0,0,0,0,0,0,0,0,0,0,0,0,0,0,0,0,0,0,1,10,0,11,0,11,-1,11,-2,12,-2,12,-3,12,-4,12,-4,12,-5,12,-5,12,-5,12,-4,12,-4,12,-4,11,-4,12,-3,12,-3,12,-2,12,-2,13,-2,13,-2,13,-1,14,-1,14,-1,14,-1,14]"
2025-08-18 22:56:04.181149,CSI_DATA,347,1a:00:00:00:00:00,-38,11,0,0,0,0,0,0,0,0,0,-92,0,1,0,60809192,0,31,0,128,0,"[0,0,3,-15,3,-15,3,-15,3,-14,3,-15,2,-14,2,-14,1,-14,1,-13,0,-13,0,-13,-1,-13,-1,-14,-2,-14,-2,-13,-2,-14,-1,-14,-2,-14,-1,-14,-1,-14,0,-14,0,-14,1,-13,1,-13,2,-12,2,-12,0,0,0,0,0,0,0,0,0,0,0,0,0,0,0,0,0,0,0,0,0,0,1,-11,1,-12,2,-12,3,-12,3,-12,4,-13,5,-12,5,-12,6,-12,6,-12,6,-12,6,-11,6,-12,6,-11,6,-12,5,-11,5,-12,4,-12,4,-13,4,-13,4,-13,4,-14,3,-14,3,-15,3,-15,3,-15]"
2025-08-18 22:56:04.381151,CSI_DATA,348,1a:00:00:00:00:00,-38,11,0,0,0,0,0,0,0,0,0,-92,0,1,0,61010081,0,31,0,128,0,"[0,0,-14,6,-14,6,-13,6,-13,6,-13,6,-13,6,-12,6,-11,7,-11,7,-11,7,-10,8,-10,8,-10,8,-10,8,-10,9,-10,9,-10,9,-10,9,-11,9,-11,8,-11,8,-11,7,-11,7,-11,6,-11,5,-11,4,0,0,0,0,0,0,0,0,0,0,0,0,0,0,0,0,0,0,0,0,0,0,-9,6,-10,5,-11,5,-11,4,-12,4,-12,4,-13,3,-13,3,-13,2,-13,2,-13,2,-13,1,-13,1,-13,2,-13,2,-13,2,-13,3,-13,3,-13,4,-13,4,-13,4,-13,5,-13,6,-14,6,-14,6,-14,6]"
2025-08-18 22:56:04.434601,CSI_DATA,349,1a:00:00:00:00:00,-38,11,0,0,0,0,0,0,0,0,0,-92,0,1,0,61070517,0,42,0,128,0,"[0,0,5,13,5,12,5,13,5,12,6,12,5,12,6,11,6,11,6,10,7,9,7,9,7,9,8,9,8,9,8,9,8,9,8,9,9,10,8,10,7,10,7,10,6,10,6,10,5,10,5,10,4,10,0,0,0,0,0,0,0,0,0,0,0,0,0,0,0,0,0,0,0,0,0,0,6,8,5,9,5,9,5,10,4,10,4,11,3,12,3,12,2,12,2,12,2,12,2,12,2,12,2,12,2,12,2,11,3,12,3,11,4,12,4,12,4,12,4,12,5,12,6,13,6,13,6,13]"
2025-08-18 22:56:04.512497,CSI_DATA,350,1a:00:00:00:00:00,-38,11,0,0,0,0,0,0,0,0,0,-92,0,1,0,61140484,0,31,0,128,0,"[0,0,-15,2,-15,2,-15,2,-14,2,-14,3,-14,3,-13,3,-13,3,-13,4,-12,4,-12,5,-12,5,-11,6,-12,6,-12,6,-12,6,-12,6,-12,6,-12,6,-12,5,-12,5,-12,5,-12,4,-12,3,-12,3,-12,2,0,0,0,0,0,0,0,0,0,0,0,0,0,0,0,0,0,0,0,0,0,0,-11,2,-11,2,-12,1,-12,1,-13,0,-13,-1,-13,-1,-14,-2,-14,-2,-13,-2,-13,-2,-13,-3,-13,-2,-13,-2,-13,-2,-13,-1,-13,-1,-13,0,-13,0,-14,0,-14,1,-14,1,-14,1,-15,2,-15,2,-15,2]"
2025-08-18 22:56:04.707947,CSI_DATA,351,1a:00:00:00:00:00,-38,11,0,0,0,0,0,0,0,0,0,-92,0,1,0,61343122,0,31,0,128,0,"[0,0,3,12,4,10,4,12,3,14,7,14,3,12,5,13,4,10,5,12,6,9,8,12,6,9,6,11,4,12,5,10,6,10,7,10,5,10,7,11,6,11,5,12,6,11,3,10,3,10,3,9,3,9,0,0,0,0,0,0,0,0,0,0,0,0,0,0,0,0,0,0,0,0,0,0,4,9,4,10,3,10,3,11,2,11,2,12,1,12,0,13,0,13,0,12,0,13,-1,12,0,12,0,12,0,12,0,12,1,12,1,12,2,12,2,13,2,13,3,13,3,14,3,14,3,13,3,14]"
2025-08-18 22:56:04.922973,CSI_DATA,352,1a:00:00:00:00:00,-38,11,0,0,0,0,0,0,0,0,0,-92,0,1,0,61542334,0,31,0,128,0,"[0,0,15,0,14,-1,14,-1,14,-1,14,-1,13,-1,13,-2,13,-2,12,-3,12,-3,12,-3,12,-4,12,-4,12,-5,12,-5,12,-5,12,-4,12,-5,13,-4,13,-4,13,-4,12,-3,12,-2,12,-1,11,-1,11,0,0,0,0,0,0,0,0,0,0,0,0,0,0,0,0,0,0,0,0,0,0,0,10,-3,11,-2,11,-1,11,-1,12,0,12,1,12,1,12,1,12,2,12,2,12,3,12,3,12,3,12,3,12,2,12,2,12,2,12,1,13,1,13,0,13,0,13,0,14,0,14,0,14,0,15,-1]"
2025-08-18 22:56:05.118059,CSI_DATA,353,1a:00:00:00:00:00,-38,11,0,0,0,0,0,0,0,0,0,-92,0,1,0,61742180,0,31,0,128,0,"[0,0,-12,-10,-12,-9,-12,-9,-12,-9,-12,-9,-12,-9,-12,-8,-12,-8,-12,-7,-12,-6,-12,-5,-12,-5,-12,-5,-12,-5,-13,-5,-13,-5,-13,-5,-13,-5,-13,-6,-12,-6,-12,-6,-12,-7,-11,-7,-11,-7,-10,-7,-10,-8,0,0,0,0,0,0,0,0,0,0,0,0,0,0,0,0,0,0,0,0,0,0,-10,-5,-10,-6,-10,-7,-10,-7,-10,-8,-10,-9,-10,-10,-10,-10,-9,-10,-9,-10,-9,-10,-9,-10,-9,-10,-9,-10,-9,-10,-9,-10,-9,-10,-10,-9,-10,-9,-11,-9,-11,-9,-11,-10,-12,-9,-12,-9,-13,-9,-13,-9]"
2025-08-18 22:56:05.308979,CSI_DATA,354,1a:00:00:00:00:00,-38,11,0,0,0,0,0,0,0,0,0,-92,0,1,0,61943291,0,31,0,128,0,"[0,0,5,14,4,13,4,14,5,13,5,13,5,13,5,12,5,11,6,11,6,11,7,10,7,10,7,10,7,10,8,9,8,10,8,10,8,10,8,11,7,11,6,11,6,11,5,11,5,11,4,10,3,11,0,0,0,0,0,0,0,0,0,0,0,0,0,0,0,0,0,0,0,0,0,0,5,9,4,10,4,10,4,11,3,12,2,12,2,13,1,13,1,13,1,13,1,13,0,13,1,13,1,13,1,12,1,12,2,12,2,12,3,12,3,13,3,13,4,13,4,13,5,13,5,14,5,14]"
2025-08-18 22:56:05.436785,CSI_DATA,355,1a:00:00:00:00:00,-38,11,0,0,0,0,0,0,0,0,0,-92,0,1,0,62064570,0,28,0,128,0,"[0,0,1,-15,1,-15,1,-15,1,-14,1,-15,0,-14,0,-14,-1,-14,-1,-13,-2,-13,-2,-13,-2,-13,-3,-13,-3,-13,-3,-13,-3,-13,-3,-13,-3,-14,-3,-14,-2,-14,-2,-13,-1,-13,-1,-13,0,-13,0,-12,1,-12,0,0,0,0,0,0,0,0,0,0,0,0,0,0,0,0,0,0,0,0,0,0,-1,-11,0,-11,1,-12,1,-12,2,-12,3,-13,3,-13,4,-13,4,-13,5,-12,5,-12,5,-12,5,-12,5,-12,4,-12,4,-12,4,-13,3,-13,3,-13,2,-14,2,-14,1,-14,1,-15,2,-15,2,-15,1,-15]"
2025-08-18 22:56:05.520170,CSI_DATA,356,1a:00:00:00:00:00,-38,11,0,0,0,0,0,0,0,0,0,-92,0,1,0,62144732,0,31,0,128,0,"[0,0,-13,-9,-13,-9,-13,-9,-13,-8,-13,-8,-13,-7,-13,-7,-13,-6,-12,-6,-13,-5,-13,-5,-13,-5,-13,-5,-13,-4,-14,-4,-13,-4,-14,-4,-14,-4,-14,-4,-14,-5,-13,-5,-13,-6,-12,-6,-11,-7,-11,-7,-10,-7,0,0,0,0,0,0,0,0,0,0,0,0,0,0,0,0,0,0,0,0,0,0,-10,-5,-10,-6,-11,-6,-10,-7,-11,-8,-10,-9,-10,-9,-10,-9,-10,-10,-9,-11,-9,-11,-9,-11,-9,-10,-9,-10,-9,-10,-9,-10,-10,-9,-10,-9,-11,-9,-11,-8,-12,-8,-12,-8,-13,-9,-13,-9,-13,-9,-13,-9]"
2025-08-18 22:56:05.715889,CSI_DATA,357,1a:00:00:00:00:00,-38,11,0,0,0,0,0,0,0,0,0,-92,0,1,0,62345655,0,31,0,128,0,"[0,0,-14,5,-14,5,-14,5,-13,5,-13,6,-12,6,-12,6,-12,6,-11,6,-11,6,-11,7,-10,7,-10,8,-10,8,-10,8,-10,8,-10,8,-10,8,-11,8,-11,7,-11,7,-11,7,-11,6,-11,5,-11,5,-11,4,0,0,0,0,0,0,0,0,0,0,0,0,0,0,0,0,0,0,0,0,0,0,-9,5,-10,5,-11,4,-12,4,-12,3,-13,3,-13,2,-13,2,-13,2,-13,1,-13,1,-13,1,-13,1,-13,1,-13,2,-12,2,-13,2,-12,3,-13,3,-13,4,-13,4,-13,4,-13,5,-14,5,-14,5,-14,5]"
2025-08-18 22:56:05.923284,CSI_DATA,358,1a:00:00:00:00:00,-38,11,0,0,0,0,0,0,0,0,0,-92,0,1,0,62546999,0,31,0,128,0,"[0,0,-12,-10,-12,-9,-12,-9,-12,-9,-12,-8,-12,-8,-12,-8,-12,-7,-12,-7,-12,-6,-12,-5,-12,-5,-12,-5,-12,-5,-13,-4,-13,-4,-13,-4,-13,-5,-13,-5,-13,-6,-12,-6,-12,-6,-11,-6,-11,-7,-10,-7,-10,-7,0,0,0,0,0,0,0,0,0,0,0,0,0,0,0,0,0,0,0,0,0,0,-10,-5,-10,-6,-10,-7,-10,-8,-10,-8,-10,-9,-9,-10,-9,-10,-9,-11,-9,-11,-9,-11,-8,-11,-9,-10,-9,-10,-8,-10,-8,-10,-9,-10,-10,-9,-10,-9,-10,-9,-11,-9,-11,-9,-12,-9,-12,-9,-12,-9,-13,-9]"
2025-08-18 22:56:05.978538,CSI_DATA,359,1a:00:00:00:00:00,-38,11,0,0,0,0,0,0,0,0,0,-92,0,1,0,62607427,0,42,0,128,0,"[0,0,-12,10,-11,10,-11,10,-11,10,-10,10,-10,10,-10,10,-9,10,-8,10,-7,10,-7,11,-6,11,-7,11,-6,12,-6,11,-6,12,-6,12,-7,12,-7,12,-7,12,-7,11,-8,11,-8,10,-8,10,-8,9,-9,8,0,0,0,0,0,0,0,0,0,0,0,0,0,0,0,0,0,0,0,0,0,0,-7,8,-8,8,-9,8,-10,7,-10,7,-11,7,-12,7,-12,6,-12,6,-12,6,-12,6,-13,5,-12,5,-12,6,-12,6,-12,6,-12,6,-11,7,-11,8,-11,8,-11,8,-11,9,-11,9,-11,10,-12,10,-11,10]"
2025-08-18 22:56:06.049955,CSI_DATA,360,1a:00:00:00:00:00,-38,11,0,0,0,0,0,0,0,0,0,-92,0,1,0,62676499,0,31,0,128,0,"[0,0,-16,-1,-15,-1,-15,-1,-15,-1,-15,0,-14,0,-14,0,-14,1,-13,1,-13,2,-13,2,-13,3,-13,3,-13,3,-13,3,-13,4,-13,3,-13,4,-14,3,-14,3,-14,2,-13,1,-13,1,-13,0,-13,0,-12,-1,0,0,0,0,0,0,0,0,0,0,0,0,0,0,0,0,0,0,0,0,0,0,-11,1,-12,0,-12,-1,-13,-2,-13,-2,-13,-2,-13,-4,-13,-4,-13,-4,-13,-4,-13,-5,-13,-5,-13,-5,-13,-4,-13,-4,-12,-4,-13,-4,-13,-3,-14,-3,-14,-2,-14,-2,-14,-2,-15,-1,-15,-1,-15,-1,-15,-1]"
2025-08-18 22:56:06.247400,CSI_DATA,361,1a:00:00:00:00:00,-38,11,0,0,0,0,0,0,0,0,0,-92,0,1,0,62877915,0,31,0,128,0,"[0,0,11,-10,12,-11,10,-12,8,-10,8,-14,8,-10,7,-11,8,-10,6,-11,7,-11,9,-11,5,-12,5,-13,6,-15,5,-13,5,-13,6,-12,3,-11,7,-12,6,-11,7,-14,7,-10,7,-11,7,-11,7,-9,7,-9,0,0,0,0,0,0,0,0,0,0,0,0,0,0,0,0,0,0,0,0,0,0,4,-10,5,-10,5,-10,6,-10,7,-9,8,-10,9,-9,9,-9,9,-8,9,-8,9,-8,9,-8,9,-8,9,-8,9,-8,9,-8,9,-9,8,-9,9,-10,9,-10,9,-10,9,-10,8,-10,8,-11,8,-11,9,-11]"
2025-08-18 22:56:06.448828,CSI_DATA,362,1a:00:00:00:00:00,-38,11,0,0,0,0,0,0,0,0,0,-92,0,1,0,63076593,0,31,0,128,0,"[0,0,14,-5,13,-6,13,-5,13,-5,12,-6,12,-6,11,-6,11,-6,11,-7,10,-7,10,-7,10,-8,10,-8,9,-8,10,-9,10,-9,10,-9,10,-9,10,-9,11,-8,11,-8,10,-7,11,-6,11,-6,11,-5,10,-4,0,0,0,0,0,0,0,0,0,0,0,0,0,0,0,0,0,0,0,0,0,0,9,-6,10,-5,10,-5,11,-4,11,-4,12,-3,12,-3,12,-2,13,-2,13,-1,12,-1,12,-1,12,-1,12,-1,12,-2,12,-2,12,-3,12,-3,12,-3,12,-4,12,-5,13,-5,13,-5,13,-5,14,-5,14,-5]"
2025-08-18 22:56:06.644123,CSI_DATA,363,1a:00:00:00:00:00,-38,11,0,0,0,0,0,0,0,0,0,-92,0,1,0,63277467,0,31,0,128,0,"[0,0,0,15,0,15,0,14,0,15,1,14,1,13,1,13,2,13,2,13,3,12,3,12,4,12,4,12,4,12,4,12,4,12,5,13,4,12,4,13,4,13,3,13,2,13,2,13,1,12,0,12,0,11,0,0,0,0,0,0,0,0,0,0,0,0,0,0,0,0,0,0,0,0,0,0,2,10,1,11,0,12,0,12,-1,13,-1,12,-2,13,-2,13,-3,13,-3,13,-4,13,-4,13,-4,12,-3,12,-3,12,-3,12,-2,12,-2,13,-1,13,-1,13,-1,14,0,14,0,14,0,15,0,15,0,15]"
2025-08-18 22:56:06.848301,CSI_DATA,364,1a:00:00:00:00:00,-38,11,0,0,0,0,0,0,0,0,0,-92,0,1,0,63478704,0,31,0,128,0,"[0,0,8,-13,7,-13,7,-13,7,-12,7,-13,6,-12,6,-12,5,-12,5,-12,4,-12,4,-12,4,-12,3,-13,3,-13,3,-13,3,-13,3,-13,3,-14,3,-14,4,-13,4,-13,5,-13,5,-12,5,-11,6,-11,6,-10,0,0,0,0,0,0,0,0,0,0,0,0,0,0,0,0,0,0,0,0,0,0,4,-10,5,-10,5,-10,6,-10,7,-10,8,-10,8,-10,8,-10,9,-10,9,-9,9,-9,9,-8,9,-9,9,-9,9,-9,8,-9,8,-10,8,-10,8,-11,8,-11,7,-11,7,-12,7,-12,8,-13,8,-13,8,-13]"
2025-08-18 22:56:07.044325,CSI_DATA,365,1a:00:00:00:00:00,-38,11,0,0,0,0,0,0,0,0,0,-92,0,1,0,63680050,0,31,0,128,0,"[0,0,7,13,7,12,7,12,7,11,8,11,7,11,8,10,8,10,8,9,8,9,9,8,9,8,9,8,9,8,10,7,10,8,10,8,10,8,10,8,10,8,9,9,8,9,8,9,7,9,7,9,6,9,0,0,0,0,0,0,0,0,0,0,0,0,0,0,0,0,0,0,0,0,0,0,7,8,6,9,6,9,5,10,5,10,5,11,4,12,4,12,3,12,3,12,3,12,3,12,3,12,3,11,4,12,4,11,4,11,5,11,5,11,6,11,6,12,6,11,7,12,7,12,7,12,8,12]"
2025-08-18 22:56:07.252684,CSI_DATA,366,1a:00:00:00:00:00,-38,11,0,0,0,0,0,0,0,0,0,-92,0,1,0,63881125,0,31,0,128,0,"[0,0,-16,3,-15,2,-15,2,-14,3,-15,3,-14,3,-14,3,-13,4,-13,4,-12,5,-12,5,-12,6,-12,6,-12,7,-12,6,-12,7,-12,7,-12,7,-13,6,-13,6,-13,5,-13,5,-13,4,-12,4,-12,3,-12,2,0,0,0,0,0,0,0,0,0,0,0,0,0,0,0,0,0,0,0,0,0,0,-11,3,-12,3,-12,2,-13,2,-13,1,-14,1,-14,0,-14,-1,-14,-1,-14,-1,-14,-1,-14,-2,-14,-2,-13,-1,-14,-1,-13,-1,-14,0,-13,1,-14,1,-14,1,-14,2,-15,2,-15,2,-15,3,-15,3,-16,3]"
2025-08-18 22:56:07.452380,CSI_DATA,367,1a:00:00:00:00:00,-38,11,0,0,0,0,0,0,0,0,0,-92,0,1,0,64082244,0,31,0,128,0,"[0,0,-7,13,-6,13,-6,13,-6,13,-6,13,-5,12,-5,12,-4,12,-4,12,-3,12,-3,12,-2,12,-2,12,-2,12,-1,13,-2,13,-2,13,-2,13,-2,13,-3,13,-3,13,-3,12,-4,12,-4,11,-5,11,-5,10,0,0,0,0,0,0,0,0,0,0,0,0,0,0,0,0,0,0,0,0,0,0,-3,10,-4,10,-5,10,-5,10,-6,11,-7,11,-7,11,-8,10,-8,10,-9,10,-9,10,-9,9,-9,9,-8,9,-8,10,-8,10,-8,10,-7,10,-7,11,-7,11,-6,12,-6,12,-6,12,-6,13,-7,13,-6,13]"
2025-08-18 22:56:07.512798,CSI_DATA,368,1a:00:00:00:00:00,-38,11,0,0,0,0,0,0,0,0,0,-92,0,1,0,64142738,0,42,0,128,0,"[0,0,8,-13,7,-13,7,-13,7,-13,6,-13,6,-13,5,-13,5,-13,4,-13,3,-13,3,-13,3,-13,2,-13,2,-13,2,-13,2,-14,2,-14,2,-14,3,-14,3,-14,4,-13,4,-13,4,-12,4,-12,5,-11,6,-11,0,0,0,0,0,0,0,0,0,0,0,0,0,0,0,0,0,0,0,0,0,0,4,-10,4,-10,5,-10,6,-10,6,-10,8,-10,8,-10,9,-10,9,-10,9,-9,9,-9,9,-9,9,-9,9,-9,9,-9,8,-9,8,-10,7,-10,7,-11,7,-11,7,-12,7,-12,7,-12,7,-13,7,-13,7,-14]"
2025-08-18 22:56:07.587692,CSI_DATA,369,1a:00:00:00:00:00,-38,11,0,0,0,0,0,0,0,0,0,-92,0,1,0,64212464,0,31,0,128,0,"[0,0,-4,-15,-3,-15,-5,-15,-7,-13,-4,-12,-7,-14,-5,-12,-8,-14,-6,-11,-7,-12,-5,-12,-8,-12,-8,-11,-7,-9,-8,-9,-9,-10,-9,-12,-8,-10,-8,-12,-8,-12,-6,-13,-8,-13,-5,-11,-5,-10,-4,-10,-4,-11,0,0,0,0,0,0,0,0,0,0,0,0,0,0,0,0,0,0,0,0,0,0,-6,-9,-6,-10,-6,-11,-5,-12,-5,-12,-4,-13,-4,-13,-3,-13,-3,-13,-2,-13,-2,-13,-2,-13,-2,-13,-2,-13,-2,-13,-3,-13,-3,-13,-3,-12,-4,-13,-5,-13,-5,-13,-6,-13,-6,-13,-6,-14,-6,-14,-6,-15]"
2025-08-18 22:56:07.793833,CSI_DATA,370,1a:00:00:00:00:00,-37,11,0,0,0,0,0,0,0,0,0,-92,0,1,0,64417248,0,31,0,128,0,"[0,0,-10,-15,-10,-14,-10,-12,-11,-13,-7,-15,-11,-10,-10,-14,-12,-8,-8,-8,-11,-11,-9,-11,-10,-7,-9,-8,-10,-9,-10,-8,-11,-9,-11,-11,-10,-9,-11,-10,-8,-11,-8,-12,-10,-12,-8,-12,-9,-9,-9,-13,-8,-10,0,0,0,0,0,0,0,0,0,0,0,0,0,0,0,0,0,0,0,0,0,0,-8,-7,-8,-8,-8,-9,-8,-10,-8,-10,-7,-11,-7,-12,-7,-13,-6,-13,-6,-13,-6,-13,-5,-13,-5,-13,-5,-12,-5,-12,-6,-12,-5,-12,-7,-12,-7,-12,-8,-13,-9,-11,-8,-12,-9,-14,-9,-12,-9,-12,-9,-12]"
2025-08-18 22:56:07.989092,CSI_DATA,371,1a:00:00:00:00:00,-38,11,0,0,0,0,0,0,0,0,0,-92,0,1,0,64612819,0,31,0,128,0,"[0,0,-10,-11,-10,-12,-10,-11,-10,-11,-10,-11,-10,-10,-10,-10,-10,-9,-11,-9,-11,-8,-11,-8,-11,-7,-11,-7,-11,-7,-12,-6,-12,-6,-12,-7,-12,-7,-12,-7,-12,-7,-12,-8,-11,-8,-11,-8,-10,-9,-9,-9,-9,-9,0,0,0,0,0,0,0,0,0,0,0,0,0,0,0,0,0,0,0,0,0,0,-9,-8,-8,-8,-8,-9,-8,-10,-8,-11,-7,-11,-7,-12,-6,-12,-6,-13,-6,-13,-5,-13,-5,-12,-5,-12,-5,-12,-6,-12,-6,-12,-6,-11,-7,-12,-8,-11,-8,-11,-8,-12,-9,-11,-9,-12,-10,-12,-10,-12,-10,-12]"
2025-08-18 22:56:08.319225,CSI_DATA,372,1a:00:00:00:00:00,-39,11,0,0,0,0,0,0,0,0,0,-92,0,1,0,64814152,0,31,0,128,0,"[0,0,13,-7,12,-7,12,-7,12,-8,12,-8,11,-8,10,-8,10,-8,10,-8,9,-9,9,-9,8,-10,8,-10,8,-10,8,-10,8,-11,8,-11,9,-11,9,-11,9,-10,9,-10,9,-9,10,-9,10,-8,10,-7,10,-7,0,0,0,0,0,0,0,0,0,0,0,0,0,0,0,0,0,0,0,0,0,0,8,-7,9,-6,10,-6,10,-5,11,-5,12,-4,12,-4,12,-4,12,-3,12,-3,12,-2,12,-2,12,-3,12,-3,12,-3,11,-3,11,-4,11,-4,12,-5,12,-6,12,-6,12,-6,12,-7,12,-7,13,-7,13,-7]"
2025-08-18 22:56:08.383582,CSI_DATA,373,1a:00:00:00:00:00,-38,11,0,0,0,0,0,0,0,0,0,-92,0,1,0,65015225,0,31,0,128,0,"[0,0,14,0,14,0,13,0,13,-1,13,-1,13,-1,12,-2,12,-2,12,-3,12,-3,11,-3,11,-4,11,-4,11,-5,11,-5,12,-5,12,-5,12,-5,12,-4,12,-4,12,-4,12,-3,12,-2,12,-2,11,-1,11,0,0,0,0,0,0,0,0,0,0,0,0,0,0,0,0,0,0,0,0,0,0,0,10,-2,10,-1,11,0,11,0,11,1,12,2,12,2,12,3,12,3,11,3,11,4,11,4,11,4,11,3,11,3,11,3,11,2,11,2,12,1,12,1,12,1,13,0,13,0,13,0,14,0,14,0]"
2025-08-18 22:56:08.586353,CSI_DATA,374,1a:00:00:00:00:00,-38,11,0,0,0,0,0,0,0,0,0,-92,0,1,0,65216362,0,31,0,128,0,"[0,0,-13,7,-13,7,-13,7,-12,7,-12,8,-11,7,-11,8,-10,8,-10,8,-9,8,-9,8,-9,9,-9,9,-8,9,-8,10,-9,10,-9,10,-9,10,-10,10,-10,9,-10,9,-10,8,-10,8,-10,7,-10,6,-11,6,0,0,0,0,0,0,0,0,0,0,0,0,0,0,0,0,0,0,0,0,0,0,-8,7,-9,6,-10,6,-11,6,-11,5,-12,5,-12,4,-13,4,-13,4,-13,3,-13,3,-13,3,-13,3,-12,3,-13,4,-12,4,-12,4,-12,4,-12,5,-12,6,-12,6,-12,6,-12,7,-12,7,-13,7,-13,8]"
2025-08-18 22:56:08.792439,CSI_DATA,375,1a:00:00:00:00:00,-38,11,0,0,0,0,0,0,0,0,0,-92,0,1,0,65417505,0,31,0,128,0,"[0,0,-2,-15,-3,-15,-2,-15,-2,-14,-3,-14,-3,-14,-3,-14,-4,-13,-4,-13,-5,-12,-5,-12,-6,-12,-6,-12,-6,-12,-6,-12,-6,-12,-6,-12,-6,-12,-6,-13,-6,-13,-5,-13,-4,-13,-4,-13,-3,-12,-3,-12,-2,-12,0,0,0,0,0,0,0,0,0,0,0,0,0,0,0,0,0,0,0,0,0,0,-3,-11,-3,-11,-2,-12,-2,-12,-1,-12,-1,-13,0,-13,0,-13,1,-13,1,-13,1,-13,2,-13,2,-13,1,-13,1,-13,1,-13,0,-13,0,-13,-1,-13,-1,-14,-2,-14,-2,-14,-2,-14,-2,-15,-2,-15,-2,-15]"
2025-08-18 22:56:09.049986,CSI_DATA,376,1a:00:00:00:00:00,-39,11,0,0,0,0,0,0,0,0,0,-92,0,1,0,65618763,0,31,0,128,0,"[0,0,14,-5,14,-5,14,-5,13,-5,13,-5,12,-6,12,-6,12,-6,11,-6,11,-7,11,-7,10,-8,10,-8,10,-9,10,-9,10,-9,10,-9,11,-9,11,-9,11,-9,11,-8,11,-7,11,-7,11,-6,11,-5,11,-5,0,0,0,0,0,0,0,0,0,0,0,0,0,0,0,0,0,0,0,0,0,0,10,-5,10,-5,11,-4,11,-3,12,-3,13,-2,13,-2,13,-2,13,-1,13,0,13,0,13,0,13,0,12,0,12,-1,12,-1,12,-2,12,-2,13,-3,13,-4,13,-4,13,-4,13,-4,14,-5,14,-5,14,-5]"
2025-08-18 22:56:09.055245,CSI_DATA,377,1a:00:00:00:00:00,-39,11,0,0,0,0,0,0,0,0,0,-92,0,1,0,65679181,0,42,0,128,0,"[0,0,5,-14,5,-14,5,-14,5,-14,4,-14,4,-13,4,-13,3,-13,2,-13,2,-13,1,-13,1,-13,1,-13,0,-13,0,-14,0,-14,0,-14,1,-14,1,-14,1,-14,2,-14,2,-13,3,-13,3,-13,4,-12,4,-11,0,0,0,0,0,0,0,0,0,0,0,0,0,0,0,0,0,0,0,0,0,0,2,-11,3,-11,4,-11,4,-12,5,-12,6,-12,6,-12,7,-12,7,-11,7,-11,8,-11,8,-10,8,-10,7,-11,7,-10,7,-11,6,-11,6,-12,6,-12,6,-12,5,-13,5,-13,5,-13,5,-14,5,-14,5,-14]"
2025-08-18 22:56:09.120390,CSI_DATA,378,1a:00:00:00:00:00,-39,11,0,0,0,0,0,0,0,0,0,-92,0,1,0,65750262,0,31,0,128,0,"[0,0,-10,11,-10,11,-10,11,-9,11,-9,11,-8,11,-8,11,-7,11,-7,11,-6,11,-6,11,-5,11,-5,11,-5,12,-5,12,-5,12,-5,12,-5,12,-6,12,-6,12,-7,12,-7,11,-7,11,-7,10,-8,9,-8,8,0,0,0,0,0,0,0,0,0,0,0,0,0,0,0,0,0,0,0,0,0,0,-6,9,-7,9,-7,9,-8,9,-9,9,-10,8,-10,8,-11,8,-11,7,-11,7,-11,7,-11,7,-11,7,-11,7,-10,7,-10,7,-10,8,-10,8,-10,9,-10,9,-10,9,-10,10,-9,10,-9,11,-10,11,-10,11]"
2025-08-18 22:56:09.322510,CSI_DATA,379,1a:00:00:00:00:00,-38,11,0,0,0,0,0,0,0,0,0,-92,0,1,0,65953269,0,31,0,128,0,"[0,0,14,-1,14,-1,14,-1,14,-1,13,-2,13,-2,13,-2,12,-3,12,-3,12,-4,12,-4,11,-5,11,-5,11,-6,11,-6,12,-6,12,-6,12,-6,12,-5,12,-5,12,-5,12,-4,12,-3,11,-3,11,-2,11,-1,0,0,0,0,0,0,0,0,0,0,0,0,0,0,0,0,0,0,0,0,0,0,10,-3,10,-2,11,-1,11,-1,12,0,12,1,12,1,12,2,12,2,12,3,12,3,12,3,12,3,12,2,12,2,11,2,12,1,12,1,12,0,13,0,13,0,13,-1,13,-1,14,-1,14,-1,14,-1]"
2025-08-18 22:56:09.518267,CSI_DATA,380,1a:00:00:00:00:00,-38,11,0,0,0,0,0,0,0,0,0,-92,0,1,0,66148873,0,31,0,128,0,"[0,0,-5,14,-4,14,-4,14,-4,13,-3,14,-3,13,-3,13,-2,13,-2,12,-1,12,-1,13,0,12,0,13,1,13,1,13,1,13,1,13,0,14,0,14,0,14,-1,13,-1,13,-2,12,-2,12,-3,12,-3,11,0,0,0,0,0,0,0,0,0,0,0,0,0,0,0,0,0,0,0,0,0,0,-2,10,-3,11,-4,11,-5,11,-5,11,-6,12,-7,11,-7,11,-7,11,-8,10,-8,11,-8,10,-8,10,-7,10,-7,11,-7,10,-6,11,-5,11,-6,12,-5,12,-5,12,-5,13,-5,13,-4,14,-4,14,-4,14]"
2025-08-18 22:56:09.732497,CSI_DATA,381,1a:00:00:00:00:00,-39,11,0,0,0,0,0,0,0,0,0,-92,0,1,0,66350000,0,31,0,128,0,"[0,0,12,-8,12,-8,11,-8,11,-8,11,-8,10,-8,10,-8,10,-9,9,-9,9,-9,8,-9,8,-10,8,-10,7,-10,8,-11,8,-11,8,-11,8,-11,9,-11,9,-10,9,-10,9,-9,9,-9,9,-8,9,-7,10,-7,0,0,0,0,0,0,0,0,0,0,0,0,0,0,0,0,0,0,0,0,0,0,7,-7,8,-7,9,-7,9,-6,10,-6,11,-5,11,-5,11,-5,12,-4,12,-4,12,-4,11,-3,12,-4,11,-4,11,-4,11,-4,11,-5,11,-5,11,-6,11,-6,11,-6,11,-7,11,-8,12,-8,12,-8,12,-8]"
2025-08-18 22:56:09.925998,CSI_DATA,382,1a:00:00:00:00:00,-38,11,0,0,0,0,0,0,0,0,0,-92,0,1,0,66551213,0,31,0,128,0,"[0,0,-3,-15,-4,-16,-4,-15,-4,-15,-4,-14,-4,-14,-4,-14,-5,-13,-5,-13,-6,-13,-6,-12,-7,-12,-7,-12,-7,-12,-8,-12,-8,-12,-8,-12,-7,-12,-7,-13,-7,-13,-6,-13,-6,-13,-5,-13,-5,-13,-4,-12,-3,-13,0,0,0,0,0,0,0,0,0,0,0,0,0,0,0,0,0,0,0,0,0,0,-5,-11,-4,-11,-3,-12,-3,-12,-2,-13,-2,-13,-1,-14,-1,-14,0,-14,0,-14,1,-14,0,-13,0,-13,0,-13,0,-13,0,-13,-1,-13,-1,-13,-2,-14,-2,-14,-2,-14,-3,-15,-3,-15,-4,-15,-4,-15,-4,-15]"
2025-08-18 22:56:10.127646,CSI_DATA,383,1a:00:00:00:00:00,-38,11,0,0,0,0,0,0,0,0,0,-92,0,1,0,66752434,0,31,0,128,0,"[0,0,-8,-13,-8,-13,-7,-13,-8,-12,-8,-12,-8,-12,-8,-11,-8,-11,-8,-10,-9,-10,-9,-9,-9,-9,-9,-9,-10,-9,-10,-9,-10,-9,-10,-9,-10,-9,-10,-10,-10,-10,-9,-10,-9,-10,-8,-10,-8,-11,-7,-10,-6,-10,0,0,0,0,0,0,0,0,0,0,0,0,0,0,0,0,0,0,0,0,0,0,-7,-9,-7,-9,-6,-10,-6,-11,-6,-11,-5,-12,-5,-13,-4,-13,-4,-13,-4,-13,-3,-13,-3,-13,-3,-13,-3,-12,-4,-12,-4,-12,-4,-12,-5,-12,-5,-12,-6,-12,-6,-12,-7,-13,-7,-13,-7,-13,-8,-13,-8,-13]"
2025-08-18 22:56:10.330589,CSI_DATA,384,1a:00:00:00:00:00,-38,11,0,0,0,0,0,0,0,0,0,-92,0,1,0,66953968,0,31,0,128,0,"[0,0,-12,-10,-12,-10,-12,-10,-12,-10,-12,-9,-12,-9,-12,-8,-12,-8,-12,-7,-12,-7,-12,-6,-13,-6,-13,-5,-13,-5,-13,-5,-14,-5,-13,-5,-14,-5,-14,-6,-13,-6,-13,-6,-13,-7,-12,-7,-12,-7,-11,-7,-10,-8,0,0,0,0,0,0,0,0,0,0,0,0,0,0,0,0,0,0,0,0,0,0,-10,-6,-10,-7,-9,-8,-9,-9,-9,-9,-9,-11,-8,-11,-8,-11,-8,-12,-8,-12,-8,-12,-7,-12,-8,-12,-8,-11,-8,-11,-8,-11,-8,-11,-9,-10,-10,-10,-10,-10,-10,-10,-11,-10,-11,-10,-12,-10,-12,-10,-12,-10]"
2025-08-18 22:56:10.524097,CSI_DATA,385,1a:00:00:00:00:00,-38,11,0,0,0,0,0,0,0,0,0,-92,0,1,0,67155127,0,31,0,128,0,"[0,0,14,0,14,-1,14,-1,13,-1,13,-1,13,-1,13,-2,12,-2,12,-2,12,-3,12,-4,12,-4,11,-4,11,-5,12,-5,12,-5,12,-5,12,-5,12,-5,12,-4,12,-4,12,-3,12,-2,12,-2,11,-1,11,0,0,0,0,0,0,0,0,0,0,0,0,0,0,0,0,0,0,0,0,0,0,0,10,-2,10,-1,11,-1,11,0,11,0,12,1,12,2,12,2,12,2,11,3,12,3,11,4,11,3,11,3,11,2,11,2,11,2,12,1,12,1,12,1,13,0,13,0,13,0,14,0,14,0,14,-1]"
2025-08-18 22:56:10.581698,CSI_DATA,386,1a:00:00:00:00:00,-38,11,0,0,0,0,0,0,0,0,0,-92,0,1,0,67216077,0,42,0,128,0,"[0,0,3,15,3,13,3,14,4,13,4,13,4,13,4,12,5,12,5,11,5,11,6,11,6,10,6,10,7,10,7,10,7,11,7,10,7,11,7,11,6,11,6,11,5,11,5,11,4,11,3,11,3,11,0,0,0,0,0,0,0,0,0,0,0,0,0,0,0,0,0,0,0,0,0,0,4,9,3,10,2,10,2,11,2,11,1,12,0,12,0,13,0,13,-1,12,-1,12,-1,12,-1,12,-1,12,0,12,0,12,0,12,1,12,1,13,2,13,2,13,2,13,3,13,3,14,3,14,4,14]"
2025-08-18 22:56:10.651857,CSI_DATA,387,1a:00:00:00:00:00,-38,11,0,0,0,0,0,0,0,0,0,-92,0,1,0,67284455,0,31,0,128,0,"[0,0,15,1,14,1,14,1,14,1,13,1,13,0,13,0,13,-1,12,-1,12,-2,12,-2,12,-2,12,-3,12,-3,12,-3,12,-3,12,-3,13,-3,13,-3,13,-2,13,-2,13,-1,12,0,12,0,12,1,11,1,0,0,0,0,0,0,0,0,0,0,0,0,0,0,0,0,0,0,0,0,0,0,10,-1,10,-1,11,0,11,1,12,1,12,2,12,3,12,3,12,4,11,4,12,4,11,5,11,4,11,4,11,4,11,4,12,3,12,2,12,2,13,2,13,2,13,1,14,1,14,1,14,1,14,1]"
2025-08-18 22:56:10.865140,CSI_DATA,388,1a:00:00:00:00:00,-38,11,0,0,0,0,0,0,0,0,0,-92,0,1,0,67489403,0,31,0,128,0,"[0,0,-4,-15,-4,-14,-4,-14,-4,-14,-5,-14,-5,-13,-5,-13,-5,-13,-5,-12,-6,-12,-6,-11,-7,-11,-7,-11,-8,-11,-8,-11,-8,-11,-8,-11,-8,-12,-8,-12,-7,-12,-7,-12,-6,-12,-5,-12,-5,-12,-4,-12,-3,-12,0,0,0,0,0,0,0,0,0,0,0,0,0,0,0,0,0,0,0,0,0,0,-5,-10,-5,-11,-4,-11,-3,-12,-3,-12,-3,-13,-2,-13,-1,-13,-1,-13,-1,-13,0,-13,0,-13,0,-13,-1,-13,-1,-13,-1,-13,-1,-13,-2,-13,-2,-13,-3,-13,-3,-14,-3,-14,-4,-14,-4,-14,-4,-14,-5,-15]"
2025-08-18 22:56:11.057680,CSI_DATA,389,1a:00:00:00:00:00,-38,11,0,0,0,0,0,0,0,0,0,-92,0,1,0,67686168,0,31,0,128,0,"[0,0,3,-15,2,-15,2,-16,2,-15,2,-15,1,-14,1,-14,1,-14,0,-14,-1,-13,-1,-14,-2,-14,-2,-14,-2,-14,-2,-14,-2,-14,-3,-14,-2,-14,-2,-15,-2,-14,-1,-14,-1,-14,0,-13,0,-13,1,-13,1,-13,0,0,0,0,0,0,0,0,0,0,0,0,0,0,0,0,0,0,0,0,0,0,0,-11,1,-12,2,-12,3,-12,3,-12,4,-13,5,-12,5,-12,6,-12,6,-12,6,-12,6,-12,6,-12,5,-12,5,-12,5,-11,5,-12,4,-12,4,-14,4,-14,3,-14,3,-14,3,-15,3,-15,3,-15,3,-16]"
2025-08-18 22:56:11.263291,CSI_DATA,390,1a:00:00:00:00:00,-38,11,0,0,0,0,0,0,0,0,0,-92,0,1,0,67887258,0,31,0,128,0,"[0,0,2,15,2,14,2,14,2,14,2,14,2,13,3,13,3,13,3,12,4,12,4,12,5,11,5,11,5,11,6,11,6,11,6,12,5,12,5,12,5,12,4,12,4,12,3,12,3,12,2,12,1,11,0,0,0,0,0,0,0,0,0,0,0,0,0,0,0,0,0,0,0,0,0,0,3,10,3,10,2,11,1,12,1,12,0,13,-1,13,-1,13,-2,13,-3,13,-2,13,-2,12,-2,13,-2,12,-2,13,-1,12,-1,13,0,13,0,13,0,13,0,13,1,14,1,14,2,14,2,15,2,15]"
2025-08-18 22:56:11.665368,CSI_DATA,391,1a:00:00:00:00:00,-38,11,0,0,0,0,0,0,0,0,0,-92,0,1,0,68088896,0,31,0,128,0,"[0,0,-8,13,-8,13,-7,12,-7,13,-6,13,-6,12,-6,12,-5,12,-5,12,-4,12,-4,12,-3,12,-3,12,-2,12,-2,13,-2,12,-3,13,-3,13,-3,13,-3,13,-4,13,-4,12,-5,12,-5,11,-6,11,-6,10,0,0,0,0,0,0,0,0,0,0,0,0,0,0,0,0,0,0,0,0,0,0,-4,10,-4,10,-6,10,-6,10,-7,10,-7,10,-9,10,-9,10,-9,9,-10,9,-10,9,-10,9,-10,9,-9,9,-9,9,-9,9,-8,9,-8,10,-8,10,-8,11,-8,11,-7,12,-8,13,-8,13,-7,13,-7,13]"
2025-08-18 22:56:11.671673,CSI_DATA,392,1a:00:00:00:00:00,-38,11,0,0,0,0,0,0,0,0,0,-92,0,1,0,68289780,0,31,0,128,0,"[0,0,-12,-10,-12,-10,-12,-10,-11,-9,-12,-9,-11,-9,-11,-8,-12,-8,-11,-7,-12,-6,-12,-6,-12,-6,-12,-6,-12,-5,-12,-5,-13,-5,-13,-5,-13,-5,-13,-5,-13,-5,-12,-6,-12,-6,-11,-7,-11,-7,-10,-7,-10,-7,0,0,0,0,0,0,0,0,0,0,0,0,0,0,0,0,0,0,0,0,0,0,-9,-6,-9,-7,-9,-8,-9,-9,-9,-9,-9,-10,-8,-11,-8,-11,-8,-11,-7,-11,-7,-11,-7,-12,-7,-11,-7,-11,-8,-11,-8,-10,-8,-10,-9,-10,-9,-10,-10,-10,-10,-10,-10,-10,-11,-10,-11,-10,-12,-10,-12,-10]"
2025-08-18 22:56:11.864947,CSI_DATA,393,1a:00:00:00:00:00,-38,11,0,0,0,0,0,0,0,0,0,-92,0,1,0,68490944,0,31,0,128,0,"[0,0,-16,-4,-15,-3,-15,-3,-14,-3,-15,-3,-14,-2,-14,-2,-14,-1,-14,0,-13,0,-13,0,-13,1,-14,1,-13,2,-14,2,-14,2,-14,1,-14,2,-14,2,-14,1,-14,1,-14,0,-13,-1,-13,-1,-13,-2,-13,-2,0,0,0,0,0,0,0,0,0,0,0,0,0,0,0,0,0,0,0,0,0,0,-11,-2,-12,-2,-12,-3,-12,-4,-12,-4,-12,-5,-12,-5,-12,-6,-12,-6,-12,-6,-12,-7,-12,-7,-12,-7,-11,-7,-12,-6,-12,-6,-12,-5,-12,-5,-13,-5,-13,-4,-14,-4,-14,-4,-14,-3,-15,-4,-15,-4,-15,-3]"
2025-08-18 22:56:12.056208,CSI_DATA,394,1a:00:00:00:00:00,-38,11,0,0,0,0,0,0,0,0,0,-92,0,1,0,68692142,0,31,0,128,0,"[0,0,12,8,12,7,12,7,12,7,12,7,12,7,11,6,11,5,11,5,12,4,12,4,12,3,12,3,12,3,12,3,13,3,13,3,13,3,13,4,12,4,12,4,12,5,11,5,11,5,10,5,10,6,0,0,0,0,0,0,0,0,0,0,0,0,0,0,0,0,0,0,0,0,0,0,9,4,9,5,9,5,9,6,9,7,9,8,9,8,9,9,8,9,8,9,8,9,8,9,8,9,8,9,8,9,8,8,9,8,9,8,10,8,10,8,10,8,11,8,11,7,12,7,12,8,12,8]"
2025-08-18 22:56:12.122425,CSI_DATA,395,1a:00:00:00:00:00,-38,11,0,0,0,0,0,0,0,0,0,-92,0,1,0,68752461,0,42,0,128,0,"[0,0,14,-3,14,-4,14,-4,13,-4,13,-4,12,-4,12,-4,12,-5,11,-5,11,-6,11,-6,11,-6,10,-7,10,-7,11,-7,11,-7,11,-7,11,-7,12,-7,11,-6,12,-6,12,-5,12,-5,11,-4,11,-3,11,-3,0,0,0,0,0,0,0,0,0,0,0,0,0,0,0,0,0,0,0,0,0,0,9,-5,9,-5,10,-4,11,-3,11,-3,12,-2,12,-2,12,-1,12,-1,12,0,12,0,12,0,12,0,12,-1,12,-1,12,-1,12,-1,12,-2,12,-2,12,-3,13,-3,13,-3,13,-4,13,-4,14,-4,14,-4]"
2025-08-18 22:56:12.190779,CSI_DATA,396,1a:00:00:00:00:00,-38,11,0,0,0,0,0,0,0,0,0,-92,0,1,0,68820464,0,31,0,128,0,"[0,0,14,-4,13,-4,13,-4,13,-5,13,-5,12,-5,12,-5,12,-6,11,-6,11,-6,11,-6,10,-7,11,-7,10,-8,10,-8,10,-8,11,-8,11,-8,11,-8,11,-7,11,-7,11,-6,11,-5,11,-5,11,-4,11,-4,0,0,0,0,0,0,0,0,0,0,0,0,0,0,0,0,0,0,0,0,0,0,9,-5,10,-4,10,-4,11,-3,11,-3,12,-2,12,-2,12,-2,13,-1,12,0,12,0,12,0,12,0,12,0,12,-1,12,-1,12,-2,12,-2,12,-3,13,-3,13,-3,13,-4,13,-4,13,-4,14,-4,14,-4]"
2025-08-18 22:56:12.391134,CSI_DATA,397,1a:00:00:00:00:00,-38,11,0,0,0,0,0,0,0,0,0,-92,0,1,0,69020572,0,31,0,128,0,"[0,0,-13,7,-14,4,-13,5,-16,4,-12,6,-12,5,-9,6,-10,6,-8,8,-11,7,-10,7,-12,6,-9,8,-9,9,-9,8,-9,9,-10,8,-10,8,-9,9,-10,11,-10,8,-11,9,-11,5,-10,7,-8,3,-10,5,0,0,0,0,0,0,0,0,0,0,0,0,0,0,0,0,0,0,0,0,0,0,-10,3,-10,2,-11,2,-12,1,-12,1,-13,0,-13,0,-13,-1,-13,-1,-13,-1,-13,-1,-12,-1,-13,-1,-12,-1,-13,0,-12,0,-12,1,-13,1,-12,2,-13,2,-13,3,-13,3,-13,2,-13,4,-13,4,-14,3]"
2025-08-18 22:56:12.590320,CSI_DATA,398,1a:00:00:00:00:00,-38,11,0,0,0,0,0,0,0,0,0,-92,0,1,0,69221119,0,31,0,128,0,"[0,0,-2,14,-2,14,-2,14,-2,13,-1,13,-2,13,-1,13,0,12,0,12,0,12,1,12,2,12,2,12,2,12,2,12,2,12,2,13,2,13,2,13,1,13,1,13,0,13,0,12,-1,12,-1,11,-2,11,0,0,0,0,0,0,0,0,0,0,0,0,0,0,0,0,0,0,0,0,0,0,0,10,-1,10,-2,11,-2,11,-3,11,-4,12,-4,12,-5,12,-5,11,-6,11,-6,11,-6,11,-5,11,-5,11,-5,11,-5,11,-4,11,-4,11,-4,12,-3,12,-3,13,-3,13,-3,14,-2,14,-2,14,-2,14]"
2025-08-18 22:56:12.802343,CSI_DATA,399,1a:00:00:00:00:00,-38,11,0,0,0,0,0,0,0,0,0,-92,0,1,0,69421987,0,31,0,128,0,"[0,0,2,14,2,13,2,13,2,13,2,13,2,12,2,12,3,12,3,11,4,11,4,11,5,11,5,11,5,11,5,11,6,11,5,11,5,11,5,12,5,12,4,12,4,12,3,12,2,11,2,11,1,11,0,0,0,0,0,0,0,0,0,0,0,0,0,0,0,0,0,0,0,0,0,0,3,9,2,10,1,10,1,11,0,11,0,11,-1,12,-1,12,-2,12,-2,12,-2,12,-2,11,-2,12,-2,11,-1,11,-1,11,-1,12,0,11,0,12,0,12,1,12,1,13,1,13,2,13,2,14,2,14]"
2025-08-18 22:56:12.987924,CSI_DATA,400,1a:00:00:00:00:00,-38,11,0,0,0,0,0,0,0,0,0,-92,0,1,0,69623225,0,31,0,128,0,"[0,0,13,7,13,6,13,6,13,6,13,6,12,5,13,5,12,4,12,3,12,3,12,3,12,2,12,2,12,2,13,1,13,1,13,1,13,1,14,1,13,2,13,2,13,3,12,4,12,4,11,4,11,5,0,0,0,0,0,0,0,0,0,0,0,0,0,0,0,0,0,0,0,0,0,0,10,4,10,5,10,5,10,6,10,7,10,8,10,8,9,9,9,9,9,9,8,10,8,10,8,9,9,9,9,8,9,8,9,8,10,7,11,7,11,7,11,7,12,7,12,7,12,7,13,7,13,7]"
2025-08-18 22:56:13.194614,CSI_DATA,401,1a:00:00:00:00:00,-38,11,0,0,0,0,0,0,0,0,0,-92,0,1,0,69824341,0,31,0,128,0,"[0,0,-12,9,-12,9,-12,9,-12,9,-11,9,-11,9,-10,9,-10,9,-9,9,-9,10,-8,10,-8,10,-7,10,-7,10,-7,11,-7,11,-7,11,-8,11,-9,11,-8,10,-9,10,-9,10,-9,9,-9,9,-10,8,-10,7,0,0,0,0,0,0,0,0,0,0,0,0,0,0,0,0,0,0,0,0,0,0,-8,8,-8,7,-9,7,-10,7,-11,7,-11,6,-12,6,-12,5,-12,5,-12,5,-12,5,-12,4,-12,5,-12,5,-12,5,-12,5,-12,6,-11,6,-11,7,-12,7,-12,7,-12,8,-12,8,-12,9,-12,9,-12,9]"
2025-08-18 22:56:13.394778,CSI_DATA,402,1a:00:00:00:00:00,-38,11,0,0,0,0,0,0,0,0,0,-92,0,1,0,70025496,0,31,0,128,0,"[0,0,-4,14,-4,14,-4,14,-3,13,-3,14,-3,13,-2,13,-2,13,-1,12,0,12,0,12,0,12,1,12,1,12,1,12,1,13,1,13,1,13,1,13,0,13,0,13,-1,13,-1,12,-2,12,-2,11,-3,11,0,0,0,0,0,0,0,0,0,0,0,0,0,0,0,0,0,0,0,0,0,0,-1,10,-2,10,-3,11,-4,11,-4,11,-5,11,-6,11,-6,11,-6,11,-7,10,-7,11,-7,10,-7,10,-6,10,-6,10,-6,10,-6,11,-5,11,-5,12,-5,12,-4,12,-4,13,-4,13,-4,13,-4,14,-4,14]"
2025-08-18 22:56:13.602304,CSI_DATA,403,1a:00:00:00:00:00,-38,11,0,0,0,0,0,0,0,0,0,-92,0,1,0,70226629,0,31,0,128,0,"[0,0,-9,-13,-9,-12,-9,-13,-9,-12,-9,-12,-8,-12,-8,-11,-9,-11,-9,-10,-9,-9,-10,-9,-10,-9,-10,-9,-11,-9,-10,-8,-11,-9,-11,-9,-11,-9,-11,-10,-10,-10,-10,-10,-9,-10,-8,-10,-8,-10,-7,-10,-7,-11,0,0,0,0,0,0,0,0,0,0,0,0,0,0,0,0,0,0,0,0,0,0,-8,-8,-8,-9,-7,-9,-7,-10,-7,-10,-7,-12,-6,-12,-5,-12,-5,-13,-4,-12,-5,-13,-4,-13,-4,-13,-5,-12,-5,-13,-5,-12,-6,-12,-6,-11,-7,-12,-7,-12,-7,-12,-8,-12,-8,-12,-9,-12,-9,-13,-9,-13]"
2025-08-18 22:56:13.663283,CSI_DATA,404,1a:00:00:00:00:00,-38,11,0,0,0,0,0,0,0,0,0,-92,0,1,0,70287064,0,42,0,128,0,"[0,0,-10,-12,-11,-12,-10,-11,-10,-11,-10,-10,-10,-10,-10,-10,-10,-9,-11,-8,-11,-8,-11,-7,-11,-7,-12,-7,-12,-7,-12,-6,-12,-6,-13,-7,-12,-6,-12,-7,-12,-7,-12,-8,-11,-8,-11,-8,-10,-8,-10,-8,-9,-9,0,0,0,0,0,0,0,0,0,0,0,0,0,0,0,0,0,0,0,0,0,0,-8,-8,-8,-9,-8,-10,-7,-10,-7,-11,-7,-11,-6,-12,-6,-12,-6,-12,-5,-13,-5,-12,-5,-12,-5,-12,-5,-12,-6,-12,-6,-12,-7,-11,-7,-12,-7,-11,-8,-11,-8,-12,-9,-11,-10,-12,-10,-12,-10,-12,-10,-12]"
2025-08-18 22:56:13.721936,CSI_DATA,405,1a:00:00:00:00:00,-38,11,0,0,0,0,0,0,0,0,0,-92,0,1,0,70358200,0,31,0,128,0,"[0,0,4,15,4,15,6,14,5,11,6,15,6,11,6,12,6,10,7,11,6,8,8,6,7,9,8,9,9,7,9,7,9,8,9,10,8,9,8,11,8,9,9,12,6,9,6,11,5,11,5,11,5,11,0,0,0,0,0,0,0,0,0,0,0,0,0,0,0,0,0,0,0,0,0,0,6,8,6,9,5,9,5,11,4,11,4,12,3,12,3,12,2,12,2,12,2,13,2,12,2,12,2,12,2,12,2,11,3,12,3,12,4,13,4,12,5,12,5,13,5,12,6,13,6,13,7,14]"
2025-08-18 22:56:13.932737,CSI_DATA,406,1a:00:00:00:00:00,-38,11,0,0,0,0,0,0,0,0,0,-92,0,1,0,70561256,0,31,0,128,0,"[0,0,-15,3,-15,3,-14,3,-14,3,-14,4,-13,4,-13,4,-13,5,-12,5,-12,5,-12,6,-11,6,-11,6,-11,6,-11,7,-11,7,-12,7,-12,7,-12,7,-12,6,-12,6,-12,5,-12,4,-12,4,-12,3,-12,3,0,0,0,0,0,0,0,0,0,0,0,0,0,0,0,0,0,0,0,0,0,0,-10,4,-11,3,-12,3,-12,2,-13,2,-13,1,-13,0,-13,0,-13,-1,-13,-1,-13,-1,-13,-1,-13,-1,-13,-1,-13,0,-13,0,-13,0,-13,1,-13,1,-13,2,-14,2,-14,2,-14,3,-14,3,-15,3,-15,3]"
2025-08-18 22:56:14.124915,CSI_DATA,407,1a:00:00:00:00:00,-38,11,0,0,0,0,0,0,0,0,0,-92,0,1,0,70758839,0,31,0,128,0,"[0,0,15,4,14,3,14,3,14,3,14,2,13,2,13,1,13,1,13,0,13,0,13,0,12,-1,12,-1,13,-2,13,-2,13,-2,13,-2,13,-2,14,-2,13,-1,13,-1,13,0,12,1,12,1,12,2,11,2,0,0,0,0,0,0,0,0,0,0,0,0,0,0,0,0,0,0,0,0,0,0,10,1,11,1,11,2,11,3,11,3,12,4,12,5,11,5,11,6,11,6,11,7,11,7,11,6,11,6,11,6,11,5,11,5,12,4,12,4,13,4,13,4,13,3,13,3,14,3,14,4,15,3]"
2025-08-18 22:56:14.340079,CSI_DATA,408,1a:00:00:00:00:00,-38,11,0,0,0,0,0,0,0,0,0,-92,0,1,0,70960021,0,31,0,128,0,"[0,0,3,14,3,14,3,14,4,14,4,13,4,13,4,13,4,12,4,11,5,11,5,11,6,11,6,11,6,10,7,11,7,11,7,11,6,11,6,11,6,12,5,12,5,11,4,12,3,11,3,11,2,11,0,0,0,0,0,0,0,0,0,0,0,0,0,0,0,0,0,0,0,0,0,0,4,10,4,10,3,11,3,11,2,12,1,12,1,13,0,12,0,13,-1,13,-1,13,-1,12,-1,13,-1,12,0,12,0,12,1,12,1,13,1,13,2,13,2,13,3,13,3,14,3,14,3,14,3,14]"
2025-08-18 22:56:14.535357,CSI_DATA,409,1a:00:00:00:00:00,-38,11,0,0,0,0,0,0,0,0,0,-92,0,1,0,71161168,0,31,0,128,0,"[0,0,-16,-2,-15,-1,-15,-1,-15,-1,-15,-1,-14,-1,-14,0,-14,0,-13,1,-13,1,-13,2,-13,2,-13,2,-13,3,-13,3,-13,3,-13,3,-14,3,-14,3,-14,2,-14,2,-13,1,-13,0,-13,0,-13,-1,-12,-1,0,0,0,0,0,0,0,0,0,0,0,0,0,0,0,0,0,0,0,0,0,0,-12,1,-12,0,-12,-1,-13,-1,-13,-2,-13,-3,-14,-4,-13,-4,-13,-4,-13,-5,-13,-5,-13,-5,-13,-5,-13,-5,-13,-4,-13,-4,-13,-4,-13,-3,-14,-3,-14,-2,-14,-2,-15,-2,-15,-1,-15,-1,-16,-2,-16,-1]"
2025-08-18 22:56:14.738450,CSI_DATA,410,1a:00:00:00:00:00,-38,11,0,0,0,0,0,0,0,0,0,-92,0,1,0,71362332,0,31,0,128,0,"[0,0,-13,-9,-13,-8,-13,-8,-13,-8,-13,-8,-13,-7,-13,-7,-13,-6,-13,-5,-12,-5,-12,-5,-13,-4,-13,-4,-13,-3,-13,-3,-13,-3,-13,-4,-14,-4,-14,-4,-14,-4,-13,-5,-13,-5,-12,-6,-12,-6,-11,-6,-11,-7,0,0,0,0,0,0,0,0,0,0,0,0,0,0,0,0,0,0,0,0,0,0,-10,-5,-10,-6,-10,-7,-10,-8,-10,-8,-10,-9,-10,-9,-10,-10,-9,-10,-9,-10,-8,-11,-8,-11,-8,-10,-8,-10,-9,-10,-9,-10,-9,-9,-10,-9,-11,-9,-11,-9,-11,-9,-12,-8,-12,-8,-12,-9,-12,-9,-13,-9]"
2025-08-18 22:56:14.930047,CSI_DATA,411,1a:00:00:00:00:00,-38,11,0,0,0,0,0,0,0,0,0,-92,0,1,0,71563689,0,31,0,128,0,"[0,0,14,4,14,4,14,4,14,3,14,3,13,3,13,2,13,2,13,1,13,1,13,0,12,0,13,-1,13,-1,13,-1,13,-1,13,-1,13,-1,14,-1,13,0,13,1,13,1,12,2,12,2,11,2,11,3,0,0,0,0,0,0,0,0,0,0,0,0,0,0,0,0,0,0,0,0,0,0,10,1,10,2,11,3,11,3,11,4,11,5,11,6,11,6,11,7,10,7,11,7,10,7,10,7,10,6,10,6,10,6,11,5,11,5,11,5,12,5,12,4,13,4,13,4,14,4,14,4,15,4]"
2025-08-18 22:56:15.128662,CSI_DATA,412,1a:00:00:00:00:00,-38,11,0,0,0,0,0,0,0,0,0,-92,0,1,0,71764777,0,31,0,128,0,"[0,0,8,12,8,11,8,11,8,11,8,11,8,10,8,10,8,9,8,9,9,8,9,8,9,8,9,7,10,7,10,7,10,7,10,7,10,8,10,8,10,8,9,8,9,9,8,9,7,9,6,9,6,9,0,0,0,0,0,0,0,0,0,0,0,0,0,0,0,0,0,0,0,0,0,0,7,7,7,8,7,9,6,9,6,10,6,11,5,11,5,11,4,12,4,12,4,12,4,12,4,12,4,11,4,11,4,11,5,11,5,11,6,11,6,11,7,11,7,11,7,11,8,11,8,12,8,12]"
2025-08-18 22:56:15.195851,CSI_DATA,413,1a:00:00:00:00:00,-38,11,0,0,0,0,0,0,0,0,0,-92,0,1,0,71825185,0,42,0,128,0,"[0,0,-15,5,-15,5,-14,5,-14,5,-14,5,-13,5,-13,5,-12,6,-12,6,-12,7,-11,7,-11,7,-11,7,-11,8,-11,8,-11,8,-11,8,-11,8,-12,8,-12,7,-12,7,-12,6,-12,5,-12,5,-12,4,-12,4,0,0,0,0,0,0,0,0,0,0,0,0,0,0,0,0,0,0,0,0,0,0,-10,5,-11,5,-12,4,-12,4,-13,4,-13,3,-14,2,-14,2,-14,1,-14,1,-14,1,-14,0,-14,0,-13,1,-13,1,-13,1,-13,2,-13,3,-13,3,-14,3,-14,4,-14,4,-14,5,-14,5,-15,5,-14,5]"
2025-08-18 22:56:15.263904,CSI_DATA,414,1a:00:00:00:00:00,-38,11,0,0,0,0,0,0,0,0,0,-92,0,1,0,71892437,0,31,0,128,0,"[0,0,-15,3,-15,3,-15,3,-14,3,-14,4,-14,4,-13,4,-12,4,-12,5,-12,5,-12,6,-11,6,-11,6,-11,7,-11,7,-11,7,-11,7,-12,7,-12,7,-12,6,-12,6,-12,5,-12,4,-12,4,-12,3,-12,3,0,0,0,0,0,0,0,0,0,0,0,0,0,0,0,0,0,0,0,0,0,0,-10,4,-11,3,-12,3,-12,2,-13,2,-13,1,-13,0,-14,0,-14,-1,-14,-1,-14,-1,-13,-1,-13,-1,-13,-1,-13,0,-13,0,-13,0,-13,1,-14,1,-14,2,-14,2,-14,2,-14,3,-15,3,-15,3,-15,3]"
2025-08-18 22:56:15.467746,CSI_DATA,415,1a:00:00:00:00:00,-39,11,0,0,0,0,0,0,0,0,0,-92,0,1,0,72097281,0,31,0,128,0,"[0,0,14,-5,13,-6,13,-6,13,-6,12,-6,12,-6,12,-6,11,-7,11,-7,10,-8,10,-8,10,-8,10,-9,10,-9,10,-9,10,-9,10,-9,10,-9,11,-9,11,-8,11,-8,11,-7,11,-7,11,-6,11,-5,11,-4,0,0,0,0,0,0,0,0,0,0,0,0,0,0,0,0,0,0,0,0,0,0,9,-6,9,-6,10,-5,10,-4,11,-4,12,-4,12,-3,12,-3,12,-2,12,-2,12,-2,12,-2,12,-2,12,-2,12,-2,12,-2,12,-3,12,-4,12,-4,12,-4,12,-4,13,-5,13,-5,13,-6,13,-6,13,-6]"
2025-08-18 22:56:15.668345,CSI_DATA,416,1a:00:00:00:00:00,-39,11,0,0,0,0,0,0,0,0,0,-92,0,1,0,72293435,0,31,0,128,0,"[0,0,-2,-15,-2,-14,-2,-15,-2,-14,-3,-14,-3,-13,-3,-13,-3,-13,-4,-12,-5,-12,-5,-12,-6,-11,-6,-12,-6,-12,-7,-11,-7,-12,-6,-12,-7,-12,-6,-13,-6,-13,-5,-13,-5,-13,-4,-13,-4,-12,-3,-12,-2,-12,0,0,0,0,0,0,0,0,0,0,0,0,0,0,0,0,0,0,0,0,0,0,-3,-10,-3,-11,-2,-11,-1,-12,-1,-12,0,-13,1,-13,1,-13,2,-13,2,-12,2,-12,2,-12,2,-12,1,-12,1,-12,1,-12,0,-12,0,-12,0,-13,-1,-13,-1,-13,-1,-14,-2,-14,-2,-14,-3,-14,-3,-15]"
2025-08-18 22:56:15.858911,CSI_DATA,417,1a:00:00:00:00:00,-38,11,0,0,0,0,0,0,0,0,0,-92,0,1,0,72493971,0,31,0,128,0,"[0,0,10,10,10,9,10,9,10,9,10,9,10,8,10,8,10,7,10,7,10,6,10,6,10,5,10,5,11,5,11,5,12,5,12,5,12,5,12,6,11,6,11,6,11,7,10,7,10,7,9,7,8,8,0,0,0,0,0,0,0,0,0,0,0,0,0,0,0,0,0,0,0,0,0,0,8,6,8,7,7,7,7,8,7,9,7,10,6,10,6,10,6,11,5,11,5,11,5,11,5,10,5,10,6,10,6,10,6,10,7,9,7,10,8,9,8,9,9,9,9,9,10,10,10,10,10,10]"
2025-08-18 22:56:16.070410,CSI_DATA,418,1a:00:00:00:00:00,-38,11,0,0,0,0,0,0,0,0,0,-92,0,1,0,72695319,0,31,0,128,0,"[0,0,-4,-15,-5,-15,-4,-14,-5,-14,-5,-14,-5,-13,-5,-13,-6,-13,-6,-12,-6,-12,-7,-12,-8,-11,-8,-11,-8,-11,-9,-11,-9,-11,-9,-12,-9,-12,-8,-12,-8,-12,-8,-12,-7,-13,-6,-13,-6,-12,-5,-12,-4,-12,0,0,0,0,0,0,0,0,0,0,0,0,0,0,0,0,0,0,0,0,0,0,-4,-11,-4,-11,-3,-12,-3,-12,-2,-13,-2,-13,-1,-14,-1,-14,0,-14,0,-14,1,-14,1,-13,0,-13,0,-13,0,-13,0,-13,-1,-13,-2,-13,-2,-13,-3,-14,-3,-14,-3,-14,-4,-14,-4,-15,-4,-15,-4,-15]"
2025-08-18 22:56:16.267250,CSI_DATA,419,1a:00:00:00:00:00,-38,11,0,0,0,0,0,0,0,0,0,-92,0,1,0,72896383,0,31,0,128,0,"[0,0,-14,6,-13,6,-14,5,-13,5,-13,6,-13,6,-12,6,-11,6,-11,7,-10,7,-10,7,-10,8,-10,8,-10,9,-10,9,-10,9,-10,9,-10,9,-11,9,-11,9,-11,8,-11,7,-11,7,-11,6,-11,5,-12,5,0,0,0,0,0,0,0,0,0,0,0,0,0,0,0,0,0,0,0,0,0,0,-9,5,-10,5,-11,4,-12,4,-12,3,-13,3,-13,2,-13,2,-13,1,-13,1,-13,1,-13,1,-13,1,-13,1,-13,1,-12,2,-13,2,-12,2,-13,3,-13,4,-13,4,-13,4,-13,5,-13,5,-14,5,-14,5]"
2025-08-18 22:56:16.461400,CSI_DATA,420,1a:00:00:00:00:00,-38,11,0,0,0,0,0,0,0,0,0,-92,0,1,0,73097518,0,31,0,128,0,"[0,0,5,13,5,13,5,13,6,12,6,12,6,12,6,11,6,11,7,10,7,10,8,9,8,9,8,9,9,9,9,9,9,9,9,9,9,9,9,9,9,10,8,10,7,10,7,10,6,10,6,10,5,10,0,0,0,0,0,0,0,0,0,0,0,0,0,0,0,0,0,0,0,0,0,0,5,9,5,10,4,10,3,11,3,11,3,12,2,12,2,12,1,13,1,12,0,13,1,12,1,12,1,12,1,12,1,12,2,12,3,12,3,12,4,12,4,12,4,12,5,13,5,13,5,13,6,13]"
2025-08-18 22:56:16.668048,CSI_DATA,421,1a:00:00:00:00:00,-38,11,0,0,0,0,0,0,0,0,0,-92,0,1,0,73298695,0,31,0,128,0,"[0,0,14,-3,14,-3,13,-3,13,-3,13,-3,13,-4,12,-4,12,-5,11,-5,11,-6,11,-6,11,-6,11,-7,10,-7,11,-7,11,-7,11,-7,11,-7,11,-7,12,-7,12,-6,12,-6,12,-5,11,-4,12,-4,11,-3,0,0,0,0,0,0,0,0,0,0,0,0,0,0,0,0,0,0,0,0,0,0,10,-4,10,-3,11,-2,11,-2,12,-1,12,-1,12,0,13,0,13,1,13,1,12,2,12,2,12,1,12,1,12,1,12,1,12,0,12,-1,12,-1,12,-1,13,-2,13,-2,14,-2,13,-3,14,-3,14,-3]"
2025-08-18 22:56:16.728575,CSI_DATA,422,1a:00:00:00:00:00,-38,11,0,0,0,0,0,0,0,0,0,-92,0,1,0,73359124,0,42,0,128,0,"[0,0,14,-3,14,-4,14,-4,14,-4,13,-5,13,-5,12,-5,12,-5,12,-5,12,-6,11,-6,11,-7,11,-7,11,-8,11,-8,11,-8,11,-8,11,-8,12,-8,12,-8,12,-7,12,-7,12,-6,12,-5,12,-4,12,-3,0,0,0,0,0,0,0,0,0,0,0,0,0,0,0,0,0,0,0,0,0,0,10,-4,11,-4,11,-3,12,-2,12,-2,12,-1,13,-1,13,0,13,0,13,1,13,1,12,1,12,1,12,1,12,0,12,0,12,-1,12,-1,13,-2,13,-2,13,-2,13,-3,14,-3,14,-3,14,-3,15,-4]"
2025-08-18 22:56:16.804689,CSI_DATA,423,1a:00:00:00:00:00,-38,11,0,0,0,0,0,0,0,0,0,-92,0,1,0,73428622,0,31,0,128,0,"[0,0,-11,-11,-11,-10,-11,-10,-11,-10,-11,-10,-11,-9,-11,-9,-11,-8,-11,-7,-11,-7,-11,-7,-11,-6,-12,-6,-12,-6,-12,-6,-13,-6,-13,-6,-13,-6,-13,-6,-12,-7,-12,-7,-12,-8,-11,-8,-10,-8,-10,-8,-9,-9,0,0,0,0,0,0,0,0,0,0,0,0,0,0,0,0,0,0,0,0,0,0,-9,-7,-9,-8,-8,-9,-8,-9,-8,-10,-8,-11,-7,-11,-7,-11,-7,-12,-6,-12,-6,-12,-6,-12,-6,-12,-6,-11,-6,-11,-7,-11,-7,-11,-8,-10,-8,-11,-9,-10,-9,-10,-10,-10,-10,-10,-10,-11,-10,-11,-10,-10]"
2025-08-18 22:56:16.992868,CSI_DATA,424,1a:00:00:00:00:00,-38,11,0,0,0,0,0,0,0,0,0,-92,0,1,0,73629177,0,31,0,128,0,"[0,0,5,14,6,11,3,10,3,11,5,10,5,12,7,9,5,10,4,10,6,11,6,11,7,8,6,11,8,10,8,8,8,9,8,10,6,10,8,9,8,9,6,9,5,11,6,12,3,10,4,8,3,11,0,0,0,0,0,0,0,0,0,0,0,0,0,0,0,0,0,0,0,0,0,0,7,7,6,7,6,9,5,9,5,10,4,10,4,11,3,11,3,11,2,12,2,11,2,11,2,11,2,11,2,11,3,11,3,11,4,11,4,11,4,11,4,11,5,11,6,12,6,11,5,12,6,12]"
2025-08-18 22:56:17.199488,CSI_DATA,425,1a:00:00:00:00:00,-38,11,0,0,0,0,0,0,0,0,0,-92,0,1,0,73829436,0,31,0,128,0,"[0,0,14,-4,13,-4,14,-4,13,-4,13,-4,12,-5,12,-5,12,-5,11,-5,11,-6,11,-7,10,-7,10,-7,10,-8,10,-8,11,-8,11,-8,11,-8,12,-8,11,-7,12,-7,12,-6,11,-6,11,-5,11,-4,11,-4,0,0,0,0,0,0,0,0,0,0,0,0,0,0,0,0,0,0,0,0,0,0,10,-5,10,-4,11,-4,11,-3,12,-2,12,-2,12,-1,13,-1,12,0,12,0,12,0,12,0,12,0,12,0,12,0,12,-1,12,-1,12,-2,12,-2,12,-3,13,-2,13,-3,13,-4,14,-4,13,-4,14,-4]"
2025-08-18 22:56:17.610793,CSI_DATA,426,1a:00:00:00:00:00,-38,11,0,0,0,0,0,0,0,0,0,-92,0,1,0,74030572,0,31,0,128,0,"[0,0,-14,6,-14,6,-13,6,-13,6,-12,6,-12,6,-12,6,-11,7,-11,7,-11,7,-10,8,-10,8,-9,8,-9,9,-9,9,-9,9,-10,9,-10,9,-10,9,-11,9,-11,8,-11,8,-11,7,-11,6,-11,5,-11,5,0,0,0,0,0,0,0,0,0,0,0,0,0,0,0,0,0,0,0,0,0,0,-9,6,-10,6,-11,5,-11,5,-12,4,-12,4,-13,3,-13,3,-13,2,-14,2,-13,2,-13,1,-13,2,-13,2,-13,2,-13,2,-12,3,-13,3,-12,4,-13,4,-13,5,-13,5,-13,6,-13,6,-14,6,-13,6]"
2025-08-18 22:56:17.621301,CSI_DATA,427,1a:00:00:00:00:00,-38,11,0,0,0,0,0,0,0,0,0,-92,0,1,0,74231717,0,31,0,128,0,"[0,0,-8,13,-8,13,-7,13,-7,13,-6,12,-6,12,-6,12,-5,12,-5,12,-4,12,-4,12,-3,12,-3,13,-2,12,-2,13,-2,13,-2,14,-3,13,-3,14,-3,13,-4,13,-4,13,-5,12,-5,12,-6,11,-6,10,0,0,0,0,0,0,0,0,0,0,0,0,0,0,0,0,0,0,0,0,0,0,-5,10,-6,9,-7,10,-7,10,-8,10,-9,10,-9,9,-10,9,-10,9,-10,8,-11,8,-10,8,-10,8,-10,8,-9,8,-10,9,-9,9,-9,10,-8,10,-8,11,-8,11,-8,11,-8,12,-8,12,-8,13,-8,12]"
2025-08-18 22:56:17.799311,CSI_DATA,428,1a:00:00:00:00:00,-38,11,0,0,0,0,0,0,0,0,0,-92,0,1,0,74432893,0,31,0,128,0,"[0,0,14,3,14,2,13,2,13,2,13,2,13,1,13,1,12,0,12,0,12,-1,12,-1,12,-2,12,-2,12,-2,12,-2,13,-3,13,-3,13,-2,13,-2,13,-2,13,-1,13,0,12,0,12,1,12,1,11,2,0,0,0,0,0,0,0,0,0,0,0,0,0,0,0,0,0,0,0,0,0,0,10,0,11,1,11,2,11,2,11,3,11,4,11,4,11,5,11,5,11,5,11,6,10,6,10,6,11,5,11,5,10,5,11,4,11,4,12,4,12,3,12,3,13,3,13,3,13,3,14,2,14,2]"
2025-08-18 22:56:18.001350,CSI_DATA,429,1a:00:00:00:00:00,-38,11,0,0,0,0,0,0,0,0,0,-92,0,1,0,74634114,0,31,0,128,0,"[0,0,14,2,14,1,14,1,14,1,14,0,13,1,13,0,12,0,12,-1,12,-2,12,-2,12,-3,12,-3,12,-3,12,-3,13,-4,12,-3,13,-3,13,-3,13,-2,13,-2,13,-1,12,-1,12,0,12,0,11,1,0,0,0,0,0,0,0,0,0,0,0,0,0,0,0,0,0,0,0,0,0,0,10,-1,11,0,11,1,11,2,12,2,12,3,12,4,12,4,12,5,11,5,11,5,11,5,11,5,11,5,11,4,11,4,11,4,12,3,12,3,12,3,12,2,13,2,13,2,14,2,14,2,14,1]"
2025-08-18 22:56:18.211355,CSI_DATA,430,1a:00:00:00:00:00,-38,11,0,0,0,0,0,0,0,0,0,-92,0,1,0,74835435,0,31,0,128,0,"[0,0,-6,-14,-7,-14,-6,-14,-7,-13,-7,-13,-7,-12,-7,-12,-7,-12,-8,-11,-8,-10,-9,-10,-9,-10,-9,-10,-10,-9,-10,-9,-10,-9,-10,-10,-10,-10,-10,-10,-10,-10,-9,-11,-9,-11,-8,-11,-8,-11,-7,-11,-6,-11,0,0,0,0,0,0,0,0,0,0,0,0,0,0,0,0,0,0,0,0,0,0,-6,-10,-5,-11,-5,-11,-4,-12,-4,-13,-4,-13,-3,-14,-3,-14,-2,-14,-2,-14,-2,-14,-1,-13,-1,-13,-2,-13,-2,-13,-2,-13,-3,-13,-4,-13,-4,-13,-5,-13,-5,-13,-5,-13,-6,-13,-6,-14,-6,-14,-6,-14]"
2025-08-18 22:56:18.282333,CSI_DATA,431,1a:00:00:00:00:00,-38,11,0,0,0,0,0,0,0,0,0,-92,0,1,0,74895810,0,42,0,128,0,"[0,0,-16,-2,-15,-1,-15,-1,-15,-1,-15,-1,-14,-1,-14,0,-14,0,-13,1,-13,1,-13,2,-13,2,-13,3,-13,3,-13,3,-13,3,-14,3,-14,3,-14,3,-14,2,-14,2,-14,1,-14,0,-13,0,-13,-1,-13,-1,0,0,0,0,0,0,0,0,0,0,0,0,0,0,0,0,0,0,0,0,0,0,-12,1,-12,0,-12,-1,-13,-1,-13,-2,-13,-3,-13,-4,-13,-4,-13,-5,-13,-5,-13,-5,-13,-5,-13,-5,-13,-4,-12,-4,-13,-4,-13,-4,-13,-3,-13,-3,-13,-3,-14,-2,-14,-2,-15,-2,-15,-1,-15,-1,-15,-1]"
2025-08-18 22:56:18.331505,CSI_DATA,432,1a:00:00:00:00:00,-38,11,0,0,0,0,0,0,0,0,0,-92,0,1,0,74964442,0,31,0,128,0,"[0,0,12,7,12,7,12,7,12,6,12,6,12,6,12,5,12,4,12,4,12,3,12,3,12,2,12,2,12,2,13,1,13,1,13,2,13,2,13,2,13,3,13,3,12,4,12,4,11,4,11,5,10,5,0,0,0,0,0,0,0,0,0,0,0,0,0,0,0,0,0,0,0,0,0,0,9,4,10,5,9,6,9,6,9,7,9,8,9,9,9,9,8,9,8,9,8,9,8,9,8,9,8,9,8,8,8,8,9,8,9,7,10,7,10,8,10,7,11,7,11,7,12,7,12,7,12,7]"
2025-08-18 22:56:18.538151,CSI_DATA,433,1a:00:00:00:00:00,-38,11,0,0,0,0,0,0,0,0,0,-92,0,1,0,75163540,0,31,0,128,0,"[0,0,-16,-6,-14,-3,-13,-3,-15,-3,-15,-5,-11,-5,-11,-3,-13,-1,-14,-1,-14,-2,-14,-2,-11,1,-12,0,-11,1,-13,-1,-13,0,-13,0,-12,0,-15,0,-13,-1,-13,-1,-14,0,-14,-2,-13,-1,-10,-4,-14,-5,0,0,0,0,0,0,0,0,0,0,0,0,0,0,0,0,0,0,0,0,0,0,-10,-3,-11,-4,-11,-5,-11,-6,-11,-6,-11,-7,-11,-8,-10,-8,-10,-8,-10,-8,-10,-8,-10,-8,-10,-8,-10,-8,-10,-7,-10,-7,-11,-7,-11,-6,-11,-6,-12,-6,-12,-6,-13,-6,-14,-5,-13,-5,-14,-5,-14,-6]"
2025-08-18 22:56:18.731523,CSI_DATA,434,1a:00:00:00:00:00,-38,11,0,0,0,0,0,0,0,0,0,-92,0,1,0,75363950,0,31,0,128,0,"[0,0,14,1,14,1,14,0,14,0,14,0,13,0,13,-1,13,-1,12,-2,13,-2,13,-3,12,-3,12,-4,12,-4,12,-4,13,-5,13,-4,13,-4,13,-4,13,-4,13,-3,13,-3,13,-2,12,-1,12,0,12,0,0,0,0,0,0,0,0,0,0,0,0,0,0,0,0,0,0,0,0,0,0,0,10,-1,11,0,11,1,12,2,12,2,12,3,12,4,12,4,12,4,12,5,11,5,11,5,11,5,11,4,11,4,11,4,12,4,12,3,12,2,13,2,13,2,13,1,14,1,14,1,14,1,15,1]"
2025-08-18 22:56:18.941287,CSI_DATA,435,1a:00:00:00:00:00,-38,11,0,0,0,0,0,0,0,0,0,-92,0,1,0,75565541,0,31,0,128,0,"[0,0,-6,13,-6,13,-6,13,-5,12,-5,13,-5,12,-4,12,-4,12,-3,12,-2,12,-2,12,-1,12,-1,12,-1,12,-1,12,-1,13,-1,12,-1,13,-2,13,-2,13,-3,13,-3,12,-3,12,-4,11,-4,10,-5,10,0,0,0,0,0,0,0,0,0,0,0,0,0,0,0,0,0,0,0,0,0,0,-2,10,-3,11,-4,10,-5,11,-6,11,-6,11,-7,11,-7,10,-8,10,-8,10,-8,10,-8,10,-8,10,-8,10,-7,10,-7,9,-7,10,-6,10,-6,11,-6,11,-6,12,-6,12,-5,12,-5,13,-6,13,-5,13]"
2025-08-18 22:56:19.136939,CSI_DATA,436,1a:00:00:00:00:00,-38,11,0,0,0,0,0,0,0,0,0,-92,0,1,0,75766632,0,31,0,128,0,"[0,0,-14,6,-14,6,-13,6,-13,6,-13,7,-12,6,-12,7,-11,7,-11,7,-11,8,-10,8,-9,8,-9,9,-9,9,-9,10,-9,10,-10,10,-10,10,-10,9,-11,9,-11,8,-11,8,-11,7,-11,7,-11,6,-11,5,0,0,0,0,0,0,0,0,0,0,0,0,0,0,0,0,0,0,0,0,0,0,-10,6,-10,5,-11,5,-12,4,-12,4,-13,3,-13,2,-13,2,-14,2,-13,1,-14,1,-13,1,-13,2,-13,2,-13,2,-12,2,-13,3,-12,3,-13,4,-13,4,-13,4,-13,5,-13,6,-13,6,-14,6,-14,6]"
2025-08-18 22:56:19.337286,CSI_DATA,437,1a:00:00:00:00:00,-38,11,0,0,0,0,0,0,0,0,0,-92,0,1,0,75967708,0,31,0,128,0,"[0,0,-11,10,-11,9,-11,9,-10,9,-10,10,-9,9,-9,9,-8,10,-8,9,-7,10,-7,10,-6,11,-6,11,-6,11,-6,11,-6,11,-6,11,-7,11,-7,11,-7,11,-8,11,-8,10,-8,10,-8,9,-8,8,-9,8,0,0,0,0,0,0,0,0,0,0,0,0,0,0,0,0,0,0,0,0,0,0,-7,8,-8,8,-8,8,-9,7,-10,7,-11,7,-11,6,-12,6,-12,6,-12,5,-12,5,-12,5,-12,5,-11,5,-11,5,-11,5,-11,6,-10,7,-10,7,-10,8,-11,8,-10,8,-10,9,-11,9,-11,10,-11,10]"
2025-08-18 22:56:19.532571,CSI_DATA,438,1a:00:00:00:00:00,-38,11,0,0,0,0,0,0,0,0,0,-92,0,1,0,76168852,0,31,0,128,0,"[0,0,11,9,10,9,10,9,10,9,11,8,10,8,10,7,10,7,10,6,11,5,11,5,11,5,11,4,11,4,12,4,12,4,12,4,12,4,12,5,12,5,11,5,11,6,10,6,10,7,9,7,9,7,0,0,0,0,0,0,0,0,0,0,0,0,0,0,0,0,0,0,0,0,0,0,9,5,9,6,8,7,8,8,8,8,8,9,8,10,7,10,7,11,7,11,6,11,6,10,6,10,6,10,7,10,7,10,7,9,8,9,8,9,9,9,9,9,9,9,10,9,10,9,10,9,11,9]"
2025-08-18 22:56:19.744137,CSI_DATA,439,1a:00:00:00:00:00,-38,11,0,0,0,0,0,0,0,0,0,-92,0,1,0,76369968,0,31,0,128,0,"[0,0,-15,-3,-15,-3,-15,-3,-15,-3,-15,-2,-14,-2,-14,-2,-14,-1,-14,-1,-13,0,-13,0,-13,1,-13,1,-13,2,-14,2,-14,2,-14,2,-14,1,-14,1,-14,1,-14,0,-14,0,-13,-1,-13,-1,-13,-2,-12,-2,0,0,0,0,0,0,0,0,0,0,0,0,0,0,0,0,0,0,0,0,0,0,-12,-1,-12,-2,-12,-2,-12,-3,-13,-4,-13,-5,-13,-5,-13,-6,-13,-6,-12,-6,-12,-6,-12,-7,-12,-6,-12,-6,-12,-6,-12,-5,-12,-5,-12,-4,-13,-4,-13,-4,-14,-4,-14,-4,-14,-3,-15,-3,-15,-3,-15,-3]"
2025-08-18 22:56:19.808492,CSI_DATA,440,1a:00:00:00:00:00,-38,11,0,0,0,0,0,0,0,0,0,-92,0,1,0,76430414,0,42,0,128,0,"[0,0,-15,1,-15,1,-14,2,-14,2,-14,2,-13,2,-13,2,-13,3,-13,3,-12,4,-12,4,-12,5,-12,5,-12,5,-12,6,-12,6,-12,6,-12,5,-13,5,-13,5,-13,4,-13,4,-13,3,-12,2,-12,2,-12,1,0,0,0,0,0,0,0,0,0,0,0,0,0,0,0,0,0,0,0,0,0,0,-11,2,-11,2,-12,1,-12,0,-13,0,-13,-1,-13,-1,-13,-2,-13,-2,-13,-3,-13,-3,-13,-3,-13,-3,-12,-3,-12,-2,-12,-2,-12,-1,-13,-1,-13,-1,-13,0,-14,0,-14,1,-14,1,-15,1,-15,1,-15,1]"
2025-08-18 22:56:19.875285,CSI_DATA,441,1a:00:00:00:00:00,-38,11,0,0,0,0,0,0,0,0,0,-92,0,1,0,76500410,0,31,0,128,0,"[0,0,-5,-14,-5,-15,-5,-14,-5,-14,-5,-14,-5,-13,-5,-13,-6,-12,-6,-12,-7,-12,-7,-11,-8,-11,-8,-11,-8,-11,-9,-11,-9,-11,-9,-11,-8,-11,-8,-12,-8,-12,-7,-12,-7,-12,-6,-12,-6,-12,-5,-12,-4,-12,0,0,0,0,0,0,0,0,0,0,0,0,0,0,0,0,0,0,0,0,0,0,-5,-10,-4,-11,-4,-12,-3,-12,-3,-13,-2,-13,-2,-13,-1,-14,-1,-13,0,-13,0,-13,0,-13,0,-13,-1,-13,-1,-13,-1,-13,-2,-13,-2,-13,-3,-13,-3,-13,-3,-13,-4,-14,-4,-14,-5,-14,-5,-14,-5,-15]"
2025-08-18 22:56:20.275793,CSI_DATA,442,1a:00:00:00:00:00,-38,11,0,0,0,0,0,0,0,0,0,-92,0,1,0,76699746,0,31,0,128,0,"[0,0,-13,6,-12,4,-12,3,-12,4,-14,7,-10,6,-10,5,-10,5,-9,5,-9,7,-10,10,-9,8,-11,6,-9,6,-11,8,-10,9,-10,8,-8,8,-12,9,-11,7,-9,7,-12,6,-11,5,-10,8,-11,3,-10,6,0,0,0,0,0,0,0,0,0,0,0,0,0,0,0,0,0,0,0,0,0,0,-10,4,-10,4,-11,3,-11,3,-12,2,-12,2,-13,1,-13,1,-13,1,-13,0,-13,0,-13,0,-13,0,-12,0,-12,1,-12,1,-12,2,-13,2,-13,3,-13,3,-13,4,-13,4,-12,5,-14,4,-14,4,-14,5]"
2025-08-18 22:56:20.282055,CSI_DATA,443,1a:00:00:00:00:00,-38,11,0,0,0,0,0,0,0,0,0,-92,0,1,0,76900689,0,31,0,128,0,"[0,0,-14,-6,-14,-6,-14,-6,-13,-6,-13,-5,-13,-5,-13,-4,-13,-4,-13,-3,-13,-3,-13,-2,-13,-2,-13,-2,-13,-1,-13,-1,-14,-1,-14,-1,-14,-1,-14,-1,-14,-2,-14,-2,-14,-3,-13,-3,-12,-4,-12,-4,-12,-5,0,0,0,0,0,0,0,0,0,0,0,0,0,0,0,0,0,0,0,0,0,0,-11,-4,-11,-4,-11,-5,-11,-6,-11,-7,-11,-8,-11,-8,-11,-8,-10,-9,-10,-9,-10,-9,-10,-9,-10,-9,-10,-9,-10,-8,-10,-8,-10,-8,-11,-7,-11,-7,-11,-7,-12,-7,-13,-7,-13,-6,-13,-6,-14,-6,-14,-7]"
2025-08-18 22:56:20.471034,CSI_DATA,444,1a:00:00:00:00:00,-38,11,0,0,0,0,0,0,0,0,0,-92,0,1,0,77101744,0,31,0,128,0,"[0,0,-13,7,-12,7,-12,7,-12,7,-11,7,-11,7,-11,7,-10,7,-10,8,-9,8,-9,8,-9,9,-8,9,-8,9,-8,10,-8,9,-9,10,-9,10,-9,9,-10,9,-10,9,-10,8,-10,8,-10,7,-10,6,-10,6,0,0,0,0,0,0,0,0,0,0,0,0,0,0,0,0,0,0,0,0,0,0,-8,7,-9,6,-10,6,-10,5,-11,5,-11,4,-12,4,-12,4,-13,3,-13,3,-13,3,-13,3,-12,3,-12,3,-12,3,-12,3,-12,4,-12,4,-12,5,-12,5,-12,6,-12,6,-12,7,-12,7,-12,7,-13,7]"
2025-08-18 22:56:20.686549,CSI_DATA,445,1a:00:00:00:00:00,-38,11,0,0,0,0,0,0,0,0,0,-92,0,1,0,77302902,0,31,0,128,0,"[0,0,-14,6,-13,5,-13,5,-12,6,-13,6,-12,6,-12,6,-11,7,-11,7,-10,7,-10,7,-10,8,-10,8,-10,9,-9,9,-10,9,-10,9,-10,9,-10,9,-11,8,-11,8,-11,7,-11,7,-11,6,-11,5,-11,5,0,0,0,0,0,0,0,0,0,0,0,0,0,0,0,0,0,0,0,0,0,0,-9,5,-10,5,-11,4,-11,4,-12,3,-13,3,-13,2,-13,2,-13,2,-13,1,-13,1,-13,1,-13,1,-12,2,-12,2,-12,1,-13,2,-12,3,-13,3,-12,4,-13,4,-13,5,-13,5,-13,5,-13,6,-13,6]"
2025-08-18 22:56:20.875441,CSI_DATA,446,1a:00:00:00:00:00,-38,11,0,0,0,0,0,0,0,0,0,-92,0,1,0,77504072,0,31,0,128,0,"[0,0,-15,3,-14,3,-14,3,-14,3,-13,3,-13,3,-13,3,-12,4,-12,4,-12,5,-11,5,-11,6,-11,6,-11,6,-11,7,-11,7,-12,7,-12,7,-13,6,-13,6,-13,5,-13,5,-13,4,-12,4,-12,3,-12,2,0,0,0,0,0,0,0,0,0,0,0,0,0,0,0,0,0,0,0,0,0,0,-10,4,-11,3,-11,3,-12,2,-12,2,-13,1,-13,0,-13,0,-13,-1,-13,-1,-13,-1,-13,-1,-13,-1,-13,-1,-12,-1,-12,0,-13,0,-13,1,-13,1,-13,1,-13,2,-14,2,-14,3,-14,3,-14,3,-14,3]"
2025-08-18 22:56:21.076434,CSI_DATA,447,1a:00:00:00:00:00,-38,11,0,0,0,0,0,0,0,0,0,-92,0,1,0,77705284,0,31,0,128,0,"[0,0,3,-15,2,-14,3,-15,2,-14,2,-15,2,-14,1,-14,1,-14,0,-13,0,-13,-1,-13,-2,-13,-2,-13,-2,-14,-2,-13,-3,-14,-2,-14,-2,-14,-2,-14,-1,-14,-1,-15,0,-14,0,-14,1,-13,1,-13,2,-13,0,0,0,0,0,0,0,0,0,0,0,0,0,0,0,0,0,0,0,0,0,0,0,-11,1,-12,2,-12,3,-12,3,-12,4,-13,5,-12,5,-12,6,-12,6,-11,6,-12,6,-11,6,-11,5,-11,5,-12,5,-11,5,-12,4,-12,4,-13,4,-13,3,-13,3,-14,3,-14,3,-15,3,-15,3,-15]"
2025-08-18 22:56:21.282197,CSI_DATA,448,1a:00:00:00:00:00,-38,11,0,0,0,0,0,0,0,0,0,-92,0,1,0,77906667,0,31,0,128,0,"[0,0,-9,-12,-9,-12,-10,-12,-9,-11,-10,-11,-10,-11,-10,-11,-10,-10,-10,-9,-10,-9,-11,-8,-11,-8,-12,-8,-12,-8,-12,-8,-12,-8,-12,-8,-13,-8,-12,-9,-12,-9,-12,-9,-11,-9,-10,-10,-9,-10,-9,-10,-8,-10,0,0,0,0,0,0,0,0,0,0,0,0,0,0,0,0,0,0,0,0,0,0,-8,-8,-8,-9,-7,-10,-7,-11,-6,-11,-6,-12,-6,-12,-5,-13,-5,-13,-5,-13,-4,-13,-4,-13,-4,-12,-5,-12,-5,-12,-5,-12,-6,-12,-6,-11,-7,-12,-7,-12,-8,-12,-8,-12,-9,-12,-9,-12,-9,-12,-9,-12]"
2025-08-18 22:56:21.350262,CSI_DATA,449,1a:00:00:00:00:00,-38,11,0,0,0,0,0,0,0,0,0,-92,0,1,0,77966894,0,42,0,128,0,"[0,0,-3,14,-3,14,-2,14,-2,13,-2,13,-2,13,-1,13,-1,13,0,12,0,12,1,12,1,12,2,12,2,12,2,12,2,12,2,13,2,13,2,13,1,13,1,13,0,13,-1,13,-1,12,-2,12,-2,12,0,0,0,0,0,0,0,0,0,0,0,0,0,0,0,0,0,0,0,0,0,0,-1,10,-2,10,-2,11,-3,11,-4,11,-4,11,-5,11,-5,11,-6,11,-6,11,-6,11,-6,10,-6,10,-6,10,-6,11,-5,11,-5,11,-4,11,-4,11,-4,12,-4,12,-3,13,-3,13,-3,13,-3,14,-3,14]"
2025-08-18 22:56:21.413396,CSI_DATA,450,1a:00:00:00:00:00,-38,11,0,0,0,0,0,0,0,0,0,-92,0,1,0,78036452,0,31,0,128,0,"[0,0,-6,-14,-6,-14,-6,-14,-6,-13,-6,-13,-7,-13,-7,-12,-7,-12,-7,-11,-8,-11,-8,-10,-9,-10,-9,-10,-9,-10,-10,-10,-10,-10,-10,-11,-10,-11,-10,-11,-9,-11,-9,-11,-8,-12,-8,-12,-7,-12,-6,-11,-5,-12,0,0,0,0,0,0,0,0,0,0,0,0,0,0,0,0,0,0,0,0,0,0,-5,-10,-5,-10,-4,-11,-3,-12,-3,-12,-3,-13,-2,-13,-2,-13,-1,-13,-1,-13,-1,-13,-1,-13,-1,-13,-1,-13,-1,-12,-2,-12,-2,-12,-3,-12,-3,-13,-4,-13,-4,-13,-5,-13,-5,-13,-6,-14,-6,-13,-6,-14]"
2025-08-18 22:56:21.606055,CSI_DATA,451,1a:00:00:00:00:00,-38,11,0,0,0,0,0,0,0,0,0,-92,0,1,0,78235913,0,31,0,128,0,"[0,0,-8,10,-10,10,-10,9,-7,11,-11,10,-9,8,-6,12,-7,13,-8,12,-5,10,-5,9,-7,12,-6,10,-4,11,-4,12,-3,12,-4,11,-4,12,-5,11,-3,14,-6,13,-6,11,-6,13,-4,8,-9,11,-8,10,0,0,0,0,0,0,0,0,0,0,0,0,0,0,0,0,0,0,0,0,0,0,-8,6,-9,6,-10,6,-10,5,-11,5,-11,5,-12,4,-12,4,-12,4,-12,3,-12,3,-12,3,-12,4,-11,4,-11,4,-11,5,-11,5,-10,6,-10,6,-10,7,-10,8,-10,8,-10,9,-10,9,-10,9,-10,9]"
2025-08-18 22:56:21.813881,CSI_DATA,452,1a:00:00:00:00:00,-38,11,0,0,0,0,0,0,0,0,0,-92,0,1,0,78437218,0,31,0,128,0,"[0,0,-10,-12,-10,-11,-10,-11,-10,-11,-10,-11,-10,-10,-10,-10,-10,-9,-11,-8,-11,-8,-11,-8,-11,-7,-12,-7,-12,-7,-12,-7,-12,-7,-12,-7,-12,-7,-13,-8,-12,-8,-11,-9,-11,-9,-10,-9,-10,-9,-9,-9,-9,-10,0,0,0,0,0,0,0,0,0,0,0,0,0,0,0,0,0,0,0,0,0,0,-9,-7,-9,-8,-8,-9,-8,-10,-8,-10,-8,-11,-7,-12,-7,-12,-6,-12,-6,-12,-6,-12,-5,-12,-6,-12,-6,-11,-6,-12,-6,-11,-7,-11,-7,-10,-8,-11,-8,-11,-8,-11,-9,-11,-9,-11,-10,-11,-10,-11,-10,-11]"
2025-08-18 22:56:22.002502,CSI_DATA,453,1a:00:00:00:00:00,-38,11,0,0,0,0,0,0,0,0,0,-92,0,1,0,78638270,0,31,0,128,0,"[0,0,10,10,10,9,10,9,10,9,10,9,10,8,10,8,10,7,10,7,10,6,11,6,11,5,11,5,12,5,12,5,12,5,12,5,12,5,12,6,12,6,12,6,11,7,11,7,10,7,9,8,9,8,0,0,0,0,0,0,0,0,0,0,0,0,0,0,0,0,0,0,0,0,0,0,8,6,8,7,7,8,7,8,7,9,6,10,6,10,6,10,6,11,5,10,5,11,5,11,5,11,5,10,6,10,5,10,6,10,7,9,7,9,8,9,8,9,9,9,9,9,9,9,10,10,10,9]"
2025-08-18 22:56:22.214646,CSI_DATA,454,1a:00:00:00:00:00,-38,11,0,0,0,0,0,0,0,0,0,-92,0,1,0,78839325,0,31,0,128,0,"[0,0,-10,11,-9,11,-9,10,-9,11,-8,11,-8,11,-8,11,-7,11,-7,11,-6,11,-6,11,-5,11,-5,12,-5,12,-5,12,-5,12,-5,13,-6,12,-6,13,-6,12,-7,12,-7,12,-7,11,-8,10,-8,9,-8,9,0,0,0,0,0,0,0,0,0,0,0,0,0,0,0,0,0,0,0,0,0,0,-6,9,-6,8,-8,8,-8,8,-9,8,-9,8,-10,8,-10,8,-11,7,-11,6,-11,6,-11,6,-11,6,-10,7,-10,7,-10,7,-10,7,-10,8,-9,8,-9,9,-9,9,-9,10,-9,10,-9,11,-9,11,-10,11]"
2025-08-18 22:56:22.404336,CSI_DATA,455,1a:00:00:00:00:00,-38,11,0,0,0,0,0,0,0,0,0,-92,0,1,0,79040481,0,31,0,128,0,"[0,0,6,13,6,12,6,12,6,11,6,12,6,11,6,11,6,10,7,10,7,9,8,9,8,8,9,8,9,9,9,8,9,9,9,9,9,9,9,10,8,10,8,10,7,10,6,10,6,10,5,10,5,10,0,0,0,0,0,0,0,0,0,0,0,0,0,0,0,0,0,0,0,0,0,0,6,8,5,9,5,9,4,10,4,10,4,11,3,12,2,12,2,12,2,12,2,12,2,12,2,12,2,11,2,11,2,11,3,11,3,11,4,11,4,11,4,12,5,12,5,11,6,12,6,12,6,12]"
2025-08-18 22:56:22.617714,CSI_DATA,456,1a:00:00:00:00:00,-38,11,0,0,0,0,0,0,0,0,0,-92,0,1,0,79241635,0,31,0,128,0,"[0,0,-8,-13,-8,-13,-7,-13,-8,-13,-8,-12,-8,-12,-8,-11,-8,-11,-9,-10,-9,-10,-9,-10,-9,-10,-10,-10,-10,-9,-10,-9,-11,-9,-11,-9,-11,-10,-11,-10,-10,-10,-10,-10,-9,-11,-8,-11,-8,-11,-7,-11,-6,-11,0,0,0,0,0,0,0,0,0,0,0,0,0,0,0,0,0,0,0,0,0,0,-6,-9,-6,-10,-6,-10,-5,-11,-5,-12,-4,-12,-4,-12,-4,-13,-3,-13,-3,-13,-2,-13,-2,-12,-3,-13,-3,-12,-3,-12,-3,-12,-4,-12,-5,-12,-5,-12,-6,-12,-6,-12,-7,-13,-7,-13,-7,-13,-7,-13,-7,-13]"
2025-08-18 22:56:22.813600,CSI_DATA,457,1a:00:00:00:00:00,-38,11,0,0,0,0,0,0,0,0,0,-92,0,1,0,79442979,0,31,0,128,0,"[0,0,13,-7,12,-8,12,-8,12,-8,11,-8,11,-8,11,-8,10,-8,10,-8,9,-9,9,-9,9,-10,9,-10,8,-10,8,-11,9,-11,9,-10,9,-11,10,-11,10,-10,10,-10,10,-9,10,-8,10,-8,10,-7,10,-6,0,0,0,0,0,0,0,0,0,0,0,0,0,0,0,0,0,0,0,0,0,0,8,-7,9,-6,9,-6,10,-5,10,-5,11,-5,12,-4,12,-4,12,-3,12,-3,12,-3,12,-3,12,-3,11,-3,11,-4,11,-3,11,-4,11,-5,11,-5,11,-6,11,-6,12,-6,12,-7,12,-7,12,-7,13,-8]"
2025-08-18 22:56:22.876217,CSI_DATA,458,1a:00:00:00:00:00,-38,11,0,0,0,0,0,0,0,0,0,-92,0,1,0,79503378,0,42,0,128,0,"[0,0,0,-15,0,-15,0,-15,0,-14,0,-15,-1,-14,-1,-14,-2,-14,-2,-13,-3,-13,-3,-14,-3,-13,-4,-13,-4,-13,-4,-13,-4,-14,-4,-14,-4,-14,-4,-14,-4,-14,-3,-14,-3,-14,-2,-14,-1,-14,0,-13,0,-13,0,0,0,0,0,0,0,0,0,0,0,0,0,0,0,0,0,0,0,0,0,0,-1,-11,0,-11,1,-12,2,-12,2,-12,3,-13,3,-13,4,-13,4,-12,4,-12,5,-12,4,-12,4,-12,4,-11,4,-12,4,-12,3,-12,3,-13,2,-13,2,-13,1,-14,1,-14,1,-14,1,-15,1,-15,1,-15]"
2025-08-18 22:56:22.937304,CSI_DATA,459,1a:00:00:00:00:00,-38,11,0,0,0,0,0,0,0,0,0,-92,0,1,0,79572389,0,31,0,128,0,"[0,0,6,13,6,12,6,12,7,12,7,12,7,11,7,11,7,10,7,10,8,9,8,9,8,9,9,9,9,9,9,8,10,9,10,9,10,9,10,9,9,10,9,10,8,10,7,10,6,11,6,10,5,10,0,0,0,0,0,0,0,0,0,0,0,0,0,0,0,0,0,0,0,0,0,0,6,8,5,9,5,10,5,10,4,11,4,11,3,12,3,12,2,12,2,12,2,12,2,12,2,12,2,12,2,12,3,11,3,11,4,11,4,12,5,12,5,12,6,12,6,12,6,13,6,13,7,13]"
2025-08-18 22:56:23.137467,CSI_DATA,460,1a:00:00:00:00:00,-39,11,0,0,0,0,0,0,0,0,0,-92,0,1,0,79773157,0,31,0,128,0,"[0,0,10,11,7,9,5,12,8,7,8,10,8,11,8,7,6,9,10,9,8,5,7,6,11,7,10,7,11,4,11,4,10,6,9,5,12,6,11,7,11,4,10,5,10,8,10,5,10,6,9,8,8,9,0,0,0,0,0,0,0,0,0,0,0,0,0,0,0,0,0,0,0,0,0,0,4,8,4,9,3,10,3,10,2,10,2,11,2,11,1,11,1,12,1,12,1,11,1,11,1,11,2,11,2,11,2,11,2,11,3,11,4,10,4,11,5,11,5,11,7,11,7,11,6,11,6,11]"
2025-08-18 22:56:23.337907,CSI_DATA,461,1a:00:00:00:00:00,-38,11,0,0,0,0,0,0,0,0,0,-92,0,1,0,79973608,0,31,0,128,0,"[0,0,6,13,6,13,5,13,6,13,6,12,6,12,6,12,7,11,7,10,8,10,8,10,8,9,8,9,9,9,9,9,9,9,9,10,9,9,9,10,9,10,8,10,8,11,7,11,6,11,5,11,5,11,0,0,0,0,0,0,0,0,0,0,0,0,0,0,0,0,0,0,0,0,0,0,5,9,4,9,4,10,3,10,3,11,3,12,2,12,2,12,1,12,1,12,1,13,0,12,1,12,1,12,1,12,1,12,2,11,3,12,3,12,4,12,4,12,5,12,5,13,5,13,5,13,6,13]"
2025-08-18 22:56:23.549961,CSI_DATA,462,1a:00:00:00:00:00,-38,11,0,0,0,0,0,0,0,0,0,-92,0,1,0,80174497,0,31,0,128,0,"[0,0,-13,-8,-13,-7,-13,-7,-13,-7,-13,-7,-13,-6,-13,-6,-13,-5,-12,-5,-13,-4,-13,-4,-13,-3,-13,-3,-13,-3,-13,-3,-14,-3,-14,-3,-14,-3,-14,-3,-14,-4,-14,-5,-13,-5,-12,-5,-12,-6,-12,-6,-11,-7,0,0,0,0,0,0,0,0,0,0,0,0,0,0,0,0,0,0,0,0,0,0,-10,-4,-10,-5,-10,-6,-10,-7,-10,-7,-10,-8,-10,-8,-10,-9,-10,-9,-9,-9,-9,-9,-9,-9,-9,-9,-9,-9,-9,-9,-9,-8,-10,-8,-10,-8,-11,-8,-11,-8,-11,-7,-12,-7,-12,-7,-13,-7,-13,-7,-13,-7]"
2025-08-18 22:56:23.755453,CSI_DATA,463,1a:00:00:00:00:00,-38,11,0,0,0,0,0,0,0,0,0,-92,0,1,0,80375879,0,31,0,128,0,"[0,0,-15,0,-15,0,-15,0,-14,0,-14,0,-14,1,-14,1,-13,2,-13,2,-13,3,-13,3,-12,3,-12,3,-12,4,-13,4,-13,4,-13,4,-13,4,-13,4,-13,4,-14,3,-13,2,-13,1,-13,1,-13,0,-13,0,0,0,0,0,0,0,0,0,0,0,0,0,0,0,0,0,0,0,0,0,0,0,-11,1,-11,1,-12,0,-12,0,-13,-1,-13,-2,-13,-2,-13,-3,-13,-3,-13,-4,-13,-4,-13,-4,-12,-4,-12,-4,-12,-3,-12,-3,-13,-3,-13,-2,-13,-2,-13,-1,-14,-1,-14,0,-14,-1,-15,0,-15,0,-15,0]"
2025-08-18 22:56:23.947249,CSI_DATA,464,1a:00:00:00:00:00,-38,11,0,0,0,0,0,0,0,0,0,-92,0,1,0,80577037,0,31,0,128,0,"[0,0,-14,7,-14,7,-13,7,-13,7,-13,7,-12,7,-12,7,-11,7,-11,7,-10,8,-10,8,-9,8,-9,9,-9,9,-9,10,-9,10,-10,10,-10,10,-10,10,-11,9,-11,9,-11,8,-11,7,-11,7,-11,6,-11,5,0,0,0,0,0,0,0,0,0,0,0,0,0,0,0,0,0,0,0,0,0,0,-9,6,-10,6,-11,5,-11,5,-12,5,-13,4,-13,3,-13,3,-13,2,-13,2,-13,2,-13,1,-13,2,-13,2,-13,2,-13,3,-13,3,-13,4,-12,4,-13,4,-13,5,-13,5,-13,6,-13,6,-13,7,-14,7]"
2025-08-18 22:56:24.148731,CSI_DATA,465,1a:00:00:00:00:00,-38,11,0,0,0,0,0,0,0,0,0,-92,0,1,0,80778382,0,31,0,128,0,"[0,0,-13,8,-12,8,-12,8,-12,8,-11,8,-11,8,-11,8,-10,8,-10,8,-9,9,-8,9,-8,10,-8,10,-8,10,-8,10,-8,11,-8,11,-8,11,-9,11,-9,10,-10,10,-10,9,-10,9,-10,8,-10,8,-10,7,0,0,0,0,0,0,0,0,0,0,0,0,0,0,0,0,0,0,0,0,0,0,-8,6,-9,6,-10,6,-11,6,-11,5,-12,5,-12,4,-13,4,-12,3,-13,3,-13,3,-13,3,-12,3,-12,3,-12,4,-12,4,-12,4,-11,5,-12,5,-12,6,-12,6,-12,7,-12,7,-12,8,-12,8,-12,8]"
2025-08-18 22:56:24.348220,CSI_DATA,466,1a:00:00:00:00:00,-38,11,0,0,0,0,0,0,0,0,0,-92,0,1,0,80979304,0,31,0,128,0,"[0,0,15,-2,14,-2,14,-2,14,-3,14,-3,13,-3,13,-3,13,-4,12,-4,12,-5,12,-6,11,-6,11,-6,11,-7,11,-7,12,-7,12,-7,12,-7,13,-7,13,-6,13,-6,13,-5,12,-4,12,-4,12,-3,12,-2,0,0,0,0,0,0,0,0,0,0,0,0,0,0,0,0,0,0,0,0,0,0,10,-2,11,-2,11,-1,12,-1,12,0,12,1,13,2,13,2,13,2,12,3,13,3,12,3,12,2,12,2,12,2,12,2,12,1,13,0,13,0,13,0,13,0,14,-1,14,-1,14,-2,14,-2,15,-2]"
2025-08-18 22:56:24.411308,CSI_DATA,467,1a:00:00:00:00:00,-38,11,0,0,0,0,0,0,0,0,0,-92,0,1,0,81040472,0,42,0,128,0,"[0,0,14,-5,13,-6,13,-5,13,-5,13,-6,12,-6,12,-6,11,-6,11,-7,10,-7,10,-7,10,-8,10,-8,10,-9,10,-9,10,-9,10,-9,11,-9,11,-9,11,-8,11,-8,11,-7,11,-7,11,-6,11,-5,11,-5,0,0,0,0,0,0,0,0,0,0,0,0,0,0,0,0,0,0,0,0,0,0,9,-5,10,-5,10,-4,11,-4,11,-3,12,-3,12,-2,13,-2,13,-1,13,-1,12,-1,12,-1,12,-1,12,-1,12,-2,12,-2,12,-2,12,-3,13,-3,12,-4,13,-4,13,-5,13,-5,13,-5,13,-5,14,-5]"
2025-08-18 22:56:24.473852,CSI_DATA,468,1a:00:00:00:00:00,-38,11,0,0,0,0,0,0,0,0,0,-92,0,1,0,81108410,0,31,0,128,0,"[0,0,5,14,5,13,5,13,5,13,5,13,5,12,6,12,6,11,6,11,7,10,7,10,8,10,8,10,8,10,8,9,9,10,9,10,9,10,9,11,8,11,8,11,7,11,6,11,6,11,5,11,4,11,0,0,0,0,0,0,0,0,0,0,0,0,0,0,0,0,0,0,0,0,0,0,5,9,4,10,3,11,3,11,3,12,2,12,1,13,1,13,0,13,0,13,0,13,0,12,0,12,0,12,1,12,1,12,1,12,2,12,2,12,3,13,3,13,3,13,4,13,5,14,5,14,5,14]"
2025-08-18 22:56:24.683976,CSI_DATA,469,1a:00:00:00:00:00,-38,11,0,0,0,0,0,0,0,0,0,-92,0,1,0,81308394,0,31,0,128,0,"[0,0,-11,-10,-13,-9,-11,-8,-8,-10,-10,-9,-9,-7,-8,-8,-11,-6,-12,-9,-11,-7,-13,-6,-12,-6,-12,-3,-12,-3,-13,-4,-13,-3,-13,-3,-14,-2,-15,-4,-15,-5,-13,-4,-15,-4,-14,-7,-12,-6,-14,-3,-10,-8,0,0,0,0,0,0,0,0,0,0,0,0,0,0,0,0,0,0,0,0,0,0,-8,-7,-8,-8,-8,-9,-8,-9,-8,-10,-8,-10,-7,-11,-7,-11,-6,-11,-6,-12,-6,-11,-6,-11,-6,-11,-6,-11,-6,-11,-7,-10,-8,-10,-8,-10,-9,-10,-10,-10,-10,-9,-11,-10,-10,-9,-11,-9,-11,-9,-12,-10]"
2025-08-18 22:56:24.875926,CSI_DATA,470,1a:00:00:00:00:00,-38,11,0,0,0,0,0,0,0,0,0,-92,0,1,0,81508324,0,31,0,128,0,"[0,0,14,1,14,0,14,0,14,0,13,-1,13,-1,13,-1,13,-2,12,-2,12,-3,12,-3,12,-4,12,-4,12,-5,12,-5,12,-5,12,-5,13,-5,13,-4,13,-4,13,-3,12,-3,12,-2,12,-2,12,-1,12,0,0,0,0,0,0,0,0,0,0,0,0,0,0,0,0,0,0,0,0,0,0,0,10,-1,11,0,11,0,11,1,11,1,12,2,12,3,12,3,12,4,11,4,11,4,11,4,11,4,11,4,11,3,11,3,12,3,12,2,12,2,12,1,13,1,13,1,14,0,14,1,14,0,14,0]"
2025-08-18 22:56:25.079216,CSI_DATA,471,1a:00:00:00:00:00,-38,11,0,0,0,0,0,0,0,0,0,-92,0,1,0,81710006,0,31,0,128,0,"[0,0,14,-4,13,-4,13,-4,13,-4,13,-4,12,-5,12,-5,12,-5,11,-5,11,-6,11,-6,10,-7,10,-7,10,-7,11,-8,11,-8,11,-8,11,-8,12,-7,12,-7,12,-7,12,-6,12,-5,12,-4,11,-4,12,-3,0,0,0,0,0,0,0,0,0,0,0,0,0,0,0,0,0,0,0,0,0,0,9,-5,10,-4,11,-3,11,-3,12,-3,12,-2,12,-1,13,-1,13,0,12,0,12,0,12,0,12,0,12,0,12,0,12,-1,12,-1,12,-2,12,-2,12,-3,13,-3,13,-3,13,-3,13,-4,14,-4,14,-4]"
2025-08-18 22:56:25.280546,CSI_DATA,472,1a:00:00:00:00:00,-38,11,0,0,0,0,0,0,0,0,0,-92,0,1,0,81910503,0,31,0,128,0,"[0,0,9,10,9,10,9,10,9,9,9,9,9,9,9,8,10,8,9,7,10,7,10,6,10,6,10,6,11,6,11,6,11,6,11,6,11,6,11,7,11,7,11,7,10,8,9,8,8,9,8,8,7,9,0,0,0,0,0,0,0,0,0,0,0,0,0,0,0,0,0,0,0,0,0,0,8,6,8,6,8,7,7,8,7,8,7,9,7,10,6,10,6,10,5,10,5,10,5,11,5,10,5,10,5,10,5,10,6,10,6,9,7,9,8,9,8,9,8,10,9,10,9,10,9,10,10,10]"
2025-08-18 22:56:25.431012,CSI_DATA,473,1a:00:00:00:00:00,-38,11,0,0,0,0,0,0,0,0,0,-92,0,1,0,82065589,0,28,0,128,0,"[0,0,5,14,5,13,5,13,5,12,5,12,5,12,6,11,6,11,6,11,7,10,7,10,8,10,8,9,8,10,8,9,9,10,9,10,9,10,9,11,8,11,8,11,7,11,6,11,5,11,5,11,4,11,0,0,0,0,0,0,0,0,0,0,0,0,0,0,0,0,0,0,0,0,0,0,5,9,4,10,4,10,3,11,3,11,2,12,1,12,1,12,1,12,0,12,0,12,0,12,0,12,1,12,1,12,1,11,2,12,2,11,3,12,3,12,3,12,4,12,4,12,5,13,5,13,5,13]"
2025-08-18 22:56:25.500264,CSI_DATA,474,1a:00:00:00:00:00,-38,11,0,0,0,0,0,0,0,0,0,-92,0,1,0,82111641,0,31,0,128,0,"[0,0,-15,-4,-15,-4,-14,-4,-14,-3,-14,-3,-14,-3,-14,-2,-13,-2,-13,-1,-13,-1,-13,0,-13,0,-13,1,-13,1,-14,1,-14,1,-14,1,-14,1,-15,0,-14,0,-14,-1,-14,-1,-14,-2,-13,-2,-13,-3,-12,-3,0,0,0,0,0,0,0,0,0,0,0,0,0,0,0,0,0,0,0,0,0,0,-11,-1,-11,-2,-11,-3,-11,-3,-12,-4,-12,-5,-12,-6,-12,-6,-12,-6,-12,-7,-11,-7,-11,-7,-11,-7,-11,-6,-11,-6,-11,-6,-11,-5,-12,-5,-12,-5,-13,-5,-13,-4,-13,-4,-14,-4,-14,-4,-14,-4,-14,-3]"
2025-08-18 22:56:25.684826,CSI_DATA,475,1a:00:00:00:00:00,-38,11,0,0,0,0,0,0,0,0,0,-92,0,1,0,82313121,0,31,0,128,0,"[0,0,2,-15,2,-15,1,-15,1,-15,1,-14,1,-14,0,-14,0,-14,-1,-13,-1,-13,-2,-13,-2,-13,-3,-13,-3,-13,-3,-13,-3,-13,-3,-14,-3,-14,-3,-14,-2,-14,-1,-14,-1,-14,0,-14,0,-13,1,-13,1,-13,0,0,0,0,0,0,0,0,0,0,0,0,0,0,0,0,0,0,0,0,0,0,-1,-11,0,-11,1,-12,2,-12,2,-12,3,-12,4,-12,4,-12,5,-12,5,-12,5,-12,5,-11,5,-12,5,-12,4,-11,4,-12,4,-12,3,-12,3,-13,3,-13,3,-13,2,-14,2,-14,2,-14,2,-15,2,-14]"
2025-08-18 22:56:25.880786,CSI_DATA,476,1a:00:00:00:00:00,-38,11,0,0,0,0,0,0,0,0,0,-92,0,1,0,82514321,0,31,0,128,0,"[0,0,14,3,14,3,13,3,14,2,13,2,13,2,13,1,13,1,13,0,13,0,12,0,12,-1,12,-1,12,-2,13,-2,13,-2,13,-2,14,-2,14,-2,14,-1,14,-1,13,0,13,1,12,2,12,2,12,3,0,0,0,0,0,0,0,0,0,0,0,0,0,0,0,0,0,0,0,0,0,0,10,1,11,1,11,2,11,3,11,4,11,4,11,5,11,5,11,6,10,6,10,7,10,6,10,6,10,6,11,5,10,5,11,5,11,4,12,4,12,4,12,4,13,3,13,3,13,4,14,4,14,3]"
2025-08-18 22:56:25.950150,CSI_DATA,477,1a:00:00:00:00:00,-38,11,0,0,0,0,0,0,0,0,0,-92,0,1,0,82574510,0,42,0,128,0,"[0,0,-14,-8,-13,-8,-13,-8,-13,-7,-13,-7,-13,-7,-13,-6,-13,-6,-13,-5,-13,-4,-13,-4,-13,-4,-14,-3,-14,-3,-14,-2,-14,-2,-14,-3,-14,-3,-15,-3,-14,-4,-14,-4,-14,-5,-13,-5,-13,-5,-12,-6,-12,-7,0,0,0,0,0,0,0,0,0,0,0,0,0,0,0,0,0,0,0,0,0,0,-10,-5,-10,-6,-10,-7,-10,-7,-10,-8,-10,-9,-10,-10,-9,-10,-9,-10,-9,-10,-9,-10,-8,-10,-9,-10,-9,-10,-9,-10,-9,-9,-10,-9,-10,-8,-11,-8,-11,-8,-11,-8,-12,-8,-12,-8,-13,-8,-13,-8,-13,-8]"
2025-08-18 22:56:26.014224,CSI_DATA,478,1a:00:00:00:00:00,-38,11,0,0,0,0,0,0,0,0,0,-92,0,1,0,82644386,0,31,0,128,0,"[0,0,-7,13,-7,13,-7,13,-6,12,-6,13,-6,12,-5,12,-4,12,-4,12,-3,12,-3,12,-2,12,-2,13,-2,13,-2,13,-2,13,-2,13,-2,13,-3,14,-3,13,-3,13,-4,13,-4,13,-5,12,-5,11,-6,11,0,0,0,0,0,0,0,0,0,0,0,0,0,0,0,0,0,0,0,0,0,0,-4,10,-5,10,-6,10,-6,10,-7,10,-7,10,-8,10,-9,10,-9,9,-9,9,-9,9,-9,9,-9,9,-9,9,-9,9,-8,9,-8,9,-8,10,-7,10,-7,11,-7,11,-7,12,-7,12,-7,13,-7,13,-6,13]"
2025-08-18 22:56:26.221035,CSI_DATA,479,1a:00:00:00:00:00,-38,11,0,0,0,0,0,0,0,0,0,-92,0,1,0,82850407,0,31,0,128,0,"[0,0,-11,10,-11,9,-11,9,-11,9,-10,9,-10,9,-10,9,-9,10,-8,10,-8,10,-7,10,-7,11,-7,11,-7,11,-7,11,-7,11,-7,12,-7,12,-8,11,-8,11,-8,11,-8,10,-9,10,-9,9,-9,8,-9,8,0,0,0,0,0,0,0,0,0,0,0,0,0,0,0,0,0,0,0,0,0,0,-7,8,-8,8,-9,7,-10,7,-10,7,-11,7,-11,6,-12,6,-12,5,-12,5,-12,5,-12,5,-12,5,-11,5,-11,6,-11,5,-11,6,-11,6,-11,7,-11,7,-11,8,-11,8,-11,9,-11,10,-11,10,-11,9]"
2025-08-18 22:56:26.418381,CSI_DATA,480,1a:00:00:00:00:00,-38,11,0,0,0,0,0,0,0,0,0,-92,0,1,0,83044900,0,31,0,128,0,"[0,0,-1,-15,-1,-15,-1,-15,-1,-14,-1,-14,-2,-14,-2,-13,-2,-13,-3,-13,-3,-13,-4,-13,-4,-13,-5,-12,-5,-12,-5,-12,-5,-13,-5,-13,-5,-13,-5,-13,-4,-14,-4,-13,-3,-14,-2,-14,-2,-13,-1,-12,0,-12,0,0,0,0,0,0,0,0,0,0,0,0,0,0,0,0,0,0,0,0,0,0,-2,-11,-1,-11,-1,-12,0,-12,0,-12,1,-12,2,-13,2,-13,3,-12,3,-12,3,-12,3,-12,3,-12,3,-12,2,-12,2,-12,2,-12,1,-13,1,-13,1,-13,0,-14,0,-13,-1,-14,-1,-15,0,-15,-1,-15]"
2025-08-18 22:56:26.610084,CSI_DATA,481,1a:00:00:00:00:00,-38,11,0,0,0,0,0,0,0,0,0,-92,0,1,0,83245816,0,31,0,128,0,"[0,0,13,6,12,5,12,5,12,5,12,5,12,5,12,4,12,3,12,3,12,2,12,2,12,1,12,1,12,1,12,1,13,1,13,1,13,1,13,1,13,2,13,2,12,3,12,3,11,4,11,4,10,5,0,0,0,0,0,0,0,0,0,0,0,0,0,0,0,0,0,0,0,0,0,0,10,2,10,3,10,4,10,5,10,5,10,6,10,7,10,7,9,8,9,8,9,8,9,8,9,8,9,7,9,7,9,7,9,7,10,6,11,6,11,6,11,6,11,6,12,5,12,6,13,6,13,6]"
2025-08-18 22:56:26.817222,CSI_DATA,482,1a:00:00:00:00:00,-38,11,0,0,0,0,0,0,0,0,0,-92,0,1,0,83446990,0,31,0,128,0,"[0,0,10,-10,10,-11,10,-10,10,-10,9,-11,9,-10,8,-11,8,-11,7,-11,6,-11,6,-11,6,-11,6,-12,5,-12,5,-12,5,-12,6,-12,6,-13,6,-13,6,-12,7,-12,7,-11,7,-11,8,-10,8,-9,8,-9,0,0,0,0,0,0,0,0,0,0,0,0,0,0,0,0,0,0,0,0,0,0,6,-8,7,-8,8,-8,9,-8,9,-8,10,-7,11,-7,11,-6,11,-6,11,-6,11,-5,11,-5,11,-5,11,-6,10,-6,10,-6,10,-7,10,-7,10,-8,10,-8,10,-9,10,-9,10,-9,10,-10,10,-10,10,-10]"
2025-08-18 22:56:27.027382,CSI_DATA,483,1a:00:00:00:00:00,-38,11,0,0,0,0,0,0,0,0,0,-92,0,1,0,83648248,0,31,0,128,0,"[0,0,13,4,13,3,13,4,13,3,13,3,13,3,12,2,12,2,12,1,13,0,12,0,12,-1,12,-1,12,-1,13,-1,13,-1,13,-1,13,-1,13,0,13,0,13,1,12,1,12,2,12,2,11,2,11,3,0,0,0,0,0,0,0,0,0,0,0,0,0,0,0,0,0,0,0,0,0,0,10,1,10,2,10,2,10,3,11,4,11,5,11,6,10,6,10,6,10,7,10,7,10,7,10,6,10,6,10,6,10,5,10,5,11,5,11,4,12,5,12,4,12,4,13,4,13,3,13,4,13,3]"
2025-08-18 22:56:27.219162,CSI_DATA,484,1a:00:00:00:00:00,-38,11,0,0,0,0,0,0,0,0,0,-92,0,1,0,83849510,0,31,0,128,0,"[0,0,15,-3,14,-3,14,-3,14,-3,13,-4,13,-4,13,-4,12,-4,12,-5,12,-5,12,-6,11,-6,11,-6,11,-7,11,-7,11,-7,11,-7,12,-7,12,-7,12,-6,12,-6,12,-5,12,-4,12,-4,12,-3,12,-2,0,0,0,0,0,0,0,0,0,0,0,0,0,0,0,0,0,0,0,0,0,0,10,-3,10,-3,11,-2,11,-2,12,-1,12,0,13,0,13,1,12,1,12,1,12,2,12,2,12,2,12,1,12,1,12,1,12,0,12,0,13,-1,13,-1,13,-2,13,-2,13,-2,14,-3,14,-3,14,-3]"
2025-08-18 22:56:27.426843,CSI_DATA,485,1a:00:00:00:00:00,-38,11,0,0,0,0,0,0,0,0,0,-92,0,1,0,84050668,0,31,0,128,0,"[0,0,-6,-14,-6,-14,-6,-14,-6,-13,-6,-13,-6,-13,-6,-13,-7,-12,-7,-12,-7,-11,-8,-11,-8,-10,-9,-10,-9,-10,-9,-10,-9,-10,-9,-11,-10,-11,-9,-12,-9,-11,-8,-12,-8,-12,-7,-12,-6,-12,-6,-11,-5,-12,0,0,0,0,0,0,0,0,0,0,0,0,0,0,0,0,0,0,0,0,0,0,-5,-10,-5,-10,-4,-11,-4,-12,-3,-12,-3,-12,-2,-13,-2,-13,-2,-13,-1,-13,-1,-13,-1,-13,-1,-13,-1,-13,-1,-12,-2,-12,-2,-12,-3,-12,-3,-13,-4,-13,-4,-13,-5,-13,-5,-13,-6,-14,-6,-14,-6,-14]"
2025-08-18 22:56:27.486699,CSI_DATA,486,1a:00:00:00:00:00,-38,11,0,0,0,0,0,0,0,0,0,-92,0,1,0,84111055,0,42,0,128,0,"[0,0,-5,-14,-6,-14,-6,-14,-6,-13,-6,-13,-6,-13,-6,-13,-6,-12,-7,-12,-7,-11,-8,-11,-8,-11,-8,-10,-9,-10,-9,-10,-9,-10,-9,-11,-9,-11,-9,-11,-8,-12,-8,-12,-7,-12,-6,-12,-6,-12,-5,-11,-5,-12,0,0,0,0,0,0,0,0,0,0,0,0,0,0,0,0,0,0,0,0,0,0,-6,-10,-5,-10,-5,-11,-4,-11,-4,-12,-3,-12,-2,-13,-2,-13,-2,-13,-1,-13,-1,-13,-1,-13,-1,-13,-1,-13,-2,-12,-2,-12,-2,-12,-3,-13,-4,-13,-4,-13,-4,-13,-5,-13,-5,-13,-5,-14,-5,-14,-5,-14]"
2025-08-18 22:56:27.549642,CSI_DATA,487,1a:00:00:00:00:00,-38,11,0,0,0,0,0,0,0,0,0,-92,0,1,0,84180382,0,31,0,128,0,"[0,0,15,-4,13,-4,14,-4,14,-4,14,-5,13,-4,12,-4,12,-5,12,-5,11,-6,12,-6,11,-7,11,-7,11,-8,11,-7,11,-8,11,-8,12,-8,12,-8,12,-7,13,-7,12,-6,12,-5,11,-5,12,-4,12,-3,0,0,0,0,0,0,0,0,0,0,0,0,0,0,0,0,0,0,0,0,0,0,9,-4,10,-4,11,-3,11,-3,12,-2,12,-1,13,-1,12,0,13,0,12,0,12,1,12,1,12,0,12,0,12,0,12,0,12,0,12,-1,13,-2,13,-2,13,-3,13,-3,14,-3,14,-4,14,-4,14,-4]"
2025-08-18 22:56:27.748910,CSI_DATA,488,1a:00:00:00:00:00,-38,11,0,0,0,0,0,0,0,0,0,-92,0,1,0,84380651,0,31,0,128,0,"[0,0,1,12,-3,14,1,15,3,15,1,14,-1,12,-3,14,4,14,2,8,3,11,4,10,6,13,4,9,2,11,4,13,3,11,2,12,3,11,5,12,4,16,4,10,1,13,-2,12,-1,8,3,8,-1,12,0,0,0,0,0,0,0,0,0,0,0,0,0,0,0,0,0,0,0,0,0,0,0,10,-1,10,-1,10,-2,11,-3,11,-3,11,-4,11,-4,11,-5,11,-5,11,-5,11,-5,11,-5,11,-5,11,-4,11,-4,11,-4,11,-3,11,-3,12,-2,12,-2,12,-3,13,0,12,-3,13,-1,14,-1,12]"
2025-08-18 22:56:27.954118,CSI_DATA,489,1a:00:00:00:00:00,-38,11,0,0,0,0,0,0,0,0,0,-92,0,1,0,84580100,0,31,0,128,0,"[0,0,-15,-3,-15,-3,-15,-2,-15,-2,-15,-2,-14,-1,-14,-1,-14,-1,-13,0,-13,0,-14,1,-13,1,-13,2,-13,2,-14,2,-14,2,-14,2,-14,2,-15,2,-14,2,-15,1,-14,0,-14,0,-14,-1,-13,-1,-13,-2,0,0,0,0,0,0,0,0,0,0,0,0,0,0,0,0,0,0,0,0,0,0,-11,-1,-12,-2,-12,-2,-12,-3,-12,-4,-13,-5,-13,-5,-13,-6,-12,-6,-12,-7,-12,-7,-12,-7,-12,-6,-12,-6,-12,-6,-12,-5,-13,-5,-13,-4,-13,-4,-13,-4,-14,-4,-14,-3,-15,-3,-15,-3,-15,-3,-15,-3]"
2025-08-18 22:56:28.144793,CSI_DATA,490,1a:00:00:00:00:00,-38,11,0,0,0,0,0,0,0,0,0,-92,0,1,0,84781481,0,31,0,128,0,"[0,0,8,11,9,11,8,10,9,10,9,10,8,10,8,9,9,9,9,8,9,8,9,7,10,7,10,7,10,6,11,6,11,6,11,7,11,7,11,8,11,8,10,8,9,8,9,9,8,9,8,9,7,9,0,0,0,0,0,0,0,0,0,0,0,0,0,0,0,0,0,0,0,0,0,0,7,7,7,7,7,8,6,8,6,9,6,10,5,11,5,11,5,11,4,11,4,11,4,11,4,11,4,11,4,10,5,10,5,10,6,10,6,10,7,10,7,10,7,10,8,11,8,11,9,11,8,11]"
2025-08-18 22:56:28.348033,CSI_DATA,491,1a:00:00:00:00:00,-38,11,0,0,0,0,0,0,0,0,0,-92,0,1,0,84982575,0,31,0,128,0,"[0,0,3,14,3,14,3,14,3,14,4,13,4,13,4,13,4,12,4,12,5,11,6,11,6,11,6,11,6,11,7,11,7,11,7,11,6,11,7,12,6,12,6,12,5,12,4,12,4,12,3,12,2,12,0,0,0,0,0,0,0,0,0,0,0,0,0,0,0,0,0,0,0,0,0,0,4,9,3,10,2,11,2,11,1,12,1,12,0,12,0,12,-1,13,-1,12,-1,12,-2,12,-2,12,-1,12,-1,12,0,12,0,12,1,12,1,12,2,13,2,13,2,13,2,14,3,14,3,14,3,14]"
2025-08-18 22:56:28.561912,CSI_DATA,492,1a:00:00:00:00:00,-38,11,0,0,0,0,0,0,0,0,0,-92,0,1,0,85183684,0,31,0,128,0,"[0,0,-11,9,-11,9,-11,9,-11,9,-10,9,-10,9,-10,9,-9,9,-9,9,-8,10,-8,10,-7,10,-7,10,-7,11,-7,11,-7,11,-7,11,-8,11,-8,11,-9,11,-9,10,-9,10,-9,9,-9,9,-10,8,-10,7,0,0,0,0,0,0,0,0,0,0,0,0,0,0,0,0,0,0,0,0,0,0,-8,7,-8,7,-9,6,-10,6,-10,6,-11,6,-11,5,-12,5,-12,5,-12,4,-12,4,-12,4,-12,4,-12,4,-11,4,-11,5,-11,5,-11,6,-11,6,-11,7,-11,7,-11,7,-11,8,-11,8,-11,9,-11,9]"
2025-08-18 22:56:28.955632,CSI_DATA,493,1a:00:00:00:00:00,-38,11,0,0,0,0,0,0,0,0,0,-92,0,1,0,85384841,0,31,0,128,0,"[0,0,9,-12,9,-12,9,-12,8,-12,8,-12,8,-12,7,-12,7,-12,6,-12,5,-12,5,-12,4,-13,4,-13,4,-13,4,-13,4,-13,4,-14,5,-14,5,-14,5,-14,6,-13,6,-13,6,-12,6,-12,7,-11,7,-10,0,0,0,0,0,0,0,0,0,0,0,0,0,0,0,0,0,0,0,0,0,0,5,-10,6,-10,7,-10,8,-9,8,-9,9,-9,10,-8,10,-8,10,-8,10,-7,11,-7,10,-7,10,-8,10,-7,10,-8,9,-8,9,-8,9,-9,9,-10,9,-10,9,-10,9,-11,9,-11,9,-12,9,-12,10,-12]"
2025-08-18 22:56:28.961821,CSI_DATA,494,1a:00:00:00:00:00,-38,11,0,0,0,0,0,0,0,0,0,-92,0,1,0,85586079,0,31,0,128,0,"[0,0,11,-9,11,-10,10,-9,10,-10,9,-10,9,-10,9,-10,8,-10,8,-10,7,-10,7,-10,7,-11,7,-11,6,-11,6,-12,6,-12,6,-12,7,-11,7,-12,7,-12,8,-11,8,-11,8,-10,9,-9,9,-8,9,-8,0,0,0,0,0,0,0,0,0,0,0,0,0,0,0,0,0,0,0,0,0,0,7,-9,7,-8,8,-8,9,-8,10,-8,10,-7,11,-7,11,-6,11,-6,12,-6,11,-5,11,-5,11,-5,11,-5,10,-6,11,-6,10,-6,10,-7,10,-7,10,-8,10,-8,10,-9,11,-9,11,-9,11,-9,11,-10]"
2025-08-18 22:56:29.015103,CSI_DATA,495,1a:00:00:00:00:00,-38,11,0,0,0,0,0,0,0,0,0,-92,0,1,0,85646467,0,42,0,128,0,"[0,0,14,-1,14,-2,13,-2,13,-2,13,-3,13,-3,12,-3,12,-3,12,-4,11,-4,11,-5,11,-5,11,-5,11,-6,11,-6,11,-6,11,-6,12,-6,12,-6,12,-5,12,-5,12,-4,12,-4,11,-3,11,-2,11,-2,0,0,0,0,0,0,0,0,0,0,0,0,0,0,0,0,0,0,0,0,0,0,10,-3,10,-2,11,-1,11,0,12,0,12,1,12,1,12,2,12,2,12,2,12,3,11,3,11,3,11,2,11,2,11,2,11,1,12,0,12,0,12,0,12,0,13,-1,13,-1,13,-1,14,-1,14,-2]"
2025-08-18 22:56:29.080555,CSI_DATA,496,1a:00:00:00:00:00,-38,11,0,0,0,0,0,0,0,0,0,-92,0,1,0,85716365,0,31,0,128,0,"[0,0,9,11,9,11,8,11,9,10,9,10,8,10,9,9,9,9,9,8,10,8,10,7,10,7,10,7,10,7,11,7,11,7,11,7,11,7,11,7,10,8,10,8,9,8,9,9,8,9,7,9,7,9,0,0,0,0,0,0,0,0,0,0,0,0,0,0,0,0,0,0,0,0,0,0,8,7,7,7,7,8,7,9,7,10,6,10,6,11,5,11,5,11,5,11,4,11,4,11,4,11,4,11,5,11,5,11,5,11,6,10,6,10,7,10,7,11,7,11,8,11,8,11,9,11,9,11]"
2025-08-18 22:56:29.293369,CSI_DATA,497,1a:00:00:00:00:00,-38,11,0,0,0,0,0,0,0,0,0,-92,0,1,0,85917811,0,31,0,128,0,"[0,0,-10,-9,-11,-9,-10,-11,-11,-9,-11,-7,-9,-9,-9,-10,-12,-10,-10,-6,-11,-7,-13,-10,-12,-8,-11,-7,-13,-8,-12,-8,-12,-7,-11,-7,-13,-8,-12,-8,-12,-8,-9,-7,-10,-9,-8,-9,-8,-6,-9,-8,-8,-10,0,0,0,0,0,0,0,0,0,0,0,0,0,0,0,0,0,0,0,0,0,0,-9,-7,-8,-8,-8,-8,-8,-9,-8,-9,-8,-10,-7,-11,-7,-11,-6,-11,-6,-12,-6,-11,-6,-12,-6,-12,-6,-11,-6,-11,-6,-11,-7,-11,-7,-10,-7,-11,-8,-10,-9,-10,-8,-10,-10,-11,-10,-11,-10,-10,-10,-11]"
2025-08-18 22:56:29.484877,CSI_DATA,498,1a:00:00:00:00:00,-38,11,0,0,0,0,0,0,0,0,0,-92,0,1,0,86117973,0,31,0,128,0,"[0,0,0,15,0,14,1,14,1,14,1,14,1,13,2,13,2,13,3,12,3,12,4,12,4,12,4,12,5,12,5,12,5,12,5,12,5,12,5,13,5,12,4,13,3,13,3,13,2,12,1,12,0,12,0,0,0,0,0,0,0,0,0,0,0,0,0,0,0,0,0,0,0,0,0,0,1,10,1,11,0,11,-1,11,-1,12,-2,12,-2,12,-3,12,-3,12,-4,12,-4,12,-4,12,-4,12,-3,11,-3,11,-3,12,-2,12,-1,12,-1,12,-1,13,-1,13,-1,13,0,14,1,14,0,15,1,14]"
2025-08-18 22:56:29.892460,CSI_DATA,499,1a:00:00:00:00:00,-38,11,0,0,0,0,0,0,0,0,0,-92,0,1,0,86317918,0,31,0,128,0,"[0,0,-11,10,-11,9,-11,9,-11,9,-10,10,-10,9,-9,9,-9,10,-8,10,-7,10,-7,10,-7,11,-7,11,-6,11,-6,11,-6,11,-7,12,-7,12,-8,12,-8,11,-8,11,-8,10,-8,10,-9,9,-9,8,-9,8,0,0,0,0,0,0,0,0,0,0,0,0,0,0,0,0,0,0,0,0,0,0,-7,8,-8,8,-9,7,-10,7,-10,7,-11,7,-11,6,-12,6,-12,5,-12,5,-12,5,-12,5,-12,5,-11,5,-11,5,-11,5,-11,6,-11,6,-11,7,-11,8,-11,8,-11,8,-11,9,-11,9,-11,9,-11,9]"
2025-08-18 22:56:29.898707,CSI_DATA,500,1a:00:00:00:00:00,-38,11,0,0,0,0,0,0,0,0,0,-92,0,1,0,86519065,0,31,0,128,0,"[0,0,-3,-15,-3,-15,-3,-15,-3,-15,-4,-15,-4,-14,-4,-14,-5,-13,-5,-13,-6,-12,-6,-12,-7,-12,-7,-12,-7,-12,-8,-12,-8,-12,-8,-12,-8,-12,-8,-13,-7,-13,-7,-13,-6,-13,-5,-13,-5,-13,-4,-13,-3,-13,0,0,0,0,0,0,0,0,0,0,0,0,0,0,0,0,0,0,0,0,0,0,-3,-11,-3,-12,-2,-12,-1,-13,-1,-13,0,-13,0,-14,1,-14,1,-14,1,-13,2,-13,2,-13,2,-13,1,-13,1,-13,1,-13,0,-13,0,-13,-1,-14,-2,-14,-2,-14,-2,-14,-3,-14,-3,-15,-3,-15,-3,-15]"
2025-08-18 22:56:30.093934,CSI_DATA,501,1a:00:00:00:00:00,-38,11,0,0,0,0,0,0,0,0,0,-92,0,1,0,86720318,0,31,0,128,0,"[0,0,13,-6,13,-6,13,-6,12,-6,12,-7,11,-6,11,-7,11,-7,10,-7,10,-8,10,-8,9,-9,9,-9,9,-9,9,-9,9,-10,9,-9,10,-10,10,-9,10,-9,11,-8,11,-8,10,-7,11,-6,11,-6,11,-5,0,0,0,0,0,0,0,0,0,0,0,0,0,0,0,0,0,0,0,0,0,0,8,-6,9,-6,10,-5,10,-5,11,-4,11,-4,12,-3,12,-3,12,-2,12,-2,12,-2,12,-2,12,-2,12,-2,12,-2,11,-2,11,-3,11,-3,12,-4,12,-4,12,-5,12,-5,12,-6,13,-6,13,-6,13,-6]"
2025-08-18 22:56:30.349195,CSI_DATA,502,1a:00:00:00:00:00,-38,11,0,0,0,0,0,0,0,0,0,-92,0,1,0,86921438,0,31,0,128,0,"[0,0,-13,7,-13,7,-12,7,-12,7,-12,7,-11,7,-11,7,-11,7,-10,8,-10,8,-9,8,-9,8,-9,9,-9,9,-9,10,-9,10,-9,10,-9,10,-9,10,-10,9,-10,9,-10,9,-10,8,-10,7,-10,6,-11,6,0,0,0,0,0,0,0,0,0,0,0,0,0,0,0,0,0,0,0,0,0,0,-9,6,-10,5,-10,5,-11,4,-11,4,-12,4,-12,4,-13,3,-13,3,-13,2,-13,2,-13,1,-12,2,-12,2,-12,2,-12,3,-12,3,-12,4,-12,4,-12,5,-12,5,-12,6,-13,6,-13,6,-13,6,-13,6]"
2025-08-18 22:56:30.491897,CSI_DATA,503,1a:00:00:00:00:00,-38,11,0,0,0,0,0,0,0,0,0,-92,0,1,0,87122587,0,31,0,128,0,"[0,0,9,-12,8,-12,9,-12,8,-11,8,-12,7,-11,7,-11,6,-11,6,-11,5,-12,5,-12,4,-12,4,-12,4,-13,4,-12,4,-13,4,-13,4,-13,5,-13,5,-13,5,-13,6,-12,6,-12,6,-11,7,-10,7,-10,0,0,0,0,0,0,0,0,0,0,0,0,0,0,0,0,0,0,0,0,0,0,5,-9,6,-9,7,-9,8,-9,8,-9,9,-9,10,-8,10,-8,10,-8,10,-7,10,-7,10,-7,10,-7,10,-7,10,-7,9,-8,9,-8,9,-9,9,-9,9,-10,9,-10,9,-10,9,-11,9,-11,9,-11,9,-12]"
2025-08-18 22:56:30.546261,CSI_DATA,504,1a:00:00:00:00:00,-38,11,0,0,0,0,0,0,0,0,0,-92,0,1,0,87182985,0,42,0,128,0,"[0,0,12,8,11,8,11,7,11,7,11,7,11,6,11,6,11,6,11,5,11,5,11,4,11,3,12,4,12,3,12,3,12,3,12,4,12,4,13,4,12,4,12,5,11,5,11,6,10,6,10,7,9,7,0,0,0,0,0,0,0,0,0,0,0,0,0,0,0,0,0,0,0,0,0,0,9,4,9,4,9,5,9,6,9,7,9,7,9,8,9,8,8,9,8,9,8,9,7,9,7,9,8,9,8,9,8,8,8,8,9,8,9,8,10,7,10,8,10,8,11,7,11,8,11,8,12,8]"
2025-08-18 22:56:30.635986,CSI_DATA,505,1a:00:00:00:00:00,-38,11,0,0,0,0,0,0,0,0,0,-92,0,1,0,87252476,0,31,0,128,0,"[0,0,13,-5,13,-5,13,-5,12,-5,12,-5,12,-5,11,-6,11,-6,11,-6,10,-7,10,-7,10,-8,10,-8,10,-8,10,-8,10,-9,10,-9,10,-8,11,-8,11,-8,11,-7,11,-7,11,-6,11,-5,11,-5,11,-4,0,0,0,0,0,0,0,0,0,0,0,0,0,0,0,0,0,0,0,0,0,0,9,-5,9,-5,10,-4,10,-4,11,-3,11,-3,12,-2,12,-2,12,-1,12,-1,12,-1,12,0,12,-1,12,-1,12,-1,11,-1,11,-2,11,-3,12,-3,12,-3,12,-4,12,-4,13,-4,13,-5,13,-5,13,-5]"
2025-08-18 22:56:30.826584,CSI_DATA,506,1a:00:00:00:00:00,-38,11,0,0,0,0,0,0,0,0,0,-92,0,1,0,87451925,0,31,0,128,0,"[0,0,-5,-12,-4,-11,-5,-13,-7,-13,-4,-14,-6,-12,-7,-12,-7,-10,-8,-11,-7,-9,-7,-7,-8,-10,-8,-9,-6,-8,-8,-9,-9,-9,-10,-9,-9,-12,-10,-9,-8,-11,-7,-9,-8,-12,-7,-10,-7,-10,-6,-10,-5,-10,0,0,0,0,0,0,0,0,0,0,0,0,0,0,0,0,0,0,0,0,0,0,-5,-10,-5,-10,-5,-11,-4,-11,-4,-12,-3,-12,-3,-12,-2,-13,-2,-13,-1,-13,-1,-13,-1,-12,-1,-12,-2,-12,-2,-12,-2,-12,-3,-12,-3,-12,-3,-12,-4,-12,-4,-13,-5,-12,-5,-13,-6,-13,-6,-13,-5,-13]"
2025-08-18 22:56:31.019463,CSI_DATA,507,1a:00:00:00:00:00,-38,11,0,0,0,0,0,0,0,0,0,-92,0,1,0,87653340,0,31,0,128,0,"[0,0,14,3,14,3,14,3,14,2,13,2,13,2,13,2,13,1,12,0,13,0,12,-1,12,-1,12,-2,12,-2,13,-2,13,-2,13,-2,13,-2,14,-2,14,-1,13,-1,13,0,13,0,12,1,12,1,11,2,0,0,0,0,0,0,0,0,0,0,0,0,0,0,0,0,0,0,0,0,0,0,11,1,11,2,11,3,11,3,11,4,11,4,11,5,11,6,11,6,11,7,11,7,10,6,11,6,11,6,10,6,11,5,11,5,11,5,11,4,12,4,13,4,13,4,13,3,13,3,14,3,14,3]"
2025-08-18 22:56:31.219400,CSI_DATA,508,1a:00:00:00:00:00,-38,11,0,0,0,0,0,0,0,0,0,-92,0,1,0,87853786,0,31,0,128,0,"[0,0,14,5,14,4,13,4,13,4,13,3,13,4,13,3,13,3,12,2,13,1,13,1,13,0,13,0,13,0,13,-1,13,-1,14,-1,14,0,14,0,14,1,13,1,13,2,13,2,12,2,12,3,11,4,0,0,0,0,0,0,0,0,0,0,0,0,0,0,0,0,0,0,0,0,0,0,11,1,11,2,11,3,11,4,11,5,11,5,11,6,11,7,10,7,10,7,10,7,10,7,10,7,10,7,10,7,10,6,11,6,11,5,12,5,12,5,12,5,12,5,13,5,14,4,14,4,14,4]"
2025-08-18 22:56:31.431169,CSI_DATA,509,1a:00:00:00:00:00,-38,11,0,0,0,0,0,0,0,0,0,-92,0,1,0,88054950,0,31,0,128,0,"[0,0,-9,-12,-9,-12,-9,-12,-9,-12,-9,-11,-9,-11,-9,-11,-9,-10,-10,-10,-10,-9,-10,-9,-10,-8,-11,-8,-11,-8,-11,-8,-12,-8,-12,-8,-11,-8,-12,-9,-11,-9,-11,-9,-10,-10,-10,-10,-9,-10,-8,-10,-7,-10,0,0,0,0,0,0,0,0,0,0,0,0,0,0,0,0,0,0,0,0,0,0,-8,-8,-7,-9,-7,-10,-7,-10,-6,-11,-6,-11,-5,-12,-5,-12,-5,-12,-4,-12,-4,-12,-4,-12,-4,-12,-4,-12,-5,-12,-5,-11,-5,-12,-6,-12,-6,-12,-7,-12,-7,-12,-8,-12,-8,-12,-8,-12,-9,-12,-9,-12]"
2025-08-18 22:56:31.630785,CSI_DATA,510,1a:00:00:00:00:00,-38,11,0,0,0,0,0,0,0,0,0,-92,0,1,0,88256085,0,31,0,128,0,"[0,0,14,0,14,-1,13,-1,13,-1,13,-2,13,-1,13,-2,12,-3,12,-3,12,-3,12,-4,12,-5,11,-5,11,-5,12,-6,12,-6,12,-6,12,-6,13,-5,13,-5,13,-4,13,-4,12,-3,12,-2,12,-2,12,-1,0,0,0,0,0,0,0,0,0,0,0,0,0,0,0,0,0,0,0,0,0,0,10,-2,10,-1,11,0,11,1,11,1,12,2,12,3,12,3,11,3,11,4,11,4,11,4,11,4,11,3,11,3,11,2,11,2,12,1,12,1,12,1,12,1,13,0,13,0,13,0,14,-1,14,0]"
2025-08-18 22:56:31.821687,CSI_DATA,511,1a:00:00:00:00:00,-38,11,0,0,0,0,0,0,0,0,0,-92,0,1,0,88457482,0,31,0,128,0,"[0,0,13,6,12,6,12,5,12,5,12,5,12,4,12,4,12,3,12,3,12,2,12,2,12,2,12,1,13,1,13,0,13,1,13,1,13,1,13,1,13,1,13,2,13,2,12,3,12,4,11,5,11,5,0,0,0,0,0,0,0,0,0,0,0,0,0,0,0,0,0,0,0,0,0,0,10,3,10,4,10,5,10,5,10,6,10,7,10,7,10,8,9,8,9,9,8,9,8,9,8,9,8,8,9,8,9,7,9,7,10,6,10,7,11,6,11,6,11,6,12,6,12,6,12,6,13,6]"
2025-08-18 22:56:32.030483,CSI_DATA,512,1a:00:00:00:00:00,-38,11,0,0,0,0,0,0,0,0,0,-92,0,1,0,88659695,0,31,0,128,0,"[0,0,-14,7,-13,7,-13,7,-12,7,-12,7,-12,7,-11,7,-11,8,-10,8,-10,8,-10,9,-9,9,-9,10,-9,10,-9,10,-9,10,-9,10,-9,10,-10,10,-10,10,-11,9,-11,9,-11,8,-11,7,-11,7,-11,6,0,0,0,0,0,0,0,0,0,0,0,0,0,0,0,0,0,0,0,0,0,0,-9,6,-10,6,-10,5,-11,5,-12,4,-12,4,-13,3,-13,3,-13,3,-13,2,-13,2,-13,2,-13,2,-13,2,-13,3,-12,3,-12,3,-12,4,-12,4,-12,5,-13,5,-13,6,-13,6,-13,7,-13,7,-13,7]"
2025-08-18 22:56:32.087431,CSI_DATA,513,1a:00:00:00:00:00,-38,11,0,0,0,0,0,0,0,0,0,-92,0,1,0,88719244,0,42,0,128,0,"[0,0,14,0,13,-1,14,0,13,-1,14,-1,13,-1,13,-1,13,-1,12,-2,12,-3,12,-4,12,-4,12,-4,12,-4,12,-5,12,-5,12,-4,13,-4,13,-4,13,-3,13,-2,13,-2,13,-1,12,-1,12,-1,12,0,0,0,0,0,0,0,0,0,0,0,0,0,0,0,0,0,0,0,0,0,0,0,10,-2,10,-1,10,-1,11,0,11,0,12,1,12,2,12,3,12,3,11,3,11,3,11,3,11,3,11,2,11,2,11,2,11,2,11,1,12,1,12,1,12,1,13,1,13,0,13,-1,13,0,14,-1]"
2025-08-18 22:56:32.602736,CSI_DATA,514,1a:00:00:00:00:00,-38,11,0,0,0,0,0,0,0,0,0,-92,0,1,0,89219278,0,42,0,128,0,"[0,0,-8,12,-8,12,-8,12,-7,11,-7,12,-7,12,-6,11,-6,11,-5,11,-4,11,-4,12,-3,12,-3,12,-3,13,-3,12,-3,13,-3,13,-3,13,-4,13,-4,13,-5,13,-6,12,-5,12,-6,11,-6,10,-7,10,0,0,0,0,0,0,0,0,0,0,0,0,0,0,0,0,0,0,0,0,0,0,-4,9,-5,10,-6,9,-7,9,-7,9,-8,9,-9,9,-9,9,-10,8,-9,8,-10,8,-10,8,-9,8,-9,8,-9,8,-9,8,-9,9,-8,9,-8,10,-8,10,-8,10,-8,11,-7,11,-7,12,-7,12,-7,12]"
2025-08-18 22:56:32.670203,CSI_DATA,515,1a:00:00:00:00:00,-38,11,0,0,0,0,0,0,0,0,0,-92,0,1,0,89300515,0,31,0,128,0,"[0,0,10,-11,9,-11,9,-11,9,-11,8,-11,8,-11,8,-11,7,-11,7,-11,6,-12,5,-12,5,-12,5,-12,5,-13,5,-13,5,-13,5,-13,5,-13,6,-13,6,-13,7,-13,7,-12,7,-11,7,-11,8,-10,8,-9,0,0,0,0,0,0,0,0,0,0,0,0,0,0,0,0,0,0,0,0,0,0,5,-9,6,-9,7,-9,8,-9,8,-8,9,-8,10,-8,10,-7,10,-7,10,-7,10,-7,10,-6,10,-7,10,-7,10,-7,9,-7,9,-7,9,-8,9,-9,9,-9,9,-9,9,-10,9,-10,9,-11,9,-11,9,-11]"
2025-08-18 22:56:32.869596,CSI_DATA,516,1a:00:00:00:00:00,-38,11,0,0,0,0,0,0,0,0,0,-92,0,1,0,89500167,0,31,0,128,0,"[0,0,-9,8,-9,10,-10,12,-11,9,-8,10,-8,10,-9,10,-10,10,-9,9,-5,9,-8,9,-6,11,-8,12,-7,9,-6,10,-6,10,-6,13,-6,11,-7,9,-8,11,-9,11,-10,9,-7,9,-10,8,-9,9,-6,7,0,0,0,0,0,0,0,0,0,0,0,0,0,0,0,0,0,0,0,0,0,0,-7,7,-8,6,-9,6,-9,6,-10,6,-10,5,-11,5,-11,4,-11,4,-12,4,-12,4,-12,4,-11,4,-11,4,-11,4,-11,5,-10,5,-11,5,-11,6,-10,7,-11,7,-11,7,-11,8,-12,9,-11,9,-11,8]"
2025-08-18 22:56:33.068022,CSI_DATA,517,1a:00:00:00:00:00,-38,11,0,0,0,0,0,0,0,0,0,-92,0,1,0,89700812,0,31,0,128,0,"[0,0,14,1,14,0,14,1,14,0,14,0,13,0,13,-1,13,-1,13,-2,13,-2,13,-3,12,-3,13,-4,12,-4,13,-5,13,-4,13,-4,13,-4,14,-4,14,-3,14,-3,13,-2,13,-1,13,-1,13,0,12,1,0,0,0,0,0,0,0,0,0,0,0,0,0,0,0,0,0,0,0,0,0,0,10,-1,11,0,11,1,11,1,12,2,12,3,12,3,12,4,12,4,12,4,11,5,11,5,11,5,11,4,11,4,11,4,11,3,12,2,12,2,13,2,13,2,14,1,14,1,14,1,14,1,14,1]"
2025-08-18 22:56:33.276974,CSI_DATA,518,1a:00:00:00:00:00,-38,11,0,0,0,0,0,0,0,0,0,-92,0,1,0,89901681,0,31,0,128,0,"[0,0,-13,-8,-13,-8,-13,-8,-13,-8,-13,-7,-13,-7,-13,-7,-13,-6,-13,-5,-13,-5,-13,-4,-13,-4,-13,-3,-13,-3,-14,-3,-14,-3,-14,-3,-14,-3,-15,-4,-14,-5,-14,-5,-13,-5,-13,-6,-13,-6,-12,-6,-11,-7,0,0,0,0,0,0,0,0,0,0,0,0,0,0,0,0,0,0,0,0,0,0,-10,-5,-10,-6,-10,-7,-10,-8,-10,-8,-10,-9,-9,-10,-9,-10,-9,-10,-9,-10,-8,-10,-8,-10,-8,-10,-9,-10,-9,-10,-9,-9,-9,-9,-10,-9,-10,-9,-11,-9,-11,-9,-12,-8,-12,-8,-13,-8,-13,-8,-13,-8]"
2025-08-18 22:56:33.489166,CSI_DATA,519,1a:00:00:00:00:00,-38,11,0,0,0,0,0,0,0,0,0,-92,0,1,0,90102804,0,31,0,128,0,"[0,0,-15,-4,-15,-4,-14,-4,-14,-4,-14,-3,-14,-3,-14,-3,-13,-2,-13,-2,-13,-1,-13,0,-13,0,-13,1,-14,1,-14,1,-14,1,-14,1,-14,1,-15,0,-14,0,-15,0,-14,-1,-14,-1,-13,-2,-13,-2,-13,-3,0,0,0,0,0,0,0,0,0,0,0,0,0,0,0,0,0,0,0,0,0,0,-11,-2,-11,-3,-11,-4,-12,-5,-11,-5,-12,-6,-12,-6,-12,-7,-11,-8,-11,-7,-11,-7,-11,-8,-11,-7,-11,-7,-11,-7,-11,-6,-11,-6,-12,-5,-12,-5,-13,-5,-13,-5,-13,-5,-14,-4,-14,-4,-15,-4,-15,-4]"
2025-08-18 22:56:33.679078,CSI_DATA,520,1a:00:00:00:00:00,-38,11,0,0,0,0,0,0,0,0,0,-92,0,1,0,90303953,0,31,0,128,0,"[0,0,-4,-14,-4,-14,-4,-14,-4,-14,-4,-14,-4,-13,-5,-13,-5,-13,-5,-12,-6,-12,-7,-12,-7,-11,-7,-11,-7,-12,-7,-11,-8,-12,-8,-12,-7,-12,-7,-13,-7,-13,-6,-13,-5,-13,-5,-13,-5,-12,-4,-12,-3,-12,0,0,0,0,0,0,0,0,0,0,0,0,0,0,0,0,0,0,0,0,0,0,-5,-10,-4,-10,-4,-11,-3,-12,-3,-12,-2,-12,-1,-13,-1,-13,0,-13,0,-13,0,-13,0,-13,0,-12,-1,-12,-1,-12,-1,-12,-1,-12,-2,-12,-2,-13,-2,-13,-3,-13,-3,-14,-4,-14,-4,-14,-4,-14,-4,-14]"
2025-08-18 22:56:33.879273,CSI_DATA,521,1a:00:00:00:00:00,-38,11,0,0,0,0,0,0,0,0,0,-92,0,1,0,90505165,0,31,0,128,0,"[0,0,-14,-2,-14,-2,-14,-2,-14,-2,-14,-2,-14,-1,-13,-1,-13,0,-13,0,-13,1,-13,1,-13,1,-13,2,-13,2,-13,2,-13,3,-13,2,-14,2,-14,2,-14,2,-14,1,-13,1,-13,0,-13,-1,-12,-2,-12,-2,0,0,0,0,0,0,0,0,0,0,0,0,0,0,0,0,0,0,0,0,0,0,-11,-1,-11,-2,-11,-2,-11,-3,-12,-4,-12,-4,-12,-5,-12,-5,-12,-5,-11,-6,-11,-7,-11,-7,-11,-6,-11,-6,-11,-5,-11,-5,-12,-5,-12,-4,-12,-4,-13,-3,-13,-3,-13,-3,-13,-3,-14,-3,-14,-3,-14,-2]"
2025-08-18 22:56:34.073258,CSI_DATA,522,1a:00:00:00:00:00,-38,11,0,0,0,0,0,0,0,0,0,-92,0,1,0,90706498,0,31,0,128,0,"[0,0,2,15,2,14,2,14,2,14,3,14,2,13,3,13,3,13,4,12,4,12,5,12,5,12,5,12,6,12,6,12,6,12,6,12,6,12,6,13,5,13,4,13,4,13,3,13,2,13,2,12,1,12,0,0,0,0,0,0,0,0,0,0,0,0,0,0,0,0,0,0,0,0,0,0,3,10,2,10,1,11,1,11,0,12,0,12,-1,12,-1,13,-2,13,-2,12,-2,12,-3,12,-2,12,-2,12,-2,12,-2,12,-1,12,0,12,0,12,0,13,1,13,1,14,2,14,2,14,2,14,2,14]"
2025-08-18 22:56:34.149164,CSI_DATA,523,1a:00:00:00:00:00,-38,11,0,0,0,0,0,0,0,0,0,-92,0,1,0,90766770,0,42,0,128,0,"[0,0,-15,2,-15,3,-14,2,-15,3,-14,3,-14,3,-14,4,-13,4,-13,4,-13,5,-12,5,-12,6,-12,6,-12,6,-12,7,-12,7,-13,7,-13,6,-13,6,-13,6,-13,5,-13,5,-13,4,-13,3,-13,2,-13,2,0,0,0,0,0,0,0,0,0,0,0,0,0,0,0,0,0,0,0,0,0,0,-11,3,-11,3,-12,2,-12,1,-13,1,-13,0,-14,0,-13,-1,-14,-1,-13,-2,-13,-2,-13,-2,-13,-2,-13,-2,-13,-1,-13,-1,-13,0,-13,0,-13,1,-14,1,-14,1,-14,2,-14,2,-15,2,-15,2,-15,3]"
2025-08-18 22:56:34.205630,CSI_DATA,524,1a:00:00:00:00:00,-38,11,0,0,0,0,0,0,0,0,0,-92,0,1,0,90836393,0,31,0,128,0,"[0,0,-8,12,-7,12,-7,12,-7,12,-6,12,-6,12,-5,12,-5,12,-4,12,-4,12,-3,12,-3,12,-2,12,-2,12,-2,13,-2,13,-2,13,-2,13,-3,13,-3,13,-3,13,-4,13,-5,12,-5,12,-6,11,-6,10,0,0,0,0,0,0,0,0,0,0,0,0,0,0,0,0,0,0,0,0,0,0,-5,9,-6,9,-7,9,-7,9,-8,9,-9,9,-9,9,-9,9,-10,8,-10,8,-10,8,-10,8,-10,8,-9,8,-9,8,-9,8,-9,9,-8,9,-8,10,-8,10,-8,11,-8,11,-7,12,-7,12,-8,12,-7,12]"
2025-08-18 22:56:34.413432,CSI_DATA,525,1a:00:00:00:00:00,-38,11,0,0,0,0,0,0,0,0,0,-92,0,1,0,91036989,0,31,0,128,0,"[0,0,-12,-11,-9,-12,-9,-11,-7,-7,-8,-9,-11,-11,-9,-12,-13,-8,-10,-4,-13,-5,-11,-8,-10,-6,-12,-6,-11,-5,-12,-4,-12,-5,-13,-5,-12,-4,-13,-6,-12,-4,-13,-7,-14,-7,-11,-9,-10,-7,-9,-3,-10,-9,0,0,0,0,0,0,0,0,0,0,0,0,0,0,0,0,0,0,0,0,0,0,-7,-8,-7,-9,-6,-10,-6,-10,-6,-11,-6,-12,-5,-12,-5,-12,-5,-12,-5,-12,-4,-12,-4,-12,-4,-12,-5,-11,-5,-11,-5,-11,-6,-11,-6,-11,-7,-11,-8,-11,-9,-11,-9,-11,-9,-12,-10,-11,-10,-11,-10,-11]"
2025-08-18 22:56:34.606760,CSI_DATA,526,1a:00:00:00:00:00,-38,11,0,0,0,0,0,0,0,0,0,-92,0,1,0,91236300,0,31,0,128,0,"[0,0,-11,10,-10,10,-11,10,-10,10,-10,10,-10,10,-9,10,-8,10,-8,10,-7,10,-7,11,-6,11,-6,11,-6,11,-6,12,-6,12,-6,12,-7,12,-7,12,-8,12,-8,11,-8,11,-8,10,-9,10,-9,9,-10,8,0,0,0,0,0,0,0,0,0,0,0,0,0,0,0,0,0,0,0,0,0,0,-6,8,-7,8,-8,8,-9,8,-9,7,-10,7,-11,7,-11,7,-11,6,-11,6,-12,6,-11,6,-11,6,-11,6,-11,6,-10,6,-11,7,-10,7,-10,8,-10,8,-11,9,-10,9,-10,9,-10,10,-10,10,-10,10]"
2025-08-18 22:56:34.807045,CSI_DATA,527,1a:00:00:00:00:00,-38,11,0,0,0,0,0,0,0,0,0,-92,0,1,0,91437212,0,31,0,128,0,"[0,0,7,-14,6,-13,7,-14,6,-13,6,-14,5,-13,5,-13,4,-13,4,-13,3,-13,3,-13,2,-13,2,-14,1,-14,1,-14,1,-15,2,-14,2,-15,2,-15,2,-14,3,-14,4,-14,4,-13,5,-13,5,-12,6,-12,0,0,0,0,0,0,0,0,0,0,0,0,0,0,0,0,0,0,0,0,0,0,3,-10,5,-11,5,-10,6,-10,6,-10,8,-11,8,-10,8,-10,9,-10,9,-9,9,-9,9,-9,9,-9,9,-9,9,-10,8,-9,8,-10,7,-10,7,-11,7,-11,7,-12,7,-12,7,-12,7,-13,7,-13,7,-14]"
2025-08-18 22:56:35.014703,CSI_DATA,528,1a:00:00:00:00:00,-38,11,0,0,0,0,0,0,0,0,0,-92,0,1,0,91638459,0,31,0,128,0,"[0,0,-10,10,-10,10,-10,10,-10,10,-9,10,-9,10,-8,10,-7,10,-7,10,-7,11,-6,11,-6,11,-6,11,-5,11,-5,12,-5,11,-6,12,-6,12,-6,12,-6,12,-7,11,-7,11,-8,11,-8,10,-8,9,-9,8,0,0,0,0,0,0,0,0,0,0,0,0,0,0,0,0,0,0,0,0,0,0,-6,8,-7,8,-8,8,-8,8,-9,8,-10,7,-10,7,-10,7,-10,7,-11,6,-11,6,-11,6,-11,6,-11,6,-10,6,-10,6,-10,7,-10,7,-10,8,-10,9,-9,9,-9,9,-10,10,-10,10,-10,10,-10,10]"
2025-08-18 22:56:35.204518,CSI_DATA,529,1a:00:00:00:00:00,-38,11,0,0,0,0,0,0,0,0,0,-92,0,1,0,91839811,0,31,0,128,0,"[0,0,10,10,10,9,10,9,10,9,10,8,10,8,10,8,10,7,10,7,11,6,11,6,11,5,11,5,11,5,12,5,12,5,12,5,12,5,12,5,12,6,12,6,11,7,10,7,10,7,9,8,8,8,0,0,0,0,0,0,0,0,0,0,0,0,0,0,0,0,0,0,0,0,0,0,8,6,8,6,8,7,8,8,8,8,7,9,7,10,7,10,6,10,6,10,6,11,5,11,5,10,6,10,6,10,6,10,7,10,7,9,8,9,8,9,9,9,9,9,9,9,10,10,10,10,10,10]"
2025-08-18 22:56:35.410205,CSI_DATA,530,1a:00:00:00:00:00,-39,11,0,0,0,0,0,0,0,0,0,-92,0,1,0,92040860,0,31,0,128,0,"[0,0,-4,14,-4,14,-4,13,-3,14,-3,13,-3,13,-2,13,-2,13,-2,12,-1,13,0,12,0,12,0,12,1,12,1,13,1,13,1,13,1,13,0,14,0,13,-1,13,-1,13,-2,13,-3,12,-3,12,-4,11,0,0,0,0,0,0,0,0,0,0,0,0,0,0,0,0,0,0,0,0,0,0,-1,10,-2,10,-3,10,-4,11,-4,11,-5,11,-6,11,-6,11,-7,11,-7,11,-7,10,-7,10,-7,10,-7,10,-6,10,-6,10,-6,11,-5,11,-5,11,-5,12,-4,12,-4,13,-4,13,-4,14,-4,14,-4,14]"
2025-08-18 22:56:35.675598,CSI_DATA,531,1a:00:00:00:00:00,-39,11,0,0,0,0,0,0,0,0,0,-92,0,1,0,92242018,0,31,0,128,0,"[0,0,13,-5,13,-5,12,-5,12,-5,12,-6,12,-6,11,-6,11,-6,10,-6,10,-7,10,-7,9,-8,9,-8,9,-8,10,-9,10,-8,10,-9,10,-9,11,-8,11,-8,11,-7,11,-7,11,-7,11,-6,10,-5,11,-4,0,0,0,0,0,0,0,0,0,0,0,0,0,0,0,0,0,0,0,0,0,0,9,-5,9,-5,10,-4,10,-3,11,-3,11,-2,12,-2,12,-2,12,-1,12,-1,12,-1,11,-1,11,-1,11,-1,11,-1,11,-1,11,-2,11,-3,11,-3,12,-3,12,-4,12,-4,12,-4,13,-5,13,-5,13,-5]"
2025-08-18 22:56:35.681909,CSI_DATA,532,1a:00:00:00:00:00,-39,11,0,0,0,0,0,0,0,0,0,-92,0,1,0,92302455,0,42,0,128,0,"[0,0,0,-15,-1,-15,-1,-15,-1,-15,-1,-15,-2,-14,-2,-14,-3,-14,-3,-13,-4,-13,-4,-13,-5,-13,-5,-13,-5,-13,-6,-13,-6,-13,-6,-13,-5,-13,-5,-14,-5,-14,-4,-14,-4,-14,-3,-14,-2,-14,-2,-13,-1,-13,0,0,0,0,0,0,0,0,0,0,0,0,0,0,0,0,0,0,0,0,0,0,-1,-11,-1,-11,0,-12,1,-12,1,-12,2,-13,3,-13,3,-13,3,-13,4,-13,4,-13,4,-12,4,-12,3,-12,3,-12,3,-12,2,-12,1,-13,1,-13,1,-14,0,-14,0,-14,0,-15,-1,-15,0,-15,0,-15]"
2025-08-18 22:56:35.742359,CSI_DATA,533,1a:00:00:00:00:00,-38,11,0,0,0,0,0,0,0,0,0,-92,0,1,0,92372630,0,31,0,128,0,"[0,0,9,-11,9,-12,8,-12,9,-11,8,-11,8,-11,7,-11,7,-11,6,-11,5,-12,5,-12,4,-12,4,-12,4,-12,4,-13,4,-13,4,-13,4,-13,5,-13,5,-13,6,-13,6,-12,6,-12,6,-11,7,-10,7,-10,0,0,0,0,0,0,0,0,0,0,0,0,0,0,0,0,0,0,0,0,0,0,5,-9,6,-9,7,-9,7,-9,8,-9,9,-8,9,-8,10,-8,10,-8,10,-7,10,-7,10,-7,10,-7,10,-7,10,-7,9,-8,9,-8,9,-9,9,-9,9,-9,9,-10,9,-10,9,-11,8,-11,9,-12,9,-12]"
2025-08-18 22:56:35.937948,CSI_DATA,534,1a:00:00:00:00:00,-39,11,0,0,0,0,0,0,0,0,0,-92,0,1,0,92573777,0,31,0,128,0,"[0,0,12,9,11,8,11,8,12,7,11,7,11,7,11,6,11,6,11,5,12,5,11,4,11,4,12,3,12,3,12,3,12,3,13,3,13,3,13,4,13,4,12,5,12,5,11,5,11,6,10,6,9,6,0,0,0,0,0,0,0,0,0,0,0,0,0,0,0,0,0,0,0,0,0,0,9,5,9,5,9,6,9,7,9,8,9,8,8,9,8,9,8,10,7,10,7,10,7,10,7,10,7,9,7,9,8,9,8,8,9,8,9,8,10,8,10,8,10,8,11,8,11,8,11,8,12,8]"
2025-08-18 22:56:36.147188,CSI_DATA,535,1a:00:00:00:00:00,-39,11,0,0,0,0,0,0,0,0,0,-92,0,1,0,92774294,0,31,0,128,0,"[0,0,0,-16,0,-16,0,-15,-1,-15,-1,-15,-1,-15,-1,-14,-2,-14,-2,-14,-3,-13,-4,-13,-4,-13,-4,-13,-5,-13,-5,-13,-5,-14,-5,-14,-5,-14,-4,-14,-4,-14,-3,-14,-3,-15,-2,-14,-2,-14,-1,-13,0,-13,0,0,0,0,0,0,0,0,0,0,0,0,0,0,0,0,0,0,0,0,0,0,-2,-11,-1,-12,0,-12,0,-12,1,-13,2,-13,2,-13,3,-13,3,-13,3,-13,3,-13,3,-13,3,-13,3,-13,3,-13,3,-12,2,-13,2,-13,1,-14,1,-14,1,-14,1,-14,0,-15,0,-15,0,-15,0,-16]"
2025-08-18 22:56:36.346639,CSI_DATA,536,1a:00:00:00:00:00,-38,11,0,0,0,0,0,0,0,0,0,-92,0,1,0,92975170,0,31,0,128,0,"[0,0,-15,2,-15,2,-15,2,-15,2,-14,3,-14,3,-14,3,-13,4,-13,4,-13,5,-12,5,-12,5,-12,6,-12,6,-12,6,-12,6,-13,6,-13,6,-13,6,-13,6,-13,5,-13,4,-13,4,-13,3,-13,2,-13,1,0,0,0,0,0,0,0,0,0,0,0,0,0,0,0,0,0,0,0,0,0,0,-11,3,-11,2,-12,2,-12,1,-13,1,-13,0,-14,-1,-13,-1,-13,-2,-14,-2,-13,-2,-13,-3,-13,-2,-13,-2,-13,-2,-13,-1,-13,-1,-13,0,-13,0,-14,1,-14,1,-14,2,-15,2,-15,2,-15,2,-15,2]"
2025-08-18 22:56:36.548888,CSI_DATA,537,1a:00:00:00:00:00,-38,11,0,0,0,0,0,0,0,0,0,-92,0,1,0,93176227,0,31,0,128,0,"[0,0,11,-9,11,-9,10,-9,10,-9,10,-9,9,-9,9,-9,8,-9,8,-9,8,-10,7,-10,7,-10,7,-11,6,-11,7,-11,6,-11,7,-12,7,-11,7,-11,7,-11,8,-11,8,-10,8,-9,8,-9,9,-8,9,-8,0,0,0,0,0,0,0,0,0,0,0,0,0,0,0,0,0,0,0,0,0,0,7,-7,8,-7,8,-7,9,-6,9,-6,10,-6,10,-5,11,-5,11,-5,11,-4,11,-4,11,-4,11,-4,11,-4,11,-5,10,-5,10,-5,10,-6,10,-7,10,-7,10,-7,10,-8,10,-8,11,-9,11,-9,11,-9]"
2025-08-18 22:56:36.762854,CSI_DATA,538,1a:00:00:00:00:00,-38,11,0,0,0,0,0,0,0,0,0,-92,0,1,0,93377354,0,31,0,128,0,"[0,0,-15,2,-15,2,-15,2,-14,2,-14,2,-14,2,-13,2,-13,3,-13,3,-12,4,-12,4,-12,5,-12,5,-12,5,-12,5,-12,6,-12,6,-13,5,-13,5,-13,5,-13,4,-13,3,-13,3,-13,2,-12,2,-12,1,0,0,0,0,0,0,0,0,0,0,0,0,0,0,0,0,0,0,0,0,0,0,-10,3,-11,3,-12,2,-12,1,-13,1,-13,0,-13,-1,-13,-1,-13,-1,-13,-2,-13,-2,-13,-2,-13,-2,-13,-1,-12,-1,-13,-1,-13,-1,-13,0,-13,0,-13,0,-14,1,-14,1,-14,2,-14,2,-14,2,-15,2]"
2025-08-18 22:56:36.942651,CSI_DATA,539,1a:00:00:00:00:00,-38,11,0,0,0,0,0,0,0,0,0,-92,0,1,0,93578616,0,31,0,128,0,"[0,0,8,12,7,11,8,11,8,11,8,11,8,10,8,10,8,9,8,9,9,8,9,8,9,7,9,7,10,7,10,7,11,7,10,7,11,8,10,8,10,9,9,9,9,9,8,9,8,9,7,9,6,10,0,0,0,0,0,0,0,0,0,0,0,0,0,0,0,0,0,0,0,0,0,0,6,7,7,8,6,8,6,9,5,10,5,11,4,11,4,11,4,11,3,11,3,11,3,11,3,11,3,11,4,11,4,10,4,11,5,10,5,11,6,11,6,11,7,11,7,11,7,11,7,11,8,12]"
2025-08-18 22:56:37.144342,CSI_DATA,540,1a:00:00:00:00:00,-39,11,0,0,0,0,0,0,0,0,0,-92,0,1,0,93780019,0,31,0,128,0,"[0,0,9,11,9,10,9,11,9,10,9,10,9,10,9,9,9,9,9,8,10,7,10,7,10,6,11,6,11,6,11,6,11,6,11,7,11,7,11,7,11,8,10,8,10,9,9,9,9,8,8,9,7,9,0,0,0,0,0,0,0,0,0,0,0,0,0,0,0,0,0,0,0,0,0,0,8,7,7,7,7,8,7,9,7,10,6,10,6,11,5,11,5,11,5,11,4,11,4,11,5,11,5,11,5,11,5,10,6,10,6,10,7,10,7,11,7,10,8,11,8,11,9,11,9,11,9,11]"
2025-08-18 22:56:37.216240,CSI_DATA,541,1a:00:00:00:00:00,-39,11,0,0,0,0,0,0,0,0,0,-92,0,1,0,93840525,0,42,0,128,0,"[0,0,-15,-6,-14,-6,-14,-6,-14,-5,-14,-5,-14,-4,-13,-4,-13,-3,-13,-3,-14,-2,-13,-2,-13,-1,-14,-1,-13,-1,-14,-1,-14,0,-15,-1,-15,-1,-15,-1,-15,-1,-15,-2,-14,-2,-14,-3,-13,-4,-13,-4,-12,-5,0,0,0,0,0,0,0,0,0,0,0,0,0,0,0,0,0,0,0,0,0,0,-11,-3,-11,-4,-11,-5,-11,-6,-11,-6,-11,-7,-11,-7,-11,-8,-11,-8,-10,-9,-10,-9,-10,-9,-10,-8,-10,-8,-10,-8,-11,-8,-11,-7,-11,-7,-12,-7,-12,-6,-13,-6,-13,-6,-14,-6,-14,-6,-14,-6,-14,-6]"
2025-08-18 22:56:37.274504,CSI_DATA,542,1a:00:00:00:00:00,-38,11,0,0,0,0,0,0,0,0,0,-92,0,1,0,93908374,0,31,0,128,0,"[0,0,2,14,2,14,2,13,2,14,3,13,3,13,3,12,4,12,4,12,4,11,5,11,5,11,5,11,6,11,6,11,6,11,6,11,6,11,6,12,5,12,5,12,4,12,4,12,3,12,2,12,1,11,0,0,0,0,0,0,0,0,0,0,0,0,0,0,0,0,0,0,0,0,0,0,3,9,2,10,2,11,1,11,1,12,0,12,0,12,-1,12,-1,12,-2,12,-2,12,-2,12,-2,12,-2,12,-1,11,-1,12,-1,12,0,12,0,12,1,12,1,13,1,13,2,13,2,14,2,14,2,14]"
2025-08-18 22:56:37.473972,CSI_DATA,543,1a:00:00:00:00:00,-38,11,0,0,0,0,0,0,0,0,0,-92,0,1,0,94110641,0,31,0,128,0,"[0,0,14,7,13,5,14,5,12,8,10,2,11,5,11,2,7,3,11,3,12,1,12,3,10,-1,10,0,11,0,13,-2,12,0,11,0,13,0,13,-1,13,2,14,3,13,2,11,2,15,0,10,5,12,5,0,0,0,0,0,0,0,0,0,0,0,0,0,0,0,0,0,0,0,0,0,0,9,3,9,4,9,5,9,5,10,6,9,6,10,7,9,7,9,7,9,8,8,8,8,8,8,8,9,8,8,7,9,7,9,7,10,6,10,6,11,5,11,6,12,5,12,4,11,5,12,6,12,5]"
2025-08-18 22:56:37.677133,CSI_DATA,544,1a:00:00:00:00:00,-38,11,0,0,0,0,0,0,0,0,0,-92,0,1,0,94310524,0,31,0,128,0,"[0,0,14,2,14,1,14,1,14,1,13,0,13,1,13,0,13,0,13,-1,13,-2,13,-2,12,-3,12,-3,13,-3,12,-3,13,-3,13,-3,13,-3,14,-2,13,-2,13,-1,13,-1,13,0,12,0,12,1,12,1,0,0,0,0,0,0,0,0,0,0,0,0,0,0,0,0,0,0,0,0,0,0,10,-1,10,0,11,0,11,1,11,1,12,2,12,3,12,4,11,4,11,4,11,4,11,4,11,4,11,4,11,4,11,4,12,3,12,3,12,3,12,3,13,2,13,2,14,2,14,1,14,1,15,1]"
2025-08-18 22:56:37.887966,CSI_DATA,545,1a:00:00:00:00:00,-38,11,0,0,0,0,0,0,0,0,0,-92,0,1,0,94511500,0,31,0,128,0,"[0,0,-6,-14,-6,-14,-6,-14,-6,-14,-6,-13,-6,-13,-7,-13,-7,-12,-7,-11,-8,-11,-8,-11,-9,-11,-9,-11,-9,-10,-10,-10,-10,-10,-9,-11,-9,-11,-9,-11,-9,-11,-9,-12,-8,-12,-7,-12,-7,-12,-6,-12,-5,-12,0,0,0,0,0,0,0,0,0,0,0,0,0,0,0,0,0,0,0,0,0,0,-5,-10,-5,-11,-4,-11,-4,-12,-4,-12,-3,-13,-2,-13,-2,-13,-2,-13,-1,-13,-1,-13,-1,-13,-1,-13,-1,-13,-1,-13,-2,-12,-3,-13,-3,-13,-3,-13,-4,-13,-4,-13,-5,-14,-5,-13,-5,-14,-5,-14,-6,-14]"
2025-08-18 22:56:38.088688,CSI_DATA,546,1a:00:00:00:00:00,-38,11,0,0,0,0,0,0,0,0,0,-92,0,1,0,94712713,0,31,0,128,0,"[0,0,-14,-7,-14,-7,-13,-7,-14,-6,-13,-6,-14,-6,-13,-5,-13,-5,-13,-4,-13,-4,-13,-3,-13,-3,-13,-2,-13,-2,-14,-2,-14,-1,-14,-2,-14,-2,-15,-3,-14,-3,-14,-4,-13,-4,-13,-5,-13,-5,-12,-5,-12,-6,0,0,0,0,0,0,0,0,0,0,0,0,0,0,0,0,0,0,0,0,0,0,-11,-4,-11,-5,-11,-6,-11,-6,-11,-7,-11,-8,-11,-8,-10,-9,-10,-9,-10,-9,-10,-9,-9,-10,-10,-9,-10,-9,-10,-8,-10,-9,-10,-8,-11,-8,-11,-8,-12,-7,-12,-7,-13,-7,-13,-7,-13,-7,-14,-7,-14,-7]"
2025-08-18 22:56:38.293507,CSI_DATA,547,1a:00:00:00:00:00,-38,11,0,0,0,0,0,0,0,0,0,-92,0,1,0,94913852,0,31,0,128,0,"[0,0,-5,14,-5,13,-5,14,-4,13,-4,13,-4,13,-3,13,-3,12,-2,12,-2,12,-2,12,-1,12,-1,12,0,13,0,12,0,13,0,13,0,13,0,13,-1,13,-1,13,-2,13,-2,12,-3,12,-4,11,-4,11,0,0,0,0,0,0,0,0,0,0,0,0,0,0,0,0,0,0,0,0,0,0,-3,10,-4,11,-4,11,-5,11,-5,11,-6,11,-7,11,-7,11,-8,11,-8,10,-8,10,-8,10,-8,10,-8,10,-7,10,-7,10,-7,10,-6,11,-6,11,-6,12,-6,12,-5,13,-5,13,-5,13,-5,14,-5,14]"
2025-08-18 22:56:38.479216,CSI_DATA,548,1a:00:00:00:00:00,-38,11,0,0,0,0,0,0,0,0,0,-92,0,1,0,95115133,0,31,0,128,0,"[0,0,12,7,12,7,12,7,12,6,12,6,12,6,12,5,12,5,11,4,12,4,12,3,12,2,12,2,12,2,13,2,13,2,13,2,13,3,13,3,13,3,13,4,12,4,12,5,11,5,11,6,10,6,0,0,0,0,0,0,0,0,0,0,0,0,0,0,0,0,0,0,0,0,0,0,10,3,10,4,10,5,10,6,10,6,10,7,9,8,9,8,9,8,9,9,8,9,8,9,8,9,8,8,8,8,9,8,9,7,10,7,10,7,10,7,11,7,11,7,12,7,12,7,12,7,13,7]"
2025-08-18 22:56:38.689003,CSI_DATA,549,1a:00:00:00:00:00,-38,11,0,0,0,0,0,0,0,0,0,-92,0,1,0,95316323,0,31,0,128,0,"[0,0,-1,-15,-1,-15,-1,-14,-1,-14,-2,-14,-2,-14,-2,-14,-3,-13,-3,-13,-4,-12,-4,-12,-5,-12,-5,-12,-5,-12,-6,-12,-6,-12,-6,-13,-6,-13,-6,-13,-5,-13,-4,-13,-4,-13,-3,-13,-2,-13,-2,-12,-1,-12,0,0,0,0,0,0,0,0,0,0,0,0,0,0,0,0,0,0,0,0,0,0,-1,-11,-1,-11,0,-12,0,-12,1,-12,2,-13,2,-13,2,-13,3,-13,4,-12,4,-12,4,-12,3,-12,3,-12,3,-12,2,-12,2,-12,1,-13,1,-13,0,-13,0,-14,0,-14,0,-14,0,-15,0,-15,0,-15]"
2025-08-18 22:56:38.748633,CSI_DATA,550,1a:00:00:00:00:00,-38,11,0,0,0,0,0,0,0,0,0,-92,0,1,0,95377007,0,42,0,128,0,"[0,0,2,-15,1,-15,1,-15,1,-15,1,-15,0,-14,0,-14,-1,-14,-1,-13,-2,-13,-2,-13,-3,-13,-3,-13,-3,-13,-3,-13,-4,-14,-4,-14,-4,-14,-3,-14,-3,-14,-2,-14,-1,-14,-1,-13,-1,-13,0,-13,1,-13,0,0,0,0,0,0,0,0,0,0,0,0,0,0,0,0,0,0,0,0,0,0,0,-11,1,-12,1,-12,2,-12,3,-12,3,-12,4,-12,5,-12,5,-12,5,-12,5,-12,5,-11,5,-12,5,-12,5,-12,4,-12,4,-12,3,-12,3,-13,3,-13,3,-13,2,-14,2,-14,2,-15,2,-15,2,-15]"
2025-08-18 22:56:38.812625,CSI_DATA,551,1a:00:00:00:00:00,-38,11,0,0,0,0,0,0,0,0,0,-92,0,1,0,95448852,0,31,0,128,0,"[0,0,10,10,10,9,10,9,10,9,10,9,10,8,10,8,10,7,10,6,10,6,11,5,11,5,11,5,11,5,12,5,12,5,12,5,12,5,12,5,12,6,11,6,11,6,10,7,9,7,9,7,8,8,0,0,0,0,0,0,0,0,0,0,0,0,0,0,0,0,0,0,0,0,0,0,8,5,8,6,8,7,8,8,8,8,8,9,7,10,7,10,7,10,6,10,6,11,6,10,6,10,6,10,6,10,6,9,7,10,7,9,8,9,8,9,9,9,9,9,10,9,10,9,10,9,11,9]"
2025-08-18 22:56:39.017021,CSI_DATA,552,1a:00:00:00:00:00,-38,11,0,0,0,0,0,0,0,0,0,-92,0,1,0,95645785,0,31,0,128,0,"[0,0,-15,0,-15,1,-16,3,-16,3,-15,0,-12,4,-13,5,-9,2,-13,2,-11,4,-10,5,-14,6,-11,7,-10,5,-10,6,-12,6,-13,7,-12,5,-12,7,-15,5,-14,6,-11,4,-13,5,-16,3,-13,0,-13,3,0,0,0,0,0,0,0,0,0,0,0,0,0,0,0,0,0,0,0,0,0,0,-10,4,-11,3,-12,3,-12,2,-13,1,-13,1,-13,0,-13,0,-13,-1,-13,-1,-13,-2,-13,-2,-13,-2,-13,-1,-12,-1,-12,0,-12,0,-13,0,-14,1,-13,1,-13,2,-14,1,-14,3,-14,2,-14,2,-15,2]"
2025-08-18 22:56:39.217051,CSI_DATA,553,1a:00:00:00:00:00,-38,11,0,0,0,0,0,0,0,0,0,-92,0,1,0,95844402,0,31,0,128,0,"[0,0,-16,1,-15,1,-15,1,-15,1,-14,2,-14,1,-14,2,-14,2,-13,2,-13,3,-13,4,-12,5,-12,5,-12,5,-12,5,-13,5,-13,5,-13,5,-14,5,-14,4,-14,4,-13,3,-13,3,-13,2,-13,1,-13,1,0,0,0,0,0,0,0,0,0,0,0,0,0,0,0,0,0,0,0,0,0,0,-11,2,-12,1,-12,1,-13,0,-13,-1,-14,-1,-13,-2,-13,-3,-13,-3,-13,-3,-13,-3,-13,-3,-13,-3,-13,-3,-13,-3,-13,-2,-13,-2,-13,-1,-14,-1,-14,-1,-14,-1,-14,-1,-15,0,-15,1,-15,1,-15,1]"
2025-08-18 22:56:39.417476,CSI_DATA,554,1a:00:00:00:00:00,-38,11,0,0,0,0,0,0,0,0,0,-92,0,1,0,96045280,0,31,0,128,0,"[0,0,2,-15,2,-15,2,-15,1,-14,1,-14,1,-14,0,-14,0,-13,-1,-13,-1,-13,-2,-13,-2,-13,-3,-13,-3,-13,-3,-13,-3,-13,-3,-14,-3,-14,-3,-14,-2,-14,-2,-14,-1,-14,0,-13,0,-13,1,-13,1,-12,0,0,0,0,0,0,0,0,0,0,0,0,0,0,0,0,0,0,0,0,0,0,0,-11,0,-12,2,-12,2,-12,3,-12,3,-12,4,-12,4,-12,5,-12,5,-12,5,-12,5,-12,5,-12,5,-12,5,-12,4,-11,4,-12,3,-12,3,-13,3,-13,3,-13,2,-14,2,-14,2,-14,2,-14,2,-15]"
2025-08-18 22:56:39.615943,CSI_DATA,555,1a:00:00:00:00:00,-38,11,0,0,0,0,0,0,0,0,0,-92,0,1,0,96246612,0,31,0,128,0,"[0,0,-4,14,-3,14,-3,13,-3,13,-2,13,-2,13,-2,12,-1,12,-1,12,0,12,0,12,1,12,1,12,1,12,1,12,2,12,1,13,1,13,1,13,0,13,0,13,-1,13,-1,13,-2,12,-2,11,-3,11,0,0,0,0,0,0,0,0,0,0,0,0,0,0,0,0,0,0,0,0,0,0,-1,10,-2,10,-2,11,-3,11,-4,11,-4,11,-5,11,-5,11,-6,11,-6,11,-6,11,-6,10,-6,11,-6,11,-6,11,-6,11,-5,11,-5,11,-4,11,-4,12,-4,12,-4,13,-3,13,-3,13,-3,14,-3,14]"
2025-08-18 22:56:39.827166,CSI_DATA,556,1a:00:00:00:00:00,-38,11,0,0,0,0,0,0,0,0,0,-92,0,1,0,96447825,0,31,0,128,0,"[0,0,4,14,4,13,4,13,5,13,5,12,5,12,5,11,6,11,6,11,6,10,7,10,7,10,7,10,8,10,8,10,8,10,8,10,8,10,8,11,8,11,7,11,6,11,6,11,5,11,4,11,3,11,0,0,0,0,0,0,0,0,0,0,0,0,0,0,0,0,0,0,0,0,0,0,4,9,4,10,3,10,3,11,2,11,2,12,1,12,1,12,0,12,0,12,-1,12,-1,12,0,12,0,12,0,12,0,11,1,12,2,12,2,12,3,12,3,12,3,12,4,13,4,13,4,13,4,13]"
2025-08-18 22:56:40.020246,CSI_DATA,557,1a:00:00:00:00:00,-38,11,0,0,0,0,0,0,0,0,0,-92,0,1,0,96648977,0,31,0,128,0,"[0,0,-15,2,-15,2,-14,2,-15,2,-14,2,-14,2,-13,3,-13,3,-13,3,-12,4,-12,4,-12,5,-12,5,-12,5,-12,6,-12,6,-13,6,-13,6,-13,6,-13,5,-13,5,-13,4,-13,3,-13,3,-13,2,-13,1,0,0,0,0,0,0,0,0,0,0,0,0,0,0,0,0,0,0,0,0,0,0,-11,2,-11,2,-12,1,-12,0,-13,0,-13,-1,-13,-1,-13,-2,-13,-2,-13,-3,-13,-3,-13,-3,-13,-3,-13,-2,-12,-2,-13,-2,-13,-1,-13,-1,-13,0,-13,0,-14,0,-14,1,-14,1,-15,2,-14,2,-15,2]"
2025-08-18 22:56:40.225537,CSI_DATA,558,1a:00:00:00:00:00,-38,11,0,0,0,0,0,0,0,0,0,-92,0,1,0,96850112,0,31,0,128,0,"[0,0,-12,-9,-12,-9,-12,-9,-12,-8,-12,-8,-12,-8,-12,-7,-12,-7,-12,-6,-12,-5,-12,-5,-13,-4,-13,-4,-13,-4,-13,-4,-14,-4,-14,-4,-14,-4,-14,-5,-14,-5,-14,-5,-13,-6,-12,-6,-12,-7,-11,-7,-11,-7,0,0,0,0,0,0,0,0,0,0,0,0,0,0,0,0,0,0,0,0,0,0,-10,-6,-10,-7,-9,-7,-9,-8,-9,-9,-9,-10,-9,-10,-9,-10,-8,-11,-8,-11,-8,-11,-8,-11,-8,-11,-8,-10,-8,-10,-8,-10,-9,-10,-9,-9,-10,-10,-10,-9,-10,-9,-11,-9,-12,-9,-12,-9,-12,-9,-12,-9]"
2025-08-18 22:56:40.280563,CSI_DATA,559,1a:00:00:00:00:00,-38,11,0,0,0,0,0,0,0,0,0,-92,0,1,0,96910583,0,42,0,128,0,"[0,0,14,-3,13,-3,13,-4,13,-3,13,-4,12,-4,12,-4,12,-5,11,-5,11,-5,11,-6,10,-7,10,-7,11,-7,10,-7,11,-7,11,-7,11,-7,12,-7,12,-6,12,-6,12,-5,11,-5,12,-4,11,-3,12,-3,0,0,0,0,0,0,0,0,0,0,0,0,0,0,0,0,0,0,0,0,0,0,9,-4,10,-4,10,-3,11,-3,11,-2,12,-2,12,-1,12,0,12,0,12,0,12,0,12,1,12,0,12,0,12,0,11,0,12,-1,11,-1,12,-2,12,-2,12,-2,13,-3,13,-3,13,-3,13,-3,14,-4]"
2025-08-18 22:56:40.369788,CSI_DATA,560,1a:00:00:00:00:00,-38,11,0,0,0,0,0,0,0,0,0,-92,0,1,0,96982756,0,31,0,128,0,"[0,0,-16,0,-15,0,-15,0,-15,0,-15,1,-14,1,-14,2,-14,2,-14,3,-14,3,-13,3,-13,4,-13,4,-13,5,-13,5,-13,5,-14,5,-14,5,-14,5,-14,4,-14,4,-14,3,-14,3,-14,2,-13,1,-13,0,0,0,0,0,0,0,0,0,0,0,0,0,0,0,0,0,0,0,0,0,0,0,-11,1,-12,0,-12,-1,-13,-2,-13,-2,-13,-3,-13,-3,-13,-4,-13,-4,-13,-5,-13,-5,-13,-5,-13,-5,-12,-4,-12,-4,-12,-4,-13,-3,-13,-2,-13,-2,-14,-1,-14,-1,-14,-1,-15,0,-15,0,-15,0,-15,0]"
2025-08-18 22:56:40.550158,CSI_DATA,561,1a:00:00:00:00:00,-38,11,0,0,0,0,0,0,0,0,0,-92,0,1,0,97180624,0,31,0,128,0,"[0,0,8,-12,6,-13,7,-11,5,-12,4,-15,6,-13,7,-12,9,-16,4,-13,5,-12,7,-13,3,-12,3,-12,4,-13,2,-13,3,-13,2,-13,2,-12,2,-15,4,-14,6,-16,5,-12,4,-13,10,-14,5,-10,7,-10,0,0,0,0,0,0,0,0,0,0,0,0,0,0,0,0,0,0,0,0,0,0,5,-9,6,-9,6,-9,7,-9,8,-9,8,-9,9,-9,9,-9,10,-8,10,-8,10,-7,10,-7,10,-7,9,-8,9,-8,9,-8,8,-8,8,-9,8,-10,8,-11,8,-10,9,-11,8,-12,8,-12,8,-12,8,-13]"
2025-08-18 22:56:40.750993,CSI_DATA,562,1a:00:00:00:00:00,-38,11,0,0,0,0,0,0,0,0,0,-92,0,1,0,97380992,0,31,0,128,0,"[0,0,-11,10,-10,10,-10,10,-9,10,-9,10,-9,10,-9,10,-8,10,-7,10,-7,11,-6,11,-6,11,-6,11,-6,11,-6,12,-6,12,-6,12,-6,12,-7,12,-7,12,-8,12,-8,11,-8,11,-8,10,-8,9,-9,8,0,0,0,0,0,0,0,0,0,0,0,0,0,0,0,0,0,0,0,0,0,0,-7,8,-7,8,-8,8,-9,7,-10,7,-10,7,-11,6,-11,6,-12,6,-12,6,-11,6,-11,5,-11,6,-11,6,-11,6,-11,6,-10,6,-10,7,-10,8,-10,8,-10,8,-10,9,-10,9,-10,10,-10,10,-10,10]"
2025-08-18 22:56:40.956682,CSI_DATA,563,1a:00:00:00:00:00,-38,11,0,0,0,0,0,0,0,0,0,-92,0,1,0,97582195,0,31,0,128,0,"[0,0,-13,-7,-13,-7,-13,-7,-13,-6,-13,-6,-13,-6,-13,-5,-13,-5,-13,-4,-13,-4,-13,-3,-13,-3,-13,-3,-13,-2,-13,-2,-14,-2,-14,-2,-14,-2,-14,-3,-14,-3,-14,-4,-13,-4,-13,-5,-13,-5,-12,-5,-11,-6,0,0,0,0,0,0,0,0,0,0,0,0,0,0,0,0,0,0,0,0,0,0,-10,-5,-10,-6,-10,-6,-10,-7,-10,-7,-10,-8,-10,-9,-9,-9,-9,-10,-9,-10,-9,-10,-9,-10,-9,-10,-9,-9,-9,-9,-9,-9,-10,-8,-10,-8,-10,-8,-11,-8,-11,-7,-12,-8,-12,-7,-12,-7,-13,-7,-13,-7]"
2025-08-18 22:56:41.149468,CSI_DATA,564,1a:00:00:00:00:00,-38,11,0,0,0,0,0,0,0,0,0,-92,0,1,0,97783287,0,31,0,128,0,"[0,0,14,3,14,2,14,2,14,2,14,2,13,2,13,1,13,1,13,0,13,0,13,-1,13,-2,13,-2,13,-2,13,-2,14,-2,13,-2,14,-2,14,-1,14,-1,14,0,13,1,13,1,13,1,12,2,12,3,0,0,0,0,0,0,0,0,0,0,0,0,0,0,0,0,0,0,0,0,0,0,10,0,11,1,11,2,11,2,11,3,12,4,12,5,11,5,11,6,11,6,11,6,11,6,11,5,11,5,11,5,11,5,11,4,11,4,12,4,12,3,12,3,13,3,13,3,14,2,14,3,15,2]"
2025-08-18 22:56:41.358530,CSI_DATA,565,1a:00:00:00:00:00,-38,11,0,0,0,0,0,0,0,0,0,-92,0,1,0,97984439,0,31,0,128,0,"[0,0,-4,-15,-4,-15,-4,-14,-4,-14,-5,-14,-5,-13,-5,-13,-6,-13,-6,-12,-6,-12,-7,-12,-7,-11,-8,-11,-8,-11,-8,-11,-9,-11,-8,-11,-9,-12,-8,-12,-8,-12,-8,-12,-7,-13,-6,-13,-6,-12,-5,-12,-4,-12,0,0,0,0,0,0,0,0,0,0,0,0,0,0,0,0,0,0,0,0,0,0,-4,-10,-3,-11,-2,-11,-2,-12,-2,-12,-1,-13,0,-13,0,-13,1,-13,1,-13,1,-13,1,-13,1,-13,1,-13,0,-13,0,-12,-1,-13,-1,-13,-2,-13,-2,-13,-3,-13,-3,-14,-3,-14,-4,-14,-4,-14,-4,-14]"
2025-08-18 22:56:41.555035,CSI_DATA,566,1a:00:00:00:00:00,-38,11,0,0,0,0,0,0,0,0,0,-92,0,1,0,98187034,0,31,0,128,0,"[0,0,-2,14,-2,14,-2,14,-1,14,-1,14,-1,13,0,13,0,13,1,12,1,12,2,12,2,12,3,12,3,12,3,12,4,13,3,13,3,13,3,13,3,13,2,13,1,13,1,13,0,13,-1,12,-1,12,0,0,0,0,0,0,0,0,0,0,0,0,0,0,0,0,0,0,0,0,0,0,-1,10,-1,10,-2,10,-3,11,-4,11,-4,11,-5,11,-5,11,-6,11,-6,11,-6,11,-6,11,-6,10,-6,11,-5,11,-5,11,-4,11,-4,11,-3,12,-3,12,-3,12,-3,13,-2,13,-2,14,-2,14,-2,14]"
2025-08-18 22:56:41.757595,CSI_DATA,567,1a:00:00:00:00:00,-38,11,0,0,0,0,0,0,0,0,0,-92,0,1,0,98387420,0,31,0,128,0,"[0,0,-7,14,-7,13,-7,13,-6,13,-6,13,-6,12,-5,13,-4,13,-4,12,-3,12,-3,13,-2,13,-2,13,-1,13,-1,13,-1,14,-1,14,-2,14,-2,14,-2,14,-3,14,-3,13,-4,13,-4,12,-5,12,-6,11,0,0,0,0,0,0,0,0,0,0,0,0,0,0,0,0,0,0,0,0,0,0,-4,10,-5,10,-6,9,-7,10,-7,10,-8,10,-9,10,-9,9,-9,9,-10,9,-10,9,-10,8,-10,8,-9,9,-9,9,-9,9,-8,10,-8,10,-8,10,-8,11,-7,11,-7,12,-7,12,-7,13,-7,13,-7,13]"
2025-08-18 22:56:41.823853,CSI_DATA,568,1a:00:00:00:00:00,-38,11,0,0,0,0,0,0,0,0,0,-92,0,1,0,98447528,0,42,0,128,0,"[0,0,-12,-10,-11,-10,-12,-10,-11,-9,-12,-9,-11,-9,-11,-8,-12,-8,-11,-7,-12,-6,-12,-6,-12,-6,-12,-5,-13,-5,-13,-5,-13,-5,-13,-5,-14,-6,-14,-6,-13,-6,-13,-7,-12,-8,-12,-8,-11,-8,-11,-8,-10,-9,0,0,0,0,0,0,0,0,0,0,0,0,0,0,0,0,0,0,0,0,0,0,-9,-6,-9,-7,-9,-8,-9,-8,-9,-9,-8,-10,-8,-10,-8,-11,-7,-11,-7,-11,-7,-11,-7,-11,-7,-11,-7,-11,-7,-11,-7,-10,-8,-10,-8,-10,-9,-10,-9,-10,-10,-10,-10,-10,-11,-10,-11,-10,-11,-10,-12,-10]"
2025-08-18 22:56:41.887397,CSI_DATA,569,1a:00:00:00:00:00,-38,11,0,0,0,0,0,0,0,0,0,-92,0,1,0,98518055,0,31,0,128,0,"[0,0,8,-12,8,-12,7,-12,8,-12,7,-12,6,-12,6,-12,5,-12,5,-12,4,-12,4,-12,3,-12,3,-13,3,-13,3,-13,3,-13,3,-14,3,-13,3,-14,4,-14,4,-13,5,-13,6,-12,6,-12,6,-11,7,-10,0,0,0,0,0,0,0,0,0,0,0,0,0,0,0,0,0,0,0,0,0,0,5,-9,5,-9,6,-10,7,-9,8,-9,8,-9,9,-9,9,-8,9,-8,10,-8,10,-7,10,-7,10,-8,9,-8,9,-8,9,-8,8,-8,8,-9,8,-10,8,-10,8,-10,8,-11,8,-12,8,-12,8,-12,8,-12]"
2025-08-18 22:56:42.091594,CSI_DATA,570,1a:00:00:00:00:00,-38,11,0,0,0,0,0,0,0,0,0,-92,0,1,0,98721146,0,31,0,128,0,"[0,0,-10,11,-9,11,-10,11,-9,11,-9,11,-9,10,-8,10,-8,11,-7,11,-6,11,-6,11,-5,11,-5,12,-5,12,-5,12,-5,12,-5,12,-6,13,-6,13,-6,12,-7,12,-7,11,-8,11,-8,11,-8,10,-9,9,0,0,0,0,0,0,0,0,0,0,0,0,0,0,0,0,0,0,0,0,0,0,-6,9,-7,9,-8,8,-8,8,-9,8,-10,8,-10,7,-11,7,-11,7,-11,7,-11,6,-11,6,-11,7,-11,7,-11,7,-10,7,-10,7,-9,8,-10,8,-10,9,-10,9,-10,10,-10,10,-10,11,-9,11,-9,11]"
2025-08-18 22:56:42.287161,CSI_DATA,571,1a:00:00:00:00:00,-38,11,0,0,0,0,0,0,0,0,0,-92,0,1,0,98922588,0,31,0,128,0,"[0,0,7,13,7,13,7,12,7,12,7,12,7,11,7,11,8,10,8,10,8,10,8,9,9,9,9,9,9,8,10,9,10,8,10,9,10,9,10,10,10,10,9,10,8,10,8,11,7,11,6,11,5,11,0,0,0,0,0,0,0,0,0,0,0,0,0,0,0,0,0,0,0,0,0,0,6,8,6,9,5,9,5,10,5,11,4,11,4,12,3,12,3,12,2,12,2,12,2,12,2,12,2,12,3,11,3,12,3,11,4,11,5,11,5,11,5,12,6,12,6,12,7,12,7,12,7,13]"
2025-08-18 22:56:42.491506,CSI_DATA,572,1a:00:00:00:00:00,-38,11,0,0,0,0,0,0,0,0,0,-92,0,1,0,99121468,0,31,0,128,0,"[0,0,-13,8,-13,9,-12,8,-13,9,-11,8,-11,9,-11,9,-10,9,-10,9,-10,10,-9,10,-9,10,-9,10,-8,10,-9,11,-8,11,-9,12,-9,11,-9,12,-9,12,-10,11,-10,10,-11,10,-11,8,-11,7,-11,7,0,0,0,0,0,0,0,0,0,0,0,0,0,0,0,0,0,0,0,0,0,0,-9,7,-9,6,-10,6,-10,6,-12,6,-11,5,-12,5,-12,4,-13,4,-13,3,-13,3,-13,3,-13,3,-13,3,-12,4,-12,4,-11,4,-12,5,-12,6,-12,7,-12,7,-12,7,-13,8,-12,8,-13,8,-12,8]"
2025-08-18 22:56:42.698417,CSI_DATA,573,1a:00:00:00:00:00,-38,11,0,0,0,0,0,0,0,0,0,-92,0,1,0,99322632,0,31,0,128,0,"[0,0,-5,-14,-6,-14,-5,-14,-6,-14,-6,-13,-6,-13,-6,-12,-6,-12,-7,-12,-7,-11,-8,-11,-8,-10,-8,-11,-9,-10,-9,-10,-9,-10,-9,-11,-9,-11,-9,-11,-9,-12,-8,-12,-7,-12,-7,-12,-6,-12,-6,-11,-5,-12,0,0,0,0,0,0,0,0,0,0,0,0,0,0,0,0,0,0,0,0,0,0,-5,-10,-4,-10,-4,-11,-3,-11,-3,-12,-2,-12,-2,-13,-2,-13,-1,-13,-1,-13,-1,-13,-1,-13,-1,-13,-1,-13,-1,-12,-1,-12,-2,-12,-2,-12,-3,-13,-3,-13,-4,-13,-4,-13,-5,-13,-5,-14,-5,-14,-5,-14]"
2025-08-18 22:56:42.894190,CSI_DATA,574,1a:00:00:00:00:00,-38,11,0,0,0,0,0,0,0,0,0,-92,0,1,0,99523818,0,31,0,128,0,"[0,0,14,4,14,3,13,3,13,3,13,3,13,2,13,2,13,1,13,1,12,0,12,0,12,-1,12,-1,13,-1,13,-1,13,-1,13,-1,13,-1,14,-1,14,0,14,0,13,1,13,1,12,2,12,3,11,3,0,0,0,0,0,0,0,0,0,0,0,0,0,0,0,0,0,0,0,0,0,0,10,1,10,2,10,2,10,3,10,4,11,4,10,5,11,5,10,6,10,6,10,6,10,6,10,6,10,6,10,5,10,5,10,5,11,4,11,4,11,4,12,4,12,4,13,4,13,3,13,3,14,3]"
2025-08-18 22:56:43.101865,CSI_DATA,575,1a:00:00:00:00:00,-38,11,0,0,0,0,0,0,0,0,0,-92,0,1,0,99725212,0,31,0,128,0,"[0,0,-15,4,-15,4,-14,4,-15,4,-13,4,-14,4,-13,5,-13,5,-12,5,-12,6,-12,6,-11,7,-11,7,-11,7,-11,8,-11,8,-12,8,-12,8,-13,8,-13,7,-13,7,-13,6,-13,6,-13,5,-13,4,-12,3,0,0,0,0,0,0,0,0,0,0,0,0,0,0,0,0,0,0,0,0,0,0,-10,3,-11,3,-12,2,-12,2,-13,1,-12,1,-14,0,-13,0,-13,-1,-14,-1,-13,-1,-13,-2,-13,-1,-13,-1,-12,-1,-13,0,-13,1,-13,1,-13,1,-13,2,-13,2,-14,3,-15,3,-14,3,-14,3,-14,4]"
2025-08-18 22:56:43.296072,CSI_DATA,576,1a:00:00:00:00:00,-38,11,0,0,0,0,0,0,0,0,0,-92,0,1,0,99926690,0,31,0,128,0,"[0,0,12,-9,11,-9,11,-9,11,-9,11,-9,10,-9,10,-9,9,-9,9,-9,8,-10,8,-10,7,-10,7,-11,7,-11,7,-11,7,-12,7,-12,8,-12,8,-12,8,-11,9,-11,9,-10,9,-10,9,-9,9,-8,10,-7,0,0,0,0,0,0,0,0,0,0,0,0,0,0,0,0,0,0,0,0,0,0,7,-7,8,-7,9,-6,9,-6,10,-6,11,-5,11,-5,11,-4,11,-4,11,-4,11,-3,11,-4,11,-4,11,-4,11,-4,11,-4,11,-5,10,-6,11,-6,11,-6,11,-7,11,-8,11,-8,11,-8,11,-9,12,-9]"
2025-08-18 22:56:43.359882,CSI_DATA,577,1a:00:00:00:00:00,-38,11,0,0,0,0,0,0,0,0,0,-92,0,1,0,99986704,0,42,0,128,0,"[0,0,-1,-15,-1,-15,-1,-14,-1,-15,-1,-14,-1,-14,-2,-14,-2,-14,-3,-13,-3,-13,-4,-13,-4,-13,-5,-13,-5,-13,-5,-13,-5,-13,-6,-14,-5,-13,-5,-14,-4,-14,-4,-14,-3,-14,-3,-14,-2,-13,-1,-13,0,-12,0,0,0,0,0,0,0,0,0,0,0,0,0,0,0,0,0,0,0,0,0,0,-2,-11,-1,-11,0,-12,0,-12,1,-13,1,-12,2,-13,3,-13,3,-12,4,-13,4,-12,4,-12,3,-12,3,-12,3,-12,3,-12,2,-12,1,-13,1,-13,1,-13,0,-13,0,-14,0,-15,0,-15,0,-15,0,-15]"
2025-08-18 22:56:43.421373,CSI_DATA,578,1a:00:00:00:00:00,-38,11,0,0,0,0,0,0,0,0,0,-92,0,1,0,100052328,0,31,0,128,0,"[0,0,12,-9,11,-9,11,-9,11,-9,10,-9,10,-9,10,-9,9,-9,8,-10,8,-10,8,-10,7,-11,7,-11,7,-11,7,-11,7,-12,7,-11,8,-12,8,-12,8,-11,9,-11,9,-10,9,-10,9,-9,9,-8,9,-8,0,0,0,0,0,0,0,0,0,0,0,0,0,0,0,0,0,0,0,0,0,0,7,-8,8,-7,8,-7,9,-7,10,-7,11,-6,11,-6,11,-6,11,-5,11,-4,11,-4,11,-4,11,-4,11,-4,11,-5,10,-5,11,-5,10,-6,10,-7,10,-7,11,-7,11,-8,11,-8,11,-9,11,-9,11,-9]"
2025-08-18 22:56:43.622593,CSI_DATA,579,1a:00:00:00:00:00,-38,11,0,0,0,0,0,0,0,0,0,-92,0,1,0,100253756,0,31,0,128,0,"[0,0,-6,11,-7,12,-8,10,-4,11,-8,15,-5,10,-6,14,-1,12,-4,10,-5,13,-6,10,-1,13,-2,11,-2,11,-2,14,-3,13,-4,11,-4,13,-3,12,-5,15,-5,14,-4,12,-8,12,-4,7,-6,12,-5,9,0,0,0,0,0,0,0,0,0,0,0,0,0,0,0,0,0,0,0,0,0,0,-4,9,-5,9,-6,9,-7,9,-7,9,-8,9,-9,9,-9,8,-9,8,-10,8,-10,7,-10,7,-10,7,-9,8,-9,8,-9,8,-8,9,-8,9,-8,9,-7,10,-8,10,-7,10,-8,10,-8,11,-8,12,-8,12]"
2025-08-18 22:56:43.824303,CSI_DATA,580,1a:00:00:00:00:00,-39,11,0,0,0,0,0,0,0,0,0,-92,0,1,0,100456580,0,31,0,128,0,"[0,0,9,-12,8,-12,9,-11,8,-11,6,-15,6,-8,6,-10,5,-14,5,-11,2,-9,1,-13,2,-10,3,-10,1,-12,2,-13,3,-13,2,-14,1,-13,4,-11,2,-13,4,-14,2,-12,4,-12,2,-13,4,-11,8,-9,0,0,0,0,0,0,0,0,0,0,0,0,0,0,0,0,0,0,0,0,0,0,5,-8,6,-8,6,-8,7,-8,7,-8,8,-8,9,-7,9,-7,9,-7,9,-7,9,-7,9,-6,9,-7,9,-7,9,-7,9,-7,8,-8,8,-8,8,-9,8,-9,7,-9,8,-10,8,-11,7,-12,8,-11,8,-12]"
2025-08-18 22:56:44.031418,CSI_DATA,581,1a:00:00:00:00:00,-38,11,0,0,0,0,0,0,0,0,0,-92,0,1,0,100656324,0,31,0,128,0,"[0,0,-14,-5,-15,-5,-13,-5,-14,-4,-14,-4,-14,-3,-13,-3,-13,-2,-13,-2,-14,-1,-13,-1,-13,0,-13,0,-13,0,-14,1,-13,1,-14,1,-14,0,-14,0,-14,0,-14,-1,-14,-1,-13,-2,-13,-2,-12,-3,-12,-3,0,0,0,0,0,0,0,0,0,0,0,0,0,0,0,0,0,0,0,0,0,0,-11,-3,-11,-3,-11,-4,-11,-5,-11,-6,-11,-6,-11,-7,-11,-7,-11,-8,-11,-8,-10,-8,-10,-8,-10,-8,-10,-8,-10,-7,-11,-7,-11,-6,-12,-6,-12,-6,-12,-6,-12,-5,-13,-5,-14,-5,-14,-5,-14,-5,-14,-5]"
2025-08-18 22:56:44.221026,CSI_DATA,582,1a:00:00:00:00:00,-38,11,0,0,0,0,0,0,0,0,0,-92,0,1,0,100857208,0,31,0,128,0,"[0,0,5,13,5,12,5,12,6,12,6,11,6,11,6,11,6,10,6,10,7,9,8,9,8,9,8,8,8,8,9,8,9,8,9,9,9,9,9,9,8,10,8,10,7,10,6,10,6,10,5,10,5,10,0,0,0,0,0,0,0,0,0,0,0,0,0,0,0,0,0,0,0,0,0,0,5,8,5,9,4,9,4,10,3,10,3,11,2,12,2,12,1,12,1,12,1,12,1,12,1,11,1,11,2,11,2,11,2,11,3,11,3,11,4,11,4,12,4,12,5,12,5,12,6,12,6,12]"
2025-08-18 22:56:44.433742,CSI_DATA,583,1a:00:00:00:00:00,-38,11,0,0,0,0,0,0,0,0,0,-92,0,1,0,101058237,0,31,0,128,0,"[0,0,-8,-13,-8,-13,-8,-13,-8,-12,-9,-12,-9,-11,-9,-11,-9,-10,-9,-10,-9,-9,-10,-9,-10,-9,-11,-9,-11,-9,-11,-8,-11,-8,-11,-8,-12,-9,-12,-9,-11,-9,-11,-10,-10,-10,-10,-10,-9,-10,-8,-10,-8,-11,0,0,0,0,0,0,0,0,0,0,0,0,0,0,0,0,0,0,0,0,0,0,-6,-9,-6,-10,-5,-10,-5,-11,-5,-11,-4,-12,-4,-12,-4,-13,-3,-13,-3,-12,-2,-13,-2,-12,-3,-12,-3,-12,-3,-12,-4,-12,-4,-12,-5,-12,-5,-12,-6,-12,-6,-12,-7,-12,-7,-12,-8,-12,-8,-13,-8,-13]"
2025-08-18 22:56:44.637134,CSI_DATA,584,1a:00:00:00:00:00,-38,11,0,0,0,0,0,0,0,0,0,-92,0,1,0,101259221,0,31,0,128,0,"[0,0,-8,-13,-8,-13,-8,-13,-8,-12,-8,-12,-8,-12,-8,-11,-9,-11,-9,-10,-9,-10,-10,-9,-10,-9,-10,-9,-11,-9,-11,-8,-11,-9,-11,-9,-12,-9,-12,-9,-11,-10,-11,-10,-10,-10,-9,-11,-9,-11,-8,-10,-7,-11,0,0,0,0,0,0,0,0,0,0,0,0,0,0,0,0,0,0,0,0,0,0,-6,-9,-6,-10,-5,-10,-5,-11,-5,-12,-4,-12,-4,-13,-3,-13,-3,-13,-3,-13,-2,-13,-2,-13,-3,-13,-3,-12,-3,-12,-3,-12,-4,-12,-4,-12,-5,-12,-6,-12,-6,-12,-6,-12,-7,-13,-7,-13,-7,-13,-7,-13]"
2025-08-18 22:56:44.834020,CSI_DATA,585,1a:00:00:00:00:00,-38,11,0,0,0,0,0,0,0,0,0,-92,0,1,0,101460391,0,31,0,128,0,"[0,0,-2,-15,-2,-15,-2,-15,-2,-14,-2,-14,-3,-14,-3,-14,-4,-13,-4,-13,-4,-13,-5,-13,-5,-12,-6,-12,-6,-12,-6,-12,-6,-12,-6,-13,-6,-13,-6,-13,-5,-13,-5,-13,-4,-14,-4,-13,-3,-13,-2,-13,-1,-12,0,0,0,0,0,0,0,0,0,0,0,0,0,0,0,0,0,0,0,0,0,0,-3,-11,-2,-11,-1,-12,-1,-12,0,-13,0,-13,1,-13,2,-13,2,-13,3,-13,3,-13,3,-12,2,-12,2,-12,2,-12,2,-12,1,-12,1,-13,0,-13,-1,-14,-1,-14,-1,-14,-1,-14,-1,-14,-2,-15,-1,-15]"
2025-08-18 22:56:44.885733,CSI_DATA,586,1a:00:00:00:00:00,-38,11,0,0,0,0,0,0,0,0,0,-92,0,1,0,101521531,0,42,0,128,0,"[0,0,11,9,11,8,11,8,11,8,11,8,11,8,11,7,11,6,11,6,12,5,12,5,12,4,12,4,12,4,13,4,13,3,13,4,13,4,13,4,13,5,13,5,12,6,11,6,11,7,10,7,10,7,0,0,0,0,0,0,0,0,0,0,0,0,0,0,0,0,0,0,0,0,0,0,9,5,9,6,9,7,9,8,9,8,8,9,8,10,8,10,7,10,7,10,7,10,7,10,7,10,7,10,7,10,7,9,8,9,8,9,9,9,9,9,9,9,10,9,11,9,11,9,11,9,12,9]"
2025-08-18 22:56:44.965438,CSI_DATA,587,1a:00:00:00:00:00,-38,11,0,0,0,0,0,0,0,0,0,-92,0,1,0,101586634,0,31,0,128,0,"[0,0,12,-11,8,-8,10,-12,10,-9,11,-9,11,-9,9,-10,10,-9,7,-10,7,-7,8,-12,7,-11,6,-10,5,-14,5,-11,5,-12,6,-13,7,-14,8,-13,5,-13,8,-10,6,-10,7,-10,10,-10,7,-10,11,-9,0,0,0,0,0,0,0,0,0,0,0,0,0,0,0,0,0,0,0,0,0,0,7,-7,7,-7,8,-7,9,-7,9,-6,10,-6,10,-6,11,-5,11,-5,11,-5,11,-5,11,-4,11,-5,10,-5,10,-5,10,-5,10,-6,10,-6,10,-7,10,-7,10,-8,11,-8,9,-9,9,-9,10,-9,9,-9]"
2025-08-18 22:56:45.154249,CSI_DATA,588,1a:00:00:00:00:00,-38,11,0,0,0,0,0,0,0,0,0,-92,0,1,0,101787982,0,31,0,128,0,"[0,0,2,15,0,14,1,14,3,16,4,12,1,11,-1,14,4,11,1,10,2,10,6,8,5,8,5,11,5,11,6,10,6,11,6,11,7,11,5,11,4,9,6,12,6,10,5,9,4,12,6,11,1,13,0,0,0,0,0,0,0,0,0,0,0,0,0,0,0,0,0,0,0,0,0,0,2,9,1,9,1,10,0,10,0,11,-1,11,-2,11,-2,11,-2,11,-3,11,-2,11,-3,11,-2,11,-2,11,-2,11,-2,11,-1,11,0,11,0,11,0,12,0,12,1,12,2,13,2,13,2,13,2,13]"
2025-08-18 22:56:45.365147,CSI_DATA,589,1a:00:00:00:00:00,-38,11,0,0,0,0,0,0,0,0,0,-92,0,1,0,101989151,0,31,0,128,0,"[0,0,-8,-13,-8,-13,-8,-13,-8,-13,-8,-12,-8,-12,-8,-11,-8,-11,-9,-10,-9,-10,-10,-9,-10,-9,-10,-9,-10,-9,-11,-9,-11,-8,-11,-9,-11,-9,-11,-10,-10,-10,-10,-10,-9,-11,-9,-11,-8,-11,-8,-10,-7,-11,0,0,0,0,0,0,0,0,0,0,0,0,0,0,0,0,0,0,0,0,0,0,-7,-9,-6,-10,-6,-11,-5,-11,-5,-12,-4,-12,-4,-13,-3,-13,-3,-13,-3,-13,-3,-13,-3,-13,-3,-13,-3,-12,-3,-12,-4,-12,-4,-12,-4,-12,-5,-12,-6,-13,-6,-13,-7,-13,-7,-13,-7,-13,-8,-13,-8,-13]"
2025-08-18 22:56:45.433360,CSI_DATA,590,1a:00:00:00:00:00,-38,11,0,0,0,0,0,0,0,0,0,-92,0,1,0,102066915,0,28,0,128,0,"[0,0,14,3,14,2,13,2,14,2,13,1,13,1,13,1,13,0,12,0,13,-1,12,-1,12,-2,12,-2,12,-2,13,-3,13,-3,13,-3,13,-2,14,-2,13,-2,13,-1,13,0,13,0,12,1,12,1,11,2,0,0,0,0,0,0,0,0,0,0,0,0,0,0,0,0,0,0,0,0,0,0,10,0,10,1,11,2,11,2,11,3,11,4,11,4,11,5,11,5,11,6,11,6,11,6,11,6,10,5,10,5,11,5,11,4,11,4,12,3,12,3,12,3,13,3,13,3,13,2,14,3,14,3]"
2025-08-18 22:56:45.555620,CSI_DATA,591,1a:00:00:00:00:00,-38,11,0,0,0,0,0,0,0,0,0,-92,0,1,0,102190320,0,31,0,128,0,"[0,0,3,14,4,14,3,14,4,13,4,13,4,13,4,13,5,12,5,11,5,11,6,11,6,11,7,11,7,10,7,11,7,11,7,11,7,12,7,12,7,12,6,12,5,12,5,12,4,12,3,12,2,12,0,0,0,0,0,0,0,0,0,0,0,0,0,0,0,0,0,0,0,0,0,0,4,10,4,10,3,11,2,11,2,12,1,12,1,13,0,13,0,13,-1,13,-1,13,-1,13,-1,13,-1,12,0,12,0,12,0,12,1,12,1,13,2,13,2,13,3,13,3,14,3,14,3,14,3,14]"
2025-08-18 22:56:45.765156,CSI_DATA,592,1a:00:00:00:00:00,-38,11,0,0,0,0,0,0,0,0,0,-92,0,1,0,102391447,0,31,0,128,0,"[0,0,-15,-2,-15,-2,-15,-2,-14,-1,-15,-1,-14,-1,-14,-1,-13,0,-13,0,-13,1,-13,1,-13,2,-13,2,-13,3,-13,3,-14,3,-13,3,-14,3,-14,2,-14,2,-14,1,-14,0,-14,0,-13,-1,-13,-1,-13,-2,0,0,0,0,0,0,0,0,0,0,0,0,0,0,0,0,0,0,0,0,0,0,-11,0,-11,-1,-11,-1,-12,-2,-12,-3,-13,-3,-12,-4,-13,-4,-12,-5,-12,-5,-12,-6,-12,-6,-12,-5,-12,-5,-12,-5,-12,-4,-12,-4,-12,-3,-13,-3,-13,-3,-14,-2,-14,-2,-14,-2,-14,-2,-15,-2,-15,-2]"
2025-08-18 22:56:45.960678,CSI_DATA,593,1a:00:00:00:00:00,-38,11,0,0,0,0,0,0,0,0,0,-92,0,1,0,102592454,0,31,0,128,0,"[0,0,-2,14,-2,14,-2,14,-2,14,-1,14,-1,13,0,13,0,13,0,12,1,12,1,12,2,12,2,12,2,12,3,13,3,12,3,13,3,13,3,13,2,13,1,13,1,13,0,13,-1,13,-1,12,-2,12,0,0,0,0,0,0,0,0,0,0,0,0,0,0,0,0,0,0,0,0,0,0,-1,10,-1,10,-2,11,-3,11,-3,11,-4,11,-5,11,-5,11,-5,11,-6,11,-6,11,-6,10,-6,11,-6,10,-5,11,-5,11,-4,11,-4,11,-4,12,-3,12,-3,12,-2,13,-3,13,-2,14,-3,14,-2,14]"
2025-08-18 22:56:46.177339,CSI_DATA,594,1a:00:00:00:00:00,-38,11,0,0,0,0,0,0,0,0,0,-92,0,1,0,102793624,0,31,0,128,0,"[0,0,-15,-4,-15,-4,-14,-4,-14,-3,-14,-3,-14,-3,-14,-3,-13,-2,-13,-2,-13,-1,-13,0,-13,0,-13,1,-13,1,-14,1,-14,1,-14,1,-14,1,-15,0,-14,0,-14,-1,-14,-2,-14,-1,-13,-2,-13,-3,-12,-3,0,0,0,0,0,0,0,0,0,0,0,0,0,0,0,0,0,0,0,0,0,0,-11,-2,-11,-2,-12,-3,-12,-4,-12,-4,-12,-5,-12,-6,-12,-7,-11,-7,-12,-7,-12,-7,-11,-7,-11,-7,-11,-6,-11,-6,-11,-6,-11,-6,-12,-5,-13,-5,-13,-5,-13,-5,-13,-5,-14,-4,-14,-4,-14,-4,-15,-4]"
2025-08-18 22:56:46.360975,CSI_DATA,595,1a:00:00:00:00:00,-38,11,0,0,0,0,0,0,0,0,0,-92,0,1,0,102994780,0,31,0,128,0,"[0,0,14,5,14,4,13,4,13,4,13,3,13,3,13,3,13,2,12,2,13,1,12,0,12,0,13,0,13,-1,13,-1,13,-1,13,-1,13,-1,14,0,14,0,13,1,13,1,13,2,12,2,12,3,12,3,0,0,0,0,0,0,0,0,0,0,0,0,0,0,0,0,0,0,0,0,0,0,10,2,10,3,10,4,10,4,10,5,11,6,10,6,10,7,10,7,10,7,10,7,10,7,10,7,10,7,10,7,10,6,10,6,11,6,11,5,12,5,12,5,13,5,13,5,13,4,13,4,14,4]"
2025-08-18 22:56:46.427544,CSI_DATA,596,1a:00:00:00:00:00,-38,11,0,0,0,0,0,0,0,0,0,-92,0,1,0,103055539,0,42,0,128,0,"[0,0,13,-7,12,-7,12,-7,12,-7,12,-8,11,-8,11,-8,10,-8,10,-8,9,-9,9,-9,9,-10,9,-10,9,-10,8,-10,9,-11,9,-10,9,-11,10,-11,10,-10,10,-10,10,-9,10,-8,11,-7,10,-7,10,-6,0,0,0,0,0,0,0,0,0,0,0,0,0,0,0,0,0,0,0,0,0,0,8,-6,9,-6,9,-6,10,-5,11,-5,11,-5,12,-4,12,-4,12,-3,12,-3,12,-2,12,-2,12,-2,12,-3,12,-3,11,-3,11,-4,11,-4,12,-5,12,-6,11,-6,12,-7,12,-7,12,-7,13,-7,13,-7]"
2025-08-18 22:56:46.689046,CSI_DATA,597,1a:00:00:00:00:00,-38,11,0,0,0,0,0,0,0,0,0,-92,0,1,0,103124300,0,31,0,128,0,"[0,0,6,-13,5,-14,5,-14,5,-13,5,-13,5,-13,4,-13,3,-13,3,-13,2,-13,2,-13,1,-13,1,-13,0,-13,1,-14,1,-14,0,-14,1,-14,1,-14,2,-14,2,-14,3,-13,3,-13,3,-13,4,-12,5,-12,0,0,0,0,0,0,0,0,0,0,0,0,0,0,0,0,0,0,0,0,0,0,3,-10,4,-10,5,-10,5,-10,6,-11,7,-10,7,-10,8,-10,8,-10,8,-9,8,-9,8,-9,8,-9,8,-9,8,-9,7,-10,7,-10,6,-10,6,-11,6,-11,6,-12,6,-13,6,-13,6,-13,6,-13,6,-14]"
2025-08-18 22:56:46.694290,CSI_DATA,598,1a:00:00:00:00:00,-39,11,0,0,0,0,0,0,0,0,0,-92,0,1,0,103324073,0,31,0,128,0,"[0,0,5,13,5,12,7,12,5,10,5,11,10,11,7,8,5,13,7,7,8,6,7,9,8,9,6,12,8,10,7,10,7,11,7,10,7,11,6,9,6,10,7,12,3,8,4,8,3,9,1,8,6,12,0,0,0,0,0,0,0,0,0,0,0,0,0,0,0,0,0,0,0,0,0,0,6,7,6,8,5,9,5,10,4,10,4,11,4,11,4,11,2,11,2,11,2,12,2,11,2,11,2,11,2,11,2,11,3,12,3,11,4,12,3,12,5,12,4,12,5,11,5,13,5,12,5,13]"
2025-08-18 22:56:46.895142,CSI_DATA,599,1a:00:00:00:00:00,-39,11,0,0,0,0,0,0,0,0,0,-92,0,1,0,103524993,0,31,0,128,0,"[0,0,15,-3,15,-3,14,-3,14,-3,13,-4,13,-4,13,-4,12,-4,12,-5,12,-5,12,-6,11,-6,11,-7,11,-7,11,-7,12,-7,12,-7,12,-7,13,-7,13,-6,13,-6,13,-5,13,-5,12,-4,12,-3,12,-2,0,0,0,0,0,0,0,0,0,0,0,0,0,0,0,0,0,0,0,0,0,0,10,-4,11,-3,11,-3,11,-2,12,-2,12,-1,13,0,13,0,13,1,13,1,12,1,12,1,12,1,12,1,12,1,12,0,12,0,12,-1,13,-1,13,-2,13,-2,14,-2,14,-2,14,-3,14,-3,15,-3]"
2025-08-18 22:56:47.100564,CSI_DATA,600,1a:00:00:00:00:00,-38,11,0,0,0,0,0,0,0,0,0,-92,0,1,0,103725389,0,31,0,128,0,"[0,0,-14,-5,-15,-5,-14,-5,-14,-5,-14,-4,-14,-4,-13,-4,-13,-3,-13,-2,-13,-1,-13,-1,-13,-1,-13,0,-13,0,-14,0,-14,1,-14,0,-14,0,-15,0,-14,0,-14,-1,-14,-2,-13,-2,-13,-3,-13,-3,-12,-4,0,0,0,0,0,0,0,0,0,0,0,0,0,0,0,0,0,0,0,0,0,0,-11,-3,-11,-4,-11,-5,-11,-6,-11,-6,-11,-7,-11,-8,-11,-8,-11,-8,-10,-9,-11,-9,-10,-9,-10,-8,-11,-8,-10,-8,-11,-8,-11,-7,-12,-6,-12,-7,-12,-6,-13,-6,-13,-6,-13,-5,-14,-5,-14,-5,-14,-5]"
2025-08-18 22:56:47.299216,CSI_DATA,601,1a:00:00:00:00:00,-39,11,0,0,0,0,0,0,0,0,0,-92,0,1,0,103926545,0,31,0,128,0,"[0,0,0,-15,0,-15,0,-14,-1,-14,-1,-14,-1,-14,-2,-13,-2,-13,-2,-13,-3,-13,-3,-13,-4,-12,-4,-13,-5,-12,-5,-13,-5,-13,-5,-13,-5,-13,-5,-13,-4,-13,-4,-13,-3,-14,-2,-13,-2,-13,-1,-12,-1,-12,0,0,0,0,0,0,0,0,0,0,0,0,0,0,0,0,0,0,0,0,0,0,-1,-11,0,-11,0,-12,1,-12,1,-12,2,-12,3,-12,3,-12,3,-12,4,-12,4,-12,4,-12,4,-12,4,-12,3,-12,3,-12,2,-12,2,-12,1,-13,1,-13,1,-13,0,-14,0,-14,0,-14,0,-14,0,-15]"
2025-08-18 22:56:47.494149,CSI_DATA,602,1a:00:00:00:00:00,-38,11,0,0,0,0,0,0,0,0,0,-92,0,1,0,104127696,0,31,0,128,0,"[0,0,0,14,1,14,1,14,1,13,1,13,1,13,2,13,2,12,2,12,3,11,3,11,4,11,4,11,5,11,5,11,5,11,5,12,5,12,5,12,4,12,4,12,3,12,2,12,2,12,1,11,1,11,0,0,0,0,0,0,0,0,0,0,0,0,0,0,0,0,0,0,0,0,0,0,2,10,1,10,0,11,0,11,-1,11,-1,12,-2,12,-2,12,-3,12,-3,12,-3,12,-4,12,-3,11,-3,12,-3,12,-2,11,-2,12,-1,12,-1,12,-1,13,0,13,0,13,0,13,0,14,0,14,1,14]"
2025-08-18 22:56:47.713277,CSI_DATA,603,1a:00:00:00:00:00,-38,11,0,0,0,0,0,0,0,0,0,-92,0,1,0,104329065,0,31,0,128,0,"[0,0,-15,3,-15,3,-14,3,-15,3,-14,3,-13,4,-13,4,-13,4,-12,5,-12,5,-12,5,-11,6,-12,6,-11,6,-12,7,-11,7,-12,7,-12,7,-12,7,-12,7,-13,6,-12,5,-13,5,-12,4,-12,3,-12,3,0,0,0,0,0,0,0,0,0,0,0,0,0,0,0,0,0,0,0,0,0,0,-11,3,-11,3,-12,2,-13,1,-13,1,-13,0,-14,0,-14,-1,-14,-1,-14,-2,-14,-2,-13,-2,-13,-2,-13,-2,-13,-1,-13,-1,-13,-1,-14,0,-13,0,-14,1,-14,1,-14,2,-15,2,-15,2,-15,2,-15,2]"
2025-08-18 22:56:47.894410,CSI_DATA,604,1a:00:00:00:00:00,-38,11,0,0,0,0,0,0,0,0,0,-92,0,1,0,104530173,0,31,0,128,0,"[0,0,4,14,4,13,4,13,5,12,5,12,5,12,5,12,5,11,6,11,6,10,7,10,7,10,7,10,7,9,8,9,8,9,8,10,8,10,8,10,7,11,7,11,6,11,5,11,5,11,4,10,4,11,0,0,0,0,0,0,0,0,0,0,0,0,0,0,0,0,0,0,0,0,0,0,4,9,4,10,3,10,3,11,3,11,2,12,1,12,1,12,0,12,0,12,0,12,0,12,0,12,0,12,0,12,1,12,1,12,2,12,2,12,2,12,3,12,3,13,4,13,4,13,4,13,4,13]"
2025-08-18 22:56:47.966335,CSI_DATA,605,1a:00:00:00:00:00,-38,11,0,0,0,0,0,0,0,0,0,-92,0,1,0,104590969,0,42,0,128,0,"[0,0,-10,-11,-11,-11,-10,-11,-10,-10,-10,-10,-10,-10,-10,-9,-10,-9,-11,-8,-11,-7,-11,-7,-11,-7,-11,-7,-12,-7,-12,-6,-12,-6,-12,-6,-12,-6,-12,-7,-12,-7,-12,-8,-11,-8,-11,-8,-10,-8,-9,-8,-9,-9,0,0,0,0,0,0,0,0,0,0,0,0,0,0,0,0,0,0,0,0,0,0,-9,-7,-8,-8,-8,-9,-8,-9,-8,-10,-7,-11,-7,-11,-7,-12,-6,-12,-6,-12,-6,-12,-6,-12,-6,-12,-6,-11,-6,-11,-6,-11,-7,-11,-7,-11,-8,-11,-8,-11,-9,-11,-9,-11,-10,-11,-10,-11,-10,-11,-10,-11]"
2025-08-18 22:56:48.038588,CSI_DATA,606,1a:00:00:00:00:00,-38,11,0,0,0,0,0,0,0,0,0,-92,0,1,0,104660290,0,31,0,128,0,"[0,0,8,12,8,11,8,11,8,11,8,10,8,10,8,9,8,9,8,9,9,8,9,8,9,7,10,7,10,7,10,7,10,7,10,7,10,7,10,7,10,8,10,8,9,9,8,9,8,9,7,9,6,9,0,0,0,0,0,0,0,0,0,0,0,0,0,0,0,0,0,0,0,0,0,0,7,7,7,8,6,9,6,9,6,10,5,11,5,11,5,11,4,12,4,12,4,12,3,12,3,11,4,11,4,11,4,11,5,11,5,10,6,11,6,11,6,11,7,11,7,11,8,11,8,12,8,11]"
2025-08-18 22:56:48.229628,CSI_DATA,607,1a:00:00:00:00:00,-38,11,0,0,0,0,0,0,0,0,0,-92,0,1,0,104865141,0,31,0,128,0,"[0,0,10,10,10,9,10,9,10,9,11,9,10,8,10,8,10,7,10,7,10,6,11,5,11,5,11,5,11,5,12,5,12,4,12,5,12,5,12,6,11,6,11,7,10,7,10,7,10,7,9,7,8,8,0,0,0,0,0,0,0,0,0,0,0,0,0,0,0,0,0,0,0,0,0,0,9,5,9,6,8,7,8,8,8,8,8,9,7,10,7,10,7,10,6,10,6,11,6,10,6,10,6,10,7,10,7,10,7,10,7,9,8,9,8,10,9,9,9,9,10,9,10,9,10,10,11,9]"
2025-08-18 22:56:48.428433,CSI_DATA,608,1a:00:00:00:00:00,-38,11,0,0,0,0,0,0,0,0,0,-92,0,1,0,105061831,0,31,0,128,0,"[0,0,1,15,1,14,1,14,1,13,2,14,2,13,2,13,3,12,3,12,4,11,4,11,5,11,5,11,5,11,6,11,6,11,6,12,6,12,5,12,5,12,4,12,4,12,3,12,3,12,2,11,1,11,0,0,0,0,0,0,0,0,0,0,0,0,0,0,0,0,0,0,0,0,0,0,2,10,1,11,1,11,0,12,-1,12,-1,13,-2,13,-3,13,-3,13,-3,12,-3,12,-3,12,-3,12,-3,12,-2,12,-2,12,-2,12,-1,12,-1,13,-1,13,0,13,0,14,1,14,1,14,1,15,1,14]"
2025-08-18 22:56:48.633010,CSI_DATA,609,1a:00:00:00:00:00,-38,11,0,0,0,0,0,0,0,0,0,-92,0,1,0,105262999,0,31,0,128,0,"[0,0,9,-12,9,-12,8,-12,8,-12,8,-12,8,-12,7,-12,6,-12,6,-12,5,-12,5,-13,4,-13,4,-13,4,-13,4,-13,4,-13,4,-14,4,-14,5,-14,5,-13,5,-13,6,-13,6,-12,6,-12,7,-11,7,-10,0,0,0,0,0,0,0,0,0,0,0,0,0,0,0,0,0,0,0,0,0,0,5,-10,6,-10,7,-10,7,-10,8,-10,9,-10,10,-9,10,-9,10,-8,10,-8,10,-8,10,-8,10,-8,10,-8,10,-8,9,-8,9,-9,9,-10,9,-10,9,-10,9,-11,9,-11,9,-12,9,-12,9,-12,9,-13]"
2025-08-18 22:56:48.831354,CSI_DATA,610,1a:00:00:00:00:00,-38,11,0,0,0,0,0,0,0,0,0,-92,0,1,0,105464366,0,31,0,128,0,"[0,0,1,15,1,14,1,14,2,14,2,13,2,13,2,13,3,12,3,12,4,12,4,11,5,11,5,11,5,11,5,11,6,11,6,12,5,12,5,12,5,12,4,12,3,12,3,12,3,12,2,11,1,11,0,0,0,0,0,0,0,0,0,0,0,0,0,0,0,0,0,0,0,0,0,0,3,10,2,10,1,11,0,11,0,12,-1,12,-2,13,-2,12,-3,12,-3,12,-3,12,-3,12,-3,12,-3,12,-2,12,-2,12,-2,12,-1,12,-1,12,0,13,0,13,0,13,1,14,1,14,1,14,2,14]"
2025-08-18 22:56:49.040409,CSI_DATA,611,1a:00:00:00:00:00,-38,11,0,0,0,0,0,0,0,0,0,-92,0,1,0,105665509,0,31,0,128,0,"[0,0,-4,-15,-5,-15,-4,-15,-5,-14,-5,-14,-5,-14,-5,-14,-6,-13,-6,-12,-6,-12,-7,-12,-7,-12,-8,-12,-8,-12,-8,-11,-8,-11,-8,-12,-8,-12,-8,-12,-8,-13,-7,-12,-7,-13,-6,-13,-5,-13,-5,-12,-4,-12,0,0,0,0,0,0,0,0,0,0,0,0,0,0,0,0,0,0,0,0,0,0,-5,-11,-4,-11,-4,-12,-3,-12,-3,-13,-2,-13,-1,-14,-1,-14,-1,-14,0,-14,0,-14,0,-13,0,-13,0,-13,0,-13,-1,-13,-1,-13,-2,-13,-2,-14,-3,-14,-3,-14,-4,-14,-4,-15,-4,-15,-4,-15,-4,-15]"
2025-08-18 22:56:49.250266,CSI_DATA,612,1a:00:00:00:00:00,-38,11,0,0,0,0,0,0,0,0,0,-92,0,1,0,105866617,0,31,0,128,0,"[0,0,11,-10,10,-10,10,-10,10,-10,9,-10,9,-10,8,-10,8,-10,8,-10,7,-10,6,-10,6,-11,6,-11,6,-11,6,-11,6,-12,6,-12,6,-12,7,-12,7,-11,8,-11,8,-10,8,-10,8,-9,8,-9,8,-8,0,0,0,0,0,0,0,0,0,0,0,0,0,0,0,0,0,0,0,0,0,0,6,-9,7,-9,7,-8,8,-8,9,-8,10,-8,10,-7,11,-7,11,-6,10,-6,11,-6,11,-6,11,-6,10,-6,10,-7,10,-6,10,-7,9,-7,10,-8,10,-8,10,-8,10,-9,10,-9,10,-10,10,-10,10,-10]"
2025-08-18 22:56:49.436340,CSI_DATA,613,1a:00:00:00:00:00,-38,11,0,0,0,0,0,0,0,0,0,-92,0,1,0,106067772,0,31,0,128,0,"[0,0,-3,14,-3,14,-2,14,-2,13,-2,13,-2,13,-1,13,0,13,0,12,0,12,1,12,1,12,2,12,2,12,2,12,2,12,2,13,2,13,2,13,2,13,1,13,0,13,0,13,-1,12,-1,11,-2,11,0,0,0,0,0,0,0,0,0,0,0,0,0,0,0,0,0,0,0,0,0,0,-1,10,-1,11,-2,11,-3,11,-3,11,-4,12,-5,12,-5,12,-6,11,-6,11,-6,11,-6,11,-6,11,-6,11,-5,11,-5,11,-5,11,-4,11,-4,12,-3,12,-3,13,-3,13,-3,13,-3,14,-3,14,-3,14]"
2025-08-18 22:56:49.497774,CSI_DATA,614,1a:00:00:00:00:00,-38,11,0,0,0,0,0,0,0,0,0,-92,0,1,0,106128884,0,42,0,128,0,"[0,0,14,-1,14,-2,14,-2,14,-2,13,-2,13,-2,13,-3,12,-3,12,-4,12,-4,12,-4,11,-5,12,-5,11,-6,12,-6,11,-6,12,-6,12,-6,13,-6,13,-5,13,-5,12,-4,12,-3,12,-3,12,-2,11,-1,0,0,0,0,0,0,0,0,0,0,0,0,0,0,0,0,0,0,0,0,0,0,10,-2,10,-2,11,-1,11,-1,12,0,12,0,12,1,12,1,12,2,12,3,12,3,12,3,12,3,12,2,12,2,12,2,11,1,12,1,12,0,13,0,13,-1,13,-1,14,-1,14,-1,14,-1,14,-1]"
2025-08-18 22:56:49.961632,CSI_DATA,615,1a:00:00:00:00:00,-38,11,0,0,0,0,0,0,0,0,0,-92,0,1,0,106196331,0,31,0,128,0,"[0,0,-11,10,-11,9,-11,9,-11,9,-10,9,-9,9,-9,10,-8,10,-8,10,-8,10,-7,10,-7,10,-7,10,-6,11,-6,11,-6,11,-6,11,-7,11,-7,11,-7,11,-7,11,-8,11,-8,10,-9,9,-9,8,-9,8,0,0,0,0,0,0,0,0,0,0,0,0,0,0,0,0,0,0,0,0,0,0,-8,7,-8,7,-9,7,-10,7,-10,6,-11,6,-11,6,-12,6,-12,5,-12,5,-12,4,-12,4,-12,4,-12,5,-12,5,-11,5,-11,6,-11,6,-11,7,-11,7,-11,8,-11,8,-11,9,-11,9,-11,9,-11,9]"
2025-08-18 22:56:49.966824,CSI_DATA,616,1a:00:00:00:00:00,-38,11,0,0,0,0,0,0,0,0,0,-92,0,1,0,106401111,0,31,0,128,0,"[0,0,-5,14,-5,13,-5,13,-4,13,-4,13,-4,13,-3,13,-3,12,-2,12,-2,12,-1,12,-1,12,0,12,0,13,0,12,0,13,0,13,0,13,-1,13,-1,13,-1,13,-2,13,-2,12,-3,12,-4,11,-4,11,0,0,0,0,0,0,0,0,0,0,0,0,0,0,0,0,0,0,0,0,0,0,-2,10,-3,10,-3,10,-4,11,-5,11,-5,11,-6,11,-7,11,-7,11,-7,10,-8,10,-8,10,-7,10,-7,10,-7,10,-7,10,-6,10,-5,11,-6,11,-5,12,-5,12,-5,13,-5,13,-4,13,-5,13,-4,13]"
2025-08-18 22:56:49.972070,CSI_DATA,617,1a:00:00:00:00:00,-38,11,0,0,0,0,0,0,0,0,0,-92,0,1,0,106596725,0,31,0,128,0,"[0,0,7,13,7,13,6,13,7,12,7,12,7,11,7,11,7,11,7,10,8,9,8,9,9,9,9,9,9,9,9,9,9,9,9,9,9,9,9,10,9,10,8,10,8,11,7,11,6,10,6,10,5,10,0,0,0,0,0,0,0,0,0,0,0,0,0,0,0,0,0,0,0,0,0,0,7,8,6,9,6,10,5,10,5,11,4,11,4,12,4,12,3,12,3,13,3,13,3,12,3,12,3,12,3,12,3,12,4,12,4,12,5,11,5,12,5,12,6,12,7,13,6,12,7,13,7,13]"
2025-08-18 22:56:50.174069,CSI_DATA,618,1a:00:00:00:00:00,-38,11,0,0,0,0,0,0,0,0,0,-92,0,1,0,106797502,0,31,0,128,0,"[0,0,-11,-11,-11,-10,-11,-10,-11,-10,-11,-10,-11,-9,-11,-9,-11,-8,-11,-8,-12,-7,-12,-7,-12,-6,-12,-6,-12,-6,-13,-5,-13,-6,-13,-6,-13,-6,-13,-7,-13,-7,-12,-8,-12,-8,-11,-8,-11,-8,-10,-8,-9,-9,0,0,0,0,0,0,0,0,0,0,0,0,0,0,0,0,0,0,0,0,0,0,-9,-6,-9,-7,-9,-8,-9,-9,-9,-9,-9,-10,-8,-11,-8,-11,-8,-11,-7,-12,-7,-12,-7,-11,-7,-11,-7,-11,-7,-11,-8,-11,-8,-10,-8,-10,-9,-10,-9,-10,-9,-10,-10,-10,-11,-10,-11,-10,-11,-10,-11,-11]"
2025-08-18 22:56:50.367169,CSI_DATA,619,1a:00:00:00:00:00,-38,11,0,0,0,0,0,0,0,0,0,-92,0,1,0,106998677,0,31,0,128,0,"[0,0,15,-2,14,-3,13,-2,14,-2,14,-2,12,-2,13,-3,11,-4,12,-4,12,-5,12,-6,11,-5,10,-6,12,-6,12,-6,11,-6,11,-7,12,-6,12,-6,12,-5,13,-6,12,-4,12,-4,12,-3,12,-3,11,-2,0,0,0,0,0,0,0,0,0,0,0,0,0,0,0,0,0,0,0,0,0,0,10,-3,10,-2,11,-1,11,-1,11,-1,12,0,12,1,12,1,12,2,12,2,12,2,12,2,12,2,11,2,12,1,11,1,11,1,12,0,12,0,12,-1,12,-1,13,-1,13,-2,14,-1,14,-2,14,-2]"
2025-08-18 22:56:50.575100,CSI_DATA,620,1a:00:00:00:00:00,-38,11,0,0,0,0,0,0,0,0,0,-92,0,1,0,107199827,0,31,0,128,0,"[0,0,-14,-6,-14,-6,-13,-6,-14,-6,-13,-5,-13,-5,-13,-4,-13,-4,-13,-3,-13,-3,-13,-3,-13,-2,-13,-2,-13,-1,-13,-1,-14,-1,-14,-1,-14,-1,-14,-2,-14,-2,-14,-3,-13,-3,-13,-4,-12,-4,-12,-5,-12,-5,0,0,0,0,0,0,0,0,0,0,0,0,0,0,0,0,0,0,0,0,0,0,-11,-3,-11,-4,-11,-5,-11,-6,-11,-6,-11,-7,-11,-8,-11,-8,-11,-8,-10,-9,-10,-9,-10,-9,-10,-9,-10,-8,-10,-8,-10,-8,-11,-8,-11,-7,-11,-7,-12,-7,-12,-6,-13,-7,-13,-6,-14,-7,-14,-6,-14,-6]"
2025-08-18 22:56:50.764792,CSI_DATA,621,1a:00:00:00:00:00,-38,11,0,0,0,0,0,0,0,0,0,-92,0,1,0,107400984,0,31,0,128,0,"[0,0,10,10,10,9,10,9,10,9,10,8,10,8,10,8,10,7,10,7,10,6,10,6,10,5,11,5,11,5,11,5,12,5,12,5,12,5,12,6,11,6,11,6,10,7,10,7,9,7,9,7,8,7,0,0,0,0,0,0,0,0,0,0,0,0,0,0,0,0,0,0,0,0,0,0,8,5,8,6,8,7,8,8,8,9,8,10,7,10,7,10,6,11,6,11,6,11,6,11,6,10,6,10,6,10,6,10,7,10,7,9,8,9,8,9,8,9,9,9,9,9,10,10,10,10,11,10]"
2025-08-18 22:56:50.971727,CSI_DATA,622,1a:00:00:00:00:00,-38,11,0,0,0,0,0,0,0,0,0,-92,0,1,0,107602479,0,31,0,128,0,"[0,0,-5,13,-5,13,-5,13,-5,13,-4,13,-4,13,-3,12,-3,12,-2,12,-2,12,-1,12,0,12,0,12,0,12,0,13,0,12,0,13,0,13,-1,13,-1,13,-2,13,-2,13,-2,12,-3,12,-3,11,-4,11,0,0,0,0,0,0,0,0,0,0,0,0,0,0,0,0,0,0,0,0,0,0,-3,10,-3,10,-4,10,-5,10,-5,11,-6,11,-7,11,-7,11,-7,10,-8,10,-8,10,-8,10,-8,10,-7,9,-7,10,-7,10,-7,10,-6,11,-6,11,-5,11,-5,12,-5,12,-5,13,-5,13,-5,13,-5,13]"
2025-08-18 22:56:51.033257,CSI_DATA,623,1a:00:00:00:00:00,-38,11,0,0,0,0,0,0,0,0,0,-92,0,1,0,107663045,0,42,0,128,0,"[0,0,-11,10,-11,10,-10,10,-10,10,-10,10,-9,9,-9,10,-9,10,-8,10,-7,10,-7,10,-6,11,-6,11,-6,11,-6,11,-6,11,-6,11,-7,11,-7,12,-7,11,-8,11,-8,10,-8,10,-8,9,-8,8,-9,8,0,0,0,0,0,0,0,0,0,0,0,0,0,0,0,0,0,0,0,0,0,0,-7,8,-8,8,-8,8,-9,7,-10,8,-10,7,-11,7,-11,7,-12,6,-12,6,-12,5,-12,5,-12,6,-11,6,-11,6,-11,6,-11,6,-10,7,-11,7,-10,8,-11,8,-11,9,-10,9,-10,10,-11,10,-11,10]"
2025-08-18 22:56:51.116177,CSI_DATA,624,1a:00:00:00:00:00,-38,11,0,0,0,0,0,0,0,0,0,-92,0,1,0,107732304,0,31,0,128,0,"[0,0,14,-5,13,-5,14,-5,13,-5,13,-6,12,-6,12,-6,12,-6,11,-7,11,-7,11,-7,10,-8,10,-8,10,-9,10,-9,11,-9,10,-9,11,-9,11,-9,11,-8,12,-8,11,-7,11,-6,11,-6,11,-5,11,-4,0,0,0,0,0,0,0,0,0,0,0,0,0,0,0,0,0,0,0,0,0,0,9,-5,10,-5,11,-4,12,-4,12,-3,13,-3,13,-2,13,-2,13,-1,13,-1,13,0,13,0,12,0,12,-1,12,-1,12,-1,13,-2,12,-2,13,-3,13,-4,13,-4,13,-4,13,-5,14,-5,14,-5,14,-5]"
2025-08-18 22:56:51.316367,CSI_DATA,625,1a:00:00:00:00:00,-38,11,0,0,0,0,0,0,0,0,0,-92,0,1,0,107933737,0,31,0,128,0,"[0,0,9,-10,8,-11,9,-13,10,-11,6,-9,8,-14,9,-11,6,-16,4,-13,6,-12,5,-10,2,-13,3,-12,4,-12,3,-12,4,-13,5,-14,4,-13,6,-14,6,-11,8,-12,6,-13,8,-11,3,-10,6,-12,5,-9,0,0,0,0,0,0,0,0,0,0,0,0,0,0,0,0,0,0,0,0,0,0,3,-11,4,-11,5,-11,6,-11,6,-10,7,-10,8,-10,8,-10,9,-9,9,-9,9,-9,9,-9,9,-9,9,-9,8,-9,8,-9,8,-10,8,-10,8,-10,8,-11,8,-11,7,-12,6,-11,8,-12,8,-13,8,-13]"
2025-08-18 22:56:51.499030,CSI_DATA,626,1a:00:00:00:00:00,-38,11,0,0,0,0,0,0,0,0,0,-92,0,1,0,108132612,0,31,0,128,0,"[0,0,2,15,2,14,2,14,2,13,3,14,3,13,3,13,3,12,3,12,4,11,5,11,6,11,6,11,6,11,6,11,7,11,6,11,6,12,6,12,5,12,5,13,4,12,3,12,3,12,2,12,2,12,0,0,0,0,0,0,0,0,0,0,0,0,0,0,0,0,0,0,0,0,0,0,3,10,2,11,2,11,1,12,1,12,0,13,-1,13,-1,13,-2,13,-2,12,-2,13,-2,12,-2,12,-1,12,-1,12,-2,12,-1,12,0,12,0,13,0,13,1,13,1,14,2,13,2,14,2,14,3,14]"
2025-08-18 22:56:51.702950,CSI_DATA,627,1a:00:00:00:00:00,-38,11,0,0,0,0,0,0,0,0,0,-92,0,1,0,108333773,0,31,0,128,0,"[0,0,-9,11,-8,11,-9,11,-8,11,-8,11,-8,11,-7,11,-7,11,-6,11,-5,11,-5,11,-4,11,-4,11,-4,12,-4,12,-4,12,-4,12,-5,12,-5,12,-6,12,-6,12,-6,11,-6,11,-6,10,-7,9,-7,9,0,0,0,0,0,0,0,0,0,0,0,0,0,0,0,0,0,0,0,0,0,0,-5,9,-6,9,-6,9,-7,9,-8,9,-9,9,-9,8,-10,8,-10,8,-10,8,-10,7,-10,7,-10,7,-10,8,-9,7,-9,7,-9,8,-9,8,-9,9,-9,9,-9,10,-9,10,-8,11,-8,11,-8,11,-8,11]"
2025-08-18 22:56:51.902514,CSI_DATA,628,1a:00:00:00:00:00,-38,11,0,0,0,0,0,0,0,0,0,-92,0,1,0,108535015,0,31,0,128,0,"[0,0,15,1,14,1,14,1,14,0,14,0,13,-1,13,-1,13,-2,12,-2,13,-2,12,-3,12,-3,12,-3,12,-4,12,-4,13,-4,13,-4,13,-4,13,-4,14,-3,14,-3,13,-2,12,-2,12,-1,12,0,12,1,0,0,0,0,0,0,0,0,0,0,0,0,0,0,0,0,0,0,0,0,0,0,10,-1,11,0,11,1,12,1,11,2,12,3,12,3,12,4,12,4,12,4,12,5,11,5,11,4,11,4,12,4,12,3,12,3,12,2,13,2,13,2,13,1,14,1,14,1,14,1,14,1,14,1]"
2025-08-18 22:56:52.103901,CSI_DATA,629,1a:00:00:00:00:00,-38,11,0,0,0,0,0,0,0,0,0,-92,0,1,0,108736128,0,31,0,128,0,"[0,0,-1,14,-1,14,-1,14,0,13,0,13,0,13,1,13,2,13,2,12,2,12,3,12,3,12,3,12,4,12,4,12,4,12,4,12,4,12,4,13,3,13,3,12,2,12,1,12,1,12,0,11,0,11,0,0,0,0,0,0,0,0,0,0,0,0,0,0,0,0,0,0,0,0,0,0,1,10,0,11,0,11,-1,11,-2,12,-2,12,-3,12,-3,12,-4,12,-4,12,-5,12,-5,11,-4,12,-4,11,-4,11,-3,11,-3,12,-2,12,-2,12,-2,13,-1,13,-1,13,-1,14,-1,14,-1,14,0,14]"
2025-08-18 22:56:52.311019,CSI_DATA,630,1a:00:00:00:00:00,-38,11,0,0,0,0,0,0,0,0,0,-92,0,1,0,108937516,0,31,0,128,0,"[0,0,5,14,5,13,5,13,5,13,6,13,6,12,6,12,6,11,6,10,7,10,7,10,8,9,8,9,8,9,9,9,9,9,9,10,9,10,8,10,8,10,8,11,7,11,6,11,6,11,5,10,4,11,0,0,0,0,0,0,0,0,0,0,0,0,0,0,0,0,0,0,0,0,0,0,5,9,5,10,4,10,4,11,3,12,3,12,2,13,2,13,1,13,1,13,1,13,0,12,1,12,1,12,1,12,1,12,2,12,3,12,3,12,3,13,4,13,4,13,5,13,5,13,5,14,5,14]"
2025-08-18 22:56:52.502868,CSI_DATA,631,1a:00:00:00:00:00,-38,11,0,0,0,0,0,0,0,0,0,-92,0,1,0,109138583,0,31,0,128,0,"[0,0,12,6,12,6,12,6,12,6,12,5,12,5,12,4,12,4,12,3,12,3,12,2,12,2,12,2,12,1,12,1,13,1,13,2,13,2,13,2,13,2,13,3,12,3,12,4,11,5,11,5,10,5,0,0,0,0,0,0,0,0,0,0,0,0,0,0,0,0,0,0,0,0,0,0,9,3,10,3,10,4,10,5,10,6,10,7,10,7,9,7,9,8,9,8,9,8,8,8,9,8,9,8,9,7,9,7,9,7,10,7,10,6,10,6,11,6,11,6,12,6,12,6,13,6,13,6]"
2025-08-18 22:56:52.563804,CSI_DATA,632,1a:00:00:00:00:00,-38,11,0,0,0,0,0,0,0,0,0,-92,0,1,0,109199409,0,42,0,128,0,"[0,0,8,11,8,11,8,11,8,10,8,10,8,10,8,9,8,9,9,8,9,7,9,7,9,7,10,7,10,7,10,7,10,7,11,7,11,7,10,7,10,8,10,8,9,8,9,8,8,9,7,9,7,9,0,0,0,0,0,0,0,0,0,0,0,0,0,0,0,0,0,0,0,0,0,0,7,7,7,8,6,8,6,9,6,10,5,10,5,11,5,11,4,11,4,11,3,11,3,11,4,11,4,11,4,11,4,10,5,11,5,10,6,10,6,10,6,10,7,11,7,11,8,11,8,11,8,11]"
2025-08-18 22:56:52.642549,CSI_DATA,633,1a:00:00:00:00:00,-38,11,0,0,0,0,0,0,0,0,0,-92,0,1,0,109267209,0,31,0,128,0,"[0,0,2,-12,2,-14,4,-13,1,-11,-1,-16,2,-12,-2,-13,-1,-10,1,-11,-3,-14,-1,-15,-3,-11,-3,-12,-3,-13,-2,-12,-2,-14,-2,-13,-3,-13,-2,-15,-3,-12,-3,-12,1,-13,-3,-13,2,-15,1,-10,2,-12,0,0,0,0,0,0,0,0,0,0,0,0,0,0,0,0,0,0,0,0,0,0,1,-11,2,-11,3,-11,3,-11,4,-12,5,-12,5,-12,5,-12,6,-11,6,-11,6,-11,6,-11,6,-11,6,-11,5,-11,5,-11,4,-11,4,-12,4,-13,3,-13,3,-13,3,-13,3,-13,3,-14,3,-14,3,-15]"
2025-08-18 22:56:52.842587,CSI_DATA,634,1a:00:00:00:00:00,-38,11,0,0,0,0,0,0,0,0,0,-92,0,1,0,109467315,0,31,0,128,0,"[0,0,-14,-6,-14,-6,-13,-6,-13,-6,-14,-5,-12,-5,-12,-5,-13,-3,-12,-4,-12,-3,-13,-2,-12,-1,-14,-1,-13,-1,-13,-1,-14,-1,-14,-1,-14,-1,-13,-2,-13,-2,-14,-2,-12,-3,-12,-3,-12,-4,-11,-4,-12,-4,0,0,0,0,0,0,0,0,0,0,0,0,0,0,0,0,0,0,0,0,0,0,-11,-3,-11,-4,-11,-4,-12,-5,-12,-6,-12,-7,-11,-7,-11,-8,-11,-8,-11,-8,-11,-8,-10,-8,-10,-8,-10,-8,-10,-8,-10,-7,-11,-7,-11,-7,-12,-7,-12,-6,-12,-6,-13,-6,-13,-6,-13,-5,-14,-6,-14,-6]"
2025-08-18 22:56:53.038358,CSI_DATA,635,1a:00:00:00:00:00,-38,11,0,0,0,0,0,0,0,0,0,-92,0,1,0,109668501,0,31,0,128,0,"[0,0,-13,9,-12,9,-12,9,-12,9,-11,9,-11,9,-11,9,-10,9,-9,9,-9,10,-8,10,-8,10,-8,10,-7,11,-7,11,-7,11,-7,11,-8,11,-8,11,-9,11,-9,11,-9,10,-9,10,-10,9,-10,8,-10,7,0,0,0,0,0,0,0,0,0,0,0,0,0,0,0,0,0,0,0,0,0,0,-8,8,-9,7,-10,7,-10,7,-11,7,-12,6,-12,6,-13,5,-13,5,-13,4,-13,4,-13,4,-13,4,-12,4,-12,5,-12,5,-12,5,-12,6,-12,6,-12,7,-12,7,-12,7,-12,9,-12,9,-12,9,-12,9]"
2025-08-18 22:56:53.233765,CSI_DATA,636,1a:00:00:00:00:00,-38,11,0,0,0,0,0,0,0,0,0,-92,0,1,0,109869637,0,31,0,128,0,"[0,0,10,11,9,10,10,10,9,9,10,9,9,9,9,8,10,8,9,7,10,6,10,6,10,6,11,6,11,5,11,5,12,6,11,6,12,6,12,6,11,7,11,7,10,7,10,7,9,8,8,8,8,8,0,0,0,0,0,0,0,0,0,0,0,0,0,0,0,0,0,0,0,0,0,0,8,6,8,7,7,7,7,8,7,9,7,10,6,10,6,10,5,11,5,11,5,11,5,11,5,11,5,10,6,10,5,10,6,10,7,9,7,10,8,10,8,10,8,10,9,9,9,10,10,10,10,10]"
2025-08-18 22:56:53.441260,CSI_DATA,637,1a:00:00:00:00:00,-38,11,0,0,0,0,0,0,0,0,0,-92,0,1,0,110071058,0,31,0,128,0,"[0,0,6,-14,5,-14,5,-14,5,-13,5,-14,5,-13,4,-13,3,-13,3,-13,2,-13,2,-13,1,-13,1,-13,0,-13,0,-13,1,-14,0,-14,1,-14,1,-14,2,-14,2,-14,3,-13,3,-13,3,-13,4,-12,4,-11,0,0,0,0,0,0,0,0,0,0,0,0,0,0,0,0,0,0,0,0,0,0,2,-11,3,-11,4,-11,5,-11,5,-11,6,-11,7,-11,7,-10,8,-10,8,-10,8,-10,8,-10,8,-10,7,-10,7,-10,7,-10,7,-11,6,-11,6,-12,6,-12,6,-12,6,-13,5,-13,5,-14,5,-13,5,-14]"
2025-08-18 22:56:53.635344,CSI_DATA,638,1a:00:00:00:00:00,-38,11,0,0,0,0,0,0,0,0,0,-92,0,1,0,110272097,0,31,0,128,0,"[0,0,11,8,12,7,11,7,12,7,11,6,11,6,11,5,11,5,11,4,11,4,11,4,11,3,11,3,11,2,12,2,12,2,13,2,12,3,13,3,12,3,12,4,12,4,11,5,11,5,10,5,9,6,0,0,0,0,0,0,0,0,0,0,0,0,0,0,0,0,0,0,0,0,0,0,9,4,9,5,9,6,9,6,9,7,9,8,9,8,8,9,8,9,8,9,7,9,7,9,7,9,7,9,7,8,8,8,8,8,9,8,9,7,10,7,10,7,11,7,11,7,11,8,11,8,12,8]"
2025-08-18 22:56:53.845636,CSI_DATA,639,1a:00:00:00:00:00,-38,11,0,0,0,0,0,0,0,0,0,-92,0,1,0,110473293,0,31,0,128,0,"[0,0,-4,14,-3,14,-3,14,-3,14,-3,14,-2,13,-2,13,-1,13,-1,12,0,12,0,12,1,12,1,12,1,12,2,13,2,13,2,13,2,13,2,13,1,13,1,13,0,13,-1,13,-2,13,-2,12,-3,11,0,0,0,0,0,0,0,0,0,0,0,0,0,0,0,0,0,0,0,0,0,0,-2,10,-2,11,-3,11,-4,11,-5,11,-5,11,-6,12,-6,11,-6,11,-7,11,-8,11,-8,10,-7,11,-7,10,-6,10,-6,11,-6,11,-5,12,-5,12,-4,12,-4,13,-4,13,-4,14,-4,14,-4,14,-4,14]"
2025-08-18 22:56:54.038452,CSI_DATA,640,1a:00:00:00:00:00,-38,11,0,0,0,0,0,0,0,0,0,-92,0,1,0,110674526,0,31,0,128,0,"[0,0,11,9,10,9,10,9,10,9,10,8,10,8,10,7,10,7,10,6,11,5,11,5,11,4,11,5,12,4,12,4,12,4,12,4,12,5,12,5,12,5,12,6,11,6,10,6,10,7,9,7,9,8,0,0,0,0,0,0,0,0,0,0,0,0,0,0,0,0,0,0,0,0,0,0,9,5,9,6,8,7,8,8,8,8,8,9,7,10,7,10,7,10,6,10,6,11,6,10,6,10,6,10,6,10,6,9,7,9,8,9,8,9,8,9,9,9,9,9,10,9,10,9,10,9,11,9]"
2025-08-18 22:56:54.098140,CSI_DATA,641,1a:00:00:00:00:00,-38,11,0,0,0,0,0,0,0,0,0,-92,0,1,0,110735260,0,42,0,128,0,"[0,0,8,12,8,11,7,11,8,11,8,10,8,10,8,9,8,9,8,8,9,8,9,8,9,8,9,8,9,7,10,7,10,7,10,8,10,7,10,8,10,8,10,8,9,9,8,9,7,9,7,9,6,9,0,0,0,0,0,0,0,0,0,0,0,0,0,0,0,0,0,0,0,0,0,0,7,7,6,8,6,9,6,9,6,10,5,11,5,11,4,11,4,11,3,12,3,12,3,12,3,11,3,11,4,11,4,11,4,11,5,11,5,11,6,11,6,11,7,11,7,11,7,12,7,12,8,12]"
2025-08-18 22:56:54.176766,CSI_DATA,642,1a:00:00:00:00:00,-38,11,0,0,0,0,0,0,0,0,0,-92,0,1,0,110806063,0,31,0,128,0,"[0,0,-10,11,-9,11,-9,11,-9,11,-8,10,-8,10,-7,10,-7,10,-7,10,-6,10,-6,11,-5,11,-5,11,-5,11,-5,11,-5,12,-5,12,-5,12,-6,12,-6,12,-7,11,-7,11,-7,10,-7,10,-8,9,-8,8,0,0,0,0,0,0,0,0,0,0,0,0,0,0,0,0,0,0,0,0,0,0,-5,9,-6,9,-7,9,-8,9,-8,9,-9,8,-10,8,-10,8,-10,7,-10,7,-11,7,-10,7,-10,7,-10,7,-10,7,-10,7,-10,8,-9,8,-9,9,-9,9,-9,9,-9,10,-9,10,-9,11,-9,11,-9,11]"
2025-08-18 22:56:54.394625,CSI_DATA,643,1a:00:00:00:00:00,-38,11,0,0,0,0,0,0,0,0,0,-92,0,1,0,111010883,0,31,0,128,0,"[0,0,8,-12,8,-12,8,-12,8,-12,7,-12,7,-12,7,-12,6,-12,5,-12,5,-12,4,-12,4,-12,3,-12,3,-12,3,-13,3,-13,3,-14,3,-13,4,-13,4,-13,5,-13,5,-12,6,-12,6,-11,6,-11,6,-10,0,0,0,0,0,0,0,0,0,0,0,0,0,0,0,0,0,0,0,0,0,0,5,-10,5,-10,6,-10,7,-9,8,-10,8,-9,9,-9,9,-8,10,-8,10,-8,10,-8,10,-7,10,-8,9,-8,9,-8,9,-8,8,-8,8,-9,8,-9,8,-10,8,-10,8,-11,8,-11,8,-12,8,-12,8,-12]"
2025-08-18 22:56:54.572601,CSI_DATA,644,1a:00:00:00:00:00,-38,11,0,0,0,0,0,0,0,0,0,-92,0,1,0,111205288,0,31,0,128,0,"[0,0,14,1,15,1,14,1,14,1,13,0,13,0,13,-1,13,-1,12,-2,12,-2,12,-2,12,-3,12,-3,12,-3,12,-4,13,-4,13,-4,13,-4,13,-3,13,-3,13,-3,13,-2,13,-1,12,-1,12,0,12,1,0,0,0,0,0,0,0,0,0,0,0,0,0,0,0,0,0,0,0,0,0,0,10,-1,11,-1,11,0,12,1,12,2,12,2,12,3,12,3,12,4,11,4,11,4,11,5,11,4,11,4,11,4,11,3,11,3,12,2,12,2,13,2,13,1,13,1,13,1,14,1,14,1,14,0]"
2025-08-18 22:56:54.775446,CSI_DATA,645,1a:00:00:00:00:00,-38,11,0,0,0,0,0,0,0,0,0,-92,0,1,0,111405555,0,31,0,128,0,"[0,0,12,-8,12,-8,12,-8,12,-8,11,-8,11,-8,10,-8,10,-9,9,-9,9,-9,9,-9,8,-10,8,-10,8,-11,8,-11,8,-11,8,-11,8,-11,9,-11,9,-10,9,-10,10,-10,10,-9,10,-8,10,-7,10,-7,0,0,0,0,0,0,0,0,0,0,0,0,0,0,0,0,0,0,0,0,0,0,8,-7,8,-7,9,-6,10,-6,10,-6,11,-5,11,-5,11,-4,12,-4,12,-4,12,-3,12,-3,12,-3,12,-4,11,-4,11,-4,11,-5,11,-5,11,-6,11,-6,11,-7,12,-7,12,-7,12,-8,12,-8,12,-8]"
2025-08-18 22:56:54.970671,CSI_DATA,646,1a:00:00:00:00:00,-39,11,0,0,0,0,0,0,0,0,0,-92,0,1,0,111606855,0,31,0,128,0,"[0,0,13,6,13,6,13,6,13,6,13,5,12,5,12,4,12,4,12,3,12,3,12,2,12,2,12,2,12,1,13,1,13,1,13,1,13,1,13,2,13,2,13,2,12,3,12,4,11,4,11,4,10,5,0,0,0,0,0,0,0,0,0,0,0,0,0,0,0,0,0,0,0,0,0,0,10,2,10,3,10,4,10,5,10,6,10,6,10,7,10,8,10,8,9,8,9,8,9,8,9,8,9,8,9,8,9,7,10,7,10,6,10,6,11,6,11,6,12,6,12,6,12,6,13,6,13,6]"
2025-08-18 22:56:55.176362,CSI_DATA,647,1a:00:00:00:00:00,-38,11,0,0,0,0,0,0,0,0,0,-92,0,1,0,111807721,0,31,0,128,0,"[0,0,15,0,14,-1,14,-1,14,-1,14,-1,13,-1,13,-2,13,-2,12,-3,12,-4,12,-4,11,-5,12,-5,12,-5,12,-5,12,-6,12,-5,13,-5,13,-5,13,-4,13,-4,13,-3,12,-3,12,-2,12,-2,12,-1,0,0,0,0,0,0,0,0,0,0,0,0,0,0,0,0,0,0,0,0,0,0,10,-2,11,-1,11,-1,12,0,12,1,12,1,12,2,12,2,12,3,12,3,12,3,12,3,12,3,12,3,12,3,11,3,12,2,12,1,13,1,13,1,13,1,13,0,14,0,14,-1,14,-1,15,-1]"
2025-08-18 22:56:55.379522,CSI_DATA,648,1a:00:00:00:00:00,-38,11,0,0,0,0,0,0,0,0,0,-92,0,1,0,112008851,0,31,0,128,0,"[0,0,-15,3,-14,4,-14,4,-14,4,-14,4,-13,4,-13,4,-12,5,-12,5,-12,6,-11,6,-11,6,-11,7,-10,7,-11,7,-11,7,-11,7,-11,7,-11,7,-12,7,-12,6,-11,6,-11,5,-11,5,-11,4,-11,3,0,0,0,0,0,0,0,0,0,0,0,0,0,0,0,0,0,0,0,0,0,0,-10,4,-11,3,-12,3,-12,2,-13,2,-13,1,-14,0,-14,0,-14,0,-14,-1,-14,-1,-13,-1,-13,-1,-13,0,-13,0,-13,0,-13,1,-13,1,-13,2,-14,2,-14,2,-14,3,-14,3,-14,4,-15,4,-15,4]"
2025-08-18 22:56:55.588522,CSI_DATA,649,1a:00:00:00:00:00,-38,11,0,0,0,0,0,0,0,0,0,-92,0,1,0,112210157,0,31,0,128,0,"[0,0,-9,13,-8,12,-8,12,-8,12,-7,12,-7,12,-6,12,-6,12,-6,12,-5,12,-5,12,-4,12,-4,12,-3,12,-3,12,-3,12,-3,12,-4,12,-4,13,-4,12,-5,12,-5,12,-6,11,-6,10,-7,10,-7,9,0,0,0,0,0,0,0,0,0,0,0,0,0,0,0,0,0,0,0,0,0,0,-4,9,-5,10,-6,10,-7,10,-8,10,-8,10,-9,9,-9,9,-10,9,-10,9,-10,8,-10,8,-10,8,-10,8,-9,9,-9,9,-9,9,-9,10,-8,10,-8,11,-8,11,-8,11,-8,12,-8,12,-8,13,-8,12]"
2025-08-18 22:56:55.639861,CSI_DATA,650,1a:00:00:00:00:00,-38,11,0,0,0,0,0,0,0,0,0,-92,0,1,0,112270894,0,42,0,128,0,"[0,0,12,-8,12,-8,12,-8,12,-8,11,-8,11,-8,10,-9,10,-9,10,-9,9,-9,9,-9,8,-10,8,-10,8,-10,8,-10,8,-10,8,-10,9,-10,9,-10,9,-10,9,-10,9,-9,9,-8,9,-8,9,-7,9,-6,0,0,0,0,0,0,0,0,0,0,0,0,0,0,0,0,0,0,0,0,0,0,8,-8,8,-7,9,-7,10,-6,11,-6,11,-6,12,-5,12,-5,12,-4,12,-4,12,-4,12,-4,12,-4,12,-4,12,-4,11,-4,11,-5,11,-5,11,-6,12,-7,11,-7,12,-7,12,-8,12,-8,12,-8,12,-8]"
2025-08-18 22:56:55.710811,CSI_DATA,651,1a:00:00:00:00:00,-37,11,0,0,0,0,0,0,0,0,0,-92,0,1,0,112341606,0,31,0,128,0,"[0,0,-5,14,-4,13,-4,14,-4,13,-3,13,-3,13,-3,13,-2,12,-2,12,-1,12,-1,12,0,12,0,12,0,12,0,12,0,13,0,13,0,13,0,13,-1,13,-1,13,-2,12,-2,12,-2,12,-3,11,-4,10,0,0,0,0,0,0,0,0,0,0,0,0,0,0,0,0,0,0,0,0,0,0,-1,10,-2,11,-3,10,-4,11,-4,11,-5,11,-6,11,-6,11,-7,11,-7,10,-7,11,-7,10,-7,10,-7,10,-6,10,-6,10,-6,11,-5,11,-5,12,-5,12,-5,12,-4,12,-4,13,-4,13,-4,14,-4,14]"
2025-08-18 22:56:55.918222,CSI_DATA,652,1a:00:00:00:00:00,-38,11,0,0,0,0,0,0,0,0,0,-92,0,1,0,112541702,0,31,0,128,0,"[0,0,-14,4,-15,5,-14,7,-13,7,-16,7,-10,3,-10,5,-16,4,-11,8,-13,7,-13,6,-8,6,-11,6,-10,8,-12,10,-10,8,-12,6,-10,8,-13,8,-13,5,-14,6,-10,7,-13,7,-16,4,-13,2,-11,5,0,0,0,0,0,0,0,0,0,0,0,0,0,0,0,0,0,0,0,0,0,0,-8,6,-9,5,-10,5,-10,4,-11,4,-11,4,-12,3,-12,3,-12,3,-13,2,-12,2,-12,1,-12,2,-12,2,-11,2,-12,3,-11,3,-12,3,-12,3,-12,5,-13,5,-12,4,-14,6,-12,5,-13,5,-14,5]"
2025-08-18 22:56:56.110567,CSI_DATA,653,1a:00:00:00:00:00,-38,11,0,0,0,0,0,0,0,0,0,-92,0,1,0,112741167,0,31,0,128,0,"[0,0,-11,9,-11,9,-11,9,-11,9,-10,9,-10,9,-10,9,-9,9,-9,10,-8,10,-8,10,-7,10,-7,10,-7,11,-7,11,-7,11,-7,11,-8,11,-8,11,-8,10,-9,10,-9,10,-9,9,-9,8,-10,7,-10,7,0,0,0,0,0,0,0,0,0,0,0,0,0,0,0,0,0,0,0,0,0,0,-7,8,-8,7,-9,7,-9,7,-10,7,-11,6,-11,6,-12,6,-12,6,-12,5,-12,5,-12,5,-12,5,-11,5,-11,5,-11,5,-11,6,-11,6,-11,7,-11,7,-11,8,-11,8,-11,8,-11,9,-11,9,-11,9]"
2025-08-18 22:56:56.317646,CSI_DATA,654,1a:00:00:00:00:00,-39,11,0,0,0,0,0,0,0,0,0,-92,0,1,0,112942089,0,31,0,128,0,"[0,0,-8,-13,-8,-13,-8,-13,-8,-13,-8,-13,-8,-12,-8,-11,-8,-11,-9,-11,-9,-10,-9,-10,-10,-10,-10,-9,-10,-9,-10,-9,-11,-9,-11,-10,-11,-10,-11,-10,-10,-10,-10,-11,-9,-11,-8,-11,-8,-11,-7,-11,-6,-11,0,0,0,0,0,0,0,0,0,0,0,0,0,0,0,0,0,0,0,0,0,0,-6,-9,-6,-10,-6,-11,-5,-11,-5,-11,-5,-12,-4,-13,-4,-13,-3,-13,-3,-13,-3,-13,-3,-13,-2,-13,-3,-12,-3,-12,-4,-12,-4,-12,-5,-12,-5,-12,-6,-12,-6,-12,-7,-13,-7,-13,-7,-13,-7,-13,-7,-13]"
2025-08-18 22:56:56.519038,CSI_DATA,655,1a:00:00:00:00:00,-39,11,0,0,0,0,0,0,0,0,0,-92,0,1,0,113143237,0,31,0,128,0,"[0,0,-14,-6,-14,-7,-14,-6,-14,-6,-14,-6,-13,-5,-13,-5,-13,-4,-13,-4,-13,-3,-13,-3,-13,-2,-13,-2,-14,-2,-14,-1,-14,-2,-14,-2,-14,-1,-15,-2,-14,-3,-14,-3,-14,-4,-13,-4,-13,-5,-12,-5,-12,-5,0,0,0,0,0,0,0,0,0,0,0,0,0,0,0,0,0,0,0,0,0,0,-11,-4,-11,-4,-11,-5,-11,-6,-11,-7,-11,-7,-11,-8,-11,-8,-10,-9,-10,-9,-10,-9,-10,-9,-10,-9,-10,-9,-10,-8,-10,-8,-11,-8,-11,-7,-11,-7,-12,-7,-12,-7,-13,-7,-14,-7,-14,-7,-14,-7,-14,-7]"
2025-08-18 22:56:56.712134,CSI_DATA,656,1a:00:00:00:00:00,-39,11,0,0,0,0,0,0,0,0,0,-92,0,1,0,113344561,0,31,0,128,0,"[0,0,14,0,14,0,13,0,14,-1,13,-1,13,-1,13,-2,12,-2,12,-3,13,-4,12,-3,12,-4,12,-4,11,-5,12,-5,10,-6,12,-5,12,-6,12,-8,12,-5,12,-3,11,-4,12,-4,11,-2,12,-1,11,1,0,0,0,0,0,0,0,0,0,0,0,0,0,0,0,0,0,0,0,0,0,0,10,0,10,0,11,1,11,2,11,2,11,3,11,4,11,4,11,4,11,5,11,5,11,5,11,5,11,4,11,4,11,3,11,3,11,2,12,2,12,1,12,1,13,1,13,1,14,0,14,0,14,0]"
2025-08-18 22:56:57.128151,CSI_DATA,657,1a:00:00:00:00:00,-38,11,0,0,0,0,0,0,0,0,0,-92,0,1,0,113545795,0,31,0,128,0,"[0,0,10,-10,10,-10,10,-11,10,-10,9,-11,9,-10,8,-10,8,-11,7,-10,7,-11,6,-11,6,-11,6,-12,6,-12,6,-12,6,-12,6,-12,7,-12,7,-12,7,-12,8,-11,8,-11,8,-10,8,-10,8,-9,9,-8,0,0,0,0,0,0,0,0,0,0,0,0,0,0,0,0,0,0,0,0,0,0,5,-9,6,-9,7,-9,8,-8,8,-8,9,-8,10,-8,10,-7,10,-7,10,-6,10,-6,10,-6,10,-6,10,-7,10,-7,10,-7,10,-7,9,-8,9,-8,9,-9,9,-9,10,-9,9,-10,9,-10,10,-11,10,-11]"
2025-08-18 22:56:57.134444,CSI_DATA,658,1a:00:00:00:00:00,-38,11,0,0,0,0,0,0,0,0,0,-92,0,1,0,113746874,0,31,0,128,0,"[0,0,14,-6,13,-7,13,-6,13,-6,13,-7,12,-7,12,-7,11,-7,11,-8,10,-8,10,-8,10,-8,10,-9,10,-9,10,-9,10,-10,10,-9,11,-10,11,-10,11,-9,11,-8,11,-8,11,-7,11,-6,11,-5,11,-5,0,0,0,0,0,0,0,0,0,0,0,0,0,0,0,0,0,0,0,0,0,0,9,-6,10,-6,10,-5,11,-5,11,-4,12,-4,12,-3,12,-3,12,-3,12,-2,12,-2,12,-2,12,-2,12,-2,12,-3,12,-3,12,-3,12,-4,12,-4,12,-5,12,-5,13,-6,13,-6,13,-6,14,-6,14,-6]"
2025-08-18 22:56:57.182694,CSI_DATA,659,1a:00:00:00:00:00,-38,11,0,0,0,0,0,0,0,0,0,-92,0,1,0,113807660,0,42,0,128,0,"[0,0,-5,-15,-5,-15,-5,-15,-5,-14,-5,-15,-5,-14,-6,-14,-6,-13,-6,-12,-7,-12,-7,-12,-7,-12,-8,-12,-8,-12,-9,-11,-9,-12,-9,-12,-9,-12,-9,-13,-8,-12,-7,-12,-7,-13,-6,-13,-5,-13,-4,-12,-4,-12,0,0,0,0,0,0,0,0,0,0,0,0,0,0,0,0,0,0,0,0,0,0,-4,-11,-4,-11,-3,-12,-3,-12,-2,-13,-2,-13,-1,-14,-1,-14,0,-14,0,-14,0,-14,1,-13,0,-13,0,-13,0,-13,-1,-13,-1,-13,-2,-13,-2,-14,-3,-14,-3,-14,-4,-14,-4,-14,-4,-15,-4,-15,-4,-15]"
2025-08-18 22:56:57.251493,CSI_DATA,660,1a:00:00:00:00:00,-38,11,0,0,0,0,0,0,0,0,0,-92,0,1,0,113876288,0,31,0,128,0,"[0,0,-8,-13,-8,-13,-8,-13,-8,-13,-8,-12,-8,-12,-8,-11,-8,-11,-9,-10,-9,-10,-9,-10,-9,-9,-10,-9,-10,-9,-10,-9,-10,-9,-10,-9,-10,-10,-10,-10,-10,-10,-9,-11,-9,-11,-8,-11,-8,-11,-7,-10,-6,-11,0,0,0,0,0,0,0,0,0,0,0,0,0,0,0,0,0,0,0,0,0,0,-7,-9,-7,-9,-6,-10,-6,-11,-6,-11,-5,-12,-5,-12,-4,-13,-4,-13,-3,-13,-3,-13,-3,-13,-3,-13,-4,-12,-4,-12,-4,-12,-5,-12,-5,-12,-6,-12,-6,-12,-6,-12,-7,-13,-7,-12,-8,-13,-8,-13,-8,-13]"
2025-08-18 22:56:57.459509,CSI_DATA,661,1a:00:00:00:00:00,-38,11,0,0,0,0,0,0,0,0,0,-92,0,1,0,114081081,0,31,0,128,0,"[0,0,-13,-9,-13,-8,-13,-8,-13,-8,-13,-8,-13,-7,-13,-7,-12,-6,-13,-6,-13,-5,-13,-5,-13,-4,-13,-4,-13,-4,-13,-4,-14,-3,-14,-4,-14,-4,-14,-4,-13,-5,-13,-5,-12,-6,-12,-6,-12,-6,-11,-6,-10,-7,0,0,0,0,0,0,0,0,0,0,0,0,0,0,0,0,0,0,0,0,0,0,-10,-5,-10,-6,-10,-7,-10,-7,-10,-8,-10,-9,-10,-9,-9,-10,-9,-10,-9,-10,-9,-10,-9,-10,-9,-10,-9,-10,-9,-10,-9,-10,-10,-9,-10,-9,-11,-9,-11,-9,-12,-8,-12,-8,-12,-8,-13,-8,-13,-9,-13,-8]"
2025-08-18 22:56:57.851407,CSI_DATA,662,1a:00:00:00:00:00,-37,11,0,0,0,0,0,0,0,0,0,-92,0,1,0,114277692,0,31,0,128,0,"[0,0,-13,9,-12,9,-12,9,-12,9,-11,9,-11,9,-10,9,-10,10,-9,9,-9,9,-9,10,-8,10,-8,10,-7,11,-8,11,-7,11,-8,11,-8,11,-8,11,-9,11,-9,10,-9,10,-9,9,-9,8,-10,8,-10,7,0,0,0,0,0,0,0,0,0,0,0,0,0,0,0,0,0,0,0,0,0,0,-8,7,-8,7,-9,7,-10,6,-11,6,-11,6,-12,5,-12,5,-13,5,-12,4,-13,4,-12,4,-12,4,-12,4,-12,5,-11,5,-12,5,-11,6,-12,6,-12,7,-12,8,-12,8,-12,8,-12,9,-12,9,-12,9]"
2025-08-18 22:56:57.857758,CSI_DATA,663,1a:00:00:00:00:00,-37,11,0,0,0,0,0,0,0,0,0,-92,0,1,0,114479060,0,31,0,128,0,"[0,0,0,-15,0,-15,-1,-15,-1,-14,-1,-14,-1,-14,-1,-14,-2,-13,-2,-13,-3,-13,-3,-12,-4,-13,-4,-13,-4,-13,-4,-13,-4,-13,-4,-13,-4,-13,-3,-13,-3,-13,-3,-13,-2,-13,-1,-13,-1,-13,0,-12,0,-12,0,0,0,0,0,0,0,0,0,0,0,0,0,0,0,0,0,0,0,0,0,0,-2,-10,-2,-11,-1,-11,0,-12,0,-12,1,-13,2,-12,2,-13,3,-13,3,-13,3,-12,3,-12,3,-12,2,-12,2,-12,2,-12,2,-12,1,-13,1,-13,1,-13,0,-14,0,-14,0,-14,-1,-15,-1,-15,-1,-15]"
2025-08-18 22:56:58.052472,CSI_DATA,664,1a:00:00:00:00:00,-38,11,0,0,0,0,0,0,0,0,0,-92,0,1,0,114680190,0,31,0,128,0,"[0,0,2,-16,1,-15,1,-16,1,-15,1,-15,0,-14,0,-14,0,-14,-1,-13,-2,-13,-2,-13,-3,-13,-3,-13,-3,-13,-3,-13,-3,-14,-3,-14,-3,-14,-2,-14,-2,-14,-1,-14,-1,-14,-1,-13,0,-13,0,-12,1,-12,0,0,0,0,0,0,0,0,0,0,0,0,0,0,0,0,0,0,0,0,0,0,-1,-11,0,-12,1,-12,2,-12,2,-12,3,-13,4,-13,4,-13,4,-12,4,-12,5,-12,5,-12,4,-12,4,-12,4,-12,4,-12,3,-13,3,-12,3,-13,2,-13,2,-14,2,-14,1,-15,1,-15,1,-15,1,-15]"
2025-08-18 22:56:58.250765,CSI_DATA,665,1a:00:00:00:00:00,-38,11,0,0,0,0,0,0,0,0,0,-92,0,1,0,114881316,0,31,0,128,0,"[0,0,-13,7,-12,7,-12,7,-12,7,-12,7,-11,7,-11,7,-10,8,-10,8,-10,8,-9,8,-9,9,-8,9,-8,9,-8,9,-8,9,-9,10,-9,9,-10,9,-10,9,-10,8,-10,8,-10,7,-10,7,-10,6,-10,5,0,0,0,0,0,0,0,0,0,0,0,0,0,0,0,0,0,0,0,0,0,0,-8,6,-9,6,-10,5,-10,5,-11,5,-11,4,-12,4,-12,3,-12,3,-12,3,-12,3,-12,2,-12,2,-12,3,-12,3,-11,3,-11,4,-11,4,-12,5,-12,5,-12,5,-12,6,-12,7,-12,7,-12,7,-13,7]"
2025-08-18 22:56:58.447522,CSI_DATA,666,1a:00:00:00:00:00,-38,11,0,0,0,0,0,0,0,0,0,-92,0,1,0,115082759,0,31,0,128,0,"[0,0,10,11,9,11,9,11,9,10,9,10,9,10,10,9,10,8,10,8,10,7,10,7,11,7,11,7,11,6,11,6,12,6,11,7,12,7,12,7,11,7,11,7,10,8,9,8,9,8,8,8,8,9,0,0,0,0,0,0,0,0,0,0,0,0,0,0,0,0,0,0,0,0,0,0,7,7,7,8,6,8,6,9,6,9,6,11,5,11,5,11,5,11,4,11,4,11,4,11,4,11,5,11,5,11,5,10,5,11,6,10,7,10,7,10,8,10,8,11,9,10,9,11,9,11,9,11]"
2025-08-18 22:56:58.651811,CSI_DATA,667,1a:00:00:00:00:00,-38,11,0,0,0,0,0,0,0,0,0,-92,0,1,0,115283691,0,31,0,128,0,"[0,0,8,11,8,11,8,11,8,11,8,10,8,10,8,10,8,9,8,9,9,8,9,7,9,7,10,7,10,7,10,7,10,7,10,7,11,7,11,8,10,8,10,9,9,9,8,9,8,9,7,9,6,9,0,0,0,0,0,0,0,0,0,0,0,0,0,0,0,0,0,0,0,0,0,0,6,7,6,8,5,9,5,9,5,10,5,10,4,11,4,11,3,11,3,11,3,11,3,11,3,11,3,11,3,11,3,10,4,11,5,10,5,11,6,11,6,11,7,11,7,11,8,11,8,11,8,11]"
2025-08-18 22:56:58.715613,CSI_DATA,668,1a:00:00:00:00:00,-38,11,0,0,0,0,0,0,0,0,0,-92,0,1,0,115344460,0,42,0,128,0,"[0,0,-15,3,-15,3,-15,3,-14,3,-14,4,-14,4,-13,4,-13,5,-13,5,-12,5,-12,6,-11,6,-12,7,-11,7,-12,7,-12,7,-12,7,-12,7,-13,7,-13,6,-13,6,-13,5,-13,4,-13,4,-13,3,-13,2,0,0,0,0,0,0,0,0,0,0,0,0,0,0,0,0,0,0,0,0,0,0,-10,3,-11,3,-12,2,-12,2,-12,1,-13,1,-13,0,-14,0,-14,-1,-13,-1,-13,-1,-13,-1,-13,-1,-13,-1,-13,-1,-13,0,-13,0,-13,1,-13,1,-13,2,-14,2,-14,2,-14,3,-14,3,-15,3,-15,3]"
2025-08-18 22:56:58.787005,CSI_DATA,669,1a:00:00:00:00:00,-37,11,0,0,0,0,0,0,0,0,0,-92,0,1,0,115412284,0,31,0,128,0,"[0,0,-5,-15,-5,-15,-5,-15,-5,-14,-6,-14,-5,-14,-6,-13,-6,-13,-6,-12,-7,-12,-7,-12,-8,-12,-8,-11,-8,-11,-9,-11,-9,-11,-9,-12,-8,-12,-8,-13,-8,-12,-7,-13,-6,-13,-6,-12,-5,-13,-5,-12,-4,-12,0,0,0,0,0,0,0,0,0,0,0,0,0,0,0,0,0,0,0,0,0,0,-5,-10,-4,-11,-4,-12,-3,-12,-3,-12,-2,-13,-2,-13,-1,-13,-1,-13,-1,-14,0,-13,0,-13,0,-13,-1,-13,-1,-13,-1,-13,-2,-13,-2,-13,-3,-13,-3,-13,-3,-14,-4,-14,-5,-14,-5,-14,-5,-15,-5,-15]"
2025-08-18 22:56:58.981579,CSI_DATA,670,1a:00:00:00:00:00,-37,11,0,0,0,0,0,0,0,0,0,-92,0,1,0,115613700,0,31,0,128,0,"[0,0,12,7,11,7,10,6,10,5,13,6,8,7,9,4,8,8,11,6,9,4,9,3,13,3,11,2,10,2,11,1,11,3,12,4,11,2,13,3,10,4,11,5,11,3,10,5,6,4,9,2,6,5,0,0,0,0,0,0,0,0,0,0,0,0,0,0,0,0,0,0,0,0,0,0,7,5,7,6,7,7,7,7,7,8,7,8,7,9,6,9,6,10,6,10,6,10,5,10,6,10,6,9,7,9,6,9,7,9,7,8,8,9,9,8,9,8,9,8,9,9,11,8,10,8,10,8]"
2025-08-18 22:56:59.184806,CSI_DATA,671,1a:00:00:00:00:00,-38,11,0,0,0,0,0,0,0,0,0,-92,0,1,0,115814232,0,31,0,128,0,"[0,0,-15,6,-14,6,-14,6,-14,6,-13,6,-13,6,-12,6,-12,7,-11,7,-11,7,-11,7,-10,8,-10,8,-10,8,-10,9,-10,9,-10,9,-10,9,-11,9,-11,8,-11,8,-11,7,-11,7,-11,6,-11,5,-11,4,0,0,0,0,0,0,0,0,0,0,0,0,0,0,0,0,0,0,0,0,0,0,-10,6,-10,5,-11,5,-12,5,-12,4,-13,4,-14,3,-14,3,-14,2,-14,2,-14,1,-14,1,-14,2,-13,2,-13,2,-13,2,-13,3,-13,3,-13,4,-13,5,-14,5,-14,5,-14,6,-14,6,-14,6,-14,6]"
2025-08-18 22:56:59.386832,CSI_DATA,672,1a:00:00:00:00:00,-38,11,0,0,0,0,0,0,0,0,0,-92,0,1,0,116015170,0,31,0,128,0,"[0,0,1,-15,1,-15,1,-15,0,-15,0,-15,0,-14,-1,-14,-1,-14,-1,-13,-2,-13,-3,-13,-3,-13,-4,-13,-4,-13,-4,-13,-4,-13,-4,-13,-4,-13,-4,-14,-3,-13,-3,-14,-2,-14,-2,-13,-1,-13,-1,-12,0,-12,0,0,0,0,0,0,0,0,0,0,0,0,0,0,0,0,0,0,0,0,0,0,-1,-11,0,-11,1,-11,2,-12,2,-12,3,-12,4,-12,4,-12,4,-12,4,-12,4,-12,5,-12,4,-12,4,-12,4,-12,4,-12,3,-12,2,-13,2,-13,2,-13,2,-14,1,-14,1,-15,1,-15,1,-15,1,-15]"
2025-08-18 22:56:59.582044,CSI_DATA,673,1a:00:00:00:00:00,-38,11,0,0,0,0,0,0,0,0,0,-92,0,1,0,116216318,0,31,0,128,0,"[0,0,2,15,2,14,2,14,2,14,3,14,3,13,3,13,3,12,4,12,4,12,5,11,5,11,5,11,6,11,6,11,6,11,6,11,6,11,5,12,5,12,4,12,4,12,3,12,3,11,2,11,1,11,0,0,0,0,0,0,0,0,0,0,0,0,0,0,0,0,0,0,0,0,0,0,3,9,3,10,2,10,2,11,1,11,1,12,0,12,-1,12,-1,12,-1,12,-1,12,-2,12,-1,12,-1,12,-1,12,-1,12,0,12,1,12,1,12,1,13,1,13,2,13,2,14,3,14,2,14,3,14]"
2025-08-18 22:56:59.784211,CSI_DATA,674,1a:00:00:00:00:00,-38,11,0,0,0,0,0,0,0,0,0,-92,0,1,0,116417464,0,31,0,128,0,"[0,0,0,15,1,15,1,15,1,14,1,14,1,14,2,13,2,13,2,12,3,12,3,12,4,12,4,12,4,12,5,12,5,12,5,12,4,12,4,13,4,12,3,12,3,12,2,12,2,12,1,11,0,11,0,0,0,0,0,0,0,0,0,0,0,0,0,0,0,0,0,0,0,0,0,0,2,10,2,11,1,11,0,11,0,12,-1,12,-1,13,-2,13,-2,13,-3,13,-3,13,-3,12,-3,12,-3,12,-2,12,-2,12,-2,12,-1,13,-1,13,0,14,0,14,0,14,1,14,1,15,1,15,1,15]"
2025-08-18 22:56:59.991902,CSI_DATA,675,1a:00:00:00:00:00,-39,11,0,0,0,0,0,0,0,0,0,-92,0,1,0,116618769,0,31,0,128,0,"[0,0,0,-16,-1,-16,-1,-16,-1,-15,-1,-15,-1,-15,-2,-14,-2,-14,-3,-14,-3,-13,-4,-13,-4,-13,-4,-13,-5,-13,-5,-13,-5,-13,-5,-13,-5,-13,-5,-13,-4,-13,-4,-13,-3,-13,-3,-13,-2,-13,-2,-12,-1,-12,0,0,0,0,0,0,0,0,0,0,0,0,0,0,0,0,0,0,0,0,0,0,-2,-11,-2,-12,-1,-12,0,-13,0,-13,1,-13,2,-14,2,-14,3,-13,3,-13,3,-13,3,-13,3,-13,3,-13,3,-13,2,-13,2,-13,1,-13,1,-14,1,-14,0,-14,0,-15,-1,-15,-1,-15,-1,-16,-1,-15]"
2025-08-18 22:57:00.193997,CSI_DATA,676,1a:00:00:00:00:00,-39,11,0,0,0,0,0,0,0,0,0,-92,0,1,0,116820075,0,31,0,128,0,"[0,0,12,8,12,7,12,8,12,7,12,7,11,7,11,6,12,5,11,5,11,4,11,4,12,3,12,3,12,3,12,3,12,3,12,3,13,3,13,3,12,4,12,4,12,5,11,5,10,5,10,6,9,6,0,0,0,0,0,0,0,0,0,0,0,0,0,0,0,0,0,0,0,0,0,0,9,3,10,4,10,5,10,6,10,6,10,8,9,8,9,9,9,9,8,9,8,9,8,9,8,9,8,9,9,9,8,8,9,8,9,7,10,8,10,7,11,7,11,8,12,7,12,7,12,8,13,8]"
2025-08-18 22:57:00.244289,CSI_DATA,677,1a:00:00:00:00:00,-39,11,0,0,0,0,0,0,0,0,0,-92,0,1,0,116881074,0,42,0,128,0,"[0,0,12,8,12,8,12,7,12,7,12,7,11,7,11,6,11,5,11,5,12,4,11,4,12,3,12,3,11,2,12,2,12,2,13,3,13,3,13,3,12,3,12,4,12,4,11,5,11,5,10,5,10,6,0,0,0,0,0,0,0,0,0,0,0,0,0,0,0,0,0,0,0,0,0,0,9,4,9,5,9,6,9,7,9,7,9,8,9,9,8,9,8,9,8,10,8,10,7,10,8,9,8,9,8,9,8,9,8,8,9,8,9,8,10,8,10,8,11,8,11,8,12,8,12,8,12,8]"
2025-08-18 22:57:00.319289,CSI_DATA,678,1a:00:00:00:00:00,-39,11,0,0,0,0,0,0,0,0,0,-92,0,1,0,116948269,0,31,0,128,0,"[0,0,-10,11,-10,11,-10,11,-9,11,-9,11,-9,11,-8,11,-7,11,-7,11,-6,11,-6,11,-5,11,-5,11,-5,12,-5,12,-5,12,-5,12,-5,12,-5,12,-6,12,-6,11,-6,11,-7,11,-7,10,-7,9,-8,9,0,0,0,0,0,0,0,0,0,0,0,0,0,0,0,0,0,0,0,0,0,0,-6,8,-7,8,-8,8,-8,8,-9,8,-10,8,-10,8,-11,7,-11,7,-11,7,-11,6,-11,6,-11,6,-10,7,-11,7,-10,7,-10,7,-10,8,-10,9,-10,9,-10,9,-9,10,-10,11,-10,11,-10,11,-10,11]"
2025-08-18 22:57:00.525644,CSI_DATA,679,1a:00:00:00:00:00,-39,11,0,0,0,0,0,0,0,0,0,-92,0,1,0,117149673,0,31,0,128,0,"[0,0,2,-16,2,-15,1,-15,1,-15,1,-15,1,-14,0,-14,0,-14,-1,-13,-1,-13,-1,-13,-2,-13,-3,-13,-3,-13,-3,-13,-3,-13,-3,-14,-3,-14,-3,-14,-2,-14,-2,-14,-1,-14,-1,-13,0,-13,1,-12,1,-12,0,0,0,0,0,0,0,0,0,0,0,0,0,0,0,0,0,0,0,0,0,0,-1,-11,0,-12,1,-12,1,-12,2,-13,3,-13,3,-13,4,-13,4,-13,5,-12,5,-12,5,-12,5,-12,4,-12,4,-12,4,-12,3,-13,3,-13,3,-13,2,-13,2,-14,2,-14,2,-14,1,-15,2,-15,2,-15]"
2025-08-18 22:57:00.721716,CSI_DATA,680,1a:00:00:00:00:00,-38,11,0,0,0,0,0,0,0,0,0,-92,0,1,0,117348763,0,31,0,128,0,"[0,0,-16,-1,-15,-1,-16,0,-15,0,-15,0,-15,0,-14,0,-14,1,-14,2,-13,2,-13,2,-13,3,-13,3,-13,3,-13,4,-14,4,-13,4,-14,4,-14,3,-14,3,-14,2,-13,2,-13,1,-13,0,-13,0,-13,-1,0,0,0,0,0,0,0,0,0,0,0,0,0,0,0,0,0,0,0,0,0,0,-11,2,-12,1,-12,0,-13,-1,-13,-1,-14,-2,-14,-3,-14,-3,-14,-3,-13,-4,-14,-4,-13,-4,-13,-4,-13,-4,-13,-4,-13,-3,-14,-3,-13,-2,-14,-2,-14,-2,-14,-1,-15,-1,-15,-1,-16,-1,-15,-1,-16,-1]"
2025-08-18 22:57:00.924187,CSI_DATA,681,1a:00:00:00:00:00,-38,11,0,0,0,0,0,0,0,0,0,-92,0,1,0,117550014,0,31,0,128,0,"[0,0,-16,-3,-15,-2,-15,-2,-15,-2,-14,-2,-14,-2,-14,-1,-14,-1,-13,0,-13,1,-13,1,-13,1,-13,2,-13,2,-13,2,-13,3,-13,3,-13,2,-14,2,-14,2,-13,1,-13,1,-13,0,-12,0,-12,-1,-12,-2,0,0,0,0,0,0,0,0,0,0,0,0,0,0,0,0,0,0,0,0,0,0,-11,-1,-12,-1,-12,-2,-12,-3,-13,-3,-13,-4,-13,-5,-13,-5,-13,-6,-12,-6,-12,-6,-12,-7,-12,-6,-12,-6,-12,-5,-12,-5,-12,-5,-13,-4,-13,-4,-13,-4,-14,-3,-14,-3,-15,-3,-15,-3,-15,-3,-15,-3]"
2025-08-18 22:57:01.122918,CSI_DATA,682,1a:00:00:00:00:00,-38,11,0,0,0,0,0,0,0,0,0,-92,0,1,0,117751119,0,31,0,128,0,"[0,0,2,-16,2,-16,2,-15,2,-15,1,-15,1,-14,1,-14,0,-14,0,-14,-1,-14,-1,-13,-2,-13,-2,-13,-3,-13,-3,-13,-3,-13,-3,-14,-3,-14,-2,-14,-2,-14,-1,-14,-1,-14,0,-13,0,-13,1,-12,1,-12,0,0,0,0,0,0,0,0,0,0,0,0,0,0,0,0,0,0,0,0,0,0,0,-12,0,-12,1,-12,2,-12,2,-13,3,-13,4,-13,5,-13,5,-13,5,-13,5,-12,5,-12,5,-12,5,-12,5,-12,5,-12,4,-12,4,-13,3,-13,3,-14,3,-14,3,-15,2,-15,2,-15,2,-15,2,-16]"
2025-08-18 22:57:01.325969,CSI_DATA,683,1a:00:00:00:00:00,-38,11,0,0,0,0,0,0,0,0,0,-92,0,1,0,117952511,0,31,0,128,0,"[0,0,-1,-15,-1,-15,-1,-15,-2,-15,-2,-15,-2,-14,-2,-14,-3,-13,-3,-13,-4,-13,-4,-13,-5,-12,-5,-12,-5,-12,-5,-12,-5,-12,-5,-13,-5,-13,-5,-13,-5,-13,-4,-13,-3,-13,-3,-13,-2,-13,-2,-12,-1,-12,0,0,0,0,0,0,0,0,0,0,0,0,0,0,0,0,0,0,0,0,0,0,-3,-11,-2,-11,-2,-12,-1,-12,-1,-13,0,-13,1,-13,1,-14,2,-13,2,-13,2,-13,2,-13,2,-13,2,-13,2,-13,1,-13,1,-13,0,-14,0,-14,0,-14,-1,-14,-1,-15,-1,-15,-1,-15,-2,-15,-1,-15]"
2025-08-18 22:57:01.521496,CSI_DATA,684,1a:00:00:00:00:00,-38,11,0,0,0,0,0,0,0,0,0,-92,0,1,0,118153584,0,31,0,128,0,"[0,0,-1,15,-1,14,-1,14,-1,14,0,14,0,13,0,13,1,13,1,12,2,12,2,12,3,12,3,12,3,12,3,12,3,12,3,12,3,12,3,13,2,13,2,13,1,12,1,12,0,12,0,12,-1,11,0,0,0,0,0,0,0,0,0,0,0,0,0,0,0,0,0,0,0,0,0,0,1,10,0,11,0,11,-1,11,-1,12,-2,12,-3,12,-3,12,-4,12,-4,12,-4,12,-4,12,-4,12,-4,12,-4,12,-4,12,-3,12,-3,12,-2,13,-2,13,-2,13,-2,14,-1,14,0,15,-1,15,0,15]"
2025-08-18 22:57:01.734605,CSI_DATA,685,1a:00:00:00:00:00,-37,11,0,0,0,0,0,0,0,0,0,-92,0,1,0,118354723,0,31,0,128,0,"[0,0,10,-12,9,-12,9,-12,9,-11,9,-12,8,-12,8,-12,7,-12,6,-11,6,-11,6,-12,5,-12,5,-12,4,-12,4,-12,5,-13,5,-13,5,-13,5,-13,5,-13,6,-12,6,-11,6,-11,6,-11,6,-10,7,-9,0,0,0,0,0,0,0,0,0,0,0,0,0,0,0,0,0,0,0,0,0,0,5,-10,6,-10,7,-9,8,-9,8,-9,9,-9,10,-9,10,-9,10,-8,11,-8,11,-8,11,-8,10,-8,10,-8,10,-8,10,-8,10,-9,9,-9,10,-10,10,-10,9,-10,9,-11,9,-11,9,-12,10,-12,10,-12]"
2025-08-18 22:57:01.791436,CSI_DATA,686,1a:00:00:00:00:00,-38,11,0,0,0,0,0,0,0,0,0,-92,0,1,0,118416635,0,42,0,128,0,"[0,0,-9,-13,-9,-13,-9,-13,-8,-12,-9,-12,-9,-12,-9,-11,-9,-11,-9,-10,-9,-9,-10,-9,-10,-9,-10,-9,-11,-9,-10,-8,-11,-8,-11,-8,-11,-9,-11,-9,-10,-9,-10,-9,-10,-10,-9,-10,-9,-10,-8,-10,-7,-10,0,0,0,0,0,0,0,0,0,0,0,0,0,0,0,0,0,0,0,0,0,0,-8,-8,-7,-9,-7,-10,-7,-11,-6,-11,-6,-13,-5,-13,-5,-13,-5,-13,-4,-13,-4,-13,-4,-13,-4,-13,-4,-13,-5,-13,-5,-12,-5,-13,-6,-12,-7,-13,-7,-12,-7,-12,-8,-13,-8,-12,-9,-13,-9,-13,-9,-13]"
2025-08-18 22:57:02.292139,CSI_DATA,687,1a:00:00:00:00:00,-38,11,0,0,0,0,0,0,0,0,0,-92,0,1,0,118915925,0,42,0,128,0,"[0,0,-11,-10,-12,-10,-11,-9,-12,-9,-11,-8,-11,-8,-11,-8,-11,-7,-11,-7,-12,-6,-12,-6,-12,-5,-12,-5,-12,-5,-13,-4,-12,-5,-13,-5,-13,-5,-13,-5,-13,-6,-12,-6,-12,-6,-11,-7,-11,-7,-10,-7,-9,-7,0,0,0,0,0,0,0,0,0,0,0,0,0,0,0,0,0,0,0,0,0,0,-9,-7,-9,-7,-9,-8,-9,-9,-9,-10,-9,-10,-8,-11,-8,-11,-8,-11,-7,-12,-7,-11,-7,-12,-7,-11,-7,-11,-7,-11,-8,-10,-8,-10,-9,-10,-9,-10,-9,-10,-10,-10,-10,-10,-11,-10,-11,-10,-11,-10,-11,-10]"
2025-08-18 22:57:02.372175,CSI_DATA,688,1a:00:00:00:00:00,-38,11,0,0,0,0,0,0,0,0,0,-92,0,1,0,118996277,0,31,0,128,0,"[0,0,-11,-10,-11,-10,-11,-10,-11,-9,-11,-9,-11,-9,-11,-9,-11,-8,-11,-8,-11,-7,-12,-6,-12,-6,-12,-6,-12,-6,-12,-5,-13,-6,-13,-6,-13,-6,-13,-7,-12,-7,-12,-7,-11,-8,-11,-8,-10,-8,-10,-8,-9,-9,0,0,0,0,0,0,0,0,0,0,0,0,0,0,0,0,0,0,0,0,0,0,-9,-6,-9,-7,-9,-8,-9,-9,-9,-9,-9,-10,-8,-10,-8,-11,-7,-11,-7,-11,-7,-11,-7,-11,-7,-11,-7,-11,-7,-11,-7,-10,-8,-10,-8,-10,-9,-10,-9,-10,-9,-10,-10,-10,-11,-10,-11,-10,-11,-10,-11,-10]"
2025-08-18 22:57:02.570023,CSI_DATA,689,1a:00:00:00:00:00,-38,11,0,0,0,0,0,0,0,0,0,-92,0,1,0,119201078,0,31,0,128,0,"[0,0,14,-1,14,-2,14,-2,14,-2,13,-2,13,-2,13,-3,12,-3,12,-3,12,-4,12,-5,11,-5,12,-5,11,-6,12,-6,12,-6,12,-6,12,-6,13,-5,13,-5,13,-4,13,-4,12,-3,12,-2,12,-2,12,-1,0,0,0,0,0,0,0,0,0,0,0,0,0,0,0,0,0,0,0,0,0,0,10,-3,10,-2,11,-2,11,-1,12,-1,12,0,12,1,12,1,12,2,12,2,12,2,12,3,11,2,12,2,11,2,11,1,12,1,12,0,12,0,13,0,13,-1,13,-1,13,-1,14,-1,14,-1,14,-2]"
2025-08-18 22:57:02.973364,CSI_DATA,690,1a:00:00:00:00:00,-38,11,0,0,0,0,0,0,0,0,0,-92,0,1,0,119397099,0,31,0,128,0,"[0,0,-6,15,-5,14,-5,14,-5,13,-4,14,-4,13,-4,13,-3,13,-3,13,-2,13,-1,13,-1,13,0,13,0,13,0,13,0,14,0,14,-1,14,-1,14,-2,14,-2,14,-2,13,-3,13,-3,13,-4,12,-4,12,0,0,0,0,0,0,0,0,0,0,0,0,0,0,0,0,0,0,0,0,0,0,-3,10,-4,10,-4,10,-5,10,-6,10,-7,11,-7,10,-8,10,-8,10,-8,10,-8,10,-8,9,-8,10,-8,10,-8,10,-7,10,-7,11,-6,11,-6,12,-6,12,-6,12,-6,12,-6,13,-5,14,-5,14,-5,14]"
2025-08-18 22:57:02.979586,CSI_DATA,691,1a:00:00:00:00:00,-38,11,0,0,0,0,0,0,0,0,0,-92,0,1,0,119597895,0,31,0,128,0,"[0,0,-7,-13,-8,-13,-8,-13,-7,-12,-8,-12,-8,-12,-8,-11,-8,-11,-8,-10,-9,-9,-9,-9,-10,-9,-10,-9,-11,-9,-10,-9,-11,-9,-10,-9,-11,-10,-11,-10,-10,-10,-10,-10,-9,-11,-8,-10,-8,-10,-7,-10,-7,-11,0,0,0,0,0,0,0,0,0,0,0,0,0,0,0,0,0,0,0,0,0,0,-6,-9,-6,-10,-5,-10,-5,-11,-4,-11,-4,-12,-3,-12,-3,-13,-3,-13,-2,-12,-3,-13,-3,-13,-3,-12,-3,-12,-3,-12,-3,-12,-4,-12,-4,-12,-5,-12,-5,-12,-6,-12,-6,-13,-7,-12,-7,-12,-8,-13,-8,-13]"
2025-08-18 22:57:03.164259,CSI_DATA,692,1a:00:00:00:00:00,-38,11,0,0,0,0,0,0,0,0,0,-92,0,1,0,119799037,0,31,0,128,0,"[0,0,10,10,10,10,10,9,10,10,10,9,10,9,10,8,10,8,10,7,11,7,11,6,11,6,11,6,11,5,12,6,12,5,13,6,12,6,12,6,12,7,11,7,11,8,10,8,10,8,9,8,8,9,0,0,0,0,0,0,0,0,0,0,0,0,0,0,0,0,0,0,0,0,0,0,8,6,7,7,8,8,7,8,7,9,7,10,6,10,6,11,6,11,5,11,5,11,5,11,5,11,5,11,6,10,6,10,6,10,7,10,7,10,8,10,8,10,9,10,9,10,10,10,10,10,10,10]"
2025-08-18 22:57:03.380815,CSI_DATA,693,1a:00:00:00:00:00,-38,11,0,0,0,0,0,0,0,0,0,-92,0,1,0,120000190,0,31,0,128,0,"[0,0,-9,12,-9,12,-8,11,-8,12,-8,11,-7,11,-7,11,-7,11,-6,12,-5,12,-5,12,-4,12,-4,12,-4,12,-4,13,-4,13,-4,13,-4,13,-5,13,-5,13,-6,13,-6,12,-7,12,-7,11,-7,10,-8,10,0,0,0,0,0,0,0,0,0,0,0,0,0,0,0,0,0,0,0,0,0,0,-6,9,-6,8,-7,9,-8,8,-8,8,-9,8,-9,8,-10,8,-10,8,-10,7,-10,7,-10,7,-10,7,-10,7,-10,8,-10,8,-9,8,-9,9,-9,9,-9,9,-9,10,-9,10,-9,11,-8,11,-9,12,-9,12]"
2025-08-18 22:57:03.570747,CSI_DATA,694,1a:00:00:00:00:00,-38,11,0,0,0,0,0,0,0,0,0,-92,0,1,0,120201565,0,31,0,128,0,"[0,0,15,-2,14,-3,14,-3,14,-3,14,-4,13,-3,13,-4,13,-4,12,-5,12,-5,12,-6,12,-6,12,-7,12,-7,12,-7,12,-7,12,-7,13,-7,13,-7,13,-6,13,-6,13,-5,13,-4,12,-4,13,-3,12,-2,0,0,0,0,0,0,0,0,0,0,0,0,0,0,0,0,0,0,0,0,0,0,10,-3,11,-3,11,-2,11,-1,12,-1,12,0,12,1,12,1,13,1,12,2,12,2,12,2,12,2,12,1,12,1,12,1,12,0,12,0,13,-1,13,-1,13,-1,13,-2,14,-2,14,-3,14,-3,15,-3]"
2025-08-18 22:57:03.768522,CSI_DATA,695,1a:00:00:00:00:00,-38,11,0,0,0,0,0,0,0,0,0,-92,0,1,0,120402625,0,31,0,128,0,"[0,0,14,3,14,3,13,3,14,3,13,2,13,2,13,1,13,1,13,0,13,0,13,-1,12,-1,12,-1,12,-2,13,-2,13,-2,13,-2,13,-2,14,-2,14,-1,14,-1,13,0,13,1,12,1,12,2,12,2,0,0,0,0,0,0,0,0,0,0,0,0,0,0,0,0,0,0,0,0,0,0,10,2,10,2,10,3,10,4,11,4,10,5,11,6,11,6,10,6,10,7,10,7,9,7,9,7,9,6,10,6,10,6,10,5,11,4,11,4,12,4,12,4,12,3,13,3,13,4,14,4,14,3]"
2025-08-18 22:57:03.834186,CSI_DATA,696,1a:00:00:00:00:00,-38,11,0,0,0,0,0,0,0,0,0,-92,0,1,0,120463416,0,42,0,128,0,"[0,0,-14,6,-14,6,-14,5,-13,6,-13,6,-13,6,-12,7,-12,7,-11,7,-11,7,-11,8,-10,8,-10,8,-10,9,-10,9,-10,9,-11,9,-11,9,-11,9,-11,9,-12,8,-12,8,-12,7,-12,6,-12,5,-12,4,0,0,0,0,0,0,0,0,0,0,0,0,0,0,0,0,0,0,0,0,0,0,-10,4,-11,4,-11,3,-12,3,-12,2,-13,2,-13,2,-13,1,-13,1,-13,0,-13,0,-13,0,-13,0,-13,0,-13,1,-13,1,-13,2,-13,2,-13,3,-13,3,-13,4,-13,4,-13,5,-14,5,-14,5,-14,5]"
2025-08-18 22:57:03.900912,CSI_DATA,697,1a:00:00:00:00:00,-38,11,0,0,0,0,0,0,0,0,0,-92,0,1,0,120532351,0,31,0,128,0,"[0,0,14,-3,14,-3,13,-3,14,-4,13,-4,13,-4,12,-4,12,-5,12,-5,12,-5,11,-6,11,-6,11,-6,11,-6,11,-7,11,-7,12,-7,12,-7,12,-7,12,-6,12,-6,12,-5,13,-4,12,-4,12,-3,12,-2,0,0,0,0,0,0,0,0,0,0,0,0,0,0,0,0,0,0,0,0,0,0,9,-3,10,-3,11,-2,11,-2,12,-1,11,-1,12,0,12,0,12,1,12,1,12,2,12,2,11,1,11,1,11,1,11,0,11,0,12,-1,12,-1,12,-2,12,-2,13,-2,13,-2,13,-3,14,-3,14,-3]"
2025-08-18 22:57:04.105202,CSI_DATA,698,1a:00:00:00:00:00,-38,11,0,0,0,0,0,0,0,0,0,-92,0,1,0,120737038,0,31,0,128,0,"[0,0,-1,15,-1,14,-1,14,0,14,0,14,0,13,0,13,1,13,1,12,2,12,2,12,3,12,3,12,4,12,4,12,4,13,3,13,3,13,3,13,3,13,2,13,1,13,1,13,0,13,0,12,-1,12,0,0,0,0,0,0,0,0,0,0,0,0,0,0,0,0,0,0,0,0,0,0,0,10,-1,11,-1,11,-2,11,-3,12,-3,12,-4,12,-4,12,-5,11,-5,11,-5,11,-5,11,-5,11,-5,11,-4,11,-4,11,-4,11,-3,12,-3,12,-2,12,-2,13,-2,13,-2,13,-1,14,-1,14,-1,14]"
2025-08-18 22:57:04.305686,CSI_DATA,699,1a:00:00:00:00:00,-38,11,0,0,0,0,0,0,0,0,0,-92,0,1,0,120932013,0,31,0,128,0,"[0,0,-2,-16,-2,-16,-2,-15,-2,-15,-3,-15,-3,-14,-3,-14,-4,-14,-4,-14,-5,-13,-5,-13,-6,-13,-6,-13,-6,-13,-7,-13,-6,-13,-7,-14,-6,-13,-6,-14,-5,-14,-5,-14,-4,-14,-4,-14,-3,-14,-3,-14,-1,-13,0,0,0,0,0,0,0,0,0,0,0,0,0,0,0,0,0,0,0,0,0,0,-3,-11,-2,-12,-1,-13,-1,-12,0,-13,1,-13,1,-14,2,-14,2,-14,3,-13,2,-13,3,-13,2,-13,2,-13,2,-13,1,-13,1,-13,0,-13,0,-13,0,-14,0,-14,-1,-15,-2,-15,-2,-15,-2,-15,-2,-15]"
2025-08-18 22:57:04.504598,CSI_DATA,700,1a:00:00:00:00:00,-38,11,0,0,0,0,0,0,0,0,0,-92,0,1,0,121133168,0,31,0,128,0,"[0,0,3,-14,3,-14,3,-14,3,-14,2,-14,2,-14,2,-13,1,-13,1,-13,0,-13,0,-13,-1,-13,-1,-13,-2,-14,-2,-13,-2,-14,-2,-14,-1,-14,-1,-14,0,-14,0,-14,1,-14,1,-13,1,-13,2,-12,3,-12,0,0,0,0,0,0,0,0,0,0,0,0,0,0,0,0,0,0,0,0,0,0,1,-10,2,-11,3,-11,3,-11,4,-11,5,-11,5,-11,6,-11,6,-11,6,-10,6,-10,6,-10,6,-10,6,-10,6,-11,5,-10,5,-11,4,-11,4,-12,4,-12,4,-13,4,-13,3,-13,3,-14,3,-14,3,-14]"
2025-08-18 22:57:04.706704,CSI_DATA,701,1a:00:00:00:00:00,-38,11,0,0,0,0,0,0,0,0,0,-92,0,1,0,121334996,0,31,0,128,0,"[0,0,2,-16,2,-15,2,-15,2,-15,1,-15,1,-14,1,-15,0,-14,0,-14,-1,-14,-1,-14,-2,-14,-3,-14,-3,-14,-3,-14,-3,-14,-3,-15,-3,-15,-2,-15,-2,-15,-1,-15,-1,-15,0,-14,0,-14,1,-13,2,-13,0,0,0,0,0,0,0,0,0,0,0,0,0,0,0,0,0,0,0,0,0,0,1,-11,2,-12,2,-12,3,-12,4,-12,4,-12,5,-12,5,-12,6,-12,6,-12,6,-11,6,-11,6,-12,6,-12,5,-12,5,-12,5,-12,4,-12,4,-13,4,-13,3,-14,3,-14,2,-14,2,-15,3,-15,2,-15]"
2025-08-18 22:57:04.915576,CSI_DATA,702,1a:00:00:00:00:00,-37,11,0,0,0,0,0,0,0,0,0,-92,0,1,0,121535716,0,31,0,128,0,"[0,0,14,1,14,0,13,0,14,0,13,0,13,-1,13,-1,13,-1,12,-2,12,-2,12,-3,12,-3,12,-3,12,-4,13,-4,12,-4,13,-4,13,-4,13,-3,13,-3,13,-2,13,-1,13,-1,12,0,12,0,11,1,0,0,0,0,0,0,0,0,0,0,0,0,0,0,0,0,0,0,0,0,0,0,10,-1,10,0,11,0,11,1,11,1,11,2,12,3,11,3,11,4,11,4,11,4,11,4,11,4,11,4,11,3,11,3,11,3,12,2,12,2,12,2,12,1,13,1,13,1,14,1,14,1,14,0]"
2025-08-18 22:57:05.120862,CSI_DATA,703,1a:00:00:00:00:00,-37,11,0,0,0,0,0,0,0,0,0,-92,0,1,0,121736842,0,31,0,128,0,"[0,0,-2,-15,-3,-15,-2,-15,-3,-15,-3,-15,-3,-14,-4,-14,-4,-13,-5,-13,-5,-13,-5,-13,-6,-12,-6,-13,-6,-13,-7,-13,-7,-13,-7,-13,-7,-13,-7,-14,-6,-14,-6,-13,-5,-14,-4,-13,-3,-13,-3,-13,-2,-13,0,0,0,0,0,0,0,0,0,0,0,0,0,0,0,0,0,0,0,0,0,0,-3,-11,-2,-12,-2,-12,-1,-13,0,-13,0,-13,1,-14,1,-14,2,-13,2,-13,2,-13,2,-13,2,-13,2,-13,1,-13,1,-13,1,-13,0,-13,0,-13,-1,-14,-1,-14,-1,-14,-2,-15,-2,-15,-2,-15,-2,-15]"
2025-08-18 22:57:05.367554,CSI_DATA,704,1a:00:00:00:00:00,-37,11,0,0,0,0,0,0,0,0,0,-92,0,1,0,121937971,0,31,0,128,0,"[0,0,11,8,11,8,11,8,11,7,11,7,11,7,11,6,11,6,11,5,11,4,11,4,11,4,12,4,12,3,12,3,13,3,12,4,13,4,13,4,13,5,12,5,11,6,11,6,10,7,10,7,9,7,0,0,0,0,0,0,0,0,0,0,0,0,0,0,0,0,0,0,0,0,0,0,9,5,9,5,8,6,8,7,8,7,8,9,8,9,8,9,7,9,7,10,7,10,6,10,7,10,7,9,7,9,7,9,8,9,8,8,9,8,9,8,9,8,10,8,10,8,11,8,11,9,11,8]"
2025-08-18 22:57:05.372752,CSI_DATA,705,1a:00:00:00:00:00,-37,11,0,0,0,0,0,0,0,0,0,-92,0,1,0,121998753,0,42,0,128,0,"[0,0,8,-13,8,-13,8,-13,7,-12,7,-13,6,-12,6,-12,5,-13,5,-12,5,-12,4,-13,4,-13,4,-13,3,-14,3,-13,3,-14,3,-14,4,-14,4,-14,4,-14,5,-13,5,-13,6,-12,6,-11,7,-11,7,-10,0,0,0,0,0,0,0,0,0,0,0,0,0,0,0,0,0,0,0,0,0,0,4,-10,5,-10,6,-10,7,-10,7,-10,8,-10,9,-9,9,-9,9,-9,9,-8,10,-8,10,-8,10,-8,9,-8,9,-9,9,-8,8,-9,8,-9,8,-10,8,-10,8,-11,8,-11,8,-12,8,-12,8,-12,8,-12]"
2025-08-18 22:57:05.449771,CSI_DATA,706,1a:00:00:00:00:00,-37,11,0,0,0,0,0,0,0,0,0,-92,0,1,0,122070213,0,31,0,128,0,"[0,0,-15,-1,-15,-1,-15,-1,-15,0,-14,0,-14,0,-14,1,-14,1,-13,2,-13,2,-13,2,-13,3,-13,3,-13,4,-13,4,-13,4,-14,4,-14,4,-14,4,-14,4,-14,3,-14,2,-14,2,-13,1,-13,0,-12,-1,0,0,0,0,0,0,0,0,0,0,0,0,0,0,0,0,0,0,0,0,0,0,-11,-1,-11,-1,-12,-2,-12,-2,-12,-3,-12,-3,-12,-4,-12,-4,-12,-5,-12,-5,-12,-6,-12,-6,-12,-5,-12,-5,-12,-4,-12,-4,-12,-4,-13,-3,-13,-3,-13,-2,-13,-2,-14,-1,-14,-1,-15,-1,-15,-1,-15,-1]"
2025-08-18 22:57:05.482131,CSI_DATA,707,1a:00:00:00:00:00,-37,11,0,0,0,0,0,0,0,0,0,-92,0,1,0,122070441,0,28,0,128,0,"[0,0,-10,10,-10,10,-10,10,-10,10,-9,10,-9,10,-9,10,-8,10,-8,10,-7,11,-7,11,-6,11,-6,11,-6,11,-6,12,-6,12,-6,12,-7,12,-7,12,-7,12,-8,11,-8,11,-9,10,-9,9,-9,9,-9,8,0,0,0,0,0,0,0,0,0,0,0,0,0,0,0,0,0,0,0,0,0,0,-7,8,-7,7,-8,7,-9,7,-9,7,-10,7,-11,7,-11,6,-11,6,-11,6,-11,5,-11,5,-11,5,-11,5,-11,6,-11,6,-10,6,-10,7,-10,7,-10,8,-10,8,-10,9,-10,9,-10,10,-10,10,-10,10]"
2025-08-18 22:57:05.637491,CSI_DATA,708,1a:00:00:00:00:00,-37,11,0,0,0,0,0,0,0,0,0,-92,0,1,0,122273048,0,31,0,128,0,"[0,0,13,6,13,5,13,5,13,5,13,5,12,4,12,4,12,3,12,3,12,2,12,1,12,1,12,1,13,1,13,1,13,1,13,1,14,1,14,2,13,3,13,3,12,4,12,4,11,4,11,4,10,5,0,0,0,0,0,0,0,0,0,0,0,0,0,0,0,0,0,0,0,0,0,0,10,2,10,3,10,3,10,4,10,5,10,6,10,7,10,7,9,7,9,7,10,7,9,7,9,7,9,7,9,7,9,7,10,7,10,5,11,6,11,6,11,5,12,5,12,5,13,5,13,5,13,5]"
2025-08-18 22:57:05.840588,CSI_DATA,709,1a:00:00:00:00:00,-37,11,0,0,0,0,0,0,0,0,0,-92,0,1,0,122469001,0,31,0,128,0,"[0,0,1,-15,1,-15,1,-15,1,-15,0,-15,0,-14,0,-14,-1,-14,-1,-14,-2,-13,-2,-13,-3,-13,-3,-13,-4,-14,-4,-14,-4,-14,-4,-14,-4,-14,-3,-15,-3,-14,-2,-14,-2,-14,-1,-14,-1,-14,0,-13,1,-13,0,0,0,0,0,0,0,0,0,0,0,0,0,0,0,0,0,0,0,0,0,0,0,-11,1,-11,1,-12,2,-12,3,-12,3,-12,4,-12,4,-12,5,-12,5,-12,5,-12,5,-11,5,-12,5,-12,4,-12,4,-12,3,-12,3,-12,3,-13,2,-13,2,-14,2,-14,2,-14,1,-15,1,-15,1,-15]"
2025-08-18 22:57:06.040927,CSI_DATA,710,1a:00:00:00:00:00,-37,11,0,0,0,0,0,0,0,0,0,-92,0,1,0,122670132,0,31,0,128,0,"[0,0,-11,10,-11,10,-11,10,-10,10,-10,10,-10,10,-9,10,-9,10,-8,10,-8,10,-7,10,-7,11,-6,11,-6,11,-6,11,-6,12,-7,12,-7,12,-8,12,-8,11,-9,11,-9,10,-9,10,-9,9,-9,9,-10,8,0,0,0,0,0,0,0,0,0,0,0,0,0,0,0,0,0,0,0,0,0,0,-7,8,-8,8,-9,7,-9,7,-10,7,-11,7,-11,6,-11,6,-12,6,-12,5,-12,5,-12,5,-11,5,-11,6,-11,6,-11,6,-11,6,-10,7,-10,7,-11,8,-11,8,-11,9,-10,9,-10,10,-11,10,-11,10]"
2025-08-18 22:57:06.241324,CSI_DATA,711,1a:00:00:00:00:00,-37,11,0,0,0,0,0,0,0,0,0,-92,0,1,0,122871282,0,31,0,128,0,"[0,0,-14,7,-13,7,-13,7,-13,7,-12,7,-12,7,-12,7,-11,7,-11,8,-11,8,-10,8,-10,9,-10,9,-9,9,-9,10,-10,10,-10,10,-10,10,-11,10,-11,9,-11,9,-11,8,-11,7,-11,6,-12,6,-12,5,0,0,0,0,0,0,0,0,0,0,0,0,0,0,0,0,0,0,0,0,0,0,-9,6,-10,5,-10,5,-11,4,-11,4,-12,4,-12,3,-13,3,-13,2,-13,2,-13,2,-13,2,-13,2,-12,2,-12,3,-12,3,-12,3,-12,4,-12,4,-12,5,-12,5,-13,5,-13,6,-13,7,-13,7,-13,7]"
2025-08-18 22:57:06.444157,CSI_DATA,712,1a:00:00:00:00:00,-37,11,0,0,0,0,0,0,0,0,0,-92,0,1,0,123072430,0,31,0,128,0,"[0,0,-16,1,-16,1,-15,1,-15,2,-15,2,-14,2,-14,2,-14,3,-13,4,-13,4,-13,4,-13,5,-13,5,-13,5,-13,6,-13,6,-14,6,-13,6,-14,6,-14,5,-14,5,-14,4,-14,3,-13,2,-13,2,-13,1,0,0,0,0,0,0,0,0,0,0,0,0,0,0,0,0,0,0,0,0,0,0,-11,1,-12,0,-12,0,-12,-1,-13,-2,-13,-2,-13,-3,-13,-3,-13,-3,-13,-4,-13,-4,-13,-4,-13,-4,-13,-4,-13,-3,-13,-3,-13,-2,-13,-2,-13,-1,-14,-1,-14,0,-14,0,-15,0,-15,1,-15,1,-15,1]"
2025-08-18 22:57:06.657141,CSI_DATA,713,1a:00:00:00:00:00,-37,11,0,0,0,0,0,0,0,0,0,-92,0,1,0,123273593,0,31,0,128,0,"[0,0,7,-14,7,-14,6,-14,6,-14,6,-14,5,-13,5,-13,4,-13,4,-13,3,-13,3,-13,2,-14,2,-14,2,-14,2,-14,2,-14,2,-15,2,-15,3,-15,3,-15,4,-14,4,-14,5,-14,5,-13,6,-12,6,-11,0,0,0,0,0,0,0,0,0,0,0,0,0,0,0,0,0,0,0,0,0,0,3,-10,4,-11,5,-11,6,-10,7,-11,7,-11,8,-11,8,-10,9,-10,9,-10,9,-10,9,-9,9,-9,8,-9,8,-10,8,-10,8,-10,7,-11,7,-11,7,-12,7,-12,7,-13,7,-13,7,-13,7,-14,7,-14]"
2025-08-18 22:57:06.845062,CSI_DATA,714,1a:00:00:00:00:00,-37,11,0,0,0,0,0,0,0,0,0,-92,0,1,0,123474912,0,31,0,128,0,"[0,0,5,-14,4,-14,4,-14,4,-14,3,-14,3,-14,3,-13,2,-13,2,-13,1,-13,1,-14,0,-14,0,-13,0,-14,0,-14,-1,-14,0,-14,0,-14,0,-15,1,-14,1,-14,2,-14,2,-13,3,-13,3,-12,4,-12,0,0,0,0,0,0,0,0,0,0,0,0,0,0,0,0,0,0,0,0,0,0,2,-11,3,-11,3,-11,4,-11,5,-11,5,-12,6,-11,7,-11,7,-11,7,-10,7,-11,7,-10,7,-10,7,-10,6,-11,6,-11,6,-11,5,-11,5,-12,5,-13,5,-13,5,-13,5,-13,4,-14,4,-14,5,-14]"
2025-08-18 22:57:06.904911,CSI_DATA,715,1a:00:00:00:00:00,-37,11,0,0,0,0,0,0,0,0,0,-92,0,1,0,123535678,0,42,0,128,0,"[0,0,6,-13,6,-13,6,-13,5,-13,5,-13,5,-13,4,-13,4,-13,3,-13,3,-13,2,-13,1,-13,1,-13,1,-13,1,-14,1,-14,1,-14,2,-14,2,-14,3,-14,3,-14,3,-13,4,-13,4,-12,4,-12,5,-11,0,0,0,0,0,0,0,0,0,0,0,0,0,0,0,0,0,0,0,0,0,0,3,-10,4,-10,5,-10,6,-10,6,-10,7,-10,8,-10,8,-10,8,-10,8,-9,8,-9,8,-9,8,-9,8,-9,8,-9,8,-9,7,-10,7,-10,7,-11,7,-11,6,-11,6,-12,6,-12,6,-13,6,-13,6,-13]"
2025-08-18 22:57:06.987731,CSI_DATA,716,1a:00:00:00:00:00,-37,11,0,0,0,0,0,0,0,0,0,-92,0,1,0,123606035,0,31,0,128,0,"[0,0,-7,13,-7,13,-6,13,-6,13,-6,13,-5,12,-5,12,-4,12,-4,12,-3,12,-3,12,-2,12,-2,12,-2,13,-1,13,-2,13,-2,13,-2,13,-2,14,-2,13,-3,13,-4,12,-4,12,-5,12,-6,11,-6,10,0,0,0,0,0,0,0,0,0,0,0,0,0,0,0,0,0,0,0,0,0,0,-4,9,-5,9,-6,9,-6,9,-7,9,-8,9,-8,9,-8,9,-9,9,-9,9,-10,8,-9,8,-9,8,-9,8,-8,9,-8,9,-8,9,-7,10,-7,10,-7,11,-7,11,-7,12,-7,12,-7,12,-7,12,-7,12]"
2025-08-18 22:57:07.176617,CSI_DATA,717,1a:00:00:00:00:00,-37,11,0,0,0,0,0,0,0,0,0,-92,0,1,0,123805648,0,31,0,128,0,"[0,0,-15,4,-14,4,-15,4,-14,5,-14,5,-13,5,-13,5,-12,5,-12,6,-12,6,-12,7,-11,7,-11,8,-11,8,-11,8,-12,8,-11,8,-12,8,-12,8,-13,7,-13,7,-12,6,-12,5,-12,5,-12,5,-12,4,0,0,0,0,0,0,0,0,0,0,0,0,0,0,0,0,0,0,0,0,0,0,-10,4,-11,3,-11,3,-12,2,-12,2,-13,1,-13,0,-13,0,-13,-1,-13,-1,-13,0,-13,-1,-13,0,-13,0,-13,0,-13,0,-13,1,-13,1,-13,2,-13,2,-13,3,-13,3,-14,4,-14,4,-14,4,-14,4]"
2025-08-18 22:57:07.374594,CSI_DATA,718,1a:00:00:00:00:00,-37,11,0,0,0,0,0,0,0,0,0,-92,0,1,0,124005063,0,31,0,128,0,"[0,0,14,-4,13,-5,13,-4,13,-4,13,-5,12,-5,12,-5,12,-5,12,-6,11,-6,11,-7,10,-7,10,-7,10,-7,11,-8,11,-8,11,-8,11,-7,12,-7,12,-7,12,-6,12,-6,12,-5,11,-4,11,-3,11,-3,0,0,0,0,0,0,0,0,0,0,0,0,0,0,0,0,0,0,0,0,0,0,9,-4,9,-4,10,-3,10,-3,11,-2,11,-2,12,-1,12,-1,12,0,12,0,12,0,12,0,11,0,11,0,11,0,11,-1,11,-1,12,-2,12,-2,12,-2,12,-3,12,-3,13,-4,13,-4,13,-4,14,-4]"
2025-08-18 22:57:07.576040,CSI_DATA,719,1a:00:00:00:00:00,-37,11,0,0,0,0,0,0,0,0,0,-92,0,1,0,124205970,0,31,0,128,0,"[0,0,-14,6,-13,6,-13,6,-13,6,-13,7,-12,7,-12,7,-11,7,-11,7,-10,8,-10,8,-10,8,-10,8,-9,9,-9,9,-10,10,-10,9,-10,9,-11,9,-11,9,-11,8,-11,8,-11,7,-11,6,-11,5,-11,5,0,0,0,0,0,0,0,0,0,0,0,0,0,0,0,0,0,0,0,0,0,0,-9,5,-10,5,-10,4,-11,4,-11,4,-12,3,-13,3,-13,2,-13,2,-13,1,-13,1,-13,1,-13,1,-12,1,-12,2,-12,2,-12,3,-12,3,-13,4,-12,5,-13,5,-13,5,-13,6,-13,6,-13,6,-13,6]"
2025-08-18 22:57:07.781697,CSI_DATA,720,1a:00:00:00:00:00,-37,11,0,0,0,0,0,0,0,0,0,-92,0,1,0,124407402,0,31,0,128,0,"[0,0,-16,-4,-16,-3,-16,-3,-15,-3,-15,-3,-15,-3,-15,-2,-14,-2,-14,-1,-14,0,-14,0,-14,1,-14,1,-14,1,-14,1,-15,1,-15,1,-15,1,-15,0,-15,0,-15,-1,-15,-2,-14,-2,-14,-2,-13,-3,-13,-4,0,0,0,0,0,0,0,0,0,0,0,0,0,0,0,0,0,0,0,0,0,0,-11,-1,-12,-2,-12,-2,-12,-3,-12,-4,-12,-5,-12,-5,-12,-6,-12,-6,-12,-6,-12,-6,-12,-7,-12,-6,-12,-6,-12,-6,-12,-6,-12,-5,-12,-5,-13,-5,-13,-5,-14,-4,-14,-4,-15,-3,-15,-3,-15,-3,-16,-3]"
2025-08-18 22:57:07.979591,CSI_DATA,721,1a:00:00:00:00:00,-37,11,0,0,0,0,0,0,0,0,0,-92,0,1,0,124608504,0,31,0,128,0,"[0,0,10,-11,10,-11,10,-11,10,-11,9,-11,9,-11,8,-11,8,-11,7,-11,7,-11,7,-12,6,-12,6,-12,6,-12,6,-13,6,-13,6,-13,6,-13,7,-13,7,-13,7,-12,7,-11,8,-11,8,-10,8,-9,9,-9,0,0,0,0,0,0,0,0,0,0,0,0,0,0,0,0,0,0,0,0,0,0,7,-8,7,-8,8,-8,8,-8,9,-7,10,-7,10,-7,10,-7,11,-6,11,-6,11,-5,11,-5,11,-6,10,-6,10,-6,10,-6,10,-7,10,-8,10,-8,10,-9,10,-9,10,-9,10,-10,10,-10,10,-10,11,-10]"
2025-08-18 22:57:08.184036,CSI_DATA,722,1a:00:00:00:00:00,-37,11,0,0,0,0,0,0,0,0,0,-92,0,1,0,124809615,0,31,0,128,0,"[0,0,-16,-2,-15,-2,-15,-2,-14,-2,-15,-1,-14,-1,-14,-1,-14,-1,-14,0,-13,1,-14,1,-13,2,-13,2,-14,2,-13,2,-14,2,-14,2,-14,2,-15,2,-15,1,-14,0,-14,0,-13,-1,-13,-1,-13,-2,-12,-2,0,0,0,0,0,0,0,0,0,0,0,0,0,0,0,0,0,0,0,0,0,0,-11,0,-11,-1,-11,-2,-12,-3,-12,-3,-12,-4,-12,-5,-12,-5,-12,-6,-12,-5,-12,-6,-12,-6,-12,-5,-12,-5,-12,-5,-12,-5,-12,-4,-12,-4,-13,-3,-13,-3,-13,-3,-14,-3,-14,-2,-15,-2,-15,-2,-15,-2]"
2025-08-18 22:57:08.404619,CSI_DATA,723,1a:00:00:00:00:00,-37,11,0,0,0,0,0,0,0,0,0,-92,0,1,0,125010727,0,31,0,128,0,"[0,0,-12,-11,-12,-10,-12,-10,-11,-10,-12,-10,-12,-9,-12,-9,-12,-8,-12,-8,-12,-7,-12,-7,-12,-7,-13,-6,-13,-6,-13,-6,-13,-6,-13,-6,-14,-7,-13,-7,-13,-8,-13,-8,-12,-8,-11,-8,-11,-9,-10,-9,-9,-9,0,0,0,0,0,0,0,0,0,0,0,0,0,0,0,0,0,0,0,0,0,0,-9,-6,-9,-7,-9,-8,-9,-8,-9,-9,-9,-10,-8,-10,-8,-11,-8,-11,-8,-11,-7,-11,-7,-11,-7,-11,-7,-11,-8,-11,-7,-10,-8,-10,-8,-10,-9,-10,-10,-10,-10,-10,-10,-10,-11,-10,-11,-10,-12,-10,-12,-10]"
2025-08-18 22:57:08.445642,CSI_DATA,724,1a:00:00:00:00:00,-37,11,0,0,0,0,0,0,0,0,0,-92,0,1,0,125071528,0,42,0,128,0,"[0,0,-2,-15,-2,-15,-2,-15,-3,-15,-3,-15,-3,-14,-3,-14,-3,-14,-4,-13,-4,-13,-5,-13,-5,-12,-6,-12,-6,-12,-6,-12,-6,-13,-6,-13,-6,-13,-5,-13,-5,-14,-4,-14,-4,-14,-3,-13,-3,-13,-2,-12,-1,-12,0,0,0,0,0,0,0,0,0,0,0,0,0,0,0,0,0,0,0,0,0,0,-3,-10,-3,-11,-2,-11,-1,-12,-1,-12,0,-12,0,-13,1,-13,1,-13,1,-13,2,-13,2,-12,1,-13,1,-12,1,-12,1,-12,0,-12,0,-13,-1,-13,-1,-13,-1,-14,-1,-14,-2,-14,-2,-15,-2,-15,-2,-15]"
2025-08-18 22:57:08.513777,CSI_DATA,725,1a:00:00:00:00:00,-37,11,0,0,0,0,0,0,0,0,0,-92,0,1,0,125140241,0,31,0,128,0,"[0,0,12,-8,12,-8,12,-8,12,-8,12,-8,11,-8,10,-8,10,-8,10,-9,9,-9,9,-9,8,-10,8,-10,8,-10,8,-10,9,-11,9,-11,9,-11,9,-10,10,-10,10,-10,10,-9,10,-8,10,-8,10,-7,10,-6,0,0,0,0,0,0,0,0,0,0,0,0,0,0,0,0,0,0,0,0,0,0,8,-6,8,-6,9,-6,10,-5,10,-5,11,-5,11,-4,11,-4,11,-3,11,-3,11,-3,11,-3,11,-3,11,-3,11,-4,11,-4,11,-4,11,-5,11,-5,11,-6,11,-6,12,-6,12,-7,12,-7,12,-8,12,-8]"
2025-08-18 22:57:08.709275,CSI_DATA,726,1a:00:00:00:00:00,-37,11,0,0,0,0,0,0,0,0,0,-92,0,1,0,125340604,0,31,0,128,0,"[0,0,-9,12,-8,10,-7,11,-8,11,-11,11,-9,11,-6,13,-10,13,-6,10,-7,11,-5,14,-5,12,-5,11,-3,12,-4,12,-4,12,-4,13,-5,13,-5,13,-5,13,-7,12,-6,10,-8,12,-7,13,-5,11,-7,10,0,0,0,0,0,0,0,0,0,0,0,0,0,0,0,0,0,0,0,0,0,0,-5,9,-6,9,-7,9,-8,8,-8,9,-9,8,-9,8,-10,8,-10,8,-10,8,-10,7,-10,7,-10,7,-10,7,-9,7,-10,8,-9,8,-9,9,-9,9,-9,9,-9,10,-9,11,-9,11,-8,11,-8,12,-8,11]"
2025-08-18 22:57:08.911350,CSI_DATA,727,1a:00:00:00:00:00,-38,11,0,0,0,0,0,0,0,0,0,-92,0,1,0,125541651,0,31,0,128,0,"[0,0,5,-15,5,-14,5,-14,5,-14,4,-14,4,-14,3,-14,3,-14,2,-13,1,-13,2,-13,0,-14,1,-14,0,-14,0,-14,0,-14,0,-14,0,-15,1,-15,1,-14,2,-14,2,-14,3,-13,3,-13,4,-12,4,-12,0,0,0,0,0,0,0,0,0,0,0,0,0,0,0,0,0,0,0,0,0,0,2,-10,3,-11,4,-11,4,-11,5,-11,6,-11,6,-12,7,-11,7,-11,7,-11,8,-11,8,-10,8,-10,7,-11,7,-11,7,-10,6,-11,6,-12,6,-12,5,-12,5,-13,5,-13,5,-13,5,-14,5,-14,5,-15]"
2025-08-18 22:57:09.106079,CSI_DATA,728,1a:00:00:00:00:00,-38,11,0,0,0,0,0,0,0,0,0,-92,0,1,0,125742065,0,31,0,128,0,"[0,0,13,6,13,5,13,5,13,5,13,5,12,5,12,4,12,4,12,3,12,3,12,2,12,2,12,1,13,1,13,1,13,1,13,1,14,1,13,2,13,2,13,3,12,3,11,4,11,4,11,5,10,5,0,0,0,0,0,0,0,0,0,0,0,0,0,0,0,0,0,0,0,0,0,0,10,2,10,3,10,4,10,5,10,5,10,6,10,7,10,7,10,7,9,8,9,8,9,8,9,8,9,7,9,8,9,7,10,7,10,6,11,6,11,6,11,6,12,5,12,6,13,6,13,6,13,6]"
2025-08-18 22:57:09.313774,CSI_DATA,729,1a:00:00:00:00:00,-38,11,0,0,0,0,0,0,0,0,0,-92,0,1,0,125943181,0,31,0,128,0,"[0,0,5,-15,5,-15,4,-14,4,-15,4,-14,3,-14,3,-14,3,-14,2,-14,1,-14,1,-14,0,-14,0,-14,0,-14,0,-15,0,-14,0,-14,0,-14,0,-15,1,-15,1,-14,2,-14,2,-14,3,-13,3,-13,4,-12,0,0,0,0,0,0,0,0,0,0,0,0,0,0,0,0,0,0,0,0,0,0,2,-11,3,-11,4,-11,5,-11,5,-11,6,-11,7,-11,7,-11,8,-11,8,-11,8,-10,8,-10,7,-10,7,-11,7,-10,7,-11,6,-11,6,-12,5,-12,5,-13,5,-13,5,-13,5,-14,5,-14,5,-15,5,-15]"
2025-08-18 22:57:09.512971,CSI_DATA,730,1a:00:00:00:00:00,-38,11,0,0,0,0,0,0,0,0,0,-92,0,1,0,126144296,0,31,0,128,0,"[0,0,-7,13,-7,12,-7,12,-7,12,-7,12,-6,12,-6,12,-5,12,-5,12,-4,12,-4,12,-3,12,-3,12,-3,12,-2,12,-2,12,-3,13,-3,13,-3,13,-4,13,-4,12,-4,12,-5,11,-5,11,-6,10,-6,10,0,0,0,0,0,0,0,0,0,0,0,0,0,0,0,0,0,0,0,0,0,0,-4,9,-5,9,-6,9,-7,9,-7,9,-8,9,-9,9,-9,9,-9,9,-10,8,-10,8,-10,8,-9,8,-9,8,-9,8,-9,8,-8,9,-8,9,-8,10,-8,10,-8,11,-8,11,-8,11,-7,12,-7,12,-7,13]"
2025-08-18 22:57:09.721401,CSI_DATA,731,1a:00:00:00:00:00,-38,11,0,0,0,0,0,0,0,0,0,-92,0,1,0,126345452,0,31,0,128,0,"[0,0,-11,-11,-11,-10,-11,-11,-10,-10,-11,-10,-10,-10,-11,-9,-11,-9,-11,-8,-11,-7,-11,-7,-11,-7,-12,-7,-12,-7,-12,-6,-13,-7,-12,-6,-13,-7,-12,-7,-12,-8,-11,-8,-11,-8,-10,-8,-10,-9,-9,-9,-8,-9,0,0,0,0,0,0,0,0,0,0,0,0,0,0,0,0,0,0,0,0,0,0,-9,-6,-9,-7,-8,-8,-9,-9,-8,-9,-8,-10,-8,-11,-7,-11,-7,-12,-7,-11,-7,-11,-6,-11,-6,-11,-7,-11,-7,-11,-7,-10,-8,-11,-8,-10,-9,-11,-9,-10,-9,-11,-10,-11,-10,-10,-11,-11,-11,-10,-11,-11]"
2025-08-18 22:57:09.910878,CSI_DATA,732,1a:00:00:00:00:00,-38,11,0,0,0,0,0,0,0,0,0,-92,0,1,0,126546682,0,31,0,128,0,"[0,0,9,11,10,10,9,10,10,9,10,9,9,9,9,9,10,8,10,8,10,6,10,6,10,6,11,6,11,5,11,5,11,5,11,6,12,6,11,6,11,7,11,7,10,7,10,8,9,8,8,8,8,8,0,0,0,0,0,0,0,0,0,0,0,0,0,0,0,0,0,0,0,0,0,0,8,6,8,7,7,7,7,8,7,9,7,10,6,10,6,11,5,11,5,11,5,11,5,11,5,11,6,10,6,10,6,10,6,10,7,10,7,10,7,10,8,10,8,10,9,10,10,10,10,10,10,10]"
2025-08-18 22:57:09.971355,CSI_DATA,733,1a:00:00:00:00:00,-38,11,0,0,0,0,0,0,0,0,0,-92,0,1,0,126607783,0,42,0,128,0,"[0,0,6,13,6,12,6,12,6,12,6,12,6,11,6,11,7,11,7,10,7,9,7,9,8,9,8,9,9,9,9,9,9,9,9,9,9,9,9,10,8,10,8,10,7,10,7,10,6,10,5,10,4,10,0,0,0,0,0,0,0,0,0,0,0,0,0,0,0,0,0,0,0,0,0,0,6,8,5,9,5,9,4,10,4,11,3,11,3,12,3,12,2,12,2,12,2,12,1,12,2,12,2,12,2,12,2,11,3,12,4,11,4,11,4,12,4,12,5,12,5,12,6,12,6,13,6,13]"
2025-08-18 22:57:10.050223,CSI_DATA,734,1a:00:00:00:00:00,-38,11,0,0,0,0,0,0,0,0,0,-92,0,1,0,126680585,0,31,0,128,0,"[0,0,-14,7,-13,7,-13,7,-13,7,-13,7,-12,7,-12,7,-11,7,-11,7,-10,8,-10,8,-9,9,-9,9,-9,9,-9,9,-9,10,-10,10,-10,10,-10,9,-10,9,-11,8,-11,8,-11,7,-11,7,-11,6,-11,5,0,0,0,0,0,0,0,0,0,0,0,0,0,0,0,0,0,0,0,0,0,0,-9,6,-9,5,-10,5,-11,5,-11,4,-12,4,-13,3,-13,3,-13,3,-13,2,-13,2,-13,2,-13,2,-13,2,-13,3,-12,3,-12,3,-12,4,-13,4,-13,5,-13,5,-13,6,-13,6,-13,7,-13,7,-14,7]"
2025-08-18 22:57:10.267092,CSI_DATA,735,1a:00:00:00:00:00,-38,11,0,0,0,0,0,0,0,0,0,-92,0,1,0,126885464,0,31,0,128,0,"[0,0,-8,-13,-8,-13,-8,-13,-8,-13,-8,-12,-8,-12,-8,-12,-8,-11,-8,-11,-9,-10,-9,-10,-9,-9,-10,-9,-10,-9,-10,-9,-10,-9,-10,-9,-10,-10,-10,-10,-10,-10,-9,-11,-9,-11,-8,-11,-8,-11,-7,-11,-6,-11,0,0,0,0,0,0,0,0,0,0,0,0,0,0,0,0,0,0,0,0,0,0,-7,-9,-6,-9,-6,-10,-6,-11,-6,-11,-5,-12,-4,-12,-4,-13,-3,-13,-3,-13,-3,-13,-3,-13,-3,-12,-4,-13,-4,-12,-4,-12,-4,-12,-5,-12,-6,-12,-6,-12,-6,-12,-7,-13,-7,-13,-8,-13,-8,-13,-8,-13]"
2025-08-18 22:57:10.461774,CSI_DATA,736,1a:00:00:00:00:00,-38,11,0,0,0,0,0,0,0,0,0,-92,0,1,0,127085848,0,31,0,128,0,"[0,0,-10,-13,-10,-12,-10,-12,-9,-9,-13,-11,-10,-9,-11,-11,-13,-11,-12,-9,-10,-8,-13,-9,-9,-7,-10,-7,-11,-7,-13,-7,-12,-7,-12,-7,-12,-8,-13,-8,-11,-8,-10,-9,-10,-9,-11,-10,-6,-10,-10,-9,-8,-9,0,0,0,0,0,0,0,0,0,0,0,0,0,0,0,0,0,0,0,0,0,0,-9,-6,-9,-7,-9,-8,-9,-9,-9,-9,-8,-10,-8,-11,-8,-11,-7,-11,-7,-12,-7,-12,-6,-12,-7,-12,-7,-11,-7,-11,-7,-11,-8,-11,-8,-10,-8,-10,-9,-10,-9,-11,-9,-10,-10,-10,-10,-11,-10,-12,-10,-11]"
2025-08-18 22:57:10.652772,CSI_DATA,737,1a:00:00:00:00:00,-39,11,0,0,0,0,0,0,0,0,0,-92,0,1,0,127283243,0,31,0,128,0,"[0,0,9,-11,9,-11,9,-11,9,-11,8,-11,8,-11,7,-11,7,-11,6,-11,6,-11,5,-11,5,-12,5,-12,4,-12,4,-12,4,-12,4,-13,5,-13,5,-13,5,-12,6,-12,6,-12,6,-11,6,-10,7,-9,7,-9,0,0,0,0,0,0,0,0,0,0,0,0,0,0,0,0,0,0,0,0,0,0,6,-9,6,-9,7,-8,8,-8,8,-8,9,-8,10,-8,10,-7,10,-7,10,-6,11,-6,11,-6,10,-6,10,-6,10,-7,10,-7,9,-7,9,-8,9,-9,9,-9,9,-10,9,-10,9,-10,9,-11,9,-11,10,-11]"
2025-08-18 22:57:10.853990,CSI_DATA,738,1a:00:00:00:00:00,-38,11,0,0,0,0,0,0,0,0,0,-92,0,1,0,127483865,0,31,0,128,0,"[0,0,10,-10,10,-11,10,-10,10,-10,9,-11,9,-10,8,-10,8,-11,7,-10,7,-11,6,-11,6,-12,6,-11,5,-12,5,-12,5,-12,6,-12,6,-12,6,-12,7,-12,7,-11,7,-11,7,-10,7,-10,8,-9,8,-8,0,0,0,0,0,0,0,0,0,0,0,0,0,0,0,0,0,0,0,0,0,0,6,-8,7,-8,8,-8,9,-7,9,-7,10,-7,10,-7,10,-6,11,-6,11,-6,11,-5,11,-5,11,-5,10,-6,10,-6,10,-6,10,-7,10,-7,10,-8,10,-8,10,-8,10,-9,10,-9,10,-10,10,-10,10,-10]"
2025-08-18 22:57:11.051856,CSI_DATA,739,1a:00:00:00:00:00,-38,11,0,0,0,0,0,0,0,0,0,-92,0,1,0,127685032,0,31,0,128,0,"[0,0,15,1,15,1,14,1,14,0,14,0,14,0,13,-1,13,-1,13,-1,13,-2,13,-2,12,-3,12,-3,12,-4,13,-4,13,-4,13,-4,13,-4,14,-4,13,-3,13,-2,13,-2,13,-1,12,-1,12,0,12,1,0,0,0,0,0,0,0,0,0,0,0,0,0,0,0,0,0,0,0,0,0,0,10,-1,11,0,11,0,11,1,12,2,12,2,12,3,12,4,12,4,11,4,11,4,11,5,11,4,11,4,11,4,11,4,12,3,12,2,12,2,13,2,13,1,14,1,14,1,14,1,14,1,15,1]"
2025-08-18 22:57:11.250795,CSI_DATA,740,1a:00:00:00:00:00,-38,11,0,0,0,0,0,0,0,0,0,-92,0,1,0,127886176,0,31,0,128,0,"[0,0,12,9,11,8,11,8,11,8,11,7,11,7,11,7,11,6,11,6,11,5,12,5,12,4,12,4,12,4,12,4,12,4,12,4,12,4,13,5,12,5,12,5,11,6,10,6,10,7,9,7,9,7,0,0,0,0,0,0,0,0,0,0,0,0,0,0,0,0,0,0,0,0,0,0,9,4,9,5,9,6,9,6,9,7,9,8,9,9,8,9,8,9,7,9,7,10,7,10,7,9,7,9,8,9,8,8,8,9,9,8,9,8,10,8,10,8,10,8,11,8,11,8,11,8,12,8]"
2025-08-18 22:57:11.470174,CSI_DATA,741,1a:00:00:00:00:00,-37,11,0,0,0,0,0,0,0,0,0,-92,0,1,0,128087518,0,31,0,128,0,"[0,0,-13,8,-12,7,-12,8,-11,7,-12,8,-11,8,-11,8,-10,8,-10,8,-9,8,-9,9,-8,9,-8,10,-8,10,-8,10,-9,10,-8,10,-9,10,-10,10,-10,9,-10,9,-10,8,-10,8,-10,7,-10,7,-11,6,0,0,0,0,0,0,0,0,0,0,0,0,0,0,0,0,0,0,0,0,0,0,-8,7,-9,6,-9,6,-10,6,-10,5,-11,5,-12,4,-12,4,-12,3,-12,3,-12,4,-12,3,-12,4,-12,4,-12,4,-11,4,-12,4,-11,5,-12,6,-12,6,-12,6,-12,6,-11,7,-12,8,-12,8,-12,8]"
2025-08-18 22:57:11.518594,CSI_DATA,742,1a:00:00:00:00:00,-38,11,0,0,0,0,0,0,0,0,0,-92,0,1,0,128148247,0,42,0,128,0,"[0,0,5,-14,4,-14,4,-14,4,-14,4,-14,4,-14,3,-14,3,-13,2,-13,2,-13,1,-13,1,-13,0,-14,0,-14,0,-14,0,-14,0,-14,0,-15,0,-15,1,-14,2,-14,2,-14,2,-13,3,-13,3,-12,4,-12,0,0,0,0,0,0,0,0,0,0,0,0,0,0,0,0,0,0,0,0,0,0,2,-10,3,-11,4,-11,5,-11,5,-11,6,-11,7,-11,7,-11,7,-10,8,-10,8,-10,8,-10,8,-10,7,-10,7,-10,7,-10,6,-11,6,-11,6,-12,5,-12,5,-13,5,-13,5,-13,5,-14,5,-14,5,-14]"
2025-08-18 22:57:11.581514,CSI_DATA,743,1a:00:00:00:00:00,-38,11,0,0,0,0,0,0,0,0,0,-92,0,1,0,128214050,0,31,0,128,0,"[0,0,-1,15,-1,14,-1,14,0,14,0,14,0,13,0,13,1,13,1,12,2,12,2,12,3,12,3,12,4,12,4,12,4,12,4,13,4,13,3,13,3,13,2,13,2,13,1,13,1,12,0,12,-1,12,0,0,0,0,0,0,0,0,0,0,0,0,0,0,0,0,0,0,0,0,0,0,1,10,0,10,-1,11,-2,11,-2,11,-3,12,-3,12,-4,12,-4,12,-4,12,-5,12,-5,11,-5,12,-4,11,-4,11,-4,11,-3,12,-2,12,-2,12,-2,13,-2,13,-2,13,-1,14,-1,14,-1,14,-1,14]"
2025-08-18 22:57:11.800489,CSI_DATA,744,1a:00:00:00:00:00,-38,11,0,0,0,0,0,0,0,0,0,-92,0,1,0,128417000,0,31,0,128,0,"[0,0,-11,-11,-11,-11,-11,-11,-11,-11,-11,-10,-11,-10,-11,-9,-11,-8,-11,-8,-11,-7,-12,-7,-12,-7,-12,-6,-13,-6,-13,-6,-13,-6,-13,-6,-13,-6,-13,-6,-13,-7,-13,-7,-12,-8,-11,-8,-11,-8,-10,-9,-10,-9,0,0,0,0,0,0,0,0,0,0,0,0,0,0,0,0,0,0,0,0,0,0,-8,-8,-8,-9,-8,-9,-7,-10,-7,-10,-7,-11,-6,-12,-6,-12,-6,-12,-5,-12,-5,-12,-5,-12,-5,-12,-5,-12,-6,-12,-6,-11,-7,-11,-7,-11,-8,-11,-9,-11,-9,-11,-9,-11,-10,-11,-10,-11,-10,-11,-10,-11]"
2025-08-18 22:57:11.995112,CSI_DATA,745,1a:00:00:00:00:00,-38,11,0,0,0,0,0,0,0,0,0,-92,0,1,0,128620889,0,31,0,128,0,"[0,0,-14,-6,-13,-6,-16,-6,-14,-4,-12,-4,-16,-3,-12,-1,-14,-5,-11,-2,-10,0,-12,-2,-12,-1,-15,-2,-13,-1,-14,0,-14,0,-14,-1,-14,-1,-15,-1,-15,-1,-13,-2,-16,-1,-15,-2,-14,-3,-13,-1,-14,-7,0,0,0,0,0,0,0,0,0,0,0,0,0,0,0,0,0,0,0,0,0,0,-10,-5,-10,-5,-10,-6,-10,-7,-10,-8,-10,-8,-10,-9,-9,-9,-9,-9,-9,-10,-9,-10,-8,-10,-9,-9,-9,-9,-9,-9,-9,-8,-10,-8,-10,-7,-10,-8,-11,-7,-11,-7,-12,-6,-13,-7,-12,-6,-13,-6,-13,-6]"
2025-08-18 22:57:12.187603,CSI_DATA,746,1a:00:00:00:00:00,-38,11,0,0,0,0,0,0,0,0,0,-92,0,1,0,128816941,0,31,0,128,0,"[0,0,3,-15,3,-15,2,-15,2,-15,2,-15,2,-14,1,-15,1,-14,0,-14,-1,-14,-1,-14,-2,-14,-2,-14,-2,-14,-2,-14,-2,-14,-2,-15,-2,-15,-2,-15,-1,-15,-1,-15,0,-15,0,-14,1,-14,2,-13,2,-13,0,0,0,0,0,0,0,0,0,0,0,0,0,0,0,0,0,0,0,0,0,0,1,-11,2,-11,2,-12,3,-12,4,-12,4,-12,5,-12,5,-12,6,-12,6,-12,6,-12,7,-11,6,-11,6,-12,6,-12,5,-11,5,-12,4,-12,4,-13,4,-13,3,-14,3,-14,3,-14,3,-15,3,-15,3,-15]"
2025-08-18 22:57:12.391221,CSI_DATA,747,1a:00:00:00:00:00,-38,11,0,0,0,0,0,0,0,0,0,-92,0,1,0,129017845,0,31,0,128,0,"[0,0,-15,-1,-15,-1,-15,-1,-15,-1,-15,0,-14,0,-14,1,-14,1,-13,1,-13,2,-13,2,-13,2,-13,3,-13,3,-13,4,-14,4,-14,4,-14,4,-14,3,-14,3,-14,2,-14,2,-14,1,-13,0,-13,-1,-13,-1,0,0,0,0,0,0,0,0,0,0,0,0,0,0,0,0,0,0,0,0,0,0,-11,0,-11,0,-12,-1,-12,-2,-12,-2,-13,-3,-13,-3,-12,-4,-13,-4,-12,-5,-12,-5,-12,-5,-12,-5,-12,-5,-12,-4,-12,-4,-12,-3,-13,-3,-13,-3,-13,-2,-13,-2,-14,-1,-14,-1,-15,-1,-15,-1,-15,-1]"
2025-08-18 22:57:12.787416,CSI_DATA,748,1a:00:00:00:00:00,-38,11,0,0,0,0,0,0,0,0,0,-92,0,1,0,129219245,0,31,0,128,0,"[0,0,7,-13,7,-13,6,-13,7,-13,6,-13,6,-13,5,-13,5,-13,4,-13,4,-13,4,-13,3,-13,2,-13,2,-13,3,-14,2,-14,2,-14,3,-14,3,-14,4,-14,4,-14,5,-13,5,-13,5,-12,6,-11,6,-11,0,0,0,0,0,0,0,0,0,0,0,0,0,0,0,0,0,0,0,0,0,0,3,-10,4,-10,5,-10,5,-10,6,-11,7,-10,7,-10,8,-10,8,-10,8,-10,8,-9,8,-9,9,-9,8,-9,8,-9,8,-9,7,-10,7,-11,7,-11,7,-11,7,-12,7,-12,6,-13,7,-13,7,-13,7,-14]"
2025-08-18 22:57:12.792622,CSI_DATA,749,1a:00:00:00:00:00,-38,11,0,0,0,0,0,0,0,0,0,-92,0,1,0,129420312,0,31,0,128,0,"[0,0,14,1,14,1,13,1,14,1,13,0,13,0,13,0,13,-1,12,-1,12,-2,12,-2,12,-2,12,-2,12,-3,12,-3,13,-3,13,-3,13,-3,13,-2,13,-2,13,-1,13,-1,13,0,12,0,12,1,11,2,0,0,0,0,0,0,0,0,0,0,0,0,0,0,0,0,0,0,0,0,0,0,10,-1,10,0,10,0,11,1,11,1,11,2,11,3,11,3,11,4,11,4,11,4,11,5,11,4,11,4,11,4,11,3,11,3,11,3,12,2,12,2,12,2,13,1,13,1,13,1,14,1,14,1]"
2025-08-18 22:57:13.000271,CSI_DATA,750,1a:00:00:00:00:00,-38,11,0,0,0,0,0,0,0,0,0,-92,0,1,0,129621550,0,31,0,128,0,"[0,0,-8,13,-7,13,-7,13,-7,13,-6,13,-6,13,-6,12,-5,12,-4,12,-4,12,-3,12,-3,12,-2,13,-2,13,-2,13,-2,13,-2,13,-3,14,-3,14,-3,13,-4,13,-4,13,-5,12,-5,12,-6,11,-6,10,0,0,0,0,0,0,0,0,0,0,0,0,0,0,0,0,0,0,0,0,0,0,-4,9,-5,10,-6,10,-7,10,-7,9,-8,10,-9,9,-9,9,-9,9,-10,8,-10,9,-10,8,-9,8,-9,9,-9,9,-9,9,-9,9,-8,9,-8,10,-8,11,-8,11,-7,11,-7,12,-7,13,-7,13,-7,13]"
2025-08-18 22:57:13.051714,CSI_DATA,751,1a:00:00:00:00:00,-38,11,0,0,0,0,0,0,0,0,0,-92,0,1,0,129682607,0,42,0,128,0,"[0,0,14,-3,14,-3,14,-3,13,-3,14,-4,13,-4,12,-4,12,-5,12,-5,11,-5,11,-6,11,-6,11,-7,11,-7,11,-7,11,-7,11,-7,12,-7,12,-7,12,-7,12,-6,12,-5,12,-5,12,-4,11,-3,12,-3,0,0,0,0,0,0,0,0,0,0,0,0,0,0,0,0,0,0,0,0,0,0,9,-3,10,-3,10,-2,11,-2,11,-1,12,-1,12,0,12,0,12,1,12,1,12,1,12,1,12,1,12,1,12,1,11,0,12,0,12,-1,13,-1,12,-2,13,-2,13,-2,13,-3,14,-3,14,-3,14,-3]"
2025-08-18 22:57:13.122617,CSI_DATA,752,1a:00:00:00:00:00,-38,11,0,0,0,0,0,0,0,0,0,-92,0,1,0,129748203,0,31,0,128,0,"[0,0,-14,-7,-14,-7,-13,-7,-14,-7,-13,-6,-13,-6,-13,-6,-13,-5,-13,-5,-13,-4,-13,-4,-13,-3,-13,-3,-13,-3,-14,-3,-14,-2,-15,-3,-14,-3,-14,-3,-14,-4,-14,-4,-13,-5,-13,-5,-12,-6,-12,-6,-11,-7,0,0,0,0,0,0,0,0,0,0,0,0,0,0,0,0,0,0,0,0,0,0,-10,-4,-10,-5,-11,-6,-10,-6,-11,-7,-10,-7,-11,-8,-10,-9,-10,-9,-10,-9,-9,-9,-9,-9,-9,-9,-10,-9,-9,-8,-10,-9,-10,-8,-11,-8,-11,-7,-11,-8,-12,-7,-12,-7,-13,-7,-13,-7,-14,-7,-13,-7]"
2025-08-18 22:57:13.328516,CSI_DATA,753,1a:00:00:00:00:00,-38,11,0,0,0,0,0,0,0,0,0,-92,0,1,0,129949661,0,31,0,128,0,"[0,0,-8,-14,-7,-14,-7,-14,-4,-14,-7,-10,-5,-12,-8,-10,-10,-8,-8,-9,-8,-11,-9,-8,-9,-11,-9,-10,-9,-9,-9,-9,-10,-9,-10,-9,-10,-9,-10,-9,-10,-11,-10,-11,-9,-11,-8,-10,-10,-12,-5,-9,-5,-11,0,0,0,0,0,0,0,0,0,0,0,0,0,0,0,0,0,0,0,0,0,0,-4,-9,-4,-10,-3,-11,-3,-11,-3,-12,-2,-11,-2,-12,-1,-12,-1,-12,0,-12,0,-12,0,-12,-1,-12,-1,-12,-1,-12,-2,-12,-2,-11,-3,-12,-3,-12,-3,-12,-4,-12,-4,-13,-5,-14,-5,-14,-6,-13,-6,-14]"
2025-08-18 22:57:13.524310,CSI_DATA,754,1a:00:00:00:00:00,-38,11,0,0,0,0,0,0,0,0,0,-92,0,1,0,130148151,0,31,0,128,0,"[0,0,-12,-11,-12,-10,-12,-10,-12,-10,-12,-10,-12,-9,-12,-9,-11,-8,-12,-8,-12,-7,-12,-6,-12,-6,-13,-6,-13,-6,-13,-5,-13,-6,-13,-6,-14,-6,-14,-7,-13,-7,-13,-7,-12,-8,-11,-8,-11,-8,-10,-8,-10,-9,0,0,0,0,0,0,0,0,0,0,0,0,0,0,0,0,0,0,0,0,0,0,-9,-7,-9,-7,-9,-8,-9,-9,-9,-9,-9,-11,-8,-11,-8,-11,-8,-11,-7,-11,-7,-12,-7,-12,-7,-12,-7,-11,-7,-11,-8,-11,-8,-11,-8,-10,-9,-10,-10,-10,-10,-10,-11,-10,-11,-10,-11,-10,-11,-11,-12,-11]"
2025-08-18 22:57:13.721768,CSI_DATA,755,1a:00:00:00:00:00,-38,11,0,0,0,0,0,0,0,0,0,-92,0,1,0,130349484,0,31,0,128,0,"[0,0,2,-15,1,-16,1,-15,1,-15,0,-15,0,-14,0,-14,-1,-14,-1,-13,-2,-14,-2,-13,-3,-13,-3,-13,-3,-13,-3,-14,-3,-14,-3,-14,-3,-14,-3,-14,-2,-14,-2,-14,-1,-14,-1,-14,0,-13,1,-13,1,-12,0,0,0,0,0,0,0,0,0,0,0,0,0,0,0,0,0,0,0,0,0,0,-1,-11,-1,-11,0,-12,1,-12,1,-12,2,-13,3,-13,3,-13,4,-12,4,-12,4,-12,4,-12,4,-12,4,-12,4,-12,3,-12,3,-12,2,-13,2,-13,2,-13,2,-14,1,-14,1,-14,1,-15,1,-15,1,-15]"
2025-08-18 22:57:13.914789,CSI_DATA,756,1a:00:00:00:00:00,-38,11,0,0,0,0,0,0,0,0,0,-92,0,1,0,130550701,0,31,0,128,0,"[0,0,7,12,7,12,7,11,8,11,7,11,7,11,7,10,8,10,8,9,8,8,9,8,9,8,9,8,9,8,10,8,10,8,10,8,10,8,10,9,9,9,9,9,8,10,7,10,7,10,6,10,5,10,0,0,0,0,0,0,0,0,0,0,0,0,0,0,0,0,0,0,0,0,0,0,6,7,6,8,6,9,5,9,5,10,5,10,4,11,4,11,4,11,3,11,3,11,3,11,3,11,3,11,3,11,3,11,4,11,5,10,5,11,6,11,6,11,6,11,7,11,7,11,7,12,8,12]"
2025-08-18 22:57:14.120574,CSI_DATA,757,1a:00:00:00:00:00,-38,11,0,0,0,0,0,0,0,0,0,-92,0,1,0,130751821,0,31,0,128,0,"[0,0,15,-1,14,-2,14,-2,14,-2,14,-2,13,-2,13,-3,13,-3,13,-4,12,-4,12,-5,12,-5,12,-5,12,-6,12,-6,12,-6,12,-6,13,-6,13,-6,13,-5,13,-4,13,-4,13,-3,12,-3,12,-2,12,-1,0,0,0,0,0,0,0,0,0,0,0,0,0,0,0,0,0,0,0,0,0,0,10,-3,10,-2,11,-2,11,-1,12,-1,12,0,12,1,12,1,12,2,12,2,12,2,12,2,12,2,12,2,12,1,12,1,12,1,12,0,12,0,13,-1,13,-1,13,-1,14,-1,14,-2,14,-2,15,-2]"
2025-08-18 22:57:14.328070,CSI_DATA,758,1a:00:00:00:00:00,-38,11,0,0,0,0,0,0,0,0,0,-92,0,1,0,130952944,0,31,0,128,0,"[0,0,-5,-14,-6,-15,-5,-14,-6,-15,-6,-13,-6,-13,-6,-13,-7,-12,-7,-12,-8,-12,-8,-11,-8,-11,-8,-11,-9,-10,-9,-11,-9,-10,-10,-12,-9,-11,-9,-12,-9,-12,-8,-12,-7,-12,-7,-13,-6,-12,-5,-12,-5,-12,0,0,0,0,0,0,0,0,0,0,0,0,0,0,0,0,0,0,0,0,0,0,-5,-10,-5,-10,-4,-11,-4,-11,-3,-12,-3,-12,-2,-13,-2,-13,-1,-13,-1,-14,-1,-13,-1,-13,-1,-13,-1,-13,-1,-12,-2,-13,-2,-12,-3,-13,-3,-13,-4,-13,-4,-13,-5,-14,-5,-14,-5,-14,-5,-14,-5,-14]"
2025-08-18 22:57:14.538773,CSI_DATA,759,1a:00:00:00:00:00,-38,11,0,0,0,0,0,0,0,0,0,-92,0,1,0,131154114,0,31,0,128,0,"[0,0,-14,5,-14,5,-14,5,-13,5,-13,5,-13,5,-13,6,-12,6,-12,6,-11,7,-11,7,-11,8,-10,8,-10,8,-11,8,-11,9,-11,9,-11,9,-12,8,-11,8,-12,7,-12,7,-12,6,-12,6,-12,5,-12,4,0,0,0,0,0,0,0,0,0,0,0,0,0,0,0,0,0,0,0,0,0,0,-9,4,-10,4,-11,3,-11,3,-12,2,-12,2,-13,1,-13,1,-13,1,-13,1,-13,0,-13,0,-13,1,-13,1,-12,1,-12,1,-13,2,-12,2,-13,3,-13,3,-13,4,-13,4,-14,5,-14,5,-14,5,-14,5]"
2025-08-18 22:57:14.584081,CSI_DATA,760,1a:00:00:00:00:00,-38,11,0,0,0,0,0,0,0,0,0,-92,0,1,0,131214869,0,42,0,128,0,"[0,0,14,-3,14,-4,14,-4,13,-4,13,-4,13,-4,13,-4,12,-5,12,-5,11,-6,11,-6,11,-7,11,-7,11,-7,11,-7,11,-7,11,-7,12,-7,12,-7,12,-6,12,-6,12,-5,12,-5,12,-4,12,-3,11,-3,0,0,0,0,0,0,0,0,0,0,0,0,0,0,0,0,0,0,0,0,0,0,9,-4,10,-4,10,-3,11,-3,11,-2,12,-1,12,-1,12,0,12,0,12,0,12,0,12,1,12,0,12,0,12,0,11,0,12,-1,12,-2,12,-2,12,-2,12,-2,13,-3,13,-3,13,-4,14,-4,14,-4]"
2025-08-18 22:57:14.657289,CSI_DATA,761,1a:00:00:00:00:00,-38,11,0,0,0,0,0,0,0,0,0,-92,0,1,0,131283119,0,31,0,128,0,"[0,0,-17,-4,-15,-3,-15,-3,-17,-4,-14,-3,-13,0,-18,-3,-13,-2,-11,-3,-14,1,-13,0,-11,-1,-14,1,-13,1,-13,1,-13,1,-14,1,-14,1,-14,0,-14,-1,-14,0,-14,0,-13,-4,-13,-2,-11,0,-11,-3,0,0,0,0,0,0,0,0,0,0,0,0,0,0,0,0,0,0,0,0,0,0,-10,0,-11,-1,-11,-2,-12,-3,-12,-3,-12,-4,-12,-5,-12,-5,-12,-6,-12,-5,-12,-5,-12,-6,-12,-5,-12,-5,-12,-5,-11,-5,-12,-5,-12,-4,-13,-4,-12,-4,-13,-3,-14,-4,-15,-2,-14,-3,-15,-3,-15,-3]"
2025-08-18 22:57:14.856044,CSI_DATA,762,1a:00:00:00:00:00,-38,11,0,0,0,0,0,0,0,0,0,-92,0,1,0,131485634,0,31,0,128,0,"[0,0,-15,4,-15,4,-15,4,-14,3,-14,4,-14,4,-14,4,-13,5,-13,5,-12,6,-12,6,-11,6,-12,7,-12,7,-12,7,-12,7,-12,7,-13,7,-13,7,-13,7,-13,6,-13,5,-13,4,-13,4,-13,3,-13,2,0,0,0,0,0,0,0,0,0,0,0,0,0,0,0,0,0,0,0,0,0,0,-10,4,-11,3,-11,3,-12,2,-12,2,-13,1,-13,1,-13,0,-13,0,-13,-1,-13,-1,-13,-1,-13,0,-13,0,-13,0,-13,0,-13,1,-13,1,-13,2,-13,2,-14,2,-14,3,-14,3,-14,4,-15,4,-15,4]"
2025-08-18 22:57:15.069179,CSI_DATA,763,1a:00:00:00:00:00,-38,11,0,0,0,0,0,0,0,0,0,-92,0,1,0,131685717,0,31,0,128,0,"[0,0,-15,3,-15,3,-15,3,-15,3,-14,4,-14,3,-14,4,-13,4,-13,4,-12,5,-12,6,-12,6,-12,6,-12,6,-12,7,-12,7,-12,7,-13,7,-13,6,-13,6,-13,5,-13,4,-13,4,-13,4,-12,3,-12,2,0,0,0,0,0,0,0,0,0,0,0,0,0,0,0,0,0,0,0,0,0,0,-10,4,-11,3,-11,2,-12,2,-12,2,-13,1,-13,0,-13,0,-13,-1,-13,-1,-13,-1,-13,-1,-13,-1,-13,-1,-13,0,-13,0,-13,0,-13,1,-13,1,-14,1,-14,2,-14,2,-14,3,-15,3,-14,3,-15,3]"
2025-08-18 22:57:15.263050,CSI_DATA,764,1a:00:00:00:00:00,-38,11,0,0,0,0,0,0,0,0,0,-92,0,1,0,131886640,0,31,0,128,0,"[0,0,-8,-14,-8,-13,-8,-13,-8,-13,-8,-13,-8,-13,-8,-12,-8,-12,-9,-11,-9,-10,-9,-10,-10,-10,-10,-10,-11,-10,-11,-9,-11,-10,-11,-10,-11,-10,-11,-11,-10,-11,-10,-11,-9,-11,-8,-11,-8,-11,-7,-11,-6,-11,0,0,0,0,0,0,0,0,0,0,0,0,0,0,0,0,0,0,0,0,0,0,-7,-9,-6,-10,-6,-10,-6,-11,-5,-11,-5,-12,-4,-13,-4,-13,-3,-13,-3,-13,-3,-13,-3,-13,-3,-13,-3,-13,-3,-13,-4,-12,-4,-13,-5,-12,-5,-13,-6,-13,-6,-13,-7,-13,-7,-13,-8,-13,-8,-14,-8,-14]"
2025-08-18 22:57:15.462708,CSI_DATA,765,1a:00:00:00:00:00,-38,11,0,0,0,0,0,0,0,0,0,-92,0,1,0,132087501,0,31,0,128,0,"[0,0,-8,-13,-8,-13,-8,-12,-8,-13,-8,-12,-8,-11,-8,-11,-9,-11,-9,-10,-10,-10,-10,-9,-10,-9,-10,-9,-11,-8,-11,-9,-11,-8,-11,-9,-11,-9,-11,-9,-11,-9,-10,-10,-10,-10,-9,-10,-8,-10,-8,-10,-7,-10,0,0,0,0,0,0,0,0,0,0,0,0,0,0,0,0,0,0,0,0,0,0,-6,-9,-6,-10,-6,-10,-5,-11,-5,-12,-4,-12,-4,-12,-4,-12,-3,-13,-3,-13,-3,-13,-3,-13,-3,-12,-3,-12,-4,-12,-4,-12,-4,-12,-5,-12,-5,-12,-6,-12,-6,-12,-7,-12,-7,-13,-7,-13,-8,-13,-8,-13]"
2025-08-18 22:57:15.658674,CSI_DATA,766,1a:00:00:00:00:00,-38,11,0,0,0,0,0,0,0,0,0,-92,0,1,0,132288662,0,31,0,128,0,"[0,0,14,-5,13,-5,13,-5,13,-5,13,-6,12,-5,12,-5,11,-6,11,-6,11,-7,11,-7,10,-8,10,-8,10,-8,10,-8,10,-8,10,-8,11,-8,11,-8,11,-7,11,-7,11,-6,11,-6,11,-5,11,-4,11,-4,0,0,0,0,0,0,0,0,0,0,0,0,0,0,0,0,0,0,0,0,0,0,9,-6,10,-5,10,-5,11,-4,11,-4,12,-3,12,-2,12,-2,12,-1,12,-1,12,-1,12,-1,12,-1,12,-1,12,-2,12,-2,12,-2,12,-3,12,-3,12,-4,12,-4,13,-4,13,-5,13,-5,13,-5,14,-5]"
2025-08-18 22:57:15.860592,CSI_DATA,767,1a:00:00:00:00:00,-38,11,0,0,0,0,0,0,0,0,0,-92,0,1,0,132489889,0,31,0,128,0,"[0,0,-15,3,-15,4,-14,3,-14,4,-14,4,-14,4,-13,4,-12,5,-12,5,-12,5,-12,6,-11,6,-11,6,-11,7,-11,7,-11,7,-11,7,-11,7,-12,7,-12,6,-12,6,-12,5,-12,5,-12,4,-12,4,-12,3,0,0,0,0,0,0,0,0,0,0,0,0,0,0,0,0,0,0,0,0,0,0,-10,4,-11,3,-12,3,-12,2,-13,2,-13,1,-13,0,-14,0,-13,-1,-13,-1,-13,-1,-13,-1,-13,-1,-13,-1,-13,-1,-13,0,-13,0,-13,1,-13,1,-13,2,-13,2,-14,2,-14,3,-14,3,-15,4,-15,4]"
2025-08-18 22:57:16.059846,CSI_DATA,768,1a:00:00:00:00:00,-38,11,0,0,0,0,0,0,0,0,0,-92,0,1,0,132691213,0,31,0,128,0,"[0,0,6,13,6,13,6,13,7,12,7,12,7,12,7,11,7,11,7,10,8,10,8,10,9,9,9,9,9,9,10,9,10,9,10,9,10,9,9,10,9,10,8,10,8,11,7,11,6,11,6,11,5,11,0,0,0,0,0,0,0,0,0,0,0,0,0,0,0,0,0,0,0,0,0,0,6,8,6,9,5,10,5,10,5,11,4,12,3,12,3,12,2,13,2,12,2,13,2,12,2,12,2,12,3,12,3,12,3,12,4,12,4,12,5,12,5,12,6,12,6,13,7,13,7,13,7,13]"
2025-08-18 22:57:16.121380,CSI_DATA,769,1a:00:00:00:00:00,-38,11,0,0,0,0,0,0,0,0,0,-92,0,1,0,132751919,0,42,0,128,0,"[0,0,12,-8,12,-9,11,-8,12,-8,11,-8,11,-8,10,-9,10,-9,9,-9,9,-10,8,-10,8,-10,8,-10,7,-10,8,-11,8,-11,8,-11,8,-11,9,-11,9,-10,9,-10,9,-9,9,-9,9,-8,9,-7,9,-7,0,0,0,0,0,0,0,0,0,0,0,0,0,0,0,0,0,0,0,0,0,0,8,-7,8,-6,9,-6,9,-6,11,-6,11,-5,11,-4,12,-4,12,-4,12,-3,12,-3,11,-3,12,-3,11,-4,11,-4,11,-4,11,-4,11,-5,11,-6,11,-6,11,-6,11,-7,12,-8,12,-8,12,-8,12,-8]"
2025-08-18 22:57:16.199910,CSI_DATA,770,1a:00:00:00:00:00,-38,11,0,0,0,0,0,0,0,0,0,-92,0,1,0,132836408,0,31,0,128,0,"[0,0,11,9,11,9,11,9,11,8,11,8,11,8,11,7,11,6,11,6,11,5,11,5,11,4,12,4,12,4,13,4,12,4,12,4,12,4,12,5,12,5,12,5,11,6,11,6,10,7,9,6,9,7,0,0,0,0,0,0,0,0,0,0,0,0,0,0,0,0,0,0,0,0,0,0,9,5,8,6,9,7,8,8,8,8,8,9,8,9,8,10,7,10,7,10,7,10,7,10,7,10,7,10,7,9,7,10,8,9,8,9,8,8,9,9,10,9,10,9,11,9,11,9,11,9,11,9]"
2025-08-18 22:57:16.401479,CSI_DATA,771,1a:00:00:00:00:00,-38,11,0,0,0,0,0,0,0,0,0,-92,0,1,0,133037454,0,31,0,128,0,"[0,0,13,7,12,7,12,7,12,6,12,6,12,6,11,5,12,5,12,4,12,3,12,3,12,3,12,2,12,2,13,2,13,2,13,2,13,3,13,3,13,4,12,4,12,5,11,5,11,5,10,5,10,6,0,0,0,0,0,0,0,0,0,0,0,0,0,0,0,0,0,0,0,0,0,0,9,3,10,4,10,4,10,5,10,6,10,7,9,8,9,8,9,9,9,8,9,9,8,9,9,8,9,8,9,8,9,8,9,8,10,7,10,7,10,7,11,7,11,7,12,6,12,6,12,7,13,7]"
2025-08-18 22:57:16.617554,CSI_DATA,772,1a:00:00:00:00:00,-38,11,0,0,0,0,0,0,0,0,0,-92,0,1,0,133238637,0,31,0,128,0,"[0,0,-13,-8,-13,-8,-13,-8,-13,-8,-13,-8,-13,-7,-12,-7,-13,-6,-12,-6,-12,-5,-13,-5,-13,-4,-13,-4,-13,-3,-13,-4,-14,-3,-14,-3,-14,-4,-14,-4,-14,-4,-13,-5,-13,-5,-12,-6,-12,-6,-11,-6,-11,-7,0,0,0,0,0,0,0,0,0,0,0,0,0,0,0,0,0,0,0,0,0,0,-10,-5,-11,-6,-10,-7,-10,-7,-10,-8,-10,-9,-10,-9,-10,-10,-9,-10,-9,-10,-9,-10,-9,-10,-9,-10,-9,-10,-9,-10,-9,-9,-10,-9,-10,-9,-11,-8,-11,-8,-12,-8,-12,-8,-12,-8,-13,-8,-13,-8,-13,-8]"
2025-08-18 22:57:16.828956,CSI_DATA,773,1a:00:00:00:00:00,-38,11,0,0,0,0,0,0,0,0,0,-92,0,1,0,133439766,0,31,0,128,0,"[0,0,-6,-15,-7,-14,-6,-14,-7,-14,-7,-14,-7,-13,-7,-13,-7,-12,-8,-12,-8,-11,-8,-11,-9,-11,-9,-11,-9,-11,-10,-11,-10,-11,-10,-11,-10,-11,-10,-12,-9,-12,-9,-12,-8,-12,-7,-12,-7,-12,-6,-12,-5,-12,0,0,0,0,0,0,0,0,0,0,0,0,0,0,0,0,0,0,0,0,0,0,-6,-10,-6,-10,-5,-11,-5,-12,-5,-12,-4,-13,-3,-13,-3,-13,-3,-14,-2,-14,-2,-14,-1,-13,-2,-13,-2,-13,-2,-13,-3,-13,-3,-13,-4,-13,-4,-13,-5,-13,-5,-14,-5,-14,-6,-14,-6,-14,-6,-14,-7,-14]"
2025-08-18 22:57:17.010809,CSI_DATA,774,1a:00:00:00:00:00,-38,11,0,0,0,0,0,0,0,0,0,-92,0,1,0,133641209,0,31,0,128,0,"[0,0,-7,13,-6,13,-6,13,-6,13,-5,13,-6,12,-5,12,-4,12,-4,12,-3,12,-3,12,-2,12,-2,12,-1,12,-1,13,-2,13,-2,13,-2,13,-2,13,-3,13,-3,13,-4,12,-4,12,-4,11,-5,11,-5,10,0,0,0,0,0,0,0,0,0,0,0,0,0,0,0,0,0,0,0,0,0,0,-4,10,-5,10,-5,10,-6,10,-7,10,-7,10,-8,10,-9,10,-9,9,-9,9,-9,9,-9,9,-9,9,-9,9,-8,9,-9,9,-8,10,-8,10,-7,10,-7,11,-7,11,-7,12,-7,12,-6,13,-7,13,-6,13]"
2025-08-18 22:57:17.219094,CSI_DATA,775,1a:00:00:00:00:00,-38,11,0,0,0,0,0,0,0,0,0,-92,0,1,0,133844179,0,31,0,128,0,"[0,0,-13,-9,-13,-9,-13,-8,-12,-8,-12,-7,-12,-7,-12,-7,-12,-6,-12,-6,-12,-5,-12,-5,-12,-4,-13,-4,-13,-3,-13,-4,-13,-4,-13,-4,-13,-4,-14,-4,-13,-4,-13,-5,-12,-5,-12,-5,-11,-6,-11,-6,-10,-7,0,0,0,0,0,0,0,0,0,0,0,0,0,0,0,0,0,0,0,0,0,0,-10,-5,-10,-6,-10,-7,-10,-8,-10,-8,-10,-9,-9,-10,-9,-10,-9,-10,-9,-10,-8,-11,-8,-11,-8,-10,-8,-10,-8,-10,-8,-10,-9,-9,-10,-9,-10,-9,-10,-9,-11,-9,-11,-9,-12,-8,-12,-9,-12,-8,-13,-9]"
2025-08-18 22:57:17.416408,CSI_DATA,776,1a:00:00:00:00:00,-38,11,0,0,0,0,0,0,0,0,0,-92,0,1,0,134045609,0,31,0,128,0,"[0,0,13,-7,12,-8,13,-8,12,-7,12,-8,11,-8,11,-8,10,-8,10,-9,9,-8,9,-9,9,-9,9,-10,9,-10,8,-10,9,-10,9,-10,10,-10,10,-10,10,-10,10,-9,10,-9,10,-8,10,-7,10,-6,11,-5,0,0,0,0,0,0,0,0,0,0,0,0,0,0,0,0,0,0,0,0,0,0,8,-7,9,-7,9,-6,10,-6,11,-6,12,-5,12,-5,12,-4,12,-4,12,-3,12,-3,12,-3,12,-3,12,-3,12,-4,11,-4,12,-4,11,-5,12,-6,12,-6,12,-6,12,-7,12,-7,12,-7,13,-8,13,-8]"
2025-08-18 22:57:17.615033,CSI_DATA,777,1a:00:00:00:00:00,-38,11,0,0,0,0,0,0,0,0,0,-92,0,1,0,134244818,0,31,0,128,0,"[0,0,13,-6,13,-7,12,-7,12,-7,12,-7,12,-7,11,-7,11,-7,10,-8,10,-8,10,-9,9,-9,9,-9,9,-10,9,-10,9,-10,9,-10,10,-10,10,-10,10,-9,11,-9,10,-8,11,-7,10,-7,10,-6,10,-5,0,0,0,0,0,0,0,0,0,0,0,0,0,0,0,0,0,0,0,0,0,0,9,-6,9,-6,10,-5,10,-5,11,-5,12,-4,12,-3,12,-3,12,-3,12,-2,12,-2,12,-2,12,-2,12,-3,12,-3,11,-3,12,-3,12,-4,12,-5,12,-5,12,-5,12,-6,13,-6,13,-6,13,-7,13,-7]"
2025-08-18 22:57:17.679999,CSI_DATA,778,1a:00:00:00:00:00,-38,11,0,0,0,0,0,0,0,0,0,-92,0,1,0,134305387,0,42,0,128,0,"[0,0,-15,-5,-15,-5,-15,-5,-14,-4,-14,-4,-14,-4,-14,-3,-14,-3,-14,-2,-13,-2,-13,-1,-13,-1,-13,0,-14,0,-14,0,-14,0,-14,0,-14,0,-14,0,-14,-1,-14,-1,-14,-2,-13,-2,-13,-3,-12,-3,-12,-4,0,0,0,0,0,0,0,0,0,0,0,0,0,0,0,0,0,0,0,0,0,0,-11,-2,-11,-3,-11,-4,-11,-5,-12,-5,-12,-6,-12,-7,-11,-7,-11,-7,-11,-8,-11,-8,-10,-8,-11,-8,-11,-7,-11,-7,-11,-7,-12,-6,-12,-6,-12,-6,-13,-6,-13,-5,-13,-5,-14,-5,-14,-5,-14,-5,-15,-5]"
2025-08-18 22:57:17.730469,CSI_DATA,779,1a:00:00:00:00:00,-38,11,0,0,0,0,0,0,0,0,0,-92,0,1,0,134358573,0,31,0,128,0,"[0,0,-15,1,-15,1,-15,1,-14,1,-14,1,-14,2,-13,2,-13,3,-13,3,-12,3,-12,4,-12,5,-12,5,-12,5,-12,5,-12,5,-12,5,-13,6,-13,5,-13,4,-13,4,-13,4,-12,3,-13,2,-12,2,-12,1,0,0,0,0,0,0,0,0,0,0,0,0,0,0,0,0,0,0,0,0,0,0,-10,1,-11,1,-11,0,-12,0,-12,-1,-13,-2,-13,-2,-13,-2,-13,-3,-13,-3,-13,-3,-12,-3,-13,-3,-12,-3,-13,-3,-12,-2,-13,-2,-12,-1,-13,-1,-13,0,-14,0,-14,0,-14,1,-15,1,-15,1,-15,1]"
2025-08-18 22:57:17.934420,CSI_DATA,780,1a:00:00:00:00:00,-38,11,0,0,0,0,0,0,0,0,0,-92,0,1,0,134564982,0,31,0,128,0,"[0,0,9,-12,8,-12,8,-12,8,-12,8,-12,7,-12,7,-12,6,-12,6,-12,5,-12,5,-12,4,-12,4,-13,4,-13,4,-13,4,-13,4,-13,4,-13,5,-13,5,-13,5,-12,6,-12,6,-11,6,-11,7,-10,7,-10,0,0,0,0,0,0,0,0,0,0,0,0,0,0,0,0,0,0,0,0,0,0,5,-10,6,-9,6,-9,7,-9,7,-9,8,-9,9,-9,9,-9,10,-8,10,-8,10,-8,10,-7,10,-8,10,-8,9,-8,9,-8,9,-8,8,-9,8,-10,8,-10,8,-10,8,-11,8,-11,8,-12,8,-12,9,-12]"
2025-08-18 22:57:18.129835,CSI_DATA,781,1a:00:00:00:00:00,-38,11,0,0,0,0,0,0,0,0,0,-92,0,1,0,134756871,0,31,0,128,0,"[0,0,-15,-2,-15,-1,-15,-2,-15,-1,-14,-1,-14,0,-14,0,-13,1,-13,1,-13,1,-13,2,-13,2,-13,3,-13,3,-13,3,-13,4,-13,3,-13,3,-14,3,-14,3,-14,2,-13,2,-14,1,-13,0,-12,-1,-12,-1,0,0,0,0,0,0,0,0,0,0,0,0,0,0,0,0,0,0,0,0,0,0,-11,0,-11,-1,-12,-1,-12,-2,-13,-3,-13,-3,-13,-4,-13,-5,-13,-5,-13,-6,-12,-6,-12,-6,-12,-6,-12,-5,-12,-5,-12,-4,-12,-4,-13,-3,-13,-3,-13,-3,-13,-3,-14,-2,-15,-2,-15,-2,-15,-2,-15,-2]"
2025-08-18 22:57:18.327202,CSI_DATA,782,1a:00:00:00:00:00,-38,11,0,0,0,0,0,0,0,0,0,-92,0,1,0,134957780,0,31,0,128,0,"[0,0,-3,15,-3,14,-3,14,-3,14,-2,14,-2,14,-2,13,-1,13,-1,13,0,13,1,12,1,12,1,12,2,13,2,13,2,13,2,13,2,13,1,13,1,13,0,13,0,13,-1,13,-1,12,-2,11,-3,11,0,0,0,0,0,0,0,0,0,0,0,0,0,0,0,0,0,0,0,0,0,0,-1,10,-1,11,-2,11,-3,11,-4,12,-5,12,-5,12,-6,12,-6,12,-7,11,-6,11,-7,11,-6,11,-6,11,-6,11,-6,11,-5,11,-5,12,-4,12,-4,13,-4,13,-4,13,-3,14,-3,14,-3,14,-3,14]"
2025-08-18 22:57:18.732425,CSI_DATA,783,1a:00:00:00:00:00,-38,11,0,0,0,0,0,0,0,0,0,-92,0,1,0,135158860,0,31,0,128,0,"[0,0,-12,-11,-12,-10,-11,-10,-12,-10,-12,-9,-11,-9,-11,-8,-12,-8,-12,-7,-12,-7,-12,-6,-12,-6,-13,-6,-12,-5,-13,-5,-13,-5,-13,-6,-13,-6,-13,-6,-13,-7,-13,-7,-12,-7,-12,-8,-11,-8,-10,-8,-10,-8,0,0,0,0,0,0,0,0,0,0,0,0,0,0,0,0,0,0,0,0,0,0,-9,-7,-9,-8,-9,-9,-8,-9,-9,-10,-8,-11,-8,-11,-7,-11,-7,-12,-7,-12,-7,-12,-7,-11,-7,-11,-7,-11,-7,-11,-7,-11,-8,-10,-8,-10,-9,-10,-9,-10,-10,-10,-10,-11,-11,-10,-11,-10,-11,-10,-12,-10]"
2025-08-18 22:57:18.738725,CSI_DATA,784,1a:00:00:00:00:00,-38,11,0,0,0,0,0,0,0,0,0,-92,0,1,0,135360035,0,31,0,128,0,"[0,0,2,-16,1,-16,1,-16,1,-15,0,-16,0,-15,0,-15,-1,-14,-1,-14,-2,-14,-2,-14,-3,-13,-3,-14,-4,-14,-4,-13,-4,-14,-4,-14,-4,-14,-3,-15,-3,-14,-2,-14,-2,-14,-1,-14,-1,-14,0,-13,1,-13,0,0,0,0,0,0,0,0,0,0,0,0,0,0,0,0,0,0,0,0,0,0,0,-11,0,-12,1,-12,2,-13,2,-13,4,-13,4,-13,4,-13,5,-13,5,-12,5,-12,5,-12,5,-12,5,-12,5,-13,4,-12,4,-13,3,-13,3,-14,2,-14,2,-14,2,-14,2,-15,1,-16,1,-15,1,-16]"
2025-08-18 22:57:18.933022,CSI_DATA,785,1a:00:00:00:00:00,-38,11,0,0,0,0,0,0,0,0,0,-92,0,1,0,135561258,0,31,0,128,0,"[0,0,1,-15,1,-15,1,-15,1,-14,0,-14,0,-14,-1,-14,-1,-13,-1,-13,-2,-13,-2,-13,-3,-13,-3,-13,-3,-13,-4,-13,-4,-13,-4,-13,-3,-13,-4,-14,-3,-14,-2,-14,-2,-13,-1,-13,-1,-13,0,-12,1,-12,0,0,0,0,0,0,0,0,0,0,0,0,0,0,0,0,0,0,0,0,0,0,-1,-11,0,-11,1,-12,1,-12,2,-13,3,-12,3,-13,4,-13,4,-13,5,-12,5,-12,5,-12,5,-12,4,-12,4,-12,3,-12,3,-12,3,-13,3,-13,2,-13,2,-13,1,-14,1,-14,1,-15,1,-15,1,-15]"
2025-08-18 22:57:19.187271,CSI_DATA,786,1a:00:00:00:00:00,-38,11,0,0,0,0,0,0,0,0,0,-92,0,1,0,135762389,0,31,0,128,0,"[0,0,-6,14,-5,14,-5,13,-5,14,-4,13,-4,13,-3,13,-3,13,-3,12,-2,12,-1,12,-1,12,-1,12,0,12,0,13,0,13,0,13,0,13,0,13,-1,13,-2,13,-2,13,-3,13,-3,12,-3,11,-4,11,0,0,0,0,0,0,0,0,0,0,0,0,0,0,0,0,0,0,0,0,0,0,-3,10,-4,10,-4,11,-5,10,-6,11,-7,11,-7,11,-8,10,-8,10,-8,10,-9,10,-9,10,-8,10,-8,10,-7,10,-7,10,-7,10,-6,11,-6,11,-6,12,-6,12,-5,12,-6,13,-5,13,-5,14,-5,14]"
2025-08-18 22:57:19.192507,CSI_DATA,787,1a:00:00:00:00:00,-38,11,0,0,0,0,0,0,0,0,0,-92,0,1,0,135823145,0,42,0,128,0,"[0,0,9,11,9,10,9,10,9,10,9,9,9,9,9,8,9,8,9,7,10,7,10,6,10,6,10,6,10,6,11,6,11,5,11,6,11,6,11,6,11,7,10,7,10,7,9,8,8,8,8,8,7,8,0,0,0,0,0,0,0,0,0,0,0,0,0,0,0,0,0,0,0,0,0,0,8,6,8,7,7,7,7,8,7,9,7,9,6,10,6,10,6,11,6,11,5,11,5,11,5,11,5,10,5,10,6,10,6,10,7,10,7,10,8,10,8,10,8,10,9,10,9,10,9,10,10,10]"
2025-08-18 22:57:19.264936,CSI_DATA,788,1a:00:00:00:00:00,-38,11,0,0,0,0,0,0,0,0,0,-92,0,1,0,135892207,0,31,0,128,0,"[0,0,0,-15,0,-15,0,-15,0,-15,-1,-15,-1,-14,-2,-14,-2,-14,-2,-13,-3,-13,-3,-13,-4,-13,-4,-13,-4,-13,-5,-13,-5,-13,-5,-14,-5,-13,-4,-14,-4,-14,-3,-13,-3,-13,-2,-13,-2,-13,-1,-12,0,-12,0,0,0,0,0,0,0,0,0,0,0,0,0,0,0,0,0,0,0,0,0,0,-1,-11,0,-11,0,-12,1,-12,1,-13,2,-13,3,-13,3,-13,4,-13,4,-13,4,-12,4,-12,4,-12,4,-12,3,-12,3,-12,2,-12,2,-13,2,-13,1,-14,1,-14,1,-14,1,-15,0,-15,0,-15,0,-15]"
2025-08-18 22:57:19.477428,CSI_DATA,789,1a:00:00:00:00:00,-38,11,0,0,0,0,0,0,0,0,0,-92,0,1,0,136097008,0,31,0,128,0,"[0,0,0,-15,0,-15,0,-15,0,-15,0,-15,-1,-14,-1,-14,-2,-13,-2,-13,-2,-13,-3,-13,-3,-13,-3,-13,-4,-13,-4,-13,-4,-13,-4,-13,-4,-14,-4,-13,-3,-14,-3,-13,-3,-13,-2,-13,-1,-13,0,-12,0,-12,0,0,0,0,0,0,0,0,0,0,0,0,0,0,0,0,0,0,0,0,0,0,-1,-11,-1,-11,0,-12,1,-12,1,-12,2,-13,3,-13,3,-13,3,-13,4,-12,4,-12,4,-12,4,-12,4,-12,3,-12,3,-12,3,-12,2,-13,2,-13,1,-13,1,-14,0,-14,1,-14,0,-15,1,-15,1,-15]"
2025-08-18 22:57:19.656169,CSI_DATA,790,1a:00:00:00:00:00,-38,11,0,0,0,0,0,0,0,0,0,-92,0,1,0,136292271,0,31,0,128,0,"[0,0,7,13,7,12,7,12,7,12,7,12,7,11,7,11,8,11,8,10,8,9,8,9,9,9,9,9,9,9,10,8,10,8,10,9,10,9,10,9,9,10,9,10,8,10,7,10,6,10,6,10,5,10,0,0,0,0,0,0,0,0,0,0,0,0,0,0,0,0,0,0,0,0,0,0,6,8,6,9,6,9,6,10,5,10,5,12,4,12,4,12,3,12,3,12,2,12,2,12,3,12,3,12,3,12,3,11,4,11,5,11,5,12,6,12,5,12,6,12,7,12,7,13,7,13,8,13]"
2025-08-18 22:57:20.058487,CSI_DATA,791,1a:00:00:00:00:00,-38,11,0,0,0,0,0,0,0,0,0,-92,0,1,0,136493467,0,31,0,128,0,"[0,0,-5,14,-5,14,-5,14,-5,13,-4,13,-4,13,-3,13,-3,13,-2,12,-2,12,-1,12,-1,12,-1,12,0,13,0,13,0,13,0,13,0,13,0,13,-1,13,-1,13,-2,13,-2,12,-3,12,-3,11,-4,11,0,0,0,0,0,0,0,0,0,0,0,0,0,0,0,0,0,0,0,0,0,0,-3,10,-4,10,-4,10,-5,10,-6,11,-7,11,-7,11,-8,11,-8,10,-8,10,-8,10,-8,10,-8,10,-8,10,-7,10,-7,10,-7,10,-6,11,-6,11,-6,12,-6,12,-5,12,-5,13,-5,13,-5,14,-5,14]"
2025-08-18 22:57:20.063730,CSI_DATA,792,1a:00:00:00:00:00,-38,11,0,0,0,0,0,0,0,0,0,-92,0,1,0,136694688,0,31,0,128,0,"[0,0,11,9,11,9,11,8,11,8,11,8,11,7,11,7,11,6,11,6,11,5,11,5,11,4,11,4,11,4,12,4,12,4,12,4,12,4,12,4,12,5,12,5,11,6,10,6,10,6,9,7,9,7,0,0,0,0,0,0,0,0,0,0,0,0,0,0,0,0,0,0,0,0,0,0,8,5,8,6,8,6,8,7,8,8,8,8,8,9,7,9,7,10,7,10,6,10,6,10,7,10,6,9,7,9,7,9,8,9,8,9,8,8,9,8,10,8,10,8,10,8,11,8,11,9,12,8]"
2025-08-18 22:57:20.267239,CSI_DATA,793,1a:00:00:00:00:00,-38,11,0,0,0,0,0,0,0,0,0,-92,0,1,0,136895819,0,31,0,128,0,"[0,0,-15,1,-15,1,-15,1,-14,1,-14,2,-14,2,-13,2,-13,3,-13,3,-12,3,-12,4,-12,4,-12,4,-12,5,-12,5,-13,5,-12,5,-13,5,-13,5,-13,5,-13,4,-13,3,-13,3,-12,2,-12,1,-12,1,0,0,0,0,0,0,0,0,0,0,0,0,0,0,0,0,0,0,0,0,0,0,-11,2,-11,2,-12,1,-12,0,-12,0,-13,-1,-13,-1,-13,-2,-13,-2,-13,-3,-13,-3,-13,-3,-13,-3,-12,-3,-13,-2,-13,-2,-13,-2,-13,-1,-13,-1,-13,0,-14,0,-14,1,-14,1,-15,1,-15,1,-15,1]"
2025-08-18 22:57:20.470942,CSI_DATA,794,1a:00:00:00:00:00,-38,11,0,0,0,0,0,0,0,0,0,-92,0,1,0,137097108,0,31,0,128,0,"[0,0,-2,-16,-2,-16,-3,-15,-2,-15,-3,-15,-3,-14,-3,-14,-3,-14,-4,-14,-5,-13,-5,-13,-6,-13,-6,-12,-6,-12,-6,-13,-6,-13,-7,-13,-6,-13,-6,-14,-5,-14,-5,-14,-4,-14,-4,-14,-4,-13,-3,-12,-2,-12,0,0,0,0,0,0,0,0,0,0,0,0,0,0,0,0,0,0,0,0,0,0,-3,-11,-2,-11,-2,-12,-1,-12,-1,-13,0,-13,1,-13,1,-13,2,-13,2,-14,2,-13,2,-13,2,-13,1,-13,1,-13,1,-13,1,-13,0,-13,0,-14,-1,-14,-1,-14,-1,-14,-2,-15,-2,-15,-2,-15,-2,-15]"
2025-08-18 22:57:20.674311,CSI_DATA,795,1a:00:00:00:00:00,-38,11,0,0,0,0,0,0,0,0,0,-92,0,1,0,137298303,0,31,0,128,0,"[0,0,-14,7,-14,7,-13,6,-13,7,-13,7,-12,7,-12,7,-11,7,-11,7,-10,8,-10,8,-10,9,-9,9,-9,9,-9,10,-9,9,-10,10,-10,10,-10,10,-10,9,-11,9,-11,8,-11,8,-10,7,-11,6,-11,5,0,0,0,0,0,0,0,0,0,0,0,0,0,0,0,0,0,0,0,0,0,0,-10,5,-10,5,-11,4,-11,4,-12,4,-13,3,-13,3,-13,2,-13,2,-14,2,-13,1,-13,1,-13,1,-13,2,-13,2,-13,2,-13,3,-13,4,-12,4,-13,5,-13,5,-13,5,-14,6,-14,6,-14,6,-14,7]"
2025-08-18 22:57:20.723179,CSI_DATA,796,1a:00:00:00:00:00,-38,11,0,0,0,0,0,0,0,0,0,-92,0,1,0,137358971,0,42,0,128,0,"[0,0,13,6,13,5,13,5,13,5,13,4,12,4,12,4,12,3,12,3,12,2,12,1,12,1,12,0,12,0,12,0,13,0,13,0,13,1,13,1,13,1,13,2,12,2,12,3,11,3,11,3,10,4,0,0,0,0,0,0,0,0,0,0,0,0,0,0,0,0,0,0,0,0,0,0,10,3,10,3,10,4,10,5,10,5,10,6,10,7,10,7,10,8,9,8,9,8,9,8,9,8,9,7,9,7,9,7,10,7,10,6,11,6,11,6,11,6,12,5,12,5,13,5,13,5,13,5]"
2025-08-18 22:57:20.801653,CSI_DATA,797,1a:00:00:00:00:00,-38,11,0,0,0,0,0,0,0,0,0,-92,0,1,0,137428181,0,31,0,128,0,"[0,0,-15,-3,-15,-4,-14,-4,-14,-3,-15,-3,-14,-2,-14,-2,-13,-1,-13,-1,-13,0,-13,0,-13,0,-13,1,-13,1,-13,1,-13,1,-14,1,-14,1,-14,1,-14,0,-14,0,-13,-1,-13,-1,-13,-2,-12,-2,-12,-3,0,0,0,0,0,0,0,0,0,0,0,0,0,0,0,0,0,0,0,0,0,0,-11,-2,-11,-2,-11,-3,-12,-4,-12,-4,-12,-5,-12,-6,-12,-6,-12,-7,-11,-7,-11,-7,-11,-7,-11,-7,-11,-6,-11,-6,-11,-6,-12,-6,-12,-5,-12,-5,-13,-4,-13,-4,-13,-4,-14,-4,-14,-4,-14,-3,-15,-3]"
2025-08-18 22:57:21.004541,CSI_DATA,798,1a:00:00:00:00:00,-38,11,0,0,0,0,0,0,0,0,0,-92,0,1,0,137629627,0,31,0,128,0,"[0,0,-5,-15,-4,-14,-7,-15,-4,-12,-5,-13,-4,-16,-7,-15,-6,-12,-4,-13,-5,-12,-8,-11,-8,-10,-8,-12,-8,-10,-8,-12,-8,-11,-8,-12,-8,-11,-8,-12,-8,-12,-6,-12,-5,-13,-4,-14,-4,-12,-3,-11,-6,-11,0,0,0,0,0,0,0,0,0,0,0,0,0,0,0,0,0,0,0,0,0,0,-6,-9,-5,-10,-5,-11,-5,-11,-4,-12,-4,-12,-3,-13,-2,-13,-2,-13,-2,-13,-1,-13,-1,-13,-1,-12,-2,-12,-2,-12,-2,-12,-2,-12,-3,-12,-4,-12,-3,-13,-3,-13,-4,-13,-4,-13,-5,-13,-5,-14,-5,-14]"
2025-08-18 22:57:21.204326,CSI_DATA,799,1a:00:00:00:00:00,-38,11,0,0,0,0,0,0,0,0,0,-92,0,1,0,137828985,0,31,0,128,0,"[0,0,-13,-8,-13,-8,-13,-7,-13,-7,-13,-7,-12,-7,-13,-6,-13,-5,-13,-5,-13,-4,-13,-4,-13,-4,-13,-3,-13,-3,-14,-3,-13,-3,-14,-3,-14,-3,-14,-4,-14,-4,-13,-5,-13,-5,-12,-5,-12,-6,-11,-6,-11,-6,0,0,0,0,0,0,0,0,0,0,0,0,0,0,0,0,0,0,0,0,0,0,-11,-4,-10,-5,-11,-5,-11,-6,-11,-7,-10,-7,-11,-8,-10,-9,-10,-9,-10,-10,-9,-10,-9,-10,-9,-9,-9,-9,-10,-9,-10,-9,-10,-8,-11,-8,-11,-8,-11,-8,-11,-7,-12,-7,-13,-7,-13,-7,-13,-7,-13,-7]"
2025-08-18 22:57:21.400671,CSI_DATA,800,1a:00:00:00:00:00,-38,11,0,0,0,0,0,0,0,0,0,-92,0,1,0,138029938,0,31,0,128,0,"[0,0,-14,4,-14,4,-14,4,-14,4,-13,5,-13,4,-13,5,-12,5,-12,5,-11,6,-11,6,-11,7,-10,7,-10,7,-11,8,-10,7,-11,8,-11,7,-11,7,-11,7,-11,6,-12,6,-12,5,-11,5,-11,4,-11,3,0,0,0,0,0,0,0,0,0,0,0,0,0,0,0,0,0,0,0,0,0,0,-10,4,-10,3,-11,3,-11,2,-12,2,-12,2,-13,1,-13,1,-13,0,-13,0,-13,0,-13,0,-13,0,-12,0,-12,0,-12,0,-12,1,-13,2,-13,2,-13,2,-13,3,-13,3,-14,4,-14,4,-14,4,-14,4]"
2025-08-18 22:57:21.602767,CSI_DATA,801,1a:00:00:00:00:00,-38,11,0,0,0,0,0,0,0,0,0,-92,0,1,0,138231218,0,31,0,128,0,"[0,0,1,-16,1,-16,1,-15,1,-15,1,-15,0,-14,0,-14,-1,-14,-1,-14,-2,-14,-2,-13,-2,-13,-3,-14,-3,-13,-3,-14,-3,-13,-4,-14,-3,-14,-3,-14,-3,-14,-2,-14,-2,-14,-1,-14,0,-14,0,-12,1,-12,0,0,0,0,0,0,0,0,0,0,0,0,0,0,0,0,0,0,0,0,0,0,0,-12,0,-12,1,-12,2,-12,3,-13,3,-13,4,-13,4,-13,5,-13,5,-13,6,-12,6,-12,6,-12,5,-12,5,-12,4,-12,4,-12,3,-13,3,-13,2,-14,2,-14,2,-15,2,-15,2,-15,2,-15,2,-15]"
2025-08-18 22:57:21.801631,CSI_DATA,802,1a:00:00:00:00:00,-38,11,0,0,0,0,0,0,0,0,0,-92,0,1,0,138432384,0,31,0,128,0,"[0,0,14,-5,14,-5,14,-5,14,-5,13,-6,12,-6,12,-6,12,-6,11,-7,11,-7,11,-7,10,-8,10,-8,10,-8,10,-9,10,-9,11,-9,11,-9,11,-9,11,-8,11,-8,11,-7,11,-6,11,-6,11,-5,11,-4,0,0,0,0,0,0,0,0,0,0,0,0,0,0,0,0,0,0,0,0,0,0,9,-5,10,-4,11,-4,11,-3,12,-3,12,-2,13,-2,13,-1,13,-1,13,0,13,0,12,0,13,0,12,-1,12,-1,12,-1,12,-2,12,-2,12,-3,13,-3,13,-4,13,-4,13,-4,14,-4,14,-5,14,-5]"
2025-08-18 22:57:22.002320,CSI_DATA,803,1a:00:00:00:00:00,-38,11,0,0,0,0,0,0,0,0,0,-92,0,1,0,138633599,0,31,0,128,0,"[0,0,15,-4,14,-4,14,-4,14,-4,13,-4,13,-4,12,-5,12,-5,12,-5,11,-6,11,-6,11,-7,11,-7,11,-7,11,-8,11,-8,11,-7,11,-8,12,-7,12,-7,12,-6,12,-5,12,-5,11,-4,11,-4,11,-3,0,0,0,0,0,0,0,0,0,0,0,0,0,0,0,0,0,0,0,0,0,0,10,-5,10,-4,11,-3,11,-3,12,-3,12,-2,12,-1,13,-1,13,0,12,0,12,0,12,0,12,0,12,0,12,0,12,0,12,-1,12,-2,12,-2,13,-2,13,-3,13,-3,13,-4,14,-4,14,-4,14,-4]"
2025-08-18 22:57:22.206179,CSI_DATA,804,1a:00:00:00:00:00,-38,11,0,0,0,0,0,0,0,0,0,-92,0,1,0,138834704,0,31,0,128,0,"[0,0,3,-15,3,-16,2,-15,2,-15,2,-15,1,-14,1,-14,0,-14,0,-14,-1,-14,-1,-14,-2,-14,-2,-14,-2,-13,-3,-14,-3,-14,-3,-14,-2,-14,-3,-15,-2,-14,-2,-14,-1,-14,0,-14,0,-13,1,-13,1,-12,0,0,0,0,0,0,0,0,0,0,0,0,0,0,0,0,0,0,0,0,0,0,1,-11,2,-11,3,-12,3,-12,4,-12,5,-12,5,-12,6,-12,6,-12,7,-12,7,-11,7,-11,6,-11,6,-11,6,-11,5,-12,5,-12,4,-13,4,-13,4,-13,3,-14,3,-14,3,-15,3,-15,3,-15,3,-15]"
2025-08-18 22:57:22.264167,CSI_DATA,805,1a:00:00:00:00:00,-38,11,0,0,0,0,0,0,0,0,0,-92,0,1,0,138895498,0,42,0,128,0,"[0,0,-9,12,-9,11,-9,12,-8,11,-8,11,-7,11,-7,11,-6,11,-6,11,-5,11,-5,11,-5,11,-4,12,-4,12,-4,11,-4,12,-4,12,-4,12,-4,12,-5,12,-5,12,-6,12,-6,11,-6,10,-7,9,-7,9,0,0,0,0,0,0,0,0,0,0,0,0,0,0,0,0,0,0,0,0,0,0,-5,9,-6,9,-7,9,-8,9,-8,9,-9,9,-9,8,-10,8,-10,8,-10,8,-11,7,-10,7,-10,7,-10,7,-10,8,-9,7,-10,8,-9,8,-9,9,-9,10,-9,10,-9,11,-9,11,-9,11,-9,12,-9,12]"
2025-08-18 22:57:22.333536,CSI_DATA,806,1a:00:00:00:00:00,-39,11,0,0,0,0,0,0,0,0,0,-92,0,1,0,138964168,0,31,0,128,0,"[0,0,-12,9,-11,9,-13,10,-12,8,-8,8,-12,11,-11,8,-11,13,-9,11,-9,9,-7,9,-6,12,-5,11,-6,10,-5,11,-7,11,-8,11,-7,12,-9,11,-8,9,-10,9,-9,11,-9,8,-6,10,-10,10,-8,8,0,0,0,0,0,0,0,0,0,0,0,0,0,0,0,0,0,0,0,0,0,0,-6,9,-7,9,-8,9,-9,9,-9,9,-10,9,-11,8,-11,8,-12,7,-11,7,-12,7,-12,7,-11,7,-11,7,-11,7,-11,7,-11,7,-10,7,-11,8,-11,9,-11,9,-10,10,-10,10,-11,10,-10,11,-11,11]"
2025-08-18 22:57:22.542793,CSI_DATA,807,1a:00:00:00:00:00,-38,11,0,0,0,0,0,0,0,0,0,-92,0,1,0,139169003,0,31,0,128,0,"[0,0,-3,-15,-3,-15,-4,-15,-3,-14,-4,-14,-4,-14,-4,-13,-4,-13,-5,-13,-6,-12,-6,-12,-7,-13,-7,-12,-7,-12,-7,-12,-7,-12,-7,-12,-7,-12,-7,-13,-6,-14,-6,-13,-5,-13,-5,-13,-5,-13,-3,-12,-3,-12,0,0,0,0,0,0,0,0,0,0,0,0,0,0,0,0,0,0,0,0,0,0,-4,-11,-3,-11,-3,-12,-2,-12,-2,-13,-1,-13,0,-13,0,-13,0,-13,1,-13,1,-13,1,-13,1,-13,1,-13,0,-13,0,-13,0,-13,-1,-13,-1,-14,-2,-14,-2,-14,-3,-14,-3,-15,-3,-15,-3,-15,-3,-15]"
2025-08-18 22:57:22.734040,CSI_DATA,808,1a:00:00:00:00:00,-38,11,0,0,0,0,0,0,0,0,0,-92,0,1,0,139364756,0,31,0,128,0,"[0,0,-9,13,-8,12,-9,12,-8,12,-7,12,-7,12,-7,12,-6,12,-6,12,-5,12,-4,12,-4,12,-4,13,-4,13,-4,12,-4,13,-4,13,-4,13,-5,13,-5,13,-5,13,-6,12,-6,11,-6,11,-7,10,-7,10,0,0,0,0,0,0,0,0,0,0,0,0,0,0,0,0,0,0,0,0,0,0,-4,10,-5,10,-6,10,-7,10,-7,10,-9,10,-9,9,-10,9,-10,9,-10,9,-10,9,-10,8,-10,9,-10,9,-10,9,-9,8,-9,9,-8,10,-8,10,-8,10,-9,11,-8,11,-8,11,-8,12,-8,13,-8,13]"
2025-08-18 22:57:22.934582,CSI_DATA,809,1a:00:00:00:00:00,-38,11,0,0,0,0,0,0,0,0,0,-92,0,1,0,139565677,0,31,0,128,0,"[0,0,-5,14,-5,14,-5,13,-4,13,-4,13,-4,13,-3,12,-3,13,-2,12,-2,12,-1,12,-1,12,0,12,0,12,0,13,0,12,0,13,0,13,0,13,-1,13,-1,13,-2,12,-2,12,-3,12,-3,11,-4,11,0,0,0,0,0,0,0,0,0,0,0,0,0,0,0,0,0,0,0,0,0,0,-3,10,-3,10,-4,10,-5,10,-5,10,-6,11,-7,11,-7,10,-7,10,-8,10,-9,10,-8,9,-8,10,-8,10,-7,10,-7,10,-7,10,-6,11,-6,11,-6,11,-5,12,-5,12,-5,13,-5,13,-5,14,-5,13]"
2025-08-18 22:57:23.134757,CSI_DATA,810,1a:00:00:00:00:00,-38,11,0,0,0,0,0,0,0,0,0,-92,0,1,0,139766768,0,31,0,128,0,"[0,0,15,-1,14,-2,13,-2,14,-2,13,-2,13,-2,13,-3,12,-3,12,-4,12,-4,12,-4,11,-5,11,-5,11,-6,12,-6,11,-6,12,-6,12,-5,12,-5,12,-5,12,-4,12,-4,12,-3,12,-2,11,-2,11,-1,0,0,0,0,0,0,0,0,0,0,0,0,0,0,0,0,0,0,0,0,0,0,10,-3,10,-2,11,-2,11,-1,12,0,12,0,12,1,12,1,12,2,12,2,12,2,12,2,12,2,12,2,11,2,12,2,12,1,12,1,12,0,13,0,13,0,13,-1,14,-1,14,-1,14,-2,14,-2]"
2025-08-18 22:57:23.340390,CSI_DATA,811,1a:00:00:00:00:00,-38,11,0,0,0,0,0,0,0,0,0,-92,0,1,0,139967938,0,31,0,128,0,"[0,0,0,-15,0,-15,0,-15,0,-14,0,-15,-1,-14,-1,-14,-1,-14,-2,-13,-3,-13,-3,-13,-4,-13,-4,-13,-4,-13,-4,-13,-5,-13,-4,-13,-4,-14,-4,-14,-3,-14,-3,-14,-2,-14,-2,-13,-1,-13,-1,-12,0,-12,0,0,0,0,0,0,0,0,0,0,0,0,0,0,0,0,0,0,0,0,0,0,-2,-11,-1,-12,0,-12,1,-12,1,-13,2,-13,3,-13,3,-13,4,-13,4,-13,4,-13,4,-12,4,-12,3,-13,3,-12,3,-12,3,-13,2,-13,2,-13,1,-14,1,-14,1,-14,0,-14,0,-15,0,-15,0,-15]"
2025-08-18 22:57:23.541355,CSI_DATA,812,1a:00:00:00:00:00,-38,11,0,0,0,0,0,0,0,0,0,-92,0,1,0,140169061,0,31,0,128,0,"[0,0,-16,1,-15,0,-16,1,-15,1,-15,1,-14,1,-14,2,-14,2,-14,3,-13,3,-13,3,-13,4,-13,4,-13,5,-13,5,-13,5,-13,5,-14,5,-14,5,-14,4,-14,4,-14,3,-13,3,-13,2,-13,1,-13,1,0,0,0,0,0,0,0,0,0,0,0,0,0,0,0,0,0,0,0,0,0,0,-11,1,-12,0,-12,0,-13,-1,-13,-1,-13,-2,-14,-3,-13,-3,-13,-4,-13,-4,-13,-4,-13,-4,-13,-4,-13,-3,-13,-3,-13,-3,-13,-2,-13,-2,-14,-1,-14,-1,-14,-1,-15,0,-15,0,-15,0,-15,1,-16,1]"
2025-08-18 22:57:23.741969,CSI_DATA,813,1a:00:00:00:00:00,-38,11,0,0,0,0,0,0,0,0,0,-92,0,1,0,140370219,0,31,0,128,0,"[0,0,-16,1,-16,1,-15,1,-15,2,-15,2,-15,2,-14,2,-14,3,-14,3,-13,4,-13,4,-13,5,-13,5,-12,5,-13,6,-13,5,-13,6,-13,5,-14,5,-14,5,-14,4,-14,3,-14,3,-13,3,-13,2,-13,1,0,0,0,0,0,0,0,0,0,0,0,0,0,0,0,0,0,0,0,0,0,0,-11,2,-11,1,-12,1,-12,0,-13,0,-13,-1,-14,-2,-14,-2,-14,-3,-14,-3,-13,-3,-14,-3,-13,-3,-13,-2,-13,-2,-13,-2,-13,-2,-14,-1,-14,-1,-14,0,-14,0,-15,0,-15,1,-15,1,-16,2,-15,1]"
2025-08-18 22:57:23.801647,CSI_DATA,814,1a:00:00:00:00:00,-38,11,0,0,0,0,0,0,0,0,0,-92,0,1,0,140431112,0,42,0,128,0,"[0,0,4,-15,3,-15,3,-15,3,-14,3,-15,2,-14,2,-14,1,-14,1,-14,0,-13,0,-13,-1,-13,-1,-14,-1,-14,-1,-13,-1,-14,-1,-14,-1,-14,0,-15,0,-14,1,-14,1,-14,1,-13,2,-13,2,-12,3,-12,0,0,0,0,0,0,0,0,0,0,0,0,0,0,0,0,0,0,0,0,0,0,0,-11,1,-12,2,-12,3,-12,3,-12,4,-12,5,-12,5,-12,6,-12,6,-12,6,-12,6,-11,6,-12,5,-11,5,-11,5,-11,5,-12,4,-12,4,-13,4,-13,4,-13,4,-14,3,-14,3,-15,3,-15,3,-15]"
2025-08-18 22:57:23.866475,CSI_DATA,815,1a:00:00:00:00:00,-38,11,0,0,0,0,0,0,0,0,0,-92,0,1,0,140503425,0,31,0,128,0,"[0,0,13,6,12,6,12,6,12,5,12,5,12,5,12,4,12,4,12,3,12,3,12,2,12,2,12,1,12,1,13,1,13,1,13,1,13,1,13,2,13,2,13,2,12,3,12,3,11,4,10,4,10,5,0,0,0,0,0,0,0,0,0,0,0,0,0,0,0,0,0,0,0,0,0,0,9,3,9,4,9,5,9,5,10,6,10,7,9,7,9,8,9,8,9,8,9,8,8,8,9,8,9,8,9,8,9,7,9,7,10,6,10,6,11,6,11,6,11,6,12,6,12,6,12,6,13,6]"
2025-08-18 22:57:24.076574,CSI_DATA,816,1a:00:00:00:00:00,-38,11,0,0,0,0,0,0,0,0,0,-92,0,1,0,140706962,0,31,0,128,0,"[0,0,9,-12,9,-12,9,-12,8,-12,8,-12,8,-12,7,-12,7,-12,6,-12,6,-12,5,-12,5,-12,4,-13,4,-13,4,-13,4,-13,4,-13,4,-13,5,-13,5,-13,5,-13,6,-12,6,-12,7,-11,7,-10,7,-10,0,0,0,0,0,0,0,0,0,0,0,0,0,0,0,0,0,0,0,0,0,0,5,-10,6,-10,7,-10,8,-10,8,-9,9,-9,10,-9,10,-8,10,-8,10,-8,11,-7,10,-7,11,-7,10,-7,10,-8,10,-8,9,-8,9,-9,9,-10,9,-10,9,-10,9,-11,9,-11,9,-12,9,-12,9,-12]"
2025-08-18 22:57:24.281502,CSI_DATA,817,1a:00:00:00:00:00,-38,11,0,0,0,0,0,0,0,0,0,-92,0,1,0,140906382,0,31,0,128,0,"[0,0,13,-7,13,-7,12,-7,12,-7,12,-8,11,-7,11,-7,10,-8,10,-8,9,-9,9,-9,8,-10,8,-10,8,-10,8,-10,8,-10,8,-10,9,-10,10,-10,9,-10,10,-9,10,-9,9,-8,9,-8,10,-7,10,-6,0,0,0,0,0,0,0,0,0,0,0,0,0,0,0,0,0,0,0,0,0,0,8,-6,9,-6,10,-5,10,-5,11,-5,12,-4,12,-3,12,-3,12,-2,12,-2,12,-2,12,-2,12,-2,12,-3,12,-3,12,-3,12,-3,11,-4,12,-5,12,-5,12,-5,12,-6,12,-6,12,-7,13,-7,13,-7]"
2025-08-18 22:57:24.472221,CSI_DATA,818,1a:00:00:00:00:00,-38,11,0,0,0,0,0,0,0,0,0,-92,0,1,0,141107097,0,31,0,128,0,"[0,0,14,4,14,4,13,4,14,3,13,3,13,3,13,2,13,2,12,1,12,1,12,0,12,-1,12,-1,13,-1,13,-1,13,-1,13,-1,13,-1,14,0,13,1,13,1,13,2,12,2,12,2,11,3,11,3,0,0,0,0,0,0,0,0,0,0,0,0,0,0,0,0,0,0,0,0,0,0,10,0,10,1,11,2,11,3,11,3,11,4,11,5,11,6,11,6,11,6,10,6,10,6,11,6,11,6,10,6,10,5,11,5,11,4,11,4,12,4,12,4,12,4,13,3,14,3,14,3,14,3]"
2025-08-18 22:57:24.679514,CSI_DATA,819,1a:00:00:00:00:00,-38,11,0,0,0,0,0,0,0,0,0,-92,0,1,0,141308020,0,31,0,128,0,"[0,0,-16,1,-15,1,-15,1,-15,1,-14,1,-14,2,-14,2,-13,2,-13,3,-13,3,-13,3,-12,4,-12,4,-12,4,-13,5,-13,5,-13,5,-13,5,-13,4,-13,4,-13,3,-13,3,-13,2,-13,2,-12,1,-12,0,0,0,0,0,0,0,0,0,0,0,0,0,0,0,0,0,0,0,0,0,0,0,-11,2,-11,1,-12,0,-12,0,-13,-1,-13,-1,-13,-2,-13,-2,-13,-3,-13,-3,-13,-3,-13,-3,-13,-3,-13,-3,-12,-3,-13,-3,-13,-2,-13,-1,-13,-1,-13,-1,-14,0,-14,0,-15,0,-15,1,-15,1,-15,1]"
2025-08-18 22:57:24.873162,CSI_DATA,820,1a:00:00:00:00:00,-38,11,0,0,0,0,0,0,0,0,0,-92,0,1,0,141509439,0,31,0,128,0,"[0,0,13,7,13,7,13,7,12,6,13,6,12,6,12,5,12,4,12,4,12,3,12,3,12,2,12,2,13,2,13,2,13,2,13,2,13,2,14,3,13,3,13,3,12,4,12,4,11,5,11,5,10,6,0,0,0,0,0,0,0,0,0,0,0,0,0,0,0,0,0,0,0,0,0,0,10,3,10,4,10,5,10,6,10,6,10,7,10,8,9,8,9,8,9,9,9,9,8,9,9,9,9,8,9,8,9,8,9,8,10,7,10,7,11,7,11,7,11,7,12,7,13,7,13,7,13,7]"
2025-08-18 22:57:25.085863,CSI_DATA,821,1a:00:00:00:00:00,-38,11,0,0,0,0,0,0,0,0,0,-92,0,1,0,141710581,0,31,0,128,0,"[0,0,-13,-9,-12,-9,-13,-9,-12,-8,-13,-8,-12,-8,-12,-7,-12,-7,-12,-6,-12,-5,-12,-5,-12,-5,-13,-4,-13,-5,-13,-4,-13,-4,-13,-4,-14,-5,-14,-5,-13,-5,-13,-6,-12,-6,-12,-6,-11,-7,-11,-7,-10,-8,0,0,0,0,0,0,0,0,0,0,0,0,0,0,0,0,0,0,0,0,0,0,-10,-5,-10,-6,-10,-7,-10,-8,-10,-8,-10,-9,-10,-10,-9,-10,-9,-10,-9,-10,-8,-11,-8,-11,-8,-10,-8,-10,-9,-10,-9,-9,-9,-10,-10,-9,-10,-9,-11,-9,-11,-9,-11,-9,-12,-8,-12,-9,-12,-9,-13,-9]"
2025-08-18 22:57:25.286631,CSI_DATA,822,1a:00:00:00:00:00,-38,11,0,0,0,0,0,0,0,0,0,-92,0,1,0,141911629,0,31,0,128,0,"[0,0,-14,-7,-14,-7,-14,-7,-14,-7,-14,-6,-13,-6,-13,-5,-13,-5,-13,-4,-13,-4,-13,-3,-13,-3,-14,-2,-14,-2,-14,-2,-14,-2,-14,-2,-15,-2,-15,-3,-14,-3,-14,-4,-14,-4,-13,-5,-13,-5,-12,-5,-11,-6,0,0,0,0,0,0,0,0,0,0,0,0,0,0,0,0,0,0,0,0,0,0,-11,-4,-11,-5,-11,-6,-11,-6,-11,-7,-11,-8,-11,-8,-11,-9,-10,-9,-10,-9,-10,-10,-10,-9,-10,-9,-10,-9,-10,-9,-10,-8,-11,-8,-11,-8,-11,-8,-12,-7,-12,-7,-13,-7,-13,-7,-14,-7,-14,-7,-14,-7]"
2025-08-18 22:57:25.341510,CSI_DATA,823,1a:00:00:00:00:00,-38,11,0,0,0,0,0,0,0,0,0,-92,0,1,0,141973148,0,42,0,128,0,"[0,0,-3,15,-3,14,-3,14,-3,14,-2,14,-2,14,-1,13,-1,13,-1,13,0,12,1,12,1,12,2,12,2,13,2,13,2,13,2,13,2,13,1,14,1,13,1,13,0,13,-1,13,-1,13,-2,12,-2,12,0,0,0,0,0,0,0,0,0,0,0,0,0,0,0,0,0,0,0,0,0,0,-1,10,-2,11,-2,11,-4,11,-4,11,-5,12,-5,12,-6,12,-6,11,-6,11,-7,11,-6,11,-6,11,-6,11,-6,11,-6,11,-5,11,-4,11,-4,12,-4,13,-4,13,-3,13,-3,14,-3,14,-3,14,-2,15]"
2025-08-18 22:57:25.405366,CSI_DATA,824,1a:00:00:00:00:00,-38,11,0,0,0,0,0,0,0,0,0,-92,0,1,0,142036181,0,31,0,128,0,"[0,0,8,-13,7,-13,7,-13,7,-13,7,-13,6,-13,6,-13,5,-13,4,-12,4,-13,3,-13,3,-13,3,-13,2,-13,2,-13,2,-14,2,-14,3,-14,3,-14,3,-14,4,-13,4,-13,4,-12,5,-12,5,-11,6,-11,0,0,0,0,0,0,0,0,0,0,0,0,0,0,0,0,0,0,0,0,0,0,4,-10,5,-10,6,-10,7,-10,7,-10,8,-10,9,-9,9,-9,9,-9,10,-9,10,-8,10,-8,9,-8,9,-9,9,-9,8,-9,8,-9,8,-10,8,-11,8,-11,7,-11,7,-12,7,-12,7,-13,7,-13,8,-13]"
2025-08-18 22:57:25.445378,CSI_DATA,825,1a:00:00:00:00:00,-38,11,0,0,0,0,0,0,0,0,0,-92,0,1,0,142071153,0,28,0,128,0,"[0,0,3,-15,3,-15,3,-15,3,-14,2,-15,2,-14,2,-14,1,-14,1,-13,0,-13,0,-13,-1,-13,-1,-13,-2,-14,-1,-13,-1,-14,-2,-14,-1,-14,-1,-14,0,-14,0,-14,1,-14,1,-13,2,-13,2,-12,3,-12,0,0,0,0,0,0,0,0,0,0,0,0,0,0,0,0,0,0,0,0,0,0,0,-11,1,-12,2,-12,3,-12,3,-12,4,-12,5,-12,5,-12,6,-12,6,-11,6,-12,6,-11,6,-11,6,-11,5,-12,5,-11,5,-12,4,-12,4,-13,4,-13,3,-13,3,-14,3,-14,3,-15,3,-15,3,-15]"
2025-08-18 22:57:25.811872,CSI_DATA,826,1a:00:00:00:00:00,-38,11,0,0,0,0,0,0,0,0,0,-92,0,1,0,142237589,0,31,0,128,0,"[0,0,-11,8,-11,8,-12,7,-12,7,-9,7,-12,10,-12,8,-8,11,-8,8,-8,10,-9,11,-8,8,-8,10,-7,11,-7,11,-7,11,-7,10,-7,11,-9,11,-9,9,-10,10,-8,10,-10,9,-9,6,-7,7,-11,7,0,0,0,0,0,0,0,0,0,0,0,0,0,0,0,0,0,0,0,0,0,0,-9,6,-9,6,-10,5,-11,5,-11,5,-12,4,-12,4,-13,3,-12,3,-13,3,-13,3,-12,3,-12,3,-12,3,-12,3,-12,4,-12,5,-11,5,-12,5,-11,6,-12,6,-12,6,-12,7,-11,9,-11,8,-12,8]"
2025-08-18 22:57:25.817164,CSI_DATA,827,1a:00:00:00:00:00,-38,11,0,0,0,0,0,0,0,0,0,-92,0,1,0,142437171,0,31,0,128,0,"[0,0,14,4,14,3,13,3,14,3,14,3,13,2,13,2,13,2,12,1,13,0,13,0,12,-1,12,-1,12,-1,13,-2,13,-2,13,-1,13,-1,14,-1,14,0,13,0,13,1,13,2,12,2,11,2,11,3,0,0,0,0,0,0,0,0,0,0,0,0,0,0,0,0,0,0,0,0,0,0,10,0,11,1,11,2,11,3,12,3,12,4,12,5,11,6,11,6,11,6,11,6,11,6,11,6,11,6,11,6,11,5,11,5,12,4,12,4,12,4,13,4,13,3,13,4,14,4,14,3,14,3]"
2025-08-18 22:57:26.006236,CSI_DATA,828,1a:00:00:00:00:00,-38,11,0,0,0,0,0,0,0,0,0,-92,0,1,0,142637973,0,31,0,128,0,"[0,0,-2,15,-2,14,-2,14,-1,14,-1,14,-1,13,0,13,0,13,1,12,1,12,2,12,2,12,3,12,3,12,3,12,3,12,3,13,3,12,3,13,2,13,2,13,1,13,1,13,0,12,-1,12,-1,11,0,0,0,0,0,0,0,0,0,0,0,0,0,0,0,0,0,0,0,0,0,0,0,10,0,11,-1,11,-2,11,-3,12,-3,12,-4,12,-4,12,-5,12,-5,12,-5,11,-6,11,-5,11,-5,11,-5,11,-5,11,-4,12,-3,12,-3,12,-3,13,-3,13,-2,13,-2,14,-2,14,-2,14,-1,14]"
2025-08-18 22:57:26.204588,CSI_DATA,829,1a:00:00:00:00:00,-38,11,0,0,0,0,0,0,0,0,0,-92,0,1,0,142839289,0,31,0,128,0,"[0,0,4,14,4,14,4,14,4,14,4,13,4,13,4,12,5,12,5,12,6,11,6,11,7,11,7,11,7,11,7,10,7,10,7,11,7,11,7,11,6,12,6,12,5,12,4,12,4,12,3,11,2,12,0,0,0,0,0,0,0,0,0,0,0,0,0,0,0,0,0,0,0,0,0,0,5,9,4,10,3,11,3,11,3,12,2,12,1,13,1,13,0,13,0,13,0,13,-1,13,0,13,0,12,0,12,0,12,1,12,1,12,2,12,2,13,3,13,3,13,4,13,4,14,4,14,4,14]"
2025-08-18 22:57:26.408878,CSI_DATA,830,1a:00:00:00:00:00,-38,11,0,0,0,0,0,0,0,0,0,-92,0,1,0,143040345,0,31,0,128,0,"[0,0,14,-3,13,-3,14,-3,13,-3,13,-3,13,-3,12,-4,12,-4,11,-4,11,-5,11,-6,11,-6,11,-7,11,-7,11,-7,11,-7,11,-7,11,-7,12,-6,12,-6,12,-5,12,-5,11,-4,11,-4,11,-3,11,-2,0,0,0,0,0,0,0,0,0,0,0,0,0,0,0,0,0,0,0,0,0,0,9,-4,10,-3,10,-2,11,-2,11,-1,12,-1,12,0,12,0,12,1,12,1,12,1,12,1,12,1,12,0,12,0,11,0,12,0,12,-1,12,-1,12,-1,12,-2,13,-2,13,-3,13,-3,14,-3,14,-3]"
2025-08-18 22:57:26.616868,CSI_DATA,831,1a:00:00:00:00:00,-38,11,0,0,0,0,0,0,0,0,0,-92,0,1,0,143241511,0,31,0,128,0,"[0,0,-14,-6,-14,-6,-14,-6,-14,-6,-14,-5,-13,-5,-13,-5,-13,-4,-13,-3,-13,-3,-13,-2,-13,-2,-13,-1,-13,-1,-13,-1,-14,-1,-14,-1,-14,-1,-14,-2,-14,-2,-14,-2,-13,-3,-13,-3,-12,-3,-12,-4,-12,-5,0,0,0,0,0,0,0,0,0,0,0,0,0,0,0,0,0,0,0,0,0,0,-11,-4,-11,-5,-11,-5,-11,-6,-11,-7,-11,-8,-11,-8,-10,-9,-10,-9,-10,-9,-10,-9,-10,-9,-10,-9,-10,-9,-10,-8,-10,-8,-11,-8,-11,-7,-12,-7,-12,-7,-12,-7,-13,-7,-13,-6,-14,-6,-14,-6,-14,-6]"
2025-08-18 22:57:26.817242,CSI_DATA,832,1a:00:00:00:00:00,-38,11,0,0,0,0,0,0,0,0,0,-92,0,1,0,143442661,0,31,0,128,0,"[0,0,-15,-4,-15,-4,-14,-4,-14,-4,-14,-3,-14,-3,-14,-3,-14,-2,-13,-2,-13,-1,-13,-1,-13,0,-13,0,-13,0,-14,0,-14,1,-14,0,-14,0,-14,0,-14,0,-14,-1,-14,-1,-13,-2,-13,-3,-12,-3,-12,-4,0,0,0,0,0,0,0,0,0,0,0,0,0,0,0,0,0,0,0,0,0,0,-11,-2,-11,-2,-12,-3,-12,-4,-12,-4,-12,-5,-12,-6,-12,-6,-12,-7,-11,-7,-11,-7,-11,-7,-11,-7,-11,-7,-11,-6,-11,-6,-12,-6,-12,-5,-12,-5,-13,-5,-13,-4,-14,-4,-14,-4,-14,-4,-15,-4,-15,-4]"
2025-08-18 22:57:26.871964,CSI_DATA,833,1a:00:00:00:00:00,-38,11,0,0,0,0,0,0,0,0,0,-92,0,1,0,143503480,0,42,0,128,0,"[0,0,15,-1,14,-2,14,-1,14,-2,14,-2,13,-2,13,-3,13,-3,12,-3,12,-4,12,-4,12,-5,12,-5,11,-5,12,-6,12,-5,13,-5,12,-5,13,-5,13,-5,13,-4,13,-3,12,-2,12,-2,12,-1,12,0,0,0,0,0,0,0,0,0,0,0,0,0,0,0,0,0,0,0,0,0,0,0,10,-3,10,-2,11,-2,11,-1,12,-1,12,0,13,1,12,1,12,2,12,2,12,3,12,3,12,3,12,2,12,2,12,2,12,1,12,0,12,0,13,0,13,0,14,-1,14,-1,14,-1,14,-1,15,-1]"
2025-08-18 22:57:26.939730,CSI_DATA,834,1a:00:00:00:00:00,-38,11,0,0,0,0,0,0,0,0,0,-92,0,1,0,143575506,0,31,0,128,0,"[0,0,6,13,6,13,6,12,6,12,6,12,6,11,6,11,7,11,7,10,7,10,7,9,8,9,8,9,9,9,9,9,9,9,9,9,9,9,9,10,8,10,8,10,7,11,6,10,6,10,5,10,4,10,0,0,0,0,0,0,0,0,0,0,0,0,0,0,0,0,0,0,0,0,0,0,6,8,5,9,5,10,5,10,4,11,4,11,3,12,3,12,2,12,2,12,2,12,2,12,2,12,2,12,2,12,2,11,3,11,3,12,4,11,5,12,5,12,5,12,6,12,6,12,6,13,6,12]"
2025-08-18 22:57:27.346322,CSI_DATA,835,1a:00:00:00:00:00,-38,11,0,0,0,0,0,0,0,0,0,-92,0,1,0,143778772,0,31,0,128,0,"[0,0,11,-9,10,-10,10,-9,10,-9,10,-10,10,-9,9,-10,9,-10,8,-10,8,-10,7,-10,7,-11,7,-11,7,-11,6,-11,7,-12,7,-12,7,-12,7,-12,7,-11,8,-11,8,-10,8,-10,8,-9,9,-8,9,-7,0,0,0,0,0,0,0,0,0,0,0,0,0,0,0,0,0,0,0,0,0,0,7,-8,8,-8,8,-7,9,-7,9,-7,10,-7,11,-6,11,-6,11,-6,11,-5,11,-5,11,-4,11,-5,11,-5,11,-5,10,-6,10,-6,10,-6,10,-7,10,-8,10,-8,11,-9,10,-9,11,-9,11,-9,11,-9]"
2025-08-18 22:57:27.352564,CSI_DATA,836,1a:00:00:00:00:00,-38,11,0,0,0,0,0,0,0,0,0,-92,0,1,0,143978400,0,31,0,128,0,"[0,0,13,-4,11,-6,12,-6,12,-5,8,-7,12,-6,9,-5,13,-6,11,-7,9,-6,7,-8,10,-8,9,-9,8,-9,9,-9,8,-9,8,-9,9,-8,8,-9,11,-9,10,-9,9,-7,11,-7,8,-3,8,-7,8,-3,0,0,0,0,0,0,0,0,0,0,0,0,0,0,0,0,0,0,0,0,0,0,7,-7,8,-6,8,-6,9,-6,10,-5,10,-5,11,-4,11,-4,11,-4,11,-3,11,-3,11,-3,11,-3,11,-3,10,-3,10,-4,10,-4,10,-5,11,-5,10,-5,11,-6,11,-6,11,-6,12,-7,11,-6,12,-7]"
2025-08-18 22:57:27.744783,CSI_DATA,837,1a:00:00:00:00:00,-38,11,0,0,0,0,0,0,0,0,0,-92,0,1,0,144179023,0,31,0,128,0,"[0,0,14,-4,14,-5,14,-4,14,-5,13,-5,13,-5,13,-5,12,-5,12,-6,12,-6,11,-6,11,-7,11,-7,11,-8,11,-8,11,-8,11,-8,12,-8,12,-8,12,-7,12,-6,12,-6,12,-5,12,-4,12,-4,11,-3,0,0,0,0,0,0,0,0,0,0,0,0,0,0,0,0,0,0,0,0,0,0,10,-5,10,-4,11,-4,11,-3,12,-3,12,-2,13,-2,13,-1,13,-1,13,0,13,0,13,0,13,0,13,0,12,0,12,-1,12,-1,12,-2,13,-2,13,-3,13,-3,13,-4,14,-4,14,-4,14,-4,14,-4]"
2025-08-18 22:57:27.750028,CSI_DATA,838,1a:00:00:00:00:00,-38,11,0,0,0,0,0,0,0,0,0,-92,0,1,0,144380171,0,31,0,128,0,"[0,0,4,13,5,13,5,13,5,13,5,12,5,12,5,12,6,11,6,11,7,11,7,10,7,10,7,10,7,9,8,10,8,10,8,10,8,10,8,11,7,11,7,11,6,11,5,11,5,11,4,11,3,11,0,0,0,0,0,0,0,0,0,0,0,0,0,0,0,0,0,0,0,0,0,0,5,9,5,9,4,10,4,10,3,11,2,12,2,12,2,12,1,12,1,12,1,12,0,12,1,12,1,12,1,11,1,12,2,12,2,12,3,12,3,12,3,12,4,13,5,13,5,13,5,13,5,13]"
2025-08-18 22:57:27.950134,CSI_DATA,839,1a:00:00:00:00:00,-38,11,0,0,0,0,0,0,0,0,0,-92,0,1,0,144581406,0,31,0,128,0,"[0,0,15,-3,14,-4,14,-3,14,-3,14,-4,13,-4,13,-4,12,-5,12,-5,12,-6,11,-6,11,-6,11,-7,11,-7,11,-7,11,-7,12,-7,12,-7,12,-7,12,-6,12,-6,12,-5,12,-4,12,-4,12,-3,12,-2,0,0,0,0,0,0,0,0,0,0,0,0,0,0,0,0,0,0,0,0,0,0,10,-5,10,-4,11,-3,11,-3,12,-2,12,-2,13,-1,13,0,13,0,13,0,13,1,12,1,12,0,12,0,12,0,12,0,12,-1,12,-1,13,-2,13,-2,13,-2,14,-3,14,-3,14,-3,14,-3,14,-3]"
2025-08-18 22:57:28.148360,CSI_DATA,840,1a:00:00:00:00:00,-38,11,0,0,0,0,0,0,0,0,0,-92,0,1,0,144782538,0,31,0,128,0,"[0,0,1,15,2,14,2,14,2,14,2,14,2,13,3,13,3,13,3,12,4,12,4,11,5,11,5,11,5,11,6,11,6,11,6,12,5,12,5,12,5,12,4,12,4,12,3,12,2,12,1,12,1,11,0,0,0,0,0,0,0,0,0,0,0,0,0,0,0,0,0,0,0,0,0,0,3,10,2,11,1,11,0,12,0,12,-1,12,-1,13,-2,13,-2,13,-3,12,-3,13,-3,12,-3,12,-2,12,-2,12,-2,12,-1,12,-1,12,0,13,0,13,1,13,1,13,1,14,1,14,1,14,2,15]"
2025-08-18 22:57:28.352586,CSI_DATA,841,1a:00:00:00:00:00,-38,11,0,0,0,0,0,0,0,0,0,-92,0,1,0,144983849,0,31,0,128,0,"[0,0,8,-13,7,-13,7,-13,7,-12,7,-13,6,-12,6,-12,5,-12,5,-12,4,-12,4,-12,3,-13,3,-13,3,-13,3,-13,3,-13,3,-13,3,-14,4,-14,4,-13,4,-13,5,-13,5,-12,5,-11,6,-11,6,-10,0,0,0,0,0,0,0,0,0,0,0,0,0,0,0,0,0,0,0,0,0,0,4,-10,5,-10,5,-10,6,-10,7,-10,8,-10,8,-10,9,-10,9,-9,9,-9,9,-9,9,-9,9,-9,9,-9,9,-9,8,-9,8,-9,8,-10,8,-10,8,-11,7,-11,8,-12,7,-12,7,-13,7,-13,7,-13]"
2025-08-18 22:57:28.415529,CSI_DATA,842,1a:00:00:00:00:00,-38,11,0,0,0,0,0,0,0,0,0,-92,0,1,0,145044623,0,42,0,128,0,"[0,0,-15,3,-15,3,-14,3,-14,3,-14,3,-13,4,-13,4,-13,4,-12,5,-12,5,-12,5,-11,6,-11,6,-11,7,-11,7,-11,7,-12,7,-12,7,-12,7,-12,6,-12,6,-12,5,-12,5,-12,4,-12,3,-12,2,0,0,0,0,0,0,0,0,0,0,0,0,0,0,0,0,0,0,0,0,0,0,-11,3,-11,3,-12,2,-12,1,-13,1,-13,0,-13,0,-13,0,-13,-1,-14,-2,-13,-2,-13,-2,-13,-2,-13,-1,-13,-1,-13,-1,-13,0,-13,0,-13,1,-14,1,-14,2,-14,2,-14,3,-15,2,-15,3,-15,3]"
2025-08-18 22:57:28.481331,CSI_DATA,843,1a:00:00:00:00:00,-38,11,0,0,0,0,0,0,0,0,0,-92,0,1,0,145108543,0,31,0,128,0,"[0,0,-15,2,-15,3,-15,3,-14,3,-14,3,-14,3,-14,3,-13,3,-13,4,-12,5,-12,5,-12,5,-12,6,-12,6,-12,6,-12,6,-12,6,-13,6,-13,6,-13,5,-13,5,-13,4,-13,4,-13,3,-12,2,-12,2,0,0,0,0,0,0,0,0,0,0,0,0,0,0,0,0,0,0,0,0,0,0,-11,3,-11,3,-12,2,-12,2,-13,1,-13,0,-14,0,-14,-1,-13,-1,-14,-2,-14,-1,-14,-2,-13,-2,-13,-1,-13,-1,-13,-1,-13,0,-13,0,-13,1,-14,1,-14,1,-14,1,-15,2,-15,3,-15,3,-15,2]"
2025-08-18 22:57:28.682058,CSI_DATA,844,1a:00:00:00:00:00,-38,11,0,0,0,0,0,0,0,0,0,-92,0,1,0,145312977,0,31,0,128,0,"[0,0,-3,15,-3,14,-3,14,-2,14,-2,14,-2,13,-1,13,-1,13,-1,13,0,12,1,12,1,12,1,13,2,13,2,13,2,13,2,13,1,13,1,13,1,13,0,13,0,13,-1,13,-1,12,-2,12,-3,11,0,0,0,0,0,0,0,0,0,0,0,0,0,0,0,0,0,0,0,0,0,0,0,11,-1,11,-2,11,-2,12,-3,12,-4,12,-4,12,-5,12,-5,12,-6,12,-6,12,-6,11,-6,11,-5,11,-5,11,-5,11,-4,12,-4,12,-4,12,-3,13,-3,13,-3,14,-3,14,-2,14,-2,15,-2,15]"
2025-08-18 22:57:28.883566,CSI_DATA,845,1a:00:00:00:00:00,-38,11,0,0,0,0,0,0,0,0,0,-92,0,1,0,145514390,0,31,0,128,0,"[0,0,6,15,6,14,6,12,7,14,4,14,7,11,7,14,9,9,6,9,8,11,7,11,8,8,7,9,7,9,8,9,8,9,9,10,8,10,9,11,7,11,6,12,8,11,5,12,6,8,7,11,5,9,0,0,0,0,0,0,0,0,0,0,0,0,0,0,0,0,0,0,0,0,0,0,6,9,5,9,5,10,4,10,4,11,3,12,3,13,2,12,2,13,1,13,1,13,1,13,1,12,2,12,1,12,2,12,2,12,3,12,4,12,4,12,4,12,4,13,5,14,6,13,6,13,6,13]"
2025-08-18 22:57:29.086929,CSI_DATA,846,1a:00:00:00:00:00,-38,11,0,0,0,0,0,0,0,0,0,-92,0,1,0,145712328,0,31,0,128,0,"[0,0,8,-13,7,-13,8,-12,7,-12,7,-13,7,-12,6,-12,5,-12,5,-12,4,-12,4,-12,3,-13,3,-13,3,-13,3,-13,3,-13,3,-13,3,-13,3,-14,4,-13,4,-13,5,-12,5,-12,5,-11,6,-11,6,-10,0,0,0,0,0,0,0,0,0,0,0,0,0,0,0,0,0,0,0,0,0,0,4,-10,5,-10,6,-10,6,-10,7,-10,8,-10,8,-10,9,-9,9,-9,9,-9,9,-8,10,-8,9,-8,9,-9,9,-9,8,-9,9,-9,8,-10,8,-11,8,-11,7,-11,8,-12,7,-12,8,-13,8,-12,8,-13]"
2025-08-18 22:57:29.282396,CSI_DATA,847,1a:00:00:00:00:00,-38,11,0,0,0,0,0,0,0,0,0,-92,0,1,0,145913691,0,31,0,128,0,"[0,0,-11,9,-11,9,-11,9,-11,9,-10,9,-10,9,-9,9,-9,9,-8,9,-8,10,-7,10,-7,10,-7,10,-6,10,-6,11,-6,11,-7,11,-7,11,-7,11,-8,11,-8,10,-8,10,-9,9,-9,8,-9,8,-9,7,0,0,0,0,0,0,0,0,0,0,0,0,0,0,0,0,0,0,0,0,0,0,-7,7,-8,7,-9,7,-9,7,-10,7,-10,6,-11,6,-11,5,-11,5,-12,5,-12,5,-12,4,-11,5,-11,5,-11,5,-11,5,-11,6,-11,6,-11,7,-10,7,-11,8,-11,8,-11,9,-11,9,-11,9,-11,9]"
2025-08-18 22:57:29.487069,CSI_DATA,848,1a:00:00:00:00:00,-38,11,0,0,0,0,0,0,0,0,0,-92,0,1,0,146115739,0,31,0,128,0,"[0,0,2,-16,1,-17,0,-14,2,-13,-1,-14,0,-15,-1,-13,-1,-13,-2,-13,-2,-13,-1,-12,-2,-14,-1,-12,-1,-13,-2,-13,-2,-14,-3,-14,-3,-15,-1,-13,-1,-14,0,-14,1,-13,1,-12,1,-14,2,-11,1,-13,0,0,0,0,0,0,0,0,0,0,0,0,0,0,0,0,0,0,0,0,0,0,-1,-11,0,-12,0,-12,1,-13,2,-13,2,-13,3,-13,4,-13,4,-13,4,-13,4,-12,5,-12,4,-12,4,-12,4,-12,4,-12,3,-13,3,-13,3,-13,2,-13,2,-14,2,-14,1,-15,2,-15,2,-15,2,-16]"
2025-08-18 22:57:29.689103,CSI_DATA,849,1a:00:00:00:00:00,-38,11,0,0,0,0,0,0,0,0,0,-92,0,1,0,146315693,0,31,0,128,0,"[0,0,-2,-15,-3,-15,-3,-15,-3,-14,-3,-15,-3,-14,-3,-14,-4,-13,-4,-13,-5,-12,-6,-12,-6,-12,-6,-12,-7,-12,-7,-11,-7,-12,-7,-12,-7,-12,-6,-13,-6,-13,-5,-13,-5,-13,-5,-12,-4,-12,-3,-12,-3,-12,0,0,0,0,0,0,0,0,0,0,0,0,0,0,0,0,0,0,0,0,0,0,-3,-11,-2,-12,-2,-12,-1,-12,0,-13,0,-13,1,-13,1,-13,2,-13,2,-13,2,-13,2,-13,2,-13,1,-13,1,-13,1,-12,1,-13,0,-13,0,-14,-1,-14,-1,-14,-1,-14,-2,-14,-3,-15,-2,-15,-3,-15]"
2025-08-18 22:57:29.885851,CSI_DATA,850,1a:00:00:00:00:00,-38,11,0,0,0,0,0,0,0,0,0,-92,0,1,0,146516870,0,31,0,128,0,"[0,0,8,-12,7,-12,8,-12,7,-12,7,-12,6,-12,6,-12,6,-12,5,-12,4,-12,4,-12,4,-12,3,-12,3,-13,3,-13,3,-13,3,-13,4,-13,4,-13,4,-13,5,-12,5,-12,5,-11,6,-11,6,-10,6,-10,0,0,0,0,0,0,0,0,0,0,0,0,0,0,0,0,0,0,0,0,0,0,4,-10,5,-10,5,-10,6,-10,6,-10,8,-10,9,-9,9,-9,9,-9,9,-8,9,-9,9,-8,9,-8,9,-9,9,-9,8,-9,8,-9,8,-10,8,-10,8,-10,8,-11,8,-11,7,-12,7,-12,8,-12,8,-13]"
2025-08-18 22:57:29.949907,CSI_DATA,851,1a:00:00:00:00:00,-38,11,0,0,0,0,0,0,0,0,0,-92,0,1,0,146577649,0,42,0,128,0,"[0,0,1,-16,1,-16,1,-16,1,-15,0,-15,0,-15,0,-14,-1,-14,-2,-14,-2,-14,-2,-14,-3,-13,-3,-13,-4,-13,-4,-14,-4,-14,-4,-14,-4,-14,-3,-14,-3,-14,-2,-14,-2,-14,-1,-14,-1,-13,0,-13,1,-12,0,0,0,0,0,0,0,0,0,0,0,0,0,0,0,0,0,0,0,0,0,0,-1,-12,0,-12,1,-12,2,-13,2,-13,3,-13,3,-13,4,-13,4,-13,5,-13,5,-13,5,-13,5,-13,4,-12,4,-13,4,-13,3,-13,3,-13,2,-14,2,-14,2,-14,2,-15,1,-15,1,-15,1,-15,1,-16]"
2025-08-18 22:57:30.012878,CSI_DATA,852,1a:00:00:00:00:00,-38,11,0,0,0,0,0,0,0,0,0,-92,0,1,0,146644139,0,31,0,128,0,"[0,0,-12,9,-12,9,-11,8,-11,9,-11,9,-10,8,-10,9,-9,9,-9,9,-8,9,-8,10,-7,10,-7,10,-7,10,-7,11,-7,10,-7,11,-8,11,-8,10,-8,10,-9,10,-9,9,-9,9,-9,8,-9,7,-9,7,0,0,0,0,0,0,0,0,0,0,0,0,0,0,0,0,0,0,0,0,0,0,-8,7,-8,7,-9,7,-10,6,-10,6,-11,6,-12,5,-12,5,-12,5,-12,4,-12,4,-12,4,-12,4,-12,4,-11,4,-11,5,-11,5,-11,6,-11,6,-11,7,-11,7,-11,7,-11,8,-11,9,-12,9,-12,9]"
2025-08-18 22:57:30.209536,CSI_DATA,853,1a:00:00:00:00:00,-38,11,0,0,0,0,0,0,0,0,0,-92,0,1,0,146845592,0,31,0,128,0,"[0,0,7,13,5,13,5,11,6,11,7,14,4,10,7,10,3,10,5,11,7,9,8,9,6,11,8,10,8,8,9,9,8,8,8,9,8,9,8,10,8,9,6,9,6,11,6,10,8,10,5,12,6,10,0,0,0,0,0,0,0,0,0,0,0,0,0,0,0,0,0,0,0,0,0,0,4,9,3,9,3,10,2,10,2,11,1,11,1,12,1,12,1,12,0,12,-1,12,-1,12,0,12,0,11,0,11,1,11,1,11,2,12,2,12,3,12,4,12,4,12,4,13,4,13,4,13,4,13]"
2025-08-18 22:57:30.409601,CSI_DATA,854,1a:00:00:00:00:00,-38,11,0,0,0,0,0,0,0,0,0,-92,0,1,0,147045791,0,31,0,128,0,"[0,0,9,11,8,10,9,10,9,9,9,9,8,9,8,9,8,8,9,8,9,7,9,7,10,6,10,6,10,6,10,6,10,6,10,6,10,7,10,7,10,8,9,8,9,8,8,8,8,8,7,8,6,9,0,0,0,0,0,0,0,0,0,0,0,0,0,0,0,0,0,0,0,0,0,0,8,6,7,7,7,7,7,8,7,9,6,9,6,10,6,10,5,11,5,11,5,11,5,11,5,11,5,10,5,10,5,10,6,10,6,10,7,10,7,10,7,10,8,10,8,10,9,10,9,11,9,10]"
2025-08-18 22:57:30.628212,CSI_DATA,855,1a:00:00:00:00:00,-38,11,0,0,0,0,0,0,0,0,0,-92,0,1,0,147246517,0,31,0,128,0,"[0,0,15,-4,14,-5,14,-5,14,-5,13,-5,13,-5,12,-6,12,-6,12,-6,11,-7,11,-7,10,-8,11,-8,10,-8,11,-9,10,-9,11,-9,11,-8,11,-8,12,-8,12,-7,12,-7,12,-6,11,-5,11,-5,11,-4,0,0,0,0,0,0,0,0,0,0,0,0,0,0,0,0,0,0,0,0,0,0,10,-5,10,-4,11,-4,11,-3,12,-3,12,-2,13,-1,13,-1,13,-1,13,0,12,0,13,0,12,0,12,0,12,-1,12,-1,12,-2,13,-2,12,-3,13,-3,13,-3,13,-4,14,-4,14,-5,14,-5,14,-5]"
2025-08-18 22:57:30.823600,CSI_DATA,856,1a:00:00:00:00:00,-38,11,0,0,0,0,0,0,0,0,0,-92,0,1,0,147447545,0,31,0,128,0,"[0,0,-11,-11,-12,-11,-11,-10,-11,-10,-11,-9,-11,-9,-11,-9,-11,-8,-12,-7,-12,-7,-12,-6,-12,-6,-12,-6,-13,-5,-13,-5,-13,-5,-13,-5,-13,-5,-13,-6,-13,-6,-13,-7,-12,-7,-12,-7,-11,-8,-10,-8,-10,-8,0,0,0,0,0,0,0,0,0,0,0,0,0,0,0,0,0,0,0,0,0,0,-9,-7,-9,-8,-8,-9,-8,-10,-8,-10,-8,-11,-7,-11,-7,-12,-7,-12,-6,-12,-6,-12,-6,-12,-6,-12,-6,-12,-7,-11,-7,-11,-7,-11,-8,-11,-9,-11,-9,-11,-10,-10,-10,-10,-10,-10,-11,-10,-11,-11,-11,-11]"
2025-08-18 22:57:31.017824,CSI_DATA,857,1a:00:00:00:00:00,-38,11,0,0,0,0,0,0,0,0,0,-92,0,1,0,147648742,0,31,0,128,0,"[0,0,-9,12,-9,12,-8,12,-8,12,-7,11,-7,11,-7,11,-6,11,-5,11,-5,12,-5,11,-4,12,-4,12,-4,12,-3,12,-4,12,-4,13,-4,12,-4,13,-5,13,-5,12,-5,11,-6,11,-6,11,-7,10,-7,9,0,0,0,0,0,0,0,0,0,0,0,0,0,0,0,0,0,0,0,0,0,0,-5,9,-6,9,-7,9,-7,9,-8,9,-8,8,-9,9,-10,8,-10,8,-10,8,-10,7,-10,7,-10,8,-10,8,-9,8,-9,8,-9,8,-9,9,-8,9,-8,10,-8,10,-8,11,-8,11,-8,11,-8,12,-8,12]"
2025-08-18 22:57:31.223723,CSI_DATA,858,1a:00:00:00:00:00,-38,11,0,0,0,0,0,0,0,0,0,-92,0,1,0,147849854,0,31,0,128,0,"[0,0,-15,-2,-15,-2,-15,-2,-14,-2,-14,-2,-14,-1,-14,-1,-13,0,-13,0,-13,1,-13,1,-13,2,-13,2,-13,2,-13,2,-13,3,-14,2,-14,2,-14,2,-14,2,-14,1,-13,1,-13,0,-13,-1,-13,-1,-12,-2,0,0,0,0,0,0,0,0,0,0,0,0,0,0,0,0,0,0,0,0,0,0,-11,0,-11,-1,-12,-2,-12,-2,-12,-3,-13,-4,-12,-5,-12,-5,-12,-5,-12,-6,-12,-6,-12,-6,-12,-6,-12,-6,-12,-5,-12,-5,-12,-4,-12,-4,-13,-4,-13,-3,-13,-3,-14,-3,-14,-3,-15,-2,-15,-2,-15,-2]"
2025-08-18 22:57:31.426161,CSI_DATA,859,1a:00:00:00:00:00,-38,11,0,0,0,0,0,0,0,0,0,-92,0,1,0,148051002,0,31,0,128,0,"[0,0,-11,-10,-11,-10,-11,-10,-11,-10,-11,-9,-11,-9,-11,-9,-11,-8,-11,-8,-11,-7,-11,-6,-12,-6,-12,-6,-12,-5,-12,-5,-12,-6,-13,-6,-12,-6,-13,-6,-12,-7,-12,-7,-11,-7,-11,-7,-10,-7,-10,-8,-9,-8,0,0,0,0,0,0,0,0,0,0,0,0,0,0,0,0,0,0,0,0,0,0,-9,-7,-8,-7,-9,-8,-8,-9,-8,-10,-8,-10,-7,-11,-7,-11,-7,-11,-7,-11,-7,-11,-6,-11,-7,-11,-7,-11,-7,-11,-7,-11,-7,-10,-8,-10,-8,-10,-9,-10,-9,-10,-10,-10,-11,-10,-11,-10,-11,-10,-11,-10]"
2025-08-18 22:57:31.481422,CSI_DATA,860,1a:00:00:00:00:00,-38,11,0,0,0,0,0,0,0,0,0,-92,0,1,0,148111826,0,42,0,128,0,"[0,0,-13,8,-13,8,-12,8,-12,8,-11,8,-11,8,-11,8,-11,8,-10,8,-10,9,-9,9,-9,9,-9,10,-8,10,-9,10,-8,10,-9,10,-9,10,-10,10,-10,10,-10,9,-10,9,-10,8,-10,7,-10,7,-11,6,0,0,0,0,0,0,0,0,0,0,0,0,0,0,0,0,0,0,0,0,0,0,-8,7,-9,7,-10,7,-10,6,-11,6,-11,5,-12,5,-13,4,-13,4,-13,4,-13,3,-12,3,-13,3,-12,4,-12,4,-12,4,-12,5,-12,5,-11,5,-12,6,-12,6,-12,7,-13,8,-12,8,-13,8,-13,8]"
2025-08-18 22:57:31.555048,CSI_DATA,861,1a:00:00:00:00:00,-38,11,0,0,0,0,0,0,0,0,0,-92,0,1,0,148180124,0,31,0,128,0,"[0,0,-5,-15,-5,-14,-5,-15,-5,-13,-6,-14,-5,-13,-5,-13,-6,-12,-6,-12,-7,-11,-7,-11,-8,-11,-8,-11,-9,-11,-8,-10,-8,-11,-8,-11,-9,-11,-8,-12,-8,-12,-7,-12,-6,-12,-6,-11,-6,-12,-5,-11,-5,-11,0,0,0,0,0,0,0,0,0,0,0,0,0,0,0,0,0,0,0,0,0,0,-5,-10,-4,-11,-4,-11,-3,-12,-3,-12,-2,-13,-1,-13,-1,-13,-1,-13,-1,-13,-1,-13,-1,-13,-1,-13,-1,-13,-1,-13,-1,-12,-2,-13,-2,-13,-3,-13,-3,-13,-3,-13,-4,-14,-4,-13,-5,-14,-5,-14,-5,-15]"
2025-08-18 22:57:31.756004,CSI_DATA,862,1a:00:00:00:00:00,-38,11,0,0,0,0,0,0,0,0,0,-92,0,1,0,148381578,0,31,0,128,0,"[0,0,-4,-13,-5,-13,-5,-15,-4,-14,-5,-11,-6,-15,-4,-13,-7,-15,-7,-12,-6,-11,-6,-10,-9,-11,-8,-10,-7,-10,-8,-10,-8,-10,-8,-12,-8,-11,-8,-12,-6,-11,-6,-13,-7,-12,-4,-12,-6,-9,-6,-12,-4,-10,0,0,0,0,0,0,0,0,0,0,0,0,0,0,0,0,0,0,0,0,0,0,-6,-9,-6,-10,-6,-10,-5,-11,-5,-12,-4,-12,-3,-13,-3,-13,-3,-13,-2,-13,-2,-13,-2,-13,-2,-13,-2,-12,-2,-12,-3,-12,-3,-12,-3,-12,-4,-12,-4,-13,-4,-13,-5,-13,-5,-13,-5,-13,-6,-14,-6,-14]"
2025-08-18 22:57:31.945743,CSI_DATA,863,1a:00:00:00:00:00,-39,11,0,0,0,0,0,0,0,0,0,-92,0,1,0,148581663,0,31,0,128,0,"[0,0,11,10,10,9,10,9,11,9,11,8,10,8,10,8,10,7,10,7,11,6,11,5,11,5,11,5,12,5,12,5,12,5,12,5,12,5,12,5,12,6,11,6,10,7,10,7,9,7,9,7,8,8,0,0,0,0,0,0,0,0,0,0,0,0,0,0,0,0,0,0,0,0,0,0,9,5,9,6,9,6,8,7,8,8,8,9,8,10,7,10,7,10,7,10,7,10,6,10,7,10,7,10,7,10,7,9,7,9,8,9,8,9,9,9,9,9,9,9,10,9,11,9,11,9,11,9]"
2025-08-18 22:57:32.157755,CSI_DATA,864,1a:00:00:00:00:00,-38,11,0,0,0,0,0,0,0,0,0,-92,0,1,0,148781882,0,31,0,128,0,"[0,0,-12,-10,-11,-10,-11,-10,-11,-9,-11,-9,-11,-9,-11,-9,-11,-8,-11,-7,-11,-7,-12,-6,-12,-6,-12,-6,-12,-6,-12,-5,-13,-5,-13,-5,-13,-6,-13,-6,-13,-6,-12,-7,-12,-7,-11,-7,-11,-7,-10,-8,-9,-8,0,0,0,0,0,0,0,0,0,0,0,0,0,0,0,0,0,0,0,0,0,0,-9,-6,-9,-7,-9,-8,-9,-9,-9,-9,-8,-10,-8,-11,-8,-11,-7,-11,-7,-11,-7,-11,-7,-11,-7,-11,-7,-11,-7,-11,-7,-10,-8,-10,-8,-10,-9,-10,-9,-10,-10,-10,-10,-10,-11,-10,-11,-10,-11,-10,-12,-10]"
2025-08-18 22:57:32.347093,CSI_DATA,865,1a:00:00:00:00:00,-38,11,0,0,0,0,0,0,0,0,0,-92,0,1,0,148983028,0,31,0,128,0,"[0,0,4,14,4,14,4,14,4,14,4,13,4,13,5,12,5,12,5,12,6,11,6,11,7,10,7,11,7,10,7,11,7,10,8,11,7,11,7,11,7,11,6,12,5,12,5,12,4,12,4,11,3,11,0,0,0,0,0,0,0,0,0,0,0,0,0,0,0,0,0,0,0,0,0,0,5,9,4,10,4,11,3,11,3,12,2,12,1,13,1,13,0,13,0,13,0,13,0,13,0,13,0,13,0,12,0,12,1,13,2,13,2,12,2,13,3,13,3,13,4,14,4,14,4,14,5,14]"
2025-08-18 22:57:32.553195,CSI_DATA,866,1a:00:00:00:00:00,-38,11,0,0,0,0,0,0,0,0,0,-92,0,1,0,149184174,0,31,0,128,0,"[0,0,-8,12,-7,12,-7,12,-7,12,-7,12,-6,12,-6,12,-5,12,-5,12,-4,12,-3,12,-3,12,-3,12,-2,12,-2,12,-2,13,-2,13,-2,13,-3,13,-3,13,-4,12,-4,12,-4,12,-5,11,-5,10,-6,10,0,0,0,0,0,0,0,0,0,0,0,0,0,0,0,0,0,0,0,0,0,0,-5,9,-6,9,-6,9,-7,9,-8,10,-9,9,-9,9,-10,9,-10,8,-10,8,-10,8,-10,8,-10,8,-10,8,-9,8,-9,8,-9,9,-8,9,-8,10,-8,10,-8,11,-8,11,-8,12,-7,12,-7,12,-7,12]"
2025-08-18 22:57:32.753425,CSI_DATA,867,1a:00:00:00:00:00,-39,11,0,0,0,0,0,0,0,0,0,-92,0,1,0,149385341,0,31,0,128,0,"[0,0,14,-1,14,-1,13,-1,13,-1,13,-2,13,-2,12,-2,12,-3,12,-3,12,-3,12,-4,11,-4,11,-4,11,-5,11,-5,11,-5,12,-5,12,-5,12,-5,12,-5,12,-4,12,-4,12,-3,12,-2,11,-1,11,-1,0,0,0,0,0,0,0,0,0,0,0,0,0,0,0,0,0,0,0,0,0,0,10,-2,10,-2,11,-1,11,0,11,0,12,1,12,1,12,2,12,2,12,3,12,3,11,3,11,3,11,3,11,2,11,2,11,2,12,1,12,0,12,0,12,0,13,-1,13,-1,13,0,14,-1,14,-1]"
2025-08-18 22:57:32.951282,CSI_DATA,868,1a:00:00:00:00:00,-38,11,0,0,0,0,0,0,0,0,0,-92,0,1,0,149586693,0,31,0,128,0,"[0,0,7,13,7,13,6,12,7,13,7,12,7,11,7,11,8,11,8,10,8,10,8,9,8,9,9,9,9,8,10,9,9,8,10,9,9,9,10,9,9,9,9,10,8,10,7,10,6,10,6,10,5,10,0,0,0,0,0,0,0,0,0,0,0,0,0,0,0,0,0,0,0,0,0,0,6,9,5,9,5,10,4,10,5,11,4,11,4,12,3,12,3,13,2,13,2,13,2,12,2,12,2,12,2,12,3,12,3,11,4,12,4,11,5,12,5,12,6,12,6,13,6,13,6,13,7,13]"
2025-08-18 22:57:33.084497,CSI_DATA,869,1a:00:00:00:00:00,-38,11,0,0,0,0,0,0,0,0,0,-92,0,1,0,149647421,0,42,0,128,0,"[0,0,-12,9,-12,9,-12,9,-11,9,-11,9,-10,9,-10,9,-9,10,-9,9,-9,10,-8,10,-7,10,-7,11,-7,11,-7,11,-7,11,-7,11,-7,11,-8,11,-8,11,-8,11,-8,10,-9,10,-9,9,-9,8,-9,8,0,0,0,0,0,0,0,0,0,0,0,0,0,0,0,0,0,0,0,0,0,0,-8,7,-9,7,-10,7,-10,7,-11,6,-12,6,-12,6,-12,5,-13,5,-13,5,-13,4,-13,4,-12,4,-12,4,-12,5,-12,5,-12,6,-12,6,-12,7,-11,7,-12,7,-12,8,-12,9,-12,9,-12,9,-12,9]"
2025-08-18 22:57:33.089699,CSI_DATA,870,1a:00:00:00:00:00,-40,11,0,0,0,0,0,0,0,0,0,-92,0,1,0,149716127,0,31,0,128,0,"[0,0,14,-1,14,-2,14,-2,14,-2,13,-2,13,-3,13,-3,13,-3,12,-4,12,-4,12,-4,11,-5,11,-5,11,-6,12,-6,12,-6,12,-6,12,-6,12,-6,12,-5,12,-5,12,-4,12,-4,12,-3,12,-2,12,-2,0,0,0,0,0,0,0,0,0,0,0,0,0,0,0,0,0,0,0,0,0,0,10,-2,10,-2,11,-1,11,0,12,0,12,1,12,1,12,2,12,2,12,3,12,3,12,3,12,3,12,2,11,2,12,2,12,1,12,1,12,0,13,0,13,-1,13,-1,14,-1,14,-1,14,-1,14,-2]"
2025-08-18 22:57:33.287561,CSI_DATA,871,1a:00:00:00:00:00,-38,11,0,0,0,0,0,0,0,0,0,-92,0,1,0,149917572,0,31,0,128,0,"[0,0,12,-7,10,-9,13,-8,12,-7,12,-5,13,-7,10,-9,11,-5,12,-9,10,-9,12,-6,10,-8,9,-9,10,-11,10,-10,10,-10,10,-10,9,-9,10,-9,11,-8,10,-10,10,-8,10,-6,9,-7,9,-7,11,-6,0,0,0,0,0,0,0,0,0,0,0,0,0,0,0,0,0,0,0,0,0,0,8,-8,9,-7,10,-7,10,-6,11,-6,11,-5,12,-5,12,-5,13,-4,13,-4,12,-3,12,-3,12,-3,12,-3,12,-4,12,-4,12,-4,12,-5,12,-5,12,-6,12,-6,13,-7,13,-7,13,-7,13,-8,13,-8]"
2025-08-18 22:57:33.484982,CSI_DATA,872,1a:00:00:00:00:00,-38,11,0,0,0,0,0,0,0,0,0,-92,0,1,0,150116615,0,31,0,128,0,"[0,0,15,-1,14,-1,14,-1,14,-2,13,-2,13,-2,13,-3,13,-3,12,-3,12,-4,12,-5,11,-5,11,-5,11,-6,11,-6,12,-6,12,-6,12,-6,13,-5,12,-5,12,-5,12,-4,12,-3,12,-3,11,-2,11,-2,0,0,0,0,0,0,0,0,0,0,0,0,0,0,0,0,0,0,0,0,0,0,10,-3,10,-2,11,-1,11,-1,12,0,12,1,12,1,12,2,12,2,12,3,12,3,12,3,12,3,12,2,12,2,11,2,12,1,12,1,12,0,13,0,13,0,13,-1,14,-1,14,-1,15,-1,14,-2]"
2025-08-18 22:57:33.689448,CSI_DATA,873,1a:00:00:00:00:00,-38,11,0,0,0,0,0,0,0,0,0,-92,0,1,0,150318069,0,31,0,128,0,"[0,0,2,-15,2,-15,2,-14,2,-15,1,-14,1,-14,1,-14,0,-14,0,-13,-1,-13,-1,-13,-2,-13,-2,-13,-2,-13,-3,-13,-3,-13,-2,-14,-2,-14,-2,-14,-2,-14,-1,-14,-1,-14,0,-13,1,-13,1,-12,2,-12,0,0,0,0,0,0,0,0,0,0,0,0,0,0,0,0,0,0,0,0,0,0,0,-11,1,-11,2,-12,2,-12,3,-12,4,-12,4,-12,5,-12,5,-12,6,-12,6,-12,6,-11,6,-11,5,-12,5,-12,5,-12,4,-12,4,-12,3,-13,3,-13,3,-13,2,-14,2,-14,2,-14,2,-15,2,-15]"
2025-08-18 22:57:33.904969,CSI_DATA,874,1a:00:00:00:00:00,-38,11,0,0,0,0,0,0,0,0,0,-92,0,1,0,150519000,0,31,0,128,0,"[0,0,-14,-6,-14,-6,-14,-6,-14,-6,-14,-5,-14,-5,-14,-5,-14,-4,-13,-3,-13,-3,-13,-3,-13,-2,-14,-1,-14,-1,-14,-1,-14,-1,-14,-1,-14,-1,-15,-2,-14,-2,-14,-2,-14,-3,-13,-3,-13,-4,-12,-4,-12,-5,0,0,0,0,0,0,0,0,0,0,0,0,0,0,0,0,0,0,0,0,0,0,-11,-3,-11,-4,-11,-5,-11,-6,-11,-6,-12,-7,-11,-8,-11,-8,-11,-9,-11,-9,-10,-9,-10,-9,-10,-9,-10,-9,-11,-8,-11,-8,-11,-8,-11,-7,-12,-7,-12,-7,-13,-7,-13,-6,-14,-6,-14,-6,-14,-7,-14,-6]"
2025-08-18 22:57:34.289041,CSI_DATA,875,1a:00:00:00:00:00,-38,11,0,0,0,0,0,0,0,0,0,-92,0,1,0,150720375,0,31,0,128,0,"[0,0,12,7,12,6,12,6,12,6,12,6,12,5,12,5,12,4,11,4,11,3,12,3,12,3,12,2,12,2,12,2,13,2,13,2,13,2,13,2,13,2,12,3,12,3,11,4,11,5,10,5,10,5,0,0,0,0,0,0,0,0,0,0,0,0,0,0,0,0,0,0,0,0,0,0,9,4,9,5,9,5,9,6,9,6,9,7,9,8,9,8,8,9,8,9,8,9,7,9,8,9,8,9,8,8,8,8,9,8,9,7,10,7,10,7,10,7,11,6,11,7,12,7,12,7,12,7]"
2025-08-18 22:57:34.294321,CSI_DATA,876,1a:00:00:00:00:00,-38,11,0,0,0,0,0,0,0,0,0,-92,0,1,0,150921433,0,31,0,128,0,"[0,0,-2,14,-2,14,-2,14,-2,13,-1,13,-1,13,-1,13,0,12,0,12,1,12,1,12,2,12,2,12,3,12,3,12,3,12,3,13,2,13,2,13,2,13,1,13,0,12,0,12,0,12,-1,11,-2,11,0,0,0,0,0,0,0,0,0,0,0,0,0,0,0,0,0,0,0,0,0,0,0,10,-1,10,-1,11,-2,11,-3,12,-3,12,-4,12,-5,12,-5,11,-5,11,-6,11,-6,11,-5,11,-5,11,-5,11,-5,11,-4,11,-4,11,-3,12,-3,12,-3,13,-2,13,-2,14,-2,14,-2,14,-2,14]"
2025-08-18 22:57:34.497631,CSI_DATA,877,1a:00:00:00:00:00,-38,11,0,0,0,0,0,0,0,0,0,-92,0,1,0,151122566,0,31,0,128,0,"[0,0,-8,-13,-8,-13,-8,-13,-8,-12,-8,-12,-8,-12,-8,-12,-8,-11,-8,-11,-9,-10,-9,-10,-9,-10,-10,-9,-10,-9,-10,-9,-10,-9,-11,-9,-10,-10,-11,-10,-10,-10,-10,-10,-9,-11,-8,-11,-8,-11,-7,-11,-6,-11,0,0,0,0,0,0,0,0,0,0,0,0,0,0,0,0,0,0,0,0,0,0,-7,-9,-6,-10,-6,-10,-5,-11,-5,-11,-5,-12,-4,-12,-4,-13,-4,-13,-3,-13,-3,-13,-3,-13,-3,-13,-3,-12,-4,-12,-3,-12,-4,-12,-5,-12,-5,-12,-6,-12,-6,-12,-7,-13,-7,-13,-7,-13,-7,-13,-8,-13]"
2025-08-18 22:57:34.559402,CSI_DATA,878,1a:00:00:00:00:00,-38,11,0,0,0,0,0,0,0,0,0,-92,0,1,0,151183394,0,42,0,128,0,"[0,0,-15,-3,-15,-3,-15,-3,-15,-3,-14,-3,-14,-3,-14,-2,-14,-1,-14,-1,-14,0,-14,0,-14,1,-13,1,-14,1,-14,2,-14,2,-14,2,-14,1,-15,1,-15,0,-14,0,-14,-1,-14,-1,-13,-1,-13,-2,-12,-3,0,0,0,0,0,0,0,0,0,0,0,0,0,0,0,0,0,0,0,0,0,0,-11,-1,-11,-2,-12,-3,-12,-4,-12,-4,-13,-5,-12,-6,-12,-6,-12,-7,-12,-7,-12,-7,-12,-7,-12,-6,-12,-6,-12,-6,-12,-6,-12,-5,-13,-5,-13,-5,-13,-5,-14,-4,-14,-4,-15,-3,-15,-3,-15,-3,-15,-3]"
2025-08-18 22:57:34.618091,CSI_DATA,879,1a:00:00:00:00:00,-38,11,0,0,0,0,0,0,0,0,0,-92,0,1,0,151252156,0,31,0,128,0,"[0,0,14,4,14,3,13,3,14,4,13,3,13,3,13,2,12,2,12,1,12,0,12,0,12,-1,12,-1,12,-1,13,-2,13,-2,13,-1,13,-1,13,-1,13,0,13,0,13,1,12,1,12,1,12,2,11,3,0,0,0,0,0,0,0,0,0,0,0,0,0,0,0,0,0,0,0,0,0,0,10,1,10,2,10,3,10,4,11,4,11,5,11,6,10,7,10,7,10,7,10,7,10,7,10,7,10,7,10,6,10,6,10,5,11,5,11,5,12,5,12,5,13,4,13,4,13,4,14,4,14,4]"
2025-08-18 22:57:34.823670,CSI_DATA,880,1a:00:00:00:00:00,-38,11,0,0,0,0,0,0,0,0,0,-92,0,1,0,151456932,0,31,0,128,0,"[0,0,0,14,-1,14,0,13,0,14,0,13,0,13,1,13,1,12,2,12,2,12,2,12,3,11,3,12,4,11,4,12,4,11,4,12,4,12,4,12,3,12,3,12,2,12,2,12,1,12,0,11,0,11,0,0,0,0,0,0,0,0,0,0,0,0,0,0,0,0,0,0,0,0,0,0,1,10,0,10,0,11,-1,11,-2,12,-2,12,-3,12,-3,12,-4,12,-4,12,-4,12,-4,11,-4,11,-4,11,-4,11,-4,11,-3,11,-2,12,-2,12,-2,13,-1,13,-1,13,-1,14,0,14,0,14,0,14]"
2025-08-18 22:57:35.027130,CSI_DATA,881,1a:00:00:00:00:00,-38,11,0,0,0,0,0,0,0,0,0,-92,0,1,0,151652575,0,31,0,128,0,"[0,0,-15,-6,-15,-6,-15,-6,-14,-6,-14,-5,-14,-5,-14,-4,-13,-4,-13,-3,-13,-3,-13,-2,-13,-1,-13,-2,-14,-1,-14,-1,-14,-1,-14,-1,-15,-1,-15,-2,-15,-2,-14,-3,-13,-3,-13,-3,-13,-4,-12,-4,-12,-5,0,0,0,0,0,0,0,0,0,0,0,0,0,0,0,0,0,0,0,0,0,0,-11,-3,-11,-4,-11,-5,-11,-6,-11,-6,-12,-7,-11,-8,-11,-8,-11,-9,-11,-8,-11,-9,-10,-9,-11,-9,-10,-8,-11,-8,-10,-7,-11,-7,-11,-7,-12,-7,-13,-6,-13,-6,-13,-6,-14,-6,-14,-6,-14,-6,-14,-6]"
2025-08-18 22:57:35.220425,CSI_DATA,882,1a:00:00:00:00:00,-38,11,0,0,0,0,0,0,0,0,0,-92,0,1,0,151853877,0,31,0,128,0,"[0,0,0,14,1,14,1,14,1,13,1,13,1,13,2,12,2,12,3,12,3,11,4,11,4,11,4,11,5,11,5,11,5,11,5,11,5,11,5,12,4,12,4,12,3,12,3,12,2,11,1,11,1,11,0,0,0,0,0,0,0,0,0,0,0,0,0,0,0,0,0,0,0,0,0,0,1,10,1,10,0,11,-1,11,-1,11,-2,12,-2,12,-3,12,-3,12,-4,12,-4,11,-4,12,-4,12,-3,12,-3,11,-3,11,-2,12,-2,12,-1,12,-1,12,-1,13,0,13,0,13,0,14,1,14,0,14]"
2025-08-18 22:57:35.434619,CSI_DATA,883,1a:00:00:00:00:00,-38,11,0,0,0,0,0,0,0,0,0,-92,0,1,0,152055008,0,31,0,128,0,"[0,0,3,14,3,13,3,14,3,13,3,13,3,13,3,12,4,12,4,11,5,11,5,11,6,11,6,11,6,11,6,10,7,11,6,11,7,11,6,11,6,11,5,12,5,12,4,11,3,11,2,11,2,11,0,0,0,0,0,0,0,0,0,0,0,0,0,0,0,0,0,0,0,0,0,0,3,9,3,10,2,10,2,11,1,11,0,12,0,12,-1,12,-1,12,-1,12,-2,12,-2,12,-2,12,-1,12,-1,12,-1,11,0,12,1,12,1,12,1,12,1,13,2,13,2,13,3,14,3,14,3,14]"
2025-08-18 22:57:35.621491,CSI_DATA,884,1a:00:00:00:00:00,-38,11,0,0,0,0,0,0,0,0,0,-92,0,1,0,152256145,0,31,0,128,0,"[0,0,14,4,14,3,14,3,13,3,14,3,13,3,13,2,13,1,13,1,13,0,13,0,13,-1,13,-1,12,-1,13,-1,13,-1,13,-1,13,-1,14,0,13,0,13,1,13,1,12,1,12,2,11,2,11,3,0,0,0,0,0,0,0,0,0,0,0,0,0,0,0,0,0,0,0,0,0,0,10,0,11,1,11,2,11,3,11,3,12,4,12,5,11,5,11,6,11,6,11,6,11,6,11,6,11,5,11,5,10,5,11,5,11,4,12,4,12,4,12,4,13,4,13,3,14,3,14,3,15,3]"
2025-08-18 22:57:35.828359,CSI_DATA,885,1a:00:00:00:00:00,-38,11,0,0,0,0,0,0,0,0,0,-92,0,1,0,152457379,0,31,0,128,0,"[0,0,-7,13,-7,13,-7,12,-7,12,-6,13,-6,12,-5,12,-5,12,-4,12,-4,12,-3,12,-3,12,-3,12,-2,12,-2,12,-2,13,-2,13,-2,13,-3,13,-3,13,-4,13,-4,12,-4,12,-5,11,-5,10,-6,10,0,0,0,0,0,0,0,0,0,0,0,0,0,0,0,0,0,0,0,0,0,0,-4,10,-5,10,-5,10,-6,10,-7,10,-8,10,-8,10,-9,9,-9,9,-10,9,-10,9,-10,8,-9,9,-9,9,-9,9,-8,9,-8,9,-8,10,-8,10,-7,11,-7,11,-7,12,-7,12,-7,12,-7,13,-7,13]"
2025-08-18 22:57:36.028970,CSI_DATA,886,1a:00:00:00:00:00,-38,11,0,0,0,0,0,0,0,0,0,-92,0,1,0,152658594,0,31,0,128,0,"[0,0,11,-10,10,-11,10,-10,10,-10,9,-11,9,-10,9,-11,8,-11,8,-11,7,-11,6,-11,6,-11,6,-12,6,-12,6,-12,6,-12,6,-12,6,-12,7,-12,7,-12,8,-11,8,-11,8,-10,8,-10,8,-9,9,-8,0,0,0,0,0,0,0,0,0,0,0,0,0,0,0,0,0,0,0,0,0,0,6,-9,7,-9,7,-9,8,-9,9,-8,10,-8,10,-8,11,-8,11,-7,11,-6,11,-6,11,-6,11,-6,11,-7,11,-7,10,-7,10,-8,10,-8,10,-9,10,-9,10,-9,10,-10,10,-10,10,-11,10,-11,11,-11]"
2025-08-18 22:57:36.094093,CSI_DATA,887,1a:00:00:00:00:00,-38,11,0,0,0,0,0,0,0,0,0,-92,0,1,0,152719336,0,42,0,128,0,"[0,0,14,-4,14,-5,13,-4,13,-5,13,-5,13,-5,12,-5,12,-6,11,-6,11,-6,11,-7,10,-7,10,-7,10,-8,10,-8,10,-8,11,-8,11,-8,11,-8,11,-8,11,-7,11,-6,11,-6,11,-5,11,-4,11,-4,0,0,0,0,0,0,0,0,0,0,0,0,0,0,0,0,0,0,0,0,0,0,9,-5,10,-4,10,-4,11,-3,11,-3,12,-2,12,-1,12,-1,13,-1,12,0,12,0,12,0,12,0,12,-1,12,-1,12,-1,12,-1,12,-2,12,-2,12,-3,13,-3,13,-4,13,-4,14,-4,14,-4,14,-5]"
2025-08-18 22:57:36.163056,CSI_DATA,888,1a:00:00:00:00:00,-38,11,0,0,0,0,0,0,0,0,0,-92,0,1,0,152788137,0,31,0,128,0,"[0,0,-13,-8,-13,-8,-13,-8,-13,-8,-13,-7,-13,-7,-13,-6,-13,-6,-13,-5,-13,-4,-13,-4,-13,-4,-13,-4,-13,-3,-13,-3,-13,-3,-14,-3,-14,-3,-14,-4,-14,-4,-13,-4,-13,-5,-12,-5,-12,-6,-11,-6,-11,-6,0,0,0,0,0,0,0,0,0,0,0,0,0,0,0,0,0,0,0,0,0,0,-10,-5,-10,-5,-10,-6,-10,-7,-10,-8,-10,-9,-10,-9,-10,-10,-9,-10,-9,-10,-9,-10,-9,-10,-9,-10,-9,-10,-9,-9,-9,-9,-10,-9,-10,-8,-11,-9,-11,-8,-12,-8,-12,-8,-13,-8,-13,-8,-13,-8,-13,-8]"
2025-08-18 22:57:36.352413,CSI_DATA,889,1a:00:00:00:00:00,-38,11,0,0,0,0,0,0,0,0,0,-92,0,1,0,152989547,0,31,0,128,0,"[0,0,9,10,8,10,8,9,10,11,7,11,9,10,7,10,8,11,9,9,8,7,10,7,8,6,9,7,10,7,10,5,10,6,10,7,11,7,10,6,12,8,12,7,10,7,8,9,8,4,8,9,9,8,0,0,0,0,0,0,0,0,0,0,0,0,0,0,0,0,0,0,0,0,0,0,6,7,6,7,6,8,6,9,5,9,5,10,5,11,5,11,4,11,4,11,4,11,4,11,4,11,4,10,4,11,4,10,5,10,5,10,6,10,6,10,7,10,6,10,7,10,8,11,8,11,9,11]"
2025-08-18 22:57:36.559275,CSI_DATA,890,1a:00:00:00:00:00,-38,11,0,0,0,0,0,0,0,0,0,-92,0,1,0,153189412,0,31,0,128,0,"[0,0,-13,8,-13,8,-13,8,-13,8,-12,8,-12,8,-12,8,-11,8,-11,8,-10,9,-9,9,-9,9,-9,10,-9,10,-9,10,-9,10,-9,11,-10,10,-10,10,-10,10,-10,9,-10,9,-11,8,-11,7,-11,7,-11,6,0,0,0,0,0,0,0,0,0,0,0,0,0,0,0,0,0,0,0,0,0,0,-9,7,-9,6,-10,6,-11,6,-11,5,-12,5,-13,4,-13,4,-13,4,-13,3,-13,3,-13,3,-13,3,-13,3,-12,4,-13,4,-13,4,-12,5,-12,5,-13,6,-13,6,-12,6,-13,7,-13,8,-13,8,-13,8]"
2025-08-18 22:57:36.765235,CSI_DATA,891,1a:00:00:00:00:00,-38,11,0,0,0,0,0,0,0,0,0,-92,0,1,0,153390555,0,31,0,128,0,"[0,0,-4,-16,-4,-15,-4,-15,-4,-15,-5,-15,-5,-14,-5,-14,-5,-13,-6,-13,-6,-12,-7,-12,-7,-12,-8,-12,-8,-12,-8,-12,-8,-12,-8,-12,-8,-12,-8,-12,-8,-12,-7,-12,-6,-13,-6,-13,-5,-12,-4,-12,-4,-12,0,0,0,0,0,0,0,0,0,0,0,0,0,0,0,0,0,0,0,0,0,0,-4,-11,-4,-12,-3,-12,-2,-13,-2,-13,-1,-13,-1,-14,0,-14,0,-14,1,-14,1,-14,1,-13,1,-13,1,-13,0,-13,0,-13,-1,-13,-1,-13,-2,-14,-2,-14,-3,-14,-3,-15,-4,-15,-4,-15,-4,-15,-4,-15]"
2025-08-18 22:57:36.969699,CSI_DATA,892,1a:00:00:00:00:00,-38,11,0,0,0,0,0,0,0,0,0,-92,0,1,0,153591831,0,31,0,128,0,"[0,0,13,7,13,5,13,5,13,5,13,5,12,5,12,4,12,4,12,3,12,2,12,2,12,1,12,1,12,1,13,1,13,1,13,1,14,1,13,1,13,2,13,2,12,3,12,3,12,4,11,4,11,5,0,0,0,0,0,0,0,0,0,0,0,0,0,0,0,0,0,0,0,0,0,0,10,2,10,3,10,4,10,5,11,5,10,6,11,7,10,8,10,8,10,8,9,8,9,8,9,8,9,8,9,7,10,7,10,7,10,6,11,6,11,6,12,6,12,6,13,6,13,6,13,6,13,6]"
2025-08-18 22:57:37.156753,CSI_DATA,893,1a:00:00:00:00:00,-38,11,0,0,0,0,0,0,0,0,0,-92,0,1,0,153792943,0,31,0,128,0,"[0,0,9,11,9,11,9,10,10,10,9,10,9,9,9,9,9,8,9,8,10,7,10,7,10,6,10,6,10,6,11,6,11,6,11,7,11,6,11,7,11,7,10,7,10,8,9,8,8,8,8,8,7,8,0,0,0,0,0,0,0,0,0,0,0,0,0,0,0,0,0,0,0,0,0,0,8,7,7,7,8,8,7,8,7,9,6,10,6,11,6,11,6,11,5,12,5,12,5,11,5,11,5,11,5,10,5,11,6,10,6,10,7,10,7,10,8,10,8,10,9,11,9,11,9,11,9,10]"
2025-08-18 22:57:37.364237,CSI_DATA,894,1a:00:00:00:00:00,-38,11,0,0,0,0,0,0,0,0,0,-92,0,1,0,153994104,0,31,0,128,0,"[0,0,6,-14,6,-14,6,-14,6,-13,5,-13,5,-13,4,-13,4,-13,4,-13,3,-13,3,-13,2,-13,2,-13,1,-13,1,-14,1,-14,2,-14,2,-14,2,-14,3,-14,3,-13,3,-13,4,-13,4,-12,5,-11,5,-11,0,0,0,0,0,0,0,0,0,0,0,0,0,0,0,0,0,0,0,0,0,0,3,-11,3,-11,5,-11,5,-11,6,-11,7,-11,7,-11,8,-11,8,-10,9,-10,9,-10,9,-9,8,-10,8,-10,8,-10,8,-10,7,-10,7,-11,7,-11,7,-12,6,-12,6,-13,6,-13,6,-14,6,-14,6,-14]"
2025-08-18 22:57:37.565342,CSI_DATA,895,1a:00:00:00:00:00,-38,11,0,0,0,0,0,0,0,0,0,-92,0,1,0,154195431,0,31,0,128,0,"[0,0,10,-10,10,-11,10,-10,10,-10,9,-11,9,-11,8,-11,8,-11,7,-11,7,-11,6,-11,6,-12,6,-12,5,-12,6,-12,6,-12,6,-13,6,-12,6,-12,7,-12,7,-12,7,-11,8,-11,8,-10,8,-9,8,-9,0,0,0,0,0,0,0,0,0,0,0,0,0,0,0,0,0,0,0,0,0,0,6,-9,7,-8,8,-8,9,-8,9,-8,10,-8,10,-7,11,-7,11,-6,11,-6,11,-6,11,-6,11,-6,11,-6,10,-6,10,-6,10,-7,10,-8,10,-8,10,-9,10,-9,10,-10,10,-10,10,-10,10,-10,11,-11]"
2025-08-18 22:57:37.632641,CSI_DATA,896,1a:00:00:00:00:00,-38,11,0,0,0,0,0,0,0,0,0,-92,0,1,0,154256165,0,42,0,128,0,"[0,0,11,8,11,8,11,8,11,8,11,7,11,7,11,6,11,6,11,5,12,5,11,4,11,4,11,4,11,3,12,3,12,3,13,4,12,4,12,4,12,5,12,5,11,5,11,6,10,6,9,6,9,6,0,0,0,0,0,0,0,0,0,0,0,0,0,0,0,0,0,0,0,0,0,0,9,4,9,5,9,6,9,7,9,8,8,8,8,9,8,9,8,10,7,10,7,10,7,10,7,10,7,9,7,9,7,9,8,8,9,8,9,8,9,8,10,8,10,8,11,9,11,8,11,9,11,8]"
2025-08-18 22:57:37.695836,CSI_DATA,897,1a:00:00:00:00:00,-38,11,0,0,0,0,0,0,0,0,0,-92,0,1,0,154325941,0,31,0,128,0,"[0,0,-13,9,-12,9,-12,8,-12,8,-11,9,-11,8,-11,8,-10,9,-10,9,-9,9,-9,10,-8,10,-8,10,-8,10,-8,11,-8,11,-8,11,-8,11,-9,11,-9,10,-9,10,-9,9,-10,9,-10,8,-10,7,-10,7,0,0,0,0,0,0,0,0,0,0,0,0,0,0,0,0,0,0,0,0,0,0,-8,7,-9,7,-10,7,-10,6,-11,6,-12,6,-12,5,-13,5,-13,5,-13,4,-13,4,-13,4,-12,4,-12,4,-12,4,-12,4,-12,5,-12,6,-12,6,-12,7,-12,7,-12,7,-12,8,-12,8,-12,8,-12,9]"
2025-08-18 22:57:37.898983,CSI_DATA,898,1a:00:00:00:00:00,-38,11,0,0,0,0,0,0,0,0,0,-92,0,1,0,154530694,0,31,0,128,0,"[0,0,-2,14,-2,14,-2,14,-2,13,-2,13,-2,13,-1,13,-1,12,0,12,0,12,1,12,1,12,2,12,2,12,2,12,2,12,2,13,2,13,1,13,0,13,0,13,0,13,-1,12,-1,12,-2,11,-3,11,0,0,0,0,0,0,0,0,0,0,0,0,0,0,0,0,0,0,0,0,0,0,1,10,0,10,-1,11,-2,11,-2,11,-3,12,-4,12,-4,12,-5,12,-5,11,-5,11,-5,11,-5,11,-5,11,-4,11,-4,11,-4,11,-3,11,-3,12,-3,12,-3,12,-2,13,-2,13,-2,14,-2,14,-2,14]"
2025-08-18 22:57:38.099442,CSI_DATA,899,1a:00:00:00:00:00,-38,11,0,0,0,0,0,0,0,0,0,-92,0,1,0,154730337,0,31,0,128,0,"[0,0,-12,9,-12,9,-12,8,-11,9,-11,9,-11,9,-10,9,-10,9,-9,9,-8,9,-8,10,-7,10,-7,10,-7,11,-7,10,-7,11,-7,11,-8,11,-8,11,-8,10,-9,10,-9,9,-9,9,-9,9,-9,8,-9,7,0,0,0,0,0,0,0,0,0,0,0,0,0,0,0,0,0,0,0,0,0,0,-7,7,-8,7,-9,7,-10,6,-10,6,-11,6,-12,5,-12,5,-12,4,-12,5,-12,5,-12,4,-12,4,-12,5,-12,5,-11,5,-11,5,-11,6,-11,6,-11,6,-11,7,-11,7,-11,8,-11,9,-11,9,-12,9]"
2025-08-18 22:57:38.298155,CSI_DATA,900,1a:00:00:00:00:00,-38,11,0,0,0,0,0,0,0,0,0,-92,0,1,0,154928595,0,31,0,128,0,"[0,0,-10,10,-10,10,-10,10,-9,10,-9,10,-9,10,-8,10,-8,10,-7,10,-7,11,-6,11,-6,11,-6,11,-5,11,-6,11,-5,11,-5,12,-6,12,-6,12,-7,11,-7,11,-7,11,-8,10,-8,10,-8,9,-8,8,0,0,0,0,0,0,0,0,0,0,0,0,0,0,0,0,0,0,0,0,0,0,-6,8,-7,8,-8,8,-9,8,-9,8,-10,7,-11,7,-11,7,-12,7,-12,6,-11,6,-11,6,-11,6,-11,6,-11,6,-11,6,-10,7,-10,7,-10,8,-10,8,-10,9,-10,9,-10,10,-10,10,-11,11,-10,10]"
2025-08-18 22:57:38.506502,CSI_DATA,901,1a:00:00:00:00:00,-38,11,0,0,0,0,0,0,0,0,0,-92,0,1,0,155129725,0,31,0,128,0,"[0,0,11,9,11,8,11,8,11,8,11,7,11,7,11,7,11,6,11,5,11,5,11,4,11,4,11,4,11,3,12,3,12,3,12,3,12,3,12,4,12,4,12,5,11,5,11,6,10,6,9,6,9,6,0,0,0,0,0,0,0,0,0,0,0,0,0,0,0,0,0,0,0,0,0,0,9,5,9,5,9,6,9,7,9,8,8,9,8,9,8,10,7,10,7,10,7,10,7,10,7,10,7,9,8,9,7,9,8,9,8,8,9,8,9,8,10,8,10,8,11,8,11,8,11,8,11,8]"
2025-08-18 22:57:38.699960,CSI_DATA,902,1a:00:00:00:00:00,-38,11,0,0,0,0,0,0,0,0,0,-92,0,1,0,155331109,0,31,0,128,0,"[0,0,-13,7,-13,7,-13,7,-12,7,-12,7,-12,7,-11,7,-11,8,-10,7,-9,8,-10,8,-9,9,-9,9,-9,9,-9,9,-9,9,-9,9,-9,10,-10,9,-10,9,-10,9,-10,8,-10,7,-10,7,-10,6,-11,5,0,0,0,0,0,0,0,0,0,0,0,0,0,0,0,0,0,0,0,0,0,0,-9,6,-10,6,-10,5,-11,5,-11,4,-12,4,-13,4,-13,3,-13,3,-13,2,-13,2,-13,2,-13,2,-13,2,-12,3,-12,3,-13,4,-12,4,-12,5,-12,5,-13,5,-13,6,-13,6,-13,7,-13,7,-13,7]"
2025-08-18 22:57:38.894495,CSI_DATA,903,1a:00:00:00:00:00,-38,11,0,0,0,0,0,0,0,0,0,-92,0,1,0,155532224,0,31,0,128,0,"[0,0,12,9,11,8,11,8,11,8,11,7,11,7,11,7,11,6,11,5,11,5,11,4,11,4,12,4,12,4,12,3,12,3,12,4,12,4,13,4,12,5,12,5,11,6,11,6,10,6,9,7,9,7,0,0,0,0,0,0,0,0,0,0,0,0,0,0,0,0,0,0,0,0,0,0,9,4,9,5,9,6,9,6,9,7,9,8,9,8,9,9,8,9,8,9,8,9,7,9,8,10,8,9,8,9,8,9,8,8,9,8,9,8,10,8,10,8,11,8,11,8,11,8,12,8,12,8]"
2025-08-18 22:57:39.101708,CSI_DATA,904,1a:00:00:00:00:00,-38,11,0,0,0,0,0,0,0,0,0,-92,0,1,0,155733400,0,31,0,128,0,"[0,0,14,-2,13,-2,13,-2,13,-2,13,-3,13,-2,12,-3,12,-3,12,-4,11,-4,11,-5,11,-5,11,-5,11,-6,11,-6,11,-6,11,-6,12,-5,12,-5,12,-5,12,-4,12,-3,11,-3,11,-3,11,-2,11,-1,0,0,0,0,0,0,0,0,0,0,0,0,0,0,0,0,0,0,0,0,0,0,9,-4,10,-3,10,-3,11,-2,11,-1,12,-1,12,0,12,0,12,1,12,1,12,1,12,1,12,1,12,1,12,1,11,1,12,0,12,-1,12,-1,12,-1,12,-1,13,-1,13,-2,13,-3,14,-3,14,-3]"
2025-08-18 22:57:39.171600,CSI_DATA,905,1a:00:00:00:00:00,-38,11,0,0,0,0,0,0,0,0,0,-92,0,1,0,155794175,0,42,0,128,0,"[0,0,14,-4,14,-5,14,-5,13,-5,13,-5,12,-5,12,-5,12,-6,11,-6,11,-6,11,-7,10,-7,10,-8,10,-8,10,-8,11,-8,11,-8,11,-8,11,-8,11,-7,12,-7,11,-6,11,-5,11,-5,11,-4,11,-4,0,0,0,0,0,0,0,0,0,0,0,0,0,0,0,0,0,0,0,0,0,0,9,-5,10,-5,11,-4,11,-4,12,-3,12,-2,13,-2,13,-1,13,-1,12,0,12,0,12,0,12,-1,12,-1,12,-1,12,-1,12,-2,12,-2,12,-3,12,-3,13,-3,13,-4,13,-4,13,-5,14,-5,14,-5]"
2025-08-18 22:57:39.234226,CSI_DATA,906,1a:00:00:00:00:00,-38,11,0,0,0,0,0,0,0,0,0,-92,0,1,0,155860132,0,31,0,128,0,"[0,0,-4,-16,-3,-15,-4,-15,-4,-14,-4,-13,-4,-13,-4,-13,-5,-12,-5,-12,-6,-12,-6,-12,-7,-11,-7,-12,-7,-12,-7,-11,-7,-11,-7,-12,-8,-12,-7,-12,-7,-12,-6,-13,-5,-13,-4,-13,-5,-12,-4,-11,-3,-12,0,0,0,0,0,0,0,0,0,0,0,0,0,0,0,0,0,0,0,0,0,0,-4,-10,-4,-11,-3,-11,-3,-12,-2,-12,-1,-13,-1,-13,0,-13,0,-13,0,-13,0,-13,0,-13,0,-13,0,-13,0,-13,0,-13,-1,-13,-2,-13,-2,-13,-2,-13,-2,-14,-2,-14,-2,-14,-4,-15,-5,-14,-4,-14]"
2025-08-18 22:57:39.435468,CSI_DATA,907,1a:00:00:00:00:00,-38,11,0,0,0,0,0,0,0,0,0,-92,0,1,0,156066709,0,31,0,128,0,"[0,0,9,-12,8,-12,8,-12,8,-12,7,-12,7,-11,7,-11,6,-12,6,-11,5,-12,4,-12,4,-12,4,-12,3,-12,3,-13,3,-13,4,-13,4,-13,4,-13,5,-13,5,-13,5,-12,6,-12,6,-11,6,-10,6,-10,0,0,0,0,0,0,0,0,0,0,0,0,0,0,0,0,0,0,0,0,0,0,5,-10,5,-9,6,-9,7,-9,8,-9,9,-9,9,-9,9,-8,10,-8,10,-8,10,-8,10,-7,10,-7,9,-8,9,-8,9,-8,9,-8,8,-9,8,-9,8,-10,8,-10,8,-11,8,-11,8,-12,8,-12,9,-12]"
2025-08-18 22:57:39.633857,CSI_DATA,908,1a:00:00:00:00:00,-38,11,0,0,0,0,0,0,0,0,0,-92,0,1,0,156260415,0,31,0,128,0,"[0,0,-2,-16,-2,-16,-2,-16,-2,-15,-3,-16,-3,-15,-3,-14,-4,-14,-4,-14,-5,-13,-5,-13,-6,-13,-6,-13,-6,-13,-6,-13,-7,-13,-6,-13,-7,-14,-6,-14,-6,-14,-5,-14,-4,-14,-4,-13,-4,-14,-3,-13,-2,-13,0,0,0,0,0,0,0,0,0,0,0,0,0,0,0,0,0,0,0,0,0,0,-3,-11,-2,-12,-1,-12,-1,-13,0,-13,0,-14,1,-14,1,-14,2,-14,2,-13,2,-14,2,-13,2,-13,2,-13,2,-13,1,-13,1,-14,0,-13,0,-14,0,-15,-1,-14,-1,-15,-2,-15,-2,-15,-2,-15,-2,-16]"
2025-08-18 22:57:39.835049,CSI_DATA,909,1a:00:00:00:00:00,-38,11,0,0,0,0,0,0,0,0,0,-92,0,1,0,156461811,0,31,0,128,0,"[0,0,-15,-2,-15,-2,-15,-1,-15,-1,-15,-1,-14,-1,-14,0,-14,0,-13,1,-13,1,-13,2,-13,2,-13,3,-13,3,-13,3,-14,4,-14,3,-14,3,-14,3,-14,2,-14,2,-14,1,-13,1,-13,0,-13,0,-13,-1,0,0,0,0,0,0,0,0,0,0,0,0,0,0,0,0,0,0,0,0,0,0,-11,0,-12,-1,-12,-2,-12,-2,-12,-3,-13,-4,-13,-4,-13,-5,-12,-5,-12,-5,-12,-6,-12,-6,-12,-5,-12,-5,-12,-5,-12,-4,-12,-4,-13,-3,-13,-3,-14,-3,-14,-3,-14,-2,-15,-2,-15,-2,-15,-2,-15,-2]"
2025-08-18 22:57:40.052744,CSI_DATA,910,1a:00:00:00:00:00,-38,11,0,0,0,0,0,0,0,0,0,-92,0,1,0,156663280,0,31,0,128,0,"[0,0,-11,-11,-11,-11,-10,-10,-11,-10,-10,-10,-10,-9,-11,-9,-10,-8,-11,-8,-11,-7,-11,-7,-11,-7,-12,-7,-12,-6,-12,-6,-12,-6,-12,-7,-12,-7,-12,-7,-12,-8,-12,-8,-11,-8,-10,-8,-10,-9,-9,-9,-9,-9,0,0,0,0,0,0,0,0,0,0,0,0,0,0,0,0,0,0,0,0,0,0,-9,-6,-9,-7,-9,-8,-8,-9,-8,-9,-8,-10,-8,-10,-8,-11,-7,-11,-7,-11,-7,-11,-6,-11,-7,-11,-7,-11,-7,-11,-7,-10,-7,-11,-8,-10,-8,-10,-9,-10,-9,-10,-10,-10,-10,-10,-10,-10,-10,-11,-11,-10]"
2025-08-18 22:57:40.238023,CSI_DATA,911,1a:00:00:00:00:00,-38,11,0,0,0,0,0,0,0,0,0,-92,0,1,0,156864136,0,31,0,128,0,"[0,0,-2,-15,-2,-15,-2,-15,-2,-14,-3,-15,-3,-14,-3,-14,-3,-13,-4,-13,-5,-12,-5,-12,-6,-12,-6,-12,-6,-12,-6,-12,-7,-12,-7,-13,-6,-13,-6,-13,-6,-13,-5,-13,-5,-13,-4,-13,-3,-13,-3,-12,-2,-12,0,0,0,0,0,0,0,0,0,0,0,0,0,0,0,0,0,0,0,0,0,0,-3,-11,-2,-11,-1,-12,-1,-12,-1,-13,0,-13,1,-13,1,-13,2,-13,2,-13,2,-13,2,-13,2,-13,2,-13,1,-13,1,-12,1,-13,0,-13,0,-14,-1,-14,-1,-14,-1,-14,-2,-14,-2,-15,-2,-15,-2,-15]"
2025-08-18 22:57:40.433966,CSI_DATA,912,1a:00:00:00:00:00,-38,11,0,0,0,0,0,0,0,0,0,-92,0,1,0,157065261,0,31,0,128,0,"[0,0,-9,12,-8,12,-8,12,-8,12,-7,12,-7,12,-7,11,-6,12,-6,11,-5,11,-5,12,-4,12,-4,12,-4,12,-3,12,-4,13,-3,13,-4,13,-5,13,-5,13,-5,12,-6,12,-6,11,-6,11,-6,10,-7,10,0,0,0,0,0,0,0,0,0,0,0,0,0,0,0,0,0,0,0,0,0,0,-5,9,-6,9,-6,9,-7,9,-8,9,-9,9,-9,9,-10,9,-10,8,-10,8,-10,8,-10,8,-10,8,-10,8,-10,8,-9,8,-9,9,-8,9,-9,10,-9,10,-8,10,-8,11,-8,11,-8,12,-8,12,-8,12]"
2025-08-18 22:57:40.711131,CSI_DATA,913,1a:00:00:00:00:00,-37,11,0,0,0,0,0,0,0,0,0,-92,0,1,0,157266417,0,31,0,128,0,"[0,0,-8,-13,-8,-14,-8,-13,-8,-13,-8,-12,-8,-12,-8,-12,-9,-11,-9,-11,-9,-10,-9,-10,-10,-10,-10,-10,-10,-9,-11,-9,-11,-9,-11,-10,-11,-10,-11,-10,-10,-10,-10,-10,-9,-11,-9,-11,-8,-11,-7,-11,-7,-11,0,0,0,0,0,0,0,0,0,0,0,0,0,0,0,0,0,0,0,0,0,0,-6,-9,-6,-10,-6,-11,-5,-11,-5,-12,-4,-12,-4,-13,-4,-13,-3,-13,-3,-13,-2,-13,-2,-13,-2,-13,-3,-13,-3,-12,-3,-12,-4,-12,-5,-12,-5,-13,-6,-13,-6,-13,-7,-13,-7,-13,-7,-13,-7,-13,-7,-14]"
2025-08-18 22:57:40.717425,CSI_DATA,914,1a:00:00:00:00:00,-38,11,0,0,0,0,0,0,0,0,0,-92,0,1,0,157327220,0,42,0,128,0,"[0,0,-14,-7,-14,-7,-14,-7,-14,-7,-13,-6,-13,-6,-13,-6,-13,-5,-13,-5,-13,-4,-13,-3,-13,-3,-13,-3,-14,-2,-14,-2,-14,-2,-14,-2,-14,-3,-14,-3,-14,-4,-14,-4,-13,-5,-13,-5,-12,-5,-12,-5,-11,-6,0,0,0,0,0,0,0,0,0,0,0,0,0,0,0,0,0,0,0,0,0,0,-10,-4,-10,-5,-10,-6,-10,-6,-11,-7,-11,-8,-10,-9,-10,-9,-10,-9,-10,-10,-10,-9,-9,-9,-9,-9,-10,-9,-10,-9,-10,-8,-10,-8,-11,-8,-11,-8,-11,-8,-12,-8,-12,-7,-13,-7,-13,-7,-14,-7,-14,-7]"
2025-08-18 22:57:40.765769,CSI_DATA,915,1a:00:00:00:00:00,-38,11,0,0,0,0,0,0,0,0,0,-92,0,1,0,157396153,0,31,0,128,0,"[0,0,14,-6,13,-6,13,-6,13,-7,12,-7,12,-6,12,-7,11,-7,11,-7,10,-8,10,-8,9,-9,9,-9,9,-9,9,-10,9,-10,10,-10,10,-10,10,-9,11,-9,11,-8,11,-8,11,-7,11,-7,11,-6,11,-5,0,0,0,0,0,0,0,0,0,0,0,0,0,0,0,0,0,0,0,0,0,0,9,-6,9,-5,10,-5,11,-4,11,-4,12,-3,12,-3,12,-3,12,-2,12,-2,12,-1,12,-1,12,-2,12,-2,12,-2,11,-2,12,-3,12,-3,12,-4,12,-4,12,-5,12,-5,12,-6,13,-6,13,-6,13,-6]"
2025-08-18 22:57:40.967099,CSI_DATA,916,1a:00:00:00:00:00,-37,11,0,0,0,0,0,0,0,0,0,-92,0,1,0,157601091,0,31,0,128,0,"[0,0,2,15,2,15,2,14,2,14,2,14,2,13,3,13,3,13,4,12,4,12,4,12,5,12,5,12,5,11,6,11,6,12,6,12,6,12,6,12,5,12,4,12,4,12,3,13,2,12,1,12,1,12,0,0,0,0,0,0,0,0,0,0,0,0,0,0,0,0,0,0,0,0,0,0,3,10,2,10,2,11,1,11,1,12,0,12,-1,13,-1,13,-1,13,-2,13,-2,13,-3,12,-2,12,-2,12,-2,12,-2,12,-1,12,0,13,0,12,1,13,1,13,1,14,2,14,1,14,2,15,2,14]"
2025-08-18 22:57:41.166747,CSI_DATA,917,1a:00:00:00:00:00,-38,11,0,0,0,0,0,0,0,0,0,-92,0,1,0,157796994,0,31,0,128,0,"[0,0,11,-10,11,-10,11,-10,10,-10,10,-10,9,-10,9,-10,8,-10,8,-10,7,-11,7,-11,6,-11,6,-11,6,-11,6,-12,6,-12,6,-12,6,-12,7,-12,7,-12,7,-11,8,-11,8,-10,8,-9,8,-9,8,-8,0,0,0,0,0,0,0,0,0,0,0,0,0,0,0,0,0,0,0,0,0,0,7,-9,7,-8,8,-9,9,-8,10,-8,10,-7,11,-7,11,-7,11,-6,12,-6,11,-6,11,-5,11,-6,11,-6,11,-6,11,-6,10,-6,10,-7,10,-8,10,-8,10,-9,10,-9,11,-10,10,-10,10,-10,11,-10]"
2025-08-18 22:57:41.368489,CSI_DATA,918,1a:00:00:00:00:00,-38,11,0,0,0,0,0,0,0,0,0,-92,0,1,0,157998145,0,31,0,128,0,"[0,0,4,-14,3,-14,3,-15,3,-14,3,-14,3,-14,3,-13,2,-13,1,-13,1,-13,0,-13,-1,-13,-1,-13,-1,-13,-1,-13,-1,-13,-1,-13,-1,-14,0,-14,1,-14,1,-13,1,-13,2,-12,2,-12,2,-12,3,-12,0,0,0,0,0,0,0,0,0,0,0,0,0,0,0,0,0,0,0,0,0,0,1,-11,2,-12,2,-11,3,-12,4,-12,5,-12,5,-12,6,-12,6,-12,6,-11,6,-11,7,-11,6,-11,6,-11,6,-11,5,-11,5,-12,5,-12,5,-12,5,-13,4,-13,4,-13,4,-13,3,-14,4,-14,4,-15]"
2025-08-18 22:57:41.574352,CSI_DATA,919,1a:00:00:00:00:00,-38,11,0,0,0,0,0,0,0,0,0,-92,0,1,0,158199313,0,31,0,128,0,"[0,0,10,10,10,9,10,9,10,9,10,8,10,8,10,8,10,7,10,7,11,6,11,6,11,5,11,5,11,5,12,5,12,4,12,5,12,5,12,5,12,6,11,6,10,7,10,7,9,7,9,7,8,7,0,0,0,0,0,0,0,0,0,0,0,0,0,0,0,0,0,0,0,0,0,0,8,6,8,7,8,8,8,8,8,9,7,10,7,10,7,10,6,11,6,11,6,11,5,11,6,11,6,10,6,10,6,10,7,10,7,10,8,9,8,9,9,10,9,9,10,10,10,10,10,10,10,10]"
2025-08-18 22:57:41.775668,CSI_DATA,920,1a:00:00:00:00:00,-38,11,0,0,0,0,0,0,0,0,0,-92,0,1,0,158400465,0,31,0,128,0,"[0,0,-13,-8,-13,-8,-13,-7,-13,-7,-13,-6,-13,-6,-13,-6,-13,-5,-13,-5,-13,-4,-13,-4,-13,-4,-13,-3,-13,-3,-13,-2,-13,-2,-14,-3,-14,-3,-14,-3,-14,-3,-13,-4,-13,-4,-12,-5,-11,-6,-11,-6,-11,-6,0,0,0,0,0,0,0,0,0,0,0,0,0,0,0,0,0,0,0,0,0,0,-11,-4,-10,-5,-11,-6,-10,-7,-11,-7,-10,-8,-10,-9,-10,-9,-10,-9,-10,-10,-9,-10,-9,-10,-9,-10,-9,-10,-9,-9,-10,-9,-10,-8,-11,-8,-11,-8,-12,-8,-12,-8,-12,-8,-13,-8,-13,-8,-13,-8,-13,-8]"
2025-08-18 22:57:41.969831,CSI_DATA,921,1a:00:00:00:00:00,-38,11,0,0,0,0,0,0,0,0,0,-92,0,1,0,158601747,0,31,0,128,0,"[0,0,14,0,13,-1,13,-1,13,-1,13,-2,13,-2,12,-2,12,-3,12,-3,12,-4,12,-4,11,-4,11,-4,11,-5,12,-5,11,-5,12,-5,12,-5,12,-5,12,-4,12,-4,12,-3,12,-2,12,-2,11,-1,11,-1,0,0,0,0,0,0,0,0,0,0,0,0,0,0,0,0,0,0,0,0,0,0,10,-2,10,-2,11,-1,11,0,11,0,12,1,12,1,12,2,12,2,12,3,12,3,11,3,11,3,11,2,11,2,11,2,12,2,12,1,12,1,12,0,12,0,13,0,13,-1,14,-1,14,-1,14,-1]"
2025-08-18 22:57:42.177819,CSI_DATA,922,1a:00:00:00:00:00,-38,11,0,0,0,0,0,0,0,0,0,-92,0,1,0,158802921,0,31,0,128,0,"[0,0,-14,-7,-14,-7,-14,-7,-14,-7,-13,-6,-13,-6,-13,-5,-13,-5,-13,-4,-13,-4,-13,-3,-13,-3,-13,-2,-13,-2,-14,-2,-14,-1,-14,-2,-14,-2,-14,-2,-14,-3,-14,-3,-13,-3,-13,-4,-12,-4,-12,-5,-11,-5,0,0,0,0,0,0,0,0,0,0,0,0,0,0,0,0,0,0,0,0,0,0,-11,-4,-11,-5,-11,-6,-11,-7,-11,-7,-11,-8,-11,-9,-10,-9,-10,-9,-10,-10,-9,-10,-9,-10,-9,-10,-10,-10,-10,-9,-10,-9,-10,-8,-11,-8,-11,-8,-12,-8,-12,-8,-13,-7,-13,-8,-13,-7,-14,-7,-13,-7]"
2025-08-18 22:57:42.234523,CSI_DATA,923,1a:00:00:00:00:00,-38,11,0,0,0,0,0,0,0,0,0,-92,0,1,0,158863682,0,42,0,128,0,"[0,0,14,3,14,3,13,3,14,3,13,2,13,2,13,2,13,1,12,1,12,0,12,0,12,-1,12,-1,12,-1,13,-2,12,-2,13,-1,13,-1,13,-1,13,-1,13,0,12,0,12,1,12,2,11,2,11,2,0,0,0,0,0,0,0,0,0,0,0,0,0,0,0,0,0,0,0,0,0,0,10,0,11,1,11,1,11,2,12,3,11,4,12,4,11,5,11,5,11,6,11,6,10,6,11,6,11,6,10,5,11,5,11,4,11,4,11,4,12,4,12,3,13,3,13,3,13,3,14,3,14,3]"
2025-08-18 22:57:42.301500,CSI_DATA,924,1a:00:00:00:00:00,-38,11,0,0,0,0,0,0,0,0,0,-92,0,1,0,158932124,0,31,0,128,0,"[0,0,-15,4,-14,4,-15,4,-13,2,-10,6,-12,4,-11,6,-8,5,-10,5,-11,7,-10,4,-9,8,-9,7,-9,7,-11,8,-9,7,-10,8,-10,7,-11,8,-9,6,-10,5,-10,5,-10,6,-13,3,-9,4,-10,3,0,0,0,0,0,0,0,0,0,0,0,0,0,0,0,0,0,0,0,0,0,0,-10,3,-10,3,-11,2,-11,2,-12,2,-12,1,-13,1,-13,0,-12,0,-13,-1,-13,-1,-12,-1,-13,-1,-12,0,-12,0,-12,0,-12,1,-12,1,-12,2,-12,3,-13,3,-13,4,-13,4,-13,3,-14,3,-13,3]"
2025-08-18 22:57:42.505073,CSI_DATA,925,1a:00:00:00:00:00,-38,11,0,0,0,0,0,0,0,0,0,-92,0,1,0,159136911,0,31,0,128,0,"[0,0,-2,13,-2,13,-4,14,-3,14,-3,11,0,15,-1,15,2,10,-2,12,1,10,3,11,1,14,3,12,2,12,3,11,3,12,4,13,2,12,3,12,3,13,3,12,-1,12,1,11,4,12,1,13,-1,9,0,0,0,0,0,0,0,0,0,0,0,0,0,0,0,0,0,0,0,0,0,0,-1,10,-1,11,-2,11,-3,11,-3,11,-4,12,-5,11,-5,12,-6,11,-6,11,-6,11,-6,11,-6,11,-5,11,-5,11,-5,11,-5,12,-4,11,-4,12,-3,13,-4,13,-3,12,-3,14,-2,14,-2,14,-2,14]"
2025-08-18 22:57:42.700516,CSI_DATA,926,1a:00:00:00:00:00,-38,11,0,0,0,0,0,0,0,0,0,-92,0,1,0,159332925,0,31,0,128,0,"[0,0,15,0,14,-1,14,-1,14,-1,14,-1,13,-2,13,-2,13,-2,12,-3,12,-3,12,-4,12,-4,12,-4,12,-5,12,-5,12,-5,12,-5,13,-5,13,-4,13,-4,13,-4,13,-3,12,-2,12,-2,12,-1,12,0,0,0,0,0,0,0,0,0,0,0,0,0,0,0,0,0,0,0,0,0,0,0,10,-3,11,-2,11,-1,11,0,12,0,12,1,12,1,12,2,12,2,12,3,12,3,12,3,12,3,12,2,12,2,12,2,12,2,12,1,12,1,13,0,13,0,14,0,14,-1,14,-1,15,-1,15,-1]"
2025-08-18 22:57:42.903917,CSI_DATA,927,1a:00:00:00:00:00,-38,11,0,0,0,0,0,0,0,0,0,-92,0,1,0,159534186,0,31,0,128,0,"[0,0,13,-7,13,-7,12,-7,12,-7,12,-7,11,-7,11,-8,11,-8,10,-8,10,-9,9,-9,9,-9,9,-9,9,-10,9,-10,9,-10,9,-10,9,-10,10,-10,10,-10,10,-9,10,-8,10,-8,10,-7,10,-6,10,-6,0,0,0,0,0,0,0,0,0,0,0,0,0,0,0,0,0,0,0,0,0,0,9,-7,9,-6,10,-6,10,-5,11,-5,11,-4,12,-4,12,-4,12,-3,12,-3,12,-2,12,-2,12,-3,12,-3,12,-3,12,-3,11,-4,11,-4,12,-5,12,-5,12,-6,12,-6,12,-7,13,-7,13,-7,13,-7]"
2025-08-18 22:57:43.107019,CSI_DATA,928,1a:00:00:00:00:00,-38,11,0,0,0,0,0,0,0,0,0,-92,0,1,0,159735517,0,31,0,128,0,"[0,0,8,-13,8,-13,7,-13,7,-13,7,-13,6,-13,6,-13,5,-13,5,-13,4,-13,4,-13,3,-13,3,-13,3,-13,3,-13,3,-14,3,-14,3,-14,3,-14,4,-13,4,-13,5,-13,5,-12,5,-12,6,-11,6,-10,0,0,0,0,0,0,0,0,0,0,0,0,0,0,0,0,0,0,0,0,0,0,4,-10,5,-10,6,-10,7,-10,7,-10,8,-10,9,-10,9,-9,9,-9,9,-9,10,-9,10,-8,9,-9,9,-9,9,-9,8,-9,8,-10,8,-10,8,-11,8,-11,8,-12,8,-12,8,-12,8,-13,8,-13,8,-13]"
2025-08-18 22:57:43.326310,CSI_DATA,929,1a:00:00:00:00:00,-38,11,0,0,0,0,0,0,0,0,0,-92,0,1,0,159936640,0,31,0,128,0,"[0,0,-9,-13,-9,-13,-8,-12,-9,-12,-9,-12,-9,-11,-9,-11,-9,-10,-9,-10,-10,-9,-10,-9,-10,-9,-10,-8,-11,-8,-11,-8,-11,-8,-11,-9,-11,-9,-11,-9,-11,-9,-10,-10,-9,-10,-9,-10,-8,-10,-8,-10,-7,-10,0,0,0,0,0,0,0,0,0,0,0,0,0,0,0,0,0,0,0,0,0,0,-8,-8,-8,-9,-7,-10,-7,-11,-7,-11,-6,-12,-6,-12,-5,-13,-5,-13,-5,-13,-4,-13,-4,-13,-4,-13,-4,-12,-5,-12,-5,-12,-5,-12,-6,-12,-6,-12,-7,-12,-7,-12,-7,-12,-8,-12,-9,-12,-9,-13,-9,-13]"
2025-08-18 22:57:43.509664,CSI_DATA,930,1a:00:00:00:00:00,-38,11,0,0,0,0,0,0,0,0,0,-92,0,1,0,160137772,0,31,0,128,0,"[0,0,1,-15,0,-16,0,-15,0,-15,0,-15,-1,-14,-1,-14,-1,-14,-2,-13,-2,-13,-3,-13,-3,-13,-4,-13,-4,-13,-4,-13,-4,-13,-4,-14,-4,-14,-3,-14,-3,-14,-2,-14,-2,-14,-1,-13,-1,-13,0,-12,0,-12,0,0,0,0,0,0,0,0,0,0,0,0,0,0,0,0,0,0,0,0,0,0,-2,-11,-1,-12,0,-12,0,-12,1,-13,2,-13,2,-13,3,-13,3,-13,4,-13,4,-13,4,-12,4,-13,3,-12,3,-12,3,-12,2,-13,2,-13,2,-13,1,-14,1,-14,1,-14,0,-15,0,-15,0,-15,1,-15]"
2025-08-18 22:57:43.705146,CSI_DATA,931,1a:00:00:00:00:00,-38,11,0,0,0,0,0,0,0,0,0,-92,0,1,0,160338912,0,31,0,128,0,"[0,0,14,2,14,2,14,2,13,2,14,1,13,1,13,1,13,0,13,0,12,-1,12,-1,12,-2,12,-2,12,-2,12,-2,13,-2,13,-2,13,-2,13,-2,13,-1,13,-1,13,0,12,0,12,1,11,1,11,2,0,0,0,0,0,0,0,0,0,0,0,0,0,0,0,0,0,0,0,0,0,0,10,-1,11,0,11,1,11,2,11,2,12,3,12,4,12,4,11,5,11,5,11,5,11,5,11,5,11,5,11,4,11,4,11,4,11,3,12,3,12,3,13,3,13,2,13,2,14,2,14,2,15,2]"
2025-08-18 22:57:43.769294,CSI_DATA,932,1a:00:00:00:00:00,-38,11,0,0,0,0,0,0,0,0,0,-92,0,1,0,160399671,0,42,0,128,0,"[0,0,14,-4,14,-5,13,-5,13,-5,13,-5,12,-5,12,-5,12,-5,11,-6,11,-6,10,-7,10,-7,10,-7,10,-8,10,-8,10,-8,11,-8,11,-8,11,-7,11,-7,11,-6,12,-6,11,-5,11,-5,11,-4,11,-3,0,0,0,0,0,0,0,0,0,0,0,0,0,0,0,0,0,0,0,0,0,0,9,-5,10,-5,10,-5,11,-4,12,-4,12,-3,13,-2,12,-2,13,-1,13,-1,12,-1,12,-1,12,-1,12,-1,12,-1,12,-2,12,-2,12,-3,12,-3,12,-3,12,-3,13,-4,13,-4,13,-5,14,-5,14,-5]"
2025-08-18 22:57:43.836618,CSI_DATA,933,1a:00:00:00:00:00,-38,11,0,0,0,0,0,0,0,0,0,-92,0,1,0,160467194,0,31,0,128,0,"[0,0,-17,6,-15,4,-14,5,-14,8,-14,4,-13,6,-13,7,-11,7,-10,7,-11,6,-11,7,-9,7,-11,7,-11,8,-11,7,-10,8,-9,9,-10,7,-11,8,-13,9,-12,8,-12,7,-12,8,-10,3,-10,7,-12,3,0,0,0,0,0,0,0,0,0,0,0,0,0,0,0,0,0,0,0,0,0,0,-10,5,-10,4,-11,4,-11,3,-12,3,-13,2,-13,2,-13,1,-13,1,-13,1,-13,0,-13,0,-13,1,-13,1,-13,1,-13,1,-13,2,-13,2,-13,3,-13,4,-13,4,-13,4,-14,3,-14,5,-14,5,-14,6]"
2025-08-18 22:57:44.044773,CSI_DATA,934,1a:00:00:00:00:00,-38,11,0,0,0,0,0,0,0,0,0,-92,0,1,0,160669506,0,31,0,128,0,"[0,0,-7,-13,-7,-11,-7,-13,-7,-14,-8,-11,-7,-14,-8,-11,-8,-13,-8,-10,-9,-12,-7,-11,-10,-11,-9,-10,-8,-10,-9,-9,-10,-9,-11,-9,-9,-12,-12,-10,-10,-9,-13,-10,-9,-9,-9,-13,-8,-13,-7,-12,-7,-12,0,0,0,0,0,0,0,0,0,0,0,0,0,0,0,0,0,0,0,0,0,0,-5,-11,-5,-11,-4,-12,-4,-12,-4,-13,-3,-14,-2,-14,-2,-14,-2,-14,-1,-14,-1,-14,-1,-14,-1,-14,-1,-13,-2,-13,-2,-13,-3,-13,-4,-13,-4,-14,-5,-14,-5,-14,-5,-14,-5,-14,-6,-14,-6,-14,-6,-14]"
2025-08-18 22:57:44.234651,CSI_DATA,935,1a:00:00:00:00:00,-38,11,0,0,0,0,0,0,0,0,0,-92,0,1,0,160869513,0,31,0,128,0,"[0,0,14,5,13,4,13,4,13,4,13,3,13,3,13,3,13,2,12,1,12,1,12,1,12,1,12,0,13,0,13,0,13,0,13,0,13,0,14,0,13,1,13,1,12,2,12,2,12,3,11,3,11,4,0,0,0,0,0,0,0,0,0,0,0,0,0,0,0,0,0,0,0,0,0,0,10,1,11,2,11,3,11,3,11,4,11,5,11,5,11,6,11,6,10,7,10,7,10,7,10,7,10,7,10,6,10,6,10,5,11,5,12,5,12,5,12,4,13,4,13,4,13,4,13,5,14,4]"
2025-08-18 22:57:44.439366,CSI_DATA,936,1a:00:00:00:00:00,-38,11,0,0,0,0,0,0,0,0,0,-92,0,1,0,161069904,0,31,0,128,0,"[0,0,-13,8,-12,8,-13,8,-12,8,-12,8,-11,8,-11,8,-10,9,-10,9,-9,9,-9,9,-8,9,-8,9,-8,10,-8,10,-8,10,-8,10,-8,10,-9,10,-9,10,-9,10,-9,9,-9,8,-10,8,-10,7,-10,6,0,0,0,0,0,0,0,0,0,0,0,0,0,0,0,0,0,0,0,0,0,0,-9,6,-9,6,-10,6,-11,6,-11,5,-12,5,-12,5,-13,4,-13,4,-13,3,-13,3,-13,3,-13,3,-12,3,-12,4,-12,4,-12,4,-12,5,-12,5,-12,6,-12,7,-12,7,-12,7,-13,7,-13,8,-13,8]"
2025-08-18 22:57:44.648432,CSI_DATA,937,1a:00:00:00:00:00,-38,11,0,0,0,0,0,0,0,0,0,-92,0,1,0,161271059,0,31,0,128,0,"[0,0,-1,15,0,15,-1,14,0,15,0,14,0,14,1,13,1,13,2,12,2,12,3,12,3,12,3,12,4,12,4,12,4,12,4,13,4,12,4,13,3,13,2,13,2,13,2,13,1,12,0,12,-1,11,0,0,0,0,0,0,0,0,0,0,0,0,0,0,0,0,0,0,0,0,0,0,1,11,0,11,0,12,-1,11,-2,12,-2,12,-3,13,-4,13,-4,13,-5,13,-5,12,-5,12,-4,12,-4,12,-4,12,-4,12,-3,12,-2,12,-2,12,-2,13,-1,13,-1,14,-1,14,0,14,-1,15,0,14]"
2025-08-18 22:57:44.853939,CSI_DATA,938,1a:00:00:00:00:00,-38,11,0,0,0,0,0,0,0,0,0,-92,0,1,0,161472250,0,31,0,128,0,"[0,0,7,-14,7,-13,7,-14,6,-13,6,-14,5,-13,5,-13,4,-13,4,-13,3,-12,3,-13,2,-13,2,-13,2,-14,2,-13,2,-14,2,-14,2,-14,3,-14,3,-14,3,-13,4,-13,4,-12,4,-12,5,-11,5,-11,0,0,0,0,0,0,0,0,0,0,0,0,0,0,0,0,0,0,0,0,0,0,3,-11,4,-11,5,-11,6,-11,6,-11,7,-11,8,-11,8,-11,9,-10,9,-10,9,-10,9,-9,9,-10,8,-10,8,-10,8,-10,8,-10,7,-11,7,-11,7,-12,7,-12,7,-12,7,-13,7,-13,7,-14,7,-14]"
2025-08-18 22:57:45.048228,CSI_DATA,939,1a:00:00:00:00:00,-38,11,0,0,0,0,0,0,0,0,0,-92,0,1,0,161673765,0,31,0,128,0,"[0,0,-4,-15,-4,-15,-5,-15,-5,-14,-5,-14,-5,-13,-5,-13,-6,-13,-6,-12,-6,-12,-7,-12,-7,-11,-8,-11,-8,-11,-8,-11,-8,-11,-8,-12,-8,-12,-8,-12,-7,-12,-7,-12,-6,-12,-5,-12,-5,-12,-4,-12,-3,-12,0,0,0,0,0,0,0,0,0,0,0,0,0,0,0,0,0,0,0,0,0,0,-5,-10,-5,-11,-4,-12,-3,-12,-3,-13,-2,-13,-2,-13,-1,-13,-1,-13,0,-13,0,-13,0,-13,0,-13,-1,-13,-1,-13,-1,-13,-2,-13,-2,-13,-3,-13,-3,-14,-3,-13,-4,-14,-4,-14,-4,-14,-5,-14,-5,-15]"
2025-08-18 22:57:45.248335,CSI_DATA,940,1a:00:00:00:00:00,-38,11,0,0,0,0,0,0,0,0,0,-92,0,1,0,161874625,0,31,0,128,0,"[0,0,-15,-4,-15,-4,-14,-4,-15,-4,-14,-3,-14,-3,-14,-3,-13,-3,-13,-2,-14,-1,-13,-1,-13,0,-13,0,-13,0,-14,1,-14,1,-14,0,-14,0,-14,0,-14,-1,-14,-1,-13,-2,-13,-2,-13,-2,-12,-3,-12,-3,0,0,0,0,0,0,0,0,0,0,0,0,0,0,0,0,0,0,0,0,0,0,-11,-1,-11,-2,-12,-3,-12,-4,-12,-4,-12,-5,-12,-6,-12,-7,-12,-7,-12,-7,-12,-7,-11,-7,-11,-7,-11,-6,-11,-6,-12,-6,-12,-6,-12,-5,-12,-5,-13,-5,-13,-5,-14,-4,-14,-4,-14,-4,-15,-4,-15,-4]"
2025-08-18 22:57:45.301595,CSI_DATA,941,1a:00:00:00:00:00,-38,11,0,0,0,0,0,0,0,0,0,-92,0,1,0,161935424,0,42,0,128,0,"[0,0,14,2,14,1,14,1,14,1,13,1,13,1,13,0,13,0,12,-1,12,-1,12,-2,12,-2,12,-2,12,-3,12,-3,12,-3,13,-3,13,-3,13,-3,13,-2,13,-2,13,-1,12,-1,12,0,11,0,11,1,0,0,0,0,0,0,0,0,0,0,0,0,0,0,0,0,0,0,0,0,0,0,10,0,11,1,11,1,11,2,11,3,12,3,11,4,11,5,11,5,11,5,11,5,11,5,11,5,11,5,11,4,11,4,11,4,11,3,12,3,12,3,12,3,13,2,13,2,14,2,14,2,14,2]"
2025-08-18 22:57:45.369866,CSI_DATA,942,1a:00:00:00:00:00,-38,11,0,0,0,0,0,0,0,0,0,-92,0,1,0,162004945,0,31,0,128,0,"[0,0,14,5,14,4,13,4,14,4,13,4,13,3,13,3,13,2,12,1,13,1,13,1,13,0,13,0,13,-1,13,-1,13,-1,13,-1,13,-1,14,-1,13,0,13,0,13,0,13,1,12,2,11,3,11,3,0,0,0,0,0,0,0,0,0,0,0,0,0,0,0,0,0,0,0,0,0,0,10,2,10,3,11,4,11,5,11,5,11,6,11,7,10,7,10,7,10,8,9,8,9,8,9,8,10,8,10,7,10,7,10,6,11,6,11,6,12,5,12,5,13,5,13,5,13,5,14,5,14,5]"
2025-08-18 22:57:45.440565,CSI_DATA,943,1a:00:00:00:00:00,-38,11,0,0,0,0,0,0,0,0,0,-92,0,1,0,162071849,0,28,0,128,0,"[0,0,-12,9,-11,9,-12,9,-11,9,-11,9,-10,9,-10,9,-9,9,-9,9,-8,10,-8,10,-7,10,-7,10,-7,11,-7,11,-7,11,-7,11,-8,11,-8,11,-8,11,-8,10,-9,10,-9,9,-9,9,-9,8,-9,7,0,0,0,0,0,0,0,0,0,0,0,0,0,0,0,0,0,0,0,0,0,0,-8,7,-8,7,-9,7,-10,7,-10,6,-11,6,-12,6,-12,5,-12,5,-12,4,-12,4,-12,4,-12,4,-12,5,-12,5,-11,5,-11,5,-11,6,-11,6,-11,7,-11,7,-11,8,-11,8,-11,9,-12,9,-12,9]"
2025-08-18 22:57:45.584390,CSI_DATA,944,1a:00:00:00:00:00,-38,11,0,0,0,0,0,0,0,0,0,-92,0,1,0,162208869,0,31,0,128,0,"[0,0,-10,-12,-10,-12,-9,-11,-10,-12,-10,-11,-10,-11,-10,-10,-10,-10,-10,-9,-11,-9,-11,-8,-11,-8,-11,-7,-11,-7,-12,-7,-12,-7,-12,-8,-12,-7,-12,-8,-12,-8,-11,-9,-11,-9,-10,-9,-9,-9,-9,-9,-8,-9,0,0,0,0,0,0,0,0,0,0,0,0,0,0,0,0,0,0,0,0,0,0,-8,-8,-8,-9,-8,-10,-7,-10,-7,-11,-7,-11,-6,-12,-6,-12,-6,-13,-5,-13,-5,-13,-5,-12,-5,-12,-5,-12,-5,-12,-6,-12,-6,-11,-7,-12,-7,-11,-8,-12,-8,-11,-9,-12,-9,-12,-10,-12,-10,-12,-9,-12]"
2025-08-18 22:57:45.780880,CSI_DATA,945,1a:00:00:00:00:00,-38,11,0,0,0,0,0,0,0,0,0,-92,0,1,0,162413677,0,31,0,128,0,"[0,0,14,1,14,0,13,0,14,0,14,-1,13,-1,13,-1,13,-2,12,-2,13,-3,12,-3,12,-3,12,-4,11,-4,12,-5,12,-5,12,-5,13,-5,13,-4,13,-4,13,-3,12,-3,12,-2,12,-1,11,-1,11,0,0,0,0,0,0,0,0,0,0,0,0,0,0,0,0,0,0,0,0,0,0,0,10,-1,11,0,11,1,11,1,12,2,11,3,12,3,12,4,12,4,12,5,11,5,11,5,11,5,11,4,11,4,11,3,11,3,12,2,12,2,13,1,13,1,13,1,14,1,14,1,14,1,14,1]"
2025-08-18 22:57:45.983070,CSI_DATA,946,1a:00:00:00:00:00,-38,11,0,0,0,0,0,0,0,0,0,-92,0,1,0,162609205,0,31,0,128,0,"[0,0,-1,-16,-2,-16,-1,-16,-2,-15,-2,-15,-2,-14,-3,-14,-3,-14,-4,-14,-4,-13,-4,-13,-5,-13,-5,-13,-6,-13,-6,-13,-6,-13,-6,-13,-6,-14,-6,-14,-5,-14,-5,-14,-4,-14,-3,-13,-2,-13,-1,-13,-1,-13,0,0,0,0,0,0,0,0,0,0,0,0,0,0,0,0,0,0,0,0,0,0,-3,-11,-2,-12,-1,-12,0,-13,0,-13,1,-14,1,-14,1,-14,2,-14,3,-13,3,-13,4,-13,3,-13,3,-13,2,-13,2,-13,1,-13,1,-13,0,-14,-1,-14,-1,-14,-1,-15,-1,-15,-1,-16,-1,-16,-1,-16]"
2025-08-18 22:57:46.177680,CSI_DATA,947,1a:00:00:00:00:00,-38,11,0,0,0,0,0,0,0,0,0,-92,0,1,0,162809626,0,31,0,128,0,"[0,0,14,-1,14,-1,14,-1,13,-1,14,-1,13,-1,13,-2,12,-2,12,-3,12,-3,12,-4,11,-4,11,-4,12,-5,11,-5,12,-5,12,-5,12,-5,13,-4,12,-4,12,-3,12,-3,12,-2,11,-2,11,-1,11,0,0,0,0,0,0,0,0,0,0,0,0,0,0,0,0,0,0,0,0,0,0,0,10,-3,10,-2,11,-1,11,-1,11,0,12,0,12,1,12,2,12,2,12,2,12,3,12,2,12,2,11,2,12,2,11,2,12,1,12,1,12,0,12,0,13,0,13,0,13,-1,14,-1,14,-1,14,-1]"
2025-08-18 22:57:46.391513,CSI_DATA,948,1a:00:00:00:00:00,-38,11,0,0,0,0,0,0,0,0,0,-92,0,1,0,163010778,0,31,0,128,0,"[0,0,11,-9,11,-10,11,-10,10,-10,10,-10,9,-10,9,-10,9,-10,8,-10,8,-10,7,-10,7,-11,7,-11,7,-11,7,-11,7,-11,7,-12,7,-12,7,-11,8,-11,8,-11,8,-10,8,-9,8,-9,8,-8,9,-8,0,0,0,0,0,0,0,0,0,0,0,0,0,0,0,0,0,0,0,0,0,0,6,-9,7,-8,8,-8,9,-8,10,-8,10,-7,11,-7,11,-7,11,-6,11,-6,11,-5,11,-5,11,-5,11,-6,11,-6,10,-6,10,-6,10,-7,10,-8,10,-8,10,-8,10,-9,11,-9,10,-10,11,-10,11,-10]"
2025-08-18 22:57:46.586694,CSI_DATA,949,1a:00:00:00:00:00,-38,11,0,0,0,0,0,0,0,0,0,-92,0,1,0,163212185,0,31,0,128,0,"[0,0,-5,-14,-6,-15,-6,-14,-6,-14,-6,-13,-6,-13,-6,-13,-6,-12,-7,-12,-7,-11,-8,-11,-8,-11,-9,-10,-9,-11,-9,-10,-9,-11,-9,-11,-9,-11,-9,-11,-8,-11,-7,-12,-7,-12,-7,-12,-6,-11,-6,-11,-5,-11,0,0,0,0,0,0,0,0,0,0,0,0,0,0,0,0,0,0,0,0,0,0,-6,-10,-6,-10,-5,-11,-5,-12,-4,-13,-4,-13,-3,-13,-2,-14,-2,-14,-2,-14,-2,-13,-2,-13,-2,-13,-2,-13,-2,-13,-2,-13,-3,-13,-4,-13,-4,-13,-4,-13,-4,-13,-5,-14,-6,-14,-6,-14,-6,-14,-6,-14]"
2025-08-18 22:57:46.776380,CSI_DATA,950,1a:00:00:00:00:00,-38,11,0,0,0,0,0,0,0,0,0,-92,0,1,0,163413228,0,31,0,128,0,"[0,0,9,11,9,11,9,11,9,10,9,10,9,10,9,9,9,8,9,8,10,7,10,7,10,7,10,7,10,6,11,6,11,6,11,6,11,6,11,7,10,7,10,7,9,8,9,8,8,8,8,8,7,8,0,0,0,0,0,0,0,0,0,0,0,0,0,0,0,0,0,0,0,0,0,0,7,7,7,8,6,9,6,9,6,10,6,11,5,11,5,11,4,12,4,12,4,12,3,11,4,11,4,11,5,11,5,11,5,11,6,10,6,11,7,11,7,11,8,11,8,11,8,11,9,11,9,11]"
2025-08-18 22:57:46.847814,CSI_DATA,951,1a:00:00:00:00:00,-38,11,0,0,0,0,0,0,0,0,0,-92,0,1,0,163474064,0,42,0,128,0,"[0,0,-15,-5,-15,-4,-15,-5,-14,-4,-14,-4,-14,-3,-14,-3,-13,-2,-13,-2,-13,-1,-13,-1,-13,0,-13,0,-13,0,-13,0,-14,0,-14,0,-14,0,-14,0,-14,-1,-14,-1,-13,-1,-13,-2,-13,-3,-12,-3,-12,-4,0,0,0,0,0,0,0,0,0,0,0,0,0,0,0,0,0,0,0,0,0,0,-11,-2,-12,-3,-11,-4,-12,-5,-12,-5,-12,-6,-12,-7,-12,-7,-11,-7,-11,-8,-11,-8,-11,-8,-11,-8,-11,-7,-11,-7,-11,-7,-12,-6,-12,-6,-12,-6,-13,-5,-13,-5,-14,-5,-14,-5,-14,-5,-15,-5,-15,-5]"
2025-08-18 22:57:46.904998,CSI_DATA,952,1a:00:00:00:00:00,-38,11,0,0,0,0,0,0,0,0,0,-92,0,1,0,163542010,0,31,0,128,0,"[0,0,7,12,7,12,7,12,7,12,7,11,7,11,7,10,8,10,8,9,8,9,9,8,9,8,9,8,9,8,9,8,10,8,10,8,10,8,10,8,9,8,9,9,8,9,8,9,7,9,6,9,6,9,0,0,0,0,0,0,0,0,0,0,0,0,0,0,0,0,0,0,0,0,0,0,6,8,6,8,6,9,5,10,5,10,5,11,4,12,4,12,3,12,3,12,3,12,3,12,3,11,3,11,3,11,3,11,4,11,5,11,5,11,6,11,6,11,6,11,7,11,7,12,7,12,8,12]"
2025-08-18 22:57:47.116006,CSI_DATA,953,1a:00:00:00:00:00,-38,11,0,0,0,0,0,0,0,0,0,-92,0,1,0,163746656,0,31,0,128,0,"[0,0,8,-13,7,-13,7,-13,7,-12,7,-13,6,-12,6,-12,5,-12,5,-12,4,-12,4,-12,3,-13,3,-13,3,-13,3,-13,3,-13,3,-13,3,-13,3,-14,4,-13,4,-13,5,-13,5,-12,5,-12,6,-11,6,-10,0,0,0,0,0,0,0,0,0,0,0,0,0,0,0,0,0,0,0,0,0,0,4,-10,5,-10,5,-10,6,-10,7,-10,8,-10,8,-10,9,-10,9,-9,9,-9,9,-9,9,-9,9,-9,9,-9,9,-9,8,-9,8,-9,8,-10,8,-10,7,-11,7,-11,7,-12,7,-12,7,-13,8,-13,8,-13]"
2025-08-18 22:57:47.314662,CSI_DATA,954,1a:00:00:00:00:00,-38,11,0,0,0,0,0,0,0,0,0,-92,0,1,0,163942393,0,31,0,128,0,"[0,0,0,-15,0,-15,0,-15,0,-15,0,-15,-1,-14,-1,-14,-2,-14,-2,-13,-3,-13,-3,-13,-4,-13,-4,-13,-4,-13,-4,-13,-4,-13,-4,-13,-4,-14,-4,-14,-3,-13,-3,-14,-2,-13,-2,-13,-1,-13,0,-12,0,-12,0,0,0,0,0,0,0,0,0,0,0,0,0,0,0,0,0,0,0,0,0,0,-2,-11,-1,-12,0,-12,0,-12,1,-13,2,-13,2,-13,2,-13,3,-13,3,-13,3,-13,4,-13,3,-12,3,-12,3,-12,3,-12,2,-13,2,-13,1,-14,1,-14,1,-14,0,-14,0,-15,0,-15,0,-15,0,-15]"
2025-08-18 22:57:47.512023,CSI_DATA,955,1a:00:00:00:00:00,-38,11,0,0,0,0,0,0,0,0,0,-92,0,1,0,164143288,0,31,0,128,0,"[0,0,-2,15,-2,14,-1,14,-1,13,-1,14,-1,13,-1,13,0,13,0,12,1,12,1,12,2,12,2,12,2,12,3,12,3,12,2,12,2,12,2,13,2,13,1,12,1,12,0,12,-1,12,-1,11,-2,11,0,0,0,0,0,0,0,0,0,0,0,0,0,0,0,0,0,0,0,0,0,0,1,10,0,11,-1,11,-2,11,-2,11,-3,12,-4,12,-4,12,-4,12,-5,11,-5,12,-5,11,-5,11,-5,11,-4,11,-4,11,-4,12,-3,12,-3,12,-2,12,-2,13,-2,13,-2,13,-1,14,-1,14,-1,14]"
2025-08-18 22:57:47.708543,CSI_DATA,956,1a:00:00:00:00:00,-38,11,0,0,0,0,0,0,0,0,0,-92,0,1,0,164344659,0,31,0,128,0,"[0,0,5,14,6,13,5,13,6,13,6,12,6,12,6,11,6,11,7,10,7,10,7,10,7,9,8,9,8,9,9,9,9,9,9,10,9,10,9,10,8,10,7,10,7,10,6,11,5,10,5,10,4,10,0,0,0,0,0,0,0,0,0,0,0,0,0,0,0,0,0,0,0,0,0,0,5,9,5,9,4,10,4,11,3,11,3,12,2,12,2,13,2,12,1,13,1,13,0,12,1,12,1,12,2,12,2,12,2,12,3,12,3,12,4,12,4,12,5,13,5,13,5,13,5,13,6,13]"
2025-08-18 22:57:47.920022,CSI_DATA,957,1a:00:00:00:00:00,-38,11,0,0,0,0,0,0,0,0,0,-92,0,1,0,164545814,0,31,0,128,0,"[0,0,-15,-3,-15,-3,-15,-3,-14,-3,-14,-2,-14,-2,-14,-2,-13,-1,-13,-1,-13,0,-13,0,-13,1,-13,1,-13,1,-13,2,-13,2,-13,2,-14,2,-14,1,-14,1,-14,0,-13,0,-13,-1,-13,-1,-12,-2,-12,-2,0,0,0,0,0,0,0,0,0,0,0,0,0,0,0,0,0,0,0,0,0,0,-11,-1,-11,-2,-12,-3,-12,-3,-12,-4,-12,-5,-12,-5,-12,-5,-12,-6,-12,-6,-12,-6,-11,-7,-11,-6,-12,-6,-12,-6,-12,-5,-12,-5,-12,-5,-13,-4,-13,-4,-13,-4,-14,-3,-14,-3,-14,-3,-15,-3,-15,-3]"
2025-08-18 22:57:48.133071,CSI_DATA,958,1a:00:00:00:00:00,-38,11,0,0,0,0,0,0,0,0,0,-92,0,1,0,164746975,0,31,0,128,0,"[0,0,-1,-15,-1,-15,-1,-15,-1,-14,-2,-15,-2,-14,-2,-14,-3,-13,-3,-13,-4,-12,-4,-13,-5,-13,-5,-12,-5,-13,-5,-12,-6,-13,-5,-13,-6,-13,-5,-13,-5,-13,-4,-13,-4,-13,-3,-13,-3,-13,-2,-12,-1,-12,0,0,0,0,0,0,0,0,0,0,0,0,0,0,0,0,0,0,0,0,0,0,-2,-11,-2,-11,-1,-11,0,-12,0,-12,1,-13,2,-13,2,-13,3,-13,3,-13,3,-13,3,-12,3,-12,2,-12,2,-13,2,-12,2,-13,1,-13,0,-14,0,-13,0,-14,-1,-14,-1,-14,-1,-15,-1,-15,-1,-15]"
2025-08-18 22:57:48.310976,CSI_DATA,959,1a:00:00:00:00:00,-38,11,0,0,0,0,0,0,0,0,0,-92,0,1,0,164948099,0,31,0,128,0,"[0,0,11,10,10,9,10,9,11,9,10,9,10,9,10,8,10,8,10,7,11,6,11,6,11,6,11,5,11,5,12,5,12,5,12,5,12,5,12,6,12,6,11,7,11,7,10,7,9,7,9,7,8,8,0,0,0,0,0,0,0,0,0,0,0,0,0,0,0,0,0,0,0,0,0,0,8,5,8,6,8,7,8,8,8,9,8,9,7,10,7,10,6,11,6,11,6,11,6,10,6,11,6,10,6,10,7,10,7,9,8,9,8,9,8,9,9,9,9,9,10,9,10,9,11,10,11,10]"
2025-08-18 22:57:48.373534,CSI_DATA,960,1a:00:00:00:00:00,-38,11,0,0,0,0,0,0,0,0,0,-92,0,1,0,165008909,0,42,0,128,0,"[0,0,13,6,13,5,13,5,13,5,13,4,12,4,12,4,12,3,12,3,12,2,12,2,12,1,12,1,12,1,13,1,13,1,13,1,13,1,13,2,13,2,13,2,12,3,12,3,11,4,11,4,10,4,0,0,0,0,0,0,0,0,0,0,0,0,0,0,0,0,0,0,0,0,0,0,10,2,10,3,10,4,10,5,10,5,10,6,10,7,10,7,10,8,10,8,9,8,9,8,9,8,9,7,9,7,10,7,10,6,10,6,11,6,11,6,11,6,12,5,13,5,13,5,13,5,14,5]"
2025-08-18 22:57:48.447246,CSI_DATA,961,1a:00:00:00:00:00,-38,11,0,0,0,0,0,0,0,0,0,-92,0,1,0,165078366,0,31,0,128,0,"[0,0,14,-4,14,-4,13,-4,13,-4,13,-5,13,-4,12,-5,12,-5,12,-5,11,-6,11,-7,10,-7,11,-7,10,-7,11,-7,11,-8,11,-8,11,-8,12,-7,12,-7,12,-6,12,-6,11,-5,11,-5,11,-4,11,-3,0,0,0,0,0,0,0,0,0,0,0,0,0,0,0,0,0,0,0,0,0,0,9,-4,10,-4,11,-3,11,-2,12,-2,12,-1,12,-1,12,0,12,0,12,0,12,1,12,0,12,0,12,0,12,0,12,0,12,-1,12,-2,12,-2,12,-2,12,-2,13,-3,13,-4,14,-4,14,-4,14,-4]"
2025-08-18 22:57:48.646505,CSI_DATA,962,1a:00:00:00:00:00,-38,11,0,0,0,0,0,0,0,0,0,-92,0,1,0,165280874,0,31,0,128,0,"[0,0,3,15,3,14,3,15,3,13,3,14,3,13,4,13,4,13,4,12,5,11,5,12,5,11,5,12,6,12,6,11,7,12,6,12,6,12,7,12,6,12,5,12,4,12,3,12,3,12,2,12,1,12,0,0,0,0,0,0,0,0,0,0,0,0,0,0,0,0,0,0,0,0,0,0,3,10,3,11,2,11,1,12,1,12,0,13,0,13,-1,13,-1,13,-2,12,-2,13,-2,12,-2,12,-2,12,-1,13,-1,12,0,13,0,12,1,13,1,13,2,13,2,13,2,14,2,14,2,15,3,15]"
2025-08-18 22:57:49.051388,CSI_DATA,963,1a:00:00:00:00:00,-38,11,0,0,0,0,0,0,0,0,0,-92,0,1,0,165482299,0,31,0,128,0,"[0,0,-13,8,-13,8,-12,8,-12,8,-11,8,-11,8,-11,8,-10,8,-10,8,-9,9,-9,9,-8,9,-8,10,-8,10,-8,10,-8,10,-8,10,-9,10,-9,10,-9,10,-9,9,-10,9,-10,8,-10,8,-10,7,-10,6,0,0,0,0,0,0,0,0,0,0,0,0,0,0,0,0,0,0,0,0,0,0,-8,6,-9,6,-10,5,-11,5,-11,5,-12,5,-12,4,-12,4,-13,3,-13,3,-13,3,-12,3,-12,3,-12,3,-12,3,-12,4,-12,4,-12,5,-12,5,-12,6,-12,6,-12,7,-12,7,-12,8,-12,8,-12,8]"
2025-08-18 22:57:49.056615,CSI_DATA,964,1a:00:00:00:00:00,-38,11,0,0,0,0,0,0,0,0,0,-92,0,1,0,165681198,0,31,0,128,0,"[0,0,14,-6,14,-7,13,-7,13,-7,13,-7,12,-7,12,-7,12,-7,11,-8,11,-8,10,-8,10,-9,10,-9,9,-10,10,-10,10,-10,10,-10,10,-10,11,-10,11,-9,11,-9,11,-8,11,-7,11,-7,11,-6,11,-5,0,0,0,0,0,0,0,0,0,0,0,0,0,0,0,0,0,0,0,0,0,0,9,-6,10,-6,10,-5,11,-5,12,-4,12,-4,13,-3,12,-3,13,-2,13,-2,12,-2,12,-2,13,-2,12,-2,12,-2,12,-3,12,-3,12,-4,12,-4,13,-5,12,-5,13,-5,13,-6,13,-6,14,-7,14,-6]"
2025-08-18 22:57:49.257221,CSI_DATA,965,1a:00:00:00:00:00,-38,11,0,0,0,0,0,0,0,0,0,-92,0,1,0,165882120,0,31,0,128,0,"[0,0,-9,-12,-9,-13,-9,-12,-9,-12,-9,-12,-9,-12,-9,-11,-9,-11,-9,-10,-10,-9,-10,-9,-10,-9,-11,-9,-11,-8,-11,-8,-11,-8,-11,-9,-11,-9,-11,-9,-11,-10,-10,-10,-10,-10,-9,-10,-9,-10,-8,-10,-7,-10,0,0,0,0,0,0,0,0,0,0,0,0,0,0,0,0,0,0,0,0,0,0,-8,-8,-8,-9,-7,-10,-7,-10,-7,-11,-6,-12,-6,-12,-5,-13,-5,-13,-5,-13,-4,-13,-4,-13,-4,-13,-5,-12,-5,-12,-5,-12,-6,-12,-6,-12,-7,-12,-7,-12,-7,-12,-8,-12,-9,-12,-9,-12,-9,-12,-9,-12]"
2025-08-18 22:57:49.460100,CSI_DATA,966,1a:00:00:00:00:00,-38,11,0,0,0,0,0,0,0,0,0,-92,0,1,0,166083254,0,31,0,128,0,"[0,0,3,-15,2,-15,2,-15,2,-15,2,-15,1,-14,1,-14,0,-14,0,-13,-1,-13,-1,-13,-2,-13,-2,-13,-2,-13,-3,-13,-3,-14,-3,-14,-2,-14,-2,-14,-1,-14,-1,-14,0,-14,0,-13,1,-13,1,-12,2,-12,0,0,0,0,0,0,0,0,0,0,0,0,0,0,0,0,0,0,0,0,0,0,0,-11,1,-12,2,-11,3,-12,3,-12,4,-12,5,-12,5,-12,6,-12,6,-11,6,-11,6,-11,6,-11,5,-11,5,-11,5,-11,4,-12,4,-12,4,-13,3,-13,3,-13,3,-14,3,-14,3,-14,2,-15,3,-15]"
2025-08-18 22:57:49.650432,CSI_DATA,967,1a:00:00:00:00:00,-38,11,0,0,0,0,0,0,0,0,0,-92,0,1,0,166284407,0,31,0,128,0,"[0,0,3,14,4,14,4,13,4,14,4,13,4,13,4,13,5,12,5,12,6,11,6,11,7,10,7,11,7,10,8,11,8,10,8,11,7,11,7,11,7,12,6,12,5,12,5,12,4,12,4,11,3,11,0,0,0,0,0,0,0,0,0,0,0,0,0,0,0,0,0,0,0,0,0,0,4,10,3,10,3,11,2,11,2,12,1,12,0,13,0,13,0,13,-1,13,-1,13,-1,13,-1,13,-1,12,0,12,0,12,0,12,1,13,2,12,2,13,2,13,3,13,3,14,4,14,4,14,4,14]"
2025-08-18 22:57:49.852097,CSI_DATA,968,1a:00:00:00:00:00,-38,11,0,0,0,0,0,0,0,0,0,-92,0,1,0,166485755,0,31,0,128,0,"[0,0,15,0,14,0,14,0,13,0,14,0,13,0,13,-1,13,-1,12,-2,12,-3,12,-3,12,-4,12,-4,12,-4,12,-4,13,-4,12,-4,13,-4,13,-3,13,-3,13,-3,13,-2,12,-2,12,-1,11,0,12,0,0,0,0,0,0,0,0,0,0,0,0,0,0,0,0,0,0,0,0,0,0,0,10,-2,11,-1,11,0,11,1,11,1,12,2,12,3,12,3,12,4,11,4,11,4,11,4,11,4,11,3,12,3,11,3,12,3,11,2,12,2,12,1,13,1,13,1,13,0,14,0,14,0,15,0]"
2025-08-18 22:57:49.910716,CSI_DATA,969,1a:00:00:00:00:00,-38,11,0,0,0,0,0,0,0,0,0,-92,0,1,0,166546480,0,42,0,128,0,"[0,0,10,11,10,11,9,11,10,10,9,10,9,10,10,9,10,9,10,8,10,7,10,7,10,7,11,7,11,6,12,6,11,6,12,6,12,6,12,7,11,7,11,7,10,8,10,8,9,8,8,8,8,9,0,0,0,0,0,0,0,0,0,0,0,0,0,0,0,0,0,0,0,0,0,0,7,7,7,8,7,9,7,9,7,10,6,10,6,11,5,11,5,12,4,12,4,12,4,12,4,12,4,11,5,11,5,11,6,11,6,10,7,10,7,10,8,11,9,11,9,11,9,11,9,11,9,11]"
2025-08-18 22:57:49.994635,CSI_DATA,970,1a:00:00:00:00:00,-38,11,0,0,0,0,0,0,0,0,0,-92,0,1,0,166612081,0,31,0,128,0,"[0,0,5,-14,5,-15,4,-14,4,-14,4,-14,4,-14,3,-14,3,-13,2,-13,2,-13,1,-13,0,-13,0,-13,0,-13,0,-14,0,-13,0,-14,0,-14,1,-14,1,-14,1,-14,2,-14,3,-13,3,-13,3,-12,4,-11,0,0,0,0,0,0,0,0,0,0,0,0,0,0,0,0,0,0,0,0,0,0,2,-11,3,-11,4,-11,4,-11,5,-12,5,-11,6,-11,7,-11,7,-11,8,-11,8,-10,8,-10,7,-10,7,-10,7,-10,7,-11,6,-11,6,-12,5,-12,5,-12,5,-13,5,-13,5,-14,5,-14,5,-14,5,-14]"
2025-08-18 22:57:50.179716,CSI_DATA,971,1a:00:00:00:00:00,-38,11,0,0,0,0,0,0,0,0,0,-92,0,1,0,166813512,0,31,0,128,0,"[0,0,2,13,2,13,2,13,4,15,0,14,3,14,1,13,0,12,2,13,4,10,3,12,5,10,5,10,5,11,6,11,6,11,6,11,6,12,5,13,4,11,3,11,3,11,3,13,-1,11,3,12,2,11,0,0,0,0,0,0,0,0,0,0,0,0,0,0,0,0,0,0,0,0,0,0,3,9,3,10,2,10,1,11,1,11,0,12,-1,12,-1,12,-1,12,-2,12,-2,12,-2,12,-2,12,-1,12,-1,12,-1,11,-1,12,0,12,0,13,1,13,1,13,1,14,2,14,3,13,2,14,3,14]"
2025-08-18 22:57:50.384777,CSI_DATA,972,1a:00:00:00:00:00,-38,11,0,0,0,0,0,0,0,0,0,-92,0,1,0,167012882,0,31,0,128,0,"[0,0,1,-15,1,-15,1,-15,1,-15,0,-15,0,-14,0,-14,-1,-14,-1,-14,-2,-14,-2,-13,-3,-13,-3,-13,-4,-14,-3,-13,-4,-14,-4,-14,-3,-14,-3,-14,-2,-14,-2,-14,-1,-14,-1,-14,0,-13,0,-13,1,-12,0,0,0,0,0,0,0,0,0,0,0,0,0,0,0,0,0,0,0,0,0,0,-1,-11,0,-12,1,-12,1,-13,2,-13,3,-13,3,-13,4,-13,4,-13,4,-12,5,-12,5,-12,4,-12,4,-12,4,-12,4,-12,3,-13,3,-13,2,-13,2,-13,1,-14,2,-14,1,-15,1,-15,1,-15,1,-16]"
2025-08-18 22:57:50.576778,CSI_DATA,973,1a:00:00:00:00:00,-38,11,0,0,0,0,0,0,0,0,0,-92,0,1,0,167213599,0,31,0,128,0,"[0,0,5,13,5,13,5,13,5,12,6,12,5,12,6,11,6,11,6,10,7,10,7,10,8,9,8,9,8,9,8,9,9,9,9,9,8,9,8,10,8,10,7,10,7,10,6,10,6,10,5,10,4,10,0,0,0,0,0,0,0,0,0,0,0,0,0,0,0,0,0,0,0,0,0,0,4,9,4,9,3,10,3,11,3,11,2,12,2,12,1,12,1,12,0,12,0,12,0,12,0,12,1,12,1,12,1,12,2,12,2,12,3,12,3,12,4,12,4,12,5,13,5,13,5,13,6,13]"
2025-08-18 22:57:50.788142,CSI_DATA,974,1a:00:00:00:00:00,-38,11,0,0,0,0,0,0,0,0,0,-92,0,1,0,167414762,0,31,0,128,0,"[0,0,-3,-15,-3,-15,-3,-14,-3,-15,-3,-14,-3,-14,-4,-14,-4,-13,-4,-13,-5,-12,-5,-12,-6,-12,-6,-12,-6,-12,-7,-12,-7,-12,-7,-13,-7,-12,-6,-13,-6,-13,-6,-13,-5,-13,-4,-13,-3,-13,-3,-12,-2,-12,0,0,0,0,0,0,0,0,0,0,0,0,0,0,0,0,0,0,0,0,0,0,-4,-11,-3,-11,-2,-12,-2,-12,-1,-13,0,-13,0,-13,0,-13,1,-13,2,-13,2,-13,2,-13,2,-13,1,-13,1,-13,1,-13,0,-13,-1,-13,-1,-13,-1,-14,-2,-14,-2,-14,-2,-14,-2,-15,-3,-15,-3,-15]"
2025-08-18 22:57:50.991193,CSI_DATA,975,1a:00:00:00:00:00,-38,11,0,0,0,0,0,0,0,0,0,-92,0,1,0,167616124,0,31,0,128,0,"[0,0,-11,-11,-11,-10,-11,-10,-11,-10,-11,-9,-11,-9,-11,-9,-11,-8,-11,-7,-11,-7,-12,-6,-12,-6,-12,-6,-12,-6,-13,-5,-13,-5,-13,-6,-13,-6,-13,-6,-13,-6,-12,-7,-12,-7,-11,-7,-11,-8,-10,-8,-9,-8,0,0,0,0,0,0,0,0,0,0,0,0,0,0,0,0,0,0,0,0,0,0,-9,-7,-9,-8,-8,-9,-8,-10,-8,-10,-8,-11,-7,-11,-7,-11,-7,-12,-6,-12,-6,-12,-6,-12,-6,-12,-7,-12,-7,-11,-7,-11,-7,-11,-8,-11,-8,-10,-9,-11,-9,-11,-10,-11,-10,-10,-11,-10,-11,-11,-11,-11]"
2025-08-18 22:57:51.202818,CSI_DATA,976,1a:00:00:00:00:00,-38,11,0,0,0,0,0,0,0,0,0,-92,0,1,0,167817207,0,31,0,128,0,"[0,0,1,-15,0,-15,0,-15,0,-14,-1,-15,0,-14,-1,-14,-1,-14,-2,-13,-2,-13,-3,-13,-3,-13,-4,-13,-4,-13,-4,-13,-4,-13,-4,-13,-4,-14,-4,-14,-3,-14,-2,-14,-2,-14,-1,-13,-1,-13,0,-12,0,-12,0,0,0,0,0,0,0,0,0,0,0,0,0,0,0,0,0,0,0,0,0,0,-2,-11,-1,-12,0,-12,1,-12,1,-12,2,-13,3,-13,3,-13,3,-13,4,-12,4,-12,4,-12,4,-12,3,-12,3,-12,3,-12,2,-13,2,-13,2,-13,1,-13,1,-14,1,-14,0,-14,0,-15,0,-15,0,-15]"
2025-08-18 22:57:51.389430,CSI_DATA,977,1a:00:00:00:00:00,-38,11,0,0,0,0,0,0,0,0,0,-92,0,1,0,168018330,0,31,0,128,0,"[0,0,-15,3,-15,3,-14,3,-14,3,-14,3,-14,3,-13,3,-13,4,-13,4,-12,5,-12,5,-11,5,-12,6,-12,6,-12,6,-12,6,-12,6,-12,6,-13,6,-13,5,-13,5,-13,4,-13,4,-12,3,-12,2,-12,1,0,0,0,0,0,0,0,0,0,0,0,0,0,0,0,0,0,0,0,0,0,0,-10,4,-11,3,-12,2,-12,2,-13,1,-13,1,-13,0,-13,-1,-13,-1,-13,-2,-13,-2,-13,-2,-13,-1,-13,-1,-12,-1,-13,-1,-13,0,-13,1,-13,1,-13,1,-14,1,-14,2,-14,3,-14,3,-15,3,-15,3]"
2025-08-18 22:57:51.452723,CSI_DATA,978,1a:00:00:00:00:00,-38,11,0,0,0,0,0,0,0,0,0,-92,0,1,0,168079126,0,42,0,128,0,"[0,0,-3,-15,-4,-15,-4,-15,-4,-14,-4,-14,-4,-13,-5,-13,-5,-13,-5,-12,-6,-12,-6,-12,-6,-12,-7,-12,-7,-11,-7,-12,-7,-12,-7,-12,-7,-12,-7,-12,-7,-13,-6,-13,-5,-12,-5,-13,-4,-13,-3,-12,-3,-12,0,0,0,0,0,0,0,0,0,0,0,0,0,0,0,0,0,0,0,0,0,0,-4,-10,-4,-11,-3,-12,-3,-12,-2,-13,-1,-13,-1,-13,0,-13,0,-13,1,-13,1,-13,1,-13,1,-13,0,-13,0,-13,0,-13,-1,-13,-1,-13,-2,-13,-2,-13,-3,-14,-3,-14,-3,-14,-3,-14,-3,-15,-4,-15]"
2025-08-18 22:57:51.530291,CSI_DATA,979,1a:00:00:00:00:00,-38,11,0,0,0,0,0,0,0,0,0,-92,0,1,0,168148052,0,31,0,128,0,"[0,0,-8,12,-8,12,-8,12,-8,12,-7,12,-7,11,-6,12,-6,12,-5,11,-5,11,-5,11,-4,12,-4,12,-4,12,-3,12,-3,12,-4,13,-4,12,-4,13,-5,12,-5,12,-5,12,-6,11,-6,11,-7,10,-7,9,0,0,0,0,0,0,0,0,0,0,0,0,0,0,0,0,0,0,0,0,0,0,-5,9,-5,9,-6,10,-7,9,-7,10,-8,9,-9,9,-9,9,-10,9,-10,8,-10,8,-10,8,-10,8,-10,8,-9,8,-9,8,-9,8,-8,9,-8,10,-8,10,-8,11,-8,11,-8,11,-8,12,-8,12,-8,12]"
2025-08-18 22:57:51.723507,CSI_DATA,980,1a:00:00:00:00:00,-38,11,0,0,0,0,0,0,0,0,0,-92,0,1,0,168352875,0,31,0,128,0,"[0,0,-15,3,-15,3,-15,3,-14,3,-14,4,-13,4,-13,4,-12,5,-12,5,-12,5,-12,6,-11,6,-12,6,-11,7,-11,6,-12,7,-11,7,-12,7,-13,7,-12,6,-12,6,-12,5,-12,4,-12,4,-12,3,-12,3,0,0,0,0,0,0,0,0,0,0,0,0,0,0,0,0,0,0,0,0,0,0,-10,4,-11,3,-11,2,-12,2,-12,1,-13,1,-13,0,-14,0,-13,-1,-13,-1,-13,-1,-13,-1,-13,-1,-13,0,-13,0,-12,-1,-13,0,-13,1,-13,1,-13,2,-13,2,-14,2,-14,3,-14,4,-14,4,-15,4]"
2025-08-18 22:57:51.920603,CSI_DATA,981,1a:00:00:00:00:00,-38,11,0,0,0,0,0,0,0,0,0,-92,0,1,0,168548431,0,31,0,128,0,"[0,0,-16,-1,-15,-1,-15,-1,-15,-1,-15,0,-14,0,-15,0,-14,1,-14,1,-13,2,-13,2,-13,3,-13,3,-13,3,-14,4,-13,4,-14,4,-14,4,-14,4,-14,3,-14,3,-14,2,-13,1,-13,1,-13,0,-13,-1,0,0,0,0,0,0,0,0,0,0,0,0,0,0,0,0,0,0,0,0,0,0,-11,0,-12,-1,-12,-2,-12,-3,-13,-3,-13,-4,-13,-4,-13,-5,-13,-5,-13,-6,-13,-6,-12,-6,-12,-6,-12,-5,-12,-5,-13,-5,-13,-4,-13,-3,-13,-3,-14,-2,-14,-2,-15,-2,-15,-1,-15,-2,-15,-2,-16,-1]"
2025-08-18 22:57:52.116766,CSI_DATA,982,1a:00:00:00:00:00,-38,11,0,0,0,0,0,0,0,0,0,-92,0,1,0,168749738,0,31,0,128,0,"[0,0,15,0,14,0,14,0,14,0,14,-1,13,-1,13,-1,12,-2,13,-2,12,-3,12,-3,12,-4,12,-4,12,-4,12,-4,12,-4,12,-4,13,-4,13,-4,13,-3,13,-3,13,-2,12,-2,12,-1,12,-1,11,0,0,0,0,0,0,0,0,0,0,0,0,0,0,0,0,0,0,0,0,0,0,0,10,-2,11,-1,11,0,11,1,11,1,12,2,12,3,12,3,12,4,11,4,12,4,11,4,11,3,11,3,12,3,11,3,12,2,12,2,12,1,12,1,13,1,13,1,14,0,14,0,14,0,14,0]"
2025-08-18 22:57:52.320035,CSI_DATA,983,1a:00:00:00:00:00,-38,11,0,0,0,0,0,0,0,0,0,-92,0,1,0,168950899,0,31,0,128,0,"[0,0,6,-15,6,-14,6,-14,5,-14,5,-14,5,-14,4,-14,3,-14,3,-13,2,-13,2,-13,2,-13,1,-14,1,-14,1,-14,1,-14,1,-14,1,-14,1,-15,2,-14,3,-14,3,-14,3,-13,4,-13,4,-12,5,-11,0,0,0,0,0,0,0,0,0,0,0,0,0,0,0,0,0,0,0,0,0,0,2,-11,3,-11,4,-11,5,-11,5,-12,6,-12,7,-11,7,-11,8,-11,8,-10,8,-10,8,-10,8,-10,8,-10,7,-10,7,-10,7,-11,6,-11,6,-12,6,-13,6,-13,6,-13,6,-14,6,-14,6,-14,6,-14]"
2025-08-18 22:57:52.523360,CSI_DATA,984,1a:00:00:00:00:00,-38,11,0,0,0,0,0,0,0,0,0,-92,0,1,0,169152001,0,31,0,128,0,"[0,0,-16,0,-15,-1,-15,0,-14,0,-15,0,-14,0,-14,1,-13,1,-14,2,-13,2,-13,3,-13,3,-13,3,-13,4,-13,4,-13,4,-13,4,-14,4,-14,3,-14,3,-14,2,-14,2,-13,1,-13,1,-12,0,-13,-1,0,0,0,0,0,0,0,0,0,0,0,0,0,0,0,0,0,0,0,0,0,0,-11,1,-12,0,-12,0,-13,-1,-12,-1,-13,-2,-13,-3,-13,-3,-13,-4,-12,-4,-13,-4,-12,-4,-13,-4,-12,-4,-13,-4,-12,-3,-13,-3,-13,-2,-13,-2,-14,-2,-14,-1,-14,-1,-14,0,-15,0,-15,0,-15,0]"
2025-08-18 22:57:54.001843,CSI_DATA,0,1a:00:00:00:00:00,-38,11,0,0,0,0,0,0,0,0,0,-96,0,1,0,1346578,0,42,0,128,0,"[0,0,7,12,7,12,7,11,7,12,8,11,7,11,7,10,8,9,8,10,8,9,8,8,8,8,9,8,10,8,10,8,9,8,9,8,10,8,9,8,8,9,8,9,8,9,8,9,6,9,7,10,5,10,0,0,0,0,0,0,0,0,0,0,0,0,0,0,0,0,0,0,0,0,0,0,6,8,6,9,5,9,5,10,4,11,4,11,3,11,3,12,3,12,2,12,2,12,2,12,2,12,3,11,3,12,3,11,3,11,4,11,4,11,5,11,5,11,5,12,6,12,7,11,7,12,7,12]"
2025-08-18 22:57:54.067910,CSI_DATA,1,1a:00:00:00:00:00,-38,11,0,0,0,0,0,0,0,0,0,-96,0,1,0,1425568,0,31,0,128,0,"[0,0,-16,-3,-15,-2,-15,-2,-15,-2,-15,-2,-14,-2,-14,-1,-14,0,-14,0,-13,1,-13,1,-13,2,-13,2,-13,2,-13,3,-13,3,-14,3,-14,2,-14,2,-14,2,-14,1,-14,0,-13,0,-13,0,-13,-1,-12,-2,0,0,0,0,0,0,0,0,0,0,0,0,0,0,0,0,0,0,0,0,0,0,-11,-1,-12,-1,-12,-2,-12,-3,-12,-3,-13,-4,-13,-5,-13,-6,-12,-6,-12,-6,-12,-6,-12,-6,-12,-6,-12,-6,-12,-5,-12,-5,-12,-5,-13,-4,-13,-4,-13,-4,-14,-3,-14,-3,-15,-2,-15,-2,-15,-2,-15,-2]"
2025-08-18 22:57:54.277001,CSI_DATA,2,1a:00:00:00:00:00,-38,11,0,0,0,0,0,0,0,0,0,-96,0,1,0,1626676,0,31,0,128,0,"[0,0,-12,9,-11,9,-11,8,-11,9,-11,9,-10,9,-10,9,-9,9,-9,9,-8,9,-8,10,-7,10,-7,10,-7,10,-7,11,-7,11,-7,11,-7,11,-8,11,-8,11,-8,10,-8,10,-9,9,-9,9,-9,8,-9,7,0,0,0,0,0,0,0,0,0,0,0,0,0,0,0,0,0,0,0,0,0,0,-8,7,-8,7,-9,6,-10,6,-11,6,-11,5,-12,5,-12,5,-12,4,-12,4,-12,4,-12,4,-12,4,-12,4,-11,4,-11,5,-11,5,-11,6,-11,6,-11,7,-11,7,-11,8,-11,8,-12,8,-12,8,-12,9]"
2025-08-18 22:57:54.468449,CSI_DATA,3,1a:00:00:00:00:00,-38,11,0,0,0,0,0,0,0,0,0,-96,0,1,0,1829547,0,31,0,128,0,"[0,0,11,-10,11,-10,10,-10,10,-10,10,-10,9,-10,9,-10,8,-10,8,-10,8,-11,7,-11,7,-11,7,-11,6,-11,6,-12,6,-12,7,-12,7,-12,7,-12,7,-12,8,-11,8,-11,8,-10,9,-9,9,-8,9,-8,0,0,0,0,0,0,0,0,0,0,0,0,0,0,0,0,0,0,0,0,0,0,7,-9,7,-8,8,-8,9,-8,9,-8,10,-7,11,-7,11,-7,11,-6,11,-6,12,-5,11,-5,11,-5,11,-6,11,-6,11,-6,10,-7,10,-7,10,-8,10,-8,10,-9,10,-9,11,-10,11,-10,11,-10,11,-10]"
2025-08-18 22:57:54.667821,CSI_DATA,4,1a:00:00:00:00:00,-38,11,0,0,0,0,0,0,0,0,0,-96,0,1,0,2028983,0,31,0,128,0,"[0,0,-10,11,-10,11,-10,11,-9,11,-9,11,-8,11,-8,11,-7,11,-7,11,-6,11,-6,11,-5,11,-5,12,-5,12,-5,12,-5,12,-5,12,-5,13,-5,13,-6,12,-6,12,-6,11,-7,11,-7,10,-8,9,-8,9,0,0,0,0,0,0,0,0,0,0,0,0,0,0,0,0,0,0,0,0,0,0,-6,8,-7,8,-8,8,-9,8,-9,8,-10,8,-11,8,-11,7,-11,7,-11,6,-12,6,-11,6,-12,6,-11,6,-11,7,-11,7,-10,7,-10,8,-10,9,-10,9,-10,9,-10,10,-10,10,-10,11,-10,11,-10,11]"
2025-08-18 22:57:54.873234,CSI_DATA,5,1a:00:00:00:00:00,-38,11,0,0,0,0,0,0,0,0,0,-96,0,1,0,2230169,0,31,0,128,0,"[0,0,-14,-5,-14,-5,-14,-5,-14,-5,-14,-5,-14,-4,-13,-4,-13,-3,-13,-3,-13,-2,-13,-2,-13,-1,-13,-1,-13,-1,-13,0,-13,0,-14,-1,-14,-1,-14,-1,-14,-1,-14,-2,-13,-2,-13,-3,-12,-4,-12,-4,-11,-5,0,0,0,0,0,0,0,0,0,0,0,0,0,0,0,0,0,0,0,0,0,0,-11,-3,-11,-4,-11,-4,-11,-5,-12,-6,-11,-6,-11,-7,-11,-8,-11,-8,-11,-9,-10,-8,-10,-9,-10,-8,-10,-8,-10,-8,-11,-7,-11,-7,-11,-7,-12,-6,-12,-6,-12,-6,-13,-5,-13,-6,-14,-6,-14,-6,-14,-5]"
2025-08-18 22:57:55.075305,CSI_DATA,6,1a:00:00:00:00:00,-38,11,0,0,0,0,0,0,0,0,0,-95,0,1,0,2431532,0,31,0,128,0,"[0,0,-13,-9,-13,-9,-13,-9,-12,-8,-12,-8,-12,-8,-12,-7,-12,-7,-12,-6,-12,-5,-12,-5,-12,-5,-13,-4,-13,-4,-13,-4,-13,-4,-13,-4,-13,-4,-13,-5,-13,-5,-13,-6,-12,-6,-12,-6,-11,-6,-11,-7,-10,-7,0,0,0,0,0,0,0,0,0,0,0,0,0,0,0,0,0,0,0,0,0,0,-10,-5,-10,-6,-10,-7,-10,-8,-10,-8,-10,-9,-9,-10,-9,-10,-8,-11,-8,-11,-8,-11,-8,-11,-8,-10,-8,-10,-8,-10,-8,-10,-9,-9,-9,-9,-10,-9,-10,-9,-10,-9,-11,-9,-12,-9,-12,-9,-12,-9,-12,-9]"
2025-08-18 22:57:55.268557,CSI_DATA,7,1a:00:00:00:00:00,-38,11,0,0,0,0,0,0,0,0,0,-95,0,1,0,2632593,0,31,0,128,0,"[0,0,2,15,2,14,2,14,3,14,3,14,3,13,3,13,4,13,4,12,4,12,5,12,5,11,6,11,6,11,6,11,6,11,6,12,6,12,6,12,5,12,4,12,4,12,3,12,3,12,2,11,1,11,0,0,0,0,0,0,0,0,0,0,0,0,0,0,0,0,0,0,0,0,0,0,3,10,3,10,2,11,1,12,1,12,0,12,0,13,-1,13,-1,13,-2,13,-2,12,-2,13,-2,12,-1,12,-1,12,-1,12,-1,12,0,12,1,12,1,13,1,13,2,14,2,14,2,14,2,14,3,15]"
2025-08-18 22:57:55.466355,CSI_DATA,8,1a:00:00:00:00:00,-38,11,0,0,0,0,0,0,0,0,0,-95,0,1,0,2833749,0,31,0,128,0,"[0,0,14,6,13,5,13,5,13,5,13,4,13,4,13,3,13,3,12,3,12,2,13,1,12,1,13,1,13,0,13,0,13,0,13,1,13,1,14,1,13,1,13,2,12,3,12,3,12,3,11,4,10,4,0,0,0,0,0,0,0,0,0,0,0,0,0,0,0,0,0,0,0,0,0,0,10,2,11,2,11,3,11,4,11,5,11,6,11,6,11,7,11,7,10,7,10,8,10,7,10,7,10,7,10,7,10,7,10,6,11,6,11,6,12,5,12,5,12,5,13,5,13,5,13,5,14,5]"
2025-08-18 22:57:55.525788,CSI_DATA,9,1a:00:00:00:00:00,-38,11,0,0,0,0,0,0,0,0,0,-95,0,1,0,2894556,0,42,0,128,0,"[0,0,8,12,8,12,7,11,8,11,8,11,8,10,8,10,8,9,8,9,9,8,9,8,9,8,10,8,10,7,10,7,10,7,10,7,10,8,10,8,10,8,9,9,9,9,8,9,7,9,6,9,6,9,0,0,0,0,0,0,0,0,0,0,0,0,0,0,0,0,0,0,0,0,0,0,7,7,6,8,6,9,6,9,5,10,5,10,4,11,4,11,4,12,3,12,3,12,3,12,3,12,3,11,4,11,4,11,4,11,5,11,5,11,6,11,6,11,7,11,7,11,8,11,8,12,8,12]"
2025-08-18 22:57:55.599928,CSI_DATA,10,1a:00:00:00:00:00,-38,11,0,0,0,0,0,0,0,0,0,-95,0,1,0,2966448,0,31,0,128,0,"[0,0,13,6,12,5,13,5,13,5,13,5,12,4,12,4,12,3,12,3,12,2,12,2,12,2,12,1,12,1,13,1,13,1,13,1,13,1,13,1,13,2,12,2,12,3,12,3,11,4,10,4,10,5,0,0,0,0,0,0,0,0,0,0,0,0,0,0,0,0,0,0,0,0,0,0,10,2,10,3,10,4,10,5,10,5,10,6,10,7,10,7,9,7,9,8,9,8,9,8,9,8,9,7,9,7,9,7,10,7,10,6,11,6,11,6,11,6,12,5,12,5,13,6,13,6,13,6]"
2025-08-18 22:57:55.817274,CSI_DATA,11,1a:00:00:00:00:00,-38,11,0,0,0,0,0,0,0,0,0,-95,0,1,0,3165781,0,31,0,128,0,"[0,0,14,-4,14,-4,14,-4,14,-5,14,-5,13,-5,13,-5,12,-5,12,-6,12,-6,11,-7,11,-7,11,-7,11,-8,11,-8,11,-8,11,-8,11,-8,12,-8,12,-7,12,-6,12,-6,12,-5,12,-5,11,-4,11,-3,0,0,0,0,0,0,0,0,0,0,0,0,0,0,0,0,0,0,0,0,0,0,10,-5,10,-4,11,-4,11,-3,12,-3,12,-2,13,-1,13,-1,13,-1,13,0,13,0,12,0,12,0,12,0,12,0,12,-1,12,-2,12,-2,13,-3,13,-3,13,-3,13,-4,14,-4,14,-4,14,-4,14,-4]"
2025-08-18 22:57:55.999067,CSI_DATA,12,1a:00:00:00:00:00,-38,11,0,0,0,0,0,0,0,0,0,-95,0,1,0,3367067,0,31,0,128,0,"[0,0,9,12,9,11,9,11,9,11,9,10,9,10,9,9,9,9,9,8,10,8,10,8,10,7,10,7,11,7,11,7,11,7,11,7,11,7,11,7,11,8,10,8,10,8,9,9,8,9,8,9,7,9,0,0,0,0,0,0,0,0,0,0,0,0,0,0,0,0,0,0,0,0,0,0,8,7,7,7,7,9,7,9,7,10,6,10,6,11,6,11,5,11,5,12,4,12,4,11,5,11,5,11,5,11,5,11,5,11,6,10,7,10,7,11,8,11,8,11,9,11,9,11,9,11,10,11]"
2025-08-18 22:57:56.212597,CSI_DATA,13,1a:00:00:00:00:00,-38,11,0,0,0,0,0,0,0,0,0,-95,0,1,0,3568377,0,31,0,128,0,"[0,0,-10,-12,-9,-12,-9,-12,-9,-12,-9,-11,-9,-11,-10,-10,-10,-10,-10,-9,-10,-9,-10,-8,-11,-8,-11,-8,-11,-8,-11,-8,-11,-8,-12,-8,-12,-8,-11,-9,-11,-9,-11,-9,-10,-10,-9,-9,-9,-10,-8,-10,-7,-10,0,0,0,0,0,0,0,0,0,0,0,0,0,0,0,0,0,0,0,0,0,0,-8,-8,-8,-9,-7,-10,-7,-10,-7,-11,-7,-11,-6,-12,-6,-12,-5,-12,-5,-12,-5,-12,-5,-12,-5,-12,-5,-12,-5,-12,-5,-12,-6,-12,-7,-11,-7,-11,-7,-11,-8,-12,-8,-12,-9,-12,-9,-12,-10,-12,-9,-12]"
2025-08-18 22:57:56.404347,CSI_DATA,14,1a:00:00:00:00:00,-38,11,0,0,0,0,0,0,0,0,0,-95,0,1,0,3769455,0,31,0,128,0,"[0,0,1,14,1,14,1,14,2,14,2,13,2,13,2,13,3,12,3,12,4,12,4,11,4,11,5,11,5,11,5,12,5,11,5,12,5,12,5,12,4,12,4,12,3,12,3,12,2,12,1,11,1,11,0,0,0,0,0,0,0,0,0,0,0,0,0,0,0,0,0,0,0,0,0,0,2,10,2,10,1,11,0,11,0,12,-1,12,-1,12,-2,12,-2,12,-3,12,-3,12,-3,12,-3,12,-2,12,-2,12,-2,12,-1,12,-1,12,0,12,0,13,0,13,1,13,1,14,1,14,1,14,1,14]"
2025-08-18 22:57:56.608338,CSI_DATA,15,1a:00:00:00:00:00,-38,11,0,0,0,0,0,0,0,0,0,-95,0,1,0,3970603,0,31,0,128,0,"[0,0,13,-6,13,-6,13,-7,13,-7,12,-7,12,-7,11,-7,11,-7,10,-7,10,-8,10,-8,9,-9,9,-9,9,-9,9,-9,9,-9,9,-10,10,-10,10,-9,10,-9,10,-8,10,-8,10,-7,10,-7,10,-6,10,-5,0,0,0,0,0,0,0,0,0,0,0,0,0,0,0,0,0,0,0,0,0,0,9,-6,9,-5,10,-5,10,-4,11,-4,12,-4,12,-3,12,-3,12,-2,12,-2,12,-2,12,-1,12,-2,12,-2,12,-2,11,-2,12,-3,12,-4,12,-4,12,-4,12,-5,12,-5,12,-6,13,-6,13,-6,13,-7]"
2025-08-18 22:57:56.809618,CSI_DATA,16,1a:00:00:00:00:00,-38,11,0,0,0,0,0,0,0,0,0,-95,0,1,0,4172051,0,31,0,128,0,"[0,0,-5,14,-5,14,-4,14,-4,14,-4,13,-4,13,-3,13,-2,13,-2,13,-1,13,-1,13,0,12,0,13,0,13,0,13,0,13,0,13,0,13,0,14,-1,13,-1,13,-2,13,-2,13,-3,12,-3,11,-4,11,0,0,0,0,0,0,0,0,0,0,0,0,0,0,0,0,0,0,0,0,0,0,-2,10,-3,11,-4,11,-5,11,-5,11,-6,11,-7,11,-7,11,-7,11,-8,11,-8,10,-8,10,-7,10,-7,11,-7,10,-7,11,-6,11,-6,11,-6,11,-5,12,-5,12,-5,13,-4,13,-4,14,-4,14,-4,14]"
2025-08-18 22:57:57.014907,CSI_DATA,17,1a:00:00:00:00:00,-38,11,0,0,0,0,0,0,0,0,0,-95,0,1,0,4373050,0,31,0,128,0,"[0,0,12,-9,11,-9,11,-9,11,-9,11,-9,10,-9,10,-9,9,-9,9,-9,8,-10,8,-10,7,-10,7,-10,7,-11,7,-11,7,-11,8,-11,8,-11,8,-11,8,-11,9,-10,9,-10,9,-9,9,-8,9,-8,9,-7,0,0,0,0,0,0,0,0,0,0,0,0,0,0,0,0,0,0,0,0,0,0,7,-8,8,-8,9,-7,9,-7,10,-7,10,-6,11,-6,11,-5,11,-5,12,-5,11,-4,12,-4,11,-4,11,-5,11,-5,11,-5,11,-6,11,-6,11,-7,11,-7,11,-8,11,-8,11,-8,11,-9,11,-9,12,-9]"
2025-08-18 22:57:57.071442,CSI_DATA,18,1a:00:00:00:00:00,-38,11,0,0,0,0,0,0,0,0,0,-95,0,1,0,4433754,0,42,0,128,0,"[0,0,-14,7,-13,6,-13,6,-13,6,-13,7,-12,7,-12,7,-11,7,-11,7,-10,7,-10,8,-9,8,-9,8,-10,9,-10,9,-10,9,-10,9,-10,9,-10,9,-11,8,-11,8,-11,7,-11,6,-11,6,-11,5,-11,5,0,0,0,0,0,0,0,0,0,0,0,0,0,0,0,0,0,0,0,0,0,0,-9,6,-9,6,-10,5,-11,5,-11,4,-12,4,-12,4,-13,3,-13,3,-13,2,-13,2,-13,2,-13,2,-12,3,-13,3,-12,3,-12,4,-12,4,-12,5,-12,5,-12,5,-13,6,-13,6,-13,7,-13,7,-13,7]"
2025-08-18 22:57:57.132289,CSI_DATA,19,1a:00:00:00:00:00,-38,11,0,0,0,0,0,0,0,0,0,-95,0,1,0,4497790,0,31,0,128,0,"[0,0,3,15,3,14,3,14,3,14,3,13,4,13,4,13,4,12,4,11,5,11,5,11,6,11,6,11,6,11,6,11,7,11,7,11,7,11,7,11,6,11,6,12,5,12,4,12,3,12,3,11,2,11,0,0,0,0,0,0,0,0,0,0,0,0,0,0,0,0,0,0,0,0,0,0,3,10,3,10,2,11,1,11,1,12,0,12,0,13,-1,13,-1,13,-2,13,-2,13,-2,12,-2,12,-2,12,-1,12,-1,12,0,12,0,12,1,13,1,13,2,13,2,13,2,14,2,14,2,14,3,14]"
2025-08-18 22:57:57.342317,CSI_DATA,20,1a:00:00:00:00:00,-38,11,0,0,0,0,0,0,0,0,0,-94,0,1,0,4698731,0,31,0,128,0,"[0,0,-4,14,-4,14,-4,14,-3,13,-3,13,-3,13,-3,13,-2,13,-2,12,-1,12,-1,12,0,12,0,12,0,13,1,12,1,13,0,13,0,13,0,13,-1,13,-1,13,-2,12,-2,12,-2,12,-3,11,-4,11,0,0,0,0,0,0,0,0,0,0,0,0,0,0,0,0,0,0,0,0,0,0,-1,10,-2,11,-3,11,-4,11,-4,11,-5,11,-6,11,-6,11,-7,11,-7,11,-7,11,-7,10,-7,11,-7,11,-6,11,-6,10,-6,11,-5,11,-5,11,-5,12,-5,12,-4,13,-4,13,-4,14,-4,14,-4,14]"
2025-08-18 22:57:57.538026,CSI_DATA,21,1a:00:00:00:00:00,-38,11,0,0,0,0,0,0,0,0,0,-94,0,1,0,4900178,0,31,0,128,0,"[0,0,14,-3,14,-3,14,-3,14,-3,13,-4,13,-3,13,-4,12,-4,12,-5,11,-5,11,-5,11,-6,11,-6,11,-7,11,-7,11,-7,11,-7,12,-7,12,-7,12,-6,12,-5,12,-5,11,-4,11,-4,11,-3,11,-2,0,0,0,0,0,0,0,0,0,0,0,0,0,0,0,0,0,0,0,0,0,0,10,-4,10,-3,11,-3,11,-2,12,-1,12,-1,12,0,13,1,12,1,12,1,12,1,12,1,12,1,12,1,12,1,12,0,12,0,12,-1,12,-1,13,-2,13,-2,13,-2,14,-3,14,-3,14,-3,14,-3]"
2025-08-18 22:57:57.739964,CSI_DATA,22,1a:00:00:00:00:00,-38,11,0,0,0,0,0,0,0,0,0,-94,0,1,0,5100974,0,31,0,128,0,"[0,0,-15,3,-14,3,-15,3,-14,3,-14,3,-13,3,-13,3,-13,4,-13,4,-12,5,-11,5,-11,6,-11,6,-11,6,-11,6,-12,6,-11,6,-12,6,-12,6,-12,5,-13,5,-12,4,-12,4,-12,4,-12,3,-12,2,0,0,0,0,0,0,0,0,0,0,0,0,0,0,0,0,0,0,0,0,0,0,-10,4,-11,3,-11,3,-12,2,-12,2,-13,1,-13,0,-13,0,-13,-1,-13,-1,-13,-1,-13,0,-13,0,-13,0,-13,0,-12,0,-13,0,-13,1,-13,1,-13,1,-13,2,-14,2,-14,3,-14,4,-14,4,-15,3]"
2025-08-18 22:57:57.940294,CSI_DATA,23,1a:00:00:00:00:00,-38,11,0,0,0,0,0,0,0,0,0,-94,0,1,0,5302237,0,31,0,128,0,"[0,0,9,-11,9,-12,9,-12,9,-12,8,-12,8,-12,7,-12,7,-12,6,-12,6,-12,6,-12,5,-12,5,-12,4,-12,4,-13,4,-13,4,-14,4,-13,4,-13,5,-13,5,-13,5,-12,6,-12,7,-11,7,-10,7,-9,0,0,0,0,0,0,0,0,0,0,0,0,0,0,0,0,0,0,0,0,0,0,6,-10,7,-9,8,-9,8,-9,9,-9,9,-8,10,-8,10,-8,11,-8,11,-7,11,-6,11,-6,11,-6,11,-7,10,-7,10,-8,9,-8,10,-9,9,-9,9,-10,9,-10,9,-11,10,-11,10,-11,10,-11,9,-11]"
2025-08-18 22:57:58.144305,CSI_DATA,24,1a:00:00:00:00:00,-38,11,0,0,0,0,0,0,0,0,0,-94,0,1,0,5503366,0,31,0,128,0,"[0,0,0,-16,0,-15,0,-15,0,-15,-1,-15,-1,-14,-1,-14,-2,-14,-2,-14,-3,-13,-3,-13,-4,-13,-4,-13,-4,-13,-5,-13,-5,-13,-5,-13,-4,-14,-4,-14,-4,-14,-3,-14,-3,-13,-2,-13,-1,-13,-1,-12,0,-12,0,0,0,0,0,0,0,0,0,0,0,0,0,0,0,0,0,0,0,0,0,0,-1,-11,-1,-12,0,-12,1,-13,1,-13,2,-13,3,-13,3,-13,3,-13,4,-13,4,-13,4,-12,4,-13,4,-12,3,-13,3,-12,2,-13,2,-13,2,-14,1,-14,0,-14,0,-14,0,-15,0,-15,0,-15,0,-16]"
2025-08-18 22:57:58.337646,CSI_DATA,25,1a:00:00:00:00:00,-38,11,0,0,0,0,0,0,0,0,0,-94,0,1,0,5704511,0,31,0,128,0,"[0,0,5,14,4,14,5,14,5,13,5,13,5,12,5,12,6,11,6,11,6,10,7,10,7,10,7,10,8,10,7,10,8,10,8,10,8,11,8,11,7,11,7,11,6,11,5,11,5,11,4,11,3,11,0,0,0,0,0,0,0,0,0,0,0,0,0,0,0,0,0,0,0,0,0,0,5,9,5,10,4,10,4,11,3,11,2,12,2,12,2,13,1,13,1,12,0,13,0,12,0,12,1,12,1,12,1,12,2,12,2,12,3,12,3,12,3,12,4,13,4,13,4,14,5,14,5,14]"
2025-08-18 22:57:58.554115,CSI_DATA,26,1a:00:00:00:00:00,-38,11,0,0,0,0,0,0,0,0,0,-94,0,1,0,5905846,0,31,0,128,0,"[0,0,-15,4,-14,4,-14,4,-14,4,-14,4,-13,4,-13,4,-12,5,-12,5,-11,5,-11,6,-11,6,-11,7,-11,7,-11,7,-11,7,-11,7,-12,7,-12,7,-12,6,-12,6,-12,5,-12,5,-12,4,-12,3,-12,3,0,0,0,0,0,0,0,0,0,0,0,0,0,0,0,0,0,0,0,0,0,0,-10,4,-11,4,-11,3,-12,2,-12,2,-13,1,-13,1,-13,0,-13,0,-13,0,-13,-1,-13,-1,-13,0,-13,0,-13,0,-13,0,-13,1,-13,1,-13,2,-13,2,-13,3,-14,3,-14,4,-14,4,-14,4,-14,4]"
2025-08-18 22:57:58.602395,CSI_DATA,27,1a:00:00:00:00:00,-38,11,0,0,0,0,0,0,0,0,0,-94,0,1,0,5966611,0,42,0,128,0,"[0,0,15,0,14,0,14,0,14,0,14,-1,13,-1,13,-1,13,-2,13,-2,12,-3,12,-3,12,-4,12,-4,12,-4,12,-4,13,-4,12,-4,13,-4,13,-4,13,-4,13,-3,12,-3,12,-2,12,-1,12,-1,11,0,0,0,0,0,0,0,0,0,0,0,0,0,0,0,0,0,0,0,0,0,0,0,10,-1,11,0,11,0,11,1,12,2,12,2,12,3,12,3,12,4,12,4,11,4,12,4,11,4,11,4,11,3,11,3,12,3,12,2,12,2,12,1,13,1,13,1,14,0,14,0,14,0,15,0]"
2025-08-18 22:57:58.674025,CSI_DATA,28,1a:00:00:00:00:00,-38,11,0,0,0,0,0,0,0,0,0,-94,0,1,0,6037078,0,31,0,128,0,"[0,0,-3,15,-2,15,-2,15,-2,14,-1,14,-1,14,-1,14,0,13,0,13,1,13,1,13,2,13,2,13,2,13,3,13,3,13,3,13,2,13,2,14,2,13,1,13,1,13,0,13,-1,12,-1,12,-2,12,0,0,0,0,0,0,0,0,0,0,0,0,0,0,0,0,0,0,0,0,0,0,-1,11,-1,11,-2,11,-3,11,-3,12,-4,12,-5,12,-5,12,-6,12,-6,12,-6,12,-6,11,-6,11,-6,11,-5,11,-5,12,-5,12,-4,12,-4,12,-3,13,-4,13,-3,14,-3,15,-2,15,-3,15,-2,15]"
2025-08-18 22:57:58.875854,CSI_DATA,29,1a:00:00:00:00:00,-38,11,0,0,0,0,0,0,0,0,0,-94,0,1,0,6238507,0,31,0,128,0,"[0,0,9,-11,9,-12,9,-11,9,-11,8,-11,8,-11,7,-11,7,-11,6,-11,6,-12,5,-11,5,-12,4,-12,4,-12,4,-13,4,-12,4,-13,5,-13,5,-13,5,-12,6,-12,6,-12,6,-11,6,-10,7,-10,7,-9,0,0,0,0,0,0,0,0,0,0,0,0,0,0,0,0,0,0,0,0,0,0,5,-9,6,-9,7,-9,8,-9,8,-9,9,-8,10,-8,10,-8,10,-7,11,-7,10,-7,10,-7,10,-7,10,-7,10,-7,9,-7,9,-8,9,-8,9,-9,9,-9,9,-10,9,-10,9,-11,9,-11,9,-11,9,-11]"
2025-08-18 22:57:59.088996,CSI_DATA,30,1a:00:00:00:00:00,-38,11,0,0,0,0,0,0,0,0,0,-94,0,1,0,6439480,0,31,0,128,0,"[0,0,-13,9,-12,9,-12,9,-12,9,-11,9,-11,8,-10,9,-10,9,-9,9,-9,9,-9,9,-8,10,-8,10,-8,10,-8,11,-7,11,-8,11,-8,11,-8,11,-9,11,-9,10,-9,10,-10,9,-10,8,-10,7,-10,7,0,0,0,0,0,0,0,0,0,0,0,0,0,0,0,0,0,0,0,0,0,0,-8,7,-9,7,-10,7,-10,6,-11,6,-12,6,-12,5,-12,5,-13,5,-13,4,-13,4,-13,4,-12,4,-12,4,-12,4,-12,4,-12,5,-12,6,-12,6,-12,7,-12,7,-12,8,-12,8,-12,8,-12,9,-12,9]"
2025-08-18 22:57:59.279026,CSI_DATA,31,1a:00:00:00:00:00,-38,11,0,0,0,0,0,0,0,0,0,-94,0,1,0,6640605,0,31,0,128,0,"[0,0,7,-14,7,-14,7,-14,7,-13,6,-14,6,-13,5,-13,4,-13,4,-13,3,-13,3,-13,2,-13,3,-14,2,-14,2,-14,2,-14,2,-14,2,-14,2,-14,3,-14,3,-14,3,-13,4,-12,5,-12,5,-11,5,-11,0,0,0,0,0,0,0,0,0,0,0,0,0,0,0,0,0,0,0,0,0,0,4,-11,5,-11,6,-11,6,-11,7,-11,8,-11,8,-11,9,-10,9,-10,9,-9,10,-9,9,-9,9,-9,9,-9,9,-10,8,-10,8,-10,7,-10,8,-11,7,-12,7,-12,7,-12,7,-13,7,-13,7,-14,7,-14]"
2025-08-18 22:57:59.484721,CSI_DATA,32,1a:00:00:00:00:00,-38,11,0,0,0,0,0,0,0,0,0,-94,0,1,0,6841742,0,31,0,128,0,"[0,0,-13,-9,-13,-9,-13,-8,-13,-8,-13,-8,-12,-7,-12,-7,-12,-6,-12,-6,-13,-5,-12,-5,-13,-4,-13,-4,-13,-4,-13,-3,-13,-3,-14,-4,-13,-4,-14,-4,-14,-4,-13,-5,-13,-5,-12,-6,-11,-6,-11,-6,-10,-7,0,0,0,0,0,0,0,0,0,0,0,0,0,0,0,0,0,0,0,0,0,0,-10,-5,-10,-6,-10,-7,-10,-8,-10,-8,-10,-9,-9,-10,-9,-10,-9,-10,-8,-11,-8,-11,-8,-11,-8,-10,-8,-10,-9,-10,-9,-10,-9,-9,-10,-9,-10,-9,-11,-9,-11,-9,-12,-9,-12,-9,-13,-9,-13,-8,-13,-9]"
2025-08-18 22:57:59.680732,CSI_DATA,33,1a:00:00:00:00:00,-38,11,0,0,0,0,0,0,0,0,0,-94,0,1,0,7043113,0,31,0,128,0,"[0,0,-6,14,-6,13,-6,13,-6,13,-5,13,-5,13,-4,12,-4,13,-3,12,-3,12,-3,12,-2,12,-2,12,-1,13,-1,13,-1,13,-1,13,-1,13,-2,13,-2,13,-2,13,-3,13,-3,12,-4,12,-4,11,-5,10,0,0,0,0,0,0,0,0,0,0,0,0,0,0,0,0,0,0,0,0,0,0,-4,10,-4,10,-5,10,-6,10,-7,10,-7,11,-8,11,-8,10,-9,10,-9,10,-9,9,-9,9,-9,9,-9,9,-8,10,-8,9,-8,10,-7,11,-7,11,-7,12,-7,12,-6,12,-6,13,-6,13,-7,13,-6,13]"
2025-08-18 22:57:59.888339,CSI_DATA,34,1a:00:00:00:00:00,-38,11,0,0,0,0,0,0,0,0,0,-94,0,1,0,7244511,0,31,0,128,0,"[0,0,-9,-12,-10,-13,-9,-12,-9,-12,-9,-11,-9,-11,-9,-11,-9,-10,-10,-10,-10,-9,-10,-9,-11,-8,-11,-8,-11,-8,-11,-8,-12,-8,-12,-8,-11,-8,-12,-9,-11,-9,-11,-9,-10,-10,-9,-10,-9,-9,-8,-10,-7,-10,0,0,0,0,0,0,0,0,0,0,0,0,0,0,0,0,0,0,0,0,0,0,-8,-8,-8,-9,-7,-10,-7,-10,-7,-11,-6,-12,-6,-12,-5,-12,-5,-13,-5,-13,-5,-13,-5,-12,-5,-12,-5,-12,-5,-12,-5,-12,-6,-12,-6,-12,-7,-12,-7,-12,-8,-12,-8,-12,-9,-12,-9,-12,-9,-13,-9,-13]"
2025-08-18 22:58:00.089675,CSI_DATA,35,1a:00:00:00:00:00,-38,11,0,0,0,0,0,0,0,0,0,-94,0,1,0,7445480,0,31,0,128,0,"[0,0,-6,-14,-7,-14,-7,-14,-7,-14,-7,-13,-7,-13,-7,-12,-7,-12,-8,-11,-8,-11,-9,-10,-9,-10,-9,-10,-9,-10,-10,-10,-10,-10,-10,-11,-10,-10,-9,-11,-9,-11,-8,-11,-7,-11,-7,-11,-7,-11,-6,-11,-5,-11,0,0,0,0,0,0,0,0,0,0,0,0,0,0,0,0,0,0,0,0,0,0,-7,-10,-6,-10,-6,-11,-5,-12,-5,-12,-4,-13,-3,-13,-3,-13,-3,-14,-2,-14,-2,-14,-2,-13,-3,-13,-3,-13,-3,-13,-3,-13,-3,-13,-4,-13,-5,-13,-5,-13,-5,-13,-5,-14,-7,-14,-7,-14,-7,-14,-7,-14]"
2025-08-18 22:58:00.145743,CSI_DATA,36,1a:00:00:00:00:00,-38,11,0,0,0,0,0,0,0,0,0,-94,0,1,0,7506200,0,42,0,128,0,"[0,0,-15,3,-14,3,-15,3,-14,4,-14,4,-13,4,-13,4,-12,5,-12,5,-11,5,-12,6,-11,7,-11,7,-11,7,-11,7,-11,7,-11,7,-12,8,-12,7,-12,7,-12,6,-12,6,-11,5,-12,5,-12,4,-12,3,0,0,0,0,0,0,0,0,0,0,0,0,0,0,0,0,0,0,0,0,0,0,-11,3,-12,3,-12,2,-13,2,-13,1,-14,1,-14,0,-14,0,-14,-1,-13,-1,-14,-1,-14,-1,-13,-1,-13,-1,-14,-1,-13,0,-14,0,-13,1,-14,1,-14,2,-14,2,-14,2,-14,3,-15,3,-15,3,-15,3]"
2025-08-18 22:58:00.204515,CSI_DATA,37,1a:00:00:00:00:00,-38,11,0,0,0,0,0,0,0,0,0,-94,0,1,0,7569761,0,31,0,128,0,"[0,0,1,14,2,14,2,14,2,13,2,13,2,13,2,13,3,12,3,12,4,11,4,11,4,11,5,11,5,11,5,11,5,11,5,12,5,12,5,12,4,12,3,12,3,12,2,12,2,12,1,11,1,11,0,0,0,0,0,0,0,0,0,0,0,0,0,0,0,0,0,0,0,0,0,0,3,10,3,10,2,11,2,11,1,12,0,12,0,13,-1,13,-1,13,-2,12,-2,13,-2,12,-2,12,-2,12,-1,12,-1,12,-1,12,0,12,0,13,0,13,1,13,1,13,2,14,2,14,2,14,2,14]"
2025-08-18 22:58:00.409411,CSI_DATA,38,1a:00:00:00:00:00,-38,11,0,0,0,0,0,0,0,0,0,-94,0,1,0,7770822,0,31,0,128,0,"[0,0,-14,5,-14,6,-14,5,-13,6,-13,6,-13,6,-12,6,-12,6,-11,7,-11,7,-10,7,-10,8,-10,8,-10,8,-10,9,-10,9,-10,9,-10,9,-11,8,-11,8,-11,8,-11,7,-11,7,-11,6,-11,5,-11,4,0,0,0,0,0,0,0,0,0,0,0,0,0,0,0,0,0,0,0,0,0,0,-10,5,-11,5,-11,4,-12,3,-12,3,-13,2,-13,2,-13,2,-14,1,-13,1,-14,0,-13,1,-13,1,-13,1,-13,1,-13,1,-13,2,-13,3,-13,3,-13,4,-13,4,-13,4,-14,5,-14,5,-14,5,-14,6]"
2025-08-18 22:58:00.603554,CSI_DATA,39,1a:00:00:00:00:00,-38,11,0,0,0,0,0,0,0,0,0,-94,0,1,0,7971969,0,31,0,128,0,"[0,0,8,13,8,12,8,12,8,11,8,11,7,11,7,10,8,10,8,9,8,9,9,8,9,8,9,8,9,8,10,8,10,7,10,8,10,8,9,8,9,9,8,9,8,9,7,9,7,9,6,9,5,9,0,0,0,0,0,0,0,0,0,0,0,0,0,0,0,0,0,0,0,0,0,0,7,7,7,8,7,9,6,10,6,10,6,11,5,12,4,12,4,12,4,12,4,12,3,12,3,12,4,11,4,11,4,11,5,11,5,11,6,11,6,11,6,11,7,12,7,12,8,12,8,12,8,12]"
2025-08-18 22:58:00.810971,CSI_DATA,40,1a:00:00:00:00:00,-39,11,0,0,0,0,0,0,0,0,0,-94,0,1,0,8173276,0,31,0,128,0,"[0,0,-8,12,-8,12,-8,12,-7,12,-7,12,-6,12,-6,12,-6,12,-5,11,-5,12,-4,12,-3,12,-3,12,-3,12,-3,12,-3,12,-3,13,-3,12,-4,12,-4,12,-4,12,-5,12,-5,11,-5,11,-6,10,-6,10,0,0,0,0,0,0,0,0,0,0,0,0,0,0,0,0,0,0,0,0,0,0,-4,10,-5,9,-6,10,-7,9,-7,10,-8,9,-9,9,-9,9,-9,9,-10,9,-10,8,-10,8,-10,8,-9,8,-9,8,-9,9,-8,9,-8,10,-8,10,-8,11,-8,11,-8,11,-8,12,-8,12,-8,12,-7,12]"
2025-08-18 22:58:01.017628,CSI_DATA,41,1a:00:00:00:00:00,-38,11,0,0,0,0,0,0,0,0,0,-94,0,1,0,8374555,0,31,0,128,0,"[0,0,-15,-4,-15,-4,-15,-4,-14,-3,-15,-3,-14,-3,-14,-2,-14,-2,-14,-1,-13,-1,-13,0,-13,0,-13,0,-13,1,-13,1,-14,1,-14,1,-14,1,-14,1,-14,0,-14,0,-14,-1,-13,-1,-13,-2,-12,-3,-12,-3,0,0,0,0,0,0,0,0,0,0,0,0,0,0,0,0,0,0,0,0,0,0,-11,-2,-11,-2,-11,-3,-12,-4,-12,-4,-12,-5,-12,-6,-12,-6,-12,-6,-11,-7,-11,-7,-11,-7,-11,-7,-11,-6,-11,-6,-11,-6,-12,-5,-12,-5,-13,-5,-13,-4,-13,-4,-14,-4,-14,-3,-15,-4,-15,-3,-15,-3]"
2025-08-18 22:58:01.213692,CSI_DATA,42,1a:00:00:00:00:00,-38,11,0,0,0,0,0,0,0,0,0,-94,0,1,0,8575879,0,31,0,128,0,"[0,0,-10,12,-9,12,-9,12,-9,12,-8,12,-8,11,-8,12,-7,12,-6,12,-6,12,-6,12,-5,12,-5,12,-5,13,-5,13,-5,12,-5,13,-5,13,-6,13,-6,13,-7,12,-7,12,-7,11,-8,10,-8,9,-8,9,0,0,0,0,0,0,0,0,0,0,0,0,0,0,0,0,0,0,0,0,0,0,-5,9,-6,9,-7,9,-7,9,-8,9,-9,9,-9,9,-10,8,-10,8,-10,8,-10,8,-10,8,-10,8,-10,8,-10,8,-10,8,-9,8,-9,9,-9,9,-9,10,-9,10,-9,11,-9,11,-9,12,-9,12,-9,12]"
2025-08-18 22:58:01.415947,CSI_DATA,43,1a:00:00:00:00:00,-38,11,0,0,0,0,0,0,0,0,0,-93,0,1,0,8776816,0,31,0,128,0,"[0,0,10,-11,10,-11,10,-11,10,-11,9,-12,9,-11,8,-11,8,-11,7,-11,7,-11,6,-12,6,-12,5,-12,5,-13,5,-13,5,-13,5,-13,6,-13,6,-13,7,-13,7,-12,7,-11,7,-11,7,-11,7,-10,8,-9,0,0,0,0,0,0,0,0,0,0,0,0,0,0,0,0,0,0,0,0,0,0,6,-9,7,-8,8,-8,8,-8,9,-8,10,-8,10,-7,10,-7,11,-7,11,-6,11,-7,11,-6,11,-7,10,-7,10,-7,10,-7,10,-8,9,-8,10,-9,10,-9,10,-10,10,-10,10,-10,10,-11,10,-11,10,-11]"
2025-08-18 22:58:01.614843,CSI_DATA,44,1a:00:00:00:00:00,-38,11,0,0,0,0,0,0,0,0,0,-93,0,1,0,8977958,0,31,0,128,0,"[0,0,13,7,13,7,13,7,13,6,12,6,12,5,12,5,12,4,12,4,12,3,12,3,12,2,12,2,13,2,13,2,13,2,13,2,13,2,13,2,13,3,13,3,12,4,12,4,11,4,11,5,10,5,0,0,0,0,0,0,0,0,0,0,0,0,0,0,0,0,0,0,0,0,0,0,9,3,9,4,9,5,9,6,9,6,10,7,9,8,9,8,9,8,9,9,8,9,8,9,8,9,8,8,9,8,9,8,9,8,10,7,10,7,11,7,11,6,12,7,12,6,12,7,13,7,13,6]"
2025-08-18 22:58:01.672691,CSI_DATA,45,1a:00:00:00:00:00,-38,11,0,0,0,0,0,0,0,0,0,-93,0,1,0,9038734,0,42,0,128,0,"[0,0,14,4,14,3,14,3,14,3,14,3,13,2,13,2,13,2,13,1,13,1,13,0,13,0,12,0,13,-1,13,-1,13,-1,13,-1,13,0,13,0,13,0,13,1,12,1,12,2,12,3,11,3,11,4,0,0,0,0,0,0,0,0,0,0,0,0,0,0,0,0,0,0,0,0,0,0,10,1,10,1,11,2,11,3,11,3,11,4,11,5,11,5,11,5,10,6,10,6,10,6,10,6,10,6,11,5,10,5,11,5,11,4,12,4,12,4,12,4,13,3,13,3,13,4,14,4,14,4]"
2025-08-18 22:58:01.753259,CSI_DATA,46,1a:00:00:00:00:00,-38,11,0,0,0,0,0,0,0,0,0,-93,0,1,0,9110761,0,31,0,128,0,"[0,0,-4,-16,-4,-15,-5,-15,-4,-15,-5,-15,-5,-14,-5,-14,-5,-13,-6,-13,-6,-13,-7,-12,-7,-12,-7,-12,-8,-12,-8,-12,-8,-12,-8,-12,-8,-13,-8,-13,-7,-13,-6,-13,-6,-13,-5,-13,-5,-13,-4,-12,-3,-12,0,0,0,0,0,0,0,0,0,0,0,0,0,0,0,0,0,0,0,0,0,0,-4,-10,-4,-11,-3,-12,-3,-12,-2,-13,-2,-13,-1,-13,-1,-14,0,-14,0,-14,0,-14,0,-13,0,-13,0,-13,0,-13,-1,-13,-1,-13,-2,-14,-2,-14,-3,-14,-3,-14,-3,-14,-4,-15,-4,-15,-4,-15,-4,-15]"
2025-08-18 22:58:01.945295,CSI_DATA,47,1a:00:00:00:00:00,-38,11,0,0,0,0,0,0,0,0,0,-93,0,1,0,9311562,0,31,0,128,0,"[0,0,9,11,9,11,9,10,9,10,9,10,9,10,9,9,9,8,9,8,10,7,10,7,10,7,11,6,10,6,11,6,11,6,11,7,11,7,11,7,10,8,10,8,9,8,9,8,8,8,8,8,7,9,0,0,0,0,0,0,0,0,0,0,0,0,0,0,0,0,0,0,0,0,0,0,7,6,7,7,7,8,7,8,7,9,6,10,6,10,6,11,5,11,5,11,5,11,5,11,5,11,5,10,5,10,5,10,6,10,6,10,7,10,7,10,8,10,8,10,9,10,9,10,9,11,9,10]"
2025-08-18 22:58:02.164497,CSI_DATA,48,1a:00:00:00:00:00,-38,11,0,0,0,0,0,0,0,0,0,-93,0,1,0,9512616,0,31,0,128,0,"[0,0,-4,15,-4,15,-3,14,-3,14,-3,14,-2,14,-2,13,-1,13,-1,13,-1,13,0,13,0,13,0,13,1,13,1,13,1,13,1,14,0,13,0,14,0,14,-1,14,-1,13,-2,13,-2,12,-3,11,-4,11,0,0,0,0,0,0,0,0,0,0,0,0,0,0,0,0,0,0,0,0,0,0,-1,10,-2,10,-2,11,-3,11,-3,11,-4,11,-5,12,-5,12,-6,11,-6,11,-6,11,-7,11,-6,11,-6,11,-6,11,-6,11,-5,11,-4,12,-4,12,-4,13,-4,13,-3,13,-3,14,-3,14,-4,14,-3,15]"
2025-08-18 22:58:02.347194,CSI_DATA,49,1a:00:00:00:00:00,-38,11,0,0,0,0,0,0,0,0,0,-93,0,1,0,9715145,0,31,0,128,0,"[0,0,9,11,9,11,9,11,9,11,9,10,9,10,9,9,9,9,9,8,9,8,9,8,10,7,10,7,10,7,11,7,11,7,11,8,10,7,10,8,10,8,9,8,9,9,8,9,7,9,7,9,6,9,0,0,0,0,0,0,0,0,0,0,0,0,0,0,0,0,0,0,0,0,0,0,7,6,7,7,7,8,7,8,7,9,6,10,6,10,6,11,5,11,5,11,4,11,4,11,4,11,5,11,5,10,5,10,6,10,6,10,6,10,7,10,7,10,8,10,8,11,9,11,9,11,9,11]"
2025-08-18 22:58:02.551167,CSI_DATA,50,1a:00:00:00:00:00,-38,11,0,0,0,0,0,0,0,0,0,-93,0,1,0,9914957,0,31,0,128,0,"[0,0,-2,15,-2,15,-2,14,-1,14,-1,14,-1,14,-1,14,0,13,0,13,1,13,1,12,2,12,2,13,2,13,2,13,2,13,2,13,2,13,2,13,1,13,0,13,0,13,-1,12,-1,12,-2,11,-2,11,0,0,0,0,0,0,0,0,0,0,0,0,0,0,0,0,0,0,0,0,0,0,0,10,0,10,-1,11,-2,11,-2,11,-3,12,-4,12,-4,12,-4,12,-5,12,-5,11,-5,11,-5,11,-4,11,-4,11,-4,11,-4,12,-3,12,-3,12,-3,13,-2,13,-2,14,-2,14,-2,14,-2,15,-2,15]"
2025-08-18 22:58:02.756283,CSI_DATA,51,1a:00:00:00:00:00,-38,11,0,0,0,0,0,0,0,0,0,-93,0,1,0,10116104,0,31,0,128,0,"[0,0,-15,1,-15,1,-15,2,-15,2,-14,2,-14,2,-13,2,-13,3,-13,3,-13,4,-13,4,-12,5,-12,5,-12,5,-12,5,-12,6,-12,6,-13,5,-13,5,-13,5,-13,4,-13,3,-13,3,-13,2,-12,2,-12,1,0,0,0,0,0,0,0,0,0,0,0,0,0,0,0,0,0,0,0,0,0,0,-10,2,-11,2,-11,1,-12,0,-12,0,-13,-1,-13,-1,-13,-2,-13,-2,-13,-3,-13,-3,-13,-3,-13,-3,-12,-2,-12,-2,-13,-2,-13,-1,-13,-1,-13,0,-13,0,-14,0,-14,1,-14,1,-15,1,-15,1,-15,2]"
2025-08-18 22:58:02.961639,CSI_DATA,52,1a:00:00:00:00:00,-38,11,0,0,0,0,0,0,0,0,0,-93,0,1,0,10317343,0,31,0,128,0,"[0,0,-10,-12,-10,-11,-10,-11,-10,-11,-10,-11,-10,-11,-10,-10,-10,-10,-10,-9,-11,-8,-11,-8,-11,-7,-11,-7,-11,-7,-12,-7,-12,-7,-12,-8,-12,-8,-12,-8,-11,-8,-11,-9,-10,-9,-10,-9,-9,-9,-9,-9,-8,-9,0,0,0,0,0,0,0,0,0,0,0,0,0,0,0,0,0,0,0,0,0,0,-8,-7,-8,-8,-8,-9,-8,-9,-8,-10,-7,-10,-7,-11,-6,-11,-6,-12,-6,-12,-6,-12,-6,-12,-6,-12,-6,-11,-6,-11,-6,-11,-7,-11,-8,-11,-8,-11,-8,-11,-9,-11,-9,-11,-10,-11,-10,-11,-10,-11,-10,-12]"
2025-08-18 22:58:03.156412,CSI_DATA,53,1a:00:00:00:00:00,-38,11,0,0,0,0,0,0,0,0,0,-93,0,1,0,10518650,0,31,0,128,0,"[0,0,12,-8,11,-9,12,-8,11,-8,11,-9,10,-8,10,-9,10,-9,9,-9,9,-9,8,-10,8,-10,8,-10,8,-11,8,-10,8,-11,8,-11,8,-11,9,-10,9,-10,9,-9,9,-9,9,-8,9,-8,9,-7,10,-6,0,0,0,0,0,0,0,0,0,0,0,0,0,0,0,0,0,0,0,0,0,0,7,-7,8,-7,8,-7,9,-7,10,-6,10,-6,11,-5,11,-5,11,-5,11,-4,12,-4,11,-4,11,-4,11,-4,11,-5,11,-5,11,-5,11,-6,11,-6,11,-7,11,-7,11,-8,11,-8,12,-8,12,-8,12,-9]"
2025-08-18 22:58:03.222995,CSI_DATA,54,1a:00:00:00:00:00,-38,11,0,0,0,0,0,0,0,0,0,-93,0,1,0,10579764,0,42,0,128,0,"[0,0,0,-16,0,-15,0,-16,0,-15,-1,-15,-1,-14,-1,-14,-2,-14,-2,-14,-3,-13,-3,-13,-4,-13,-4,-13,-4,-14,-4,-13,-4,-14,-4,-13,-4,-14,-4,-14,-3,-14,-3,-14,-2,-14,-2,-13,-1,-13,-1,-12,0,-13,0,0,0,0,0,0,0,0,0,0,0,0,0,0,0,0,0,0,0,0,0,0,-2,-11,-1,-12,0,-11,1,-12,1,-12,2,-13,3,-13,3,-13,4,-13,3,-12,4,-12,4,-12,3,-13,3,-13,3,-13,3,-12,2,-13,2,-13,1,-14,1,-13,1,-14,1,-15,0,-14,0,-15,0,-15,0,-16]"
2025-08-18 22:58:03.274387,CSI_DATA,55,1a:00:00:00:00:00,-38,11,0,0,0,0,0,0,0,0,0,-93,0,1,0,10641911,0,31,0,128,0,"[0,0,13,6,13,6,12,5,13,5,12,5,12,4,12,4,12,3,12,3,12,2,12,2,12,2,12,2,12,1,13,1,12,1,13,1,13,1,13,1,13,2,13,2,12,3,12,4,11,4,10,4,10,5,0,0,0,0,0,0,0,0,0,0,0,0,0,0,0,0,0,0,0,0,0,0,9,3,9,3,10,4,9,5,10,5,9,6,10,7,10,7,9,8,9,8,9,8,8,8,9,8,9,7,9,7,9,7,9,6,10,6,10,6,11,6,11,6,12,6,12,6,12,6,13,6,13,6]"
2025-08-18 22:58:03.485955,CSI_DATA,56,1a:00:00:00:00:00,-38,11,0,0,0,0,0,0,0,0,0,-93,0,1,0,10842973,0,31,0,128,0,"[0,0,-15,-3,-15,-3,-15,-3,-15,-3,-14,-2,-14,-3,-14,-2,-14,-2,-13,-1,-13,-1,-13,0,-13,0,-13,0,-13,1,-14,1,-13,1,-14,1,-14,1,-14,0,-14,-1,-14,-1,-13,-2,-13,-2,-13,-2,-12,-3,-12,-3,0,0,0,0,0,0,0,0,0,0,0,0,0,0,0,0,0,0,0,0,0,0,-11,0,-11,-1,-12,-2,-11,-2,-12,-3,-12,-4,-12,-4,-12,-5,-12,-5,-12,-6,-12,-6,-12,-6,-12,-6,-12,-5,-11,-5,-12,-5,-12,-4,-13,-4,-13,-4,-13,-4,-13,-4,-14,-3,-15,-3,-15,-3,-15,-3,-15,-3]"
2025-08-18 22:58:03.690976,CSI_DATA,57,1a:00:00:00:00:00,-38,11,0,0,0,0,0,0,0,0,0,-93,0,1,0,11044110,0,31,0,128,0,"[0,0,14,-3,14,-4,13,-4,14,-4,13,-4,13,-4,12,-4,12,-5,12,-5,11,-6,11,-6,11,-6,11,-7,11,-7,11,-7,11,-7,11,-7,11,-7,12,-7,12,-6,12,-6,12,-5,11,-4,11,-4,11,-3,11,-3,0,0,0,0,0,0,0,0,0,0,0,0,0,0,0,0,0,0,0,0,0,0,9,-4,10,-3,10,-3,10,-2,11,-2,11,-1,12,-1,12,0,12,0,12,0,12,1,12,1,12,0,12,0,11,0,11,0,12,-1,12,-1,12,-2,13,-2,12,-2,13,-3,13,-3,13,-3,14,-3,14,-4]"
2025-08-18 22:58:03.876826,CSI_DATA,58,1a:00:00:00:00:00,-38,11,0,0,0,0,0,0,0,0,0,-93,0,1,0,11245315,0,31,0,128,0,"[0,0,8,12,8,12,8,12,8,11,8,11,7,11,8,10,8,10,8,9,8,8,9,8,9,8,10,8,10,8,10,8,10,8,10,8,10,8,10,9,9,9,9,9,8,9,8,9,7,9,6,9,6,9,0,0,0,0,0,0,0,0,0,0,0,0,0,0,0,0,0,0,0,0,0,0,6,7,6,8,6,8,6,9,5,10,5,10,4,11,4,11,4,11,3,11,3,11,3,11,3,11,4,11,4,11,4,10,4,11,5,10,6,11,6,11,6,11,7,11,7,11,8,11,8,12,8,12]"
2025-08-18 22:58:04.085687,CSI_DATA,59,1a:00:00:00:00:00,-38,11,0,0,0,0,0,0,0,0,0,-93,0,1,0,11446573,0,31,0,128,0,"[0,0,5,-15,4,-15,4,-15,4,-14,4,-14,4,-14,3,-14,3,-14,2,-14,2,-14,1,-14,0,-14,0,-14,0,-14,0,-14,0,-14,0,-14,0,-14,1,-14,1,-14,2,-14,2,-14,3,-13,3,-13,4,-12,4,-11,0,0,0,0,0,0,0,0,0,0,0,0,0,0,0,0,0,0,0,0,0,0,2,-11,2,-11,3,-11,4,-11,5,-12,5,-11,6,-11,6,-11,7,-11,7,-11,7,-11,7,-11,7,-11,7,-11,6,-11,6,-11,6,-11,5,-12,5,-12,5,-13,5,-13,5,-14,4,-14,5,-15,5,-15,5,-15]"
2025-08-18 22:58:04.287301,CSI_DATA,60,1a:00:00:00:00:00,-38,11,0,0,0,0,0,0,0,0,0,-93,0,1,0,11647906,0,31,0,128,0,"[0,0,3,-16,3,-16,3,-16,2,-15,2,-15,2,-15,2,-15,1,-14,1,-14,0,-14,-1,-14,-2,-14,-2,-14,-2,-15,-2,-14,-2,-15,-2,-14,-2,-15,-1,-15,0,-15,0,-14,0,-14,1,-13,1,-13,1,-13,2,-12,0,0,0,0,0,0,0,0,0,0,0,0,0,0,0,0,0,0,0,0,0,0,0,-11,1,-12,2,-12,3,-12,4,-12,4,-12,5,-12,6,-12,6,-12,6,-12,6,-12,6,-12,6,-12,5,-12,6,-12,5,-12,5,-12,4,-13,4,-13,4,-13,4,-14,4,-15,3,-15,3,-16,3,-16,3,-16]"
2025-08-18 22:58:04.483671,CSI_DATA,61,1a:00:00:00:00:00,-38,11,0,0,0,0,0,0,0,0,0,-93,0,1,0,11848953,0,31,0,128,0,"[0,0,0,15,0,14,0,14,0,14,1,14,1,14,1,13,2,13,2,13,2,12,3,12,3,12,4,12,4,12,4,12,4,12,4,12,4,12,4,13,3,13,3,13,2,13,2,12,1,12,0,11,0,11,0,0,0,0,0,0,0,0,0,0,0,0,0,0,0,0,0,0,0,0,0,0,1,10,1,10,0,11,-1,11,-1,11,-2,12,-2,12,-3,12,-3,12,-4,12,-4,12,-3,12,-3,12,-3,12,-3,12,-3,11,-2,12,-2,12,-1,13,-1,13,-1,13,-1,13,0,14,0,14,0,15,1,15]"
2025-08-18 22:58:04.687889,CSI_DATA,62,1a:00:00:00:00:00,-38,11,0,0,0,0,0,0,0,0,0,-93,0,1,0,12050121,0,31,0,128,0,"[0,0,14,-4,14,-5,14,-5,13,-5,13,-5,13,-5,12,-5,12,-5,12,-5,11,-6,11,-7,10,-8,10,-8,10,-8,11,-8,11,-8,11,-8,11,-8,12,-7,12,-7,12,-6,12,-6,11,-5,11,-5,11,-4,11,-4,0,0,0,0,0,0,0,0,0,0,0,0,0,0,0,0,0,0,0,0,0,0,9,-5,10,-4,10,-4,11,-3,11,-3,12,-2,12,-1,12,-1,12,0,12,0,12,0,12,0,12,0,12,-1,12,-1,12,-1,12,-2,12,-2,12,-3,13,-3,13,-3,13,-3,13,-4,14,-5,14,-5,14,-5]"
2025-08-18 22:58:04.752972,CSI_DATA,63,1a:00:00:00:00:00,-38,11,0,0,0,0,0,0,0,0,0,-93,0,1,0,12110903,0,42,0,128,0,"[0,0,-2,-15,-2,-16,-2,-15,-2,-15,-3,-15,-3,-14,-3,-14,-4,-14,-4,-13,-5,-13,-5,-13,-5,-13,-6,-13,-6,-13,-6,-13,-6,-13,-6,-13,-6,-13,-6,-13,-5,-13,-5,-13,-4,-13,-4,-13,-3,-13,-2,-12,-2,-12,0,0,0,0,0,0,0,0,0,0,0,0,0,0,0,0,0,0,0,0,0,0,-3,-11,-2,-11,-2,-12,-1,-12,-1,-13,0,-13,0,-13,1,-13,1,-13,2,-13,2,-13,2,-13,2,-13,2,-13,1,-13,1,-13,0,-13,0,-13,0,-13,-1,-14,-1,-14,-2,-14,-2,-15,-2,-15,-2,-15,-2,-15]"
2025-08-18 22:58:04.816466,CSI_DATA,64,1a:00:00:00:00:00,-38,11,0,0,0,0,0,0,0,0,0,-93,0,1,0,12178142,0,31,0,128,0,"[0,0,-14,4,-14,4,-14,4,-14,4,-13,5,-13,5,-13,5,-12,5,-12,5,-11,6,-11,6,-11,7,-10,7,-11,7,-11,8,-11,8,-11,8,-11,8,-12,7,-12,7,-12,6,-12,6,-12,5,-11,5,-11,4,-11,3,0,0,0,0,0,0,0,0,0,0,0,0,0,0,0,0,0,0,0,0,0,0,-10,4,-10,3,-11,3,-11,2,-12,2,-12,1,-13,1,-13,0,-13,0,-13,0,-13,0,-13,0,-13,0,-12,0,-12,0,-12,1,-12,1,-13,2,-13,2,-13,3,-13,3,-13,3,-14,4,-14,4,-14,4,-14,4]"
2025-08-18 22:58:05.012486,CSI_DATA,65,1a:00:00:00:00:00,-38,11,0,0,0,0,0,0,0,0,0,-93,0,1,0,12379241,0,31,0,128,0,"[0,0,3,15,3,14,3,14,3,14,4,14,3,13,4,13,4,13,4,12,5,11,6,12,6,11,6,11,7,11,7,11,7,12,6,12,7,12,6,12,6,12,5,12,4,12,4,12,3,12,3,11,2,11,0,0,0,0,0,0,0,0,0,0,0,0,0,0,0,0,0,0,0,0,0,0,4,9,3,10,3,10,2,11,2,11,1,12,0,12,0,12,-1,13,-1,12,-1,13,-1,12,-1,12,0,12,0,12,0,12,0,13,1,12,2,13,2,13,2,13,2,14,3,13,3,14,4,14,4,15]"
2025-08-18 22:58:05.226097,CSI_DATA,66,1a:00:00:00:00:00,-38,11,0,0,0,0,0,0,0,0,0,-93,0,1,0,12582105,0,31,0,128,0,"[0,0,-3,-16,-3,-15,-3,-16,-3,-15,-4,-15,-4,-14,-4,-14,-5,-14,-5,-13,-5,-13,-5,-13,-6,-13,-6,-13,-7,-13,-7,-12,-7,-13,-7,-13,-7,-13,-7,-13,-6,-13,-6,-13,-5,-13,-4,-13,-3,-13,-3,-12,-2,-12,0,0,0,0,0,0,0,0,0,0,0,0,0,0,0,0,0,0,0,0,0,0,-3,-11,-3,-12,-2,-12,-2,-12,-1,-12,-1,-14,0,-14,0,-14,1,-13,1,-13,1,-13,2,-13,2,-13,1,-13,1,-13,0,-13,0,-13,-1,-13,-1,-14,-2,-14,-2,-14,-2,-15,-3,-14,-3,-15,-3,-15,-3,-16]"
2025-08-18 22:58:05.464040,CSI_DATA,67,1a:00:00:00:00:00,-38,11,0,0,0,0,0,0,0,0,0,-93,0,1,0,12781804,0,31,0,128,0,"[0,0,10,-11,10,-11,9,-11,9,-11,9,-11,9,-11,8,-11,8,-11,7,-11,7,-11,6,-11,6,-12,5,-12,5,-12,5,-12,5,-12,6,-13,6,-12,6,-12,7,-12,7,-11,7,-11,8,-10,7,-10,8,-9,8,-8,0,0,0,0,0,0,0,0,0,0,0,0,0,0,0,0,0,0,0,0,0,0,5,-9,6,-9,7,-9,8,-9,8,-9,9,-8,10,-8,10,-7,10,-7,11,-7,10,-7,10,-7,10,-7,10,-7,10,-7,10,-7,10,-8,9,-8,9,-9,10,-9,9,-10,10,-10,9,-11,10,-11,10,-11,10,-11]"
2025-08-18 22:58:05.471217,CSI_DATA,68,1a:00:00:00:00:00,-38,11,0,0,0,0,0,0,0,0,0,-93,0,1,0,12805387,0,28,0,128,0,"[0,0,-11,-11,-11,-11,-11,-11,-10,-10,-11,-10,-10,-10,-11,-9,-10,-9,-11,-8,-11,-8,-11,-7,-11,-7,-11,-7,-12,-6,-12,-6,-12,-7,-12,-6,-12,-7,-12,-7,-12,-7,-11,-8,-10,-8,-10,-8,-9,-8,-9,-9,-8,-9,0,0,0,0,0,0,0,0,0,0,0,0,0,0,0,0,0,0,0,0,0,0,-8,-7,-8,-8,-8,-8,-8,-9,-8,-9,-8,-11,-7,-11,-7,-11,-7,-11,-6,-11,-6,-12,-6,-12,-6,-11,-6,-11,-7,-11,-6,-10,-7,-11,-8,-10,-8,-11,-9,-11,-9,-10,-10,-10,-10,-10,-10,-11,-10,-11,-11,-11]"
2025-08-18 22:58:05.614383,CSI_DATA,69,1a:00:00:00:00:00,-38,11,0,0,0,0,0,0,0,0,0,-93,0,1,0,12982997,0,31,0,128,0,"[0,0,7,12,7,12,7,12,7,11,8,11,7,11,7,10,8,10,8,10,8,9,9,8,9,8,9,8,9,8,10,8,10,8,9,8,10,9,10,9,9,9,9,9,8,9,7,9,6,9,6,9,5,9,0,0,0,0,0,0,0,0,0,0,0,0,0,0,0,0,0,0,0,0,0,0,6,7,6,8,6,8,6,9,5,10,5,11,4,11,4,11,4,11,3,11,3,12,3,11,3,11,4,11,4,11,4,11,4,11,5,10,5,11,6,11,6,11,6,11,7,11,8,12,8,12,8,12]"
2025-08-18 22:58:05.820823,CSI_DATA,70,1a:00:00:00:00:00,-38,11,0,0,0,0,0,0,0,0,0,-93,0,1,0,13184167,0,31,0,128,0,"[0,0,-1,15,-1,15,-1,14,-1,15,0,14,0,14,0,13,1,13,1,13,2,13,2,13,3,12,2,13,3,12,3,13,3,12,3,13,3,13,2,13,2,13,2,13,1,13,0,13,0,12,-1,12,-2,11,0,0,0,0,0,0,0,0,0,0,0,0,0,0,0,0,0,0,0,0,0,0,1,10,0,10,0,11,-1,11,-2,12,-2,12,-3,12,-3,12,-4,12,-4,12,-4,12,-4,12,-4,12,-4,12,-3,12,-4,12,-3,12,-2,12,-2,12,-2,13,-2,14,-1,14,-1,14,-1,14,-1,15,-1,15]"
2025-08-18 22:58:06.024066,CSI_DATA,71,1a:00:00:00:00:00,-38,11,0,0,0,0,0,0,0,0,0,-93,0,1,0,13385328,0,31,0,128,0,"[0,0,-15,4,-14,5,-14,4,-14,5,-13,5,-13,5,-13,5,-12,6,-12,6,-12,6,-11,7,-11,7,-11,7,-11,8,-11,8,-11,8,-11,8,-11,8,-12,8,-12,7,-12,6,-12,6,-11,5,-12,5,-11,4,-12,3,0,0,0,0,0,0,0,0,0,0,0,0,0,0,0,0,0,0,0,0,0,0,-10,4,-10,4,-11,3,-12,3,-12,2,-13,2,-13,1,-13,1,-13,0,-13,0,-13,0,-13,0,-13,0,-13,0,-13,0,-12,1,-13,1,-12,2,-13,2,-13,3,-13,3,-14,4,-14,4,-14,4,-14,5,-15,5]"
2025-08-18 22:58:06.220817,CSI_DATA,72,1a:00:00:00:00:00,-38,11,0,0,0,0,0,0,0,0,0,-93,0,1,0,13586710,0,31,0,128,0,"[0,0,14,2,14,2,14,2,14,2,14,1,13,1,13,1,13,0,13,0,12,-1,12,-1,12,-2,12,-2,12,-2,12,-3,13,-3,13,-2,13,-2,13,-2,13,-2,13,-1,13,0,12,0,12,1,11,1,11,2,0,0,0,0,0,0,0,0,0,0,0,0,0,0,0,0,0,0,0,0,0,0,10,0,10,1,10,2,10,3,11,3,11,4,11,4,11,5,11,5,11,6,10,6,10,6,10,5,10,5,11,5,10,4,11,4,11,3,12,3,12,3,12,3,13,2,13,3,13,3,14,2,14,2]"
2025-08-18 22:58:06.285510,CSI_DATA,73,1a:00:00:00:00:00,-38,11,0,0,0,0,0,0,0,0,0,-93,0,1,0,13647315,0,42,0,128,0,"[0,0,8,-13,8,-13,7,-13,7,-13,7,-13,7,-13,6,-13,6,-13,5,-13,4,-13,4,-13,4,-13,3,-13,3,-14,3,-14,3,-14,3,-14,4,-14,4,-14,4,-14,5,-13,5,-13,5,-12,5,-12,6,-11,6,-11,0,0,0,0,0,0,0,0,0,0,0,0,0,0,0,0,0,0,0,0,0,0,5,-10,5,-10,6,-10,7,-10,7,-10,8,-10,9,-10,9,-9,10,-9,10,-9,10,-8,10,-8,10,-9,9,-9,9,-9,8,-9,8,-9,8,-10,8,-11,8,-11,8,-12,8,-12,8,-12,8,-13,8,-13,8,-13]"
2025-08-18 22:58:06.351497,CSI_DATA,74,1a:00:00:00:00:00,-38,11,0,0,0,0,0,0,0,0,0,-93,0,1,0,13713342,0,31,0,128,0,"[0,0,-13,9,-12,8,-12,8,-12,8,-12,8,-11,8,-11,8,-10,9,-10,9,-9,9,-9,9,-8,9,-8,10,-8,10,-8,10,-8,10,-8,10,-9,11,-9,10,-9,10,-10,9,-10,9,-10,8,-10,7,-10,7,-10,6,0,0,0,0,0,0,0,0,0,0,0,0,0,0,0,0,0,0,0,0,0,0,-8,7,-8,7,-9,6,-10,6,-10,6,-11,6,-12,5,-12,5,-12,4,-12,4,-12,4,-12,4,-12,4,-12,4,-12,4,-11,4,-12,5,-11,6,-12,6,-11,6,-12,7,-12,7,-12,8,-12,8,-12,8,-12,9]"
2025-08-18 22:58:06.543391,CSI_DATA,75,1a:00:00:00:00:00,-38,11,0,0,0,0,0,0,0,0,0,-93,0,1,0,13899693,0,28,0,128,0,"[0,0,-9,-13,-9,-13,-9,-12,-9,-12,-9,-11,-9,-11,-9,-11,-9,-11,-9,-10,-9,-9,-10,-9,-10,-8,-10,-8,-11,-8,-12,-8,-11,-8,-11,-9,-11,-8,-11,-9,-11,-9,-11,-9,-10,-10,-9,-10,-9,-10,-8,-10,-7,-10,0,0,0,0,0,0,0,0,0,0,0,0,0,0,0,0,0,0,0,0,0,0,-6,-8,-6,-9,-5,-10,-5,-11,-5,-11,-5,-12,-4,-12,-4,-12,-4,-12,-3,-12,-3,-13,-3,-12,-3,-12,-4,-12,-4,-12,-4,-11,-5,-11,-5,-11,-6,-12,-7,-12,-7,-12,-7,-12,-8,-12,-8,-13,-8,-13,-8,-12]"
2025-08-18 22:58:06.584272,CSI_DATA,76,1a:00:00:00:00:00,-38,11,0,0,0,0,0,0,0,0,0,-93,0,1,0,13901762,0,165,0,128,0,"[0,0,0,-16,-1,-15,0,-15,-1,-15,-1,-15,-1,-14,-1,-14,-2,-14,-2,-14,-3,-13,-3,-13,-4,-13,-4,-13,-4,-13,-4,-13,-5,-13,-4,-14,-4,-14,-4,-14,-3,-14,-3,-14,-2,-14,-2,-13,-1,-13,-1,-13,0,-12,0,0,0,0,0,0,0,0,0,0,0,0,0,0,0,0,0,0,0,0,0,0,-2,-11,-1,-11,-1,-12,0,-12,0,-13,1,-13,2,-13,2,-13,3,-13,3,-13,3,-13,3,-13,3,-13,3,-13,2,-13,2,-12,2,-13,1,-13,1,-13,1,-14,0,-14,0,-14,0,-15,-1,-15,-1,-15,-1,-15]"
2025-08-18 22:58:06.635616,CSI_DATA,77,1a:00:00:00:00:00,-38,11,0,0,0,0,0,0,0,0,0,-93,0,1,0,13914476,0,31,0,128,0,"[0,0,-2,15,-2,14,-2,14,-2,14,-1,14,-1,14,-1,13,0,13,0,12,1,13,1,12,2,12,2,13,2,13,2,12,3,13,2,13,2,13,2,13,1,13,1,13,0,13,-1,13,-1,12,-2,12,-2,11,0,0,0,0,0,0,0,0,0,0,0,0,0,0,0,0,0,0,0,0,0,0,0,10,-1,10,-2,11,-2,11,-3,11,-3,12,-4,12,-5,12,-4,12,-5,11,-6,11,-6,11,-5,11,-5,11,-5,11,-4,11,-4,12,-3,12,-3,12,-3,12,-3,13,-2,13,-2,14,-2,14,-2,15,-2,15]"
2025-08-18 22:58:06.665202,CSI_DATA,78,1a:00:00:00:00:00,-38,11,0,0,0,0,0,0,0,0,0,-93,0,1,0,14026082,0,137,0,128,0,"[0,0,-16,4,-15,4,-15,4,-14,4,-14,5,-14,4,-13,5,-13,5,-12,5,-12,5,-12,6,-12,7,-11,7,-11,7,-11,7,-12,8,-12,7,-12,7,-12,7,-12,7,-12,6,-13,5,-12,5,-12,4,-12,4,-12,3,0,0,0,0,0,0,0,0,0,0,0,0,0,0,0,0,0,0,0,0,0,0,-10,3,-11,3,-11,2,-12,2,-12,2,-13,1,-13,1,-13,0,-13,0,-13,-1,-13,-1,-13,-1,-13,-1,-13,0,-13,0,-13,0,-13,1,-13,1,-13,2,-14,2,-14,2,-14,3,-14,3,-15,4,-15,4,-15,4]"
2025-08-18 22:58:06.759516,CSI_DATA,79,1a:00:00:00:00:00,-38,11,0,0,0,0,0,0,0,0,0,-93,0,1,0,14115842,0,31,0,128,0,"[0,0,-6,-14,-6,-14,-6,-14,-6,-14,-6,-13,-6,-13,-7,-13,-7,-12,-7,-12,-8,-11,-8,-11,-8,-11,-8,-11,-9,-11,-9,-10,-9,-10,-9,-11,-9,-11,-9,-11,-8,-11,-8,-11,-7,-12,-7,-12,-6,-12,-5,-11,-5,-11,0,0,0,0,0,0,0,0,0,0,0,0,0,0,0,0,0,0,0,0,0,0,-6,-9,-5,-10,-5,-11,-4,-11,-4,-12,-4,-12,-3,-13,-3,-13,-2,-13,-2,-13,-2,-13,-1,-13,-2,-13,-2,-13,-2,-13,-3,-12,-3,-12,-4,-12,-4,-13,-4,-13,-5,-13,-5,-13,-6,-13,-6,-14,-6,-14,-6,-14]"
2025-08-18 22:58:06.969192,CSI_DATA,80,1a:00:00:00:00:00,-38,11,0,0,0,0,0,0,0,0,0,-93,0,1,0,14317110,0,31,0,128,0,"[0,0,-15,2,-14,2,-15,2,-13,2,-14,2,-14,2,-13,2,-13,3,-13,3,-12,4,-12,4,-12,5,-12,5,-12,5,-11,5,-12,5,-12,5,-13,5,-13,5,-12,4,-13,4,-13,3,-12,3,-12,2,-12,2,-12,1,0,0,0,0,0,0,0,0,0,0,0,0,0,0,0,0,0,0,0,0,0,0,-10,3,-11,2,-11,2,-12,1,-12,1,-13,0,-12,-1,-13,-1,-13,-2,-12,-2,-13,-2,-12,-2,-13,-2,-12,-1,-13,-1,-12,-1,-13,-1,-12,0,-13,0,-13,1,-13,1,-14,1,-14,2,-14,2,-14,2,-15,2]"
2025-08-18 22:58:07.155552,CSI_DATA,81,1a:00:00:00:00:00,-38,11,0,0,0,0,0,0,0,0,0,-93,0,1,0,14518160,0,31,0,128,0,"[0,0,15,-1,14,-1,14,-2,14,-2,14,-2,13,-2,13,-2,13,-3,12,-3,12,-4,12,-4,11,-4,12,-5,12,-5,12,-5,12,-5,12,-5,12,-5,13,-4,13,-4,12,-3,12,-2,12,-2,12,-2,11,-1,11,0,0,0,0,0,0,0,0,0,0,0,0,0,0,0,0,0,0,0,0,0,0,0,9,-3,10,-2,10,-2,11,-1,11,-1,12,0,12,0,12,1,12,1,12,2,12,2,11,2,12,2,12,2,12,1,11,1,12,1,12,0,12,0,13,-1,13,-1,13,-1,13,-1,14,-2,14,-2,15,-2]"
2025-08-18 22:58:07.362434,CSI_DATA,82,1a:00:00:00:00:00,-38,11,0,0,0,0,0,0,0,0,0,-93,0,1,0,14719336,0,31,0,128,0,"[0,0,-3,-16,-4,-16,-4,-15,-4,-15,-4,-15,-4,-14,-4,-14,-5,-14,-5,-14,-6,-13,-6,-13,-7,-12,-7,-12,-7,-12,-8,-12,-8,-12,-8,-13,-8,-13,-7,-13,-7,-13,-6,-13,-5,-13,-5,-13,-4,-13,-4,-13,-3,-12,0,0,0,0,0,0,0,0,0,0,0,0,0,0,0,0,0,0,0,0,0,0,-4,-11,-4,-11,-3,-12,-2,-12,-2,-13,-1,-13,0,-14,0,-14,1,-14,1,-14,1,-14,1,-13,1,-13,0,-13,0,-13,0,-13,-1,-13,-1,-14,-2,-14,-2,-14,-2,-15,-3,-15,-3,-15,-4,-15,-4,-16,-4,-16]"
2025-08-18 22:58:07.555167,CSI_DATA,83,1a:00:00:00:00:00,-38,11,0,0,0,0,0,0,0,0,0,-93,0,1,0,14920494,0,31,0,128,0,"[0,0,15,1,14,1,14,1,14,0,14,0,13,0,13,0,13,-1,13,-1,12,-2,12,-2,12,-3,12,-3,12,-3,12,-3,13,-3,12,-3,13,-3,13,-3,13,-2,13,-1,12,-1,12,-1,12,0,11,1,11,1,0,0,0,0,0,0,0,0,0,0,0,0,0,0,0,0,0,0,0,0,0,0,9,-2,11,-1,10,0,11,1,11,1,12,2,12,3,11,3,11,3,11,4,11,4,11,4,11,4,11,3,11,3,11,3,12,3,12,2,12,2,12,1,12,1,13,1,13,1,14,1,14,1,14,1]"
2025-08-18 22:58:07.754898,CSI_DATA,84,1a:00:00:00:00:00,-38,11,0,0,0,0,0,0,0,0,0,-93,0,1,0,15121882,0,31,0,128,0,"[0,0,14,5,13,5,14,5,13,5,13,4,13,4,13,3,13,3,12,3,12,2,13,1,12,1,13,1,13,1,13,0,13,0,13,1,14,1,13,1,13,2,13,2,13,2,12,3,12,3,11,4,10,4,0,0,0,0,0,0,0,0,0,0,0,0,0,0,0,0,0,0,0,0,0,0,10,2,10,2,10,3,10,4,10,4,11,5,11,6,11,6,10,7,10,7,10,7,10,7,10,7,10,7,10,6,10,6,10,6,11,5,11,5,12,5,12,5,12,5,13,5,13,5,14,5,14,5]"
2025-08-18 22:58:07.819773,CSI_DATA,85,1a:00:00:00:00:00,-38,11,0,0,0,0,0,0,0,0,0,-93,0,1,0,15182505,0,42,0,128,0,"[0,0,14,-4,14,-5,13,-4,13,-5,13,-5,12,-5,12,-5,12,-6,11,-6,11,-6,11,-7,10,-7,10,-7,10,-8,10,-8,10,-8,11,-8,11,-8,11,-8,11,-8,11,-7,11,-6,11,-6,11,-5,11,-4,11,-4,0,0,0,0,0,0,0,0,0,0,0,0,0,0,0,0,0,0,0,0,0,0,9,-4,10,-4,10,-3,11,-2,11,-2,11,-2,12,-1,12,-1,12,0,12,0,12,0,12,0,12,0,12,0,12,0,12,-1,11,-1,12,-2,12,-3,12,-3,13,-3,13,-4,13,-4,13,-4,14,-4,14,-4]"
2025-08-18 22:58:07.884953,CSI_DATA,86,1a:00:00:00:00:00,-38,11,0,0,0,0,0,0,0,0,0,-93,0,1,0,15251310,0,31,0,128,0,"[0,0,14,3,14,3,13,3,13,3,13,2,13,2,13,2,13,1,12,1,12,0,12,0,12,-1,12,-1,12,-1,12,-1,13,-1,13,-1,13,-1,13,-1,13,0,13,0,12,1,12,1,11,2,11,2,11,3,0,0,0,0,0,0,0,0,0,0,0,0,0,0,0,0,0,0,0,0,0,0,10,0,10,1,10,2,10,3,11,3,11,4,11,4,11,5,11,5,10,5,10,6,10,6,10,5,10,5,10,5,10,5,11,4,11,4,12,4,12,4,12,3,13,3,13,3,13,3,14,3,14,3]"
2025-08-18 22:58:08.095350,CSI_DATA,87,1a:00:00:00:00:00,-38,11,0,0,0,0,0,0,0,0,0,-93,0,1,0,15452571,0,31,0,128,0,"[0,0,-5,-15,-5,-15,-5,-15,-5,-15,-5,-14,-5,-14,-6,-13,-6,-13,-6,-12,-7,-12,-7,-12,-7,-12,-7,-12,-8,-11,-9,-11,-8,-12,-8,-12,-8,-12,-8,-12,-8,-12,-7,-12,-7,-12,-6,-12,-5,-12,-4,-12,-4,-12,0,0,0,0,0,0,0,0,0,0,0,0,0,0,0,0,0,0,0,0,0,0,-4,-10,-4,-11,-3,-12,-3,-12,-2,-12,-2,-13,-1,-13,-1,-13,-1,-13,0,-13,0,-13,0,-13,0,-13,0,-13,-1,-13,-1,-13,-1,-13,-2,-13,-3,-13,-3,-14,-3,-14,-4,-14,-4,-14,-4,-15,-4,-15,-4,-15]"
2025-08-18 22:58:08.289132,CSI_DATA,88,1a:00:00:00:00:00,-38,11,0,0,0,0,0,0,0,0,0,-93,0,1,0,15654231,0,31,0,128,0,"[0,0,15,1,14,1,14,0,14,0,14,0,13,0,13,0,13,-1,13,-2,13,-2,12,-3,12,-3,12,-4,12,-4,12,-4,13,-4,13,-4,13,-4,13,-3,13,-3,13,-2,12,-2,12,-1,12,-1,11,0,11,0,0,0,0,0,0,0,0,0,0,0,0,0,0,0,0,0,0,0,0,0,0,0,10,-1,10,0,11,1,11,1,11,2,12,2,12,3,12,4,11,4,11,4,11,4,11,5,11,4,11,4,11,4,11,4,12,3,12,2,12,2,13,2,13,2,13,1,14,1,14,0,14,1,15,1]"
2025-08-18 22:58:08.507251,CSI_DATA,89,1a:00:00:00:00:00,-38,11,0,0,0,0,0,0,0,0,0,-93,0,1,0,15854792,0,31,0,128,0,"[0,0,-14,-8,-14,-8,-13,-8,-13,-7,-13,-7,-13,-7,-13,-6,-13,-6,-13,-5,-13,-4,-13,-4,-13,-4,-13,-4,-13,-3,-13,-3,-13,-3,-14,-3,-14,-4,-14,-4,-13,-5,-13,-5,-12,-5,-12,-5,-11,-6,-11,-6,-10,-7,0,0,0,0,0,0,0,0,0,0,0,0,0,0,0,0,0,0,0,0,0,0,-10,-4,-10,-5,-10,-5,-11,-6,-10,-7,-11,-8,-10,-8,-10,-9,-10,-9,-10,-9,-9,-9,-9,-9,-10,-9,-9,-9,-10,-8,-10,-8,-10,-8,-11,-7,-11,-8,-11,-8,-12,-7,-12,-7,-13,-7,-13,-7,-13,-7,-13,-7]"
2025-08-18 22:58:08.696015,CSI_DATA,90,1a:00:00:00:00:00,-38,11,0,0,0,0,0,0,0,0,0,-93,0,1,0,16055950,0,31,0,128,0,"[0,0,1,-15,0,-15,0,-15,1,-15,0,-15,0,-14,0,-14,-1,-14,-1,-13,-2,-13,-2,-13,-3,-13,-3,-13,-3,-13,-4,-13,-3,-14,-3,-14,-3,-14,-3,-14,-2,-14,-2,-14,-1,-13,-1,-13,0,-13,0,-12,1,-12,0,0,0,0,0,0,0,0,0,0,0,0,0,0,0,0,0,0,0,0,0,0,-1,-11,0,-11,0,-11,1,-12,1,-12,2,-12,3,-13,3,-12,4,-12,4,-12,4,-12,4,-12,4,-12,4,-12,4,-12,3,-12,3,-12,2,-12,2,-13,2,-13,1,-14,1,-14,1,-14,0,-15,1,-15,1,-15]"
2025-08-18 22:58:08.899777,CSI_DATA,91,1a:00:00:00:00:00,-38,11,0,0,0,0,0,0,0,0,0,-93,0,1,0,16257188,0,31,0,128,0,"[0,0,-15,-3,-15,-3,-15,-3,-14,-3,-14,-3,-14,-3,-14,-2,-14,-2,-13,-1,-13,0,-13,0,-13,0,-13,1,-13,1,-14,1,-13,1,-14,1,-14,1,-14,0,-14,0,-14,0,-13,-1,-13,-2,-13,-2,-12,-3,-12,-3,0,0,0,0,0,0,0,0,0,0,0,0,0,0,0,0,0,0,0,0,0,0,-11,-1,-11,-2,-11,-2,-12,-3,-12,-4,-12,-5,-12,-5,-12,-5,-12,-6,-12,-6,-11,-6,-11,-6,-12,-6,-11,-6,-11,-6,-12,-5,-12,-5,-12,-5,-12,-4,-13,-4,-13,-4,-14,-4,-14,-3,-14,-3,-15,-3,-15,-3]"
2025-08-18 22:58:09.095645,CSI_DATA,92,1a:00:00:00:00:00,-38,11,0,0,0,0,0,0,0,0,0,-93,0,1,0,16458359,0,31,0,128,0,"[0,0,14,-4,14,-5,14,-5,14,-5,13,-5,13,-5,12,-5,12,-6,11,-6,11,-7,11,-7,10,-8,10,-8,10,-8,11,-8,11,-8,11,-8,11,-8,11,-8,11,-7,11,-7,11,-6,11,-6,11,-5,11,-4,11,-4,0,0,0,0,0,0,0,0,0,0,0,0,0,0,0,0,0,0,0,0,0,0,9,-4,10,-4,10,-3,11,-3,11,-2,12,-2,12,-1,12,-1,12,0,12,0,12,0,12,0,12,0,12,0,12,-1,12,-1,12,-2,12,-2,12,-3,13,-3,13,-3,13,-4,13,-4,14,-5,14,-4,14,-5]"
2025-08-18 22:58:09.298129,CSI_DATA,93,1a:00:00:00:00:00,-38,11,0,0,0,0,0,0,0,0,0,-93,0,1,0,16659664,0,31,0,128,0,"[0,0,5,-15,4,-15,4,-15,4,-14,4,-14,3,-14,3,-14,2,-14,2,-13,1,-13,1,-13,0,-14,0,-14,0,-14,0,-14,0,-14,0,-14,0,-14,0,-14,1,-14,1,-14,2,-14,2,-13,3,-13,3,-12,4,-12,0,0,0,0,0,0,0,0,0,0,0,0,0,0,0,0,0,0,0,0,0,0,2,-11,2,-11,3,-11,4,-11,4,-12,5,-11,6,-11,6,-11,7,-11,7,-11,7,-10,7,-10,7,-11,7,-10,6,-11,6,-11,6,-11,5,-12,5,-12,5,-12,5,-13,4,-14,4,-14,4,-14,5,-14,4,-15]"
2025-08-18 22:58:09.368053,CSI_DATA,94,1a:00:00:00:00:00,-38,11,0,0,0,0,0,0,0,0,0,-93,0,1,0,16720431,0,42,0,128,0,"[0,0,15,-2,14,-2,14,-2,14,-3,14,-3,13,-3,13,-3,13,-4,12,-4,12,-5,12,-5,12,-5,12,-5,11,-6,12,-6,11,-6,12,-6,12,-6,12,-6,12,-6,12,-5,12,-5,12,-3,12,-3,12,-2,11,-2,0,0,0,0,0,0,0,0,0,0,0,0,0,0,0,0,0,0,0,0,0,0,10,-3,10,-2,11,-2,11,-1,12,0,12,0,12,1,12,1,12,1,12,2,12,3,12,3,12,2,12,2,12,1,12,1,12,1,12,0,12,0,13,-1,13,-1,13,-2,14,-2,14,-2,14,-2,15,-2]"
2025-08-18 22:58:09.423222,CSI_DATA,95,1a:00:00:00:00:00,-38,11,0,0,0,0,0,0,0,0,0,-93,0,1,0,16785293,0,31,0,128,0,"[0,0,-4,14,-4,14,-4,14,-3,14,-3,14,-3,13,-2,13,-2,13,-2,13,-1,12,-1,12,0,12,0,13,0,13,1,13,1,13,1,13,0,13,0,13,0,13,-1,13,-2,13,-2,12,-2,12,-3,11,-3,11,0,0,0,0,0,0,0,0,0,0,0,0,0,0,0,0,0,0,0,0,0,0,-2,10,-3,10,-3,11,-4,11,-5,11,-6,11,-6,11,-6,11,-7,11,-7,10,-7,10,-7,10,-7,10,-7,10,-6,10,-6,10,-6,11,-5,11,-5,12,-5,12,-4,12,-4,13,-4,13,-4,14,-4,14,-4,14]"
2025-08-18 22:58:09.624715,CSI_DATA,96,1a:00:00:00:00:00,-38,11,0,0,0,0,0,0,0,0,0,-93,0,1,0,16986394,0,31,0,128,0,"[0,0,7,-14,7,-14,7,-14,6,-13,6,-14,6,-13,5,-13,5,-13,4,-13,4,-13,3,-13,3,-13,3,-13,2,-14,2,-14,2,-14,2,-14,3,-14,3,-14,3,-14,4,-13,4,-13,5,-12,5,-12,5,-11,6,-11,0,0,0,0,0,0,0,0,0,0,0,0,0,0,0,0,0,0,0,0,0,0,3,-11,4,-11,5,-10,6,-11,6,-11,7,-11,8,-10,8,-10,8,-10,9,-9,9,-9,9,-9,9,-9,8,-9,8,-10,8,-10,8,-10,7,-11,7,-11,7,-12,6,-12,7,-13,7,-13,7,-13,7,-14,7,-14]"
2025-08-18 22:58:09.820103,CSI_DATA,97,1a:00:00:00:00:00,-38,11,0,0,0,0,0,0,0,0,0,-93,0,1,0,17187594,0,31,0,128,0,"[0,0,7,13,6,13,6,13,7,12,7,12,7,11,7,11,7,11,7,10,8,10,8,9,8,9,8,9,9,9,9,9,9,9,9,9,9,9,9,10,9,10,8,10,7,10,7,10,6,10,5,10,5,10,0,0,0,0,0,0,0,0,0,0,0,0,0,0,0,0,0,0,0,0,0,0,5,8,5,9,5,9,4,10,4,11,4,11,3,12,3,12,3,12,2,12,2,12,2,12,2,12,2,12,2,11,3,11,3,12,4,11,4,11,5,12,5,12,6,12,6,12,6,13,7,13,7,13]"
2025-08-18 22:58:10.028093,CSI_DATA,98,1a:00:00:00:00:00,-38,11,0,0,0,0,0,0,0,0,0,-93,0,1,0,17388784,0,31,0,128,0,"[0,0,14,2,14,1,14,2,14,1,14,1,13,1,13,0,13,0,12,0,12,-2,12,-2,12,-3,12,-3,12,-3,12,-3,12,-3,13,-3,13,-3,13,-2,13,-2,13,-1,12,-1,12,0,12,0,11,0,11,1,0,0,0,0,0,0,0,0,0,0,0,0,0,0,0,0,0,0,0,0,0,0,10,0,10,1,11,1,11,2,11,2,11,3,11,4,11,4,11,5,11,5,11,5,11,5,11,5,11,4,11,4,11,4,11,3,12,3,12,3,12,3,12,2,13,2,13,2,14,1,14,1,14,2]"
2025-08-18 22:58:10.223260,CSI_DATA,99,1a:00:00:00:00:00,-38,11,0,0,0,0,0,0,0,0,0,-93,0,1,0,17589916,0,31,0,128,0,"[0,0,4,14,4,14,4,14,4,13,4,13,4,13,5,12,5,12,5,11,6,11,6,11,7,10,7,10,7,10,7,10,7,10,7,11,7,11,7,11,7,11,6,11,6,11,5,11,4,11,4,11,3,11,0,0,0,0,0,0,0,0,0,0,0,0,0,0,0,0,0,0,0,0,0,0,4,9,3,10,3,10,2,11,2,11,1,12,1,12,0,12,0,12,0,12,-1,12,-1,12,-1,12,0,12,0,12,0,12,1,12,1,12,2,12,2,12,3,13,3,13,3,13,4,14,4,14,4,14]"
2025-08-18 22:58:10.433227,CSI_DATA,100,1a:00:00:00:00:00,-38,11,0,0,0,0,0,0,0,0,0,-93,0,1,0,17791310,0,31,0,128,0,"[0,0,-15,-2,-15,-2,-15,-2,-15,-2,-15,-2,-14,-2,-14,-1,-13,-1,-13,0,-13,0,-13,1,-13,1,-13,1,-13,1,-13,2,-13,2,-14,2,-14,1,-14,1,-14,1,-14,0,-13,0,-13,-1,-13,-1,-12,-2,-12,-3,0,0,0,0,0,0,0,0,0,0,0,0,0,0,0,0,0,0,0,0,0,0,-11,0,-11,-1,-11,-2,-12,-2,-12,-3,-12,-4,-12,-4,-12,-5,-12,-5,-12,-5,-12,-6,-12,-6,-12,-5,-12,-5,-12,-5,-12,-5,-12,-4,-12,-4,-13,-3,-13,-3,-13,-3,-14,-3,-14,-2,-15,-2,-15,-2,-15,-2]"
2025-08-18 22:58:10.636059,CSI_DATA,101,1a:00:00:00:00:00,-38,11,0,0,0,0,0,0,0,0,0,-92,0,1,0,17992374,0,31,0,128,0,"[0,0,-9,-13,-9,-13,-9,-13,-9,-12,-9,-12,-9,-12,-9,-11,-9,-11,-9,-10,-10,-10,-10,-9,-10,-9,-10,-9,-11,-9,-11,-8,-11,-9,-11,-9,-11,-9,-11,-10,-10,-10,-10,-10,-9,-10,-9,-10,-8,-10,-7,-10,-7,-10,0,0,0,0,0,0,0,0,0,0,0,0,0,0,0,0,0,0,0,0,0,0,-8,-8,-7,-9,-7,-10,-7,-10,-7,-11,-6,-12,-6,-12,-5,-12,-5,-13,-4,-13,-4,-13,-4,-12,-4,-12,-5,-12,-5,-12,-5,-12,-6,-12,-6,-12,-7,-12,-7,-12,-7,-12,-8,-12,-8,-12,-9,-13,-9,-13,-9,-13]"
2025-08-18 22:58:10.830491,CSI_DATA,102,1a:00:00:00:00:00,-38,11,0,0,0,0,0,0,0,0,0,-92,0,1,0,18193532,0,31,0,128,0,"[0,0,12,-7,12,-7,12,-7,12,-7,11,-7,11,-7,10,-8,10,-8,9,-8,9,-8,9,-9,8,-9,8,-9,8,-9,8,-10,8,-10,8,-10,9,-10,9,-10,9,-9,9,-9,9,-8,9,-7,9,-7,9,-6,9,-5,0,0,0,0,0,0,0,0,0,0,0,0,0,0,0,0,0,0,0,0,0,0,7,-6,8,-6,9,-5,9,-5,10,-5,11,-4,11,-4,11,-4,11,-3,11,-3,11,-3,11,-3,11,-3,11,-3,11,-3,11,-3,11,-4,11,-4,11,-5,11,-6,11,-6,11,-6,11,-7,12,-7,12,-7,12,-7]"
2025-08-18 22:58:10.908164,CSI_DATA,103,1a:00:00:00:00:00,-38,11,0,0,0,0,0,0,0,0,0,-92,0,1,0,18254368,0,42,0,128,0,"[0,0,-5,-15,-4,-15,-5,-15,-5,-15,-5,-15,-5,-14,-5,-14,-6,-13,-6,-13,-6,-13,-7,-12,-7,-12,-8,-12,-8,-12,-8,-12,-8,-12,-8,-12,-8,-12,-8,-13,-7,-12,-7,-13,-6,-13,-6,-13,-5,-13,-4,-12,-4,-12,0,0,0,0,0,0,0,0,0,0,0,0,0,0,0,0,0,0,0,0,0,0,-4,-11,-4,-11,-3,-12,-3,-12,-2,-13,-2,-13,-1,-14,-1,-14,0,-14,0,-13,0,-14,0,-13,0,-13,0,-13,-1,-13,-1,-13,-1,-13,-2,-13,-2,-14,-3,-14,-4,-14,-4,-14,-4,-15,-4,-15,-4,-15,-4,-15]"
2025-08-18 22:58:10.960392,CSI_DATA,104,1a:00:00:00:00:00,-38,11,0,0,0,0,0,0,0,0,0,-92,0,1,0,18322047,0,31,0,128,0,"[0,0,14,-6,13,-7,13,-7,13,-7,12,-7,12,-7,11,-7,11,-7,11,-8,10,-8,10,-8,9,-9,9,-9,9,-9,9,-9,9,-10,10,-9,10,-9,10,-9,10,-9,10,-8,10,-8,10,-7,10,-6,10,-6,10,-5,0,0,0,0,0,0,0,0,0,0,0,0,0,0,0,0,0,0,0,0,0,0,8,-6,9,-6,10,-5,10,-5,11,-4,11,-4,12,-3,12,-3,12,-2,12,-2,12,-2,12,-2,12,-2,12,-2,12,-3,11,-3,11,-3,11,-4,12,-5,12,-5,12,-5,12,-6,12,-6,13,-7,13,-7,13,-7]"
2025-08-18 22:58:11.166290,CSI_DATA,105,1a:00:00:00:00:00,-38,11,0,0,0,0,0,0,0,0,0,-92,0,1,0,18523606,0,31,0,128,0,"[0,0,-9,-11,-10,-12,-9,-11,-10,-11,-9,-11,-9,-10,-9,-10,-9,-9,-10,-9,-10,-8,-10,-8,-10,-8,-11,-7,-11,-7,-11,-7,-11,-7,-11,-7,-11,-8,-11,-8,-11,-8,-10,-8,-10,-9,-9,-9,-9,-9,-8,-9,-7,-9,0,0,0,0,0,0,0,0,0,0,0,0,0,0,0,0,0,0,0,0,0,0,-8,-8,-7,-8,-7,-9,-6,-9,-7,-10,-6,-11,-6,-11,-5,-11,-5,-12,-5,-12,-5,-12,-5,-11,-5,-12,-5,-11,-5,-11,-6,-11,-6,-11,-7,-11,-7,-11,-7,-11,-8,-11,-8,-11,-9,-11,-9,-11,-9,-11,-9,-11]"
2025-08-18 22:58:11.366502,CSI_DATA,106,1a:00:00:00:00:00,-38,11,0,0,0,0,0,0,0,0,0,-92,0,1,0,18724032,0,31,0,128,0,"[0,0,-2,-16,-3,-16,-2,-15,-3,-16,-3,-15,-3,-15,-3,-14,-4,-14,-4,-13,-5,-13,-5,-13,-6,-13,-6,-13,-6,-13,-6,-13,-7,-13,-7,-13,-7,-13,-6,-13,-6,-13,-6,-13,-5,-13,-4,-13,-3,-13,-3,-12,-2,-12,0,0,0,0,0,0,0,0,0,0,0,0,0,0,0,0,0,0,0,0,0,0,-3,-11,-2,-12,-2,-12,-1,-12,0,-13,0,-13,1,-14,1,-13,1,-13,2,-13,2,-13,2,-13,2,-13,2,-13,1,-13,1,-13,1,-13,0,-13,-1,-14,-1,-14,-1,-14,-2,-15,-2,-15,-2,-16,-2,-16,-2,-16]"
2025-08-18 22:58:11.569423,CSI_DATA,107,1a:00:00:00:00:00,-38,11,0,0,0,0,0,0,0,0,0,-92,0,1,0,18925571,0,31,0,128,0,"[0,0,-6,-14,-6,-14,-6,-14,-6,-14,-6,-13,-6,-13,-7,-13,-7,-12,-7,-12,-8,-11,-8,-11,-8,-11,-9,-11,-9,-11,-9,-10,-9,-10,-9,-11,-9,-11,-9,-11,-9,-11,-8,-11,-8,-11,-7,-11,-6,-11,-6,-11,-5,-11,0,0,0,0,0,0,0,0,0,0,0,0,0,0,0,0,0,0,0,0,0,0,-5,-10,-4,-10,-4,-11,-3,-11,-3,-12,-3,-13,-2,-13,-2,-13,-2,-13,-1,-13,-1,-13,0,-13,-1,-13,-1,-13,-1,-13,-2,-13,-2,-13,-3,-13,-3,-13,-4,-13,-4,-13,-5,-14,-5,-14,-5,-14,-5,-14,-6,-14]"
2025-08-18 22:58:11.759198,CSI_DATA,108,1a:00:00:00:00:00,-38,11,0,0,0,0,0,0,0,0,0,-92,0,1,0,19126487,0,31,0,128,0,"[0,0,5,13,5,13,5,13,5,13,5,13,5,12,5,12,6,11,6,11,7,10,7,10,7,10,8,10,8,10,8,10,8,10,8,10,8,10,8,11,7,11,7,11,6,11,6,11,5,11,4,10,3,10,0,0,0,0,0,0,0,0,0,0,0,0,0,0,0,0,0,0,0,0,0,0,5,9,4,9,4,10,4,10,3,11,3,11,2,12,2,12,1,12,1,12,1,12,1,12,1,12,1,12,1,11,1,11,2,12,2,12,3,12,4,12,4,12,4,13,5,13,5,13,6,13,6,13]"
2025-08-18 22:58:11.960541,CSI_DATA,109,1a:00:00:00:00:00,-38,11,0,0,0,0,0,0,0,0,0,-92,0,1,0,19327708,0,31,0,128,0,"[0,0,14,6,14,6,13,5,14,5,14,5,13,5,13,4,13,3,13,3,13,2,13,2,13,1,13,1,13,1,13,0,13,0,14,1,13,1,13,1,14,2,13,2,13,3,12,3,11,4,11,4,10,5,0,0,0,0,0,0,0,0,0,0,0,0,0,0,0,0,0,0,0,0,0,0,10,3,10,3,10,4,10,5,10,6,10,6,10,7,10,7,10,8,9,8,9,8,9,9,9,8,9,8,9,7,10,7,10,7,11,6,11,6,11,6,12,6,12,6,13,6,13,6,14,6,14,6]"
2025-08-18 22:58:12.171238,CSI_DATA,110,1a:00:00:00:00:00,-38,11,0,0,0,0,0,0,0,0,0,-92,0,1,0,19528826,0,31,0,128,0,"[0,0,-15,-2,-15,-2,-15,-2,-15,-2,-14,-2,-14,-2,-14,-1,-14,-1,-14,0,-14,0,-13,1,-13,2,-13,2,-13,2,-14,2,-14,2,-14,2,-14,2,-14,1,-14,1,-14,0,-13,0,-13,-1,-13,-1,-12,-1,-12,-2,0,0,0,0,0,0,0,0,0,0,0,0,0,0,0,0,0,0,0,0,0,0,-11,0,-11,-1,-11,-2,-12,-2,-12,-3,-12,-4,-12,-5,-12,-5,-12,-6,-12,-6,-12,-6,-12,-6,-12,-5,-12,-5,-12,-5,-12,-5,-12,-4,-13,-4,-13,-4,-13,-3,-13,-3,-14,-3,-15,-3,-15,-2,-15,-2,-15,-2]"
2025-08-18 22:58:12.373469,CSI_DATA,111,1a:00:00:00:00:00,-38,11,0,0,0,0,0,0,0,0,0,-92,0,1,0,19729965,0,31,0,128,0,"[0,0,-14,-7,-14,-7,-14,-7,-14,-6,-13,-6,-13,-6,-13,-5,-13,-5,-13,-4,-13,-4,-13,-3,-13,-3,-13,-3,-13,-2,-14,-2,-14,-2,-14,-2,-14,-2,-14,-3,-14,-3,-14,-4,-13,-4,-13,-5,-12,-5,-11,-5,-11,-6,0,0,0,0,0,0,0,0,0,0,0,0,0,0,0,0,0,0,0,0,0,0,-10,-3,-10,-4,-11,-5,-11,-6,-11,-6,-11,-7,-11,-8,-11,-8,-10,-8,-10,-9,-10,-9,-10,-9,-10,-9,-10,-8,-10,-8,-10,-8,-10,-8,-11,-7,-11,-7,-12,-7,-12,-7,-13,-7,-13,-7,-14,-7,-14,-7,-14,-7]"
2025-08-18 22:58:12.433302,CSI_DATA,112,1a:00:00:00:00:00,-38,11,0,0,0,0,0,0,0,0,0,-92,0,1,0,19790750,0,42,0,128,0,"[0,0,3,-16,3,-15,3,-15,2,-15,2,-15,2,-15,1,-15,1,-14,0,-14,0,-14,0,-14,-1,-14,-1,-14,-2,-14,-2,-14,-2,-14,-2,-14,-2,-15,-2,-15,-1,-14,0,-14,0,-14,1,-13,2,-13,2,-12,3,-12,0,0,0,0,0,0,0,0,0,0,0,0,0,0,0,0,0,0,0,0,0,0,1,-11,2,-12,2,-12,3,-12,3,-12,4,-12,5,-12,5,-12,5,-12,6,-11,6,-12,6,-11,6,-12,6,-12,5,-12,5,-11,5,-12,4,-12,4,-13,4,-14,3,-14,3,-14,3,-14,3,-15,3,-15,3,-15]"
2025-08-18 22:58:12.502485,CSI_DATA,113,1a:00:00:00:00:00,-38,11,0,0,0,0,0,0,0,0,0,-92,0,1,0,19858395,0,31,0,128,0,"[0,0,-14,-6,-14,-6,-14,-6,-14,-6,-14,-5,-13,-5,-13,-4,-13,-4,-13,-4,-13,-3,-13,-3,-13,-2,-13,-2,-13,-2,-14,-2,-14,-1,-14,-2,-14,-2,-14,-2,-14,-3,-14,-3,-13,-4,-12,-4,-12,-5,-12,-5,-11,-5,0,0,0,0,0,0,0,0,0,0,0,0,0,0,0,0,0,0,0,0,0,0,-10,-3,-11,-4,-11,-4,-11,-5,-11,-6,-11,-7,-11,-7,-11,-7,-11,-8,-10,-8,-10,-8,-10,-8,-10,-8,-10,-8,-10,-8,-10,-7,-11,-7,-11,-7,-12,-7,-12,-6,-13,-6,-13,-6,-13,-6,-14,-6,-14,-6,-14,-6]"
2025-08-18 22:58:12.698805,CSI_DATA,114,1a:00:00:00:00:00,-38,11,0,0,0,0,0,0,0,0,0,-92,0,1,0,20059600,0,31,0,128,0,"[0,0,4,-15,4,-15,4,-15,4,-15,3,-15,3,-14,3,-14,2,-14,2,-14,1,-14,0,-14,0,-14,-1,-14,-1,-14,-1,-14,-1,-14,-1,-14,-1,-15,0,-15,1,-14,1,-14,2,-14,2,-13,2,-13,2,-12,3,-12,0,0,0,0,0,0,0,0,0,0,0,0,0,0,0,0,0,0,0,0,0,0,1,-11,2,-11,3,-12,4,-12,4,-12,5,-12,6,-12,6,-12,7,-11,7,-11,7,-11,7,-11,7,-11,6,-11,6,-11,6,-11,5,-12,5,-12,5,-13,5,-13,5,-13,5,-14,4,-14,3,-15,4,-15,4,-15]"
2025-08-18 22:58:12.905563,CSI_DATA,115,1a:00:00:00:00:00,-38,11,0,0,0,0,0,0,0,0,0,-92,0,1,0,20262391,0,31,0,128,0,"[0,0,-15,-4,-15,-4,-15,-3,-14,-3,-14,-3,-14,-3,-14,-2,-14,-2,-14,-1,-13,-1,-13,0,-13,0,-13,0,-13,1,-13,1,-13,1,-14,1,-14,1,-14,0,-14,0,-14,-1,-13,-1,-13,-2,-13,-2,-12,-2,-12,-3,0,0,0,0,0,0,0,0,0,0,0,0,0,0,0,0,0,0,0,0,0,0,-11,-2,-11,-2,-11,-3,-11,-4,-12,-4,-12,-5,-12,-6,-12,-6,-11,-6,-11,-7,-11,-7,-11,-7,-11,-7,-11,-6,-11,-6,-11,-6,-12,-5,-12,-5,-13,-5,-13,-5,-13,-4,-14,-4,-14,-4,-14,-4,-15,-4,-15,-4]"
2025-08-18 22:58:13.106182,CSI_DATA,116,1a:00:00:00:00:00,-38,11,0,0,0,0,0,0,0,0,0,-92,0,1,0,20461934,0,31,0,128,0,"[0,0,-9,-13,-9,-12,-9,-12,-9,-12,-9,-12,-9,-11,-9,-11,-9,-10,-10,-10,-10,-9,-10,-9,-10,-9,-11,-9,-11,-8,-11,-8,-11,-8,-11,-9,-11,-9,-11,-9,-11,-9,-10,-9,-10,-10,-9,-10,-8,-10,-8,-10,-7,-10,0,0,0,0,0,0,0,0,0,0,0,0,0,0,0,0,0,0,0,0,0,0,-8,-8,-7,-9,-7,-10,-7,-10,-7,-11,-6,-11,-6,-12,-6,-12,-5,-12,-5,-12,-5,-12,-4,-12,-4,-12,-5,-12,-5,-12,-5,-12,-6,-12,-6,-12,-7,-12,-7,-12,-8,-12,-8,-12,-9,-12,-9,-12,-9,-12,-9,-12]"
2025-08-18 22:58:13.314758,CSI_DATA,117,1a:00:00:00:00:00,-38,11,0,0,0,0,0,0,0,0,0,-92,0,1,0,20663086,0,31,0,128,0,"[0,0,-9,-13,-9,-12,-9,-12,-9,-12,-9,-12,-9,-11,-9,-11,-9,-10,-10,-10,-10,-9,-10,-9,-10,-9,-11,-9,-11,-8,-11,-8,-11,-8,-11,-9,-11,-9,-11,-9,-11,-9,-10,-9,-10,-10,-9,-10,-8,-10,-8,-10,-7,-10,0,0,0,0,0,0,0,0,0,0,0,0,0,0,0,0,0,0,0,0,0,0,-8,-8,-8,-9,-7,-9,-7,-10,-7,-10,-7,-11,-6,-12,-6,-12,-5,-12,-5,-12,-5,-12,-5,-12,-5,-12,-5,-12,-5,-12,-5,-12,-6,-12,-6,-11,-7,-12,-7,-12,-8,-11,-8,-12,-9,-11,-9,-12,-9,-12,-9,-12]"
2025-08-18 22:58:13.501918,CSI_DATA,118,1a:00:00:00:00:00,-38,11,0,0,0,0,0,0,0,0,0,-92,0,1,0,20864231,0,31,0,128,0,"[0,0,-4,15,-4,14,-4,14,-3,14,-3,14,-3,14,-2,13,-2,13,-1,13,-1,13,-1,13,0,13,0,13,1,13,1,13,1,13,1,13,1,14,0,14,0,13,-1,13,-1,13,-2,13,-2,12,-3,11,-4,11,0,0,0,0,0,0,0,0,0,0,0,0,0,0,0,0,0,0,0,0,0,0,-1,10,-2,11,-3,11,-4,11,-4,11,-5,11,-6,11,-6,11,-6,11,-7,11,-7,11,-7,10,-7,11,-7,11,-6,11,-6,11,-6,11,-5,12,-5,12,-4,13,-4,13,-4,13,-4,14,-4,14,-4,15,-4,14]"
2025-08-18 22:58:13.702733,CSI_DATA,119,1a:00:00:00:00:00,-38,11,0,0,0,0,0,0,0,0,0,-92,0,1,0,21065365,0,31,0,128,0,"[0,0,-3,14,-2,14,-2,14,-2,13,-1,14,-2,13,-1,13,-1,13,0,12,0,12,1,12,1,12,2,12,2,12,2,12,2,13,2,13,2,13,1,13,1,13,0,13,-1,13,-1,12,-1,12,-2,11,-2,11,0,0,0,0,0,0,0,0,0,0,0,0,0,0,0,0,0,0,0,0,0,0,0,10,0,10,-1,11,-2,11,-2,11,-3,11,-4,12,-4,11,-5,11,-5,11,-5,11,-5,11,-5,11,-5,11,-5,11,-4,11,-4,11,-3,12,-3,12,-3,12,-3,12,-3,13,-2,14,-2,14,-2,14,-2,14]"
2025-08-18 22:58:13.910257,CSI_DATA,120,1a:00:00:00:00:00,-38,11,0,0,0,0,0,0,0,0,0,-92,0,1,0,21267031,0,31,0,128,0,"[0,0,-12,-10,-12,-9,-12,-9,-12,-9,-12,-9,-12,-8,-12,-8,-12,-7,-12,-7,-12,-6,-12,-6,-12,-5,-12,-5,-12,-5,-13,-5,-13,-5,-13,-5,-13,-5,-13,-5,-13,-6,-12,-6,-12,-6,-12,-7,-11,-7,-10,-7,-10,-7,0,0,0,0,0,0,0,0,0,0,0,0,0,0,0,0,0,0,0,0,0,0,-9,-6,-9,-7,-9,-7,-9,-8,-9,-9,-9,-9,-9,-10,-8,-10,-8,-10,-8,-11,-7,-11,-7,-11,-8,-11,-8,-10,-8,-10,-8,-10,-9,-10,-9,-9,-10,-9,-10,-9,-11,-9,-11,-9,-11,-9,-12,-9,-12,-9,-12,-9]"
2025-08-18 22:58:13.975630,CSI_DATA,121,1a:00:00:00:00:00,-38,11,0,0,0,0,0,0,0,0,0,-92,0,1,0,21327979,0,42,0,128,0,"[0,0,-14,6,-14,6,-14,6,-14,6,-13,6,-13,6,-12,7,-12,7,-11,7,-11,8,-11,8,-10,8,-10,8,-10,8,-10,9,-10,9,-11,9,-11,9,-11,9,-11,8,-11,8,-11,7,-12,6,-11,6,-11,5,-11,4,0,0,0,0,0,0,0,0,0,0,0,0,0,0,0,0,0,0,0,0,0,0,-9,6,-10,5,-10,5,-11,4,-12,4,-12,4,-13,3,-13,3,-13,2,-13,2,-13,2,-13,1,-13,2,-13,2,-13,2,-13,2,-12,3,-13,4,-13,4,-13,5,-13,5,-13,5,-14,6,-14,6,-14,6,-14,6]"
2025-08-18 22:58:14.037318,CSI_DATA,122,1a:00:00:00:00:00,-38,11,0,0,0,0,0,0,0,0,0,-92,0,1,0,21393486,0,31,0,128,0,"[0,0,-11,-11,-11,-11,-11,-11,-11,-10,-11,-10,-11,-9,-11,-9,-11,-8,-11,-8,-11,-7,-11,-7,-12,-6,-12,-6,-12,-6,-12,-6,-12,-6,-12,-6,-13,-6,-13,-7,-12,-7,-12,-7,-11,-7,-10,-8,-10,-8,-9,-8,-9,-8,0,0,0,0,0,0,0,0,0,0,0,0,0,0,0,0,0,0,0,0,0,0,-8,-7,-8,-8,-8,-9,-8,-9,-8,-10,-8,-10,-7,-11,-7,-11,-6,-11,-6,-11,-6,-12,-6,-11,-6,-11,-6,-11,-7,-11,-7,-11,-7,-11,-8,-10,-8,-10,-9,-10,-9,-10,-10,-11,-10,-10,-11,-10,-11,-10,-11,-11]"
2025-08-18 22:58:14.231624,CSI_DATA,123,1a:00:00:00:00:00,-38,11,0,0,0,0,0,0,0,0,0,-92,0,1,0,21594273,0,31,0,128,0,"[0,0,-9,12,-9,12,-8,12,-8,12,-8,12,-8,12,-7,12,-6,12,-6,12,-6,12,-5,12,-4,12,-5,12,-4,12,-4,13,-4,13,-4,13,-4,13,-5,13,-5,13,-6,12,-6,12,-7,11,-7,11,-7,10,-8,9,0,0,0,0,0,0,0,0,0,0,0,0,0,0,0,0,0,0,0,0,0,0,-5,9,-5,9,-6,9,-7,9,-8,9,-9,9,-9,9,-9,9,-10,9,-10,8,-10,8,-10,8,-10,8,-10,8,-9,8,-10,8,-9,9,-9,9,-9,10,-9,10,-9,11,-9,11,-9,12,-8,12,-9,12,-8,12]"
2025-08-18 22:58:14.433925,CSI_DATA,124,1a:00:00:00:00:00,-38,11,0,0,0,0,0,0,0,0,0,-92,0,1,0,21795432,0,31,0,128,0,"[0,0,5,-14,4,-15,4,-14,4,-14,4,-14,3,-14,3,-14,3,-14,2,-13,2,-13,1,-13,1,-13,1,-13,0,-13,0,-14,0,-14,0,-14,0,-14,1,-14,1,-14,2,-14,2,-13,3,-13,3,-12,4,-11,4,-11,0,0,0,0,0,0,0,0,0,0,0,0,0,0,0,0,0,0,0,0,0,0,2,-11,2,-11,3,-11,4,-11,4,-12,5,-11,6,-11,6,-11,6,-11,7,-11,7,-10,7,-10,7,-10,7,-10,6,-10,6,-11,6,-11,6,-12,5,-12,5,-13,5,-13,4,-13,5,-14,5,-14,5,-14,5,-14]"
2025-08-18 22:58:14.633896,CSI_DATA,125,1a:00:00:00:00:00,-38,11,0,0,0,0,0,0,0,0,0,-92,0,1,0,21996586,0,31,0,128,0,"[0,0,14,-3,14,-4,14,-3,13,-3,14,-4,13,-4,13,-4,12,-4,12,-5,11,-5,11,-6,11,-6,11,-7,11,-7,11,-7,11,-7,11,-7,12,-7,12,-7,12,-6,12,-6,12,-5,11,-5,11,-4,11,-4,11,-3,0,0,0,0,0,0,0,0,0,0,0,0,0,0,0,0,0,0,0,0,0,0,9,-4,10,-3,10,-2,11,-2,11,-2,12,-1,12,0,12,0,12,1,12,1,12,1,12,1,12,1,12,1,12,0,11,0,12,0,12,-1,13,-1,13,-2,13,-2,13,-2,13,-3,14,-3,14,-3,15,-3]"
2025-08-18 22:58:14.842114,CSI_DATA,126,1a:00:00:00:00:00,-38,11,0,0,0,0,0,0,0,0,0,-92,0,1,0,22197781,0,31,0,128,0,"[0,0,14,-3,14,-3,14,-3,14,-3,13,-3,13,-3,13,-3,12,-4,12,-4,12,-5,12,-5,11,-6,11,-6,11,-6,11,-6,12,-6,11,-6,12,-6,12,-6,12,-5,12,-5,12,-4,12,-4,11,-3,11,-2,11,-2,0,0,0,0,0,0,0,0,0,0,0,0,0,0,0,0,0,0,0,0,0,0,9,-4,10,-3,10,-2,11,-2,11,-2,12,-1,12,0,12,0,12,1,12,1,12,1,12,1,12,1,12,1,12,0,12,0,12,0,12,-1,12,-1,12,-1,13,-2,13,-2,13,-3,14,-3,14,-3,15,-3]"
2025-08-18 22:58:15.053297,CSI_DATA,127,1a:00:00:00:00:00,-38,11,0,0,0,0,0,0,0,0,0,-92,0,1,0,22399121,0,31,0,128,0,"[0,0,0,-16,0,-16,0,-16,0,-15,-1,-15,-1,-15,-1,-14,-2,-14,-2,-14,-3,-14,-3,-14,-4,-13,-4,-13,-4,-14,-4,-13,-5,-14,-4,-14,-4,-14,-4,-14,-3,-14,-3,-14,-2,-14,-2,-14,-1,-13,-1,-13,0,-13,0,0,0,0,0,0,0,0,0,0,0,0,0,0,0,0,0,0,0,0,0,0,-2,-11,-1,-12,0,-12,1,-12,1,-13,2,-13,2,-13,3,-13,3,-13,4,-13,4,-13,4,-13,4,-13,3,-13,3,-13,3,-12,2,-13,2,-13,1,-14,1,-14,1,-14,1,-15,0,-15,0,-15,0,-16,0,-16]"
2025-08-18 22:58:15.234759,CSI_DATA,128,1a:00:00:00:00:00,-38,11,0,0,0,0,0,0,0,0,0,-92,0,1,0,22600240,0,31,0,128,0,"[0,0,15,2,14,1,14,1,14,1,14,1,13,1,13,0,13,0,13,-1,13,-1,13,-2,12,-2,12,-3,13,-3,12,-3,13,-3,13,-3,13,-3,13,-2,13,-2,13,-1,13,-1,12,0,12,0,12,1,11,2,0,0,0,0,0,0,0,0,0,0,0,0,0,0,0,0,0,0,0,0,0,0,10,-1,11,-1,11,1,11,1,11,2,12,2,12,3,12,4,12,4,11,4,11,4,11,5,11,4,11,4,11,4,11,3,11,3,12,2,12,2,12,2,13,2,14,2,14,1,14,1,14,1,15,1]"
2025-08-18 22:58:15.444044,CSI_DATA,129,1a:00:00:00:00:00,-38,11,0,0,0,0,0,0,0,0,0,-92,0,1,0,22801615,0,31,0,128,0,"[0,0,-2,-15,-2,-15,-2,-15,-2,-15,-2,-15,-2,-14,-3,-14,-3,-14,-3,-13,-4,-13,-4,-13,-5,-13,-5,-13,-5,-13,-5,-13,-6,-13,-5,-13,-5,-13,-5,-13,-5,-13,-4,-13,-3,-13,-3,-13,-2,-13,-2,-12,-1,-12,0,0,0,0,0,0,0,0,0,0,0,0,0,0,0,0,0,0,0,0,0,0,-3,-11,-2,-11,-2,-12,-1,-12,-1,-12,0,-13,1,-13,1,-13,2,-13,2,-13,2,-13,2,-13,2,-13,2,-12,2,-13,1,-12,1,-13,0,-13,0,-13,-1,-13,-1,-14,-1,-14,-2,-15,-2,-15,-2,-15,-2,-15]"
2025-08-18 22:58:15.503003,CSI_DATA,130,1a:00:00:00:00:00,-38,11,0,0,0,0,0,0,0,0,0,-92,0,1,0,22862659,0,42,0,128,0,"[0,0,1,-16,1,-15,1,-15,1,-15,0,-15,0,-15,0,-15,-1,-14,-1,-14,-2,-14,-2,-14,-3,-14,-3,-14,-3,-14,-3,-13,-3,-14,-3,-14,-3,-14,-3,-15,-2,-14,-2,-14,-1,-14,-1,-13,0,-13,1,-13,1,-12,0,0,0,0,0,0,0,0,0,0,0,0,0,0,0,0,0,0,0,0,0,0,-1,-11,-1,-12,0,-12,1,-12,1,-13,2,-13,3,-13,3,-13,4,-13,4,-12,4,-12,4,-12,4,-12,4,-12,4,-12,3,-12,3,-13,2,-13,2,-13,2,-14,2,-14,1,-14,1,-15,1,-15,1,-16,1,-16]"
2025-08-18 22:58:15.569109,CSI_DATA,131,1a:00:00:00:00:00,-38,11,0,0,0,0,0,0,0,0,0,-92,0,1,0,22929593,0,31,0,128,0,"[0,0,-16,2,-16,3,-15,2,-15,3,-14,3,-14,3,-14,3,-13,4,-13,4,-13,5,-13,5,-12,5,-12,5,-12,6,-12,6,-12,7,-13,7,-12,6,-13,6,-13,6,-13,5,-13,5,-13,4,-13,3,-12,2,-12,2,0,0,0,0,0,0,0,0,0,0,0,0,0,0,0,0,0,0,0,0,0,0,-11,3,-11,2,-12,1,-12,1,-13,0,-13,0,-13,-1,-13,-1,-13,-1,-14,-2,-13,-2,-13,-3,-13,-2,-13,-2,-13,-1,-13,-1,-13,-1,-14,0,-13,0,-14,1,-14,1,-14,2,-15,2,-15,2,-15,2,-15,2]"
2025-08-18 22:58:15.768987,CSI_DATA,132,1a:00:00:00:00:00,-38,11,0,0,0,0,0,0,0,0,0,-92,0,1,0,23130501,0,31,0,128,0,"[0,0,-15,4,-15,4,-14,4,-14,4,-13,4,-13,4,-13,4,-12,5,-12,5,-12,6,-12,6,-11,6,-11,7,-11,7,-11,7,-11,7,-12,7,-11,7,-12,7,-12,6,-12,5,-12,5,-12,4,-12,4,-12,3,-12,2,0,0,0,0,0,0,0,0,0,0,0,0,0,0,0,0,0,0,0,0,0,0,-10,4,-10,4,-11,3,-11,3,-12,2,-12,2,-13,1,-13,1,-13,0,-13,0,-13,0,-13,0,-13,0,-12,0,-12,0,-12,1,-12,1,-13,2,-13,2,-13,3,-13,3,-13,3,-14,4,-14,4,-14,4,-14,4]"
2025-08-18 22:58:15.971603,CSI_DATA,133,1a:00:00:00:00:00,-38,11,0,0,0,0,0,0,0,0,0,-92,0,1,0,23333446,0,31,0,128,0,"[0,0,-5,14,-4,13,-4,13,-4,13,-4,14,-4,13,-3,13,-3,13,-2,12,-2,12,-1,12,0,12,0,12,0,13,0,12,0,13,0,13,0,13,-1,13,-1,13,-2,13,-2,12,-3,12,-3,12,-4,11,-4,11,0,0,0,0,0,0,0,0,0,0,0,0,0,0,0,0,0,0,0,0,0,0,-1,10,-2,10,-3,10,-4,11,-4,10,-5,11,-6,11,-7,11,-7,10,-7,10,-7,10,-7,10,-7,10,-7,10,-7,10,-6,10,-6,11,-5,11,-5,12,-5,12,-5,12,-5,13,-4,13,-4,14,-4,14,-4,14]"
2025-08-18 22:58:16.164913,CSI_DATA,134,1a:00:00:00:00:00,-38,11,0,0,0,0,0,0,0,0,0,-92,0,1,0,23533072,0,31,0,128,0,"[0,0,8,12,8,12,8,12,8,11,8,11,8,10,8,10,8,10,8,9,9,8,9,8,9,8,10,8,10,7,10,7,10,7,10,8,10,8,10,8,10,8,9,9,9,9,8,9,7,9,7,9,6,9,0,0,0,0,0,0,0,0,0,0,0,0,0,0,0,0,0,0,0,0,0,0,6,7,6,8,6,9,5,9,5,10,5,11,4,11,4,11,4,12,3,12,3,11,3,11,3,11,3,11,4,11,4,11,4,11,5,11,5,11,6,11,6,11,7,11,7,11,8,11,8,12,8,12]"
2025-08-18 22:58:16.377972,CSI_DATA,135,1a:00:00:00:00:00,-38,11,0,0,0,0,0,0,0,0,0,-92,0,1,0,23734177,0,31,0,128,0,"[0,0,7,12,7,12,7,12,8,12,8,11,8,11,8,10,8,10,8,9,8,9,9,9,9,8,9,8,9,8,10,8,10,8,10,8,10,8,10,8,9,9,9,9,8,9,8,9,7,10,6,9,5,10,0,0,0,0,0,0,0,0,0,0,0,0,0,0,0,0,0,0,0,0,0,0,6,7,6,8,6,9,5,9,5,10,5,11,4,11,4,11,4,12,3,12,3,12,3,12,3,11,3,11,3,11,4,11,4,11,5,11,5,11,6,11,6,11,7,11,7,12,7,12,7,12,8,12]"
2025-08-18 22:58:16.566900,CSI_DATA,136,1a:00:00:00:00:00,-38,11,0,0,0,0,0,0,0,0,0,-92,0,1,0,23935521,0,31,0,128,0,"[0,0,9,11,9,11,9,11,9,10,9,10,9,9,9,9,9,9,9,8,9,7,10,7,10,7,10,7,10,7,10,6,11,7,10,7,11,7,11,7,10,8,10,8,9,8,8,8,8,8,7,8,7,9,0,0,0,0,0,0,0,0,0,0,0,0,0,0,0,0,0,0,0,0,0,0,7,6,8,7,7,7,7,9,7,9,7,10,6,10,6,11,5,11,5,11,5,11,5,11,5,11,5,11,5,11,5,10,6,10,6,10,7,10,7,10,8,10,8,10,9,10,9,10,9,11,9,10]"
2025-08-18 22:58:16.774680,CSI_DATA,137,1a:00:00:00:00:00,-38,11,0,0,0,0,0,0,0,0,0,-92,0,1,0,24136521,0,31,0,128,0,"[0,0,-8,13,-7,13,-7,13,-7,13,-7,13,-6,13,-6,12,-5,12,-5,12,-4,12,-4,12,-3,12,-3,13,-3,13,-3,13,-3,13,-3,13,-3,13,-3,13,-4,13,-5,13,-5,12,-5,12,-6,11,-6,11,-7,10,0,0,0,0,0,0,0,0,0,0,0,0,0,0,0,0,0,0,0,0,0,0,-4,10,-5,10,-6,10,-6,10,-7,10,-8,10,-8,10,-9,10,-9,9,-9,9,-10,9,-10,9,-9,9,-9,9,-9,9,-9,9,-8,10,-8,10,-8,11,-8,11,-8,11,-7,12,-7,13,-7,13,-7,13,-7,13]"
2025-08-18 22:58:16.976500,CSI_DATA,138,1a:00:00:00:00:00,-38,11,0,0,0,0,0,0,0,0,0,-92,0,1,0,24337731,0,31,0,128,0,"[0,0,-14,5,-14,5,-14,5,-13,6,-13,6,-13,5,-13,6,-12,6,-12,6,-11,7,-11,7,-10,8,-10,8,-10,8,-10,8,-10,9,-10,8,-11,8,-11,8,-11,7,-12,7,-12,6,-11,6,-11,5,-11,5,-11,4,0,0,0,0,0,0,0,0,0,0,0,0,0,0,0,0,0,0,0,0,0,0,-9,5,-10,5,-11,4,-11,4,-12,3,-12,3,-13,2,-13,2,-13,1,-13,1,-13,1,-13,1,-13,1,-13,1,-13,1,-12,2,-13,2,-12,3,-13,3,-13,4,-13,4,-13,4,-13,5,-14,6,-14,5,-14,6]"
2025-08-18 22:58:17.038177,CSI_DATA,139,1a:00:00:00:00:00,-38,11,0,0,0,0,0,0,0,0,0,-92,0,1,0,24398483,0,42,0,128,0,"[0,0,-2,15,-2,15,-2,14,-2,14,-1,14,-1,14,-1,14,0,13,0,13,1,13,2,13,2,13,2,13,3,13,3,13,3,13,3,13,3,13,2,13,2,13,1,13,1,13,0,13,0,12,-1,12,-2,11,0,0,0,0,0,0,0,0,0,0,0,0,0,0,0,0,0,0,0,0,0,0,0,10,-1,11,-2,11,-2,11,-3,12,-4,12,-5,12,-5,12,-5,12,-6,12,-6,11,-6,11,-6,11,-5,11,-5,11,-5,11,-4,12,-3,12,-3,12,-3,13,-3,13,-3,14,-2,14,-2,14,-2,15,-2,15]"
2025-08-18 22:58:17.103977,CSI_DATA,140,1a:00:00:00:00:00,-38,11,0,0,0,0,0,0,0,0,0,-92,0,1,0,24467103,0,31,0,128,0,"[0,0,11,-9,11,-9,10,-9,11,-9,10,-9,10,-9,10,-9,9,-9,8,-9,8,-10,8,-10,7,-10,7,-10,7,-11,7,-11,7,-11,7,-11,7,-11,8,-11,8,-10,8,-10,9,-9,9,-9,9,-8,9,-7,9,-7,0,0,0,0,0,0,0,0,0,0,0,0,0,0,0,0,0,0,0,0,0,0,6,-8,7,-8,8,-7,8,-7,9,-7,10,-7,10,-6,11,-6,11,-5,11,-5,11,-5,11,-5,11,-5,10,-5,10,-5,10,-5,10,-6,10,-7,10,-7,10,-7,10,-8,10,-8,11,-9,10,-9,11,-9,11,-9]"
2025-08-18 22:58:17.299851,CSI_DATA,141,1a:00:00:00:00:00,-38,11,0,0,0,0,0,0,0,0,0,-92,0,1,0,24668322,0,31,0,128,0,"[0,0,7,12,8,11,7,11,8,11,8,10,8,10,8,10,8,9,8,9,8,8,8,8,9,8,9,8,9,7,9,7,10,7,10,8,9,8,10,8,9,8,8,9,8,9,7,9,7,9,6,9,5,9,0,0,0,0,0,0,0,0,0,0,0,0,0,0,0,0,0,0,0,0,0,0,6,7,6,7,6,8,6,9,5,10,5,10,5,11,4,11,4,11,3,11,3,11,3,11,3,11,3,11,4,11,4,10,5,10,5,10,5,10,6,10,6,11,7,11,7,11,8,11,8,11,8,11]"
2025-08-18 22:58:17.514527,CSI_DATA,142,1a:00:00:00:00:00,-38,11,0,0,0,0,0,0,0,0,0,-92,0,1,0,24870284,0,31,0,128,0,"[0,0,-7,-14,-7,-13,-7,-14,-7,-13,-8,-13,-7,-12,-8,-12,-8,-11,-8,-11,-9,-10,-9,-10,-9,-10,-9,-10,-10,-10,-10,-9,-10,-10,-10,-10,-10,-10,-10,-10,-10,-10,-9,-10,-9,-11,-8,-11,-7,-11,-6,-10,-6,-11,0,0,0,0,0,0,0,0,0,0,0,0,0,0,0,0,0,0,0,0,0,0,-6,-9,-6,-10,-5,-11,-5,-11,-4,-12,-4,-12,-4,-12,-3,-13,-3,-13,-3,-13,-2,-13,-2,-13,-2,-13,-2,-12,-3,-13,-3,-12,-4,-13,-4,-12,-5,-13,-5,-12,-6,-13,-6,-13,-7,-13,-7,-13,-7,-14,-7,-14]"
2025-08-18 22:58:17.702864,CSI_DATA,143,1a:00:00:00:00:00,-38,11,0,0,0,0,0,0,0,0,0,-92,0,1,0,25070890,0,31,0,128,0,"[0,0,12,7,12,7,12,7,12,6,12,6,12,6,12,5,12,5,12,4,12,3,12,3,12,2,12,2,12,2,12,2,13,1,13,2,13,2,13,2,13,3,12,3,12,4,11,4,11,4,10,4,10,5,0,0,0,0,0,0,0,0,0,0,0,0,0,0,0,0,0,0,0,0,0,0,9,4,9,5,9,5,9,6,9,7,9,7,9,8,9,8,8,9,8,9,8,9,8,9,8,9,8,8,8,8,8,8,9,8,9,7,10,7,10,7,10,7,11,7,11,7,12,7,12,7,13,7]"
2025-08-18 22:58:17.914919,CSI_DATA,144,1a:00:00:00:00:00,-38,11,0,0,0,0,0,0,0,0,0,-92,0,1,0,25271851,0,31,0,128,0,"[0,0,-14,5,-14,5,-14,5,-14,5,-13,6,-13,6,-12,6,-12,6,-12,6,-11,7,-11,7,-10,8,-10,8,-10,8,-10,8,-11,8,-11,9,-11,8,-11,8,-11,8,-12,7,-11,6,-11,6,-11,5,-11,5,-11,4,0,0,0,0,0,0,0,0,0,0,0,0,0,0,0,0,0,0,0,0,0,0,-9,5,-10,5,-11,4,-11,3,-12,3,-12,3,-13,2,-13,2,-13,1,-13,1,-13,1,-13,1,-13,1,-13,1,-12,1,-13,2,-13,2,-12,3,-13,3,-13,4,-13,4,-14,4,-14,5,-14,5,-14,6,-14,6]"
2025-08-18 22:58:18.120373,CSI_DATA,145,1a:00:00:00:00:00,-38,11,0,0,0,0,0,0,0,0,0,-92,0,1,0,25473020,0,31,0,128,0,"[0,0,-10,-12,-10,-12,-10,-12,-10,-12,-10,-11,-10,-11,-10,-11,-10,-10,-10,-9,-10,-9,-11,-9,-11,-8,-11,-8,-11,-8,-12,-7,-12,-7,-12,-8,-12,-8,-12,-8,-11,-9,-11,-9,-10,-9,-10,-9,-9,-9,-8,-9,-8,-10,0,0,0,0,0,0,0,0,0,0,0,0,0,0,0,0,0,0,0,0,0,0,-8,-8,-8,-9,-7,-9,-7,-10,-7,-11,-6,-11,-6,-12,-6,-12,-5,-12,-5,-13,-5,-12,-4,-12,-5,-12,-5,-12,-5,-12,-5,-12,-6,-12,-7,-12,-7,-12,-8,-12,-8,-12,-8,-12,-9,-12,-9,-12,-9,-12,-10,-12]"
2025-08-18 22:58:18.318176,CSI_DATA,146,1a:00:00:00:00:00,-38,11,0,0,0,0,0,0,0,0,0,-92,0,1,0,25674148,0,31,0,128,0,"[0,0,-12,-11,-12,-10,-11,-10,-11,-10,-11,-9,-11,-9,-11,-8,-11,-8,-11,-8,-12,-7,-12,-7,-12,-6,-12,-6,-12,-6,-13,-6,-13,-6,-13,-6,-13,-6,-13,-7,-12,-7,-12,-7,-12,-8,-11,-8,-10,-8,-10,-8,-9,-9,0,0,0,0,0,0,0,0,0,0,0,0,0,0,0,0,0,0,0,0,0,0,-9,-6,-9,-7,-9,-8,-9,-9,-9,-9,-8,-10,-8,-11,-8,-11,-8,-11,-7,-11,-7,-11,-7,-12,-7,-11,-7,-11,-7,-11,-7,-11,-8,-10,-9,-10,-9,-10,-10,-10,-10,-10,-11,-10,-11,-10,-11,-10,-11,-10,-11,-10]"
2025-08-18 22:58:18.509104,CSI_DATA,147,1a:00:00:00:00:00,-38,11,0,0,0,0,0,0,0,0,0,-92,0,1,0,25875477,0,31,0,128,0,"[0,0,5,14,5,13,5,13,5,13,5,13,5,12,5,12,5,12,5,11,6,10,6,10,7,10,7,10,7,10,8,10,8,10,8,10,8,11,7,11,7,11,6,11,6,11,5,11,4,11,4,11,3,11,0,0,0,0,0,0,0,0,0,0,0,0,0,0,0,0,0,0,0,0,0,0,5,8,4,9,4,10,3,11,3,11,3,12,2,12,2,12,1,12,1,12,0,12,0,12,1,12,1,12,1,12,1,11,2,12,3,11,3,12,3,12,3,13,4,13,4,13,5,13,5,13,5,14]"
2025-08-18 22:58:18.569918,CSI_DATA,148,1a:00:00:00:00:00,-38,11,0,0,0,0,0,0,0,0,0,-92,0,1,0,25936102,0,42,0,128,0,"[0,0,14,5,13,5,13,5,13,4,13,4,13,4,13,3,13,3,12,2,12,1,12,2,12,1,12,1,13,0,13,0,13,0,13,1,13,1,13,1,13,1,13,2,13,3,12,3,11,3,11,4,10,4,0,0,0,0,0,0,0,0,0,0,0,0,0,0,0,0,0,0,0,0,0,0,10,1,10,2,10,3,10,4,11,4,11,5,11,6,11,6,10,7,10,7,10,7,10,7,10,7,10,7,10,6,10,6,10,6,11,5,11,5,12,5,12,5,13,5,13,4,13,5,14,5,14,4]"
2025-08-18 22:58:18.642459,CSI_DATA,149,1a:00:00:00:00:00,-38,11,0,0,0,0,0,0,0,0,0,-92,0,1,0,26004101,0,31,0,128,0,"[0,0,-5,14,-5,13,-5,14,-4,13,-4,14,-4,13,-4,13,-3,13,-3,12,-2,12,-1,12,-1,12,-1,12,0,13,0,13,0,13,0,13,-1,14,-1,13,-1,13,-2,13,-2,13,-3,12,-3,12,-4,11,-4,11,0,0,0,0,0,0,0,0,0,0,0,0,0,0,0,0,0,0,0,0,0,0,-3,10,-3,10,-4,10,-5,11,-5,10,-6,11,-7,10,-7,10,-8,10,-8,10,-8,10,-8,10,-8,10,-7,10,-7,10,-7,10,-7,10,-6,10,-6,11,-5,12,-6,12,-5,12,-5,13,-5,14,-5,14,-5,14]"
2025-08-18 22:58:18.844508,CSI_DATA,150,1a:00:00:00:00:00,-38,11,0,0,0,0,0,0,0,0,0,-92,0,1,0,26205260,0,31,0,128,0,"[0,0,4,-15,3,-15,3,-15,3,-14,3,-15,2,-14,2,-14,1,-14,1,-13,0,-13,0,-13,-1,-14,-1,-14,-1,-14,-1,-14,-1,-14,-1,-14,-1,-14,-1,-14,0,-14,0,-14,1,-14,1,-13,1,-13,2,-12,3,-12,0,0,0,0,0,0,0,0,0,0,0,0,0,0,0,0,0,0,0,0,0,0,1,-11,2,-11,3,-11,3,-12,4,-12,5,-12,6,-12,6,-12,6,-11,6,-11,6,-11,6,-11,6,-11,6,-11,6,-11,5,-11,5,-12,5,-12,4,-13,4,-13,4,-13,4,-14,3,-14,3,-15,3,-15,3,-15]"
2025-08-18 22:58:19.038483,CSI_DATA,151,1a:00:00:00:00:00,-38,11,0,0,0,0,0,0,0,0,0,-92,0,1,0,26406473,0,31,0,128,0,"[0,0,8,11,9,11,8,11,9,11,8,10,8,10,9,9,9,9,9,8,9,8,9,8,9,7,10,7,10,7,11,7,10,7,11,8,10,7,10,8,10,8,9,8,9,8,8,9,7,9,7,9,6,9,0,0,0,0,0,0,0,0,0,0,0,0,0,0,0,0,0,0,0,0,0,0,7,7,7,7,6,8,6,9,6,10,5,10,5,11,5,11,4,11,4,11,4,11,4,11,4,11,4,11,4,11,4,11,5,10,6,10,6,10,7,11,7,10,7,11,8,11,8,11,8,11,9,11]"
2025-08-18 22:58:19.245049,CSI_DATA,152,1a:00:00:00:00:00,-38,11,0,0,0,0,0,0,0,0,0,-92,0,1,0,26607610,0,31,0,128,0,"[0,0,-3,15,-3,15,-3,14,-2,14,-2,14,-2,14,-1,14,-1,13,-1,13,0,13,0,13,1,13,1,13,1,13,2,13,2,13,2,14,1,14,1,14,0,14,0,13,0,13,-1,13,-2,13,-2,12,-3,11,0,0,0,0,0,0,0,0,0,0,0,0,0,0,0,0,0,0,0,0,0,0,0,10,-1,11,-2,11,-3,11,-3,12,-4,12,-5,12,-5,12,-5,12,-6,11,-6,11,-6,11,-6,11,-6,11,-5,11,-5,11,-5,12,-4,12,-4,12,-3,13,-3,13,-3,14,-3,14,-3,15,-3,15,-3,15]"
2025-08-18 22:58:19.450172,CSI_DATA,153,1a:00:00:00:00:00,-38,11,0,0,0,0,0,0,0,0,0,-92,0,1,0,26808781,0,31,0,128,0,"[0,0,-1,-16,-1,-15,-1,-15,-1,-15,-1,-15,-1,-14,-2,-14,-2,-14,-3,-13,-3,-13,-3,-13,-4,-13,-4,-13,-5,-13,-5,-13,-5,-13,-5,-13,-5,-13,-4,-14,-4,-14,-3,-14,-3,-13,-2,-13,-1,-13,-1,-12,0,-12,0,0,0,0,0,0,0,0,0,0,0,0,0,0,0,0,0,0,0,0,0,0,-2,-11,-2,-11,-1,-12,0,-12,0,-13,1,-13,2,-13,2,-13,2,-13,3,-13,3,-13,4,-12,3,-13,3,-12,2,-12,2,-12,1,-13,1,-13,1,-13,0,-14,0,-14,0,-14,0,-14,0,-15,0,-15,0,-15]"
2025-08-18 22:58:19.656288,CSI_DATA,154,1a:00:00:00:00:00,-38,11,0,0,0,0,0,0,0,0,0,-92,0,1,0,27010140,0,31,0,128,0,"[0,0,13,6,13,6,12,6,13,6,12,6,12,5,12,5,12,4,12,4,12,3,12,3,12,2,12,2,12,2,12,2,13,2,13,2,13,2,13,3,13,3,12,3,12,4,11,4,11,5,10,5,10,6,0,0,0,0,0,0,0,0,0,0,0,0,0,0,0,0,0,0,0,0,0,0,10,2,10,3,10,4,10,5,10,5,10,6,10,7,10,7,9,7,9,8,9,8,9,8,9,8,9,7,9,7,9,7,10,7,10,6,10,6,11,6,11,6,12,6,12,6,12,6,13,6,13,6]"
2025-08-18 22:58:19.850382,CSI_DATA,155,1a:00:00:00:00:00,-38,11,0,0,0,0,0,0,0,0,0,-92,0,1,0,27211254,0,31,0,128,0,"[0,0,14,-4,13,-5,13,-5,13,-5,13,-5,12,-5,12,-5,12,-5,11,-6,11,-6,11,-7,10,-7,11,-7,11,-8,10,-8,11,-8,11,-8,11,-8,12,-7,12,-7,12,-6,11,-6,11,-5,11,-4,11,-4,11,-3,0,0,0,0,0,0,0,0,0,0,0,0,0,0,0,0,0,0,0,0,0,0,9,-5,9,-5,10,-4,11,-4,11,-3,11,-3,12,-2,12,-2,12,-1,12,-1,12,-1,12,-1,12,-1,12,-1,12,-1,12,-1,12,-2,12,-2,12,-3,12,-3,12,-3,13,-4,13,-4,13,-5,14,-5,14,-5]"
2025-08-18 22:58:20.047419,CSI_DATA,156,1a:00:00:00:00:00,-38,11,0,0,0,0,0,0,0,0,0,-92,0,1,0,27412446,0,31,0,128,0,"[0,0,0,15,0,14,0,14,0,14,1,14,1,13,1,13,2,13,2,12,2,12,3,12,3,12,4,12,4,12,4,12,4,12,4,12,4,12,4,13,3,13,3,12,2,12,1,12,1,12,0,11,0,11,0,0,0,0,0,0,0,0,0,0,0,0,0,0,0,0,0,0,0,0,0,0,1,10,1,10,0,10,-1,11,-1,12,-2,12,-2,12,-3,12,-3,12,-4,12,-4,12,-4,12,-4,12,-3,12,-3,12,-3,11,-2,12,-2,12,-1,12,-1,13,0,13,0,13,0,14,0,14,0,14,0,15]"
2025-08-18 22:58:20.112708,CSI_DATA,157,1a:00:00:00:00:00,-39,11,0,0,0,0,0,0,0,0,0,-92,0,1,0,27473941,0,42,0,128,0,"[0,0,7,-14,6,-14,6,-14,6,-14,5,-14,5,-13,5,-13,4,-13,4,-13,3,-13,3,-13,2,-13,2,-13,2,-13,1,-14,1,-14,2,-14,2,-14,2,-14,3,-14,3,-13,3,-13,4,-13,4,-12,4,-11,5,-11,0,0,0,0,0,0,0,0,0,0,0,0,0,0,0,0,0,0,0,0,0,0,3,-11,4,-11,5,-11,6,-10,6,-11,7,-11,8,-10,8,-10,8,-10,9,-10,9,-9,9,-9,8,-10,8,-10,8,-10,8,-10,7,-10,7,-11,7,-11,7,-12,7,-12,7,-12,6,-13,6,-13,6,-14,6,-14]"
2025-08-18 22:58:20.180954,CSI_DATA,158,1a:00:00:00:00:00,-38,11,0,0,0,0,0,0,0,0,0,-92,0,1,0,27537157,0,31,0,128,0,"[0,0,-5,-15,-6,-15,-5,-14,-5,-15,-6,-14,-5,-14,-6,-13,-6,-13,-7,-13,-7,-12,-7,-12,-8,-12,-8,-12,-8,-11,-9,-12,-9,-11,-9,-12,-8,-12,-8,-12,-8,-12,-8,-12,-7,-12,-6,-13,-5,-12,-5,-12,-4,-12,0,0,0,0,0,0,0,0,0,0,0,0,0,0,0,0,0,0,0,0,0,0,-5,-10,-5,-11,-4,-12,-3,-12,-3,-13,-3,-13,-2,-14,-2,-13,-2,-14,-1,-14,0,-13,0,-13,-1,-13,-1,-13,-1,-13,-2,-13,-2,-13,-3,-13,-3,-13,-4,-14,-4,-14,-5,-14,-5,-14,-5,-14,-5,-15,-5,-15]"
2025-08-18 22:58:20.376314,CSI_DATA,159,1a:00:00:00:00:00,-38,11,0,0,0,0,0,0,0,0,0,-92,0,1,0,27738213,0,31,0,128,0,"[0,0,9,-13,8,-13,8,-13,8,-13,8,-13,7,-12,7,-12,6,-13,6,-12,5,-13,5,-13,4,-13,4,-13,3,-13,4,-13,4,-13,4,-14,4,-14,4,-14,5,-13,5,-13,6,-12,6,-12,6,-11,7,-11,7,-10,0,0,0,0,0,0,0,0,0,0,0,0,0,0,0,0,0,0,0,0,0,0,5,-10,5,-10,6,-10,7,-10,7,-10,8,-10,9,-9,9,-10,10,-9,10,-9,10,-8,10,-8,9,-8,9,-9,9,-9,9,-9,9,-9,8,-10,8,-10,8,-11,8,-11,8,-12,8,-12,8,-13,8,-13,8,-13]"
2025-08-18 22:58:20.582541,CSI_DATA,160,1a:00:00:00:00:00,-38,11,0,0,0,0,0,0,0,0,0,-92,0,1,0,27939376,0,31,0,128,0,"[0,0,-13,-8,-13,-8,-13,-7,-13,-7,-13,-7,-12,-6,-13,-6,-12,-5,-13,-5,-13,-4,-12,-4,-13,-3,-13,-3,-13,-3,-13,-3,-13,-3,-13,-3,-14,-3,-14,-4,-13,-4,-13,-5,-12,-5,-12,-5,-11,-6,-11,-6,-10,-6,0,0,0,0,0,0,0,0,0,0,0,0,0,0,0,0,0,0,0,0,0,0,-10,-4,-10,-5,-10,-6,-10,-6,-10,-7,-10,-8,-10,-9,-9,-9,-9,-9,-9,-9,-9,-9,-9,-10,-9,-9,-9,-9,-9,-9,-9,-8,-10,-8,-10,-8,-11,-8,-11,-7,-11,-7,-12,-8,-12,-7,-13,-7,-13,-8,-13,-7]"
2025-08-18 22:58:20.780966,CSI_DATA,161,1a:00:00:00:00:00,-38,11,0,0,0,0,0,0,0,0,0,-92,0,1,0,28140646,0,31,0,128,0,"[0,0,-16,-1,-16,-1,-15,-1,-15,0,-15,0,-14,0,-14,0,-14,1,-13,1,-13,2,-13,2,-13,3,-13,3,-13,3,-13,3,-13,3,-13,3,-13,3,-14,3,-14,2,-14,2,-13,1,-13,1,-13,0,-12,0,-12,-1,0,0,0,0,0,0,0,0,0,0,0,0,0,0,0,0,0,0,0,0,0,0,-11,1,-11,0,-12,0,-12,-1,-13,-1,-13,-2,-13,-3,-13,-3,-13,-4,-13,-4,-13,-4,-12,-4,-12,-4,-13,-4,-12,-3,-12,-3,-13,-3,-13,-2,-13,-2,-14,-1,-14,-1,-14,-1,-15,-1,-15,0,-15,0,-15,0]"
2025-08-18 22:58:20.980076,CSI_DATA,162,1a:00:00:00:00:00,-38,11,0,0,0,0,0,0,0,0,0,-92,0,1,0,28341928,0,31,0,128,0,"[0,0,-12,9,-12,9,-12,9,-11,9,-11,9,-10,9,-10,9,-9,9,-9,9,-9,10,-8,10,-7,10,-7,10,-7,11,-7,11,-7,11,-7,11,-8,11,-8,11,-8,10,-9,10,-9,9,-9,9,-9,8,-9,7,-10,7,0,0,0,0,0,0,0,0,0,0,0,0,0,0,0,0,0,0,0,0,0,0,-7,8,-8,7,-9,7,-10,7,-10,7,-11,6,-11,6,-12,5,-12,5,-12,5,-12,5,-12,5,-12,5,-12,5,-12,5,-11,5,-11,6,-11,6,-11,7,-11,7,-11,8,-11,8,-11,9,-11,9,-12,9,-12,9]"
2025-08-18 22:58:21.183040,CSI_DATA,163,1a:00:00:00:00:00,-38,11,0,0,0,0,0,0,0,0,0,-92,0,1,0,28543310,0,31,0,128,0,"[0,0,5,-15,4,-14,4,-14,4,-14,3,-14,3,-14,3,-14,2,-14,2,-13,1,-13,1,-13,0,-13,0,-13,0,-14,-1,-13,-1,-14,-1,-14,0,-14,0,-14,0,-14,1,-14,1,-13,2,-13,2,-13,3,-12,3,-11,0,0,0,0,0,0,0,0,0,0,0,0,0,0,0,0,0,0,0,0,0,0,2,-11,3,-11,3,-11,4,-11,5,-11,6,-11,6,-11,7,-11,7,-11,7,-10,8,-10,8,-10,7,-10,7,-10,7,-10,6,-11,6,-11,5,-11,5,-12,5,-13,5,-13,4,-13,5,-14,5,-14,5,-14,5,-14]"
2025-08-18 22:58:21.398701,CSI_DATA,164,1a:00:00:00:00:00,-38,11,0,0,0,0,0,0,0,0,0,-92,0,1,0,28744197,0,31,0,128,0,"[0,0,1,-15,1,-16,1,-15,1,-15,0,-15,0,-14,0,-14,-1,-14,-1,-14,-2,-13,-3,-13,-3,-13,-3,-13,-4,-13,-4,-13,-4,-13,-4,-14,-3,-14,-3,-14,-3,-14,-2,-14,-1,-14,-1,-13,-1,-13,0,-12,0,-12,0,0,0,0,0,0,0,0,0,0,0,0,0,0,0,0,0,0,0,0,0,0,-1,-11,0,-11,1,-12,1,-12,2,-13,3,-12,3,-13,4,-13,4,-12,4,-12,4,-12,4,-12,4,-12,4,-12,4,-12,3,-12,3,-12,3,-13,2,-13,2,-14,1,-14,1,-14,1,-15,1,-15,1,-15,1,-15]"
2025-08-18 22:58:21.586599,CSI_DATA,165,1a:00:00:00:00:00,-38,11,0,0,0,0,0,0,0,0,0,-92,0,1,0,28945336,0,31,0,128,0,"[0,0,-16,-1,-15,-1,-15,-1,-15,-1,-15,-1,-14,-1,-14,0,-14,0,-13,1,-13,1,-13,2,-13,2,-13,2,-13,3,-13,3,-13,3,-14,3,-14,3,-14,2,-14,2,-14,1,-14,1,-13,0,-13,0,-13,-1,-12,-2,0,0,0,0,0,0,0,0,0,0,0,0,0,0,0,0,0,0,0,0,0,0,-11,1,-11,0,-12,-1,-12,-2,-12,-2,-13,-3,-13,-3,-13,-4,-13,-4,-13,-5,-13,-5,-12,-5,-12,-4,-12,-4,-12,-4,-12,-4,-13,-3,-13,-3,-13,-3,-14,-2,-14,-2,-15,-2,-15,-1,-15,-1,-15,-1,-15,-1]"
2025-08-18 22:58:21.647205,CSI_DATA,166,1a:00:00:00:00:00,-38,11,0,0,0,0,0,0,0,0,0,-92,0,1,0,29006472,0,42,0,128,0,"[0,0,-15,0,-16,0,-15,0,-15,0,-14,1,-14,1,-14,1,-14,1,-13,2,-13,3,-13,3,-13,3,-13,4,-12,4,-13,5,-13,4,-13,4,-13,4,-13,4,-13,3,-14,3,-13,2,-13,1,-13,1,-12,0,-12,0,0,0,0,0,0,0,0,0,0,0,0,0,0,0,0,0,0,0,0,0,0,0,-11,1,-11,0,-12,0,-12,-1,-13,-2,-12,-2,-13,-3,-13,-3,-13,-3,-13,-4,-13,-4,-13,-4,-12,-4,-12,-3,-12,-3,-13,-3,-13,-2,-13,-2,-13,-2,-14,-1,-14,-1,-14,-1,-15,0,-15,0,-15,0,-15,0]"
2025-08-18 22:58:21.727454,CSI_DATA,167,1a:00:00:00:00:00,-38,11,0,0,0,0,0,0,0,0,0,-92,0,1,0,29073578,0,31,0,128,0,"[0,0,1,-16,0,-16,0,-16,0,-15,0,-16,0,-15,-1,-15,-1,-14,-2,-14,-2,-14,-3,-14,-3,-14,-3,-14,-4,-14,-4,-14,-4,-14,-4,-14,-4,-14,-3,-15,-3,-14,-2,-14,-2,-14,-1,-14,-1,-14,0,-13,1,-12,0,0,0,0,0,0,0,0,0,0,0,0,0,0,0,0,0,0,0,0,0,0,-1,-11,-1,-12,0,-12,1,-13,1,-13,2,-13,3,-13,3,-13,4,-13,4,-13,4,-13,4,-13,4,-13,4,-13,4,-13,3,-13,3,-13,2,-13,2,-14,1,-14,1,-14,1,-15,1,-15,1,-16,1,-15,1,-16]"
2025-08-18 22:58:21.915304,CSI_DATA,168,1a:00:00:00:00:00,-38,11,0,0,0,0,0,0,0,0,0,-92,0,1,0,29274837,0,31,0,128,0,"[0,0,-16,0,-15,0,-15,0,-15,0,-15,1,-14,1,-14,1,-13,1,-13,2,-13,3,-13,3,-13,3,-13,4,-13,4,-13,4,-13,4,-13,4,-13,4,-14,3,-14,3,-13,3,-13,2,-13,1,-13,1,-12,0,-12,0,0,0,0,0,0,0,0,0,0,0,0,0,0,0,0,0,0,0,0,0,0,0,-11,2,-11,1,-12,0,-12,0,-13,-1,-13,-1,-13,-2,-13,-3,-13,-3,-13,-3,-13,-3,-13,-3,-13,-3,-13,-3,-13,-3,-13,-3,-13,-2,-13,-2,-13,-1,-14,-1,-14,-1,-14,-1,-15,0,-15,0,-15,1,-15,1]"
2025-08-18 22:58:22.112334,CSI_DATA,169,1a:00:00:00:00:00,-38,11,0,0,0,0,0,0,0,0,0,-92,0,1,0,29475884,0,31,0,128,0,"[0,0,15,-1,15,-1,15,-1,14,-1,15,-2,14,-2,13,-2,13,-3,13,-3,12,-3,13,-4,12,-4,12,-4,12,-5,12,-5,13,-5,12,-5,13,-5,13,-5,13,-5,13,-4,13,-3,12,-2,12,-1,12,-1,12,0,0,0,0,0,0,0,0,0,0,0,0,0,0,0,0,0,0,0,0,0,0,0,10,-2,11,-1,11,-1,12,0,12,0,12,1,13,2,12,2,12,3,12,3,12,4,12,4,12,3,12,3,12,2,12,2,12,2,12,1,13,1,13,0,13,0,14,-1,14,-1,14,0,15,0,15,-1]"
2025-08-18 22:58:22.314758,CSI_DATA,170,1a:00:00:00:00:00,-38,11,0,0,0,0,0,0,0,0,0,-92,0,1,0,29677076,0,31,0,128,0,"[0,0,-5,14,-5,14,-5,13,-4,13,-4,13,-4,13,-4,13,-3,13,-3,12,-2,12,-1,12,-1,12,-1,12,0,12,0,13,0,13,0,13,-1,13,-1,13,-2,13,-2,13,-2,12,-3,12,-3,12,-4,11,-4,10,0,0,0,0,0,0,0,0,0,0,0,0,0,0,0,0,0,0,0,0,0,0,-2,10,-3,10,-4,10,-4,10,-5,11,-5,11,-7,11,-7,10,-7,10,-8,10,-8,10,-8,10,-7,10,-7,10,-7,10,-7,10,-6,10,-6,11,-5,11,-6,12,-6,12,-5,12,-5,13,-5,14,-5,14,-5,14]"
2025-08-18 22:58:22.514492,CSI_DATA,171,1a:00:00:00:00:00,-38,11,0,0,0,0,0,0,0,0,0,-92,0,1,0,29878201,0,31,0,128,0,"[0,0,-2,15,-2,14,-2,14,-1,14,-1,14,-1,13,0,13,0,13,0,13,1,12,2,12,2,12,3,12,3,12,3,12,3,12,2,13,2,13,2,13,2,13,1,13,1,12,0,12,0,12,-1,11,-2,11,0,0,0,0,0,0,0,0,0,0,0,0,0,0,0,0,0,0,0,0,0,0,0,10,-1,10,-1,11,-2,11,-2,12,-3,11,-4,12,-4,12,-5,12,-5,11,-5,11,-5,11,-5,11,-4,11,-4,11,-4,11,-4,12,-3,12,-3,12,-3,12,-2,13,-2,13,-2,14,-1,14,-1,14,-1,14]"
2025-08-18 22:58:22.721282,CSI_DATA,172,1a:00:00:00:00:00,-38,11,0,0,0,0,0,0,0,0,0,-92,0,1,0,30079360,0,31,0,128,0,"[0,0,5,-14,5,-15,5,-14,5,-14,4,-15,4,-14,3,-14,3,-14,2,-13,2,-13,1,-13,0,-13,1,-14,0,-14,0,-14,0,-14,0,-14,1,-14,1,-14,1,-14,2,-14,2,-13,3,-13,3,-13,3,-12,4,-11,0,0,0,0,0,0,0,0,0,0,0,0,0,0,0,0,0,0,0,0,0,0,1,-11,2,-11,3,-11,4,-11,5,-12,5,-12,6,-12,7,-11,7,-11,7,-11,7,-11,7,-11,7,-11,7,-11,6,-11,6,-11,6,-11,6,-12,5,-12,5,-13,5,-13,5,-13,5,-14,5,-15,5,-14,5,-14]"
2025-08-18 22:58:22.921927,CSI_DATA,173,1a:00:00:00:00:00,-38,11,0,0,0,0,0,0,0,0,0,-92,0,1,0,30280635,0,31,0,128,0,"[0,0,-15,-1,-15,-1,-15,-1,-14,0,-14,0,-14,0,-14,1,-13,1,-13,1,-13,2,-13,2,-12,3,-12,3,-12,3,-13,4,-13,4,-13,4,-13,3,-13,3,-13,3,-13,2,-13,2,-13,1,-13,0,-12,0,-12,-1,0,0,0,0,0,0,0,0,0,0,0,0,0,0,0,0,0,0,0,0,0,0,-11,1,-11,0,-11,-1,-12,-1,-12,-2,-12,-2,-13,-3,-13,-3,-13,-4,-12,-4,-12,-4,-12,-4,-12,-4,-12,-4,-12,-4,-12,-3,-12,-3,-12,-2,-13,-2,-13,-2,-13,-1,-14,-1,-14,-1,-15,-1,-15,-1,-15,0]"
2025-08-18 22:58:23.114642,CSI_DATA,174,1a:00:00:00:00:00,-38,11,0,0,0,0,0,0,0,0,0,-92,0,1,0,30481917,0,31,0,128,0,"[0,0,6,13,7,13,6,12,7,13,6,12,6,12,7,11,7,11,7,10,8,10,8,10,8,9,8,9,8,8,9,9,9,9,9,10,8,9,9,10,8,10,8,10,7,10,6,11,5,10,5,10,4,10,0,0,0,0,0,0,0,0,0,0,0,0,0,0,0,0,0,0,0,0,0,0,6,8,5,8,5,10,4,9,5,11,4,11,4,11,3,12,3,12,2,12,2,12,2,12,2,12,2,11,2,11,3,12,3,11,4,12,4,11,5,12,5,12,6,12,6,12,6,13,6,13,6,13]"
2025-08-18 22:58:23.181953,CSI_DATA,175,1a:00:00:00:00:00,-38,11,0,0,0,0,0,0,0,0,0,-92,0,1,0,30543131,0,42,0,128,0,"[0,0,3,-15,3,-16,3,-15,3,-15,2,-15,2,-14,2,-14,1,-14,1,-14,0,-14,0,-14,-1,-14,-2,-14,-2,-14,-2,-14,-2,-14,-2,-14,-1,-14,-1,-14,0,-14,0,-14,1,-14,1,-13,1,-13,2,-12,3,-12,0,0,0,0,0,0,0,0,0,0,0,0,0,0,0,0,0,0,0,0,0,0,0,-11,1,-12,2,-12,2,-12,3,-12,4,-13,4,-12,5,-12,5,-12,6,-12,6,-12,6,-12,6,-12,5,-12,5,-12,5,-12,4,-12,4,-12,4,-13,3,-13,3,-14,3,-14,3,-15,2,-15,3,-15,3,-15]"
2025-08-18 22:58:23.267475,CSI_DATA,176,1a:00:00:00:00:00,-38,11,0,0,0,0,0,0,0,0,0,-92,0,1,0,30609540,0,31,0,128,0,"[0,0,-15,-7,-14,-7,-15,-7,-14,-6,-14,-6,-14,-6,-14,-6,-13,-5,-14,-4,-13,-4,-14,-3,-13,-3,-14,-3,-14,-2,-14,-2,-15,-2,-14,-2,-15,-3,-14,-3,-14,-3,-14,-4,-13,-5,-12,-5,-12,-5,-12,-6,-11,-6,0,0,0,0,0,0,0,0,0,0,0,0,0,0,0,0,0,0,0,0,0,0,-11,-3,-11,-4,-11,-5,-12,-6,-11,-6,-12,-7,-11,-8,-11,-8,-11,-9,-10,-9,-11,-9,-10,-9,-10,-9,-11,-8,-11,-8,-10,-8,-11,-8,-11,-7,-12,-7,-12,-7,-13,-7,-13,-7,-13,-6,-14,-6,-14,-7,-15,-7]"
2025-08-18 22:58:23.447548,CSI_DATA,177,1a:00:00:00:00:00,-38,11,0,0,0,0,0,0,0,0,0,-92,0,1,0,30810577,0,31,0,128,0,"[0,0,9,-12,8,-12,8,-12,8,-12,8,-12,7,-12,7,-12,6,-12,5,-12,5,-12,5,-12,5,-12,4,-13,4,-12,4,-13,4,-13,4,-13,4,-13,5,-13,5,-13,5,-12,5,-12,6,-11,6,-11,7,-10,7,-9,0,0,0,0,0,0,0,0,0,0,0,0,0,0,0,0,0,0,0,0,0,0,5,-10,5,-9,6,-10,7,-9,8,-9,8,-9,9,-9,9,-9,9,-8,10,-8,10,-7,10,-7,10,-8,10,-8,9,-8,9,-8,8,-9,9,-9,8,-9,8,-10,8,-11,8,-11,9,-11,9,-12,9,-12,9,-12]"
2025-08-18 22:58:23.650494,CSI_DATA,178,1a:00:00:00:00:00,-38,11,0,0,0,0,0,0,0,0,0,-92,0,1,0,31012038,0,31,0,128,0,"[0,0,7,-14,6,-14,6,-14,6,-14,6,-14,5,-13,5,-14,4,-13,4,-13,3,-13,2,-13,2,-14,2,-14,2,-14,2,-14,2,-14,2,-14,2,-14,3,-14,3,-14,4,-14,4,-13,4,-13,4,-12,5,-12,5,-11,0,0,0,0,0,0,0,0,0,0,0,0,0,0,0,0,0,0,0,0,0,0,3,-11,4,-11,4,-11,5,-11,6,-11,7,-11,7,-11,8,-11,8,-11,8,-10,8,-10,8,-10,8,-10,8,-10,8,-10,8,-10,7,-11,7,-11,6,-12,7,-12,6,-12,6,-13,6,-14,6,-14,6,-14,6,-14]"
2025-08-18 22:58:23.856985,CSI_DATA,179,1a:00:00:00:00:00,-38,11,0,0,0,0,0,0,0,0,0,-92,0,1,0,31212961,0,31,0,128,0,"[0,0,-8,-13,-8,-14,-8,-13,-8,-13,-8,-12,-8,-12,-8,-12,-8,-11,-9,-11,-9,-10,-9,-10,-9,-10,-10,-10,-10,-9,-11,-9,-10,-9,-10,-10,-10,-10,-10,-10,-10,-10,-9,-10,-9,-11,-8,-11,-7,-11,-7,-11,-6,-11,0,0,0,0,0,0,0,0,0,0,0,0,0,0,0,0,0,0,0,0,0,0,-7,-9,-6,-9,-6,-10,-6,-11,-6,-12,-5,-12,-4,-13,-4,-13,-4,-13,-3,-13,-3,-13,-3,-13,-3,-13,-3,-12,-4,-13,-4,-12,-5,-12,-5,-12,-5,-12,-6,-12,-6,-12,-7,-13,-7,-13,-7,-13,-8,-14,-8,-13]"
2025-08-18 22:58:24.044840,CSI_DATA,180,1a:00:00:00:00:00,-38,11,0,0,0,0,0,0,0,0,0,-92,0,1,0,31414191,0,31,0,128,0,"[0,0,11,8,11,8,11,8,11,7,11,7,11,7,11,7,11,6,11,6,11,5,11,4,11,4,11,4,11,4,12,4,12,4,12,4,12,4,12,5,12,5,11,5,10,6,10,6,9,6,9,6,8,7,0,0,0,0,0,0,0,0,0,0,0,0,0,0,0,0,0,0,0,0,0,0,9,4,9,5,9,5,9,6,9,7,8,7,8,8,8,9,8,9,7,9,7,9,7,9,7,9,7,9,8,8,7,8,8,8,8,8,9,8,9,8,10,8,10,8,11,8,11,8,11,8,11,8]"
2025-08-18 22:58:24.253618,CSI_DATA,181,1a:00:00:00:00:00,-38,11,0,0,0,0,0,0,0,0,0,-92,0,1,0,31615536,0,31,0,128,0,"[0,0,-8,13,-8,13,-8,13,-7,12,-7,13,-6,12,-6,13,-5,13,-5,12,-4,12,-4,12,-3,13,-3,13,-3,13,-3,13,-3,13,-3,13,-3,13,-3,13,-4,13,-4,13,-5,12,-5,12,-5,11,-6,11,-6,10,0,0,0,0,0,0,0,0,0,0,0,0,0,0,0,0,0,0,0,0,0,0,-4,10,-5,10,-6,10,-7,10,-7,10,-8,10,-9,10,-9,10,-10,9,-10,9,-10,9,-10,9,-9,9,-9,9,-9,9,-9,9,-9,10,-8,10,-8,10,-8,11,-8,11,-8,12,-7,12,-7,13,-7,13,-7,13]"
2025-08-18 22:58:24.464286,CSI_DATA,182,1a:00:00:00:00:00,-38,11,0,0,0,0,0,0,0,0,0,-92,0,1,0,31816599,0,31,0,128,0,"[0,0,-12,9,-12,9,-12,8,-12,8,-11,9,-11,9,-11,9,-10,9,-9,9,-9,9,-9,9,-8,10,-8,10,-8,10,-8,11,-8,11,-8,11,-8,11,-9,11,-9,10,-9,10,-9,9,-9,9,-9,8,-10,7,-10,7,0,0,0,0,0,0,0,0,0,0,0,0,0,0,0,0,0,0,0,0,0,0,-8,7,-9,7,-9,6,-10,6,-11,6,-11,5,-12,5,-12,5,-12,5,-12,4,-13,4,-12,4,-12,4,-12,4,-12,4,-12,4,-12,5,-11,6,-12,6,-11,7,-12,7,-12,8,-12,8,-12,8,-12,9,-12,9]"
2025-08-18 22:58:24.660540,CSI_DATA,183,1a:00:00:00:00:00,-38,11,0,0,0,0,0,0,0,0,0,-92,0,1,0,32017744,0,31,0,128,0,"[0,0,-3,-16,-4,-16,-3,-15,-3,-15,-4,-15,-4,-14,-4,-14,-5,-14,-5,-13,-5,-13,-6,-13,-6,-12,-7,-12,-7,-13,-7,-12,-7,-13,-7,-13,-7,-13,-7,-13,-6,-13,-6,-13,-5,-13,-4,-13,-4,-13,-3,-13,-2,-12,0,0,0,0,0,0,0,0,0,0,0,0,0,0,0,0,0,0,0,0,0,0,-4,-11,-4,-11,-3,-12,-2,-13,-2,-13,-1,-13,-1,-13,0,-14,0,-14,1,-14,1,-14,1,-14,1,-13,1,-13,0,-13,0,-13,0,-14,-1,-14,-2,-14,-2,-14,-2,-14,-3,-15,-3,-15,-3,-15,-4,-16,-3,-16]"
2025-08-18 22:58:24.717146,CSI_DATA,184,1a:00:00:00:00:00,-38,11,0,0,0,0,0,0,0,0,0,-92,0,1,0,32078830,0,42,0,128,0,"[0,0,-8,13,-8,13,-8,13,-7,13,-7,13,-6,12,-6,12,-5,12,-5,12,-4,12,-4,12,-3,12,-3,13,-3,13,-3,13,-3,13,-3,13,-3,13,-4,13,-4,13,-5,13,-5,12,-5,12,-5,11,-6,10,-6,10,0,0,0,0,0,0,0,0,0,0,0,0,0,0,0,0,0,0,0,0,0,0,-4,10,-5,10,-6,10,-7,10,-7,10,-8,10,-9,10,-9,10,-10,9,-10,9,-10,9,-10,9,-9,9,-9,9,-9,9,-9,9,-9,10,-8,10,-8,10,-8,11,-8,11,-8,12,-7,12,-7,13,-7,13,-7,13]"
2025-08-18 22:58:24.793842,CSI_DATA,185,1a:00:00:00:00:00,-38,11,0,0,0,0,0,0,0,0,0,-92,0,1,0,32155499,0,31,0,128,0,"[0,0,5,14,5,14,4,14,5,13,5,13,5,12,5,12,6,12,6,11,6,11,7,11,7,10,7,11,8,10,8,10,8,10,8,11,8,10,8,11,7,11,7,11,6,11,5,11,5,11,4,11,3,11,0,0,0,0,0,0,0,0,0,0,0,0,0,0,0,0,0,0,0,0,0,0,4,9,4,10,4,11,3,11,3,11,2,12,1,13,1,12,1,13,0,13,0,13,0,13,0,13,0,12,0,12,1,12,1,12,2,12,2,12,3,13,3,13,4,13,4,13,5,14,4,14,5,14]"
2025-08-18 22:58:24.986664,CSI_DATA,186,1a:00:00:00:00:00,-39,11,0,0,0,0,0,0,0,0,0,-92,0,1,0,32355009,0,31,0,128,0,"[0,0,9,11,9,10,9,11,9,10,9,10,9,10,9,9,9,8,9,8,9,7,10,6,10,6,11,6,11,6,11,6,11,6,11,6,11,6,11,7,10,7,10,8,9,8,9,8,9,8,8,8,7,8,0,0,0,0,0,0,0,0,0,0,0,0,0,0,0,0,0,0,0,0,0,0,7,6,7,7,7,8,6,9,6,9,6,10,5,11,5,11,4,11,4,11,4,11,5,11,5,11,5,11,5,11,5,10,5,10,6,10,6,10,7,10,7,10,8,10,8,10,9,10,9,11,9,10]"
2025-08-18 22:58:25.192830,CSI_DATA,187,1a:00:00:00:00:00,-38,11,0,0,0,0,0,0,0,0,0,-92,0,1,0,32556061,0,31,0,128,0,"[0,0,15,-1,14,-2,14,-2,14,-2,14,-2,13,-2,13,-3,12,-3,12,-4,12,-4,12,-4,12,-5,12,-5,12,-5,12,-6,12,-6,12,-6,13,-6,12,-5,13,-5,12,-4,12,-4,12,-3,12,-2,11,-1,11,-1,0,0,0,0,0,0,0,0,0,0,0,0,0,0,0,0,0,0,0,0,0,0,10,-3,10,-2,11,-2,11,-1,11,-1,12,0,12,1,12,1,12,1,12,2,12,3,12,3,12,2,12,2,12,2,11,1,12,1,12,0,12,0,13,-1,13,-1,13,-1,14,-2,14,-1,14,-1,14,-2]"
2025-08-18 22:58:25.394110,CSI_DATA,188,1a:00:00:00:00:00,-38,11,0,0,0,0,0,0,0,0,0,-92,0,1,0,32757334,0,31,0,128,0,"[0,0,-1,15,-1,15,-1,15,-1,13,-2,14,-1,14,-1,13,0,13,1,12,1,12,2,12,2,12,3,12,3,13,2,12,3,13,3,13,2,12,2,13,1,13,1,13,0,13,0,12,0,12,-1,11,-1,11,0,0,0,0,0,0,0,0,0,0,0,0,0,0,0,0,0,0,0,0,0,0,1,10,0,10,-1,11,-2,11,-2,11,-3,12,-4,12,-4,12,-5,12,-5,11,-5,12,-5,11,-5,11,-4,11,-4,12,-4,11,-3,11,-3,11,-3,12,-2,13,-2,13,-1,14,-2,14,-1,14,-1,14,-1,15]"
2025-08-18 22:58:25.603100,CSI_DATA,189,1a:00:00:00:00:00,-38,11,0,0,0,0,0,0,0,0,0,-92,0,1,0,32959536,0,31,0,128,0,"[0,0,-9,-13,-9,-13,-8,-12,-9,-12,-9,-12,-9,-12,-9,-11,-9,-11,-9,-10,-10,-10,-10,-9,-10,-9,-10,-9,-11,-9,-11,-9,-11,-9,-11,-9,-11,-9,-11,-10,-10,-10,-10,-10,-9,-10,-9,-10,-8,-10,-7,-10,-7,-10,0,0,0,0,0,0,0,0,0,0,0,0,0,0,0,0,0,0,0,0,0,0,-8,-8,-7,-9,-7,-10,-6,-10,-6,-11,-6,-12,-5,-12,-5,-12,-4,-13,-4,-13,-4,-13,-4,-12,-4,-12,-4,-12,-5,-12,-5,-12,-5,-12,-6,-12,-6,-12,-6,-12,-7,-12,-7,-12,-8,-12,-9,-13,-9,-12,-9,-13]"
2025-08-18 22:58:25.798011,CSI_DATA,190,1a:00:00:00:00:00,-38,11,0,0,0,0,0,0,0,0,0,-92,0,1,0,33159459,0,31,0,128,0,"[0,0,7,-14,6,-13,7,-14,6,-13,6,-14,6,-13,5,-13,5,-13,4,-13,3,-13,3,-13,3,-13,2,-13,2,-14,2,-13,2,-14,2,-14,3,-14,3,-14,3,-14,4,-13,4,-13,4,-12,5,-12,5,-11,6,-11,0,0,0,0,0,0,0,0,0,0,0,0,0,0,0,0,0,0,0,0,0,0,3,-10,4,-11,5,-10,6,-10,6,-10,7,-11,8,-10,8,-10,8,-10,9,-9,9,-9,9,-9,9,-9,8,-9,8,-10,8,-9,8,-10,7,-10,7,-11,7,-11,7,-12,6,-12,6,-12,7,-13,7,-13,7,-13]"
2025-08-18 22:58:26.001240,CSI_DATA,191,1a:00:00:00:00:00,-38,11,0,0,0,0,0,0,0,0,0,-92,0,1,0,33360734,0,31,0,128,0,"[0,0,8,12,8,11,8,12,8,11,8,11,8,11,8,10,8,10,8,9,9,9,9,8,9,7,10,8,10,8,10,8,10,8,10,8,10,8,10,9,9,9,9,9,8,10,8,10,7,10,6,9,6,10,0,0,0,0,0,0,0,0,0,0,0,0,0,0,0,0,0,0,0,0,0,0,7,7,7,7,7,8,7,9,6,9,6,10,5,11,5,11,5,11,4,11,4,11,4,11,4,11,4,11,5,11,4,11,5,11,6,10,6,11,6,11,7,11,7,11,8,11,8,11,9,12,9,11]"
2025-08-18 22:58:26.218994,CSI_DATA,192,1a:00:00:00:00:00,-38,11,0,0,0,0,0,0,0,0,0,-92,0,1,0,33561854,0,31,0,128,0,"[0,0,-7,-14,-8,-14,-7,-13,-8,-13,-8,-13,-8,-12,-8,-12,-8,-11,-9,-11,-9,-10,-9,-10,-9,-10,-9,-10,-10,-9,-11,-9,-10,-9,-11,-10,-11,-10,-10,-10,-10,-10,-10,-10,-9,-11,-8,-11,-7,-11,-7,-11,-6,-11,0,0,0,0,0,0,0,0,0,0,0,0,0,0,0,0,0,0,0,0,0,0,-6,-9,-6,-10,-5,-11,-5,-11,-5,-12,-4,-12,-4,-13,-4,-13,-3,-13,-3,-13,-2,-13,-2,-13,-2,-13,-3,-13,-3,-13,-3,-12,-4,-12,-5,-12,-5,-13,-6,-13,-6,-13,-7,-13,-7,-13,-7,-14,-7,-14,-7,-14]"
2025-08-18 22:58:26.330586,CSI_DATA,193,1a:00:00:00:00:00,-38,11,0,0,0,0,0,0,0,0,0,-92,0,1,0,33622619,0,42,0,128,0,"[0,0,-6,14,-6,14,-5,13,-5,13,-5,13,-5,13,-4,13,-4,13,-3,12,-3,13,-3,12,-2,12,-2,12,-1,12,-1,13,-1,13,-1,13,-1,13,-2,13,-2,13,-3,13,-3,12,-4,12,-4,12,-4,11,-5,10,0,0,0,0,0,0,0,0,0,0,0,0,0,0,0,0,0,0,0,0,0,0,-3,10,-4,10,-5,10,-5,10,-6,11,-7,10,-7,10,-8,10,-8,10,-9,10,-9,9,-9,9,-9,9,-8,9,-8,9,-8,10,-7,10,-7,10,-6,11,-6,11,-6,12,-6,12,-6,13,-6,13,-6,13,-6,13]"
2025-08-18 22:58:26.336863,CSI_DATA,194,1a:00:00:00:00:00,-38,11,0,0,0,0,0,0,0,0,0,-92,0,1,0,33681751,0,31,0,128,0,"[0,0,-15,3,-15,3,-14,3,-15,3,-14,3,-14,3,-13,4,-13,4,-13,4,-13,5,-12,5,-12,5,-12,6,-11,6,-12,7,-11,6,-12,7,-12,6,-13,6,-12,6,-13,5,-12,5,-13,4,-13,3,-12,2,-12,2,0,0,0,0,0,0,0,0,0,0,0,0,0,0,0,0,0,0,0,0,0,0,-10,3,-11,3,-12,2,-12,2,-13,1,-13,0,-13,0,-13,0,-13,-1,-14,-1,-13,-2,-13,-2,-13,-2,-13,-1,-13,-1,-13,-1,-12,0,-13,0,-13,1,-14,2,-14,2,-14,2,-15,3,-14,3,-15,3,-15,3]"
2025-08-18 22:58:26.521087,CSI_DATA,195,1a:00:00:00:00:00,-38,11,0,0,0,0,0,0,0,0,0,-92,0,1,0,33882487,0,31,0,128,0,"[0,0,-15,4,-14,4,-14,4,-14,4,-14,5,-13,5,-13,5,-12,5,-12,6,-12,6,-12,6,-11,6,-11,7,-11,7,-11,7,-11,7,-11,7,-12,7,-12,7,-12,7,-12,6,-12,6,-12,5,-12,4,-12,3,-12,3,0,0,0,0,0,0,0,0,0,0,0,0,0,0,0,0,0,0,0,0,0,0,-10,4,-10,4,-11,3,-12,3,-12,2,-13,2,-13,1,-13,1,-13,0,-13,0,-13,-1,-13,-1,-13,0,-13,0,-13,0,-13,1,-13,1,-13,2,-13,2,-13,3,-13,3,-14,3,-14,4,-14,4,-15,4,-15,4]"
2025-08-18 22:58:26.668953,CSI_DATA,196,1a:00:00:00:00:00,-38,11,0,0,0,0,0,0,0,0,0,-92,0,1,0,34027729,0,28,0,128,0,"[0,0,-1,-16,-1,-17,-1,-15,-1,-16,-2,-15,-2,-15,-3,-15,-3,-14,-4,-13,-4,-14,-4,-13,-5,-13,-5,-13,-5,-13,-6,-13,-6,-13,-6,-14,-6,-13,-6,-14,-5,-14,-5,-14,-4,-14,-3,-14,-3,-14,-2,-13,-1,-12,0,0,0,0,0,0,0,0,0,0,0,0,0,0,0,0,0,0,0,0,0,0,-2,-11,-1,-11,0,-13,0,-12,1,-13,2,-13,2,-13,3,-14,3,-13,4,-13,4,-13,4,-13,4,-13,3,-13,3,-13,2,-13,2,-13,1,-14,1,-14,0,-14,0,-14,0,-15,0,-16,-1,-16,-1,-16,0,-16]"
2025-08-18 22:58:26.720991,CSI_DATA,197,1a:00:00:00:00:00,-38,11,0,0,0,0,0,0,0,0,0,-92,0,1,0,34083678,0,31,0,128,0,"[0,0,-4,14,-4,14,-4,14,-3,14,-3,14,-3,13,-2,13,-1,13,-1,13,-1,12,0,12,0,12,0,12,1,13,1,13,1,13,1,13,0,13,1,13,0,13,-1,13,-1,13,-1,12,-2,12,-3,11,-3,11,0,0,0,0,0,0,0,0,0,0,0,0,0,0,0,0,0,0,0,0,0,0,-1,10,-2,10,-3,11,-3,11,-4,11,-5,11,-5,11,-6,11,-6,11,-7,11,-7,11,-7,11,-6,11,-6,11,-6,11,-6,11,-6,11,-5,11,-5,12,-4,12,-4,13,-4,13,-4,13,-4,14,-4,14,-3,14]"
2025-08-18 22:58:26.923339,CSI_DATA,198,1a:00:00:00:00:00,-38,11,0,0,0,0,0,0,0,0,0,-92,0,1,0,34284912,0,31,0,128,0,"[0,0,14,-4,13,-5,13,-5,13,-5,13,-5,12,-5,12,-5,12,-6,11,-6,11,-6,11,-6,11,-7,11,-7,10,-8,10,-8,11,-8,11,-8,11,-8,11,-8,11,-7,12,-7,12,-6,11,-5,11,-4,11,-4,11,-3,0,0,0,0,0,0,0,0,0,0,0,0,0,0,0,0,0,0,0,0,0,0,9,-5,10,-5,10,-4,11,-4,11,-3,12,-3,12,-2,12,-2,13,-1,12,-1,12,0,12,0,12,0,12,-1,12,-1,12,-1,12,-2,12,-2,12,-3,12,-4,13,-4,13,-5,13,-4,14,-4,14,-4,14,-5]"
2025-08-18 22:58:27.118038,CSI_DATA,199,1a:00:00:00:00:00,-38,11,0,0,0,0,0,0,0,0,0,-92,0,1,0,34486032,0,31,0,128,0,"[0,0,10,10,10,9,10,9,10,9,10,8,10,8,10,8,10,7,10,6,10,6,11,5,11,5,11,5,11,4,11,4,12,4,12,5,12,5,12,5,11,5,11,6,10,6,10,6,9,7,9,7,8,7,0,0,0,0,0,0,0,0,0,0,0,0,0,0,0,0,0,0,0,0,0,0,8,6,8,6,7,7,7,8,7,8,7,9,6,10,6,10,6,10,5,10,5,10,5,10,5,10,6,10,6,10,6,9,7,9,7,9,8,9,8,9,8,9,9,9,10,9,10,9,10,9,10,9]"
2025-08-18 22:58:27.327183,CSI_DATA,200,1a:00:00:00:00:00,-38,11,0,0,0,0,0,0,0,0,0,-92,0,1,0,34687425,0,31,0,128,0,"[0,0,4,-15,3,-14,3,-15,3,-14,2,-15,2,-14,2,-14,1,-14,1,-13,0,-13,0,-13,-1,-13,-1,-14,-1,-14,-1,-13,-1,-14,-1,-14,-1,-14,-1,-14,0,-14,0,-14,1,-13,1,-13,2,-13,2,-12,3,-12,0,0,0,0,0,0,0,0,0,0,0,0,0,0,0,0,0,0,0,0,0,0,0,-11,1,-11,2,-11,2,-12,3,-12,4,-12,5,-12,5,-12,5,-12,5,-11,6,-11,6,-11,5,-11,5,-11,5,-12,5,-11,5,-12,4,-12,4,-13,4,-13,3,-13,3,-14,3,-14,3,-15,3,-15,3,-15]"
2025-08-18 22:58:27.532987,CSI_DATA,201,1a:00:00:00:00:00,-38,11,0,0,0,0,0,0,0,0,0,-92,0,1,0,34888571,0,31,0,128,0,"[0,0,-9,-13,-9,-13,-9,-13,-9,-13,-9,-12,-9,-11,-9,-11,-9,-11,-10,-10,-10,-10,-10,-9,-11,-9,-11,-8,-10,-8,-12,-8,-11,-8,-12,-9,-11,-9,-12,-9,-11,-10,-11,-10,-10,-10,-9,-10,-9,-10,-8,-10,-7,-10,0,0,0,0,0,0,0,0,0,0,0,0,0,0,0,0,0,0,0,0,0,0,-7,-9,-7,-9,-7,-11,-6,-11,-6,-12,-6,-12,-5,-13,-5,-13,-4,-13,-4,-13,-4,-13,-4,-13,-4,-13,-4,-12,-4,-12,-5,-13,-5,-12,-6,-12,-6,-12,-7,-12,-7,-12,-8,-13,-9,-13,-9,-13,-9,-13,-9,-13]"
2025-08-18 22:58:27.732998,CSI_DATA,202,1a:00:00:00:00:00,-38,11,0,0,0,0,0,0,0,0,0,-92,0,1,0,35089636,0,31,0,128,0,"[0,0,-13,-8,-13,-8,-13,-8,-13,-8,-13,-7,-13,-7,-13,-6,-13,-6,-13,-5,-13,-5,-13,-5,-13,-4,-13,-4,-13,-4,-13,-3,-14,-3,-14,-3,-14,-4,-14,-4,-14,-4,-13,-4,-13,-5,-12,-6,-12,-6,-11,-6,-11,-7,0,0,0,0,0,0,0,0,0,0,0,0,0,0,0,0,0,0,0,0,0,0,-10,-5,-10,-6,-10,-6,-10,-7,-10,-8,-10,-9,-10,-9,-10,-9,-9,-10,-9,-10,-9,-10,-8,-10,-9,-10,-9,-10,-9,-9,-9,-9,-10,-9,-10,-9,-11,-9,-11,-8,-12,-8,-12,-8,-13,-8,-13,-8,-13,-8,-13,-8]"
2025-08-18 22:58:27.789765,CSI_DATA,203,1a:00:00:00:00:00,-38,11,0,0,0,0,0,0,0,0,0,-92,0,1,0,35150344,0,42,0,128,0,"[0,0,-15,3,-15,3,-15,3,-14,3,-14,4,-14,3,-13,4,-13,4,-13,4,-12,5,-12,6,-12,6,-12,6,-11,6,-12,7,-12,7,-12,7,-12,6,-13,6,-12,6,-13,5,-12,5,-12,4,-12,4,-12,3,-12,2,0,0,0,0,0,0,0,0,0,0,0,0,0,0,0,0,0,0,0,0,0,0,-10,3,-11,3,-12,2,-12,2,-12,1,-13,1,-13,0,-13,0,-13,-1,-13,-1,-13,-1,-13,-1,-13,-1,-13,-1,-13,-1,-13,-1,-13,0,-13,1,-13,1,-13,2,-14,2,-14,2,-14,3,-15,3,-15,3,-15,3]"
2025-08-18 22:58:27.861990,CSI_DATA,204,1a:00:00:00:00:00,-38,11,0,0,0,0,0,0,0,0,0,-92,0,1,0,35217480,0,31,0,128,0,"[0,0,15,-2,15,-2,15,-2,14,-2,14,-3,14,-3,13,-3,13,-3,13,-4,12,-5,12,-5,12,-5,12,-6,12,-6,12,-6,12,-6,12,-6,13,-6,13,-6,13,-5,13,-5,13,-4,12,-3,12,-3,12,-2,12,-2,0,0,0,0,0,0,0,0,0,0,0,0,0,0,0,0,0,0,0,0,0,0,10,-3,11,-2,11,-2,12,-1,12,-1,13,0,13,1,13,1,13,2,13,2,13,2,12,2,12,2,12,2,12,1,12,1,13,1,12,0,13,0,13,-1,13,-1,14,-1,14,-2,15,-2,15,-2,15,-2]"
2025-08-18 22:58:28.057702,CSI_DATA,205,1a:00:00:00:00:00,-38,11,0,0,0,0,0,0,0,0,0,-92,0,1,0,35418579,0,31,0,128,0,"[0,0,-16,2,-15,2,-15,2,-14,2,-14,2,-14,3,-13,3,-13,3,-13,4,-13,4,-12,4,-12,5,-12,5,-12,6,-12,6,-12,6,-12,6,-13,6,-13,6,-13,5,-13,5,-13,4,-12,3,-12,3,-12,2,-12,1,0,0,0,0,0,0,0,0,0,0,0,0,0,0,0,0,0,0,0,0,0,0,-11,2,-11,2,-12,1,-12,0,-12,0,-13,-1,-13,-1,-13,-2,-13,-2,-13,-2,-13,-3,-13,-3,-13,-3,-13,-2,-13,-2,-13,-2,-13,-1,-13,0,-13,0,-13,0,-14,1,-14,1,-15,1,-15,2,-15,2,-15,2]"
2025-08-18 22:58:28.258036,CSI_DATA,206,1a:00:00:00:00:00,-38,11,0,0,0,0,0,0,0,0,0,-92,0,1,0,35619737,0,31,0,128,0,"[0,0,-14,6,-14,6,-14,6,-14,6,-13,6,-13,6,-12,6,-12,6,-11,7,-11,7,-11,8,-10,8,-10,8,-10,8,-10,9,-10,9,-10,9,-10,9,-11,9,-11,8,-11,8,-11,7,-11,7,-11,6,-11,5,-11,4,0,0,0,0,0,0,0,0,0,0,0,0,0,0,0,0,0,0,0,0,0,0,-10,5,-10,4,-11,4,-11,3,-12,3,-13,2,-13,2,-13,1,-13,1,-13,1,-13,1,-13,0,-13,1,-13,1,-12,1,-13,2,-13,2,-13,3,-13,3,-13,4,-13,4,-13,4,-14,5,-14,6,-14,6,-14,5]"
2025-08-18 22:58:28.459127,CSI_DATA,207,1a:00:00:00:00:00,-38,11,0,0,0,0,0,0,0,0,0,-92,0,1,0,35820891,0,31,0,128,0,"[0,0,-15,4,-14,4,-14,4,-14,4,-14,4,-13,4,-13,5,-12,5,-12,5,-12,6,-12,6,-11,6,-11,7,-11,7,-11,7,-11,7,-11,7,-12,7,-12,7,-12,6,-12,6,-12,5,-12,5,-12,4,-11,3,-11,2,0,0,0,0,0,0,0,0,0,0,0,0,0,0,0,0,0,0,0,0,0,0,-10,4,-10,4,-11,3,-12,3,-12,2,-12,2,-13,1,-13,1,-13,0,-13,0,-13,0,-13,0,-13,0,-12,0,-13,0,-12,1,-13,1,-13,2,-13,2,-13,3,-13,3,-13,3,-14,4,-14,4,-14,4,-14,4]"
2025-08-18 22:58:28.666531,CSI_DATA,208,1a:00:00:00:00:00,-38,11,0,0,0,0,0,0,0,0,0,-92,0,1,0,36022179,0,31,0,128,0,"[0,0,-10,-12,-10,-12,-10,-12,-10,-11,-10,-11,-10,-11,-10,-10,-10,-10,-10,-9,-10,-8,-11,-8,-11,-8,-11,-8,-11,-7,-12,-7,-12,-7,-12,-8,-12,-8,-12,-8,-11,-8,-11,-9,-10,-9,-10,-9,-9,-9,-9,-9,-8,-9,0,0,0,0,0,0,0,0,0,0,0,0,0,0,0,0,0,0,0,0,0,0,-8,-8,-8,-8,-7,-9,-7,-10,-7,-10,-6,-11,-6,-12,-6,-12,-5,-12,-5,-12,-5,-12,-5,-12,-5,-12,-5,-12,-6,-11,-6,-11,-6,-11,-7,-11,-7,-11,-8,-11,-8,-11,-8,-12,-9,-11,-9,-11,-10,-12,-10,-12]"
2025-08-18 22:58:28.861515,CSI_DATA,209,1a:00:00:00:00:00,-38,11,0,0,0,0,0,0,0,0,0,-92,0,1,0,36223425,0,31,0,128,0,"[0,0,7,-14,7,-14,7,-13,7,-13,6,-13,6,-13,6,-13,5,-13,4,-13,4,-13,3,-13,3,-13,3,-13,2,-13,2,-14,2,-13,2,-14,3,-14,3,-14,3,-14,4,-13,4,-13,4,-12,5,-12,5,-11,6,-10,0,0,0,0,0,0,0,0,0,0,0,0,0,0,0,0,0,0,0,0,0,0,4,-10,4,-10,5,-10,6,-10,7,-10,7,-10,8,-10,8,-10,9,-9,9,-10,9,-9,9,-9,9,-9,8,-9,8,-9,8,-9,8,-10,8,-11,7,-11,7,-11,7,-12,7,-12,7,-13,7,-13,7,-13,7,-14]"
2025-08-18 22:58:29.062735,CSI_DATA,210,1a:00:00:00:00:00,-38,11,0,0,0,0,0,0,0,0,0,-92,0,1,0,36424569,0,31,0,128,0,"[0,0,-13,8,-13,8,-13,8,-12,8,-12,8,-12,8,-11,8,-10,8,-10,8,-9,9,-9,9,-8,10,-9,10,-8,10,-8,10,-9,10,-9,10,-9,11,-9,10,-10,10,-10,9,-10,9,-10,8,-10,8,-10,7,-10,6,0,0,0,0,0,0,0,0,0,0,0,0,0,0,0,0,0,0,0,0,0,0,-8,6,-9,6,-10,6,-11,5,-11,5,-12,5,-12,4,-13,4,-13,3,-13,3,-13,3,-13,3,-13,3,-12,3,-12,4,-12,4,-12,4,-12,5,-12,6,-12,6,-12,6,-13,7,-12,8,-12,8,-13,8,-13,8]"
2025-08-18 22:58:29.277553,CSI_DATA,211,1a:00:00:00:00:00,-38,11,0,0,0,0,0,0,0,0,0,-92,0,1,0,36625702,0,31,0,128,0,"[0,0,10,-10,10,-11,10,-10,10,-10,9,-10,9,-10,8,-10,8,-10,7,-10,7,-11,6,-11,6,-11,6,-12,6,-12,6,-12,6,-12,6,-12,6,-12,7,-12,7,-12,7,-11,8,-11,8,-10,8,-9,8,-9,8,-8,0,0,0,0,0,0,0,0,0,0,0,0,0,0,0,0,0,0,0,0,0,0,6,-9,6,-9,7,-9,8,-8,9,-8,9,-8,10,-8,10,-7,10,-7,10,-6,10,-6,10,-6,10,-6,10,-7,10,-7,10,-7,10,-7,9,-8,9,-8,9,-9,9,-9,10,-10,10,-10,10,-10,10,-10,10,-11]"
2025-08-18 22:58:29.320614,CSI_DATA,212,1a:00:00:00:00:00,-38,11,0,0,0,0,0,0,0,0,0,-92,0,1,0,36686510,0,42,0,128,0,"[0,0,14,3,14,3,14,3,13,3,14,2,13,2,13,2,13,1,12,1,12,0,12,-1,12,-1,13,-2,13,-2,12,-1,13,-2,13,-2,13,-1,13,-1,13,0,13,0,13,1,12,1,12,1,11,2,11,2,0,0,0,0,0,0,0,0,0,0,0,0,0,0,0,0,0,0,0,0,0,0,10,0,10,1,10,2,11,3,11,3,11,4,11,5,11,6,11,6,10,6,11,6,10,6,10,5,10,5,11,5,10,5,11,5,11,4,12,4,12,4,12,4,13,4,13,3,13,3,14,3,15,3]"
2025-08-18 22:58:29.388517,CSI_DATA,213,1a:00:00:00:00:00,-38,11,0,0,0,0,0,0,0,0,0,-92,0,1,0,36753689,0,31,0,128,0,"[0,0,15,1,14,0,14,1,14,0,14,0,13,0,13,0,13,-1,13,-2,12,-2,12,-2,12,-3,12,-3,12,-3,12,-4,13,-4,13,-4,13,-3,13,-3,13,-3,13,-2,13,-2,12,-1,12,-1,11,0,11,1,0,0,0,0,0,0,0,0,0,0,0,0,0,0,0,0,0,0,0,0,0,0,10,-1,11,-1,11,0,11,1,11,1,12,2,12,3,12,3,12,3,11,4,11,4,11,4,11,4,11,4,11,3,11,3,12,3,12,2,12,2,13,1,13,1,13,1,13,1,14,1,15,1,15,1]"
2025-08-18 22:58:29.587239,CSI_DATA,214,1a:00:00:00:00:00,-38,11,0,0,0,0,0,0,0,0,0,-92,0,1,0,36954765,0,31,0,128,0,"[0,0,10,10,10,10,10,10,10,10,10,9,9,9,10,8,10,8,10,7,10,7,10,6,11,6,11,6,11,6,11,6,11,6,11,6,11,6,11,7,11,7,10,7,10,8,9,8,9,8,8,8,7,8,0,0,0,0,0,0,0,0,0,0,0,0,0,0,0,0,0,0,0,0,0,0,8,5,8,6,8,7,8,8,8,8,7,9,7,10,7,10,6,11,6,11,6,11,5,11,6,10,6,10,6,10,6,10,6,10,7,9,7,9,8,10,8,10,9,10,10,10,10,10,10,10,10,10]"
2025-08-18 22:58:29.793275,CSI_DATA,215,1a:00:00:00:00:00,-38,11,0,0,0,0,0,0,0,0,0,-92,0,1,0,37156075,0,31,0,128,0,"[0,0,-12,9,-12,9,-12,9,-12,9,-11,9,-10,9,-10,9,-10,9,-9,9,-9,10,-8,10,-8,10,-8,10,-8,11,-8,11,-8,11,-8,11,-8,11,-8,11,-9,11,-9,10,-9,9,-9,9,-9,8,-9,7,-10,7,0,0,0,0,0,0,0,0,0,0,0,0,0,0,0,0,0,0,0,0,0,0,-8,7,-8,7,-9,7,-10,6,-11,6,-11,6,-12,6,-12,5,-12,5,-13,4,-12,4,-12,4,-12,4,-12,4,-12,5,-12,5,-11,5,-11,6,-11,6,-11,7,-11,8,-12,8,-12,8,-12,9,-12,9,-12,9]"
2025-08-18 22:58:29.996137,CSI_DATA,216,1a:00:00:00:00:00,-38,11,0,0,0,0,0,0,0,0,0,-92,0,1,0,37357301,0,31,0,128,0,"[0,0,5,-14,5,-14,5,-14,5,-14,5,-14,4,-13,4,-13,3,-13,3,-13,2,-13,2,-13,1,-14,1,-14,1,-14,1,-13,1,-14,1,-14,1,-14,1,-14,2,-14,2,-14,3,-13,3,-13,3,-12,4,-12,4,-11,0,0,0,0,0,0,0,0,0,0,0,0,0,0,0,0,0,0,0,0,0,0,2,-10,3,-11,4,-11,5,-11,5,-11,6,-11,7,-11,7,-11,8,-11,8,-10,8,-10,8,-10,8,-10,8,-10,7,-11,7,-10,7,-11,6,-11,6,-12,6,-12,6,-13,6,-13,5,-13,6,-14,6,-14,6,-15]"
2025-08-18 22:58:30.201136,CSI_DATA,217,1a:00:00:00:00:00,-38,11,0,0,0,0,0,0,0,0,0,-92,0,1,0,37558403,0,31,0,128,0,"[0,0,-3,-15,-4,-15,-3,-15,-3,-15,-4,-15,-4,-14,-4,-14,-4,-13,-5,-13,-5,-13,-6,-12,-6,-12,-6,-12,-7,-12,-7,-12,-7,-12,-7,-13,-7,-12,-7,-13,-6,-13,-6,-13,-5,-13,-5,-13,-4,-12,-3,-12,-2,-12,0,0,0,0,0,0,0,0,0,0,0,0,0,0,0,0,0,0,0,0,0,0,-3,-11,-3,-11,-2,-12,-2,-12,-1,-13,-1,-13,0,-13,1,-13,1,-13,2,-13,2,-13,2,-13,2,-13,1,-13,1,-13,0,-13,0,-13,-1,-13,-1,-14,-2,-14,-2,-14,-2,-14,-2,-15,-3,-15,-3,-15,-3,-15]"
2025-08-18 22:58:30.396373,CSI_DATA,218,1a:00:00:00:00:00,-38,11,0,0,0,0,0,0,0,0,0,-92,0,1,0,37759538,0,31,0,128,0,"[0,0,13,-7,12,-7,12,-7,12,-7,11,-8,11,-7,11,-8,10,-8,10,-8,9,-9,9,-9,9,-9,8,-9,8,-10,8,-10,8,-10,8,-10,9,-10,9,-10,9,-9,9,-9,10,-8,9,-8,9,-7,10,-6,10,-6,0,0,0,0,0,0,0,0,0,0,0,0,0,0,0,0,0,0,0,0,0,0,8,-7,9,-6,9,-6,10,-5,10,-5,11,-4,11,-4,12,-4,12,-3,12,-3,12,-3,12,-3,11,-3,11,-3,11,-3,11,-3,11,-4,11,-5,11,-5,11,-5,12,-6,12,-6,12,-7,12,-7,12,-7,13,-7]"
2025-08-18 22:58:30.599626,CSI_DATA,219,1a:00:00:00:00:00,-38,11,0,0,0,0,0,0,0,0,0,-92,0,1,0,37960687,0,31,0,128,0,"[0,0,11,-10,11,-10,11,-10,11,-10,11,-10,10,-10,9,-10,9,-10,9,-10,8,-10,8,-11,7,-11,7,-11,7,-11,7,-11,7,-12,7,-12,7,-12,8,-12,8,-11,8,-11,8,-10,8,-10,8,-9,9,-8,9,-7,0,0,0,0,0,0,0,0,0,0,0,0,0,0,0,0,0,0,0,0,0,0,7,-8,8,-8,8,-7,9,-8,10,-7,10,-7,11,-6,11,-6,11,-6,11,-5,11,-5,11,-5,11,-5,11,-6,11,-6,11,-6,11,-6,10,-7,10,-8,11,-8,10,-8,11,-9,11,-9,11,-10,11,-10,11,-10]"
2025-08-18 22:58:30.816286,CSI_DATA,220,1a:00:00:00:00:00,-38,11,0,0,0,0,0,0,0,0,0,-92,0,1,0,38161844,0,31,0,128,0,"[0,0,0,-15,0,-15,-1,-15,0,-15,-1,-15,-1,-14,-2,-14,-2,-14,-2,-13,-3,-13,-3,-13,-4,-13,-4,-13,-4,-13,-5,-13,-5,-13,-5,-13,-5,-14,-4,-14,-4,-14,-4,-14,-3,-13,-2,-13,-2,-13,-1,-12,-1,-12,0,0,0,0,0,0,0,0,0,0,0,0,0,0,0,0,0,0,0,0,0,0,-1,-11,-1,-12,0,-12,1,-12,1,-12,2,-13,3,-13,3,-13,3,-13,4,-13,4,-12,4,-12,4,-12,3,-12,3,-12,3,-12,2,-13,2,-13,1,-14,1,-14,1,-14,0,-14,0,-14,0,-15,0,-15,0,-15]"
2025-08-18 22:58:30.861694,CSI_DATA,221,1a:00:00:00:00:00,-38,11,0,0,0,0,0,0,0,0,0,-92,0,1,0,38222725,0,42,0,128,0,"[0,0,3,-16,2,-16,2,-15,2,-15,2,-15,2,-15,1,-14,1,-14,0,-14,0,-14,-1,-14,-1,-14,-1,-14,-2,-14,-2,-14,-2,-14,-2,-15,-2,-15,-1,-15,-1,-14,0,-14,0,-14,1,-14,1,-13,2,-12,3,-12,0,0,0,0,0,0,0,0,0,0,0,0,0,0,0,0,0,0,0,0,0,0,0,-11,1,-12,2,-12,2,-12,3,-13,4,-13,4,-13,5,-13,5,-12,6,-12,6,-12,6,-12,6,-12,5,-12,5,-12,5,-12,4,-12,4,-13,3,-13,3,-14,3,-14,3,-14,3,-15,3,-15,3,-15,3,-15]"
2025-08-18 22:58:30.926629,CSI_DATA,222,1a:00:00:00:00:00,-38,11,0,0,0,0,0,0,0,0,0,-92,0,1,0,38288874,0,31,0,128,0,"[0,0,12,-8,11,-8,11,-8,11,-8,11,-8,10,-8,10,-8,9,-9,9,-8,8,-9,8,-9,7,-9,8,-10,7,-10,7,-10,8,-10,7,-10,8,-10,8,-10,8,-10,9,-9,8,-9,9,-8,9,-7,9,-7,9,-7,0,0,0,0,0,0,0,0,0,0,0,0,0,0,0,0,0,0,0,0,0,0,7,-6,8,-6,9,-6,9,-6,10,-5,11,-5,11,-4,11,-4,11,-4,11,-3,11,-3,11,-3,11,-3,11,-3,11,-4,10,-4,11,-5,10,-5,11,-6,11,-6,11,-6,11,-7,11,-7,11,-8,11,-7,12,-8]"
2025-08-18 22:58:31.145645,CSI_DATA,223,1a:00:00:00:00:00,-38,11,0,0,0,0,0,0,0,0,0,-92,0,1,0,38489911,0,31,0,128,0,"[0,0,-1,-15,-2,-16,-2,-15,-2,-15,-2,-14,-2,-14,-3,-14,-3,-14,-4,-13,-4,-13,-4,-13,-5,-13,-5,-13,-6,-13,-6,-12,-6,-13,-6,-13,-6,-13,-5,-13,-5,-13,-5,-13,-4,-13,-3,-13,-2,-13,-2,-12,-1,-12,0,0,0,0,0,0,0,0,0,0,0,0,0,0,0,0,0,0,0,0,0,0,-2,-11,-2,-12,-1,-12,0,-12,0,-13,1,-13,1,-13,2,-13,2,-13,3,-13,3,-13,3,-13,3,-13,3,-13,2,-13,2,-13,1,-13,1,-13,0,-13,0,-14,0,-14,-1,-14,-1,-15,-1,-15,-2,-15,-2,-15]"
2025-08-18 22:58:31.327643,CSI_DATA,224,1a:00:00:00:00:00,-38,11,0,0,0,0,0,0,0,0,0,-92,0,1,0,38691086,0,31,0,128,0,"[0,0,15,-1,14,-1,14,-1,14,-1,14,-2,13,-2,13,-2,13,-3,12,-3,12,-4,12,-4,12,-5,12,-5,12,-5,11,-5,12,-6,12,-6,12,-6,13,-5,12,-5,12,-4,12,-4,12,-3,12,-2,11,-2,11,-1,0,0,0,0,0,0,0,0,0,0,0,0,0,0,0,0,0,0,0,0,0,0,10,-2,11,-2,11,-1,11,0,11,0,12,1,12,2,12,2,12,2,12,3,12,3,12,3,12,3,11,3,12,2,11,2,12,2,12,1,13,1,13,0,13,0,13,-1,13,-1,14,-1,14,-1,15,-1]"
2025-08-18 22:58:31.536000,CSI_DATA,225,1a:00:00:00:00:00,-38,11,0,0,0,0,0,0,0,0,0,-92,0,1,0,38892248,0,31,0,128,0,"[0,0,-11,-11,-11,-11,-11,-11,-11,-11,-11,-10,-11,-10,-11,-9,-11,-9,-11,-8,-11,-8,-12,-7,-12,-7,-12,-7,-12,-7,-12,-6,-13,-6,-13,-6,-13,-7,-13,-7,-12,-7,-12,-7,-11,-8,-10,-8,-10,-8,-9,-8,-9,-9,0,0,0,0,0,0,0,0,0,0,0,0,0,0,0,0,0,0,0,0,0,0,-9,-7,-9,-8,-8,-9,-8,-9,-8,-10,-8,-11,-7,-11,-7,-12,-7,-12,-6,-12,-6,-12,-6,-12,-6,-12,-6,-12,-7,-12,-7,-11,-7,-11,-8,-11,-8,-11,-9,-11,-9,-11,-10,-11,-10,-11,-11,-11,-11,-11,-11,-11]"
2025-08-18 22:58:31.733604,CSI_DATA,226,1a:00:00:00:00:00,-38,11,0,0,0,0,0,0,0,0,0,-92,0,1,0,39093403,0,31,0,128,0,"[0,0,-15,1,-15,2,-15,1,-14,2,-14,2,-14,2,-13,3,-13,3,-13,3,-12,4,-12,4,-12,5,-12,5,-12,5,-12,5,-12,6,-12,6,-13,5,-13,5,-13,5,-13,4,-12,4,-12,3,-12,2,-12,2,-12,1,0,0,0,0,0,0,0,0,0,0,0,0,0,0,0,0,0,0,0,0,0,0,-11,2,-11,1,-12,0,-12,0,-12,0,-13,-1,-13,-2,-13,-2,-13,-3,-13,-3,-13,-3,-13,-3,-12,-3,-12,-3,-12,-2,-12,-2,-13,-2,-13,-1,-13,-1,-13,0,-14,0,-14,1,-14,1,-15,1,-15,1,-15,1]"
2025-08-18 22:58:31.926507,CSI_DATA,227,1a:00:00:00:00:00,-38,11,0,0,0,0,0,0,0,0,0,-92,0,1,0,39294639,0,31,0,128,0,"[0,0,10,10,10,10,10,9,10,9,10,9,10,8,10,8,10,7,10,7,11,6,10,6,11,5,11,5,11,5,12,5,12,5,12,6,12,6,12,6,11,6,11,7,10,7,10,7,9,8,8,8,7,8,0,0,0,0,0,0,0,0,0,0,0,0,0,0,0,0,0,0,0,0,0,0,8,5,8,6,8,7,8,8,8,8,8,9,7,10,7,10,7,10,6,10,6,11,6,11,6,10,6,10,6,10,6,10,7,9,8,9,8,9,9,9,9,9,9,9,10,10,10,10,11,10,11,10]"
2025-08-18 22:58:32.137170,CSI_DATA,228,1a:00:00:00:00:00,-38,11,0,0,0,0,0,0,0,0,0,-92,0,1,0,39495953,0,31,0,128,0,"[0,0,0,-16,0,-16,0,-15,0,-15,0,-15,-1,-14,-1,-14,-2,-14,-2,-14,-2,-13,-3,-13,-3,-13,-4,-13,-4,-13,-4,-13,-4,-13,-4,-14,-4,-13,-4,-14,-4,-14,-3,-14,-3,-13,-2,-13,-1,-13,0,-12,0,-12,0,0,0,0,0,0,0,0,0,0,0,0,0,0,0,0,0,0,0,0,0,0,-1,-11,-1,-12,0,-12,1,-12,2,-13,2,-13,3,-13,3,-13,4,-13,4,-12,4,-12,4,-12,4,-12,4,-12,3,-12,3,-12,3,-12,2,-13,2,-13,1,-14,1,-14,1,-14,0,-15,1,-15,1,-15,1,-16]"
2025-08-18 22:58:32.339459,CSI_DATA,229,1a:00:00:00:00:00,-38,11,0,0,0,0,0,0,0,0,0,-92,0,1,0,39697047,0,31,0,128,0,"[0,0,12,9,11,9,11,8,11,8,11,8,11,7,11,7,11,6,11,6,11,5,11,5,11,4,11,5,12,4,12,4,12,4,12,4,12,5,12,5,12,5,11,6,11,6,10,6,9,7,9,7,8,7,0,0,0,0,0,0,0,0,0,0,0,0,0,0,0,0,0,0,0,0,0,0,9,4,9,5,9,6,9,7,9,7,9,8,8,9,8,9,8,9,8,10,7,10,7,10,7,9,7,9,7,9,7,9,8,8,9,8,9,8,10,8,10,8,10,8,11,8,11,8,12,8,12,8]"
2025-08-18 22:58:32.390799,CSI_DATA,230,1a:00:00:00:00:00,-38,11,0,0,0,0,0,0,0,0,0,-92,0,1,0,39758126,0,42,0,128,0,"[0,0,5,14,5,14,5,13,5,13,5,13,5,13,6,12,6,12,6,11,7,11,7,10,7,10,8,10,8,10,8,10,8,10,8,10,8,10,8,11,7,11,7,11,6,11,5,11,5,11,4,11,4,11,0,0,0,0,0,0,0,0,0,0,0,0,0,0,0,0,0,0,0,0,0,0,5,9,5,10,4,10,3,11,3,11,3,12,2,13,1,13,1,13,1,13,1,13,0,13,0,13,1,12,1,12,1,12,2,12,3,12,3,12,3,13,4,13,4,13,4,13,5,14,5,14,5,14]"
2025-08-18 22:58:32.468332,CSI_DATA,231,1a:00:00:00:00:00,-38,11,0,0,0,0,0,0,0,0,0,-92,0,1,0,39831284,0,31,0,128,0,"[0,0,-4,14,-3,14,-3,13,-3,14,-2,14,-2,13,-2,13,-2,13,-1,12,-1,12,0,12,1,12,1,12,1,12,1,12,1,12,1,13,1,13,0,13,0,13,0,12,-1,12,-2,12,-2,12,-3,11,-3,11,0,0,0,0,0,0,0,0,0,0,0,0,0,0,0,0,0,0,0,0,0,0,0,10,-1,10,-2,11,-3,11,-3,11,-4,11,-5,11,-5,11,-6,11,-6,11,-6,11,-6,10,-6,10,-6,11,-6,11,-5,11,-5,11,-4,11,-4,12,-4,12,-4,13,-3,13,-3,13,-3,13,-3,14,-3,14]"
2025-08-18 22:58:32.670664,CSI_DATA,232,1a:00:00:00:00:00,-38,11,0,0,0,0,0,0,0,0,0,-92,0,1,0,40031202,0,31,0,128,0,"[0,0,9,-12,8,-12,8,-12,8,-12,8,-12,7,-12,7,-12,6,-12,6,-12,5,-12,5,-12,4,-12,4,-13,4,-13,3,-13,3,-13,4,-13,4,-13,4,-13,4,-13,5,-13,5,-12,5,-12,6,-11,6,-10,6,-10,0,0,0,0,0,0,0,0,0,0,0,0,0,0,0,0,0,0,0,0,0,0,5,-9,6,-9,7,-9,8,-9,8,-9,9,-9,10,-8,10,-8,10,-8,10,-8,10,-7,10,-7,10,-7,10,-7,10,-8,9,-8,9,-8,9,-9,9,-9,9,-10,8,-10,8,-11,9,-11,9,-12,9,-12,9,-12]"
2025-08-18 22:58:32.870508,CSI_DATA,233,1a:00:00:00:00:00,-38,11,0,0,0,0,0,0,0,0,0,-92,0,1,0,40232439,0,31,0,128,0,"[0,0,-7,14,-6,13,-6,13,-6,13,-5,13,-5,13,-5,12,-4,12,-4,12,-3,12,-3,12,-2,12,-2,12,-1,12,-1,13,-1,13,-1,13,-1,13,-2,13,-2,13,-3,13,-3,12,-4,12,-4,11,-5,11,-5,10,0,0,0,0,0,0,0,0,0,0,0,0,0,0,0,0,0,0,0,0,0,0,-4,10,-4,10,-5,10,-6,10,-7,10,-7,10,-8,10,-8,10,-9,10,-9,9,-9,9,-9,9,-9,9,-8,9,-8,9,-8,9,-8,10,-7,10,-7,11,-7,11,-7,11,-6,12,-6,13,-6,13,-6,13,-6,13]"
2025-08-18 22:58:33.078775,CSI_DATA,234,1a:00:00:00:00:00,-38,11,0,0,0,0,0,0,0,0,0,-92,0,1,0,40434944,0,31,0,128,0,"[0,0,-10,-12,-10,-12,-9,-12,-9,-11,-10,-11,-9,-10,-10,-10,-10,-10,-10,-9,-10,-8,-10,-8,-11,-8,-11,-8,-11,-8,-11,-7,-12,-8,-11,-7,-12,-8,-12,-8,-11,-8,-11,-9,-10,-9,-10,-9,-9,-9,-8,-9,-8,-9,0,0,0,0,0,0,0,0,0,0,0,0,0,0,0,0,0,0,0,0,0,0,-8,-8,-8,-9,-7,-9,-7,-10,-7,-10,-6,-11,-6,-12,-6,-12,-5,-12,-5,-12,-5,-12,-5,-12,-5,-12,-5,-12,-5,-12,-5,-11,-6,-11,-6,-11,-7,-11,-7,-11,-8,-11,-8,-12,-9,-11,-9,-11,-9,-12,-9,-12]"
2025-08-18 22:58:33.269559,CSI_DATA,235,1a:00:00:00:00:00,-38,11,0,0,0,0,0,0,0,0,0,-92,0,1,0,40635006,0,31,0,128,0,"[0,0,15,3,15,3,15,3,14,3,14,2,14,2,14,1,13,1,13,0,13,0,13,0,13,-1,13,-1,13,-2,13,-2,13,-2,14,-2,14,-1,14,-1,14,-1,13,0,13,1,13,1,12,2,12,2,11,3,0,0,0,0,0,0,0,0,0,0,0,0,0,0,0,0,0,0,0,0,0,0,10,0,11,1,11,2,11,2,12,3,12,4,12,5,12,5,12,6,11,6,11,6,11,6,11,6,11,6,11,5,11,5,12,5,12,4,12,4,13,4,13,3,14,3,14,3,14,3,14,3,15,3]"
2025-08-18 22:58:33.473476,CSI_DATA,236,1a:00:00:00:00:00,-39,11,0,0,0,0,0,0,0,0,0,-92,0,1,0,40836064,0,31,0,128,0,"[0,0,14,-2,14,-2,14,-2,14,-2,13,-3,13,-2,13,-3,12,-3,12,-4,12,-5,11,-5,11,-6,11,-6,11,-6,12,-6,11,-6,12,-6,12,-6,12,-6,12,-5,12,-5,12,-4,12,-4,12,-3,11,-3,11,-2,0,0,0,0,0,0,0,0,0,0,0,0,0,0,0,0,0,0,0,0,0,0,10,-3,10,-2,11,-2,11,-1,12,0,12,0,12,1,12,2,12,2,12,2,12,2,12,2,12,2,12,2,11,1,12,1,11,1,12,0,12,0,12,0,13,-1,13,-1,14,-2,14,-2,14,-2,14,-2]"
2025-08-18 22:58:33.675700,CSI_DATA,237,1a:00:00:00:00:00,-38,11,0,0,0,0,0,0,0,0,0,-92,0,1,0,41037203,0,31,0,128,0,"[0,0,11,-10,10,-11,10,-10,10,-10,10,-10,9,-10,9,-10,8,-11,8,-10,7,-11,7,-11,6,-11,6,-12,6,-12,6,-12,6,-12,6,-12,7,-12,7,-12,7,-12,8,-11,8,-11,8,-10,8,-9,8,-9,8,-8,0,0,0,0,0,0,0,0,0,0,0,0,0,0,0,0,0,0,0,0,0,0,6,-9,7,-8,8,-8,9,-8,9,-8,10,-8,11,-7,11,-7,11,-6,11,-6,11,-6,11,-6,11,-6,11,-6,11,-6,10,-6,10,-7,10,-8,10,-8,10,-8,10,-9,10,-9,10,-10,10,-10,11,-10,11,-10]"
2025-08-18 22:58:33.880911,CSI_DATA,238,1a:00:00:00:00:00,-38,11,0,0,0,0,0,0,0,0,0,-92,0,1,0,41238389,0,31,0,128,0,"[0,0,13,7,13,7,12,6,12,6,12,6,12,6,12,5,12,5,12,4,12,3,12,3,12,3,12,2,12,2,12,2,13,2,13,2,13,3,13,3,13,3,12,4,12,4,11,5,10,5,10,5,10,6,0,0,0,0,0,0,0,0,0,0,0,0,0,0,0,0,0,0,0,0,0,0,9,3,10,4,10,4,10,5,10,6,10,7,9,7,9,8,9,8,9,8,9,8,8,9,9,8,9,8,9,8,9,8,9,7,10,7,10,7,11,7,11,7,11,6,12,7,12,6,12,7,13,7]"
2025-08-18 22:58:33.933188,CSI_DATA,239,1a:00:00:00:00:00,-38,11,0,0,0,0,0,0,0,0,0,-92,0,1,0,41299994,0,42,0,128,0,"[0,0,4,14,4,13,4,13,5,13,5,13,4,13,5,12,5,12,5,11,6,11,6,10,6,10,7,10,7,9,8,10,7,9,8,10,7,11,7,11,7,11,6,11,6,11,5,11,4,11,3,10,3,10,0,0,0,0,0,0,0,0,0,0,0,0,0,0,0,0,0,0,0,0,0,0,4,9,4,9,3,10,3,10,3,11,2,12,1,12,1,12,0,12,0,12,-1,12,-1,12,0,12,0,12,0,12,1,12,1,12,2,12,2,12,3,12,3,12,3,13,4,13,4,14,4,13,4,13]"
2025-08-18 22:58:33.998263,CSI_DATA,240,1a:00:00:00:00:00,-38,11,0,0,0,0,0,0,0,0,0,-92,0,1,0,41362698,0,31,0,128,0,"[0,0,14,1,14,1,14,1,14,1,14,0,13,0,13,-1,13,-1,12,-1,12,-2,12,-2,12,-3,12,-3,12,-3,12,-3,12,-3,13,-3,13,-3,13,-3,13,-2,13,-2,12,-1,12,-1,12,0,11,1,11,1,0,0,0,0,0,0,0,0,0,0,0,0,0,0,0,0,0,0,0,0,0,0,10,-1,10,-1,11,0,11,0,11,1,12,2,12,2,12,3,12,3,11,4,12,4,11,4,11,4,11,4,11,3,11,3,11,3,12,2,12,2,13,1,13,1,13,1,14,1,14,1,14,1,15,1]"
2025-08-18 22:58:34.212955,CSI_DATA,241,1a:00:00:00:00:00,-38,11,0,0,0,0,0,0,0,0,0,-92,0,1,0,41563928,0,31,0,128,0,"[0,0,0,-16,0,-15,-1,-15,0,-15,-1,-15,-1,-14,-1,-14,-2,-14,-2,-13,-3,-13,-3,-13,-4,-13,-4,-13,-5,-13,-4,-13,-5,-13,-5,-13,-4,-13,-4,-14,-3,-14,-3,-14,-2,-14,-2,-13,-2,-13,-1,-12,0,-12,0,0,0,0,0,0,0,0,0,0,0,0,0,0,0,0,0,0,0,0,0,0,-2,-11,-2,-11,-1,-12,0,-12,0,-13,1,-13,2,-13,2,-13,3,-13,3,-13,3,-13,3,-13,3,-12,3,-12,2,-12,2,-12,2,-13,1,-13,1,-14,1,-14,1,-14,0,-14,0,-15,-1,-15,0,-15,0,-15]"
2025-08-18 22:58:34.403519,CSI_DATA,242,1a:00:00:00:00:00,-38,11,0,0,0,0,0,0,0,0,0,-92,0,1,0,41765687,0,31,0,128,0,"[0,0,9,-12,8,-12,8,-12,8,-12,8,-12,7,-12,7,-12,6,-12,6,-12,5,-12,5,-12,4,-12,4,-12,4,-13,4,-13,4,-13,4,-13,4,-13,5,-13,5,-13,6,-12,6,-12,6,-12,6,-11,7,-10,7,-10,0,0,0,0,0,0,0,0,0,0,0,0,0,0,0,0,0,0,0,0,0,0,5,-10,5,-10,6,-10,7,-10,8,-9,8,-9,9,-9,10,-8,10,-8,10,-8,10,-8,10,-8,10,-8,9,-8,9,-8,9,-8,9,-9,9,-9,8,-10,8,-10,8,-10,9,-11,8,-12,8,-12,8,-12,9,-12]"
2025-08-18 22:58:34.597941,CSI_DATA,243,1a:00:00:00:00:00,-38,11,0,0,0,0,0,0,0,0,0,-92,0,1,0,41966224,0,31,0,128,0,"[0,0,6,13,6,13,6,13,6,12,6,12,6,12,6,11,7,11,7,10,7,10,8,10,8,9,8,9,8,9,9,9,9,9,9,9,9,9,9,10,8,10,8,10,7,10,6,10,5,10,5,10,4,10,0,0,0,0,0,0,0,0,0,0,0,0,0,0,0,0,0,0,0,0,0,0,6,8,6,9,5,9,5,10,5,11,4,11,3,12,3,12,2,12,2,12,2,12,2,12,2,12,2,12,2,12,3,11,3,11,4,11,4,12,5,12,5,12,6,12,6,12,6,13,6,13,6,13]"
2025-08-18 22:58:34.799229,CSI_DATA,244,1a:00:00:00:00:00,-38,11,0,0,0,0,0,0,0,0,0,-92,0,1,0,42167708,0,31,0,128,0,"[0,0,11,9,11,9,11,9,11,9,11,8,11,8,11,7,11,7,11,6,11,5,11,5,11,5,11,4,11,4,12,4,12,4,12,5,11,4,12,5,12,5,11,6,11,6,10,6,10,6,9,6,8,7,0,0,0,0,0,0,0,0,0,0,0,0,0,0,0,0,0,0,0,0,0,0,9,5,8,6,9,7,8,7,8,8,8,9,8,9,7,10,7,10,7,10,7,10,7,10,7,10,7,10,7,9,7,9,7,9,8,9,8,9,9,9,9,9,10,9,11,9,11,8,11,9,11,9]"
2025-08-18 22:58:34.999530,CSI_DATA,245,1a:00:00:00:00:00,-38,11,0,0,0,0,0,0,0,0,0,-92,0,1,0,42368671,0,31,0,128,0,"[0,0,10,9,10,9,10,9,10,9,10,8,10,8,10,8,10,7,10,6,10,6,10,6,11,5,11,5,11,5,11,4,12,5,11,5,12,5,12,5,11,6,11,6,10,6,9,7,9,7,8,7,8,7,0,0,0,0,0,0,0,0,0,0,0,0,0,0,0,0,0,0,0,0,0,0,8,5,8,6,8,6,8,7,8,8,8,9,7,9,7,10,7,10,6,10,6,10,6,10,6,10,6,9,6,10,6,9,7,9,7,9,8,9,9,9,9,9,9,9,10,9,10,9,10,9,10,9]"
2025-08-18 22:58:35.203260,CSI_DATA,246,1a:00:00:00:00:00,-38,11,0,0,0,0,0,0,0,0,0,-92,0,1,0,42569763,0,31,0,128,0,"[0,0,14,3,14,3,14,2,14,2,14,2,13,2,13,1,13,1,12,0,13,0,13,-1,12,-1,12,-1,12,-2,13,-2,12,-2,13,-2,13,-2,13,-2,13,-1,13,0,12,0,12,1,12,1,11,2,11,2,0,0,0,0,0,0,0,0,0,0,0,0,0,0,0,0,0,0,0,0,0,0,10,0,10,1,11,2,10,2,11,3,11,4,11,5,11,5,11,5,11,6,11,6,11,6,10,6,10,6,10,5,11,5,11,4,11,4,12,4,12,4,13,3,13,3,14,3,14,3,14,3,14,3]"
2025-08-18 22:58:35.409040,CSI_DATA,247,1a:00:00:00:00:00,-38,11,0,0,0,0,0,0,0,0,0,-92,0,1,0,42771087,0,31,0,128,0,"[0,0,6,-14,6,-14,6,-14,6,-14,5,-14,5,-13,4,-13,4,-13,3,-13,3,-13,3,-13,2,-13,2,-13,1,-13,1,-14,1,-13,1,-14,2,-14,2,-14,2,-14,3,-13,3,-13,4,-13,4,-12,4,-11,5,-11,0,0,0,0,0,0,0,0,0,0,0,0,0,0,0,0,0,0,0,0,0,0,3,-10,4,-11,5,-11,6,-10,6,-11,7,-11,8,-10,8,-10,8,-10,9,-10,9,-9,9,-9,9,-9,8,-9,8,-10,8,-10,7,-10,7,-11,7,-11,6,-12,6,-12,6,-13,6,-13,6,-13,7,-13,7,-14]"
2025-08-18 22:58:35.473734,CSI_DATA,248,1a:00:00:00:00:00,-38,11,0,0,0,0,0,0,0,0,0,-92,0,1,0,42831808,0,42,0,128,0,"[0,0,-15,2,-14,2,-15,2,-14,2,-14,3,-14,3,-13,3,-13,4,-12,4,-12,4,-12,5,-12,5,-12,5,-12,6,-11,6,-12,6,-12,6,-12,6,-12,6,-12,5,-13,5,-12,4,-12,3,-12,2,-12,2,-12,1,0,0,0,0,0,0,0,0,0,0,0,0,0,0,0,0,0,0,0,0,0,0,-10,3,-11,3,-11,2,-12,1,-12,1,-13,0,-13,0,-13,-1,-13,-1,-13,-2,-13,-2,-13,-2,-13,-2,-13,-2,-13,-1,-12,-1,-13,0,-12,0,-13,0,-13,1,-14,1,-14,1,-14,2,-14,2,-15,2,-15,2]"
2025-08-18 22:58:35.532853,CSI_DATA,249,1a:00:00:00:00:00,-38,11,0,0,0,0,0,0,0,0,0,-92,0,1,0,42897682,0,31,0,128,0,"[0,0,14,2,14,1,14,1,14,1,14,0,13,1,13,0,13,0,12,-1,12,-1,12,-2,12,-2,12,-2,12,-3,12,-3,12,-3,13,-3,13,-3,13,-3,13,-2,13,-2,12,-1,12,0,12,0,11,1,11,2,0,0,0,0,0,0,0,0,0,0,0,0,0,0,0,0,0,0,0,0,0,0,10,-1,10,-1,11,0,11,1,12,1,12,3,12,3,12,3,12,4,11,4,11,5,11,5,11,5,11,4,11,4,11,3,11,3,12,2,12,2,12,2,13,2,13,1,14,1,14,2,14,2,14,1]"
2025-08-18 22:58:35.736764,CSI_DATA,250,1a:00:00:00:00:00,-38,11,0,0,0,0,0,0,0,0,0,-92,0,1,0,43098509,0,31,0,128,0,"[0,0,14,2,14,2,14,2,14,2,14,1,13,1,13,1,13,0,12,0,13,-1,12,-1,12,-2,12,-2,12,-3,12,-3,13,-3,13,-3,13,-2,13,-2,13,-2,13,-1,12,0,12,0,12,0,11,1,11,2,0,0,0,0,0,0,0,0,0,0,0,0,0,0,0,0,0,0,0,0,0,0,10,0,11,1,11,1,11,2,11,3,11,4,11,4,11,5,11,5,11,5,11,5,10,5,11,5,11,5,11,4,11,4,11,4,11,3,12,3,12,3,12,3,13,3,14,2,14,2,14,2,15,2]"
2025-08-18 22:58:35.936365,CSI_DATA,251,1a:00:00:00:00:00,-38,11,0,0,0,0,0,0,0,0,0,-92,0,1,0,43301548,0,31,0,128,0,"[0,0,14,2,14,2,13,2,14,2,13,1,13,1,13,1,13,0,13,0,13,-1,12,-1,12,-2,12,-2,12,-2,13,-2,13,-2,13,-2,13,-2,13,-2,13,-1,13,-1,12,0,12,0,12,1,11,1,11,2,0,0,0,0,0,0,0,0,0,0,0,0,0,0,0,0,0,0,0,0,0,0,10,0,10,1,11,1,11,2,11,2,11,3,11,4,11,4,12,5,11,5,11,5,11,5,11,5,11,5,11,5,11,4,11,4,12,3,12,3,12,3,13,3,13,2,14,2,14,2,14,2,14,2]"
2025-08-18 22:58:36.137921,CSI_DATA,252,1a:00:00:00:00:00,-38,11,0,0,0,0,0,0,0,0,0,-92,0,1,0,43500875,0,31,0,128,0,"[0,0,-4,15,-4,14,-4,15,-3,14,-3,14,-3,14,-2,14,-2,13,-1,13,-1,13,-1,13,0,13,0,13,1,13,1,13,1,13,1,13,0,14,0,14,0,13,-1,13,-1,13,-2,12,-3,12,-3,11,-4,11,0,0,0,0,0,0,0,0,0,0,0,0,0,0,0,0,0,0,0,0,0,0,-1,10,-2,11,-3,11,-3,11,-4,11,-5,12,-5,12,-6,12,-6,12,-7,11,-7,11,-7,11,-7,11,-7,11,-6,11,-6,11,-6,12,-5,12,-5,12,-4,13,-4,13,-4,13,-4,14,-4,14,-4,14,-4,15]"
2025-08-18 22:58:36.341297,CSI_DATA,253,1a:00:00:00:00:00,-38,11,0,0,0,0,0,0,0,0,0,-92,0,1,0,43702030,0,31,0,128,0,"[0,0,-16,1,-15,1,-15,1,-15,1,-15,2,-14,2,-14,2,-13,2,-13,3,-13,3,-13,4,-12,4,-12,4,-12,5,-12,5,-13,5,-13,5,-13,5,-13,5,-13,4,-13,4,-13,3,-13,2,-13,2,-13,1,-12,0,0,0,0,0,0,0,0,0,0,0,0,0,0,0,0,0,0,0,0,0,0,0,-11,2,-12,1,-12,1,-12,0,-13,-1,-13,-1,-13,-2,-13,-2,-13,-3,-13,-3,-13,-3,-13,-3,-13,-3,-13,-3,-13,-3,-13,-2,-13,-2,-13,-1,-14,-1,-14,0,-14,0,-14,1,-15,1,-15,1,-15,1,-15,1]"
2025-08-18 22:58:36.543107,CSI_DATA,254,1a:00:00:00:00:00,-38,11,0,0,0,0,0,0,0,0,0,-92,0,1,0,43903348,0,31,0,128,0,"[0,0,-16,1,-15,2,-15,1,-15,2,-15,2,-14,2,-14,2,-13,3,-13,3,-13,4,-13,4,-12,4,-13,5,-12,5,-12,5,-12,6,-13,5,-13,5,-13,5,-13,4,-13,4,-13,3,-13,3,-13,2,-12,1,-12,1,0,0,0,0,0,0,0,0,0,0,0,0,0,0,0,0,0,0,0,0,0,0,-11,3,-11,2,-12,1,-12,1,-13,0,-13,0,-13,-1,-13,-2,-14,-2,-13,-3,-13,-3,-13,-3,-13,-3,-13,-2,-13,-2,-13,-1,-13,-1,-13,-1,-13,0,-14,0,-14,0,-14,1,-15,1,-15,1,-15,1,-15,1]"
2025-08-18 22:58:36.748205,CSI_DATA,255,1a:00:00:00:00:00,-38,11,0,0,0,0,0,0,0,0,0,-92,0,1,0,44104492,0,31,0,128,0,"[0,0,-14,-6,-14,-6,-14,-6,-14,-6,-14,-5,-13,-5,-13,-5,-13,-4,-13,-4,-13,-3,-13,-3,-13,-2,-13,-2,-14,-1,-14,-1,-14,-1,-14,-1,-14,-1,-14,-2,-14,-2,-14,-3,-13,-3,-13,-4,-12,-4,-12,-4,-11,-5,0,0,0,0,0,0,0,0,0,0,0,0,0,0,0,0,0,0,0,0,0,0,-11,-3,-11,-4,-11,-5,-11,-6,-11,-6,-11,-7,-11,-8,-11,-8,-11,-9,-10,-9,-10,-9,-10,-9,-10,-9,-10,-8,-10,-8,-10,-8,-11,-8,-11,-7,-12,-7,-12,-7,-13,-7,-13,-7,-14,-6,-14,-6,-14,-6,-14,-6]"
2025-08-18 22:58:36.943984,CSI_DATA,256,1a:00:00:00:00:00,-38,11,0,0,0,0,0,0,0,0,0,-92,0,1,0,44305702,0,31,0,128,0,"[0,0,13,6,13,6,13,5,13,5,13,5,12,5,12,4,12,4,12,3,12,2,12,2,12,2,12,1,12,1,13,1,13,1,13,1,13,2,13,2,13,2,12,3,12,3,12,4,11,4,11,4,10,5,0,0,0,0,0,0,0,0,0,0,0,0,0,0,0,0,0,0,0,0,0,0,10,2,10,3,10,4,10,4,11,5,10,6,10,7,10,7,10,7,10,8,9,8,9,8,9,7,9,7,9,7,9,7,10,6,11,6,11,6,11,6,11,6,12,6,13,6,13,5,13,6,13,5]"
2025-08-18 22:58:36.998757,CSI_DATA,257,1a:00:00:00:00:00,-38,11,0,0,0,0,0,0,0,0,0,-92,0,1,0,44366706,0,42,0,128,0,"[0,0,10,10,10,10,9,9,10,9,10,9,9,9,10,8,10,8,10,7,10,6,10,6,10,6,11,5,11,5,11,5,11,5,11,6,11,6,11,6,11,6,10,7,10,7,9,7,9,7,8,7,7,8,0,0,0,0,0,0,0,0,0,0,0,0,0,0,0,0,0,0,0,0,0,0,8,6,8,6,7,7,7,8,7,8,7,9,7,10,6,10,6,10,5,11,5,10,5,10,5,10,5,10,6,10,6,10,6,10,7,9,7,9,8,9,8,10,9,9,9,9,9,10,10,10,10,10]"
2025-08-18 22:58:37.073258,CSI_DATA,258,1a:00:00:00:00:00,-38,11,0,0,0,0,0,0,0,0,0,-92,0,1,0,44435729,0,31,0,128,0,"[0,0,-9,12,-9,12,-9,12,-8,12,-8,12,-7,12,-7,11,-7,11,-6,11,-5,11,-5,12,-5,12,-4,12,-4,12,-4,12,-4,13,-4,12,-5,13,-5,13,-5,12,-6,12,-6,12,-6,11,-7,10,-7,9,-8,9,0,0,0,0,0,0,0,0,0,0,0,0,0,0,0,0,0,0,0,0,0,0,-5,9,-6,9,-6,9,-7,9,-8,9,-9,9,-9,9,-10,9,-10,8,-10,8,-10,8,-10,8,-10,8,-10,8,-10,8,-10,8,-9,9,-9,9,-9,10,-9,10,-9,10,-9,11,-8,11,-9,12,-9,12,-9,12]"
2025-08-18 22:58:37.269041,CSI_DATA,259,1a:00:00:00:00:00,-38,11,0,0,0,0,0,0,0,0,0,-92,0,1,0,44636765,0,31,0,128,0,"[0,0,10,10,10,10,10,10,10,10,10,9,10,9,10,8,10,8,10,7,11,7,10,6,11,6,11,5,11,5,11,5,12,5,12,6,12,6,12,6,11,7,11,7,10,7,9,8,9,8,8,8,7,8,0,0,0,0,0,0,0,0,0,0,0,0,0,0,0,0,0,0,0,0,0,0,8,5,8,6,8,7,8,8,8,8,7,9,7,10,7,10,7,10,6,11,6,11,6,11,6,11,6,10,6,10,6,10,7,9,8,9,8,9,9,9,9,9,9,10,10,10,10,10,10,10,11,10]"
2025-08-18 22:58:37.479716,CSI_DATA,260,1a:00:00:00:00:00,-38,11,0,0,0,0,0,0,0,0,0,-92,0,1,0,44837951,0,31,0,128,0,"[0,0,-15,3,-15,2,-14,3,-14,2,-14,3,-13,3,-13,3,-12,4,-12,4,-12,5,-12,5,-12,5,-11,5,-11,6,-11,6,-12,6,-12,6,-12,6,-12,6,-12,6,-12,5,-12,5,-12,4,-12,3,-12,3,-11,2,0,0,0,0,0,0,0,0,0,0,0,0,0,0,0,0,0,0,0,0,0,0,-10,2,-11,2,-11,1,-12,1,-12,0,-13,0,-13,-1,-13,-1,-13,-1,-13,-2,-13,-2,-13,-2,-13,-2,-12,-2,-12,-1,-12,-1,-13,-1,-13,0,-13,0,-13,1,-13,1,-14,2,-14,2,-14,2,-14,2,-15,2]"
2025-08-18 22:58:37.696841,CSI_DATA,261,1a:00:00:00:00:00,-38,11,0,0,0,0,0,0,0,0,0,-92,0,1,0,45039254,0,31,0,128,0,"[0,0,-7,-14,-7,-14,-7,-14,-7,-13,-7,-13,-7,-13,-8,-12,-8,-12,-8,-11,-9,-11,-9,-10,-9,-10,-10,-10,-10,-10,-10,-10,-10,-10,-10,-10,-10,-10,-10,-11,-9,-11,-9,-11,-8,-11,-8,-11,-7,-11,-7,-11,-6,-11,0,0,0,0,0,0,0,0,0,0,0,0,0,0,0,0,0,0,0,0,0,0,-6,-9,-6,-10,-5,-11,-5,-11,-4,-12,-4,-12,-4,-13,-3,-13,-3,-13,-3,-13,-2,-13,-2,-13,-2,-13,-3,-13,-3,-13,-3,-13,-4,-12,-4,-13,-5,-13,-5,-13,-6,-13,-6,-13,-7,-13,-7,-14,-7,-14,-7,-14]"
2025-08-18 22:58:37.880328,CSI_DATA,262,1a:00:00:00:00:00,-38,11,0,0,0,0,0,0,0,0,0,-92,0,1,0,45240446,0,31,0,128,0,"[0,0,2,-16,1,-16,1,-15,1,-16,1,-15,1,-15,0,-15,0,-14,-1,-14,-1,-14,-1,-14,-2,-14,-2,-14,-3,-14,-3,-14,-3,-14,-3,-14,-3,-14,-2,-14,-2,-15,-1,-14,-1,-14,0,-14,1,-13,1,-13,2,-12,0,0,0,0,0,0,0,0,0,0,0,0,0,0,0,0,0,0,0,0,0,0,-1,-12,0,-12,1,-12,2,-12,2,-13,3,-13,3,-13,4,-13,5,-13,5,-13,5,-13,5,-12,5,-12,5,-12,4,-12,4,-12,4,-13,3,-13,3,-13,3,-14,2,-14,2,-15,2,-15,2,-15,2,-15,2,-16]"
2025-08-18 22:58:38.073339,CSI_DATA,263,1a:00:00:00:00:00,-38,11,0,0,0,0,0,0,0,0,0,-92,0,1,0,45441658,0,31,0,128,0,"[0,0,7,13,7,12,7,12,7,12,7,12,7,11,7,11,8,10,8,10,8,9,8,9,9,9,9,8,9,8,9,8,10,8,10,9,9,9,9,9,9,9,8,9,8,10,7,10,6,10,6,10,5,10,0,0,0,0,0,0,0,0,0,0,0,0,0,0,0,0,0,0,0,0,0,0,6,8,6,9,5,9,5,10,5,10,4,11,4,11,3,12,3,12,3,12,2,12,2,12,2,12,3,12,3,12,3,11,4,11,4,11,5,11,5,11,6,12,6,12,7,12,7,12,7,13,7,13]"
2025-08-18 22:58:38.277419,CSI_DATA,264,1a:00:00:00:00:00,-38,11,0,0,0,0,0,0,0,0,0,-92,0,1,0,45642765,0,31,0,128,0,"[0,0,15,3,14,2,14,2,13,2,14,2,13,2,13,1,13,1,13,0,12,0,12,-1,13,-1,12,-1,13,-2,12,-2,13,-2,13,-2,13,-2,13,-1,13,-1,13,0,13,0,12,1,12,1,11,2,11,2,0,0,0,0,0,0,0,0,0,0,0,0,0,0,0,0,0,0,0,0,0,0,10,-1,11,0,10,1,11,2,11,2,12,3,11,4,11,4,11,5,11,5,11,5,11,5,11,5,11,5,11,5,10,4,11,4,11,3,12,3,12,3,13,3,13,2,13,2,14,2,14,2,15,2]"
2025-08-18 22:58:38.477996,CSI_DATA,265,1a:00:00:00:00:00,-38,11,0,0,0,0,0,0,0,0,0,-92,0,1,0,45843936,0,31,0,128,0,"[0,0,15,3,15,3,15,3,14,2,14,2,13,2,13,1,13,1,13,0,13,0,13,0,13,-1,13,-2,13,-2,13,-2,13,-2,13,-2,13,-2,14,-1,13,-1,14,0,13,0,12,1,12,1,11,2,11,2,0,0,0,0,0,0,0,0,0,0,0,0,0,0,0,0,0,0,0,0,0,0,10,0,11,1,11,2,11,3,12,3,12,4,12,5,12,5,11,6,11,6,11,6,11,6,11,6,11,6,11,5,11,5,11,5,12,4,12,4,13,4,13,3,14,3,14,3,14,3,15,3,15,3]"
2025-08-18 22:58:38.544942,CSI_DATA,266,1a:00:00:00:00:00,-38,11,0,0,0,0,0,0,0,0,0,-92,0,1,0,45905180,0,42,0,128,0,"[0,0,3,-16,3,-15,3,-15,3,-15,2,-15,2,-14,1,-14,1,-14,0,-14,0,-14,-1,-14,-1,-14,-2,-14,-2,-14,-2,-14,-2,-14,-2,-14,-2,-14,-1,-14,-1,-14,-1,-14,0,-14,1,-14,1,-13,1,-12,2,-12,0,0,0,0,0,0,0,0,0,0,0,0,0,0,0,0,0,0,0,0,0,0,1,-11,2,-12,3,-12,3,-12,4,-12,5,-12,5,-12,6,-12,6,-12,7,-12,6,-11,6,-11,6,-12,6,-11,6,-12,6,-11,5,-12,4,-12,4,-13,4,-13,4,-14,4,-14,3,-14,3,-15,3,-15,3,-15]"
2025-08-18 22:58:38.613187,CSI_DATA,267,1a:00:00:00:00:00,-38,11,0,0,0,0,0,0,0,0,0,-92,0,1,0,45969502,0,31,0,128,0,"[0,0,-15,-5,-15,-5,-14,-5,-14,-5,-14,-4,-14,-4,-14,-4,-14,-3,-14,-3,-13,-2,-13,-2,-13,-1,-13,-1,-13,-1,-14,0,-14,0,-14,0,-14,-1,-14,-1,-14,-1,-14,-2,-14,-2,-13,-3,-13,-4,-12,-4,-12,-4,0,0,0,0,0,0,0,0,0,0,0,0,0,0,0,0,0,0,0,0,0,0,-11,-3,-11,-3,-11,-4,-12,-5,-12,-6,-12,-6,-12,-7,-12,-7,-11,-8,-11,-8,-11,-8,-11,-9,-11,-8,-11,-8,-11,-7,-11,-7,-11,-7,-12,-6,-12,-6,-13,-6,-13,-6,-13,-5,-14,-5,-14,-5,-14,-6,-14,-5]"
2025-08-18 22:58:38.808678,CSI_DATA,268,1a:00:00:00:00:00,-38,11,0,0,0,0,0,0,0,0,0,-92,0,1,0,46170698,0,31,0,128,0,"[0,0,7,-13,7,-13,7,-13,7,-13,7,-13,6,-12,6,-13,5,-12,5,-12,4,-13,4,-13,3,-13,3,-13,3,-13,3,-13,3,-13,3,-13,3,-13,4,-14,4,-13,5,-13,5,-12,5,-12,5,-11,5,-11,6,-10,0,0,0,0,0,0,0,0,0,0,0,0,0,0,0,0,0,0,0,0,0,0,3,-10,4,-10,5,-10,6,-10,6,-10,7,-10,8,-10,8,-10,9,-9,9,-9,9,-9,9,-9,9,-9,8,-9,8,-9,8,-9,8,-9,8,-10,7,-11,7,-11,7,-11,7,-12,7,-12,7,-13,7,-13,7,-13]"
2025-08-18 22:58:39.022526,CSI_DATA,269,1a:00:00:00:00:00,-38,11,0,0,0,0,0,0,0,0,0,-92,0,1,0,46373503,0,31,0,128,0,"[0,0,10,-11,10,-11,10,-11,10,-10,9,-11,9,-11,8,-11,8,-11,7,-11,7,-11,6,-11,6,-11,6,-11,6,-12,5,-12,5,-12,6,-12,6,-12,6,-12,7,-12,7,-11,7,-11,7,-10,7,-10,8,-9,8,-8,0,0,0,0,0,0,0,0,0,0,0,0,0,0,0,0,0,0,0,0,0,0,6,-9,7,-9,8,-8,8,-8,9,-8,10,-8,10,-7,11,-7,11,-7,11,-6,11,-6,11,-6,11,-6,10,-6,10,-7,10,-7,10,-7,10,-8,10,-8,10,-9,9,-9,10,-10,10,-10,10,-10,10,-11,11,-11]"
2025-08-18 22:58:39.212483,CSI_DATA,270,1a:00:00:00:00:00,-38,11,0,0,0,0,0,0,0,0,0,-92,0,1,0,46573040,0,31,0,128,0,"[0,0,2,-15,1,-15,1,-15,1,-15,1,-15,1,-14,0,-14,0,-14,0,-14,-1,-13,-2,-13,-2,-13,-2,-13,-3,-13,-3,-13,-3,-14,-3,-14,-3,-14,-2,-14,-2,-14,-1,-14,-1,-14,0,-13,0,-13,1,-12,1,-12,0,0,0,0,0,0,0,0,0,0,0,0,0,0,0,0,0,0,0,0,0,0,0,-11,1,-12,1,-12,2,-12,2,-12,3,-13,4,-13,4,-13,5,-12,5,-12,5,-12,5,-12,5,-12,4,-12,5,-12,4,-12,4,-12,3,-12,3,-13,3,-13,2,-14,2,-14,2,-14,2,-15,1,-15,2,-15]"
2025-08-18 22:58:39.411039,CSI_DATA,271,1a:00:00:00:00:00,-38,11,0,0,0,0,0,0,0,0,0,-92,0,1,0,46774169,0,31,0,128,0,"[0,0,15,-2,14,-3,14,-3,14,-3,13,-3,13,-3,13,-3,12,-4,12,-4,12,-5,11,-6,11,-6,11,-6,11,-6,11,-6,11,-7,11,-7,12,-7,12,-6,12,-5,12,-5,12,-5,12,-4,11,-4,11,-3,11,-2,0,0,0,0,0,0,0,0,0,0,0,0,0,0,0,0,0,0,0,0,0,0,10,-4,10,-3,11,-2,11,-2,12,-1,12,0,12,0,12,1,12,1,12,1,12,1,12,1,12,1,12,1,12,1,12,1,12,0,12,-1,13,-1,13,-1,13,-2,13,-2,14,-3,14,-3,14,-3,14,-3]"
2025-08-18 22:58:39.612916,CSI_DATA,272,1a:00:00:00:00:00,-38,11,0,0,0,0,0,0,0,0,0,-92,0,1,0,46975335,0,31,0,128,0,"[0,0,-9,12,-9,12,-9,12,-8,12,-8,12,-8,12,-7,11,-6,12,-6,11,-5,11,-5,12,-4,12,-4,12,-4,12,-4,12,-4,12,-4,13,-5,13,-5,12,-5,12,-6,12,-6,11,-7,11,-7,10,-7,9,-7,9,0,0,0,0,0,0,0,0,0,0,0,0,0,0,0,0,0,0,0,0,0,0,-4,10,-5,10,-6,10,-7,10,-7,10,-8,10,-9,10,-9,9,-10,9,-10,8,-10,9,-10,8,-10,8,-10,8,-9,8,-9,9,-9,9,-8,9,-9,10,-8,10,-8,11,-8,11,-8,12,-8,12,-8,12,-8,12]"
2025-08-18 22:58:39.814609,CSI_DATA,273,1a:00:00:00:00:00,-38,11,0,0,0,0,0,0,0,0,0,-92,0,1,0,47176484,0,31,0,128,0,"[0,0,-15,5,-14,5,-14,5,-14,5,-13,5,-13,6,-12,6,-12,6,-12,6,-11,6,-11,7,-11,7,-11,7,-11,8,-10,8,-11,8,-11,8,-11,8,-12,8,-11,7,-12,7,-12,7,-12,6,-12,5,-11,4,-11,4,0,0,0,0,0,0,0,0,0,0,0,0,0,0,0,0,0,0,0,0,0,0,-10,5,-10,4,-11,4,-12,3,-12,3,-13,2,-13,2,-13,1,-13,1,-13,0,-13,0,-13,0,-13,0,-13,0,-13,1,-13,1,-13,2,-13,2,-13,3,-13,4,-13,4,-14,4,-14,5,-14,5,-14,5,-14,5]"
2025-08-18 22:58:40.017755,CSI_DATA,274,1a:00:00:00:00:00,-38,11,0,0,0,0,0,0,0,0,0,-92,0,1,0,47377830,0,31,0,128,0,"[0,0,-15,1,-15,1,-15,1,-14,1,-14,2,-14,2,-13,2,-13,3,-13,3,-12,4,-12,4,-12,4,-12,4,-12,5,-12,5,-12,5,-12,5,-13,5,-13,5,-13,5,-13,4,-13,4,-12,3,-12,2,-12,1,-12,1,0,0,0,0,0,0,0,0,0,0,0,0,0,0,0,0,0,0,0,0,0,0,-11,2,-11,1,-12,1,-12,0,-12,-1,-13,-1,-13,-2,-13,-2,-13,-2,-13,-3,-13,-3,-13,-4,-12,-4,-12,-3,-13,-3,-12,-2,-13,-2,-13,-1,-13,-1,-13,0,-14,0,-14,0,-14,1,-14,1,-15,1,-15,1]"
2025-08-18 22:58:40.073444,CSI_DATA,275,1a:00:00:00:00:00,-38,11,0,0,0,0,0,0,0,0,0,-92,0,1,0,47438490,0,42,0,128,0,"[0,0,15,1,14,1,14,1,14,1,14,0,13,0,13,0,13,-1,13,-1,13,-2,12,-2,12,-3,12,-3,12,-3,13,-3,13,-3,13,-3,13,-3,13,-3,13,-2,13,-2,13,-1,12,-1,12,0,11,1,11,1,0,0,0,0,0,0,0,0,0,0,0,0,0,0,0,0,0,0,0,0,0,0,10,-1,11,-1,11,0,11,1,12,1,12,2,12,3,12,3,12,4,12,4,12,4,11,4,11,4,11,4,11,4,11,3,12,3,12,3,12,2,13,2,13,2,13,1,14,1,14,1,14,1,15,1]"
2025-08-18 22:58:40.153225,CSI_DATA,276,1a:00:00:00:00:00,-38,11,0,0,0,0,0,0,0,0,0,-92,0,1,0,47509738,0,31,0,128,0,"[0,0,-5,-15,-5,-16,-5,-15,-5,-15,-5,-14,-5,-14,-5,-14,-6,-13,-6,-13,-7,-12,-7,-12,-8,-12,-8,-12,-8,-12,-8,-12,-8,-12,-8,-12,-8,-12,-7,-13,-7,-13,-7,-13,-6,-13,-5,-13,-5,-13,-4,-12,-3,-12,0,0,0,0,0,0,0,0,0,0,0,0,0,0,0,0,0,0,0,0,0,0,-6,-10,-5,-11,-4,-12,-4,-12,-3,-13,-3,-13,-2,-14,-1,-14,-1,-14,-1,-14,-1,-14,-1,-14,-1,-14,-1,-13,-1,-14,-1,-13,-2,-13,-2,-13,-3,-14,-3,-14,-3,-14,-3,-14,-5,-15,-5,-15,-5,-15,-5,-15]"
2025-08-18 22:58:40.353120,CSI_DATA,277,1a:00:00:00:00:00,-38,11,0,0,0,0,0,0,0,0,0,-92,0,1,0,47710824,0,31,0,128,0,"[0,0,-12,-9,-12,-9,-12,-9,-12,-9,-12,-8,-12,-8,-12,-7,-12,-7,-12,-6,-12,-5,-12,-5,-12,-5,-13,-5,-13,-5,-13,-4,-13,-4,-13,-4,-13,-5,-13,-5,-13,-5,-12,-6,-12,-6,-11,-6,-11,-7,-10,-7,-10,-7,0,0,0,0,0,0,0,0,0,0,0,0,0,0,0,0,0,0,0,0,0,0,-9,-5,-10,-6,-9,-7,-9,-8,-9,-9,-9,-9,-9,-10,-9,-10,-8,-11,-8,-10,-8,-11,-8,-10,-8,-10,-8,-10,-8,-10,-8,-10,-9,-10,-9,-9,-10,-9,-10,-9,-11,-9,-11,-9,-12,-9,-12,-9,-12,-9,-12,-9]"
2025-08-18 22:58:40.551907,CSI_DATA,278,1a:00:00:00:00:00,-38,11,0,0,0,0,0,0,0,0,0,-92,0,1,0,47911969,0,31,0,128,0,"[0,0,-15,1,-15,1,-15,1,-14,1,-14,1,-14,1,-14,1,-13,2,-13,2,-13,3,-12,4,-12,4,-12,4,-12,4,-12,5,-13,5,-12,5,-13,5,-13,4,-13,4,-13,3,-13,2,-12,2,-12,2,-12,1,-12,1,0,0,0,0,0,0,0,0,0,0,0,0,0,0,0,0,0,0,0,0,0,0,-10,1,-11,1,-11,0,-12,0,-12,-1,-13,-2,-13,-2,-13,-3,-13,-3,-12,-3,-13,-3,-13,-3,-12,-3,-12,-3,-12,-3,-12,-2,-13,-2,-13,-2,-13,-1,-13,-1,-14,-1,-14,0,-14,0,-14,1,-15,1,-15,0]"
2025-08-18 22:58:40.769013,CSI_DATA,279,1a:00:00:00:00:00,-38,11,0,0,0,0,0,0,0,0,0,-92,0,1,0,48114800,0,31,0,128,0,"[0,0,-10,-11,-10,-11,-10,-10,-10,-10,-10,-10,-10,-10,-10,-9,-10,-9,-11,-8,-11,-8,-11,-7,-11,-7,-11,-7,-12,-6,-12,-7,-12,-6,-12,-7,-12,-7,-12,-7,-12,-7,-11,-8,-11,-8,-10,-9,-9,-8,-9,-9,-8,-9,0,0,0,0,0,0,0,0,0,0,0,0,0,0,0,0,0,0,0,0,0,0,-9,-7,-8,-8,-8,-8,-8,-9,-8,-10,-7,-10,-7,-11,-7,-11,-7,-12,-6,-12,-6,-12,-6,-12,-6,-12,-6,-11,-6,-11,-7,-11,-7,-10,-8,-10,-8,-11,-9,-11,-9,-10,-9,-11,-10,-11,-10,-11,-10,-11,-11,-11]"
2025-08-18 22:58:40.951494,CSI_DATA,280,1a:00:00:00:00:00,-38,11,0,0,0,0,0,0,0,0,0,-92,0,1,0,48314382,0,31,0,128,0,"[0,0,-8,13,-8,13,-8,12,-7,12,-7,12,-6,12,-6,12,-5,12,-5,12,-5,12,-4,12,-3,12,-3,12,-3,12,-3,13,-3,12,-3,13,-3,13,-4,13,-4,13,-4,12,-5,12,-5,11,-6,11,-6,10,-7,9,0,0,0,0,0,0,0,0,0,0,0,0,0,0,0,0,0,0,0,0,0,0,-5,9,-5,9,-6,9,-7,9,-7,9,-8,9,-9,9,-9,9,-9,9,-10,8,-10,8,-10,8,-10,8,-10,8,-9,8,-9,8,-9,9,-8,9,-8,10,-8,11,-8,11,-8,12,-8,12,-8,12,-8,12,-8,13]"
2025-08-18 22:58:41.159409,CSI_DATA,281,1a:00:00:00:00:00,-38,11,0,0,0,0,0,0,0,0,0,-92,0,1,0,48515710,0,31,0,128,0,"[0,0,-12,-10,-11,-10,-11,-10,-11,-10,-11,-9,-11,-9,-11,-8,-11,-8,-11,-7,-11,-7,-11,-6,-12,-6,-12,-6,-12,-6,-12,-5,-12,-5,-13,-5,-13,-6,-13,-6,-12,-6,-12,-7,-11,-7,-11,-7,-10,-8,-10,-7,-9,-8,0,0,0,0,0,0,0,0,0,0,0,0,0,0,0,0,0,0,0,0,0,0,-9,-6,-9,-7,-9,-8,-8,-9,-8,-9,-8,-10,-8,-10,-8,-11,-7,-11,-7,-11,-7,-11,-6,-11,-7,-11,-7,-11,-7,-11,-7,-10,-8,-10,-8,-10,-9,-10,-9,-10,-10,-10,-10,-10,-11,-10,-11,-10,-11,-10,-11,-10]"
2025-08-18 22:58:41.355125,CSI_DATA,282,1a:00:00:00:00:00,-38,11,0,0,0,0,0,0,0,0,0,-92,0,1,0,48716799,0,31,0,128,0,"[0,0,14,-5,14,-6,13,-6,14,-6,13,-6,13,-6,12,-6,12,-7,11,-7,11,-7,11,-8,10,-8,10,-8,10,-8,10,-9,10,-9,11,-9,11,-9,11,-9,11,-8,12,-8,11,-7,11,-6,11,-5,11,-5,11,-4,0,0,0,0,0,0,0,0,0,0,0,0,0,0,0,0,0,0,0,0,0,0,9,-6,10,-5,10,-5,11,-4,12,-4,12,-3,13,-3,13,-2,13,-2,13,-1,13,-1,13,-1,13,-1,12,-1,12,-1,12,-2,12,-3,12,-3,13,-4,13,-4,13,-4,13,-5,14,-5,14,-5,14,-5,14,-6]"
2025-08-18 22:58:41.556433,CSI_DATA,283,1a:00:00:00:00:00,-38,11,0,0,0,0,0,0,0,0,0,-92,0,1,0,48917916,0,31,0,128,0,"[0,0,4,-15,3,-15,3,-15,3,-14,3,-14,3,-14,2,-14,2,-14,1,-13,1,-14,0,-13,0,-13,-1,-14,-1,-13,-1,-14,-1,-14,-1,-14,-1,-14,0,-14,0,-14,1,-14,1,-14,1,-13,2,-13,3,-12,3,-12,0,0,0,0,0,0,0,0,0,0,0,0,0,0,0,0,0,0,0,0,0,0,1,-11,2,-11,3,-12,3,-12,4,-12,5,-12,5,-12,6,-12,6,-12,7,-11,7,-11,7,-11,6,-11,6,-11,6,-11,6,-11,5,-11,5,-12,4,-12,4,-13,4,-13,4,-14,4,-14,4,-14,4,-15,4,-15]"
2025-08-18 22:58:41.610412,CSI_DATA,284,1a:00:00:00:00:00,-38,11,0,0,0,0,0,0,0,0,0,-92,0,1,0,48978741,0,42,0,128,0,"[0,0,8,12,8,12,8,12,8,11,8,11,7,11,8,10,8,10,8,9,8,9,9,8,9,8,9,8,10,8,10,8,10,8,10,8,10,8,10,9,9,9,9,9,8,9,7,10,7,9,6,9,5,9,0,0,0,0,0,0,0,0,0,0,0,0,0,0,0,0,0,0,0,0,0,0,7,7,7,8,6,9,6,9,6,10,6,11,5,11,4,11,4,12,4,12,3,12,3,12,4,11,4,11,4,11,4,11,5,11,5,11,5,11,6,11,6,11,7,12,7,11,8,12,8,12,8,12]"
2025-08-18 22:58:41.685787,CSI_DATA,285,1a:00:00:00:00:00,-38,11,0,0,0,0,0,0,0,0,0,-92,0,1,0,49044247,0,31,0,128,0,"[0,0,-16,-3,-16,-2,-15,-2,-15,-3,-15,-2,-15,-2,-15,-1,-14,-1,-14,0,-14,0,-14,0,-13,1,-14,1,-13,2,-14,2,-14,2,-15,2,-14,2,-15,1,-14,1,-14,1,-14,0,-14,-1,-13,-1,-13,-2,-12,-3,0,0,0,0,0,0,0,0,0,0,0,0,0,0,0,0,0,0,0,0,0,0,-11,0,-12,-1,-13,-2,-12,-3,-13,-3,-13,-4,-13,-5,-13,-5,-13,-5,-13,-6,-12,-6,-12,-6,-12,-6,-12,-6,-12,-5,-13,-5,-12,-5,-13,-4,-13,-4,-14,-4,-14,-3,-14,-3,-15,-3,-15,-3,-16,-3,-16,-3]"
2025-08-18 22:58:41.878241,CSI_DATA,286,1a:00:00:00:00:00,-38,11,0,0,0,0,0,0,0,0,0,-92,0,1,0,49245369,0,31,0,128,0,"[0,0,14,6,14,5,13,5,14,5,13,4,13,5,13,4,13,3,13,3,13,2,13,1,13,1,13,1,13,0,13,0,13,0,13,1,13,1,14,1,13,2,13,2,13,3,12,3,12,4,11,4,10,4,0,0,0,0,0,0,0,0,0,0,0,0,0,0,0,0,0,0,0,0,0,0,10,2,11,3,11,4,10,4,11,5,11,6,11,7,11,7,11,8,10,8,10,8,10,8,10,8,10,7,10,7,10,7,10,6,11,6,11,6,12,6,12,6,13,6,13,5,13,5,14,5,14,5]"
2025-08-18 22:58:42.086913,CSI_DATA,287,1a:00:00:00:00:00,-38,11,0,0,0,0,0,0,0,0,0,-92,0,1,0,49446563,0,31,0,128,0,"[0,0,-16,0,-15,0,-15,0,-15,0,-15,1,-14,1,-14,1,-14,2,-13,2,-13,3,-13,3,-12,3,-13,4,-12,4,-13,4,-13,4,-13,4,-13,4,-13,4,-13,4,-13,3,-13,2,-13,2,-13,1,-12,1,-12,0,0,0,0,0,0,0,0,0,0,0,0,0,0,0,0,0,0,0,0,0,0,0,-11,1,-11,1,-12,0,-12,-1,-13,-1,-13,-2,-13,-3,-13,-3,-13,-3,-13,-4,-13,-4,-12,-4,-13,-4,-12,-3,-13,-3,-13,-3,-13,-2,-13,-2,-13,-2,-14,-1,-14,-1,-14,-1,-15,0,-15,0,-15,0,-15,0]"
2025-08-18 22:58:42.291393,CSI_DATA,288,1a:00:00:00:00:00,-38,11,0,0,0,0,0,0,0,0,0,-92,0,1,0,49647917,0,31,0,128,0,"[0,0,-9,13,-8,13,-9,13,-8,12,-8,13,-8,12,-7,12,-6,12,-6,12,-5,12,-5,12,-4,12,-4,12,-4,13,-4,13,-4,13,-4,13,-4,13,-5,13,-5,12,-6,12,-6,12,-6,11,-6,11,-7,10,-7,9,0,0,0,0,0,0,0,0,0,0,0,0,0,0,0,0,0,0,0,0,0,0,-5,10,-6,10,-7,10,-7,10,-8,9,-9,10,-9,9,-10,9,-10,9,-11,9,-10,8,-10,8,-10,9,-10,8,-10,9,-10,9,-9,9,-9,10,-9,10,-9,10,-9,11,-9,11,-8,12,-8,13,-8,13,-8,13]"
2025-08-18 22:58:42.481425,CSI_DATA,289,1a:00:00:00:00:00,-38,11,0,0,0,0,0,0,0,0,0,-92,0,1,0,49849001,0,31,0,128,0,"[0,0,5,14,5,14,5,14,5,13,6,13,6,13,6,12,6,12,6,11,7,11,7,11,8,10,8,10,8,10,8,10,9,10,9,10,9,10,9,10,8,10,8,11,7,11,6,11,5,11,5,10,4,11,0,0,0,0,0,0,0,0,0,0,0,0,0,0,0,0,0,0,0,0,0,0,5,9,4,10,3,11,3,11,3,12,2,12,2,13,1,13,1,13,0,13,0,13,0,13,0,13,1,13,1,12,1,12,2,12,2,12,3,13,3,13,4,13,4,13,5,13,5,14,5,14,5,14]"
2025-08-18 22:58:42.681937,CSI_DATA,290,1a:00:00:00:00:00,-38,11,0,0,0,0,0,0,0,0,0,-92,0,1,0,50050129,0,31,0,128,0,"[0,0,8,11,8,11,8,11,8,11,8,10,8,10,8,10,8,9,8,9,9,8,9,8,9,7,9,7,9,7,10,7,10,7,10,7,10,7,10,8,9,8,9,9,8,9,8,9,7,9,6,9,6,9,0,0,0,0,0,0,0,0,0,0,0,0,0,0,0,0,0,0,0,0,0,0,7,7,6,8,6,8,6,9,6,10,5,10,5,11,4,11,4,11,4,11,4,11,4,11,4,11,4,11,4,11,4,11,5,11,5,10,6,10,6,11,6,11,7,11,7,11,8,11,8,11,8,11]"
2025-08-18 22:58:42.894823,CSI_DATA,291,1a:00:00:00:00:00,-38,11,0,0,0,0,0,0,0,0,0,-92,0,1,0,50251336,0,31,0,128,0,"[0,0,-5,-15,-6,-14,-6,-14,-6,-14,-6,-14,-6,-13,-6,-13,-7,-12,-7,-12,-7,-11,-8,-11,-8,-11,-9,-11,-9,-11,-9,-10,-9,-11,-9,-11,-9,-11,-9,-11,-8,-11,-8,-11,-7,-12,-7,-12,-6,-12,-6,-11,-5,-11,0,0,0,0,0,0,0,0,0,0,0,0,0,0,0,0,0,0,0,0,0,0,-5,-10,-5,-11,-4,-12,-4,-12,-3,-13,-3,-13,-2,-13,-2,-14,-1,-13,-1,-14,-1,-13,-1,-13,-1,-13,-1,-13,-1,-13,-2,-13,-2,-13,-3,-13,-3,-13,-4,-13,-4,-14,-4,-14,-5,-14,-6,-14,-5,-14,-6,-14]"
2025-08-18 22:58:43.091820,CSI_DATA,292,1a:00:00:00:00:00,-38,11,0,0,0,0,0,0,0,0,0,-92,0,1,0,50452543,0,31,0,128,0,"[0,0,-15,4,-15,4,-15,4,-14,4,-14,4,-13,4,-13,4,-13,5,-12,5,-12,5,-12,6,-11,6,-11,7,-11,7,-11,7,-11,7,-11,7,-12,7,-12,7,-12,7,-12,6,-12,5,-12,5,-12,4,-12,4,-12,3,0,0,0,0,0,0,0,0,0,0,0,0,0,0,0,0,0,0,0,0,0,0,-10,4,-11,3,-12,3,-12,2,-13,2,-13,1,-13,0,-14,0,-13,-1,-13,-1,-13,-1,-13,-1,-13,-1,-13,-1,-13,0,-13,0,-13,0,-13,1,-13,1,-13,2,-14,2,-14,3,-14,3,-15,3,-15,4,-15,4]"
2025-08-18 22:58:43.166278,CSI_DATA,293,1a:00:00:00:00:00,-38,11,0,0,0,0,0,0,0,0,0,-92,0,1,0,50513593,0,42,0,128,0,"[0,0,3,-15,2,-15,3,-15,2,-15,2,-15,2,-14,1,-14,1,-14,0,-13,0,-13,-1,-13,-1,-13,-2,-13,-2,-13,-2,-13,-2,-14,-2,-14,-1,-14,-1,-14,-1,-14,0,-14,0,-13,1,-13,1,-13,2,-12,2,-12,0,0,0,0,0,0,0,0,0,0,0,0,0,0,0,0,0,0,0,0,0,0,0,-11,1,-11,1,-12,2,-12,3,-12,3,-12,4,-12,4,-12,5,-12,5,-12,5,-12,5,-12,5,-12,5,-12,5,-12,5,-12,4,-12,4,-12,3,-13,3,-13,3,-14,3,-14,2,-14,2,-15,3,-15,2,-15]"
2025-08-18 22:58:43.220052,CSI_DATA,294,1a:00:00:00:00:00,-38,11,0,0,0,0,0,0,0,0,0,-92,0,1,0,50579129,0,31,0,128,0,"[0,0,0,-15,-1,-15,-1,-16,-1,-15,-1,-15,-1,-14,-1,-14,-2,-14,-2,-13,-3,-13,-3,-13,-4,-13,-4,-13,-5,-13,-4,-13,-5,-13,-5,-13,-4,-14,-4,-14,-3,-14,-3,-14,-2,-13,-2,-13,-1,-13,0,-12,0,-12,0,0,0,0,0,0,0,0,0,0,0,0,0,0,0,0,0,0,0,0,0,0,-2,-11,-2,-12,-1,-12,0,-12,0,-13,1,-13,2,-13,2,-13,3,-13,3,-13,3,-13,3,-13,3,-13,3,-13,3,-13,2,-12,2,-13,1,-13,1,-14,1,-14,0,-14,0,-14,-1,-14,0,-15,-1,-15,0,-15]"
2025-08-18 22:58:43.418958,CSI_DATA,295,1a:00:00:00:00:00,-38,11,0,0,0,0,0,0,0,0,0,-92,0,1,0,50780685,0,31,0,128,0,"[0,0,-11,10,-11,10,-11,10,-10,10,-10,10,-10,10,-9,9,-9,10,-8,10,-7,10,-7,10,-7,10,-6,10,-6,11,-6,11,-7,11,-6,11,-7,11,-7,11,-7,11,-8,10,-8,10,-8,9,-8,9,-9,8,-9,7,0,0,0,0,0,0,0,0,0,0,0,0,0,0,0,0,0,0,0,0,0,0,-6,8,-7,8,-8,8,-9,8,-9,7,-10,7,-11,7,-11,6,-11,6,-11,6,-11,6,-11,5,-11,5,-11,6,-11,6,-10,6,-10,7,-10,7,-10,8,-10,8,-10,8,-10,9,-10,9,-10,10,-10,10,-11,10]"
2025-08-18 22:58:43.618568,CSI_DATA,296,1a:00:00:00:00:00,-38,11,0,0,0,0,0,0,0,0,0,-92,0,1,0,50981854,0,31,0,128,0,"[0,0,-9,12,-8,12,-8,12,-8,12,-7,12,-7,12,-7,12,-6,12,-6,11,-5,12,-4,12,-3,12,-4,12,-3,12,-3,13,-3,12,-3,13,-4,13,-5,13,-5,13,-5,12,-6,12,-6,11,-6,11,-6,10,-7,10,0,0,0,0,0,0,0,0,0,0,0,0,0,0,0,0,0,0,0,0,0,0,-5,9,-6,9,-7,9,-7,9,-8,9,-9,9,-10,9,-10,9,-10,8,-10,8,-10,8,-10,8,-10,8,-10,8,-9,8,-9,8,-9,9,-9,9,-9,10,-9,10,-9,11,-8,11,-8,12,-8,12,-8,12,-8,13]"
2025-08-18 22:58:43.828423,CSI_DATA,297,1a:00:00:00:00:00,-38,11,0,0,0,0,0,0,0,0,0,-92,0,1,0,51182714,0,31,0,128,0,"[0,0,-15,-5,-15,-5,-14,-5,-15,-4,-14,-4,-14,-4,-14,-4,-14,-3,-14,-2,-14,-2,-13,-2,-13,-1,-14,-1,-13,0,-14,0,-14,0,-14,0,-14,0,-14,-1,-14,-1,-14,-2,-14,-2,-13,-3,-13,-3,-12,-4,-12,-4,0,0,0,0,0,0,0,0,0,0,0,0,0,0,0,0,0,0,0,0,0,0,-11,-2,-11,-3,-12,-4,-12,-4,-12,-5,-12,-6,-12,-7,-12,-7,-12,-7,-11,-8,-11,-8,-11,-8,-11,-8,-11,-7,-11,-7,-11,-7,-12,-7,-12,-6,-12,-6,-13,-5,-13,-5,-14,-5,-15,-5,-14,-5,-15,-5,-15,-5]"
2025-08-18 22:58:44.026634,CSI_DATA,298,1a:00:00:00:00:00,-38,11,0,0,0,0,0,0,0,0,0,-92,0,1,0,51383910,0,31,0,128,0,"[0,0,-15,-6,-15,-5,-14,-5,-14,-5,-14,-5,-14,-4,-14,-4,-14,-3,-14,-3,-13,-2,-14,-2,-13,-1,-13,-1,-14,-1,-14,0,-14,0,-14,-1,-14,-1,-14,-1,-14,-1,-14,-2,-13,-3,-13,-3,-12,-4,-12,-4,-11,-4,0,0,0,0,0,0,0,0,0,0,0,0,0,0,0,0,0,0,0,0,0,0,-11,-3,-11,-3,-11,-4,-11,-5,-12,-6,-12,-6,-12,-7,-12,-8,-11,-8,-11,-8,-11,-8,-10,-8,-11,-8,-11,-8,-11,-8,-11,-7,-11,-7,-12,-6,-12,-6,-13,-6,-13,-6,-13,-6,-14,-5,-14,-5,-14,-5,-15,-5]"
2025-08-18 22:58:44.218732,CSI_DATA,299,1a:00:00:00:00:00,-38,11,0,0,0,0,0,0,0,0,0,-92,0,1,0,51585058,0,31,0,128,0,"[0,0,2,15,2,14,2,14,2,14,3,14,3,14,3,13,3,13,4,12,4,12,4,12,5,11,5,12,6,12,6,12,6,12,6,12,6,12,5,12,5,12,4,12,4,12,3,12,2,12,2,12,1,12,0,0,0,0,0,0,0,0,0,0,0,0,0,0,0,0,0,0,0,0,0,0,4,10,3,11,2,11,2,12,1,12,0,13,0,13,-1,13,-1,13,-2,13,-2,13,-2,13,-2,12,-2,12,-1,12,-1,12,-1,13,0,12,0,13,1,13,1,13,2,14,2,14,2,15,2,15,3,15]"
2025-08-18 22:58:44.420902,CSI_DATA,300,1a:00:00:00:00:00,-38,11,0,0,0,0,0,0,0,0,0,-92,0,1,0,51786209,0,31,0,128,0,"[0,0,1,14,2,15,2,14,2,14,2,13,2,13,3,13,3,13,3,12,4,12,4,12,5,11,5,11,5,11,6,11,6,11,6,12,5,12,6,12,5,12,4,12,4,12,3,12,3,12,2,11,1,11,0,0,0,0,0,0,0,0,0,0,0,0,0,0,0,0,0,0,0,0,0,0,2,10,1,10,1,11,0,11,0,12,-1,12,-2,12,-2,12,-3,12,-3,12,-3,12,-3,12,-3,12,-3,12,-2,12,-2,12,-1,12,-1,12,-1,12,0,13,0,13,1,13,1,14,1,14,1,14,1,14]"
2025-08-18 22:58:44.619122,CSI_DATA,301,1a:00:00:00:00:00,-38,11,0,0,0,0,0,0,0,0,0,-92,0,1,0,51987566,0,31,0,128,0,"[0,0,8,12,8,11,8,11,9,11,8,11,8,10,8,10,9,9,9,9,9,8,9,8,10,7,10,7,10,7,10,7,10,7,10,7,10,8,10,8,10,8,10,8,9,9,8,9,8,9,7,9,6,9,0,0,0,0,0,0,0,0,0,0,0,0,0,0,0,0,0,0,0,0,0,0,7,7,7,8,7,9,6,9,6,10,6,10,5,11,5,11,4,12,4,11,4,11,4,11,4,11,4,11,4,11,4,11,5,11,5,10,6,11,6,11,7,11,7,11,8,11,8,11,8,12,9,12]"
2025-08-18 22:58:44.679158,CSI_DATA,302,1a:00:00:00:00:00,-38,11,0,0,0,0,0,0,0,0,0,-92,0,1,0,52048303,0,42,0,128,0,"[0,0,7,12,7,12,7,12,7,11,7,11,7,11,7,10,7,10,7,9,8,9,8,8,9,8,9,8,9,8,9,8,9,8,9,8,9,8,9,9,9,9,8,9,7,10,7,10,6,9,6,9,5,9,0,0,0,0,0,0,0,0,0,0,0,0,0,0,0,0,0,0,0,0,0,0,7,7,7,7,6,8,6,9,6,10,5,10,5,11,4,11,4,11,4,11,4,11,3,11,4,11,4,11,4,11,4,11,4,11,5,11,5,11,6,11,6,11,6,11,7,11,8,11,8,12,8,12]"
2025-08-18 22:58:44.748554,CSI_DATA,303,1a:00:00:00:00:00,-38,11,0,0,0,0,0,0,0,0,0,-92,0,1,0,52114075,0,31,0,128,0,"[0,0,15,1,14,1,14,1,14,1,14,0,13,0,13,0,13,-1,12,-1,12,-2,12,-2,12,-3,12,-3,12,-3,12,-3,13,-3,13,-3,13,-3,13,-3,13,-2,13,-2,13,-1,12,0,12,0,11,0,11,1,0,0,0,0,0,0,0,0,0,0,0,0,0,0,0,0,0,0,0,0,0,0,10,-1,11,0,11,0,11,1,11,2,12,2,12,3,12,3,12,4,11,4,11,5,11,5,11,5,11,4,11,4,11,4,12,3,12,3,12,2,13,2,13,2,13,1,14,1,14,1,14,1,15,1]"
2025-08-18 22:58:44.953203,CSI_DATA,304,1a:00:00:00:00:00,-38,11,0,0,0,0,0,0,0,0,0,-92,0,1,0,52315226,0,31,0,128,0,"[0,0,-8,14,-7,13,-7,13,-7,13,-6,13,-6,13,-5,13,-5,12,-4,12,-4,13,-4,12,-3,13,-2,13,-2,13,-2,13,-2,13,-2,14,-2,13,-3,13,-3,13,-4,13,-4,13,-4,12,-5,11,-5,11,-6,10,0,0,0,0,0,0,0,0,0,0,0,0,0,0,0,0,0,0,0,0,0,0,-4,10,-5,10,-6,10,-6,10,-7,10,-8,10,-8,10,-9,10,-9,10,-10,9,-10,9,-10,9,-9,9,-9,9,-9,9,-9,9,-8,10,-8,10,-8,11,-7,11,-7,12,-7,12,-7,13,-7,13,-7,13,-7,13]"
2025-08-18 22:58:45.157265,CSI_DATA,305,1a:00:00:00:00:00,-38,11,0,0,0,0,0,0,0,0,0,-92,0,1,0,52517620,0,31,0,128,0,"[0,0,3,-15,2,-15,3,-15,2,-14,2,-15,2,-14,1,-14,1,-14,0,-14,-1,-13,-1,-13,-2,-13,-2,-14,-2,-14,-2,-13,-2,-14,-2,-14,-2,-14,-1,-14,-1,-14,0,-14,0,-14,1,-13,1,-13,2,-12,2,-12,0,0,0,0,0,0,0,0,0,0,0,0,0,0,0,0,0,0,0,0,0,0,0,-11,0,-12,1,-11,2,-12,2,-12,4,-13,4,-12,5,-12,5,-12,5,-12,5,-12,5,-12,5,-12,5,-12,5,-12,4,-11,4,-12,3,-12,3,-13,3,-13,3,-14,3,-14,2,-14,2,-15,2,-15,2,-15]"
2025-08-18 22:58:45.356562,CSI_DATA,306,1a:00:00:00:00:00,-38,11,0,0,0,0,0,0,0,0,0,-92,0,1,0,52717559,0,31,0,128,0,"[0,0,2,15,2,15,2,14,3,14,3,14,3,13,4,13,4,13,4,12,4,12,5,12,5,12,6,12,6,11,6,11,6,11,6,12,6,12,6,12,6,12,5,12,5,12,4,12,3,12,2,11,2,11,0,0,0,0,0,0,0,0,0,0,0,0,0,0,0,0,0,0,0,0,0,0,3,10,3,10,2,11,1,11,1,12,0,12,0,13,-1,13,-1,13,-2,13,-2,13,-2,13,-2,13,-2,12,-1,12,-1,12,-1,13,0,13,0,13,1,13,1,13,2,14,2,14,2,14,2,15,2,15]"
2025-08-18 22:58:45.555211,CSI_DATA,307,1a:00:00:00:00:00,-38,11,0,0,0,0,0,0,0,0,0,-92,0,1,0,52918714,0,31,0,128,0,"[0,0,13,-7,12,-8,12,-7,12,-7,12,-8,11,-7,10,-8,10,-8,9,-8,9,-9,9,-9,9,-9,8,-9,8,-9,8,-10,8,-10,8,-10,9,-10,9,-10,9,-9,9,-9,9,-8,10,-8,10,-7,10,-6,10,-6,0,0,0,0,0,0,0,0,0,0,0,0,0,0,0,0,0,0,0,0,0,0,8,-6,9,-6,9,-6,10,-5,10,-5,11,-5,12,-4,12,-4,12,-3,12,-3,12,-3,12,-2,11,-3,11,-3,11,-4,11,-3,11,-4,11,-5,11,-5,12,-6,11,-6,12,-7,12,-7,12,-7,12,-7,13,-7]"
2025-08-18 22:58:45.757086,CSI_DATA,308,1a:00:00:00:00:00,-38,11,0,0,0,0,0,0,0,0,0,-92,0,1,0,53120429,0,31,0,128,0,"[0,0,-2,15,-2,15,-2,15,-1,14,-1,14,-1,14,0,13,0,13,0,13,1,13,1,12,2,12,2,13,3,13,3,13,3,13,3,13,2,13,2,13,2,13,1,13,0,13,0,13,-1,12,-1,12,-2,12,0,0,0,0,0,0,0,0,0,0,0,0,0,0,0,0,0,0,0,0,0,0,0,11,0,11,-1,11,-2,12,-2,12,-3,12,-4,12,-4,12,-5,12,-5,12,-5,12,-5,12,-5,12,-5,12,-4,12,-4,11,-4,12,-3,12,-3,13,-2,13,-2,13,-2,14,-2,14,-2,15,-1,15,-1,15]"
2025-08-18 22:58:45.954345,CSI_DATA,309,1a:00:00:00:00:00,-38,11,0,0,0,0,0,0,0,0,0,-92,0,1,0,53321243,0,31,0,128,0,"[0,0,3,14,4,14,4,13,4,14,4,13,4,13,4,12,5,12,5,11,5,11,6,11,6,10,6,11,6,10,7,10,7,10,7,11,7,11,6,11,6,11,5,11,5,11,4,12,4,11,3,11,2,11,0,0,0,0,0,0,0,0,0,0,0,0,0,0,0,0,0,0,0,0,0,0,5,9,4,9,3,11,3,11,2,12,2,12,1,13,0,12,0,12,0,13,0,13,0,12,0,12,0,12,0,12,0,12,1,12,2,12,2,12,2,13,2,13,3,13,4,14,4,14,4,14,4,14]"
2025-08-18 22:58:46.156763,CSI_DATA,310,1a:00:00:00:00:00,-38,11,0,0,0,0,0,0,0,0,0,-92,0,1,0,53522392,0,31,0,128,0,"[0,0,1,15,1,15,1,14,2,14,2,13,2,13,2,13,3,13,3,12,4,12,4,11,5,11,5,11,5,11,5,11,5,11,5,12,5,12,5,12,4,12,4,12,3,12,2,12,2,12,1,11,1,11,0,0,0,0,0,0,0,0,0,0,0,0,0,0,0,0,0,0,0,0,0,0,3,10,2,10,1,11,1,11,0,12,0,12,-1,12,-2,12,-2,13,-3,13,-3,12,-3,12,-2,12,-2,12,-2,12,-2,12,-1,12,-1,12,0,12,0,13,0,13,1,13,1,14,1,14,1,14,2,14]"
2025-08-18 22:58:46.235158,CSI_DATA,311,1a:00:00:00:00:00,-38,11,0,0,0,0,0,0,0,0,0,-92,0,1,0,53583162,0,42,0,128,0,"[0,0,-1,-15,-1,-15,-1,-15,-1,-15,-2,-15,-2,-15,-2,-14,-2,-14,-3,-13,-3,-13,-4,-13,-5,-13,-5,-13,-5,-13,-5,-13,-5,-13,-5,-13,-5,-13,-5,-14,-4,-13,-4,-13,-3,-13,-2,-13,-2,-13,-2,-12,-1,-12,0,0,0,0,0,0,0,0,0,0,0,0,0,0,0,0,0,0,0,0,0,0,-3,-11,-2,-11,-1,-12,-1,-12,0,-13,1,-13,1,-13,2,-13,2,-13,2,-13,2,-13,3,-13,3,-13,2,-13,2,-13,2,-13,1,-13,1,-13,0,-13,0,-14,0,-14,0,-15,-1,-15,-1,-15,-1,-15,-1,-16]"
2025-08-18 22:58:46.287507,CSI_DATA,312,1a:00:00:00:00:00,-38,11,0,0,0,0,0,0,0,0,0,-92,0,1,0,53649292,0,31,0,128,0,"[0,0,6,-15,5,-15,5,-15,5,-14,4,-14,4,-14,3,-14,3,-14,2,-14,2,-14,2,-14,1,-14,1,-14,0,-14,0,-14,1,-14,0,-14,1,-14,1,-15,1,-14,2,-14,2,-14,3,-13,4,-13,4,-12,4,-11,0,0,0,0,0,0,0,0,0,0,0,0,0,0,0,0,0,0,0,0,0,0,2,-11,3,-11,4,-11,5,-12,5,-12,6,-12,6,-12,7,-12,7,-11,8,-11,8,-11,8,-11,8,-11,8,-11,7,-11,7,-11,7,-11,6,-12,6,-12,5,-13,5,-13,5,-14,6,-14,6,-14,6,-15,6,-15]"
2025-08-18 22:58:46.481900,CSI_DATA,313,1a:00:00:00:00:00,-38,11,0,0,0,0,0,0,0,0,0,-92,0,1,0,53850358,0,31,0,128,0,"[0,0,7,13,7,12,7,12,7,12,7,11,7,11,8,10,8,10,8,9,8,9,8,9,9,8,9,8,9,8,10,8,9,8,10,9,10,8,10,8,9,9,9,9,8,9,7,9,7,9,6,9,5,9,0,0,0,0,0,0,0,0,0,0,0,0,0,0,0,0,0,0,0,0,0,0,6,8,5,9,5,10,4,10,4,11,4,11,4,12,3,12,3,12,2,12,2,12,2,12,2,12,2,12,2,11,3,12,3,11,4,11,4,11,5,11,5,11,6,12,6,12,7,12,7,12,7,12]"
2025-08-18 22:58:46.674114,CSI_DATA,314,1a:00:00:00:00:00,-38,11,0,0,0,0,0,0,0,0,0,-92,0,1,0,54028505,0,28,0,128,0,"[0,0,-6,-14,-6,-15,-6,-14,-6,-14,-6,-14,-6,-13,-7,-13,-7,-12,-7,-12,-8,-11,-8,-11,-8,-11,-8,-11,-9,-10,-9,-11,-9,-10,-9,-11,-9,-11,-9,-11,-8,-11,-8,-12,-7,-12,-7,-12,-6,-12,-5,-11,-4,-11,0,0,0,0,0,0,0,0,0,0,0,0,0,0,0,0,0,0,0,0,0,0,-6,-10,-5,-10,-5,-11,-4,-12,-4,-13,-3,-13,-3,-13,-2,-13,-2,-13,-1,-14,-1,-13,-1,-13,-1,-13,-1,-13,-2,-13,-2,-13,-3,-13,-3,-13,-4,-13,-4,-14,-5,-13,-5,-14,-5,-14,-6,-14,-6,-14,-6,-14]"
2025-08-18 22:58:46.706706,CSI_DATA,315,1a:00:00:00:00:00,-38,11,0,0,0,0,0,0,0,0,0,-92,0,1,0,54051526,0,31,0,128,0,"[0,0,14,3,14,3,14,2,13,2,13,2,13,2,13,1,12,1,12,0,12,0,12,-1,12,-1,12,-2,12,-2,12,-2,13,-2,12,-2,13,-2,13,-2,13,-1,13,-1,12,0,12,1,11,1,11,2,11,2,0,0,0,0,0,0,0,0,0,0,0,0,0,0,0,0,0,0,0,0,0,0,10,0,10,1,10,2,11,3,11,3,11,4,12,4,12,5,11,5,11,6,10,6,10,6,10,6,10,6,10,5,10,5,11,4,11,4,12,4,12,3,12,3,13,3,13,3,13,3,14,3,14,3]"
2025-08-18 22:58:46.897048,CSI_DATA,316,1a:00:00:00:00:00,-38,11,0,0,0,0,0,0,0,0,0,-92,0,1,0,54252925,0,31,0,128,0,"[0,0,-11,-10,-11,-10,-11,-10,-11,-10,-11,-10,-11,-9,-11,-9,-11,-8,-11,-8,-11,-7,-11,-7,-11,-6,-11,-6,-12,-6,-12,-6,-12,-6,-12,-6,-12,-6,-12,-6,-12,-7,-12,-7,-11,-7,-11,-8,-10,-8,-9,-8,-9,-8,0,0,0,0,0,0,0,0,0,0,0,0,0,0,0,0,0,0,0,0,0,0,-9,-6,-9,-7,-9,-8,-9,-9,-9,-9,-8,-10,-8,-11,-8,-11,-7,-11,-7,-12,-7,-11,-6,-11,-7,-11,-7,-11,-7,-11,-7,-11,-8,-10,-8,-10,-9,-10,-9,-10,-10,-10,-10,-10,-11,-10,-11,-10,-11,-10,-11,-10]"
2025-08-18 22:58:47.111259,CSI_DATA,317,1a:00:00:00:00:00,-38,11,0,0,0,0,0,0,0,0,0,-92,0,1,0,54454047,0,31,0,128,0,"[0,0,-12,-10,-12,-10,-11,-9,-12,-9,-12,-9,-11,-8,-12,-8,-11,-7,-12,-7,-12,-7,-12,-6,-12,-6,-12,-6,-12,-5,-12,-5,-13,-5,-13,-5,-13,-5,-13,-6,-12,-6,-12,-6,-11,-7,-11,-7,-10,-8,-10,-8,-9,-8,0,0,0,0,0,0,0,0,0,0,0,0,0,0,0,0,0,0,0,0,0,0,-10,-6,-9,-7,-9,-8,-9,-8,-9,-9,-9,-9,-9,-10,-8,-10,-8,-11,-8,-11,-7,-11,-7,-11,-7,-11,-7,-10,-8,-10,-8,-10,-8,-10,-9,-10,-9,-10,-10,-9,-10,-9,-11,-9,-11,-9,-12,-10,-12,-10,-11,-10]"
2025-08-18 22:58:47.292245,CSI_DATA,318,1a:00:00:00:00:00,-38,11,0,0,0,0,0,0,0,0,0,-92,0,1,0,54655184,0,31,0,128,0,"[0,0,8,-13,7,-13,7,-13,7,-13,6,-13,6,-13,6,-13,5,-13,5,-12,4,-13,4,-13,3,-13,3,-13,3,-13,3,-13,2,-13,3,-13,3,-14,3,-14,4,-14,4,-13,5,-13,5,-12,5,-12,5,-11,6,-10,0,0,0,0,0,0,0,0,0,0,0,0,0,0,0,0,0,0,0,0,0,0,4,-11,4,-11,5,-10,6,-11,6,-11,7,-10,8,-10,8,-10,9,-10,9,-9,9,-9,9,-9,9,-9,9,-9,8,-9,8,-9,8,-10,7,-10,7,-11,8,-11,7,-12,7,-13,7,-12,7,-13,7,-13,7,-13]"
2025-08-18 22:58:47.494557,CSI_DATA,319,1a:00:00:00:00:00,-38,11,0,0,0,0,0,0,0,0,0,-92,0,1,0,54856610,0,31,0,128,0,"[0,0,6,-14,6,-14,6,-14,6,-14,5,-14,5,-13,4,-13,3,-13,3,-13,3,-13,3,-13,2,-13,2,-13,1,-13,1,-14,1,-14,1,-14,1,-14,1,-14,2,-14,2,-13,3,-13,3,-13,4,-12,4,-11,4,-11,0,0,0,0,0,0,0,0,0,0,0,0,0,0,0,0,0,0,0,0,0,0,3,-11,4,-11,5,-11,6,-11,6,-11,7,-11,8,-11,8,-10,8,-10,9,-10,9,-9,9,-9,9,-10,8,-10,8,-10,8,-10,7,-10,7,-11,7,-11,6,-12,6,-12,6,-13,6,-13,6,-14,6,-14,6,-14]"
2025-08-18 22:58:47.698459,CSI_DATA,320,1a:00:00:00:00:00,-38,11,0,0,0,0,0,0,0,0,0,-92,0,1,0,55057544,0,31,0,128,0,"[0,0,-1,-15,-1,-15,-1,-15,-1,-15,-2,-15,-2,-14,-2,-14,-3,-14,-3,-13,-3,-13,-4,-13,-4,-13,-4,-13,-5,-13,-5,-13,-5,-13,-5,-13,-5,-13,-5,-14,-5,-14,-4,-13,-3,-13,-3,-13,-2,-13,-1,-12,-1,-12,0,0,0,0,0,0,0,0,0,0,0,0,0,0,0,0,0,0,0,0,0,0,-2,-11,-2,-12,-1,-12,0,-12,0,-13,1,-13,2,-13,2,-13,3,-13,3,-13,3,-13,3,-13,3,-13,3,-13,3,-13,2,-13,2,-13,1,-13,1,-13,0,-14,0,-14,0,-15,-1,-15,-1,-15,-1,-15,-1,-15]"
2025-08-18 22:58:47.773051,CSI_DATA,321,1a:00:00:00:00:00,-38,11,0,0,0,0,0,0,0,0,0,-92,0,1,0,55118314,0,42,0,128,0,"[0,0,-15,-5,-15,-5,-15,-5,-14,-5,-14,-4,-14,-4,-14,-4,-14,-3,-14,-2,-14,-2,-13,-2,-13,-1,-13,-1,-14,0,-14,0,-14,0,-14,0,-14,-1,-14,-1,-14,-1,-14,-2,-14,-2,-13,-3,-13,-3,-12,-4,-12,-4,0,0,0,0,0,0,0,0,0,0,0,0,0,0,0,0,0,0,0,0,0,0,-11,-3,-11,-3,-12,-4,-12,-5,-12,-5,-12,-6,-12,-7,-12,-7,-11,-8,-11,-8,-11,-8,-11,-8,-11,-8,-11,-8,-11,-7,-11,-7,-12,-7,-12,-6,-12,-6,-13,-6,-13,-5,-14,-5,-14,-5,-14,-5,-15,-5,-15,-5]"
2025-08-18 22:58:47.823218,CSI_DATA,322,1a:00:00:00:00:00,-38,11,0,0,0,0,0,0,0,0,0,-92,0,1,0,55185663,0,31,0,128,0,"[0,0,-14,7,-13,7,-13,7,-13,7,-13,8,-12,7,-11,8,-11,8,-10,8,-10,8,-10,9,-9,9,-9,9,-9,10,-9,10,-9,10,-9,10,-9,10,-10,10,-10,9,-10,9,-10,9,-10,8,-10,7,-10,6,-10,6,0,0,0,0,0,0,0,0,0,0,0,0,0,0,0,0,0,0,0,0,0,0,-9,6,-10,5,-11,5,-11,4,-12,4,-13,4,-13,3,-13,3,-13,3,-13,2,-13,2,-13,2,-13,2,-13,2,-13,2,-12,3,-12,4,-12,4,-13,5,-13,5,-13,6,-13,6,-13,7,-13,7,-13,7,-13,7]"
2025-08-18 22:58:48.018831,CSI_DATA,323,1a:00:00:00:00:00,-38,11,0,0,0,0,0,0,0,0,0,-92,0,1,0,55386942,0,31,0,128,0,"[0,0,5,13,6,13,5,13,6,13,6,12,6,12,6,12,7,11,7,10,7,10,7,10,8,9,8,9,8,9,9,9,8,9,9,10,9,9,9,10,8,10,8,10,7,10,6,10,6,10,5,10,4,10,0,0,0,0,0,0,0,0,0,0,0,0,0,0,0,0,0,0,0,0,0,0,5,9,5,9,4,10,4,10,4,11,3,11,2,12,2,12,2,12,1,13,1,12,1,12,1,12,1,12,2,12,2,12,2,12,3,12,3,12,4,12,4,12,5,12,5,13,5,13,6,13,6,13]"
2025-08-18 22:58:48.224268,CSI_DATA,324,1a:00:00:00:00:00,-38,11,0,0,0,0,0,0,0,0,0,-92,0,1,0,55588004,0,31,0,128,0,"[0,0,-2,15,-2,14,-2,14,-1,14,-1,14,-1,13,-1,13,0,13,0,13,1,12,2,12,2,12,3,12,3,12,3,12,3,12,3,12,3,13,2,13,2,13,2,13,1,12,0,12,0,12,-1,11,-1,11,0,0,0,0,0,0,0,0,0,0,0,0,0,0,0,0,0,0,0,0,0,0,0,10,-1,11,-2,11,-3,11,-3,11,-4,12,-4,12,-5,12,-5,11,-5,11,-5,11,-5,11,-5,11,-5,11,-5,12,-4,11,-4,12,-3,11,-3,13,-3,13,-3,13,-2,13,-2,13,-1,14,-1,14,-2,15]"
2025-08-18 22:58:48.434459,CSI_DATA,325,1a:00:00:00:00:00,-38,11,0,0,0,0,0,0,0,0,0,-92,0,1,0,55789147,0,31,0,128,0,"[0,0,-6,-14,-6,-14,-6,-14,-7,-14,-7,-13,-7,-13,-7,-13,-7,-12,-7,-12,-8,-11,-8,-11,-8,-10,-9,-11,-9,-11,-9,-10,-9,-10,-10,-11,-10,-11,-9,-11,-9,-11,-9,-11,-8,-11,-7,-11,-6,-11,-6,-11,-5,-11,0,0,0,0,0,0,0,0,0,0,0,0,0,0,0,0,0,0,0,0,0,0,-6,-10,-5,-10,-5,-11,-4,-12,-4,-12,-4,-13,-3,-13,-3,-13,-2,-13,-2,-13,-2,-13,-2,-13,-2,-13,-2,-13,-2,-13,-3,-13,-3,-13,-4,-13,-4,-13,-5,-13,-5,-13,-6,-14,-6,-14,-6,-14,-6,-14,-6,-14]"
2025-08-18 22:58:48.637046,CSI_DATA,326,1a:00:00:00:00:00,-38,11,0,0,0,0,0,0,0,0,0,-92,0,1,0,55990325,0,31,0,128,0,"[0,0,-11,-12,-11,-12,-10,-12,-10,-11,-10,-11,-10,-10,-10,-10,-11,-9,-10,-9,-11,-8,-11,-8,-11,-8,-11,-7,-12,-7,-12,-7,-12,-7,-12,-7,-12,-7,-12,-8,-12,-8,-11,-8,-11,-9,-10,-9,-9,-9,-9,-9,-8,-9,0,0,0,0,0,0,0,0,0,0,0,0,0,0,0,0,0,0,0,0,0,0,-9,-7,-9,-8,-8,-9,-8,-10,-8,-10,-7,-11,-7,-12,-7,-12,-6,-12,-6,-12,-6,-12,-6,-12,-6,-12,-6,-12,-6,-12,-6,-11,-7,-11,-7,-11,-8,-11,-8,-11,-9,-11,-9,-11,-10,-11,-10,-12,-10,-12,-10,-11]"
2025-08-18 22:58:49.026682,CSI_DATA,327,1a:00:00:00:00:00,-38,11,0,0,0,0,0,0,0,0,0,-92,0,1,0,56191569,0,31,0,128,0,"[0,0,14,-6,13,-7,12,-6,13,-7,12,-7,12,-7,12,-7,11,-7,11,-7,10,-8,10,-8,9,-9,9,-9,9,-9,10,-9,10,-9,10,-9,10,-9,10,-9,11,-8,11,-8,11,-7,11,-7,11,-6,11,-5,10,-4,0,0,0,0,0,0,0,0,0,0,0,0,0,0,0,0,0,0,0,0,0,0,8,-7,9,-6,10,-6,10,-5,11,-5,11,-4,12,-4,12,-4,12,-3,12,-3,12,-2,12,-2,12,-2,12,-3,12,-3,12,-3,12,-4,12,-4,12,-5,12,-5,12,-5,12,-6,13,-6,13,-6,13,-7,13,-7]"
2025-08-18 22:58:49.034142,CSI_DATA,328,1a:00:00:00:00:00,-38,11,0,0,0,0,0,0,0,0,0,-92,0,1,0,56392734,0,31,0,128,0,"[0,0,13,6,13,5,13,5,13,5,13,4,12,4,13,4,12,3,12,3,12,2,12,2,12,1,12,1,13,1,13,0,13,1,13,1,13,1,13,1,13,1,13,2,12,2,11,3,11,3,11,4,10,4,0,0,0,0,0,0,0,0,0,0,0,0,0,0,0,0,0,0,0,0,0,0,10,2,10,3,10,4,10,5,10,5,10,6,10,7,10,7,10,7,9,7,9,8,9,8,9,8,9,7,10,7,9,7,10,6,10,6,11,6,11,6,12,5,12,5,12,5,13,5,13,5,14,5]"
2025-08-18 22:58:49.234055,CSI_DATA,329,1a:00:00:00:00:00,-38,11,0,0,0,0,0,0,0,0,0,-92,0,1,0,56594089,0,31,0,128,0,"[0,0,4,-15,3,-15,3,-15,3,-14,3,-14,2,-14,2,-14,2,-14,1,-13,0,-13,0,-13,-1,-13,-1,-13,-1,-13,-1,-14,-1,-14,-1,-14,-1,-14,-1,-14,0,-14,1,-14,1,-13,1,-13,2,-12,2,-12,3,-12,0,0,0,0,0,0,0,0,0,0,0,0,0,0,0,0,0,0,0,0,0,0,0,-11,1,-11,2,-12,3,-12,3,-12,4,-12,5,-12,5,-12,6,-12,6,-12,6,-11,6,-11,6,-11,6,-11,5,-11,5,-11,4,-12,4,-12,4,-13,4,-13,4,-13,3,-14,3,-14,3,-14,3,-15,3,-15]"
2025-08-18 22:58:49.294577,CSI_DATA,330,1a:00:00:00:00:00,-38,11,0,0,0,0,0,0,0,0,0,-92,0,1,0,56654811,0,42,0,128,0,"[0,0,12,8,12,8,11,8,12,8,11,7,11,7,11,6,11,6,11,5,12,4,12,4,12,3,12,3,12,3,12,3,12,3,12,3,12,3,12,4,12,4,12,5,11,5,11,5,10,5,10,6,9,6,0,0,0,0,0,0,0,0,0,0,0,0,0,0,0,0,0,0,0,0,0,0,9,4,9,5,9,6,9,6,9,7,9,8,8,9,8,9,8,9,8,10,8,9,8,9,8,9,8,9,8,9,8,9,8,8,9,8,9,8,10,8,10,8,10,8,11,8,12,8,12,8,12,8]"
2025-08-18 22:58:49.364764,CSI_DATA,331,1a:00:00:00:00:00,-38,11,0,0,0,0,0,0,0,0,0,-92,0,1,0,56727466,0,31,0,128,0,"[0,0,8,-13,7,-14,7,-13,7,-13,7,-13,6,-13,6,-13,5,-13,5,-13,4,-13,4,-13,3,-13,3,-13,3,-13,3,-14,3,-14,3,-14,3,-14,4,-14,4,-14,5,-13,5,-13,5,-12,5,-12,6,-11,6,-10,0,0,0,0,0,0,0,0,0,0,0,0,0,0,0,0,0,0,0,0,0,0,3,-11,4,-11,5,-11,6,-11,7,-11,7,-11,8,-11,9,-11,9,-10,9,-10,9,-9,9,-9,9,-9,9,-9,9,-10,8,-10,8,-10,8,-11,8,-11,7,-12,7,-12,7,-12,7,-13,8,-13,8,-13,8,-14]"
2025-08-18 22:58:49.565169,CSI_DATA,332,1a:00:00:00:00:00,-38,11,0,0,0,0,0,0,0,0,0,-92,0,1,0,56928254,0,31,0,128,0,"[0,0,-12,8,-12,8,-12,8,-12,8,-11,8,-11,8,-10,8,-10,8,-10,8,-9,9,-9,9,-8,9,-8,10,-8,10,-8,10,-8,10,-8,10,-8,10,-9,10,-9,9,-9,9,-9,8,-10,8,-10,7,-10,7,-10,6,0,0,0,0,0,0,0,0,0,0,0,0,0,0,0,0,0,0,0,0,0,0,-8,7,-8,7,-9,6,-10,6,-11,6,-11,5,-12,5,-12,5,-12,4,-12,4,-12,4,-12,4,-12,4,-12,4,-12,4,-12,4,-11,5,-11,5,-12,6,-12,6,-12,7,-12,7,-12,8,-12,8,-12,8,-12,8]"
2025-08-18 22:58:49.763404,CSI_DATA,333,1a:00:00:00:00:00,-38,11,0,0,0,0,0,0,0,0,0,-92,0,1,0,57129647,0,31,0,128,0,"[0,0,3,15,3,15,3,15,3,14,4,13,3,13,4,13,4,12,4,12,5,11,5,11,6,11,6,11,6,11,6,11,7,11,6,11,6,11,6,12,6,12,5,12,4,12,4,12,3,12,3,11,2,11,0,0,0,0,0,0,0,0,0,0,0,0,0,0,0,0,0,0,0,0,0,0,4,9,3,10,3,11,2,11,2,12,1,12,0,13,0,13,-1,13,-1,13,-1,13,-1,12,-1,12,-1,13,-1,12,0,12,0,12,1,12,1,13,2,13,2,13,2,14,3,13,3,14,3,14,4,14]"
2025-08-18 22:58:49.973759,CSI_DATA,334,1a:00:00:00:00:00,-38,11,0,0,0,0,0,0,0,0,0,-92,0,1,0,57330701,0,31,0,128,0,"[0,0,-6,-14,-6,-14,-6,-14,-6,-14,-6,-14,-6,-13,-6,-13,-6,-12,-7,-11,-8,-11,-8,-11,-8,-11,-8,-10,-9,-10,-9,-10,-9,-10,-9,-11,-9,-11,-9,-12,-8,-11,-8,-11,-7,-12,-7,-12,-6,-12,-5,-11,-5,-11,0,0,0,0,0,0,0,0,0,0,0,0,0,0,0,0,0,0,0,0,0,0,-6,-9,-5,-10,-5,-11,-5,-12,-4,-12,-4,-13,-3,-13,-2,-13,-2,-13,-2,-13,-2,-13,-2,-13,-2,-13,-2,-13,-2,-13,-2,-13,-3,-13,-3,-13,-4,-13,-4,-13,-4,-13,-5,-14,-6,-13,-6,-14,-6,-14,-6,-14]"
2025-08-18 22:58:50.175858,CSI_DATA,335,1a:00:00:00:00:00,-38,11,0,0,0,0,0,0,0,0,0,-92,0,1,0,57531820,0,31,0,128,0,"[0,0,14,0,14,0,14,0,14,0,13,0,13,0,13,-1,12,-1,12,-2,12,-2,12,-3,11,-4,11,-4,12,-4,12,-4,12,-4,12,-4,12,-4,13,-4,12,-3,13,-3,12,-2,12,-2,11,-1,11,-1,11,0,0,0,0,0,0,0,0,0,0,0,0,0,0,0,0,0,0,0,0,0,0,0,10,-2,10,-1,11,0,11,1,11,1,12,2,12,3,12,3,12,4,11,4,11,4,11,4,11,4,11,3,11,3,11,3,11,3,12,2,12,1,12,1,13,1,13,1,13,0,14,0,14,0,14,0]"
2025-08-18 22:58:50.389399,CSI_DATA,336,1a:00:00:00:00:00,-38,11,0,0,0,0,0,0,0,0,0,-92,0,1,0,57733177,0,31,0,128,0,"[0,0,-11,-10,-11,-10,-11,-10,-11,-10,-11,-9,-11,-9,-11,-9,-11,-8,-11,-8,-11,-7,-11,-7,-11,-6,-12,-6,-12,-6,-12,-6,-12,-6,-12,-6,-13,-6,-13,-7,-12,-7,-12,-7,-11,-7,-11,-8,-10,-8,-10,-8,-9,-8,0,0,0,0,0,0,0,0,0,0,0,0,0,0,0,0,0,0,0,0,0,0,-9,-6,-9,-7,-9,-8,-9,-9,-9,-9,-8,-10,-8,-11,-8,-11,-7,-11,-7,-11,-7,-11,-7,-11,-7,-11,-7,-11,-7,-11,-7,-11,-8,-10,-8,-10,-9,-10,-9,-10,-10,-10,-10,-10,-11,-10,-11,-10,-11,-10,-11,-10]"
2025-08-18 22:58:50.575431,CSI_DATA,337,1a:00:00:00:00:00,-38,11,0,0,0,0,0,0,0,0,0,-92,0,1,0,57934623,0,31,0,128,0,"[0,0,-15,0,-15,0,-15,0,-15,0,-14,0,-14,1,-14,1,-13,2,-13,2,-13,2,-12,3,-12,3,-12,3,-12,4,-12,4,-13,4,-13,4,-13,4,-13,4,-13,3,-13,3,-13,2,-13,2,-12,1,-12,0,-12,0,0,0,0,0,0,0,0,0,0,0,0,0,0,0,0,0,0,0,0,0,0,0,-11,1,-11,0,-12,-1,-12,-1,-12,-2,-12,-2,-13,-3,-13,-4,-13,-4,-12,-4,-12,-5,-12,-5,-12,-4,-12,-4,-12,-4,-12,-3,-12,-3,-13,-2,-13,-2,-13,-1,-13,-1,-14,-1,-14,0,-14,-1,-15,-1,-15,0]"
2025-08-18 22:58:50.767611,CSI_DATA,338,1a:00:00:00:00:00,-38,11,0,0,0,0,0,0,0,0,0,-92,0,1,0,58135380,0,31,0,128,0,"[0,0,14,5,13,5,13,4,13,4,13,4,13,4,13,3,13,3,12,2,12,1,12,1,12,0,12,0,13,0,13,0,13,0,13,0,13,0,13,0,13,1,13,1,12,2,12,2,12,2,11,3,11,4,0,0,0,0,0,0,0,0,0,0,0,0,0,0,0,0,0,0,0,0,0,0,10,2,10,3,10,4,10,5,10,5,10,6,10,7,10,7,10,7,9,8,9,8,9,8,9,8,9,7,9,7,10,7,10,6,11,6,11,6,11,5,12,5,12,5,13,5,13,5,13,5,14,5]"
2025-08-18 22:58:50.827420,CSI_DATA,339,1a:00:00:00:00:00,-38,11,0,0,0,0,0,0,0,0,0,-92,0,1,0,58196213,0,42,0,128,0,"[0,0,11,9,11,8,11,8,11,8,11,7,11,7,11,7,11,6,11,6,11,5,11,5,11,4,11,4,12,4,12,3,12,4,12,4,12,4,12,4,12,4,12,5,11,5,10,6,10,6,9,6,9,7,0,0,0,0,0,0,0,0,0,0,0,0,0,0,0,0,0,0,0,0,0,0,8,5,8,6,8,6,8,7,8,7,8,8,8,9,7,9,7,10,7,9,6,10,6,10,7,10,6,9,7,9,7,9,8,9,8,8,9,8,9,8,10,8,10,8,10,8,11,8,11,8,12,8]"
2025-08-18 22:58:50.896583,CSI_DATA,340,1a:00:00:00:00:00,-38,11,0,0,0,0,0,0,0,0,0,-92,0,1,0,58258801,0,31,0,128,0,"[0,0,13,-6,13,-6,13,-6,13,-6,12,-6,12,-6,11,-6,11,-7,10,-7,10,-7,10,-8,9,-8,9,-9,9,-9,9,-9,9,-9,10,-9,10,-9,10,-9,10,-8,11,-8,10,-7,10,-7,10,-6,10,-6,10,-4,0,0,0,0,0,0,0,0,0,0,0,0,0,0,0,0,0,0,0,0,0,0,8,-6,9,-5,10,-5,10,-4,11,-4,11,-3,12,-3,12,-2,12,-2,12,-2,12,-1,12,-1,12,-1,12,-2,12,-2,11,-2,12,-3,11,-3,12,-4,12,-4,12,-4,12,-5,12,-5,13,-6,13,-6,13,-6]"
2025-08-18 22:58:51.302598,CSI_DATA,341,1a:00:00:00:00:00,-38,11,0,0,0,0,0,0,0,0,0,-92,0,1,0,58460160,0,31,0,128,0,"[0,0,13,-5,13,-6,13,-5,12,-5,12,-6,12,-6,11,-6,11,-6,11,-7,10,-7,10,-7,9,-8,9,-8,9,-8,10,-9,10,-9,10,-8,10,-8,10,-8,10,-8,11,-7,11,-7,10,-6,11,-6,10,-5,10,-4,0,0,0,0,0,0,0,0,0,0,0,0,0,0,0,0,0,0,0,0,0,0,8,-5,9,-5,10,-4,10,-4,11,-4,11,-3,11,-2,12,-2,12,-2,12,-1,12,-1,12,-1,11,-1,11,-2,11,-2,11,-2,11,-2,11,-3,11,-4,12,-4,12,-4,12,-5,12,-5,12,-5,13,-6,13,-6]"
2025-08-18 22:58:51.308827,CSI_DATA,342,1a:00:00:00:00:00,-38,11,0,0,0,0,0,0,0,0,0,-92,0,1,0,58661449,0,31,0,128,0,"[0,0,-2,-15,-2,-15,-2,-15,-2,-15,-3,-15,-3,-14,-3,-14,-4,-14,-4,-13,-4,-13,-5,-13,-5,-13,-6,-13,-6,-13,-6,-13,-6,-13,-6,-13,-6,-13,-6,-14,-5,-13,-4,-14,-4,-14,-3,-13,-3,-13,-2,-13,-1,-13,0,0,0,0,0,0,0,0,0,0,0,0,0,0,0,0,0,0,0,0,0,0,-3,-11,-3,-11,-2,-12,-1,-12,-1,-12,0,-13,1,-13,1,-13,1,-13,2,-13,2,-13,2,-13,2,-13,1,-13,1,-13,1,-12,0,-13,0,-13,-1,-13,-1,-14,-1,-14,-2,-14,-2,-14,-2,-15,-2,-15,-2,-15]"
2025-08-18 22:58:51.501467,CSI_DATA,343,1a:00:00:00:00:00,-38,11,0,0,0,0,0,0,0,0,0,-92,0,1,0,58862417,0,31,0,128,0,"[0,0,4,-15,4,-15,4,-15,3,-15,3,-15,3,-14,2,-14,2,-14,2,-14,1,-14,0,-14,0,-14,-1,-14,-1,-14,-1,-14,-1,-14,-1,-15,-1,-14,0,-15,0,-15,1,-14,1,-14,2,-14,2,-13,3,-12,3,-12,0,0,0,0,0,0,0,0,0,0,0,0,0,0,0,0,0,0,0,0,0,0,1,-11,2,-11,3,-11,4,-11,4,-12,5,-11,6,-12,6,-12,7,-11,7,-11,7,-11,7,-11,7,-11,7,-11,6,-11,6,-11,5,-12,5,-12,5,-12,5,-13,4,-13,4,-14,4,-14,4,-15,4,-15,4,-15]"
2025-08-18 22:58:51.705646,CSI_DATA,344,1a:00:00:00:00:00,-38,11,0,0,0,0,0,0,0,0,0,-92,0,1,0,59063492,0,31,0,128,0,"[0,0,12,-8,12,-9,11,-8,12,-9,11,-9,10,-8,10,-9,10,-9,9,-9,9,-10,9,-10,8,-10,8,-10,8,-11,8,-11,8,-11,8,-11,8,-11,9,-11,9,-10,9,-10,9,-9,10,-9,9,-8,10,-7,10,-6,0,0,0,0,0,0,0,0,0,0,0,0,0,0,0,0,0,0,0,0,0,0,7,-7,8,-7,9,-6,9,-6,10,-6,11,-5,11,-5,11,-4,11,-4,12,-4,11,-4,11,-4,11,-4,11,-4,11,-4,11,-4,11,-5,11,-6,11,-6,11,-7,11,-7,11,-7,12,-8,12,-8,12,-8,12,-8]"
2025-08-18 22:58:51.921829,CSI_DATA,345,1a:00:00:00:00:00,-39,11,0,0,0,0,0,0,0,0,0,-92,0,1,0,59264708,0,31,0,128,0,"[0,0,-15,-5,-15,-5,-15,-4,-15,-4,-14,-4,-14,-4,-14,-3,-14,-3,-13,-2,-14,-2,-13,-1,-13,-1,-13,-1,-13,0,-14,0,-14,0,-14,0,-14,0,-14,-1,-14,-1,-14,-2,-13,-2,-13,-3,-13,-3,-12,-3,-12,-4,0,0,0,0,0,0,0,0,0,0,0,0,0,0,0,0,0,0,0,0,0,0,-11,-2,-11,-2,-12,-3,-12,-4,-12,-5,-12,-5,-12,-6,-12,-7,-12,-7,-12,-7,-12,-7,-11,-8,-11,-7,-11,-7,-11,-7,-11,-6,-12,-6,-12,-6,-13,-5,-13,-5,-14,-5,-14,-5,-14,-4,-14,-4,-15,-4,-15,-4]"
2025-08-18 22:58:52.109979,CSI_DATA,346,1a:00:00:00:00:00,-39,11,0,0,0,0,0,0,0,0,0,-92,0,1,0,59465871,0,31,0,128,0,"[0,0,-8,-13,-8,-14,-8,-13,-8,-13,-8,-13,-8,-12,-8,-12,-8,-11,-9,-10,-9,-10,-9,-10,-9,-10,-9,-10,-10,-9,-10,-9,-11,-9,-10,-10,-11,-10,-11,-10,-10,-10,-10,-10,-9,-10,-8,-11,-7,-11,-7,-10,-6,-11,0,0,0,0,0,0,0,0,0,0,0,0,0,0,0,0,0,0,0,0,0,0,-7,-9,-6,-10,-6,-11,-5,-11,-5,-12,-5,-13,-4,-13,-4,-13,-4,-13,-3,-13,-2,-13,-2,-13,-3,-13,-3,-13,-3,-13,-4,-12,-4,-12,-5,-13,-5,-13,-6,-13,-6,-13,-7,-13,-7,-13,-7,-14,-7,-13,-7,-14]"
2025-08-18 22:58:52.309723,CSI_DATA,347,1a:00:00:00:00:00,-37,11,0,0,0,0,0,0,0,0,0,-92,0,1,0,59667006,0,31,0,128,0,"[0,0,-4,-15,-4,-15,-4,-15,-4,-14,-5,-14,-5,-14,-5,-13,-5,-13,-6,-12,-6,-12,-7,-12,-7,-12,-7,-12,-8,-12,-8,-11,-8,-11,-8,-12,-8,-12,-8,-12,-7,-12,-7,-12,-6,-12,-6,-12,-5,-12,-4,-12,-3,-12,0,0,0,0,0,0,0,0,0,0,0,0,0,0,0,0,0,0,0,0,0,0,-5,-10,-4,-11,-4,-12,-3,-12,-3,-13,-2,-13,-1,-13,-1,-14,0,-14,0,-14,0,-13,0,-13,0,-13,0,-13,-1,-13,-1,-13,-1,-13,-2,-13,-2,-14,-3,-14,-3,-14,-3,-14,-4,-14,-4,-15,-4,-15,-4,-15]"
2025-08-18 22:58:52.361138,CSI_DATA,348,1a:00:00:00:00:00,-37,11,0,0,0,0,0,0,0,0,0,-92,0,1,0,59727794,0,42,0,128,0,"[0,0,5,14,4,14,5,14,5,13,5,13,5,13,5,12,6,12,6,11,6,10,7,10,7,10,8,10,8,10,8,10,8,10,8,10,8,11,8,11,7,11,7,11,6,11,5,11,5,11,4,11,4,11,0,0,0,0,0,0,0,0,0,0,0,0,0,0,0,0,0,0,0,0,0,0,5,9,4,10,4,10,3,11,3,12,2,13,2,13,1,13,1,13,1,13,0,13,0,13,0,13,1,13,1,12,1,12,1,13,2,12,3,13,3,13,3,13,4,13,4,13,5,14,5,14,5,14]"
2025-08-18 22:58:52.425511,CSI_DATA,349,1a:00:00:00:00:00,-37,11,0,0,0,0,0,0,0,0,0,-92,0,1,0,59794645,0,31,0,128,0,"[0,0,11,9,11,8,11,8,11,8,11,7,11,7,11,6,11,6,11,5,11,4,11,4,11,4,11,4,11,3,12,3,12,3,12,4,12,4,12,4,12,4,12,5,11,5,11,6,10,6,9,6,9,7,0,0,0,0,0,0,0,0,0,0,0,0,0,0,0,0,0,0,0,0,0,0,9,4,9,5,9,6,9,7,9,7,9,8,9,9,8,9,8,9,8,10,7,10,7,10,7,9,7,9,7,9,8,9,8,9,9,8,9,8,10,8,10,8,10,8,11,8,11,8,11,8,12,8]"
2025-08-18 22:58:52.639250,CSI_DATA,350,1a:00:00:00:00:00,-38,11,0,0,0,0,0,0,0,0,0,-92,0,1,0,59995828,0,31,0,128,0,"[0,0,-10,-13,-9,-13,-9,-13,-9,-12,-9,-12,-10,-11,-10,-11,-10,-10,-10,-10,-10,-9,-10,-9,-11,-9,-11,-9,-11,-8,-11,-8,-11,-8,-11,-8,-12,-9,-12,-9,-11,-9,-11,-9,-10,-10,-9,-10,-9,-10,-8,-10,-7,-10,0,0,0,0,0,0,0,0,0,0,0,0,0,0,0,0,0,0,0,0,0,0,-8,-8,-8,-9,-8,-10,-7,-11,-7,-11,-7,-12,-6,-12,-6,-13,-5,-13,-5,-13,-5,-13,-4,-13,-5,-13,-5,-13,-5,-12,-5,-12,-6,-12,-6,-12,-7,-12,-8,-12,-8,-12,-9,-12,-9,-12,-9,-13,-9,-13,-9,-12]"
2025-08-18 22:58:52.835982,CSI_DATA,351,1a:00:00:00:00:00,-38,11,0,0,0,0,0,0,0,0,0,-92,0,1,0,60198140,0,31,0,128,0,"[0,0,8,-12,7,-13,7,-12,7,-13,7,-13,7,-12,6,-12,6,-12,5,-12,4,-12,4,-12,3,-13,3,-13,3,-13,2,-13,3,-13,3,-13,3,-13,3,-13,4,-13,4,-13,4,-12,5,-12,5,-11,5,-11,6,-10,0,0,0,0,0,0,0,0,0,0,0,0,0,0,0,0,0,0,0,0,0,0,4,-10,5,-10,6,-10,7,-10,7,-10,8,-10,9,-10,9,-9,9,-9,10,-9,10,-9,10,-8,9,-8,10,-8,9,-9,8,-9,8,-9,8,-10,8,-10,8,-11,8,-11,8,-12,8,-12,8,-12,8,-13,8,-13]"
2025-08-18 22:58:53.036402,CSI_DATA,352,1a:00:00:00:00:00,-38,11,0,0,0,0,0,0,0,0,0,-92,0,1,0,60398220,0,31,0,128,0,"[0,0,6,-14,6,-14,6,-14,6,-13,5,-13,5,-13,4,-13,4,-13,3,-13,3,-13,2,-13,2,-13,2,-13,1,-13,1,-13,1,-13,1,-14,1,-14,2,-14,2,-13,2,-13,3,-13,3,-12,4,-12,4,-11,5,-11,0,0,0,0,0,0,0,0,0,0,0,0,0,0,0,0,0,0,0,0,0,0,3,-11,4,-11,5,-11,5,-11,6,-11,7,-11,7,-11,8,-11,8,-10,8,-10,9,-10,8,-10,8,-10,8,-10,8,-10,8,-10,7,-10,7,-11,7,-12,6,-12,6,-12,6,-13,6,-13,6,-13,6,-14,6,-14]"
2025-08-18 22:58:53.243970,CSI_DATA,353,1a:00:00:00:00:00,-38,11,0,0,0,0,0,0,0,0,0,-92,0,1,0,60600021,0,31,0,128,0,"[0,0,-14,-6,-14,-6,-14,-6,-14,-6,-14,-5,-14,-5,-13,-5,-13,-4,-13,-4,-13,-3,-13,-2,-13,-1,-13,-1,-13,-1,-14,-1,-14,-1,-14,-1,-14,-1,-14,-2,-14,-2,-14,-3,-13,-3,-13,-3,-12,-3,-12,-4,-11,-4,0,0,0,0,0,0,0,0,0,0,0,0,0,0,0,0,0,0,0,0,0,0,-12,-3,-11,-4,-12,-6,-11,-6,-12,-7,-12,-7,-12,-8,-11,-9,-11,-9,-11,-10,-11,-9,-10,-9,-11,-9,-11,-8,-10,-8,-11,-8,-11,-8,-12,-7,-12,-7,-12,-7,-13,-7,-13,-7,-14,-7,-14,-6,-15,-6,-14,-6]"
2025-08-18 22:58:53.453329,CSI_DATA,354,1a:00:00:00:00:00,-38,11,0,0,0,0,0,0,0,0,0,-92,0,1,0,60800557,0,31,0,128,0,"[0,0,-7,-14,-7,-14,-7,-14,-7,-13,-7,-13,-7,-13,-7,-12,-8,-12,-8,-11,-8,-11,-8,-10,-9,-10,-9,-10,-10,-10,-10,-10,-10,-10,-10,-10,-10,-10,-10,-10,-9,-10,-9,-11,-8,-11,-7,-11,-7,-11,-6,-11,-6,-11,0,0,0,0,0,0,0,0,0,0,0,0,0,0,0,0,0,0,0,0,0,0,-6,-10,-6,-10,-6,-11,-5,-12,-5,-12,-4,-13,-4,-13,-3,-13,-3,-14,-2,-14,-2,-14,-2,-13,-2,-13,-2,-13,-3,-13,-3,-13,-4,-13,-4,-13,-5,-13,-5,-13,-5,-13,-6,-13,-6,-13,-7,-14,-7,-14,-7,-14]"
2025-08-18 22:58:53.636802,CSI_DATA,355,1a:00:00:00:00:00,-38,11,0,0,0,0,0,0,0,0,0,-92,0,1,0,61001707,0,31,0,128,0,"[0,0,14,1,14,0,14,1,13,0,13,0,13,-1,13,-1,13,-1,12,-2,12,-2,12,-2,12,-3,12,-3,12,-4,12,-3,12,-4,12,-3,13,-3,13,-3,13,-3,13,-2,12,-2,12,-1,12,0,11,0,11,1,0,0,0,0,0,0,0,0,0,0,0,0,0,0,0,0,0,0,0,0,0,0,10,-2,10,-1,11,0,11,0,11,1,12,2,12,2,12,2,12,3,11,3,11,4,11,4,11,4,11,3,11,3,11,3,12,2,12,2,12,1,12,1,13,1,13,1,13,0,14,0,14,1,15,0]"
2025-08-18 22:58:53.836818,CSI_DATA,356,1a:00:00:00:00:00,-38,11,0,0,0,0,0,0,0,0,0,-92,0,1,0,61203084,0,31,0,128,0,"[0,0,2,15,2,14,2,14,2,14,3,14,3,14,3,13,3,13,4,12,5,12,5,12,6,11,6,11,6,11,6,11,6,11,6,12,6,12,6,12,6,12,5,12,4,12,4,12,3,12,3,11,2,11,0,0,0,0,0,0,0,0,0,0,0,0,0,0,0,0,0,0,0,0,0,0,2,10,2,11,1,11,1,11,0,12,0,12,-1,13,-2,13,-2,13,-3,12,-3,13,-3,12,-2,12,-2,12,-2,12,-1,12,-1,12,0,12,0,13,1,13,1,13,1,13,2,14,2,14,2,15,2,15]"
2025-08-18 22:58:53.907806,CSI_DATA,357,1a:00:00:00:00:00,-38,11,0,0,0,0,0,0,0,0,0,-92,0,1,0,61263791,0,42,0,128,0,"[0,0,-7,-14,-8,-13,-7,-13,-8,-13,-8,-13,-8,-12,-8,-12,-8,-11,-9,-11,-9,-10,-9,-10,-9,-10,-10,-9,-10,-9,-10,-9,-10,-9,-10,-10,-11,-10,-11,-10,-10,-10,-9,-10,-9,-11,-8,-11,-7,-11,-7,-11,-6,-11,0,0,0,0,0,0,0,0,0,0,0,0,0,0,0,0,0,0,0,0,0,0,-6,-9,-6,-10,-5,-11,-5,-11,-5,-12,-4,-13,-4,-13,-3,-13,-3,-13,-2,-13,-2,-13,-2,-13,-2,-13,-3,-13,-3,-13,-3,-12,-4,-12,-5,-12,-5,-13,-6,-13,-6,-13,-6,-13,-7,-13,-7,-13,-7,-13,-7,-14]"
2025-08-18 22:58:53.967559,CSI_DATA,358,1a:00:00:00:00:00,-38,11,0,0,0,0,0,0,0,0,0,-92,0,1,0,61329680,0,31,0,128,0,"[0,0,12,-9,11,-9,11,-9,11,-9,10,-9,10,-9,9,-9,9,-10,9,-10,8,-10,8,-10,7,-11,7,-11,7,-11,7,-11,7,-12,7,-12,7,-12,8,-12,8,-11,8,-11,9,-10,8,-10,8,-9,9,-8,9,-7,0,0,0,0,0,0,0,0,0,0,0,0,0,0,0,0,0,0,0,0,0,0,7,-8,8,-8,9,-7,9,-7,10,-7,11,-6,11,-6,11,-5,12,-5,12,-5,12,-5,12,-5,11,-5,11,-5,11,-5,11,-5,11,-6,10,-6,11,-7,11,-7,11,-8,11,-8,11,-9,11,-9,11,-9,11,-9]"
2025-08-18 22:58:54.164681,CSI_DATA,359,1a:00:00:00:00:00,-38,11,0,0,0,0,0,0,0,0,0,-92,0,1,0,61530772,0,31,0,128,0,"[0,0,14,3,14,3,14,3,14,2,14,2,13,2,13,1,13,1,12,0,13,0,12,-1,12,-1,12,-1,12,-2,13,-2,13,-2,13,-2,13,-1,13,-1,13,-1,13,0,12,0,12,1,12,1,11,2,11,2,0,0,0,0,0,0,0,0,0,0,0,0,0,0,0,0,0,0,0,0,0,0,10,0,11,1,11,2,11,2,11,3,12,4,12,4,12,5,11,5,11,6,11,6,11,6,11,6,11,6,11,5,11,5,11,4,11,4,12,4,13,4,13,3,13,3,13,3,14,3,14,3,14,3]"
2025-08-18 22:58:54.364541,CSI_DATA,360,1a:00:00:00:00:00,-37,11,0,0,0,0,0,0,0,0,0,-92,0,1,0,61731921,0,31,0,128,0,"[0,0,14,5,13,4,13,4,13,4,13,4,13,3,13,3,13,2,12,2,12,1,12,1,12,0,12,0,12,0,13,0,13,-1,13,0,13,0,13,0,13,1,13,1,12,2,12,2,11,3,11,3,10,3,0,0,0,0,0,0,0,0,0,0,0,0,0,0,0,0,0,0,0,0,0,0,10,2,11,2,11,3,11,4,11,5,11,5,11,6,10,6,11,7,10,7,10,7,10,7,10,7,10,7,10,6,10,6,10,6,11,5,11,5,12,5,12,5,12,5,13,4,13,4,14,5,14,4]"
2025-08-18 22:58:54.575720,CSI_DATA,361,1a:00:00:00:00:00,-37,11,0,0,0,0,0,0,0,0,0,-92,0,1,0,61933048,0,31,0,128,0,"[0,0,-4,-15,-4,-15,-4,-15,-4,-15,-4,-15,-5,-14,-5,-14,-5,-13,-6,-13,-6,-12,-6,-12,-7,-12,-7,-12,-7,-12,-7,-12,-8,-12,-8,-12,-8,-12,-7,-13,-7,-13,-6,-13,-6,-12,-5,-12,-4,-12,-4,-12,-3,-12,0,0,0,0,0,0,0,0,0,0,0,0,0,0,0,0,0,0,0,0,0,0,-4,-11,-4,-12,-3,-12,-3,-13,-2,-13,-1,-14,-1,-14,0,-14,0,-14,1,-14,1,-14,1,-13,1,-14,0,-13,0,-13,0,-13,-1,-14,-1,-13,-2,-14,-2,-14,-3,-14,-3,-15,-3,-15,-4,-15,-4,-15,-4,-15]"
2025-08-18 22:58:54.770917,CSI_DATA,362,1a:00:00:00:00:00,-38,11,0,0,0,0,0,0,0,0,0,-92,0,1,0,62134206,0,31,0,128,0,"[0,0,15,-1,14,-1,14,-1,14,-1,14,-1,13,-1,13,-2,12,-3,12,-3,12,-4,12,-4,12,-5,11,-5,11,-5,12,-5,12,-5,12,-5,12,-5,13,-5,12,-4,12,-4,12,-3,12,-3,11,-2,11,-1,11,-1,0,0,0,0,0,0,0,0,0,0,0,0,0,0,0,0,0,0,0,0,0,0,10,-2,11,-2,11,-1,11,0,12,0,12,1,13,2,12,2,12,2,12,3,12,3,12,3,12,3,12,3,12,2,12,2,12,2,13,1,13,1,13,0,13,0,14,0,14,0,14,-1,15,-1,15,-1]"
2025-08-18 22:58:54.968983,CSI_DATA,363,1a:00:00:00:00:00,-38,11,0,0,0,0,0,0,0,0,0,-92,0,1,0,62335573,0,31,0,128,0,"[0,0,14,4,13,3,14,3,13,3,13,3,13,3,13,2,12,1,12,1,12,0,12,0,12,-1,12,-1,12,-1,12,-1,13,-2,12,-1,13,-1,13,-1,13,0,12,0,12,1,11,1,11,1,11,2,11,2,0,0,0,0,0,0,0,0,0,0,0,0,0,0,0,0,0,0,0,0,0,0,10,1,11,2,11,3,11,4,11,4,11,5,11,6,11,6,11,6,10,6,10,7,10,7,10,7,10,6,10,6,10,6,11,5,11,4,12,5,12,4,12,4,13,4,13,4,13,4,14,4,14,3]"
2025-08-18 22:58:55.167937,CSI_DATA,364,1a:00:00:00:00:00,-38,11,0,0,0,0,0,0,0,0,0,-92,0,1,0,62536663,0,31,0,128,0,"[0,0,11,9,11,9,11,9,11,9,10,8,10,8,10,7,10,7,11,6,11,6,11,6,11,5,11,5,11,4,12,4,11,4,12,5,12,5,12,5,11,5,11,6,10,6,10,7,9,7,8,7,8,7,0,0,0,0,0,0,0,0,0,0,0,0,0,0,0,0,0,0,0,0,0,0,9,5,9,6,9,7,9,7,9,8,8,9,8,10,8,10,7,10,7,11,7,11,6,10,6,10,7,10,7,10,7,10,7,9,8,9,9,9,9,9,9,9,10,9,10,9,11,9,11,9,11,9]"
2025-08-18 22:58:55.374556,CSI_DATA,365,1a:00:00:00:00:00,-38,11,0,0,0,0,0,0,0,0,0,-92,0,1,0,62737823,0,31,0,128,0,"[0,0,-13,9,-12,9,-12,9,-11,9,-11,9,-11,9,-10,8,-10,9,-9,9,-8,9,-8,10,-8,10,-7,10,-8,11,-7,11,-8,11,-8,11,-8,11,-9,10,-9,10,-9,9,-9,9,-9,9,-9,8,-9,7,-9,7,0,0,0,0,0,0,0,0,0,0,0,0,0,0,0,0,0,0,0,0,0,0,-8,8,-9,8,-9,7,-10,7,-11,7,-12,6,-12,5,-12,5,-13,5,-13,5,-13,5,-13,5,-12,5,-12,5,-12,5,-12,5,-12,6,-11,6,-12,7,-12,7,-12,7,-12,8,-12,8,-11,9,-12,10,-12,9]"
2025-08-18 22:58:55.437574,CSI_DATA,366,1a:00:00:00:00:00,-38,11,0,0,0,0,0,0,0,0,0,-92,0,1,0,62798555,0,42,0,128,0,"[0,0,-15,4,-15,3,-15,3,-14,3,-14,4,-14,4,-13,4,-13,5,-12,5,-12,5,-12,6,-11,6,-11,7,-11,7,-11,7,-11,7,-11,7,-12,7,-12,7,-12,6,-12,6,-12,6,-12,5,-11,5,-11,4,-11,3,0,0,0,0,0,0,0,0,0,0,0,0,0,0,0,0,0,0,0,0,0,0,-11,3,-12,3,-12,2,-13,1,-13,1,-14,0,-14,-1,-14,-1,-14,-1,-14,-2,-14,-2,-14,-1,-13,-1,-13,-1,-13,-1,-13,-1,-13,0,-13,1,-14,1,-14,1,-14,2,-14,2,-14,3,-15,3,-15,4,-15,3]"
2025-08-18 22:58:55.498058,CSI_DATA,367,1a:00:00:00:00:00,-38,11,0,0,0,0,0,0,0,0,0,-92,0,1,0,62866127,0,31,0,128,0,"[0,0,7,13,7,12,7,12,7,12,7,11,7,11,7,10,8,10,8,9,8,9,9,8,9,8,9,8,9,8,10,8,10,8,9,8,10,8,10,8,9,9,9,9,8,9,8,9,7,9,6,9,6,9,0,0,0,0,0,0,0,0,0,0,0,0,0,0,0,0,0,0,0,0,0,0,6,8,6,9,5,10,5,10,5,11,4,12,4,12,4,12,3,12,3,12,2,12,2,12,2,12,3,12,3,12,3,11,4,11,4,11,5,12,5,12,6,12,6,12,7,12,7,12,7,13,7,12]"
2025-08-18 22:58:55.704117,CSI_DATA,368,1a:00:00:00:00:00,-38,11,0,0,0,0,0,0,0,0,0,-92,0,1,0,63067192,0,31,0,128,0,"[0,0,-3,15,-3,14,-3,14,-2,14,-2,14,-2,13,-1,13,0,13,0,13,0,12,1,12,1,12,1,12,2,12,2,12,2,12,2,13,2,13,2,13,1,13,0,13,0,12,-1,12,-1,12,-2,11,-2,11,0,0,0,0,0,0,0,0,0,0,0,0,0,0,0,0,0,0,0,0,0,0,0,11,-1,11,-2,12,-2,12,-3,12,-4,12,-4,12,-5,12,-5,12,-6,12,-6,12,-6,12,-6,12,-6,11,-5,11,-5,11,-4,12,-4,12,-4,12,-3,13,-3,13,-3,14,-3,14,-2,14,-3,15,-2,15]"
2025-08-18 22:58:55.908642,CSI_DATA,369,1a:00:00:00:00:00,-38,11,0,0,0,0,0,0,0,0,0,-92,0,1,0,63269934,0,31,0,128,0,"[0,0,5,-14,4,-15,4,-14,4,-14,4,-14,3,-14,3,-13,2,-14,2,-13,1,-13,1,-13,0,-13,0,-13,0,-13,-1,-13,-1,-13,-1,-14,0,-13,0,-14,0,-14,1,-13,1,-13,2,-13,2,-12,3,-11,3,-11,0,0,0,0,0,0,0,0,0,0,0,0,0,0,0,0,0,0,0,0,0,0,2,-12,3,-12,4,-12,5,-12,5,-12,6,-12,7,-12,7,-12,7,-11,8,-11,8,-11,8,-10,8,-11,7,-10,7,-11,7,-11,6,-11,6,-12,6,-12,5,-13,5,-13,5,-13,5,-14,5,-14,5,-14,5,-14]"
2025-08-18 22:58:56.102806,CSI_DATA,370,1a:00:00:00:00:00,-38,11,0,0,0,0,0,0,0,0,0,-92,0,1,0,63469806,0,31,0,128,0,"[0,0,10,11,10,10,10,10,10,10,10,9,10,9,10,8,10,8,10,7,10,7,10,6,10,6,11,6,11,6,11,5,11,5,11,6,11,6,11,6,11,6,10,6,10,7,9,7,9,8,8,8,7,8,0,0,0,0,0,0,0,0,0,0,0,0,0,0,0,0,0,0,0,0,0,0,9,6,9,7,9,7,9,8,9,9,8,10,8,10,8,11,7,11,7,11,6,11,6,11,6,11,6,11,6,11,6,10,7,10,8,10,8,10,9,10,9,10,9,10,10,10,10,10,10,10,11,10]"
2025-08-18 22:58:56.309179,CSI_DATA,371,1a:00:00:00:00:00,-38,11,0,0,0,0,0,0,0,0,0,-92,0,1,0,63670899,0,31,0,128,0,"[0,0,8,-13,8,-13,8,-13,7,-12,7,-13,7,-12,6,-12,5,-12,5,-12,4,-12,4,-12,3,-13,3,-13,3,-13,3,-13,3,-13,3,-13,3,-13,4,-13,4,-13,4,-12,5,-12,5,-11,5,-11,5,-11,6,-10,0,0,0,0,0,0,0,0,0,0,0,0,0,0,0,0,0,0,0,0,0,0,4,-11,5,-11,6,-11,7,-11,7,-11,8,-11,9,-10,9,-10,10,-10,10,-9,10,-9,10,-9,10,-9,9,-9,9,-9,9,-9,9,-10,8,-10,8,-11,8,-11,8,-11,8,-12,8,-12,8,-13,8,-13,8,-13]"
2025-08-18 22:58:56.514594,CSI_DATA,372,1a:00:00:00:00:00,-37,11,0,0,0,0,0,0,0,0,0,-92,0,1,0,63872352,0,31,0,128,0,"[0,0,3,14,3,13,3,13,4,13,4,13,4,12,4,12,5,11,5,11,5,11,6,10,6,10,6,10,6,9,7,10,7,9,7,10,7,10,7,10,6,10,6,10,5,10,5,10,4,11,3,10,3,10,0,0,0,0,0,0,0,0,0,0,0,0,0,0,0,0,0,0,0,0,0,0,4,10,3,10,2,11,2,11,1,12,1,12,0,13,0,13,-1,13,-1,13,-2,12,-2,12,-2,12,-1,12,-1,12,0,12,0,12,1,12,1,12,2,13,2,13,3,13,3,13,3,14,3,14,3,14]"
2025-08-18 22:58:56.710884,CSI_DATA,373,1a:00:00:00:00:00,-38,11,0,0,0,0,0,0,0,0,0,-92,0,1,0,64073202,0,31,0,128,0,"[0,0,-9,12,-8,12,-8,12,-8,12,-7,12,-7,12,-7,11,-6,12,-6,11,-5,11,-5,12,-4,12,-4,12,-3,12,-3,12,-3,12,-3,12,-4,12,-4,13,-4,12,-5,12,-5,11,-5,11,-6,10,-6,9,-7,9,0,0,0,0,0,0,0,0,0,0,0,0,0,0,0,0,0,0,0,0,0,0,-5,10,-6,10,-6,10,-7,10,-8,10,-9,10,-9,9,-10,9,-10,9,-10,8,-10,8,-11,8,-10,8,-10,9,-10,9,-9,8,-9,9,-9,9,-9,10,-8,11,-8,11,-8,11,-8,12,-8,12,-8,12,-8,13]"
2025-08-18 22:58:56.908047,CSI_DATA,374,1a:00:00:00:00:00,-38,11,0,0,0,0,0,0,0,0,0,-92,0,1,0,64274834,0,31,0,128,0,"[0,0,14,5,13,5,13,5,13,4,13,4,12,4,12,3,12,3,12,2,12,1,12,1,12,0,12,0,12,0,12,0,12,0,12,0,13,0,13,1,12,1,12,1,12,2,11,2,11,2,10,3,10,3,0,0,0,0,0,0,0,0,0,0,0,0,0,0,0,0,0,0,0,0,0,0,10,2,10,3,10,4,11,4,11,5,11,6,11,7,10,7,10,7,10,8,10,8,9,8,10,7,9,7,10,7,10,7,10,6,10,6,11,6,11,6,12,5,12,5,13,5,13,5,13,5,14,5]"
2025-08-18 22:58:56.973237,CSI_DATA,375,1a:00:00:00:00:00,-38,11,0,0,0,0,0,0,0,0,0,-92,0,1,0,64335568,0,42,0,128,0,"[0,0,12,-9,12,-9,11,-9,11,-9,10,-9,10,-9,10,-9,9,-10,9,-10,8,-10,8,-10,7,-10,7,-11,7,-11,7,-11,7,-11,7,-11,7,-11,7,-11,7,-11,8,-10,8,-10,8,-9,8,-8,8,-8,8,-7,0,0,0,0,0,0,0,0,0,0,0,0,0,0,0,0,0,0,0,0,0,0,8,-8,8,-8,9,-7,10,-7,11,-7,11,-6,11,-6,12,-6,12,-5,12,-5,12,-4,12,-4,12,-4,12,-5,11,-5,11,-5,11,-5,11,-6,11,-7,11,-7,11,-8,11,-8,11,-8,11,-9,12,-9,12,-9]"
2025-08-18 22:58:57.035014,CSI_DATA,376,1a:00:00:00:00:00,-38,11,0,0,0,0,0,0,0,0,0,-92,0,1,0,64401655,0,31,0,128,0,"[0,0,4,14,4,14,3,13,4,13,4,12,4,13,4,12,5,12,5,11,6,11,6,10,6,10,6,10,6,10,7,10,7,10,7,11,7,10,7,11,6,11,5,11,5,11,5,11,4,11,3,10,2,10,0,0,0,0,0,0,0,0,0,0,0,0,0,0,0,0,0,0,0,0,0,0,5,9,4,10,4,11,3,11,3,12,2,12,1,13,1,13,0,13,0,13,0,13,0,12,0,12,0,12,0,12,0,12,1,12,2,12,2,12,2,13,3,13,3,13,4,14,4,14,4,14,4,13]"
2025-08-18 22:58:57.245862,CSI_DATA,377,1a:00:00:00:00:00,-38,11,0,0,0,0,0,0,0,0,0,-92,0,1,0,64602710,0,31,0,128,0,"[0,0,-5,-15,-5,-15,-5,-14,-5,-14,-5,-14,-5,-13,-6,-13,-6,-12,-6,-12,-7,-12,-7,-11,-8,-11,-8,-11,-8,-11,-8,-10,-9,-11,-9,-11,-9,-11,-8,-11,-8,-11,-7,-11,-7,-12,-6,-11,-6,-11,-5,-11,-4,-11,0,0,0,0,0,0,0,0,0,0,0,0,0,0,0,0,0,0,0,0,0,0,-5,-11,-5,-11,-4,-12,-4,-13,-3,-13,-2,-14,-2,-14,-1,-14,-1,-14,-1,-14,0,-14,0,-14,-1,-13,-1,-13,-1,-13,-1,-13,-2,-13,-2,-13,-3,-14,-3,-14,-4,-14,-4,-14,-5,-14,-5,-15,-5,-15,-5,-15]"
2025-08-18 22:58:57.440986,CSI_DATA,378,1a:00:00:00:00:00,-38,11,0,0,0,0,0,0,0,0,0,-92,0,1,0,64803845,0,31,0,128,0,"[0,0,13,-6,12,-7,12,-7,12,-7,12,-7,11,-7,11,-7,10,-8,10,-8,10,-8,10,-8,9,-9,9,-9,9,-9,8,-9,9,-10,9,-9,9,-10,9,-9,10,-9,10,-8,10,-8,10,-7,10,-7,10,-6,10,-5,0,0,0,0,0,0,0,0,0,0,0,0,0,0,0,0,0,0,0,0,0,0,8,-7,10,-6,10,-6,11,-6,11,-5,12,-5,12,-4,12,-4,12,-3,12,-2,13,-2,12,-2,12,-2,12,-3,12,-3,11,-3,12,-4,11,-4,12,-5,12,-5,12,-5,12,-6,12,-6,13,-6,13,-6,13,-7]"
2025-08-18 22:58:57.648114,CSI_DATA,379,1a:00:00:00:00:00,-38,11,0,0,0,0,0,0,0,0,0,-92,0,1,0,65005019,0,31,0,128,0,"[0,0,-8,-13,-8,-13,-8,-13,-8,-12,-8,-12,-9,-12,-9,-11,-8,-10,-9,-10,-9,-10,-9,-9,-9,-9,-10,-9,-10,-8,-11,-8,-11,-8,-11,-9,-11,-8,-11,-9,-10,-9,-10,-9,-9,-9,-9,-10,-8,-10,-7,-10,-7,-10,0,0,0,0,0,0,0,0,0,0,0,0,0,0,0,0,0,0,0,0,0,0,-7,-9,-7,-10,-6,-11,-6,-11,-6,-12,-5,-12,-5,-13,-5,-13,-4,-13,-3,-13,-3,-13,-3,-13,-3,-13,-3,-13,-4,-12,-4,-13,-4,-12,-5,-12,-6,-12,-6,-12,-7,-12,-7,-13,-7,-13,-7,-13,-7,-13,-8,-13]"
2025-08-18 22:58:57.839937,CSI_DATA,380,1a:00:00:00:00:00,-38,11,0,0,0,0,0,0,0,0,0,-92,0,1,0,65206241,0,31,0,128,0,"[0,0,2,15,3,14,2,14,3,14,3,14,3,13,3,13,4,12,4,12,4,11,5,11,5,11,5,11,6,11,6,11,6,11,6,11,6,11,6,12,5,12,4,12,4,12,3,12,2,11,2,11,1,11,0,0,0,0,0,0,0,0,0,0,0,0,0,0,0,0,0,0,0,0,0,0,4,10,3,11,3,11,2,12,2,12,1,13,0,13,0,13,-1,13,-1,13,-2,13,-1,13,-1,13,-1,13,-1,12,-1,12,0,12,0,12,1,13,1,13,1,13,2,14,2,14,3,14,3,14,3,15]"
2025-08-18 22:58:58.047149,CSI_DATA,381,1a:00:00:00:00:00,-38,11,0,0,0,0,0,0,0,0,0,-92,0,1,0,65408311,0,31,0,128,0,"[0,0,3,-15,3,-15,3,-15,3,-14,2,-15,2,-14,2,-14,1,-14,0,-13,0,-13,-1,-13,-2,-13,-2,-13,-2,-13,-2,-13,-2,-13,-2,-14,-2,-14,-1,-14,-1,-14,-1,-14,0,-13,0,-13,1,-13,1,-12,2,-12,0,0,0,0,0,0,0,0,0,0,0,0,0,0,0,0,0,0,0,0,0,0,1,-12,2,-12,3,-12,4,-12,4,-13,5,-13,6,-12,6,-12,7,-12,7,-12,7,-12,7,-11,7,-12,6,-12,6,-12,5,-12,5,-12,5,-12,4,-13,4,-13,4,-14,4,-14,3,-14,3,-15,3,-15,3,-15]"
2025-08-18 22:58:58.247097,CSI_DATA,382,1a:00:00:00:00:00,-38,11,0,0,0,0,0,0,0,0,0,-92,0,1,0,65608784,0,31,0,128,0,"[0,0,-11,10,-11,10,-11,10,-10,10,-10,10,-9,10,-9,10,-8,10,-8,10,-7,10,-7,10,-7,10,-6,11,-6,11,-6,11,-6,11,-6,11,-7,11,-7,11,-7,11,-7,11,-7,10,-8,9,-8,9,-8,8,-8,7,0,0,0,0,0,0,0,0,0,0,0,0,0,0,0,0,0,0,0,0,0,0,-7,9,-8,9,-9,8,-10,8,-10,8,-11,8,-11,7,-12,7,-12,6,-12,6,-12,6,-12,5,-12,6,-11,6,-11,6,-11,6,-11,7,-11,7,-11,8,-11,8,-11,9,-10,9,-11,10,-11,10,-11,10,-11,10]"
2025-08-18 22:58:58.446492,CSI_DATA,383,1a:00:00:00:00:00,-38,11,0,0,0,0,0,0,0,0,0,-92,0,1,0,65809850,0,31,0,128,0,"[0,0,14,-3,14,-4,14,-3,14,-4,13,-4,12,-4,12,-4,12,-5,11,-5,11,-6,11,-6,10,-6,10,-7,10,-7,11,-7,11,-7,11,-7,11,-7,11,-7,11,-7,11,-6,11,-6,11,-5,11,-4,11,-4,11,-3,0,0,0,0,0,0,0,0,0,0,0,0,0,0,0,0,0,0,0,0,0,0,10,-4,11,-3,11,-2,12,-2,12,-1,12,-1,13,0,13,0,13,1,13,1,13,1,12,2,12,1,12,1,12,0,12,0,12,0,12,-1,12,-1,13,-2,13,-2,13,-2,14,-3,14,-3,14,-3,14,-3]"
2025-08-18 22:58:58.504357,CSI_DATA,384,1a:00:00:00:00:00,-37,11,0,0,0,0,0,0,0,0,0,-92,0,1,0,65870616,0,42,0,128,0,"[0,0,3,14,3,14,3,14,3,13,3,13,4,13,4,12,4,12,4,11,5,11,5,11,6,11,6,11,6,10,7,10,6,10,7,11,6,11,6,11,6,11,5,11,5,11,4,11,3,11,2,11,2,10,0,0,0,0,0,0,0,0,0,0,0,0,0,0,0,0,0,0,0,0,0,0,4,10,3,10,3,11,2,12,2,12,1,12,1,13,0,13,0,13,-1,13,-1,13,-2,13,-1,13,-1,12,-1,12,0,12,0,12,1,12,1,13,2,13,2,13,2,13,3,14,3,14,3,14,3,14]"
2025-08-18 22:58:58.714313,CSI_DATA,385,1a:00:00:00:00:00,-38,11,0,0,0,0,0,0,0,0,0,-92,0,1,0,65937233,0,31,0,128,0,"[0,0,-13,7,-13,7,-13,7,-12,7,-12,8,-12,7,-11,7,-11,8,-11,8,-10,8,-9,9,-9,9,-9,9,-9,9,-9,10,-9,10,-9,10,-9,10,-10,9,-10,9,-10,9,-10,8,-10,7,-10,7,-10,6,-10,5,0,0,0,0,0,0,0,0,0,0,0,0,0,0,0,0,0,0,0,0,0,0,-9,7,-10,7,-10,6,-11,6,-11,6,-12,5,-13,5,-13,4,-13,3,-13,3,-13,3,-13,3,-13,3,-13,4,-13,3,-12,4,-12,4,-12,5,-12,5,-12,6,-12,6,-13,6,-13,7,-13,8,-13,8,-13,8]"
2025-08-18 22:58:58.775340,CSI_DATA,386,1a:00:00:00:00:00,-38,11,0,0,0,0,0,0,0,0,0,-92,0,1,0,66138288,0,31,0,128,0,"[0,0,-9,12,-9,12,-8,11,-8,12,-7,11,-7,11,-7,11,-6,11,-6,11,-5,11,-5,11,-4,11,-4,12,-4,12,-4,12,-4,12,-4,12,-4,12,-5,12,-5,12,-5,11,-6,11,-6,11,-6,10,-7,9,-7,9,0,0,0,0,0,0,0,0,0,0,0,0,0,0,0,0,0,0,0,0,0,0,-5,10,-6,10,-7,10,-7,10,-8,10,-8,10,-9,9,-10,9,-10,9,-10,9,-10,8,-10,8,-10,8,-10,8,-9,8,-10,8,-9,8,-9,9,-9,9,-9,10,-8,11,-8,11,-8,12,-8,12,-8,12,-8,12]"
2025-08-18 22:58:58.977834,CSI_DATA,387,1a:00:00:00:00:00,-39,11,0,0,0,0,0,0,0,0,0,-92,0,1,0,66339518,0,31,0,128,0,"[0,0,10,-11,10,-12,9,-11,9,-11,9,-11,8,-11,8,-11,7,-11,7,-11,6,-12,6,-11,5,-12,5,-12,5,-12,5,-12,5,-12,5,-13,5,-12,6,-13,6,-12,6,-12,6,-11,7,-11,7,-10,7,-9,7,-9,0,0,0,0,0,0,0,0,0,0,0,0,0,0,0,0,0,0,0,0,0,0,6,-10,6,-10,7,-10,8,-9,9,-9,9,-9,10,-9,11,-8,11,-8,11,-7,11,-7,11,-7,11,-7,10,-7,10,-7,10,-8,10,-8,10,-9,10,-9,9,-10,9,-10,10,-11,10,-11,10,-11,10,-11,10,-11]"
2025-08-18 22:58:59.184520,CSI_DATA,388,1a:00:00:00:00:00,-39,11,0,0,0,0,0,0,0,0,0,-92,0,1,0,66540673,0,31,0,128,0,"[0,0,-6,-14,-6,-14,-6,-14,-6,-13,-7,-14,-7,-13,-7,-12,-7,-12,-8,-11,-8,-11,-8,-11,-8,-11,-9,-11,-9,-10,-9,-10,-9,-10,-9,-10,-9,-11,-10,-11,-9,-11,-9,-11,-8,-11,-7,-11,-6,-11,-6,-11,-5,-11,0,0,0,0,0,0,0,0,0,0,0,0,0,0,0,0,0,0,0,0,0,0,-6,-10,-5,-11,-5,-11,-4,-12,-4,-12,-3,-13,-3,-13,-3,-13,-2,-13,-2,-13,-1,-13,-1,-13,-1,-13,-2,-13,-2,-13,-3,-13,-3,-13,-3,-13,-4,-13,-5,-13,-5,-13,-5,-14,-6,-13,-6,-14,-6,-14,-6,-14]"
2025-08-18 22:58:59.384684,CSI_DATA,389,1a:00:00:00:00:00,-39,11,0,0,0,0,0,0,0,0,0,-92,0,1,0,66741987,0,31,0,128,0,"[0,0,-15,-4,-15,-4,-14,-4,-15,-4,-14,-3,-14,-3,-14,-2,-14,-2,-13,-1,-14,-1,-13,-1,-13,0,-13,0,-13,1,-14,1,-13,1,-14,1,-14,1,-14,1,-14,0,-14,0,-14,-1,-13,-2,-13,-2,-12,-3,-12,-3,0,0,0,0,0,0,0,0,0,0,0,0,0,0,0,0,0,0,0,0,0,0,-11,-2,-11,-2,-12,-3,-12,-4,-12,-5,-12,-5,-12,-6,-12,-6,-12,-7,-12,-7,-11,-7,-11,-8,-11,-7,-11,-7,-11,-6,-12,-6,-12,-6,-13,-5,-13,-5,-13,-5,-13,-5,-14,-4,-15,-4,-15,-4,-15,-4,-15,-4]"
2025-08-18 22:58:59.580841,CSI_DATA,390,1a:00:00:00:00:00,-39,11,0,0,0,0,0,0,0,0,0,-92,0,1,0,66943418,0,31,0,128,0,"[0,0,9,-12,9,-12,8,-12,8,-12,8,-12,7,-12,7,-12,6,-12,6,-12,6,-12,5,-12,5,-12,4,-13,4,-13,4,-13,4,-13,4,-13,4,-13,5,-14,5,-13,6,-12,6,-12,6,-12,7,-11,7,-10,7,-10,0,0,0,0,0,0,0,0,0,0,0,0,0,0,0,0,0,0,0,0,0,0,5,-10,6,-10,6,-10,7,-9,8,-9,8,-9,9,-9,9,-9,10,-8,10,-8,10,-8,10,-7,10,-7,10,-8,9,-8,9,-8,9,-9,8,-9,8,-10,8,-10,8,-11,8,-11,9,-11,8,-12,9,-12,9,-12]"
2025-08-18 22:58:59.775999,CSI_DATA,391,1a:00:00:00:00:00,-39,11,0,0,0,0,0,0,0,0,0,-92,0,1,0,67144290,0,31,0,128,0,"[0,0,11,9,11,9,11,8,11,8,11,8,10,8,10,7,11,6,11,6,11,5,11,5,11,4,11,4,12,4,12,4,12,4,12,4,13,4,12,5,12,5,12,5,11,6,10,6,10,6,9,6,9,7,0,0,0,0,0,0,0,0,0,0,0,0,0,0,0,0,0,0,0,0,0,0,9,5,9,6,8,6,8,7,8,8,8,9,8,9,7,10,7,10,7,10,6,10,6,10,7,10,7,10,7,9,7,9,8,9,8,9,8,9,9,9,9,8,10,8,10,8,11,9,11,9,11,9]"
2025-08-18 22:58:59.981791,CSI_DATA,392,1a:00:00:00:00:00,-39,11,0,0,0,0,0,0,0,0,0,-92,0,1,0,67345553,0,31,0,128,0,"[0,0,14,-1,14,-1,14,-1,14,-1,14,-2,13,-2,13,-2,13,-3,12,-3,12,-4,12,-4,12,-4,11,-5,12,-5,12,-5,12,-5,12,-5,12,-5,13,-5,13,-4,13,-4,12,-3,12,-3,12,-2,12,-1,12,-1,0,0,0,0,0,0,0,0,0,0,0,0,0,0,0,0,0,0,0,0,0,0,10,-2,10,-1,11,-1,11,0,12,0,12,1,12,2,12,2,12,2,12,3,12,3,11,3,11,3,11,2,11,2,11,2,12,2,12,1,12,0,13,0,13,0,13,-1,14,-1,14,-1,14,-1,14,-1]"
2025-08-18 22:59:00.038349,CSI_DATA,393,1a:00:00:00:00:00,-39,11,0,0,0,0,0,0,0,0,0,-92,0,1,0,67406322,0,42,0,128,0,"[0,0,11,10,10,9,11,9,10,9,11,9,10,8,10,8,11,7,10,7,11,6,11,6,11,5,11,5,12,5,12,5,12,5,12,5,13,5,12,6,12,6,11,7,11,7,10,7,10,7,9,7,8,8,0,0,0,0,0,0,0,0,0,0,0,0,0,0,0,0,0,0,0,0,0,0,9,5,9,6,8,7,8,8,8,8,8,9,7,10,7,10,7,10,6,10,7,10,6,10,7,10,7,10,7,10,7,9,7,10,8,9,9,9,9,9,9,9,10,9,10,9,11,9,11,9,11,9]"
2025-08-18 22:59:00.127670,CSI_DATA,394,1a:00:00:00:00:00,-39,11,0,0,0,0,0,0,0,0,0,-92,0,1,0,67476017,0,31,0,128,0,"[0,0,-9,-13,-9,-13,-9,-12,-9,-12,-9,-12,-9,-12,-9,-11,-9,-10,-9,-10,-10,-9,-10,-9,-11,-8,-11,-8,-11,-8,-11,-8,-11,-8,-12,-9,-11,-9,-11,-9,-11,-9,-10,-10,-10,-10,-9,-10,-9,-10,-8,-10,-7,-10,0,0,0,0,0,0,0,0,0,0,0,0,0,0,0,0,0,0,0,0,0,0,-7,-8,-7,-9,-7,-10,-6,-11,-6,-11,-6,-12,-5,-12,-5,-13,-4,-13,-4,-13,-4,-13,-4,-13,-4,-12,-4,-12,-4,-12,-5,-12,-5,-12,-6,-12,-6,-12,-7,-12,-7,-12,-7,-12,-8,-12,-9,-12,-9,-13,-9,-13]"
2025-08-18 22:59:00.313872,CSI_DATA,395,1a:00:00:00:00:00,-39,11,0,0,0,0,0,0,0,0,0,-92,0,1,0,67677101,0,31,0,128,0,"[0,0,8,-12,7,-13,7,-13,7,-12,6,-12,6,-12,6,-12,5,-12,5,-12,4,-12,3,-12,3,-12,3,-12,2,-13,3,-13,3,-13,2,-13,3,-13,4,-13,4,-13,4,-12,5,-12,5,-12,5,-11,5,-11,6,-10,0,0,0,0,0,0,0,0,0,0,0,0,0,0,0,0,0,0,0,0,0,0,4,-10,5,-10,5,-10,6,-10,7,-10,8,-10,8,-9,9,-9,9,-9,9,-9,9,-9,9,-9,9,-9,8,-9,9,-9,8,-9,8,-9,7,-10,7,-10,8,-10,7,-11,8,-11,7,-12,7,-13,7,-12,7,-13]"
2025-08-18 22:59:00.512901,CSI_DATA,396,1a:00:00:00:00:00,-39,11,0,0,0,0,0,0,0,0,0,-92,0,1,0,67878550,0,31,0,128,0,"[0,0,1,15,1,14,1,14,2,14,2,14,2,13,2,13,3,12,3,12,4,12,4,11,5,11,5,11,5,11,5,11,5,11,5,11,5,11,5,12,5,12,4,12,4,12,3,12,3,11,2,11,1,11,0,0,0,0,0,0,0,0,0,0,0,0,0,0,0,0,0,0,0,0,0,0,3,10,2,11,1,11,0,12,0,12,-1,12,-1,13,-2,13,-2,13,-3,13,-3,13,-3,12,-2,12,-2,12,-2,12,-2,12,-1,12,-1,12,0,13,0,13,0,13,1,13,1,14,1,14,1,15,1,14]"
2025-08-18 22:59:00.719139,CSI_DATA,397,1a:00:00:00:00:00,-38,11,0,0,0,0,0,0,0,0,0,-92,0,1,0,68079540,0,31,0,128,0,"[0,0,2,-15,2,-15,2,-15,2,-15,1,-15,1,-14,1,-14,0,-14,0,-13,-1,-13,-1,-13,-2,-13,-2,-13,-3,-13,-3,-13,-3,-13,-3,-13,-3,-14,-2,-14,-2,-14,-1,-13,-1,-13,0,-13,0,-13,1,-12,1,-12,0,0,0,0,0,0,0,0,0,0,0,0,0,0,0,0,0,0,0,0,0,0,0,-12,1,-12,2,-12,3,-13,3,-13,4,-13,5,-13,5,-13,6,-13,6,-12,6,-12,6,-12,6,-12,5,-12,5,-12,5,-12,4,-12,4,-13,4,-13,3,-14,3,-14,3,-14,2,-15,2,-15,2,-15,2,-15]"
2025-08-18 22:59:01.115811,CSI_DATA,398,1a:00:00:00:00:00,-38,11,0,0,0,0,0,0,0,0,0,-92,0,1,0,68280797,0,31,0,128,0,"[0,0,9,-13,8,-13,8,-13,8,-13,7,-13,7,-12,6,-12,6,-12,6,-12,5,-12,5,-13,4,-13,4,-13,4,-13,4,-13,3,-13,3,-13,4,-13,4,-14,5,-13,5,-13,5,-12,6,-12,6,-11,6,-10,6,-10,0,0,0,0,0,0,0,0,0,0,0,0,0,0,0,0,0,0,0,0,0,0,4,-10,5,-10,6,-10,7,-10,7,-10,8,-10,9,-10,9,-9,10,-9,10,-9,10,-8,10,-8,10,-8,9,-8,9,-9,9,-9,8,-9,8,-10,8,-10,8,-11,8,-11,8,-12,8,-12,8,-13,8,-13,8,-13]"
2025-08-18 22:59:01.121076,CSI_DATA,399,1a:00:00:00:00:00,-38,11,0,0,0,0,0,0,0,0,0,-92,0,1,0,68481924,0,31,0,128,0,"[0,0,12,8,12,8,11,8,12,7,12,7,11,7,11,7,11,6,11,5,12,4,12,4,12,4,12,3,12,3,13,3,12,3,13,3,13,4,12,4,12,5,12,5,11,5,11,6,10,6,10,6,9,6,0,0,0,0,0,0,0,0,0,0,0,0,0,0,0,0,0,0,0,0,0,0,9,4,9,5,9,6,8,7,9,7,8,8,8,9,8,9,8,9,7,10,7,9,7,9,7,9,7,9,8,9,8,9,8,8,9,8,9,8,10,8,10,8,10,8,11,8,11,8,12,8,12,8]"
2025-08-18 22:59:01.330976,CSI_DATA,400,1a:00:00:00:00:00,-37,11,0,0,0,0,0,0,0,0,0,-92,0,1,0,68683078,0,31,0,128,0,"[0,0,15,2,14,2,14,2,14,2,14,1,14,1,14,0,13,0,13,-1,13,-1,13,-1,13,-2,13,-2,13,-2,13,-3,13,-3,13,-2,14,-2,14,-2,14,-1,14,-1,13,0,13,1,12,1,12,2,11,2,0,0,0,0,0,0,0,0,0,0,0,0,0,0,0,0,0,0,0,0,0,0,10,-1,11,0,11,1,11,2,11,2,12,3,12,4,12,4,12,5,11,5,11,5,11,6,11,5,11,4,11,4,11,4,11,4,12,3,12,3,13,2,13,2,13,2,14,2,14,2,14,2,15,2]"
2025-08-18 22:59:01.541008,CSI_DATA,401,1a:00:00:00:00:00,-37,11,0,0,0,0,0,0,0,0,0,-92,0,1,0,68884217,0,31,0,128,0,"[0,0,-13,-9,-13,-8,-13,-9,-12,-8,-13,-8,-12,-8,-12,-7,-12,-6,-12,-6,-12,-5,-12,-5,-12,-5,-12,-5,-13,-4,-13,-4,-13,-4,-13,-4,-14,-5,-14,-5,-13,-5,-13,-6,-12,-6,-11,-6,-11,-7,-10,-7,-9,-7,0,0,0,0,0,0,0,0,0,0,0,0,0,0,0,0,0,0,0,0,0,0,-10,-5,-10,-6,-10,-7,-10,-8,-10,-8,-10,-9,-10,-10,-9,-10,-9,-10,-8,-11,-8,-11,-8,-11,-8,-11,-8,-10,-9,-10,-9,-10,-9,-10,-10,-9,-10,-9,-11,-9,-11,-9,-12,-8,-12,-9,-12,-9,-12,-9,-12,-9]"
2025-08-18 22:59:01.576377,CSI_DATA,402,1a:00:00:00:00:00,-37,11,0,0,0,0,0,0,0,0,0,-92,0,1,0,68945313,0,42,0,128,0,"[0,0,12,9,12,8,11,8,11,8,11,7,11,7,11,7,11,6,11,5,11,4,11,4,12,4,12,4,12,3,12,3,12,3,12,3,12,3,12,4,12,4,12,5,11,5,11,5,10,6,9,6,9,6,0,0,0,0,0,0,0,0,0,0,0,0,0,0,0,0,0,0,0,0,0,0,9,5,9,6,9,6,9,7,9,8,8,9,8,9,8,10,8,10,7,10,7,10,7,10,7,10,7,10,7,9,8,9,8,9,8,9,9,8,10,8,10,8,10,8,11,8,11,8,12,9,12,8]"
2025-08-18 22:59:01.653022,CSI_DATA,403,1a:00:00:00:00:00,-37,11,0,0,0,0,0,0,0,0,0,-92,0,1,0,69015102,0,31,0,128,0,"[0,0,5,-15,4,-15,4,-15,4,-14,3,-15,3,-14,2,-14,2,-14,1,-14,1,-14,1,-13,0,-14,0,-14,0,-14,-1,-14,-1,-14,-1,-14,0,-14,0,-14,0,-14,1,-14,1,-14,2,-13,2,-13,3,-12,3,-12,0,0,0,0,0,0,0,0,0,0,0,0,0,0,0,0,0,0,0,0,0,0,1,-11,3,-12,3,-12,4,-12,5,-12,5,-13,6,-12,6,-12,7,-12,7,-11,8,-11,8,-11,7,-11,7,-11,6,-12,6,-11,6,-12,5,-12,5,-13,5,-13,4,-14,4,-14,4,-15,4,-15,5,-15,4,-15]"
2025-08-18 22:59:01.846234,CSI_DATA,404,1a:00:00:00:00:00,-38,11,0,0,0,0,0,0,0,0,0,-92,0,1,0,69214494,0,31,0,128,0,"[0,0,11,9,11,9,11,9,11,9,11,8,10,8,11,7,11,7,11,6,11,6,11,5,11,5,11,5,11,4,12,4,12,4,12,5,12,5,12,5,12,6,11,6,11,6,10,7,9,7,9,7,8,7,0,0,0,0,0,0,0,0,0,0,0,0,0,0,0,0,0,0,0,0,0,0,9,5,9,6,9,7,9,7,9,8,9,9,8,9,8,10,8,10,7,10,7,10,7,10,7,10,7,10,7,9,7,10,8,9,9,9,9,9,9,9,10,9,10,9,11,9,11,9,11,9,11,9]"
2025-08-18 22:59:02.055865,CSI_DATA,405,1a:00:00:00:00:00,-37,11,0,0,0,0,0,0,0,0,0,-92,0,1,0,69415696,0,31,0,128,0,"[0,0,1,-15,0,-15,0,-15,0,-15,0,-15,0,-14,-1,-14,-1,-14,-2,-14,-2,-13,-3,-13,-3,-13,-3,-13,-4,-13,-4,-13,-4,-14,-3,-14,-3,-14,-3,-14,-3,-14,-2,-14,-1,-14,-1,-13,0,-13,0,-12,1,-12,0,0,0,0,0,0,0,0,0,0,0,0,0,0,0,0,0,0,0,0,0,0,-2,-12,-1,-12,0,-12,1,-13,1,-13,2,-13,3,-13,3,-13,4,-13,4,-13,4,-13,4,-13,4,-13,4,-13,4,-13,3,-12,3,-13,2,-13,2,-13,2,-14,1,-14,1,-15,1,-15,0,-15,0,-15,0,-16]"
2025-08-18 22:59:02.253688,CSI_DATA,406,1a:00:00:00:00:00,-37,11,0,0,0,0,0,0,0,0,0,-92,0,1,0,69616832,0,31,0,128,0,"[0,0,12,-9,11,-9,11,-9,11,-9,11,-9,10,-9,10,-9,9,-9,9,-9,8,-10,8,-10,8,-10,7,-10,7,-11,7,-11,7,-11,7,-11,8,-11,8,-11,8,-11,8,-10,8,-10,9,-9,9,-8,9,-7,9,-7,0,0,0,0,0,0,0,0,0,0,0,0,0,0,0,0,0,0,0,0,0,0,7,-8,8,-7,9,-7,10,-7,10,-7,11,-6,11,-6,11,-6,12,-5,12,-5,12,-4,12,-4,12,-4,11,-4,11,-5,11,-5,11,-5,11,-6,11,-7,11,-7,11,-8,11,-8,11,-8,12,-8,11,-9,12,-9]"
2025-08-18 22:59:02.455938,CSI_DATA,407,1a:00:00:00:00:00,-37,11,0,0,0,0,0,0,0,0,0,-92,0,1,0,69818004,0,31,0,128,0,"[0,0,7,-13,6,-13,6,-13,6,-13,5,-13,5,-13,5,-13,4,-13,4,-12,3,-13,2,-13,2,-13,2,-13,2,-13,2,-13,2,-13,1,-13,2,-14,2,-14,3,-13,3,-13,4,-12,4,-12,4,-12,5,-11,5,-10,0,0,0,0,0,0,0,0,0,0,0,0,0,0,0,0,0,0,0,0,0,0,3,-11,4,-11,5,-11,6,-11,6,-11,7,-11,8,-10,8,-10,9,-10,9,-9,9,-9,9,-9,9,-10,8,-10,8,-10,8,-9,8,-10,7,-10,7,-11,7,-11,7,-12,7,-12,6,-13,6,-13,6,-13,7,-13]"
2025-08-18 22:59:02.656816,CSI_DATA,408,1a:00:00:00:00:00,-37,11,0,0,0,0,0,0,0,0,0,-92,0,1,0,70019146,0,31,0,128,0,"[0,0,14,-5,13,-6,13,-6,13,-6,12,-6,12,-6,12,-6,11,-7,11,-7,11,-8,10,-8,10,-8,9,-8,9,-9,10,-9,10,-9,10,-9,10,-8,11,-8,11,-8,11,-7,11,-7,11,-6,11,-6,10,-5,10,-4,0,0,0,0,0,0,0,0,0,0,0,0,0,0,0,0,0,0,0,0,0,0,9,-6,10,-6,11,-5,11,-5,12,-4,12,-4,13,-3,13,-3,13,-2,13,-2,13,-2,13,-1,13,-2,12,-2,12,-2,12,-2,12,-3,12,-3,12,-4,13,-4,12,-5,13,-5,13,-6,13,-6,13,-6,14,-6]"
2025-08-18 22:59:02.859146,CSI_DATA,409,1a:00:00:00:00:00,-37,11,0,0,0,0,0,0,0,0,0,-92,0,1,0,70220544,0,31,0,128,0,"[0,0,-10,10,-10,10,-9,10,-9,10,-9,10,-8,10,-8,10,-7,10,-7,10,-7,10,-6,10,-5,10,-5,11,-5,11,-5,11,-5,11,-5,11,-6,11,-6,11,-6,11,-6,10,-6,10,-7,10,-7,9,-7,8,-7,8,0,0,0,0,0,0,0,0,0,0,0,0,0,0,0,0,0,0,0,0,0,0,-7,8,-7,7,-8,7,-9,7,-9,7,-10,7,-11,6,-11,6,-11,6,-12,5,-11,5,-11,5,-11,5,-11,5,-10,6,-10,6,-10,6,-10,7,-10,7,-10,8,-10,8,-10,9,-10,9,-10,10,-10,10,-10,10]"
2025-08-18 22:59:03.076047,CSI_DATA,410,1a:00:00:00:00:00,-38,11,0,0,0,0,0,0,0,0,0,-92,0,1,0,70421640,0,31,0,128,0,"[0,0,1,-15,0,-15,0,-15,0,-15,0,-15,0,-14,-1,-14,-1,-14,-2,-13,-2,-13,-3,-13,-3,-13,-4,-13,-3,-13,-4,-13,-4,-13,-4,-14,-4,-13,-3,-14,-3,-14,-2,-14,-2,-13,-1,-13,-1,-13,0,-12,0,-12,0,0,0,0,0,0,0,0,0,0,0,0,0,0,0,0,0,0,0,0,0,0,-1,-11,0,-12,0,-12,1,-12,2,-13,3,-13,3,-13,4,-13,4,-13,5,-13,5,-12,5,-12,4,-12,4,-12,4,-12,3,-12,3,-12,3,-13,2,-13,2,-13,1,-14,1,-14,1,-15,1,-15,1,-15,1,-15]"
2025-08-18 22:59:03.124241,CSI_DATA,411,1a:00:00:00:00:00,-38,11,0,0,0,0,0,0,0,0,0,-92,0,1,0,70482399,0,42,0,128,0,"[0,0,-2,-15,-2,-15,-2,-15,-2,-14,-2,-15,-2,-14,-3,-14,-3,-14,-4,-13,-4,-13,-4,-13,-5,-13,-5,-13,-5,-13,-6,-12,-6,-13,-6,-13,-6,-13,-5,-13,-5,-13,-4,-13,-4,-13,-3,-13,-3,-13,-2,-12,-1,-12,0,0,0,0,0,0,0,0,0,0,0,0,0,0,0,0,0,0,0,0,0,0,-3,-11,-2,-12,-1,-12,-1,-13,0,-13,1,-13,1,-14,1,-14,2,-13,2,-13,3,-13,3,-13,3,-13,2,-13,2,-13,1,-12,1,-13,0,-13,0,-14,0,-14,-1,-14,-1,-14,-1,-15,-1,-15,-1,-15,-1,-15]"
2025-08-18 22:59:03.189105,CSI_DATA,412,1a:00:00:00:00:00,-37,11,0,0,0,0,0,0,0,0,0,-92,0,1,0,70547719,0,31,0,128,0,"[0,0,-14,5,-14,5,-14,5,-13,5,-13,5,-13,5,-12,5,-12,6,-11,6,-11,6,-11,7,-10,7,-10,7,-10,8,-10,8,-10,8,-10,8,-11,8,-11,8,-11,7,-11,7,-11,6,-11,5,-11,5,-11,4,-11,4,0,0,0,0,0,0,0,0,0,0,0,0,0,0,0,0,0,0,0,0,0,0,-10,4,-11,4,-11,3,-12,3,-12,2,-13,2,-13,1,-13,1,-13,1,-13,0,-13,0,-13,0,-13,0,-13,0,-13,1,-12,1,-13,1,-12,2,-13,2,-13,3,-13,3,-13,4,-13,4,-14,4,-14,4,-14,5]"
2025-08-18 22:59:03.382835,CSI_DATA,413,1a:00:00:00:00:00,-38,11,0,0,0,0,0,0,0,0,0,-92,0,1,0,70748797,0,31,0,128,0,"[0,0,1,15,1,14,1,15,2,14,2,14,2,14,2,13,3,13,3,12,4,12,4,12,5,12,5,11,5,12,5,11,6,12,6,12,5,12,5,12,4,12,4,12,3,12,3,12,3,12,2,11,1,11,0,0,0,0,0,0,0,0,0,0,0,0,0,0,0,0,0,0,0,0,0,0,3,10,2,11,1,11,0,12,0,12,-1,13,-2,13,-2,13,-3,13,-3,13,-3,13,-3,13,-3,13,-2,13,-2,13,-2,12,-1,13,-1,12,-1,13,0,13,0,14,0,14,1,14,2,15,2,15,2,15]"
2025-08-18 22:59:03.588161,CSI_DATA,414,1a:00:00:00:00:00,-38,11,0,0,0,0,0,0,0,0,0,-92,0,1,0,70949992,0,31,0,128,0,"[0,0,9,-12,8,-13,8,-12,8,-13,7,-13,7,-12,6,-12,6,-12,5,-12,5,-12,4,-12,4,-13,3,-13,3,-13,3,-13,3,-13,3,-13,4,-13,4,-13,4,-13,5,-13,5,-12,5,-12,5,-11,6,-10,6,-10,0,0,0,0,0,0,0,0,0,0,0,0,0,0,0,0,0,0,0,0,0,0,5,-10,6,-10,6,-10,7,-10,8,-10,9,-10,9,-10,9,-9,10,-9,10,-9,10,-8,10,-8,10,-8,10,-8,9,-8,9,-9,9,-9,8,-10,8,-10,8,-11,8,-11,8,-12,8,-12,8,-12,8,-12,8,-13]"
2025-08-18 22:59:03.794312,CSI_DATA,415,1a:00:00:00:00:00,-37,11,0,0,0,0,0,0,0,0,0,-92,0,1,0,71151112,0,31,0,128,0,"[0,0,-4,-15,-5,-15,-5,-14,-5,-14,-5,-14,-5,-14,-5,-13,-6,-13,-6,-12,-7,-12,-7,-12,-7,-11,-8,-11,-8,-11,-8,-11,-8,-11,-8,-12,-8,-12,-8,-12,-8,-12,-7,-12,-6,-12,-5,-12,-5,-12,-4,-12,-3,-12,0,0,0,0,0,0,0,0,0,0,0,0,0,0,0,0,0,0,0,0,0,0,-5,-10,-5,-11,-4,-12,-3,-12,-3,-13,-2,-14,-2,-14,-1,-14,-1,-14,0,-14,0,-14,0,-14,0,-14,0,-13,-1,-13,-1,-13,-2,-13,-2,-14,-2,-14,-3,-14,-3,-14,-4,-14,-4,-14,-4,-15,-4,-15,-4,-15]"
2025-08-18 22:59:03.984866,CSI_DATA,416,1a:00:00:00:00:00,-37,11,0,0,0,0,0,0,0,0,0,-92,0,1,0,71352496,0,31,0,128,0,"[0,0,9,11,8,11,9,11,9,10,9,10,9,10,9,9,9,9,9,8,9,8,10,7,10,7,10,7,10,7,11,6,11,6,11,7,11,7,11,8,10,8,10,8,9,8,8,8,8,8,8,8,6,9,0,0,0,0,0,0,0,0,0,0,0,0,0,0,0,0,0,0,0,0,0,0,8,7,8,8,7,8,7,9,7,10,6,11,6,11,5,11,5,12,4,12,4,12,4,12,4,11,5,11,5,11,5,10,5,11,6,10,6,11,7,11,7,11,8,11,8,11,9,11,9,11,9,11]"
2025-08-18 22:59:04.190897,CSI_DATA,417,1a:00:00:00:00:00,-37,11,0,0,0,0,0,0,0,0,0,-92,0,1,0,71553562,0,31,0,128,0,"[0,0,-3,15,-3,14,-3,14,-2,13,-2,14,-2,13,-1,13,-1,13,-1,13,0,12,0,12,1,12,1,12,2,13,2,12,2,13,2,13,2,13,1,13,1,13,0,13,0,13,-1,12,-2,12,-2,11,-3,11,0,0,0,0,0,0,0,0,0,0,0,0,0,0,0,0,0,0,0,0,0,0,-1,10,-1,11,-2,11,-3,12,-4,11,-5,12,-5,12,-6,12,-6,12,-7,11,-7,11,-7,11,-6,11,-6,11,-6,11,-6,11,-5,12,-5,12,-4,12,-4,12,-4,13,-3,13,-3,13,-3,14,-3,14,-3,14]"
2025-08-18 22:59:04.395512,CSI_DATA,418,1a:00:00:00:00:00,-37,11,0,0,0,0,0,0,0,0,0,-92,0,1,0,71754699,0,31,0,128,0,"[0,0,10,10,10,9,9,9,10,9,10,8,9,8,10,8,10,7,10,6,10,6,10,6,10,5,11,5,11,5,11,5,11,5,12,5,12,5,11,6,11,6,11,6,10,7,10,7,9,7,8,7,7,8,0,0,0,0,0,0,0,0,0,0,0,0,0,0,0,0,0,0,0,0,0,0,8,5,8,6,8,7,8,8,8,9,7,9,7,10,7,10,6,10,6,11,5,11,5,11,5,11,5,10,6,10,6,10,6,10,7,9,8,9,8,9,8,9,9,9,9,9,9,9,10,10,10,10]"
2025-08-18 22:59:04.592771,CSI_DATA,419,1a:00:00:00:00:00,-37,11,0,0,0,0,0,0,0,0,0,-92,0,1,0,71955839,0,31,0,128,0,"[0,0,-3,14,-2,14,-2,14,-2,13,-2,14,-2,13,-1,13,-1,13,-1,12,1,12,1,12,2,12,2,12,2,12,2,12,2,12,2,13,2,13,1,13,1,13,0,13,0,12,0,12,-1,12,-1,11,-2,11,0,0,0,0,0,0,0,0,0,0,0,0,0,0,0,0,0,0,0,0,0,0,0,10,-1,11,-2,11,-3,11,-3,11,-4,12,-5,12,-5,12,-6,11,-6,11,-6,11,-6,11,-6,11,-5,11,-5,11,-5,11,-5,11,-4,12,-4,12,-4,12,-4,12,-3,13,-3,13,-2,14,-2,14,-2,14]"
2025-08-18 22:59:04.654384,CSI_DATA,420,1a:00:00:00:00:00,-37,11,0,0,0,0,0,0,0,0,0,-92,0,1,0,72016547,0,42,0,128,0,"[0,0,-9,12,-9,13,-8,12,-9,12,-8,12,-7,12,-7,12,-6,12,-6,12,-5,12,-5,12,-4,12,-4,12,-4,12,-4,13,-4,12,-4,13,-4,13,-4,13,-5,13,-5,12,-5,12,-6,12,-6,11,-7,10,-7,9,0,0,0,0,0,0,0,0,0,0,0,0,0,0,0,0,0,0,0,0,0,0,-6,10,-6,9,-8,10,-8,9,-9,9,-9,9,-10,9,-11,9,-11,8,-11,8,-11,8,-11,7,-11,8,-11,8,-10,8,-10,8,-10,8,-10,9,-9,9,-9,10,-9,10,-9,11,-9,12,-9,12,-9,12,-9,12]"
2025-08-18 22:59:04.726520,CSI_DATA,421,1a:00:00:00:00:00,-37,11,0,0,0,0,0,0,0,0,0,-92,0,1,0,72082517,0,31,0,128,0,"[0,0,11,-9,11,-10,10,-10,10,-10,10,-10,9,-10,9,-10,8,-10,8,-10,7,-10,7,-10,7,-11,7,-11,6,-11,6,-11,6,-12,6,-12,7,-12,7,-12,7,-12,8,-11,8,-10,8,-10,8,-9,8,-8,9,-8,0,0,0,0,0,0,0,0,0,0,0,0,0,0,0,0,0,0,0,0,0,0,7,-8,8,-8,8,-7,9,-7,10,-7,11,-7,11,-6,11,-6,12,-6,12,-5,12,-5,12,-5,11,-5,11,-5,11,-6,10,-5,11,-6,10,-7,11,-7,11,-8,10,-8,11,-8,11,-9,11,-9,11,-9,11,-9]"
2025-08-18 22:59:05.118295,CSI_DATA,422,1a:00:00:00:00:00,-37,11,0,0,0,0,0,0,0,0,0,-92,0,1,0,72283673,0,31,0,128,0,"[0,0,-14,6,-13,6,-13,6,-13,6,-12,7,-12,6,-12,7,-11,7,-11,7,-10,8,-10,8,-9,8,-9,9,-9,9,-9,9,-9,9,-9,9,-10,10,-10,9,-10,9,-11,8,-11,7,-10,7,-10,7,-10,6,-10,5,0,0,0,0,0,0,0,0,0,0,0,0,0,0,0,0,0,0,0,0,0,0,-10,6,-10,5,-11,4,-12,4,-12,4,-13,3,-13,3,-13,2,-13,2,-13,2,-13,2,-13,1,-13,2,-13,2,-13,2,-12,2,-13,3,-12,3,-13,4,-13,4,-13,5,-13,5,-13,6,-13,6,-13,6,-13,6]"
2025-08-18 22:59:05.123511,CSI_DATA,423,1a:00:00:00:00:00,-37,11,0,0,0,0,0,0,0,0,0,-92,0,1,0,72486057,0,31,0,128,0,"[0,0,9,11,9,11,8,11,9,10,9,10,9,9,9,9,9,8,9,8,10,7,9,7,10,7,10,7,10,6,11,6,11,6,11,7,11,7,11,7,10,7,10,7,9,8,9,8,8,8,7,8,7,8,0,0,0,0,0,0,0,0,0,0,0,0,0,0,0,0,0,0,0,0,0,0,7,7,7,8,7,9,6,9,6,10,6,10,5,11,5,11,5,12,4,12,3,12,4,11,4,12,4,11,4,11,5,11,5,11,6,11,6,10,7,10,7,10,7,11,8,11,8,11,8,11,9,11]"
2025-08-18 22:59:05.323229,CSI_DATA,424,1a:00:00:00:00:00,-37,11,0,0,0,0,0,0,0,0,0,-92,0,1,0,72686089,0,31,0,128,0,"[0,0,14,-5,14,-5,13,-5,14,-5,13,-5,13,-5,12,-6,12,-6,11,-6,11,-7,11,-7,10,-8,10,-8,10,-8,11,-9,10,-9,11,-9,11,-9,11,-8,11,-8,11,-7,11,-7,11,-6,11,-5,11,-5,11,-4,0,0,0,0,0,0,0,0,0,0,0,0,0,0,0,0,0,0,0,0,0,0,10,-5,10,-5,11,-4,11,-4,12,-3,12,-3,13,-2,13,-2,13,-1,13,-1,13,0,13,0,13,0,12,-1,12,-1,12,-1,12,-2,13,-2,13,-3,13,-3,13,-4,13,-4,14,-4,14,-5,14,-5,14,-5]"
2025-08-18 22:59:05.520790,CSI_DATA,425,1a:00:00:00:00:00,-37,11,0,0,0,0,0,0,0,0,0,-92,0,1,0,72887246,0,31,0,128,0,"[0,0,14,4,14,4,13,3,14,3,13,3,13,3,13,2,12,2,12,1,12,1,12,0,12,0,12,0,12,-1,13,-1,12,-1,13,-1,13,0,13,0,13,0,13,1,12,1,12,2,11,3,11,3,10,3,0,0,0,0,0,0,0,0,0,0,0,0,0,0,0,0,0,0,0,0,0,0,10,1,11,2,11,2,11,3,12,4,11,4,11,5,11,6,11,6,11,7,10,7,10,7,10,7,10,6,10,6,10,6,10,5,11,5,11,5,12,4,12,4,13,4,13,4,13,4,13,4,14,4]"
2025-08-18 22:59:05.732578,CSI_DATA,426,1a:00:00:00:00:00,-37,11,0,0,0,0,0,0,0,0,0,-92,0,1,0,73088391,0,31,0,128,0,"[0,0,-11,-11,-11,-11,-11,-11,-11,-10,-11,-10,-11,-9,-11,-9,-11,-8,-11,-8,-11,-7,-12,-7,-12,-6,-12,-6,-12,-6,-12,-6,-12,-6,-13,-6,-13,-6,-13,-7,-12,-7,-12,-7,-11,-7,-11,-8,-10,-8,-10,-8,-9,-8,0,0,0,0,0,0,0,0,0,0,0,0,0,0,0,0,0,0,0,0,0,0,-9,-7,-9,-8,-9,-9,-9,-9,-8,-10,-8,-11,-8,-12,-7,-12,-7,-12,-7,-12,-6,-12,-6,-12,-6,-12,-6,-11,-7,-11,-7,-11,-7,-11,-8,-11,-8,-11,-9,-11,-9,-11,-10,-11,-10,-10,-11,-11,-11,-11,-11,-11]"
2025-08-18 22:59:05.927904,CSI_DATA,427,1a:00:00:00:00:00,-37,11,0,0,0,0,0,0,0,0,0,-92,0,1,0,73289645,0,31,0,128,0,"[0,0,10,-11,10,-11,9,-11,10,-11,9,-11,8,-11,8,-11,7,-11,7,-11,6,-11,6,-11,6,-12,5,-12,5,-12,5,-12,5,-12,5,-12,6,-12,6,-13,6,-12,7,-12,7,-11,7,-10,7,-10,8,-9,8,-8,0,0,0,0,0,0,0,0,0,0,0,0,0,0,0,0,0,0,0,0,0,0,6,-9,6,-9,7,-9,8,-9,9,-9,10,-8,10,-8,10,-8,11,-7,11,-7,11,-7,11,-6,11,-6,10,-7,10,-7,10,-7,10,-8,9,-8,9,-9,10,-9,9,-9,10,-10,10,-10,10,-11,10,-11,10,-11]"
2025-08-18 22:59:06.137581,CSI_DATA,428,1a:00:00:00:00:00,-37,11,0,0,0,0,0,0,0,0,0,-92,0,1,0,73490774,0,31,0,128,0,"[0,0,-14,5,-14,5,-14,5,-13,5,-13,6,-13,6,-12,6,-12,6,-11,6,-11,7,-11,7,-10,8,-10,8,-10,8,-10,9,-10,9,-10,9,-10,9,-11,8,-11,8,-11,7,-11,7,-11,6,-11,6,-11,5,-11,4,0,0,0,0,0,0,0,0,0,0,0,0,0,0,0,0,0,0,0,0,0,0,-10,5,-11,4,-12,3,-12,3,-12,3,-13,2,-13,2,-13,1,-13,1,-14,0,-14,0,-13,0,-13,0,-13,0,-13,1,-13,1,-13,2,-13,2,-13,3,-13,3,-13,3,-13,4,-14,4,-14,5,-14,5,-14,5]"
2025-08-18 22:59:06.259724,CSI_DATA,429,1a:00:00:00:00:00,-37,11,0,0,0,0,0,0,0,0,0,-92,0,1,0,73552337,0,42,0,128,0,"[0,0,9,-12,8,-12,8,-12,8,-12,8,-13,7,-12,7,-12,6,-12,6,-12,5,-12,5,-12,4,-12,4,-13,3,-13,3,-13,4,-13,3,-13,4,-14,4,-14,4,-13,5,-13,5,-13,6,-12,6,-11,6,-11,6,-10,0,0,0,0,0,0,0,0,0,0,0,0,0,0,0,0,0,0,0,0,0,0,6,-10,6,-10,7,-10,8,-10,8,-9,9,-9,10,-9,10,-9,10,-8,10,-8,10,-8,10,-7,10,-8,10,-8,10,-8,9,-8,9,-9,9,-9,9,-10,9,-10,9,-11,9,-11,9,-11,9,-12,9,-12,9,-12]"
2025-08-18 22:59:06.266092,CSI_DATA,430,1a:00:00:00:00:00,-37,11,0,0,0,0,0,0,0,0,0,-92,0,1,0,73617189,0,31,0,128,0,"[0,0,-10,-11,-10,-11,-10,-11,-10,-11,-10,-11,-10,-10,-10,-10,-10,-9,-10,-9,-11,-8,-11,-8,-11,-7,-11,-7,-12,-7,-12,-7,-12,-7,-12,-7,-12,-7,-12,-8,-12,-8,-11,-8,-10,-9,-10,-9,-9,-9,-9,-9,-8,-9,0,0,0,0,0,0,0,0,0,0,0,0,0,0,0,0,0,0,0,0,0,0,-9,-7,-9,-8,-9,-9,-8,-9,-8,-10,-8,-11,-7,-12,-7,-12,-7,-12,-6,-12,-6,-12,-6,-12,-6,-12,-6,-12,-6,-12,-6,-11,-7,-11,-8,-11,-8,-11,-8,-11,-9,-11,-9,-11,-9,-11,-10,-11,-10,-11,-10,-11]"
2025-08-18 22:59:06.464219,CSI_DATA,431,1a:00:00:00:00:00,-37,11,0,0,0,0,0,0,0,0,0,-92,0,1,0,73818216,0,31,0,128,0,"[0,0,5,13,5,13,5,12,6,12,6,12,6,11,6,11,6,11,7,10,7,10,7,9,8,9,8,9,8,9,8,9,9,9,8,9,9,9,8,10,8,10,8,10,7,10,6,10,6,10,5,10,4,10,0,0,0,0,0,0,0,0,0,0,0,0,0,0,0,0,0,0,0,0,0,0,5,9,5,9,4,10,3,11,3,11,3,12,2,12,2,12,1,12,1,12,1,12,1,12,1,12,1,12,1,12,2,11,2,12,3,12,3,12,4,12,4,12,4,12,5,13,5,13,5,13,5,13]"
2025-08-18 22:59:06.659836,CSI_DATA,432,1a:00:00:00:00:00,-37,11,0,0,0,0,0,0,0,0,0,-92,0,1,0,74023131,0,31,0,128,0,"[0,0,12,-8,11,-8,11,-8,11,-8,11,-9,10,-9,10,-9,9,-9,9,-9,8,-10,8,-10,7,-10,7,-11,7,-11,7,-11,7,-11,7,-11,8,-11,8,-11,8,-11,9,-10,9,-10,9,-9,9,-9,9,-8,9,-7,0,0,0,0,0,0,0,0,0,0,0,0,0,0,0,0,0,0,0,0,0,0,8,-7,9,-7,9,-6,10,-6,11,-6,11,-5,12,-5,12,-5,12,-4,12,-4,12,-4,12,-4,12,-4,12,-4,11,-4,11,-4,11,-5,11,-5,11,-6,11,-6,11,-7,12,-7,11,-8,12,-8,12,-8,12,-9]"
2025-08-18 22:59:06.698416,CSI_DATA,433,1a:00:00:00:00:00,-37,11,0,0,0,0,0,0,0,0,0,-92,0,1,0,74029218,0,28,0,128,0,"[0,0,14,-1,14,-2,14,-2,14,-2,13,-3,13,-3,12,-3,12,-4,12,-4,12,-5,11,-5,11,-5,11,-6,11,-6,11,-6,11,-6,12,-6,12,-6,12,-6,12,-6,12,-5,12,-4,12,-4,12,-3,11,-3,11,-2,0,0,0,0,0,0,0,0,0,0,0,0,0,0,0,0,0,0,0,0,0,0,10,-3,11,-2,11,-1,11,-1,12,0,12,0,12,1,12,2,12,2,12,3,12,3,12,3,12,2,12,2,12,2,12,2,12,1,12,0,12,0,13,0,13,-1,13,-1,14,-1,14,-1,14,-2,15,-2]"
2025-08-18 22:59:06.863578,CSI_DATA,434,1a:00:00:00:00:00,-37,11,0,0,0,0,0,0,0,0,0,-92,0,1,0,74220650,0,31,0,128,0,"[0,0,-7,-14,-7,-13,-6,-13,-7,-13,-7,-13,-7,-12,-7,-12,-7,-11,-8,-11,-8,-10,-8,-10,-9,-10,-9,-10,-9,-10,-9,-10,-9,-10,-10,-10,-9,-10,-10,-11,-9,-11,-8,-11,-8,-11,-7,-11,-6,-11,-6,-11,-5,-11,0,0,0,0,0,0,0,0,0,0,0,0,0,0,0,0,0,0,0,0,0,0,-6,-9,-6,-10,-5,-11,-5,-11,-5,-12,-4,-12,-4,-13,-3,-13,-3,-13,-2,-13,-2,-13,-2,-13,-2,-13,-2,-13,-3,-13,-3,-12,-3,-12,-4,-12,-4,-12,-5,-13,-5,-13,-5,-13,-6,-13,-6,-13,-6,-13,-7,-13]"
2025-08-18 22:59:07.059858,CSI_DATA,435,1a:00:00:00:00:00,-37,11,0,0,0,0,0,0,0,0,0,-92,0,1,0,74421855,0,31,0,128,0,"[0,0,-9,12,-8,12,-8,12,-8,12,-7,12,-7,12,-6,12,-6,12,-5,12,-5,12,-4,12,-4,12,-3,12,-3,12,-3,12,-3,13,-3,13,-4,13,-4,13,-4,13,-5,12,-5,12,-6,11,-6,11,-6,10,-7,9,0,0,0,0,0,0,0,0,0,0,0,0,0,0,0,0,0,0,0,0,0,0,-5,10,-6,10,-6,10,-7,9,-8,10,-9,9,-9,9,-10,9,-10,9,-10,8,-11,8,-11,8,-10,8,-10,8,-10,8,-9,8,-9,9,-9,9,-8,10,-8,11,-9,10,-8,11,-8,12,-8,12,-8,12,-8,12]"
2025-08-18 22:59:07.256146,CSI_DATA,436,1a:00:00:00:00:00,-37,11,0,0,0,0,0,0,0,0,0,-92,0,1,0,74622977,0,31,0,128,0,"[0,0,4,14,4,13,4,13,4,13,4,13,5,12,5,12,5,11,6,11,6,11,6,10,6,10,6,10,7,10,8,10,8,10,7,10,8,11,7,11,7,11,6,11,6,11,5,11,4,11,3,11,3,11,0,0,0,0,0,0,0,0,0,0,0,0,0,0,0,0,0,0,0,0,0,0,5,9,4,10,3,10,3,11,3,12,2,12,2,12,1,13,1,13,0,13,0,13,-1,12,0,12,0,12,0,12,1,12,1,12,2,12,2,12,3,12,3,12,4,13,4,13,4,13,4,14,4,14]"
2025-08-18 22:59:07.462899,CSI_DATA,437,1a:00:00:00:00:00,-37,11,0,0,0,0,0,0,0,0,0,-92,0,1,0,74824363,0,31,0,128,0,"[0,0,4,-15,4,-15,4,-14,3,-14,3,-14,3,-14,2,-14,2,-14,1,-13,0,-13,0,-13,0,-13,-1,-13,-1,-14,-1,-14,-1,-14,-1,-14,-1,-14,0,-15,0,-14,0,-14,1,-14,1,-13,2,-13,2,-12,3,-12,0,0,0,0,0,0,0,0,0,0,0,0,0,0,0,0,0,0,0,0,0,0,2,-11,2,-11,3,-12,4,-12,4,-12,5,-12,6,-12,6,-12,7,-11,7,-11,7,-11,7,-11,7,-11,7,-11,6,-11,6,-11,6,-11,5,-12,5,-13,5,-13,5,-13,4,-13,4,-14,4,-14,4,-14,4,-14]"
2025-08-18 22:59:07.671466,CSI_DATA,438,1a:00:00:00:00:00,-37,11,0,0,0,0,0,0,0,0,0,-92,0,1,0,75025406,0,31,0,128,0,"[0,0,13,7,12,6,12,6,13,6,12,5,12,5,12,5,12,4,12,3,12,3,12,2,12,2,12,2,12,1,13,1,13,1,13,1,13,2,13,2,13,2,13,3,12,4,11,4,11,4,11,5,10,5,0,0,0,0,0,0,0,0,0,0,0,0,0,0,0,0,0,0,0,0,0,0,10,3,10,4,10,5,10,5,10,6,10,7,10,7,10,8,9,8,9,9,9,9,9,9,9,8,9,8,9,8,9,8,9,7,10,7,10,7,11,7,11,6,12,6,12,6,12,6,13,6,13,6]"
2025-08-18 22:59:07.718872,CSI_DATA,439,1a:00:00:00:00:00,-37,11,0,0,0,0,0,0,0,0,0,-92,0,1,0,75086234,0,42,0,128,0,"[0,0,13,6,13,5,13,5,13,5,13,4,12,4,12,4,12,3,12,2,12,2,12,1,12,1,12,1,12,0,13,0,13,0,13,0,13,1,13,1,13,1,13,2,12,2,12,3,11,3,11,4,10,4,0,0,0,0,0,0,0,0,0,0,0,0,0,0,0,0,0,0,0,0,0,0,10,2,10,3,10,4,10,5,10,5,10,6,10,7,10,7,10,8,10,8,9,8,9,8,9,8,9,7,9,7,9,7,10,7,10,6,11,6,11,6,11,6,12,6,13,5,13,5,13,5,13,5]"
2025-08-18 22:59:07.797949,CSI_DATA,440,1a:00:00:00:00:00,-37,11,0,0,0,0,0,0,0,0,0,-92,0,1,0,75156727,0,31,0,128,0,"[0,0,-15,-1,-15,-1,-15,-1,-15,0,-14,0,-14,0,-14,0,-14,1,-13,1,-14,2,-13,2,-13,3,-13,3,-13,3,-13,4,-13,4,-13,4,-14,4,-14,4,-14,3,-14,2,-13,2,-13,1,-13,1,-13,0,-12,-1,0,0,0,0,0,0,0,0,0,0,0,0,0,0,0,0,0,0,0,0,0,0,-12,0,-12,0,-12,-1,-12,-2,-13,-2,-13,-3,-13,-4,-13,-4,-13,-5,-13,-5,-13,-5,-13,-5,-12,-5,-12,-5,-12,-4,-13,-4,-12,-4,-13,-3,-13,-3,-14,-2,-14,-2,-14,-2,-15,-1,-15,-1,-15,-2,-15,-1]"
2025-08-18 22:59:08.002695,CSI_DATA,441,1a:00:00:00:00:00,-37,11,0,0,0,0,0,0,0,0,0,-92,0,1,0,75357873,0,31,0,128,0,"[0,0,13,6,13,6,12,6,13,5,13,5,12,5,12,4,12,4,12,3,12,2,12,2,12,2,12,1,12,1,13,1,13,1,13,1,13,1,13,1,13,2,13,2,12,3,12,4,11,4,11,4,10,5,0,0,0,0,0,0,0,0,0,0,0,0,0,0,0,0,0,0,0,0,0,0,10,3,10,4,10,5,10,5,10,6,10,7,10,8,9,8,9,8,9,9,9,9,8,9,9,9,9,8,9,8,9,8,9,7,10,7,10,7,11,7,11,6,12,6,12,6,12,6,13,6,13,6]"
2025-08-18 22:59:08.193468,CSI_DATA,442,1a:00:00:00:00:00,-37,11,0,0,0,0,0,0,0,0,0,-92,0,1,0,75559028,0,31,0,128,0,"[0,0,15,3,14,3,14,3,14,2,14,2,13,2,13,1,13,1,13,0,13,-1,13,-1,13,-1,13,-2,13,-2,13,-2,13,-2,13,-2,14,-2,14,-2,14,-1,14,-1,13,0,13,1,12,1,12,2,11,2,0,0,0,0,0,0,0,0,0,0,0,0,0,0,0,0,0,0,0,0,0,0,11,0,11,1,11,2,12,3,12,3,12,4,12,5,12,5,11,6,11,6,11,6,11,6,11,6,11,6,11,6,11,5,11,5,12,4,12,4,13,4,13,3,13,3,14,3,14,3,14,3,15,3]"
2025-08-18 22:59:08.397774,CSI_DATA,443,1a:00:00:00:00:00,-37,11,0,0,0,0,0,0,0,0,0,-92,0,1,0,75760150,0,31,0,128,0,"[0,0,-15,4,-14,4,-14,4,-14,5,-13,5,-13,5,-13,5,-12,5,-12,6,-12,6,-11,7,-11,7,-11,7,-11,8,-11,8,-11,8,-11,8,-11,8,-12,7,-12,7,-12,6,-12,6,-12,5,-12,5,-12,4,-12,3,0,0,0,0,0,0,0,0,0,0,0,0,0,0,0,0,0,0,0,0,0,0,-10,5,-11,4,-11,4,-12,3,-13,2,-13,2,-13,1,-13,1,-14,0,-14,0,-14,0,-13,0,-13,0,-13,1,-13,0,-13,1,-13,1,-13,2,-13,2,-13,2,-13,3,-14,3,-14,4,-14,4,-14,4,-14,5]"
2025-08-18 22:59:08.603535,CSI_DATA,444,1a:00:00:00:00:00,-37,11,0,0,0,0,0,0,0,0,0,-92,0,1,0,75961531,0,31,0,128,0,"[0,0,-3,-15,-4,-15,-3,-15,-4,-14,-4,-14,-4,-14,-4,-13,-5,-13,-5,-13,-6,-12,-6,-12,-7,-12,-6,-12,-7,-12,-7,-12,-7,-12,-7,-12,-7,-12,-7,-13,-6,-13,-6,-13,-5,-13,-4,-13,-4,-13,-3,-12,-2,-12,0,0,0,0,0,0,0,0,0,0,0,0,0,0,0,0,0,0,0,0,0,0,-4,-11,-4,-11,-3,-12,-3,-12,-2,-13,-2,-13,-1,-13,-1,-14,0,-13,0,-14,1,-13,1,-13,1,-13,0,-13,0,-13,0,-13,-1,-13,-1,-13,-2,-14,-2,-14,-2,-14,-3,-14,-3,-14,-3,-15,-3,-15,-4,-15]"
2025-08-18 22:59:08.796278,CSI_DATA,445,1a:00:00:00:00:00,-37,11,0,0,0,0,0,0,0,0,0,-92,0,1,0,76162612,0,31,0,128,0,"[0,0,14,2,14,2,14,1,14,1,14,1,13,1,13,0,13,0,12,0,12,-1,12,-2,12,-2,12,-3,12,-3,13,-3,13,-3,13,-3,13,-3,13,-2,13,-2,13,-1,13,0,12,0,12,0,12,1,11,2,0,0,0,0,0,0,0,0,0,0,0,0,0,0,0,0,0,0,0,0,0,0,10,-1,11,0,11,1,11,1,12,2,12,3,12,4,12,4,12,5,11,5,11,5,11,5,11,5,11,4,11,4,11,4,11,3,12,3,12,3,12,3,13,2,13,2,14,2,14,1,14,2,14,1]"
2025-08-18 22:59:09.001036,CSI_DATA,446,1a:00:00:00:00:00,-37,11,0,0,0,0,0,0,0,0,0,-92,0,1,0,76363829,0,31,0,128,0,"[0,0,-9,12,-9,12,-9,11,-8,11,-8,11,-8,11,-7,11,-7,11,-6,11,-5,11,-5,12,-4,12,-4,12,-4,12,-4,12,-4,12,-4,12,-4,13,-5,13,-5,12,-6,12,-6,11,-6,11,-7,10,-7,10,-7,9,0,0,0,0,0,0,0,0,0,0,0,0,0,0,0,0,0,0,0,0,0,0,-5,9,-6,9,-7,9,-8,9,-8,9,-9,9,-10,8,-10,8,-11,8,-11,7,-11,7,-11,7,-11,7,-10,8,-10,7,-10,8,-10,8,-9,8,-9,9,-9,9,-9,10,-9,10,-9,11,-9,11,-9,12,-9,11]"
2025-08-18 22:59:09.198464,CSI_DATA,447,1a:00:00:00:00:00,-37,11,0,0,0,0,0,0,0,0,0,-92,0,1,0,76564977,0,31,0,128,0,"[0,0,4,14,4,13,4,13,5,13,5,13,5,12,5,12,6,11,6,11,6,10,6,10,7,10,7,10,8,10,8,10,8,10,8,10,8,10,7,11,7,11,6,11,6,11,5,11,4,11,4,11,3,11,0,0,0,0,0,0,0,0,0,0,0,0,0,0,0,0,0,0,0,0,0,0,5,9,5,10,4,10,4,11,3,11,3,12,2,12,2,12,1,13,1,12,1,12,0,12,0,12,1,12,1,12,1,12,1,12,2,12,2,12,3,12,3,13,4,13,4,13,5,13,4,14,5,13]"
2025-08-18 22:59:09.257232,CSI_DATA,448,1a:00:00:00:00:00,-37,11,0,0,0,0,0,0,0,0,0,-92,0,1,0,76625742,0,42,0,128,0,"[0,0,11,9,12,9,11,8,12,8,11,8,11,7,11,7,11,6,11,6,12,5,12,5,12,4,12,4,12,4,13,3,12,3,13,4,13,4,13,4,13,5,12,5,12,6,11,6,11,6,10,7,9,7,0,0,0,0,0,0,0,0,0,0,0,0,0,0,0,0,0,0,0,0,0,0,9,5,9,6,9,7,9,7,9,8,9,9,8,10,8,10,8,10,7,11,7,11,7,11,7,10,7,10,7,10,7,10,8,9,9,9,9,9,9,9,10,9,10,9,11,9,12,9,11,9,12,9]"
2025-08-18 22:59:09.327415,CSI_DATA,449,1a:00:00:00:00:00,-37,11,0,0,0,0,0,0,0,0,0,-92,0,1,0,76689981,0,31,0,128,0,"[0,0,-14,5,-14,5,-14,5,-14,5,-13,6,-13,6,-12,6,-12,6,-11,6,-11,7,-11,7,-10,8,-10,8,-10,8,-10,8,-10,8,-11,9,-11,9,-11,9,-11,8,-11,8,-11,7,-11,6,-11,6,-11,5,-11,4,0,0,0,0,0,0,0,0,0,0,0,0,0,0,0,0,0,0,0,0,0,0,-10,5,-11,4,-11,4,-12,3,-12,3,-13,2,-13,2,-13,2,-13,1,-14,1,-13,1,-13,0,-13,1,-13,1,-13,1,-13,1,-13,2,-13,3,-13,3,-13,3,-13,4,-13,4,-14,5,-14,5,-14,5,-14,5]"
2025-08-18 22:59:09.534662,CSI_DATA,450,1a:00:00:00:00:00,-37,11,0,0,0,0,0,0,0,0,0,-92,0,1,0,76891062,0,31,0,128,0,"[0,0,-12,-10,-12,-9,-12,-9,-12,-9,-12,-8,-12,-8,-12,-8,-12,-7,-12,-6,-12,-6,-12,-6,-12,-5,-12,-5,-13,-5,-13,-4,-13,-4,-13,-5,-13,-5,-14,-5,-13,-5,-13,-6,-12,-6,-12,-7,-11,-7,-10,-7,-10,-7,0,0,0,0,0,0,0,0,0,0,0,0,0,0,0,0,0,0,0,0,0,0,-10,-6,-9,-7,-10,-8,-9,-8,-9,-9,-9,-10,-9,-11,-8,-11,-8,-11,-8,-12,-7,-12,-7,-11,-7,-11,-7,-11,-8,-10,-8,-10,-8,-10,-9,-10,-9,-10,-10,-10,-10,-10,-11,-10,-11,-10,-12,-10,-12,-10,-12,-10]"
2025-08-18 22:59:09.746337,CSI_DATA,451,1a:00:00:00:00:00,-37,11,0,0,0,0,0,0,0,0,0,-92,0,1,0,77093626,0,31,0,128,0,"[0,0,3,-15,2,-15,3,-15,2,-14,2,-15,2,-14,1,-14,1,-14,0,-13,0,-13,-1,-13,-1,-13,-2,-13,-2,-13,-2,-13,-2,-14,-2,-14,-2,-14,-1,-14,-1,-14,0,-14,0,-14,1,-13,1,-13,2,-12,2,-12,0,0,0,0,0,0,0,0,0,0,0,0,0,0,0,0,0,0,0,0,0,0,0,-11,1,-12,2,-12,3,-12,3,-12,4,-12,5,-13,5,-12,6,-12,6,-12,6,-12,6,-11,6,-12,6,-11,6,-11,5,-11,5,-12,4,-12,4,-13,4,-13,4,-13,3,-14,3,-14,3,-15,3,-15,3,-15]"
2025-08-18 22:59:09.930251,CSI_DATA,452,1a:00:00:00:00:00,-37,11,0,0,0,0,0,0,0,0,0,-92,0,1,0,77293630,0,31,0,128,0,"[0,0,14,-1,13,-2,14,-2,13,-2,14,-2,13,-2,12,-2,12,-3,12,-3,11,-4,12,-5,11,-5,11,-5,11,-6,11,-6,12,-6,11,-6,12,-6,12,-5,12,-5,12,-4,12,-3,11,-3,12,-3,11,-2,11,-2,0,0,0,0,0,0,0,0,0,0,0,0,0,0,0,0,0,0,0,0,0,0,10,-3,10,-2,11,-1,11,-1,11,0,12,0,12,1,12,1,12,2,12,2,12,2,12,2,12,2,12,2,12,2,11,2,12,1,12,0,13,0,12,0,13,-1,13,-1,13,-1,14,-2,14,-2,14,-2]"
2025-08-18 22:59:10.130608,CSI_DATA,453,1a:00:00:00:00:00,-37,11,0,0,0,0,0,0,0,0,0,-92,0,1,0,77494712,0,31,0,128,0,"[0,0,-1,15,-1,14,-1,14,-1,14,-1,14,0,13,0,13,1,13,1,12,1,12,2,12,2,12,2,12,3,12,3,12,3,12,3,13,3,13,2,13,2,13,1,13,1,13,0,12,-1,12,-1,11,-2,11,0,0,0,0,0,0,0,0,0,0,0,0,0,0,0,0,0,0,0,0,0,0,1,10,1,11,0,11,-1,12,-1,12,-2,12,-3,12,-3,12,-4,12,-4,12,-5,12,-5,12,-4,12,-4,12,-4,12,-4,11,-3,12,-3,12,-2,13,-2,13,-2,13,-2,13,-1,14,-1,14,-1,14,-1,14]"
2025-08-18 22:59:10.333269,CSI_DATA,454,1a:00:00:00:00:00,-37,11,0,0,0,0,0,0,0,0,0,-92,0,1,0,77695860,0,31,0,128,0,"[0,0,-8,13,-8,12,-8,12,-7,12,-7,13,-7,12,-6,12,-5,12,-5,12,-4,12,-4,12,-3,12,-3,12,-3,13,-3,12,-3,13,-3,13,-3,13,-3,13,-4,13,-4,12,-5,12,-5,12,-5,11,-6,10,-6,10,0,0,0,0,0,0,0,0,0,0,0,0,0,0,0,0,0,0,0,0,0,0,-5,10,-5,10,-6,10,-7,10,-7,10,-9,10,-9,10,-10,9,-10,9,-10,8,-10,8,-10,8,-10,8,-10,8,-9,9,-9,8,-9,9,-8,10,-9,10,-8,10,-8,11,-8,11,-8,12,-8,12,-8,12,-8,13]"
2025-08-18 22:59:10.534493,CSI_DATA,455,1a:00:00:00:00:00,-37,11,0,0,0,0,0,0,0,0,0,-92,0,1,0,77897011,0,31,0,128,0,"[0,0,-10,11,-10,11,-9,11,-9,11,-8,11,-8,11,-8,11,-7,11,-7,11,-6,11,-6,11,-5,11,-5,11,-5,12,-4,12,-4,12,-5,13,-5,12,-5,12,-6,12,-6,12,-6,11,-7,11,-7,10,-7,9,-8,9,0,0,0,0,0,0,0,0,0,0,0,0,0,0,0,0,0,0,0,0,0,0,-6,9,-7,9,-8,9,-8,8,-9,9,-10,8,-11,8,-11,8,-11,7,-12,7,-11,7,-11,7,-11,7,-11,7,-10,7,-10,7,-10,8,-10,8,-10,9,-10,9,-10,10,-9,10,-10,11,-10,11,-10,11,-9,11]"
2025-08-18 22:59:10.735052,CSI_DATA,456,1a:00:00:00:00:00,-37,11,0,0,0,0,0,0,0,0,0,-92,0,1,0,78098127,0,31,0,128,0,"[0,0,12,-8,11,-8,11,-8,11,-8,11,-8,10,-8,10,-8,10,-8,9,-9,9,-9,8,-9,8,-10,8,-10,7,-10,7,-11,7,-11,8,-11,8,-11,9,-11,9,-10,9,-10,9,-9,9,-9,9,-8,9,-7,9,-7,0,0,0,0,0,0,0,0,0,0,0,0,0,0,0,0,0,0,0,0,0,0,8,-7,9,-7,9,-6,10,-6,10,-6,11,-5,12,-4,12,-4,12,-4,12,-3,12,-3,12,-3,12,-3,11,-4,11,-4,11,-4,11,-4,11,-5,11,-6,11,-6,11,-6,12,-7,11,-7,12,-8,12,-8,12,-8]"
2025-08-18 22:59:10.797101,CSI_DATA,457,1a:00:00:00:00:00,-37,11,0,0,0,0,0,0,0,0,0,-92,0,1,0,78159260,0,42,0,128,0,"[0,0,12,-9,11,-9,11,-9,11,-9,11,-9,10,-9,10,-9,9,-10,8,-10,8,-10,8,-10,7,-11,7,-11,7,-11,7,-11,7,-12,7,-11,7,-12,8,-12,8,-11,8,-11,8,-10,8,-10,9,-9,9,-8,9,-8,0,0,0,0,0,0,0,0,0,0,0,0,0,0,0,0,0,0,0,0,0,0,7,-8,8,-7,9,-7,10,-7,10,-6,11,-6,12,-6,12,-5,12,-5,12,-4,12,-4,12,-4,12,-4,11,-5,11,-5,11,-5,11,-5,11,-6,11,-7,11,-7,11,-7,11,-8,11,-8,11,-9,11,-9,12,-9]"
2025-08-18 22:59:10.868540,CSI_DATA,458,1a:00:00:00:00:00,-37,11,0,0,0,0,0,0,0,0,0,-92,0,1,0,78226028,0,31,0,128,0,"[0,0,-14,-5,-15,-5,-14,-5,-14,-5,-14,-4,-14,-4,-13,-4,-13,-3,-13,-3,-13,-2,-13,-2,-13,-1,-13,-1,-13,0,-14,0,-14,0,-14,0,-14,0,-14,-1,-14,-1,-14,-2,-13,-2,-13,-3,-13,-3,-12,-4,-12,-4,0,0,0,0,0,0,0,0,0,0,0,0,0,0,0,0,0,0,0,0,0,0,-11,-3,-11,-3,-12,-4,-11,-5,-12,-6,-12,-7,-12,-7,-11,-8,-11,-8,-11,-8,-11,-9,-11,-9,-10,-8,-11,-8,-11,-8,-11,-8,-11,-7,-12,-7,-12,-6,-12,-6,-13,-6,-13,-6,-14,-6,-14,-5,-14,-5,-14,-6]"
2025-08-18 22:59:11.283208,CSI_DATA,459,1a:00:00:00:00:00,-37,11,0,0,0,0,0,0,0,0,0,-92,0,1,0,78427104,0,31,0,128,0,"[0,0,14,-4,13,-5,13,-5,13,-5,13,-5,12,-5,12,-5,11,-5,11,-6,10,-6,10,-7,10,-7,10,-7,10,-8,10,-8,10,-8,10,-8,11,-8,11,-7,11,-7,11,-6,11,-6,11,-5,11,-5,11,-4,11,-3,0,0,0,0,0,0,0,0,0,0,0,0,0,0,0,0,0,0,0,0,0,0,9,-5,10,-5,10,-4,11,-4,11,-3,12,-2,12,-2,12,-1,12,-1,12,0,12,0,12,0,12,0,12,-1,12,-1,12,-1,12,-2,12,-2,12,-3,12,-3,12,-3,13,-4,13,-4,13,-4,13,-4,14,-5]"
2025-08-18 22:59:11.290655,CSI_DATA,460,1a:00:00:00:00:00,-37,11,0,0,0,0,0,0,0,0,0,-92,0,1,0,78628255,0,31,0,128,0,"[0,0,-14,-4,-15,-3,-14,-3,-14,-2,-14,-1,-14,-2,-13,-2,-13,-1,-13,-1,-12,0,-12,-1,-12,1,-13,1,-14,1,-13,2,-13,2,-13,1,-13,3,-14,1,-13,1,-14,0,-13,0,-13,0,-12,-1,-12,-2,-12,-3,0,0,0,0,0,0,0,0,0,0,0,0,0,0,0,0,0,0,0,0,0,0,-11,-1,-11,-2,-11,-3,-12,-3,-12,-4,-12,-5,-12,-5,-12,-6,-12,-6,-11,-6,-11,-7,-11,-7,-11,-6,-11,-6,-11,-6,-11,-6,-12,-5,-12,-5,-12,-4,-13,-4,-13,-4,-13,-3,-14,-3,-14,-3,-14,-3,-15,-3]"
2025-08-18 22:59:11.465341,CSI_DATA,461,1a:00:00:00:00:00,-37,11,0,0,0,0,0,0,0,0,0,-92,0,1,0,78829455,0,31,0,128,0,"[0,0,14,0,14,-1,14,-1,13,-1,13,-1,13,-2,13,-2,12,-3,12,-3,12,-3,12,-4,11,-4,11,-4,11,-5,11,-5,12,-5,12,-5,12,-5,12,-5,12,-4,12,-4,12,-3,12,-2,12,-2,11,-1,11,-1,0,0,0,0,0,0,0,0,0,0,0,0,0,0,0,0,0,0,0,0,0,0,10,-2,10,-2,11,-1,11,0,12,0,12,1,12,2,12,2,12,2,12,3,12,3,11,3,11,3,11,3,11,2,11,2,12,2,12,1,12,1,12,0,13,0,13,0,13,0,14,-1,14,0,14,-1]"
2025-08-18 22:59:11.662437,CSI_DATA,462,1a:00:00:00:00:00,-37,11,0,0,0,0,0,0,0,0,0,-92,0,1,0,79030590,0,31,0,128,0,"[0,0,13,7,12,6,12,6,12,6,12,5,12,5,12,5,12,4,12,4,12,3,12,2,12,2,12,2,12,1,13,1,13,1,13,1,13,1,13,2,13,2,13,3,12,4,12,4,11,4,10,4,10,5,0,0,0,0,0,0,0,0,0,0,0,0,0,0,0,0,0,0,0,0,0,0,10,3,10,4,10,5,10,6,10,6,10,7,9,8,9,8,9,9,9,9,8,9,8,9,8,9,9,8,9,8,9,8,9,8,10,7,10,7,11,7,11,7,11,7,12,7,12,6,13,7,13,7]"
2025-08-18 22:59:11.867888,CSI_DATA,463,1a:00:00:00:00:00,-38,11,0,0,0,0,0,0,0,0,0,-92,0,1,0,79231760,0,31,0,128,0,"[0,0,-12,7,-12,7,-12,7,-11,7,-11,7,-11,7,-10,7,-10,8,-9,8,-9,8,-9,8,-8,9,-8,9,-8,9,-8,9,-8,10,-8,9,-8,10,-9,10,-9,9,-9,8,-9,8,-9,8,-9,7,-9,6,-10,6,0,0,0,0,0,0,0,0,0,0,0,0,0,0,0,0,0,0,0,0,0,0,-8,6,-9,6,-10,6,-10,5,-11,5,-11,5,-12,4,-12,3,-12,3,-13,3,-12,3,-12,3,-12,3,-12,3,-12,3,-12,4,-12,4,-11,4,-11,5,-11,6,-12,6,-12,6,-12,7,-12,7,-12,7,-12,7]"
2025-08-18 22:59:12.076412,CSI_DATA,464,1a:00:00:00:00:00,-37,11,0,0,0,0,0,0,0,0,0,-92,0,1,0,79433144,0,31,0,128,0,"[0,0,-5,-15,-6,-14,-5,-14,-6,-14,-6,-14,-6,-13,-6,-13,-7,-12,-7,-12,-7,-11,-8,-11,-8,-11,-9,-11,-9,-11,-9,-11,-9,-11,-9,-11,-9,-11,-9,-11,-8,-11,-8,-12,-7,-12,-7,-12,-6,-12,-5,-11,-5,-12,0,0,0,0,0,0,0,0,0,0,0,0,0,0,0,0,0,0,0,0,0,0,-6,-10,-5,-11,-4,-11,-4,-12,-3,-12,-3,-13,-2,-13,-2,-14,-2,-14,-1,-13,-1,-13,-1,-13,-1,-13,-1,-13,-2,-13,-2,-13,-2,-13,-3,-13,-3,-13,-4,-13,-4,-14,-5,-14,-5,-14,-5,-14,-6,-14,-5,-14]"
2025-08-18 22:59:12.272186,CSI_DATA,465,1a:00:00:00:00:00,-37,11,0,0,0,0,0,0,0,0,0,-92,0,1,0,79634187,0,31,0,128,0,"[0,0,15,-3,14,-3,14,-3,14,-3,13,-3,13,-4,13,-4,12,-4,12,-5,11,-5,11,-6,11,-7,11,-7,11,-7,11,-7,11,-7,11,-7,12,-7,12,-7,12,-6,12,-6,12,-5,12,-5,11,-4,11,-3,11,-3,0,0,0,0,0,0,0,0,0,0,0,0,0,0,0,0,0,0,0,0,0,0,10,-4,11,-3,11,-2,12,-2,12,-1,13,0,13,0,13,1,13,2,12,2,12,1,12,2,12,1,12,1,12,1,12,1,12,0,12,0,13,-1,13,-1,13,-1,14,-2,13,-2,14,-3,14,-3,14,-3]"
2025-08-18 22:59:12.329541,CSI_DATA,466,1a:00:00:00:00:00,-37,11,0,0,0,0,0,0,0,0,0,-92,0,1,0,79695001,0,42,0,128,0,"[0,0,14,2,14,2,13,2,14,1,13,1,13,1,13,1,13,0,12,-1,13,-1,12,-2,12,-2,12,-2,12,-3,13,-3,12,-3,13,-3,13,-3,13,-2,13,-2,13,-1,13,-1,12,0,12,0,11,1,11,2,0,0,0,0,0,0,0,0,0,0,0,0,0,0,0,0,0,0,0,0,0,0,10,0,11,0,11,1,11,2,12,3,12,3,12,4,12,4,12,5,11,6,11,5,11,5,11,5,11,5,11,4,11,4,11,4,12,3,12,3,12,3,13,3,13,2,14,2,14,2,14,2,14,2]"
2025-08-18 22:59:12.601249,CSI_DATA,467,1a:00:00:00:00:00,-37,11,0,0,0,0,0,0,0,0,0,-92,0,1,0,79761609,0,31,0,128,0,"[0,0,-8,13,-7,13,-7,13,-7,12,-6,12,-6,12,-5,12,-5,12,-4,12,-4,12,-3,12,-3,12,-3,13,-3,13,-2,12,-3,13,-2,13,-3,13,-3,13,-4,13,-4,12,-5,12,-5,12,-5,11,-6,10,-6,10,0,0,0,0,0,0,0,0,0,0,0,0,0,0,0,0,0,0,0,0,0,0,-4,10,-5,10,-6,10,-7,10,-7,10,-8,10,-9,10,-9,10,-9,9,-9,9,-10,9,-10,9,-10,9,-9,9,-9,9,-9,9,-9,10,-8,10,-8,10,-8,11,-8,11,-7,11,-7,12,-7,12,-7,13,-8,13]"
2025-08-18 22:59:12.606439,CSI_DATA,468,1a:00:00:00:00:00,-37,11,0,0,0,0,0,0,0,0,0,-92,0,1,0,79962685,0,31,0,128,0,"[0,0,6,13,6,13,6,13,6,13,6,12,6,12,6,11,7,11,7,10,7,10,8,10,8,9,8,9,8,9,9,9,9,9,9,10,9,10,9,10,8,11,8,11,7,11,6,11,6,11,5,10,4,10,0,0,0,0,0,0,0,0,0,0,0,0,0,0,0,0,0,0,0,0,0,0,6,9,5,9,5,10,4,11,4,12,4,12,3,13,2,12,2,13,2,13,2,13,1,12,2,13,2,12,2,12,2,12,3,12,3,12,4,12,4,12,5,12,5,13,6,13,6,13,6,13,6,13]"
2025-08-18 22:59:12.801892,CSI_DATA,469,1a:00:00:00:00:00,-37,11,0,0,0,0,0,0,0,0,0,-92,0,1,0,80163828,0,31,0,128,0,"[0,0,5,-14,5,-14,5,-14,5,-13,4,-14,4,-13,4,-13,3,-13,2,-13,2,-13,2,-13,1,-13,0,-14,0,-14,1,-13,0,-14,0,-14,1,-14,1,-14,1,-14,2,-14,2,-14,3,-13,3,-12,4,-12,4,-11,0,0,0,0,0,0,0,0,0,0,0,0,0,0,0,0,0,0,0,0,0,0,2,-11,3,-11,4,-11,5,-11,5,-11,6,-11,7,-11,7,-11,8,-11,8,-11,8,-10,8,-10,8,-10,7,-10,7,-11,7,-10,7,-11,6,-11,6,-12,6,-12,5,-13,6,-13,5,-13,5,-14,5,-14,5,-14]"
2025-08-18 22:59:13.020784,CSI_DATA,470,1a:00:00:00:00:00,-37,11,0,0,0,0,0,0,0,0,0,-92,0,1,0,80365084,0,31,0,128,0,"[0,0,-15,-3,-15,-3,-15,-3,-15,-3,-14,-2,-14,-2,-14,-2,-14,-1,-14,-1,-13,0,-13,1,-13,1,-13,2,-13,2,-13,2,-14,2,-14,2,-14,2,-14,2,-14,1,-14,1,-14,0,-13,0,-13,-1,-13,-1,-12,-2,0,0,0,0,0,0,0,0,0,0,0,0,0,0,0,0,0,0,0,0,0,0,-11,-2,-12,-3,-12,-3,-12,-4,-12,-4,-13,-5,-12,-6,-12,-7,-12,-7,-12,-7,-12,-7,-12,-7,-12,-7,-12,-7,-11,-6,-12,-6,-12,-6,-12,-5,-13,-5,-13,-5,-14,-5,-14,-4,-14,-4,-15,-3,-15,-3,-15,-3]"
2025-08-18 22:59:13.203447,CSI_DATA,471,1a:00:00:00:00:00,-37,11,0,0,0,0,0,0,0,0,0,-92,0,1,0,80566420,0,31,0,128,0,"[0,0,-7,13,-7,13,-7,13,-6,12,-6,13,-6,12,-5,12,-5,12,-4,12,-3,12,-3,12,-2,12,-2,12,-2,13,-2,12,-2,13,-2,13,-2,13,-3,13,-3,13,-4,13,-4,12,-4,12,-5,11,-5,11,-6,10,0,0,0,0,0,0,0,0,0,0,0,0,0,0,0,0,0,0,0,0,0,0,-3,10,-4,10,-5,10,-6,11,-6,10,-7,11,-8,10,-8,10,-9,10,-8,9,-9,10,-9,9,-8,10,-8,9,-8,10,-8,9,-8,10,-7,10,-7,11,-7,11,-7,11,-7,12,-6,12,-6,13,-6,13,-6,13]"
2025-08-18 22:59:13.405469,CSI_DATA,472,1a:00:00:00:00:00,-37,11,0,0,0,0,0,0,0,0,0,-92,0,1,0,80767768,0,31,0,128,0,"[0,0,-13,7,-13,8,-13,7,-12,7,-12,8,-12,7,-11,8,-10,8,-10,8,-9,9,-9,9,-9,9,-9,9,-9,9,-9,10,-9,10,-9,10,-9,10,-10,10,-10,9,-10,9,-10,8,-10,8,-10,7,-10,6,-10,6,0,0,0,0,0,0,0,0,0,0,0,0,0,0,0,0,0,0,0,0,0,0,-9,7,-9,6,-10,6,-11,6,-11,5,-12,5,-13,4,-13,4,-13,4,-13,3,-13,3,-13,3,-13,3,-13,3,-12,3,-12,4,-12,4,-12,5,-12,5,-12,6,-12,6,-13,6,-13,7,-13,7,-13,7,-13,8]"
2025-08-18 22:59:13.608707,CSI_DATA,473,1a:00:00:00:00:00,-37,11,0,0,0,0,0,0,0,0,0,-92,0,1,0,80968684,0,31,0,128,0,"[0,0,-15,0,-16,0,-15,0,-15,0,-14,0,-14,0,-14,1,-13,1,-13,2,-13,3,-13,3,-13,3,-13,4,-12,4,-13,4,-13,4,-13,4,-13,4,-14,4,-14,3,-14,3,-13,2,-13,2,-13,1,-13,0,-12,0,0,0,0,0,0,0,0,0,0,0,0,0,0,0,0,0,0,0,0,0,0,0,-11,1,-11,0,-12,0,-12,-1,-13,-1,-13,-2,-13,-3,-13,-4,-13,-4,-13,-4,-13,-4,-13,-4,-13,-4,-13,-4,-12,-4,-13,-4,-13,-3,-13,-2,-13,-2,-14,-2,-14,-2,-14,-1,-15,-1,-15,0,-15,0,-15,0]"
2025-08-18 22:59:13.808443,CSI_DATA,474,1a:00:00:00:00:00,-37,11,0,0,0,0,0,0,0,0,0,-92,0,1,0,81169814,0,31,0,128,0,"[0,0,3,-15,3,-15,3,-15,2,-14,2,-15,2,-14,1,-14,1,-14,0,-13,0,-13,-1,-13,-1,-13,-1,-13,-2,-13,-2,-13,-2,-14,-2,-14,-2,-14,-2,-14,-1,-14,-1,-14,0,-14,0,-13,1,-13,1,-12,2,-12,0,0,0,0,0,0,0,0,0,0,0,0,0,0,0,0,0,0,0,0,0,0,1,-11,2,-12,3,-12,3,-12,4,-12,5,-12,6,-12,6,-12,6,-12,7,-11,7,-11,7,-11,6,-11,6,-11,6,-12,5,-11,5,-12,5,-12,4,-13,4,-13,4,-13,4,-14,3,-14,3,-14,3,-15,3,-15]"
2025-08-18 22:59:13.861817,CSI_DATA,475,1a:00:00:00:00:00,-37,11,0,0,0,0,0,0,0,0,0,-92,0,1,0,81230624,0,42,0,128,0,"[0,0,7,13,7,12,7,12,7,12,7,11,7,11,7,10,8,10,8,9,8,9,9,8,9,8,9,8,9,8,10,8,10,8,10,8,10,8,10,9,9,9,9,9,8,9,8,9,7,9,6,9,6,10,0,0,0,0,0,0,0,0,0,0,0,0,0,0,0,0,0,0,0,0,0,0,6,8,6,9,6,10,5,10,5,11,4,11,4,12,3,12,3,12,3,12,3,12,2,12,3,12,3,12,3,12,3,11,4,12,4,11,5,11,5,12,5,12,6,12,6,12,7,12,7,12,7,12]"
2025-08-18 22:59:13.930839,CSI_DATA,476,1a:00:00:00:00:00,-37,11,0,0,0,0,0,0,0,0,0,-92,0,1,0,81299160,0,31,0,128,0,"[0,0,5,13,5,13,5,12,5,12,5,12,5,11,5,11,6,11,6,10,6,10,7,10,7,9,7,9,8,9,8,9,8,9,8,9,8,10,8,10,7,10,7,10,6,10,6,10,5,10,4,10,4,10,0,0,0,0,0,0,0,0,0,0,0,0,0,0,0,0,0,0,0,0,0,0,4,9,4,10,4,10,3,11,3,11,2,12,2,12,1,12,1,12,0,12,0,12,0,12,0,12,1,12,1,12,1,11,2,12,2,11,3,12,3,12,3,12,4,12,4,12,4,13,4,13,5,13]"
2025-08-18 22:59:14.138833,CSI_DATA,477,1a:00:00:00:00:00,-37,11,0,0,0,0,0,0,0,0,0,-92,0,1,0,81500202,0,31,0,128,0,"[0,0,-15,6,-14,6,-14,6,-14,6,-13,6,-13,6,-12,7,-12,7,-11,7,-11,7,-11,8,-10,8,-10,9,-10,9,-10,9,-10,10,-10,10,-11,10,-11,9,-11,9,-11,9,-11,8,-11,7,-11,6,-11,6,-11,5,0,0,0,0,0,0,0,0,0,0,0,0,0,0,0,0,0,0,0,0,0,0,-10,5,-11,4,-12,4,-12,3,-13,3,-13,2,-14,2,-14,1,-14,1,-14,0,-14,0,-14,0,-14,0,-13,1,-13,1,-13,1,-14,2,-13,3,-14,3,-14,4,-14,4,-14,4,-14,5,-14,5,-14,5,-15,6]"
2025-08-18 22:59:14.342905,CSI_DATA,478,1a:00:00:00:00:00,-37,11,0,0,0,0,0,0,0,0,0,-92,0,1,0,81701604,0,31,0,128,0,"[0,0,-14,6,-14,6,-13,6,-13,6,-13,7,-12,6,-12,7,-11,7,-11,7,-10,7,-10,8,-10,8,-9,8,-9,9,-9,9,-10,9,-10,9,-10,9,-10,9,-11,8,-11,8,-11,7,-11,7,-11,6,-11,6,-11,5,0,0,0,0,0,0,0,0,0,0,0,0,0,0,0,0,0,0,0,0,0,0,-9,6,-10,5,-11,5,-12,4,-12,4,-13,4,-13,3,-13,2,-13,2,-13,2,-13,2,-13,2,-13,2,-13,2,-13,2,-13,2,-13,3,-12,3,-13,4,-13,4,-13,5,-13,5,-13,6,-13,6,-13,6,-14,6]"
2025-08-18 22:59:14.539690,CSI_DATA,479,1a:00:00:00:00:00,-37,11,0,0,0,0,0,0,0,0,0,-92,0,1,0,81902641,0,31,0,128,0,"[0,0,11,-9,11,-9,11,-9,10,-9,10,-9,10,-9,10,-9,9,-9,9,-9,8,-10,7,-10,7,-10,7,-11,7,-11,7,-11,7,-11,7,-11,7,-11,8,-11,8,-11,8,-10,8,-10,8,-9,8,-9,8,-8,9,-7,0,0,0,0,0,0,0,0,0,0,0,0,0,0,0,0,0,0,0,0,0,0,7,-8,8,-8,9,-7,9,-7,10,-7,11,-6,11,-5,11,-5,12,-5,11,-5,11,-4,11,-4,11,-5,11,-5,11,-5,11,-5,11,-5,10,-6,11,-7,11,-7,11,-7,11,-8,11,-8,11,-9,11,-9,12,-9]"
2025-08-18 22:59:14.742556,CSI_DATA,480,1a:00:00:00:00:00,-37,11,0,0,0,0,0,0,0,0,0,-92,0,1,0,82103801,0,31,0,128,0,"[0,0,3,-15,3,-15,3,-15,2,-14,2,-14,2,-14,1,-14,1,-14,0,-13,0,-13,-1,-13,-1,-13,-1,-13,-2,-13,-2,-13,-2,-14,-2,-14,-2,-14,-2,-14,-1,-14,-1,-14,0,-14,0,-13,1,-13,1,-12,2,-12,0,0,0,0,0,0,0,0,0,0,0,0,0,0,0,0,0,0,0,0,0,0,1,-11,2,-12,3,-12,4,-12,4,-12,5,-12,6,-12,6,-12,6,-12,7,-11,7,-11,7,-11,7,-11,6,-11,6,-11,6,-11,5,-12,5,-12,4,-13,4,-13,4,-13,4,-14,3,-14,4,-15,3,-15,3,-15]"
2025-08-18 22:59:14.946697,CSI_DATA,481,1a:00:00:00:00:00,-37,11,0,0,0,0,0,0,0,0,0,-92,0,1,0,82305052,0,31,0,128,0,"[0,0,-15,-4,-15,-4,-15,-3,-15,-3,-14,-3,-14,-3,-14,-2,-13,-2,-13,-1,-13,-1,-13,0,-13,0,-13,0,-13,1,-14,1,-13,1,-14,1,-14,1,-14,1,-14,0,-14,-1,-13,-1,-13,-2,-13,-2,-12,-2,-12,-3,0,0,0,0,0,0,0,0,0,0,0,0,0,0,0,0,0,0,0,0,0,0,-11,-1,-11,-2,-12,-3,-12,-4,-13,-4,-13,-5,-13,-6,-12,-6,-12,-7,-12,-7,-12,-7,-11,-7,-12,-7,-11,-6,-12,-6,-12,-6,-12,-5,-13,-5,-13,-5,-13,-5,-13,-4,-14,-4,-15,-4,-15,-4,-15,-4,-15,-4]"
2025-08-18 22:59:15.143829,CSI_DATA,482,1a:00:00:00:00:00,-37,11,0,0,0,0,0,0,0,0,0,-92,0,1,0,82506198,0,31,0,128,0,"[0,0,10,-11,10,-11,9,-11,10,-11,9,-11,9,-11,8,-11,8,-11,7,-11,6,-11,6,-12,5,-12,5,-12,5,-12,5,-13,5,-12,5,-13,6,-13,6,-13,6,-12,6,-12,7,-11,7,-11,7,-10,7,-9,8,-9,0,0,0,0,0,0,0,0,0,0,0,0,0,0,0,0,0,0,0,0,0,0,6,-9,7,-9,8,-9,8,-9,9,-8,10,-8,10,-8,11,-7,11,-7,11,-7,11,-6,11,-6,11,-7,11,-7,11,-7,10,-7,10,-7,10,-8,10,-9,10,-9,10,-9,10,-10,10,-10,10,-11,10,-11,10,-11]"
2025-08-18 22:59:15.348365,CSI_DATA,483,1a:00:00:00:00:00,-37,11,0,0,0,0,0,0,0,0,0,-92,0,1,0,82707347,0,31,0,128,0,"[0,0,-1,-15,-2,-15,-1,-15,-2,-15,-2,-15,-2,-14,-2,-14,-3,-13,-3,-13,-4,-13,-4,-13,-5,-12,-5,-12,-5,-12,-6,-12,-6,-13,-6,-13,-5,-13,-5,-13,-5,-13,-4,-13,-4,-13,-3,-13,-3,-13,-2,-12,-1,-12,0,0,0,0,0,0,0,0,0,0,0,0,0,0,0,0,0,0,0,0,0,0,-3,-11,-2,-12,-1,-12,0,-13,0,-13,1,-13,2,-13,2,-13,2,-13,3,-13,3,-13,3,-13,3,-13,2,-13,2,-13,2,-13,2,-13,1,-13,1,-14,0,-14,0,-14,0,-14,-1,-15,-1,-15,-1,-15,-1,-15]"
2025-08-18 22:59:15.406860,CSI_DATA,484,1a:00:00:00:00:00,-37,11,0,0,0,0,0,0,0,0,0,-92,0,1,0,82768113,0,42,0,128,0,"[0,0,-11,10,-11,10,-11,10,-10,10,-10,10,-10,10,-9,10,-9,10,-8,10,-8,11,-7,11,-6,11,-6,11,-6,11,-6,12,-6,12,-7,12,-7,12,-7,12,-7,12,-8,11,-8,11,-8,10,-8,10,-8,9,-9,8,0,0,0,0,0,0,0,0,0,0,0,0,0,0,0,0,0,0,0,0,0,0,-7,9,-8,8,-9,8,-10,8,-10,8,-11,7,-12,7,-12,6,-12,6,-12,6,-12,6,-12,5,-12,6,-12,6,-12,6,-12,6,-11,7,-11,7,-11,8,-11,8,-11,8,-11,9,-11,10,-11,10,-11,10,-11,10]"
2025-08-18 22:59:15.466603,CSI_DATA,485,1a:00:00:00:00:00,-37,11,0,0,0,0,0,0,0,0,0,-92,0,1,0,82834551,0,31,0,128,0,"[0,0,11,10,10,9,10,10,10,9,10,9,10,8,10,8,11,7,10,7,10,6,11,6,11,5,11,5,12,5,11,5,12,5,12,5,12,6,12,6,12,6,11,6,11,7,10,7,9,7,9,8,8,8,0,0,0,0,0,0,0,0,0,0,0,0,0,0,0,0,0,0,0,0,0,0,8,6,9,7,8,7,8,8,8,9,8,10,7,10,7,10,7,11,6,11,6,11,6,11,6,11,6,11,7,10,6,10,7,10,7,9,8,10,9,10,9,10,9,10,10,9,10,10,10,10,11,10]"
2025-08-18 22:59:15.678115,CSI_DATA,486,1a:00:00:00:00:00,-37,11,0,0,0,0,0,0,0,0,0,-92,0,1,0,83034905,0,31,0,128,0,"[0,0,-15,-5,-14,-5,-14,-5,-14,-5,-14,-4,-13,-4,-13,-4,-13,-3,-13,-2,-13,-2,-13,-2,-13,-1,-13,-1,-13,-1,-13,-1,-14,-1,-14,-1,-14,-1,-14,-1,-14,-1,-14,-2,-13,-3,-13,-3,-12,-4,-12,-4,-11,-5,0,0,0,0,0,0,0,0,0,0,0,0,0,0,0,0,0,0,0,0,0,0,-11,-2,-12,-3,-12,-4,-12,-4,-12,-5,-12,-6,-12,-7,-12,-7,-11,-7,-11,-7,-11,-8,-11,-8,-11,-7,-11,-7,-11,-7,-11,-7,-12,-7,-11,-6,-12,-6,-12,-6,-13,-5,-13,-5,-14,-5,-14,-5,-14,-5,-14,-5]"
2025-08-18 22:59:15.880298,CSI_DATA,487,1a:00:00:00:00:00,-37,11,0,0,0,0,0,0,0,0,0,-92,0,1,0,83237860,0,31,0,128,0,"[0,0,-8,12,-8,12,-8,12,-8,12,-7,12,-7,12,-6,12,-5,12,-5,11,-5,12,-5,12,-4,12,-4,12,-3,12,-3,12,-3,12,-3,13,-4,13,-4,13,-4,12,-5,12,-5,12,-5,11,-6,11,-6,10,-7,9,0,0,0,0,0,0,0,0,0,0,0,0,0,0,0,0,0,0,0,0,0,0,-5,10,-5,10,-6,10,-7,10,-8,10,-8,9,-9,9,-9,9,-10,9,-10,8,-10,8,-10,8,-10,8,-9,8,-9,8,-9,8,-9,9,-8,9,-8,10,-8,10,-8,11,-8,11,-8,12,-8,12,-8,12,-8,12]"
2025-08-18 22:59:16.074112,CSI_DATA,488,1a:00:00:00:00:00,-37,11,0,0,0,0,0,0,0,0,0,-92,0,1,0,83437338,0,31,0,128,0,"[0,0,14,-2,14,-2,14,-2,14,-2,13,-3,13,-3,13,-3,12,-4,12,-4,12,-5,12,-5,11,-5,11,-6,11,-6,11,-7,11,-7,12,-7,12,-6,12,-6,12,-6,12,-5,12,-5,12,-4,12,-3,12,-2,11,-2,0,0,0,0,0,0,0,0,0,0,0,0,0,0,0,0,0,0,0,0,0,0,10,-3,10,-2,11,-2,11,-1,12,-1,12,0,13,1,13,1,12,2,12,2,12,2,12,2,12,2,12,2,12,2,12,1,12,1,12,0,12,0,13,-1,13,-1,13,-2,14,-2,14,-2,14,-2,14,-2]"
2025-08-18 22:59:16.281104,CSI_DATA,489,1a:00:00:00:00:00,-37,11,0,0,0,0,0,0,0,0,0,-92,0,1,0,83638483,0,31,0,128,0,"[0,0,-9,-12,-9,-12,-9,-12,-9,-11,-9,-11,-9,-11,-9,-10,-9,-10,-10,-9,-10,-8,-10,-8,-11,-8,-11,-8,-11,-8,-11,-7,-11,-7,-11,-8,-12,-8,-12,-8,-11,-8,-11,-9,-10,-9,-10,-9,-9,-9,-8,-9,-8,-10,0,0,0,0,0,0,0,0,0,0,0,0,0,0,0,0,0,0,0,0,0,0,-8,-8,-8,-9,-7,-10,-7,-11,-6,-11,-6,-12,-6,-12,-5,-12,-5,-13,-5,-12,-4,-12,-4,-12,-5,-12,-5,-12,-5,-12,-5,-11,-6,-12,-6,-11,-7,-12,-7,-12,-7,-12,-8,-12,-8,-12,-9,-12,-9,-12,-9,-12]"
2025-08-18 22:59:16.471945,CSI_DATA,490,1a:00:00:00:00:00,-37,11,0,0,0,0,0,0,0,0,0,-92,0,1,0,83839636,0,31,0,128,0,"[0,0,6,13,6,13,6,12,6,12,6,12,6,12,6,11,6,11,6,10,7,10,7,10,8,9,8,9,8,9,9,9,9,9,9,10,8,10,8,10,8,10,7,10,7,11,6,11,5,11,5,10,4,10,0,0,0,0,0,0,0,0,0,0,0,0,0,0,0,0,0,0,0,0,0,0,6,9,5,9,5,10,4,11,4,11,3,12,3,12,2,12,2,13,1,12,1,13,1,12,1,12,1,12,2,12,2,12,3,12,3,12,3,12,4,12,4,12,5,12,5,13,6,13,6,13,6,13]"
2025-08-18 22:59:16.684040,CSI_DATA,491,1a:00:00:00:00:00,-37,11,0,0,0,0,0,0,0,0,0,-92,0,1,0,84040967,0,31,0,128,0,"[0,0,-14,-7,-14,-7,-14,-6,-14,-6,-14,-6,-13,-5,-13,-5,-13,-4,-13,-4,-14,-3,-13,-3,-13,-2,-13,-2,-13,-1,-14,-1,-14,-1,-14,-2,-14,-2,-14,-2,-14,-2,-14,-3,-13,-3,-13,-4,-12,-4,-12,-5,-11,-5,0,0,0,0,0,0,0,0,0,0,0,0,0,0,0,0,0,0,0,0,0,0,-11,-4,-11,-4,-11,-5,-11,-6,-12,-7,-11,-7,-11,-8,-11,-8,-11,-9,-11,-9,-10,-9,-10,-9,-10,-9,-10,-9,-10,-8,-11,-8,-11,-8,-11,-7,-12,-7,-12,-7,-12,-7,-13,-7,-14,-7,-14,-6,-14,-6,-14,-6]"
2025-08-18 22:59:16.880443,CSI_DATA,492,1a:00:00:00:00:00,-37,11,0,0,0,0,0,0,0,0,0,-92,0,1,0,84242102,0,31,0,128,0,"[0,0,10,-10,10,-10,10,-10,10,-10,9,-10,9,-10,8,-11,7,-11,7,-11,7,-11,6,-11,6,-11,6,-12,5,-12,5,-12,5,-12,6,-12,6,-12,6,-12,6,-12,7,-11,7,-11,7,-10,7,-10,8,-9,8,-9,0,0,0,0,0,0,0,0,0,0,0,0,0,0,0,0,0,0,0,0,0,0,6,-9,7,-8,8,-8,9,-8,9,-8,10,-7,10,-7,11,-7,11,-6,11,-6,11,-6,11,-6,11,-6,11,-6,10,-6,10,-6,10,-7,10,-8,10,-8,10,-8,10,-9,10,-9,10,-10,10,-10,10,-10,10,-10]"
2025-08-18 22:59:16.943350,CSI_DATA,493,1a:00:00:00:00:00,-37,11,0,0,0,0,0,0,0,0,0,-92,0,1,0,84302881,0,42,0,128,0,"[0,0,0,-16,0,-15,0,-15,-1,-15,-1,-15,-1,-14,-1,-14,-2,-14,-2,-13,-3,-13,-3,-13,-4,-13,-4,-13,-5,-13,-5,-13,-5,-13,-5,-13,-5,-14,-5,-14,-4,-14,-3,-14,-3,-14,-2,-13,-2,-13,-1,-12,0,-12,0,0,0,0,0,0,0,0,0,0,0,0,0,0,0,0,0,0,0,0,0,0,-2,-11,-1,-12,0,-12,0,-13,1,-13,2,-13,3,-13,3,-13,3,-13,4,-13,4,-13,4,-13,4,-13,3,-13,3,-13,3,-13,2,-13,2,-13,1,-14,1,-14,1,-14,1,-14,0,-15,0,-15,0,-15,0,-15]"
2025-08-18 22:59:17.007345,CSI_DATA,494,1a:00:00:00:00:00,-37,11,0,0,0,0,0,0,0,0,0,-92,0,1,0,84369227,0,31,0,128,0,"[0,0,10,-10,10,-11,10,-11,9,-10,9,-11,9,-11,8,-11,8,-11,7,-11,6,-11,6,-11,6,-12,5,-12,5,-12,5,-12,5,-13,5,-13,6,-13,6,-13,6,-12,7,-12,7,-11,7,-11,7,-10,8,-9,8,-9,0,0,0,0,0,0,0,0,0,0,0,0,0,0,0,0,0,0,0,0,0,0,6,-9,7,-9,8,-8,9,-8,9,-8,10,-8,11,-7,11,-7,11,-7,11,-6,12,-6,11,-6,11,-6,11,-6,11,-7,10,-6,10,-7,10,-8,10,-8,10,-9,10,-9,10,-10,10,-10,10,-10,10,-10,11,-11]"
2025-08-18 22:59:17.408503,CSI_DATA,495,1a:00:00:00:00:00,-37,11,0,0,0,0,0,0,0,0,0,-92,0,1,0,84570318,0,31,0,128,0,"[0,0,-13,8,-12,8,-12,8,-11,8,-11,8,-11,8,-10,8,-10,9,-10,9,-9,9,-9,9,-8,9,-8,10,-8,10,-8,10,-8,10,-8,10,-9,11,-9,11,-9,10,-9,10,-10,9,-10,8,-10,8,-10,7,-10,6,0,0,0,0,0,0,0,0,0,0,0,0,0,0,0,0,0,0,0,0,0,0,-8,7,-9,7,-10,7,-11,6,-11,6,-12,6,-12,5,-13,5,-13,4,-13,4,-13,4,-13,3,-13,4,-12,4,-12,4,-12,4,-12,5,-11,5,-12,6,-12,6,-12,7,-12,7,-12,8,-12,8,-12,8,-12,8]"
2025-08-18 22:59:17.414744,CSI_DATA,496,1a:00:00:00:00:00,-37,11,0,0,0,0,0,0,0,0,0,-92,0,1,0,84771491,0,31,0,128,0,"[0,0,14,-4,14,-4,13,-4,13,-5,13,-5,12,-5,12,-5,12,-6,11,-6,11,-6,11,-7,10,-7,10,-8,10,-8,10,-8,10,-8,11,-8,11,-8,11,-8,11,-7,11,-7,11,-6,11,-6,11,-5,11,-4,11,-4,0,0,0,0,0,0,0,0,0,0,0,0,0,0,0,0,0,0,0,0,0,0,9,-5,10,-4,11,-4,11,-3,12,-3,12,-2,12,-1,13,-1,13,0,12,0,12,0,12,0,12,0,12,-1,12,-1,12,-1,12,-1,12,-2,12,-2,12,-3,13,-3,13,-4,13,-4,13,-4,14,-4,14,-4]"
2025-08-18 22:59:17.623971,CSI_DATA,497,1a:00:00:00:00:00,-37,11,0,0,0,0,0,0,0,0,0,-92,0,1,0,84972645,0,31,0,128,0,"[0,0,-13,8,-12,8,-12,8,-12,8,-11,8,-11,8,-10,9,-10,9,-9,9,-9,9,-9,9,-8,10,-8,10,-7,10,-8,11,-7,10,-8,11,-8,10,-9,11,-9,10,-9,10,-9,9,-10,9,-10,8,-10,7,-10,6,0,0,0,0,0,0,0,0,0,0,0,0,0,0,0,0,0,0,0,0,0,0,-8,7,-9,7,-10,6,-10,6,-11,6,-12,5,-12,5,-13,5,-13,4,-13,4,-13,3,-13,3,-13,4,-12,4,-12,4,-12,4,-12,5,-12,5,-12,6,-12,6,-12,7,-12,7,-12,8,-12,8,-12,8,-12,8]"
2025-08-18 22:59:17.810765,CSI_DATA,498,1a:00:00:00:00:00,-37,11,0,0,0,0,0,0,0,0,0,-92,0,1,0,85173973,0,31,0,128,0,"[0,0,-4,14,-4,14,-4,14,-3,13,-3,13,-3,13,-3,13,-2,13,-2,12,-1,12,0,12,0,12,1,12,1,12,1,12,1,13,1,13,1,13,0,13,-1,13,-1,13,-1,13,-2,12,-2,12,-3,11,-3,11,0,0,0,0,0,0,0,0,0,0,0,0,0,0,0,0,0,0,0,0,0,0,-1,10,-2,11,-3,11,-4,11,-4,11,-5,12,-6,11,-6,11,-7,11,-7,11,-7,11,-7,10,-7,11,-6,11,-6,11,-6,11,-6,11,-5,11,-5,12,-5,12,-5,12,-4,13,-4,13,-4,14,-4,14,-4,14]"
2025-08-18 22:59:18.018569,CSI_DATA,499,1a:00:00:00:00:00,-37,11,0,0,0,0,0,0,0,0,0,-92,0,1,0,85375172,0,31,0,128,0,"[0,0,-13,-8,-13,-8,-13,-8,-12,-7,-12,-7,-12,-7,-12,-6,-12,-5,-12,-5,-12,-4,-12,-4,-12,-3,-12,-3,-13,-3,-13,-3,-13,-3,-13,-3,-13,-3,-13,-4,-13,-4,-13,-4,-12,-5,-12,-5,-11,-6,-11,-6,-10,-6,0,0,0,0,0,0,0,0,0,0,0,0,0,0,0,0,0,0,0,0,0,0,-10,-5,-10,-5,-10,-6,-10,-7,-10,-8,-10,-8,-10,-9,-10,-9,-9,-10,-9,-10,-9,-10,-9,-10,-9,-10,-9,-9,-9,-9,-9,-9,-9,-9,-10,-8,-11,-8,-11,-8,-11,-8,-12,-8,-12,-8,-12,-8,-13,-8,-13,-8]"
2025-08-18 22:59:18.207672,CSI_DATA,500,1a:00:00:00:00:00,-37,11,0,0,0,0,0,0,0,0,0,-92,0,1,0,85576273,0,31,0,128,0,"[0,0,11,9,11,8,11,8,11,8,11,7,10,7,11,7,11,6,11,6,11,5,11,5,11,4,11,4,12,4,12,3,12,3,12,4,12,4,12,4,12,5,11,5,11,6,10,6,10,6,9,6,9,7,0,0,0,0,0,0,0,0,0,0,0,0,0,0,0,0,0,0,0,0,0,0,9,5,9,6,9,7,9,7,8,8,8,9,8,9,7,10,7,10,7,10,7,10,6,10,7,10,7,10,7,9,7,9,8,9,8,8,9,9,9,9,9,8,10,9,10,8,11,8,11,9,11,8]"
2025-08-18 22:59:18.419652,CSI_DATA,501,1a:00:00:00:00:00,-37,11,0,0,0,0,0,0,0,0,0,-92,0,1,0,85777400,0,31,0,128,0,"[0,0,-9,-12,-9,-12,-9,-11,-9,-11,-9,-11,-9,-10,-9,-10,-10,-9,-10,-9,-10,-9,-10,-8,-10,-8,-11,-8,-11,-7,-11,-7,-11,-7,-11,-8,-11,-7,-11,-8,-11,-8,-11,-9,-10,-9,-10,-9,-9,-9,-8,-9,-7,-9,0,0,0,0,0,0,0,0,0,0,0,0,0,0,0,0,0,0,0,0,0,0,-8,-9,-7,-8,-8,-10,-7,-10,-7,-11,-6,-12,-6,-12,-5,-12,-5,-12,-5,-13,-4,-13,-4,-12,-4,-12,-4,-12,-5,-12,-5,-12,-6,-11,-6,-11,-7,-11,-7,-12,-7,-11,-8,-12,-9,-12,-9,-12,-9,-12,-9,-12]"
2025-08-18 22:59:18.475397,CSI_DATA,502,1a:00:00:00:00:00,-37,11,0,0,0,0,0,0,0,0,0,-92,0,1,0,85838196,0,42,0,128,0,"[0,0,12,-8,12,-9,11,-9,11,-9,11,-9,10,-9,10,-9,9,-9,9,-9,8,-10,8,-10,7,-10,7,-11,7,-11,7,-11,7,-11,7,-11,8,-11,8,-11,8,-11,8,-10,9,-10,9,-9,9,-8,9,-8,9,-7,0,0,0,0,0,0,0,0,0,0,0,0,0,0,0,0,0,0,0,0,0,0,8,-8,9,-7,9,-7,10,-6,11,-6,11,-6,12,-5,12,-5,12,-4,12,-4,12,-4,12,-4,12,-4,11,-4,11,-4,11,-4,11,-5,11,-6,11,-6,11,-7,11,-7,11,-7,11,-8,12,-8,12,-8,12,-9]"
2025-08-18 22:59:18.546865,CSI_DATA,503,1a:00:00:00:00:00,-37,11,0,0,0,0,0,0,0,0,0,-92,0,1,0,85906848,0,31,0,128,0,"[0,0,1,-15,1,-15,0,-15,0,-15,0,-15,0,-14,-1,-14,-1,-13,-2,-13,-2,-13,-3,-13,-4,-13,-4,-13,-4,-13,-4,-13,-5,-13,-4,-14,-4,-13,-4,-14,-3,-14,-3,-13,-2,-13,-2,-13,-1,-13,-1,-12,0,-12,0,0,0,0,0,0,0,0,0,0,0,0,0,0,0,0,0,0,0,0,0,0,-1,-11,0,-12,1,-12,1,-12,2,-13,3,-13,4,-13,4,-13,4,-12,5,-12,5,-12,5,-12,4,-12,4,-12,4,-12,4,-12,3,-12,2,-13,2,-13,2,-14,2,-14,2,-14,1,-15,1,-15,1,-15,1,-15]"
2025-08-18 22:59:18.739851,CSI_DATA,504,1a:00:00:00:00:00,-37,11,0,0,0,0,0,0,0,0,0,-92,0,1,0,86107907,0,31,0,128,0,"[0,0,13,7,12,6,12,6,12,6,12,6,12,5,12,5,12,4,12,4,12,3,12,3,12,2,12,2,12,2,12,1,13,2,13,2,13,2,13,2,13,3,12,3,12,4,11,4,11,4,10,5,10,5,0,0,0,0,0,0,0,0,0,0,0,0,0,0,0,0,0,0,0,0,0,0,10,3,10,4,10,5,10,6,10,6,10,7,9,8,9,8,9,8,9,9,8,9,8,9,8,9,9,8,9,8,8,8,9,8,10,7,10,7,10,7,11,7,11,7,12,7,12,7,12,7,13,7]"
2025-08-18 22:59:18.945811,CSI_DATA,505,1a:00:00:00:00:00,-37,11,0,0,0,0,0,0,0,0,0,-92,0,1,0,86309432,0,31,0,128,0,"[0,0,-3,14,-3,14,-3,14,-2,14,-2,14,-1,13,-1,13,0,13,0,13,0,12,0,12,1,12,1,12,2,12,2,12,2,12,2,13,2,13,2,13,1,13,1,13,0,13,0,12,-1,12,-2,11,-2,11,0,0,0,0,0,0,0,0,0,0,0,0,0,0,0,0,0,0,0,0,0,0,-1,10,-1,11,-2,11,-3,11,-4,11,-5,12,-5,12,-5,12,-6,12,-6,11,-7,11,-7,11,-6,11,-6,11,-6,11,-5,11,-5,11,-4,12,-4,12,-4,12,-3,13,-3,13,-3,14,-3,14,-3,14,-3,14]"
2025-08-18 22:59:19.151548,CSI_DATA,506,1a:00:00:00:00:00,-37,11,0,0,0,0,0,0,0,0,0,-92,0,1,0,86510356,0,31,0,128,0,"[0,0,1,14,1,14,1,13,2,14,2,13,2,13,2,12,3,12,3,12,4,12,4,11,5,11,5,11,5,11,5,11,5,11,5,12,5,12,5,12,5,12,4,12,3,12,3,12,2,12,2,11,1,11,0,0,0,0,0,0,0,0,0,0,0,0,0,0,0,0,0,0,0,0,0,0,2,10,2,11,1,11,0,11,0,12,-1,12,-2,13,-2,12,-3,12,-3,12,-3,12,-3,12,-3,12,-3,12,-2,12,-2,12,-2,12,-1,12,-1,12,0,13,0,13,0,13,1,14,1,14,1,14,1,14]"
2025-08-18 22:59:19.345248,CSI_DATA,507,1a:00:00:00:00:00,-37,11,0,0,0,0,0,0,0,0,0,-92,0,1,0,86711508,0,31,0,128,0,"[0,0,3,14,3,13,3,14,3,13,4,13,4,13,4,12,4,12,4,11,5,11,6,11,6,10,6,10,7,11,7,10,7,10,7,11,7,11,6,11,6,11,5,11,5,11,4,11,4,11,3,11,2,11,0,0,0,0,0,0,0,0,0,0,0,0,0,0,0,0,0,0,0,0,0,0,4,9,3,10,3,11,2,11,2,12,1,12,0,12,0,13,-1,13,-1,12,-1,12,-1,12,-1,12,-1,12,-1,12,0,12,0,12,1,12,1,12,2,12,2,13,2,13,3,13,3,14,3,14,3,14]"
2025-08-18 22:59:19.549954,CSI_DATA,508,1a:00:00:00:00:00,-37,11,0,0,0,0,0,0,0,0,0,-92,0,1,0,86912672,0,31,0,128,0,"[0,0,7,-13,6,-14,6,-13,6,-13,6,-13,5,-13,5,-13,5,-13,4,-12,3,-13,3,-13,2,-13,2,-13,2,-13,2,-14,1,-13,2,-14,2,-13,3,-14,3,-14,4,-13,4,-13,4,-13,4,-12,5,-11,5,-10,0,0,0,0,0,0,0,0,0,0,0,0,0,0,0,0,0,0,0,0,0,0,3,-11,4,-11,5,-11,5,-11,6,-11,7,-11,8,-11,8,-10,8,-10,9,-10,8,-10,9,-9,8,-10,8,-10,8,-9,8,-10,7,-10,7,-11,7,-11,7,-12,7,-12,7,-12,7,-13,6,-13,6,-13,6,-13]"
2025-08-18 22:59:19.757077,CSI_DATA,509,1a:00:00:00:00:00,-37,11,0,0,0,0,0,0,0,0,0,-92,0,1,0,87113837,0,31,0,128,0,"[0,0,-12,-10,-12,-9,-12,-9,-12,-9,-12,-9,-12,-8,-12,-8,-12,-7,-12,-6,-12,-6,-12,-5,-12,-5,-12,-5,-13,-4,-13,-4,-13,-4,-13,-5,-14,-5,-13,-5,-13,-5,-13,-6,-12,-6,-12,-7,-11,-7,-11,-7,-10,-7,0,0,0,0,0,0,0,0,0,0,0,0,0,0,0,0,0,0,0,0,0,0,-10,-6,-10,-7,-10,-8,-9,-8,-10,-9,-9,-10,-9,-11,-8,-11,-8,-11,-8,-11,-8,-11,-8,-11,-8,-11,-8,-11,-8,-11,-8,-10,-9,-10,-9,-10,-10,-10,-10,-10,-10,-10,-11,-9,-12,-9,-12,-9,-12,-9,-12,-9]"
2025-08-18 22:59:19.954722,CSI_DATA,510,1a:00:00:00:00:00,-37,11,0,0,0,0,0,0,0,0,0,-92,0,1,0,87315077,0,31,0,128,0,"[0,0,-16,1,-15,1,-15,1,-14,2,-15,2,-14,2,-14,2,-13,3,-13,3,-12,4,-12,4,-12,5,-12,5,-12,5,-12,5,-12,6,-12,6,-13,6,-13,5,-13,5,-13,4,-13,4,-13,3,-12,3,-12,2,-12,1,0,0,0,0,0,0,0,0,0,0,0,0,0,0,0,0,0,0,0,0,0,0,-11,2,-12,1,-12,0,-13,-1,-13,-1,-13,-2,-13,-3,-14,-3,-13,-3,-13,-4,-13,-3,-13,-4,-13,-3,-13,-3,-13,-3,-13,-3,-13,-2,-13,-2,-14,-1,-14,-1,-14,0,-14,0,-15,1,-15,1,-15,1,-15,1]"
2025-08-18 22:59:20.026082,CSI_DATA,511,1a:00:00:00:00:00,-37,11,0,0,0,0,0,0,0,0,0,-92,0,1,0,87375857,0,42,0,128,0,"[0,0,0,-15,0,-15,0,-15,0,-15,-1,-15,-1,-14,-1,-14,-2,-14,-2,-13,-3,-13,-3,-13,-4,-13,-4,-13,-5,-13,-5,-13,-5,-13,-5,-13,-5,-13,-4,-14,-4,-14,-4,-14,-3,-14,-2,-13,-2,-13,-1,-12,0,-12,0,0,0,0,0,0,0,0,0,0,0,0,0,0,0,0,0,0,0,0,0,0,-1,-12,0,-12,1,-12,2,-12,2,-13,3,-13,3,-13,4,-13,4,-13,5,-12,5,-12,4,-12,4,-12,4,-12,4,-12,3,-12,3,-13,3,-13,2,-13,2,-14,1,-14,1,-15,1,-15,1,-15,0,-15,0,-15]"
2025-08-18 22:59:20.081166,CSI_DATA,512,1a:00:00:00:00:00,-37,11,0,0,0,0,0,0,0,0,0,-92,0,1,0,87441083,0,31,0,128,0,"[0,0,-16,-1,-16,-1,-16,0,-15,0,-15,0,-15,0,-14,0,-14,1,-14,1,-13,2,-13,3,-13,3,-13,4,-13,4,-13,4,-14,4,-13,4,-14,4,-14,4,-14,3,-14,3,-14,2,-13,1,-13,1,-13,0,-13,-1,0,0,0,0,0,0,0,0,0,0,0,0,0,0,0,0,0,0,0,0,0,0,-12,1,-12,0,-12,-1,-13,-1,-13,-2,-14,-3,-14,-4,-14,-4,-14,-4,-13,-4,-13,-5,-13,-5,-13,-4,-13,-4,-13,-4,-13,-4,-13,-3,-13,-2,-14,-2,-14,-2,-15,-2,-15,-1,-15,-1,-15,0,-16,0,-16,0]"
2025-08-18 22:59:20.276918,CSI_DATA,513,1a:00:00:00:00:00,-37,11,0,0,0,0,0,0,0,0,0,-92,0,1,0,87642176,0,31,0,128,0,"[0,0,14,2,14,1,14,1,14,1,14,1,13,0,13,0,13,-1,12,-1,12,-2,12,-2,12,-3,12,-3,12,-3,12,-4,12,-4,13,-3,13,-3,13,-3,13,-2,13,-2,12,-1,12,-1,12,0,11,0,11,1,0,0,0,0,0,0,0,0,0,0,0,0,0,0,0,0,0,0,0,0,0,0,10,-1,11,0,11,1,11,2,11,2,12,3,12,4,12,4,12,5,11,5,11,5,11,5,11,5,11,5,11,4,11,4,11,4,12,3,12,3,12,2,12,2,13,2,13,2,14,2,14,2,14,2]"
2025-08-18 22:59:20.684207,CSI_DATA,514,1a:00:00:00:00:00,-37,11,0,0,0,0,0,0,0,0,0,-92,0,1,0,87843306,0,31,0,128,0,"[0,0,-7,13,-6,13,-6,12,-6,13,-5,13,-5,12,-5,12,-4,12,-4,12,-3,12,-3,12,-2,12,-2,12,-2,12,-1,13,-1,12,-2,13,-2,13,-2,13,-3,13,-3,13,-3,12,-4,12,-5,11,-5,11,-5,10,0,0,0,0,0,0,0,0,0,0,0,0,0,0,0,0,0,0,0,0,0,0,-3,10,-4,10,-5,10,-5,10,-6,11,-7,10,-8,10,-8,10,-8,10,-9,10,-9,9,-9,9,-9,9,-8,9,-8,9,-8,10,-7,10,-7,10,-7,10,-7,11,-7,11,-6,12,-7,12,-6,13,-6,13,-6,13]"
2025-08-18 22:59:20.690448,CSI_DATA,515,1a:00:00:00:00:00,-37,11,0,0,0,0,0,0,0,0,0,-92,0,1,0,88044471,0,31,0,128,0,"[0,0,-8,13,-8,12,-7,12,-7,12,-7,12,-6,12,-6,12,-5,12,-5,12,-4,12,-4,12,-3,12,-3,12,-3,12,-2,12,-2,12,-3,13,-3,13,-3,13,-3,13,-4,12,-5,12,-5,11,-5,11,-6,10,-6,10,0,0,0,0,0,0,0,0,0,0,0,0,0,0,0,0,0,0,0,0,0,0,-5,10,-6,9,-7,9,-7,9,-8,10,-9,9,-9,9,-10,9,-10,9,-10,8,-10,8,-10,8,-10,8,-10,8,-9,8,-9,8,-9,9,-8,10,-8,10,-8,10,-8,11,-8,11,-8,12,-8,12,-8,12,-8,12]"
2025-08-18 22:59:20.877203,CSI_DATA,516,1a:00:00:00:00:00,-37,11,0,0,0,0,0,0,0,0,0,-92,0,1,0,88245673,0,31,0,128,0,"[0,0,11,10,10,9,10,9,10,9,10,8,10,8,10,8,10,7,10,6,10,6,11,5,11,5,11,5,11,5,11,5,12,5,11,5,12,5,12,6,12,6,11,6,10,7,10,7,9,7,9,7,8,7,0,0,0,0,0,0,0,0,0,0,0,0,0,0,0,0,0,0,0,0,0,0,8,5,8,6,8,7,8,8,8,8,8,9,7,10,7,10,7,11,6,10,6,11,6,11,6,10,6,10,6,10,6,10,7,10,7,9,8,9,8,9,9,9,9,9,10,9,10,9,10,10,11,9]"
2025-08-18 22:59:21.085010,CSI_DATA,517,1a:00:00:00:00:00,-37,11,0,0,0,0,0,0,0,0,0,-92,0,1,0,88446899,0,31,0,128,0,"[0,0,-14,5,-13,5,-13,5,-13,5,-13,5,-12,6,-12,6,-11,6,-11,6,-10,6,-10,6,-10,7,-10,8,-10,8,-10,8,-10,8,-10,8,-10,8,-11,8,-11,7,-11,7,-11,6,-11,6,-11,5,-11,4,-11,4,0,0,0,0,0,0,0,0,0,0,0,0,0,0,0,0,0,0,0,0,0,0,-10,5,-10,4,-11,4,-12,3,-12,3,-13,2,-13,2,-13,2,-13,1,-13,0,-13,0,-13,0,-13,0,-13,1,-13,1,-12,1,-13,2,-12,2,-13,3,-13,3,-13,4,-13,4,-13,4,-13,5,-14,5,-14,5]"
2025-08-18 22:59:21.291937,CSI_DATA,518,1a:00:00:00:00:00,-37,11,0,0,0,0,0,0,0,0,0,-92,0,1,0,88648231,0,31,0,128,0,"[0,0,-14,-6,-14,-6,-14,-6,-14,-6,-13,-5,-13,-5,-13,-5,-13,-4,-13,-4,-13,-3,-13,-2,-13,-2,-13,-2,-13,-2,-14,-1,-13,-1,-14,-1,-14,-2,-14,-2,-14,-3,-14,-3,-13,-3,-13,-4,-12,-4,-12,-5,-11,-5,0,0,0,0,0,0,0,0,0,0,0,0,0,0,0,0,0,0,0,0,0,0,-11,-3,-11,-4,-11,-5,-11,-6,-12,-6,-11,-7,-11,-8,-11,-8,-11,-9,-11,-9,-10,-9,-10,-9,-10,-9,-10,-8,-10,-8,-11,-8,-11,-7,-11,-7,-11,-7,-12,-7,-13,-7,-13,-7,-14,-6,-14,-6,-14,-6,-14,-6]"
2025-08-18 22:59:21.484691,CSI_DATA,519,1a:00:00:00:00:00,-37,11,0,0,0,0,0,0,0,0,0,-92,0,1,0,88849637,0,31,0,128,0,"[0,0,0,15,0,14,0,14,0,14,1,14,1,14,1,13,2,13,2,12,3,12,3,12,4,12,4,12,4,12,4,12,5,12,4,12,5,13,4,13,3,13,3,13,3,13,2,12,1,12,0,11,0,11,0,0,0,0,0,0,0,0,0,0,0,0,0,0,0,0,0,0,0,0,0,0,1,11,0,11,0,11,-1,12,-2,12,-2,12,-3,13,-3,13,-4,13,-4,12,-5,12,-5,12,-4,12,-4,12,-4,12,-4,12,-3,12,-2,12,-2,13,-1,13,-1,13,-1,14,0,14,0,15,0,15,0,15]"
2025-08-18 22:59:21.560417,CSI_DATA,520,1a:00:00:00:00:00,-37,11,0,0,0,0,0,0,0,0,0,-92,0,1,0,88910101,0,42,0,128,0,"[0,0,-13,8,-12,7,-12,8,-12,8,-12,8,-11,8,-11,8,-10,8,-10,8,-9,9,-9,9,-8,9,-8,10,-8,10,-8,10,-8,10,-8,10,-9,11,-9,10,-9,10,-9,10,-9,9,-9,8,-10,8,-10,7,-10,6,0,0,0,0,0,0,0,0,0,0,0,0,0,0,0,0,0,0,0,0,0,0,-9,6,-10,6,-10,5,-11,5,-12,5,-12,5,-13,4,-13,4,-13,3,-13,3,-13,2,-13,2,-13,3,-12,3,-12,3,-12,3,-12,4,-12,4,-12,5,-12,6,-12,6,-12,7,-12,7,-13,7,-13,8,-13,7]"
2025-08-18 22:59:21.621855,CSI_DATA,521,1a:00:00:00:00:00,-37,11,0,0,0,0,0,0,0,0,0,-92,0,1,0,88979806,0,31,0,128,0,"[0,0,-15,-3,-15,-3,-15,-3,-15,-3,-15,-3,-14,-2,-14,-2,-14,-1,-14,-1,-14,0,-14,0,-13,1,-13,1,-13,1,-14,2,-14,2,-14,1,-14,1,-14,1,-14,0,-14,0,-14,-1,-13,-1,-13,-2,-13,-2,-12,-3,0,0,0,0,0,0,0,0,0,0,0,0,0,0,0,0,0,0,0,0,0,0,-12,-1,-12,-2,-12,-3,-12,-3,-13,-4,-13,-5,-13,-6,-13,-6,-12,-6,-12,-7,-12,-7,-12,-7,-12,-7,-12,-6,-12,-6,-12,-6,-12,-5,-13,-5,-13,-5,-13,-4,-14,-4,-14,-4,-15,-3,-15,-3,-15,-3,-15,-3]"
2025-08-18 22:59:21.819035,CSI_DATA,522,1a:00:00:00:00:00,-37,11,0,0,0,0,0,0,0,0,0,-92,0,1,0,89180872,0,31,0,128,0,"[0,0,3,-14,3,-15,3,-14,3,-14,2,-14,2,-14,2,-13,1,-13,1,-13,0,-13,0,-13,-1,-13,-1,-13,-1,-13,-1,-13,-1,-13,-1,-14,-1,-14,-1,-14,0,-14,0,-13,1,-13,1,-13,2,-13,2,-12,3,-11,0,0,0,0,0,0,0,0,0,0,0,0,0,0,0,0,0,0,0,0,0,0,1,-11,1,-11,2,-12,3,-12,4,-12,4,-12,5,-12,5,-12,6,-12,6,-12,6,-11,6,-11,6,-11,6,-11,6,-11,5,-11,5,-11,4,-12,4,-12,4,-13,4,-13,4,-14,3,-14,3,-14,3,-14,3,-15]"
2025-08-18 22:59:22.021669,CSI_DATA,523,1a:00:00:00:00:00,-37,11,0,0,0,0,0,0,0,0,0,-92,0,1,0,89382061,0,31,0,128,0,"[0,0,-15,3,-14,3,-14,3,-14,3,-14,4,-13,4,-13,4,-13,4,-12,5,-12,5,-12,5,-11,6,-11,6,-11,7,-11,7,-11,7,-11,7,-12,7,-12,6,-12,6,-12,5,-12,5,-12,4,-12,4,-12,3,-12,2,0,0,0,0,0,0,0,0,0,0,0,0,0,0,0,0,0,0,0,0,0,0,-10,4,-11,3,-12,3,-12,2,-12,2,-13,1,-13,0,-14,0,-13,-1,-13,-1,-13,-1,-13,-1,-13,-1,-13,-1,-13,-1,-13,0,-13,0,-13,1,-13,1,-13,1,-14,2,-14,2,-14,3,-14,3,-15,3,-15,3]"
2025-08-18 22:59:22.226192,CSI_DATA,524,1a:00:00:00:00:00,-37,11,0,0,0,0,0,0,0,0,0,-92,0,1,0,89582980,0,31,0,128,0,"[0,0,-8,-13,-8,-13,-8,-13,-8,-13,-8,-12,-8,-12,-8,-11,-8,-11,-9,-10,-9,-10,-10,-9,-10,-9,-10,-9,-10,-8,-11,-9,-11,-9,-11,-9,-11,-9,-11,-10,-10,-10,-10,-10,-9,-10,-9,-10,-8,-10,-7,-10,-6,-10,0,0,0,0,0,0,0,0,0,0,0,0,0,0,0,0,0,0,0,0,0,0,-7,-9,-7,-10,-7,-11,-6,-11,-6,-12,-5,-12,-5,-13,-4,-13,-4,-13,-3,-13,-3,-13,-3,-13,-3,-13,-4,-13,-4,-12,-4,-12,-4,-12,-5,-12,-5,-12,-6,-13,-6,-12,-7,-13,-7,-13,-8,-13,-8,-13,-8,-13]"
2025-08-18 22:59:22.433169,CSI_DATA,525,1a:00:00:00:00:00,-37,11,0,0,0,0,0,0,0,0,0,-92,0,1,0,89784352,0,31,0,128,0,"[0,0,-14,-6,-14,-6,-14,-6,-14,-5,-14,-5,-13,-4,-13,-4,-13,-3,-13,-3,-13,-2,-13,-2,-13,-1,-13,-1,-13,-1,-13,-1,-14,-1,-14,-1,-14,-1,-14,-1,-14,-1,-14,-2,-13,-2,-13,-3,-12,-3,-12,-4,-11,-4,0,0,0,0,0,0,0,0,0,0,0,0,0,0,0,0,0,0,0,0,0,0,-11,-3,-11,-4,-11,-5,-11,-6,-11,-6,-11,-7,-11,-8,-11,-8,-11,-9,-10,-9,-10,-9,-10,-9,-10,-9,-10,-8,-10,-8,-10,-8,-11,-7,-11,-7,-12,-7,-12,-6,-13,-6,-13,-6,-13,-6,-14,-6,-14,-6,-14,-6]"
2025-08-18 22:59:22.622281,CSI_DATA,526,1a:00:00:00:00:00,-37,11,0,0,0,0,0,0,0,0,0,-92,0,1,0,89985427,0,31,0,128,0,"[0,0,9,-12,8,-12,8,-12,8,-12,7,-12,7,-12,6,-12,6,-12,5,-12,5,-12,5,-12,4,-12,4,-12,3,-13,3,-13,3,-13,3,-13,4,-13,4,-13,4,-13,5,-12,5,-12,6,-12,6,-11,6,-10,7,-9,0,0,0,0,0,0,0,0,0,0,0,0,0,0,0,0,0,0,0,0,0,0,5,-10,6,-10,6,-10,7,-10,8,-10,8,-9,9,-9,9,-9,10,-8,10,-8,10,-8,10,-7,10,-8,10,-8,9,-8,9,-8,9,-9,8,-9,8,-10,8,-10,8,-10,8,-11,8,-11,8,-12,9,-12,8,-12]"
2025-08-18 22:59:22.823486,CSI_DATA,527,1a:00:00:00:00:00,-37,11,0,0,0,0,0,0,0,0,0,-92,0,1,0,90186598,0,31,0,128,0,"[0,0,-12,8,-12,8,-12,8,-12,8,-11,8,-11,8,-11,8,-10,9,-9,8,-9,9,-9,9,-8,9,-8,10,-8,10,-8,10,-8,10,-8,11,-8,11,-9,10,-9,10,-9,10,-9,9,-10,8,-9,8,-10,7,-10,6,0,0,0,0,0,0,0,0,0,0,0,0,0,0,0,0,0,0,0,0,0,0,-8,7,-9,7,-10,6,-11,6,-11,6,-12,5,-13,4,-13,4,-13,4,-13,4,-13,3,-13,3,-13,3,-12,3,-12,4,-12,4,-12,5,-12,5,-12,6,-12,6,-12,6,-12,7,-12,7,-12,8,-12,8,-12,8]"
2025-08-18 22:59:23.020897,CSI_DATA,528,1a:00:00:00:00:00,-37,11,0,0,0,0,0,0,0,0,0,-92,0,1,0,90387826,0,31,0,128,0,"[0,0,4,14,4,14,4,13,4,13,4,13,4,12,5,12,5,11,5,11,6,10,6,10,7,10,6,10,7,10,7,10,7,10,7,10,7,10,7,11,7,11,6,11,6,11,5,11,4,11,4,10,3,10,0,0,0,0,0,0,0,0,0,0,0,0,0,0,0,0,0,0,0,0,0,0,4,9,4,10,3,11,2,11,2,12,1,12,1,13,0,13,0,12,-1,12,-1,12,-1,12,-1,12,-1,12,0,12,0,12,1,12,1,12,2,12,2,13,2,13,3,13,3,13,3,14,4,14,4,14]"
2025-08-18 22:59:23.094149,CSI_DATA,529,1a:00:00:00:00:00,-37,11,0,0,0,0,0,0,0,0,0,-92,0,1,0,90448581,0,42,0,128,0,"[0,0,-13,-9,-12,-9,-12,-9,-12,-8,-12,-8,-12,-8,-12,-7,-12,-6,-12,-6,-12,-5,-12,-5,-13,-4,-13,-4,-13,-4,-13,-4,-13,-4,-13,-4,-14,-4,-14,-5,-13,-5,-13,-5,-12,-6,-12,-6,-11,-6,-11,-7,-10,-7,0,0,0,0,0,0,0,0,0,0,0,0,0,0,0,0,0,0,0,0,0,0,-10,-5,-10,-6,-10,-7,-10,-8,-10,-9,-10,-9,-9,-10,-9,-11,-9,-11,-9,-11,-8,-11,-8,-11,-8,-11,-8,-10,-9,-10,-9,-10,-9,-10,-10,-9,-10,-9,-11,-9,-11,-9,-11,-9,-12,-9,-12,-9,-12,-9,-13,-9]"
2025-08-18 22:59:23.150896,CSI_DATA,530,1a:00:00:00:00:00,-37,11,0,0,0,0,0,0,0,0,0,-92,0,1,0,90513506,0,31,0,128,0,"[0,0,13,-6,12,-7,12,-7,12,-7,11,-7,11,-7,11,-8,10,-8,9,-8,10,-9,9,-9,9,-9,9,-9,8,-9,8,-10,8,-10,9,-10,9,-10,9,-10,9,-10,10,-9,9,-9,10,-8,10,-7,10,-6,10,-6,0,0,0,0,0,0,0,0,0,0,0,0,0,0,0,0,0,0,0,0,0,0,9,-6,9,-5,10,-5,10,-4,12,-5,11,-4,12,-3,12,-3,12,-3,13,-2,12,-1,12,-1,12,-2,12,-2,12,-2,12,-3,11,-3,12,-4,11,-4,12,-5,12,-5,12,-6,13,-6,13,-6,13,-6,13,-6]"
2025-08-18 22:59:23.347852,CSI_DATA,531,1a:00:00:00:00:00,-37,11,0,0,0,0,0,0,0,0,0,-92,0,1,0,90714326,0,31,0,128,0,"[0,0,14,3,14,3,14,3,14,2,14,2,13,2,13,1,13,1,13,0,13,-1,13,-1,12,-2,13,-2,13,-2,13,-2,13,-2,13,-2,13,-2,14,-2,13,-1,13,-1,13,0,13,0,12,1,12,1,11,2,0,0,0,0,0,0,0,0,0,0,0,0,0,0,0,0,0,0,0,0,0,0,11,1,11,2,11,2,11,3,12,4,12,5,12,5,12,6,11,6,11,7,11,6,11,7,11,6,11,6,11,6,11,6,11,5,12,4,12,4,12,4,13,4,13,4,14,3,14,3,14,3,15,3]"
2025-08-18 22:59:23.558602,CSI_DATA,532,1a:00:00:00:00:00,-37,11,0,0,0,0,0,0,0,0,0,-92,0,1,0,90915899,0,31,0,128,0,"[0,0,-15,-4,-15,-4,-14,-4,-14,-4,-14,-3,-14,-3,-14,-3,-13,-2,-13,-2,-13,-1,-13,-1,-13,-1,-13,0,-13,0,-14,1,-13,0,-14,0,-14,0,-14,0,-14,-1,-14,-1,-13,-2,-13,-2,-12,-3,-12,-3,-11,-4,0,0,0,0,0,0,0,0,0,0,0,0,0,0,0,0,0,0,0,0,0,0,-11,-1,-11,-2,-12,-3,-12,-4,-12,-4,-12,-5,-12,-6,-12,-6,-12,-7,-12,-7,-11,-7,-11,-7,-11,-7,-11,-7,-11,-6,-11,-6,-11,-6,-12,-5,-12,-5,-13,-5,-13,-5,-14,-4,-14,-4,-14,-4,-15,-4,-14,-4]"
2025-08-18 22:59:23.757031,CSI_DATA,533,1a:00:00:00:00:00,-37,11,0,0,0,0,0,0,0,0,0,-92,0,1,0,91116796,0,31,0,128,0,"[0,0,0,-15,-1,-15,-1,-15,-1,-15,-1,-14,-1,-14,-2,-14,-2,-14,-2,-13,-3,-13,-3,-13,-4,-13,-4,-13,-4,-12,-5,-13,-5,-13,-5,-13,-4,-13,-4,-14,-4,-14,-4,-14,-3,-13,-2,-13,-2,-13,-1,-12,0,-12,0,0,0,0,0,0,0,0,0,0,0,0,0,0,0,0,0,0,0,0,0,0,-2,-11,-1,-12,0,-12,0,-12,1,-13,2,-13,2,-13,3,-13,3,-13,4,-13,4,-13,4,-13,4,-13,3,-13,3,-12,3,-13,2,-13,2,-13,1,-13,1,-14,0,-14,0,-14,0,-15,0,-15,0,-15,0,-15]"
2025-08-18 22:59:23.951351,CSI_DATA,534,1a:00:00:00:00:00,-37,11,0,0,0,0,0,0,0,0,0,-92,0,1,0,91318256,0,31,0,128,0,"[0,0,2,14,3,14,3,13,3,13,3,13,3,13,4,12,4,12,4,11,5,11,5,11,6,11,6,11,6,10,7,10,7,10,7,11,7,11,6,11,6,12,5,12,4,12,4,12,3,11,3,11,2,11,0,0,0,0,0,0,0,0,0,0,0,0,0,0,0,0,0,0,0,0,0,0,3,9,3,10,2,11,2,11,2,12,1,12,0,12,-1,13,-1,12,-1,12,-1,12,-2,12,-1,12,-1,12,-1,12,-1,12,0,12,1,12,1,12,1,13,1,13,2,13,2,13,3,14,3,14,3,14]"
2025-08-18 22:59:24.160649,CSI_DATA,535,1a:00:00:00:00:00,-37,11,0,0,0,0,0,0,0,0,0,-92,0,1,0,91519192,0,31,0,128,0,"[0,0,-2,-15,-2,-15,-2,-15,-2,-14,-3,-14,-3,-14,-3,-14,-4,-13,-4,-13,-5,-13,-5,-12,-6,-12,-5,-12,-6,-12,-6,-12,-6,-12,-6,-13,-6,-13,-6,-13,-6,-13,-5,-13,-5,-13,-4,-13,-3,-12,-2,-12,-2,-12,0,0,0,0,0,0,0,0,0,0,0,0,0,0,0,0,0,0,0,0,0,0,-3,-11,-2,-11,-2,-12,-1,-12,-1,-13,0,-13,1,-13,1,-14,2,-14,2,-13,2,-13,2,-13,2,-13,2,-13,2,-13,1,-13,1,-13,0,-13,0,-13,-1,-14,-1,-14,-1,-14,-2,-14,-2,-15,-2,-15,-2,-15]"
2025-08-18 22:59:24.351536,CSI_DATA,536,1a:00:00:00:00:00,-37,11,0,0,0,0,0,0,0,0,0,-92,0,1,0,91720324,0,31,0,128,0,"[0,0,6,13,7,12,7,12,7,12,7,12,6,11,7,11,7,10,7,10,8,9,8,8,9,8,9,8,9,8,9,8,9,8,9,9,9,9,9,9,9,10,8,10,7,10,7,10,6,10,6,10,5,10,0,0,0,0,0,0,0,0,0,0,0,0,0,0,0,0,0,0,0,0,0,0,6,8,6,9,6,9,5,10,5,10,4,11,4,12,3,12,3,12,2,12,3,12,2,12,2,12,3,12,3,12,3,11,3,12,4,11,4,11,5,12,5,12,5,12,6,12,7,12,7,12,7,13]"
2025-08-18 22:59:24.555127,CSI_DATA,537,1a:00:00:00:00:00,-37,11,0,0,0,0,0,0,0,0,0,-92,0,1,0,91921478,0,31,0,128,0,"[0,0,14,2,13,2,13,1,13,1,13,1,13,1,12,1,12,0,12,0,12,-1,12,-2,12,-2,12,-3,12,-3,12,-3,12,-3,12,-3,13,-3,13,-2,13,-2,13,-1,12,-1,12,0,11,0,11,1,11,1,0,0,0,0,0,0,0,0,0,0,0,0,0,0,0,0,0,0,0,0,0,0,10,0,10,0,11,1,11,2,11,2,11,3,11,4,11,4,11,5,11,5,11,5,10,5,11,5,11,4,11,4,11,4,11,4,11,3,12,3,12,3,12,3,13,2,13,2,13,2,14,2,14,2]"
2025-08-18 22:59:24.632783,CSI_DATA,538,1a:00:00:00:00:00,-37,11,0,0,0,0,0,0,0,0,0,-92,0,1,0,91982221,0,42,0,128,0,"[0,0,14,-2,14,-3,14,-3,13,-3,13,-4,13,-3,12,-4,12,-4,12,-4,11,-5,11,-6,11,-6,11,-6,11,-7,11,-7,11,-7,11,-7,12,-7,12,-6,12,-6,12,-6,12,-5,12,-4,11,-4,11,-3,11,-2,0,0,0,0,0,0,0,0,0,0,0,0,0,0,0,0,0,0,0,0,0,0,10,-4,11,-3,11,-2,11,-2,12,-1,12,0,12,0,12,1,13,1,12,1,12,2,12,2,12,1,12,1,12,1,12,1,12,0,12,-1,12,-1,13,-1,13,-2,13,-2,13,-2,14,-3,14,-3,14,-3]"
2025-08-18 22:59:24.687207,CSI_DATA,539,1a:00:00:00:00:00,-37,11,0,0,0,0,0,0,0,0,0,-92,0,1,0,92052293,0,31,0,128,0,"[0,0,0,15,0,14,0,14,1,14,1,14,1,13,1,13,2,13,2,12,3,12,4,12,4,12,4,12,4,12,5,11,5,12,5,12,5,12,4,12,4,13,3,13,3,13,2,12,2,12,1,11,0,11,0,0,0,0,0,0,0,0,0,0,0,0,0,0,0,0,0,0,0,0,0,0,1,11,0,11,-1,11,-1,12,-2,12,-3,13,-3,13,-4,12,-4,12,-5,12,-5,12,-5,12,-4,12,-4,12,-4,12,-4,12,-3,12,-3,12,-2,13,-2,13,-2,13,-1,14,0,14,0,14,0,15,0,15]"
2025-08-18 22:59:25.097926,CSI_DATA,540,1a:00:00:00:00:00,-37,11,0,0,0,0,0,0,0,0,0,-92,0,1,0,92253164,0,31,0,128,0,"[0,0,-11,-11,-11,-11,-11,-11,-11,-10,-11,-10,-11,-9,-11,-9,-11,-8,-11,-8,-11,-7,-12,-7,-12,-7,-12,-6,-12,-6,-13,-6,-13,-6,-13,-6,-13,-6,-13,-7,-13,-7,-12,-7,-12,-7,-11,-8,-10,-8,-10,-8,-9,-9,0,0,0,0,0,0,0,0,0,0,0,0,0,0,0,0,0,0,0,0,0,0,-9,-7,-9,-8,-9,-9,-9,-10,-8,-10,-8,-11,-8,-12,-8,-12,-7,-12,-7,-13,-6,-13,-6,-12,-6,-12,-6,-12,-7,-12,-7,-11,-8,-11,-8,-11,-9,-11,-9,-10,-10,-11,-10,-11,-10,-11,-11,-11,-11,-11,-11,-11]"
2025-08-18 22:59:25.104417,CSI_DATA,541,1a:00:00:00:00:00,-37,11,0,0,0,0,0,0,0,0,0,-92,0,1,0,92454133,0,31,0,128,0,"[0,0,-10,-11,-11,-11,-11,-10,-11,-10,-11,-10,-10,-9,-10,-9,-11,-8,-11,-8,-11,-7,-11,-7,-11,-6,-12,-6,-12,-6,-12,-6,-12,-6,-12,-6,-12,-6,-12,-7,-12,-7,-12,-7,-11,-8,-11,-8,-10,-8,-9,-8,-9,-8,0,0,0,0,0,0,0,0,0,0,0,0,0,0,0,0,0,0,0,0,0,0,-9,-7,-9,-8,-8,-9,-8,-10,-8,-10,-8,-11,-7,-11,-7,-12,-6,-12,-6,-12,-6,-12,-6,-12,-6,-12,-6,-12,-6,-11,-6,-11,-7,-11,-7,-11,-8,-11,-8,-11,-9,-11,-9,-11,-10,-10,-10,-11,-10,-11,-11,-11]"
2025-08-18 22:59:25.286771,CSI_DATA,542,1a:00:00:00:00:00,-37,11,0,0,0,0,0,0,0,0,0,-92,0,1,0,92655250,0,31,0,128,0,"[0,0,8,12,9,11,8,11,9,11,9,10,8,10,9,9,9,9,9,8,10,8,10,7,10,7,10,7,10,7,11,6,11,6,11,7,11,7,10,8,10,8,10,8,9,8,9,8,8,9,7,9,7,9,0,0,0,0,0,0,0,0,0,0,0,0,0,0,0,0,0,0,0,0,0,0,7,7,7,8,7,9,6,9,6,10,6,11,5,11,5,12,5,12,4,12,4,12,4,12,4,12,4,11,4,11,5,11,5,11,6,11,6,11,7,11,7,11,7,11,8,11,8,11,8,11,9,11]"
2025-08-18 22:59:25.498455,CSI_DATA,543,1a:00:00:00:00:00,-38,11,0,0,0,0,0,0,0,0,0,-92,0,1,0,92856581,0,31,0,128,0,"[0,0,6,13,6,13,6,12,6,13,6,12,6,12,6,11,7,11,7,10,8,10,8,9,8,9,8,9,8,9,9,9,9,9,9,9,9,9,8,10,8,10,8,10,7,10,6,11,6,10,5,10,4,10,0,0,0,0,0,0,0,0,0,0,0,0,0,0,0,0,0,0,0,0,0,0,6,9,5,9,5,10,4,10,4,11,4,11,3,12,3,12,2,12,2,13,2,13,1,12,2,12,2,12,2,11,2,12,3,12,3,12,4,12,4,12,5,12,5,12,6,13,6,13,6,13,6,13]"
2025-08-18 22:59:25.695299,CSI_DATA,544,1a:00:00:00:00:00,-38,11,0,0,0,0,0,0,0,0,0,-92,0,1,0,93057579,0,31,0,128,0,"[0,0,10,-11,10,-11,10,-11,9,-11,9,-11,9,-11,8,-11,8,-11,7,-11,6,-11,6,-12,6,-12,5,-12,5,-13,5,-12,5,-13,5,-13,6,-13,6,-13,6,-12,7,-12,7,-11,7,-11,7,-10,7,-9,8,-9,0,0,0,0,0,0,0,0,0,0,0,0,0,0,0,0,0,0,0,0,0,0,6,-9,7,-9,8,-9,9,-9,9,-8,10,-8,10,-8,11,-8,11,-7,11,-7,11,-6,11,-6,11,-6,11,-7,11,-7,10,-7,10,-8,10,-8,10,-9,10,-9,9,-10,10,-10,10,-10,10,-11,10,-11,10,-11]"
2025-08-18 22:59:25.901352,CSI_DATA,545,1a:00:00:00:00:00,-38,11,0,0,0,0,0,0,0,0,0,-92,0,1,0,93258959,0,31,0,128,0,"[0,0,-13,-8,-13,-8,-13,-8,-13,-8,-13,-7,-13,-6,-13,-6,-13,-5,-13,-5,-13,-4,-13,-4,-13,-4,-13,-4,-13,-3,-14,-3,-14,-2,-14,-3,-14,-3,-14,-3,-14,-4,-14,-4,-13,-5,-13,-5,-12,-6,-11,-6,-11,-6,0,0,0,0,0,0,0,0,0,0,0,0,0,0,0,0,0,0,0,0,0,0,-10,-5,-10,-6,-10,-7,-10,-7,-10,-8,-10,-9,-10,-9,-10,-10,-9,-10,-9,-10,-9,-10,-8,-10,-9,-10,-8,-10,-9,-9,-9,-9,-9,-9,-10,-8,-11,-8,-11,-8,-11,-8,-12,-8,-12,-8,-13,-8,-13,-8,-13,-8]"
2025-08-18 22:59:26.103156,CSI_DATA,546,1a:00:00:00:00:00,-38,11,0,0,0,0,0,0,0,0,0,-92,0,1,0,93460021,0,31,0,128,0,"[0,0,-5,-14,-6,-14,-5,-14,-6,-14,-6,-13,-6,-13,-6,-13,-7,-12,-7,-12,-8,-11,-8,-11,-8,-11,-8,-11,-9,-10,-9,-10,-10,-10,-10,-11,-9,-11,-9,-11,-9,-11,-8,-12,-8,-12,-7,-12,-7,-12,-6,-11,-5,-12,0,0,0,0,0,0,0,0,0,0,0,0,0,0,0,0,0,0,0,0,0,0,-5,-11,-4,-11,-4,-12,-3,-12,-3,-13,-2,-13,-2,-14,-1,-14,-1,-14,0,-14,0,-14,0,-13,0,-13,-1,-13,-1,-13,-2,-13,-2,-13,-3,-13,-3,-13,-3,-13,-4,-13,-4,-14,-5,-14,-5,-14,-5,-14,-5,-15]"
2025-08-18 22:59:26.160857,CSI_DATA,547,1a:00:00:00:00:00,-38,11,0,0,0,0,0,0,0,0,0,-92,0,1,0,93520785,0,42,0,128,0,"[0,0,-2,15,-2,14,-1,14,-1,14,-1,14,-1,13,-1,13,0,13,0,12,1,12,2,12,2,12,3,12,3,12,3,12,3,12,3,13,3,13,2,13,2,13,1,13,1,13,0,12,0,12,-1,11,-2,11,0,0,0,0,0,0,0,0,0,0,0,0,0,0,0,0,0,0,0,0,0,0,1,11,0,11,-1,12,-2,12,-2,12,-3,12,-4,12,-5,12,-5,12,-5,12,-5,12,-5,12,-5,11,-5,12,-5,11,-4,11,-4,12,-3,12,-3,12,-3,13,-3,13,-2,13,-2,14,-2,14,-2,14,-1,14]"
2025-08-18 22:59:26.218092,CSI_DATA,548,1a:00:00:00:00:00,-38,11,0,0,0,0,0,0,0,0,0,-92,0,1,0,93586626,0,31,0,128,0,"[0,0,13,6,12,6,13,6,12,5,13,5,12,5,12,4,12,4,12,3,12,2,12,2,12,1,12,2,12,1,12,1,13,1,13,1,13,1,13,1,13,2,13,2,12,3,12,3,11,4,11,4,10,5,0,0,0,0,0,0,0,0,0,0,0,0,0,0,0,0,0,0,0,0,0,0,10,3,11,4,10,5,10,6,10,6,10,7,10,8,10,8,10,8,9,9,9,9,9,9,9,9,9,9,9,8,9,8,10,7,10,7,11,7,11,7,11,6,12,6,12,6,13,6,13,6,13,6]"
2025-08-18 22:59:26.425174,CSI_DATA,549,1a:00:00:00:00:00,-38,11,0,0,0,0,0,0,0,0,0,-92,0,1,0,93788707,0,31,0,128,0,"[0,0,9,-12,8,-12,8,-12,8,-12,7,-12,7,-11,7,-11,6,-12,5,-11,5,-12,5,-12,4,-12,4,-12,3,-13,3,-13,3,-13,3,-13,4,-13,4,-13,4,-13,5,-12,5,-12,5,-12,6,-11,6,-10,6,-10,0,0,0,0,0,0,0,0,0,0,0,0,0,0,0,0,0,0,0,0,0,0,6,-9,6,-9,7,-9,8,-9,8,-9,9,-8,10,-8,10,-8,10,-7,11,-7,11,-7,11,-7,10,-7,10,-7,10,-7,9,-7,9,-8,9,-9,9,-9,9,-10,8,-10,8,-11,8,-11,9,-11,8,-11,9,-11]"
2025-08-18 22:59:26.629379,CSI_DATA,550,1a:00:00:00:00:00,-38,11,0,0,0,0,0,0,0,0,0,-92,0,1,0,93989492,0,31,0,128,0,"[0,0,0,-15,0,-15,0,-15,0,-15,0,-14,-1,-14,-1,-14,-2,-14,-2,-14,-2,-13,-3,-13,-3,-13,-4,-13,-4,-13,-4,-13,-4,-13,-4,-14,-4,-14,-4,-14,-3,-14,-3,-14,-2,-14,-1,-13,-1,-13,0,-13,0,-12,0,0,0,0,0,0,0,0,0,0,0,0,0,0,0,0,0,0,0,0,0,0,-2,-11,-1,-11,0,-12,0,-12,1,-13,2,-13,3,-13,3,-13,3,-13,4,-13,4,-12,4,-12,4,-12,3,-12,3,-12,3,-12,2,-12,2,-13,2,-13,1,-14,1,-14,1,-14,0,-14,0,-15,0,-15,0,-15]"
2025-08-18 22:59:26.662818,CSI_DATA,551,1a:00:00:00:00:00,-38,11,0,0,0,0,0,0,0,0,0,-92,0,1,0,94029937,0,28,0,128,0,"[0,0,13,4,13,4,13,4,13,4,13,3,13,3,13,2,12,2,12,1,12,1,12,1,12,0,12,0,13,-1,12,-1,13,-1,13,-1,14,-1,13,-1,13,0,13,0,12,1,12,2,12,2,11,3,11,3,0,0,0,0,0,0,0,0,0,0,0,0,0,0,0,0,0,0,0,0,0,0,10,2,10,2,10,3,10,4,10,4,11,5,11,6,10,6,10,6,10,7,9,7,9,7,9,7,9,7,10,6,9,6,10,6,10,5,11,5,11,5,12,4,12,4,12,4,13,4,13,4,13,4]"
2025-08-18 22:59:26.826419,CSI_DATA,552,1a:00:00:00:00:00,-38,11,0,0,0,0,0,0,0,0,0,-92,0,1,0,94189722,0,31,0,128,0,"[0,0,12,-9,11,-9,11,-9,11,-9,11,-9,10,-9,10,-9,9,-10,9,-10,8,-10,8,-10,7,-11,7,-11,7,-11,7,-11,7,-11,8,-12,8,-11,8,-12,9,-11,9,-10,9,-10,9,-9,9,-9,9,-8,9,-7,0,0,0,0,0,0,0,0,0,0,0,0,0,0,0,0,0,0,0,0,0,0,7,-8,8,-7,9,-7,9,-7,10,-7,11,-6,12,-6,11,-5,12,-5,12,-4,12,-4,11,-4,12,-4,11,-4,11,-5,11,-5,11,-5,11,-6,11,-7,11,-7,11,-7,11,-8,11,-8,11,-9,12,-9,12,-9]"
2025-08-18 22:59:27.028541,CSI_DATA,553,1a:00:00:00:00:00,-38,11,0,0,0,0,0,0,0,0,0,-92,0,1,0,94391033,0,31,0,128,0,"[0,0,-1,15,0,15,0,14,0,14,0,14,1,13,1,13,1,13,2,12,2,13,3,12,3,12,3,12,4,12,4,12,4,12,4,13,4,13,3,13,3,13,2,13,2,13,1,13,1,12,0,12,-1,12,0,0,0,0,0,0,0,0,0,0,0,0,0,0,0,0,0,0,0,0,0,0,1,11,0,11,-1,11,-1,12,-2,12,-3,12,-3,13,-4,12,-4,12,-5,12,-5,12,-5,12,-5,12,-4,12,-4,12,-3,12,-3,12,-3,12,-2,13,-2,13,-2,13,-1,14,-1,14,0,14,-1,15,0,14]"
2025-08-18 22:59:27.249194,CSI_DATA,554,1a:00:00:00:00:00,-38,11,0,0,0,0,0,0,0,0,0,-92,0,1,0,94592439,0,31,0,128,0,"[0,0,-11,-10,-12,-10,-11,-10,-12,-10,-11,-9,-11,-9,-11,-8,-11,-8,-11,-7,-12,-7,-12,-6,-12,-6,-12,-6,-12,-5,-13,-5,-13,-5,-13,-6,-12,-6,-13,-6,-12,-7,-12,-7,-11,-7,-11,-8,-10,-8,-10,-8,-9,-8,0,0,0,0,0,0,0,0,0,0,0,0,0,0,0,0,0,0,0,0,0,0,-10,-6,-9,-7,-9,-8,-9,-8,-9,-9,-9,-10,-8,-11,-8,-11,-8,-11,-8,-11,-7,-11,-7,-11,-7,-11,-7,-11,-7,-10,-8,-10,-8,-10,-9,-10,-9,-10,-10,-10,-10,-10,-10,-10,-11,-10,-11,-10,-11,-10,-11,-10]"
2025-08-18 22:59:27.427277,CSI_DATA,555,1a:00:00:00:00:00,-38,11,0,0,0,0,0,0,0,0,0,-92,0,1,0,94793305,0,31,0,128,0,"[0,0,0,14,0,14,0,13,1,14,1,13,1,13,1,13,2,12,2,12,3,12,3,12,4,11,4,12,4,11,5,12,4,12,4,12,4,12,4,12,3,13,3,13,2,13,2,12,1,12,0,11,0,11,0,0,0,0,0,0,0,0,0,0,0,0,0,0,0,0,0,0,0,0,0,0,2,10,1,10,1,12,0,11,-1,12,-1,12,-2,12,-3,12,-3,12,-4,12,-3,12,-3,12,-3,12,-3,12,-3,12,-3,12,-2,12,-2,12,-1,12,-1,13,-1,13,-1,13,0,14,0,14,1,14,0,14]"
2025-08-18 22:59:27.631933,CSI_DATA,556,1a:00:00:00:00:00,-38,11,0,0,0,0,0,0,0,0,0,-92,0,1,0,94994438,0,31,0,128,0,"[0,0,-14,7,-13,6,-13,7,-13,7,-12,7,-12,7,-11,7,-11,7,-10,7,-10,8,-10,8,-9,9,-9,9,-9,9,-9,9,-9,10,-9,10,-10,10,-10,10,-10,9,-11,9,-11,8,-11,7,-11,7,-11,6,-11,5,0,0,0,0,0,0,0,0,0,0,0,0,0,0,0,0,0,0,0,0,0,0,-9,6,-10,6,-11,5,-11,5,-12,4,-12,4,-13,3,-13,3,-13,3,-13,2,-13,2,-13,2,-13,2,-13,2,-13,2,-12,3,-13,3,-12,4,-12,4,-12,5,-13,5,-13,6,-13,6,-13,6,-13,7,-13,7]"
2025-08-18 22:59:27.693898,CSI_DATA,557,1a:00:00:00:00:00,-38,11,0,0,0,0,0,0,0,0,0,-92,0,1,0,95055156,0,42,0,128,0,"[0,0,-15,3,-15,4,-15,3,-15,4,-14,4,-14,3,-13,4,-13,4,-13,5,-13,5,-12,6,-12,6,-12,7,-11,6,-12,7,-12,7,-12,7,-12,7,-13,7,-13,6,-13,6,-13,5,-13,4,-13,4,-12,3,-12,2,0,0,0,0,0,0,0,0,0,0,0,0,0,0,0,0,0,0,0,0,0,0,-11,4,-11,3,-12,3,-13,2,-13,1,-14,1,-14,0,-14,-1,-14,-1,-14,-1,-14,-2,-14,-1,-14,-1,-13,-1,-13,-1,-13,0,-13,0,-14,1,-14,1,-14,2,-14,2,-14,2,-15,3,-15,3,-15,3,-15,3]"
2025-08-18 22:59:27.759937,CSI_DATA,558,1a:00:00:00:00:00,-38,11,0,0,0,0,0,0,0,0,0,-92,0,1,0,95120985,0,31,0,128,0,"[0,0,-15,2,-15,2,-14,2,-14,3,-13,3,-13,3,-13,3,-13,4,-12,4,-12,5,-12,5,-11,5,-11,6,-11,6,-11,6,-12,7,-12,6,-12,6,-12,6,-12,6,-13,5,-12,5,-12,4,-12,3,-12,3,-12,2,0,0,0,0,0,0,0,0,0,0,0,0,0,0,0,0,0,0,0,0,0,0,-11,3,-11,2,-12,2,-12,1,-13,0,-13,0,-13,-1,-13,-1,-13,-2,-13,-2,-13,-2,-13,-2,-13,-2,-12,-2,-12,-2,-13,-1,-13,-1,-13,0,-13,0,-13,1,-13,1,-13,2,-14,2,-14,2,-14,2,-14,2]"
2025-08-18 22:59:27.953143,CSI_DATA,559,1a:00:00:00:00:00,-38,11,0,0,0,0,0,0,0,0,0,-92,0,1,0,95322154,0,31,0,128,0,"[0,0,12,8,11,7,12,7,12,6,12,6,11,6,11,5,11,5,11,4,11,4,12,3,12,3,12,3,12,2,12,2,13,2,13,2,13,3,13,3,13,3,12,4,12,4,11,4,11,5,10,5,10,6,0,0,0,0,0,0,0,0,0,0,0,0,0,0,0,0,0,0,0,0,0,0,9,4,9,5,9,6,9,7,9,7,9,8,9,9,8,9,8,9,7,9,8,9,7,9,7,9,8,9,8,9,7,8,8,8,9,8,9,8,10,8,10,8,10,7,11,7,11,7,12,7,12,7]"
2025-08-18 22:59:28.161736,CSI_DATA,560,1a:00:00:00:00:00,-38,11,0,0,0,0,0,0,0,0,0,-92,0,1,0,95523505,0,31,0,128,0,"[0,0,-14,5,-14,5,-14,5,-13,5,-13,5,-13,5,-13,5,-12,6,-11,6,-11,7,-11,7,-10,8,-10,8,-10,8,-10,8,-11,8,-10,8,-11,8,-12,8,-12,8,-12,7,-12,6,-11,6,-12,5,-11,4,-12,4,0,0,0,0,0,0,0,0,0,0,0,0,0,0,0,0,0,0,0,0,0,0,-10,5,-11,4,-11,4,-12,3,-12,3,-13,2,-13,1,-14,1,-13,0,-13,0,-13,0,-13,0,-13,0,-13,1,-13,1,-13,1,-13,1,-13,2,-13,3,-13,3,-13,3,-13,4,-14,4,-14,5,-14,5,-14,5]"
2025-08-18 22:59:28.367321,CSI_DATA,561,1a:00:00:00:00:00,-38,11,0,0,0,0,0,0,0,0,0,-92,0,1,0,95724578,0,31,0,128,0,"[0,0,-14,-6,-14,-6,-14,-6,-14,-6,-13,-5,-13,-5,-13,-4,-13,-4,-13,-3,-13,-3,-13,-2,-13,-2,-13,-2,-13,-1,-14,-1,-14,-1,-14,-1,-14,-1,-14,-2,-14,-2,-14,-3,-13,-3,-13,-4,-12,-4,-12,-5,-11,-5,0,0,0,0,0,0,0,0,0,0,0,0,0,0,0,0,0,0,0,0,0,0,-11,-3,-11,-4,-11,-5,-11,-6,-12,-7,-11,-7,-11,-8,-11,-8,-11,-9,-11,-9,-10,-9,-10,-9,-10,-9,-10,-9,-10,-8,-11,-8,-11,-7,-11,-7,-11,-7,-12,-7,-12,-7,-13,-6,-14,-6,-14,-6,-14,-6,-14,-6]"
2025-08-18 22:59:28.569679,CSI_DATA,562,1a:00:00:00:00:00,-38,11,0,0,0,0,0,0,0,0,0,-92,0,1,0,95925729,0,31,0,128,0,"[0,0,14,-4,14,-4,13,-4,13,-4,13,-4,12,-4,12,-5,12,-5,12,-5,11,-6,11,-6,11,-7,11,-7,10,-7,11,-8,11,-8,11,-8,11,-7,12,-7,12,-7,12,-6,12,-6,12,-5,11,-4,11,-3,11,-3,0,0,0,0,0,0,0,0,0,0,0,0,0,0,0,0,0,0,0,0,0,0,10,-4,10,-4,11,-3,11,-2,12,-2,12,-1,12,-1,13,0,12,0,13,1,12,1,12,1,12,1,12,0,12,0,12,0,12,-1,12,-1,12,-2,12,-2,13,-2,13,-3,13,-3,13,-3,14,-4,14,-4]"
2025-08-18 22:59:28.769367,CSI_DATA,563,1a:00:00:00:00:00,-38,11,0,0,0,0,0,0,0,0,0,-92,0,1,0,96126865,0,31,0,128,0,"[0,0,-5,-15,-4,-15,-5,-15,-5,-14,-5,-14,-5,-14,-5,-13,-6,-13,-6,-12,-7,-12,-7,-12,-7,-12,-8,-11,-8,-12,-8,-11,-8,-12,-8,-12,-8,-12,-8,-12,-8,-13,-7,-13,-6,-13,-6,-12,-5,-12,-4,-12,-4,-12,0,0,0,0,0,0,0,0,0,0,0,0,0,0,0,0,0,0,0,0,0,0,-5,-10,-5,-11,-4,-12,-3,-12,-3,-13,-2,-14,-2,-14,-1,-14,0,-14,0,-14,0,-13,0,-13,0,-13,0,-13,-1,-13,-1,-13,-1,-13,-2,-13,-3,-13,-3,-14,-3,-14,-4,-14,-4,-14,-4,-14,-5,-15,-5,-15]"
2025-08-18 22:59:28.970868,CSI_DATA,564,1a:00:00:00:00:00,-38,11,0,0,0,0,0,0,0,0,0,-92,0,1,0,96328123,0,31,0,128,0,"[0,0,-14,-7,-13,-6,-14,-7,-13,-6,-14,-6,-13,-6,-13,-5,-13,-5,-13,-4,-13,-3,-13,-3,-13,-2,-13,-2,-14,-2,-13,-1,-14,-1,-14,-2,-14,-2,-14,-2,-14,-3,-14,-3,-13,-4,-13,-4,-12,-5,-12,-5,-11,-6,0,0,0,0,0,0,0,0,0,0,0,0,0,0,0,0,0,0,0,0,0,0,-11,-4,-11,-5,-11,-6,-11,-7,-11,-7,-11,-8,-11,-9,-10,-9,-10,-9,-9,-10,-9,-10,-9,-10,-9,-10,-9,-9,-10,-9,-10,-8,-11,-8,-11,-7,-11,-8,-12,-8,-12,-7,-12,-7,-13,-7,-13,-7,-13,-7,-14,-7]"
2025-08-18 22:59:29.169636,CSI_DATA,565,1a:00:00:00:00:00,-38,11,0,0,0,0,0,0,0,0,0,-92,0,1,0,96529244,0,31,0,128,0,"[0,0,-12,10,-11,10,-11,9,-11,9,-10,10,-10,9,-10,10,-9,10,-9,10,-8,10,-7,11,-7,11,-7,11,-7,11,-7,11,-7,12,-7,12,-7,12,-8,12,-8,11,-8,11,-9,10,-9,10,-9,9,-9,8,-9,8,0,0,0,0,0,0,0,0,0,0,0,0,0,0,0,0,0,0,0,0,0,0,-8,8,-9,8,-9,7,-10,7,-11,7,-11,7,-12,6,-12,6,-12,5,-13,5,-13,5,-12,5,-12,5,-12,5,-12,5,-11,6,-12,6,-11,6,-11,7,-11,8,-11,8,-11,8,-11,9,-11,9,-11,10,-11,10]"
2025-08-18 22:59:29.230867,CSI_DATA,566,1a:00:00:00:00:00,-38,11,0,0,0,0,0,0,0,0,0,-92,0,1,0,96590020,0,42,0,128,0,"[0,0,0,-15,0,-15,0,-15,0,-14,-1,-14,-1,-14,-1,-14,-2,-14,-2,-13,-3,-13,-3,-13,-4,-13,-4,-13,-4,-13,-5,-13,-5,-13,-5,-13,-4,-13,-4,-14,-3,-14,-3,-14,-2,-14,-2,-13,-1,-13,-1,-13,0,-12,0,0,0,0,0,0,0,0,0,0,0,0,0,0,0,0,0,0,0,0,0,0,-2,-11,-1,-12,0,-12,1,-12,1,-13,2,-13,2,-13,3,-13,4,-13,4,-13,4,-13,4,-12,4,-12,3,-12,3,-12,3,-12,2,-13,2,-13,2,-13,1,-13,1,-14,1,-14,0,-14,0,-15,0,-15,0,-15]"
2025-08-18 22:59:29.300037,CSI_DATA,567,1a:00:00:00:00:00,-38,11,0,0,0,0,0,0,0,0,0,-92,0,1,0,96657266,0,31,0,128,0,"[0,0,-14,-6,-14,-6,-14,-6,-14,-6,-13,-5,-13,-5,-13,-5,-13,-4,-13,-4,-13,-3,-13,-2,-13,-2,-13,-2,-13,-1,-14,-1,-14,-1,-14,-2,-14,-2,-14,-2,-14,-3,-14,-3,-13,-4,-13,-4,-12,-4,-12,-5,-11,-5,0,0,0,0,0,0,0,0,0,0,0,0,0,0,0,0,0,0,0,0,0,0,-11,-3,-11,-4,-11,-5,-11,-6,-11,-7,-11,-7,-11,-8,-11,-8,-11,-9,-10,-9,-10,-9,-10,-9,-10,-9,-10,-8,-10,-8,-10,-8,-11,-8,-11,-7,-11,-7,-12,-7,-12,-7,-13,-7,-13,-6,-13,-6,-14,-6,-14,-6]"
2025-08-18 22:59:29.497602,CSI_DATA,568,1a:00:00:00:00:00,-38,11,0,0,0,0,0,0,0,0,0,-92,0,1,0,96858324,0,31,0,128,0,"[0,0,2,-15,2,-15,2,-15,2,-15,1,-15,1,-14,0,-14,0,-14,-1,-13,-1,-14,-1,-14,-2,-13,-2,-13,-3,-13,-3,-14,-3,-14,-3,-14,-3,-14,-2,-14,-2,-14,-1,-14,-1,-14,0,-14,1,-13,1,-13,2,-12,0,0,0,0,0,0,0,0,0,0,0,0,0,0,0,0,0,0,0,0,0,0,0,-11,1,-12,1,-12,2,-12,3,-13,4,-13,4,-13,5,-13,5,-12,6,-12,6,-12,6,-12,6,-12,5,-12,5,-12,5,-12,4,-12,3,-13,3,-13,3,-13,3,-13,3,-14,2,-15,2,-15,2,-15,2,-15]"
2025-08-18 22:59:29.695126,CSI_DATA,569,1a:00:00:00:00:00,-38,11,0,0,0,0,0,0,0,0,0,-92,0,1,0,97059489,0,31,0,128,0,"[0,0,14,-1,14,-1,14,-1,14,-1,14,-2,13,-2,13,-2,13,-3,12,-3,12,-4,12,-4,12,-4,12,-5,12,-5,12,-5,12,-5,12,-6,12,-5,13,-5,13,-4,13,-3,12,-3,12,-2,12,-2,12,-1,12,-1,0,0,0,0,0,0,0,0,0,0,0,0,0,0,0,0,0,0,0,0,0,0,10,-3,11,-2,11,-1,12,-1,12,0,12,1,13,1,12,2,13,2,12,3,12,3,12,3,12,3,12,2,12,2,12,2,12,1,12,1,12,1,13,0,13,0,13,-1,14,-1,14,-1,14,-1,15,-1]"
2025-08-18 22:59:29.897342,CSI_DATA,570,1a:00:00:00:00:00,-38,11,0,0,0,0,0,0,0,0,0,-92,0,1,0,97260708,0,31,0,128,0,"[0,0,-5,14,-4,13,-4,13,-4,13,-3,13,-3,13,-3,13,-2,12,-2,12,-1,12,-1,12,0,12,0,12,0,12,1,12,1,13,0,13,0,13,-1,13,-1,13,-2,13,-2,13,-2,12,-3,12,-3,11,-4,11,0,0,0,0,0,0,0,0,0,0,0,0,0,0,0,0,0,0,0,0,0,0,-2,10,-2,10,-3,11,-4,11,-4,11,-6,11,-6,11,-7,11,-7,11,-7,10,-7,10,-7,10,-7,10,-7,10,-7,10,-6,10,-6,11,-5,11,-5,11,-5,12,-5,12,-5,12,-5,13,-4,13,-4,13,-4,14]"
2025-08-18 22:59:30.310081,CSI_DATA,571,1a:00:00:00:00:00,-38,11,0,0,0,0,0,0,0,0,0,-92,0,1,0,97461876,0,31,0,128,0,"[0,0,13,-5,13,-5,13,-5,13,-5,12,-6,12,-5,11,-6,11,-6,11,-6,10,-7,10,-7,10,-8,10,-8,9,-8,10,-8,10,-9,10,-9,10,-9,11,-8,11,-8,11,-7,11,-7,11,-6,11,-5,10,-5,11,-4,0,0,0,0,0,0,0,0,0,0,0,0,0,0,0,0,0,0,0,0,0,0,9,-5,10,-5,10,-4,11,-4,11,-3,12,-3,12,-2,12,-2,12,-1,12,-1,12,0,12,0,12,0,12,-1,12,-1,11,-1,12,-2,12,-3,12,-3,12,-4,12,-4,12,-4,12,-4,13,-5,13,-5,13,-5]"
2025-08-18 22:59:30.315430,CSI_DATA,572,1a:00:00:00:00:00,-38,11,0,0,0,0,0,0,0,0,0,-92,0,1,0,97663003,0,31,0,128,0,"[0,0,14,0,14,-1,14,-1,14,-1,14,-1,13,-1,13,-2,13,-2,12,-3,12,-3,12,-4,12,-4,12,-5,12,-5,12,-5,12,-5,12,-5,13,-5,13,-5,13,-4,13,-4,12,-3,12,-2,12,-2,12,-1,12,-1,0,0,0,0,0,0,0,0,0,0,0,0,0,0,0,0,0,0,0,0,0,0,10,-1,11,-1,11,0,11,1,12,1,12,2,12,3,12,3,12,4,12,4,12,4,11,4,12,4,11,4,11,3,11,3,12,2,12,2,12,2,13,1,13,1,13,0,14,0,14,0,14,0,15,0]"
2025-08-18 22:59:30.495472,CSI_DATA,573,1a:00:00:00:00:00,-38,11,0,0,0,0,0,0,0,0,0,-92,0,1,0,97864380,0,31,0,128,0,"[0,0,12,8,12,7,12,7,12,7,12,6,12,6,12,5,12,5,12,4,12,3,12,3,12,3,12,3,12,2,13,2,13,2,13,2,13,3,13,3,13,3,12,3,12,4,11,5,11,5,10,5,10,6,0,0,0,0,0,0,0,0,0,0,0,0,0,0,0,0,0,0,0,0,0,0,10,4,10,5,10,6,10,6,9,7,9,8,9,8,9,9,9,9,8,10,8,10,8,10,8,9,8,9,8,9,8,8,9,8,9,8,9,8,10,7,11,7,11,7,11,7,12,7,12,7,12,7]"
2025-08-18 22:59:30.699743,CSI_DATA,574,1a:00:00:00:00:00,-38,11,0,0,0,0,0,0,0,0,0,-92,0,1,0,98065458,0,31,0,128,0,"[0,0,0,15,1,15,0,14,1,14,1,14,1,14,2,13,2,13,3,12,3,12,4,12,4,12,4,12,5,12,5,12,5,12,5,12,5,13,5,13,4,13,3,13,3,13,2,12,2,12,1,12,0,12,0,0,0,0,0,0,0,0,0,0,0,0,0,0,0,0,0,0,0,0,0,0,2,10,1,11,0,11,0,12,-1,12,-1,13,-2,13,-2,13,-3,13,-4,13,-4,13,-4,12,-4,12,-3,12,-3,12,-3,12,-2,12,-2,13,-1,13,-1,13,0,13,0,14,0,14,0,15,0,15,1,15]"
2025-08-18 22:59:30.760241,CSI_DATA,575,1a:00:00:00:00:00,-38,11,0,0,0,0,0,0,0,0,0,-92,0,1,0,98126246,0,42,0,128,0,"[0,0,15,1,14,1,14,1,14,1,14,0,13,0,13,0,13,-1,13,-1,12,-2,12,-2,12,-3,12,-3,12,-3,12,-3,13,-3,13,-3,13,-3,13,-3,13,-2,13,-1,13,-1,12,-1,12,0,12,1,11,1,0,0,0,0,0,0,0,0,0,0,0,0,0,0,0,0,0,0,0,0,0,0,10,-1,11,0,11,0,12,1,12,2,12,2,12,3,12,4,12,4,12,4,12,5,11,5,11,4,11,4,11,4,11,4,12,3,12,3,12,2,12,2,13,2,13,2,13,1,14,1,14,1,14,1]"
2025-08-18 22:59:30.831076,CSI_DATA,576,1a:00:00:00:00:00,-38,11,0,0,0,0,0,0,0,0,0,-92,0,1,0,98193916,0,31,0,128,0,"[0,0,-8,13,-8,12,-8,12,-7,12,-7,12,-6,12,-6,12,-5,12,-5,12,-4,12,-3,12,-3,12,-2,12,-2,12,-2,12,-2,13,-2,13,-3,13,-3,13,-4,13,-4,13,-5,12,-4,12,-5,11,-5,11,-6,10,0,0,0,0,0,0,0,0,0,0,0,0,0,0,0,0,0,0,0,0,0,0,-5,9,-6,10,-7,10,-7,9,-8,10,-9,9,-10,9,-10,9,-10,8,-10,8,-10,8,-10,8,-10,8,-9,8,-9,8,-9,8,-9,9,-8,9,-8,10,-8,10,-8,10,-8,11,-8,12,-8,12,-8,12,-7,13]"
2025-08-18 22:59:31.038594,CSI_DATA,577,1a:00:00:00:00:00,-38,11,0,0,0,0,0,0,0,0,0,-92,0,1,0,98395356,0,31,0,128,0,"[0,0,-10,-11,-11,-11,-10,-11,-11,-11,-10,-10,-10,-10,-11,-9,-11,-9,-11,-8,-11,-8,-11,-8,-11,-7,-12,-7,-12,-6,-12,-6,-12,-6,-13,-7,-13,-6,-13,-7,-12,-7,-12,-8,-11,-8,-11,-8,-10,-8,-9,-9,-9,-9,0,0,0,0,0,0,0,0,0,0,0,0,0,0,0,0,0,0,0,0,0,0,-9,-8,-8,-8,-8,-10,-7,-10,-7,-11,-7,-11,-7,-12,-6,-12,-6,-12,-6,-12,-5,-12,-5,-12,-5,-12,-6,-12,-6,-12,-6,-12,-7,-11,-8,-11,-8,-11,-8,-11,-9,-11,-9,-11,-10,-11,-10,-11,-10,-11,-10,-11]"
2025-08-18 22:59:31.230423,CSI_DATA,578,1a:00:00:00:00:00,-38,11,0,0,0,0,0,0,0,0,0,-92,0,1,0,98596224,0,31,0,128,0,"[0,0,14,2,14,1,13,1,14,1,13,0,13,0,13,0,13,-1,13,-1,13,-2,12,-2,12,-3,12,-3,12,-3,13,-4,12,-3,13,-3,13,-3,13,-3,13,-3,13,-2,13,-2,13,-1,12,0,12,0,11,1,0,0,0,0,0,0,0,0,0,0,0,0,0,0,0,0,0,0,0,0,0,0,11,0,10,1,11,1,11,2,12,3,11,4,12,4,12,5,12,5,12,5,11,6,11,6,11,5,11,5,11,4,11,5,11,4,12,4,12,3,12,3,12,2,13,2,14,2,14,2,14,2,14,1]"
2025-08-18 22:59:31.428836,CSI_DATA,579,1a:00:00:00:00:00,-38,11,0,0,0,0,0,0,0,0,0,-92,0,1,0,98797444,0,31,0,128,0,"[0,0,5,13,5,13,5,13,6,13,6,12,6,12,6,11,6,11,6,10,7,10,8,9,8,9,8,9,8,9,9,9,9,9,9,10,9,10,8,10,8,10,7,10,7,11,6,11,6,10,5,10,4,10,0,0,0,0,0,0,0,0,0,0,0,0,0,0,0,0,0,0,0,0,0,0,6,9,5,9,5,10,4,11,4,11,3,12,2,12,2,12,2,13,1,12,1,12,1,12,1,12,2,12,2,12,2,12,2,12,3,12,3,12,4,12,4,12,4,13,5,13,6,13,6,13,6,13]"
2025-08-18 22:59:31.633999,CSI_DATA,580,1a:00:00:00:00:00,-38,11,0,0,0,0,0,0,0,0,0,-92,0,1,0,98998730,0,31,0,128,0,"[0,0,0,14,1,14,0,14,1,14,1,14,1,13,2,13,2,12,2,12,3,12,4,12,4,11,4,11,5,12,5,11,5,12,5,12,5,12,5,12,4,12,4,13,3,12,3,12,2,12,2,11,1,11,0,0,0,0,0,0,0,0,0,0,0,0,0,0,0,0,0,0,0,0,0,0,1,10,0,11,-1,11,-1,11,-1,12,-2,12,-3,12,-3,12,-4,12,-4,12,-4,12,-4,12,-4,12,-4,12,-3,12,-3,12,-3,12,-2,12,-2,12,-1,13,-1,13,-1,13,0,14,0,14,0,14,1,15]"
2025-08-18 22:59:31.837841,CSI_DATA,581,1a:00:00:00:00:00,-38,11,0,0,0,0,0,0,0,0,0,-92,0,1,0,99199875,0,31,0,128,0,"[0,0,12,6,13,6,12,6,12,6,12,5,12,5,12,4,12,4,12,3,12,3,12,2,12,1,12,1,12,1,13,1,13,1,13,1,13,1,13,2,13,2,13,3,12,3,12,4,11,4,11,4,10,5,0,0,0,0,0,0,0,0,0,0,0,0,0,0,0,0,0,0,0,0,0,0,10,3,10,4,10,5,10,6,10,6,10,7,10,8,9,8,9,8,9,9,9,9,8,9,8,9,8,8,9,8,9,8,9,7,10,7,10,7,11,7,11,7,11,6,12,6,12,6,12,6,13,6]"
2025-08-18 22:59:32.048049,CSI_DATA,582,1a:00:00:00:00:00,-38,11,0,0,0,0,0,0,0,0,0,-92,0,1,0,99401058,0,31,0,128,0,"[0,0,-14,5,-14,5,-13,5,-14,5,-13,5,-12,5,-12,6,-11,6,-11,6,-11,7,-11,7,-10,7,-10,7,-10,7,-10,8,-10,8,-10,8,-11,8,-11,8,-11,8,-11,7,-11,7,-11,6,-11,5,-11,4,-11,4,0,0,0,0,0,0,0,0,0,0,0,0,0,0,0,0,0,0,0,0,0,0,-10,4,-11,4,-12,3,-12,2,-12,2,-13,2,-13,1,-13,1,-13,1,-13,0,-13,-1,-13,-1,-13,-1,-13,0,-12,0,-13,1,-12,1,-13,2,-13,2,-13,3,-13,3,-13,4,-14,4,-13,4,-14,4,-14,4]"
2025-08-18 22:59:32.244094,CSI_DATA,583,1a:00:00:00:00:00,-38,11,0,0,0,0,0,0,0,0,0,-92,0,1,0,99602183,0,31,0,128,0,"[0,0,-3,-15,-3,-15,-3,-15,-3,-15,-4,-14,-4,-14,-4,-14,-5,-13,-5,-13,-5,-13,-6,-12,-6,-12,-6,-12,-7,-12,-7,-12,-7,-12,-7,-13,-7,-12,-7,-13,-6,-13,-6,-13,-5,-13,-5,-13,-4,-13,-3,-12,-3,-12,0,0,0,0,0,0,0,0,0,0,0,0,0,0,0,0,0,0,0,0,0,0,-3,-11,-3,-11,-2,-12,-1,-13,-1,-13,0,-13,1,-14,1,-13,1,-14,2,-14,2,-13,2,-13,2,-13,1,-13,1,-13,1,-13,0,-13,0,-13,-1,-13,-1,-14,-1,-14,-2,-14,-2,-15,-3,-15,-3,-15,-3,-15]"
2025-08-18 22:59:32.300491,CSI_DATA,584,1a:00:00:00:00:00,-38,11,0,0,0,0,0,0,0,0,0,-92,0,1,0,99662996,0,42,0,128,0,"[0,0,12,-9,11,-9,11,-9,11,-9,10,-9,10,-9,10,-9,9,-10,9,-10,8,-10,8,-11,7,-11,7,-11,7,-11,7,-11,7,-12,7,-12,7,-12,8,-11,8,-11,9,-10,9,-10,9,-9,9,-9,9,-8,9,-7,0,0,0,0,0,0,0,0,0,0,0,0,0,0,0,0,0,0,0,0,0,0,7,-8,8,-8,9,-8,10,-7,10,-7,11,-7,11,-6,12,-5,12,-5,12,-5,12,-4,12,-5,12,-5,11,-5,11,-5,11,-5,11,-6,11,-6,11,-7,11,-7,11,-8,11,-8,11,-8,11,-9,11,-9,12,-9]"
2025-08-18 22:59:32.383914,CSI_DATA,585,1a:00:00:00:00:00,-38,11,0,0,0,0,0,0,0,0,0,-92,0,1,0,99739226,0,31,0,128,0,"[0,0,7,12,7,12,7,11,7,11,8,11,7,11,7,10,9,10,8,8,9,8,9,7,9,9,10,7,9,7,9,6,10,8,11,7,9,8,9,6,12,7,9,6,7,11,6,8,7,4,8,7,4,10,0,0,0,0,0,0,0,0,0,0,0,0,0,0,0,0,0,0,0,0,0,0,5,8,5,9,5,10,4,10,4,11,3,11,3,12,2,12,2,12,2,12,2,12,1,12,2,12,2,11,2,11,2,11,3,11,4,11,4,11,5,11,5,11,5,12,6,11,6,12,7,12,7,12]"
2025-08-18 22:59:32.569196,CSI_DATA,586,1a:00:00:00:00:00,-38,11,0,0,0,0,0,0,0,0,0,-92,0,1,0,99938770,0,31,0,128,0,"[0,0,7,12,7,11,7,11,7,11,8,10,7,10,7,10,8,9,8,9,8,8,8,8,9,8,9,7,9,7,10,7,10,7,10,8,9,8,10,8,9,8,9,8,8,9,7,9,7,9,6,9,6,9,0,0,0,0,0,0,0,0,0,0,0,0,0,0,0,0,0,0,0,0,0,0,6,7,5,8,6,9,5,10,4,11,4,11,4,11,4,12,2,12,2,12,2,12,2,11,2,11,2,11,2,11,3,11,3,11,4,11,4,11,5,11,6,11,6,12,6,11,7,11,7,12,7,12]"
2025-08-18 22:59:32.783018,CSI_DATA,587,1a:00:00:00:00:00,-38,11,0,0,0,0,0,0,0,0,0,-92,0,1,0,100139108,0,31,0,128,0,"[0,0,-12,-10,-12,-10,-12,-9,-12,-9,-12,-9,-12,-8,-12,-8,-12,-7,-12,-7,-12,-6,-12,-6,-12,-5,-13,-5,-13,-5,-13,-4,-13,-4,-13,-5,-14,-5,-14,-6,-13,-6,-13,-6,-12,-7,-12,-7,-11,-7,-10,-7,-10,-8,0,0,0,0,0,0,0,0,0,0,0,0,0,0,0,0,0,0,0,0,0,0,-10,-6,-10,-7,-10,-8,-9,-9,-9,-9,-9,-10,-9,-11,-8,-11,-8,-12,-8,-11,-8,-12,-7,-11,-7,-11,-8,-11,-8,-11,-8,-11,-9,-10,-9,-10,-9,-10,-10,-10,-10,-10,-11,-10,-12,-9,-12,-9,-12,-10,-12,-10]"
2025-08-18 22:59:32.979194,CSI_DATA,588,1a:00:00:00:00:00,-38,11,0,0,0,0,0,0,0,0,0,-92,0,1,0,100340291,0,31,0,128,0,"[0,0,4,-15,3,-15,3,-15,3,-14,3,-15,3,-14,3,-14,2,-14,1,-13,1,-13,0,-13,0,-13,-1,-14,-1,-14,-1,-13,-1,-14,-1,-14,-1,-14,0,-15,0,-14,1,-14,2,-14,2,-13,2,-13,3,-12,3,-12,0,0,0,0,0,0,0,0,0,0,0,0,0,0,0,0,0,0,0,0,0,0,1,-11,2,-12,2,-12,3,-12,4,-12,5,-13,6,-12,6,-12,6,-12,6,-11,6,-12,7,-11,6,-11,6,-11,6,-12,6,-11,5,-12,5,-12,5,-13,4,-13,4,-13,4,-13,4,-14,4,-14,3,-15,4,-15]"
2025-08-18 22:59:33.179132,CSI_DATA,589,1a:00:00:00:00:00,-38,11,0,0,0,0,0,0,0,0,0,-92,0,1,0,100541429,0,31,0,128,0,"[0,0,5,-14,5,-14,5,-14,5,-14,4,-13,4,-13,4,-13,3,-13,3,-13,2,-13,1,-13,1,-13,0,-13,0,-13,0,-13,1,-13,1,-14,1,-14,1,-14,2,-14,2,-13,3,-13,3,-13,3,-12,4,-11,4,-11,0,0,0,0,0,0,0,0,0,0,0,0,0,0,0,0,0,0,0,0,0,0,2,-11,3,-11,4,-11,5,-12,5,-12,6,-12,7,-11,7,-11,8,-10,7,-10,7,-10,8,-10,7,-10,7,-10,7,-10,7,-10,6,-11,6,-11,6,-12,6,-12,6,-12,6,-13,5,-13,5,-13,5,-14,5,-14]"
2025-08-18 22:59:33.381259,CSI_DATA,590,1a:00:00:00:00:00,-38,11,0,0,0,0,0,0,0,0,0,-92,0,1,0,100743592,0,31,0,128,0,"[0,0,11,-10,10,-10,10,-10,10,-10,10,-10,9,-10,9,-10,8,-10,8,-10,7,-10,7,-11,6,-11,6,-11,6,-12,6,-12,6,-12,6,-12,7,-12,7,-12,7,-12,7,-11,8,-11,8,-10,8,-9,8,-8,9,-8,0,0,0,0,0,0,0,0,0,0,0,0,0,0,0,0,0,0,0,0,0,0,7,-8,7,-8,8,-8,9,-8,9,-7,10,-7,11,-7,11,-6,11,-6,11,-5,11,-5,11,-5,11,-5,11,-5,11,-5,10,-6,10,-6,10,-7,10,-8,10,-8,10,-9,10,-9,10,-9,10,-9,11,-9,11,-10]"
2025-08-18 22:59:33.587660,CSI_DATA,591,1a:00:00:00:00:00,-38,11,0,0,0,0,0,0,0,0,0,-92,0,1,0,100943735,0,31,0,128,0,"[0,0,-12,8,-12,8,-12,8,-12,8,-11,8,-11,8,-10,8,-10,9,-9,9,-9,9,-9,9,-8,10,-8,10,-8,10,-8,11,-7,10,-8,11,-8,10,-9,10,-9,10,-9,9,-9,9,-10,8,-10,8,-10,7,-10,6,0,0,0,0,0,0,0,0,0,0,0,0,0,0,0,0,0,0,0,0,0,0,-8,7,-9,7,-10,6,-10,6,-11,6,-12,5,-12,5,-13,4,-12,4,-13,4,-13,4,-13,3,-12,3,-12,4,-12,4,-12,4,-12,5,-12,5,-11,6,-12,6,-12,6,-12,7,-12,8,-12,8,-12,8,-12,8]"
2025-08-18 22:59:33.776997,CSI_DATA,592,1a:00:00:00:00:00,-38,11,0,0,0,0,0,0,0,0,0,-92,0,1,0,101145019,0,31,0,128,0,"[0,0,7,12,7,12,7,12,8,12,8,11,7,11,8,11,8,10,8,10,9,9,9,8,9,8,10,8,10,8,10,8,10,8,10,8,10,8,10,9,9,9,9,9,8,10,8,10,7,10,7,10,6,10,0,0,0,0,0,0,0,0,0,0,0,0,0,0,0,0,0,0,0,0,0,0,7,8,6,9,6,9,5,10,5,11,5,11,4,12,4,12,3,12,3,12,3,12,3,12,3,12,3,12,3,12,3,11,4,11,5,11,5,11,5,12,6,12,6,12,7,12,7,12,8,12,8,12]"
2025-08-18 22:59:33.844698,CSI_DATA,593,1a:00:00:00:00:00,-38,11,0,0,0,0,0,0,0,0,0,-92,0,1,0,101205785,0,42,0,128,0,"[0,0,3,-15,3,-15,3,-15,3,-15,2,-15,2,-14,2,-14,1,-14,0,-13,0,-13,-1,-14,-1,-13,-2,-13,-2,-14,-2,-14,-2,-14,-2,-14,-2,-14,-1,-14,-1,-14,0,-14,0,-14,1,-13,1,-13,2,-12,2,-12,0,0,0,0,0,0,0,0,0,0,0,0,0,0,0,0,0,0,0,0,0,0,1,-11,2,-12,3,-12,4,-12,4,-12,5,-12,6,-12,6,-12,7,-12,7,-11,7,-11,7,-11,7,-11,7,-11,6,-11,6,-11,5,-12,5,-12,5,-13,4,-13,4,-13,4,-14,4,-14,4,-14,4,-15,4,-15]"
2025-08-18 22:59:33.916703,CSI_DATA,594,1a:00:00:00:00:00,-38,11,0,0,0,0,0,0,0,0,0,-92,0,1,0,101269796,0,31,0,128,0,"[0,0,9,12,9,12,9,11,9,11,8,10,8,10,9,10,9,9,9,8,10,8,10,8,10,7,10,7,10,7,11,7,11,7,11,7,11,7,11,8,11,8,10,8,9,9,9,9,8,9,7,9,7,9,0,0,0,0,0,0,0,0,0,0,0,0,0,0,0,0,0,0,0,0,0,0,8,7,7,8,7,9,6,10,6,10,6,11,5,11,5,12,4,12,4,12,4,12,4,12,4,12,4,11,4,11,5,11,5,11,6,11,6,11,7,11,7,11,7,11,8,11,8,11,8,12,9,11]"
2025-08-18 22:59:34.114628,CSI_DATA,595,1a:00:00:00:00:00,-38,11,0,0,0,0,0,0,0,0,0,-92,0,1,0,101471990,0,31,0,128,0,"[0,0,-6,-14,-6,-14,-6,-14,-6,-14,-6,-14,-6,-13,-6,-13,-7,-12,-7,-12,-8,-11,-8,-11,-8,-11,-8,-11,-9,-11,-9,-11,-9,-11,-9,-11,-9,-11,-9,-11,-9,-12,-8,-12,-7,-12,-7,-12,-6,-12,-6,-11,-5,-11,0,0,0,0,0,0,0,0,0,0,0,0,0,0,0,0,0,0,0,0,0,0,-6,-10,-5,-11,-4,-12,-4,-12,-4,-13,-3,-13,-2,-13,-2,-14,-1,-14,-1,-14,-1,-14,-1,-13,-1,-13,-1,-13,-1,-13,-2,-13,-2,-13,-3,-13,-3,-13,-4,-13,-4,-13,-5,-14,-5,-14,-6,-14,-5,-14,-6,-14]"
2025-08-18 22:59:34.309660,CSI_DATA,596,1a:00:00:00:00:00,-38,11,0,0,0,0,0,0,0,0,0,-92,0,1,0,101671584,0,31,0,128,0,"[0,0,-14,5,-14,5,-14,5,-14,5,-14,5,-13,6,-13,6,-12,6,-12,7,-11,7,-11,7,-11,8,-10,8,-10,8,-11,8,-11,8,-11,8,-11,9,-12,8,-12,8,-12,7,-12,6,-12,6,-12,5,-12,4,-12,4,0,0,0,0,0,0,0,0,0,0,0,0,0,0,0,0,0,0,0,0,0,0,-10,5,-11,5,-11,4,-12,4,-12,3,-13,3,-14,2,-14,2,-14,1,-14,1,-14,1,-13,0,-13,1,-13,1,-13,1,-13,1,-13,2,-13,2,-13,3,-13,3,-14,4,-13,4,-14,4,-14,5,-14,5,-14,5]"
2025-08-18 22:59:34.510888,CSI_DATA,597,1a:00:00:00:00:00,-38,11,0,0,0,0,0,0,0,0,0,-92,0,1,0,101872723,0,31,0,128,0,"[0,0,5,-14,4,-15,4,-14,4,-14,3,-14,3,-14,3,-14,2,-14,2,-13,1,-13,1,-13,0,-13,0,-14,-1,-14,-1,-14,-1,-14,-1,-14,0,-14,0,-14,0,-14,1,-14,1,-14,2,-13,2,-13,3,-12,3,-12,0,0,0,0,0,0,0,0,0,0,0,0,0,0,0,0,0,0,0,0,0,0,2,-11,3,-11,4,-12,5,-11,5,-12,6,-11,7,-12,7,-11,8,-11,8,-11,8,-11,8,-10,8,-10,8,-10,7,-11,7,-11,6,-11,6,-12,6,-12,5,-13,5,-13,5,-13,5,-14,5,-14,5,-14,5,-14]"
2025-08-18 22:59:34.713061,CSI_DATA,598,1a:00:00:00:00:00,-38,11,0,0,0,0,0,0,0,0,0,-92,0,1,0,102073880,0,31,0,128,0,"[0,0,-15,1,-15,1,-15,1,-14,1,-14,2,-14,2,-13,2,-13,3,-13,3,-13,3,-12,3,-12,4,-12,4,-12,5,-12,5,-12,5,-12,5,-13,5,-13,5,-13,4,-13,4,-13,3,-13,2,-13,2,-12,1,-12,0,0,0,0,0,0,0,0,0,0,0,0,0,0,0,0,0,0,0,0,0,0,0,-11,2,-12,1,-12,0,-12,0,-13,-1,-13,-1,-13,-2,-13,-2,-13,-3,-13,-3,-13,-4,-13,-4,-13,-3,-12,-3,-13,-3,-12,-2,-13,-2,-13,-1,-13,-1,-13,0,-14,0,-14,0,-14,1,-15,0,-15,1,-15,1]"
2025-08-18 22:59:34.918671,CSI_DATA,599,1a:00:00:00:00:00,-38,11,0,0,0,0,0,0,0,0,0,-92,0,1,0,102275229,0,31,0,128,0,"[0,0,-9,-12,-9,-12,-9,-12,-9,-11,-10,-11,-9,-11,-9,-10,-10,-10,-10,-9,-10,-9,-11,-8,-11,-8,-11,-8,-11,-8,-11,-7,-12,-8,-12,-8,-12,-8,-12,-9,-11,-9,-11,-9,-10,-9,-9,-10,-9,-10,-8,-10,-7,-10,0,0,0,0,0,0,0,0,0,0,0,0,0,0,0,0,0,0,0,0,0,0,-8,-8,-8,-8,-8,-9,-8,-10,-7,-11,-7,-11,-6,-12,-6,-12,-6,-12,-5,-12,-5,-12,-5,-12,-5,-12,-5,-12,-5,-12,-5,-12,-6,-11,-7,-11,-7,-11,-8,-11,-8,-11,-8,-11,-9,-11,-9,-12,-9,-12,-10,-12]"
2025-08-18 22:59:35.119858,CSI_DATA,600,1a:00:00:00:00:00,-38,11,0,0,0,0,0,0,0,0,0,-92,0,1,0,102476340,0,31,0,128,0,"[0,0,14,2,14,2,13,2,14,1,13,1,13,1,13,0,13,0,12,-1,13,-1,12,-2,12,-2,12,-2,12,-3,13,-3,12,-3,13,-3,13,-3,13,-3,13,-2,13,-1,13,-1,13,0,12,0,12,1,11,2,0,0,0,0,0,0,0,0,0,0,0,0,0,0,0,0,0,0,0,0,0,0,11,0,11,1,11,2,11,2,12,3,12,4,12,5,11,5,11,5,11,6,11,6,11,6,11,6,11,5,11,5,11,5,11,4,12,4,12,3,12,3,13,3,13,3,14,2,14,2,14,2,14,2]"
2025-08-18 22:59:35.309340,CSI_DATA,601,1a:00:00:00:00:00,-38,11,0,0,0,0,0,0,0,0,0,-92,0,1,0,102677464,0,31,0,128,0,"[0,0,12,7,12,6,12,6,12,6,12,6,12,5,11,5,12,4,11,4,12,3,12,3,11,3,12,2,12,2,12,2,12,2,12,2,13,2,13,3,13,3,12,4,12,4,11,5,10,5,10,5,9,6,0,0,0,0,0,0,0,0,0,0,0,0,0,0,0,0,0,0,0,0,0,0,10,3,10,4,10,5,10,5,10,6,10,7,10,7,9,8,9,8,9,9,8,9,8,9,8,9,8,8,8,8,8,8,9,7,9,7,10,7,10,6,11,6,11,6,12,6,12,7,12,7,12,6]"
2025-08-18 22:59:35.376163,CSI_DATA,602,1a:00:00:00:00:00,-38,11,0,0,0,0,0,0,0,0,0,-92,0,1,0,102738306,0,42,0,128,0,"[0,0,-15,4,-15,4,-14,5,-14,5,-13,5,-13,5,-13,5,-12,5,-12,6,-12,6,-11,7,-11,7,-11,8,-11,8,-11,8,-10,8,-11,9,-11,8,-12,8,-12,7,-12,7,-12,6,-12,6,-12,5,-11,4,-11,4,0,0,0,0,0,0,0,0,0,0,0,0,0,0,0,0,0,0,0,0,0,0,-11,4,-11,4,-12,3,-12,2,-13,2,-13,1,-14,1,-14,0,-14,0,-14,-1,-14,-1,-13,-1,-13,-1,-13,0,-13,0,-13,0,-13,1,-13,2,-13,2,-13,2,-14,2,-14,3,-14,4,-14,4,-14,4,-14,4]"
2025-08-18 22:59:35.449065,CSI_DATA,603,1a:00:00:00:00:00,-38,11,0,0,0,0,0,0,0,0,0,-92,0,1,0,102800848,0,31,0,128,0,"[0,0,-15,-3,-15,-3,-14,-3,-15,-2,-14,-2,-14,-2,-14,-1,-14,-1,-13,0,-14,0,-14,0,-13,1,-13,1,-13,2,-14,2,-14,2,-14,2,-14,2,-15,2,-14,1,-14,1,-14,0,-13,-1,-13,-2,-13,-2,-12,-2,0,0,0,0,0,0,0,0,0,0,0,0,0,0,0,0,0,0,0,0,0,0,-11,-1,-12,-2,-12,-3,-12,-3,-13,-4,-13,-5,-13,-5,-13,-6,-12,-6,-12,-7,-12,-7,-12,-7,-12,-7,-12,-6,-11,-6,-12,-6,-12,-5,-13,-5,-13,-4,-13,-4,-14,-4,-14,-3,-15,-3,-15,-3,-15,-3,-15,-3]"
2025-08-18 22:59:35.644890,CSI_DATA,604,1a:00:00:00:00:00,-38,11,0,0,0,0,0,0,0,0,0,-92,0,1,0,103001884,0,31,0,128,0,"[0,0,-13,-7,-14,-7,-13,-7,-13,-6,-13,-6,-13,-6,-13,-5,-13,-5,-13,-4,-13,-4,-13,-3,-13,-3,-13,-2,-13,-2,-14,-2,-13,-2,-14,-2,-14,-2,-14,-3,-14,-3,-14,-4,-13,-4,-13,-4,-12,-5,-12,-5,-11,-6,0,0,0,0,0,0,0,0,0,0,0,0,0,0,0,0,0,0,0,0,0,0,-11,-4,-11,-5,-11,-6,-11,-7,-11,-8,-10,-8,-10,-9,-10,-10,-10,-10,-9,-10,-9,-10,-9,-10,-9,-10,-9,-9,-9,-9,-10,-9,-10,-8,-11,-8,-11,-8,-11,-8,-11,-8,-12,-8,-13,-7,-13,-7,-13,-7,-13,-7]"
2025-08-18 22:59:36.041374,CSI_DATA,605,1a:00:00:00:00:00,-38,11,0,0,0,0,0,0,0,0,0,-92,0,1,0,103203100,0,31,0,128,0,"[0,0,7,-13,7,-13,7,-13,7,-13,6,-13,6,-13,5,-13,5,-13,4,-13,4,-13,3,-13,3,-13,3,-13,2,-13,2,-14,2,-14,2,-14,3,-14,3,-14,4,-14,4,-13,4,-13,5,-13,5,-12,5,-11,6,-11,0,0,0,0,0,0,0,0,0,0,0,0,0,0,0,0,0,0,0,0,0,0,4,-11,5,-11,5,-11,6,-11,7,-11,8,-10,8,-10,9,-10,9,-10,9,-9,10,-9,9,-9,9,-9,9,-9,8,-9,8,-9,8,-10,7,-10,7,-11,7,-11,7,-11,7,-12,7,-12,7,-13,7,-13,7,-13]"
2025-08-18 22:59:36.047588,CSI_DATA,606,1a:00:00:00:00:00,-38,11,0,0,0,0,0,0,0,0,0,-92,0,1,0,103404433,0,31,0,128,0,"[0,0,10,-11,9,-11,9,-11,9,-11,8,-12,8,-11,7,-11,7,-12,6,-11,6,-12,6,-12,5,-12,5,-13,4,-13,4,-13,5,-13,4,-13,5,-13,5,-13,6,-13,6,-12,6,-12,6,-11,7,-11,7,-10,7,-9,0,0,0,0,0,0,0,0,0,0,0,0,0,0,0,0,0,0,0,0,0,0,6,-9,7,-9,7,-9,8,-9,9,-9,10,-9,10,-8,10,-8,11,-7,11,-7,11,-7,11,-7,11,-7,10,-7,10,-7,10,-7,10,-8,9,-8,9,-9,9,-9,9,-10,9,-10,9,-11,9,-11,9,-12,10,-12]"
2025-08-18 22:59:36.243321,CSI_DATA,607,1a:00:00:00:00:00,-38,11,0,0,0,0,0,0,0,0,0,-92,0,1,0,103605565,0,31,0,128,0,"[0,0,-8,13,-8,13,-7,12,-7,12,-6,12,-7,12,-6,12,-5,12,-5,12,-4,12,-3,12,-3,12,-3,12,-3,12,-2,13,-3,13,-3,13,-3,13,-4,13,-4,13,-4,12,-5,12,-5,12,-5,11,-6,11,-6,10,0,0,0,0,0,0,0,0,0,0,0,0,0,0,0,0,0,0,0,0,0,0,-4,10,-5,10,-6,10,-7,10,-8,10,-8,10,-9,10,-10,9,-10,9,-10,9,-10,9,-10,9,-10,9,-9,9,-9,9,-9,9,-9,9,-8,10,-8,10,-8,10,-8,11,-8,11,-8,12,-7,12,-7,13,-7,12]"
2025-08-18 22:59:36.448754,CSI_DATA,608,1a:00:00:00:00:00,-38,11,0,0,0,0,0,0,0,0,0,-92,0,1,0,103806697,0,31,0,128,0,"[0,0,-15,-3,-15,-4,-15,-4,-15,-3,-14,-3,-14,-2,-14,-2,-14,-1,-14,-1,-14,0,-13,0,-13,0,-13,1,-13,1,-14,1,-14,1,-14,1,-14,1,-14,1,-14,0,-14,0,-14,-1,-14,-1,-13,-2,-13,-3,-12,-3,0,0,0,0,0,0,0,0,0,0,0,0,0,0,0,0,0,0,0,0,0,0,-11,-2,-12,-2,-12,-3,-12,-4,-13,-5,-12,-5,-12,-6,-12,-7,-12,-7,-12,-7,-11,-8,-11,-7,-11,-7,-11,-7,-12,-7,-11,-6,-12,-6,-12,-5,-13,-5,-13,-5,-13,-4,-14,-4,-14,-4,-14,-4,-15,-4,-15,-4]"
2025-08-18 22:59:36.651728,CSI_DATA,609,1a:00:00:00:00:00,-38,11,0,0,0,0,0,0,0,0,0,-92,0,1,0,104008120,0,31,0,128,0,"[0,0,-13,-9,-13,-8,-12,-8,-12,-8,-12,-7,-12,-7,-12,-7,-12,-6,-12,-6,-12,-5,-12,-5,-12,-4,-13,-4,-13,-4,-13,-4,-13,-4,-13,-4,-13,-4,-14,-4,-13,-5,-13,-5,-12,-6,-12,-6,-11,-6,-11,-7,-10,-7,0,0,0,0,0,0,0,0,0,0,0,0,0,0,0,0,0,0,0,0,0,0,-10,-5,-10,-6,-10,-7,-10,-8,-10,-8,-10,-9,-10,-9,-9,-10,-9,-10,-8,-11,-8,-11,-8,-10,-8,-10,-8,-10,-9,-10,-9,-9,-9,-9,-10,-9,-10,-9,-11,-8,-11,-9,-11,-9,-12,-8,-12,-8,-12,-8,-12,-9]"
2025-08-18 22:59:36.846642,CSI_DATA,610,1a:00:00:00:00:00,-38,11,0,0,0,0,0,0,0,0,0,-92,0,1,0,104209110,0,31,0,128,0,"[0,0,-10,11,-10,11,-10,11,-9,11,-9,11,-9,10,-8,11,-8,11,-7,11,-7,11,-6,11,-5,11,-5,11,-5,11,-5,12,-5,12,-5,12,-5,12,-6,12,-6,12,-7,12,-7,11,-7,10,-7,10,-8,9,-8,8,0,0,0,0,0,0,0,0,0,0,0,0,0,0,0,0,0,0,0,0,0,0,-7,9,-8,9,-8,8,-9,8,-10,8,-10,8,-11,7,-11,7,-12,7,-12,6,-12,6,-12,6,-11,6,-11,6,-11,7,-11,7,-11,7,-10,8,-10,8,-10,9,-10,9,-10,9,-10,10,-10,11,-10,11,-10,11]"
2025-08-18 22:59:36.912502,CSI_DATA,611,1a:00:00:00:00:00,-38,11,0,0,0,0,0,0,0,0,0,-92,0,1,0,104269863,0,42,0,128,0,"[0,0,-8,-13,-8,-13,-8,-13,-8,-12,-8,-12,-8,-11,-8,-11,-9,-11,-9,-10,-9,-9,-10,-9,-10,-8,-10,-8,-10,-9,-10,-8,-11,-9,-11,-9,-11,-9,-10,-10,-10,-10,-10,-10,-9,-10,-8,-10,-8,-10,-8,-10,-7,-10,0,0,0,0,0,0,0,0,0,0,0,0,0,0,0,0,0,0,0,0,0,0,-8,-8,-7,-9,-7,-10,-6,-11,-6,-11,-6,-12,-5,-13,-5,-13,-4,-13,-4,-13,-4,-12,-4,-13,-4,-13,-4,-12,-4,-12,-4,-12,-5,-12,-5,-12,-6,-12,-6,-12,-6,-12,-7,-12,-8,-12,-8,-12,-9,-12,-9,-12]"
2025-08-18 22:59:36.979245,CSI_DATA,612,1a:00:00:00:00:00,-38,11,0,0,0,0,0,0,0,0,0,-92,0,1,0,104337691,0,31,0,128,0,"[0,0,15,-2,14,-3,14,-3,14,-3,14,-3,13,-3,13,-4,13,-4,12,-4,12,-5,12,-6,12,-6,12,-6,12,-6,12,-7,12,-7,12,-6,12,-7,13,-6,13,-6,13,-5,13,-5,12,-4,12,-3,12,-2,12,-2,0,0,0,0,0,0,0,0,0,0,0,0,0,0,0,0,0,0,0,0,0,0,10,-4,11,-3,11,-2,12,-2,12,-1,13,0,13,0,13,1,13,1,13,2,13,2,12,2,12,2,12,1,12,1,12,1,12,0,13,0,13,-1,13,-1,13,-1,14,-2,14,-2,14,-2,15,-2,15,-3]"
2025-08-18 22:59:37.171158,CSI_DATA,613,1a:00:00:00:00:00,-38,11,0,0,0,0,0,0,0,0,0,-92,0,1,0,104539666,0,31,0,128,0,"[0,0,7,12,7,12,7,11,7,11,8,11,7,11,7,10,8,10,8,9,8,8,9,8,9,8,9,8,9,8,10,8,10,8,10,8,10,8,10,9,9,9,8,9,8,10,7,10,7,10,6,9,5,10,0,0,0,0,0,0,0,0,0,0,0,0,0,0,0,0,0,0,0,0,0,0,7,7,7,8,6,9,6,10,6,10,5,11,5,12,4,12,4,12,4,12,3,12,3,12,3,12,4,11,4,11,4,11,4,11,5,11,5,11,6,11,6,11,6,11,7,11,7,11,8,12,8,12]"
2025-08-18 22:59:37.377473,CSI_DATA,614,1a:00:00:00:00:00,-38,11,0,0,0,0,0,0,0,0,0,-92,0,1,0,104740373,0,31,0,128,0,"[0,0,-13,9,-12,9,-12,9,-11,9,-11,9,-11,9,-11,9,-10,9,-9,9,-9,10,-8,10,-8,10,-8,10,-8,11,-8,11,-8,11,-8,11,-8,11,-9,11,-9,11,-9,10,-10,10,-10,9,-10,9,-10,7,-10,7,0,0,0,0,0,0,0,0,0,0,0,0,0,0,0,0,0,0,0,0,0,0,-8,8,-9,7,-10,7,-11,7,-11,6,-12,6,-13,5,-13,5,-13,5,-13,4,-13,4,-13,4,-13,4,-12,4,-12,5,-12,5,-12,5,-12,6,-12,6,-12,7,-12,7,-12,7,-12,8,-12,9,-12,9,-12,9]"
2025-08-18 22:59:37.578043,CSI_DATA,615,1a:00:00:00:00:00,-38,11,0,0,0,0,0,0,0,0,0,-92,0,1,0,104941255,0,31,0,128,0,"[0,0,14,-4,13,-4,13,-4,13,-4,13,-5,12,-5,12,-5,11,-5,11,-5,11,-6,11,-6,10,-7,10,-7,10,-7,10,-8,10,-8,11,-8,11,-7,11,-7,11,-7,11,-6,11,-6,11,-5,11,-4,11,-4,11,-3,0,0,0,0,0,0,0,0,0,0,0,0,0,0,0,0,0,0,0,0,0,0,9,-5,10,-4,10,-4,11,-3,11,-3,12,-2,12,-1,12,-1,12,0,12,0,12,0,12,0,12,0,12,0,12,-1,11,0,12,-1,12,-2,12,-2,12,-3,12,-3,13,-3,13,-4,13,-4,13,-4,13,-4]"
2025-08-18 22:59:37.780185,CSI_DATA,616,1a:00:00:00:00:00,-38,11,0,0,0,0,0,0,0,0,0,-92,0,1,0,105142410,0,31,0,128,0,"[0,0,6,-14,5,-14,5,-13,5,-14,4,-14,4,-13,3,-13,3,-13,2,-13,2,-13,2,-13,1,-13,1,-13,1,-13,0,-14,0,-14,0,-14,0,-14,1,-14,1,-14,2,-14,2,-14,3,-13,3,-13,4,-12,4,-11,0,0,0,0,0,0,0,0,0,0,0,0,0,0,0,0,0,0,0,0,0,0,3,-11,4,-11,5,-11,5,-11,6,-11,7,-11,7,-11,8,-11,8,-11,9,-10,9,-10,9,-9,9,-9,8,-10,8,-10,7,-10,7,-10,6,-11,6,-11,6,-12,6,-12,5,-13,6,-13,6,-13,6,-14,6,-14]"
2025-08-18 22:59:37.976314,CSI_DATA,617,1a:00:00:00:00:00,-38,11,0,0,0,0,0,0,0,0,0,-92,0,1,0,105343642,0,31,0,128,0,"[0,0,13,5,13,4,13,4,13,4,13,4,12,3,12,3,12,3,12,2,12,1,12,1,12,1,12,0,13,0,13,0,13,0,13,0,13,0,13,1,13,1,13,2,12,2,12,2,11,3,11,3,10,4,0,0,0,0,0,0,0,0,0,0,0,0,0,0,0,0,0,0,0,0,0,0,10,2,11,3,10,3,11,4,11,5,11,6,11,6,10,7,10,7,10,7,10,8,9,8,10,7,10,7,10,7,10,6,10,6,10,5,11,5,11,5,12,5,12,5,12,4,13,5,13,5,14,5]"
2025-08-18 22:59:38.182836,CSI_DATA,618,1a:00:00:00:00:00,-38,11,0,0,0,0,0,0,0,0,0,-92,0,1,0,105544793,0,31,0,128,0,"[0,0,14,-5,13,-5,13,-6,13,-6,12,-6,12,-6,12,-6,11,-6,11,-7,10,-7,10,-8,9,-8,10,-9,10,-9,10,-9,10,-9,10,-9,10,-9,11,-9,11,-8,11,-8,11,-7,10,-7,11,-6,10,-6,11,-5,0,0,0,0,0,0,0,0,0,0,0,0,0,0,0,0,0,0,0,0,0,0,9,-6,10,-5,11,-4,11,-4,11,-3,12,-3,13,-2,12,-2,13,-1,12,-1,12,-1,12,-1,12,-1,12,-1,12,-2,12,-2,12,-2,12,-3,12,-3,12,-4,12,-4,13,-4,13,-5,13,-6,13,-6,13,-6]"
2025-08-18 22:59:38.377640,CSI_DATA,619,1a:00:00:00:00:00,-38,11,0,0,0,0,0,0,0,0,0,-92,0,1,0,105746141,0,31,0,128,0,"[0,0,13,7,12,6,12,7,12,6,12,6,12,6,12,5,12,4,12,4,12,3,12,3,12,2,12,2,12,2,12,2,13,2,13,2,13,2,13,3,13,3,12,3,12,4,11,5,11,5,10,5,10,6,0,0,0,0,0,0,0,0,0,0,0,0,0,0,0,0,0,0,0,0,0,0,10,3,10,4,10,5,10,6,10,6,10,7,10,8,9,8,9,9,9,9,8,9,8,9,8,9,8,8,9,8,8,8,9,8,9,7,10,7,10,7,11,7,11,6,11,7,12,7,12,7,13,7]"
2025-08-18 22:59:38.448684,CSI_DATA,620,1a:00:00:00:00:00,-38,11,0,0,0,0,0,0,0,0,0,-92,0,1,0,105806864,0,42,0,128,0,"[0,0,-15,-5,-14,-5,-15,-5,-14,-4,-14,-4,-14,-3,-14,-3,-13,-2,-13,-2,-13,-1,-13,-1,-13,0,-14,0,-14,0,-13,1,-14,1,-14,1,-14,0,-14,0,-14,0,-14,-1,-14,-1,-13,-2,-13,-2,-12,-3,-12,-3,0,0,0,0,0,0,0,0,0,0,0,0,0,0,0,0,0,0,0,0,0,0,-11,-3,-12,-4,-11,-4,-12,-5,-12,-6,-12,-7,-12,-7,-12,-7,-11,-8,-11,-8,-11,-8,-11,-8,-11,-8,-11,-8,-11,-7,-11,-7,-12,-7,-12,-6,-12,-6,-13,-5,-13,-5,-13,-5,-14,-5,-14,-5,-14,-5,-15,-5]"
2025-08-18 22:59:38.516393,CSI_DATA,621,1a:00:00:00:00:00,-38,11,0,0,0,0,0,0,0,0,0,-92,0,1,0,105873793,0,31,0,128,0,"[0,0,-4,-15,-4,-15,-4,-14,-4,-14,-4,-14,-4,-14,-5,-13,-5,-13,-6,-12,-6,-12,-6,-12,-7,-12,-7,-12,-7,-11,-8,-12,-7,-12,-7,-12,-7,-12,-7,-12,-7,-12,-6,-13,-6,-13,-5,-12,-4,-12,-4,-12,-3,-12,0,0,0,0,0,0,0,0,0,0,0,0,0,0,0,0,0,0,0,0,0,0,-5,-11,-4,-11,-3,-12,-3,-12,-2,-13,-2,-13,-1,-14,-1,-14,0,-14,0,-14,1,-13,1,-13,1,-13,0,-13,0,-13,0,-13,-1,-13,-2,-13,-2,-13,-2,-13,-3,-14,-3,-14,-3,-14,-4,-14,-4,-14,-4,-15]"
2025-08-18 22:59:38.725965,CSI_DATA,622,1a:00:00:00:00:00,-38,11,0,0,0,0,0,0,0,0,0,-92,0,1,0,106074869,0,31,0,128,0,"[0,0,-2,14,-2,14,-2,14,-2,13,-2,14,-1,13,-1,13,0,13,0,12,1,12,1,12,1,12,2,12,2,12,2,12,2,13,2,12,2,13,2,13,1,13,1,13,0,12,-1,12,-1,12,-2,11,-2,11,0,0,0,0,0,0,0,0,0,0,0,0,0,0,0,0,0,0,0,0,0,0,-1,10,-1,11,-2,11,-3,11,-3,11,-4,12,-5,12,-5,12,-6,11,-6,11,-6,11,-6,11,-6,11,-6,11,-5,11,-5,11,-5,11,-4,11,-4,12,-4,12,-3,13,-3,13,-3,13,-3,14,-3,14,-2,14]"
2025-08-18 22:59:38.910595,CSI_DATA,623,1a:00:00:00:00:00,-38,11,0,0,0,0,0,0,0,0,0,-92,0,1,0,106276097,0,31,0,128,0,"[0,0,14,1,14,0,13,0,14,0,13,-1,13,-1,13,-1,13,-2,12,-2,13,-3,12,-3,12,-3,12,-4,12,-4,13,-5,12,-4,13,-4,13,-4,13,-4,13,-4,13,-3,13,-3,13,-2,12,-1,12,-1,11,0,0,0,0,0,0,0,0,0,0,0,0,0,0,0,0,0,0,0,0,0,0,0,10,-1,10,0,11,1,11,1,12,2,12,3,12,3,12,4,12,4,12,5,11,5,11,5,11,5,11,4,11,4,11,4,11,3,12,2,12,2,13,2,13,1,13,1,14,1,14,1,14,1,14,1]"
2025-08-18 22:59:39.114841,CSI_DATA,624,1a:00:00:00:00:00,-38,11,0,0,0,0,0,0,0,0,0,-92,0,1,0,106477217,0,31,0,128,0,"[0,0,12,-9,12,-9,12,-9,12,-9,11,-9,10,-9,10,-9,10,-10,9,-10,9,-10,9,-10,8,-11,8,-10,7,-11,8,-12,7,-11,8,-12,8,-12,8,-12,9,-11,9,-11,9,-10,9,-10,9,-8,10,-8,10,-7,0,0,0,0,0,0,0,0,0,0,0,0,0,0,0,0,0,0,0,0,0,0,8,-8,9,-8,10,-7,10,-7,11,-6,11,-6,12,-6,12,-5,12,-5,13,-4,12,-4,12,-4,12,-4,12,-4,11,-5,11,-5,11,-5,11,-6,11,-7,11,-7,11,-7,11,-8,12,-8,12,-8,12,-8,12,-9]"
2025-08-18 22:59:39.317196,CSI_DATA,625,1a:00:00:00:00:00,-38,11,0,0,0,0,0,0,0,0,0,-92,0,1,0,106678397,0,31,0,128,0,"[0,0,-16,1,-15,1,-15,1,-14,1,-14,2,-14,2,-14,2,-13,3,-13,3,-12,4,-12,4,-12,5,-12,5,-12,5,-12,5,-13,5,-12,5,-13,5,-13,5,-13,4,-13,4,-13,3,-12,3,-12,2,-12,2,-12,1,0,0,0,0,0,0,0,0,0,0,0,0,0,0,0,0,0,0,0,0,0,0,-11,2,-12,1,-12,1,-13,0,-13,-1,-13,-1,-13,-2,-14,-2,-13,-3,-13,-3,-13,-3,-13,-3,-13,-3,-13,-2,-13,-3,-12,-2,-13,-2,-12,-1,-13,-1,-14,0,-14,0,-14,0,-14,1,-15,1,-15,2,-15,1]"
2025-08-18 22:59:39.518180,CSI_DATA,626,1a:00:00:00:00:00,-38,11,0,0,0,0,0,0,0,0,0,-92,0,1,0,106879758,0,31,0,128,0,"[0,0,7,-14,6,-14,6,-14,6,-14,5,-14,5,-13,5,-13,4,-13,4,-13,3,-13,2,-13,2,-13,1,-13,1,-13,1,-14,1,-14,1,-14,2,-14,2,-14,3,-14,3,-14,3,-13,4,-13,4,-12,4,-12,5,-11,0,0,0,0,0,0,0,0,0,0,0,0,0,0,0,0,0,0,0,0,0,0,3,-11,4,-11,5,-11,6,-11,6,-11,7,-11,8,-11,8,-10,9,-10,9,-10,9,-10,9,-10,9,-10,8,-10,8,-10,8,-10,8,-10,7,-11,7,-11,7,-12,7,-12,7,-12,6,-13,6,-14,6,-14,7,-14]"
2025-08-18 22:59:39.713037,CSI_DATA,627,1a:00:00:00:00:00,-38,11,0,0,0,0,0,0,0,0,0,-92,0,1,0,107080826,0,31,0,128,0,"[0,0,8,12,8,11,8,11,8,11,8,10,8,10,8,9,8,9,9,8,9,8,9,8,9,7,10,7,10,7,10,7,10,7,11,7,10,7,10,8,10,8,9,8,9,8,8,9,8,8,7,9,6,9,0,0,0,0,0,0,0,0,0,0,0,0,0,0,0,0,0,0,0,0,0,0,6,8,6,8,6,9,5,10,5,10,5,11,4,11,4,11,4,12,3,12,3,12,3,12,3,12,3,11,3,11,4,11,4,11,5,11,5,11,6,11,6,11,7,11,7,11,7,11,8,12,8,11]"
2025-08-18 22:59:39.932144,CSI_DATA,628,1a:00:00:00:00:00,-38,11,0,0,0,0,0,0,0,0,0,-92,0,1,0,107282062,0,31,0,128,0,"[0,0,11,-10,11,-10,11,-10,10,-10,10,-10,9,-10,9,-10,8,-10,8,-10,7,-11,7,-11,7,-11,7,-11,6,-12,6,-12,7,-12,7,-12,7,-12,7,-12,7,-12,8,-11,8,-11,8,-10,8,-9,9,-8,9,-8,0,0,0,0,0,0,0,0,0,0,0,0,0,0,0,0,0,0,0,0,0,0,7,-9,8,-9,8,-8,9,-8,10,-8,11,-7,11,-7,11,-7,11,-6,12,-5,12,-5,11,-5,11,-5,11,-5,11,-6,11,-6,11,-6,10,-7,11,-8,10,-8,10,-9,10,-9,10,-9,11,-10,11,-10,11,-10]"
2025-08-18 22:59:39.980453,CSI_DATA,629,1a:00:00:00:00:00,-38,11,0,0,0,0,0,0,0,0,0,-92,0,1,0,107342831,0,42,0,128,0,"[0,0,9,-12,9,-12,8,-12,8,-12,8,-12,7,-12,7,-12,6,-12,6,-12,5,-12,5,-12,4,-13,4,-13,4,-13,4,-13,4,-13,4,-14,4,-13,4,-14,5,-13,5,-13,6,-12,6,-12,6,-11,6,-10,7,-10,0,0,0,0,0,0,0,0,0,0,0,0,0,0,0,0,0,0,0,0,0,0,5,-10,6,-10,7,-10,8,-9,8,-9,9,-9,10,-9,10,-9,10,-8,11,-8,11,-8,10,-7,10,-8,10,-8,10,-8,9,-8,9,-8,9,-9,9,-9,9,-10,9,-11,9,-11,9,-11,9,-12,9,-12,9,-12]"
2025-08-18 22:59:40.047453,CSI_DATA,630,1a:00:00:00:00:00,-38,11,0,0,0,0,0,0,0,0,0,-92,0,1,0,107409968,0,31,0,128,0,"[0,0,-4,14,-4,14,-4,13,-4,14,-3,13,-3,13,-2,13,-2,13,-1,12,-1,13,-1,12,0,12,0,12,1,12,1,13,1,12,0,14,0,13,0,13,0,13,-1,13,-1,13,-2,13,-3,12,-3,11,-4,11,0,0,0,0,0,0,0,0,0,0,0,0,0,0,0,0,0,0,0,0,0,0,-2,11,-2,10,-3,11,-4,11,-5,12,-5,11,-6,12,-6,11,-7,11,-8,11,-8,10,-8,10,-7,10,-7,10,-6,10,-7,11,-6,10,-5,11,-5,11,-5,12,-4,12,-4,13,-4,14,-4,14,-5,14,-4,14]"
2025-08-18 22:59:40.261184,CSI_DATA,631,1a:00:00:00:00:00,-38,11,0,0,0,0,0,0,0,0,0,-92,0,1,0,107611035,0,31,0,128,0,"[0,0,0,-15,0,-15,0,-15,0,-15,-1,-15,-1,-14,-1,-14,-1,-14,-2,-13,-2,-13,-3,-13,-4,-13,-4,-13,-4,-13,-4,-13,-4,-13,-4,-14,-4,-14,-4,-14,-3,-14,-3,-14,-2,-13,-2,-13,-1,-13,0,-12,0,-12,0,0,0,0,0,0,0,0,0,0,0,0,0,0,0,0,0,0,0,0,0,0,-2,-11,-1,-12,0,-12,0,-13,1,-13,2,-13,3,-13,3,-13,3,-13,4,-13,4,-13,4,-12,4,-12,4,-12,3,-12,3,-13,2,-13,2,-13,2,-13,1,-14,1,-14,1,-14,0,-15,0,-15,1,-15,0,-15]"
2025-08-18 22:59:40.452158,CSI_DATA,632,1a:00:00:00:00:00,-38,11,0,0,0,0,0,0,0,0,0,-92,0,1,0,107814291,0,31,0,128,0,"[0,0,-14,5,-14,5,-13,5,-13,5,-13,5,-12,6,-12,6,-11,6,-11,7,-11,7,-11,7,-10,7,-10,8,-9,8,-10,8,-10,8,-10,9,-10,8,-10,9,-10,8,-11,8,-11,7,-11,6,-11,6,-11,5,-11,4,0,0,0,0,0,0,0,0,0,0,0,0,0,0,0,0,0,0,0,0,0,0,-10,4,-11,4,-12,3,-12,3,-12,2,-13,2,-13,1,-13,1,-13,1,-13,0,-13,0,-13,-1,-13,0,-13,0,-12,1,-13,1,-13,2,-12,2,-13,2,-13,3,-13,4,-13,4,-14,4,-14,4,-14,5,-14,5]"
2025-08-18 22:59:40.652465,CSI_DATA,633,1a:00:00:00:00:00,-38,11,0,0,0,0,0,0,0,0,0,-92,0,1,0,108013594,0,31,0,128,0,"[0,0,-15,3,-15,3,-14,3,-14,4,-14,4,-14,4,-13,4,-13,4,-13,5,-12,5,-12,6,-12,6,-12,7,-12,7,-12,7,-12,7,-12,7,-12,7,-13,7,-13,6,-13,5,-13,5,-13,4,-12,4,-12,3,-12,2,0,0,0,0,0,0,0,0,0,0,0,0,0,0,0,0,0,0,0,0,0,0,-10,4,-11,4,-12,3,-12,2,-13,2,-13,1,-14,1,-14,0,-14,0,-14,-1,-14,-1,-13,-1,-13,-1,-13,-1,-13,0,-13,0,-13,0,-13,1,-13,1,-14,2,-14,2,-14,2,-14,3,-14,3,-15,4,-15,4]"
2025-08-18 22:59:40.846457,CSI_DATA,634,1a:00:00:00:00:00,-38,11,0,0,0,0,0,0,0,0,0,-92,0,1,0,108214960,0,31,0,128,0,"[0,0,6,13,6,13,6,13,6,12,6,12,6,11,6,11,7,11,7,10,7,10,8,9,8,9,8,9,9,9,9,9,9,9,9,9,9,10,8,10,8,10,7,11,7,11,6,11,6,10,5,10,4,10,0,0,0,0,0,0,0,0,0,0,0,0,0,0,0,0,0,0,0,0,0,0,6,8,6,9,5,10,5,10,5,11,4,11,3,12,3,12,3,12,2,12,2,12,2,12,3,12,3,12,3,12,2,12,3,12,4,11,4,12,5,12,5,12,5,12,6,12,6,12,7,13,7,13]"
2025-08-18 22:59:41.054990,CSI_DATA,635,1a:00:00:00:00:00,-38,11,0,0,0,0,0,0,0,0,0,-92,0,1,0,108415936,0,31,0,128,0,"[0,0,-16,1,-16,1,-15,1,-15,2,-14,2,-14,2,-14,2,-13,3,-13,3,-13,4,-13,4,-12,5,-12,5,-12,5,-13,5,-13,5,-13,5,-13,5,-14,5,-13,4,-14,4,-13,3,-13,3,-13,2,-12,2,-12,1,0,0,0,0,0,0,0,0,0,0,0,0,0,0,0,0,0,0,0,0,0,0,-11,3,-12,2,-12,1,-13,1,-13,0,-14,-1,-14,-2,-14,-2,-14,-3,-14,-3,-14,-3,-13,-3,-13,-3,-13,-2,-13,-2,-13,-2,-13,-1,-14,-1,-13,0,-14,0,-14,0,-15,0,-15,1,-15,2,-15,2,-15,2]"
2025-08-18 22:59:41.254972,CSI_DATA,636,1a:00:00:00:00:00,-38,11,0,0,0,0,0,0,0,0,0,-92,0,1,0,108617038,0,31,0,128,0,"[0,0,10,-10,10,-11,10,-10,9,-10,9,-11,9,-10,8,-10,8,-10,7,-10,7,-11,6,-11,5,-12,5,-11,5,-12,6,-12,5,-12,6,-12,6,-12,7,-12,7,-12,7,-11,8,-11,7,-10,7,-10,8,-9,8,-8,0,0,0,0,0,0,0,0,0,0,0,0,0,0,0,0,0,0,0,0,0,0,6,-9,7,-9,8,-9,8,-8,9,-8,10,-8,10,-7,11,-7,11,-7,11,-6,11,-6,11,-6,11,-6,10,-7,10,-6,10,-7,10,-7,10,-8,9,-8,10,-8,10,-9,10,-9,10,-10,10,-10,10,-11,10,-11]"
2025-08-18 22:59:41.466653,CSI_DATA,637,1a:00:00:00:00:00,-38,11,0,0,0,0,0,0,0,0,0,-92,0,1,0,108818188,0,31,0,128,0,"[0,0,-15,2,-15,2,-15,2,-14,2,-14,3,-13,3,-13,3,-13,4,-13,4,-12,4,-12,4,-11,5,-12,5,-11,6,-12,6,-12,6,-12,6,-12,6,-12,6,-12,6,-13,5,-13,4,-12,4,-12,3,-12,2,-12,2,0,0,0,0,0,0,0,0,0,0,0,0,0,0,0,0,0,0,0,0,0,0,-11,2,-11,2,-12,1,-12,1,-13,0,-13,0,-13,-1,-13,-1,-13,-2,-13,-2,-13,-3,-13,-3,-13,-2,-13,-2,-13,-2,-13,-1,-13,-1,-13,0,-13,0,-13,1,-14,1,-14,1,-14,2,-14,2,-15,2,-15,2]"
2025-08-18 22:59:41.519697,CSI_DATA,638,1a:00:00:00:00:00,-38,11,0,0,0,0,0,0,0,0,0,-92,0,1,0,108878981,0,42,0,128,0,"[0,0,-1,-15,-1,-15,-1,-15,-1,-14,-1,-14,-2,-14,-2,-14,-3,-13,-3,-13,-3,-13,-4,-13,-4,-12,-5,-13,-5,-12,-5,-12,-5,-13,-5,-13,-5,-13,-5,-13,-4,-13,-4,-13,-3,-13,-3,-13,-2,-13,-1,-12,-1,-12,0,0,0,0,0,0,0,0,0,0,0,0,0,0,0,0,0,0,0,0,0,0,-1,-11,-1,-12,0,-12,1,-12,1,-13,2,-13,2,-13,3,-13,3,-13,4,-13,4,-12,4,-12,4,-12,3,-12,3,-12,3,-12,2,-12,2,-13,1,-13,1,-13,0,-14,0,-14,0,-14,0,-15,0,-15,0,-15]"
2025-08-18 22:59:41.578117,CSI_DATA,639,1a:00:00:00:00:00,-38,11,0,0,0,0,0,0,0,0,0,-92,0,1,0,108946884,0,31,0,128,0,"[0,0,10,10,10,9,10,9,10,9,10,8,10,8,10,8,10,7,10,6,10,6,11,6,11,5,11,5,11,5,11,5,11,5,11,5,12,5,12,5,11,6,11,6,10,7,10,7,9,7,8,7,8,8,0,0,0,0,0,0,0,0,0,0,0,0,0,0,0,0,0,0,0,0,0,0,8,6,8,6,8,7,8,8,8,9,7,9,7,10,7,10,6,10,6,10,6,11,5,11,6,10,6,10,6,10,6,10,7,10,7,9,8,9,8,9,8,9,9,9,9,9,10,9,10,9,10,9]"
2025-08-18 22:59:41.794046,CSI_DATA,640,1a:00:00:00:00:00,-38,11,0,0,0,0,0,0,0,0,0,-92,0,1,0,109147975,0,31,0,128,0,"[0,0,14,-4,14,-4,13,-4,13,-4,13,-5,13,-4,12,-4,12,-5,11,-5,11,-6,11,-7,10,-7,11,-7,10,-8,11,-8,11,-7,11,-8,11,-7,12,-7,12,-6,12,-6,12,-5,11,-5,11,-4,11,-4,11,-3,0,0,0,0,0,0,0,0,0,0,0,0,0,0,0,0,0,0,0,0,0,0,10,-5,10,-4,11,-4,11,-3,12,-2,12,-2,13,-1,13,-1,13,0,12,0,13,0,12,0,12,0,12,0,12,0,12,-1,12,-1,12,-2,12,-2,13,-2,13,-3,13,-3,13,-4,13,-4,14,-4,14,-4]"
2025-08-18 22:59:41.985808,CSI_DATA,641,1a:00:00:00:00:00,-38,11,0,0,0,0,0,0,0,0,0,-92,0,1,0,109349657,0,31,0,128,0,"[0,0,-3,14,-3,14,-3,14,-2,14,-2,14,-2,13,-1,13,-1,13,0,12,0,12,0,12,1,12,1,12,1,12,2,13,2,12,1,13,1,13,1,13,1,13,0,13,0,13,-1,12,-2,12,-2,11,-3,11,0,0,0,0,0,0,0,0,0,0,0,0,0,0,0,0,0,0,0,0,0,0,0,11,-1,11,-2,11,-3,11,-3,12,-4,12,-5,12,-5,12,-6,12,-6,12,-6,11,-6,11,-6,11,-6,11,-5,11,-5,11,-5,11,-4,12,-4,12,-3,13,-3,13,-3,13,-3,14,-3,14,-3,14,-3,14]"
2025-08-18 22:59:42.189017,CSI_DATA,642,1a:00:00:00:00:00,-38,11,0,0,0,0,0,0,0,0,0,-92,0,1,0,109550327,0,31,0,128,0,"[0,0,3,-15,2,-15,2,-15,2,-15,2,-15,1,-14,1,-14,0,-14,0,-14,-1,-14,-1,-13,-2,-13,-2,-14,-2,-14,-2,-14,-3,-14,-2,-14,-2,-14,-2,-14,-2,-14,-1,-14,0,-14,0,-14,1,-13,1,-12,2,-12,0,0,0,0,0,0,0,0,0,0,0,0,0,0,0,0,0,0,0,0,0,0,0,-12,1,-12,2,-12,3,-12,3,-13,4,-13,5,-13,5,-13,6,-12,6,-12,6,-12,6,-12,6,-12,6,-12,5,-12,5,-12,5,-12,4,-12,4,-13,4,-14,3,-14,3,-14,3,-15,2,-15,3,-15,3,-15]"
2025-08-18 22:59:42.392156,CSI_DATA,643,1a:00:00:00:00:00,-39,11,0,0,0,0,0,0,0,0,0,-92,0,1,0,109751489,0,31,0,128,0,"[0,0,-1,-16,-2,-16,-1,-15,-2,-15,-2,-15,-2,-14,-3,-14,-3,-14,-3,-13,-4,-13,-4,-13,-5,-13,-5,-13,-5,-13,-6,-13,-6,-13,-6,-13,-6,-13,-6,-13,-5,-13,-5,-13,-4,-13,-4,-13,-3,-13,-2,-13,-2,-12,0,0,0,0,0,0,0,0,0,0,0,0,0,0,0,0,0,0,0,0,0,0,-2,-12,-2,-12,-1,-13,0,-13,0,-13,1,-14,2,-14,2,-14,3,-14,3,-14,3,-13,3,-13,3,-13,3,-13,2,-13,2,-13,2,-13,1,-14,0,-14,0,-14,0,-14,-1,-15,-1,-15,-1,-15,-1,-15,-1,-16]"
2025-08-18 22:59:42.590091,CSI_DATA,644,1a:00:00:00:00:00,-38,11,0,0,0,0,0,0,0,0,0,-92,0,1,0,109952951,0,31,0,128,0,"[0,0,7,-13,7,-13,7,-13,7,-13,6,-13,6,-13,6,-12,5,-13,4,-12,4,-12,3,-13,3,-13,2,-13,2,-13,2,-13,2,-13,2,-14,3,-14,3,-14,3,-14,4,-13,4,-13,4,-12,5,-12,5,-11,6,-11,0,0,0,0,0,0,0,0,0,0,0,0,0,0,0,0,0,0,0,0,0,0,4,-11,5,-10,6,-10,7,-10,7,-10,8,-10,9,-10,9,-10,10,-9,10,-9,10,-9,10,-8,9,-9,9,-9,9,-9,9,-9,8,-9,8,-10,8,-10,8,-11,8,-11,7,-12,7,-12,7,-13,8,-12,7,-13]"
2025-08-18 22:59:42.786338,CSI_DATA,645,1a:00:00:00:00:00,-38,11,0,0,0,0,0,0,0,0,0,-92,0,1,0,110154016,0,31,0,128,0,"[0,0,13,6,13,5,13,5,13,5,13,5,12,4,12,3,12,3,12,2,12,2,12,1,12,1,12,1,12,0,12,0,13,0,13,0,13,1,13,1,13,1,13,2,12,2,12,3,11,3,11,4,10,4,0,0,0,0,0,0,0,0,0,0,0,0,0,0,0,0,0,0,0,0,0,0,10,3,11,4,10,4,11,5,11,6,11,7,11,7,10,8,10,8,9,8,9,9,9,9,9,8,9,8,9,8,9,7,10,7,10,6,11,6,11,6,11,6,12,5,13,6,13,6,13,6,13,6]"
2025-08-18 22:59:42.999116,CSI_DATA,646,1a:00:00:00:00:00,-38,11,0,0,0,0,0,0,0,0,0,-92,0,1,0,110355176,0,31,0,128,0,"[0,0,-14,-6,-14,-6,-14,-6,-14,-6,-13,-5,-13,-5,-13,-5,-13,-4,-13,-3,-13,-3,-13,-2,-13,-2,-13,-2,-13,-1,-14,-1,-14,-1,-14,-1,-14,-1,-14,-2,-14,-2,-14,-2,-13,-3,-13,-3,-12,-4,-12,-4,-11,-5,0,0,0,0,0,0,0,0,0,0,0,0,0,0,0,0,0,0,0,0,0,0,-11,-4,-11,-5,-12,-6,-11,-7,-11,-7,-11,-8,-11,-9,-11,-9,-11,-10,-10,-10,-10,-10,-10,-10,-10,-9,-10,-9,-10,-9,-10,-8,-11,-8,-11,-7,-11,-7,-12,-7,-12,-7,-13,-7,-13,-7,-14,-6,-14,-6,-14,-7]"
2025-08-18 22:59:43.047050,CSI_DATA,647,1a:00:00:00:00:00,-38,11,0,0,0,0,0,0,0,0,0,-92,0,1,0,110415912,0,42,0,128,0,"[0,0,12,7,12,6,12,6,12,6,12,6,11,5,11,5,11,4,11,4,12,3,12,3,12,2,12,2,12,2,12,2,12,2,12,2,13,2,13,3,13,3,12,3,11,4,11,4,11,4,10,5,9,5,0,0,0,0,0,0,0,0,0,0,0,0,0,0,0,0,0,0,0,0,0,0,10,4,10,5,10,5,10,6,10,7,10,8,10,9,9,9,9,9,8,9,8,9,8,9,8,9,8,9,9,9,8,8,9,8,9,7,10,7,10,7,10,7,11,7,11,7,12,7,12,7,12,6]"
2025-08-18 22:59:43.119194,CSI_DATA,648,1a:00:00:00:00:00,-38,11,0,0,0,0,0,0,0,0,0,-92,0,1,0,110482182,0,31,0,128,0,"[0,0,13,-7,12,-8,12,-8,12,-8,12,-8,11,-8,11,-8,10,-8,9,-9,9,-9,9,-9,8,-10,8,-10,8,-11,8,-11,8,-11,8,-10,9,-11,9,-11,9,-10,9,-9,9,-9,9,-8,9,-8,9,-7,10,-6,0,0,0,0,0,0,0,0,0,0,0,0,0,0,0,0,0,0,0,0,0,0,9,-7,10,-7,10,-6,11,-6,12,-5,13,-5,13,-4,13,-3,13,-3,12,-2,13,-3,13,-2,12,-2,12,-3,12,-3,12,-3,12,-4,12,-5,12,-5,12,-5,12,-6,12,-6,12,-7,12,-7,12,-7,13,-8]"
2025-08-18 22:59:43.326854,CSI_DATA,649,1a:00:00:00:00:00,-38,11,0,0,0,0,0,0,0,0,0,-92,0,1,0,110683747,0,31,0,128,0,"[0,0,-12,8,-12,8,-11,8,-11,8,-11,8,-10,8,-10,9,-9,9,-9,9,-8,9,-8,9,-7,10,-7,10,-7,10,-7,10,-7,10,-7,11,-7,11,-8,10,-8,10,-8,10,-8,9,-9,9,-9,8,-9,7,-9,7,0,0,0,0,0,0,0,0,0,0,0,0,0,0,0,0,0,0,0,0,0,0,-8,8,-9,7,-10,7,-11,6,-11,6,-12,6,-12,5,-13,5,-13,4,-13,4,-13,4,-12,4,-12,4,-12,4,-12,4,-12,4,-11,5,-11,5,-11,6,-11,6,-11,7,-12,7,-11,8,-11,8,-11,8,-11,9]"
2025-08-18 22:59:43.519424,CSI_DATA,650,1a:00:00:00:00:00,-38,11,0,0,0,0,0,0,0,0,0,-92,0,1,0,110884409,0,31,0,128,0,"[0,0,-1,15,-1,14,-1,15,0,14,0,14,0,13,1,13,2,13,2,12,2,12,3,12,4,12,3,12,4,12,4,12,5,12,4,12,4,13,4,13,3,13,3,12,2,13,2,12,1,12,0,11,0,11,0,0,0,0,0,0,0,0,0,0,0,0,0,0,0,0,0,0,0,0,0,0,1,11,0,12,-1,12,-1,12,-2,12,-3,13,-3,13,-4,13,-4,13,-5,12,-5,12,-5,12,-5,12,-4,12,-4,12,-4,12,-3,12,-3,12,-2,13,-2,13,-1,13,-1,14,-1,14,-1,14,-1,15,-1,15]"
2025-08-18 22:59:43.723720,CSI_DATA,651,1a:00:00:00:00:00,-38,11,0,0,0,0,0,0,0,0,0,-92,0,1,0,111086444,0,31,0,128,0,"[0,0,5,-14,5,-14,5,-14,5,-14,4,-14,4,-13,3,-13,3,-13,2,-13,2,-13,2,-13,1,-13,1,-13,0,-13,0,-14,0,-14,0,-14,0,-14,1,-14,1,-14,2,-13,2,-13,3,-13,3,-12,4,-12,4,-11,0,0,0,0,0,0,0,0,0,0,0,0,0,0,0,0,0,0,0,0,0,0,2,-12,3,-12,4,-12,5,-12,6,-12,7,-12,7,-12,8,-12,8,-11,8,-11,8,-10,8,-10,8,-10,8,-10,7,-11,7,-10,7,-11,6,-12,6,-12,6,-12,6,-13,6,-13,5,-13,5,-14,5,-14,6,-14]"
2025-08-18 22:59:43.924915,CSI_DATA,652,1a:00:00:00:00:00,-38,11,0,0,0,0,0,0,0,0,0,-92,0,1,0,111286967,0,31,0,128,0,"[0,0,-15,4,-15,4,-14,4,-14,4,-14,5,-13,4,-13,5,-12,5,-12,5,-12,6,-11,6,-11,7,-11,7,-11,7,-11,7,-11,8,-11,8,-11,7,-12,7,-12,7,-12,6,-12,6,-12,5,-12,5,-12,4,-12,3,0,0,0,0,0,0,0,0,0,0,0,0,0,0,0,0,0,0,0,0,0,0,-11,5,-11,4,-12,3,-13,3,-13,3,-14,2,-14,1,-14,1,-14,0,-14,0,-14,0,-14,0,-14,0,-14,0,-13,0,-13,0,-13,1,-13,2,-14,2,-14,2,-14,3,-14,3,-14,4,-15,4,-15,4,-15,4]"
2025-08-18 22:59:44.125099,CSI_DATA,653,1a:00:00:00:00:00,-38,11,0,0,0,0,0,0,0,0,0,-92,0,1,0,111488079,0,31,0,128,0,"[0,0,-5,14,-5,13,-5,14,-5,13,-4,13,-4,13,-4,13,-3,12,-3,12,-2,12,-2,12,-1,12,-1,13,0,13,0,12,0,13,0,13,-1,13,-1,13,-1,13,-2,13,-2,12,-3,12,-3,12,-3,11,-4,11,0,0,0,0,0,0,0,0,0,0,0,0,0,0,0,0,0,0,0,0,0,0,-3,11,-4,11,-5,11,-6,11,-6,11,-7,12,-8,11,-8,11,-9,11,-9,10,-9,10,-9,10,-8,10,-8,10,-8,10,-8,10,-7,11,-7,11,-7,12,-6,12,-6,12,-6,13,-6,13,-5,13,-6,14,-5,14]"
2025-08-18 22:59:44.530809,CSI_DATA,654,1a:00:00:00:00:00,-38,11,0,0,0,0,0,0,0,0,0,-92,0,1,0,111689216,0,31,0,128,0,"[0,0,-12,9,-12,10,-11,9,-11,9,-10,9,-10,9,-10,9,-9,10,-9,9,-8,10,-7,10,-7,10,-7,11,-7,10,-7,11,-7,11,-7,11,-7,11,-8,11,-8,11,-8,10,-9,10,-9,9,-9,9,-9,8,-9,7,0,0,0,0,0,0,0,0,0,0,0,0,0,0,0,0,0,0,0,0,0,0,-8,9,-8,8,-10,8,-10,7,-11,8,-11,7,-12,7,-12,6,-13,6,-13,6,-13,5,-12,5,-13,5,-12,5,-12,5,-12,6,-11,6,-11,7,-11,7,-11,8,-11,8,-11,8,-11,9,-11,9,-11,9,-11,9]"
2025-08-18 22:59:44.536040,CSI_DATA,655,1a:00:00:00:00:00,-38,11,0,0,0,0,0,0,0,0,0,-92,0,1,0,111890680,0,31,0,128,0,"[0,0,-9,11,-9,11,-9,10,-8,11,-8,10,-8,10,-7,10,-7,10,-6,10,-6,11,-5,11,-5,11,-4,11,-4,11,-4,11,-4,11,-4,12,-5,12,-5,12,-5,11,-6,11,-6,11,-6,10,-6,10,-7,9,-7,8,0,0,0,0,0,0,0,0,0,0,0,0,0,0,0,0,0,0,0,0,0,0,-6,9,-7,9,-8,9,-8,8,-9,9,-10,8,-10,8,-11,7,-11,7,-11,7,-11,7,-11,6,-11,7,-10,7,-10,7,-10,7,-10,7,-9,8,-9,8,-9,9,-9,9,-9,9,-9,10,-9,11,-9,11,-9,11]"
2025-08-18 22:59:44.591297,CSI_DATA,656,1a:00:00:00:00:00,-38,11,0,0,0,0,0,0,0,0,0,-92,0,1,0,111951135,0,42,0,128,0,"[0,0,2,-15,1,-16,1,-15,1,-15,0,-15,0,-14,0,-14,-1,-14,-1,-14,-2,-13,-2,-13,-3,-13,-3,-13,-4,-13,-4,-14,-4,-13,-4,-14,-3,-14,-3,-14,-3,-14,-2,-14,-2,-14,-1,-13,-1,-13,0,-12,1,-12,0,0,0,0,0,0,0,0,0,0,0,0,0,0,0,0,0,0,0,0,0,0,-1,-12,0,-12,1,-13,2,-13,2,-13,3,-13,4,-13,4,-13,5,-13,5,-13,5,-13,5,-12,5,-13,5,-12,5,-12,4,-13,4,-13,3,-13,3,-13,3,-14,2,-14,2,-15,2,-15,1,-15,1,-15,1,-15]"
2025-08-18 22:59:44.654938,CSI_DATA,657,1a:00:00:00:00:00,-38,11,0,0,0,0,0,0,0,0,0,-92,0,1,0,112017319,0,31,0,128,0,"[0,0,8,-12,8,-13,8,-13,7,-12,7,-12,6,-12,6,-12,5,-12,5,-12,4,-12,4,-12,3,-13,3,-13,3,-13,3,-13,3,-13,2,-13,3,-13,3,-14,4,-13,4,-13,4,-13,5,-12,5,-12,5,-11,6,-10,0,0,0,0,0,0,0,0,0,0,0,0,0,0,0,0,0,0,0,0,0,0,5,-10,6,-11,7,-10,8,-10,8,-10,9,-10,10,-9,10,-9,11,-9,10,-8,10,-8,10,-8,10,-8,10,-8,10,-8,9,-8,9,-9,9,-9,9,-10,8,-10,8,-11,8,-11,8,-12,8,-12,8,-12,8,-13]"
2025-08-18 22:59:44.859507,CSI_DATA,658,1a:00:00:00:00:00,-39,11,0,0,0,0,0,0,0,0,0,-92,0,1,0,112218184,0,31,0,128,0,"[0,0,6,-13,6,-14,6,-14,5,-13,5,-13,4,-13,4,-13,3,-13,3,-13,2,-13,2,-13,1,-13,1,-13,1,-13,0,-13,1,-13,1,-14,1,-14,1,-14,2,-14,2,-13,2,-13,3,-13,3,-12,4,-12,4,-11,0,0,0,0,0,0,0,0,0,0,0,0,0,0,0,0,0,0,0,0,0,0,4,-11,4,-11,5,-11,6,-11,7,-11,7,-11,8,-11,8,-11,9,-10,9,-10,9,-10,9,-9,9,-10,8,-10,8,-10,8,-10,7,-10,7,-11,7,-11,7,-12,6,-12,6,-13,6,-13,6,-13,6,-13,6,-14]"
2025-08-18 22:59:45.053443,CSI_DATA,659,1a:00:00:00:00:00,-39,11,0,0,0,0,0,0,0,0,0,-92,0,1,0,112419540,0,31,0,128,0,"[0,0,15,2,14,2,14,2,14,2,14,1,13,1,13,1,13,0,13,-1,12,-1,12,-1,12,-2,12,-2,12,-3,12,-3,13,-3,13,-3,13,-3,13,-3,13,-2,13,-2,13,-1,12,-1,12,0,12,0,11,1,0,0,0,0,0,0,0,0,0,0,0,0,0,0,0,0,0,0,0,0,0,0,11,0,12,1,12,2,12,3,12,3,12,4,12,5,12,5,12,6,11,6,11,6,11,6,11,6,11,6,11,5,11,5,12,5,12,4,12,4,13,3,13,3,13,3,14,2,14,2,14,2,15,2]"
2025-08-18 22:59:45.253637,CSI_DATA,660,1a:00:00:00:00:00,-39,11,0,0,0,0,0,0,0,0,0,-92,0,1,0,112620586,0,31,0,128,0,"[0,0,14,4,14,4,13,4,14,3,13,3,13,2,13,2,13,1,13,1,12,0,12,0,12,0,12,-1,12,-1,12,-2,13,-2,13,-1,13,-1,13,-1,13,-1,13,-1,13,0,12,1,12,1,11,2,11,3,0,0,0,0,0,0,0,0,0,0,0,0,0,0,0,0,0,0,0,0,0,0,11,2,11,3,11,4,11,4,12,5,11,6,11,6,11,7,11,7,10,7,10,8,10,8,10,8,10,7,10,7,10,6,11,6,11,5,12,5,12,5,12,5,13,5,13,4,13,4,14,5,14,4]"
2025-08-18 22:59:45.459227,CSI_DATA,661,1a:00:00:00:00:00,-39,11,0,0,0,0,0,0,0,0,0,-92,0,1,0,112821739,0,31,0,128,0,"[0,0,5,-14,4,-14,4,-14,4,-14,4,-14,3,-13,3,-14,2,-14,2,-13,1,-13,1,-13,0,-13,0,-13,-1,-13,-1,-13,-1,-14,0,-14,0,-14,0,-14,0,-14,1,-14,1,-14,2,-13,2,-13,3,-12,4,-12,0,0,0,0,0,0,0,0,0,0,0,0,0,0,0,0,0,0,0,0,0,0,2,-12,3,-12,4,-12,4,-12,5,-12,6,-12,7,-12,7,-12,7,-11,8,-11,8,-11,8,-11,8,-11,7,-11,7,-11,7,-11,6,-11,6,-12,6,-12,5,-13,5,-13,5,-13,5,-14,5,-14,5,-14,5,-14]"
2025-08-18 22:59:45.662036,CSI_DATA,662,1a:00:00:00:00:00,-39,11,0,0,0,0,0,0,0,0,0,-92,0,1,0,113022875,0,31,0,128,0,"[0,0,-15,3,-15,3,-15,3,-14,3,-14,3,-14,4,-13,4,-13,4,-12,5,-12,5,-12,5,-12,6,-11,6,-11,7,-11,7,-11,7,-12,7,-12,7,-12,7,-12,7,-12,6,-12,6,-13,5,-12,4,-12,3,-12,3,0,0,0,0,0,0,0,0,0,0,0,0,0,0,0,0,0,0,0,0,0,0,-11,3,-12,2,-13,2,-13,1,-13,1,-14,0,-14,-1,-14,-1,-14,-1,-14,-2,-14,-2,-14,-3,-14,-2,-13,-2,-13,-1,-13,-1,-13,0,-14,0,-14,0,-14,1,-14,1,-14,2,-15,2,-15,2,-15,2,-15,2]"
2025-08-18 22:59:45.855944,CSI_DATA,663,1a:00:00:00:00:00,-39,11,0,0,0,0,0,0,0,0,0,-92,0,1,0,113224129,0,31,0,128,0,"[0,0,12,7,12,7,12,7,12,6,12,6,11,6,11,5,11,5,11,4,11,3,11,3,11,2,12,2,12,2,12,2,12,2,12,2,13,2,13,2,12,3,12,3,11,4,11,4,11,5,10,5,9,5,0,0,0,0,0,0,0,0,0,0,0,0,0,0,0,0,0,0,0,0,0,0,10,3,10,4,10,5,10,6,10,6,10,7,9,8,9,9,9,9,8,9,8,9,8,9,8,9,8,9,8,8,8,8,9,8,9,7,10,7,10,7,10,7,11,7,11,7,12,7,12,7,12,7]"
2025-08-18 22:59:46.062355,CSI_DATA,664,1a:00:00:00:00:00,-39,11,0,0,0,0,0,0,0,0,0,-92,0,1,0,113425331,0,31,0,128,0,"[0,0,14,-3,14,-4,13,-3,14,-4,13,-4,13,-4,12,-5,12,-5,11,-5,11,-6,11,-6,10,-6,11,-6,10,-7,10,-7,11,-8,11,-8,11,-8,11,-8,12,-7,12,-6,11,-6,11,-5,11,-4,11,-4,11,-3,0,0,0,0,0,0,0,0,0,0,0,0,0,0,0,0,0,0,0,0,0,0,10,-4,11,-4,11,-3,12,-2,12,-2,13,-1,13,-1,13,0,13,0,13,1,13,1,12,1,13,1,12,1,12,0,12,0,12,0,12,-1,13,-2,13,-2,13,-2,13,-3,14,-3,14,-3,14,-3,14,-3]"
2025-08-18 22:59:46.197933,CSI_DATA,665,1a:00:00:00:00:00,-39,11,0,0,0,0,0,0,0,0,0,-92,0,1,0,113486146,0,42,0,128,0,"[0,0,-14,-7,-14,-7,-14,-7,-14,-6,-14,-6,-13,-6,-13,-5,-13,-4,-13,-4,-13,-3,-13,-3,-13,-3,-13,-2,-13,-2,-13,-1,-14,-1,-14,-2,-14,-2,-14,-2,-14,-2,-14,-3,-13,-3,-13,-4,-12,-4,-12,-5,-11,-5,0,0,0,0,0,0,0,0,0,0,0,0,0,0,0,0,0,0,0,0,0,0,-11,-4,-11,-5,-11,-6,-11,-7,-11,-7,-11,-8,-11,-9,-11,-9,-10,-10,-10,-10,-10,-10,-10,-10,-10,-10,-10,-10,-10,-9,-10,-9,-11,-8,-11,-8,-12,-8,-12,-8,-12,-7,-13,-7,-13,-7,-13,-7,-14,-7,-14,-7]"
2025-08-18 22:59:46.205187,CSI_DATA,666,1a:00:00:00:00:00,-39,11,0,0,0,0,0,0,0,0,0,-92,0,1,0,113555964,0,31,0,128,0,"[0,0,-15,-5,-14,-5,-14,-5,-14,-5,-14,-4,-14,-4,-14,-3,-14,-2,-14,-2,-13,-1,-13,-1,-13,-1,-13,-1,-13,0,-14,0,-14,0,-14,1,-14,0,-14,0,-14,0,-14,-1,-14,-1,-13,-2,-13,-2,-12,-3,-12,-4,0,0,0,0,0,0,0,0,0,0,0,0,0,0,0,0,0,0,0,0,0,0,-11,-3,-12,-4,-12,-5,-12,-6,-12,-6,-12,-7,-12,-8,-12,-8,-12,-8,-11,-9,-11,-9,-11,-9,-11,-9,-11,-9,-11,-8,-11,-8,-11,-7,-12,-7,-12,-6,-13,-6,-13,-6,-14,-6,-14,-5,-14,-6,-14,-5,-14,-5]"
2025-08-18 22:59:46.394770,CSI_DATA,667,1a:00:00:00:00:00,-39,11,0,0,0,0,0,0,0,0,0,-92,0,1,0,113757278,0,31,0,128,0,"[0,0,14,-5,13,-5,13,-5,13,-5,13,-6,12,-5,12,-6,11,-6,11,-6,10,-7,10,-7,10,-8,10,-8,10,-8,9,-8,10,-9,10,-8,11,-9,11,-8,11,-8,11,-7,11,-7,10,-6,11,-5,11,-5,11,-4,0,0,0,0,0,0,0,0,0,0,0,0,0,0,0,0,0,0,0,0,0,0,9,-6,10,-5,10,-4,12,-4,11,-3,12,-3,13,-2,13,-2,13,-1,13,-1,13,-1,13,-1,12,-1,12,-1,12,-1,12,-1,12,-2,12,-3,13,-3,12,-3,13,-4,13,-4,13,-5,13,-5,13,-5,13,-5]"
2025-08-18 22:59:46.608726,CSI_DATA,668,1a:00:00:00:00:00,-39,11,0,0,0,0,0,0,0,0,0,-92,0,1,0,113958192,0,31,0,128,0,"[0,0,7,-13,7,-13,6,-13,7,-13,6,-13,6,-13,5,-12,5,-13,4,-12,4,-13,3,-13,3,-13,2,-13,2,-13,2,-13,2,-13,2,-14,2,-13,2,-14,3,-13,3,-13,4,-13,4,-12,4,-12,5,-11,5,-11,0,0,0,0,0,0,0,0,0,0,0,0,0,0,0,0,0,0,0,0,0,0,4,-11,5,-11,6,-11,6,-11,7,-11,8,-10,9,-10,9,-10,9,-10,10,-9,10,-9,10,-9,10,-9,9,-9,9,-9,9,-9,8,-10,8,-10,8,-11,8,-11,8,-12,7,-12,7,-12,7,-13,7,-13,7,-13]"
2025-08-18 22:59:46.670354,CSI_DATA,669,1a:00:00:00:00:00,-38,11,0,0,0,0,0,0,0,0,0,-92,0,1,0,114030660,0,28,0,128,0,"[0,0,-15,0,-15,0,-14,0,-14,1,-14,1,-13,1,-13,1,-13,2,-12,2,-12,3,-12,3,-12,3,-12,4,-12,4,-12,4,-12,5,-12,4,-13,4,-13,4,-13,4,-13,3,-13,3,-12,2,-12,1,-12,1,-12,0,0,0,0,0,0,0,0,0,0,0,0,0,0,0,0,0,0,0,0,0,0,0,-11,2,-12,2,-12,1,-13,0,-13,0,-13,-1,-14,-2,-14,-3,-13,-3,-13,-3,-13,-4,-13,-4,-13,-4,-13,-3,-13,-3,-13,-3,-13,-2,-13,-2,-13,-1,-14,-1,-13,-1,-14,0,-14,0,-15,0,-15,0,-15,0]"
2025-08-18 22:59:46.800956,CSI_DATA,670,1a:00:00:00:00:00,-38,11,0,0,0,0,0,0,0,0,0,-92,0,1,0,114159395,0,31,0,128,0,"[0,0,-15,-4,-14,-4,-14,-3,-14,-3,-14,-3,-14,-3,-13,-2,-13,-2,-13,-1,-13,-1,-13,0,-13,0,-13,1,-13,1,-13,1,-13,2,-13,2,-14,1,-14,1,-14,0,-14,0,-13,-1,-13,-1,-12,-1,-12,-2,-12,-3,0,0,0,0,0,0,0,0,0,0,0,0,0,0,0,0,0,0,0,0,0,0,-11,-2,-12,-3,-12,-3,-12,-4,-12,-5,-12,-6,-12,-6,-12,-7,-12,-7,-11,-8,-11,-7,-11,-8,-11,-7,-11,-7,-11,-7,-11,-7,-12,-6,-12,-5,-12,-6,-13,-5,-13,-5,-13,-5,-14,-4,-14,-4,-14,-4,-14,-4]"
2025-08-18 22:59:47.003038,CSI_DATA,671,1a:00:00:00:00:00,-38,11,0,0,0,0,0,0,0,0,0,-92,0,1,0,114360648,0,31,0,128,0,"[0,0,-4,-15,-4,-15,-4,-15,-4,-14,-4,-14,-5,-14,-5,-13,-5,-13,-5,-12,-6,-12,-7,-12,-7,-11,-7,-11,-8,-11,-8,-11,-8,-11,-8,-12,-8,-12,-8,-12,-7,-12,-6,-12,-6,-12,-5,-12,-5,-12,-4,-12,-3,-12,0,0,0,0,0,0,0,0,0,0,0,0,0,0,0,0,0,0,0,0,0,0,-5,-11,-4,-12,-3,-12,-3,-13,-2,-13,-2,-14,-1,-14,0,-14,0,-14,1,-14,0,-14,1,-14,1,-14,0,-14,0,-13,0,-13,-1,-14,-2,-13,-2,-14,-2,-14,-2,-14,-3,-14,-4,-14,-4,-15,-4,-15,-4,-15]"
2025-08-18 22:59:47.199100,CSI_DATA,672,1a:00:00:00:00:00,-38,11,0,0,0,0,0,0,0,0,0,-92,0,1,0,114561774,0,31,0,128,0,"[0,0,-14,7,-14,7,-13,7,-13,7,-12,7,-12,7,-11,7,-10,8,-10,8,-10,8,-10,8,-9,9,-9,9,-9,9,-9,10,-9,10,-9,10,-10,10,-10,10,-10,9,-10,9,-10,8,-10,7,-11,7,-10,6,-11,5,0,0,0,0,0,0,0,0,0,0,0,0,0,0,0,0,0,0,0,0,0,0,-10,7,-11,7,-11,7,-12,6,-12,5,-13,5,-14,4,-14,4,-14,4,-14,3,-14,2,-14,2,-14,2,-13,2,-13,3,-13,3,-13,4,-13,4,-13,5,-13,6,-13,6,-13,6,-13,6,-14,7,-14,7,-14,7]"
2025-08-18 22:59:47.401307,CSI_DATA,673,1a:00:00:00:00:00,-38,11,0,0,0,0,0,0,0,0,0,-92,0,1,0,114763134,0,31,0,128,0,"[0,0,3,-15,3,-15,3,-15,3,-14,2,-14,2,-14,1,-14,1,-13,0,-13,0,-13,-1,-13,-2,-13,-2,-13,-2,-13,-2,-13,-2,-13,-2,-14,-2,-14,-2,-14,-1,-14,-1,-14,0,-14,0,-13,0,-13,1,-12,2,-12,0,0,0,0,0,0,0,0,0,0,0,0,0,0,0,0,0,0,0,0,0,0,0,-12,2,-12,2,-12,3,-13,3,-13,5,-13,5,-13,6,-13,6,-12,7,-12,7,-12,7,-12,6,-12,6,-12,6,-12,5,-12,5,-12,4,-13,4,-13,4,-13,4,-13,4,-14,3,-14,3,-15,3,-15,3,-15]"
2025-08-18 22:59:47.600847,CSI_DATA,674,1a:00:00:00:00:00,-39,11,0,0,0,0,0,0,0,0,0,-92,0,1,0,114964211,0,31,0,128,0,"[0,0,-13,7,-13,7,-13,7,-12,7,-12,7,-11,7,-11,8,-10,8,-10,8,-9,8,-9,8,-8,9,-8,9,-8,9,-8,9,-8,10,-8,10,-9,10,-9,10,-9,9,-9,9,-9,8,-10,8,-10,7,-10,6,-10,6,0,0,0,0,0,0,0,0,0,0,0,0,0,0,0,0,0,0,0,0,0,0,-9,7,-10,7,-11,6,-11,6,-12,6,-13,5,-13,5,-13,4,-13,4,-14,3,-13,3,-13,3,-13,3,-13,3,-13,3,-12,4,-12,4,-12,5,-13,5,-12,5,-13,6,-13,6,-13,7,-13,7,-13,7,-13,7]"
2025-08-18 22:59:47.661905,CSI_DATA,675,1a:00:00:00:00:00,-39,11,0,0,0,0,0,0,0,0,0,-92,0,1,0,115025359,0,42,0,128,0,"[0,0,12,-9,12,-9,11,-9,11,-9,11,-9,10,-9,10,-9,9,-9,9,-9,8,-10,8,-10,7,-10,7,-10,7,-11,7,-11,7,-11,7,-11,8,-11,8,-11,8,-11,8,-10,8,-10,9,-9,9,-8,9,-7,9,-7,0,0,0,0,0,0,0,0,0,0,0,0,0,0,0,0,0,0,0,0,0,0,8,-9,9,-8,9,-8,10,-8,11,-7,12,-7,12,-6,12,-6,12,-5,13,-5,13,-5,12,-4,12,-4,12,-5,12,-5,11,-5,11,-6,11,-6,11,-7,11,-7,11,-8,12,-8,12,-8,12,-9,12,-9,12,-9]"
2025-08-18 22:59:47.732105,CSI_DATA,676,1a:00:00:00:00:00,-39,11,0,0,0,0,0,0,0,0,0,-92,0,1,0,115089306,0,31,0,128,0,"[0,0,-5,-15,-5,-15,-5,-15,-5,-14,-6,-14,-6,-13,-6,-13,-6,-12,-7,-12,-7,-11,-7,-11,-8,-11,-8,-11,-8,-11,-8,-10,-9,-11,-9,-11,-9,-11,-9,-12,-8,-11,-8,-12,-7,-12,-6,-12,-6,-12,-5,-11,-5,-11,0,0,0,0,0,0,0,0,0,0,0,0,0,0,0,0,0,0,0,0,0,0,-6,-11,-5,-12,-5,-12,-4,-13,-4,-14,-3,-14,-2,-14,-2,-14,-1,-14,-1,-14,-1,-14,0,-14,-1,-14,-1,-14,-1,-14,-1,-13,-2,-14,-3,-14,-3,-14,-4,-14,-4,-14,-4,-14,-5,-14,-5,-15,-5,-15,-5,-15]"
2025-08-18 22:59:47.928721,CSI_DATA,677,1a:00:00:00:00:00,-39,11,0,0,0,0,0,0,0,0,0,-92,0,1,0,115290188,0,31,0,128,0,"[0,0,-15,2,-15,2,-15,2,-15,2,-14,2,-14,3,-13,3,-13,4,-12,4,-12,4,-12,5,-12,5,-12,5,-11,6,-12,6,-11,6,-12,6,-12,6,-12,6,-12,6,-12,5,-12,5,-12,4,-12,3,-12,3,-12,2,0,0,0,0,0,0,0,0,0,0,0,0,0,0,0,0,0,0,0,0,0,0,-12,3,-12,2,-13,1,-13,1,-14,0,-14,-1,-14,-1,-14,-2,-14,-2,-14,-3,-14,-3,-14,-3,-13,-3,-13,-3,-13,-2,-13,-1,-13,-1,-13,0,-14,0,-14,1,-14,1,-14,1,-15,1,-15,1,-15,1,-15,2]"
2025-08-18 22:59:48.125084,CSI_DATA,678,1a:00:00:00:00:00,-39,11,0,0,0,0,0,0,0,0,0,-92,0,1,0,115491571,0,31,0,128,0,"[0,0,1,15,1,14,1,14,2,14,2,14,2,13,2,13,3,13,3,12,4,11,4,11,5,11,5,11,6,11,6,11,6,11,6,11,6,12,6,12,5,12,5,12,4,12,3,12,3,11,2,11,2,11,0,0,0,0,0,0,0,0,0,0,0,0,0,0,0,0,0,0,0,0,0,0,2,11,1,11,1,12,0,12,0,12,-1,13,-2,13,-2,13,-3,13,-3,13,-3,13,-3,13,-3,13,-3,12,-3,12,-2,12,-2,12,-1,13,-1,13,0,13,0,13,1,14,1,14,1,14,1,14,1,14]"
2025-08-18 22:59:48.323543,CSI_DATA,679,1a:00:00:00:00:00,-38,11,0,0,0,0,0,0,0,0,0,-92,0,1,0,115692465,0,31,0,128,0,"[0,0,7,13,7,12,7,12,7,11,8,11,7,11,8,10,8,10,8,9,9,9,9,8,9,8,9,8,10,8,10,7,10,7,10,8,10,8,10,8,10,8,9,9,9,9,8,9,7,9,7,9,6,9,0,0,0,0,0,0,0,0,0,0,0,0,0,0,0,0,0,0,0,0,0,0,6,9,6,9,5,10,5,11,5,11,4,12,4,13,3,13,3,13,2,13,2,13,2,12,2,12,3,12,3,12,3,12,4,12,4,11,5,12,5,12,6,12,6,12,6,12,7,12,7,12,7,12]"
2025-08-18 22:59:48.530264,CSI_DATA,680,1a:00:00:00:00:00,-38,11,0,0,0,0,0,0,0,0,0,-92,0,1,0,115893846,0,31,0,128,0,"[0,0,14,-3,14,-4,14,-4,14,-4,13,-4,13,-5,12,-5,12,-5,11,-6,11,-6,11,-6,11,-7,11,-7,11,-7,10,-8,11,-8,11,-8,11,-8,11,-8,11,-7,11,-7,11,-6,11,-5,11,-4,11,-4,11,-3,0,0,0,0,0,0,0,0,0,0,0,0,0,0,0,0,0,0,0,0,0,0,10,-4,11,-4,12,-3,12,-2,13,-2,13,-1,13,-1,13,0,13,0,13,1,13,1,13,2,13,1,12,1,12,0,12,0,13,-1,12,-1,13,-2,13,-2,13,-3,13,-3,14,-3,14,-3,14,-3,14,-3]"
2025-08-18 22:59:48.731913,CSI_DATA,681,1a:00:00:00:00:00,-39,11,0,0,0,0,0,0,0,0,0,-92,0,1,0,116094937,0,31,0,128,0,"[0,0,-13,8,-13,8,-12,8,-12,8,-11,8,-11,8,-10,8,-10,9,-10,9,-9,9,-8,9,-8,10,-8,10,-8,10,-8,10,-8,10,-8,11,-8,10,-8,10,-9,10,-9,10,-9,9,-9,9,-9,8,-9,7,-10,7,0,0,0,0,0,0,0,0,0,0,0,0,0,0,0,0,0,0,0,0,0,0,-9,8,-10,7,-10,7,-11,7,-12,6,-12,6,-13,5,-13,5,-13,4,-13,4,-13,4,-13,3,-13,4,-13,4,-13,4,-12,4,-12,5,-12,5,-12,6,-12,6,-12,7,-12,7,-12,8,-12,8,-13,9,-12,8]"
2025-08-18 22:59:48.932914,CSI_DATA,682,1a:00:00:00:00:00,-38,11,0,0,0,0,0,0,0,0,0,-92,0,1,0,116296144,0,31,0,128,0,"[0,0,-13,9,-12,9,-12,9,-11,9,-11,9,-11,9,-10,9,-9,9,-9,9,-8,9,-8,10,-7,10,-7,10,-7,11,-7,11,-7,11,-7,11,-7,11,-8,11,-8,10,-8,10,-8,10,-9,9,-9,9,-9,8,-9,7,0,0,0,0,0,0,0,0,0,0,0,0,0,0,0,0,0,0,0,0,0,0,-9,8,-9,8,-10,7,-11,7,-12,7,-12,6,-13,6,-13,5,-13,5,-14,4,-13,4,-13,4,-13,4,-13,5,-13,4,-12,5,-12,5,-12,6,-12,6,-12,7,-12,7,-12,8,-12,8,-12,9,-12,9,-12,9]"
2025-08-18 22:59:49.141154,CSI_DATA,683,1a:00:00:00:00:00,-38,11,0,0,0,0,0,0,0,0,0,-92,0,1,0,116497279,0,31,0,128,0,"[0,0,-14,-7,-14,-8,-14,-7,-13,-7,-14,-6,-13,-6,-13,-6,-13,-5,-13,-5,-13,-4,-13,-3,-13,-3,-13,-3,-13,-2,-14,-2,-14,-2,-14,-2,-14,-3,-14,-3,-14,-3,-14,-4,-13,-4,-12,-5,-12,-5,-11,-5,-11,-6,0,0,0,0,0,0,0,0,0,0,0,0,0,0,0,0,0,0,0,0,0,0,-12,-4,-12,-5,-12,-6,-12,-7,-12,-7,-12,-9,-11,-9,-11,-10,-11,-10,-10,-10,-10,-10,-10,-10,-10,-10,-10,-10,-10,-9,-10,-9,-11,-9,-11,-8,-12,-8,-12,-8,-12,-8,-13,-8,-13,-8,-14,-7,-14,-8,-14,-7]"
2025-08-18 22:59:49.203917,CSI_DATA,684,1a:00:00:00:00:00,-38,11,0,0,0,0,0,0,0,0,0,-92,0,1,0,116562013,0,42,0,128,0,"[0,0,-3,-14,-3,-14,-3,-14,-3,-14,-3,-14,-4,-13,-4,-13,-4,-12,-5,-12,-5,-12,-5,-12,-6,-11,-6,-11,-6,-11,-7,-11,-7,-11,-7,-11,-7,-12,-7,-12,-6,-12,-6,-12,-5,-12,-4,-12,-4,-12,-3,-11,-3,-11,0,0,0,0,0,0,0,0,0,0,0,0,0,0,0,0,0,0,0,0,0,0,-4,-11,-3,-12,-2,-12,-2,-13,-1,-13,0,-13,0,-14,1,-13,1,-14,2,-13,2,-13,2,-13,2,-13,1,-13,1,-13,1,-12,0,-13,-1,-13,-1,-13,-1,-13,-2,-13,-2,-14,-2,-14,-3,-14,-2,-15,-2,-15]"
2025-08-18 22:59:49.264204,CSI_DATA,685,1a:00:00:00:00:00,-38,11,0,0,0,0,0,0,0,0,0,-92,0,1,0,116625758,0,31,0,128,0,"[0,0,-14,4,-15,4,-14,4,-14,4,-13,4,-13,5,-12,5,-12,5,-12,5,-11,6,-11,6,-10,7,-10,7,-10,7,-10,8,-10,7,-11,8,-10,8,-11,7,-11,7,-11,6,-11,6,-11,5,-11,5,-11,4,-11,3,0,0,0,0,0,0,0,0,0,0,0,0,0,0,0,0,0,0,0,0,0,0,-11,4,-11,4,-12,3,-13,3,-13,2,-13,2,-14,1,-14,1,-14,0,-14,0,-14,-1,-13,-1,-14,-1,-13,0,-13,0,-13,0,-13,1,-13,2,-13,2,-13,2,-13,3,-14,3,-14,4,-14,4,-15,4,-14,4]"
2025-08-18 22:59:49.460296,CSI_DATA,686,1a:00:00:00:00:00,-38,11,0,0,0,0,0,0,0,0,0,-92,0,1,0,116826951,0,31,0,128,0,"[0,0,13,5,13,5,12,4,13,4,12,4,12,3,12,3,12,2,12,2,12,1,12,1,12,0,12,0,12,0,12,0,12,-1,13,0,12,0,13,0,12,0,12,1,12,1,11,2,11,2,10,3,10,3,0,0,0,0,0,0,0,0,0,0,0,0,0,0,0,0,0,0,0,0,0,0,11,2,11,3,11,4,11,5,11,5,11,6,11,7,11,7,10,8,10,8,10,8,9,8,10,8,10,7,10,7,10,7,10,6,11,6,11,6,11,6,12,5,12,5,13,5,13,5,13,5,13,5]"
2025-08-18 22:59:49.680146,CSI_DATA,687,1a:00:00:00:00:00,-38,11,0,0,0,0,0,0,0,0,0,-92,0,1,0,117028110,0,31,0,128,0,"[0,0,-8,12,-8,12,-8,12,-7,12,-7,12,-7,11,-6,11,-5,11,-5,11,-4,12,-4,11,-3,12,-3,12,-3,12,-3,12,-3,12,-3,12,-3,12,-3,12,-3,12,-4,12,-4,11,-5,11,-5,10,-5,10,-6,9,0,0,0,0,0,0,0,0,0,0,0,0,0,0,0,0,0,0,0,0,0,0,-5,10,-6,10,-7,10,-8,10,-8,10,-9,10,-10,9,-10,9,-11,9,-11,8,-11,8,-11,8,-11,8,-10,8,-10,8,-10,8,-9,9,-9,9,-9,10,-8,10,-8,11,-8,11,-8,11,-8,12,-8,12,-8,12]"
2025-08-18 22:59:49.882806,CSI_DATA,688,1a:00:00:00:00:00,-38,11,0,0,0,0,0,0,0,0,0,-92,0,1,0,117229315,0,31,0,128,0,"[0,0,5,-14,5,-14,5,-14,4,-14,4,-13,4,-13,3,-13,3,-13,2,-12,1,-13,1,-13,0,-13,0,-13,0,-13,0,-13,0,-13,0,-13,0,-13,0,-13,1,-13,1,-13,1,-13,1,-12,2,-12,2,-11,3,-11,0,0,0,0,0,0,0,0,0,0,0,0,0,0,0,0,0,0,0,0,0,0,2,-12,3,-12,4,-12,5,-12,5,-12,6,-12,7,-12,7,-12,8,-11,8,-11,8,-11,8,-10,8,-11,8,-11,7,-11,7,-10,7,-11,6,-11,6,-12,6,-12,5,-13,5,-13,5,-13,5,-14,5,-14,5,-14]"
2025-08-18 22:59:50.068281,CSI_DATA,689,1a:00:00:00:00:00,-39,11,0,0,0,0,0,0,0,0,0,-92,0,1,0,117430546,0,31,0,128,0,"[0,0,14,-4,14,-4,13,-4,14,-4,13,-4,12,-4,12,-5,12,-5,11,-5,11,-6,11,-6,10,-7,10,-7,10,-7,10,-7,10,-8,10,-8,10,-7,11,-8,11,-7,11,-6,11,-6,10,-5,10,-5,10,-4,10,-4,0,0,0,0,0,0,0,0,0,0,0,0,0,0,0,0,0,0,0,0,0,0,10,-6,11,-5,12,-4,12,-3,13,-3,13,-2,13,-2,14,-1,13,0,13,0,13,0,13,0,13,0,13,0,12,0,13,-1,12,-1,13,-2,13,-2,13,-3,13,-3,14,-3,14,-4,14,-4,14,-4,14,-4]"
2025-08-18 22:59:50.274899,CSI_DATA,690,1a:00:00:00:00:00,-39,11,0,0,0,0,0,0,0,0,0,-92,0,1,0,117631629,0,31,0,128,0,"[0,0,-13,-8,-13,-8,-13,-8,-13,-8,-12,-7,-12,-7,-12,-7,-12,-6,-12,-5,-12,-5,-12,-4,-12,-4,-12,-3,-12,-3,-13,-3,-13,-3,-13,-3,-13,-3,-13,-3,-13,-4,-13,-4,-12,-4,-12,-5,-11,-5,-11,-5,-10,-6,0,0,0,0,0,0,0,0,0,0,0,0,0,0,0,0,0,0,0,0,0,0,-11,-6,-11,-6,-11,-7,-11,-8,-11,-9,-10,-9,-10,-10,-10,-10,-10,-10,-9,-11,-9,-11,-9,-11,-9,-11,-9,-10,-9,-10,-9,-10,-10,-9,-10,-9,-11,-9,-11,-9,-11,-9,-12,-9,-12,-8,-12,-8,-13,-9,-13,-9]"
2025-08-18 22:59:50.476381,CSI_DATA,691,1a:00:00:00:00:00,-38,11,0,0,0,0,0,0,0,0,0,-92,0,1,0,117833151,0,31,0,128,0,"[0,0,-3,-15,-3,-15,-3,-15,-3,-14,-4,-14,-4,-14,-4,-13,-4,-13,-5,-12,-5,-12,-6,-12,-6,-11,-7,-11,-7,-11,-7,-11,-7,-11,-7,-12,-7,-12,-7,-12,-7,-12,-6,-12,-6,-12,-5,-12,-4,-12,-4,-11,-3,-12,0,0,0,0,0,0,0,0,0,0,0,0,0,0,0,0,0,0,0,0,0,0,-4,-11,-3,-12,-2,-12,-2,-13,-1,-13,-1,-14,0,-14,1,-14,1,-14,1,-14,1,-14,2,-13,1,-13,1,-13,1,-13,1,-13,0,-13,-1,-13,-1,-14,-1,-14,-2,-14,-2,-14,-3,-14,-3,-15,-3,-15,-3,-15]"
2025-08-18 22:59:50.732539,CSI_DATA,692,1a:00:00:00:00:00,-38,11,0,0,0,0,0,0,0,0,0,-92,0,1,0,118034090,0,31,0,128,0,"[0,0,-14,7,-14,7,-14,7,-13,7,-13,7,-13,7,-12,7,-11,7,-11,7,-10,8,-10,8,-9,9,-9,9,-9,9,-9,9,-9,9,-10,9,-10,9,-11,9,-11,9,-11,8,-11,8,-11,7,-11,7,-10,6,-11,5,0,0,0,0,0,0,0,0,0,0,0,0,0,0,0,0,0,0,0,0,0,0,-9,7,-10,6,-11,6,-12,5,-12,5,-13,4,-14,4,-14,3,-14,3,-14,2,-14,2,-14,2,-13,2,-13,3,-13,3,-13,3,-13,4,-13,4,-13,5,-13,5,-13,5,-13,5,-13,6,-13,7,-13,7,-14,7]"
2025-08-18 22:59:50.738761,CSI_DATA,693,1a:00:00:00:00:00,-38,11,0,0,0,0,0,0,0,0,0,-92,0,1,0,118094853,0,42,0,128,0,"[0,0,14,-4,14,-5,14,-5,13,-5,13,-5,13,-5,12,-5,12,-6,11,-6,11,-7,11,-7,10,-8,10,-8,10,-8,10,-8,10,-8,10,-8,11,-8,11,-8,11,-7,11,-7,11,-6,11,-6,11,-5,11,-4,11,-4,0,0,0,0,0,0,0,0,0,0,0,0,0,0,0,0,0,0,0,0,0,0,10,-6,10,-5,11,-4,12,-4,12,-4,13,-3,13,-2,13,-2,13,-1,13,-1,13,0,13,0,13,-1,12,-1,13,-1,12,-1,13,-2,12,-2,13,-3,13,-3,13,-4,13,-4,13,-4,14,-5,14,-5,14,-5]"
2025-08-18 22:59:50.796329,CSI_DATA,694,1a:00:00:00:00:00,-38,11,0,0,0,0,0,0,0,0,0,-92,0,1,0,118161333,0,31,0,128,0,"[0,0,14,0,14,0,13,0,13,0,13,-1,12,-1,12,-1,12,-2,11,-2,12,-3,11,-3,11,-4,11,-4,11,-4,11,-4,12,-5,12,-5,12,-4,12,-4,12,-4,12,-3,12,-3,11,-2,11,-1,11,-1,10,0,0,0,0,0,0,0,0,0,0,0,0,0,0,0,0,0,0,0,0,0,0,0,10,-1,11,-1,11,0,11,1,12,1,12,2,12,3,12,3,12,4,11,4,12,4,11,4,11,4,11,4,11,3,11,3,11,3,12,2,12,2,12,1,13,1,13,0,13,0,14,0,14,0,14,0]"
2025-08-18 22:59:50.999999,CSI_DATA,695,1a:00:00:00:00:00,-38,11,0,0,0,0,0,0,0,0,0,-92,0,1,0,118362536,0,31,0,128,0,"[0,0,14,-4,13,-4,13,-4,13,-4,13,-4,12,-4,12,-5,11,-5,11,-5,11,-6,10,-6,10,-7,10,-7,10,-7,10,-7,10,-7,10,-8,11,-7,11,-7,11,-7,11,-6,11,-5,11,-5,11,-4,10,-4,10,-3,0,0,0,0,0,0,0,0,0,0,0,0,0,0,0,0,0,0,0,0,0,0,9,-5,10,-4,11,-3,11,-3,11,-2,12,-2,12,-1,13,-1,13,0,12,0,12,0,12,0,12,0,12,0,12,0,12,-1,12,-1,12,-2,12,-2,12,-2,12,-3,13,-3,13,-3,13,-4,14,-4,14,-4]"
2025-08-18 22:59:51.206881,CSI_DATA,696,1a:00:00:00:00:00,-38,11,0,0,0,0,0,0,0,0,0,-92,0,1,0,118563642,0,31,0,128,0,"[0,0,-11,-11,-11,-11,-10,-11,-11,-11,-10,-10,-11,-10,-11,-9,-11,-8,-11,-8,-11,-8,-11,-7,-11,-7,-11,-7,-12,-6,-12,-6,-12,-6,-12,-6,-12,-7,-12,-7,-12,-7,-12,-7,-11,-8,-11,-8,-10,-8,-9,-8,-9,-8,0,0,0,0,0,0,0,0,0,0,0,0,0,0,0,0,0,0,0,0,0,0,-9,-7,-9,-8,-9,-9,-8,-9,-8,-10,-8,-11,-8,-11,-7,-11,-7,-12,-7,-12,-6,-12,-6,-12,-6,-12,-6,-11,-6,-11,-7,-11,-7,-11,-8,-11,-8,-11,-9,-11,-9,-11,-10,-11,-10,-11,-11,-11,-11,-11,-11,-11]"
2025-08-18 22:59:51.422430,CSI_DATA,697,1a:00:00:00:00:00,-38,11,0,0,0,0,0,0,0,0,0,-92,0,1,0,118765337,0,31,0,128,0,"[0,0,-12,-10,-12,-10,-12,-9,-12,-9,-12,-9,-12,-8,-12,-8,-12,-7,-12,-7,-12,-6,-12,-6,-12,-5,-12,-5,-13,-5,-13,-5,-13,-5,-13,-5,-13,-5,-13,-6,-13,-6,-13,-6,-12,-7,-12,-7,-11,-7,-10,-8,-10,-8,0,0,0,0,0,0,0,0,0,0,0,0,0,0,0,0,0,0,0,0,0,0,-10,-5,-10,-6,-10,-7,-10,-8,-10,-9,-10,-9,-10,-10,-9,-11,-9,-11,-9,-11,-8,-11,-8,-11,-8,-11,-8,-11,-8,-10,-9,-11,-9,-10,-10,-10,-10,-10,-10,-10,-11,-9,-11,-9,-12,-9,-12,-9,-12,-10,-12,-9]"
2025-08-18 22:59:51.609375,CSI_DATA,698,1a:00:00:00:00:00,-38,11,0,0,0,0,0,0,0,0,0,-92,0,1,0,118965996,0,31,0,128,0,"[0,0,-14,-7,-14,-7,-14,-6,-13,-6,-13,-6,-13,-5,-13,-5,-13,-5,-13,-4,-13,-3,-13,-3,-13,-2,-13,-2,-13,-2,-13,-1,-13,-1,-14,-2,-14,-2,-14,-2,-14,-2,-14,-3,-13,-3,-12,-4,-12,-4,-11,-5,-11,-5,0,0,0,0,0,0,0,0,0,0,0,0,0,0,0,0,0,0,0,0,0,0,-11,-4,-11,-5,-11,-6,-11,-6,-11,-7,-11,-8,-11,-8,-10,-9,-11,-9,-10,-9,-10,-10,-9,-10,-10,-9,-10,-9,-10,-9,-10,-8,-10,-8,-12,-8,-12,-8,-12,-7,-12,-7,-12,-7,-13,-7,-13,-7,-13,-7,-14,-7]"
2025-08-18 22:59:51.805757,CSI_DATA,699,1a:00:00:00:00:00,-38,11,0,0,0,0,0,0,0,0,0,-92,0,1,0,119167846,0,31,0,128,0,"[0,0,5,-15,4,-15,4,-15,4,-14,3,-15,3,-14,3,-14,2,-14,1,-13,1,-14,1,-14,0,-14,-1,-14,-1,-14,-1,-14,-1,-14,-1,-14,-1,-14,0,-14,0,-14,1,-14,1,-14,2,-13,2,-13,3,-12,3,-12,0,0,0,0,0,0,0,0,0,0,0,0,0,0,0,0,0,0,0,0,0,0,1,-12,2,-12,3,-12,4,-12,4,-13,5,-13,6,-13,6,-12,7,-12,7,-12,7,-12,7,-11,7,-11,7,-11,7,-12,6,-12,6,-12,5,-12,5,-13,5,-13,4,-13,4,-14,4,-14,4,-15,4,-15,4,-15]"
2025-08-18 22:59:52.004525,CSI_DATA,700,1a:00:00:00:00:00,-38,11,0,0,0,0,0,0,0,0,0,-92,0,1,0,119368569,0,31,0,128,0,"[0,0,-3,15,-3,14,-3,14,-2,14,-2,14,-2,13,-1,13,0,13,0,12,1,12,1,12,2,12,2,12,2,12,2,12,2,12,2,13,2,13,2,13,1,13,1,12,0,12,0,12,-1,12,-1,11,-2,11,0,0,0,0,0,0,0,0,0,0,0,0,0,0,0,0,0,0,0,0,0,0,-1,11,-1,11,-2,11,-3,12,-4,12,-4,12,-5,12,-5,12,-6,12,-6,12,-6,12,-6,11,-6,11,-6,11,-5,11,-5,11,-5,12,-4,12,-4,12,-4,13,-3,13,-3,13,-3,14,-3,14,-3,14,-2,14]"
2025-08-18 22:59:52.204763,CSI_DATA,701,1a:00:00:00:00:00,-38,11,0,0,0,0,0,0,0,0,0,-92,0,1,0,119569646,0,31,0,128,0,"[0,0,14,1,14,1,14,0,13,0,14,0,13,0,13,0,12,-1,12,-1,12,-2,12,-3,11,-3,12,-4,12,-4,12,-4,12,-4,12,-4,12,-4,13,-3,13,-3,13,-2,12,-2,12,-1,12,-1,12,-1,11,0,0,0,0,0,0,0,0,0,0,0,0,0,0,0,0,0,0,0,0,0,0,0,10,-1,11,-1,11,0,11,1,12,1,12,2,12,3,12,4,12,4,12,4,12,4,12,4,12,4,11,4,11,3,11,3,12,3,12,2,12,2,12,2,13,2,13,2,14,1,14,0,14,1,14,1]"
2025-08-18 22:59:52.261082,CSI_DATA,702,1a:00:00:00:00:00,-38,11,0,0,0,0,0,0,0,0,0,-92,0,1,0,119630456,0,42,0,128,0,"[0,0,12,8,12,7,11,7,12,7,11,6,11,6,11,5,12,5,11,4,12,4,11,4,11,3,12,3,12,2,13,2,12,2,13,2,12,2,13,2,12,3,12,3,12,4,11,4,11,5,10,5,9,5,0,0,0,0,0,0,0,0,0,0,0,0,0,0,0,0,0,0,0,0,0,0,9,5,9,5,9,6,9,7,9,8,9,8,9,9,9,9,8,9,8,10,7,10,7,10,7,10,7,9,8,9,8,9,8,8,9,8,9,8,10,8,10,8,11,7,11,8,11,8,11,8,12,8]"
2025-08-18 22:59:52.338193,CSI_DATA,703,1a:00:00:00:00:00,-38,11,0,0,0,0,0,0,0,0,0,-92,0,1,0,119699941,0,31,0,128,0,"[0,0,10,-10,10,-10,10,-10,10,-10,10,-11,9,-10,8,-11,8,-11,7,-11,7,-11,7,-11,6,-11,6,-12,5,-12,5,-12,5,-12,5,-12,6,-12,6,-12,6,-12,7,-12,7,-11,7,-10,8,-10,8,-9,8,-9,0,0,0,0,0,0,0,0,0,0,0,0,0,0,0,0,0,0,0,0,0,0,7,-9,7,-9,8,-8,9,-8,9,-8,10,-8,11,-7,11,-7,11,-6,11,-6,12,-6,12,-5,11,-6,11,-6,11,-6,11,-6,10,-7,10,-7,10,-8,10,-9,10,-9,10,-9,10,-10,10,-10,10,-10,11,-10]"
2025-08-18 22:59:52.533292,CSI_DATA,704,1a:00:00:00:00:00,-38,11,0,0,0,0,0,0,0,0,0,-92,0,1,0,119901291,0,31,0,128,0,"[0,0,13,6,13,5,13,5,13,5,13,5,12,5,12,4,12,3,12,3,12,2,12,2,12,1,12,1,12,1,12,0,13,0,13,1,13,1,13,1,13,2,12,2,12,3,11,3,11,4,11,4,10,4,0,0,0,0,0,0,0,0,0,0,0,0,0,0,0,0,0,0,0,0,0,0,10,2,10,3,10,4,11,5,10,5,11,6,10,7,10,7,10,8,9,8,10,8,9,8,9,8,9,7,9,7,9,7,10,7,10,6,11,6,11,6,11,6,12,6,12,5,13,5,13,6,13,6]"
2025-08-18 22:59:52.738392,CSI_DATA,705,1a:00:00:00:00:00,-38,11,0,0,0,0,0,0,0,0,0,-92,0,1,0,120102250,0,31,0,128,0,"[0,0,14,-1,14,-2,14,-2,14,-2,13,-2,13,-2,12,-3,12,-3,12,-3,12,-4,11,-4,11,-5,11,-5,11,-5,11,-6,11,-6,12,-6,12,-6,12,-5,12,-5,12,-4,12,-4,12,-3,12,-3,11,-2,11,-1,0,0,0,0,0,0,0,0,0,0,0,0,0,0,0,0,0,0,0,0,0,0,10,-3,11,-3,11,-2,11,-1,12,-1,12,0,12,1,12,2,12,2,12,2,12,2,12,2,12,2,12,2,12,2,12,1,12,1,12,0,12,0,13,0,13,0,13,-1,14,-1,14,-2,14,-2,14,-2]"
2025-08-18 22:59:52.952854,CSI_DATA,706,1a:00:00:00:00:00,-38,11,0,0,0,0,0,0,0,0,0,-92,0,1,0,120303586,0,31,0,128,0,"[0,0,-14,7,-13,6,-13,7,-12,7,-12,7,-12,7,-12,7,-11,7,-10,8,-10,8,-9,8,-9,9,-9,9,-9,10,-9,9,-9,10,-9,10,-10,10,-10,10,-10,9,-10,9,-10,8,-10,7,-10,7,-10,6,-11,6,0,0,0,0,0,0,0,0,0,0,0,0,0,0,0,0,0,0,0,0,0,0,-9,6,-10,6,-11,5,-11,5,-12,5,-13,4,-13,4,-13,3,-13,3,-13,2,-13,2,-13,2,-13,2,-13,3,-13,3,-12,3,-13,4,-12,4,-13,5,-13,5,-13,5,-13,6,-13,6,-13,7,-13,7,-13,7]"
2025-08-18 22:59:53.142602,CSI_DATA,707,1a:00:00:00:00:00,-38,11,0,0,0,0,0,0,0,0,0,-92,0,1,0,120504629,0,31,0,128,0,"[0,0,-16,3,-15,3,-15,3,-15,3,-14,4,-14,4,-14,4,-13,4,-13,5,-12,5,-12,6,-12,7,-12,6,-12,7,-12,7,-12,7,-12,7,-12,7,-13,6,-13,6,-13,6,-13,5,-12,4,-12,4,-12,3,-12,2,0,0,0,0,0,0,0,0,0,0,0,0,0,0,0,0,0,0,0,0,0,0,-11,5,-11,4,-12,3,-13,3,-13,2,-14,2,-14,0,-14,0,-14,0,-14,0,-14,0,-14,0,-14,0,-14,0,-14,0,-13,0,-14,0,-13,1,-14,1,-14,2,-14,2,-15,2,-15,3,-15,4,-15,4,-16,4]"
2025-08-18 22:59:53.347119,CSI_DATA,708,1a:00:00:00:00:00,-38,11,0,0,0,0,0,0,0,0,0,-92,0,1,0,120705770,0,31,0,128,0,"[0,0,-15,-3,-15,-3,-14,-3,-15,-3,-14,-2,-14,-2,-14,-2,-14,-1,-13,-1,-13,0,-13,0,-13,1,-13,1,-13,2,-13,2,-13,2,-14,2,-14,2,-14,1,-14,1,-14,0,-13,0,-13,-1,-13,-1,-12,-2,-12,-2,0,0,0,0,0,0,0,0,0,0,0,0,0,0,0,0,0,0,0,0,0,0,-11,-1,-12,-2,-12,-3,-12,-4,-13,-4,-13,-5,-13,-5,-13,-6,-13,-6,-12,-7,-12,-7,-11,-8,-12,-6,-12,-6,-12,-6,-12,-6,-12,-5,-13,-5,-13,-4,-13,-4,-14,-4,-14,-4,-15,-3,-15,-3,-15,-3,-15,-3]"
2025-08-18 22:59:53.549383,CSI_DATA,709,1a:00:00:00:00:00,-38,11,0,0,0,0,0,0,0,0,0,-92,0,1,0,120906921,0,31,0,128,0,"[0,0,-4,-15,-4,-16,-4,-15,-4,-15,-5,-14,-4,-14,-5,-14,-5,-13,-6,-13,-6,-13,-6,-12,-7,-12,-7,-12,-7,-12,-8,-12,-8,-12,-8,-12,-8,-12,-8,-12,-7,-12,-7,-13,-6,-13,-5,-13,-5,-12,-4,-12,-3,-12,0,0,0,0,0,0,0,0,0,0,0,0,0,0,0,0,0,0,0,0,0,0,-5,-11,-4,-12,-3,-12,-3,-13,-2,-14,-2,-14,-1,-14,-1,-14,0,-14,1,-14,1,-14,1,-14,1,-14,0,-14,0,-13,0,-14,-1,-14,-2,-14,-2,-14,-2,-14,-3,-14,-3,-15,-3,-15,-3,-15,-4,-15,-4,-15]"
2025-08-18 22:59:53.751459,CSI_DATA,710,1a:00:00:00:00:00,-38,11,0,0,0,0,0,0,0,0,0,-92,0,1,0,121108080,0,31,0,128,0,"[0,0,-10,-12,-10,-12,-10,-12,-10,-11,-10,-11,-10,-10,-10,-10,-10,-9,-10,-9,-10,-8,-11,-8,-11,-7,-11,-7,-11,-7,-11,-7,-11,-7,-11,-7,-12,-7,-12,-8,-11,-8,-11,-8,-10,-9,-9,-8,-9,-9,-9,-8,-8,-9,0,0,0,0,0,0,0,0,0,0,0,0,0,0,0,0,0,0,0,0,0,0,-9,-7,-9,-8,-8,-9,-8,-10,-8,-10,-8,-11,-7,-12,-7,-12,-6,-13,-6,-12,-6,-12,-6,-12,-6,-12,-6,-12,-6,-12,-6,-11,-7,-12,-7,-11,-8,-11,-8,-11,-9,-11,-9,-11,-10,-11,-10,-11,-10,-11,-10,-11]"
2025-08-18 22:59:53.802698,CSI_DATA,711,1a:00:00:00:00:00,-38,11,0,0,0,0,0,0,0,0,0,-92,0,1,0,121169171,0,42,0,128,0,"[0,0,3,15,3,14,2,14,3,13,3,13,3,13,3,12,4,12,4,12,5,11,5,11,5,11,6,11,6,11,7,10,7,11,7,11,7,11,6,11,6,11,5,11,5,12,4,11,4,11,3,11,2,11,0,0,0,0,0,0,0,0,0,0,0,0,0,0,0,0,0,0,0,0,0,0,4,10,3,11,2,11,2,12,1,12,0,13,0,13,0,13,-1,13,-2,13,-2,13,-2,13,-2,13,-1,12,-1,13,-1,12,0,12,0,12,1,13,1,13,1,13,2,14,2,14,3,14,3,15,3,14]"
2025-08-18 22:59:53.875632,CSI_DATA,712,1a:00:00:00:00:00,-38,11,0,0,0,0,0,0,0,0,0,-92,0,1,0,121233852,0,31,0,128,0,"[0,0,-15,-3,-14,-3,-15,-3,-14,-2,-14,-3,-14,-2,-13,-2,-13,-1,-13,-1,-13,0,-13,0,-13,1,-13,1,-13,2,-13,2,-13,2,-13,2,-14,2,-14,1,-13,1,-14,0,-13,0,-12,-1,-12,-1,-12,-2,-12,-2,0,0,0,0,0,0,0,0,0,0,0,0,0,0,0,0,0,0,0,0,0,0,-11,-1,-12,-2,-12,-2,-13,-3,-12,-4,-13,-5,-12,-5,-13,-6,-12,-6,-12,-6,-12,-7,-12,-7,-12,-7,-12,-6,-12,-6,-11,-6,-12,-5,-12,-4,-13,-5,-13,-4,-13,-4,-14,-4,-14,-3,-15,-3,-15,-3,-15,-3]"
2025-08-18 22:59:54.072505,CSI_DATA,713,1a:00:00:00:00:00,-38,11,0,0,0,0,0,0,0,0,0,-92,0,1,0,121435091,0,31,0,128,0,"[0,0,8,-13,7,-13,7,-13,7,-13,6,-14,6,-13,5,-13,5,-13,4,-13,4,-12,3,-13,2,-13,2,-13,2,-14,2,-13,2,-14,2,-14,2,-14,2,-14,3,-14,3,-13,4,-13,4,-12,4,-12,5,-11,5,-11,0,0,0,0,0,0,0,0,0,0,0,0,0,0,0,0,0,0,0,0,0,0,4,-11,5,-11,6,-11,7,-11,7,-10,8,-11,9,-10,9,-10,10,-9,10,-9,10,-9,10,-9,9,-9,9,-9,9,-10,9,-9,9,-10,8,-10,8,-11,8,-12,8,-12,8,-12,7,-12,7,-13,8,-13,8,-14]"
2025-08-18 22:59:54.279843,CSI_DATA,714,1a:00:00:00:00:00,-38,11,0,0,0,0,0,0,0,0,0,-92,0,1,0,121636208,0,31,0,128,0,"[0,0,-7,-13,-7,-14,-7,-13,-7,-13,-6,-13,-7,-12,-7,-13,-8,-12,-7,-11,-7,-11,-8,-11,-8,-10,-9,-10,-10,-9,-9,-10,-9,-10,-10,-10,-9,-10,-10,-10,-9,-11,-8,-11,-8,-11,-7,-11,-7,-11,-5,-11,-5,-11,0,0,0,0,0,0,0,0,0,0,0,0,0,0,0,0,0,0,0,0,0,0,-7,-9,-7,-10,-6,-11,-6,-11,-5,-12,-5,-13,-4,-13,-4,-13,-3,-14,-3,-14,-3,-14,-2,-13,-2,-13,-3,-13,-3,-13,-3,-13,-4,-13,-4,-13,-4,-14,-5,-12,-6,-13,-6,-14,-6,-13,-7,-14,-6,-14,-7,-13]"
2025-08-18 22:59:54.484965,CSI_DATA,715,1a:00:00:00:00:00,-38,11,0,0,0,0,0,0,0,0,0,-92,0,1,0,121837322,0,31,0,128,0,"[0,0,2,14,2,14,2,14,2,13,2,13,2,13,3,12,4,12,4,12,4,11,4,11,5,11,5,11,6,11,6,11,6,11,6,11,6,11,6,11,5,11,5,11,4,12,3,11,3,11,2,11,1,11,0,0,0,0,0,0,0,0,0,0,0,0,0,0,0,0,0,0,0,0,0,0,3,10,3,11,2,11,1,12,1,12,0,13,-1,13,-1,13,-2,13,-2,12,-2,12,-2,12,-2,12,-2,12,-1,12,-1,12,-1,13,0,12,0,13,1,13,1,13,1,13,2,14,2,14,2,14,2,14]"
2025-08-18 22:59:54.676124,CSI_DATA,716,1a:00:00:00:00:00,-38,11,0,0,0,0,0,0,0,0,0,-92,0,1,0,122038488,0,31,0,128,0,"[0,0,8,-13,8,-13,8,-12,8,-12,7,-12,7,-12,6,-12,5,-12,5,-12,4,-12,4,-12,4,-13,4,-13,3,-13,3,-13,3,-13,3,-13,3,-13,4,-14,4,-13,4,-13,4,-13,5,-12,5,-11,6,-11,6,-10,0,0,0,0,0,0,0,0,0,0,0,0,0,0,0,0,0,0,0,0,0,0,4,-10,5,-10,6,-10,7,-10,7,-10,8,-10,9,-10,9,-10,9,-9,10,-9,10,-8,10,-8,10,-8,10,-9,9,-9,9,-9,9,-9,8,-10,8,-11,8,-11,8,-11,8,-12,8,-12,8,-12,8,-12,8,-13]"
2025-08-18 22:59:54.870810,CSI_DATA,717,1a:00:00:00:00:00,-38,11,0,0,0,0,0,0,0,0,0,-92,0,1,0,122239705,0,31,0,128,0,"[0,0,12,7,12,7,12,6,13,6,12,6,12,5,12,5,12,4,11,4,12,3,12,3,12,2,12,2,12,2,13,2,12,2,13,2,13,2,13,2,13,3,12,3,12,4,11,4,11,4,10,5,10,5,0,0,0,0,0,0,0,0,0,0,0,0,0,0,0,0,0,0,0,0,0,0,10,3,10,4,10,5,10,6,10,6,10,7,10,8,10,8,9,8,9,9,9,9,8,9,8,9,9,8,8,8,9,8,9,8,10,7,10,7,11,7,11,7,12,7,12,7,12,7,12,7,13,7]"
2025-08-18 22:59:55.083975,CSI_DATA,718,1a:00:00:00:00:00,-38,11,0,0,0,0,0,0,0,0,0,-92,0,1,0,122440915,0,31,0,128,0,"[0,0,-14,-7,-14,-6,-14,-7,-14,-6,-14,-6,-13,-5,-13,-5,-13,-5,-13,-4,-13,-3,-13,-3,-13,-2,-13,-2,-13,-2,-13,-1,-14,-2,-14,-2,-14,-2,-14,-2,-14,-3,-14,-3,-13,-4,-13,-4,-12,-4,-12,-5,-11,-5,0,0,0,0,0,0,0,0,0,0,0,0,0,0,0,0,0,0,0,0,0,0,-11,-3,-11,-4,-11,-5,-12,-6,-12,-7,-12,-7,-11,-8,-11,-9,-11,-9,-11,-9,-11,-9,-10,-9,-10,-9,-10,-9,-10,-8,-11,-8,-11,-8,-11,-7,-12,-7,-12,-7,-13,-7,-13,-7,-14,-6,-14,-6,-14,-6,-14,-6]"
2025-08-18 22:59:55.279427,CSI_DATA,719,1a:00:00:00:00:00,-38,11,0,0,0,0,0,0,0,0,0,-92,0,1,0,122642279,0,31,0,128,0,"[0,0,-14,7,-13,7,-13,7,-13,7,-12,7,-12,7,-11,7,-11,7,-10,8,-10,8,-10,8,-9,8,-9,9,-9,9,-9,9,-9,9,-9,10,-9,10,-10,10,-10,9,-10,9,-10,8,-10,7,-10,7,-10,6,-11,5,0,0,0,0,0,0,0,0,0,0,0,0,0,0,0,0,0,0,0,0,0,0,-9,6,-10,6,-11,5,-11,5,-12,5,-13,4,-13,4,-13,3,-13,3,-13,2,-13,2,-13,2,-13,2,-13,2,-13,3,-12,3,-13,3,-12,4,-13,4,-13,5,-13,5,-13,6,-13,6,-13,7,-13,6,-13,7]"
2025-08-18 22:59:55.336778,CSI_DATA,720,1a:00:00:00:00:00,-38,11,0,0,0,0,0,0,0,0,0,-92,0,1,0,122702881,0,42,0,128,0,"[0,0,14,2,13,2,13,2,13,2,13,1,13,1,12,0,12,0,12,0,12,-1,12,-1,11,-2,11,-2,12,-3,12,-3,12,-3,12,-3,12,-3,13,-3,12,-2,12,-1,12,-1,12,0,12,0,11,1,11,1,0,0,0,0,0,0,0,0,0,0,0,0,0,0,0,0,0,0,0,0,0,0,10,0,11,0,11,1,11,2,12,2,11,3,12,4,11,4,11,5,11,5,11,5,11,5,11,5,11,5,11,4,11,4,11,4,11,3,12,3,12,3,12,2,13,2,13,2,14,2,14,2,14,2]"
2025-08-18 22:59:55.415168,CSI_DATA,721,1a:00:00:00:00:00,-38,11,0,0,0,0,0,0,0,0,0,-92,0,1,0,122769472,0,31,0,128,0,"[0,0,-14,-8,-12,-8,-13,-8,-13,-7,-12,-7,-12,-7,-12,-6,-12,-6,-12,-5,-12,-5,-12,-5,-13,-4,-13,-4,-13,-3,-13,-3,-14,-2,-13,-3,-14,-3,-14,-4,-14,-4,-13,-5,-13,-5,-12,-6,-12,-6,-11,-6,-11,-7,0,0,0,0,0,0,0,0,0,0,0,0,0,0,0,0,0,0,0,0,0,0,-10,-4,-11,-5,-11,-6,-11,-7,-10,-7,-11,-8,-10,-8,-10,-9,-10,-10,-9,-10,-9,-10,-9,-10,-9,-9,-10,-9,-9,-9,-10,-9,-11,-8,-10,-9,-11,-9,-11,-8,-12,-8,-12,-8,-12,-7,-13,-8,-13,-8,-13,-7]"
2025-08-18 22:59:55.615730,CSI_DATA,722,1a:00:00:00:00:00,-38,11,0,0,0,0,0,0,0,0,0,-92,0,1,0,122971082,0,31,0,128,0,"[0,0,-13,-9,-13,-9,-12,-9,-12,-8,-12,-8,-12,-7,-12,-7,-12,-6,-12,-6,-12,-5,-12,-5,-12,-4,-12,-4,-13,-4,-13,-3,-13,-3,-13,-4,-14,-4,-14,-4,-13,-5,-13,-5,-12,-5,-12,-6,-11,-6,-11,-7,-10,-7,0,0,0,0,0,0,0,0,0,0,0,0,0,0,0,0,0,0,0,0,0,0,-10,-5,-10,-6,-10,-7,-10,-8,-10,-8,-10,-9,-10,-10,-9,-10,-9,-10,-9,-11,-9,-11,-8,-11,-9,-10,-9,-10,-9,-10,-9,-10,-9,-9,-10,-9,-10,-9,-11,-9,-11,-9,-11,-9,-12,-9,-12,-9,-13,-9,-12,-9]"
2025-08-18 22:59:55.814586,CSI_DATA,723,1a:00:00:00:00:00,-38,11,0,0,0,0,0,0,0,0,0,-92,0,1,0,123171446,0,31,0,128,0,"[0,0,-14,-8,-14,-8,-13,-7,-13,-7,-13,-6,-13,-6,-13,-6,-13,-5,-12,-5,-13,-4,-13,-3,-13,-2,-13,-2,-13,-2,-14,-2,-13,-2,-14,-2,-14,-2,-14,-3,-14,-3,-13,-3,-13,-4,-13,-4,-12,-4,-11,-5,-11,-6,0,0,0,0,0,0,0,0,0,0,0,0,0,0,0,0,0,0,0,0,0,0,-11,-4,-11,-5,-11,-6,-11,-7,-11,-7,-11,-8,-11,-9,-11,-9,-10,-10,-10,-10,-10,-9,-10,-10,-10,-9,-10,-9,-10,-9,-10,-9,-10,-8,-11,-8,-11,-8,-12,-8,-12,-8,-12,-8,-13,-7,-13,-7,-13,-7,-14,-7]"
2025-08-18 22:59:56.022772,CSI_DATA,724,1a:00:00:00:00:00,-38,11,0,0,0,0,0,0,0,0,0,-92,0,1,0,123372703,0,31,0,128,0,"[0,0,-9,12,-9,12,-9,12,-9,11,-8,12,-8,11,-7,12,-7,11,-6,11,-6,11,-5,11,-5,12,-5,12,-4,12,-4,12,-4,12,-4,12,-5,13,-5,13,-5,12,-6,12,-6,11,-6,11,-7,10,-7,10,-8,9,0,0,0,0,0,0,0,0,0,0,0,0,0,0,0,0,0,0,0,0,0,0,-5,10,-6,10,-7,10,-7,10,-8,10,-9,10,-10,9,-10,9,-11,9,-11,8,-11,8,-11,8,-11,8,-10,8,-10,8,-10,8,-10,9,-9,9,-9,10,-9,10,-9,11,-9,11,-9,11,-9,12,-9,12,-9,12]"
2025-08-18 22:59:56.234269,CSI_DATA,725,1a:00:00:00:00:00,-38,11,0,0,0,0,0,0,0,0,0,-92,0,1,0,123573854,0,31,0,128,0,"[0,0,-9,-12,-10,-12,-9,-11,-10,-11,-10,-11,-9,-10,-9,-10,-10,-10,-10,-9,-10,-8,-11,-8,-11,-7,-11,-7,-11,-7,-11,-7,-12,-7,-12,-7,-12,-7,-11,-8,-11,-8,-11,-9,-10,-9,-10,-9,-9,-9,-9,-9,-8,-9,0,0,0,0,0,0,0,0,0,0,0,0,0,0,0,0,0,0,0,0,0,0,-9,-7,-8,-8,-8,-9,-8,-10,-8,-11,-7,-11,-7,-12,-6,-12,-6,-12,-6,-12,-6,-12,-5,-12,-6,-12,-6,-12,-6,-12,-6,-12,-6,-11,-7,-11,-7,-11,-8,-11,-8,-11,-8,-12,-9,-11,-10,-11,-10,-12,-10,-12]"
2025-08-18 22:59:56.414989,CSI_DATA,726,1a:00:00:00:00:00,-39,11,0,0,0,0,0,0,0,0,0,-92,0,1,0,123776363,0,31,0,128,0,"[0,0,11,-10,10,-10,10,-10,10,-10,9,-10,9,-10,8,-11,8,-11,7,-10,7,-11,7,-11,6,-11,6,-11,5,-12,5,-12,5,-12,6,-13,6,-12,6,-12,6,-12,6,-12,7,-11,7,-11,7,-10,8,-9,8,-9,0,0,0,0,0,0,0,0,0,0,0,0,0,0,0,0,0,0,0,0,0,0,7,-9,8,-8,9,-8,9,-8,10,-8,10,-7,11,-7,11,-7,11,-6,12,-6,11,-5,12,-5,11,-5,11,-6,11,-6,11,-6,10,-7,10,-7,11,-8,10,-9,10,-9,10,-10,10,-10,11,-10,11,-10,11,-10]"
2025-08-18 22:59:56.613639,CSI_DATA,727,1a:00:00:00:00:00,-38,11,0,0,0,0,0,0,0,0,0,-92,0,1,0,123976321,0,31,0,128,0,"[0,0,-6,14,-5,13,-5,14,-5,13,-4,13,-4,13,-4,13,-3,12,-3,12,-2,12,-1,12,-1,12,-1,13,-1,13,0,12,0,13,-1,13,-1,13,-1,13,-2,13,-2,13,-3,13,-3,12,-3,12,-4,11,-4,11,0,0,0,0,0,0,0,0,0,0,0,0,0,0,0,0,0,0,0,0,0,0,-2,11,-3,11,-3,11,-5,11,-5,11,-6,12,-7,11,-7,11,-8,11,-8,11,-8,11,-8,11,-8,11,-7,11,-7,11,-7,10,-7,11,-6,11,-6,12,-6,12,-6,12,-6,13,-5,13,-5,14,-5,14,-5,14]"
2025-08-18 22:59:56.814581,CSI_DATA,728,1a:00:00:00:00:00,-38,11,0,0,0,0,0,0,0,0,0,-92,0,1,0,124177490,0,31,0,128,0,"[0,0,-8,13,-8,13,-8,12,-8,12,-7,12,-7,12,-6,12,-5,12,-5,12,-4,12,-4,12,-3,12,-3,12,-3,12,-3,12,-3,13,-3,13,-3,13,-4,13,-4,13,-4,12,-5,12,-5,11,-6,11,-6,10,-6,10,0,0,0,0,0,0,0,0,0,0,0,0,0,0,0,0,0,0,0,0,0,0,-5,10,-5,10,-6,10,-7,10,-8,10,-9,10,-9,10,-10,9,-10,9,-10,9,-10,9,-10,8,-10,8,-10,9,-9,9,-10,9,-9,9,-9,10,-9,10,-8,11,-8,11,-8,11,-8,12,-8,12,-8,13,-8,13]"
2025-08-18 22:59:56.886940,CSI_DATA,729,1a:00:00:00:00:00,-38,11,0,0,0,0,0,0,0,0,0,-92,0,1,0,124238283,0,42,0,128,0,"[0,0,15,0,14,-1,14,-1,14,-1,14,-2,13,-2,13,-2,12,-2,12,-3,12,-4,12,-4,12,-5,11,-5,12,-5,12,-5,12,-6,12,-5,13,-5,13,-5,13,-4,13,-4,12,-3,12,-3,12,-2,12,-2,11,-1,0,0,0,0,0,0,0,0,0,0,0,0,0,0,0,0,0,0,0,0,0,0,10,-3,11,-2,11,-1,12,0,12,0,13,1,13,2,13,2,13,3,12,3,12,3,12,3,12,3,12,2,12,2,12,2,12,2,12,1,13,1,13,0,13,0,14,0,14,0,15,-1,14,-1,15,-1]"
2025-08-18 22:59:56.945223,CSI_DATA,730,1a:00:00:00:00:00,-38,11,0,0,0,0,0,0,0,0,0,-92,0,1,0,124306836,0,31,0,128,0,"[0,0,5,-14,4,-15,4,-14,4,-14,4,-14,3,-14,3,-14,2,-14,2,-13,1,-13,1,-13,0,-13,0,-13,-1,-13,-1,-14,-1,-14,-1,-14,-1,-14,-1,-14,0,-14,0,-14,1,-14,1,-13,2,-13,2,-12,3,-12,0,0,0,0,0,0,0,0,0,0,0,0,0,0,0,0,0,0,0,0,0,0,2,-11,3,-11,4,-12,5,-11,5,-12,6,-12,7,-12,7,-11,8,-11,8,-11,8,-11,8,-10,8,-11,8,-11,7,-11,7,-11,6,-11,6,-12,6,-12,6,-13,5,-13,5,-13,5,-14,5,-14,5,-14,5,-14]"
2025-08-18 22:59:57.151725,CSI_DATA,731,1a:00:00:00:00:00,-39,11,0,0,0,0,0,0,0,0,0,-92,0,1,0,124507887,0,31,0,128,0,"[0,0,-12,-9,-11,-10,-11,-10,-12,-11,-11,-9,-12,-9,-9,-8,-11,-7,-11,-8,-12,-6,-12,-6,-11,-6,-12,-6,-12,-5,-12,-5,-13,-5,-13,-5,-12,-6,-13,-5,-12,-5,-12,-6,-11,-7,-12,-7,-10,-8,-9,-7,-9,-8,0,0,0,0,0,0,0,0,0,0,0,0,0,0,0,0,0,0,0,0,0,0,-9,-7,-9,-7,-9,-8,-9,-9,-9,-10,-8,-10,-8,-11,-8,-11,-8,-11,-7,-11,-7,-12,-6,-12,-6,-12,-7,-11,-7,-11,-7,-11,-8,-10,-8,-10,-9,-10,-10,-11,-10,-10,-10,-10,-11,-10,-10,-10,-11,-11,-11,-10]"
2025-08-18 22:59:57.352988,CSI_DATA,732,1a:00:00:00:00:00,-38,11,0,0,0,0,0,0,0,0,0,-92,0,1,0,124710382,0,31,0,128,0,"[0,0,-9,-13,-9,-13,-9,-12,-9,-12,-9,-12,-9,-11,-9,-11,-9,-10,-9,-10,-10,-9,-10,-9,-10,-8,-11,-8,-11,-8,-11,-8,-11,-8,-12,-8,-12,-8,-11,-9,-11,-9,-11,-9,-10,-9,-10,-10,-9,-10,-8,-9,-7,-10,0,0,0,0,0,0,0,0,0,0,0,0,0,0,0,0,0,0,0,0,0,0,-8,-9,-7,-9,-7,-10,-6,-11,-6,-12,-6,-12,-5,-13,-5,-13,-4,-13,-4,-13,-4,-13,-4,-13,-4,-13,-4,-12,-4,-12,-5,-12,-5,-12,-6,-12,-6,-12,-7,-12,-7,-12,-8,-13,-8,-12,-9,-13,-9,-13,-9,-13]"
2025-08-18 22:59:57.549879,CSI_DATA,733,1a:00:00:00:00:00,-39,11,0,0,0,0,0,0,0,0,0,-92,0,1,0,124910366,0,31,0,128,0,"[0,0,2,-15,2,-15,2,-15,2,-15,1,-15,1,-14,1,-14,0,-14,0,-13,-1,-14,-1,-13,-2,-13,-2,-13,-3,-13,-3,-14,-3,-13,-3,-14,-3,-14,-2,-14,-2,-14,-1,-14,-1,-14,0,-14,0,-13,0,-12,1,-12,0,0,0,0,0,0,0,0,0,0,0,0,0,0,0,0,0,0,0,0,0,0,0,-12,1,-12,2,-13,2,-12,3,-13,4,-13,4,-13,5,-13,5,-13,5,-13,6,-12,6,-12,5,-12,5,-12,5,-12,5,-12,4,-12,4,-13,3,-13,3,-14,3,-14,3,-14,2,-15,2,-15,2,-15,2,-15]"
2025-08-18 22:59:57.769490,CSI_DATA,734,1a:00:00:00:00:00,-38,11,0,0,0,0,0,0,0,0,0,-92,0,1,0,125111493,0,31,0,128,0,"[0,0,-11,-11,-11,-10,-11,-10,-11,-10,-11,-9,-11,-9,-11,-9,-11,-8,-11,-7,-11,-7,-11,-7,-11,-6,-11,-6,-12,-6,-12,-5,-12,-5,-12,-6,-12,-6,-12,-6,-12,-6,-12,-7,-11,-7,-11,-8,-10,-8,-9,-8,-9,-8,0,0,0,0,0,0,0,0,0,0,0,0,0,0,0,0,0,0,0,0,0,0,-9,-7,-9,-8,-9,-8,-9,-9,-8,-10,-8,-10,-8,-11,-7,-11,-7,-11,-7,-12,-6,-12,-6,-12,-6,-12,-6,-11,-7,-11,-7,-11,-8,-11,-8,-11,-8,-10,-9,-11,-9,-11,-10,-10,-10,-10,-10,-10,-11,-11,-10,-11]"
2025-08-18 22:59:57.951073,CSI_DATA,735,1a:00:00:00:00:00,-39,11,0,0,0,0,0,0,0,0,0,-92,0,1,0,125313989,0,31,0,128,0,"[0,0,-9,11,-9,11,-9,11,-8,11,-8,11,-8,11,-7,11,-6,11,-6,11,-5,11,-5,11,-5,11,-5,11,-4,11,-4,12,-4,12,-4,12,-4,12,-5,12,-5,12,-5,12,-5,11,-6,11,-6,10,-7,9,-7,9,0,0,0,0,0,0,0,0,0,0,0,0,0,0,0,0,0,0,0,0,0,0,-6,9,-6,9,-7,9,-8,9,-9,9,-9,8,-10,8,-10,8,-11,8,-11,7,-11,7,-11,7,-11,7,-10,7,-10,7,-10,7,-10,8,-9,8,-9,8,-9,9,-9,10,-9,10,-9,11,-9,11,-9,11,-9,11]"
2025-08-18 22:59:58.150246,CSI_DATA,736,1a:00:00:00:00:00,-38,11,0,0,0,0,0,0,0,0,0,-92,0,1,0,125513928,0,31,0,128,0,"[0,0,-2,14,-2,14,-2,14,-2,14,-1,13,-1,13,-1,13,0,13,0,12,1,12,2,12,2,12,2,12,3,12,3,12,3,12,3,12,3,12,2,13,2,13,1,13,1,12,0,12,0,12,-1,11,-1,11,0,0,0,0,0,0,0,0,0,0,0,0,0,0,0,0,0,0,0,0,0,0,0,10,0,11,-1,11,-2,11,-3,12,-3,12,-4,12,-4,12,-5,12,-5,12,-5,12,-5,11,-5,12,-5,11,-4,11,-5,11,-4,11,-3,12,-3,12,-3,12,-3,13,-2,13,-2,14,-2,14,-2,14,-1,14]"
2025-08-18 22:59:58.354594,CSI_DATA,737,1a:00:00:00:00:00,-38,11,0,0,0,0,0,0,0,0,0,-92,0,1,0,125715052,0,31,0,128,0,"[0,0,-15,0,-15,0,-14,0,-14,1,-14,1,-14,1,-13,1,-13,2,-13,3,-12,3,-12,3,-12,4,-12,4,-12,4,-12,5,-12,5,-12,5,-13,5,-13,5,-13,4,-13,4,-13,3,-12,2,-12,2,-12,1,-12,1,0,0,0,0,0,0,0,0,0,0,0,0,0,0,0,0,0,0,0,0,0,0,-11,1,-11,1,-12,0,-12,-1,-12,-1,-13,-2,-13,-3,-13,-3,-13,-3,-13,-4,-13,-4,-12,-4,-12,-4,-12,-4,-12,-3,-12,-3,-13,-2,-13,-2,-13,-1,-13,-1,-14,-1,-14,0,-14,0,-14,0,-15,0,-15,0]"
2025-08-18 22:59:58.406939,CSI_DATA,738,1a:00:00:00:00:00,-38,11,0,0,0,0,0,0,0,0,0,-92,0,1,0,125775832,0,42,0,128,0,"[0,0,11,8,11,8,10,8,11,8,10,7,11,7,10,6,10,6,10,5,11,4,11,4,11,4,11,4,11,3,12,3,11,3,12,3,12,3,12,4,12,4,11,4,11,5,10,5,10,6,9,6,9,6,0,0,0,0,0,0,0,0,0,0,0,0,0,0,0,0,0,0,0,0,0,0,9,5,8,6,8,7,8,7,8,8,8,8,8,9,7,9,7,10,7,10,6,10,6,10,6,10,7,10,7,9,7,9,7,9,8,9,8,8,9,8,9,8,10,8,10,8,10,9,11,8,11,8]"
2025-08-18 22:59:58.480211,CSI_DATA,739,1a:00:00:00:00:00,-38,11,0,0,0,0,0,0,0,0,0,-92,0,1,0,125843364,0,31,0,128,0,"[0,0,14,-3,14,-3,13,-3,14,-3,13,-3,13,-4,12,-4,12,-4,12,-5,11,-5,11,-6,11,-6,11,-6,11,-7,11,-7,11,-7,11,-7,11,-7,12,-7,12,-6,12,-6,11,-5,12,-4,11,-4,11,-3,11,-2,0,0,0,0,0,0,0,0,0,0,0,0,0,0,0,0,0,0,0,0,0,0,10,-4,10,-3,11,-3,11,-2,12,-2,12,-1,12,0,12,0,12,0,12,1,12,1,12,1,12,1,12,1,12,0,12,0,12,0,12,-1,12,-1,13,-2,13,-2,13,-2,13,-2,14,-3,14,-3,14,-3]"
2025-08-18 22:59:58.679824,CSI_DATA,740,1a:00:00:00:00:00,-38,11,0,0,0,0,0,0,0,0,0,-92,0,1,0,126044606,0,31,0,128,0,"[0,0,14,0,14,0,14,0,14,0,14,-1,13,-1,13,-1,13,-2,12,-2,12,-3,12,-3,12,-4,12,-4,12,-4,12,-5,12,-5,12,-5,12,-5,12,-5,12,-4,12,-3,12,-3,12,-2,12,-2,11,-1,11,0,0,0,0,0,0,0,0,0,0,0,0,0,0,0,0,0,0,0,0,0,0,0,10,-1,11,0,11,0,11,1,11,1,12,2,12,3,12,4,12,4,11,4,12,4,11,5,11,4,11,3,12,4,11,3,12,3,12,2,12,2,12,1,13,1,13,1,13,1,14,1,14,1,15,0]"
2025-08-18 22:59:58.877337,CSI_DATA,741,1a:00:00:00:00:00,-38,11,0,0,0,0,0,0,0,0,0,-92,0,1,0,126245950,0,31,0,128,0,"[0,0,5,13,6,13,6,12,6,12,6,12,6,11,6,11,6,11,6,10,7,9,7,9,8,9,8,9,8,9,9,8,9,9,9,9,9,9,8,9,8,10,7,10,7,10,6,10,6,10,5,10,4,10,0,0,0,0,0,0,0,0,0,0,0,0,0,0,0,0,0,0,0,0,0,0,6,8,5,9,5,10,5,10,4,11,3,11,3,12,2,12,2,12,2,12,2,12,1,12,2,12,2,11,2,12,2,11,3,12,3,11,4,12,4,12,4,12,5,12,5,12,6,12,6,13,6,13]"
2025-08-18 22:59:59.085386,CSI_DATA,742,1a:00:00:00:00:00,-38,11,0,0,0,0,0,0,0,0,0,-92,0,1,0,126446964,0,31,0,128,0,"[0,0,13,5,13,5,13,5,13,5,12,5,12,4,12,4,12,3,12,3,12,2,12,2,12,1,12,1,12,0,12,1,13,0,12,1,13,1,13,1,13,1,13,2,12,3,11,3,11,3,10,4,10,4,0,0,0,0,0,0,0,0,0,0,0,0,0,0,0,0,0,0,0,0,0,0,10,2,10,3,10,4,10,4,10,5,10,6,10,7,10,7,10,7,10,8,9,8,9,8,9,7,9,7,9,7,9,7,10,6,10,6,11,6,11,6,11,5,12,5,12,5,13,5,13,5,13,5]"
2025-08-18 22:59:59.289457,CSI_DATA,743,1a:00:00:00:00:00,-38,11,0,0,0,0,0,0,0,0,0,-92,0,1,0,126648120,0,31,0,128,0,"[0,0,4,14,4,14,4,13,4,14,5,13,5,13,5,12,5,12,6,11,6,11,6,11,7,11,7,10,7,10,8,10,8,10,8,11,8,11,8,11,7,11,6,11,6,12,5,12,4,12,3,11,3,11,0,0,0,0,0,0,0,0,0,0,0,0,0,0,0,0,0,0,0,0,0,0,5,9,4,10,4,11,3,11,3,12,3,12,2,13,1,13,1,13,0,13,0,13,0,13,0,13,0,13,1,12,1,12,2,12,2,13,2,13,3,13,3,13,4,13,4,14,4,14,4,14,4,14]"
2025-08-18 22:59:59.482737,CSI_DATA,744,1a:00:00:00:00:00,-38,11,0,0,0,0,0,0,0,0,0,-92,0,1,0,126849260,0,31,0,128,0,"[0,0,14,2,14,2,14,2,14,2,13,2,13,1,13,1,12,0,12,0,12,-1,12,-1,12,-2,12,-2,12,-2,12,-2,12,-3,13,-2,13,-2,13,-2,13,-1,13,-1,12,0,12,0,12,1,11,1,11,2,0,0,0,0,0,0,0,0,0,0,0,0,0,0,0,0,0,0,0,0,0,0,10,-1,10,0,11,1,11,1,11,2,12,3,12,4,12,4,11,4,11,5,11,5,11,5,11,5,11,4,11,4,11,4,11,4,12,3,12,3,12,3,13,3,13,2,13,2,14,2,14,2,14,2]"
2025-08-18 22:59:59.683711,CSI_DATA,745,1a:00:00:00:00:00,-38,11,0,0,0,0,0,0,0,0,0,-92,0,1,0,127050429,0,31,0,128,0,"[0,0,3,14,3,14,3,13,3,14,4,13,4,13,4,13,5,12,5,11,5,11,6,11,6,11,6,11,7,10,7,11,7,10,7,11,7,11,7,11,6,11,6,11,5,12,5,12,4,11,3,11,3,11,0,0,0,0,0,0,0,0,0,0,0,0,0,0,0,0,0,0,0,0,0,0,4,10,3,10,2,11,2,11,1,12,1,12,0,13,0,13,-1,13,-1,13,-2,13,-1,13,-1,13,-1,12,-1,12,0,12,0,12,1,13,1,13,2,13,2,13,2,13,3,14,3,14,3,14,3,14]"
2025-08-18 22:59:59.894904,CSI_DATA,746,1a:00:00:00:00:00,-38,11,0,0,0,0,0,0,0,0,0,-92,0,1,0,127251803,0,31,0,128,0,"[0,0,-14,-6,-14,-6,-13,-6,-14,-6,-14,-5,-13,-5,-13,-5,-13,-4,-13,-3,-13,-3,-13,-2,-13,-2,-13,-2,-13,-1,-13,-1,-13,-1,-14,-1,-14,-1,-14,-2,-14,-2,-14,-3,-13,-3,-13,-4,-12,-4,-12,-4,-11,-5,0,0,0,0,0,0,0,0,0,0,0,0,0,0,0,0,0,0,0,0,0,0,-11,-3,-11,-4,-11,-5,-11,-6,-11,-6,-11,-7,-11,-8,-11,-8,-10,-9,-10,-9,-10,-9,-10,-9,-10,-9,-10,-8,-10,-8,-10,-8,-11,-7,-11,-7,-11,-7,-12,-7,-12,-7,-13,-7,-13,-6,-14,-6,-14,-6,-14,-6]"
2025-08-18 22:59:59.952698,CSI_DATA,747,1a:00:00:00:00:00,-38,11,0,0,0,0,0,0,0,0,0,-92,0,1,0,127312546,0,42,0,128,0,"[0,0,1,-15,1,-15,0,-14,0,-15,0,-14,0,-14,-1,-14,-1,-13,-1,-13,-2,-13,-3,-13,-3,-13,-3,-13,-4,-12,-4,-13,-4,-13,-4,-13,-4,-13,-3,-13,-3,-14,-3,-13,-2,-13,-2,-13,-1,-13,-1,-12,0,-12,0,0,0,0,0,0,0,0,0,0,0,0,0,0,0,0,0,0,0,0,0,0,-1,-11,0,-11,1,-12,1,-12,2,-13,2,-12,3,-13,4,-13,4,-13,4,-12,4,-12,4,-12,4,-12,4,-12,3,-12,3,-12,3,-12,2,-13,2,-13,2,-13,1,-14,1,-14,1,-14,0,-15,1,-15,1,-15]"
2025-08-18 23:00:00.020599,CSI_DATA,748,1a:00:00:00:00:00,-38,11,0,0,0,0,0,0,0,0,0,-92,0,1,0,127377585,0,31,0,128,0,"[0,0,-12,-9,-13,-9,-12,-8,-12,-8,-12,-8,-12,-7,-12,-7,-12,-6,-12,-5,-12,-5,-12,-5,-12,-4,-12,-4,-12,-4,-13,-3,-13,-3,-13,-4,-13,-4,-14,-4,-13,-4,-13,-5,-12,-5,-12,-6,-11,-6,-11,-7,-10,-7,0,0,0,0,0,0,0,0,0,0,0,0,0,0,0,0,0,0,0,0,0,0,-10,-5,-10,-6,-10,-7,-10,-7,-10,-8,-10,-9,-9,-9,-9,-10,-9,-10,-9,-10,-8,-10,-8,-10,-8,-10,-8,-10,-8,-10,-9,-10,-9,-9,-10,-9,-10,-9,-11,-9,-11,-8,-11,-8,-12,-8,-12,-9,-12,-9,-12,-9]"
2025-08-18 23:00:00.220923,CSI_DATA,749,1a:00:00:00:00:00,-38,11,0,0,0,0,0,0,0,0,0,-92,0,1,0,127578646,0,31,0,128,0,"[0,0,-4,-15,-4,-15,-4,-14,-4,-14,-4,-14,-5,-13,-5,-13,-5,-13,-5,-12,-6,-12,-6,-11,-7,-11,-7,-11,-7,-11,-8,-11,-8,-11,-7,-11,-8,-12,-7,-12,-7,-12,-6,-12,-6,-12,-5,-12,-5,-12,-4,-12,-3,-12,0,0,0,0,0,0,0,0,0,0,0,0,0,0,0,0,0,0,0,0,0,0,-5,-10,-5,-11,-4,-11,-4,-12,-3,-12,-3,-13,-2,-13,-1,-13,-1,-13,-1,-13,-1,-13,0,-13,-1,-13,-1,-13,-1,-13,-1,-13,-2,-13,-2,-13,-3,-13,-3,-13,-3,-13,-3,-14,-4,-14,-4,-14,-4,-14,-5,-15]"
2025-08-18 23:00:00.420103,CSI_DATA,750,1a:00:00:00:00:00,-38,11,0,0,0,0,0,0,0,0,0,-92,0,1,0,127781845,0,31,0,128,0,"[0,0,-15,2,-15,2,-14,2,-15,2,-14,3,-14,3,-13,3,-13,4,-12,4,-12,4,-12,4,-12,5,-12,5,-11,6,-12,6,-11,6,-12,6,-12,6,-12,6,-13,5,-12,5,-12,4,-12,3,-12,3,-12,2,-12,1,0,0,0,0,0,0,0,0,0,0,0,0,0,0,0,0,0,0,0,0,0,0,-11,3,-11,3,-12,2,-12,2,-13,1,-13,0,-13,0,-13,-1,-14,-1,-13,-2,-13,-2,-13,-2,-13,-2,-13,-2,-13,-1,-13,-1,-13,0,-13,0,-13,0,-14,1,-14,1,-14,2,-14,2,-15,2,-15,2,-15,2]"
2025-08-18 23:00:00.619138,CSI_DATA,751,1a:00:00:00:00:00,-38,11,0,0,0,0,0,0,0,0,0,-92,0,1,0,127980953,0,31,0,128,0,"[0,0,10,-10,10,-11,10,-11,10,-11,9,-11,9,-11,8,-11,8,-11,7,-11,6,-11,6,-12,5,-12,5,-12,5,-12,5,-13,5,-12,5,-13,5,-13,6,-13,6,-12,6,-12,7,-11,6,-11,7,-10,7,-10,7,-9,0,0,0,0,0,0,0,0,0,0,0,0,0,0,0,0,0,0,0,0,0,0,6,-9,7,-9,8,-9,8,-8,9,-8,10,-8,11,-8,11,-7,11,-7,11,-7,11,-7,11,-6,11,-7,10,-7,10,-7,10,-7,10,-7,10,-8,10,-8,10,-9,10,-9,10,-10,10,-10,10,-11,10,-11,10,-11]"
2025-08-18 23:00:00.831022,CSI_DATA,752,1a:00:00:00:00:00,-38,11,0,0,0,0,0,0,0,0,0,-92,0,1,0,128182177,0,31,0,128,0,"[0,0,-10,-12,-11,-12,-10,-11,-11,-11,-10,-10,-10,-10,-11,-10,-10,-9,-11,-8,-11,-8,-11,-7,-11,-7,-11,-7,-11,-6,-13,-6,-12,-6,-13,-7,-12,-7,-13,-7,-12,-7,-12,-8,-11,-8,-11,-8,-10,-8,-9,-8,-9,-9,0,0,0,0,0,0,0,0,0,0,0,0,0,0,0,0,0,0,0,0,0,0,-9,-8,-8,-8,-8,-10,-8,-10,-8,-11,-7,-11,-7,-12,-7,-12,-6,-12,-6,-13,-6,-13,-5,-13,-6,-12,-6,-12,-6,-11,-6,-12,-7,-11,-8,-11,-8,-11,-8,-11,-9,-11,-9,-11,-10,-11,-10,-11,-10,-11,-10,-12]"
2025-08-18 23:00:01.020533,CSI_DATA,753,1a:00:00:00:00:00,-38,11,0,0,0,0,0,0,0,0,0,-92,0,1,0,128383552,0,31,0,128,0,"[0,0,-9,12,-8,12,-8,12,-8,12,-8,12,-7,12,-7,12,-6,12,-5,11,-5,11,-5,12,-4,12,-4,12,-3,12,-3,12,-3,12,-3,13,-4,13,-4,13,-5,12,-5,12,-5,12,-5,11,-6,11,-6,10,-6,10,0,0,0,0,0,0,0,0,0,0,0,0,0,0,0,0,0,0,0,0,0,0,-5,10,-6,9,-7,9,-8,9,-8,9,-9,9,-10,9,-10,9,-11,8,-10,8,-11,8,-11,8,-10,8,-10,8,-10,8,-10,8,-9,9,-9,9,-9,10,-9,10,-9,10,-9,11,-8,11,-9,12,-9,12,-8,12]"
2025-08-18 23:00:01.222735,CSI_DATA,754,1a:00:00:00:00:00,-38,11,0,0,0,0,0,0,0,0,0,-92,0,1,0,128584594,0,31,0,128,0,"[0,0,-10,11,-10,11,-10,11,-9,11,-9,11,-8,11,-8,11,-7,11,-7,10,-6,11,-6,11,-5,11,-5,11,-5,12,-5,12,-5,12,-5,12,-5,12,-6,12,-6,12,-6,11,-7,11,-7,10,-8,10,-8,9,-8,8,0,0,0,0,0,0,0,0,0,0,0,0,0,0,0,0,0,0,0,0,0,0,-6,9,-7,9,-7,9,-8,9,-9,9,-10,9,-10,9,-10,8,-11,8,-11,7,-11,7,-11,7,-11,7,-11,7,-11,7,-10,7,-10,8,-10,8,-10,9,-10,10,-9,10,-9,10,-9,11,-10,11,-10,11,-10,11]"
2025-08-18 23:00:01.420713,CSI_DATA,755,1a:00:00:00:00:00,-38,11,0,0,0,0,0,0,0,0,0,-92,0,1,0,128785754,0,31,0,128,0,"[0,0,15,0,14,0,14,0,14,0,14,-1,13,-1,13,-1,13,-2,12,-2,12,-3,12,-3,12,-4,12,-4,12,-4,12,-5,12,-5,12,-5,12,-5,13,-4,13,-4,13,-3,12,-3,12,-2,12,-2,11,-1,11,0,0,0,0,0,0,0,0,0,0,0,0,0,0,0,0,0,0,0,0,0,0,0,11,-1,11,-1,11,0,12,1,12,1,12,2,12,3,12,4,12,4,12,4,12,4,12,4,12,4,12,3,12,3,12,3,12,3,12,2,13,2,13,1,13,1,13,1,14,0,14,0,15,0,15,0]"
2025-08-18 23:00:01.491196,CSI_DATA,756,1a:00:00:00:00:00,-38,11,0,0,0,0,0,0,0,0,0,-92,0,1,0,128846574,0,42,0,128,0,"[0,0,-8,-14,-8,-13,-8,-13,-8,-13,-8,-13,-8,-12,-8,-12,-8,-11,-9,-11,-9,-10,-9,-10,-10,-9,-10,-9,-10,-9,-11,-9,-11,-9,-11,-9,-11,-9,-11,-10,-10,-10,-10,-10,-9,-10,-9,-10,-8,-11,-7,-10,-7,-11,0,0,0,0,0,0,0,0,0,0,0,0,0,0,0,0,0,0,0,0,0,0,-7,-9,-7,-10,-6,-11,-6,-11,-6,-12,-5,-13,-4,-13,-4,-13,-4,-13,-3,-13,-3,-14,-3,-13,-3,-13,-3,-13,-4,-13,-4,-12,-5,-13,-5,-12,-6,-13,-6,-13,-6,-13,-7,-13,-7,-13,-8,-13,-8,-13,-8,-14]"
2025-08-18 23:00:01.551787,CSI_DATA,757,1a:00:00:00:00:00,-38,11,0,0,0,0,0,0,0,0,0,-92,0,1,0,128913697,0,31,0,128,0,"[0,0,5,-15,5,-14,5,-14,4,-14,4,-14,4,-13,3,-14,3,-13,2,-13,1,-13,1,-13,0,-13,0,-14,0,-14,0,-13,0,-14,0,-14,0,-14,1,-14,1,-14,1,-14,2,-14,2,-13,3,-13,3,-12,4,-12,0,0,0,0,0,0,0,0,0,0,0,0,0,0,0,0,0,0,0,0,0,0,2,-11,3,-12,3,-12,4,-12,5,-12,6,-12,6,-12,7,-12,7,-11,7,-11,7,-11,8,-11,7,-11,7,-11,7,-11,7,-11,7,-12,5,-12,6,-12,6,-13,5,-13,5,-14,5,-14,5,-14,5,-14,5,-15]"
2025-08-18 23:00:01.751760,CSI_DATA,758,1a:00:00:00:00:00,-38,11,0,0,0,0,0,0,0,0,0,-92,0,1,0,129114764,0,31,0,128,0,"[0,0,8,-13,8,-13,8,-12,7,-12,7,-12,7,-12,6,-12,6,-12,5,-12,4,-12,4,-12,3,-13,3,-13,3,-13,3,-13,3,-13,3,-14,3,-14,4,-14,4,-13,4,-13,5,-12,5,-12,6,-11,6,-11,6,-10,0,0,0,0,0,0,0,0,0,0,0,0,0,0,0,0,0,0,0,0,0,0,4,-10,5,-10,6,-10,7,-10,7,-10,8,-10,9,-10,9,-10,10,-9,10,-9,10,-8,10,-8,10,-8,9,-9,9,-9,9,-9,9,-9,8,-10,8,-10,8,-11,8,-11,8,-12,8,-12,8,-12,8,-13,9,-13]"
2025-08-18 23:00:01.954494,CSI_DATA,759,1a:00:00:00:00:00,-38,11,0,0,0,0,0,0,0,0,0,-92,0,1,0,129316020,0,31,0,128,0,"[0,0,-15,3,-15,3,-14,3,-14,3,-14,4,-13,4,-13,4,-13,5,-12,5,-12,5,-12,5,-11,6,-11,6,-11,6,-11,7,-11,7,-12,7,-12,7,-12,6,-12,6,-12,6,-12,5,-12,4,-12,3,-12,3,-12,2,0,0,0,0,0,0,0,0,0,0,0,0,0,0,0,0,0,0,0,0,0,0,-10,4,-11,3,-12,3,-12,2,-13,2,-13,1,-13,1,-13,1,-14,0,-14,-1,-14,-1,-13,-1,-13,0,-13,-1,-13,0,-13,0,-13,1,-13,1,-13,1,-13,2,-14,2,-14,3,-15,3,-14,3,-14,3,-14,3]"
2025-08-18 23:00:02.155688,CSI_DATA,760,1a:00:00:00:00:00,-38,11,0,0,0,0,0,0,0,0,0,-92,0,1,0,129517329,0,31,0,128,0,"[0,0,10,-11,10,-11,10,-11,9,-11,9,-11,9,-11,8,-11,8,-11,7,-11,7,-11,6,-11,6,-12,5,-12,5,-12,5,-12,5,-12,5,-13,5,-12,6,-12,6,-12,7,-11,7,-11,7,-10,7,-10,7,-9,8,-8,0,0,0,0,0,0,0,0,0,0,0,0,0,0,0,0,0,0,0,0,0,0,6,-9,7,-9,8,-9,9,-9,9,-9,10,-8,10,-8,11,-8,11,-7,11,-7,11,-7,11,-6,11,-7,11,-7,10,-7,10,-7,10,-8,10,-8,10,-9,10,-9,10,-9,10,-10,10,-10,10,-11,10,-11,10,-11]"
2025-08-18 23:00:02.365323,CSI_DATA,761,1a:00:00:00:00:00,-38,11,0,0,0,0,0,0,0,0,0,-92,0,1,0,129718470,0,31,0,128,0,"[0,0,-15,4,-14,4,-14,4,-14,4,-14,4,-13,4,-13,4,-12,5,-12,5,-11,6,-11,6,-11,7,-11,7,-11,7,-11,7,-11,8,-11,7,-11,8,-12,7,-12,7,-12,6,-12,6,-12,5,-11,4,-11,4,-11,3,0,0,0,0,0,0,0,0,0,0,0,0,0,0,0,0,0,0,0,0,0,0,-10,5,-11,4,-12,3,-12,3,-13,3,-13,2,-14,1,-14,1,-14,0,-14,0,-14,0,-13,0,-13,0,-13,0,-13,0,-13,1,-13,1,-13,2,-14,2,-13,2,-14,3,-14,3,-14,4,-14,4,-15,4,-14,4]"
2025-08-18 23:00:02.556568,CSI_DATA,762,1a:00:00:00:00:00,-38,11,0,0,0,0,0,0,0,0,0,-92,0,1,0,129919531,0,31,0,128,0,"[0,0,-13,8,-12,9,-12,8,-12,8,-11,8,-11,8,-10,9,-10,9,-9,9,-9,9,-8,9,-8,9,-8,10,-7,10,-7,11,-7,10,-8,11,-8,10,-8,11,-8,10,-8,10,-8,9,-9,9,-9,8,-9,7,-9,7,0,0,0,0,0,0,0,0,0,0,0,0,0,0,0,0,0,0,0,0,0,0,-9,7,-9,7,-10,7,-11,6,-11,6,-12,5,-12,5,-13,5,-13,4,-13,4,-13,3,-13,3,-13,4,-12,4,-12,4,-12,4,-12,5,-12,6,-12,6,-12,7,-12,7,-12,7,-12,8,-12,8,-13,8,-12,8]"
2025-08-18 23:00:02.754013,CSI_DATA,763,1a:00:00:00:00:00,-38,11,0,0,0,0,0,0,0,0,0,-92,0,1,0,130120700,0,31,0,128,0,"[0,0,2,14,2,14,2,14,2,13,3,13,3,13,3,12,4,12,4,11,4,11,4,11,5,11,5,11,5,11,5,11,5,11,6,11,6,11,6,11,5,12,5,12,4,11,3,11,2,12,2,11,1,11,0,0,0,0,0,0,0,0,0,0,0,0,0,0,0,0,0,0,0,0,0,0,3,10,3,10,2,11,1,12,1,12,0,12,0,13,0,13,-1,13,-2,12,-2,13,-2,12,-2,12,-2,12,-1,12,-1,12,-1,12,0,12,0,13,1,13,1,13,1,13,2,13,2,14,2,14,2,14]"
2025-08-18 23:00:03.023237,CSI_DATA,764,1a:00:00:00:00:00,-38,11,0,0,0,0,0,0,0,0,0,-92,0,1,0,130322252,0,31,0,128,0,"[0,0,-7,-14,-7,-14,-7,-14,-7,-13,-8,-13,-8,-12,-8,-12,-8,-11,-8,-11,-8,-10,-9,-10,-9,-10,-10,-10,-10,-10,-10,-9,-10,-10,-10,-10,-10,-10,-10,-10,-10,-10,-9,-11,-9,-11,-8,-11,-8,-11,-7,-11,-6,-11,0,0,0,0,0,0,0,0,0,0,0,0,0,0,0,0,0,0,0,0,0,0,-7,-9,-7,-10,-6,-11,-6,-12,-6,-12,-5,-13,-4,-13,-4,-14,-4,-14,-3,-13,-3,-13,-3,-13,-3,-13,-3,-13,-3,-13,-4,-12,-4,-13,-5,-13,-5,-13,-6,-13,-6,-13,-6,-13,-7,-13,-7,-14,-8,-14,-7,-14]"
2025-08-18 23:00:03.028461,CSI_DATA,765,1a:00:00:00:00:00,-38,11,0,0,0,0,0,0,0,0,0,-92,0,1,0,130383062,0,42,0,128,0,"[0,0,3,14,3,13,3,14,4,13,4,13,4,12,4,12,5,12,5,11,5,10,6,10,6,10,6,10,7,10,7,10,7,10,7,10,7,11,7,11,7,11,6,11,5,11,4,11,4,11,3,11,3,11,0,0,0,0,0,0,0,0,0,0,0,0,0,0,0,0,0,0,0,0,0,0,4,9,4,10,3,11,3,11,2,12,1,12,1,13,1,13,0,13,-1,12,0,13,-1,13,-1,12,0,12,0,12,0,12,1,12,1,12,2,13,2,13,2,13,3,13,3,13,3,14,3,14,4,14]"
2025-08-18 23:00:03.088725,CSI_DATA,766,1a:00:00:00:00:00,-38,11,0,0,0,0,0,0,0,0,0,-92,0,1,0,130452309,0,31,0,128,0,"[0,0,13,-8,12,-8,12,-8,12,-8,11,-8,11,-8,10,-8,10,-8,9,-9,9,-9,9,-9,8,-10,8,-10,8,-10,8,-10,8,-11,8,-11,8,-11,9,-10,9,-10,9,-9,9,-9,9,-8,9,-8,9,-7,10,-6,0,0,0,0,0,0,0,0,0,0,0,0,0,0,0,0,0,0,0,0,0,0,8,-8,9,-7,9,-7,10,-6,11,-6,12,-6,12,-5,12,-5,12,-4,12,-4,12,-4,12,-3,12,-4,12,-4,12,-4,11,-4,11,-5,11,-5,12,-6,12,-6,12,-6,12,-7,12,-7,12,-8,13,-8,13,-8]"
2025-08-18 23:00:03.290439,CSI_DATA,767,1a:00:00:00:00:00,-38,11,0,0,0,0,0,0,0,0,0,-92,0,1,0,130653515,0,31,0,128,0,"[0,0,-3,14,-2,14,-2,14,-2,13,-2,14,-2,13,-1,13,-1,12,0,12,1,12,1,12,2,12,2,12,2,12,2,12,2,12,2,12,2,12,2,13,1,13,1,12,0,12,0,12,-1,12,-1,11,-2,11,0,0,0,0,0,0,0,0,0,0,0,0,0,0,0,0,0,0,0,0,0,0,0,10,-1,11,-2,11,-3,12,-3,12,-4,12,-5,12,-5,12,-5,12,-6,11,-6,11,-6,11,-6,11,-5,11,-5,11,-5,11,-5,12,-4,12,-4,13,-3,13,-3,13,-3,13,-2,14,-2,14,-2,14,-2,14]"
2025-08-18 23:00:03.491570,CSI_DATA,768,1a:00:00:00:00:00,-38,11,0,0,0,0,0,0,0,0,0,-92,0,1,0,130854712,0,31,0,128,0,"[0,0,13,-8,12,-8,12,-8,12,-8,12,-8,11,-8,10,-8,10,-9,9,-9,9,-9,9,-9,8,-9,8,-10,8,-10,8,-10,8,-11,8,-10,8,-10,8,-11,9,-10,9,-10,9,-9,9,-8,9,-7,9,-7,10,-6,0,0,0,0,0,0,0,0,0,0,0,0,0,0,0,0,0,0,0,0,0,0,8,-7,9,-7,10,-7,11,-6,11,-6,12,-5,12,-5,12,-5,12,-4,13,-4,13,-3,12,-3,12,-3,12,-3,12,-4,12,-4,12,-5,11,-5,12,-6,12,-7,12,-7,12,-7,12,-7,13,-7,13,-7,13,-8]"
2025-08-18 23:00:03.697429,CSI_DATA,769,1a:00:00:00:00:00,-38,11,0,0,0,0,0,0,0,0,0,-92,0,1,0,131055827,0,31,0,128,0,"[0,0,-15,-2,-16,-2,-15,-2,-15,-2,-14,-1,-14,-1,-14,-1,-14,0,-13,0,-13,1,-13,1,-13,2,-13,2,-13,2,-13,3,-13,3,-14,3,-13,3,-14,3,-14,2,-14,2,-13,1,-13,0,-13,0,-12,-1,-12,-2,0,0,0,0,0,0,0,0,0,0,0,0,0,0,0,0,0,0,0,0,0,0,-12,0,-12,-1,-13,-2,-13,-3,-13,-3,-13,-4,-13,-5,-13,-5,-13,-6,-13,-6,-13,-6,-13,-6,-12,-6,-12,-6,-12,-5,-13,-5,-13,-5,-13,-4,-13,-4,-14,-3,-14,-3,-14,-3,-15,-2,-15,-2,-15,-2,-16,-2]"
2025-08-18 23:00:03.891420,CSI_DATA,770,1a:00:00:00:00:00,-38,11,0,0,0,0,0,0,0,0,0,-92,0,1,0,131257063,0,31,0,128,0,"[0,0,14,3,14,2,14,3,14,2,13,2,13,2,13,1,13,1,12,0,13,-1,12,-1,12,-2,12,-2,12,-2,12,-3,12,-3,13,-2,13,-2,13,-2,13,-1,13,-1,12,0,12,0,12,1,11,1,11,2,0,0,0,0,0,0,0,0,0,0,0,0,0,0,0,0,0,0,0,0,0,0,11,0,11,1,11,2,11,3,12,3,12,4,12,5,12,5,11,6,11,6,11,6,11,6,11,6,11,6,11,5,11,5,11,5,12,4,12,4,12,4,12,4,13,3,13,3,14,3,14,3,14,3]"
2025-08-18 23:00:04.103088,CSI_DATA,771,1a:00:00:00:00:00,-38,11,0,0,0,0,0,0,0,0,0,-92,0,1,0,131458225,0,31,0,128,0,"[0,0,0,-15,-1,-15,-1,-15,0,-15,-1,-14,-1,-14,-1,-14,-2,-13,-2,-13,-3,-13,-3,-13,-4,-13,-4,-12,-4,-13,-4,-13,-4,-13,-4,-13,-4,-13,-4,-13,-3,-13,-3,-13,-2,-13,-2,-13,-1,-13,-1,-12,0,-12,0,0,0,0,0,0,0,0,0,0,0,0,0,0,0,0,0,0,0,0,0,0,-3,-12,-2,-12,-1,-12,0,-13,0,-13,1,-13,2,-14,2,-14,3,-13,3,-13,3,-13,3,-13,3,-13,3,-13,2,-13,2,-13,2,-13,1,-13,1,-13,1,-14,1,-14,0,-14,0,-15,-1,-15,0,-15,-1,-15]"
2025-08-18 23:00:04.298057,CSI_DATA,772,1a:00:00:00:00:00,-38,11,0,0,0,0,0,0,0,0,0,-92,0,1,0,131659370,0,31,0,128,0,"[0,0,4,-14,4,-15,4,-14,4,-14,3,-14,3,-14,2,-13,2,-13,1,-13,1,-13,0,-13,0,-13,-1,-13,-1,-13,-1,-13,-1,-13,-1,-14,-1,-13,-1,-14,0,-14,0,-13,1,-13,1,-13,2,-12,2,-12,3,-11,0,0,0,0,0,0,0,0,0,0,0,0,0,0,0,0,0,0,0,0,0,0,1,-11,2,-12,3,-12,3,-12,4,-12,5,-12,6,-12,6,-12,6,-12,7,-12,7,-11,7,-11,7,-11,6,-11,6,-11,6,-11,5,-12,5,-12,5,-13,4,-13,4,-13,4,-14,4,-14,4,-14,4,-14,4,-15]"
2025-08-18 23:00:04.495258,CSI_DATA,773,1a:00:00:00:00:00,-38,11,0,0,0,0,0,0,0,0,0,-92,0,1,0,131860692,0,31,0,128,0,"[0,0,1,15,1,14,1,14,1,13,2,13,2,13,2,12,3,12,3,12,3,11,4,11,4,11,5,11,5,11,5,11,5,11,5,12,5,11,5,12,4,12,4,12,3,12,3,12,2,11,2,11,1,11,0,0,0,0,0,0,0,0,0,0,0,0,0,0,0,0,0,0,0,0,0,0,3,10,2,11,1,11,1,12,0,12,-1,12,-1,13,-2,13,-2,13,-3,13,-3,12,-3,12,-3,12,-2,12,-2,12,-2,12,-2,12,-1,12,-1,13,0,13,0,13,0,13,1,14,1,14,1,14,1,14]"
2025-08-18 23:00:04.556921,CSI_DATA,774,1a:00:00:00:00:00,-38,11,0,0,0,0,0,0,0,0,0,-92,0,1,0,131921330,0,42,0,128,0,"[0,0,14,0,14,0,13,0,14,0,13,-1,13,-1,13,-1,13,-2,12,-2,12,-3,12,-3,12,-4,12,-4,11,-4,12,-4,12,-4,12,-4,12,-4,13,-4,12,-3,12,-3,12,-2,12,-2,12,-1,11,-1,11,0,0,0,0,0,0,0,0,0,0,0,0,0,0,0,0,0,0,0,0,0,0,0,11,-2,11,-1,11,-1,11,0,12,1,12,2,13,2,12,3,12,3,12,4,12,4,12,4,12,3,12,3,11,3,12,3,12,2,13,2,12,2,13,1,13,1,13,1,14,0,14,0,14,0,14,0]"
2025-08-18 23:00:04.627266,CSI_DATA,775,1a:00:00:00:00:00,-38,11,0,0,0,0,0,0,0,0,0,-92,0,1,0,131985338,0,31,0,128,0,"[0,0,-2,-15,-3,-15,-3,-15,-3,-15,-3,-15,-3,-14,-3,-14,-4,-13,-4,-13,-5,-13,-5,-12,-5,-12,-6,-12,-6,-12,-6,-12,-7,-12,-6,-13,-6,-13,-6,-13,-5,-13,-5,-13,-4,-13,-4,-13,-3,-12,-2,-12,-2,-12,0,0,0,0,0,0,0,0,0,0,0,0,0,0,0,0,0,0,0,0,0,0,-4,-11,-4,-12,-3,-12,-2,-13,-2,-13,-1,-14,0,-14,0,-14,1,-14,1,-14,1,-14,1,-14,1,-14,1,-13,1,-13,0,-13,0,-13,-1,-14,-1,-14,-1,-14,-2,-14,-2,-15,-2,-15,-3,-15,-2,-15,-2,-15]"
2025-08-18 23:00:04.824030,CSI_DATA,776,1a:00:00:00:00:00,-38,11,0,0,0,0,0,0,0,0,0,-92,0,1,0,132186455,0,31,0,128,0,"[0,0,-6,14,-6,13,-6,13,-5,13,-5,13,-4,13,-4,13,-3,13,-3,12,-2,12,-2,12,-1,12,-1,12,-1,12,-1,12,-1,13,-1,13,-1,13,-1,13,-1,13,-2,13,-2,13,-3,12,-3,11,-4,11,-4,10,0,0,0,0,0,0,0,0,0,0,0,0,0,0,0,0,0,0,0,0,0,0,-3,10,-4,11,-5,11,-6,11,-6,11,-7,11,-8,11,-8,11,-8,11,-9,10,-9,10,-9,10,-9,10,-8,10,-8,10,-8,10,-7,11,-7,11,-7,11,-6,12,-6,12,-6,12,-6,13,-6,13,-6,13,-6,14]"
2025-08-18 23:00:05.025498,CSI_DATA,777,1a:00:00:00:00:00,-38,11,0,0,0,0,0,0,0,0,0,-92,0,1,0,132387659,0,31,0,128,0,"[0,0,6,-14,5,-14,5,-14,5,-14,4,-14,4,-14,3,-14,3,-13,2,-13,2,-13,2,-13,1,-13,1,-13,0,-13,0,-13,0,-14,0,-14,0,-14,1,-14,1,-14,1,-13,2,-13,2,-13,3,-12,3,-12,4,-11,0,0,0,0,0,0,0,0,0,0,0,0,0,0,0,0,0,0,0,0,0,0,2,-11,3,-12,4,-12,5,-12,5,-12,6,-12,7,-12,7,-12,7,-11,8,-11,8,-11,8,-10,8,-11,8,-11,7,-11,7,-11,7,-11,6,-12,6,-12,6,-13,5,-13,5,-14,5,-14,5,-14,5,-14,5,-15]"
2025-08-18 23:00:05.231927,CSI_DATA,778,1a:00:00:00:00:00,-38,11,0,0,0,0,0,0,0,0,0,-92,0,1,0,132588810,0,31,0,128,0,"[0,0,-5,-14,-5,-14,-5,-14,-5,-14,-5,-14,-5,-13,-6,-13,-6,-12,-6,-11,-7,-11,-7,-11,-7,-11,-8,-11,-8,-11,-8,-10,-8,-11,-9,-11,-8,-11,-8,-11,-8,-11,-7,-11,-7,-11,-6,-12,-5,-11,-5,-11,-4,-11,0,0,0,0,0,0,0,0,0,0,0,0,0,0,0,0,0,0,0,0,0,0,-6,-10,-5,-11,-4,-12,-4,-12,-3,-13,-3,-13,-2,-14,-2,-14,-1,-14,-1,-14,-1,-14,0,-13,-1,-13,-1,-13,-1,-13,-2,-13,-2,-13,-3,-13,-3,-13,-3,-13,-4,-14,-4,-14,-4,-14,-5,-14,-5,-14,-5,-15]"
2025-08-18 23:00:05.421985,CSI_DATA,779,1a:00:00:00:00:00,-38,11,0,0,0,0,0,0,0,0,0,-92,0,1,0,132789951,0,31,0,128,0,"[0,0,12,8,12,7,12,7,12,7,12,6,11,6,12,6,11,5,11,4,11,4,12,3,12,3,12,2,12,2,12,2,12,2,12,2,13,2,13,3,12,3,12,3,11,4,11,4,10,5,10,5,9,5,0,0,0,0,0,0,0,0,0,0,0,0,0,0,0,0,0,0,0,0,0,0,10,4,10,5,10,6,10,7,10,7,10,8,9,9,9,9,8,9,8,10,8,10,8,10,8,9,8,9,8,9,8,8,9,8,9,7,10,8,10,8,11,7,11,7,11,7,12,7,12,7,12,7]"
2025-08-18 23:00:05.642995,CSI_DATA,780,1a:00:00:00:00:00,-38,11,0,0,0,0,0,0,0,0,0,-92,0,1,0,132991312,0,31,0,128,0,"[0,0,8,-13,8,-13,8,-13,8,-12,7,-13,6,-12,6,-12,6,-12,5,-12,4,-12,4,-12,3,-12,3,-13,3,-13,3,-13,3,-13,3,-13,3,-14,4,-13,4,-13,5,-12,5,-12,5,-12,6,-11,6,-10,6,-10,0,0,0,0,0,0,0,0,0,0,0,0,0,0,0,0,0,0,0,0,0,0,4,-11,5,-11,6,-11,7,-11,7,-11,8,-11,9,-10,9,-10,9,-10,9,-9,10,-9,10,-9,9,-9,9,-9,9,-9,8,-9,9,-10,8,-10,8,-11,8,-11,8,-11,8,-12,8,-12,8,-13,8,-13,8,-13]"
2025-08-18 23:00:05.826437,CSI_DATA,781,1a:00:00:00:00:00,-38,11,0,0,0,0,0,0,0,0,0,-92,0,1,0,133192440,0,31,0,128,0,"[0,0,8,12,8,12,7,11,8,11,8,10,7,10,8,9,8,9,8,9,8,8,9,8,9,7,9,7,9,7,10,7,10,7,10,7,10,7,10,8,9,8,9,8,8,8,8,8,7,8,7,8,6,8,0,0,0,0,0,0,0,0,0,0,0,0,0,0,0,0,0,0,0,0,0,0,7,7,7,8,6,9,6,10,6,10,5,11,5,11,4,12,4,12,3,12,3,12,3,12,3,12,3,11,4,11,4,11,4,11,5,11,5,11,6,11,6,11,7,11,7,11,8,11,8,12,8,11]"
2025-08-18 23:00:06.036411,CSI_DATA,782,1a:00:00:00:00:00,-38,11,0,0,0,0,0,0,0,0,0,-92,0,1,0,133393641,0,31,0,128,0,"[0,0,-6,-15,-6,-15,-6,-14,-6,-14,-6,-14,-7,-13,-7,-13,-7,-12,-7,-12,-8,-11,-8,-11,-8,-11,-9,-10,-9,-10,-9,-10,-9,-10,-9,-11,-9,-11,-9,-11,-9,-11,-8,-11,-8,-12,-7,-12,-7,-11,-6,-11,-5,-11,0,0,0,0,0,0,0,0,0,0,0,0,0,0,0,0,0,0,0,0,0,0,-6,-11,-6,-11,-5,-12,-5,-12,-4,-13,-3,-14,-3,-14,-3,-14,-2,-14,-2,-14,-1,-14,-1,-14,-2,-14,-2,-14,-2,-13,-2,-13,-3,-13,-3,-13,-4,-14,-4,-14,-5,-14,-5,-14,-6,-14,-6,-15,-6,-15,-6,-15]"
2025-08-18 23:00:06.088722,CSI_DATA,783,1a:00:00:00:00:00,-38,11,0,0,0,0,0,0,0,0,0,-92,0,1,0,133454436,0,42,0,128,0,"[0,0,1,14,1,14,1,14,2,13,2,13,2,13,2,13,3,12,3,12,3,11,4,11,4,11,5,11,5,11,5,11,5,11,5,11,5,12,5,12,4,12,4,12,3,12,2,12,2,11,1,11,1,11,0,0,0,0,0,0,0,0,0,0,0,0,0,0,0,0,0,0,0,0,0,0,3,10,2,11,1,11,1,12,0,12,0,13,-1,13,-2,13,-2,13,-2,12,-3,12,-3,12,-3,12,-2,12,-2,12,-2,12,-1,12,-1,12,0,13,0,13,0,13,1,13,1,14,1,14,1,14,2,14]"
2025-08-18 23:00:06.158487,CSI_DATA,784,1a:00:00:00:00:00,-38,11,0,0,0,0,0,0,0,0,0,-92,0,1,0,133522262,0,31,0,128,0,"[0,0,-3,15,-3,14,-3,14,-2,14,-2,14,-2,13,-1,13,-1,13,0,12,0,12,1,12,1,12,1,12,2,12,2,12,2,13,2,13,2,13,1,13,1,13,0,13,0,13,-1,12,-1,12,-2,11,-3,11,0,0,0,0,0,0,0,0,0,0,0,0,0,0,0,0,0,0,0,0,0,0,0,11,-1,11,-2,12,-3,12,-3,12,-4,12,-5,13,-5,12,-5,12,-6,12,-6,12,-6,12,-6,11,-6,12,-5,11,-5,12,-5,12,-4,12,-4,13,-3,13,-3,13,-3,13,-3,14,-3,15,-3,15,-3,14]"
2025-08-18 23:00:06.362909,CSI_DATA,785,1a:00:00:00:00:00,-38,11,0,0,0,0,0,0,0,0,0,-92,0,1,0,133723589,0,31,0,128,0,"[0,0,2,-15,2,-15,2,-15,2,-14,1,-15,1,-14,1,-14,0,-14,0,-13,-1,-13,-2,-13,-2,-13,-3,-13,-3,-13,-3,-13,-3,-13,-3,-13,-3,-14,-2,-14,-2,-14,-1,-14,-1,-13,-1,-13,0,-13,0,-12,1,-12,0,0,0,0,0,0,0,0,0,0,0,0,0,0,0,0,0,0,0,0,0,0,0,-12,1,-12,2,-12,3,-13,3,-13,4,-13,5,-13,5,-13,6,-13,6,-12,6,-12,6,-12,5,-12,5,-12,5,-12,5,-12,4,-12,4,-13,3,-14,3,-14,3,-14,3,-14,2,-15,2,-15,2,-15,2,-15]"
2025-08-18 23:00:06.556396,CSI_DATA,786,1a:00:00:00:00:00,-38,11,0,0,0,0,0,0,0,0,0,-92,0,1,0,133925595,0,31,0,128,0,"[0,0,9,12,9,11,9,11,9,11,9,10,9,10,9,9,9,9,9,8,9,8,10,7,10,7,10,7,10,7,10,6,11,7,11,7,11,7,11,7,10,8,10,8,9,8,8,8,8,8,7,8,7,8,0,0,0,0,0,0,0,0,0,0,0,0,0,0,0,0,0,0,0,0,0,0,8,7,8,8,8,9,8,9,7,10,7,11,6,11,6,12,5,12,5,12,5,12,4,12,5,12,5,11,5,11,5,11,6,11,6,11,7,11,7,11,7,11,8,11,8,11,9,11,9,11,9,11]"
2025-08-18 23:00:06.763854,CSI_DATA,787,1a:00:00:00:00:00,-38,11,0,0,0,0,0,0,0,0,0,-92,0,1,0,134031812,0,28,0,128,0,"[0,0,-11,-11,-10,-11,-10,-11,-10,-11,-10,-10,-10,-10,-10,-9,-10,-9,-11,-8,-11,-8,-11,-7,-11,-7,-11,-7,-12,-6,-12,-6,-12,-6,-12,-6,-12,-7,-12,-7,-12,-7,-11,-7,-11,-7,-10,-8,-10,-8,-9,-8,-8,-8,0,0,0,0,0,0,0,0,0,0,0,0,0,0,0,0,0,0,0,0,0,0,-9,-8,-9,-8,-9,-9,-8,-10,-8,-10,-8,-11,-8,-12,-7,-12,-7,-12,-6,-12,-6,-13,-6,-12,-6,-12,-6,-12,-7,-12,-7,-11,-7,-11,-8,-11,-8,-11,-9,-11,-9,-11,-10,-11,-10,-11,-10,-11,-10,-11,-10,-11]"
2025-08-18 23:00:06.770042,CSI_DATA,788,1a:00:00:00:00:00,-38,11,0,0,0,0,0,0,0,0,0,-92,0,1,0,134125740,0,31,0,128,0,"[0,0,-15,6,-14,5,-14,6,-13,6,-13,6,-12,6,-12,6,-11,7,-11,7,-10,7,-10,7,-10,8,-10,8,-10,9,-9,8,-10,9,-9,9,-10,9,-10,9,-11,8,-11,8,-11,7,-10,6,-11,6,-11,5,-11,5,0,0,0,0,0,0,0,0,0,0,0,0,0,0,0,0,0,0,0,0,0,0,-10,5,-11,5,-11,4,-12,4,-12,4,-14,3,-14,2,-14,2,-14,2,-13,1,-14,1,-13,1,-14,1,-13,1,-13,2,-13,2,-13,3,-13,3,-13,4,-13,4,-13,4,-13,5,-13,5,-14,6,-14,6,-14,6]"
2025-08-18 23:00:06.966447,CSI_DATA,789,1a:00:00:00:00:00,-38,11,0,0,0,0,0,0,0,0,0,-92,0,1,0,134326965,0,31,0,128,0,"[0,0,1,-15,1,-15,1,-15,1,-14,0,-14,0,-14,0,-14,-1,-13,-1,-13,-2,-13,-2,-13,-3,-13,-3,-13,-3,-13,-3,-13,-3,-13,-3,-13,-3,-13,-3,-13,-2,-13,-2,-13,-1,-13,-1,-13,0,-12,0,-12,1,-12,0,0,0,0,0,0,0,0,0,0,0,0,0,0,0,0,0,0,0,0,0,0,-1,-12,0,-12,1,-12,2,-12,2,-13,3,-13,3,-13,4,-13,4,-13,5,-13,5,-12,5,-12,4,-12,4,-12,4,-12,4,-12,3,-12,3,-13,2,-13,2,-14,2,-14,2,-14,1,-14,1,-15,1,-15,1,-15]"
2025-08-18 23:00:07.176747,CSI_DATA,790,1a:00:00:00:00:00,-38,11,0,0,0,0,0,0,0,0,0,-92,0,1,0,134528072,0,31,0,128,0,"[0,0,14,1,14,1,14,1,14,1,14,1,13,0,13,0,13,0,12,-1,13,-2,12,-2,12,-3,12,-3,12,-3,12,-3,12,-3,13,-3,13,-3,13,-3,13,-3,13,-2,12,-1,12,-1,12,0,11,0,11,1,0,0,0,0,0,0,0,0,0,0,0,0,0,0,0,0,0,0,0,0,0,0,11,-1,11,0,12,1,12,1,12,2,12,3,12,4,12,4,12,4,12,5,12,5,12,5,11,5,12,5,11,4,12,4,12,3,12,3,12,3,13,2,13,2,13,2,14,2,14,2,14,1,15,1]"
2025-08-18 23:00:07.386072,CSI_DATA,791,1a:00:00:00:00:00,-38,11,0,0,0,0,0,0,0,0,0,-92,0,1,0,134729234,0,31,0,128,0,"[0,0,-16,-2,-16,-2,-16,-2,-15,-1,-15,-1,-14,-1,-14,-1,-14,0,-14,0,-14,1,-13,2,-13,2,-13,2,-13,3,-14,3,-14,3,-14,3,-14,3,-14,2,-14,2,-14,1,-14,1,-13,0,-13,0,-13,-1,-12,-1,0,0,0,0,0,0,0,0,0,0,0,0,0,0,0,0,0,0,0,0,0,0,-12,1,-12,0,-13,-1,-13,-2,-14,-2,-14,-3,-14,-4,-14,-4,-13,-5,-14,-5,-13,-5,-13,-5,-13,-5,-13,-5,-13,-4,-13,-4,-13,-4,-13,-3,-14,-3,-14,-3,-15,-2,-15,-2,-15,-2,-15,-2,-16,-2,-16,-1]"
2025-08-18 23:00:07.565882,CSI_DATA,792,1a:00:00:00:00:00,-38,11,0,0,0,0,0,0,0,0,0,-92,0,1,0,134930367,0,31,0,128,0,"[0,0,15,-1,15,-2,14,-2,14,-2,14,-2,13,-2,13,-3,13,-3,12,-4,12,-4,12,-5,11,-5,11,-6,11,-6,12,-6,12,-6,12,-6,12,-6,12,-6,13,-5,12,-5,12,-4,12,-4,12,-3,11,-2,11,-2,0,0,0,0,0,0,0,0,0,0,0,0,0,0,0,0,0,0,0,0,0,0,11,-3,11,-2,12,-1,12,-1,13,0,13,1,13,2,13,2,13,3,13,3,13,3,12,3,13,2,12,2,12,2,12,2,12,1,13,1,13,0,13,0,13,0,14,-1,14,-1,14,-1,15,-1,15,-1]"
2025-08-18 23:00:07.628913,CSI_DATA,793,1a:00:00:00:00:00,-38,11,0,0,0,0,0,0,0,0,0,-92,0,1,0,134991160,0,42,0,128,0,"[0,0,-15,6,-14,5,-14,5,-14,5,-13,6,-13,6,-12,6,-12,7,-11,7,-11,7,-10,7,-10,8,-10,8,-10,9,-10,9,-10,9,-10,9,-10,9,-11,9,-11,8,-11,8,-11,7,-11,7,-11,6,-11,5,-11,5,0,0,0,0,0,0,0,0,0,0,0,0,0,0,0,0,0,0,0,0,0,0,-10,5,-11,5,-12,4,-13,4,-13,3,-14,3,-14,2,-14,2,-14,1,-14,1,-14,1,-14,0,-14,1,-13,1,-13,1,-13,2,-13,2,-13,2,-14,3,-14,3,-14,4,-14,4,-14,5,-14,5,-14,5,-14,6]"
2025-08-18 23:00:07.694161,CSI_DATA,794,1a:00:00:00:00:00,-38,11,0,0,0,0,0,0,0,0,0,-92,0,1,0,135057845,0,31,0,128,0,"[0,0,-4,14,-4,14,-3,14,-3,14,-3,14,-3,13,-2,13,-2,13,-1,12,0,12,0,12,1,12,1,12,1,12,1,12,2,13,1,13,1,13,1,13,1,13,0,13,0,13,-1,12,-2,12,-2,11,-2,11,0,0,0,0,0,0,0,0,0,0,0,0,0,0,0,0,0,0,0,0,0,0,-2,11,-2,11,-3,11,-4,11,-5,12,-5,12,-6,12,-6,12,-7,11,-7,11,-7,11,-7,11,-7,11,-7,11,-6,11,-6,11,-6,11,-5,11,-5,12,-5,12,-4,13,-4,13,-4,14,-4,14,-4,14,-4,14]"
2025-08-18 23:00:07.890091,CSI_DATA,795,1a:00:00:00:00:00,-38,11,0,0,0,0,0,0,0,0,0,-92,0,1,0,135258736,0,31,0,128,0,"[0,0,6,14,6,13,6,13,6,12,6,12,6,11,6,11,7,11,7,10,7,9,8,9,8,9,8,9,9,9,9,8,9,9,9,9,9,9,9,9,8,10,8,10,7,10,7,10,6,10,6,10,5,10,0,0,0,0,0,0,0,0,0,0,0,0,0,0,0,0,0,0,0,0,0,0,6,9,6,10,5,10,5,11,4,11,4,12,3,12,3,13,2,13,2,13,2,13,2,13,2,12,2,12,2,12,2,12,3,12,4,12,4,12,4,12,5,12,5,13,6,12,6,13,6,13,7,13]"
2025-08-18 23:00:08.093446,CSI_DATA,796,1a:00:00:00:00:00,-38,11,0,0,0,0,0,0,0,0,0,-92,0,1,0,135459854,0,31,0,128,0,"[0,0,14,4,14,4,14,4,13,3,14,3,13,3,13,2,13,1,12,1,12,0,12,0,12,-1,12,-1,12,-1,12,-2,13,-2,12,-1,13,-1,13,-1,13,-1,13,0,12,0,12,1,12,1,11,2,11,2,0,0,0,0,0,0,0,0,0,0,0,0,0,0,0,0,0,0,0,0,0,0,11,1,11,2,11,3,11,4,11,4,12,5,11,6,11,6,11,7,10,7,10,7,10,7,11,7,10,7,11,6,10,6,11,6,11,5,12,5,12,4,12,4,13,4,13,4,14,4,14,4,14,4]"
2025-08-18 23:00:08.302636,CSI_DATA,797,1a:00:00:00:00:00,-38,11,0,0,0,0,0,0,0,0,0,-92,0,1,0,135661253,0,31,0,128,0,"[0,0,-3,-15,-3,-15,-3,-15,-3,-14,-4,-15,-4,-14,-4,-13,-5,-13,-5,-13,-6,-12,-6,-12,-6,-12,-7,-12,-7,-12,-7,-11,-8,-12,-7,-12,-8,-12,-7,-12,-7,-12,-6,-12,-6,-12,-5,-12,-4,-13,-4,-12,-3,-12,0,0,0,0,0,0,0,0,0,0,0,0,0,0,0,0,0,0,0,0,0,0,-4,-11,-3,-12,-2,-12,-2,-13,-1,-13,0,-14,0,-14,0,-14,1,-14,2,-14,2,-14,2,-13,2,-14,1,-14,1,-13,1,-13,0,-14,-1,-13,-1,-14,-2,-14,-2,-14,-2,-15,-3,-15,-3,-15,-3,-15,-3,-15]"
2025-08-18 23:00:08.504367,CSI_DATA,798,1a:00:00:00:00:00,-38,11,0,0,0,0,0,0,0,0,0,-92,0,1,0,135862202,0,31,0,128,0,"[0,0,-15,-6,-14,-6,-14,-5,-14,-5,-14,-5,-13,-4,-13,-4,-13,-3,-13,-3,-13,-2,-13,-2,-13,-2,-13,-1,-13,-1,-13,0,-13,0,-14,-1,-14,-1,-14,-1,-14,-1,-14,-2,-13,-2,-13,-3,-12,-4,-12,-4,-11,-5,0,0,0,0,0,0,0,0,0,0,0,0,0,0,0,0,0,0,0,0,0,0,-11,-3,-12,-3,-12,-4,-12,-5,-12,-6,-12,-7,-12,-7,-12,-7,-12,-8,-11,-8,-11,-8,-11,-9,-11,-8,-11,-8,-11,-8,-11,-7,-11,-7,-12,-7,-12,-7,-13,-6,-13,-6,-13,-6,-14,-6,-14,-6,-14,-6,-14,-6]"
2025-08-18 23:00:08.706377,CSI_DATA,799,1a:00:00:00:00:00,-38,11,0,0,0,0,0,0,0,0,0,-92,0,1,0,136063338,0,31,0,128,0,"[0,0,-13,-9,-13,-9,-12,-9,-12,-8,-12,-8,-12,-8,-12,-7,-12,-7,-12,-6,-12,-5,-12,-5,-12,-5,-12,-4,-13,-4,-13,-4,-13,-4,-13,-4,-13,-4,-13,-5,-13,-5,-12,-6,-12,-6,-11,-6,-11,-6,-10,-7,-10,-7,0,0,0,0,0,0,0,0,0,0,0,0,0,0,0,0,0,0,0,0,0,0,-11,-5,-11,-6,-11,-7,-11,-7,-11,-8,-11,-9,-10,-10,-10,-10,-9,-10,-9,-10,-9,-11,-9,-10,-9,-10,-9,-10,-9,-10,-9,-10,-10,-9,-10,-9,-10,-9,-11,-9,-11,-9,-12,-9,-12,-8,-13,-9,-13,-9,-13,-9]"
2025-08-18 23:00:08.899963,CSI_DATA,800,1a:00:00:00:00:00,-38,11,0,0,0,0,0,0,0,0,0,-92,0,1,0,136264732,0,31,0,128,0,"[0,0,14,0,14,-1,14,-1,14,-1,14,-1,13,-1,13,-2,13,-2,12,-2,12,-3,12,-4,11,-4,11,-4,11,-5,11,-5,12,-5,12,-5,12,-5,12,-4,12,-4,12,-3,12,-3,12,-2,11,-2,11,-1,11,0,0,0,0,0,0,0,0,0,0,0,0,0,0,0,0,0,0,0,0,0,0,0,10,-2,11,-2,11,-1,12,0,12,0,13,1,13,2,12,2,13,2,12,3,12,3,12,3,12,3,12,3,12,3,12,2,12,2,12,1,13,1,13,1,13,0,14,0,14,0,14,-1,14,0,15,-1]"
2025-08-18 23:00:09.100529,CSI_DATA,801,1a:00:00:00:00:00,-38,11,0,0,0,0,0,0,0,0,0,-92,0,1,0,136465774,0,31,0,128,0,"[0,0,2,15,2,14,2,14,2,13,3,13,3,13,3,13,4,12,4,12,4,11,4,11,5,11,5,11,6,11,6,11,6,11,6,11,6,11,6,11,5,11,5,11,4,11,3,11,3,11,2,11,1,11,0,0,0,0,0,0,0,0,0,0,0,0,0,0,0,0,0,0,0,0,0,0,3,10,3,11,2,11,2,12,1,12,0,13,0,13,-1,13,-1,13,-2,13,-2,13,-2,12,-2,13,-1,12,-1,12,-1,12,-1,13,0,12,1,13,1,13,1,13,2,14,2,14,2,14,2,14,3,14]"
2025-08-18 23:00:09.163565,CSI_DATA,802,1a:00:00:00:00:00,-38,11,0,0,0,0,0,0,0,0,0,-92,0,1,0,136526558,0,42,0,128,0,"[0,0,-13,9,-12,9,-12,9,-11,9,-11,9,-11,9,-10,9,-10,9,-9,9,-8,9,-8,10,-7,10,-8,10,-7,10,-7,10,-7,11,-7,11,-8,11,-8,11,-9,10,-9,10,-9,9,-9,8,-9,8,-9,7,-9,7,0,0,0,0,0,0,0,0,0,0,0,0,0,0,0,0,0,0,0,0,0,0,-8,8,-9,8,-10,7,-10,7,-11,7,-12,6,-12,6,-12,5,-13,5,-13,5,-13,4,-13,4,-13,5,-12,5,-12,5,-12,5,-12,5,-11,6,-12,6,-12,7,-12,7,-12,8,-11,8,-12,9,-12,9,-12,9]"
2025-08-18 23:00:09.232827,CSI_DATA,803,1a:00:00:00:00:00,-38,11,0,0,0,0,0,0,0,0,0,-92,0,1,0,136593551,0,31,0,128,0,"[0,0,-15,0,-14,0,-15,0,-14,0,-14,1,-14,1,-13,1,-13,2,-13,2,-12,3,-12,3,-12,3,-12,4,-12,4,-12,4,-12,5,-12,4,-13,4,-13,4,-13,4,-13,3,-12,3,-12,2,-12,1,-12,1,-12,0,0,0,0,0,0,0,0,0,0,0,0,0,0,0,0,0,0,0,0,0,0,0,-11,1,-12,1,-12,0,-12,-1,-13,-1,-13,-2,-13,-3,-13,-3,-13,-3,-13,-4,-13,-4,-12,-4,-12,-4,-12,-4,-13,-3,-12,-3,-13,-3,-13,-2,-13,-2,-13,-1,-14,-1,-14,0,-14,0,-14,0,-15,0,-15,0]"
2025-08-18 23:00:09.428882,CSI_DATA,804,1a:00:00:00:00:00,-38,11,0,0,0,0,0,0,0,0,0,-92,0,1,0,136794334,0,31,0,128,0,"[0,0,1,15,1,14,1,14,2,14,2,13,2,13,2,13,3,12,3,12,3,11,4,11,4,11,5,11,5,11,5,11,5,11,5,12,5,11,5,12,4,12,4,12,3,12,2,12,2,11,1,11,1,11,0,0,0,0,0,0,0,0,0,0,0,0,0,0,0,0,0,0,0,0,0,0,3,10,2,10,2,11,1,12,1,12,0,12,-1,13,-1,13,-2,13,-2,13,-3,13,-3,12,-3,12,-2,12,-2,12,-2,12,-1,12,-1,12,0,12,0,13,0,13,1,14,1,14,1,14,1,14,2,14]"
2025-08-18 23:00:09.628934,CSI_DATA,805,1a:00:00:00:00:00,-38,11,0,0,0,0,0,0,0,0,0,-92,0,1,0,136995495,0,31,0,128,0,"[0,0,14,4,13,4,13,4,13,3,14,3,13,3,13,2,12,2,12,1,12,0,12,0,12,0,12,-1,12,-1,12,-1,13,-1,12,-1,13,-1,13,-1,13,0,13,0,12,1,12,1,11,2,11,2,11,3,0,0,0,0,0,0,0,0,0,0,0,0,0,0,0,0,0,0,0,0,0,0,11,1,11,2,11,3,11,4,11,4,12,5,11,6,11,6,11,7,10,7,10,7,10,7,10,7,10,6,11,6,10,6,11,6,11,5,12,5,12,4,12,4,13,4,13,4,14,4,14,4,14,4]"
2025-08-18 23:00:09.827518,CSI_DATA,806,1a:00:00:00:00:00,-38,11,0,0,0,0,0,0,0,0,0,-92,0,1,0,137196699,0,31,0,128,0,"[0,0,6,12,6,13,6,12,6,12,6,11,6,11,6,11,7,10,7,10,7,9,7,9,8,9,8,8,8,8,9,8,8,8,9,9,8,9,8,9,8,9,8,9,7,10,6,10,5,10,5,9,4,9,0,0,0,0,0,0,0,0,0,0,0,0,0,0,0,0,0,0,0,0,0,0,6,8,6,9,6,10,4,10,4,11,4,11,4,12,3,12,3,12,2,13,2,12,2,12,2,12,2,12,3,11,3,12,3,11,4,11,4,11,5,12,5,12,5,12,6,12,6,12,6,12,6,12]"
2025-08-18 23:00:10.036188,CSI_DATA,807,1a:00:00:00:00:00,-38,11,0,0,0,0,0,0,0,0,0,-92,0,1,0,137398064,0,31,0,128,0,"[0,0,5,-15,4,-14,5,-15,4,-14,4,-14,3,-14,3,-14,2,-13,2,-13,2,-13,1,-13,0,-13,0,-13,0,-14,0,-13,-1,-14,0,-14,0,-14,0,-14,1,-14,1,-14,1,-13,2,-13,2,-12,3,-12,3,-11,0,0,0,0,0,0,0,0,0,0,0,0,0,0,0,0,0,0,0,0,0,0,2,-11,3,-12,4,-12,5,-12,5,-12,6,-12,7,-12,7,-12,7,-11,8,-11,8,-11,8,-10,8,-11,7,-11,7,-11,7,-11,6,-11,6,-12,6,-13,5,-13,5,-13,5,-13,5,-13,5,-14,5,-14,5,-15]"
2025-08-18 23:00:10.231584,CSI_DATA,808,1a:00:00:00:00:00,-38,11,0,0,0,0,0,0,0,0,0,-92,0,1,0,137599132,0,31,0,128,0,"[0,0,10,10,10,10,10,9,10,9,10,9,10,8,10,8,10,7,10,7,10,6,10,6,11,5,11,5,11,5,12,4,11,4,12,5,11,5,12,5,11,6,11,6,11,6,10,7,9,7,8,7,8,7,0,0,0,0,0,0,0,0,0,0,0,0,0,0,0,0,0,0,0,0,0,0,8,6,8,7,8,8,7,8,8,9,7,10,7,11,6,11,6,11,5,11,5,12,5,11,5,11,6,11,6,10,6,10,6,10,7,10,7,10,8,10,8,10,9,10,9,10,10,10,10,10,10,10]"
2025-08-18 23:00:10.450867,CSI_DATA,809,1a:00:00:00:00:00,-38,11,0,0,0,0,0,0,0,0,0,-92,0,1,0,137800273,0,31,0,128,0,"[0,0,-6,14,-5,13,-6,13,-5,13,-4,13,-4,13,-4,12,-3,12,-3,12,-2,12,-2,12,-2,12,-1,12,-1,12,-1,12,0,12,-1,13,-1,13,-1,13,-2,13,-2,12,-3,12,-3,12,-4,11,-4,10,-5,10,0,0,0,0,0,0,0,0,0,0,0,0,0,0,0,0,0,0,0,0,0,0,-2,10,-3,11,-4,11,-5,11,-5,11,-6,11,-7,11,-7,11,-7,11,-8,10,-9,10,-9,10,-8,10,-8,10,-8,10,-7,10,-7,11,-6,11,-6,11,-6,12,-6,12,-5,13,-6,13,-6,13,-6,13,-5,13]"
2025-08-18 23:00:10.644795,CSI_DATA,810,1a:00:00:00:00:00,-38,11,0,0,0,0,0,0,0,0,0,-92,0,1,0,138001428,0,31,0,128,0,"[0,0,-12,-10,-12,-10,-12,-10,-12,-10,-12,-9,-12,-9,-12,-9,-12,-8,-12,-7,-12,-7,-12,-6,-12,-6,-13,-5,-13,-5,-13,-5,-13,-5,-13,-5,-13,-5,-14,-6,-13,-6,-13,-6,-12,-7,-12,-7,-11,-7,-10,-7,-10,-8,0,0,0,0,0,0,0,0,0,0,0,0,0,0,0,0,0,0,0,0,0,0,-10,-7,-10,-8,-10,-9,-9,-9,-9,-10,-9,-11,-8,-12,-8,-12,-8,-12,-8,-12,-7,-12,-7,-12,-8,-12,-8,-11,-8,-11,-8,-11,-8,-11,-9,-11,-10,-11,-10,-11,-11,-10,-11,-11,-11,-10,-12,-10,-12,-10,-12,-11]"
2025-08-18 23:00:10.778711,CSI_DATA,811,1a:00:00:00:00:00,-38,11,0,0,0,0,0,0,0,0,0,-92,0,1,0,138062213,0,42,0,128,0,"[0,0,-13,7,-13,7,-13,7,-12,7,-12,7,-12,7,-11,7,-11,8,-10,8,-10,8,-9,8,-9,9,-9,9,-9,9,-9,9,-9,10,-9,9,-10,10,-10,9,-10,9,-10,8,-10,8,-10,7,-10,7,-10,6,-10,5,0,0,0,0,0,0,0,0,0,0,0,0,0,0,0,0,0,0,0,0,0,0,-9,7,-10,6,-10,6,-11,6,-11,5,-13,5,-13,4,-13,4,-13,3,-13,3,-13,3,-13,3,-13,3,-12,3,-13,3,-13,3,-13,4,-12,4,-13,5,-13,5,-12,6,-13,6,-13,6,-13,7,-13,7,-13,7]"
2025-08-18 23:00:10.784099,CSI_DATA,812,1a:00:00:00:00:00,-38,11,0,0,0,0,0,0,0,0,0,-92,0,1,0,138129042,0,31,0,128,0,"[0,0,1,15,1,15,1,14,1,14,2,14,2,13,2,13,3,13,3,12,4,12,4,12,4,11,5,11,5,11,5,12,5,11,5,12,5,12,5,12,5,12,4,12,4,12,3,12,2,12,2,11,1,11,0,0,0,0,0,0,0,0,0,0,0,0,0,0,0,0,0,0,0,0,0,0,2,11,2,11,1,12,0,12,0,13,-1,13,-2,13,-2,13,-3,13,-3,13,-3,13,-3,13,-3,13,-2,12,-2,12,-2,12,-2,12,-1,13,-1,13,0,13,0,14,0,14,1,14,1,15,1,15,1,15]"
2025-08-18 23:00:10.973164,CSI_DATA,813,1a:00:00:00:00:00,-38,11,0,0,0,0,0,0,0,0,0,-92,0,1,0,138330170,0,31,0,128,0,"[0,0,-8,-13,-8,-13,-8,-13,-8,-12,-8,-12,-8,-12,-8,-12,-8,-11,-8,-10,-9,-10,-9,-9,-9,-9,-10,-9,-10,-9,-10,-9,-11,-9,-10,-9,-11,-9,-11,-10,-10,-10,-10,-10,-9,-10,-8,-10,-8,-10,-7,-10,-6,-10,0,0,0,0,0,0,0,0,0,0,0,0,0,0,0,0,0,0,0,0,0,0,-7,-9,-7,-10,-6,-11,-6,-11,-6,-12,-5,-13,-5,-13,-4,-13,-4,-13,-3,-13,-3,-13,-3,-13,-3,-13,-3,-13,-4,-13,-4,-12,-4,-13,-5,-12,-6,-13,-6,-13,-6,-13,-7,-13,-7,-13,-8,-13,-8,-13,-8,-13]"
2025-08-18 23:00:11.173239,CSI_DATA,814,1a:00:00:00:00:00,-38,11,0,0,0,0,0,0,0,0,0,-92,0,1,0,138531505,0,31,0,128,0,"[0,0,-15,-2,-15,-2,-15,-2,-15,-1,-15,-1,-14,-1,-14,-1,-13,0,-13,1,-13,1,-13,1,-13,2,-13,2,-13,2,-13,3,-13,3,-13,3,-14,3,-14,2,-14,2,-13,1,-13,1,-13,0,-13,-1,-12,-1,-12,-2,0,0,0,0,0,0,0,0,0,0,0,0,0,0,0,0,0,0,0,0,0,0,-12,1,-12,0,-12,-1,-13,-2,-13,-2,-14,-3,-13,-4,-13,-4,-13,-5,-13,-5,-13,-5,-13,-5,-13,-5,-13,-5,-13,-5,-12,-4,-13,-4,-13,-3,-13,-3,-14,-2,-14,-2,-14,-2,-15,-2,-15,-2,-15,-2,-15,-1]"
2025-08-18 23:00:11.363024,CSI_DATA,815,1a:00:00:00:00:00,-38,11,0,0,0,0,0,0,0,0,0,-92,0,1,0,138732590,0,31,0,128,0,"[0,0,8,12,8,11,8,11,8,11,8,10,8,10,8,9,8,9,8,8,9,8,9,8,9,7,9,7,10,7,10,6,10,6,10,7,10,7,10,7,10,7,9,8,9,8,8,8,7,8,7,8,6,8,0,0,0,0,0,0,0,0,0,0,0,0,0,0,0,0,0,0,0,0,0,0,7,8,7,8,7,9,6,9,6,10,5,11,5,11,5,12,4,12,4,12,3,12,3,12,3,12,4,11,4,11,4,11,5,11,5,11,6,11,6,11,6,11,7,11,8,11,8,11,8,12,8,11]"
2025-08-18 23:00:11.578381,CSI_DATA,816,1a:00:00:00:00:00,-38,11,0,0,0,0,0,0,0,0,0,-92,0,1,0,138933738,0,31,0,128,0,"[0,0,-11,-12,-11,-12,-11,-12,-10,-11,-11,-11,-11,-10,-11,-10,-11,-9,-11,-8,-11,-8,-11,-8,-12,-7,-12,-7,-12,-7,-12,-7,-13,-7,-12,-7,-13,-7,-13,-7,-12,-7,-12,-8,-11,-8,-11,-8,-10,-9,-10,-9,-9,-9,0,0,0,0,0,0,0,0,0,0,0,0,0,0,0,0,0,0,0,0,0,0,-9,-8,-9,-9,-9,-10,-8,-10,-8,-11,-8,-12,-7,-12,-7,-13,-7,-13,-6,-13,-6,-13,-6,-13,-6,-13,-6,-12,-7,-12,-6,-12,-7,-12,-8,-11,-8,-12,-9,-11,-9,-12,-10,-12,-10,-11,-10,-12,-10,-12,-11,-12]"
2025-08-18 23:00:11.769798,CSI_DATA,817,1a:00:00:00:00:00,-39,11,0,0,0,0,0,0,0,0,0,-92,0,1,0,139134904,0,31,0,128,0,"[0,0,15,1,14,0,14,0,14,0,13,0,13,0,13,-1,13,-1,12,-1,12,-2,12,-3,12,-3,12,-3,12,-4,12,-4,12,-4,12,-4,13,-4,13,-3,13,-3,13,-2,13,-2,12,-1,12,-1,11,0,11,0,0,0,0,0,0,0,0,0,0,0,0,0,0,0,0,0,0,0,0,0,0,0,11,-2,11,-1,12,0,12,0,12,1,12,2,13,3,13,3,12,4,12,4,12,4,12,4,12,4,12,4,12,3,12,3,12,3,12,2,12,2,13,2,13,1,14,1,14,1,14,0,14,0,15,0]"
2025-08-18 23:00:11.989089,CSI_DATA,818,1a:00:00:00:00:00,-38,11,0,0,0,0,0,0,0,0,0,-92,0,1,0,139336154,0,31,0,128,0,"[0,0,7,-13,6,-13,6,-13,6,-13,5,-13,5,-13,5,-13,4,-13,3,-12,3,-12,2,-13,1,-13,1,-13,1,-13,1,-13,1,-13,0,-14,1,-14,1,-14,2,-13,2,-13,2,-13,3,-13,3,-12,3,-12,4,-11,0,0,0,0,0,0,0,0,0,0,0,0,0,0,0,0,0,0,0,0,0,0,4,-11,5,-12,6,-11,6,-12,7,-11,8,-11,9,-11,9,-11,10,-10,9,-10,9,-10,10,-9,9,-10,9,-10,9,-10,8,-10,8,-10,7,-11,7,-11,7,-11,7,-12,7,-12,7,-13,6,-13,7,-14,7,-14]"
2025-08-18 23:00:12.177731,CSI_DATA,819,1a:00:00:00:00:00,-38,11,0,0,0,0,0,0,0,0,0,-92,0,1,0,139537527,0,31,0,128,0,"[0,0,-15,0,-15,0,-14,0,-14,1,-14,1,-13,1,-13,2,-13,2,-12,3,-12,3,-12,3,-12,4,-11,4,-11,4,-12,5,-12,5,-12,5,-12,5,-12,5,-12,5,-12,4,-12,4,-12,3,-12,2,-12,1,-12,1,0,0,0,0,0,0,0,0,0,0,0,0,0,0,0,0,0,0,0,0,0,0,-12,1,-12,0,-13,0,-13,-1,-13,-2,-13,-2,-14,-3,-14,-3,-14,-4,-13,-5,-13,-5,-13,-5,-13,-4,-12,-4,-12,-3,-13,-3,-13,-3,-13,-2,-13,-2,-13,-1,-14,-1,-14,-1,-14,0,-15,0,-15,0,-15,0]"
2025-08-18 23:00:12.236708,CSI_DATA,820,1a:00:00:00:00:00,-38,11,0,0,0,0,0,0,0,0,0,-92,0,1,0,139598367,0,42,0,128,0,"[0,0,6,-13,5,-14,5,-14,5,-14,4,-13,4,-13,3,-13,3,-13,2,-13,2,-13,1,-13,1,-13,0,-13,0,-13,0,-13,-1,-13,0,-14,0,-14,0,-14,0,-14,1,-14,1,-13,2,-13,2,-12,3,-12,3,-11,0,0,0,0,0,0,0,0,0,0,0,0,0,0,0,0,0,0,0,0,0,0,4,-12,4,-11,5,-11,6,-11,7,-11,7,-11,8,-11,8,-11,9,-11,9,-10,9,-10,9,-10,9,-10,8,-10,8,-10,8,-10,7,-10,7,-11,7,-11,6,-12,6,-12,6,-13,6,-13,6,-14,6,-14,6,-14]"
2025-08-18 23:00:12.317164,CSI_DATA,821,1a:00:00:00:00:00,-38,11,0,0,0,0,0,0,0,0,0,-92,0,1,0,139664946,0,31,0,128,0,"[0,0,8,-13,8,-13,8,-13,8,-13,7,-13,6,-12,6,-12,5,-12,5,-12,4,-12,4,-13,3,-13,3,-13,2,-13,3,-13,3,-14,3,-14,3,-14,3,-14,4,-14,4,-13,5,-13,4,-12,5,-12,5,-11,6,-11,0,0,0,0,0,0,0,0,0,0,0,0,0,0,0,0,0,0,0,0,0,0,5,-11,6,-11,7,-11,8,-11,8,-11,9,-10,10,-10,10,-10,11,-9,11,-9,11,-9,11,-8,10,-9,10,-9,10,-9,10,-9,9,-9,9,-10,9,-11,9,-11,8,-11,8,-12,8,-12,8,-12,8,-13,9,-13]"
2025-08-18 23:00:12.502991,CSI_DATA,822,1a:00:00:00:00:00,-39,11,0,0,0,0,0,0,0,0,0,-92,0,1,0,139866504,0,31,0,128,0,"[0,0,-3,14,-3,14,-3,13,-3,13,-2,13,-2,13,-2,13,-1,12,-1,12,0,12,0,12,1,12,1,12,1,12,2,12,2,12,2,12,1,12,1,13,1,12,0,12,0,12,-1,12,-1,12,-2,11,-2,11,0,0,0,0,0,0,0,0,0,0,0,0,0,0,0,0,0,0,0,0,0,0,-1,11,-2,11,-3,12,-3,12,-4,12,-5,12,-5,12,-6,12,-7,12,-7,12,-7,11,-7,11,-7,11,-6,11,-6,11,-6,11,-5,11,-5,12,-4,12,-4,13,-4,13,-4,13,-4,14,-3,14,-3,14,-3,14]"
2025-08-18 23:00:12.698635,CSI_DATA,823,1a:00:00:00:00:00,-39,11,0,0,0,0,0,0,0,0,0,-92,0,1,0,140067158,0,31,0,128,0,"[0,0,12,8,12,8,12,7,12,7,12,7,11,6,11,6,11,5,11,5,12,4,12,4,12,3,12,3,12,2,12,2,12,2,12,2,12,3,13,3,12,3,12,4,11,4,11,5,11,5,10,5,9,5,0,0,0,0,0,0,0,0,0,0,0,0,0,0,0,0,0,0,0,0,0,0,11,4,10,5,10,6,10,7,10,7,10,8,10,9,9,9,9,10,9,10,8,10,8,10,8,9,8,9,8,9,9,9,9,8,10,8,10,8,10,8,11,8,11,8,12,8,12,8,12,8,12,7]"
2025-08-18 23:00:12.909483,CSI_DATA,824,1a:00:00:00:00:00,-39,11,0,0,0,0,0,0,0,0,0,-92,0,1,0,140268374,0,31,0,128,0,"[0,0,-15,-3,-15,-3,-15,-3,-14,-2,-14,-2,-14,-2,-14,-1,-13,-1,-13,0,-13,0,-13,0,-13,1,-13,1,-13,2,-13,2,-13,2,-14,2,-13,2,-14,2,-13,2,-13,1,-13,1,-13,0,-13,-1,-12,-1,-12,-2,0,0,0,0,0,0,0,0,0,0,0,0,0,0,0,0,0,0,0,0,0,0,-12,-2,-12,-2,-12,-3,-12,-4,-13,-4,-13,-5,-13,-6,-13,-6,-12,-6,-12,-7,-12,-7,-11,-7,-12,-7,-12,-7,-12,-6,-12,-6,-12,-5,-12,-5,-13,-5,-13,-4,-14,-4,-14,-4,-14,-3,-15,-3,-15,-4,-15,-3]"
2025-08-18 23:00:13.111614,CSI_DATA,825,1a:00:00:00:00:00,-39,11,0,0,0,0,0,0,0,0,0,-92,0,1,0,140469550,0,31,0,128,0,"[0,0,-5,-15,-5,-15,-5,-14,-5,-14,-6,-13,-6,-13,-6,-13,-7,-12,-7,-12,-7,-12,-7,-11,-8,-11,-8,-11,-8,-11,-9,-11,-9,-11,-9,-11,-9,-11,-9,-11,-8,-12,-8,-11,-7,-12,-7,-12,-5,-12,-5,-11,-4,-11,0,0,0,0,0,0,0,0,0,0,0,0,0,0,0,0,0,0,0,0,0,0,-5,-11,-5,-11,-4,-12,-4,-12,-3,-13,-3,-13,-2,-14,-2,-14,-1,-14,-1,-14,0,-14,0,-14,0,-13,-1,-13,-1,-13,-1,-13,-2,-13,-2,-13,-3,-14,-4,-13,-4,-14,-5,-14,-5,-14,-5,-14,-5,-15,-5,-15]"
2025-08-18 23:00:13.308988,CSI_DATA,826,1a:00:00:00:00:00,-38,11,0,0,0,0,0,0,0,0,0,-92,0,1,0,140670668,0,31,0,128,0,"[0,0,-13,8,-12,8,-12,8,-12,8,-11,8,-11,8,-10,8,-10,8,-10,8,-9,9,-8,9,-8,9,-8,9,-8,10,-8,10,-8,10,-8,10,-9,10,-9,10,-9,10,-9,9,-9,9,-9,8,-9,8,-9,7,-10,6,0,0,0,0,0,0,0,0,0,0,0,0,0,0,0,0,0,0,0,0,0,0,-9,7,-9,7,-10,6,-11,6,-11,6,-12,5,-12,5,-13,4,-13,4,-13,3,-13,3,-13,3,-13,3,-12,4,-12,4,-12,4,-12,5,-12,5,-12,5,-12,6,-12,6,-12,7,-12,7,-12,8,-12,8,-12,8]"
2025-08-18 23:00:13.515564,CSI_DATA,827,1a:00:00:00:00:00,-38,11,0,0,0,0,0,0,0,0,0,-92,0,1,0,140872052,0,31,0,128,0,"[0,0,-12,-9,-12,-9,-12,-9,-12,-8,-12,-8,-12,-8,-12,-7,-12,-7,-12,-6,-12,-6,-12,-5,-12,-5,-12,-5,-13,-4,-13,-4,-13,-4,-13,-4,-13,-5,-14,-5,-13,-5,-13,-6,-12,-6,-11,-6,-11,-7,-10,-7,-10,-7,0,0,0,0,0,0,0,0,0,0,0,0,0,0,0,0,0,0,0,0,0,0,-10,-5,-10,-6,-10,-7,-10,-8,-10,-8,-10,-9,-10,-10,-9,-10,-9,-11,-8,-11,-8,-11,-8,-11,-8,-11,-8,-10,-9,-10,-8,-10,-9,-10,-9,-9,-10,-10,-10,-9,-11,-9,-11,-9,-12,-9,-12,-9,-12,-9,-13,-9]"
2025-08-18 23:00:13.710709,CSI_DATA,828,1a:00:00:00:00:00,-38,11,0,0,0,0,0,0,0,0,0,-92,0,1,0,141073129,0,31,0,128,0,"[0,0,-10,11,-10,11,-9,11,-9,11,-9,11,-9,10,-8,10,-8,11,-7,10,-6,11,-6,11,-5,11,-5,11,-5,11,-5,12,-5,12,-5,12,-5,12,-6,12,-6,12,-7,11,-7,11,-7,10,-7,10,-8,9,-8,8,0,0,0,0,0,0,0,0,0,0,0,0,0,0,0,0,0,0,0,0,0,0,-6,9,-7,9,-8,9,-8,8,-9,9,-10,8,-11,8,-11,7,-11,7,-11,7,-11,7,-11,6,-11,7,-11,7,-10,7,-10,7,-10,7,-10,8,-10,8,-10,9,-10,9,-10,10,-10,10,-10,11,-10,11,-10,11]"
2025-08-18 23:00:13.770373,CSI_DATA,829,1a:00:00:00:00:00,-38,11,0,0,0,0,0,0,0,0,0,-92,0,1,0,141133924,0,42,0,128,0,"[0,0,-12,9,-12,8,-12,9,-11,8,-11,9,-11,8,-10,8,-9,9,-9,9,-9,9,-8,9,-8,10,-7,10,-8,11,-7,10,-7,11,-7,11,-8,11,-8,11,-8,10,-9,10,-9,9,-9,9,-9,8,-9,7,-9,7,0,0,0,0,0,0,0,0,0,0,0,0,0,0,0,0,0,0,0,0,0,0,-8,7,-9,7,-10,6,-11,6,-11,6,-12,6,-12,5,-13,4,-13,4,-13,4,-13,4,-13,4,-12,4,-12,4,-12,4,-12,4,-12,5,-11,5,-12,6,-12,6,-12,7,-12,7,-12,8,-12,8,-12,9,-12,9]"
2025-08-18 23:00:13.842599,CSI_DATA,830,1a:00:00:00:00:00,-38,11,0,0,0,0,0,0,0,0,0,-92,0,1,0,141202005,0,31,0,128,0,"[0,0,15,0,14,0,14,0,14,0,14,-1,13,-1,13,-1,13,-2,13,-3,12,-3,12,-3,12,-4,12,-4,12,-4,12,-5,12,-5,13,-4,13,-4,13,-4,13,-4,13,-3,12,-3,12,-2,12,-2,12,-1,11,0,0,0,0,0,0,0,0,0,0,0,0,0,0,0,0,0,0,0,0,0,0,0,10,-1,11,0,11,0,12,1,12,2,12,2,13,3,12,4,12,4,12,4,12,5,12,5,12,4,12,4,11,4,12,3,12,3,12,2,12,2,13,2,13,1,14,1,14,1,14,0,14,1,15,0]"
2025-08-18 23:00:14.060307,CSI_DATA,831,1a:00:00:00:00:00,-38,11,0,0,0,0,0,0,0,0,0,-92,0,1,0,141402601,0,31,0,128,0,"[0,0,-10,-12,-10,-11,-10,-12,-10,-11,-10,-11,-10,-10,-10,-10,-10,-9,-10,-8,-10,-8,-10,-8,-11,-7,-11,-7,-12,-7,-11,-7,-12,-7,-12,-7,-12,-7,-12,-8,-12,-8,-11,-8,-10,-9,-10,-9,-9,-9,-8,-9,-8,-9,0,0,0,0,0,0,0,0,0,0,0,0,0,0,0,0,0,0,0,0,0,0,-9,-8,-9,-9,-8,-9,-8,-10,-8,-10,-8,-11,-7,-12,-7,-12,-6,-12,-6,-12,-5,-13,-5,-12,-5,-12,-5,-12,-6,-12,-6,-11,-7,-12,-7,-11,-8,-11,-8,-11,-8,-11,-9,-11,-9,-11,-10,-11,-10,-12,-10,-12]"
2025-08-18 23:00:14.247794,CSI_DATA,832,1a:00:00:00:00:00,-38,11,0,0,0,0,0,0,0,0,0,-92,0,1,0,141603763,0,31,0,128,0,"[0,0,-9,-12,-10,-12,-9,-12,-9,-12,-9,-11,-9,-11,-9,-10,-10,-10,-9,-9,-10,-9,-10,-9,-10,-8,-11,-8,-11,-8,-11,-8,-11,-8,-11,-8,-11,-8,-11,-9,-11,-9,-10,-9,-10,-9,-9,-10,-8,-10,-8,-10,-7,-10,0,0,0,0,0,0,0,0,0,0,0,0,0,0,0,0,0,0,0,0,0,0,-8,-8,-8,-9,-8,-10,-7,-10,-7,-11,-7,-11,-7,-12,-6,-12,-6,-13,-5,-13,-5,-13,-5,-12,-5,-12,-5,-12,-5,-12,-6,-12,-6,-12,-7,-12,-7,-12,-7,-12,-8,-12,-8,-12,-9,-12,-9,-12,-9,-12,-9,-12]"
2025-08-18 23:00:14.438549,CSI_DATA,833,1a:00:00:00:00:00,-38,11,0,0,0,0,0,0,0,0,0,-92,0,1,0,141804901,0,31,0,128,0,"[0,0,14,3,13,3,14,3,13,3,13,2,13,2,13,1,12,1,12,0,12,0,12,-1,12,-1,12,-1,13,-2,12,-2,13,-2,12,-2,13,-2,13,-2,13,-1,13,-1,12,0,12,0,12,1,11,1,11,2,0,0,0,0,0,0,0,0,0,0,0,0,0,0,0,0,0,0,0,0,0,0,10,1,11,2,10,3,11,3,11,4,11,5,11,5,11,6,11,6,10,7,10,7,10,7,10,7,10,6,10,6,10,5,11,5,11,4,12,4,12,4,12,4,13,4,13,4,13,3,13,3,14,3]"
2025-08-18 23:00:14.641099,CSI_DATA,834,1a:00:00:00:00:00,-38,11,0,0,0,0,0,0,0,0,0,-92,0,1,0,142006261,0,31,0,128,0,"[0,0,15,1,14,1,14,1,14,1,13,0,13,0,13,-1,12,-1,12,-1,12,-2,12,-3,12,-3,12,-4,12,-4,12,-4,12,-4,12,-4,13,-4,13,-4,13,-3,13,-3,12,-2,12,-2,12,-1,11,-1,11,0,0,0,0,0,0,0,0,0,0,0,0,0,0,0,0,0,0,0,0,0,0,0,11,-1,11,0,11,1,11,2,12,2,12,3,12,4,12,4,12,5,11,5,11,5,11,5,11,5,11,4,11,4,11,4,11,4,12,3,12,2,12,2,13,2,13,2,13,1,14,1,14,1,14,1]"
2025-08-18 23:00:14.845612,CSI_DATA,835,1a:00:00:00:00:00,-38,11,0,0,0,0,0,0,0,0,0,-92,0,1,0,142207393,0,31,0,128,0,"[0,0,5,-14,5,-14,4,-14,5,-14,4,-14,4,-13,3,-13,3,-13,2,-13,1,-13,1,-13,0,-13,0,-13,0,-13,-1,-14,-1,-13,-1,-14,0,-14,0,-14,1,-14,1,-14,2,-13,2,-13,2,-12,3,-12,3,-11,0,0,0,0,0,0,0,0,0,0,0,0,0,0,0,0,0,0,0,0,0,0,3,-11,4,-11,4,-11,5,-11,6,-11,7,-11,7,-11,8,-11,8,-11,8,-10,8,-10,8,-10,8,-10,8,-10,7,-10,7,-10,7,-11,6,-11,6,-12,6,-12,6,-12,6,-13,6,-13,5,-14,5,-14,5,-14]"
2025-08-18 23:00:15.050871,CSI_DATA,836,1a:00:00:00:00:00,-38,11,0,0,0,0,0,0,0,0,0,-92,0,1,0,142408608,0,31,0,128,0,"[0,0,7,-14,6,-13,6,-13,6,-13,5,-13,5,-13,4,-13,4,-13,3,-13,3,-13,3,-13,2,-13,2,-13,1,-13,1,-13,1,-13,1,-14,2,-14,2,-14,2,-13,2,-13,3,-13,3,-12,4,-12,5,-11,5,-11,0,0,0,0,0,0,0,0,0,0,0,0,0,0,0,0,0,0,0,0,0,0,3,-11,4,-11,5,-11,6,-11,6,-11,7,-11,7,-11,8,-11,8,-10,9,-10,9,-9,9,-9,9,-9,9,-10,8,-10,8,-10,8,-10,7,-11,7,-11,7,-12,6,-12,6,-13,6,-13,7,-13,7,-13,7,-13]"
2025-08-18 23:00:15.239971,CSI_DATA,837,1a:00:00:00:00:00,-38,11,0,0,0,0,0,0,0,0,0,-92,0,1,0,142609718,0,31,0,128,0,"[0,0,12,8,11,7,11,7,11,7,11,6,11,6,11,6,11,5,11,4,11,3,11,3,11,3,11,3,11,2,12,2,12,2,12,2,12,2,12,3,12,3,12,3,11,4,10,4,10,4,10,5,9,5,0,0,0,0,0,0,0,0,0,0,0,0,0,0,0,0,0,0,0,0,0,0,9,4,9,5,9,6,9,7,10,7,9,8,9,9,9,9,8,9,8,9,8,9,7,9,8,9,8,9,8,9,8,8,8,8,9,8,9,8,10,8,10,8,10,7,11,7,11,7,11,7,12,7]"
2025-08-18 23:00:15.303422,CSI_DATA,838,1a:00:00:00:00:00,-38,11,0,0,0,0,0,0,0,0,0,-92,0,1,0,142670534,0,42,0,128,0,"[0,0,13,5,13,5,13,5,13,4,13,4,12,4,12,3,12,3,12,2,12,2,12,1,12,1,12,0,12,0,12,0,13,0,12,0,13,0,13,1,13,1,12,2,12,2,11,3,11,3,11,3,10,4,0,0,0,0,0,0,0,0,0,0,0,0,0,0,0,0,0,0,0,0,0,0,11,2,11,3,11,3,11,4,11,5,11,6,11,7,10,7,11,8,10,8,10,8,10,8,10,8,10,7,10,7,10,7,10,6,11,6,11,6,11,6,12,5,12,5,13,5,13,5,13,5,14,5]"
2025-08-18 23:00:15.381221,CSI_DATA,839,1a:00:00:00:00:00,-38,11,0,0,0,0,0,0,0,0,0,-92,0,1,0,142739767,0,31,0,128,0,"[0,0,-2,-16,-2,-15,-2,-15,-2,-15,-2,-15,-2,-14,-3,-14,-3,-13,-3,-13,-4,-12,-5,-12,-5,-12,-6,-12,-6,-13,-6,-12,-6,-13,-6,-13,-6,-13,-6,-13,-5,-13,-4,-13,-4,-13,-3,-12,-3,-12,-2,-12,-1,-12,0,0,0,0,0,0,0,0,0,0,0,0,0,0,0,0,0,0,0,0,0,0,-4,-11,-3,-12,-2,-13,-1,-13,-1,-13,0,-14,1,-14,1,-14,2,-14,2,-14,2,-14,2,-13,2,-13,2,-13,2,-13,1,-13,1,-14,0,-13,0,-14,0,-14,-1,-14,-1,-15,-2,-15,-2,-15,-2,-16,-2,-15]"
2025-08-18 23:00:15.575014,CSI_DATA,840,1a:00:00:00:00:00,-38,11,0,0,0,0,0,0,0,0,0,-92,0,1,0,142940965,0,31,0,128,0,"[0,0,15,1,15,1,14,1,14,1,14,0,13,0,13,0,13,-1,13,-1,13,-2,13,-3,12,-3,12,-3,12,-4,13,-4,13,-4,13,-4,13,-4,13,-3,13,-3,13,-2,13,-2,12,-1,12,-1,12,0,11,1,0,0,0,0,0,0,0,0,0,0,0,0,0,0,0,0,0,0,0,0,0,0,11,-1,11,-1,12,0,12,1,13,2,13,3,13,3,13,4,12,4,12,5,12,5,12,5,12,5,12,4,12,4,12,4,12,3,12,2,13,2,13,2,13,2,14,2,15,1,15,1,15,1,15,1]"
2025-08-18 23:00:15.780701,CSI_DATA,841,1a:00:00:00:00:00,-38,11,0,0,0,0,0,0,0,0,0,-92,0,1,0,143142480,0,31,0,128,0,"[0,0,3,-15,3,-15,2,-14,2,-14,2,-14,2,-14,1,-14,1,-13,0,-13,-1,-13,-1,-13,-2,-13,-2,-13,-2,-13,-2,-13,-2,-13,-2,-14,-2,-14,-2,-14,-1,-14,-1,-13,0,-13,0,-13,0,-13,1,-12,2,-12,0,0,0,0,0,0,0,0,0,0,0,0,0,0,0,0,0,0,0,0,0,0,1,-12,2,-11,2,-12,3,-12,4,-12,5,-12,5,-12,6,-12,6,-12,6,-12,6,-11,6,-11,6,-11,6,-11,6,-11,5,-11,5,-12,4,-12,4,-13,4,-13,4,-13,3,-14,3,-14,3,-15,3,-15,3,-15]"
2025-08-18 23:00:15.986876,CSI_DATA,842,1a:00:00:00:00:00,-38,11,0,0,0,0,0,0,0,0,0,-92,0,1,0,143343377,0,31,0,128,0,"[0,0,-10,-11,-10,-11,-10,-11,-10,-11,-10,-10,-10,-10,-10,-10,-10,-9,-10,-8,-11,-8,-11,-7,-11,-7,-12,-7,-11,-7,-12,-6,-12,-6,-12,-7,-12,-7,-12,-7,-12,-8,-11,-8,-11,-8,-10,-9,-10,-9,-9,-9,-8,-9,0,0,0,0,0,0,0,0,0,0,0,0,0,0,0,0,0,0,0,0,0,0,-9,-7,-8,-8,-8,-9,-8,-10,-8,-10,-7,-11,-7,-12,-6,-12,-6,-12,-6,-12,-6,-12,-5,-12,-6,-12,-6,-12,-6,-11,-6,-11,-7,-11,-7,-11,-8,-11,-8,-11,-9,-11,-9,-11,-9,-11,-10,-11,-10,-11,-10,-11]"
2025-08-18 23:00:16.184928,CSI_DATA,843,1a:00:00:00:00:00,-38,11,0,0,0,0,0,0,0,0,0,-92,0,1,0,143544484,0,31,0,128,0,"[0,0,-1,-16,-2,-15,-2,-15,-2,-15,-2,-15,-2,-14,-2,-14,-3,-14,-3,-13,-4,-13,-4,-13,-5,-13,-5,-13,-5,-13,-6,-13,-6,-13,-6,-13,-5,-13,-5,-14,-5,-13,-4,-13,-3,-13,-3,-13,-2,-13,-2,-12,-1,-12,0,0,0,0,0,0,0,0,0,0,0,0,0,0,0,0,0,0,0,0,0,0,-3,-11,-2,-12,-2,-13,-1,-13,0,-13,0,-14,1,-14,1,-14,2,-14,2,-14,3,-14,3,-13,2,-13,2,-13,2,-13,2,-13,1,-13,1,-14,0,-14,0,-14,0,-14,-1,-15,-1,-15,-1,-15,-1,-15,-1,-16]"
2025-08-18 23:00:16.379146,CSI_DATA,844,1a:00:00:00:00:00,-38,11,0,0,0,0,0,0,0,0,0,-92,0,1,0,143745648,0,31,0,128,0,"[0,0,14,4,14,3,13,3,13,3,13,2,13,2,13,2,13,1,12,1,12,0,12,0,12,-1,12,-1,12,-2,13,-2,13,-2,13,-2,13,-1,13,-1,13,-1,13,0,12,0,12,1,12,2,11,2,11,2,0,0,0,0,0,0,0,0,0,0,0,0,0,0,0,0,0,0,0,0,0,0,10,1,11,1,11,2,11,3,11,4,11,5,11,5,11,6,11,6,10,7,11,7,10,7,10,6,10,6,11,6,10,6,11,5,11,5,11,4,12,4,12,4,13,3,13,4,13,4,14,4,14,4]"
2025-08-18 23:00:16.798380,CSI_DATA,845,1a:00:00:00:00:00,-38,11,0,0,0,0,0,0,0,0,0,-92,0,1,0,143946782,0,31,0,128,0,"[0,0,-6,13,-6,13,-6,13,-6,13,-5,13,-5,12,-4,12,-4,12,-3,12,-3,12,-3,12,-2,12,-2,12,-1,12,-1,12,-1,12,-1,13,-1,13,-2,13,-2,13,-2,12,-3,12,-4,12,-4,11,-5,10,-5,10,0,0,0,0,0,0,0,0,0,0,0,0,0,0,0,0,0,0,0,0,0,0,-4,10,-5,10,-5,10,-6,10,-7,10,-8,10,-8,10,-8,10,-9,10,-9,9,-10,9,-9,9,-9,9,-9,9,-9,9,-8,9,-8,10,-7,10,-7,11,-7,11,-7,11,-7,12,-6,12,-7,13,-7,13,-7,13]"
2025-08-18 23:00:16.804597,CSI_DATA,846,1a:00:00:00:00:00,-38,11,0,0,0,0,0,0,0,0,0,-92,0,1,0,144148086,0,31,0,128,0,"[0,0,-13,8,-12,7,-13,8,-12,7,-12,8,-11,8,-11,8,-10,8,-10,8,-9,8,-9,9,-9,9,-9,9,-8,10,-8,10,-9,10,-9,10,-9,10,-9,10,-9,9,-10,9,-10,8,-10,8,-10,7,-10,6,-10,6,0,0,0,0,0,0,0,0,0,0,0,0,0,0,0,0,0,0,0,0,0,0,-9,7,-9,7,-10,6,-11,6,-11,5,-12,5,-13,5,-13,4,-13,4,-13,3,-13,3,-13,3,-13,3,-12,3,-13,4,-12,4,-12,4,-12,5,-12,5,-12,6,-12,6,-12,6,-12,7,-12,8,-12,8,-13,8]"
2025-08-18 23:00:16.845244,CSI_DATA,847,1a:00:00:00:00:00,-38,11,0,0,0,0,0,0,0,0,0,-92,0,1,0,144208750,0,42,0,128,0,"[0,0,7,-12,7,-13,6,-12,6,-13,6,-12,5,-12,5,-12,4,-12,4,-12,3,-12,3,-12,2,-12,2,-12,2,-12,2,-13,2,-13,2,-13,2,-13,2,-13,3,-13,3,-13,4,-12,4,-12,4,-11,5,-10,5,-10,0,0,0,0,0,0,0,0,0,0,0,0,0,0,0,0,0,0,0,0,0,0,3,-10,4,-10,5,-10,6,-10,6,-10,7,-10,8,-10,8,-10,8,-9,9,-9,9,-9,9,-8,9,-9,8,-9,8,-9,8,-9,7,-9,7,-10,7,-10,7,-11,7,-11,6,-12,7,-12,7,-12,7,-13,7,-13]"
2025-08-18 23:00:16.910267,CSI_DATA,848,1a:00:00:00:00:00,-38,11,0,0,0,0,0,0,0,0,0,-92,0,1,0,144273334,0,31,0,128,0,"[0,0,-11,10,-11,9,-11,9,-10,9,-10,10,-10,9,-9,9,-9,10,-8,10,-7,10,-7,10,-6,10,-7,11,-6,11,-6,11,-7,11,-6,11,-7,11,-7,11,-8,11,-8,10,-8,10,-8,9,-8,9,-9,8,-9,7,0,0,0,0,0,0,0,0,0,0,0,0,0,0,0,0,0,0,0,0,0,0,-7,8,-8,8,-9,8,-9,8,-10,7,-11,7,-11,6,-12,6,-12,6,-12,6,-12,6,-12,5,-12,6,-11,6,-11,6,-11,6,-11,6,-10,7,-11,7,-10,8,-11,8,-11,8,-10,9,-10,10,-11,10,-11,10]"
2025-08-18 23:00:17.127641,CSI_DATA,849,1a:00:00:00:00:00,-38,11,0,0,0,0,0,0,0,0,0,-92,0,1,0,144474397,0,31,0,128,0,"[0,0,-15,-1,-15,0,-15,-1,-14,0,-14,0,-14,0,-13,1,-13,1,-13,2,-13,2,-12,2,-12,3,-12,3,-12,4,-12,4,-13,4,-13,4,-13,4,-13,4,-13,3,-13,3,-13,2,-13,1,-12,1,-12,1,-12,0,0,0,0,0,0,0,0,0,0,0,0,0,0,0,0,0,0,0,0,0,0,0,-11,1,-12,0,-12,-1,-13,-1,-13,-2,-13,-3,-13,-3,-13,-4,-13,-4,-12,-4,-12,-5,-12,-4,-12,-4,-12,-4,-12,-4,-12,-4,-13,-3,-13,-2,-13,-2,-13,-2,-13,-2,-14,-1,-14,-1,-14,0,-15,0,-15,-1]"
2025-08-18 23:00:17.313045,CSI_DATA,850,1a:00:00:00:00:00,-38,11,0,0,0,0,0,0,0,0,0,-92,0,1,0,144675556,0,31,0,128,0,"[0,0,-10,11,-10,11,-10,11,-9,11,-9,11,-8,11,-8,11,-7,11,-7,11,-6,11,-6,11,-5,11,-5,12,-5,12,-5,12,-5,12,-5,12,-5,13,-5,12,-5,12,-6,12,-6,11,-7,11,-7,10,-8,9,-8,9,0,0,0,0,0,0,0,0,0,0,0,0,0,0,0,0,0,0,0,0,0,0,-7,9,-7,9,-8,8,-9,8,-9,8,-10,8,-11,8,-11,7,-11,7,-12,6,-12,6,-12,6,-11,6,-11,6,-11,7,-10,7,-11,7,-10,8,-10,9,-10,9,-10,9,-10,10,-10,10,-10,11,-10,11,-10,11]"
2025-08-18 23:00:17.717343,CSI_DATA,851,1a:00:00:00:00:00,-39,11,0,0,0,0,0,0,0,0,0,-92,0,1,0,144876696,0,31,0,128,0,"[0,0,11,9,10,8,10,8,11,8,10,8,10,7,10,7,10,6,10,6,11,5,11,5,11,4,11,4,11,4,11,4,11,4,12,4,12,4,12,5,11,5,11,5,10,6,10,6,9,6,9,7,8,7,0,0,0,0,0,0,0,0,0,0,0,0,0,0,0,0,0,0,0,0,0,0,9,5,9,6,9,6,9,7,9,8,8,9,8,9,8,9,7,10,7,10,7,10,7,10,7,10,7,10,7,9,7,9,7,9,8,8,8,8,9,9,9,8,10,9,10,9,11,9,11,9,11,9]"
2025-08-18 23:00:17.724797,CSI_DATA,852,1a:00:00:00:00:00,-38,11,0,0,0,0,0,0,0,0,0,-92,0,1,0,145077870,0,31,0,128,0,"[0,0,-16,-4,-15,-4,-15,-4,-15,-3,-15,-3,-14,-3,-14,-2,-14,-1,-14,-1,-13,0,-14,0,-13,1,-14,1,-14,1,-13,1,-14,1,-14,1,-14,1,-14,1,-14,1,-14,0,-14,-1,-13,-1,-13,-1,-13,-2,-12,-2,0,0,0,0,0,0,0,0,0,0,0,0,0,0,0,0,0,0,0,0,0,0,-12,-2,-12,-3,-12,-4,-12,-4,-13,-5,-13,-6,-13,-6,-12,-7,-12,-7,-12,-8,-12,-7,-12,-8,-12,-7,-12,-7,-12,-7,-12,-7,-12,-6,-13,-5,-13,-5,-13,-5,-14,-5,-14,-5,-14,-4,-15,-4,-15,-4,-15,-4]"
2025-08-18 23:00:17.910874,CSI_DATA,853,1a:00:00:00:00:00,-38,11,0,0,0,0,0,0,0,0,0,-92,0,1,0,145279220,0,31,0,128,0,"[0,0,9,11,9,10,9,10,9,10,10,9,9,9,9,8,9,8,9,7,10,7,10,6,10,6,10,6,11,6,11,6,11,6,11,6,11,6,11,7,11,7,10,7,10,7,9,8,8,8,8,8,7,8,0,0,0,0,0,0,0,0,0,0,0,0,0,0,0,0,0,0,0,0,0,0,8,6,8,7,8,8,7,9,7,9,7,10,6,11,6,11,6,11,5,11,5,11,5,11,5,11,5,10,5,11,5,10,6,10,6,10,7,10,7,10,7,10,8,10,9,10,9,10,9,10,10,11]"
2025-08-18 23:00:18.113973,CSI_DATA,854,1a:00:00:00:00:00,-38,11,0,0,0,0,0,0,0,0,0,-92,0,1,0,145480334,0,31,0,128,0,"[0,0,6,13,6,13,6,13,6,12,7,12,6,12,6,11,7,11,7,10,8,10,8,9,8,9,9,9,9,9,9,9,9,9,9,9,9,9,9,10,8,10,8,10,7,10,7,10,6,10,5,10,5,10,0,0,0,0,0,0,0,0,0,0,0,0,0,0,0,0,0,0,0,0,0,0,6,8,6,9,5,10,5,11,4,11,4,12,3,12,3,13,2,13,2,13,2,13,2,13,2,12,2,12,2,12,2,12,3,12,4,12,4,12,4,12,5,12,5,12,6,12,6,13,6,13,6,13]"
2025-08-18 23:00:18.333139,CSI_DATA,855,1a:00:00:00:00:00,-38,11,0,0,0,0,0,0,0,0,0,-92,0,1,0,145681450,0,31,0,128,0,"[0,0,13,-4,14,-4,13,-4,13,-4,13,-4,13,-4,13,-5,12,-5,11,-6,11,-7,11,-6,10,-7,10,-7,10,-7,10,-8,10,-8,11,-8,11,-8,11,-7,11,-7,11,-7,11,-6,11,-5,11,-5,11,-4,11,-3,0,0,0,0,0,0,0,0,0,0,0,0,0,0,0,0,0,0,0,0,0,0,10,-4,10,-4,11,-3,11,-3,12,-2,12,-2,12,-1,12,-1,13,0,13,0,12,0,12,0,12,0,12,0,12,0,12,0,12,-1,12,-1,12,-2,12,-2,13,-3,13,-3,13,-3,14,-4,14,-4,14,-4]"
2025-08-18 23:00:18.380159,CSI_DATA,856,1a:00:00:00:00:00,-39,11,0,0,0,0,0,0,0,0,0,-92,0,1,0,145743323,0,42,0,128,0,"[0,0,13,-6,13,-7,13,-6,13,-7,12,-7,11,-7,11,-7,11,-7,10,-8,10,-8,10,-8,9,-9,9,-9,9,-9,9,-9,9,-9,9,-10,9,-9,10,-9,10,-9,10,-8,10,-8,10,-7,10,-7,10,-6,10,-5,0,0,0,0,0,0,0,0,0,0,0,0,0,0,0,0,0,0,0,0,0,0,9,-6,10,-6,10,-5,11,-4,12,-4,12,-4,12,-3,12,-3,13,-2,12,-2,13,-2,12,-2,12,-2,12,-2,12,-2,12,-2,12,-3,12,-4,12,-4,12,-5,12,-5,12,-5,13,-6,13,-6,13,-6,13,-6]"
2025-08-18 23:00:18.880412,CSI_DATA,857,1a:00:00:00:00:00,-39,11,0,0,0,0,0,0,0,0,0,-92,0,1,0,146242553,0,42,0,128,0,"[0,0,-14,7,-14,6,-14,6,-14,6,-12,7,-13,6,-12,7,-12,8,-11,8,-11,8,-10,8,-10,9,-8,9,-9,9,-9,9,-10,9,-10,9,-9,10,-11,9,-11,9,-10,8,-11,7,-11,7,-10,7,-11,5,-11,5,0,0,0,0,0,0,0,0,0,0,0,0,0,0,0,0,0,0,0,0,0,0,-9,7,-10,6,-11,6,-12,5,-12,5,-13,4,-14,4,-14,3,-14,3,-14,2,-14,2,-14,2,-14,2,-13,3,-13,3,-13,3,-13,3,-13,4,-13,4,-13,5,-13,5,-13,6,-13,6,-14,6,-14,7,-14,7]"
2025-08-18 23:00:18.963716,CSI_DATA,858,1a:00:00:00:00:00,-38,11,0,0,0,0,0,0,0,0,0,-92,0,1,0,146323066,0,31,0,128,0,"[0,0,-15,-2,-15,-2,-15,-2,-15,-2,-14,-2,-14,-1,-14,-1,-13,0,-13,0,-13,0,-13,1,-13,2,-13,2,-13,2,-13,2,-13,2,-13,2,-13,2,-14,2,-13,2,-13,1,-13,1,-13,0,-12,0,-12,-1,-12,-2,0,0,0,0,0,0,0,0,0,0,0,0,0,0,0,0,0,0,0,0,0,0,-12,-1,-12,-1,-12,-2,-12,-3,-13,-4,-13,-4,-13,-5,-13,-5,-13,-6,-12,-6,-12,-6,-12,-6,-12,-6,-12,-6,-12,-5,-12,-5,-12,-5,-13,-4,-13,-4,-13,-3,-14,-3,-14,-3,-14,-3,-15,-3,-15,-3,-15,-3]"
2025-08-18 23:00:19.160957,CSI_DATA,859,1a:00:00:00:00:00,-38,11,0,0,0,0,0,0,0,0,0,-92,0,1,0,146524134,0,31,0,128,0,"[0,0,-9,13,-8,12,-8,13,-7,12,-7,12,-7,12,-6,12,-6,12,-5,11,-5,11,-4,12,-3,12,-3,12,-3,12,-3,12,-3,13,-3,12,-3,13,-4,13,-4,12,-5,12,-5,12,-5,11,-5,11,-6,10,-6,9,0,0,0,0,0,0,0,0,0,0,0,0,0,0,0,0,0,0,0,0,0,0,-5,10,-6,10,-7,10,-8,10,-8,10,-9,10,-10,9,-10,9,-10,9,-10,8,-10,8,-10,8,-10,8,-10,8,-10,9,-9,8,-9,9,-9,9,-9,10,-9,10,-9,10,-8,11,-8,12,-8,12,-8,12,-8,13]"
2025-08-18 23:00:19.562694,CSI_DATA,860,1a:00:00:00:00:00,-38,11,0,0,0,0,0,0,0,0,0,-92,0,1,0,146725875,0,31,0,128,0,"[0,0,6,13,7,12,6,12,7,12,7,11,7,11,7,10,7,10,7,10,8,9,8,8,9,8,9,8,9,8,9,8,9,8,10,8,9,8,9,9,9,9,8,9,8,9,7,9,7,9,6,9,5,9,0,0,0,0,0,0,0,0,0,0,0,0,0,0,0,0,0,0,0,0,0,0,7,8,6,9,6,10,5,10,5,11,4,12,4,12,3,12,3,13,3,13,3,12,2,12,2,12,3,12,3,12,3,11,3,12,4,12,4,11,5,12,5,12,6,12,6,12,7,12,7,12,7,13]"
2025-08-18 23:00:19.568924,CSI_DATA,861,1a:00:00:00:00:00,-38,11,0,0,0,0,0,0,0,0,0,-92,0,1,0,146926455,0,31,0,128,0,"[0,0,-13,7,-13,7,-13,7,-12,7,-12,7,-11,7,-11,7,-11,8,-10,8,-9,8,-9,9,-9,9,-9,9,-8,10,-8,10,-9,10,-8,10,-9,10,-9,10,-9,9,-10,9,-9,8,-10,8,-10,7,-10,7,-10,6,0,0,0,0,0,0,0,0,0,0,0,0,0,0,0,0,0,0,0,0,0,0,-9,6,-10,6,-11,5,-11,5,-12,5,-13,4,-13,4,-13,3,-13,3,-13,2,-13,2,-13,2,-13,2,-13,3,-13,3,-12,3,-12,4,-12,4,-13,5,-12,5,-12,6,-13,6,-13,7,-13,7,-13,7,-13,7]"
2025-08-18 23:00:19.768343,CSI_DATA,862,1a:00:00:00:00:00,-38,11,0,0,0,0,0,0,0,0,0,-92,0,1,0,147127607,0,31,0,128,0,"[0,0,-1,-15,-1,-15,-1,-15,-1,-14,-2,-14,-2,-14,-2,-14,-3,-13,-3,-13,-4,-13,-4,-13,-5,-12,-5,-12,-5,-13,-5,-12,-5,-13,-5,-13,-5,-13,-5,-13,-4,-13,-4,-13,-3,-13,-2,-13,-2,-13,-1,-12,-1,-12,0,0,0,0,0,0,0,0,0,0,0,0,0,0,0,0,0,0,0,0,0,0,-3,-11,-3,-12,-2,-12,-1,-13,-1,-13,0,-13,1,-14,1,-14,2,-14,2,-13,2,-13,2,-13,2,-13,2,-13,2,-13,2,-13,1,-13,0,-13,0,-14,0,-14,0,-14,-1,-14,-1,-14,-1,-15,-2,-15,-1,-15]"
2025-08-18 23:00:19.971337,CSI_DATA,863,1a:00:00:00:00:00,-38,11,0,0,0,0,0,0,0,0,0,-92,0,1,0,147329369,0,31,0,128,0,"[0,0,11,-10,11,-11,10,-10,10,-10,10,-10,9,-10,8,-10,8,-11,7,-11,7,-11,7,-11,6,-11,6,-11,6,-12,6,-12,6,-12,6,-12,6,-12,6,-12,7,-12,7,-11,7,-11,7,-10,7,-10,8,-9,8,-8,0,0,0,0,0,0,0,0,0,0,0,0,0,0,0,0,0,0,0,0,0,0,7,-9,8,-9,9,-8,9,-8,10,-8,11,-7,11,-7,12,-6,12,-6,12,-6,12,-5,12,-5,12,-5,11,-6,11,-6,11,-6,11,-7,11,-7,10,-8,11,-8,11,-9,11,-9,11,-10,11,-10,11,-10,11,-10]"
2025-08-18 23:00:20.368875,CSI_DATA,864,1a:00:00:00:00:00,-38,11,0,0,0,0,0,0,0,0,0,-92,0,1,0,147530452,0,31,0,128,0,"[0,0,-14,8,-13,7,-13,8,-12,7,-12,8,-12,8,-11,8,-10,8,-10,8,-9,9,-9,9,-9,9,-8,9,-8,10,-8,10,-8,10,-8,10,-9,10,-9,10,-9,10,-10,9,-10,9,-9,8,-10,8,-10,7,-10,6,0,0,0,0,0,0,0,0,0,0,0,0,0,0,0,0,0,0,0,0,0,0,-9,7,-10,7,-11,6,-12,5,-12,5,-13,5,-13,4,-14,4,-13,3,-13,3,-14,3,-13,3,-13,3,-13,3,-13,3,-12,3,-13,4,-12,4,-13,5,-13,6,-13,6,-13,6,-13,7,-13,7,-13,7,-13,7]"
2025-08-18 23:00:20.374087,CSI_DATA,865,1a:00:00:00:00:00,-38,11,0,0,0,0,0,0,0,0,0,-92,0,1,0,147731285,0,31,0,128,0,"[0,0,-7,13,-7,13,-7,13,-6,13,-6,12,-6,12,-5,12,-5,12,-4,12,-3,12,-3,12,-2,12,-2,12,-2,12,-2,12,-1,13,-2,13,-2,13,-2,13,-3,13,-3,12,-3,12,-4,12,-4,11,-4,11,-5,10,0,0,0,0,0,0,0,0,0,0,0,0,0,0,0,0,0,0,0,0,0,0,-4,10,-5,11,-6,11,-6,11,-7,10,-8,11,-9,10,-9,10,-9,10,-10,9,-10,9,-10,9,-10,9,-9,9,-9,9,-9,9,-8,10,-8,10,-8,11,-7,11,-7,12,-7,12,-7,12,-7,13,-7,13,-7,13]"
2025-08-18 23:00:20.433034,CSI_DATA,866,1a:00:00:00:00:00,-38,11,0,0,0,0,0,0,0,0,0,-92,0,1,0,147792054,0,42,0,128,0,"[0,0,-15,-2,-15,-1,-15,-1,-15,-1,-15,-1,-14,0,-14,0,-14,1,-13,1,-13,1,-13,2,-13,2,-13,2,-13,3,-13,3,-13,3,-14,3,-14,3,-14,3,-14,2,-14,1,-13,1,-13,0,-13,0,-12,-1,-12,-2,0,0,0,0,0,0,0,0,0,0,0,0,0,0,0,0,0,0,0,0,0,0,-12,1,-12,0,-13,0,-13,-1,-14,-2,-14,-2,-14,-3,-14,-4,-14,-4,-14,-5,-13,-5,-13,-5,-13,-5,-13,-5,-13,-4,-13,-4,-13,-4,-13,-3,-13,-3,-14,-2,-14,-2,-14,-2,-15,-1,-15,-1,-16,-2,-15,-1]"
2025-08-18 23:00:20.515964,CSI_DATA,867,1a:00:00:00:00:00,-39,11,0,0,0,0,0,0,0,0,0,-92,0,1,0,147858034,0,31,0,128,0,"[0,0,-6,-15,-6,-15,-5,-15,-6,-14,-6,-14,-6,-13,-7,-13,-7,-12,-7,-12,-8,-11,-8,-11,-8,-11,-9,-11,-9,-11,-9,-10,-9,-10,-9,-11,-9,-11,-9,-11,-9,-12,-8,-11,-7,-12,-7,-12,-6,-12,-6,-11,-5,-11,0,0,0,0,0,0,0,0,0,0,0,0,0,0,0,0,0,0,0,0,0,0,-6,-11,-5,-12,-5,-12,-4,-13,-4,-13,-3,-14,-2,-14,-2,-14,-2,-14,-1,-14,0,-14,-1,-14,-1,-14,-1,-14,-1,-14,-2,-13,-2,-14,-3,-14,-3,-14,-4,-14,-4,-14,-5,-14,-5,-15,-5,-15,-6,-15,-6,-15]"
2025-08-18 23:00:20.704523,CSI_DATA,868,1a:00:00:00:00:00,-38,11,0,0,0,0,0,0,0,0,0,-92,0,1,0,148060600,0,31,0,128,0,"[0,0,-11,-12,-10,-12,-11,-11,-10,-11,-10,-10,-10,-10,-10,-10,-11,-9,-11,-9,-11,-8,-11,-7,-11,-7,-12,-7,-12,-6,-12,-6,-12,-6,-12,-6,-12,-7,-12,-7,-12,-7,-12,-8,-11,-8,-10,-8,-10,-8,-9,-8,-9,-9,0,0,0,0,0,0,0,0,0,0,0,0,0,0,0,0,0,0,0,0,0,0,-9,-8,-9,-9,-9,-9,-8,-10,-8,-11,-8,-11,-7,-12,-7,-12,-6,-13,-6,-13,-6,-13,-6,-13,-6,-12,-6,-12,-7,-12,-7,-12,-7,-11,-8,-11,-8,-11,-8,-11,-9,-11,-10,-12,-10,-11,-10,-11,-11,-11,-11,-12]"
2025-08-18 23:00:20.901263,CSI_DATA,869,1a:00:00:00:00:00,-38,11,0,0,0,0,0,0,0,0,0,-92,0,1,0,148260340,0,31,0,128,0,"[0,0,-15,-2,-15,-2,-15,-2,-14,-2,-14,-1,-14,-1,-14,-1,-13,0,-13,0,-13,1,-13,1,-13,2,-13,2,-13,2,-13,2,-13,2,-13,2,-14,2,-14,2,-13,1,-13,1,-13,0,-13,0,-12,-1,-12,-1,-12,-2,0,0,0,0,0,0,0,0,0,0,0,0,0,0,0,0,0,0,0,0,0,0,-11,1,-12,0,-12,-1,-13,-2,-13,-2,-13,-3,-13,-4,-13,-4,-13,-5,-13,-5,-13,-5,-12,-5,-12,-5,-12,-5,-12,-5,-12,-4,-13,-4,-13,-3,-13,-3,-13,-3,-14,-3,-14,-2,-14,-2,-15,-2,-15,-2,-15,-2]"
2025-08-18 23:00:21.102224,CSI_DATA,870,1a:00:00:00:00:00,-38,11,0,0,0,0,0,0,0,0,0,-92,0,1,0,148461509,0,31,0,128,0,"[0,0,-2,-15,-2,-15,-2,-15,-2,-14,-3,-14,-3,-14,-3,-13,-4,-13,-4,-13,-4,-12,-5,-12,-5,-12,-6,-12,-6,-12,-6,-12,-6,-12,-7,-12,-6,-12,-6,-12,-5,-12,-5,-12,-5,-13,-4,-12,-3,-12,-3,-12,-2,-11,0,0,0,0,0,0,0,0,0,0,0,0,0,0,0,0,0,0,0,0,0,0,-3,-11,-2,-12,-2,-12,-1,-13,0,-13,0,-13,1,-14,1,-14,2,-14,2,-14,2,-13,2,-13,2,-13,2,-13,2,-13,1,-13,1,-13,0,-13,0,-14,-1,-14,-1,-14,-1,-14,-2,-14,-2,-15,-2,-15,-2,-15]"
2025-08-18 23:00:21.296403,CSI_DATA,871,1a:00:00:00:00:00,-38,11,0,0,0,0,0,0,0,0,0,-92,0,1,0,148662810,0,31,0,128,0,"[0,0,0,15,1,14,1,14,1,14,2,14,1,13,2,13,2,13,3,12,3,12,4,12,4,12,4,11,5,11,5,11,5,12,5,12,5,12,5,12,4,12,3,12,3,12,2,12,2,12,1,11,1,11,0,0,0,0,0,0,0,0,0,0,0,0,0,0,0,0,0,0,0,0,0,0,3,11,2,11,1,12,0,12,0,13,-1,13,-2,13,-2,13,-2,13,-3,13,-3,13,-3,13,-3,13,-3,13,-3,12,-2,12,-2,12,-1,13,-1,13,0,13,0,14,0,14,1,14,1,15,1,15,1,15]"
2025-08-18 23:00:21.501732,CSI_DATA,872,1a:00:00:00:00:00,-38,11,0,0,0,0,0,0,0,0,0,-92,0,1,0,148863969,0,31,0,128,0,"[0,0,-8,13,-8,12,-8,13,-7,12,-7,13,-6,12,-6,12,-5,12,-5,12,-4,12,-4,12,-3,12,-3,12,-3,13,-2,12,-3,13,-3,13,-3,13,-3,13,-3,13,-4,12,-4,12,-5,11,-5,11,-6,10,-6,10,0,0,0,0,0,0,0,0,0,0,0,0,0,0,0,0,0,0,0,0,0,0,-5,10,-6,11,-6,10,-7,10,-7,10,-9,11,-9,10,-9,10,-10,10,-10,9,-11,9,-11,8,-10,9,-10,9,-10,9,-9,9,-9,10,-8,10,-9,11,-8,11,-8,12,-8,12,-8,12,-8,12,-8,13,-8,13]"
2025-08-18 23:00:21.716615,CSI_DATA,873,1a:00:00:00:00:00,-38,11,0,0,0,0,0,0,0,0,0,-92,0,1,0,149065550,0,31,0,128,0,"[0,0,11,-9,10,-9,11,-9,10,-9,10,-9,9,-10,9,-10,9,-10,8,-10,8,-10,7,-10,7,-10,7,-10,6,-11,6,-11,7,-11,7,-11,7,-11,7,-11,7,-11,7,-10,7,-10,8,-9,8,-8,8,-8,8,-7,0,0,0,0,0,0,0,0,0,0,0,0,0,0,0,0,0,0,0,0,0,0,7,-8,8,-8,9,-8,10,-8,10,-7,11,-7,11,-7,11,-6,12,-6,12,-5,12,-5,12,-4,11,-5,11,-5,11,-5,11,-5,11,-6,10,-7,11,-7,10,-8,10,-8,10,-9,11,-9,11,-9,11,-9,12,-9]"
2025-08-18 23:00:21.910010,CSI_DATA,874,1a:00:00:00:00:00,-38,11,0,0,0,0,0,0,0,0,0,-92,0,1,0,149266357,0,31,0,128,0,"[0,0,-13,-8,-13,-8,-13,-8,-13,-7,-13,-7,-13,-7,-12,-6,-12,-5,-13,-5,-12,-4,-12,-4,-13,-4,-13,-3,-13,-3,-13,-3,-13,-3,-13,-3,-14,-3,-14,-3,-13,-4,-13,-4,-12,-4,-12,-5,-11,-5,-11,-5,-10,-6,0,0,0,0,0,0,0,0,0,0,0,0,0,0,0,0,0,0,0,0,0,0,-11,-5,-11,-5,-11,-6,-11,-7,-11,-7,-11,-9,-11,-9,-10,-9,-10,-10,-9,-10,-9,-10,-9,-10,-9,-10,-9,-10,-9,-9,-10,-9,-10,-9,-10,-8,-11,-9,-12,-8,-12,-8,-12,-8,-12,-8,-13,-8,-13,-8,-13,-8]"
2025-08-18 23:00:21.963593,CSI_DATA,875,1a:00:00:00:00:00,-38,11,0,0,0,0,0,0,0,0,0,-92,0,1,0,149327091,0,42,0,128,0,"[0,0,-4,14,-3,13,-3,13,-3,13,-3,13,-3,13,-2,12,-2,13,-1,12,0,12,0,12,0,12,1,12,1,12,1,12,2,12,1,13,1,13,1,13,0,13,0,12,-1,12,-1,12,-1,11,-2,11,-3,10,0,0,0,0,0,0,0,0,0,0,0,0,0,0,0,0,0,0,0,0,0,0,-1,11,-2,11,-3,11,-4,11,-4,11,-5,12,-6,12,-7,11,-7,11,-7,11,-7,11,-7,11,-7,11,-6,11,-6,11,-6,10,-6,11,-5,11,-5,12,-5,12,-5,12,-4,13,-4,13,-4,14,-3,14,-3,14]"
2025-08-18 23:00:22.051155,CSI_DATA,876,1a:00:00:00:00:00,-38,11,0,0,0,0,0,0,0,0,0,-92,0,1,0,149398108,0,31,0,128,0,"[0,0,1,-16,1,-15,0,-15,0,-15,0,-15,0,-14,-1,-14,-1,-14,-2,-13,-2,-13,-3,-13,-3,-13,-4,-13,-4,-13,-4,-13,-4,-13,-4,-13,-4,-14,-4,-14,-3,-14,-3,-14,-2,-13,-2,-13,-1,-13,0,-12,0,-12,0,0,0,0,0,0,0,0,0,0,0,0,0,0,0,0,0,0,0,0,0,0,-1,-12,0,-13,0,-13,1,-13,2,-13,3,-14,3,-14,4,-14,4,-13,5,-13,5,-13,5,-13,5,-13,4,-13,4,-13,4,-13,3,-13,2,-13,2,-14,2,-14,2,-14,1,-15,1,-15,1,-15,1,-16,1,-15]"
2025-08-18 23:00:22.231359,CSI_DATA,877,1a:00:00:00:00:00,-38,11,0,0,0,0,0,0,0,0,0,-92,0,1,0,149599191,0,31,0,128,0,"[0,0,10,11,10,10,10,10,10,10,10,9,10,9,10,8,10,8,10,7,11,7,10,6,11,6,11,6,11,5,12,5,11,5,11,5,11,5,11,6,11,6,11,7,10,7,10,7,9,7,8,7,8,8,0,0,0,0,0,0,0,0,0,0,0,0,0,0,0,0,0,0,0,0,0,0,9,6,8,7,9,8,8,9,8,9,8,10,7,11,7,11,6,11,6,12,6,11,6,12,6,11,6,11,6,11,6,11,7,10,7,10,8,10,8,10,9,10,9,10,10,10,10,10,10,11,10,10]"
2025-08-18 23:00:22.435185,CSI_DATA,878,1a:00:00:00:00:00,-38,11,0,0,0,0,0,0,0,0,0,-92,0,1,0,149800525,0,31,0,128,0,"[0,0,14,1,14,0,14,0,14,0,13,0,13,-1,12,-1,12,-1,12,-2,12,-3,12,-3,11,-3,11,-3,12,-4,12,-4,12,-4,12,-4,12,-4,12,-4,12,-3,12,-3,12,-2,11,-1,11,-1,11,0,11,0,0,0,0,0,0,0,0,0,0,0,0,0,0,0,0,0,0,0,0,0,0,0,10,-2,11,-1,11,0,12,1,12,1,12,2,12,3,13,3,12,4,12,4,12,4,12,4,12,4,12,4,12,3,11,3,12,3,12,2,12,2,13,2,13,1,13,1,14,1,14,1,14,1,15,1]"
2025-08-18 23:00:22.635238,CSI_DATA,879,1a:00:00:00:00:00,-38,11,0,0,0,0,0,0,0,0,0,-92,0,1,0,150003712,0,31,0,128,0,"[0,0,9,12,9,11,9,11,9,10,9,10,9,10,9,9,9,9,9,8,10,7,10,7,10,7,10,7,10,6,11,6,11,7,11,7,11,7,11,7,11,7,10,8,9,8,9,8,8,8,7,8,7,9,0,0,0,0,0,0,0,0,0,0,0,0,0,0,0,0,0,0,0,0,0,0,8,7,8,8,8,9,8,9,7,10,7,11,7,11,6,12,5,12,5,12,5,12,5,12,5,12,5,11,5,11,5,11,6,11,6,11,7,11,7,11,8,10,8,11,8,11,9,11,9,11,10,11]"
2025-08-18 23:00:22.841816,CSI_DATA,880,1a:00:00:00:00:00,-38,11,0,0,0,0,0,0,0,0,0,-92,0,1,0,150202890,0,31,0,128,0,"[0,0,-15,1,-15,0,-15,0,-14,1,-14,1,-14,1,-13,2,-13,2,-13,2,-13,3,-12,3,-12,4,-12,4,-12,4,-12,5,-12,5,-13,5,-13,5,-13,5,-13,4,-13,4,-13,3,-12,3,-12,2,-12,1,-12,1,0,0,0,0,0,0,0,0,0,0,0,0,0,0,0,0,0,0,0,0,0,0,-12,2,-12,1,-13,0,-13,-1,-13,-1,-14,-2,-14,-2,-14,-3,-14,-3,-14,-4,-13,-4,-13,-4,-13,-4,-13,-3,-13,-3,-13,-3,-13,-2,-13,-2,-13,-2,-14,-1,-14,-1,-15,0,-15,0,-15,0,-15,0,-15,0]"
2025-08-18 23:00:23.046364,CSI_DATA,881,1a:00:00:00:00:00,-38,11,0,0,0,0,0,0,0,0,0,-92,0,1,0,150404093,0,31,0,128,0,"[0,0,-4,-14,-5,-15,-5,-14,-5,-14,-5,-14,-5,-13,-5,-13,-6,-12,-6,-12,-7,-11,-7,-11,-8,-11,-8,-11,-8,-10,-8,-11,-8,-10,-9,-11,-8,-11,-9,-11,-8,-11,-7,-11,-7,-11,-6,-11,-6,-11,-5,-11,-4,-11,0,0,0,0,0,0,0,0,0,0,0,0,0,0,0,0,0,0,0,0,0,0,-5,-11,-4,-12,-3,-12,-3,-13,-3,-13,-2,-14,-1,-14,-1,-14,0,-14,0,-14,0,-14,0,-14,0,-13,0,-13,0,-13,-1,-13,-1,-13,-2,-13,-2,-13,-3,-14,-3,-14,-3,-14,-4,-14,-4,-15,-4,-15,-4,-14]"
2025-08-18 23:00:23.244456,CSI_DATA,882,1a:00:00:00:00:00,-38,11,0,0,0,0,0,0,0,0,0,-92,0,1,0,150605445,0,31,0,128,0,"[0,0,-6,13,-5,13,-5,13,-5,13,-5,13,-4,12,-4,12,-3,12,-3,12,-2,12,-2,12,-1,12,-1,12,-1,12,-1,12,-1,12,-1,13,-1,12,-2,13,-2,12,-3,12,-3,12,-3,12,-4,11,-4,10,-5,10,0,0,0,0,0,0,0,0,0,0,0,0,0,0,0,0,0,0,0,0,0,0,-2,11,-3,11,-4,11,-4,11,-5,11,-6,11,-7,11,-7,11,-7,11,-8,11,-8,10,-8,10,-8,10,-7,10,-7,10,-7,10,-7,10,-6,11,-6,11,-6,12,-6,12,-6,12,-5,13,-5,13,-5,14,-5,14]"
2025-08-18 23:00:23.440615,CSI_DATA,883,1a:00:00:00:00:00,-38,11,0,0,0,0,0,0,0,0,0,-92,0,1,0,150806422,0,31,0,128,0,"[0,0,14,0,14,0,14,0,14,0,13,-1,13,-1,13,-1,12,-2,12,-2,12,-3,12,-3,11,-4,11,-4,11,-4,12,-5,12,-5,12,-4,12,-4,12,-4,12,-3,12,-3,12,-2,12,-2,11,-2,11,-1,11,0,0,0,0,0,0,0,0,0,0,0,0,0,0,0,0,0,0,0,0,0,0,0,11,-2,11,-1,12,0,12,0,12,1,12,2,12,3,12,3,12,4,12,4,12,4,12,4,12,4,12,3,12,3,11,3,12,3,12,2,12,1,13,1,13,1,13,1,14,0,14,0,14,0,14,0]"
2025-08-18 23:00:23.499359,CSI_DATA,884,1a:00:00:00:00:00,-38,11,0,0,0,0,0,0,0,0,0,-92,0,1,0,150867207,0,42,0,128,0,"[0,0,14,5,13,5,13,5,13,4,13,4,12,4,12,4,12,3,12,3,12,2,12,1,12,0,12,1,12,0,13,0,13,0,13,0,13,0,13,1,13,1,13,2,12,3,12,3,11,3,11,3,10,4,0,0,0,0,0,0,0,0,0,0,0,0,0,0,0,0,0,0,0,0,0,0,11,2,11,2,11,3,11,4,12,5,12,6,11,7,11,7,11,8,11,8,10,8,10,8,10,8,10,7,10,7,10,7,11,6,11,6,12,6,12,6,12,6,13,5,13,5,13,5,14,5,14,5]"
2025-08-18 23:00:23.575286,CSI_DATA,885,1a:00:00:00:00:00,-38,11,0,0,0,0,0,0,0,0,0,-92,0,1,0,150933888,0,31,0,128,0,"[0,0,15,-3,14,-3,14,-3,14,-3,13,-4,13,-3,13,-4,12,-4,12,-5,12,-5,12,-6,11,-6,11,-6,11,-7,11,-7,11,-7,11,-7,12,-7,12,-7,12,-6,12,-5,12,-5,12,-4,11,-4,11,-3,11,-2,0,0,0,0,0,0,0,0,0,0,0,0,0,0,0,0,0,0,0,0,0,0,10,-5,11,-4,12,-3,12,-3,13,-2,13,-1,13,-1,13,0,13,0,13,1,13,1,13,1,13,1,13,1,13,1,12,0,13,0,13,-1,13,-1,14,-2,13,-2,14,-2,14,-3,14,-3,14,-3,15,-3]"
2025-08-18 23:00:23.771429,CSI_DATA,886,1a:00:00:00:00:00,-38,11,0,0,0,0,0,0,0,0,0,-92,0,1,0,151134984,0,31,0,128,0,"[0,0,14,-2,15,-3,14,-3,14,-3,13,-3,13,-3,13,-4,12,-4,12,-4,12,-5,11,-6,11,-6,11,-6,11,-6,11,-7,11,-7,12,-7,11,-7,12,-6,12,-6,12,-5,12,-5,12,-4,12,-4,11,-3,11,-2,0,0,0,0,0,0,0,0,0,0,0,0,0,0,0,0,0,0,0,0,0,0,11,-4,11,-3,12,-3,12,-2,13,-2,13,-1,14,0,13,1,13,1,13,2,13,1,13,2,13,1,13,1,12,1,13,1,12,0,13,-1,13,-1,13,-1,13,-2,14,-2,14,-2,14,-3,15,-3,15,-3]"
2025-08-18 23:00:23.972701,CSI_DATA,887,1a:00:00:00:00:00,-38,11,0,0,0,0,0,0,0,0,0,-92,0,1,0,151336244,0,31,0,128,0,"[0,0,15,-3,14,-3,14,-3,14,-3,14,-4,13,-4,13,-4,12,-5,12,-5,11,-5,11,-6,11,-6,11,-7,11,-7,11,-7,11,-8,11,-7,11,-7,12,-7,12,-7,12,-6,11,-6,11,-5,11,-4,11,-4,11,-3,0,0,0,0,0,0,0,0,0,0,0,0,0,0,0,0,0,0,0,0,0,0,10,-4,11,-3,11,-2,12,-2,13,-1,13,-1,13,0,13,1,13,1,13,1,13,2,13,2,13,2,13,1,13,1,12,1,13,0,13,-1,13,-1,13,-1,13,-2,14,-2,14,-2,14,-3,15,-3,15,-3]"
2025-08-18 23:00:24.175974,CSI_DATA,888,1a:00:00:00:00:00,-38,11,0,0,0,0,0,0,0,0,0,-92,0,1,0,151538619,0,31,0,128,0,"[0,0,9,-12,8,-12,8,-12,8,-12,7,-12,7,-12,6,-12,6,-12,5,-12,5,-12,5,-12,4,-12,4,-12,3,-13,3,-12,3,-13,3,-12,4,-13,4,-13,4,-13,5,-12,5,-12,5,-11,6,-11,6,-10,6,-10,0,0,0,0,0,0,0,0,0,0,0,0,0,0,0,0,0,0,0,0,0,0,5,-10,6,-10,6,-10,7,-10,8,-10,9,-10,10,-10,10,-9,10,-9,10,-8,10,-8,10,-8,10,-8,10,-8,9,-8,9,-8,9,-9,8,-10,9,-10,9,-10,8,-10,8,-11,8,-12,8,-12,8,-12,9,-12]"
2025-08-18 23:00:24.374867,CSI_DATA,889,1a:00:00:00:00:00,-38,11,0,0,0,0,0,0,0,0,0,-92,0,1,0,151738502,0,31,0,128,0,"[0,0,-13,8,-13,7,-13,8,-12,8,-12,8,-11,8,-11,8,-10,8,-10,8,-9,8,-9,9,-8,9,-8,9,-8,10,-8,10,-8,10,-8,10,-8,10,-9,10,-9,9,-9,9,-10,8,-10,8,-10,7,-10,6,-10,6,0,0,0,0,0,0,0,0,0,0,0,0,0,0,0,0,0,0,0,0,0,0,-8,7,-9,7,-10,6,-11,6,-11,6,-12,5,-13,5,-13,4,-13,4,-13,4,-13,3,-13,3,-13,3,-12,3,-12,4,-12,4,-12,4,-12,5,-12,5,-12,6,-12,6,-12,7,-12,7,-12,8,-13,8,-13,8]"
2025-08-18 23:00:24.576013,CSI_DATA,890,1a:00:00:00:00:00,-38,11,0,0,0,0,0,0,0,0,0,-92,0,1,0,151939645,0,31,0,128,0,"[0,0,12,-9,11,-9,11,-9,11,-9,10,-9,10,-9,10,-9,9,-9,8,-10,8,-10,8,-10,7,-10,7,-11,7,-11,7,-11,7,-11,7,-11,7,-11,8,-11,8,-10,8,-10,8,-10,8,-9,8,-9,8,-8,9,-7,0,0,0,0,0,0,0,0,0,0,0,0,0,0,0,0,0,0,0,0,0,0,8,-8,8,-8,9,-7,10,-7,10,-7,11,-6,12,-6,12,-5,12,-5,12,-4,12,-4,12,-4,12,-4,12,-5,11,-5,11,-5,11,-5,11,-6,11,-7,11,-7,11,-7,11,-8,11,-8,12,-9,12,-9,12,-9]"
2025-08-18 23:00:24.779459,CSI_DATA,891,1a:00:00:00:00:00,-38,11,0,0,0,0,0,0,0,0,0,-92,0,1,0,152141028,0,31,0,128,0,"[0,0,5,-15,5,-14,5,-15,4,-14,4,-15,3,-14,3,-14,2,-14,2,-13,1,-13,1,-13,0,-13,0,-14,0,-14,0,-13,0,-14,0,-14,0,-14,0,-14,0,-14,0,-14,1,-13,1,-13,2,-13,3,-12,3,-12,0,0,0,0,0,0,0,0,0,0,0,0,0,0,0,0,0,0,0,0,0,0,2,-12,3,-12,4,-12,5,-12,5,-12,6,-12,7,-12,7,-12,8,-12,8,-11,8,-11,8,-11,8,-11,8,-11,8,-11,7,-11,7,-12,6,-12,6,-13,5,-13,5,-13,5,-14,5,-14,5,-14,5,-14,5,-15]"
2025-08-18 23:00:24.975472,CSI_DATA,892,1a:00:00:00:00:00,-38,11,0,0,0,0,0,0,0,0,0,-92,0,1,0,152342176,0,31,0,128,0,"[0,0,2,14,2,14,2,14,3,13,3,13,3,13,3,12,4,12,4,12,4,11,5,11,5,10,5,11,6,11,6,10,6,10,6,11,6,11,6,11,6,11,5,11,4,11,4,11,3,11,3,11,2,11,0,0,0,0,0,0,0,0,0,0,0,0,0,0,0,0,0,0,0,0,0,0,3,10,3,11,2,11,1,12,1,12,0,12,-1,13,-1,13,-1,13,-2,13,-2,13,-2,12,-2,12,-2,12,-1,12,-1,12,-1,12,0,12,0,12,1,13,1,13,2,13,2,14,2,14,2,14,3,14]"
2025-08-18 23:00:25.041175,CSI_DATA,893,1a:00:00:00:00:00,-38,11,0,0,0,0,0,0,0,0,0,-92,0,1,0,152402936,0,42,0,128,0,"[0,0,-8,13,-7,13,-7,13,-7,12,-6,13,-6,12,-6,12,-5,12,-5,12,-4,12,-3,12,-3,12,-2,12,-2,12,-2,12,-2,13,-2,13,-3,13,-3,13,-3,13,-4,12,-4,12,-5,11,-5,11,-5,10,-6,10,0,0,0,0,0,0,0,0,0,0,0,0,0,0,0,0,0,0,0,0,0,0,-4,11,-5,11,-6,11,-7,11,-7,11,-8,11,-9,11,-9,10,-10,10,-10,10,-10,10,-10,9,-9,9,-9,9,-9,9,-9,9,-9,10,-8,10,-8,11,-8,11,-7,12,-8,12,-7,12,-7,13,-7,13,-7,13]"
2025-08-18 23:00:25.106521,CSI_DATA,894,1a:00:00:00:00:00,-38,11,0,0,0,0,0,0,0,0,0,-92,0,1,0,152465184,0,31,0,128,0,"[0,0,0,-15,0,-15,-1,-15,-1,-15,-1,-15,-1,-14,-2,-14,-2,-13,-2,-13,-3,-13,-3,-13,-4,-12,-4,-12,-4,-12,-5,-12,-5,-13,-5,-13,-5,-13,-5,-13,-4,-13,-4,-13,-3,-13,-3,-13,-2,-13,-1,-12,-1,-12,0,0,0,0,0,0,0,0,0,0,0,0,0,0,0,0,0,0,0,0,0,0,-1,-11,0,-12,0,-13,1,-13,1,-13,2,-13,3,-14,3,-13,4,-13,4,-13,5,-13,5,-13,4,-12,4,-12,3,-12,3,-12,3,-13,2,-13,2,-13,1,-14,1,-14,0,-14,0,-15,1,-15,1,-15,1,-15]"
2025-08-18 23:00:25.509451,CSI_DATA,895,1a:00:00:00:00:00,-38,11,0,0,0,0,0,0,0,0,0,-92,0,1,0,152666263,0,31,0,128,0,"[0,0,9,-12,8,-12,8,-12,8,-12,7,-12,7,-11,7,-12,6,-12,6,-12,5,-12,5,-12,4,-12,4,-12,4,-12,4,-12,4,-13,4,-13,4,-13,4,-13,5,-12,5,-12,5,-12,5,-11,6,-10,6,-10,6,-9,0,0,0,0,0,0,0,0,0,0,0,0,0,0,0,0,0,0,0,0,0,0,5,-10,6,-10,7,-10,7,-10,8,-10,9,-10,9,-9,10,-9,10,-8,10,-8,10,-8,10,-8,10,-8,10,-8,9,-8,9,-8,9,-9,9,-9,9,-10,8,-10,8,-11,9,-11,8,-11,8,-12,8,-12,9,-12]"
2025-08-18 23:00:25.516873,CSI_DATA,896,1a:00:00:00:00:00,-38,11,0,0,0,0,0,0,0,0,0,-92,0,1,0,152867403,0,31,0,128,0,"[0,0,-12,-9,-12,-10,-12,-9,-12,-9,-11,-8,-12,-8,-12,-8,-12,-7,-12,-6,-12,-6,-12,-6,-12,-5,-12,-5,-12,-5,-13,-4,-12,-4,-13,-5,-13,-5,-13,-5,-13,-5,-12,-6,-12,-6,-11,-7,-11,-7,-10,-7,-9,-7,0,0,0,0,0,0,0,0,0,0,0,0,0,0,0,0,0,0,0,0,0,0,-10,-6,-10,-7,-10,-8,-9,-8,-10,-9,-9,-10,-9,-11,-9,-11,-8,-11,-8,-12,-8,-12,-7,-11,-8,-11,-8,-11,-8,-10,-8,-11,-8,-10,-9,-10,-9,-10,-10,-10,-10,-10,-11,-9,-12,-10,-11,-10,-11,-10,-12,-10]"
2025-08-18 23:00:25.705390,CSI_DATA,897,1a:00:00:00:00:00,-38,11,0,0,0,0,0,0,0,0,0,-92,0,1,0,153068571,0,31,0,128,0,"[0,0,-8,12,-8,12,-7,12,-7,12,-7,12,-6,12,-6,11,-5,12,-5,11,-4,11,-4,11,-3,11,-3,12,-3,12,-3,12,-3,12,-3,12,-3,12,-3,12,-4,12,-4,12,-4,12,-5,11,-5,10,-5,10,-6,9,0,0,0,0,0,0,0,0,0,0,0,0,0,0,0,0,0,0,0,0,0,0,-5,10,-6,10,-7,10,-7,10,-8,10,-9,10,-10,9,-10,9,-10,9,-11,9,-11,8,-10,8,-10,8,-10,8,-9,8,-9,9,-9,9,-9,9,-8,10,-8,10,-8,11,-8,11,-8,12,-8,12,-8,12,-8,12]"
2025-08-18 23:00:25.906482,CSI_DATA,898,1a:00:00:00:00:00,-38,11,0,0,0,0,0,0,0,0,0,-92,0,1,0,153269913,0,31,0,128,0,"[0,0,13,-6,13,-6,13,-6,12,-6,12,-6,12,-6,11,-7,11,-7,10,-7,10,-7,9,-8,9,-8,9,-9,9,-9,9,-9,9,-9,9,-9,10,-9,10,-9,10,-8,10,-8,10,-7,10,-7,10,-6,10,-6,10,-5,0,0,0,0,0,0,0,0,0,0,0,0,0,0,0,0,0,0,0,0,0,0,9,-6,10,-6,10,-5,11,-5,12,-4,12,-4,13,-3,13,-2,13,-2,12,-2,13,-2,12,-1,12,-2,12,-2,12,-2,12,-2,12,-3,12,-3,12,-4,12,-4,12,-4,13,-5,13,-5,13,-6,13,-6,14,-6]"
2025-08-18 23:00:26.110733,CSI_DATA,899,1a:00:00:00:00:00,-38,11,0,0,0,0,0,0,0,0,0,-92,0,1,0,153471017,0,31,0,128,0,"[0,0,1,-16,1,-15,1,-16,1,-15,0,-15,0,-14,-1,-14,-1,-14,-1,-14,-2,-13,-2,-13,-3,-13,-3,-13,-4,-13,-3,-13,-4,-14,-4,-14,-4,-14,-3,-14,-3,-14,-3,-14,-2,-13,-1,-13,-1,-13,0,-12,0,-12,0,0,0,0,0,0,0,0,0,0,0,0,0,0,0,0,0,0,0,0,0,0,-1,-12,0,-13,1,-13,2,-13,2,-13,3,-14,4,-14,4,-14,5,-13,5,-13,5,-13,5,-13,5,-13,5,-13,4,-13,4,-12,4,-13,3,-13,3,-14,2,-14,2,-14,2,-15,1,-15,2,-15,1,-15,1,-16]"
2025-08-18 23:00:26.313702,CSI_DATA,900,1a:00:00:00:00:00,-38,11,0,0,0,0,0,0,0,0,0,-92,0,1,0,153672439,0,31,0,128,0,"[0,0,-1,-15,-1,-16,-1,-15,-1,-15,-2,-15,-2,-14,-2,-14,-3,-14,-3,-13,-4,-13,-4,-13,-5,-13,-5,-13,-5,-13,-5,-13,-5,-13,-5,-13,-5,-13,-5,-13,-5,-13,-4,-13,-3,-13,-3,-13,-2,-13,-1,-12,-1,-12,0,0,0,0,0,0,0,0,0,0,0,0,0,0,0,0,0,0,0,0,0,0,-3,-12,-2,-12,-1,-13,0,-13,0,-14,1,-14,1,-14,2,-14,2,-14,3,-14,3,-14,3,-14,3,-13,3,-13,2,-13,2,-13,2,-13,1,-13,1,-14,0,-14,0,-14,0,-15,-1,-15,-1,-15,-1,-16,-1,-16]"
2025-08-18 23:00:26.525951,CSI_DATA,901,1a:00:00:00:00:00,-38,11,0,0,0,0,0,0,0,0,0,-92,0,1,0,153873356,0,31,0,128,0,"[0,0,4,-14,3,-14,3,-14,3,-14,3,-14,3,-13,2,-13,2,-13,1,-13,1,-13,0,-13,-1,-13,-1,-13,-1,-13,-1,-13,-1,-13,-1,-13,-1,-14,-1,-14,0,-13,0,-13,1,-13,1,-13,1,-12,2,-12,2,-11,0,0,0,0,0,0,0,0,0,0,0,0,0,0,0,0,0,0,0,0,0,0,0,-12,2,-12,2,-12,3,-12,4,-13,5,-13,6,-13,6,-12,6,-12,6,-12,6,-12,6,-12,6,-11,6,-11,6,-12,6,-11,5,-12,5,-12,4,-13,4,-13,4,-13,4,-14,4,-14,3,-15,3,-15,3,-15]"
2025-08-18 23:00:26.566523,CSI_DATA,902,1a:00:00:00:00:00,-38,11,0,0,0,0,0,0,0,0,0,-92,0,1,0,153934176,0,42,0,128,0,"[0,0,4,14,4,14,4,14,5,13,5,13,5,12,5,12,5,12,6,11,6,11,6,10,7,10,7,10,7,10,8,9,8,10,8,10,8,11,7,11,7,11,6,11,6,11,5,11,5,11,4,11,3,10,0,0,0,0,0,0,0,0,0,0,0,0,0,0,0,0,0,0,0,0,0,0,5,10,5,10,4,11,3,12,3,12,2,13,2,13,1,13,1,13,0,13,0,13,0,13,0,13,0,13,1,13,1,12,1,13,2,12,2,13,3,13,3,13,3,13,4,13,4,14,4,14,4,14]"
2025-08-18 23:00:26.635761,CSI_DATA,903,1a:00:00:00:00:00,-38,11,0,0,0,0,0,0,0,0,0,-92,0,1,0,154003796,0,31,0,128,0,"[0,0,11,9,11,8,11,8,11,8,11,7,11,7,10,7,11,6,10,6,11,5,11,5,11,4,11,4,11,4,12,4,11,4,12,4,12,4,12,4,12,5,11,5,10,5,10,6,10,6,9,6,8,7,0,0,0,0,0,0,0,0,0,0,0,0,0,0,0,0,0,0,0,0,0,0,10,4,10,5,10,6,9,7,9,7,9,8,9,9,8,9,8,10,8,10,8,10,7,10,8,10,7,9,8,9,7,9,8,9,8,8,9,8,10,9,10,8,10,8,11,8,11,8,11,8,11,8]"
2025-08-18 23:00:26.674886,CSI_DATA,904,1a:00:00:00:00:00,-38,11,0,0,0,0,0,0,0,0,0,-92,0,1,0,154032522,0,28,0,128,0,"[0,0,-11,11,-10,10,-10,10,-10,10,-9,10,-9,10,-9,10,-8,10,-7,10,-7,11,-6,11,-5,11,-5,11,-5,11,-5,11,-5,11,-6,11,-6,11,-7,11,-7,11,-7,10,-7,10,-7,10,-7,9,-7,8,-8,8,0,0,0,0,0,0,0,0,0,0,0,0,0,0,0,0,0,0,0,0,0,0,-6,9,-7,9,-8,9,-9,9,-10,9,-10,8,-11,7,-12,7,-12,7,-12,6,-12,7,-11,6,-11,7,-11,7,-11,6,-11,7,-11,7,-10,8,-10,8,-10,8,-10,9,-10,9,-10,10,-10,11,-10,11,-10,11]"
2025-08-18 23:00:26.857340,CSI_DATA,905,1a:00:00:00:00:00,-38,11,0,0,0,0,0,0,0,0,0,-92,0,1,0,154204954,0,31,0,128,0,"[0,0,-12,-10,-12,-10,-12,-10,-11,-9,-11,-9,-11,-8,-11,-8,-11,-7,-11,-7,-11,-6,-11,-6,-12,-6,-12,-5,-12,-5,-12,-5,-13,-5,-12,-5,-13,-6,-13,-6,-12,-6,-12,-7,-11,-7,-10,-7,-10,-7,-10,-7,-9,-8,0,0,0,0,0,0,0,0,0,0,0,0,0,0,0,0,0,0,0,0,0,0,-10,-6,-10,-7,-10,-8,-10,-9,-10,-9,-10,-10,-9,-11,-9,-11,-8,-11,-8,-11,-8,-11,-8,-11,-8,-11,-8,-11,-8,-11,-8,-10,-8,-10,-9,-10,-9,-10,-10,-10,-10,-10,-11,-10,-11,-9,-11,-10,-11,-10,-12,-10]"
2025-08-18 23:00:27.037968,CSI_DATA,906,1a:00:00:00:00:00,-38,11,0,0,0,0,0,0,0,0,0,-92,0,1,0,154406312,0,31,0,128,0,"[0,0,12,8,12,7,12,7,12,7,12,7,11,6,11,6,11,5,11,5,12,4,12,3,12,3,12,2,12,2,12,2,12,2,13,2,13,3,12,3,12,3,12,4,12,4,11,4,11,5,10,5,10,5,0,0,0,0,0,0,0,0,0,0,0,0,0,0,0,0,0,0,0,0,0,0,10,4,10,5,10,6,10,7,10,8,9,8,9,9,9,10,9,10,8,10,8,10,8,10,8,10,8,9,8,9,8,9,9,9,10,8,10,8,10,8,10,8,11,8,12,8,12,7,12,8,12,8]"
2025-08-18 23:00:27.243788,CSI_DATA,907,1a:00:00:00:00:00,-38,11,0,0,0,0,0,0,0,0,0,-92,0,1,0,154607377,0,31,0,128,0,"[0,0,-3,14,-3,14,-3,13,-2,14,-2,13,-2,13,-2,13,-1,12,0,12,0,13,1,12,1,12,1,12,2,11,2,12,2,11,2,13,2,12,2,13,1,13,1,12,0,12,-1,12,-1,12,-2,11,-2,10,0,0,0,0,0,0,0,0,0,0,0,0,0,0,0,0,0,0,0,0,0,0,-1,11,-1,11,-2,12,-3,11,-4,12,-4,11,-5,12,-6,12,-6,12,-7,12,-7,11,-7,11,-7,11,-6,11,-5,10,-6,12,-5,11,-5,12,-4,12,-4,12,-4,12,-3,13,-3,14,-3,14,-3,14,-3,14]"
2025-08-18 23:00:27.440881,CSI_DATA,908,1a:00:00:00:00:00,-38,11,0,0,0,0,0,0,0,0,0,-92,0,1,0,154808503,0,31,0,128,0,"[0,0,13,5,13,4,13,4,13,4,13,4,12,3,12,3,12,2,12,2,12,1,12,1,12,0,12,0,12,0,12,-1,12,-1,12,0,13,0,13,0,13,0,12,1,12,1,11,2,11,2,11,3,10,3,0,0,0,0,0,0,0,0,0,0,0,0,0,0,0,0,0,0,0,0,0,0,10,2,11,2,11,3,11,4,11,5,11,6,11,6,11,7,11,7,10,7,10,8,9,8,10,7,10,7,10,7,10,6,10,6,11,5,11,6,12,5,12,5,12,5,13,5,13,5,13,5,13,5]"
2025-08-18 23:00:27.852328,CSI_DATA,909,1a:00:00:00:00:00,-38,11,0,0,0,0,0,0,0,0,0,-92,0,1,0,155009650,0,31,0,128,0,"[0,0,11,-9,11,-9,10,-9,11,-10,10,-10,9,-9,9,-10,8,-10,8,-10,7,-10,7,-10,6,-11,6,-11,6,-11,6,-11,6,-11,6,-12,7,-11,7,-11,7,-11,7,-11,8,-10,8,-10,8,-9,8,-8,8,-8,0,0,0,0,0,0,0,0,0,0,0,0,0,0,0,0,0,0,0,0,0,0,7,-9,8,-9,9,-8,9,-8,10,-8,11,-7,11,-7,11,-6,12,-6,12,-5,12,-5,12,-5,12,-5,11,-5,11,-6,11,-6,11,-6,11,-7,11,-7,11,-8,10,-8,11,-9,11,-9,11,-9,11,-9,11,-9]"
2025-08-18 23:00:27.858772,CSI_DATA,910,1a:00:00:00:00:00,-38,11,0,0,0,0,0,0,0,0,0,-92,0,1,0,155210884,0,31,0,128,0,"[0,0,-3,-16,-3,-15,-3,-15,-3,-15,-4,-14,-4,-14,-4,-14,-5,-13,-5,-13,-6,-12,-6,-12,-6,-12,-6,-12,-7,-12,-7,-12,-7,-12,-7,-12,-7,-12,-7,-13,-7,-12,-6,-13,-6,-13,-5,-12,-4,-12,-4,-12,-3,-12,0,0,0,0,0,0,0,0,0,0,0,0,0,0,0,0,0,0,0,0,0,0,-4,-12,-3,-12,-2,-13,-2,-13,-1,-14,0,-14,0,-14,1,-14,1,-14,2,-14,2,-14,2,-14,2,-14,2,-14,1,-13,1,-13,0,-13,0,-14,-1,-14,-1,-14,-2,-14,-2,-15,-3,-15,-2,-15,-3,-16,-2,-15]"
2025-08-18 23:00:28.065168,CSI_DATA,911,1a:00:00:00:00:00,-38,11,0,0,0,0,0,0,0,0,0,-92,0,1,0,155412076,0,31,0,128,0,"[0,0,11,-11,11,-11,10,-10,10,-11,9,-11,9,-10,9,-10,8,-11,8,-11,7,-11,7,-11,6,-12,6,-12,6,-12,6,-12,6,-12,6,-13,6,-12,7,-12,7,-12,7,-11,7,-11,8,-10,8,-10,8,-9,8,-8,0,0,0,0,0,0,0,0,0,0,0,0,0,0,0,0,0,0,0,0,0,0,6,-10,7,-10,8,-10,9,-9,10,-9,10,-9,11,-8,11,-8,12,-7,12,-7,12,-7,11,-7,11,-7,11,-7,11,-7,11,-7,10,-7,11,-8,10,-9,11,-9,10,-9,11,-10,10,-11,10,-11,10,-11,11,-11]"
2025-08-18 23:00:28.114337,CSI_DATA,912,1a:00:00:00:00:00,-38,11,0,0,0,0,0,0,0,0,0,-92,0,1,0,155472870,0,42,0,128,0,"[0,0,1,-15,0,-15,1,-14,0,-15,0,-14,0,-14,-1,-14,-1,-13,-2,-13,-2,-13,-3,-13,-3,-13,-3,-13,-4,-12,-4,-13,-4,-13,-4,-13,-4,-13,-3,-13,-3,-13,-2,-13,-2,-13,-1,-13,-1,-13,0,-12,0,-11,0,0,0,0,0,0,0,0,0,0,0,0,0,0,0,0,0,0,0,0,0,0,-1,-12,-1,-12,0,-13,1,-13,1,-13,2,-13,3,-13,3,-13,4,-13,4,-13,5,-13,4,-13,4,-13,4,-12,4,-12,4,-13,3,-13,2,-13,2,-13,2,-14,2,-14,1,-14,1,-15,1,-15,1,-15,1,-15]"
2025-08-18 23:00:28.179979,CSI_DATA,913,1a:00:00:00:00:00,-38,11,0,0,0,0,0,0,0,0,0,-92,0,1,0,155537161,0,31,0,128,0,"[0,0,-5,-14,-6,-13,-6,-14,-6,-13,-6,-13,-6,-12,-6,-12,-6,-11,-7,-11,-7,-10,-8,-10,-8,-10,-8,-10,-9,-10,-8,-9,-9,-10,-9,-10,-9,-10,-9,-10,-8,-10,-8,-10,-7,-11,-7,-10,-6,-10,-6,-10,-5,-10,0,0,0,0,0,0,0,0,0,0,0,0,0,0,0,0,0,0,0,0,0,0,-6,-10,-5,-11,-4,-11,-4,-12,-4,-12,-3,-13,-2,-13,-2,-13,-1,-13,-1,-13,-1,-13,-1,-13,-1,-13,-1,-13,-2,-13,-2,-12,-2,-13,-3,-12,-3,-13,-4,-13,-4,-13,-4,-13,-5,-13,-6,-13,-6,-13,-6,-14]"
2025-08-18 23:00:28.390184,CSI_DATA,914,1a:00:00:00:00:00,-39,11,0,0,0,0,0,0,0,0,0,-92,0,1,0,155737966,0,31,0,128,0,"[0,0,-15,-5,-15,-5,-14,-5,-14,-4,-14,-4,-14,-4,-13,-3,-13,-3,-13,-2,-13,-1,-13,-1,-13,0,-13,0,-13,0,-13,0,-13,0,-13,0,-14,0,-14,0,-14,0,-14,-1,-13,-2,-13,-2,-12,-2,-12,-3,-11,-3,0,0,0,0,0,0,0,0,0,0,0,0,0,0,0,0,0,0,0,0,0,0,-12,-2,-12,-3,-12,-4,-12,-5,-13,-5,-12,-6,-12,-7,-12,-8,-12,-8,-12,-8,-12,-8,-11,-8,-11,-8,-11,-8,-11,-7,-11,-7,-12,-7,-12,-6,-13,-6,-13,-6,-13,-6,-14,-5,-14,-5,-14,-5,-15,-5,-15,-5]"
2025-08-18 23:00:28.577735,CSI_DATA,915,1a:00:00:00:00:00,-38,11,0,0,0,0,0,0,0,0,0,-92,0,1,0,155939143,0,31,0,128,0,"[0,0,2,-15,2,-15,2,-15,2,-15,1,-15,1,-14,1,-14,0,-14,0,-13,-1,-13,-1,-13,-2,-13,-2,-13,-3,-13,-3,-13,-3,-13,-3,-13,-3,-13,-2,-14,-2,-13,-1,-14,-1,-13,0,-13,0,-13,0,-12,1,-12,0,0,0,0,0,0,0,0,0,0,0,0,0,0,0,0,0,0,0,0,0,0,0,-12,1,-12,2,-13,2,-13,3,-13,4,-13,5,-13,5,-13,6,-13,6,-13,6,-12,6,-12,6,-12,5,-12,5,-12,5,-12,5,-13,4,-13,3,-13,3,-14,3,-14,3,-14,2,-15,3,-15,3,-15,3,-15]"
2025-08-18 23:00:28.776989,CSI_DATA,916,1a:00:00:00:00:00,-38,11,0,0,0,0,0,0,0,0,0,-92,0,1,0,156140300,0,31,0,128,0,"[0,0,-14,5,-13,5,-13,5,-13,5,-12,6,-12,6,-12,6,-11,6,-11,6,-10,7,-10,7,-9,8,-9,8,-9,8,-9,8,-9,8,-9,8,-9,8,-10,8,-10,8,-10,7,-10,7,-10,6,-10,6,-10,5,-10,4,0,0,0,0,0,0,0,0,0,0,0,0,0,0,0,0,0,0,0,0,0,0,-10,5,-10,5,-11,4,-12,4,-12,4,-12,3,-13,2,-13,2,-13,1,-13,1,-13,1,-13,1,-13,1,-13,1,-13,2,-13,1,-12,2,-12,3,-12,3,-13,4,-13,4,-13,4,-13,5,-13,5,-13,5,-13,5]"
2025-08-18 23:00:28.979060,CSI_DATA,917,1a:00:00:00:00:00,-38,11,0,0,0,0,0,0,0,0,0,-92,0,1,0,156341534,0,31,0,128,0,"[0,0,-12,9,-11,9,-11,9,-11,9,-10,9,-10,9,-9,9,-9,9,-8,9,-8,9,-8,10,-7,10,-7,10,-7,10,-6,11,-6,11,-6,11,-7,11,-7,11,-7,10,-8,10,-8,9,-8,9,-8,8,-9,8,-9,7,0,0,0,0,0,0,0,0,0,0,0,0,0,0,0,0,0,0,0,0,0,0,-8,8,-8,8,-9,8,-10,7,-11,7,-11,7,-12,6,-12,6,-12,6,-13,5,-12,5,-13,4,-12,5,-12,5,-12,5,-11,5,-11,6,-11,6,-11,7,-11,7,-11,8,-11,8,-11,9,-11,9,-11,9,-12,9]"
2025-08-18 23:00:29.183624,CSI_DATA,918,1a:00:00:00:00:00,-38,11,0,0,0,0,0,0,0,0,0,-92,0,1,0,156543134,0,31,0,128,0,"[0,0,-15,-2,-15,-2,-15,-2,-15,-2,-15,-2,-14,-2,-14,-1,-13,0,-13,0,-13,1,-13,1,-13,2,-13,2,-13,2,-13,3,-13,3,-13,3,-13,3,-14,2,-14,2,-13,1,-13,1,-13,0,-12,0,-12,-1,-12,-1,0,0,0,0,0,0,0,0,0,0,0,0,0,0,0,0,0,0,0,0,0,0,-12,0,-12,-1,-13,-2,-13,-3,-13,-4,-13,-4,-13,-5,-13,-6,-13,-6,-13,-6,-13,-6,-12,-6,-13,-6,-12,-6,-12,-6,-12,-5,-13,-5,-13,-4,-13,-4,-13,-4,-14,-4,-14,-4,-15,-3,-15,-2,-15,-3,-15,-2]"
2025-08-18 23:00:29.385684,CSI_DATA,919,1a:00:00:00:00:00,-38,11,0,0,0,0,0,0,0,0,0,-92,0,1,0,156744045,0,31,0,128,0,"[0,0,-3,-15,-3,-15,-3,-15,-3,-15,-4,-14,-4,-14,-4,-13,-4,-13,-5,-13,-6,-12,-6,-12,-6,-12,-7,-12,-7,-12,-8,-12,-7,-11,-7,-12,-7,-12,-7,-12,-7,-12,-6,-12,-5,-13,-5,-12,-4,-12,-4,-12,-3,-11,0,0,0,0,0,0,0,0,0,0,0,0,0,0,0,0,0,0,0,0,0,0,-5,-12,-4,-12,-3,-13,-2,-13,-2,-14,-1,-14,0,-14,0,-14,1,-14,1,-14,1,-14,1,-14,1,-14,1,-14,0,-13,0,-13,0,-13,-1,-14,-1,-14,-2,-14,-2,-14,-2,-15,-3,-15,-3,-15,-3,-15,-3,-15]"
2025-08-18 23:00:29.596033,CSI_DATA,920,1a:00:00:00:00:00,-38,11,0,0,0,0,0,0,0,0,0,-92,0,1,0,156945113,0,31,0,128,0,"[0,0,-14,5,-13,5,-13,5,-13,5,-13,5,-12,5,-12,6,-11,6,-11,6,-10,6,-10,7,-10,7,-10,7,-9,7,-9,8,-9,8,-10,8,-10,8,-10,8,-10,7,-10,7,-10,6,-11,6,-10,5,-10,4,-10,4,0,0,0,0,0,0,0,0,0,0,0,0,0,0,0,0,0,0,0,0,0,0,-10,5,-10,5,-11,4,-12,4,-12,3,-13,3,-13,2,-13,2,-13,1,-13,1,-13,1,-13,0,-13,1,-13,1,-12,1,-13,1,-13,2,-13,2,-13,3,-13,3,-13,4,-13,4,-13,4,-13,5,-14,5,-13,5]"
2025-08-18 23:00:29.640817,CSI_DATA,921,1a:00:00:00:00:00,-38,11,0,0,0,0,0,0,0,0,0,-92,0,1,0,157005913,0,42,0,128,0,"[0,0,14,0,14,0,14,-1,14,0,13,-1,13,-1,13,-2,12,-2,12,-2,12,-3,11,-4,11,-4,11,-4,11,-5,11,-5,11,-5,12,-5,12,-5,12,-4,12,-4,12,-4,12,-3,12,-3,11,-2,11,-2,11,-1,0,0,0,0,0,0,0,0,0,0,0,0,0,0,0,0,0,0,0,0,0,0,11,-2,11,-1,11,0,12,1,12,1,13,2,12,3,13,3,12,3,12,4,12,4,12,4,12,4,11,3,12,3,11,3,12,2,12,2,12,1,13,1,13,1,13,0,14,0,14,0,14,0,14,0]"
2025-08-18 23:00:29.711426,CSI_DATA,922,1a:00:00:00:00:00,-38,11,0,0,0,0,0,0,0,0,0,-92,0,1,0,157073637,0,31,0,128,0,"[0,0,-8,13,-7,13,-7,13,-6,12,-6,12,-6,12,-5,12,-5,12,-4,12,-4,12,-3,12,-3,12,-2,12,-2,12,-2,12,-2,13,-2,12,-2,13,-3,13,-3,12,-3,12,-4,12,-4,11,-4,11,-5,10,-5,10,0,0,0,0,0,0,0,0,0,0,0,0,0,0,0,0,0,0,0,0,0,0,-4,10,-5,11,-5,11,-6,11,-7,11,-8,11,-9,10,-9,10,-10,10,-10,10,-10,10,-10,9,-9,9,-9,9,-9,10,-9,9,-9,10,-8,10,-8,11,-8,11,-8,11,-7,12,-7,12,-7,13,-7,13,-7,13]"
2025-08-18 23:00:29.931968,CSI_DATA,923,1a:00:00:00:00:00,-38,11,0,0,0,0,0,0,0,0,0,-92,0,1,0,157276822,0,31,0,128,0,"[0,0,-10,12,-9,12,-9,12,-9,11,-8,12,-8,11,-7,11,-7,11,-6,11,-6,11,-5,11,-5,12,-4,12,-4,12,-4,12,-4,12,-4,13,-4,13,-5,13,-5,12,-6,12,-5,12,-6,11,-6,11,-7,10,-7,9,0,0,0,0,0,0,0,0,0,0,0,0,0,0,0,0,0,0,0,0,0,0,-6,10,-7,10,-8,10,-9,10,-9,10,-10,10,-11,9,-11,9,-11,8,-12,8,-12,8,-12,7,-11,8,-11,8,-11,8,-11,8,-10,8,-10,9,-10,9,-10,10,-9,10,-9,11,-9,11,-9,12,-10,12,-10,12]"
2025-08-18 23:00:30.116380,CSI_DATA,924,1a:00:00:00:00:00,-38,11,0,0,0,0,0,0,0,0,0,-92,0,1,0,157475666,0,31,0,128,0,"[0,0,-2,-15,-2,-15,-2,-15,-2,-14,-3,-14,-3,-13,-3,-13,-4,-13,-4,-12,-5,-12,-5,-12,-6,-12,-6,-12,-6,-12,-6,-11,-7,-11,-7,-12,-7,-12,-7,-12,-6,-12,-6,-12,-5,-12,-4,-12,-4,-12,-3,-11,-3,-11,0,0,0,0,0,0,0,0,0,0,0,0,0,0,0,0,0,0,0,0,0,0,-3,-11,-2,-12,-1,-12,-1,-13,0,-13,0,-14,1,-14,1,-14,2,-14,2,-14,3,-13,3,-13,2,-13,2,-13,2,-13,2,-13,1,-13,0,-13,0,-14,-1,-14,-1,-14,-1,-14,-2,-14,-2,-15,-2,-15,-2,-15]"
2025-08-18 23:00:30.314628,CSI_DATA,925,1a:00:00:00:00:00,-38,11,0,0,0,0,0,0,0,0,0,-92,0,1,0,157676833,0,31,0,128,0,"[0,0,-15,2,-15,3,-14,3,-14,3,-14,3,-14,3,-13,4,-13,4,-12,4,-12,5,-12,5,-11,6,-11,6,-11,6,-12,6,-11,6,-12,6,-12,6,-12,6,-12,6,-12,5,-12,5,-12,4,-12,4,-12,3,-12,2,0,0,0,0,0,0,0,0,0,0,0,0,0,0,0,0,0,0,0,0,0,0,-11,4,-12,3,-13,3,-13,2,-14,1,-14,1,-14,0,-14,-1,-14,-1,-14,-2,-14,-2,-14,-2,-14,-1,-14,-1,-13,-1,-14,-1,-13,0,-14,0,-14,1,-14,1,-14,1,-15,2,-15,2,-15,3,-15,3,-15,3]"
2025-08-18 23:00:30.716001,CSI_DATA,926,1a:00:00:00:00:00,-38,11,0,0,0,0,0,0,0,0,0,-92,0,1,0,157878114,0,31,0,128,0,"[0,0,-14,6,-14,6,-13,6,-13,7,-13,7,-12,7,-12,7,-11,7,-11,7,-10,8,-10,8,-9,8,-9,9,-9,9,-9,9,-9,9,-9,9,-10,9,-10,9,-10,9,-10,8,-10,8,-10,7,-10,7,-10,6,-11,5,0,0,0,0,0,0,0,0,0,0,0,0,0,0,0,0,0,0,0,0,0,0,-10,6,-11,6,-12,5,-12,5,-13,5,-13,4,-14,3,-14,3,-14,3,-14,2,-14,2,-14,1,-14,2,-14,2,-13,2,-13,2,-13,3,-13,4,-13,4,-13,5,-13,5,-13,5,-14,6,-14,6,-14,7,-14,6]"
2025-08-18 23:00:30.722246,CSI_DATA,927,1a:00:00:00:00:00,-38,11,0,0,0,0,0,0,0,0,0,-92,0,1,0,158079305,0,31,0,128,0,"[0,0,8,-12,7,-13,7,-12,7,-13,6,-12,6,-12,6,-12,5,-12,4,-12,4,-12,3,-12,3,-12,2,-12,2,-12,2,-13,2,-13,2,-13,2,-13,3,-13,3,-13,3,-12,4,-12,4,-12,4,-11,5,-11,5,-10,0,0,0,0,0,0,0,0,0,0,0,0,0,0,0,0,0,0,0,0,0,0,4,-11,5,-11,6,-11,7,-11,7,-11,8,-10,9,-10,9,-10,9,-9,10,-9,10,-9,9,-9,9,-9,9,-9,9,-9,9,-9,8,-9,8,-10,8,-11,8,-11,7,-11,8,-12,7,-12,7,-12,7,-12,8,-12]"
2025-08-18 23:00:30.920701,CSI_DATA,928,1a:00:00:00:00:00,-38,11,0,0,0,0,0,0,0,0,0,-92,0,1,0,158280485,0,31,0,128,0,"[0,0,-15,-1,-15,-1,-14,-1,-14,0,-14,0,-13,0,-13,0,-13,1,-13,1,-12,2,-12,2,-12,3,-12,3,-12,3,-12,3,-12,4,-13,4,-13,3,-13,3,-13,3,-13,2,-13,2,-12,1,-12,1,-11,0,-12,0,0,0,0,0,0,0,0,0,0,0,0,0,0,0,0,0,0,0,0,0,0,0,-11,1,-12,0,-12,-1,-13,-1,-13,-2,-13,-2,-13,-3,-13,-4,-13,-4,-13,-5,-13,-4,-13,-5,-12,-5,-12,-4,-12,-4,-12,-4,-13,-3,-13,-3,-13,-2,-13,-2,-14,-2,-14,-2,-14,-1,-15,-1,-15,-1,-15,-1]"
2025-08-18 23:00:31.135224,CSI_DATA,929,1a:00:00:00:00:00,-38,11,0,0,0,0,0,0,0,0,0,-92,0,1,0,158481617,0,31,0,128,0,"[0,0,-9,-12,-9,-12,-9,-12,-9,-12,-9,-11,-9,-11,-9,-11,-9,-10,-9,-9,-10,-9,-10,-8,-10,-8,-10,-8,-10,-7,-11,-8,-11,-7,-11,-8,-11,-8,-11,-8,-11,-9,-10,-9,-10,-9,-9,-9,-9,-9,-8,-9,-7,-9,0,0,0,0,0,0,0,0,0,0,0,0,0,0,0,0,0,0,0,0,0,0,-8,-9,-8,-9,-8,-10,-7,-11,-7,-12,-7,-12,-6,-13,-6,-13,-5,-13,-5,-13,-5,-13,-5,-13,-5,-13,-5,-12,-5,-12,-5,-12,-6,-12,-6,-12,-7,-12,-7,-12,-7,-12,-8,-12,-9,-12,-9,-12,-9,-12,-9,-12]"
2025-08-18 23:00:31.176060,CSI_DATA,930,1a:00:00:00:00:00,-38,11,0,0,0,0,0,0,0,0,0,-92,0,1,0,158542426,0,42,0,128,0,"[0,0,14,3,14,2,13,2,13,2,13,1,13,1,12,1,12,0,12,0,12,-1,12,-1,12,-2,12,-2,11,-3,12,-3,12,-3,12,-3,12,-3,13,-2,12,-2,12,-2,12,-1,12,0,11,0,11,0,10,1,0,0,0,0,0,0,0,0,0,0,0,0,0,0,0,0,0,0,0,0,0,0,11,0,11,1,12,1,11,2,12,3,12,4,12,4,12,5,12,5,11,6,11,6,11,6,11,6,11,5,11,5,11,5,11,4,12,4,12,4,12,3,13,3,13,2,13,2,14,2,14,3,14,2]"
2025-08-18 23:00:31.249127,CSI_DATA,931,1a:00:00:00:00:00,-38,11,0,0,0,0,0,0,0,0,0,-92,0,1,0,158611242,0,31,0,128,0,"[0,0,-11,11,-10,10,-10,10,-10,10,-9,10,-9,10,-8,10,-8,10,-7,10,-7,10,-6,10,-6,10,-6,11,-6,11,-5,11,-6,11,-6,11,-6,11,-6,11,-7,11,-7,10,-7,10,-7,10,-7,9,-8,8,-8,8,0,0,0,0,0,0,0,0,0,0,0,0,0,0,0,0,0,0,0,0,0,0,-6,9,-7,9,-8,9,-9,9,-10,8,-10,8,-11,8,-11,8,-11,7,-11,7,-12,6,-12,6,-11,7,-11,7,-11,7,-11,6,-11,7,-10,7,-11,8,-10,8,-10,9,-10,9,-10,10,-10,10,-10,11,-10,10]"
2025-08-18 23:00:31.448610,CSI_DATA,932,1a:00:00:00:00:00,-38,11,0,0,0,0,0,0,0,0,0,-92,0,1,0,158812589,0,31,0,128,0,"[0,0,6,13,6,12,6,12,6,12,6,12,6,11,6,11,7,10,7,9,7,9,7,9,8,8,8,9,8,8,8,8,8,8,8,9,8,9,9,9,8,9,8,9,7,9,6,9,6,9,5,9,4,9,0,0,0,0,0,0,0,0,0,0,0,0,0,0,0,0,0,0,0,0,0,0,6,9,6,9,5,10,5,11,4,11,4,12,3,12,3,12,3,13,2,12,2,12,2,12,2,12,2,12,2,12,2,12,3,12,3,11,4,12,4,12,5,12,5,12,6,12,6,12,6,13,6,12]"
2025-08-18 23:00:31.669312,CSI_DATA,933,1a:00:00:00:00:00,-38,11,0,0,0,0,0,0,0,0,0,-92,0,1,0,159014327,0,31,0,128,0,"[0,0,-16,-1,-16,-1,-15,-1,-15,-1,-15,0,-14,0,-14,0,-14,1,-14,1,-13,2,-13,2,-13,3,-13,3,-13,3,-13,4,-13,4,-14,3,-14,3,-14,3,-14,3,-14,2,-13,2,-13,1,-13,1,-12,0,-12,-1,0,0,0,0,0,0,0,0,0,0,0,0,0,0,0,0,0,0,0,0,0,0,-12,1,-12,0,-13,-1,-13,-2,-14,-2,-14,-3,-14,-4,-14,-4,-14,-5,-14,-5,-14,-5,-13,-5,-13,-5,-13,-5,-13,-4,-13,-4,-13,-3,-14,-3,-14,-3,-14,-2,-14,-2,-15,-2,-15,-1,-16,-1,-16,-1,-16,-1]"
2025-08-18 23:00:31.852097,CSI_DATA,934,1a:00:00:00:00:00,-38,11,0,0,0,0,0,0,0,0,0,-92,0,1,0,159215507,0,31,0,128,0,"[0,0,-4,14,-4,14,-4,13,-4,13,-3,13,-3,13,-3,12,-2,12,-2,12,-1,12,-1,12,0,12,0,12,0,12,1,12,1,12,1,13,1,12,0,13,0,12,-1,12,-1,12,-2,12,-2,11,-3,11,-3,10,0,0,0,0,0,0,0,0,0,0,0,0,0,0,0,0,0,0,0,0,0,0,-1,11,-2,11,-3,11,-4,11,-5,12,-5,11,-6,11,-7,11,-7,11,-7,11,-7,11,-7,11,-7,11,-7,11,-6,11,-6,11,-6,11,-5,12,-5,12,-5,12,-5,12,-5,13,-4,14,-4,14,-4,14,-4,14]"
2025-08-18 23:00:32.051235,CSI_DATA,935,1a:00:00:00:00:00,-38,11,0,0,0,0,0,0,0,0,0,-92,0,1,0,159416078,0,31,0,128,0,"[0,0,14,-1,14,-2,13,-1,13,-2,13,-2,13,-2,12,-3,12,-3,12,-4,12,-4,11,-4,11,-5,11,-5,11,-5,11,-6,11,-6,11,-6,11,-6,11,-5,12,-5,11,-5,11,-4,11,-3,11,-3,11,-2,10,-2,0,0,0,0,0,0,0,0,0,0,0,0,0,0,0,0,0,0,0,0,0,0,10,-2,11,-2,11,-1,12,0,12,0,12,1,13,1,13,2,12,2,12,3,12,3,12,3,12,3,12,3,12,2,12,2,12,1,12,1,12,0,13,0,13,0,13,-1,14,-1,14,-1,14,-1,14,-1]"
2025-08-18 23:00:32.250795,CSI_DATA,936,1a:00:00:00:00:00,-38,11,0,0,0,0,0,0,0,0,0,-92,0,1,0,159617174,0,31,0,128,0,"[0,0,14,3,14,3,13,2,14,2,13,2,13,2,13,1,12,1,12,0,12,-1,12,-1,12,-1,12,-2,12,-2,12,-2,12,-3,13,-2,13,-2,13,-2,13,-2,12,-1,12,-1,12,0,11,0,11,1,10,2,0,0,0,0,0,0,0,0,0,0,0,0,0,0,0,0,0,0,0,0,0,0,11,1,11,2,11,2,11,3,12,4,12,5,12,5,11,6,11,6,11,7,11,7,11,7,10,6,11,6,11,6,11,6,11,5,12,4,12,4,12,4,12,4,13,3,13,3,13,3,14,3,14,3]"
2025-08-18 23:00:32.461383,CSI_DATA,937,1a:00:00:00:00:00,-38,11,0,0,0,0,0,0,0,0,0,-92,0,1,0,159818567,0,31,0,128,0,"[0,0,-14,-6,-14,-5,-14,-5,-14,-5,-14,-5,-13,-4,-13,-4,-13,-3,-13,-3,-13,-2,-13,-2,-13,-1,-13,-1,-13,-1,-13,0,-13,0,-13,-1,-13,-1,-14,-1,-13,-1,-13,-2,-13,-2,-12,-3,-12,-3,-11,-3,-11,-4,0,0,0,0,0,0,0,0,0,0,0,0,0,0,0,0,0,0,0,0,0,0,-11,-3,-12,-4,-12,-4,-12,-5,-12,-6,-12,-7,-12,-7,-12,-8,-11,-8,-11,-9,-11,-9,-11,-9,-11,-8,-11,-8,-11,-8,-11,-8,-11,-7,-12,-7,-12,-7,-12,-6,-13,-6,-13,-6,-13,-6,-14,-6,-14,-6,-14,-6]"
2025-08-18 23:00:32.656036,CSI_DATA,938,1a:00:00:00:00:00,-38,11,0,0,0,0,0,0,0,0,0,-92,0,1,0,160019513,0,31,0,128,0,"[0,0,15,3,14,3,14,3,14,2,14,2,13,2,13,1,13,1,13,1,12,0,12,-1,12,-1,13,-2,12,-2,13,-2,13,-2,13,-2,13,-2,13,-2,13,-1,13,-1,12,0,12,0,12,1,11,1,11,2,0,0,0,0,0,0,0,0,0,0,0,0,0,0,0,0,0,0,0,0,0,0,11,1,11,2,12,2,12,3,12,4,12,5,12,6,12,6,12,7,11,7,11,7,11,7,11,7,11,6,11,6,11,6,11,5,12,5,12,4,12,4,13,4,13,4,14,4,14,3,14,3,15,3]"
2025-08-18 23:00:32.717091,CSI_DATA,939,1a:00:00:00:00:00,-38,11,0,0,0,0,0,0,0,0,0,-92,0,1,0,160080326,0,42,0,128,0,"[0,0,13,-6,13,-7,12,-6,12,-6,12,-7,12,-6,11,-7,11,-7,10,-7,10,-8,9,-8,9,-8,9,-9,9,-9,9,-9,9,-9,9,-9,9,-9,10,-9,10,-8,10,-8,10,-7,10,-7,10,-6,9,-6,10,-5,0,0,0,0,0,0,0,0,0,0,0,0,0,0,0,0,0,0,0,0,0,0,9,-7,10,-6,10,-6,11,-5,12,-5,12,-4,13,-3,13,-3,13,-3,13,-2,13,-2,12,-2,13,-2,12,-2,12,-2,12,-3,12,-3,12,-4,12,-4,12,-5,12,-5,13,-6,13,-6,13,-6,13,-6,13,-6]"
2025-08-18 23:00:32.782108,CSI_DATA,940,1a:00:00:00:00:00,-38,11,0,0,0,0,0,0,0,0,0,-92,0,1,0,160144941,0,31,0,128,0,"[0,0,-5,14,-5,13,-5,13,-5,13,-4,13,-4,13,-4,12,-3,12,-2,12,-2,12,-2,12,-1,12,-1,12,0,12,0,12,0,12,0,13,-1,12,-1,12,-1,12,-1,12,-2,12,-3,12,-3,11,-4,10,-4,10,0,0,0,0,0,0,0,0,0,0,0,0,0,0,0,0,0,0,0,0,0,0,-3,11,-3,11,-4,11,-5,11,-6,11,-7,11,-7,12,-7,11,-8,11,-9,10,-9,10,-9,10,-8,10,-8,10,-8,10,-7,10,-7,11,-7,11,-6,11,-6,12,-6,12,-5,13,-5,13,-6,13,-6,13,-6,13]"
2025-08-18 23:00:32.984394,CSI_DATA,941,1a:00:00:00:00:00,-38,11,0,0,0,0,0,0,0,0,0,-92,0,1,0,160347122,0,31,0,128,0,"[0,0,13,7,12,6,12,6,12,6,12,5,11,5,12,4,12,4,11,3,11,3,11,3,11,2,11,2,12,2,12,1,12,1,12,2,12,2,12,2,12,2,12,3,11,3,11,4,10,4,10,4,9,5,0,0,0,0,0,0,0,0,0,0,0,0,0,0,0,0,0,0,0,0,0,0,10,3,11,4,10,5,10,5,10,6,10,7,10,8,10,8,10,8,9,9,9,9,8,9,8,8,8,8,9,8,9,8,9,8,10,7,10,7,11,6,11,7,12,6,12,6,12,6,12,7,13,6]"
2025-08-18 23:00:33.193117,CSI_DATA,942,1a:00:00:00:00:00,-38,11,0,0,0,0,0,0,0,0,0,-92,0,1,0,160547254,0,31,0,128,0,"[0,0,8,-13,7,-13,7,-13,7,-12,6,-13,6,-12,5,-12,5,-12,4,-12,4,-12,3,-12,3,-13,2,-13,2,-13,2,-13,2,-13,2,-13,2,-14,3,-13,3,-13,4,-13,4,-12,4,-12,4,-12,5,-11,5,-10,0,0,0,0,0,0,0,0,0,0,0,0,0,0,0,0,0,0,0,0,0,0,4,-11,5,-11,6,-11,7,-11,7,-11,8,-11,9,-10,9,-10,9,-9,10,-9,10,-9,10,-9,9,-9,9,-9,9,-9,9,-9,9,-10,8,-10,8,-11,8,-11,8,-11,8,-12,7,-12,7,-13,7,-13,8,-13]"
2025-08-18 23:00:33.391690,CSI_DATA,943,1a:00:00:00:00:00,-38,11,0,0,0,0,0,0,0,0,0,-92,0,1,0,160748398,0,31,0,128,0,"[0,0,-12,-10,-12,-9,-11,-9,-11,-9,-11,-9,-11,-8,-11,-8,-11,-7,-11,-7,-11,-6,-12,-6,-12,-5,-12,-5,-12,-5,-12,-5,-12,-5,-12,-5,-12,-5,-13,-5,-12,-6,-12,-6,-11,-6,-11,-7,-10,-7,-10,-7,-9,-7,0,0,0,0,0,0,0,0,0,0,0,0,0,0,0,0,0,0,0,0,0,0,-10,-6,-10,-7,-10,-8,-10,-8,-10,-9,-9,-10,-9,-10,-9,-11,-8,-11,-8,-11,-8,-11,-7,-11,-7,-11,-8,-11,-8,-10,-8,-10,-9,-10,-9,-10,-9,-10,-10,-10,-10,-10,-10,-10,-11,-9,-12,-9,-12,-10,-12,-10]"
2025-08-18 23:00:33.586332,CSI_DATA,944,1a:00:00:00:00:00,-38,11,0,0,0,0,0,0,0,0,0,-92,0,1,0,160949552,0,31,0,128,0,"[0,0,-14,5,-14,5,-14,5,-13,5,-13,5,-13,5,-12,5,-12,6,-12,6,-11,6,-11,7,-10,7,-10,7,-10,8,-10,8,-10,8,-10,8,-10,8,-11,8,-11,7,-11,7,-11,7,-11,6,-11,6,-11,5,-11,4,0,0,0,0,0,0,0,0,0,0,0,0,0,0,0,0,0,0,0,0,0,0,-10,5,-11,4,-12,4,-12,3,-13,3,-13,2,-14,1,-14,1,-14,0,-14,0,-14,0,-13,0,-14,0,-13,1,-13,1,-13,1,-13,1,-13,2,-13,2,-13,3,-13,3,-14,4,-14,4,-14,4,-14,5,-14,5]"
2025-08-18 23:00:33.794845,CSI_DATA,945,1a:00:00:00:00:00,-38,11,0,0,0,0,0,0,0,0,0,-92,0,1,0,161150938,0,31,0,128,0,"[0,0,-14,-8,-13,-8,-14,-8,-13,-7,-14,-7,-13,-7,-13,-6,-13,-5,-13,-5,-13,-4,-13,-4,-13,-3,-13,-3,-13,-3,-13,-3,-14,-3,-13,-3,-14,-3,-14,-4,-13,-4,-13,-4,-13,-5,-12,-5,-12,-5,-11,-6,-11,-6,0,0,0,0,0,0,0,0,0,0,0,0,0,0,0,0,0,0,0,0,0,0,-11,-4,-12,-5,-11,-6,-12,-7,-12,-7,-12,-9,-11,-9,-11,-10,-10,-10,-10,-10,-10,-10,-10,-10,-10,-10,-10,-10,-10,-10,-10,-9,-11,-9,-11,-8,-12,-8,-12,-8,-12,-8,-13,-8,-13,-7,-13,-8,-14,-8,-14,-8]"
2025-08-18 23:00:33.994526,CSI_DATA,946,1a:00:00:00:00:00,-38,11,0,0,0,0,0,0,0,0,0,-92,0,1,0,161352092,0,31,0,128,0,"[0,0,-5,-15,-5,-14,-5,-14,-5,-13,-6,-14,-6,-13,-6,-13,-6,-12,-7,-12,-7,-11,-8,-11,-8,-10,-8,-10,-9,-10,-9,-10,-9,-10,-9,-10,-9,-11,-9,-11,-8,-11,-8,-11,-7,-11,-7,-11,-6,-11,-6,-11,-5,-11,0,0,0,0,0,0,0,0,0,0,0,0,0,0,0,0,0,0,0,0,0,0,-6,-11,-5,-11,-5,-12,-4,-13,-4,-13,-3,-14,-2,-14,-2,-14,-1,-14,-1,-14,-1,-14,-1,-14,-1,-14,-1,-13,-1,-13,-2,-13,-2,-13,-3,-13,-3,-14,-4,-13,-4,-14,-4,-14,-5,-14,-5,-14,-6,-14,-5,-15]"
2025-08-18 23:00:34.190253,CSI_DATA,947,1a:00:00:00:00:00,-38,11,0,0,0,0,0,0,0,0,0,-92,0,1,0,161553187,0,31,0,128,0,"[0,0,10,10,10,9,10,9,10,9,10,8,10,8,10,7,10,7,10,6,10,6,10,5,10,5,10,5,10,4,11,4,11,4,11,5,11,5,11,5,11,5,10,6,10,6,9,6,9,6,8,6,8,7,0,0,0,0,0,0,0,0,0,0,0,0,0,0,0,0,0,0,0,0,0,0,9,5,8,6,8,7,8,8,8,9,8,9,7,10,7,10,7,11,6,11,6,11,6,11,6,11,6,10,6,10,6,10,7,9,7,9,8,9,9,9,8,9,9,9,10,9,10,9,10,9,10,9]"
2025-08-18 23:00:34.247888,CSI_DATA,948,1a:00:00:00:00:00,-38,11,0,0,0,0,0,0,0,0,0,-92,0,1,0,161613939,0,42,0,128,0,"[0,0,15,1,14,1,14,1,14,0,14,0,13,-1,13,-1,13,-2,13,-2,12,-2,12,-2,12,-3,12,-4,12,-4,12,-4,13,-4,12,-4,13,-4,13,-4,13,-3,13,-3,12,-3,12,-2,12,-1,11,-1,11,0,0,0,0,0,0,0,0,0,0,0,0,0,0,0,0,0,0,0,0,0,0,0,11,-1,12,0,12,0,12,1,12,2,13,3,13,3,13,4,13,4,12,4,12,5,12,5,12,5,12,4,12,4,12,4,12,4,12,3,13,2,13,2,13,2,14,1,14,1,14,1,15,1,15,1]"
2025-08-18 23:00:34.328043,CSI_DATA,949,1a:00:00:00:00:00,-38,11,0,0,0,0,0,0,0,0,0,-92,0,1,0,161684867,0,31,0,128,0,"[0,0,-14,-9,-13,-9,-13,-8,-13,-8,-13,-7,-12,-7,-12,-7,-12,-6,-12,-5,-13,-5,-13,-4,-13,-4,-13,-4,-13,-3,-13,-3,-14,-3,-14,-3,-14,-4,-14,-4,-14,-4,-13,-5,-13,-5,-12,-5,-12,-6,-11,-6,-10,-6,0,0,0,0,0,0,0,0,0,0,0,0,0,0,0,0,0,0,0,0,0,0,-11,-5,-11,-6,-11,-7,-11,-7,-11,-8,-11,-9,-11,-10,-10,-10,-10,-10,-10,-11,-9,-11,-9,-11,-9,-11,-10,-10,-9,-10,-9,-10,-10,-9,-11,-9,-11,-9,-12,-9,-12,-9,-12,-8,-13,-9,-13,-8,-13,-8,-14,-8]"
2025-08-18 23:00:34.521062,CSI_DATA,950,1a:00:00:00:00:00,-38,11,0,0,0,0,0,0,0,0,0,-92,0,1,0,161885663,0,31,0,128,0,"[0,0,4,14,4,14,4,13,5,13,5,13,4,13,5,12,5,12,5,11,6,11,7,10,7,9,8,10,8,10,8,10,8,10,8,10,8,10,7,11,7,11,6,11,6,11,5,11,5,10,4,10,4,10,0,0,0,0,0,0,0,0,0,0,0,0,0,0,0,0,0,0,0,0,0,0,5,10,5,11,4,11,3,12,3,13,2,13,1,13,1,13,0,13,0,13,0,13,0,13,0,13,1,13,1,13,1,13,1,12,2,13,2,13,3,13,3,13,3,13,4,14,5,14,5,14,5,14]"
2025-08-18 23:00:34.741546,CSI_DATA,951,1a:00:00:00:00:00,-38,11,0,0,0,0,0,0,0,0,0,-92,0,1,0,162086813,0,31,0,128,0,"[0,0,-15,2,-15,2,-15,2,-14,2,-14,2,-13,2,-13,3,-13,3,-13,4,-12,4,-12,4,-11,5,-12,5,-12,6,-11,6,-11,6,-12,6,-12,6,-12,6,-12,5,-12,5,-12,4,-12,4,-12,3,-11,2,-11,2,0,0,0,0,0,0,0,0,0,0,0,0,0,0,0,0,0,0,0,0,0,0,-11,3,-12,2,-12,1,-13,0,-13,0,-14,-1,-14,-1,-14,-2,-14,-2,-13,-3,-14,-3,-13,-3,-13,-3,-13,-2,-13,-2,-13,-2,-13,-1,-13,-1,-14,0,-14,0,-14,0,-14,1,-14,1,-15,1,-15,2,-15,2]"
2025-08-18 23:00:34.930729,CSI_DATA,952,1a:00:00:00:00:00,-38,11,0,0,0,0,0,0,0,0,0,-92,0,1,0,162288087,0,31,0,128,0,"[0,0,5,-14,5,-14,5,-14,4,-14,4,-14,4,-13,3,-13,2,-13,2,-13,1,-13,1,-13,0,-13,0,-13,0,-13,0,-13,0,-13,0,-13,0,-14,0,-14,1,-13,1,-13,1,-13,2,-12,2,-12,2,-12,3,-11,0,0,0,0,0,0,0,0,0,0,0,0,0,0,0,0,0,0,0,0,0,0,2,-11,3,-12,4,-12,5,-12,5,-12,6,-12,7,-12,7,-11,8,-11,8,-11,8,-11,8,-11,8,-11,7,-11,7,-11,7,-11,6,-11,6,-11,6,-12,6,-12,5,-13,5,-13,5,-13,5,-14,5,-14,5,-14]"
2025-08-18 23:00:35.126095,CSI_DATA,953,1a:00:00:00:00:00,-38,11,0,0,0,0,0,0,0,0,0,-92,0,1,0,162489384,0,31,0,128,0,"[0,0,-4,14,-3,14,-3,13,-3,13,-2,13,-2,13,-2,12,-1,12,-1,12,0,12,0,12,1,12,1,12,1,12,2,12,2,12,1,12,1,12,1,12,1,12,0,12,0,12,-1,12,-1,11,-2,11,-2,11,0,0,0,0,0,0,0,0,0,0,0,0,0,0,0,0,0,0,0,0,0,0,-1,11,-2,11,-3,12,-4,11,-4,12,-5,12,-5,12,-6,12,-6,12,-7,11,-7,11,-7,11,-7,11,-6,11,-6,11,-6,11,-5,11,-5,12,-5,12,-4,12,-4,13,-4,13,-4,13,-3,14,-3,14,-3,14]"
2025-08-18 23:00:35.327823,CSI_DATA,954,1a:00:00:00:00:00,-38,11,0,0,0,0,0,0,0,0,0,-92,0,1,0,162690521,0,31,0,128,0,"[0,0,6,-13,6,-13,6,-13,6,-13,5,-13,5,-13,4,-13,4,-13,3,-12,2,-12,2,-12,1,-13,1,-13,1,-13,1,-13,1,-13,1,-13,1,-14,1,-14,1,-13,2,-13,2,-13,2,-12,3,-12,3,-11,4,-11,0,0,0,0,0,0,0,0,0,0,0,0,0,0,0,0,0,0,0,0,0,0,4,-11,4,-11,5,-11,6,-11,7,-11,7,-11,8,-11,8,-11,9,-10,9,-10,9,-10,9,-9,9,-10,9,-10,8,-10,8,-10,7,-10,7,-11,7,-11,7,-12,6,-12,6,-12,6,-13,6,-13,6,-13,6,-14]"
2025-08-18 23:00:35.533466,CSI_DATA,955,1a:00:00:00:00:00,-38,11,0,0,0,0,0,0,0,0,0,-92,0,1,0,162891634,0,31,0,128,0,"[0,0,-13,-8,-13,-7,-13,-7,-13,-7,-13,-6,-12,-6,-12,-6,-12,-5,-12,-5,-12,-4,-12,-3,-12,-3,-12,-3,-12,-3,-13,-2,-13,-2,-13,-2,-13,-3,-13,-3,-13,-3,-13,-4,-12,-4,-12,-4,-11,-4,-11,-5,-10,-5,0,0,0,0,0,0,0,0,0,0,0,0,0,0,0,0,0,0,0,0,0,0,-11,-5,-11,-5,-11,-6,-10,-7,-11,-8,-10,-9,-10,-9,-10,-10,-9,-10,-9,-10,-9,-10,-9,-10,-9,-10,-9,-10,-9,-9,-9,-9,-9,-9,-10,-8,-11,-8,-11,-8,-11,-8,-12,-8,-12,-8,-13,-7,-13,-8,-13,-8]"
2025-08-18 23:00:35.728211,CSI_DATA,956,1a:00:00:00:00:00,-38,11,0,0,0,0,0,0,0,0,0,-92,0,1,0,163092792,0,31,0,128,0,"[0,0,14,-1,14,-1,13,-1,13,-2,13,-2,12,-2,12,-2,12,-3,12,-3,11,-4,11,-4,11,-5,11,-5,11,-5,11,-5,11,-5,11,-5,11,-5,12,-5,12,-4,11,-4,11,-3,11,-3,11,-2,11,-2,10,-1,0,0,0,0,0,0,0,0,0,0,0,0,0,0,0,0,0,0,0,0,0,0,10,-3,11,-3,11,-2,11,-1,12,-1,12,0,12,1,12,1,12,2,12,2,12,2,12,2,12,2,12,2,12,1,12,1,12,1,12,1,12,0,12,0,12,0,13,-1,13,-1,13,-1,14,-1,14,-1]"
2025-08-18 23:00:35.796215,CSI_DATA,957,1a:00:00:00:00:00,-38,11,0,0,0,0,0,0,0,0,0,-92,0,1,0,163153560,0,42,0,128,0,"[0,0,-14,-8,-13,-7,-13,-7,-13,-7,-13,-6,-13,-6,-12,-6,-12,-5,-12,-5,-13,-4,-13,-4,-12,-3,-13,-3,-13,-2,-13,-2,-13,-2,-13,-2,-14,-3,-14,-3,-13,-3,-13,-4,-12,-4,-12,-5,-12,-5,-11,-5,-10,-6,0,0,0,0,0,0,0,0,0,0,0,0,0,0,0,0,0,0,0,0,0,0,-11,-4,-11,-5,-12,-6,-11,-6,-12,-7,-11,-8,-11,-9,-11,-9,-10,-9,-10,-10,-10,-10,-9,-10,-10,-10,-10,-9,-10,-9,-10,-9,-10,-8,-11,-8,-11,-8,-12,-8,-12,-8,-12,-8,-13,-7,-13,-7,-13,-7,-13,-7]"
2025-08-18 23:00:35.856796,CSI_DATA,958,1a:00:00:00:00:00,-38,11,0,0,0,0,0,0,0,0,0,-92,0,1,0,163217606,0,31,0,128,0,"[0,0,-15,1,-15,1,-14,1,-14,1,-14,1,-14,2,-13,2,-13,2,-13,3,-12,3,-12,4,-12,4,-12,4,-12,5,-12,5,-12,5,-12,5,-12,5,-12,5,-13,5,-12,4,-12,4,-12,3,-12,2,-12,2,-12,1,0,0,0,0,0,0,0,0,0,0,0,0,0,0,0,0,0,0,0,0,0,0,-11,2,-12,1,-13,0,-13,0,-13,-1,-13,-2,-14,-2,-14,-3,-13,-3,-13,-4,-13,-4,-13,-4,-13,-4,-13,-3,-13,-3,-13,-3,-13,-2,-13,-2,-13,-1,-14,-1,-14,-1,-14,0,-15,0,-15,0,-15,0,-15,1]"
2025-08-18 23:00:36.055425,CSI_DATA,959,1a:00:00:00:00:00,-39,11,0,0,0,0,0,0,0,0,0,-92,0,1,0,163419974,0,31,0,128,0,"[0,0,14,3,13,2,14,2,13,2,13,1,12,1,12,1,12,0,12,-1,12,-1,12,-2,12,-2,11,-2,12,-3,12,-3,12,-3,12,-3,13,-3,12,-2,12,-2,12,-2,12,-1,11,0,11,0,11,0,10,1,0,0,0,0,0,0,0,0,0,0,0,0,0,0,0,0,0,0,0,0,0,0,11,0,11,1,11,1,12,2,12,3,12,3,12,4,12,5,12,5,11,5,11,6,11,6,11,5,11,5,11,5,11,4,11,4,11,3,12,3,12,3,12,3,13,3,13,2,14,2,14,2,14,2]"
2025-08-18 23:00:36.258764,CSI_DATA,960,1a:00:00:00:00:00,-38,11,0,0,0,0,0,0,0,0,0,-92,0,1,0,163621543,0,31,0,128,0,"[0,0,12,7,12,7,12,7,12,6,11,6,11,6,11,5,11,5,11,4,11,3,11,3,11,3,11,3,11,2,12,2,12,2,12,2,12,3,12,3,12,3,12,4,11,4,11,4,10,5,9,5,9,5,0,0,0,0,0,0,0,0,0,0,0,0,0,0,0,0,0,0,0,0,0,0,10,3,10,4,10,5,10,6,10,6,10,7,10,8,9,8,9,9,9,9,8,9,8,9,8,9,8,9,8,9,8,8,9,8,9,7,10,7,10,7,10,7,11,7,11,7,12,7,12,7,12,7]"
2025-08-18 23:00:36.473595,CSI_DATA,961,1a:00:00:00:00:00,-38,11,0,0,0,0,0,0,0,0,0,-92,0,1,0,163821144,0,31,0,128,0,"[0,0,-15,2,-15,2,-15,2,-14,2,-14,2,-14,3,-13,3,-13,4,-13,4,-12,4,-12,5,-12,5,-12,5,-12,6,-12,6,-12,6,-12,6,-12,6,-13,6,-13,5,-13,5,-12,4,-12,4,-12,3,-12,2,-12,2,0,0,0,0,0,0,0,0,0,0,0,0,0,0,0,0,0,0,0,0,0,0,-11,3,-12,3,-13,2,-13,2,-13,1,-14,0,-14,-1,-14,-1,-14,-1,-14,-2,-14,-2,-14,-2,-14,-2,-13,-2,-14,-2,-13,-1,-14,-1,-14,0,-14,0,-14,1,-14,1,-14,1,-15,2,-15,2,-15,2,-15,2]"
2025-08-18 23:00:36.664267,CSI_DATA,962,1a:00:00:00:00:00,-38,11,0,0,0,0,0,0,0,0,0,-92,0,1,0,164022301,0,31,0,128,0,"[0,0,-4,-15,-5,-15,-5,-15,-5,-14,-6,-14,-5,-13,-6,-13,-6,-13,-6,-12,-7,-12,-7,-11,-8,-11,-8,-11,-8,-11,-8,-10,-9,-11,-8,-11,-9,-11,-9,-11,-8,-11,-8,-12,-7,-12,-6,-11,-6,-12,-5,-11,-5,-11,0,0,0,0,0,0,0,0,0,0,0,0,0,0,0,0,0,0,0,0,0,0,-5,-11,-5,-12,-4,-12,-3,-13,-3,-13,-2,-14,-2,-14,-1,-14,0,-14,0,-14,0,-14,0,-14,0,-14,0,-14,-1,-14,-1,-13,-2,-14,-2,-13,-3,-14,-3,-14,-3,-14,-4,-14,-4,-14,-5,-15,-5,-15,-4,-15]"
2025-08-18 23:00:36.858091,CSI_DATA,963,1a:00:00:00:00:00,-39,11,0,0,0,0,0,0,0,0,0,-92,0,1,0,164223543,0,31,0,128,0,"[0,0,14,1,14,0,14,0,14,0,13,0,13,0,13,-1,12,-1,12,-2,12,-3,12,-3,12,-4,11,-4,11,-4,12,-4,12,-4,12,-4,12,-4,13,-4,13,-3,12,-3,12,-2,12,-2,12,-1,11,-1,11,0,0,0,0,0,0,0,0,0,0,0,0,0,0,0,0,0,0,0,0,0,0,0,11,-2,11,-1,12,0,12,1,13,1,13,2,13,3,13,3,13,3,13,4,12,4,12,4,12,4,12,4,12,3,12,3,12,3,12,2,12,2,13,1,13,1,13,1,14,1,14,0,14,0,14,0]"
2025-08-18 23:00:37.071594,CSI_DATA,964,1a:00:00:00:00:00,-38,11,0,0,0,0,0,0,0,0,0,-92,0,1,0,164424750,0,31,0,128,0,"[0,0,-15,-5,-15,-4,-15,-4,-14,-4,-14,-4,-14,-3,-14,-3,-13,-2,-13,-2,-13,-1,-13,-1,-13,-1,-13,0,-13,0,-14,1,-13,1,-14,1,-14,0,-14,0,-14,0,-14,-1,-13,-1,-13,-2,-13,-2,-12,-3,-12,-3,0,0,0,0,0,0,0,0,0,0,0,0,0,0,0,0,0,0,0,0,0,0,-12,-2,-12,-3,-13,-4,-13,-4,-13,-5,-13,-6,-13,-7,-12,-7,-12,-7,-12,-8,-12,-8,-12,-8,-11,-8,-11,-8,-11,-7,-12,-7,-12,-6,-12,-6,-13,-6,-13,-5,-13,-5,-14,-5,-14,-5,-14,-5,-15,-5,-15,-5]"
2025-08-18 23:00:37.273640,CSI_DATA,965,1a:00:00:00:00:00,-38,11,0,0,0,0,0,0,0,0,0,-92,0,1,0,164625864,0,31,0,128,0,"[0,0,-10,10,-10,10,-10,10,-10,10,-9,10,-9,10,-8,10,-8,10,-7,10,-7,10,-6,10,-6,11,-6,10,-5,11,-5,11,-5,11,-5,12,-6,11,-6,11,-6,11,-7,11,-6,10,-7,10,-7,9,-7,8,-8,8,0,0,0,0,0,0,0,0,0,0,0,0,0,0,0,0,0,0,0,0,0,0,-7,9,-7,9,-9,9,-9,8,-10,9,-10,8,-11,8,-12,7,-12,7,-12,6,-12,6,-12,6,-12,6,-11,6,-11,6,-11,7,-11,7,-10,8,-10,8,-10,8,-10,9,-10,9,-11,10,-10,10,-10,10,-10,10]"
2025-08-18 23:00:37.323178,CSI_DATA,966,1a:00:00:00:00:00,-38,11,0,0,0,0,0,0,0,0,0,-92,0,1,0,164686642,0,42,0,128,0,"[0,0,3,14,3,14,3,14,4,13,4,13,4,12,4,12,5,12,5,11,5,11,5,11,6,10,6,10,7,10,7,10,7,10,7,11,7,11,7,11,6,11,6,11,5,11,5,11,4,11,3,11,3,10,0,0,0,0,0,0,0,0,0,0,0,0,0,0,0,0,0,0,0,0,0,0,5,10,4,11,3,11,3,12,2,12,2,13,1,13,1,13,0,13,-1,13,-1,13,-1,13,-1,13,-1,13,0,13,0,12,1,13,1,13,1,13,2,13,2,13,3,13,3,14,3,14,3,14,4,14]"
2025-08-18 23:00:37.390449,CSI_DATA,967,1a:00:00:00:00:00,-38,11,0,0,0,0,0,0,0,0,0,-92,0,1,0,164754373,0,31,0,128,0,"[0,0,-1,15,0,14,0,14,0,14,0,14,1,13,1,13,2,12,2,12,2,12,3,12,3,11,3,11,4,11,4,11,4,12,5,12,4,12,4,12,4,12,3,12,3,12,2,12,1,12,1,11,0,11,0,0,0,0,0,0,0,0,0,0,0,0,0,0,0,0,0,0,0,0,0,0,1,11,1,11,0,12,-1,12,-1,13,-2,13,-3,13,-3,13,-4,13,-4,13,-5,12,-5,12,-5,12,-4,12,-4,12,-3,12,-3,12,-2,12,-2,13,-1,13,-1,13,-1,13,-1,14,-1,14,-1,15,0,15]"
2025-08-18 23:00:37.614767,CSI_DATA,968,1a:00:00:00:00:00,-38,11,0,0,0,0,0,0,0,0,0,-92,0,1,0,164955475,0,31,0,128,0,"[0,0,-1,-16,-2,-16,-1,-15,-2,-15,-2,-14,-2,-14,-3,-14,-3,-14,-3,-13,-4,-13,-4,-13,-5,-12,-5,-12,-5,-12,-6,-13,-6,-12,-6,-13,-6,-13,-6,-13,-5,-13,-4,-13,-4,-13,-3,-13,-3,-12,-2,-12,-1,-12,0,0,0,0,0,0,0,0,0,0,0,0,0,0,0,0,0,0,0,0,0,0,-3,-12,-2,-12,-2,-13,-1,-13,0,-14,0,-14,1,-14,2,-14,2,-14,3,-14,3,-14,3,-14,3,-14,2,-13,2,-13,2,-13,1,-13,1,-14,0,-14,0,-14,0,-14,-1,-15,-1,-15,-1,-15,-2,-15,-1,-16]"
2025-08-18 23:00:37.807572,CSI_DATA,969,1a:00:00:00:00:00,-38,11,0,0,0,0,0,0,0,0,0,-92,0,1,0,165156917,0,31,0,128,0,"[0,0,-8,-13,-8,-13,-8,-13,-8,-12,-8,-12,-8,-12,-8,-12,-9,-11,-9,-10,-9,-9,-10,-9,-10,-9,-10,-9,-11,-9,-11,-8,-11,-8,-11,-9,-11,-9,-11,-9,-10,-10,-10,-10,-9,-10,-9,-10,-9,-10,-8,-10,-7,-10,0,0,0,0,0,0,0,0,0,0,0,0,0,0,0,0,0,0,0,0,0,0,-8,-10,-7,-11,-7,-11,-6,-12,-6,-13,-5,-13,-4,-14,-4,-14,-4,-14,-3,-14,-3,-14,-3,-14,-4,-14,-4,-13,-4,-13,-4,-13,-5,-13,-5,-12,-6,-13,-6,-13,-6,-13,-7,-13,-7,-13,-8,-13,-8,-13,-8,-13]"
2025-08-18 23:00:37.990872,CSI_DATA,970,1a:00:00:00:00:00,-38,11,0,0,0,0,0,0,0,0,0,-92,0,1,0,165357889,0,31,0,128,0,"[0,0,14,5,13,4,13,4,13,4,13,3,13,3,12,3,12,2,12,2,12,1,12,1,12,0,12,0,12,-1,13,-1,13,-1,13,-1,13,-1,13,0,13,0,13,1,12,1,12,2,11,2,11,2,11,3,0,0,0,0,0,0,0,0,0,0,0,0,0,0,0,0,0,0,0,0,0,0,11,2,11,3,11,3,11,4,12,5,12,6,11,7,11,7,11,7,10,8,10,8,10,8,10,8,10,7,10,7,10,7,11,6,11,5,12,6,12,5,12,5,13,5,13,5,14,5,14,5,14,5]"
2025-08-18 23:00:38.190980,CSI_DATA,971,1a:00:00:00:00:00,-38,11,0,0,0,0,0,0,0,0,0,-92,0,1,0,165559031,0,31,0,128,0,"[0,0,6,13,6,13,6,12,6,13,6,12,6,11,6,11,7,11,7,10,8,10,8,9,8,9,8,9,8,8,9,9,9,8,9,9,9,9,9,9,9,9,8,10,8,10,7,10,6,10,5,10,5,10,0,0,0,0,0,0,0,0,0,0,0,0,0,0,0,0,0,0,0,0,0,0,6,9,6,10,5,11,5,11,4,12,4,12,3,13,3,13,3,13,2,13,2,13,1,13,1,13,2,13,2,12,2,12,3,12,4,12,4,12,4,12,5,12,5,13,6,13,6,13,6,13,6,13]"
2025-08-18 23:00:38.403237,CSI_DATA,972,1a:00:00:00:00:00,-38,11,0,0,0,0,0,0,0,0,0,-92,0,1,0,165760201,0,31,0,128,0,"[0,0,-10,-12,-10,-12,-10,-12,-10,-11,-10,-11,-10,-10,-10,-10,-10,-9,-11,-9,-11,-8,-11,-8,-11,-7,-11,-7,-12,-7,-12,-6,-12,-7,-12,-7,-12,-7,-12,-7,-12,-7,-12,-8,-11,-8,-10,-8,-10,-9,-9,-9,-8,-9,0,0,0,0,0,0,0,0,0,0,0,0,0,0,0,0,0,0,0,0,0,0,-9,-8,-9,-9,-8,-10,-8,-11,-8,-11,-8,-13,-7,-13,-7,-13,-6,-13,-6,-13,-5,-13,-5,-13,-5,-13,-5,-13,-6,-13,-6,-12,-7,-12,-7,-12,-8,-12,-8,-12,-9,-12,-9,-12,-10,-12,-10,-12,-10,-12,-10,-12]"
2025-08-18 23:00:38.601893,CSI_DATA,973,1a:00:00:00:00:00,-38,11,0,0,0,0,0,0,0,0,0,-92,0,1,0,165962659,0,31,0,128,0,"[0,0,-14,6,-14,5,-13,6,-13,6,-13,6,-12,6,-12,6,-11,6,-11,6,-10,7,-10,7,-9,8,-9,8,-9,8,-10,8,-10,8,-10,8,-10,8,-11,8,-11,8,-11,7,-11,7,-11,6,-11,6,-11,5,-10,4,0,0,0,0,0,0,0,0,0,0,0,0,0,0,0,0,0,0,0,0,0,0,-10,6,-10,5,-11,5,-12,5,-12,4,-13,4,-13,3,-14,2,-14,2,-14,2,-14,2,-13,2,-13,2,-13,2,-13,2,-13,2,-13,3,-13,3,-13,4,-13,4,-13,4,-13,5,-13,5,-13,6,-13,6,-13,6]"
2025-08-18 23:00:38.803080,CSI_DATA,974,1a:00:00:00:00:00,-38,11,0,0,0,0,0,0,0,0,0,-92,0,1,0,166162610,0,31,0,128,0,"[0,0,-15,1,-15,1,-15,1,-14,1,-14,2,-13,2,-13,2,-13,2,-12,3,-12,3,-12,4,-12,4,-12,4,-12,5,-12,5,-12,5,-12,5,-12,5,-12,5,-12,4,-13,4,-12,3,-13,3,-12,2,-12,1,-11,1,0,0,0,0,0,0,0,0,0,0,0,0,0,0,0,0,0,0,0,0,0,0,-11,2,-12,2,-12,1,-13,0,-13,0,-13,-1,-14,-1,-14,-2,-14,-2,-14,-3,-14,-3,-13,-3,-13,-3,-13,-3,-13,-2,-13,-2,-13,-2,-13,-1,-13,-1,-14,0,-14,0,-14,0,-15,1,-15,1,-15,1,-15,1]"
2025-08-18 23:00:38.860605,CSI_DATA,975,1a:00:00:00:00:00,-38,11,0,0,0,0,0,0,0,0,0,-92,0,1,0,166223453,0,42,0,128,0,"[0,0,9,-12,8,-12,8,-11,8,-12,8,-12,7,-11,7,-11,6,-11,5,-11,5,-12,5,-12,4,-12,4,-12,4,-12,4,-12,4,-12,4,-13,4,-13,4,-13,4,-13,5,-12,5,-12,5,-11,6,-10,6,-10,6,-9,0,0,0,0,0,0,0,0,0,0,0,0,0,0,0,0,0,0,0,0,0,0,6,-10,6,-10,7,-10,8,-9,9,-9,9,-9,10,-9,10,-8,10,-8,11,-7,11,-7,11,-7,10,-7,10,-7,10,-8,10,-8,9,-8,9,-9,9,-9,9,-10,8,-10,9,-11,9,-11,9,-11,9,-11,9,-12]"
2025-08-18 23:00:38.928703,CSI_DATA,976,1a:00:00:00:00:00,-38,11,0,0,0,0,0,0,0,0,0,-92,0,1,0,166290874,0,31,0,128,0,"[0,0,13,-6,13,-7,12,-7,13,-7,12,-7,12,-7,11,-8,11,-8,10,-8,10,-8,10,-9,9,-9,9,-9,8,-9,9,-10,8,-10,9,-10,9,-10,9,-10,10,-10,10,-9,9,-9,10,-8,10,-7,10,-6,10,-6,0,0,0,0,0,0,0,0,0,0,0,0,0,0,0,0,0,0,0,0,0,0,9,-6,10,-6,11,-5,11,-5,12,-5,12,-4,13,-3,13,-3,13,-2,13,-2,13,-1,13,-1,13,-2,12,-2,12,-2,12,-3,12,-3,12,-4,12,-4,13,-5,13,-5,13,-6,13,-6,13,-6,13,-6,14,-6]"
2025-08-18 23:00:39.129836,CSI_DATA,977,1a:00:00:00:00:00,-38,11,0,0,0,0,0,0,0,0,0,-92,0,1,0,166491932,0,31,0,128,0,"[0,0,8,-13,8,-13,8,-13,8,-13,7,-13,6,-12,6,-12,5,-12,5,-12,4,-12,4,-13,3,-13,3,-13,2,-13,3,-13,3,-13,3,-13,3,-13,3,-14,4,-13,4,-13,4,-13,5,-12,5,-11,5,-11,6,-10,0,0,0,0,0,0,0,0,0,0,0,0,0,0,0,0,0,0,0,0,0,0,4,-11,5,-11,6,-11,7,-10,8,-11,9,-10,9,-10,10,-10,10,-9,10,-9,10,-9,10,-8,10,-9,10,-9,9,-9,9,-9,9,-9,8,-10,8,-11,8,-11,8,-11,8,-12,8,-12,8,-13,8,-13,8,-13]"
2025-08-18 23:00:39.341350,CSI_DATA,978,1a:00:00:00:00:00,-38,11,0,0,0,0,0,0,0,0,0,-92,0,1,0,166694034,0,31,0,128,0,"[0,0,-6,-14,-6,-14,-6,-14,-6,-14,-6,-14,-6,-13,-6,-13,-7,-12,-7,-12,-7,-11,-8,-11,-8,-11,-8,-10,-9,-10,-9,-10,-9,-10,-9,-11,-9,-11,-9,-11,-9,-11,-8,-11,-8,-11,-7,-11,-6,-11,-6,-11,-5,-11,0,0,0,0,0,0,0,0,0,0,0,0,0,0,0,0,0,0,0,0,0,0,-6,-11,-6,-11,-5,-12,-4,-13,-4,-13,-3,-14,-2,-14,-2,-14,-2,-14,-1,-14,-1,-14,-1,-14,-1,-14,-1,-14,-2,-13,-2,-13,-2,-14,-3,-13,-4,-14,-4,-14,-4,-14,-5,-14,-5,-14,-5,-15,-6,-15,-6,-15]"
2025-08-18 23:00:39.547735,CSI_DATA,979,1a:00:00:00:00:00,-38,11,0,0,0,0,0,0,0,0,0,-92,0,1,0,166894276,0,31,0,128,0,"[0,0,-12,9,-10,9,-12,9,-10,10,-9,7,-9,8,-11,7,-7,8,-10,9,-8,11,-7,8,-7,10,-8,11,-7,9,-8,9,-8,9,-7,11,-9,10,-9,9,-9,10,-7,8,-9,10,-8,9,-7,7,-9,6,-9,7,0,0,0,0,0,0,0,0,0,0,0,0,0,0,0,0,0,0,0,0,0,0,-7,9,-8,8,-9,8,-10,7,-10,8,-11,7,-12,6,-12,6,-12,6,-13,5,-12,5,-13,5,-12,5,-12,5,-12,5,-11,6,-11,6,-12,6,-11,7,-12,7,-11,8,-11,9,-12,8,-10,9,-12,9,-11,9]"
2025-08-18 23:00:39.737890,CSI_DATA,980,1a:00:00:00:00:00,-38,11,0,0,0,0,0,0,0,0,0,-92,0,1,0,167095526,0,31,0,128,0,"[0,0,-15,-5,-15,-5,-14,-5,-14,-4,-14,-4,-14,-4,-14,-3,-13,-2,-13,-2,-13,-1,-13,-1,-13,-1,-13,0,-13,0,-14,0,-13,0,-14,0,-14,0,-14,0,-14,-1,-13,-1,-13,-2,-13,-2,-12,-3,-12,-3,-11,-4,0,0,0,0,0,0,0,0,0,0,0,0,0,0,0,0,0,0,0,0,0,0,-12,-2,-12,-3,-12,-4,-12,-5,-13,-5,-13,-6,-13,-7,-13,-7,-12,-8,-12,-8,-12,-8,-12,-8,-11,-8,-11,-8,-11,-7,-11,-7,-12,-7,-12,-6,-12,-6,-13,-6,-13,-5,-14,-5,-14,-5,-14,-5,-15,-5,-15,-5]"
2025-08-18 23:00:39.940269,CSI_DATA,981,1a:00:00:00:00:00,-38,11,0,0,0,0,0,0,0,0,0,-92,0,1,0,167296780,0,31,0,128,0,"[0,0,-11,-11,-10,-11,-11,-11,-10,-10,-11,-10,-11,-9,-11,-9,-11,-8,-11,-8,-11,-7,-11,-7,-11,-7,-11,-6,-12,-6,-12,-6,-12,-6,-12,-6,-12,-6,-12,-7,-12,-7,-12,-7,-11,-7,-10,-8,-10,-8,-9,-8,-9,-8,0,0,0,0,0,0,0,0,0,0,0,0,0,0,0,0,0,0,0,0,0,0,-10,-7,-10,-8,-9,-9,-9,-10,-9,-10,-8,-11,-8,-11,-8,-12,-8,-12,-7,-12,-7,-12,-6,-12,-6,-12,-6,-12,-7,-11,-7,-11,-8,-11,-8,-11,-8,-11,-9,-10,-9,-11,-10,-11,-10,-11,-10,-11,-11,-11,-11,-11]"
2025-08-18 23:00:40.139672,CSI_DATA,982,1a:00:00:00:00:00,-38,11,0,0,0,0,0,0,0,0,0,-92,0,1,0,167497889,0,31,0,128,0,"[0,0,-4,-15,-5,-15,-5,-14,-5,-15,-5,-14,-5,-14,-5,-13,-6,-13,-6,-12,-7,-12,-7,-12,-7,-11,-8,-11,-8,-11,-8,-11,-8,-11,-8,-12,-8,-11,-8,-12,-7,-12,-7,-12,-6,-12,-6,-12,-5,-12,-5,-11,-4,-11,0,0,0,0,0,0,0,0,0,0,0,0,0,0,0,0,0,0,0,0,0,0,-6,-11,-5,-11,-5,-13,-4,-12,-4,-14,-3,-14,-2,-14,-1,-14,-1,-14,0,-14,0,-14,0,-14,0,-14,-1,-14,-1,-13,-1,-14,-2,-13,-2,-14,-3,-14,-3,-14,-4,-14,-4,-14,-4,-15,-5,-15,-5,-15,-4,-15]"
2025-08-18 23:00:40.342112,CSI_DATA,983,1a:00:00:00:00:00,-38,11,0,0,0,0,0,0,0,0,0,-92,0,1,0,167699015,0,31,0,128,0,"[0,0,-13,-7,-14,-7,-13,-7,-13,-7,-13,-6,-13,-6,-13,-5,-13,-5,-13,-4,-13,-4,-13,-3,-12,-3,-13,-3,-13,-2,-13,-2,-13,-2,-13,-2,-13,-2,-13,-3,-13,-3,-13,-3,-13,-4,-12,-4,-12,-5,-11,-5,-11,-5,0,0,0,0,0,0,0,0,0,0,0,0,0,0,0,0,0,0,0,0,0,0,-11,-5,-11,-5,-11,-6,-11,-7,-11,-8,-11,-8,-11,-9,-10,-10,-10,-10,-10,-10,-9,-10,-9,-10,-9,-10,-9,-10,-9,-9,-10,-9,-10,-9,-11,-8,-11,-8,-11,-8,-12,-8,-12,-8,-13,-7,-13,-8,-13,-8,-13,-7]"
2025-08-18 23:00:40.401470,CSI_DATA,984,1a:00:00:00:00:00,-38,11,0,0,0,0,0,0,0,0,0,-92,0,1,0,167759805,0,42,0,128,0,"[0,0,-3,-15,-3,-15,-3,-15,-3,-14,-4,-15,-4,-14,-4,-14,-4,-13,-5,-13,-5,-12,-6,-12,-6,-12,-7,-12,-7,-12,-7,-12,-7,-12,-7,-12,-7,-12,-6,-13,-6,-13,-6,-13,-5,-13,-4,-12,-4,-12,-3,-12,-3,-12,0,0,0,0,0,0,0,0,0,0,0,0,0,0,0,0,0,0,0,0,0,0,-5,-11,-4,-12,-3,-12,-3,-13,-2,-14,-1,-14,-1,-14,0,-15,0,-14,1,-14,1,-14,1,-14,1,-14,0,-13,0,-14,0,-13,-1,-14,-1,-13,-1,-14,-2,-14,-2,-14,-2,-15,-3,-15,-3,-15,-3,-15,-3,-16]"
2025-08-18 23:00:40.465392,CSI_DATA,985,1a:00:00:00:00:00,-38,11,0,0,0,0,0,0,0,0,0,-92,0,1,0,167827422,0,31,0,128,0,"[0,0,-15,5,-14,5,-14,5,-13,5,-13,6,-13,5,-12,5,-12,6,-11,6,-11,7,-11,7,-10,7,-10,8,-10,8,-10,8,-10,8,-10,8,-11,8,-11,8,-11,8,-11,7,-11,7,-11,6,-11,6,-11,5,-11,4,0,0,0,0,0,0,0,0,0,0,0,0,0,0,0,0,0,0,0,0,0,0,-10,5,-11,5,-12,4,-13,4,-13,3,-14,3,-14,2,-14,1,-14,1,-14,0,-14,1,-14,0,-14,0,-13,1,-13,1,-13,1,-13,2,-13,2,-13,3,-13,3,-14,4,-14,4,-14,4,-14,5,-14,5,-14,5]"
2025-08-18 23:00:40.661418,CSI_DATA,986,1a:00:00:00:00:00,-38,11,0,0,0,0,0,0,0,0,0,-92,0,1,0,168026902,0,31,0,128,0,"[0,0,15,1,14,1,14,1,14,1,14,0,13,0,13,0,13,-1,12,-1,12,-2,12,-3,12,-3,12,-3,12,-4,12,-4,12,-4,13,-4,12,-4,13,-3,13,-3,13,-2,12,-2,12,-1,12,-1,11,0,11,0,0,0,0,0,0,0,0,0,0,0,0,0,0,0,0,0,0,0,0,0,0,0,11,-1,11,0,12,1,12,1,13,2,13,3,13,4,13,4,12,5,12,5,12,5,12,5,12,5,12,5,11,4,12,4,12,4,12,3,12,2,13,2,13,2,13,2,14,2,14,1,14,1,14,1]"
2025-08-18 23:00:40.867723,CSI_DATA,987,1a:00:00:00:00:00,-38,11,0,0,0,0,0,0,0,0,0,-92,0,1,0,168228112,0,31,0,128,0,"[0,0,12,9,12,8,11,8,12,8,11,7,11,7,11,7,11,6,12,5,12,5,11,4,12,4,12,3,12,3,13,3,12,3,13,4,13,4,13,4,12,4,12,5,11,5,11,5,10,6,9,6,9,6,0,0,0,0,0,0,0,0,0,0,0,0,0,0,0,0,0,0,0,0,0,0,10,5,10,6,10,7,9,7,10,8,9,9,9,10,8,10,8,11,8,11,8,11,7,10,8,10,8,10,8,10,8,10,8,9,9,9,9,8,10,9,10,9,11,9,11,8,12,8,12,8,12,8]"
2025-08-18 23:00:41.077682,CSI_DATA,988,1a:00:00:00:00:00,-38,11,0,0,0,0,0,0,0,0,0,-92,0,1,0,168429507,0,31,0,128,0,"[0,0,5,-14,5,-14,5,-14,5,-14,4,-14,4,-13,4,-13,3,-13,3,-13,2,-13,1,-13,1,-13,0,-13,0,-13,0,-13,0,-13,0,-14,1,-14,1,-14,2,-14,2,-13,2,-13,3,-13,3,-12,3,-11,4,-11,0,0,0,0,0,0,0,0,0,0,0,0,0,0,0,0,0,0,0,0,0,0,2,-11,3,-12,4,-12,5,-12,5,-12,6,-12,7,-12,7,-11,7,-11,8,-11,8,-11,8,-10,8,-10,7,-10,7,-10,7,-11,6,-11,6,-12,6,-12,6,-12,6,-13,5,-13,5,-13,5,-14,5,-14,5,-14]"
2025-08-18 23:00:41.274775,CSI_DATA,989,1a:00:00:00:00:00,-38,11,0,0,0,0,0,0,0,0,0,-92,0,1,0,168630524,0,31,0,128,0,"[0,0,-8,-13,-8,-13,-8,-13,-8,-12,-8,-12,-8,-12,-9,-11,-9,-11,-9,-10,-9,-9,-10,-9,-10,-9,-10,-9,-10,-8,-11,-8,-11,-8,-11,-8,-11,-8,-11,-9,-10,-9,-10,-10,-9,-10,-9,-10,-8,-10,-8,-9,-7,-10,0,0,0,0,0,0,0,0,0,0,0,0,0,0,0,0,0,0,0,0,0,0,-8,-9,-7,-10,-7,-11,-6,-11,-6,-12,-6,-12,-5,-13,-5,-13,-4,-14,-4,-13,-4,-13,-4,-13,-4,-13,-4,-13,-4,-12,-4,-13,-5,-12,-6,-12,-6,-13,-6,-13,-6,-13,-7,-13,-8,-13,-8,-13,-8,-13,-8,-13]"
2025-08-18 23:00:41.469593,CSI_DATA,990,1a:00:00:00:00:00,-38,11,0,0,0,0,0,0,0,0,0,-92,0,1,0,168832156,0,31,0,128,0,"[0,0,6,-14,5,-14,5,-14,5,-14,5,-14,4,-13,4,-13,3,-13,3,-13,2,-13,2,-13,1,-13,1,-13,0,-14,1,-14,1,-14,0,-14,1,-14,1,-14,2,-14,2,-13,3,-13,3,-13,3,-12,4,-12,4,-11,0,0,0,0,0,0,0,0,0,0,0,0,0,0,0,0,0,0,0,0,0,0,3,-12,3,-12,4,-12,5,-12,5,-12,7,-12,7,-12,8,-12,8,-11,8,-11,8,-11,8,-11,8,-11,8,-11,7,-11,7,-11,7,-11,6,-11,6,-12,6,-12,6,-13,6,-13,6,-14,6,-14,6,-14,6,-14]"
2025-08-18 23:00:41.666635,CSI_DATA,991,1a:00:00:00:00:00,-38,11,0,0,0,0,0,0,0,0,0,-92,0,1,0,169032852,0,31,0,128,0,"[0,0,15,3,14,2,14,2,14,2,14,1,13,1,13,1,13,0,12,0,13,-1,12,-2,12,-2,12,-2,12,-3,13,-2,13,-3,13,-3,13,-2,13,-2,13,-2,13,-1,12,0,12,0,12,0,12,1,11,2,0,0,0,0,0,0,0,0,0,0,0,0,0,0,0,0,0,0,0,0,0,0,11,0,11,1,12,2,12,2,12,3,12,4,12,5,12,5,12,5,12,6,12,6,11,6,11,6,11,5,11,5,11,5,11,4,12,4,12,3,13,3,13,3,13,3,14,2,14,2,14,2,15,2]"
2025-08-18 23:00:41.870618,CSI_DATA,992,1a:00:00:00:00:00,-39,11,0,0,0,0,0,0,0,0,0,-92,0,1,0,169234057,0,31,0,128,0,"[0,0,-2,15,-1,14,-2,14,-1,13,-1,14,-1,13,0,13,0,13,1,12,1,12,2,12,3,12,3,12,3,12,3,12,3,12,3,12,3,13,2,13,2,13,1,12,1,12,0,12,0,12,0,11,-1,11,0,0,0,0,0,0,0,0,0,0,0,0,0,0,0,0,0,0,0,0,0,0,1,11,0,12,-1,12,-2,12,-2,12,-3,13,-4,13,-5,13,-5,12,-5,12,-5,12,-5,12,-5,12,-5,12,-5,12,-4,11,-4,12,-3,12,-3,13,-3,13,-2,13,-2,14,-2,14,-1,14,-1,14,-1,15]"
2025-08-18 23:00:41.946396,CSI_DATA,993,1a:00:00:00:00:00,-39,11,0,0,0,0,0,0,0,0,0,-92,0,1,0,169294853,0,42,0,128,0,"[0,0,13,-8,12,-8,12,-8,12,-8,11,-8,11,-8,10,-8,10,-8,9,-8,9,-9,9,-9,8,-9,8,-10,8,-10,8,-10,8,-10,8,-10,9,-10,9,-10,9,-10,9,-9,9,-9,9,-8,9,-7,9,-7,10,-6,0,0,0,0,0,0,0,0,0,0,0,0,0,0,0,0,0,0,0,0,0,0,8,-7,9,-7,10,-7,11,-6,11,-6,12,-5,12,-5,12,-4,12,-4,12,-3,13,-3,12,-3,12,-3,12,-3,12,-4,11,-4,11,-4,11,-5,12,-6,12,-6,12,-6,12,-7,12,-7,12,-7,12,-8,13,-8]"
2025-08-18 23:00:41.999120,CSI_DATA,994,1a:00:00:00:00:00,-39,11,0,0,0,0,0,0,0,0,0,-92,0,1,0,169362271,0,31,0,128,0,"[0,0,13,-7,12,-8,12,-7,12,-8,12,-8,11,-7,11,-8,11,-8,10,-8,9,-9,9,-9,8,-10,8,-10,8,-10,8,-10,8,-10,9,-10,9,-10,9,-10,9,-10,9,-9,9,-8,9,-8,9,-8,9,-7,9,-6,0,0,0,0,0,0,0,0,0,0,0,0,0,0,0,0,0,0,0,0,0,0,9,-7,9,-7,10,-6,11,-6,11,-5,12,-5,13,-4,13,-3,13,-3,13,-3,13,-3,12,-2,12,-3,12,-3,12,-3,12,-4,12,-4,12,-5,12,-5,12,-6,12,-6,12,-6,12,-7,12,-7,12,-7,13,-7]"
2025-08-18 23:00:42.207648,CSI_DATA,995,1a:00:00:00:00:00,-39,11,0,0,0,0,0,0,0,0,0,-92,0,1,0,169563028,0,31,0,128,0,"[0,0,-12,-10,-12,-10,-12,-10,-12,-10,-12,-9,-12,-9,-12,-9,-11,-8,-12,-7,-12,-7,-12,-6,-12,-6,-12,-6,-12,-5,-13,-5,-13,-5,-13,-5,-13,-5,-13,-6,-13,-6,-12,-6,-12,-7,-11,-7,-11,-8,-10,-7,-10,-8,0,0,0,0,0,0,0,0,0,0,0,0,0,0,0,0,0,0,0,0,0,0,-9,-7,-10,-8,-9,-9,-9,-9,-9,-10,-9,-11,-9,-11,-8,-12,-8,-12,-7,-12,-7,-12,-7,-12,-7,-12,-7,-11,-7,-11,-8,-11,-8,-11,-9,-10,-9,-11,-10,-10,-10,-10,-10,-10,-11,-10,-12,-10,-12,-10,-12,-10]"
2025-08-18 23:00:42.407248,CSI_DATA,996,1a:00:00:00:00:00,-38,11,0,0,0,0,0,0,0,0,0,-92,0,1,0,169764200,0,31,0,128,0,"[0,0,-8,-13,-8,-13,-8,-13,-8,-12,-8,-12,-8,-12,-8,-11,-8,-11,-8,-10,-9,-10,-9,-9,-9,-9,-9,-9,-10,-9,-10,-9,-10,-9,-10,-9,-10,-9,-10,-10,-10,-9,-9,-10,-9,-10,-8,-11,-7,-11,-7,-10,-6,-10,0,0,0,0,0,0,0,0,0,0,0,0,0,0,0,0,0,0,0,0,0,0,-7,-9,-7,-10,-7,-10,-6,-11,-6,-12,-5,-12,-5,-13,-4,-13,-4,-13,-3,-13,-3,-13,-3,-13,-3,-13,-3,-12,-4,-12,-4,-12,-4,-12,-5,-12,-6,-12,-6,-12,-6,-12,-7,-12,-7,-12,-7,-13,-7,-13,-8,-13]"
2025-08-18 23:00:42.608511,CSI_DATA,997,1a:00:00:00:00:00,-38,11,0,0,0,0,0,0,0,0,0,-92,0,1,0,169965389,0,31,0,128,0,"[0,0,14,1,13,0,14,1,13,0,13,0,13,0,12,-1,12,-1,12,-2,12,-2,12,-3,12,-3,11,-4,12,-4,11,-4,12,-4,12,-4,12,-4,13,-4,12,-3,12,-3,12,-2,12,-2,12,-1,11,-1,11,0,0,0,0,0,0,0,0,0,0,0,0,0,0,0,0,0,0,0,0,0,0,0,10,-1,11,0,11,1,12,2,12,2,12,3,12,4,12,4,12,4,11,5,11,5,11,5,11,5,11,4,11,4,10,4,11,3,11,2,12,2,12,2,12,2,13,1,13,1,13,1,13,1,14,1]"
2025-08-18 23:00:42.805155,CSI_DATA,998,1a:00:00:00:00:00,-38,11,0,0,0,0,0,0,0,0,0,-92,0,1,0,170166511,0,31,0,128,0,"[0,0,-15,3,-15,3,-15,3,-14,3,-14,3,-14,3,-13,4,-13,4,-13,5,-12,5,-12,6,-12,6,-11,6,-12,7,-11,7,-12,7,-12,7,-12,7,-13,7,-12,6,-13,6,-13,5,-12,5,-12,4,-12,3,-12,2,0,0,0,0,0,0,0,0,0,0,0,0,0,0,0,0,0,0,0,0,0,0,-11,3,-12,2,-12,1,-13,1,-13,0,-14,0,-14,-1,-14,-1,-14,-2,-13,-2,-14,-3,-13,-3,-13,-2,-13,-2,-13,-2,-13,-1,-13,-1,-13,0,-14,0,-14,1,-14,1,-14,2,-14,2,-15,2,-15,3,-15,2]"
2025-08-18 23:00:43.011281,CSI_DATA,999,1a:00:00:00:00:00,-38,11,0,0,0,0,0,0,0,0,0,-92,0,1,0,170367770,0,31,0,128,0,"[0,0,-14,-7,-14,-7,-14,-7,-13,-6,-14,-6,-13,-6,-13,-5,-13,-5,-13,-4,-13,-3,-13,-3,-13,-2,-13,-2,-14,-2,-13,-2,-14,-2,-13,-2,-14,-2,-14,-2,-14,-3,-14,-3,-13,-4,-13,-4,-12,-4,-12,-5,-11,-5,0,0,0,0,0,0,0,0,0,0,0,0,0,0,0,0,0,0,0,0,0,0,-11,-4,-11,-5,-11,-6,-11,-7,-11,-7,-11,-8,-11,-9,-10,-9,-10,-10,-10,-10,-10,-10,-10,-10,-10,-9,-10,-9,-10,-9,-10,-8,-10,-8,-11,-8,-11,-8,-12,-8,-12,-7,-13,-7,-13,-7,-13,-7,-14,-7,-14,-7]"
2025-08-18 23:00:43.209012,CSI_DATA,1000,1a:00:00:00:00:00,-38,11,0,0,0,0,0,0,0,0,0,-92,0,1,0,170569075,0,31,0,128,0,"[0,0,-15,0,-16,0,-15,0,-15,0,-15,0,-14,1,-14,1,-13,1,-13,2,-13,2,-13,2,-13,3,-12,3,-13,3,-13,4,-13,4,-13,4,-13,4,-13,4,-13,3,-13,3,-13,2,-13,1,-13,1,-12,0,-12,-1,0,0,0,0,0,0,0,0,0,0,0,0,0,0,0,0,0,0,0,0,0,0,-12,1,-12,0,-13,0,-13,-1,-13,-2,-13,-2,-13,-3,-13,-4,-13,-4,-13,-5,-13,-5,-12,-5,-13,-4,-12,-4,-12,-4,-13,-3,-13,-3,-13,-2,-13,-2,-14,-1,-14,-1,-14,-1,-15,-1,-15,-1,-15,-1,-15,-1]"
2025-08-18 23:00:43.405140,CSI_DATA,1001,1a:00:00:00:00:00,-38,11,0,0,0,0,0,0,0,0,0,-92,0,1,0,170770179,0,31,0,128,0,"[0,0,-1,15,-1,14,-1,14,0,14,0,14,0,13,0,13,1,13,1,12,1,12,2,12,2,12,2,12,3,12,3,12,3,12,3,12,3,13,3,13,2,13,2,12,1,12,0,12,0,12,-1,11,-2,11,0,0,0,0,0,0,0,0,0,0,0,0,0,0,0,0,0,0,0,0,0,0,1,11,0,11,0,12,-1,12,-2,12,-2,13,-3,13,-3,13,-4,13,-5,12,-5,12,-5,12,-5,12,-4,12,-4,12,-4,12,-3,12,-3,12,-3,13,-2,13,-2,13,-1,14,-1,14,-1,14,-1,15,-1,14]"
2025-08-18 23:00:43.479149,CSI_DATA,1002,1a:00:00:00:00:00,-38,11,0,0,0,0,0,0,0,0,0,-92,0,1,0,170830986,0,42,0,128,0,"[0,0,9,12,8,11,8,11,9,11,9,10,8,10,9,9,9,9,9,8,9,8,9,7,10,7,10,7,10,6,10,7,10,6,10,7,10,7,10,7,10,7,10,8,9,8,8,8,8,9,7,8,6,8,0,0,0,0,0,0,0,0,0,0,0,0,0,0,0,0,0,0,0,0,0,0,7,7,7,8,7,9,6,9,6,10,6,11,5,11,5,11,5,12,4,12,4,12,4,12,4,11,4,11,4,11,4,11,5,11,6,10,6,10,7,10,7,10,8,11,8,11,8,11,8,11,8,11]"
2025-08-18 23:00:43.543882,CSI_DATA,1003,1a:00:00:00:00:00,-38,11,0,0,0,0,0,0,0,0,0,-92,0,1,0,170901905,0,31,0,128,0,"[0,0,-2,-15,-3,-15,-2,-15,-3,-15,-3,-15,-3,-14,-3,-14,-4,-13,-4,-13,-5,-13,-5,-13,-6,-12,-6,-12,-6,-12,-7,-12,-7,-12,-7,-13,-7,-13,-6,-13,-6,-13,-5,-13,-5,-13,-4,-13,-3,-13,-3,-12,-2,-12,0,0,0,0,0,0,0,0,0,0,0,0,0,0,0,0,0,0,0,0,0,0,-3,-11,-2,-12,-2,-12,-1,-13,-1,-13,0,-14,1,-14,1,-14,2,-14,2,-14,2,-14,2,-13,2,-13,2,-13,1,-13,1,-13,0,-13,0,-13,-1,-14,-1,-14,-1,-14,-1,-15,-2,-15,-2,-15,-3,-15,-2,-15]"
2025-08-18 23:00:43.734571,CSI_DATA,1004,1a:00:00:00:00:00,-38,11,0,0,0,0,0,0,0,0,0,-92,0,1,0,171102642,0,31,0,128,0,"[0,0,6,13,6,12,6,12,6,12,6,11,6,11,6,11,7,10,7,10,7,9,8,9,8,9,8,9,8,8,9,9,9,9,9,9,9,9,9,10,8,10,7,10,7,10,6,10,6,10,5,10,4,10,0,0,0,0,0,0,0,0,0,0,0,0,0,0,0,0,0,0,0,0,0,0,7,8,6,9,6,10,5,10,5,11,5,11,4,12,4,12,3,12,3,12,2,12,2,12,2,12,3,12,3,12,3,11,3,12,4,11,4,12,5,12,5,12,6,12,6,12,7,12,7,12,7,13]"
2025-08-18 23:00:43.944119,CSI_DATA,1005,1a:00:00:00:00:00,-38,11,0,0,0,0,0,0,0,0,0,-92,0,1,0,171303908,0,31,0,128,0,"[0,0,2,-15,2,-15,2,-15,2,-15,1,-15,1,-14,1,-14,0,-14,-1,-13,-1,-13,-1,-13,-2,-13,-2,-13,-3,-13,-3,-13,-3,-13,-3,-14,-3,-14,-2,-14,-2,-14,-1,-14,-1,-14,-1,-13,0,-13,1,-12,1,-12,0,0,0,0,0,0,0,0,0,0,0,0,0,0,0,0,0,0,0,0,0,0,-1,-12,0,-13,1,-13,2,-13,3,-13,4,-14,4,-13,4,-14,5,-13,5,-13,6,-13,6,-12,5,-13,5,-12,5,-12,5,-12,4,-13,3,-13,3,-13,3,-14,3,-14,2,-15,2,-15,2,-15,2,-15,2,-16]"
2025-08-18 23:00:44.145051,CSI_DATA,1006,1a:00:00:00:00:00,-39,11,0,0,0,0,0,0,0,0,0,-92,0,1,0,171506525,0,31,0,128,0,"[0,0,-15,3,-15,3,-15,3,-14,3,-14,4,-14,3,-13,4,-12,4,-12,4,-11,5,-11,6,-11,6,-11,6,-11,7,-11,7,-11,7,-11,7,-12,7,-12,6,-12,6,-12,5,-12,5,-12,4,-12,4,-11,3,-12,3,0,0,0,0,0,0,0,0,0,0,0,0,0,0,0,0,0,0,0,0,0,0,-11,4,-12,4,-12,3,-13,2,-13,2,-14,1,-14,0,-14,0,-14,0,-14,-1,-14,-1,-14,-1,-14,-1,-14,0,-13,0,-13,0,-13,1,-13,1,-14,1,-14,2,-14,2,-14,2,-14,3,-15,3,-15,3,-15,3]"
2025-08-18 23:00:44.355984,CSI_DATA,1007,1a:00:00:00:00:00,-39,11,0,0,0,0,0,0,0,0,0,-92,0,1,0,171706476,0,31,0,128,0,"[0,0,8,-13,7,-13,7,-13,7,-13,6,-13,6,-12,6,-12,5,-12,5,-12,4,-12,3,-13,2,-13,2,-13,2,-13,2,-13,2,-13,2,-14,2,-14,3,-13,3,-13,4,-13,4,-13,4,-12,4,-12,4,-11,5,-11,0,0,0,0,0,0,0,0,0,0,0,0,0,0,0,0,0,0,0,0,0,0,4,-11,5,-11,6,-11,7,-10,8,-11,8,-10,9,-10,10,-10,10,-9,10,-9,10,-9,10,-9,9,-9,9,-9,9,-9,9,-9,8,-10,8,-10,8,-11,8,-11,8,-11,8,-12,7,-12,7,-13,7,-13,8,-13]"
2025-08-18 23:00:44.549033,CSI_DATA,1008,1a:00:00:00:00:00,-38,11,0,0,0,0,0,0,0,0,0,-92,0,1,0,171907499,0,31,0,128,0,"[0,0,5,-14,5,-14,5,-14,5,-13,4,-13,4,-13,3,-13,3,-13,2,-13,2,-13,1,-13,1,-13,1,-13,0,-13,0,-13,0,-13,0,-14,0,-13,0,-14,1,-13,1,-13,2,-13,2,-13,3,-12,3,-11,4,-11,0,0,0,0,0,0,0,0,0,0,0,0,0,0,0,0,0,0,0,0,0,0,3,-11,4,-11,4,-11,5,-11,6,-11,7,-11,7,-11,8,-11,8,-11,8,-10,8,-10,9,-9,8,-10,8,-10,8,-10,7,-10,7,-11,6,-11,6,-12,6,-12,6,-12,5,-13,6,-13,5,-13,6,-14,6,-13]"
2025-08-18 23:00:44.741771,CSI_DATA,1009,1a:00:00:00:00:00,-38,11,0,0,0,0,0,0,0,0,0,-92,0,1,0,172108598,0,31,0,128,0,"[0,0,14,4,14,3,13,3,13,3,13,3,13,3,13,2,12,2,12,1,12,0,12,0,12,0,12,-1,12,-1,12,-1,13,-1,13,-1,13,-1,13,0,13,0,13,1,13,1,12,2,12,2,11,2,11,3,0,0,0,0,0,0,0,0,0,0,0,0,0,0,0,0,0,0,0,0,0,0,10,0,11,1,11,2,11,3,11,3,12,4,11,5,11,6,11,6,11,6,11,6,11,6,11,6,11,6,11,5,10,5,11,5,11,4,12,4,12,4,12,4,13,4,13,4,13,3,14,3,14,3]"
2025-08-18 23:00:44.948441,CSI_DATA,1010,1a:00:00:00:00:00,-38,11,0,0,0,0,0,0,0,0,0,-92,0,1,0,172309847,0,31,0,128,0,"[0,0,-15,3,-15,3,-15,3,-15,3,-14,3,-14,4,-13,4,-13,4,-13,4,-12,5,-12,6,-12,6,-12,6,-11,6,-12,7,-12,7,-12,7,-12,7,-13,6,-13,6,-13,6,-13,5,-13,4,-12,4,-12,3,-12,2,0,0,0,0,0,0,0,0,0,0,0,0,0,0,0,0,0,0,0,0,0,0,-11,4,-11,3,-12,3,-12,2,-13,2,-13,1,-14,0,-14,0,-14,-1,-14,-1,-13,-1,-13,-1,-13,-1,-13,-1,-13,-1,-13,0,-13,0,-13,1,-13,1,-14,2,-14,2,-14,2,-15,3,-15,3,-15,3,-15,3]"
2025-08-18 23:00:45.010976,CSI_DATA,1011,1a:00:00:00:00:00,-38,11,0,0,0,0,0,0,0,0,0,-92,0,1,0,172371967,0,42,0,128,0,"[0,0,15,3,14,3,14,3,14,3,14,2,13,2,13,2,13,1,13,1,13,0,13,0,13,-1,13,-1,13,-2,13,-2,13,-2,13,-2,14,-1,14,-1,14,-1,14,0,13,1,13,1,12,2,12,2,11,3,0,0,0,0,0,0,0,0,0,0,0,0,0,0,0,0,0,0,0,0,0,0,11,0,11,1,11,2,11,3,12,3,12,4,11,5,12,5,11,6,11,6,11,6,11,6,11,6,11,6,11,5,11,5,11,5,12,4,12,4,12,4,13,3,13,3,14,3,14,3,14,3,15,3]"
2025-08-18 23:00:45.076623,CSI_DATA,1012,1a:00:00:00:00:00,-38,11,0,0,0,0,0,0,0,0,0,-92,0,1,0,172433848,0,31,0,128,0,"[0,0,-2,-15,-2,-16,-2,-15,-2,-15,-2,-15,-3,-14,-3,-14,-4,-14,-4,-13,-4,-13,-5,-13,-5,-13,-6,-13,-6,-13,-6,-13,-6,-13,-6,-13,-6,-13,-6,-14,-5,-13,-5,-13,-4,-14,-4,-13,-3,-13,-2,-13,-2,-13,0,0,0,0,0,0,0,0,0,0,0,0,0,0,0,0,0,0,0,0,0,0,-2,-11,-2,-12,-1,-12,0,-13,0,-13,1,-13,1,-13,2,-13,2,-13,3,-13,3,-13,3,-13,3,-13,3,-13,2,-13,2,-13,1,-13,1,-13,0,-14,0,-14,-1,-14,-1,-15,-1,-15,-1,-15,-1,-15,-1,-16]"
2025-08-18 23:00:45.277869,CSI_DATA,1013,1a:00:00:00:00:00,-38,11,0,0,0,0,0,0,0,0,0,-92,0,1,0,172634900,0,31,0,128,0,"[0,0,-14,-5,-14,-5,-14,-5,-14,-5,-13,-4,-13,-4,-13,-4,-13,-3,-13,-3,-13,-2,-13,-1,-13,-1,-13,0,-13,0,-14,0,-14,0,-14,0,-14,0,-14,-1,-14,-2,-14,-2,-13,-3,-13,-3,-13,-3,-12,-3,-12,-4,0,0,0,0,0,0,0,0,0,0,0,0,0,0,0,0,0,0,0,0,0,0,-11,-2,-11,-3,-11,-4,-11,-5,-11,-5,-11,-6,-11,-7,-11,-7,-11,-8,-11,-8,-11,-8,-11,-8,-11,-7,-11,-7,-10,-7,-11,-7,-11,-7,-12,-6,-12,-6,-12,-6,-13,-6,-13,-6,-14,-5,-14,-5,-14,-5,-14,-5]"
2025-08-18 23:00:45.473820,CSI_DATA,1014,1a:00:00:00:00:00,-38,11,0,0,0,0,0,0,0,0,0,-92,0,1,0,172836240,0,31,0,128,0,"[0,0,4,-15,4,-14,4,-15,3,-14,3,-15,3,-14,2,-14,2,-14,1,-13,0,-13,0,-14,-1,-13,-1,-14,-1,-14,-1,-14,-1,-14,-1,-14,-1,-14,-1,-15,0,-14,0,-14,1,-14,1,-13,2,-13,2,-12,3,-12,0,0,0,0,0,0,0,0,0,0,0,0,0,0,0,0,0,0,0,0,0,0,1,-11,2,-11,3,-11,4,-12,4,-12,5,-12,6,-12,6,-12,7,-11,7,-11,7,-11,7,-11,7,-11,6,-11,6,-11,6,-11,6,-11,5,-12,5,-12,5,-13,4,-13,4,-13,4,-13,4,-14,4,-14,4,-15]"
2025-08-18 23:00:45.674533,CSI_DATA,1015,1a:00:00:00:00:00,-38,11,0,0,0,0,0,0,0,0,0,-92,0,1,0,173037403,0,31,0,128,0,"[0,0,10,-11,9,-12,9,-12,9,-11,8,-12,8,-11,8,-11,7,-12,6,-11,6,-12,5,-12,5,-12,4,-13,4,-13,4,-13,4,-13,4,-13,5,-14,5,-13,5,-13,6,-13,6,-12,6,-12,7,-11,7,-10,7,-10,0,0,0,0,0,0,0,0,0,0,0,0,0,0,0,0,0,0,0,0,0,0,6,-9,6,-9,7,-9,8,-9,9,-9,9,-8,10,-8,10,-8,11,-7,11,-7,11,-7,11,-7,10,-7,10,-7,10,-7,10,-7,9,-8,9,-9,9,-9,9,-9,9,-10,9,-10,9,-11,9,-11,9,-11,9,-11]"
2025-08-18 23:00:45.886592,CSI_DATA,1016,1a:00:00:00:00:00,-38,11,0,0,0,0,0,0,0,0,0,-92,0,1,0,173238520,0,31,0,128,0,"[0,0,-13,-9,-12,-8,-12,-9,-12,-9,-12,-8,-12,-8,-11,-6,-12,-6,-11,-6,-13,-4,-13,-5,-12,-4,-13,-4,-13,-4,-13,-4,-13,-3,-14,-4,-14,-4,-14,-4,-13,-5,-13,-5,-13,-6,-12,-5,-12,-7,-10,-7,-11,-7,0,0,0,0,0,0,0,0,0,0,0,0,0,0,0,0,0,0,0,0,0,0,-10,-6,-9,-7,-9,-8,-9,-8,-9,-9,-9,-10,-9,-10,-9,-10,-8,-11,-8,-11,-7,-11,-7,-11,-8,-11,-7,-10,-8,-10,-8,-10,-8,-9,-9,-9,-10,-9,-10,-9,-11,-9,-11,-9,-11,-9,-12,-9,-12,-9,-12,-9]"
2025-08-18 23:00:46.078377,CSI_DATA,1017,1a:00:00:00:00:00,-38,11,0,0,0,0,0,0,0,0,0,-92,0,1,0,173439783,0,31,0,128,0,"[0,0,3,-15,2,-15,2,-15,2,-14,2,-15,2,-14,1,-14,1,-14,0,-14,-1,-13,-1,-13,-2,-13,-2,-14,-2,-14,-3,-14,-3,-14,-2,-14,-2,-14,-2,-15,-1,-14,-1,-14,-1,-14,0,-14,1,-13,1,-13,2,-12,0,0,0,0,0,0,0,0,0,0,0,0,0,0,0,0,0,0,0,0,0,0,1,-11,2,-11,3,-12,3,-12,4,-12,5,-12,5,-12,6,-12,6,-12,6,-11,6,-11,6,-11,6,-11,6,-11,6,-11,5,-11,5,-12,4,-12,4,-13,4,-13,3,-13,3,-14,3,-14,3,-14,3,-15,3,-15]"
2025-08-18 23:00:46.280254,CSI_DATA,1018,1a:00:00:00:00:00,-38,11,0,0,0,0,0,0,0,0,0,-92,0,1,0,173640907,0,31,0,128,0,"[0,0,-15,1,-15,2,-14,2,-14,2,-14,2,-14,2,-13,3,-13,3,-12,3,-13,4,-12,4,-12,5,-12,5,-12,5,-12,6,-12,5,-13,5,-13,6,-13,5,-13,5,-13,4,-13,4,-13,3,-13,2,-12,1,-12,1,0,0,0,0,0,0,0,0,0,0,0,0,0,0,0,0,0,0,0,0,0,0,-11,2,-11,1,-12,1,-12,0,-13,0,-13,-1,-13,-1,-13,-2,-13,-2,-13,-3,-13,-3,-12,-3,-13,-3,-12,-3,-12,-2,-13,-2,-12,-1,-13,-1,-13,-1,-13,0,-13,0,-14,1,-14,1,-14,1,-14,1,-15,1]"
2025-08-18 23:00:46.479379,CSI_DATA,1019,1a:00:00:00:00:00,-38,11,0,0,0,0,0,0,0,0,0,-92,0,1,0,173842046,0,31,0,128,0,"[0,0,-5,14,-5,13,-5,13,-4,13,-4,13,-4,13,-4,13,-3,13,-3,12,-2,12,-1,12,-1,12,-1,12,0,13,0,13,0,13,0,13,-1,13,-1,13,-2,13,-2,13,-3,13,-3,12,-3,12,-4,11,-5,11,0,0,0,0,0,0,0,0,0,0,0,0,0,0,0,0,0,0,0,0,0,0,-2,10,-3,11,-3,11,-4,11,-5,11,-6,11,-7,11,-7,11,-7,11,-8,10,-7,10,-8,10,-7,10,-7,10,-7,10,-7,10,-6,11,-5,11,-6,12,-5,12,-5,12,-5,12,-5,13,-5,13,-5,14,-4,14]"
2025-08-18 23:00:46.544098,CSI_DATA,1020,1a:00:00:00:00:00,-37,11,0,0,0,0,0,0,0,0,0,-92,0,1,0,173902924,0,42,0,128,0,"[0,0,-6,14,-7,12,-6,13,-6,12,-6,13,-5,12,-5,12,-4,12,-4,12,-3,12,-3,12,-2,12,-2,12,-2,13,-2,12,-2,13,-2,12,-2,14,-2,14,-3,14,-3,13,-4,13,-4,12,-5,12,-6,11,-5,11,0,0,0,0,0,0,0,0,0,0,0,0,0,0,0,0,0,0,0,0,0,0,-4,10,-4,10,-5,10,-7,11,-6,10,-7,10,-7,10,-8,10,-8,9,-9,9,-9,8,-9,8,-8,9,-8,8,-8,9,-8,9,-8,10,-7,9,-7,11,-6,11,-7,12,-6,12,-6,12,-6,12,-7,13,-6,13]"
2025-08-18 23:00:46.602555,CSI_DATA,1021,1a:00:00:00:00:00,-38,11,0,0,0,0,0,0,0,0,0,-92,0,1,0,173969625,0,31,0,128,0,"[0,0,3,15,3,14,3,14,3,13,4,14,3,13,4,13,4,12,5,12,5,11,6,11,6,11,6,11,7,11,7,10,7,11,7,11,7,12,7,12,6,12,5,12,5,12,4,12,3,12,3,11,2,12,0,0,0,0,0,0,0,0,0,0,0,0,0,0,0,0,0,0,0,0,0,0,4,10,3,11,3,11,2,12,2,12,1,13,0,13,0,13,-1,13,-1,12,-1,13,-1,13,-1,13,-1,12,-1,12,0,12,0,13,1,12,1,13,2,13,2,13,2,13,3,13,3,14,3,14,4,14]"
2025-08-18 23:00:46.672254,CSI_DATA,1022,1a:00:00:00:00:00,-38,11,0,0,0,0,0,0,0,0,0,-92,0,1,0,174033235,0,28,0,128,0,"[0,0,4,-15,3,-15,3,-15,3,-15,3,-15,2,-14,2,-14,2,-14,1,-14,0,-14,0,-14,-1,-14,-1,-14,-1,-14,-1,-14,-2,-14,-1,-14,-1,-15,-1,-15,0,-15,0,-14,1,-14,1,-14,2,-13,3,-13,3,-12,0,0,0,0,0,0,0,0,0,0,0,0,0,0,0,0,0,0,0,0,0,0,1,-11,2,-12,3,-12,4,-12,4,-12,5,-12,6,-12,6,-12,7,-12,7,-11,7,-11,7,-11,7,-11,7,-12,6,-12,6,-11,5,-12,5,-12,4,-13,4,-13,4,-13,4,-14,4,-14,4,-15,4,-15,4,-15]"
2025-08-18 23:00:46.804774,CSI_DATA,1023,1a:00:00:00:00:00,-38,11,0,0,0,0,0,0,0,0,0,-92,0,1,0,174170759,0,31,0,128,0,"[0,0,14,2,13,2,13,2,13,2,13,1,13,1,12,0,12,0,12,0,12,-1,12,-1,12,-2,12,-2,12,-2,12,-3,12,-3,12,-2,13,-2,13,-2,13,-2,13,-1,12,-1,12,0,12,1,11,1,11,1,0,0,0,0,0,0,0,0,0,0,0,0,0,0,0,0,0,0,0,0,0,0,10,0,10,1,11,2,11,2,11,3,11,4,11,4,11,5,11,5,10,5,10,6,10,6,10,6,10,5,10,5,10,5,11,4,11,4,11,3,12,3,12,3,12,2,13,2,13,2,13,2,14,2]"
2025-08-18 23:00:47.012625,CSI_DATA,1024,1a:00:00:00:00:00,-38,11,0,0,0,0,0,0,0,0,0,-92,0,1,0,174372005,0,31,0,128,0,"[0,0,4,-14,4,-15,4,-14,4,-14,3,-14,3,-14,3,-14,2,-13,2,-13,1,-14,1,-13,0,-13,0,-13,-1,-13,-1,-14,-1,-14,-1,-14,0,-14,0,-14,0,-14,1,-14,1,-14,2,-13,2,-13,3,-12,3,-12,0,0,0,0,0,0,0,0,0,0,0,0,0,0,0,0,0,0,0,0,0,0,2,-11,3,-11,4,-12,4,-11,5,-12,6,-11,6,-12,7,-11,7,-11,8,-11,8,-11,8,-10,7,-11,7,-11,7,-11,6,-11,6,-11,6,-12,5,-12,5,-12,5,-13,5,-13,5,-14,5,-14,4,-14,4,-14]"
2025-08-18 23:00:47.419103,CSI_DATA,1025,1a:00:00:00:00:00,-38,11,0,0,0,0,0,0,0,0,0,-92,0,1,0,174573124,0,31,0,128,0,"[0,0,-7,13,-7,13,-7,13,-6,12,-6,13,-6,12,-5,12,-4,12,-4,12,-3,12,-3,12,-2,12,-2,12,-2,13,-2,13,-2,13,-2,13,-2,13,-3,13,-3,13,-4,13,-4,12,-4,12,-5,12,-5,11,-6,10,0,0,0,0,0,0,0,0,0,0,0,0,0,0,0,0,0,0,0,0,0,0,-4,10,-5,10,-6,10,-6,10,-7,10,-8,10,-8,10,-9,10,-9,10,-9,9,-9,9,-9,9,-9,9,-9,9,-9,9,-8,9,-8,10,-7,10,-7,11,-7,11,-7,12,-7,12,-7,12,-7,13,-7,13,-7,13]"
2025-08-18 23:00:47.426459,CSI_DATA,1026,1a:00:00:00:00:00,-38,11,0,0,0,0,0,0,0,0,0,-92,0,1,0,174777546,0,31,0,128,0,"[0,0,5,-14,4,-14,4,-14,4,-14,4,-14,4,-14,3,-13,3,-13,2,-13,1,-13,1,-13,0,-13,0,-13,0,-13,0,-14,0,-13,0,-14,0,-14,0,-14,1,-14,1,-13,2,-13,2,-13,2,-13,3,-12,4,-11,0,0,0,0,0,0,0,0,0,0,0,0,0,0,0,0,0,0,0,0,0,0,2,-11,3,-11,4,-12,4,-11,5,-12,6,-11,7,-11,7,-11,7,-11,7,-11,8,-10,8,-10,7,-10,7,-10,7,-10,6,-10,6,-11,6,-11,5,-12,5,-12,5,-13,5,-13,5,-14,5,-14,5,-14,5,-14]"
2025-08-18 23:00:47.606816,CSI_DATA,1027,1a:00:00:00:00:00,-38,11,0,0,0,0,0,0,0,0,0,-92,0,1,0,174975417,0,31,0,128,0,"[0,0,11,9,11,9,10,9,11,8,11,8,10,8,10,7,10,7,10,6,10,6,11,5,11,5,11,5,11,4,12,4,12,4,12,5,12,5,12,5,12,6,11,6,11,6,10,7,9,7,9,7,8,7,0,0,0,0,0,0,0,0,0,0,0,0,0,0,0,0,0,0,0,0,0,0,9,5,9,6,9,7,8,7,8,8,8,9,8,9,7,10,7,10,7,10,6,10,6,10,6,10,6,10,7,10,7,9,8,9,8,9,9,9,9,9,9,9,10,9,10,9,11,9,10,9,11,9]"
2025-08-18 23:00:47.815663,CSI_DATA,1028,1a:00:00:00:00:00,-38,11,0,0,0,0,0,0,0,0,0,-92,0,1,0,175176812,0,31,0,128,0,"[0,0,15,2,14,2,14,2,14,2,14,1,13,1,13,1,13,0,13,0,12,-1,12,-2,12,-2,12,-3,13,-3,13,-3,13,-3,13,-3,13,-3,13,-2,13,-2,13,-1,13,-1,12,0,12,0,12,1,11,1,0,0,0,0,0,0,0,0,0,0,0,0,0,0,0,0,0,0,0,0,0,0,10,0,11,1,11,2,11,2,12,3,12,4,12,5,12,5,11,5,11,6,11,6,11,6,11,5,11,5,11,5,11,5,11,4,12,3,12,3,12,3,13,3,13,3,13,2,14,2,14,2,15,2]"
2025-08-18 23:00:48.020679,CSI_DATA,1029,1a:00:00:00:00:00,-38,11,0,0,0,0,0,0,0,0,0,-92,0,1,0,175377958,0,31,0,128,0,"[0,0,-12,-10,-12,-9,-12,-9,-12,-9,-12,-9,-12,-8,-12,-8,-12,-7,-12,-7,-12,-6,-12,-6,-12,-5,-12,-5,-12,-5,-13,-5,-13,-4,-13,-5,-13,-5,-13,-5,-13,-6,-13,-6,-12,-6,-11,-7,-11,-7,-10,-7,-9,-8,0,0,0,0,0,0,0,0,0,0,0,0,0,0,0,0,0,0,0,0,0,0,-10,-6,-10,-7,-10,-8,-9,-9,-9,-9,-9,-10,-9,-11,-8,-11,-8,-11,-8,-11,-7,-11,-7,-11,-7,-11,-7,-11,-8,-10,-8,-10,-8,-10,-9,-10,-9,-10,-10,-10,-10,-9,-11,-9,-11,-9,-11,-10,-12,-10,-12,-10]"
2025-08-18 23:00:48.077184,CSI_DATA,1030,1a:00:00:00:00:00,-38,11,0,0,0,0,0,0,0,0,0,-92,0,1,0,175438720,0,42,0,128,0,"[0,0,3,15,3,14,3,14,3,13,4,13,3,13,4,12,4,12,4,11,5,11,6,11,6,11,6,11,7,11,7,11,7,11,7,11,7,11,7,11,6,11,6,11,5,12,4,12,4,11,3,11,3,11,0,0,0,0,0,0,0,0,0,0,0,0,0,0,0,0,0,0,0,0,0,0,3,10,2,11,2,11,1,12,1,12,0,13,-1,13,-1,13,-2,13,-2,12,-2,13,-2,12,-2,12,-1,12,-1,12,-1,12,0,12,0,12,1,13,1,13,1,13,2,13,2,13,3,14,3,14,3,14]"
2025-08-18 23:00:48.142395,CSI_DATA,1031,1a:00:00:00:00:00,-38,11,0,0,0,0,0,0,0,0,0,-92,0,1,0,175507099,0,31,0,128,0,"[0,0,-2,15,-2,14,-2,14,-2,14,-1,14,-1,14,0,13,0,13,1,12,1,12,1,12,2,12,2,12,3,12,3,12,3,13,3,13,3,13,2,13,2,13,1,13,1,13,0,12,-1,12,-1,11,-2,11,0,0,0,0,0,0,0,0,0,0,0,0,0,0,0,0,0,0,0,0,0,0,0,11,-1,11,-2,11,-2,12,-3,12,-3,12,-4,12,-5,12,-5,12,-5,12,-6,12,-6,11,-5,12,-5,11,-5,11,-4,11,-4,12,-3,12,-3,12,-3,13,-3,13,-2,13,-2,14,-2,14,-2,14,-2,15]"
2025-08-18 23:00:48.541704,CSI_DATA,1032,1a:00:00:00:00:00,-38,11,0,0,0,0,0,0,0,0,0,-92,0,1,0,175708187,0,31,0,128,0,"[0,0,-12,-10,-12,-10,-11,-10,-11,-10,-11,-9,-11,-9,-11,-8,-12,-7,-12,-7,-12,-6,-12,-6,-12,-5,-12,-5,-12,-5,-13,-5,-13,-5,-13,-5,-13,-5,-13,-6,-13,-6,-12,-6,-12,-7,-11,-7,-11,-7,-10,-7,-9,-8,0,0,0,0,0,0,0,0,0,0,0,0,0,0,0,0,0,0,0,0,0,0,-10,-7,-9,-7,-9,-8,-9,-9,-9,-9,-9,-10,-8,-11,-8,-11,-8,-11,-7,-11,-7,-11,-7,-11,-7,-11,-7,-11,-7,-10,-8,-11,-8,-10,-9,-10,-9,-10,-9,-10,-10,-10,-10,-10,-11,-10,-11,-10,-12,-10,-12,-10]"
2025-08-18 23:00:48.547009,CSI_DATA,1033,1a:00:00:00:00:00,-38,11,0,0,0,0,0,0,0,0,0,-92,0,1,0,175909662,0,31,0,128,0,"[0,0,12,8,11,7,12,7,12,7,12,6,11,6,11,5,11,5,11,4,11,4,11,4,11,3,11,3,12,3,12,2,12,2,12,3,13,3,13,3,12,3,12,4,11,4,11,5,10,5,10,5,9,6,0,0,0,0,0,0,0,0,0,0,0,0,0,0,0,0,0,0,0,0,0,0,9,4,10,5,9,5,10,6,9,7,9,8,9,8,9,9,9,9,8,9,8,10,8,9,8,9,8,9,8,9,8,8,9,8,9,7,10,8,10,7,10,7,11,7,11,7,11,7,11,8,12,7]"
2025-08-18 23:00:48.750941,CSI_DATA,1034,1a:00:00:00:00:00,-38,11,0,0,0,0,0,0,0,0,0,-92,0,1,0,176110488,0,31,0,128,0,"[0,0,-15,-2,-15,-2,-15,-2,-14,-1,-14,-1,-14,-1,-14,-1,-13,0,-14,0,-13,1,-13,1,-13,2,-13,2,-13,2,-13,2,-13,2,-13,2,-14,2,-14,2,-14,1,-14,1,-13,0,-13,0,-13,-1,-12,-1,-12,-2,0,0,0,0,0,0,0,0,0,0,0,0,0,0,0,0,0,0,0,0,0,0,-11,1,-12,0,-12,-1,-12,-2,-13,-2,-13,-3,-13,-4,-13,-4,-13,-5,-13,-5,-13,-5,-12,-5,-12,-5,-12,-5,-12,-4,-12,-4,-13,-4,-13,-3,-13,-3,-13,-3,-14,-3,-14,-2,-15,-2,-15,-1,-15,-2,-15,-1]"
2025-08-18 23:00:48.954057,CSI_DATA,1035,1a:00:00:00:00:00,-38,11,0,0,0,0,0,0,0,0,0,-92,0,1,0,176311865,0,31,0,128,0,"[0,0,-15,-4,-15,-4,-15,-4,-14,-3,-14,-3,-14,-3,-14,-3,-14,-2,-13,-1,-13,-1,-13,0,-13,0,-13,0,-13,0,-13,1,-14,1,-14,1,-14,1,-14,1,-14,0,-14,0,-13,-1,-13,-1,-13,-2,-12,-3,-12,-3,0,0,0,0,0,0,0,0,0,0,0,0,0,0,0,0,0,0,0,0,0,0,-11,-2,-12,-3,-12,-4,-12,-5,-12,-5,-12,-6,-12,-7,-12,-7,-12,-7,-11,-8,-11,-8,-11,-8,-11,-8,-11,-7,-11,-7,-11,-7,-12,-6,-12,-5,-13,-5,-13,-5,-13,-5,-14,-5,-14,-4,-14,-4,-14,-5,-14,-4]"
2025-08-18 23:00:49.166288,CSI_DATA,1036,1a:00:00:00:00:00,-38,11,0,0,0,0,0,0,0,0,0,-92,0,1,0,176513229,0,31,0,128,0,"[0,0,2,-15,2,-15,2,-15,2,-15,2,-15,1,-14,1,-14,0,-14,0,-14,-1,-13,-1,-14,-2,-13,-2,-13,-3,-13,-3,-13,-3,-14,-3,-14,-3,-14,-2,-14,-2,-14,-1,-14,-1,-14,0,-13,1,-13,1,-12,1,-12,0,0,0,0,0,0,0,0,0,0,0,0,0,0,0,0,0,0,0,0,0,0,1,-12,2,-12,2,-12,3,-13,3,-13,4,-13,5,-13,5,-13,6,-12,6,-12,7,-12,6,-12,6,-12,6,-12,6,-12,5,-12,4,-12,4,-13,4,-13,3,-13,3,-14,3,-14,3,-14,3,-15,3,-15,3,-15]"
2025-08-18 23:00:49.347651,CSI_DATA,1037,1a:00:00:00:00:00,-38,11,0,0,0,0,0,0,0,0,0,-92,0,1,0,176714113,0,31,0,128,0,"[0,0,1,14,2,14,1,14,2,14,2,13,2,13,2,12,3,12,3,12,4,12,4,11,4,11,5,11,5,11,6,11,6,11,6,12,5,11,5,12,5,12,4,12,3,12,3,12,2,12,1,11,1,11,0,0,0,0,0,0,0,0,0,0,0,0,0,0,0,0,0,0,0,0,0,0,3,10,2,11,2,11,1,12,0,12,0,12,-1,13,-1,13,-2,13,-2,13,-3,12,-3,12,-2,12,-2,12,-2,12,-2,12,-1,12,0,12,0,12,0,13,1,13,1,13,1,14,1,14,2,14,2,14]"
2025-08-18 23:00:49.558257,CSI_DATA,1038,1a:00:00:00:00:00,-38,11,0,0,0,0,0,0,0,0,0,-92,0,1,0,176915246,0,31,0,128,0,"[0,0,-14,-6,-14,-6,-14,-6,-14,-6,-14,-5,-13,-5,-13,-5,-13,-4,-13,-4,-13,-3,-13,-3,-13,-2,-13,-2,-13,-2,-14,-1,-13,-2,-14,-2,-14,-2,-14,-2,-14,-3,-13,-3,-13,-3,-13,-4,-12,-5,-11,-5,-11,-5,0,0,0,0,0,0,0,0,0,0,0,0,0,0,0,0,0,0,0,0,0,0,-11,-3,-11,-4,-12,-5,-12,-6,-12,-6,-12,-7,-12,-7,-11,-8,-11,-8,-11,-9,-10,-9,-10,-9,-10,-9,-10,-8,-10,-8,-11,-8,-11,-7,-11,-7,-12,-7,-12,-7,-13,-6,-13,-6,-14,-6,-14,-6,-14,-6,-14,-6]"
2025-08-18 23:00:49.611482,CSI_DATA,1039,1a:00:00:00:00:00,-38,11,0,0,0,0,0,0,0,0,0,-92,0,1,0,176976070,0,42,0,128,0,"[0,0,-1,14,-1,15,-1,13,0,14,0,13,0,13,0,13,1,13,1,12,2,12,2,12,3,12,3,12,3,11,4,12,3,11,3,12,3,12,3,12,2,13,2,12,1,12,1,12,0,11,0,11,-1,11,0,0,0,0,0,0,0,0,0,0,0,0,0,0,0,0,0,0,0,0,0,0,1,11,0,11,-1,11,-1,11,-1,12,-2,12,-3,12,-4,12,-4,12,-4,12,-4,12,-4,12,-4,12,-4,12,-4,11,-4,12,-3,12,-2,12,-2,12,-2,13,-2,13,-1,13,-1,14,0,14,-1,14,-1,14]"
2025-08-18 23:00:49.678560,CSI_DATA,1040,1a:00:00:00:00:00,-38,11,0,0,0,0,0,0,0,0,0,-92,0,1,0,177042165,0,31,0,128,0,"[0,0,-5,14,-4,13,-4,13,-4,13,-4,13,-3,13,-3,13,-2,12,-2,12,-1,12,-1,12,0,12,0,12,1,12,0,12,0,13,0,13,0,13,0,13,-1,13,-1,13,-2,12,-2,12,-2,12,-3,11,-3,11,0,0,0,0,0,0,0,0,0,0,0,0,0,0,0,0,0,0,0,0,0,0,-2,10,-3,11,-4,11,-5,11,-5,11,-6,11,-7,11,-7,11,-7,10,-8,10,-8,10,-8,10,-7,10,-7,10,-7,10,-7,10,-6,11,-6,11,-6,11,-5,12,-5,12,-5,12,-4,13,-4,13,-4,14,-4,14]"
2025-08-18 23:00:49.880269,CSI_DATA,1041,1a:00:00:00:00:00,-38,11,0,0,0,0,0,0,0,0,0,-92,0,1,0,177243327,0,31,0,128,0,"[0,0,-8,13,-8,13,-8,12,-8,12,-7,12,-7,12,-6,12,-6,12,-5,12,-5,12,-4,12,-3,12,-3,12,-3,12,-3,13,-3,12,-3,13,-3,13,-4,13,-4,13,-5,12,-5,12,-6,12,-6,11,-6,10,-7,9,0,0,0,0,0,0,0,0,0,0,0,0,0,0,0,0,0,0,0,0,0,0,-5,10,-6,10,-7,10,-7,10,-8,10,-8,10,-9,10,-10,9,-10,9,-11,9,-10,8,-10,8,-10,8,-10,8,-10,8,-9,9,-9,9,-9,10,-9,10,-8,10,-8,11,-8,11,-8,12,-8,12,-8,13,-8,12]"
2025-08-18 23:00:50.083483,CSI_DATA,1042,1a:00:00:00:00:00,-38,11,0,0,0,0,0,0,0,0,0,-92,0,1,0,177445771,0,31,0,128,0,"[0,0,-11,10,-10,10,-10,10,-10,10,-9,10,-9,10,-9,10,-8,10,-8,10,-7,10,-7,11,-6,11,-6,10,-5,11,-5,12,-5,11,-6,12,-6,12,-6,12,-7,11,-7,10,-7,10,-8,10,-8,9,-8,8,-8,8,0,0,0,0,0,0,0,0,0,0,0,0,0,0,0,0,0,0,0,0,0,0,-7,8,-8,8,-9,8,-9,7,-10,8,-11,7,-11,7,-12,6,-12,6,-12,6,-12,5,-12,5,-11,5,-11,6,-11,6,-11,6,-11,6,-10,7,-10,7,-10,8,-10,8,-10,9,-10,9,-10,10,-10,10,-10,10]"
2025-08-18 23:00:50.287553,CSI_DATA,1043,1a:00:00:00:00:00,-38,11,0,0,0,0,0,0,0,0,0,-92,0,1,0,177645746,0,31,0,128,0,"[0,0,-2,-16,-3,-16,-2,-15,-3,-15,-3,-15,-3,-14,-3,-14,-4,-14,-4,-13,-5,-13,-5,-13,-6,-12,-6,-12,-6,-12,-7,-12,-6,-12,-6,-13,-6,-13,-6,-13,-6,-13,-5,-13,-4,-13,-4,-13,-3,-13,-2,-12,-2,-12,0,0,0,0,0,0,0,0,0,0,0,0,0,0,0,0,0,0,0,0,0,0,-4,-11,-3,-12,-2,-13,-2,-13,-1,-13,-1,-13,0,-14,0,-14,1,-14,1,-14,1,-14,2,-13,1,-13,1,-13,1,-13,1,-13,0,-13,0,-14,-1,-14,-1,-14,-2,-14,-2,-15,-2,-15,-2,-15,-3,-15,-3,-15]"
2025-08-18 23:00:50.489313,CSI_DATA,1044,1a:00:00:00:00:00,-38,11,0,0,0,0,0,0,0,0,0,-92,0,1,0,177846865,0,31,0,128,0,"[0,0,-13,7,-13,7,-13,7,-13,7,-12,7,-12,7,-11,7,-11,8,-10,8,-10,8,-10,8,-9,9,-9,9,-8,9,-9,10,-9,10,-9,10,-9,9,-9,9,-10,9,-10,9,-10,8,-10,8,-10,7,-10,6,-10,5,0,0,0,0,0,0,0,0,0,0,0,0,0,0,0,0,0,0,0,0,0,0,-9,6,-10,6,-11,6,-11,5,-12,5,-12,4,-13,4,-13,3,-13,3,-14,2,-13,2,-13,2,-13,2,-13,3,-12,3,-12,3,-12,3,-12,4,-12,5,-12,5,-12,5,-13,6,-13,7,-13,7,-13,7,-13,7]"
2025-08-18 23:00:50.686598,CSI_DATA,1045,1a:00:00:00:00:00,-38,11,0,0,0,0,0,0,0,0,0,-92,0,1,0,178048047,0,31,0,128,0,"[0,0,4,-15,3,-15,3,-15,3,-15,2,-15,2,-14,2,-14,1,-14,1,-13,0,-14,-1,-13,-1,-13,-1,-13,-2,-14,-2,-14,-2,-14,-2,-14,-2,-14,-1,-15,-1,-14,0,-14,0,-14,0,-13,1,-13,1,-12,2,-12,0,0,0,0,0,0,0,0,0,0,0,0,0,0,0,0,0,0,0,0,0,0,1,-12,2,-12,3,-12,4,-12,4,-12,5,-13,6,-13,6,-12,6,-12,7,-11,7,-12,7,-11,7,-11,6,-11,6,-12,6,-11,5,-12,5,-12,5,-13,4,-13,4,-13,4,-14,4,-14,3,-15,3,-15,3,-15]"
2025-08-18 23:00:50.880331,CSI_DATA,1046,1a:00:00:00:00:00,-38,11,0,0,0,0,0,0,0,0,0,-92,0,1,0,178249256,0,31,0,128,0,"[0,0,12,8,12,8,11,7,12,7,11,6,11,6,11,6,11,5,11,5,11,4,12,4,11,3,11,3,12,3,12,3,12,3,13,3,12,3,12,3,12,4,12,5,11,5,11,5,10,5,9,6,9,6,0,0,0,0,0,0,0,0,0,0,0,0,0,0,0,0,0,0,0,0,0,0,10,4,9,5,10,6,9,7,9,7,9,8,9,9,9,9,8,9,8,9,8,10,7,10,8,9,8,9,8,9,8,9,8,8,9,8,9,8,10,8,10,7,11,7,11,8,11,8,11,8,12,7]"
2025-08-18 23:00:51.088802,CSI_DATA,1047,1a:00:00:00:00:00,-38,11,0,0,0,0,0,0,0,0,0,-92,0,1,0,178450456,0,31,0,128,0,"[0,0,4,-14,3,-15,3,-14,3,-14,3,-14,3,-14,2,-14,2,-14,1,-13,0,-13,0,-13,-1,-13,-1,-13,-1,-13,-2,-14,-2,-13,-1,-14,-1,-14,-1,-14,0,-14,0,-14,1,-13,1,-13,1,-13,2,-12,2,-11,0,0,0,0,0,0,0,0,0,0,0,0,0,0,0,0,0,0,0,0,0,0,1,-11,2,-11,3,-12,3,-12,4,-12,5,-12,6,-12,6,-12,7,-11,7,-11,7,-11,7,-11,6,-11,6,-11,6,-11,6,-11,5,-11,5,-12,4,-12,4,-13,4,-13,4,-13,4,-14,3,-14,3,-14,3,-15]"
2025-08-18 23:00:51.148785,CSI_DATA,1048,1a:00:00:00:00:00,-38,11,0,0,0,0,0,0,0,0,0,-92,0,1,0,178511235,0,42,0,128,0,"[0,0,8,-12,8,-13,8,-12,8,-13,7,-12,7,-12,7,-12,6,-12,6,-12,5,-13,4,-12,4,-13,4,-13,3,-13,3,-14,3,-13,4,-14,4,-13,4,-13,5,-13,5,-13,5,-12,6,-12,6,-11,6,-10,7,-10,0,0,0,0,0,0,0,0,0,0,0,0,0,0,0,0,0,0,0,0,0,0,4,-11,5,-10,6,-11,7,-10,8,-11,8,-10,9,-10,9,-9,10,-9,10,-9,10,-9,10,-8,10,-9,9,-9,9,-8,9,-9,8,-9,9,-10,8,-10,9,-11,8,-11,8,-12,8,-12,8,-13,8,-13,8,-13]"
2025-08-18 23:00:51.208267,CSI_DATA,1049,1a:00:00:00:00:00,-38,11,0,0,0,0,0,0,0,0,0,-92,0,1,0,178577588,0,31,0,128,0,"[0,0,10,10,10,10,9,9,10,9,9,9,9,9,9,8,10,8,9,7,10,7,10,6,10,6,10,6,10,6,11,6,11,5,11,6,11,6,11,6,10,7,10,7,10,7,9,8,8,8,8,8,7,8,0,0,0,0,0,0,0,0,0,0,0,0,0,0,0,0,0,0,0,0,0,0,8,6,8,6,8,7,8,8,8,9,7,9,7,10,7,10,6,11,6,11,5,11,5,11,5,10,5,10,6,10,6,10,6,10,7,9,7,10,8,9,8,9,9,10,9,10,10,10,10,10,10,10]"
2025-08-18 23:00:51.417431,CSI_DATA,1050,1a:00:00:00:00:00,-38,11,0,0,0,0,0,0,0,0,0,-92,0,1,0,178778351,0,31,0,128,0,"[0,0,1,-15,1,-15,1,-15,1,-14,1,-14,0,-14,0,-14,-1,-14,-1,-13,-2,-13,-2,-13,-3,-13,-3,-13,-3,-13,-3,-13,-3,-13,-3,-14,-3,-13,-3,-14,-2,-14,-2,-13,-1,-13,-1,-13,0,-13,0,-12,1,-12,0,0,0,0,0,0,0,0,0,0,0,0,0,0,0,0,0,0,0,0,0,0,-1,-12,0,-12,1,-12,1,-12,2,-13,3,-13,3,-13,4,-13,5,-12,5,-12,5,-12,5,-12,5,-12,4,-12,4,-12,4,-12,3,-12,3,-13,2,-13,2,-13,2,-13,2,-14,1,-14,1,-15,1,-15,1,-15]"
2025-08-18 23:00:51.818891,CSI_DATA,1051,1a:00:00:00:00:00,-38,11,0,0,0,0,0,0,0,0,0,-92,0,1,0,178979534,0,31,0,128,0,"[0,0,7,-13,7,-14,7,-14,7,-13,6,-13,6,-13,5,-13,5,-13,4,-13,4,-13,3,-13,2,-13,2,-13,2,-13,2,-14,2,-14,2,-14,3,-14,3,-14,4,-14,4,-13,4,-13,5,-12,5,-12,5,-11,6,-11,0,0,0,0,0,0,0,0,0,0,0,0,0,0,0,0,0,0,0,0,0,0,4,-11,5,-11,5,-11,6,-11,7,-11,8,-11,8,-10,9,-10,9,-10,9,-9,9,-9,9,-9,9,-9,9,-9,8,-9,8,-9,8,-10,7,-11,8,-11,7,-11,7,-12,7,-12,7,-13,7,-13,7,-14,7,-14]"
2025-08-18 23:00:51.824429,CSI_DATA,1052,1a:00:00:00:00:00,-38,11,0,0,0,0,0,0,0,0,0,-92,0,1,0,179180719,0,31,0,128,0,"[0,0,-10,12,-10,11,-10,11,-9,11,-9,11,-9,11,-8,11,-8,11,-7,11,-6,11,-6,11,-5,11,-5,12,-5,12,-5,12,-5,12,-5,12,-5,12,-6,12,-6,12,-6,12,-7,11,-7,10,-7,10,-8,9,-8,9,0,0,0,0,0,0,0,0,0,0,0,0,0,0,0,0,0,0,0,0,0,0,-6,9,-7,9,-8,9,-9,9,-9,9,-10,9,-11,8,-11,8,-11,7,-11,7,-11,7,-11,7,-11,7,-11,7,-11,8,-10,7,-10,8,-10,8,-10,9,-10,9,-10,10,-10,10,-9,11,-9,12,-10,12,-10,12]"
2025-08-18 23:00:52.023795,CSI_DATA,1053,1a:00:00:00:00:00,-38,11,0,0,0,0,0,0,0,0,0,-92,0,1,0,179381943,0,31,0,128,0,"[0,0,9,-12,9,-12,9,-12,9,-12,8,-12,8,-12,7,-12,7,-12,6,-12,6,-12,5,-12,5,-13,4,-12,4,-13,4,-13,4,-13,4,-13,5,-13,5,-13,6,-13,6,-12,6,-12,7,-12,7,-11,7,-10,7,-9,0,0,0,0,0,0,0,0,0,0,0,0,0,0,0,0,0,0,0,0,0,0,5,-10,6,-10,7,-10,8,-9,9,-10,9,-9,10,-9,10,-8,10,-8,11,-8,11,-7,11,-7,11,-8,10,-8,10,-8,10,-8,9,-8,9,-9,9,-9,9,-10,9,-10,9,-11,9,-11,9,-12,9,-12,9,-12]"
2025-08-18 23:00:52.240210,CSI_DATA,1054,1a:00:00:00:00:00,-38,11,0,0,0,0,0,0,0,0,0,-92,0,1,0,179583086,0,31,0,128,0,"[0,0,-11,-10,-11,-11,-11,-10,-11,-10,-11,-9,-11,-9,-11,-9,-11,-8,-11,-8,-11,-7,-11,-7,-12,-6,-12,-6,-12,-6,-13,-6,-12,-5,-13,-6,-12,-6,-13,-7,-12,-7,-12,-7,-11,-7,-11,-8,-10,-8,-9,-8,-9,-8,0,0,0,0,0,0,0,0,0,0,0,0,0,0,0,0,0,0,0,0,0,0,-9,-7,-9,-8,-9,-9,-8,-9,-8,-11,-8,-11,-8,-12,-7,-12,-7,-12,-6,-12,-6,-12,-6,-12,-6,-12,-6,-12,-6,-11,-7,-11,-7,-11,-8,-11,-8,-11,-9,-11,-9,-10,-10,-11,-10,-11,-10,-11,-11,-11,-11,-11]"
2025-08-18 23:00:52.419072,CSI_DATA,1055,1a:00:00:00:00:00,-38,11,0,0,0,0,0,0,0,0,0,-92,0,1,0,179784434,0,31,0,128,0,"[0,0,-1,14,-1,14,-1,14,-1,14,0,14,0,13,0,13,1,13,1,12,2,12,2,12,3,12,3,12,4,12,4,11,4,12,3,12,4,12,3,13,3,12,2,12,2,12,1,12,1,12,0,11,-1,11,0,0,0,0,0,0,0,0,0,0,0,0,0,0,0,0,0,0,0,0,0,0,0,10,0,11,-1,11,-2,12,-2,12,-3,12,-4,12,-4,12,-5,12,-5,12,-5,12,-5,11,-5,11,-4,11,-4,11,-4,11,-3,12,-3,12,-2,12,-2,13,-2,13,-1,13,-1,13,-1,14,-1,14,-1,14]"
2025-08-18 23:00:52.627942,CSI_DATA,1056,1a:00:00:00:00:00,-38,11,0,0,0,0,0,0,0,0,0,-92,0,1,0,179985514,0,31,0,128,0,"[0,0,-13,-9,-12,-9,-13,-9,-12,-8,-12,-8,-12,-8,-12,-7,-12,-7,-12,-6,-12,-5,-13,-5,-12,-4,-13,-4,-13,-4,-13,-4,-13,-4,-13,-4,-13,-4,-13,-5,-13,-5,-13,-6,-12,-6,-11,-6,-11,-6,-11,-7,-10,-7,0,0,0,0,0,0,0,0,0,0,0,0,0,0,0,0,0,0,0,0,0,0,-10,-6,-10,-7,-10,-7,-10,-8,-10,-8,-10,-10,-9,-10,-9,-11,-9,-11,-8,-11,-8,-11,-8,-11,-8,-11,-8,-10,-9,-10,-8,-10,-9,-10,-9,-9,-10,-10,-10,-9,-11,-9,-11,-9,-12,-9,-12,-9,-12,-9,-13,-9]"
2025-08-18 23:00:52.689952,CSI_DATA,1057,1a:00:00:00:00:00,-38,11,0,0,0,0,0,0,0,0,0,-92,0,1,0,180046295,0,42,0,128,0,"[0,0,-12,-10,-12,-10,-11,-10,-12,-10,-12,-9,-11,-8,-11,-8,-12,-7,-11,-7,-12,-6,-12,-6,-12,-5,-12,-5,-12,-5,-13,-5,-13,-5,-13,-5,-13,-5,-13,-6,-13,-6,-12,-6,-12,-7,-11,-7,-10,-8,-10,-7,-9,-8,0,0,0,0,0,0,0,0,0,0,0,0,0,0,0,0,0,0,0,0,0,0,-10,-7,-10,-7,-9,-8,-9,-9,-9,-9,-9,-10,-9,-11,-8,-11,-8,-11,-8,-12,-7,-11,-7,-11,-7,-11,-7,-11,-7,-11,-8,-10,-8,-10,-9,-10,-9,-10,-10,-10,-10,-10,-11,-10,-11,-10,-11,-10,-11,-10,-12,-10]"
2025-08-18 23:00:52.745399,CSI_DATA,1058,1a:00:00:00:00:00,-38,11,0,0,0,0,0,0,0,0,0,-92,0,1,0,180115175,0,31,0,128,0,"[0,0,12,8,11,7,12,7,12,7,12,7,11,6,11,6,11,5,11,5,11,4,12,3,11,3,12,3,12,3,12,2,12,2,12,3,13,3,13,3,12,4,12,4,11,5,10,5,10,5,10,5,9,6,0,0,0,0,0,0,0,0,0,0,0,0,0,0,0,0,0,0,0,0,0,0,10,4,10,5,9,6,9,7,9,7,9,8,9,9,8,9,8,9,8,9,8,9,7,10,8,9,8,9,8,9,8,8,8,8,9,8,9,8,10,8,10,7,11,8,11,7,11,7,12,8,12,7]"
2025-08-18 23:00:52.950722,CSI_DATA,1059,1a:00:00:00:00:00,-38,11,0,0,0,0,0,0,0,0,0,-92,0,1,0,180316330,0,31,0,128,0,"[0,0,14,1,14,1,14,1,14,1,13,1,13,0,13,0,13,-1,12,-1,12,-2,12,-2,12,-2,12,-3,12,-3,12,-3,12,-3,12,-3,12,-3,13,-3,13,-3,13,-2,12,-2,12,-1,11,0,11,0,11,1,0,0,0,0,0,0,0,0,0,0,0,0,0,0,0,0,0,0,0,0,0,0,10,0,11,1,11,1,11,2,11,2,12,3,12,4,12,4,11,5,11,5,11,5,11,5,11,5,11,5,11,5,11,4,11,4,11,3,12,3,12,2,12,2,13,2,13,2,14,2,14,2,14,2]"
2025-08-18 23:00:53.156892,CSI_DATA,1060,1a:00:00:00:00:00,-38,11,0,0,0,0,0,0,0,0,0,-92,0,1,0,180518178,0,31,0,128,0,"[0,0,-15,1,-15,1,-15,2,-14,2,-14,2,-14,2,-13,3,-13,3,-13,3,-12,4,-12,4,-12,5,-12,5,-12,6,-12,6,-12,6,-12,6,-12,6,-13,5,-12,5,-13,4,-13,4,-12,3,-12,3,-12,2,-12,2,0,0,0,0,0,0,0,0,0,0,0,0,0,0,0,0,0,0,0,0,0,0,-11,2,-12,1,-12,1,-13,0,-13,0,-13,-1,-13,-2,-13,-2,-13,-3,-13,-3,-13,-3,-13,-3,-13,-3,-13,-3,-13,-2,-13,-2,-13,-2,-13,-1,-13,-1,-13,0,-14,0,-14,1,-14,1,-15,2,-15,1,-15,2]"
2025-08-18 23:00:53.355938,CSI_DATA,1061,1a:00:00:00:00:00,-38,11,0,0,0,0,0,0,0,0,0,-92,0,1,0,180718844,0,31,0,128,0,"[0,0,-13,8,-13,8,-12,7,-12,8,-11,8,-11,8,-11,8,-10,8,-10,8,-9,8,-9,9,-9,9,-8,9,-8,9,-8,10,-8,10,-9,10,-9,10,-9,10,-9,9,-10,9,-10,8,-10,8,-10,7,-10,6,-10,5,0,0,0,0,0,0,0,0,0,0,0,0,0,0,0,0,0,0,0,0,0,0,-9,7,-9,6,-10,6,-11,6,-11,6,-12,5,-13,4,-13,4,-13,4,-13,3,-13,3,-13,3,-13,3,-12,3,-12,4,-12,4,-12,4,-12,5,-12,5,-12,6,-12,6,-12,7,-12,7,-12,8,-12,8,-13,7]"
2025-08-18 23:00:53.561449,CSI_DATA,1062,1a:00:00:00:00:00,-38,11,0,0,0,0,0,0,0,0,0,-92,0,1,0,180919949,0,31,0,128,0,"[0,0,-10,-12,-10,-12,-9,-11,-9,-12,-9,-11,-9,-10,-9,-10,-9,-9,-10,-9,-10,-8,-9,-9,-10,-8,-11,-9,-11,-8,-12,-8,-12,-8,-11,-8,-12,-7,-11,-9,-11,-9,-11,-9,-9,-9,-9,-9,-9,-9,-8,-9,-8,-9,0,0,0,0,0,0,0,0,0,0,0,0,0,0,0,0,0,0,0,0,0,0,-8,-9,-8,-9,-7,-10,-7,-11,-6,-11,-6,-12,-6,-13,-5,-13,-5,-13,-5,-13,-4,-13,-4,-13,-4,-13,-5,-12,-5,-12,-5,-12,-5,-12,-6,-12,-6,-12,-7,-12,-8,-12,-8,-12,-9,-12,-9,-13,-9,-12,-9,-12]"
2025-08-18 23:00:53.771425,CSI_DATA,1063,1a:00:00:00:00:00,-38,11,0,0,0,0,0,0,0,0,0,-92,0,1,0,181121090,0,31,0,128,0,"[0,0,-16,2,-15,2,-15,2,-15,2,-15,2,-14,2,-14,3,-13,3,-13,3,-13,4,-13,4,-12,5,-12,5,-12,5,-12,6,-12,6,-13,6,-13,6,-13,5,-13,5,-13,4,-13,4,-13,3,-13,2,-12,2,-12,1,0,0,0,0,0,0,0,0,0,0,0,0,0,0,0,0,0,0,0,0,0,0,-11,3,-12,2,-12,2,-13,1,-13,1,-14,0,-14,-1,-14,-1,-14,-2,-14,-2,-14,-2,-14,-2,-13,-2,-13,-2,-13,-2,-13,-1,-13,-1,-13,0,-14,0,-14,1,-14,1,-14,1,-15,2,-15,2,-15,2,-15,2]"
2025-08-18 23:00:53.960164,CSI_DATA,1064,1a:00:00:00:00:00,-38,11,0,0,0,0,0,0,0,0,0,-92,0,1,0,181322283,0,31,0,128,0,"[0,0,11,-10,11,-10,11,-10,10,-10,10,-11,9,-10,9,-10,9,-11,8,-10,7,-11,7,-11,6,-11,6,-12,6,-12,6,-12,6,-12,6,-12,7,-12,7,-12,7,-12,8,-11,8,-11,8,-10,8,-10,8,-9,8,-8,0,0,0,0,0,0,0,0,0,0,0,0,0,0,0,0,0,0,0,0,0,0,7,-9,8,-9,8,-8,9,-8,10,-8,10,-7,11,-7,11,-7,12,-6,12,-6,12,-6,12,-5,11,-6,11,-6,11,-6,11,-6,11,-7,10,-7,10,-8,10,-8,10,-9,11,-9,10,-10,10,-10,11,-10,11,-10]"
2025-08-18 23:00:54.220584,CSI_DATA,1065,1a:00:00:00:00:00,-38,11,0,0,0,0,0,0,0,0,0,-92,0,1,0,181523421,0,31,0,128,0,"[0,0,-13,9,-12,8,-13,9,-11,8,-11,9,-11,9,-11,9,-10,9,-9,9,-9,9,-9,9,-8,10,-8,10,-8,11,-7,10,-8,11,-8,11,-8,11,-9,11,-9,10,-9,10,-9,9,-9,9,-9,8,-10,8,-10,7,0,0,0,0,0,0,0,0,0,0,0,0,0,0,0,0,0,0,0,0,0,0,-9,7,-10,7,-10,6,-11,6,-11,6,-12,6,-13,5,-13,5,-13,4,-13,4,-13,4,-13,4,-13,4,-13,4,-13,4,-12,4,-13,5,-11,5,-12,6,-12,7,-12,7,-12,8,-12,8,-12,8,-12,9,-13,9]"
2025-08-18 23:00:54.226894,CSI_DATA,1066,1a:00:00:00:00:00,-38,11,0,0,0,0,0,0,0,0,0,-92,0,1,0,181584185,0,42,0,128,0,"[0,0,-8,12,-8,12,-8,12,-8,12,-7,12,-7,12,-7,12,-6,12,-5,12,-5,12,-4,12,-3,12,-4,12,-3,12,-3,12,-3,12,-3,13,-4,13,-4,13,-4,13,-5,12,-5,12,-5,11,-6,11,-6,10,-7,9,0,0,0,0,0,0,0,0,0,0,0,0,0,0,0,0,0,0,0,0,0,0,-5,10,-6,10,-7,10,-8,10,-8,9,-9,10,-10,9,-10,9,-10,8,-11,8,-11,8,-10,8,-10,8,-10,8,-10,8,-10,8,-9,9,-9,9,-9,10,-9,10,-9,11,-8,11,-8,12,-8,12,-8,12,-8,12]"
2025-08-18 23:00:54.286085,CSI_DATA,1067,1a:00:00:00:00:00,-38,11,0,0,0,0,0,0,0,0,0,-92,0,1,0,181649230,0,31,0,128,0,"[0,0,13,-7,13,-7,12,-7,12,-7,12,-7,11,-7,11,-7,11,-8,10,-8,10,-9,9,-9,9,-9,9,-9,8,-10,9,-10,9,-10,9,-10,9,-10,9,-10,10,-9,10,-9,10,-9,10,-8,10,-7,10,-6,10,-6,0,0,0,0,0,0,0,0,0,0,0,0,0,0,0,0,0,0,0,0,0,0,9,-7,10,-6,10,-6,11,-5,11,-5,12,-4,12,-4,12,-3,13,-3,13,-2,12,-2,12,-2,12,-2,12,-2,12,-3,12,-3,12,-4,12,-4,12,-5,12,-5,12,-5,12,-6,12,-7,13,-7,13,-7,13,-7]"
2025-08-18 23:00:54.491954,CSI_DATA,1068,1a:00:00:00:00:00,-38,11,0,0,0,0,0,0,0,0,0,-92,0,1,0,181850298,0,31,0,128,0,"[0,0,-15,-5,-15,-5,-14,-4,-14,-4,-14,-4,-14,-3,-14,-3,-14,-2,-13,-2,-13,-1,-13,-1,-13,0,-13,0,-13,0,-14,0,-14,1,-14,0,-14,0,-14,0,-14,-1,-14,-1,-13,-2,-13,-2,-13,-3,-12,-3,-12,-4,0,0,0,0,0,0,0,0,0,0,0,0,0,0,0,0,0,0,0,0,0,0,-11,-2,-12,-3,-12,-4,-12,-5,-12,-5,-12,-6,-12,-7,-12,-7,-12,-8,-12,-8,-11,-8,-11,-8,-11,-7,-11,-7,-11,-7,-11,-7,-12,-6,-12,-6,-12,-6,-13,-5,-13,-5,-14,-5,-14,-4,-14,-4,-15,-5,-15,-4]"
2025-08-18 23:00:54.683252,CSI_DATA,1069,1a:00:00:00:00:00,-38,11,0,0,0,0,0,0,0,0,0,-92,0,1,0,182051634,0,31,0,128,0,"[0,0,5,14,5,13,5,13,5,13,5,12,5,12,5,12,6,11,6,11,7,10,7,10,7,10,7,10,8,9,8,10,8,9,8,10,8,10,8,10,7,11,7,11,6,11,5,11,5,11,4,10,3,10,0,0,0,0,0,0,0,0,0,0,0,0,0,0,0,0,0,0,0,0,0,0,5,9,5,9,4,10,4,11,3,11,3,12,2,13,2,12,1,13,1,13,0,12,0,12,0,12,1,12,1,12,1,12,2,12,2,12,3,12,4,12,4,12,4,12,5,13,5,13,5,13,5,13]"
2025-08-18 23:00:54.885542,CSI_DATA,1070,1a:00:00:00:00:00,-38,11,0,0,0,0,0,0,0,0,0,-92,0,1,0,182252806,0,31,0,128,0,"[0,0,3,14,3,14,3,14,3,13,4,13,4,13,4,12,4,12,5,12,5,11,5,11,6,11,6,11,6,11,7,11,7,11,7,11,7,11,6,11,6,11,6,12,5,12,4,12,3,12,3,11,2,11,0,0,0,0,0,0,0,0,0,0,0,0,0,0,0,0,0,0,0,0,0,0,4,10,3,10,2,11,2,11,1,12,1,12,0,13,0,13,-1,13,-1,13,-2,12,-2,12,-1,12,-1,12,-1,12,-1,12,0,12,1,12,1,12,2,13,2,13,2,13,3,14,3,14,3,14,4,14]"
2025-08-18 23:00:55.088395,CSI_DATA,1071,1a:00:00:00:00:00,-38,11,0,0,0,0,0,0,0,0,0,-92,0,1,0,182454017,0,31,0,128,0,"[0,0,0,15,0,14,0,14,1,14,1,14,1,13,1,13,2,13,2,12,3,12,3,12,4,12,4,12,4,12,4,12,5,12,4,12,4,12,4,13,4,12,3,13,3,13,2,12,1,12,0,11,0,11,0,0,0,0,0,0,0,0,0,0,0,0,0,0,0,0,0,0,0,0,0,0,2,10,1,11,0,11,-1,12,-1,12,-2,12,-2,12,-3,13,-3,13,-4,12,-4,12,-4,12,-4,12,-3,12,-3,12,-3,12,-3,12,-2,12,-1,13,-1,13,-1,13,0,13,0,14,0,14,0,15,0,15]"
2025-08-18 23:00:55.301309,CSI_DATA,1072,1a:00:00:00:00:00,-38,11,0,0,0,0,0,0,0,0,0,-92,0,1,0,182655143,0,31,0,128,0,"[0,0,6,13,7,13,6,12,7,12,7,11,6,12,7,11,7,11,7,10,8,9,8,9,9,9,9,8,9,8,10,8,9,8,9,9,9,9,9,9,9,10,8,10,8,10,7,10,6,10,6,10,5,10,0,0,0,0,0,0,0,0,0,0,0,0,0,0,0,0,0,0,0,0,0,0,6,9,5,9,5,10,4,11,4,11,4,12,3,12,2,12,2,12,2,13,2,13,2,12,2,12,2,12,2,12,2,12,3,12,4,12,4,11,5,12,5,12,5,12,6,13,6,12,7,13,7,13]"
2025-08-18 23:00:55.492847,CSI_DATA,1073,1a:00:00:00:00:00,-38,11,0,0,0,0,0,0,0,0,0,-92,0,1,0,182856563,0,31,0,128,0,"[0,0,-12,8,-12,8,-12,8,-11,8,-11,8,-11,8,-10,8,-10,9,-9,9,-9,9,-8,9,-8,9,-8,10,-7,10,-8,10,-7,10,-8,10,-8,10,-8,10,-9,10,-9,9,-9,9,-9,8,-9,8,-9,7,-10,6,0,0,0,0,0,0,0,0,0,0,0,0,0,0,0,0,0,0,0,0,0,0,-8,7,-9,7,-10,6,-10,6,-11,6,-11,5,-12,5,-12,5,-12,4,-13,4,-12,3,-12,4,-12,3,-12,4,-12,4,-12,4,-12,5,-12,5,-11,6,-11,6,-12,7,-12,7,-12,8,-12,8,-12,8,-12,8]"
2025-08-18 23:00:55.687575,CSI_DATA,1074,1a:00:00:00:00:00,-38,11,0,0,0,0,0,0,0,0,0,-92,0,1,0,183057488,0,31,0,128,0,"[0,0,7,12,7,12,7,11,8,11,8,11,7,10,8,10,8,9,8,9,8,9,8,8,9,8,9,8,9,8,10,8,10,7,10,8,10,8,10,8,9,8,9,9,8,9,7,9,7,9,6,9,5,9,0,0,0,0,0,0,0,0,0,0,0,0,0,0,0,0,0,0,0,0,0,0,7,8,6,8,6,9,5,10,5,10,5,11,4,12,4,12,4,12,3,12,3,12,3,12,3,12,3,11,3,11,4,11,4,11,5,11,5,11,6,11,6,11,6,11,7,11,7,12,7,12,7,12]"
2025-08-18 23:00:55.755725,CSI_DATA,1075,1a:00:00:00:00:00,-38,11,0,0,0,0,0,0,0,0,0,-92,0,1,0,183118321,0,42,0,128,0,"[0,0,5,-14,5,-15,5,-14,5,-14,4,-14,4,-14,3,-14,3,-13,2,-13,1,-13,1,-13,0,-13,0,-13,0,-13,0,-14,0,-14,0,-14,0,-14,0,-14,1,-14,2,-14,2,-14,2,-13,3,-13,3,-12,3,-11,0,0,0,0,0,0,0,0,0,0,0,0,0,0,0,0,0,0,0,0,0,0,2,-11,3,-11,4,-12,5,-11,6,-12,6,-11,7,-11,7,-11,8,-11,8,-11,8,-11,8,-10,8,-10,7,-10,7,-10,7,-11,6,-11,6,-11,6,-12,6,-12,6,-13,5,-13,5,-14,5,-14,5,-14,5,-14]"
2025-08-18 23:00:55.840710,CSI_DATA,1076,1a:00:00:00:00:00,-38,11,0,0,0,0,0,0,0,0,0,-92,0,1,0,183186777,0,31,0,128,0,"[0,0,11,-9,11,-10,11,-9,11,-10,10,-10,10,-10,9,-10,9,-10,8,-10,8,-11,8,-11,7,-11,7,-11,6,-11,7,-12,7,-12,7,-12,7,-12,8,-12,8,-11,8,-11,8,-10,9,-10,8,-9,9,-8,9,-8,0,0,0,0,0,0,0,0,0,0,0,0,0,0,0,0,0,0,0,0,0,0,7,-9,8,-8,9,-8,9,-7,10,-7,11,-7,11,-6,12,-6,12,-5,12,-5,12,-5,12,-5,12,-5,11,-5,11,-5,11,-6,11,-6,11,-7,11,-7,11,-8,11,-8,11,-8,11,-9,11,-10,11,-10,11,-10]"
2025-08-18 23:00:56.025711,CSI_DATA,1077,1a:00:00:00:00:00,-38,11,0,0,0,0,0,0,0,0,0,-92,0,1,0,183387880,0,31,0,128,0,"[0,0,5,-14,5,-15,4,-14,5,-14,4,-14,4,-14,3,-14,3,-14,2,-13,2,-14,1,-13,0,-13,1,-13,0,-13,0,-14,0,-14,0,-14,0,-14,1,-14,1,-14,1,-14,2,-13,3,-13,3,-12,3,-12,4,-11,0,0,0,0,0,0,0,0,0,0,0,0,0,0,0,0,0,0,0,0,0,0,2,-11,3,-11,4,-12,4,-11,5,-12,6,-12,7,-12,7,-11,7,-11,8,-11,8,-11,8,-10,8,-11,7,-10,7,-11,7,-11,6,-11,6,-12,6,-12,5,-13,5,-13,5,-13,5,-14,5,-14,5,-14,5,-14]"
2025-08-18 23:00:56.220440,CSI_DATA,1078,1a:00:00:00:00:00,-38,11,0,0,0,0,0,0,0,0,0,-92,0,1,0,183589728,0,31,0,128,0,"[0,0,11,9,10,9,10,9,10,9,10,8,10,8,10,7,10,7,10,6,10,6,10,5,10,5,11,5,11,4,11,4,11,4,12,5,11,5,11,5,11,5,11,6,10,6,10,6,9,7,9,7,8,7,0,0,0,0,0,0,0,0,0,0,0,0,0,0,0,0,0,0,0,0,0,0,9,5,8,6,8,7,8,8,8,8,8,9,7,10,7,10,7,10,6,10,6,10,6,10,6,10,6,10,7,9,6,9,7,9,8,9,8,9,8,9,9,9,9,9,10,9,10,9,10,9,11,9]"
2025-08-18 23:00:56.829011,CSI_DATA,1079,1a:00:00:00:00:00,-38,11,0,0,0,0,0,0,0,0,0,-92,0,1,0,183790451,0,31,0,128,0,"[0,0,8,-13,7,-13,7,-13,7,-13,7,-13,6,-13,6,-13,5,-13,5,-12,4,-13,4,-13,3,-13,3,-13,2,-13,3,-13,2,-13,3,-14,3,-14,3,-14,4,-14,4,-13,4,-13,5,-12,5,-12,5,-11,6,-11,0,0,0,0,0,0,0,0,0,0,0,0,0,0,0,0,0,0,0,0,0,0,5,-10,5,-10,6,-10,7,-10,8,-10,8,-10,9,-9,9,-9,9,-9,10,-9,10,-8,10,-8,10,-9,9,-9,9,-9,9,-9,9,-9,8,-10,8,-10,8,-11,8,-11,8,-12,8,-12,8,-13,8,-13,7,-13]"
2025-08-18 23:00:56.835276,CSI_DATA,1080,1a:00:00:00:00:00,-38,11,0,0,0,0,0,0,0,0,0,-92,0,1,0,183991394,0,31,0,128,0,"[0,0,-13,7,-13,7,-13,7,-12,7,-12,7,-12,7,-11,7,-11,7,-11,7,-10,8,-9,8,-9,9,-9,9,-9,9,-9,9,-9,10,-9,9,-9,10,-10,9,-10,9,-10,8,-10,8,-10,7,-10,7,-10,6,-11,5,0,0,0,0,0,0,0,0,0,0,0,0,0,0,0,0,0,0,0,0,0,0,-9,6,-10,6,-10,5,-11,5,-12,4,-12,4,-13,3,-13,3,-13,2,-13,2,-13,2,-13,2,-13,2,-12,3,-12,3,-12,3,-12,3,-12,4,-12,5,-12,5,-13,5,-13,5,-13,6,-13,7,-13,7,-13,7]"
2025-08-18 23:00:56.841891,CSI_DATA,1081,1a:00:00:00:00:00,-38,11,0,0,0,0,0,0,0,0,0,-92,0,1,0,184192617,0,31,0,128,0,"[0,0,13,-7,12,-8,12,-8,12,-8,12,-8,11,-8,10,-8,10,-9,9,-9,9,-9,9,-9,9,-10,8,-10,8,-10,8,-10,8,-11,9,-11,9,-11,9,-11,9,-10,9,-10,9,-9,10,-9,10,-8,10,-7,10,-6,0,0,0,0,0,0,0,0,0,0,0,0,0,0,0,0,0,0,0,0,0,0,9,-7,9,-6,10,-6,11,-5,11,-5,12,-5,12,-4,13,-4,12,-3,13,-3,13,-3,12,-2,12,-3,12,-3,12,-3,12,-3,12,-4,12,-5,12,-5,12,-6,12,-6,12,-7,12,-7,12,-7,12,-7,13,-8]"
2025-08-18 23:00:57.233575,CSI_DATA,1082,1a:00:00:00:00:00,-38,11,0,0,0,0,0,0,0,0,0,-92,0,1,0,184393954,0,31,0,128,0,"[0,0,-11,-11,-10,-11,-10,-11,-10,-10,-11,-10,-10,-10,-10,-9,-10,-9,-11,-8,-11,-8,-11,-7,-11,-7,-11,-7,-12,-7,-12,-6,-12,-6,-12,-7,-12,-7,-12,-7,-12,-7,-12,-8,-11,-8,-10,-8,-10,-9,-9,-9,-9,-9,0,0,0,0,0,0,0,0,0,0,0,0,0,0,0,0,0,0,0,0,0,0,-9,-7,-9,-8,-8,-9,-8,-10,-8,-10,-8,-11,-7,-12,-7,-12,-6,-12,-6,-12,-6,-12,-6,-12,-6,-12,-6,-12,-6,-12,-6,-11,-7,-11,-7,-11,-8,-11,-9,-11,-9,-11,-9,-11,-10,-11,-10,-11,-10,-11,-10,-11]"
2025-08-18 23:00:57.239790,CSI_DATA,1083,1a:00:00:00:00:00,-38,11,0,0,0,0,0,0,0,0,0,-92,0,1,0,184595011,0,31,0,128,0,"[0,0,14,-4,13,-5,13,-5,13,-5,13,-5,12,-5,12,-6,11,-6,11,-6,10,-7,10,-7,10,-8,10,-8,10,-8,10,-8,10,-8,10,-8,11,-8,11,-8,11,-8,11,-7,11,-6,11,-6,11,-5,10,-5,11,-4,0,0,0,0,0,0,0,0,0,0,0,0,0,0,0,0,0,0,0,0,0,0,9,-5,10,-4,11,-4,11,-3,12,-3,12,-2,12,-2,12,-1,12,-1,12,-1,12,0,12,0,12,-1,12,-1,12,-1,12,-1,12,-2,12,-2,12,-3,12,-3,12,-4,13,-4,13,-5,13,-5,13,-5,14,-5]"
2025-08-18 23:00:57.292460,CSI_DATA,1084,1a:00:00:00:00:00,-38,11,0,0,0,0,0,0,0,0,0,-92,0,1,0,184655774,0,42,0,128,0,"[0,0,10,-12,9,-12,9,-12,9,-12,9,-12,8,-11,7,-12,7,-12,6,-11,6,-12,6,-12,5,-12,5,-12,5,-12,5,-13,5,-13,5,-13,5,-13,5,-13,6,-13,6,-12,7,-12,7,-11,7,-10,8,-9,8,-9,0,0,0,0,0,0,0,0,0,0,0,0,0,0,0,0,0,0,0,0,0,0,6,-10,6,-10,7,-10,8,-9,9,-9,9,-9,10,-9,10,-8,11,-8,11,-7,11,-7,11,-7,11,-7,10,-7,10,-8,10,-8,10,-8,9,-9,9,-9,9,-10,9,-11,9,-11,9,-11,10,-11,10,-12,10,-12]"
2025-08-18 23:00:57.374121,CSI_DATA,1085,1a:00:00:00:00:00,-38,11,0,0,0,0,0,0,0,0,0,-92,0,1,0,184720956,0,31,0,128,0,"[0,0,3,-14,3,-15,3,-14,3,-14,2,-14,2,-14,2,-14,1,-13,1,-13,0,-13,0,-13,-1,-13,-1,-13,-1,-13,-2,-13,-2,-13,-2,-14,-1,-14,-1,-14,0,-14,0,-14,0,-13,1,-13,1,-12,2,-12,2,-12,0,0,0,0,0,0,0,0,0,0,0,0,0,0,0,0,0,0,0,0,0,0,1,-11,1,-11,2,-12,3,-12,3,-12,4,-12,5,-12,5,-12,6,-12,6,-12,6,-12,6,-11,6,-11,5,-11,5,-11,5,-12,4,-12,4,-12,4,-12,4,-13,3,-13,3,-14,3,-14,3,-14,3,-14,3,-15]"
2025-08-18 23:00:57.557363,CSI_DATA,1086,1a:00:00:00:00:00,-38,11,0,0,0,0,0,0,0,0,0,-92,0,1,0,184922013,0,31,0,128,0,"[0,0,14,-1,13,-2,14,-1,13,-2,13,-2,13,-2,13,-2,12,-3,12,-3,11,-4,11,-4,11,-5,11,-5,11,-6,11,-5,12,-5,11,-5,12,-5,12,-5,12,-4,12,-4,12,-3,11,-3,11,-2,11,-1,11,-1,0,0,0,0,0,0,0,0,0,0,0,0,0,0,0,0,0,0,0,0,0,0,10,-3,11,-2,11,-1,12,-1,11,0,12,1,12,1,12,1,12,2,12,2,12,2,12,2,12,2,12,2,12,2,11,2,12,1,12,0,12,0,12,0,13,0,13,-1,13,-1,14,-2,14,-1,14,-2]"
2025-08-18 23:00:57.759462,CSI_DATA,1087,1a:00:00:00:00:00,-38,11,0,0,0,0,0,0,0,0,0,-92,0,1,0,185123188,0,31,0,128,0,"[0,0,-13,7,-13,7,-13,7,-12,7,-12,8,-11,7,-11,7,-10,8,-10,8,-9,8,-9,8,-8,9,-9,9,-8,10,-8,9,-8,10,-8,10,-9,10,-9,10,-10,9,-10,9,-10,8,-10,7,-10,7,-10,6,-10,6,0,0,0,0,0,0,0,0,0,0,0,0,0,0,0,0,0,0,0,0,0,0,-9,6,-10,6,-10,6,-11,5,-11,5,-12,4,-12,4,-13,3,-13,3,-13,3,-13,3,-13,2,-13,3,-12,3,-12,3,-12,3,-12,4,-12,4,-12,5,-12,5,-12,6,-12,6,-12,7,-12,7,-13,7,-13,7]"
2025-08-18 23:00:57.961099,CSI_DATA,1088,1a:00:00:00:00:00,-38,11,0,0,0,0,0,0,0,0,0,-92,0,1,0,185324407,0,31,0,128,0,"[0,0,-8,13,-7,13,-7,13,-7,12,-6,12,-6,12,-5,12,-5,12,-4,12,-3,12,-3,12,-3,12,-2,12,-2,13,-2,13,-2,13,-2,13,-2,13,-3,13,-3,13,-4,13,-4,12,-4,11,-5,11,-5,11,-6,10,0,0,0,0,0,0,0,0,0,0,0,0,0,0,0,0,0,0,0,0,0,0,-4,10,-5,10,-6,10,-7,10,-7,10,-8,10,-9,10,-9,9,-10,9,-10,8,-10,9,-10,8,-10,9,-9,9,-9,9,-9,9,-8,9,-8,10,-8,10,-8,11,-8,11,-7,12,-7,12,-7,13,-7,13,-7,13]"
2025-08-18 23:00:58.164602,CSI_DATA,1089,1a:00:00:00:00:00,-38,11,0,0,0,0,0,0,0,0,0,-92,0,1,0,185525742,0,31,0,128,0,"[0,0,1,-15,0,-16,0,-15,0,-15,0,-15,0,-14,-1,-14,-1,-14,-2,-13,-3,-13,-3,-13,-4,-13,-4,-13,-4,-13,-4,-13,-4,-13,-4,-14,-4,-13,-3,-14,-3,-14,-2,-14,-2,-14,-1,-13,-1,-13,0,-12,0,-12,0,0,0,0,0,0,0,0,0,0,0,0,0,0,0,0,0,0,0,0,0,0,-2,-12,-1,-12,0,-13,1,-12,1,-13,2,-13,3,-13,3,-13,4,-13,4,-13,4,-13,4,-13,4,-13,4,-13,3,-12,3,-13,2,-13,2,-13,2,-13,2,-14,1,-14,1,-14,1,-15,0,-15,0,-15,0,-15]"
2025-08-18 23:00:58.361788,CSI_DATA,1090,1a:00:00:00:00:00,-38,11,0,0,0,0,0,0,0,0,0,-92,0,1,0,185726822,0,31,0,128,0,"[0,0,14,2,14,2,14,2,14,2,14,2,13,2,13,1,13,0,12,0,13,-1,12,-1,12,-2,12,-2,12,-2,13,-2,13,-2,13,-2,13,-2,13,-1,13,-1,13,-1,13,0,12,1,12,1,11,1,11,2,0,0,0,0,0,0,0,0,0,0,0,0,0,0,0,0,0,0,0,0,0,0,11,-1,11,0,11,1,11,2,12,3,12,3,12,4,12,5,11,5,11,5,11,5,11,5,11,5,11,5,11,4,11,5,11,4,12,4,12,3,13,3,12,3,13,3,13,2,14,2,14,2,15,2]"
2025-08-18 23:00:58.579484,CSI_DATA,1091,1a:00:00:00:00:00,-38,11,0,0,0,0,0,0,0,0,0,-92,0,1,0,185927987,0,31,0,128,0,"[0,0,10,-11,9,-11,9,-11,9,-10,9,-11,9,-11,8,-10,8,-11,7,-11,7,-11,6,-11,6,-11,5,-11,5,-12,5,-12,5,-12,5,-12,6,-12,6,-12,7,-12,7,-11,7,-11,7,-10,7,-10,8,-9,8,-8,0,0,0,0,0,0,0,0,0,0,0,0,0,0,0,0,0,0,0,0,0,0,6,-9,7,-9,8,-9,8,-9,9,-8,10,-8,10,-8,10,-7,11,-7,11,-7,11,-6,11,-6,11,-7,10,-6,10,-7,10,-7,10,-7,9,-8,10,-9,9,-9,9,-9,10,-10,9,-10,10,-11,10,-11,10,-11]"
2025-08-18 23:00:58.765400,CSI_DATA,1092,1a:00:00:00:00:00,-38,11,0,0,0,0,0,0,0,0,0,-92,0,1,0,186129117,0,31,0,128,0,"[0,0,-9,12,-9,12,-9,12,-8,12,-7,11,-8,11,-7,11,-6,11,-6,11,-5,11,-5,11,-4,12,-4,12,-4,12,-4,12,-4,12,-4,13,-4,12,-5,13,-5,12,-6,12,-6,12,-6,11,-6,10,-7,10,-7,9,0,0,0,0,0,0,0,0,0,0,0,0,0,0,0,0,0,0,0,0,0,0,-6,10,-6,9,-7,9,-8,9,-9,9,-9,9,-10,8,-10,8,-11,8,-11,8,-11,7,-10,7,-10,8,-10,8,-10,8,-10,8,-9,8,-9,9,-9,9,-9,10,-9,10,-9,11,-9,11,-8,12,-9,12,-9,12]"
2025-08-18 23:00:58.827096,CSI_DATA,1093,1a:00:00:00:00:00,-38,11,0,0,0,0,0,0,0,0,0,-92,0,1,0,186189929,0,42,0,128,0,"[0,0,-11,10,-11,10,-10,10,-10,10,-10,10,-9,10,-9,10,-8,10,-8,10,-7,11,-7,11,-6,11,-6,11,-6,11,-6,12,-6,12,-6,12,-6,12,-7,12,-7,11,-7,11,-8,11,-8,10,-8,10,-8,9,-9,8,0,0,0,0,0,0,0,0,0,0,0,0,0,0,0,0,0,0,0,0,0,0,-7,8,-8,8,-9,8,-9,7,-10,7,-11,7,-12,7,-12,6,-12,6,-12,5,-12,5,-12,5,-12,6,-12,6,-11,6,-11,6,-11,6,-11,7,-11,7,-11,8,-11,9,-11,9,-11,10,-10,10,-11,10,-11,10]"
2025-08-18 23:00:58.904194,CSI_DATA,1094,1a:00:00:00:00:00,-38,11,0,0,0,0,0,0,0,0,0,-92,0,1,0,186258091,0,31,0,128,0,"[0,0,2,14,2,14,2,14,2,14,3,13,3,13,3,13,3,12,4,12,4,11,5,11,5,11,6,11,6,11,6,11,6,11,6,11,6,11,6,12,5,12,5,12,4,12,4,12,3,12,2,11,2,11,0,0,0,0,0,0,0,0,0,0,0,0,0,0,0,0,0,0,0,0,0,0,3,10,2,11,1,11,0,12,0,12,0,12,-1,13,-2,13,-2,13,-2,13,-2,12,-3,12,-2,12,-2,12,-2,12,-1,12,-1,12,0,12,0,13,0,13,1,13,1,13,2,14,2,14,2,14,2,14]"
2025-08-18 23:00:59.096098,CSI_DATA,1095,1a:00:00:00:00:00,-38,11,0,0,0,0,0,0,0,0,0,-92,0,1,0,186459708,0,31,0,128,0,"[0,0,12,-9,12,-9,11,-9,11,-9,11,-10,10,-9,10,-10,9,-10,9,-10,8,-10,8,-11,7,-11,7,-11,7,-11,7,-11,7,-12,7,-12,8,-12,8,-12,8,-11,8,-11,8,-10,8,-9,9,-9,9,-8,9,-8,0,0,0,0,0,0,0,0,0,0,0,0,0,0,0,0,0,0,0,0,0,0,8,-8,9,-8,9,-7,10,-7,11,-6,11,-6,12,-6,12,-5,12,-5,12,-4,12,-4,12,-4,12,-4,12,-5,12,-5,11,-5,11,-6,11,-6,11,-7,11,-7,11,-8,11,-8,11,-9,12,-9,12,-9,12,-9]"
2025-08-18 23:00:59.295308,CSI_DATA,1096,1a:00:00:00:00:00,-38,11,0,0,0,0,0,0,0,0,0,-92,0,1,0,186661675,0,31,0,128,0,"[0,0,0,15,0,14,0,14,0,14,1,14,1,13,1,13,1,13,2,12,2,12,3,12,4,12,4,12,4,12,4,12,4,12,4,12,4,12,4,13,3,13,3,12,2,12,2,12,1,12,1,12,0,11,0,0,0,0,0,0,0,0,0,0,0,0,0,0,0,0,0,0,0,0,0,0,1,10,1,11,0,11,-1,12,-1,12,-2,12,-3,12,-4,12,-4,12,-4,12,-4,12,-4,12,-4,12,-3,12,-3,12,-3,12,-3,12,-2,12,-2,12,-2,13,-1,13,-1,14,0,14,0,14,0,15,0,14]"
2025-08-18 23:00:59.500173,CSI_DATA,1097,1a:00:00:00:00:00,-38,11,0,0,0,0,0,0,0,0,0,-92,0,1,0,186861623,0,31,0,128,0,"[0,0,1,-15,1,-16,1,-15,1,-15,0,-15,0,-14,-1,-14,-1,-14,-1,-14,-2,-14,-3,-13,-3,-13,-3,-13,-4,-13,-4,-13,-4,-13,-4,-14,-4,-14,-4,-14,-3,-14,-3,-14,-2,-14,-1,-14,-1,-13,0,-12,0,-12,0,0,0,0,0,0,0,0,0,0,0,0,0,0,0,0,0,0,0,0,0,0,0,-12,1,-12,1,-12,2,-12,3,-13,3,-13,4,-13,5,-13,5,-13,5,-12,5,-12,5,-12,5,-12,5,-12,4,-12,4,-12,4,-12,3,-13,3,-13,2,-14,2,-14,2,-14,1,-15,1,-15,1,-15,1,-15]"
2025-08-18 23:00:59.697183,CSI_DATA,1098,1a:00:00:00:00:00,-38,11,0,0,0,0,0,0,0,0,0,-92,0,1,0,187063576,0,31,0,128,0,"[0,0,13,6,13,5,13,5,13,5,13,4,12,4,12,4,12,3,12,3,12,2,12,1,12,0,12,0,12,0,13,0,13,0,13,1,13,1,13,1,13,2,13,2,12,3,12,3,12,3,11,3,10,4,0,0,0,0,0,0,0,0,0,0,0,0,0,0,0,0,0,0,0,0,0,0,10,2,10,3,10,4,10,5,11,5,11,6,10,7,10,7,10,8,10,8,10,8,9,8,9,8,9,7,10,7,10,7,10,6,11,6,11,6,11,6,11,6,12,6,12,6,13,5,13,5,13,5]"
2025-08-18 23:00:59.895050,CSI_DATA,1099,1a:00:00:00:00:00,-38,11,0,0,0,0,0,0,0,0,0,-92,0,1,0,187264029,0,31,0,128,0,"[0,0,7,12,7,11,7,12,7,11,8,11,7,11,7,10,8,9,8,9,8,8,9,8,9,7,9,7,9,7,10,7,10,7,10,7,10,8,10,8,9,8,9,9,8,9,8,9,7,9,7,9,6,9,0,0,0,0,0,0,0,0,0,0,0,0,0,0,0,0,0,0,0,0,0,0,6,8,6,9,6,9,5,10,5,10,5,11,4,12,3,12,3,12,3,12,3,12,3,12,3,12,3,11,3,11,3,11,4,11,4,11,5,11,5,11,6,11,6,11,7,11,7,12,7,12,8,12]"
2025-08-18 23:01:00.105129,CSI_DATA,1100,1a:00:00:00:00:00,-38,11,0,0,0,0,0,0,0,0,0,-92,0,1,0,187465162,0,31,0,128,0,"[0,0,4,14,4,14,3,13,4,13,4,13,4,13,4,12,5,12,5,11,6,11,6,11,6,10,6,10,7,10,7,10,7,10,7,11,7,11,7,11,7,11,6,11,6,11,5,11,4,11,3,11,3,11,0,0,0,0,0,0,0,0,0,0,0,0,0,0,0,0,0,0,0,0,0,0,4,10,3,10,3,11,2,11,2,12,1,12,1,13,0,13,0,13,-1,13,-1,13,-1,12,-1,13,-1,12,0,12,0,12,0,12,1,12,2,13,2,13,2,13,3,13,3,14,3,14,3,14,4,14]"
2025-08-18 23:01:00.303648,CSI_DATA,1101,1a:00:00:00:00:00,-38,11,0,0,0,0,0,0,0,0,0,-92,0,1,0,187666311,0,31,0,128,0,"[0,0,-15,4,-14,4,-14,4,-14,4,-14,5,-13,5,-13,5,-12,5,-12,5,-11,6,-11,6,-11,7,-11,7,-11,7,-11,7,-11,8,-11,8,-11,8,-11,7,-11,7,-12,6,-11,6,-11,5,-12,5,-11,4,-11,3,0,0,0,0,0,0,0,0,0,0,0,0,0,0,0,0,0,0,0,0,0,0,-10,4,-11,3,-11,3,-12,2,-12,1,-13,1,-13,1,-13,0,-13,0,-13,-1,-13,-1,-13,-1,-13,-1,-13,0,-13,0,-12,0,-13,1,-13,1,-13,2,-13,2,-14,3,-13,3,-14,3,-14,4,-14,4,-14,4]"
2025-08-18 23:01:00.368630,CSI_DATA,1102,1a:00:00:00:00:00,-38,11,0,0,0,0,0,0,0,0,0,-92,0,1,0,187727067,0,42,0,128,0,"[0,0,-15,-3,-15,-3,-14,-3,-14,-3,-14,-3,-14,-3,-14,-2,-13,-2,-13,-1,-13,0,-13,0,-13,1,-13,1,-13,1,-13,1,-13,1,-14,1,-13,1,-14,1,-14,0,-14,0,-13,-1,-13,-1,-13,-2,-12,-2,-12,-3,0,0,0,0,0,0,0,0,0,0,0,0,0,0,0,0,0,0,0,0,0,0,-11,-1,-11,-2,-12,-3,-12,-3,-12,-4,-12,-5,-12,-6,-12,-6,-12,-7,-12,-7,-12,-7,-11,-7,-11,-7,-11,-6,-11,-6,-12,-6,-12,-5,-12,-5,-13,-5,-13,-4,-13,-4,-13,-4,-14,-4,-14,-3,-15,-3,-14,-3]"
2025-08-18 23:01:00.433668,CSI_DATA,1103,1a:00:00:00:00:00,-38,11,0,0,0,0,0,0,0,0,0,-92,0,1,0,187792990,0,31,0,128,0,"[0,0,0,15,0,14,0,14,0,13,1,14,1,13,2,13,2,13,2,12,2,12,3,12,3,12,3,12,4,12,4,12,4,12,4,12,4,13,4,13,3,13,3,12,2,12,2,12,1,12,0,11,-1,11,0,0,0,0,0,0,0,0,0,0,0,0,0,0,0,0,0,0,0,0,0,0,2,11,1,11,0,11,-1,12,-1,12,-2,13,-2,13,-3,12,-3,13,-4,12,-4,12,-4,12,-4,12,-4,12,-3,12,-3,12,-3,12,-2,12,-2,13,-1,13,-1,13,0,13,0,14,0,14,0,14,0,14]"
2025-08-18 23:01:00.651023,CSI_DATA,1104,1a:00:00:00:00:00,-38,11,0,0,0,0,0,0,0,0,0,-92,0,1,0,187994057,0,31,0,128,0,"[0,0,-5,-15,-6,-15,-5,-15,-5,-14,-6,-14,-5,-14,-6,-13,-6,-13,-7,-12,-7,-12,-8,-11,-8,-11,-8,-11,-9,-11,-9,-11,-9,-11,-9,-12,-9,-12,-9,-12,-8,-12,-7,-13,-7,-13,-6,-13,-6,-12,-5,-12,-4,-12,0,0,0,0,0,0,0,0,0,0,0,0,0,0,0,0,0,0,0,0,0,0,-5,-11,-5,-11,-4,-12,-4,-13,-3,-13,-3,-14,-2,-14,-1,-14,-1,-14,-1,-14,-1,-14,0,-14,-1,-14,-1,-14,-1,-14,-1,-13,-2,-14,-3,-13,-3,-14,-3,-14,-4,-14,-4,-15,-5,-14,-5,-15,-5,-15,-5,-15]"
2025-08-18 23:01:00.838075,CSI_DATA,1105,1a:00:00:00:00:00,-38,11,0,0,0,0,0,0,0,0,0,-92,0,1,0,188195301,0,31,0,128,0,"[0,0,-14,-6,-14,-5,-14,-5,-14,-5,-14,-5,-14,-4,-13,-4,-13,-3,-13,-3,-13,-2,-13,-2,-13,-1,-13,-1,-13,-1,-13,0,-14,0,-14,-1,-14,-1,-14,-1,-14,-1,-14,-2,-13,-2,-13,-3,-12,-3,-12,-4,-11,-5,0,0,0,0,0,0,0,0,0,0,0,0,0,0,0,0,0,0,0,0,0,0,-11,-3,-11,-4,-11,-5,-11,-6,-11,-6,-11,-7,-11,-8,-11,-8,-11,-8,-10,-9,-10,-9,-10,-9,-10,-9,-10,-8,-10,-8,-10,-8,-11,-7,-11,-7,-12,-7,-12,-6,-13,-6,-13,-6,-13,-6,-14,-6,-14,-6,-14,-6]"
2025-08-18 23:01:01.039072,CSI_DATA,1106,1a:00:00:00:00:00,-38,11,0,0,0,0,0,0,0,0,0,-92,0,1,0,188396468,0,31,0,128,0,"[0,0,-5,-14,-6,-14,-5,-14,-6,-14,-6,-13,-6,-13,-6,-13,-6,-12,-7,-12,-7,-11,-7,-11,-8,-11,-8,-11,-8,-11,-8,-10,-9,-11,-9,-11,-9,-11,-9,-11,-8,-11,-8,-11,-7,-12,-6,-12,-6,-12,-5,-11,-4,-11,0,0,0,0,0,0,0,0,0,0,0,0,0,0,0,0,0,0,0,0,0,0,-5,-10,-5,-11,-4,-11,-4,-12,-3,-13,-3,-13,-2,-13,-2,-14,-1,-14,-1,-14,-1,-13,0,-13,-1,-13,-1,-13,-1,-13,-2,-13,-2,-13,-3,-13,-3,-13,-4,-13,-4,-13,-4,-14,-5,-14,-5,-14,-5,-14,-5,-14]"
2025-08-18 23:01:01.240491,CSI_DATA,1107,1a:00:00:00:00:00,-38,11,0,0,0,0,0,0,0,0,0,-92,0,1,0,188597623,0,31,0,128,0,"[0,0,-11,-11,-11,-10,-11,-10,-11,-10,-11,-10,-11,-9,-11,-9,-11,-8,-11,-8,-11,-7,-12,-6,-12,-6,-12,-6,-12,-6,-12,-6,-12,-6,-13,-6,-13,-6,-13,-7,-12,-7,-12,-8,-11,-8,-11,-8,-10,-8,-9,-8,-9,-9,0,0,0,0,0,0,0,0,0,0,0,0,0,0,0,0,0,0,0,0,0,0,-10,-6,-10,-7,-9,-8,-9,-9,-9,-9,-9,-10,-8,-11,-8,-11,-7,-12,-7,-12,-7,-12,-7,-11,-8,-11,-7,-11,-7,-11,-7,-11,-8,-10,-8,-10,-9,-10,-9,-10,-10,-10,-10,-10,-11,-10,-11,-10,-11,-10,-11,-10]"
2025-08-18 23:01:01.435524,CSI_DATA,1108,1a:00:00:00:00:00,-38,11,0,0,0,0,0,0,0,0,0,-92,0,1,0,188798777,0,31,0,128,0,"[0,0,9,-12,8,-12,9,-12,8,-12,8,-13,8,-12,7,-12,7,-12,6,-12,5,-12,5,-12,5,-12,4,-13,4,-13,4,-13,4,-13,4,-13,5,-14,5,-13,5,-13,6,-13,6,-12,6,-11,6,-11,7,-10,7,-10,0,0,0,0,0,0,0,0,0,0,0,0,0,0,0,0,0,0,0,0,0,0,5,-10,6,-10,7,-10,8,-10,8,-9,9,-10,10,-9,10,-9,10,-8,10,-8,11,-8,11,-7,11,-8,10,-8,10,-8,9,-8,9,-9,9,-9,9,-10,9,-11,9,-11,9,-11,8,-11,9,-12,9,-12,9,-12]"
2025-08-18 23:01:01.638406,CSI_DATA,1109,1a:00:00:00:00:00,-38,11,0,0,0,0,0,0,0,0,0,-92,0,1,0,189000137,0,31,0,128,0,"[0,0,9,-12,9,-12,9,-12,9,-12,8,-12,8,-12,7,-12,7,-12,6,-12,6,-12,5,-12,5,-12,5,-13,4,-13,4,-13,4,-13,4,-13,4,-13,5,-13,5,-13,5,-13,6,-12,6,-12,7,-11,7,-10,7,-10,0,0,0,0,0,0,0,0,0,0,0,0,0,0,0,0,0,0,0,0,0,0,6,-10,6,-10,7,-10,8,-9,9,-9,9,-9,10,-9,10,-9,10,-8,11,-8,11,-7,11,-7,11,-7,10,-7,10,-8,10,-8,9,-8,9,-9,9,-9,9,-10,9,-10,9,-11,9,-11,9,-12,9,-12,9,-12]"
2025-08-18 23:01:01.832436,CSI_DATA,1110,1a:00:00:00:00:00,-38,11,0,0,0,0,0,0,0,0,0,-92,0,1,0,189201249,0,31,0,128,0,"[0,0,9,11,9,10,9,10,9,10,9,10,9,10,9,9,9,8,9,8,10,7,10,7,10,7,10,6,10,6,11,6,11,6,11,7,11,7,11,7,11,7,10,8,9,8,9,8,8,8,7,8,6,9,0,0,0,0,0,0,0,0,0,0,0,0,0,0,0,0,0,0,0,0,0,0,8,6,8,7,7,8,7,9,7,9,6,10,6,11,6,11,5,11,5,11,4,11,5,11,5,11,5,11,5,10,5,10,6,10,6,10,7,10,7,10,8,10,8,10,9,10,9,11,9,11,9,11]"
2025-08-18 23:01:01.901275,CSI_DATA,1111,1a:00:00:00:00:00,-38,11,0,0,0,0,0,0,0,0,0,-92,0,1,0,189262375,0,42,0,128,0,"[0,0,1,-16,0,-15,0,-15,0,-15,0,-15,-1,-14,-2,-14,-2,-14,-2,-13,-3,-13,-3,-13,-3,-13,-4,-13,-4,-13,-4,-13,-4,-13,-4,-13,-4,-13,-4,-14,-4,-14,-3,-14,-2,-14,-2,-13,-1,-13,0,-12,0,-12,0,0,0,0,0,0,0,0,0,0,0,0,0,0,0,0,0,0,0,0,0,0,-1,-11,-1,-12,0,-12,1,-12,1,-13,2,-13,3,-13,3,-13,3,-13,4,-13,4,-13,5,-12,4,-12,4,-12,3,-12,3,-12,3,-12,2,-13,2,-13,1,-14,1,-14,1,-14,0,-15,1,-15,0,-15,0,-15]"
2025-08-18 23:01:01.967216,CSI_DATA,1112,1a:00:00:00:00:00,-38,11,0,0,0,0,0,0,0,0,0,-92,0,1,0,189330813,0,31,0,128,0,"[0,0,12,-8,11,-8,11,-8,11,-8,10,-8,10,-8,9,-9,9,-9,9,-9,8,-9,8,-9,7,-10,7,-10,7,-10,7,-11,7,-11,7,-11,7,-10,8,-11,8,-10,8,-10,8,-9,9,-9,8,-8,9,-7,9,-7,0,0,0,0,0,0,0,0,0,0,0,0,0,0,0,0,0,0,0,0,0,0,8,-7,8,-7,9,-6,10,-6,10,-6,11,-5,11,-5,11,-5,12,-4,12,-4,12,-3,11,-3,11,-4,11,-4,11,-4,11,-4,11,-5,11,-5,10,-6,11,-7,11,-7,11,-7,11,-8,11,-8,11,-8,12,-8]"
2025-08-18 23:01:02.163239,CSI_DATA,1113,1a:00:00:00:00:00,-38,11,0,0,0,0,0,0,0,0,0,-92,0,1,0,189530986,0,31,0,128,0,"[0,0,3,14,3,14,3,14,3,13,3,13,3,13,3,12,4,12,4,12,5,11,5,11,5,11,6,11,6,11,6,11,6,11,6,11,6,12,6,12,5,12,5,12,4,12,3,12,3,11,2,11,2,11,0,0,0,0,0,0,0,0,0,0,0,0,0,0,0,0,0,0,0,0,0,0,4,10,3,10,2,11,2,11,1,12,0,12,0,13,0,12,-1,13,-1,12,-1,12,-2,12,-2,12,-1,12,-1,12,-1,12,0,12,0,12,1,12,1,13,1,13,2,13,2,13,3,14,3,14,3,14]"
2025-08-18 23:01:02.566674,CSI_DATA,1114,1a:00:00:00:00:00,-38,11,0,0,0,0,0,0,0,0,0,-92,0,1,0,189732185,0,31,0,128,0,"[0,0,7,-13,7,-13,7,-14,6,-13,6,-13,5,-13,5,-13,4,-13,4,-12,3,-13,3,-13,2,-13,2,-13,2,-14,2,-13,2,-14,1,-13,2,-14,2,-14,3,-14,3,-13,4,-13,4,-12,4,-12,5,-11,5,-11,0,0,0,0,0,0,0,0,0,0,0,0,0,0,0,0,0,0,0,0,0,0,4,-11,5,-11,5,-10,6,-11,7,-10,8,-11,8,-10,9,-10,9,-9,9,-9,9,-9,9,-9,9,-9,9,-9,9,-10,8,-9,8,-10,7,-10,8,-11,7,-11,7,-12,7,-12,7,-12,7,-13,7,-13,7,-14]"
2025-08-18 23:01:02.571894,CSI_DATA,1115,1a:00:00:00:00:00,-38,11,0,0,0,0,0,0,0,0,0,-92,0,1,0,189933327,0,31,0,128,0,"[0,0,14,3,14,2,14,2,14,2,14,2,13,1,13,1,13,1,12,0,12,-1,12,-1,12,-1,12,-2,12,-2,13,-2,13,-2,13,-2,13,-2,13,-1,13,-1,13,0,13,0,12,1,12,1,11,2,11,2,0,0,0,0,0,0,0,0,0,0,0,0,0,0,0,0,0,0,0,0,0,0,11,0,11,0,11,1,11,2,12,3,12,3,12,4,12,5,11,5,11,6,11,6,11,6,11,5,11,5,11,5,11,5,11,4,12,4,12,3,12,3,12,3,13,3,14,3,14,2,14,2,14,2]"
2025-08-18 23:01:02.774063,CSI_DATA,1116,1a:00:00:00:00:00,-38,11,0,0,0,0,0,0,0,0,0,-92,0,1,0,190134676,0,31,0,128,0,"[0,0,1,-15,1,-15,1,-15,1,-14,0,-15,0,-14,0,-14,-1,-13,-1,-13,-2,-13,-2,-13,-3,-13,-3,-13,-3,-13,-3,-13,-3,-13,-3,-13,-3,-14,-3,-14,-2,-14,-2,-14,-1,-13,-1,-13,0,-13,0,-12,1,-12,0,0,0,0,0,0,0,0,0,0,0,0,0,0,0,0,0,0,0,0,0,0,-1,-11,-1,-12,0,-12,1,-13,2,-12,2,-13,3,-13,4,-13,4,-13,4,-12,4,-12,4,-12,4,-12,4,-12,4,-12,3,-12,3,-13,2,-13,2,-13,2,-13,2,-14,2,-14,1,-14,1,-15,1,-15,1,-15]"
2025-08-18 23:01:02.966719,CSI_DATA,1117,1a:00:00:00:00:00,-38,11,0,0,0,0,0,0,0,0,0,-92,0,1,0,190335852,0,31,0,128,0,"[0,0,7,13,7,12,7,12,7,12,7,11,7,11,7,10,8,10,8,9,8,9,8,9,8,8,9,8,9,8,10,8,10,8,10,8,10,8,10,8,9,9,9,9,9,9,8,9,7,9,6,9,6,9,0,0,0,0,0,0,0,0,0,0,0,0,0,0,0,0,0,0,0,0,0,0,6,9,6,9,5,10,5,11,4,11,4,12,4,12,3,12,3,12,2,12,2,13,2,12,2,12,2,12,3,12,3,12,3,11,4,11,4,12,5,12,5,12,6,12,6,12,7,12,7,13,7,13]"
2025-08-18 23:01:03.178801,CSI_DATA,1118,1a:00:00:00:00:00,-38,11,0,0,0,0,0,0,0,0,0,-92,0,1,0,190536964,0,31,0,128,0,"[0,0,-2,-15,-3,-15,-3,-15,-3,-14,-3,-15,-3,-14,-3,-14,-4,-13,-4,-13,-5,-12,-5,-12,-6,-12,-6,-12,-6,-12,-7,-12,-7,-12,-6,-12,-6,-13,-6,-13,-6,-13,-5,-13,-5,-13,-4,-13,-3,-13,-3,-12,-2,-12,0,0,0,0,0,0,0,0,0,0,0,0,0,0,0,0,0,0,0,0,0,0,-4,-11,-3,-12,-2,-12,-2,-13,-1,-13,-1,-14,0,-14,0,-14,1,-14,1,-13,2,-13,2,-13,1,-13,1,-13,1,-13,0,-13,0,-13,-1,-13,-1,-14,-1,-14,-1,-14,-2,-14,-2,-14,-2,-15,-3,-15,-2,-15]"
2025-08-18 23:01:03.374602,CSI_DATA,1119,1a:00:00:00:00:00,-38,11,0,0,0,0,0,0,0,0,0,-92,0,1,0,190738133,0,31,0,128,0,"[0,0,12,-9,12,-9,12,-9,11,-9,11,-9,10,-9,10,-9,10,-9,9,-9,8,-10,8,-10,7,-10,7,-11,7,-11,7,-11,7,-11,8,-11,8,-11,8,-11,8,-10,9,-10,9,-10,9,-9,9,-9,9,-8,9,-7,0,0,0,0,0,0,0,0,0,0,0,0,0,0,0,0,0,0,0,0,0,0,8,-8,9,-8,9,-7,10,-7,11,-7,11,-6,12,-6,12,-5,12,-5,12,-4,12,-5,12,-4,12,-4,12,-5,12,-5,11,-5,11,-5,11,-6,11,-6,11,-7,11,-7,12,-8,12,-8,12,-9,12,-9,12,-9]"
2025-08-18 23:01:03.440275,CSI_DATA,1120,1a:00:00:00:00:00,-38,11,0,0,0,0,0,0,0,0,0,-92,0,1,0,190798914,0,42,0,128,0,"[0,0,-15,-3,-15,-2,-15,-2,-15,-2,-14,-2,-14,-2,-14,-1,-13,-1,-13,0,-13,1,-13,1,-13,2,-13,2,-13,2,-13,2,-13,2,-13,2,-13,2,-14,2,-14,1,-14,1,-13,0,-13,0,-13,-1,-12,-1,-12,-2,0,0,0,0,0,0,0,0,0,0,0,0,0,0,0,0,0,0,0,0,0,0,-11,-1,-12,-1,-12,-2,-12,-3,-13,-3,-13,-4,-13,-5,-13,-5,-13,-6,-12,-6,-12,-6,-12,-6,-12,-6,-12,-6,-12,-5,-12,-5,-12,-4,-13,-4,-13,-4,-13,-3,-13,-3,-14,-3,-15,-3,-14,-2,-15,-2,-15,-2]"
2025-08-18 23:01:03.506391,CSI_DATA,1121,1a:00:00:00:00:00,-38,11,0,0,0,0,0,0,0,0,0,-92,0,1,0,190865413,0,31,0,128,0,"[0,0,9,-13,8,-12,8,-12,8,-12,7,-12,7,-12,6,-12,6,-12,5,-12,5,-12,4,-12,4,-12,4,-13,3,-13,3,-13,3,-13,3,-13,3,-13,4,-13,4,-13,5,-13,5,-12,5,-12,6,-11,6,-11,6,-10,0,0,0,0,0,0,0,0,0,0,0,0,0,0,0,0,0,0,0,0,0,0,5,-10,6,-10,7,-10,7,-10,8,-10,9,-10,9,-10,10,-9,10,-9,10,-8,10,-8,10,-8,10,-8,10,-8,9,-9,9,-9,9,-9,9,-10,9,-10,9,-10,8,-11,8,-11,8,-12,8,-12,8,-12,9,-12]"
2025-08-18 23:01:03.698632,CSI_DATA,1122,1a:00:00:00:00:00,-38,11,0,0,0,0,0,0,0,0,0,-92,0,1,0,191066629,0,31,0,128,0,"[0,0,14,5,13,5,13,5,13,4,13,4,12,4,12,3,12,3,12,2,12,1,12,1,12,0,12,0,12,0,12,0,13,0,12,0,13,0,13,0,13,1,13,1,12,2,11,2,11,2,11,3,10,4,0,0,0,0,0,0,0,0,0,0,0,0,0,0,0,0,0,0,0,0,0,0,10,2,11,3,10,4,11,5,11,5,11,6,11,7,10,7,10,8,10,8,9,8,9,8,10,8,9,7,10,7,9,7,10,7,10,6,11,6,11,6,12,5,12,5,12,5,13,5,13,5,13,5]"
2025-08-18 23:01:03.901330,CSI_DATA,1123,1a:00:00:00:00:00,-38,11,0,0,0,0,0,0,0,0,0,-92,0,1,0,191267893,0,31,0,128,0,"[0,0,2,14,2,14,2,14,3,13,3,13,3,13,3,12,4,12,4,11,5,11,5,11,6,11,6,10,6,11,6,10,6,11,6,11,6,11,6,11,6,11,5,11,4,12,4,11,4,11,3,11,2,11,0,0,0,0,0,0,0,0,0,0,0,0,0,0,0,0,0,0,0,0,0,0,3,10,3,11,2,11,1,12,1,12,0,13,-1,13,-1,13,-2,13,-2,13,-2,13,-2,12,-2,13,-2,12,-1,12,-1,12,-1,12,0,12,0,13,1,13,1,13,1,13,2,14,2,14,2,14,3,14]"
2025-08-18 23:01:04.099415,CSI_DATA,1124,1a:00:00:00:00:00,-38,11,0,0,0,0,0,0,0,0,0,-92,0,1,0,191469249,0,31,0,128,0,"[0,0,11,8,11,8,11,8,11,7,11,7,11,7,11,6,11,6,11,5,11,5,11,4,11,3,12,3,12,3,12,3,12,3,12,3,12,3,12,4,12,4,12,4,11,5,11,5,10,5,10,6,9,6,0,0,0,0,0,0,0,0,0,0,0,0,0,0,0,0,0,0,0,0,0,0,9,5,9,5,9,6,9,7,9,8,9,8,9,9,8,10,8,10,7,10,7,10,7,10,7,10,7,9,8,9,7,9,8,9,9,8,9,8,9,8,10,8,10,8,11,8,11,8,11,8,12,8]"
2025-08-18 23:01:04.308156,CSI_DATA,1125,1a:00:00:00:00:00,-38,11,0,0,0,0,0,0,0,0,0,-92,0,1,0,191670173,0,31,0,128,0,"[0,0,9,-12,8,-13,8,-12,8,-12,8,-12,7,-12,7,-12,6,-12,6,-12,5,-12,5,-12,4,-13,4,-12,4,-12,4,-13,4,-13,4,-13,4,-13,4,-13,5,-13,5,-12,6,-12,6,-12,6,-11,7,-10,7,-10,0,0,0,0,0,0,0,0,0,0,0,0,0,0,0,0,0,0,0,0,0,0,5,-10,6,-10,7,-10,7,-10,8,-10,9,-10,9,-10,9,-9,10,-9,10,-9,10,-8,10,-8,10,-8,10,-8,9,-8,9,-8,9,-9,9,-10,9,-10,8,-10,8,-11,8,-11,8,-12,8,-12,9,-12,9,-12]"
2025-08-18 23:01:04.508554,CSI_DATA,1126,1a:00:00:00:00:00,-38,11,0,0,0,0,0,0,0,0,0,-92,0,1,0,191871311,0,31,0,128,0,"[0,0,-10,11,-10,11,-10,11,-9,11,-9,11,-8,11,-8,10,-7,11,-7,10,-6,11,-6,11,-5,11,-5,11,-5,12,-5,12,-5,12,-5,12,-5,12,-6,12,-6,12,-6,12,-6,11,-7,11,-7,10,-7,9,-8,9,0,0,0,0,0,0,0,0,0,0,0,0,0,0,0,0,0,0,0,0,0,0,-6,9,-7,9,-8,9,-9,8,-9,8,-10,8,-11,8,-11,7,-11,7,-12,7,-12,6,-12,6,-11,7,-11,6,-11,7,-11,7,-10,7,-10,8,-10,8,-10,9,-10,9,-10,10,-10,10,-10,11,-10,11,-10,11]"
2025-08-18 23:01:04.714898,CSI_DATA,1127,1a:00:00:00:00:00,-38,11,0,0,0,0,0,0,0,0,0,-92,0,1,0,192072486,0,31,0,128,0,"[0,0,-3,-15,-4,-15,-3,-15,-4,-14,-4,-14,-4,-14,-4,-13,-4,-13,-5,-13,-5,-12,-6,-12,-6,-12,-6,-12,-7,-12,-7,-12,-7,-12,-7,-13,-7,-12,-7,-13,-6,-13,-6,-13,-5,-13,-5,-13,-4,-12,-3,-12,-2,-12,0,0,0,0,0,0,0,0,0,0,0,0,0,0,0,0,0,0,0,0,0,0,-5,-11,-4,-11,-3,-12,-2,-13,-2,-13,-1,-13,-1,-14,0,-14,0,-14,1,-14,1,-13,1,-13,1,-13,1,-13,0,-13,0,-13,-1,-13,-1,-13,-2,-13,-2,-14,-2,-14,-3,-14,-3,-15,-3,-15,-3,-15,-3,-15]"
2025-08-18 23:01:04.921356,CSI_DATA,1128,1a:00:00:00:00:00,-38,11,0,0,0,0,0,0,0,0,0,-92,0,1,0,192273815,0,31,0,128,0,"[0,0,11,-9,11,-10,11,-10,11,-9,10,-10,10,-10,9,-10,9,-10,8,-10,8,-10,7,-10,7,-11,7,-11,6,-11,7,-11,7,-11,7,-12,7,-12,7,-11,8,-11,8,-11,8,-10,8,-10,8,-9,9,-8,9,-8,0,0,0,0,0,0,0,0,0,0,0,0,0,0,0,0,0,0,0,0,0,0,7,-8,8,-8,9,-8,10,-7,10,-7,11,-7,11,-6,12,-6,12,-5,12,-5,12,-5,12,-5,12,-5,11,-5,11,-5,11,-5,11,-6,11,-7,11,-7,11,-7,11,-8,11,-9,11,-9,11,-9,11,-9,11,-9]"
2025-08-18 23:01:04.971646,CSI_DATA,1129,1a:00:00:00:00:00,-38,11,0,0,0,0,0,0,0,0,0,-92,0,1,0,192334532,0,42,0,128,0,"[0,0,-11,9,-11,10,-11,10,-11,9,-10,10,-10,9,-10,9,-9,9,-8,9,-8,10,-7,10,-7,10,-7,10,-7,11,-7,11,-7,11,-7,11,-7,11,-8,11,-8,11,-8,10,-8,10,-9,9,-9,9,-9,8,-9,7,0,0,0,0,0,0,0,0,0,0,0,0,0,0,0,0,0,0,0,0,0,0,-7,8,-8,8,-9,8,-10,7,-10,7,-11,7,-12,6,-12,6,-12,6,-12,6,-12,5,-12,5,-12,5,-11,6,-11,5,-11,6,-11,6,-11,7,-11,7,-11,8,-11,8,-11,8,-11,9,-11,10,-11,10,-11,10]"
2025-08-18 23:01:05.035339,CSI_DATA,1130,1a:00:00:00:00:00,-38,11,0,0,0,0,0,0,0,0,0,-92,0,1,0,192401837,0,31,0,128,0,"[0,0,3,15,3,14,3,14,3,14,3,14,3,13,3,13,4,12,4,12,5,11,5,11,6,11,6,11,6,11,6,11,7,11,7,11,7,11,6,12,6,12,5,12,5,12,4,12,4,12,3,11,2,11,0,0,0,0,0,0,0,0,0,0,0,0,0,0,0,0,0,0,0,0,0,0,3,10,3,11,2,11,2,12,1,12,1,13,0,13,-1,13,-1,13,-1,13,-2,13,-2,13,-2,13,-1,12,-1,13,-1,12,-1,13,0,12,0,13,1,13,1,13,2,14,2,14,3,14,3,14,3,15]"
2025-08-18 23:01:05.252444,CSI_DATA,1131,1a:00:00:00:00:00,-38,11,0,0,0,0,0,0,0,0,0,-92,0,1,0,192603452,0,31,0,128,0,"[0,0,-5,-15,-5,-15,-5,-15,-5,-14,-5,-14,-5,-14,-6,-13,-6,-13,-6,-12,-6,-12,-7,-11,-8,-11,-8,-11,-8,-11,-8,-11,-9,-11,-9,-11,-9,-12,-8,-12,-8,-12,-7,-12,-7,-12,-6,-12,-6,-12,-5,-12,-4,-12,0,0,0,0,0,0,0,0,0,0,0,0,0,0,0,0,0,0,0,0,0,0,-5,-11,-5,-12,-4,-12,-4,-13,-3,-13,-2,-14,-1,-14,-1,-14,-1,-14,-1,-14,-1,-14,-1,-14,-1,-14,-1,-13,-1,-14,-1,-13,-2,-14,-2,-13,-3,-14,-3,-14,-4,-14,-4,-14,-5,-14,-5,-15,-5,-15,-5,-15]"
2025-08-18 23:01:05.441669,CSI_DATA,1132,1a:00:00:00:00:00,-38,11,0,0,0,0,0,0,0,0,0,-92,0,1,0,192805447,0,31,0,128,0,"[0,0,-13,7,-14,7,-14,6,-13,7,-13,7,-12,6,-11,6,-11,7,-10,8,-10,8,-10,8,-9,9,-8,9,-8,9,-9,10,-9,9,-9,9,-9,10,-10,9,-10,9,-10,8,-10,8,-10,7,-10,8,-10,6,-10,6,0,0,0,0,0,0,0,0,0,0,0,0,0,0,0,0,0,0,0,0,0,0,-10,6,-10,5,-11,5,-12,5,-12,4,-13,4,-13,3,-14,2,-14,2,-13,2,-13,2,-13,2,-13,2,-13,2,-12,2,-13,3,-12,4,-13,4,-12,5,-13,5,-13,5,-13,5,-13,5,-13,7,-13,6,-13,7]"
2025-08-18 23:01:05.644396,CSI_DATA,1133,1a:00:00:00:00:00,-38,11,0,0,0,0,0,0,0,0,0,-92,0,1,0,193005683,0,31,0,128,0,"[0,0,2,-15,1,-15,1,-15,1,-14,1,-15,0,-14,0,-14,-1,-13,-1,-13,-2,-13,-2,-13,-3,-13,-3,-13,-3,-13,-4,-13,-4,-13,-4,-13,-4,-14,-3,-14,-3,-14,-2,-14,-2,-13,-1,-13,-1,-13,0,-12,0,-12,0,0,0,0,0,0,0,0,0,0,0,0,0,0,0,0,0,0,0,0,0,0,0,-11,1,-12,2,-12,2,-13,3,-13,4,-13,4,-13,5,-12,5,-13,5,-12,6,-12,6,-12,6,-12,5,-12,5,-12,4,-12,4,-13,3,-13,3,-13,3,-14,2,-14,2,-14,2,-14,2,-15,2,-15,2,-15]"
2025-08-18 23:01:05.843424,CSI_DATA,1134,1a:00:00:00:00:00,-38,11,0,0,0,0,0,0,0,0,0,-92,0,1,0,193206489,0,31,0,128,0,"[0,0,-7,13,-7,12,-6,12,-7,12,-6,12,-6,12,-5,12,-5,12,-4,11,-4,12,-4,12,-3,12,-3,12,-3,12,-2,12,-2,12,-2,13,-3,13,-3,13,-3,12,-4,12,-4,12,-5,11,-5,11,-6,10,-6,9,0,0,0,0,0,0,0,0,0,0,0,0,0,0,0,0,0,0,0,0,0,0,-3,10,-4,10,-5,10,-6,10,-7,10,-7,10,-8,10,-9,10,-9,10,-9,9,-10,9,-10,9,-9,9,-9,9,-9,9,-8,9,-8,10,-7,10,-7,10,-7,11,-7,11,-7,12,-7,12,-7,12,-7,13,-7,13]"
2025-08-18 23:01:06.045300,CSI_DATA,1135,1a:00:00:00:00:00,-38,11,0,0,0,0,0,0,0,0,0,-92,0,1,0,193407821,0,31,0,128,0,"[0,0,-15,4,-15,3,-14,3,-14,4,-14,4,-14,4,-13,4,-13,4,-12,5,-12,6,-12,6,-11,7,-11,7,-11,7,-11,7,-11,7,-12,7,-12,7,-12,7,-12,7,-12,6,-12,5,-12,5,-12,4,-12,3,-12,3,0,0,0,0,0,0,0,0,0,0,0,0,0,0,0,0,0,0,0,0,0,0,-11,4,-11,3,-12,3,-13,2,-13,2,-13,1,-14,0,-14,0,-14,-1,-14,-1,-14,-1,-14,-1,-14,-1,-13,0,-13,0,-13,0,-13,0,-13,1,-13,1,-14,2,-14,2,-14,2,-15,3,-15,3,-15,4,-15,4]"
2025-08-18 23:01:06.244351,CSI_DATA,1136,1a:00:00:00:00:00,-38,11,0,0,0,0,0,0,0,0,0,-92,0,1,0,193608919,0,31,0,128,0,"[0,0,-1,15,-1,15,-1,14,0,14,0,13,0,13,0,13,1,13,1,12,2,12,2,12,3,12,3,12,3,12,3,12,4,12,4,13,3,12,3,13,2,13,2,13,2,13,1,12,0,12,0,11,-1,11,0,0,0,0,0,0,0,0,0,0,0,0,0,0,0,0,0,0,0,0,0,0,1,11,0,11,-1,12,-1,12,-2,12,-3,12,-3,13,-4,13,-4,12,-5,12,-5,12,-5,12,-5,12,-4,12,-4,12,-4,12,-3,12,-3,12,-3,12,-2,13,-2,13,-2,14,-1,14,-1,14,-1,15,-1,14]"
2025-08-18 23:01:06.459900,CSI_DATA,1137,1a:00:00:00:00:00,-38,11,0,0,0,0,0,0,0,0,0,-92,0,1,0,193810059,0,31,0,128,0,"[0,0,-15,-3,-15,-3,-15,-3,-15,-3,-15,-2,-14,-2,-14,-2,-14,-1,-13,-1,-13,0,-13,1,-13,1,-13,2,-13,2,-13,2,-13,2,-14,2,-14,2,-14,2,-14,1,-14,1,-13,0,-13,0,-13,-1,-12,-1,-12,-2,0,0,0,0,0,0,0,0,0,0,0,0,0,0,0,0,0,0,0,0,0,0,-11,-1,-12,-2,-12,-3,-13,-4,-13,-4,-13,-5,-13,-6,-12,-6,-12,-7,-12,-7,-12,-7,-12,-7,-12,-7,-12,-6,-12,-6,-12,-6,-12,-5,-13,-5,-13,-4,-13,-4,-14,-4,-14,-4,-14,-3,-15,-3,-15,-3,-15,-3]"
2025-08-18 23:01:06.587889,CSI_DATA,1138,1a:00:00:00:00:00,-38,11,0,0,0,0,0,0,0,0,0,-92,0,1,0,193870821,0,42,0,128,0,"[0,0,-11,-12,-11,-11,-10,-11,-10,-11,-10,-10,-10,-10,-10,-9,-11,-9,-11,-8,-11,-8,-11,-7,-11,-7,-12,-7,-12,-7,-12,-6,-12,-6,-12,-7,-12,-7,-12,-7,-12,-7,-11,-8,-11,-8,-10,-8,-10,-8,-9,-8,-8,-9,0,0,0,0,0,0,0,0,0,0,0,0,0,0,0,0,0,0,0,0,0,0,-9,-7,-9,-8,-9,-9,-8,-10,-8,-10,-8,-11,-7,-12,-7,-12,-7,-12,-6,-12,-6,-12,-6,-12,-6,-12,-6,-12,-6,-11,-7,-11,-7,-11,-8,-11,-8,-11,-9,-11,-9,-11,-9,-11,-10,-11,-11,-11,-10,-11,-11,-11]"
2025-08-18 23:01:06.594103,CSI_DATA,1139,1a:00:00:00:00:00,-38,11,0,0,0,0,0,0,0,0,0,-92,0,1,0,193950248,0,31,0,128,0,"[0,0,6,-13,6,-14,6,-13,6,-13,5,-13,5,-13,4,-13,4,-13,3,-13,3,-13,3,-13,2,-13,2,-13,1,-13,1,-13,1,-13,2,-14,1,-14,2,-14,2,-14,3,-13,3,-13,3,-13,4,-12,4,-11,5,-11,0,0,0,0,0,0,0,0,0,0,0,0,0,0,0,0,0,0,0,0,0,0,3,-11,4,-11,5,-11,6,-11,6,-11,7,-11,8,-11,8,-11,9,-10,9,-10,9,-9,9,-9,9,-10,8,-10,8,-10,8,-10,7,-10,7,-11,7,-11,7,-12,6,-12,7,-13,6,-13,6,-13,7,-14,7,-13]"
2025-08-18 23:01:06.682592,CSI_DATA,1140,1a:00:00:00:00:00,-38,11,0,0,0,0,0,0,0,0,0,-92,0,1,0,194035069,0,28,0,128,0,"[0,0,-15,2,-15,2,-15,2,-14,2,-14,2,-14,2,-13,3,-13,4,-13,3,-12,4,-12,4,-12,5,-12,5,-12,6,-12,6,-12,6,-12,6,-12,6,-13,5,-13,5,-13,5,-12,4,-12,4,-12,3,-12,2,-12,1,0,0,0,0,0,0,0,0,0,0,0,0,0,0,0,0,0,0,0,0,0,0,-11,3,-11,2,-12,1,-13,1,-13,0,-13,0,-13,-1,-14,-1,-14,-2,-13,-2,-14,-2,-13,-2,-13,-2,-13,-2,-13,-2,-13,-1,-13,-1,-13,0,-13,0,-13,1,-14,1,-14,1,-14,2,-15,2,-15,2,-15,2]"
2025-08-18 23:01:06.789308,CSI_DATA,1141,1a:00:00:00:00:00,-38,11,0,0,0,0,0,0,0,0,0,-92,0,1,0,194155061,0,31,0,128,0,"[0,0,15,2,15,1,14,1,14,1,14,0,13,0,13,0,13,0,13,-1,13,-2,13,-2,12,-3,12,-3,12,-3,13,-4,13,-4,13,-4,13,-3,14,-3,13,-2,13,-2,13,-1,13,0,12,0,12,0,11,1,0,0,0,0,0,0,0,0,0,0,0,0,0,0,0,0,0,0,0,0,0,0,11,-1,11,-1,12,0,12,1,13,2,13,2,12,4,12,4,12,5,12,5,12,5,12,5,12,5,12,4,12,4,12,4,12,3,12,3,12,2,13,2,13,2,14,2,14,2,15,1,15,1,15,1]"
2025-08-18 23:01:06.985195,CSI_DATA,1142,1a:00:00:00:00:00,-38,11,0,0,0,0,0,0,0,0,0,-92,0,1,0,194349096,0,31,0,128,0,"[0,0,-12,9,-11,9,-11,9,-11,9,-10,9,-10,9,-10,9,-9,9,-9,9,-8,10,-8,10,-7,10,-7,10,-7,11,-7,11,-7,11,-7,11,-7,11,-8,11,-8,11,-8,10,-8,10,-9,9,-9,9,-9,8,-9,7,0,0,0,0,0,0,0,0,0,0,0,0,0,0,0,0,0,0,0,0,0,0,-8,8,-9,8,-9,7,-10,7,-11,7,-11,6,-12,6,-12,5,-12,5,-13,5,-12,5,-12,4,-12,4,-12,5,-12,5,-11,5,-12,6,-11,6,-11,7,-11,7,-11,8,-11,8,-11,9,-11,9,-12,9,-12,9]"
2025-08-18 23:01:07.186470,CSI_DATA,1143,1a:00:00:00:00:00,-38,11,0,0,0,0,0,0,0,0,0,-92,0,1,0,194550424,0,31,0,128,0,"[0,0,-8,12,-8,12,-8,12,-8,12,-7,12,-7,11,-7,11,-6,11,-5,11,-5,11,-4,11,-4,12,-3,12,-3,12,-3,12,-3,12,-3,13,-3,12,-4,13,-4,12,-4,12,-5,12,-5,11,-5,11,-6,10,-6,9,0,0,0,0,0,0,0,0,0,0,0,0,0,0,0,0,0,0,0,0,0,0,-5,9,-6,9,-7,9,-7,9,-8,9,-9,9,-10,9,-10,9,-10,8,-11,8,-11,8,-10,8,-10,8,-10,8,-9,8,-10,8,-9,8,-9,9,-9,9,-8,10,-8,10,-8,11,-8,11,-8,12,-8,12,-8,12]"
2025-08-18 23:01:07.391077,CSI_DATA,1144,1a:00:00:00:00:00,-38,11,0,0,0,0,0,0,0,0,0,-92,0,1,0,194751507,0,31,0,128,0,"[0,0,-15,-1,-15,-1,-15,-1,-14,-1,-15,0,-14,0,-14,0,-13,1,-13,1,-13,2,-12,3,-12,3,-13,3,-13,4,-13,4,-13,4,-13,4,-13,4,-13,3,-13,3,-14,3,-13,1,-13,1,-13,1,-12,0,-12,0,0,0,0,0,0,0,0,0,0,0,0,0,0,0,0,0,0,0,0,0,0,0,-11,0,-12,0,-12,-1,-13,-2,-13,-2,-13,-3,-13,-4,-13,-4,-13,-5,-13,-5,-13,-5,-13,-5,-13,-5,-12,-4,-12,-4,-12,-4,-13,-4,-13,-3,-13,-3,-13,-3,-14,-2,-14,-2,-14,-1,-15,-1,-15,-1,-15,-1]"
2025-08-18 23:01:07.587576,CSI_DATA,1145,1a:00:00:00:00:00,-38,11,0,0,0,0,0,0,0,0,0,-92,0,1,0,194952678,0,31,0,128,0,"[0,0,14,0,13,-1,13,-1,13,-1,13,-2,13,-2,12,-2,12,-2,12,-3,12,-3,11,-4,11,-4,11,-4,11,-5,11,-5,12,-5,12,-5,12,-5,12,-5,12,-4,12,-4,12,-3,12,-2,11,-2,11,-1,11,-1,0,0,0,0,0,0,0,0,0,0,0,0,0,0,0,0,0,0,0,0,0,0,10,-2,11,-1,11,-1,11,0,12,1,12,1,12,2,12,2,12,3,12,3,12,4,11,4,11,4,11,3,11,3,11,2,12,2,12,1,12,1,12,0,12,0,13,0,13,0,13,0,14,0,14,-1]"
2025-08-18 23:01:07.784285,CSI_DATA,1146,1a:00:00:00:00:00,-38,11,0,0,0,0,0,0,0,0,0,-92,0,1,0,195153832,0,31,0,128,0,"[0,0,11,9,11,8,11,8,11,8,11,7,11,7,11,7,11,6,11,5,11,5,11,5,11,4,11,4,12,4,12,3,12,3,12,4,12,4,12,4,12,4,12,5,11,5,11,6,10,6,9,6,9,7,0,0,0,0,0,0,0,0,0,0,0,0,0,0,0,0,0,0,0,0,0,0,9,5,9,6,9,7,8,7,9,8,9,9,8,10,8,10,7,10,7,10,7,10,6,10,7,10,7,10,7,9,7,9,7,9,8,9,9,8,9,9,10,8,10,8,11,8,11,8,11,9,12,9]"
2025-08-18 23:01:07.992813,CSI_DATA,1147,1a:00:00:00:00:00,-38,11,0,0,0,0,0,0,0,0,0,-92,0,1,0,195355085,0,31,0,128,0,"[0,0,-16,3,-15,3,-15,4,-14,4,-14,4,-14,4,-13,4,-13,5,-13,5,-12,5,-12,6,-11,6,-11,7,-12,7,-11,7,-12,7,-12,7,-12,7,-13,7,-13,6,-13,6,-13,5,-12,4,-12,4,-12,3,-12,2,0,0,0,0,0,0,0,0,0,0,0,0,0,0,0,0,0,0,0,0,0,0,-11,4,-11,4,-12,3,-13,2,-13,2,-14,1,-14,1,-14,0,-14,0,-14,-1,-14,-1,-14,-1,-14,-1,-13,-1,-13,0,-13,0,-14,1,-13,1,-14,2,-14,2,-14,2,-14,3,-15,3,-15,4,-15,4,-15,4]"
2025-08-18 23:01:08.052225,CSI_DATA,1148,1a:00:00:00:00:00,-38,11,0,0,0,0,0,0,0,0,0,-92,0,1,0,195415849,0,42,0,128,0,"[0,0,13,-8,12,-8,13,-8,12,-8,12,-8,11,-8,11,-9,10,-9,10,-9,9,-9,9,-10,8,-10,8,-10,8,-10,8,-11,8,-11,8,-11,9,-11,9,-11,9,-10,9,-10,9,-9,9,-9,10,-8,10,-7,10,-7,0,0,0,0,0,0,0,0,0,0,0,0,0,0,0,0,0,0,0,0,0,0,9,-7,9,-7,10,-6,11,-6,11,-6,12,-5,12,-5,12,-4,13,-4,13,-3,13,-3,12,-3,12,-3,12,-3,12,-4,12,-4,12,-4,12,-5,12,-6,12,-6,12,-6,12,-7,12,-7,12,-8,12,-8,13,-8]"
2025-08-18 23:01:08.114200,CSI_DATA,1149,1a:00:00:00:00:00,-38,11,0,0,0,0,0,0,0,0,0,-92,0,1,0,195473675,0,31,0,128,0,"[0,0,-13,7,-13,7,-13,6,-13,7,-12,7,-12,7,-11,7,-11,7,-11,7,-10,8,-10,8,-9,9,-9,9,-9,9,-9,10,-9,9,-9,9,-10,9,-10,9,-10,9,-10,8,-10,8,-11,7,-11,6,-11,6,-11,5,0,0,0,0,0,0,0,0,0,0,0,0,0,0,0,0,0,0,0,0,0,0,-9,6,-10,6,-11,6,-11,5,-12,5,-12,4,-13,4,-13,3,-13,3,-13,2,-13,2,-13,2,-13,2,-13,2,-12,3,-12,3,-12,3,-12,4,-12,4,-12,5,-13,5,-13,6,-13,6,-13,7,-13,7,-13,7]"
2025-08-18 23:01:08.313543,CSI_DATA,1150,1a:00:00:00:00:00,-38,11,0,0,0,0,0,0,0,0,0,-92,0,1,0,195675264,0,31,0,128,0,"[0,0,4,-15,3,-15,4,-15,3,-14,3,-15,2,-14,2,-14,1,-14,1,-13,1,-13,0,-13,0,-14,-1,-14,-1,-14,-1,-14,-1,-14,-1,-14,-1,-14,-1,-15,0,-14,0,-14,1,-14,2,-13,2,-13,3,-12,3,-12,0,0,0,0,0,0,0,0,0,0,0,0,0,0,0,0,0,0,0,0,0,0,1,-12,2,-12,3,-12,3,-12,4,-12,5,-13,5,-13,6,-12,6,-12,7,-12,7,-12,7,-11,7,-11,6,-11,6,-12,6,-12,5,-12,5,-12,5,-13,4,-13,4,-13,4,-14,4,-14,3,-15,4,-15,4,-15]"
2025-08-18 23:01:08.528260,CSI_DATA,1151,1a:00:00:00:00:00,-38,11,0,0,0,0,0,0,0,0,0,-92,0,1,0,195877773,0,31,0,128,0,"[0,0,13,-7,12,-8,12,-8,12,-8,11,-8,11,-8,10,-8,10,-8,9,-8,9,-9,8,-9,8,-10,8,-10,8,-10,8,-10,8,-10,8,-10,8,-10,9,-10,9,-10,10,-9,9,-9,9,-8,9,-8,9,-7,9,-6,0,0,0,0,0,0,0,0,0,0,0,0,0,0,0,0,0,0,0,0,0,0,8,-7,9,-7,10,-6,10,-6,11,-6,11,-5,12,-5,12,-4,12,-4,12,-4,12,-3,12,-3,12,-3,12,-4,11,-4,11,-4,11,-5,11,-5,11,-6,11,-6,12,-6,12,-7,12,-7,12,-8,12,-8,12,-8]"
2025-08-18 23:01:08.707576,CSI_DATA,1152,1a:00:00:00:00:00,-38,11,0,0,0,0,0,0,0,0,0,-92,0,1,0,196077208,0,31,0,128,0,"[0,0,8,12,7,11,8,11,8,11,8,11,8,10,8,10,8,9,8,9,9,8,9,8,9,7,10,7,10,7,10,7,10,7,10,7,11,7,11,8,10,8,9,8,9,9,8,9,8,9,7,8,7,9,0,0,0,0,0,0,0,0,0,0,0,0,0,0,0,0,0,0,0,0,0,0,6,8,6,9,6,10,5,10,5,11,4,12,4,12,3,12,3,12,3,12,2,12,3,12,2,12,3,12,3,12,3,11,4,11,4,11,5,11,5,11,6,11,6,11,7,11,7,12,8,12,8,12]"
2025-08-18 23:01:08.915056,CSI_DATA,1153,1a:00:00:00:00:00,-38,11,0,0,0,0,0,0,0,0,0,-92,0,1,0,196278426,0,31,0,128,0,"[0,0,6,-14,5,-14,5,-14,5,-14,5,-14,4,-13,4,-13,3,-13,3,-13,2,-13,2,-13,1,-13,1,-13,1,-13,0,-13,1,-14,1,-14,1,-14,1,-14,2,-14,2,-13,3,-13,3,-13,3,-12,4,-12,4,-11,0,0,0,0,0,0,0,0,0,0,0,0,0,0,0,0,0,0,0,0,0,0,2,-11,3,-11,4,-11,5,-12,5,-12,6,-12,7,-11,7,-11,8,-11,8,-10,8,-10,8,-10,8,-10,8,-10,7,-10,7,-10,7,-11,6,-11,6,-12,6,-12,6,-12,6,-13,5,-13,6,-14,5,-14,6,-14]"
2025-08-18 23:01:09.113417,CSI_DATA,1154,1a:00:00:00:00:00,-38,11,0,0,0,0,0,0,0,0,0,-92,0,1,0,196479612,0,31,0,128,0,"[0,0,0,15,0,14,0,14,0,13,1,14,1,13,1,13,2,12,2,12,3,11,3,12,4,12,4,12,4,12,4,11,4,12,4,12,4,12,4,12,4,12,3,12,2,12,2,12,1,12,1,11,0,11,0,0,0,0,0,0,0,0,0,0,0,0,0,0,0,0,0,0,0,0,0,0,2,10,1,11,0,11,-1,12,-1,12,-2,13,-3,12,-3,13,-4,12,-4,12,-4,12,-4,12,-4,12,-3,12,-3,12,-3,11,-3,12,-2,12,-2,13,-1,13,-1,13,-1,13,0,13,0,14,0,14,1,14]"
2025-08-18 23:01:09.312700,CSI_DATA,1155,1a:00:00:00:00:00,-38,11,0,0,0,0,0,0,0,0,0,-92,0,1,0,196680736,0,31,0,128,0,"[0,0,4,14,4,13,4,13,5,13,5,12,5,12,5,12,5,11,5,11,6,10,6,10,7,10,7,10,7,10,7,10,8,10,7,10,8,10,7,11,7,11,6,11,6,11,5,11,5,11,4,10,3,11,0,0,0,0,0,0,0,0,0,0,0,0,0,0,0,0,0,0,0,0,0,0,5,9,4,10,4,11,3,11,3,11,2,12,1,12,1,13,0,13,0,13,0,13,0,12,0,12,1,12,1,12,1,12,1,12,2,12,2,12,3,12,3,12,3,13,4,13,4,13,4,14,5,13]"
2025-08-18 23:01:09.512934,CSI_DATA,1156,1a:00:00:00:00:00,-38,11,0,0,0,0,0,0,0,0,0,-92,0,1,0,196882095,0,31,0,128,0,"[0,0,8,11,9,11,8,11,9,11,8,10,8,10,8,10,9,9,9,9,9,8,9,8,9,7,10,7,10,7,10,7,10,7,11,7,10,7,10,8,10,8,9,8,9,9,8,9,8,9,7,9,6,9,0,0,0,0,0,0,0,0,0,0,0,0,0,0,0,0,0,0,0,0,0,0,8,7,7,8,7,9,7,9,7,10,6,10,6,11,5,11,5,12,5,12,4,12,4,12,4,11,4,11,5,11,5,11,5,11,6,11,6,10,7,11,7,11,7,11,8,11,8,11,8,12,9,11]"
2025-08-18 23:01:09.585782,CSI_DATA,1157,1a:00:00:00:00:00,-38,11,0,0,0,0,0,0,0,0,0,-92,0,1,0,196942788,0,42,0,128,0,"[0,0,-11,-12,-10,-11,-10,-11,-10,-11,-10,-10,-10,-10,-10,-10,-10,-9,-10,-8,-11,-8,-11,-8,-11,-7,-11,-7,-12,-7,-12,-7,-12,-7,-12,-7,-12,-7,-12,-8,-12,-8,-11,-8,-11,-9,-10,-9,-9,-9,-9,-9,-8,-9,0,0,0,0,0,0,0,0,0,0,0,0,0,0,0,0,0,0,0,0,0,0,-9,-7,-9,-8,-9,-9,-9,-9,-8,-10,-8,-11,-8,-12,-7,-12,-7,-12,-6,-12,-6,-12,-6,-12,-6,-12,-6,-12,-7,-12,-7,-11,-7,-11,-8,-11,-8,-11,-9,-11,-9,-11,-9,-11,-10,-11,-10,-11,-10,-11,-11,-11]"
2025-08-18 23:01:09.643221,CSI_DATA,1158,1a:00:00:00:00:00,-38,11,0,0,0,0,0,0,0,0,0,-92,0,1,0,197009378,0,31,0,128,0,"[0,0,14,0,14,0,13,0,14,0,13,-1,13,-1,13,-1,12,-2,12,-2,12,-3,12,-3,12,-4,12,-4,11,-4,12,-5,11,-5,12,-5,12,-4,13,-4,12,-4,12,-4,12,-3,12,-2,12,-1,11,-1,11,0,0,0,0,0,0,0,0,0,0,0,0,0,0,0,0,0,0,0,0,0,0,0,11,-1,11,-1,11,0,11,1,12,1,12,2,12,3,12,3,12,4,12,4,12,4,11,4,12,4,11,4,11,3,12,3,11,3,12,2,12,1,12,1,13,1,13,0,14,0,14,0,14,0,14,0]"
2025-08-18 23:01:09.848876,CSI_DATA,1159,1a:00:00:00:00:00,-38,11,0,0,0,0,0,0,0,0,0,-92,0,1,0,197210224,0,31,0,128,0,"[0,0,-15,3,-15,2,-14,3,-14,3,-14,3,-13,3,-13,3,-13,4,-13,4,-12,5,-12,5,-11,5,-11,6,-11,6,-12,6,-11,6,-12,7,-12,6,-12,6,-12,6,-12,5,-12,5,-12,4,-12,4,-12,3,-12,2,0,0,0,0,0,0,0,0,0,0,0,0,0,0,0,0,0,0,0,0,0,0,-11,3,-11,2,-12,2,-12,1,-13,1,-13,0,-14,-1,-14,-1,-14,-2,-14,-2,-13,-2,-13,-2,-13,-2,-13,-2,-13,-1,-13,-1,-13,0,-13,0,-13,0,-14,1,-14,1,-14,1,-15,2,-15,3,-15,2,-15,3]"
2025-08-18 23:01:10.061799,CSI_DATA,1160,1a:00:00:00:00:00,-38,11,0,0,0,0,0,0,0,0,0,-92,0,1,0,197411399,0,31,0,128,0,"[0,0,-15,-1,-15,-1,-14,-1,-15,-1,-14,0,-14,0,-13,0,-13,1,-13,1,-13,2,-13,2,-12,2,-12,3,-12,3,-12,4,-12,4,-13,4,-13,4,-13,3,-13,3,-13,2,-13,2,-13,1,-12,1,-12,0,-12,-1,0,0,0,0,0,0,0,0,0,0,0,0,0,0,0,0,0,0,0,0,0,0,-11,0,-11,-1,-12,-2,-12,-2,-13,-3,-13,-4,-13,-4,-13,-5,-13,-5,-12,-5,-12,-6,-12,-6,-12,-5,-12,-5,-11,-5,-12,-4,-12,-4,-13,-3,-13,-3,-13,-2,-13,-2,-14,-2,-15,-2,-14,-1,-15,-2,-14,-2]"
2025-08-18 23:01:10.250543,CSI_DATA,1161,1a:00:00:00:00:00,-38,11,0,0,0,0,0,0,0,0,0,-92,0,1,0,197612519,0,31,0,128,0,"[0,0,-2,14,-1,14,-1,14,-1,14,-1,13,-1,13,0,13,0,13,1,12,1,12,1,12,2,12,2,12,2,12,3,12,3,12,3,13,3,12,2,13,2,13,1,12,1,12,0,13,0,12,-1,11,-2,11,0,0,0,0,0,0,0,0,0,0,0,0,0,0,0,0,0,0,0,0,0,0,1,11,0,11,-1,11,-1,11,-2,12,-3,12,-3,12,-4,12,-5,12,-5,12,-5,12,-5,11,-5,12,-4,11,-4,11,-4,12,-3,11,-3,12,-3,12,-2,13,-2,13,-2,13,-2,14,-1,14,-2,14,-1,14]"
2025-08-18 23:01:10.451286,CSI_DATA,1162,1a:00:00:00:00:00,-38,11,0,0,0,0,0,0,0,0,0,-92,0,1,0,197813663,0,31,0,128,0,"[0,0,-6,14,-6,14,-6,13,-6,14,-5,13,-5,13,-4,13,-4,13,-3,13,-3,13,-2,12,-2,12,-1,13,-1,13,-1,13,-1,13,-1,14,-1,13,-1,13,-1,13,-2,13,-3,13,-3,13,-4,12,-4,11,-5,11,0,0,0,0,0,0,0,0,0,0,0,0,0,0,0,0,0,0,0,0,0,0,-3,11,-4,11,-5,11,-6,11,-7,11,-7,11,-8,11,-8,11,-8,11,-9,10,-9,10,-9,10,-9,10,-9,10,-8,10,-8,10,-7,10,-7,11,-7,11,-6,12,-6,12,-6,13,-6,13,-6,13,-6,14,-6,14]"
2025-08-18 23:01:10.650575,CSI_DATA,1163,1a:00:00:00:00:00,-38,11,0,0,0,0,0,0,0,0,0,-92,0,1,0,198015047,0,31,0,128,0,"[0,0,-4,15,-3,14,-4,14,-3,14,-3,14,-2,14,-2,13,-1,13,-1,13,0,13,0,12,1,12,1,13,1,13,1,13,1,13,1,13,1,13,1,13,0,13,0,13,-1,13,-1,13,-2,12,-2,11,-3,11,0,0,0,0,0,0,0,0,0,0,0,0,0,0,0,0,0,0,0,0,0,0,-1,11,-2,11,-3,11,-4,12,-4,12,-5,12,-6,12,-6,12,-7,12,-7,11,-7,11,-7,11,-7,11,-7,11,-6,11,-6,11,-6,12,-5,12,-5,12,-4,13,-4,13,-4,13,-4,14,-3,14,-4,14,-3,15]"
2025-08-18 23:01:10.848314,CSI_DATA,1164,1a:00:00:00:00:00,-38,11,0,0,0,0,0,0,0,0,0,-92,0,1,0,198216176,0,31,0,128,0,"[0,0,14,6,13,5,13,5,13,5,13,5,13,4,13,4,13,3,12,3,12,2,12,2,12,1,13,1,13,0,13,0,13,0,13,1,13,1,14,1,13,2,13,2,13,3,12,3,11,4,11,4,11,5,0,0,0,0,0,0,0,0,0,0,0,0,0,0,0,0,0,0,0,0,0,0,11,2,11,3,11,4,11,5,11,5,11,6,11,7,10,7,10,8,10,8,10,8,9,8,10,8,10,8,10,8,10,7,10,7,11,6,11,6,12,6,12,6,13,6,13,5,13,5,14,6,14,5]"
2025-08-18 23:01:11.050299,CSI_DATA,1165,1a:00:00:00:00:00,-38,11,0,0,0,0,0,0,0,0,0,-92,0,1,0,198417364,0,31,0,128,0,"[0,0,14,4,14,3,13,3,13,3,13,2,13,2,13,2,13,1,12,1,12,0,12,0,12,-1,12,-1,12,-1,13,-2,13,-2,13,-1,13,-1,13,-1,13,0,13,0,12,0,12,1,12,1,11,2,11,3,0,0,0,0,0,0,0,0,0,0,0,0,0,0,0,0,0,0,0,0,0,0,10,1,11,2,11,3,11,3,11,4,11,5,11,6,11,6,11,6,10,7,10,7,10,7,10,7,10,6,10,6,10,6,11,5,11,4,11,4,12,4,12,4,13,4,13,4,14,3,14,3,14,3]"
2025-08-18 23:01:11.115621,CSI_DATA,1166,1a:00:00:00:00:00,-38,11,0,0,0,0,0,0,0,0,0,-92,0,1,0,198478372,0,42,0,128,0,"[0,0,14,-5,13,-5,13,-5,13,-5,12,-5,12,-5,12,-5,11,-6,11,-6,11,-7,10,-7,10,-7,10,-8,10,-8,10,-8,10,-9,10,-8,10,-8,11,-8,11,-7,11,-7,11,-6,11,-6,11,-5,11,-4,11,-3,0,0,0,0,0,0,0,0,0,0,0,0,0,0,0,0,0,0,0,0,0,0,9,-5,10,-5,11,-4,11,-4,12,-3,12,-3,12,-2,13,-2,13,-1,13,-1,12,0,12,0,12,-1,12,-1,12,-1,12,-1,12,-2,12,-3,12,-3,12,-3,13,-4,13,-4,13,-4,13,-5,14,-5,14,-5]"
2025-08-18 23:01:11.176423,CSI_DATA,1167,1a:00:00:00:00:00,-38,11,0,0,0,0,0,0,0,0,0,-92,0,1,0,198545673,0,31,0,128,0,"[0,0,9,11,9,10,9,10,9,10,9,10,9,9,9,9,9,8,9,8,9,7,10,7,10,7,10,7,10,6,11,6,11,6,11,7,11,7,11,7,10,8,10,8,9,8,8,8,8,9,7,8,7,9,0,0,0,0,0,0,0,0,0,0,0,0,0,0,0,0,0,0,0,0,0,0,8,7,8,7,8,8,7,9,7,9,6,10,6,11,6,11,5,11,5,11,5,11,4,11,4,11,5,11,5,11,5,10,6,10,6,10,7,10,7,10,8,10,8,10,8,10,9,11,9,11,9,11]"
2025-08-18 23:01:11.383469,CSI_DATA,1168,1a:00:00:00:00:00,-38,11,0,0,0,0,0,0,0,0,0,-92,0,1,0,198746718,0,31,0,128,0,"[0,0,14,-3,14,-4,13,-4,14,-4,13,-4,13,-4,12,-5,12,-5,12,-5,12,-6,11,-6,11,-6,11,-6,11,-7,11,-8,11,-7,11,-7,11,-7,12,-7,12,-7,12,-6,12,-6,12,-5,12,-4,11,-3,11,-2,0,0,0,0,0,0,0,0,0,0,0,0,0,0,0,0,0,0,0,0,0,0,10,-5,10,-4,11,-4,11,-3,12,-2,12,-1,13,-1,13,-1,13,0,13,1,13,1,13,1,12,1,12,0,12,0,12,0,12,-1,12,-2,12,-2,13,-3,13,-3,13,-3,14,-3,14,-3,14,-3,14,-4]"
2025-08-18 23:01:11.596747,CSI_DATA,1169,1a:00:00:00:00:00,-38,11,0,0,0,0,0,0,0,0,0,-92,0,1,0,198947868,0,31,0,128,0,"[0,0,-10,-12,-10,-11,-10,-11,-10,-11,-10,-11,-10,-10,-10,-10,-10,-9,-10,-9,-11,-8,-11,-8,-11,-7,-11,-7,-11,-7,-12,-7,-12,-7,-12,-7,-12,-7,-12,-8,-11,-8,-11,-8,-10,-8,-10,-9,-9,-9,-8,-9,-8,-9,0,0,0,0,0,0,0,0,0,0,0,0,0,0,0,0,0,0,0,0,0,0,-8,-8,-8,-8,-8,-9,-7,-10,-7,-11,-7,-11,-6,-12,-6,-12,-6,-12,-5,-12,-5,-12,-5,-12,-5,-12,-5,-12,-6,-11,-6,-11,-6,-11,-7,-11,-7,-11,-8,-11,-8,-11,-9,-11,-9,-11,-9,-12,-9,-12,-9,-12]"
2025-08-18 23:01:11.783281,CSI_DATA,1170,1a:00:00:00:00:00,-38,11,0,0,0,0,0,0,0,0,0,-92,0,1,0,199149484,0,31,0,128,0,"[0,0,14,1,14,1,14,1,14,0,13,0,13,0,13,0,12,-1,12,-1,12,-2,12,-2,12,-3,12,-3,12,-4,12,-4,12,-4,12,-3,13,-3,13,-3,13,-2,13,-2,12,-1,12,-1,12,-1,11,0,11,1,0,0,0,0,0,0,0,0,0,0,0,0,0,0,0,0,0,0,0,0,0,0,10,-2,11,-1,11,0,11,1,12,1,12,2,12,3,12,3,12,4,12,4,12,4,11,4,11,4,11,4,11,3,11,3,12,3,12,2,12,2,13,2,13,1,13,1,14,1,14,1,14,1,14,1]"
2025-08-18 23:01:11.981166,CSI_DATA,1171,1a:00:00:00:00:00,-38,11,0,0,0,0,0,0,0,0,0,-92,0,1,0,199350442,0,31,0,128,0,"[0,0,6,13,7,12,7,12,7,12,7,11,6,11,7,11,7,10,7,9,8,9,8,9,9,8,9,8,9,8,10,8,9,8,10,9,9,8,9,9,9,9,8,9,8,10,7,10,7,9,6,9,5,10,0,0,0,0,0,0,0,0,0,0,0,0,0,0,0,0,0,0,0,0,0,0,6,8,6,9,5,10,5,10,5,11,4,11,3,12,3,12,3,12,2,13,2,12,2,12,2,12,2,11,3,11,3,12,3,11,4,11,4,11,5,12,5,12,6,12,6,12,7,12,7,12,7,12]"
2025-08-18 23:01:12.183597,CSI_DATA,1172,1a:00:00:00:00:00,-38,11,0,0,0,0,0,0,0,0,0,-92,0,1,0,199551564,0,31,0,128,0,"[0,0,9,10,10,10,9,9,10,10,10,9,9,9,10,8,10,8,10,7,10,7,10,6,10,6,10,6,10,5,12,5,11,5,12,6,11,6,11,6,11,6,11,7,10,7,10,8,9,8,8,8,7,8,0,0,0,0,0,0,0,0,0,0,0,0,0,0,0,0,0,0,0,0,0,0,9,6,8,7,8,8,7,8,8,9,7,10,7,10,7,11,6,11,6,11,5,11,5,11,5,11,5,11,6,10,6,10,6,10,7,10,7,9,8,10,8,10,9,10,9,10,10,10,10,10,10,10]"
2025-08-18 23:01:12.385750,CSI_DATA,1173,1a:00:00:00:00:00,-38,11,0,0,0,0,0,0,0,0,0,-92,0,1,0,199752701,0,31,0,128,0,"[0,0,3,14,4,13,4,13,4,13,4,13,4,13,4,12,5,12,5,11,5,10,6,11,6,11,6,10,7,10,7,10,7,10,7,10,7,11,7,11,6,11,6,11,5,11,4,11,4,11,3,11,2,11,0,0,0,0,0,0,0,0,0,0,0,0,0,0,0,0,0,0,0,0,0,0,4,9,4,10,3,11,3,11,2,12,1,12,1,13,1,13,0,12,0,12,-1,13,-1,13,-1,12,-1,12,0,12,0,12,1,12,1,12,2,12,2,13,2,13,3,13,3,13,3,14,3,14,4,14]"
2025-08-18 23:01:12.586171,CSI_DATA,1174,1a:00:00:00:00:00,-38,11,0,0,0,0,0,0,0,0,0,-92,0,1,0,199953838,0,31,0,128,0,"[0,0,3,14,3,13,3,13,4,13,4,13,4,12,4,12,5,12,5,11,6,10,6,11,6,10,6,10,7,10,7,10,7,10,7,10,7,10,7,11,7,11,6,11,5,11,5,11,4,11,3,10,3,11,0,0,0,0,0,0,0,0,0,0,0,0,0,0,0,0,0,0,0,0,0,0,4,10,3,10,3,11,2,11,2,12,1,12,0,13,0,12,-1,13,-1,13,-1,12,-1,12,-1,12,-1,12,0,12,0,12,0,12,1,12,1,12,2,12,2,13,3,13,3,13,3,13,3,14,4,14]"
2025-08-18 23:01:12.653938,CSI_DATA,1175,1a:00:00:00:00:00,-38,11,0,0,0,0,0,0,0,0,0,-92,0,1,0,200014653,0,42,0,128,0,"[0,0,0,-16,0,-16,0,-15,0,-15,-1,-15,-1,-14,-1,-14,-2,-14,-2,-14,-3,-14,-3,-13,-4,-13,-4,-13,-5,-13,-5,-13,-5,-13,-5,-14,-4,-13,-5,-14,-4,-14,-4,-14,-3,-14,-2,-14,-2,-13,-1,-13,-1,-12,0,0,0,0,0,0,0,0,0,0,0,0,0,0,0,0,0,0,0,0,0,0,-1,-12,0,-12,1,-13,1,-13,2,-14,3,-13,3,-13,4,-13,4,-13,5,-13,5,-13,5,-13,5,-13,4,-13,4,-12,4,-13,3,-13,2,-13,2,-13,1,-14,1,-14,1,-15,1,-15,1,-15,0,-16,0,-16]"
2025-08-18 23:01:12.724121,CSI_DATA,1176,1a:00:00:00:00:00,-38,11,0,0,0,0,0,0,0,0,0,-92,0,1,0,200081289,0,31,0,128,0,"[0,0,-11,-11,-11,-10,-11,-10,-11,-10,-11,-9,-11,-9,-11,-8,-11,-8,-11,-7,-11,-6,-11,-7,-12,-6,-12,-6,-12,-5,-12,-5,-13,-5,-13,-5,-13,-6,-13,-6,-12,-6,-12,-6,-11,-7,-11,-7,-10,-7,-9,-8,-9,-8,0,0,0,0,0,0,0,0,0,0,0,0,0,0,0,0,0,0,0,0,0,0,-9,-7,-9,-8,-9,-9,-9,-9,-8,-10,-8,-11,-8,-11,-8,-12,-7,-12,-7,-12,-6,-12,-6,-12,-6,-11,-7,-12,-7,-11,-7,-11,-8,-11,-8,-10,-9,-10,-9,-10,-10,-10,-10,-10,-10,-10,-11,-10,-11,-11,-11,-10]"
2025-08-18 23:01:12.915645,CSI_DATA,1177,1a:00:00:00:00:00,-38,11,0,0,0,0,0,0,0,0,0,-92,0,1,0,200282302,0,31,0,128,0,"[0,0,1,14,2,14,1,13,2,13,2,13,2,13,2,12,3,12,3,11,4,11,4,11,4,11,5,11,5,11,5,11,5,11,5,12,5,11,5,12,5,12,4,12,3,12,3,12,2,12,1,11,1,11,0,0,0,0,0,0,0,0,0,0,0,0,0,0,0,0,0,0,0,0,0,0,2,10,2,10,1,11,0,11,0,12,-1,12,-1,13,-2,13,-2,12,-3,12,-3,12,-3,12,-3,12,-2,12,-2,12,-2,12,-1,12,-1,12,0,12,0,13,0,13,1,13,1,14,1,14,1,14,1,14]"
2025-08-18 23:01:13.127560,CSI_DATA,1178,1a:00:00:00:00:00,-38,11,0,0,0,0,0,0,0,0,0,-92,0,1,0,200483361,0,31,0,128,0,"[0,0,-4,-15,-5,-14,-5,-15,-5,-14,-5,-14,-5,-13,-6,-13,-6,-13,-6,-12,-6,-12,-7,-12,-7,-11,-7,-11,-8,-11,-8,-11,-8,-11,-8,-12,-8,-12,-8,-12,-7,-12,-7,-12,-6,-12,-5,-12,-5,-12,-4,-12,-3,-12,0,0,0,0,0,0,0,0,0,0,0,0,0,0,0,0,0,0,0,0,0,0,-5,-10,-5,-11,-4,-12,-3,-12,-3,-13,-2,-13,-2,-14,-2,-14,-1,-14,0,-13,0,-14,0,-13,0,-13,0,-13,-1,-13,-1,-13,-2,-13,-2,-13,-3,-13,-3,-14,-3,-14,-4,-14,-5,-14,-4,-14,-5,-15,-5,-15]"
2025-08-18 23:01:13.320433,CSI_DATA,1179,1a:00:00:00:00:00,-38,11,0,0,0,0,0,0,0,0,0,-92,0,1,0,200684503,0,31,0,128,0,"[0,0,14,-3,14,-4,13,-3,14,-4,13,-4,13,-4,12,-4,12,-5,12,-5,12,-6,11,-6,11,-7,11,-7,10,-7,11,-7,11,-7,11,-7,11,-7,12,-7,12,-7,12,-6,11,-5,12,-5,11,-4,11,-3,11,-3,0,0,0,0,0,0,0,0,0,0,0,0,0,0,0,0,0,0,0,0,0,0,10,-4,10,-4,11,-3,11,-2,12,-2,12,-1,13,0,13,0,13,0,13,1,13,1,12,1,12,1,12,1,12,0,12,0,12,0,12,-1,12,-1,13,-2,13,-2,13,-3,14,-3,14,-3,14,-3,14,-3]"
2025-08-18 23:01:13.529403,CSI_DATA,1180,1a:00:00:00:00:00,-38,11,0,0,0,0,0,0,0,0,0,-92,0,1,0,200885650,0,31,0,128,0,"[0,0,-13,-10,-13,-10,-12,-9,-12,-9,-12,-8,-12,-8,-12,-8,-12,-7,-12,-7,-13,-6,-12,-6,-13,-5,-13,-5,-13,-5,-13,-4,-13,-4,-14,-5,-14,-5,-14,-5,-13,-6,-13,-6,-13,-6,-12,-7,-11,-7,-11,-7,-10,-8,0,0,0,0,0,0,0,0,0,0,0,0,0,0,0,0,0,0,0,0,0,0,-10,-6,-10,-7,-10,-8,-10,-8,-10,-9,-10,-10,-9,-11,-9,-11,-9,-11,-8,-12,-8,-11,-8,-11,-8,-11,-8,-11,-8,-11,-9,-10,-9,-10,-9,-10,-10,-10,-11,-10,-11,-9,-11,-9,-12,-9,-12,-9,-12,-10,-12,-10]"
2025-08-18 23:01:13.729180,CSI_DATA,1181,1a:00:00:00:00:00,-38,11,0,0,0,0,0,0,0,0,0,-92,0,1,0,201086825,0,31,0,128,0,"[0,0,-9,-12,-9,-12,-9,-12,-9,-12,-9,-12,-9,-11,-10,-10,-10,-10,-10,-9,-10,-9,-10,-8,-11,-8,-11,-8,-11,-8,-11,-7,-12,-7,-12,-7,-12,-8,-12,-8,-12,-8,-11,-9,-11,-9,-10,-9,-9,-9,-8,-9,-8,-9,0,0,0,0,0,0,0,0,0,0,0,0,0,0,0,0,0,0,0,0,0,0,-7,-9,-7,-10,-6,-10,-6,-11,-6,-11,-6,-12,-5,-13,-5,-13,-5,-13,-4,-13,-4,-13,-4,-13,-4,-13,-4,-13,-4,-12,-5,-12,-5,-12,-6,-12,-6,-12,-7,-12,-8,-12,-8,-12,-8,-12,-9,-12,-9,-13,-9,-13]"
2025-08-18 23:01:13.930056,CSI_DATA,1182,1a:00:00:00:00:00,-38,11,0,0,0,0,0,0,0,0,0,-92,0,1,0,201288057,0,31,0,128,0,"[0,0,-9,-13,-9,-13,-9,-12,-9,-12,-9,-11,-9,-11,-9,-11,-9,-10,-10,-9,-10,-9,-10,-9,-10,-8,-11,-8,-11,-8,-11,-8,-11,-8,-11,-8,-12,-8,-11,-9,-11,-9,-11,-9,-10,-9,-10,-9,-9,-10,-8,-10,-8,-10,0,0,0,0,0,0,0,0,0,0,0,0,0,0,0,0,0,0,0,0,0,0,-7,-9,-7,-10,-7,-10,-6,-11,-6,-11,-5,-12,-5,-12,-5,-13,-4,-13,-4,-13,-3,-13,-3,-13,-3,-13,-4,-13,-4,-12,-5,-12,-5,-12,-6,-12,-6,-12,-7,-12,-7,-12,-8,-12,-8,-12,-8,-12,-8,-13,-8,-13]"
2025-08-18 23:01:14.126099,CSI_DATA,1183,1a:00:00:00:00:00,-38,11,0,0,0,0,0,0,0,0,0,-92,0,1,0,201489382,0,31,0,128,0,"[0,0,15,-4,14,-4,14,-4,14,-4,13,-5,13,-4,12,-5,12,-5,12,-6,11,-7,11,-7,11,-7,11,-8,10,-8,11,-8,11,-8,11,-8,11,-8,12,-8,12,-7,12,-6,12,-6,12,-6,11,-5,11,-4,11,-3,0,0,0,0,0,0,0,0,0,0,0,0,0,0,0,0,0,0,0,0,0,0,10,-5,11,-4,11,-3,12,-3,12,-2,12,-2,13,-1,13,0,13,0,13,0,12,1,12,1,13,0,12,0,12,0,12,0,12,-1,12,-1,12,-2,13,-2,13,-3,13,-3,14,-4,14,-4,14,-4,15,-4]"
2025-08-18 23:01:14.192793,CSI_DATA,1184,1a:00:00:00:00:00,-38,11,0,0,0,0,0,0,0,0,0,-92,0,1,0,201550110,0,42,0,128,0,"[0,0,-8,-13,-8,-13,-8,-13,-8,-12,-8,-12,-8,-12,-8,-11,-9,-11,-9,-10,-9,-10,-9,-9,-10,-9,-10,-9,-10,-9,-11,-9,-11,-8,-11,-9,-11,-9,-11,-9,-10,-9,-10,-10,-9,-10,-9,-10,-8,-10,-7,-10,-7,-10,0,0,0,0,0,0,0,0,0,0,0,0,0,0,0,0,0,0,0,0,0,0,-7,-9,-7,-10,-6,-11,-6,-11,-6,-12,-5,-12,-5,-13,-4,-13,-4,-13,-3,-13,-3,-13,-3,-13,-3,-13,-3,-13,-4,-12,-4,-12,-5,-12,-5,-12,-6,-12,-6,-12,-7,-12,-7,-12,-8,-13,-8,-13,-8,-13,-8,-13]"
2025-08-18 23:01:14.248593,CSI_DATA,1185,1a:00:00:00:00:00,-38,11,0,0,0,0,0,0,0,0,0,-92,0,1,0,201617292,0,31,0,128,0,"[0,0,5,13,5,13,5,13,5,12,5,12,5,12,5,11,6,11,6,10,7,10,7,9,7,9,7,9,8,9,8,9,8,9,8,10,8,10,8,10,7,10,7,10,6,11,6,11,5,10,4,10,4,10,0,0,0,0,0,0,0,0,0,0,0,0,0,0,0,0,0,0,0,0,0,0,5,9,5,9,4,10,4,10,4,11,3,12,2,12,2,12,1,12,1,12,1,12,1,12,1,12,1,12,1,12,1,11,2,11,3,11,3,12,3,12,3,12,4,12,5,12,5,13,5,13,6,13]"
2025-08-18 23:01:14.455058,CSI_DATA,1186,1a:00:00:00:00:00,-38,11,0,0,0,0,0,0,0,0,0,-92,0,1,0,201818123,0,31,0,128,0,"[0,0,13,-7,12,-7,12,-7,12,-7,12,-8,11,-8,11,-8,10,-8,10,-9,10,-9,9,-9,9,-9,9,-10,9,-10,9,-10,9,-10,9,-10,9,-10,9,-10,10,-10,10,-9,10,-9,10,-8,10,-7,10,-6,10,-6,0,0,0,0,0,0,0,0,0,0,0,0,0,0,0,0,0,0,0,0,0,0,8,-7,9,-6,10,-6,11,-5,11,-5,12,-5,12,-4,12,-4,12,-3,12,-3,12,-2,12,-2,12,-3,12,-3,12,-3,11,-3,12,-4,11,-5,12,-5,12,-6,12,-6,12,-7,12,-7,12,-7,13,-7,13,-7]"
2025-08-18 23:01:14.664526,CSI_DATA,1187,1a:00:00:00:00:00,-38,11,0,0,0,0,0,0,0,0,0,-92,0,1,0,202019286,0,31,0,128,0,"[0,0,5,13,5,13,5,12,5,13,5,12,5,12,6,11,6,11,6,10,7,10,7,10,7,9,8,9,8,9,8,9,8,9,8,10,8,10,8,10,8,10,7,10,6,11,6,11,5,11,5,10,4,10,0,0,0,0,0,0,0,0,0,0,0,0,0,0,0,0,0,0,0,0,0,0,5,9,4,9,4,10,3,10,3,11,2,12,2,12,1,12,1,12,1,12,1,12,0,12,1,12,1,12,1,11,1,12,2,11,3,12,3,11,3,12,4,12,4,12,5,13,5,13,5,13,5,13]"
2025-08-18 23:01:14.871699,CSI_DATA,1188,1a:00:00:00:00:00,-38,11,0,0,0,0,0,0,0,0,0,-92,0,1,0,202220481,0,31,0,128,0,"[0,0,3,-15,3,-15,3,-15,3,-15,2,-15,2,-14,1,-14,1,-14,1,-14,0,-14,-1,-14,-1,-14,-2,-14,-2,-14,-2,-14,-2,-14,-2,-14,-2,-14,-2,-15,-1,-14,0,-14,0,-14,1,-14,1,-13,2,-13,2,-12,0,0,0,0,0,0,0,0,0,0,0,0,0,0,0,0,0,0,0,0,0,0,1,-11,2,-12,3,-12,4,-12,4,-12,5,-12,6,-12,6,-12,6,-12,7,-12,7,-11,7,-11,7,-11,6,-11,6,-11,6,-12,5,-12,5,-12,4,-13,4,-13,4,-14,4,-14,3,-14,3,-15,3,-15,3,-15]"
2025-08-18 23:01:15.053270,CSI_DATA,1189,1a:00:00:00:00:00,-38,11,0,0,0,0,0,0,0,0,0,-92,0,1,0,202421713,0,31,0,128,0,"[0,0,10,10,10,10,9,9,10,10,9,9,9,9,10,8,10,8,10,7,10,6,10,6,10,6,11,6,11,5,12,5,11,5,12,6,11,6,11,6,11,7,11,7,10,7,10,8,9,8,8,8,7,8,0,0,0,0,0,0,0,0,0,0,0,0,0,0,0,0,0,0,0,0,0,0,8,6,8,7,8,8,7,8,7,9,7,10,7,10,6,11,6,11,5,11,5,11,5,11,5,11,5,11,5,10,6,10,6,10,7,10,7,10,8,10,8,10,9,10,9,10,9,10,9,10,10,10]"
2025-08-18 23:01:15.265383,CSI_DATA,1190,1a:00:00:00:00:00,-38,11,0,0,0,0,0,0,0,0,0,-92,0,1,0,202623026,0,31,0,128,0,"[0,0,-6,-14,-6,-14,-6,-14,-6,-14,-6,-13,-6,-13,-7,-12,-7,-12,-7,-11,-8,-11,-8,-11,-8,-10,-9,-10,-9,-10,-9,-10,-9,-10,-9,-11,-9,-11,-9,-11,-9,-11,-8,-12,-7,-12,-7,-12,-6,-12,-5,-11,-5,-11,0,0,0,0,0,0,0,0,0,0,0,0,0,0,0,0,0,0,0,0,0,0,-6,-10,-6,-11,-5,-11,-4,-12,-4,-12,-3,-13,-3,-13,-3,-13,-2,-13,-2,-14,-2,-13,-1,-13,-2,-13,-2,-13,-2,-12,-2,-13,-3,-13,-4,-13,-4,-13,-4,-13,-5,-13,-5,-13,-6,-13,-6,-14,-6,-14,-6,-14]"
2025-08-18 23:01:15.458385,CSI_DATA,1191,1a:00:00:00:00:00,-38,11,0,0,0,0,0,0,0,0,0,-92,0,1,0,202824123,0,31,0,128,0,"[0,0,0,15,0,14,0,14,0,14,1,13,1,13,1,13,2,12,2,12,3,12,3,12,4,12,4,12,4,12,4,12,4,12,4,12,4,12,4,13,3,13,3,12,2,13,2,12,1,12,0,11,0,11,0,0,0,0,0,0,0,0,0,0,0,0,0,0,0,0,0,0,0,0,0,0,1,10,1,11,0,11,-1,12,-1,12,-2,12,-3,12,-3,12,-4,12,-4,12,-4,12,-4,12,-4,12,-3,12,-3,12,-3,12,-3,12,-2,12,-2,12,-1,13,-1,13,-1,13,0,14,0,14,0,14,0,14]"
2025-08-18 23:01:15.664156,CSI_DATA,1192,1a:00:00:00:00:00,-38,11,0,0,0,0,0,0,0,0,0,-92,0,1,0,203025559,0,31,0,128,0,"[0,0,-15,0,-15,1,-14,0,-14,1,-14,1,-13,1,-13,2,-13,2,-13,3,-12,3,-12,3,-12,4,-12,4,-12,5,-12,4,-12,5,-12,5,-13,5,-13,5,-13,4,-13,4,-13,3,-12,2,-12,2,-12,1,-12,0,0,0,0,0,0,0,0,0,0,0,0,0,0,0,0,0,0,0,0,0,0,0,-11,1,-11,0,-12,0,-12,-1,-12,-1,-13,-2,-13,-3,-13,-3,-13,-3,-13,-4,-12,-4,-12,-4,-12,-4,-12,-4,-12,-3,-12,-3,-12,-2,-13,-2,-13,-2,-13,-1,-13,-1,-14,0,-14,0,-14,0,-15,0,-15,0]"
2025-08-18 23:01:15.723702,CSI_DATA,1193,1a:00:00:00:00:00,-38,11,0,0,0,0,0,0,0,0,0,-92,0,1,0,203086047,0,42,0,128,0,"[0,0,-14,4,-14,4,-13,5,-14,4,-13,4,-13,5,-12,5,-12,5,-12,6,-11,6,-12,6,-11,6,-11,6,-11,7,-10,8,-11,7,-11,7,-11,7,-11,7,-12,7,-12,7,-11,6,-11,5,-11,5,-11,4,-12,3,0,0,0,0,0,0,0,0,0,0,0,0,0,0,0,0,0,0,0,0,0,0,-10,4,-11,3,-12,3,-12,2,-13,2,-13,1,-13,1,-13,0,-14,0,-13,-1,-13,-1,-13,-1,-13,-1,-13,-1,-13,0,-13,0,-13,0,-13,1,-13,2,-13,2,-14,2,-13,3,-14,3,-14,3,-14,4,-14,4]"
2025-08-18 23:01:15.795332,CSI_DATA,1194,1a:00:00:00:00:00,-38,11,0,0,0,0,0,0,0,0,0,-92,0,1,0,203153072,0,31,0,128,0,"[0,0,-14,-8,-13,-8,-13,-8,-13,-7,-13,-7,-13,-7,-12,-6,-12,-6,-12,-5,-12,-5,-13,-4,-13,-4,-13,-3,-13,-3,-13,-3,-14,-3,-14,-3,-14,-3,-14,-3,-14,-4,-14,-4,-13,-5,-12,-5,-12,-5,-11,-6,-11,-6,0,0,0,0,0,0,0,0,0,0,0,0,0,0,0,0,0,0,0,0,0,0,-10,-5,-10,-6,-10,-7,-10,-8,-10,-8,-10,-9,-10,-10,-10,-10,-9,-10,-9,-10,-9,-10,-8,-10,-9,-10,-9,-10,-9,-10,-9,-9,-10,-9,-10,-8,-11,-9,-11,-9,-11,-8,-12,-8,-12,-8,-13,-8,-13,-8,-13,-8]"
2025-08-18 23:01:15.988497,CSI_DATA,1195,1a:00:00:00:00:00,-38,11,0,0,0,0,0,0,0,0,0,-92,0,1,0,203354226,0,31,0,128,0,"[0,0,14,1,14,0,14,0,14,0,13,0,13,0,13,-1,13,-1,12,-2,12,-3,12,-3,12,-3,12,-4,12,-4,12,-4,12,-4,13,-4,13,-4,13,-4,13,-3,13,-3,12,-2,12,-2,12,-1,11,-1,11,0,0,0,0,0,0,0,0,0,0,0,0,0,0,0,0,0,0,0,0,0,0,0,10,-1,11,0,11,1,11,1,12,2,12,3,12,3,12,4,12,4,11,5,11,5,11,5,11,4,11,4,11,4,11,4,11,3,12,2,12,2,12,2,13,1,13,1,14,1,14,1,14,1,14,0]"
2025-08-18 23:01:16.197889,CSI_DATA,1196,1a:00:00:00:00:00,-38,11,0,0,0,0,0,0,0,0,0,-92,0,1,0,203555344,0,31,0,128,0,"[0,0,-5,-15,-6,-15,-6,-14,-6,-14,-6,-14,-6,-14,-7,-13,-7,-13,-7,-12,-7,-12,-8,-11,-8,-11,-9,-11,-9,-11,-9,-11,-10,-11,-10,-11,-9,-11,-10,-11,-9,-12,-8,-12,-8,-12,-7,-12,-6,-12,-6,-12,-5,-12,0,0,0,0,0,0,0,0,0,0,0,0,0,0,0,0,0,0,0,0,0,0,-5,-11,-5,-11,-4,-12,-3,-12,-3,-13,-3,-13,-2,-14,-2,-14,-1,-14,-1,-14,0,-14,0,-14,0,-14,-1,-13,-1,-13,-2,-13,-2,-13,-3,-14,-3,-13,-4,-14,-4,-14,-5,-14,-5,-14,-5,-15,-5,-15,-5,-15]"
2025-08-18 23:01:16.407660,CSI_DATA,1197,1a:00:00:00:00:00,-38,11,0,0,0,0,0,0,0,0,0,-92,0,1,0,203756742,0,31,0,128,0,"[0,0,11,-9,11,-9,11,-9,11,-9,10,-9,10,-9,10,-9,9,-10,8,-10,8,-10,7,-11,7,-11,7,-11,7,-11,7,-11,7,-11,7,-12,7,-12,8,-11,8,-11,8,-11,8,-10,8,-10,8,-9,8,-8,9,-8,0,0,0,0,0,0,0,0,0,0,0,0,0,0,0,0,0,0,0,0,0,0,7,-8,8,-8,9,-7,10,-7,10,-7,11,-6,12,-5,12,-5,12,-5,12,-5,12,-5,12,-4,11,-5,11,-5,11,-5,11,-5,11,-5,11,-6,11,-7,11,-7,11,-7,11,-8,11,-9,11,-9,11,-9,11,-9]"
2025-08-18 23:01:16.596370,CSI_DATA,1198,1a:00:00:00:00:00,-38,11,0,0,0,0,0,0,0,0,0,-92,0,1,0,203957809,0,31,0,128,0,"[0,0,2,-15,1,-15,1,-15,1,-15,1,-15,1,-14,0,-14,0,-14,-1,-13,-1,-13,-2,-13,-2,-13,-2,-13,-3,-13,-3,-13,-3,-13,-3,-14,-3,-14,-2,-14,-2,-14,-1,-14,-1,-14,0,-13,0,-13,1,-12,2,-12,0,0,0,0,0,0,0,0,0,0,0,0,0,0,0,0,0,0,0,0,0,0,-1,-11,0,-12,1,-12,2,-12,2,-13,3,-13,4,-13,4,-13,4,-13,5,-12,5,-12,5,-12,5,-12,5,-12,4,-12,4,-12,3,-12,3,-13,3,-13,2,-13,2,-14,2,-14,2,-14,2,-15,2,-15,2,-15]"
2025-08-18 23:01:16.796089,CSI_DATA,1199,1a:00:00:00:00:00,-38,11,0,0,0,0,0,0,0,0,0,-92,0,1,0,204158972,0,31,0,128,0,"[0,0,-14,6,-13,6,-14,6,-13,6,-13,6,-13,6,-12,6,-11,7,-11,7,-10,7,-10,7,-10,8,-10,8,-10,8,-10,8,-10,9,-10,9,-10,9,-11,9,-11,8,-11,8,-11,7,-11,6,-11,6,-11,5,-11,4,0,0,0,0,0,0,0,0,0,0,0,0,0,0,0,0,0,0,0,0,0,0,-9,6,-10,5,-11,5,-12,4,-12,4,-13,4,-13,3,-13,3,-13,2,-13,2,-13,2,-13,1,-13,2,-13,2,-13,2,-12,2,-13,3,-12,3,-13,4,-13,4,-13,5,-13,5,-13,6,-13,6,-13,6,-13,6]"
2025-08-18 23:01:16.996012,CSI_DATA,1200,1a:00:00:00:00:00,-38,11,0,0,0,0,0,0,0,0,0,-92,0,1,0,204360218,0,31,0,128,0,"[0,0,-3,15,-3,14,-3,15,-2,13,-2,14,-2,13,-1,13,-1,13,0,13,0,12,1,12,1,12,1,13,2,13,2,12,2,13,2,13,2,14,2,14,1,13,0,13,0,13,-1,12,-1,12,-2,11,-2,12,0,0,0,0,0,0,0,0,0,0,0,0,0,0,0,0,0,0,0,0,0,0,-1,10,-1,11,-2,11,-3,12,-4,11,-5,12,-5,12,-6,12,-6,12,-6,11,-7,11,-7,11,-6,11,-6,11,-6,11,-5,11,-5,12,-4,11,-4,13,-4,13,-4,13,-3,14,-3,13,-3,14,-3,14,-3,14]"
2025-08-18 23:01:17.192143,CSI_DATA,1201,1a:00:00:00:00:00,-38,11,0,0,0,0,0,0,0,0,0,-92,0,1,0,204561352,0,31,0,128,0,"[0,0,12,9,12,8,11,8,11,7,12,7,11,7,11,7,11,6,11,5,12,4,12,4,12,3,12,3,12,3,13,3,13,3,13,3,13,4,13,4,13,4,12,5,12,5,11,6,11,6,10,6,10,6,0,0,0,0,0,0,0,0,0,0,0,0,0,0,0,0,0,0,0,0,0,0,9,5,9,6,9,7,9,7,9,8,9,9,8,9,8,10,8,10,8,10,7,10,7,10,7,10,7,9,7,9,7,9,8,9,9,8,9,8,10,8,10,8,10,8,11,8,12,8,12,8,12,8]"
2025-08-18 23:01:17.252722,CSI_DATA,1202,1a:00:00:00:00:00,-38,11,0,0,0,0,0,0,0,0,0,-92,0,1,0,204622101,0,42,0,128,0,"[0,0,13,6,12,6,12,6,12,5,12,5,12,5,12,5,12,4,12,3,12,3,12,2,12,2,12,1,12,1,13,1,12,1,13,1,13,1,13,2,13,2,13,3,12,3,12,4,11,4,11,4,10,5,0,0,0,0,0,0,0,0,0,0,0,0,0,0,0,0,0,0,0,0,0,0,10,3,10,4,10,5,10,5,10,6,10,7,9,8,9,8,9,8,9,9,8,8,8,8,9,8,8,8,9,8,9,7,9,7,10,6,10,6,11,6,11,6,11,6,12,6,12,6,13,6,13,6]"
2025-08-18 23:01:17.335958,CSI_DATA,1203,1a:00:00:00:00:00,-38,11,0,0,0,0,0,0,0,0,0,-92,0,1,0,204693350,0,31,0,128,0,"[0,0,-15,-6,-14,-6,-14,-6,-14,-6,-14,-5,-14,-5,-14,-4,-13,-3,-13,-3,-13,-2,-13,-2,-13,-2,-13,-2,-14,-1,-14,-1,-14,-1,-14,-1,-14,-1,-15,-1,-14,-2,-14,-2,-14,-3,-13,-3,-13,-4,-12,-4,-12,-4,0,0,0,0,0,0,0,0,0,0,0,0,0,0,0,0,0,0,0,0,0,0,-11,-4,-11,-4,-11,-5,-11,-6,-11,-7,-12,-7,-11,-8,-11,-8,-11,-9,-11,-9,-10,-9,-10,-9,-10,-9,-10,-9,-11,-8,-10,-8,-11,-7,-11,-7,-12,-7,-13,-7,-13,-6,-13,-6,-14,-5,-14,-6,-14,-6,-15,-6]"
2025-08-18 23:01:17.535656,CSI_DATA,1204,1a:00:00:00:00:00,-38,11,0,0,0,0,0,0,0,0,0,-92,0,1,0,204894318,0,31,0,128,0,"[0,0,-15,-4,-15,-3,-14,-3,-14,-3,-14,-3,-14,-3,-14,-2,-13,-2,-13,-1,-14,0,-13,0,-13,1,-13,1,-13,1,-14,2,-13,2,-14,1,-14,1,-14,1,-14,0,-14,0,-13,-1,-13,-1,-13,-1,-12,-2,-12,-3,0,0,0,0,0,0,0,0,0,0,0,0,0,0,0,0,0,0,0,0,0,0,-11,-1,-11,-2,-12,-3,-12,-4,-12,-5,-12,-5,-12,-6,-12,-6,-12,-7,-12,-7,-12,-7,-11,-7,-11,-7,-11,-6,-11,-6,-12,-6,-12,-5,-12,-5,-12,-4,-13,-5,-13,-4,-14,-4,-15,-4,-14,-3,-14,-3,-15,-3]"
2025-08-18 23:01:17.942025,CSI_DATA,1205,1a:00:00:00:00:00,-38,11,0,0,0,0,0,0,0,0,0,-92,0,1,0,205095416,0,31,0,128,0,"[0,0,13,-7,12,-7,12,-7,12,-7,11,-7,11,-7,10,-8,10,-8,10,-8,9,-9,9,-9,8,-9,8,-9,8,-10,8,-10,8,-10,9,-10,9,-10,9,-10,9,-10,10,-9,10,-9,10,-8,9,-7,10,-6,10,-6,0,0,0,0,0,0,0,0,0,0,0,0,0,0,0,0,0,0,0,0,0,0,9,-6,9,-6,10,-5,10,-5,11,-5,12,-4,12,-3,12,-3,12,-3,12,-2,12,-2,12,-2,12,-2,12,-2,11,-3,11,-3,11,-4,11,-4,11,-5,12,-5,12,-5,12,-6,12,-6,12,-7,12,-7,13,-7]"
2025-08-18 23:01:17.948320,CSI_DATA,1206,1a:00:00:00:00:00,-38,11,0,0,0,0,0,0,0,0,0,-92,0,1,0,205296660,0,31,0,128,0,"[0,0,-15,-1,-15,-1,-15,0,-14,0,-14,0,-14,0,-14,1,-13,1,-13,2,-13,2,-13,2,-13,3,-13,3,-13,3,-13,4,-13,4,-13,4,-13,4,-14,4,-13,3,-14,2,-13,2,-13,1,-13,1,-12,0,-12,-1,0,0,0,0,0,0,0,0,0,0,0,0,0,0,0,0,0,0,0,0,0,0,-11,1,-12,0,-12,0,-13,-1,-13,-2,-13,-3,-13,-3,-13,-4,-13,-4,-13,-5,-13,-5,-13,-5,-12,-5,-12,-4,-12,-4,-12,-3,-13,-3,-13,-2,-13,-2,-14,-2,-14,-1,-14,-1,-15,-1,-15,-1,-15,-1,-15,-1]"
2025-08-18 23:01:18.134811,CSI_DATA,1207,1a:00:00:00:00:00,-38,11,0,0,0,0,0,0,0,0,0,-92,0,1,0,205497795,0,31,0,128,0,"[0,0,-10,10,-10,10,-10,10,-9,10,-9,10,-9,10,-8,10,-8,10,-7,10,-7,10,-6,10,-6,11,-6,11,-5,11,-5,11,-5,11,-6,11,-6,12,-6,11,-6,11,-7,11,-7,10,-7,10,-8,9,-8,8,-8,8,0,0,0,0,0,0,0,0,0,0,0,0,0,0,0,0,0,0,0,0,0,0,-6,8,-7,8,-8,8,-9,8,-10,8,-10,7,-11,7,-11,7,-11,6,-12,6,-11,6,-11,6,-11,6,-11,6,-10,6,-10,6,-10,7,-10,7,-10,8,-10,8,-10,8,-10,9,-10,10,-10,10,-10,10,-10,10]"
2025-08-18 23:01:18.336675,CSI_DATA,1208,1a:00:00:00:00:00,-38,11,0,0,0,0,0,0,0,0,0,-92,0,1,0,205698931,0,31,0,128,0,"[0,0,-15,4,-14,4,-14,4,-14,4,-13,4,-13,4,-13,5,-12,5,-12,5,-12,6,-11,6,-11,7,-11,7,-11,7,-11,7,-11,7,-11,7,-11,7,-12,7,-12,7,-12,6,-12,6,-12,5,-12,4,-12,4,-12,3,0,0,0,0,0,0,0,0,0,0,0,0,0,0,0,0,0,0,0,0,0,0,-10,4,-11,4,-11,3,-12,3,-13,2,-13,2,-14,1,-13,0,-13,0,-14,0,-13,0,-13,-1,-13,0,-13,0,-13,0,-13,0,-13,1,-13,2,-13,2,-13,2,-14,3,-14,3,-14,3,-14,4,-14,4,-14,4]"
2025-08-18 23:01:18.738318,CSI_DATA,1209,1a:00:00:00:00:00,-38,11,0,0,0,0,0,0,0,0,0,-92,0,1,0,205900089,0,31,0,128,0,"[0,0,-14,6,-14,6,-13,6,-13,6,-12,7,-12,6,-11,6,-11,7,-10,7,-10,8,-10,9,-9,9,-9,8,-8,9,-9,9,-9,9,-9,9,-10,10,-9,9,-10,9,-11,8,-11,8,-11,7,-10,6,-11,5,-10,5,0,0,0,0,0,0,0,0,0,0,0,0,0,0,0,0,0,0,0,0,0,0,-9,6,-10,6,-11,5,-11,5,-12,4,-12,4,-13,3,-13,3,-13,3,-13,2,-13,2,-13,2,-13,2,-12,2,-12,3,-12,3,-12,3,-12,4,-12,4,-12,5,-12,4,-13,6,-13,6,-12,7,-13,7,-13,6]"
2025-08-18 23:01:18.743530,CSI_DATA,1210,1a:00:00:00:00:00,-38,11,0,0,0,0,0,0,0,0,0,-92,0,1,0,206101461,0,31,0,128,0,"[0,0,-14,6,-13,6,-13,6,-13,6,-13,6,-12,7,-12,7,-11,7,-11,7,-10,7,-10,8,-9,8,-10,8,-9,9,-9,9,-10,9,-9,9,-10,9,-10,9,-10,8,-11,8,-11,7,-11,7,-11,7,-11,6,-11,5,0,0,0,0,0,0,0,0,0,0,0,0,0,0,0,0,0,0,0,0,0,0,-9,6,-10,5,-11,5,-12,4,-12,4,-13,3,-13,3,-13,2,-13,2,-13,2,-13,2,-13,1,-13,2,-13,2,-13,2,-12,2,-13,3,-12,3,-13,4,-13,4,-13,5,-13,5,-13,5,-13,6,-13,6,-14,6]"
2025-08-18 23:01:18.798047,CSI_DATA,1211,1a:00:00:00:00:00,-38,11,0,0,0,0,0,0,0,0,0,-92,0,1,0,206162752,0,42,0,128,0,"[0,0,-2,15,-2,14,-2,14,-2,14,-1,13,-1,13,-1,13,0,13,0,12,1,13,1,12,1,12,2,12,2,12,2,13,2,12,2,13,2,13,2,13,1,13,1,13,0,13,-1,13,-1,12,-2,12,-2,11,0,0,0,0,0,0,0,0,0,0,0,0,0,0,0,0,0,0,0,0,0,0,0,11,-1,11,-1,11,-2,11,-3,12,-4,12,-4,12,-5,12,-5,12,-6,12,-6,11,-6,11,-6,11,-5,11,-5,11,-5,11,-4,11,-4,12,-3,12,-3,13,-3,13,-2,13,-2,14,-2,14,-2,14,-2,14]"
2025-08-18 23:01:18.867942,CSI_DATA,1212,1a:00:00:00:00:00,-38,11,0,0,0,0,0,0,0,0,0,-92,0,1,0,206225861,0,31,0,128,0,"[0,0,-14,-6,-14,-6,-14,-6,-14,-6,-13,-5,-13,-5,-13,-4,-13,-4,-13,-3,-13,-2,-13,-2,-13,-1,-13,-1,-13,-1,-14,-1,-14,-1,-14,-1,-14,-1,-14,-2,-14,-2,-14,-2,-13,-3,-13,-3,-12,-4,-12,-4,-11,-5,0,0,0,0,0,0,0,0,0,0,0,0,0,0,0,0,0,0,0,0,0,0,-11,-3,-11,-4,-11,-5,-11,-6,-11,-6,-11,-7,-11,-8,-11,-8,-11,-9,-11,-9,-10,-9,-10,-9,-10,-8,-10,-8,-10,-8,-10,-8,-11,-8,-12,-7,-12,-7,-12,-7,-13,-6,-13,-6,-13,-6,-14,-6,-14,-6,-14,-6]"
2025-08-18 23:01:19.065062,CSI_DATA,1213,1a:00:00:00:00:00,-38,11,0,0,0,0,0,0,0,0,0,-92,0,1,0,206427231,0,31,0,128,0,"[0,0,-15,3,-15,3,-15,3,-14,3,-14,4,-14,4,-13,4,-13,4,-12,5,-12,5,-12,5,-12,6,-12,6,-11,7,-11,7,-12,7,-12,7,-12,7,-12,7,-13,6,-13,6,-12,5,-12,4,-12,4,-12,3,-12,2,0,0,0,0,0,0,0,0,0,0,0,0,0,0,0,0,0,0,0,0,0,0,-11,3,-11,2,-12,2,-13,1,-13,1,-14,0,-14,-1,-14,-1,-14,-1,-13,-2,-13,-2,-13,-2,-13,-2,-13,-2,-13,-1,-13,-1,-13,0,-13,0,-14,1,-14,1,-14,2,-14,2,-14,2,-15,3,-15,2,-15,3]"
2025-08-18 23:01:19.271928,CSI_DATA,1214,1a:00:00:00:00:00,-38,11,0,0,0,0,0,0,0,0,0,-92,0,1,0,206628144,0,31,0,128,0,"[0,0,-13,-8,-13,-8,-13,-8,-12,-8,-13,-7,-12,-7,-12,-7,-12,-6,-12,-6,-12,-5,-12,-4,-13,-4,-13,-4,-13,-3,-13,-3,-13,-4,-13,-4,-14,-4,-14,-4,-13,-5,-13,-5,-12,-6,-12,-6,-12,-6,-11,-6,-10,-7,0,0,0,0,0,0,0,0,0,0,0,0,0,0,0,0,0,0,0,0,0,0,-11,-5,-11,-6,-10,-6,-10,-7,-10,-8,-10,-9,-10,-9,-10,-10,-9,-10,-9,-10,-9,-10,-9,-10,-9,-10,-9,-10,-9,-9,-9,-9,-10,-9,-10,-8,-10,-8,-11,-8,-11,-8,-12,-8,-12,-8,-13,-8,-13,-8,-13,-8]"
2025-08-18 23:01:19.477508,CSI_DATA,1215,1a:00:00:00:00:00,-38,11,0,0,0,0,0,0,0,0,0,-92,0,1,0,206829549,0,31,0,128,0,"[0,0,-14,6,-14,6,-14,6,-13,6,-13,7,-13,6,-12,6,-11,6,-11,7,-11,7,-10,8,-10,8,-10,8,-10,9,-10,9,-10,9,-10,9,-11,9,-11,9,-11,8,-11,7,-11,7,-11,6,-11,6,-11,5,-12,4,0,0,0,0,0,0,0,0,0,0,0,0,0,0,0,0,0,0,0,0,0,0,-9,6,-10,5,-11,5,-12,5,-12,4,-13,4,-13,3,-13,2,-13,2,-13,2,-13,2,-13,2,-13,2,-13,2,-13,2,-12,2,-13,3,-12,3,-13,4,-13,4,-13,5,-13,5,-13,5,-13,6,-14,6,-14,6]"
2025-08-18 23:01:19.663905,CSI_DATA,1216,1a:00:00:00:00:00,-38,11,0,0,0,0,0,0,0,0,0,-92,0,1,0,207030478,0,31,0,128,0,"[0,0,2,15,2,14,2,14,3,14,3,14,3,13,3,13,4,12,4,12,5,11,5,11,6,11,6,11,6,11,6,11,6,11,6,12,6,12,6,12,5,12,5,12,4,12,3,12,3,12,2,11,2,11,0,0,0,0,0,0,0,0,0,0,0,0,0,0,0,0,0,0,0,0,0,0,3,10,3,11,2,11,1,12,1,12,0,13,-1,13,-1,13,-2,13,-2,13,-2,13,-2,12,-2,12,-2,12,-1,12,-1,12,-1,12,0,12,0,13,1,13,1,13,2,13,2,14,2,14,2,14,3,14]"
2025-08-18 23:01:19.873417,CSI_DATA,1217,1a:00:00:00:00:00,-38,11,0,0,0,0,0,0,0,0,0,-92,0,1,0,207232132,0,31,0,128,0,"[0,0,-15,-5,-14,-4,-15,-4,-14,-4,-14,-4,-14,-4,-13,-3,-13,-2,-13,-2,-13,-1,-13,-1,-13,0,-13,0,-13,0,-13,0,-14,1,-13,1,-14,0,-14,0,-14,-1,-14,-1,-13,-1,-13,-2,-12,-2,-12,-2,-12,-3,0,0,0,0,0,0,0,0,0,0,0,0,0,0,0,0,0,0,0,0,0,0,-11,-2,-11,-3,-11,-4,-12,-5,-12,-5,-12,-6,-11,-7,-11,-7,-11,-8,-11,-8,-11,-8,-11,-8,-11,-7,-11,-7,-11,-7,-11,-7,-12,-6,-12,-6,-12,-6,-12,-5,-13,-5,-13,-5,-13,-5,-14,-4,-14,-4,-15,-4]"
2025-08-18 23:01:20.070748,CSI_DATA,1218,1a:00:00:00:00:00,-38,11,0,0,0,0,0,0,0,0,0,-92,0,1,0,207432997,0,31,0,128,0,"[0,0,3,-14,3,-15,3,-14,3,-14,2,-14,2,-14,2,-14,1,-14,1,-13,0,-13,-1,-13,-1,-13,-1,-13,-2,-13,-2,-13,-2,-14,-2,-14,-1,-13,-1,-14,-1,-14,0,-14,0,-13,1,-13,1,-13,2,-12,2,-12,0,0,0,0,0,0,0,0,0,0,0,0,0,0,0,0,0,0,0,0,0,0,0,-11,1,-12,2,-12,3,-12,4,-12,4,-12,5,-12,6,-12,6,-12,6,-12,6,-11,6,-11,6,-11,6,-11,5,-11,5,-11,5,-12,4,-12,4,-13,4,-13,3,-13,3,-14,3,-14,3,-14,3,-15,3,-15]"
2025-08-18 23:01:20.266235,CSI_DATA,1219,1a:00:00:00:00:00,-38,11,0,0,0,0,0,0,0,0,0,-92,0,1,0,207634121,0,31,0,128,0,"[0,0,5,14,4,13,4,13,5,13,5,13,5,12,5,12,6,11,6,11,6,10,7,10,7,10,7,10,8,10,8,10,8,10,8,10,8,10,8,11,7,11,7,11,6,11,5,11,5,11,4,11,4,11,0,0,0,0,0,0,0,0,0,0,0,0,0,0,0,0,0,0,0,0,0,0,5,9,4,10,4,11,3,11,3,12,2,12,1,13,1,13,0,13,0,13,0,12,0,13,0,12,0,12,1,12,1,12,1,12,2,12,2,12,3,12,3,13,3,13,4,13,5,13,5,14,5,14]"
2025-08-18 23:01:20.340796,CSI_DATA,1220,1a:00:00:00:00:00,-38,11,0,0,0,0,0,0,0,0,0,-92,0,1,0,207694927,0,42,0,128,0,"[0,0,5,14,6,13,5,13,6,13,6,12,6,12,6,11,6,11,7,10,7,10,7,10,8,9,8,9,9,9,9,9,9,9,9,9,9,10,8,10,8,10,8,10,7,11,6,11,6,10,5,10,4,11,0,0,0,0,0,0,0,0,0,0,0,0,0,0,0,0,0,0,0,0,0,0,6,9,5,9,5,10,4,11,4,11,3,12,3,12,2,12,2,13,1,13,1,12,1,12,1,12,2,12,2,12,2,12,2,12,3,12,4,12,4,12,4,12,5,12,5,13,6,13,6,13,6,13]"
2025-08-18 23:01:20.397303,CSI_DATA,1221,1a:00:00:00:00:00,-38,11,0,0,0,0,0,0,0,0,0,-92,0,1,0,207764445,0,31,0,128,0,"[0,0,15,2,14,2,14,2,13,2,14,1,13,1,13,0,13,0,13,-1,12,-2,12,-2,12,-2,12,-3,13,-3,12,-3,13,-3,12,-3,13,-3,13,-3,13,-3,13,-2,13,-1,12,-1,12,0,12,0,12,1,0,0,0,0,0,0,0,0,0,0,0,0,0,0,0,0,0,0,0,0,0,0,10,0,11,1,11,2,11,3,11,3,12,4,12,4,12,5,11,5,11,6,11,6,11,6,11,6,11,6,11,5,10,4,11,4,11,4,12,3,12,3,13,2,13,2,13,2,14,2,14,3,15,2]"
2025-08-18 23:01:20.603507,CSI_DATA,1222,1a:00:00:00:00:00,-38,11,0,0,0,0,0,0,0,0,0,-92,0,1,0,207965220,0,31,0,128,0,"[0,0,2,-15,1,-15,2,-15,1,-15,1,-15,1,-14,0,-14,0,-14,-1,-14,-1,-13,-2,-13,-2,-13,-3,-14,-3,-14,-3,-13,-3,-14,-3,-14,-3,-14,-3,-14,-2,-14,-2,-14,-1,-14,0,-14,0,-13,1,-13,1,-12,0,0,0,0,0,0,0,0,0,0,0,0,0,0,0,0,0,0,0,0,0,0,0,-12,0,-12,1,-12,2,-13,3,-13,4,-13,4,-13,5,-13,5,-13,5,-12,6,-12,6,-12,6,-12,5,-12,5,-12,4,-12,4,-12,3,-13,3,-13,3,-13,3,-14,2,-14,2,-15,2,-15,2,-15,2,-15]"
2025-08-18 23:01:20.800989,CSI_DATA,1223,1a:00:00:00:00:00,-38,11,0,0,0,0,0,0,0,0,0,-92,0,1,0,208166989,0,31,0,128,0,"[0,0,-1,15,0,14,0,14,0,14,1,13,0,13,1,13,1,13,2,12,3,12,3,12,4,12,4,12,4,12,4,12,4,12,4,12,4,12,4,12,3,13,3,12,2,13,2,12,1,12,1,11,0,11,0,0,0,0,0,0,0,0,0,0,0,0,0,0,0,0,0,0,0,0,0,0,1,10,0,11,0,12,-1,12,-1,12,-2,12,-3,13,-4,12,-4,12,-4,12,-4,12,-4,12,-4,12,-4,12,-4,12,-3,12,-3,12,-2,12,-2,12,-2,13,-1,13,-1,13,-1,14,0,14,0,14,0,14]"
2025-08-18 23:01:21.004562,CSI_DATA,1224,1a:00:00:00:00:00,-38,11,0,0,0,0,0,0,0,0,0,-92,0,1,0,208368244,0,31,0,128,0,"[0,0,-8,12,-8,12,-8,12,-7,12,-7,12,-7,12,-6,11,-6,11,-5,11,-5,11,-4,12,-4,12,-3,12,-3,12,-3,12,-3,12,-3,12,-3,12,-4,13,-4,12,-5,12,-5,12,-5,11,-6,11,-6,10,-7,9,0,0,0,0,0,0,0,0,0,0,0,0,0,0,0,0,0,0,0,0,0,0,-5,9,-6,9,-7,9,-7,9,-8,9,-9,9,-10,9,-10,8,-10,8,-10,8,-10,8,-10,8,-10,8,-10,8,-9,8,-9,8,-9,8,-9,9,-9,9,-8,10,-8,10,-8,11,-8,11,-8,12,-8,12,-8,12]"
2025-08-18 23:01:21.219613,CSI_DATA,1225,1a:00:00:00:00:00,-38,11,0,0,0,0,0,0,0,0,0,-92,0,1,0,208571381,0,31,0,128,0,"[0,0,-15,-6,-14,-6,-14,-6,-14,-5,-14,-5,-14,-5,-14,-4,-13,-4,-13,-3,-13,-2,-13,-2,-13,-1,-13,-1,-14,-1,-14,-1,-14,-1,-14,-1,-14,-1,-15,-1,-14,-1,-14,-2,-14,-3,-13,-3,-13,-3,-12,-4,-12,-4,0,0,0,0,0,0,0,0,0,0,0,0,0,0,0,0,0,0,0,0,0,0,-11,-4,-11,-5,-11,-6,-12,-7,-11,-7,-12,-8,-11,-9,-11,-9,-11,-9,-10,-9,-10,-10,-10,-9,-10,-9,-10,-9,-10,-9,-11,-8,-11,-8,-11,-7,-12,-7,-12,-7,-13,-7,-13,-7,-14,-6,-14,-6,-14,-6,-15,-6]"
2025-08-18 23:01:21.406375,CSI_DATA,1226,1a:00:00:00:00:00,-38,11,0,0,0,0,0,0,0,0,0,-92,0,1,0,208770473,0,31,0,128,0,"[0,0,12,-7,12,-7,12,-7,11,-7,11,-7,11,-7,10,-8,10,-8,9,-8,9,-8,9,-9,8,-9,8,-9,8,-10,8,-10,8,-10,8,-10,9,-10,9,-10,9,-9,9,-9,9,-8,9,-8,9,-7,9,-6,9,-6,0,0,0,0,0,0,0,0,0,0,0,0,0,0,0,0,0,0,0,0,0,0,8,-6,9,-6,9,-6,10,-5,11,-5,11,-4,12,-4,12,-3,12,-3,12,-3,12,-2,12,-2,12,-2,11,-3,11,-3,11,-3,11,-4,11,-4,11,-5,11,-5,11,-5,11,-6,11,-6,12,-7,12,-7,12,-7]"
2025-08-18 23:01:21.814242,CSI_DATA,1227,1a:00:00:00:00:00,-38,11,0,0,0,0,0,0,0,0,0,-92,0,1,0,208971637,0,31,0,128,0,"[0,0,-12,10,-11,9,-11,9,-11,9,-10,9,-10,9,-10,9,-9,9,-8,10,-8,10,-7,10,-7,10,-7,10,-6,11,-7,11,-7,11,-7,11,-7,11,-7,11,-8,11,-8,10,-8,10,-9,9,-9,9,-9,8,-9,7,0,0,0,0,0,0,0,0,0,0,0,0,0,0,0,0,0,0,0,0,0,0,-8,8,-8,8,-9,7,-10,7,-11,7,-11,6,-12,6,-12,6,-12,5,-12,5,-12,5,-12,5,-12,5,-12,5,-12,5,-12,5,-11,6,-11,7,-11,7,-11,7,-11,8,-11,8,-11,9,-11,9,-11,9,-11,9]"
2025-08-18 23:01:21.821446,CSI_DATA,1228,1a:00:00:00:00:00,-38,11,0,0,0,0,0,0,0,0,0,-92,0,1,0,209172759,0,31,0,128,0,"[0,0,-9,-12,-10,-12,-10,-12,-10,-11,-10,-11,-9,-11,-9,-10,-10,-10,-10,-9,-10,-8,-11,-8,-11,-8,-11,-8,-11,-7,-12,-7,-12,-7,-12,-8,-12,-8,-12,-8,-11,-8,-11,-9,-10,-9,-10,-9,-9,-9,-9,-9,-8,-10,0,0,0,0,0,0,0,0,0,0,0,0,0,0,0,0,0,0,0,0,0,0,-8,-8,-8,-9,-8,-10,-7,-10,-7,-11,-7,-12,-6,-12,-6,-13,-5,-13,-5,-13,-5,-13,-4,-12,-5,-12,-5,-12,-5,-12,-5,-12,-6,-12,-7,-12,-7,-12,-7,-12,-8,-12,-8,-12,-9,-12,-9,-12,-9,-12,-9,-12]"
2025-08-18 23:01:21.878960,CSI_DATA,1229,1a:00:00:00:00:00,-38,11,0,0,0,0,0,0,0,0,0,-92,0,1,0,209233611,0,42,0,128,0,"[0,0,-12,-10,-12,-9,-12,-9,-12,-9,-12,-9,-12,-8,-11,-8,-12,-7,-12,-7,-12,-6,-12,-6,-12,-5,-12,-5,-13,-5,-12,-5,-13,-5,-13,-5,-13,-5,-13,-6,-12,-6,-12,-6,-12,-7,-11,-7,-11,-7,-10,-7,-10,-8,0,0,0,0,0,0,0,0,0,0,0,0,0,0,0,0,0,0,0,0,0,0,-10,-5,-10,-6,-10,-7,-10,-8,-10,-8,-10,-10,-9,-10,-9,-10,-8,-11,-8,-11,-8,-11,-8,-11,-8,-11,-8,-10,-8,-10,-8,-10,-9,-10,-9,-9,-10,-10,-10,-10,-11,-9,-11,-9,-11,-9,-12,-9,-12,-9,-12,-9]"
2025-08-18 23:01:21.936238,CSI_DATA,1230,1a:00:00:00:00:00,-38,11,0,0,0,0,0,0,0,0,0,-92,0,1,0,209299344,0,31,0,128,0,"[0,0,-6,14,-5,13,-5,14,-5,13,-5,14,-5,13,-4,13,-3,13,-3,12,-2,12,-2,12,-1,12,-1,13,-1,13,-1,13,-1,13,-1,13,-1,14,-1,14,-2,13,-2,13,-3,13,-3,12,-3,12,-4,11,-4,11,0,0,0,0,0,0,0,0,0,0,0,0,0,0,0,0,0,0,0,0,0,0,-3,10,-4,11,-4,11,-5,11,-6,11,-7,11,-8,11,-8,11,-9,11,-9,10,-8,10,-8,10,-8,10,-8,10,-8,11,-7,10,-7,11,-7,11,-6,11,-6,12,-6,12,-6,13,-6,13,-5,13,-6,14,-5,14]"
2025-08-18 23:01:22.335467,CSI_DATA,1231,1a:00:00:00:00:00,-38,11,0,0,0,0,0,0,0,0,0,-92,0,1,0,209500718,0,31,0,128,0,"[0,0,12,8,12,7,11,7,12,7,11,6,11,6,11,6,11,5,11,5,12,4,11,3,12,3,12,3,12,3,12,2,12,2,12,3,12,3,12,3,12,4,12,4,11,4,11,5,10,5,10,5,9,6,0,0,0,0,0,0,0,0,0,0,0,0,0,0,0,0,0,0,0,0,0,0,9,4,9,5,9,5,9,6,10,7,9,8,9,9,9,9,8,9,8,9,8,9,8,9,8,9,8,9,8,8,8,8,8,8,9,8,9,8,10,8,10,7,11,7,11,7,12,7,12,7,12,7]"
2025-08-18 23:01:22.340645,CSI_DATA,1232,1a:00:00:00:00:00,-38,11,0,0,0,0,0,0,0,0,0,-92,0,1,0,209702056,0,31,0,128,0,"[0,0,14,1,14,1,14,1,14,1,13,0,13,0,13,0,13,-1,12,-1,12,-2,12,-2,12,-3,12,-3,12,-3,12,-3,12,-3,12,-3,13,-3,13,-3,13,-2,13,-2,12,-1,12,-1,12,0,11,0,11,1,0,0,0,0,0,0,0,0,0,0,0,0,0,0,0,0,0,0,0,0,0,0,10,-1,11,0,11,1,11,1,12,2,12,2,12,3,12,4,12,4,11,5,11,5,11,5,11,4,11,4,11,4,11,4,11,3,12,2,12,2,12,2,12,2,13,2,13,1,14,1,14,1,14,1]"
2025-08-18 23:01:22.543050,CSI_DATA,1233,1a:00:00:00:00:00,-38,11,0,0,0,0,0,0,0,0,0,-92,0,1,0,209902750,0,31,0,128,0,"[0,0,0,-15,-1,-16,-1,-15,-1,-16,-1,-15,-1,-14,-2,-14,-2,-14,-2,-14,-3,-14,-4,-13,-4,-13,-4,-13,-5,-13,-5,-13,-5,-13,-5,-14,-5,-14,-5,-14,-4,-14,-4,-14,-3,-14,-2,-14,-2,-13,-1,-13,-1,-12,0,0,0,0,0,0,0,0,0,0,0,0,0,0,0,0,0,0,0,0,0,0,-2,-12,-1,-12,0,-13,1,-13,1,-14,2,-13,3,-14,3,-14,3,-13,4,-14,4,-13,4,-13,4,-13,3,-13,3,-13,3,-13,2,-13,2,-14,1,-14,1,-14,1,-14,0,-15,0,-15,-1,-15,0,-16,0,-15]"
2025-08-18 23:01:22.754541,CSI_DATA,1234,1a:00:00:00:00:00,-38,11,0,0,0,0,0,0,0,0,0,-92,0,1,0,210103894,0,31,0,128,0,"[0,0,-7,13,-7,13,-6,12,-6,13,-6,12,-6,12,-5,12,-5,12,-4,12,-3,12,-3,12,-3,12,-2,12,-2,12,-2,13,-2,12,-2,13,-2,13,-3,13,-3,13,-3,12,-4,12,-4,12,-5,11,-5,10,-6,10,0,0,0,0,0,0,0,0,0,0,0,0,0,0,0,0,0,0,0,0,0,0,-4,10,-4,10,-5,10,-6,10,-7,11,-7,10,-8,10,-8,10,-9,10,-9,9,-9,9,-9,8,-9,9,-9,9,-8,9,-8,9,-8,9,-8,10,-7,10,-7,11,-7,11,-7,12,-7,12,-7,13,-7,13,-7,13]"
2025-08-18 23:01:22.945308,CSI_DATA,1235,1a:00:00:00:00:00,-38,11,0,0,0,0,0,0,0,0,0,-92,0,1,0,210305161,0,31,0,128,0,"[0,0,-15,-3,-15,-3,-15,-3,-14,-2,-14,-2,-14,-2,-14,-1,-13,-1,-13,0,-13,0,-13,1,-13,1,-13,1,-13,2,-13,2,-13,2,-13,2,-14,2,-14,2,-14,2,-14,1,-13,1,-13,0,-13,-1,-12,-1,-12,-2,0,0,0,0,0,0,0,0,0,0,0,0,0,0,0,0,0,0,0,0,0,0,-11,-1,-12,-2,-12,-3,-12,-4,-12,-4,-12,-5,-13,-6,-12,-6,-12,-6,-12,-7,-12,-7,-11,-7,-11,-7,-11,-6,-12,-6,-12,-6,-12,-5,-12,-4,-13,-4,-13,-4,-13,-4,-14,-3,-14,-3,-14,-3,-15,-3,-15,-3]"
2025-08-18 23:01:23.142842,CSI_DATA,1236,1a:00:00:00:00:00,-38,11,0,0,0,0,0,0,0,0,0,-92,0,1,0,210506522,0,31,0,128,0,"[0,0,9,-11,9,-12,8,-12,8,-11,8,-12,7,-11,7,-11,6,-12,6,-12,5,-12,5,-12,4,-12,4,-12,4,-12,3,-13,4,-13,3,-13,4,-13,4,-13,5,-13,5,-13,5,-12,5,-12,5,-11,6,-10,6,-10,0,0,0,0,0,0,0,0,0,0,0,0,0,0,0,0,0,0,0,0,0,0,6,-9,7,-9,8,-9,8,-9,9,-9,10,-9,10,-8,10,-8,11,-7,11,-7,11,-7,10,-7,10,-7,10,-7,10,-7,9,-7,9,-8,9,-8,9,-9,9,-9,9,-10,9,-10,9,-11,9,-11,9,-11,9,-12]"
2025-08-18 23:01:23.349208,CSI_DATA,1237,1a:00:00:00:00:00,-38,11,0,0,0,0,0,0,0,0,0,-92,0,1,0,210707555,0,31,0,128,0,"[0,0,-15,-5,-15,-4,-14,-4,-14,-4,-14,-4,-14,-3,-14,-3,-13,-2,-13,-2,-13,-1,-13,-1,-13,0,-13,0,-13,0,-14,1,-13,1,-14,0,-14,0,-14,0,-14,-1,-14,-1,-13,-1,-13,-2,-13,-2,-12,-3,-12,-4,0,0,0,0,0,0,0,0,0,0,0,0,0,0,0,0,0,0,0,0,0,0,-11,-3,-11,-3,-12,-4,-12,-5,-12,-5,-12,-6,-12,-7,-12,-7,-11,-8,-11,-8,-11,-8,-11,-8,-11,-8,-11,-8,-11,-7,-11,-7,-11,-6,-12,-6,-12,-6,-13,-6,-13,-5,-13,-5,-14,-5,-14,-5,-14,-5,-14,-5]"
2025-08-18 23:01:23.416501,CSI_DATA,1238,1a:00:00:00:00:00,-38,11,0,0,0,0,0,0,0,0,0,-92,0,1,0,210768395,0,42,0,128,0,"[0,0,-15,-5,-15,-5,-14,-5,-14,-5,-14,-4,-14,-4,-14,-4,-13,-3,-14,-2,-13,-2,-13,-2,-13,-1,-14,-1,-14,0,-14,0,-14,0,-14,0,-14,0,-15,-1,-14,-1,-14,-1,-14,-2,-13,-3,-13,-3,-12,-3,-12,-4,0,0,0,0,0,0,0,0,0,0,0,0,0,0,0,0,0,0,0,0,0,0,-12,-3,-12,-4,-12,-5,-12,-5,-12,-6,-12,-7,-12,-7,-12,-8,-11,-8,-11,-8,-11,-8,-11,-8,-11,-8,-11,-8,-11,-8,-11,-7,-11,-7,-12,-6,-12,-6,-13,-6,-13,-5,-14,-5,-14,-5,-14,-5,-15,-5,-15,-5]"
2025-08-18 23:01:23.484219,CSI_DATA,1239,1a:00:00:00:00:00,-38,11,0,0,0,0,0,0,0,0,0,-92,0,1,0,210850639,0,31,0,128,0,"[0,0,14,2,14,2,13,2,14,1,13,1,13,1,13,0,12,0,12,-1,12,-1,12,-1,12,-2,12,-2,12,-3,12,-3,12,-3,12,-3,13,-3,13,-2,13,-2,13,-2,12,-1,12,0,12,0,11,1,11,2,0,0,0,0,0,0,0,0,0,0,0,0,0,0,0,0,0,0,0,0,0,0,11,0,11,1,11,1,11,2,12,3,12,3,12,4,12,5,11,5,11,5,11,6,11,6,11,5,11,5,11,5,11,4,11,4,12,3,12,3,12,3,12,3,13,2,13,2,14,2,14,2,14,2]"
2025-08-18 23:01:23.682364,CSI_DATA,1240,1a:00:00:00:00:00,-38,11,0,0,0,0,0,0,0,0,0,-92,0,1,0,211050989,0,31,0,128,0,"[0,0,12,10,11,9,12,8,13,9,9,10,12,6,12,9,13,4,11,4,11,6,10,6,11,3,10,3,10,4,11,3,12,4,12,5,12,4,12,5,11,5,10,6,11,7,9,7,11,5,10,8,9,6,0,0,0,0,0,0,0,0,0,0,0,0,0,0,0,0,0,0,0,0,0,0,9,5,9,5,9,6,9,7,9,8,9,8,8,9,8,10,8,10,7,10,7,10,6,10,7,10,7,10,7,9,7,9,8,9,8,8,9,9,9,8,10,8,10,9,10,9,11,8,10,9,11,9]"
2025-08-18 23:01:23.880582,CSI_DATA,1241,1a:00:00:00:00:00,-38,11,0,0,0,0,0,0,0,0,0,-92,0,1,0,211246280,0,31,0,128,0,"[0,0,15,0,15,-1,14,0,15,-1,14,-1,14,-1,13,-1,13,-2,13,-2,13,-3,13,-3,12,-4,12,-4,12,-4,13,-5,12,-5,13,-5,13,-4,13,-4,13,-4,13,-3,13,-2,13,-2,12,-1,12,-1,12,0,0,0,0,0,0,0,0,0,0,0,0,0,0,0,0,0,0,0,0,0,0,0,11,-2,11,-2,12,-1,12,0,13,1,13,2,13,2,13,3,13,3,13,4,12,4,12,4,12,4,12,3,12,3,12,3,12,2,13,1,13,1,13,1,13,1,14,1,15,0,15,0,14,0,15,-1]"
2025-08-18 23:01:24.088689,CSI_DATA,1242,1a:00:00:00:00:00,-38,11,0,0,0,0,0,0,0,0,0,-92,0,1,0,211447790,0,31,0,128,0,"[0,0,-2,-15,-2,-15,-2,-15,-2,-15,-3,-15,-3,-14,-3,-14,-4,-13,-4,-13,-5,-13,-5,-13,-6,-12,-6,-12,-6,-12,-6,-12,-7,-12,-7,-13,-6,-13,-6,-13,-6,-13,-5,-13,-5,-13,-4,-13,-3,-13,-3,-12,-2,-12,0,0,0,0,0,0,0,0,0,0,0,0,0,0,0,0,0,0,0,0,0,0,-3,-12,-2,-12,-1,-13,-1,-13,0,-13,1,-14,1,-14,2,-14,2,-14,3,-14,3,-13,3,-13,3,-13,3,-13,2,-13,1,-13,1,-13,1,-13,0,-14,0,-14,-1,-14,-1,-14,-1,-15,-1,-15,-1,-15,-2,-15]"
2025-08-18 23:01:24.291447,CSI_DATA,1243,1a:00:00:00:00:00,-37,11,0,0,0,0,0,0,0,0,0,-92,0,1,0,211648858,0,31,0,128,0,"[0,0,-13,-7,-13,-8,-14,-8,-12,-7,-13,-7,-13,-6,-12,-6,-12,-6,-13,-4,-13,-4,-13,-4,-13,-3,-13,-3,-13,-3,-14,-3,-14,-3,-14,-2,-14,-2,-15,-3,-14,-3,-14,-3,-13,-4,-13,-5,-12,-5,-12,-6,-11,-6,0,0,0,0,0,0,0,0,0,0,0,0,0,0,0,0,0,0,0,0,0,0,-11,-5,-11,-6,-11,-7,-10,-7,-10,-8,-11,-9,-10,-9,-10,-9,-10,-10,-10,-10,-9,-11,-9,-10,-9,-10,-9,-9,-9,-10,-9,-9,-10,-9,-10,-8,-11,-8,-11,-8,-12,-8,-12,-8,-13,-8,-13,-8,-13,-8,-13,-8]"
2025-08-18 23:01:24.497542,CSI_DATA,1244,1a:00:00:00:00:00,-38,11,0,0,0,0,0,0,0,0,0,-92,0,1,0,211849925,0,31,0,128,0,"[0,0,14,-2,14,-2,14,-3,14,-3,13,-3,13,-3,13,-3,12,-4,12,-4,12,-5,11,-5,11,-6,11,-6,11,-7,11,-7,11,-7,11,-7,11,-7,12,-7,12,-6,12,-5,12,-5,12,-4,12,-4,11,-3,11,-2,0,0,0,0,0,0,0,0,0,0,0,0,0,0,0,0,0,0,0,0,0,0,10,-3,11,-3,11,-2,12,-1,12,-1,13,0,13,1,13,1,13,2,12,2,12,2,12,2,12,2,12,2,12,1,12,1,12,1,12,0,12,0,13,-1,13,-1,13,-2,14,-2,14,-2,14,-2,14,-3]"
2025-08-18 23:01:24.683827,CSI_DATA,1245,1a:00:00:00:00:00,-38,11,0,0,0,0,0,0,0,0,0,-92,0,1,0,212051072,0,31,0,128,0,"[0,0,14,4,14,3,13,3,14,3,13,2,13,2,13,2,13,1,12,1,12,0,12,0,12,-1,12,-1,12,-2,13,-2,13,-2,13,-2,13,-1,13,-1,13,-1,13,0,12,0,12,1,12,1,11,2,11,2,0,0,0,0,0,0,0,0,0,0,0,0,0,0,0,0,0,0,0,0,0,0,11,0,11,1,11,2,11,3,12,4,12,4,11,5,11,5,11,6,11,6,11,6,11,6,11,6,11,6,11,5,10,5,11,5,11,4,12,4,12,4,12,4,13,3,13,3,14,3,14,3,14,3]"
2025-08-18 23:01:24.888516,CSI_DATA,1246,1a:00:00:00:00:00,-38,11,0,0,0,0,0,0,0,0,0,-92,0,1,0,212252269,0,31,0,128,0,"[0,0,-8,13,-7,13,-7,12,-7,12,-6,13,-6,12,-6,12,-5,12,-5,12,-4,12,-4,12,-3,12,-3,12,-3,12,-3,12,-2,13,-3,13,-3,13,-3,13,-4,13,-4,12,-5,12,-5,11,-5,11,-6,10,-6,10,0,0,0,0,0,0,0,0,0,0,0,0,0,0,0,0,0,0,0,0,0,0,-4,10,-5,10,-6,10,-7,10,-7,10,-8,10,-9,10,-9,10,-10,9,-10,9,-10,9,-10,9,-10,9,-9,9,-9,9,-9,9,-9,9,-8,10,-8,10,-7,11,-7,11,-7,12,-7,12,-7,13,-7,12,-7,13]"
2025-08-18 23:01:24.950342,CSI_DATA,1247,1a:00:00:00:00:00,-38,11,0,0,0,0,0,0,0,0,0,-92,0,1,0,212313052,0,42,0,128,0,"[0,0,-5,14,-5,14,-5,13,-4,13,-4,13,-4,13,-4,13,-3,13,-2,12,-2,12,-1,12,-1,12,-1,12,0,12,0,12,0,12,0,13,0,13,-1,13,-2,13,-2,13,-2,12,-3,12,-3,12,-4,11,-4,10,0,0,0,0,0,0,0,0,0,0,0,0,0,0,0,0,0,0,0,0,0,0,-2,11,-3,11,-3,11,-4,11,-5,12,-6,11,-7,11,-7,11,-7,11,-8,11,-8,10,-8,10,-7,10,-7,10,-7,10,-7,10,-6,11,-6,11,-6,12,-6,12,-5,12,-5,13,-5,13,-5,14,-5,14,-5,14]"
2025-08-18 23:01:25.002721,CSI_DATA,1248,1a:00:00:00:00:00,-38,11,0,0,0,0,0,0,0,0,0,-92,0,1,0,212369330,0,31,0,128,0,"[0,0,14,3,14,2,14,3,14,2,14,2,14,1,13,1,13,0,13,0,13,-1,13,-1,12,-2,12,-2,12,-2,13,-2,13,-3,13,-2,13,-2,14,-2,14,-2,13,-1,13,-1,13,0,12,1,12,1,11,2,0,0,0,0,0,0,0,0,0,0,0,0,0,0,0,0,0,0,0,0,0,0,11,1,11,1,12,2,12,3,12,4,12,5,12,5,12,6,12,6,11,7,11,7,11,7,11,6,11,6,11,6,11,5,11,5,12,4,12,4,12,4,13,4,13,3,14,3,14,3,14,3,14,3]"
2025-08-18 23:01:25.211721,CSI_DATA,1249,1a:00:00:00:00:00,-38,11,0,0,0,0,0,0,0,0,0,-92,0,1,0,212570486,0,31,0,128,0,"[0,0,-2,-15,-3,-16,-3,-15,-3,-15,-3,-14,-3,-14,-3,-14,-4,-13,-4,-13,-5,-13,-5,-12,-6,-12,-6,-12,-6,-12,-7,-12,-7,-12,-7,-13,-6,-12,-6,-13,-6,-13,-5,-13,-5,-13,-4,-13,-4,-12,-3,-12,-2,-12,0,0,0,0,0,0,0,0,0,0,0,0,0,0,0,0,0,0,0,0,0,0,-4,-11,-3,-12,-2,-13,-1,-12,-1,-14,0,-13,1,-14,1,-14,2,-14,2,-14,2,-13,2,-13,2,-13,1,-13,1,-12,1,-13,0,-13,0,-14,-1,-13,-1,-14,-1,-14,-1,-14,-2,-15,-3,-15,-2,-15,-3,-15]"
2025-08-18 23:01:25.412283,CSI_DATA,1250,1a:00:00:00:00:00,-39,11,0,0,0,0,0,0,0,0,0,-92,0,1,0,212771441,0,31,0,128,0,"[0,0,-14,-3,-15,-4,-15,-4,-13,-4,-14,-3,-13,-2,-14,-3,-14,-2,-14,-1,-13,0,-13,0,-14,1,-13,1,-13,1,-13,2,-14,2,-14,1,-14,2,-14,2,-13,0,-14,0,-13,0,-13,-1,-12,-1,-13,-2,-12,-2,0,0,0,0,0,0,0,0,0,0,0,0,0,0,0,0,0,0,0,0,0,0,-11,-3,-11,-3,-12,-4,-12,-5,-12,-6,-12,-7,-12,-7,-12,-8,-11,-8,-11,-8,-11,-8,-11,-8,-11,-8,-11,-7,-11,-7,-11,-7,-12,-6,-12,-6,-12,-5,-13,-5,-13,-5,-13,-5,-15,-4,-14,-4,-14,-4,-14,-4]"
2025-08-18 23:01:25.609232,CSI_DATA,1251,1a:00:00:00:00:00,-38,11,0,0,0,0,0,0,0,0,0,-92,0,1,0,212972574,0,31,0,128,0,"[0,0,7,-13,7,-13,7,-13,6,-13,6,-13,6,-12,5,-12,5,-13,4,-12,3,-13,3,-13,2,-13,2,-13,2,-13,2,-13,2,-13,2,-13,2,-14,2,-14,3,-14,3,-13,3,-13,4,-12,4,-12,4,-11,5,-11,0,0,0,0,0,0,0,0,0,0,0,0,0,0,0,0,0,0,0,0,0,0,4,-11,5,-11,6,-11,7,-11,7,-10,8,-10,9,-10,9,-10,9,-9,9,-9,9,-9,9,-9,9,-9,9,-9,9,-9,8,-9,8,-10,8,-10,8,-11,7,-11,7,-11,7,-12,7,-12,7,-13,7,-13,7,-13]"
2025-08-18 23:01:25.812435,CSI_DATA,1252,1a:00:00:00:00:00,-38,11,0,0,0,0,0,0,0,0,0,-92,0,1,0,213173721,0,31,0,128,0,"[0,0,14,1,14,1,14,1,13,1,14,0,13,0,13,0,12,-1,12,-1,12,-2,12,-2,12,-3,12,-3,12,-4,12,-4,12,-4,12,-4,13,-4,13,-3,13,-3,13,-2,12,-2,12,-1,12,-1,11,0,11,0,0,0,0,0,0,0,0,0,0,0,0,0,0,0,0,0,0,0,0,0,0,0,10,-1,11,0,11,1,12,2,12,2,12,3,12,4,12,4,12,5,11,5,12,5,11,5,11,5,11,4,11,4,11,4,12,4,11,3,12,3,12,2,13,2,13,2,13,1,14,1,14,1,14,1]"
2025-08-18 23:01:26.008040,CSI_DATA,1253,1a:00:00:00:00:00,-38,11,0,0,0,0,0,0,0,0,0,-92,0,1,0,213374950,0,31,0,128,0,"[0,0,14,2,14,1,14,1,13,1,14,1,13,0,13,0,12,0,12,-1,12,-1,12,-2,12,-2,12,-2,12,-3,12,-3,13,-3,12,-3,13,-3,13,-3,13,-2,13,-2,12,-1,12,0,12,0,11,1,11,1,0,0,0,0,0,0,0,0,0,0,0,0,0,0,0,0,0,0,0,0,0,0,10,0,11,0,11,1,12,2,11,2,12,3,12,4,12,4,12,5,11,5,11,5,11,6,11,5,11,5,11,4,11,4,11,4,11,3,12,3,13,2,13,2,13,2,13,2,14,2,14,2,14,2]"
2025-08-18 23:01:26.215514,CSI_DATA,1254,1a:00:00:00:00:00,-38,11,0,0,0,0,0,0,0,0,0,-92,0,1,0,213576088,0,31,0,128,0,"[0,0,-15,-1,-15,0,-15,0,-14,0,-14,0,-14,1,-13,1,-13,1,-13,2,-12,2,-12,2,-12,3,-12,4,-12,4,-12,4,-12,4,-13,4,-13,4,-13,4,-13,3,-13,3,-13,2,-12,2,-12,1,-12,1,-12,0,0,0,0,0,0,0,0,0,0,0,0,0,0,0,0,0,0,0,0,0,0,0,-11,1,-12,0,-12,-1,-12,-1,-13,-2,-13,-3,-13,-4,-13,-4,-13,-4,-13,-5,-13,-5,-12,-5,-12,-5,-12,-4,-12,-4,-12,-4,-13,-3,-13,-2,-13,-2,-13,-2,-14,-2,-14,-1,-14,-1,-15,-1,-15,-1,-15,-1]"
2025-08-18 23:01:26.413822,CSI_DATA,1255,1a:00:00:00:00:00,-38,11,0,0,0,0,0,0,0,0,0,-92,0,1,0,213777218,0,31,0,128,0,"[0,0,14,-3,14,-4,13,-4,14,-4,13,-5,13,-4,12,-5,12,-5,11,-6,11,-6,11,-7,10,-7,10,-7,10,-7,11,-8,10,-8,11,-8,11,-8,11,-8,11,-7,11,-6,11,-6,11,-5,11,-5,11,-4,11,-3,0,0,0,0,0,0,0,0,0,0,0,0,0,0,0,0,0,0,0,0,0,0,10,-5,10,-4,11,-3,11,-3,12,-2,12,-2,13,-1,13,-1,13,0,13,0,13,0,12,0,12,0,12,0,12,0,12,0,12,-1,12,-2,12,-2,13,-2,13,-3,13,-3,14,-3,14,-4,14,-4,14,-4]"
2025-08-18 23:01:26.471656,CSI_DATA,1256,1a:00:00:00:00:00,-38,11,0,0,0,0,0,0,0,0,0,-92,0,1,0,213838071,0,42,0,128,0,"[0,0,13,6,13,5,13,5,13,5,13,4,12,4,12,4,12,3,12,2,12,2,12,1,12,1,12,0,12,0,13,0,13,0,13,0,13,0,13,1,13,1,13,2,12,2,12,3,12,3,11,3,10,4,0,0,0,0,0,0,0,0,0,0,0,0,0,0,0,0,0,0,0,0,0,0,10,2,10,4,11,4,10,5,11,6,10,7,10,8,10,8,10,8,9,8,10,8,9,8,9,8,9,8,9,7,9,7,10,7,10,6,11,6,11,6,12,6,12,6,12,6,13,5,13,5,13,5]"
2025-08-18 23:01:26.551082,CSI_DATA,1257,1a:00:00:00:00:00,-38,11,0,0,0,0,0,0,0,0,0,-92,0,1,0,213914786,0,31,0,128,0,"[0,0,-11,9,-10,8,-9,9,-10,10,-10,12,-7,10,-9,8,-8,12,-6,9,-7,10,-4,12,-4,10,-6,11,-5,8,-4,10,-5,11,-5,11,-7,12,-7,11,-6,11,-8,10,-7,10,-7,10,-7,10,-8,9,-9,8,0,0,0,0,0,0,0,0,0,0,0,0,0,0,0,0,0,0,0,0,0,0,-5,9,-6,9,-7,9,-8,8,-9,9,-9,8,-10,8,-10,8,-11,7,-11,7,-11,7,-11,7,-11,7,-10,7,-10,7,-10,7,-9,7,-9,8,-9,8,-9,8,-10,9,-9,10,-10,10,-9,10,-9,11,-9,10]"
2025-08-18 23:01:26.669230,CSI_DATA,1258,1a:00:00:00:00:00,-38,11,0,0,0,0,0,0,0,0,0,-92,0,1,0,214035783,0,28,0,128,0,"[0,0,0,14,0,14,0,14,1,14,1,14,1,13,1,13,2,13,2,12,3,12,3,12,4,11,4,11,4,12,4,12,4,12,4,12,4,12,4,12,4,12,3,12,2,12,2,12,1,12,1,11,0,11,0,0,0,0,0,0,0,0,0,0,0,0,0,0,0,0,0,0,0,0,0,0,2,11,1,11,0,11,0,12,-1,12,-1,12,-2,13,-3,13,-3,13,-4,12,-4,12,-4,12,-4,12,-3,12,-3,12,-3,12,-2,12,-2,12,-1,12,-1,13,-1,13,0,13,0,14,0,14,0,14,0,14]"
2025-08-18 23:01:26.945991,CSI_DATA,1259,1a:00:00:00:00:00,-38,11,0,0,0,0,0,0,0,0,0,-92,0,1,0,214112449,0,31,0,128,0,"[0,0,13,-7,12,-7,12,-7,12,-7,12,-7,11,-7,11,-7,10,-8,10,-8,9,-8,9,-9,8,-9,8,-9,8,-10,8,-10,8,-10,9,-10,9,-10,9,-10,9,-10,10,-9,10,-8,10,-8,9,-7,9,-7,10,-6,0,0,0,0,0,0,0,0,0,0,0,0,0,0,0,0,0,0,0,0,0,0,9,-6,10,-6,10,-5,11,-5,11,-5,12,-4,13,-3,12,-3,13,-2,12,-2,12,-2,12,-2,12,-2,12,-2,12,-3,12,-3,12,-3,12,-4,12,-5,12,-5,12,-5,12,-6,12,-6,13,-7,13,-7,13,-7]"
2025-08-18 23:01:26.952194,CSI_DATA,1260,1a:00:00:00:00:00,-38,11,0,0,0,0,0,0,0,0,0,-92,0,1,0,214313728,0,31,0,128,0,"[0,0,14,4,13,4,13,4,13,4,13,3,13,3,13,2,12,2,12,1,12,1,12,0,12,0,12,0,12,-1,12,-1,13,-1,13,-1,13,0,13,0,13,0,13,0,12,1,12,1,12,2,11,3,11,3,0,0,0,0,0,0,0,0,0,0,0,0,0,0,0,0,0,0,0,0,0,0,11,1,11,2,11,2,11,3,11,4,11,5,11,6,11,6,11,7,10,7,10,7,10,7,10,7,10,6,10,6,10,6,11,5,11,5,11,5,12,5,12,4,13,4,13,4,13,4,14,4,14,4]"
2025-08-18 23:01:27.153178,CSI_DATA,1261,1a:00:00:00:00:00,-38,11,0,0,0,0,0,0,0,0,0,-92,0,1,0,214514823,0,31,0,128,0,"[0,0,-16,2,-15,2,-15,2,-15,3,-14,3,-14,3,-13,3,-13,3,-13,3,-12,4,-12,4,-12,5,-12,5,-12,6,-12,6,-12,6,-12,6,-12,6,-13,5,-13,5,-13,4,-13,4,-12,3,-12,3,-12,2,-12,1,0,0,0,0,0,0,0,0,0,0,0,0,0,0,0,0,0,0,0,0,0,0,-11,3,-12,3,-12,2,-13,1,-13,1,-13,0,-14,-1,-14,-1,-14,-2,-14,-2,-14,-2,-13,-2,-13,-2,-13,-2,-13,-1,-13,-1,-13,-1,-13,0,-13,0,-14,1,-14,1,-14,1,-14,2,-15,2,-15,2,-15,2]"
2025-08-18 23:01:27.353346,CSI_DATA,1262,1a:00:00:00:00:00,-38,11,0,0,0,0,0,0,0,0,0,-92,0,1,0,214715989,0,31,0,128,0,"[0,0,-11,10,-10,10,-11,10,-10,10,-10,10,-9,10,-9,10,-8,10,-8,10,-7,10,-7,10,-6,11,-6,11,-6,12,-6,11,-6,12,-6,11,-6,12,-6,11,-7,11,-7,11,-7,10,-8,10,-8,9,-8,8,-8,8,0,0,0,0,0,0,0,0,0,0,0,0,0,0,0,0,0,0,0,0,0,0,-7,9,-8,9,-8,8,-10,8,-10,8,-11,8,-11,7,-11,7,-12,7,-12,6,-12,6,-12,6,-12,6,-11,6,-11,6,-11,6,-11,7,-10,7,-11,8,-10,8,-10,9,-10,9,-10,10,-11,10,-11,10,-11,10]"
2025-08-18 23:01:27.562098,CSI_DATA,1263,1a:00:00:00:00:00,-38,11,0,0,0,0,0,0,0,0,0,-92,0,1,0,214918733,0,31,0,128,0,"[0,0,-11,-11,-11,-10,-11,-10,-11,-10,-11,-10,-11,-9,-11,-9,-11,-8,-11,-8,-11,-7,-11,-7,-12,-6,-12,-6,-12,-6,-12,-6,-13,-6,-12,-6,-13,-6,-13,-6,-12,-6,-12,-7,-11,-7,-10,-8,-10,-8,-9,-8,-9,-8,0,0,0,0,0,0,0,0,0,0,0,0,0,0,0,0,0,0,0,0,0,0,-10,-7,-10,-7,-9,-8,-9,-9,-9,-10,-9,-11,-8,-11,-8,-11,-8,-12,-7,-11,-7,-12,-7,-12,-7,-12,-7,-11,-7,-11,-7,-11,-8,-11,-8,-10,-9,-11,-9,-10,-10,-10,-10,-10,-11,-10,-11,-10,-11,-10,-11,-11]"
2025-08-18 23:01:27.750408,CSI_DATA,1264,1a:00:00:00:00:00,-38,11,0,0,0,0,0,0,0,0,0,-92,0,1,0,215118503,0,31,0,128,0,"[0,0,4,14,4,14,4,14,4,13,4,13,4,13,5,12,5,12,5,11,6,11,6,11,6,11,7,10,7,10,7,10,8,10,8,11,8,11,8,11,7,11,6,11,5,11,5,11,4,11,4,11,3,11,0,0,0,0,0,0,0,0,0,0,0,0,0,0,0,0,0,0,0,0,0,0,4,10,4,11,3,11,3,12,2,12,2,13,1,13,1,13,0,13,-1,13,-1,13,-1,13,-1,13,0,12,0,13,0,12,1,13,1,13,2,13,2,13,2,13,3,13,3,14,4,14,4,14,4,14]"
2025-08-18 23:01:27.961075,CSI_DATA,1265,1a:00:00:00:00:00,-38,11,0,0,0,0,0,0,0,0,0,-92,0,1,0,215319659,0,31,0,128,0,"[0,0,-3,-15,-4,-15,-4,-15,-4,-14,-4,-14,-4,-14,-4,-13,-5,-13,-5,-13,-6,-12,-6,-12,-6,-12,-7,-12,-7,-11,-7,-11,-7,-11,-7,-12,-7,-12,-7,-12,-7,-12,-6,-13,-6,-13,-5,-12,-4,-12,-4,-12,-3,-12,0,0,0,0,0,0,0,0,0,0,0,0,0,0,0,0,0,0,0,0,0,0,-4,-11,-3,-12,-3,-12,-2,-13,-2,-13,-1,-13,0,-14,0,-14,0,-14,1,-14,1,-14,1,-13,1,-13,1,-13,0,-13,0,-13,0,-13,-1,-13,-1,-13,-2,-14,-2,-14,-2,-14,-3,-15,-3,-15,-3,-15,-3,-15]"
2025-08-18 23:01:28.011320,CSI_DATA,1266,1a:00:00:00:00:00,-38,11,0,0,0,0,0,0,0,0,0,-92,0,1,0,215380422,0,42,0,128,0,"[0,0,9,10,9,10,9,10,9,9,9,9,9,9,9,9,9,8,9,7,10,7,10,6,10,6,10,6,10,6,11,6,11,6,11,6,11,6,11,7,10,7,10,8,9,8,9,8,8,8,7,8,7,8,0,0,0,0,0,0,0,0,0,0,0,0,0,0,0,0,0,0,0,0,0,0,9,6,8,6,8,7,8,8,8,9,7,9,7,10,6,11,6,11,6,11,6,11,6,11,6,10,6,10,6,10,6,10,6,9,7,10,7,9,8,10,8,10,8,10,9,10,10,10,10,10,10,10]"
2025-08-18 23:01:28.083122,CSI_DATA,1267,1a:00:00:00:00:00,-38,11,0,0,0,0,0,0,0,0,0,-92,0,1,0,215441064,0,31,0,128,0,"[0,0,-7,-13,-8,-13,-7,-13,-8,-13,-8,-12,-7,-12,-8,-12,-8,-11,-8,-11,-9,-10,-9,-10,-9,-9,-10,-9,-10,-9,-10,-9,-10,-9,-10,-9,-10,-9,-10,-10,-10,-10,-9,-10,-9,-10,-8,-11,-8,-11,-7,-10,-6,-10,0,0,0,0,0,0,0,0,0,0,0,0,0,0,0,0,0,0,0,0,0,0,-7,-10,-6,-10,-6,-11,-5,-12,-5,-12,-4,-13,-4,-13,-4,-13,-3,-13,-3,-13,-2,-13,-2,-13,-3,-13,-3,-13,-3,-13,-4,-13,-4,-12,-4,-13,-5,-13,-5,-13,-6,-13,-6,-13,-7,-13,-7,-13,-7,-13,-7,-13]"
2025-08-18 23:01:28.276149,CSI_DATA,1268,1a:00:00:00:00:00,-38,11,0,0,0,0,0,0,0,0,0,-92,0,1,0,215642152,0,31,0,128,0,"[0,0,14,1,14,1,14,1,14,1,13,0,13,0,13,0,12,-1,12,-1,12,-2,12,-2,12,-3,12,-3,12,-3,12,-4,12,-4,12,-3,12,-3,13,-3,13,-2,12,-2,12,-1,12,-1,11,-1,11,0,11,1,0,0,0,0,0,0,0,0,0,0,0,0,0,0,0,0,0,0,0,0,0,0,10,-1,11,0,11,1,11,2,12,2,12,3,12,4,12,4,12,4,11,5,11,5,11,5,11,4,11,4,11,4,11,4,11,3,12,2,12,2,12,2,13,2,13,2,14,1,14,1,14,1,14,1]"
2025-08-18 23:01:28.480713,CSI_DATA,1269,1a:00:00:00:00:00,-38,11,0,0,0,0,0,0,0,0,0,-92,0,1,0,215843295,0,31,0,128,0,"[0,0,-11,10,-11,10,-10,10,-10,10,-10,10,-10,10,-9,10,-8,10,-8,10,-7,10,-7,11,-6,11,-6,11,-6,11,-6,11,-6,12,-6,12,-6,12,-7,12,-7,11,-7,11,-8,10,-8,10,-8,9,-8,9,-8,8,0,0,0,0,0,0,0,0,0,0,0,0,0,0,0,0,0,0,0,0,0,0,-7,8,-8,8,-9,8,-10,8,-10,7,-11,7,-12,7,-12,6,-12,6,-12,5,-12,5,-12,5,-12,6,-11,6,-11,6,-11,6,-11,6,-11,7,-11,7,-11,8,-11,8,-11,9,-11,9,-11,10,-11,10,-11,10]"
2025-08-18 23:01:28.677505,CSI_DATA,1270,1a:00:00:00:00:00,-38,11,0,0,0,0,0,0,0,0,0,-92,0,1,0,216044456,0,31,0,128,0,"[0,0,14,2,14,2,14,2,14,2,14,1,13,1,13,1,13,0,13,-1,13,-1,13,-2,12,-2,13,-2,12,-3,13,-3,13,-3,13,-3,13,-3,13,-3,13,-2,13,-2,13,-1,12,-1,12,0,12,1,11,1,0,0,0,0,0,0,0,0,0,0,0,0,0,0,0,0,0,0,0,0,0,0,11,0,11,1,11,2,11,3,12,3,12,4,12,5,12,5,12,6,11,6,11,6,11,6,11,6,11,6,11,5,11,5,11,4,12,4,12,4,13,3,13,3,13,3,14,3,14,2,14,3,15,2]"
2025-08-18 23:01:28.876381,CSI_DATA,1271,1a:00:00:00:00:00,-38,11,0,0,0,0,0,0,0,0,0,-92,0,1,0,216245780,0,31,0,128,0,"[0,0,7,13,7,13,6,12,7,12,7,11,7,11,7,11,7,10,7,9,8,9,8,9,8,8,9,8,9,8,9,8,9,8,10,9,9,8,9,9,9,9,8,9,8,10,7,10,6,10,6,9,5,10,0,0,0,0,0,0,0,0,0,0,0,0,0,0,0,0,0,0,0,0,0,0,6,8,6,9,5,10,5,10,4,11,4,11,3,12,3,12,3,12,2,12,2,12,2,12,2,12,2,12,3,11,3,12,3,11,4,11,4,11,5,11,5,12,6,12,6,12,6,12,6,12,7,12]"
2025-08-18 23:01:29.096604,CSI_DATA,1272,1a:00:00:00:00:00,-38,11,0,0,0,0,0,0,0,0,0,-92,0,1,0,216446993,0,31,0,128,0,"[0,0,-13,9,-12,8,-12,8,-11,8,-11,9,-11,9,-10,9,-9,9,-9,9,-8,9,-8,9,-8,10,-8,10,-8,11,-7,10,-7,11,-7,11,-8,11,-8,11,-8,10,-9,10,-9,9,-9,9,-9,8,-9,7,-10,7,0,0,0,0,0,0,0,0,0,0,0,0,0,0,0,0,0,0,0,0,0,0,-8,7,-9,7,-10,6,-11,6,-11,6,-12,5,-12,5,-13,5,-13,4,-13,4,-13,4,-13,3,-13,4,-12,4,-12,4,-12,4,-12,5,-11,5,-12,6,-12,7,-12,7,-12,8,-12,8,-12,8,-12,8,-12,9]"
2025-08-18 23:01:29.281746,CSI_DATA,1273,1a:00:00:00:00:00,-38,11,0,0,0,0,0,0,0,0,0,-92,0,1,0,216648110,0,31,0,128,0,"[0,0,14,2,14,2,14,2,13,2,14,1,13,1,13,1,13,0,12,0,12,-1,12,-2,12,-2,12,-2,12,-3,12,-3,13,-3,13,-3,13,-3,14,-2,13,-2,13,-1,13,0,12,0,12,0,11,1,11,1,0,0,0,0,0,0,0,0,0,0,0,0,0,0,0,0,0,0,0,0,0,0,10,0,11,1,11,2,12,2,11,3,12,4,12,5,12,5,11,5,11,5,11,6,11,5,11,5,11,5,11,5,11,5,11,4,11,4,12,3,12,3,12,3,13,3,13,2,14,2,14,2,15,2]"
2025-08-18 23:01:29.481529,CSI_DATA,1274,1a:00:00:00:00:00,-38,11,0,0,0,0,0,0,0,0,0,-92,0,1,0,216849450,0,31,0,128,0,"[0,0,14,4,14,4,13,4,13,4,13,3,13,3,13,2,12,2,12,2,12,1,12,0,12,0,12,-1,12,-1,13,-1,13,-1,13,-1,13,-1,13,0,13,1,13,1,12,2,12,2,12,2,11,3,11,3,0,0,0,0,0,0,0,0,0,0,0,0,0,0,0,0,0,0,0,0,0,0,10,1,10,1,11,3,11,3,11,4,11,5,11,5,11,6,11,6,10,7,11,7,10,7,10,6,10,6,10,6,10,6,11,5,11,5,12,4,12,4,12,4,13,4,13,4,13,4,14,4,14,4]"
2025-08-18 23:01:29.540114,CSI_DATA,1275,1a:00:00:00:00:00,-38,11,0,0,0,0,0,0,0,0,0,-92,0,1,0,216910000,0,42,0,128,0,"[0,0,12,6,12,6,12,6,12,6,12,5,12,5,12,4,12,4,12,4,12,3,12,2,12,2,12,2,12,1,13,1,12,1,13,2,12,1,13,2,12,2,12,3,12,3,11,4,10,4,10,4,10,5,0,0,0,0,0,0,0,0,0,0,0,0,0,0,0,0,0,0,0,0,0,0,10,4,9,4,10,5,9,6,10,6,9,7,9,8,9,8,9,9,9,9,8,9,8,9,8,8,8,8,8,8,9,8,9,7,10,7,10,6,10,7,11,6,11,6,12,6,12,6,12,6,12,6]"
2025-08-18 23:01:29.624557,CSI_DATA,1276,1a:00:00:00:00:00,-38,11,0,0,0,0,0,0,0,0,0,-92,0,1,0,216981593,0,31,0,128,0,"[0,0,-10,-12,-10,-13,-10,-12,-10,-11,-10,-11,-10,-11,-10,-10,-10,-10,-11,-9,-11,-9,-11,-8,-11,-8,-11,-8,-12,-7,-12,-7,-12,-7,-12,-7,-12,-7,-12,-8,-12,-8,-12,-9,-11,-9,-10,-9,-10,-9,-9,-9,-9,-10,0,0,0,0,0,0,0,0,0,0,0,0,0,0,0,0,0,0,0,0,0,0,-8,-9,-8,-10,-8,-10,-7,-11,-7,-11,-7,-12,-6,-13,-5,-13,-5,-13,-5,-13,-5,-13,-5,-13,-5,-13,-5,-13,-5,-12,-5,-12,-6,-12,-7,-12,-7,-12,-8,-12,-8,-12,-9,-12,-9,-12,-10,-12,-10,-12,-10,-13]"
2025-08-18 23:01:29.819124,CSI_DATA,1277,1a:00:00:00:00:00,-38,11,0,0,0,0,0,0,0,0,0,-92,0,1,0,217182428,0,31,0,128,0,"[0,0,-13,7,-13,7,-13,7,-13,7,-12,7,-12,7,-11,7,-10,8,-10,8,-10,8,-10,8,-9,9,-9,9,-9,9,-9,9,-9,10,-9,10,-9,10,-10,10,-10,9,-10,9,-10,8,-10,7,-10,7,-10,6,-11,5,0,0,0,0,0,0,0,0,0,0,0,0,0,0,0,0,0,0,0,0,0,0,-9,6,-10,6,-11,5,-11,5,-12,5,-12,4,-13,4,-13,4,-13,3,-13,3,-13,2,-13,2,-13,2,-13,3,-13,3,-12,3,-12,4,-12,4,-13,5,-12,5,-12,6,-13,6,-13,7,-13,7,-13,7,-13,7]"
2025-08-18 23:01:30.023027,CSI_DATA,1278,1a:00:00:00:00:00,-38,11,0,0,0,0,0,0,0,0,0,-92,0,1,0,217383776,0,31,0,128,0,"[0,0,1,-16,0,-15,0,-15,0,-15,0,-15,-1,-15,-1,-14,-1,-14,-2,-14,-2,-14,-3,-13,-3,-13,-3,-13,-4,-13,-4,-13,-4,-14,-4,-14,-4,-14,-4,-14,-3,-14,-3,-14,-2,-14,-2,-13,-1,-13,0,-13,0,-12,0,0,0,0,0,0,0,0,0,0,0,0,0,0,0,0,0,0,0,0,0,0,-1,-12,-1,-12,0,-13,1,-13,1,-13,2,-13,3,-14,3,-13,4,-13,4,-13,5,-13,5,-13,4,-13,4,-13,4,-13,3,-13,3,-13,2,-13,2,-14,2,-14,1,-14,1,-15,1,-15,1,-15,1,-16,0,-16]"
2025-08-18 23:01:30.217082,CSI_DATA,1279,1a:00:00:00:00:00,-38,11,0,0,0,0,0,0,0,0,0,-92,0,1,0,217584838,0,31,0,128,0,"[0,0,14,4,14,3,13,3,13,3,13,2,13,2,13,2,13,1,12,1,12,0,12,0,12,-1,12,-1,12,-1,13,-1,13,-1,13,-1,13,-1,13,-1,13,0,13,0,13,1,12,1,12,2,11,2,11,3,0,0,0,0,0,0,0,0,0,0,0,0,0,0,0,0,0,0,0,0,0,0,10,1,10,2,11,3,11,3,11,4,11,5,11,5,11,6,11,6,11,6,10,7,10,7,10,6,10,6,10,6,11,6,11,5,11,4,11,5,12,4,12,4,13,4,13,3,13,4,14,4,14,3]"
2025-08-18 23:01:30.418548,CSI_DATA,1280,1a:00:00:00:00:00,-38,11,0,0,0,0,0,0,0,0,0,-92,0,1,0,217785991,0,31,0,128,0,"[0,0,1,15,1,14,1,14,1,13,2,14,2,13,2,13,3,12,3,12,3,12,4,11,4,11,5,11,5,12,5,11,5,12,5,12,5,12,5,12,4,13,3,12,3,12,2,12,1,12,1,11,0,11,0,0,0,0,0,0,0,0,0,0,0,0,0,0,0,0,0,0,0,0,0,0,3,10,2,11,1,11,1,11,0,12,0,12,-1,13,-1,13,-2,13,-2,12,-2,12,-3,12,-3,12,-2,12,-2,12,-2,12,-1,12,-1,12,0,13,0,13,0,13,1,13,1,14,1,14,1,14,2,14]"
2025-08-18 23:01:30.635034,CSI_DATA,1281,1a:00:00:00:00:00,-38,11,0,0,0,0,0,0,0,0,0,-92,0,1,0,217987156,0,31,0,128,0,"[0,0,1,15,1,14,1,14,1,13,1,13,2,13,2,13,3,12,3,12,3,11,3,11,4,11,4,11,5,12,5,11,5,12,5,12,5,12,5,12,4,12,4,12,3,12,2,12,2,12,1,11,0,11,0,0,0,0,0,0,0,0,0,0,0,0,0,0,0,0,0,0,0,0,0,0,2,10,2,11,1,11,0,12,0,12,-1,12,-1,12,-2,13,-2,13,-3,12,-3,12,-3,12,-3,12,-3,12,-2,12,-2,12,-2,12,-1,12,0,13,0,13,0,13,0,14,1,14,1,14,1,14,1,14]"
2025-08-18 23:01:30.829610,CSI_DATA,1282,1a:00:00:00:00:00,-38,11,0,0,0,0,0,0,0,0,0,-92,0,1,0,218188413,0,31,0,128,0,"[0,0,-14,-5,-14,-5,-14,-5,-13,-5,-14,-4,-13,-4,-13,-4,-13,-3,-13,-3,-13,-2,-13,-1,-13,-1,-13,-1,-13,0,-13,0,-13,0,-14,0,-14,0,-14,-1,-14,-1,-14,-2,-13,-2,-13,-3,-12,-3,-12,-3,-11,-4,0,0,0,0,0,0,0,0,0,0,0,0,0,0,0,0,0,0,0,0,0,0,-11,-3,-11,-4,-11,-5,-11,-6,-11,-6,-11,-7,-11,-8,-11,-8,-10,-8,-10,-9,-10,-8,-10,-8,-10,-8,-10,-8,-10,-8,-10,-7,-11,-7,-11,-7,-12,-7,-12,-6,-12,-6,-13,-6,-13,-5,-14,-5,-14,-5,-14,-5]"
2025-08-18 23:01:31.024055,CSI_DATA,1283,1a:00:00:00:00:00,-38,11,0,0,0,0,0,0,0,0,0,-92,0,1,0,218389573,0,31,0,128,0,"[0,0,14,0,14,-1,14,-1,14,-1,14,-1,13,-1,13,-2,13,-2,12,-2,12,-3,12,-4,12,-4,11,-5,12,-5,12,-5,12,-5,12,-5,13,-5,12,-4,13,-4,13,-4,12,-3,12,-2,12,-2,11,-1,11,-1,0,0,0,0,0,0,0,0,0,0,0,0,0,0,0,0,0,0,0,0,0,0,10,-2,11,-1,11,-1,12,0,12,0,12,1,12,2,12,2,12,3,12,3,12,4,12,4,12,3,11,3,12,3,11,2,12,2,12,1,13,1,13,1,13,0,13,0,14,0,14,0,14,0,15,-1]"
2025-08-18 23:01:31.086816,CSI_DATA,1284,1a:00:00:00:00:00,-38,11,0,0,0,0,0,0,0,0,0,-92,0,1,0,218450377,0,42,0,128,0,"[0,0,-7,14,-7,13,-7,14,-6,13,-6,13,-5,13,-5,13,-4,13,-4,12,-3,12,-3,12,-2,13,-2,13,-1,13,-1,13,-1,13,-1,13,-2,13,-2,13,-2,13,-3,13,-3,13,-4,12,-4,12,-5,11,-5,11,0,0,0,0,0,0,0,0,0,0,0,0,0,0,0,0,0,0,0,0,0,0,-4,10,-5,11,-6,10,-7,11,-7,11,-8,11,-9,10,-9,10,-9,10,-9,10,-10,9,-10,9,-9,9,-9,9,-9,10,-8,10,-9,10,-8,10,-8,11,-7,11,-7,12,-7,12,-7,13,-7,13,-7,13,-6,14]"
2025-08-18 23:01:31.355138,CSI_DATA,1285,1a:00:00:00:00:00,-38,11,0,0,0,0,0,0,0,0,0,-92,0,1,0,218513862,0,31,0,128,0,"[0,0,13,-8,13,-8,12,-8,12,-8,11,-8,11,-8,10,-9,10,-9,9,-9,9,-10,9,-10,8,-10,8,-10,8,-11,8,-11,8,-11,8,-11,8,-11,8,-11,9,-11,9,-10,9,-10,9,-9,9,-8,9,-8,9,-7,0,0,0,0,0,0,0,0,0,0,0,0,0,0,0,0,0,0,0,0,0,0,9,-7,9,-7,10,-6,10,-6,11,-6,12,-5,12,-5,12,-4,13,-4,13,-3,12,-3,12,-3,12,-3,12,-4,12,-4,12,-4,12,-5,12,-5,12,-6,11,-6,11,-6,12,-7,12,-7,12,-8,12,-8,13,-8]"
2025-08-18 23:01:31.361469,CSI_DATA,1286,1a:00:00:00:00:00,-38,11,0,0,0,0,0,0,0,0,0,-92,0,1,0,218714660,0,31,0,128,0,"[0,0,-15,-4,-14,-4,-14,-4,-14,-4,-14,-3,-14,-3,-14,-3,-13,-2,-13,-1,-13,-1,-13,-1,-13,0,-13,0,-13,1,-13,1,-13,1,-14,1,-14,1,-14,0,-14,0,-14,-1,-13,-1,-13,-2,-13,-2,-12,-3,-12,-3,0,0,0,0,0,0,0,0,0,0,0,0,0,0,0,0,0,0,0,0,0,0,-11,-2,-12,-3,-12,-3,-12,-4,-12,-4,-12,-6,-12,-6,-12,-7,-12,-7,-12,-7,-12,-7,-11,-8,-11,-7,-11,-7,-11,-7,-12,-6,-12,-6,-12,-5,-13,-5,-13,-5,-13,-5,-14,-4,-14,-4,-15,-4,-15,-4,-15,-4]"
2025-08-18 23:01:31.558475,CSI_DATA,1287,1a:00:00:00:00:00,-38,11,0,0,0,0,0,0,0,0,0,-92,0,1,0,218915849,0,31,0,128,0,"[0,0,-14,-7,-14,-7,-14,-7,-13,-6,-14,-6,-13,-6,-13,-5,-13,-4,-13,-4,-13,-3,-13,-3,-13,-2,-13,-2,-13,-2,-13,-1,-14,-2,-14,-2,-14,-2,-14,-3,-14,-3,-14,-3,-13,-4,-12,-4,-12,-5,-12,-5,-11,-5,0,0,0,0,0,0,0,0,0,0,0,0,0,0,0,0,0,0,0,0,0,0,-11,-4,-11,-4,-11,-5,-11,-6,-11,-7,-11,-8,-11,-8,-11,-9,-10,-9,-10,-9,-10,-9,-10,-9,-10,-9,-10,-9,-10,-8,-10,-8,-11,-8,-11,-7,-12,-7,-12,-7,-12,-7,-13,-7,-13,-6,-14,-7,-14,-7,-14,-7]"
2025-08-18 23:01:31.749109,CSI_DATA,1288,1a:00:00:00:00:00,-38,11,0,0,0,0,0,0,0,0,0,-92,0,1,0,219117209,0,31,0,128,0,"[0,0,4,14,4,14,4,14,4,13,5,13,4,12,5,12,5,12,6,11,6,11,6,11,7,10,7,10,7,10,8,10,8,10,8,10,8,11,7,11,7,11,6,11,5,12,5,11,4,11,4,11,3,11,0,0,0,0,0,0,0,0,0,0,0,0,0,0,0,0,0,0,0,0,0,0,5,10,4,10,4,11,3,12,3,12,2,13,1,13,1,13,1,13,0,13,0,13,0,13,0,12,0,12,0,12,1,12,1,13,2,12,2,13,3,12,3,13,3,13,4,13,4,14,4,14,4,14]"
2025-08-18 23:01:31.951815,CSI_DATA,1289,1a:00:00:00:00:00,-38,11,0,0,0,0,0,0,0,0,0,-92,0,1,0,219318213,0,31,0,128,0,"[0,0,0,14,0,14,0,13,1,14,1,13,0,13,1,13,1,13,2,12,2,12,3,12,3,11,4,11,4,11,4,12,4,12,4,12,4,12,4,13,3,12,3,12,2,12,1,12,1,12,0,11,0,11,0,0,0,0,0,0,0,0,0,0,0,0,0,0,0,0,0,0,0,0,0,0,2,10,1,11,0,11,-1,11,-1,12,-2,12,-3,12,-3,12,-4,12,-4,12,-4,12,-4,12,-4,12,-3,12,-3,11,-3,12,-2,12,-2,12,-2,12,-1,13,-1,13,-1,13,0,14,0,14,0,14,0,14]"
2025-08-18 23:01:32.168797,CSI_DATA,1290,1a:00:00:00:00:00,-38,11,0,0,0,0,0,0,0,0,0,-92,0,1,0,219519371,0,31,0,128,0,"[0,0,-11,-10,-12,-10,-11,-10,-12,-10,-11,-9,-11,-9,-11,-9,-11,-8,-11,-7,-11,-7,-12,-6,-12,-6,-12,-6,-12,-5,-13,-5,-13,-5,-13,-6,-13,-6,-13,-6,-13,-6,-12,-7,-12,-7,-11,-8,-10,-8,-10,-8,-9,-8,0,0,0,0,0,0,0,0,0,0,0,0,0,0,0,0,0,0,0,0,0,0,-9,-7,-9,-7,-9,-8,-9,-9,-9,-10,-9,-10,-8,-11,-8,-11,-8,-11,-7,-12,-7,-12,-7,-12,-7,-12,-7,-11,-7,-11,-7,-11,-8,-10,-9,-10,-9,-10,-10,-10,-10,-10,-10,-10,-11,-10,-11,-10,-11,-10,-11,-10]"
2025-08-18 23:01:32.356949,CSI_DATA,1291,1a:00:00:00:00:00,-38,11,0,0,0,0,0,0,0,0,0,-92,0,1,0,219720722,0,31,0,128,0,"[0,0,-9,12,-8,12,-8,12,-8,12,-7,11,-7,11,-7,11,-6,11,-6,11,-5,12,-4,11,-4,12,-4,12,-3,12,-3,12,-3,12,-3,13,-3,12,-4,13,-4,12,-5,12,-5,12,-6,11,-6,11,-6,10,-7,9,0,0,0,0,0,0,0,0,0,0,0,0,0,0,0,0,0,0,0,0,0,0,-5,9,-6,9,-7,9,-8,9,-9,9,-9,9,-10,8,-10,8,-11,8,-11,8,-11,7,-11,7,-10,7,-10,8,-10,8,-10,8,-9,8,-9,9,-9,9,-9,10,-9,10,-9,11,-8,11,-9,12,-9,12,-8,12]"
2025-08-18 23:01:32.559163,CSI_DATA,1292,1a:00:00:00:00:00,-38,11,0,0,0,0,0,0,0,0,0,-92,0,1,0,219921791,0,31,0,128,0,"[0,0,10,-11,10,-11,10,-11,10,-10,9,-11,9,-10,8,-11,8,-11,7,-11,7,-11,6,-11,5,-11,5,-12,5,-12,5,-12,5,-12,6,-12,6,-12,6,-12,6,-12,7,-12,7,-11,7,-11,7,-10,8,-9,8,-9,0,0,0,0,0,0,0,0,0,0,0,0,0,0,0,0,0,0,0,0,0,0,6,-9,7,-9,8,-9,9,-8,9,-8,10,-8,10,-7,11,-7,11,-7,11,-6,11,-6,11,-6,11,-6,11,-6,11,-7,10,-6,10,-7,10,-8,10,-8,10,-9,10,-9,10,-10,10,-10,10,-10,10,-11,10,-11]"
2025-08-18 23:01:32.620935,CSI_DATA,1293,1a:00:00:00:00:00,-38,11,0,0,0,0,0,0,0,0,0,-92,0,1,0,219983148,0,42,0,128,0,"[0,0,11,-10,10,-10,11,-10,10,-10,10,-10,10,-10,9,-10,9,-10,8,-10,8,-10,7,-10,7,-11,7,-11,6,-11,6,-11,7,-12,7,-11,7,-12,8,-11,8,-11,8,-10,8,-10,8,-10,8,-9,9,-8,9,-7,0,0,0,0,0,0,0,0,0,0,0,0,0,0,0,0,0,0,0,0,0,0,6,-9,8,-9,8,-8,9,-8,9,-8,10,-7,11,-7,11,-7,12,-6,11,-6,11,-6,11,-5,11,-5,11,-6,11,-6,10,-6,11,-7,10,-7,10,-8,10,-8,10,-8,10,-9,11,-9,10,-10,11,-10,11,-10]"
2025-08-18 23:01:32.685882,CSI_DATA,1294,1a:00:00:00:00:00,-38,11,0,0,0,0,0,0,0,0,0,-92,0,1,0,220050118,0,31,0,128,0,"[0,0,-12,9,-12,9,-12,8,-11,8,-11,8,-11,9,-10,9,-10,9,-9,9,-8,9,-8,9,-8,10,-8,10,-7,10,-8,10,-7,10,-8,11,-8,11,-8,11,-9,10,-9,10,-9,9,-9,9,-9,8,-10,7,-10,7,0,0,0,0,0,0,0,0,0,0,0,0,0,0,0,0,0,0,0,0,0,0,-8,7,-9,7,-10,7,-10,6,-11,6,-12,6,-12,6,-12,5,-12,5,-12,4,-12,4,-12,4,-12,4,-12,4,-12,5,-12,5,-12,5,-11,6,-12,6,-11,7,-12,7,-12,8,-11,8,-12,9,-12,9,-12,9]"
2025-08-18 23:01:32.893468,CSI_DATA,1295,1a:00:00:00:00:00,-38,11,0,0,0,0,0,0,0,0,0,-92,0,1,0,220251245,0,31,0,128,0,"[0,0,-14,-7,-14,-7,-13,-7,-13,-6,-13,-6,-13,-6,-13,-5,-13,-5,-13,-4,-13,-4,-13,-3,-13,-3,-13,-2,-13,-2,-14,-2,-13,-2,-14,-2,-14,-2,-14,-3,-14,-3,-14,-3,-13,-4,-12,-4,-12,-5,-11,-5,-11,-6,0,0,0,0,0,0,0,0,0,0,0,0,0,0,0,0,0,0,0,0,0,0,-11,-4,-11,-5,-11,-6,-11,-6,-11,-7,-11,-8,-11,-8,-11,-9,-10,-9,-10,-9,-10,-9,-10,-9,-10,-9,-10,-9,-10,-9,-10,-8,-11,-8,-11,-7,-12,-8,-12,-7,-12,-7,-13,-7,-13,-7,-13,-7,-14,-7,-14,-7]"
2025-08-18 23:01:33.294072,CSI_DATA,1296,1a:00:00:00:00:00,-38,11,0,0,0,0,0,0,0,0,0,-92,0,1,0,220452703,0,31,0,128,0,"[0,0,11,-9,10,-10,10,-9,10,-10,10,-10,9,-9,9,-10,8,-10,8,-10,7,-10,7,-10,6,-10,6,-11,6,-11,6,-11,6,-11,6,-11,7,-11,7,-11,7,-11,8,-10,8,-10,8,-9,8,-9,8,-8,8,-7,0,0,0,0,0,0,0,0,0,0,0,0,0,0,0,0,0,0,0,0,0,0,7,-8,7,-8,8,-8,8,-7,9,-7,10,-7,10,-7,11,-6,11,-6,11,-6,11,-5,11,-5,11,-5,10,-5,10,-6,10,-6,10,-6,10,-7,10,-7,10,-8,10,-8,10,-9,10,-9,10,-9,11,-9,11,-9]"
2025-08-18 23:01:33.300256,CSI_DATA,1297,1a:00:00:00:00:00,-38,11,0,0,0,0,0,0,0,0,0,-92,0,1,0,220653645,0,31,0,128,0,"[0,0,-2,-16,-2,-16,-2,-15,-2,-15,-2,-15,-2,-15,-3,-14,-3,-14,-4,-13,-4,-13,-5,-13,-5,-13,-6,-13,-6,-13,-6,-13,-6,-13,-6,-13,-6,-13,-6,-13,-5,-14,-4,-14,-4,-14,-3,-14,-3,-13,-2,-12,-1,-12,0,0,0,0,0,0,0,0,0,0,0,0,0,0,0,0,0,0,0,0,0,0,-3,-11,-2,-12,-2,-13,-1,-13,0,-13,0,-14,1,-14,1,-14,2,-14,2,-14,2,-14,2,-13,2,-13,2,-13,2,-13,1,-13,1,-13,0,-14,0,-14,0,-14,-1,-15,-1,-15,-2,-15,-2,-15,-2,-16,-2,-15]"
2025-08-18 23:01:33.485469,CSI_DATA,1298,1a:00:00:00:00:00,-38,11,0,0,0,0,0,0,0,0,0,-92,0,1,0,220855020,0,31,0,128,0,"[0,0,11,8,11,7,11,7,11,7,11,6,11,6,11,6,11,5,11,5,11,4,11,3,11,3,11,3,11,3,12,3,11,3,12,3,12,3,12,3,12,4,11,4,11,4,10,5,10,5,9,5,9,5,0,0,0,0,0,0,0,0,0,0,0,0,0,0,0,0,0,0,0,0,0,0,9,4,9,5,9,6,8,7,9,7,8,8,8,10,8,8,8,9,7,9,7,9,7,9,7,9,7,9,7,8,7,8,8,8,8,8,9,8,9,8,9,8,10,7,10,7,11,7,11,7,11,7]"
2025-08-18 23:01:33.704636,CSI_DATA,1299,1a:00:00:00:00:00,-38,11,0,0,0,0,0,0,0,0,0,-92,0,1,0,221056058,0,31,0,128,0,"[0,0,-10,11,-9,11,-9,11,-9,11,-9,11,-8,11,-8,11,-7,11,-7,11,-6,11,-6,11,-5,11,-5,11,-4,11,-4,12,-4,12,-5,12,-5,12,-6,12,-6,12,-6,11,-6,11,-7,11,-7,10,-7,9,-8,9,0,0,0,0,0,0,0,0,0,0,0,0,0,0,0,0,0,0,0,0,0,0,-6,9,-7,9,-8,9,-9,9,-9,9,-10,8,-11,8,-11,8,-11,7,-11,7,-11,7,-11,7,-11,7,-10,7,-10,7,-10,7,-10,8,-9,8,-10,9,-10,9,-10,9,-9,10,-9,10,-10,11,-9,11,-9,11]"
2025-08-18 23:01:33.888523,CSI_DATA,1300,1a:00:00:00:00:00,-38,11,0,0,0,0,0,0,0,0,0,-92,0,1,0,221257273,0,31,0,128,0,"[0,0,8,12,8,12,8,11,8,11,8,10,8,10,8,10,8,9,8,9,9,8,9,8,9,7,10,7,10,7,10,7,10,7,10,7,10,7,10,8,10,8,10,8,9,8,8,9,8,9,7,9,6,9,0,0,0,0,0,0,0,0,0,0,0,0,0,0,0,0,0,0,0,0,0,0,7,8,6,8,6,9,6,10,5,10,5,11,5,12,4,12,4,12,3,12,3,12,3,12,3,12,3,11,4,11,4,11,4,11,5,11,5,11,6,11,6,11,7,11,7,11,7,12,8,12,8,12]"
2025-08-18 23:01:34.092945,CSI_DATA,1301,1a:00:00:00:00:00,-38,11,0,0,0,0,0,0,0,0,0,-92,0,1,0,221459301,0,31,0,128,0,"[0,0,1,15,1,14,1,14,2,14,2,14,2,13,2,13,3,12,3,12,4,12,4,12,4,11,5,11,5,11,5,11,6,11,5,11,5,12,5,12,5,12,4,12,4,12,3,12,2,12,1,11,1,11,0,0,0,0,0,0,0,0,0,0,0,0,0,0,0,0,0,0,0,0,0,0,2,10,2,11,1,11,0,12,0,12,-1,12,-1,13,-2,13,-2,13,-3,12,-3,13,-3,12,-3,12,-3,12,-2,12,-2,12,-1,12,-1,12,-1,13,0,13,0,13,1,14,1,14,1,14,1,14,2,15]"
2025-08-18 23:01:34.155925,CSI_DATA,1302,1a:00:00:00:00:00,-38,11,0,0,0,0,0,0,0,0,0,-92,0,1,0,221519144,0,42,0,128,0,"[0,0,-5,14,-4,14,-4,13,-4,13,-4,13,-3,13,-3,13,-3,12,-2,12,-2,12,-1,12,-1,12,0,12,0,12,0,12,0,13,0,13,0,13,-1,13,-1,13,-2,13,-2,12,-3,12,-3,12,-4,11,-4,10,0,0,0,0,0,0,0,0,0,0,0,0,0,0,0,0,0,0,0,0,0,0,-1,10,-2,11,-3,11,-4,11,-4,11,-5,11,-6,11,-6,11,-7,11,-7,11,-7,11,-7,10,-7,11,-7,10,-6,11,-6,11,-6,11,-5,11,-5,12,-5,12,-5,12,-5,13,-4,13,-4,14,-4,14,-4,14]"
2025-08-18 23:01:34.225180,CSI_DATA,1303,1a:00:00:00:00:00,-38,11,0,0,0,0,0,0,0,0,0,-92,0,1,0,221585443,0,31,0,128,0,"[0,0,0,-15,0,-16,-1,-15,0,-15,-1,-14,-1,-14,-1,-14,-2,-13,-2,-13,-3,-13,-4,-13,-4,-13,-4,-13,-5,-13,-5,-12,-5,-12,-5,-13,-5,-13,-5,-13,-4,-13,-4,-13,-3,-13,-3,-13,-2,-13,-1,-12,-1,-12,0,0,0,0,0,0,0,0,0,0,0,0,0,0,0,0,0,0,0,0,0,0,-1,-11,0,-12,1,-12,1,-12,2,-13,2,-13,3,-13,4,-13,4,-13,4,-12,4,-12,5,-12,4,-12,4,-12,4,-12,3,-12,2,-13,2,-13,2,-14,1,-14,1,-14,0,-14,0,-14,0,-15,0,-15,1,-15]"
2025-08-18 23:01:34.419576,CSI_DATA,1304,1a:00:00:00:00:00,-38,11,0,0,0,0,0,0,0,0,0,-92,0,1,0,221786793,0,31,0,128,0,"[0,0,15,2,14,1,14,1,14,1,14,1,13,1,13,0,13,0,13,-1,13,-2,12,-2,12,-3,12,-3,12,-3,13,-4,13,-3,13,-3,13,-3,13,-3,13,-3,13,-2,13,-1,12,-1,12,0,12,0,12,1,0,0,0,0,0,0,0,0,0,0,0,0,0,0,0,0,0,0,0,0,0,0,11,0,11,0,11,1,11,2,12,2,12,3,12,4,12,4,12,5,12,5,12,5,11,5,11,5,11,5,11,4,11,4,11,4,12,3,12,3,13,3,13,2,13,2,14,2,14,2,14,2,15,2]"
2025-08-18 23:01:34.618547,CSI_DATA,1305,1a:00:00:00:00:00,-38,11,0,0,0,0,0,0,0,0,0,-92,0,1,0,221987556,0,31,0,128,0,"[0,0,10,10,10,10,9,9,10,9,10,9,9,9,9,8,10,8,10,7,10,6,10,6,10,6,11,5,11,5,11,5,11,5,11,6,11,6,11,6,11,6,11,7,10,7,9,7,9,7,8,7,8,8,0,0,0,0,0,0,0,0,0,0,0,0,0,0,0,0,0,0,0,0,0,0,8,6,8,7,8,8,7,8,8,9,7,9,7,10,7,10,6,11,6,11,5,11,5,11,5,11,6,11,6,10,6,10,6,10,7,9,7,10,8,10,8,10,9,10,9,10,9,10,10,10,10,10]"
2025-08-18 23:01:34.819929,CSI_DATA,1306,1a:00:00:00:00:00,-38,11,0,0,0,0,0,0,0,0,0,-92,0,1,0,222188625,0,31,0,128,0,"[0,0,14,5,13,5,13,5,13,4,13,4,13,4,13,3,12,3,12,2,12,1,12,1,12,0,12,0,13,0,13,0,13,0,13,0,13,0,13,0,13,1,13,1,13,2,12,2,12,2,11,3,11,3,0,0,0,0,0,0,0,0,0,0,0,0,0,0,0,0,0,0,0,0,0,0,10,2,11,3,11,4,11,5,11,5,11,6,11,7,10,7,10,8,10,7,10,8,10,7,10,7,10,7,10,7,10,7,10,7,11,6,11,6,12,6,12,5,12,5,13,5,14,5,14,5,14,5]"
2025-08-18 23:01:35.026062,CSI_DATA,1307,1a:00:00:00:00:00,-38,11,0,0,0,0,0,0,0,0,0,-92,0,1,0,222389875,0,31,0,128,0,"[0,0,12,-8,12,-8,11,-8,11,-8,11,-8,10,-8,10,-8,9,-9,9,-9,8,-9,8,-9,7,-10,7,-10,7,-10,7,-11,7,-11,8,-11,8,-10,8,-11,8,-10,9,-10,9,-9,9,-9,9,-8,9,-7,9,-7,0,0,0,0,0,0,0,0,0,0,0,0,0,0,0,0,0,0,0,0,0,0,8,-8,8,-7,9,-7,10,-6,10,-6,11,-6,11,-5,12,-5,12,-4,12,-4,12,-4,12,-4,12,-4,11,-4,11,-4,11,-5,11,-5,11,-6,11,-6,11,-7,11,-7,11,-7,12,-8,12,-8,12,-8,12,-8]"
2025-08-18 23:01:35.242560,CSI_DATA,1308,1a:00:00:00:00:00,-38,11,0,0,0,0,0,0,0,0,0,-92,0,1,0,222591002,0,31,0,128,0,"[0,0,4,-15,3,-15,3,-15,3,-14,3,-14,3,-14,2,-14,1,-13,1,-13,0,-13,0,-13,-1,-13,-1,-13,-1,-14,-2,-13,-1,-14,-2,-14,-1,-14,-1,-14,-1,-14,0,-14,0,-14,1,-13,1,-13,1,-12,2,-12,0,0,0,0,0,0,0,0,0,0,0,0,0,0,0,0,0,0,0,0,0,0,1,-12,2,-12,3,-12,4,-12,4,-12,5,-12,6,-12,6,-12,7,-12,7,-11,7,-11,7,-11,7,-11,6,-11,6,-11,6,-11,6,-12,5,-12,5,-13,5,-13,4,-13,4,-14,4,-14,4,-14,3,-14,4,-15]"
2025-08-18 23:01:35.423984,CSI_DATA,1309,1a:00:00:00:00:00,-38,11,0,0,0,0,0,0,0,0,0,-92,0,1,0,222792140,0,31,0,128,0,"[0,0,3,14,4,14,4,14,4,13,4,13,4,13,4,12,5,12,5,11,6,11,6,11,6,10,7,10,7,10,7,10,7,10,7,11,7,11,7,11,7,11,6,11,5,11,5,11,4,11,4,11,3,11,0,0,0,0,0,0,0,0,0,0,0,0,0,0,0,0,0,0,0,0,0,0,4,10,4,10,3,11,2,12,2,12,1,13,1,13,0,13,0,13,-1,13,-1,13,-1,13,-1,13,0,12,0,12,0,12,1,12,1,12,1,13,2,13,2,13,3,13,3,13,3,14,4,14,4,14]"
2025-08-18 23:01:35.629288,CSI_DATA,1310,1a:00:00:00:00:00,-38,11,0,0,0,0,0,0,0,0,0,-92,0,1,0,222993465,0,31,0,128,0,"[0,0,-9,12,-9,12,-8,12,-8,12,-7,11,-8,11,-7,11,-6,11,-6,11,-5,12,-5,12,-4,12,-4,12,-3,12,-4,12,-3,12,-3,13,-4,13,-4,13,-5,12,-5,12,-5,12,-5,11,-6,11,-6,10,-6,9,0,0,0,0,0,0,0,0,0,0,0,0,0,0,0,0,0,0,0,0,0,0,-6,10,-6,9,-7,9,-8,9,-9,9,-9,9,-10,9,-11,8,-11,8,-11,8,-11,8,-11,7,-11,8,-11,8,-10,8,-10,8,-10,8,-9,9,-9,9,-9,10,-9,10,-9,11,-9,11,-9,12,-9,12,-9,12]"
2025-08-18 23:01:35.690377,CSI_DATA,1311,1a:00:00:00:00:00,-38,11,0,0,0,0,0,0,0,0,0,-92,0,1,0,223054116,0,42,0,128,0,"[0,0,13,-7,13,-7,13,-7,12,-7,12,-7,11,-7,11,-7,10,-8,10,-8,10,-9,9,-9,9,-9,9,-9,8,-10,9,-10,8,-10,9,-10,9,-10,9,-10,9,-10,10,-9,9,-9,10,-8,10,-7,10,-7,10,-6,0,0,0,0,0,0,0,0,0,0,0,0,0,0,0,0,0,0,0,0,0,0,9,-6,10,-6,11,-5,11,-5,12,-5,12,-4,12,-4,13,-3,13,-3,13,-2,13,-2,12,-2,12,-2,12,-2,12,-3,12,-3,12,-3,12,-4,12,-5,12,-5,12,-5,13,-6,13,-6,13,-6,13,-7,13,-6]"
