2,-9,12,-9,12,-9,13,-10,12,-9,13,-9,13,-8,13,-8,13,-7,13,-6,13,-ESP-ROM:esp32s3-20210327
Build:Mar 27 2021
rst:0x15 (USB_UART_CHIP_RESET),boot:0x8 (SPI_FAST_FLASH_BOOT)
Saved PC:0x4037abfa
SPIWP:0xee
mode:DIO, clock div:1
load:0x3fce2810,len:0x15a0
load:0x403c8700,len:0x4
load:0x403c8704,len:0xd20
load:0x403cb700,len:0x2ee4
entry 0x403c8928
[0;32mI (26) boot: ESP-IDF v5.4-dirty 2nd stage bootloader[0m
[0;32mI (27) boot: compile time May  6 2025 13:26:06[0m
[0;32mI (27) boot: Multicore bootloader[0m
[0;32mI (27) boot: chip revision: v0.2[0m
[0;32mI (30) boot: efuse block revision: v1.3[0m
[0;32mI (34) boot.esp32s3: Boot SPI Speed : 80MHz[0m
[0;32mI (37) boot.esp32s3: SPI Mode       : DIO[0m
[0;32mI (41) boot.esp32s3: SPI Flash Size : 2MB[0m
[0;32mI (45) boot: Enabling RNG early entropy source...[0m
[0;32mI (49) boot: Partition Table:[0m
[0;32mI (52) boot: ## Label            Usage          Type ST Offset   Length[0m
[0;32mI (58) boot:  0 nvs              WiFi data        01 02 00009000 00006000[0m
[0;32mI (65) boot:  1 phy_init         RF data          01 01 0000f000 00001000[0m
[0;32mI (71) boot:  2 factory          factory app      00 00 00010000 00100000[0m
[0;32mI (78) boot: End of partition table[0m
[0;32mI (81) esp_image: segment 0: paddr=00010020 vaddr=3c080020 size=18f0ch (102156) map[0m
[0;32mI (107) esp_image: segment 1: paddr=00028f34 vaddr=3fc99a00 size=04a08h ( 18952) load[0m
[0;32mI (111) esp_image: segment 2: paddr=0002d944 vaddr=40374000 size=026d4h (  9940) load[0m
[0;32mI (114) esp_image: segment 3: paddr=00030020 vaddr=42000020 size=7ff4ch (524108) map[0m
[0;32mI (210) esp_image: segment 4: paddr=000aff74 vaddr=403766d4 size=13270h ( 78448) load[0m
[0;32mI (228) esp_image: segment 5: paddr=000c31ec vaddr=600fe100 size=0001ch (    28) load[0m
[0;32mI (237) boot: Loaded app from partition at offset 0x10000[0m
[0;32mI (237) boot: Disabling RNG early entropy source...[0m
[0;32mI (247) cpu_start: Multicore app[0m
[0;32mI (256) cpu_start: Pro cpu start user code[0m
[0;32mI (256) cpu_start: cpu freq: 160000000 Hz[0m
[0;32mI (256) app_init: Application information:[0m
[0;32mI (256) app_init: Project name:     responder[0m
[0;32mI (260) app_init: App version:      89f9f88-dirty[0m
[0;32mI (265) app_init: Compile time:     Jul 21 2025 20:52:32[0m
[0;32mI (270) app_init: ELF file SHA256:  2b702322b...[0m
[0;32mI (274) app_init: ESP-IDF:          v5.4-dirty[0m
[0;32mI (278) efuse_init: Min chip rev:     v0.0[0m
[0;32mI (282) efuse_init: Max chip rev:     v0.99 [0m
[0;32mI (286) efuse_init: Chip rev:         v0.2[0m
[0;32mI (290) heap_init: Initializing. RAM available for dynamic allocation:[0m
[0;32mI (296) heap_init: At 3FCA2020 len 000476F0 (285 KiB): RAM[0m
[0;32mI (301) heap_init: At 3FCE9710 len 00005724 (21 KiB): RAM[0m
[0;32mI (306) heap_init: At 3FCF0000 len 00008000 (32 KiB): DRAM[0m
[0;32mI (312) heap_init: At 600FE11C len 00001ECC (7 KiB): RTCRAM[0m
[0;32mI (318) spi_flash: detected chip: gd[0m
[0;32mI (320) spi_flash: flash io: dio[0m
[0;33mW (323) spi_flash: Detected size(8192k) larger than the size in the binary image header(2048k). Using the size in the binary image header.[0m
[0;32mI (336) sleep_gpio: Configure to isolate all GPIO pins in sleep state[0m
[0;32mI (342) sleep_gpio: Enable automatic switching of GPIO sleep configuration[0m
[0;32mI (349) main_task: Started on CPU0[0m
[0;32mI (359) main_task: Calling app_main()[0m
[0;32mI (369) pp: pp rom version: e7ae62f[0m
[0;32mI (369) net80211: net80211 rom version: e7ae62f[0m
[0;32mI (389) wifi_init: rx ba win: 6[0m
[0;32mI (389) wifi_init: accept mbox: 6[0m
[0;32mI (389) wifi_init: tcpip mbox: 32[0m
[0;32mI (389) wifi_init: udp mbox: 6[0m
[0;32mI (389) wifi_init: tcp mbox: 6[0m
[0;32mI (399) wifi_init: tcp tx win: 5760[0m
[0;32mI (399) wifi_init: tcp rx win: 5760[0m
[0;32mI (399) wifi_init: tcp mss: 1440[0m
[0;32mI (409) wifi_init: WiFi IRAM OP enabled[0m
[0;32mI (409) wifi_init: WiFi RX IRAM OP enabled[0m
[0;32mI (409) phy_init: phy_version 680,a6008b2,Jun  4 2024,16:41:10[0m
[0;32mI (909) ftm_responder: Starting SoftAP with FTM Responder support, SSID - FTM, Password - ftmftmftm, Primary Channel - 1, Bandwidth - 20MHz[0m
[0;32mI (909) ftm_responder: FTM Responder is ready, waiting for FTM requests...[0m
[0;32mI (919) ftm_responder: Counter = 1[0m
[0;32mI (919) main_task: Returned from app_main()[0m
[0;32mI (1059) csi_recv: ================ CSI RECV ================[0m
type,id,mac,rssi,rate,sig_mode,mcs,bandwidth,smoothing,not_sounding,aggregation,stbc,fec_coding,sgi,noise_floor,ampdu_cnt,channel,secondary_channel,local_timestamp,ant,sig_len,rx_state,len,first_word,data
CSI_DATA,0,1a:00:00:00:00:00,-46,11,0,0,0,0,0,0,0,0,0,-96,0,1,0,1059890,0,31,0,128,0,"[0,0,-8,14,-8,13,-8,14,-7,13,-7,14,-7,14,-6,14,-6,13,-5,13,-5,13,-4,13,-4,13,-4,14,-4,14,-3,14,-4,15,-4,14,-4,14,-4,14,-5,14,-5,14,-6,13,-6,12,-7,12,-7,11,-8,10,0,0,0,0,0,0,0,0,0,0,0,0,0,0,0,0,0,0,0,0,0,0,-3,6,-4,7,-4,7,-5,7,-6,7,-6,8,-7,8,-7,8,-8,8,-8,7,-9,8,-9,8,-9,8,-9,8,-8,8,-8,8,-8,9,-8,9,-8,9,-7,10,-7,10,-7,11,-7,11,-7,12,-8,13,-7,13]"
CSI_DATA,1,1a:00:00:00:00:00,-46,11,0,0,0,0,0,0,0,0,0,-96,0,1,0,1261227,0,31,0,128,0,"[0,0,11,9,11,9,11,9,11,9,11,8,11,8,11,8,11,7,11,7,12,7,12,6,12,6,12,5,13,5,13,6,13,6,13,6,13,6,13,7,12,7,11,7,11,8,10,8,10,8,9,8,8,9,0,0,0,0,0,0,0,0,0,0,0,0,0,0,0,0,0,0,0,0,0,0,6,3,6,3,6,4,7,5,7,5,6,6,6,7,6,8,6,8,6,8,6,9,6,9,6,9,6,8,6,8,7,8,7,8,7,8,8,8,8,8,9,8,9,8,10,9,11,8,11,9,11,9]"
CSI_DATA,2,1a:00:00:00:00:00,-46,11,0,0,0,0,0,0,0,0,0,-96,0,1,0,1321454,0,42,0,128,0,"[0,0,-7,-13,-8,-13,-7,-14,-7,-14,-7,-13,-7,-13,-8,-13,-8,-12,-8,-12,-9,-12,-9,-11,-9,-11,-9,-11,-9,-11,-10,-11,-10,-11,-10,-12,-10,-12,-9,-12,-9,-12,-9,-12,-7,-12,-7,-12,-6,-12,-5,-12,-4,-12,0,0,0,0,0,0,0,0,0,0,0,0,0,0,0,0,0,0,0,0,0,0,-4,-6,-4,-7,-4,-8,-4,-8,-4,-9,-3,-9,-3,-10,-3,-11,-2,-11,-2,-11,-2,-11,-2,-11,-2,-11,-2,-11,-2,-11,-3,-11,-3,-12,-3,-12,-4,-12,-4,-12,-5,-12,-5,-13,-6,-13,-6,-13,-6,-14,-7,-14]"
CSI_DATA,3,1a:00:00:00:00:00,-46,11,0,0,0,0,0,0,0,0,0,-96,0,1,0,1425649,0,31,0,128,0,"[0,0,14,-5,14,-5,14,-6,13,-6,14,-6,14,-6,13,-6,13,-7,12,-7,11,-8,12,-8,11,-9,11,-9,11,-9,11,-9,12,-9,12,-9,12,-9,12,-9,12,-8,12,-7,12,-7,12,-6,12,-5,12,-4,12,-4,0,0,0,0,0,0,0,0,0,0,0,0,0,0,0,0,0,0,0,0,0,0,6,-3,6,-3,7,-3,8,-3,9,-3,9,-2,10,-2,10,-1,10,-1,10,-1,11,-1,11,0,11,0,11,-1,11,-1,11,-1,11,-2,10,-2,12,-3,12,-3,12,-4,11,-5,12,-4,13,-5,13,-5,14,-5]"
CSI_DATA,4,1a:00:00:00:00:00,-46,11,0,0,0,0,0,0,0,0,0,-96,0,1,0,1626793,0,31,0,128,0,"[0,0,5,14,5,14,5,13,6,14,5,13,5,13,5,12,6,12,6,12,7,12,8,11,7,11,8,11,8,11,9,11,9,11,9,12,8,12,8,12,7,12,7,12,6,12,5,12,5,12,4,11,3,11,0,0,0,0,0,0,0,0,0,0,0,0,0,0,0,0,0,0,0,0,0,0,3,6,3,6,2,7,2,8,2,8,1,9,1,10,1,10,0,10,0,10,0,11,0,11,0,11,0,11,0,11,0,11,1,11,1,11,2,11,3,12,3,12,3,12,4,13,4,13,5,13,4,14]"
CSI_DATA,5,1a:00:00:00:00:00,-46,11,0,0,0,0,0,0,0,0,0,-96,0,1,0,1829623,0,31,0,128,0,"[0,0,15,3,15,3,14,3,15,3,14,3,14,2,14,2,14,1,14,1,14,1,14,0,14,0,14,-1,14,-1,14,-1,15,-1,15,-1,15,-1,15,0,14,0,14,1,14,2,13,2,13,2,12,3,11,4,0,0,0,0,0,0,0,0,0,0,0,0,0,0,0,0,0,0,0,0,0,0,7,0,7,1,8,1,8,2,9,2,9,3,9,4,9,4,9,5,9,5,9,5,9,6,10,5,10,5,10,5,10,5,10,5,11,4,11,4,12,4,13,4,13,3,13,4,14,3,15,3,14,3]"
[0;32mI (1919) ftm_responder: Counter = 2[0m
CSI_DATA,6,1a:00:00:00:00:00,-46,11,0,0,0,0,0,0,0,0,0,-96,0,1,0,2029196,0,31,0,128,0,"[0,0,11,-11,11,-12,11,-12,11,-11,11,-12,10,-12,10,-12,9,-12,9,-12,8,-12,8,-13,7,-13,7,-13,7,-14,7,-13,7,-14,7,-14,8,-14,8,-13,8,-12,9,-12,9,-11,9,-11,9,-10,9,-9,10,-8,0,0,0,0,0,0,0,0,0,0,0,0,0,0,0,0,0,0,0,0,0,0,4,-7,5,-7,5,-7,6,-7,7,-7,8,-7,8,-6,9,-6,9,-6,9,-6,10,-6,10,-6,10,-6,10,-6,10,-6,10,-7,10,-7,10,-7,10,-8,10,-8,10,-9,10,-10,10,-10,10,-11,11,-11,11,-12]"
CSI_DATA,7,1a:00:00:00:00:00,-46,11,0,0,0,0,0,0,0,0,0,-96,0,1,0,2230315,0,31,0,128,0,"[0,0,1,15,2,15,2,15,2,15,2,14,2,14,2,14,3,14,3,13,4,13,5,13,5,12,5,13,5,13,6,13,6,13,5,14,5,14,5,14,4,14,3,14,2,13,2,13,1,13,1,12,0,12,0,0,0,0,0,0,0,0,0,0,0,0,0,0,0,0,0,0,0,0,0,0,2,6,2,7,1,8,1,8,0,9,0,9,-1,10,-1,10,-2,10,-2,10,-2,11,-2,11,-2,11,-2,11,-2,11,-1,11,-1,12,-1,11,-1,12,0,12,0,13,1,13,1,13,1,14,2,15,2,15]"
CSI_DATA,8,1a:00:00:00:00:00,-46,11,0,0,0,0,0,0,0,0,0,-96,0,1,0,2431707,0,31,0,128,0,"[0,0,2,-16,2,-16,2,-16,2,-16,3,-15,1,-16,1,-15,1,-15,0,-14,0,-15,-1,-15,-1,-15,-1,-15,-2,-15,-2,-15,-2,-15,-2,-16,-2,-16,-2,-16,-1,-15,0,-15,1,-15,1,-14,2,-14,2,-13,3,-12,0,0,0,0,0,0,0,0,0,0,0,0,0,0,0,0,0,0,0,0,0,0,0,-8,0,-8,1,-9,1,-9,2,-10,3,-10,3,-10,4,-11,4,-11,5,-10,5,-11,5,-11,5,-10,5,-11,5,-11,4,-11,4,-12,4,-12,4,-12,3,-13,3,-13,3,-14,3,-14,3,-15,3,-15,3,-16]"
CSI_DATA,9,1a:00:00:00:00:00,-46,11,0,0,0,0,0,0,0,0,0,-96,0,1,0,2635903,0,31,0,128,0,"[0,0,-16,0,-16,0,-16,0,-16,0,-16,0,-16,1,-15,1,-15,1,-15,2,-14,2,-14,3,-14,3,-14,3,-14,4,-14,4,-15,4,-15,4,-15,4,-15,4,-15,3,-15,2,-15,2,-14,1,-14,0,-13,-1,-13,-1,0,0,0,0,0,0,0,0,0,0,0,0,0,0,0,0,0,0,0,0,0,0,-7,1,-8,0,-9,0,-10,0,-10,-1,-10,-2,-11,-2,-11,-3,-11,-3,-12,-4,-12,-4,-12,-4,-12,-4,-12,-4,-12,-3,-12,-3,-12,-3,-12,-3,-13,-2,-13,-2,-14,-1,-14,-1,-14,-1,-15,-1,-16,-1,-16,-1]"
CSI_DATA,10,1a:00:00:00:00:00,-46,11,0,0,0,0,0,0,0,0,0,-96,0,1,0,2834024,0,31,0,128,0,"[0,0,-16,2,-16,2,-16,2,-15,2,-15,2,-15,3,-15,3,-14,3,-14,3,-14,4,-14,5,-13,5,-14,5,-14,6,-14,6,-14,6,-15,6,-14,5,-15,5,-14,4,-14,4,-14,3,-14,2,-14,2,-13,1,-13,0,0,0,0,0,0,0,0,0,0,0,0,0,0,0,0,0,0,0,0,0,0,0,-7,2,-8,2,-9,1,-9,1,-10,1,-10,0,-11,0,-11,-1,-11,-1,-12,-2,-12,-2,-12,-2,-12,-2,-12,-2,-12,-2,-12,-1,-12,-1,-12,-1,-13,0,-13,0,-14,1,-14,1,-14,1,-15,2,-16,2,-15,2]"
CSI_DATA,11,1a:00:00:00:00:00,-46,11,0,0,0,0,0,0,0,0,0,-96,0,1,0,2866346,0,28,0,128,0,"[0,0,-16,0,-17,0,-16,0,-16,0,-15,1,-16,1,-15,1,-15,1,-14,2,-15,3,-14,3,-14,3,-14,3,-14,4,-14,4,-14,4,-15,4,-15,4,-15,3,-14,3,-15,2,-15,1,-14,1,-14,0,-13,-1,-13,-2,0,0,0,0,0,0,0,0,0,0,0,0,0,0,0,0,0,0,0,0,0,0,-7,1,-8,1,-9,1,-9,0,-10,0,-10,-1,-11,-1,-11,-2,-11,-2,-12,-3,-12,-3,-12,-3,-12,-3,-12,-3,-12,-3,-12,-3,-12,-3,-12,-2,-13,-2,-14,-1,-14,-1,-14,-1,-15,0,-15,0,-16,1,-16,0]"
CSI_DATA,12,1a:00:00:00:00:00,-46,11,0,0,0,0,0,0,0,0,0,-96,0,1,0,2894484,0,42,0,128,0,"[0,0,11,-10,11,-11,11,-11,11,-11,11,-11,10,-11,10,-11,10,-11,9,-11,8,-11,8,-12,7,-12,8,-12,8,-13,7,-12,8,-13,8,-13,8,-13,8,-13,9,-12,9,-11,9,-11,9,-10,9,-10,9,-9,10,-7,0,0,0,0,0,0,0,0,0,0,0,0,0,0,0,0,0,0,0,0,0,0,4,-6,4,-6,5,-7,6,-7,7,-7,8,-7,8,-6,9,-6,9,-6,9,-6,10,-6,10,-6,10,-6,10,-6,10,-5,10,-6,10,-7,10,-7,10,-7,10,-8,10,-8,10,-9,10,-9,11,-10,11,-11,11,-11]"
[0;32mI (2919) ftm_responder: Counter = 3[0m
CSI_DATA,13,1a:00:00:00:00:00,-46,11,0,0,0,0,0,0,0,0,0,-96,0,1,0,3394867,0,42,0,128,0,"[0,0,11,-11,11,-12,11,-11,11,-11,11,-12,10,-11,10,-12,10,-12,8,-11,8,-12,7,-13,7,-12,7,-13,7,-13,7,-14,7,-14,8,-14,8,-13,8,-13,8,-13,8,-13,9,-11,9,-11,9,-10,9,-9,10,-8,0,0,0,0,0,0,0,0,0,0,0,0,0,0,0,0,0,0,0,0,0,0,4,-6,4,-6,6,-7,6,-7,7,-7,8,-7,8,-6,9,-6,9,-6,10,-6,10,-6,10,-5,10,-6,10,-6,10,-6,10,-6,10,-7,10,-7,10,-8,10,-8,10,-9,11,-9,11,-9,11,-11,11,-11,11,-11]"
CSI_DATA,14,1a:00:00:00:00:00,-46,11,0,0,0,0,0,0,0,0,0,-96,0,1,0,3473460,0,31,0,128,0,"[0,0,-13,-9,-14,-9,-13,-9,-13,-9,-13,-8,-14,-8,-13,-7,-13,-7,-13,-6,-13,-6,-14,-5,-14,-5,-14,-5,-14,-4,-14,-5,-15,-4,-15,-5,-15,-5,-15,-5,-14,-6,-14,-6,-13,-7,-13,-7,-12,-7,-11,-7,-10,-8,0,0,0,0,0,0,0,0,0,0,0,0,0,0,0,0,0,0,0,0,0,0,-7,-3,-7,-4,-8,-5,-8,-5,-8,-6,-8,-7,-8,-8,-8,-8,-8,-9,-8,-9,-8,-9,-8,-9,-8,-9,-8,-9,-8,-9,-9,-9,-9,-9,-9,-9,-10,-9,-10,-9,-11,-9,-12,-8,-12,-9,-13,-8,-13,-9,-13,-9]"
CSI_DATA,15,1a:00:00:00:00:00,-46,11,0,0,0,0,0,0,0,0,0,-96,0,1,0,3674638,0,31,0,128,0,"[0,0,-15,-7,-15,-7,-15,-6,-15,-6,-15,-6,-15,-5,-15,-5,-15,-4,-15,-4,-15,-3,-15,-3,-14,-2,-15,-2,-15,-2,-15,-1,-16,-2,-16,-2,-16,-2,-16,-2,-15,-3,-15,-3,-15,-4,-14,-4,-14,-5,-12,-5,-12,-6,0,0,0,0,0,0,0,0,0,0,0,0,0,0,0,0,0,0,0,0,0,0,-7,-2,-8,-3,-9,-4,-9,-4,-9,-5,-9,-6,-9,-7,-9,-7,-9,-7,-9,-8,-9,-8,-9,-9,-10,-8,-10,-8,-10,-8,-10,-8,-11,-8,-11,-7,-11,-7,-12,-7,-12,-7,-13,-6,-13,-7,-14,-7,-15,-7,-14,-7]"
CSI_DATA,16,1a:00:00:00:00:00,-46,11,0,0,0,0,0,0,0,0,0,-96,0,1,0,3876142,0,31,0,128,0,"[0,0,6,14,6,13,6,13,6,13,6,13,7,12,7,12,7,11,7,11,8,11,8,10,8,10,9,10,10,10,9,10,10,11,10,10,10,11,9,11,9,11,8,11,7,11,6,11,6,11,5,11,4,11,0,0,0,0,0,0,0,0,0,0,0,0,0,0,0,0,0,0,0,0,0,0,4,5,3,6,3,7,3,8,3,8,2,9,2,10,2,10,1,10,1,10,1,11,1,11,1,11,1,11,1,11,2,11,2,11,2,11,3,11,4,11,4,12,4,12,5,12,5,12,6,13,6,14]"
[0;32mI (3949) ftm_responder: Counter = 4[0m
CSI_DATA,17,1a:00:00:00:00:00,-46,11,0,0,0,0,0,0,0,0,0,-96,0,1,0,3987116,0,28,0,128,0,"[0,0,8,12,9,12,8,12,9,12,9,11,8,11,9,10,9,10,9,10,10,9,10,9,9,8,10,9,10,8,11,9,11,9,11,9,10,9,11,10,10,10,9,10,8,10,7,11,7,10,6,11,5,10,0,0,0,0,0,0,0,0,0,0,0,0,0,0,0,0,0,0,0,0,0,0,5,4,5,5,5,6,5,6,5,7,5,8,5,9,4,9,4,10,4,10,4,10,3,10,4,10,4,10,4,10,4,10,5,10,5,10,5,10,6,10,6,10,7,10,7,11,8,11,8,12,8,12]"
CSI_DATA,18,1a:00:00:00:00:00,-46,11,0,0,0,0,0,0,0,0,0,-96,0,1,0,3989212,0,165,0,128,0,"[0,0,-8,13,-9,13,-8,13,-8,13,-8,13,-7,13,-7,13,-6,13,-6,12,-5,13,-5,13,-4,13,-4,13,-4,13,-4,14,-3,14,-4,14,-4,14,-5,14,-5,13,-5,13,-6,13,-6,12,-7,11,-7,10,-7,10,0,0,0,0,0,0,0,0,0,0,0,0,0,0,0,0,0,0,0,0,0,0,-3,6,-4,6,-5,7,-5,7,-6,7,-7,7,-7,7,-8,7,-8,7,-9,7,-9,7,-9,7,-9,7,-9,7,-9,7,-9,8,-9,8,-9,8,-8,9,-9,10,-8,10,-8,11,-8,11,-8,12,-9,12,-8,12]"
CSI_DATA,19,1a:00:00:00:00:00,-46,11,0,0,0,0,0,0,0,0,0,-96,0,1,0,4058063,0,137,0,128,0,"[0,0,-13,-9,-14,-8,-14,-8,-14,-8,-13,-8,-14,-8,-14,-7,-13,-7,-14,-6,-14,-6,-14,-5,-14,-5,-14,-4,-14,-4,-15,-5,-15,-4,-15,-5,-15,-5,-15,-6,-14,-6,-14,-7,-13,-6,-13,-7,-12,-8,-11,-8,-10,-8,0,0,0,0,0,0,0,0,0,0,0,0,0,0,0,0,0,0,0,0,0,0,-7,-3,-7,-3,-8,-4,-8,-5,-9,-6,-8,-6,-8,-8,-8,-8,-8,-8,-8,-9,-8,-9,-8,-9,-8,-9,-9,-9,-8,-9,-9,-9,-9,-9,-10,-9,-10,-8,-11,-8,-11,-8,-12,-8,-12,-9,-13,-8,-14,-8,-13,-8]"
CSI_DATA,20,1a:00:00:00:00:00,-46,11,0,0,0,0,0,0,0,0,0,-96,0,1,0,4077192,0,31,0,128,0,"[0,0,-1,-16,-1,-16,-1,-17,-1,-16,-1,-16,-2,-16,-2,-15,-2,-15,-3,-15,-4,-15,-4,-15,-4,-14,-5,-14,-5,-15,-5,-15,-5,-15,-5,-15,-5,-15,-5,-16,-4,-15,-4,-15,-3,-15,-1,-15,-1,-14,0,-14,1,-13,0,0,0,0,0,0,0,0,0,0,0,0,0,0,0,0,0,0,0,0,0,0,-2,-8,-2,-8,-1,-9,-1,-10,-1,-10,0,-11,0,-11,1,-12,1,-12,2,-12,2,-12,2,-12,2,-12,2,-12,2,-12,2,-12,2,-12,1,-13,1,-13,1,-13,0,-14,0,-15,0,-15,0,-15,-1,-16,-1,-16]"
CSI_DATA,21,1a:00:00:00:00:00,-46,11,0,0,0,0,0,0,0,0,0,-96,0,1,0,4278443,0,31,0,128,0,"[0,0,-2,-16,-2,-16,-2,-16,-2,-15,-2,-16,-2,-15,-3,-15,-3,-15,-4,-15,-4,-14,-5,-14,-5,-14,-5,-14,-6,-14,-6,-14,-6,-15,-6,-14,-6,-15,-5,-15,-4,-15,-4,-14,-3,-15,-3,-14,-2,-14,-2,-13,-1,-13,0,0,0,0,0,0,0,0,0,0,0,0,0,0,0,0,0,0,0,0,0,0,-2,-8,-2,-8,-1,-9,-1,-10,-1,-10,0,-11,0,-11,1,-11,2,-11,2,-11,2,-12,2,-12,2,-12,2,-12,2,-12,1,-12,1,-12,1,-12,1,-13,0,-13,0,-14,0,-14,-1,-14,-2,-15,-2,-16,-2,-16]"
CSI_DATA,22,1a:00:00:00:00:00,-46,11,0,0,0,0,0,0,0,0,0,-96,0,1,0,4479515,0,31,0,128,0,"[0,0,-10,12,-10,12,-9,12,-9,12,-9,12,-9,12,-8,12,-8,12,-7,12,-7,12,-6,12,-6,12,-6,13,-6,13,-6,13,-5,13,-6,14,-6,13,-7,13,-7,13,-7,13,-8,12,-8,11,-9,10,-8,9,-9,9,0,0,0,0,0,0,0,0,0,0,0,0,0,0,0,0,0,0,0,0,0,0,-3,6,-4,6,-5,7,-6,7,-6,7,-7,7,-8,7,-8,7,-9,7,-9,7,-9,7,-9,7,-10,7,-10,7,-10,7,-9,8,-9,8,-9,8,-9,8,-9,9,-9,10,-9,10,-9,11,-9,11,-10,12,-9,12]"
CSI_DATA,23,1a:00:00:00:00:00,-46,11,0,0,0,0,0,0,0,0,0,-96,0,1,0,4680742,0,31,0,128,0,"[0,0,-7,-14,-8,-14,-8,-14,-8,-14,-7,-14,-8,-14,-9,-13,-8,-13,-9,-12,-9,-12,-10,-12,-9,-11,-10,-11,-11,-11,-11,-11,-11,-11,-11,-12,-10,-12,-11,-12,-10,-12,-10,-12,-9,-12,-7,-12,-7,-12,-6,-11,-5,-12,0,0,0,0,0,0,0,0,0,0,0,0,0,0,0,0,0,0,0,0,0,0,-5,-6,-5,-7,-5,-8,-4,-8,-4,-9,-4,-10,-4,-11,-3,-11,-3,-11,-2,-11,-2,-12,-2,-12,-2,-12,-2,-12,-2,-12,-3,-12,-3,-12,-4,-12,-4,-12,-5,-12,-5,-13,-6,-13,-6,-13,-7,-14,-7,-14,-7,-15]"
CSI_DATA,24,1a:00:00:00:00:00,-46,11,0,0,0,0,0,0,0,0,0,-96,0,1,0,4881947,0,31,0,128,0,"[0,0,4,-15,3,-16,3,-16,3,-15,3,-15,2,-15,3,-15,2,-15,1,-15,0,-15,-1,-15,-1,-15,-1,-15,-1,-15,-2,-15,-2,-15,-1,-16,-1,-16,0,-16,0,-15,1,-15,1,-15,2,-14,3,-14,3,-13,4,-12,0,0,0,0,0,0,0,0,0,0,0,0,0,0,0,0,0,0,0,0,0,0,0,-8,1,-8,1,-9,2,-9,2,-9,3,-10,4,-10,4,-10,5,-10,5,-10,5,-11,5,-11,6,-10,5,-10,5,-10,5,-11,5,-11,4,-11,4,-12,4,-13,4,-13,4,-14,4,-14,3,-15,3,-15,3,-15]"
[0;32mI (4949) ftm_responder: Counter = 5[0m
CSI_DATA,25,1a:00:00:00:00:00,-46,11,0,0,0,0,0,0,0,0,0,-96,0,1,0,4950281,0,42,0,128,0,"[0,0,-16,-2,-17,-2,-16,-2,-16,-2,-16,-2,-16,-1,-15,-1,-15,0,-15,0,-15,0,-15,0,-15,1,-15,1,-15,2,-15,2,-15,2,-16,2,-16,2,-16,2,-15,0,-15,0,-15,0,-14,-1,-15,-2,-14,-2,-13,-3,0,0,0,0,0,0,0,0,0,0,0,0,0,0,0,0,0,0,0,0,0,0,-8,0,-8,-1,-9,-1,-10,-2,-10,-2,-10,-3,-11,-3,-11,-4,-11,-4,-11,-5,-11,-6,-11,-6,-11,-5,-11,-5,-11,-5,-12,-5,-12,-5,-12,-4,-13,-4,-13,-3,-14,-3,-15,-3,-15,-3,-16,-3,-16,-3,-16,-3]"
CSI_DATA,26,1a:00:00:00:00:00,-46,11,0,0,0,0,0,0,0,0,0,-96,0,1,0,5009185,0,31,0,128,0,"[0,0,13,7,14,6,13,6,13,6,13,6,13,5,13,5,13,4,13,4,13,4,13,3,13,2,14,3,14,2,14,2,15,2,14,2,14,3,14,3,14,3,14,4,13,4,12,5,12,5,11,6,10,6,0,0,0,0,0,0,0,0,0,0,0,0,0,0,0,0,0,0,0,0,0,0,6,2,7,2,7,3,7,4,8,4,8,5,8,6,8,6,8,7,7,7,8,8,8,8,8,7,8,7,8,7,8,7,9,7,9,7,10,7,10,6,11,6,11,6,11,6,12,6,13,7,14,7]"
CSI_DATA,27,1a:00:00:00:00:00,-46,11,0,0,0,0,0,0,0,0,0,-96,0,1,0,5210586,0,31,0,128,0,"[0,0,-16,-3,-17,-2,-16,-3,-15,-3,-16,-2,-15,-2,-16,-2,-15,-1,-15,-1,-15,0,-15,1,-14,1,-15,2,-15,1,-15,2,-16,2,-16,2,-16,2,-16,1,-16,0,-15,0,-15,-1,-15,-1,-14,-2,-13,-2,-13,-3,0,0,0,0,0,0,0,0,0,0,0,0,0,0,0,0,0,0,0,0,0,0,-7,-1,-8,-1,-9,-2,-9,-2,-10,-2,-10,-3,-10,-4,-10,-5,-10,-5,-11,-5,-11,-5,-11,-5,-11,-5,-11,-5,-11,-5,-11,-5,-12,-5,-12,-4,-13,-4,-13,-4,-13,-4,-14,-4,-14,-3,-15,-2,-16,-2,-16,-3]"
CSI_DATA,28,1a:00:00:00:00:00,-46,11,0,0,0,0,0,0,0,0,0,-96,0,1,0,5411608,0,31,0,128,0,"[0,0,14,3,15,2,15,2,14,2,14,2,15,2,14,2,14,1,14,1,14,0,14,-1,13,-1,14,-2,14,-2,14,-2,14,-2,15,-2,15,-1,15,-1,14,0,14,0,14,1,13,2,13,2,12,3,11,3,0,0,0,0,0,0,0,0,0,0,0,0,0,0,0,0,0,0,0,0,0,0,6,0,7,0,8,1,8,1,8,2,9,3,9,3,9,4,9,4,9,5,9,5,9,5,10,5,10,5,9,5,10,4,10,4,10,4,11,3,12,4,12,3,12,3,13,3,14,3,14,2,14,3]"
CSI_DATA,29,1a:00:00:00:00:00,-46,11,0,0,0,0,0,0,0,0,0,-96,0,1,0,5613943,0,31,0,128,0,"[0,0,5,14,5,14,4,14,5,14,5,13,5,13,5,13,6,12,6,12,6,12,7,12,7,11,7,11,8,11,8,12,8,12,8,12,8,12,7,13,6,12,6,13,5,12,4,12,4,12,3,12,2,11,0,0,0,0,0,0,0,0,0,0,0,0,0,0,0,0,0,0,0,0,0,0,3,6,3,6,3,7,2,8,2,8,2,9,2,10,1,10,1,10,0,10,0,11,0,11,0,11,1,11,0,10,1,11,1,11,1,11,2,11,2,12,3,12,3,12,4,13,4,13,4,13,5,14]"
CSI_DATA,30,1a:00:00:00:00:00,-46,11,0,0,0,0,0,0,0,0,0,-96,0,1,0,5814018,0,31,0,128,0,"[0,0,8,12,9,12,9,12,9,12,9,12,9,11,9,11,9,10,9,10,10,9,11,9,10,8,11,8,11,8,11,8,12,9,12,9,12,10,11,10,10,10,10,10,9,10,8,10,8,10,7,10,6,11,0,0,0,0,0,0,0,0,0,0,0,0,0,0,0,0,0,0,0,0,0,0,4,5,5,6,4,6,5,7,4,7,4,8,4,9,3,10,3,10,3,10,3,11,3,11,3,10,3,10,3,10,4,11,4,11,5,10,5,10,6,11,6,11,7,11,7,11,8,12,9,12,9,12]"
[0;32mI (5949) ftm_responder: Counter = 6[0m
CSI_DATA,31,1a:00:00:00:00:00,-46,11,0,0,0,0,0,0,0,0,0,-96,0,1,0,6015139,0,31,0,128,0,"[0,0,11,10,11,10,11,10,11,10,11,9,11,9,11,9,11,8,11,8,12,7,12,7,12,6,12,6,13,6,13,7,14,7,13,7,13,8,13,7,12,8,11,8,11,9,9,8,9,9,8,9,8,9,0,0,0,0,0,0,0,0,0,0,0,0,0,0,0,0,0,0,0,0,0,0,6,4,6,4,6,5,6,6,6,6,6,7,6,8,5,8,5,9,5,9,6,9,6,9,6,9,6,9,6,9,6,9,6,9,7,9,7,9,8,9,8,9,9,9,9,9,10,9,11,10,11,10]"
CSI_DATA,32,1a:00:00:00:00:00,-46,11,0,0,0,0,0,0,0,0,0,-96,0,1,0,6224128,0,31,0,128,0,"[0,0,3,-16,2,-16,3,-16,2,-15,2,-16,2,-15,1,-15,1,-15,0,-15,0,-15,-1,-15,-1,-15,-1,-15,-2,-15,-2,-15,-2,-16,-1,-16,-1,-16,-1,-16,0,-15,0,-15,1,-15,2,-14,2,-14,3,-13,3,-13,0,0,0,0,0,0,0,0,0,0,0,0,0,0,0,0,0,0,0,0,0,0,0,-8,0,-9,1,-9,2,-10,2,-10,3,-10,3,-10,4,-10,4,-11,5,-10,5,-11,5,-11,5,-11,5,-11,5,-11,4,-11,4,-11,4,-12,4,-12,4,-13,3,-13,3,-14,3,-14,3,-15,3,-15,3,-16]"
CSI_DATA,33,1a:00:00:00:00:00,-46,11,0,0,0,0,0,0,0,0,0,-96,0,1,0,6417435,0,31,0,128,0,"[0,0,10,12,10,11,10,11,10,11,10,10,10,10,10,10,10,9,10,9,11,9,11,8,11,8,12,8,12,7,12,8,13,8,12,8,12,8,12,9,11,9,11,9,10,9,9,9,8,10,8,10,7,10,0,0,0,0,0,0,0,0,0,0,0,0,0,0,0,0,0,0,0,0,0,0,5,5,5,5,5,6,5,6,5,7,5,8,5,9,4,9,4,10,4,10,4,11,4,10,4,10,4,10,4,10,5,10,5,10,5,10,6,10,7,10,8,10,8,10,8,11,9,11,9,11,10,12]"
CSI_DATA,34,1a:00:00:00:00:00,-46,11,0,0,0,0,0,0,0,0,0,-96,0,1,0,6477922,0,42,0,128,0,"[0,0,-9,13,-10,13,-10,13,-9,12,-9,13,-8,13,-8,12,-7,12,-7,12,-6,12,-6,13,-5,13,-5,13,-5,14,-5,14,-5,14,-6,14,-6,14,-6,14,-7,13,-7,13,-8,12,-8,12,-8,11,-8,10,-9,9,0,0,0,0,0,0,0,0,0,0,0,0,0,0,0,0,0,0,0,0,0,0,-4,6,-4,6,-5,7,-6,7,-7,7,-7,7,-8,7,-8,7,-9,7,-9,7,-9,7,-9,7,-10,7,-10,7,-10,7,-9,7,-9,8,-9,8,-9,9,-9,9,-9,10,-9,11,-9,11,-9,12,-9,12,-9,13]"
CSI_DATA,35,1a:00:00:00:00:00,-46,11,0,0,0,0,0,0,0,0,0,-96,0,1,0,6545036,0,31,0,128,0,"[0,0,-14,5,-15,5,-14,5,-14,5,-13,5,-13,5,-13,6,-12,6,-12,6,-12,7,-12,7,-11,7,-12,8,-11,8,-12,8,-12,8,-12,8,-12,7,-12,8,-12,7,-12,7,-12,5,-12,5,-12,4,-12,3,-11,3,0,0,0,0,0,0,0,0,0,0,0,0,0,0,0,0,0,0,0,0,0,0,-6,3,-7,3,-8,3,-8,2,-9,2,-9,2,-10,1,-10,1,-10,1,-11,1,-11,0,-11,0,-11,0,-11,1,-11,1,-12,1,-11,1,-11,2,-12,2,-12,3,-12,4,-13,3,-13,4,-13,5,-14,5,-14,5]"
CSI_DATA,36,1a:00:00:00:00:00,-46,11,0,0,0,0,0,0,0,0,0,-96,0,1,0,6746765,0,31,0,128,0,"[0,0,6,14,6,13,6,13,7,13,6,13,6,13,7,12,7,12,7,12,8,11,8,11,8,11,9,11,9,11,9,11,9,11,9,11,9,12,8,12,8,12,7,12,6,12,5,12,5,12,3,11,3,12,0,0,0,0,0,0,0,0,0,0,0,0,0,0,0,0,0,0,0,0,0,0,4,5,4,6,4,6,4,7,3,8,3,9,3,9,2,10,2,10,2,10,2,11,2,11,2,11,2,11,2,11,2,11,3,11,3,11,3,11,4,11,4,11,5,12,5,12,6,13,6,13,6,13]"
[0;32mI (6949) ftm_responder: Counter = 7[0m
CSI_DATA,37,1a:00:00:00:00:00,-46,11,0,0,0,0,0,0,0,0,0,-96,0,1,0,6949739,0,31,0,128,0,"[0,0,7,-14,6,-14,7,-14,6,-14,6,-14,6,-14,5,-14,5,-14,4,-14,4,-14,4,-14,3,-14,3,-14,3,-15,3,-15,3,-15,3,-15,3,-15,4,-15,4,-14,5,-14,6,-14,6,-13,6,-12,6,-11,7,-10,0,0,0,0,0,0,0,0,0,0,0,0,0,0,0,0,0,0,0,0,0,0,2,-7,2,-7,3,-8,4,-8,4,-9,5,-8,5,-9,6,-9,6,-9,7,-8,7,-9,7,-9,8,-9,7,-9,7,-9,7,-10,7,-9,6,-10,7,-10,7,-11,7,-12,7,-12,6,-12,6,-13,7,-13,7,-14]"
CSI_DATA,38,1a:00:00:00:00:00,-46,11,0,0,0,0,0,0,0,0,0,-96,0,1,0,7148500,0,31,0,128,0,"[0,0,3,15,3,15,3,15,3,15,3,14,4,14,4,14,4,13,4,13,5,13,5,13,5,12,6,12,7,13,6,13,7,13,6,13,5,13,6,14,5,14,4,13,3,13,2,13,2,13,1,12,0,12,0,0,0,0,0,0,0,0,0,0,0,0,0,0,0,0,0,0,0,0,0,0,2,6,2,7,2,7,2,8,1,8,1,9,1,10,0,10,0,10,-1,10,-1,11,-1,11,-1,11,-1,11,-1,11,0,11,0,11,0,11,1,12,2,12,1,12,2,13,2,13,3,14,3,15,3,15]"
CSI_DATA,39,1a:00:00:00:00:00,-46,11,0,0,0,0,0,0,0,0,0,-96,0,1,0,7349652,0,31,0,128,0,"[0,0,-14,5,-15,5,-14,5,-14,5,-14,5,-14,6,-14,6,-13,6,-13,6,-13,7,-12,7,-12,7,-12,7,-12,7,-12,8,-12,8,-13,9,-12,7,-13,8,-13,7,-13,6,-13,6,-13,5,-13,4,-12,3,-12,2,0,0,0,0,0,0,0,0,0,0,0,0,0,0,0,0,0,0,0,0,0,0,-6,2,-7,2,-8,2,-8,2,-9,2,-9,1,-10,1,-10,1,-11,1,-11,0,-11,0,-11,0,-12,0,-12,0,-11,0,-12,1,-11,1,-12,1,-12,2,-12,3,-13,3,-13,3,-13,3,-14,4,-14,4,-14,4]"
CSI_DATA,40,1a:00:00:00:00:00,-46,11,0,0,0,0,0,0,0,0,0,-96,0,1,0,7550799,0,31,0,128,0,"[0,0,-16,4,-16,4,-16,4,-15,4,-15,4,-15,4,-15,4,-15,5,-14,5,-14,6,-14,6,-13,7,-13,7,-13,7,-14,7,-14,7,-14,7,-14,6,-15,6,-14,5,-14,5,-14,4,-14,4,-14,3,-13,2,-13,1,0,0,0,0,0,0,0,0,0,0,0,0,0,0,0,0,0,0,0,0,0,0,-7,3,-7,2,-8,2,-9,2,-10,2,-10,1,-11,1,-11,0,-11,0,-12,0,-12,0,-12,0,-12,0,-12,0,-12,0,-12,0,-12,0,-12,1,-13,1,-13,2,-14,2,-14,3,-14,3,-15,4,-15,4,-15,4]"
CSI_DATA,41,1a:00:00:00:00:00,-46,11,0,0,0,0,0,0,0,0,0,-96,0,1,0,7752182,0,31,0,128,0,"[0,0,-8,-14,-8,-14,-8,-15,-8,-14,-8,-14,-8,-14,-8,-13,-9,-13,-9,-13,-9,-12,-10,-12,-10,-11,-11,-11,-11,-12,-11,-12,-11,-12,-11,-12,-11,-12,-10,-13,-9,-13,-9,-13,-8,-13,-7,-13,-7,-12,-6,-12,-5,-12,0,0,0,0,0,0,0,0,0,0,0,0,0,0,0,0,0,0,0,0,0,0,-5,-6,-5,-7,-5,-7,-5,-8,-4,-9,-4,-10,-4,-10,-4,-11,-3,-11,-3,-11,-3,-12,-3,-12,-3,-12,-3,-11,-3,-12,-4,-12,-4,-12,-4,-12,-5,-12,-5,-12,-6,-13,-6,-13,-7,-13,-8,-13,-8,-14,-8,-14]"
[0;32mI (7949) ftm_responder: Counter = 8[0m
CSI_DATA,42,1a:00:00:00:00:00,-46,11,0,0,0,0,0,0,0,0,0,-96,0,1,0,7953217,0,31,0,128,0,"[0,0,4,-15,4,-15,5,-15,4,-15,4,-15,3,-15,3,-15,3,-15,2,-15,1,-15,1,-15,1,-15,1,-15,0,-15,0,-15,0,-16,0,-16,1,-16,1,-16,1,-15,2,-15,3,-14,3,-14,4,-13,4,-12,5,-12,0,0,0,0,0,0,0,0,0,0,0,0,0,0,0,0,0,0,0,0,0,0,1,-7,1,-8,2,-8,2,-9,3,-9,4,-9,4,-9,4,-10,5,-9,6,-9,6,-10,6,-10,6,-9,6,-10,6,-9,6,-10,5,-11,5,-11,5,-11,5,-12,4,-12,5,-13,4,-13,5,-14,5,-15,4,-15]"
CSI_DATA,43,1a:00:00:00:00:00,-46,11,0,0,0,0,0,0,0,0,0,-96,0,1,0,8013642,0,42,0,128,0,"[0,0,-16,-2,-16,-2,-16,-2,-15,-2,-16,-1,-16,-1,-15,-1,-15,-1,-15,0,-14,0,-15,1,-14,2,-15,2,-15,2,-15,2,-16,2,-15,2,-16,2,-15,1,-15,1,-15,0,-15,-1,-14,-1,-14,-1,-13,-2,-13,-3,0,0,0,0,0,0,0,0,0,0,0,0,0,0,0,0,0,0,0,0,0,0,-7,0,-8,-1,-9,-1,-9,-2,-10,-2,-10,-3,-10,-4,-10,-4,-10,-5,-10,-5,-11,-5,-11,-5,-11,-5,-11,-5,-11,-5,-11,-5,-12,-4,-11,-4,-13,-4,-13,-3,-13,-3,-14,-3,-14,-3,-15,-2,-15,-2,-15,-2]"
CSI_DATA,44,1a:00:00:00:00:00,-46,11,0,0,0,0,0,0,0,0,0,-96,0,1,0,8081580,0,31,0,128,0,"[0,0,9,-13,9,-13,9,-13,8,-13,9,-13,8,-14,8,-13,7,-13,7,-13,6,-13,6,-14,6,-14,5,-14,5,-15,5,-14,5,-15,5,-15,5,-15,6,-15,6,-14,7,-13,7,-13,7,-12,7,-11,8,-11,8,-10,0,0,0,0,0,0,0,0,0,0,0,0,0,0,0,0,0,0,0,0,0,0,3,-7,4,-7,4,-7,5,-7,6,-7,7,-8,7,-7,8,-7,8,-7,9,-7,9,-7,9,-7,9,-7,9,-7,9,-7,9,-8,9,-8,8,-8,9,-9,9,-10,9,-10,9,-11,8,-11,9,-12,9,-12,9,-13]"
CSI_DATA,45,1a:00:00:00:00:00,-46,11,0,0,0,0,0,0,0,0,0,-96,0,1,0,8283490,0,31,0,128,0,"[0,0,-16,2,-16,3,-16,3,-15,3,-15,3,-15,3,-15,3,-14,4,-14,4,-14,5,-13,5,-13,6,-14,6,-14,6,-14,6,-14,6,-14,6,-14,6,-14,5,-14,4,-14,4,-14,3,-14,3,-13,2,-13,1,-13,1,0,0,0,0,0,0,0,0,0,0,0,0,0,0,0,0,0,0,0,0,0,0,-7,2,-7,2,-8,2,-9,1,-10,1,-10,0,-10,0,-11,-1,-11,-1,-11,-1,-11,-1,-11,-1,-12,-1,-12,-1,-12,-1,-12,-1,-12,-1,-12,-1,-13,0,-13,1,-13,1,-14,1,-14,2,-15,2,-15,3,-15,3]"
CSI_DATA,46,1a:00:00:00:00:00,-46,11,0,0,0,0,0,0,0,0,0,-96,0,1,0,8483809,0,31,0,128,0,"[0,0,15,-3,15,-3,16,-3,15,-3,15,-4,15,-4,14,-4,14,-4,14,-4,13,-5,13,-6,13,-6,13,-6,14,-7,13,-6,14,-7,14,-7,14,-6,14,-6,14,-5,14,-4,14,-4,13,-3,13,-2,12,-2,12,-1,0,0,0,0,0,0,0,0,0,0,0,0,0,0,0,0,0,0,0,0,0,0,6,-3,7,-3,8,-3,8,-2,9,-2,9,-1,10,-1,10,0,11,0,11,1,11,1,11,1,11,1,11,1,11,1,11,0,12,0,12,0,12,-1,12,-1,13,-2,14,-2,13,-2,14,-3,15,-3,15,-3]"
CSI_DATA,47,1a:00:00:00:00:00,-46,11,0,0,0,0,0,0,0,0,0,-95,0,1,0,8686089,0,31,0,128,0,"[0,0,6,14,6,13,5,14,6,13,6,13,6,13,6,12,7,12,7,11,7,11,8,11,8,11,8,11,9,11,9,11,9,11,9,11,8,12,9,12,8,12,7,12,6,12,5,12,5,12,4,11,3,11,0,0,0,0,0,0,0,0,0,0,0,0,0,0,0,0,0,0,0,0,0,0,3,5,3,6,3,7,3,7,3,8,2,9,2,10,2,10,1,10,1,10,1,11,1,11,1,11,1,11,1,11,2,11,2,11,2,11,2,11,3,12,4,12,4,12,4,12,5,13,5,13,6,14]"
CSI_DATA,48,1a:00:00:00:00:00,-46,11,0,0,0,0,0,0,0,0,0,-95,0,1,0,8886421,0,31,0,128,0,"[0,0,14,-2,15,-3,15,-3,14,-3,15,-3,14,-3,14,-3,14,-4,13,-4,13,-4,13,-5,13,-5,13,-5,14,-6,13,-5,14,-6,14,-6,14,-5,14,-5,13,-4,14,-4,13,-3,13,-2,13,-2,12,-1,12,0,0,0,0,0,0,0,0,0,0,0,0,0,0,0,0,0,0,0,0,0,0,0,6,-3,7,-2,7,-2,8,-2,9,-1,9,-1,10,0,10,0,10,1,10,1,10,1,10,1,11,1,11,1,11,1,11,1,11,1,11,0,12,0,12,-1,12,-1,13,-1,13,-1,14,-2,15,-2,15,-2]"
[0;32mI (8949) ftm_responder: Counter = 9[0m
CSI_DATA,49,1a:00:00:00:00:00,-46,11,0,0,0,0,0,0,0,0,0,-95,0,1,0,9087726,0,31,0,128,0,"[0,0,-3,-16,-3,-16,-3,-16,-3,-16,-3,-16,-4,-15,-4,-15,-4,-15,-5,-14,-5,-14,-6,-15,-6,-14,-6,-14,-7,-14,-7,-14,-7,-15,-6,-15,-6,-15,-6,-15,-5,-15,-5,-15,-4,-14,-3,-14,-3,-14,-2,-14,-1,-13,0,0,0,0,0,0,0,0,0,0,0,0,0,0,0,0,0,0,0,0,0,0,-3,-7,-2,-8,-2,-8,-2,-9,-1,-10,-1,-10,0,-11,0,-11,1,-11,1,-11,1,-12,1,-12,1,-12,1,-12,1,-12,1,-12,0,-13,0,-12,0,-13,-1,-13,-1,-13,-2,-14,-2,-14,-2,-15,-3,-15,-3,-16]"
CSI_DATA,50,1a:00:00:00:00:00,-46,11,0,0,0,0,0,0,0,0,0,-95,0,1,0,9291158,0,31,0,128,0,"[0,0,-9,-13,-9,-13,-9,-13,-9,-12,-9,-12,-9,-12,-10,-12,-10,-11,-10,-11,-10,-11,-11,-11,-11,-10,-11,-10,-12,-10,-12,-10,-12,-10,-12,-11,-11,-11,-11,-11,-11,-11,-10,-11,-9,-12,-8,-12,-8,-11,-7,-11,-6,-12,0,0,0,0,0,0,0,0,0,0,0,0,0,0,0,0,0,0,0,0,0,0,-5,-5,-5,-6,-5,-7,-5,-8,-5,-8,-5,-9,-5,-10,-4,-10,-4,-10,-3,-10,-4,-11,-3,-11,-3,-11,-4,-11,-4,-11,-4,-11,-5,-11,-5,-11,-6,-11,-6,-11,-6,-11,-7,-12,-7,-12,-8,-12,-8,-13,-9,-13]"
CSI_DATA,51,1a:00:00:00:00:00,-46,11,0,0,0,0,0,0,0,0,0,-95,0,1,0,9489781,0,31,0,128,0,"[0,0,-14,-10,-14,-9,-14,-9,-14,-9,-14,-9,-14,-9,-14,-8,-14,-8,-14,-7,-14,-7,-15,-7,-14,-6,-14,-6,-15,-6,-15,-6,-16,-6,-16,-6,-16,-7,-15,-7,-15,-7,-14,-8,-13,-8,-13,-8,-12,-8,-11,-9,-10,-9,0,0,0,0,0,0,0,0,0,0,0,0,0,0,0,0,0,0,0,0,0,0,-7,-4,-7,-5,-8,-5,-8,-6,-8,-7,-8,-8,-8,-8,-8,-9,-7,-9,-7,-10,-8,-10,-8,-10,-8,-10,-8,-10,-8,-10,-8,-10,-8,-10,-9,-10,-9,-9,-10,-9,-10,-9,-11,-9,-12,-9,-13,-9,-13,-9,-13,-10]"
CSI_DATA,52,1a:00:00:00:00:00,-46,11,0,0,0,0,0,0,0,0,0,-95,0,1,0,9550247,0,42,0,128,0,"[0,0,4,-15,4,-16,4,-16,4,-15,3,-16,3,-15,2,-15,2,-15,1,-15,1,-15,1,-15,0,-15,0,-15,0,-15,0,-15,0,-16,0,-16,0,-16,1,-16,1,-15,1,-15,2,-15,3,-14,3,-14,4,-13,5,-12,0,0,0,0,0,0,0,0,0,0,0,0,0,0,0,0,0,0,0,0,0,0,1,-7,1,-8,2,-8,3,-9,3,-9,4,-10,4,-10,5,-10,5,-10,6,-9,6,-10,6,-10,6,-10,6,-10,6,-10,6,-10,5,-11,5,-11,5,-11,5,-12,4,-12,4,-13,4,-13,4,-14,4,-15,4,-15]"
CSI_DATA,53,1a:00:00:00:00:00,-47,11,0,0,0,0,0,0,0,0,0,-95,0,1,0,9616870,0,31,0,128,0,"[0,0,3,15,5,14,4,14,4,14,4,14,4,14,5,13,5,13,5,13,6,12,6,12,6,12,6,12,7,12,7,13,8,13,7,13,7,14,6,13,5,13,5,13,4,13,3,13,3,13,2,12,1,12,0,0,0,0,0,0,0,0,0,0,0,0,0,0,0,0,0,0,0,0,0,0,3,6,3,7,2,7,2,8,1,8,1,9,1,10,0,10,0,10,-1,10,-1,11,-1,11,-1,11,-1,10,-1,11,0,11,0,11,1,11,1,12,1,12,2,11,2,12,3,13,3,13,4,14,4,15]"
CSI_DATA,54,1a:00:00:00:00:00,-47,11,0,0,0,0,0,0,0,0,0,-95,0,1,0,9818267,0,31,0,128,0,"[0,0,-16,2,-17,3,-16,2,-16,2,-16,3,-16,3,-15,3,-15,3,-14,3,-15,3,-15,5,-14,5,-14,5,-14,6,-14,5,-15,6,-15,6,-16,5,-16,4,-15,4,-15,4,-15,3,-15,2,-15,1,-14,0,-13,-1,0,0,0,0,0,0,0,0,0,0,0,0,0,0,0,0,0,0,0,0,0,0,-7,1,-8,1,-9,1,-10,1,-10,0,-11,-1,-11,-1,-11,-2,-11,-2,-12,-3,-12,-3,-12,-3,-12,-3,-12,-3,-12,-3,-12,-2,-12,-2,-13,-1,-13,-1,-14,0,-14,0,-14,0,-15,0,-15,0,-16,0,-15,1]"
[0;32mI (9949) ftm_responder: Counter = 10[0m
CSI_DATA,55,1a:00:00:00:00:00,-47,11,0,0,0,0,0,0,0,0,0,-95,0,1,0,10019692,0,31,0,128,0,"[0,0,-7,14,-7,14,-7,14,-7,14,-6,14,-6,14,-6,14,-5,14,-5,13,-4,14,-3,14,-3,14,-3,14,-3,14,-3,15,-3,15,-3,15,-3,15,-4,15,-4,14,-5,14,-5,13,-6,12,-6,12,-6,11,-7,10,0,0,0,0,0,0,0,0,0,0,0,0,0,0,0,0,0,0,0,0,0,0,-3,7,-3,7,-4,7,-5,8,-5,8,-6,8,-7,8,-7,8,-8,8,-8,8,-9,8,-9,8,-9,8,-9,8,-8,8,-8,9,-8,9,-7,9,-8,10,-7,11,-7,11,-7,12,-7,12,-7,13,-7,13,-7,14]"
CSI_DATA,56,1a:00:00:00:00:00,-46,11,0,0,0,0,0,0,0,0,0,-95,0,1,0,10220568,0,31,0,128,0,"[0,0,-1,-16,-2,-16,-2,-16,-2,-15,-2,-15,-2,-15,-3,-15,-3,-15,-4,-14,-4,-14,-4,-14,-4,-14,-5,-14,-5,-14,-5,-14,-6,-15,-5,-15,-5,-15,-5,-15,-4,-15,-4,-15,-2,-14,-2,-14,-1,-14,0,-13,0,-13,0,0,0,0,0,0,0,0,0,0,0,0,0,0,0,0,0,0,0,0,0,0,-2,-8,-2,-8,-1,-9,-1,-10,0,-10,0,-11,1,-11,1,-11,1,-12,2,-11,2,-12,3,-12,3,-12,2,-12,2,-11,2,-12,2,-12,1,-12,1,-13,0,-13,0,-13,-1,-14,-1,-14,-1,-15,-1,-15,-1,-16]"
CSI_DATA,57,1a:00:00:00:00:00,-46,11,0,0,0,0,0,0,0,0,0,-95,0,1,0,10421715,0,31,0,128,0,"[0,0,7,-14,7,-14,7,-14,7,-14,7,-14,6,-14,6,-14,6,-14,5,-14,4,-14,4,-15,3,-14,3,-15,3,-15,3,-15,3,-16,4,-16,4,-15,4,-15,4,-14,5,-14,6,-14,6,-13,6,-12,6,-11,7,-11,0,0,0,0,0,0,0,0,0,0,0,0,0,0,0,0,0,0,0,0,0,0,3,-7,3,-7,4,-8,5,-8,6,-8,6,-8,7,-8,7,-8,8,-8,8,-8,8,-8,8,-8,9,-8,9,-8,8,-8,8,-9,8,-9,8,-9,8,-10,8,-10,7,-11,7,-12,7,-12,8,-13,8,-14,8,-14]"
CSI_DATA,58,1a:00:00:00:00:00,-46,11,0,0,0,0,0,0,0,0,0,-95,0,1,0,10622966,0,31,0,128,0,"[0,0,8,13,9,12,9,12,9,12,9,11,9,11,9,11,9,11,9,10,10,10,11,10,10,9,11,9,11,9,12,9,12,9,12,10,11,10,11,10,10,10,10,11,9,11,8,11,7,11,6,11,5,11,0,0,0,0,0,0,0,0,0,0,0,0,0,0,0,0,0,0,0,0,0,0,5,5,5,6,5,6,5,7,5,8,4,8,4,9,4,10,4,10,3,10,3,11,3,11,3,11,3,11,3,10,4,11,4,11,5,11,5,11,6,11,6,11,7,11,7,12,8,12,9,13,9,12]"
CSI_DATA,59,1a:00:00:00:00:00,-46,11,0,0,0,0,0,0,0,0,0,-95,0,1,0,10824633,0,31,0,128,0,"[0,0,-16,4,-16,5,-16,4,-16,4,-15,4,-15,5,-15,5,-15,5,-14,6,-14,6,-13,7,-13,7,-14,7,-13,8,-14,8,-14,8,-14,8,-14,7,-14,7,-14,6,-15,6,-15,5,-14,4,-14,3,-14,2,-13,1,0,0,0,0,0,0,0,0,0,0,0,0,0,0,0,0,0,0,0,0,0,0,-7,2,-8,2,-9,2,-10,2,-11,1,-11,1,-11,0,-12,0,-12,0,-12,-1,-12,-1,-12,-1,-13,-1,-13,-1,-13,-1,-13,0,-13,0,-13,0,-13,1,-14,2,-14,2,-14,2,-15,3,-16,3,-16,4,-16,4]"
[0;32mI (10949) ftm_responder: Counter = 11[0m
CSI_DATA,60,1a:00:00:00:00:00,-46,11,0,0,0,0,0,0,0,0,0,-95,0,1,0,11025475,0,31,0,128,0,"[0,0,-5,15,-5,14,-5,15,-5,14,-5,14,-4,14,-4,14,-3,14,-3,14,-2,14,-2,14,-2,14,-1,14,-1,15,-1,14,-1,15,-1,15,-2,15,-2,15,-3,14,-3,14,-4,14,-4,13,-5,12,-5,11,-6,11,0,0,0,0,0,0,0,0,0,0,0,0,0,0,0,0,0,0,0,0,0,0,-2,7,-2,7,-3,7,-3,8,-4,8,-5,8,-5,9,-6,9,-6,9,-7,8,-7,9,-7,9,-7,9,-7,9,-7,9,-6,9,-6,10,-6,10,-6,10,-6,11,-5,12,-5,12,-5,13,-5,13,-5,14,-5,14]"
CSI_DATA,61,1a:00:00:00:00:00,-46,11,0,0,0,0,0,0,0,0,0,-95,0,1,0,11087870,0,42,0,128,0,"[0,0,14,6,14,6,14,5,14,6,14,5,13,5,14,4,14,4,13,4,14,3,14,3,13,2,14,2,14,2,14,2,15,2,15,2,14,3,14,3,14,3,14,4,13,5,12,5,12,5,11,6,10,6,0,0,0,0,0,0,0,0,0,0,0,0,0,0,0,0,0,0,0,0,0,0,6,1,7,2,7,2,8,3,8,4,8,4,8,5,8,5,8,6,8,6,8,7,8,7,9,7,8,7,9,7,9,7,9,6,9,6,10,6,11,5,11,5,12,5,12,6,13,5,13,6,14,6]"
CSI_DATA,62,1a:00:00:00:00:00,-46,11,0,0,0,0,0,0,0,0,0,-95,0,1,0,11153047,0,31,0,128,0,"[0,0,-15,-6,-16,-6,-16,-5,-15,-5,-15,-4,-15,-5,-15,-4,-15,-4,-15,-3,-15,-3,-15,-2,-15,-1,-15,-1,-15,-1,-15,-1,-16,-1,-16,-1,-16,-2,-16,-3,-15,-3,-15,-4,-14,-4,-14,-4,-14,-5,-12,-5,-12,-6,0,0,0,0,0,0,0,0,0,0,0,0,0,0,0,0,0,0,0,0,0,0,-8,-1,-8,-2,-9,-2,-9,-3,-10,-3,-9,-4,-10,-5,-10,-6,-10,-6,-10,-6,-10,-7,-10,-7,-10,-7,-11,-7,-10,-7,-11,-6,-11,-6,-11,-6,-12,-6,-12,-6,-13,-5,-14,-6,-14,-5,-14,-5,-15,-5,-15,-5]"
CSI_DATA,63,1a:00:00:00:00:00,-46,11,0,0,0,0,0,0,0,0,0,-95,0,1,0,11354128,0,31,0,128,0,"[0,0,-7,14,-7,14,-7,14,-6,14,-6,14,-6,13,-6,14,-5,14,-5,14,-4,14,-3,15,-3,14,-3,14,-3,15,-2,15,-2,15,-3,15,-3,15,-3,15,-4,14,-4,14,-5,13,-6,13,-6,13,-6,11,-7,11,0,0,0,0,0,0,0,0,0,0,0,0,0,0,0,0,0,0,0,0,0,0,-2,7,-3,7,-4,7,-4,8,-5,8,-6,8,-7,8,-7,8,-8,8,-8,8,-9,9,-8,8,-8,8,-8,8,-9,8,-8,9,-8,9,-7,10,-7,10,-7,11,-7,11,-7,11,-7,13,-7,14,-7,14,-7,14]"
CSI_DATA,64,1a:00:00:00:00:00,-46,11,0,0,0,0,0,0,0,0,0,-95,0,1,0,11556357,0,31,0,128,0,"[0,0,15,1,15,0,16,0,15,0,15,0,14,0,14,-1,14,-1,14,-1,13,-2,14,-3,13,-3,13,-4,14,-4,14,-3,15,-4,14,-3,15,-3,15,-2,14,-1,14,-1,14,0,13,0,13,0,12,1,12,2,0,0,0,0,0,0,0,0,0,0,0,0,0,0,0,0,0,0,0,0,0,0,6,-1,7,-1,8,-1,9,0,9,0,9,1,10,2,9,2,10,3,10,3,10,3,10,3,11,3,11,3,11,3,10,3,11,2,11,2,12,1,12,1,13,1,13,1,13,1,14,0,15,0,15,0]"
CSI_DATA,65,1a:00:00:00:00:00,-46,11,0,0,0,0,0,0,0,0,0,-95,0,1,0,11756531,0,31,0,128,0,"[0,0,-5,-16,-5,-16,-5,-15,-5,-15,-5,-15,-5,-15,-6,-14,-6,-14,-6,-14,-7,-14,-8,-13,-8,-13,-8,-13,-8,-13,-8,-13,-9,-13,-9,-14,-8,-13,-8,-14,-8,-14,-7,-14,-6,-14,-6,-14,-5,-13,-4,-13,-3,-13,0,0,0,0,0,0,0,0,0,0,0,0,0,0,0,0,0,0,0,0,0,0,-3,-7,-3,-8,-2,-9,-2,-9,-2,-10,-1,-10,-1,-11,-1,-11,0,-11,0,-12,0,-12,0,-12,0,-12,0,-12,0,-12,0,-12,-1,-12,-1,-13,-1,-12,-2,-13,-3,-13,-3,-14,-4,-15,-4,-14,-4,-15,-4,-15]"
[0;32mI (11949) ftm_responder: Counter = 12[0m
CSI_DATA,66,1a:00:00:00:00:00,-46,11,0,0,0,0,0,0,0,0,0,-95,0,1,0,11957645,0,31,0,128,0,"[0,0,-16,-5,-16,-5,-16,-4,-15,-4,-15,-4,-15,-4,-15,-3,-15,-3,-15,-3,-15,-2,-15,-1,-15,-1,-15,0,-16,0,-15,0,-16,0,-16,0,-16,-1,-16,-1,-15,-1,-15,-2,-15,-3,-14,-3,-14,-4,-13,-4,-12,-5,0,0,0,0,0,0,0,0,0,0,0,0,0,0,0,0,0,0,0,0,0,0,-8,-2,-8,-2,-9,-3,-9,-3,-9,-4,-9,-5,-10,-5,-10,-6,-10,-6,-10,-7,-10,-7,-10,-7,-10,-7,-10,-7,-10,-7,-11,-7,-11,-6,-11,-6,-12,-6,-12,-5,-13,-5,-13,-5,-13,-5,-15,-5,-15,-5,-15,-5]"
CSI_DATA,67,1a:00:00:00:00:00,-46,11,0,0,0,0,0,0,0,0,0,-95,0,1,0,12158971,0,31,0,128,0,"[0,0,-16,1,-16,1,-16,1,-15,1,-16,2,-15,2,-15,2,-15,3,-14,3,-14,3,-14,4,-14,4,-14,5,-15,5,-14,4,-15,5,-15,5,-15,4,-15,4,-15,3,-15,3,-15,2,-14,1,-14,1,-13,0,-13,-1,0,0,0,0,0,0,0,0,0,0,0,0,0,0,0,0,0,0,0,0,0,0,-7,2,-8,1,-9,1,-10,1,-10,0,-10,0,-11,-1,-11,-1,-11,-2,-11,-2,-12,-2,-12,-2,-12,-2,-12,-2,-12,-2,-12,-2,-12,-2,-12,-1,-13,-1,-13,0,-14,0,-14,0,-14,1,-15,1,-16,1,-16,1]"
CSI_DATA,68,1a:00:00:00:00:00,-46,11,0,0,0,0,0,0,0,0,0,-95,0,1,0,12360116,0,31,0,128,0,"[0,0,-13,9,-13,9,-13,9,-13,9,-13,9,-13,10,-12,10,-11,10,-11,10,-10,10,-10,11,-10,11,-10,11,-10,12,-9,12,-10,12,-10,12,-10,12,-10,12,-11,11,-11,10,-11,10,-11,9,-12,8,-11,7,-12,6,0,0,0,0,0,0,0,0,0,0,0,0,0,0,0,0,0,0,0,0,0,0,-6,5,-6,5,-7,5,-8,5,-9,4,-9,4,-10,4,-10,4,-11,4,-11,3,-12,3,-12,3,-12,3,-12,3,-12,3,-12,4,-11,4,-11,5,-12,5,-12,6,-12,6,-12,7,-12,7,-13,8,-13,9,-13,9]"
CSI_DATA,69,1a:00:00:00:00:00,-46,11,0,0,0,0,0,0,0,0,0,-95,0,1,0,12561250,0,31,0,128,0,"[0,0,-6,14,-6,14,-6,14,-6,14,-6,14,-6,14,-5,14,-4,13,-4,13,-3,13,-3,14,-2,14,-2,14,-2,14,-2,14,-2,15,-2,15,-3,15,-3,15,-4,14,-4,14,-4,13,-5,13,-6,12,-5,11,-6,11,0,0,0,0,0,0,0,0,0,0,0,0,0,0,0,0,0,0,0,0,0,0,-2,6,-3,7,-4,7,-4,8,-5,8,-6,8,-6,8,-7,8,-7,8,-8,8,-8,8,-8,9,-8,8,-8,8,-8,8,-8,9,-7,9,-7,9,-7,10,-7,11,-7,11,-7,12,-6,12,-7,13,-7,14,-6,14]"
CSI_DATA,70,1a:00:00:00:00:00,-46,11,0,0,0,0,0,0,0,0,0,-95,0,1,0,12621676,0,42,0,128,0,"[0,0,-5,15,-5,15,-4,15,-4,14,-4,14,-4,14,-3,14,-3,14,-2,14,-1,14,-1,14,-1,14,0,14,0,14,0,14,0,15,0,15,0,15,-1,15,-1,14,-2,14,-3,14,-3,13,-3,13,-4,12,-5,12,0,0,0,0,0,0,0,0,0,0,0,0,0,0,0,0,0,0,0,0,0,0,-1,7,-2,7,-3,8,-3,8,-4,8,-4,9,-5,9,-5,9,-6,9,-6,9,-7,9,-7,9,-7,9,-7,9,-7,9,-6,10,-6,10,-6,10,-6,11,-5,11,-5,12,-5,13,-4,13,-5,14,-4,14,-4,15]"
CSI_DATA,71,1a:00:00:00:00:00,-46,11,0,0,0,0,0,0,0,0,0,-95,0,1,0,12689094,0,31,0,128,0,"[0,0,-13,-8,-15,-8,-14,-7,-13,-7,-14,-7,-13,-6,-13,-6,-13,-6,-13,-5,-14,-5,-14,-4,-14,-3,-14,-3,-14,-3,-14,-3,-15,-4,-15,-3,-15,-4,-15,-4,-14,-5,-14,-6,-13,-6,-13,-6,-12,-6,-11,-7,-10,-7,0,0,0,0,0,0,0,0,0,0,0,0,0,0,0,0,0,0,0,0,0,0,-7,-3,-7,-3,-8,-4,-8,-4,-8,-5,-8,-6,-8,-7,-8,-7,-8,-8,-8,-8,-8,-8,-8,-9,-8,-8,-8,-8,-8,-8,-9,-8,-9,-8,-9,-8,-10,-7,-10,-7,-11,-7,-11,-7,-12,-8,-12,-7,-13,-8,-13,-7]"
CSI_DATA,72,1a:00:00:00:00:00,-46,11,0,0,0,0,0,0,0,0,0,-95,0,1,0,12890175,0,31,0,128,0,"[0,0,-9,-14,-10,-13,-9,-13,-9,-13,-9,-13,-9,-12,-10,-12,-10,-11,-10,-11,-10,-11,-11,-10,-11,-10,-11,-10,-12,-10,-11,-10,-12,-10,-12,-10,-12,-11,-12,-11,-11,-11,-10,-11,-9,-12,-9,-12,-9,-11,-7,-11,-7,-11,0,0,0,0,0,0,0,0,0,0,0,0,0,0,0,0,0,0,0,0,0,0,-5,-6,-5,-6,-5,-7,-5,-8,-5,-9,-5,-10,-5,-10,-5,-11,-4,-11,-4,-11,-4,-12,-4,-12,-4,-11,-4,-11,-4,-11,-5,-12,-5,-12,-5,-12,-6,-11,-6,-11,-7,-12,-7,-12,-8,-12,-8,-13,-9,-13,-8,-14]"
[0;32mI (12949) ftm_responder: Counter = 13[0m
CSI_DATA,73,1a:00:00:00:00:00,-46,11,0,0,0,0,0,0,0,0,0,-95,0,1,0,13091309,0,31,0,128,0,"[0,0,12,-9,12,-10,12,-10,12,-10,12,-10,11,-10,11,-10,11,-10,10,-10,9,-11,9,-11,9,-11,9,-12,9,-12,9,-12,9,-13,9,-12,9,-12,10,-12,10,-11,10,-11,10,-10,10,-9,11,-8,10,-7,11,-6,0,0,0,0,0,0,0,0,0,0,0,0,0,0,0,0,0,0,0,0,0,0,4,-6,5,-6,6,-6,7,-6,7,-6,8,-5,9,-5,9,-5,9,-5,10,-4,10,-4,10,-4,11,-4,10,-4,11,-4,10,-5,10,-5,10,-6,11,-6,11,-7,11,-7,11,-8,11,-8,12,-9,12,-9,12,-10]"
CSI_DATA,74,1a:00:00:00:00:00,-46,11,0,0,0,0,0,0,0,0,0,-95,0,1,0,13292593,0,31,0,128,0,"[0,0,-14,-9,-13,-9,-14,-9,-13,-9,-13,-9,-14,-8,-13,-8,-13,-7,-13,-7,-13,-6,-14,-6,-14,-5,-14,-5,-15,-5,-14,-6,-15,-6,-15,-6,-15,-6,-15,-6,-14,-7,-14,-7,-13,-7,-12,-7,-12,-8,-11,-8,-10,-9,0,0,0,0,0,0,0,0,0,0,0,0,0,0,0,0,0,0,0,0,0,0,-7,-3,-7,-4,-7,-5,-8,-6,-8,-6,-8,-7,-8,-8,-8,-9,-8,-9,-7,-9,-8,-9,-8,-10,-8,-9,-8,-9,-8,-9,-8,-9,-9,-10,-9,-9,-10,-9,-10,-9,-10,-9,-11,-9,-12,-9,-12,-9,-13,-9,-13,-9]"
CSI_DATA,75,1a:00:00:00:00:00,-46,11,0,0,0,0,0,0,0,0,0,-95,0,1,0,13493783,0,31,0,128,0,"[0,0,0,15,-1,15,0,15,0,15,0,14,0,14,1,14,1,14,2,13,2,14,3,14,3,13,3,13,4,14,4,14,4,14,4,14,3,14,3,15,3,14,2,14,1,14,0,13,0,13,-1,12,-2,12,0,0,0,0,0,0,0,0,0,0,0,0,0,0,0,0,0,0,0,0,0,0,1,7,0,7,0,8,-1,8,-1,9,-2,9,-2,10,-3,10,-3,10,-4,10,-4,10,-4,10,-4,10,-4,10,-4,10,-3,11,-3,11,-3,11,-3,11,-2,12,-2,12,-1,13,-1,14,-1,14,-1,15,0,15]"
CSI_DATA,76,1a:00:00:00:00:00,-46,11,0,0,0,0,0,0,0,0,0,-95,0,1,0,13699588,0,31,0,128,0,"[0,0,13,-9,12,-9,13,-10,12,-9,12,-10,12,-9,11,-10,11,-10,10,-10,10,-10,10,-11,9,-11,9,-11,9,-12,9,-11,10,-12,10,-12,10,-12,10,-11,11,-10,11,-10,11,-9,11,-8,11,-8,11,-7,11,-6,0,0,0,0,0,0,0,0,0,0,0,0,0,0,0,0,0,0,0,0,0,0,4,-5,5,-6,6,-6,7,-6,8,-5,8,-5,9,-5,9,-4,10,-4,10,-4,10,-4,10,-4,11,-4,10,-4,10,-4,10,-5,11,-5,10,-5,11,-6,11,-7,11,-7,11,-7,11,-7,12,-9,12,-9,12,-9]"
CSI_DATA,77,1a:00:00:00:00:00,-46,11,0,0,0,0,0,0,0,0,0,-95,0,1,0,13896158,0,31,0,128,0,"[0,0,-11,-13,-11,-12,-11,-13,-11,-12,-11,-12,-11,-12,-11,-11,-11,-11,-11,-10,-12,-9,-13,-9,-12,-9,-13,-9,-13,-9,-13,-9,-14,-9,-13,-9,-14,-10,-13,-10,-13,-10,-12,-10,-11,-11,-10,-10,-10,-11,-9,-11,-8,-11,0,0,0,0,0,0,0,0,0,0,0,0,0,0,0,0,0,0,0,0,0,0,-6,-5,-6,-6,-6,-7,-6,-8,-6,-8,-6,-9,-5,-10,-5,-10,-5,-11,-5,-11,-5,-11,-5,-11,-5,-11,-5,-11,-5,-11,-6,-11,-6,-12,-6,-11,-7,-12,-8,-11,-8,-11,-9,-12,-9,-12,-10,-12,-10,-12,-10,-13]"
[0;32mI (13949) ftm_responder: Counter = 14[0m
CSI_DATA,78,1a:00:00:00:00:00,-46,11,0,0,0,0,0,0,0,0,0,-95,0,1,0,14097305,0,31,0,128,0,"[0,0,-1,-16,-1,-16,-1,-16,-1,-16,-1,-16,-1,-16,-2,-15,-2,-15,-3,-15,-3,-15,-4,-15,-4,-14,-5,-14,-5,-15,-5,-15,-5,-15,-5,-16,-5,-15,-4,-15,-3,-15,-3,-15,-2,-15,-1,-14,-1,-14,0,-13,0,-13,0,0,0,0,0,0,0,0,0,0,0,0,0,0,0,0,0,0,0,0,0,0,-2,-8,-1,-8,-1,-9,0,-9,0,-10,1,-10,1,-11,2,-11,2,-11,3,-11,3,-11,3,-12,3,-11,3,-11,3,-11,2,-12,2,-12,1,-13,1,-13,1,-13,1,-13,0,-14,0,-14,0,-15,-1,-15,0,-16]"
CSI_DATA,79,1a:00:00:00:00:00,-46,11,0,0,0,0,0,0,0,0,0,-95,0,1,0,14157733,0,42,0,128,0,"[0,0,-8,-14,-8,-14,-9,-15,-8,-14,-8,-14,-8,-14,-9,-13,-9,-13,-9,-12,-10,-12,-11,-12,-10,-11,-11,-11,-11,-11,-11,-11,-12,-12,-11,-11,-11,-13,-11,-12,-10,-12,-10,-13,-8,-13,-8,-12,-7,-12,-6,-12,-6,-12,0,0,0,0,0,0,0,0,0,0,0,0,0,0,0,0,0,0,0,0,0,0,-5,-6,-5,-7,-4,-8,-5,-9,-4,-9,-4,-10,-4,-11,-3,-11,-3,-12,-3,-11,-3,-12,-3,-12,-3,-12,-3,-12,-3,-12,-4,-12,-4,-12,-4,-12,-5,-13,-5,-12,-6,-13,-6,-13,-7,-13,-8,-14,-8,-14,-8,-14]"
CSI_DATA,80,1a:00:00:00:00:00,-46,11,0,0,0,0,0,0,0,0,0,-95,0,1,0,14225018,0,31,0,128,0,"[0,0,-15,5,-15,5,-15,6,-14,5,-14,5,-15,6,-14,6,-13,6,-13,6,-13,7,-13,7,-12,7,-12,8,-12,8,-12,8,-13,8,-13,8,-13,8,-13,7,-13,7,-13,6,-13,6,-13,5,-13,4,-13,3,-12,2,0,0,0,0,0,0,0,0,0,0,0,0,0,0,0,0,0,0,0,0,0,0,-6,3,-7,3,-8,3,-9,2,-10,2,-10,2,-10,1,-11,1,-11,1,-11,0,-11,0,-12,0,-12,0,-12,0,-12,0,-12,1,-12,1,-12,1,-13,2,-13,3,-13,3,-13,3,-13,4,-15,4,-15,5,-15,4]"
CSI_DATA,81,1a:00:00:00:00:00,-46,11,0,0,0,0,0,0,0,0,0,-95,0,1,0,14426243,0,31,0,128,0,"[0,0,14,3,15,2,15,2,14,2,14,2,14,1,15,1,14,0,13,0,14,-1,14,-1,14,-1,14,-2,14,-3,13,-2,15,-2,15,-2,15,-2,14,-1,14,-1,14,0,14,1,13,1,13,1,12,2,11,3,0,0,0,0,0,0,0,0,0,0,0,0,0,0,0,0,0,0,0,0,0,0,6,0,7,1,8,1,8,2,9,2,8,3,8,4,9,4,9,5,9,5,9,5,9,5,10,5,10,5,9,5,10,5,10,5,10,4,11,4,12,3,12,3,12,3,13,2,14,3,14,2,14,3]"
CSI_DATA,82,1a:00:00:00:00:00,-46,11,0,0,0,0,0,0,0,0,0,-95,0,1,0,14627440,0,31,0,128,0,"[0,0,6,14,6,14,6,13,7,13,6,13,6,13,7,12,7,12,7,12,8,11,8,11,8,10,9,11,9,10,9,11,9,11,9,11,9,12,8,12,7,12,7,12,6,12,5,12,5,12,4,11,3,11,0,0,0,0,0,0,0,0,0,0,0,0,0,0,0,0,0,0,0,0,0,0,4,5,4,6,3,7,3,7,3,8,3,9,2,10,2,10,2,10,1,11,1,11,1,11,1,11,1,11,1,11,2,11,2,11,3,11,3,11,3,11,4,12,5,12,5,13,5,12,6,13,6,13]"
CSI_DATA,83,1a:00:00:00:00:00,-46,11,0,0,0,0,0,0,0,0,0,-95,0,1,0,14828619,0,31,0,128,0,"[0,0,3,-16,3,-16,3,-16,3,-16,3,-16,2,-16,1,-15,1,-15,1,-15,0,-15,0,-15,-1,-15,-1,-15,-1,-15,-1,-15,-1,-16,-1,-16,-1,-16,0,-16,0,-16,0,-15,1,-15,2,-14,3,-14,3,-13,3,-12,0,0,0,0,0,0,0,0,0,0,0,0,0,0,0,0,0,0,0,0,0,0,0,-8,1,-8,2,-9,2,-9,3,-10,3,-10,4,-10,4,-10,5,-10,5,-10,6,-10,6,-10,6,-10,6,-10,6,-10,5,-11,5,-11,4,-11,4,-12,4,-13,4,-13,4,-14,3,-14,4,-14,3,-15,3,-16]"
[0;32mI (14949) ftm_responder: Counter = 15[0m
CSI_DATA,84,1a:00:00:00:00:00,-46,11,0,0,0,0,0,0,0,0,0,-95,0,1,0,15029745,0,31,0,128,0,"[0,0,12,8,12,7,12,8,12,7,12,7,12,7,12,6,12,6,12,5,12,5,13,4,12,4,13,4,13,4,13,4,14,4,14,4,14,4,13,5,13,5,12,6,12,6,11,6,10,6,10,7,9,7,0,0,0,0,0,0,0,0,0,0,0,0,0,0,0,0,0,0,0,0,0,0,6,3,6,3,6,4,7,4,7,5,7,6,7,7,7,7,7,8,6,8,7,8,7,8,7,8,7,8,7,8,7,8,8,8,8,8,9,7,9,7,10,7,10,7,11,8,11,7,12,8,12,8]"
CSI_DATA,85,1a:00:00:00:00:00,-47,11,0,0,0,0,0,0,0,0,0,-95,0,1,0,15230912,0,31,0,128,0,"[0,0,7,-14,8,-15,7,-14,7,-14,7,-14,7,-14,6,-14,6,-14,5,-14,5,-14,4,-15,4,-14,4,-15,3,-15,4,-15,3,-15,4,-16,4,-15,4,-15,5,-14,5,-14,6,-14,6,-13,6,-12,7,-11,7,-10,0,0,0,0,0,0,0,0,0,0,0,0,0,0,0,0,0,0,0,0,0,0,2,-7,3,-8,4,-8,4,-8,5,-9,6,-8,6,-9,7,-9,8,-9,8,-8,8,-9,8,-9,8,-8,8,-9,8,-8,8,-9,7,-9,8,-10,8,-10,8,-11,7,-11,8,-12,7,-12,7,-13,8,-14,7,-14]"
CSI_DATA,86,1a:00:00:00:00:00,-47,11,0,0,0,0,0,0,0,0,0,-95,0,1,0,15432034,0,31,0,128,0,"[0,0,11,11,11,10,11,10,11,10,11,10,11,9,12,9,11,9,11,8,12,7,12,7,12,6,12,7,13,6,13,6,13,7,13,7,13,8,13,8,12,8,12,9,11,9,10,9,10,9,8,9,8,9,0,0,0,0,0,0,0,0,0,0,0,0,0,0,0,0,0,0,0,0,0,0,6,4,6,4,6,5,6,5,6,6,6,7,6,8,6,8,6,9,5,9,6,10,5,10,6,10,6,10,6,10,6,10,7,9,7,9,7,9,8,9,8,9,9,9,9,10,10,10,11,10,11,10]"
CSI_DATA,87,1a:00:00:00:00:00,-47,11,0,0,0,0,0,0,0,0,0,-95,0,1,0,15633435,0,31,0,128,0,"[0,0,5,14,6,14,5,13,6,14,6,13,6,13,6,13,6,12,7,12,7,12,8,11,8,11,8,11,8,11,8,11,8,12,8,12,8,12,8,12,7,12,7,12,5,12,5,12,4,12,3,12,2,11,0,0,0,0,0,0,0,0,0,0,0,0,0,0,0,0,0,0,0,0,0,0,4,5,3,6,3,7,3,7,3,8,3,9,2,10,2,10,1,10,1,10,1,11,1,11,1,11,1,11,1,11,2,11,2,11,2,11,2,11,3,11,4,12,4,12,4,13,5,13,5,13,6,13]"
CSI_DATA,88,1a:00:00:00:00:00,-47,11,0,0,0,0,0,0,0,0,0,-95,0,1,0,15693795,0,42,0,128,0,"[0,0,3,-16,4,-16,4,-16,3,-16,3,-16,3,-16,2,-16,2,-15,1,-15,0,-15,0,-16,0,-15,0,-16,-1,-16,-1,-16,-1,-17,-1,-17,0,-16,0,-17,0,-16,1,-16,2,-15,2,-15,3,-14,3,-13,4,-13,0,0,0,0,0,0,0,0,0,0,0,0,0,0,0,0,0,0,0,0,0,0,1,-8,1,-8,2,-9,2,-9,3,-9,4,-10,4,-10,5,-10,5,-10,6,-10,6,-10,6,-10,6,-10,6,-10,6,-10,6,-11,5,-11,5,-11,5,-12,5,-13,4,-13,4,-14,4,-14,4,-15,4,-16,4,-16]"
CSI_DATA,89,1a:00:00:00:00:00,-47,11,0,0,0,0,0,0,0,0,0,-95,0,1,0,15760826,0,31,0,128,0,"[0,0,13,-5,14,-6,13,-5,13,-5,13,-6,13,-6,13,-6,12,-6,11,-7,12,-7,12,-8,11,-8,11,-8,11,-8,11,-9,12,-8,12,-9,12,-8,12,-8,12,-7,12,-7,12,-6,12,-5,12,-4,11,-4,11,-3,0,0,0,0,0,0,0,0,0,0,0,0,0,0,0,0,0,0,0,0,0,0,5,-4,6,-3,7,-3,8,-3,8,-3,9,-2,9,-2,9,-2,10,-1,10,-1,10,-1,10,-1,11,-1,11,-1,11,0,11,-1,10,-2,11,-2,11,-2,11,-3,12,-4,12,-4,13,-4,13,-5,13,-5,14,-5]"
[0;32mI (15949) ftm_responder: Counter = 16[0m
CSI_DATA,90,1a:00:00:00:00:00,-46,11,0,0,0,0,0,0,0,0,0,-95,0,1,0,15962125,0,31,0,128,0,"[0,0,12,-9,12,-9,13,-10,12,-9,12,-10,11,-10,11,-10,11,-10,10,-10,10,-10,10,-11,9,-11,10,-11,9,-12,9,-11,9,-12,10,-12,10,-12,10,-12,10,-11,10,-10,11,-10,11,-9,11,-8,10,-7,11,-6,0,0,0,0,0,0,0,0,0,0,0,0,0,0,0,0,0,0,0,0,0,0,4,-5,5,-5,6,-5,7,-5,7,-5,8,-5,9,-5,9,-4,9,-4,10,-4,10,-3,10,-3,11,-4,10,-4,11,-4,10,-4,10,-5,10,-5,11,-6,11,-7,11,-7,11,-8,11,-8,12,-8,12,-9,12,-9]"
CSI_DATA,91,1a:00:00:00:00:00,-46,11,0,0,0,0,0,0,0,0,0,-94,0,1,0,16163952,0,31,0,128,0,"[0,0,-12,-9,-13,-10,-13,-10,-13,-10,-13,-9,-13,-8,-13,-8,-13,-8,-13,-7,-14,-7,-14,-7,-13,-6,-14,-6,-14,-5,-14,-6,-14,-6,-15,-6,-15,-6,-15,-7,-14,-7,-14,-7,-13,-7,-12,-8,-11,-8,-10,-8,-10,-9,0,0,0,0,0,0,0,0,0,0,0,0,0,0,0,0,0,0,0,0,0,0,-6,-4,-6,-5,-7,-5,-7,-6,-7,-7,-7,-8,-7,-8,-7,-9,-7,-9,-7,-9,-7,-10,-7,-10,-7,-10,-7,-10,-7,-10,-8,-10,-8,-10,-8,-9,-9,-10,-10,-9,-10,-9,-10,-9,-11,-9,-12,-10,-12,-10,-12,-10]"
CSI_DATA,92,1a:00:00:00:00:00,-46,11,0,0,0,0,0,0,0,0,0,-94,0,1,0,16364209,0,31,0,128,0,"[0,0,-8,-14,-8,-14,-8,-14,-8,-14,-8,-13,-8,-13,-9,-13,-8,-12,-9,-12,-9,-12,-10,-11,-10,-11,-10,-11,-11,-11,-11,-11,-11,-11,-11,-11,-11,-12,-10,-12,-10,-12,-9,-12,-8,-12,-8,-12,-7,-12,-6,-12,-5,-12,0,0,0,0,0,0,0,0,0,0,0,0,0,0,0,0,0,0,0,0,0,0,-5,-6,-4,-6,-4,-7,-4,-8,-4,-9,-4,-10,-3,-10,-3,-11,-3,-11,-3,-11,-3,-12,-3,-12,-3,-11,-3,-11,-3,-11,-3,-12,-3,-12,-4,-12,-5,-12,-5,-12,-5,-12,-6,-13,-6,-13,-7,-13,-8,-13,-8,-14]"
CSI_DATA,93,1a:00:00:00:00:00,-46,11,0,0,0,0,0,0,0,0,0,-94,0,1,0,16565359,0,31,0,128,0,"[0,0,-8,-14,-8,-14,-9,-14,-8,-14,-8,-14,-8,-13,-9,-13,-9,-13,-9,-12,-9,-11,-10,-11,-10,-11,-10,-11,-11,-11,-10,-11,-11,-12,-11,-11,-11,-12,-10,-12,-10,-12,-10,-11,-8,-12,-8,-12,-7,-12,-6,-12,-5,-12,0,0,0,0,0,0,0,0,0,0,0,0,0,0,0,0,0,0,0,0,0,0,-5,-6,-5,-7,-5,-7,-5,-8,-4,-8,-4,-10,-4,-10,-4,-11,-3,-11,-3,-11,-3,-11,-3,-12,-3,-11,-3,-11,-3,-12,-3,-12,-4,-12,-4,-12,-5,-12,-5,-12,-6,-12,-6,-13,-6,-13,-7,-13,-8,-14,-8,-14]"
CSI_DATA,94,1a:00:00:00:00:00,-46,11,0,0,0,0,0,0,0,0,0,-94,0,1,0,16766736,0,31,0,128,0,"[0,0,-16,0,-17,0,-17,0,-16,0,-16,0,-16,1,-16,1,-15,1,-15,2,-15,2,-15,3,-14,4,-14,4,-15,4,-15,4,-15,4,-15,4,-15,3,-15,3,-15,2,-15,2,-15,1,-14,1,-14,0,-13,-1,-13,-1,0,0,0,0,0,0,0,0,0,0,0,0,0,0,0,0,0,0,0,0,0,0,-7,1,-8,1,-9,0,-9,0,-10,-1,-10,-1,-11,-2,-11,-3,-11,-3,-11,-3,-12,-3,-12,-4,-12,-3,-12,-3,-12,-3,-12,-3,-12,-3,-12,-3,-13,-2,-13,-2,-14,-1,-14,-1,-15,-1,-16,0,-16,0,-16,0]"
[0;32mI (16949) ftm_responder: Counter = 17[0m
CSI_DATA,95,1a:00:00:00:00:00,-46,11,0,0,0,0,0,0,0,0,0,-94,0,1,0,16967820,0,31,0,128,0,"[0,0,-6,15,-6,15,-6,15,-5,14,-5,14,-5,14,-4,14,-4,14,-3,14,-3,14,-2,14,-2,14,-2,14,-2,15,-2,14,-2,15,-2,15,-2,15,-2,14,-3,14,-3,14,-4,13,-4,13,-5,12,-5,11,-6,11,0,0,0,0,0,0,0,0,0,0,0,0,0,0,0,0,0,0,0,0,0,0,-1,6,-2,7,-3,7,-3,8,-4,8,-5,8,-5,9,-6,9,-6,9,-7,8,-7,9,-7,9,-8,9,-7,9,-7,9,-7,10,-7,10,-6,10,-7,11,-6,11,-6,12,-6,12,-6,13,-6,14,-6,14,-6,14]"
CSI_DATA,96,1a:00:00:00:00:00,-46,11,0,0,0,0,0,0,0,0,0,-94,0,1,0,17168971,0,31,0,128,0,"[0,0,13,-8,13,-9,13,-9,13,-9,13,-9,12,-9,12,-10,11,-9,11,-10,11,-10,10,-11,10,-11,10,-11,10,-12,9,-11,10,-12,10,-12,10,-11,10,-11,10,-10,10,-10,11,-9,11,-9,11,-8,11,-7,10,-6,0,0,0,0,0,0,0,0,0,0,0,0,0,0,0,0,0,0,0,0,0,0,5,-5,6,-5,7,-5,7,-5,8,-4,8,-4,9,-4,9,-4,10,-3,11,-3,11,-3,11,-3,11,-3,11,-3,11,-3,11,-4,11,-4,11,-4,11,-5,12,-6,12,-6,12,-7,12,-7,13,-8,13,-8,13,-8]"
CSI_DATA,97,1a:00:00:00:00:00,-46,11,0,0,0,0,0,0,0,0,0,-94,0,1,0,17229373,0,42,0,128,0,"[0,0,14,-6,14,-6,14,-6,14,-6,14,-6,13,-6,13,-7,13,-7,12,-7,12,-7,12,-8,12,-8,12,-8,12,-9,12,-9,12,-9,12,-9,12,-8,12,-8,12,-7,12,-7,12,-6,12,-5,12,-4,11,-4,12,-3,0,0,0,0,0,0,0,0,0,0,0,0,0,0,0,0,0,0,0,0,0,0,5,-4,6,-4,7,-4,8,-4,8,-4,9,-3,9,-3,10,-2,10,-2,10,-2,11,-1,11,-1,11,-1,11,-1,11,-2,11,-2,11,-2,11,-2,12,-3,12,-4,12,-4,12,-5,12,-5,13,-5,14,-5,14,-6]"
CSI_DATA,98,1a:00:00:00:00:00,-46,11,0,0,0,0,0,0,0,0,0,-94,0,1,0,17298469,0,31,0,128,0,"[0,0,11,-11,11,-12,11,-12,10,-11,11,-12,10,-12,10,-12,9,-12,8,-12,8,-12,8,-13,7,-13,7,-13,7,-14,7,-13,7,-14,7,-14,7,-14,8,-13,8,-13,8,-12,9,-12,8,-11,9,-10,9,-9,9,-8,0,0,0,0,0,0,0,0,0,0,0,0,0,0,0,0,0,0,0,0,0,0,3,-6,4,-6,5,-6,6,-6,7,-6,7,-6,8,-6,8,-6,9,-6,9,-5,10,-6,10,-6,10,-6,10,-6,10,-6,10,-6,10,-6,10,-7,10,-8,10,-9,10,-9,10,-10,10,-9,11,-11,11,-11,11,-11]"
CSI_DATA,99,1a:00:00:00:00:00,-46,11,0,0,0,0,0,0,0,0,0,-94,0,1,0,17499554,0,31,0,128,0,"[0,0,-15,-3,-15,-3,-16,-2,-15,-2,-15,-2,-15,-2,-15,-1,-14,-1,-15,-1,-14,-1,-15,0,-15,0,-14,1,-15,1,-14,1,-15,1,-15,1,-15,0,-15,0,-15,-1,-15,-1,-14,-2,-14,-2,-13,-2,-12,-3,-12,-4,0,0,0,0,0,0,0,0,0,0,0,0,0,0,0,0,0,0,0,0,0,0,-7,0,-8,0,-8,-1,-9,-1,-9,-2,-10,-3,-10,-3,-10,-4,-10,-4,-10,-4,-11,-5,-10,-5,-11,-4,-10,-4,-11,-4,-11,-4,-11,-5,-11,-4,-12,-4,-12,-3,-13,-3,-13,-3,-14,-3,-14,-2,-15,-2,-15,-3]"
CSI_DATA,100,1a:00:00:00:00:00,-46,11,0,0,0,0,0,0,0,0,0,-94,0,1,0,17700585,0,31,0,128,0,"[0,0,-7,-15,-7,-16,-7,-16,-6,-15,-6,-14,-7,-14,-7,-14,-7,-13,-8,-13,-8,-13,-9,-13,-9,-12,-9,-12,-10,-12,-10,-12,-10,-13,-10,-12,-10,-13,-10,-13,-9,-12,-8,-14,-7,-14,-7,-13,-6,-13,-5,-13,-4,-12,0,0,0,0,0,0,0,0,0,0,0,0,0,0,0,0,0,0,0,0,0,0,-4,-7,-4,-7,-4,-8,-4,-9,-3,-9,-3,-10,-3,-10,-2,-11,-2,-11,-2,-11,-2,-12,-2,-12,-1,-12,-1,-12,-2,-12,-2,-12,-2,-12,-3,-13,-3,-12,-4,-13,-4,-13,-4,-14,-5,-14,-6,-14,-6,-15,-6,-15]"
CSI_DATA,101,1a:00:00:00:00:00,-46,11,0,0,0,0,0,0,0,0,0,-94,0,1,0,17901872,0,31,0,128,0,"[0,0,15,0,15,-1,15,0,15,0,15,-1,15,-1,15,-1,14,-2,14,-2,14,-3,14,-3,13,-4,13,-4,14,-4,14,-4,14,-4,14,-4,14,-4,14,-3,14,-3,14,-3,14,-1,13,-2,13,-1,12,0,12,1,0,0,0,0,0,0,0,0,0,0,0,0,0,0,0,0,0,0,0,0,0,0,6,-1,7,-1,7,-1,8,0,9,0,9,1,9,2,9,2,10,3,10,3,10,3,10,3,11,3,10,3,10,3,11,3,11,2,11,2,12,1,12,1,13,1,13,1,13,1,15,0,15,0,15,0]"
[0;32mI (17949) ftm_responder: Counter = 18[0m
CSI_DATA,102,1a:00:00:00:00:00,-46,11,0,0,0,0,0,0,0,0,0,-94,0,1,0,18102953,0,31,0,128,0,"[0,0,-16,0,-16,0,-17,0,-16,0,-16,0,-16,1,-16,1,-15,1,-15,2,-15,2,-15,2,-14,3,-15,3,-15,4,-15,4,-15,4,-15,4,-16,3,-15,3,-15,2,-15,2,-15,1,-14,0,-14,0,-13,-1,-13,-2,0,0,0,0,0,0,0,0,0,0,0,0,0,0,0,0,0,0,0,0,0,0,-7,1,-8,1,-9,0,-10,0,-10,0,-10,-1,-11,-1,-11,-2,-11,-2,-11,-3,-12,-3,-12,-4,-12,-3,-12,-3,-12,-3,-12,-3,-12,-3,-12,-2,-13,-2,-14,-1,-14,-1,-15,0,-15,-1,-16,0,-16,0,-16,-1]"
CSI_DATA,103,1a:00:00:00:00:00,-46,11,0,0,0,0,0,0,0,0,0,-94,0,1,0,18304121,0,31,0,128,0,"[0,0,-1,16,0,15,-1,16,0,15,0,15,0,15,0,15,1,14,1,14,2,14,2,14,2,13,3,13,3,14,3,14,4,14,3,15,3,15,3,15,2,14,2,14,1,14,0,14,-1,13,-1,12,-2,12,0,0,0,0,0,0,0,0,0,0,0,0,0,0,0,0,0,0,0,0,0,0,1,6,0,7,0,7,0,8,-1,9,-1,9,-2,10,-2,10,-3,10,-4,10,-4,11,-4,11,-4,11,-4,11,-4,10,-3,11,-3,12,-2,12,-2,12,-2,13,-2,13,-1,13,-1,14,-1,15,-1,15,-1,15]"
CSI_DATA,104,1a:00:00:00:00:00,-46,11,0,0,0,0,0,0,0,0,0,-94,0,1,0,18507156,0,31,0,128,0,"[0,0,13,-8,13,-9,13,-9,13,-9,12,-9,12,-9,12,-9,12,-9,11,-9,10,-10,10,-10,10,-10,10,-11,10,-11,9,-11,10,-11,10,-11,10,-11,11,-11,11,-10,11,-9,11,-9,11,-8,11,-8,11,-6,11,-5,0,0,0,0,0,0,0,0,0,0,0,0,0,0,0,0,0,0,0,0,0,0,5,-5,5,-5,6,-5,7,-5,8,-5,8,-4,9,-4,9,-4,10,-4,10,-3,10,-3,11,-3,11,-3,11,-4,11,-4,11,-4,11,-5,11,-5,11,-5,11,-6,11,-6,12,-7,12,-7,12,-8,13,-9,13,-8]"
CSI_DATA,105,1a:00:00:00:00:00,-46,11,0,0,0,0,0,0,0,0,0,-94,0,1,0,18706456,0,31,0,128,0,"[0,0,15,-1,15,-1,15,-1,15,-1,15,-2,15,-2,14,-2,14,-3,13,-3,13,-3,13,-4,13,-4,13,-4,13,-5,13,-5,14,-5,14,-5,14,-5,14,-4,14,-3,14,-3,13,-2,13,-2,13,-1,12,0,11,0,0,0,0,0,0,0,0,0,0,0,0,0,0,0,0,0,0,0,0,0,0,0,6,-2,7,-2,7,-1,8,-1,9,-1,9,0,9,1,10,1,10,2,10,2,10,2,10,2,11,2,11,2,11,2,11,2,11,2,11,1,12,0,12,0,13,0,13,-1,13,-1,14,-1,14,-1,15,-1]"
CSI_DATA,106,1a:00:00:00:00:00,-46,11,0,0,0,0,0,0,0,0,0,-94,0,1,0,18766881,0,42,0,128,0,"[0,0,8,13,8,13,8,12,8,12,8,12,8,12,8,11,9,11,8,11,9,10,9,10,9,9,10,9,10,9,10,10,10,10,10,10,10,10,10,10,9,10,9,11,8,11,7,10,6,11,5,11,4,11,0,0,0,0,0,0,0,0,0,0,0,0,0,0,0,0,0,0,0,0,0,0,4,5,4,5,4,6,4,6,4,7,4,8,4,9,4,9,3,10,3,10,3,10,3,10,3,10,3,10,3,10,4,11,4,10,5,11,5,10,6,11,6,11,7,11,7,12,8,12,8,12,8,12]"
CSI_DATA,107,1a:00:00:00:00:00,-46,11,0,0,0,0,0,0,0,0,0,-94,0,1,0,18833701,0,31,0,128,0,"[0,0,8,-13,8,-14,7,-14,7,-14,7,-14,7,-14,6,-13,7,-13,5,-13,5,-13,4,-13,4,-13,4,-14,4,-14,4,-14,3,-14,4,-15,4,-15,5,-14,5,-14,5,-14,6,-13,6,-13,6,-12,7,-11,7,-10,0,0,0,0,0,0,0,0,0,0,0,0,0,0,0,0,0,0,0,0,0,0,2,-7,3,-7,4,-7,4,-8,5,-8,6,-8,6,-8,7,-8,7,-8,8,-7,8,-7,8,-8,9,-8,8,-7,8,-8,8,-8,8,-8,8,-9,8,-10,8,-11,7,-10,8,-11,8,-12,8,-13,8,-12,8,-12]"
[0;32mI (18949) ftm_responder: Counter = 19[0m
CSI_DATA,108,1a:00:00:00:00:00,-46,11,0,0,0,0,0,0,0,0,0,-94,0,1,0,19036549,0,31,0,128,0,"[0,0,15,-2,15,-2,15,-2,15,-2,14,-2,14,-3,14,-3,14,-3,14,-3,13,-4,13,-5,13,-5,13,-6,13,-6,13,-6,13,-6,14,-6,14,-5,14,-5,14,-4,13,-3,14,-3,13,-2,13,-2,12,-1,12,0,0,0,0,0,0,0,0,0,0,0,0,0,0,0,0,0,0,0,0,0,0,0,6,-2,7,-2,8,-2,8,-2,9,-1,9,0,9,0,10,1,10,1,10,1,10,1,11,2,11,1,11,1,11,1,11,1,11,1,11,0,11,0,12,-1,13,-1,13,-1,13,-1,14,-2,14,-2,15,-2]"
CSI_DATA,109,1a:00:00:00:00:00,-46,11,0,0,0,0,0,0,0,0,0,-94,0,1,0,19236055,0,31,0,128,0,"[0,0,-13,-9,-15,-9,-14,-8,-13,-8,-14,-7,-13,-8,-13,-7,-13,-6,-13,-6,-13,-6,-14,-5,-13,-5,-14,-5,-15,-5,-14,-4,-14,-5,-15,-5,-14,-5,-14,-6,-13,-6,-13,-7,-12,-7,-12,-7,-11,-7,-10,-8,-10,-8,0,0,0,0,0,0,0,0,0,0,0,0,0,0,0,0,0,0,0,0,0,0,-7,-2,-7,-3,-8,-4,-8,-4,-8,-5,-8,-5,-8,-6,-8,-7,-8,-8,-8,-7,-8,-8,-8,-9,-8,-8,-9,-8,-9,-8,-9,-8,-9,-8,-10,-8,-10,-7,-11,-7,-11,-7,-11,-7,-12,-7,-13,-7,-12,-7,-13,-7]"
CSI_DATA,110,1a:00:00:00:00:00,-46,11,0,0,0,0,0,0,0,0,0,-94,0,1,0,19437437,0,31,0,128,0,"[0,0,15,2,15,1,15,1,15,1,15,1,15,0,14,0,14,0,14,-1,14,-1,14,-1,13,-2,14,-2,14,-3,14,-2,14,-3,15,-3,15,-2,15,-2,14,-1,14,-1,14,0,13,0,13,1,12,2,12,3,0,0,0,0,0,0,0,0,0,0,0,0,0,0,0,0,0,0,0,0,0,0,6,-1,7,0,8,0,8,1,9,1,9,2,9,2,9,3,9,3,10,4,10,4,10,4,10,4,10,4,10,4,10,3,10,3,11,3,11,3,12,2,12,2,13,2,13,2,14,1,15,2,15,2]"
CSI_DATA,111,1a:00:00:00:00:00,-46,11,0,0,0,0,0,0,0,0,0,-94,0,1,0,19638400,0,31,0,128,0,"[0,0,-15,5,-16,5,-15,5,-15,5,-15,5,-15,5,-14,6,-14,6,-14,6,-13,6,-13,7,-13,7,-13,8,-13,8,-13,8,-13,8,-14,8,-13,7,-14,7,-14,7,-14,6,-14,5,-14,5,-14,4,-13,3,-13,2,0,0,0,0,0,0,0,0,0,0,0,0,0,0,0,0,0,0,0,0,0,0,-6,3,-7,3,-8,3,-9,3,-9,3,-10,2,-10,2,-11,1,-11,1,-12,1,-12,1,-12,1,-12,1,-12,1,-12,1,-12,1,-12,1,-12,2,-13,2,-13,3,-13,3,-14,4,-14,4,-15,5,-15,5,-15,5]"
CSI_DATA,112,1a:00:00:00:00:00,-46,11,0,0,0,0,0,0,0,0,0,-94,0,1,0,19839847,0,31,0,128,0,"[0,0,-13,-10,-13,-10,-13,-10,-13,-10,-13,-9,-13,-9,-13,-9,-13,-8,-13,-8,-13,-7,-14,-7,-13,-6,-14,-6,-14,-6,-14,-6,-14,-6,-15,-6,-14,-7,-14,-7,-14,-7,-13,-8,-13,-8,-12,-8,-11,-8,-10,-9,-10,-9,0,0,0,0,0,0,0,0,0,0,0,0,0,0,0,0,0,0,0,0,0,0,-6,-4,-7,-5,-7,-5,-7,-6,-7,-6,-7,-8,-7,-8,-7,-9,-7,-9,-7,-9,-7,-10,-7,-10,-7,-10,-7,-10,-7,-10,-8,-10,-8,-10,-8,-9,-9,-9,-10,-9,-10,-9,-11,-10,-11,-9,-12,-9,-12,-10,-13,-10]"
[0;32mI (19949) ftm_responder: Counter = 20[0m
CSI_DATA,113,1a:00:00:00:00:00,-46,11,0,0,0,0,0,0,0,0,0,-94,0,1,0,20040883,0,31,0,128,0,"[0,0,13,6,13,5,14,5,13,5,13,5,13,5,13,4,13,4,13,3,13,3,13,3,13,2,13,2,14,2,14,2,14,2,14,2,14,3,14,3,13,3,13,4,12,4,12,5,11,5,10,6,10,6,0,0,0,0,0,0,0,0,0,0,0,0,0,0,0,0,0,0,0,0,0,0,6,1,7,1,7,2,7,2,8,3,8,4,8,5,8,5,8,6,8,6,8,6,8,7,8,6,8,6,8,6,9,6,9,6,9,6,10,6,11,5,11,5,12,5,12,6,13,5,13,5,13,6]"
CSI_DATA,114,1a:00:00:00:00:00,-46,11,0,0,0,0,0,0,0,0,0,-94,0,1,0,20242018,0,31,0,128,0,"[0,0,15,-4,15,-5,15,-5,14,-5,14,-5,14,-5,14,-5,13,-5,13,-6,12,-6,12,-7,12,-8,12,-8,12,-8,12,-8,13,-8,13,-9,13,-8,13,-7,13,-7,13,-6,13,-6,12,-5,12,-5,12,-4,12,-3,0,0,0,0,0,0,0,0,0,0,0,0,0,0,0,0,0,0,0,0,0,0,6,-3,6,-3,7,-3,8,-3,9,-3,9,-2,10,-1,10,-1,10,-1,11,0,11,0,11,-1,11,0,11,-1,11,-1,11,-1,12,-1,11,-2,12,-2,12,-2,13,-3,13,-3,13,-3,14,-4,14,-5,15,-4]"
CSI_DATA,115,1a:00:00:00:00:00,-46,11,0,0,0,0,0,0,0,0,0,-94,0,1,0,20302309,0,42,0,128,0,"[0,0,-5,-16,-6,-16,-6,-16,-6,-15,-6,-16,-6,-15,-6,-15,-6,-14,-7,-14,-7,-13,-8,-13,-8,-13,-8,-13,-9,-13,-9,-13,-9,-13,-9,-13,-9,-14,-9,-14,-8,-14,-7,-14,-6,-14,-5,-13,-5,-13,-4,-13,-3,-13,0,0,0,0,0,0,0,0,0,0,0,0,0,0,0,0,0,0,0,0,0,0,-4,-7,-4,-8,-4,-8,-4,-9,-3,-9,-3,-11,-2,-11,-2,-11,-2,-12,-1,-12,-1,-12,-1,-12,-1,-12,-1,-12,-1,-12,-2,-12,-2,-13,-2,-13,-3,-13,-3,-13,-3,-13,-4,-14,-4,-14,-5,-15,-5,-15,-5,-16]"
CSI_DATA,116,1a:00:00:00:00:00,-46,11,0,0,0,0,0,0,0,0,0,-94,0,1,0,20369667,0,31,0,128,0,"[0,0,8,-12,9,-12,9,-13,9,-12,9,-12,8,-12,7,-12,7,-12,7,-13,6,-12,5,-12,5,-12,5,-13,5,-14,5,-13,5,-14,5,-14,6,-14,6,-13,6,-13,6,-13,6,-12,7,-11,7,-11,7,-10,7,-9,0,0,0,0,0,0,0,0,0,0,0,0,0,0,0,0,0,0,0,0,0,0,2,-6,3,-6,4,-7,5,-7,6,-7,6,-7,7,-7,7,-7,7,-7,8,-7,8,-7,9,-7,9,-7,9,-7,9,-7,8,-8,9,-8,8,-8,8,-8,9,-9,8,-9,8,-10,9,-11,9,-11,9,-12,9,-12]"
CSI_DATA,117,1a:00:00:00:00:00,-46,11,0,0,0,0,0,0,0,0,0,-94,0,1,0,20571112,0,31,0,128,0,"[0,0,15,3,15,2,15,3,14,3,14,2,14,2,14,1,14,1,13,1,13,0,14,-1,13,-1,14,-1,14,-2,14,-1,15,-2,14,-1,15,-1,15,0,14,0,14,1,14,1,12,1,13,2,12,2,12,3,0,0,0,0,0,0,0,0,0,0,0,0,0,0,0,0,0,0,0,0,0,0,6,0,7,0,7,0,8,1,8,1,9,2,9,3,9,3,9,4,9,4,10,5,10,4,10,5,10,4,10,5,10,5,10,5,10,4,12,4,12,3,12,3,13,3,13,3,14,2,14,2,15,3]"
CSI_DATA,118,1a:00:00:00:00:00,-46,11,0,0,0,0,0,0,0,0,0,-94,0,1,0,20771942,0,31,0,128,0,"[0,0,-16,-4,-16,-4,-16,-4,-16,-4,-16,-4,-16,-3,-15,-2,-15,-2,-15,-2,-15,-1,-15,-1,-15,0,-15,0,-15,0,-16,0,-16,0,-16,0,-16,0,-16,-1,-15,-1,-15,-1,-15,-2,-14,-3,-14,-3,-13,-4,-12,-5,0,0,0,0,0,0,0,0,0,0,0,0,0,0,0,0,0,0,0,0,0,0,-7,-1,-8,-1,-9,-2,-9,-2,-10,-3,-10,-4,-10,-5,-10,-5,-10,-5,-10,-6,-11,-7,-11,-7,-11,-7,-11,-6,-11,-6,-11,-6,-11,-6,-12,-6,-12,-5,-13,-5,-14,-5,-14,-4,-14,-5,-15,-5,-16,-4,-16,-5]"
[0;32mI (20949) ftm_responder: Counter = 21[0m
CSI_DATA,119,1a:00:00:00:00:00,-46,11,0,0,0,0,0,0,0,0,0,-94,0,1,0,20973080,0,31,0,128,0,"[0,0,6,-15,6,-15,6,-15,5,-15,5,-15,5,-14,4,-15,4,-14,3,-14,3,-14,2,-15,1,-14,1,-15,1,-15,1,-15,0,-16,1,-15,1,-15,2,-15,2,-15,3,-15,3,-14,3,-14,4,-13,4,-12,5,-12,0,0,0,0,0,0,0,0,0,0,0,0,0,0,0,0,0,0,0,0,0,0,1,-7,2,-8,2,-8,3,-9,4,-9,4,-9,5,-9,6,-9,6,-9,7,-9,7,-9,7,-9,7,-9,7,-9,7,-10,7,-10,7,-10,6,-11,6,-11,6,-12,6,-12,6,-13,6,-13,6,-14,6,-14,6,-15]"
CSI_DATA,120,1a:00:00:00:00:00,-46,11,0,0,0,0,0,0,0,0,0,-94,0,1,0,21174429,0,31,0,128,0,"[0,0,6,-15,6,-15,6,-15,5,-15,5,-15,5,-15,4,-15,4,-14,3,-14,3,-14,2,-14,2,-14,2,-14,1,-15,1,-15,1,-16,1,-15,2,-16,2,-15,2,-15,3,-14,4,-14,4,-13,5,-13,5,-12,5,-12,0,0,0,0,0,0,0,0,0,0,0,0,0,0,0,0,0,0,0,0,0,0,1,-7,1,-8,2,-8,3,-9,4,-9,4,-9,5,-10,5,-10,6,-10,6,-9,7,-10,7,-10,7,-10,7,-10,7,-10,6,-10,6,-11,6,-10,6,-11,6,-12,6,-12,6,-13,5,-13,6,-14,6,-14,6,-15]"
CSI_DATA,121,1a:00:00:00:00:00,-46,11,0,0,0,0,0,0,0,0,0,-94,0,1,0,21375533,0,31,0,128,0,"[0,0,11,9,12,9,11,8,12,9,11,8,11,8,12,7,11,7,11,7,12,6,12,5,12,5,12,5,12,4,13,5,13,5,13,5,13,5,13,6,12,6,12,7,11,7,11,7,10,7,9,7,8,8,0,0,0,0,0,0,0,0,0,0,0,0,0,0,0,0,0,0,0,0,0,0,6,2,6,3,7,4,7,4,7,5,7,6,7,7,7,7,7,8,7,8,7,9,7,9,7,8,7,8,7,8,7,9,7,8,8,8,8,8,9,8,9,8,10,8,10,9,11,8,11,9,12,9]"
CSI_DATA,122,1a:00:00:00:00:00,-46,11,0,0,0,0,0,0,0,0,0,-94,0,1,0,21576689,0,31,0,128,0,"[0,0,-8,14,-8,14,-8,14,-8,13,-8,14,-7,14,-7,13,-6,13,-6,13,-5,13,-5,13,-4,14,-4,14,-4,14,-4,14,-4,15,-5,15,-5,15,-5,14,-5,14,-6,13,-7,13,-7,12,-7,12,-8,11,-8,10,0,0,0,0,0,0,0,0,0,0,0,0,0,0,0,0,0,0,0,0,0,0,-2,7,-2,7,-3,7,-4,8,-5,8,-5,9,-6,9,-6,9,-7,9,-8,8,-8,9,-8,9,-8,9,-8,9,-8,9,-8,9,-8,9,-8,10,-8,10,-8,11,-8,11,-8,12,-8,12,-7,13,-8,14,-8,14]"
CSI_DATA,123,1a:00:00:00:00:00,-46,11,0,0,0,0,0,0,0,0,0,-94,0,1,0,21777912,0,31,0,128,0,"[0,0,15,1,15,1,15,1,14,1,14,0,14,0,14,-1,14,-1,13,-1,13,-2,13,-2,13,-3,13,-3,14,-3,13,-3,14,-4,14,-3,14,-3,14,-2,14,-2,13,-1,13,-1,13,0,13,0,12,1,12,1,0,0,0,0,0,0,0,0,0,0,0,0,0,0,0,0,0,0,0,0,0,0,6,-1,7,-1,8,-1,8,0,9,0,9,1,9,2,9,2,10,3,10,3,10,4,10,4,10,3,10,3,10,3,10,3,11,3,11,3,12,2,12,2,12,2,13,1,13,1,14,1,15,1,15,1]"
CSI_DATA,124,1a:00:00:00:00:00,-46,11,0,0,0,0,0,0,0,0,0,-94,0,1,0,21838346,0,42,0,128,0,"[0,0,12,9,12,9,12,9,12,9,12,8,12,8,12,7,12,7,12,6,12,6,12,5,12,5,13,5,13,4,13,5,14,5,14,5,14,5,13,5,13,6,13,6,12,6,11,6,11,7,10,7,9,8,0,0,0,0,0,0,0,0,0,0,0,0,0,0,0,0,0,0,0,0,0,0,6,3,6,3,6,4,7,5,7,5,7,6,7,7,7,8,7,8,6,8,6,9,6,9,7,9,7,9,7,9,7,9,7,9,8,8,8,9,9,8,10,8,10,8,10,9,11,9,12,9,12,9]"
CSI_DATA,125,1a:00:00:00:00:00,-46,11,0,0,0,0,0,0,0,0,0,-94,0,1,0,21905352,0,31,0,128,0,"[0,0,14,5,15,5,15,4,15,5,15,4,15,3,14,3,14,2,14,2,14,1,14,1,14,0,14,0,14,0,15,-1,14,0,15,0,15,0,15,0,15,1,14,2,14,2,13,3,13,3,12,4,11,4,0,0,0,0,0,0,0,0,0,0,0,0,0,0,0,0,0,0,0,0,0,0,6,1,7,1,8,2,8,2,9,3,9,4,9,4,9,5,9,5,9,6,9,7,10,7,9,7,9,6,9,6,10,6,10,6,11,6,11,5,12,5,12,5,14,5,13,5,14,4,14,4,15,5]"
[0;32mI (21949) ftm_responder: Counter = 22[0m
CSI_DATA,126,1a:00:00:00:00:00,-46,11,0,0,0,0,0,0,0,0,0,-93,0,1,0,22114061,0,31,0,128,0,"[0,0,-4,-16,-5,-15,-5,-15,-5,-15,-4,-15,-5,-14,-5,-14,-5,-14,-6,-13,-6,-13,-7,-13,-7,-12,-7,-13,-8,-12,-8,-13,-8,-13,-8,-13,-7,-14,-7,-14,-6,-14,-6,-13,-5,-14,-5,-13,-4,-13,-3,-13,-2,-13,0,0,0,0,0,0,0,0,0,0,0,0,0,0,0,0,0,0,0,0,0,0,-4,-6,-4,-7,-4,-8,-3,-9,-3,-9,-2,-10,-2,-11,-1,-11,-1,-11,-1,-11,-1,-12,-1,-12,-1,-12,-1,-12,-1,-12,-1,-12,-1,-12,-2,-12,-2,-13,-3,-13,-3,-13,-3,-14,-3,-14,-4,-14,-4,-15,-4,-15]"
CSI_DATA,127,1a:00:00:00:00:00,-46,11,0,0,0,0,0,0,0,0,0,-93,0,1,0,22307777,0,31,0,128,0,"[0,0,13,-8,14,-9,13,-9,13,-9,13,-9,12,-9,12,-9,12,-10,11,-9,10,-10,10,-10,10,-11,10,-11,10,-12,10,-12,10,-12,10,-12,10,-12,10,-11,10,-11,11,-10,11,-10,11,-9,11,-8,11,-7,11,-6,0,0,0,0,0,0,0,0,0,0,0,0,0,0,0,0,0,0,0,0,0,0,5,-5,6,-5,7,-5,7,-5,8,-5,9,-5,9,-5,10,-4,10,-4,11,-3,11,-3,11,-3,11,-3,11,-3,11,-3,11,-4,11,-4,11,-5,12,-6,12,-6,12,-6,13,-7,13,-7,13,-8,14,-8,13,-8]"
CSI_DATA,128,1a:00:00:00:00:00,-46,11,0,0,0,0,0,0,0,0,0,-93,0,1,0,22509174,0,31,0,128,0,"[0,0,-9,-14,-10,-14,-10,-14,-9,-14,-10,-13,-10,-13,-10,-12,-10,-12,-10,-11,-11,-11,-11,-11,-11,-10,-12,-10,-12,-10,-12,-10,-13,-10,-12,-10,-12,-10,-12,-11,-12,-11,-11,-11,-10,-12,-9,-11,-9,-11,-8,-11,-7,-12,0,0,0,0,0,0,0,0,0,0,0,0,0,0,0,0,0,0,0,0,0,0,-6,-6,-6,-7,-6,-7,-6,-8,-5,-9,-5,-10,-5,-10,-5,-11,-4,-11,-4,-11,-4,-12,-4,-12,-4,-12,-4,-12,-4,-12,-5,-12,-5,-12,-5,-12,-6,-12,-6,-12,-7,-12,-8,-13,-8,-13,-9,-13,-9,-13,-10,-14]"
CSI_DATA,129,1a:00:00:00:00:00,-46,11,0,0,0,0,0,0,0,0,0,-93,0,1,0,22710127,0,31,0,128,0,"[0,0,-16,0,-16,1,-16,1,-15,0,-16,1,-16,1,-15,1,-15,1,-15,2,-14,2,-14,3,-14,3,-14,4,-14,4,-14,4,-15,4,-15,4,-15,4,-15,3,-15,3,-15,2,-14,1,-14,1,-14,0,-13,-1,-13,-1,0,0,0,0,0,0,0,0,0,0,0,0,0,0,0,0,0,0,0,0,0,0,-7,1,-8,1,-9,1,-9,1,-10,0,-10,-1,-11,-1,-11,-2,-11,-2,-11,-2,-12,-3,-12,-3,-12,-3,-12,-3,-12,-3,-12,-2,-13,-2,-12,-2,-13,-2,-14,-1,-14,-1,-14,0,-14,0,-15,0,-16,0,-16,0]"
CSI_DATA,130,1a:00:00:00:00:00,-46,11,0,0,0,0,0,0,0,0,0,-93,0,1,0,22913096,0,31,0,128,0,"[0,0,6,-15,6,-16,6,-15,6,-15,5,-15,5,-15,5,-15,4,-15,3,-15,3,-15,3,-15,2,-15,2,-15,1,-15,1,-15,2,-16,2,-16,2,-16,2,-16,3,-15,3,-15,4,-14,4,-14,5,-13,5,-12,6,-11,0,0,0,0,0,0,0,0,0,0,0,0,0,0,0,0,0,0,0,0,0,0,1,-8,2,-8,2,-9,3,-9,4,-9,4,-9,5,-10,6,-10,6,-10,7,-9,7,-10,7,-10,8,-10,7,-10,7,-10,7,-11,7,-11,7,-11,7,-11,6,-12,6,-12,6,-13,6,-14,6,-14,6,-15,6,-15]"
[0;32mI (22949) ftm_responder: Counter = 23[0m
CSI_DATA,131,1a:00:00:00:00:00,-46,11,0,0,0,0,0,0,0,0,0,-93,0,1,0,23113108,0,31,0,128,0,"[0,0,-16,3,-16,3,-16,3,-15,3,-15,3,-15,3,-14,4,-14,4,-14,4,-13,5,-13,5,-13,6,-13,6,-13,7,-13,6,-14,7,-14,7,-14,6,-14,6,-14,5,-14,5,-14,4,-13,3,-13,2,-13,2,-13,1,0,0,0,0,0,0,0,0,0,0,0,0,0,0,0,0,0,0,0,0,0,0,-7,2,-7,2,-8,2,-9,2,-10,1,-10,1,-11,1,-11,0,-11,0,-12,-1,-12,-1,-12,-1,-12,-1,-12,-1,-12,-1,-12,0,-12,0,-12,0,-13,1,-13,1,-14,2,-14,2,-14,2,-15,2,-16,3,-15,3]"
CSI_DATA,132,1a:00:00:00:00:00,-46,11,0,0,0,0,0,0,0,0,0,-93,0,1,0,23313535,0,31,0,128,0,"[0,0,-6,14,-6,14,-6,14,-6,14,-6,14,-5,14,-5,14,-4,14,-4,13,-3,14,-3,14,-3,13,-3,14,-2,14,-2,14,-2,14,-3,15,-3,14,-3,14,-3,14,-4,14,-4,13,-5,13,-6,12,-6,11,-6,11,0,0,0,0,0,0,0,0,0,0,0,0,0,0,0,0,0,0,0,0,0,0,-2,6,-2,7,-3,7,-4,8,-4,8,-5,8,-5,9,-6,9,-6,9,-7,9,-7,9,-8,9,-8,9,-8,9,-7,9,-7,10,-7,9,-7,10,-7,10,-6,11,-6,11,-6,12,-6,13,-6,13,-7,14,-6,14]"
CSI_DATA,133,1a:00:00:00:00:00,-46,11,0,0,0,0,0,0,0,0,0,-93,0,1,0,23374091,0,42,0,128,0,"[0,0,-8,-14,-9,-14,-9,-14,-9,-14,-8,-13,-8,-13,-9,-13,-9,-12,-9,-12,-10,-11,-10,-11,-10,-10,-11,-10,-11,-10,-11,-11,-12,-11,-12,-11,-11,-11,-11,-11,-10,-11,-10,-12,-9,-12,-8,-12,-8,-12,-7,-12,-6,-12,0,0,0,0,0,0,0,0,0,0,0,0,0,0,0,0,0,0,0,0,0,0,-5,-6,-5,-7,-5,-7,-5,-8,-5,-9,-4,-10,-4,-10,-4,-11,-4,-11,-3,-11,-3,-12,-3,-12,-3,-12,-3,-12,-3,-11,-4,-12,-4,-12,-5,-12,-5,-12,-6,-12,-6,-12,-7,-13,-7,-13,-8,-13,-8,-13,-8,-14]"
CSI_DATA,134,1a:00:00:00:00:00,-46,11,0,0,0,0,0,0,0,0,0,-93,0,1,0,23443344,0,31,0,128,0,"[0,0,1,-17,1,-16,1,-16,1,-17,1,-16,0,-16,0,-16,-1,-15,-1,-15,-2,-15,-3,-15,-2,-15,-3,-15,-4,-15,-4,-15,-4,-15,-4,-16,-3,-16,-3,-15,-3,-15,-2,-15,-1,-15,-1,-14,0,-14,0,-14,1,-13,0,0,0,0,0,0,0,0,0,0,0,0,0,0,0,0,0,0,0,0,0,0,-1,-8,0,-8,0,-9,1,-9,1,-10,2,-10,2,-10,3,-11,3,-11,4,-11,4,-11,4,-11,4,-11,4,-11,4,-12,3,-12,3,-12,3,-12,3,-13,2,-13,2,-14,2,-15,1,-15,1,-15,1,-16,1,-16]"
CSI_DATA,135,1a:00:00:00:00:00,-46,11,0,0,0,0,0,0,0,0,0,-93,0,1,0,23642558,0,31,0,128,0,"[0,0,-4,14,-4,15,-4,14,-4,14,-3,13,-4,13,-4,13,-3,13,-3,13,-2,13,-1,13,0,13,0,13,-1,14,-1,14,0,13,-1,14,-1,14,-2,14,-2,13,-3,13,-4,13,-3,12,-4,12,-4,11,-5,10,0,0,0,0,0,0,0,0,0,0,0,0,0,0,0,0,0,0,0,0,0,0,0,6,-1,6,-2,7,-2,7,-3,8,-3,8,-4,8,-4,9,-5,9,-6,8,-5,9,-5,9,-6,9,-6,9,-6,9,-5,10,-5,10,-5,10,-5,11,-5,11,-5,11,-4,12,-4,12,-4,13,-4,13,-3,14]"
CSI_DATA,136,1a:00:00:00:00:00,-46,11,0,0,0,0,0,0,0,0,0,-93,0,1,0,23844229,0,31,0,128,0,"[0,0,-10,-12,-11,-12,-11,-12,-11,-12,-11,-11,-11,-11,-11,-11,-11,-10,-11,-10,-12,-10,-12,-9,-12,-8,-12,-8,-12,-8,-13,-8,-13,-8,-13,-9,-13,-9,-12,-9,-12,-9,-12,-10,-10,-10,-10,-10,-9,-10,-8,-10,-7,-10,0,0,0,0,0,0,0,0,0,0,0,0,0,0,0,0,0,0,0,0,0,0,-6,-5,-6,-5,-6,-6,-6,-7,-6,-7,-6,-8,-6,-9,-6,-9,-6,-10,-6,-10,-5,-11,-5,-11,-6,-10,-5,-10,-5,-10,-6,-11,-7,-10,-7,-11,-7,-11,-8,-10,-8,-10,-9,-11,-9,-11,-10,-11,-11,-11,-10,-12]"
[0;32mI (23949) ftm_responder: Counter = 24[0m
CSI_DATA,137,1a:00:00:00:00:00,-46,11,0,0,0,0,0,0,0,0,0,-93,0,1,0,24045118,0,31,0,128,0,"[0,0,14,6,14,5,14,5,14,5,14,4,13,4,14,3,13,3,13,3,13,3,13,2,13,2,13,2,14,1,14,1,14,1,14,2,14,2,14,2,14,3,13,3,13,3,12,4,12,5,11,5,10,6,0,0,0,0,0,0,0,0,0,0,0,0,0,0,0,0,0,0,0,0,0,0,6,1,6,1,7,2,8,2,8,3,8,4,8,5,8,5,8,5,8,6,8,7,8,7,8,6,9,6,9,6,9,6,9,6,10,6,10,5,11,5,11,5,12,5,12,5,13,5,13,5,14,5]"
CSI_DATA,138,1a:00:00:00:00:00,-46,11,0,0,0,0,0,0,0,0,0,-93,0,1,0,24059645,0,28,0,128,0,"[0,0,0,16,0,16,0,15,1,15,0,15,1,15,1,15,1,14,2,14,3,14,3,14,3,14,3,13,4,14,3,14,4,14,4,14,3,14,3,14,3,14,2,14,1,14,1,13,0,13,-1,13,-2,12,0,0,0,0,0,0,0,0,0,0,0,0,0,0,0,0,0,0,0,0,0,0,1,6,1,7,0,8,0,8,-1,9,-1,9,-2,10,-2,10,-3,10,-3,10,-3,11,-3,11,-4,11,-4,11,-3,10,-3,11,-3,11,-2,11,-2,12,-1,12,-1,13,-1,13,0,14,-1,15,0,15,0,15]"
CSI_DATA,139,1a:00:00:00:00:00,-46,11,0,0,0,0,0,0,0,0,0,-93,0,1,0,24246132,0,31,0,128,0,"[0,0,4,15,4,14,4,14,4,14,5,14,4,14,5,13,5,13,6,13,6,12,7,12,7,11,7,11,8,12,7,11,8,12,8,12,8,12,7,13,6,12,6,12,5,13,4,12,4,12,3,12,2,12,0,0,0,0,0,0,0,0,0,0,0,0,0,0,0,0,0,0,0,0,0,0,3,6,3,7,2,7,2,8,2,8,1,9,1,10,1,10,0,11,0,10,0,11,0,11,0,11,0,11,0,11,0,11,1,12,1,11,2,12,2,12,2,12,3,13,3,13,4,13,4,14,5,14]"
CSI_DATA,140,1a:00:00:00:00:00,-46,11,0,0,0,0,0,0,0,0,0,-93,0,1,0,24447234,0,31,0,128,0,"[0,0,-16,-3,-16,-2,-16,-2,-16,-2,-16,-2,-16,-2,-15,-1,-15,-1,-14,-1,-14,0,-15,1,-14,1,-14,1,-15,2,-15,2,-15,2,-15,1,-16,1,-15,1,-15,0,-15,0,-14,-1,-14,-2,-14,-2,-13,-3,-12,-3,0,0,0,0,0,0,0,0,0,0,0,0,0,0,0,0,0,0,0,0,0,0,-7,0,-8,-1,-9,-1,-9,-1,-10,-2,-10,-3,-10,-4,-10,-4,-10,-4,-10,-5,-11,-5,-11,-5,-11,-5,-11,-5,-11,-5,-11,-4,-12,-4,-12,-4,-13,-4,-13,-3,-13,-3,-14,-3,-14,-3,-15,-2,-15,-2,-16,-2]"
CSI_DATA,141,1a:00:00:00:00:00,-46,11,0,0,0,0,0,0,0,0,0,-93,0,1,0,24648651,0,31,0,128,0,"[0,0,-14,8,-15,8,-15,8,-14,8,-14,8,-14,8,-13,9,-13,8,-12,8,-12,9,-11,10,-11,10,-11,10,-11,11,-11,10,-11,11,-12,11,-12,11,-12,10,-12,9,-12,9,-12,8,-12,7,-12,7,-12,6,-12,5,0,0,0,0,0,0,0,0,0,0,0,0,0,0,0,0,0,0,0,0,0,0,-6,4,-7,4,-8,4,-9,4,-9,4,-10,3,-10,3,-11,3,-11,3,-12,2,-12,2,-12,2,-12,2,-12,2,-12,2,-12,3,-12,3,-12,4,-13,4,-13,5,-13,5,-13,6,-13,6,-14,7,-14,8,-14,8]"
CSI_DATA,142,1a:00:00:00:00:00,-46,11,0,0,0,0,0,0,0,0,0,-93,0,1,0,24849742,0,31,0,128,0,"[0,0,-2,-16,-2,-16,-2,-16,-3,-16,-2,-15,-3,-15,-3,-15,-3,-15,-4,-14,-4,-14,-5,-14,-5,-14,-5,-14,-6,-14,-6,-14,-6,-14,-6,-15,-6,-15,-5,-15,-5,-15,-5,-14,-3,-14,-3,-14,-2,-14,-1,-13,0,-13,0,0,0,0,0,0,0,0,0,0,0,0,0,0,0,0,0,0,0,0,0,0,-2,-7,-2,-8,-2,-8,-2,-9,-1,-10,0,-10,0,-11,0,-11,1,-11,1,-11,1,-12,1,-12,1,-12,1,-12,1,-12,1,-12,1,-12,0,-13,0,-13,-1,-13,-1,-14,-1,-14,-2,-15,-2,-15,-2,-15,-2,-16]"
CSI_DATA,143,1a:00:00:00:00:00,-46,11,0,0,0,0,0,0,0,0,0,-93,0,1,0,24910164,0,42,0,128,0,"[0,0,12,-9,12,-10,12,-9,12,-9,12,-9,11,-10,11,-10,11,-10,10,-10,10,-11,9,-11,9,-11,9,-11,9,-12,9,-12,9,-12,9,-12,9,-12,10,-11,10,-11,10,-10,10,-10,10,-9,10,-8,10,-7,10,-6,0,0,0,0,0,0,0,0,0,0,0,0,0,0,0,0,0,0,0,0,0,0,4,-5,5,-5,6,-5,7,-5,8,-5,8,-5,9,-5,9,-4,10,-4,10,-4,10,-4,10,-4,11,-4,11,-4,10,-4,11,-4,10,-5,10,-5,11,-6,11,-7,11,-7,11,-8,11,-8,12,-9,12,-9,12,-9]"
[0;32mI (24949) ftm_responder: Counter = 25[0m
CSI_DATA,144,1a:00:00:00:00:00,-46,11,0,0,0,0,0,0,0,0,0,-93,0,1,0,24977518,0,31,0,128,0,"[0,0,-16,1,-16,1,-16,2,-16,2,-15,1,-16,2,-15,2,-15,3,-15,2,-14,3,-14,4,-14,4,-14,4,-14,5,-14,4,-15,5,-15,5,-15,4,-15,4,-14,3,-15,3,-15,2,-14,1,-14,1,-13,0,-13,-1,0,0,0,0,0,0,0,0,0,0,0,0,0,0,0,0,0,0,0,0,0,0,-7,2,-8,1,-9,1,-9,1,-10,0,-10,0,-11,-1,-11,-1,-11,-1,-12,-2,-12,-2,-11,-2,-12,-2,-12,-2,-11,-2,-12,-2,-12,-2,-12,-1,-13,-1,-13,0,-13,0,-15,1,-14,1,-16,2,-16,1,-15,1]"
CSI_DATA,145,1a:00:00:00:00:00,-46,11,0,0,0,0,0,0,0,0,0,-93,0,1,0,25178583,0,31,0,128,0,"[0,0,15,-5,15,-5,15,-5,14,-5,14,-5,14,-5,13,-5,13,-6,13,-5,11,-7,12,-7,12,-8,12,-8,12,-9,12,-8,13,-8,12,-8,13,-8,13,-7,12,-7,13,-6,13,-5,12,-5,12,-5,12,-3,12,-3,0,0,0,0,0,0,0,0,0,0,0,0,0,0,0,0,0,0,0,0,0,0,5,-3,6,-4,7,-3,8,-3,8,-2,9,-2,9,-2,10,-2,10,-1,10,-1,11,-1,11,-1,11,-2,11,-1,11,-1,11,-1,11,-1,11,-2,12,-2,12,-2,12,-4,13,-4,13,-4,14,-5,14,-5,15,-5]"
CSI_DATA,146,1a:00:00:00:00:00,-46,11,0,0,0,0,0,0,0,0,0,-93,0,1,0,25379740,0,31,0,128,0,"[0,0,7,-15,7,-16,6,-15,6,-15,6,-15,7,-15,6,-15,4,-14,5,-15,4,-15,3,-15,3,-15,3,-15,3,-15,3,-16,2,-15,3,-16,3,-16,4,-16,4,-15,4,-15,5,-14,6,-13,6,-13,6,-12,7,-11,0,0,0,0,0,0,0,0,0,0,0,0,0,0,0,0,0,0,0,0,0,0,1,-7,2,-8,3,-8,3,-9,4,-9,4,-9,5,-9,6,-9,6,-9,7,-9,7,-9,7,-10,8,-10,7,-9,7,-9,7,-10,7,-10,6,-11,6,-11,7,-12,7,-12,6,-13,6,-13,6,-14,7,-14,6,-15]"
CSI_DATA,147,1a:00:00:00:00:00,-46,11,0,0,0,0,0,0,0,0,0,-93,0,1,0,25581182,0,31,0,128,0,"[0,0,-14,-9,-14,-9,-14,-9,-14,-9,-14,-8,-14,-9,-13,-8,-13,-8,-14,-7,-14,-7,-14,-6,-14,-5,-14,-5,-15,-5,-14,-6,-15,-6,-15,-6,-15,-6,-14,-7,-14,-7,-14,-8,-13,-8,-12,-8,-12,-8,-11,-9,-10,-9,0,0,0,0,0,0,0,0,0,0,0,0,0,0,0,0,0,0,0,0,0,0,-7,-3,-7,-4,-8,-4,-8,-5,-8,-5,-8,-6,-8,-7,-8,-8,-8,-8,-8,-8,-8,-9,-8,-9,-9,-9,-8,-9,-8,-9,-9,-9,-9,-9,-10,-9,-10,-8,-11,-8,-11,-8,-12,-9,-12,-8,-13,-8,-14,-9,-14,-9]"
CSI_DATA,148,1a:00:00:00:00:00,-46,11,0,0,0,0,0,0,0,0,0,-93,0,1,0,25782262,0,31,0,128,0,"[0,0,-12,-12,-13,-11,-13,-11,-12,-11,-12,-11,-12,-10,-12,-10,-12,-9,-12,-9,-12,-9,-13,-8,-13,-8,-13,-8,-14,-7,-14,-8,-14,-8,-14,-8,-14,-8,-14,-9,-13,-9,-13,-9,-12,-9,-11,-9,-10,-10,-9,-10,-9,-10,0,0,0,0,0,0,0,0,0,0,0,0,0,0,0,0,0,0,0,0,0,0,-6,-4,-6,-5,-7,-5,-7,-6,-7,-7,-7,-8,-7,-9,-7,-9,-6,-10,-7,-10,-6,-10,-7,-10,-7,-10,-7,-10,-7,-10,-7,-10,-8,-10,-8,-10,-9,-10,-9,-10,-10,-10,-10,-10,-10,-11,-11,-11,-12,-11,-12,-12]"
[0;32mI (25949) ftm_responder: Counter = 26[0m
CSI_DATA,149,1a:00:00:00:00:00,-46,11,0,0,0,0,0,0,0,0,0,-93,0,1,0,25983629,0,31,0,128,0,"[0,0,6,-15,6,-15,6,-15,6,-15,5,-15,5,-15,5,-15,4,-14,3,-14,3,-15,2,-15,2,-15,2,-15,2,-15,1,-15,1,-16,2,-16,2,-16,3,-16,3,-15,4,-15,4,-14,4,-13,5,-13,5,-12,6,-11,0,0,0,0,0,0,0,0,0,0,0,0,0,0,0,0,0,0,0,0,0,0,1,-7,2,-7,3,-8,3,-8,4,-9,4,-9,5,-9,6,-9,6,-9,7,-9,7,-9,7,-9,7,-9,7,-9,7,-9,6,-10,6,-10,6,-11,6,-11,6,-12,6,-12,6,-13,6,-13,6,-14,6,-15,6,-15]"
CSI_DATA,150,1a:00:00:00:00:00,-46,11,0,0,0,0,0,0,0,0,0,-93,0,1,0,26184517,0,31,0,128,0,"[0,0,12,9,12,8,12,9,12,8,12,8,12,7,12,7,12,7,12,6,12,6,13,5,12,5,13,5,13,5,13,5,14,5,13,5,13,5,13,6,12,6,12,6,11,7,11,7,10,7,9,7,9,8,0,0,0,0,0,0,0,0,0,0,0,0,0,0,0,0,0,0,0,0,0,0,5,2,6,3,6,3,7,4,6,5,7,6,7,6,7,7,7,8,6,8,6,8,7,8,7,8,7,8,7,8,7,8,7,8,8,8,8,8,9,8,9,7,10,8,10,8,11,8,12,8,12,9]"
CSI_DATA,151,1a:00:00:00:00:00,-47,11,0,0,0,0,0,0,0,0,0,-93,0,1,0,26385658,0,31,0,128,0,"[0,0,-14,-9,-15,-8,-14,-8,-14,-8,-14,-8,-15,-7,-14,-7,-14,-7,-14,-6,-14,-6,-15,-5,-14,-5,-14,-5,-14,-4,-15,-5,-15,-5,-15,-5,-15,-5,-15,-6,-14,-6,-14,-6,-13,-6,-13,-7,-12,-7,-11,-7,-10,-8,0,0,0,0,0,0,0,0,0,0,0,0,0,0,0,0,0,0,0,0,0,0,-7,-3,-8,-3,-9,-4,-9,-4,-9,-5,-9,-6,-9,-7,-9,-8,-9,-8,-9,-9,-9,-9,-9,-9,-9,-9,-9,-9,-9,-9,-10,-9,-10,-9,-10,-9,-11,-8,-11,-8,-12,-8,-12,-8,-13,-8,-13,-8,-14,-8,-14,-8]"
CSI_DATA,152,1a:00:00:00:00:00,-47,11,0,0,0,0,0,0,0,0,0,-93,0,1,0,26446119,0,42,0,128,0,"[0,0,-11,11,-11,11,-11,12,-10,11,-10,11,-10,12,-9,12,-9,12,-8,11,-7,11,-7,12,-7,12,-7,12,-6,13,-6,12,-6,13,-7,13,-7,13,-7,12,-7,12,-7,11,-8,11,-8,10,-8,10,-8,9,-8,8,0,0,0,0,0,0,0,0,0,0,0,0,0,0,0,0,0,0,0,0,0,0,-4,6,-5,6,-6,7,-7,7,-7,7,-8,7,-9,7,-9,7,-10,6,-10,6,-11,6,-11,6,-11,6,-11,6,-11,6,-10,7,-11,7,-10,7,-11,8,-10,8,-11,9,-10,9,-10,10,-11,11,-11,11,-11,11]"
CSI_DATA,153,1a:00:00:00:00:00,-47,11,0,0,0,0,0,0,0,0,0,-93,0,1,0,26514839,0,31,0,128,0,"[0,0,15,2,14,2,15,1,14,2,14,1,14,1,14,0,13,0,13,-1,13,-1,14,-1,13,-2,13,-2,14,-2,13,-2,14,-2,14,-3,14,-2,14,-2,13,-1,13,-1,12,0,12,0,12,1,11,1,10,2,0,0,0,0,0,0,0,0,0,0,0,0,0,0,0,0,0,0,0,0,0,0,7,-1,8,-1,9,0,10,0,10,1,10,2,10,2,11,3,11,3,11,4,11,5,11,5,11,5,11,4,11,4,11,4,11,4,11,4,12,3,12,3,13,2,13,2,13,3,14,2,15,2,15,2]"
CSI_DATA,154,1a:00:00:00:00:00,-47,11,0,0,0,0,0,0,0,0,0,-93,0,1,0,26715395,0,31,0,128,0,"[0,0,-14,-7,-14,-7,-14,-6,-14,-6,-14,-5,-14,-5,-14,-5,-13,-4,-13,-4,-14,-3,-14,-2,-14,-2,-14,-2,-14,-2,-14,-2,-15,-2,-15,-2,-15,-2,-15,-3,-14,-3,-14,-4,-14,-4,-13,-4,-12,-4,-11,-6,-11,-6,0,0,0,0,0,0,0,0,0,0,0,0,0,0,0,0,0,0,0,0,0,0,-8,-3,-8,-3,-9,-4,-9,-4,-10,-5,-9,-6,-9,-7,-10,-7,-9,-8,-9,-8,-10,-9,-9,-9,-10,-9,-10,-9,-9,-8,-10,-8,-10,-8,-10,-8,-10,-7,-11,-7,-12,-7,-12,-7,-12,-7,-13,-7,-14,-7,-14,-7]"
CSI_DATA,155,1a:00:00:00:00:00,-47,11,0,0,0,0,0,0,0,0,0,-93,0,1,0,26916126,0,31,0,128,0,"[0,0,-14,5,-14,5,-15,5,-14,5,-13,6,-14,6,-13,6,-12,7,-12,7,-11,8,-11,8,-11,8,-11,9,-12,10,-11,9,-12,10,-12,10,-13,10,-13,9,-13,9,-13,8,-14,7,-13,6,-13,6,-13,5,-13,3,0,0,0,0,0,0,0,0,0,0,0,0,0,0,0,0,0,0,0,0,0,0,-8,3,-9,3,-10,2,-11,2,-11,1,-11,1,-12,0,-12,0,-12,0,-12,-1,-12,-1,-13,-1,-13,-1,-13,-1,-13,-1,-12,0,-13,0,-12,1,-13,1,-13,2,-13,2,-14,3,-13,3,-14,4,-14,5,-14,4]"
[0;32mI (26949) ftm_responder: Counter = 27[0m
CSI_DATA,156,1a:00:00:00:00:00,-48,11,0,0,0,0,0,0,0,0,0,-93,0,1,0,27118890,0,31,0,128,0,"[0,0,-16,0,-16,1,-16,1,-15,1,-16,2,-15,2,-15,3,-14,3,-14,3,-14,4,-14,4,-13,4,-13,4,-13,5,-13,5,-14,6,-14,6,-14,5,-14,5,-14,4,-14,4,-14,3,-14,2,-14,1,-13,0,-13,0,0,0,0,0,0,0,0,0,0,0,0,0,0,0,0,0,0,0,0,0,0,0,-9,1,-10,0,-11,0,-12,-1,-12,-1,-12,-2,-13,-3,-12,-3,-13,-3,-13,-4,-13,-4,-13,-4,-13,-4,-13,-4,-13,-4,-13,-3,-13,-3,-13,-3,-13,-2,-14,-1,-14,-1,-14,-1,-15,-1,-15,0,-16,1,-15,0]"
CSI_DATA,157,1a:00:00:00:00:00,-48,11,0,0,0,0,0,0,0,0,0,-93,0,1,0,27323309,0,31,0,128,0,"[0,0,-4,-15,-4,-14,-4,-15,-4,-14,-4,-15,-5,-14,-5,-14,-5,-13,-6,-13,-6,-12,-7,-13,-7,-12,-7,-12,-8,-12,-7,-12,-8,-13,-8,-12,-8,-13,-7,-13,-7,-13,-6,-13,-5,-13,-5,-12,-4,-13,-3,-12,-2,-12,0,0,0,0,0,0,0,0,0,0,0,0,0,0,0,0,0,0,0,0,0,0,-3,-9,-3,-10,-3,-10,-2,-11,-2,-11,-1,-12,0,-13,0,-13,0,-13,1,-13,1,-13,1,-13,1,-13,1,-13,1,-13,0,-13,0,-13,0,-13,-1,-13,-2,-13,-2,-13,-3,-14,-3,-14,-3,-14,-3,-15,-4,-15]"
CSI_DATA,158,1a:00:00:00:00:00,-48,11,0,0,0,0,0,0,0,0,0,-93,0,1,0,27519249,0,31,0,128,0,"[0,0,-12,-9,-13,-9,-13,-8,-13,-9,-13,-8,-13,-7,-13,-7,-12,-7,-13,-6,-13,-6,-13,-5,-13,-5,-13,-4,-14,-4,-14,-5,-14,-4,-14,-5,-14,-5,-14,-5,-14,-5,-13,-6,-12,-6,-12,-7,-11,-7,-10,-8,-9,-8,0,0,0,0,0,0,0,0,0,0,0,0,0,0,0,0,0,0,0,0,0,0,-8,-5,-8,-6,-9,-7,-9,-7,-9,-8,-8,-9,-8,-10,-8,-10,-8,-10,-7,-11,-7,-11,-7,-11,-8,-11,-7,-11,-7,-10,-8,-10,-8,-10,-8,-10,-9,-10,-10,-9,-10,-9,-11,-9,-11,-9,-12,-9,-12,-9,-12,-9]"
CSI_DATA,159,1a:00:00:00:00:00,-47,11,0,0,0,0,0,0,0,0,0,-93,0,1,0,27720506,0,31,0,128,0,"[0,0,-12,9,-12,9,-12,9,-11,9,-11,9,-11,10,-10,10,-10,10,-10,10,-9,10,-9,11,-8,11,-8,11,-8,12,-8,11,-8,12,-9,12,-9,12,-9,11,-9,11,-10,10,-10,10,-10,9,-10,8,-10,7,-11,6,0,0,0,0,0,0,0,0,0,0,0,0,0,0,0,0,0,0,0,0,0,0,-7,5,-8,5,-9,5,-10,5,-10,5,-11,4,-12,4,-12,4,-12,3,-12,3,-12,3,-12,3,-12,3,-12,3,-12,3,-12,4,-12,4,-11,4,-12,5,-12,6,-12,6,-12,7,-11,7,-12,8,-12,9,-12,9]"
CSI_DATA,160,1a:00:00:00:00:00,-47,11,0,0,0,0,0,0,0,0,0,-93,0,1,0,27921646,0,31,0,128,0,"[0,0,-15,3,-15,3,-16,4,-15,4,-15,4,-15,4,-14,4,-14,4,-14,5,-13,5,-13,6,-13,6,-13,6,-13,7,-13,7,-14,7,-14,7,-14,6,-14,6,-14,5,-14,5,-14,4,-14,3,-14,3,-13,1,-13,0,0,0,0,0,0,0,0,0,0,0,0,0,0,0,0,0,0,0,0,0,0,0,-9,2,-10,1,-11,1,-12,1,-12,0,-12,-1,-13,-1,-12,-2,-12,-2,-13,-2,-13,-2,-13,-2,-13,-2,-13,-2,-12,-2,-12,-2,-13,-1,-12,-1,-13,0,-13,0,-13,1,-14,1,-14,1,-15,3,-15,3,-15,3]"
[0;32mI (27949) ftm_responder: Counter = 28[0m
CSI_DATA,161,1a:00:00:00:00:00,-47,11,0,0,0,0,0,0,0,0,0,-93,0,1,0,27982087,0,42,0,128,0,"[0,0,-7,14,-7,14,-7,14,-7,14,-7,14,-7,14,-6,14,-6,14,-5,14,-4,14,-3,14,-3,14,-3,14,-3,15,-3,15,-3,15,-4,15,-4,15,-5,15,-5,14,-6,14,-7,13,-6,13,-7,12,-7,11,-8,10,0,0,0,0,0,0,0,0,0,0,0,0,0,0,0,0,0,0,0,0,0,0,-4,8,-5,8,-6,8,-7,8,-8,8,-8,8,-9,8,-9,8,-10,8,-10,8,-10,8,-10,8,-10,8,-10,8,-10,7,-9,8,-9,8,-8,9,-9,9,-8,10,-8,10,-8,11,-7,12,-8,13,-7,13,-7,13]"
CSI_DATA,162,1a:00:00:00:00:00,-47,11,0,0,0,0,0,0,0,0,0,-93,0,1,0,28049361,0,31,0,128,0,"[0,0,0,-16,0,-16,-1,-16,-1,-15,-1,-15,-1,-15,-1,-15,-2,-15,-2,-15,-3,-14,-4,-15,-4,-15,-4,-15,-5,-15,-4,-15,-4,-16,-4,-15,-4,-16,-3,-16,-3,-15,-2,-15,-1,-15,-1,-15,0,-14,1,-13,2,-13,0,0,0,0,0,0,0,0,0,0,0,0,0,0,0,0,0,0,0,0,0,0,0,-10,0,-10,1,-11,2,-11,2,-11,3,-12,4,-12,4,-12,5,-12,5,-11,5,-12,4,-12,5,-12,5,-12,4,-12,4,-12,4,-12,3,-12,3,-13,2,-13,2,-13,2,-14,1,-14,1,-14,-1,-15,-1,-15]"
CSI_DATA,163,1a:00:00:00:00:00,-47,11,0,0,0,0,0,0,0,0,0,-93,0,1,0,28250443,0,31,0,128,0,"[0,0,14,-1,15,-1,15,-1,14,-1,14,-2,14,-2,14,-2,14,-3,14,-3,13,-4,14,-4,13,-5,14,-4,14,-5,14,-5,14,-5,14,-5,14,-4,15,-4,14,-3,14,-3,14,-2,13,-1,13,0,12,1,12,1,0,0,0,0,0,0,0,0,0,0,0,0,0,0,0,0,0,0,0,0,0,0,9,0,9,0,10,1,10,1,11,2,10,3,11,3,11,4,11,4,11,4,11,5,11,5,11,5,11,4,11,4,11,4,11,3,11,3,11,2,12,2,12,1,13,1,13,1,14,0,14,0,15,0]"
CSI_DATA,164,1a:00:00:00:00:00,-47,11,0,0,0,0,0,0,0,0,0,-93,0,1,0,28451595,0,31,0,128,0,"[0,0,14,2,14,1,15,1,14,2,14,1,14,1,14,0,14,0,13,0,14,-1,14,-1,14,-2,13,-2,14,-2,14,-2,15,-2,14,-2,15,-1,15,-1,14,0,14,0,14,1,13,1,12,2,11,3,11,4,0,0,0,0,0,0,0,0,0,0,0,0,0,0,0,0,0,0,0,0,0,0,8,1,9,2,9,3,10,3,10,4,10,5,10,5,10,6,10,6,10,6,10,7,10,7,10,7,10,6,10,6,10,6,10,6,10,5,11,5,11,4,12,4,13,3,12,3,14,3,14,3,14,3]"
CSI_DATA,165,1a:00:00:00:00:00,-47,11,0,0,0,0,0,0,0,0,0,-93,0,1,0,28653467,0,31,0,128,0,"[0,0,-11,10,-11,10,-11,10,-10,10,-10,10,-10,10,-10,11,-9,10,-9,10,-8,11,-8,11,-8,11,-8,12,-7,12,-8,12,-8,12,-8,13,-9,12,-9,12,-9,11,-9,10,-10,10,-10,9,-10,8,-10,7,-10,6,0,0,0,0,0,0,0,0,0,0,0,0,0,0,0,0,0,0,0,0,0,0,-7,5,-8,5,-9,5,-9,5,-10,5,-11,4,-11,4,-12,4,-12,3,-12,3,-12,3,-12,3,-12,3,-12,3,-11,3,-12,4,-11,4,-11,4,-11,5,-11,6,-11,6,-11,7,-11,7,-12,8,-12,9,-11,9]"
CSI_DATA,166,1a:00:00:00:00:00,-47,11,0,0,0,0,0,0,0,0,0,-93,0,1,0,28854055,0,31,0,128,0,"[0,0,-15,-5,-15,-5,-15,-5,-14,-4,-15,-4,-15,-4,-15,-3,-14,-3,-15,-2,-14,-2,-15,-1,-14,-1,-14,-1,-15,0,-15,-1,-16,0,-15,-1,-15,-1,-16,-2,-15,-2,-15,-3,-14,-3,-13,-4,-13,-4,-12,-5,-11,-5,0,0,0,0,0,0,0,0,0,0,0,0,0,0,0,0,0,0,0,0,0,0,-9,-4,-9,-5,-9,-5,-10,-6,-10,-6,-10,-7,-10,-8,-10,-8,-9,-9,-9,-8,-9,-9,-9,-9,-10,-9,-10,-9,-10,-8,-10,-8,-10,-8,-10,-7,-11,-7,-12,-6,-12,-6,-13,-6,-13,-6,-14,-5,-14,-5,-15,-6]"
[0;32mI (28959) ftm_responder: Counter = 29[0m
CSI_DATA,167,1a:00:00:00:00:00,-46,11,0,0,0,0,0,0,0,0,0,-93,0,1,0,29055143,0,31,0,128,0,"[0,0,-7,14,-7,13,-7,14,-6,13,-6,14,-5,14,-5,13,-4,13,-4,13,-3,13,-3,14,-2,13,-2,14,-2,14,-2,14,-2,15,-2,14,-3,15,-3,14,-4,14,-4,14,-5,13,-5,12,-6,12,-6,11,-7,10,0,0,0,0,0,0,0,0,0,0,0,0,0,0,0,0,0,0,0,0,0,0,-4,8,-5,8,-6,8,-6,9,-7,9,-8,9,-8,9,-9,9,-9,9,-9,8,-10,8,-10,8,-10,8,-10,8,-9,8,-9,9,-9,9,-8,9,-8,10,-8,10,-8,11,-8,11,-7,12,-7,13,-7,13,-7,14]"
CSI_DATA,168,1a:00:00:00:00:00,-46,11,0,0,0,0,0,0,0,0,0,-93,0,1,0,29256763,0,31,0,128,0,"[0,0,-5,-15,-6,-14,-5,-14,-6,-14,-6,-14,-6,-13,-7,-13,-7,-13,-7,-12,-8,-12,-8,-12,-8,-11,-9,-11,-9,-12,-9,-12,-9,-12,-9,-12,-9,-12,-8,-13,-8,-12,-8,-13,-6,-13,-6,-12,-5,-13,-4,-12,-3,-12,0,0,0,0,0,0,0,0,0,0,0,0,0,0,0,0,0,0,0,0,0,0,-3,-9,-3,-10,-2,-10,-2,-10,-2,-11,-1,-12,-1,-12,-1,-12,0,-12,0,-12,0,-13,0,-13,0,-12,0,-12,0,-12,-1,-12,-1,-12,-1,-12,-2,-13,-2,-13,-3,-13,-3,-13,-4,-13,-5,-14,-5,-14,-5,-14]"
CSI_DATA,169,1a:00:00:00:00:00,-47,11,0,0,0,0,0,0,0,0,0,-93,0,1,0,29461093,0,31,0,128,0,"[0,0,-14,-8,-14,-8,-15,-8,-14,-7,-14,-7,-14,-7,-14,-6,-14,-6,-14,-5,-14,-5,-15,-4,-14,-4,-14,-4,-15,-3,-15,-3,-16,-4,-16,-4,-16,-4,-15,-5,-15,-5,-15,-6,-14,-6,-13,-6,-12,-7,-11,-7,-10,-8,0,0,0,0,0,0,0,0,0,0,0,0,0,0,0,0,0,0,0,0,0,0,-8,-5,-8,-6,-9,-6,-9,-7,-9,-8,-8,-9,-8,-9,-8,-10,-8,-10,-8,-10,-8,-11,-8,-11,-8,-10,-8,-10,-8,-10,-9,-10,-9,-9,-9,-9,-10,-9,-11,-8,-11,-8,-12,-8,-12,-8,-13,-8,-14,-8,-14,-8]"
CSI_DATA,170,1a:00:00:00:00:00,-46,11,0,0,0,0,0,0,0,0,0,-93,0,1,0,29523510,0,42,0,128,0,"[0,0,-6,-14,-7,-14,-6,-14,-7,-14,-7,-14,-7,-14,-7,-14,-7,-13,-7,-13,-8,-13,-9,-12,-9,-11,-9,-11,-9,-12,-10,-12,-10,-12,-10,-13,-9,-13,-9,-13,-8,-13,-8,-13,-6,-13,-6,-13,-5,-13,-4,-12,-3,-12,0,0,0,0,0,0,0,0,0,0,0,0,0,0,0,0,0,0,0,0,0,0,-4,-9,-4,-9,-3,-10,-3,-10,-2,-11,-2,-11,-1,-12,-1,-12,-1,-12,0,-12,0,-12,-1,-13,-1,-12,-1,-12,-1,-12,-1,-12,-2,-12,-2,-12,-2,-12,-3,-13,-4,-13,-4,-13,-5,-14,-6,-14,-6,-14,-6,-15]"
CSI_DATA,171,1a:00:00:00:00:00,-46,11,0,0,0,0,0,0,0,0,0,-93,0,1,0,29590034,0,31,0,128,0,"[0,0,8,13,8,12,8,13,8,12,8,12,8,11,8,11,9,11,9,10,9,10,10,9,10,9,10,9,11,9,11,9,11,9,11,10,11,10,10,10,9,10,9,10,8,11,7,11,7,11,6,11,5,11,0,0,0,0,0,0,0,0,0,0,0,0,0,0,0,0,0,0,0,0,0,0,4,7,4,8,4,8,4,9,3,9,3,10,3,11,2,11,2,11,1,11,1,12,2,11,2,11,2,11,2,11,3,11,3,11,3,11,4,11,5,11,5,11,6,11,6,12,7,12,8,12,8,12]"
CSI_DATA,172,1a:00:00:00:00:00,-46,11,0,0,0,0,0,0,0,0,0,-93,0,1,0,29787739,0,31,0,128,0,"[0,0,-14,-8,-14,-8,-15,-8,-14,-8,-14,-8,-14,-7,-14,-7,-14,-6,-14,-6,-14,-5,-15,-5,-14,-4,-15,-4,-16,-4,-15,-4,-16,-4,-15,-4,-16,-5,-15,-5,-15,-6,-15,-6,-14,-7,-12,-7,-13,-7,-11,-8,-10,-8,0,0,0,0,0,0,0,0,0,0,0,0,0,0,0,0,0,0,0,0,0,0,-8,-5,-8,-6,-8,-7,-8,-7,-8,-8,-8,-9,-8,-10,-8,-10,-7,-10,-7,-10,-8,-11,-8,-10,-8,-10,-8,-10,-8,-10,-8,-10,-9,-10,-9,-9,-10,-9,-10,-9,-11,-9,-12,-9,-12,-8,-13,-8,-14,-8,-13,-9]"
[0;32mI (29959) ftm_responder: Counter = 30[0m
CSI_DATA,173,1a:00:00:00:00:00,-46,11,0,0,0,0,0,0,0,0,0,-93,0,1,0,29990809,0,31,0,128,0,"[0,0,14,-7,14,-7,13,-7,14,-8,13,-7,13,-8,12,-8,12,-8,11,-8,11,-9,11,-9,11,-9,11,-10,11,-10,11,-10,11,-10,12,-10,11,-9,12,-9,12,-8,12,-8,12,-7,13,-6,12,-5,12,-5,11,-3,0,0,0,0,0,0,0,0,0,0,0,0,0,0,0,0,0,0,0,0,0,0,7,-4,7,-4,8,-4,9,-4,10,-3,10,-3,10,-2,10,-2,11,-2,11,-1,11,-1,11,-1,11,-1,11,-1,11,-1,11,-2,11,-2,11,-3,11,-4,12,-4,12,-4,12,-5,12,-6,13,-6,13,-7,13,-6]"
CSI_DATA,174,1a:00:00:00:00:00,-46,11,0,0,0,0,0,0,0,0,0,-93,0,1,0,30191160,0,31,0,128,0,"[0,0,9,12,8,11,8,12,9,11,9,11,9,11,9,10,9,10,9,9,10,9,11,8,11,8,11,8,11,8,11,8,12,8,11,8,12,9,11,10,10,9,10,10,9,10,8,10,7,10,7,10,5,10,0,0,0,0,0,0,0,0,0,0,0,0,0,0,0,0,0,0,0,0,0,0,5,6,5,7,4,7,4,8,4,9,4,10,3,10,3,11,2,11,2,10,2,11,2,11,3,11,3,11,3,10,3,10,4,11,4,10,5,11,5,11,6,10,6,11,7,11,8,11,8,11,9,12]"
CSI_DATA,175,1a:00:00:00:00:00,-47,11,0,0,0,0,0,0,0,0,0,-93,0,1,0,30389675,0,31,0,128,0,"[0,0,6,-14,6,-14,6,-15,6,-14,5,-14,5,-14,4,-14,4,-14,3,-14,3,-14,2,-14,2,-14,2,-15,2,-15,2,-15,2,-15,2,-15,3,-15,3,-15,3,-14,4,-14,4,-14,5,-13,5,-12,6,-11,6,-10,0,0,0,0,0,0,0,0,0,0,0,0,0,0,0,0,0,0,0,0,0,0,3,-8,4,-8,5,-8,5,-9,6,-9,7,-9,7,-9,7,-8,8,-9,9,-8,8,-8,9,-8,9,-8,8,-8,8,-8,7,-9,7,-9,7,-9,7,-10,7,-11,7,-11,7,-12,6,-12,6,-13,7,-13,7,-14]"
CSI_DATA,176,1a:00:00:00:00:00,-47,11,0,0,0,0,0,0,0,0,0,-93,0,1,0,30591291,0,31,0,128,0,"[0,0,9,11,10,10,10,10,10,10,10,10,10,9,10,9,10,8,11,8,11,8,11,7,11,7,11,7,12,7,12,7,12,7,12,7,12,8,12,8,11,8,11,8,10,9,9,9,8,9,7,9,6,9,0,0,0,0,0,0,0,0,0,0,0,0,0,0,0,0,0,0,0,0,0,0,6,6,6,6,5,7,5,8,5,8,5,9,5,10,4,10,4,10,3,10,4,11,4,11,4,10,4,10,4,10,4,10,5,10,5,10,6,10,7,10,7,9,8,10,8,10,9,10,9,10,10,10]"
CSI_DATA,177,1a:00:00:00:00:00,-47,11,0,0,0,0,0,0,0,0,0,-93,0,1,0,30799534,0,31,0,128,0,"[0,0,-10,-12,-11,-12,-10,-12,-10,-11,-11,-11,-10,-11,-10,-10,-11,-11,-11,-9,-12,-9,-12,-9,-12,-8,-12,-8,-13,-8,-13,-8,-13,-9,-13,-8,-13,-9,-13,-10,-12,-10,-11,-10,-10,-10,-10,-10,-9,-10,-8,-10,-7,-10,0,0,0,0,0,0,0,0,0,0,0,0,0,0,0,0,0,0,0,0,0,0,-6,-7,-6,-8,-6,-9,-6,-9,-6,-10,-5,-11,-5,-11,-4,-12,-4,-12,-4,-12,-4,-13,-4,-12,-4,-12,-4,-12,-4,-11,-5,-12,-6,-12,-6,-12,-6,-12,-7,-11,-8,-11,-8,-11,-9,-12,-9,-12,-10,-12,-10,-12]"
[0;32mI (30959) ftm_responder: Counter = 31[0m
CSI_DATA,178,1a:00:00:00:00:00,-47,11,0,0,0,0,0,0,0,0,0,-93,0,1,0,30994441,0,31,0,128,0,"[0,0,-3,15,-3,14,-3,15,-3,14,-3,14,-3,14,-2,14,-1,14,-1,13,0,13,0,14,0,13,0,13,1,14,1,14,1,15,0,14,0,15,0,14,-1,14,-1,14,-2,14,-2,13,-3,12,-4,12,-5,11,0,0,0,0,0,0,0,0,0,0,0,0,0,0,0,0,0,0,0,0,0,0,-2,8,-2,9,-3,9,-4,10,-5,10,-5,10,-6,10,-6,10,-6,10,-7,9,-7,10,-7,10,-7,10,-7,10,-7,10,-6,10,-6,10,-5,10,-5,11,-4,11,-4,12,-4,13,-4,12,-4,14,-4,14,-3,14]"
CSI_DATA,179,1a:00:00:00:00:00,-47,11,0,0,0,0,0,0,0,0,0,-93,0,1,0,31057367,0,42,0,128,0,"[0,0,13,-6,13,-7,13,-7,13,-7,13,-7,12,-7,12,-8,12,-8,11,-8,11,-8,11,-9,11,-9,11,-10,10,-10,10,-10,11,-10,11,-10,11,-9,11,-9,11,-8,11,-8,12,-7,12,-6,12,-5,11,-4,11,-3,0,0,0,0,0,0,0,0,0,0,0,0,0,0,0,0,0,0,0,0,0,0,7,-5,8,-5,9,-4,10,-4,10,-4,11,-3,11,-3,11,-2,12,-2,12,-1,12,-1,12,-1,12,-1,12,-1,12,-1,12,-2,11,-2,11,-3,12,-3,12,-4,12,-5,13,-6,13,-5,14,-5,13,-7,13,-6]"
CSI_DATA,180,1a:00:00:00:00:00,-47,11,0,0,0,0,0,0,0,0,0,-93,0,1,0,31142186,0,31,0,128,0,"[0,0,-12,9,-13,9,-13,9,-12,9,-12,9,-12,9,-11,10,-11,9,-10,10,-9,10,-9,10,-9,11,-9,11,-9,11,-9,11,-9,11,-9,12,-9,11,-10,11,-10,10,-10,10,-11,9,-11,8,-11,7,-11,7,-11,6,0,0,0,0,0,0,0,0,0,0,0,0,0,0,0,0,0,0,0,0,0,0,-8,5,-8,5,-10,5,-10,5,-11,4,-11,4,-12,3,-12,3,-12,3,-12,2,-13,2,-13,2,-13,2,-12,3,-12,3,-12,4,-12,4,-12,4,-12,5,-12,5,-12,6,-12,7,-12,7,-12,8,-13,8,-13,8]"
CSI_DATA,181,1a:00:00:00:00:00,-47,11,0,0,0,0,0,0,0,0,0,-93,0,1,0,31329252,0,31,0,128,0,"[0,0,10,-11,11,-12,10,-11,10,-12,10,-11,9,-12,8,-12,8,-12,7,-12,7,-12,7,-13,7,-12,7,-13,6,-13,6,-14,6,-13,7,-14,7,-13,7,-13,7,-12,8,-12,8,-11,9,-11,9,-10,9,-9,9,-8,0,0,0,0,0,0,0,0,0,0,0,0,0,0,0,0,0,0,0,0,0,0,6,-7,7,-7,8,-7,8,-7,9,-7,9,-6,10,-6,10,-6,10,-6,11,-5,11,-5,11,-5,11,-5,11,-5,10,-5,10,-6,10,-6,10,-7,10,-7,10,-9,10,-8,10,-9,10,-9,11,-10,11,-10,11,-11]"
CSI_DATA,182,1a:00:00:00:00:00,-47,11,0,0,0,0,0,0,0,0,0,-93,0,1,0,31526074,0,31,0,128,0,"[0,0,14,4,15,3,14,2,14,3,14,3,14,2,14,1,14,1,14,1,13,0,14,-1,13,-1,14,-1,14,-2,14,-1,14,-1,15,-1,15,-1,14,0,14,0,14,1,13,1,13,1,12,2,11,3,11,4,0,0,0,0,0,0,0,0,0,0,0,0,0,0,0,0,0,0,0,0,0,0,8,1,9,2,9,3,10,3,10,4,10,5,10,6,10,6,10,6,9,7,10,7,9,7,10,7,10,6,9,6,10,6,10,5,10,5,11,4,12,4,12,4,13,4,13,4,14,3,14,3,14,3]"
CSI_DATA,183,1a:00:00:00:00:00,-47,11,0,0,0,0,0,0,0,0,0,-93,0,1,0,31785493,0,31,0,128,0,"[0,0,9,11,9,11,9,11,9,10,9,10,9,10,10,9,10,9,10,9,10,8,11,8,11,7,11,7,12,8,11,7,12,8,11,8,11,8,11,9,10,9,10,9,9,9,8,9,8,9,7,9,6,10,0,0,0,0,0,0,0,0,0,0,0,0,0,0,0,0,0,0,0,0,0,0,5,6,6,7,5,8,5,8,5,9,5,10,4,10,4,11,4,11,3,11,3,11,3,11,3,11,3,11,4,11,4,10,4,11,5,10,5,10,6,10,6,10,7,11,7,11,8,11,9,11,9,11]"
[0;32mI (31959) ftm_responder: Counter = 32[0m
CSI_DATA,184,1a:00:00:00:00:00,-47,11,0,0,0,0,0,0,0,0,0,-93,0,1,0,31955340,0,31,0,128,0,"[0,0,-1,-16,-1,-16,-1,-16,-2,-15,-2,-15,-2,-15,-3,-15,-3,-15,-3,-14,-4,-14,-5,-14,-5,-14,-5,-14,-5,-14,-5,-14,-6,-15,-5,-15,-5,-15,-5,-15,-4,-15,-4,-15,-2,-14,-2,-14,-1,-14,0,-13,0,-13,0,0,0,0,0,0,0,0,0,0,0,0,0,0,0,0,0,0,0,0,0,0,-1,-10,0,-10,1,-11,1,-11,2,-11,2,-12,3,-12,3,-12,3,-12,4,-12,4,-12,4,-12,4,-12,4,-12,4,-12,3,-12,2,-13,2,-12,2,-13,1,-13,1,-13,0,-14,0,-14,0,-15,-1,-15,-1,-16]"
CSI_DATA,185,1a:00:00:00:00:00,-47,11,0,0,0,0,0,0,0,0,0,-93,0,1,0,32140380,0,31,0,128,0,"[0,0,-2,-15,-2,-15,-2,-15,-3,-16,-3,-15,-3,-14,-3,-14,-3,-14,-4,-14,-5,-14,-5,-14,-6,-13,-5,-13,-6,-13,-6,-13,-6,-13,-6,-14,-5,-14,-6,-14,-5,-14,-4,-14,-4,-14,-3,-14,-2,-13,-1,-13,0,-13,0,0,0,0,0,0,0,0,0,0,0,0,0,0,0,0,0,0,0,0,0,0,-1,-9,-1,-10,0,-11,0,-11,1,-11,1,-12,2,-12,2,-12,3,-12,3,-12,3,-12,3,-12,3,-12,3,-12,3,-11,2,-12,2,-12,1,-12,1,-13,1,-13,0,-13,0,-14,-1,-14,-1,-14,-1,-15,-2,-15]"
CSI_DATA,186,1a:00:00:00:00:00,-47,11,0,0,0,0,0,0,0,0,0,-93,0,1,0,32332227,0,31,0,128,0,"[0,0,0,-15,0,-16,0,-16,0,-16,0,-15,-1,-15,-1,-15,-1,-15,-2,-15,-3,-14,-3,-14,-3,-14,-4,-14,-4,-14,-4,-15,-4,-15,-4,-15,-4,-15,-4,-15,-3,-15,-3,-15,-1,-14,-1,-14,0,-14,1,-13,1,-12,0,0,0,0,0,0,0,0,0,0,0,0,0,0,0,0,0,0,0,0,0,0,0,-10,0,-10,1,-11,2,-11,2,-11,3,-12,4,-12,4,-12,5,-12,5,-11,5,-12,5,-12,5,-11,5,-11,5,-11,4,-12,4,-12,3,-12,3,-13,2,-13,2,-13,2,-14,1,-14,1,-15,1,-15,1,-15]"
CSI_DATA,187,1a:00:00:00:00:00,-47,11,0,0,0,0,0,0,0,0,0,-93,0,1,0,32530286,0,31,0,128,0,"[0,0,14,5,14,5,14,5,14,4,14,4,13,4,13,3,13,3,13,3,13,2,13,1,13,0,14,0,14,0,14,1,14,1,14,1,14,1,14,1,14,2,14,3,13,3,12,4,12,4,11,4,10,5,0,0,0,0,0,0,0,0,0,0,0,0,0,0,0,0,0,0,0,0,0,0,8,3,8,3,9,4,9,5,9,5,9,6,9,7,9,7,8,8,8,8,9,8,9,8,9,8,9,8,9,8,9,7,9,7,9,6,10,6,10,6,11,6,12,6,12,6,13,5,13,5,14,5]"
CSI_DATA,188,1a:00:00:00:00:00,-47,11,0,0,0,0,0,0,0,0,0,-93,0,1,0,32590397,0,42,0,128,0,"[0,0,5,-15,5,-15,5,-15,4,-14,4,-15,4,-15,3,-15,3,-14,2,-14,2,-14,1,-14,1,-14,1,-15,1,-15,1,-15,1,-15,1,-15,1,-15,1,-15,2,-14,2,-14,4,-14,4,-13,4,-13,5,-12,5,-11,0,0,0,0,0,0,0,0,0,0,0,0,0,0,0,0,0,0,0,0,0,0,2,-9,3,-9,4,-10,5,-10,5,-10,6,-10,7,-10,7,-10,7,-10,8,-9,8,-10,8,-9,8,-9,8,-9,8,-9,7,-10,7,-10,6,-10,7,-11,6,-12,6,-12,6,-13,5,-13,6,-13,6,-14,5,-15]"
CSI_DATA,189,1a:00:00:00:00:00,-47,11,0,0,0,0,0,0,0,0,0,-93,0,1,0,32657029,0,31,0,128,0,"[0,0,-11,-11,-12,-11,-12,-11,-12,-11,-11,-10,-12,-9,-12,-9,-12,-9,-12,-8,-13,-8,-13,-8,-12,-7,-13,-7,-13,-7,-14,-7,-14,-6,-14,-7,-14,-8,-14,-8,-13,-8,-13,-8,-12,-9,-11,-9,-10,-10,-9,-10,-8,-10,0,0,0,0,0,0,0,0,0,0,0,0,0,0,0,0,0,0,0,0,0,0,-7,-7,-7,-7,-7,-8,-7,-9,-7,-10,-6,-11,-6,-11,-6,-12,-6,-12,-5,-12,-5,-12,-5,-12,-5,-12,-5,-11,-5,-11,-6,-11,-6,-11,-7,-11,-7,-11,-9,-10,-9,-11,-9,-10,-9,-11,-11,-11,-11,-11,-11,-11]"
CSI_DATA,190,1a:00:00:00:00:00,-47,11,0,0,0,0,0,0,0,0,0,-93,0,1,0,32858100,0,31,0,128,0,"[0,0,-9,12,-9,12,-9,12,-9,12,-8,12,-8,12,-8,12,-7,12,-7,12,-6,13,-5,13,-5,13,-5,13,-5,13,-5,13,-5,13,-6,14,-5,13,-6,13,-6,12,-6,12,-7,12,-8,11,-8,11,-8,10,-9,8,0,0,0,0,0,0,0,0,0,0,0,0,0,0,0,0,0,0,0,0,0,0,-6,8,-6,7,-7,7,-8,7,-9,7,-9,7,-10,7,-10,6,-11,6,-11,6,-11,6,-11,6,-11,6,-11,6,-11,6,-10,7,-10,7,-10,7,-10,8,-10,8,-9,9,-10,9,-9,10,-9,11,-10,12,-9,12]"
[0;32mI (32959) ftm_responder: Counter = 33[0m
CSI_DATA,191,1a:00:00:00:00:00,-47,11,0,0,0,0,0,0,0,0,0,-93,0,1,0,33059916,0,31,0,128,0,"[0,0,7,11,7,11,7,11,8,11,7,10,8,11,8,10,8,10,8,9,9,9,9,9,9,8,9,8,9,8,10,9,10,9,10,9,10,9,9,9,9,9,8,10,7,10,6,10,6,10,5,10,4,10,0,0,0,0,0,0,0,0,0,0,0,0,0,0,0,0,0,0,0,0,0,0,4,7,4,7,4,8,4,9,4,9,3,10,3,11,2,11,2,11,1,11,1,11,1,11,2,11,2,11,2,10,2,11,2,11,3,11,4,10,4,10,5,10,5,11,5,11,6,11,6,12,7,12]"
CSI_DATA,192,1a:00:00:00:00:00,-47,11,0,0,0,0,0,0,0,0,0,-93,0,1,0,33260397,0,31,0,128,0,"[0,0,12,9,12,8,12,9,12,8,12,8,12,8,12,7,12,7,12,6,12,5,13,5,12,4,13,4,13,4,13,4,14,5,14,4,14,5,13,5,13,6,13,6,11,7,11,7,10,7,9,7,9,8,0,0,0,0,0,0,0,0,0,0,0,0,0,0,0,0,0,0,0,0,0,0,7,5,7,6,7,7,7,8,7,8,7,10,6,10,6,10,6,11,6,10,6,11,6,11,6,10,6,10,6,10,6,10,7,10,7,9,7,9,8,9,9,9,9,9,10,9,11,9,11,9,12,9]"
CSI_DATA,193,1a:00:00:00:00:00,-47,11,0,0,0,0,0,0,0,0,0,-93,0,1,0,33476991,0,31,0,128,0,"[0,0,-11,9,-10,10,-10,9,-10,9,-11,10,-10,10,-9,10,-9,10,-9,10,-8,10,-8,11,-8,11,-8,11,-8,12,-7,11,-8,12,-8,12,-8,12,-9,11,-8,10,-9,10,-9,9,-10,9,-10,8,-10,7,-10,6,0,0,0,0,0,0,0,0,0,0,0,0,0,0,0,0,0,0,0,0,0,0,-7,6,-7,6,-9,6,-9,6,-10,6,-11,5,-11,5,-11,5,-12,4,-12,4,-12,4,-12,3,-12,3,-12,4,-11,4,-12,5,-11,5,-11,5,-11,6,-11,7,-11,7,-11,7,-11,8,-11,9,-11,10,-11,9]"
CSI_DATA,194,1a:00:00:00:00:00,-47,11,0,0,0,0,0,0,0,0,0,-93,0,1,0,33663456,0,31,0,128,0,"[0,0,5,13,5,13,6,13,6,13,6,13,6,12,7,12,7,12,7,11,7,11,8,11,8,10,8,10,9,10,9,11,9,11,9,11,9,11,9,11,8,11,7,11,6,11,6,12,4,11,4,11,3,11,0,0,0,0,0,0,0,0,0,0,0,0,0,0,0,0,0,0,0,0,0,0,4,8,3,9,3,10,2,11,2,11,1,12,1,12,1,12,0,13,-1,12,-1,13,-1,12,-1,12,-1,12,-1,12,0,12,1,12,1,12,1,12,2,12,3,12,3,12,4,13,4,13,4,13,5,13]"
CSI_DATA,195,1a:00:00:00:00:00,-47,11,0,0,0,0,0,0,0,0,0,-93,0,1,0,33864075,0,31,0,128,0,"[0,0,-15,-3,-15,-3,-15,-3,-14,-3,-14,-2,-15,-2,-14,-1,-14,-1,-14,-1,-14,0,-14,0,-14,1,-14,1,-14,1,-14,1,-14,1,-15,1,-15,1,-15,1,-14,0,-14,0,-14,-1,-13,-2,-13,-2,-12,-3,-11,-4,0,0,0,0,0,0,0,0,0,0,0,0,0,0,0,0,0,0,0,0,0,0,-10,-2,-11,-2,-11,-3,-12,-4,-12,-5,-11,-6,-12,-6,-12,-7,-11,-7,-11,-8,-11,-8,-11,-8,-11,-7,-11,-7,-11,-7,-11,-7,-11,-6,-11,-6,-12,-5,-12,-5,-13,-5,-13,-4,-13,-4,-14,-3,-14,-3,-14,-3]"
[0;32mI (33959) ftm_responder: Counter = 34[0m
CSI_DATA,196,1a:00:00:00:00:00,-47,11,0,0,0,0,0,0,0,0,0,-93,0,1,0,34065195,0,31,0,128,0,"[0,0,10,10,10,10,10,10,10,10,10,9,10,9,10,8,10,8,10,8,11,7,12,7,11,6,11,6,12,6,12,6,13,6,12,6,12,7,12,7,11,8,11,8,10,8,9,8,9,8,8,9,7,9,0,0,0,0,0,0,0,0,0,0,0,0,0,0,0,0,0,0,0,0,0,0,8,6,8,7,7,7,8,8,7,9,7,10,6,11,6,11,5,12,5,11,5,12,5,12,5,12,5,11,5,11,5,11,5,11,6,10,6,10,7,10,7,10,8,10,8,10,9,10,10,10,10,10]"
CSI_DATA,197,1a:00:00:00:00:00,-47,11,0,0,0,0,0,0,0,0,0,-93,0,1,0,34125641,0,42,0,128,0,"[0,0,-14,4,-14,5,-14,5,-14,4,-13,5,-13,6,-13,6,-12,6,-12,6,-12,7,-11,7,-11,8,-11,7,-11,8,-11,8,-11,8,-12,8,-12,8,-12,7,-12,7,-12,7,-12,6,-12,5,-12,4,-12,3,-12,2,0,0,0,0,0,0,0,0,0,0,0,0,0,0,0,0,0,0,0,0,0,0,-9,4,-10,3,-11,3,-12,2,-12,2,-13,1,-13,1,-13,0,-13,0,-14,-1,-14,-1,-13,-1,-14,-1,-13,-1,-13,-1,-13,0,-13,0,-13,0,-13,1,-13,2,-13,2,-14,2,-13,3,-14,4,-14,4,-14,4]"
CSI_DATA,198,1a:00:00:00:00:00,-47,11,0,0,0,0,0,0,0,0,0,-93,0,1,0,34193454,0,31,0,128,0,"[0,0,-15,1,-15,1,-15,2,-15,2,-15,2,-14,3,-14,3,-14,3,-13,4,-13,4,-13,5,-12,5,-12,5,-13,6,-12,6,-13,6,-13,6,-13,5,-14,5,-13,5,-13,4,-13,3,-13,3,-13,2,-12,1,-12,0,0,0,0,0,0,0,0,0,0,0,0,0,0,0,0,0,0,0,0,0,0,0,-10,1,-11,1,-12,0,-13,0,-13,-1,-13,-2,-13,-3,-13,-3,-13,-4,-13,-4,-13,-4,-13,-4,-13,-4,-13,-4,-13,-4,-13,-3,-13,-3,-12,-2,-13,-2,-13,-1,-14,-1,-14,0,-14,0,-15,0,-15,1,-15,0]"
CSI_DATA,199,1a:00:00:00:00:00,-47,11,0,0,0,0,0,0,0,0,0,-93,0,1,0,34394515,0,31,0,128,0,"[0,0,-15,-3,-15,-3,-16,-2,-15,-2,-15,-2,-15,-1,-14,-1,-14,0,-14,0,-14,0,-14,1,-14,2,-14,2,-14,2,-14,2,-14,2,-15,2,-15,2,-15,1,-15,1,-14,0,-14,-1,-13,-1,-13,-1,-12,-2,-12,-3,0,0,0,0,0,0,0,0,0,0,0,0,0,0,0,0,0,0,0,0,0,0,-10,-1,-11,-1,-12,-2,-12,-3,-12,-3,-12,-5,-13,-6,-13,-6,-12,-6,-12,-7,-12,-7,-12,-7,-12,-7,-12,-7,-12,-6,-12,-6,-12,-6,-12,-5,-13,-5,-13,-4,-13,-4,-14,-4,-14,-3,-15,-3,-15,-3,-15,-3]"
CSI_DATA,200,1a:00:00:00:00:00,-47,11,0,0,0,0,0,0,0,0,0,-93,0,1,0,34595979,0,31,0,128,0,"[0,0,-10,-12,-10,-11,-9,-12,-10,-12,-10,-11,-9,-11,-11,-10,-10,-9,-10,-9,-11,-9,-11,-8,-11,-8,-12,-8,-13,-7,-12,-7,-13,-8,-13,-7,-13,-8,-13,-9,-12,-8,-12,-9,-11,-9,-10,-9,-9,-10,-9,-10,-8,-10,0,0,0,0,0,0,0,0,0,0,0,0,0,0,0,0,0,0,0,0,0,0,-7,-8,-7,-9,-6,-9,-6,-11,-6,-11,-6,-12,-5,-13,-5,-13,-4,-13,-4,-13,-4,-13,-4,-13,-4,-12,-4,-13,-4,-13,-4,-12,-5,-13,-5,-11,-5,-12,-6,-12,-7,-12,-7,-12,-8,-11,-9,-12,-9,-11,-9,-12]"
CSI_DATA,201,1a:00:00:00:00:00,-47,11,0,0,0,0,0,0,0,0,0,-93,0,1,0,34797059,0,31,0,128,0,"[0,0,-15,3,-15,4,-15,4,-14,4,-14,4,-14,4,-13,4,-13,5,-12,5,-12,6,-12,6,-12,7,-12,7,-12,7,-11,7,-12,7,-13,7,-12,7,-13,7,-13,6,-13,5,-13,5,-12,4,-13,4,-12,3,-12,2,0,0,0,0,0,0,0,0,0,0,0,0,0,0,0,0,0,0,0,0,0,0,-9,3,-10,3,-11,2,-12,2,-12,1,-13,0,-13,-1,-13,-1,-13,-1,-13,-2,-14,-2,-13,-2,-13,-2,-13,-2,-13,-2,-13,-1,-13,-1,-13,-1,-13,0,-14,1,-14,1,-14,2,-14,2,-14,3,-15,3,-15,3]"
[0;32mI (34959) ftm_responder: Counter = 35[0m
CSI_DATA,202,1a:00:00:00:00:00,-47,11,0,0,0,0,0,0,0,0,0,-93,0,1,0,34999902,0,31,0,128,0,"[0,0,0,14,0,14,0,14,1,14,1,14,1,14,2,13,2,13,2,13,3,12,4,13,4,12,4,12,4,13,5,13,5,13,4,13,5,14,4,14,3,13,3,13,2,13,1,12,1,13,0,12,-1,12,0,0,0,0,0,0,0,0,0,0,0,0,0,0,0,0,0,0,0,0,0,0,1,9,0,10,-1,10,-1,11,-2,11,-3,12,-4,12,-5,12,-5,12,-5,11,-5,12,-5,12,-5,12,-5,12,-5,11,-4,12,-4,12,-3,12,-3,12,-3,13,-2,13,-2,13,-2,13,-1,14,0,14,0,15]"
CSI_DATA,203,1a:00:00:00:00:00,-47,11,0,0,0,0,0,0,0,0,0,-93,0,1,0,35199238,0,31,0,128,0,"[0,0,8,12,8,12,8,11,8,11,8,11,9,11,9,10,9,9,9,9,10,9,10,8,10,8,10,8,11,8,11,8,11,8,11,8,11,8,11,9,10,9,10,9,9,10,8,9,8,9,7,10,6,10,0,0,0,0,0,0,0,0,0,0,0,0,0,0,0,0,0,0,0,0,0,0,6,7,6,8,5,9,5,9,5,10,4,11,4,12,3,12,3,12,2,12,2,13,3,13,2,12,3,12,2,12,3,12,3,11,4,11,4,11,5,11,5,11,6,12,6,12,7,12,8,12,8,12]"
CSI_DATA,204,1a:00:00:00:00:00,-47,11,0,0,0,0,0,0,0,0,0,-93,0,1,0,35400437,0,31,0,128,0,"[0,0,12,-7,12,-7,12,-7,12,-7,12,-7,11,-8,11,-8,11,-8,10,-8,9,-8,10,-9,9,-9,9,-9,9,-10,9,-10,9,-10,10,-10,10,-10,9,-9,10,-9,10,-8,11,-8,10,-7,10,-6,10,-5,10,-4,0,0,0,0,0,0,0,0,0,0,0,0,0,0,0,0,0,0,0,0,0,0,7,-5,8,-5,9,-5,10,-4,10,-4,11,-3,11,-3,11,-2,12,-2,12,-1,12,-1,12,-1,12,-1,12,-1,11,-2,11,-2,11,-2,11,-3,11,-3,11,-4,11,-5,12,-5,12,-5,12,-6,12,-6,13,-6]"
CSI_DATA,205,1a:00:00:00:00:00,-47,11,0,0,0,0,0,0,0,0,0,-93,0,1,0,35601531,0,31,0,128,0,"[0,0,-10,-12,-10,-12,-10,-11,-10,-11,-10,-11,-11,-10,-11,-10,-11,-10,-11,-9,-11,-9,-12,-8,-12,-8,-12,-8,-12,-8,-13,-8,-13,-8,-13,-8,-13,-8,-13,-9,-12,-9,-11,-9,-11,-10,-10,-10,-9,-10,-8,-10,-7,-10,0,0,0,0,0,0,0,0,0,0,0,0,0,0,0,0,0,0,0,0,0,0,-7,-7,-7,-8,-7,-9,-7,-9,-7,-10,-6,-11,-6,-12,-5,-12,-5,-12,-5,-12,-5,-13,-5,-13,-5,-12,-5,-12,-5,-12,-5,-12,-5,-12,-6,-11,-7,-11,-7,-11,-7,-11,-8,-12,-9,-12,-9,-12,-10,-12,-10,-12]"
CSI_DATA,206,1a:00:00:00:00:00,-47,11,0,0,0,0,0,0,0,0,0,-93,0,1,0,35666567,0,42,0,128,0,"[0,0,11,-11,11,-11,11,-11,11,-11,10,-11,10,-12,10,-12,9,-12,8,-11,8,-12,7,-12,7,-12,7,-13,7,-13,7,-13,7,-13,7,-14,7,-13,8,-13,8,-12,8,-12,9,-11,9,-11,9,-10,9,-9,9,-8,0,0,0,0,0,0,0,0,0,0,0,0,0,0,0,0,0,0,0,0,0,0,6,-7,7,-7,8,-7,9,-7,10,-7,11,-6,11,-6,11,-6,12,-5,12,-5,12,-5,12,-5,12,-5,12,-5,12,-5,11,-5,11,-6,11,-6,11,-7,11,-8,11,-8,11,-9,11,-9,11,-9,11,-11,11,-10]"
CSI_DATA,207,1a:00:00:00:00:00,-47,11,0,0,0,0,0,0,0,0,0,-93,0,1,0,35731598,0,31,0,128,0,"[0,0,-4,-15,-4,-15,-4,-15,-5,-14,-4,-15,-5,-14,-5,-13,-5,-14,-6,-13,-6,-13,-6,-13,-7,-12,-7,-12,-8,-13,-7,-13,-8,-13,-7,-12,-8,-13,-7,-13,-6,-13,-6,-13,-5,-13,-4,-13,-4,-12,-3,-12,-2,-12,0,0,0,0,0,0,0,0,0,0,0,0,0,0,0,0,0,0,0,0,0,0,-3,-9,-3,-10,-2,-10,-2,-11,-1,-11,-1,-13,0,-13,1,-13,1,-13,1,-12,1,-13,1,-13,1,-13,1,-12,1,-13,0,-13,0,-13,0,-12,-1,-13,-1,-13,-2,-13,-2,-14,-3,-14,-3,-14,-4,-15,-4,-15]"
CSI_DATA,208,1a:00:00:00:00:00,-47,11,0,0,0,0,0,0,0,0,0,-93,0,1,0,35932831,0,31,0,128,0,"[0,0,-7,14,-7,14,-6,13,-7,14,-7,13,-6,14,-6,14,-5,14,-4,13,-4,13,-3,13,-3,14,-3,13,-3,14,-2,14,-2,15,-3,15,-3,15,-4,14,-4,14,-5,14,-5,13,-6,12,-6,12,-7,11,-7,10,0,0,0,0,0,0,0,0,0,0,0,0,0,0,0,0,0,0,0,0,0,0,-4,8,-5,9,-6,8,-7,9,-7,9,-8,9,-9,9,-9,8,-9,9,-10,8,-10,8,-10,8,-10,8,-10,7,-10,8,-9,9,-9,9,-8,9,-8,10,-8,11,-8,11,-7,11,-7,12,-8,12,-8,13,-7,13]"
[0;32mI (35959) ftm_responder: Counter = 36[0m
CSI_DATA,209,1a:00:00:00:00:00,-47,11,0,0,0,0,0,0,0,0,0,-93,0,1,0,36134178,0,31,0,128,0,"[0,0,-8,13,-8,13,-8,13,-8,13,-7,13,-7,13,-7,13,-6,12,-6,12,-5,13,-4,13,-4,13,-4,13,-4,13,-4,14,-4,14,-4,14,-4,14,-5,14,-6,13,-6,13,-6,12,-7,12,-7,11,-7,10,-8,9,0,0,0,0,0,0,0,0,0,0,0,0,0,0,0,0,0,0,0,0,0,0,-4,7,-5,8,-6,8,-7,8,-8,8,-8,8,-9,8,-9,7,-9,7,-10,7,-10,7,-10,7,-10,7,-10,7,-9,7,-10,8,-9,8,-9,8,-9,9,-9,9,-8,9,-9,11,-8,11,-9,12,-8,12,-8,12]"
CSI_DATA,210,1a:00:00:00:00:00,-47,11,0,0,0,0,0,0,0,0,0,-93,0,1,0,36335094,0,31,0,128,0,"[0,0,15,1,15,0,14,-1,14,-1,14,-1,14,-1,14,-2,14,-2,13,-2,13,-2,13,-3,13,-3,13,-3,13,-4,14,-4,14,-4,14,-4,14,-4,14,-3,13,-3,13,-2,13,-1,13,0,13,0,12,1,11,2,0,0,0,0,0,0,0,0,0,0,0,0,0,0,0,0,0,0,0,0,0,0,8,-1,9,0,9,0,10,1,10,1,10,2,10,3,10,3,11,4,10,4,10,5,11,5,11,4,10,4,10,4,11,3,10,3,11,3,11,2,12,1,12,1,13,1,13,1,14,1,14,1,15,1]"
CSI_DATA,211,1a:00:00:00:00:00,-47,11,0,0,0,0,0,0,0,0,0,-93,0,1,0,36536488,0,31,0,128,0,"[0,0,14,-4,13,-4,14,-5,14,-4,14,-5,14,-5,13,-5,13,-5,12,-6,12,-6,12,-7,11,-7,12,-7,12,-8,12,-7,12,-8,12,-8,13,-7,13,-7,13,-6,13,-5,13,-5,12,-4,12,-3,12,-2,11,-1,0,0,0,0,0,0,0,0,0,0,0,0,0,0,0,0,0,0,0,0,0,0,8,-3,8,-3,9,-2,10,-2,10,-2,11,-1,11,0,11,0,11,0,11,1,11,1,11,1,12,1,11,1,12,1,11,0,11,0,11,-1,12,-1,12,-2,12,-2,13,-3,12,-3,14,-3,14,-4,14,-4]"
CSI_DATA,212,1a:00:00:00:00:00,-47,11,0,0,0,0,0,0,0,0,0,-93,0,1,0,36737529,0,31,0,128,0,"[0,0,13,8,13,7,13,7,12,7,13,7,13,6,13,6,13,5,13,5,13,5,13,4,13,4,13,4,14,4,14,4,14,4,14,4,14,4,14,5,13,5,13,6,12,6,11,7,10,7,10,7,9,8,0,0,0,0,0,0,0,0,0,0,0,0,0,0,0,0,0,0,0,0,0,0,7,4,8,4,8,5,8,6,8,6,8,7,8,8,8,8,7,9,7,9,7,10,7,10,7,9,7,9,7,9,8,9,8,8,8,8,9,8,9,8,10,8,11,7,11,8,11,8,12,8,12,8]"
CSI_DATA,213,1a:00:00:00:00:00,-47,11,0,0,0,0,0,0,0,0,0,-93,0,1,0,36939254,0,31,0,128,0,"[0,0,-8,13,-8,14,-8,13,-7,14,-7,13,-7,14,-6,13,-6,13,-5,13,-5,13,-4,14,-4,13,-4,14,-4,14,-3,15,-3,15,-4,15,-4,15,-5,15,-5,14,-5,14,-6,13,-7,12,-7,11,-7,11,-8,9,0,0,0,0,0,0,0,0,0,0,0,0,0,0,0,0,0,0,0,0,0,0,-5,8,-5,8,-6,8,-7,8,-8,8,-8,8,-9,9,-9,8,-10,8,-10,7,-11,8,-11,8,-10,8,-10,8,-10,7,-9,8,-9,8,-9,9,-9,9,-9,10,-8,11,-8,11,-8,12,-9,13,-8,13,-8,13]"
[0;32mI (36959) ftm_responder: Counter = 37[0m
CSI_DATA,214,1a:00:00:00:00:00,-47,11,0,0,0,0,0,0,0,0,0,-93,0,1,0,37139963,0,31,0,128,0,"[0,0,-14,-6,-15,-6,-15,-6,-14,-6,-14,-6,-14,-5,-14,-5,-13,-4,-14,-4,-14,-4,-14,-3,-14,-2,-14,-2,-14,-2,-14,-2,-15,-2,-15,-2,-15,-3,-15,-3,-14,-4,-14,-4,-13,-5,-13,-5,-12,-5,-11,-6,-11,-6,0,0,0,0,0,0,0,0,0,0,0,0,0,0,0,0,0,0,0,0,0,0,-9,-4,-9,-4,-9,-5,-10,-6,-10,-6,-9,-7,-9,-8,-9,-8,-9,-9,-9,-9,-9,-9,-9,-9,-9,-9,-9,-9,-9,-8,-9,-8,-10,-8,-10,-8,-11,-7,-11,-7,-11,-7,-12,-7,-12,-7,-13,-6,-14,-6,-14,-6]"
CSI_DATA,215,1a:00:00:00:00:00,-47,11,0,0,0,0,0,0,0,0,0,-93,0,1,0,37200355,0,42,0,128,0,"[0,0,-15,2,-15,3,-15,3,-14,3,-15,3,-14,3,-14,4,-13,4,-13,4,-13,5,-13,5,-13,5,-13,6,-13,7,-13,6,-13,6,-13,6,-13,6,-14,6,-13,5,-14,4,-13,4,-13,3,-13,2,-12,1,-12,0,0,0,0,0,0,0,0,0,0,0,0,0,0,0,0,0,0,0,0,0,0,0,-9,1,-10,1,-11,0,-11,0,-11,0,-12,-1,-12,-2,-12,-2,-12,-3,-12,-3,-12,-3,-12,-3,-12,-3,-12,-2,-12,-3,-12,-2,-12,-2,-12,-1,-13,-1,-13,0,-13,0,-14,1,-13,1,-15,2,-15,2,-15,2]"
CSI_DATA,216,1a:00:00:00:00:00,-47,11,0,0,0,0,0,0,0,0,0,-93,0,1,0,37265606,0,31,0,128,0,"[0,0,-1,15,-1,15,-1,14,0,14,-1,14,-1,14,0,14,0,14,1,14,2,13,4,13,2,13,3,14,3,13,3,14,3,13,3,14,2,13,2,14,1,14,1,14,0,13,0,13,-1,12,-1,12,-2,11,0,0,0,0,0,0,0,0,0,0,0,0,0,0,0,0,0,0,0,0,0,0,0,9,-1,9,-2,10,-2,10,-3,10,-3,10,-4,11,-5,11,-5,11,-5,11,-5,11,-5,11,-5,11,-5,11,-5,10,-5,11,-4,11,-4,11,-3,11,-3,12,-3,13,-2,13,-2,13,-1,13,-1,14,-1,15]"
CSI_DATA,217,1a:00:00:00:00:00,-47,11,0,0,0,0,0,0,0,0,0,-93,0,1,0,37466691,0,31,0,128,0,"[0,0,13,7,13,6,13,7,13,6,12,6,13,6,13,5,12,5,12,4,13,4,13,3,13,3,13,3,14,2,14,3,14,3,14,3,14,3,14,4,13,4,12,4,12,5,11,5,11,5,10,6,9,7,0,0,0,0,0,0,0,0,0,0,0,0,0,0,0,0,0,0,0,0,0,0,7,4,8,5,8,5,8,6,8,6,8,7,7,8,7,8,7,9,7,9,7,9,7,9,7,9,7,9,7,9,8,9,8,8,9,8,9,7,9,8,10,7,11,7,11,8,11,7,12,7,13,7]"
CSI_DATA,218,1a:00:00:00:00:00,-47,11,0,0,0,0,0,0,0,0,0,-93,0,1,0,37667920,0,31,0,128,0,"[0,0,-16,-3,-15,-3,-16,-3,-15,-3,-15,-2,-15,-2,-15,-1,-14,-1,-14,-1,-14,0,-14,0,-14,1,-14,1,-14,1,-14,1,-15,1,-15,1,-15,1,-15,0,-14,0,-14,-1,-14,-2,-13,-2,-13,-2,-12,-3,-12,-4,0,0,0,0,0,0,0,0,0,0,0,0,0,0,0,0,0,0,0,0,0,0,-9,-2,-10,-2,-10,-3,-11,-3,-11,-4,-11,-5,-11,-6,-11,-6,-11,-7,-11,-7,-11,-7,-11,-7,-11,-7,-11,-6,-11,-6,-11,-6,-11,-6,-11,-5,-12,-5,-12,-4,-13,-4,-13,-4,-14,-4,-15,-3,-15,-3,-15,-3]"
CSI_DATA,219,1a:00:00:00:00:00,-47,11,0,0,0,0,0,0,0,0,0,-93,0,1,0,37869080,0,31,0,128,0,"[0,0,8,-13,8,-14,8,-13,8,-13,7,-13,7,-13,7,-13,6,-13,6,-13,5,-13,5,-13,5,-13,4,-13,4,-13,4,-14,4,-14,4,-14,5,-14,5,-14,5,-13,6,-13,7,-12,7,-12,7,-11,7,-10,8,-9,0,0,0,0,0,0,0,0,0,0,0,0,0,0,0,0,0,0,0,0,0,0,4,-8,5,-8,6,-9,6,-9,7,-9,8,-8,8,-8,9,-8,9,-8,10,-7,10,-7,10,-7,10,-7,9,-7,9,-7,9,-8,8,-8,9,-9,8,-9,8,-10,8,-10,8,-11,8,-11,8,-12,9,-12,8,-12]"
[0;32mI (37969) ftm_responder: Counter = 38[0m
CSI_DATA,220,1a:00:00:00:00:00,-47,11,0,0,0,0,0,0,0,0,0,-92,0,1,0,38070228,0,31,0,128,0,"[0,0,-14,-4,-15,-4,-14,-4,-14,-4,-13,-4,-14,-3,-14,-3,-14,-2,-13,-2,-13,-2,-14,-1,-13,-1,-14,-1,-14,0,-14,0,-14,0,-15,0,-14,-1,-14,-1,-14,-1,-14,-2,-14,-2,-13,-3,-12,-3,-12,-4,-11,-5,0,0,0,0,0,0,0,0,0,0,0,0,0,0,0,0,0,0,0,0,0,0,-9,-3,-9,-3,-10,-4,-10,-5,-10,-5,-10,-6,-10,-7,-10,-7,-10,-7,-10,-8,-10,-8,-9,-8,-10,-8,-10,-8,-10,-7,-10,-7,-10,-7,-11,-7,-11,-6,-12,-5,-12,-5,-13,-5,-13,-5,-14,-5,-14,-5,-14,-5]"
CSI_DATA,221,1a:00:00:00:00:00,-47,11,0,0,0,0,0,0,0,0,0,-92,0,1,0,38271594,0,31,0,128,0,"[0,0,11,-10,11,-10,11,-11,10,-10,11,-11,10,-11,10,-11,9,-11,8,-11,8,-11,7,-12,7,-12,7,-12,7,-13,7,-12,7,-13,7,-13,8,-13,7,-13,8,-12,8,-12,9,-11,9,-10,9,-9,9,-8,9,-8,0,0,0,0,0,0,0,0,0,0,0,0,0,0,0,0,0,0,0,0,0,0,6,-7,7,-7,8,-6,9,-7,9,-6,10,-6,10,-5,11,-5,11,-5,11,-4,11,-4,11,-4,12,-4,11,-5,11,-5,10,-5,11,-5,10,-6,11,-7,11,-7,11,-8,11,-8,10,-8,11,-9,11,-10,11,-10]"
CSI_DATA,222,1a:00:00:00:00:00,-47,11,0,0,0,0,0,0,0,0,0,-92,0,1,0,38472679,0,31,0,128,0,"[0,0,-11,-12,-11,-11,-11,-12,-10,-11,-10,-11,-11,-11,-11,-10,-11,-10,-11,-9,-12,-9,-12,-8,-12,-8,-12,-8,-13,-8,-12,-8,-13,-8,-13,-8,-13,-8,-13,-9,-12,-9,-11,-9,-11,-10,-10,-10,-9,-10,-9,-10,-8,-10,0,0,0,0,0,0,0,0,0,0,0,0,0,0,0,0,0,0,0,0,0,0,-7,-7,-7,-8,-7,-8,-7,-9,-7,-10,-7,-11,-6,-11,-6,-12,-5,-12,-5,-12,-5,-12,-5,-12,-5,-12,-5,-12,-5,-12,-6,-12,-6,-12,-6,-11,-7,-11,-7,-11,-8,-11,-9,-11,-9,-11,-10,-11,-10,-11,-11,-12]"
CSI_DATA,223,1a:00:00:00:00:00,-47,11,0,0,0,0,0,0,0,0,0,-92,0,1,0,38673835,0,31,0,128,0,"[0,0,6,-14,6,-14,6,-14,5,-14,5,-13,5,-13,5,-13,4,-13,3,-13,3,-13,2,-14,2,-14,2,-14,2,-14,1,-14,1,-15,2,-15,2,-14,2,-14,3,-14,3,-13,4,-13,4,-13,5,-12,5,-11,6,-10,0,0,0,0,0,0,0,0,0,0,0,0,0,0,0,0,0,0,0,0,0,0,3,-9,4,-9,5,-9,5,-9,6,-9,7,-9,7,-9,8,-9,8,-9,9,-8,9,-9,9,-9,9,-9,9,-9,8,-9,8,-9,8,-9,7,-9,7,-10,7,-11,7,-11,7,-12,6,-12,7,-13,6,-13,6,-14]"
CSI_DATA,224,1a:00:00:00:00:00,-47,11,0,0,0,0,0,0,0,0,0,-92,0,1,0,38734205,0,42,0,128,0,"[0,0,-14,-7,-14,-7,-14,-6,-14,-6,-13,-6,-14,-6,-14,-5,-13,-5,-13,-4,-14,-4,-14,-3,-13,-3,-14,-3,-14,-2,-14,-3,-14,-2,-15,-2,-14,-3,-14,-3,-14,-4,-14,-5,-13,-5,-13,-5,-12,-6,-11,-6,-10,-7,0,0,0,0,0,0,0,0,0,0,0,0,0,0,0,0,0,0,0,0,0,0,-9,-3,-9,-4,-10,-4,-10,-5,-10,-6,-10,-7,-10,-8,-10,-8,-10,-9,-9,-9,-10,-9,-9,-9,-10,-9,-9,-9,-9,-8,-10,-8,-10,-8,-10,-8,-11,-8,-11,-7,-12,-7,-12,-7,-13,-7,-13,-6,-14,-6,-13,-7]"
CSI_DATA,225,1a:00:00:00:00:00,-47,11,0,0,0,0,0,0,0,0,0,-92,0,1,0,38801301,0,31,0,128,0,"[0,0,5,13,6,12,5,13,6,13,5,12,6,12,6,12,7,11,7,10,7,10,9,11,8,10,8,10,9,10,8,10,9,10,9,10,8,11,8,11,7,11,7,11,6,11,5,11,5,11,4,11,3,11,0,0,0,0,0,0,0,0,0,0,0,0,0,0,0,0,0,0,0,0,0,0,5,7,4,8,4,9,3,9,3,10,3,10,2,11,2,12,1,12,1,12,1,12,1,12,1,12,1,11,1,11,1,12,2,12,2,11,2,11,3,12,3,12,4,12,4,13,5,12,6,13,6,13]"
[0;32mI (38969) ftm_responder: Counter = 39[0m
CSI_DATA,226,1a:00:00:00:00:00,-47,11,0,0,0,0,0,0,0,0,0,-92,0,1,0,39002376,0,31,0,128,0,"[0,0,-4,14,-4,14,-4,14,-4,13,-4,13,-3,14,-3,13,-2,13,-1,13,-1,12,-1,13,-1,13,0,13,0,13,0,13,0,14,0,14,0,14,0,14,-1,14,-1,13,-2,13,-3,12,-4,12,-4,11,-5,11,0,0,0,0,0,0,0,0,0,0,0,0,0,0,0,0,0,0,0,0,0,0,-2,8,-2,9,-3,9,-4,10,-5,10,-5,10,-6,10,-6,10,-7,10,-7,9,-8,10,-8,10,-8,10,-8,10,-7,10,-7,10,-7,10,-6,10,-6,11,-5,11,-5,12,-5,12,-5,12,-5,13,-5,14,-4,14]"
CSI_DATA,227,1a:00:00:00:00:00,-47,11,0,0,0,0,0,0,0,0,0,-92,0,1,0,39203532,0,31,0,128,0,"[0,0,6,-14,6,-15,6,-14,6,-14,6,-14,5,-14,5,-14,4,-13,4,-14,3,-14,3,-14,2,-14,2,-14,2,-14,1,-15,2,-15,2,-15,2,-15,2,-15,3,-14,3,-14,4,-13,5,-13,5,-13,5,-11,6,-11,0,0,0,0,0,0,0,0,0,0,0,0,0,0,0,0,0,0,0,0,0,0,3,-9,3,-10,4,-10,5,-10,6,-10,7,-10,7,-10,8,-10,8,-10,9,-9,9,-10,9,-10,9,-9,9,-9,9,-9,8,-10,8,-10,7,-10,8,-11,7,-11,7,-12,7,-12,7,-13,7,-13,7,-14,7,-14]"
CSI_DATA,228,1a:00:00:00:00:00,-47,11,0,0,0,0,0,0,0,0,0,-92,0,1,0,39405344,0,31,0,128,0,"[0,0,14,5,14,4,14,3,14,4,13,3,13,3,13,2,13,2,13,2,13,1,13,1,13,0,13,0,13,0,13,0,14,0,14,0,14,1,14,1,13,1,13,2,12,2,12,3,12,3,11,4,10,5,0,0,0,0,0,0,0,0,0,0,0,0,0,0,0,0,0,0,0,0,0,0,8,1,9,2,9,2,10,3,10,4,10,5,10,5,10,6,10,6,10,7,10,7,9,7,10,7,9,7,10,6,10,6,10,6,10,6,11,5,11,5,12,5,12,5,12,5,13,4,14,4,14,4]"
CSI_DATA,229,1a:00:00:00:00:00,-47,11,0,0,0,0,0,0,0,0,0,-92,0,1,0,39606112,0,31,0,128,0,"[0,0,7,13,8,12,7,12,8,12,8,11,8,11,8,11,8,10,8,10,9,9,9,9,9,8,9,9,10,8,10,9,10,8,10,9,10,9,10,9,9,9,9,10,8,10,8,10,7,10,6,10,5,10,0,0,0,0,0,0,0,0,0,0,0,0,0,0,0,0,0,0,0,0,0,0,5,7,5,8,5,9,4,9,4,10,3,11,3,11,3,12,2,12,2,12,2,12,2,12,2,12,2,11,2,11,3,12,3,12,4,11,4,11,5,12,5,12,6,12,6,12,6,12,7,13,7,13]"
CSI_DATA,230,1a:00:00:00:00:00,-47,11,0,0,0,0,0,0,0,0,0,-92,0,1,0,39808401,0,31,0,128,0,"[0,0,-5,14,-5,14,-5,14,-5,14,-4,13,-4,13,-3,13,-3,13,-2,13,-2,13,-1,13,-1,13,-1,13,0,13,0,13,0,14,-1,14,-1,14,-1,14,-1,13,-2,13,-3,13,-3,12,-4,12,-4,11,-5,11,0,0,0,0,0,0,0,0,0,0,0,0,0,0,0,0,0,0,0,0,0,0,-2,9,-3,9,-4,9,-5,10,-5,10,-6,10,-7,10,-7,10,-8,10,-8,9,-9,10,-8,9,-9,9,-8,9,-8,9,-7,10,-7,10,-7,10,-7,10,-6,11,-6,11,-6,12,-6,12,-6,13,-6,14,-5,14]"
[0;32mI (39969) ftm_responder: Counter = 40[0m
CSI_DATA,231,1a:00:00:00:00:00,-47,11,0,0,0,0,0,0,0,0,0,-92,0,1,0,40008376,0,31,0,128,0,"[0,0,10,11,10,10,10,10,10,10,10,10,10,10,11,9,11,8,10,8,11,7,11,7,11,6,12,6,12,6,12,6,13,6,12,6,13,7,12,7,12,7,11,7,10,8,10,8,9,8,9,8,8,9,0,0,0,0,0,0,0,0,0,0,0,0,0,0,0,0,0,0,0,0,0,0,6,6,7,7,6,7,6,9,6,9,6,10,6,11,5,11,5,11,4,11,5,12,4,12,5,11,5,11,5,11,5,11,5,11,6,11,6,10,7,11,7,10,8,11,9,11,10,11,10,11,10,11]"
CSI_DATA,232,1a:00:00:00:00:00,-47,11,0,0,0,0,0,0,0,0,0,-92,0,1,0,40209523,0,31,0,128,0,"[0,0,-15,-1,-16,-1,-16,0,-15,-1,-15,0,-15,0,-15,1,-14,1,-14,1,-14,2,-14,2,-13,3,-14,3,-14,3,-14,3,-14,3,-14,4,-14,3,-14,3,-14,2,-14,2,-14,1,-14,0,-13,0,-12,-1,-12,-2,0,0,0,0,0,0,0,0,0,0,0,0,0,0,0,0,0,0,0,0,0,0,-10,0,-10,0,-11,-1,-12,-1,-12,-2,-12,-3,-12,-3,-12,-4,-12,-4,-12,-5,-12,-5,-12,-5,-13,-5,-13,-5,-12,-5,-12,-4,-12,-4,-12,-4,-13,-3,-13,-2,-14,-2,-14,-2,-14,-2,-15,-1,-16,-1,-15,-1]"
CSI_DATA,233,1a:00:00:00:00:00,-47,11,0,0,0,0,0,0,0,0,0,-92,0,1,0,40269944,0,42,0,128,0,"[0,0,12,-10,11,-10,11,-11,11,-10,11,-10,10,-10,10,-10,9,-10,8,-11,8,-11,7,-11,7,-11,7,-12,7,-12,7,-12,7,-13,7,-13,7,-12,8,-12,8,-12,8,-11,8,-11,9,-10,9,-9,9,-8,9,-7,0,0,0,0,0,0,0,0,0,0,0,0,0,0,0,0,0,0,0,0,0,0,6,-7,7,-7,8,-7,9,-6,10,-6,10,-6,11,-5,11,-5,11,-5,12,-4,12,-4,12,-4,12,-4,12,-4,11,-4,11,-5,11,-5,11,-6,11,-6,11,-7,11,-7,11,-8,11,-8,11,-9,12,-9,12,-9]"
CSI_DATA,234,1a:00:00:00:00:00,-47,11,0,0,0,0,0,0,0,0,0,-92,0,1,0,40337163,0,31,0,128,0,"[0,0,11,9,11,8,11,8,10,9,11,9,12,7,11,7,11,7,11,7,12,6,12,5,11,4,12,4,13,5,12,6,13,5,13,5,12,5,13,6,13,5,12,6,11,7,10,7,10,7,8,8,8,8,0,0,0,0,0,0,0,0,0,0,0,0,0,0,0,0,0,0,0,0,0,0,7,5,7,6,7,6,8,7,7,8,7,9,7,9,6,10,6,10,6,10,6,11,6,11,6,10,6,10,6,10,6,10,6,10,7,10,7,9,8,9,9,9,10,8,10,10,10,10,11,10,11,9]"
CSI_DATA,235,1a:00:00:00:00:00,-47,11,0,0,0,0,0,0,0,0,0,-92,0,1,0,40538395,0,31,0,128,0,"[0,0,3,-14,2,-14,2,-15,2,-14,2,-15,1,-14,1,-14,1,-14,0,-13,-1,-13,-1,-13,-2,-13,-2,-14,-2,-14,-2,-13,-2,-14,-2,-14,-2,-15,-1,-14,-1,-14,-1,-14,0,-14,1,-13,1,-13,2,-12,3,-12,0,0,0,0,0,0,0,0,0,0,0,0,0,0,0,0,0,0,0,0,0,0,0,-9,1,-10,2,-10,2,-11,3,-11,4,-11,4,-11,5,-11,5,-11,5,-11,6,-11,6,-11,6,-11,6,-11,6,-11,5,-11,5,-12,4,-11,4,-12,4,-12,3,-13,3,-13,3,-13,3,-14,3,-15,2,-15]"
CSI_DATA,236,1a:00:00:00:00:00,-47,11,0,0,0,0,0,0,0,0,0,-92,0,1,0,40742253,0,31,0,128,0,"[0,0,11,-10,11,-10,10,-10,11,-11,10,-10,9,-11,9,-11,9,-11,8,-11,8,-11,7,-12,7,-12,7,-12,6,-12,6,-13,6,-12,7,-13,7,-12,7,-12,7,-12,8,-11,8,-11,9,-10,9,-9,8,-8,9,-7,0,0,0,0,0,0,0,0,0,0,0,0,0,0,0,0,0,0,0,0,0,0,6,-7,6,-7,8,-7,8,-7,9,-7,9,-6,10,-6,10,-6,11,-5,12,-5,11,-5,11,-4,12,-4,11,-5,11,-5,11,-6,10,-6,11,-6,11,-6,11,-8,10,-8,11,-8,11,-9,11,-9,11,-10,11,-10]"
CSI_DATA,237,1a:00:00:00:00:00,-47,11,0,0,0,0,0,0,0,0,0,-92,0,1,0,40941505,0,31,0,128,0,"[0,0,-12,-11,-11,-11,-12,-11,-11,-11,-11,-10,-12,-10,-12,-9,-12,-9,-12,-8,-12,-8,-13,-8,-12,-7,-13,-7,-13,-7,-13,-7,-14,-7,-14,-7,-14,-7,-13,-7,-13,-8,-13,-8,-12,-8,-11,-9,-10,-9,-9,-9,-8,-9,0,0,0,0,0,0,0,0,0,0,0,0,0,0,0,0,0,0,0,0,0,0,-8,-7,-8,-7,-8,-8,-8,-9,-8,-10,-7,-11,-7,-11,-6,-12,-6,-12,-5,-12,-6,-13,-5,-13,-6,-12,-6,-12,-6,-12,-7,-12,-7,-12,-7,-11,-8,-11,-9,-11,-9,-11,-9,-11,-10,-11,-10,-11,-11,-12,-11,-12]"
[0;32mI (40969) ftm_responder: Counter = 41[0m
CSI_DATA,238,1a:00:00:00:00:00,-47,11,0,0,0,0,0,0,0,0,0,-92,0,1,0,41142397,0,31,0,128,0,"[0,0,8,13,8,12,8,12,8,12,8,11,8,11,8,10,9,10,9,10,9,9,10,8,10,8,10,8,11,8,11,8,11,9,11,8,11,9,11,9,10,9,10,9,8,10,8,10,7,10,6,10,5,10,0,0,0,0,0,0,0,0,0,0,0,0,0,0,0,0,0,0,0,0,0,0,6,7,5,8,5,8,5,9,5,10,4,11,4,12,3,12,3,12,3,12,3,12,3,12,3,12,3,12,3,12,3,12,3,12,4,11,4,11,5,11,6,11,6,12,7,12,7,12,8,12,8,12]"
CSI_DATA,239,1a:00:00:00:00:00,-47,11,0,0,0,0,0,0,0,0,0,-92,0,1,0,41343290,0,31,0,128,0,"[0,0,11,-10,11,-10,11,-10,10,-10,10,-10,10,-10,9,-10,9,-11,8,-10,8,-11,7,-11,7,-11,7,-12,7,-12,7,-12,7,-13,7,-12,8,-12,8,-12,8,-11,8,-11,9,-11,9,-10,9,-9,9,-8,10,-7,0,0,0,0,0,0,0,0,0,0,0,0,0,0,0,0,0,0,0,0,0,0,5,-7,6,-7,7,-7,8,-7,9,-7,9,-7,10,-6,10,-6,11,-5,11,-5,11,-5,11,-5,11,-5,11,-5,11,-5,11,-6,11,-6,10,-6,11,-7,10,-8,11,-8,11,-8,10,-8,11,-9,11,-10,11,-10]"
CSI_DATA,240,1a:00:00:00:00:00,-47,11,0,0,0,0,0,0,0,0,0,-92,0,1,0,41545501,0,31,0,128,0,"[0,0,2,-16,2,-16,1,-16,1,-16,1,-15,0,-15,0,-15,0,-15,-1,-14,-2,-14,-3,-14,-3,-14,-3,-15,-3,-15,-4,-14,-4,-15,-4,-15,-3,-15,-3,-15,-3,-15,-2,-15,-1,-14,-1,-14,0,-14,1,-13,2,-13,0,0,0,0,0,0,0,0,0,0,0,0,0,0,0,0,0,0,0,0,0,0,0,-10,1,-10,2,-11,2,-11,3,-11,4,-12,4,-12,5,-12,5,-12,6,-11,6,-12,6,-12,6,-12,6,-11,5,-11,5,-12,4,-12,4,-12,4,-12,3,-13,3,-13,3,-14,2,-14,2,-15,2,-16,2,-15]"
CSI_DATA,241,1a:00:00:00:00:00,-47,11,0,0,0,0,0,0,0,0,0,-92,0,1,0,41745624,0,31,0,128,0,"[0,0,-15,4,-15,5,-15,5,-14,5,-14,5,-14,5,-13,6,-13,6,-12,6,-12,6,-12,7,-11,7,-12,8,-11,8,-12,8,-12,8,-12,8,-12,8,-12,8,-12,7,-12,6,-13,6,-12,5,-12,5,-12,4,-12,3,0,0,0,0,0,0,0,0,0,0,0,0,0,0,0,0,0,0,0,0,0,0,-9,3,-10,3,-10,2,-11,2,-12,2,-12,0,-12,0,-13,-1,-13,-1,-13,-1,-13,-1,-13,-1,-13,-1,-13,-1,-13,-1,-13,0,-13,0,-13,0,-13,1,-13,2,-13,2,-14,3,-14,3,-14,4,-15,4,-14,4]"
CSI_DATA,242,1a:00:00:00:00:00,-47,11,0,0,0,0,0,0,0,0,0,-92,0,1,0,41805984,0,42,0,128,0,"[0,0,14,5,14,4,13,4,14,4,13,3,14,3,13,2,13,2,13,2,13,1,13,1,13,0,13,0,13,-1,14,-1,14,-1,14,0,14,0,14,0,14,1,14,1,13,2,13,2,12,3,11,4,10,4,0,0,0,0,0,0,0,0,0,0,0,0,0,0,0,0,0,0,0,0,0,0,8,2,9,2,9,3,9,4,10,5,9,5,10,6,9,7,9,7,9,7,9,8,9,8,9,7,9,7,9,7,10,7,9,6,10,6,10,5,11,5,11,5,12,5,12,5,13,4,14,5,13,5]"
CSI_DATA,243,1a:00:00:00:00:00,-47,11,0,0,0,0,0,0,0,0,0,-92,0,1,0,41873856,0,31,0,128,0,"[0,0,-14,7,-14,7,-13,7,-13,7,-13,7,-12,8,-12,8,-11,8,-11,8,-10,8,-10,9,-10,9,-10,9,-10,10,-10,10,-10,10,-10,10,-11,10,-11,10,-10,9,-11,9,-11,8,-11,7,-12,6,-11,5,-11,4,0,0,0,0,0,0,0,0,0,0,0,0,0,0,0,0,0,0,0,0,0,0,-8,5,-8,4,-10,4,-10,4,-11,4,-11,3,-12,3,-12,2,-12,2,-13,1,-13,1,-13,1,-13,1,-13,1,-12,2,-12,2,-12,2,-12,3,-12,4,-13,5,-13,5,-13,5,-13,6,-14,6,-14,6,-14,7]"
[0;32mI (41979) ftm_responder: Counter = 42[0m
CSI_DATA,244,1a:00:00:00:00:00,-47,11,0,0,0,0,0,0,0,0,0,-92,0,1,0,42074172,0,31,0,128,0,"[0,0,15,-1,14,-2,15,-2,14,-1,14,-2,14,-2,14,-3,13,-3,13,-3,13,-4,13,-4,12,-5,13,-5,13,-6,13,-5,13,-6,13,-6,13,-5,13,-5,13,-4,13,-4,13,-3,13,-2,13,-2,12,0,11,0,0,0,0,0,0,0,0,0,0,0,0,0,0,0,0,0,0,0,0,0,0,0,8,-2,9,-1,9,-1,10,0,10,1,11,1,11,2,11,3,11,3,11,3,11,4,11,3,11,3,11,3,11,3,11,3,11,2,11,2,12,1,12,0,13,0,13,0,13,0,14,-1,15,-1,15,-1]"
CSI_DATA,245,1a:00:00:00:00:00,-47,11,0,0,0,0,0,0,0,0,0,-92,0,1,0,42278251,0,31,0,128,0,"[0,0,-12,-10,-12,-10,-12,-10,-12,-10,-12,-9,-12,-9,-12,-9,-12,-8,-12,-8,-13,-7,-13,-7,-12,-6,-13,-6,-14,-6,-14,-6,-14,-6,-14,-6,-14,-7,-14,-7,-13,-8,-13,-8,-12,-8,-11,-8,-11,-9,-10,-9,-9,-10,0,0,0,0,0,0,0,0,0,0,0,0,0,0,0,0,0,0,0,0,0,0,-7,-6,-7,-7,-8,-7,-8,-8,-7,-9,-7,-10,-7,-10,-7,-11,-6,-11,-6,-11,-6,-12,-6,-11,-6,-11,-6,-11,-6,-11,-7,-11,-7,-11,-7,-10,-8,-10,-9,-10,-9,-10,-10,-10,-10,-10,-11,-10,-11,-11,-12,-10]"
CSI_DATA,246,1a:00:00:00:00:00,-47,11,0,0,0,0,0,0,0,0,0,-92,0,1,0,42476326,0,31,0,128,0,"[0,0,-16,1,-16,1,-16,1,-16,1,-15,1,-15,2,-15,1,-14,2,-14,2,-14,3,-14,4,-14,4,-14,4,-14,5,-14,4,-14,5,-15,5,-15,4,-15,3,-15,3,-15,2,-15,1,-14,1,-14,0,-13,-1,-13,-2,0,0,0,0,0,0,0,0,0,0,0,0,0,0,0,0,0,0,0,0,0,0,-9,1,-10,0,-11,0,-11,-1,-11,-1,-12,-2,-12,-3,-12,-3,-12,-4,-12,-4,-12,-4,-12,-4,-13,-4,-12,-4,-12,-4,-12,-3,-12,-3,-12,-2,-13,-2,-13,-2,-14,-1,-14,-1,-14,-1,-15,0,-16,0,-15,1]"
CSI_DATA,247,1a:00:00:00:00:00,-47,11,0,0,0,0,0,0,0,0,0,-92,0,1,0,42678380,0,31,0,128,0,"[0,0,-14,-7,-15,-6,-15,-6,-15,-6,-14,-6,-14,-5,-15,-5,-14,-5,-14,-5,-14,-4,-15,-3,-14,-3,-14,-3,-15,-2,-15,-3,-16,-3,-16,-3,-16,-3,-16,-4,-15,-4,-15,-5,-14,-5,-13,-6,-13,-6,-12,-7,-11,-7,0,0,0,0,0,0,0,0,0,0,0,0,0,0,0,0,0,0,0,0,0,0,-8,-4,-9,-4,-9,-5,-10,-6,-10,-6,-10,-7,-10,-8,-9,-9,-9,-9,-9,-9,-9,-9,-9,-9,-9,-9,-9,-9,-9,-9,-9,-8,-10,-8,-10,-8,-11,-8,-12,-7,-12,-7,-12,-7,-13,-7,-14,-7,-14,-7,-14,-7]"
CSI_DATA,248,1a:00:00:00:00:00,-47,11,0,0,0,0,0,0,0,0,0,-92,0,1,0,42878886,0,31,0,128,0,"[0,0,-5,14,-5,14,-5,14,-4,14,-4,13,-4,14,-3,14,-3,13,-3,13,-2,13,-1,14,-1,13,-1,13,-1,14,0,14,0,14,-1,15,-1,14,-2,14,-2,14,-3,14,-4,13,-4,13,-5,12,-5,11,-6,10,0,0,0,0,0,0,0,0,0,0,0,0,0,0,0,0,0,0,0,0,0,0,-2,8,-3,8,-4,9,-4,9,-5,9,-6,10,-6,10,-7,9,-7,9,-8,9,-8,9,-8,9,-8,9,-8,9,-8,9,-7,10,-7,10,-6,10,-7,10,-6,11,-6,11,-6,12,-5,12,-5,13,-5,14,-5,14]"
[0;32mI (42979) ftm_responder: Counter = 43[0m
CSI_DATA,249,1a:00:00:00:00:00,-47,11,0,0,0,0,0,0,0,0,0,-92,0,1,0,43080340,0,31,0,128,0,"[0,0,-4,-15,-4,-15,-4,-15,-4,-15,-4,-15,-5,-14,-5,-14,-5,-14,-5,-13,-6,-13,-7,-13,-6,-12,-7,-13,-7,-13,-7,-13,-8,-13,-7,-14,-7,-14,-7,-14,-6,-14,-5,-14,-4,-14,-4,-13,-3,-13,-2,-13,-1,-12,0,0,0,0,0,0,0,0,0,0,0,0,0,0,0,0,0,0,0,0,0,0,-3,-9,-3,-10,-3,-10,-2,-11,-1,-12,-1,-12,0,-13,0,-13,1,-13,1,-13,1,-13,1,-13,1,-13,1,-12,1,-12,0,-13,0,-13,0,-13,-1,-13,-2,-13,-2,-13,-2,-14,-3,-14,-3,-15,-3,-15,-3,-16]"
CSI_DATA,250,1a:00:00:00:00:00,-47,11,0,0,0,0,0,0,0,0,0,-92,0,1,0,43281067,0,31,0,128,0,"[0,0,-15,4,-14,5,-15,5,-14,5,-14,5,-13,5,-13,6,-13,6,-12,6,-12,6,-12,7,-11,7,-12,8,-11,8,-11,8,-12,9,-12,9,-12,8,-12,8,-12,7,-12,6,-13,6,-12,5,-12,4,-12,4,-12,3,0,0,0,0,0,0,0,0,0,0,0,0,0,0,0,0,0,0,0,0,0,0,-9,3,-9,3,-10,2,-11,2,-11,1,-12,1,-12,0,-12,0,-13,-1,-13,-1,-13,-1,-13,-1,-13,-1,-13,-1,-13,-1,-12,0,-13,0,-12,1,-13,1,-13,2,-13,2,-14,3,-13,3,-14,4,-15,4,-15,4]"
CSI_DATA,251,1a:00:00:00:00:00,-47,11,0,0,0,0,0,0,0,0,0,-92,0,1,0,43344568,0,42,0,128,0,"[0,0,-11,-11,-11,-11,-11,-11,-11,-10,-12,-10,-11,-10,-11,-9,-11,-8,-12,-8,-12,-8,-12,-7,-12,-7,-12,-7,-13,-7,-13,-7,-13,-7,-13,-7,-13,-8,-13,-8,-12,-9,-12,-9,-11,-9,-10,-9,-10,-9,-9,-10,-8,-10,0,0,0,0,0,0,0,0,0,0,0,0,0,0,0,0,0,0,0,0,0,0,-8,-6,-8,-7,-8,-8,-8,-9,-8,-9,-7,-10,-7,-11,-7,-11,-6,-12,-6,-12,-6,-12,-6,-12,-6,-12,-6,-11,-6,-12,-6,-11,-7,-11,-7,-11,-8,-11,-8,-11,-9,-11,-9,-11,-9,-11,-10,-11,-11,-11,-11,-11]"
CSI_DATA,252,1a:00:00:00:00:00,-47,11,0,0,0,0,0,0,0,0,0,-92,0,1,0,43409574,0,31,0,128,0,"[0,0,-12,-10,-13,-9,-13,-8,-12,-8,-12,-8,-12,-8,-13,-7,-13,-7,-12,-7,-13,-5,-13,-5,-13,-4,-13,-4,-14,-4,-14,-4,-14,-5,-15,-4,-14,-5,-14,-6,-14,-6,-14,-7,-13,-7,-12,-7,-11,-7,-10,-8,-10,-8,0,0,0,0,0,0,0,0,0,0,0,0,0,0,0,0,0,0,0,0,0,0,-9,-5,-9,-6,-9,-7,-9,-8,-9,-8,-8,-9,-9,-10,-8,-10,-8,-11,-8,-11,-7,-11,-7,-11,-7,-11,-7,-11,-8,-10,-8,-10,-8,-10,-8,-10,-9,-10,-9,-10,-11,-9,-11,-9,-11,-10,-11,-9,-13,-9,-12,-10]"
CSI_DATA,253,1a:00:00:00:00:00,-47,11,0,0,0,0,0,0,0,0,0,-92,0,1,0,43610687,0,31,0,128,0,"[0,0,8,-12,8,-14,7,-12,8,-13,8,-13,8,-13,6,-14,6,-13,5,-13,4,-13,4,-14,3,-14,3,-13,3,-14,3,-14,2,-15,3,-15,3,-14,3,-15,4,-14,4,-14,6,-14,6,-13,6,-12,7,-11,6,-10,0,0,0,0,0,0,0,0,0,0,0,0,0,0,0,0,0,0,0,0,0,0,5,-9,5,-9,7,-9,7,-9,8,-9,9,-9,9,-9,10,-8,10,-8,11,-8,11,-8,11,-7,11,-8,10,-8,10,-8,10,-9,10,-8,10,-9,9,-10,10,-10,9,-11,10,-11,9,-11,10,-12,9,-12,9,-12]"
CSI_DATA,254,1a:00:00:00:00:00,-47,11,0,0,0,0,0,0,0,0,0,-92,0,1,0,43813548,0,31,0,128,0,"[0,0,13,-5,12,-6,12,-6,12,-6,12,-6,12,-6,11,-7,11,-7,10,-7,10,-8,9,-8,9,-9,9,-9,9,-9,9,-9,10,-9,10,-10,10,-9,11,-9,11,-8,11,-7,11,-7,11,-6,11,-6,10,-5,10,-4,0,0,0,0,0,0,0,0,0,0,0,0,0,0,0,0,0,0,0,0,0,0,7,-5,8,-5,9,-5,10,-4,10,-4,10,-3,11,-3,11,-2,11,-2,12,-2,12,-2,12,-2,12,-2,12,-2,12,-1,11,-2,11,-2,11,-2,12,-3,12,-4,12,-4,12,-4,12,-4,12,-5,13,-6,13,-6]"
[0;32mI (43979) ftm_responder: Counter = 44[0m
CSI_DATA,255,1a:00:00:00:00:00,-47,11,0,0,0,0,0,0,0,0,0,-92,0,1,0,44013312,0,31,0,128,0,"[0,0,13,1,14,1,14,1,14,0,14,0,13,-1,13,-1,13,-1,12,-2,12,-2,12,-3,12,-4,12,-4,12,-5,12,-4,13,-4,14,-5,13,-4,14,-3,13,-3,13,-3,13,-2,13,-1,13,-1,12,0,11,1,0,0,0,0,0,0,0,0,0,0,0,0,0,0,0,0,0,0,0,0,0,0,9,0,9,0,10,1,11,1,11,2,11,3,11,4,11,4,11,5,11,5,11,5,11,5,11,5,11,5,11,5,11,4,11,4,11,4,12,3,12,3,12,3,13,2,13,2,14,1,14,1,14,1]"
CSI_DATA,256,1a:00:00:00:00:00,-47,11,0,0,0,0,0,0,0,0,0,-92,0,1,0,44060300,0,28,0,128,0,"[0,0,4,-13,4,-14,4,-14,3,-13,3,-13,3,-13,2,-13,2,-13,1,-13,1,-13,0,-13,0,-13,0,-13,0,-14,-1,-13,-1,-14,0,-14,0,-14,0,-14,1,-13,1,-14,2,-13,2,-13,3,-12,3,-11,4,-11,0,0,0,0,0,0,0,0,0,0,0,0,0,0,0,0,0,0,0,0,0,0,1,-9,2,-10,3,-10,3,-11,4,-10,5,-11,5,-11,6,-11,6,-10,7,-10,7,-10,7,-10,7,-10,7,-10,7,-10,6,-10,6,-10,5,-10,6,-11,5,-11,5,-12,5,-12,5,-12,5,-13,5,-13,4,-13]"
CSI_DATA,257,1a:00:00:00:00:00,-47,11,0,0,0,0,0,0,0,0,0,-92,0,1,0,44214338,0,31,0,128,0,"[0,0,14,2,14,0,14,0,14,0,14,0,13,-1,13,-1,13,-1,13,-2,12,-2,12,-3,12,-4,12,-4,13,-5,12,-4,13,-4,13,-5,14,-4,14,-4,14,-3,14,-3,13,-2,13,-1,13,-1,12,0,12,1,0,0,0,0,0,0,0,0,0,0,0,0,0,0,0,0,0,0,0,0,0,0,9,-1,10,0,10,1,11,1,11,2,11,3,11,4,11,4,11,5,11,5,11,5,11,6,11,5,11,5,11,5,11,5,11,4,11,4,12,4,12,3,12,3,13,2,12,2,14,2,14,1,14,1]"
CSI_DATA,258,1a:00:00:00:00:00,-47,11,0,0,0,0,0,0,0,0,0,-92,0,1,0,44415528,0,31,0,128,0,"[0,0,-6,-14,-7,-14,-7,-14,-7,-14,-7,-13,-7,-13,-7,-12,-7,-12,-8,-12,-8,-12,-9,-11,-9,-11,-9,-11,-10,-11,-10,-11,-10,-11,-10,-12,-10,-12,-9,-12,-9,-12,-9,-12,-7,-12,-7,-12,-6,-12,-5,-12,-4,-12,0,0,0,0,0,0,0,0,0,0,0,0,0,0,0,0,0,0,0,0,0,0,-5,-8,-4,-9,-4,-10,-4,-10,-3,-11,-3,-12,-2,-12,-2,-12,-1,-13,-1,-12,-1,-13,-1,-13,-1,-12,-1,-12,-1,-12,-2,-13,-2,-12,-3,-12,-3,-12,-4,-12,-4,-13,-4,-13,-5,-13,-6,-13,-6,-14,-6,-14]"
CSI_DATA,259,1a:00:00:00:00:00,-47,11,0,0,0,0,0,0,0,0,0,-92,0,1,0,44616680,0,31,0,128,0,"[0,0,1,14,1,14,2,14,2,14,2,14,2,14,3,13,3,13,3,13,4,13,5,12,5,12,5,12,5,12,5,13,6,13,5,13,5,13,5,14,4,13,3,13,2,13,2,13,1,13,0,12,-1,12,0,0,0,0,0,0,0,0,0,0,0,0,0,0,0,0,0,0,0,0,0,0,1,8,1,9,0,9,0,10,-1,10,-2,11,-2,11,-3,11,-3,11,-4,11,-4,12,-4,11,-4,11,-3,11,-3,11,-3,11,-3,11,-2,11,-2,12,-1,12,-1,12,0,13,0,13,0,14,1,14,1,14]"
CSI_DATA,260,1a:00:00:00:00:00,-47,11,0,0,0,0,0,0,0,0,0,-92,0,1,0,44817951,0,31,0,128,0,"[0,0,-12,9,-12,9,-12,9,-12,9,-12,10,-11,10,-11,10,-10,10,-10,10,-9,10,-9,11,-9,11,-9,11,-9,12,-9,11,-9,12,-9,12,-9,12,-10,11,-10,11,-10,10,-11,10,-11,9,-11,8,-11,7,-11,6,0,0,0,0,0,0,0,0,0,0,0,0,0,0,0,0,0,0,0,0,0,0,-7,5,-8,5,-9,5,-9,5,-10,5,-11,5,-11,5,-11,4,-12,4,-12,3,-12,3,-12,3,-12,3,-12,3,-12,3,-12,4,-12,4,-11,4,-12,5,-12,6,-12,6,-12,7,-12,7,-12,8,-12,8,-12,9]"
CSI_DATA,261,1a:00:00:00:00:00,-47,11,0,0,0,0,0,0,0,0,0,-92,0,1,0,44878347,0,42,0,128,0,"[0,0,14,-5,13,-6,13,-6,13,-6,13,-7,13,-7,12,-7,12,-7,11,-7,11,-8,11,-9,11,-9,11,-9,11,-10,11,-9,11,-10,11,-10,12,-9,12,-9,12,-8,12,-8,12,-7,12,-6,12,-5,11,-4,12,-3,0,0,0,0,0,0,0,0,0,0,0,0,0,0,0,0,0,0,0,0,0,0,7,-4,8,-4,9,-3,10,-3,10,-3,10,-2,11,-2,11,-1,11,-1,12,0,12,0,12,0,12,0,12,0,12,0,11,-1,12,-1,11,-2,12,-2,12,-3,12,-3,13,-4,12,-4,13,-5,14,-5,13,-5]"
CSI_DATA,262,1a:00:00:00:00:00,-47,11,0,0,0,0,0,0,0,0,0,-92,0,1,0,44945040,0,31,0,128,0,"[0,0,-13,-9,-13,-8,-14,-9,-13,-8,-14,-8,-14,-7,-14,-7,-13,-7,-14,-6,-14,-5,-14,-5,-14,-5,-14,-4,-15,-4,-14,-4,-15,-4,-15,-4,-15,-5,-15,-6,-14,-6,-14,-6,-13,-7,-12,-7,-12,-7,-11,-8,-10,-8,0,0,0,0,0,0,0,0,0,0,0,0,0,0,0,0,0,0,0,0,0,0,-8,-5,-8,-6,-8,-6,-8,-7,-8,-8,-8,-9,-8,-10,-8,-10,-7,-11,-7,-10,-7,-11,-7,-11,-7,-10,-7,-11,-7,-10,-8,-10,-8,-10,-8,-9,-9,-10,-10,-9,-10,-9,-11,-9,-11,-9,-12,-8,-12,-8,-12,-9]"
[0;32mI (44979) ftm_responder: Counter = 45[0m
CSI_DATA,263,1a:00:00:00:00:00,-47,11,0,0,0,0,0,0,0,0,0,-92,0,1,0,45146119,0,31,0,128,0,"[0,0,8,13,9,11,8,11,9,12,9,11,9,11,9,10,9,10,9,10,10,10,10,9,10,9,10,9,10,9,11,9,11,9,11,9,11,10,11,11,10,10,9,10,9,11,7,11,7,11,6,11,4,11,0,0,0,0,0,0,0,0,0,0,0,0,0,0,0,0,0,0,0,0,0,0,5,6,5,7,4,8,4,8,4,9,3,10,4,10,3,11,3,11,2,11,2,12,2,11,2,11,2,11,2,10,3,11,3,11,4,11,4,11,5,11,6,11,6,10,6,11,7,12,8,12,8,12]"
CSI_DATA,264,1a:00:00:00:00:00,-47,11,0,0,0,0,0,0,0,0,0,-92,0,1,0,45347261,0,31,0,128,0,"[0,0,9,-12,10,-13,9,-12,9,-12,8,-12,8,-13,8,-12,8,-13,7,-13,6,-13,6,-13,5,-14,5,-14,5,-14,6,-14,6,-14,6,-15,6,-14,7,-14,7,-13,7,-13,8,-12,8,-12,8,-11,8,-10,9,-9,0,0,0,0,0,0,0,0,0,0,0,0,0,0,0,0,0,0,0,0,0,0,5,-7,5,-7,7,-7,7,-7,8,-7,9,-7,9,-7,10,-6,10,-6,10,-6,10,-6,10,-6,11,-6,10,-6,10,-6,10,-7,9,-7,10,-7,10,-8,9,-8,10,-9,10,-9,9,-10,9,-11,9,-11,9,-12]"
CSI_DATA,265,1a:00:00:00:00:00,-47,11,0,0,0,0,0,0,0,0,0,-92,0,1,0,45558353,0,31,0,128,0,"[0,0,-13,9,-13,9,-13,9,-12,9,-12,9,-12,10,-12,10,-11,10,-11,10,-10,10,-10,11,-9,11,-9,11,-10,12,-9,11,-10,12,-10,12,-10,12,-11,11,-11,11,-11,10,-11,9,-11,9,-11,8,-11,7,-12,6,0,0,0,0,0,0,0,0,0,0,0,0,0,0,0,0,0,0,0,0,0,0,-7,5,-8,5,-9,5,-10,5,-10,4,-11,4,-12,4,-12,3,-12,3,-12,2,-13,3,-13,2,-13,3,-13,3,-12,3,-12,3,-12,4,-12,4,-12,5,-12,6,-12,6,-13,6,-12,7,-13,7,-13,8,-13,8]"
CSI_DATA,266,1a:00:00:00:00:00,-47,11,0,0,0,0,0,0,0,0,0,-92,0,1,0,45749654,0,31,0,128,0,"[0,0,7,-13,7,-14,7,-13,7,-14,7,-14,7,-14,6,-14,6,-14,4,-13,5,-14,4,-14,4,-14,4,-14,4,-14,3,-15,3,-15,4,-15,4,-15,4,-15,5,-14,5,-14,6,-13,6,-12,7,-12,7,-11,8,-10,0,0,0,0,0,0,0,0,0,0,0,0,0,0,0,0,0,0,0,0,0,0,4,-8,4,-8,5,-9,6,-9,7,-9,7,-8,8,-9,9,-8,9,-8,10,-7,10,-8,10,-8,10,-7,9,-8,9,-7,9,-8,8,-9,8,-9,8,-9,8,-10,8,-10,8,-11,8,-11,8,-12,8,-12,8,-13]"
CSI_DATA,267,1a:00:00:00:00:00,-47,11,0,0,0,0,0,0,0,0,0,-92,0,1,0,45950796,0,31,0,128,0,"[0,0,-15,0,-16,1,-16,1,-15,1,-15,1,-15,2,-15,2,-15,2,-14,2,-14,3,-14,4,-14,4,-14,4,-14,5,-14,5,-15,5,-15,5,-15,4,-15,4,-15,3,-15,3,-15,2,-14,1,-14,1,-13,0,-13,-1,0,0,0,0,0,0,0,0,0,0,0,0,0,0,0,0,0,0,0,0,0,0,-9,0,-10,0,-11,-1,-11,-1,-11,-2,-12,-3,-12,-3,-12,-4,-12,-4,-12,-4,-12,-5,-12,-5,-12,-5,-12,-4,-12,-4,-12,-4,-12,-3,-12,-3,-13,-3,-13,-2,-13,-2,-14,-1,-14,-1,-15,0,-15,0,-15,0]"
[0;32mI (45979) ftm_responder: Counter = 46[0m
CSI_DATA,268,1a:00:00:00:00:00,-47,11,0,0,0,0,0,0,0,0,0,-92,0,1,0,46152168,0,31,0,128,0,"[0,0,4,14,4,14,4,14,5,13,4,13,5,13,5,13,5,12,6,12,6,12,6,12,6,12,7,12,8,12,7,11,8,12,8,12,8,13,7,12,7,13,6,13,5,13,4,13,3,13,2,12,1,12,0,0,0,0,0,0,0,0,0,0,0,0,0,0,0,0,0,0,0,0,0,0,2,8,2,9,2,9,2,10,1,10,0,11,0,11,0,11,-1,12,-2,11,-2,12,-2,12,-2,11,-2,11,-1,11,-1,11,0,12,0,11,0,12,1,12,2,12,2,12,2,13,3,13,3,14,4,14]"
CSI_DATA,269,1a:00:00:00:00:00,-47,11,0,0,0,0,0,0,0,0,0,-92,0,1,0,46353244,0,31,0,128,0,"[0,0,-12,-8,-13,-9,-13,-8,-13,-8,-12,-7,-13,-7,-13,-7,-13,-7,-13,-6,-13,-6,-13,-5,-13,-5,-14,-5,-14,-4,-14,-5,-14,-5,-15,-5,-14,-5,-14,-6,-13,-6,-13,-7,-12,-7,-12,-8,-11,-8,-10,-8,-10,-8,0,0,0,0,0,0,0,0,0,0,0,0,0,0,0,0,0,0,0,0,0,0,-8,-5,-8,-6,-8,-7,-8,-7,-8,-8,-8,-9,-8,-10,-7,-10,-7,-10,-7,-10,-7,-11,-7,-11,-7,-10,-7,-10,-7,-10,-8,-10,-7,-9,-8,-9,-8,-9,-9,-9,-10,-9,-10,-9,-11,-9,-11,-8,-12,-8,-12,-8]"
CSI_DATA,270,1a:00:00:00:00:00,-47,11,0,0,0,0,0,0,0,0,0,-92,0,1,0,46413688,0,42,0,128,0,"[0,0,8,12,9,11,9,11,9,12,9,11,9,11,9,10,9,10,10,10,10,9,11,9,10,8,11,8,11,8,12,9,12,9,12,9,11,9,11,10,10,10,10,11,9,11,8,10,7,11,7,10,6,11,0,0,0,0,0,0,0,0,0,0,0,0,0,0,0,0,0,0,0,0,0,0,5,7,5,7,5,8,5,9,5,9,4,10,4,11,3,11,3,12,3,11,3,12,3,12,3,11,3,11,3,11,3,11,3,11,4,11,5,11,5,11,6,11,6,11,7,11,8,11,8,12,8,12]"
CSI_DATA,271,1a:00:00:00:00:00,-47,11,0,0,0,0,0,0,0,0,0,-92,0,1,0,46481457,0,31,0,128,0,"[0,0,-12,9,-12,8,-12,9,-11,9,-11,9,-11,9,-11,9,-10,10,-9,9,-9,10,-8,10,-8,10,-9,11,-8,11,-8,11,-8,12,-9,12,-9,11,-9,11,-9,10,-10,10,-10,9,-10,9,-10,8,-10,7,-10,6,0,0,0,0,0,0,0,0,0,0,0,0,0,0,0,0,0,0,0,0,0,0,-7,5,-8,5,-9,5,-10,5,-10,4,-11,4,-11,4,-11,3,-12,3,-12,2,-12,3,-12,3,-12,2,-12,3,-12,2,-12,4,-11,3,-11,4,-12,5,-11,5,-11,6,-11,6,-11,7,-12,8,-11,9,-11,8]"
CSI_DATA,272,1a:00:00:00:00:00,-47,11,0,0,0,0,0,0,0,0,0,-92,0,1,0,46682590,0,31,0,128,0,"[0,0,12,-7,13,-7,13,-7,12,-7,12,-7,12,-8,12,-8,11,-8,11,-8,10,-9,10,-9,9,-9,10,-10,10,-10,10,-10,10,-10,11,-11,11,-10,11,-9,11,-9,11,-9,12,-8,12,-7,11,-7,11,-5,11,-4,0,0,0,0,0,0,0,0,0,0,0,0,0,0,0,0,0,0,0,0,0,0,7,-4,8,-4,9,-4,10,-3,10,-3,11,-2,11,-2,11,-1,11,-1,12,-1,12,-1,12,-1,12,-1,12,-1,11,-1,11,-1,11,-2,11,-2,11,-3,12,-4,12,-4,12,-5,12,-6,12,-6,13,-6,13,-6]"
CSI_DATA,273,1a:00:00:00:00:00,-47,11,0,0,0,0,0,0,0,0,0,-92,0,1,0,46883797,0,31,0,128,0,"[0,0,11,-7,11,-7,12,-7,12,-8,11,-8,11,-8,10,-9,10,-9,10,-8,9,-9,9,-9,9,-10,9,-10,9,-10,9,-10,9,-11,10,-11,10,-10,10,-10,10,-9,10,-9,10,-8,10,-7,10,-7,10,-6,10,-5,0,0,0,0,0,0,0,0,0,0,0,0,0,0,0,0,0,0,0,0,0,0,7,-5,7,-5,8,-5,9,-4,10,-4,10,-3,10,-3,11,-3,11,-2,11,-2,11,-2,11,-2,11,-2,11,-2,11,-2,10,-3,11,-3,10,-3,11,-4,11,-4,11,-5,12,-5,11,-6,11,-7,12,-6,11,-7]"
[0;32mI (46989) ftm_responder: Counter = 47[0m
CSI_DATA,274,1a:00:00:00:00:00,-47,11,0,0,0,0,0,0,0,0,0,-92,0,1,0,47084918,0,31,0,128,0,"[0,0,-14,4,-15,5,-15,4,-15,4,-14,5,-14,5,-14,6,-13,6,-13,6,-13,6,-13,7,-12,7,-12,7,-12,8,-13,8,-12,8,-13,8,-13,8,-13,7,-13,7,-13,7,-13,6,-13,5,-13,4,-13,3,-13,2,0,0,0,0,0,0,0,0,0,0,0,0,0,0,0,0,0,0,0,0,0,0,-9,2,-10,2,-11,1,-12,1,-12,1,-12,0,-13,0,-13,-1,-13,-1,-13,-2,-13,-2,-13,-2,-13,-2,-13,-2,-13,-2,-13,-1,-13,0,-12,0,-14,0,-14,1,-14,2,-14,3,-14,2,-14,3,-15,3,-15,3]"
CSI_DATA,275,1a:00:00:00:00:00,-47,11,0,0,0,0,0,0,0,0,0,-92,0,1,0,47286253,0,31,0,128,0,"[0,0,-5,14,-5,14,-5,14,-4,14,-4,14,-4,14,-3,14,-3,14,-2,13,-2,13,-1,14,-1,13,-1,13,0,14,0,14,0,14,-1,15,-1,14,-1,14,-2,14,-2,14,-3,13,-4,13,-4,12,-5,11,-5,11,0,0,0,0,0,0,0,0,0,0,0,0,0,0,0,0,0,0,0,0,0,0,-3,9,-3,9,-4,9,-5,10,-5,10,-6,10,-7,10,-7,10,-8,10,-8,9,-9,9,-9,9,-9,9,-8,9,-8,9,-7,10,-7,10,-7,10,-7,10,-6,11,-6,11,-6,12,-5,12,-6,13,-5,14,-5,14]"
CSI_DATA,276,1a:00:00:00:00:00,-47,11,0,0,0,0,0,0,0,0,0,-92,0,1,0,47487421,0,31,0,128,0,"[0,0,-13,-9,-13,-8,-13,-8,-13,-8,-13,-7,-13,-7,-13,-7,-13,-6,-13,-6,-13,-5,-14,-5,-13,-5,-14,-5,-14,-4,-14,-4,-15,-4,-15,-4,-15,-5,-15,-5,-14,-6,-14,-6,-13,-7,-12,-7,-11,-8,-10,-8,-10,-9,0,0,0,0,0,0,0,0,0,0,0,0,0,0,0,0,0,0,0,0,0,0,-8,-5,-8,-6,-8,-6,-9,-7,-8,-8,-8,-9,-8,-9,-8,-10,-8,-10,-7,-10,-7,-11,-7,-11,-7,-10,-7,-10,-8,-10,-8,-10,-8,-10,-8,-9,-9,-9,-10,-9,-10,-9,-11,-9,-11,-9,-12,-9,-13,-9,-13,-9]"
CSI_DATA,277,1a:00:00:00:00:00,-47,11,0,0,0,0,0,0,0,0,0,-92,0,1,0,47688585,0,31,0,128,0,"[0,0,-3,15,-3,15,-3,15,-3,14,-3,14,-2,15,-1,14,-1,14,-1,13,0,14,0,14,1,13,1,14,2,14,1,14,2,14,1,15,1,15,1,15,0,14,-1,14,-1,14,-2,14,-3,13,-3,12,-4,11,0,0,0,0,0,0,0,0,0,0,0,0,0,0,0,0,0,0,0,0,0,0,-2,9,-2,9,-3,9,-4,10,-5,10,-5,10,-6,10,-6,10,-7,10,-7,10,-7,10,-7,10,-8,10,-7,10,-7,10,-7,10,-6,11,-6,11,-6,11,-5,12,-5,12,-4,13,-4,13,-4,14,-4,14,-3,14]"
CSI_DATA,278,1a:00:00:00:00:00,-47,11,0,0,0,0,0,0,0,0,0,-92,0,1,0,47889729,0,31,0,128,0,"[0,0,14,3,14,2,14,2,14,2,14,2,14,1,14,1,14,0,13,0,14,-1,14,-1,13,-2,14,-2,14,-2,14,-2,14,-2,15,-2,14,-2,14,-1,14,-1,14,0,14,1,13,1,13,2,12,3,12,4,0,0,0,0,0,0,0,0,0,0,0,0,0,0,0,0,0,0,0,0,0,0,8,1,9,2,9,2,10,3,10,4,10,5,10,5,10,6,10,6,10,7,10,7,10,7,10,7,10,6,10,6,10,6,10,6,10,5,11,5,11,4,12,4,13,4,13,4,13,3,14,3,14,3]"
CSI_DATA,279,1a:00:00:00:00:00,-47,11,0,0,0,0,0,0,0,0,0,-92,0,1,0,47950174,0,42,0,128,0,"[0,0,-15,-2,-15,-1,-15,-1,-15,-1,-15,-1,-15,0,-15,0,-14,0,-14,1,-14,1,-14,2,-14,2,-14,2,-15,3,-15,3,-15,3,-15,3,-15,2,-15,2,-15,1,-15,1,-14,0,-14,-1,-14,-1,-13,-2,-12,-3,0,0,0,0,0,0,0,0,0,0,0,0,0,0,0,0,0,0,0,0,0,0,-9,0,-10,-1,-10,-1,-11,-2,-11,-3,-12,-4,-12,-4,-12,-5,-12,-5,-12,-6,-12,-6,-12,-6,-12,-6,-12,-5,-12,-5,-12,-5,-12,-5,-12,-4,-13,-4,-13,-3,-13,-3,-14,-3,-14,-2,-15,-2,-15,-1,-15,-2]"
[0;32mI (47989) ftm_responder: Counter = 48[0m
CSI_DATA,280,1a:00:00:00:00:00,-47,11,0,0,0,0,0,0,0,0,0,-92,0,1,0,48021298,0,31,0,128,0,"[0,0,-11,10,-12,10,-12,10,-11,10,-11,10,-10,11,-10,11,-9,11,-9,11,-8,11,-8,12,-7,12,-8,12,-8,13,-7,12,-8,13,-8,13,-8,13,-8,12,-9,12,-9,11,-10,11,-10,10,-11,9,-10,8,-10,7,0,0,0,0,0,0,0,0,0,0,0,0,0,0,0,0,0,0,0,0,0,0,-7,6,-7,6,-8,6,-9,6,-10,6,-10,6,-11,5,-11,5,-12,5,-12,4,-12,4,-12,4,-12,4,-12,4,-12,4,-12,5,-12,5,-11,6,-11,6,-11,7,-11,7,-11,8,-11,8,-12,9,-12,9,-11,10]"
CSI_DATA,281,1a:00:00:00:00:00,-47,11,0,0,0,0,0,0,0,0,0,-92,0,1,0,48219308,0,31,0,128,0,"[0,0,-7,-14,-8,-14,-8,-13,-8,-14,-8,-12,-8,-12,-8,-13,-9,-12,-9,-11,-10,-11,-10,-11,-10,-10,-11,-10,-11,-10,-11,-11,-11,-10,-12,-11,-11,-11,-11,-11,-10,-12,-9,-12,-8,-12,-8,-12,-7,-12,-7,-12,-5,-11,0,0,0,0,0,0,0,0,0,0,0,0,0,0,0,0,0,0,0,0,0,0,-6,-8,-5,-9,-5,-10,-4,-10,-4,-11,-3,-12,-3,-13,-2,-13,-2,-13,-2,-13,-2,-13,-2,-13,-2,-13,-2,-13,-2,-12,-3,-13,-3,-13,-3,-13,-4,-12,-4,-12,-5,-13,-5,-13,-6,-14,-7,-13,-7,-14,-7,-14]"
CSI_DATA,282,1a:00:00:00:00:00,-47,11,0,0,0,0,0,0,0,0,0,-92,0,1,0,48420651,0,31,0,128,0,"[0,0,-13,4,-13,5,-13,5,-12,5,-12,5,-12,5,-11,6,-11,6,-11,6,-11,7,-10,7,-10,7,-10,8,-10,8,-10,8,-10,9,-10,9,-10,9,-11,8,-11,7,-11,7,-11,6,-11,6,-11,5,-11,4,-11,3,0,0,0,0,0,0,0,0,0,0,0,0,0,0,0,0,0,0,0,0,0,0,-8,3,-8,3,-9,3,-10,2,-11,2,-11,1,-11,1,-11,0,-12,0,-12,0,-12,-1,-12,-1,-12,-1,-12,0,-12,0,-12,1,-12,1,-11,1,-13,1,-12,2,-12,2,-13,3,-13,4,-13,4,-13,5,-13,5]"
CSI_DATA,283,1a:00:00:00:00:00,-47,11,0,0,0,0,0,0,0,0,0,-92,0,1,0,48621862,0,31,0,128,0,"[0,0,7,-12,7,-13,6,-12,5,-12,5,-12,5,-12,5,-13,4,-13,3,-12,3,-13,3,-13,2,-13,2,-13,2,-13,2,-14,2,-14,2,-14,2,-14,3,-14,3,-14,3,-13,4,-13,5,-12,5,-12,6,-11,6,-10,0,0,0,0,0,0,0,0,0,0,0,0,0,0,0,0,0,0,0,0,0,0,4,-8,4,-9,5,-9,6,-9,7,-9,7,-9,8,-9,8,-8,9,-8,9,-8,10,-8,9,-8,10,-8,9,-7,9,-8,9,-8,8,-8,8,-8,8,-9,8,-10,7,-10,8,-11,7,-11,7,-11,8,-12,7,-12]"
CSI_DATA,284,1a:00:00:00:00:00,-48,11,0,0,0,0,0,0,0,0,0,-92,0,1,0,48823028,0,31,0,128,0,"[0,0,2,-15,1,-16,1,-15,1,-15,0,-15,0,-15,0,-15,-1,-15,-1,-14,-2,-14,-3,-14,-3,-14,-3,-15,-4,-15,-4,-15,-4,-15,-4,-16,-4,-16,-3,-16,-3,-15,-2,-16,-1,-15,-1,-15,0,-14,1,-14,2,-13,0,0,0,0,0,0,0,0,0,0,0,0,0,0,0,0,0,0,0,0,0,0,1,-9,1,-10,2,-10,3,-11,4,-11,4,-11,5,-11,6,-11,6,-11,7,-11,6,-12,7,-11,7,-11,6,-11,6,-11,5,-12,5,-12,4,-12,5,-12,4,-12,4,-13,3,-14,3,-14,3,-14,3,-15,2,-15]"
[0;32mI (48989) ftm_responder: Counter = 49[0m
CSI_DATA,285,1a:00:00:00:00:00,-48,11,0,0,0,0,0,0,0,0,0,-92,0,1,0,49024141,0,31,0,128,0,"[0,0,11,-9,11,-10,11,-10,11,-10,10,-11,10,-11,9,-11,9,-11,8,-11,8,-12,8,-12,7,-12,7,-12,7,-13,7,-13,7,-14,8,-14,8,-13,8,-14,8,-13,9,-13,9,-12,9,-11,10,-10,10,-9,10,-8,0,0,0,0,0,0,0,0,0,0,0,0,0,0,0,0,0,0,0,0,0,0,7,-6,7,-6,8,-6,9,-6,10,-5,10,-5,11,-5,11,-5,11,-4,12,-3,12,-3,12,-3,12,-3,12,-3,11,-4,11,-4,11,-5,11,-5,11,-6,11,-7,11,-7,11,-8,11,-8,12,-8,12,-9,12,-9]"
CSI_DATA,286,1a:00:00:00:00:00,-48,11,0,0,0,0,0,0,0,0,0,-92,0,1,0,49227825,0,31,0,128,0,"[0,0,14,1,14,0,14,0,15,0,14,0,14,-1,14,-2,14,-2,13,-2,14,-3,13,-3,13,-4,14,-4,13,-5,14,-5,14,-4,15,-4,14,-4,15,-4,15,-3,15,-2,14,-2,14,-1,14,0,13,1,12,2,0,0,0,0,0,0,0,0,0,0,0,0,0,0,0,0,0,0,0,0,0,0,8,-1,9,0,9,0,10,1,10,2,10,3,11,3,11,4,11,4,11,5,11,5,11,5,11,5,11,5,10,5,11,4,11,4,11,4,11,3,12,2,12,2,13,2,13,2,14,1,14,1,14,1]"
CSI_DATA,287,1a:00:00:00:00:00,-48,11,0,0,0,0,0,0,0,0,0,-92,0,1,0,49426513,0,31,0,128,0,"[0,0,8,-13,7,-13,7,-14,6,-13,7,-14,6,-13,6,-14,5,-14,4,-14,4,-13,3,-14,3,-14,3,-15,3,-15,2,-15,3,-16,3,-15,3,-16,3,-15,4,-15,5,-15,6,-14,6,-13,6,-13,7,-12,8,-11,0,0,0,0,0,0,0,0,0,0,0,0,0,0,0,0,0,0,0,0,0,0,4,-8,5,-8,5,-8,7,-9,7,-8,8,-8,8,-8,9,-8,9,-8,9,-7,10,-7,10,-7,10,-7,10,-7,10,-8,9,-8,9,-9,8,-9,9,-9,8,-10,8,-10,8,-11,8,-11,8,-12,8,-12,8,-13]"
CSI_DATA,288,1a:00:00:00:00:00,-48,11,0,0,0,0,0,0,0,0,0,-92,0,1,0,49487019,0,42,0,128,0,"[0,0,1,-16,1,-15,0,-16,0,-15,0,-16,0,-15,-1,-15,-1,-15,-2,-15,-3,-14,-3,-15,-4,-15,-4,-15,-4,-15,-4,-15,-5,-16,-4,-15,-4,-16,-3,-16,-3,-16,-2,-16,-1,-15,-1,-15,0,-14,1,-14,2,-13,0,0,0,0,0,0,0,0,0,0,0,0,0,0,0,0,0,0,0,0,0,0,0,-9,1,-10,1,-10,2,-11,2,-11,3,-11,4,-12,4,-11,5,-11,5,-11,5,-12,5,-12,6,-11,5,-11,5,-11,4,-12,4,-12,4,-12,4,-13,3,-13,3,-13,3,-14,2,-14,2,-15,2,-15,1,-15]"
CSI_DATA,289,1a:00:00:00:00:00,-48,11,0,0,0,0,0,0,0,0,0,-92,0,1,0,49552712,0,31,0,128,0,"[0,0,3,14,3,13,3,13,4,13,3,13,4,13,4,13,5,12,5,12,6,12,7,11,7,11,7,11,7,11,8,12,8,12,8,12,7,12,7,12,6,13,6,13,5,13,4,13,3,13,2,12,1,12,0,0,0,0,0,0,0,0,0,0,0,0,0,0,0,0,0,0,0,0,0,0,2,8,2,8,1,9,1,9,0,10,0,10,-1,11,-2,11,-2,11,-3,11,-2,12,-2,11,-2,11,-2,11,-2,11,-1,12,-1,11,0,12,-1,12,0,12,0,13,1,12,2,12,1,13,2,13,3,13]"
CSI_DATA,290,1a:00:00:00:00:00,-48,11,0,0,0,0,0,0,0,0,0,-92,0,1,0,49755832,0,31,0,128,0,"[0,0,-14,6,-14,7,-14,7,-13,7,-13,8,-13,8,-12,8,-12,8,-11,8,-11,9,-11,9,-10,9,-10,10,-11,10,-11,11,-10,11,-11,11,-11,11,-12,10,-11,10,-11,9,-12,8,-12,8,-13,7,-12,6,-12,5,0,0,0,0,0,0,0,0,0,0,0,0,0,0,0,0,0,0,0,0,0,0,-8,4,-8,4,-10,4,-10,4,-11,3,-11,3,-12,2,-12,2,-12,2,-13,1,-13,1,-13,1,-13,1,-13,1,-13,1,-12,2,-12,2,-12,2,-13,3,-13,4,-13,4,-13,4,-13,4,-14,6,-13,6,-13,6]"
CSI_DATA,291,1a:00:00:00:00:00,-47,11,0,0,0,0,0,0,0,0,0,-92,0,1,0,49955026,0,31,0,128,0,"[0,0,-11,11,-11,11,-11,11,-10,11,-10,11,-10,12,-8,11,-8,12,-7,12,-7,12,-7,12,-7,13,-6,12,-6,13,-6,13,-6,13,-7,14,-8,13,-8,14,-8,13,-9,12,-10,12,-10,11,-10,10,-10,9,-10,8,0,0,0,0,0,0,0,0,0,0,0,0,0,0,0,0,0,0,0,0,0,0,-6,7,-6,7,-8,7,-8,7,-9,7,-10,7,-10,7,-11,6,-11,6,-12,5,-12,6,-12,5,-12,5,-12,5,-12,5,-11,6,-11,6,-11,6,-11,7,-11,8,-11,8,-11,9,-10,9,-11,10,-11,10,-11,10]"
[0;32mI (49989) ftm_responder: Counter = 50[0m
CSI_DATA,292,1a:00:00:00:00:00,-48,11,0,0,0,0,0,0,0,0,0,-92,0,1,0,50156188,0,31,0,128,0,"[0,0,-9,-13,-10,-12,-10,-13,-10,-12,-10,-11,-10,-11,-10,-11,-10,-10,-10,-10,-11,-9,-12,-9,-11,-9,-11,-9,-12,-9,-12,-9,-13,-9,-13,-9,-13,-10,-13,-10,-12,-11,-11,-11,-10,-11,-9,-11,-9,-11,-8,-11,-7,-11,0,0,0,0,0,0,0,0,0,0,0,0,0,0,0,0,0,0,0,0,0,0,-6,-7,-6,-8,-6,-8,-6,-9,-5,-10,-5,-11,-5,-12,-5,-12,-4,-12,-4,-12,-4,-13,-4,-13,-4,-12,-4,-12,-4,-12,-5,-12,-5,-12,-5,-12,-5,-12,-6,-12,-7,-12,-7,-12,-7,-12,-8,-12,-8,-12,-9,-13]"
CSI_DATA,293,1a:00:00:00:00:00,-47,11,0,0,0,0,0,0,0,0,0,-92,0,1,0,50357339,0,31,0,128,0,"[0,0,2,14,2,14,2,14,3,14,3,13,3,13,3,13,4,13,4,12,5,12,6,12,6,11,6,12,6,12,7,12,7,12,6,13,6,13,6,13,5,13,5,13,4,14,3,13,2,12,2,13,0,12,0,0,0,0,0,0,0,0,0,0,0,0,0,0,0,0,0,0,0,0,0,0,2,8,1,9,1,9,0,10,0,10,-1,11,-1,11,-2,11,-2,12,-3,11,-3,12,-3,12,-3,11,-3,11,-3,11,-2,12,-2,12,-2,11,-1,12,-1,12,0,12,0,13,1,13,1,14,1,14,2,14]"
CSI_DATA,294,1a:00:00:00:00:00,-47,11,0,0,0,0,0,0,0,0,0,-92,0,1,0,50558498,0,31,0,128,0,"[0,0,4,14,4,14,3,14,4,14,4,13,4,13,5,13,5,12,6,12,6,12,7,11,7,11,7,11,8,11,7,12,8,12,8,12,8,12,7,13,6,12,6,13,5,13,4,12,3,12,3,12,2,12,0,0,0,0,0,0,0,0,0,0,0,0,0,0,0,0,0,0,0,0,0,0,2,8,2,8,2,9,1,10,1,10,0,11,-1,11,-1,12,-1,12,-2,12,-2,12,-2,12,-2,12,-2,12,-2,12,-1,12,-1,12,-1,12,0,12,1,12,1,12,1,13,2,13,2,13,3,14,3,14]"
CSI_DATA,295,1a:00:00:00:00:00,-47,11,0,0,0,0,0,0,0,0,0,-92,0,1,0,50759880,0,31,0,128,0,"[0,0,13,7,12,6,13,6,13,6,13,5,13,5,13,5,13,4,13,4,13,3,13,2,13,1,13,1,14,1,14,1,15,1,14,2,15,2,14,3,14,3,14,4,13,4,12,5,12,5,11,6,10,6,0,0,0,0,0,0,0,0,0,0,0,0,0,0,0,0,0,0,0,0,0,0,7,3,8,4,8,4,9,5,8,6,8,7,8,8,8,8,8,8,8,9,8,9,8,9,8,9,8,9,8,9,8,8,9,8,9,8,9,8,10,7,10,7,11,7,11,7,12,6,12,6,13,7]"
