ESP-ROM:esp32s3-20210327
Build:Mar 27 2021
rst:0x15 (USB_UART_CHIP_RESET),boot:0x8 (SPI_FAST_FLASH_BOOT)
Saved PC:0x4037abfa
SPIWP:0xee
mode:DIO, clock div:1
load:0x3fce2810,len:0x15a0
load:0x403c8700,len:0x4
load:0x403c8704,len:0xd20
load:0x403cb700,len:0x2ee4
entry 0x403c8928
[0;32mI (26) boot: ESP-IDF v5.4-dirty 2nd stage bootloader[0m
[0;32mI (27) boot: compile time May  6 2025 13:26:06[0m
[0;32mI (27) boot: Multicore bootloader[0m
[0;32mI (27) boot: chip revision: v0.2[0m
[0;32mI (30) boot: efuse block revision: v1.3[0m
[0;32mI (34) boot.esp32s3: Boot SPI Speed : 80MHz[0m
[0;32mI (37) boot.esp32s3: SPI Mode       : DIO[0m
[0;32mI (41) boot.esp32s3: SPI Flash Size : 2MB[0m
[0;32mI (45) boot: Enabling RNG early entropy source...[0m
[0;32mI (49) boot: Partition Table:[0m
[0;32mI (52) boot: ## Label            Usage          Type ST Offset   Length[0m
[0;32mI (58) boot:  0 nvs              WiFi data        01 02 00009000 00006000[0m
[0;32mI (65) boot:  1 phy_init         RF data          01 01 0000f000 00001000[0m
[0;32mI (71) boot:  2 factory          factory app      00 00 00010000 00100000[0m
[0;32mI (78) boot: End of partition table[0m
[0;32mI (81) esp_image: segment 0: paddr=00010020 vaddr=3c080020 size=18f0ch (102156) map[0m
[0;32mI (107) esp_image: segment 1: paddr=00028f34 vaddr=3fc99a00 size=04a08h ( 18952) load[0m
[0;32mI (111) esp_image: segment 2: paddr=0002d944 vaddr=40374000 size=026d4h (  9940) load[0m
[0;32mI (114) esp_image: segment 3: paddr=00030020 vaddr=42000020 size=7ff4ch (524108) map[0m
[0;32mI (210) esp_image: segment 4: paddr=000aff74 vaddr=403766d4 size=13270h ( 78448) load[0m
[0;32mI (228) esp_image: segment 5: paddr=000c31ec vaddr=600fe100 size=0001ch (    28) load[0m
[0;32mI (237) boot: Loaded app from partition at offset 0x10000[0m
[0;32mI (237) boot: Disabling RNG early entropy source...[0m
[0;32mI (247) cpu_start: Multicore app[0m
[0;32mI (256) cpu_start: Pro cpu start user code[0m
[0;32mI (256) cpu_start: cpu freq: 160000000 Hz[0m
[0;32mI (256) app_init: Application information:[0m
[0;32mI (256) app_init: Project name:     responder[0m
[0;32mI (260) app_init: App version:      89f9f88-dirty[0m
[0;32mI (265) app_init: Compile time:     Jul 21 2025 20:52:32[0m
[0;32mI (270) app_init: ELF file SHA256:  2b702322b...[0m
[0;32mI (274) app_init: ESP-IDF:          v5.4-dirty[0m
[0;32mI (278) efuse_init: Min chip rev:     v0.0[0m
[0;32mI (282) efuse_init: Max chip rev:     v0.99 [0m
[0;32mI (286) efuse_init: Chip rev:         v0.2[0m
[0;32mI (290) heap_init: Initializing. RAM available for dynamic allocation:[0m
[0;32mI (296) heap_init: At 3FCA2020 len 000476F0 (285 KiB): RAM[0m
[0;32mI (301) heap_init: At 3FCE9710 len 00005724 (21 KiB): RAM[0m
[0;32mI (306) heap_init: At 3FCF0000 len 00008000 (32 KiB): DRAM[0m
[0;32mI (312) heap_init: At 600FE11C len 00001ECC (7 KiB): RTCRAM[0m
[0;32mI (318) spi_flash: detected chip: gd[0m
[0;32mI (320) spi_flash: flash io: dio[0m
[0;33mW (323) spi_flash: Detected size(8192k) larger than the size in the binary image header(2048k). Using the size in the binary image header.[0m
[0;32mI (336) sleep_gpio: Configure to isolate all GPIO pins in sleep state[0m
[0;32mI (342) sleep_gpio: Enable automatic switching of GPIO sleep configuration[0m
[0;32mI (349) main_task: Started on CPU0[0m
[0;32mI (359) main_task: Calling app_main()[0m
[0;32mI (369) pp: pp rom version: e7ae62f[0m
[0;32mI (369) net80211: net80211 rom version: e7ae62f[0m
[0;32mI (389) wifi_init: rx ba win: 6[0m
[0;32mI (389) wifi_init: accept mbox: 6[0m
[0;32mI (389) wifi_init: tcpip mbox: 32[0m
[0;32mI (389) wifi_init: udp mbox: 6[0m
[0;32mI (389) wifi_init: tcp mbox: 6[0m
[0;32mI (399) wifi_init: tcp tx win: 5760[0m
[0;32mI (399) wifi_init: tcp rx win: 5760[0m
[0;32mI (399) wifi_init: tcp mss: 1440[0m
[0;32mI (409) wifi_init: WiFi IRAM OP enabled[0m
[0;32mI (409) wifi_init: WiFi RX IRAM OP enabled[0m
[0;32mI (409) phy_init: phy_version 680,a6008b2,Jun  4 2024,16:41:10[0m
[0;32mI (899) ftm_responder: Starting SoftAP with FTM Responder support, SSID - FTM, Password - ftmftmftm, Primary Channel - 1, Bandwidth - 20MHz[0m
[0;32mI (909) ftm_responder: FTM Responder is ready, waiting for FTM requests...[0m
[0;32mI (909) ftm_responder: Counter = 1[0m
[0;32mI (909) main_task: Returned from app_main()[0m
[0;32mI (1909) ftm_responder: Counter = 2[0m
[0;32mI (2909) ftm_responder: Counter = 3[0m
[0;32mI (3909) ftm_responder: Counter = 4[0m
[0;32mI (4909) ftm_responder: Counter = 5[0m
[0;32mI (5909) ftm_responder: Counter = 6[0m
[0;32mI (6909) ftm_responder: Counter = 7[0m
[0;32mI (7909) ftm_responder: Counter = 8[0m
[0;32mI (8909) ftm_responder: Counter = 9[0m
[0;32mI (9909) ftm_responder: Counter = 10[0m
[0;32mI (10909) ftm_responder: Counter = 11[0m
[0;32mI (11909) ftm_responder: Counter = 12[0m
[0;32mI (12909) ftm_responder: Counter = 13[0m
[0;32mI (13909) ftm_responder: Counter = 14[0m
[0;32mI (14909) ftm_responder: Counter = 15[0m
[0;32mI (15909) ftm_responder: Counter = 16[0m
[0;32mI (16909) ftm_responder: Counter = 17[0m
[0;32mI (17549) csi_recv: ================ CSI RECV ================[0m
type,id,mac,rssi,rate,sig_mode,mcs,bandwidth,smoothing,not_sounding,aggregation,stbc,fec_coding,sgi,noise_floor,ampdu_cnt,channel,secondary_channel,local_timestamp,ant,sig_len,rx_state,len,first_word,data
CSI_DATA,0,1a:00:00:00:00:00,-67,11,0,0,0,0,0,0,0,0,0,-91,0,1,0,17553344,0,28,0,128,0,"[0,0,14,2,13,2,13,2,13,2,13,1,12,1,11,1,11,1,11,0,10,0,10,0,10,0,10,-1,10,-2,9,-3,9,-3,9,-2,8,-3,8,-3,8,-3,9,-3,9,-3,9,-4,8,-4,9,-3,9,-2,0,0,0,0,0,0,0,0,0,0,0,0,0,0,0,0,0,0,0,0,0,0,6,-3,6,-3,7,-3,8,-2,9,-1,10,-1,11,0,11,1,12,2,12,1,12,2,13,2,13,3,13,3,13,3,13,3,13,3,13,3,14,2,14,2,14,2,14,2,15,2,14,2,14,2,16,2]"
CSI_DATA,1,1a:00:00:00:00:00,-67,11,0,0,0,0,0,0,0,0,0,-91,0,1,0,17555377,0,165,0,128,0,"[0,0,-9,13,-9,13,-9,12,-8,12,-8,12,-8,12,-7,11,-7,10,-7,10,-6,10,-5,10,-4,10,-3,10,-3,9,-3,9,-3,9,-3,9,-3,10,-2,10,-2,9,-2,9,-3,9,-3,9,-3,9,-3,8,-3,7,0,0,0,0,0,0,0,0,0,0,0,0,0,0,0,0,0,0,0,0,0,0,0,7,0,7,-1,8,-2,9,-3,10,-3,11,-4,11,-5,11,-6,11,-7,11,-7,11,-7,11,-8,11,-8,12,-8,11,-8,11,-8,12,-8,12,-8,12,-9,12,-8,12,-8,13,-9,13,-9,13,-8,14,-8,14]"
CSI_DATA,2,1a:00:00:00:00:00,-67,11,0,0,0,0,0,0,0,0,0,-91,0,1,0,17653981,0,137,0,128,0,"[0,0,13,9,12,8,11,8,11,7,11,6,11,5,11,6,9,6,8,4,9,2,9,1,9,1,10,3,10,4,8,2,9,2,10,2,10,1,9,-2,9,-1,9,1,8,1,7,0,7,1,7,2,8,2,0,0,0,0,0,0,0,0,0,0,0,0,0,0,0,0,0,0,0,0,0,0,6,-1,7,-1,8,0,9,0,10,1,10,3,11,4,11,5,11,5,11,6,11,6,11,6,11,6,11,6,11,7,11,7,12,7,12,7,12,7,12,7,13,7,14,7,13,7,13,7,14,7,13,7]"
CSI_DATA,3,1a:00:00:00:00:00,-66,11,0,0,0,0,0,0,0,0,0,-91,0,1,0,17660658,0,42,0,128,0,"[0,0,6,14,6,14,5,14,5,14,6,12,7,12,6,10,6,9,7,8,7,8,6,8,6,7,7,6,7,6,8,6,8,7,9,8,8,7,8,7,8,7,7,7,7,6,7,4,7,4,8,6,8,7,0,0,0,0,0,0,0,0,0,0,0,0,0,0,0,0,0,0,0,0,0,0,6,4,6,4,6,5,7,6,7,7,7,9,7,9,6,10,6,11,5,12,5,12,5,12,5,13,5,13,5,13,5,13,5,13,6,13,6,13,6,13,7,13,7,14,7,14,7,14,7,14,6,15]"
CSI_DATA,4,1a:00:00:00:00:00,-67,11,0,0,0,0,0,0,0,0,0,-91,0,1,0,17807034,0,31,0,128,0,"[0,0,11,-11,11,-11,11,-11,10,-10,10,-11,10,-11,9,-11,9,-11,8,-10,6,-11,5,-11,4,-11,4,-11,5,-11,4,-11,3,-11,3,-10,3,-10,2,-9,3,-9,3,-10,3,-10,3,-10,2,-10,2,-9,3,-9,0,0,0,0,0,0,0,0,0,0,0,0,0,0,0,0,0,0,0,0,0,0,3,-7,4,-7,5,-8,5,-8,6,-8,7,-9,8,-9,9,-9,10,-9,11,-8,11,-8,11,-8,12,-8,11,-9,11,-9,11,-8,11,-9,11,-10,11,-10,11,-9,11,-10,12,-11,12,-11,12,-11,12,-10,13,-10]"
[0;32mI (17909) ftm_responder: Counter = 18[0m
CSI_DATA,5,1a:00:00:00:00:00,-68,11,0,0,0,0,0,0,0,0,0,-91,0,1,0,18007854,0,31,0,128,0,"[0,0,-15,-3,-15,-2,-14,-2,-13,-2,-13,-2,-13,-1,-13,-1,-12,0,-11,0,-11,0,-11,1,-11,2,-10,2,-10,3,-10,3,-9,3,-9,4,-10,4,-8,3,-8,3,-10,3,-12,4,-13,4,-10,2,-8,0,-10,-2,0,0,0,0,0,0,0,0,0,0,0,0,0,0,0,0,0,0,0,0,0,0,-7,1,-8,1,-9,1,-10,1,-11,0,-12,-1,-12,-2,-13,-3,-13,-3,-13,-4,-13,-4,-13,-4,-13,-4,-14,-4,-14,-4,-14,-3,-14,-3,-14,-3,-14,-3,-14,-3,-15,-3,-14,-3,-15,-3,-15,-3,-15,-3,-15,-3]"
CSI_DATA,6,1a:00:00:00:00:00,-68,11,0,0,0,0,0,0,0,0,0,-91,0,1,0,18217090,0,31,0,128,0,"[0,0,3,14,3,14,2,13,2,13,2,12,2,12,3,11,4,9,4,9,5,9,6,10,5,9,4,9,5,9,6,8,7,8,7,8,7,9,6,9,7,10,7,9,6,9,5,9,5,8,5,9,5,9,0,0,0,0,0,0,0,0,0,0,0,0,0,0,0,0,0,0,0,0,0,0,4,4,4,5,4,6,4,7,5,8,4,10,4,11,3,12,3,12,2,12,2,13,2,13,2,13,1,13,2,14,2,14,2,14,2,13,3,14,3,14,3,14,4,14,5,15,5,14,4,14,4,14]"
CSI_DATA,7,1a:00:00:00:00:00,-68,11,0,0,0,0,0,0,0,0,0,-91,0,1,0,18410685,0,31,0,128,0,"[0,0,11,10,9,10,9,10,11,11,10,10,10,9,9,7,9,6,9,5,9,5,9,5,9,4,9,3,9,3,10,2,10,1,11,1,11,2,11,2,11,3,11,3,10,2,10,2,11,2,11,3,10,4,0,0,0,0,0,0,0,0,0,0,0,0,0,0,0,0,0,0,0,0,0,0,5,1,6,2,7,2,7,3,8,4,8,6,8,7,7,8,8,8,8,8,8,8,8,9,8,10,8,9,9,9,8,10,9,10,9,10,9,9,8,9,8,9,10,10,11,10,11,9,10,10,10,11]"
CSI_DATA,8,1a:00:00:00:00:00,-68,11,0,0,0,0,0,0,0,0,0,-91,0,1,0,18611223,0,31,0,128,0,"[0,0,-11,6,-10,5,-10,6,-10,8,-10,8,-10,6,-10,5,-10,7,-9,7,-9,7,-8,7,-8,7,-8,8,-7,10,-7,10,-8,8,-8,8,-8,9,-8,10,-7,9,-6,9,-6,9,-7,8,-9,7,-9,7,-9,8,0,0,0,0,0,0,0,0,0,0,0,0,0,0,0,0,0,0,0,0,0,0,-2,5,-3,6,-3,7,-4,7,-5,8,-6,8,-7,8,-8,8,-9,8,-10,8,-10,8,-11,7,-11,7,-11,7,-11,7,-11,8,-11,8,-12,8,-12,9,-11,8,-12,7,-12,7,-12,8,-12,9,-13,9,-13,10]"
CSI_DATA,9,1a:00:00:00:00:00,-67,11,0,0,0,0,0,0,0,0,0,-91,0,1,0,18813238,0,31,0,128,0,"[0,0,-7,-11,-8,-11,-9,-11,-9,-11,-7,-12,-7,-11,-7,-9,-8,-6,-9,-7,-8,-9,-7,-9,-8,-8,-9,-6,-11,-6,-11,-6,-10,-6,-9,-6,-9,-6,-8,-7,-8,-7,-9,-6,-9,-6,-9,-6,-9,-8,-9,-9,-10,-9,0,0,0,0,0,0,0,0,0,0,0,0,0,0,0,0,0,0,0,0,0,0,-5,-3,-6,-3,-6,-3,-7,-4,-8,-5,-8,-6,-8,-7,-8,-7,-8,-8,-8,-9,-8,-10,-8,-10,-8,-10,-8,-11,-8,-11,-8,-12,-9,-11,-9,-10,-10,-10,-10,-11,-10,-11,-9,-12,-9,-13,-9,-13,-10,-13,-11,-13]"
[0;32mI (18909) ftm_responder: Counter = 19[0m
CSI_DATA,10,1a:00:00:00:00:00,-67,11,0,0,0,0,0,0,0,0,0,-91,0,1,0,19014699,0,31,0,128,0,"[0,0,14,-9,14,-7,13,-5,13,-5,11,-7,9,-8,8,-9,9,-9,8,-7,7,-7,8,-9,8,-10,8,-9,7,-9,5,-9,5,-10,7,-10,7,-11,7,-12,7,-11,6,-10,8,-9,10,-8,10,-6,9,-8,8,-10,0,0,0,0,0,0,0,0,0,0,0,0,0,0,0,0,0,0,0,0,0,0,3,-4,3,-5,4,-5,5,-5,6,-5,7,-6,8,-7,9,-7,9,-6,10,-5,11,-5,11,-4,11,-4,11,-4,11,-5,12,-6,11,-6,11,-7,11,-7,12,-8,11,-9,11,-9,13,-8,15,-9,15,-8,14,-8]"
CSI_DATA,11,1a:00:00:00:00:00,-70,11,0,0,0,0,0,0,0,0,0,-91,0,1,0,19214904,0,31,0,128,0,"[0,0,13,8,13,7,12,8,12,7,12,6,12,6,12,5,11,5,11,4,10,3,11,2,12,1,12,0,12,0,13,0,13,0,13,-1,13,-1,13,-1,14,-1,14,0,14,1,14,1,15,1,15,2,15,4,0,0,0,0,0,0,0,0,0,0,0,0,0,0,0,0,0,0,0,0,0,0,2,-1,3,-1,4,0,5,1,6,1,7,2,7,3,8,4,8,4,8,5,9,6,9,6,9,6,10,6,10,6,10,6,10,6,10,7,10,6,10,6,11,6,12,7,13,7,13,8,13,8,13,7]"
CSI_DATA,12,1a:00:00:00:00:00,-69,11,0,0,0,0,0,0,0,0,0,-91,0,1,0,19274948,0,42,0,128,0,"[0,0,-16,-4,-17,-4,-15,-3,-12,-2,-12,-1,-12,-2,-11,-1,-11,1,-10,2,-11,3,-10,3,-10,4,-11,2,-12,2,-12,4,-11,4,-11,4,-12,5,-13,6,-14,5,-14,5,-15,5,-15,4,-14,4,-15,3,-17,3,0,0,0,0,0,0,0,0,0,0,0,0,0,0,0,0,0,0,0,0,0,0,-2,2,-3,2,-5,2,-7,2,-8,2,-8,1,-8,1,-9,0,-10,-1,-11,0,-11,0,-12,0,-13,-1,-13,-1,-12,-2,-12,-2,-13,-2,-14,-2,-14,-3,-13,-2,-14,-1,-15,-1,-16,-1,-15,-1,-15,-1,-16,-1]"
CSI_DATA,13,1a:00:00:00:00:00,-70,11,0,0,0,0,0,0,0,0,0,-91,0,1,0,19346263,0,31,0,128,0,"[0,0,8,-11,9,-11,10,-9,8,-10,8,-12,9,-13,8,-12,7,-12,5,-12,4,-12,2,-11,1,-11,2,-13,2,-12,2,-12,2,-13,1,-15,1,-17,2,-17,4,-16,5,-15,5,-15,4,-16,3,-17,4,-16,6,-15,0,0,0,0,0,0,0,0,0,0,0,0,0,0,0,0,0,0,0,0,0,0,0,-4,1,-4,1,-5,2,-6,3,-7,4,-8,5,-8,5,-8,6,-8,6,-8,7,-8,7,-9,7,-9,7,-9,8,-9,8,-9,8,-9,8,-10,9,-10,8,-12,7,-13,7,-12,8,-13,9,-13,9,-13,9,-13]"
CSI_DATA,14,1a:00:00:00:00:00,-70,11,0,0,0,0,0,0,0,0,0,-91,0,1,0,19551057,0,31,0,128,0,"[0,0,11,10,11,11,9,11,7,9,7,8,7,8,6,8,7,8,9,5,8,4,8,3,9,4,10,5,10,4,10,3,10,2,11,2,11,1,10,0,11,0,12,1,13,3,14,4,15,4,14,5,13,6,0,0,0,0,0,0,0,0,0,0,0,0,0,0,0,0,0,0,0,0,0,0,3,4,4,3,5,4,5,4,6,5,6,6,6,7,6,7,6,8,6,8,6,9,6,9,6,9,7,9,7,10,7,9,8,9,10,9,10,9,11,9,11,10,11,10,11,11,11,12,11,10,10,9]"
CSI_DATA,15,1a:00:00:00:00:00,-70,11,0,0,0,0,0,0,0,0,0,-91,0,1,0,19752406,0,31,0,128,0,"[0,0,9,-9,11,-9,10,-8,9,-8,8,-9,7,-8,7,-8,8,-8,7,-9,5,-9,4,-9,4,-9,2,-10,0,-11,0,-12,-1,-11,-3,-11,-3,-12,-3,-14,-3,-16,-2,-15,-2,-16,-1,-16,-1,-17,0,-18,1,-18,0,0,0,0,0,0,0,0,0,0,0,0,0,0,0,0,0,0,0,0,0,0,4,-2,4,-2,4,-3,6,-3,7,-3,7,-3,8,-3,9,-3,10,-3,10,-3,11,-2,12,-2,12,-2,12,-3,12,-3,12,-4,11,-5,11,-5,11,-6,11,-7,11,-7,12,-8,12,-9,13,-8,13,-7,14,-6]"
[0;32mI (19909) ftm_responder: Counter = 20[0m
CSI_DATA,16,1a:00:00:00:00:00,-69,11,0,0,0,0,0,0,0,0,0,-91,0,1,0,19957403,0,31,0,128,0,"[0,0,6,14,6,13,5,14,5,14,4,13,4,12,5,11,6,10,6,10,6,10,7,10,7,9,8,7,9,6,8,5,9,6,11,6,12,6,12,6,12,6,12,7,12,8,12,8,11,8,11,10,11,12,0,0,0,0,0,0,0,0,0,0,0,0,0,0,0,0,0,0,0,0,0,0,3,1,3,2,4,3,4,4,4,5,4,6,4,7,4,8,4,9,4,10,4,10,4,10,4,10,4,11,4,11,4,11,5,12,6,12,6,12,6,12,6,13,6,13,6,13,7,13,6,13,5,14]"
CSI_DATA,17,1a:00:00:00:00:00,-69,11,0,0,0,0,0,0,0,0,0,-91,0,1,0,20151121,0,31,0,128,0,"[0,0,8,-13,7,-11,6,-10,4,-10,6,-12,10,-12,9,-11,6,-12,5,-12,5,-11,3,-11,1,-11,1,-12,0,-12,-1,-12,-1,-13,-1,-13,-1,-13,-2,-14,-2,-15,-1,-15,0,-15,0,-15,0,-15,1,-15,1,-15,0,0,0,0,0,0,0,0,0,0,0,0,0,0,0,0,0,0,0,0,0,0,-1,-4,0,-5,0,-5,1,-6,2,-7,3,-8,3,-8,4,-8,5,-9,5,-10,6,-10,6,-10,6,-11,7,-11,7,-11,7,-10,6,-10,5,-10,6,-11,9,-12,9,-11,8,-13,7,-14,7,-15,7,-14,7,-14]"
CSI_DATA,18,1a:00:00:00:00:00,-68,11,0,0,0,0,0,0,0,0,0,-91,0,1,0,20352157,0,31,0,128,0,"[0,0,6,13,4,13,5,12,5,12,6,12,7,11,7,11,6,11,7,10,9,9,9,7,10,7,9,6,7,5,8,7,9,7,9,6,9,6,10,6,12,5,13,6,12,6,11,7,11,7,10,7,10,8,0,0,0,0,0,0,0,0,0,0,0,0,0,0,0,0,0,0,0,0,0,0,3,0,3,1,4,2,5,3,5,4,5,5,5,5,6,6,6,8,6,9,6,9,6,9,5,9,5,10,6,10,6,11,6,11,7,11,8,11,9,12,7,11,6,10,6,12,8,16,9,17,7,16]"
CSI_DATA,19,1a:00:00:00:00:00,-69,11,0,0,0,0,0,0,0,0,0,-91,0,1,0,20553581,0,31,0,128,0,"[0,0,17,-2,16,-3,15,-4,15,-4,15,-4,14,-6,13,-6,13,-4,14,-4,14,-4,11,-5,9,-6,10,-7,10,-7,9,-7,8,-7,8,-8,9,-9,12,-10,12,-11,10,-11,9,-8,11,-7,12,-9,13,-8,15,-6,0,0,0,0,0,0,0,0,0,0,0,0,0,0,0,0,0,0,0,0,0,0,2,-3,3,-3,4,-4,5,-4,6,-4,7,-4,8,-4,9,-3,10,-3,10,-3,11,-2,12,-2,13,-2,13,-2,13,-2,13,-2,13,-3,13,-4,13,-4,14,-3,15,-3,16,-4,16,-4,16,-4,17,-4,17,-4]"
CSI_DATA,20,1a:00:00:00:00:00,-69,11,0,0,0,0,0,0,0,0,0,-91,0,1,0,20754517,0,31,0,128,0,"[0,0,9,-13,9,-13,8,-12,7,-12,7,-12,7,-12,6,-13,6,-13,5,-12,3,-11,2,-11,2,-11,2,-11,2,-12,2,-12,2,-12,1,-13,2,-14,2,-14,2,-13,2,-12,3,-13,4,-14,4,-15,4,-15,5,-14,0,0,0,0,0,0,0,0,0,0,0,0,0,0,0,0,0,0,0,0,0,0,-2,-4,-2,-5,-2,-6,-1,-7,-1,-8,0,-8,1,-9,1,-10,2,-11,3,-11,3,-11,3,-12,4,-12,5,-12,5,-11,5,-11,4,-12,4,-13,5,-14,6,-14,6,-14,6,-14,6,-15,6,-15,7,-15,7,-15]"
CSI_DATA,21,1a:00:00:00:00:00,-69,11,0,0,0,0,0,0,0,0,0,-91,0,1,0,20814583,0,42,0,128,0,"[0,0,15,-5,15,-5,15,-5,14,-5,13,-5,12,-5,12,-5,11,-6,10,-6,9,-6,9,-7,8,-7,8,-8,8,-8,8,-8,8,-9,8,-9,8,-10,9,-10,9,-10,9,-11,9,-11,10,-10,11,-10,12,-9,12,-9,0,0,0,0,0,0,0,0,0,0,0,0,0,0,0,0,0,0,0,0,0,0,1,-4,1,-5,2,-5,3,-6,5,-6,6,-7,7,-7,8,-6,9,-6,10,-6,10,-5,11,-5,11,-5,11,-6,11,-6,12,-6,12,-5,12,-6,13,-6,13,-6,13,-7,14,-7,14,-6,14,-6,15,-6,15,-6]"
CSI_DATA,22,1a:00:00:00:00:00,-69,11,0,0,0,0,0,0,0,0,0,-91,0,1,0,20879461,0,31,0,128,0,"[0,0,16,3,17,3,18,4,16,4,14,3,14,2,14,1,16,-1,16,0,14,2,14,2,13,-1,12,-5,12,-5,11,-4,11,-4,13,-4,13,-5,13,-6,13,-6,13,-5,13,-5,14,-5,13,-6,13,-5,14,-3,0,0,0,0,0,0,0,0,0,0,0,0,0,0,0,0,0,0,0,0,0,0,2,-3,3,-3,5,-3,6,-3,8,-3,9,-2,10,-2,10,-1,11,-1,11,0,12,1,12,2,12,2,13,2,14,2,14,2,14,1,14,1,15,1,15,1,15,1,16,0,17,0,17,1,17,2,18,3]"
[0;32mI (20909) ftm_responder: Counter = 21[0m
CSI_DATA,23,1a:00:00:00:00:00,-68,11,0,0,0,0,0,0,0,0,0,-91,0,1,0,21079368,0,31,0,128,0,"[0,0,-8,14,-9,13,-9,12,-7,11,-7,11,-7,10,-5,11,-4,12,-5,12,-6,12,-5,14,-4,14,-5,11,-8,11,-6,13,-3,12,-4,13,-6,14,-6,11,-4,12,-4,15,-1,16,-2,15,-3,15,-3,15,-6,15,0,0,0,0,0,0,0,0,0,0,0,0,0,0,0,0,0,0,0,0,0,0,0,3,0,4,0,5,-1,6,-1,8,-2,8,-3,9,-3,9,-4,9,-5,9,-5,10,-6,10,-7,10,-7,11,-7,11,-8,12,-7,12,-7,12,-7,13,-7,13,-7,14,-8,13,-7,15,-7,15,-7,14,-7,14]"
CSI_DATA,24,1a:00:00:00:00:00,-69,11,0,0,0,0,0,0,0,0,0,-91,0,1,0,21280083,0,31,0,128,0,"[0,0,-15,-7,-14,-6,-14,-5,-13,-5,-13,-5,-13,-4,-12,-4,-12,-3,-12,-3,-11,-2,-11,-1,-10,0,-11,1,-11,1,-12,2,-12,2,-12,2,-12,3,-12,3,-12,6,-12,7,-13,3,-13,-1,-12,-3,-12,-2,-13,0,0,0,0,0,0,0,0,0,0,0,0,0,0,0,0,0,0,0,0,0,0,0,-3,1,-4,1,-6,1,-7,1,-8,0,-9,-1,-9,-2,-10,-2,-11,-2,-11,-3,-11,-4,-12,-4,-12,-4,-12,-4,-12,-5,-12,-5,-13,-5,-13,-5,-14,-5,-14,-5,-14,-5,-15,-4,-15,-4,-15,-4,-15,-5,-15,-5]"
CSI_DATA,25,1a:00:00:00:00:00,-69,11,0,0,0,0,0,0,0,0,0,-91,0,1,0,21481438,0,31,0,128,0,"[0,0,-16,11,-14,11,-14,13,-14,11,-14,7,-15,7,-14,8,-10,8,-9,9,-8,9,-8,8,-7,8,-6,8,-6,9,-6,11,-7,11,-6,11,-6,10,-6,11,-7,12,-7,11,-7,11,-8,11,-9,11,-9,12,-10,11,0,0,0,0,0,0,0,0,0,0,0,0,0,0,0,0,0,0,0,0,0,0,-1,3,-2,4,-3,5,-4,6,-5,6,-6,6,-7,7,-7,7,-8,7,-9,7,-10,6,-10,7,-10,7,-10,7,-11,6,-11,7,-12,7,-13,8,-13,9,-12,8,-12,8,-13,7,-13,8,-12,9,-11,9,-12,9]"
CSI_DATA,26,1a:00:00:00:00:00,-70,11,0,0,0,0,0,0,0,0,0,-91,0,1,0,21683231,0,31,0,128,0,"[0,0,-17,-1,-19,-1,-18,0,-16,-2,-14,-3,-13,-2,-12,-2,-11,-2,-12,-1,-12,0,-11,1,-11,2,-12,2,-11,1,-10,2,-9,4,-10,5,-11,4,-12,4,-12,5,-12,6,-12,5,-12,4,-12,3,-13,3,-13,3,0,0,0,0,0,0,0,0,0,0,0,0,0,0,0,0,0,0,0,0,0,0,-3,1,-4,2,-4,3,-5,3,-7,3,-8,2,-9,1,-9,1,-10,1,-11,0,-11,0,-11,0,-11,-1,-12,-1,-13,-1,-13,-1,-13,-1,-13,1,-14,2,-15,1,-15,0,-16,0,-14,0,-14,0,-16,1,-16,1]"
CSI_DATA,27,1a:00:00:00:00:00,-69,11,0,0,0,0,0,0,0,0,0,-91,0,1,0,21883494,0,31,0,128,0,"[0,0,13,5,13,6,13,5,13,4,12,3,11,4,11,4,12,4,12,4,12,3,11,2,10,1,10,0,11,-1,11,1,11,1,11,1,12,1,11,0,11,-2,10,-2,12,0,13,0,12,-1,12,1,12,2,0,0,0,0,0,0,0,0,0,0,0,0,0,0,0,0,0,0,0,0,0,0,2,-2,3,-1,4,-1,5,-1,6,-1,7,0,7,0,8,1,9,1,9,2,9,3,9,3,9,3,9,3,10,3,10,4,11,4,10,4,11,3,12,3,13,4,13,4,13,4,14,4,15,4,15,4]"
[0;32mI (21909) ftm_responder: Counter = 22[0m
CSI_DATA,28,1a:00:00:00:00:00,-69,11,0,0,0,0,0,0,0,0,0,-91,0,1,0,22084770,0,31,0,128,0,"[0,0,-16,3,-16,2,-16,2,-16,1,-15,2,-15,2,-15,3,-13,3,-13,4,-12,4,-11,4,-11,6,-11,7,-10,7,-10,7,-10,8,-10,8,-10,9,-10,9,-9,9,-10,9,-11,9,-11,9,-12,8,-13,7,-13,7,0,0,0,0,0,0,0,0,0,0,0,0,0,0,0,0,0,0,0,0,0,0,-3,2,-3,2,-5,3,-6,3,-7,3,-8,3,-9,3,-10,3,-10,2,-11,2,-11,2,-12,1,-13,2,-13,1,-14,1,-13,2,-14,2,-15,2,-16,2,-16,3,-15,4,-16,4,-17,4,-16,4,-16,4,-18,4]"
CSI_DATA,29,1a:00:00:00:00:00,-69,11,0,0,0,0,0,0,0,0,0,-91,0,1,0,22285987,0,31,0,128,0,"[0,0,1,-13,4,-14,3,-15,1,-16,0,-16,0,-16,0,-14,0,-13,-1,-13,-1,-12,-1,-12,-2,-12,-4,-12,-6,-11,-7,-10,-5,-10,-5,-11,-6,-13,-6,-13,-7,-13,-7,-14,-6,-14,-5,-14,-5,-14,-4,-14,-3,-14,0,0,0,0,0,0,0,0,0,0,0,0,0,0,0,0,0,0,0,0,0,0,-3,-3,-3,-4,-3,-5,-3,-6,-3,-7,-3,-9,-2,-9,-2,-10,-1,-10,-1,-11,0,-12,0,-12,0,-12,0,-12,0,-13,0,-14,0,-13,0,-13,0,-14,0,-15,-1,-16,-1,-16,0,-16,0,-15,0,-15,-1,-16]"
CSI_DATA,30,1a:00:00:00:00:00,-69,11,0,0,0,0,0,0,0,0,0,-91,0,1,0,22346066,0,42,0,128,0,"[0,0,-10,-14,-10,-14,-10,-14,-10,-13,-10,-13,-10,-12,-10,-12,-9,-11,-9,-10,-9,-9,-9,-9,-9,-9,-9,-8,-10,-8,-10,-7,-12,-7,-13,-6,-13,-7,-13,-7,-13,-7,-13,-6,-13,-7,-13,-7,-13,-8,-13,-9,-12,-10,0,0,0,0,0,0,0,0,0,0,0,0,0,0,0,0,0,0,0,0,0,0,-4,-2,-4,-2,-5,-3,-6,-4,-7,-5,-7,-6,-7,-7,-7,-8,-7,-9,-7,-9,-7,-10,-7,-11,-8,-11,-8,-11,-8,-11,-8,-11,-8,-11,-9,-12,-9,-13,-10,-13,-10,-13,-10,-13,-10,-13,-10,-14,-11,-14,-11,-14]"
CSI_DATA,31,1a:00:00:00:00:00,-69,11,0,0,0,0,0,0,0,0,0,-91,0,1,0,22415801,0,31,0,128,0,"[0,0,-7,-16,-6,-15,-7,-13,-8,-14,-8,-14,-8,-13,-7,-12,-6,-11,-7,-11,-6,-11,-6,-11,-7,-10,-7,-9,-9,-8,-9,-8,-9,-8,-10,-8,-11,-8,-12,-8,-11,-8,-11,-7,-10,-7,-9,-8,-10,-9,-11,-11,-11,-11,0,0,0,0,0,0,0,0,0,0,0,0,0,0,0,0,0,0,0,0,0,0,-3,-2,-4,-2,-5,-3,-5,-4,-5,-5,-6,-6,-6,-7,-6,-8,-5,-8,-5,-9,-5,-10,-5,-10,-5,-10,-5,-10,-5,-10,-5,-11,-6,-11,-6,-11,-7,-12,-6,-12,-6,-12,-7,-13,-8,-13,-9,-13,-8,-13,-7,-14]"
CSI_DATA,32,1a:00:00:00:00:00,-69,11,0,0,0,0,0,0,0,0,0,-91,0,1,0,22620096,0,31,0,128,0,"[0,0,-16,7,-14,6,-14,5,-14,4,-13,3,-13,4,-13,5,-12,5,-12,5,-12,5,-10,6,-9,6,-9,7,-10,8,-10,9,-9,9,-9,9,-10,10,-9,10,-9,9,-10,9,-10,10,-10,10,-11,9,-11,9,-12,9,0,0,0,0,0,0,0,0,0,0,0,0,0,0,0,0,0,0,0,0,0,0,-2,3,-3,3,-4,3,-4,4,-5,4,-6,4,-7,4,-8,4,-9,4,-10,4,-10,4,-11,4,-11,4,-12,4,-12,4,-13,4,-13,4,-14,4,-14,5,-13,6,-13,7,-14,7,-14,7,-15,6,-16,6,-16,6]"
CSI_DATA,33,1a:00:00:00:00:00,-69,11,0,0,0,0,0,0,0,0,0,-91,0,1,0,22821873,0,31,0,128,0,"[0,0,12,-10,12,-10,12,-10,13,-10,12,-9,11,-9,10,-9,10,-9,9,-9,8,-10,7,-11,6,-11,5,-10,5,-10,5,-11,4,-12,3,-11,5,-10,8,-12,9,-12,7,-11,6,-13,8,-14,7,-13,6,-12,6,-10,0,0,0,0,0,0,0,0,0,0,0,0,0,0,0,0,0,0,0,0,0,0,0,-4,1,-4,1,-5,2,-6,3,-6,4,-6,5,-7,5,-8,6,-8,6,-8,7,-8,8,-8,8,-8,9,-8,9,-8,9,-8,9,-9,9,-9,10,-8,10,-9,11,-10,12,-11,11,-11,11,-12,12,-13,12,-12]"
[0;32mI (22909) ftm_responder: Counter = 23[0m
CSI_DATA,34,1a:00:00:00:00:00,-69,11,0,0,0,0,0,0,0,0,0,-91,0,1,0,23018751,0,31,0,128,0,"[0,0,9,-15,10,-16,11,-13,8,-11,6,-12,5,-11,5,-12,5,-12,5,-13,5,-14,5,-14,3,-14,1,-14,0,-14,-1,-14,0,-14,0,-14,0,-14,-1,-15,-2,-15,-1,-16,0,-16,0,-15,1,-15,2,-15,2,-15,0,0,0,0,0,0,0,0,0,0,0,0,0,0,0,0,0,0,0,0,0,0,0,-4,0,-5,0,-6,0,-6,1,-7,3,-8,4,-9,4,-9,5,-9,5,-9,6,-9,6,-10,6,-11,7,-10,7,-10,7,-11,8,-13,8,-13,8,-13,8,-15,8,-16,7,-16,7,-14,7,-14,9,-15,10,-17]"
CSI_DATA,35,1a:00:00:00:00:00,-70,11,0,0,0,0,0,0,0,0,0,-91,0,1,0,23219702,0,31,0,128,0,"[0,0,-4,12,-3,13,-5,12,-4,12,-2,12,-1,12,-1,11,-2,10,-2,8,-1,8,0,10,0,11,-1,10,-1,10,1,10,2,10,1,11,1,12,1,12,1,11,1,12,2,12,1,12,0,11,-1,11,-3,12,0,0,0,0,0,0,0,0,0,0,0,0,0,0,0,0,0,0,0,0,0,0,1,1,1,2,1,3,1,4,0,4,0,5,0,6,0,7,-1,7,-1,7,-2,8,-2,8,-2,8,-2,9,-3,9,-3,9,-3,9,-2,10,-2,11,-1,11,0,11,-1,12,-3,13,-2,12,0,12,-1,11]"
CSI_DATA,36,1a:00:00:00:00:00,-69,11,0,0,0,0,0,0,0,0,0,-91,0,1,0,23420812,0,31,0,128,0,"[0,0,-14,-11,-13,-11,-13,-9,-13,-10,-14,-11,-14,-10,-13,-10,-11,-9,-11,-6,-11,-4,-11,-3,-12,-3,-13,-3,-14,-3,-14,-3,-14,-1,-15,-1,-14,0,-14,0,-15,-2,-15,-3,-15,-4,-16,-4,-16,-4,-17,-6,-18,-8,0,0,0,0,0,0,0,0,0,0,0,0,0,0,0,0,0,0,0,0,0,0,-3,-2,-4,-2,-5,-2,-6,-3,-6,-3,-7,-4,-7,-5,-8,-6,-9,-7,-9,-7,-9,-8,-8,-9,-8,-9,-9,-9,-8,-9,-8,-9,-9,-9,-10,-8,-11,-8,-12,-7,-14,-8,-15,-9,-13,-10,-13,-10,-14,-11,-15,-10]"
CSI_DATA,37,1a:00:00:00:00:00,-70,11,0,0,0,0,0,0,0,0,0,-91,0,1,0,23622190,0,31,0,128,0,"[0,0,-18,-4,-16,-4,-15,-5,-15,-6,-15,-5,-15,-4,-15,-3,-14,-3,-14,-2,-13,-2,-13,-1,-14,-1,-14,0,-13,0,-13,0,-14,0,-13,1,-14,1,-14,0,-15,0,-15,-1,-15,-1,-14,-1,-15,-2,-16,-4,-16,-4,0,0,0,0,0,0,0,0,0,0,0,0,0,0,0,0,0,0,0,0,0,0,-3,-2,-3,-2,-4,-1,-5,-1,-5,-1,-6,-1,-7,-1,-8,-1,-9,-2,-9,-2,-9,-1,-9,-1,-9,-2,-11,-3,-11,-2,-11,-1,-12,-1,-13,-2,-14,-2,-15,-2,-16,-1,-17,-2,-17,-2,-17,-2,-16,-2,-14,-3]"
CSI_DATA,38,1a:00:00:00:00:00,-71,11,0,0,0,0,0,0,0,0,0,-91,0,1,0,23823266,0,31,0,128,0,"[0,0,-13,10,-13,10,-12,10,-11,9,-12,9,-12,8,-11,8,-10,9,-9,9,-9,10,-8,10,-7,10,-6,10,-7,11,-8,10,-8,11,-8,11,-8,11,-10,12,-11,13,-12,12,-12,11,-13,12,-12,11,-12,9,-12,8,0,0,0,0,0,0,0,0,0,0,0,0,0,0,0,0,0,0,0,0,0,0,-3,0,-3,1,-4,2,-4,2,-5,3,-5,3,-6,4,-7,4,-7,4,-7,5,-7,5,-8,6,-8,6,-9,6,-9,7,-9,6,-8,5,-8,5,-9,7,-10,7,-10,8,-10,9,-10,10,-10,10,-9,10,-9,10]"
CSI_DATA,39,1a:00:00:00:00:00,-71,11,0,0,0,0,0,0,0,0,0,-91,0,1,0,23883396,0,42,0,128,0,"[0,0,11,10,11,10,11,10,11,9,11,9,11,9,12,9,12,9,12,8,12,7,12,6,12,5,13,5,14,6,14,5,14,5,15,5,15,6,15,7,16,7,17,8,15,9,13,10,13,11,13,12,13,13,0,0,0,0,0,0,0,0,0,0,0,0,0,0,0,0,0,0,0,0,0,0,0,3,1,3,2,3,2,4,3,4,3,5,3,6,4,6,4,6,4,7,4,7,5,7,5,8,5,8,6,8,6,8,7,8,8,8,9,8,8,8,8,9,9,9,10,9,11,10,12,10,12,9]"
[0;32mI (23909) ftm_responder: Counter = 24[0m
CSI_DATA,40,1a:00:00:00:00:00,-71,11,0,0,0,0,0,0,0,0,0,-91,0,1,0,23954851,0,31,0,128,0,"[0,0,6,13,6,13,6,13,5,12,5,11,5,10,6,11,7,12,6,12,7,12,8,11,7,10,6,9,8,9,10,10,10,10,10,9,10,9,10,10,10,12,10,13,10,13,9,13,8,13,7,13,6,14,0,0,0,0,0,0,0,0,0,0,0,0,0,0,0,0,0,0,0,0,0,0,-2,3,-1,3,-1,3,-1,4,-1,5,-1,5,-1,6,-1,7,-1,7,-1,8,0,8,0,8,0,8,0,9,0,9,1,9,1,9,2,10,3,10,3,9,3,8,4,9,3,10,3,10,4,11,5,11]"
CSI_DATA,41,1a:00:00:00:00:00,-70,11,0,0,0,0,0,0,0,0,0,-91,0,1,0,24156316,0,31,0,128,0,"[0,0,16,0,16,1,18,0,18,-1,17,-1,16,-3,15,-4,13,-5,12,-4,12,-3,13,-4,15,-4,17,-3,17,-3,16,-5,16,-5,17,-5,18,-5,17,-3,16,-2,17,-2,17,-2,18,-1,18,0,18,2,18,2,0,0,0,0,0,0,0,0,0,0,0,0,0,0,0,0,0,0,0,0,0,0,2,2,3,1,4,1,4,1,5,1,5,2,6,2,6,2,6,2,7,2,8,2,8,2,8,1,9,1,9,1,9,1,10,0,11,0,11,-1,11,-1,12,-1,13,-1,13,-1,13,-2,14,-2,15,-2]"
CSI_DATA,42,1a:00:00:00:00:00,-70,11,0,0,0,0,0,0,0,0,0,-91,0,1,0,24356239,0,31,0,128,0,"[0,0,-3,-12,-3,-12,-4,-13,-4,-13,-3,-12,-5,-12,-7,-12,-6,-12,-6,-11,-8,-9,-9,-11,-10,-15,-11,-12,-12,-7,-13,-7,-9,-12,-7,-14,-9,-15,-9,-13,-6,-13,-7,-16,-7,-17,-5,-14,-4,-13,-2,-15,-1,-17,0,0,0,0,0,0,0,0,0,0,0,0,0,0,0,0,0,0,0,0,0,0,1,-3,1,-3,0,-4,0,-5,0,-5,0,-6,0,-6,0,-7,0,-7,0,-7,0,-7,0,-7,0,-8,0,-9,0,-9,0,-8,0,-9,-1,-10,-2,-10,-2,-10,-3,-10,-4,-10,-4,-10,-3,-10,-4,-12,-3,-13]"
CSI_DATA,43,1a:00:00:00:00:00,-71,11,0,0,0,0,0,0,0,0,0,-91,0,1,0,24565848,0,31,0,128,0,"[0,0,-1,-10,0,-12,0,-12,0,-12,0,-13,0,-13,0,-12,-1,-13,-2,-15,-3,-14,-4,-15,-3,-15,-4,-13,-5,-13,-4,-15,-4,-15,-5,-14,-4,-15,-4,-17,-4,-18,-4,-18,-3,-17,-2,-16,-1,-16,0,-16,1,-17,0,0,0,0,0,0,0,0,0,0,0,0,0,0,0,0,0,0,0,0,0,0,3,-3,4,-3,4,-4,3,-4,3,-5,4,-6,4,-6,4,-6,4,-6,4,-6,4,-6,4,-7,4,-7,4,-7,4,-7,3,-8,3,-8,2,-8,2,-9,2,-10,3,-10,2,-10,1,-10,1,-11,1,-13,1,-13]"
CSI_DATA,44,1a:00:00:00:00:00,-71,11,0,0,0,0,0,0,0,0,0,-91,0,1,0,24757417,0,31,0,128,0,"[0,0,11,5,10,6,10,8,10,7,11,4,12,3,13,4,12,4,13,3,14,2,13,2,14,1,15,1,14,1,13,2,13,2,14,2,16,2,16,3,15,3,15,3,15,3,14,4,14,6,14,7,13,8,0,0,0,0,0,0,0,0,0,0,0,0,0,0,0,0,0,0,0,0,0,0,1,4,1,4,2,5,3,5,2,5,3,5,4,5,4,6,4,6,4,7,5,7,5,8,5,7,5,7,6,7,5,6,6,5,7,4,7,5,8,5,9,6,9,7,8,6,9,4,11,5,12,6]"
[0;32mI (24909) ftm_responder: Counter = 25[0m
CSI_DATA,45,1a:00:00:00:00:00,-70,11,0,0,0,0,0,0,0,0,0,-91,0,1,0,24958935,0,31,0,128,0,"[0,0,-11,-7,-12,-6,-13,-7,-14,-6,-15,-3,-17,-3,-16,-5,-14,-4,-14,-2,-13,0,-13,-1,-14,-2,-14,0,-14,0,-15,-1,-16,-1,-17,0,-17,1,-18,-1,-17,-1,-17,-2,-19,-3,-19,-3,-18,-3,-16,-5,-15,-7,0,0,0,0,0,0,0,0,0,0,0,0,0,0,0,0,0,0,0,0,0,0,-2,-5,-3,-5,-4,-5,-5,-6,-5,-6,-5,-6,-6,-7,-6,-8,-6,-8,-7,-7,-7,-7,-7,-8,-6,-8,-7,-7,-7,-7,-8,-7,-9,-7,-10,-7,-8,-6,-8,-6,-9,-5,-11,-4,-14,-5,-16,-7,-15,-6,-14,-4]"
CSI_DATA,46,1a:00:00:00:00:00,-71,11,0,0,0,0,0,0,0,0,0,-91,0,1,0,25159750,0,31,0,128,0,"[0,0,-13,4,-12,5,-10,7,-10,8,-11,8,-11,7,-12,7,-11,9,-10,10,-10,10,-11,9,-12,10,-11,10,-9,9,-9,11,-10,12,-12,11,-13,12,-14,13,-14,11,-13,10,-13,9,-15,9,-15,8,-15,6,-15,4,0,0,0,0,0,0,0,0,0,0,0,0,0,0,0,0,0,0,0,0,0,0,-5,1,-5,1,-5,2,-6,2,-7,2,-8,2,-8,3,-8,2,-8,3,-8,3,-8,2,-9,2,-9,2,-10,3,-10,4,-10,3,-10,3,-9,3,-10,3,-10,4,-10,4,-11,5,-11,7,-10,8,-11,8,-12,9]"
CSI_DATA,47,1a:00:00:00:00:00,-71,11,0,0,0,0,0,0,0,0,0,-91,0,1,0,25361156,0,31,0,128,0,"[0,0,9,-12,9,-12,8,-12,7,-12,7,-11,8,-11,8,-12,7,-12,7,-11,8,-11,7,-12,7,-12,7,-12,7,-13,7,-13,7,-13,6,-13,7,-14,7,-14,7,-15,8,-15,8,-15,9,-14,11,-13,12,-11,13,-10,0,0,0,0,0,0,0,0,0,0,0,0,0,0,0,0,0,0,0,0,0,0,4,-2,4,-3,5,-3,5,-4,6,-4,6,-4,7,-5,7,-5,8,-5,8,-4,8,-4,8,-4,9,-4,9,-5,10,-5,11,-6,11,-6,10,-7,9,-7,9,-8,8,-9,8,-10,10,-10,10,-12,8,-13,8,-13]"
CSI_DATA,48,1a:00:00:00:00:00,-70,11,0,0,0,0,0,0,0,0,0,-91,0,1,0,25420865,0,42,0,128,0,"[0,0,-7,13,-7,13,-7,13,-8,13,-7,14,-6,14,-5,13,-5,13,-6,14,-5,13,-4,13,-4,13,-4,13,-3,13,-2,14,-2,15,-3,15,-3,16,-4,16,-4,16,-5,15,-5,14,-6,14,-6,14,-7,14,-8,14,0,0,0,0,0,0,0,0,0,0,0,0,0,0,0,0,0,0,0,0,0,0,-3,4,-3,4,-3,5,-3,5,-4,6,-4,6,-5,7,-5,7,-5,7,-6,8,-7,8,-7,8,-7,8,-7,8,-7,8,-7,9,-6,9,-6,10,-6,11,-6,11,-6,12,-6,12,-6,13,-6,14,-5,14,-6,14]"
CSI_DATA,49,1a:00:00:00:00:00,-70,11,0,0,0,0,0,0,0,0,0,-91,0,1,0,25487502,0,31,0,128,0,"[0,0,-15,-6,-16,-7,-15,-8,-15,-7,-15,-6,-15,-7,-13,-8,-13,-5,-14,-3,-15,-3,-14,-2,-14,0,-15,-1,-15,-1,-15,-1,-14,-1,-14,0,-15,-1,-16,1,-16,1,-17,-2,-17,-5,-14,-7,-16,-7,-21,-5,-22,-7,0,0,0,0,0,0,0,0,0,0,0,0,0,0,0,0,0,0,0,0,0,0,-4,-3,-4,-3,-5,-3,-6,-3,-7,-4,-7,-5,-7,-5,-8,-5,-8,-5,-8,-6,-9,-6,-9,-6,-9,-6,-10,-6,-10,-6,-11,-6,-11,-6,-12,-6,-13,-6,-14,-6,-13,-6,-13,-5,-13,-4,-14,-4,-15,-5,-15,-5]"
CSI_DATA,50,1a:00:00:00:00:00,-69,11,0,0,0,0,0,0,0,0,0,-91,0,1,0,25687592,0,31,0,128,0,"[0,0,-9,-13,-10,-14,-9,-14,-9,-12,-10,-12,-10,-12,-11,-13,-12,-14,-11,-13,-11,-11,-11,-10,-10,-10,-11,-10,-12,-10,-12,-9,-11,-9,-11,-9,-12,-11,-12,-12,-12,-13,-13,-13,-12,-10,-14,-8,-17,-11,-14,-13,-12,-14,0,0,0,0,0,0,0,0,0,0,0,0,0,0,0,0,0,0,0,0,0,0,-1,-4,-3,-5,-5,-6,-4,-5,-3,-6,-2,-8,0,-9,-1,-8,-3,-8,-3,-9,-4,-10,-4,-9,-4,-9,-6,-10,-6,-10,-6,-11,-6,-12,-6,-11,-8,-9,-10,-10,-10,-13,-10,-14,-11,-14,-11,-13,-10,-12,-9,-12]"
CSI_DATA,51,1a:00:00:00:00:00,-70,11,0,0,0,0,0,0,0,0,0,-91,0,1,0,25891949,0,31,0,128,0,"[0,0,16,6,15,6,14,6,14,6,14,6,15,6,14,5,14,5,15,5,14,4,14,4,14,5,14,4,14,3,15,3,14,3,13,3,15,3,16,4,17,4,16,5,15,5,14,6,14,7,15,8,14,8,0,0,0,0,0,0,0,0,0,0,0,0,0,0,0,0,0,0,0,0,0,0,1,2,2,2,2,2,3,3,4,3,5,3,5,3,6,4,6,4,6,5,7,5,7,5,7,5,7,5,7,5,8,5,9,5,10,5,11,4,11,5,11,4,11,4,12,4,13,5,15,5,15,5]"
[0;32mI (25909) ftm_responder: Counter = 26[0m
CSI_DATA,52,1a:00:00:00:00:00,-69,11,0,0,0,0,0,0,0,0,0,-91,0,1,0,26090666,0,31,0,128,0,"[0,0,3,14,1,14,-1,13,-1,11,2,13,2,14,1,13,1,14,2,14,2,14,4,14,5,14,5,13,5,13,5,13,4,12,4,13,5,13,5,14,4,15,4,15,5,15,5,15,3,14,2,14,1,15,0,0,0,0,0,0,0,0,0,0,0,0,0,0,0,0,0,0,0,0,0,0,-3,2,-3,3,-3,3,-2,3,-3,4,-3,5,-3,6,-3,7,-4,6,-4,6,-5,7,-5,8,-4,8,-3,8,-3,7,-3,7,-3,8,-2,9,-3,11,-3,12,-1,12,0,11,-2,11,-2,13,-1,14,-1,14]"
CSI_DATA,53,1a:00:00:00:00:00,-70,11,0,0,0,0,0,0,0,0,0,-91,0,1,0,26292068,0,31,0,128,0,"[0,0,-5,13,-5,13,-5,13,-5,14,-5,14,-6,13,-5,12,-5,12,-5,13,-4,14,-3,13,-3,12,-2,12,-3,12,-4,13,-3,13,-2,14,-1,14,-2,14,-4,14,-4,14,-3,14,-3,14,-4,14,-5,14,-7,15,0,0,0,0,0,0,0,0,0,0,0,0,0,0,0,0,0,0,0,0,0,0,-3,2,-3,2,-3,2,-3,3,-3,4,-3,4,-3,5,-4,5,-5,5,-5,6,-6,6,-6,6,-5,7,-5,7,-5,7,-5,7,-5,8,-5,8,-4,9,-4,9,-3,9,-3,10,-3,10,-3,11,-3,13,-4,13]"
CSI_DATA,54,1a:00:00:00:00:00,-69,11,0,0,0,0,0,0,0,0,0,-91,0,1,0,26492392,0,31,0,128,0,"[0,0,5,-12,6,-11,5,-14,5,-15,6,-16,5,-15,4,-14,3,-14,1,-12,1,-12,1,-14,-1,-15,-1,-13,-2,-12,-1,-13,0,-14,0,-14,1,-15,2,-16,2,-16,2,-15,4,-14,6,-14,5,-15,6,-15,8,-15,0,0,0,0,0,0,0,0,0,0,0,0,0,0,0,0,0,0,0,0,0,0,2,-2,2,-2,2,-3,2,-4,3,-4,3,-4,4,-5,4,-5,4,-5,4,-5,4,-5,4,-6,3,-7,3,-7,3,-8,4,-8,3,-8,3,-8,4,-8,4,-9,4,-11,4,-12,3,-13,2,-13,2,-13,4,-11]"
CSI_DATA,55,1a:00:00:00:00:00,-70,11,0,0,0,0,0,0,0,0,0,-91,0,1,0,26693787,0,31,0,128,0,"[0,0,5,10,6,8,6,9,5,10,6,11,5,10,3,11,2,12,4,13,6,11,5,12,5,13,6,11,6,11,7,12,7,11,7,11,6,12,5,12,6,12,6,13,4,13,4,13,4,14,3,14,3,13,0,0,0,0,0,0,0,0,0,0,0,0,0,0,0,0,0,0,0,0,0,0,-1,2,0,2,0,3,0,3,0,3,0,4,-1,5,-1,5,0,5,0,6,0,6,0,7,0,7,0,7,0,6,1,6,1,7,1,7,1,7,1,8,2,8,4,9,4,10,4,10,4,10,5,11]"
CSI_DATA,56,1a:00:00:00:00:00,-69,11,0,0,0,0,0,0,0,0,0,-91,0,1,0,26894857,0,31,0,128,0,"[0,0,-15,-1,-15,-1,-15,-2,-16,-3,-16,-3,-16,-3,-16,-2,-16,-1,-15,-1,-15,-2,-15,-1,-15,1,-16,1,-16,1,-16,1,-17,1,-17,1,-16,1,-16,1,-16,1,-17,0,-17,0,-17,-1,-17,-3,-17,-4,-16,-5,0,0,0,0,0,0,0,0,0,0,0,0,0,0,0,0,0,0,0,0,0,0,-2,-3,-3,-3,-3,-3,-4,-3,-5,-3,-5,-4,-5,-4,-6,-5,-6,-5,-6,-5,-7,-5,-8,-5,-9,-5,-9,-5,-9,-5,-9,-5,-10,-4,-11,-3,-11,-2,-11,-2,-11,-2,-12,-2,-14,-2,-15,-2,-16,-2,-15,-2]"
[0;32mI (26919) ftm_responder: Counter = 27[0m
CSI_DATA,57,1a:00:00:00:00:00,-70,11,0,0,0,0,0,0,0,0,0,-91,0,1,0,26955240,0,42,0,128,0,"[0,0,-2,15,-2,14,-2,14,-3,14,-2,15,-1,15,-1,14,-2,14,-1,15,0,16,0,16,0,16,1,15,2,15,1,16,1,16,1,16,1,16,0,16,-1,15,-3,16,-3,18,-3,18,-4,17,-6,17,-7,16,0,0,0,0,0,0,0,0,0,0,0,0,0,0,0,0,0,0,0,0,0,0,-3,2,-2,2,-2,3,-3,3,-3,4,-3,5,-3,6,-4,6,-4,6,-5,7,-4,7,-4,7,-5,7,-4,8,-4,8,-4,8,-3,9,-4,9,-3,9,-2,10,-2,11,-3,13,-2,14,-2,14,-2,14,-2,14]"
CSI_DATA,58,1a:00:00:00:00:00,-70,11,0,0,0,0,0,0,0,0,0,-91,0,1,0,27023339,0,31,0,128,0,"[0,0,5,15,6,17,7,17,6,16,4,16,4,18,6,18,6,16,5,15,5,14,4,13,4,14,6,15,7,15,8,15,8,16,9,16,8,16,7,17,7,18,7,18,6,17,5,17,3,17,2,18,1,18,0,0,0,0,0,0,0,0,0,0,0,0,0,0,0,0,0,0,0,0,0,0,-2,2,-1,3,-1,4,-1,4,0,5,0,7,0,7,-1,7,0,7,0,8,0,8,0,9,1,8,1,8,0,9,0,10,1,10,1,11,2,12,4,12,5,12,5,11,5,12,4,13,4,13,5,13]"
CSI_DATA,59,1a:00:00:00:00:00,-70,11,0,0,0,0,0,0,0,0,0,-91,0,1,0,27228662,0,31,0,128,0,"[0,0,-15,-1,-14,-1,-14,-2,-15,-2,-15,-1,-15,0,-13,0,-12,0,-14,1,-13,0,-11,1,-13,3,-14,2,-14,1,-15,2,-14,2,-11,1,-12,2,-14,4,-16,6,-16,5,-16,4,-15,4,-15,2,-15,0,-13,-1,0,0,0,0,0,0,0,0,0,0,0,0,0,0,0,0,0,0,0,0,0,0,-2,-3,-2,-3,-3,-3,-3,-3,-4,-3,-5,-4,-5,-4,-5,-4,-5,-5,-6,-5,-6,-5,-7,-5,-7,-4,-8,-4,-7,-4,-7,-4,-8,-5,-9,-4,-10,-4,-11,-3,-11,-3,-12,-3,-12,-2,-12,-2,-13,-2,-13,-3]"
CSI_DATA,60,1a:00:00:00:00:00,-69,11,0,0,0,0,0,0,0,0,0,-91,0,1,0,27428560,0,31,0,128,0,"[0,0,11,7,11,8,11,8,11,7,11,7,11,7,10,8,11,8,11,7,11,7,11,6,11,5,10,5,10,6,12,5,13,5,13,5,13,6,12,7,10,9,10,10,11,10,10,7,10,6,12,8,13,10,0,0,0,0,0,0,0,0,0,0,0,0,0,0,0,0,0,0,0,0,0,0,-1,2,0,2,0,2,1,2,1,3,2,3,2,3,3,4,2,4,2,5,2,5,3,5,3,6,4,6,4,5,5,5,5,5,5,5,6,5,7,5,6,6,6,5,7,5,9,6,10,7,10,7]"
CSI_DATA,61,1a:00:00:00:00:00,-71,11,0,0,0,0,0,0,0,0,0,-91,0,1,0,27628012,0,31,0,128,0,"[0,0,-19,3,-17,2,-16,1,-17,2,-18,2,-18,2,-17,2,-16,2,-17,2,-16,3,-16,4,-16,5,-16,6,-16,6,-16,6,-16,6,-16,5,-17,6,-17,5,-17,5,-18,4,-18,4,-17,2,-17,1,-17,0,-16,-1,0,0,0,0,0,0,0,0,0,0,0,0,0,0,0,0,0,0,0,0,0,0,-2,-3,-3,-3,-4,-2,-4,-2,-4,-2,-5,-2,-6,-2,-6,-3,-7,-3,-8,-2,-8,-2,-9,-3,-9,-3,-10,-3,-10,-2,-10,-1,-10,-1,-11,0,-12,0,-13,1,-14,2,-14,1,-14,2,-14,3,-15,3,-15,2]"
CSI_DATA,62,1a:00:00:00:00:00,-70,11,0,0,0,0,0,0,0,0,0,-91,0,1,0,27827560,0,31,0,128,0,"[0,0,-6,12,-7,14,-8,15,-9,14,-10,10,-12,10,-13,13,-13,13,-11,12,-9,11,-7,12,-7,12,-8,11,-8,12,-6,15,-6,15,-7,12,-8,12,-10,14,-11,14,-10,13,-10,11,-11,12,-12,13,-11,13,-12,12,0,0,0,0,0,0,0,0,0,0,0,0,0,0,0,0,0,0,0,0,0,0,-4,-1,-4,-1,-4,0,-4,0,-5,1,-5,1,-6,1,-6,2,-6,2,-6,3,-6,3,-7,3,-7,3,-7,4,-7,4,-7,4,-7,4,-7,5,-6,8,-7,10,-9,8,-9,6,-9,9,-7,14,-8,15,-8,14]"
[0;32mI (27929) ftm_responder: Counter = 28[0m
CSI_DATA,63,1a:00:00:00:00:00,-71,11,0,0,0,0,0,0,0,0,0,-91,0,1,0,28029187,0,31,0,128,0,"[0,0,-8,7,-6,9,-5,12,-6,12,-6,11,-5,12,-6,12,-7,11,-8,13,-6,14,-6,12,-6,11,-5,12,-3,12,-2,11,-3,12,-4,12,-6,12,-6,12,-5,13,-5,13,-4,12,-4,13,-5,13,-6,14,-8,16,0,0,0,0,0,0,0,0,0,0,0,0,0,0,0,0,0,0,0,0,0,0,-3,-2,-3,-2,-4,-2,-4,-2,-4,-2,-5,-2,-5,-1,-6,0,-6,-1,-6,-1,-6,-1,-6,0,-6,1,-7,1,-8,2,-8,2,-7,2,-7,3,-8,5,-9,5,-9,5,-8,7,-6,9,-4,11,-6,11,-9,9]"
CSI_DATA,64,1a:00:00:00:00:00,-72,11,0,0,0,0,0,0,0,0,0,-91,0,1,0,28230070,0,31,0,128,0,"[0,0,-3,-16,-2,-17,-1,-18,-1,-16,0,-15,0,-15,-2,-15,-2,-16,-1,-16,-2,-15,-3,-14,-3,-15,-4,-15,-4,-16,-5,-17,-5,-17,-6,-17,-6,-18,-4,-18,-4,-19,-4,-19,-2,-17,0,-15,1,-17,1,-19,1,-20,0,0,0,0,0,0,0,0,0,0,0,0,0,0,0,0,0,0,0,0,0,0,4,-2,4,-2,4,-3,4,-3,4,-4,4,-4,4,-5,5,-5,4,-5,4,-5,3,-6,4,-7,4,-8,5,-9,4,-9,3,-10,2,-10,1,-10,1,-10,2,-10,2,-11,2,-12,0,-12,0,-14,0,-16,-1,-17]"
CSI_DATA,65,1a:00:00:00:00:00,-72,11,0,0,0,0,0,0,0,0,0,-91,0,1,0,28431485,0,31,0,128,0,"[0,0,7,-12,8,-10,7,-10,6,-10,7,-12,7,-12,7,-11,5,-11,4,-12,4,-13,3,-13,2,-13,2,-13,1,-13,1,-14,1,-15,1,-16,2,-16,2,-16,2,-16,1,-16,0,-17,1,-18,2,-18,4,-18,5,-18,0,0,0,0,0,0,0,0,0,0,0,0,0,0,0,0,0,0,0,0,0,0,4,1,3,1,4,0,4,0,5,-1,5,-1,5,-2,6,-1,6,-1,6,-1,6,-1,6,-2,7,-3,8,-3,8,-4,7,-4,6,-5,6,-6,6,-7,6,-8,7,-8,7,-8,6,-9,6,-8,7,-9,9,-10]"
CSI_DATA,66,1a:00:00:00:00:00,-73,11,0,0,0,0,0,0,0,0,0,-91,0,1,0,28491196,0,42,0,128,0,"[0,0,-14,-8,-14,-7,-15,-7,-14,-7,-13,-7,-13,-8,-14,-8,-14,-7,-13,-5,-14,-4,-14,-4,-14,-4,-15,-3,-15,-3,-15,-4,-15,-5,-16,-5,-17,-5,-17,-6,-18,-7,-18,-8,-17,-8,-16,-9,-17,-10,-17,-11,-17,-12,0,0,0,0,0,0,0,0,0,0,0,0,0,0,0,0,0,0,0,0,0,0,-3,-6,-3,-6,-4,-6,-4,-6,-5,-6,-6,-6,-6,-6,-5,-7,-5,-7,-6,-7,-5,-7,-5,-6,-6,-6,-7,-6,-7,-6,-8,-6,-9,-6,-10,-6,-10,-7,-10,-6,-10,-6,-11,-5,-12,-5,-13,-5,-14,-5,-15,-6]"
CSI_DATA,67,1a:00:00:00:00:00,-73,11,0,0,0,0,0,0,0,0,0,-91,0,1,0,28562411,0,31,0,128,0,"[0,0,-4,-14,-5,-14,-5,-14,-5,-13,-4,-13,-3,-15,-4,-16,-5,-14,-6,-11,-5,-13,-7,-14,-8,-13,-8,-12,-10,-12,-11,-12,-11,-12,-11,-13,-11,-15,-10,-16,-9,-16,-9,-15,-9,-15,-6,-15,-4,-17,-3,-19,-2,-20,0,0,0,0,0,0,0,0,0,0,0,0,0,0,0,0,0,0,0,0,0,0,2,-6,2,-6,2,-6,1,-7,1,-7,1,-7,1,-7,1,-7,1,-8,1,-8,1,-9,1,-8,0,-8,-1,-8,-2,-9,-2,-9,-2,-9,-3,-10,-4,-10,-4,-10,-5,-11,-4,-13,-4,-14,-5,-14,-5,-15,-5,-15]"
CSI_DATA,68,1a:00:00:00:00:00,-72,11,0,0,0,0,0,0,0,0,0,-91,0,1,0,28759426,0,31,0,128,0,"[0,0,-13,3,-13,4,-13,4,-12,4,-12,3,-12,3,-12,2,-12,2,-12,3,-12,4,-12,3,-12,3,-11,4,-11,5,-12,5,-12,5,-12,4,-13,2,-17,2,-20,3,-21,2,-19,0,-16,2,-12,-1,-12,-5,-12,-5,0,0,0,0,0,0,0,0,0,0,0,0,0,0,0,0,0,0,0,0,0,0,-6,0,-6,0,-6,1,-6,1,-6,1,-6,1,-7,1,-7,1,-7,1,-7,1,-7,2,-7,2,-7,1,-6,1,-6,2,-6,2,-6,3,-7,2,-8,2,-9,3,-10,4,-11,4,-11,3,-11,3,-11,3,-10,4]"
[0;32mI (28929) ftm_responder: Counter = 29[0m
CSI_DATA,69,1a:00:00:00:00:00,-72,11,0,0,0,0,0,0,0,0,0,-91,0,1,0,28964392,0,31,0,128,0,"[0,0,1,-16,2,-15,2,-15,2,-15,1,-14,0,-14,-1,-14,-2,-14,-3,-14,-3,-14,-4,-14,-5,-14,-6,-15,-7,-15,-9,-14,-9,-14,-6,-16,-6,-19,-8,-19,-10,-19,-14,-20,-17,-20,-12,-20,-6,-20,-2,-19,3,-17,0,0,0,0,0,0,0,0,0,0,0,0,0,0,0,0,0,0,0,0,0,0,7,-1,6,-1,6,-1,7,-1,6,-2,6,-3,7,-4,7,-4,7,-4,7,-5,6,-6,6,-7,5,-6,5,-7,5,-7,5,-8,4,-9,4,-10,3,-11,3,-11,2,-11,1,-13,2,-15,4,-15,4,-16,2,-16]"
CSI_DATA,70,1a:00:00:00:00:00,-72,11,0,0,0,0,0,0,0,0,0,-91,0,1,0,29165029,0,31,0,128,0,"[0,0,7,-12,7,-12,6,-11,6,-10,6,-11,6,-12,7,-13,8,-12,9,-11,9,-12,8,-12,8,-11,12,-10,12,-10,8,-10,6,-11,7,-12,10,-13,7,-13,6,-11,8,-8,11,-6,10,-8,12,-12,16,-14,16,-13,0,0,0,0,0,0,0,0,0,0,0,0,0,0,0,0,0,0,0,0,0,0,3,-4,3,-4,3,-5,3,-5,3,-5,4,-5,5,-5,5,-4,4,-5,4,-6,3,-6,2,-5,2,-5,4,-6,4,-7,3,-7,3,-7,3,-7,3,-8,2,-9,2,-9,3,-9,4,-11,5,-13,6,-12,6,-13]"
CSI_DATA,71,1a:00:00:00:00:00,-73,11,0,0,0,0,0,0,0,0,0,-91,0,1,0,29362564,0,31,0,128,0,"[0,0,13,3,13,6,14,3,16,1,16,1,16,2,14,3,10,6,10,7,13,5,12,3,12,2,12,2,13,1,14,-1,15,0,15,2,15,2,15,3,16,6,16,7,16,6,16,6,16,6,18,7,19,8,0,0,0,0,0,0,0,0,0,0,0,0,0,0,0,0,0,0,0,0,0,0,1,5,1,5,2,5,2,6,3,6,3,5,3,5,3,6,3,6,3,6,3,7,4,7,5,6,6,6,7,6,7,6,7,4,7,4,7,3,6,2,7,2,10,3,11,5,10,7,12,8,15,9]"
CSI_DATA,72,1a:00:00:00:00:00,-73,11,0,0,0,0,0,0,0,0,0,-91,0,1,0,29563698,0,31,0,128,0,"[0,0,6,-12,3,-12,2,-12,3,-12,3,-11,3,-10,5,-10,5,-10,4,-9,2,-9,0,-9,0,-10,-1,-13,-1,-15,0,-14,0,-14,-1,-12,-1,-12,-1,-13,0,-13,2,-13,4,-12,4,-12,3,-14,3,-14,4,-13,0,0,0,0,0,0,0,0,0,0,0,0,0,0,0,0,0,0,0,0,0,0,4,-2,4,-2,3,-2,4,-3,4,-3,4,-3,3,-4,3,-4,3,-4,4,-4,4,-5,4,-5,4,-5,4,-4,3,-5,3,-6,3,-7,3,-7,3,-8,3,-8,2,-8,3,-8,3,-8,2,-8,3,-9,4,-8]"
CSI_DATA,73,1a:00:00:00:00:00,-73,11,0,0,0,0,0,0,0,0,0,-91,0,1,0,29764867,0,31,0,128,0,"[0,0,-7,11,-7,12,-7,11,-7,11,-7,12,-6,12,-6,12,-5,12,-5,11,-4,11,-4,11,-4,11,-3,11,-3,11,-3,13,-3,14,-4,15,-4,16,-5,16,-5,16,-5,16,-5,16,-7,16,-9,16,-10,16,-11,15,0,0,0,0,0,0,0,0,0,0,0,0,0,0,0,0,0,0,0,0,0,0,-6,1,-6,2,-6,2,-6,3,-7,3,-6,4,-6,4,-7,4,-7,4,-7,4,-7,4,-8,5,-8,6,-7,6,-6,5,-5,5,-5,6,-6,7,-7,8,-6,8,-6,9,-6,10,-5,10,-5,10,-4,10,-4,10]"
[0;32mI (29929) ftm_responder: Counter = 30[0m
CSI_DATA,74,1a:00:00:00:00:00,-72,11,0,0,0,0,0,0,0,0,0,-91,0,1,0,29966410,0,31,0,128,0,"[0,0,-2,-17,-3,-17,-2,-16,1,-15,0,-15,-3,-16,-4,-15,-5,-14,-5,-14,-5,-12,-4,-12,-4,-13,-6,-13,-7,-13,-7,-14,-7,-15,-7,-15,-8,-15,-8,-15,-8,-16,-8,-18,-8,-21,-7,-20,-5,-20,-2,-21,0,-21,0,0,0,0,0,0,0,0,0,0,0,0,0,0,0,0,0,0,0,0,0,0,6,-4,5,-4,5,-5,5,-5,5,-6,5,-6,4,-7,4,-7,4,-7,4,-7,5,-8,5,-8,3,-8,2,-8,2,-8,2,-8,0,-8,0,-9,0,-10,1,-12,2,-13,2,-14,0,-14,-2,-14,-2,-13,-1,-14]"
CSI_DATA,75,1a:00:00:00:00:00,-73,11,0,0,0,0,0,0,0,0,0,-91,0,1,0,30025895,0,42,0,128,0,"[0,0,-1,-16,-1,-16,-1,-16,0,-16,0,-16,0,-15,0,-15,-1,-15,-1,-15,-2,-15,-3,-15,-4,-14,-5,-14,-6,-15,-7,-16,-8,-16,-8,-16,-8,-16,-8,-17,-9,-20,-8,-21,-7,-20,-6,-20,-6,-20,-4,-20,-1,-20,0,0,0,0,0,0,0,0,0,0,0,0,0,0,0,0,0,0,0,0,0,0,6,-4,6,-4,6,-5,5,-5,5,-5,6,-6,6,-6,5,-7,5,-7,5,-7,5,-7,5,-8,4,-8,4,-8,3,-9,4,-10,3,-10,2,-10,2,-11,2,-11,0,-12,-1,-12,0,-13,0,-14,-1,-14,-2,-15]"
CSI_DATA,76,1a:00:00:00:00:00,-72,11,0,0,0,0,0,0,0,0,0,-91,0,1,0,30095129,0,31,0,128,0,"[0,0,-15,8,-11,9,-9,10,-10,12,-12,12,-12,10,-10,9,-10,8,-10,6,-7,7,-8,6,-10,7,-7,11,-6,13,-6,12,-6,10,-7,12,-7,14,-8,14,-10,15,-11,15,-10,15,-11,15,-12,14,-13,14,-13,14,0,0,0,0,0,0,0,0,0,0,0,0,0,0,0,0,0,0,0,0,0,0,-7,-2,-6,-2,-6,-2,-6,-1,-7,-1,-7,0,-8,1,-8,0,-9,0,-9,0,-9,1,-8,0,-8,1,-8,3,-10,4,-12,4,-12,3,-12,1,-10,2,-7,5,-7,6,-9,7,-10,8,-8,8,-9,10,-12,12]"
CSI_DATA,77,1a:00:00:00:00:00,-73,11,0,0,0,0,0,0,0,0,0,-91,0,1,0,30303451,0,31,0,128,0,"[0,0,-13,4,-14,4,-13,4,-12,4,-13,3,-14,3,-12,4,-10,5,-10,5,-11,5,-10,8,-9,8,-9,7,-10,7,-10,8,-10,9,-11,11,-13,12,-13,10,-13,10,-13,10,-14,9,-15,9,-18,9,-18,7,-18,6,0,0,0,0,0,0,0,0,0,0,0,0,0,0,0,0,0,0,0,0,0,0,-5,-5,-5,-5,-6,-5,-7,-4,-7,-4,-7,-4,-7,-4,-7,-4,-7,-4,-8,-3,-8,-4,-8,-4,-8,-3,-9,-2,-9,-1,-9,-1,-10,0,-11,1,-10,1,-9,2,-10,2,-11,3,-12,3,-11,3,-11,3,-13,3]"
CSI_DATA,78,1a:00:00:00:00:00,-73,11,0,0,0,0,0,0,0,0,0,-91,0,1,0,30507917,0,31,0,128,0,"[0,0,10,11,10,10,11,8,11,7,11,9,10,9,9,8,9,8,10,7,10,4,11,3,12,3,12,5,12,5,12,4,12,4,13,4,14,7,15,9,16,7,16,8,15,10,15,10,14,11,13,12,12,13,0,0,0,0,0,0,0,0,0,0,0,0,0,0,0,0,0,0,0,0,0,0,-1,6,0,6,0,6,1,6,1,6,1,7,1,7,1,7,1,6,1,6,1,6,1,6,2,5,4,5,4,6,4,6,4,6,6,6,6,7,6,7,7,7,8,8,9,6,10,6,11,7,11,7]"
CSI_DATA,79,1a:00:00:00:00:00,-72,11,0,0,0,0,0,0,0,0,0,-91,0,1,0,30699101,0,31,0,128,0,"[0,0,-12,9,-13,10,-13,14,-8,14,-6,10,-7,8,-6,7,-5,6,-8,6,-9,7,-6,8,-1,8,2,8,1,8,0,12,-2,16,-3,15,-4,14,-6,13,-6,13,-6,13,-8,13,-8,14,-9,15,-12,14,-15,12,0,0,0,0,0,0,0,0,0,0,0,0,0,0,0,0,0,0,0,0,0,0,-8,0,-7,0,-7,0,-6,0,-6,0,-7,0,-8,0,-9,0,-9,1,-7,-1,-5,-1,-4,1,-6,2,-10,1,-9,0,-7,1,-8,3,-7,5,-5,6,-3,7,-3,7,-6,8,-6,11,-5,14,-5,11,-7,7]"
CSI_DATA,80,1a:00:00:00:00:00,-73,11,0,0,0,0,0,0,0,0,0,-91,0,1,0,30900806,0,31,0,128,0,"[0,0,-5,-13,-7,-12,-7,-11,-5,-12,-6,-10,-7,-10,-6,-13,-5,-14,-7,-13,-8,-12,-9,-11,-10,-11,-10,-10,-10,-9,-10,-9,-10,-10,-11,-10,-12,-11,-12,-12,-11,-12,-11,-13,-11,-15,-10,-16,-9,-16,-9,-15,-7,-16,0,0,0,0,0,0,0,0,0,0,0,0,0,0,0,0,0,0,0,0,0,0,3,-5,2,-6,2,-6,1,-6,0,-6,0,-7,0,-7,1,-7,0,-7,0,-7,0,-8,0,-8,-1,-8,-2,-8,-3,-7,-3,-8,-3,-10,-3,-10,-4,-7,-5,-7,-6,-10,-6,-12,-8,-13,-8,-14,-8,-14,-9,-13]"
[0;32mI (30929) ftm_responder: Counter = 31[0m
CSI_DATA,81,1a:00:00:00:00:00,-72,11,0,0,0,0,0,0,0,0,0,-91,0,1,0,31101119,0,31,0,128,0,"[0,0,12,1,14,1,13,3,12,2,11,1,11,3,11,2,11,2,11,3,13,2,14,0,11,-1,11,-2,13,-4,13,-4,12,-3,12,-5,13,-6,16,-5,18,-4,17,-4,15,-4,14,-1,17,-1,19,0,17,3,0,0,0,0,0,0,0,0,0,0,0,0,0,0,0,0,0,0,0,0,0,0,-1,5,0,5,1,5,2,5,2,5,1,5,1,5,2,5,3,6,3,6,3,5,4,4,5,5,4,6,5,5,6,4,6,5,7,6,7,5,8,3,8,4,8,6,8,5,9,5,12,5,11,3]"
CSI_DATA,82,1a:00:00:00:00:00,-73,11,0,0,0,0,0,0,0,0,0,-91,0,1,0,31302784,0,31,0,128,0,"[0,0,-14,-8,-13,-9,-13,-9,-13,-8,-13,-7,-14,-7,-13,-6,-12,-6,-13,-6,-13,-5,-13,-5,-13,-5,-13,-4,-13,-4,-14,-4,-15,-4,-16,-4,-16,-4,-15,-4,-15,-4,-16,-4,-17,-6,-17,-9,-17,-9,-17,-9,-17,-11,0,0,0,0,0,0,0,0,0,0,0,0,0,0,0,0,0,0,0,0,0,0,-2,-7,-2,-7,-3,-7,-3,-6,-3,-6,-3,-6,-3,-6,-3,-7,-4,-7,-4,-7,-4,-7,-4,-7,-5,-7,-6,-6,-7,-6,-7,-6,-7,-7,-8,-7,-9,-7,-10,-7,-11,-5,-10,-5,-11,-7,-13,-7,-14,-7,-14,-7]"
CSI_DATA,83,1a:00:00:00:00:00,-72,11,0,0,0,0,0,0,0,0,0,-91,0,1,0,31503582,0,31,0,128,0,"[0,0,-16,-6,-14,-3,-14,-4,-14,-5,-15,-6,-16,-6,-17,-4,-15,-2,-13,-1,-13,-1,-14,0,-14,1,-13,1,-13,1,-15,1,-16,1,-16,1,-18,1,-18,0,-17,0,-16,0,-16,1,-18,0,-19,-1,-19,-3,-19,-5,0,0,0,0,0,0,0,0,0,0,0,0,0,0,0,0,0,0,0,0,0,0,-5,-5,-5,-5,-6,-5,-6,-5,-6,-5,-7,-5,-7,-6,-7,-6,-8,-6,-8,-5,-8,-5,-8,-5,-8,-5,-8,-6,-8,-5,-10,-4,-13,-4,-13,-4,-12,-3,-14,-1,-16,0,-16,0,-14,-1,-13,-2,-13,-2,-14,-4]"
CSI_DATA,84,1a:00:00:00:00:00,-72,11,0,0,0,0,0,0,0,0,0,-91,0,1,0,31563344,0,42,0,128,0,"[0,0,-14,8,-14,9,-13,9,-13,8,-13,7,-13,7,-13,8,-12,8,-12,8,-13,8,-13,8,-12,8,-11,9,-11,9,-11,9,-11,10,-13,10,-13,11,-13,11,-14,11,-14,10,-14,10,-16,10,-17,9,-16,8,-15,7,0,0,0,0,0,0,0,0,0,0,0,0,0,0,0,0,0,0,0,0,0,0,-8,0,-7,0,-7,0,-8,1,-8,1,-8,2,-9,2,-9,2,-9,2,-10,1,-10,2,-9,2,-9,2,-9,3,-9,4,-10,4,-11,4,-10,5,-10,6,-10,6,-11,6,-12,7,-11,9,-11,8,-11,8,-12,9]"
CSI_DATA,85,1a:00:00:00:00:00,-72,11,0,0,0,0,0,0,0,0,0,-91,0,1,0,31631715,0,31,0,128,0,"[0,0,9,-14,9,-12,9,-10,10,-11,11,-13,10,-14,6,-12,6,-12,6,-13,6,-12,5,-11,5,-12,5,-12,5,-12,5,-14,4,-15,3,-15,3,-15,3,-15,4,-16,6,-16,5,-17,6,-19,9,-18,11,-15,10,-13,0,0,0,0,0,0,0,0,0,0,0,0,0,0,0,0,0,0,0,0,0,0,5,-2,5,-2,5,-3,6,-3,7,-4,7,-5,7,-5,7,-4,7,-5,7,-5,8,-5,7,-5,7,-6,6,-6,6,-7,7,-7,7,-7,6,-7,6,-8,6,-9,6,-10,6,-11,6,-11,6,-10,7,-10,8,-11]"
CSI_DATA,86,1a:00:00:00:00:00,-72,11,0,0,0,0,0,0,0,0,0,-91,0,1,0,31833608,0,31,0,128,0,"[0,0,13,1,14,-1,13,0,13,1,14,-1,13,-2,11,-1,10,-3,10,-4,10,-3,12,-4,12,-5,11,-5,11,-5,11,-6,12,-5,11,-6,8,-8,9,-10,12,-11,12,-10,12,-8,16,-9,20,-9,21,-7,22,-4,0,0,0,0,0,0,0,0,0,0,0,0,0,0,0,0,0,0,0,0,0,0,3,6,3,6,4,5,5,6,6,5,5,5,5,5,5,6,6,6,6,6,6,5,8,5,8,4,8,4,8,4,9,4,9,4,9,3,9,2,11,1,12,1,12,0,14,-1,15,0,16,1,16,0]"
[0;32mI (31939) ftm_responder: Counter = 32[0m
CSI_DATA,87,1a:00:00:00:00:00,-71,11,0,0,0,0,0,0,0,0,0,-91,0,1,0,32044007,0,31,0,128,0,"[0,0,10,7,9,6,12,6,14,6,14,6,15,6,15,3,13,0,12,-1,11,2,10,3,10,4,10,5,11,4,12,3,13,2,13,2,14,2,15,3,15,4,16,5,18,5,17,7,16,8,15,9,14,11,0,0,0,0,0,0,0,0,0,0,0,0,0,0,0,0,0,0,0,0,0,0,3,5,4,4,4,4,5,5,5,5,5,5,5,5,5,5,6,6,6,6,6,6,6,6,6,6,6,6,7,6,7,6,8,6,9,5,9,5,9,3,11,3,12,4,12,5,12,6,12,6,12,5]"
CSI_DATA,88,1a:00:00:00:00:00,-70,11,0,0,0,0,0,0,0,0,0,-91,0,1,0,32235968,0,31,0,128,0,"[0,0,11,5,11,4,10,4,11,4,11,5,10,5,10,4,10,4,10,5,10,6,10,5,8,3,6,2,7,2,10,2,11,1,11,1,12,0,14,-2,13,0,12,2,11,2,11,3,11,4,12,6,12,8,0,0,0,0,0,0,0,0,0,0,0,0,0,0,0,0,0,0,0,0,0,0,3,3,4,3,4,3,4,4,5,4,5,4,5,4,5,4,5,5,5,5,5,5,5,5,5,5,6,5,6,5,6,5,7,5,7,4,7,4,7,4,8,4,8,5,9,4,10,5,11,5,11,4]"
CSI_DATA,89,1a:00:00:00:00:00,-72,11,0,0,0,0,0,0,0,0,0,-91,0,1,0,32435046,0,31,0,128,0,"[0,0,-8,-13,-8,-14,-9,-12,-13,-9,-11,-9,-4,-11,-4,-11,-6,-10,-8,-10,-8,-8,-7,-9,-8,-9,-10,-9,-10,-10,-11,-11,-12,-12,-11,-10,-11,-8,-13,-8,-13,-11,-11,-13,-10,-14,-12,-14,-13,-13,-11,-13,-10,-14,0,0,0,0,0,0,0,0,0,0,0,0,0,0,0,0,0,0,0,0,0,0,-3,-10,-3,-10,-2,-10,-2,-11,-2,-12,-2,-13,-2,-12,-2,-12,-2,-12,-2,-13,-2,-13,-2,-13,-3,-13,-3,-12,-3,-11,-5,-11,-6,-10,-7,-9,-6,-10,-3,-11,-2,-11,-5,-12,-8,-13,-9,-14,-9,-14,-9,-13]"
CSI_DATA,90,1a:00:00:00:00:00,-72,11,0,0,0,0,0,0,0,0,0,-91,0,1,0,32636182,0,31,0,128,0,"[0,0,7,4,8,6,8,7,6,7,6,7,7,5,8,2,11,1,11,2,10,0,12,-3,11,-3,10,-2,10,-3,9,-3,9,-2,11,-1,12,-1,12,-2,14,-4,16,-6,17,-5,17,-3,16,-2,16,1,16,3,0,0,0,0,0,0,0,0,0,0,0,0,0,0,0,0,0,0,0,0,0,0,2,11,1,12,1,13,1,13,0,13,-1,14,-1,15,-2,14,-2,13,-2,13,-2,13,-2,13,-1,13,-1,12,-1,12,-1,11,0,11,0,11,2,10,3,10,3,10,3,9,3,9,4,9,5,8,6,8]"
CSI_DATA,91,1a:00:00:00:00:00,-74,11,0,0,0,0,0,0,0,0,0,-91,0,1,0,32837535,0,31,0,128,0,"[0,0,-1,10,-1,8,-1,8,1,8,2,6,-1,6,-1,8,-1,8,0,7,1,5,2,4,3,4,5,5,5,5,7,4,7,3,8,4,9,2,10,2,10,4,12,6,13,6,12,7,10,9,9,11,10,13,0,0,0,0,0,0,0,0,0,0,0,0,0,0,0,0,0,0,0,0,0,0,5,11,5,11,4,11,5,12,5,13,4,14,3,14,2,15,1,15,1,15,-1,16,-2,15,-1,15,0,13,0,13,-1,14,-2,13,-2,13,0,14,2,14,4,12,3,11,1,11,0,12,1,12,3,12]"
[0;32mI (32939) ftm_responder: Counter = 33[0m
CSI_DATA,92,1a:00:00:00:00:00,-70,11,0,0,0,0,0,0,0,0,0,-91,0,1,0,33038459,0,31,0,128,0,"[0,0,2,-15,3,-14,3,-13,1,-13,0,-15,0,-16,0,-15,0,-13,-1,-12,-2,-12,-3,-12,-3,-12,-4,-13,-5,-12,-4,-12,-4,-12,-6,-11,-7,-11,-7,-13,-7,-14,-6,-13,-5,-13,-4,-14,-3,-15,-3,-15,-4,-15,0,0,0,0,0,0,0,0,0,0,0,0,0,0,0,0,0,0,0,0,0,0,-1,-7,-1,-7,-1,-8,0,-9,0,-10,1,-10,2,-11,2,-11,2,-12,2,-12,3,-12,4,-12,4,-12,3,-12,1,-12,1,-12,2,-12,2,-13,1,-13,0,-14,0,-15,0,-15,1,-15,1,-16,1,-18,1,-19]"
CSI_DATA,93,1a:00:00:00:00:00,-70,11,0,0,0,0,0,0,0,0,0,-91,0,1,0,33098329,0,42,0,128,0,"[0,0,-16,2,-17,1,-17,1,-17,1,-16,0,-16,-1,-17,1,-16,2,-14,2,-12,2,-12,2,-14,3,-14,3,-15,3,-16,2,-14,3,-12,3,-13,3,-14,3,-15,3,-15,2,-15,3,-15,2,-15,1,-15,0,-15,0,0,0,0,0,0,0,0,0,0,0,0,0,0,0,0,0,0,0,0,0,0,0,-5,3,-6,3,-7,3,-8,3,-10,3,-11,3,-12,2,-13,2,-12,2,-12,1,-12,1,-13,0,-13,0,-13,-1,-13,-1,-13,-1,-14,0,-15,1,-15,1,-16,1,-16,1,-16,2,-16,3,-17,1,-18,1,-19,3]"
CSI_DATA,94,1a:00:00:00:00:00,-68,11,0,0,0,0,0,0,0,0,0,-91,0,1,0,33170406,0,31,0,128,0,"[0,0,10,14,10,11,9,11,9,13,11,13,10,9,9,9,7,10,6,10,7,9,7,7,7,7,6,8,7,9,8,7,9,7,8,8,8,9,9,9,9,8,8,8,7,8,7,8,6,9,6,10,5,10,0,0,0,0,0,0,0,0,0,0,0,0,0,0,0,0,0,0,0,0,0,0,5,-2,6,-2,7,-1,8,-1,9,1,9,1,10,2,11,2,11,4,10,5,9,6,9,6,9,6,9,7,10,7,10,7,11,7,11,6,11,6,11,8,12,9,14,9,13,8,11,8,10,9,11,10]"
CSI_DATA,95,1a:00:00:00:00:00,-66,11,0,0,0,0,0,0,0,0,0,-91,0,1,0,33371081,0,31,0,128,0,"[0,0,-16,4,-16,3,-17,4,-17,4,-16,3,-15,4,-14,4,-14,3,-13,4,-14,3,-13,3,-12,4,-12,5,-12,5,-11,5,-10,5,-9,5,-10,5,-10,5,-10,6,-11,6,-10,5,-9,3,-8,3,-8,3,-8,3,0,0,0,0,0,0,0,0,0,0,0,0,0,0,0,0,0,0,0,0,0,0,-6,3,-7,3,-8,3,-9,3,-10,3,-11,3,-11,2,-12,2,-12,2,-13,1,-13,1,-13,1,-13,1,-14,2,-14,2,-13,2,-14,2,-14,3,-15,3,-15,4,-16,4,-16,4,-16,5,-16,5,-16,5,-16,5]"
CSI_DATA,96,1a:00:00:00:00:00,-65,11,0,0,0,0,0,0,0,0,0,-91,0,1,0,33568727,0,31,0,128,0,"[0,0,-16,2,-15,2,-13,1,-14,2,-15,3,-15,4,-13,3,-13,1,-12,1,-10,1,-9,1,-9,1,-10,0,-10,1,-10,3,-8,4,-8,4,-9,4,-9,1,-8,0,-8,1,-8,2,-9,1,-9,1,-5,0,-4,0,0,0,0,0,0,0,0,0,0,0,0,0,0,0,0,0,0,0,0,0,0,0,-4,3,-5,3,-6,3,-7,4,-7,4,-8,4,-8,3,-9,3,-10,3,-12,2,-13,2,-12,2,-12,3,-13,4,-12,3,-12,2,-12,2,-13,3,-13,4,-13,4,-14,3,-16,3,-17,5,-17,6,-15,4,-14,3]"
CSI_DATA,97,1a:00:00:00:00:00,-67,11,0,0,0,0,0,0,0,0,0,-91,0,1,0,33769369,0,31,0,128,0,"[0,0,11,-15,12,-15,12,-13,11,-13,11,-13,11,-12,10,-11,9,-10,8,-12,7,-12,7,-11,9,-9,8,-8,5,-8,4,-9,5,-9,6,-10,4,-11,2,-11,3,-9,3,-7,2,-7,2,-8,2,-8,3,-8,4,-9,0,0,0,0,0,0,0,0,0,0,0,0,0,0,0,0,0,0,0,0,0,0,2,-5,3,-6,3,-6,4,-7,5,-7,5,-7,6,-8,7,-8,7,-8,8,-8,8,-8,9,-8,9,-8,9,-8,9,-9,9,-9,9,-9,9,-10,10,-10,10,-11,9,-11,9,-12,10,-13,11,-13,12,-13,12,-14]"
[0;32mI (33939) ftm_responder: Counter = 34[0m
CSI_DATA,98,1a:00:00:00:00:00,-67,11,0,0,0,0,0,0,0,0,0,-91,0,1,0,33970818,0,31,0,128,0,"[0,0,-14,8,-13,10,-13,9,-14,7,-14,9,-13,10,-14,10,-14,9,-14,7,-13,6,-12,6,-10,7,-10,7,-9,6,-9,6,-8,6,-7,7,-7,7,-7,6,-7,6,-7,7,-7,8,-7,8,-6,5,-7,4,-6,4,0,0,0,0,0,0,0,0,0,0,0,0,0,0,0,0,0,0,0,0,0,0,-4,4,-4,5,-5,5,-6,5,-7,5,-8,6,-9,6,-10,6,-10,6,-10,5,-11,5,-11,5,-12,5,-11,5,-11,6,-11,6,-12,7,-12,6,-12,6,-13,7,-12,7,-11,8,-12,10,-13,10,-13,9,-14,8]"
CSI_DATA,99,1a:00:00:00:00:00,-68,11,0,0,0,0,0,0,0,0,0,-91,0,1,0,34171759,0,31,0,128,0,"[0,0,-14,6,-14,6,-14,6,-12,7,-13,7,-13,6,-12,6,-11,7,-10,8,-10,9,-11,8,-10,8,-9,8,-9,8,-10,10,-10,10,-9,10,-9,10,-9,11,-9,12,-10,12,-11,11,-11,11,-11,11,-12,10,-14,9,0,0,0,0,0,0,0,0,0,0,0,0,0,0,0,0,0,0,0,0,0,0,-4,2,-4,2,-5,2,-6,2,-7,2,-8,2,-9,2,-9,2,-9,1,-9,1,-10,1,-11,1,-11,1,-11,1,-11,2,-11,2,-12,3,-12,4,-11,4,-11,4,-12,5,-13,6,-13,6,-13,7,-14,6,-14,5]"
CSI_DATA,100,1a:00:00:00:00:00,-70,11,0,0,0,0,0,0,0,0,0,-91,0,1,0,34372907,0,31,0,128,0,"[0,0,10,-10,9,-11,8,-10,8,-8,8,-8,7,-8,5,-10,6,-12,6,-14,6,-13,6,-11,5,-11,3,-13,3,-14,5,-14,5,-14,5,-15,5,-16,6,-15,6,-16,7,-16,7,-16,9,-16,10,-16,12,-16,13,-15,0,0,0,0,0,0,0,0,0,0,0,0,0,0,0,0,0,0,0,0,0,0,3,-1,4,-1,4,-2,5,-2,5,-3,6,-3,6,-3,6,-3,6,-3,6,-3,7,-3,7,-2,8,-3,8,-4,7,-5,7,-5,8,-5,8,-6,7,-5,6,-6,6,-7,6,-7,7,-8,7,-9,8,-10,8,-11]"
CSI_DATA,101,1a:00:00:00:00:00,-72,11,0,0,0,0,0,0,0,0,0,-91,0,1,0,34574063,0,31,0,128,0,"[0,0,-8,-6,-9,-6,-10,-6,-10,-4,-11,-3,-11,-4,-10,-4,-10,-4,-10,-3,-11,0,-11,1,-10,0,-10,0,-11,0,-11,1,-12,1,-15,1,-17,2,-17,4,-18,5,-19,3,-19,1,-19,0,-19,-1,-19,-2,-18,-4,0,0,0,0,0,0,0,0,0,0,0,0,0,0,0,0,0,0,0,0,0,0,1,-6,1,-6,1,-7,0,-8,0,-8,0,-8,0,-8,0,-8,0,-8,0,-8,-1,-8,0,-8,0,-8,-1,-7,-2,-6,-3,-6,-4,-7,-4,-6,-3,-6,-4,-6,-5,-5,-7,-4,-8,-5,-8,-6,-8,-6,-9,-6]"
CSI_DATA,102,1a:00:00:00:00:00,-72,11,0,0,0,0,0,0,0,0,0,-91,0,1,0,34634486,0,42,0,128,0,"[0,0,-12,4,-11,5,-12,4,-12,4,-12,4,-12,6,-11,6,-11,5,-11,6,-12,7,-11,8,-11,9,-11,10,-11,10,-11,11,-11,12,-12,13,-13,13,-13,13,-14,14,-15,15,-16,14,-17,12,-19,10,-21,10,-22,11,0,0,0,0,0,0,0,0,0,0,0,0,0,0,0,0,0,0,0,0,0,0,-6,-6,-6,-6,-6,-6,-7,-5,-7,-5,-7,-6,-7,-6,-8,-6,-8,-7,-8,-6,-7,-6,-7,-5,-7,-5,-7,-5,-7,-4,-7,-4,-7,-4,-6,-3,-7,-2,-9,-1,-10,0,-11,1,-11,1,-11,1,-11,2,-12,3]"
CSI_DATA,103,1a:00:00:00:00:00,-73,11,0,0,0,0,0,0,0,0,0,-91,0,1,0,34706468,0,31,0,128,0,"[0,0,9,-11,8,-11,6,-11,5,-12,5,-13,3,-12,3,-12,2,-12,1,-12,-1,-12,-2,-14,-3,-14,-2,-13,-2,-15,-2,-16,-2,-15,-3,-17,-4,-19,-3,-19,-1,-20,0,-22,-1,-21,-1,-21,1,-23,4,-23,6,-22,0,0,0,0,0,0,0,0,0,0,0,0,0,0,0,0,0,0,0,0,0,0,7,-1,7,-1,7,-1,8,-1,8,-2,8,-2,8,-2,8,-1,8,-1,8,-1,7,-2,7,-2,8,-3,8,-4,8,-4,7,-4,8,-5,7,-5,6,-5,5,-6,5,-7,5,-8,6,-9,6,-10,6,-11,5,-11]"
CSI_DATA,104,1a:00:00:00:00:00,-72,11,0,0,0,0,0,0,0,0,0,-91,0,1,0,34908554,0,31,0,128,0,"[0,0,-14,1,-14,0,-13,1,-14,1,-14,0,-14,1,-14,2,-14,3,-14,3,-14,4,-12,6,-12,7,-12,7,-11,8,-11,8,-12,8,-13,9,-13,10,-14,11,-16,10,-17,9,-17,8,-18,8,-20,8,-21,7,-22,5,0,0,0,0,0,0,0,0,0,0,0,0,0,0,0,0,0,0,0,0,0,0,-7,-5,-8,-5,-8,-6,-8,-6,-9,-6,-10,-7,-10,-8,-9,-8,-9,-7,-9,-8,-9,-8,-9,-8,-9,-7,-9,-6,-9,-6,-10,-6,-10,-6,-11,-5,-12,-4,-12,-3,-11,-3,-11,-3,-11,-1,-13,0,-14,1,-13,1]"
[0;32mI (34939) ftm_responder: Counter = 35[0m
CSI_DATA,105,1a:00:00:00:00:00,-73,11,0,0,0,0,0,0,0,0,0,-91,0,1,0,35112951,0,31,0,128,0,"[0,0,9,11,9,9,8,6,9,6,10,6,9,6,6,6,7,7,10,6,10,4,10,2,11,1,11,1,10,1,9,0,10,-1,12,-3,13,-2,15,-1,16,0,16,0,17,1,18,2,19,4,19,5,18,6,0,0,0,0,0,0,0,0,0,0,0,0,0,0,0,0,0,0,0,0,0,0,4,9,4,9,4,10,3,10,3,10,3,11,3,12,2,13,2,13,2,13,2,12,2,12,2,11,2,11,2,11,2,10,3,11,4,11,5,11,5,11,5,11,5,10,7,9,9,9,9,11,8,13]"
CSI_DATA,106,1a:00:00:00:00:00,-71,11,0,0,0,0,0,0,0,0,0,-91,0,1,0,35314393,0,31,0,128,0,"[0,0,-1,-13,0,-13,-1,-13,-1,-11,-1,-10,-1,-11,-2,-11,-3,-10,-3,-9,-3,-7,-4,-6,-5,-7,-5,-7,-6,-6,-7,-4,-9,-3,-11,-4,-14,-6,-14,-10,-15,-9,-17,-8,-17,-11,-15,-12,-13,-12,-12,-14,-13,-15,0,0,0,0,0,0,0,0,0,0,0,0,0,0,0,0,0,0,0,0,0,0,0,-9,1,-10,1,-11,1,-11,2,-12,3,-12,3,-13,4,-13,5,-13,5,-13,5,-12,5,-12,5,-12,5,-11,5,-11,4,-12,3,-13,3,-13,2,-12,2,-13,2,-14,2,-13,1,-12,0,-12,0,-13,0,-14]"
CSI_DATA,107,1a:00:00:00:00:00,-71,11,0,0,0,0,0,0,0,0,0,-91,0,1,0,35512716,0,31,0,128,0,"[0,0,8,9,8,8,7,8,7,7,8,6,8,6,8,5,8,4,8,4,9,4,10,2,10,1,11,0,11,-2,11,-2,12,-3,13,-3,14,-2,16,-3,17,-3,19,-2,19,-1,20,-1,20,0,20,2,19,4,0,0,0,0,0,0,0,0,0,0,0,0,0,0,0,0,0,0,0,0,0,0,2,5,2,6,3,7,3,8,3,9,3,9,3,10,3,11,2,11,2,11,2,12,2,11,2,12,3,12,3,12,4,11,4,11,4,11,4,10,4,10,5,10,6,11,7,12,6,11,7,11,8,11]"
CSI_DATA,108,1a:00:00:00:00:00,-71,11,0,0,0,0,0,0,0,0,0,-91,0,1,0,35712766,0,31,0,128,0,"[0,0,9,8,7,8,9,4,10,3,10,3,9,4,8,4,10,3,12,1,13,0,11,1,10,-2,11,-6,10,-4,10,-3,14,-5,17,-5,17,-2,19,2,18,3,15,2,16,2,17,2,19,4,20,5,20,5,0,0,0,0,0,0,0,0,0,0,0,0,0,0,0,0,0,0,0,0,0,0,2,0,3,0,4,1,5,2,6,3,6,4,6,4,6,5,6,6,6,6,7,6,6,7,7,7,7,7,7,7,7,7,7,7,8,7,8,7,9,6,9,4,9,3,10,4,13,5,14,4,13,3]"
CSI_DATA,109,1a:00:00:00:00:00,-67,11,0,0,0,0,0,0,0,0,0,-91,0,1,0,35913225,0,31,0,128,0,"[0,0,15,3,15,3,14,1,13,0,14,1,13,2,11,1,11,1,12,0,12,-3,11,-3,11,-1,10,-2,9,-4,9,-3,11,-3,11,-4,11,-4,12,-4,12,-3,13,-3,13,-3,12,-3,12,-2,13,-2,13,-2,0,0,0,0,0,0,0,0,0,0,0,0,0,0,0,0,0,0,0,0,0,0,4,-6,4,-6,6,-6,7,-6,8,-5,10,-4,11,-4,12,-3,12,-3,12,-3,12,-2,13,-2,14,-1,13,-1,13,-1,13,0,13,0,14,0,14,0,14,-1,14,0,14,0,15,1,16,1,15,0,14,-1]"
[0;32mI (35939) ftm_responder: Counter = 36[0m
CSI_DATA,110,1a:00:00:00:00:00,-67,11,0,0,0,0,0,0,0,0,0,-91,0,1,0,36114604,0,31,0,128,0,"[0,0,-11,13,-10,12,-10,12,-10,11,-9,12,-8,11,-9,9,-11,10,-9,10,-7,9,-4,9,-3,11,-3,11,-3,10,-2,9,-2,10,-3,11,-3,10,-3,9,-3,9,-3,9,-3,10,-2,10,-3,9,-4,9,-3,9,0,0,0,0,0,0,0,0,0,0,0,0,0,0,0,0,0,0,0,0,0,0,0,7,0,8,-1,9,-2,11,-4,11,-5,11,-6,12,-7,12,-7,12,-8,12,-9,12,-10,12,-10,12,-10,11,-10,11,-9,12,-10,12,-11,12,-10,12,-10,12,-10,13,-10,14,-9,15,-9,16,-9,15,-9,13]"
CSI_DATA,111,1a:00:00:00:00:00,-67,11,0,0,0,0,0,0,0,0,0,-91,0,1,0,36179130,0,42,0,128,0,"[0,0,-5,-16,-5,-16,-4,-15,-4,-15,-5,-14,-5,-12,-5,-11,-6,-11,-7,-11,-8,-11,-7,-12,-5,-11,-4,-11,-6,-11,-8,-10,-8,-9,-7,-8,-7,-8,-7,-8,-7,-7,-7,-7,-6,-7,-5,-7,-5,-7,-5,-7,-6,-7,0,0,0,0,0,0,0,0,0,0,0,0,0,0,0,0,0,0,0,0,0,0,-6,-6,-5,-7,-6,-8,-5,-9,-5,-10,-5,-11,-5,-12,-4,-13,-4,-13,-3,-14,-2,-14,-2,-14,-1,-14,-1,-14,-3,-16,-2,-16,-2,-16,-3,-15,-5,-14,-6,-14,-7,-16,-7,-16,-7,-16,-8,-16,-7,-15,-4,-14]"
CSI_DATA,112,1a:00:00:00:00:00,-66,11,0,0,0,0,0,0,0,0,0,-91,0,1,0,36237576,0,31,0,128,0,"[0,0,14,-4,13,-5,12,-5,12,-5,11,-5,11,-5,10,-5,9,-5,9,-5,9,-6,8,-6,8,-6,9,-6,8,-6,8,-6,8,-5,8,-4,7,-4,7,-6,8,-7,8,-6,8,-5,7,-6,5,-5,5,-4,7,-4,0,0,0,0,0,0,0,0,0,0,0,0,0,0,0,0,0,0,0,0,0,0,4,-6,5,-6,6,-6,7,-6,8,-7,9,-6,10,-6,11,-5,12,-5,12,-4,12,-4,12,-4,13,-4,13,-4,13,-4,13,-4,12,-4,13,-4,13,-5,13,-5,13,-5,13,-5,13,-6,13,-5,13,-5,13,-5]"
CSI_DATA,113,1a:00:00:00:00:00,-66,11,0,0,0,0,0,0,0,0,0,-91,0,1,0,36439451,0,31,0,128,0,"[0,0,10,-13,10,-13,9,-13,9,-13,9,-13,8,-12,7,-12,7,-12,7,-11,6,-11,5,-11,5,-11,4,-11,4,-10,4,-10,4,-11,5,-11,5,-10,4,-9,3,-9,2,-10,3,-9,4,-8,5,-9,4,-10,3,-9,0,0,0,0,0,0,0,0,0,0,0,0,0,0,0,0,0,0,0,0,0,0,1,-8,2,-9,3,-10,4,-10,4,-11,5,-11,6,-12,7,-12,8,-12,9,-11,9,-11,9,-11,10,-11,10,-11,9,-11,9,-12,9,-11,9,-12,9,-13,9,-13,9,-14,10,-14,9,-14,9,-14,9,-14,10,-15]"
CSI_DATA,114,1a:00:00:00:00:00,-65,11,0,0,0,0,0,0,0,0,0,-91,0,1,0,36639956,0,31,0,128,0,"[0,0,22,-2,18,-4,20,-4,20,-1,18,-2,17,-3,17,-4,15,-6,13,-6,11,-4,9,-5,9,-6,10,-7,10,-6,8,-6,9,-7,10,-8,10,-7,9,-6,9,-6,8,-5,7,-4,7,-5,6,-5,6,-5,6,-5,0,0,0,0,0,0,0,0,0,0,0,0,0,0,0,0,0,0,0,0,0,0,8,-5,9,-5,10,-5,11,-6,12,-5,12,-4,13,-3,14,-3,15,-2,16,-2,18,-2,19,-3,20,-3,17,-3,15,-4,16,-4,17,-3,17,-4,18,-5,18,-6,19,-7,18,-7,19,-4,19,-3,15,-3,11,-3]"
CSI_DATA,115,1a:00:00:00:00:00,-66,11,0,0,0,0,0,0,0,0,0,-91,0,1,0,36842110,0,31,0,128,0,"[0,0,-12,9,-11,6,-10,9,-11,13,-10,12,-7,10,-7,10,-8,12,-8,14,-10,13,-8,9,-7,8,-7,7,-5,9,-5,10,-6,9,-4,8,-4,7,-4,6,-3,7,-4,8,-5,7,-4,6,-1,6,0,6,1,5,0,0,0,0,0,0,0,0,0,0,0,0,0,0,0,0,0,0,0,0,0,0,-9,1,-10,1,-10,1,-11,2,-12,2,-14,2,-15,1,-16,0,-16,-1,-16,-1,-16,-2,-16,-2,-14,-1,-14,0,-14,1,-14,0,-14,-1,-13,0,-15,4,-19,5,-20,4,-19,5,-19,6,-18,6,-15,6,-13,8]"
[0;32mI (36939) ftm_responder: Counter = 37[0m
CSI_DATA,116,1a:00:00:00:00:00,-66,11,0,0,0,0,0,0,0,0,0,-91,0,1,0,37042063,0,31,0,128,0,"[0,0,-13,-12,-12,-12,-11,-10,-10,-10,-11,-10,-11,-10,-11,-9,-10,-9,-10,-8,-10,-6,-10,-6,-10,-6,-9,-5,-10,-4,-11,-4,-10,-4,-9,-3,-8,-3,-9,-3,-9,-3,-7,-3,-7,-2,-6,-2,-6,-1,-5,-1,-6,0,0,0,0,0,0,0,0,0,0,0,0,0,0,0,0,0,0,0,0,0,0,0,-8,-4,-8,-4,-8,-5,-9,-6,-9,-7,-10,-7,-9,-8,-10,-9,-10,-10,-10,-10,-9,-11,-9,-11,-10,-11,-10,-10,-10,-10,-11,-10,-11,-10,-11,-10,-12,-11,-12,-11,-13,-10,-14,-10,-14,-10,-13,-10,-12,-11,-13,-12]"
CSI_DATA,117,1a:00:00:00:00:00,-65,11,0,0,0,0,0,0,0,0,0,-91,0,1,0,37243408,0,31,0,128,0,"[0,0,13,9,12,8,11,8,10,8,11,7,12,6,12,6,10,5,10,5,9,5,10,4,9,4,8,3,8,2,9,2,9,3,9,3,9,3,8,3,6,2,6,1,6,1,6,2,6,1,6,0,6,0,0,0,0,0,0,0,0,0,0,0,0,0,0,0,0,0,0,0,0,0,0,0,8,2,8,3,9,3,9,4,10,5,10,6,10,7,10,8,10,8,10,9,10,10,10,10,10,10,11,10,11,10,10,10,11,9,12,9,12,9,12,8,13,8,13,8,13,8,13,9,13,10,13,10]"
CSI_DATA,118,1a:00:00:00:00:00,-65,11,0,0,0,0,0,0,0,0,0,-91,0,1,0,37444493,0,31,0,128,0,"[0,0,8,-14,8,-14,8,-14,7,-13,7,-13,6,-13,6,-13,6,-13,5,-12,4,-11,4,-11,3,-12,3,-11,3,-11,2,-11,1,-11,1,-10,1,-10,1,-10,1,-10,1,-9,1,-8,1,-8,1,-7,1,-8,2,-7,0,0,0,0,0,0,0,0,0,0,0,0,0,0,0,0,0,0,0,0,0,0,1,-9,1,-9,2,-10,3,-11,4,-12,4,-12,5,-12,6,-12,7,-12,8,-12,9,-12,9,-12,9,-12,9,-12,9,-13,8,-14,8,-14,8,-13,7,-13,6,-13,7,-14,7,-14,8,-15,8,-15,8,-15,8,-15]"
CSI_DATA,119,1a:00:00:00:00:00,-64,11,0,0,0,0,0,0,0,0,0,-91,0,1,0,37645629,0,31,0,128,0,"[0,0,-14,12,-13,12,-13,12,-14,11,-13,10,-12,11,-12,11,-12,10,-11,9,-9,9,-10,10,-10,10,-9,10,-9,9,-8,8,-8,9,-7,9,-7,8,-8,8,-8,7,-9,7,-8,7,-7,6,-6,6,-6,6,-5,5,0,0,0,0,0,0,0,0,0,0,0,0,0,0,0,0,0,0,0,0,0,0,-3,5,-3,6,-4,6,-5,7,-6,7,-7,7,-8,7,-9,8,-9,8,-10,7,-10,8,-11,8,-11,8,-11,7,-12,7,-11,8,-11,8,-10,9,-10,9,-11,9,-11,10,-12,11,-12,12,-12,11,-13,12,-13,12]"
CSI_DATA,120,1a:00:00:00:00:00,-65,11,0,0,0,0,0,0,0,0,0,-91,0,1,0,37655772,0,28,0,128,0,"[0,0,7,15,7,15,8,15,9,16,8,14,6,14,5,14,6,13,8,12,8,12,7,11,6,10,7,10,8,9,7,8,7,9,7,10,7,9,7,9,6,9,5,9,4,9,4,9,3,8,4,7,4,7,0,0,0,0,0,0,0,0,0,0,0,0,0,0,0,0,0,0,0,0,0,0,4,4,4,5,4,6,5,7,5,8,4,9,4,9,4,10,4,11,4,11,3,11,2,11,2,12,3,12,4,13,4,13,4,13,5,13,6,14,6,14,6,15,6,15,9,15,10,16,9,17,8,17]"
CSI_DATA,121,1a:00:00:00:00:00,-65,11,0,0,0,0,0,0,0,0,0,-91,0,1,0,37706061,0,42,0,128,0,"[0,0,-15,10,-15,10,-15,9,-14,8,-14,8,-13,9,-13,8,-12,8,-12,8,-12,8,-11,8,-10,8,-10,8,-10,8,-10,8,-9,8,-9,8,-9,8,-10,7,-10,7,-10,6,-10,6,-9,5,-9,5,-9,6,-7,6,0,0,0,0,0,0,0,0,0,0,0,0,0,0,0,0,0,0,0,0,0,0,-2,4,-3,5,-4,5,-5,6,-6,6,-7,6,-8,7,-9,7,-9,7,-10,6,-11,6,-11,6,-11,6,-11,7,-11,7,-12,7,-12,8,-12,8,-12,8,-12,9,-13,9,-13,10,-14,11,-14,11,-14,11,-14,11]"
[0;32mI (37939) ftm_responder: Counter = 38[0m
CSI_DATA,122,1a:00:00:00:00:00,-74,11,0,0,0,0,0,0,0,0,0,-91,0,1,0,38206903,0,42,0,128,0,"[0,0,-7,-4,-12,-3,-13,-4,-11,-3,-9,1,-8,0,-5,-3,-2,-2,-2,0,-5,0,-6,-2,-5,0,-4,3,-4,4,-3,4,-2,4,-1,5,-1,7,-1,7,-1,6,-1,7,-2,10,-2,12,-4,14,-5,14,-6,13,0,0,0,0,0,0,0,0,0,0,0,0,0,0,0,0,0,0,0,0,0,0,-5,-8,-6,-8,-7,-7,-7,-7,-8,-7,-9,-8,-10,-9,-9,-10,-9,-9,-10,-8,-10,-9,-9,-9,-8,-8,-8,-8,-10,-8,-12,-9,-11,-9,-10,-8,-9,-11,-10,-11,-14,-9,-16,-8,-13,-8,-9,-5,-7,-2,-8,-3]"
CSI_DATA,123,1a:00:00:00:00:00,-75,11,0,0,0,0,0,0,0,0,0,-91,0,1,0,38287820,0,31,0,128,0,"[0,0,4,7,2,11,3,12,3,8,3,5,4,4,5,4,6,4,6,2,5,1,3,1,4,-2,4,-7,2,-7,1,-5,2,-4,2,-6,1,-10,3,-13,5,-10,6,-11,6,-14,7,-13,10,-11,14,-9,15,-6,0,0,0,0,0,0,0,0,0,0,0,0,0,0,0,0,0,0,0,0,0,0,-3,9,-2,10,-1,11,-1,11,-1,12,-1,12,-1,12,-1,13,0,14,-1,14,-1,14,-1,15,-1,14,-1,14,-1,14,-2,14,-1,14,0,14,1,12,0,12,1,11,2,13,4,14,6,13,5,12,5,12]"
CSI_DATA,124,1a:00:00:00:00:00,-74,11,0,0,0,0,0,0,0,0,0,-91,0,1,0,38491426,0,31,0,128,0,"[0,0,10,8,10,7,11,8,12,9,11,9,10,6,8,3,5,2,6,1,8,0,8,-1,7,1,6,0,6,-2,6,-2,6,-3,6,-5,6,-7,8,-7,9,-7,7,-8,8,-9,9,-9,10,-9,11,-8,12,-6,0,0,0,0,0,0,0,0,0,0,0,0,0,0,0,0,0,0,0,0,0,0,7,5,9,5,10,4,10,4,11,5,12,6,12,8,12,9,13,9,13,9,13,10,12,11,11,10,11,10,11,10,11,9,11,9,12,10,13,11,13,9,12,9,12,10,12,9,12,8,12,7,12,8]"
CSI_DATA,125,1a:00:00:00:00:00,-68,11,0,0,0,0,0,0,0,0,0,-91,0,1,0,38688270,0,31,0,128,0,"[0,0,-14,2,-14,2,-14,2,-12,2,-11,2,-11,2,-11,3,-11,4,-11,4,-10,4,-8,4,-8,5,-7,6,-8,6,-8,5,-7,5,-7,6,-9,6,-11,6,-11,7,-9,7,-8,7,-8,7,-9,7,-10,7,-12,9,0,0,0,0,0,0,0,0,0,0,0,0,0,0,0,0,0,0,0,0,0,0,-9,4,-10,4,-11,4,-11,4,-12,4,-13,3,-14,3,-14,3,-15,2,-15,1,-15,1,-15,1,-15,1,-14,1,-14,1,-14,1,-14,1,-15,1,-15,1,-14,2,-14,2,-15,2,-15,3,-15,3,-15,3,-15,3]"
CSI_DATA,126,1a:00:00:00:00:00,-74,11,0,0,0,0,0,0,0,0,0,-91,0,1,0,38891323,0,31,0,128,0,"[0,0,-5,-10,-3,-8,-2,-10,-2,-11,-3,-9,-2,-10,-1,-8,-4,-4,-7,-3,-8,-3,-8,-3,-8,-3,-7,0,-6,2,-5,0,-5,1,-6,2,-5,3,-6,5,-8,7,-8,7,-7,7,-9,8,-10,8,-9,8,-9,9,0,0,0,0,0,0,0,0,0,0,0,0,0,0,0,0,0,0,0,0,0,0,6,2,6,2,7,2,8,2,9,1,8,-1,8,-2,9,-2,8,-1,8,-2,8,-1,6,-1,6,-3,9,-3,11,-2,12,-4,11,-8,9,-9,6,-11,7,-12,7,-10,2,-13,0,-15,0,-14,2,-16,7,-17]"
[0;32mI (38939) ftm_responder: Counter = 39[0m
CSI_DATA,127,1a:00:00:00:00:00,-69,11,0,0,0,0,0,0,0,0,0,-91,0,1,0,39090971,0,31,0,128,0,"[0,0,-5,-16,-7,-15,-7,-13,-4,-14,-3,-15,-5,-11,-6,-11,-5,-10,-6,-10,-7,-11,-6,-9,-5,-5,-4,-3,-5,-3,-7,-2,-9,-6,-11,-10,-11,-9,-10,-7,-7,-5,-7,-5,-10,-7,-12,-7,-14,-9,-14,-12,-13,-12,0,0,0,0,0,0,0,0,0,0,0,0,0,0,0,0,0,0,0,0,0,0,-2,-5,-3,-5,-3,-6,-3,-7,-3,-7,-3,-8,-3,-9,-3,-11,-2,-11,-2,-11,-2,-12,-2,-12,-2,-11,-2,-11,-2,-11,-2,-12,-2,-13,-4,-15,-4,-15,-5,-13,-5,-13,-4,-16,-5,-18,-5,-17,-4,-15,-3,-13]"
CSI_DATA,128,1a:00:00:00:00:00,-67,11,0,0,0,0,0,0,0,0,0,-91,0,1,0,39292352,0,31,0,128,0,"[0,0,15,-10,14,-10,15,-12,14,-13,13,-13,13,-13,12,-13,9,-13,6,-11,7,-10,7,-11,7,-12,7,-12,6,-11,6,-11,7,-11,7,-12,7,-12,7,-11,7,-11,8,-10,8,-9,7,-9,8,-9,10,-9,9,-9,0,0,0,0,0,0,0,0,0,0,0,0,0,0,0,0,0,0,0,0,0,0,-1,-6,0,-7,0,-8,1,-9,2,-9,3,-10,4,-10,5,-11,6,-11,7,-11,7,-11,8,-11,8,-11,9,-10,9,-11,9,-11,9,-11,9,-12,10,-13,10,-14,10,-14,11,-14,12,-14,12,-14,12,-14,13,-14]"
CSI_DATA,129,1a:00:00:00:00:00,-66,11,0,0,0,0,0,0,0,0,0,-91,0,1,0,39493242,0,31,0,128,0,"[0,0,-3,15,-4,15,-4,15,-3,15,-3,15,-2,14,-2,13,-2,12,-2,12,0,12,0,11,0,11,1,11,1,10,1,11,1,11,2,11,2,11,2,11,2,11,2,11,1,11,1,11,1,10,1,10,1,10,0,0,0,0,0,0,0,0,0,0,0,0,0,0,0,0,0,0,0,0,0,0,3,4,3,5,2,6,2,7,2,8,2,9,1,9,0,10,0,11,0,11,-1,11,-1,11,-1,12,-1,12,-1,12,-2,12,-2,13,-2,13,-2,14,-1,15,-1,15,-1,15,-1,16,-1,17,-1,18,-1,17]"
CSI_DATA,130,1a:00:00:00:00:00,-66,11,0,0,0,0,0,0,0,0,0,-91,0,1,0,39694327,0,31,0,128,0,"[0,0,16,-6,15,-6,13,-6,14,-5,14,-5,13,-5,13,-5,13,-5,12,-5,10,-5,9,-5,10,-6,10,-6,9,-6,8,-6,8,-6,8,-6,9,-6,10,-7,9,-6,10,-5,9,-5,8,-5,8,-5,8,-5,8,-6,0,0,0,0,0,0,0,0,0,0,0,0,0,0,0,0,0,0,0,0,0,0,2,-5,3,-5,4,-6,5,-6,6,-6,7,-5,8,-5,9,-5,10,-5,10,-4,11,-4,11,-3,11,-3,12,-3,12,-3,12,-4,12,-5,12,-4,12,-5,13,-5,14,-5,14,-6,15,-6,16,-5,16,-5,15,-4]"
CSI_DATA,131,1a:00:00:00:00:00,-66,11,0,0,0,0,0,0,0,0,0,-91,0,1,0,39754754,0,42,0,128,0,"[0,0,17,-3,17,-3,16,-3,15,-2,15,-2,14,-2,14,-2,14,-2,13,-3,14,-3,14,-3,12,-4,11,-4,11,-4,11,-5,11,-5,11,-6,10,-6,10,-5,10,-5,10,-5,10,-5,10,-4,9,-4,10,-3,10,-3,0,0,0,0,0,0,0,0,0,0,0,0,0,0,0,0,0,0,0,0,0,0,3,-4,4,-4,5,-5,6,-5,8,-5,9,-4,10,-3,10,-3,11,-3,11,-3,12,-2,12,-2,12,-2,12,-2,13,-2,13,-2,13,-3,13,-3,14,-3,14,-4,15,-4,15,-3,16,-4,16,-4,17,-4,17,-3]"
CSI_DATA,132,1a:00:00:00:00:00,-66,11,0,0,0,0,0,0,0,0,0,-91,0,1,0,39823523,0,31,0,128,0,"[0,0,10,-13,10,-12,10,-12,9,-12,8,-13,8,-12,10,-11,10,-11,9,-12,7,-11,6,-10,5,-10,5,-11,5,-12,5,-12,5,-11,4,-11,5,-11,5,-11,5,-11,5,-11,5,-10,4,-10,5,-9,5,-9,6,-10,0,0,0,0,0,0,0,0,0,0,0,0,0,0,0,0,0,0,0,0,0,0,-1,-6,0,-6,0,-7,1,-8,2,-9,2,-9,3,-9,4,-10,5,-10,6,-10,6,-10,7,-10,7,-10,7,-11,7,-11,7,-11,8,-12,8,-11,8,-11,9,-12,9,-12,8,-13,8,-14,9,-14,9,-14,9,-15]"
[0;32mI (39939) ftm_responder: Counter = 40[0m
CSI_DATA,133,1a:00:00:00:00:00,-66,11,0,0,0,0,0,0,0,0,0,-91,0,1,0,40023475,0,31,0,128,0,"[0,0,-11,-14,-11,-14,-11,-13,-11,-13,-10,-13,-9,-12,-9,-12,-9,-12,-9,-11,-9,-10,-9,-9,-9,-9,-8,-8,-9,-8,-9,-7,-9,-6,-10,-8,-11,-7,-11,-7,-10,-8,-9,-9,-8,-9,-8,-9,-10,-8,-11,-8,-13,-7,0,0,0,0,0,0,0,0,0,0,0,0,0,0,0,0,0,0,0,0,0,0,-5,-1,-6,-1,-7,-2,-7,-3,-8,-4,-8,-5,-9,-6,-9,-6,-9,-7,-9,-8,-9,-9,-9,-10,-8,-10,-8,-9,-9,-9,-10,-10,-10,-11,-10,-11,-11,-11,-11,-11,-11,-12,-12,-12,-12,-11,-12,-11,-12,-13,-12,-14]"
CSI_DATA,134,1a:00:00:00:00:00,-67,11,0,0,0,0,0,0,0,0,0,-91,0,1,0,40223798,0,31,0,128,0,"[0,0,-16,3,-16,3,-15,3,-15,2,-15,3,-14,3,-13,3,-13,3,-13,4,-12,4,-11,4,-11,5,-10,5,-10,5,-10,5,-10,6,-10,6,-10,5,-10,6,-10,6,-10,5,-10,5,-10,5,-10,5,-11,5,-11,4,0,0,0,0,0,0,0,0,0,0,0,0,0,0,0,0,0,0,0,0,0,0,-3,3,-3,3,-4,4,-5,4,-6,4,-7,4,-8,4,-9,3,-10,3,-10,3,-11,3,-12,3,-12,3,-12,3,-12,3,-12,3,-12,3,-13,3,-13,4,-14,4,-14,4,-15,4,-15,4,-16,4,-16,5,-16,4]"
CSI_DATA,135,1a:00:00:00:00:00,-68,11,0,0,0,0,0,0,0,0,0,-91,0,1,0,40424932,0,31,0,128,0,"[0,0,15,5,13,5,14,3,16,3,17,5,16,5,15,6,14,4,12,2,11,2,12,1,13,0,12,-1,12,-2,12,-2,12,-2,12,-2,11,-3,12,-3,12,-2,12,-2,12,-2,12,-2,12,-2,12,-2,12,-1,0,0,0,0,0,0,0,0,0,0,0,0,0,0,0,0,0,0,0,0,0,0,3,-1,4,0,6,0,7,0,8,1,8,2,9,3,9,4,9,4,9,5,9,5,9,5,10,5,11,5,11,5,12,5,13,6,13,6,13,6,13,7,13,8,14,6,15,4,15,5,15,5,16,5]"
CSI_DATA,136,1a:00:00:00:00:00,-68,11,0,0,0,0,0,0,0,0,0,-91,0,1,0,40626271,0,31,0,128,0,"[0,0,12,9,11,8,10,7,11,8,12,9,13,9,14,10,11,8,10,6,12,7,11,6,11,3,12,1,11,1,10,2,10,2,11,1,11,-1,11,-1,12,0,12,0,11,1,12,2,11,3,10,5,11,7,0,0,0,0,0,0,0,0,0,0,0,0,0,0,0,0,0,0,0,0,0,0,4,0,4,0,5,1,5,2,6,2,7,3,7,4,7,5,8,6,8,6,8,7,8,7,8,7,9,7,9,7,9,7,9,8,10,8,11,8,11,7,12,7,13,8,13,9,13,10,13,9,13,9]"
CSI_DATA,137,1a:00:00:00:00:00,-68,11,0,0,0,0,0,0,0,0,0,-91,0,1,0,40827883,0,31,0,128,0,"[0,0,-17,8,-17,10,-16,8,-15,6,-13,4,-13,4,-14,4,-14,6,-13,7,-13,8,-12,8,-10,8,-9,7,-11,7,-11,8,-10,8,-9,9,-9,11,-10,10,-10,8,-11,8,-11,9,-10,7,-11,6,-12,5,-13,5,0,0,0,0,0,0,0,0,0,0,0,0,0,0,0,0,0,0,0,0,0,0,-1,3,-2,4,-3,5,-4,5,-5,6,-5,6,-6,6,-7,6,-8,6,-9,6,-10,6,-10,6,-11,6,-11,6,-11,6,-11,6,-12,7,-12,7,-12,7,-12,7,-12,7,-14,9,-14,9,-13,7,-13,7,-13,9]"
[0;32mI (40939) ftm_responder: Counter = 41[0m
CSI_DATA,138,1a:00:00:00:00:00,-68,11,0,0,0,0,0,0,0,0,0,-91,0,1,0,41028665,0,31,0,128,0,"[0,0,1,-17,1,-17,1,-17,1,-16,0,-15,0,-15,0,-14,0,-14,-2,-13,-3,-13,-3,-13,-3,-13,-3,-11,-4,-12,-4,-12,-4,-12,-4,-11,-4,-12,-4,-12,-4,-12,-4,-12,-4,-13,-3,-12,-2,-12,-2,-13,-2,-13,0,0,0,0,0,0,0,0,0,0,0,0,0,0,0,0,0,0,0,0,0,0,-3,-3,-3,-4,-3,-5,-3,-6,-3,-7,-2,-8,-2,-9,-2,-10,-1,-10,-1,-11,-1,-11,0,-11,0,-12,0,-12,0,-12,0,-13,1,-13,0,-13,-1,-13,-1,-13,-1,-13,-1,-15,-2,-16,-1,-16,0,-16,0,-16]"
CSI_DATA,139,1a:00:00:00:00:00,-68,11,0,0,0,0,0,0,0,0,0,-91,0,1,0,41229855,0,31,0,128,0,"[0,0,2,16,1,16,1,16,1,15,0,15,1,14,2,14,3,13,3,13,4,12,5,11,5,10,5,9,6,9,6,9,7,9,7,9,8,9,8,9,8,9,8,10,7,9,7,10,7,10,7,11,6,12,0,0,0,0,0,0,0,0,0,0,0,0,0,0,0,0,0,0,0,0,0,0,1,2,1,3,1,4,1,5,2,6,1,7,1,8,1,9,0,9,0,9,0,10,0,10,0,11,0,11,0,11,0,12,0,12,1,13,1,13,0,14,0,14,1,14,2,15,2,16,1,16,0,16]"
CSI_DATA,140,1a:00:00:00:00:00,-70,11,0,0,0,0,0,0,0,0,0,-91,0,1,0,41292601,0,42,0,128,0,"[0,0,-7,16,-8,15,-8,15,-7,14,-6,12,-7,12,-7,12,-7,12,-5,11,-4,10,-4,12,-4,13,-3,13,-1,12,-1,12,0,12,3,13,5,14,3,13,1,13,1,15,2,15,1,13,-1,11,-2,12,-5,13,0,0,0,0,0,0,0,0,0,0,0,0,0,0,0,0,0,0,0,0,0,0,-1,2,-1,3,-1,4,-1,5,-2,6,-3,7,-4,8,-4,8,-5,8,-5,9,-6,9,-6,9,-6,10,-6,10,-6,10,-6,10,-7,11,-7,12,-6,12,-6,13,-6,13,-6,14,-6,14,-6,15,-7,15,-8,15]"
CSI_DATA,141,1a:00:00:00:00:00,-69,11,0,0,0,0,0,0,0,0,0,-91,0,1,0,41359917,0,31,0,128,0,"[0,0,-18,-5,-16,-6,-14,-7,-15,-6,-17,-5,-17,-4,-14,-3,-15,-3,-15,-4,-13,-5,-13,-4,-13,-2,-12,-1,-13,-1,-15,0,-14,0,-13,1,-14,1,-15,1,-14,0,-13,-1,-13,-1,-13,-1,-14,-2,-14,-3,-13,-3,0,0,0,0,0,0,0,0,0,0,0,0,0,0,0,0,0,0,0,0,0,0,-3,0,-4,1,-6,1,-7,1,-8,0,-8,-1,-9,-1,-10,-2,-10,-2,-11,-3,-11,-3,-11,-4,-11,-4,-12,-4,-12,-4,-13,-5,-14,-4,-14,-3,-14,-3,-14,-4,-16,-5,-18,-4,-18,-3,-17,-4,-17,-5,-17,-6]"
CSI_DATA,142,1a:00:00:00:00:00,-69,11,0,0,0,0,0,0,0,0,0,-91,0,1,0,41559496,0,31,0,128,0,"[0,0,18,1,17,0,17,0,16,0,15,0,15,0,14,0,14,0,13,-1,13,-1,13,-1,12,-2,12,-4,12,-4,11,-4,11,-4,12,-5,12,-5,12,-5,12,-5,12,-4,12,-4,13,-4,13,-3,13,-3,14,-2,0,0,0,0,0,0,0,0,0,0,0,0,0,0,0,0,0,0,0,0,0,0,2,-2,3,-3,4,-3,5,-3,6,-3,7,-3,8,-3,9,-3,10,-2,10,-2,10,-1,11,-1,11,-1,12,-1,12,-1,12,-1,13,-1,13,-1,14,-1,14,-1,15,-1,16,-1,16,-2,16,-3,17,-2,17,-1]"
CSI_DATA,143,1a:00:00:00:00:00,-68,11,0,0,0,0,0,0,0,0,0,-91,0,1,0,41769309,0,31,0,128,0,"[0,0,-3,-16,-3,-16,-2,-17,-2,-15,-2,-14,-3,-14,-5,-14,-5,-14,-5,-14,-5,-13,-5,-11,-6,-10,-7,-11,-5,-11,-5,-11,-7,-12,-8,-12,-7,-13,-7,-13,-8,-12,-9,-13,-8,-13,-7,-12,-7,-12,-7,-12,-7,-13,0,0,0,0,0,0,0,0,0,0,0,0,0,0,0,0,0,0,0,0,0,0,-3,-3,-4,-3,-4,-4,-4,-5,-4,-6,-4,-8,-4,-9,-4,-9,-4,-10,-3,-10,-3,-11,-3,-12,-3,-12,-2,-12,-2,-13,-3,-13,-3,-13,-3,-14,-4,-14,-4,-15,-5,-15,-4,-16,-4,-16,-4,-16,-4,-16,-4,-16]"
[0;32mI (41939) ftm_responder: Counter = 42[0m
CSI_DATA,144,1a:00:00:00:00:00,-69,11,0,0,0,0,0,0,0,0,0,-91,0,1,0,41963970,0,31,0,128,0,"[0,0,10,-14,10,-14,10,-14,10,-14,9,-14,8,-13,8,-13,7,-13,7,-13,6,-13,5,-13,4,-13,4,-13,3,-13,3,-14,2,-13,2,-14,2,-14,2,-15,3,-15,3,-15,3,-15,4,-14,5,-15,5,-15,6,-14,0,0,0,0,0,0,0,0,0,0,0,0,0,0,0,0,0,0,0,0,0,0,-1,-4,0,-5,0,-6,1,-7,2,-8,3,-8,4,-8,4,-8,5,-9,6,-9,6,-9,6,-10,7,-10,7,-11,8,-11,8,-11,7,-11,8,-11,8,-12,8,-13,8,-13,8,-14,8,-14,8,-15,10,-15,10,-14]"
CSI_DATA,145,1a:00:00:00:00:00,-69,11,0,0,0,0,0,0,0,0,0,-91,0,1,0,42364062,0,31,0,128,0,"[0,0,15,-1,15,0,16,-1,16,-2,15,-3,14,-2,13,-2,12,-2,12,-1,11,-3,10,-5,10,-5,10,-5,9,-6,10,-6,11,-6,11,-7,11,-6,12,-7,13,-9,14,-9,13,-8,14,-9,15,-9,14,-7,13,-5,0,0,0,0,0,0,0,0,0,0,0,0,0,0,0,0,0,0,0,0,0,0,2,-2,3,-3,4,-3,5,-2,7,-2,8,-2,8,-2,9,-2,9,-1,10,-1,10,0,10,0,11,-1,11,-1,11,0,12,1,12,1,12,0,12,-1,12,0,13,-1,15,-2,15,-3,15,-3,16,-2,16,-1]"
CSI_DATA,146,1a:00:00:00:00:00,-69,11,0,0,0,0,0,0,0,0,0,-91,0,1,0,42565238,0,31,0,128,0,"[0,0,-16,5,-14,5,-13,4,-13,4,-13,5,-14,5,-14,5,-13,6,-12,7,-11,7,-10,6,-9,7,-9,7,-9,8,-10,8,-10,8,-10,8,-11,8,-11,9,-9,9,-10,9,-11,9,-11,8,-12,7,-14,7,-13,6,0,0,0,0,0,0,0,0,0,0,0,0,0,0,0,0,0,0,0,0,0,0,-2,3,-3,3,-4,4,-4,4,-5,5,-6,5,-7,5,-8,5,-9,4,-9,4,-10,4,-10,5,-10,5,-11,5,-12,5,-11,5,-12,4,-12,4,-12,5,-13,6,-14,6,-15,6,-15,7,-15,8,-15,8,-15,7]"
CSI_DATA,147,1a:00:00:00:00:00,-69,11,0,0,0,0,0,0,0,0,0,-91,0,1,0,42766340,0,31,0,128,0,"[0,0,4,16,5,16,5,15,3,14,4,13,6,13,6,12,6,11,7,9,8,7,8,7,9,7,10,8,10,7,11,6,11,6,11,6,11,7,11,8,11,8,12,8,13,9,13,9,12,8,12,8,14,10,0,0,0,0,0,0,0,0,0,0,0,0,0,0,0,0,0,0,0,0,0,0,2,2,3,3,4,4,4,5,5,6,5,6,4,8,4,9,4,9,4,10,4,11,4,11,3,10,3,10,4,11,5,12,5,12,5,11,5,12,6,13,5,12,6,10,7,11,7,15,6,16,4,14]"
CSI_DATA,148,1a:00:00:00:00:00,-69,11,0,0,0,0,0,0,0,0,0,-91,0,1,0,42828196,0,42,0,128,0,"[0,0,-16,-5,-17,-5,-16,-5,-16,-5,-14,-5,-13,-5,-14,-4,-14,-3,-14,-2,-13,-3,-13,-2,-12,0,-12,1,-13,1,-13,1,-13,1,-13,1,-13,2,-15,3,-16,3,-16,2,-15,2,-15,1,-16,1,-16,-1,-17,-2,0,0,0,0,0,0,0,0,0,0,0,0,0,0,0,0,0,0,0,0,0,0,-5,0,-6,0,-6,-1,-7,-1,-8,-1,-9,-2,-10,-3,-10,-3,-11,-4,-11,-4,-11,-5,-11,-5,-11,-6,-12,-6,-13,-6,-14,-5,-14,-5,-13,-4,-13,-4,-15,-5,-16,-5,-16,-5,-15,-5,-16,-6,-16,-6,-16,-6]"
[0;32mI (42939) ftm_responder: Counter = 43[0m
CSI_DATA,149,1a:00:00:00:00:00,-68,11,0,0,0,0,0,0,0,0,0,-91,0,1,0,43327514,0,42,0,128,0,"[0,0,2,-16,2,-16,2,-15,1,-14,1,-14,1,-14,1,-13,0,-12,-1,-12,-1,-12,-1,-12,-2,-11,-2,-10,-3,-10,-4,-10,-4,-11,-5,-11,-5,-12,-5,-12,-5,-12,-5,-12,-5,-12,-5,-12,-4,-12,-4,-13,-3,-14,0,0,0,0,0,0,0,0,0,0,0,0,0,0,0,0,0,0,0,0,0,0,-2,-4,-2,-5,-2,-6,-1,-7,-1,-8,0,-8,0,-9,0,-10,1,-10,1,-10,1,-10,2,-11,2,-11,1,-11,1,-11,1,-12,1,-12,1,-13,1,-13,0,-14,0,-15,1,-16,1,-15,1,-15,1,-16,2,-16]"
CSI_DATA,150,1a:00:00:00:00:00,-68,11,0,0,0,0,0,0,0,0,0,-91,0,1,0,43827589,0,42,0,128,0,"[0,0,-14,8,-13,8,-13,7,-14,7,-14,7,-13,6,-12,6,-11,7,-11,7,-11,6,-10,6,-9,7,-8,8,-8,9,-8,9,-8,9,-8,9,-8,8,-8,8,-8,9,-8,9,-9,9,-10,9,-9,9,-10,9,-11,9,0,0,0,0,0,0,0,0,0,0,0,0,0,0,0,0,0,0,0,0,0,0,-2,2,-3,3,-3,3,-4,4,-5,4,-6,4,-6,4,-7,4,-7,4,-8,5,-8,5,-9,5,-9,5,-9,5,-9,6,-10,6,-10,6,-10,7,-10,8,-11,8,-11,8,-12,9,-12,9,-12,9,-13,9,-13,8]"
CSI_DATA,151,1a:00:00:00:00:00,-67,11,0,0,0,0,0,0,0,0,0,-91,0,1,0,43919447,0,31,0,128,0,"[0,0,-6,-18,-5,-17,-5,-17,-4,-16,-5,-15,-5,-14,-5,-13,-5,-13,-5,-14,-5,-12,-4,-11,-5,-10,-6,-10,-6,-10,-7,-10,-8,-11,-8,-11,-7,-10,-8,-10,-8,-10,-8,-10,-8,-11,-7,-12,-7,-12,-7,-12,-6,-13,0,0,0,0,0,0,0,0,0,0,0,0,0,0,0,0,0,0,0,0,0,0,-3,-3,-3,-4,-3,-4,-4,-5,-4,-6,-5,-7,-5,-8,-4,-8,-4,-9,-4,-9,-4,-9,-4,-10,-4,-10,-4,-10,-4,-10,-4,-11,-5,-12,-5,-12,-5,-11,-5,-12,-5,-13,-6,-13,-6,-15,-6,-15,-6,-16,-6,-16]"
[0;32mI (43939) ftm_responder: Counter = 44[0m
CSI_DATA,152,1a:00:00:00:00:00,-68,11,0,0,0,0,0,0,0,0,0,-91,0,1,0,44119497,0,31,0,128,0,"[0,0,-9,16,-10,15,-9,14,-10,14,-10,13,-9,13,-9,13,-8,12,-8,12,-7,12,-6,12,-5,12,-5,12,-5,12,-4,12,-3,13,-2,13,-3,13,-2,13,-2,11,-4,12,-6,15,-5,16,-4,15,-5,15,-7,16,0,0,0,0,0,0,0,0,0,0,0,0,0,0,0,0,0,0,0,0,0,0,0,2,0,3,-1,5,-2,6,-2,6,-2,7,-3,7,-4,8,-4,8,-5,9,-5,9,-5,9,-5,9,-5,10,-6,11,-6,11,-6,11,-6,12,-6,12,-6,12,-7,13,-7,14,-7,14,-8,15,-8,15,-7,15]"
CSI_DATA,153,1a:00:00:00:00:00,-69,11,0,0,0,0,0,0,0,0,0,-91,0,1,0,44329153,0,31,0,128,0,"[0,0,2,16,1,17,2,18,3,17,2,16,1,16,2,16,3,16,4,15,3,14,3,13,4,12,5,11,5,10,5,11,6,12,6,13,6,13,6,12,6,12,5,13,5,13,4,13,4,14,3,15,2,15,0,0,0,0,0,0,0,0,0,0,0,0,0,0,0,0,0,0,0,0,0,0,2,1,2,2,2,3,3,4,3,5,3,6,3,6,3,7,3,8,3,8,3,8,3,9,3,9,2,9,3,10,3,11,4,11,4,11,4,12,4,13,5,14,5,13,6,14,6,15,6,16,6,15]"
CSI_DATA,154,1a:00:00:00:00:00,-68,11,0,0,0,0,0,0,0,0,0,-91,0,1,0,44521898,0,31,0,128,0,"[0,0,2,-15,2,-18,3,-17,5,-15,5,-16,5,-16,4,-16,2,-17,1,-17,0,-17,-1,-16,-2,-16,-2,-15,-3,-14,-4,-15,-4,-16,-4,-16,-4,-16,-4,-15,-4,-16,-4,-17,-4,-18,-3,-17,-3,-17,-1,-18,0,-17,0,0,0,0,0,0,0,0,0,0,0,0,0,0,0,0,0,0,0,0,0,0,0,-4,0,-4,0,-5,1,-6,1,-7,2,-8,2,-8,2,-9,3,-9,4,-9,4,-10,4,-10,4,-11,3,-10,4,-10,4,-12,4,-15,4,-15,3,-15,2,-15,2,-15,4,-15,4,-16,2,-18,3,-18,5,-18]"
CSI_DATA,155,1a:00:00:00:00:00,-70,11,0,0,0,0,0,0,0,0,0,-91,0,1,0,44723005,0,31,0,128,0,"[0,0,-15,-13,-15,-12,-14,-11,-14,-9,-14,-8,-13,-10,-11,-8,-11,-5,-12,-6,-11,-8,-10,-7,-12,-7,-12,-8,-12,-6,-14,-5,-14,-4,-14,-5,-13,-5,-14,-5,-14,-4,-15,-2,-15,-4,-14,-5,-12,-6,-14,-8,-15,-10,0,0,0,0,0,0,0,0,0,0,0,0,0,0,0,0,0,0,0,0,0,0,-3,-2,-4,-3,-4,-3,-5,-3,-6,-4,-6,-5,-7,-5,-7,-6,-7,-7,-7,-8,-7,-8,-7,-8,-7,-8,-7,-9,-7,-9,-8,-9,-9,-8,-10,-9,-10,-10,-10,-10,-11,-9,-12,-8,-14,-9,-15,-12,-14,-13,-15,-12]"
CSI_DATA,156,1a:00:00:00:00:00,-69,11,0,0,0,0,0,0,0,0,0,-91,0,1,0,44924439,0,31,0,128,0,"[0,0,-3,16,-2,15,-1,14,-2,14,-2,15,-1,13,-1,11,-1,13,1,14,2,13,0,11,1,11,2,12,1,10,2,8,5,8,5,8,3,8,3,10,5,11,6,12,5,12,5,12,6,13,5,15,2,16,0,0,0,0,0,0,0,0,0,0,0,0,0,0,0,0,0,0,0,0,0,0,0,2,0,2,1,3,1,4,0,5,0,6,0,7,0,7,0,8,-1,8,-1,8,-1,9,-1,9,-1,10,-1,10,-1,10,0,9,0,9,-1,10,0,10,1,11,1,12,1,14,1,14,1,14,1,16]"
[0;32mI (44959) ftm_responder: Counter = 45[0m
CSI_DATA,157,1a:00:00:00:00:00,-69,11,0,0,0,0,0,0,0,0,0,-91,0,1,0,45125853,0,31,0,128,0,"[0,0,7,-15,6,-15,6,-13,8,-12,9,-14,8,-14,7,-12,8,-11,7,-12,7,-13,7,-12,6,-11,5,-12,4,-12,3,-12,3,-13,3,-13,4,-13,5,-13,5,-14,6,-14,7,-14,8,-14,9,-13,9,-14,9,-15,0,0,0,0,0,0,0,0,0,0,0,0,0,0,0,0,0,0,0,0,0,0,0,-3,-1,-4,-1,-4,0,-5,1,-6,1,-7,1,-7,2,-8,2,-9,2,-9,3,-10,3,-9,4,-9,5,-10,5,-10,4,-10,3,-11,3,-12,4,-12,4,-12,4,-13,4,-13,5,-14,5,-15,4,-15,5,-16]"
CSI_DATA,158,1a:00:00:00:00:00,-69,11,0,0,0,0,0,0,0,0,0,-91,0,1,0,45326622,0,31,0,128,0,"[0,0,15,1,14,2,14,2,15,3,15,3,15,3,14,2,13,1,13,1,13,0,13,0,13,-1,12,-2,11,-3,12,-3,12,-3,12,-3,12,-4,12,-5,13,-5,14,-4,13,-4,13,-3,14,-3,15,-2,15,-1,0,0,0,0,0,0,0,0,0,0,0,0,0,0,0,0,0,0,0,0,0,0,2,0,3,0,4,0,4,-1,5,0,6,0,6,0,8,1,8,1,9,1,9,2,9,2,9,2,9,2,10,2,11,2,11,2,12,2,13,1,13,1,14,2,14,2,14,1,14,2,15,2,15,2]"
CSI_DATA,159,1a:00:00:00:00:00,-69,11,0,0,0,0,0,0,0,0,0,-91,0,1,0,45387036,0,42,0,128,0,"[0,0,-5,-16,-5,-16,-5,-14,-6,-14,-6,-14,-5,-14,-6,-13,-6,-11,-5,-11,-4,-12,-5,-12,-7,-12,-6,-11,-5,-11,-6,-10,-7,-8,-8,-9,-8,-10,-7,-10,-7,-11,-9,-11,-10,-9,-10,-9,-9,-11,-8,-12,-6,-13,0,0,0,0,0,0,0,0,0,0,0,0,0,0,0,0,0,0,0,0,0,0,-1,-2,-2,-3,-2,-4,-3,-5,-3,-5,-3,-6,-3,-7,-2,-7,-2,-8,-2,-8,-2,-9,-2,-9,-2,-10,-2,-10,-3,-10,-3,-10,-4,-11,-4,-11,-5,-12,-5,-12,-5,-12,-6,-13,-6,-14,-6,-14,-6,-14,-5,-15]"
CSI_DATA,160,1a:00:00:00:00:00,-69,11,0,0,0,0,0,0,0,0,0,-91,0,1,0,45455489,0,31,0,128,0,"[0,0,14,-8,14,-10,13,-10,13,-9,12,-8,11,-8,11,-8,11,-8,10,-9,10,-10,9,-10,8,-10,7,-10,6,-9,7,-9,8,-10,8,-10,8,-11,9,-11,9,-11,9,-11,10,-11,10,-11,10,-11,11,-10,12,-9,0,0,0,0,0,0,0,0,0,0,0,0,0,0,0,0,0,0,0,0,0,0,1,-2,1,-3,1,-4,2,-4,2,-5,3,-6,4,-6,5,-6,6,-6,6,-6,7,-6,7,-7,7,-7,7,-7,7,-7,8,-7,9,-8,9,-9,9,-10,9,-10,9,-10,10,-10,11,-10,12,-12,11,-12,11,-12]"
CSI_DATA,161,1a:00:00:00:00:00,-69,11,0,0,0,0,0,0,0,0,0,-91,0,1,0,45655681,0,31,0,128,0,"[0,0,-2,-18,-3,-17,-2,-18,-2,-19,-3,-17,-5,-18,-5,-17,-4,-15,-4,-14,-4,-14,-4,-13,-4,-13,-5,-12,-6,-12,-7,-12,-6,-11,-5,-11,-6,-12,-8,-15,-9,-18,-7,-15,-5,-14,-3,-15,-5,-14,-7,-15,-5,-17,0,0,0,0,0,0,0,0,0,0,0,0,0,0,0,0,0,0,0,0,0,0,-1,-3,-1,-3,-2,-4,-2,-5,-2,-6,-2,-6,-2,-7,-2,-8,-2,-8,-2,-9,-2,-10,-2,-10,-1,-10,-1,-10,-2,-10,-3,-11,-4,-12,-5,-13,-5,-13,-6,-12,-6,-12,-6,-14,-5,-15,-5,-16,-6,-18,-6,-18]"
CSI_DATA,162,1a:00:00:00:00:00,-70,11,0,0,0,0,0,0,0,0,0,-91,0,1,0,45856032,0,31,0,128,0,"[0,0,0,16,0,16,0,14,0,13,1,14,1,15,1,15,0,12,-1,12,-1,11,0,11,2,11,3,12,3,12,4,13,5,12,6,11,7,11,6,12,7,15,7,17,6,15,5,12,4,13,4,16,3,17,0,0,0,0,0,0,0,0,0,0,0,0,0,0,0,0,0,0,0,0,0,0,-1,2,0,2,0,3,0,3,0,4,0,5,0,6,0,6,0,7,0,8,-1,8,-1,8,-1,8,-1,9,0,10,0,10,0,11,0,11,0,11,1,12,2,13,2,13,2,14,2,14,2,14,1,14]"
[0;32mI (45959) ftm_responder: Counter = 46[0m
CSI_DATA,163,1a:00:00:00:00:00,-68,11,0,0,0,0,0,0,0,0,0,-91,0,1,0,46057196,0,31,0,128,0,"[0,0,7,-13,5,-15,4,-16,7,-15,8,-13,6,-13,6,-13,6,-13,5,-12,5,-11,5,-12,6,-13,5,-14,4,-14,2,-14,2,-15,2,-15,2,-14,2,-14,3,-14,4,-15,4,-15,5,-15,6,-15,7,-15,7,-15,0,0,0,0,0,0,0,0,0,0,0,0,0,0,0,0,0,0,0,0,0,0,0,-3,0,-3,0,-4,0,-5,1,-5,2,-7,2,-8,3,-9,3,-8,3,-9,3,-10,4,-10,5,-9,5,-9,5,-10,4,-10,4,-10,4,-11,4,-11,5,-10,5,-11,4,-14,4,-14,5,-13,6,-15,6,-17]"
CSI_DATA,164,1a:00:00:00:00:00,-69,11,0,0,0,0,0,0,0,0,0,-91,0,1,0,46259676,0,31,0,128,0,"[0,0,-14,-4,-15,-3,-15,-3,-12,-4,-11,-4,-13,-4,-13,-4,-12,-2,-11,-1,-11,-1,-10,-1,-10,-1,-11,-1,-12,0,-13,1,-12,1,-12,3,-11,4,-11,3,-12,3,-13,3,-13,3,-13,1,-13,0,-14,-1,-15,-3,0,0,0,0,0,0,0,0,0,0,0,0,0,0,0,0,0,0,0,0,0,0,-2,-2,-3,-1,-3,-1,-4,-1,-6,-2,-6,-2,-6,-2,-7,-2,-7,-3,-7,-4,-7,-4,-7,-4,-7,-4,-8,-4,-9,-4,-9,-4,-10,-4,-10,-3,-11,-3,-12,-2,-12,-1,-13,-3,-15,-3,-15,-2,-15,-3,-15,-4]"
CSI_DATA,165,1a:00:00:00:00:00,-68,11,0,0,0,0,0,0,0,0,0,-91,0,1,0,46459700,0,31,0,128,0,"[0,0,17,-1,18,-1,18,0,18,0,18,0,17,-2,16,-4,17,-3,20,-1,18,-1,11,-3,10,-5,13,-5,13,-4,10,-7,10,-8,10,-8,10,-7,12,-6,14,-7,15,-8,12,-10,13,-11,17,-10,18,-8,16,-6,0,0,0,0,0,0,0,0,0,0,0,0,0,0,0,0,0,0,0,0,0,0,3,-1,4,-1,5,-1,6,-1,7,-1,8,-1,8,0,9,0,10,1,10,1,11,1,11,1,12,1,12,0,13,0,14,0,14,0,14,0,15,0,16,-1,16,-1,17,-1,17,-1,17,-2,19,-2,20,-2]"
CSI_DATA,166,1a:00:00:00:00:00,-69,11,0,0,0,0,0,0,0,0,0,-91,0,1,0,46660817,0,31,0,128,0,"[0,0,8,12,8,13,8,12,9,10,9,8,9,8,10,7,9,7,7,7,7,6,9,5,9,5,9,5,9,5,10,4,10,3,11,3,10,4,10,5,11,4,12,3,11,3,10,4,10,5,11,6,11,8,0,0,0,0,0,0,0,0,0,0,0,0,0,0,0,0,0,0,0,0,0,0,2,1,2,1,3,2,3,3,4,4,4,4,5,5,5,5,5,6,5,6,5,7,5,6,5,7,6,7,6,7,6,8,6,8,6,8,7,8,7,7,9,8,9,9,8,10,9,11,9,11,9,11]"
CSI_DATA,167,1a:00:00:00:00:00,-69,11,0,0,0,0,0,0,0,0,0,-91,0,1,0,46861983,0,31,0,128,0,"[0,0,15,1,14,1,14,0,14,-1,13,-1,13,1,13,1,11,-1,11,-1,11,-1,9,-2,9,-2,10,-3,9,-4,10,-5,11,-5,10,-4,9,-4,9,-5,10,-6,11,-6,11,-6,12,-5,12,-4,11,-4,10,-4,0,0,0,0,0,0,0,0,0,0,0,0,0,0,0,0,0,0,0,0,0,0,2,-1,3,-1,4,-1,4,-1,5,-1,6,-1,7,0,7,0,8,0,8,1,8,1,8,1,8,1,9,1,9,1,9,0,10,-1,11,-1,11,-1,12,-1,13,-1,13,0,13,0,13,0,14,0,14,0]"
CSI_DATA,168,1a:00:00:00:00:00,-69,11,0,0,0,0,0,0,0,0,0,-91,0,1,0,46922399,0,42,0,128,0,"[0,0,-1,15,-2,15,-2,15,-2,14,-2,14,-2,13,0,13,0,13,0,13,1,12,2,12,3,12,3,12,3,11,4,11,4,11,4,12,5,12,5,11,5,11,5,12,5,13,5,13,5,13,4,13,2,14,0,0,0,0,0,0,0,0,0,0,0,0,0,0,0,0,0,0,0,0,0,0,-1,3,0,4,0,4,0,5,-1,6,-1,7,-2,7,-2,8,-2,8,-2,9,-2,9,-2,10,-2,11,-2,11,-2,11,-2,11,-2,12,-2,12,-2,13,-1,14,-1,15,-1,15,-1,15,-1,15,-1,15,-1,16]"
[0;32mI (46959) ftm_responder: Counter = 47[0m
CSI_DATA,169,1a:00:00:00:00:00,-69,11,0,0,0,0,0,0,0,0,0,-91,0,1,0,46992240,0,31,0,128,0,"[0,0,6,13,6,13,6,13,5,14,5,13,5,12,5,11,6,11,6,11,6,11,6,10,5,9,5,8,7,8,7,7,8,7,8,8,8,8,9,9,8,9,8,9,8,10,8,10,8,10,8,11,8,11,0,0,0,0,0,0,0,0,0,0,0,0,0,0,0,0,0,0,0,0,0,0,2,2,2,2,2,2,3,3,3,4,4,5,4,5,4,6,4,6,4,7,4,7,4,8,5,8,5,8,5,9,5,9,5,9,6,9,7,10,7,10,7,10,7,10,8,11,9,12,8,12,8,13]"
CSI_DATA,170,1a:00:00:00:00:00,-70,11,0,0,0,0,0,0,0,0,0,-91,0,1,0,47196433,0,31,0,128,0,"[0,0,13,-8,12,-7,13,-6,13,-6,12,-7,12,-8,11,-6,11,-6,11,-8,11,-9,10,-8,10,-8,9,-10,9,-10,9,-9,9,-9,8,-9,8,-10,8,-10,9,-9,9,-10,10,-10,11,-10,11,-10,12,-9,12,-8,0,0,0,0,0,0,0,0,0,0,0,0,0,0,0,0,0,0,0,0,0,0,2,-3,2,-3,3,-4,3,-4,4,-6,4,-6,5,-6,6,-6,7,-6,8,-6,7,-6,8,-6,8,-7,9,-7,10,-7,10,-8,10,-9,10,-9,11,-8,11,-7,11,-8,11,-9,12,-9,12,-9,12,-10,13,-10]"
CSI_DATA,171,1a:00:00:00:00:00,-69,11,0,0,0,0,0,0,0,0,0,-91,0,1,0,47400754,0,31,0,128,0,"[0,0,6,13,7,14,7,13,9,12,10,12,8,13,7,13,8,12,8,10,7,9,7,8,8,8,8,7,8,7,8,7,9,7,9,7,11,8,10,8,9,8,10,7,11,8,10,9,8,10,8,11,9,11,0,0,0,0,0,0,0,0,0,0,0,0,0,0,0,0,0,0,0,0,0,0,2,2,2,2,3,3,3,3,4,4,4,5,4,5,5,6,5,7,5,7,5,7,5,7,5,8,6,8,6,8,6,9,6,10,7,10,7,10,7,10,8,10,8,11,9,11,11,12,11,14,10,14]"
CSI_DATA,172,1a:00:00:00:00:00,-69,11,0,0,0,0,0,0,0,0,0,-91,0,1,0,47797354,0,31,0,128,0,"[0,0,9,-14,10,-13,9,-13,9,-14,10,-12,10,-11,8,-12,6,-14,5,-13,5,-12,5,-12,4,-12,3,-12,3,-11,2,-11,1,-13,0,-13,0,-13,0,-14,0,-15,0,-14,0,-14,1,-15,2,-15,2,-15,3,-16,0,0,0,0,0,0,0,0,0,0,0,0,0,0,0,0,0,0,0,0,0,0,2,-3,2,-3,3,-4,4,-4,4,-5,5,-5,5,-6,6,-6,7,-6,7,-6,7,-6,7,-6,7,-6,8,-6,8,-7,8,-8,8,-9,8,-9,8,-9,8,-10,8,-11,9,-12,10,-14,10,-13,12,-11,13,-11]"
[0;32mI (47959) ftm_responder: Counter = 48[0m
CSI_DATA,173,1a:00:00:00:00:00,-69,11,0,0,0,0,0,0,0,0,0,-91,0,1,0,47998103,0,31,0,128,0,"[0,0,13,13,15,11,15,13,13,11,12,8,12,9,11,12,12,10,13,8,13,8,12,6,12,5,12,6,13,5,14,3,15,2,17,4,16,6,15,6,15,5,17,5,17,6,16,7,16,7,16,6,15,7,0,0,0,0,0,0,0,0,0,0,0,0,0,0,0,0,0,0,0,0,0,0,3,1,4,2,4,2,5,3,6,3,7,5,7,5,7,6,7,6,7,7,8,8,8,8,8,9,7,10,8,10,10,9,11,10,10,10,10,9,11,10,15,9,16,9,15,11,15,12,16,12,14,13]"
CSI_DATA,174,1a:00:00:00:00:00,-69,11,0,0,0,0,0,0,0,0,0,-91,0,1,0,48200660,0,31,0,128,0,"[0,0,11,-13,11,-13,10,-12,10,-12,11,-13,9,-12,8,-11,7,-11,6,-11,5,-11,4,-10,4,-10,4,-10,3,-8,2,-10,2,-13,2,-14,2,-13,2,-13,4,-14,4,-15,4,-14,5,-13,6,-13,6,-14,8,-14,0,0,0,0,0,0,0,0,0,0,0,0,0,0,0,0,0,0,0,0,0,0,1,-3,1,-4,1,-5,2,-6,3,-6,3,-6,4,-7,4,-7,5,-8,5,-7,6,-7,6,-7,7,-8,6,-9,6,-9,6,-10,7,-10,7,-10,7,-11,7,-11,7,-12,8,-12,8,-13,7,-14,7,-14,9,-14]"
CSI_DATA,175,1a:00:00:00:00:00,-69,11,0,0,0,0,0,0,0,0,0,-91,0,1,0,48400522,0,31,0,128,0,"[0,0,-19,-2,-18,-2,-18,-1,-18,-1,-17,-1,-16,-2,-15,-1,-15,0,-15,0,-14,1,-12,2,-12,3,-13,3,-14,4,-13,4,-13,4,-12,6,-12,7,-13,7,-14,6,-15,7,-16,7,-15,6,-15,5,-17,5,-17,4,0,0,0,0,0,0,0,0,0,0,0,0,0,0,0,0,0,0,0,0,0,0,-4,0,-5,0,-6,0,-7,0,-7,0,-8,0,-9,-1,-9,-1,-10,-1,-10,-1,-11,-2,-12,-2,-12,-2,-13,-2,-14,-2,-14,-2,-14,-1,-14,-1,-14,-1,-15,-1,-16,0,-16,1,-16,1,-16,1,-17,1,-17,-1]"
CSI_DATA,176,1a:00:00:00:00:00,-69,11,0,0,0,0,0,0,0,0,0,-91,0,1,0,48461015,0,42,0,128,0,"[0,0,15,7,15,7,14,7,13,7,12,7,11,7,11,7,11,6,11,5,11,5,12,4,12,4,11,3,11,2,12,2,12,1,12,1,13,1,13,2,13,2,13,2,14,2,14,2,14,3,13,5,13,5,0,0,0,0,0,0,0,0,0,0,0,0,0,0,0,0,0,0,0,0,0,0,2,0,3,0,4,0,5,1,6,1,6,2,7,2,8,3,8,3,8,4,9,4,9,5,9,4,9,4,10,5,10,5,11,5,11,5,12,5,12,5,13,5,13,5,14,5,15,6,15,7,15,7]"
[0;32mI (48959) ftm_responder: Counter = 49[0m
CSI_DATA,177,1a:00:00:00:00:00,-70,11,0,0,0,0,0,0,0,0,0,-91,0,1,0,48964658,0,42,0,128,0,"[0,0,-7,14,-7,14,-7,13,-8,13,-8,13,-8,13,-8,12,-6,11,-6,12,-5,12,-4,11,-3,11,-3,11,-4,12,-2,12,-1,12,-1,12,-1,12,-1,13,-1,14,-1,15,-2,15,-2,15,-2,15,-3,15,-4,14,0,0,0,0,0,0,0,0,0,0,0,0,0,0,0,0,0,0,0,0,0,0,-2,3,-2,3,-2,4,-2,5,-3,5,-3,6,-3,7,-4,7,-4,8,-5,8,-5,9,-5,9,-5,10,-5,10,-5,10,-6,10,-6,11,-5,11,-5,12,-5,13,-5,14,-5,15,-6,15,-6,15,-6,15,-6,15]"
CSI_DATA,178,1a:00:00:00:00:00,-70,11,0,0,0,0,0,0,0,0,0,-91,0,1,0,49461970,0,42,0,128,0,"[0,0,15,-8,14,-9,13,-8,13,-8,13,-8,13,-8,12,-7,11,-7,11,-8,11,-8,9,-9,9,-9,9,-9,9,-9,9,-10,9,-10,9,-11,9,-11,9,-11,10,-11,10,-10,10,-11,11,-12,12,-11,13,-11,13,-11,0,0,0,0,0,0,0,0,0,0,0,0,0,0,0,0,0,0,0,0,0,0,2,-3,2,-4,3,-4,3,-5,4,-5,5,-5,6,-5,6,-6,7,-7,7,-7,8,-7,8,-7,8,-7,9,-8,9,-8,9,-8,9,-8,10,-9,10,-10,10,-10,11,-10,11,-10,11,-11,12,-12,13,-10,14,-8]"
CSI_DATA,179,1a:00:00:00:00:00,-70,11,0,0,0,0,0,0,0,0,0,-91,0,1,0,49554510,0,31,0,128,0,"[0,0,-15,4,-15,6,-16,5,-16,5,-15,4,-15,3,-15,3,-15,4,-14,5,-12,5,-12,6,-11,8,-11,6,-11,5,-10,6,-10,6,-11,8,-11,11,-11,11,-10,9,-9,9,-10,9,-12,9,-12,8,-14,6,-15,6,0,0,0,0,0,0,0,0,0,0,0,0,0,0,0,0,0,0,0,0,0,0,-4,1,-4,1,-5,1,-6,2,-6,2,-7,2,-8,2,-9,2,-10,2,-10,2,-11,1,-11,1,-11,2,-12,2,-11,2,-12,2,-13,3,-14,4,-14,4,-14,4,-15,5,-15,6,-15,7,-17,6,-18,5,-18,4]"
CSI_DATA,180,1a:00:00:00:00:00,-70,11,0,0,0,0,0,0,0,0,0,-91,0,1,0,49756302,0,31,0,128,0,"[0,0,-4,-19,-4,-17,-5,-17,-5,-18,-5,-16,-4,-15,-5,-14,-4,-13,-4,-13,-4,-13,-5,-13,-5,-13,-6,-12,-7,-11,-7,-10,-7,-10,-7,-11,-8,-11,-8,-12,-7,-12,-7,-13,-9,-14,-8,-14,-7,-15,-7,-16,-6,-16,0,0,0,0,0,0,0,0,0,0,0,0,0,0,0,0,0,0,0,0,0,0,-3,-4,-3,-4,-4,-4,-4,-5,-5,-6,-5,-7,-5,-7,-5,-8,-5,-9,-6,-9,-6,-10,-6,-10,-6,-10,-6,-10,-6,-11,-6,-11,-7,-12,-7,-12,-8,-13,-8,-13,-8,-14,-8,-14,-9,-14,-9,-14,-9,-15,-8,-16]"
[0;32mI (49959) ftm_responder: Counter = 50[0m
CSI_DATA,181,1a:00:00:00:00:00,-69,11,0,0,0,0,0,0,0,0,0,-91,0,1,0,49960975,0,31,0,128,0,"[0,0,1,16,3,15,2,15,1,15,2,15,3,14,2,13,2,12,4,12,4,12,4,12,4,11,4,11,5,10,5,10,6,10,6,11,6,11,6,11,6,11,6,12,5,12,5,13,4,13,3,15,3,15,0,0,0,0,0,0,0,0,0,0,0,0,0,0,0,0,0,0,0,0,0,0,2,2,2,2,3,3,3,4,4,5,5,5,5,6,4,6,5,7,5,7,4,8,4,8,5,9,5,9,5,10,4,10,4,11,5,12,6,12,6,13,6,14,8,14,7,14,7,15,7,15,6,15]"
CSI_DATA,182,1a:00:00:00:00:00,-70,11,0,0,0,0,0,0,0,0,0,-91,0,1,0,50169070,0,31,0,128,0,"[0,0,-9,-15,-10,-15,-10,-15,-10,-14,-9,-13,-9,-15,-9,-16,-8,-13,-9,-12,-10,-14,-10,-13,-10,-10,-10,-8,-11,-8,-11,-9,-11,-9,-11,-8,-10,-9,-9,-10,-9,-10,-11,-9,-11,-9,-10,-9,-11,-11,-11,-14,-11,-15,0,0,0,0,0,0,0,0,0,0,0,0,0,0,0,0,0,0,0,0,0,0,-3,-3,-3,-3,-4,-4,-4,-4,-5,-5,-5,-6,-5,-7,-6,-7,-6,-7,-6,-8,-6,-9,-6,-10,-6,-10,-6,-10,-6,-10,-7,-10,-8,-10,-9,-11,-9,-12,-9,-12,-9,-12,-10,-12,-10,-13,-10,-14,-10,-15,-11,-15]"
CSI_DATA,183,1a:00:00:00:00:00,-69,11,0,0,0,0,0,0,0,0,0,-91,0,1,0,50359317,0,31,0,128,0,"[0,0,15,1,16,1,15,1,14,-2,15,-3,15,-3,14,-3,11,-2,11,-1,12,-2,12,-3,11,-3,11,-4,12,-5,12,-6,10,-6,10,-6,11,-7,12,-6,13,-6,13,-6,13,-5,14,-4,15,-3,15,-2,15,-1,0,0,0,0,0,0,0,0,0,0,0,0,0,0,0,0,0,0,0,0,0,0,2,-1,3,-2,3,-3,4,-3,5,-3,6,-2,7,-1,7,-2,8,-2,9,-3,9,-2,10,-1,10,0,11,-1,12,-2,13,-3,12,-4,13,-3,14,-4,14,-5,14,-5,13,-5,12,-4,14,-2,16,-1,16,-1]"
CSI_DATA,184,1a:00:00:00:00:00,-70,11,0,0,0,0,0,0,0,0,0,-91,0,1,0,50560746,0,31,0,128,0,"[0,0,14,10,14,9,14,7,11,6,8,6,7,6,8,9,9,8,9,4,10,3,9,4,9,3,11,2,12,2,12,1,13,1,13,2,12,1,11,1,12,2,14,3,15,3,14,4,13,5,13,6,14,7,0,0,0,0,0,0,0,0,0,0,0,0,0,0,0,0,0,0,0,0,0,0,1,1,1,2,2,2,3,2,4,2,4,3,5,3,6,4,6,4,6,5,6,5,8,5,9,5,8,5,7,6,8,6,9,6,9,6,9,5,10,6,10,6,10,6,12,7,13,9,14,11,14,11]"
CSI_DATA,185,1a:00:00:00:00:00,-71,11,0,0,0,0,0,0,0,0,0,-91,0,1,0,50761660,0,31,0,128,0,"[0,0,-9,-14,-11,-16,-11,-15,-10,-14,-11,-14,-11,-14,-11,-14,-10,-13,-10,-11,-12,-11,-11,-10,-10,-9,-11,-9,-11,-11,-13,-11,-13,-11,-12,-10,-12,-9,-13,-10,-13,-9,-13,-11,-12,-13,-11,-13,-11,-14,-12,-15,-12,-15,0,0,0,0,0,0,0,0,0,0,0,0,0,0,0,0,0,0,0,0,0,0,-3,-3,-4,-3,-4,-3,-5,-3,-6,-4,-7,-4,-7,-5,-7,-6,-8,-6,-8,-7,-8,-7,-9,-8,-9,-8,-9,-8,-9,-9,-10,-9,-10,-9,-11,-9,-11,-9,-12,-10,-13,-10,-14,-12,-15,-13,-15,-13,-14,-13,-13,-13]"
[0;32mI (50959) ftm_responder: Counter = 51[0m
CSI_DATA,186,1a:00:00:00:00:00,-69,11,0,0,0,0,0,0,0,0,0,-91,0,1,0,50963007,0,31,0,128,0,"[0,0,-1,-14,-1,-14,-1,-14,-1,-15,-2,-15,-2,-13,-1,-12,1,-12,0,-11,-3,-10,-4,-9,-7,-9,-8,-8,-6,-8,-6,-8,-7,-9,-7,-10,-9,-9,-10,-9,-8,-12,-8,-14,-8,-13,-9,-11,-8,-11,-6,-11,-6,-11,0,0,0,0,0,0,0,0,0,0,0,0,0,0,0,0,0,0,0,0,0,0,0,-2,0,-3,0,-4,0,-4,0,-5,0,-6,1,-6,1,-6,1,-7,1,-7,2,-7,1,-7,1,-8,0,-8,0,-9,-1,-10,-1,-10,-1,-10,-1,-10,-2,-11,-2,-11,-2,-12,-2,-13,-2,-13,-2,-13,0,-13]"
CSI_DATA,187,1a:00:00:00:00:00,-70,11,0,0,0,0,0,0,0,0,0,-91,0,1,0,51022849,0,42,0,128,0,"[0,0,-15,6,-16,8,-16,8,-15,7,-15,7,-14,7,-14,6,-13,6,-13,7,-13,7,-13,8,-11,7,-10,7,-10,8,-11,9,-11,10,-11,11,-10,11,-10,12,-11,12,-12,11,-12,10,-13,10,-14,10,-14,9,-15,8,0,0,0,0,0,0,0,0,0,0,0,0,0,0,0,0,0,0,0,0,0,0,-3,1,-3,1,-4,1,-5,2,-5,3,-6,3,-7,3,-8,3,-8,3,-9,3,-9,3,-10,3,-10,4,-10,4,-11,4,-11,5,-12,6,-12,6,-12,6,-12,6,-12,7,-13,7,-14,7,-14,8,-15,8,-15,8]"
CSI_DATA,188,1a:00:00:00:00:00,-69,11,0,0,0,0,0,0,0,0,0,-91,0,1,0,51087889,0,31,0,128,0,"[0,0,-11,11,-10,11,-9,12,-10,12,-9,11,-8,11,-8,11,-8,10,-7,9,-7,11,-8,11,-8,9,-7,10,-5,11,-4,10,-4,10,-4,12,-5,14,-5,14,-6,13,-6,13,-7,13,-8,13,-9,13,-8,13,-9,12,0,0,0,0,0,0,0,0,0,0,0,0,0,0,0,0,0,0,0,0,0,0,-2,1,-2,2,-3,3,-3,3,-3,4,-3,5,-4,5,-4,6,-4,6,-4,6,-5,6,-5,6,-6,7,-6,8,-6,8,-7,8,-7,8,-7,8,-7,9,-7,10,-7,10,-7,12,-7,12,-8,12,-8,12,-8,12]"
CSI_DATA,189,1a:00:00:00:00:00,-69,11,0,0,0,0,0,0,0,0,0,-91,0,1,0,51292262,0,31,0,128,0,"[0,0,17,-3,17,-3,17,-3,17,-4,17,-4,16,-3,14,-4,13,-6,14,-5,15,-3,14,-3,14,-6,14,-7,13,-7,12,-7,12,-8,12,-9,12,-10,13,-11,14,-11,16,-10,17,-9,16,-9,16,-8,16,-7,17,-6,0,0,0,0,0,0,0,0,0,0,0,0,0,0,0,0,0,0,0,0,0,0,2,-1,3,-1,4,-1,4,-1,5,-2,6,-2,7,-2,7,-2,8,-2,9,-2,9,-2,9,-2,10,-2,11,-2,11,-3,12,-3,12,-4,13,-4,15,-5,15,-3,15,-3,15,-4,15,-4,16,-2,16,-3,15,-4]"
CSI_DATA,190,1a:00:00:00:00:00,-70,11,0,0,0,0,0,0,0,0,0,-91,0,1,0,51488473,0,31,0,128,0,"[0,0,14,-6,13,-6,12,-5,13,-6,13,-7,11,-6,11,-6,11,-6,10,-6,10,-6,10,-6,9,-7,9,-7,9,-7,9,-8,8,-9,8,-9,9,-9,10,-6,11,-5,12,-6,11,-6,10,-6,12,-6,12,-7,10,-7,0,0,0,0,0,0,0,0,0,0,0,0,0,0,0,0,0,0,0,0,0,0,1,-1,1,-2,2,-2,2,-3,3,-3,4,-3,4,-3,5,-4,5,-4,6,-4,6,-4,7,-4,7,-5,8,-5,8,-5,8,-5,9,-5,9,-5,9,-6,10,-6,10,-7,10,-7,10,-7,11,-7,11,-6,12,-6]"
CSI_DATA,191,1a:00:00:00:00:00,-69,11,0,0,0,0,0,0,0,0,0,-91,0,1,0,51689632,0,31,0,128,0,"[0,0,-14,-10,-12,-12,-10,-12,-9,-11,-10,-10,-12,-10,-12,-10,-12,-9,-12,-9,-12,-8,-11,-7,-12,-6,-12,-5,-12,-6,-12,-6,-13,-5,-14,-5,-14,-4,-13,-4,-14,-4,-14,-5,-14,-6,-14,-7,-14,-7,-14,-8,-14,-9,0,0,0,0,0,0,0,0,0,0,0,0,0,0,0,0,0,0,0,0,0,0,-2,-2,-2,-2,-3,-2,-3,-2,-4,-3,-5,-4,-5,-4,-6,-4,-6,-5,-7,-5,-7,-6,-7,-6,-7,-6,-7,-6,-8,-7,-8,-7,-9,-8,-9,-8,-9,-6,-9,-5,-10,-6,-11,-7,-12,-8,-13,-9,-14,-9,-15,-7]"
CSI_DATA,192,1a:00:00:00:00:00,-70,11,0,0,0,0,0,0,0,0,0,-91,0,1,0,51892192,0,31,0,128,0,"[0,0,12,-12,10,-11,10,-11,10,-12,11,-12,10,-10,8,-9,8,-9,8,-9,8,-10,8,-9,7,-10,4,-11,4,-12,4,-12,4,-11,4,-11,3,-12,3,-14,4,-14,4,-13,5,-13,5,-13,5,-13,6,-12,7,-13,0,0,0,0,0,0,0,0,0,0,0,0,0,0,0,0,0,0,0,0,0,0,0,-2,1,-2,1,-3,2,-4,3,-4,3,-4,3,-5,4,-6,4,-6,5,-6,6,-7,6,-7,6,-7,6,-7,7,-7,7,-7,7,-8,7,-9,8,-9,8,-8,7,-8,7,-9,7,-9,6,-9,7,-11,10,-13]"
[0;32mI (51959) ftm_responder: Counter = 52[0m
CSI_DATA,193,1a:00:00:00:00:00,-69,11,0,0,0,0,0,0,0,0,0,-91,0,1,0,52092169,0,31,0,128,0,"[0,0,3,17,5,16,3,15,2,15,4,14,4,13,4,13,4,12,4,12,4,12,5,11,6,10,5,10,5,11,6,11,6,11,6,10,6,10,6,11,7,12,7,12,6,13,5,14,4,14,3,15,2,14,0,0,0,0,0,0,0,0,0,0,0,0,0,0,0,0,0,0,0,0,0,0,1,1,1,1,2,1,3,2,3,3,4,4,4,4,4,5,4,5,4,6,4,7,5,7,4,7,4,8,5,8,5,8,5,9,6,9,6,9,6,10,7,10,7,11,7,11,8,12,8,13,7,14]"
CSI_DATA,194,1a:00:00:00:00:00,-69,11,0,0,0,0,0,0,0,0,0,-91,0,1,0,52293295,0,31,0,128,0,"[0,0,-16,10,-16,10,-15,9,-14,8,-14,8,-14,7,-13,4,-15,4,-16,5,-14,6,-14,6,-15,8,-14,8,-11,7,-10,8,-12,9,-14,9,-13,10,-12,8,-14,6,-14,7,-15,8,-16,9,-15,9,-15,9,-17,8,0,0,0,0,0,0,0,0,0,0,0,0,0,0,0,0,0,0,0,0,0,0,-1,1,-2,2,-2,3,-3,4,-3,5,-4,5,-5,5,-6,5,-7,6,-7,6,-7,6,-8,6,-8,7,-9,7,-9,6,-9,6,-8,7,-9,7,-9,7,-11,8,-12,9,-13,10,-13,10,-13,11,-14,12,-14,12]"
CSI_DATA,195,1a:00:00:00:00:00,-69,11,0,0,0,0,0,0,0,0,0,-91,0,1,0,52496047,0,31,0,128,0,"[0,0,14,-10,14,-12,13,-13,11,-12,10,-11,10,-9,10,-8,10,-9,9,-8,7,-7,5,-9,4,-11,5,-12,6,-13,7,-12,7,-10,9,-12,11,-14,11,-15,10,-13,7,-13,7,-14,8,-13,8,-12,9,-12,12,-15,0,0,0,0,0,0,0,0,0,0,0,0,0,0,0,0,0,0,0,0,0,0,1,-3,1,-3,2,-3,3,-4,3,-5,4,-6,4,-6,5,-6,6,-6,6,-6,7,-6,7,-6,6,-6,7,-7,8,-7,8,-8,8,-8,9,-8,9,-9,8,-10,10,-11,11,-10,10,-11,10,-11,10,-11,10,-12]"
CSI_DATA,196,1a:00:00:00:00:00,-69,11,0,0,0,0,0,0,0,0,0,-91,0,1,0,52554902,0,42,0,128,0,"[0,0,-13,-12,-12,-12,-12,-12,-13,-12,-13,-12,-13,-11,-12,-11,-12,-10,-12,-9,-12,-7,-13,-7,-13,-7,-13,-6,-13,-6,-13,-6,-13,-6,-13,-6,-14,-6,-15,-6,-15,-7,-16,-7,-16,-8,-16,-8,-16,-9,-15,-10,-13,-10,0,0,0,0,0,0,0,0,0,0,0,0,0,0,0,0,0,0,0,0,0,0,-3,-2,-3,-2,-4,-3,-5,-3,-5,-4,-6,-5,-6,-5,-6,-6,-7,-7,-7,-7,-7,-7,-7,-8,-8,-8,-8,-9,-9,-9,-9,-9,-10,-9,-10,-9,-10,-9,-11,-10,-11,-10,-12,-9,-13,-10,-13,-11,-13,-12,-13,-11]"
CSI_DATA,197,1a:00:00:00:00:00,-69,11,0,0,0,0,0,0,0,0,0,-91,0,1,0,52623758,0,31,0,128,0,"[0,0,-12,-8,-13,-8,-13,-8,-13,-6,-14,-6,-14,-6,-11,-3,-8,-3,-9,-4,-11,-3,-9,-2,-7,0,-10,0,-12,-1,-13,-1,-13,-1,-13,-2,-14,0,-14,0,-13,-1,-13,-1,-14,0,-15,-1,-17,-2,-16,-3,-15,-4,0,0,0,0,0,0,0,0,0,0,0,0,0,0,0,0,0,0,0,0,0,0,-3,-1,-3,-1,-4,-2,-5,-2,-5,-3,-6,-3,-6,-4,-6,-5,-7,-6,-7,-6,-8,-6,-8,-5,-7,-5,-7,-6,-7,-8,-9,-7,-9,-5,-10,-6,-8,-8,-9,-7,-13,-6,-16,-7,-16,-8,-17,-8,-16,-8,-14,-9]"
CSI_DATA,198,1a:00:00:00:00:00,-69,11,0,0,0,0,0,0,0,0,0,-91,0,1,0,52828170,0,31,0,128,0,"[0,0,6,12,5,11,6,12,6,12,6,12,6,12,5,11,5,11,6,11,6,9,7,7,7,7,7,8,7,8,7,7,8,7,9,7,9,7,9,8,9,8,8,9,7,10,8,10,8,11,7,12,7,12,0,0,0,0,0,0,0,0,0,0,0,0,0,0,0,0,0,0,0,0,0,0,2,1,2,1,3,2,3,3,3,4,3,4,3,5,4,6,3,7,3,7,3,7,4,8,4,8,4,8,4,8,5,8,5,9,5,9,5,10,6,10,7,11,7,11,7,12,7,12,8,12,9,13]"
[0;32mI (52959) ftm_responder: Counter = 53[0m
CSI_DATA,199,1a:00:00:00:00:00,-69,11,0,0,0,0,0,0,0,0,0,-91,0,1,0,53024274,0,31,0,128,0,"[0,0,3,-16,3,-16,3,-16,3,-15,2,-15,1,-14,2,-14,2,-13,1,-13,0,-13,-1,-13,-2,-13,-3,-12,-3,-12,-3,-12,-3,-12,-3,-11,-4,-12,-4,-15,-4,-16,-2,-14,0,-15,0,-15,-2,-12,-3,-11,1,-14,0,0,0,0,0,0,0,0,0,0,0,0,0,0,0,0,0,0,0,0,0,0,0,-3,0,-4,0,-5,0,-5,1,-6,2,-7,2,-8,2,-8,3,-8,3,-8,3,-9,3,-9,3,-10,3,-10,3,-10,3,-11,2,-12,2,-12,3,-12,3,-12,2,-13,2,-15,2,-16,2,-15,2,-16,2,-16]"
CSI_DATA,200,1a:00:00:00:00:00,-69,11,0,0,0,0,0,0,0,0,0,-91,0,1,0,53226853,0,31,0,128,0,"[0,0,4,18,3,18,3,17,3,15,3,13,3,14,3,15,4,15,4,13,4,11,5,11,5,11,5,11,5,11,6,11,7,11,7,10,8,9,8,9,8,10,9,11,9,11,7,11,6,12,6,12,6,14,0,0,0,0,0,0,0,0,0,0,0,0,0,0,0,0,0,0,0,0,0,0,1,2,1,3,1,4,1,4,1,5,1,6,2,7,1,8,1,8,0,8,0,9,-1,10,0,11,0,10,0,10,1,11,1,12,1,12,1,12,3,14,4,15,4,15,4,15,4,15,3,15,3,16]"
CSI_DATA,201,1a:00:00:00:00:00,-69,11,0,0,0,0,0,0,0,0,0,-91,0,1,0,53428144,0,31,0,128,0,"[0,0,1,13,2,13,0,12,-1,15,-1,16,-2,14,-2,13,-1,13,-1,12,-1,12,0,13,1,12,3,10,4,10,4,10,3,10,2,11,1,10,1,10,3,12,4,14,3,14,3,14,3,14,2,14,2,15,0,0,0,0,0,0,0,0,0,0,0,0,0,0,0,0,0,0,0,0,0,0,2,2,2,2,2,3,3,3,3,4,3,5,3,6,3,7,3,8,3,8,4,9,3,9,3,10,2,11,2,10,3,11,4,12,5,11,5,11,4,11,4,11,4,13,4,15,3,15,3,15,3,17]"
CSI_DATA,202,1a:00:00:00:00:00,-69,11,0,0,0,0,0,0,0,0,0,-91,0,1,0,53629252,0,31,0,128,0,"[0,0,-7,16,-7,15,-6,13,-6,12,-6,14,-4,15,-3,14,-3,13,-5,13,-5,12,-3,11,-3,11,-2,12,0,10,-1,11,-1,12,0,12,0,13,0,13,1,12,0,11,-1,11,-1,13,-2,15,-3,15,-5,17,0,0,0,0,0,0,0,0,0,0,0,0,0,0,0,0,0,0,0,0,0,0,-1,3,-1,4,-1,5,-1,5,-1,6,-2,7,-3,7,-3,7,-3,8,-4,9,-4,9,-4,9,-5,9,-5,9,-4,10,-4,10,-4,11,-5,11,-4,12,-3,13,-3,13,-3,13,-3,15,-2,16,-3,16,-5,17]"
CSI_DATA,203,1a:00:00:00:00:00,-70,11,0,0,0,0,0,0,0,0,0,-91,0,1,0,53829058,0,31,0,128,0,"[0,0,-2,-17,-1,-16,0,-15,0,-15,-1,-15,-1,-15,-2,-14,-3,-13,-3,-12,-3,-11,-4,-11,-5,-12,-5,-12,-6,-11,-7,-10,-8,-11,-8,-11,-8,-11,-9,-11,-10,-12,-9,-12,-9,-13,-8,-13,-7,-14,-6,-14,-5,-16,0,0,0,0,0,0,0,0,0,0,0,0,0,0,0,0,0,0,0,0,0,0,0,-4,-1,-4,-1,-5,-1,-7,-1,-7,-1,-8,-1,-9,0,-9,0,-10,1,-10,1,-11,1,-11,1,-12,0,-12,-1,-12,-1,-12,-1,-13,0,-13,0,-13,-1,-15,-1,-16,-1,-16,-1,-16,-2,-17,-1,-17,-1,-16]"
[0;32mI (53959) ftm_responder: Counter = 54[0m
CSI_DATA,204,1a:00:00:00:00:00,-72,11,0,0,0,0,0,0,0,0,0,-91,0,1,0,54030233,0,31,0,128,0,"[0,0,-3,14,-4,14,-4,13,-4,12,-2,11,-1,13,-1,14,0,14,0,11,0,9,2,9,5,9,5,8,5,8,6,9,6,9,7,9,7,10,7,10,8,9,6,11,5,14,6,15,6,14,4,14,1,16,0,0,0,0,0,0,0,0,0,0,0,0,0,0,0,0,0,0,0,0,0,0,-1,2,-2,3,-2,4,-3,5,-3,6,-3,6,-4,7,-4,8,-4,8,-4,8,-4,9,-5,9,-5,9,-4,9,-3,9,-3,9,-3,9,-3,10,-2,11,-2,12,-2,13,-3,13,-4,14,-4,15,-3,15,-3,15]"
CSI_DATA,205,1a:00:00:00:00:00,-69,11,0,0,0,0,0,0,0,0,0,-91,0,1,0,54090691,0,42,0,128,0,"[0,0,15,3,15,3,14,3,14,3,14,2,14,2,13,2,12,1,12,0,12,-1,12,-2,12,-2,11,-2,11,-3,11,-4,11,-4,11,-6,13,-6,13,-6,13,-6,13,-5,13,-6,14,-5,15,-5,15,-3,15,0,0,0,0,0,0,0,0,0,0,0,0,0,0,0,0,0,0,0,0,0,0,0,5,1,6,1,7,1,8,1,8,2,9,2,9,3,9,3,10,4,10,4,11,4,11,4,11,4,10,4,11,4,12,4,12,3,13,3,12,3,13,2,14,2,15,2,15,2,15,2,16,2,17,2]"
CSI_DATA,206,1a:00:00:00:00:00,-70,11,0,0,0,0,0,0,0,0,0,-91,0,1,0,54159489,0,31,0,128,0,"[0,0,17,-6,14,-6,13,-5,13,-5,12,-4,12,-3,11,-5,10,-6,9,-5,10,-4,11,-6,11,-8,9,-7,7,-7,7,-8,6,-9,6,-9,6,-9,6,-9,7,-10,8,-9,9,-8,10,-8,10,-10,9,-9,10,-7,0,0,0,0,0,0,0,0,0,0,0,0,0,0,0,0,0,0,0,0,0,0,5,-2,5,-3,5,-3,6,-3,7,-3,7,-3,8,-3,9,-3,9,-3,9,-2,9,-3,11,-3,11,-2,10,-3,10,-2,11,-3,11,-3,11,-4,11,-5,11,-6,12,-6,12,-6,13,-6,14,-6,14,-6,15,-6]"
CSI_DATA,207,1a:00:00:00:00:00,-69,11,0,0,0,0,0,0,0,0,0,-91,0,1,0,54364415,0,31,0,128,0,"[0,0,-15,9,-15,9,-13,9,-13,9,-14,8,-15,7,-15,7,-13,8,-12,8,-11,8,-10,7,-9,8,-10,8,-10,9,-10,10,-10,10,-10,11,-11,11,-11,11,-11,10,-12,10,-12,9,-12,9,-12,7,-12,7,-12,7,0,0,0,0,0,0,0,0,0,0,0,0,0,0,0,0,0,0,0,0,0,0,-5,0,-5,1,-6,1,-6,1,-7,2,-8,2,-8,2,-9,2,-9,2,-10,2,-10,2,-11,2,-11,2,-11,2,-11,3,-11,4,-12,4,-12,4,-12,6,-12,7,-12,7,-13,7,-13,8,-13,9,-14,9,-16,8]"
CSI_DATA,208,1a:00:00:00:00:00,-70,11,0,0,0,0,0,0,0,0,0,-91,0,1,0,54568287,0,31,0,128,0,"[0,0,-10,12,-10,11,-10,10,-10,10,-12,10,-12,10,-11,11,-9,10,-7,9,-7,9,-7,8,-5,8,-6,10,-7,10,-7,10,-7,10,-7,10,-7,10,-7,10,-6,10,-7,10,-8,9,-9,9,-9,9,-9,8,-9,9,0,0,0,0,0,0,0,0,0,0,0,0,0,0,0,0,0,0,0,0,0,0,-3,1,-3,2,-3,3,-4,3,-3,4,-4,4,-4,5,-5,6,-6,7,-6,7,-6,7,-6,7,-7,7,-6,7,-7,7,-8,8,-8,8,-7,9,-7,10,-8,11,-9,11,-9,12,-8,12,-8,12,-8,12,-9,14]"
CSI_DATA,209,1a:00:00:00:00:00,-69,11,0,0,0,0,0,0,0,0,0,-91,0,1,0,54761809,0,31,0,128,0,"[0,0,12,12,11,12,10,12,12,13,12,12,11,10,12,9,13,7,16,8,15,8,12,8,10,8,11,7,12,6,12,5,13,4,13,5,13,6,13,6,12,5,12,6,14,7,14,9,12,10,11,10,9,9,0,0,0,0,0,0,0,0,0,0,0,0,0,0,0,0,0,0,0,0,0,0,1,3,1,3,2,3,3,4,3,4,4,4,4,4,5,6,6,6,6,6,5,6,6,6,6,7,6,8,6,7,7,7,8,7,9,7,10,7,11,8,11,7,13,6,13,9,12,10,12,10,13,9]"
[0;32mI (54959) ftm_responder: Counter = 55[0m
CSI_DATA,210,1a:00:00:00:00:00,-70,11,0,0,0,0,0,0,0,0,0,-91,0,1,0,54963185,0,31,0,128,0,"[0,0,-16,7,-16,6,-15,6,-16,6,-18,4,-18,4,-18,6,-16,8,-14,8,-15,7,-14,6,-14,5,-16,5,-16,6,-14,5,-13,5,-14,5,-15,4,-15,5,-15,4,-14,2,-14,2,-15,3,-14,2,-14,1,-16,0,0,0,0,0,0,0,0,0,0,0,0,0,0,0,0,0,0,0,0,0,0,0,-4,1,-4,1,-4,2,-5,2,-6,3,-6,3,-7,4,-8,4,-8,4,-8,4,-7,5,-8,5,-9,5,-9,5,-10,6,-10,5,-11,6,-12,7,-13,8,-11,7,-11,6,-14,6,-16,9,-15,12,-13,12,-13,11]"
CSI_DATA,211,1a:00:00:00:00:00,-71,11,0,0,0,0,0,0,0,0,0,-91,0,1,0,55164176,0,31,0,128,0,"[0,0,13,7,13,6,12,6,12,7,13,6,13,6,14,5,14,3,13,4,13,5,14,4,13,4,13,4,14,4,15,4,14,5,15,7,14,8,14,7,14,5,12,4,12,5,12,6,12,7,11,9,11,11,0,0,0,0,0,0,0,0,0,0,0,0,0,0,0,0,0,0,0,0,0,0,2,3,3,3,3,2,4,2,5,3,5,3,6,3,6,3,7,3,7,4,7,5,7,5,8,5,8,5,9,6,9,6,10,5,10,5,11,6,12,6,11,6,12,7,14,7,15,6,15,6,14,6]"
CSI_DATA,212,1a:00:00:00:00:00,-70,11,0,0,0,0,0,0,0,0,0,-91,0,1,0,55365325,0,31,0,128,0,"[0,0,-10,12,-10,11,-10,11,-10,11,-10,12,-9,12,-7,12,-6,12,-7,12,-7,12,-7,12,-7,12,-6,12,-6,11,-6,11,-6,12,-6,13,-6,12,-6,12,-7,13,-8,12,-8,12,-8,12,-9,10,-10,8,-11,8,0,0,0,0,0,0,0,0,0,0,0,0,0,0,0,0,0,0,0,0,0,0,-4,1,-3,2,-4,2,-4,3,-4,4,-4,4,-5,5,-5,6,-5,6,-5,6,-6,6,-6,7,-6,7,-6,7,-6,9,-7,9,-7,10,-5,10,-6,10,-7,10,-8,11,-6,11,-6,11,-7,11,-8,11,-8,12]"
CSI_DATA,213,1a:00:00:00:00:00,-70,11,0,0,0,0,0,0,0,0,0,-91,0,1,0,55566656,0,31,0,128,0,"[0,0,-17,-5,-16,-5,-15,-6,-15,-5,-15,-3,-14,-3,-14,-3,-14,-2,-14,-4,-14,-4,-14,-3,-11,-3,-10,-2,-13,0,-15,0,-16,-1,-16,-2,-14,-1,-12,-1,-15,-3,-17,-6,-16,-6,-14,-6,-13,-5,-13,-6,-14,-8,0,0,0,0,0,0,0,0,0,0,0,0,0,0,0,0,0,0,0,0,0,0,-4,-3,-5,-2,-5,-2,-6,-2,-6,-2,-7,-2,-7,-2,-8,-2,-8,-2,-9,-3,-9,-3,-10,-3,-10,-3,-11,-4,-11,-4,-10,-3,-11,-3,-12,-4,-12,-3,-13,-2,-13,-3,-13,-3,-14,-3,-14,-3,-14,-3,-14,-3]"
CSI_DATA,214,1a:00:00:00:00:00,-70,11,0,0,0,0,0,0,0,0,0,-91,0,1,0,55626569,0,42,0,128,0,"[0,0,-17,4,-17,5,-17,4,-16,3,-16,4,-15,5,-15,5,-15,4,-15,4,-15,4,-14,5,-13,6,-13,6,-13,7,-13,7,-13,7,-14,7,-15,8,-16,7,-15,6,-14,5,-15,5,-15,5,-15,4,-16,3,-16,2,0,0,0,0,0,0,0,0,0,0,0,0,0,0,0,0,0,0,0,0,0,0,-5,-1,-5,-1,-5,0,-6,0,-7,0,-8,0,-8,1,-9,1,-9,1,-9,1,-10,1,-10,1,-11,1,-11,2,-12,2,-12,2,-12,3,-13,3,-13,3,-13,3,-13,4,-14,5,-14,4,-14,5,-15,5,-15,5]"
CSI_DATA,215,1a:00:00:00:00:00,-71,11,0,0,0,0,0,0,0,0,0,-91,0,1,0,55695028,0,31,0,128,0,"[0,0,-7,12,-8,12,-8,12,-7,12,-8,12,-8,11,-7,10,-6,9,-6,10,-6,11,-5,10,-5,10,-5,11,-6,12,-6,11,-6,11,-5,10,-6,11,-8,12,-9,11,-9,11,-9,10,-9,10,-9,9,-9,9,-9,9,0,0,0,0,0,0,0,0,0,0,0,0,0,0,0,0,0,0,0,0,0,0,-2,3,-3,3,-2,4,-2,4,-2,4,-3,5,-3,6,-3,6,-4,6,-4,6,-4,7,-3,8,-4,8,-5,7,-5,7,-5,8,-4,9,-4,9,-4,10,-4,10,-4,11,-5,11,-6,12,-6,12,-6,11,-4,13]"
CSI_DATA,216,1a:00:00:00:00:00,-70,11,0,0,0,0,0,0,0,0,0,-91,0,1,0,55900491,0,31,0,128,0,"[0,0,13,10,13,10,13,10,13,10,13,7,14,6,15,7,14,8,12,8,11,7,11,7,12,6,13,4,14,4,14,5,14,5,14,6,14,6,14,6,13,7,14,8,13,8,12,8,12,9,11,10,12,10,0,0,0,0,0,0,0,0,0,0,0,0,0,0,0,0,0,0,0,0,0,0,3,4,3,3,3,3,4,3,5,3,6,3,6,4,7,5,7,5,7,5,8,6,8,6,8,5,8,5,8,5,8,6,9,6,10,6,11,6,12,6,13,7,13,6,13,6,13,6,14,8,14,8]"
[0;32mI (55959) ftm_responder: Counter = 56[0m
CSI_DATA,217,1a:00:00:00:00:00,-70,11,0,0,0,0,0,0,0,0,0,-91,0,1,0,56095678,0,31,0,128,0,"[0,0,7,-13,8,-14,8,-13,8,-12,7,-12,7,-12,7,-12,5,-13,5,-13,5,-14,4,-14,4,-14,4,-15,4,-15,4,-14,4,-14,4,-15,5,-15,5,-15,5,-15,6,-15,6,-14,7,-14,8,-13,9,-13,9,-12,0,0,0,0,0,0,0,0,0,0,0,0,0,0,0,0,0,0,0,0,0,0,3,-2,4,-3,4,-3,4,-4,4,-5,5,-6,5,-6,5,-7,5,-6,6,-7,6,-7,6,-7,6,-7,6,-7,6,-7,7,-8,6,-9,6,-9,7,-10,7,-11,6,-13,6,-14,6,-14,6,-12,6,-12,6,-13]"
CSI_DATA,218,1a:00:00:00:00:00,-72,11,0,0,0,0,0,0,0,0,0,-91,0,1,0,56296771,0,31,0,128,0,"[0,0,-4,-16,-2,-15,-2,-13,-5,-15,-8,-14,-7,-12,-4,-12,-4,-13,-7,-13,-9,-12,-9,-12,-8,-12,-8,-12,-9,-12,-10,-13,-10,-13,-10,-12,-10,-12,-9,-14,-9,-17,-8,-17,-6,-17,-5,-18,-5,-18,-4,-17,-3,-16,0,0,0,0,0,0,0,0,0,0,0,0,0,0,0,0,0,0,0,0,0,0,-1,-7,-1,-6,-1,-6,-1,-7,-2,-7,-2,-8,-2,-8,-1,-9,-2,-9,-1,-9,-1,-9,-2,-9,-3,-10,-2,-10,-1,-9,-1,-9,-2,-9,-2,-10,-2,-10,-3,-12,-5,-14,-5,-14,-5,-12,-5,-12,-4,-12,-3,-12]"
CSI_DATA,219,1a:00:00:00:00:00,-70,11,0,0,0,0,0,0,0,0,0,-91,0,1,0,56501061,0,31,0,128,0,"[0,0,-11,-12,-13,-12,-14,-10,-12,-10,-11,-12,-10,-12,-9,-11,-11,-11,-10,-10,-9,-9,-8,-10,-9,-11,-10,-10,-10,-11,-10,-11,-10,-12,-11,-12,-10,-12,-10,-12,-9,-13,-9,-14,-8,-15,-8,-16,-8,-16,-7,-15,-6,-15,0,0,0,0,0,0,0,0,0,0,0,0,0,0,0,0,0,0,0,0,0,0,-4,-4,-5,-4,-6,-4,-6,-4,-7,-5,-7,-5,-8,-5,-8,-5,-8,-6,-9,-6,-9,-7,-9,-6,-9,-7,-9,-8,-9,-8,-11,-9,-11,-9,-10,-7,-10,-7,-10,-7,-11,-8,-11,-8,-12,-8,-15,-10,-16,-10,-15,-9]"
CSI_DATA,220,1a:00:00:00:00:00,-71,11,0,0,0,0,0,0,0,0,0,-91,0,1,0,56699317,0,31,0,128,0,"[0,0,-5,-15,-4,-16,-4,-16,-4,-16,-4,-14,-4,-13,-4,-13,-2,-12,-3,-12,-5,-11,-6,-9,-7,-9,-9,-10,-9,-11,-8,-11,-8,-11,-10,-12,-10,-11,-10,-12,-11,-13,-11,-13,-9,-12,-8,-11,-8,-12,-7,-15,-7,-17,0,0,0,0,0,0,0,0,0,0,0,0,0,0,0,0,0,0,0,0,0,0,1,-6,0,-6,-1,-6,-1,-7,-1,-7,-2,-8,-1,-9,-1,-9,-1,-10,-1,-10,-1,-11,-1,-11,-2,-11,-2,-12,-2,-12,-2,-12,-2,-12,-2,-13,-3,-13,-3,-12,-4,-13,-5,-14,-6,-14,-6,-15,-6,-16,-5,-16]"
CSI_DATA,221,1a:00:00:00:00:00,-71,11,0,0,0,0,0,0,0,0,0,-91,0,1,0,56900390,0,31,0,128,0,"[0,0,14,5,15,6,14,7,13,7,13,6,12,5,13,5,14,5,13,5,13,4,13,3,12,3,12,1,13,1,13,2,13,3,13,4,13,6,14,5,14,4,14,4,14,5,13,6,12,7,12,8,12,8,0,0,0,0,0,0,0,0,0,0,0,0,0,0,0,0,0,0,0,0,0,0,4,2,5,2,5,1,6,1,7,1,7,2,7,2,8,2,8,2,9,2,9,3,9,3,9,3,9,3,10,4,11,4,12,3,11,2,11,3,11,4,12,4,12,3,13,4,13,5,14,5,15,3]"
[0;32mI (56959) ftm_responder: Counter = 57[0m
CSI_DATA,222,1a:00:00:00:00:00,-71,11,0,0,0,0,0,0,0,0,0,-91,0,1,0,57101943,0,31,0,128,0,"[0,0,-1,11,0,12,1,12,1,11,-1,11,-1,11,0,11,2,9,2,8,3,10,3,13,2,13,2,12,2,12,3,11,3,11,2,10,4,11,3,13,1,13,1,13,2,13,3,13,4,14,3,16,1,16,0,0,0,0,0,0,0,0,0,0,0,0,0,0,0,0,0,0,0,0,0,0,-3,3,-3,4,-3,4,-3,5,-2,5,-2,6,-2,7,-3,7,-3,7,-3,7,-3,7,-3,7,-4,8,-3,8,-2,9,-2,9,-3,9,-3,9,-2,10,-1,10,-1,10,-2,10,-1,11,0,12,0,12,0,13]"
CSI_DATA,223,1a:00:00:00:00:00,-72,11,0,0,0,0,0,0,0,0,0,-91,0,1,0,57161576,0,42,0,128,0,"[0,0,-12,-5,-13,-5,-13,-6,-13,-7,-13,-6,-12,-5,-12,-5,-13,-4,-14,-3,-13,-3,-13,-2,-13,-1,-14,0,-14,0,-14,0,-15,1,-16,1,-17,0,-18,0,-18,-1,-18,-2,-19,-3,-19,-5,-19,-6,-19,-7,-19,-8,0,0,0,0,0,0,0,0,0,0,0,0,0,0,0,0,0,0,0,0,0,0,-4,-5,-5,-5,-5,-5,-6,-5,-6,-5,-7,-5,-7,-6,-7,-6,-8,-6,-8,-7,-8,-7,-9,-7,-8,-7,-8,-7,-8,-7,-9,-7,-10,-7,-11,-6,-12,-5,-11,-5,-12,-5,-13,-5,-13,-6,-13,-6,-12,-6,-12,-5]"
CSI_DATA,224,1a:00:00:00:00:00,-71,11,0,0,0,0,0,0,0,0,0,-91,0,1,0,57231334,0,31,0,128,0,"[0,0,4,-13,2,-13,2,-12,3,-14,4,-15,4,-14,3,-14,1,-13,-3,-12,-5,-13,-4,-13,-3,-14,-2,-14,-3,-14,-5,-13,-5,-13,-5,-14,-5,-15,-6,-17,-5,-17,-3,-18,-3,-19,-2,-19,1,-19,1,-19,1,-19,0,0,0,0,0,0,0,0,0,0,0,0,0,0,0,0,0,0,0,0,0,0,4,-5,4,-5,4,-5,4,-6,4,-7,4,-7,4,-8,4,-8,5,-8,5,-8,6,-8,6,-9,6,-9,5,-9,4,-9,4,-9,5,-10,4,-10,5,-11,4,-11,3,-11,3,-12,3,-13,2,-14,3,-14,4,-14]"
CSI_DATA,225,1a:00:00:00:00:00,-71,11,0,0,0,0,0,0,0,0,0,-91,0,1,0,57436313,0,31,0,128,0,"[0,0,-1,14,-1,13,-2,12,-2,12,-1,12,-1,11,0,10,0,11,0,12,0,12,1,12,2,11,4,11,5,10,4,11,4,11,5,12,6,13,6,14,5,14,4,14,3,15,2,15,1,15,0,15,-1,16,0,0,0,0,0,0,0,0,0,0,0,0,0,0,0,0,0,0,0,0,0,0,-2,6,-2,6,-1,6,-1,7,-1,7,-1,8,-2,9,-2,9,-2,9,-3,10,-3,10,-3,10,-2,10,-2,10,-2,10,-1,10,-1,11,-2,11,-1,11,0,12,1,12,0,12,-1,12,-1,13,0,14,0,15]"
CSI_DATA,226,1a:00:00:00:00:00,-71,11,0,0,0,0,0,0,0,0,0,-91,0,1,0,57636443,0,31,0,128,0,"[0,0,13,0,12,0,12,-1,12,-3,12,-3,11,-3,10,-3,10,-4,10,-5,10,-5,10,-5,9,-5,10,-5,10,-6,10,-7,9,-6,8,-6,9,-6,11,-10,11,-12,11,-9,11,-6,12,-5,13,-4,14,-2,15,0,0,0,0,0,0,0,0,0,0,0,0,0,0,0,0,0,0,0,0,0,0,0,5,1,5,0,5,0,6,0,6,0,7,0,8,0,8,0,9,0,9,0,10,0,10,1,9,1,9,0,9,0,10,0,11,0,11,-1,11,-1,12,-1,12,-1,12,0,11,0,10,-1,11,-2,12,-1]"
CSI_DATA,227,1a:00:00:00:00:00,-71,11,0,0,0,0,0,0,0,0,0,-91,0,1,0,57656432,0,28,0,128,0,"[0,0,10,-9,10,-9,9,-9,9,-10,8,-10,9,-10,9,-10,8,-9,7,-10,6,-10,5,-11,4,-11,4,-12,4,-12,2,-13,2,-13,3,-14,4,-15,4,-16,6,-18,7,-18,7,-17,8,-16,8,-15,10,-15,11,-14,0,0,0,0,0,0,0,0,0,0,0,0,0,0,0,0,0,0,0,0,0,0,5,-2,5,-3,6,-3,6,-3,6,-4,7,-4,8,-4,8,-4,9,-4,9,-4,9,-4,10,-4,10,-4,9,-5,9,-5,9,-6,10,-6,10,-6,10,-6,9,-7,10,-7,10,-8,10,-8,10,-9,10,-8,10,-8]"
CSI_DATA,228,1a:00:00:00:00:00,-72,11,0,0,0,0,0,0,0,0,0,-91,0,1,0,57834105,0,31,0,128,0,"[0,0,-3,-14,-3,-13,-4,-12,-4,-11,-1,-8,-2,-7,-6,-7,-8,-6,-8,-5,-7,-6,-8,-7,-9,-6,-8,-6,-7,-6,-9,-6,-11,-6,-13,-6,-14,-7,-14,-8,-13,-8,-13,-9,-14,-11,-14,-12,-12,-12,-12,-14,-12,-16,0,0,0,0,0,0,0,0,0,0,0,0,0,0,0,0,0,0,0,0,0,0,-1,-5,-1,-6,-2,-6,-3,-7,-3,-7,-3,-7,-3,-8,-4,-9,-4,-10,-2,-10,-1,-10,-2,-10,-2,-10,-2,-10,-3,-10,-4,-10,-4,-11,-4,-12,-5,-12,-4,-11,-3,-12,-3,-14,-4,-16,-5,-16,-6,-14,-7,-12]"
[0;32mI (57959) ftm_responder: Counter = 58[0m
CSI_DATA,229,1a:00:00:00:00:00,-71,11,0,0,0,0,0,0,0,0,0,-91,0,1,0,58036296,0,31,0,128,0,"[0,0,15,6,14,5,14,4,11,4,10,4,11,5,10,5,8,3,9,2,9,2,9,0,10,-2,10,-2,11,-3,12,-5,10,-7,8,-7,9,-6,13,-8,15,-9,15,-8,13,-8,13,-9,15,-9,16,-7,16,-3,0,0,0,0,0,0,0,0,0,0,0,0,0,0,0,0,0,0,0,0,0,0,4,6,5,6,6,6,7,6,8,7,8,7,9,8,10,8,10,8,9,9,9,9,10,9,11,9,10,10,10,9,10,8,10,8,12,8,13,9,12,9,11,9,11,8,12,7,13,6,14,9,14,10]"
CSI_DATA,230,1a:00:00:00:00:00,-72,11,0,0,0,0,0,0,0,0,0,-91,0,1,0,58235588,0,31,0,128,0,"[0,0,-16,-4,-13,-6,-12,-4,-12,-3,-11,-2,-9,-2,-9,0,-7,2,-7,2,-8,1,-8,1,-6,1,-6,2,-8,6,-10,7,-8,7,-4,6,-3,6,-5,9,-8,12,-9,13,-9,11,-10,10,-13,8,-15,9,-16,11,0,0,0,0,0,0,0,0,0,0,0,0,0,0,0,0,0,0,0,0,0,0,-4,-5,-5,-4,-6,-5,-7,-5,-7,-5,-8,-5,-9,-6,-9,-7,-9,-7,-10,-7,-10,-7,-11,-7,-11,-7,-11,-7,-10,-6,-11,-6,-11,-6,-11,-6,-11,-6,-11,-7,-12,-6,-12,-5,-12,-3,-13,-3,-15,-4,-16,-4]"
CSI_DATA,231,1a:00:00:00:00:00,-72,11,0,0,0,0,0,0,0,0,0,-91,0,1,0,58436711,0,31,0,128,0,"[0,0,-11,8,-10,7,-9,8,-9,8,-9,8,-8,8,-6,8,-5,8,-4,9,-4,8,-4,8,-4,7,-2,8,-2,9,-1,10,0,10,0,10,0,11,-1,12,-1,13,-1,15,-3,15,-4,16,-4,17,-5,16,-7,16,0,0,0,0,0,0,0,0,0,0,0,0,0,0,0,0,0,0,0,0,0,0,-5,5,-5,5,-5,6,-6,7,-6,7,-7,8,-8,8,-9,8,-10,8,-10,8,-10,7,-11,7,-11,8,-11,8,-11,8,-11,9,-11,9,-12,10,-11,9,-11,9,-12,9,-12,10,-11,11,-10,12,-10,11,-10,11]"
CSI_DATA,232,1a:00:00:00:00:00,-71,11,0,0,0,0,0,0,0,0,0,-91,0,1,0,58637865,0,31,0,128,0,"[0,0,-12,-6,-12,-6,-11,-6,-10,-7,-9,-6,-11,-4,-12,-2,-11,-1,-9,-2,-10,-2,-10,-1,-9,-2,-8,-1,-9,1,-10,1,-10,2,-9,2,-8,1,-8,-1,-10,0,-11,1,-12,0,-11,0,-11,0,-13,-2,-17,-2,0,0,0,0,0,0,0,0,0,0,0,0,0,0,0,0,0,0,0,0,0,0,-10,3,-10,3,-10,3,-11,2,-12,2,-13,2,-14,0,-14,0,-15,-1,-15,-2,-15,-3,-16,-2,-15,-3,-15,-3,-15,-3,-15,-4,-15,-4,-15,-3,-14,-3,-13,-4,-13,-4,-15,-3,-16,-3,-15,-4,-14,-4,-14,-4]"
CSI_DATA,233,1a:00:00:00:00:00,-70,11,0,0,0,0,0,0,0,0,0,-91,0,1,0,58699084,0,42,0,128,0,"[0,0,-6,-15,-6,-14,-6,-13,-6,-13,-5,-12,-5,-11,-5,-11,-6,-10,-6,-8,-6,-7,-5,-7,-5,-7,-5,-7,-5,-6,-6,-5,-7,-5,-7,-5,-7,-5,-7,-4,-7,-3,-7,-4,-8,-4,-8,-5,-8,-5,-9,-5,-9,-5,0,0,0,0,0,0,0,0,0,0,0,0,0,0,0,0,0,0,0,0,0,0,-7,-7,-7,-8,-8,-8,-8,-9,-8,-10,-8,-11,-8,-12,-8,-13,-7,-14,-7,-14,-6,-14,-6,-14,-5,-14,-5,-14,-6,-14,-6,-14,-6,-14,-6,-14,-6,-14,-6,-14,-7,-14,-7,-15,-7,-15,-6,-15,-6,-14,-6,-14]"
CSI_DATA,234,1a:00:00:00:00:00,-71,11,0,0,0,0,0,0,0,0,0,-91,0,1,0,58769688,0,31,0,128,0,"[0,0,2,12,2,13,3,12,3,11,3,10,2,8,3,7,3,6,2,7,2,7,2,7,2,5,3,3,4,3,3,4,3,4,5,2,7,2,6,4,6,5,8,6,6,4,2,4,3,6,5,5,7,5,0,0,0,0,0,0,0,0,0,0,0,0,0,0,0,0,0,0,0,0,0,0,8,5,8,6,8,7,8,8,9,9,9,10,8,11,7,12,7,12,6,12,6,13,5,13,5,12,5,12,5,13,5,13,5,13,5,13,5,13,6,13,6,13,5,13,4,14,4,14,5,14,5,13]"
[0;32mI (58959) ftm_responder: Counter = 59[0m

***ERROR*** A stack overflow in task loop_task has been detected.


Backtrace: 0x40375be9:0x3fcb5bd0 0x4037c65d:0x3fcb5bf0 0x4037d4aa:0x3fcb5c10 0x4037e953:0x3fcb5c90 0x4037d570:0x3fcb5cb0 0x4037d566:0x00000000 |<-CORRUPTED




ELF file SHA256: 2b702322b

Rebooting...
ESP-ROM:esp32s3-20210327
Build:Mar 27 2021
rst:0xc (RTC_SW_CPU_RST),boot:0x8 (SPI_FAST_FLASH_BOOT)
Saved PC:0x40375b28
SPIWP:0xee
mode:DIO, clock div:1
load:0x3fce2810,len:0x15a0
load:0x403c8700,len:0x4
load:0x403c8704,len:0xd20
load:0x403cb700,len:0x2ee4
entry 0x403c8928
[0;32mI (26) boot: ESP-IDF v5.4-dirty 2nd stage bootloader[0m
[0;32mI (26) boot: compile time May  6 2025 13:26:06[0m
[0;32mI (26) boot: Multicore bootloader[0m
[0;32mI (27) boot: chip revision: v0.2[0m
[0;32mI (29) boot: efuse block revision: v1.3[0m
[0;32mI (33) boot.esp32s3: Boot SPI Speed : 80MHz[0m
[0;32mI (37) boot.esp32s3: SPI Mode       : DIO[0m
[0;32mI (41) boot.esp32s3: SPI Flash Size : 2MB[0m
[0;32mI (44) boot: Enabling RNG early entropy source...[0m
[0;32mI (49) boot: Partition Table:[0m
[0;32mI (52) boot: ## Label            Usage          Type ST Offset   Length[0m
[0;32mI (58) boot:  0 nvs              WiFi data        01 02 00009000 00006000[0m
[0;32mI (64) boot:  1 phy_init         RF data          01 01 0000f000 00001000[0m
[0;32mI (71) boot:  2 factory          factory app      00 00 00010000 00100000[0m
[0;32mI (77) boot: End of partition table[0m
[0;32mI (81) esp_image: segment 0: paddr=00010020 vaddr=3c080020 size=18f0ch (102156) map[0m
[0;32mI (106) esp_image: segment 1: paddr=00028f34 vaddr=3fc99a00 size=04a08h ( 18952) load[0m
[0;32mI (110) esp_image: segment 2: paddr=0002d944 vaddr=40374000 size=026d4h (  9940) load[0m
[0;32mI (113) esp_image: segment 3: paddr=00030020 vaddr=42000020 size=7ff4ch (524108) map[0m
[0;32mI (210) esp_image: segment 4: paddr=000aff74 vaddr=403766d4 size=13270h ( 78448) load[0m
[0;32mI (227) esp_image: segment 5: paddr=000c31ec vaddr=600fe100 size=0001ch (    28) load[0m
[0;32mI (236) boot: Loaded app from partition at offset 0x10000[0m
[0;32mI (236) boot: Disabling RNG early entropy source...[0m
[0;32mI (246) cpu_start: Multicore app[0m
[0;32mI (255) cpu_start: Pro cpu start user code[0m
[0;32mI (255) cpu_start: cpu freq: 160000000 Hz[0m
[0;32mI (256) app_init: Application information:[0m
[0;32mI (256) app_init: Project name:     responder[0m
[0;32mI (260) app_init: App version:      89f9f88-dirty[0m
[0;32mI (264) app_init: Compile time:     Jul 21 2025 20:52:32[0m
[0;32mI (269) app_init: ELF file SHA256:  2b702322b...[0m
[0;32mI (273) app_init: ESP-IDF:          v5.4-dirty[0m
[0;32mI (278) efuse_init: Min chip rev:     v0.0[0m
[0;32mI (281) efuse_init: Max chip rev:     v0.99 [0m
[0;32mI (285) efuse_init: Chip rev:         v0.2[0m
[0;32mI (289) heap_init: Initializing. RAM available for dynamic allocation:[0m
[0;32mI (296) heap_init: At 3FCA2020 len 000476F0 (285 KiB): RAM[0m
[0;32mI (301) heap_init: At 3FCE9710 len 00005724 (21 KiB): RAM[0m
[0;32mI (306) heap_init: At 3FCF0000 len 00008000 (32 KiB): DRAM[0m
[0;32mI (311) heap_init: At 600FE11C len 00001ECC (7 KiB): RTCRAM[0m
[0;32mI (317) spi_flash: detected chip: gd[0m
[0;32mI (320) spi_flash: flash io: dio[0m
[0;33mW (323) spi_flash: Detected size(8192k) larger than the size in the binary image header(2048k). Using the size in the binary image header.[0m
[0;32mI (335) sleep_gpio: Configure to isolate all GPIO pins in sleep state[0m
[0;32mI (341) sleep_gpio: Enable automatic switching of GPIO sleep configuration[0m
[0;32mI (348) main_task: Started on CPU0[0m
[0;32mI (358) main_task: Calling app_main()[0m
[0;32mI (368) pp: pp rom version: e7ae62f[0m
[0;32mI (368) net80211: net80211 rom version: e7ae62f[0m
[0;32mI (388) wifi_init: rx ba win: 6[0m
[0;32mI (388) wifi_init: accept mbox: 6[0m
[0;32mI (388) wifi_init: tcpip mbox: 32[0m
[0;32mI (388) wifi_init: udp mbox: 6[0m
[0;32mI (388) wifi_init: tcp mbox: 6[0m
[0;32mI (398) wifi_init: tcp tx win: 5760[0m
[0;32mI (398) wifi_init: tcp rx win: 5760[0m
[0;32mI (398) wifi_init: tcp mss: 1440[0m
[0;32mI (408) wifi_init: WiFi IRAM OP enabled[0m
[0;32mI (408) wifi_init: WiFi RX IRAM OP enabled[0m
[0;32mI (408) phy_init: phy_version 680,a6008b2,Jun  4 2024,16:41:10[0m
[0;32mI (898) ftm_responder: Starting SoftAP with FTM Responder support, SSID - FTM, Password - ftmftmftm, Primary Channel - 1, Bandwidth - 20MHz[0m
[0;32mI (908) ftm_responder: FTM Responder is ready, waiting for FTM requests...[0m
[0;32mI (908) ftm_responder: Counter = 1[0m
[0;32mI (918) main_task: Returned from app_main()[0m
[0;32mI (988) csi_recv: ================ CSI RECV ================[0m
type,id,mac,rssi,rate,sig_mode,mcs,bandwidth,smoothing,not_sounding,aggregation,stbc,fec_coding,sgi,noise_floor,ampdu_cnt,channel,secondary_channel,local_timestamp,ant,sig_len,rx_state,len,first_word,data
CSI_DATA,0,1a:00:00:00:00:00,-76,11,0,0,0,0,0,0,0,0,0,-96,0,1,0,990482,0,31,0,128,0,"[0,0,1,4,1,3,2,5,1,7,0,8,-1,9,-1,10,0,11,0,10,0,11,-1,13,0,13,2,14,2,15,2,17,2,18,2,19,1,20,-1,21,-1,22,-1,23,-2,23,-2,24,-2,24,-3,22,-3,21,0,0,0,0,0,0,0,0,0,0,0,0,0,0,0,0,0,0,0,0,0,0,-5,10,-5,10,-3,10,-2,10,-1,10,-1,10,-1,10,0,10,1,10,2,10,1,10,1,9,2,8,3,7,4,6,3,6,3,5,4,5,4,6,3,5,3,3,3,2,2,4,2,3,2,2,3,1]"
CSI_DATA,1,1a:00:00:00:00:00,-72,11,0,0,0,0,0,0,0,0,0,-96,0,1,0,1191839,0,31,0,128,0,"[0,0,-4,-13,-3,-13,-3,-10,-2,-8,-2,-9,-3,-11,-5,-12,-5,-11,-7,-13,-7,-14,-4,-14,-5,-12,-8,-11,-7,-12,-6,-13,-6,-13,-6,-13,-6,-12,-6,-11,-6,-13,-7,-15,-7,-16,-7,-16,-7,-17,-6,-17,-2,-16,0,0,0,0,0,0,0,0,0,0,0,0,0,0,0,0,0,0,0,0,0,0,9,-5,8,-5,8,-6,8,-6,7,-7,6,-8,6,-8,6,-8,5,-8,5,-9,4,-10,4,-10,3,-10,1,-11,2,-11,1,-10,0,-10,1,-10,0,-10,-1,-10,-1,-11,-2,-12,-3,-11,-4,-10,-5,-10,-5,-11]"
CSI_DATA,2,1a:00:00:00:00:00,-70,11,0,0,0,0,0,0,0,0,0,-96,0,1,0,1251932,0,42,0,128,0,"[0,0,4,-14,4,-14,4,-14,4,-14,3,-14,3,-14,3,-13,3,-13,3,-13,3,-13,4,-13,3,-12,2,-10,3,-11,5,-12,5,-13,6,-12,6,-12,7,-11,8,-11,9,-11,9,-10,9,-8,9,-7,10,-7,10,-5,0,0,0,0,0,0,0,0,0,0,0,0,0,0,0,0,0,0,0,0,0,0,10,-9,10,-9,9,-9,9,-9,9,-9,9,-10,9,-11,9,-11,8,-11,8,-11,8,-11,8,-12,7,-12,7,-12,6,-12,5,-12,5,-13,4,-14,3,-15,3,-14,3,-14,3,-14,3,-15,2,-16,3,-16,3,-17]"
CSI_DATA,3,1a:00:00:00:00:00,-72,11,0,0,0,0,0,0,0,0,0,-96,0,1,0,1321162,0,31,0,128,0,"[0,0,0,11,1,11,1,11,0,8,-1,7,-2,6,-2,3,-2,1,-1,2,0,2,1,-1,1,-1,-1,-1,-3,-2,-2,-3,-1,-4,-2,-4,-2,-5,-3,-7,-2,-8,-1,-9,-1,-9,-1,-11,0,-11,2,-10,3,-10,0,0,0,0,0,0,0,0,0,0,0,0,0,0,0,0,0,0,0,0,0,0,-6,12,-5,13,-5,14,-5,14,-5,14,-5,15,-6,15,-6,15,-7,15,-7,15,-7,15,-6,15,-5,15,-5,15,-5,14,-4,15,-3,15,-3,15,-2,15,-2,14,-2,14,-1,14,-1,14,-2,14,-2,13,-2,12]"
CSI_DATA,4,1a:00:00:00:00:00,-73,11,0,0,0,0,0,0,0,0,0,-96,0,1,0,1529082,0,31,0,128,0,"[0,0,3,6,3,4,3,3,2,4,2,5,2,3,2,3,2,6,1,5,2,5,2,6,1,6,1,6,-1,7,-2,8,-3,8,-5,10,-5,10,-5,11,-4,13,-5,13,-5,13,-7,12,-8,12,-8,12,-9,12,0,0,0,0,0,0,0,0,0,0,0,0,0,0,0,0,0,0,0,0,0,0,1,11,3,11,3,11,3,11,3,11,4,12,5,13,6,13,6,13,5,13,5,13,5,13,6,12,7,11,8,10,7,10,7,8,7,8,8,7,8,6,8,6,8,7,9,6,9,5,7,5,5,5]"
CSI_DATA,5,1a:00:00:00:00:00,-74,11,0,0,0,0,0,0,0,0,0,-96,0,1,0,1726714,0,31,0,128,0,"[0,0,1,-3,0,-3,0,-4,-2,-5,-3,-6,-3,-7,-4,-6,-4,-7,-5,-8,-6,-8,-8,-9,-8,-9,-9,-10,-11,-9,-12,-8,-14,-6,-20,-6,-22,-10,-19,-10,-17,-8,-18,-8,-20,-10,-22,-11,-23,-12,-22,-13,-20,-13,0,0,0,0,0,0,0,0,0,0,0,0,0,0,0,0,0,0,0,0,0,0,-9,-1,-9,-1,-10,0,-10,1,-10,1,-10,2,-10,2,-10,2,-10,3,-9,4,-9,4,-8,4,-7,4,-6,4,-6,3,-5,4,-4,5,-4,4,-3,4,-3,4,-2,2,-2,1,-2,1,-2,1,0,0,0,-1]"
[0;32mI (1918) ftm_responder: Counter = 2[0m
CSI_DATA,6,1a:00:00:00:00:00,-72,11,0,0,0,0,0,0,0,0,0,-96,0,1,0,1922839,0,31,0,128,0,"[0,0,10,-8,7,-10,5,-9,4,-8,4,-9,2,-9,2,-9,3,-9,2,-8,2,-9,1,-11,-1,-12,-3,-12,-3,-13,-3,-13,-5,-15,-6,-16,-5,-16,-5,-17,-6,-17,-6,-18,-5,-21,-4,-22,-3,-22,-1,-22,1,-21,0,0,0,0,0,0,0,0,0,0,0,0,0,0,0,0,0,0,0,0,0,0,0,-2,0,-1,1,-2,3,-2,4,-1,5,-1,5,-1,6,-1,6,-1,7,-1,8,0,9,0,9,0,9,0,9,-1,8,-1,8,-1,9,-2,9,-3,9,-3,9,-2,10,-4,10,-6,10,-5,10,-2,8,0]"
CSI_DATA,7,1a:00:00:00:00:00,-71,11,0,0,0,0,0,0,0,0,0,-95,0,1,0,2124098,0,31,0,128,0,"[0,0,1,16,1,14,2,14,4,14,3,13,3,11,5,10,7,9,6,10,4,9,3,8,6,9,8,9,9,8,8,7,8,6,10,6,11,6,11,7,13,9,13,10,13,9,13,8,12,7,11,8,10,10,0,0,0,0,0,0,0,0,0,0,0,0,0,0,0,0,0,0,0,0,0,0,4,4,4,5,4,7,4,8,4,9,2,11,1,12,1,13,1,13,0,13,0,13,0,14,0,14,0,14,0,14,-1,14,-1,14,-2,14,0,14,2,14,2,15,2,15,1,15,1,14,3,14,3,16]"
CSI_DATA,8,1a:00:00:00:00:00,-70,11,0,0,0,0,0,0,0,0,0,-95,0,1,0,2325436,0,31,0,128,0,"[0,0,-5,-12,-6,-13,-6,-12,-6,-11,-5,-12,-5,-12,-6,-11,-7,-10,-7,-9,-7,-7,-7,-7,-8,-7,-9,-8,-9,-8,-9,-7,-11,-6,-13,-4,-13,-4,-14,-6,-13,-7,-13,-7,-13,-8,-13,-9,-13,-10,-13,-9,-14,-9,0,0,0,0,0,0,0,0,0,0,0,0,0,0,0,0,0,0,0,0,0,0,-7,-3,-7,-4,-7,-5,-8,-6,-8,-8,-8,-10,-8,-11,-7,-12,-6,-12,-6,-13,-5,-13,-5,-13,-5,-14,-4,-14,-4,-14,-5,-13,-5,-13,-5,-13,-5,-14,-6,-13,-6,-13,-6,-14,-7,-15,-6,-16,-6,-16,-8,-14]"
CSI_DATA,9,1a:00:00:00:00:00,-73,11,0,0,0,0,0,0,0,0,0,-95,0,1,0,2526536,0,31,0,128,0,"[0,0,-9,10,-8,9,-7,8,-7,9,-7,10,-6,9,-5,8,-5,8,-4,9,-2,9,1,7,1,8,1,8,2,8,3,9,4,10,5,11,5,11,6,11,6,12,6,13,5,14,4,15,3,16,3,17,2,17,0,0,0,0,0,0,0,0,0,0,0,0,0,0,0,0,0,0,0,0,0,0,0,5,0,6,-2,7,-3,8,-4,8,-6,9,-7,9,-8,9,-9,9,-10,9,-10,9,-11,8,-11,8,-10,10,-11,9,-11,9,-10,9,-10,9,-10,9,-9,8,-9,9,-10,10,-10,11,-10,12,-9,11,-9,11]"
CSI_DATA,10,1a:00:00:00:00:00,-73,11,0,0,0,0,0,0,0,0,0,-95,0,1,0,2727644,0,31,0,128,0,"[0,0,-8,-12,-8,-12,-8,-11,-8,-10,-8,-9,-9,-7,-8,-5,-8,-4,-11,-1,-11,0,-8,-2,-7,-1,-6,3,-6,4,-7,6,-8,7,-7,6,-7,6,-7,9,-9,10,-9,13,-10,15,-12,13,-14,14,-17,15,-20,13,0,0,0,0,0,0,0,0,0,0,0,0,0,0,0,0,0,0,0,0,0,0,-3,-2,-3,-3,-4,-5,-4,-7,-3,-8,-3,-9,-2,-10,-3,-12,-3,-13,-2,-13,-2,-13,-1,-14,-1,-14,-1,-13,-1,-13,-1,-13,-2,-13,-4,-14,-5,-13,-5,-14,-5,-15,-5,-15,-7,-14,-9,-14,-8,-14,-8,-13]"
CSI_DATA,11,1a:00:00:00:00:00,-74,11,0,0,0,0,0,0,0,0,0,-95,0,1,0,2788093,0,42,0,128,0,"[0,0,5,12,4,10,3,10,2,8,3,7,5,7,6,6,5,5,5,4,5,3,5,1,5,0,6,-1,6,-2,7,-3,8,-4,9,-4,10,-5,11,-7,13,-8,14,-8,14,-8,16,-7,16,-6,17,-6,19,-5,0,0,0,0,0,0,0,0,0,0,0,0,0,0,0,0,0,0,0,0,0,0,2,1,2,2,3,4,3,4,3,6,2,7,2,8,2,9,1,10,0,11,0,11,0,11,0,12,1,12,1,13,1,13,1,13,2,12,2,13,2,14,2,13,3,13,4,13,4,12,4,12,4,11]"
CSI_DATA,12,1a:00:00:00:00:00,-74,11,0,0,0,0,0,0,0,0,0,-95,0,1,0,2856471,0,31,0,128,0,"[0,0,2,-14,2,-14,1,-14,-1,-13,-2,-11,-2,-10,-2,-9,-1,-7,-2,-7,-4,-8,-5,-9,-7,-8,-8,-5,-9,-3,-10,-4,-10,-4,-10,-5,-11,-5,-14,-5,-15,-6,-16,-6,-17,-7,-17,-8,-18,-10,-17,-13,-17,-14,0,0,0,0,0,0,0,0,0,0,0,0,0,0,0,0,0,0,0,0,0,0,-3,-1,-3,-2,-4,-4,-4,-6,-3,-7,-3,-9,-2,-10,-2,-11,-1,-12,0,-13,0,-13,0,-13,1,-13,1,-14,1,-14,2,-13,2,-14,1,-15,1,-16,0,-15,0,-14,0,-15,0,-16,0,-16,-1,-16,-2,-15]"
[0;32mI (2918) ftm_responder: Counter = 3[0m
CSI_DATA,13,1a:00:00:00:00:00,-74,11,0,0,0,0,0,0,0,0,0,-95,0,1,0,3062358,0,31,0,128,0,"[0,0,-8,-12,-7,-10,-7,-8,-8,-6,-8,-7,-8,-7,-8,-8,-7,-8,-6,-5,-7,-1,-9,0,-9,1,-9,3,-11,3,-11,4,-11,6,-12,7,-13,9,-13,9,-14,10,-14,11,-16,12,-17,11,-18,9,-19,9,-23,9,0,0,0,0,0,0,0,0,0,0,0,0,0,0,0,0,0,0,0,0,0,0,-3,-1,-3,-2,-3,-4,-4,-5,-3,-7,-3,-9,-3,-10,-3,-11,-2,-12,-1,-12,-1,-12,-1,-12,-1,-12,-1,-12,-3,-13,-3,-13,-4,-14,-4,-14,-5,-15,-5,-15,-6,-14,-6,-14,-6,-14,-7,-14,-7,-13,-7,-13]"
CSI_DATA,14,1a:00:00:00:00:00,-74,11,0,0,0,0,0,0,0,0,0,-95,0,1,0,3267205,0,31,0,128,0,"[0,0,3,-8,2,-11,0,-11,-1,-10,-1,-9,-3,-9,-4,-9,-4,-8,-3,-7,-2,-5,-3,-4,-5,-3,-5,-2,-5,-1,-8,-1,-12,-2,-15,-4,-15,-4,-15,-1,-15,1,-17,-1,-19,-6,-20,-4,-18,0,-17,-5,-21,-11,0,0,0,0,0,0,0,0,0,0,0,0,0,0,0,0,0,0,0,0,0,0,-1,-3,-2,-4,-2,-5,-1,-5,0,-7,1,-9,2,-9,3,-9,3,-9,3,-9,5,-8,6,-7,6,-7,6,-10,7,-12,5,-11,3,-11,3,-12,3,-12,2,-12,2,-12,3,-13,2,-13,2,-13,2,-13,1,-14]"
CSI_DATA,15,1a:00:00:00:00:00,-74,11,0,0,0,0,0,0,0,0,0,-95,0,1,0,3461908,0,31,0,128,0,"[0,0,-13,-3,-14,0,-14,1,-13,0,-12,0,-10,1,-9,2,-8,3,-8,4,-8,5,-7,7,-6,9,-5,8,-5,7,-3,10,-2,13,-3,14,-4,14,-4,15,-3,14,-2,15,-4,18,-5,20,-4,19,-7,18,-11,17,0,0,0,0,0,0,0,0,0,0,0,0,0,0,0,0,0,0,0,0,0,0,-3,1,-3,0,-5,-1,-7,-2,-8,-2,-10,-3,-11,-5,-10,-5,-10,-4,-11,-5,-11,-6,-10,-6,-10,-6,-10,-6,-11,-6,-11,-5,-12,-5,-12,-6,-12,-4,-14,-3,-14,-2,-13,-2,-14,-3,-16,-3,-17,-3,-15,-4]"
CSI_DATA,16,1a:00:00:00:00:00,-74,11,0,0,0,0,0,0,0,0,0,-95,0,1,0,3661911,0,31,0,128,0,"[0,0,-14,-6,-16,-3,-15,-1,-10,2,-8,2,-8,1,-8,1,-8,0,-7,0,-7,1,-9,2,-6,5,-3,5,-5,4,-7,6,-7,9,-6,12,-8,13,-9,13,-8,13,-7,15,-9,16,-10,17,-10,17,-12,15,-16,15,0,0,0,0,0,0,0,0,0,0,0,0,0,0,0,0,0,0,0,0,0,0,-2,1,-3,1,-5,1,-6,1,-7,-1,-8,-2,-9,-2,-9,-2,-10,-3,-10,-4,-11,-4,-11,-4,-12,-4,-12,-5,-11,-5,-11,-4,-10,-4,-10,-3,-10,-2,-11,-3,-11,-3,-12,-1,-12,-2,-13,-4,-13,-6,-11,-6]"
CSI_DATA,17,1a:00:00:00:00:00,-74,11,0,0,0,0,0,0,0,0,0,-95,0,1,0,3861851,0,31,0,128,0,"[0,0,-8,-2,-6,-1,-8,0,-11,0,-12,1,-10,2,-8,4,-6,4,-5,4,-4,4,-5,4,-4,5,-2,6,-2,9,-2,11,-1,11,-3,11,-4,11,-6,11,-7,13,-6,16,-5,17,-5,17,-7,16,-9,16,-12,17,0,0,0,0,0,0,0,0,0,0,0,0,0,0,0,0,0,0,0,0,0,0,-2,1,-4,1,-5,1,-6,2,-7,1,-8,0,-9,-1,-9,-2,-10,-2,-11,-3,-11,-3,-11,-3,-11,-3,-11,-2,-11,-2,-11,-2,-11,-2,-11,-3,-11,-2,-12,-1,-11,0,-11,0,-12,-1,-11,-1,-12,0,-11,0]"
[0;32mI (3918) ftm_responder: Counter = 4[0m
CSI_DATA,18,1a:00:00:00:00:00,-73,11,0,0,0,0,0,0,0,0,0,-94,0,1,0,4063057,0,31,0,128,0,"[0,0,12,5,12,5,11,3,11,2,11,3,10,2,9,2,7,1,8,0,7,1,6,0,6,-3,7,-6,7,-8,6,-10,6,-11,6,-11,6,-12,6,-13,7,-15,9,-16,10,-17,11,-16,12,-14,14,-15,16,-17,0,0,0,0,0,0,0,0,0,0,0,0,0,0,0,0,0,0,0,0,0,0,2,2,3,2,5,2,5,4,5,6,4,9,3,9,4,10,7,12,6,11,5,8,9,7,10,9,8,12,9,15,7,13,5,10,8,8,8,9,8,11,10,9,10,7,9,9,8,10,7,7,9,8]"
CSI_DATA,19,1a:00:00:00:00:00,-75,11,0,0,0,0,0,0,0,0,0,-94,0,1,0,4265069,0,31,0,128,0,"[0,0,-3,10,-3,7,-3,6,-2,9,-1,12,-1,10,0,9,1,9,1,8,2,7,3,8,4,7,5,6,7,7,9,6,11,6,12,5,12,5,12,6,13,7,14,9,16,11,16,11,15,13,13,15,11,16,0,0,0,0,0,0,0,0,0,0,0,0,0,0,0,0,0,0,0,0,0,0,-1,2,-2,3,-3,4,-4,5,-5,6,-6,6,-7,7,-8,7,-9,6,-9,6,-10,7,-11,7,-11,6,-9,7,-9,7,-11,7,-10,7,-10,8,-11,8,-11,7,-9,8,-8,9,-7,10,-7,11,-7,12,-5,10]"
CSI_DATA,20,1a:00:00:00:00:00,-74,11,0,0,0,0,0,0,0,0,0,-94,0,1,0,4324670,0,42,0,128,0,"[0,0,-11,-7,-11,-6,-11,-6,-11,-5,-11,-3,-11,-3,-11,-3,-10,-1,-9,0,-9,1,-10,2,-8,3,-7,5,-8,7,-9,8,-9,10,-10,11,-10,12,-10,14,-10,15,-12,15,-14,15,-15,15,-16,14,-18,12,-19,10,0,0,0,0,0,0,0,0,0,0,0,0,0,0,0,0,0,0,0,0,0,0,-3,-1,-3,-2,-4,-4,-5,-5,-6,-6,-7,-7,-7,-8,-7,-9,-7,-10,-7,-10,-7,-11,-7,-11,-7,-11,-7,-12,-7,-13,-6,-13,-7,-13,-7,-12,-8,-11,-8,-10,-9,-11,-10,-11,-10,-10,-10,-9,-10,-9,-11,-9]"
CSI_DATA,21,1a:00:00:00:00:00,-75,11,0,0,0,0,0,0,0,0,0,-94,0,1,0,4392654,0,31,0,128,0,"[0,0,-12,-3,-10,-3,-8,-3,-7,-2,-8,-2,-10,-2,-11,-1,-11,-1,-10,0,-8,2,-6,3,-6,3,-6,1,-6,3,-4,7,-3,9,-6,9,-8,10,-10,12,-11,11,-10,11,-9,15,-9,15,-11,12,-13,11,-14,11,0,0,0,0,0,0,0,0,0,0,0,0,0,0,0,0,0,0,0,0,0,0,-3,0,-3,-1,-4,-2,-5,-3,-6,-4,-6,-5,-6,-6,-6,-7,-6,-7,-6,-8,-6,-9,-6,-9,-6,-9,-6,-9,-6,-9,-7,-9,-9,-9,-9,-9,-8,-8,-8,-7,-7,-6,-7,-7,-8,-8,-10,-8,-10,-6,-10,-5]"
CSI_DATA,22,1a:00:00:00:00:00,-74,11,0,0,0,0,0,0,0,0,0,-94,0,1,0,4597343,0,31,0,128,0,"[0,0,-4,8,-5,8,-5,8,-4,8,-3,8,-2,9,-1,10,-1,9,-1,9,1,10,3,10,4,9,4,8,4,9,7,8,8,8,9,8,10,9,12,11,13,12,12,13,12,14,12,16,11,18,10,19,9,20,0,0,0,0,0,0,0,0,0,0,0,0,0,0,0,0,0,0,0,0,0,0,0,2,0,3,-1,4,-1,5,-2,7,-3,8,-4,8,-4,9,-5,9,-5,9,-6,9,-7,9,-7,10,-7,10,-8,10,-8,10,-7,10,-7,10,-8,10,-7,10,-6,10,-7,10,-6,11,-6,11,-5,11,-4,13]"
CSI_DATA,23,1a:00:00:00:00:00,-73,11,0,0,0,0,0,0,0,0,0,-94,0,1,0,4794475,0,31,0,128,0,"[0,0,-1,-12,-2,-11,-2,-11,-2,-11,-4,-11,-4,-10,-3,-9,-3,-7,-5,-7,-6,-7,-6,-8,-7,-8,-8,-7,-9,-6,-10,-6,-10,-7,-10,-10,-10,-11,-13,-11,-13,-11,-9,-10,-9,-10,-11,-14,-13,-18,-13,-17,-10,-14,0,0,0,0,0,0,0,0,0,0,0,0,0,0,0,0,0,0,0,0,0,0,-2,-2,-3,-2,-3,-3,-4,-5,-5,-6,-5,-7,-4,-8,-4,-10,-3,-10,-2,-10,-2,-11,-1,-11,-1,-12,-1,-12,-1,-12,-1,-12,-1,-12,-1,-12,-1,-12,-1,-11,-1,-12,-2,-13,-4,-13,-4,-13,-3,-12,-2,-12]"
[0;32mI (4918) ftm_responder: Counter = 5[0m
CSI_DATA,24,1a:00:00:00:00:00,-74,11,0,0,0,0,0,0,0,0,0,-94,0,1,0,4995228,0,31,0,128,0,"[0,0,18,-8,17,-4,14,1,13,2,13,-2,9,-6,4,-9,3,-8,5,-6,4,-9,3,-13,1,-13,-2,-11,-1,-12,1,-15,1,-17,-1,-17,-1,-17,1,-20,2,-22,2,-23,3,-21,4,-22,5,-24,7,-25,7,-28,0,0,0,0,0,0,0,0,0,0,0,0,0,0,0,0,0,0,0,0,0,0,0,0,2,-1,3,-4,5,-5,7,-4,8,-4,9,-5,10,-4,10,-3,12,-2,12,0,10,-2,11,-4,11,-3,9,-2,12,-2,14,-2,13,-2,14,-1,15,0,14,-1,12,-3,11,-3,14,-3,16,-4,16,-6]"
CSI_DATA,25,1a:00:00:00:00:00,-76,11,0,0,0,0,0,0,0,0,0,-94,0,1,0,5198082,0,31,0,128,0,"[0,0,8,-8,7,-5,4,-3,2,-1,4,-3,7,-6,6,-6,7,-4,9,-5,9,-7,7,-8,5,-9,2,-11,0,-11,1,-10,2,-12,4,-14,4,-15,3,-16,4,-15,8,-15,13,-18,15,-18,17,-13,17,-11,14,-12,0,0,0,0,0,0,0,0,0,0,0,0,0,0,0,0,0,0,0,0,0,0,1,0,2,-2,2,-2,3,-2,3,-2,4,-2,6,-2,7,-2,7,-3,8,-3,9,-3,10,-2,9,-2,9,-2,9,-1,9,0,9,0,9,0,11,0,11,0,8,-2,8,-1,10,2,10,-1,8,-7,7,-9]"
CSI_DATA,26,1a:00:00:00:00:00,-74,11,0,0,0,0,0,0,0,0,0,-94,0,1,0,5397629,0,31,0,128,0,"[0,0,4,-2,5,-4,4,-3,4,-5,3,-7,1,-7,0,-10,2,-12,7,-11,8,-11,4,-12,0,-12,-2,-13,-1,-14,0,-15,-2,-14,-3,-12,-4,-12,-6,-14,-5,-15,-6,-18,-7,-23,-6,-26,-3,-24,-2,-24,-3,-26,0,0,0,0,0,0,0,0,0,0,0,0,0,0,0,0,0,0,0,0,0,0,5,-2,5,-3,7,-3,8,-3,9,-4,10,-4,11,-3,12,-3,12,-3,13,-3,13,-3,13,-3,13,-3,13,-3,12,-4,12,-4,13,-3,13,-2,12,-3,10,-4,8,-5,7,-7,7,-9,10,-9,14,-8,15,-8]"
CSI_DATA,27,1a:00:00:00:00:00,-75,11,0,0,0,0,0,0,0,0,0,-94,0,1,0,5598758,0,31,0,128,0,"[0,0,-12,-1,-11,-1,-11,-1,-10,0,-8,2,-7,3,-6,4,-6,4,-6,2,-6,2,-4,3,-3,4,-3,4,-2,6,0,7,1,7,2,8,2,10,3,9,4,10,3,12,3,13,3,13,3,14,2,15,1,16,0,0,0,0,0,0,0,0,0,0,0,0,0,0,0,0,0,0,0,0,0,0,-8,-1,-9,0,-10,-1,-11,-2,-13,-3,-13,-4,-14,-5,-14,-6,-15,-7,-14,-7,-14,-8,-14,-8,-14,-7,-14,-7,-14,-7,-13,-7,-11,-7,-12,-6,-12,-5,-12,-4,-13,-4,-13,-4,-13,-3,-13,-2,-12,-3,-11,-3]"
CSI_DATA,28,1a:00:00:00:00:00,-70,11,0,0,0,0,0,0,0,0,0,-94,0,1,0,5800120,0,31,0,128,0,"[0,0,-10,-15,-8,-14,-8,-13,-9,-12,-9,-13,-10,-13,-9,-12,-8,-11,-9,-9,-9,-8,-8,-7,-8,-8,-8,-6,-8,-4,-7,-4,-8,-3,-9,0,-11,0,-11,-2,-10,-3,-10,-2,-9,0,-10,-1,-12,-1,-11,-2,-11,-2,0,0,0,0,0,0,0,0,0,0,0,0,0,0,0,0,0,0,0,0,0,0,-7,-6,-8,-7,-8,-9,-8,-10,-8,-11,-8,-13,-8,-14,-7,-15,-6,-15,-5,-16,-5,-16,-5,-16,-5,-16,-6,-16,-6,-16,-5,-16,-4,-16,-5,-17,-6,-17,-8,-15,-8,-14,-8,-15,-8,-15,-7,-15,-7,-15,-8,-16]"
CSI_DATA,29,1a:00:00:00:00:00,-70,11,0,0,0,0,0,0,0,0,0,-94,0,1,0,5860497,0,42,0,128,0,"[0,0,-8,11,-8,10,-9,10,-8,9,-7,10,-7,10,-7,10,-6,9,-5,10,-5,9,-4,8,-3,8,-2,8,-2,8,-2,8,-1,7,-1,7,-1,7,-1,7,0,6,0,6,0,6,1,7,1,7,2,7,2,7,0,0,0,0,0,0,0,0,0,0,0,0,0,0,0,0,0,0,0,0,0,0,-2,8,-2,8,-3,9,-4,10,-5,11,-6,11,-8,11,-9,11,-10,11,-10,11,-11,11,-11,11,-11,10,-11,10,-11,11,-11,11,-11,11,-10,11,-10,11,-11,11,-10,11,-10,11,-10,12,-10,12,-9,12,-9,12]"
[0;32mI (5918) ftm_responder: Counter = 6[0m
CSI_DATA,30,1a:00:00:00:00:00,-69,11,0,0,0,0,0,0,0,0,0,-94,0,1,0,5928512,0,31,0,128,0,"[0,0,13,0,13,0,13,1,13,0,13,-1,12,-2,12,-2,12,-1,10,-2,9,-3,10,-4,9,-4,7,-3,7,-3,6,-3,6,-3,6,-4,5,-3,5,-3,4,-4,4,-4,4,-4,3,-5,3,-5,3,-5,3,-5,0,0,0,0,0,0,0,0,0,0,0,0,0,0,0,0,0,0,0,0,0,0,6,-5,7,-5,9,-4,10,-4,11,-3,12,-3,13,-2,14,-1,14,0,14,1,14,1,13,2,14,2,14,2,14,1,14,1,14,0,14,0,14,1,14,1,14,1,14,0,14,0,14,1,14,0,16,0]"
CSI_DATA,31,1a:00:00:00:00:00,-69,11,0,0,0,0,0,0,0,0,0,-94,0,1,0,6134342,0,31,0,128,0,"[0,0,-3,16,-3,13,-3,11,-1,12,-2,12,-2,12,-2,11,-1,10,0,10,-1,10,-1,9,0,9,1,9,1,8,1,7,1,7,2,6,3,5,3,5,3,5,3,4,2,4,2,4,3,4,3,3,3,3,0,0,0,0,0,0,0,0,0,0,0,0,0,0,0,0,0,0,0,0,0,0,1,8,1,8,0,10,0,10,-1,11,-2,12,-4,13,-4,14,-5,14,-5,14,-5,14,-6,14,-5,14,-6,14,-6,14,-6,14,-6,15,-6,15,-5,15,-5,15,-5,16,-4,16,-4,16,-4,15,-4,14,-3,14]"
CSI_DATA,32,1a:00:00:00:00:00,-69,11,0,0,0,0,0,0,0,0,0,-94,0,1,0,6328989,0,31,0,128,0,"[0,0,-11,13,-11,12,-10,12,-9,12,-9,12,-9,11,-8,10,-8,10,-7,10,-6,10,-6,10,-5,10,-4,9,-3,9,-4,9,-3,9,-2,8,-2,8,-1,9,-1,9,0,8,0,8,0,7,1,7,1,8,0,8,0,0,0,0,0,0,0,0,0,0,0,0,0,0,0,0,0,0,0,0,0,0,-3,9,-4,10,-5,10,-6,11,-7,11,-9,12,-10,12,-11,12,-12,11,-12,11,-12,11,-12,11,-13,10,-13,10,-13,11,-13,11,-13,11,-13,11,-13,12,-13,13,-12,13,-11,13,-11,14,-10,14,-10,14,-11,15]"
CSI_DATA,33,1a:00:00:00:00:00,-71,11,0,0,0,0,0,0,0,0,0,-94,0,1,0,6540773,0,31,0,128,0,"[0,0,6,12,6,11,6,11,7,11,6,10,5,9,5,8,6,8,7,8,7,7,6,6,6,5,6,4,7,4,7,3,6,3,5,3,6,2,6,0,6,-2,8,-1,9,2,7,4,10,3,13,2,13,3,0,0,0,0,0,0,0,0,0,0,0,0,0,0,0,0,0,0,0,0,0,0,6,1,7,2,8,3,8,5,9,6,9,7,9,8,8,10,8,10,7,11,7,12,7,12,7,12,6,12,7,13,7,12,6,12,6,12,6,13,6,13,6,12,6,13,7,13,8,12,8,12,8,12]"
CSI_DATA,34,1a:00:00:00:00:00,-72,11,0,0,0,0,0,0,0,0,0,-94,0,1,0,6731815,0,31,0,128,0,"[0,0,0,9,1,12,4,13,6,15,4,13,3,7,4,6,6,8,9,8,9,7,7,6,7,6,9,6,11,7,12,7,12,8,14,8,16,8,17,10,17,11,14,12,11,12,11,14,14,16,16,17,14,18,0,0,0,0,0,0,0,0,0,0,0,0,0,0,0,0,0,0,0,0,0,0,1,3,0,3,0,4,0,4,-1,5,-1,6,-2,6,-2,6,-3,7,-3,7,-4,6,-4,7,-3,7,-3,7,-4,7,-5,7,-4,8,-2,10,-1,10,-2,8,-1,8,1,9,1,10,-1,9,0,10,1,10]"
[0;32mI (6918) ftm_responder: Counter = 7[0m
CSI_DATA,35,1a:00:00:00:00:00,-74,11,0,0,0,0,0,0,0,0,0,-93,0,1,0,6933009,0,31,0,128,0,"[0,0,5,5,7,1,10,0,10,0,8,1,7,-1,8,-6,6,-8,5,-7,9,-7,9,-6,9,-5,11,-9,11,-13,11,-15,12,-17,13,-18,11,-20,8,-21,10,-20,14,-16,17,-14,16,-17,17,-17,22,-14,24,-12,0,0,0,0,0,0,0,0,0,0,0,0,0,0,0,0,0,0,0,0,0,0,2,4,3,5,4,5,4,7,3,9,2,10,2,10,2,9,2,10,1,11,2,12,3,11,2,10,1,10,3,11,5,11,4,9,3,7,4,6,5,6,5,7,6,6,8,4,8,3,7,3,7,3]"
CSI_DATA,36,1a:00:00:00:00:00,-75,11,0,0,0,0,0,0,0,0,0,-93,0,1,0,7133876,0,31,0,128,0,"[0,0,1,4,1,3,-1,3,-2,3,-1,1,1,1,3,2,5,2,6,3,7,3,8,0,7,-2,7,-1,9,-3,12,-4,13,-4,13,-5,15,-5,16,-5,17,-4,19,-3,20,-2,22,-2,24,-1,24,0,24,1,0,0,0,0,0,0,0,0,0,0,0,0,0,0,0,0,0,0,0,0,0,0,-6,-1,-7,0,-7,0,-8,0,-8,0,-8,0,-9,0,-11,0,-11,0,-11,0,-10,0,-10,-2,-10,-1,-8,0,-7,0,-8,1,-8,3,-7,4,-7,5,-6,5,-5,4,-5,5,-4,7,-2,6,-1,5,-1,4]"
CSI_DATA,37,1a:00:00:00:00:00,-75,11,0,0,0,0,0,0,0,0,0,-93,0,1,0,7335679,0,31,0,128,0,"[0,0,3,-8,1,-6,0,-4,-1,-3,-4,-5,-6,-5,-8,-4,-9,-4,-9,-4,-9,-3,-9,-1,-8,0,-9,2,-9,4,-8,4,-10,3,-15,1,-17,2,-18,8,-19,11,-20,9,-22,6,-22,5,-22,3,-23,0,-22,-1,0,0,0,0,0,0,0,0,0,0,0,0,0,0,0,0,0,0,0,0,0,0,8,-4,8,-4,8,-5,8,-7,9,-8,9,-8,10,-8,11,-8,11,-9,12,-9,12,-8,10,-7,10,-8,9,-8,8,-7,8,-6,8,-7,7,-9,7,-11,7,-9,7,-8,5,-10,5,-11,6,-9,5,-8,2,-9]"
CSI_DATA,38,1a:00:00:00:00:00,-76,11,0,0,0,0,0,0,0,0,0,-93,0,1,0,7395463,0,42,0,128,0,"[0,0,5,-3,5,-5,4,-5,3,-6,1,-7,0,-6,0,-5,0,-4,-2,-4,-3,-4,-3,-5,-5,-4,-7,-3,-8,-3,-9,-3,-10,-3,-12,-3,-13,-4,-15,-5,-18,-6,-20,-8,-18,-9,-17,-10,-17,-11,-19,-12,-20,-15,0,0,0,0,0,0,0,0,0,0,0,0,0,0,0,0,0,0,0,0,0,0,7,2,7,3,8,2,9,2,10,2,11,3,12,3,12,3,12,4,13,4,12,4,12,4,11,2,11,2,11,2,11,2,10,1,10,0,10,-1,9,-1,8,-1,7,-2,8,-2,9,-3,7,-4,6,-4]"
CSI_DATA,39,1a:00:00:00:00:00,-75,11,0,0,0,0,0,0,0,0,0,-93,0,1,0,7468435,0,31,0,128,0,"[0,0,8,-6,7,-5,4,-5,3,-4,5,-5,6,-5,4,-2,2,-1,0,-2,-1,-2,-3,-2,-5,-6,-6,-9,-6,-8,-6,-8,-7,-9,-10,-8,-12,-7,-13,-9,-11,-12,-9,-13,-8,-14,-8,-16,-9,-16,-11,-18,-11,-20,0,0,0,0,0,0,0,0,0,0,0,0,0,0,0,0,0,0,0,0,0,0,5,6,6,6,7,7,7,7,7,8,7,9,8,9,8,8,8,8,10,9,11,9,10,9,8,10,9,8,10,5,10,4,11,4,10,4,10,6,10,6,9,4,9,2,9,2,10,2,10,1,10,1]"
CSI_DATA,40,1a:00:00:00:00:00,-76,11,0,0,0,0,0,0,0,0,0,-93,0,1,0,7673475,0,31,0,128,0,"[0,0,0,2,0,2,0,3,1,5,1,4,1,2,3,1,6,0,7,-2,5,-4,2,-5,2,-5,3,-6,4,-7,4,-9,4,-10,6,-12,7,-15,8,-16,8,-14,9,-11,11,-11,11,-12,10,-13,14,-14,18,-12,0,0,0,0,0,0,0,0,0,0,0,0,0,0,0,0,0,0,0,0,0,0,-6,2,-6,4,-5,5,-6,6,-7,7,-7,7,-8,7,-8,6,-8,7,-7,7,-7,6,-7,6,-7,6,-6,5,-6,5,-5,7,-4,7,-4,7,-3,8,-1,8,-1,6,-1,5,-1,5,-2,5,-2,5,0,6]"
CSI_DATA,41,1a:00:00:00:00:00,-75,11,0,0,0,0,0,0,0,0,0,-93,0,1,0,7874712,0,31,0,128,0,"[0,0,1,-2,-1,1,-2,3,-2,1,-1,0,0,2,3,3,6,4,7,3,5,1,5,0,9,1,12,0,12,-2,13,-2,13,-2,15,-2,17,-1,19,-2,20,-2,21,-1,22,0,22,1,23,2,24,3,23,5,0,0,0,0,0,0,0,0,0,0,0,0,0,0,0,0,0,0,0,0,0,0,3,-8,3,-9,2,-9,2,-9,2,-10,1,-11,0,-11,0,-11,0,-10,1,-10,0,-10,0,-10,-1,-9,-1,-9,-1,-8,-2,-8,-3,-8,-3,-8,-3,-8,-3,-7,-3,-5,-2,-3,-2,-4,-3,-4,-5,-2,-5,-1]"
[0;32mI (7918) ftm_responder: Counter = 8[0m
CSI_DATA,42,1a:00:00:00:00:00,-75,11,0,0,0,0,0,0,0,0,0,-93,0,1,0,8079114,0,31,0,128,0,"[0,0,-2,-5,-1,-4,-4,-1,-4,0,-1,2,0,4,-1,4,0,4,0,4,1,4,4,2,5,3,5,6,6,7,9,8,12,9,12,10,13,11,15,13,17,13,18,14,19,14,19,16,18,18,18,20,16,20,0,0,0,0,0,0,0,0,0,0,0,0,0,0,0,0,0,0,0,0,0,0,7,0,7,-1,7,-3,8,-3,9,-4,9,-4,9,-4,9,-5,10,-6,9,-6,9,-7,9,-7,8,-7,7,-8,6,-9,5,-9,3,-10,3,-10,4,-10,3,-9,1,-9,0,-9,-1,-7,-3,-4,-4,-5,-4,-8]"
CSI_DATA,43,1a:00:00:00:00:00,-72,11,0,0,0,0,0,0,0,0,0,-93,0,1,0,8274683,0,31,0,128,0,"[0,0,4,0,4,-2,4,-3,3,-4,4,-5,5,-7,5,-9,3,-8,2,-6,3,-7,3,-9,2,-13,0,-16,-2,-16,-1,-16,0,-16,0,-18,0,-20,0,-21,0,-22,0,-23,1,-24,2,-24,4,-24,6,-25,7,-24,0,0,0,0,0,0,0,0,0,0,0,0,0,0,0,0,0,0,0,0,0,0,-1,0,0,1,0,2,0,2,-1,3,-1,5,-1,6,-2,6,-2,6,-1,6,-1,6,0,6,0,5,-1,4,0,4,1,3,1,3,0,4,1,4,1,3,1,2,3,2,4,2,4,0,5,-1,5,1]"
CSI_DATA,44,1a:00:00:00:00:00,-73,11,0,0,0,0,0,0,0,0,0,-93,0,1,0,8474474,0,31,0,128,0,"[0,0,-10,2,-13,2,-11,4,-8,5,-5,3,-3,3,-3,6,-3,9,-2,11,0,12,0,9,2,8,3,10,2,12,2,12,5,13,6,14,7,15,7,18,5,19,4,19,3,18,2,18,4,17,7,21,8,28,0,0,0,0,0,0,0,0,0,0,0,0,0,0,0,0,0,0,0,0,0,0,-4,0,-5,-1,-6,-2,-5,-2,-6,-3,-7,-3,-7,-4,-7,-4,-8,-4,-8,-5,-8,-6,-9,-5,-9,-5,-10,-4,-10,-3,-10,-2,-10,-4,-8,-3,-8,0,-9,0,-9,-2,-10,-2,-11,0,-9,1,-8,-1,-8,-1]"
CSI_DATA,45,1a:00:00:00:00:00,-71,11,0,0,0,0,0,0,0,0,0,-93,0,1,0,8674479,0,31,0,128,0,"[0,0,-10,8,-8,8,-7,7,-8,8,-7,10,-7,11,-6,10,-6,10,-6,9,-4,7,-3,7,-4,9,-4,10,-1,11,-1,12,-1,13,-1,13,-1,13,-1,11,-1,11,-2,13,-2,16,-3,16,-4,16,-4,17,-5,17,0,0,0,0,0,0,0,0,0,0,0,0,0,0,0,0,0,0,0,0,0,0,-1,5,-2,6,-3,7,-4,7,-5,7,-6,7,-8,6,-9,6,-9,6,-10,6,-10,6,-10,6,-10,6,-11,6,-11,6,-11,6,-11,6,-10,6,-10,7,-10,8,-10,8,-10,8,-10,8,-9,8,-10,8,-10,9]"
CSI_DATA,46,1a:00:00:00:00:00,-70,11,0,0,0,0,0,0,0,0,0,-93,0,1,0,8875660,0,31,0,128,0,"[0,0,-11,11,-10,11,-10,10,-10,9,-10,10,-9,9,-9,9,-9,9,-8,9,-7,10,-6,10,-6,10,-6,10,-5,9,-5,8,-4,8,-3,8,-3,9,-2,9,-2,8,-2,8,-3,7,-3,7,-3,7,-2,7,-2,7,0,0,0,0,0,0,0,0,0,0,0,0,0,0,0,0,0,0,0,0,0,0,0,8,-1,9,-2,10,-3,10,-4,11,-6,11,-7,11,-8,11,-9,11,-10,11,-11,11,-11,10,-11,11,-12,11,-12,10,-11,10,-11,10,-11,11,-12,11,-12,11,-11,12,-10,12,-11,12,-11,13,-12,13,-12,13]"
[0;32mI (8918) ftm_responder: Counter = 9[0m
CSI_DATA,47,1a:00:00:00:00:00,-69,11,0,0,0,0,0,0,0,0,0,-93,0,1,0,8936018,0,42,0,128,0,"[0,0,-5,17,-5,16,-5,15,-5,14,-4,13,-3,13,-2,12,-2,11,-1,11,-1,10,-1,10,0,10,1,10,1,10,1,10,2,9,2,8,2,8,2,8,2,8,2,7,2,6,2,6,2,6,3,5,3,5,0,0,0,0,0,0,0,0,0,0,0,0,0,0,0,0,0,0,0,0,0,0,1,9,1,9,0,10,-1,11,-2,12,-3,13,-4,14,-5,14,-6,14,-6,14,-7,14,-7,14,-7,14,-7,14,-8,14,-7,13,-6,14,-6,14,-7,14,-6,15,-5,15,-5,15,-6,15,-5,15,-5,15,-6,16]"
CSI_DATA,48,1a:00:00:00:00:00,-68,11,0,0,0,0,0,0,0,0,0,-93,0,1,0,9000932,0,31,0,128,0,"[0,0,0,-18,0,-16,0,-14,0,-14,0,-14,-1,-14,-1,-13,-1,-12,-2,-11,-3,-11,-2,-10,-1,-10,-2,-9,-3,-10,-3,-9,-4,-9,-4,-8,-5,-7,-5,-7,-4,-6,-4,-6,-4,-6,-5,-5,-4,-5,-5,-5,-5,-5,0,0,0,0,0,0,0,0,0,0,0,0,0,0,0,0,0,0,0,0,0,0,-3,-9,-3,-10,-3,-11,-2,-12,-1,-13,-1,-14,0,-15,1,-15,2,-16,3,-15,4,-15,4,-15,4,-15,4,-16,4,-17,3,-16,2,-16,2,-16,3,-16,2,-17,1,-17,1,-18,1,-19,0,-18,0,-16,2,-16]"
CSI_DATA,49,1a:00:00:00:00:00,-67,11,0,0,0,0,0,0,0,0,0,-93,0,1,0,9201791,0,31,0,128,0,"[0,0,9,-5,9,-4,9,-5,8,-5,7,-5,7,-5,7,-5,6,-6,6,-5,6,-5,6,-4,5,-5,5,-5,4,-5,4,-4,3,-4,2,-4,1,-4,2,-3,2,-3,2,-4,2,-5,3,-4,2,-2,1,0,2,0,0,0,0,0,0,0,0,0,0,0,0,0,0,0,0,0,0,0,0,0,0,0,5,-5,5,-5,5,-5,5,-5,6,-6,7,-6,8,-5,9,-5,9,-5,10,-4,10,-3,10,-4,11,-4,11,-4,10,-4,11,-4,10,-4,10,-4,9,-5,10,-5,10,-6,10,-5,10,-5,10,-6,10,-6,10,-6]"
CSI_DATA,50,1a:00:00:00:00:00,-67,11,0,0,0,0,0,0,0,0,0,-93,0,1,0,9402602,0,31,0,128,0,"[0,0,-12,-12,-12,-11,-10,-10,-10,-9,-11,-8,-10,-8,-10,-8,-10,-8,-10,-7,-10,-7,-9,-6,-9,-5,-9,-4,-9,-3,-9,-4,-8,-4,-7,-3,-7,-4,-6,-4,-6,-3,-6,-1,-5,-2,-4,-3,-3,-3,-3,-3,-4,-3,0,0,0,0,0,0,0,0,0,0,0,0,0,0,0,0,0,0,0,0,0,0,-8,-4,-9,-4,-10,-5,-10,-7,-10,-8,-10,-9,-10,-10,-10,-11,-10,-11,-10,-12,-9,-12,-9,-12,-10,-12,-10,-12,-10,-13,-10,-13,-11,-12,-11,-12,-11,-12,-11,-12,-12,-11,-12,-11,-12,-11,-13,-12,-12,-11,-12,-11]"
CSI_DATA,51,1a:00:00:00:00:00,-67,11,0,0,0,0,0,0,0,0,0,-93,0,1,0,9602548,0,31,0,128,0,"[0,0,-12,-12,-12,-11,-12,-10,-13,-10,-10,-8,-10,-7,-11,-6,-11,-5,-11,-5,-11,-6,-10,-6,-9,-4,-9,-4,-8,-5,-8,-5,-7,-4,-7,-3,-7,-3,-7,-4,-6,-4,-5,-3,-5,-2,-4,-3,-3,-3,-3,-1,-3,0,0,0,0,0,0,0,0,0,0,0,0,0,0,0,0,0,0,0,0,0,0,0,-10,-4,-10,-4,-11,-5,-12,-6,-12,-7,-13,-9,-13,-10,-12,-10,-12,-11,-12,-12,-12,-12,-12,-13,-11,-13,-11,-12,-12,-13,-12,-13,-12,-13,-13,-12,-14,-13,-13,-13,-13,-12,-13,-12,-12,-11,-12,-11,-14,-11,-15,-11]"
CSI_DATA,52,1a:00:00:00:00:00,-68,11,0,0,0,0,0,0,0,0,0,-93,0,1,0,9803915,0,31,0,128,0,"[0,0,-15,-13,-13,-12,-12,-11,-13,-12,-13,-12,-12,-10,-12,-9,-11,-8,-10,-7,-10,-6,-10,-5,-10,-5,-9,-6,-9,-6,-9,-5,-8,-4,-8,-4,-8,-3,-8,-3,-7,-3,-5,-2,-5,-1,-5,-1,-4,-1,-3,0,-4,0,0,0,0,0,0,0,0,0,0,0,0,0,0,0,0,0,0,0,0,0,0,0,-9,-6,-9,-7,-9,-8,-10,-10,-10,-11,-9,-12,-9,-13,-9,-14,-9,-15,-8,-16,-8,-16,-8,-15,-8,-15,-8,-15,-8,-15,-8,-15,-10,-15,-10,-15,-11,-15,-12,-14,-11,-13,-11,-12,-12,-12,-12,-13,-10,-14,-11,-14]"
[0;32mI (9918) ftm_responder: Counter = 10[0m
CSI_DATA,53,1a:00:00:00:00:00,-68,11,0,0,0,0,0,0,0,0,0,-93,0,1,0,10004869,0,31,0,128,0,"[0,0,3,-14,2,-14,2,-15,1,-15,1,-14,1,-13,0,-13,-1,-12,-2,-12,-2,-11,-1,-10,0,-11,-1,-10,-1,-10,-1,-11,-1,-9,-2,-8,-2,-7,-1,-7,0,-7,0,-6,0,-5,-2,-6,-4,-6,-4,-5,-3,-4,0,0,0,0,0,0,0,0,0,0,0,0,0,0,0,0,0,0,0,0,0,0,-3,-9,-3,-10,-2,-11,-2,-12,-1,-13,0,-14,1,-15,2,-16,2,-16,3,-16,4,-16,5,-16,5,-16,5,-17,5,-16,5,-16,5,-16,5,-16,4,-17,3,-16,3,-16,3,-16,3,-16,2,-16,3,-16,3,-16]"
CSI_DATA,54,1a:00:00:00:00:00,-68,11,0,0,0,0,0,0,0,0,0,-93,0,1,0,10206246,0,31,0,128,0,"[0,0,-15,-2,-14,0,-15,-1,-14,-1,-14,0,-14,0,-13,-1,-13,1,-13,1,-13,2,-11,3,-11,3,-12,2,-13,2,-13,4,-11,3,-11,2,-9,1,-8,3,-9,3,-9,3,-8,3,-8,3,-8,2,-10,2,-11,3,0,0,0,0,0,0,0,0,0,0,0,0,0,0,0,0,0,0,0,0,0,0,-7,4,-8,4,-10,3,-11,3,-12,2,-13,1,-14,0,-15,-1,-15,-2,-15,-2,-14,-2,-14,-2,-15,-3,-15,-4,-14,-4,-14,-4,-16,-4,-17,-3,-16,-2,-16,-2,-17,-2,-17,-2,-17,-2,-16,-1,-15,-1,-16,-2]"
CSI_DATA,55,1a:00:00:00:00:00,-71,11,0,0,0,0,0,0,0,0,0,-93,0,1,0,10407298,0,31,0,128,0,"[0,0,-4,14,-3,14,-1,13,1,12,-1,13,-1,13,0,13,0,13,1,12,2,11,2,11,2,10,3,9,4,8,5,9,5,11,6,12,6,10,6,10,6,12,5,12,4,12,4,11,3,11,3,12,2,13,0,0,0,0,0,0,0,0,0,0,0,0,0,0,0,0,0,0,0,0,0,0,2,4,2,5,2,6,2,7,1,9,0,9,0,10,-1,11,-2,11,-3,11,-4,11,-4,12,-4,11,-3,11,-2,11,-3,11,-3,12,-3,13,-2,13,-1,13,-1,12,-2,13,-3,14,-3,14,-3,14,-2,13]"
CSI_DATA,56,1a:00:00:00:00:00,-71,11,0,0,0,0,0,0,0,0,0,-93,0,1,0,10467717,0,42,0,128,0,"[0,0,-6,-13,-6,-14,-6,-14,-8,-13,-8,-12,-8,-12,-8,-11,-8,-10,-8,-9,-8,-9,-7,-9,-8,-8,-10,-9,-11,-9,-11,-9,-10,-8,-11,-7,-11,-8,-11,-9,-12,-9,-12,-10,-12,-11,-12,-11,-12,-11,-11,-13,-10,-14,0,0,0,0,0,0,0,0,0,0,0,0,0,0,0,0,0,0,0,0,0,0,-4,-4,-4,-5,-5,-6,-5,-7,-5,-8,-5,-9,-4,-10,-3,-11,-2,-11,-2,-11,-1,-12,-1,-13,-2,-12,-2,-12,-2,-12,-2,-12,-2,-13,-3,-13,-4,-13,-4,-13,-5,-13,-6,-13,-5,-13,-5,-13,-5,-12,-6,-13]"
CSI_DATA,57,1a:00:00:00:00:00,-72,11,0,0,0,0,0,0,0,0,0,-93,0,1,0,10536256,0,31,0,128,0,"[0,0,4,-14,2,-14,3,-13,4,-11,2,-11,2,-11,2,-11,2,-11,0,-12,-1,-13,-1,-14,-1,-15,-3,-15,-4,-14,-3,-14,-3,-15,-4,-17,-4,-16,-5,-16,-5,-16,-4,-17,-3,-19,-2,-20,-2,-19,-1,-19,1,-18,0,0,0,0,0,0,0,0,0,0,0,0,0,0,0,0,0,0,0,0,0,0,-1,-5,-1,-6,0,-7,1,-7,1,-8,2,-8,3,-9,4,-9,5,-10,5,-10,5,-9,5,-9,5,-9,6,-9,6,-9,6,-10,6,-11,6,-11,6,-11,6,-11,4,-10,4,-12,3,-14,3,-13,4,-12,3,-12]"
CSI_DATA,58,1a:00:00:00:00:00,-74,11,0,0,0,0,0,0,0,0,0,-93,0,1,0,10741859,0,31,0,128,0,"[0,0,-8,-11,-6,-10,-6,-9,-5,-8,-6,-8,-7,-8,-7,-8,-6,-7,-8,-6,-9,-5,-10,-5,-13,-5,-14,-4,-13,-4,-14,-4,-15,-4,-16,-4,-16,-4,-17,-4,-18,-4,-19,-4,-19,-6,-19,-8,-19,-9,-18,-10,-18,-10,0,0,0,0,0,0,0,0,0,0,0,0,0,0,0,0,0,0,0,0,0,0,0,-2,0,-3,-1,-4,-1,-6,0,-7,1,-8,1,-9,1,-9,1,-9,1,-9,2,-9,2,-9,2,-9,2,-10,2,-10,1,-9,0,-9,0,-9,0,-9,-2,-8,-3,-9,-2,-10,-1,-11,-1,-10,-2,-10,-3,-11]"
[0;32mI (10918) ftm_responder: Counter = 11[0m
CSI_DATA,59,1a:00:00:00:00:00,-73,11,0,0,0,0,0,0,0,0,0,-92,0,1,0,10946660,0,31,0,128,0,"[0,0,-2,14,-3,13,-3,12,-2,12,-1,12,0,12,1,16,2,14,1,8,3,8,5,10,6,9,6,9,5,8,7,6,8,6,6,9,7,10,11,9,13,10,13,11,13,12,12,14,11,15,10,16,8,17,0,0,0,0,0,0,0,0,0,0,0,0,0,0,0,0,0,0,0,0,0,0,0,7,1,7,1,8,0,9,0,11,-1,13,-2,14,-2,14,-3,14,-4,14,-5,14,-5,15,-5,15,-5,15,-5,14,-5,14,-4,15,-3,15,-2,14,-3,13,-4,13,-3,13,0,14,-1,15,-1,15,0,15]"
CSI_DATA,60,1a:00:00:00:00:00,-76,11,0,0,0,0,0,0,0,0,0,-92,0,1,0,11141848,0,31,0,128,0,"[0,0,8,0,7,-1,7,-2,8,-1,8,-2,7,-4,8,-4,8,-4,7,-6,7,-8,7,-9,6,-9,5,-9,4,-10,3,-11,2,-12,3,-12,5,-14,7,-16,7,-18,8,-18,8,-18,10,-19,12,-19,13,-18,14,-17,0,0,0,0,0,0,0,0,0,0,0,0,0,0,0,0,0,0,0,0,0,0,3,4,4,5,5,5,5,6,6,7,6,8,6,8,6,9,6,9,6,10,6,10,6,9,5,9,5,9,6,9,6,8,6,8,5,7,5,6,5,6,6,6,7,5,7,3,7,1,7,2,8,3]"
CSI_DATA,61,1a:00:00:00:00:00,-74,11,0,0,0,0,0,0,0,0,0,-92,0,1,0,11341526,0,31,0,128,0,"[0,0,7,-5,7,-4,5,-3,5,-2,6,0,5,-2,6,-5,8,-7,6,-6,5,-4,5,-5,5,-8,5,-10,3,-11,1,-11,0,-9,0,-10,0,-10,-2,-11,-5,-13,-6,-15,-2,-17,1,-16,1,-15,2,-17,4,-18,0,0,0,0,0,0,0,0,0,0,0,0,0,0,0,0,0,0,0,0,0,0,8,4,7,4,8,4,8,5,9,5,10,6,10,6,10,7,10,7,9,7,10,6,10,7,10,7,10,7,10,7,9,7,9,5,9,3,7,3,9,4,11,3,11,1,11,2,10,5,10,3,11,-1]"
CSI_DATA,62,1a:00:00:00:00:00,-76,11,0,0,0,0,0,0,0,0,0,-92,0,1,0,11541158,0,31,0,128,0,"[0,0,-7,-4,-6,-2,-4,-2,-2,-2,-2,0,-3,1,-2,2,-1,1,-1,1,1,1,2,-1,2,-2,4,0,6,2,8,2,7,3,6,3,9,2,12,5,14,8,14,7,13,8,12,9,12,9,11,7,9,7,0,0,0,0,0,0,0,0,0,0,0,0,0,0,0,0,0,0,0,0,0,0,-7,-8,-8,-9,-9,-9,-9,-9,-10,-9,-10,-9,-10,-9,-11,-10,-11,-10,-10,-9,-10,-9,-10,-9,-9,-9,-10,-9,-9,-9,-8,-9,-8,-8,-9,-7,-10,-6,-10,-4,-9,-3,-8,-4,-8,-5,-7,-3,-7,-2,-8,-2]"
CSI_DATA,63,1a:00:00:00:00:00,-76,11,0,0,0,0,0,0,0,0,0,-92,0,1,0,11744174,0,31,0,128,0,"[0,0,-7,2,-4,3,-2,2,-2,-1,-2,-2,-1,-2,0,-1,-1,-2,-2,-3,-2,-1,-1,-1,-2,-3,-2,-7,-1,-9,0,-9,0,-9,0,-11,2,-12,4,-13,4,-15,4,-17,5,-19,6,-19,7,-17,8,-17,9,-18,0,0,0,0,0,0,0,0,0,0,0,0,0,0,0,0,0,0,0,0,0,0,-12,-7,-13,-6,-13,-5,-14,-4,-15,-4,-16,-4,-16,-4,-16,-3,-15,-4,-15,-4,-13,-4,-12,-4,-14,-3,-15,-2,-14,0,-13,1,-13,0,-14,0,-14,1,-14,1,-11,1,-9,2,-10,3,-11,2,-12,1,-10,1]"
[0;32mI (11918) ftm_responder: Counter = 12[0m
CSI_DATA,64,1a:00:00:00:00:00,-74,11,0,0,0,0,0,0,0,0,0,-92,0,1,0,11943729,0,31,0,128,0,"[0,0,1,6,1,4,2,4,1,2,1,1,0,1,-1,2,-2,3,-4,2,-7,4,-7,5,-7,2,-7,-1,-9,2,-9,3,-8,3,-9,4,-13,5,-16,4,-14,1,-13,-1,-15,1,-16,0,-16,-2,-17,-5,-17,-5,0,0,0,0,0,0,0,0,0,0,0,0,0,0,0,0,0,0,0,0,0,0,-6,11,-6,11,-5,11,-4,11,-3,12,-3,13,-3,13,-3,14,-3,14,-2,13,-1,12,-1,13,-2,14,-1,14,1,13,2,13,2,14,1,14,1,13,2,9,2,7,0,8,0,9,2,9,2,6,2,5]"
CSI_DATA,65,1a:00:00:00:00:00,-75,11,0,0,0,0,0,0,0,0,0,-92,0,1,0,12003874,0,42,0,128,0,"[0,0,7,-1,4,-2,3,-2,2,-1,3,0,3,0,4,1,3,3,2,4,3,4,3,5,3,6,3,7,5,8,6,8,5,9,5,11,5,12,6,14,7,16,5,17,3,19,3,19,2,18,0,19,-1,22,0,0,0,0,0,0,0,0,0,0,0,0,0,0,0,0,0,0,0,0,0,0,11,8,11,8,12,7,12,6,13,6,13,6,14,5,14,5,14,5,14,5,14,4,15,3,14,2,14,1,12,1,12,0,13,0,13,0,13,-2,13,-3,12,-2,11,-2,9,-3,8,-2,8,-2,9,-2]"
CSI_DATA,66,1a:00:00:00:00:00,-76,11,0,0,0,0,0,0,0,0,0,-92,0,1,0,12073033,0,31,0,128,0,"[0,0,5,6,4,6,5,3,6,0,2,1,0,4,1,6,2,5,1,3,-1,3,-3,6,-3,5,-2,4,-3,6,-4,6,-5,7,-7,8,-10,9,-12,10,-13,10,-14,10,-15,11,-17,12,-18,12,-19,11,-21,9,0,0,0,0,0,0,0,0,0,0,0,0,0,0,0,0,0,0,0,0,0,0,-1,12,0,13,0,14,0,13,1,14,2,15,2,15,3,15,4,15,4,15,4,14,5,14,6,14,6,13,7,12,7,12,7,12,6,11,6,11,7,11,7,11,8,10,8,8,7,6,5,6,4,6]"
CSI_DATA,67,1a:00:00:00:00:00,-73,11,0,0,0,0,0,0,0,0,0,-92,0,1,0,12274435,0,31,0,128,0,"[0,0,8,4,8,3,9,2,9,0,8,0,7,2,7,1,6,0,5,0,6,0,5,1,4,0,2,-1,1,-1,0,0,-1,1,-3,-1,-3,-3,-3,-5,-5,-7,-6,-7,-5,-5,-4,-7,-8,-9,-9,-11,-6,-14,0,0,0,0,0,0,0,0,0,0,0,0,0,0,0,0,0,0,0,0,0,0,6,7,7,7,7,8,8,8,9,8,9,9,10,10,10,11,10,11,10,11,10,11,10,11,10,9,10,9,10,10,10,10,10,9,10,8,10,7,11,7,11,7,10,5,10,3,10,4,10,4,10,4]"
CSI_DATA,68,1a:00:00:00:00:00,-74,11,0,0,0,0,0,0,0,0,0,-92,0,1,0,12482728,0,31,0,128,0,"[0,0,-2,10,-2,10,-1,8,2,7,5,5,4,3,2,1,1,2,-1,4,-1,3,2,0,1,-2,0,-3,2,-4,4,-6,5,-8,5,-8,7,-9,9,-11,10,-12,11,-12,13,-11,14,-11,16,-11,19,-11,20,-11,0,0,0,0,0,0,0,0,0,0,0,0,0,0,0,0,0,0,0,0,0,0,-3,8,-4,8,-4,9,-4,10,-4,11,-5,12,-6,12,-6,13,-6,13,-6,14,-7,15,-7,15,-6,14,-6,13,-6,13,-6,13,-5,13,-4,13,-4,13,-3,12,-4,10,-4,11,-3,12,-3,11,-2,12,-1,13]"
CSI_DATA,69,1a:00:00:00:00:00,-76,11,0,0,0,0,0,0,0,0,0,-92,0,1,0,12675075,0,31,0,128,0,"[0,0,10,-8,0,-8,-4,-3,1,2,3,1,6,-2,6,-3,-1,3,-3,5,-3,1,-3,0,-2,1,-6,-1,-12,-3,-12,-3,-11,-5,-15,-6,-16,-6,-16,-10,-16,-15,-17,-19,-17,-21,-15,-24,-13,-27,-10,-28,-9,-25,0,0,0,0,0,0,0,0,0,0,0,0,0,0,0,0,0,0,0,0,0,0,7,-2,7,-3,7,-4,8,-4,10,-5,11,-6,11,-5,13,-5,13,-5,12,-3,14,-3,17,-3,15,-3,12,-5,12,-6,13,-6,13,-7,12,-6,14,-2,17,-3,17,-8,16,-4,12,2,9,3,9,1,4,-2]"
CSI_DATA,70,1a:00:00:00:00:00,-75,11,0,0,0,0,0,0,0,0,0,-92,0,1,0,12881071,0,31,0,128,0,"[0,0,-12,-2,-11,-2,-10,-2,-8,-1,-4,1,-4,2,-4,2,-1,3,1,2,1,0,2,0,4,-1,5,0,7,3,7,3,9,2,12,2,14,3,15,5,15,6,15,6,16,7,16,10,16,13,17,16,17,17,0,0,0,0,0,0,0,0,0,0,0,0,0,0,0,0,0,0,0,0,0,0,-6,-5,-6,-5,-6,-4,-7,-4,-8,-5,-10,-5,-11,-6,-12,-8,-12,-7,-12,-6,-12,-6,-13,-7,-14,-7,-13,-9,-14,-9,-14,-6,-14,-4,-13,-4,-13,-4,-14,-2,-14,0,-14,0,-13,-1,-14,-3,-13,-2,-12,0]"
[0;32mI (12918) ftm_responder: Counter = 13[0m
CSI_DATA,71,1a:00:00:00:00:00,-73,11,0,0,0,0,0,0,0,0,0,-92,0,1,0,13077230,0,31,0,128,0,"[0,0,4,8,5,8,6,9,7,10,7,8,7,6,5,4,7,-1,11,-4,11,-3,8,1,7,2,10,-3,10,-7,9,-9,9,-12,11,-13,14,-13,15,-12,15,-12,18,-13,20,-13,20,-13,21,-10,24,-7,25,-8,0,0,0,0,0,0,0,0,0,0,0,0,0,0,0,0,0,0,0,0,0,0,1,3,0,3,0,4,2,6,3,7,2,7,1,8,0,10,0,10,0,10,1,11,3,14,2,14,-2,12,-1,12,1,12,1,12,1,13,2,14,2,13,2,13,2,12,3,13,5,13,6,11,7,9]"
CSI_DATA,72,1a:00:00:00:00:00,-73,11,0,0,0,0,0,0,0,0,0,-92,0,1,0,13278430,0,31,0,128,0,"[0,0,3,6,2,6,2,8,2,9,4,7,6,6,6,4,5,2,5,2,6,1,7,1,7,1,7,-1,8,-3,9,-4,10,-5,11,-5,13,-6,14,-8,14,-7,15,-6,16,-5,17,-5,19,-4,19,-4,20,-2,0,0,0,0,0,0,0,0,0,0,0,0,0,0,0,0,0,0,0,0,0,0,0,3,0,4,0,5,0,7,-1,8,-2,10,-3,11,-3,11,-3,11,-3,12,-3,12,-4,12,-4,13,-4,14,-4,14,-3,13,-3,12,-3,11,-2,11,-1,12,-1,13,-1,13,-1,12,0,13,1,14,1,12]"
CSI_DATA,73,1a:00:00:00:00:00,-73,11,0,0,0,0,0,0,0,0,0,-92,0,1,0,13481232,0,31,0,128,0,"[0,0,9,-5,11,-3,10,-3,7,-5,5,-6,7,-6,8,-6,7,-6,4,-6,1,-7,-2,-8,-3,-8,-1,-9,-2,-9,-4,-10,-5,-10,-6,-11,-7,-12,-9,-14,-8,-14,-7,-15,-6,-17,-5,-17,-5,-18,-5,-19,-4,-19,0,0,0,0,0,0,0,0,0,0,0,0,0,0,0,0,0,0,0,0,0,0,3,0,3,0,4,1,6,1,7,0,8,1,10,3,11,4,10,4,9,4,9,4,9,3,10,4,10,4,10,2,12,4,14,4,12,3,9,3,9,2,10,-1,12,-1,12,-1,11,0,10,1,10,1]"
CSI_DATA,74,1a:00:00:00:00:00,-73,11,0,0,0,0,0,0,0,0,0,-92,0,1,0,13540061,0,42,0,128,0,"[0,0,14,7,12,7,10,6,9,4,9,1,10,0,9,0,8,-2,8,-4,8,-4,7,-5,7,-7,8,-8,8,-8,8,-8,8,-10,8,-12,8,-13,10,-13,12,-14,13,-14,14,-15,15,-15,16,-13,17,-12,18,-11,0,0,0,0,0,0,0,0,0,0,0,0,0,0,0,0,0,0,0,0,0,0,3,1,4,1,6,2,7,3,8,4,8,6,8,7,9,7,9,8,9,8,9,10,10,11,11,9,11,9,12,10,12,10,11,9,10,9,10,9,11,8,12,8,13,8,13,7,13,6,14,5,14,6]"
CSI_DATA,75,1a:00:00:00:00:00,-72,11,0,0,0,0,0,0,0,0,0,-92,0,1,0,13608648,0,31,0,128,0,"[0,0,15,4,12,2,11,0,10,-2,8,-2,8,-2,9,-3,9,-5,7,-5,7,-4,8,-5,7,-7,5,-9,5,-9,6,-10,7,-12,7,-13,7,-15,8,-15,10,-16,11,-16,12,-16,13,-16,14,-15,16,-15,17,-13,0,0,0,0,0,0,0,0,0,0,0,0,0,0,0,0,0,0,0,0,0,0,2,-2,4,-2,5,-2,7,-2,8,-1,9,0,10,1,11,2,12,2,12,3,11,3,11,4,12,3,12,3,11,4,12,4,13,3,13,3,13,4,13,3,14,1,14,0,13,1,13,1,13,1,13,1]"
CSI_DATA,76,1a:00:00:00:00:00,-73,11,0,0,0,0,0,0,0,0,0,-92,0,1,0,13813309,0,31,0,128,0,"[0,0,0,-16,-1,-15,-3,-13,-3,-10,-2,-10,-1,-11,-3,-11,-4,-11,-4,-10,-6,-9,-7,-8,-9,-6,-10,-5,-11,-4,-12,-5,-13,-7,-14,-8,-16,-8,-16,-7,-15,-6,-16,-7,-16,-8,-17,-10,-17,-11,-17,-12,-17,-14,0,0,0,0,0,0,0,0,0,0,0,0,0,0,0,0,0,0,0,0,0,0,-2,-4,-2,-4,-1,-5,-1,-6,0,-8,0,-9,1,-10,1,-9,2,-10,3,-11,4,-12,3,-11,2,-13,3,-15,4,-16,5,-14,5,-12,3,-12,1,-13,1,-14,3,-15,3,-16,1,-15,2,-15,2,-16,3,-17]"
[0;32mI (13918) ftm_responder: Counter = 14[0m
CSI_DATA,77,1a:00:00:00:00:00,-72,11,0,0,0,0,0,0,0,0,0,-92,0,1,0,14008980,0,31,0,128,0,"[0,0,9,-9,8,-9,8,-10,7,-10,6,-9,6,-9,6,-10,5,-10,4,-11,4,-11,3,-10,1,-11,0,-11,-2,-11,-4,-12,-4,-14,-4,-14,-5,-15,-5,-15,-5,-16,-4,-17,-4,-19,-3,-19,-2,-20,-1,-20,0,-19,0,0,0,0,0,0,0,0,0,0,0,0,0,0,0,0,0,0,0,0,0,0,0,-4,1,-4,2,-5,3,-5,4,-4,4,-5,6,-6,8,-6,8,-5,8,-5,9,-5,10,-6,11,-6,11,-6,11,-6,10,-4,9,-4,9,-5,9,-6,8,-7,7,-8,9,-8,11,-6,11,-8,10,-10,10,-10]"
CSI_DATA,78,1a:00:00:00:00:00,-73,11,0,0,0,0,0,0,0,0,0,-92,0,1,0,14212177,0,31,0,128,0,"[0,0,4,1,4,2,6,4,9,4,10,3,8,2,8,1,8,1,8,0,8,-1,8,-2,8,-2,7,-4,5,-5,6,-6,8,-7,9,-7,10,-7,11,-7,13,-8,13,-8,13,-7,14,-7,15,-6,16,-4,17,-4,0,0,0,0,0,0,0,0,0,0,0,0,0,0,0,0,0,0,0,0,0,0,1,-1,2,-1,3,-1,4,1,4,1,5,1,5,2,6,4,6,5,5,6,5,6,6,6,7,6,7,6,6,7,6,8,8,7,8,6,7,5,7,5,8,6,7,9,7,9,9,7,10,6,9,5]"
CSI_DATA,79,1a:00:00:00:00:00,-73,11,0,0,0,0,0,0,0,0,0,-92,0,1,0,14612511,0,31,0,128,0,"[0,0,-3,-7,-1,-9,-1,-10,-2,-9,-3,-10,-4,-11,-5,-8,-4,-8,-6,-9,-8,-9,-7,-7,-6,-6,-6,-6,-8,-6,-9,-7,-8,-9,-10,-9,-12,-8,-12,-7,-12,-9,-11,-11,-10,-11,-8,-12,-7,-13,-7,-14,-9,-15,0,0,0,0,0,0,0,0,0,0,0,0,0,0,0,0,0,0,0,0,0,0,-2,1,-3,1,-4,0,-4,-2,-4,-3,-4,-4,-4,-6,-4,-7,-4,-6,-5,-7,-5,-8,-5,-8,-4,-9,-4,-8,-3,-8,-3,-9,-3,-10,-3,-11,-2,-10,-2,-10,-3,-11,-4,-12,-4,-11,-4,-10,-4,-11,-4,-12]"
CSI_DATA,80,1a:00:00:00:00:00,-73,11,0,0,0,0,0,0,0,0,0,-92,0,1,0,14813866,0,31,0,128,0,"[0,0,10,-9,8,-10,6,-10,4,-9,4,-10,3,-12,2,-11,-1,-10,-3,-12,-3,-14,-3,-12,-6,-10,-8,-10,-9,-11,-8,-13,-8,-13,-9,-15,-11,-16,-12,-16,-13,-16,-12,-17,-11,-18,-10,-18,-10,-18,-8,-19,-7,-20,0,0,0,0,0,0,0,0,0,0,0,0,0,0,0,0,0,0,0,0,0,0,-3,-2,-1,-3,1,-4,2,-5,3,-5,5,-4,6,-4,6,-4,6,-4,8,-5,10,-5,11,-4,10,-5,9,-7,9,-6,9,-5,11,-5,11,-7,10,-8,11,-6,11,-5,10,-7,8,-9,9,-11,10,-10,10,-8]"
[0;32mI (14918) ftm_responder: Counter = 15[0m
CSI_DATA,81,1a:00:00:00:00:00,-73,11,0,0,0,0,0,0,0,0,0,-92,0,1,0,15014984,0,31,0,128,0,"[0,0,12,1,11,0,11,0,10,0,11,-1,10,-2,10,-2,10,-1,9,-3,8,-2,8,-2,8,-6,6,-7,6,-7,7,-9,7,-12,8,-13,9,-13,10,-14,9,-12,10,-11,12,-12,13,-12,13,-10,16,-10,18,-10,0,0,0,0,0,0,0,0,0,0,0,0,0,0,0,0,0,0,0,0,0,0,0,-3,1,-3,3,-2,4,-1,5,-1,6,-1,6,0,7,2,8,3,8,3,8,3,9,4,9,4,9,4,8,4,9,5,10,5,10,4,9,3,10,3,9,4,9,4,10,4,11,3,11,3,11,3]"
CSI_DATA,82,1a:00:00:00:00:00,-74,11,0,0,0,0,0,0,0,0,0,-92,0,1,0,15075403,0,42,0,128,0,"[0,0,10,5,10,4,10,5,9,5,8,3,9,2,10,2,9,0,8,-1,8,-2,8,-5,8,-6,9,-6,10,-7,10,-8,11,-9,12,-11,13,-11,15,-11,16,-10,17,-10,17,-10,18,-9,19,-9,19,-9,19,-8,0,0,0,0,0,0,0,0,0,0,0,0,0,0,0,0,0,0,0,0,0,0,1,-2,2,-1,3,-1,5,1,6,2,6,4,6,5,6,6,6,7,6,7,6,7,6,8,7,8,7,7,6,8,6,8,7,8,7,7,8,8,8,8,10,7,10,7,9,8,9,7,9,7,10,6]"
CSI_DATA,83,1a:00:00:00:00:00,-73,11,0,0,0,0,0,0,0,0,0,-92,0,1,0,15577572,0,42,0,128,0,"[0,0,0,10,0,10,1,10,2,8,2,6,3,7,3,8,2,8,3,6,5,6,6,6,8,4,11,3,13,3,12,3,13,2,14,1,15,1,16,2,18,3,19,4,19,5,19,5,19,6,19,7,19,9,0,0,0,0,0,0,0,0,0,0,0,0,0,0,0,0,0,0,0,0,0,0,2,1,2,1,2,3,0,4,-1,5,-1,6,-2,6,-3,7,-4,8,-4,9,-3,8,-3,7,-4,6,-5,7,-5,10,-4,10,-5,10,-5,10,-5,11,-5,11,-3,9,-2,9,-2,12,-2,12,-2,11,-1,11]"
[0;32mI (15918) ftm_responder: Counter = 16[0m
CSI_DATA,84,1a:00:00:00:00:00,-74,11,0,0,0,0,0,0,0,0,0,-92,0,1,0,16077237,0,42,0,128,0,"[0,0,-6,11,-4,11,-3,8,-3,7,-2,8,-1,8,0,7,2,7,5,6,7,6,7,6,7,6,9,6,11,6,11,4,12,4,13,3,15,3,16,5,17,8,17,8,18,9,17,12,16,12,16,12,17,14,0,0,0,0,0,0,0,0,0,0,0,0,0,0,0,0,0,0,0,0,0,0,1,1,0,2,0,3,-1,4,-3,5,-4,6,-5,6,-6,6,-6,7,-6,7,-7,7,-7,8,-8,9,-8,9,-8,8,-8,7,-8,8,-7,8,-7,9,-6,9,-5,9,-4,10,-5,11,-5,11,-6,11,-5,12]"
CSI_DATA,85,1a:00:00:00:00:00,-74,11,0,0,0,0,0,0,0,0,0,-92,0,1,0,16173514,0,31,0,128,0,"[0,0,-2,11,-2,11,0,11,3,9,6,8,5,8,3,8,3,6,6,5,8,5,9,5,10,3,13,2,14,2,13,2,12,2,13,2,16,3,17,3,17,3,18,4,19,7,19,9,19,10,20,11,20,12,0,0,0,0,0,0,0,0,0,0,0,0,0,0,0,0,0,0,0,0,0,0,1,0,2,0,3,1,2,3,1,4,1,6,0,8,-1,9,-1,9,-2,10,-3,11,-4,11,-3,10,-3,11,-4,11,-5,11,-4,12,-3,13,-3,11,-3,9,-3,11,-1,12,-1,11,-2,9,-1,10,-1,11]"
CSI_DATA,86,1a:00:00:00:00:00,-75,11,0,0,0,0,0,0,0,0,0,-92,0,1,0,16377864,0,31,0,128,0,"[0,0,-13,-7,-11,-8,-11,-7,-12,-5,-11,-3,-9,-1,-9,0,-10,1,-11,2,-11,2,-9,1,-8,3,-9,7,-10,9,-9,9,-9,10,-10,13,-10,15,-12,17,-13,18,-13,18,-13,18,-14,20,-15,20,-16,18,-18,17,0,0,0,0,0,0,0,0,0,0,0,0,0,0,0,0,0,0,0,0,0,0,-3,-1,-3,-2,-3,-3,-4,-4,-5,-5,-5,-7,-5,-8,-5,-9,-4,-10,-4,-11,-5,-11,-5,-11,-6,-11,-5,-11,-5,-12,-6,-13,-8,-13,-8,-11,-7,-10,-7,-10,-7,-10,-8,-10,-10,-8,-10,-8,-10,-8,-10,-8]"
CSI_DATA,87,1a:00:00:00:00:00,-73,11,0,0,0,0,0,0,0,0,0,-92,0,1,0,16578805,0,31,0,128,0,"[0,0,-7,3,-7,4,-6,6,-5,6,-5,6,-6,4,-4,2,-1,3,0,6,-1,9,-1,11,3,11,4,11,4,11,6,12,7,11,8,11,9,11,10,12,9,14,7,15,7,16,8,17,7,18,5,18,5,19,0,0,0,0,0,0,0,0,0,0,0,0,0,0,0,0,0,0,0,0,0,0,-1,1,-2,1,-3,1,-4,1,-5,1,-7,1,-8,0,-9,0,-10,-1,-10,-1,-10,-1,-11,-1,-10,-1,-10,0,-10,1,-11,1,-12,1,-12,0,-11,0,-11,1,-10,1,-11,2,-12,4,-11,7,-10,7,-10,4]"
CSI_DATA,88,1a:00:00:00:00:00,-71,11,0,0,0,0,0,0,0,0,0,-92,0,1,0,16783599,0,31,0,128,0,"[0,0,10,-11,7,-10,6,-8,3,-8,-1,-9,0,-12,0,-14,-3,-9,-4,-2,-4,-5,-4,-15,-5,-15,-8,-9,-9,-9,-7,-12,-8,-13,-10,-14,-11,-16,-13,-17,-15,-17,-15,-18,-10,-21,-9,-21,-10,-20,-8,-23,-5,-26,0,0,0,0,0,0,0,0,0,0,0,0,0,0,0,0,0,0,0,0,0,0,-2,-1,-1,-3,0,-5,1,-6,4,-5,6,-6,7,-7,7,-7,8,-6,8,-7,9,-8,9,-8,10,-6,11,-6,11,-8,9,-8,9,-11,13,-14,15,-13,14,-9,15,-6,16,-8,10,-14,8,-15,10,-13,10,-11]"
[0;32mI (16918) ftm_responder: Counter = 17[0m
CSI_DATA,89,1a:00:00:00:00:00,-73,11,0,0,0,0,0,0,0,0,0,-92,0,1,0,16988117,0,31,0,128,0,"[0,0,6,-2,7,-3,8,-2,9,-1,8,-1,6,-2,5,-4,6,-8,4,-9,3,-8,2,-10,2,-13,2,-12,1,-10,1,-11,1,-13,1,-13,0,-14,0,-15,1,-16,2,-18,4,-18,5,-19,5,-19,6,-18,8,-18,0,0,0,0,0,0,0,0,0,0,0,0,0,0,0,0,0,0,0,0,0,0,0,-1,1,-2,3,-2,4,-1,6,-2,6,-1,6,0,7,1,8,1,10,1,11,1,10,0,9,1,8,3,8,3,10,2,12,2,13,1,12,0,10,-2,10,-2,10,-1,10,1,10,1,11,0,12,-1]"
CSI_DATA,90,1a:00:00:00:00:00,-74,11,0,0,0,0,0,0,0,0,0,-92,0,1,0,17173155,0,31,0,128,0,"[0,0,-2,10,-3,9,-3,8,-1,7,2,6,4,6,4,7,4,7,4,4,5,3,5,4,5,2,6,1,8,1,11,1,13,0,15,1,14,1,13,-1,16,-3,19,-4,19,-2,20,0,21,0,21,1,22,3,0,0,0,0,0,0,0,0,0,0,0,0,0,0,0,0,0,0,0,0,0,0,0,0,-1,1,-2,2,-3,3,-4,3,-5,3,-5,3,-7,4,-8,4,-9,5,-10,5,-11,4,-9,3,-7,3,-7,3,-8,3,-8,5,-7,7,-7,7,-8,7,-8,6,-8,8,-8,10,-8,9,-5,7,-5,9]"
CSI_DATA,91,1a:00:00:00:00:00,-74,11,0,0,0,0,0,0,0,0,0,-92,0,1,0,17374266,0,31,0,128,0,"[0,0,-4,7,-5,9,-4,9,-3,7,-3,7,-2,8,-1,6,0,5,1,5,2,6,3,6,5,6,7,7,8,7,8,6,9,6,10,7,11,8,12,9,13,10,13,11,14,12,13,13,12,13,11,15,11,16,0,0,0,0,0,0,0,0,0,0,0,0,0,0,0,0,0,0,0,0,0,0,1,1,0,1,-1,2,-3,2,-4,3,-5,3,-6,3,-7,4,-7,4,-8,3,-9,4,-9,5,-10,5,-9,4,-10,4,-10,5,-9,5,-8,5,-8,6,-7,6,-7,6,-6,7,-7,8,-8,10,-7,11,-7,9]"
CSI_DATA,92,1a:00:00:00:00:00,-74,11,0,0,0,0,0,0,0,0,0,-92,0,1,0,17575696,0,31,0,128,0,"[0,0,1,-13,1,-12,1,-9,-2,-9,-5,-9,-4,-9,-4,-7,-5,-5,-6,-6,-5,-8,-6,-8,-8,-6,-11,-4,-13,-3,-14,-3,-14,-4,-14,-4,-17,-5,-19,-6,-22,-8,-22,-8,-20,-7,-19,-6,-19,-7,-19,-10,-19,-13,0,0,0,0,0,0,0,0,0,0,0,0,0,0,0,0,0,0,0,0,0,0,-1,0,-1,-2,0,-4,0,-5,1,-5,2,-6,2,-7,3,-7,4,-7,5,-8,5,-8,5,-8,5,-9,7,-10,6,-10,4,-9,5,-8,7,-10,7,-11,5,-10,5,-9,5,-9,4,-10,2,-10,2,-11,3,-12]"
CSI_DATA,93,1a:00:00:00:00:00,-74,11,0,0,0,0,0,0,0,0,0,-92,0,1,0,17635844,0,42,0,128,0,"[0,0,-12,3,-11,5,-9,7,-8,8,-7,7,-6,6,-5,7,-4,8,-3,8,-3,8,-2,10,0,12,1,12,2,12,3,13,4,14,4,15,5,17,5,20,3,22,2,22,1,23,-1,23,-2,24,-1,25,-2,27,0,0,0,0,0,0,0,0,0,0,0,0,0,0,0,0,0,0,0,0,0,0,1,0,0,1,-2,2,-3,3,-5,3,-6,3,-8,3,-9,2,-10,3,-11,3,-11,2,-12,2,-13,1,-13,-1,-13,-1,-13,1,-13,2,-13,2,-13,2,-13,3,-13,4,-12,4,-13,3,-13,3,-13,3,-12,3]"
CSI_DATA,94,1a:00:00:00:00:00,-74,11,0,0,0,0,0,0,0,0,0,-92,0,1,0,17708433,0,31,0,128,0,"[0,0,-5,11,-5,11,-5,10,-5,9,-2,9,3,9,6,8,5,9,3,10,2,7,4,5,6,5,8,6,10,5,12,4,13,4,15,5,15,6,17,6,17,7,18,8,19,9,20,10,19,11,17,13,17,15,0,0,0,0,0,0,0,0,0,0,0,0,0,0,0,0,0,0,0,0,0,0,0,0,-1,0,-2,1,-3,2,-4,3,-5,4,-7,4,-7,4,-7,4,-8,3,-9,3,-10,3,-9,4,-9,3,-9,3,-10,3,-9,5,-8,7,-8,6,-7,5,-7,6,-7,6,-7,6,-7,8,-7,9,-6,10]"
CSI_DATA,95,1a:00:00:00:00:00,-75,11,0,0,0,0,0,0,0,0,0,-92,0,1,0,17909232,0,31,0,128,0,"[0,0,2,12,2,12,3,11,5,9,4,8,4,7,5,4,7,2,9,1,9,0,8,-2,9,-2,10,-2,11,-3,12,-2,13,-3,15,-6,16,-7,17,-8,19,-7,20,-6,22,-5,23,-4,24,-4,24,-3,24,0,0,0,0,0,0,0,0,0,0,0,0,0,0,0,0,0,0,0,0,0,0,0,1,0,1,2,1,3,0,4,-1,5,-2,6,-2,7,-3,7,-4,8,-4,9,-5,8,-5,8,-5,8,-5,9,-4,10,-3,10,-3,10,-4,10,-3,10,-1,9,0,10,0,12,-1,12,0,12,2,13,2,13]"
[0;32mI (17918) ftm_responder: Counter = 18[0m
CSI_DATA,96,1a:00:00:00:00:00,-74,11,0,0,0,0,0,0,0,0,0,-92,0,1,0,18110808,0,31,0,128,0,"[0,0,8,5,8,5,9,4,9,3,8,1,8,0,9,-1,9,-1,8,-1,7,-2,8,-4,7,-6,6,-7,8,-7,9,-9,10,-9,14,-8,18,-10,17,-11,18,-10,23,-9,23,-9,20,-9,21,-5,21,-3,20,-5,0,0,0,0,0,0,0,0,0,0,0,0,0,0,0,0,0,0,0,0,0,0,-2,-2,0,-2,2,-2,3,-1,4,0,5,1,5,2,6,2,6,2,6,3,7,3,7,4,8,3,9,3,9,4,8,5,9,5,8,6,7,6,6,5,6,5,7,4,9,3,9,4,9,6,8,5]"
CSI_DATA,97,1a:00:00:00:00:00,-74,11,0,0,0,0,0,0,0,0,0,-91,0,1,0,18308376,0,31,0,128,0,"[0,0,2,11,2,9,3,8,4,8,5,8,5,7,6,6,9,6,10,6,9,3,9,0,11,0,11,0,12,-2,14,-3,16,-3,17,-4,18,-5,20,-5,22,-5,24,-3,26,-2,27,-1,27,-1,27,1,29,2,0,0,0,0,0,0,0,0,0,0,0,0,0,0,0,0,0,0,0,0,0,0,1,-1,1,0,1,2,0,4,0,5,0,6,-1,7,-2,8,-2,9,-3,10,-4,10,-5,10,-5,10,-4,10,-4,11,-4,12,-2,13,0,13,0,12,-1,12,-1,13,-1,13,0,13,0,13,-1,13,0,13]"
CSI_DATA,98,1a:00:00:00:00:00,-75,11,0,0,0,0,0,0,0,0,0,-91,0,1,0,18514373,0,31,0,128,0,"[0,0,2,-10,2,-9,1,-9,0,-9,-2,-8,-3,-8,-5,-9,-6,-9,-5,-8,-6,-7,-7,-7,-9,-6,-10,-5,-11,-4,-12,-4,-13,-5,-15,-6,-17,-6,-18,-6,-19,-7,-20,-8,-20,-11,-19,-11,-18,-12,-17,-13,-16,-14,0,0,0,0,0,0,0,0,0,0,0,0,0,0,0,0,0,0,0,0,0,0,-2,0,-2,-1,-1,-3,-1,-4,0,-5,1,-6,2,-6,2,-6,3,-6,3,-7,4,-7,4,-8,4,-9,4,-9,5,-9,5,-10,4,-10,4,-9,5,-9,4,-10,4,-10,4,-11,2,-12,1,-11,2,-10,3,-10]"
CSI_DATA,99,1a:00:00:00:00:00,-74,11,0,0,0,0,0,0,0,0,0,-91,0,1,0,18674943,0,28,0,128,0,"[0,0,5,-6,4,-8,3,-9,3,-8,4,-8,3,-9,2,-10,1,-10,0,-9,-1,-9,-3,-10,-4,-10,-4,-12,-6,-12,-7,-12,-8,-12,-8,-13,-9,-14,-10,-16,-9,-18,-9,-18,-10,-20,-8,-21,-6,-22,-5,-23,-5,-23,0,0,0,0,0,0,0,0,0,0,0,0,0,0,0,0,0,0,0,0,0,0,-1,-2,-1,-2,1,-3,2,-4,3,-4,4,-3,5,-3,6,-4,7,-3,8,-2,8,-2,9,-3,9,-3,10,-4,9,-3,9,-3,9,-3,10,-4,10,-5,9,-5,9,-6,10,-7,11,-7,11,-6,10,-6,10,-7]"
CSI_DATA,100,1a:00:00:00:00:00,-75,11,0,0,0,0,0,0,0,0,0,-91,0,1,0,18709735,0,31,0,128,0,"[0,0,3,8,2,7,2,7,4,7,7,6,7,5,4,3,5,1,8,0,11,2,12,3,11,1,9,0,9,0,13,-1,14,-2,13,-3,15,-3,17,-1,16,-1,14,-1,14,4,18,6,20,5,18,5,17,5,0,0,0,0,0,0,0,0,0,0,0,0,0,0,0,0,0,0,0,0,0,0,0,-2,1,-1,1,0,1,1,2,2,3,2,3,4,3,5,3,6,3,7,2,7,1,8,1,8,2,8,2,8,2,8,1,9,2,10,3,8,4,8,5,9,6,9,6,9,5,10,4,11,4,10]"
CSI_DATA,101,1a:00:00:00:00:00,-74,11,0,0,0,0,0,0,0,0,0,-91,0,1,0,18910642,0,31,0,128,0,"[0,0,10,2,11,2,11,1,9,-1,10,-3,10,-3,8,-3,7,-3,7,-4,7,-5,7,-7,6,-9,6,-9,7,-11,7,-13,8,-14,9,-14,11,-14,12,-15,13,-15,14,-13,15,-12,16,-13,17,-12,18,-12,18,-13,0,0,0,0,0,0,0,0,0,0,0,0,0,0,0,0,0,0,0,0,0,0,-2,-4,-1,-3,1,-3,3,-2,4,-2,5,-2,6,-1,6,0,7,1,8,1,9,2,10,3,9,2,8,2,10,3,11,2,11,1,10,3,10,4,10,3,10,2,11,2,12,3,12,3,13,3,12,2]"
[0;32mI (18938) ftm_responder: Counter = 19[0m
CSI_DATA,102,1a:00:00:00:00:00,-74,11,0,0,0,0,0,0,0,0,0,-91,0,1,0,19114206,0,31,0,128,0,"[0,0,-6,7,-5,8,-4,10,-2,10,-1,9,-1,9,0,8,2,7,5,7,7,6,6,5,6,5,7,4,11,3,14,4,15,5,16,6,17,7,19,7,19,7,19,9,18,10,19,11,20,12,20,14,19,15,0,0,0,0,0,0,0,0,0,0,0,0,0,0,0,0,0,0,0,0,0,0,2,-1,1,1,0,2,-1,2,-2,3,-4,3,-5,3,-6,4,-7,4,-7,4,-7,4,-7,4,-8,5,-7,6,-8,8,-8,7,-8,6,-7,6,-7,6,-8,6,-8,6,-7,7,-6,9,-5,9,-6,10,-6,10]"
CSI_DATA,103,1a:00:00:00:00:00,-74,11,0,0,0,0,0,0,0,0,0,-91,0,1,0,19172249,0,42,0,128,0,"[0,0,-8,4,-8,4,-7,5,-6,5,-6,6,-5,6,-4,6,-3,6,-2,8,0,8,2,8,2,8,2,10,2,11,3,11,5,12,7,14,8,17,6,18,4,18,2,20,2,20,2,20,1,20,0,21,1,23,0,0,0,0,0,0,0,0,0,0,0,0,0,0,0,0,0,0,0,0,0,0,1,1,0,1,-1,0,-3,0,-4,1,-5,1,-6,1,-7,0,-7,0,-8,0,-9,0,-9,0,-9,-1,-9,-1,-10,0,-11,-1,-11,-1,-10,-1,-10,1,-10,2,-11,2,-11,3,-10,3,-9,3,-9,4,-11,4]"
CSI_DATA,104,1a:00:00:00:00:00,-74,11,0,0,0,0,0,0,0,0,0,-91,0,1,0,19241425,0,31,0,128,0,"[0,0,-8,-6,-7,-6,-10,-4,-13,-4,-11,-3,-6,-1,-5,0,-6,0,-5,1,-4,3,-6,4,-8,4,-7,5,-8,9,-9,13,-8,13,-9,11,-11,13,-11,14,-9,14,-9,15,-11,16,-12,16,-13,15,-15,16,-17,15,0,0,0,0,0,0,0,0,0,0,0,0,0,0,0,0,0,0,0,0,0,0,-2,1,-2,0,-2,-1,-2,-3,-1,-4,-1,-4,-1,-5,-1,-6,-1,-6,-1,-7,-1,-8,-2,-7,-2,-8,-1,-9,0,-10,-1,-9,-2,-9,-2,-9,-2,-9,-4,-9,-5,-9,-5,-9,-5,-8,-6,-9,-8,-8,-9,-8]"
CSI_DATA,105,1a:00:00:00:00:00,-74,11,0,0,0,0,0,0,0,0,0,-91,0,1,0,19445738,0,31,0,128,0,"[0,0,-11,6,-11,6,-10,5,-6,5,-2,7,-2,8,-1,8,1,9,2,12,2,13,5,10,6,8,5,10,6,13,9,14,10,14,10,15,13,16,14,17,13,18,13,20,13,21,10,22,8,23,8,24,7,24,0,0,0,0,0,0,0,0,0,0,0,0,0,0,0,0,0,0,0,0,0,0,1,0,0,1,-2,0,-3,0,-4,0,-6,0,-7,0,-6,-1,-6,-2,-7,-3,-8,-2,-8,-2,-9,-2,-9,-2,-10,-2,-10,-2,-10,-1,-11,-1,-12,1,-12,0,-11,0,-11,1,-12,2,-11,2,-11,3,-11,4]"
CSI_DATA,106,1a:00:00:00:00:00,-73,11,0,0,0,0,0,0,0,0,0,-91,0,1,0,19646604,0,31,0,128,0,"[0,0,4,7,5,6,6,6,7,6,8,6,8,5,8,2,9,0,10,-2,11,-3,12,-3,12,-5,12,-8,13,-11,13,-11,15,-12,16,-16,18,-19,16,-16,13,-13,14,-19,15,-20,17,-13,27,-10,31,-10,25,-4,0,0,0,0,0,0,0,0,0,0,0,0,0,0,0,0,0,0,0,0,0,0,0,-2,-1,-1,-1,0,-2,2,-2,4,-3,4,-3,5,-4,6,-3,6,-4,7,-3,7,-3,7,-3,8,-3,8,-4,8,-2,8,-2,8,-2,10,-2,9,0,9,2,9,2,10,1,10,1,10,3,10,4,10]"
CSI_DATA,107,1a:00:00:00:00:00,-73,11,0,0,0,0,0,0,0,0,0,-91,0,1,0,19762279,0,28,0,128,0,"[0,0,9,-5,8,-4,6,-3,5,-4,4,-7,1,-7,-1,-4,-3,-6,-7,-12,-9,-11,-7,-9,-5,-8,-7,-8,-8,-8,-10,-9,-11,-10,-13,-11,-14,-10,-15,-9,-16,-11,-18,-12,-20,-11,-19,-11,-18,-15,-18,-21,-15,-25,0,0,0,0,0,0,0,0,0,0,0,0,0,0,0,0,0,0,0,0,0,0,-2,-2,-2,0,-1,1,-1,2,-1,3,0,4,1,5,1,6,1,7,1,6,2,6,3,6,4,6,4,7,5,7,6,7,6,7,5,7,5,6,5,4,6,4,7,3,7,1,7,-2,8,-2,8,-3]"
CSI_DATA,108,1a:00:00:00:00:00,-75,11,0,0,0,0,0,0,0,0,0,-91,0,1,0,19762983,0,165,0,128,0,"[0,0,-4,2,-2,6,1,5,3,4,3,7,4,7,6,5,7,8,8,11,9,8,9,7,10,7,12,5,14,4,13,6,15,6,19,5,19,5,21,3,24,3,21,4,21,6,23,6,21,10,18,15,17,14,0,0,0,0,0,0,0,0,0,0,0,0,0,0,0,0,0,0,0,0,0,0,2,-2,1,-1,-2,-1,-3,-1,-4,-1,-5,0,-5,1,-6,1,-7,0,-7,-1,-7,0,-8,0,-9,0,-9,0,-10,0,-10,2,-10,2,-10,2,-10,5,-9,7,-9,5,-8,3,-7,4,-6,6,-5,8,-6,7]"
CSI_DATA,109,1a:00:00:00:00:00,-75,11,0,0,0,0,0,0,0,0,0,-91,0,1,0,19834016,0,137,0,128,0,"[0,0,-4,4,-4,4,-5,5,-4,7,-3,6,-3,5,-2,7,0,9,2,11,4,10,7,10,9,10,9,11,9,9,10,7,12,7,15,8,15,9,16,12,17,14,19,14,17,15,16,17,18,18,16,19,12,19,0,0,0,0,0,0,0,0,0,0,0,0,0,0,0,0,0,0,0,0,0,0,0,-1,-1,-1,-2,-1,-3,-1,-4,-1,-6,-1,-7,-1,-7,-1,-8,-2,-8,-1,-9,-1,-8,-2,-8,-2,-9,-1,-9,0,-10,0,-10,0,-11,0,-11,0,-10,0,-8,1,-9,1,-10,1,-8,2,-7,2,-6,5]"
CSI_DATA,110,1a:00:00:00:00:00,-74,11,0,0,0,0,0,0,0,0,0,-91,0,1,0,19844023,0,31,0,128,0,"[0,0,6,-8,3,-6,3,-4,6,-5,4,-6,1,-7,0,-7,0,-5,-1,-5,-1,-6,-2,-7,-3,-8,-3,-9,-5,-11,-6,-11,-7,-10,-7,-11,-8,-12,-7,-14,-7,-15,-6,-16,-6,-17,-6,-18,-6,-18,-4,-18,-2,-19,0,0,0,0,0,0,0,0,0,0,0,0,0,0,0,0,0,0,0,0,0,0,0,0,1,0,1,0,1,-1,1,-1,2,-1,3,-1,4,0,4,0,5,1,6,1,6,0,6,-1,7,-1,6,-1,5,0,6,0,7,0,7,0,6,0,6,-2,7,-4,8,-5,7,-5,5,-4,5,-6]"
[0;32mI (19938) ftm_responder: Counter = 20[0m
CSI_DATA,111,1a:00:00:00:00:00,-73,11,0,0,0,0,0,0,0,0,0,-91,0,1,0,20045984,0,31,0,128,0,"[0,0,9,-11,2,-10,-4,-6,-2,-3,4,-4,2,-7,-2,-4,-1,-1,-2,-2,-7,-1,-13,3,-14,2,-13,0,-13,-1,-14,0,-17,3,-22,5,-25,4,-24,1,-22,-3,-21,-5,-22,-4,-25,-5,-25,-7,-25,-8,-25,-11,0,0,0,0,0,0,0,0,0,0,0,0,0,0,0,0,0,0,0,0,0,0,0,1,0,0,1,-2,2,-2,3,-3,5,-4,6,-5,7,-4,8,-4,8,-4,8,-4,8,-4,8,-5,8,-5,10,-5,9,-7,8,-7,8,-7,7,-10,5,-11,5,-10,5,-13,3,-13,4,-8,8,-4,8,-4]"
CSI_DATA,112,1a:00:00:00:00:00,-74,11,0,0,0,0,0,0,0,0,0,-91,0,1,0,20245195,0,31,0,128,0,"[0,0,2,8,5,8,7,6,6,4,5,3,6,3,6,2,6,2,9,1,12,1,11,0,10,-3,10,-4,12,-3,12,-3,12,-3,14,-3,16,-1,19,2,20,3,18,2,15,0,13,0,15,2,18,4,23,7,0,0,0,0,0,0,0,0,0,0,0,0,0,0,0,0,0,0,0,0,0,0,-1,0,-1,1,0,2,1,3,1,4,1,5,1,6,1,7,1,7,1,7,1,8,1,8,1,9,0,8,0,8,0,9,0,9,1,9,1,9,2,9,3,8,2,8,2,8,2,8,2,8,2,7]"
CSI_DATA,113,1a:00:00:00:00:00,-74,11,0,0,0,0,0,0,0,0,0,-91,0,1,0,20446595,0,31,0,128,0,"[0,0,-14,-1,-12,-1,-10,1,-8,1,-6,2,-6,5,-6,7,-5,7,-6,7,-4,8,-3,9,-2,11,-1,12,0,12,1,14,4,16,5,17,4,18,3,20,2,22,2,23,3,24,1,25,-1,25,-1,24,-2,23,0,0,0,0,0,0,0,0,0,0,0,0,0,0,0,0,0,0,0,0,0,0,-2,-1,-3,-1,-4,-2,-5,-2,-7,-3,-7,-5,-8,-5,-9,-6,-10,-7,-9,-7,-9,-7,-11,-6,-13,-6,-12,-7,-11,-9,-11,-9,-12,-7,-14,-4,-13,-4,-13,-4,-13,-3,-13,-2,-13,-3,-14,-5,-13,-6,-12,-5]"
CSI_DATA,114,1a:00:00:00:00:00,-74,11,0,0,0,0,0,0,0,0,0,-91,0,1,0,20647486,0,31,0,128,0,"[0,0,13,2,13,1,11,-1,9,-2,8,-1,7,-3,6,-4,6,-3,6,-3,4,-4,1,-8,0,-12,-3,-14,-5,-16,-3,-15,-2,-14,-2,-17,-2,-20,0,-21,0,-20,0,-20,2,-23,1,-23,-1,-23,0,-25,4,-27,0,0,0,0,0,0,0,0,0,0,0,0,0,0,0,0,0,0,0,0,0,0,0,0,1,1,3,2,5,3,5,4,5,6,5,6,5,7,6,8,6,8,6,8,6,8,6,8,7,8,7,8,8,7,9,6,10,6,11,5,12,5,13,5,13,4,12,4,12,4,13,2,13,2]"
CSI_DATA,115,1a:00:00:00:00:00,-75,11,0,0,0,0,0,0,0,0,0,-91,0,1,0,20707976,0,42,0,128,0,"[0,0,5,11,5,10,5,7,5,6,7,7,8,7,7,5,8,3,9,2,8,1,7,0,8,-1,9,-4,11,-6,13,-6,14,-7,14,-9,15,-10,16,-10,17,-9,17,-9,18,-10,20,-10,21,-7,20,-4,19,-2,0,0,0,0,0,0,0,0,0,0,0,0,0,0,0,0,0,0,0,0,0,0,0,0,0,1,1,3,1,4,0,6,-1,7,-1,8,-1,9,-2,9,-2,10,-2,9,-2,10,-2,11,-1,11,-2,12,-1,12,0,12,0,12,1,12,2,12,2,11,2,12,3,13,3,13,4,12,4,12]"
CSI_DATA,116,1a:00:00:00:00:00,-74,11,0,0,0,0,0,0,0,0,0,-91,0,1,0,20777817,0,31,0,128,0,"[0,0,-13,-4,-13,-3,-13,-3,-13,-3,-13,-1,-12,2,-10,5,-6,5,-4,4,-5,5,-6,6,-6,6,-5,8,-4,10,-4,11,-6,12,-7,14,-7,15,-7,16,-8,17,-8,18,-9,18,-13,18,-16,16,-18,14,-17,14,0,0,0,0,0,0,0,0,0,0,0,0,0,0,0,0,0,0,0,0,0,0,-2,0,-3,0,-4,-2,-5,-3,-6,-3,-6,-5,-7,-6,-7,-6,-8,-7,-8,-7,-7,-7,-7,-8,-7,-8,-8,-8,-9,-9,-9,-7,-9,-6,-9,-7,-9,-9,-10,-9,-10,-6,-11,-5,-12,-4,-12,-5,-11,-6,-10,-6]"
[0;32mI (20938) ftm_responder: Counter = 21[0m
CSI_DATA,117,1a:00:00:00:00:00,-74,11,0,0,0,0,0,0,0,0,0,-91,0,1,0,20978493,0,31,0,128,0,"[0,0,-13,-6,-12,-5,-11,-3,-10,-4,-9,-3,-9,-3,-9,-2,-8,2,-9,4,-11,2,-10,2,-8,2,-8,3,-10,5,-10,8,-10,9,-11,8,-13,8,-17,8,-22,8,-22,7,-19,6,-22,6,-21,8,-20,6,-24,3,0,0,0,0,0,0,0,0,0,0,0,0,0,0,0,0,0,0,0,0,0,0,-1,0,-3,0,-5,0,-5,0,-6,-1,-8,-1,-8,-1,-8,-3,-9,-5,-10,-6,-9,-8,-8,-9,-8,-7,-8,-6,-7,-6,-8,-7,-11,-6,-11,-6,-10,-7,-11,-7,-12,-5,-11,-5,-10,-5,-10,-7,-11,-9,-13,-8]"
CSI_DATA,118,1a:00:00:00:00:00,-74,11,0,0,0,0,0,0,0,0,0,-91,0,1,0,21178434,0,31,0,128,0,"[0,0,-3,-13,-2,-13,-2,-12,-3,-11,-3,-10,-4,-9,-4,-9,-5,-8,-7,-7,-7,-6,-8,-7,-9,-7,-11,-5,-11,-4,-11,-5,-10,-7,-9,-6,-10,-5,-12,-3,-16,-4,-15,-8,-15,-12,-16,-12,-18,-13,-20,-15,-22,-16,0,0,0,0,0,0,0,0,0,0,0,0,0,0,0,0,0,0,0,0,0,0,-2,-1,-2,-2,-3,-3,-2,-4,-2,-5,-2,-6,-2,-7,-2,-8,-1,-9,-1,-9,0,-10,1,-11,1,-10,0,-10,0,-10,0,-11,0,-11,-1,-11,-1,-11,-2,-12,-2,-12,-3,-13,-3,-13,-3,-12,-2,-12,-2,-12]"
CSI_DATA,119,1a:00:00:00:00:00,-73,11,0,0,0,0,0,0,0,0,0,-91,0,1,0,21385069,0,31,0,128,0,"[0,0,-6,-10,-7,-8,-8,-8,-8,-7,-9,-7,-8,-7,-7,-6,-8,-4,-9,-3,-10,-4,-10,-4,-9,-2,-10,-1,-12,0,-12,-1,-12,-2,-12,-2,-13,-2,-15,-4,-18,-4,-18,0,-19,3,-22,6,-23,3,-23,-3,-20,-5,0,0,0,0,0,0,0,0,0,0,0,0,0,0,0,0,0,0,0,0,0,0,-2,0,-2,-1,-2,-2,-2,-3,-3,-4,-3,-5,-2,-6,-2,-6,-2,-7,-2,-7,-2,-8,-3,-8,-3,-8,-3,-9,-3,-9,-3,-9,-4,-10,-4,-9,-4,-9,-4,-9,-5,-9,-5,-9,-6,-9,-7,-9,-7,-9,-7,-9]"
CSI_DATA,120,1a:00:00:00:00:00,-74,11,0,0,0,0,0,0,0,0,0,-91,0,1,0,21780686,0,31,0,128,0,"[0,0,-4,11,-4,9,-5,8,-5,9,-5,10,-4,11,-4,12,-4,11,-2,9,0,11,2,12,4,11,4,10,5,9,6,10,7,11,8,14,10,17,10,17,9,16,7,18,7,20,8,21,8,20,7,19,5,21,0,0,0,0,0,0,0,0,0,0,0,0,0,0,0,0,0,0,0,0,0,0,1,0,0,0,-1,1,-2,2,-3,3,-4,4,-5,3,-5,3,-6,3,-6,4,-7,4,-6,4,-6,4,-7,4,-7,4,-7,5,-8,5,-8,6,-7,6,-6,6,-7,6,-7,7,-6,9,-6,10,-6,10,-5,10]"
[0;32mI (21938) ftm_responder: Counter = 22[0m
CSI_DATA,121,1a:00:00:00:00:00,-73,11,0,0,0,0,0,0,0,0,0,-91,0,1,0,21981704,0,31,0,128,0,"[0,0,-8,10,-6,11,-5,11,-5,12,-4,12,-3,11,0,10,1,11,0,12,1,12,2,10,3,9,5,10,6,11,7,11,8,12,10,13,10,13,10,14,11,15,11,17,9,19,9,18,10,18,10,20,7,24,0,0,0,0,0,0,0,0,0,0,0,0,0,0,0,0,0,0,0,0,0,0,0,0,-1,1,-2,1,-3,2,-4,2,-6,3,-7,2,-7,2,-8,2,-9,1,-10,2,-10,2,-10,3,-10,3,-10,3,-10,3,-9,4,-9,4,-9,4,-9,4,-10,3,-10,5,-9,8,-8,9,-7,8,-8,7]"
CSI_DATA,122,1a:00:00:00:00:00,-74,11,0,0,0,0,0,0,0,0,0,-91,0,1,0,22182906,0,31,0,128,0,"[0,0,-7,7,-4,7,-3,9,-5,11,-4,10,-3,8,-3,8,-2,8,0,9,1,9,0,8,0,8,2,9,4,9,4,10,5,10,6,10,6,10,7,12,8,14,8,16,7,17,7,18,6,19,5,19,4,21,0,0,0,0,0,0,0,0,0,0,0,0,0,0,0,0,0,0,0,0,0,0,0,0,0,1,-1,1,-2,1,-3,2,-5,2,-6,1,-6,1,-7,1,-7,1,-7,0,-8,0,-9,0,-9,0,-9,0,-9,2,-10,2,-9,2,-8,2,-8,2,-8,3,-8,4,-7,6,-7,7,-8,8,-8,8]"
CSI_DATA,123,1a:00:00:00:00:00,-74,11,0,0,0,0,0,0,0,0,0,-91,0,1,0,22243263,0,42,0,128,0,"[0,0,7,7,7,6,6,7,6,6,7,5,8,4,8,5,8,5,8,3,9,3,9,2,10,0,11,-1,12,-2,13,-2,15,-2,16,-3,17,-4,18,-2,18,-1,19,-1,20,-2,21,0,21,0,22,1,23,2,0,0,0,0,0,0,0,0,0,0,0,0,0,0,0,0,0,0,0,0,0,0,0,-2,1,-1,1,0,1,1,0,2,0,3,0,4,-1,5,-1,5,-2,6,-2,7,-1,7,-2,7,-2,8,-1,8,-1,8,-1,9,0,9,1,9,1,9,2,8,2,7,3,8,4,9,5,9,5,9]"
CSI_DATA,124,1a:00:00:00:00:00,-76,11,0,0,0,0,0,0,0,0,0,-91,0,1,0,22745612,0,42,0,128,0,"[0,0,2,6,3,6,3,6,3,4,4,2,5,2,6,1,7,-1,7,-3,6,-4,7,-5,8,-5,9,-6,10,-8,10,-10,11,-11,13,-13,14,-15,15,-16,15,-17,18,-16,21,-14,21,-16,23,-14,25,-11,24,-11,0,0,0,0,0,0,0,0,0,0,0,0,0,0,0,0,0,0,0,0,0,0,-4,-3,-4,-2,-4,-1,-4,1,-4,2,-5,3,-6,4,-5,5,-5,5,-5,6,-5,6,-6,8,-6,10,-6,10,-5,10,-4,8,-5,9,-7,9,-6,7,-4,6,-3,6,-1,7,0,9,-1,9,-1,8,2,9]"
[0;32mI (22938) ftm_responder: Counter = 23[0m
CSI_DATA,125,1a:00:00:00:00:00,-72,11,0,0,0,0,0,0,0,0,0,-91,0,1,0,23243706,0,42,0,128,0,"[0,0,-5,7,-7,7,-8,6,-7,6,-5,6,-4,6,-6,5,-8,7,-7,10,-6,11,-4,10,-4,11,-4,12,-3,12,-3,12,-3,13,-4,16,-5,17,-7,18,-7,19,-7,20,-8,20,-9,18,-11,15,-12,15,-12,17,0,0,0,0,0,0,0,0,0,0,0,0,0,0,0,0,0,0,0,0,0,0,2,-2,1,-2,0,-1,0,-1,0,-1,-1,-1,-2,-1,-2,-1,-3,-1,-3,-1,-3,-1,-3,-1,-3,0,-4,0,-4,-1,-5,-1,-4,0,-3,0,-3,1,-4,2,-5,1,-6,1,-6,4,-6,6,-5,5,-5,4]"
CSI_DATA,126,1a:00:00:00:00:00,-72,11,0,0,0,0,0,0,0,0,0,-91,0,1,0,23336352,0,31,0,128,0,"[0,0,0,12,1,11,2,10,2,10,2,11,2,12,2,13,3,13,5,13,8,14,8,13,9,12,10,13,11,14,11,14,12,15,14,17,14,17,15,17,15,18,14,19,13,21,13,22,12,23,10,24,10,25,0,0,0,0,0,0,0,0,0,0,0,0,0,0,0,0,0,0,0,0,0,0,2,-2,1,-1,0,0,-1,0,-1,0,-2,0,-3,1,-3,1,-4,1,-4,1,-3,1,-3,1,-4,2,-5,3,-5,3,-5,4,-7,5,-6,5,-4,6,-3,8,-3,9,-3,8,-2,9,-2,9,-1,9,-1,9]"
CSI_DATA,127,1a:00:00:00:00:00,-71,11,0,0,0,0,0,0,0,0,0,-91,0,1,0,23541416,0,31,0,128,0,"[0,0,11,-5,11,-8,11,-9,11,-9,9,-10,8,-11,9,-12,10,-13,9,-13,7,-12,6,-14,5,-16,4,-17,6,-18,5,-19,4,-20,5,-21,6,-22,7,-23,8,-23,8,-23,9,-23,11,-22,13,-22,15,-22,17,-22,0,0,0,0,0,0,0,0,0,0,0,0,0,0,0,0,0,0,0,0,0,0,0,-2,1,-2,2,-2,2,-1,3,-1,3,0,4,0,4,0,5,0,5,1,6,1,6,1,6,1,6,1,7,0,7,0,7,0,7,-1,7,-2,8,-3,9,-4,9,-4,9,-5,9,-6,9,-6,7,-6]"
CSI_DATA,128,1a:00:00:00:00:00,-71,11,0,0,0,0,0,0,0,0,0,-91,0,1,0,23746540,0,31,0,128,0,"[0,0,-8,-8,-10,-8,-11,-6,-10,-5,-8,-3,-8,-3,-10,-5,-12,-5,-13,-3,-12,-1,-11,0,-13,1,-14,2,-14,3,-14,3,-16,3,-17,3,-18,4,-20,3,-21,3,-21,2,-21,1,-21,0,-23,-2,-23,-4,-23,-5,0,0,0,0,0,0,0,0,0,0,0,0,0,0,0,0,0,0,0,0,0,0,-3,0,-3,-1,-4,-2,-4,-2,-5,-3,-5,-4,-5,-5,-5,-5,-5,-6,-5,-6,-6,-6,-5,-6,-5,-7,-5,-7,-6,-8,-6,-8,-6,-9,-8,-9,-8,-9,-8,-9,-9,-7,-9,-7,-9,-8,-10,-8,-10,-6,-9,-6]"
[0;32mI (23938) ftm_responder: Counter = 24[0m
CSI_DATA,129,1a:00:00:00:00:00,-73,11,0,0,0,0,0,0,0,0,0,-91,0,1,0,23944988,0,31,0,128,0,"[0,0,-13,3,-12,3,-10,2,-10,3,-10,5,-9,6,-8,6,-8,6,-8,8,-8,9,-7,9,-5,9,-4,10,-4,11,-5,12,-4,15,-1,16,0,17,-1,19,-3,20,-6,23,-9,26,-9,26,-9,22,-10,20,-13,23,0,0,0,0,0,0,0,0,0,0,0,0,0,0,0,0,0,0,0,0,0,0,-3,1,-4,0,-4,0,-5,0,-6,-1,-7,-2,-7,-2,-7,-3,-8,-3,-8,-4,-8,-4,-9,-4,-9,-3,-9,-3,-10,-3,-10,-3,-10,-3,-11,-3,-11,-2,-11,-1,-11,-1,-10,0,-11,1,-11,1,-11,1,-11,1]"
CSI_DATA,130,1a:00:00:00:00:00,-73,11,0,0,0,0,0,0,0,0,0,-91,0,1,0,24143060,0,31,0,128,0,"[0,0,1,14,2,10,4,7,5,7,4,8,1,10,1,9,3,7,4,8,4,9,6,9,7,9,8,8,9,6,9,6,11,8,13,10,13,10,12,11,14,11,15,13,14,15,13,16,13,16,12,17,11,17,0,0,0,0,0,0,0,0,0,0,0,0,0,0,0,0,0,0,0,0,0,0,1,1,1,2,0,3,-1,4,-2,5,-2,5,-3,5,-3,5,-4,6,-4,7,-5,7,-5,6,-5,6,-5,8,-5,9,-4,9,-3,8,-2,7,-1,7,-3,8,-5,9,-4,8,-2,8,-1,9,-2,8,0,7]"
CSI_DATA,131,1a:00:00:00:00:00,-72,11,0,0,0,0,0,0,0,0,0,-91,0,1,0,24340814,0,31,0,128,0,"[0,0,-10,3,-10,3,-11,4,-10,4,-8,5,-7,7,-9,9,-8,9,-6,9,-6,7,-7,8,-6,11,-4,12,-2,11,-1,12,-2,15,-2,17,-1,18,-1,21,-1,21,-1,20,-1,22,-3,23,-4,24,-6,24,-9,23,0,0,0,0,0,0,0,0,0,0,0,0,0,0,0,0,0,0,0,0,0,0,-2,0,-3,0,-4,-1,-5,-2,-6,-3,-7,-4,-7,-4,-7,-4,-7,-4,-7,-5,-8,-5,-8,-4,-7,-4,-8,-4,-9,-5,-9,-5,-9,-5,-10,-4,-11,-3,-10,-2,-10,-1,-11,-1,-12,0,-13,0,-14,1,-15,1]"
CSI_DATA,132,1a:00:00:00:00:00,-72,11,0,0,0,0,0,0,0,0,0,-91,0,1,0,24542154,0,31,0,128,0,"[0,0,0,13,0,13,2,11,3,11,3,11,4,10,5,9,6,8,6,8,7,8,8,7,9,7,10,7,11,7,14,8,15,8,15,8,15,9,17,9,19,11,19,14,18,15,17,15,17,15,17,16,16,16,0,0,0,0,0,0,0,0,0,0,0,0,0,0,0,0,0,0,0,0,0,0,1,1,1,2,0,2,-1,3,-2,4,-2,5,-2,6,-3,7,-3,7,-4,7,-4,7,-4,7,-3,7,-4,7,-4,7,-4,8,-4,10,-4,10,-2,10,-2,11,-1,11,1,10,1,10,-1,12,-1,12,1,11]"
CSI_DATA,133,1a:00:00:00:00:00,-72,11,0,0,0,0,0,0,0,0,0,-91,0,1,0,24744794,0,31,0,128,0,"[0,0,-4,-12,-4,-11,-4,-11,-5,-11,-5,-11,-6,-11,-9,-11,-9,-10,-9,-9,-10,-10,-11,-10,-13,-9,-13,-9,-13,-8,-15,-7,-17,-7,-17,-7,-17,-8,-18,-10,-20,-12,-20,-13,-21,-13,-22,-14,-21,-15,-19,-16,-18,-18,0,0,0,0,0,0,0,0,0,0,0,0,0,0,0,0,0,0,0,0,0,0,-2,-2,-2,-3,-1,-4,-1,-6,0,-6,0,-7,0,-8,0,-8,0,-8,1,-8,2,-8,3,-9,2,-10,2,-9,1,-9,0,-10,0,-10,0,-10,0,-10,0,-11,0,-12,0,-13,-1,-14,-2,-14,-3,-14,-4,-13]"
CSI_DATA,134,1a:00:00:00:00:00,-72,11,0,0,0,0,0,0,0,0,0,-91,0,1,0,24803579,0,42,0,128,0,"[0,0,-1,-12,-1,-12,-1,-11,-2,-10,-3,-10,-4,-10,-5,-9,-6,-7,-6,-7,-7,-9,-8,-10,-9,-9,-10,-8,-10,-8,-12,-8,-13,-8,-14,-9,-15,-10,-17,-11,-17,-12,-16,-12,-15,-13,-15,-14,-16,-15,-15,-17,-13,-18,0,0,0,0,0,0,0,0,0,0,0,0,0,0,0,0,0,0,0,0,0,0,-1,-2,-1,-3,-1,-4,0,-5,1,-5,2,-5,3,-6,3,-6,4,-6,3,-6,3,-6,4,-6,5,-7,4,-7,3,-7,3,-9,3,-8,3,-7,1,-8,1,-8,1,-10,1,-11,1,-11,2,-11,2,-11,1,-11]"
CSI_DATA,135,1a:00:00:00:00:00,-71,11,0,0,0,0,0,0,0,0,0,-91,0,1,0,24873391,0,31,0,128,0,"[0,0,-7,-10,-8,-11,-7,-12,-8,-11,-11,-9,-11,-9,-11,-8,-11,-9,-10,-8,-10,-6,-11,-5,-14,-3,-15,-2,-15,-2,-16,0,-18,2,-18,3,-18,4,-19,4,-22,4,-24,5,-26,5,-26,3,-26,1,-26,0,-25,-1,0,0,0,0,0,0,0,0,0,0,0,0,0,0,0,0,0,0,0,0,0,0,-4,-1,-4,-3,-3,-5,-3,-6,-3,-6,-3,-7,-1,-7,0,-7,1,-8,2,-9,2,-9,3,-9,4,-9,3,-8,3,-7,3,-7,4,-6,1,-6,0,-7,0,-8,0,-8,-2,-7,-2,-8,-2,-8,-3,-9,-4,-9]"
[0;32mI (24938) ftm_responder: Counter = 25[0m
CSI_DATA,136,1a:00:00:00:00:00,-73,11,0,0,0,0,0,0,0,0,0,-91,0,1,0,25073575,0,31,0,128,0,"[0,0,-9,-5,-10,-4,-10,-5,-10,-4,-10,-2,-10,-2,-9,-2,-10,-1,-11,0,-10,0,-9,2,-10,3,-11,4,-13,4,-14,6,-13,8,-12,9,-15,8,-18,8,-18,10,-18,11,-19,8,-17,4,-15,4,-16,5,-20,5,0,0,0,0,0,0,0,0,0,0,0,0,0,0,0,0,0,0,0,0,0,0,-2,-2,-3,-2,-2,-4,-2,-5,-1,-6,-1,-6,-1,-7,-1,-7,-1,-7,-1,-8,-1,-8,-1,-8,-1,-8,-1,-8,-2,-8,-3,-8,-3,-8,-3,-8,-4,-8,-5,-7,-5,-8,-5,-9,-7,-8,-8,-8,-8,-9,-8,-8]"
CSI_DATA,137,1a:00:00:00:00:00,-72,11,0,0,0,0,0,0,0,0,0,-91,0,1,0,25273333,0,31,0,128,0,"[0,0,-7,7,-8,8,-7,9,-6,9,-5,9,-4,9,-4,9,-3,9,-2,10,-1,11,0,11,0,10,2,10,3,11,3,12,3,13,3,15,4,16,4,16,4,16,3,17,2,19,1,20,-1,19,-2,20,-3,21,0,0,0,0,0,0,0,0,0,0,0,0,0,0,0,0,0,0,0,0,0,0,-2,2,-3,2,-3,3,-4,3,-5,3,-6,4,-7,4,-7,3,-7,3,-8,3,-8,3,-8,3,-8,3,-9,3,-9,4,-8,4,-8,3,-9,4,-9,5,-9,6,-9,7,-9,7,-8,6,-7,6,-7,7,-7,8]"
CSI_DATA,138,1a:00:00:00:00:00,-72,11,0,0,0,0,0,0,0,0,0,-91,0,1,0,25474452,0,31,0,128,0,"[0,0,-12,6,-10,6,-9,4,-12,2,-13,2,-11,3,-9,5,-7,6,-6,9,-7,11,-7,11,-5,11,-4,11,-3,12,-4,14,-5,15,-4,16,-4,17,-5,18,-6,18,-7,18,-9,18,-10,18,-10,18,-11,18,-12,18,0,0,0,0,0,0,0,0,0,0,0,0,0,0,0,0,0,0,0,0,0,0,-3,1,-4,1,-5,0,-7,0,-8,0,-8,-1,-8,-2,-8,-2,-9,-3,-10,-3,-10,-3,-9,-2,-9,-2,-10,-2,-10,-2,-10,-3,-10,-2,-8,-1,-8,-1,-9,0,-9,1,-9,2,-10,2,-11,3,-13,3,-14,1]"
CSI_DATA,139,1a:00:00:00:00:00,-72,11,0,0,0,0,0,0,0,0,0,-91,0,1,0,25676082,0,31,0,128,0,"[0,0,13,7,14,11,14,13,12,9,12,2,11,-2,12,-1,11,-1,12,-1,13,-2,13,-2,13,-4,12,-7,13,-10,15,-12,16,-11,16,-9,17,-10,19,-11,21,-11,23,-11,23,-12,21,-11,22,-9,25,-7,29,-6,0,0,0,0,0,0,0,0,0,0,0,0,0,0,0,0,0,0,0,0,0,0,3,-1,4,1,4,2,5,3,6,4,6,4,6,5,6,6,6,7,7,8,7,8,7,7,7,7,7,7,7,8,7,9,8,9,8,9,8,9,7,8,8,9,11,9,13,6,13,2,11,2,12,4]"
CSI_DATA,140,1a:00:00:00:00:00,-71,11,0,0,0,0,0,0,0,0,0,-91,0,1,0,25876984,0,31,0,128,0,"[0,0,5,10,4,9,3,9,3,9,5,8,7,6,7,5,7,6,9,8,8,6,6,3,7,2,9,2,12,2,13,1,13,1,14,1,16,3,15,4,15,5,18,4,19,4,20,6,19,10,18,12,19,10,0,0,0,0,0,0,0,0,0,0,0,0,0,0,0,0,0,0,0,0,0,0,2,2,2,3,1,4,1,5,1,5,0,6,0,7,-1,8,-1,8,-1,8,-2,8,-1,8,-1,8,-2,9,-2,9,-1,10,0,10,0,9,0,10,2,10,2,10,1,8,1,7,2,8,2,9,3,9]"
[0;32mI (25938) ftm_responder: Counter = 26[0m
CSI_DATA,141,1a:00:00:00:00:00,-72,11,0,0,0,0,0,0,0,0,0,-91,0,1,0,26078138,0,31,0,128,0,"[0,0,-8,7,-8,8,-8,8,-7,8,-6,9,-6,9,-6,10,-6,10,-5,10,-4,11,-2,11,0,12,0,12,0,13,1,14,2,15,2,16,2,18,2,18,2,18,0,18,-1,20,-2,22,-2,23,-4,22,-6,21,0,0,0,0,0,0,0,0,0,0,0,0,0,0,0,0,0,0,0,0,0,0,-2,2,-3,3,-5,3,-6,3,-6,3,-7,2,-8,2,-8,2,-9,1,-9,2,-10,2,-10,2,-10,2,-10,2,-11,2,-12,2,-11,3,-9,4,-9,4,-11,4,-12,6,-11,7,-10,7,-10,7,-10,7,-9,6]"
CSI_DATA,142,1a:00:00:00:00:00,-71,11,0,0,0,0,0,0,0,0,0,-91,0,1,0,26279351,0,31,0,128,0,"[0,0,3,-8,2,-9,-1,-9,-2,-10,-2,-12,-1,-13,-1,-13,-2,-10,-3,-9,-5,-8,-7,-8,-9,-9,-9,-7,-8,-9,-8,-11,-10,-11,-11,-11,-12,-12,-12,-14,-12,-16,-12,-17,-12,-16,-11,-16,-11,-17,-11,-19,-9,-19,0,0,0,0,0,0,0,0,0,0,0,0,0,0,0,0,0,0,0,0,0,0,0,-4,0,-4,1,-4,1,-5,2,-6,3,-6,3,-6,4,-6,5,-6,5,-6,6,-6,6,-5,6,-6,5,-7,4,-9,4,-9,4,-8,4,-8,4,-10,4,-9,4,-9,5,-8,4,-10,3,-11,2,-12,3,-11]"
CSI_DATA,143,1a:00:00:00:00:00,-71,11,0,0,0,0,0,0,0,0,0,-91,0,1,0,26339762,0,42,0,128,0,"[0,0,3,-13,4,-13,4,-12,3,-12,1,-12,0,-12,1,-12,0,-12,-2,-12,-3,-11,-5,-12,-6,-13,-7,-13,-9,-13,-9,-14,-10,-15,-10,-15,-10,-16,-11,-18,-11,-19,-10,-20,-10,-21,-10,-21,-9,-22,-7,-23,-7,-24,0,0,0,0,0,0,0,0,0,0,0,0,0,0,0,0,0,0,0,0,0,0,0,-4,0,-5,1,-6,2,-7,3,-7,4,-7,5,-7,6,-7,6,-7,6,-8,6,-8,7,-8,7,-8,7,-8,7,-7,7,-8,7,-8,7,-9,6,-10,6,-10,6,-10,6,-11,5,-12,5,-11,5,-12,5,-14]"
CSI_DATA,144,1a:00:00:00:00:00,-72,11,0,0,0,0,0,0,0,0,0,-91,0,1,0,26408307,0,31,0,128,0,"[0,0,-5,12,-5,11,-6,12,-4,13,-2,12,-1,11,0,11,-1,11,-1,11,0,11,2,12,4,14,7,13,8,12,7,12,6,12,8,13,10,17,10,20,7,20,6,22,8,23,7,22,3,23,0,22,2,19,0,0,0,0,0,0,0,0,0,0,0,0,0,0,0,0,0,0,0,0,0,0,0,2,-1,3,-2,4,-2,5,-3,6,-4,7,-5,7,-6,7,-7,7,-7,7,-7,7,-7,7,-7,7,-7,7,-7,7,-7,8,-8,7,-7,7,-7,9,-7,9,-7,9,-6,9,-6,10,-5,11,-4,12,-4,12]"
CSI_DATA,145,1a:00:00:00:00:00,-71,11,0,0,0,0,0,0,0,0,0,-91,0,1,0,26613191,0,31,0,128,0,"[0,0,-13,0,-13,0,-13,1,-14,0,-13,1,-12,3,-11,3,-11,5,-11,5,-10,5,-9,6,-10,8,-10,11,-8,12,-9,12,-9,13,-9,14,-9,15,-11,16,-13,16,-14,15,-14,16,-15,17,-16,15,-17,13,-17,12,0,0,0,0,0,0,0,0,0,0,0,0,0,0,0,0,0,0,0,0,0,0,-4,-1,-4,-1,-5,-2,-6,-2,-7,-3,-7,-5,-7,-5,-7,-5,-7,-6,-7,-6,-7,-6,-8,-6,-8,-6,-9,-6,-9,-7,-9,-7,-10,-7,-10,-6,-9,-4,-10,-4,-10,-3,-11,-4,-12,-3,-12,-2,-11,-2,-12,-2]"
CSI_DATA,146,1a:00:00:00:00:00,-71,11,0,0,0,0,0,0,0,0,0,-91,0,1,0,26809211,0,31,0,128,0,"[0,0,-4,-10,-3,-9,-1,-10,-1,-11,-2,-9,-4,-8,-6,-8,-7,-9,-6,-8,-7,-7,-9,-8,-9,-8,-10,-7,-11,-5,-12,-5,-14,-5,-15,-6,-16,-7,-16,-6,-16,-7,-17,-9,-17,-10,-16,-11,-17,-13,-17,-14,-16,-14,0,0,0,0,0,0,0,0,0,0,0,0,0,0,0,0,0,0,0,0,0,0,-1,-2,-2,-4,-1,-5,0,-6,0,-6,0,-6,1,-7,1,-7,1,-7,2,-8,2,-8,3,-8,3,-8,2,-8,1,-8,1,-7,1,-8,1,-10,0,-10,0,-9,0,-8,-1,-7,-2,-7,-2,-9,-2,-9,-1,-8]"
[0;32mI (26938) ftm_responder: Counter = 27[0m
CSI_DATA,147,1a:00:00:00:00:00,-72,11,0,0,0,0,0,0,0,0,0,-91,0,1,0,27011539,0,31,0,128,0,"[0,0,-2,10,0,15,0,16,0,12,2,10,4,10,6,9,7,9,5,10,5,8,7,6,9,6,10,5,11,5,11,5,12,4,14,5,15,6,15,6,15,7,16,8,17,9,19,10,19,11,18,12,18,13,0,0,0,0,0,0,0,0,0,0,0,0,0,0,0,0,0,0,0,0,0,0,-1,2,-2,2,-2,3,-3,4,-5,4,-5,4,-5,5,-7,5,-7,6,-7,6,-8,6,-7,6,-6,6,-9,7,-11,7,-10,6,-7,7,-6,9,-5,9,-5,9,-6,8,-5,9,-2,12,0,15,-2,14,-3,11]"
CSI_DATA,148,1a:00:00:00:00:00,-72,11,0,0,0,0,0,0,0,0,0,-91,0,1,0,27211623,0,31,0,128,0,"[0,0,-2,-15,-1,-12,-3,-10,-3,-12,-2,-13,-4,-12,-7,-10,-6,-9,-5,-8,-6,-7,-9,-7,-11,-6,-12,-8,-13,-9,-14,-7,-17,-6,-19,-6,-18,-5,-19,-7,-20,-10,-19,-12,-19,-13,-18,-12,-18,-11,-19,-13,-20,-16,0,0,0,0,0,0,0,0,0,0,0,0,0,0,0,0,0,0,0,0,0,0,0,-3,0,-3,1,-4,2,-5,3,-6,4,-6,4,-5,5,-5,5,-6,6,-6,6,-7,6,-8,7,-8,7,-8,6,-7,6,-7,6,-9,5,-9,4,-10,5,-11,4,-10,2,-8,4,-8,5,-9,4,-8,0,-9]"
CSI_DATA,149,1a:00:00:00:00:00,-71,11,0,0,0,0,0,0,0,0,0,-91,0,1,0,27412731,0,31,0,128,0,"[0,0,3,-10,3,-9,2,-9,0,-9,-1,-10,-2,-9,-3,-10,-4,-11,-3,-11,-3,-10,-5,-12,-7,-12,-7,-11,-8,-11,-10,-10,-13,-11,-14,-13,-13,-15,-13,-15,-13,-15,-14,-15,-13,-16,-13,-18,-14,-17,-14,-17,-11,-19,0,0,0,0,0,0,0,0,0,0,0,0,0,0,0,0,0,0,0,0,0,0,0,-3,1,-3,2,-4,2,-4,3,-4,4,-5,4,-5,5,-5,5,-5,6,-5,6,-5,6,-5,6,-6,6,-6,6,-6,6,-5,6,-6,6,-6,5,-7,5,-8,5,-8,5,-9,4,-9,3,-10,4,-10,3,-11]"
CSI_DATA,150,1a:00:00:00:00:00,-71,11,0,0,0,0,0,0,0,0,0,-91,0,1,0,27613893,0,31,0,128,0,"[0,0,-10,7,-10,7,-10,8,-9,9,-8,8,-7,8,-6,9,-5,10,-5,12,-4,12,-3,13,-3,13,-2,13,-1,14,0,14,1,16,1,18,1,20,1,21,1,21,1,21,-1,22,-3,22,-4,23,-5,25,-7,24,0,0,0,0,0,0,0,0,0,0,0,0,0,0,0,0,0,0,0,0,0,0,-2,1,-3,1,-4,1,-4,1,-5,0,-6,0,-7,-1,-8,-1,-9,-1,-9,-1,-10,-1,-9,-1,-10,-2,-11,-2,-11,-2,-10,-1,-10,0,-10,2,-10,3,-11,4,-11,5,-10,4,-9,4,-9,4,-10,5,-9,7]"
CSI_DATA,151,1a:00:00:00:00:00,-72,11,0,0,0,0,0,0,0,0,0,-91,0,1,0,27815041,0,31,0,128,0,"[0,0,1,-9,0,-8,0,-9,0,-10,-1,-11,0,-12,-1,-11,-3,-11,-5,-11,-6,-10,-5,-10,-5,-10,-6,-11,-7,-13,-8,-13,-10,-12,-11,-12,-11,-13,-11,-13,-12,-14,-12,-15,-10,-15,-10,-16,-11,-18,-10,-19,-9,-20,0,0,0,0,0,0,0,0,0,0,0,0,0,0,0,0,0,0,0,0,0,0,-1,-3,0,-4,1,-4,2,-4,2,-4,3,-5,3,-5,4,-5,4,-5,4,-5,4,-5,4,-5,5,-6,7,-7,7,-8,7,-7,6,-7,5,-7,4,-8,4,-9,3,-9,4,-9,3,-8,2,-9,2,-10,3,-11]"
CSI_DATA,152,1a:00:00:00:00:00,-71,11,0,0,0,0,0,0,0,0,0,-91,0,1,0,27875487,0,42,0,128,0,"[0,0,10,-10,9,-10,8,-10,8,-11,7,-11,6,-12,7,-11,5,-12,4,-12,3,-13,2,-14,1,-15,0,-15,-1,-17,-1,-19,-1,-20,-1,-20,-1,-21,0,-22,0,-22,1,-22,3,-24,4,-25,5,-27,6,-26,7,-25,0,0,0,0,0,0,0,0,0,0,0,0,0,0,0,0,0,0,0,0,0,0,1,-2,1,-3,4,-3,5,-3,6,-2,6,-3,6,-3,7,-2,8,0,8,0,8,-1,8,-2,8,-2,8,-1,8,-1,9,-2,9,-3,10,-3,9,-4,8,-5,9,-7,11,-6,11,-7,9,-6,8,-6,10,-8]"
[0;32mI (27938) ftm_responder: Counter = 28[0m
CSI_DATA,153,1a:00:00:00:00:00,-73,11,0,0,0,0,0,0,0,0,0,-91,0,1,0,27944398,0,31,0,128,0,"[0,0,-5,7,-5,7,-4,7,-2,7,-2,10,-1,11,0,9,0,9,0,10,2,10,3,9,3,9,6,9,8,10,7,12,8,11,8,12,8,13,8,14,9,15,9,16,8,16,7,17,6,17,6,18,5,19,0,0,0,0,0,0,0,0,0,0,0,0,0,0,0,0,0,0,0,0,0,0,-1,1,-1,2,-2,2,-4,2,-5,2,-7,3,-8,3,-7,1,-7,0,-6,1,-6,2,-8,4,-8,3,-6,3,-4,2,-6,2,-7,3,-6,3,-5,4,-5,5,-7,5,-7,4,-6,5,-6,7,-6,8,-5,8]"
CSI_DATA,154,1a:00:00:00:00:00,-71,11,0,0,0,0,0,0,0,0,0,-91,0,1,0,28149218,0,31,0,128,0,"[0,0,-4,-10,-4,-10,-5,-9,-6,-9,-7,-8,-9,-7,-11,-6,-11,-7,-12,-7,-13,-6,-14,-6,-14,-5,-14,-2,-16,0,-16,0,-16,-1,-19,-1,-22,1,-24,2,-23,2,-23,0,-26,-3,-27,-6,-25,-10,-25,-10,-27,-10,0,0,0,0,0,0,0,0,0,0,0,0,0,0,0,0,0,0,0,0,0,0,-2,-3,-1,-4,-1,-4,0,-5,1,-6,1,-7,1,-7,1,-8,2,-8,2,-8,3,-8,3,-8,2,-8,2,-8,2,-8,1,-9,0,-9,0,-9,0,-10,0,-10,-2,-10,-2,-11,-3,-11,-4,-11,-4,-10,-5,-10]"
CSI_DATA,155,1a:00:00:00:00:00,-70,11,0,0,0,0,0,0,0,0,0,-91,0,1,0,28346379,0,31,0,128,0,"[0,0,-11,3,-11,3,-10,4,-10,5,-9,6,-8,6,-8,6,-8,8,-7,9,-7,9,-6,9,-4,9,-4,10,-4,11,-5,12,-4,13,-2,14,-2,17,-4,17,-7,17,-9,18,-8,17,-6,17,-7,18,-8,17,-9,17,0,0,0,0,0,0,0,0,0,0,0,0,0,0,0,0,0,0,0,0,0,0,-3,1,-4,1,-4,0,-4,0,-5,-1,-7,-2,-7,-3,-7,-3,-7,-2,-8,-2,-8,-2,-7,-2,-8,-1,-9,-1,-9,-2,-8,-2,-8,-1,-10,-1,-11,0,-9,0,-8,1,-8,0,-8,0,-8,1,-9,3,-8,2]"
CSI_DATA,156,1a:00:00:00:00:00,-71,11,0,0,0,0,0,0,0,0,0,-91,0,1,0,28551159,0,31,0,128,0,"[0,0,2,-13,1,-14,-1,-14,-1,-13,-2,-13,-2,-13,-3,-14,-4,-14,-5,-13,-6,-12,-6,-12,-8,-11,-9,-12,-9,-12,-10,-12,-12,-12,-12,-14,-11,-15,-12,-16,-17,-16,-19,-17,-15,-19,-11,-22,-9,-26,-8,-23,-9,-20,0,0,0,0,0,0,0,0,0,0,0,0,0,0,0,0,0,0,0,0,0,0,-1,-4,-1,-4,0,-5,1,-5,2,-6,3,-7,3,-7,3,-7,5,-7,5,-7,5,-7,5,-7,5,-7,5,-7,5,-8,5,-8,4,-8,4,-9,3,-10,3,-11,3,-12,2,-13,2,-12,2,-10,1,-10,0,-12]"
CSI_DATA,157,1a:00:00:00:00:00,-71,11,0,0,0,0,0,0,0,0,0,-91,0,1,0,28749571,0,31,0,128,0,"[0,0,-9,-8,-11,-6,-11,-7,-9,-9,-8,-8,-9,-5,-11,-5,-11,-6,-10,-6,-10,-5,-12,-2,-12,0,-11,-1,-11,-1,-13,0,-15,1,-16,2,-16,1,-17,2,-18,3,-18,2,-19,-1,-19,-2,-21,-3,-21,-4,-20,-6,0,0,0,0,0,0,0,0,0,0,0,0,0,0,0,0,0,0,0,0,0,0,-3,-2,-3,-3,-3,-4,-3,-5,-2,-6,-2,-6,-2,-7,-2,-7,-2,-8,-2,-8,-2,-9,-1,-9,-1,-9,-2,-9,-2,-9,-3,-8,-3,-9,-4,-10,-6,-9,-6,-9,-5,-9,-5,-8,-5,-8,-6,-8,-7,-7,-8,-7]"
[0;32mI (28938) ftm_responder: Counter = 29[0m
CSI_DATA,158,1a:00:00:00:00:00,-71,11,0,0,0,0,0,0,0,0,0,-91,0,1,0,28949919,0,31,0,128,0,"[0,0,11,1,9,1,10,3,12,2,12,0,11,-1,10,-1,10,-1,10,-2,11,-2,12,-2,11,-5,12,-7,13,-6,13,-6,13,-7,13,-7,14,-7,16,-9,15,-11,16,-10,19,-8,20,-6,19,-6,20,-6,21,-5,0,0,0,0,0,0,0,0,0,0,0,0,0,0,0,0,0,0,0,0,0,0,2,-3,3,-3,4,-2,5,-2,5,-1,6,-1,7,0,7,1,8,1,8,2,7,2,8,3,8,3,8,3,7,3,8,4,9,3,9,2,9,3,10,2,10,2,11,2,12,2,11,2,10,3,12,2]"
CSI_DATA,159,1a:00:00:00:00:00,-71,11,0,0,0,0,0,0,0,0,0,-91,0,1,0,29151293,0,31,0,128,0,"[0,0,9,-2,9,-2,10,-3,11,-4,11,-6,10,-6,10,-6,10,-7,9,-7,8,-7,8,-8,8,-9,7,-9,7,-10,7,-12,7,-13,9,-15,10,-16,10,-16,11,-16,11,-16,11,-16,12,-16,13,-16,14,-16,16,-15,0,0,0,0,0,0,0,0,0,0,0,0,0,0,0,0,0,0,0,0,0,0,2,-2,3,-3,3,-3,4,-2,6,-2,7,-1,8,0,8,1,8,1,8,2,9,1,10,1,10,2,10,2,9,3,9,3,9,3,9,1,10,1,10,0,11,-1,10,-3,10,-4,11,-3,12,-2,12,-2]"
CSI_DATA,160,1a:00:00:00:00:00,-70,11,0,0,0,0,0,0,0,0,0,-91,0,1,0,29352337,0,31,0,128,0,"[0,0,-3,-11,-4,-12,-4,-12,-5,-11,-6,-10,-6,-9,-6,-9,-7,-8,-8,-8,-7,-9,-7,-9,-8,-9,-9,-8,-12,-6,-13,-5,-14,-6,-15,-6,-15,-5,-15,-5,-16,-6,-17,-8,-18,-9,-17,-9,-15,-10,-16,-13,-16,-15,0,0,0,0,0,0,0,0,0,0,0,0,0,0,0,0,0,0,0,0,0,0,-3,-3,-2,-4,-2,-6,-1,-6,-1,-7,0,-7,1,-8,1,-9,1,-9,2,-9,1,-9,1,-9,2,-9,2,-10,2,-10,2,-9,1,-9,0,-11,-1,-10,-1,-10,-1,-10,-1,-11,-3,-10,-3,-11,-4,-12,-4,-14]"
CSI_DATA,161,1a:00:00:00:00:00,-71,11,0,0,0,0,0,0,0,0,0,-91,0,1,0,29412724,0,42,0,128,0,"[0,0,-11,3,-11,2,-12,3,-12,4,-11,4,-11,5,-11,6,-10,6,-10,6,-8,7,-7,8,-7,9,-7,10,-6,11,-6,12,-6,12,-6,13,-7,14,-8,15,-8,16,-8,16,-9,15,-10,15,-11,15,-13,14,-14,14,0,0,0,0,0,0,0,0,0,0,0,0,0,0,0,0,0,0,0,0,0,0,-4,2,-4,1,-5,1,-6,0,-7,0,-8,-1,-9,-1,-9,-2,-9,-2,-9,-3,-9,-3,-10,-4,-10,-4,-9,-3,-9,-3,-10,-2,-10,-2,-10,-1,-11,-1,-11,-1,-11,0,-11,1,-12,2,-12,2,-12,2,-12,2]"
CSI_DATA,162,1a:00:00:00:00:00,-71,11,0,0,0,0,0,0,0,0,0,-91,0,1,0,29480344,0,31,0,128,0,"[0,0,7,10,8,11,8,11,8,10,8,8,7,6,7,6,8,6,10,4,10,5,9,5,11,4,13,4,14,3,14,2,15,1,15,2,15,1,16,1,18,1,18,2,18,4,19,4,19,5,19,7,19,8,0,0,0,0,0,0,0,0,0,0,0,0,0,0,0,0,0,0,0,0,0,0,3,2,3,3,2,4,2,5,2,6,2,7,1,8,0,8,0,9,0,9,-1,9,-1,10,-1,10,0,10,0,10,0,10,0,10,1,10,2,9,2,9,3,10,4,11,4,11,5,11,5,11,6,11]"
CSI_DATA,163,1a:00:00:00:00:00,-71,11,0,0,0,0,0,0,0,0,0,-91,0,1,0,29685930,0,31,0,128,0,"[0,0,-10,-8,-10,-8,-10,-10,-11,-9,-12,-6,-12,-5,-12,-4,-11,-5,-12,-7,-15,-6,-15,-3,-14,-2,-14,-2,-14,-1,-15,0,-16,0,-17,0,-18,0,-18,-1,-20,-1,-21,-2,-21,-3,-21,-4,-21,-4,-22,-6,-23,-7,0,0,0,0,0,0,0,0,0,0,0,0,0,0,0,0,0,0,0,0,0,0,-5,-1,-5,-2,-6,-3,-6,-5,-7,-6,-7,-7,-6,-8,-5,-8,-5,-9,-5,-9,-5,-10,-5,-11,-5,-10,-5,-10,-5,-10,-5,-10,-5,-10,-7,-10,-8,-10,-8,-9,-7,-9,-7,-8,-9,-8,-11,-8,-10,-8,-9,-9]"
CSI_DATA,164,1a:00:00:00:00:00,-70,11,0,0,0,0,0,0,0,0,0,-91,0,1,0,29881478,0,31,0,128,0,"[0,0,13,0,13,-1,14,-1,13,-2,12,-2,12,-2,12,-2,13,-1,12,-2,11,-6,11,-7,11,-6,10,-6,9,-8,9,-10,10,-11,10,-11,12,-12,12,-12,13,-12,14,-12,14,-12,14,-12,15,-12,16,-11,18,-9,0,0,0,0,0,0,0,0,0,0,0,0,0,0,0,0,0,0,0,0,0,0,3,-3,5,-3,7,-3,8,-2,7,-1,8,0,8,1,9,2,10,3,10,3,10,4,11,5,12,4,11,3,11,3,13,3,12,3,12,4,14,4,14,3,11,3,10,3,11,2,13,1,14,0,14,0]"
[0;32mI (29938) ftm_responder: Counter = 30[0m
CSI_DATA,165,1a:00:00:00:00:00,-70,11,0,0,0,0,0,0,0,0,0,-91,0,1,0,30082652,0,31,0,128,0,"[0,0,2,17,3,14,4,12,3,12,1,12,1,13,2,13,3,12,3,10,4,9,4,10,6,10,7,8,7,9,7,11,8,12,9,11,10,10,10,10,9,12,10,13,10,13,9,14,8,16,8,16,7,16,0,0,0,0,0,0,0,0,0,0,0,0,0,0,0,0,0,0,0,0,0,0,4,3,4,5,4,6,4,7,3,8,2,9,1,9,1,10,0,11,-1,12,-2,12,-3,12,-3,12,-2,12,-2,12,-1,12,-1,12,0,11,0,12,1,12,1,11,1,14,0,16,0,17,0,15,1,14]"
CSI_DATA,166,1a:00:00:00:00:00,-69,11,0,0,0,0,0,0,0,0,0,-91,0,1,0,30485025,0,31,0,128,0,"[0,0,-7,-15,-7,-13,-8,-12,-9,-12,-9,-12,-8,-12,-7,-11,-8,-10,-8,-10,-9,-10,-9,-9,-9,-8,-9,-8,-10,-7,-9,-6,-9,-7,-10,-6,-11,-5,-11,-5,-11,-7,-11,-7,-11,-6,-11,-6,-12,-7,-11,-8,-11,-9,0,0,0,0,0,0,0,0,0,0,0,0,0,0,0,0,0,0,0,0,0,0,-8,-4,-8,-5,-8,-6,-8,-7,-9,-8,-9,-9,-8,-10,-8,-11,-7,-12,-7,-13,-6,-13,-6,-14,-6,-14,-6,-14,-5,-14,-6,-13,-6,-14,-7,-14,-7,-14,-8,-14,-8,-14,-8,-13,-9,-13,-9,-13,-9,-14,-9,-15]"
CSI_DATA,167,1a:00:00:00:00:00,-68,11,0,0,0,0,0,0,0,0,0,-91,0,1,0,30686240,0,31,0,128,0,"[0,0,-11,-15,-10,-14,-11,-12,-10,-11,-10,-10,-11,-10,-10,-10,-8,-10,-8,-8,-8,-7,-9,-6,-9,-6,-11,-6,-11,-6,-11,-5,-11,-4,-11,-4,-11,-3,-11,-4,-11,-4,-11,-3,-10,-4,-11,-5,-11,-4,-12,-4,-12,-4,0,0,0,0,0,0,0,0,0,0,0,0,0,0,0,0,0,0,0,0,0,0,-10,-3,-11,-4,-11,-5,-11,-6,-11,-8,-12,-9,-12,-11,-11,-12,-10,-12,-10,-13,-9,-14,-8,-13,-7,-13,-8,-14,-9,-14,-10,-13,-9,-12,-10,-13,-10,-13,-9,-13,-9,-13,-10,-12,-12,-12,-12,-11,-12,-12,-13,-12]"
CSI_DATA,168,1a:00:00:00:00:00,-69,11,0,0,0,0,0,0,0,0,0,-91,0,1,0,30887354,0,31,0,128,0,"[0,0,-15,1,-13,1,-14,0,-14,-1,-15,1,-14,2,-12,2,-11,1,-11,0,-11,0,-11,2,-8,3,-7,4,-8,4,-8,4,-8,5,-7,6,-6,5,-6,5,-7,5,-7,4,-6,4,-6,6,-7,7,-9,7,-10,6,0,0,0,0,0,0,0,0,0,0,0,0,0,0,0,0,0,0,0,0,0,0,-9,2,-10,2,-12,1,-13,0,-14,-1,-15,-2,-15,-3,-15,-3,-16,-4,-16,-5,-16,-5,-15,-5,-15,-5,-15,-5,-16,-5,-16,-5,-16,-5,-16,-4,-16,-4,-16,-4,-16,-4,-16,-3,-16,-2,-17,-2,-17,-2,-17,-2]"
[0;32mI (30938) ftm_responder: Counter = 31[0m
CSI_DATA,169,1a:00:00:00:00:00,-69,11,0,0,0,0,0,0,0,0,0,-91,0,1,0,30947813,0,42,0,128,0,"[0,0,4,14,3,13,3,13,3,12,3,10,4,10,4,10,5,10,5,9,5,8,5,7,5,6,5,6,6,6,6,5,6,5,6,4,6,3,7,3,7,3,7,3,7,3,7,3,7,2,7,3,8,3,0,0,0,0,0,0,0,0,0,0,0,0,0,0,0,0,0,0,0,0,0,0,6,6,6,7,6,8,6,10,6,11,5,12,4,14,3,14,3,15,2,15,1,16,1,16,1,15,0,15,0,15,0,16,1,16,1,15,2,15,3,14,3,15,3,15,3,15,3,15,3,15,4,15]"
CSI_DATA,170,1a:00:00:00:00:00,-69,11,0,0,0,0,0,0,0,0,0,-91,0,1,0,31448563,0,42,0,128,0,"[0,0,13,-6,12,-5,12,-5,12,-5,10,-7,8,-8,8,-6,7,-5,7,-6,7,-6,6,-7,5,-8,4,-8,3,-8,3,-7,2,-8,2,-8,2,-8,2,-8,2,-8,1,-8,0,-8,0,-8,0,-7,0,-8,2,-8,0,0,0,0,0,0,0,0,0,0,0,0,0,0,0,0,0,0,0,0,0,0,6,-8,7,-8,9,-8,10,-7,12,-7,13,-6,14,-5,15,-5,15,-4,16,-3,16,-3,16,-3,16,-3,15,-4,15,-4,16,-3,16,-3,15,-3,16,-2,16,-2,16,-5,16,-6,17,-5,15,-4,13,-5,13,-4]"
[0;32mI (31938) ftm_responder: Counter = 32[0m
CSI_DATA,171,1a:00:00:00:00:00,-68,11,0,0,0,0,0,0,0,0,0,-91,0,1,0,31949784,0,42,0,128,0,"[0,0,-9,-16,-8,-13,-7,-11,-8,-11,-9,-11,-10,-11,-10,-13,-10,-12,-9,-10,-10,-8,-10,-8,-9,-7,-11,-6,-12,-5,-12,-5,-12,-6,-12,-5,-12,-5,-11,-6,-10,-7,-10,-6,-10,-6,-11,-7,-10,-7,-9,-8,-9,-10,0,0,0,0,0,0,0,0,0,0,0,0,0,0,0,0,0,0,0,0,0,0,-8,-5,-8,-6,-8,-7,-8,-9,-8,-10,-8,-11,-8,-13,-7,-14,-6,-14,-5,-14,-4,-14,-4,-15,-4,-15,-5,-15,-5,-15,-5,-15,-5,-14,-5,-14,-5,-14,-7,-15,-8,-15,-8,-15,-7,-17,-6,-17,-7,-15,-9,-15]"
CSI_DATA,172,1a:00:00:00:00:00,-69,11,0,0,0,0,0,0,0,0,0,-91,0,1,0,32040692,0,31,0,128,0,"[0,0,-14,0,-13,0,-13,0,-13,2,-13,3,-12,3,-11,3,-10,3,-10,4,-11,3,-12,3,-11,5,-9,7,-9,8,-9,9,-9,8,-9,9,-10,10,-11,10,-11,10,-10,9,-11,9,-12,9,-13,9,-13,8,-12,8,0,0,0,0,0,0,0,0,0,0,0,0,0,0,0,0,0,0,0,0,0,0,-8,5,-9,4,-10,3,-11,3,-12,2,-13,1,-14,0,-15,-1,-15,-1,-15,-2,-15,-3,-15,-3,-15,-4,-14,-4,-14,-3,-14,-3,-14,-2,-14,-2,-15,-2,-14,-2,-14,-2,-15,0,-16,0,-16,-1,-15,0,-15,2]"
CSI_DATA,173,1a:00:00:00:00:00,-69,11,0,0,0,0,0,0,0,0,0,-91,0,1,0,32245669,0,31,0,128,0,"[0,0,3,11,5,10,6,10,6,11,7,10,7,9,7,8,8,9,8,9,9,9,11,7,12,7,12,6,12,7,13,8,14,7,14,8,15,9,15,10,14,10,14,11,14,12,13,13,13,14,13,14,12,15,0,0,0,0,0,0,0,0,0,0,0,0,0,0,0,0,0,0,0,0,0,0,4,2,4,3,3,5,3,6,2,7,2,8,2,8,1,8,1,9,0,9,0,9,-1,9,-1,9,0,9,0,9,0,9,0,9,1,9,1,9,1,10,2,10,3,10,3,11,4,11,5,11,5,11]"
CSI_DATA,174,1a:00:00:00:00:00,-71,11,0,0,0,0,0,0,0,0,0,-91,0,1,0,32446359,0,31,0,128,0,"[0,0,8,-9,8,-9,7,-10,6,-10,5,-11,4,-11,4,-12,3,-11,2,-11,2,-12,1,-12,1,-13,1,-14,-1,-16,-2,-17,-2,-18,-1,-18,-1,-18,-2,-18,-1,-21,-1,-21,-1,-20,2,-21,6,-22,6,-22,5,-20,0,0,0,0,0,0,0,0,0,0,0,0,0,0,0,0,0,0,0,0,0,0,3,-4,4,-4,6,-4,7,-3,8,-3,8,-3,8,-2,9,-2,9,-1,9,-1,10,-1,10,-1,10,-2,9,-2,8,-1,9,-1,9,-2,8,-2,8,-3,8,-4,8,-5,8,-5,8,-4,8,-4,9,-6,8,-7]"
CSI_DATA,175,1a:00:00:00:00:00,-73,11,0,0,0,0,0,0,0,0,0,-91,0,1,0,32643853,0,31,0,128,0,"[0,0,12,5,12,8,7,7,5,5,6,4,8,2,8,-1,9,-1,11,0,11,-1,11,-2,12,-4,13,-6,15,-6,16,-6,15,-8,15,-8,17,-9,18,-10,18,-11,18,-11,19,-10,21,-9,21,-8,20,-7,20,-6,0,0,0,0,0,0,0,0,0,0,0,0,0,0,0,0,0,0,0,0,0,0,-2,4,-3,6,-3,7,-3,7,-3,7,-4,8,-5,8,-6,8,-7,8,-6,8,-4,9,-5,9,-5,7,-5,7,-6,8,-4,8,-2,8,-1,8,-1,6,1,8,4,11,5,11,3,13,2,14,3,10,3,5]"
CSI_DATA,176,1a:00:00:00:00:00,-73,11,0,0,0,0,0,0,0,0,0,-91,0,1,0,32845238,0,31,0,128,0,"[0,0,0,-8,0,-6,3,-3,3,-6,2,-7,0,-6,-2,-8,-4,-11,-3,-11,-3,-9,-6,-9,-8,-10,-8,-10,-7,-10,-8,-11,-9,-12,-9,-12,-9,-13,-8,-15,-9,-17,-8,-19,-8,-19,-9,-17,-8,-20,-7,-23,-7,-23,0,0,0,0,0,0,0,0,0,0,0,0,0,0,0,0,0,0,0,0,0,0,2,-4,3,-5,3,-5,5,-5,6,-5,7,-6,7,-6,7,-5,7,-5,7,-5,7,-5,7,-5,7,-5,8,-4,8,-4,8,-5,8,-5,7,-4,8,-4,6,-5,4,-6,4,-7,3,-8,2,-10,3,-8,3,-8]"
[0;32mI (32938) ftm_responder: Counter = 33[0m
CSI_DATA,177,1a:00:00:00:00:00,-72,11,0,0,0,0,0,0,0,0,0,-91,0,1,0,33046233,0,31,0,128,0,"[0,0,8,2,9,-1,10,-2,9,-2,7,-4,8,-7,8,-7,6,-7,4,-9,5,-9,4,-8,4,-9,2,-11,0,-13,0,-13,0,-14,-2,-15,-1,-17,1,-20,2,-22,2,-21,-1,-20,0,-21,3,-21,5,-21,8,-24,0,0,0,0,0,0,0,0,0,0,0,0,0,0,0,0,0,0,0,0,0,0,3,3,2,3,2,4,3,6,3,8,4,8,4,9,4,10,3,10,4,8,5,8,5,9,5,9,6,7,7,7,5,8,3,9,3,9,5,8,5,7,6,5,7,4,7,3,8,3,9,3,9,2]"
CSI_DATA,178,1a:00:00:00:00:00,-74,11,0,0,0,0,0,0,0,0,0,-91,0,1,0,33247441,0,31,0,128,0,"[0,0,-10,-4,-10,-4,-9,-2,-8,-1,-7,0,-8,1,-8,4,-5,6,-4,7,-4,6,-4,5,-4,6,-3,8,-2,11,-2,12,-3,12,-3,13,-3,16,-3,17,-1,17,-1,18,-2,19,-4,17,-5,17,-7,18,-9,17,0,0,0,0,0,0,0,0,0,0,0,0,0,0,0,0,0,0,0,0,0,0,-4,-3,-4,-3,-5,-4,-6,-5,-7,-6,-7,-7,-7,-7,-8,-7,-7,-8,-7,-9,-7,-9,-7,-8,-8,-8,-8,-8,-8,-8,-7,-7,-6,-6,-6,-5,-8,-6,-9,-7,-10,-7,-9,-6,-9,-5,-8,-3,-8,-1,-9,-3]"
CSI_DATA,179,1a:00:00:00:00:00,-74,11,0,0,0,0,0,0,0,0,0,-91,0,1,0,33448548,0,31,0,128,0,"[0,0,3,8,5,7,5,6,4,5,4,4,4,3,5,3,5,1,6,0,6,-1,5,-2,6,-4,8,-5,10,-5,11,-5,12,-6,12,-7,14,-6,16,-5,18,-6,20,-6,20,-5,20,-4,20,-3,22,-1,23,-1,0,0,0,0,0,0,0,0,0,0,0,0,0,0,0,0,0,0,0,0,0,0,-2,3,-2,5,-2,6,-2,6,-2,7,-3,8,-4,9,-5,9,-5,8,-4,9,-4,9,-5,9,-6,9,-6,9,-5,9,-3,10,-3,10,-3,9,-2,9,-2,10,-1,11,-1,10,-1,9,0,9,0,8,2,8]"
CSI_DATA,180,1a:00:00:00:00:00,-74,11,0,0,0,0,0,0,0,0,0,-91,0,1,0,33509070,0,42,0,128,0,"[0,0,8,-1,7,-2,6,-4,5,-5,4,-6,4,-6,4,-6,2,-6,0,-7,0,-8,-2,-9,-3,-10,-5,-11,-5,-12,-6,-14,-6,-14,-8,-16,-9,-19,-9,-22,-8,-23,-7,-23,-7,-23,-7,-24,-8,-24,-6,-25,-4,-27,0,0,0,0,0,0,0,0,0,0,0,0,0,0,0,0,0,0,0,0,0,0,3,2,4,3,5,4,5,4,6,5,7,6,7,7,7,7,7,7,8,7,8,8,8,8,8,8,8,8,8,7,8,7,8,6,9,5,10,5,10,3,9,2,9,1,9,1,9,0,10,0,11,1]"
CSI_DATA,181,1a:00:00:00:00:00,-73,11,0,0,0,0,0,0,0,0,0,-91,0,1,0,33576378,0,31,0,128,0,"[0,0,1,3,2,4,4,4,7,0,8,-1,6,0,5,-2,5,-4,4,-6,3,-6,2,-6,3,-9,4,-11,4,-12,2,-12,0,-13,2,-15,3,-17,3,-22,5,-25,4,-25,1,-23,2,-22,8,-22,9,-22,10,-18,0,0,0,0,0,0,0,0,0,0,0,0,0,0,0,0,0,0,0,0,0,0,-1,3,-1,4,-1,6,-1,7,-1,8,-1,8,-2,9,-2,10,-2,9,-2,10,-2,10,-2,10,-2,11,-1,10,0,10,0,10,1,9,1,8,2,8,2,8,3,7,5,7,7,7,7,5,6,4,7,4]"
CSI_DATA,182,1a:00:00:00:00:00,-73,11,0,0,0,0,0,0,0,0,0,-91,0,1,0,33785282,0,31,0,128,0,"[0,0,1,-7,2,-6,2,-6,0,-6,-2,-5,-2,-4,-1,-3,-2,-2,-4,-2,-6,-1,-7,1,-8,1,-9,2,-10,3,-12,4,-13,4,-14,6,-15,7,-16,9,-18,10,-19,11,-21,10,-22,8,-24,7,-25,7,-25,5,0,0,0,0,0,0,0,0,0,0,0,0,0,0,0,0,0,0,0,0,0,0,5,2,6,2,7,2,7,2,8,2,10,2,10,2,10,3,11,2,11,2,11,2,10,2,10,2,10,0,10,-1,10,-2,9,-3,9,-3,8,-2,7,-4,6,-5,7,-6,6,-5,3,-5,4,-5,6,-4]"
[0;32mI (33938) ftm_responder: Counter = 34[0m
CSI_DATA,183,1a:00:00:00:00:00,-73,11,0,0,0,0,0,0,0,0,0,-91,0,1,0,33977042,0,31,0,128,0,"[0,0,4,5,4,3,4,3,4,2,4,1,5,0,5,-1,6,-2,6,-3,6,-4,7,-5,7,-6,7,-8,7,-9,8,-10,9,-11,9,-13,10,-14,11,-16,12,-16,13,-15,14,-15,16,-15,17,-14,18,-14,19,-13,0,0,0,0,0,0,0,0,0,0,0,0,0,0,0,0,0,0,0,0,0,0,-2,3,-2,5,-2,6,-2,7,-3,8,-4,9,-4,9,-5,9,-5,10,-6,9,-6,9,-6,10,-5,10,-5,10,-4,10,-3,9,-4,10,-4,10,-3,9,-2,9,-2,9,-1,10,1,10,1,9,2,9,2,8]"
CSI_DATA,184,1a:00:00:00:00:00,-72,11,0,0,0,0,0,0,0,0,0,-91,0,1,0,34178277,0,31,0,128,0,"[0,0,5,5,0,4,-3,2,1,-1,4,-1,4,1,6,1,6,-1,5,-3,5,-4,6,-5,6,-7,4,-8,4,-10,6,-10,9,-12,8,-16,7,-18,7,-19,7,-20,8,-20,10,-20,11,-20,12,-20,12,-19,12,-18,0,0,0,0,0,0,0,0,0,0,0,0,0,0,0,0,0,0,0,0,0,0,-4,3,-4,4,-5,4,-7,5,-7,6,-7,7,-8,8,-9,8,-8,7,-8,8,-8,8,-9,7,-7,8,-6,8,-5,8,-6,9,-6,9,-5,9,-4,9,-3,10,-2,10,-1,9,1,8,5,7,4,9,3,10]"
CSI_DATA,185,1a:00:00:00:00:00,-72,11,0,0,0,0,0,0,0,0,0,-91,0,1,0,34380858,0,31,0,128,0,"[0,0,-6,-4,-9,-6,-9,-4,-7,0,-4,1,-4,0,-6,2,-6,6,-4,7,-2,7,-3,8,-4,9,-5,10,-4,10,-4,11,-5,13,-3,16,-1,19,-3,20,-6,20,-6,20,-7,21,-11,22,-12,21,-13,20,-15,20,0,0,0,0,0,0,0,0,0,0,0,0,0,0,0,0,0,0,0,0,0,0,-4,-3,-5,-3,-6,-4,-6,-6,-6,-6,-6,-8,-7,-9,-7,-9,-6,-9,-7,-9,-7,-9,-6,-8,-5,-7,-6,-8,-7,-8,-7,-8,-6,-8,-5,-7,-5,-6,-5,-5,-6,-6,-9,-5,-8,-3,-5,-3,-5,-4,-5,-3]"
CSI_DATA,186,1a:00:00:00:00:00,-73,11,0,0,0,0,0,0,0,0,0,-91,0,1,0,34580823,0,31,0,128,0,"[0,0,-14,-1,-11,2,-8,3,-6,2,-5,4,-4,7,-4,7,-3,7,-1,9,-1,9,-1,9,-1,12,-2,15,-1,16,1,16,3,18,4,21,2,24,1,24,0,27,1,30,1,28,0,27,-2,29,-4,31,-5,32,0,0,0,0,0,0,0,0,0,0,0,0,0,0,0,0,0,0,0,0,0,0,-7,-2,-8,-3,-9,-4,-10,-5,-11,-6,-11,-7,-11,-8,-11,-9,-11,-9,-11,-10,-11,-11,-11,-12,-11,-11,-11,-10,-12,-9,-11,-8,-11,-8,-11,-8,-11,-8,-12,-6,-12,-4,-11,-3,-11,-4,-11,-4,-9,-3,-8,-2]"
CSI_DATA,187,1a:00:00:00:00:00,-73,11,0,0,0,0,0,0,0,0,0,-91,0,1,0,34781993,0,31,0,128,0,"[0,0,-1,-7,-2,-5,-2,-4,-2,-5,-3,-5,-3,-4,-4,-5,-5,-5,-6,-4,-8,-3,-9,-2,-9,-1,-10,1,-12,2,-12,2,-13,2,-15,4,-16,4,-18,4,-20,3,-20,4,-20,3,-22,1,-23,1,-22,0,-22,-2,0,0,0,0,0,0,0,0,0,0,0,0,0,0,0,0,0,0,0,0,0,0,3,-2,4,-2,5,-2,6,-3,6,-3,7,-3,8,-3,8,-3,9,-3,9,-2,9,-2,9,-2,8,-3,8,-3,8,-4,8,-6,7,-6,5,-5,6,-5,7,-6,5,-7,4,-7,4,-8,3,-9,2,-8,4,-8]"
[0;32mI (34938) ftm_responder: Counter = 35[0m
CSI_DATA,188,1a:00:00:00:00:00,-73,11,0,0,0,0,0,0,0,0,0,-91,0,1,0,34983053,0,31,0,128,0,"[0,0,2,5,3,8,2,8,2,7,4,7,5,7,7,7,8,8,8,5,8,3,10,0,10,-1,10,-1,13,-2,14,-1,15,-1,15,-2,15,-2,17,-3,20,-2,22,2,23,4,24,4,23,4,23,5,23,5,0,0,0,0,0,0,0,0,0,0,0,0,0,0,0,0,0,0,0,0,0,0,-2,4,-3,5,-4,6,-5,6,-6,6,-6,7,-7,7,-8,6,-9,6,-10,7,-10,7,-9,8,-8,8,-9,8,-9,9,-9,11,-8,10,-7,8,-6,7,-6,7,-5,8,-5,9,-5,8,-3,8,-1,8,1,8]"
CSI_DATA,189,1a:00:00:00:00:00,-72,11,0,0,0,0,0,0,0,0,0,-91,0,1,0,35043440,0,42,0,128,0,"[0,0,-7,3,-7,4,-7,5,-6,5,-5,5,-4,7,-4,7,-3,7,-3,7,-2,8,-1,9,0,10,1,10,2,11,3,13,3,14,4,14,4,16,3,17,2,18,1,19,1,20,0,21,-1,21,-1,21,-2,20,0,0,0,0,0,0,0,0,0,0,0,0,0,0,0,0,0,0,0,0,0,0,-4,0,-5,0,-7,0,-7,-1,-8,-1,-9,-2,-9,-3,-10,-4,-10,-4,-9,-3,-10,-4,-10,-3,-10,-3,-10,-3,-10,-3,-10,-3,-9,-2,-9,-1,-9,-1,-9,-1,-9,-1,-9,0,-9,1,-9,2,-9,2,-10,3]"
CSI_DATA,190,1a:00:00:00:00:00,-71,11,0,0,0,0,0,0,0,0,0,-91,0,1,0,35113081,0,31,0,128,0,"[0,0,10,-8,9,-8,8,-8,5,-9,2,-9,1,-8,0,-9,-2,-11,-2,-12,-3,-12,-5,-12,-4,-14,-4,-15,-5,-13,-4,-12,-5,-14,-5,-15,-7,-17,-8,-19,-6,-23,-5,-26,-7,-26,-8,-26,-6,-27,-2,-24,0,-23,0,0,0,0,0,0,0,0,0,0,0,0,0,0,0,0,0,0,0,0,0,0,3,-2,5,-2,6,-2,8,-1,8,-1,9,0,10,0,10,1,11,1,10,2,11,3,11,3,11,2,10,1,10,1,10,1,9,0,9,-1,9,-2,10,-4,9,-4,9,-3,10,-2,10,-4,8,-6,7,-7]"
CSI_DATA,191,1a:00:00:00:00:00,-71,11,0,0,0,0,0,0,0,0,0,-91,0,1,0,35314035,0,31,0,128,0,"[0,0,-14,-4,-13,-3,-13,-2,-13,0,-14,2,-13,2,-12,2,-11,3,-11,4,-11,4,-10,5,-10,6,-10,7,-10,8,-11,9,-11,11,-10,12,-10,14,-12,13,-13,14,-15,16,-16,16,-16,14,-16,10,-18,8,-21,8,0,0,0,0,0,0,0,0,0,0,0,0,0,0,0,0,0,0,0,0,0,0,-7,-2,-7,-2,-8,-3,-9,-5,-9,-6,-9,-7,-8,-8,-8,-9,-8,-9,-8,-9,-8,-10,-7,-9,-8,-9,-8,-10,-8,-10,-8,-8,-8,-8,-9,-8,-10,-8,-9,-8,-9,-7,-9,-6,-10,-5,-12,-5,-13,-5,-12,-5]"
CSI_DATA,192,1a:00:00:00:00:00,-69,11,0,0,0,0,0,0,0,0,0,-91,0,1,0,35513197,0,31,0,128,0,"[0,0,-5,-13,-5,-13,-5,-12,-5,-12,-6,-12,-7,-11,-6,-10,-7,-10,-8,-9,-9,-8,-10,-8,-11,-7,-12,-7,-13,-7,-13,-6,-14,-6,-15,-7,-15,-7,-16,-8,-16,-9,-16,-9,-15,-10,-15,-11,-15,-12,-14,-13,-13,-13,0,0,0,0,0,0,0,0,0,0,0,0,0,0,0,0,0,0,0,0,0,0,-4,-7,-4,-8,-3,-9,-2,-10,-1,-11,0,-12,1,-12,1,-13,2,-13,2,-13,3,-13,3,-13,2,-13,2,-12,2,-12,2,-12,1,-12,0,-12,0,-13,0,-12,-1,-12,-1,-13,-1,-14,-2,-14,-3,-13,-3,-13]"
CSI_DATA,193,1a:00:00:00:00:00,-68,11,0,0,0,0,0,0,0,0,0,-91,0,1,0,35714351,0,31,0,128,0,"[0,0,10,-9,10,-10,11,-9,9,-9,7,-10,5,-10,5,-11,5,-11,4,-10,3,-10,3,-11,3,-12,2,-12,2,-13,1,-13,1,-13,1,-14,1,-15,2,-15,2,-15,2,-15,3,-15,4,-16,5,-15,5,-14,6,-14,0,0,0,0,0,0,0,0,0,0,0,0,0,0,0,0,0,0,0,0,0,0,2,-7,3,-8,5,-7,6,-7,7,-7,8,-7,9,-6,10,-5,10,-5,10,-5,11,-5,11,-4,11,-4,11,-4,10,-4,9,-5,8,-5,8,-5,9,-6,10,-7,10,-9,9,-8,9,-7,8,-8,8,-9,8,-10]"
CSI_DATA,194,1a:00:00:00:00:00,-68,11,0,0,0,0,0,0,0,0,0,-91,0,1,0,35915690,0,31,0,128,0,"[0,0,-10,-11,-8,-12,-10,-12,-11,-10,-9,-7,-9,-9,-11,-9,-11,-6,-11,-5,-9,-6,-8,-6,-9,-5,-9,-4,-9,-4,-10,-3,-12,-3,-12,-3,-12,-4,-12,-4,-11,-3,-10,-5,-10,-5,-12,-4,-13,-4,-11,-5,-11,-7,0,0,0,0,0,0,0,0,0,0,0,0,0,0,0,0,0,0,0,0,0,0,-9,-1,-10,-1,-10,-3,-10,-4,-11,-5,-11,-7,-10,-8,-10,-9,-10,-10,-10,-10,-10,-10,-8,-11,-7,-11,-8,-11,-8,-11,-8,-13,-9,-13,-9,-12,-9,-12,-11,-12,-11,-11,-10,-11,-9,-10,-10,-10,-10,-10,-10,-9]"
[0;32mI (35938) ftm_responder: Counter = 36[0m
CSI_DATA,195,1a:00:00:00:00:00,-68,11,0,0,0,0,0,0,0,0,0,-91,0,1,0,36116882,0,31,0,128,0,"[0,0,-1,-14,-1,-15,-2,-15,-3,-14,-3,-13,-3,-12,-4,-12,-4,-11,-5,-11,-6,-11,-6,-11,-5,-10,-5,-10,-6,-9,-8,-9,-8,-9,-8,-9,-8,-9,-7,-10,-8,-9,-9,-8,-8,-8,-6,-8,-6,-9,-6,-10,-5,-10,0,0,0,0,0,0,0,0,0,0,0,0,0,0,0,0,0,0,0,0,0,0,-5,-8,-4,-8,-3,-10,-3,-11,-2,-12,-2,-13,0,-14,1,-14,1,-14,2,-14,2,-14,3,-14,3,-14,3,-14,3,-13,3,-14,2,-14,1,-15,1,-14,0,-14,0,-15,0,-16,0,-15,0,-15,0,-15,0,-15]"
CSI_DATA,196,1a:00:00:00:00:00,-68,11,0,0,0,0,0,0,0,0,0,-91,0,1,0,36318007,0,31,0,128,0,"[0,0,3,13,3,13,3,12,3,12,4,11,5,10,5,10,4,9,4,8,5,7,5,7,5,6,6,6,7,6,7,6,7,6,7,6,8,5,9,5,9,4,8,4,7,5,7,4,7,4,7,4,8,5,0,0,0,0,0,0,0,0,0,0,0,0,0,0,0,0,0,0,0,0,0,0,4,6,4,7,4,9,3,10,2,11,2,12,1,13,0,14,-1,14,-1,13,-1,13,-1,13,-2,13,-3,12,-3,12,-1,13,0,13,0,13,1,14,1,13,1,12,2,13,4,14,4,15,3,15,2,14]"
CSI_DATA,197,1a:00:00:00:00:00,-68,11,0,0,0,0,0,0,0,0,0,-91,0,1,0,36519157,0,31,0,128,0,"[0,0,-8,-12,-7,-13,-7,-13,-8,-11,-8,-10,-7,-9,-8,-9,-7,-9,-7,-8,-7,-7,-7,-8,-7,-7,-8,-5,-8,-4,-8,-5,-8,-5,-8,-4,-7,-4,-7,-5,-7,-5,-7,-4,-7,-4,-8,-4,-8,-3,-7,-2,-7,-3,0,0,0,0,0,0,0,0,0,0,0,0,0,0,0,0,0,0,0,0,0,0,-9,-4,-9,-5,-9,-6,-9,-8,-9,-9,-9,-10,-9,-11,-8,-12,-7,-13,-7,-13,-6,-13,-6,-14,-6,-14,-5,-13,-6,-13,-6,-13,-6,-13,-6,-13,-6,-14,-7,-13,-7,-12,-7,-13,-7,-13,-7,-12,-7,-11,-7,-11]"
CSI_DATA,198,1a:00:00:00:00:00,-68,11,0,0,0,0,0,0,0,0,0,-91,0,1,0,36579591,0,42,0,128,0,"[0,0,0,14,0,14,0,13,1,12,1,12,1,11,1,11,2,11,3,10,3,10,3,9,3,8,4,8,4,7,4,7,4,7,5,7,5,6,5,6,5,6,5,6,5,6,5,5,5,6,5,6,5,5,0,0,0,0,0,0,0,0,0,0,0,0,0,0,0,0,0,0,0,0,0,0,6,7,6,8,6,9,5,11,4,12,3,13,2,14,1,15,0,15,0,16,-1,16,-1,15,-2,15,-2,15,-2,15,-2,15,-2,15,-1,15,-1,15,-1,15,-1,14,0,15,0,15,0,15,1,15,1,15]"
CSI_DATA,199,1a:00:00:00:00:00,-68,11,0,0,0,0,0,0,0,0,0,-91,0,1,0,36648392,0,31,0,128,0,"[0,0,3,12,3,11,5,10,6,9,5,9,2,9,2,8,3,8,5,7,6,6,8,6,8,6,6,5,5,3,4,4,5,4,7,3,8,3,9,3,8,2,6,4,5,5,5,4,4,2,5,2,6,4,0,0,0,0,0,0,0,0,0,0,0,0,0,0,0,0,0,0,0,0,0,0,6,5,6,6,6,7,6,9,5,10,5,11,5,12,4,13,3,13,3,13,2,14,2,13,2,13,2,13,1,13,2,13,2,13,2,13,3,13,3,13,3,13,4,13,5,13,5,13,4,12,5,13]"
CSI_DATA,200,1a:00:00:00:00:00,-68,11,0,0,0,0,0,0,0,0,0,-91,0,1,0,36851032,0,31,0,128,0,"[0,0,-9,-10,-9,-10,-9,-10,-9,-9,-8,-9,-7,-8,-7,-8,-8,-7,-8,-7,-7,-6,-8,-5,-8,-4,-8,-3,-8,-3,-8,-2,-8,-1,-9,0,-10,1,-9,0,-9,0,-10,0,-11,0,-9,-1,-7,-1,-6,-1,-8,-3,0,0,0,0,0,0,0,0,0,0,0,0,0,0,0,0,0,0,0,0,0,0,-8,-4,-9,-5,-9,-6,-9,-8,-9,-9,-9,-10,-9,-11,-9,-12,-8,-13,-8,-13,-7,-14,-7,-14,-7,-14,-7,-14,-7,-13,-7,-13,-7,-13,-7,-13,-8,-13,-7,-14,-7,-14,-8,-13,-9,-12,-9,-12,-9,-12,-9,-12]"
[0;32mI (36948) ftm_responder: Counter = 37[0m
CSI_DATA,201,1a:00:00:00:00:00,-68,11,0,0,0,0,0,0,0,0,0,-91,0,1,0,37049445,0,31,0,128,0,"[0,0,9,11,8,11,8,10,7,9,8,9,8,8,8,7,8,6,8,6,8,6,8,5,8,4,8,3,8,2,8,2,8,2,8,2,8,2,8,1,8,1,7,1,7,0,7,0,7,0,7,0,7,0,0,0,0,0,0,0,0,0,0,0,0,0,0,0,0,0,0,0,0,0,0,0,8,3,9,4,9,5,10,6,10,8,10,9,9,10,9,11,8,12,8,13,7,13,7,13,7,13,7,13,7,13,8,13,7,13,7,13,8,13,9,12,9,12,9,12,9,13,9,13,9,12,9,12]"
CSI_DATA,202,1a:00:00:00:00:00,-68,11,0,0,0,0,0,0,0,0,0,-91,0,1,0,37252139,0,31,0,128,0,"[0,0,1,12,2,11,2,10,2,10,2,10,3,9,3,9,3,8,3,8,4,7,4,6,4,6,5,5,5,5,6,5,5,5,5,4,5,4,5,4,6,4,6,4,6,5,6,5,6,4,6,4,5,4,0,0,0,0,0,0,0,0,0,0,0,0,0,0,0,0,0,0,0,0,0,0,5,4,6,5,5,6,5,8,4,9,4,10,3,11,3,12,2,12,1,12,1,13,1,13,1,12,0,12,0,12,0,12,0,12,0,13,1,13,1,12,1,12,1,12,1,12,2,12,2,11,2,11]"
CSI_DATA,203,1a:00:00:00:00:00,-69,11,0,0,0,0,0,0,0,0,0,-91,0,1,0,37451771,0,31,0,128,0,"[0,0,6,-16,6,-14,6,-12,5,-12,6,-13,5,-11,3,-12,2,-14,0,-13,-1,-12,0,-12,-1,-12,-1,-11,0,-11,0,-12,-2,-12,-4,-12,-4,-13,-4,-14,-5,-14,-5,-14,-2,-13,-2,-11,-4,-10,-4,-12,-4,-14,0,0,0,0,0,0,0,0,0,0,0,0,0,0,0,0,0,0,0,0,0,0,3,-9,3,-9,4,-9,6,-10,8,-10,9,-10,10,-10,11,-9,12,-8,12,-8,11,-8,11,-8,12,-8,11,-8,11,-7,12,-7,12,-8,11,-10,11,-11,10,-11,9,-11,9,-12,8,-12,7,-14,8,-15,10,-15]"
CSI_DATA,204,1a:00:00:00:00:00,-69,11,0,0,0,0,0,0,0,0,0,-91,0,1,0,37652929,0,31,0,128,0,"[0,0,7,-10,7,-8,7,-8,9,-9,9,-9,8,-9,6,-9,4,-11,5,-12,4,-12,3,-11,3,-11,2,-12,2,-14,0,-15,0,-14,0,-13,-2,-14,-2,-17,-1,-18,0,-18,1,-17,3,-16,4,-16,3,-18,3,-19,0,0,0,0,0,0,0,0,0,0,0,0,0,0,0,0,0,0,0,0,0,0,3,-6,4,-7,5,-6,6,-6,8,-6,9,-6,10,-5,10,-5,11,-5,11,-4,11,-4,11,-4,11,-4,11,-4,11,-4,10,-4,10,-5,10,-6,11,-6,11,-7,11,-7,10,-8,9,-9,10,-9,10,-9,10,-9]"
CSI_DATA,205,1a:00:00:00:00:00,-71,11,0,0,0,0,0,0,0,0,0,-91,0,1,0,37854066,0,31,0,128,0,"[0,0,5,9,4,8,4,9,5,9,6,8,6,8,7,6,8,5,9,6,9,6,10,5,11,5,12,5,13,4,14,4,14,4,16,5,16,6,17,6,17,6,17,6,18,7,19,8,19,9,17,11,16,12,0,0,0,0,0,0,0,0,0,0,0,0,0,0,0,0,0,0,0,0,0,0,-1,5,-1,5,-2,6,-3,7,-4,7,-5,8,-5,7,-5,7,-5,7,-6,7,-6,7,-6,7,-5,7,-5,7,-5,6,-5,6,-4,6,-4,7,-3,7,-2,8,-1,9,1,8,1,8,1,10,2,10,3,9]"
[0;32mI (37948) ftm_responder: Counter = 38[0m
CSI_DATA,206,1a:00:00:00:00:00,-72,11,0,0,0,0,0,0,0,0,0,-91,0,1,0,38055512,0,31,0,128,0,"[0,0,7,-4,7,-5,8,-6,5,-7,2,-7,3,-8,5,-8,5,-9,3,-10,0,-12,-2,-15,-2,-15,-1,-14,-1,-15,-2,-16,-4,-17,-4,-18,-3,-19,-3,-20,-2,-22,-1,-23,-2,-23,-2,-23,-1,-22,1,-23,3,-25,0,0,0,0,0,0,0,0,0,0,0,0,0,0,0,0,0,0,0,0,0,0,5,3,5,4,6,5,6,6,6,6,7,7,6,7,6,8,5,8,5,9,5,9,5,8,6,7,5,7,4,6,4,5,5,5,5,5,5,5,5,3,5,1,6,1,6,1,5,0,5,0,5,-1]"
CSI_DATA,207,1a:00:00:00:00:00,-73,11,0,0,0,0,0,0,0,0,0,-91,0,1,0,38115796,0,42,0,128,0,"[0,0,-2,-7,-4,-7,-6,-6,-7,-5,-7,-4,-9,-3,-9,-2,-8,-2,-7,-1,-8,1,-9,3,-9,4,-10,5,-11,6,-12,7,-13,8,-14,9,-14,9,-15,11,-16,12,-17,12,-17,12,-17,10,-17,10,-20,9,-22,7,0,0,0,0,0,0,0,0,0,0,0,0,0,0,0,0,0,0,0,0,0,0,4,-5,5,-5,6,-6,6,-6,7,-6,9,-6,9,-6,9,-6,9,-6,9,-6,9,-6,8,-6,8,-6,8,-6,7,-7,6,-6,5,-7,4,-8,4,-7,3,-7,2,-8,1,-8,1,-7,0,-6,-1,-6,-1,-7]"
CSI_DATA,208,1a:00:00:00:00:00,-73,11,0,0,0,0,0,0,0,0,0,-91,0,1,0,38188981,0,31,0,128,0,"[0,0,7,0,8,-2,8,-4,6,-3,6,-3,6,-5,3,-8,-1,-8,0,-7,2,-9,1,-9,0,-9,1,-11,0,-15,-3,-16,-5,-16,-4,-17,-3,-17,-5,-18,-5,-19,-4,-20,-2,-23,2,-25,5,-23,6,-22,5,-21,0,0,0,0,0,0,0,0,0,0,0,0,0,0,0,0,0,0,0,0,0,0,8,2,9,2,9,3,9,4,10,5,10,6,10,7,10,8,10,9,10,10,9,10,9,9,9,8,9,8,8,7,8,6,8,5,9,4,9,4,9,4,9,2,8,2,7,2,6,3,7,3,8,2]"
CSI_DATA,209,1a:00:00:00:00:00,-73,11,0,0,0,0,0,0,0,0,0,-91,0,1,0,38389193,0,31,0,128,0,"[0,0,-5,-2,-4,1,-3,0,-3,-2,-2,-1,2,2,3,2,2,1,4,-1,5,2,5,4,6,5,5,5,5,3,7,2,8,4,12,5,16,4,14,3,13,1,13,-1,15,2,19,8,18,8,18,5,19,8,0,0,0,0,0,0,0,0,0,0,0,0,0,0,0,0,0,0,0,0,0,0,-6,-7,-7,-7,-8,-7,-9,-8,-10,-9,-10,-10,-10,-10,-10,-10,-10,-11,-9,-12,-9,-12,-9,-11,-10,-10,-9,-9,-9,-8,-9,-8,-10,-7,-10,-6,-11,-5,-11,-4,-10,-3,-9,-4,-9,-5,-9,-4,-9,-3,-10,-2]"
CSI_DATA,210,1a:00:00:00:00:00,-74,11,0,0,0,0,0,0,0,0,0,-91,0,1,0,38594169,0,31,0,128,0,"[0,0,-6,-9,-6,-8,-5,-8,-6,-7,-8,-2,-5,1,-2,2,-3,4,-2,5,-1,3,-3,4,-4,7,-3,7,-3,8,-4,11,-3,13,-2,13,-3,15,-5,17,-7,17,-7,18,-7,18,-10,19,-12,20,-12,18,-14,16,0,0,0,0,0,0,0,0,0,0,0,0,0,0,0,0,0,0,0,0,0,0,-7,-8,-6,-9,-7,-11,-7,-12,-7,-13,-7,-15,-6,-16,-5,-16,-5,-16,-4,-17,-3,-17,-4,-17,-4,-16,-4,-15,-5,-14,-5,-15,-6,-14,-6,-13,-7,-12,-6,-12,-5,-11,-5,-9,-6,-8,-7,-8,-8,-8,-8,-8]"
CSI_DATA,211,1a:00:00:00:00:00,-75,11,0,0,0,0,0,0,0,0,0,-91,0,1,0,38790106,0,31,0,128,0,"[0,0,-1,-10,-2,-11,-2,-10,-2,-7,-3,-5,-4,-4,-4,-3,-4,-2,-4,-1,-5,0,-7,1,-7,2,-8,5,-9,7,-10,9,-11,10,-12,12,-12,13,-13,13,-14,12,-15,11,-16,11,-18,12,-20,11,-22,11,-23,10,0,0,0,0,0,0,0,0,0,0,0,0,0,0,0,0,0,0,0,0,0,0,5,-8,6,-9,7,-10,8,-10,9,-10,10,-10,11,-10,12,-10,12,-10,12,-11,13,-11,12,-10,11,-10,10,-11,10,-12,10,-12,9,-12,8,-12,7,-11,6,-12,5,-13,5,-13,3,-12,2,-9,2,-8,1,-11]"
[0;32mI (38948) ftm_responder: Counter = 39[0m
CSI_DATA,212,1a:00:00:00:00:00,-74,11,0,0,0,0,0,0,0,0,0,-91,0,1,0,38990328,0,31,0,128,0,"[0,0,-4,0,-4,1,-9,-1,-13,1,-9,3,-5,5,-3,8,-1,4,2,-2,2,1,0,3,0,1,4,3,5,6,5,7,6,7,8,8,12,8,15,9,13,10,9,13,8,13,8,12,9,17,10,21,10,20,0,0,0,0,0,0,0,0,0,0,0,0,0,0,0,0,0,0,0,0,0,0,-8,2,-9,3,-10,3,-11,3,-12,1,-13,1,-14,1,-14,1,-15,-1,-15,-1,-14,-1,-14,-1,-13,-2,-14,-2,-14,-2,-13,-1,-13,-1,-13,-2,-11,-1,-9,-1,-10,0,-11,1,-11,2,-10,4,-10,4,-11,3]"
CSI_DATA,213,1a:00:00:00:00:00,-75,11,0,0,0,0,0,0,0,0,0,-91,0,1,0,39195771,0,31,0,128,0,"[0,0,3,7,5,3,2,3,-1,3,1,2,4,1,5,-1,6,-3,4,-2,3,-3,3,-5,3,-5,4,-5,4,-6,5,-8,4,-9,4,-10,4,-11,4,-12,4,-14,5,-15,8,-15,10,-15,11,-15,11,-14,12,-13,0,0,0,0,0,0,0,0,0,0,0,0,0,0,0,0,0,0,0,0,0,0,-2,6,-3,8,-3,8,-3,9,-4,10,-5,11,-5,10,-5,10,-6,10,-7,10,-8,10,-8,10,-7,11,-6,11,-6,11,-5,10,-3,9,-2,9,-2,8,-1,9,2,10,2,11,0,10,0,7,1,3,3,4]"
CSI_DATA,214,1a:00:00:00:00:00,-75,11,0,0,0,0,0,0,0,0,0,-91,0,1,0,39394213,0,31,0,128,0,"[0,0,-5,-6,-6,-6,-4,-6,-3,-7,-4,-7,-5,-5,-5,-2,-5,1,-6,1,-8,-2,-8,-1,-7,1,-6,2,-8,2,-9,4,-9,4,-8,4,-8,6,-11,7,-12,7,-11,6,-12,7,-15,9,-17,10,-17,8,-17,7,0,0,0,0,0,0,0,0,0,0,0,0,0,0,0,0,0,0,0,0,0,0,3,-7,3,-8,4,-9,4,-10,5,-10,6,-10,6,-10,7,-10,7,-10,8,-10,8,-10,8,-10,7,-10,6,-10,6,-10,5,-10,5,-10,3,-9,2,-9,2,-10,2,-11,2,-10,1,-9,0,-9,1,-9,1,-9]"
CSI_DATA,215,1a:00:00:00:00:00,-74,11,0,0,0,0,0,0,0,0,0,-91,0,1,0,39593618,0,31,0,128,0,"[0,0,7,-5,6,-7,4,-8,4,-8,3,-6,4,-5,5,-6,2,-7,-2,-5,-3,-4,-2,-7,-2,-10,-6,-11,-6,-11,-4,-12,-3,-14,-3,-15,-4,-15,-6,-16,-7,-16,-4,-18,1,-21,2,-24,0,-22,0,-21,3,-24,0,0,0,0,0,0,0,0,0,0,0,0,0,0,0,0,0,0,0,0,0,0,8,-2,8,-2,9,-3,10,-3,12,-2,13,-1,13,0,14,0,14,1,13,2,13,3,13,4,12,5,12,4,13,2,12,0,9,-1,9,1,9,1,10,0,10,-1,9,-1,9,-1,8,-2,9,-2,9,-2]"
CSI_DATA,216,1a:00:00:00:00:00,-75,11,0,0,0,0,0,0,0,0,0,-91,0,1,0,39654019,0,42,0,128,0,"[0,0,-6,-5,-6,-4,-6,-3,-5,-3,-5,-3,-5,-2,-7,-1,-8,1,-7,1,-6,2,-5,3,-5,4,-5,5,-6,6,-7,6,-8,7,-9,8,-10,10,-11,11,-13,11,-15,10,-16,10,-15,11,-15,9,-17,7,-19,8,0,0,0,0,0,0,0,0,0,0,0,0,0,0,0,0,0,0,0,0,0,0,-3,-7,-4,-7,-5,-8,-5,-9,-5,-10,-5,-11,-4,-12,-4,-13,-3,-13,-2,-12,-2,-12,-3,-12,-2,-12,-3,-13,-3,-12,-3,-11,-2,-11,-3,-11,-3,-10,-4,-8,-5,-7,-5,-7,-5,-8,-5,-7,-5,-7,-6,-7]"
CSI_DATA,217,1a:00:00:00:00:00,-75,11,0,0,0,0,0,0,0,0,0,-91,0,1,0,39720923,0,31,0,128,0,"[0,0,-4,4,-6,3,-6,4,-6,7,-4,8,-1,6,0,6,1,9,0,8,-2,6,0,5,3,5,4,6,6,7,11,8,13,8,12,9,11,10,13,10,13,12,14,13,14,13,14,15,12,17,10,17,11,19,0,0,0,0,0,0,0,0,0,0,0,0,0,0,0,0,0,0,0,0,0,0,-8,0,-9,1,-11,1,-12,1,-12,1,-14,0,-16,-1,-16,-2,-16,-3,-16,-2,-15,-2,-14,-2,-13,-2,-13,-1,-12,-1,-9,-1,-9,-1,-11,0,-11,1,-10,2,-11,4,-12,4,-11,5,-10,5,-8,5,-6,5]"
CSI_DATA,218,1a:00:00:00:00:00,-74,11,0,0,0,0,0,0,0,0,0,-91,0,1,0,39835590,0,28,0,128,0,"[0,0,-5,5,-7,5,-7,5,-4,6,-2,5,-2,4,-2,5,-2,4,0,4,1,6,3,7,4,7,6,8,10,7,12,9,13,8,15,6,16,5,19,6,19,10,16,13,17,12,14,14,12,19,14,22,14,22,0,0,0,0,0,0,0,0,0,0,0,0,0,0,0,0,0,0,0,0,0,0,-8,-4,-9,-4,-10,-5,-12,-5,-13,-6,-14,-7,-15,-6,-15,-7,-14,-8,-13,-9,-13,-9,-13,-8,-12,-7,-12,-6,-13,-6,-13,-5,-14,-4,-12,-4,-10,-4,-9,-2,-10,-1,-10,1,-9,2,-9,1,-9,2,-9,3]"
CSI_DATA,219,1a:00:00:00:00:00,-75,11,0,0,0,0,0,0,0,0,0,-91,0,1,0,39925216,0,31,0,128,0,"[0,0,-2,5,-1,8,1,8,3,5,1,5,0,6,3,8,6,7,4,5,2,2,4,1,9,1,11,0,11,1,11,3,13,2,15,2,17,3,17,4,17,5,18,5,18,6,20,7,21,8,21,9,20,11,0,0,0,0,0,0,0,0,0,0,0,0,0,0,0,0,0,0,0,0,0,0,-6,2,-8,3,-9,4,-10,4,-11,4,-12,3,-13,3,-14,2,-13,2,-12,2,-12,2,-12,3,-12,3,-12,2,-12,3,-11,4,-11,4,-11,4,-10,4,-9,5,-8,5,-6,5,-5,6,-4,7,-4,7,-5,6]"
[0;32mI (39948) ftm_responder: Counter = 40[0m
CSI_DATA,220,1a:00:00:00:00:00,-75,11,0,0,0,0,0,0,0,0,0,-91,0,1,0,40121685,0,31,0,128,0,"[0,0,0,-9,-1,-8,-2,-5,-3,-4,-4,-6,-5,-6,-7,-6,-8,-4,-9,-4,-9,-3,-10,-1,-11,1,-11,0,-11,1,-13,2,-14,2,-15,2,-16,4,-18,6,-20,6,-21,6,-22,6,-23,3,-25,2,-25,0,-24,-2,0,0,0,0,0,0,0,0,0,0,0,0,0,0,0,0,0,0,0,0,0,0,7,-1,7,-1,8,-1,9,-2,11,-1,12,-1,12,-1,12,-1,12,-1,12,-1,12,-1,12,-1,12,-2,11,-2,10,-2,10,-2,10,-4,9,-5,9,-6,9,-7,7,-7,5,-7,3,-7,3,-9,3,-10,3,-9]"
CSI_DATA,221,1a:00:00:00:00:00,-74,11,0,0,0,0,0,0,0,0,0,-91,0,1,0,40324230,0,31,0,128,0,"[0,0,-10,-3,-10,-3,-10,-3,-10,-1,-9,0,-8,0,-8,-1,-8,0,-8,3,-8,5,-8,6,-8,7,-6,9,-4,11,-5,12,-6,14,-6,15,-7,17,-9,17,-10,16,-11,17,-12,18,-13,20,-14,21,-16,20,-17,19,0,0,0,0,0,0,0,0,0,0,0,0,0,0,0,0,0,0,0,0,0,0,-1,-7,-2,-8,-2,-9,-3,-10,-3,-11,-3,-12,-3,-13,-2,-13,-1,-13,-1,-13,-2,-13,-2,-14,-2,-13,-3,-12,-3,-12,-3,-12,-4,-11,-4,-11,-3,-10,-3,-10,-5,-9,-5,-9,-5,-7,-5,-6,-5,-5,-5,-5]"
CSI_DATA,222,1a:00:00:00:00:00,-75,11,0,0,0,0,0,0,0,0,0,-91,0,1,0,40525218,0,31,0,128,0,"[0,0,3,-1,4,0,6,-3,4,-8,2,-10,6,-7,9,-6,7,-8,8,-9,8,-11,5,-12,4,-12,5,-13,6,-11,5,-12,5,-14,6,-16,5,-18,5,-20,9,-21,13,-19,17,-19,17,-23,15,-26,16,-24,20,-22,0,0,0,0,0,0,0,0,0,0,0,0,0,0,0,0,0,0,0,0,0,0,4,4,4,5,4,6,4,6,5,6,5,7,4,8,5,9,4,10,4,12,5,12,5,11,5,10,4,9,3,8,3,7,3,7,1,8,2,7,6,3,7,0,4,1,3,4,4,6,6,5,10,4]"
CSI_DATA,223,1a:00:00:00:00:00,-75,11,0,0,0,0,0,0,0,0,0,-91,0,1,0,40725540,0,31,0,128,0,"[0,0,-6,-5,-6,-5,-5,-4,-5,-3,-8,-2,-9,-2,-8,-4,-9,-2,-8,0,-8,-1,-12,1,-15,3,-13,5,-11,7,-12,7,-15,6,-18,5,-19,2,-20,3,-22,7,-21,9,-23,5,-26,3,-26,4,-26,3,-25,1,0,0,0,0,0,0,0,0,0,0,0,0,0,0,0,0,0,0,0,0,0,0,1,-5,1,-6,1,-7,1,-8,2,-9,2,-10,3,-10,3,-10,4,-10,4,-9,4,-10,4,-10,4,-9,3,-9,3,-9,2,-9,2,-9,2,-9,2,-9,3,-8,2,-7,0,-8,-2,-8,-4,-7,-4,-7,-4,-8]"
CSI_DATA,224,1a:00:00:00:00:00,-73,11,0,0,0,0,0,0,0,0,0,-91,0,1,0,40926421,0,31,0,128,0,"[0,0,8,0,9,-3,10,-5,8,-5,7,-5,8,-7,7,-8,6,-8,7,-8,6,-9,4,-12,3,-12,4,-12,4,-14,4,-15,3,-16,4,-18,4,-21,5,-23,5,-23,5,-22,7,-22,9,-22,11,-22,14,-22,16,-22,0,0,0,0,0,0,0,0,0,0,0,0,0,0,0,0,0,0,0,0,0,0,3,0,4,0,5,1,5,1,6,1,7,2,8,3,9,4,9,4,9,5,8,6,8,6,7,6,7,5,8,5,9,4,9,3,9,3,9,2,9,0,9,0,9,0,9,-1,8,-1,8,0,9,-2]"
[0;32mI (40948) ftm_responder: Counter = 41[0m
CSI_DATA,225,1a:00:00:00:00:00,-73,11,0,0,0,0,0,0,0,0,0,-91,0,1,0,41127640,0,31,0,128,0,"[0,0,8,0,8,0,7,-1,7,-3,9,-5,9,-4,10,-3,10,-4,9,-7,7,-8,7,-10,6,-12,6,-13,8,-13,9,-14,9,-15,9,-16,10,-16,11,-16,12,-17,13,-18,13,-17,13,-17,14,-16,15,-14,15,-13,0,0,0,0,0,0,0,0,0,0,0,0,0,0,0,0,0,0,0,0,0,0,0,-3,0,-2,1,-1,1,0,0,0,0,1,-1,1,0,2,0,2,0,3,0,2,-1,2,0,2,1,2,2,2,1,2,1,1,2,1,2,1,2,1,3,1,3,1,4,0,6,0,8,0,8,0]"
CSI_DATA,226,1a:00:00:00:00:00,-75,11,0,0,0,0,0,0,0,0,0,-91,0,1,0,41188141,0,42,0,128,0,"[0,0,-9,0,-10,1,-10,0,-10,1,-10,2,-10,2,-11,4,-11,6,-10,7,-10,7,-11,8,-11,10,-11,12,-11,14,-10,16,-11,17,-12,18,-13,20,-13,21,-13,22,-14,22,-16,22,-19,22,-22,21,-24,22,-23,22,0,0,0,0,0,0,0,0,0,0,0,0,0,0,0,0,0,0,0,0,0,0,1,4,2,4,3,3,3,2,3,2,3,2,4,1,4,1,3,1,3,1,3,1,3,0,3,-1,3,-1,3,0,2,-1,1,-1,0,-1,0,-2,-1,-2,-2,-2,-3,-2,-5,-1,-6,-1,-5,-1,-5,-1]"
CSI_DATA,227,1a:00:00:00:00:00,-77,11,0,0,0,0,0,0,0,0,0,-91,0,1,0,41256807,0,31,0,128,0,"[0,0,-5,3,-2,4,-3,7,-4,9,-3,7,-1,6,0,7,0,7,2,8,3,8,3,7,5,7,6,6,9,6,12,8,14,9,16,10,19,11,20,12,21,13,20,14,19,15,18,15,19,14,20,15,20,18,0,0,0,0,0,0,0,0,0,0,0,0,0,0,0,0,0,0,0,0,0,0,4,0,4,-1,4,-2,5,-4,5,-4,4,-4,4,-4,4,-5,4,-5,4,-6,3,-6,3,-5,2,-5,2,-5,2,-5,1,-5,1,-5,1,-4,0,-3,-2,-3,-4,-1,-3,-1,-2,-2,-3,-1,-3,1,-4,3]"
CSI_DATA,228,1a:00:00:00:00:00,-77,11,0,0,0,0,0,0,0,0,0,-91,0,1,0,41461204,0,31,0,128,0,"[0,0,4,5,1,2,2,-2,5,-2,6,1,7,2,8,1,8,-2,9,-1,9,-1,10,-5,10,-7,12,-7,14,-9,13,-10,13,-11,15,-12,17,-14,19,-15,20,-16,21,-16,21,-16,21,-17,22,-17,25,-16,27,-15,0,0,0,0,0,0,0,0,0,0,0,0,0,0,0,0,0,0,0,0,0,0,-3,-7,-4,-6,-4,-6,-4,-6,-5,-6,-5,-5,-7,-5,-7,-5,-7,-5,-7,-5,-8,-4,-8,-3,-7,-3,-7,-2,-7,-2,-6,-1,-6,-1,-5,0,-5,1,-5,2,-4,1,-3,2,-2,4,-1,5,0,5,1,6]"
CSI_DATA,229,1a:00:00:00:00:00,-74,11,0,0,0,0,0,0,0,0,0,-91,0,1,0,41666188,0,31,0,128,0,"[0,0,-7,-5,-6,-10,-4,-11,-3,-8,-4,-6,-9,-5,-11,-4,-10,-2,-10,0,-11,2,-12,3,-13,4,-13,4,-14,6,-15,7,-15,8,-16,9,-18,10,-20,9,-22,10,-25,10,-26,9,-26,10,-26,11,-27,10,-28,8,0,0,0,0,0,0,0,0,0,0,0,0,0,0,0,0,0,0,0,0,0,0,3,-2,5,-3,5,-3,6,-4,6,-5,8,-5,8,-5,8,-6,9,-6,8,-6,8,-6,8,-6,7,-6,7,-6,6,-6,5,-7,5,-7,4,-7,2,-8,2,-8,2,-10,1,-10,-1,-9,-2,-9,-2,-8,-3,-7]"
CSI_DATA,230,1a:00:00:00:00:00,-74,11,0,0,0,0,0,0,0,0,0,-91,0,1,0,41862077,0,31,0,128,0,"[0,0,-9,-6,-9,-5,-9,-4,-9,-3,-10,-2,-11,-2,-10,-2,-9,-2,-10,-1,-10,1,-9,2,-9,3,-11,6,-11,8,-11,10,-11,11,-12,12,-14,13,-15,14,-16,14,-17,14,-18,13,-19,12,-22,12,-24,11,-25,11,0,0,0,0,0,0,0,0,0,0,0,0,0,0,0,0,0,0,0,0,0,0,-3,-4,-3,-5,-3,-6,-3,-7,-2,-9,-2,-10,-2,-11,-2,-11,-1,-11,-1,-12,-1,-11,-1,-11,-2,-10,-3,-10,-3,-11,-3,-11,-3,-10,-3,-9,-4,-9,-4,-8,-6,-8,-7,-6,-7,-7,-6,-7,-7,-7,-9,-6]"
[0;32mI (41948) ftm_responder: Counter = 42[0m
CSI_DATA,231,1a:00:00:00:00:00,-72,11,0,0,0,0,0,0,0,0,0,-91,0,1,0,42061526,0,31,0,128,0,"[0,0,-8,-9,-8,-8,-11,-5,-9,-4,-5,-3,-4,-2,-4,-2,-5,0,-8,0,-9,0,-8,0,-8,2,-9,4,-11,6,-12,7,-11,8,-12,9,-12,10,-13,10,-14,11,-14,13,-15,12,-17,10,-17,7,-18,7,-19,6,0,0,0,0,0,0,0,0,0,0,0,0,0,0,0,0,0,0,0,0,0,0,-1,-5,0,-6,-1,-7,-1,-8,0,-9,0,-9,0,-9,0,-10,0,-10,0,-10,-1,-11,-1,-11,-1,-10,-1,-10,-1,-9,-2,-9,-3,-9,-3,-9,-3,-10,-5,-10,-6,-11,-7,-10,-7,-8,-8,-8,-10,-11,-11,-10]"
CSI_DATA,232,1a:00:00:00:00:00,-73,11,0,0,0,0,0,0,0,0,0,-91,0,1,0,42262039,0,31,0,128,0,"[0,0,7,10,6,8,8,6,9,5,10,3,10,4,10,4,9,4,11,3,12,2,11,0,10,-2,10,-4,10,-5,13,-6,14,-5,13,-6,14,-6,15,-7,17,-9,19,-9,20,-7,20,-6,22,-5,24,-5,25,-3,0,0,0,0,0,0,0,0,0,0,0,0,0,0,0,0,0,0,0,0,0,0,1,4,1,5,1,6,1,7,1,8,1,8,1,9,1,9,0,10,0,10,0,11,0,10,0,10,0,10,2,9,2,8,2,8,3,8,4,10,4,10,3,8,3,6,4,5,6,7,6,8,6,9]"
CSI_DATA,233,1a:00:00:00:00:00,-73,11,0,0,0,0,0,0,0,0,0,-91,0,1,0,42462495,0,31,0,128,0,"[0,0,-5,-8,-6,-8,-6,-8,-7,-7,-7,-6,-8,-5,-9,-5,-9,-5,-8,-5,-10,-3,-11,-2,-12,-1,-12,0,-12,1,-15,2,-16,2,-15,2,-17,2,-18,3,-21,3,-22,2,-21,0,-21,0,-23,-1,-24,-3,-23,-4,0,0,0,0,0,0,0,0,0,0,0,0,0,0,0,0,0,0,0,0,0,0,3,-5,2,-6,2,-7,3,-7,3,-8,4,-8,4,-9,5,-9,5,-9,5,-9,5,-9,4,-9,4,-9,5,-9,5,-8,4,-8,2,-9,1,-8,1,-8,0,-7,0,-7,-1,-8,-3,-9,-2,-9,-2,-9,-2,-11]"
CSI_DATA,234,1a:00:00:00:00:00,-72,11,0,0,0,0,0,0,0,0,0,-91,0,1,0,42663629,0,31,0,128,0,"[0,0,4,7,4,8,4,7,5,6,5,5,5,7,6,7,5,4,5,1,6,2,9,2,11,1,11,1,12,-2,14,-4,14,-5,14,-6,14,-7,14,-6,17,-6,19,-7,22,-8,21,-6,20,-1,22,2,22,4,0,0,0,0,0,0,0,0,0,0,0,0,0,0,0,0,0,0,0,0,0,0,-4,3,-4,4,-5,4,-6,5,-6,6,-6,6,-7,6,-7,6,-7,6,-7,6,-8,6,-8,7,-8,7,-7,6,-6,5,-5,7,-4,8,-4,9,-3,8,-2,8,-2,9,-1,8,0,8,1,8,2,9,2,10]"
CSI_DATA,235,1a:00:00:00:00:00,-72,11,0,0,0,0,0,0,0,0,0,-91,0,1,0,42724133,0,42,0,128,0,"[0,0,0,-10,1,-10,0,-10,-1,-10,-1,-10,-1,-9,-2,-10,-2,-11,-3,-11,-5,-9,-5,-9,-5,-10,-7,-10,-9,-9,-10,-9,-12,-10,-13,-12,-14,-12,-14,-12,-15,-14,-15,-15,-15,-16,-15,-19,-14,-20,-13,-20,-12,-20,0,0,0,0,0,0,0,0,0,0,0,0,0,0,0,0,0,0,0,0,0,0,4,-3,4,-3,4,-4,5,-4,6,-5,7,-4,8,-4,8,-4,8,-5,7,-4,7,-4,7,-4,7,-5,7,-5,7,-5,7,-5,6,-6,6,-6,5,-6,5,-8,5,-9,5,-9,4,-9,3,-9,3,-10,3,-11]"
CSI_DATA,236,1a:00:00:00:00:00,-72,11,0,0,0,0,0,0,0,0,0,-91,0,1,0,42791465,0,31,0,128,0,"[0,0,-12,3,-9,3,-8,5,-9,4,-11,4,-8,5,-7,8,-6,9,-6,9,-6,9,-6,10,-6,10,-5,11,-5,13,-5,14,-5,12,-3,10,-3,13,-7,18,-10,20,-8,19,-8,18,-11,18,-12,20,-10,18,-12,15,0,0,0,0,0,0,0,0,0,0,0,0,0,0,0,0,0,0,0,0,0,0,-3,-2,-4,-2,-5,-2,-5,-2,-7,-2,-7,-4,-8,-5,-8,-4,-8,-4,-7,-4,-7,-5,-8,-5,-9,-4,-7,-3,-6,-4,-7,-4,-8,-3,-9,-2,-8,0,-8,-1,-10,-2,-10,0,-9,0,-9,0,-10,0,-10,1]"
[0;32mI (42948) ftm_responder: Counter = 43[0m
CSI_DATA,237,1a:00:00:00:00:00,-72,11,0,0,0,0,0,0,0,0,0,-91,0,1,0,42997938,0,31,0,128,0,"[0,0,-3,14,-4,14,-5,11,-4,10,-2,10,-2,10,-1,10,2,10,3,8,4,7,4,9,3,7,4,6,7,9,9,11,10,9,12,9,16,12,17,14,15,14,12,17,11,20,12,21,12,21,10,21,11,20,0,0,0,0,0,0,0,0,0,0,0,0,0,0,0,0,0,0,0,0,0,0,-3,4,-3,5,-4,6,-5,6,-5,7,-6,8,-7,8,-8,8,-9,8,-10,8,-10,8,-10,8,-10,8,-9,9,-8,8,-8,9,-8,8,-8,8,-7,9,-7,9,-7,10,-6,11,-5,11,-5,13,-5,14,-4,13]"
CSI_DATA,238,1a:00:00:00:00:00,-72,11,0,0,0,0,0,0,0,0,0,-91,0,1,0,43202572,0,31,0,128,0,"[0,0,12,-1,9,-3,9,-3,9,-3,8,-4,6,-6,6,-8,7,-7,7,-6,5,-7,4,-8,5,-9,4,-10,2,-12,2,-14,3,-14,3,-14,5,-16,6,-19,6,-20,6,-20,7,-20,8,-20,10,-19,13,-20,14,-22,0,0,0,0,0,0,0,0,0,0,0,0,0,0,0,0,0,0,0,0,0,0,4,0,5,0,6,1,7,1,8,1,9,2,9,3,9,4,10,4,10,4,10,4,10,5,10,5,10,4,10,4,10,3,10,3,11,2,11,2,10,2,9,1,9,-1,10,-2,10,-1,10,0,11,0]"
CSI_DATA,239,1a:00:00:00:00:00,-74,11,0,0,0,0,0,0,0,0,0,-91,0,1,0,43404291,0,31,0,128,0,"[0,0,-4,-5,-6,-5,-7,-5,-7,-4,-6,-4,-6,-3,-7,-1,-8,-2,-7,-2,-7,-2,-7,0,-8,1,-10,2,-11,2,-11,3,-10,5,-9,4,-14,3,-21,3,-22,2,-19,2,-20,1,-22,-1,-22,-1,-22,1,-21,1,0,0,0,0,0,0,0,0,0,0,0,0,0,0,0,0,0,0,0,0,0,0,3,-2,2,-3,1,-3,1,-4,2,-5,3,-5,3,-5,3,-5,3,-5,4,-5,4,-5,4,-6,4,-6,3,-5,3,-5,3,-4,3,-6,2,-7,1,-6,-1,-6,-1,-5,0,-5,0,-4,-3,-5,-4,-7,-3,-6]"
CSI_DATA,240,1a:00:00:00:00:00,-76,11,0,0,0,0,0,0,0,0,0,-91,0,1,0,43598864,0,31,0,128,0,"[0,0,10,1,5,3,1,2,0,0,2,-3,3,-4,3,-6,-2,-7,-7,-6,-6,-6,-3,-4,-3,-3,-5,-3,-9,-3,-11,-4,-11,-3,-12,0,-13,2,-14,1,-15,1,-17,-1,-16,-2,-14,0,-15,2,-18,1,-17,-3,0,0,0,0,0,0,0,0,0,0,0,0,0,0,0,0,0,0,0,0,0,0,-6,0,-7,1,-8,1,-8,2,-9,3,-9,4,-9,4,-8,5,-8,6,-8,6,-8,7,-8,7,-6,8,-5,8,-4,7,-3,7,-3,7,-2,6,0,6,3,6,4,6,4,3,4,0,4,2,6,7,8,6]"
CSI_DATA,241,1a:00:00:00:00:00,-72,11,0,0,0,0,0,0,0,0,0,-91,0,1,0,43797437,0,31,0,128,0,"[0,0,-1,-10,0,-7,1,-6,1,-7,-1,-8,-4,-9,-4,-7,-3,-6,-5,-7,-7,-7,-9,-6,-10,-6,-11,-5,-10,-4,-9,-5,-10,-7,-10,-7,-12,-5,-16,-7,-17,-10,-16,-12,-16,-11,-16,-10,-16,-10,-16,-13,-16,-14,0,0,0,0,0,0,0,0,0,0,0,0,0,0,0,0,0,0,0,0,0,0,4,-3,5,-3,5,-2,6,-3,7,-4,8,-5,8,-4,7,-4,8,-4,7,-4,7,-4,8,-5,8,-5,6,-7,5,-7,4,-5,5,-5,5,-4,5,-4,6,-6,5,-8,2,-8,2,-7,3,-8,3,-9,3,-8]"
[0;32mI (43948) ftm_responder: Counter = 44[0m
CSI_DATA,242,1a:00:00:00:00:00,-71,11,0,0,0,0,0,0,0,0,0,-91,0,1,0,43998682,0,31,0,128,0,"[0,0,-13,5,-13,6,-12,6,-10,6,-9,6,-9,7,-8,8,-6,8,-6,7,-7,5,-7,6,-6,9,-5,10,-5,10,-4,11,-6,12,-7,12,-7,13,-8,14,-9,16,-9,16,-10,15,-10,15,-11,16,-13,15,-14,14,0,0,0,0,0,0,0,0,0,0,0,0,0,0,0,0,0,0,0,0,0,0,-3,3,-4,4,-5,4,-6,4,-8,4,-8,4,-8,3,-8,3,-10,2,-10,2,-11,1,-11,0,-11,0,-11,2,-10,3,-9,3,-9,3,-11,4,-11,5,-11,4,-10,4,-12,5,-12,5,-11,4,-10,5,-10,5]"
CSI_DATA,243,1a:00:00:00:00:00,-70,11,0,0,0,0,0,0,0,0,0,-91,0,1,0,44199335,0,31,0,128,0,"[0,0,-8,11,-7,11,-7,9,-7,8,-6,9,-6,10,-5,10,-4,11,-3,12,-2,12,0,11,1,11,-1,12,-1,12,2,12,2,12,1,14,1,15,2,13,2,13,1,15,-1,15,-1,16,0,18,-1,19,-2,17,0,0,0,0,0,0,0,0,0,0,0,0,0,0,0,0,0,0,0,0,0,0,-1,4,-2,5,-3,7,-3,7,-5,6,-6,6,-7,7,-7,7,-8,7,-8,7,-9,7,-9,7,-9,8,-9,7,-9,7,-10,9,-10,8,-10,7,-9,7,-8,8,-8,10,-8,10,-8,11,-8,12,-8,12,-8,11]"
CSI_DATA,244,1a:00:00:00:00:00,-71,11,0,0,0,0,0,0,0,0,0,-91,0,1,0,44259747,0,42,0,128,0,"[0,0,-4,-15,-4,-15,-3,-15,-3,-14,-4,-14,-4,-13,-3,-12,-4,-12,-5,-11,-6,-10,-6,-11,-7,-11,-8,-9,-8,-8,-10,-8,-11,-9,-11,-9,-12,-9,-13,-10,-12,-10,-11,-11,-11,-11,-12,-11,-12,-11,-12,-13,-12,-16,0,0,0,0,0,0,0,0,0,0,0,0,0,0,0,0,0,0,0,0,0,0,-3,-4,-3,-5,-3,-6,-2,-8,-2,-9,-1,-10,-1,-11,0,-11,0,-11,1,-11,1,-11,1,-11,1,-12,1,-12,1,-12,1,-12,1,-12,2,-13,1,-13,0,-14,0,-13,-1,-13,-1,-13,-1,-14,-1,-14,-1,-14]"
CSI_DATA,245,1a:00:00:00:00:00,-71,11,0,0,0,0,0,0,0,0,0,-91,0,1,0,44329191,0,31,0,128,0,"[0,0,-6,9,-5,7,-2,7,-2,7,-3,8,-1,9,1,7,2,7,2,8,3,6,4,6,3,7,2,5,4,3,4,4,5,6,5,7,4,9,5,10,5,11,5,11,4,11,4,12,3,12,2,13,2,13,0,0,0,0,0,0,0,0,0,0,0,0,0,0,0,0,0,0,0,0,0,0,2,2,2,3,3,3,2,4,2,5,1,6,1,7,1,7,0,8,0,8,0,7,0,7,-2,7,-3,7,0,7,1,7,0,8,-2,8,-2,9,0,10,1,9,0,7,0,9,-2,8,-4,8,-3,13]"
CSI_DATA,246,1a:00:00:00:00:00,-71,11,0,0,0,0,0,0,0,0,0,-91,0,1,0,44529604,0,31,0,128,0,"[0,0,8,-10,8,-10,8,-10,7,-10,6,-10,6,-10,5,-10,4,-10,3,-10,2,-10,1,-10,0,-11,-1,-11,-1,-12,-2,-13,-3,-14,-5,-14,-6,-14,-5,-15,-3,-15,-1,-13,1,-13,1,-15,0,-17,2,-16,5,-18,0,0,0,0,0,0,0,0,0,0,0,0,0,0,0,0,0,0,0,0,0,0,0,-5,1,-6,2,-6,3,-6,4,-7,4,-7,5,-7,6,-7,7,-7,7,-7,6,-8,7,-8,7,-7,7,-7,8,-7,8,-7,8,-8,8,-8,8,-8,8,-8,8,-9,8,-9,8,-10,8,-10,8,-9,8,-9]"
CSI_DATA,247,1a:00:00:00:00:00,-71,11,0,0,0,0,0,0,0,0,0,-91,0,1,0,44738658,0,31,0,128,0,"[0,0,-2,13,-3,12,-4,11,-2,11,0,10,-1,10,-1,11,0,11,1,8,2,8,4,9,5,9,6,9,8,9,9,9,9,9,10,9,12,9,13,9,13,11,14,11,14,12,14,12,13,13,12,14,10,17,0,0,0,0,0,0,0,0,0,0,0,0,0,0,0,0,0,0,0,0,0,0,0,4,-1,4,-1,5,-2,6,-3,6,-4,7,-4,8,-5,8,-6,8,-6,8,-6,9,-7,9,-6,9,-6,9,-6,9,-6,10,-5,10,-5,10,-5,11,-5,12,-4,12,-5,12,-5,12,-4,12,-3,13,-3,13]"
CSI_DATA,248,1a:00:00:00:00:00,-71,11,0,0,0,0,0,0,0,0,0,-91,0,1,0,44930831,0,31,0,128,0,"[0,0,6,8,6,12,6,10,6,5,8,3,8,3,8,3,11,3,12,3,12,1,12,0,11,-1,11,-2,12,-4,12,-4,12,-5,14,-5,15,-4,16,-3,18,-2,19,-3,20,-3,19,-1,20,1,22,2,21,3,0,0,0,0,0,0,0,0,0,0,0,0,0,0,0,0,0,0,0,0,0,0,3,0,3,1,4,2,4,2,4,3,5,4,5,6,5,6,5,7,5,8,5,8,5,7,5,7,6,7,7,7,6,8,6,8,8,7,9,6,8,7,6,7,7,8,10,8,10,7,7,7,7,6]"
[0;32mI (44948) ftm_responder: Counter = 45[0m
CSI_DATA,249,1a:00:00:00:00:00,-70,11,0,0,0,0,0,0,0,0,0,-91,0,1,0,45134925,0,31,0,128,0,"[0,0,-4,-12,-1,-9,-2,-9,-3,-9,-6,-6,-8,-6,-7,-6,-7,-4,-9,-3,-10,-3,-10,-3,-9,-3,-9,-4,-10,-3,-13,0,-14,0,-13,-2,-13,-1,-14,1,-15,2,-15,0,-17,0,-19,1,-19,1,-18,-2,-18,-5,0,0,0,0,0,0,0,0,0,0,0,0,0,0,0,0,0,0,0,0,0,0,0,-2,0,-2,1,-3,1,-4,2,-4,3,-4,3,-4,4,-5,4,-6,4,-6,4,-6,4,-6,5,-7,5,-7,4,-7,4,-7,3,-7,2,-8,2,-10,1,-11,1,-10,0,-10,-1,-10,0,-11,2,-13,1,-13]"
CSI_DATA,250,1a:00:00:00:00:00,-72,11,0,0,0,0,0,0,0,0,0,-91,0,1,0,45333304,0,31,0,128,0,"[0,0,8,1,7,1,7,0,7,-1,6,-3,6,-3,8,-3,9,-5,7,-5,7,-5,7,-5,7,-6,6,-7,5,-8,6,-11,8,-10,8,-8,10,-8,12,-11,13,-14,14,-13,14,-12,13,-12,15,-10,16,-9,15,-9,0,0,0,0,0,0,0,0,0,0,0,0,0,0,0,0,0,0,0,0,0,0,1,-1,1,-1,2,-1,3,-1,4,0,4,1,4,2,4,2,5,2,5,2,5,3,5,3,6,3,7,2,7,2,6,2,6,2,7,2,7,2,8,1,8,1,8,0,8,0,8,0,9,-1,9,-2]"
CSI_DATA,251,1a:00:00:00:00:00,-72,11,0,0,0,0,0,0,0,0,0,-91,0,1,0,45534447,0,31,0,128,0,"[0,0,4,-11,4,-13,4,-12,2,-11,1,-10,0,-10,-1,-10,-2,-10,-3,-11,-4,-11,-5,-12,-6,-12,-7,-11,-7,-11,-9,-11,-10,-13,-10,-15,-11,-17,-11,-16,-10,-16,-11,-18,-10,-19,-10,-19,-10,-20,-8,-20,-6,-21,0,0,0,0,0,0,0,0,0,0,0,0,0,0,0,0,0,0,0,0,0,0,0,-3,1,-3,1,-4,2,-4,3,-5,4,-5,5,-5,5,-5,5,-5,6,-5,6,-5,6,-5,7,-5,7,-6,7,-7,7,-7,6,-7,5,-7,5,-9,4,-10,4,-11,5,-11,5,-10,3,-10,3,-11,4,-10]"
CSI_DATA,252,1a:00:00:00:00:00,-72,11,0,0,0,0,0,0,0,0,0,-91,0,1,0,45735608,0,31,0,128,0,"[0,0,6,8,6,7,6,7,5,8,6,9,7,8,6,6,7,5,8,5,8,4,9,1,10,-1,13,-2,15,-2,15,-3,15,-5,16,-6,17,-6,19,-6,19,-5,20,-4,21,-3,22,-3,22,-2,23,0,24,2,0,0,0,0,0,0,0,0,0,0,0,0,0,0,0,0,0,0,0,0,0,0,-1,2,-1,2,-1,3,-2,4,-3,4,-4,5,-4,6,-4,6,-5,6,-5,6,-4,6,-3,7,-3,6,-4,6,-4,8,-5,9,-5,9,-3,9,-2,9,-2,9,-1,8,1,8,2,9,2,10,3,10,4,11]"
CSI_DATA,253,1a:00:00:00:00:00,-72,11,0,0,0,0,0,0,0,0,0,-91,0,1,0,45796030,0,42,0,128,0,"[0,0,6,7,6,6,8,4,8,4,8,4,9,3,10,3,10,3,10,2,10,1,11,-1,12,-3,12,-3,12,-3,13,-4,15,-5,16,-6,18,-6,18,-5,19,-5,18,-4,19,-4,20,-4,22,-3,22,0,22,2,0,0,0,0,0,0,0,0,0,0,0,0,0,0,0,0,0,0,0,0,0,0,1,1,1,2,1,3,1,4,1,4,1,5,0,5,0,6,0,7,0,7,0,8,0,8,1,8,1,9,1,8,1,8,1,8,2,8,3,7,3,8,4,8,5,8,6,7,7,8,7,8,7,7]"
CSI_DATA,254,1a:00:00:00:00:00,-72,11,0,0,0,0,0,0,0,0,0,-91,0,1,0,45864828,0,31,0,128,0,"[0,0,-8,-4,-10,-3,-12,-2,-12,0,-11,-1,-10,-2,-9,0,-9,2,-9,3,-9,4,-10,7,-10,8,-10,7,-11,7,-11,8,-11,8,-11,9,-12,10,-13,10,-14,10,-15,10,-16,9,-16,10,-17,9,-18,9,-19,8,0,0,0,0,0,0,0,0,0,0,0,0,0,0,0,0,0,0,0,0,0,0,-2,-1,-2,-2,-3,-3,-3,-4,-4,-4,-4,-5,-3,-5,-3,-6,-3,-6,-3,-7,-4,-7,-4,-6,-4,-6,-5,-6,-5,-7,-4,-7,-5,-6,-5,-6,-6,-6,-6,-6,-7,-6,-9,-6,-9,-5,-9,-4,-9,-4,-9,-4]"
[0;32mI (45958) ftm_responder: Counter = 46[0m
CSI_DATA,255,1a:00:00:00:00:00,-71,11,0,0,0,0,0,0,0,0,0,-91,0,1,0,46069926,0,31,0,128,0,"[0,0,9,0,10,-2,11,-5,10,-6,10,-6,11,-7,11,-8,10,-8,9,-8,10,-9,11,-9,10,-10,8,-11,8,-13,7,-15,8,-16,8,-17,9,-18,10,-18,12,-19,13,-19,14,-18,15,-17,16,-17,18,-16,19,-15,0,0,0,0,0,0,0,0,0,0,0,0,0,0,0,0,0,0,0,0,0,0,1,-1,2,0,3,1,4,1,5,2,5,2,5,3,5,4,5,4,5,4,5,5,5,5,6,5,6,4,7,4,7,4,8,4,7,3,7,2,8,1,9,0,8,0,9,0,10,0,9,0,9,-1]"
CSI_DATA,256,1a:00:00:00:00:00,-69,11,0,0,0,0,0,0,0,0,0,-91,0,1,0,46267512,0,31,0,128,0,"[0,0,-13,-3,-11,-2,-11,-3,-12,-3,-12,-2,-12,-1,-12,-4,-10,-5,-9,-3,-13,-5,-17,-4,-18,1,-18,2,-19,2,-21,3,-19,3,-15,5,-19,5,-23,0,-21,-7,-19,-8,-20,-4,-24,-6,-30,-11,-31,-7,-32,-3,0,0,0,0,0,0,0,0,0,0,0,0,0,0,0,0,0,0,0,0,0,0,-2,0,-3,-1,-4,-1,-4,-1,-5,-2,-5,-3,-6,-4,-6,-5,-6,-5,-6,-5,-6,-6,-6,-6,-7,-6,-8,-6,-7,-7,-7,-7,-9,-7,-9,-6,-10,-6,-10,-5,-10,-4,-9,-4,-10,-4,-11,-4,-11,-5,-10,-4]"
CSI_DATA,257,1a:00:00:00:00:00,-72,11,0,0,0,0,0,0,0,0,0,-91,0,1,0,46467936,0,31,0,128,0,"[0,0,-13,7,-10,8,-10,11,-11,13,-9,10,-6,8,-6,9,-6,11,-6,12,-6,11,-6,10,-6,12,-5,13,-4,14,-4,16,-4,17,-4,17,-4,18,-5,18,-6,19,-7,19,-8,19,-9,19,-11,19,-14,18,-15,18,0,0,0,0,0,0,0,0,0,0,0,0,0,0,0,0,0,0,0,0,0,0,-1,1,-2,1,-3,1,-5,1,-5,1,-6,2,-6,1,-7,0,-8,-1,-9,0,-8,-1,-8,-1,-8,-1,-9,-1,-9,0,-9,0,-9,0,-9,0,-10,3,-11,5,-9,4,-8,3,-9,2,-11,4,-12,7,-11,8]"
CSI_DATA,258,1a:00:00:00:00:00,-72,11,0,0,0,0,0,0,0,0,0,-91,0,1,0,46674095,0,31,0,128,0,"[0,0,-12,-1,-13,-1,-13,-1,-13,-1,-13,0,-13,1,-13,3,-13,4,-13,3,-13,4,-13,6,-13,8,-13,9,-13,9,-14,10,-15,11,-15,12,-15,13,-16,13,-17,14,-19,14,-20,12,-21,11,-21,10,-22,9,-23,8,0,0,0,0,0,0,0,0,0,0,0,0,0,0,0,0,0,0,0,0,0,0,-2,-1,-3,-1,-4,-2,-5,-2,-5,-3,-5,-4,-6,-4,-7,-5,-6,-6,-7,-6,-7,-7,-7,-7,-7,-6,-7,-6,-7,-6,-8,-6,-9,-6,-9,-6,-10,-6,-9,-4,-9,-3,-10,-4,-11,-3,-12,-2,-12,-2,-13,-2]"
CSI_DATA,259,1a:00:00:00:00:00,-72,11,0,0,0,0,0,0,0,0,0,-91,0,1,0,46869833,0,31,0,128,0,"[0,0,-1,-8,-2,-11,-2,-14,-3,-14,-4,-14,-5,-14,-6,-13,-6,-12,-5,-13,-8,-14,-9,-12,-9,-11,-11,-10,-13,-8,-15,-9,-16,-12,-17,-16,-19,-17,-20,-17,-20,-18,-18,-20,-16,-20,-14,-21,-13,-21,-12,-21,-11,-20,0,0,0,0,0,0,0,0,0,0,0,0,0,0,0,0,0,0,0,0,0,0,-1,-2,-1,-3,0,-4,1,-5,1,-5,2,-6,3,-7,3,-7,3,-7,4,-7,4,-8,5,-8,5,-8,5,-9,4,-9,4,-9,4,-9,3,-10,3,-11,2,-12,1,-12,0,-12,0,-11,1,-12,0,-12,-2,-13]"
[0;32mI (46958) ftm_responder: Counter = 47[0m
CSI_DATA,260,1a:00:00:00:00:00,-71,11,0,0,0,0,0,0,0,0,0,-91,0,1,0,47071075,0,31,0,128,0,"[0,0,-11,6,-11,6,-12,6,-11,5,-10,5,-9,6,-8,7,-6,8,-6,8,-6,10,-5,11,-5,12,-5,12,-5,13,-4,14,-4,15,-5,17,-4,19,-4,20,-5,20,-5,19,-8,19,-9,19,-8,19,-10,18,-12,17,0,0,0,0,0,0,0,0,0,0,0,0,0,0,0,0,0,0,0,0,0,0,-1,0,-3,0,-4,0,-5,-1,-5,-1,-6,-2,-6,-2,-7,-2,-7,-2,-7,-2,-7,-2,-7,-1,-8,-2,-9,-2,-9,0,-10,0,-9,-2,-8,-2,-9,0,-10,1,-10,0,-10,0,-10,3,-11,3,-11,2,-11,3]"
CSI_DATA,261,1a:00:00:00:00:00,-72,11,0,0,0,0,0,0,0,0,0,-91,0,1,0,47272376,0,31,0,128,0,"[0,0,-9,-7,-10,-7,-10,-7,-11,-6,-11,-6,-11,-5,-9,-3,-9,-2,-11,-2,-12,-2,-13,-1,-14,-1,-13,0,-12,1,-14,3,-16,3,-18,3,-20,2,-19,2,-19,1,-19,0,-20,-1,-21,-2,-22,-2,-22,-3,-22,-4,0,0,0,0,0,0,0,0,0,0,0,0,0,0,0,0,0,0,0,0,0,0,-2,0,-2,-1,-3,-2,-3,-3,-3,-4,-3,-4,-3,-5,-3,-6,-3,-6,-3,-7,-3,-7,-3,-7,-3,-8,-4,-7,-4,-8,-5,-8,-5,-8,-4,-8,-3,-8,-5,-7,-6,-6,-7,-7,-7,-8,-8,-8,-8,-7,-8,-6]"
CSI_DATA,262,1a:00:00:00:00:00,-71,11,0,0,0,0,0,0,0,0,0,-91,0,1,0,47332817,0,42,0,128,0,"[0,0,1,9,1,9,1,10,3,9,5,9,5,9,5,8,5,7,6,7,8,7,9,7,9,7,10,7,11,7,12,7,12,7,12,7,13,8,15,9,16,9,15,10,15,11,15,12,16,12,15,14,14,16,0,0,0,0,0,0,0,0,0,0,0,0,0,0,0,0,0,0,0,0,0,0,0,0,0,1,-1,2,-1,3,-2,3,-2,4,-3,4,-4,4,-4,5,-4,5,-4,5,-4,5,-4,5,-4,6,-4,7,-4,6,-4,6,-3,6,-3,7,-2,8,-2,7,-2,8,-2,9,-1,9,0,9,0,9]"
CSI_DATA,263,1a:00:00:00:00:00,-71,11,0,0,0,0,0,0,0,0,0,-91,0,1,0,47400805,0,31,0,128,0,"[0,0,12,5,11,4,10,2,10,1,11,0,11,0,11,-1,11,-2,11,-3,11,-3,11,-5,10,-6,10,-8,11,-9,12,-9,13,-9,14,-9,15,-10,16,-11,17,-10,18,-8,18,-6,20,-6,22,-5,22,-3,22,-3,0,0,0,0,0,0,0,0,0,0,0,0,0,0,0,0,0,0,0,0,0,0,0,-2,1,-1,1,0,2,1,2,2,3,2,3,3,3,4,3,4,3,5,3,5,2,4,3,5,4,5,4,5,4,5,5,5,5,4,6,3,6,4,7,4,8,2,9,2,9,3,10,4,11,2]"
CSI_DATA,264,1a:00:00:00:00:00,-71,11,0,0,0,0,0,0,0,0,0,-91,0,1,0,47600274,0,31,0,128,0,"[0,0,-1,-10,0,-10,-1,-11,-2,-10,-2,-10,-2,-11,-4,-10,-5,-10,-5,-10,-4,-9,-5,-8,-7,-9,-8,-9,-9,-9,-10,-9,-12,-8,-14,-7,-13,-9,-15,-9,-18,-9,-16,-11,-12,-13,-11,-14,-13,-16,-12,-17,-12,-20,0,0,0,0,0,0,0,0,0,0,0,0,0,0,0,0,0,0,0,0,0,0,0,-2,0,-3,1,-3,1,-3,2,-3,2,-3,3,-4,4,-4,5,-3,5,-3,5,-3,5,-3,5,-3,6,-3,6,-4,6,-4,6,-4,5,-5,5,-5,5,-6,3,-9,3,-9,3,-9,2,-10,1,-10,1,-10]"
CSI_DATA,265,1a:00:00:00:00:00,-70,11,0,0,0,0,0,0,0,0,0,-91,0,1,0,47801218,0,31,0,128,0,"[0,0,-6,-8,-7,-8,-7,-7,-5,-7,-7,-7,-9,-6,-8,-6,-9,-7,-14,-8,-14,-6,-8,-4,-7,-2,-11,0,-13,-1,-15,-2,-17,-2,-18,-2,-20,-3,-20,-5,-20,-6,-18,-8,-17,-10,-17,-11,-16,-11,-17,-12,-20,-13,0,0,0,0,0,0,0,0,0,0,0,0,0,0,0,0,0,0,0,0,0,0,-2,-2,-2,-2,-2,-2,-2,-3,-1,-4,-1,-5,-1,-6,-1,-6,0,-6,1,-6,1,-7,1,-7,0,-7,0,-7,-1,-7,-1,-8,-1,-8,-1,-7,-2,-7,-3,-7,-4,-7,-5,-7,-5,-9,-4,-9,-4,-9,-5,-8]"
[0;32mI (47958) ftm_responder: Counter = 48[0m
CSI_DATA,266,1a:00:00:00:00:00,-72,11,0,0,0,0,0,0,0,0,0,-91,0,1,0,48004481,0,31,0,128,0,"[0,0,-14,5,-11,6,-9,8,-9,9,-10,10,-10,11,-9,11,-8,10,-7,10,-7,12,-6,13,-4,13,-4,14,-3,16,-3,17,-3,18,-2,19,-3,20,-5,22,-6,23,-7,23,-8,23,-8,24,-10,23,-12,22,-13,22,0,0,0,0,0,0,0,0,0,0,0,0,0,0,0,0,0,0,0,0,0,0,-3,0,-3,0,-4,0,-5,0,-6,-1,-7,-1,-7,-2,-8,-3,-8,-3,-8,-3,-8,-4,-8,-4,-8,-3,-8,-3,-8,-2,-9,-2,-10,-3,-10,-2,-10,-1,-10,1,-11,3,-11,3,-10,2,-10,2,-12,3,-12,4]"
CSI_DATA,267,1a:00:00:00:00:00,-71,11,0,0,0,0,0,0,0,0,0,-91,0,1,0,48204082,0,31,0,128,0,"[0,0,3,9,2,11,3,7,5,5,5,6,5,8,6,10,6,9,7,8,8,6,9,4,10,3,11,3,11,3,13,4,16,5,17,5,18,4,17,5,19,6,20,8,20,9,19,10,18,10,17,12,18,13,0,0,0,0,0,0,0,0,0,0,0,0,0,0,0,0,0,0,0,0,0,0,0,1,-1,2,-1,2,-2,3,-2,4,-3,5,-4,5,-5,5,-5,5,-5,5,-5,5,-5,6,-5,6,-4,6,-4,5,-4,6,-4,6,-3,6,-4,7,-3,8,-3,8,-1,9,1,8,2,8,4,10,5,11]"
CSI_DATA,268,1a:00:00:00:00:00,-71,11,0,0,0,0,0,0,0,0,0,-91,0,1,0,48404903,0,31,0,128,0,"[0,0,6,-5,3,-5,2,-7,4,-8,4,-9,1,-9,1,-11,3,-10,1,-10,-1,-11,-1,-11,-1,-10,-3,-10,-5,-10,-7,-12,-7,-13,-9,-14,-10,-15,-11,-15,-10,-16,-12,-17,-12,-19,-8,-21,-7,-20,-7,-18,-4,-18,0,0,0,0,0,0,0,0,0,0,0,0,0,0,0,0,0,0,0,0,0,0,1,0,2,0,3,1,4,2,4,2,5,2,5,3,5,3,5,3,6,3,6,4,6,4,6,3,6,3,7,2,7,2,7,1,7,0,7,0,8,-1,7,-2,7,-3,7,-4,7,-4,7,-4,7,-6]"
CSI_DATA,269,1a:00:00:00:00:00,-72,11,0,0,0,0,0,0,0,0,0,-91,0,1,0,48606000,0,31,0,128,0,"[0,0,-4,-10,-3,-9,-4,-9,-4,-10,-5,-10,-7,-10,-8,-9,-8,-8,-9,-7,-11,-6,-12,-6,-12,-6,-12,-6,-15,-5,-16,-5,-17,-6,-18,-7,-20,-8,-21,-11,-21,-12,-22,-12,-22,-13,-22,-14,-21,-16,-20,-17,-19,-17,0,0,0,0,0,0,0,0,0,0,0,0,0,0,0,0,0,0,0,0,0,0,1,-4,2,-5,2,-6,3,-6,3,-6,4,-7,5,-7,6,-8,5,-8,6,-8,6,-8,6,-8,6,-8,6,-8,7,-9,5,-8,5,-9,5,-10,4,-10,3,-10,3,-10,2,-11,1,-11,-1,-10,-2,-10,-3,-11]"
CSI_DATA,270,1a:00:00:00:00:00,-73,11,0,0,0,0,0,0,0,0,0,-91,0,1,0,48807145,0,31,0,128,0,"[0,0,-11,-2,-11,-1,-9,1,-8,2,-8,2,-8,4,-6,6,-6,6,-7,7,-7,9,-7,10,-7,11,-7,11,-7,10,-5,12,-5,17,-5,18,-7,15,-8,15,-9,20,-10,22,-10,21,-11,19,-13,18,-15,18,-17,18,0,0,0,0,0,0,0,0,0,0,0,0,0,0,0,0,0,0,0,0,0,0,-3,-3,-4,-4,-4,-4,-5,-5,-5,-6,-5,-7,-5,-7,-6,-8,-6,-8,-6,-8,-5,-8,-5,-8,-5,-8,-5,-7,-6,-9,-6,-10,-6,-9,-7,-8,-9,-6,-9,-4,-8,-4,-7,-4,-9,-3,-9,-2,-9,-3,-9,-3]"
CSI_DATA,271,1a:00:00:00:00:00,-73,11,0,0,0,0,0,0,0,0,0,-91,0,1,0,48867575,0,42,0,128,0,"[0,0,6,6,7,5,7,3,7,4,7,4,8,3,9,1,10,1,11,0,11,-2,11,-4,12,-5,13,-6,14,-6,15,-8,16,-9,18,-10,19,-9,20,-8,22,-8,23,-8,24,-7,25,-6,26,-5,26,-3,25,-2,0,0,0,0,0,0,0,0,0,0,0,0,0,0,0,0,0,0,0,0,0,0,-1,3,-1,4,-1,5,-2,7,-2,8,-2,9,-2,9,-3,9,-3,9,-4,9,-4,10,-4,11,-4,10,-3,10,-2,10,-2,10,-1,10,-1,10,-1,9,-1,8,0,8,1,9,2,8,3,8,3,8,4,6]"
CSI_DATA,272,1a:00:00:00:00:00,-73,11,0,0,0,0,0,0,0,0,0,-91,0,1,0,48937682,0,31,0,128,0,"[0,0,4,0,4,0,6,-1,6,-2,7,-4,9,-5,9,-5,9,-7,8,-10,7,-10,5,-11,2,-13,1,-14,1,-14,1,-16,2,-19,4,-20,5,-21,6,-22,6,-23,7,-23,7,-23,9,-24,10,-23,11,-23,11,-22,0,0,0,0,0,0,0,0,0,0,0,0,0,0,0,0,0,0,0,0,0,0,1,3,1,3,2,5,2,6,3,7,3,8,3,9,3,9,3,9,3,9,3,9,3,9,3,9,2,9,3,8,5,8,5,7,5,7,6,7,6,6,6,5,8,3,8,2,7,3,7,3,8,3]"
[0;32mI (48958) ftm_responder: Counter = 49[0m
CSI_DATA,273,1a:00:00:00:00:00,-73,11,0,0,0,0,0,0,0,0,0,-91,0,1,0,49141672,0,31,0,128,0,"[0,0,10,1,10,2,10,0,8,-3,7,-3,8,-3,8,-3,8,-3,8,-5,8,-7,7,-8,6,-9,6,-12,7,-14,8,-14,9,-14,11,-16,11,-18,11,-18,12,-18,12,-19,14,-19,17,-19,18,-17,18,-15,18,-15,0,0,0,0,0,0,0,0,0,0,0,0,0,0,0,0,0,0,0,0,0,0,-1,3,0,3,0,5,0,6,0,7,0,8,0,8,0,9,0,9,-1,9,-1,9,-1,9,0,9,0,8,0,8,0,8,1,8,2,8,3,8,3,6,3,6,4,6,5,5,7,5,6,4,5,3]"
CSI_DATA,274,1a:00:00:00:00:00,-72,11,0,0,0,0,0,0,0,0,0,-91,0,1,0,49337552,0,31,0,128,0,"[0,0,2,6,2,5,3,6,3,7,4,6,5,4,5,5,6,8,10,9,14,9,14,8,12,5,16,6,20,4,19,-1,16,1,16,2,19,0,21,1,22,3,21,4,19,6,18,6,20,6,21,9,19,13,0,0,0,0,0,0,0,0,0,0,0,0,0,0,0,0,0,0,0,0,0,0,-3,1,-3,2,-3,3,-3,3,-4,4,-6,5,-7,5,-7,5,-7,5,-7,5,-7,5,-7,5,-7,5,-6,5,-5,6,-5,6,-5,6,-5,6,-4,6,-3,5,-3,5,-2,5,-1,6,-1,7,-1,6,0,5]"
CSI_DATA,275,1a:00:00:00:00:00,-72,11,0,0,0,0,0,0,0,0,0,-91,0,1,0,49547767,0,31,0,128,0,"[0,0,6,-2,5,-4,5,-6,6,-8,6,-8,5,-9,4,-10,4,-11,4,-12,3,-10,1,-12,-1,-14,-2,-14,-3,-15,-5,-16,-5,-19,-4,-21,-3,-21,-2,-23,0,-24,0,-26,-1,-27,0,-23,0,-20,-1,-22,1,-25,0,0,0,0,0,0,0,0,0,0,0,0,0,0,0,0,0,0,0,0,0,0,1,1,1,1,2,3,2,3,2,4,3,5,3,6,4,6,3,6,2,6,2,5,5,5,6,6,6,7,6,6,6,4,6,3,6,3,6,3,7,3,7,3,6,1,7,0,7,1,6,0,6,-2]"
CSI_DATA,276,1a:00:00:00:00:00,-73,11,0,0,0,0,0,0,0,0,0,-91,0,1,0,49743489,0,31,0,128,0,"[0,0,-10,-1,-9,3,-10,4,-8,4,-2,4,-4,2,-9,0,-10,0,-9,4,-11,8,-12,9,-13,9,-13,12,-13,14,-13,13,-14,12,-15,14,-16,16,-16,17,-17,17,-18,16,-20,15,-22,14,-22,13,-23,11,-24,10,0,0,0,0,0,0,0,0,0,0,0,0,0,0,0,0,0,0,0,0,0,0,1,-2,0,-3,-1,-4,-2,-5,-1,-7,-1,-8,-1,-9,0,-9,0,-9,0,-9,0,-9,1,-9,0,-7,-1,-5,0,-6,0,-8,-1,-9,-2,-9,-2,-10,-4,-9,-8,-6,-9,-5,-7,-3,-7,-1,-8,0,-7,-1]"
CSI_DATA,277,1a:00:00:00:00:00,-72,11,0,0,0,0,0,0,0,0,0,-91,0,1,0,49940784,0,31,0,128,0,"[0,0,-4,-5,-4,-5,-6,-5,-8,-6,-8,-6,-6,-6,-7,-4,-10,-2,-8,-5,-7,-7,-10,-3,-13,-1,-15,-1,-17,1,-18,2,-19,2,-20,1,-20,1,-20,1,-21,1,-20,0,-18,-2,-19,-2,-20,-3,-22,-4,-24,-7,0,0,0,0,0,0,0,0,0,0,0,0,0,0,0,0,0,0,0,0,0,0,1,-2,1,-3,0,-3,1,-3,1,-4,2,-5,2,-5,3,-5,3,-6,3,-7,3,-7,2,-7,2,-6,2,-6,3,-7,3,-8,2,-9,1,-9,1,-8,2,-7,2,-8,-1,-8,-2,-7,-4,-6,-5,-6,-5,-6]"
[0;32mI (49968) ftm_responder: Counter = 50[0m
CSI_DATA,278,1a:00:00:00:00:00,-73,11,0,0,0,0,0,0,0,0,0,-91,0,1,0,50147645,0,31,0,128,0,"[0,0,4,-9,1,-8,1,-8,2,-8,1,-7,1,-8,2,-10,0,-10,-2,-10,-4,-10,-4,-11,-4,-12,-5,-14,-6,-14,-7,-13,-8,-14,-9,-14,-9,-16,-10,-17,-10,-18,-8,-18,-5,-17,-3,-18,-2,-20,-1,-21,0,-18,0,0,0,0,0,0,0,0,0,0,0,0,0,0,0,0,0,0,0,0,0,0,0,-1,1,-1,1,-1,2,-1,3,-1,3,0,5,1,5,1,5,1,5,1,5,1,4,0,3,-1,5,-1,5,-1,5,1,6,0,7,-2,8,-2,6,-3,4,-4,5,-5,4,-5,4,-6,4,-6,4,-8]"
CSI_DATA,279,1a:00:00:00:00:00,-72,11,0,0,0,0,0,0,0,0,0,-91,0,1,0,50343174,0,31,0,128,0,"[0,0,0,-10,-2,-9,-3,-9,-4,-10,-3,-12,-4,-12,-6,-11,-8,-12,-10,-11,-9,-9,-8,-10,-10,-11,-13,-11,-16,-11,-16,-11,-17,-10,-19,-10,-20,-12,-20,-12,-21,-13,-20,-16,-20,-18,-20,-17,-18,-18,-18,-21,-18,-23,0,0,0,0,0,0,0,0,0,0,0,0,0,0,0,0,0,0,0,0,0,0,-1,-1,0,-2,1,-2,2,-2,3,-3,4,-3,4,-2,5,-3,5,-3,6,-3,6,-3,6,-3,7,-4,6,-4,6,-4,6,-5,6,-5,5,-4,4,-5,3,-7,3,-8,2,-7,1,-7,1,-8,2,-7,2,-7]"
CSI_DATA,280,1a:00:00:00:00:00,-72,11,0,0,0,0,0,0,0,0,0,-91,0,1,0,50403581,0,42,0,128,0,"[0,0,-11,-1,-11,-1,-11,-1,-12,0,-12,1,-11,2,-11,4,-12,4,-13,5,-13,7,-13,8,-12,9,-13,10,-13,11,-14,12,-14,14,-15,15,-17,16,-19,15,-20,15,-20,14,-21,13,-22,12,-23,12,-24,12,-24,11,0,0,0,0,0,0,0,0,0,0,0,0,0,0,0,0,0,0,0,0,0,0,-1,-1,-2,-2,-2,-2,-2,-3,-3,-4,-3,-5,-3,-6,-3,-6,-3,-7,-3,-8,-3,-8,-4,-8,-4,-8,-3,-7,-3,-7,-3,-7,-4,-7,-5,-6,-6,-6,-6,-6,-7,-6,-8,-5,-8,-4,-8,-4,-9,-4,-9,-4]"
CSI_DATA,281,1a:00:00:00:00:00,-73,11,0,0,0,0,0,0,0,0,0,-91,0,1,0,50472739,0,31,0,128,0,"[0,0,7,-6,5,-6,5,-7,5,-8,4,-10,4,-10,4,-9,2,-11,0,-13,-1,-12,0,-11,-1,-12,-4,-12,-5,-13,-5,-14,-6,-15,-6,-17,-6,-18,-7,-19,-6,-20,-6,-20,-6,-21,-4,-22,-2,-23,-1,-24,0,-24,0,0,0,0,0,0,0,0,0,0,0,0,0,0,0,0,0,0,0,0,0,0,-1,-1,1,-1,1,-1,2,-2,3,-2,3,-1,4,0,4,1,4,1,4,1,5,2,5,4,6,3,7,1,6,1,6,0,7,0,8,0,9,-1,8,-1,8,-1,6,-4,6,-7,7,-6,6,-4,4,-5]"
CSI_DATA,282,1a:00:00:00:00:00,-73,11,0,0,0,0,0,0,0,0,0,-91,0,1,0,50677804,0,31,0,128,0,"[0,0,-6,9,-7,9,-6,10,-4,10,-2,10,-1,7,2,8,2,11,2,12,6,11,8,12,8,13,10,13,12,13,11,12,12,13,14,14,16,16,17,17,17,18,17,19,16,20,14,20,14,20,13,21,12,23,0,0,0,0,0,0,0,0,0,0,0,0,0,0,0,0,0,0,0,0,0,0,-1,2,-2,1,-3,1,-4,1,-5,0,-6,0,-6,-1,-6,-2,-7,-2,-8,0,-9,2,-9,0,-8,1,-7,3,-9,3,-10,2,-9,2,-9,3,-8,4,-8,3,-9,2,-9,3,-8,5,-9,5,-9,6,-7,7]"
CSI_DATA,283,1a:00:00:00:00:00,-72,11,0,0,0,0,0,0,0,0,0,-91,0,1,0,50677980,0,31,0,128,0,"[0,0,-5,-8,-4,-6,-4,-6,-5,-7,-8,-7,-8,-6,-9,-4,-12,-5,-12,-5,-12,-4,-13,-3,-14,-3,-14,-2,-14,-1,-15,-1,-15,-1,-17,0,-19,1,-20,-1,-20,-2,-21,-2,-22,-3,-22,-3,-22,-4,-22,-5,-22,-6,0,0,0,0,0,0,0,0,0,0,0,0,0,0,0,0,0,0,0,0,0,0,-1,-2,-1,-3,0,-3,1,-3,1,-4,3,-5,4,-5,3,-4,4,-5,4,-5,4,-6,4,-6,2,-6,1,-7,2,-8,4,-8,4,-7,3,-8,3,-7,3,-6,1,-7,0,-8,-1,-7,-2,-7,-3,-6,-4,-6]"
CSI_DATA,284,1a:00:00:00:00:00,-72,11,0,0,0,0,0,0,0,0,0,-91,0,1,0,50874181,0,31,0,128,0,"[0,0,-2,-7,-2,-7,-4,-8,-4,-8,-4,-8,-5,-8,-6,-7,-7,-6,-8,-6,-9,-5,-10,-6,-10,-6,-11,-6,-12,-4,-13,-3,-14,-3,-14,-5,-15,-6,-16,-8,-17,-10,-15,-8,-12,-7,-12,-9,-17,-10,-18,-10,-13,-11,0,0,0,0,0,0,0,0,0,0,0,0,0,0,0,0,0,0,0,0,0,0,-1,-1,0,-2,1,-2,1,-3,2,-3,2,-3,3,-4,3,-4,3,-4,4,-4,4,-4,4,-4,5,-4,4,-5,4,-5,4,-5,4,-5,3,-6,2,-6,2,-7,2,-7,2,-7,2,-6,1,-7,0,-7,-1,-8]"
[0;32mI (50968) ftm_responder: Counter = 51[0m
CSI_DATA,285,1a:00:00:00:00:00,-72,11,0,0,0,0,0,0,0,0,0,-91,0,1,0,51074778,0,31,0,128,0,"[0,0,-9,0,-8,2,-8,5,-8,5,-8,5,-8,6,-8,7,-7,6,-7,6,-6,8,-5,10,-4,10,-3,10,-4,12,-5,13,-6,13,-6,15,-6,17,-7,17,-8,18,-9,18,-10,18,-11,18,-11,19,-12,18,-11,17,0,0,0,0,0,0,0,0,0,0,0,0,0,0,0,0,0,0,0,0,0,0,-2,0,-3,-1,-3,-2,-3,-2,-3,-3,-4,-4,-5,-4,-4,-4,-4,-5,-3,-6,-4,-6,-5,-5,-5,-5,-5,-5,-5,-6,-5,-6,-6,-6,-6,-6,-7,-5,-7,-3,-8,-2,-8,-2,-6,-2,-3,-1,-5,-1,-9,-2]"
CSI_DATA,286,1a:00:00:00:00:00,-73,11,0,0,0,0,0,0,0,0,0,-91,0,1,0,51277711,0,31,0,128,0,"[0,0,0,4,-1,9,0,12,1,11,-1,10,0,8,3,10,5,11,5,9,5,8,6,9,6,8,6,8,9,9,12,8,13,8,14,10,14,10,13,12,14,15,14,16,15,17,16,17,15,17,13,17,11,19,0,0,0,0,0,0,0,0,0,0,0,0,0,0,0,0,0,0,0,0,0,0,0,1,-1,1,-2,1,-3,2,-3,2,-5,2,-6,2,-6,2,-6,3,-7,3,-8,4,-8,4,-8,4,-8,4,-7,4,-7,4,-8,4,-7,5,-7,6,-7,7,-5,7,-2,8,0,9,0,10,-1,9,-3,9]"
CSI_DATA,287,1a:00:00:00:00:00,-70,11,0,0,0,0,0,0,0,0,0,-91,0,1,0,51476826,0,31,0,128,0,"[0,0,-7,9,-6,10,-6,10,-5,9,-4,7,-3,8,-3,12,0,13,3,12,4,13,7,13,11,12,12,7,14,4,16,9,16,11,15,10,13,12,13,14,17,15,18,15,17,17,15,18,11,17,12,19,15,21,0,0,0,0,0,0,0,0,0,0,0,0,0,0,0,0,0,0,0,0,0,0,-1,1,-2,1,-4,0,-5,-1,-5,-2,-5,-1,-6,0,-7,0,-8,-2,-7,-2,-6,-1,-6,-2,-9,-2,-11,-2,-11,-2,-11,-1,-10,0,-9,1,-8,2,-8,3,-7,4,-6,5,-8,5,-8,5,-6,3,-7,2]"
CSI_DATA,288,1a:00:00:00:00:00,-73,11,0,0,0,0,0,0,0,0,0,-91,0,1,0,51680793,0,31,0,128,0,"[0,0,-4,9,-4,10,-2,9,-2,9,-1,8,1,8,2,9,3,9,4,9,5,8,6,7,6,6,6,7,8,8,10,8,11,8,12,10,12,11,12,12,13,13,13,15,13,15,13,15,12,16,10,17,10,17,0,0,0,0,0,0,0,0,0,0,0,0,0,0,0,0,0,0,0,0,0,0,-2,1,-2,1,-2,2,-3,2,-4,2,-5,2,-6,3,-6,3,-6,3,-7,2,-7,2,-8,2,-9,3,-8,2,-7,3,-6,4,-7,3,-7,4,-6,4,-5,4,-5,5,-5,6,-5,6,-5,7,-5,7,-5,5]"
CSI_DATA,289,1a:00:00:00:00:00,-72,11,0,0,0,0,0,0,0,0,0,-91,0,1,0,51879068,0,31,0,128,0,"[0,0,1,6,1,7,3,8,5,6,7,5,7,6,6,7,6,5,8,4,11,3,12,3,11,3,12,2,15,3,16,4,17,3,17,2,18,1,21,3,24,3,25,4,24,5,23,6,23,7,23,9,23,10,0,0,0,0,0,0,0,0,0,0,0,0,0,0,0,0,0,0,0,0,0,0,0,0,-1,1,-1,2,-2,3,-3,4,-3,5,-4,5,-5,5,-5,5,-5,5,-5,6,-6,6,-6,7,-5,7,-5,6,-5,6,-4,7,-4,7,-3,7,-3,7,-3,8,-2,9,-2,10,-2,10,0,10,1,8]"
CSI_DATA,290,1a:00:00:00:00:00,-72,11,0,0,0,0,0,0,0,0,0,-91,0,1,0,51939420,0,42,0,128,0,"[0,0,-5,-8,-6,-7,-7,-6,-8,-5,-9,-5,-11,-5,-11,-3,-10,-2,-11,-2,-12,-1,-13,1,-13,2,-14,2,-15,4,-17,5,-19,5,-21,5,-22,6,-23,6,-24,7,-25,6,-26,5,-27,4,-28,2,-28,0,-27,-1,0,0,0,0,0,0,0,0,0,0,0,0,0,0,0,0,0,0,0,0,0,0,0,-1,0,-2,1,-3,1,-4,2,-5,3,-5,3,-6,4,-6,4,-6,4,-6,4,-7,4,-7,4,-8,4,-8,4,-8,3,-8,3,-9,2,-9,1,-9,0,-9,0,-9,-1,-8,-2,-7,-2,-8,-3,-8,-4,-8]"
[0;32mI (51968) ftm_responder: Counter = 52[0m
CSI_DATA,291,1a:00:00:00:00:00,-73,11,0,0,0,0,0,0,0,0,0,-91,0,1,0,52012832,0,31,0,128,0,"[0,0,8,2,6,2,3,3,5,1,9,-1,10,0,8,3,6,1,6,-5,6,-7,7,-4,8,-3,8,-8,10,-12,9,-14,6,-17,5,-19,10,-19,14,-18,14,-16,14,-15,14,-16,15,-16,19,-16,22,-17,23,-18,0,0,0,0,0,0,0,0,0,0,0,0,0,0,0,0,0,0,0,0,0,0,-1,-1,-2,0,-2,1,-2,2,-2,3,-3,4,-4,4,-4,3,-5,4,-5,6,-3,6,-2,6,-2,6,-4,6,-4,7,-2,8,-2,6,-3,7,-2,9,1,6,2,4,5,5,5,4,3,3,2,3,4,1]"
CSI_DATA,292,1a:00:00:00:00:00,-74,11,0,0,0,0,0,0,0,0,0,-91,0,1,0,52214832,0,31,0,128,0,"[0,0,7,-1,7,-2,7,-3,6,-4,5,-6,5,-7,6,-7,5,-8,5,-8,4,-9,2,-11,2,-13,3,-15,1,-15,1,-17,2,-19,2,-21,2,-22,2,-23,3,-24,4,-24,5,-24,6,-24,7,-24,9,-26,11,-27,0,0,0,0,0,0,0,0,0,0,0,0,0,0,0,0,0,0,0,0,0,0,-4,2,-4,3,-3,3,-3,4,-3,5,-3,6,-2,6,-2,6,-1,6,-2,7,-1,7,-1,6,-1,6,1,5,2,5,2,5,2,4,2,4,2,5,2,4,3,2,4,1,5,1,6,0,6,0,5,-1]"
CSI_DATA,293,1a:00:00:00:00:00,-72,11,0,0,0,0,0,0,0,0,0,-91,0,1,0,52415574,0,31,0,128,0,"[0,0,3,-3,3,-2,3,0,4,0,6,-3,8,-5,9,-7,9,-6,7,-5,7,-6,10,-9,10,-11,9,-14,9,-14,10,-14,8,-16,6,-20,8,-22,10,-22,13,-19,14,-18,13,-19,9,-23,9,-29,11,-24,12,-18,0,0,0,0,0,0,0,0,0,0,0,0,0,0,0,0,0,0,0,0,0,0,7,-5,7,-5,6,-6,5,-7,5,-8,5,-8,4,-8,5,-9,4,-9,4,-10,3,-10,3,-9,2,-9,1,-9,0,-9,-1,-8,-2,-7,-2,-7,-2,-7,-1,-6,-2,-5,-2,-5,0,-5,1,-5,1,-3,0,-1]"
CSI_DATA,294,1a:00:00:00:00:00,-69,11,0,0,0,0,0,0,0,0,0,-91,0,1,0,52626836,0,31,0,128,0,"[0,0,-8,10,-8,9,-9,8,-9,8,-8,7,-7,8,-6,8,-5,7,-4,5,-3,4,-3,3,-3,3,-4,3,-3,2,-4,1,-5,-1,-5,-1,-4,-2,-4,-4,-3,-6,-2,-7,-3,-9,-2,-10,-2,-9,0,-9,2,-10,0,0,0,0,0,0,0,0,0,0,0,0,0,0,0,0,0,0,0,0,0,0,-10,8,-11,9,-11,9,-12,9,-12,10,-13,10,-14,10,-14,10,-15,10,-14,10,-14,10,-14,10,-14,11,-14,11,-14,11,-13,10,-13,11,-12,12,-12,12,-11,13,-10,12,-10,11,-10,12,-9,13,-9,13,-9,12]"
CSI_DATA,295,1a:00:00:00:00:00,-70,11,0,0,0,0,0,0,0,0,0,-91,0,1,0,52814283,0,31,0,128,0,"[0,0,-6,9,-6,9,-6,9,-6,7,-6,5,-6,6,-6,6,-5,4,-4,4,-4,4,-5,3,-4,4,-4,4,-4,3,-4,2,-5,1,-5,0,-5,0,-5,-1,-5,-2,-5,-3,-6,-3,-5,-5,-4,-5,-5,-6,-5,-7,0,0,0,0,0,0,0,0,0,0,0,0,0,0,0,0,0,0,0,0,0,0,-9,6,-10,7,-10,7,-11,8,-11,8,-11,8,-12,8,-12,8,-12,9,-12,9,-12,8,-12,8,-12,9,-11,9,-11,9,-10,10,-9,10,-9,10,-8,12,-8,12,-8,10,-7,9,-6,9,-7,11,-8,12,-6,10]"
[0;32mI (52968) ftm_responder: Counter = 53[0m
CSI_DATA,296,1a:00:00:00:00:00,-69,11,0,0,0,0,0,0,0,0,0,-91,0,1,0,53015988,0,31,0,128,0,"[0,0,-3,11,-3,10,-2,13,-1,13,-1,11,0,10,0,11,0,10,-1,8,-3,7,-2,6,-2,6,-3,6,-3,5,-3,5,-4,5,-4,4,-3,3,-3,2,-5,2,-6,1,-6,0,-4,-1,-3,-2,-3,-4,-2,-4,0,0,0,0,0,0,0,0,0,0,0,0,0,0,0,0,0,0,0,0,0,0,-3,12,-3,13,-3,13,-3,14,-3,15,-4,15,-5,15,-5,16,-5,17,-5,17,-5,16,-5,15,-5,15,-4,15,-3,16,-3,16,-2,16,-1,16,-1,16,-1,16,-2,15,-1,13,0,13,1,13,1,13,-1,16]"
CSI_DATA,297,1a:00:00:00:00:00,-71,11,0,0,0,0,0,0,0,0,0,-91,0,1,0,53216419,0,31,0,128,0,"[0,0,-5,13,-6,15,-5,14,-4,12,-4,10,-5,9,-4,10,-3,10,-4,8,-4,7,-3,7,-3,6,-4,5,-4,4,-4,3,-4,2,-5,3,-5,2,-5,1,-6,0,-6,-2,-5,-3,-5,-5,-6,-5,-5,-5,-4,-6,0,0,0,0,0,0,0,0,0,0,0,0,0,0,0,0,0,0,0,0,0,0,-7,6,-7,7,-8,9,-8,10,-9,11,-10,12,-10,12,-11,12,-10,12,-10,12,-9,13,-9,13,-9,13,-9,14,-9,15,-8,17,-7,17,-7,16,-7,16,-7,15,-6,14,-5,13,-4,13,-3,14,-5,14,-6,15]"
CSI_DATA,298,1a:00:00:00:00:00,-73,11,0,0,0,0,0,0,0,0,0,-91,0,1,0,53419870,0,31,0,128,0,"[0,0,-11,6,-11,7,-11,8,-10,7,-9,6,-7,5,-5,3,-3,2,-4,2,-4,1,-4,1,-5,1,-5,0,-5,-2,-4,-1,-4,-1,-4,-3,-4,-4,-4,-4,-4,-4,-4,-5,-3,-6,-2,-7,0,-8,2,-8,2,-10,0,0,0,0,0,0,0,0,0,0,0,0,0,0,0,0,0,0,0,0,0,0,-13,3,-13,3,-14,4,-15,5,-15,5,-16,5,-17,6,-17,5,-18,5,-19,5,-19,6,-18,7,-17,9,-17,8,-18,6,-17,6,-16,6,-15,7,-12,8,-13,9,-15,8,-16,7,-15,8,-14,9,-15,8,-15,8]"
[0;32mI (53968) ftm_responder: Counter = 54[0m
CSI_DATA,299,1a:00:00:00:00:00,-73,11,0,0,0,0,0,0,0,0,0,-91,0,1,0,53980649,0,42,0,128,0,"[0,0,11,0,11,0,11,-1,11,-1,10,-1,10,-1,10,-2,9,-2,9,-1,9,1,9,1,8,2,7,2,8,2,8,1,7,1,7,1,7,3,7,5,7,7,6,8,3,8,3,8,3,10,2,10,2,9,0,0,0,0,0,0,0,0,0,0,0,0,0,0,0,0,0,0,0,0,0,0,7,8,8,8,8,8,9,7,10,7,12,7,12,7,12,8,13,8,13,7,14,7,14,7,14,6,14,5,14,5,14,4,15,3,16,3,16,1,15,1,14,2,14,0,15,-1,15,-1,15,0,14,1]"
CSI_DATA,300,1a:00:00:00:00:00,-73,11,0,0,0,0,0,0,0,0,0,-91,0,1,0,54056546,0,31,0,128,0,"[0,0,13,-4,10,-2,10,-2,10,-2,9,0,8,0,8,-1,7,-2,7,-2,9,-2,11,-1,11,0,10,1,10,1,8,1,7,1,8,3,8,4,8,5,7,5,6,6,5,8,5,9,4,9,3,9,2,8,0,0,0,0,0,0,0,0,0,0,0,0,0,0,0,0,0,0,0,0,0,0,10,6,10,5,11,5,12,4,12,3,13,3,14,3,14,3,14,3,15,3,15,3,15,2,15,2,15,1,15,0,15,-1,15,-2,15,-3,15,-2,15,-1,15,-2,15,-3,14,-3,13,-3,13,-4,13,-5]"
CSI_DATA,301,1a:00:00:00:00:00,-72,11,0,0,0,0,0,0,0,0,0,-91,0,1,0,54261342,0,31,0,128,0,"[0,0,1,-14,2,-17,3,-16,2,-14,3,-12,4,-11,3,-11,1,-9,3,-8,6,-7,3,-6,0,-8,0,-9,1,-7,3,-5,3,-5,3,-4,4,-4,5,-3,9,-4,11,-6,6,-5,3,-8,5,-11,8,-4,10,4,0,0,0,0,0,0,0,0,0,0,0,0,0,0,0,0,0,0,0,0,0,0,11,-5,10,-5,10,-6,11,-7,11,-8,11,-8,12,-9,12,-10,11,-10,11,-11,11,-11,11,-11,10,-12,9,-13,8,-13,7,-14,7,-15,7,-15,6,-15,5,-15,5,-15,4,-14,2,-15,2,-16,2,-15,1,-14]"
CSI_DATA,302,1a:00:00:00:00:00,-74,11,0,0,0,0,0,0,0,0,0,-91,0,1,0,54463390,0,31,0,128,0,"[0,0,6,-12,4,-13,5,-13,7,-13,7,-11,4,-9,3,-10,2,-10,1,-8,2,-6,4,-4,6,-4,6,-5,5,-4,5,-4,5,-4,5,-2,6,-1,7,-1,12,-3,11,-3,9,-1,9,5,7,9,10,8,15,7,0,0,0,0,0,0,0,0,0,0,0,0,0,0,0,0,0,0,0,0,0,0,10,-8,10,-7,9,-8,9,-8,8,-9,8,-10,8,-10,8,-11,8,-11,8,-11,7,-12,7,-12,7,-13,7,-13,6,-13,6,-13,6,-14,6,-15,5,-14,5,-14,4,-13,3,-13,3,-13,3,-14,4,-15,4,-14]"
CSI_DATA,303,1a:00:00:00:00:00,-74,11,0,0,0,0,0,0,0,0,0,-91,0,1,0,54662198,0,31,0,128,0,"[0,0,-8,-10,-6,-10,-6,-10,-5,-11,-3,-10,-3,-8,-3,-8,-2,-9,-2,-9,-2,-8,-2,-10,-1,-12,0,-11,1,-11,2,-12,3,-13,4,-14,5,-14,6,-14,6,-16,6,-15,8,-15,10,-17,11,-17,12,-16,14,-16,0,0,0,0,0,0,0,0,0,0,0,0,0,0,0,0,0,0,0,0,0,0,4,-14,4,-14,2,-13,1,-13,1,-14,0,-14,-1,-14,-1,-15,-2,-15,-3,-15,-4,-15,-4,-14,-4,-13,-5,-14,-7,-14,-8,-13,-9,-13,-9,-13,-9,-14,-9,-13,-8,-12,-8,-12,-9,-12,-11,-11,-11,-10,-11,-10]"
CSI_DATA,304,1a:00:00:00:00:00,-75,11,0,0,0,0,0,0,0,0,0,-91,0,1,0,54861041,0,31,0,128,0,"[0,0,-8,-8,-9,-3,-9,0,-7,-3,-4,-5,1,-3,4,-6,2,-9,-1,-7,-3,-7,-4,-10,-4,-12,-3,-13,0,-13,0,-13,-2,-15,-1,-16,0,-18,-2,-21,-2,-21,2,-17,4,-16,4,-19,5,-20,6,-17,7,-15,0,0,0,0,0,0,0,0,0,0,0,0,0,0,0,0,0,0,0,0,0,0,0,-10,0,-9,-1,-8,-1,-8,-1,-8,-2,-8,-3,-8,-4,-8,-5,-9,-5,-9,-6,-8,-6,-9,-7,-10,-7,-8,-7,-6,-9,-8,-10,-9,-10,-7,-8,-4,-7,-2,-8,-3,-9,-6,-7,-8,-5,-9,-7,-7,-7,-4]"
[0;32mI (54968) ftm_responder: Counter = 55[0m
CSI_DATA,305,1a:00:00:00:00:00,-76,11,0,0,0,0,0,0,0,0,0,-91,0,1,0,55262728,0,31,0,128,0,"[0,0,1,4,-2,2,-4,3,-4,4,-4,4,-5,4,-5,4,-6,4,-7,5,-7,5,-8,6,-9,7,-10,8,-10,8,-11,8,-12,9,-13,9,-13,9,-15,9,-16,10,-17,10,-18,10,-19,10,-19,11,-19,10,-19,9,0,0,0,0,0,0,0,0,0,0,0,0,0,0,0,0,0,0,0,0,0,0,-11,-1,-10,-1,-10,0,-9,1,-8,1,-7,2,-7,4,-7,4,-7,4,-6,4,-6,5,-6,5,-5,5,-5,6,-5,6,-4,6,-2,5,0,5,1,6,1,6,0,6,-1,6,-1,5,-1,4,-1,4,-1,6]"
CSI_DATA,306,1a:00:00:00:00:00,-75,11,0,0,0,0,0,0,0,0,0,-91,0,1,0,55463568,0,31,0,128,0,"[0,0,4,-1,4,-1,5,-3,8,-2,8,-3,5,-3,5,-2,6,-1,8,-1,9,-1,10,0,11,0,12,-2,13,-2,14,-1,15,0,17,2,19,3,19,1,19,1,20,0,22,1,22,2,22,1,23,2,21,3,0,0,0,0,0,0,0,0,0,0,0,0,0,0,0,0,0,0,0,0,0,0,8,5,7,3,7,3,6,2,7,1,7,0,7,-1,7,-1,6,-1,6,-2,5,-2,5,-2,4,-2,3,-2,3,-3,2,-4,2,-5,2,-5,3,-5,3,-5,2,-5,1,-5,2,-5,2,-4,4,-3,6,-4]"
CSI_DATA,307,1a:00:00:00:00:00,-76,11,0,0,0,0,0,0,0,0,0,-91,0,1,0,55524352,0,42,0,128,0,"[0,0,1,4,-1,5,0,6,0,7,-1,7,-2,6,-3,8,-3,10,-3,10,-2,10,-1,11,-1,13,-1,15,0,17,0,18,0,18,1,20,1,22,2,23,2,23,1,24,-1,25,-1,26,-1,28,-2,27,-3,26,0,0,0,0,0,0,0,0,0,0,0,0,0,0,0,0,0,0,0,0,0,0,-11,6,-9,5,-8,5,-7,5,-5,6,-5,7,-4,7,-3,7,-3,6,-3,6,-2,6,0,5,1,6,1,6,2,5,3,5,3,4,2,5,1,6,1,6,3,5,4,5,3,4,2,4,2,3,2,3]"
[0;32mI (55968) ftm_responder: Counter = 56[0m
CSI_DATA,308,1a:00:00:00:00:00,-75,11,0,0,0,0,0,0,0,0,0,-91,0,1,0,56026311,0,42,0,128,0,"[0,0,-5,-3,-5,-3,-4,-4,-3,-5,-4,-4,-3,-5,-4,-8,-6,-10,-7,-10,-6,-10,-6,-11,-7,-11,-9,-12,-11,-14,-11,-15,-12,-15,-14,-16,-15,-18,-15,-21,-14,-21,-13,-22,-14,-23,-14,-24,-13,-25,-13,-26,-13,-26,0,0,0,0,0,0,0,0,0,0,0,0,0,0,0,0,0,0,0,0,0,0,-5,-11,-5,-10,-5,-8,-6,-7,-7,-7,-8,-6,-9,-5,-9,-5,-9,-5,-9,-5,-9,-4,-9,-3,-8,-2,-9,-1,-9,-1,-9,-1,-8,-1,-7,1,-7,2,-8,2,-8,1,-6,1,-5,1,-6,0,-7,1,-6,1]"
CSI_DATA,309,1a:00:00:00:00:00,-77,11,0,0,0,0,0,0,0,0,0,-91,0,1,0,56525126,0,42,0,128,0,"[0,0,-2,-2,-3,-3,-6,-3,-5,-2,-4,-3,-5,-4,-6,-4,-4,-4,-3,-5,-5,-7,-8,-8,-9,-7,-8,-7,-8,-7,-10,-7,-14,-8,-16,-8,-17,-12,-19,-16,-19,-15,-17,-13,-16,-13,-14,-13,-16,-13,-17,-15,-14,-16,0,0,0,0,0,0,0,0,0,0,0,0,0,0,0,0,0,0,0,0,0,0,0,-8,-1,-8,-2,-8,-2,-7,-3,-7,-4,-6,-5,-6,-6,-6,-6,-6,-6,-5,-7,-4,-8,-4,-8,-3,-8,-2,-8,-2,-8,-1,-7,0,-7,1,-7,1,-8,1,-8,-1,-7,0,-6,2,-6,2,-7,0,-5,0]"
CSI_DATA,310,1a:00:00:00:00:00,-76,11,0,0,0,0,0,0,0,0,0,-91,0,1,0,56625808,0,31,0,128,0,"[0,0,4,-1,3,-2,2,-1,3,3,5,4,6,3,4,3,4,3,5,4,5,6,6,6,7,4,7,2,8,2,11,6,12,8,13,7,14,6,15,7,16,9,17,9,19,7,18,8,17,11,17,13,17,16,0,0,0,0,0,0,0,0,0,0,0,0,0,0,0,0,0,0,0,0,0,0,-2,6,-1,6,0,6,1,6,2,6,3,5,4,5,5,6,5,5,5,4,5,3,5,2,6,1,5,1,6,0,7,-1,8,-1,8,-2,8,-2,6,-2,5,-4,4,-5,4,-4,4,-5,5,-5,5,-3]"
CSI_DATA,311,1a:00:00:00:00:00,-77,11,0,0,0,0,0,0,0,0,0,-91,0,1,0,56826620,0,31,0,128,0,"[0,0,2,2,1,2,-1,1,-1,-1,-1,0,-3,-1,-4,0,-4,3,-3,5,-3,8,-5,9,-6,7,-8,8,-8,11,-8,12,-8,13,-8,14,-10,15,-13,15,-15,16,-16,17,-16,15,-15,13,-16,14,-18,16,-18,17,0,0,0,0,0,0,0,0,0,0,0,0,0,0,0,0,0,0,0,0,0,0,-8,3,-7,3,-6,4,-5,5,-4,6,-4,6,-3,6,-2,6,-2,7,-1,8,-1,7,-1,7,0,7,0,7,0,6,3,7,3,7,2,6,3,5,4,5,5,6,6,5,4,2,3,2,3,3,5,4]"
[0;32mI (56968) ftm_responder: Counter = 57[0m
CSI_DATA,312,1a:00:00:00:00:00,-77,11,0,0,0,0,0,0,0,0,0,-91,0,1,0,57027527,0,31,0,128,0,"[0,0,-1,2,0,-3,0,-2,-3,1,-6,0,-7,-1,-9,0,-12,-1,-11,-1,-9,0,-11,1,-12,2,-12,2,-14,2,-16,3,-18,5,-20,5,-24,4,-26,5,-25,7,-25,8,-26,7,-27,5,-29,5,-29,4,-30,2,0,0,0,0,0,0,0,0,0,0,0,0,0,0,0,0,0,0,0,0,0,0,-7,-7,-7,-7,-7,-5,-8,-4,-9,-3,-9,-2,-9,0,-10,2,-9,2,-9,3,-8,4,-8,4,-8,5,-7,5,-7,6,-5,6,-4,6,-3,6,-2,6,-2,7,-3,5,-4,4,-4,4,-1,6,-1,5,-1,5]"
CSI_DATA,313,1a:00:00:00:00:00,-76,11,0,0,0,0,0,0,0,0,0,-91,0,1,0,57231338,0,31,0,128,0,"[0,0,1,7,-1,4,-3,0,-1,-2,0,-1,-5,1,-8,4,-6,5,-3,6,-3,8,-5,11,-6,13,-5,12,-4,11,-5,12,-7,14,-7,16,-7,19,-8,20,-10,21,-11,20,-12,22,-12,23,-14,22,-15,21,-17,22,0,0,0,0,0,0,0,0,0,0,0,0,0,0,0,0,0,0,0,0,0,0,-10,2,-9,3,-7,5,-6,6,-4,6,-3,6,-3,7,-1,8,0,8,0,7,0,7,1,7,2,7,3,6,3,6,3,6,2,5,1,4,1,5,4,5,4,3,5,2,4,2,2,2,3,3,4,4]"
CSI_DATA,314,1a:00:00:00:00:00,-77,11,0,0,0,0,0,0,0,0,0,-91,0,1,0,57431196,0,31,0,128,0,"[0,0,-1,3,0,4,1,4,1,3,-1,3,-2,2,-3,1,-3,0,-4,3,-5,3,-5,2,-6,3,-7,4,-9,6,-10,7,-10,8,-12,9,-14,10,-16,10,-18,9,-18,9,-19,8,-20,8,-22,8,-24,8,-25,7,0,0,0,0,0,0,0,0,0,0,0,0,0,0,0,0,0,0,0,0,0,0,-11,4,-10,4,-10,6,-9,7,-9,8,-9,9,-9,9,-8,9,-7,9,-6,9,-6,10,-6,10,-5,11,-4,10,-4,9,-5,10,-3,10,-1,9,-1,8,-2,8,-1,9,-2,9,0,8,1,8,0,8,-1,6]"
CSI_DATA,315,1a:00:00:00:00:00,-76,11,0,0,0,0,0,0,0,0,0,-91,0,1,0,57640740,0,31,0,128,0,"[0,0,2,3,2,3,3,3,4,2,0,1,-4,-1,-5,-5,-6,-3,-5,-2,-4,-5,-4,-9,-6,-9,-9,-6,-10,-7,-10,-8,-12,-9,-13,-9,-15,-9,-16,-13,-15,-15,-15,-14,-15,-14,-15,-17,-16,-20,-16,-21,-16,-21,0,0,0,0,0,0,0,0,0,0,0,0,0,0,0,0,0,0,0,0,0,0,-7,5,-8,5,-8,6,-6,7,-6,9,-6,11,-6,10,-7,10,-7,10,-7,11,-5,11,-6,11,-6,12,-3,13,-1,12,0,12,-1,13,-5,11,-6,9,-4,11,-3,10,-2,9,-1,9,-1,5,-1,3,0,4]"
CSI_DATA,316,1a:00:00:00:00:00,-74,11,0,0,0,0,0,0,0,0,0,-91,0,1,0,57834468,0,31,0,128,0,"[0,0,6,-5,3,-4,0,-1,-4,0,-4,-1,-1,-1,1,-1,2,-1,-1,0,-3,4,-3,6,-4,4,-6,4,-5,9,-4,11,-3,11,-3,10,-2,12,-4,16,-5,16,-5,15,-6,16,-8,18,-10,19,-13,19,-14,17,0,0,0,0,0,0,0,0,0,0,0,0,0,0,0,0,0,0,0,0,0,0,11,4,11,3,11,1,12,1,13,1,15,0,15,0,15,1,15,1,15,0,14,-2,14,-2,14,-3,14,-2,12,-2,12,-2,13,-3,12,-4,12,-5,11,-5,10,-5,8,-5,7,-4,6,-2,6,-2,8,-3]"
[0;32mI (57968) ftm_responder: Counter = 58[0m
CSI_DATA,317,1a:00:00:00:00:00,-73,11,0,0,0,0,0,0,0,0,0,-91,0,1,0,58039138,0,31,0,128,0,"[0,0,-8,8,-1,2,2,-4,-4,-4,-8,1,-6,3,-1,4,0,4,-3,3,-7,2,-10,2,-9,3,-9,3,-7,1,-6,0,-9,4,-12,6,-13,1,-15,-2,-19,-3,-20,-2,-20,-1,-20,-2,-17,-2,-17,-1,-16,-4,0,0,0,0,0,0,0,0,0,0,0,0,0,0,0,0,0,0,0,0,0,0,3,10,4,10,4,10,5,10,5,10,7,11,8,11,7,11,7,12,7,12,7,11,6,10,6,10,6,9,6,8,6,9,4,8,5,8,5,10,5,10,7,8,8,8,5,6,4,5,3,5,-1,5]"
CSI_DATA,318,1a:00:00:00:00:00,-75,11,0,0,0,0,0,0,0,0,0,-91,0,1,0,58095313,0,42,0,128,0,"[0,0,-1,3,0,3,-2,3,-4,2,-4,1,-3,0,-3,-2,-5,-4,-5,-4,-6,-2,-7,-1,-5,-1,0,-2,-1,-4,-6,-6,-9,-6,-9,-4,-10,-3,-12,-4,-12,-2,-12,-1,-14,-6,-14,-10,-14,-9,-16,-10,-16,-11,0,0,0,0,0,0,0,0,0,0,0,0,0,0,0,0,0,0,0,0,0,0,-7,4,-8,4,-8,5,-8,5,-7,5,-8,6,-8,7,-8,7,-9,7,-8,7,-7,8,-7,7,-6,7,-5,7,-6,8,-6,10,-3,10,-2,5,-2,3,-1,5,-1,6,-4,4,-6,5,-6,7,-6,5,-3,1]"
CSI_DATA,319,1a:00:00:00:00:00,-74,11,0,0,0,0,0,0,0,0,0,-91,0,1,0,58152849,0,31,0,128,0,"[0,0,-1,-4,-2,-4,-1,-5,2,-4,4,-2,4,-2,4,-1,5,0,4,-1,2,-1,2,1,6,-1,8,-2,8,-2,9,-3,11,-3,12,-4,13,-4,15,-3,15,-4,14,-5,15,-5,17,-5,18,-4,19,-1,20,1,0,0,0,0,0,0,0,0,0,0,0,0,0,0,0,0,0,0,0,0,0,0,2,-12,2,-12,1,-13,0,-14,0,-14,0,-14,0,-15,0,-16,-1,-16,0,-16,0,-16,-1,-16,-1,-14,-2,-14,-2,-14,-2,-14,-4,-13,-4,-13,-5,-13,-5,-12,-4,-11,-3,-10,-4,-8,-4,-5,-3,-5,-3,-5]"
CSI_DATA,320,1a:00:00:00:00:00,-75,11,0,0,0,0,0,0,0,0,0,-91,0,1,0,58358526,0,31,0,128,0,"[0,0,0,6,0,6,-3,4,-1,1,1,-1,1,1,-1,3,-4,2,-7,0,-7,0,-6,0,-5,-1,-6,-2,-8,1,-10,3,-11,2,-12,3,-13,5,-14,7,-15,7,-14,7,-15,7,-18,6,-20,4,-20,3,-22,2,0,0,0,0,0,0,0,0,0,0,0,0,0,0,0,0,0,0,0,0,0,0,-7,9,-6,10,-6,11,-5,12,-6,14,-5,15,-4,15,-4,16,-4,16,-4,15,-3,16,-3,16,-2,15,-1,15,0,15,0,14,1,12,2,11,2,11,3,12,3,11,3,9,4,8,4,7,5,6,4,6]"
CSI_DATA,321,1a:00:00:00:00:00,-75,11,0,0,0,0,0,0,0,0,0,-91,0,1,0,58554153,0,31,0,128,0,"[0,0,-1,2,-1,1,-1,1,0,2,0,3,-2,2,-2,2,-3,2,-4,2,-5,3,-5,3,-5,4,-6,5,-6,6,-6,8,-7,11,-7,11,-5,8,-5,9,-10,13,-13,13,-10,11,-7,14,-8,15,-11,13,-14,9,0,0,0,0,0,0,0,0,0,0,0,0,0,0,0,0,0,0,0,0,0,0,-12,2,-12,3,-12,3,-11,5,-12,6,-13,6,-13,6,-12,7,-11,8,-11,8,-11,9,-10,10,-8,10,-7,10,-5,10,-5,10,-4,10,-3,10,-2,10,-1,9,-1,8,0,8,1,9,1,9,1,7,1,6]"
CSI_DATA,322,1a:00:00:00:00:00,-73,11,0,0,0,0,0,0,0,0,0,-91,0,1,0,58764391,0,31,0,128,0,"[0,0,2,-2,1,-1,1,-2,2,-2,2,0,1,2,1,3,2,3,3,2,3,2,3,2,4,1,5,2,5,3,6,3,7,2,8,3,9,4,9,5,12,4,15,2,14,1,15,2,17,7,15,10,16,10,0,0,0,0,0,0,0,0,0,0,0,0,0,0,0,0,0,0,0,0,0,0,10,-2,10,-2,11,-2,11,-3,11,-3,11,-4,12,-4,11,-4,11,-4,10,-4,10,-5,10,-6,10,-7,9,-7,9,-8,8,-9,7,-8,7,-8,6,-8,6,-9,5,-8,2,-7,1,-6,1,-6,3,-5,5,-3]"
[0;32mI (58968) ftm_responder: Counter = 59[0m
CSI_DATA,323,1a:00:00:00:00:00,-73,11,0,0,0,0,0,0,0,0,0,-91,0,1,0,59157068,0,31,0,128,0,"[0,0,7,-4,5,-4,4,-4,3,-2,2,0,4,1,3,1,3,3,4,4,4,3,5,3,4,4,3,5,5,6,7,6,7,9,7,12,6,11,5,10,6,12,7,14,5,15,3,14,6,16,9,17,8,16,0,0,0,0,0,0,0,0,0,0,0,0,0,0,0,0,0,0,0,0,0,0,9,-7,9,-7,9,-8,9,-9,9,-10,10,-10,10,-10,10,-9,10,-9,10,-9,11,-9,11,-8,11,-9,10,-9,9,-10,8,-9,8,-8,8,-9,7,-10,6,-10,5,-8,5,-7,6,-7,6,-8,4,-8,3,-6]"
CSI_DATA,324,1a:00:00:00:00:00,-74,11,0,0,0,0,0,0,0,0,0,-91,0,1,0,59357972,0,31,0,128,0,"[0,0,-5,-2,-7,-1,-7,-2,-4,-3,-3,-3,-5,-5,-5,-6,-3,-5,-2,-6,-4,-7,-5,-7,-6,-7,-6,-8,-7,-9,-8,-10,-9,-10,-11,-11,-12,-12,-11,-13,-11,-14,-11,-15,-11,-16,-12,-16,-12,-16,-13,-19,-13,-19,0,0,0,0,0,0,0,0,0,0,0,0,0,0,0,0,0,0,0,0,0,0,-12,0,-12,1,-12,1,-13,2,-13,2,-14,3,-14,3,-15,3,-15,2,-14,2,-12,4,-12,4,-12,5,-12,5,-13,4,-14,4,-12,5,-11,4,-11,5,-11,4,-10,2,-10,2,-8,3,-5,2,-5,1,-4,1]"
CSI_DATA,325,1a:00:00:00:00:00,-75,11,0,0,0,0,0,0,0,0,0,-91,0,1,0,59559102,0,31,0,128,0,"[0,0,-4,0,-3,1,-1,1,-1,-3,-5,-5,-5,-4,-4,-4,-5,-5,-6,-5,-7,-4,-9,-5,-10,-7,-10,-7,-10,-8,-11,-9,-11,-9,-13,-9,-15,-9,-16,-9,-16,-9,-15,-11,-15,-13,-15,-14,-15,-14,-13,-16,-13,-18,0,0,0,0,0,0,0,0,0,0,0,0,0,0,0,0,0,0,0,0,0,0,-11,5,-11,5,-10,6,-11,6,-10,6,-10,7,-11,8,-11,8,-11,8,-11,8,-11,7,-11,6,-10,6,-9,7,-8,7,-7,7,-7,9,-7,10,-6,9,-5,8,-5,8,-5,7,-4,6,-3,6,-3,5,-2,4]"
CSI_DATA,326,1a:00:00:00:00:00,-74,11,0,0,0,0,0,0,0,0,0,-91,0,1,0,59620210,0,42,0,128,0,"[0,0,-2,3,-3,3,-3,3,-4,3,-5,3,-5,2,-4,2,-5,1,-6,1,-7,2,-8,4,-10,4,-11,4,-11,4,-12,4,-13,5,-14,7,-15,8,-16,8,-17,8,-17,8,-16,8,-17,9,-18,8,-20,6,-22,5,0,0,0,0,0,0,0,0,0,0,0,0,0,0,0,0,0,0,0,0,0,0,-7,8,-7,9,-7,9,-7,10,-6,11,-6,12,-5,12,-5,12,-5,12,-4,12,-4,12,-3,12,-3,12,-2,12,-1,11,-1,10,0,11,1,10,1,9,0,9,0,8,-1,7,-1,7,0,8,0,7,-1,6]"
CSI_DATA,327,1a:00:00:00:00:00,-73,11,0,0,0,0,0,0,0,0,0,-91,0,1,0,59837175,0,28,0,128,0,"[0,0,-7,2,-6,1,-5,0,-4,0,-4,-1,-5,-1,-6,-1,-7,-2,-7,-3,-8,-3,-8,-4,-8,-5,-8,-6,-8,-6,-11,-5,-13,-4,-15,-5,-16,-7,-16,-9,-16,-9,-16,-8,-16,-8,-16,-10,-16,-12,-16,-12,-15,-13,0,0,0,0,0,0,0,0,0,0,0,0,0,0,0,0,0,0,0,0,0,0,-12,-4,-12,-4,-13,-4,-14,-3,-14,-2,-15,-2,-16,-2,-16,-1,-16,0,-14,0,-15,0,-17,0,-17,0,-14,0,-13,1,-13,2,-13,3,-12,4,-10,5,-9,6,-9,6,-9,6,-8,5,-8,3,-8,2,-8,3]"
[0;32mI (59968) ftm_responder: Counter = 60[0m
CSI_DATA,328,1a:00:00:00:00:00,-74,11,0,0,0,0,0,0,0,0,0,-91,0,1,0,60121736,0,42,0,128,0,"[0,0,3,-9,2,-8,3,-6,4,-6,3,-6,1,-4,2,-5,4,-6,4,-4,4,-5,4,-6,5,-6,6,-5,6,-5,7,-5,8,-5,9,-6,9,-7,9,-7,11,-6,13,-6,14,-6,15,-6,15,-5,15,-5,17,-4,0,0,0,0,0,0,0,0,0,0,0,0,0,0,0,0,0,0,0,0,0,0,7,-7,7,-8,8,-9,8,-10,8,-10,8,-11,8,-11,8,-11,8,-12,7,-12,6,-12,5,-12,5,-12,5,-11,4,-10,3,-9,3,-9,4,-11,4,-12,2,-9,1,-9,2,-11,1,-11,0,-11,0,-9,0,-6]"
CSI_DATA,329,1a:00:00:00:00:00,-73,11,0,0,0,0,0,0,0,0,0,-91,0,1,0,60620358,0,42,0,128,0,"[0,0,-1,6,0,6,1,5,0,3,0,2,0,3,-2,3,-4,4,-3,3,-2,4,-3,4,-4,3,-2,4,-2,6,-4,7,-5,8,-6,9,-9,8,-9,8,-10,8,-11,9,-9,9,-10,9,-12,10,-14,10,-13,10,0,0,0,0,0,0,0,0,0,0,0,0,0,0,0,0,0,0,0,0,0,0,-6,8,-6,8,-6,8,-6,9,-6,10,-6,10,-5,11,-5,12,-5,12,-4,12,-4,12,-3,12,-2,10,-3,8,-2,9,-1,8,1,9,2,10,2,10,2,9,2,10,1,11,1,10,2,8,3,7,2,8]"
CSI_DATA,330,1a:00:00:00:00:00,-74,11,0,0,0,0,0,0,0,0,0,-91,0,1,0,60713791,0,31,0,128,0,"[0,0,-2,-9,-2,-7,-1,-6,2,-6,5,-8,3,-9,1,-8,3,-6,6,-6,7,-8,6,-9,6,-8,9,-8,9,-9,9,-10,11,-10,13,-10,13,-11,14,-12,15,-11,16,-11,17,-11,19,-11,20,-10,20,-8,19,-8,0,0,0,0,0,0,0,0,0,0,0,0,0,0,0,0,0,0,0,0,0,0,4,-14,3,-14,3,-14,3,-14,2,-15,2,-15,2,-16,2,-17,2,-17,1,-17,1,-16,0,-16,0,-16,-1,-16,-1,-15,-1,-14,-2,-14,-3,-14,-4,-14,-4,-13,-4,-12,-5,-12,-6,-12,-5,-10,-4,-8,-4,-8]"
CSI_DATA,331,1a:00:00:00:00:00,-73,11,0,0,0,0,0,0,0,0,0,-91,0,1,0,60918508,0,31,0,128,0,"[0,0,7,-1,5,-1,3,0,4,2,5,2,7,2,7,3,4,5,1,6,2,5,5,1,5,1,5,4,8,7,7,8,7,9,10,10,11,10,11,12,10,15,9,15,8,16,8,17,10,18,10,18,9,18,0,0,0,0,0,0,0,0,0,0,0,0,0,0,0,0,0,0,0,0,0,0,8,8,8,8,9,8,10,7,11,7,12,8,13,8,13,7,14,7,13,7,12,7,13,8,13,8,12,5,12,3,13,3,13,2,12,1,11,0,12,0,13,0,12,-2,10,-4,10,-3,8,0,8,1]"
[0;32mI (60968) ftm_responder: Counter = 61[0m
CSI_DATA,332,1a:00:00:00:00:00,-73,11,0,0,0,0,0,0,0,0,0,-91,0,1,0,61114708,0,31,0,128,0,"[0,0,-5,-4,-5,-4,-2,-5,-2,-6,-4,-6,-3,-6,-2,-8,0,-7,1,-6,0,-6,1,-7,3,-7,3,-7,2,-8,1,-9,2,-11,2,-13,0,-15,3,-15,7,-13,7,-12,7,-15,7,-17,9,-18,12,-19,14,-19,0,0,0,0,0,0,0,0,0,0,0,0,0,0,0,0,0,0,0,0,0,0,0,-12,0,-13,-1,-14,-1,-14,-1,-14,-2,-14,-3,-15,-3,-16,-3,-16,-3,-15,-4,-15,-4,-14,-4,-13,-4,-13,-4,-13,-5,-12,-7,-11,-8,-11,-9,-11,-10,-10,-9,-8,-7,-7,-7,-5,-8,-5,-8,-6,-9,-6]"
CSI_DATA,333,1a:00:00:00:00:00,-73,11,0,0,0,0,0,0,0,0,0,-91,0,1,0,61327454,0,31,0,128,0,"[0,0,2,-8,3,-8,4,-6,4,-3,3,-5,3,-5,3,-2,3,-1,5,-1,6,0,6,0,7,1,8,1,9,0,10,0,11,-1,12,0,12,1,12,2,14,3,14,3,14,3,16,4,17,3,17,3,17,6,0,0,0,0,0,0,0,0,0,0,0,0,0,0,0,0,0,0,0,0,0,0,10,-5,10,-6,10,-7,11,-7,11,-8,11,-9,11,-9,12,-9,12,-9,11,-9,10,-10,10,-10,10,-11,9,-11,8,-11,7,-11,7,-10,6,-10,5,-11,6,-12,6,-11,5,-9,5,-9,4,-10,4,-9,5,-9]"
CSI_DATA,334,1a:00:00:00:00:00,-72,11,0,0,0,0,0,0,0,0,0,-91,0,1,0,61517652,0,31,0,128,0,"[0,0,-9,-2,-10,-2,-8,-6,-7,-6,-6,-4,-2,-4,-1,-2,-4,0,-5,-1,-5,-5,-2,-4,0,-4,-3,-6,-7,-9,-9,-9,-10,-9,-9,-10,-8,-12,-8,-16,-7,-17,-8,-15,-8,-17,-7,-20,-8,-21,-7,-19,-8,-18,0,0,0,0,0,0,0,0,0,0,0,0,0,0,0,0,0,0,0,0,0,0,1,-12,1,-12,-1,-12,-2,-13,-2,-14,-2,-13,-3,-13,-3,-14,-5,-14,-6,-14,-6,-14,-5,-14,-7,-13,-6,-12,-4,-11,-6,-9,-8,-9,-8,-9,-8,-9,-8,-6,-8,-4,-9,-8,-10,-8,-12,-4,-9,-4,-5,-4]"
CSI_DATA,335,1a:00:00:00:00:00,-73,11,0,0,0,0,0,0,0,0,0,-91,0,1,0,61717663,0,31,0,128,0,"[0,0,6,-5,4,-4,2,-3,3,-2,5,-1,3,-1,1,-1,1,-2,3,-1,4,1,4,3,4,3,4,5,6,6,9,6,8,5,8,4,10,7,12,10,11,9,11,8,11,11,12,14,12,15,10,13,9,13,0,0,0,0,0,0,0,0,0,0,0,0,0,0,0,0,0,0,0,0,0,0,10,0,11,0,11,0,11,-1,12,-1,13,-1,14,-2,14,-2,13,-2,14,-4,15,-4,13,-4,10,-4,9,-5,10,-6,9,-6,8,-6,8,-6,8,-6,8,-6,7,-6,5,-7,5,-7,5,-7,5,-6,6,-7]"
CSI_DATA,336,1a:00:00:00:00:00,-73,11,0,0,0,0,0,0,0,0,0,-91,0,1,0,61919076,0,31,0,128,0,"[0,0,9,2,10,-1,6,2,3,4,4,5,3,4,2,4,4,4,4,5,3,6,3,7,2,7,4,5,5,6,4,6,5,8,7,10,7,12,6,14,4,15,4,15,3,15,3,16,3,17,3,18,3,19,0,0,0,0,0,0,0,0,0,0,0,0,0,0,0,0,0,0,0,0,0,0,9,4,9,4,10,4,11,4,12,4,12,4,12,3,12,3,12,3,12,4,12,4,11,3,11,3,11,1,11,0,11,-1,11,-2,12,-3,12,-4,13,-3,11,-4,8,-5,5,-3,4,-2,5,-3,7,-4]"
[0;32mI (61968) ftm_responder: Counter = 62[0m
CSI_DATA,337,1a:00:00:00:00:00,-73,11,0,0,0,0,0,0,0,0,0,-91,0,1,0,62120188,0,31,0,128,0,"[0,0,0,5,0,4,1,4,1,4,0,4,1,4,-1,4,-3,3,-3,3,-3,4,-4,6,-6,8,-8,8,-7,8,-6,9,-8,9,-8,9,-7,11,-7,13,-10,13,-12,14,-14,14,-13,13,-13,14,-14,13,-15,12,0,0,0,0,0,0,0,0,0,0,0,0,0,0,0,0,0,0,0,0,0,0,-6,9,-6,10,-5,10,-5,11,-4,12,-4,13,-4,13,-3,14,-3,14,-3,13,-2,13,-1,13,-1,12,0,12,1,12,2,12,1,11,2,11,2,10,2,9,3,8,5,8,5,9,4,9,4,7,3,6]"
CSI_DATA,338,1a:00:00:00:00:00,-73,11,0,0,0,0,0,0,0,0,0,-91,0,1,0,62181658,0,42,0,128,0,"[0,0,3,6,2,5,1,4,1,4,1,4,-1,5,-2,4,-3,3,-4,3,-4,5,-4,6,-4,5,-6,6,-7,6,-8,5,-9,7,-10,7,-12,8,-13,9,-13,9,-14,8,-17,7,-19,6,-21,6,-21,6,-23,6,0,0,0,0,0,0,0,0,0,0,0,0,0,0,0,0,0,0,0,0,0,0,1,12,2,12,3,12,3,13,3,14,4,15,4,16,5,16,5,15,5,14,5,14,5,14,4,13,6,12,7,11,7,11,8,11,8,12,7,11,7,10,8,8,7,7,7,8,6,8,7,6,7,6]"
CSI_DATA,339,1a:00:00:00:00:00,-73,11,0,0,0,0,0,0,0,0,0,-91,0,1,0,62249920,0,31,0,128,0,"[0,0,-4,6,-5,5,-4,4,-2,2,-1,2,-2,2,-3,2,-3,1,-4,1,-6,0,-8,0,-9,-1,-9,-3,-10,-3,-11,-1,-13,-1,-14,-1,-15,-1,-16,-2,-18,-4,-19,-4,-19,-4,-20,-4,-21,-4,-21,-5,-21,-7,0,0,0,0,0,0,0,0,0,0,0,0,0,0,0,0,0,0,0,0,0,0,-11,4,-11,5,-12,6,-11,7,-11,8,-12,8,-13,8,-13,8,-12,8,-12,8,-12,9,-11,9,-10,9,-10,9,-9,9,-8,9,-6,9,-6,8,-5,9,-4,9,-4,9,-4,8,-4,9,-3,7,-2,6,-2,7]"
CSI_DATA,340,1a:00:00:00:00:00,-74,11,0,0,0,0,0,0,0,0,0,-91,0,1,0,62454426,0,31,0,128,0,"[0,0,0,8,2,6,2,5,1,5,0,5,-2,6,-5,5,-5,2,-2,1,-2,0,-4,0,-7,2,-9,5,-9,6,-9,5,-11,6,-11,8,-12,9,-13,9,-15,8,-16,9,-17,13,-20,14,-24,7,-26,3,-26,8,0,0,0,0,0,0,0,0,0,0,0,0,0,0,0,0,0,0,0,0,0,0,-5,11,-4,11,-4,12,-4,12,-3,13,-3,14,-3,14,-3,14,-2,15,-2,15,-2,15,-2,15,-2,14,0,13,0,13,0,12,1,12,3,11,2,12,2,11,2,10,2,10,2,10,3,9,3,7,2,7]"
CSI_DATA,341,1a:00:00:00:00:00,-74,11,0,0,0,0,0,0,0,0,0,-91,0,1,0,62664353,0,31,0,128,0,"[0,0,1,-9,1,-8,1,-7,2,-6,3,-6,4,-5,4,-5,5,-5,5,-3,6,-2,7,-3,7,-4,8,-4,10,-4,11,-4,11,-5,14,-5,16,-4,16,-4,17,-5,18,-5,18,-2,18,-1,20,-2,22,-2,24,0,0,0,0,0,0,0,0,0,0,0,0,0,0,0,0,0,0,0,0,0,0,0,9,-9,9,-10,9,-11,9,-12,9,-12,9,-13,10,-14,10,-14,10,-13,9,-14,7,-14,7,-14,6,-15,6,-14,5,-13,5,-14,4,-15,4,-15,3,-14,2,-13,1,-13,0,-13,-1,-13,-1,-12,0,-12,-1,-12]"
CSI_DATA,342,1a:00:00:00:00:00,-74,11,0,0,0,0,0,0,0,0,0,-91,0,1,0,62855186,0,31,0,128,0,"[0,0,3,-4,3,-3,3,-3,2,-1,1,0,2,0,4,0,4,1,4,2,5,2,4,2,5,3,8,3,11,2,11,2,12,2,14,3,15,3,15,1,13,0,13,3,19,9,21,11,20,9,19,9,16,11,0,0,0,0,0,0,0,0,0,0,0,0,0,0,0,0,0,0,0,0,0,0,10,3,11,2,11,1,12,0,12,0,13,0,14,0,14,-1,14,-1,14,-1,13,-2,13,-3,12,-5,11,-6,10,-7,10,-7,10,-7,10,-8,8,-7,8,-6,8,-6,8,-7,6,-7,4,-6,5,-4,7,-3]"
[0;32mI (62968) ftm_responder: Counter = 63[0m
CSI_DATA,343,1a:00:00:00:00:00,-74,11,0,0,0,0,0,0,0,0,0,-91,0,1,0,63055487,0,31,0,128,0,"[0,0,5,0,2,1,-4,5,-8,6,-6,2,-3,-3,-4,-4,-5,-3,-5,-2,-7,-2,-10,-3,-11,-6,-10,-4,-10,-1,-11,0,-12,-1,-14,-2,-17,-2,-20,-3,-23,-5,-22,-5,-23,-6,-24,-8,-25,-8,-24,-9,-22,-10,0,0,0,0,0,0,0,0,0,0,0,0,0,0,0,0,0,0,0,0,0,0,-13,-1,-13,-1,-13,0,-15,0,-15,1,-16,2,-17,2,-16,2,-15,3,-15,4,-14,3,-13,4,-13,6,-11,6,-10,6,-11,7,-9,8,-7,7,-6,6,-7,6,-8,7,-10,5,-10,5,-8,10,-5,11,0,4]"
CSI_DATA,344,1a:00:00:00:00:00,-72,11,0,0,0,0,0,0,0,0,0,-91,0,1,0,63254026,0,31,0,128,0,"[0,0,-3,-6,-4,-6,-5,-6,-3,-3,-1,-2,1,-2,4,-2,4,-3,4,-6,5,-9,7,-9,3,-8,-2,-7,0,-8,4,-8,5,-9,6,-12,6,-12,3,-9,5,-9,9,-10,9,-11,8,-12,7,-13,7,-13,9,-9,0,0,0,0,0,0,0,0,0,0,0,0,0,0,0,0,0,0,0,0,0,0,5,-7,4,-8,4,-9,4,-10,4,-10,3,-11,3,-11,3,-11,3,-11,3,-11,3,-11,2,-10,0,-10,0,-10,-1,-10,-2,-10,-2,-10,-2,-9,-2,-8,-2,-7,-4,-7,-5,-6,-5,-5,-5,-5,-4,-4,-3,-5]"
CSI_DATA,345,1a:00:00:00:00:00,-74,11,0,0,0,0,0,0,0,0,0,-91,0,1,0,63454805,0,31,0,128,0,"[0,0,2,-7,-1,-8,-1,-6,0,-4,1,-4,1,-5,0,-5,2,-4,3,-3,4,-5,7,-6,9,-6,10,-6,12,-6,13,-6,14,-6,15,-7,16,-9,17,-9,19,-8,21,-5,21,-4,21,-4,21,-5,22,-5,23,-4,0,0,0,0,0,0,0,0,0,0,0,0,0,0,0,0,0,0,0,0,0,0,5,-12,6,-12,6,-13,6,-14,6,-14,5,-15,6,-16,6,-16,4,-16,4,-17,2,-17,0,-17,-1,-16,-1,-15,-2,-16,-3,-15,-4,-13,-5,-14,-4,-16,-3,-15,-4,-13,-4,-12,-4,-11,-4,-10,-5,-7,-6,-5]"
CSI_DATA,346,1a:00:00:00:00:00,-73,11,0,0,0,0,0,0,0,0,0,-91,0,1,0,63655945,0,31,0,128,0,"[0,0,-12,1,-10,-3,-7,-3,-5,-3,-5,-3,-4,-3,-4,-3,-4,-3,-5,-5,-6,-6,-7,-4,-7,-4,-9,-6,-11,-7,-11,-9,-11,-9,-12,-9,-14,-9,-14,-12,-14,-12,-14,-12,-15,-14,-16,-16,-16,-17,-15,-17,-14,-18,0,0,0,0,0,0,0,0,0,0,0,0,0,0,0,0,0,0,0,0,0,0,-8,-10,-9,-10,-9,-10,-10,-10,-11,-10,-12,-9,-12,-9,-12,-9,-12,-9,-13,-8,-13,-8,-14,-7,-14,-5,-14,-3,-14,-3,-14,-3,-13,-2,-12,-1,-11,0,-11,0,-13,0,-12,1,-10,1,-9,0,-9,0,-10,1]"
CSI_DATA,347,1a:00:00:00:00:00,-73,11,0,0,0,0,0,0,0,0,0,-91,0,1,0,63718137,0,42,0,128,0,"[0,0,-5,-7,-4,-8,-2,-8,-3,-7,-2,-5,1,-6,1,-6,0,-6,0,-6,1,-5,1,-5,1,-7,1,-9,1,-9,1,-11,0,-14,0,-15,3,-16,5,-17,5,-19,4,-21,5,-21,7,-20,8,-19,10,-21,11,-21,0,0,0,0,0,0,0,0,0,0,0,0,0,0,0,0,0,0,0,0,0,0,-1,-14,-2,-14,-3,-14,-3,-14,-4,-15,-4,-15,-5,-16,-5,-16,-5,-16,-5,-15,-6,-15,-7,-14,-7,-13,-8,-12,-8,-11,-9,-11,-9,-10,-9,-10,-10,-9,-10,-9,-9,-8,-8,-7,-9,-8,-9,-7,-6,-6,-6,-6]"
CSI_DATA,348,1a:00:00:00:00:00,-73,11,0,0,0,0,0,0,0,0,0,-91,0,1,0,63785505,0,31,0,128,0,"[0,0,-5,-5,-6,-3,-3,-4,1,-7,0,-8,-1,-7,0,-6,-3,-5,-5,-6,-5,-7,-4,-7,-3,-10,-1,-12,-1,-12,-5,-13,-5,-16,-1,-17,-2,-19,-8,-20,-9,-18,-5,-18,-2,-19,-4,-17,-7,-18,-7,-25,-6,-31,0,0,0,0,0,0,0,0,0,0,0,0,0,0,0,0,0,0,0,0,0,0,-8,-10,-8,-11,-9,-11,-9,-11,-10,-11,-11,-11,-11,-11,-11,-11,-11,-11,-12,-10,-13,-8,-12,-7,-12,-7,-12,-7,-13,-6,-13,-6,-12,-5,-12,-4,-11,-4,-11,-3,-11,-3,-10,-3,-8,-2,-8,-2,-8,-4,-7,-5]"
CSI_DATA,349,1a:00:00:00:00:00,-72,11,0,0,0,0,0,0,0,0,0,-91,0,1,0,63785959,0,31,0,128,0,"[0,0,11,-1,6,0,5,3,6,4,5,4,3,4,3,5,4,6,3,7,1,7,1,9,5,9,10,8,10,10,7,13,5,13,4,12,4,11,5,15,10,18,10,17,4,16,5,20,9,23,7,22,1,21,0,0,0,0,0,0,0,0,0,0,0,0,0,0,0,0,0,0,0,0,0,0,3,11,4,11,4,11,5,11,5,11,6,12,7,12,8,11,8,11,8,11,9,11,9,10,9,9,9,7,8,7,9,7,9,6,9,4,9,3,9,3,10,3,10,3,8,2,6,3,6,3,6,2]"
[0;32mI (63968) ftm_responder: Counter = 64[0m
CSI_DATA,350,1a:00:00:00:00:00,-72,11,0,0,0,0,0,0,0,0,0,-91,0,1,0,63987491,0,31,0,128,0,"[0,0,-6,-7,-3,-7,-3,-7,-6,-8,-6,-9,-4,-8,-1,-7,-1,-6,-2,-7,-4,-9,-6,-10,-6,-8,-5,-7,-4,-9,-5,-13,-7,-16,-9,-14,-14,-12,-13,-15,-11,-18,-14,-19,-14,-19,-10,-18,-12,-21,-10,-23,-5,-20,0,0,0,0,0,0,0,0,0,0,0,0,0,0,0,0,0,0,0,0,0,0,6,-13,6,-13,5,-14,4,-15,3,-15,2,-16,1,-16,1,-17,0,-17,1,-17,-1,-17,-2,-17,-4,-16,-5,-14,-5,-13,-6,-12,-7,-12,-7,-10,-8,-10,-9,-11,-8,-10,-8,-9,-9,-8,-9,-8,-7,-8,-7,-6]"
CSI_DATA,351,1a:00:00:00:00:00,-72,11,0,0,0,0,0,0,0,0,0,-91,0,1,0,64192759,0,31,0,128,0,"[0,0,6,0,5,-2,4,-3,6,0,8,1,5,-1,5,-1,8,2,5,3,3,2,4,2,4,2,4,2,6,2,7,4,8,4,9,4,9,5,8,8,8,8,9,12,9,16,8,16,9,15,11,16,15,14,0,0,0,0,0,0,0,0,0,0,0,0,0,0,0,0,0,0,0,0,0,0,9,-6,9,-6,9,-7,9,-8,10,-9,10,-8,11,-7,11,-7,11,-8,11,-8,10,-7,8,-8,8,-9,9,-8,9,-7,8,-8,7,-9,7,-8,8,-7,8,-7,8,-8,7,-8,6,-8,6,-6,6,-6,6,-6]"
CSI_DATA,352,1a:00:00:00:00:00,-71,11,0,0,0,0,0,0,0,0,0,-91,0,1,0,64388155,0,31,0,128,0,"[0,0,-2,-6,2,-5,1,-7,-4,-6,-2,-3,1,-3,0,-6,1,-7,4,-7,5,-4,6,-4,8,-6,7,-5,6,-6,8,-7,8,-7,7,-8,8,-8,8,-8,10,-8,9,-10,9,-11,9,-11,11,-11,12,-10,13,-9,0,0,0,0,0,0,0,0,0,0,0,0,0,0,0,0,0,0,0,0,0,0,10,-1,9,-1,9,-2,10,-3,11,-4,10,-5,10,-5,11,-5,12,-5,11,-4,10,-7,10,-9,9,-8,8,-5,7,-3,5,-6,7,-11,9,-13,4,-13,0,-13,3,-12,5,-7,3,-4,2,-6,4,-6,6,-3]"
CSI_DATA,353,1a:00:00:00:00:00,-72,11,0,0,0,0,0,0,0,0,0,-91,0,1,0,64590992,0,31,0,128,0,"[0,0,-5,-4,-7,-7,-9,-8,-9,-6,-7,-6,-4,-6,-3,-7,-2,-7,-2,-6,-3,-6,-3,-8,-1,-9,0,-8,-1,-8,-2,-10,-3,-9,-3,-8,-2,-10,-3,-13,-3,-15,-3,-15,-2,-16,0,-15,1,-14,2,-15,3,-16,0,0,0,0,0,0,0,0,0,0,0,0,0,0,0,0,0,0,0,0,0,0,-1,-12,-1,-12,-3,-12,-3,-12,-3,-13,-4,-14,-4,-13,-4,-13,-5,-14,-5,-15,-5,-15,-5,-14,-6,-13,-6,-13,-7,-13,-8,-11,-8,-11,-7,-11,-8,-11,-9,-12,-9,-11,-9,-9,-10,-7,-8,-8,-7,-10,-8,-9]"
CSI_DATA,354,1a:00:00:00:00:00,-72,11,0,0,0,0,0,0,0,0,0,-91,0,1,0,64789439,0,31,0,128,0,"[0,0,4,2,4,3,5,4,6,5,5,4,3,3,1,1,-1,3,-2,4,-2,5,0,9,3,10,6,9,8,7,6,5,5,8,5,13,1,14,2,12,3,11,0,9,2,8,6,11,4,14,1,16,1,20,0,0,0,0,0,0,0,0,0,0,0,0,0,0,0,0,0,0,0,0,0,0,4,9,4,10,5,10,6,10,7,10,8,9,8,10,9,10,9,10,9,10,9,9,9,8,10,8,11,8,11,7,10,6,10,6,9,5,9,4,9,3,9,2,9,3,9,3,9,3,9,2,10,2]"
[0;32mI (64968) ftm_responder: Counter = 65[0m
CSI_DATA,355,1a:00:00:00:00:00,-75,11,0,0,0,0,0,0,0,0,0,-91,0,1,0,64990820,0,31,0,128,0,"[0,0,7,-1,6,0,4,1,3,2,1,1,1,0,2,1,3,2,2,3,2,3,4,4,4,4,4,6,5,7,6,7,6,8,7,9,8,9,8,10,8,10,8,10,8,11,8,13,7,14,7,15,8,15,0,0,0,0,0,0,0,0,0,0,0,0,0,0,0,0,0,0,0,0,0,0,7,3,8,3,9,3,10,3,10,3,11,3,12,2,12,2,11,2,11,1,12,1,11,1,10,1,10,0,11,0,12,-1,10,-2,9,-2,8,-2,8,-3,8,-3,8,-3,6,-2,5,-2,6,-2,5,-1]"
CSI_DATA,356,1a:00:00:00:00:00,-75,11,0,0,0,0,0,0,0,0,0,-91,0,1,0,65193997,0,31,0,128,0,"[0,0,-3,3,-3,3,-3,1,-4,0,-3,-1,-3,-2,-3,-1,-2,0,-4,1,-5,0,-6,-2,-7,-1,-9,-2,-10,-2,-10,-1,-10,0,-14,0,-17,1,-19,3,-18,1,-15,3,-14,8,-18,8,-21,6,-17,5,-12,-1,0,0,0,0,0,0,0,0,0,0,0,0,0,0,0,0,0,0,0,0,0,0,-10,-1,-10,0,-11,0,-11,1,-12,2,-12,3,-12,4,-12,3,-11,3,-12,4,-12,5,-11,6,-9,7,-8,7,-8,8,-8,7,-6,8,-6,8,-6,7,-5,7,-5,8,-5,8,-4,6,-2,5,-2,4,-3,2]"
CSI_DATA,357,1a:00:00:00:00:00,-75,11,0,0,0,0,0,0,0,0,0,-91,0,1,0,65253983,0,42,0,128,0,"[0,0,0,1,-2,-1,-2,-2,-2,0,-4,-1,-5,-3,-4,-4,-5,-4,-7,-3,-9,-2,-11,-2,-12,-2,-13,0,-14,1,-15,-1,-17,-1,-19,0,-20,0,-21,1,-22,1,-23,0,-23,-1,-23,-1,-25,-3,-26,-4,-26,-6,0,0,0,0,0,0,0,0,0,0,0,0,0,0,0,0,0,0,0,0,0,0,-11,6,-11,7,-11,8,-10,9,-10,10,-10,11,-10,11,-10,12,-10,12,-9,12,-8,12,-7,13,-7,12,-7,11,-7,10,-6,11,-3,12,-2,10,-3,9,-2,8,-2,7,-2,8,-2,8,-3,7,-4,5,-4,4]"
CSI_DATA,358,1a:00:00:00:00:00,-74,11,0,0,0,0,0,0,0,0,0,-91,0,1,0,65320733,0,31,0,128,0,"[0,0,3,1,1,-1,0,-2,1,-1,3,0,4,1,3,4,5,4,7,4,6,5,7,3,10,1,11,2,12,0,14,-1,14,0,14,1,16,1,17,1,18,1,19,1,20,2,21,2,21,3,22,4,24,6,0,0,0,0,0,0,0,0,0,0,0,0,0,0,0,0,0,0,0,0,0,0,9,-5,10,-5,10,-7,10,-8,10,-8,10,-9,11,-9,11,-10,10,-10,10,-10,9,-10,9,-10,8,-10,7,-10,6,-10,5,-10,4,-10,3,-11,4,-11,3,-11,2,-10,1,-8,1,-7,2,-7,1,-6,-1,-5]"
CSI_DATA,359,1a:00:00:00:00:00,-75,11,0,0,0,0,0,0,0,0,0,-91,0,1,0,65526295,0,31,0,128,0,"[0,0,-3,1,-2,-1,-2,-3,-2,-6,-2,-8,-1,-8,1,-10,0,-12,-2,-12,-2,-12,-2,-14,-2,-14,-3,-14,-4,-14,-5,-16,-6,-17,-7,-19,-7,-20,-6,-21,-5,-23,-4,-25,-3,-26,-3,-27,-5,-28,-4,-30,-2,-29,0,0,0,0,0,0,0,0,0,0,0,0,0,0,0,0,0,0,0,0,0,0,-13,-1,-13,-1,-13,0,-14,1,-15,1,-16,2,-17,2,-17,2,-17,3,-16,3,-17,3,-17,3,-15,4,-15,4,-14,5,-13,5,-13,6,-12,6,-10,6,-9,5,-9,4,-8,3,-7,4,-5,4,-3,4,-4,4]"
CSI_DATA,360,1a:00:00:00:00:00,-74,11,0,0,0,0,0,0,0,0,0,-91,0,1,0,65721541,0,31,0,128,0,"[0,0,3,-2,3,0,3,0,3,-1,2,1,2,3,1,4,2,4,2,5,3,5,4,5,5,4,6,5,7,6,8,7,9,8,11,9,12,10,14,11,15,12,15,14,14,15,13,15,13,16,13,18,12,20,0,0,0,0,0,0,0,0,0,0,0,0,0,0,0,0,0,0,0,0,0,0,10,-1,11,-1,12,-3,13,-4,12,-4,12,-3,13,-4,13,-6,13,-6,12,-5,12,-6,13,-7,11,-8,10,-8,10,-8,11,-8,10,-10,9,-12,8,-10,7,-7,7,-6,7,-7,7,-8,6,-9,4,-8,3,-6]"
CSI_DATA,361,1a:00:00:00:00:00,-73,11,0,0,0,0,0,0,0,0,0,-91,0,1,0,65922348,0,31,0,128,0,"[0,0,-9,2,-9,2,-7,3,-4,2,-1,-1,2,-2,1,-3,-1,-5,-2,-6,-2,-6,-1,-4,0,-5,1,-9,1,-12,0,-13,0,-13,1,-12,3,-14,3,-16,3,-18,4,-18,5,-17,5,-17,6,-19,7,-19,8,-19,0,0,0,0,0,0,0,0,0,0,0,0,0,0,0,0,0,0,0,0,0,0,-10,-4,-10,-3,-11,-3,-12,-2,-13,-2,-14,-3,-15,-3,-15,-3,-15,-2,-15,-2,-15,-1,-14,-1,-13,-1,-13,-2,-13,-2,-13,-2,-13,-1,-12,0,-11,0,-10,1,-10,2,-11,2,-10,1,-7,1,-6,1,-9,1]"
[0;32mI (65968) ftm_responder: Counter = 66[0m
CSI_DATA,362,1a:00:00:00:00:00,-74,11,0,0,0,0,0,0,0,0,0,-91,0,1,0,66127009,0,31,0,128,0,"[0,0,0,-8,-1,-6,-2,-2,3,2,7,1,7,-1,3,0,-1,4,-1,4,1,4,3,5,5,4,7,4,7,5,8,6,6,9,8,11,9,10,9,11,9,14,9,17,10,17,10,16,9,15,7,13,6,15,0,0,0,0,0,0,0,0,0,0,0,0,0,0,0,0,0,0,0,0,0,0,7,-8,7,-8,7,-10,7,-10,7,-11,8,-12,9,-12,9,-11,9,-11,8,-12,8,-11,8,-10,8,-10,7,-10,6,-9,6,-10,6,-12,5,-12,3,-11,4,-10,6,-10,5,-10,3,-6,1,-5,1,-9,3,-11]"
CSI_DATA,363,1a:00:00:00:00:00,-75,11,0,0,0,0,0,0,0,0,0,-91,0,1,0,66324563,0,31,0,128,0,"[0,0,-2,5,-2,5,-2,3,-3,-1,-3,-1,-3,1,-5,-4,-7,-9,-7,-5,-9,-3,-10,-5,-8,-3,-7,-1,-10,-2,-11,-3,-12,-3,-15,0,-17,1,-17,-1,-16,-3,-15,-4,-17,-4,-24,-3,-27,-2,-23,-4,-21,-6,0,0,0,0,0,0,0,0,0,0,0,0,0,0,0,0,0,0,0,0,0,0,-10,5,-10,6,-10,7,-10,8,-10,9,-10,9,-11,9,-11,10,-12,10,-12,11,-11,11,-11,12,-9,12,-9,12,-9,11,-8,12,-6,13,-6,12,-5,9,-3,8,-3,10,-5,12,-4,10,-2,7,-2,6,-3,5]"
CSI_DATA,364,1a:00:00:00:00:00,-73,11,0,0,0,0,0,0,0,0,0,-91,0,1,0,66525658,0,31,0,128,0,"[0,0,-9,-4,-6,-4,-4,-3,-3,-3,0,-3,1,-3,0,-5,0,-6,1,-6,2,-8,3,-9,3,-9,2,-9,3,-11,4,-11,5,-11,6,-13,6,-16,8,-17,9,-18,9,-20,10,-21,11,-21,13,-21,14,-19,14,-17,0,0,0,0,0,0,0,0,0,0,0,0,0,0,0,0,0,0,0,0,0,0,-2,-14,-3,-14,-4,-14,-5,-16,-5,-17,-6,-17,-7,-18,-7,-19,-8,-19,-8,-18,-9,-18,-10,-17,-11,-17,-11,-15,-12,-12,-12,-11,-12,-11,-11,-10,-10,-9,-11,-9,-12,-9,-12,-7,-13,-6,-13,-8,-12,-10,-11,-8]"
CSI_DATA,365,1a:00:00:00:00:00,-74,11,0,0,0,0,0,0,0,0,0,-91,0,1,0,66727334,0,31,0,128,0,"[0,0,-3,-2,-2,-4,-1,-3,-1,-2,-4,-3,-3,-3,-1,-2,-1,-2,-1,-5,0,-9,0,-11,-2,-12,-5,-9,-6,-10,-4,-12,-4,-14,-6,-18,-8,-19,-7,-19,-5,-20,-4,-23,-4,-25,-3,-25,-2,-25,0,-25,1,-25,0,0,0,0,0,0,0,0,0,0,0,0,0,0,0,0,0,0,0,0,0,0,-13,-2,-13,0,-14,1,-15,1,-16,2,-17,3,-18,3,-17,3,-17,2,-18,2,-19,2,-19,2,-18,2,-17,3,-16,3,-16,1,-16,2,-14,3,-12,4,-11,5,-12,5,-12,6,-13,8,-11,9,-9,8,-8,3]"
CSI_DATA,366,1a:00:00:00:00:00,-74,11,0,0,0,0,0,0,0,0,0,-91,0,1,0,66788180,0,42,0,128,0,"[0,0,-5,-3,-4,-2,-4,0,-3,-1,-2,-3,-3,-4,-1,-3,2,-3,3,-4,2,-5,3,-5,3,-5,4,-7,7,-7,9,-6,10,-6,11,-7,12,-9,13,-10,13,-11,14,-11,15,-12,16,-11,17,-10,19,-9,21,-8,0,0,0,0,0,0,0,0,0,0,0,0,0,0,0,0,0,0,0,0,0,0,-3,-12,-4,-11,-6,-11,-7,-12,-7,-13,-8,-13,-8,-13,-8,-14,-8,-13,-9,-12,-9,-12,-7,-12,-7,-12,-9,-11,-9,-10,-9,-10,-10,-10,-11,-8,-11,-8,-10,-9,-9,-9,-9,-6,-8,-3,-7,-2,-7,-3,-8,-3]"
CSI_DATA,367,1a:00:00:00:00:00,-74,11,0,0,0,0,0,0,0,0,0,-91,0,1,0,66856627,0,31,0,128,0,"[0,0,-1,-4,-4,-5,-6,-5,-3,-4,1,-3,4,-1,5,-1,4,-1,3,0,3,0,7,-2,9,-2,9,-2,9,-2,12,-2,14,-2,14,-1,15,-1,18,-1,19,0,18,0,17,0,19,1,20,2,20,3,19,4,0,0,0,0,0,0,0,0,0,0,0,0,0,0,0,0,0,0,0,0,0,0,3,-11,3,-11,2,-12,2,-13,2,-14,2,-15,2,-15,2,-16,1,-16,1,-16,1,-15,1,-16,0,-16,0,-16,-1,-15,-2,-13,-3,-11,-4,-12,-4,-13,-3,-12,-3,-11,-4,-10,-5,-8,-5,-8,-4,-7,-5,-6]"
[0;32mI (66968) ftm_responder: Counter = 67[0m
CSI_DATA,368,1a:00:00:00:00:00,-73,11,0,0,0,0,0,0,0,0,0,-91,0,1,0,67061456,0,31,0,128,0,"[0,0,0,5,-2,3,-3,3,-3,4,-4,4,-5,3,-6,-1,-8,-3,-7,-3,-6,-3,-8,-4,-10,-3,-11,-3,-11,-4,-12,-4,-13,-5,-15,-6,-17,-6,-18,-7,-18,-9,-18,-10,-18,-10,-19,-11,-20,-12,-19,-14,-18,-16,0,0,0,0,0,0,0,0,0,0,0,0,0,0,0,0,0,0,0,0,0,0,-7,8,-7,9,-7,10,-7,11,-7,12,-7,13,-8,13,-8,14,-7,14,-7,13,-8,13,-8,14,-7,14,-5,14,-4,13,-3,12,-3,13,-3,12,-2,11,-2,12,-1,12,0,10,1,8,1,8,1,7,3,5]"
CSI_DATA,369,1a:00:00:00:00:00,-74,11,0,0,0,0,0,0,0,0,0,-91,0,1,0,67267371,0,31,0,128,0,"[0,0,1,-6,0,-5,1,-5,2,-6,3,-4,2,-5,0,-6,1,-4,2,-3,4,-2,4,-3,6,-3,7,-4,8,-6,10,-6,11,-6,12,-6,12,-6,13,-5,15,-5,16,-4,18,-4,20,-3,20,-2,20,-3,20,-3,0,0,0,0,0,0,0,0,0,0,0,0,0,0,0,0,0,0,0,0,0,0,2,-11,2,-11,2,-12,1,-13,0,-13,1,-13,1,-14,1,-15,1,-15,0,-15,-1,-15,-1,-15,-1,-14,-1,-15,-3,-15,-3,-13,-3,-12,-4,-12,-4,-11,-4,-11,-5,-10,-4,-9,-2,-8,-2,-8,-3,-8,-4,-8]"
CSI_DATA,370,1a:00:00:00:00:00,-73,11,0,0,0,0,0,0,0,0,0,-91,0,1,0,67458540,0,31,0,128,0,"[0,0,-5,-9,-8,-6,-7,-6,-4,-8,-2,-6,-1,-6,-1,-8,-1,-7,-1,-7,-1,-7,0,-8,1,-9,0,-9,1,-10,1,-11,0,-12,0,-14,1,-15,1,-15,2,-17,3,-17,4,-16,5,-16,5,-17,6,-17,6,-17,0,0,0,0,0,0,0,0,0,0,0,0,0,0,0,0,0,0,0,0,0,0,-3,-10,-4,-10,-4,-11,-5,-11,-5,-12,-6,-12,-6,-13,-7,-12,-8,-13,-7,-13,-7,-13,-7,-12,-8,-10,-8,-9,-9,-9,-10,-9,-10,-8,-9,-7,-9,-8,-10,-7,-8,-5,-7,-5,-6,-6,-9,-6,-11,-6,-10,-9]"
CSI_DATA,371,1a:00:00:00:00:00,-74,11,0,0,0,0,0,0,0,0,0,-91,0,1,0,67662153,0,31,0,128,0,"[0,0,9,-2,7,-2,5,1,3,2,4,-1,4,-3,4,-1,6,0,6,0,5,1,5,3,6,4,6,2,6,2,8,2,10,2,11,3,13,5,13,8,13,9,14,9,13,7,12,8,13,11,15,13,14,12,0,0,0,0,0,0,0,0,0,0,0,0,0,0,0,0,0,0,0,0,0,0,10,1,10,0,11,0,11,-1,12,-2,12,-2,13,-2,13,-3,12,-3,12,-3,12,-3,12,-4,11,-4,11,-5,11,-5,10,-6,9,-7,9,-8,9,-8,9,-8,7,-8,7,-9,9,-9,7,-5,4,-2,6,-1]"
CSI_DATA,372,1a:00:00:00:00:00,-71,11,0,0,0,0,0,0,0,0,0,-91,0,1,0,67861087,0,31,0,128,0,"[0,0,2,6,0,7,-1,7,0,6,-2,4,-6,6,-7,9,-5,2,-3,-5,-2,1,0,12,-1,17,-4,15,-4,13,-4,11,-5,10,-6,9,-8,11,-9,13,-8,13,-4,15,-1,18,-2,18,-5,19,-7,20,-9,20,0,0,0,0,0,0,0,0,0,0,0,0,0,0,0,0,0,0,0,0,0,0,-10,5,-10,5,-10,6,-9,7,-8,9,-8,10,-8,10,-9,10,-8,11,-7,11,-7,12,-5,12,-4,11,-2,11,-1,11,-1,11,0,11,2,10,3,10,3,9,3,9,3,8,4,8,4,8,4,7,2,6]"
[0;32mI (67968) ftm_responder: Counter = 68[0m
CSI_DATA,373,1a:00:00:00:00:00,-73,11,0,0,0,0,0,0,0,0,0,-91,0,1,0,68062181,0,31,0,128,0,"[0,0,5,1,5,3,4,4,3,2,2,1,2,2,4,3,5,5,4,5,3,5,3,5,5,6,6,5,7,6,8,8,9,9,10,9,9,10,8,10,9,12,9,14,9,14,9,14,8,14,8,15,9,17,0,0,0,0,0,0,0,0,0,0,0,0,0,0,0,0,0,0,0,0,0,0,7,5,7,5,8,4,9,4,10,3,11,3,12,3,12,3,12,3,12,3,11,3,11,2,11,1,11,0,10,-1,9,-1,8,-2,10,-2,9,-2,7,-4,7,-5,9,-5,9,-4,6,-4,5,-3,5,-2]"
CSI_DATA,374,1a:00:00:00:00:00,-72,11,0,0,0,0,0,0,0,0,0,-91,0,1,0,68263384,0,31,0,128,0,"[0,0,-1,8,-1,9,-2,9,-4,7,-5,5,-4,5,-6,6,-8,6,-8,7,-8,9,-9,7,-13,5,-15,5,-13,6,-11,7,-12,8,-16,8,-20,8,-21,8,-20,10,-21,12,-23,11,-24,10,-23,9,-23,8,-25,9,0,0,0,0,0,0,0,0,0,0,0,0,0,0,0,0,0,0,0,0,0,0,-7,9,-7,10,-7,11,-6,12,-6,12,-6,13,-6,14,-6,15,-6,14,-6,15,-6,15,-4,16,-2,15,0,14,0,14,-1,11,0,9,1,11,1,13,0,13,0,12,1,10,3,8,3,7,1,8,0,7]"
CSI_DATA,375,1a:00:00:00:00:00,-73,11,0,0,0,0,0,0,0,0,0,-91,0,1,0,68324324,0,42,0,128,0,"[0,0,-6,6,-5,4,-5,3,-6,3,-7,3,-9,2,-9,1,-9,1,-9,-1,-9,-2,-10,-1,-12,-1,-13,-1,-15,-1,-15,-1,-17,-2,-19,-2,-22,-1,-21,-1,-21,-3,-23,-4,-23,-5,-22,-6,-22,-8,-24,-9,-27,-9,0,0,0,0,0,0,0,0,0,0,0,0,0,0,0,0,0,0,0,0,0,0,-12,5,-11,6,-11,8,-11,8,-11,8,-11,9,-12,10,-11,10,-11,10,-11,10,-11,10,-10,11,-10,11,-9,11,-8,12,-8,11,-8,11,-7,12,-6,12,-4,12,-3,12,-2,11,-2,10,-3,9,-4,8,-5,8]"
CSI_DATA,376,1a:00:00:00:00:00,-73,11,0,0,0,0,0,0,0,0,0,-91,0,1,0,68392667,0,31,0,128,0,"[0,0,-5,0,-5,-1,-6,-1,-5,-2,-3,-1,-5,-1,-6,-5,-7,-8,-7,-8,-6,-6,-7,-5,-10,-7,-12,-8,-13,-8,-13,-9,-13,-10,-13,-12,-14,-14,-15,-15,-16,-14,-16,-15,-15,-16,-14,-17,-14,-17,-15,-17,-15,-19,0,0,0,0,0,0,0,0,0,0,0,0,0,0,0,0,0,0,0,0,0,0,-9,-8,-10,-7,-10,-6,-11,-6,-13,-6,-14,-6,-14,-5,-15,-5,-14,-4,-14,-4,-14,-3,-14,-2,-14,-1,-13,-1,-13,0,-13,0,-12,0,-12,1,-11,1,-10,2,-9,2,-9,3,-8,2,-7,2,-9,1,-9,2]"
CSI_DATA,377,1a:00:00:00:00:00,-74,11,0,0,0,0,0,0,0,0,0,-91,0,1,0,68597869,0,31,0,128,0,"[0,0,6,6,5,7,2,4,-1,3,-2,5,0,7,1,7,1,6,1,5,-2,6,-4,7,-4,7,-2,9,-1,10,-1,11,-3,13,-5,15,-7,16,-6,16,-6,17,-8,17,-8,18,-7,17,-7,18,-9,20,-10,20,0,0,0,0,0,0,0,0,0,0,0,0,0,0,0,0,0,0,0,0,0,0,3,10,4,9,5,9,5,9,6,9,7,10,8,10,8,11,8,11,8,10,8,10,8,10,8,8,8,7,8,7,9,6,8,4,8,4,9,5,10,5,10,5,10,4,9,3,8,3,7,1,6,0]"
CSI_DATA,378,1a:00:00:00:00:00,-74,11,0,0,0,0,0,0,0,0,0,-91,0,1,0,68794703,0,31,0,128,0,"[0,0,6,4,4,3,3,3,2,4,1,4,0,5,0,6,0,7,-1,7,-1,7,-2,7,-3,8,-4,9,-4,11,-3,11,-4,11,-7,15,-6,20,-4,18,-5,13,-5,15,-7,17,-9,19,-10,18,-11,15,-12,11,0,0,0,0,0,0,0,0,0,0,0,0,0,0,0,0,0,0,0,0,0,0,3,10,4,10,5,10,5,10,6,11,8,11,9,11,10,11,10,11,9,10,9,10,9,10,10,9,10,8,11,8,11,6,11,4,11,4,11,4,11,5,12,5,11,5,9,5,9,5,9,4,8,4]"
[0;32mI (68968) ftm_responder: Counter = 69[0m
CSI_DATA,379,1a:00:00:00:00:00,-74,11,0,0,0,0,0,0,0,0,0,-91,0,1,0,68994606,0,31,0,128,0,"[0,0,0,5,-6,8,-12,8,-8,6,-7,2,-7,-4,-6,-6,-5,-4,-3,-4,-4,-3,-6,-3,-8,-5,-10,-9,-11,-8,-11,-7,-12,-6,-14,-5,-16,-6,-17,-7,-17,-7,-17,-8,-18,-9,-18,-8,-19,-8,-20,-9,-20,-11,0,0,0,0,0,0,0,0,0,0,0,0,0,0,0,0,0,0,0,0,0,0,-10,-6,-10,-5,-10,-4,-12,-4,-13,-3,-14,-3,-14,-3,-13,-2,-14,-2,-13,-1,-12,0,-13,2,-14,3,-14,4,-13,4,-11,5,-11,4,-12,4,-11,7,-10,8,-10,6,-9,5,-8,5,-5,4,-4,5,-3,7]"
CSI_DATA,380,1a:00:00:00:00:00,-74,11,0,0,0,0,0,0,0,0,0,-91,0,1,0,69200166,0,31,0,128,0,"[0,0,-9,-3,-9,-6,-9,-9,-8,-8,-6,-4,-2,-2,1,-4,1,-7,2,-7,3,-7,3,-7,4,-7,6,-6,7,-9,7,-11,7,-12,8,-11,9,-11,10,-11,13,-13,14,-14,13,-14,14,-13,16,-12,17,-11,17,-10,0,0,0,0,0,0,0,0,0,0,0,0,0,0,0,0,0,0,0,0,0,0,-5,-10,-6,-10,-6,-10,-7,-10,-9,-11,-11,-11,-11,-12,-11,-12,-10,-11,-10,-11,-10,-12,-10,-12,-10,-11,-12,-10,-12,-9,-10,-8,-10,-7,-10,-7,-11,-6,-11,-4,-11,-4,-8,-4,-7,-5,-8,-6,-10,-5,-11,-3]"
CSI_DATA,381,1a:00:00:00:00:00,-73,11,0,0,0,0,0,0,0,0,0,-91,0,1,0,69397372,0,31,0,128,0,"[0,0,-9,-4,-9,-5,-8,-5,-5,-4,-3,-2,-4,-2,-4,-3,-4,-4,-2,-4,-1,-5,-2,-8,-3,-8,-4,-7,-4,-7,-4,-8,-4,-11,-5,-13,-5,-15,-5,-17,-3,-17,-2,-18,-4,-17,-5,-15,-4,-15,-3,-16,-2,-18,0,0,0,0,0,0,0,0,0,0,0,0,0,0,0,0,0,0,0,0,0,0,-4,-8,-5,-8,-5,-8,-6,-8,-7,-9,-8,-9,-9,-9,-9,-9,-9,-8,-9,-8,-9,-7,-10,-7,-11,-6,-11,-6,-12,-5,-12,-5,-11,-5,-10,-5,-10,-4,-10,-3,-10,-2,-10,-2,-10,-3,-9,-2,-9,-1,-10,-3]"
CSI_DATA,382,1a:00:00:00:00:00,-74,11,0,0,0,0,0,0,0,0,0,-91,0,1,0,69597858,0,31,0,128,0,"[0,0,6,-2,4,-1,4,-1,5,0,5,0,6,0,5,1,5,1,6,3,6,5,5,5,6,5,8,6,8,6,8,6,9,7,11,8,12,8,12,9,13,11,14,12,14,12,13,14,13,16,13,15,12,13,0,0,0,0,0,0,0,0,0,0,0,0,0,0,0,0,0,0,0,0,0,0,9,1,9,1,10,0,10,0,11,-1,12,-1,12,-2,13,-3,13,-3,12,-4,12,-4,12,-3,12,-3,12,-4,12,-5,11,-5,10,-5,9,-6,8,-7,6,-8,5,-7,5,-6,7,-6,8,-7,7,-5,6,-3]"
CSI_DATA,383,1a:00:00:00:00:00,-74,11,0,0,0,0,0,0,0,0,0,-91,0,1,0,69798994,0,31,0,128,0,"[0,0,-4,4,-5,2,-6,3,-5,2,-6,2,-8,2,-8,1,-7,0,-7,-2,-7,-2,-7,0,-8,1,-11,0,-13,0,-14,0,-15,0,-17,-1,-17,-3,-17,-4,-18,-2,-18,0,-18,0,-19,-1,-20,-1,-22,-3,-23,-6,0,0,0,0,0,0,0,0,0,0,0,0,0,0,0,0,0,0,0,0,0,0,-10,1,-10,2,-10,2,-10,3,-10,5,-12,6,-12,7,-11,7,-11,7,-10,6,-9,6,-9,7,-11,8,-11,10,-9,10,-6,11,-6,10,-5,10,-5,10,-6,11,-6,11,-3,9,-2,7,-2,6,-2,7,-2,8]"
CSI_DATA,384,1a:00:00:00:00:00,-75,11,0,0,0,0,0,0,0,0,0,-91,0,1,0,69859973,0,42,0,128,0,"[0,0,7,0,5,1,4,2,3,3,3,3,4,3,2,4,1,5,1,5,1,6,2,7,2,8,3,10,3,12,3,12,3,13,3,14,3,15,3,18,3,19,4,19,3,19,2,21,1,21,1,21,0,22,0,0,0,0,0,0,0,0,0,0,0,0,0,0,0,0,0,0,0,0,0,0,7,7,7,7,8,6,9,6,10,5,12,6,13,6,13,5,13,4,12,4,12,3,12,3,13,3,12,1,12,1,12,1,13,0,13,0,11,-1,10,-1,10,-2,11,-2,10,-1,8,-3,7,-4,7,-4]"
CSI_DATA,385,1a:00:00:00:00:00,-74,11,0,0,0,0,0,0,0,0,0,-91,0,1,0,69929325,0,31,0,128,0,"[0,0,4,6,4,8,3,8,2,6,1,4,1,5,1,5,-1,6,-3,5,-4,4,-4,6,-4,8,-4,9,-4,9,-4,10,-3,11,-3,13,-3,15,-4,15,-5,16,-6,18,-7,19,-7,18,-8,18,-10,18,-11,18,0,0,0,0,0,0,0,0,0,0,0,0,0,0,0,0,0,0,0,0,0,0,0,9,0,9,1,9,1,10,2,11,4,11,5,12,5,12,5,12,6,12,7,11,7,10,8,10,9,9,9,9,9,9,9,7,9,6,9,6,9,6,8,4,8,4,8,3,9,2,8,3,7,5]"
[0;32mI (69968) ftm_responder: Counter = 70[0m
CSI_DATA,386,1a:00:00:00:00:00,-73,11,0,0,0,0,0,0,0,0,0,-91,0,1,0,70133705,0,31,0,128,0,"[0,0,6,0,5,3,4,3,3,2,1,1,0,2,1,5,1,6,0,7,1,6,2,5,1,7,-1,9,-1,11,2,12,3,12,3,14,2,16,2,17,1,17,1,17,1,18,0,20,-1,21,-3,21,-3,22,0,0,0,0,0,0,0,0,0,0,0,0,0,0,0,0,0,0,0,0,0,0,4,9,4,8,5,8,6,8,7,8,8,8,8,9,9,9,9,8,10,8,10,7,9,7,10,6,11,6,12,5,11,4,11,3,11,2,11,2,11,2,11,2,10,2,10,2,11,2,10,2,8,1]"
CSI_DATA,387,1a:00:00:00:00:00,-74,11,0,0,0,0,0,0,0,0,0,-91,0,1,0,70338398,0,31,0,128,0,"[0,0,3,-6,1,-5,0,-5,2,-5,3,-6,5,-6,7,-6,5,-5,6,-3,9,-4,8,-5,6,-6,10,-6,11,-5,11,-5,13,-4,15,-3,16,-4,18,-5,20,-6,21,-4,22,-2,23,-2,24,-1,24,0,23,0,0,0,0,0,0,0,0,0,0,0,0,0,0,0,0,0,0,0,0,0,0,0,7,-10,6,-11,6,-12,5,-12,5,-13,5,-15,4,-16,4,-16,5,-16,4,-15,4,-15,3,-14,2,-14,1,-14,1,-15,0,-16,-2,-15,-3,-15,-2,-14,-2,-14,-2,-16,-2,-16,-1,-13,0,-10,0,-11,-2,-12]"
CSI_DATA,388,1a:00:00:00:00:00,-74,11,0,0,0,0,0,0,0,0,0,-91,0,1,0,70534244,0,31,0,128,0,"[0,0,6,-2,5,-1,5,1,5,2,5,2,4,2,4,3,4,5,4,5,5,5,6,6,6,7,6,8,6,9,6,10,6,11,6,12,7,14,8,16,8,17,7,17,7,19,6,19,5,19,5,20,5,21,0,0,0,0,0,0,0,0,0,0,0,0,0,0,0,0,0,0,0,0,0,0,8,7,9,6,10,6,11,5,11,5,12,4,13,4,13,4,13,4,14,4,14,3,13,3,13,2,13,1,12,0,12,-1,12,-1,12,-2,12,-2,11,-2,11,-2,11,-3,11,-4,10,-3,10,-3,9,-2]"
CSI_DATA,389,1a:00:00:00:00:00,-73,11,0,0,0,0,0,0,0,0,0,-91,0,1,0,70735381,0,31,0,128,0,"[0,0,-1,11,-1,7,-3,2,-5,0,-6,1,-5,1,-4,0,-7,0,-9,1,-7,3,-7,4,-7,4,-8,5,-9,5,-9,3,-10,3,-12,7,-14,8,-14,6,-13,6,-16,6,-17,7,-17,6,-18,4,-18,3,-18,2,0,0,0,0,0,0,0,0,0,0,0,0,0,0,0,0,0,0,0,0,0,0,-6,7,-6,7,-5,7,-5,8,-5,9,-5,10,-4,11,-4,11,-3,11,-3,12,-3,11,-3,10,-2,10,-2,11,-2,11,-1,11,-1,12,0,10,0,9,0,10,1,10,-1,10,-3,10,-1,9,0,7,2,7]"
CSI_DATA,390,1a:00:00:00:00:00,-73,11,0,0,0,0,0,0,0,0,0,-91,0,1,0,70933696,0,31,0,128,0,"[0,0,-4,8,-3,6,-3,3,-5,0,-5,1,-4,4,-4,3,-6,2,-6,3,-6,3,-7,0,-8,1,-9,2,-10,0,-13,0,-15,1,-15,0,-14,0,-15,0,-17,-2,-19,-4,-19,-6,-21,-9,-22,-10,-21,-10,-21,-8,0,0,0,0,0,0,0,0,0,0,0,0,0,0,0,0,0,0,0,0,0,0,-7,8,-7,9,-6,10,-7,11,-7,12,-6,13,-6,13,-7,13,-7,14,-6,14,-5,14,-5,14,-4,14,-3,13,-3,13,-2,13,-2,13,-1,14,-1,13,-1,12,-2,11,-1,11,-1,11,0,10,0,10,0,10]"
[0;32mI (70968) ftm_responder: Counter = 71[0m
CSI_DATA,391,1a:00:00:00:00:00,-73,11,0,0,0,0,0,0,0,0,0,-91,0,1,0,71134462,0,31,0,128,0,"[0,0,-2,-1,-5,-3,-5,-4,-3,-2,-3,-3,-4,-4,-5,-4,-3,-5,-2,-4,0,-5,3,-7,3,-8,1,-9,0,-11,0,-11,-1,-11,0,-12,1,-12,3,-13,3,-15,2,-15,2,-16,3,-16,2,-16,3,-16,4,-14,0,0,0,0,0,0,0,0,0,0,0,0,0,0,0,0,0,0,0,0,0,0,-5,-9,-6,-8,-7,-8,-7,-8,-8,-8,-9,-9,-10,-9,-10,-9,-11,-9,-11,-9,-10,-9,-10,-8,-11,-7,-11,-7,-11,-7,-10,-6,-9,-5,-9,-4,-10,-2,-12,-2,-12,-3,-11,-3,-11,-4,-10,-4,-9,-3,-9,-3]"
CSI_DATA,392,1a:00:00:00:00:00,-73,11,0,0,0,0,0,0,0,0,0,-91,0,1,0,71335497,0,31,0,128,0,"[0,0,1,-7,0,-6,1,-3,3,0,3,-1,4,-2,5,-1,5,1,4,1,4,1,6,1,8,2,9,2,9,3,9,5,11,5,13,6,13,8,13,8,15,8,15,9,14,11,14,12,14,12,14,13,14,14,0,0,0,0,0,0,0,0,0,0,0,0,0,0,0,0,0,0,0,0,0,0,10,-1,10,-2,10,-3,10,-4,10,-5,11,-5,12,-6,13,-7,12,-7,12,-7,12,-7,11,-7,10,-8,9,-8,10,-8,10,-8,9,-10,8,-11,8,-9,9,-9,9,-9,7,-9,7,-9,8,-9,6,-8,5,-7]"
CSI_DATA,393,1a:00:00:00:00:00,-73,11,0,0,0,0,0,0,0,0,0,-91,0,1,0,71396447,0,42,0,128,0,"[0,0,7,-3,6,-3,6,-2,6,0,4,2,3,1,5,1,7,2,5,2,3,2,3,4,6,6,8,8,9,9,10,8,10,8,11,10,11,11,11,11,9,14,9,16,10,16,11,15,11,16,10,19,9,20,0,0,0,0,0,0,0,0,0,0,0,0,0,0,0,0,0,0,0,0,0,0,9,4,9,3,10,2,11,1,12,0,13,0,13,0,14,-1,14,0,14,-1,14,-1,13,-2,13,-3,12,-3,12,-4,12,-5,11,-5,11,-6,10,-6,10,-6,11,-5,10,-6,9,-7,8,-7,8,-6,8,-5]"
CSI_DATA,394,1a:00:00:00:00:00,-73,11,0,0,0,0,0,0,0,0,0,-91,0,1,0,71464601,0,31,0,128,0,"[0,0,-3,3,-5,4,-6,5,-7,3,-8,1,-7,0,-7,-2,-8,0,-6,1,-7,-3,-9,-4,-11,-4,-12,-5,-11,-5,-11,-5,-14,-5,-15,-8,-17,-10,-18,-11,-18,-12,-17,-14,-17,-14,-19,-14,-18,-15,-16,-17,-16,-19,0,0,0,0,0,0,0,0,0,0,0,0,0,0,0,0,0,0,0,0,0,0,-12,0,-13,1,-13,2,-13,4,-14,5,-14,6,-15,6,-16,6,-16,7,-15,7,-15,7,-14,8,-14,9,-13,10,-13,9,-12,9,-13,9,-13,10,-11,10,-10,11,-9,11,-8,11,-7,10,-8,10,-9,10,-8,9]"
CSI_DATA,395,1a:00:00:00:00:00,-73,11,0,0,0,0,0,0,0,0,0,-91,0,1,0,71666578,0,31,0,128,0,"[0,0,-4,-5,-3,-4,-3,-5,-3,-5,-1,-5,-1,-6,-1,-6,0,-5,2,-4,2,-5,1,-6,1,-8,0,-9,0,-9,1,-9,1,-9,1,-10,1,-13,3,-17,4,-18,2,-16,4,-16,6,-14,4,-12,2,-14,4,-14,0,0,0,0,0,0,0,0,0,0,0,0,0,0,0,0,0,0,0,0,0,0,6,-6,5,-7,4,-8,4,-9,4,-10,4,-11,4,-12,3,-12,2,-12,1,-12,0,-13,0,-12,-1,-12,-2,-11,-3,-11,-3,-11,-4,-11,-4,-10,-5,-10,-6,-8,-6,-7,-6,-6,-5,-6,-5,-7,-5,-8,-5,-6]"
CSI_DATA,396,1a:00:00:00:00:00,-74,11,0,0,0,0,0,0,0,0,0,-91,0,1,0,71669735,0,31,0,128,0,"[0,0,-5,5,-4,4,-2,4,-1,4,-3,4,-6,4,-5,2,-3,1,-4,0,-4,-1,-3,0,-6,3,-10,3,-14,3,-14,3,-14,3,-15,2,-17,2,-19,1,-20,1,-20,2,-19,1,-20,0,-21,-1,-21,-1,-20,-2,0,0,0,0,0,0,0,0,0,0,0,0,0,0,0,0,0,0,0,0,0,0,-9,4,-9,6,-9,7,-9,8,-9,9,-9,10,-9,10,-9,11,-9,11,-9,11,-9,11,-9,11,-8,11,-7,12,-6,13,-5,13,-5,13,-4,13,-2,12,-2,11,-1,10,-1,11,-1,13,-2,13,-2,11,-2,8]"
CSI_DATA,397,1a:00:00:00:00:00,-73,11,0,0,0,0,0,0,0,0,0,-91,0,1,0,71865695,0,31,0,128,0,"[0,0,-7,6,-6,5,-6,3,-6,2,-5,2,-5,2,-5,0,-6,-1,-6,-1,-7,1,-7,0,-8,-1,-9,-2,-11,-2,-12,-2,-13,-4,-14,-4,-16,-5,-17,-5,-17,-7,-18,-8,-19,-9,-19,-10,-18,-11,-18,-11,-18,-11,0,0,0,0,0,0,0,0,0,0,0,0,0,0,0,0,0,0,0,0,0,0,-11,1,-11,2,-11,3,-12,4,-12,5,-13,5,-13,6,-13,7,-13,7,-14,7,-14,8,-13,8,-12,9,-11,10,-11,10,-9,9,-8,10,-7,10,-6,10,-7,9,-7,8,-6,8,-5,10,-5,10,-6,8,-5,6]"
[0;32mI (71968) ftm_responder: Counter = 72[0m
CSI_DATA,398,1a:00:00:00:00:00,-74,11,0,0,0,0,0,0,0,0,0,-91,0,1,0,72075885,0,31,0,128,0,"[0,0,-3,5,-2,5,-3,2,-5,1,-6,2,-6,1,-6,0,-6,-1,-6,-1,-8,-1,-8,-3,-9,-2,-10,-2,-10,-3,-9,-5,-8,-6,-10,-6,-13,-9,-14,-12,-17,-11,-16,-9,-15,-7,-16,-9,-18,-10,-19,-11,-19,-14,0,0,0,0,0,0,0,0,0,0,0,0,0,0,0,0,0,0,0,0,0,0,-9,2,-9,3,-10,5,-10,6,-10,7,-10,8,-11,9,-12,9,-11,8,-10,9,-11,9,-11,9,-10,9,-9,10,-8,11,-7,10,-6,10,-6,11,-6,10,-4,9,-4,10,-4,10,-4,9,-4,8,-5,7,-4,8]"
CSI_DATA,399,1a:00:00:00:00:00,-74,11,0,0,0,0,0,0,0,0,0,-91,0,1,0,72469414,0,31,0,128,0,"[0,0,-3,6,-6,4,-6,3,-3,4,-1,2,-2,-2,-5,-4,-8,-4,-9,-6,-7,-7,-6,-7,-8,-7,-10,-6,-11,-7,-10,-9,-10,-10,-12,-9,-12,-9,-11,-12,-13,-13,-15,-14,-14,-18,-12,-21,-13,-23,-13,-21,-13,-21,0,0,0,0,0,0,0,0,0,0,0,0,0,0,0,0,0,0,0,0,0,0,-9,3,-9,4,-8,5,-8,7,-9,8,-9,9,-10,9,-10,9,-10,9,-10,10,-9,10,-9,10,-8,11,-7,11,-6,11,-6,11,-5,11,-4,10,-5,10,-6,10,-4,11,-4,11,-5,12,-4,10,-3,8,-2,7]"
CSI_DATA,400,1a:00:00:00:00:00,-75,11,0,0,0,0,0,0,0,0,0,-91,0,1,0,72671293,0,31,0,128,0,"[0,0,2,-3,1,-2,-1,-1,0,1,3,2,4,1,3,1,3,4,4,6,6,5,7,5,7,5,8,5,9,6,10,8,11,9,13,11,16,11,18,10,18,10,17,12,14,14,14,15,15,17,14,19,13,20,0,0,0,0,0,0,0,0,0,0,0,0,0,0,0,0,0,0,0,0,0,0,8,-2,8,-4,8,-5,8,-6,8,-7,9,-8,9,-8,9,-9,8,-10,8,-10,9,-10,9,-10,9,-10,9,-11,6,-11,4,-10,4,-9,5,-10,5,-12,3,-13,3,-11,3,-9,2,-7,2,-6,2,-7,3,-7]"
CSI_DATA,401,1a:00:00:00:00:00,-75,11,0,0,0,0,0,0,0,0,0,-91,0,1,0,72871362,0,31,0,128,0,"[0,0,1,0,1,3,1,5,2,5,-1,4,-4,3,-4,3,-5,3,-6,2,-5,2,-4,5,-3,8,-5,8,-10,7,-12,9,-11,10,-11,12,-14,16,-14,16,-13,15,-14,13,-14,13,-15,15,-16,16,-17,15,-17,14,0,0,0,0,0,0,0,0,0,0,0,0,0,0,0,0,0,0,0,0,0,0,-1,9,0,8,2,9,2,9,3,10,4,10,4,11,5,11,6,11,6,11,6,11,7,10,7,9,7,8,6,7,7,6,7,7,7,7,8,6,8,5,9,3,10,2,8,3,6,2,5,1,3,2]"
CSI_DATA,402,1a:00:00:00:00:00,-75,11,0,0,0,0,0,0,0,0,0,-91,0,1,0,72933526,0,42,0,128,0,"[0,0,5,-4,2,-4,1,-3,2,-1,3,1,2,2,1,4,0,5,1,7,3,8,3,8,1,8,0,11,1,14,2,16,3,16,2,18,2,20,1,21,-1,21,-1,23,-2,24,-3,24,-4,25,-5,26,-5,27,0,0,0,0,0,0,0,0,0,0,0,0,0,0,0,0,0,0,0,0,0,0,10,0,11,-1,11,-2,11,-3,11,-4,12,-5,13,-5,13,-5,13,-5,14,-5,14,-5,13,-6,13,-8,12,-8,11,-8,11,-8,11,-9,10,-9,9,-9,9,-10,8,-10,7,-9,7,-8,7,-8,5,-7,5,-6]"
[0;32mI (72968) ftm_responder: Counter = 73[0m
CSI_DATA,403,1a:00:00:00:00:00,-75,11,0,0,0,0,0,0,0,0,0,-91,0,1,0,73434186,0,42,0,128,0,"[0,0,-6,-2,-5,-3,-5,-3,-5,-3,-3,-4,-1,-4,-1,-5,-1,-6,-1,-6,-1,-8,-2,-10,-2,-11,-1,-13,-1,-14,-2,-14,-2,-14,-1,-16,-1,-18,0,-20,2,-22,3,-22,2,-23,1,-24,2,-24,3,-24,5,-25,0,0,0,0,0,0,0,0,0,0,0,0,0,0,0,0,0,0,0,0,0,0,-6,-9,-7,-9,-7,-9,-8,-9,-9,-8,-10,-8,-11,-8,-12,-8,-12,-8,-12,-7,-12,-6,-13,-5,-13,-4,-12,-3,-12,-3,-13,-3,-15,-2,-14,-1,-13,0,-12,1,-12,1,-12,1,-11,1,-11,2,-10,1,-9,1]"
CSI_DATA,404,1a:00:00:00:00:00,-73,11,0,0,0,0,0,0,0,0,0,-91,0,1,0,73932996,0,42,0,128,0,"[0,0,-3,5,-5,6,-5,4,-4,2,-5,1,-6,1,-7,0,-9,0,-8,0,-8,-1,-7,0,-8,0,-11,2,-12,2,-13,0,-15,-1,-17,-2,-20,-2,-21,-1,-20,-2,-20,-4,-19,-4,-20,-3,-20,-4,-21,-5,-21,-6,0,0,0,0,0,0,0,0,0,0,0,0,0,0,0,0,0,0,0,0,0,0,-10,1,-11,1,-11,2,-11,3,-11,4,-12,5,-12,5,-12,5,-12,6,-11,7,-11,7,-9,7,-9,8,-8,9,-8,8,-7,8,-6,8,-5,9,-5,9,-5,9,-4,8,-4,8,-4,8,-3,7,-3,7,-3,7]"
[0;32mI (73968) ftm_responder: Counter = 74[0m
CSI_DATA,405,1a:00:00:00:00:00,-73,11,0,0,0,0,0,0,0,0,0,-91,0,1,0,74024702,0,31,0,128,0,"[0,0,7,1,6,1,5,1,5,0,4,0,3,2,4,4,7,3,8,2,7,2,9,5,11,6,11,6,12,6,13,8,12,10,11,12,11,12,11,13,12,15,14,15,14,14,15,16,16,18,15,19,12,19,0,0,0,0,0,0,0,0,0,0,0,0,0,0,0,0,0,0,0,0,0,0,11,3,11,3,11,2,12,2,13,0,14,-1,14,-2,14,-2,14,-2,14,-2,15,-2,15,-3,15,-4,13,-5,12,-4,12,-5,11,-7,11,-8,11,-9,10,-9,10,-9,10,-8,10,-7,9,-6,8,-6,7,-7]"
CSI_DATA,406,1a:00:00:00:00:00,-73,11,0,0,0,0,0,0,0,0,0,-91,0,1,0,74229538,0,31,0,128,0,"[0,0,1,9,2,7,1,6,-2,7,-4,5,-4,3,-4,3,-5,5,-5,4,-6,2,-6,3,-6,5,-7,7,-8,9,-8,10,-10,9,-11,9,-12,10,-12,11,-13,11,-14,10,-15,10,-17,10,-18,10,-18,9,-17,8,0,0,0,0,0,0,0,0,0,0,0,0,0,0,0,0,0,0,0,0,0,0,-3,9,-2,9,-2,10,-2,11,-1,11,-1,12,0,13,0,13,0,13,1,13,1,13,1,12,2,12,2,11,3,10,4,10,4,10,4,10,4,9,4,8,5,9,6,9,5,9,4,8,4,7,3,6]"
CSI_DATA,407,1a:00:00:00:00:00,-73,11,0,0,0,0,0,0,0,0,0,-91,0,1,0,74426299,0,31,0,128,0,"[0,0,8,-1,4,1,2,3,1,1,2,0,2,3,3,4,3,2,2,2,2,4,3,5,3,5,4,6,5,7,6,7,5,8,5,9,6,10,5,11,2,14,0,14,3,14,7,15,5,16,0,17,-1,14,0,0,0,0,0,0,0,0,0,0,0,0,0,0,0,0,0,0,0,0,0,0,7,5,7,4,8,4,9,3,9,3,10,4,11,3,12,3,11,3,11,3,10,2,11,3,11,3,10,2,10,1,10,-1,10,-2,10,-3,10,-3,9,-2,9,-3,9,-4,6,-4,5,-2,8,-1,10,-1]"
CSI_DATA,408,1a:00:00:00:00:00,-73,11,0,0,0,0,0,0,0,0,0,-91,0,1,0,74639038,0,31,0,128,0,"[0,0,-7,2,-6,1,-5,2,-5,2,-9,1,-9,-1,-7,-2,-7,-2,-8,-1,-7,-2,-7,-3,-8,-4,-9,-3,-10,-4,-11,-6,-11,-7,-11,-7,-12,-8,-14,-9,-15,-10,-14,-11,-13,-11,-13,-11,-13,-12,-14,-13,-14,-14,0,0,0,0,0,0,0,0,0,0,0,0,0,0,0,0,0,0,0,0,0,0,-10,-3,-10,-3,-11,-2,-12,-1,-13,-1,-13,-1,-13,0,-14,0,-14,0,-15,1,-15,1,-15,1,-14,2,-14,2,-13,2,-12,3,-11,5,-11,5,-11,6,-10,6,-9,5,-9,5,-9,5,-8,6,-7,5,-7,4]"
CSI_DATA,409,1a:00:00:00:00:00,-74,11,0,0,0,0,0,0,0,0,0,-91,0,1,0,74833576,0,31,0,128,0,"[0,0,-2,7,-1,6,-1,5,-2,4,-3,3,-4,2,-4,2,-4,1,-5,0,-6,-1,-7,1,-8,2,-8,2,-9,2,-11,1,-13,1,-14,1,-15,1,-16,0,-18,-1,-18,-2,-19,-2,-19,-3,-19,-4,-18,-5,-19,-5,0,0,0,0,0,0,0,0,0,0,0,0,0,0,0,0,0,0,0,0,0,0,-5,9,-5,9,-5,10,-6,11,-5,11,-5,12,-5,12,-5,13,-5,13,-6,13,-5,13,-4,13,-3,13,-3,12,-2,12,-2,12,-1,13,0,14,0,14,0,12,1,10,1,9,2,8,2,7,2,7,3,8]"
[0;32mI (74968) ftm_responder: Counter = 75[0m
CSI_DATA,410,1a:00:00:00:00:00,-74,11,0,0,0,0,0,0,0,0,0,-91,0,1,0,75029756,0,31,0,128,0,"[0,0,-2,-6,-2,-5,-1,-4,-1,-2,2,-2,4,-2,3,-3,3,-4,3,-4,3,-1,5,2,7,2,9,1,10,1,10,2,11,5,13,5,15,5,16,6,16,5,18,6,21,7,20,7,19,7,20,10,20,14,0,0,0,0,0,0,0,0,0,0,0,0,0,0,0,0,0,0,0,0,0,0,7,-7,7,-8,6,-9,6,-9,6,-10,6,-12,6,-12,6,-12,7,-13,6,-13,5,-13,3,-13,2,-13,3,-11,4,-10,3,-11,1,-13,0,-12,0,-10,0,-10,-1,-11,0,-11,-1,-12,-2,-10,-3,-8,-4,-7]"
CSI_DATA,411,1a:00:00:00:00:00,-74,11,0,0,0,0,0,0,0,0,0,-91,0,1,0,75231024,0,31,0,128,0,"[0,0,-4,4,-4,3,-5,2,-5,2,-4,1,-3,0,-3,-2,-5,-3,-6,-4,-4,-4,-3,-5,-2,-6,-3,-6,-4,-7,-5,-8,-6,-9,-6,-11,-4,-12,-2,-14,-3,-16,-4,-17,-2,-17,-2,-16,-3,-16,-1,-17,0,-18,0,0,0,0,0,0,0,0,0,0,0,0,0,0,0,0,0,0,0,0,0,0,-11,2,-11,2,-11,2,-12,3,-13,4,-13,5,-14,5,-14,5,-14,5,-14,5,-14,4,-13,5,-13,6,-12,7,-10,6,-11,5,-11,6,-9,7,-8,6,-9,7,-9,7,-8,6,-7,6,-8,6,-8,5,-6,6]"
CSI_DATA,412,1a:00:00:00:00:00,-74,11,0,0,0,0,0,0,0,0,0,-91,0,1,0,75433466,0,31,0,128,0,"[0,0,3,-1,2,-1,1,0,2,1,2,2,2,3,3,4,0,2,-1,-1,4,2,9,4,9,6,5,11,1,9,2,7,3,9,2,11,3,18,9,23,8,20,2,17,1,20,5,22,5,19,1,15,-2,18,0,0,0,0,0,0,0,0,0,0,0,0,0,0,0,0,0,0,0,0,0,0,9,4,9,4,9,3,9,3,10,1,10,1,10,1,11,1,10,1,9,1,9,-1,9,-2,9,-3,9,-2,9,-2,10,-2,9,-2,8,-2,9,-2,8,-3,7,-3,5,-4,5,-5,6,-5,6,-4,6,-2]"
CSI_DATA,413,1a:00:00:00:00:00,-76,11,0,0,0,0,0,0,0,0,0,-91,0,1,0,75493084,0,42,0,128,0,"[0,0,2,-3,2,-2,3,0,3,0,3,-1,5,-1,5,0,5,0,5,0,6,0,6,-1,6,-3,8,-3,10,-3,11,-5,12,-6,13,-7,14,-7,15,-8,17,-7,19,-7,19,-7,19,-6,19,-5,19,-4,21,-3,0,0,0,0,0,0,0,0,0,0,0,0,0,0,0,0,0,0,0,0,0,0,10,3,10,2,10,1,10,-1,11,-1,10,-1,10,-2,11,-2,11,-3,11,-3,10,-4,10,-5,8,-5,7,-5,7,-6,6,-7,6,-7,5,-7,5,-8,5,-7,5,-6,4,-6,4,-5,4,-4,3,-2,3,-2]"
CSI_DATA,414,1a:00:00:00:00:00,-75,11,0,0,0,0,0,0,0,0,0,-91,0,1,0,75561037,0,31,0,128,0,"[0,0,0,2,-1,6,-1,7,-2,6,-3,6,-3,7,-3,8,-2,7,-1,8,-3,9,-4,9,-2,10,-3,11,-5,15,-3,17,-3,16,-4,17,-5,19,-6,19,-6,19,-8,20,-11,22,-13,23,-12,22,-12,20,-12,20,0,0,0,0,0,0,0,0,0,0,0,0,0,0,0,0,0,0,0,0,0,0,2,11,2,11,2,11,4,10,5,11,6,11,6,10,7,11,6,11,6,11,6,10,6,9,6,8,6,7,5,7,5,7,6,6,7,4,7,4,6,5,6,6,5,4,3,4,3,6,3,5,1,3]"
CSI_DATA,415,1a:00:00:00:00:00,-75,11,0,0,0,0,0,0,0,0,0,-91,0,1,0,75762102,0,31,0,128,0,"[0,0,-1,-6,-1,-5,-1,-6,-1,-7,-2,-7,-2,-7,-1,-7,-1,-8,-1,-8,-2,-9,-2,-9,-3,-9,-3,-9,-4,-11,-6,-13,-6,-14,-6,-14,-8,-15,-8,-16,-9,-15,-9,-14,-8,-18,-7,-21,-6,-21,-6,-22,-7,-24,0,0,0,0,0,0,0,0,0,0,0,0,0,0,0,0,0,0,0,0,0,0,-5,-6,-5,-5,-6,-5,-6,-5,-6,-5,-7,-4,-7,-4,-7,-4,-7,-3,-6,-3,-6,-3,-6,-2,-6,-1,-5,-1,-5,-2,-4,-2,-4,-2,-5,-1,-5,-1,-5,-1,-5,-2,-4,-3,-3,-3,-1,-3,1,-4,1,-4]"
[0;32mI (75968) ftm_responder: Counter = 76[0m
CSI_DATA,416,1a:00:00:00:00:00,-75,11,0,0,0,0,0,0,0,0,0,-91,0,1,0,75971351,0,31,0,128,0,"[0,0,4,3,6,2,6,1,6,2,5,3,3,5,4,5,6,3,6,1,8,1,10,2,12,3,13,4,13,3,13,2,14,1,16,1,17,2,19,2,20,3,19,5,19,6,18,6,19,5,19,5,20,6,0,0,0,0,0,0,0,0,0,0,0,0,0,0,0,0,0,0,0,0,0,0,8,1,7,1,7,0,7,0,7,-1,7,-1,7,-1,7,-2,6,-2,6,-2,6,-2,5,-2,5,-3,5,-3,4,-3,4,-2,4,-2,3,-2,3,-2,3,-3,3,-4,3,-3,3,-1,3,0,2,0,1,1]"
CSI_DATA,417,1a:00:00:00:00:00,-75,11,0,0,0,0,0,0,0,0,0,-91,0,1,0,76166883,0,31,0,128,0,"[0,0,2,4,2,4,3,5,2,7,1,7,1,8,1,8,2,9,3,8,4,8,5,8,6,9,7,11,8,10,9,9,10,12,10,16,13,17,15,16,19,16,17,15,10,17,8,17,12,16,14,18,11,18,0,0,0,0,0,0,0,0,0,0,0,0,0,0,0,0,0,0,0,0,0,0,2,8,3,7,3,7,3,6,3,5,4,6,4,6,4,5,4,5,5,5,5,5,6,4,6,4,5,3,4,2,3,1,3,2,3,2,3,2,3,1,4,1,4,2,3,2,2,1,2,3,1,5]"
CSI_DATA,418,1a:00:00:00:00:00,-74,11,0,0,0,0,0,0,0,0,0,-91,0,1,0,76566440,0,31,0,128,0,"[0,0,-3,-9,-1,-7,1,-5,2,-8,-1,-10,-3,-11,-1,-11,-2,-12,-6,-15,-7,-16,-6,-13,-7,-12,-10,-12,-12,-12,-13,-14,-13,-17,-12,-17,-14,-17,-17,-19,-18,-22,-16,-22,-11,-21,-11,-22,-15,-23,-17,-25,-16,-27,0,0,0,0,0,0,0,0,0,0,0,0,0,0,0,0,0,0,0,0,0,0,1,-12,1,-11,0,-9,-1,-9,-1,-9,-2,-9,-2,-9,-3,-8,-3,-8,-3,-7,-3,-7,-2,-7,-3,-7,-4,-8,-4,-8,-4,-6,-4,-5,-5,-5,-6,-6,-6,-5,-5,-3,-3,-4,-3,-6,-3,-6,-3,-6,-3,-7]"
CSI_DATA,419,1a:00:00:00:00:00,-75,11,0,0,0,0,0,0,0,0,0,-91,0,1,0,76767281,0,31,0,128,0,"[0,0,-5,-7,-6,-6,-7,-4,-6,-4,-5,-6,-5,-8,-6,-7,-7,-6,-8,-6,-8,-8,-10,-9,-11,-8,-11,-6,-13,-5,-15,-7,-17,-7,-18,-8,-19,-8,-21,-6,-20,-6,-20,-10,-20,-13,-19,-13,-19,-12,-20,-13,-20,-15,0,0,0,0,0,0,0,0,0,0,0,0,0,0,0,0,0,0,0,0,0,0,-8,-7,-8,-7,-8,-7,-7,-6,-7,-5,-7,-4,-7,-4,-7,-3,-7,-3,-6,-3,-6,-3,-7,-3,-6,-2,-6,-3,-6,-3,-6,-3,-5,-2,-3,-3,-4,-2,-6,-1,-6,-2,-5,-3,-5,-3,-3,-4,-3,-5,-4,-5]"
[0;32mI (76968) ftm_responder: Counter = 77[0m
CSI_DATA,420,1a:00:00:00:00:00,-76,11,0,0,0,0,0,0,0,0,0,-91,0,1,0,76968313,0,31,0,128,0,"[0,0,-8,-7,-8,-8,-6,-8,-3,-6,-1,-9,-3,-12,-8,-12,-8,-15,-7,-18,-8,-14,-3,-11,-1,-14,-5,-15,-7,-13,-8,-14,-7,-16,-8,-18,-7,-18,-6,-19,-6,-21,-6,-22,-5,-20,-2,-19,-1,-23,-3,-28,-2,-31,0,0,0,0,0,0,0,0,0,0,0,0,0,0,0,0,0,0,0,0,0,0,-11,3,-11,2,-10,2,-9,3,-9,2,-9,2,-9,3,-8,2,-8,2,-8,2,-7,1,-6,1,-6,0,-7,1,-6,2,-4,2,-5,1,-7,1,-6,1,-4,0,-5,-2,-6,-3,-6,-4,-5,-5,-4,-4,-3,-3]"
CSI_DATA,421,1a:00:00:00:00:00,-75,11,0,0,0,0,0,0,0,0,0,-91,0,1,0,77029311,0,42,0,128,0,"[0,0,-5,5,-6,4,-8,4,-8,4,-8,4,-7,4,-7,4,-7,6,-6,8,-6,10,-6,11,-6,13,-6,14,-6,14,-6,14,-5,16,-5,18,-6,19,-5,20,-5,20,-6,20,-6,21,-6,22,-6,22,-8,20,-9,18,0,0,0,0,0,0,0,0,0,0,0,0,0,0,0,0,0,0,0,0,0,0,-7,7,-7,6,-6,6,-5,6,-4,6,-4,7,-3,7,-4,6,-3,6,-3,6,-3,6,-2,5,-2,5,-1,5,-1,4,-1,4,-1,4,-1,3,-1,3,-1,3,-1,3,-2,3,-2,3,-3,3,-4,3,-5,3]"
CSI_DATA,422,1a:00:00:00:00:00,-73,11,0,0,0,0,0,0,0,0,0,-91,0,1,0,77530458,0,42,0,128,0,"[0,0,2,-6,2,-8,1,-10,2,-8,3,-7,4,-8,4,-8,3,-6,-1,-10,-3,-11,-1,-8,-3,-10,-4,-15,-1,-15,-1,-16,-4,-17,-8,-18,-11,-23,-12,-23,-9,-20,-6,-17,-7,-16,-7,-21,-8,-26,-10,-26,-9,-25,0,0,0,0,0,0,0,0,0,0,0,0,0,0,0,0,0,0,0,0,0,0,8,-7,8,-7,6,-7,5,-7,5,-8,5,-8,5,-8,4,-7,3,-8,3,-8,3,-8,3,-7,2,-7,2,-7,1,-6,0,-6,0,-7,1,-8,1,-6,1,-5,1,-6,2,-8,1,-7,0,-7,0,-8,1,-9]"
[0;32mI (77968) ftm_responder: Counter = 78[0m
CSI_DATA,423,1a:00:00:00:00:00,-73,11,0,0,0,0,0,0,0,0,0,-91,0,1,0,78029891,0,42,0,128,0,"[0,0,-1,-8,-2,-10,-2,-10,1,-8,1,-8,0,-8,-1,-8,1,-8,2,-8,1,-9,-1,-10,-2,-11,0,-12,-1,-14,-4,-14,-4,-14,-3,-17,-3,-20,-1,-20,-1,-20,-1,-19,0,-20,-1,-21,-2,-20,1,-18,2,-20,0,0,0,0,0,0,0,0,0,0,0,0,0,0,0,0,0,0,0,0,0,0,2,-10,2,-10,2,-10,1,-10,0,-10,0,-9,-1,-10,-1,-10,-1,-9,-1,-9,0,-9,-1,-8,-1,-7,-1,-7,-2,-7,-3,-6,-3,-5,-3,-5,-2,-5,-3,-5,-2,-6,-1,-7,1,-6,0,-5,-1,-5,-1,-6]"
CSI_DATA,424,1a:00:00:00:00:00,-74,11,0,0,0,0,0,0,0,0,0,-91,0,1,0,78124706,0,31,0,128,0,"[0,0,3,2,5,1,7,-1,6,0,6,-1,7,-1,7,1,8,1,8,-1,7,-3,8,-2,10,0,11,0,14,-1,16,-1,16,-2,17,-3,17,-5,19,-5,19,-3,18,-1,19,0,20,0,21,-1,22,-1,23,1,0,0,0,0,0,0,0,0,0,0,0,0,0,0,0,0,0,0,0,0,0,0,10,-2,10,-2,9,-2,9,-3,9,-3,9,-3,8,-3,8,-3,8,-4,7,-4,7,-4,6,-4,6,-4,6,-4,6,-3,5,-3,5,-4,4,-5,2,-4,3,-4,4,-4,6,-4,7,-4,6,-3,4,-3,2,-3]"
CSI_DATA,425,1a:00:00:00:00:00,-74,11,0,0,0,0,0,0,0,0,0,-91,0,1,0,78325551,0,31,0,128,0,"[0,0,7,-6,6,-4,6,-3,7,-5,8,-8,7,-8,6,-6,4,-9,5,-11,8,-8,10,-5,9,-8,10,-12,10,-12,8,-13,9,-14,10,-14,10,-16,12,-17,12,-18,13,-19,14,-20,15,-20,14,-18,15,-17,16,-18,0,0,0,0,0,0,0,0,0,0,0,0,0,0,0,0,0,0,0,0,0,0,9,-7,8,-7,7,-8,6,-9,6,-9,6,-9,6,-9,6,-9,5,-9,5,-10,4,-9,3,-8,2,-8,2,-8,2,-8,1,-7,0,-8,1,-8,2,-8,2,-7,2,-6,2,-6,1,-8,3,-8,4,-8,3,-7]"
CSI_DATA,426,1a:00:00:00:00:00,-75,11,0,0,0,0,0,0,0,0,0,-91,0,1,0,78534282,0,31,0,128,0,"[0,0,1,5,-1,7,-1,6,0,6,-2,6,-3,7,-1,11,-2,11,-4,9,0,10,2,12,3,11,4,12,5,13,5,13,5,13,6,14,9,16,10,17,10,16,9,17,7,17,8,15,9,17,8,22,8,23,0,0,0,0,0,0,0,0,0,0,0,0,0,0,0,0,0,0,0,0,0,0,-3,11,-3,11,-2,10,-2,9,-1,10,-1,10,0,10,0,9,0,9,1,9,1,9,1,7,1,6,3,6,3,6,3,6,3,6,2,6,3,5,3,4,1,4,1,4,2,3,2,3,1,4,0,7]"
CSI_DATA,427,1a:00:00:00:00:00,-75,11,0,0,0,0,0,0,0,0,0,-91,0,1,0,78735211,0,31,0,128,0,"[0,0,4,3,7,2,8,2,6,4,6,5,7,3,7,3,6,5,8,6,9,4,9,1,12,1,13,1,14,0,15,0,16,1,16,2,17,2,19,1,21,1,22,3,22,4,22,5,21,4,22,3,24,5,0,0,0,0,0,0,0,0,0,0,0,0,0,0,0,0,0,0,0,0,0,0,10,5,10,4,10,3,9,2,9,2,9,2,9,1,9,1,9,0,9,0,8,0,7,0,7,0,7,-1,6,-2,5,-2,5,-1,6,0,7,0,5,0,3,0,4,0,6,-1,6,-1,5,0,4,0]"
CSI_DATA,428,1a:00:00:00:00:00,-75,11,0,0,0,0,0,0,0,0,0,-91,0,1,0,78932965,0,31,0,128,0,"[0,0,-3,5,-3,6,-4,6,-4,6,-5,7,-6,8,-6,7,-5,5,-5,6,-4,7,-5,9,-6,10,-4,11,-3,12,-2,14,0,16,-1,18,-5,19,-7,23,-7,25,-6,21,-5,19,-3,24,-5,20,-8,13,-7,12,0,0,0,0,0,0,0,0,0,0,0,0,0,0,0,0,0,0,0,0,0,0,-5,9,-4,9,-4,9,-4,8,-4,7,-4,8,-3,9,-2,9,-2,8,-2,8,-1,7,0,7,0,7,0,7,0,6,0,5,0,5,0,5,1,6,1,5,-1,5,-2,6,-3,7,-3,6,-2,5,-1,5]"
[0;32mI (78968) ftm_responder: Counter = 79[0m
CSI_DATA,429,1a:00:00:00:00:00,-76,11,0,0,0,0,0,0,0,0,0,-91,0,1,0,79134057,0,31,0,128,0,"[0,0,4,-6,2,-7,1,-8,3,-7,3,-7,2,-9,1,-11,1,-10,1,-9,1,-10,0,-12,-1,-12,-2,-14,-3,-16,-4,-16,-2,-18,-1,-20,-1,-22,-2,-23,-3,-23,-3,-26,-1,-26,1,-26,0,-27,1,-27,2,-27,0,0,0,0,0,0,0,0,0,0,0,0,0,0,0,0,0,0,0,0,0,0,7,-11,6,-10,4,-10,3,-10,3,-11,2,-11,2,-11,1,-11,1,-11,1,-11,1,-10,0,-9,0,-8,1,-7,0,-7,-2,-8,-3,-7,-3,-7,-2,-7,-2,-7,-2,-7,-2,-7,-1,-8,0,-6,0,-4,1,-4]"
CSI_DATA,430,1a:00:00:00:00:00,-74,11,0,0,0,0,0,0,0,0,0,-91,0,1,0,79334840,0,31,0,128,0,"[0,0,-4,-8,0,-9,-1,-15,-5,-15,-5,-12,0,-14,3,-13,1,-8,-4,-8,-5,-9,-4,-9,-5,-10,-4,-11,-4,-12,-8,-14,-11,-14,-10,-14,-9,-14,-12,-16,-14,-17,-12,-17,-11,-19,-13,-21,-13,-21,-10,-20,-8,-20,0,0,0,0,0,0,0,0,0,0,0,0,0,0,0,0,0,0,0,0,0,0,-1,-11,-1,-11,-2,-11,-3,-10,-3,-9,-2,-9,-2,-9,-3,-9,-3,-9,-3,-8,-5,-8,-5,-8,-5,-7,-6,-4,-8,-3,-7,-5,-6,-3,-3,-2,-2,-2,-4,-1,-5,0,-5,-3,-5,-5,-5,-5,-4,-4,-3,-4]"
CSI_DATA,431,1a:00:00:00:00:00,-75,11,0,0,0,0,0,0,0,0,0,-91,0,1,0,79532635,0,31,0,128,0,"[0,0,6,0,7,1,7,1,8,-1,9,0,10,1,10,1,9,1,9,1,11,2,12,1,11,0,10,-2,13,-1,17,-3,18,-5,17,-6,19,-6,22,-5,22,-6,21,-9,21,-8,23,-4,26,-3,27,-3,28,-2,0,0,0,0,0,0,0,0,0,0,0,0,0,0,0,0,0,0,0,0,0,0,11,3,12,3,11,2,11,1,11,0,11,-1,12,-1,12,-1,11,-2,11,-3,10,-4,9,-3,8,-2,7,-2,7,-3,7,-2,5,-3,3,-6,3,-6,4,-4,3,-3,3,-4,4,-3,3,-3,3,-4,6,-2]"
CSI_DATA,432,1a:00:00:00:00:00,-72,11,0,0,0,0,0,0,0,0,0,-91,0,1,0,79837944,0,28,0,128,0,"[0,0,9,-11,7,-11,7,-9,8,-9,7,-9,7,-8,6,-8,4,-7,3,-7,3,-6,4,-5,5,-5,5,-3,5,-3,5,-4,5,-3,5,-2,6,-2,6,-2,6,0,7,2,6,3,6,4,5,5,4,6,2,7,0,0,0,0,0,0,0,0,0,0,0,0,0,0,0,0,0,0,0,0,0,0,11,-11,11,-11,12,-11,12,-12,13,-12,14,-13,14,-13,14,-12,14,-11,14,-11,14,-11,13,-12,13,-12,13,-11,12,-11,11,-11,10,-12,10,-13,9,-13,9,-12,8,-12,7,-13,9,-13,9,-12,7,-12,6,-12]"
[0;32mI (79968) ftm_responder: Counter = 80[0m
CSI_DATA,433,1a:00:00:00:00:00,-75,11,0,0,0,0,0,0,0,0,0,-91,0,1,0,80093991,0,42,0,128,0,"[0,0,7,-13,7,-12,6,-13,6,-13,6,-12,7,-11,7,-10,5,-8,5,-7,6,-5,7,-4,7,-5,4,-4,3,-3,6,-2,8,0,7,1,6,2,6,4,6,5,5,5,4,7,2,9,1,11,0,13,0,13,0,0,0,0,0,0,0,0,0,0,0,0,0,0,0,0,0,0,0,0,0,0,14,-7,13,-8,13,-9,14,-9,15,-10,15,-10,15,-10,15,-10,16,-10,16,-10,16,-9,15,-9,15,-10,14,-10,13,-10,12,-11,11,-11,11,-12,11,-12,11,-12,10,-13,9,-15,8,-15,7,-12,7,-12,8,-15]"
CSI_DATA,434,1a:00:00:00:00:00,-75,11,0,0,0,0,0,0,0,0,0,-91,0,1,0,80169197,0,31,0,128,0,"[0,0,6,-10,9,-9,9,-7,8,-8,6,-10,5,-9,3,-7,2,-6,2,-6,3,-6,5,-6,4,-4,3,-4,4,-5,5,-4,5,-1,6,1,7,3,6,4,5,5,4,7,4,9,3,10,1,12,0,12,-1,13,0,0,0,0,0,0,0,0,0,0,0,0,0,0,0,0,0,0,0,0,0,0,13,-8,12,-9,11,-9,12,-10,12,-11,13,-12,13,-12,13,-12,13,-12,12,-11,12,-11,12,-11,12,-11,12,-12,11,-13,10,-13,9,-13,10,-13,11,-13,9,-14,7,-14,7,-15,5,-15,4,-15,4,-15,4,-15]"
CSI_DATA,435,1a:00:00:00:00:00,-75,11,0,0,0,0,0,0,0,0,0,-91,0,1,0,80370059,0,31,0,128,0,"[0,0,9,4,7,6,5,6,6,6,6,5,4,5,3,4,3,4,4,4,3,4,2,4,0,3,-1,3,0,5,0,5,-1,6,-3,7,-3,9,-3,9,-4,6,-5,7,-4,10,-4,6,-11,1,-13,0,-6,-4,0,0,0,0,0,0,0,0,0,0,0,0,0,0,0,0,0,0,0,0,0,0,8,12,8,11,8,11,7,12,7,12,8,11,8,11,8,12,8,11,7,11,7,11,6,10,6,10,7,10,8,9,7,8,7,8,9,9,9,8,10,7,10,8,9,8,8,7,9,6,10,7,11,6]"
CSI_DATA,436,1a:00:00:00:00:00,-76,11,0,0,0,0,0,0,0,0,0,-91,0,1,0,80569715,0,31,0,128,0,"[0,0,1,-13,2,-12,1,-10,-1,-9,-2,-8,-4,-8,-2,-10,0,-9,1,-7,1,-6,2,-4,3,-4,2,-4,3,-5,5,-5,5,-4,5,-3,5,-2,7,-1,9,1,10,2,9,4,8,7,7,8,7,8,8,9,0,0,0,0,0,0,0,0,0,0,0,0,0,0,0,0,0,0,0,0,0,0,16,-10,15,-10,15,-10,14,-9,14,-10,14,-11,14,-12,13,-12,13,-11,12,-11,12,-11,11,-11,11,-11,9,-12,8,-13,7,-12,5,-11,4,-12,3,-11,2,-11,1,-13,1,-13,1,-12,2,-13,2,-13,3,-14]"
CSI_DATA,437,1a:00:00:00:00:00,-74,11,0,0,0,0,0,0,0,0,0,-91,0,1,0,80780090,0,31,0,128,0,"[0,0,15,5,14,2,12,0,9,0,7,-1,7,1,6,3,4,3,4,1,6,1,4,2,3,2,4,3,3,4,1,4,2,5,3,4,-1,3,-7,0,-10,-2,-8,2,-5,2,-6,-2,-12,-1,-15,-2,-11,-3,0,0,0,0,0,0,0,0,0,0,0,0,0,0,0,0,0,0,0,0,0,0,12,9,13,8,13,8,13,8,13,9,14,10,13,9,12,7,12,6,11,6,10,6,10,8,11,9,12,8,11,6,11,4,11,4,10,3,10,2,11,3,11,2,12,2,12,4,11,5,10,3,8,1]"
[0;32mI (80968) ftm_responder: Counter = 81[0m
CSI_DATA,438,1a:00:00:00:00:00,-76,11,0,0,0,0,0,0,0,0,0,-91,0,1,0,81173494,0,31,0,128,0,"[0,0,5,10,4,10,4,11,5,12,4,10,5,6,4,7,3,10,3,10,1,8,0,6,0,5,-1,5,0,4,0,2,-3,1,-5,1,-3,0,-1,0,-1,0,-1,-2,-1,-8,-1,-10,-1,-8,-1,-9,0,-13,0,0,0,0,0,0,0,0,0,0,0,0,0,0,0,0,0,0,0,0,0,0,1,11,1,12,1,13,1,14,1,14,2,14,2,14,2,15,1,15,2,14,2,14,2,13,3,13,4,13,4,13,4,13,4,12,5,11,7,12,7,12,6,12,7,10,7,9,7,10,7,10,5,10]"
CSI_DATA,439,1a:00:00:00:00:00,-76,11,0,0,0,0,0,0,0,0,0,-91,0,1,0,81375257,0,31,0,128,0,"[0,0,11,5,7,7,7,8,8,8,7,9,6,9,5,5,5,2,4,1,5,2,6,2,5,0,2,-1,1,-1,2,1,1,2,-1,1,-5,-1,-6,-2,-5,-4,-5,-5,-6,-7,-6,-7,-6,-8,-5,-11,-4,-13,0,0,0,0,0,0,0,0,0,0,0,0,0,0,0,0,0,0,0,0,0,0,1,16,1,14,2,13,3,13,3,14,3,14,3,15,3,16,3,16,4,15,3,14,2,13,4,13,6,13,6,12,6,12,6,12,8,11,9,11,8,12,8,9,10,8,12,8,13,9,13,11,13,11]"
CSI_DATA,440,1a:00:00:00:00:00,-77,11,0,0,0,0,0,0,0,0,0,-91,0,1,0,81575950,0,31,0,128,0,"[0,0,13,8,11,5,8,4,6,5,9,3,12,2,10,4,7,4,7,3,4,2,1,1,0,0,-3,-2,-5,-2,-5,0,-5,1,-6,3,-7,3,-6,1,-7,-3,-9,-4,-11,-1,-13,-3,-14,-7,-14,-10,-12,-12,0,0,0,0,0,0,0,0,0,0,0,0,0,0,0,0,0,0,0,0,0,0,9,16,9,15,8,14,8,14,8,14,8,15,8,16,8,16,8,15,7,14,5,13,5,14,6,13,9,10,10,8,8,8,8,8,10,9,12,9,11,9,9,7,8,7,9,8,10,7,13,5,15,3]"
CSI_DATA,441,1a:00:00:00:00:00,-77,11,0,0,0,0,0,0,0,0,0,-91,0,1,0,81637416,0,42,0,128,0,"[0,0,12,-1,12,-2,9,-1,8,0,9,-2,10,-3,8,0,5,2,5,1,7,0,7,2,6,4,5,4,3,4,3,4,3,4,2,4,1,5,0,6,-2,6,-6,6,-9,8,-9,9,-8,7,-10,2,-12,-1,0,0,0,0,0,0,0,0,0,0,0,0,0,0,0,0,0,0,0,0,0,0,15,8,14,8,14,7,14,7,14,6,15,6,15,6,15,7,14,7,13,7,12,6,13,6,13,5,12,2,11,2,14,2,15,1,12,0,11,0,16,-1,16,-1,13,-1,13,-1,13,0,12,-1,12,-3]"
[0;32mI (81968) ftm_responder: Counter = 82[0m
CSI_DATA,442,1a:00:00:00:00:00,-76,11,0,0,0,0,0,0,0,0,0,-91,0,1,0,82138306,0,42,0,128,0,"[0,0,-10,-6,-9,-5,-9,-4,-11,-4,-11,-5,-10,-5,-10,-5,-10,-6,-7,-5,-5,-5,-5,-6,-5,-6,-3,-6,-3,-6,-1,-6,0,-6,1,-5,2,-5,3,-4,4,-4,5,-4,7,-3,9,-2,11,-1,11,1,12,3,0,0,0,0,0,0,0,0,0,0,0,0,0,0,0,0,0,0,0,0,0,0,-11,-17,-10,-16,-10,-16,-11,-16,-11,-16,-12,-17,-12,-17,-11,-16,-11,-16,-12,-17,-11,-16,-10,-15,-10,-13,-11,-12,-12,-11,-13,-10,-14,-9,-13,-9,-14,-10,-14,-11,-15,-11,-15,-9,-15,-9,-14,-10,-14,-9,-13,-8]"
CSI_DATA,443,1a:00:00:00:00:00,-76,11,0,0,0,0,0,0,0,0,0,-91,0,1,0,82637082,0,42,0,128,0,"[0,0,-10,-6,-10,-10,-10,-9,-10,-6,-8,-6,-8,-6,-8,-6,-7,-5,-6,-4,-5,-4,-4,-4,-5,-3,-4,-3,-1,-4,1,-3,0,-3,1,-4,3,-4,4,-2,4,-1,4,0,5,0,7,-1,7,-2,6,-2,7,1,0,0,0,0,0,0,0,0,0,0,0,0,0,0,0,0,0,0,0,0,0,0,-2,-19,-3,-19,-4,-18,-4,-18,-4,-18,-4,-19,-4,-19,-4,-17,-4,-16,-5,-16,-5,-16,-5,-16,-6,-15,-6,-14,-7,-13,-7,-14,-7,-14,-8,-12,-8,-11,-8,-11,-6,-10,-6,-8,-8,-7,-7,-5,-8,-5,-8,-8]"
CSI_DATA,444,1a:00:00:00:00:00,-77,11,0,0,0,0,0,0,0,0,0,-91,0,1,0,82732585,0,31,0,128,0,"[0,0,7,4,7,3,7,0,7,-2,6,0,3,1,4,-1,4,-1,3,1,3,0,3,2,2,5,2,4,1,3,0,2,0,3,0,5,-1,3,-3,1,-5,1,-8,1,-13,0,-12,0,-9,1,-9,1,-10,-1,0,0,0,0,0,0,0,0,0,0,0,0,0,0,0,0,0,0,0,0,0,0,10,15,10,15,10,15,10,15,10,15,10,15,9,15,9,15,10,15,10,15,9,14,8,13,9,12,9,11,9,11,10,9,11,9,10,9,9,9,9,8,9,7,10,4,10,3,9,5,9,4,9,2]"
CSI_DATA,445,1a:00:00:00:00:00,-75,11,0,0,0,0,0,0,0,0,0,-91,0,1,0,82933645,0,31,0,128,0,"[0,0,-6,0,-4,-2,-5,-5,-8,-4,-9,-3,-7,-4,-5,-5,-5,-3,-6,-3,-6,-4,-7,-5,-5,-5,-2,-1,-1,3,0,1,-1,-1,-1,-2,1,-3,2,-3,2,-2,4,-1,7,0,6,0,4,2,4,3,5,4,0,0,0,0,0,0,0,0,0,0,0,0,0,0,0,0,0,0,0,0,0,0,-12,-18,-11,-18,-10,-17,-9,-17,-9,-18,-8,-18,-7,-17,-7,-17,-8,-17,-7,-18,-5,-18,-5,-17,-6,-15,-8,-12,-9,-11,-9,-11,-6,-10,-7,-10,-10,-11,-9,-11,-9,-11,-10,-12,-10,-11,-11,-9,-12,-5,-9,-3]"
[0;32mI (82968) ftm_responder: Counter = 83[0m
CSI_DATA,446,1a:00:00:00:00:00,-76,11,0,0,0,0,0,0,0,0,0,-91,0,1,0,83139185,0,31,0,128,0,"[0,0,6,-6,4,-6,6,-5,7,-2,9,-2,8,-6,7,-8,8,-7,7,-3,5,-4,2,-6,3,-6,5,-4,4,-3,2,-2,1,-1,0,0,-1,-1,-3,-1,-3,-1,-3,0,-5,0,-6,0,-7,-1,-8,-1,-8,-2,0,0,0,0,0,0,0,0,0,0,0,0,0,0,0,0,0,0,0,0,0,0,17,-2,18,-2,18,-2,18,-2,18,-1,18,0,18,1,18,2,17,2,16,2,15,1,14,1,13,1,13,1,13,0,12,0,12,-1,12,-1,11,-2,10,-2,10,0,11,-2,10,-4,10,-3,10,-3,10,-6]"
CSI_DATA,447,1a:00:00:00:00:00,-75,11,0,0,0,0,0,0,0,0,0,-91,0,1,0,83336014,0,31,0,128,0,"[0,0,2,-11,0,-12,1,-10,2,-8,2,-8,2,-8,2,-7,2,-6,1,-7,1,-7,2,-6,1,-4,2,-3,1,-2,0,-2,-1,-2,-1,-2,-3,-2,-4,1,-3,1,0,-4,-2,-3,-10,-1,-16,1,-11,1,-3,-3,0,0,0,0,0,0,0,0,0,0,0,0,0,0,0,0,0,0,0,0,0,0,-7,-16,-6,-16,-5,-16,-4,-16,-3,-17,-2,-17,-1,-16,0,-16,0,-16,1,-15,2,-15,2,-14,0,-14,0,-13,1,-13,1,-13,1,-13,1,-12,1,-11,0,-10,-1,-10,-1,-10,0,-11,1,-12,2,-11,-1,-10]"
CSI_DATA,448,1a:00:00:00:00:00,-75,11,0,0,0,0,0,0,0,0,0,-91,0,1,0,83539190,0,31,0,128,0,"[0,0,4,12,5,12,5,11,5,10,5,10,2,9,2,7,3,6,4,6,3,6,2,5,2,4,2,3,3,3,3,4,0,4,-2,4,-3,2,-4,0,-5,-1,-5,-3,-5,-6,-4,-8,-3,-9,-3,-9,-4,-10,0,0,0,0,0,0,0,0,0,0,0,0,0,0,0,0,0,0,0,0,0,0,0,21,1,22,1,21,1,21,0,21,-2,22,-2,22,-2,21,-3,19,-3,19,-2,19,-1,18,0,17,0,17,1,18,1,17,1,16,2,15,1,15,0,15,2,12,3,11,3,12,5,13,8,13,6,13]"
CSI_DATA,449,1a:00:00:00:00:00,-76,11,0,0,0,0,0,0,0,0,0,-91,0,1,0,83744139,0,31,0,128,0,"[0,0,4,10,4,9,4,7,5,6,6,5,6,5,5,7,3,7,3,5,3,4,3,4,1,5,1,4,0,2,-2,1,-2,1,-1,0,-3,0,-4,0,-4,-1,-4,-2,-4,-4,-3,-5,-4,-6,-3,-7,-2,-10,0,0,0,0,0,0,0,0,0,0,0,0,0,0,0,0,0,0,0,0,0,0,8,15,8,16,8,16,7,16,7,15,7,16,7,16,7,16,6,15,5,15,4,15,4,15,5,15,5,14,5,11,5,10,6,11,6,12,6,12,6,12,7,11,6,10,5,10,6,10,7,9,8,8]"
[0;32mI (83968) ftm_responder: Counter = 84[0m
CSI_DATA,450,1a:00:00:00:00:00,-76,11,0,0,0,0,0,0,0,0,0,-91,0,1,0,84140900,0,31,0,128,0,"[0,0,6,11,6,7,7,5,8,4,9,3,8,3,5,4,2,2,3,1,5,2,5,2,3,1,1,1,0,1,-1,-1,-1,-3,-2,-6,-5,-6,-5,-5,-5,-6,-5,-7,-3,-8,-3,-8,-3,-9,-2,-11,-2,-12,0,0,0,0,0,0,0,0,0,0,0,0,0,0,0,0,0,0,0,0,0,0,9,19,8,19,6,20,6,19,7,19,7,18,5,19,4,19,4,19,3,18,3,17,4,16,5,17,4,18,4,18,4,15,4,12,6,11,8,11,8,11,8,10,7,9,7,10,5,10,6,10,8,12]"
CSI_DATA,451,1a:00:00:00:00:00,-75,11,0,0,0,0,0,0,0,0,0,-91,0,1,0,84702018,0,42,0,128,0,"[0,0,18,-5,18,-6,17,-5,16,-3,16,-5,17,-5,19,-3,19,-4,18,-4,15,-4,13,-3,13,-4,14,-5,14,-6,14,-5,15,-4,15,-3,14,-3,14,-2,14,-3,14,-3,15,-1,16,1,17,2,16,1,15,1,0,0,0,0,0,0,0,0,0,0,0,0,0,0,0,0,0,0,0,0,0,0,8,4,8,3,9,2,9,1,9,1,9,2,9,2,10,3,10,3,10,2,9,2,9,2,10,2,10,1,10,1,10,1,11,0,12,-1,12,-2,11,-4,11,-4,12,-3,14,-3,14,-4,15,-5,18,-4]"
[0;32mI (84968) ftm_responder: Counter = 85[0m
CSI_DATA,452,1a:00:00:00:00:00,-76,11,0,0,0,0,0,0,0,0,0,-91,0,1,0,85202212,0,42,0,128,0,"[0,0,2,17,4,18,5,18,2,18,1,16,0,16,-2,16,-2,14,0,12,2,12,2,12,0,10,-3,7,-3,7,-1,9,0,8,0,7,-1,8,0,8,0,7,-1,8,0,9,0,9,1,9,1,9,0,9,0,0,0,0,0,0,0,0,0,0,0,0,0,0,0,0,0,0,0,0,0,0,4,12,4,12,4,11,4,10,3,10,4,11,4,12,4,12,4,12,3,12,2,12,2,12,3,12,4,12,5,12,5,12,5,13,5,13,5,12,5,13,5,14,6,13,5,14,2,15,2,14,4,14]"
CSI_DATA,453,1a:00:00:00:00:00,-75,11,0,0,0,0,0,0,0,0,0,-91,0,1,0,85293430,0,31,0,128,0,"[0,0,16,6,14,7,12,7,14,6,17,8,15,10,13,7,10,3,8,2,9,3,10,3,11,2,10,1,8,-1,7,1,7,2,9,3,10,5,8,4,8,6,7,8,5,3,6,0,9,-1,9,-1,9,0,0,0,0,0,0,0,0,0,0,0,0,0,0,0,0,0,0,0,0,0,0,0,11,10,10,9,10,8,9,8,9,8,10,8,10,8,10,8,11,9,11,8,10,8,11,8,11,8,11,8,12,8,13,8,14,8,13,7,10,5,11,5,13,3,14,3,13,4,13,4,13,4,17,5]"
CSI_DATA,454,1a:00:00:00:00:00,-76,11,0,0,0,0,0,0,0,0,0,-91,0,1,0,85494774,0,31,0,128,0,"[0,0,14,9,14,8,14,8,12,10,10,8,11,5,8,2,7,2,9,4,11,7,10,6,9,3,7,0,7,0,8,2,8,3,8,5,8,6,10,5,9,4,6,3,5,2,5,3,6,4,8,4,9,6,0,0,0,0,0,0,0,0,0,0,0,0,0,0,0,0,0,0,0,0,0,0,14,1,13,2,12,2,12,2,13,2,13,2,13,2,13,2,13,3,12,4,12,4,12,4,13,3,14,3,12,2,12,3,14,3,14,2,14,2,14,2,14,3,15,3,15,1,16,0,16,1,15,3]"
CSI_DATA,455,1a:00:00:00:00:00,-77,11,0,0,0,0,0,0,0,0,0,-91,0,1,0,85698546,0,31,0,128,0,"[0,0,-10,6,-10,8,-10,8,-9,9,-9,10,-10,10,-10,9,-10,10,-11,9,-7,6,-4,5,-7,5,-7,5,-4,5,-6,5,-6,5,-4,7,-5,10,-6,9,-4,7,-3,8,-3,7,-5,5,-7,6,-7,8,-5,9,0,0,0,0,0,0,0,0,0,0,0,0,0,0,0,0,0,0,0,0,0,0,-11,9,-11,9,-11,8,-11,8,-11,8,-11,9,-11,8,-11,7,-12,7,-12,9,-12,8,-11,7,-11,7,-11,8,-12,9,-11,8,-10,8,-9,9,-7,9,-6,8,-8,10,-9,13,-10,13,-10,13,-12,12,-13,10]"
CSI_DATA,456,1a:00:00:00:00:00,-76,11,0,0,0,0,0,0,0,0,0,-91,0,1,0,85903501,0,31,0,128,0,"[0,0,0,-14,0,-15,0,-14,0,-12,-1,-12,1,-14,3,-15,4,-11,4,-10,2,-12,0,-10,-1,-7,-2,-7,-2,-8,0,-9,0,-8,0,-7,-2,-7,-4,-8,-4,-8,-2,-9,-1,-10,0,-8,2,-9,1,-11,0,-12,0,0,0,0,0,0,0,0,0,0,0,0,0,0,0,0,0,0,0,0,0,0,5,-14,4,-13,4,-12,3,-11,2,-11,2,-11,2,-11,2,-12,2,-13,3,-12,5,-11,5,-10,5,-10,3,-10,1,-12,1,-12,2,-11,2,-12,1,-11,0,-10,1,-10,3,-11,2,-14,1,-14,1,-15,2,-17]"
[0;32mI (85968) ftm_responder: Counter = 86[0m
CSI_DATA,457,1a:00:00:00:00:00,-78,11,0,0,0,0,0,0,0,0,0,-91,0,1,0,86109097,0,31,0,128,0,"[0,0,-9,15,-8,14,-8,12,-8,12,-10,15,-12,15,-10,13,-8,12,-9,11,-8,10,-5,10,-4,9,-4,8,-4,6,-4,5,-4,6,-4,8,-3,10,-3,10,-2,10,-2,10,-2,10,-1,10,0,11,-2,13,-6,14,0,0,0,0,0,0,0,0,0,0,0,0,0,0,0,0,0,0,0,0,0,0,-10,12,-10,12,-9,11,-9,11,-8,10,-8,11,-9,11,-9,11,-9,9,-8,9,-8,10,-7,11,-6,11,-5,11,-6,11,-6,11,-5,12,-3,12,-4,11,-7,13,-7,14,-5,14,-4,15,-4,14,-4,13,-5,14]"
CSI_DATA,458,1a:00:00:00:00:00,-77,11,0,0,0,0,0,0,0,0,0,-91,0,1,0,86309572,0,31,0,128,0,"[0,0,-13,5,-13,4,-12,2,-11,1,-11,1,-12,1,-13,1,-11,1,-10,1,-9,2,-8,1,-8,0,-7,0,-5,0,-6,-1,-9,-1,-11,0,-10,0,-13,2,-17,3,-11,3,-4,0,-5,-2,-10,-1,-12,-3,-13,-3,0,0,0,0,0,0,0,0,0,0,0,0,0,0,0,0,0,0,0,0,0,0,-9,7,-8,7,-8,6,-7,6,-6,5,-6,5,-6,5,-6,6,-7,5,-7,5,-7,6,-7,7,-8,6,-8,6,-7,7,-6,7,-7,7,-7,8,-8,9,-8,9,-8,9,-8,10,-9,10,-10,11,-11,10,-12,7]"
CSI_DATA,459,1a:00:00:00:00:00,-78,11,0,0,0,0,0,0,0,0,0,-91,0,1,0,86501387,0,31,0,128,0,"[0,0,3,-14,-6,-11,-13,-10,-10,-15,-2,-19,6,-17,4,-8,-1,-3,0,-6,2,-9,3,-9,2,-11,-1,-11,-4,-8,-4,-6,-3,-4,-5,-3,-6,-5,-6,-5,-7,-8,-8,-10,-6,-7,-8,-9,-11,-10,-7,-10,-4,-13,0,0,0,0,0,0,0,0,0,0,0,0,0,0,0,0,0,0,0,0,0,0,10,-6,9,-6,8,-6,7,-7,6,-7,5,-7,5,-7,4,-7,4,-8,3,-8,3,-10,3,-10,3,-10,3,-10,2,-10,1,-10,-1,-9,0,-9,1,-12,1,-16,0,-17,0,-13,-2,-12,-3,-12,-2,-12,-2,-14]"
CSI_DATA,460,1a:00:00:00:00:00,-78,11,0,0,0,0,0,0,0,0,0,-91,0,1,0,86701702,0,31,0,128,0,"[0,0,13,11,12,12,10,9,9,7,11,7,12,5,12,6,11,8,9,7,9,5,11,6,9,6,7,5,7,5,8,5,9,2,8,-1,7,-4,10,-4,11,0,10,1,9,-1,12,-1,12,1,9,2,9,3,0,0,0,0,0,0,0,0,0,0,0,0,0,0,0,0,0,0,0,0,0,0,4,12,4,10,3,9,3,9,4,8,5,8,5,8,5,8,5,7,5,6,7,5,8,5,9,7,10,7,11,6,11,5,11,4,12,5,13,6,14,5,14,6,12,8,12,6,15,5,16,6,18,5]"
CSI_DATA,461,1a:00:00:00:00:00,-79,11,0,0,0,0,0,0,0,0,0,-91,0,1,0,86768509,0,42,0,128,0,"[0,0,-15,11,-13,11,-13,12,-13,10,-13,8,-13,9,-14,10,-13,9,-13,9,-10,7,-8,5,-7,5,-7,7,-7,7,-8,5,-7,6,-6,8,-5,10,-2,8,-2,7,-4,7,-4,7,-3,8,-6,9,-9,10,-12,12,0,0,0,0,0,0,0,0,0,0,0,0,0,0,0,0,0,0,0,0,0,0,-13,6,-12,5,-11,4,-9,4,-8,4,-8,5,-9,6,-9,6,-9,6,-9,7,-9,6,-8,7,-8,9,-8,10,-9,10,-9,11,-10,10,-9,11,-7,13,-9,12,-10,13,-10,14,-11,15,-11,14,-11,14,-12,14]"
CSI_DATA,462,1a:00:00:00:00:00,-77,11,0,0,0,0,0,0,0,0,0,-91,0,1,0,86823026,0,31,0,128,0,"[0,0,17,-10,16,-6,16,-4,16,-3,12,-4,9,-3,9,-2,9,-2,8,-1,8,0,11,-1,9,-2,5,-1,8,-2,9,-2,7,-2,8,-2,10,0,8,1,5,4,5,5,10,-2,9,-4,9,4,14,8,16,9,0,0,0,0,0,0,0,0,0,0,0,0,0,0,0,0,0,0,0,0,0,0,6,-11,5,-10,4,-9,3,-8,2,-9,2,-9,4,-9,4,-8,3,-9,3,-10,4,-11,3,-11,2,-11,3,-11,3,-11,3,-11,4,-11,5,-10,6,-11,8,-14,9,-15,8,-15,8,-14,9,-12,11,-11,13,-13]"
[0;32mI (86968) ftm_responder: Counter = 87[0m
CSI_DATA,463,1a:00:00:00:00:00,-77,11,0,0,0,0,0,0,0,0,0,-91,0,1,0,87026421,0,31,0,128,0,"[0,0,-16,9,-15,9,-15,8,-16,5,-15,1,-12,2,-12,3,-12,4,-12,4,-13,1,-11,0,-8,0,-7,1,-8,1,-9,0,-11,1,-12,4,-8,2,-2,-1,-5,0,-7,1,-5,1,-8,3,-10,4,-14,4,-21,8,0,0,0,0,0,0,0,0,0,0,0,0,0,0,0,0,0,0,0,0,0,0,-8,8,-8,7,-7,7,-6,6,-6,6,-6,6,-5,7,-5,7,-5,7,-5,7,-5,7,-5,7,-4,8,-5,9,-5,9,-7,8,-8,10,-8,11,-9,12,-10,13,-10,14,-9,13,-8,11,-12,11,-13,13,-11,11]"
CSI_DATA,464,1a:00:00:00:00:00,-77,11,0,0,0,0,0,0,0,0,0,-91,0,1,0,87231230,0,31,0,128,0,"[0,0,-15,-4,-15,-4,-15,-3,-14,-4,-12,-5,-11,-3,-11,-2,-10,-2,-10,-3,-10,-3,-10,-3,-7,-4,-6,-4,-10,-4,-9,-1,-6,2,-6,3,-8,6,-8,6,-7,1,-4,-2,-2,-1,-2,5,-6,2,-14,-6,-17,-10,0,0,0,0,0,0,0,0,0,0,0,0,0,0,0,0,0,0,0,0,0,0,-7,-8,-7,-7,-7,-6,-7,-5,-7,-5,-8,-4,-8,-4,-7,-3,-8,-2,-9,-2,-9,-2,-8,-2,-10,-1,-11,-1,-13,-1,-14,0,-13,0,-12,-1,-13,-1,-15,-1,-14,-2,-13,-3,-14,0,-15,1,-14,0,-14,-1]"
CSI_DATA,465,1a:00:00:00:00:00,-76,11,0,0,0,0,0,0,0,0,0,-91,0,1,0,87431694,0,31,0,128,0,"[0,0,-9,10,-8,11,-7,11,-8,11,-10,11,-8,10,-6,9,-6,9,-7,10,-6,10,-5,10,-4,10,-4,7,-2,7,0,9,3,8,4,7,-1,8,-1,5,0,3,-2,2,2,2,11,7,15,12,10,13,6,14,0,0,0,0,0,0,0,0,0,0,0,0,0,0,0,0,0,0,0,0,0,0,-10,-6,-10,-4,-9,-3,-9,-2,-9,-1,-9,-1,-9,0,-9,1,-8,2,-9,3,-10,3,-11,4,-10,6,-8,7,-6,6,-7,6,-9,8,-9,9,-9,10,-9,10,-9,12,-9,14,-9,13,-9,14,-9,14,-10,15]"
CSI_DATA,466,1a:00:00:00:00:00,-77,11,0,0,0,0,0,0,0,0,0,-91,0,1,0,87632527,0,31,0,128,0,"[0,0,-11,-10,-9,-16,-5,-13,-6,-8,-6,-7,-6,-6,-9,-3,-11,-4,-9,-6,-8,-4,-7,-3,-8,0,-11,0,-10,-2,-6,-1,-4,2,-3,2,-3,3,-3,5,-4,6,-3,7,-1,7,0,8,1,8,2,9,1,10,0,0,0,0,0,0,0,0,0,0,0,0,0,0,0,0,0,0,0,0,0,0,7,8,7,7,7,6,7,4,8,2,9,1,9,0,8,-2,8,-4,9,-5,8,-7,6,-9,6,-8,7,-9,6,-11,5,-12,4,-14,3,-14,1,-13,-2,-14,-3,-14,-5,-15,-8,-19,-8,-16,-11,-11,-10,-12]"
CSI_DATA,467,1a:00:00:00:00:00,-77,11,0,0,0,0,0,0,0,0,0,-91,0,1,0,87828594,0,31,0,128,0,"[0,0,-13,1,-13,0,-13,-1,-13,-2,-13,-3,-13,-4,-12,-4,-11,-4,-10,-4,-11,-3,-10,-2,-10,-2,-10,-2,-10,-1,-11,0,-11,0,-11,1,-10,0,-10,0,-10,0,-11,0,-11,-1,-11,-2,-11,-2,-12,-3,-12,-5,0,0,0,0,0,0,0,0,0,0,0,0,0,0,0,0,0,0,0,0,0,0,-13,4,-13,4,-12,4,-12,4,-11,3,-11,3,-11,4,-10,4,-10,4,-11,4,-11,5,-10,5,-11,5,-11,6,-12,5,-13,6,-13,6,-14,6,-15,6,-16,5,-17,5,-17,5,-18,6,-17,6,-17,6,-17,6]"
[0;32mI (87968) ftm_responder: Counter = 88[0m
CSI_DATA,468,1a:00:00:00:00:00,-78,11,0,0,0,0,0,0,0,0,0,-91,0,1,0,88030427,0,31,0,128,0,"[0,0,-20,1,-16,2,-15,0,-16,-2,-18,-2,-18,-2,-15,-1,-15,-3,-14,-3,-13,-1,-12,-2,-11,-2,-9,0,-9,3,-9,3,-9,2,-7,3,-7,1,-8,-2,-10,1,-12,7,-10,7,-7,4,-7,5,-8,7,-11,6,0,0,0,0,0,0,0,0,0,0,0,0,0,0,0,0,0,0,0,0,0,0,-14,2,-14,1,-13,0,-12,0,-11,1,-11,1,-12,1,-12,2,-11,3,-11,4,-11,4,-13,5,-14,5,-12,4,-10,5,-13,6,-15,6,-14,6,-14,4,-14,3,-14,6,-15,7,-15,6,-19,6,-23,6,-23,6]"
CSI_DATA,469,1a:00:00:00:00:00,-77,11,0,0,0,0,0,0,0,0,0,-91,0,1,0,88231393,0,31,0,128,0,"[0,0,17,7,16,7,15,7,14,6,13,6,12,5,11,5,10,3,9,3,9,3,8,2,7,2,7,1,7,0,6,0,6,-1,7,-2,7,-2,6,-3,6,-3,7,-4,7,-4,7,-4,7,-4,8,-4,8,-4,0,0,0,0,0,0,0,0,0,0,0,0,0,0,0,0,0,0,0,0,0,0,6,10,6,10,6,9,6,8,7,8,7,7,7,6,8,6,9,6,9,6,9,6,10,6,11,6,12,5,12,6,13,5,14,4,14,4,14,4,15,3,16,3,16,4,15,5,15,5,15,6,15,6]"
CSI_DATA,470,1a:00:00:00:00:00,-77,11,0,0,0,0,0,0,0,0,0,-91,0,1,0,88292167,0,42,0,128,0,"[0,0,4,12,4,11,3,10,3,10,3,10,2,10,0,10,-1,10,-1,10,-1,9,-1,7,-1,6,-1,6,-1,5,0,5,-2,7,-2,8,4,9,7,8,2,6,-4,3,-6,4,-5,10,-5,12,-4,7,3,0,0,0,0,0,0,0,0,0,0,0,0,0,0,0,0,0,0,0,0,0,0,0,10,0,9,0,8,0,7,0,7,-1,7,-1,7,-1,8,-1,8,-2,8,-1,9,-1,10,-1,10,-1,9,1,10,1,12,1,12,2,11,3,11,5,11,5,11,5,11,6,11,6,11,6,9,8,8,10]"
CSI_DATA,471,1a:00:00:00:00:00,-75,11,0,0,0,0,0,0,0,0,0,-91,0,1,0,88361003,0,31,0,128,0,"[0,0,-10,10,-9,9,-7,8,-8,9,-9,10,-9,8,-9,6,-7,7,-6,6,-5,4,-3,2,-2,3,-3,6,-3,5,-4,4,-3,5,-1,7,-1,7,1,7,4,6,4,6,1,9,-4,11,-3,8,-2,1,-3,1,0,0,0,0,0,0,0,0,0,0,0,0,0,0,0,0,0,0,0,0,0,0,-8,5,-7,5,-7,5,-6,5,-6,5,-6,5,-5,5,-6,6,-6,6,-5,6,-5,6,-5,7,-4,7,-4,7,-5,7,-6,7,-6,8,-4,10,-5,11,-6,12,-6,12,-7,11,-7,11,-7,10,-8,10,-8,8]"
CSI_DATA,472,1a:00:00:00:00:00,-76,11,0,0,0,0,0,0,0,0,0,-91,0,1,0,88559866,0,31,0,128,0,"[0,0,-5,14,-3,12,-3,11,-3,10,-4,10,-4,9,-3,9,-2,8,-1,7,-1,7,-2,5,0,4,1,3,1,5,1,6,4,6,6,7,4,9,2,7,-1,4,0,2,5,5,3,8,2,11,5,13,6,13,0,0,0,0,0,0,0,0,0,0,0,0,0,0,0,0,0,0,0,0,0,0,-9,5,-8,5,-7,6,-6,5,-6,5,-5,6,-4,7,-4,7,-4,7,-4,8,-4,8,-3,8,-3,8,-3,8,-3,9,-2,10,-2,11,-2,11,-1,12,0,13,-1,13,-2,12,-1,11,-1,11,-1,11,-2,12]"
CSI_DATA,473,1a:00:00:00:00:00,-77,11,0,0,0,0,0,0,0,0,0,-91,0,1,0,88566280,0,31,0,128,0,"[0,0,-8,19,-9,16,-6,13,-3,12,-6,14,-9,14,-8,10,-5,7,-3,7,-4,9,-4,9,-4,5,-2,6,-2,9,-1,9,1,8,2,7,3,6,2,7,1,8,3,9,2,10,2,11,2,12,-1,12,-3,12,0,0,0,0,0,0,0,0,0,0,0,0,0,0,0,0,0,0,0,0,0,0,-7,10,-7,9,-5,9,-4,9,-3,8,-2,9,-2,10,-3,11,-3,11,-3,11,-2,11,-2,11,-2,12,-2,12,-2,12,-2,13,-1,14,-3,13,-3,15,-1,17,-1,16,-3,14,-4,14,-4,16,-3,19,-1,19]"
CSI_DATA,474,1a:00:00:00:00:00,-77,11,0,0,0,0,0,0,0,0,0,-91,0,1,0,88774330,0,31,0,128,0,"[0,0,-14,6,-14,9,-15,12,-13,11,-11,10,-10,9,-10,7,-12,6,-12,3,-10,0,-10,2,-9,6,-9,9,-9,8,-8,5,-6,5,-7,6,-9,8,-9,8,-7,6,-6,4,-7,5,-11,6,-12,6,-9,8,-9,8,0,0,0,0,0,0,0,0,0,0,0,0,0,0,0,0,0,0,0,0,0,0,-9,7,-8,6,-7,6,-7,7,-7,7,-7,8,-6,8,-6,8,-6,8,-6,9,-7,8,-7,9,-7,10,-7,10,-6,10,-6,10,-7,10,-9,12,-9,12,-9,12,-10,12,-10,12,-11,13,-13,14,-12,13,-11,12]"
[0;32mI (88968) ftm_responder: Counter = 89[0m
CSI_DATA,475,1a:00:00:00:00:00,-76,11,0,0,0,0,0,0,0,0,0,-91,0,1,0,88971973,0,31,0,128,0,"[0,0,-3,15,-4,14,-4,12,-3,8,-2,7,-2,9,-3,10,-3,9,-2,9,-2,8,-2,8,-2,7,-1,8,0,8,2,7,3,9,5,9,7,7,5,3,4,1,6,4,6,8,8,9,10,10,8,11,3,10,0,0,0,0,0,0,0,0,0,0,0,0,0,0,0,0,0,0,0,0,0,0,-8,7,-6,7,-5,6,-5,6,-3,7,-3,8,-3,7,-3,7,-3,7,-2,8,-2,9,-2,10,-3,10,-3,10,-2,10,-2,10,-2,11,0,12,0,12,-1,12,0,12,-1,12,-2,12,-2,12,-2,15,-1,15]"
CSI_DATA,476,1a:00:00:00:00:00,-75,11,0,0,0,0,0,0,0,0,0,-91,0,1,0,89365753,0,31,0,128,0,"[0,0,-17,-7,-17,-10,-16,-11,-14,-12,-15,-11,-13,-10,-10,-12,-8,-14,-8,-11,-8,-7,-7,-6,-9,-5,-8,-6,-7,-4,-8,-1,-9,-1,-11,-2,-12,-1,-9,-2,-8,-3,-7,-4,-9,-1,-9,2,-10,3,-14,4,-15,4,0,0,0,0,0,0,0,0,0,0,0,0,0,0,0,0,0,0,0,0,0,0,-7,-10,-6,-8,-6,-7,-7,-6,-8,-5,-9,-5,-10,-5,-10,-5,-10,-5,-11,-5,-12,-5,-13,-6,-13,-6,-12,-6,-11,-5,-12,-4,-13,-4,-14,-5,-14,-6,-14,-5,-16,-4,-16,-3,-16,-4,-16,-6,-15,-6,-16,-6]"
CSI_DATA,477,1a:00:00:00:00:00,-76,11,0,0,0,0,0,0,0,0,0,-91,0,1,0,89565828,0,31,0,128,0,"[0,0,5,14,6,14,6,14,6,13,6,13,5,13,3,13,3,11,2,12,1,11,2,9,3,9,1,9,1,8,4,7,4,7,5,7,5,6,5,5,5,4,4,6,3,10,3,12,3,9,4,9,5,12,0,0,0,0,0,0,0,0,0,0,0,0,0,0,0,0,0,0,0,0,0,0,2,10,2,8,3,8,3,7,4,7,5,6,5,6,5,7,6,8,6,8,7,8,7,10,7,10,6,10,5,11,6,11,7,10,8,11,10,12,11,10,10,10,9,12,8,13,7,14,7,16,7,16]"
CSI_DATA,478,1a:00:00:00:00:00,-77,11,0,0,0,0,0,0,0,0,0,-91,0,1,0,89766898,0,31,0,128,0,"[0,0,-4,15,-5,15,-4,16,-2,17,-1,15,-3,12,-8,10,-9,10,-8,11,-5,10,-3,8,-2,7,-1,9,0,10,0,9,0,7,1,7,2,7,-2,9,-2,11,0,12,0,10,-2,9,-3,11,-5,12,-7,14,0,0,0,0,0,0,0,0,0,0,0,0,0,0,0,0,0,0,0,0,0,0,-2,9,-1,8,1,7,1,8,1,9,3,9,3,9,3,9,2,8,2,8,3,10,4,10,5,10,5,11,5,14,4,13,3,13,6,13,7,12,5,12,3,15,2,16,2,16,2,19,1,20,1,18]"
CSI_DATA,479,1a:00:00:00:00:00,-76,11,0,0,0,0,0,0,0,0,0,-91,0,1,0,89827079,0,42,0,128,0,"[0,0,-4,-16,-4,-16,-5,-15,-6,-15,-6,-18,-6,-18,-5,-15,-4,-12,-4,-12,-5,-11,-6,-10,-7,-10,-7,-10,-5,-9,-6,-7,-7,-7,-8,-8,-8,-8,-10,-9,-10,-8,-10,-8,-10,-10,-10,-11,-11,-12,-10,-12,-7,-12,0,0,0,0,0,0,0,0,0,0,0,0,0,0,0,0,0,0,0,0,0,0,-1,-11,-2,-10,-3,-9,-3,-9,-4,-8,-6,-8,-6,-9,-6,-10,-6,-9,-7,-9,-7,-10,-7,-11,-8,-11,-9,-9,-8,-8,-7,-9,-9,-10,-11,-11,-10,-12,-10,-13,-10,-13,-10,-14,-10,-16,-10,-16,-10,-16,-10,-18]"
[0;32mI (89968) ftm_responder: Counter = 90[0m
CSI_DATA,480,1a:00:00:00:00:00,-78,11,0,0,0,0,0,0,0,0,0,-91,0,1,0,90333135,0,42,0,128,0,"[0,0,-16,9,-18,10,-16,8,-13,6,-10,5,-9,6,-11,6,-11,4,-10,4,-9,3,-8,3,-8,3,-7,3,-6,3,-6,5,-6,6,-4,6,-5,8,-7,9,-7,8,-9,10,-8,11,-7,10,-8,9,-10,9,-10,8,0,0,0,0,0,0,0,0,0,0,0,0,0,0,0,0,0,0,0,0,0,0,-12,3,-11,2,-9,2,-7,4,-7,4,-7,5,-7,6,-6,7,-7,6,-7,6,-6,7,-6,8,-6,8,-6,8,-7,8,-8,9,-7,12,-6,13,-8,12,-9,11,-10,11,-10,11,-10,10,-10,10,-12,10,-14,11]"
CSI_DATA,481,1a:00:00:00:00:00,-77,11,0,0,0,0,0,0,0,0,0,-91,0,1,0,90828904,0,42,0,128,0,"[0,0,16,-5,16,-8,14,-8,14,-10,16,-12,16,-10,13,-6,8,-4,8,-4,10,-1,8,1,8,-1,10,-1,9,1,9,-3,8,-5,9,-3,12,-1,13,-1,12,-4,9,-5,9,-6,9,-5,11,0,12,2,9,-2,0,0,0,0,0,0,0,0,0,0,0,0,0,0,0,0,0,0,0,0,0,0,6,-10,5,-9,4,-8,4,-8,3,-8,2,-8,2,-9,2,-9,2,-10,2,-11,2,-12,2,-12,2,-12,2,-11,2,-11,2,-12,2,-13,5,-13,7,-13,7,-13,10,-12,11,-13,8,-16,8,-14,13,-10,13,-10]"
CSI_DATA,482,1a:00:00:00:00:00,-78,11,0,0,0,0,0,0,0,0,0,-91,0,1,0,90924799,0,31,0,128,0,"[0,0,18,6,16,7,13,7,12,4,12,0,13,1,15,2,16,2,12,4,7,4,6,0,5,-1,4,-1,5,0,6,0,5,-2,7,-4,9,-5,10,-5,8,-4,6,-3,5,-4,7,-5,8,-4,9,-5,10,-7,0,0,0,0,0,0,0,0,0,0,0,0,0,0,0,0,0,0,0,0,0,0,2,8,2,7,2,6,2,6,3,7,3,6,4,5,4,5,5,4,7,3,8,3,7,4,6,4,7,3,9,2,10,1,11,2,11,2,10,2,11,1,13,1,13,1,14,2,14,1,14,1,14,1]"
[0;32mI (90968) ftm_responder: Counter = 91[0m
CSI_DATA,483,1a:00:00:00:00:00,-77,11,0,0,0,0,0,0,0,0,0,-91,0,1,0,91125579,0,31,0,128,0,"[0,0,-24,0,-17,-4,-14,-8,-14,-6,-14,-1,-16,0,-16,-1,-14,-1,-12,-2,-8,-4,-7,-2,-10,2,-8,3,-7,2,-9,0,-11,1,-11,2,-11,3,-11,5,-12,6,-14,4,-14,4,-14,6,-15,7,-14,5,-12,2,0,0,0,0,0,0,0,0,0,0,0,0,0,0,0,0,0,0,0,0,0,0,2,-11,0,-9,-1,-8,-2,-8,-3,-8,-3,-7,-4,-6,-5,-6,-6,-7,-7,-7,-8,-7,-9,-7,-9,-6,-9,-6,-11,-6,-12,-5,-12,-5,-14,-5,-15,-5,-15,-6,-15,-6,-16,-6,-18,-8,-20,-7,-21,-7,-21,-9]"
CSI_DATA,484,1a:00:00:00:00:00,-80,11,0,0,0,0,0,0,0,0,0,-91,0,1,0,91326290,0,31,0,128,0,"[0,0,-5,-9,-5,-9,-5,-9,-5,-9,-4,-8,-3,-8,-2,-8,-2,-7,-1,-6,0,-6,1,-5,2,-3,3,-3,4,-2,4,-1,5,0,6,1,6,2,7,4,7,5,7,7,7,9,6,11,6,13,6,15,6,16,0,0,0,0,0,0,0,0,0,0,0,0,0,0,0,0,0,0,0,0,0,0,8,-14,7,-14,7,-13,6,-13,5,-13,4,-12,3,-12,2,-12,2,-12,1,-12,1,-11,0,-11,-1,-10,-2,-10,-3,-10,-3,-10,-3,-10,-4,-10,-4,-10,-5,-10,-5,-11,-6,-11,-7,-11,-7,-10,-9,-10,-9,-10]"
CSI_DATA,485,1a:00:00:00:00:00,-74,11,0,0,0,0,0,0,0,0,0,-91,0,1,0,91727060,0,31,0,128,0,"[0,0,2,1,-3,-2,-4,-2,0,1,7,1,13,-1,11,-4,6,-5,3,-4,4,-3,8,-1,11,-2,11,-4,11,-3,13,-4,15,-7,15,-7,13,-6,15,-7,20,-7,21,-7,20,-6,23,1,27,7,26,8,24,6,0,0,0,0,0,0,0,0,0,0,0,0,0,0,0,0,0,0,0,0,0,0,-2,9,-2,8,-3,7,-2,6,-1,5,0,3,0,4,-1,5,0,4,0,3,0,3,0,2,1,3,1,4,1,4,2,3,3,2,2,3,3,2,4,0,4,1,3,2,3,2,7,-1,7,-5,3,-2]"
CSI_DATA,486,1a:00:00:00:00:00,-78,11,0,0,0,0,0,0,0,0,0,-91,0,1,0,91924696,0,31,0,128,0,"[0,0,-1,-7,-2,-6,-4,-7,-5,-7,-7,-8,-9,-7,-10,-3,-9,-3,-9,-2,-11,1,-13,1,-13,1,-13,3,-16,2,-18,2,-18,2,-18,2,-19,2,-21,2,-23,0,-25,-1,-25,-1,-27,-2,-30,-4,-31,-5,-32,-6,0,0,0,0,0,0,0,0,0,0,0,0,0,0,0,0,0,0,0,0,0,0,5,9,4,8,3,6,3,5,3,4,4,3,4,3,4,3,4,1,4,-1,4,-1,4,-2,5,-3,5,-3,6,-2,5,-3,3,-4,2,-6,1,-7,2,-7,1,-8,1,-7,1,-5,1,-8,0,-10,-1,-10]"
[0;32mI (91968) ftm_responder: Counter = 92[0m
CSI_DATA,487,1a:00:00:00:00:00,-78,11,0,0,0,0,0,0,0,0,0,-91,0,1,0,92125923,0,31,0,128,0,"[0,0,-5,-1,-6,1,-6,2,-5,1,-6,2,-5,2,-3,2,-1,1,-1,0,-4,2,-7,4,-7,8,-4,10,-4,10,-4,10,-5,11,-5,13,-4,15,-5,17,-6,18,-7,19,-10,19,-13,19,-16,17,-16,16,-13,15,0,0,0,0,0,0,0,0,0,0,0,0,0,0,0,0,0,0,0,0,0,0,4,-6,4,-5,4,-4,3,-5,2,-6,2,-7,1,-6,-1,-6,-1,-7,-1,-6,0,-5,1,-7,0,-8,-2,-8,-5,-8,-7,-9,-6,-7,-4,-4,-4,-1,-5,-3,-5,-6,-5,-6,-7,-3,-7,-3,-7,-3,-8,-3]"
CSI_DATA,488,1a:00:00:00:00:00,-76,11,0,0,0,0,0,0,0,0,0,-91,0,1,0,92327086,0,31,0,128,0,"[0,0,8,0,10,1,9,0,6,-3,5,-4,4,-4,3,-4,1,-6,1,-7,-1,-8,-4,-8,-4,-7,-4,-7,-4,-8,-3,-10,-3,-12,-3,-15,-2,-18,-3,-20,-2,-19,1,-18,1,-19,3,-21,6,-21,7,-21,9,-21,0,0,0,0,0,0,0,0,0,0,0,0,0,0,0,0,0,0,0,0,0,0,0,8,0,8,1,7,1,7,1,7,2,7,4,5,2,3,0,4,2,5,4,6,5,5,5,4,5,5,6,4,6,2,5,2,4,4,3,6,5,6,8,6,7,4,3,3,4,1,5,-1,6,0]"
CSI_DATA,489,1a:00:00:00:00:00,-77,11,0,0,0,0,0,0,0,0,0,-91,0,1,0,92391383,0,42,0,128,0,"[0,0,2,-6,2,-5,1,-3,-2,-4,-4,-5,-3,-5,-2,-4,-3,-4,-5,-4,-7,-3,-8,-1,-9,2,-11,2,-14,0,-16,-1,-17,1,-19,1,-21,1,-21,3,-22,3,-24,2,-24,1,-25,-2,-27,-4,-29,-6,-30,-7,0,0,0,0,0,0,0,0,0,0,0,0,0,0,0,0,0,0,0,0,0,0,-4,7,-3,8,-2,8,0,7,1,7,2,7,2,7,3,7,3,7,4,7,4,5,5,4,6,4,6,3,5,3,6,2,7,1,7,1,7,1,7,0,6,-1,5,-1,5,-2,5,-3,6,-4,5,-3]"
CSI_DATA,490,1a:00:00:00:00:00,-79,11,0,0,0,0,0,0,0,0,0,-91,0,1,0,92890425,0,42,0,128,0,"[0,0,-2,-7,-3,-7,-3,-6,-3,-4,-3,-2,-3,-1,-4,-1,-4,-2,-5,-1,-6,1,-7,4,-8,5,-6,6,-6,8,-8,9,-9,10,-9,12,-10,13,-12,15,-14,15,-16,14,-19,14,-18,15,-20,16,-22,16,-23,15,0,0,0,0,0,0,0,0,0,0,0,0,0,0,0,0,0,0,0,0,0,0,7,5,7,4,7,3,6,2,6,0,6,0,7,0,7,-1,7,-2,6,-3,6,-3,6,-4,6,-4,7,-5,7,-6,6,-5,5,-5,3,-4,4,-4,5,-7,4,-10,2,-10,1,-9,0,-7,-1,-5,-2,-6]"
[0;32mI (92968) ftm_responder: Counter = 93[0m
CSI_DATA,491,1a:00:00:00:00:00,-77,11,0,0,0,0,0,0,0,0,0,-91,0,1,0,93389333,0,42,0,128,0,"[0,0,-6,-10,-8,-12,-9,-11,-9,-8,-9,-8,-10,-8,-10,-8,-8,-6,-8,-4,-10,-3,-11,-2,-13,-2,-11,-1,-9,0,-11,1,-14,2,-15,3,-15,5,-16,5,-18,2,-18,1,-21,0,-24,-2,-25,-4,-23,-3,-21,-3,0,0,0,0,0,0,0,0,0,0,0,0,0,0,0,0,0,0,0,0,0,0,2,4,2,3,1,3,1,1,1,0,1,0,1,0,2,-1,2,-2,2,-3,1,-4,1,-4,1,-5,2,-6,2,-6,0,-6,-1,-6,-2,-7,-3,-7,-6,-9,-6,-11,-4,-9,-4,-6,-4,-7,-4,-8,-6,-8]"
CSI_DATA,492,1a:00:00:00:00:00,-78,11,0,0,0,0,0,0,0,0,0,-91,0,1,0,93487642,0,31,0,128,0,"[0,0,9,6,11,5,10,4,7,5,9,4,11,3,12,4,14,4,12,2,11,0,15,-2,16,-4,15,-3,13,-1,15,2,16,2,16,-2,17,-3,20,-1,22,-1,22,-1,23,1,23,4,20,6,20,9,22,11,0,0,0,0,0,0,0,0,0,0,0,0,0,0,0,0,0,0,0,0,0,0,-7,0,-5,0,-4,-1,-2,-1,-1,0,-2,0,-3,0,-3,1,-1,2,1,2,0,2,-1,3,0,5,2,5,4,5,3,3,3,2,4,1,6,3,7,3,7,3,4,6,5,7,11,7,13,5,13,5]"
CSI_DATA,493,1a:00:00:00:00:00,-76,11,0,0,0,0,0,0,0,0,0,-91,0,1,0,93689724,0,31,0,128,0,"[0,0,13,1,9,0,7,-2,7,-3,9,-1,11,0,11,-3,11,-8,11,-10,9,-8,7,-6,6,-5,7,-7,8,-11,11,-14,12,-12,11,-12,12,-15,13,-18,12,-19,12,-18,14,-17,18,-16,20,-16,20,-16,21,-15,0,0,0,0,0,0,0,0,0,0,0,0,0,0,0,0,0,0,0,0,0,0,-7,0,-6,-1,-5,-1,-4,-1,-3,0,-2,0,-2,0,-1,0,0,1,0,1,1,1,1,2,1,2,2,2,4,3,4,3,3,2,3,0,4,1,6,2,7,1,8,0,9,0,9,0,10,0,11,0]"
[0;32mI (93968) ftm_responder: Counter = 94[0m
CSI_DATA,494,1a:00:00:00:00:00,-74,11,0,0,0,0,0,0,0,0,0,-91,0,1,0,94092648,0,31,0,128,0,"[0,0,0,-8,1,-9,3,-11,2,-10,0,-9,-1,-10,-2,-11,0,-10,2,-11,1,-12,0,-13,0,-13,-1,-11,-2,-11,-4,-13,-3,-13,-2,-15,-3,-16,0,-17,1,-19,-1,-23,0,-24,0,-19,3,-15,9,-18,13,-24,0,0,0,0,0,0,0,0,0,0,0,0,0,0,0,0,0,0,0,0,0,0,1,7,0,6,0,5,1,4,0,3,0,2,0,4,0,3,0,2,1,1,2,1,2,-1,1,-1,1,-1,1,-3,0,-1,1,0,2,0,1,-2,1,-3,-1,-3,-3,-3,-2,-4,-1,-7,-1,-9,-1,-9]"
CSI_DATA,495,1a:00:00:00:00:00,-76,11,0,0,0,0,0,0,0,0,0,-91,0,1,0,94291548,0,31,0,128,0,"[0,0,6,-8,6,-9,5,-10,3,-9,1,-9,0,-11,1,-13,2,-13,1,-13,0,-14,-2,-14,-3,-14,-5,-15,-6,-15,-8,-16,-9,-18,-10,-19,-9,-20,-10,-22,-11,-24,-10,-25,-9,-26,-9,-27,-7,-27,-6,-29,-6,-31,0,0,0,0,0,0,0,0,0,0,0,0,0,0,0,0,0,0,0,0,0,0,-10,-1,-9,-1,-8,-1,-7,-1,-6,-1,-6,-1,-5,0,-5,1,-4,1,-3,1,-2,0,-2,0,-2,0,0,0,1,1,2,1,3,0,3,-1,2,-2,2,-4,2,-4,1,-3,1,-3,3,-4,4,-6,4,-7]"
CSI_DATA,496,1a:00:00:00:00:00,-77,11,0,0,0,0,0,0,0,0,0,-91,0,1,0,94501624,0,31,0,128,0,"[0,0,7,4,4,4,3,5,4,7,7,7,9,7,9,6,10,3,10,2,9,2,10,0,13,-2,15,-6,17,-6,18,-7,17,-8,17,-6,17,-9,18,-12,24,-9,29,-9,28,-12,27,-12,26,-12,27,-13,32,-10,0,0,0,0,0,0,0,0,0,0,0,0,0,0,0,0,0,0,0,0,0,0,8,-2,8,-2,6,-2,5,-2,4,-3,3,-3,3,-3,2,-2,2,-2,1,-2,0,-2,0,-2,-1,-3,-2,-3,-2,-2,-2,0,-3,1,-2,1,-2,2,-3,4,-2,5,0,3,1,3,1,4,2,4,3,4]"
CSI_DATA,497,1a:00:00:00:00:00,-79,11,0,0,0,0,0,0,0,0,0,-91,0,1,0,94895495,0,31,0,128,0,"[0,0,3,5,3,3,1,4,0,6,2,8,5,7,6,5,5,5,4,7,6,9,8,7,9,6,11,8,13,10,12,11,11,11,13,11,14,12,11,12,9,13,11,14,14,14,11,13,8,15,9,18,8,19,0,0,0,0,0,0,0,0,0,0,0,0,0,0,0,0,0,0,0,0,0,0,5,-5,5,-4,4,-4,3,-4,2,-3,1,-2,0,-3,0,-3,1,-2,1,-1,0,0,-1,1,-1,1,-1,0,0,-1,0,0,0,1,-2,1,-3,2,-3,2,-2,3,-1,5,0,6,1,7,2,6,1,7]"
CSI_DATA,498,1a:00:00:00:00:00,-77,11,0,0,0,0,0,0,0,0,0,-91,0,1,0,94960495,0,42,0,128,0,"[0,0,-10,-1,-10,-1,-9,-2,-10,-3,-12,-1,-12,0,-12,0,-11,1,-11,1,-11,2,-12,3,-11,3,-11,4,-13,6,-12,8,-13,10,-14,11,-15,11,-17,12,-18,13,-18,13,-19,12,-20,14,-21,13,-22,10,-21,9,0,0,0,0,0,0,0,0,0,0,0,0,0,0,0,0,0,0,0,0,0,0,-1,8,-2,7,-1,6,0,4,0,3,0,3,-1,2,-1,1,0,1,0,0,-1,1,-1,0,-1,-2,-1,-2,-1,-2,-2,-2,-3,-2,-3,-2,-4,-3,-5,-4,-6,-3,-6,-3,-5,-5,-6,-7,-7,-6,-6,-5]"
CSI_DATA,499,1a:00:00:00:00:00,-77,11,0,0,0,0,0,0,0,0,0,-91,0,1,0,94960890,0,42,0,128,0,"[0,0,-5,5,-6,6,-6,6,-5,9,-4,12,-4,14,-3,12,-3,11,-2,12,0,11,2,11,3,12,4,12,3,14,2,16,3,17,5,16,5,18,5,21,6,21,6,21,5,22,4,22,2,22,0,23,-1,23,0,0,0,0,0,0,0,0,0,0,0,0,0,0,0,0,0,0,0,0,0,0,7,1,6,1,5,2,3,1,3,1,2,1,2,1,2,1,2,0,1,-1,-1,0,-2,0,-3,0,-3,1,-3,2,-2,2,-2,1,-2,0,-3,2,-3,3,-3,2,-3,3,-4,5,-5,6,-6,7,-5,7]"
[0;32mI (94968) ftm_responder: Counter = 95[0m
CSI_DATA,500,1a:00:00:00:00:00,-76,11,0,0,0,0,0,0,0,0,0,-91,0,1,0,95456882,0,42,0,128,0,"[0,0,6,-9,5,-9,3,-9,3,-10,3,-13,3,-14,2,-13,2,-13,0,-13,-2,-14,-2,-15,-3,-15,-6,-16,-7,-17,-7,-17,-8,-18,-10,-18,-11,-18,-11,-18,-10,-20,-10,-22,-11,-23,-11,-23,-9,-24,-7,-26,-4,-27,0,0,0,0,0,0,0,0,0,0,0,0,0,0,0,0,0,0,0,0,0,0,-8,-3,-7,-4,-6,-4,-6,-3,-5,-2,-3,-1,-2,-1,-1,-2,-1,-2,0,-1,1,-1,1,-1,1,-1,1,-1,2,-2,2,-2,3,-2,3,-2,3,-2,4,-3,5,-5,5,-7,5,-7,4,-8,3,-9,4,-10]"
CSI_DATA,501,1a:00:00:00:00:00,-77,11,0,0,0,0,0,0,0,0,0,-91,0,1,0,95962413,0,42,0,128,0,"[0,0,8,-6,9,-7,9,-7,10,-8,9,-8,8,-10,10,-11,10,-12,5,-14,3,-14,3,-14,2,-15,-1,-17,-1,-21,-1,-21,-2,-20,-2,-22,-1,-24,-1,-26,0,-28,2,-29,1,-29,1,-29,4,-27,7,-29,8,-33,0,0,0,0,0,0,0,0,0,0,0,0,0,0,0,0,0,0,0,0,0,0,-11,-1,-10,-1,-8,-2,-6,-1,-5,-1,-4,0,-3,0,-1,-1,0,0,0,0,1,1,2,0,1,-1,2,-1,2,0,2,1,4,2,4,2,5,0,7,-2,7,-3,8,-5,9,-6,7,-5,5,-6,5,-7]"
[0;32mI (96028) ftm_responder: Counter = 96[0m
CSI_DATA,502,1a:00:00:00:00:00,-77,11,0,0,0,0,0,0,0,0,0,-91,0,1,0,96040935,0,31,0,128,0,"[0,0,-14,0,-13,0,-10,0,-9,0,-9,0,-10,-1,-13,-2,-12,0,-10,3,-10,3,-12,2,-13,4,-13,5,-15,8,-16,10,-15,9,-15,8,-16,10,-18,11,-21,11,-22,9,-23,8,-24,6,-24,4,-25,4,-26,4,0,0,0,0,0,0,0,0,0,0,0,0,0,0,0,0,0,0,0,0,0,0,7,3,6,3,4,3,4,2,3,2,1,1,0,1,0,1,0,0,0,-1,-1,-2,-2,-2,-2,-2,-3,-3,-3,-4,-4,-4,-5,-3,-6,-3,-5,-3,-6,-4,-7,-5,-9,-4,-7,-2,-5,-4,-9,-5,-12,-3]"
CSI_DATA,503,1a:00:00:00:00:00,-77,11,0,0,0,0,0,0,0,0,0,-91,0,1,0,96246216,0,31,0,128,0,"[0,0,0,-9,0,-9,-2,-7,-5,-8,-7,-11,-5,-14,-2,-14,-3,-13,-5,-12,-8,-9,-11,-7,-10,-5,-12,-6,-16,-7,-17,-6,-18,-5,-20,-4,-21,-4,-21,-4,-23,-4,-25,-4,-24,-4,-25,-4,-27,-6,-28,-7,-26,-8,0,0,0,0,0,0,0,0,0,0,0,0,0,0,0,0,0,0,0,0,0,0,-10,0,-9,0,-7,0,-5,0,-4,0,-4,1,-3,1,-3,0,-3,0,-2,0,-1,0,0,0,1,-1,2,-1,2,0,3,-1,4,-1,5,-1,5,-2,3,-3,2,-6,3,-7,3,-5,1,-6,0,-9,0,-10]"
CSI_DATA,504,1a:00:00:00:00:00,-78,11,0,0,0,0,0,0,0,0,0,-91,0,1,0,96441921,0,31,0,128,0,"[0,0,-10,0,-8,1,-8,2,-8,3,-9,4,-10,4,-10,4,-9,5,-8,7,-7,8,-6,7,-5,9,-5,11,-5,12,-6,13,-6,15,-6,16,-5,17,-5,17,-7,17,-8,19,-10,21,-11,22,-12,22,-14,22,-15,22,0,0,0,0,0,0,0,0,0,0,0,0,0,0,0,0,0,0,0,0,0,0,5,5,5,4,4,3,3,2,2,1,2,1,1,0,2,0,1,-1,0,-2,-1,-3,-2,-3,-3,-2,-4,-2,-4,-3,-4,-3,-5,-2,-6,-2,-5,-1,-5,-1,-7,-1,-7,0,-6,-2,-6,-2,-8,0,-9,0]"
CSI_DATA,505,1a:00:00:00:00:00,-77,11,0,0,0,0,0,0,0,0,0,-91,0,1,0,96655917,0,31,0,128,0,"[0,0,5,-10,5,-6,5,-6,3,-7,4,-6,2,-8,-3,-8,-7,-9,-6,-11,-5,-12,-7,-13,-7,-14,-5,-14,-6,-13,-9,-14,-10,-16,-11,-18,-12,-19,-11,-19,-11,-20,-13,-22,-12,-24,-8,-28,-7,-30,-9,-29,-10,-26,0,0,0,0,0,0,0,0,0,0,0,0,0,0,0,0,0,0,0,0,0,0,-8,4,-7,4,-5,3,-4,2,-3,2,-2,2,-1,1,-1,1,0,1,1,1,2,0,2,0,3,0,4,-2,5,-4,5,-3,6,-2,7,-4,6,-5,4,-4,4,-4,6,-3,5,-4,4,-6,4,-7,2,-7]"
[0;32mI (97028) ftm_responder: Counter = 97[0m
CSI_DATA,506,1a:00:00:00:00:00,-76,11,0,0,0,0,0,0,0,0,0,-91,0,1,0,97045490,0,31,0,128,0,"[0,0,-13,13,-9,10,-5,12,-3,11,-4,10,-5,11,-4,15,-1,17,0,14,1,10,4,10,8,12,11,12,11,13,10,13,11,12,12,11,14,10,17,11,20,16,20,20,17,21,14,19,12,16,13,17,13,19,0,0,0,0,0,0,0,0,0,0,0,0,0,0,0,0,0,0,0,0,0,0,8,0,7,0,5,-1,4,-1,4,-1,3,0,2,0,1,0,0,0,-1,-1,-3,-1,-4,0,-4,1,-2,1,-1,0,-2,0,-6,2,-8,1,-6,0,-7,0,-10,2,-11,5,-9,6,-8,5,-7,3,-5,2]"
CSI_DATA,507,1a:00:00:00:00:00,-76,11,0,0,0,0,0,0,0,0,0,-91,0,1,0,97246601,0,31,0,128,0,"[0,0,-6,-9,-5,-9,-4,-7,-4,-8,-6,-11,-8,-11,-8,-9,-10,-7,-13,-5,-12,-4,-11,-3,-13,-4,-13,-4,-14,-1,-17,0,-18,0,-16,-1,-17,-3,-22,-3,-24,-2,-24,-3,-25,-5,-26,-5,-26,-7,-27,-10,-27,-11,0,0,0,0,0,0,0,0,0,0,0,0,0,0,0,0,0,0,0,0,0,0,1,6,0,5,-1,5,0,4,0,2,-1,2,-1,2,0,0,0,-1,1,-1,1,0,0,-2,1,-5,0,-5,-2,-5,-2,-5,-1,-5,1,-5,1,-7,0,-8,-1,-10,-2,-11,0,-9,-1,-8,-2,-8,-2,-9]"
CSI_DATA,508,1a:00:00:00:00:00,-77,11,0,0,0,0,0,0,0,0,0,-91,0,1,0,97448189,0,31,0,128,0,"[0,0,1,9,-3,12,-3,15,-1,11,-2,9,-3,11,-2,13,-4,12,-5,10,-3,11,-2,13,0,14,3,10,3,8,1,13,1,17,2,15,3,13,5,15,3,17,-1,18,-2,20,-2,20,-7,21,-10,24,-10,24,0,0,0,0,0,0,0,0,0,0,0,0,0,0,0,0,0,0,0,0,0,0,-3,-8,-2,-6,-1,-5,0,-4,-1,-2,-2,0,-2,1,-1,1,0,1,-1,2,-1,2,0,3,0,4,-2,5,-5,6,-4,7,-3,7,-3,7,-3,7,-4,7,-3,9,0,12,0,11,-3,10,-6,12,-6,14]"
CSI_DATA,509,1a:00:00:00:00:00,-76,11,0,0,0,0,0,0,0,0,0,-91,0,1,0,97510306,0,42,0,128,0,"[0,0,8,4,8,5,9,3,9,0,9,1,9,3,9,1,10,-1,10,0,9,-2,8,-6,8,-6,9,-5,8,-4,9,-5,10,-6,10,-8,10,-9,12,-10,14,-9,15,-9,15,-10,16,-10,17,-10,18,-10,20,-9,0,0,0,0,0,0,0,0,0,0,0,0,0,0,0,0,0,0,0,0,0,0,-4,-5,-3,-4,-1,-5,-1,-4,-1,-1,-1,1,-1,0,-2,0,-2,1,0,2,2,1,2,3,1,3,2,2,2,3,0,4,2,5,4,4,5,4,5,6,5,7,5,6,6,6,7,5,8,6,7,5]"
CSI_DATA,510,1a:00:00:00:00:00,-76,11,0,0,0,0,0,0,0,0,0,-91,0,1,0,98010326,0,42,0,128,0,"[0,0,9,7,8,7,7,7,8,7,8,7,7,6,7,5,8,4,9,4,9,3,8,2,9,0,9,1,9,2,10,1,10,0,11,1,12,1,12,1,14,2,15,2,16,3,16,5,17,6,17,6,19,8,0,0,0,0,0,0,0,0,0,0,0,0,0,0,0,0,0,0,0,0,0,0,-5,-3,-4,-3,-2,-3,0,-2,1,-1,1,0,2,0,2,1,3,1,4,1,4,2,5,3,4,4,4,5,4,5,4,5,5,5,6,5,7,5,8,5,8,5,7,6,7,7,8,8,9,7,11,6]"
[0;32mI (98028) ftm_responder: Counter = 98[0m
CSI_DATA,511,1a:00:00:00:00:00,-74,11,0,0,0,0,0,0,0,0,0,-91,0,1,0,98509192,0,42,0,128,0,"[0,0,-7,10,-10,12,-10,13,-6,14,-5,16,-8,17,-6,14,-3,12,2,11,4,10,0,12,-6,13,-4,12,2,10,2,10,2,7,6,4,8,1,9,2,6,5,7,6,8,4,5,6,4,7,7,8,12,11,0,0,0,0,0,0,0,0,0,0,0,0,0,0,0,0,0,0,0,0,0,0,1,-1,1,1,1,2,1,4,-1,6,-2,8,-2,9,-4,9,-5,9,-5,9,-5,9,-6,8,-6,8,-8,9,-8,11,-7,12,-6,13,-6,14,-6,15,-7,14,-8,14,-8,14,-8,13,-7,14,-7,16,-8,17]"
CSI_DATA,512,1a:00:00:00:00:00,-75,11,0,0,0,0,0,0,0,0,0,-91,0,1,0,98600968,0,31,0,128,0,"[0,0,-17,-14,-14,-15,-13,-14,-14,-12,-12,-13,-8,-11,-8,-10,-12,-12,-14,-9,-13,-5,-9,-3,-5,-4,-7,-3,-10,-3,-10,-4,-9,-4,-9,-5,-9,-4,-7,-2,-5,-1,-6,-1,-9,-1,-10,0,-9,-1,-10,0,-13,1,0,0,0,0,0,0,0,0,0,0,0,0,0,0,0,0,0,0,0,0,0,0,-3,2,-4,2,-6,1,-8,1,-9,0,-10,-2,-11,-3,-12,-4,-12,-5,-12,-6,-12,-7,-13,-9,-13,-9,-13,-9,-13,-10,-13,-10,-14,-8,-14,-7,-14,-8,-15,-9,-15,-10,-15,-12,-17,-13,-15,-14,-15,-14,-16,-14]"
CSI_DATA,513,1a:00:00:00:00:00,-72,11,0,0,0,0,0,0,0,0,0,-91,0,1,0,98802348,0,31,0,128,0,"[0,0,-7,17,-8,15,-8,14,-6,13,-5,13,-5,13,-5,13,-5,12,-4,11,-4,10,-4,10,-3,10,-3,10,-3,9,-2,8,-2,8,-4,8,-4,7,-2,5,2,4,3,2,1,3,-1,3,0,2,2,4,3,8,0,0,0,0,0,0,0,0,0,0,0,0,0,0,0,0,0,0,0,0,0,0,0,5,-1,5,-1,6,-1,7,-2,9,-3,10,-4,10,-5,11,-6,11,-6,11,-7,12,-8,12,-8,13,-8,13,-8,13,-7,13,-7,14,-7,14,-7,14,-7,14,-7,15,-7,17,-7,18,-7,17,-7,17,-6,16]"
CSI_DATA,514,1a:00:00:00:00:00,-70,11,0,0,0,0,0,0,0,0,0,-91,0,1,0,99000999,0,31,0,128,0,"[0,0,-15,9,-15,8,-15,7,-14,8,-13,8,-13,8,-12,8,-12,7,-12,6,-12,6,-11,6,-10,6,-8,5,-8,5,-8,6,-8,5,-7,5,-7,5,-7,5,-5,3,-4,2,-4,0,-4,1,-3,2,-3,2,-3,1,0,0,0,0,0,0,0,0,0,0,0,0,0,0,0,0,0,0,0,0,0,0,-4,4,-5,5,-5,5,-6,6,-8,6,-9,7,-11,6,-11,6,-12,6,-12,6,-12,6,-12,6,-13,6,-13,7,-14,7,-14,7,-14,7,-13,7,-13,8,-13,8,-14,9,-15,10,-15,10,-16,10,-15,10,-14,10]"
[0;32mI (99038) ftm_responder: Counter = 99[0m
CSI_DATA,515,1a:00:00:00:00:00,-69,11,0,0,0,0,0,0,0,0,0,-91,0,1,0,99202987,0,31,0,128,0,"[0,0,12,-13,12,-12,14,-12,14,-13,12,-11,9,-8,9,-8,9,-9,10,-10,10,-11,8,-10,7,-9,7,-9,7,-9,7,-8,6,-7,6,-6,5,-6,5,-6,4,-5,5,-4,5,-4,3,-3,2,-2,3,-2,3,-3,0,0,0,0,0,0,0,0,0,0,0,0,0,0,0,0,0,0,0,0,0,0,1,-7,1,-7,2,-8,3,-9,3,-10,4,-11,5,-11,6,-11,7,-11,8,-11,9,-11,9,-11,9,-11,9,-11,9,-12,8,-12,9,-11,10,-12,9,-12,8,-12,9,-12,9,-14,10,-15,10,-15,10,-15,10,-16]"
CSI_DATA,516,1a:00:00:00:00:00,-70,11,0,0,0,0,0,0,0,0,0,-91,0,1,0,99403643,0,31,0,128,0,"[0,0,-8,-19,-3,-17,-1,-16,-3,-15,-3,-13,-2,-14,-5,-16,-6,-14,-4,-13,-3,-12,-3,-12,-4,-11,-6,-11,-6,-12,-6,-10,-4,-9,-3,-9,-3,-8,-2,-9,-1,-8,-1,-5,0,-4,1,-3,0,-2,-2,-2,-3,-3,0,0,0,0,0,0,0,0,0,0,0,0,0,0,0,0,0,0,0,0,0,0,-4,-6,-4,-7,-4,-8,-4,-10,-4,-10,-3,-11,-3,-13,-3,-14,-3,-14,-3,-14,-4,-14,-3,-15,-3,-15,-3,-15,-3,-15,-4,-15,-4,-16,-4,-16,-5,-14,-6,-14,-6,-16,-7,-17,-5,-17,-4,-18,-7,-20,-8,-21]"
CSI_DATA,517,1a:00:00:00:00:00,-69,11,0,0,0,0,0,0,0,0,0,-91,0,1,0,99604701,0,31,0,128,0,"[0,0,-19,1,-17,0,-15,1,-14,2,-16,2,-16,2,-15,1,-13,2,-13,2,-13,2,-12,2,-11,2,-10,2,-10,1,-10,1,-9,2,-8,2,-8,1,-9,0,-9,-1,-7,-1,-6,-1,-5,0,-4,0,-3,-1,-2,0,0,0,0,0,0,0,0,0,0,0,0,0,0,0,0,0,0,0,0,0,0,0,-6,1,-7,1,-8,1,-10,0,-11,0,-12,0,-13,-1,-13,-1,-14,-2,-14,-2,-14,-3,-15,-3,-14,-3,-15,-2,-16,-2,-15,-1,-15,-1,-15,-1,-15,0,-15,1,-15,1,-15,1,-16,1,-17,1,-18,1,-18,1]"
CSI_DATA,518,1a:00:00:00:00:00,-71,11,0,0,0,0,0,0,0,0,0,-91,0,1,0,99805839,0,31,0,128,0,"[0,0,-11,16,-11,15,-10,13,-8,12,-8,12,-8,12,-8,11,-8,11,-8,10,-7,9,-7,10,-6,10,-5,9,-4,10,-5,10,-5,9,-5,8,-6,7,-6,5,-6,4,-5,4,-5,4,-4,3,-4,1,-3,-1,-2,-1,0,0,0,0,0,0,0,0,0,0,0,0,0,0,0,0,0,0,0,0,0,0,-3,3,-4,4,-5,5,-5,6,-6,7,-8,7,-9,7,-10,8,-11,8,-11,8,-12,8,-12,8,-11,9,-10,9,-10,10,-11,10,-12,11,-12,11,-11,11,-11,12,-11,13,-11,14,-11,14,-11,14,-11,14,-11,15]"
CSI_DATA,519,1a:00:00:00:00:00,-71,11,0,0,0,0,0,0,0,0,0,-91,0,1,0,99838920,0,28,0,128,0,"[0,0,15,2,14,1,13,0,14,-1,13,-1,12,-2,12,-1,12,1,12,2,10,2,10,2,10,0,9,0,8,1,8,2,8,1,7,1,7,2,6,3,6,4,5,3,4,3,3,3,2,3,2,1,2,2,0,0,0,0,0,0,0,0,0,0,0,0,0,0,0,0,0,0,0,0,0,0,3,-2,4,-2,6,-3,6,-3,6,-2,7,-1,8,0,9,0,11,0,11,0,11,1,12,1,11,1,12,1,13,1,15,1,15,0,12,-1,12,-1,13,0,15,1,15,-1,14,-2,15,-2,15,-1,14,-1]"
CSI_DATA,520,1a:00:00:00:00:00,-73,11,0,0,0,0,0,0,0,0,0,-91,0,1,0,100007775,0,31,0,128,0,"[0,0,17,3,15,1,14,2,15,3,14,2,13,2,13,4,11,3,11,2,11,2,11,0,9,-1,8,0,8,1,9,1,8,1,6,1,5,2,6,4,5,4,4,2,3,1,1,2,0,0,0,-2,1,-2,0,0,0,0,0,0,0,0,0,0,0,0,0,0,0,0,0,0,0,0,0,0,2,-2,3,-2,4,-3,5,-3,7,-3,8,-2,9,-1,10,-1,11,-1,12,0,12,1,13,1,13,1,13,1,14,2,14,2,14,1,15,0,16,0,15,0,16,1,17,0,16,-2,15,0,15,1,14,1]"
[0;32mI (100038) ftm_responder: Counter = 100[0m
CSI_DATA,521,1a:00:00:00:00:00,-74,11,0,0,0,0,0,0,0,0,0,-91,0,1,0,100067939,0,42,0,128,0,"[0,0,18,-1,17,-1,16,0,16,0,16,-1,15,-1,14,-1,13,0,13,0,12,-1,12,-1,11,-2,11,-2,10,-2,9,-1,8,-1,7,-1,6,-1,6,-1,6,-2,4,-2,1,-1,0,0,0,-1,-2,-2,-2,-5,0,0,0,0,0,0,0,0,0,0,0,0,0,0,0,0,0,0,0,0,0,0,0,-1,2,-2,3,-3,5,-3,7,-3,8,-2,10,-2,11,-2,11,-1,12,0,12,0,13,0,14,0,15,0,15,0,16,0,16,0,15,-1,15,-1,15,0,16,0,16,-1,17,-3,18,-4,18,-3,18,-3]"
CSI_DATA,522,1a:00:00:00:00:00,-76,11,0,0,0,0,0,0,0,0,0,-91,0,1,0,100137072,0,31,0,128,0,"[0,0,20,-9,18,-9,17,-6,17,-5,15,-8,14,-10,15,-11,16,-8,13,-6,10,-7,12,-8,11,-9,10,-9,11,-7,9,-7,6,-5,7,-4,7,-3,6,-2,4,-2,2,-3,1,-3,-1,-3,-2,-2,-3,-1,-3,-1,0,0,0,0,0,0,0,0,0,0,0,0,0,0,0,0,0,0,0,0,0,0,-2,-2,-1,-3,1,-3,3,-4,4,-5,6,-4,8,-4,10,-5,11,-4,13,-3,14,-3,14,-3,15,-4,16,-3,16,-3,17,-4,18,-4,18,-5,18,-8,18,-11,19,-10,19,-9,18,-9,18,-8,18,-8,19,-8]"
CSI_DATA,523,1a:00:00:00:00:00,-78,11,0,0,0,0,0,0,0,0,0,-91,0,1,0,100338311,0,31,0,128,0,"[0,0,2,-15,-3,-13,-5,-13,-4,-14,-4,-13,-5,-12,-5,-11,-6,-9,-5,-7,-6,-4,-7,-2,-6,-2,-6,-1,-7,0,-7,1,-6,2,-5,4,-9,4,-7,4,-6,5,-9,4,-8,6,-5,16,-7,21,-10,18,-14,15,0,0,0,0,0,0,0,0,0,0,0,0,0,0,0,0,0,0,0,0,0,0,-9,-5,-8,-6,-6,-6,-4,-7,-3,-7,-1,-6,0,-6,1,-7,2,-7,3,-7,4,-6,4,-6,4,-7,4,-7,4,-8,4,-9,5,-9,4,-10,4,-9,3,-10,3,-12,2,-14,2,-15,3,-13,2,-12,0,-13]"
CSI_DATA,524,1a:00:00:00:00:00,-76,11,0,0,0,0,0,0,0,0,0,-91,0,1,0,100542929,0,31,0,128,0,"[0,0,5,-8,4,-8,2,-8,3,-8,3,-8,1,-8,0,-8,-1,-7,-3,-7,-3,-7,-4,-7,-5,-7,-6,-7,-7,-7,-8,-7,-10,-8,-12,-9,-13,-10,-13,-11,-14,-13,-20,-9,-24,-8,-21,-12,-18,-7,-21,0,-22,0,0,0,0,0,0,0,0,0,0,0,0,0,0,0,0,0,0,0,0,0,0,0,-1,-12,0,-11,1,-10,2,-9,2,-8,2,-7,3,-6,4,-5,4,-5,4,-4,5,-4,5,-4,5,-3,4,-2,5,-3,5,-4,5,-4,5,-4,5,-4,5,-5,5,-5,5,-4,5,-4,6,-5,5,-6,5,-8]"
CSI_DATA,525,1a:00:00:00:00:00,-77,11,0,0,0,0,0,0,0,0,0,-91,0,1,0,100741257,0,31,0,128,0,"[0,0,2,-8,2,-9,2,-12,0,-12,-2,-10,-4,-9,-4,-10,-2,-10,-3,-12,-6,-11,-8,-8,-8,-7,-10,-8,-13,-8,-14,-7,-16,-7,-18,-7,-20,-6,-22,-6,-21,-8,-21,-7,-22,-7,-25,-8,-27,-10,-26,-12,-24,-12,0,0,0,0,0,0,0,0,0,0,0,0,0,0,0,0,0,0,0,0,0,0,-1,-19,0,-18,0,-16,1,-15,2,-14,2,-14,2,-13,1,-11,1,-10,2,-9,3,-8,3,-7,2,-8,1,-7,2,-7,3,-6,4,-5,4,-3,2,-5,1,-7,2,-8,5,-6,6,-4,4,-5,3,-5,5,-2]"
CSI_DATA,526,1a:00:00:00:00:00,-77,11,0,0,0,0,0,0,0,0,0,-91,0,1,0,100952922,0,31,0,128,0,"[0,0,4,0,5,-1,6,-2,6,-2,4,-2,3,-4,5,-4,5,-4,4,-5,6,-7,6,-8,6,-8,7,-8,8,-8,8,-10,9,-10,7,-10,6,-10,7,-16,7,-19,7,-12,9,-13,14,-21,16,-21,11,-22,9,-24,0,0,0,0,0,0,0,0,0,0,0,0,0,0,0,0,0,0,0,0,0,0,6,-16,6,-14,6,-13,6,-12,5,-11,5,-10,5,-10,5,-9,5,-8,4,-7,4,-7,4,-6,4,-5,2,-4,0,-3,0,-5,1,-6,1,-5,2,-5,3,-5,5,-5,4,-4,3,-3,2,-3,3,-4,3,-5]"
[0;32mI (101038) ftm_responder: Counter = 101[0m
CSI_DATA,527,1a:00:00:00:00:00,-77,11,0,0,0,0,0,0,0,0,0,-91,0,1,0,101345094,0,31,0,128,0,"[0,0,6,2,5,2,6,3,4,1,3,0,5,0,5,-1,5,0,7,-1,9,-3,8,-6,5,-9,5,-10,5,-11,6,-11,9,-10,10,-10,11,-13,13,-15,15,-14,13,-15,12,-17,17,-15,19,-15,16,-15,15,-14,0,0,0,0,0,0,0,0,0,0,0,0,0,0,0,0,0,0,0,0,0,0,13,-9,11,-9,9,-8,9,-7,9,-6,8,-6,8,-6,6,-6,5,-4,4,-3,4,-2,5,-2,5,-2,4,-1,3,0,0,2,-2,1,-1,0,-1,1,0,2,4,-1,5,0,3,4,4,3,4,3,4,2]"
CSI_DATA,528,1a:00:00:00:00:00,-78,11,0,0,0,0,0,0,0,0,0,-91,0,1,0,101346374,0,31,0,128,0,"[0,0,-8,-1,-5,1,-3,2,-3,0,-2,1,-2,3,-2,4,0,3,-1,3,-6,5,-4,5,2,4,4,4,3,5,4,6,4,6,5,7,10,9,11,9,9,7,9,9,9,10,11,8,13,10,13,13,12,15,0,0,0,0,0,0,0,0,0,0,0,0,0,0,0,0,0,0,0,0,0,0,-9,6,-8,6,-7,5,-6,4,-6,4,-5,4,-5,5,-5,5,-5,4,-4,2,-5,1,-4,2,-2,4,-1,2,0,1,1,1,-1,1,-2,1,-2,1,-1,1,0,1,1,0,-1,0,-2,1,-4,1,-3,-1]"
CSI_DATA,529,1a:00:00:00:00:00,-77,11,0,0,0,0,0,0,0,0,0,-91,0,1,0,101546021,0,31,0,128,0,"[0,0,-4,2,-5,2,-5,2,-4,3,-4,3,-4,4,-3,4,-3,6,-3,7,-2,7,0,8,0,9,1,10,2,11,2,12,3,13,2,14,2,16,2,17,1,18,1,20,1,21,1,22,1,23,0,24,1,24,0,0,0,0,0,0,0,0,0,0,0,0,0,0,0,0,0,0,0,0,0,0,-4,12,-4,12,-4,11,-4,10,-3,9,-3,8,-3,7,-3,6,-3,5,-3,5,-2,4,-2,4,-2,2,-2,2,-2,1,-2,1,-2,0,-2,0,-2,0,-3,0,-4,-1,-5,-1,-5,-2,-6,-1,-7,-1,-8,-1]"
CSI_DATA,530,1a:00:00:00:00:00,-77,11,0,0,0,0,0,0,0,0,0,-91,0,1,0,101606375,0,42,0,128,0,"[0,0,1,-6,-1,-9,0,-10,0,-8,0,-8,-2,-8,-5,-8,-6,-8,-7,-8,-7,-8,-9,-5,-11,-5,-12,-6,-13,-6,-14,-4,-15,-3,-16,-1,-18,0,-20,-1,-22,-3,-24,-4,-25,-3,-24,-3,-23,-3,-25,-3,-29,-5,0,0,0,0,0,0,0,0,0,0,0,0,0,0,0,0,0,0,0,0,0,0,-7,-14,-5,-14,-3,-13,-3,-11,-3,-9,-3,-8,-3,-7,-3,-7,-2,-6,-2,-4,-1,-3,-1,-3,-2,-4,-2,-4,-1,-3,0,-3,0,-5,0,-3,0,-3,1,-3,2,-2,2,-2,0,-4,0,-5,1,-5,1,-4]"
[0;32mI (102038) ftm_responder: Counter = 102[0m
CSI_DATA,531,1a:00:00:00:00:00,-77,11,0,0,0,0,0,0,0,0,0,-91,0,1,0,102106609,0,42,0,128,0,"[0,0,-4,5,-4,5,-4,7,-1,10,1,10,1,8,1,8,2,7,3,7,6,7,8,6,10,6,11,7,11,7,13,7,15,6,17,6,19,5,21,7,23,9,24,8,23,7,24,9,25,9,26,10,27,15,0,0,0,0,0,0,0,0,0,0,0,0,0,0,0,0,0,0,0,0,0,0,-2,14,-2,14,-3,13,-3,11,-2,9,-1,7,0,7,0,7,0,6,0,4,0,3,0,3,0,3,0,3,0,1,-1,1,-2,1,-2,2,-2,1,-1,1,0,1,0,2,-2,2,-2,3,-2,4,-3,5]"
CSI_DATA,532,1a:00:00:00:00:00,-78,11,0,0,0,0,0,0,0,0,0,-91,0,1,0,102606720,0,42,0,128,0,"[0,0,0,5,1,4,3,3,5,2,7,2,4,3,3,1,6,-2,8,-2,7,-2,5,-4,7,-6,11,-8,12,-9,11,-11,10,-13,10,-15,12,-16,14,-19,15,-21,18,-20,19,-19,17,-21,14,-20,16,-22,22,-25,0,0,0,0,0,0,0,0,0,0,0,0,0,0,0,0,0,0,0,0,0,0,8,10,7,10,5,8,4,7,4,6,4,6,3,5,2,3,2,2,3,2,3,3,1,2,0,1,0,1,-1,2,-1,2,1,2,-2,1,-5,2,-5,3,-3,2,-2,4,-1,6,-1,7,-3,7,-4,5]"
CSI_DATA,533,1a:00:00:00:00:00,-78,11,0,0,0,0,0,0,0,0,0,-91,0,1,0,102607135,0,42,0,128,0,"[0,0,0,1,2,1,1,2,0,3,2,3,5,3,6,0,7,-2,7,-2,7,-4,9,-6,8,-6,5,-8,5,-9,7,-9,7,-11,6,-14,6,-14,8,-13,9,-15,11,-20,13,-23,14,-21,11,-21,11,-17,14,-14,0,0,0,0,0,0,0,0,0,0,0,0,0,0,0,0,0,0,0,0,0,0,11,1,11,1,11,2,9,2,7,1,6,1,5,1,6,0,5,0,3,0,2,-1,2,0,2,0,1,0,-1,0,-2,1,-3,1,-3,1,-3,0,-2,-2,-1,0,0,4,-1,6,-2,5,-2,4,-1,3]"
CSI_DATA,534,1a:00:00:00:00:00,-78,11,0,0,0,0,0,0,0,0,0,-91,0,1,0,102608259,0,42,0,128,0,"[0,0,2,5,2,5,2,5,3,4,4,4,4,4,5,3,6,2,6,2,6,1,8,0,9,-1,11,-3,11,-3,13,-5,14,-7,16,-8,17,-11,19,-12,21,-12,22,-12,23,-11,24,-12,24,-11,25,-10,24,-10,0,0,0,0,0,0,0,0,0,0,0,0,0,0,0,0,0,0,0,0,0,0,7,8,7,8,7,7,6,7,5,6,5,5,4,4,3,3,3,3,2,2,2,1,1,1,0,0,0,0,-1,0,-1,0,-1,0,-1,0,-2,1,-2,1,-2,1,-2,2,-2,2,-1,3,-1,3,-1,4]"
CSI_DATA,535,1a:00:00:00:00:00,-77,11,0,0,0,0,0,0,0,0,0,-91,0,1,0,102608726,0,42,0,128,0,"[0,0,3,-2,3,-2,3,-2,4,-1,4,-2,4,-3,4,-5,4,-6,3,-6,2,-6,1,-8,0,-10,-2,-10,-1,-11,0,-13,0,-16,-1,-18,-1,-19,-2,-20,-5,-22,-6,-25,-4,-27,-5,-27,-5,-27,-3,-26,-1,-27,0,0,0,0,0,0,0,0,0,0,0,0,0,0,0,0,0,0,0,0,0,0,12,-4,11,-3,8,-4,7,-4,7,-3,6,-2,5,-3,5,-4,5,-3,3,-2,3,-1,1,-2,1,-2,1,0,0,1,0,0,1,0,1,2,0,2,1,2,2,3,1,3,1,3,3,3,5,2,4,2]"
CSI_DATA,536,1a:00:00:00:00:00,-79,11,0,0,0,0,0,0,0,0,0,-91,0,1,0,102609184,0,42,0,128,0,"[0,0,-11,0,-6,0,-4,-1,-8,-2,-11,0,-9,4,-6,6,-4,7,-5,8,-6,8,-3,7,-2,10,-3,13,-3,14,-1,14,0,16,1,19,-1,20,-4,22,-2,25,1,27,2,30,1,30,-1,27,-5,27,-8,29,0,0,0,0,0,0,0,0,0,0,0,0,0,0,0,0,0,0,0,0,0,0,-8,14,-8,13,-7,11,-6,9,-6,8,-5,7,-4,7,-3,6,-3,3,-3,2,-4,2,-3,2,-1,1,-1,-1,-2,-2,-3,-1,-2,0,-3,1,-3,0,-3,-3,-2,-4,0,-3,1,-3,1,-3,1,-2,0,-2]"
[0;32mI (103038) ftm_responder: Counter = 103[0m
CSI_DATA,537,1a:00:00:00:00:00,-75,11,0,0,0,0,0,0,0,0,0,-91,0,1,0,103117242,0,42,0,128,0,"[0,0,4,-3,2,-3,2,-2,3,0,5,1,5,1,4,1,5,2,7,1,9,-2,10,-4,10,-4,12,-5,12,-6,12,-7,14,-8,14,-7,14,-7,17,-9,19,-9,20,-10,20,-12,19,-11,19,-8,22,-6,28,-7,0,0,0,0,0,0,0,0,0,0,0,0,0,0,0,0,0,0,0,0,0,0,11,1,11,1,10,1,8,1,6,0,5,0,5,0,4,0,4,0,4,-1,4,0,3,1,2,0,1,-1,0,-3,0,-2,0,-2,-1,-3,-1,-2,0,-1,0,1,0,2,1,2,2,1,3,0,3,-1]"
CSI_DATA,538,1a:00:00:00:00:00,-76,11,0,0,0,0,0,0,0,0,0,-91,0,1,0,103117472,0,42,0,128,0,"[0,0,-2,5,-2,4,-2,4,-1,4,0,5,-1,7,-1,8,0,9,1,9,1,7,2,7,5,8,8,9,8,10,8,11,9,12,11,14,11,14,12,15,15,16,15,18,15,21,14,21,13,19,12,19,11,19,0,0,0,0,0,0,0,0,0,0,0,0,0,0,0,0,0,0,0,0,0,0,-5,11,-5,10,-5,9,-4,7,-3,6,-2,6,-2,6,-2,6,-2,5,-2,4,-2,3,-1,3,0,3,0,1,-1,0,-1,2,0,2,0,0,-1,1,-3,3,-3,2,-2,1,-3,0,-3,2,-2,2,-1,3]"
CSI_DATA,539,1a:00:00:00:00:00,-75,11,0,0,0,0,0,0,0,0,0,-91,0,1,0,103618577,0,42,0,128,0,"[0,0,-4,9,-6,9,-4,5,-3,2,-4,3,-5,6,-6,8,-7,10,-5,11,-5,11,-5,12,-4,11,-3,13,-3,16,-4,18,-5,19,-6,19,-6,19,-4,21,-4,21,-5,22,-4,25,-6,26,-10,25,-10,25,-8,25,0,0,0,0,0,0,0,0,0,0,0,0,0,0,0,0,0,0,0,0,0,0,-16,4,-15,3,-13,3,-12,2,-11,2,-10,3,-10,3,-9,2,-8,2,-8,1,-7,2,-6,2,-5,3,-5,3,-4,3,-4,2,-2,2,-2,2,-3,2,-3,2,-3,2,-2,3,-2,5,-3,4,-4,3,-4,4]"
CSI_DATA,540,1a:00:00:00:00:00,-74,11,0,0,0,0,0,0,0,0,0,-91,0,1,0,103724684,0,31,0,128,0,"[0,0,-2,3,-4,-1,-6,-1,-6,0,-5,-2,-7,-2,-10,-2,-11,-3,-11,-5,-17,-8,-20,-9,-14,-8,-14,-9,-24,-10,-27,-6,-20,-2,-19,-1,-24,-1,-24,-4,-20,-5,-18,-6,-21,-8,-21,-12,-19,-13,-19,-12,-19,-12,0,0,0,0,0,0,0,0,0,0,0,0,0,0,0,0,0,0,0,0,0,0,-13,4,-13,3,-13,3,-12,2,-11,1,-10,1,-9,0,-9,0,-9,0,-8,-1,-7,-1,-6,0,-6,0,-5,-1,-4,-1,-4,0,-5,0,-5,0,-5,1,-5,0,-5,0,-6,1,-6,1,-6,-1,-6,-2,-5,-2]"
CSI_DATA,541,1a:00:00:00:00:00,-73,11,0,0,0,0,0,0,0,0,0,-91,0,1,0,103922315,0,31,0,128,0,"[0,0,-5,5,-5,4,-5,4,-6,4,-6,4,-7,4,-7,4,-6,5,-7,6,-7,7,-8,7,-8,9,-8,10,-9,10,-11,12,-11,12,-10,9,-10,9,-11,12,-11,14,-8,15,-7,16,-10,17,-13,14,-16,14,-17,16,0,0,0,0,0,0,0,0,0,0,0,0,0,0,0,0,0,0,0,0,0,0,-13,4,-12,3,-11,3,-11,3,-10,3,-9,3,-9,2,-9,2,-8,2,-7,2,-7,1,-6,0,-6,0,-6,1,-5,2,-4,2,-3,1,-3,1,-4,1,-4,2,-4,2,-4,3,-4,3,-4,3,-4,3,-5,3]"
[0;32mI (104038) ftm_responder: Counter = 104[0m
CSI_DATA,542,1a:00:00:00:00:00,-74,11,0,0,0,0,0,0,0,0,0,-91,0,1,0,104127490,0,31,0,128,0,"[0,0,-8,-2,-8,-3,-8,-4,-8,-4,-9,-4,-11,-3,-12,-3,-12,-3,-11,-2,-10,-2,-10,-1,-13,-2,-17,-1,-17,0,-16,2,-16,3,-15,3,-15,1,-20,0,-23,-2,-21,-5,-20,-9,-24,-5,-28,0,-30,0,-33,-3,0,0,0,0,0,0,0,0,0,0,0,0,0,0,0,0,0,0,0,0,0,0,-14,-6,-13,-6,-12,-6,-11,-6,-11,-5,-10,-5,-9,-5,-9,-5,-9,-5,-7,-4,-6,-4,-6,-4,-5,-4,-4,-2,-5,-1,-5,-2,-4,-2,-5,-2,-4,-1,-4,-3,-5,-4,-6,-4,-6,-2,-7,-2,-7,-3,-7,-5]"
CSI_DATA,543,1a:00:00:00:00:00,-74,11,0,0,0,0,0,0,0,0,0,-91,0,1,0,104324594,0,31,0,128,0,"[0,0,6,-4,5,-4,5,-4,6,-6,7,-6,7,-6,6,-8,7,-10,7,-10,7,-11,6,-11,6,-11,7,-13,8,-16,7,-18,6,-18,6,-18,8,-20,7,-20,8,-20,9,-20,9,-21,9,-21,10,-21,12,-22,14,-23,0,0,0,0,0,0,0,0,0,0,0,0,0,0,0,0,0,0,0,0,0,0,14,-7,13,-6,12,-6,11,-5,10,-5,9,-4,9,-4,9,-4,8,-3,6,-3,5,-3,5,-2,5,-2,4,-2,3,-3,2,-2,2,-2,2,-2,3,-3,4,-2,5,-2,3,-3,2,-4,2,-4,3,-3,2,-2]"
CSI_DATA,544,1a:00:00:00:00:00,-75,11,0,0,0,0,0,0,0,0,0,-91,0,1,0,104725234,0,31,0,128,0,"[0,0,6,-1,6,-3,7,-3,7,-3,7,-4,6,-6,6,-6,7,-5,6,-5,7,-6,9,-6,11,-5,12,-5,11,-7,11,-10,12,-11,12,-10,12,-9,14,-11,14,-12,16,-10,18,-8,18,-8,19,-8,19,-9,16,-10,0,0,0,0,0,0,0,0,0,0,0,0,0,0,0,0,0,0,0,0,0,0,11,-6,11,-5,10,-4,10,-3,9,-3,8,-3,7,-2,7,-2,6,-2,6,-2,5,-1,4,-1,4,-1,4,0,3,0,3,-1,2,-1,2,-1,2,-1,2,-1,3,-1,4,-1,4,-1,2,-2,2,-2,2,-1]"
CSI_DATA,545,1a:00:00:00:00:00,-76,11,0,0,0,0,0,0,0,0,0,-91,0,1,0,104926308,0,31,0,128,0,"[0,0,-6,3,-6,3,-7,4,-6,4,-4,4,-5,5,-6,7,-6,9,-5,10,-4,10,-4,10,-3,11,-4,12,-3,14,-2,18,-1,19,-3,18,-3,19,-2,21,-2,23,-3,23,-4,22,-3,23,-3,23,-5,23,-7,22,0,0,0,0,0,0,0,0,0,0,0,0,0,0,0,0,0,0,0,0,0,0,-16,3,-15,2,-14,2,-13,2,-12,1,-12,1,-11,1,-9,0,-8,0,-8,1,-7,0,-6,0,-5,0,-4,-1,-3,-1,-2,-2,-3,-2,-2,0,-1,1,-3,1,-4,0,-3,-1,-4,0,-4,2,-4,2,-4,3]"
[0;32mI (105038) ftm_responder: Counter = 105[0m
CSI_DATA,546,1a:00:00:00:00:00,-75,11,0,0,0,0,0,0,0,0,0,-91,0,1,0,105127401,0,31,0,128,0,"[0,0,-6,-2,-4,-4,-5,-7,-9,-8,-8,-7,-6,-4,-5,-2,-6,-3,-5,-5,-8,-4,-10,-1,-11,2,-15,2,-17,1,-17,2,-17,2,-17,3,-19,3,-20,2,-22,1,-23,1,-22,2,-22,3,-23,3,-23,1,-25,0,0,0,0,0,0,0,0,0,0,0,0,0,0,0,0,0,0,0,0,0,0,0,0,-16,0,-15,-1,-14,-1,-12,-1,-11,-1,-11,-1,-11,-1,-10,-1,-8,0,-7,0,-6,-1,-6,-1,-6,-1,-5,-1,-5,0,-4,-1,-3,-3,-3,-4,-3,-4,-3,-3,-4,-3,-5,-4,-5,-4,-7,-4,-7,-4,-6]"
CSI_DATA,547,1a:00:00:00:00:00,-76,11,0,0,0,0,0,0,0,0,0,-91,0,1,0,105188601,0,42,0,128,0,"[0,0,6,-1,7,-2,8,-2,6,-2,5,-2,5,-2,7,-2,8,-2,10,-3,11,-5,11,-7,11,-10,11,-11,10,-11,11,-11,14,-11,17,-11,17,-12,17,-13,20,-13,22,-13,22,-13,22,-12,22,-13,21,-12,19,-11,0,0,0,0,0,0,0,0,0,0,0,0,0,0,0,0,0,0,0,0,0,0,14,-3,14,-3,13,-2,12,-1,11,-1,10,-1,8,-1,7,-1,7,0,7,-1,6,-1,5,-1,4,0,4,-1,4,-1,4,-1,3,-2,2,-2,3,-1,4,1,4,0,4,-2,4,-3,2,-2,2,-1,4,-2]"
CSI_DATA,548,1a:00:00:00:00:00,-75,11,0,0,0,0,0,0,0,0,0,-91,0,1,0,105690344,0,42,0,128,0,"[0,0,3,-4,5,-2,6,-2,7,-2,7,-3,7,-5,7,-5,7,-5,7,-6,8,-8,8,-10,6,-11,5,-12,5,-14,6,-15,6,-18,7,-20,8,-21,9,-21,9,-21,7,-22,8,-22,10,-23,13,-23,14,-22,13,-23,0,0,0,0,0,0,0,0,0,0,0,0,0,0,0,0,0,0,0,0,0,0,13,7,12,7,11,8,10,7,8,6,7,5,7,4,6,4,6,4,5,3,4,2,3,1,3,1,4,2,3,2,2,2,2,1,1,1,1,1,2,0,3,-2,2,-1,3,-1,4,-1,6,1,7,2]"
[0;32mI (106038) ftm_responder: Counter = 106[0m
CSI_DATA,549,1a:00:00:00:00:00,-75,11,0,0,0,0,0,0,0,0,0,-91,0,1,0,106189367,0,42,0,128,0,"[0,0,-4,1,-4,2,-5,3,-5,2,-5,0,-7,-1,-9,0,-9,1,-9,3,-8,4,-8,5,-10,7,-12,8,-13,8,-11,9,-11,10,-13,11,-14,11,-15,10,-16,9,-18,10,-20,11,-20,11,-20,8,-20,8,-19,10,0,0,0,0,0,0,0,0,0,0,0,0,0,0,0,0,0,0,0,0,0,0,-15,-2,-13,-2,-11,-2,-10,-3,-9,-2,-8,-2,-7,-2,-7,-2,-6,-2,-5,-3,-5,-3,-5,-3,-4,-2,-4,-1,-3,-1,-2,-1,-3,-1,-2,-1,-2,-1,-3,0,-3,-2,-4,-1,-4,0,-4,0,-4,1,-4,1]"
CSI_DATA,550,1a:00:00:00:00:00,-76,11,0,0,0,0,0,0,0,0,0,-91,0,1,0,106289604,0,31,0,128,0,"[0,0,5,4,7,5,5,5,3,5,4,4,6,1,9,2,8,2,5,-1,8,-3,13,-4,17,-4,18,-5,17,-9,17,-12,18,-10,18,-10,18,-12,20,-14,21,-17,20,-15,19,-13,19,-16,20,-18,22,-17,24,-17,0,0,0,0,0,0,0,0,0,0,0,0,0,0,0,0,0,0,0,0,0,0,-3,16,-4,15,-4,13,-3,11,-2,9,-2,9,-2,9,-2,8,-2,6,-2,4,-3,3,-1,2,2,2,2,1,2,-1,2,-2,1,-3,2,-2,2,0,4,1,3,1,2,1,4,1,4,3,2,4,0,3]"
CSI_DATA,551,1a:00:00:00:00:00,-74,11,0,0,0,0,0,0,0,0,0,-91,0,1,0,106491622,0,31,0,128,0,"[0,0,2,-3,-2,-4,-6,-3,-7,-3,-7,-5,-7,-5,-7,-4,-7,-3,-8,-3,-8,-3,-7,-3,-10,-3,-10,-4,-8,-1,-9,0,-13,1,-15,-1,-19,-5,-24,-2,-23,5,-22,7,-20,4,-20,1,-24,0,-26,-1,-23,-4,0,0,0,0,0,0,0,0,0,0,0,0,0,0,0,0,0,0,0,0,0,0,-6,-14,-5,-13,-4,-12,-4,-11,-4,-10,-4,-8,-4,-8,-2,-8,-2,-7,-2,-6,-2,-5,-1,-5,-1,-4,-1,-3,-1,-2,-1,-2,0,-1,0,-2,0,-2,0,-2,0,-2,-1,-2,-4,-2,-4,-4,-1,-4,0,-4]"
CSI_DATA,552,1a:00:00:00:00:00,-74,11,0,0,0,0,0,0,0,0,0,-91,0,1,0,106691494,0,31,0,128,0,"[0,0,3,4,5,4,7,5,6,4,4,3,7,4,10,3,9,2,8,4,9,2,11,-3,13,-3,15,-3,15,-4,17,-4,19,-5,19,-6,20,-6,20,-7,22,-7,23,-7,24,-6,25,-4,24,-4,23,-4,23,-3,0,0,0,0,0,0,0,0,0,0,0,0,0,0,0,0,0,0,0,0,0,0,-2,14,-3,13,-2,12,-2,11,-3,11,-3,10,-2,9,-2,7,-3,7,-3,5,-2,5,-2,5,-1,5,0,3,-1,2,-1,2,-1,2,0,2,1,2,2,3,2,3,2,2,2,3,2,4,2,3,3,3]"
CSI_DATA,553,1a:00:00:00:00:00,-73,11,0,0,0,0,0,0,0,0,0,-91,0,1,0,106892048,0,31,0,128,0,"[0,0,0,6,0,7,-1,7,-1,8,0,9,1,10,2,12,3,13,3,13,3,13,5,12,8,11,9,13,10,14,12,14,12,14,13,13,16,14,18,16,16,18,10,21,6,24,5,25,8,25,11,24,9,19,0,0,0,0,0,0,0,0,0,0,0,0,0,0,0,0,0,0,0,0,0,0,-5,11,-5,9,-5,8,-5,6,-5,6,-5,5,-4,5,-4,3,-4,2,-4,1,-4,1,-3,1,-2,2,-2,2,-2,0,-2,0,-3,1,-3,2,-3,2,-2,2,-2,3,-3,5,-3,5,-1,4,0,3,0,4]"
[0;32mI (107038) ftm_responder: Counter = 107[0m
CSI_DATA,554,1a:00:00:00:00:00,-75,11,0,0,0,0,0,0,0,0,0,-91,0,1,0,107093357,0,31,0,128,0,"[0,0,-4,1,-6,2,-7,2,-8,4,-7,8,-4,10,-3,8,-5,6,-6,7,-7,10,-8,11,-6,10,-4,12,-5,14,-5,15,-6,18,-4,22,-1,22,-3,19,-7,21,-6,25,-8,22,-11,18,-12,21,-13,20,-13,15,0,0,0,0,0,0,0,0,0,0,0,0,0,0,0,0,0,0,0,0,0,0,-5,9,-5,9,-5,8,-5,6,-4,5,-4,5,-3,4,-3,3,-2,3,-2,2,-2,2,-2,2,0,2,1,1,0,0,0,-1,1,-1,0,0,-1,1,-1,2,-2,2,-1,2,0,3,-1,2,-2,2,-3,4]"
CSI_DATA,555,1a:00:00:00:00:00,-75,11,0,0,0,0,0,0,0,0,0,-91,0,1,0,107294197,0,31,0,128,0,"[0,0,-2,-2,-5,-1,-6,-2,-7,-3,-8,-3,-9,-2,-9,0,-11,0,-13,0,-14,1,-12,2,-11,2,-14,2,-17,2,-18,4,-19,5,-21,5,-22,4,-23,4,-24,5,-24,5,-24,5,-25,4,-27,3,-27,2,-28,2,0,0,0,0,0,0,0,0,0,0,0,0,0,0,0,0,0,0,0,0,0,0,-8,-8,-8,-7,-7,-5,-6,-4,-6,-4,-6,-3,-6,-2,-5,-2,-4,-1,-4,-1,-3,1,-3,1,-2,1,-2,2,-2,3,-1,3,-1,2,-1,2,-1,1,-1,2,-1,1,-2,1,-3,2,-4,1,-3,0,-3,-1]"
CSI_DATA,556,1a:00:00:00:00:00,-76,11,0,0,0,0,0,0,0,0,0,-91,0,1,0,107294390,0,31,0,128,0,"[0,0,-2,2,-2,3,-4,5,-4,6,-3,7,-3,7,-3,8,-1,9,2,10,4,11,3,11,4,11,6,11,7,13,7,13,9,13,9,14,10,15,10,16,11,17,11,17,11,17,11,17,12,18,12,20,11,22,0,0,0,0,0,0,0,0,0,0,0,0,0,0,0,0,0,0,0,0,0,0,-9,3,-8,3,-7,2,-5,2,-3,2,-3,3,-4,3,-3,2,-2,3,0,3,-1,3,-1,4,-1,6,-2,5,-3,2,-2,-1,0,-1,1,0,3,1,3,1,2,-2,1,-2,0,1,1,2,1,1,0,1]"
CSI_DATA,557,1a:00:00:00:00:00,-76,11,0,0,0,0,0,0,0,0,0,-91,0,1,0,107500556,0,31,0,128,0,"[0,0,3,-3,3,-4,3,-4,3,-5,3,-7,3,-7,3,-8,3,-10,3,-12,3,-12,2,-11,2,-12,2,-13,1,-15,0,-17,0,-19,1,-21,2,-22,3,-23,4,-25,4,-27,5,-28,4,-28,4,-28,6,-27,6,-28,0,0,0,0,0,0,0,0,0,0,0,0,0,0,0,0,0,0,0,0,0,0,6,-10,6,-8,5,-7,3,-7,1,-6,0,-6,0,-6,-1,-6,-2,-5,-2,-5,-2,-4,-2,-3,-4,-3,-5,-3,-4,-2,-3,-2,-3,-1,-5,0,-4,-1,-2,-3,-3,-1,-4,0,-3,-1,-2,1,-2,1,-1,-1]"
[0;32mI (108038) ftm_responder: Counter = 108[0m
CSI_DATA,558,1a:00:00:00:00:00,-77,11,0,0,0,0,0,0,0,0,0,-91,0,1,0,108257427,0,42,0,128,0,"[0,0,-3,0,-2,2,-3,2,-3,3,-1,4,1,7,2,7,3,6,4,6,6,7,6,7,6,5,9,4,13,4,16,5,17,7,19,8,22,7,24,6,24,7,24,10,25,11,25,12,25,13,25,15,26,16,0,0,0,0,0,0,0,0,0,0,0,0,0,0,0,0,0,0,0,0,0,0,1,12,1,10,1,8,2,7,1,7,1,6,2,4,3,3,3,1,3,1,3,1,2,-1,2,-2,3,-1,3,-1,2,-2,1,-4,0,-4,0,-4,0,-4,-1,-3,0,-4,-1,-6,-1,-4,-1,-1,0,0]"
CSI_DATA,559,1a:00:00:00:00:00,-78,11,0,0,0,0,0,0,0,0,0,-91,0,1,0,108260900,0,42,0,128,0,"[0,0,1,2,1,0,2,0,3,2,4,2,5,3,5,5,7,3,10,1,10,-1,10,-3,10,-4,11,-3,15,-5,18,-7,18,-8,19,-9,22,-9,24,-9,27,-10,29,-12,30,-12,30,-9,29,-8,31,-9,36,-10,0,0,0,0,0,0,0,0,0,0,0,0,0,0,0,0,0,0,0,0,0,0,10,5,10,4,9,3,8,2,7,1,5,-1,4,-2,4,-2,4,-2,3,-3,2,-4,1,-4,0,-4,0,-4,-2,-5,-3,-5,-3,-5,-3,-3,-2,-3,-2,-3,-1,-2,-2,0,-3,1,-2,-1,0,-3,2,-2]"
CSI_DATA,560,1a:00:00:00:00:00,-77,11,0,0,0,0,0,0,0,0,0,-91,0,1,0,108263233,0,42,0,128,0,"[0,0,-2,-3,-4,-3,-4,-2,-4,-2,-6,-2,-8,-2,-8,-2,-7,-2,-8,-2,-9,-1,-10,-1,-12,-1,-14,2,-15,4,-17,4,-19,4,-21,5,-22,7,-23,6,-25,4,-27,4,-27,3,-28,2,-29,2,-29,1,-31,0,0,0,0,0,0,0,0,0,0,0,0,0,0,0,0,0,0,0,0,0,0,0,-12,-2,-11,-2,-9,-2,-8,-2,-7,0,-6,1,-5,2,-4,2,-4,2,-3,2,-2,2,-2,2,-1,3,0,3,1,3,1,3,1,3,2,2,2,2,1,0,1,-1,2,-1,2,0,2,-2,1,-3,0,-3]"
CSI_DATA,561,1a:00:00:00:00:00,-77,11,0,0,0,0,0,0,0,0,0,-91,0,1,0,108263454,0,42,0,128,0,"[0,0,1,-4,1,-3,0,-3,-1,-4,-2,-5,-3,-5,-5,-5,-8,-6,-9,-6,-8,-6,-9,-6,-12,-7,-14,-7,-16,-8,-17,-8,-19,-8,-21,-9,-22,-11,-23,-12,-25,-12,-26,-12,-27,-13,-28,-12,-29,-12,-28,-13,-27,-14,0,0,0,0,0,0,0,0,0,0,0,0,0,0,0,0,0,0,0,0,0,0,-1,-14,-1,-12,-1,-10,-1,-9,-1,-8,-2,-7,-3,-5,-4,-4,-4,-3,-4,-2,-4,-1,-3,1,-3,2,-3,2,-5,1,-6,0,-4,2,-2,3,-2,2,-3,2,-2,2,1,2,4,1,3,2,2,3,1,2]"
CSI_DATA,562,1a:00:00:00:00:00,-78,11,0,0,0,0,0,0,0,0,0,-91,0,1,0,108263666,0,42,0,128,0,"[0,0,0,-2,-1,-3,0,-5,-1,-5,0,-6,0,-7,0,-6,-1,-6,-2,-6,-5,-7,-6,-8,-7,-9,-10,-9,-12,-10,-14,-11,-17,-9,-18,-9,-18,-10,-20,-11,-21,-12,-22,-13,-23,-13,-24,-15,-24,-15,-24,-15,-23,-18,0,0,0,0,0,0,0,0,0,0,0,0,0,0,0,0,0,0,0,0,0,0,5,-11,4,-9,3,-8,2,-7,1,-6,0,-5,-1,-5,-1,-5,-2,-4,-3,-4,-3,-4,-3,-3,-4,-2,-5,-1,-4,0,-3,1,-3,1,-4,1,-3,2,-1,2,-2,2,-2,2,-2,2,-1,1,0,-1,0,-2]"
CSI_DATA,563,1a:00:00:00:00:00,-74,11,0,0,0,0,0,0,0,0,0,-91,0,1,0,108540228,0,31,0,128,0,"[0,0,-3,-2,-6,0,-6,3,-4,3,-4,3,-7,5,-6,6,-5,6,-6,7,-6,6,-9,7,-9,9,-7,9,-9,12,-11,17,-11,19,-12,19,-17,20,-23,20,-21,21,-17,22,-19,21,-20,18,-23,17,-26,19,-28,22,0,0,0,0,0,0,0,0,0,0,0,0,0,0,0,0,0,0,0,0,0,0,-3,11,-2,10,-1,10,-2,8,-3,7,-2,6,0,7,0,6,1,5,3,6,4,6,3,4,4,2,3,0,3,-1,3,0,2,1,3,0,5,-1,4,-1,2,-1,-1,-2,-4,-1,-4,-1,-2,-1,-2,-1]"
CSI_DATA,564,1a:00:00:00:00:00,-76,11,0,0,0,0,0,0,0,0,0,-91,0,1,0,108540509,0,31,0,128,0,"[0,0,-8,1,-6,0,-3,1,-1,3,0,4,-1,5,-5,9,-5,10,-3,9,-2,11,-1,12,-1,12,0,13,2,15,3,19,4,19,3,19,3,21,4,24,5,24,7,25,6,27,2,26,0,29,1,31,1,30,0,0,0,0,0,0,0,0,0,0,0,0,0,0,0,0,0,0,0,0,0,0,0,12,0,10,0,9,0,7,0,5,0,3,1,3,1,3,2,1,3,1,3,2,3,1,4,0,4,-1,5,-1,3,0,2,-1,4,-3,4,-5,3,-4,2,-1,1,1,-2,0,-3,0,-2,-1,-1,-2]"
CSI_DATA,565,1a:00:00:00:00:00,-77,11,0,0,0,0,0,0,0,0,0,-91,0,1,0,108743169,0,31,0,128,0,"[0,0,1,-1,0,0,2,-2,3,-3,3,-2,2,0,0,-2,-2,-8,-1,-14,2,-15,7,-12,8,-13,5,-16,3,-14,3,-15,2,-19,0,-22,0,-26,-1,-28,0,-27,3,-28,3,-29,3,-30,5,-32,4,-32,5,-31,0,0,0,0,0,0,0,0,0,0,0,0,0,0,0,0,0,0,0,0,0,0,13,-5,11,-5,10,-6,8,-6,7,-6,6,-5,5,-5,4,-5,3,-5,3,-5,2,-5,0,-5,-1,-4,-2,-3,-2,-4,-1,-4,-2,-5,-3,-4,-4,-3,-3,-2,-1,0,-1,0,-1,1,0,1,0,-1,-1,-3]"
CSI_DATA,566,1a:00:00:00:00:00,-77,11,0,0,0,0,0,0,0,0,0,-91,0,1,0,108943289,0,31,0,128,0,"[0,0,3,-2,3,-5,3,-6,3,-3,1,-2,0,-4,2,-5,4,-4,3,-7,1,-10,1,-9,5,-10,6,-13,7,-13,5,-15,4,-17,5,-17,5,-19,6,-21,6,-23,7,-25,8,-26,9,-24,9,-24,11,-24,12,-24,0,0,0,0,0,0,0,0,0,0,0,0,0,0,0,0,0,0,0,0,0,0,12,-6,10,-6,9,-6,9,-6,8,-6,7,-6,5,-7,5,-7,4,-6,3,-7,2,-7,0,-6,0,-6,-1,-6,-2,-5,-3,-5,-3,-6,-2,-5,-3,-5,-3,-5,-2,-5,-1,-4,-1,-2,-2,-1,-2,-2,-1,-2]"
[0;32mI (109038) ftm_responder: Counter = 109[0m
CSI_DATA,567,1a:00:00:00:00:00,-76,11,0,0,0,0,0,0,0,0,0,-91,0,1,0,109144850,0,31,0,128,0,"[0,0,-3,2,-4,1,-4,1,-4,1,-4,0,-5,1,-6,2,-6,3,-5,4,-6,3,-8,3,-8,5,-7,7,-7,8,-9,10,-10,11,-10,11,-11,12,-9,14,-6,14,-6,12,-7,15,-8,23,-10,24,-11,28,-15,31,0,0,0,0,0,0,0,0,0,0,0,0,0,0,0,0,0,0,0,0,0,0,-1,-13,-2,-12,-2,-11,-3,-9,-3,-9,-4,-8,-6,-7,-6,-6,-6,-5,-6,-4,-5,-3,-6,-1,-7,0,-7,1,-6,0,-6,0,-5,2,-4,2,-3,2,-2,3,-3,4,-2,5,-1,6,-3,3,-4,2,-3,3]"
CSI_DATA,568,1a:00:00:00:00:00,-77,11,0,0,0,0,0,0,0,0,0,-91,0,1,0,109358232,0,31,0,128,0,"[0,0,-2,-3,-4,-4,-6,-2,-4,2,-4,4,-3,5,-2,4,-3,2,-6,-1,-10,-2,-13,0,-13,2,-12,4,-11,5,-12,4,-16,4,-19,2,-21,2,-22,4,-24,2,-26,-3,-29,-6,-30,-6,-29,-6,-29,-7,-29,-7,0,0,0,0,0,0,0,0,0,0,0,0,0,0,0,0,0,0,0,0,0,0,-15,0,-13,0,-13,0,-12,1,-11,2,-10,2,-10,2,-9,3,-8,4,-8,3,-8,2,-6,3,-5,4,-5,5,-4,5,-4,5,-4,6,-2,6,-2,6,-2,5,-1,4,0,3,-2,3,-3,2,-1,1,1,2]"
CSI_DATA,569,1a:00:00:00:00:00,-74,11,0,0,0,0,0,0,0,0,0,-91,0,1,0,109554657,0,31,0,128,0,"[0,0,-3,-2,-3,-3,-4,-4,-4,-4,-4,-5,-5,-6,-5,-5,-6,-5,-7,-5,-9,-4,-8,-5,-9,-6,-11,-6,-11,-5,-13,-4,-18,-3,-23,-2,-22,-2,-20,-1,-21,-2,-22,-6,-22,-9,-21,-9,-20,-10,-21,-13,-23,-16,0,0,0,0,0,0,0,0,0,0,0,0,0,0,0,0,0,0,0,0,0,0,0,-14,-1,-13,-2,-12,-2,-11,-3,-10,-4,-9,-4,-9,-5,-8,-5,-7,-5,-6,-6,-5,-6,-5,-4,-4,-5,-5,-5,-5,-5,-4,-5,-3,-5,-2,-6,-1,-5,-1,-4,-1,-4,-1,-3,-2,-3,-3,-5,-3,-4,-2]"
CSI_DATA,570,1a:00:00:00:00:00,-76,11,0,0,0,0,0,0,0,0,0,-91,0,1,0,109751050,0,31,0,128,0,"[0,0,2,-7,3,-4,6,-3,7,1,4,3,3,1,1,-2,1,-3,4,-1,5,-3,7,-6,7,-7,8,-8,9,-10,11,-11,11,-12,11,-13,11,-14,10,-16,11,-17,14,-16,16,-14,16,-14,16,-14,18,-15,20,-16,0,0,0,0,0,0,0,0,0,0,0,0,0,0,0,0,0,0,0,0,0,0,10,7,11,6,11,5,10,5,10,4,10,3,10,1,10,1,9,0,9,0,9,-1,8,-2,7,-2,5,-2,5,-1,6,-1,6,-2,4,-4,2,-5,2,-6,2,-7,2,-4,3,1,3,-1,2,-4,2,-6]"
CSI_DATA,571,1a:00:00:00:00:00,-73,11,0,0,0,0,0,0,0,0,0,-91,0,1,0,109952482,0,31,0,128,0,"[0,0,1,5,-2,2,-4,2,-4,7,-6,7,-8,8,-7,11,-4,8,-3,5,-6,8,-5,9,-3,11,-2,13,-3,13,-4,13,-3,14,-3,15,-3,17,-2,18,-3,18,-7,18,-9,17,-7,18,-11,19,-16,20,-17,20,0,0,0,0,0,0,0,0,0,0,0,0,0,0,0,0,0,0,0,0,0,0,-3,13,-2,12,-2,11,-2,10,-1,10,0,10,0,10,0,10,0,9,1,8,2,8,3,7,1,6,0,5,2,6,2,4,2,3,3,6,3,6,0,4,-2,7,2,8,4,6,4,3,2,3,0,7]"
CSI_DATA,572,1a:00:00:00:00:00,-75,11,0,0,0,0,0,0,0,0,0,-91,0,1,0,110013442,0,42,0,128,0,"[0,0,-5,4,-7,2,-8,1,-9,2,-7,2,-4,2,-5,2,-8,2,-11,4,-12,5,-11,6,-10,7,-11,8,-11,10,-12,12,-12,13,-13,15,-15,17,-16,18,-16,17,-17,16,-19,15,-19,15,-18,16,-20,15,-23,13,0,0,0,0,0,0,0,0,0,0,0,0,0,0,0,0,0,0,0,0,0,0,-14,-7,-13,-6,-13,-5,-13,-4,-13,-2,-12,-2,-13,-1,-12,0,-12,0,-12,0,-12,2,-11,2,-9,3,-8,4,-8,4,-8,4,-7,4,-5,5,-4,6,-6,7,-7,8,-5,7,-5,7,-5,6,-3,4,-3,3]"
[0;32mI (110038) ftm_responder: Counter = 110[0m
CSI_DATA,573,1a:00:00:00:00:00,-74,11,0,0,0,0,0,0,0,0,0,-91,0,1,0,110070201,0,31,0,128,0,"[0,0,-9,-5,-5,-3,-5,-1,-8,-1,-6,0,-3,-2,-5,-3,-9,-3,-10,-3,-9,-2,-8,0,-8,1,-12,1,-14,0,-14,-1,-16,-1,-19,0,-20,1,-21,0,-22,0,-23,0,-25,-2,-24,-3,-23,-4,-23,-5,-24,-6,0,0,0,0,0,0,0,0,0,0,0,0,0,0,0,0,0,0,0,0,0,0,-12,-6,-12,-5,-12,-5,-12,-4,-11,-4,-11,-3,-11,-2,-11,-1,-11,-1,-10,0,-9,1,-9,1,-9,2,-9,3,-9,3,-8,3,-6,4,-5,4,-6,4,-6,3,-6,3,-5,3,-4,2,-3,2,-4,2,-5,1]"
CSI_DATA,574,1a:00:00:00:00:00,-75,11,0,0,0,0,0,0,0,0,0,-91,0,1,0,110271627,0,31,0,128,0,"[0,0,0,-7,1,-8,2,-7,2,-6,3,-6,3,-5,2,-6,3,-7,5,-7,4,-7,4,-8,5,-9,5,-8,5,-9,5,-10,5,-13,4,-16,6,-14,12,-13,11,-14,9,-14,14,-15,18,-16,17,-14,17,-15,20,-19,0,0,0,0,0,0,0,0,0,0,0,0,0,0,0,0,0,0,0,0,0,0,7,-10,5,-9,4,-9,3,-9,3,-9,2,-9,1,-10,1,-10,1,-10,1,-9,1,-8,0,-8,-1,-8,-2,-9,-2,-8,-2,-7,-2,-7,-3,-8,-3,-7,-3,-6,-4,-6,-3,-6,-1,-4,-1,-5,-1,-8,1,-7]"
CSI_DATA,575,1a:00:00:00:00:00,-74,11,0,0,0,0,0,0,0,0,0,-91,0,1,0,110470332,0,31,0,128,0,"[0,0,-5,-1,-5,-1,-4,-1,-5,-3,-7,-5,-8,-4,-8,-3,-8,-5,-7,-8,-7,-8,-8,-8,-10,-10,-12,-9,-13,-8,-14,-8,-14,-7,-15,-7,-17,-8,-18,-9,-19,-11,-19,-11,-19,-12,-19,-15,-19,-16,-18,-16,-19,-16,0,0,0,0,0,0,0,0,0,0,0,0,0,0,0,0,0,0,0,0,0,0,-4,-12,-5,-11,-6,-10,-6,-10,-7,-9,-7,-8,-6,-7,-7,-8,-8,-7,-9,-5,-10,-5,-11,-4,-10,-3,-8,-4,-7,-4,-8,-2,-10,-1,-8,0,-6,0,-5,0,-5,1,-7,1,-9,-1,-7,-3,-5,-2,-4,-1]"
CSI_DATA,576,1a:00:00:00:00:00,-76,11,0,0,0,0,0,0,0,0,0,-91,0,1,0,110677439,0,31,0,128,0,"[0,0,-4,-3,-4,-4,-3,-3,-2,-2,-2,-3,-2,-5,-2,-6,-2,-6,-2,-5,-4,-5,-4,-6,-4,-7,-5,-8,-6,-8,-9,-9,-10,-7,-11,-5,-10,-8,-7,-13,-9,-14,-14,-15,-15,-14,-14,-14,-13,-15,-12,-17,-10,-20,0,0,0,0,0,0,0,0,0,0,0,0,0,0,0,0,0,0,0,0,0,0,5,-9,4,-10,3,-10,3,-10,2,-10,1,-10,-1,-9,-2,-9,-2,-9,-3,-9,-3,-9,-4,-9,-5,-8,-6,-7,-7,-6,-8,-5,-7,-4,-6,-3,-6,-4,-6,-5,-6,-3,-7,-3,-8,-3,-8,-2,-7,-3,-5,-2]"
CSI_DATA,577,1a:00:00:00:00:00,-78,11,0,0,0,0,0,0,0,0,0,-91,0,1,0,110878126,0,31,0,128,0,"[0,0,1,1,0,-1,-2,2,0,5,1,5,0,4,0,3,2,3,2,6,1,8,2,8,2,8,1,10,2,11,5,13,6,14,7,14,6,16,6,18,6,20,6,22,6,24,6,24,5,24,3,24,3,24,0,0,0,0,0,0,0,0,0,0,0,0,0,0,0,0,0,0,0,0,0,0,4,11,4,10,4,10,4,9,4,8,4,8,4,7,5,6,5,6,6,5,7,4,7,4,6,3,6,1,5,1,5,2,6,1,7,-1,6,-1,4,0,3,0,3,1,4,1,3,2,1,2,1,0]"
[0;32mI (111048) ftm_responder: Counter = 111[0m
CSI_DATA,578,1a:00:00:00:00:00,-75,11,0,0,0,0,0,0,0,0,0,-91,0,1,0,111074228,0,31,0,128,0,"[0,0,-4,3,-3,6,0,7,0,5,-1,4,-3,2,-2,2,1,6,6,6,9,7,8,10,8,9,8,7,11,6,13,6,15,7,15,10,16,12,16,15,17,15,19,11,23,8,27,10,25,15,21,17,20,15,0,0,0,0,0,0,0,0,0,0,0,0,0,0,0,0,0,0,0,0,0,0,7,7,6,6,6,5,7,4,7,3,7,2,8,1,8,0,7,0,6,-1,5,-2,5,-1,5,-1,4,-2,3,-3,3,-3,3,-3,2,-4,2,-4,4,-4,2,-2,0,-2,0,-3,-1,-3,-1,-2,0,0]"
CSI_DATA,579,1a:00:00:00:00:00,-76,11,0,0,0,0,0,0,0,0,0,-91,0,1,0,111275161,0,31,0,128,0,"[0,0,3,2,2,0,1,0,2,1,2,0,4,-2,6,-4,6,-4,6,-3,6,-2,7,-4,8,-5,8,-8,9,-10,10,-13,11,-15,13,-15,14,-14,15,-14,15,-17,15,-19,17,-18,20,-16,20,-15,21,-15,24,-16,0,0,0,0,0,0,0,0,0,0,0,0,0,0,0,0,0,0,0,0,0,0,10,-7,9,-7,9,-7,8,-7,7,-8,5,-9,4,-10,3,-10,3,-10,3,-10,2,-10,1,-10,1,-9,0,-9,-1,-9,-3,-6,-5,-4,-6,-5,-6,-6,-5,-5,-3,-5,-1,-6,-1,-4,-1,-3,-1,-3,-1,-3]"
CSI_DATA,580,1a:00:00:00:00:00,-76,11,0,0,0,0,0,0,0,0,0,-91,0,1,0,111476052,0,31,0,128,0,"[0,0,-1,2,-3,2,-3,1,-1,-1,-1,-4,-2,-6,-3,-4,-2,-4,-3,-6,-5,-6,-5,-7,-4,-8,-8,-7,-10,-7,-8,-10,-10,-10,-15,-8,-14,-7,-13,-9,-13,-11,-14,-12,-14,-14,-13,-16,-13,-18,-12,-18,-11,-18,0,0,0,0,0,0,0,0,0,0,0,0,0,0,0,0,0,0,0,0,0,0,-9,-1,-8,-1,-8,0,-8,2,-8,3,-8,3,-8,4,-8,3,-9,4,-8,4,-8,5,-8,5,-8,6,-7,7,-5,6,-4,6,-3,6,-4,6,-4,5,-5,4,-4,5,-2,5,-2,4,-3,3,-1,2,1,0]"
CSI_DATA,581,1a:00:00:00:00:00,-76,11,0,0,0,0,0,0,0,0,0,-91,0,1,0,111537027,0,42,0,128,0,"[0,0,-2,1,-3,0,-3,0,-4,0,-5,0,-6,-1,-6,-1,-6,0,-8,2,-9,3,-9,5,-9,5,-11,6,-12,8,-13,9,-15,10,-15,11,-16,12,-18,13,-19,14,-22,14,-24,13,-24,13,-24,13,-24,12,-25,10,0,0,0,0,0,0,0,0,0,0,0,0,0,0,0,0,0,0,0,0,0,0,-5,8,-4,8,-3,9,-2,10,-1,11,0,11,0,11,0,12,1,12,2,12,1,12,2,12,4,11,4,10,4,9,4,7,5,7,5,7,5,7,5,6,5,5,4,4,4,3,5,2,4,1,3,2]"
CSI_DATA,582,1a:00:00:00:00:00,-75,11,0,0,0,0,0,0,0,0,0,-91,0,1,0,111605675,0,31,0,128,0,"[0,0,-1,-1,-4,0,-3,1,-3,2,-6,1,-10,1,-12,2,-9,1,-6,0,-4,3,-2,8,-2,10,-3,10,-2,12,0,14,0,16,-1,18,-2,20,-3,24,-5,25,-5,26,-5,27,-6,28,-7,30,-9,30,-11,30,0,0,0,0,0,0,0,0,0,0,0,0,0,0,0,0,0,0,0,0,0,0,10,-1,11,-1,11,-2,12,-3,12,-4,13,-4,13,-4,14,-4,14,-5,14,-5,14,-5,14,-5,13,-6,11,-7,10,-8,9,-8,9,-8,10,-8,10,-8,7,-7,5,-7,5,-9,3,-10,1,-9,0,-7,-1,-6]"
CSI_DATA,583,1a:00:00:00:00:00,-75,11,0,0,0,0,0,0,0,0,0,-91,0,1,0,111807038,0,31,0,128,0,"[0,0,-5,-2,-3,-2,-3,-2,-4,-2,-3,-2,-2,-2,-2,-1,-2,0,-1,0,1,1,3,2,3,2,3,2,4,3,8,4,8,4,7,4,10,6,12,7,12,11,14,14,14,12,14,11,13,12,13,14,14,18,0,0,0,0,0,0,0,0,0,0,0,0,0,0,0,0,0,0,0,0,0,0,-8,-12,-9,-11,-10,-11,-11,-12,-12,-12,-12,-12,-12,-13,-11,-14,-12,-15,-12,-15,-11,-14,-10,-14,-10,-13,-11,-14,-11,-12,-10,-11,-10,-11,-11,-10,-11,-9,-10,-8,-10,-9,-10,-9,-9,-9,-10,-8,-10,-7,-8,-6]"
CSI_DATA,584,1a:00:00:00:00:00,-75,11,0,0,0,0,0,0,0,0,0,-91,0,1,0,112015661,0,31,0,128,0,"[0,0,-5,0,-3,0,-3,-1,-2,0,-1,2,-3,2,-5,3,-4,6,3,8,8,6,7,3,3,2,2,3,5,8,6,13,6,12,4,13,4,12,4,11,3,13,2,17,1,17,0,16,-2,16,-3,17,-2,22,0,0,0,0,0,0,0,0,0,0,0,0,0,0,0,0,0,0,0,0,0,0,-11,-9,-11,-9,-11,-9,-12,-10,-12,-10,-13,-10,-13,-11,-14,-12,-13,-13,-12,-14,-11,-15,-10,-14,-10,-13,-10,-12,-11,-12,-10,-12,-9,-12,-10,-12,-9,-10,-9,-8,-9,-8,-10,-9,-9,-8,-7,-7,-7,-6,-6,-5]"
[0;32mI (112048) ftm_responder: Counter = 112[0m
CSI_DATA,585,1a:00:00:00:00:00,-75,11,0,0,0,0,0,0,0,0,0,-91,0,1,0,112211432,0,31,0,128,0,"[0,0,-1,-4,-2,-3,-3,-2,-2,-1,-1,0,-1,0,-1,1,0,3,2,2,3,2,4,5,5,6,5,4,7,2,8,3,7,6,8,8,10,10,11,11,10,12,10,13,10,15,10,17,10,17,10,18,9,19,0,0,0,0,0,0,0,0,0,0,0,0,0,0,0,0,0,0,0,0,0,0,7,-9,7,-10,7,-12,7,-12,6,-13,6,-15,5,-16,5,-16,5,-14,6,-14,6,-15,6,-17,5,-17,3,-14,3,-13,3,-14,4,-14,3,-12,2,-12,1,-14,1,-15,1,-12,2,-9,2,-8,0,-6,0,-3]"
CSI_DATA,586,1a:00:00:00:00:00,-75,11,0,0,0,0,0,0,0,0,0,-91,0,1,0,112410046,0,31,0,128,0,"[0,0,-4,5,-5,5,0,8,4,6,2,0,0,-3,2,-1,6,-2,6,-3,1,-2,0,0,4,2,6,4,7,4,9,2,9,3,8,7,9,7,13,6,15,6,14,10,14,13,15,15,11,17,9,19,11,20,0,0,0,0,0,0,0,0,0,0,0,0,0,0,0,0,0,0,0,0,0,0,-11,-8,-11,-8,-11,-7,-11,-6,-11,-7,-11,-7,-11,-7,-11,-9,-12,-9,-12,-11,-12,-11,-11,-8,-9,-6,-8,-5,-12,-4,-13,-6,-13,-7,-12,-5,-10,-4,-9,-5,-10,-6,-12,-6,-9,-7,-6,-5,-6,-2,-6,0]"
CSI_DATA,587,1a:00:00:00:00:00,-73,11,0,0,0,0,0,0,0,0,0,-91,0,1,0,112611502,0,31,0,128,0,"[0,0,-2,-4,-4,2,-2,0,1,0,1,3,-1,4,0,4,1,2,2,1,2,2,2,5,3,5,7,3,9,2,7,3,8,4,10,6,10,5,11,4,12,5,12,5,12,5,13,7,15,7,16,6,16,8,0,0,0,0,0,0,0,0,0,0,0,0,0,0,0,0,0,0,0,0,0,0,6,-5,6,-5,5,-6,4,-7,4,-8,5,-9,5,-10,6,-10,6,-10,5,-9,4,-8,0,-9,0,-9,3,-9,3,-9,2,-9,1,-9,-2,-8,-4,-8,-4,-9,-2,-10,-1,-7,-2,-5,-2,-4,-2,-1,-1,1]"
CSI_DATA,588,1a:00:00:00:00:00,-75,11,0,0,0,0,0,0,0,0,0,-91,0,1,0,112811147,0,31,0,128,0,"[0,0,-1,0,2,-4,4,-5,4,-2,3,-1,2,-3,1,-4,2,-5,3,-7,5,-9,4,-9,2,-11,1,-13,0,-15,1,-16,2,-17,2,-18,2,-20,2,-22,4,-25,6,-27,6,-26,5,-25,6,-24,8,-26,11,-28,0,0,0,0,0,0,0,0,0,0,0,0,0,0,0,0,0,0,0,0,0,0,-11,-9,-12,-8,-12,-7,-12,-6,-13,-6,-14,-5,-14,-4,-14,-4,-15,-4,-16,-4,-14,-2,-14,-2,-14,-2,-13,-2,-13,0,-14,1,-14,1,-11,0,-11,0,-11,3,-9,3,-7,2,-5,4,-2,6,-4,3,-6,0]"
CSI_DATA,589,1a:00:00:00:00:00,-75,11,0,0,0,0,0,0,0,0,0,-91,0,1,0,113012028,0,31,0,128,0,"[0,0,0,-2,0,-1,-1,1,-1,1,-1,-3,0,-5,2,-5,0,-5,-2,-6,-3,-8,-3,-8,-4,-6,-4,-5,-5,-6,-7,-8,-11,-9,-13,-10,-14,-12,-15,-15,-15,-17,-16,-16,-16,-16,-14,-18,-12,-21,-12,-22,-14,-24,0,0,0,0,0,0,0,0,0,0,0,0,0,0,0,0,0,0,0,0,0,0,-11,5,-11,5,-11,5,-10,6,-10,7,-9,7,-9,8,-9,9,-10,9,-10,8,-9,7,-8,7,-8,7,-8,8,-8,10,-7,11,-5,9,-3,8,-3,8,-3,8,-3,7,-3,6,-2,5,0,5,0,3,-2,3]"
[0;32mI (113048) ftm_responder: Counter = 113[0m
CSI_DATA,590,1a:00:00:00:00:00,-75,11,0,0,0,0,0,0,0,0,0,-91,0,1,0,113072861,0,42,0,128,0,"[0,0,0,-1,1,-1,2,0,3,0,4,-2,5,-3,5,-2,3,-6,0,-10,2,-9,5,-11,6,-11,6,-10,5,-10,4,-13,4,-15,5,-18,6,-20,5,-22,4,-23,6,-23,9,-25,11,-26,12,-26,13,-26,15,-27,0,0,0,0,0,0,0,0,0,0,0,0,0,0,0,0,0,0,0,0,0,0,-10,-9,-11,-9,-13,-7,-15,-7,-15,-7,-15,-6,-14,-5,-15,-5,-15,-6,-15,-5,-17,-4,-17,-4,-13,-4,-13,-1,-15,1,-12,1,-9,0,-9,3,-8,2,-7,0,-7,2,-7,1,-6,0,-4,2,-4,2,-5,0]"
CSI_DATA,591,1a:00:00:00:00:00,-74,11,0,0,0,0,0,0,0,0,0,-91,0,1,0,113145605,0,31,0,128,0,"[0,0,-2,-1,-2,-1,-2,-2,-2,-3,-2,-3,-4,-2,-9,-1,-11,-1,-9,-2,-5,-3,-8,-3,-12,-1,-13,-2,-12,-4,-13,-3,-16,-3,-16,-3,-17,-5,-19,-6,-21,-5,-23,-7,-23,-7,-21,-6,-21,-7,-23,-8,-23,-9,0,0,0,0,0,0,0,0,0,0,0,0,0,0,0,0,0,0,0,0,0,0,-5,8,-5,9,-4,9,-4,10,-3,10,-3,10,-3,9,-2,10,-3,11,-3,10,-4,9,-3,9,0,7,1,5,1,6,0,8,1,9,1,8,0,7,0,7,-1,7,-2,6,0,4,1,2,2,1,2,-1]"
CSI_DATA,592,1a:00:00:00:00:00,-75,11,0,0,0,0,0,0,0,0,0,-91,0,1,0,113350474,0,31,0,128,0,"[0,0,0,-2,-4,-1,-4,-2,-3,-3,-3,-5,-5,-4,-7,0,-9,4,-11,2,-10,-2,-11,-4,-10,-1,-11,4,-13,4,-15,2,-17,2,-20,5,-21,5,-21,5,-24,5,-28,4,-28,3,-26,3,-24,0,-27,0,-29,1,0,0,0,0,0,0,0,0,0,0,0,0,0,0,0,0,0,0,0,0,0,0,-5,8,-5,10,-4,12,-4,12,-4,11,-3,11,-3,10,-2,12,-1,12,-1,12,-1,11,0,11,0,9,1,8,1,8,1,7,1,7,1,7,1,6,2,6,1,5,0,5,0,5,0,5,1,4,2,2]"
CSI_DATA,593,1a:00:00:00:00:00,-74,11,0,0,0,0,0,0,0,0,0,-91,0,1,0,113545212,0,31,0,128,0,"[0,0,0,-2,0,-3,1,-4,2,-4,1,-5,0,-7,-2,-6,-2,-7,-1,-9,-1,-9,-3,-10,-3,-11,-1,-11,-1,-12,-2,-12,-3,-15,-5,-18,-4,-18,-2,-17,-6,-20,-7,-24,-1,-25,3,-26,1,-28,-3,-26,-3,-26,0,0,0,0,0,0,0,0,0,0,0,0,0,0,0,0,0,0,0,0,0,0,-8,7,-7,7,-7,7,-7,7,-6,7,-6,7,-6,8,-7,8,-7,8,-7,8,-7,8,-6,7,-5,7,-4,7,-3,7,-3,7,-3,6,-3,5,-2,5,-1,4,0,4,-1,3,-2,3,-1,2,-1,1,-1,1]"
CSI_DATA,594,1a:00:00:00:00:00,-75,11,0,0,0,0,0,0,0,0,0,-91,0,1,0,113752779,0,31,0,128,0,"[0,0,1,-1,-1,-1,-2,-1,-3,0,-5,1,-5,1,-4,0,-4,1,-5,3,-6,3,-6,3,-7,5,-8,7,-9,10,-9,12,-10,12,-11,12,-13,15,-14,17,-17,17,-15,20,-9,22,-11,27,-17,26,-17,19,-17,18,0,0,0,0,0,0,0,0,0,0,0,0,0,0,0,0,0,0,0,0,0,0,-8,7,-7,7,-7,8,-6,8,-6,9,-5,10,-4,11,-3,11,-3,11,-2,11,-1,11,0,10,0,10,0,10,1,9,3,8,4,8,4,6,4,5,4,5,4,3,5,1,4,0,4,-1,3,-1,2,-1]"
CSI_DATA,595,1a:00:00:00:00:00,-75,11,0,0,0,0,0,0,0,0,0,-91,0,1,0,113948850,0,31,0,128,0,"[0,0,-11,-2,-7,-4,-5,-3,-4,2,2,1,4,-3,2,-2,2,0,4,3,4,3,4,3,7,3,11,0,14,-2,15,-2,14,-2,14,-1,16,-1,16,-1,18,1,21,2,22,3,22,4,22,5,23,6,24,9,0,0,0,0,0,0,0,0,0,0,0,0,0,0,0,0,0,0,0,0,0,0,-5,-9,-4,-9,-5,-9,-6,-10,-7,-10,-8,-9,-8,-7,-8,-7,-7,-8,-7,-7,-7,-6,-8,-7,-7,-7,-6,-6,-8,-5,-9,-4,-9,-5,-8,-6,-7,-7,-7,-6,-9,-3,-7,3,-7,5,-8,3,-5,1,-1,2]"
[0;32mI (114048) ftm_responder: Counter = 114[0m
CSI_DATA,596,1a:00:00:00:00:00,-77,11,0,0,0,0,0,0,0,0,0,-91,0,1,0,114351115,0,31,0,128,0,"[0,0,-1,3,0,2,1,0,1,-1,1,-2,2,-4,3,-4,3,-4,2,-5,3,-7,5,-10,4,-11,2,-11,1,-14,2,-14,0,-15,-2,-17,-3,-17,-1,-16,1,-16,4,-20,5,-23,4,-24,5,-24,6,-23,9,-24,0,0,0,0,0,0,0,0,0,0,0,0,0,0,0,0,0,0,0,0,0,0,-3,8,-3,8,-3,8,-3,8,-3,8,-2,8,-2,8,-1,8,-1,8,-1,8,0,7,1,7,0,7,0,8,0,8,1,8,2,5,2,4,1,4,1,4,1,5,3,5,5,6,5,4,6,2,7,1]"
CSI_DATA,597,1a:00:00:00:00:00,-76,11,0,0,0,0,0,0,0,0,0,-91,0,1,0,114550616,0,31,0,128,0,"[0,0,3,-2,3,-2,2,-4,2,-4,2,-6,2,-9,0,-9,-1,-8,1,-8,1,-9,-3,-9,-6,-11,-6,-12,-8,-11,-10,-11,-10,-11,-10,-12,-11,-12,-12,-13,-13,-15,-16,-16,-17,-19,-14,-20,-13,-22,-12,-24,-11,-24,0,0,0,0,0,0,0,0,0,0,0,0,0,0,0,0,0,0,0,0,0,0,-1,10,-1,9,0,9,2,8,2,9,2,10,2,9,2,9,2,8,3,8,3,8,3,8,3,6,4,6,6,7,6,6,5,5,6,4,7,4,6,4,4,3,4,1,5,-1,6,0,6,0,6,-1]"
CSI_DATA,598,1a:00:00:00:00:00,-76,11,0,0,0,0,0,0,0,0,0,-91,0,1,0,114611315,0,42,0,128,0,"[0,0,-7,1,-5,2,-3,4,-1,4,-2,4,-3,4,-1,4,0,5,2,6,3,6,5,6,6,6,7,7,9,7,12,6,15,6,17,8,17,10,18,10,18,11,19,11,19,12,21,13,22,14,21,16,19,19,0,0,0,0,0,0,0,0,0,0,0,0,0,0,0,0,0,0,0,0,0,0,4,-8,4,-8,3,-10,2,-11,2,-11,1,-12,0,-12,0,-11,0,-10,-1,-11,-2,-10,-2,-9,-2,-9,-2,-8,-4,-8,-4,-8,-4,-7,-5,-6,-4,-5,-5,-4,-5,-3,-4,-2,-5,-3,-5,-3,-4,-1,-3,0]"
[0;32mI (115048) ftm_responder: Counter = 115[0m
CSI_DATA,599,1a:00:00:00:00:00,-76,11,0,0,0,0,0,0,0,0,0,-91,0,1,0,115112066,0,42,0,128,0,"[0,0,3,-1,1,-2,0,-4,-1,-4,-2,-3,-2,-2,-2,-3,-2,-3,-4,-3,-6,-2,-7,-1,-9,0,-11,1,-11,2,-11,3,-13,1,-16,1,-18,2,-19,2,-21,1,-21,-1,-21,-3,-23,-3,-25,-2,-25,-3,-24,-3,0,0,0,0,0,0,0,0,0,0,0,0,0,0,0,0,0,0,0,0,0,0,2,8,3,8,3,7,4,7,5,8,6,8,6,8,6,7,6,8,5,8,5,7,6,6,6,5,6,4,7,4,7,4,6,3,6,3,5,2,5,1,5,1,3,1,3,1,2,-1,2,-2,3,-1]"
CSI_DATA,600,1a:00:00:00:00:00,-75,11,0,0,0,0,0,0,0,0,0,-91,0,1,0,115612435,0,42,0,128,0,"[0,0,1,-5,-2,-5,-2,-5,-4,-4,-6,-1,-7,-1,-7,0,-7,3,-7,3,-6,3,-6,6,-10,9,-11,8,-10,8,-8,12,-8,16,-11,18,-12,19,-13,20,-13,21,-13,25,-14,30,-16,27,-15,24,-16,24,-21,24,0,0,0,0,0,0,0,0,0,0,0,0,0,0,0,0,0,0,0,0,0,0,-3,11,-2,11,-1,11,0,11,1,12,2,12,3,12,3,12,4,11,4,11,5,11,7,10,8,8,7,7,7,5,7,3,7,3,5,3,4,1,5,-1,5,-1,4,0,5,-1,7,-1,6,-2,5,-4]"
CSI_DATA,601,1a:00:00:00:00:00,-75,11,0,0,0,0,0,0,0,0,0,-91,0,1,0,115707422,0,31,0,128,0,"[0,0,1,-3,-3,-1,-3,-2,-2,-4,-4,-2,-6,0,-8,-2,-7,-3,-8,1,-10,2,-10,2,-10,5,-11,8,-12,10,-13,9,-13,10,-14,13,-14,14,-14,14,-16,18,-19,19,-21,19,-24,18,-28,16,-28,16,-29,16,0,0,0,0,0,0,0,0,0,0,0,0,0,0,0,0,0,0,0,0,0,0,7,9,8,8,9,7,10,6,10,6,11,6,10,5,10,5,10,5,10,5,10,3,9,2,9,1,10,0,9,-1,8,-1,7,-1,7,-1,6,-3,7,-5,6,-6,3,-4,1,-4,2,-5,1,-5,2,-5]"
CSI_DATA,602,1a:00:00:00:00:00,-75,11,0,0,0,0,0,0,0,0,0,-91,0,1,0,115910508,0,31,0,128,0,"[0,0,2,-4,2,-5,2,-8,1,-9,-1,-6,-4,-3,-8,-5,-8,-8,-6,-6,-9,-5,-10,-7,-8,-8,-10,-5,-14,-2,-17,-3,-20,-5,-22,-4,-22,-2,-23,-1,-27,-4,-33,-5,-35,-4,-33,-7,-32,-9,-31,-9,-29,-10,0,0,0,0,0,0,0,0,0,0,0,0,0,0,0,0,0,0,0,0,0,0,-10,8,-9,8,-8,10,-8,11,-8,11,-8,11,-7,12,-6,12,-5,12,-4,12,-4,11,-3,10,-2,10,0,11,1,11,2,10,3,10,5,10,4,9,0,7,0,4,4,3,6,2,5,2,4,2,5,0]"
[0;32mI (116048) ftm_responder: Counter = 116[0m
CSI_DATA,603,1a:00:00:00:00:00,-76,11,0,0,0,0,0,0,0,0,0,-91,0,1,0,116111307,0,31,0,128,0,"[0,0,0,1,3,-4,4,-5,1,-6,-1,-8,-2,-7,-3,-4,-6,-4,-6,-5,-5,-6,-7,-5,-10,-2,-11,-2,-14,-3,-16,-1,-17,0,-17,-3,-17,-3,-18,-2,-19,-2,-19,-5,-20,-7,-20,-9,-21,-12,-22,-14,-22,-14,0,0,0,0,0,0,0,0,0,0,0,0,0,0,0,0,0,0,0,0,0,0,5,7,5,7,5,6,5,6,6,6,7,6,7,6,7,5,7,5,6,5,7,5,7,5,6,3,6,2,5,2,5,1,6,1,6,1,5,1,3,-1,2,-2,3,-3,4,-4,3,-5,2,-4,1,-2]"
CSI_DATA,604,1a:00:00:00:00:00,-76,11,0,0,0,0,0,0,0,0,0,-91,0,1,0,116316265,0,31,0,128,0,"[0,0,-1,4,-1,5,1,5,4,2,6,0,7,2,8,4,11,2,11,-2,10,-4,9,-5,9,-7,7,-8,6,-8,6,-9,9,-10,12,-13,12,-15,13,-15,14,-14,15,-13,14,-15,14,-18,16,-19,20,-16,24,-12,0,0,0,0,0,0,0,0,0,0,0,0,0,0,0,0,0,0,0,0,0,0,-5,-10,-6,-9,-6,-8,-7,-8,-8,-8,-8,-8,-9,-8,-9,-7,-9,-7,-9,-6,-9,-5,-9,-4,-9,-4,-8,-3,-8,-1,-8,0,-8,0,-8,1,-7,1,-7,1,-5,2,-4,2,-3,2,-3,3,-4,4,-5,2]"
CSI_DATA,605,1a:00:00:00:00:00,-76,11,0,0,0,0,0,0,0,0,0,-91,0,1,0,116521034,0,31,0,128,0,"[0,0,4,-1,4,-2,1,-5,-1,-5,-1,-5,-2,-6,-2,-7,-3,-8,-5,-6,-8,-5,-9,-6,-9,-6,-10,-5,-11,-6,-10,-7,-12,-8,-14,-9,-16,-10,-17,-11,-19,-13,-20,-15,-19,-16,-18,-17,-18,-19,-19,-21,-18,-22,0,0,0,0,0,0,0,0,0,0,0,0,0,0,0,0,0,0,0,0,0,0,-4,8,-4,9,-3,10,-2,10,-2,10,-2,9,-1,9,-1,9,-1,9,-1,10,0,9,-1,8,0,7,2,7,3,6,3,6,3,5,3,5,2,5,2,5,4,3,6,2,7,2,4,1,4,0,6,-1]"
CSI_DATA,606,1a:00:00:00:00:00,-75,11,0,0,0,0,0,0,0,0,0,-91,0,1,0,116722179,0,31,0,128,0,"[0,0,2,2,2,4,2,5,3,2,3,-1,3,-2,5,-3,6,-5,5,-6,4,-8,4,-9,3,-9,3,-9,5,-10,4,-11,3,-14,6,-17,7,-19,3,-20,0,-24,1,-30,3,-26,12,-21,20,-26,20,-29,21,-24,0,0,0,0,0,0,0,0,0,0,0,0,0,0,0,0,0,0,0,0,0,0,-10,-2,-10,-1,-10,0,-10,-1,-9,0,-10,0,-12,1,-12,1,-11,1,-11,2,-10,3,-9,4,-7,4,-6,5,-6,5,-7,6,-5,6,-3,6,-3,5,-1,4,0,5,0,4,2,4,3,5,4,7,3,6]"
[0;32mI (117048) ftm_responder: Counter = 117[0m
CSI_DATA,607,1a:00:00:00:00:00,-76,11,0,0,0,0,0,0,0,0,0,-91,0,1,0,117116008,0,31,0,128,0,"[0,0,3,-5,2,-4,2,-5,1,-6,-1,-5,-1,-4,-1,-4,-3,-3,-2,-1,-2,0,-4,1,-5,2,-7,1,-9,1,-11,2,-13,3,-14,5,-15,6,-14,8,-15,9,-19,9,-21,10,-19,12,-21,12,-24,11,-25,7,0,0,0,0,0,0,0,0,0,0,0,0,0,0,0,0,0,0,0,0,0,0,-3,9,-3,9,-2,9,-1,8,0,9,0,9,0,9,0,9,1,8,2,8,2,7,2,6,2,6,4,5,5,6,4,6,4,5,5,5,5,4,5,1,4,-1,4,-1,4,0,4,0,3,-1,2,-2]"
CSI_DATA,608,1a:00:00:00:00:00,-74,11,0,0,0,0,0,0,0,0,0,-91,0,1,0,117183299,0,42,0,128,0,"[0,0,-4,-3,-7,-5,-8,-4,-5,0,-5,1,-8,2,-7,2,-4,2,-2,8,-1,13,-1,10,-3,6,-6,3,-6,5,-4,10,-5,13,-8,16,-8,14,-4,10,-6,13,-10,16,-12,12,-16,11,-20,15,-20,15,-16,12,0,0,0,0,0,0,0,0,0,0,0,0,0,0,0,0,0,0,0,0,0,0,7,-7,7,-7,6,-7,6,-7,6,-7,6,-8,6,-8,6,-7,6,-7,5,-7,4,-7,4,-7,4,-9,4,-10,4,-9,4,-8,3,-7,1,-8,1,-9,1,-9,-1,-7,-3,-5,-3,-6,-4,-8,-4,-8,-3,-5]"
CSI_DATA,609,1a:00:00:00:00:00,-76,11,0,0,0,0,0,0,0,0,0,-91,0,1,0,117677941,0,42,0,128,0,"[0,0,2,3,1,2,1,0,2,-1,1,-2,1,-2,4,-2,6,-5,6,-7,6,-7,7,-8,6,-8,6,-9,5,-10,5,-11,5,-15,6,-18,7,-20,8,-20,9,-19,10,-20,12,-21,15,-22,17,-22,18,-21,20,-20,0,0,0,0,0,0,0,0,0,0,0,0,0,0,0,0,0,0,0,0,0,0,-10,4,-10,5,-10,6,-10,6,-10,5,-9,6,-8,8,-8,8,-9,7,-9,5,-10,6,-10,8,-9,8,-7,8,-4,9,-3,7,-2,7,0,8,0,9,-2,8,-2,7,0,5,1,3,1,3,2,4,4,5]"
[0;32mI (118048) ftm_responder: Counter = 118[0m
CSI_DATA,610,1a:00:00:00:00:00,-75,11,0,0,0,0,0,0,0,0,0,-91,0,1,0,118177455,0,42,0,128,0,"[0,0,3,-1,3,-1,3,-1,3,-2,2,-4,2,-5,4,-7,5,-6,5,-5,3,-7,1,-7,0,-7,0,-10,0,-12,-1,-13,-2,-16,-1,-21,0,-24,0,-24,1,-24,4,-25,3,-25,3,-26,4,-28,4,-28,4,-28,0,0,0,0,0,0,0,0,0,0,0,0,0,0,0,0,0,0,0,0,0,0,-9,-8,-9,-6,-9,-6,-9,-7,-9,-6,-11,-4,-12,-2,-11,-2,-10,-3,-10,-3,-11,-3,-12,-3,-10,-1,-9,2,-10,4,-10,2,-8,1,-6,2,-6,1,-5,1,-4,3,-4,5,-4,4,-3,2,-2,3,-2,3]"
CSI_DATA,611,1a:00:00:00:00:00,-75,11,0,0,0,0,0,0,0,0,0,-91,0,1,0,118265192,0,31,0,128,0,"[0,0,-2,-1,-1,0,-1,2,0,3,3,3,3,2,1,1,-1,3,-3,5,-4,8,-1,9,4,7,8,6,8,9,8,12,7,13,8,13,10,13,9,11,12,8,15,9,12,12,10,14,13,16,12,17,8,21,0,0,0,0,0,0,0,0,0,0,0,0,0,0,0,0,0,0,0,0,0,0,8,2,8,2,8,1,8,0,8,-1,9,-2,9,-3,9,-3,9,-3,9,-3,9,-4,8,-4,7,-4,5,-5,5,-5,4,-5,3,-6,2,-6,1,-6,1,-6,0,-6,-1,-5,0,-4,-1,-2,-2,-2,-2,-2]"
CSI_DATA,612,1a:00:00:00:00:00,-76,11,0,0,0,0,0,0,0,0,0,-91,0,1,0,118466724,0,31,0,128,0,"[0,0,0,0,-1,0,0,0,0,0,0,-4,1,-7,3,-8,1,-9,1,-8,3,-7,2,-9,0,-11,-2,-13,-3,-13,-3,-14,-6,-15,-7,-17,-7,-20,-9,-22,-8,-22,-7,-23,-7,-26,-5,-28,-4,-27,-4,-27,-3,-29,0,0,0,0,0,0,0,0,0,0,0,0,0,0,0,0,0,0,0,0,0,0,-8,-8,-8,-7,-8,-6,-10,-5,-10,-5,-10,-4,-10,-3,-10,-3,-10,-2,-11,-2,-11,-1,-11,0,-10,1,-9,1,-8,1,-7,1,-7,3,-8,3,-7,2,-5,2,-4,2,-3,2,-2,2,-3,3,-3,2,-1,1]"
CSI_DATA,613,1a:00:00:00:00:00,-74,11,0,0,0,0,0,0,0,0,0,-91,0,1,0,118668179,0,31,0,128,0,"[0,0,-2,0,-3,1,-4,1,-4,2,-3,3,-2,5,-3,5,-5,5,-3,9,1,14,1,14,1,9,3,6,0,6,-2,7,0,9,1,10,-2,14,-7,21,-7,25,-7,21,-10,17,-15,17,-18,16,-18,17,-16,19,0,0,0,0,0,0,0,0,0,0,0,0,0,0,0,0,0,0,0,0,0,0,5,-7,4,-7,4,-7,4,-8,4,-7,4,-8,3,-8,4,-8,4,-8,3,-8,3,-7,3,-6,3,-6,2,-6,1,-7,1,-7,1,-7,0,-6,0,-6,0,-6,-1,-5,0,-3,0,-2,-2,-3,-2,-2,-2,-2]"
CSI_DATA,614,1a:00:00:00:00:00,-75,11,0,0,0,0,0,0,0,0,0,-91,0,1,0,118872916,0,31,0,128,0,"[0,0,0,-4,0,-3,1,-4,1,-6,1,-7,2,-8,3,-7,3,-5,0,-6,-2,-8,-4,-7,-3,-8,0,-13,-1,-18,-6,-15,-7,-14,-4,-22,-1,-27,-1,-24,1,-23,2,-23,5,-21,11,-21,14,-24,10,-22,4,-17,0,0,0,0,0,0,0,0,0,0,0,0,0,0,0,0,0,0,0,0,0,0,-9,5,-8,6,-7,6,-6,6,-6,7,-6,6,-7,7,-6,6,-6,6,-6,6,-7,6,-7,6,-5,6,-4,5,-3,6,-3,6,-3,5,-2,5,-2,5,-3,5,-3,4,-2,3,-1,2,0,1,0,-1,1,-1]"
[0;32mI (119048) ftm_responder: Counter = 119[0m
CSI_DATA,615,1a:00:00:00:00:00,-76,11,0,0,0,0,0,0,0,0,0,-91,0,1,0,119070936,0,31,0,128,0,"[0,0,-3,-1,-3,-1,-3,1,-4,2,-5,3,-5,4,-6,3,-7,4,-6,5,-6,6,-7,8,-6,10,-4,10,-4,11,-5,13,-6,14,-6,16,-7,18,-8,20,-9,21,-10,21,-11,20,-12,21,-13,23,-14,22,-14,20,0,0,0,0,0,0,0,0,0,0,0,0,0,0,0,0,0,0,0,0,0,0,10,3,9,2,8,0,8,0,9,0,9,-1,10,-1,10,-1,10,-1,9,-2,8,-2,7,-2,7,-2,7,-3,6,-3,6,-3,6,-4,5,-4,5,-3,4,-3,3,-4,2,-5,0,-4,1,-3,1,-2,1,-1]"
CSI_DATA,616,1a:00:00:00:00:00,-75,11,0,0,0,0,0,0,0,0,0,-91,0,1,0,119266507,0,31,0,128,0,"[0,0,0,-1,-1,-3,-4,-2,-4,-2,-4,-3,-6,-2,-8,-3,-9,-4,-10,-5,-10,-6,-8,-7,-7,-7,-6,-5,-6,-2,-9,-3,-13,-2,-17,1,-19,3,-19,4,-18,2,-18,1,-18,2,-19,4,-19,2,-22,0,-25,-2,0,0,0,0,0,0,0,0,0,0,0,0,0,0,0,0,0,0,0,0,0,0,-2,7,-2,7,0,7,1,7,1,7,1,8,0,8,0,8,0,8,1,7,1,7,1,7,2,7,3,6,3,5,4,4,4,3,2,3,1,3,2,2,3,2,3,2,3,2,3,1,3,0,2,0]"
CSI_DATA,617,1a:00:00:00:00:00,-75,11,0,0,0,0,0,0,0,0,0,-91,0,1,0,119467551,0,31,0,128,0,"[0,0,2,2,3,2,3,2,3,2,4,1,5,2,7,3,8,0,7,-3,9,-4,11,-4,11,-6,11,-8,12,-8,12,-8,12,-12,14,-13,14,-13,16,-14,19,-15,20,-13,22,-12,26,-12,26,-11,25,-10,29,-10,0,0,0,0,0,0,0,0,0,0,0,0,0,0,0,0,0,0,0,0,0,0,-8,-6,-9,-5,-9,-4,-10,-3,-10,-3,-11,-3,-11,-3,-11,-3,-11,-2,-11,-2,-10,-2,-10,0,-10,0,-10,-1,-8,-1,-7,0,-8,1,-8,3,-6,3,-5,1,-5,1,-5,3,-6,5,-4,6,1,5,3,4]"
CSI_DATA,618,1a:00:00:00:00:00,-75,11,0,0,0,0,0,0,0,0,0,-91,0,1,0,119668715,0,31,0,128,0,"[0,0,3,0,4,-4,7,-4,7,-5,3,-6,1,-4,2,-3,4,-6,5,-8,4,-10,2,-12,0,-14,-1,-15,-2,-16,-2,-19,0,-21,-2,-25,-4,-29,-3,-29,0,-29,3,-30,4,-30,4,-30,5,-32,6,-33,8,-32,0,0,0,0,0,0,0,0,0,0,0,0,0,0,0,0,0,0,0,0,0,0,-10,6,-9,7,-8,8,-8,9,-8,9,-7,10,-8,12,-7,12,-7,12,-7,13,-6,14,-5,13,-3,14,-3,13,-2,11,-3,10,-4,8,-3,8,-1,9,1,8,2,8,2,6,4,4,6,4,5,5,5,5]"
CSI_DATA,619,1a:00:00:00:00:00,-76,11,0,0,0,0,0,0,0,0,0,-91,0,1,0,119729503,0,42,0,128,0,"[0,0,-4,0,-4,2,-5,3,-6,3,-4,4,-2,5,-1,6,-2,7,-2,8,0,9,1,9,2,9,3,9,4,11,7,12,8,14,8,16,9,19,9,21,10,20,10,20,7,24,6,27,7,29,5,30,3,30,0,0,0,0,0,0,0,0,0,0,0,0,0,0,0,0,0,0,0,0,0,0,4,-11,2,-11,1,-11,0,-12,0,-13,-1,-13,-1,-14,-1,-14,-1,-14,-1,-14,0,-14,-2,-14,-3,-13,-3,-12,-3,-11,-4,-11,-4,-11,-5,-10,-6,-9,-6,-9,-6,-9,-6,-8,-6,-6,-5,-5,-5,-3,-7,-1]"
CSI_DATA,620,1a:00:00:00:00:00,-76,11,0,0,0,0,0,0,0,0,0,-91,0,1,0,119798038,0,31,0,128,0,"[0,0,1,0,2,0,3,1,3,2,4,3,5,2,4,1,4,0,6,-2,6,-5,6,-7,7,-8,6,-10,4,-13,4,-14,5,-15,4,-15,4,-15,6,-16,8,-19,10,-21,12,-20,13,-19,15,-20,17,-21,17,-20,0,0,0,0,0,0,0,0,0,0,0,0,0,0,0,0,0,0,0,0,0,0,-8,6,-7,6,-7,6,-7,7,-6,8,-7,9,-8,9,-7,10,-6,10,-6,10,-6,9,-6,9,-6,9,-6,9,-5,9,-4,8,-3,9,-2,10,-2,10,-2,8,-1,6,0,4,3,5,4,6,3,6,2,5]"
CSI_DATA,621,1a:00:00:00:00:00,-75,11,0,0,0,0,0,0,0,0,0,-91,0,1,0,120002564,0,31,0,128,0,"[0,0,1,0,-1,-3,0,0,0,3,1,3,3,1,3,-3,3,-2,4,-1,4,-2,3,-2,3,-4,6,-7,9,-8,8,-10,8,-11,10,-13,12,-15,11,-15,11,-16,13,-18,16,-19,18,-19,20,-18,20,-17,21,-16,0,0,0,0,0,0,0,0,0,0,0,0,0,0,0,0,0,0,0,0,0,0,-8,-6,-9,-6,-10,-5,-11,-4,-12,-4,-13,-4,-13,-3,-13,-3,-13,-4,-14,-4,-14,-3,-13,-1,-12,-1,-11,-1,-11,-1,-11,0,-11,0,-10,0,-10,0,-9,1,-9,1,-9,0,-8,1,-7,3,-6,4,-5,2]"
[0;32mI (120048) ftm_responder: Counter = 120[0m
CSI_DATA,622,1a:00:00:00:00:00,-74,11,0,0,0,0,0,0,0,0,0,-91,0,1,0,120199293,0,31,0,128,0,"[0,0,2,-2,1,-2,0,-1,0,-1,1,-2,0,-3,-2,-3,-2,-3,-2,-4,-2,-5,-3,-6,-2,-7,-4,-8,-6,-8,-6,-7,-6,-8,-8,-9,-6,-9,-5,-8,-4,-11,-1,-16,0,-16,-2,-16,-5,-17,-4,-18,-4,-23,0,0,0,0,0,0,0,0,0,0,0,0,0,0,0,0,0,0,0,0,0,0,4,4,4,4,4,4,5,5,5,5,6,6,6,6,6,7,5,7,6,6,5,6,4,5,6,5,5,4,3,4,4,5,5,5,5,4,5,3,4,2,4,2,5,1,6,2,5,4,4,3,3,2]"
CSI_DATA,623,1a:00:00:00:00:00,-75,11,0,0,0,0,0,0,0,0,0,-91,0,1,0,120401308,0,31,0,128,0,"[0,0,-2,-6,-2,-1,-4,2,-5,3,-4,3,-1,2,-1,3,-2,4,-1,4,1,5,2,6,3,6,5,7,7,9,8,11,9,12,9,13,11,14,12,18,13,21,14,21,13,20,12,21,12,23,11,24,9,23,0,0,0,0,0,0,0,0,0,0,0,0,0,0,0,0,0,0,0,0,0,0,10,-5,10,-6,10,-7,10,-9,10,-10,10,-11,10,-11,10,-11,10,-12,10,-12,10,-11,10,-12,7,-13,5,-13,5,-12,4,-10,4,-10,4,-11,3,-12,2,-12,1,-10,-1,-7,-2,-7,-2,-6,-1,-4,-1,-3]"
CSI_DATA,624,1a:00:00:00:00:00,-74,11,0,0,0,0,0,0,0,0,0,-91,0,1,0,120602311,0,31,0,128,0,"[0,0,-8,-4,-6,-6,-3,-6,-5,-4,-5,0,0,4,4,1,1,0,0,3,1,1,2,-4,4,-3,5,-1,4,-2,5,-2,8,-2,10,0,14,2,17,2,19,0,17,-4,14,-4,15,-2,21,-1,24,2,21,7,0,0,0,0,0,0,0,0,0,0,0,0,0,0,0,0,0,0,0,0,0,0,-3,-11,-4,-10,-5,-9,-5,-10,-7,-11,-8,-12,-8,-13,-7,-13,-7,-12,-8,-12,-8,-11,-7,-10,-7,-9,-7,-9,-8,-9,-9,-10,-9,-10,-9,-7,-9,-6,-8,-7,-8,-5,-9,-1,-9,0,-7,-1,-5,0,-6,1]"
CSI_DATA,625,1a:00:00:00:00:00,-74,11,0,0,0,0,0,0,0,0,0,-91,0,1,0,120801566,0,31,0,128,0,"[0,0,-6,-4,-6,-3,-5,-2,-5,-2,-2,-1,0,0,0,2,0,3,0,1,1,0,3,0,4,-1,6,-1,8,0,10,-1,11,-2,13,-2,14,-2,16,-1,17,1,17,3,18,3,19,4,20,6,20,8,20,8,0,0,0,0,0,0,0,0,0,0,0,0,0,0,0,0,0,0,0,0,0,0,-6,-9,-7,-10,-8,-10,-8,-10,-9,-10,-10,-11,-10,-11,-11,-12,-12,-13,-12,-13,-11,-12,-11,-12,-11,-13,-11,-12,-11,-11,-11,-10,-11,-9,-11,-8,-11,-7,-11,-7,-11,-6,-11,-6,-11,-5,-11,-4,-10,-3,-9,-1]"
CSI_DATA,626,1a:00:00:00:00:00,-75,11,0,0,0,0,0,0,0,0,0,-91,0,1,0,121002713,0,31,0,128,0,"[0,0,3,-7,6,-4,6,-2,2,-1,2,-2,5,0,4,2,1,2,1,2,1,3,1,4,2,4,4,5,5,6,6,7,6,8,8,9,9,12,9,12,11,11,13,13,12,16,11,15,12,14,11,16,10,17,0,0,0,0,0,0,0,0,0,0,0,0,0,0,0,0,0,0,0,0,0,0,4,10,5,9,7,9,8,8,8,8,10,8,12,8,12,8,12,7,13,7,14,6,13,5,13,3,14,2,14,2,13,1,13,-1,13,-2,12,-2,12,-2,13,-3,11,-4,8,-4,8,-5,8,-5,8,-4]"
[0;32mI (121048) ftm_responder: Counter = 121[0m
CSI_DATA,627,1a:00:00:00:00:00,-74,11,0,0,0,0,0,0,0,0,0,-91,0,1,0,121203966,0,31,0,128,0,"[0,0,4,3,0,2,-2,1,0,0,1,1,-1,1,-3,0,-5,-1,-6,0,-6,1,-6,1,-8,1,-8,2,-6,2,-8,1,-13,0,-15,0,-16,1,-18,1,-20,0,-22,-1,-22,0,-23,-1,-24,-3,-24,-3,-24,-4,0,0,0,0,0,0,0,0,0,0,0,0,0,0,0,0,0,0,0,0,0,0,-5,9,-4,10,-4,10,-3,12,-3,13,-3,14,-2,15,-2,15,-2,14,-2,14,-1,15,0,15,1,14,2,13,3,11,3,10,2,12,2,12,5,9,5,9,4,10,3,9,4,9,4,10,3,11,3,10]"
CSI_DATA,628,1a:00:00:00:00:00,-74,11,0,0,0,0,0,0,0,0,0,-91,0,1,0,121264718,0,42,0,128,0,"[0,0,0,7,-1,5,-1,3,-1,1,-3,0,-3,-1,-4,-2,-5,-1,-6,-1,-7,-2,-8,-2,-10,-2,-14,-2,-13,-1,-12,-1,-14,-3,-17,-3,-19,-3,-20,-3,-21,-5,-22,-7,-22,-8,-23,-10,-23,-12,-23,-14,-24,-14,0,0,0,0,0,0,0,0,0,0,0,0,0,0,0,0,0,0,0,0,0,0,-9,10,-8,11,-7,11,-7,12,-7,13,-6,14,-6,15,-6,16,-6,16,-6,16,-6,16,-5,17,-4,16,-3,15,-2,14,-2,14,-1,13,0,13,1,13,1,13,0,13,1,12,0,11,1,10,3,9,3,9]"
CSI_DATA,629,1a:00:00:00:00:00,-74,11,0,0,0,0,0,0,0,0,0,-91,0,1,0,121337750,0,31,0,128,0,"[0,0,-4,-6,-2,-7,0,-5,0,-4,-3,-5,-4,-6,-3,-6,-2,-6,3,-6,5,-6,4,-6,4,-6,4,-7,2,-12,1,-15,2,-16,2,-17,3,-17,3,-18,4,-20,7,-21,7,-21,7,-22,7,-23,9,-23,11,-23,0,0,0,0,0,0,0,0,0,0,0,0,0,0,0,0,0,0,0,0,0,0,-1,-13,-3,-13,-4,-13,-5,-14,-6,-14,-7,-14,-8,-14,-9,-15,-10,-15,-10,-14,-10,-14,-10,-14,-10,-13,-11,-11,-12,-10,-13,-10,-13,-8,-13,-7,-13,-6,-12,-4,-12,-4,-10,-5,-9,-5,-9,-5,-9,-4,-9,-4]"
CSI_DATA,630,1a:00:00:00:00:00,-74,11,0,0,0,0,0,0,0,0,0,-91,0,1,0,121535011,0,31,0,128,0,"[0,0,3,-4,4,-6,3,-7,1,-5,1,-3,2,-1,2,0,2,1,2,2,3,2,4,3,4,5,3,6,4,8,5,10,5,11,6,12,8,13,9,14,7,13,2,12,0,14,3,14,7,15,5,20,4,19,0,0,0,0,0,0,0,0,0,0,0,0,0,0,0,0,0,0,0,0,0,0,9,-4,9,-4,10,-5,10,-6,10,-7,10,-8,10,-8,11,-8,11,-8,10,-8,10,-8,11,-9,11,-9,11,-7,10,-8,9,-8,8,-8,8,-8,8,-8,6,-9,5,-8,6,-7,6,-7,5,-9,4,-8,2,-6]"
CSI_DATA,631,1a:00:00:00:00:00,-74,11,0,0,0,0,0,0,0,0,0,-91,0,1,0,121740076,0,31,0,128,0,"[0,0,4,2,2,1,0,2,-1,3,-1,3,-2,2,-2,3,-3,3,-4,3,-5,4,-6,5,-7,4,-7,5,-9,6,-12,7,-14,7,-16,6,-18,8,-14,7,-11,3,-15,4,-17,4,-16,4,-16,6,-15,6,-17,2,0,0,0,0,0,0,0,0,0,0,0,0,0,0,0,0,0,0,0,0,0,0,5,9,6,9,6,8,5,8,6,9,7,10,7,10,8,10,8,9,8,8,9,8,9,8,8,8,8,7,9,7,9,8,8,7,8,6,8,4,9,4,9,4,9,3,9,2,8,3,7,4,6,4]"
CSI_DATA,632,1a:00:00:00:00:00,-75,11,0,0,0,0,0,0,0,0,0,-91,0,1,0,121939536,0,31,0,128,0,"[0,0,1,-5,1,-5,-1,-6,-2,-6,-1,-5,0,-2,2,0,3,1,2,2,1,1,4,0,6,1,6,1,6,1,8,2,9,2,11,3,13,4,13,6,14,8,15,9,15,8,15,9,15,11,15,13,15,15,0,0,0,0,0,0,0,0,0,0,0,0,0,0,0,0,0,0,0,0,0,0,12,-5,11,-5,11,-6,11,-7,10,-8,10,-9,11,-9,11,-9,11,-9,10,-10,9,-10,8,-10,6,-11,7,-11,7,-11,5,-11,3,-11,3,-12,3,-12,3,-11,2,-10,1,-10,0,-11,0,-10,0,-9,0,-9]"
[0;32mI (122048) ftm_responder: Counter = 122[0m
CSI_DATA,633,1a:00:00:00:00:00,-73,11,0,0,0,0,0,0,0,0,0,-91,0,1,0,122138136,0,31,0,128,0,"[0,0,0,-10,2,-13,1,-10,2,-7,5,-7,8,-6,10,-5,10,-6,9,-7,8,-7,9,-5,9,-5,10,-6,12,-5,13,-6,15,-8,15,-7,17,-5,22,-6,24,-8,23,-10,23,-9,25,-9,26,-10,25,-8,25,-6,0,0,0,0,0,0,0,0,0,0,0,0,0,0,0,0,0,0,0,0,0,0,12,-3,10,-4,9,-4,8,-5,8,-7,8,-8,8,-9,8,-9,7,-9,6,-9,6,-9,6,-9,4,-10,3,-11,3,-10,3,-9,2,-9,1,-8,3,-8,3,-10,3,-11,4,-10,6,-7,7,-6,6,-8,4,-9]"
CSI_DATA,634,1a:00:00:00:00:00,-76,11,0,0,0,0,0,0,0,0,0,-91,0,1,0,122338520,0,31,0,128,0,"[0,0,0,5,-2,4,-4,5,-4,6,-3,5,-2,5,-6,4,-9,4,-6,6,-6,8,-6,7,-5,7,-4,10,-2,14,0,16,-3,17,-5,15,-5,14,-4,18,-1,23,-1,20,-4,19,-7,22,-7,21,-9,19,-11,22,0,0,0,0,0,0,0,0,0,0,0,0,0,0,0,0,0,0,0,0,0,0,-12,4,-10,4,-8,5,-8,6,-8,5,-7,5,-5,6,-4,8,-3,7,-2,6,-3,7,-2,10,-1,10,-2,9,-2,7,-1,5,1,5,3,5,1,6,-1,6,-1,7,-1,7,-1,4,0,4,-2,5,-3,3]"
CSI_DATA,635,1a:00:00:00:00:00,-76,11,0,0,0,0,0,0,0,0,0,-91,0,1,0,122540871,0,31,0,128,0,"[0,0,-3,-2,-2,-4,0,-7,1,-7,-1,-8,-2,-8,-2,-7,-2,-7,-3,-8,-4,-10,-6,-11,-7,-11,-6,-12,-8,-12,-9,-13,-10,-16,-10,-17,-11,-18,-13,-21,-15,-23,-15,-22,-13,-23,-11,-25,-11,-26,-10,-26,-11,-26,0,0,0,0,0,0,0,0,0,0,0,0,0,0,0,0,0,0,0,0,0,0,2,-12,1,-11,1,-10,0,-9,-1,-8,-1,-8,-2,-7,-3,-6,-3,-6,-3,-6,-3,-5,-4,-4,-3,-3,-3,-2,-3,-2,-3,0,-4,1,-4,0,-2,0,-2,-2,-3,-3,-3,-2,-3,-2,-2,-3,-2,-3,-1,-3]"
CSI_DATA,636,1a:00:00:00:00:00,-76,11,0,0,0,0,0,0,0,0,0,-91,0,1,0,122741042,0,31,0,128,0,"[0,0,-2,5,-1,3,-3,0,-6,2,-8,5,-8,6,-6,8,-5,9,-3,6,-4,4,-6,7,-5,12,-2,14,-5,15,-8,16,-8,18,-9,20,-10,20,-10,21,-10,23,-13,24,-17,25,-16,25,-14,24,-16,23,-20,25,0,0,0,0,0,0,0,0,0,0,0,0,0,0,0,0,0,0,0,0,0,0,-7,12,-7,11,-6,9,-5,8,-4,7,-3,8,-2,8,-2,9,-2,8,-1,6,1,6,1,7,1,6,2,4,2,3,2,2,1,1,1,1,0,1,-1,3,-1,3,0,3,1,1,1,0,1,0,0,1]"
CSI_DATA,637,1a:00:00:00:00:00,-76,11,0,0,0,0,0,0,0,0,0,-91,0,1,0,122802027,0,42,0,128,0,"[0,0,1,-4,0,-4,0,-5,0,-5,1,-6,1,-7,2,-8,1,-10,-1,-11,-1,-10,-1,-11,-1,-13,-3,-16,-4,-17,-4,-18,-3,-18,-3,-20,-4,-21,-3,-23,-1,-25,-2,-26,-2,-26,-1,-27,0,-28,1,-26,1,-23,0,0,0,0,0,0,0,0,0,0,0,0,0,0,0,0,0,0,0,0,0,0,1,-13,1,-12,1,-11,0,-10,0,-9,-1,-9,-1,-9,-2,-8,-2,-7,-3,-6,-3,-6,-3,-5,-3,-4,-3,-4,-3,-4,-3,-3,-3,-3,-3,-3,-3,-3,-3,-3,-2,-2,-1,-3,-1,-3,0,-3,0,-4,-1,-4]"
CSI_DATA,638,1a:00:00:00:00:00,-75,11,0,0,0,0,0,0,0,0,0,-91,0,1,0,122869885,0,31,0,128,0,"[0,0,1,-1,0,1,1,1,1,1,2,5,3,5,3,3,5,3,8,5,8,5,9,3,10,2,11,3,12,3,13,1,14,1,15,2,17,3,18,4,19,5,18,5,18,6,18,6,19,5,19,5,19,8,0,0,0,0,0,0,0,0,0,0,0,0,0,0,0,0,0,0,0,0,0,0,5,9,4,8,3,8,3,7,3,6,4,5,4,4,4,4,3,3,4,3,4,3,3,3,3,1,3,0,3,0,3,0,3,0,2,-1,2,-1,1,0,1,0,0,-1,1,-1,2,1,2,2,0,1]"
[0;32mI (123048) ftm_responder: Counter = 123[0m
CSI_DATA,639,1a:00:00:00:00:00,-75,11,0,0,0,0,0,0,0,0,0,-91,0,1,0,123071289,0,31,0,128,0,"[0,0,1,-5,2,-4,2,-5,0,-7,-1,-8,-1,-8,0,-10,0,-10,-3,-11,-5,-10,-6,-10,-8,-10,-10,-10,-12,-12,-14,-10,-17,-10,-18,-11,-20,-9,-24,-7,-23,-13,-23,-20,-25,-21,-25,-15,-24,-10,-24,-12,-20,-16,0,0,0,0,0,0,0,0,0,0,0,0,0,0,0,0,0,0,0,0,0,0,12,3,12,3,10,2,9,0,8,-1,8,-1,8,-1,7,-2,6,-2,4,-3,3,-3,3,-2,2,-3,0,-4,-1,-4,-1,-4,-1,-3,0,-2,0,-1,0,-2,0,-4,-1,-4,-1,-2,1,-2,3,-2,3,-2]"
CSI_DATA,640,1a:00:00:00:00:00,-75,11,0,0,0,0,0,0,0,0,0,-91,0,1,0,123275814,0,31,0,128,0,"[0,0,-2,4,-2,3,-2,2,0,3,1,5,0,7,-1,8,2,9,4,10,5,11,5,11,6,11,7,12,11,12,14,11,14,12,11,13,11,16,15,20,17,21,13,17,10,16,13,20,21,18,22,17,12,20,0,0,0,0,0,0,0,0,0,0,0,0,0,0,0,0,0,0,0,0,0,0,-8,9,-7,8,-6,8,-5,7,-4,7,-3,7,-2,7,-1,7,-2,5,-1,4,0,4,1,3,1,3,0,3,1,3,3,2,3,1,1,0,2,2,2,2,1,1,2,1,2,2,1,2,-1,3,-2,2]"
CSI_DATA,641,1a:00:00:00:00:00,-75,11,0,0,0,0,0,0,0,0,0,-91,0,1,0,123472660,0,31,0,128,0,"[0,0,1,-2,-2,-5,-2,-6,0,-6,-2,-6,-2,-5,-1,-6,-1,-10,-3,-11,-5,-10,-6,-10,-7,-12,-7,-13,-8,-13,-8,-14,-9,-14,-11,-16,-12,-17,-11,-18,-10,-19,-10,-20,-9,-22,-7,-23,-6,-25,-5,-25,-6,-24,0,0,0,0,0,0,0,0,0,0,0,0,0,0,0,0,0,0,0,0,0,0,-8,-9,-8,-8,-7,-7,-7,-6,-6,-6,-6,-5,-6,-4,-6,-4,-6,-4,-6,-3,-5,-3,-5,-2,-4,-1,-3,0,-3,-1,-3,-2,-3,-2,-3,-1,-3,-1,-3,-2,-4,-2,-1,-1,-1,-2,-3,-3,-4,-2,-2,1]"
CSI_DATA,642,1a:00:00:00:00:00,-75,11,0,0,0,0,0,0,0,0,0,-91,0,1,0,123675647,0,31,0,128,0,"[0,0,2,0,4,-2,3,-1,0,-1,-3,-4,-3,-7,-3,-8,-4,-7,-4,-5,-4,-4,-7,-3,-10,-3,-13,-5,-13,-8,-12,-10,-16,-10,-20,-7,-21,-6,-21,-10,-21,-10,-21,-8,-17,-10,-16,-14,-17,-15,-18,-15,-20,-13,0,0,0,0,0,0,0,0,0,0,0,0,0,0,0,0,0,0,0,0,0,0,-12,-2,-11,-3,-10,-3,-9,-2,-8,-1,-7,0,-7,0,-7,0,-6,0,-5,-1,-5,-1,-4,0,-3,1,-3,2,-4,1,-4,0,-3,-1,-2,0,-3,3,-4,2,-4,0,-2,1,-1,2,-2,2,-4,0,-6,-2]"
CSI_DATA,643,1a:00:00:00:00:00,-74,11,0,0,0,0,0,0,0,0,0,-91,0,1,0,123873930,0,31,0,128,0,"[0,0,-2,4,-2,6,-2,6,-1,5,-2,5,-2,5,1,6,3,9,2,10,2,8,1,7,2,10,7,11,9,11,8,10,8,12,8,16,10,19,12,18,11,18,9,21,9,23,10,21,9,20,5,22,4,24,0,0,0,0,0,0,0,0,0,0,0,0,0,0,0,0,0,0,0,0,0,0,2,11,2,10,1,9,1,8,1,7,1,7,2,7,2,6,2,5,2,4,2,3,2,2,2,2,2,1,2,0,3,0,3,1,2,2,2,2,0,2,-2,3,-1,4,1,4,1,1,-1,1,-3,3]"
[0;32mI (124048) ftm_responder: Counter = 124[0m
CSI_DATA,644,1a:00:00:00:00:00,-76,11,0,0,0,0,0,0,0,0,0,-91,0,1,0,124075296,0,31,0,128,0,"[0,0,2,-2,1,-3,2,-6,3,-8,4,-8,3,-8,1,-8,1,-10,1,-12,-1,-11,-2,-11,-3,-14,-3,-17,-2,-19,-3,-20,-5,-20,-7,-20,-9,-22,-9,-24,-10,-26,-11,-28,-10,-27,-10,-27,-11,-28,-10,-28,-7,-30,0,0,0,0,0,0,0,0,0,0,0,0,0,0,0,0,0,0,0,0,0,0,9,-10,8,-9,7,-9,6,-8,5,-8,4,-7,4,-6,3,-6,2,-6,1,-5,1,-5,1,-3,-1,-2,-2,-2,0,-1,1,-1,0,-1,0,0,0,-1,-1,-2,-1,-1,-1,0,0,-1,1,-2,2,-2,2,-1]"
CSI_DATA,645,1a:00:00:00:00:00,-76,11,0,0,0,0,0,0,0,0,0,-91,0,1,0,124276238,0,31,0,128,0,"[0,0,2,-1,2,-3,1,-4,0,-3,0,-5,2,-8,3,-8,2,-8,0,-9,-2,-11,-2,-12,-5,-13,-9,-13,-9,-12,-7,-12,-6,-13,-7,-15,-7,-20,-9,-22,-10,-23,-7,-23,-6,-23,-6,-24,-6,-23,-5,-23,-6,-24,0,0,0,0,0,0,0,0,0,0,0,0,0,0,0,0,0,0,0,0,0,0,-3,-13,-2,-11,-2,-9,-2,-8,-2,-8,-2,-8,-2,-7,-3,-7,-3,-6,-2,-5,-2,-3,-2,-2,-2,-2,-2,-4,-2,-4,-2,-3,-2,-2,-3,-1,-5,-1,-4,-1,-1,-1,0,-1,0,-2,0,-2,0,-1,2,-1]"
CSI_DATA,646,1a:00:00:00:00:00,-75,11,0,0,0,0,0,0,0,0,0,-91,0,1,0,124276476,0,31,0,128,0,"[0,0,4,4,0,4,-1,4,2,6,5,5,4,5,3,7,4,7,7,8,9,8,8,9,8,10,10,9,11,12,11,15,12,15,16,16,18,17,19,15,18,16,18,21,20,23,19,22,12,24,10,27,16,26,0,0,0,0,0,0,0,0,0,0,0,0,0,0,0,0,0,0,0,0,0,0,12,3,11,2,9,2,8,1,7,1,7,0,7,0,6,0,5,0,5,0,5,1,4,0,3,0,2,0,0,-1,1,-2,2,-1,2,0,3,0,3,-2,2,-3,3,-3,6,-1,4,1,-1,3,-4,2]"
CSI_DATA,647,1a:00:00:00:00:00,-76,11,0,0,0,0,0,0,0,0,0,-91,0,1,0,124338105,0,42,0,128,0,"[0,0,1,-4,2,-5,4,-4,5,-3,5,-5,5,-6,3,-6,2,-7,3,-8,3,-9,3,-11,3,-12,4,-13,4,-15,3,-17,5,-18,5,-20,4,-21,4,-22,5,-22,7,-23,9,-24,11,-25,12,-25,11,-23,9,-22,0,0,0,0,0,0,0,0,0,0,0,0,0,0,0,0,0,0,0,0,0,0,5,-11,5,-10,4,-9,3,-9,2,-8,2,-7,1,-7,0,-6,1,-5,1,-4,0,-4,-1,-4,-1,-3,-1,-3,-2,-3,-2,-2,-2,-2,-1,-2,-2,-1,-1,-1,-1,-2,-1,-2,-1,-2,1,-2,3,-1,3,-1]"
CSI_DATA,648,1a:00:00:00:00:00,-75,11,0,0,0,0,0,0,0,0,0,-91,0,1,0,124339475,0,42,0,128,0,"[0,0,-6,0,-5,0,-7,0,-8,0,-9,-2,-9,-3,-8,-3,-10,-3,-13,-1,-13,1,-13,2,-15,5,-17,7,-18,7,-17,5,-19,6,-21,8,-23,10,-25,11,-27,12,-27,11,-26,11,-27,11,-29,11,-31,9,-29,7,0,0,0,0,0,0,0,0,0,0,0,0,0,0,0,0,0,0,0,0,0,0,-13,-6,-11,-6,-10,-5,-10,-4,-10,-3,-9,-2,-7,-2,-7,-1,-7,0,-6,0,-5,-1,-3,0,-4,0,-3,0,-2,1,-1,2,-1,2,-2,3,-2,4,-1,3,0,0,-1,-1,-2,0,-3,0,-2,-1,0,-2]"
CSI_DATA,649,1a:00:00:00:00:00,-77,11,0,0,0,0,0,0,0,0,0,-91,0,1,0,124839407,0,42,0,128,0,"[0,0,-2,4,-4,4,-5,4,-5,4,-5,5,-5,6,-3,7,-2,6,-2,7,-1,9,1,11,3,12,4,12,4,13,4,15,5,17,7,18,8,19,9,21,11,22,10,23,9,25,8,25,8,25,7,25,6,25,0,0,0,0,0,0,0,0,0,0,0,0,0,0,0,0,0,0,0,0,0,0,-8,9,-7,7,-5,6,-5,7,-4,6,-3,6,-3,6,-2,6,-1,5,-1,5,0,4,1,3,2,3,2,2,1,1,2,0,1,0,1,1,2,0,2,0,1,0,0,1,-1,1,-2,-1,-2,-1,-2,-1]"
CSI_DATA,650,1a:00:00:00:00:00,-76,11,0,0,0,0,0,0,0,0,0,-91,0,1,0,124839621,0,42,0,128,0,"[0,0,-5,0,-7,1,-8,2,-8,3,-7,4,-7,4,-6,5,-6,5,-6,5,-6,6,-8,9,-9,10,-8,11,-7,13,-7,14,-7,16,-8,19,-8,21,-9,22,-11,22,-12,22,-13,22,-15,23,-16,24,-15,23,-14,20,0,0,0,0,0,0,0,0,0,0,0,0,0,0,0,0,0,0,0,0,0,0,-10,8,-9,7,-8,6,-7,6,-6,5,-4,5,-3,5,-3,5,-3,4,-2,3,-1,3,0,4,1,3,1,2,1,2,2,1,2,1,1,1,1,1,1,0,1,-1,0,0,-2,0,-3,1,-4,1,-4,0]"
CSI_DATA,651,1a:00:00:00:00:00,-76,11,0,0,0,0,0,0,0,0,0,-91,0,1,0,124921713,0,31,0,128,0,"[0,0,-2,-1,-2,3,-4,5,-7,3,-8,4,-6,6,-4,5,-2,7,-2,8,-4,8,-5,10,-2,11,1,11,1,14,-1,16,0,17,0,17,-1,17,-2,19,-3,22,-4,22,-4,22,-5,22,-6,22,-6,22,-6,23,0,0,0,0,0,0,0,0,0,0,0,0,0,0,0,0,0,0,0,0,0,0,-6,10,-5,9,-4,8,-3,7,-2,7,-2,7,-1,6,-1,5,-2,4,-1,3,0,3,1,2,1,1,0,1,0,1,0,1,0,0,1,0,3,0,3,0,0,1,-2,1,-3,0,-3,-1,-2,0,-1,1]"
[0;32mI (125048) ftm_responder: Counter = 125[0m
CSI_DATA,652,1a:00:00:00:00:00,-76,11,0,0,0,0,0,0,0,0,0,-91,0,1,0,125122590,0,31,0,128,0,"[0,0,-4,-2,-3,1,0,3,1,4,0,5,1,8,1,8,-2,8,-1,8,3,9,6,8,9,8,11,10,11,10,12,11,13,13,13,14,14,17,15,19,15,20,17,20,19,21,20,22,18,22,16,22,16,24,0,0,0,0,0,0,0,0,0,0,0,0,0,0,0,0,0,0,0,0,0,0,0,13,0,12,0,11,0,9,1,8,2,7,2,6,2,5,2,5,2,5,1,3,1,2,1,1,2,1,1,0,0,-1,0,-1,1,-1,2,-1,1,-1,0,0,-2,1,-2,1,-2,1,-1,1,1,2]"
CSI_DATA,653,1a:00:00:00:00:00,-75,11,0,0,0,0,0,0,0,0,0,-91,0,1,0,125323781,0,31,0,128,0,"[0,0,3,-1,4,0,5,0,4,0,4,-1,5,-3,5,-3,4,-5,4,-6,4,-7,3,-7,3,-9,4,-11,4,-13,3,-17,2,-20,3,-19,0,-17,-5,-18,-5,-20,-1,-22,-1,-23,-2,-23,-1,-24,1,-22,4,-18,0,0,0,0,0,0,0,0,0,0,0,0,0,0,0,0,0,0,0,0,0,0,10,5,9,4,8,4,7,3,7,1,6,1,5,0,4,0,3,0,3,-1,3,-1,2,-1,2,-1,2,-2,1,-2,0,-3,0,-2,0,-2,1,-1,1,0,1,0,1,1,1,2,2,1,2,1,2,1]"
CSI_DATA,654,1a:00:00:00:00:00,-75,11,0,0,0,0,0,0,0,0,0,-91,0,1,0,125528634,0,31,0,128,0,"[0,0,3,-4,4,-3,2,-3,1,-5,2,-7,2,-7,0,-7,-2,-9,-2,-10,-2,-10,-4,-9,-6,-8,-8,-7,-10,-8,-12,-8,-14,-6,-16,-5,-19,-7,-21,-8,-23,-10,-21,-10,-17,-8,-17,-6,-18,-8,-18,-12,-19,-15,0,0,0,0,0,0,0,0,0,0,0,0,0,0,0,0,0,0,0,0,0,0,10,0,9,-1,7,-1,6,-2,6,-2,6,-2,5,-3,3,-3,2,-3,2,-2,1,-2,0,-2,0,-2,0,-1,0,-2,-1,-2,-1,-1,-1,0,-1,0,0,-1,0,0,0,0,0,-1,-1,0,-2,1,0,1]"
CSI_DATA,655,1a:00:00:00:00:00,-75,11,0,0,0,0,0,0,0,0,0,-91,0,1,0,125725344,0,31,0,128,0,"[0,0,-4,-1,-5,2,-8,2,-8,3,-6,4,-7,7,-7,8,-8,7,-7,7,-7,8,-7,7,-6,7,-5,9,-5,10,-5,13,-5,15,-5,17,-6,20,-6,21,-7,21,-8,22,-7,23,-9,22,-12,21,-13,20,-14,20,0,0,0,0,0,0,0,0,0,0,0,0,0,0,0,0,0,0,0,0,0,0,-3,11,-3,10,-3,9,-3,8,-2,7,-2,6,0,6,0,5,-1,5,-2,3,-3,1,-3,1,0,1,1,-1,-2,-1,-3,1,-1,1,2,0,3,1,1,3,0,2,-2,-1,-1,-1,3,1,4,0,1,-1]"
[0;32mI (126048) ftm_responder: Counter = 126[0m
CSI_DATA,656,1a:00:00:00:00:00,-74,11,0,0,0,0,0,0,0,0,0,-91,0,1,0,126328792,0,31,0,128,0,"[0,0,-7,5,-7,5,-4,7,-2,7,-4,8,-4,9,-3,7,-3,8,-5,10,-5,11,-5,13,-3,13,-1,12,1,12,3,16,2,21,1,23,3,23,3,24,3,27,2,29,3,30,2,30,0,28,0,26,-1,27,0,0,0,0,0,0,0,0,0,0,0,0,0,0,0,0,0,0,0,0,0,0,-5,12,-5,10,-4,9,-3,8,-3,7,-3,5,-3,5,-2,4,-1,4,0,4,-1,4,-1,3,-1,3,0,3,2,0,4,0,3,0,1,-1,0,-3,-1,-1,-4,2,-2,2,0,2,-3,3,-5,3,-3,2]"
CSI_DATA,657,1a:00:00:00:00:00,-76,11,0,0,0,0,0,0,0,0,0,-91,0,1,0,126389557,0,42,0,128,0,"[0,0,-4,7,-1,5,0,3,-2,4,-5,6,-6,6,-6,7,-6,8,-5,10,-3,12,-1,11,-1,11,-2,13,-3,16,-2,17,1,18,1,19,0,21,-1,23,-3,25,-5,25,-4,25,-4,25,-6,28,-7,29,-7,29,0,0,0,0,0,0,0,0,0,0,0,0,0,0,0,0,0,0,0,0,0,0,-4,12,-3,12,-3,11,-3,9,-1,8,0,7,1,6,0,4,-2,3,-2,2,-1,1,0,2,1,3,0,2,0,2,1,2,2,1,1,0,1,1,1,0,1,1,0,2,0,2,-2,1,-3,2,-4,2]"
CSI_DATA,658,1a:00:00:00:00:00,-76,11,0,0,0,0,0,0,0,0,0,-91,0,1,0,126889218,0,42,0,128,0,"[0,0,3,4,3,2,0,4,0,7,3,8,4,8,5,8,5,9,5,12,6,10,7,8,9,7,11,7,12,8,14,8,15,8,17,9,18,9,19,10,19,11,19,12,20,11,20,10,21,11,21,13,20,16,0,0,0,0,0,0,0,0,0,0,0,0,0,0,0,0,0,0,0,0,0,0,1,12,2,11,1,9,1,8,1,7,2,7,3,5,3,5,3,4,2,4,1,4,0,3,0,2,0,1,0,0,1,0,1,0,0,0,1,1,0,1,0,-1,0,0,-1,1,0,4,0,5,-1,4]"
[0;32mI (127048) ftm_responder: Counter = 127[0m
CSI_DATA,659,1a:00:00:00:00:00,-75,11,0,0,0,0,0,0,0,0,0,-91,0,1,0,127389771,0,42,0,128,0,"[0,0,-7,-1,-6,-3,-5,-3,-7,-3,-9,-2,-10,-2,-10,-2,-10,0,-11,0,-11,1,-11,2,-13,4,-15,5,-16,6,-16,8,-17,10,-19,11,-22,12,-25,12,-26,13,-24,13,-24,13,-25,11,-26,9,-27,8,-27,9,0,0,0,0,0,0,0,0,0,0,0,0,0,0,0,0,0,0,0,0,0,0,-13,0,-13,0,-12,-1,-11,0,-10,1,-10,1,-9,1,-9,1,-8,1,-7,1,-6,1,-5,1,-4,1,-4,1,-3,1,-3,1,-3,2,-4,2,-4,2,-4,0,-3,0,-1,0,-2,0,-3,0,-3,0,-3,0]"
CSI_DATA,660,1a:00:00:00:00:00,-75,11,0,0,0,0,0,0,0,0,0,-91,0,1,0,127481802,0,31,0,128,0,"[0,0,-6,4,-6,2,-7,1,-8,4,-8,6,-8,5,-8,6,-8,7,-7,8,-5,8,-5,9,-4,13,-2,16,0,17,0,17,0,18,-1,19,0,20,3,22,3,23,1,23,2,23,1,23,-1,24,-3,25,-6,25,0,0,0,0,0,0,0,0,0,0,0,0,0,0,0,0,0,0,0,0,0,0,-12,4,-11,4,-11,4,-10,4,-9,4,-8,4,-8,4,-7,4,-6,4,-5,4,-5,3,-4,4,-3,3,-2,3,-2,3,-2,4,-1,3,-2,3,-3,2,-2,1,-2,1,-4,2,-4,3,-5,0,-4,-1,-4,2]"
CSI_DATA,661,1a:00:00:00:00:00,-74,11,0,0,0,0,0,0,0,0,0,-91,0,1,0,127682596,0,31,0,128,0,"[0,0,3,-4,4,-5,5,-4,6,-4,6,-6,5,-8,5,-8,6,-9,5,-12,4,-13,3,-13,3,-13,2,-13,1,-14,1,-17,1,-19,1,-21,1,-22,2,-23,1,-24,2,-25,4,-26,5,-26,4,-26,6,-25,8,-25,0,0,0,0,0,0,0,0,0,0,0,0,0,0,0,0,0,0,0,0,0,0,7,-12,6,-11,6,-10,5,-10,4,-10,4,-10,4,-9,3,-8,2,-8,1,-8,1,-7,0,-7,-1,-6,-2,-5,0,-4,0,-4,0,-5,0,-5,-1,-4,0,-3,0,-3,0,-4,1,-4,1,-4,0,-4,0,-5]"
CSI_DATA,662,1a:00:00:00:00:00,-74,11,0,0,0,0,0,0,0,0,0,-91,0,1,0,127887459,0,31,0,128,0,"[0,0,7,-2,7,-4,6,-5,6,-5,7,-5,9,-6,9,-6,7,-5,8,-7,11,-9,11,-9,12,-8,11,-9,9,-11,10,-12,12,-13,13,-14,14,-17,14,-19,12,-20,12,-20,14,-18,18,-18,19,-19,18,-18,19,-17,0,0,0,0,0,0,0,0,0,0,0,0,0,0,0,0,0,0,0,0,0,0,12,-3,11,-3,10,-3,9,-3,8,-3,8,-3,7,-4,7,-4,6,-4,5,-5,4,-4,4,-3,3,-3,3,-5,2,-6,0,-5,-1,-3,-1,-3,2,-2,3,-2,2,-4,1,-4,3,-2,3,0,4,1,5,1]"
[0;32mI (128048) ftm_responder: Counter = 128[0m
CSI_DATA,663,1a:00:00:00:00:00,-74,11,0,0,0,0,0,0,0,0,0,-91,0,1,0,128089233,0,31,0,128,0,"[0,0,-4,-2,-4,-3,-5,-3,-6,-2,-6,-4,-7,-6,-9,-6,-10,-5,-9,-5,-8,-6,-9,-6,-10,-4,-12,-5,-13,-6,-14,-6,-16,-6,-19,-8,-19,-9,-17,-9,-13,-11,-12,-11,-15,-11,-19,-15,-25,-15,-24,-14,-24,-17,0,0,0,0,0,0,0,0,0,0,0,0,0,0,0,0,0,0,0,0,0,0,-11,1,-11,1,-10,0,-9,0,-8,1,-8,1,-8,1,-8,1,-7,1,-7,1,-7,0,-6,0,-6,2,-5,2,-5,2,-3,1,-3,2,-3,2,-4,1,-5,1,-5,1,-5,1,-4,0,-3,-1,-3,-2,-4,-2]"
CSI_DATA,664,1a:00:00:00:00:00,-73,11,0,0,0,0,0,0,0,0,0,-91,0,1,0,128287278,0,31,0,128,0,"[0,0,3,1,3,1,5,2,5,3,5,3,5,3,6,2,9,1,8,0,3,2,0,3,4,2,11,-5,17,-14,18,-12,14,-4,16,-3,23,-6,23,-6,20,-5,19,-6,20,-4,23,-3,26,-2,26,-2,26,-3,0,0,0,0,0,0,0,0,0,0,0,0,0,0,0,0,0,0,0,0,0,0,7,7,6,6,6,5,6,4,6,3,7,3,7,2,7,2,6,1,5,0,5,0,4,0,4,-1,4,-1,4,-1,4,-1,4,-1,4,-1,3,-1,3,-2,3,-2,2,-2,3,-1,3,0,2,0,4,1]"
CSI_DATA,665,1a:00:00:00:00:00,-75,11,0,0,0,0,0,0,0,0,0,-91,0,1,0,128493143,0,31,0,128,0,"[0,0,3,5,3,2,2,3,0,4,2,2,6,2,8,-1,7,-4,10,0,16,-2,20,-8,21,-3,19,-2,19,-5,21,-4,23,-2,28,-2,33,-3,30,-3,23,-2,20,0,25,0,26,2,22,2,27,-2,31,-1,0,0,0,0,0,0,0,0,0,0,0,0,0,0,0,0,0,0,0,0,0,0,6,13,5,12,5,10,6,10,6,8,7,7,6,6,6,6,6,5,6,3,6,2,6,2,5,2,4,1,5,0,6,-2,5,-2,4,-2,3,-1,2,-1,2,-1,4,0,4,-1,1,-2,0,0,3,3]"
CSI_DATA,666,1a:00:00:00:00:00,-76,11,0,0,0,0,0,0,0,0,0,-91,0,1,0,128889518,0,31,0,128,0,"[0,0,-2,-2,-4,-4,-5,-5,-6,-6,-7,-7,-7,-7,-7,-6,-7,-6,-7,-6,-8,-4,-9,-4,-9,-5,-12,-3,-15,-2,-18,-4,-20,-5,-21,-3,-21,-2,-21,-3,-22,-3,-23,-4,-25,-6,-23,-6,-23,-6,-24,-6,-24,-7,0,0,0,0,0,0,0,0,0,0,0,0,0,0,0,0,0,0,0,0,0,0,-10,-3,-10,-3,-8,-3,-7,-2,-7,-2,-7,-1,-6,0,-6,0,-5,0,-5,-1,-4,-1,-3,0,-4,0,-2,1,-1,2,-3,2,-3,0,-2,1,-2,2,-1,0,0,-2,0,-3,0,-3,1,-3,1,-4,-1,-6]"
[0;32mI (129048) ftm_responder: Counter = 129[0m
CSI_DATA,667,1a:00:00:00:00:00,-76,11,0,0,0,0,0,0,0,0,0,-91,0,1,0,129450915,0,42,0,128,0,"[0,0,4,-6,3,-5,2,-5,3,-6,3,-8,2,-9,2,-11,3,-10,3,-9,2,-11,-1,-13,-3,-12,-5,-13,-5,-13,-6,-14,-6,-16,-7,-18,-8,-18,-9,-18,-8,-20,-7,-22,-6,-22,-6,-22,-6,-23,-5,-24,-4,-25,0,0,0,0,0,0,0,0,0,0,0,0,0,0,0,0,0,0,0,0,0,0,-4,-10,-4,-9,-3,-8,-3,-7,-4,-6,-4,-5,-4,-5,-4,-5,-3,-5,-3,-4,-3,-4,-3,-3,-2,-2,-2,-1,-2,0,-1,-1,1,-3,1,-4,0,-3,0,-4,1,-4,1,-3,1,-2,2,-2,3,-3,3,-5]"
CSI_DATA,668,1a:00:00:00:00:00,-74,11,0,0,0,0,0,0,0,0,0,-91,0,1,0,129951110,0,42,0,128,0,"[0,0,5,5,7,5,7,5,6,5,9,4,10,4,10,6,10,5,12,3,12,1,11,0,11,1,13,0,16,-1,19,-2,18,-3,19,-3,21,-4,22,-4,23,-6,24,-6,24,-5,24,-4,25,-4,25,-2,24,2,0,0,0,0,0,0,0,0,0,0,0,0,0,0,0,0,0,0,0,0,0,0,10,-4,10,-5,9,-4,7,-4,7,-4,8,-4,7,-4,7,-4,6,-3,5,-3,5,-3,5,-3,4,-2,4,-2,4,-3,4,-3,3,-3,2,-2,2,-2,3,-1,4,-1,3,-1,3,-1,3,0,3,2,6,5]"
[0;32mI (130048) ftm_responder: Counter = 130[0m
CSI_DATA,669,1a:00:00:00:00:00,-76,11,0,0,0,0,0,0,0,0,0,-91,0,1,0,130048673,0,31,0,128,0,"[0,0,-7,4,-5,5,-4,6,-5,7,-6,8,-7,10,-6,11,-5,8,-5,6,-4,7,-2,9,1,12,5,16,5,16,4,15,3,18,3,17,5,18,5,22,6,22,5,22,2,24,1,25,3,27,3,26,1,24,0,0,0,0,0,0,0,0,0,0,0,0,0,0,0,0,0,0,0,0,0,0,1,11,1,11,1,9,1,7,1,6,2,6,2,7,2,6,0,5,0,4,2,5,3,4,2,2,1,1,-1,2,0,1,1,-2,1,-2,0,1,-3,3,-4,5,-1,7,0,6,-3,6,-3,6,-2,6]"
CSI_DATA,670,1a:00:00:00:00:00,-76,11,0,0,0,0,0,0,0,0,0,-91,0,1,0,130249459,0,31,0,128,0,"[0,0,-4,5,-4,5,-4,7,-5,9,-6,10,-5,10,-4,11,-4,11,-6,12,-6,11,-4,10,-4,10,-4,13,-4,16,-4,17,-2,17,0,18,0,18,-1,20,-2,21,-2,21,-2,22,-2,24,-4,23,-6,22,-9,24,0,0,0,0,0,0,0,0,0,0,0,0,0,0,0,0,0,0,0,0,0,0,3,8,6,8,5,9,3,10,2,10,2,9,4,8,3,7,2,6,1,6,-1,6,-2,6,0,5,1,2,0,1,0,1,0,2,1,3,2,2,1,2,-1,3,-1,4,-1,4,-1,4,-2,5,-4,6]"
CSI_DATA,671,1a:00:00:00:00:00,-75,11,0,0,0,0,0,0,0,0,0,-91,0,1,0,130451567,0,31,0,128,0,"[0,0,2,-8,1,-9,2,-10,5,-9,6,-9,5,-10,6,-11,7,-12,3,-12,1,-11,0,-13,-1,-17,-3,-19,-4,-20,-4,-22,-4,-24,-6,-25,-8,-26,-9,-27,-9,-28,-5,-29,-1,-30,-1,-31,-2,-33,-2,-32,-1,-30,0,0,0,0,0,0,0,0,0,0,0,0,0,0,0,0,0,0,0,0,0,0,5,-13,5,-12,5,-11,4,-11,3,-10,3,-9,3,-8,3,-9,2,-9,1,-8,0,-8,0,-7,-1,-6,-1,-5,-2,-4,-2,-3,0,-4,1,-5,2,-5,3,-3,3,-3,-1,-4,0,-3,5,-3,7,-5,6,-5]"
CSI_DATA,672,1a:00:00:00:00:00,-76,11,0,0,0,0,0,0,0,0,0,-91,0,1,0,130656584,0,31,0,128,0,"[0,0,-6,4,-5,5,-6,3,-8,3,-8,3,-7,5,-6,7,-8,7,-10,8,-10,9,-11,9,-10,9,-8,9,-8,9,-7,11,-5,15,-3,16,-4,16,-7,17,-7,19,-6,22,-7,21,-8,20,-8,20,-10,21,-12,19,0,0,0,0,0,0,0,0,0,0,0,0,0,0,0,0,0,0,0,0,0,0,-8,11,-6,9,-4,10,-4,11,-5,8,-5,6,-4,5,-2,4,-2,5,-3,4,-3,3,-2,4,-1,3,-1,1,-2,0,-3,1,-2,2,0,2,1,2,-3,1,-6,0,-5,0,-5,1,-6,2,-7,2,-6,3]"
CSI_DATA,673,1a:00:00:00:00:00,-74,11,0,0,0,0,0,0,0,0,0,-91,0,1,0,130853729,0,31,0,128,0,"[0,0,-7,1,-7,2,-8,2,-9,3,-10,4,-10,5,-9,5,-9,7,-8,8,-7,8,-6,9,-4,10,-3,11,-3,11,-3,12,-2,16,-4,20,-6,19,-3,19,0,24,1,26,0,24,-2,21,-2,22,-3,24,-4,25,0,0,0,0,0,0,0,0,0,0,0,0,0,0,0,0,0,0,0,0,0,0,-12,5,-11,5,-10,4,-10,4,-9,4,-7,4,-7,4,-7,4,-6,3,-6,3,-5,3,-5,3,-5,3,-4,3,-3,1,-4,1,-4,2,-3,2,-4,1,-5,-1,-6,-2,-4,0,-4,0,-5,1,-6,1,-7,0]"
[0;32mI (131048) ftm_responder: Counter = 131[0m
CSI_DATA,674,1a:00:00:00:00:00,-74,11,0,0,0,0,0,0,0,0,0,-91,0,1,0,131055236,0,31,0,128,0,"[0,0,-8,-7,-8,-6,-8,-6,-9,-6,-11,-6,-12,-5,-12,-5,-13,-5,-14,-4,-16,-1,-15,1,-14,2,-15,2,-18,2,-21,5,-24,7,-23,3,-20,1,-20,6,-23,7,-21,4,-23,8,-27,13,-27,13,-27,11,-26,10,0,0,0,0,0,0,0,0,0,0,0,0,0,0,0,0,0,0,0,0,0,0,-16,-5,-16,-5,-14,-5,-13,-5,-12,-4,-12,-4,-12,-4,-11,-3,-10,-3,-9,-3,-8,-3,-8,-3,-7,-3,-7,-2,-6,0,-5,-1,-5,-2,-6,-2,-8,-2,-9,-2,-8,-2,-7,-1,-8,-3,-8,-6,-8,-7,-8,-7]"
CSI_DATA,675,1a:00:00:00:00:00,-73,11,0,0,0,0,0,0,0,0,0,-91,0,1,0,131255872,0,31,0,128,0,"[0,0,3,-13,3,-15,3,-12,2,-9,2,-8,-1,-8,-3,-9,-2,-9,-3,-8,-8,-7,-11,-7,-10,-9,-8,-9,-7,-8,-9,-9,-11,-9,-15,-5,-20,-5,-19,-9,-18,-11,-19,-12,-18,-9,-18,-6,-20,-6,-20,-7,-19,-9,0,0,0,0,0,0,0,0,0,0,0,0,0,0,0,0,0,0,0,0,0,0,9,-8,8,-8,7,-7,6,-7,5,-7,4,-7,4,-7,4,-7,4,-7,4,-6,3,-5,2,-5,1,-5,1,-6,2,-5,3,-5,1,-5,1,-3,1,-3,1,-4,2,-5,4,-3,4,-2,5,-1,4,-3,-1,-5]"
CSI_DATA,676,1a:00:00:00:00:00,-73,11,0,0,0,0,0,0,0,0,0,-91,0,1,0,131457235,0,31,0,128,0,"[0,0,-1,-10,-3,-7,-4,-5,-3,-5,-1,-4,-2,-4,-6,-7,-9,-9,-5,-10,-2,-9,-3,-9,-7,-10,-9,-10,-9,-10,-11,-10,-12,-10,-11,-8,-10,-9,-11,-11,-12,-12,-12,-12,-13,-13,-16,-13,-18,-12,-18,-14,-16,-15,0,0,0,0,0,0,0,0,0,0,0,0,0,0,0,0,0,0,0,0,0,0,-9,-10,-9,-11,-9,-10,-8,-7,-5,-6,-6,-7,-5,-6,-4,-5,-3,-5,-3,-5,-5,-5,-6,-5,-3,-4,-2,-4,-2,-4,-2,-3,-1,-4,-2,-5,-1,-6,0,-5,1,-4,0,-4,0,-2,-1,-2,-3,-6,-2,-8]"
CSI_DATA,677,1a:00:00:00:00:00,-76,11,0,0,0,0,0,0,0,0,0,-91,0,1,0,131517347,0,42,0,128,0,"[0,0,0,7,1,7,3,7,3,8,3,9,3,10,5,11,5,11,5,10,6,8,5,7,6,10,9,11,9,9,9,8,11,10,12,13,12,14,13,16,16,18,16,20,14,18,14,16,14,17,12,17,11,18,0,0,0,0,0,0,0,0,0,0,0,0,0,0,0,0,0,0,0,0,0,0,9,4,9,4,7,2,6,2,8,2,10,2,10,1,6,1,4,2,4,4,3,3,2,3,2,2,2,1,2,0,3,1,4,2,4,1,2,1,3,2,3,3,3,2,3,4,2,6,2,6,3,6]"
CSI_DATA,678,1a:00:00:00:00:00,-74,11,0,0,0,0,0,0,0,0,0,-91,0,1,0,131576914,0,31,0,128,0,"[0,0,2,-3,1,-5,0,-6,0,-6,-1,-8,-1,-9,-1,-8,-2,-9,-4,-10,-5,-7,-3,-4,-3,-5,-7,-9,-10,-12,-10,-9,-11,-8,-13,-11,-13,-12,-10,-12,-9,-11,-12,-12,-15,-12,-15,-11,-14,-11,-14,-13,-14,-14,0,0,0,0,0,0,0,0,0,0,0,0,0,0,0,0,0,0,0,0,0,0,-4,-10,-2,-10,1,-9,1,-8,1,-8,1,-9,1,-10,0,-9,-1,-8,-1,-7,-1,-6,-2,-6,-1,-6,0,-5,0,-3,0,-3,0,-3,-1,-3,-1,-4,0,-4,0,-3,-2,-3,-2,-5,0,-6,0,-5,-1,-4]"
CSI_DATA,679,1a:00:00:00:00:00,-74,11,0,0,0,0,0,0,0,0,0,-91,0,1,0,131779888,0,31,0,128,0,"[0,0,5,-4,6,-5,7,-5,6,-6,4,-7,4,-8,5,-7,4,-8,3,-10,3,-11,1,-11,0,-14,0,-18,0,-19,-1,-18,-4,-18,-5,-18,-5,-18,-5,-19,-6,-20,-6,-22,-6,-23,-7,-24,-7,-26,-6,-27,-5,-26,0,0,0,0,0,0,0,0,0,0,0,0,0,0,0,0,0,0,0,0,0,0,8,-15,8,-12,7,-11,7,-11,7,-9,6,-7,4,-7,5,-9,7,-8,5,-7,3,-8,3,-7,3,-5,2,-6,2,-7,1,-5,1,-3,1,-2,1,-2,1,-4,1,-6,2,-4,4,-2,5,-3,6,-5,6,-5]"
CSI_DATA,680,1a:00:00:00:00:00,-74,11,0,0,0,0,0,0,0,0,0,-91,0,1,0,131980177,0,31,0,128,0,"[0,0,3,3,4,3,4,4,6,4,8,4,9,3,9,3,10,2,11,2,11,1,11,0,11,0,13,0,14,0,15,-1,16,-2,18,-2,18,0,18,5,18,5,21,-1,24,-7,20,-6,15,-1,20,5,32,12,0,0,0,0,0,0,0,0,0,0,0,0,0,0,0,0,0,0,0,0,0,0,9,-9,9,-9,8,-8,8,-7,8,-6,7,-6,7,-5,6,-5,6,-4,5,-3,4,-3,3,-3,3,-2,4,-2,3,-2,1,-1,1,-2,1,-2,2,-2,2,-1,2,-1,3,-1,3,-1,1,1,0,3,2,3]"
[0;32mI (132048) ftm_responder: Counter = 132[0m
CSI_DATA,681,1a:00:00:00:00:00,-75,11,0,0,0,0,0,0,0,0,0,-91,0,1,0,132178175,0,31,0,128,0,"[0,0,-6,1,-7,1,-7,1,-6,0,-8,1,-9,2,-7,4,-7,6,-8,6,-7,7,-6,9,-5,10,-4,10,-6,10,-7,12,-6,14,-5,16,-5,18,-5,19,-6,20,-7,20,-9,20,-9,20,-9,20,-11,21,-13,22,0,0,0,0,0,0,0,0,0,0,0,0,0,0,0,0,0,0,0,0,0,0,-11,8,-10,8,-9,7,-8,6,-8,6,-8,6,-7,6,-7,5,-6,4,-5,4,-5,4,-4,3,-4,2,-3,1,-3,1,-3,2,-3,2,-3,1,-2,0,-1,0,-2,0,-3,0,-3,0,-3,1,-4,0,-5,-1]"
CSI_DATA,682,1a:00:00:00:00:00,-76,11,0,0,0,0,0,0,0,0,0,-91,0,1,0,132582019,0,31,0,128,0,"[0,0,-8,10,-7,11,-7,8,-3,3,0,3,0,4,1,5,2,8,2,11,0,10,1,9,5,11,5,13,6,12,9,11,9,13,8,17,10,19,12,15,12,13,12,17,13,19,12,21,12,22,12,21,13,21,0,0,0,0,0,0,0,0,0,0,0,0,0,0,0,0,0,0,0,0,0,0,2,13,1,12,2,10,2,9,3,8,2,8,1,9,1,8,1,7,1,6,1,6,0,5,0,3,0,2,0,2,1,1,2,1,2,3,2,3,2,2,0,4,-4,5,-6,3,-3,2,-2,1,-2,4]"
CSI_DATA,683,1a:00:00:00:00:00,-75,11,0,0,0,0,0,0,0,0,0,-91,0,1,0,132780288,0,31,0,128,0,"[0,0,5,0,7,-1,7,-1,6,-2,7,-4,8,-5,9,-6,9,-5,9,-4,9,-6,8,-8,7,-7,9,-7,11,-10,10,-15,9,-18,8,-19,8,-19,10,-20,11,-22,11,-23,13,-23,16,-21,18,-21,18,-21,18,-21,0,0,0,0,0,0,0,0,0,0,0,0,0,0,0,0,0,0,0,0,0,0,4,-13,3,-13,3,-13,2,-11,3,-10,4,-9,4,-8,3,-8,4,-7,4,-6,5,-5,7,-4,6,-2,3,-3,3,-7,1,-7,-1,-3,0,-1,1,0,2,-1,4,-2,3,-1,2,0,1,0,2,-1,5,-3]"
CSI_DATA,684,1a:00:00:00:00:00,-75,11,0,0,0,0,0,0,0,0,0,-91,0,1,0,132981755,0,31,0,128,0,"[0,0,2,-5,2,-8,0,-9,-1,-7,0,-6,-1,-7,-3,-9,-4,-10,-5,-9,-6,-9,-8,-11,-10,-11,-10,-12,-8,-14,-9,-14,-12,-9,-13,-8,-13,-13,-15,-14,-18,-13,-18,-15,-18,-18,-18,-22,-17,-22,-16,-22,-18,-22,0,0,0,0,0,0,0,0,0,0,0,0,0,0,0,0,0,0,0,0,0,0,-13,-4,-12,-4,-11,-4,-10,-4,-9,-4,-9,-4,-9,-4,-8,-4,-7,-4,-5,-4,-4,-3,-4,-3,-4,-2,-5,-1,-4,-1,-4,-2,-3,-3,-3,-2,-3,-3,-2,-6,-3,-7,-2,-6,0,-7,1,-6,1,-4,1,-3]"
[0;32mI (133048) ftm_responder: Counter = 133[0m
CSI_DATA,685,1a:00:00:00:00:00,-74,11,0,0,0,0,0,0,0,0,0,-91,0,1,0,133044758,0,42,0,128,0,"[0,0,-5,-3,-7,-5,-8,-5,-10,-3,-9,-3,-9,-4,-14,-5,-12,-7,-9,-4,-11,0,-9,4,-5,8,-7,6,-10,8,-15,12,-17,13,-16,13,-17,11,-18,8,-18,10,-20,17,-18,18,-15,13,-21,13,-28,15,-29,15,0,0,0,0,0,0,0,0,0,0,0,0,0,0,0,0,0,0,0,0,0,0,-13,-7,-12,-6,-11,-5,-10,-5,-9,-5,-9,-6,-9,-5,-8,-3,-7,-3,-7,-5,-6,-6,-6,-6,-5,-4,-5,-3,-6,-4,-5,-3,-4,-2,-3,-1,-1,-1,-1,-1,-2,-3,-2,-5,-3,-4,-4,-3,-3,-3,-3,-4]"
CSI_DATA,686,1a:00:00:00:00:00,-75,11,0,0,0,0,0,0,0,0,0,-91,0,1,0,133542543,0,42,0,128,0,"[0,0,-2,5,0,6,1,6,2,7,3,9,3,10,2,9,3,7,4,8,6,7,8,5,9,4,8,5,10,5,12,5,13,4,15,2,17,3,19,4,19,4,20,4,21,3,20,3,21,4,23,5,23,7,0,0,0,0,0,0,0,0,0,0,0,0,0,0,0,0,0,0,0,0,0,0,10,4,9,4,8,4,7,3,7,3,7,3,6,3,6,3,5,2,5,2,4,2,3,3,2,3,2,3,2,2,2,1,3,1,3,2,0,3,-3,3,-4,2,-2,3,-2,6,-1,6,-1,2,-1,1]"
CSI_DATA,687,1a:00:00:00:00:00,-75,11,0,0,0,0,0,0,0,0,0,-91,0,1,0,134042913,0,42,0,128,0,"[0,0,1,5,4,6,5,5,5,5,4,4,3,4,7,5,10,4,8,4,6,4,7,1,10,0,11,-1,12,-2,12,0,13,0,15,-1,15,-3,13,-2,13,0,16,0,18,-1,19,-3,19,-4,20,-2,22,1,0,0,0,0,0,0,0,0,0,0,0,0,0,0,0,0,0,0,0,0,0,0,9,-2,9,-1,8,0,8,0,8,-1,7,-1,6,-1,5,-1,4,-1,4,-1,4,0,3,3,2,2,3,0,2,0,1,0,1,1,2,0,2,0,3,2,3,3,3,4,3,4,3,3,2,3,1,5]"
[0;32mI (134048) ftm_responder: Counter = 134[0m
CSI_DATA,688,1a:00:00:00:00:00,-75,11,0,0,0,0,0,0,0,0,0,-91,0,1,0,134133840,0,31,0,128,0,"[0,0,-8,8,-3,8,-1,8,-3,8,-3,9,-2,10,-2,10,1,9,3,10,1,11,2,11,6,12,5,12,4,14,8,17,10,17,10,16,10,19,12,22,13,22,12,22,11,23,11,24,9,24,7,26,6,28,0,0,0,0,0,0,0,0,0,0,0,0,0,0,0,0,0,0,0,0,0,0,13,6,12,6,11,5,10,4,10,4,9,4,7,4,7,4,6,4,5,4,4,4,4,3,3,2,3,2,1,2,1,3,0,3,0,2,2,1,1,2,-1,3,-3,3,-5,4,-4,6,-2,5,0,6]"
CSI_DATA,689,1a:00:00:00:00:00,-74,11,0,0,0,0,0,0,0,0,0,-91,0,1,0,134335155,0,31,0,128,0,"[0,0,6,-2,7,0,8,-1,5,-3,4,-5,6,-4,8,-4,8,-5,6,-6,5,-7,4,-8,4,-10,4,-13,4,-15,4,-16,4,-14,7,-14,8,-19,3,-25,2,-27,6,-25,4,-24,2,-24,4,-23,8,-21,12,-21,0,0,0,0,0,0,0,0,0,0,0,0,0,0,0,0,0,0,0,0,0,0,1,-13,1,-13,1,-13,2,-11,2,-9,2,-9,1,-9,1,-9,0,-7,0,-6,0,-6,0,-5,0,-3,1,-2,1,-2,0,-3,1,-2,2,-2,1,-2,0,-2,1,-2,4,0,6,0,5,-1,3,-2,3,-3]"
CSI_DATA,690,1a:00:00:00:00:00,-77,11,0,0,0,0,0,0,0,0,0,-91,0,1,0,134536668,0,31,0,128,0,"[0,0,3,-3,2,-4,2,-5,3,-4,2,-4,2,-5,4,-5,5,-6,5,-8,5,-10,4,-9,5,-8,6,-9,4,-11,5,-13,6,-14,4,-15,4,-13,4,-11,7,-13,13,-16,18,-18,18,-17,15,-17,12,-18,8,-15,0,0,0,0,0,0,0,0,0,0,0,0,0,0,0,0,0,0,0,0,0,0,-9,-2,-9,-3,-8,-3,-7,-3,-7,-3,-7,-3,-7,-3,-6,-4,-5,-4,-4,-4,-2,-3,-1,-2,0,-2,1,0,-1,0,0,-2,0,-2,0,-2,0,-3,-1,-4,-1,-4,1,-4,2,-5,1,-5,1,-5,1,-5]"
CSI_DATA,691,1a:00:00:00:00:00,-74,11,0,0,0,0,0,0,0,0,0,-91,0,1,0,134745004,0,31,0,128,0,"[0,0,3,-3,3,-3,4,-4,5,-4,5,-4,6,-6,5,-6,5,-6,5,-7,5,-7,4,-8,5,-10,4,-11,4,-11,4,-13,4,-15,4,-14,5,-15,6,-17,5,-15,4,-13,8,-16,11,-17,13,-16,14,-19,14,-21,0,0,0,0,0,0,0,0,0,0,0,0,0,0,0,0,0,0,0,0,0,0,-1,-12,-2,-11,-2,-10,-2,-10,-2,-9,-1,-10,-1,-10,-1,-8,-1,-7,0,-6,0,-5,0,-4,0,-4,0,-4,-1,-2,0,-2,0,-2,1,-2,2,-2,2,-2,1,-2,1,-3,2,-3,2,-2,4,-2,4,-3]"
[0;32mI (135068) ftm_responder: Counter = 135[0m
CSI_DATA,692,1a:00:00:00:00:00,-79,11,0,0,0,0,0,0,0,0,0,-91,0,1,0,135542624,0,31,0,128,0,"[0,0,1,-16,4,-12,2,-11,1,-12,-1,-12,-3,-11,-2,-10,0,-10,0,-10,-1,-8,-2,-8,-3,-7,-4,-6,-6,-6,-8,-8,-7,-9,-6,-11,-7,-11,-10,-10,-10,-13,-8,-16,-8,-17,-8,-17,-8,-17,-6,-19,-5,-21,0,0,0,0,0,0,0,0,0,0,0,0,0,0,0,0,0,0,0,0,0,0,6,2,4,1,2,0,0,-1,-1,-3,-1,-4,0,-5,0,-7,1,-7,1,-5,1,-6,2,-7,1,-7,0,-8,1,-12,3,-12,2,-11,0,-12,-1,-14,-1,-11,3,-10,6,-13,4,-14,1,-16,-2,-15,-6,-11]"
CSI_DATA,693,1a:00:00:00:00:00,-79,11,0,0,0,0,0,0,0,0,0,-91,0,1,0,135601207,0,42,0,128,0,"[0,0,9,13,10,12,9,12,7,11,9,10,9,11,8,12,8,9,9,5,9,5,9,5,7,4,7,2,9,1,10,0,11,-2,13,-3,13,-3,13,-3,14,-3,15,-3,16,-3,17,-2,19,-2,20,0,21,3,0,0,0,0,0,0,0,0,0,0,0,0,0,0,0,0,0,0,0,0,0,0,-5,2,-4,0,-1,0,0,2,2,3,3,4,4,4,5,4,6,5,6,6,6,6,7,6,8,6,9,7,8,9,8,10,9,9,9,9,9,9,11,9,12,11,13,13,12,13,12,13,12,12,13,10]"
CSI_DATA,694,1a:00:00:00:00:00,-77,11,0,0,0,0,0,0,0,0,0,-91,0,1,0,135669871,0,31,0,128,0,"[0,0,-17,-20,-12,-13,-13,-10,-15,-14,-14,-13,-12,-11,-9,-11,-9,-10,-12,-9,-14,-6,-13,-7,-12,-10,-10,-9,-9,-5,-9,-3,-8,-3,-9,-2,-12,1,-12,2,-13,-1,-13,0,-14,1,-17,1,-20,-1,-21,-2,-20,-2,0,0,0,0,0,0,0,0,0,0,0,0,0,0,0,0,0,0,0,0,0,0,3,-3,1,-2,-1,-2,-2,-2,-4,-2,-6,-4,-6,-5,-7,-6,-7,-7,-8,-8,-9,-10,-9,-11,-9,-11,-10,-10,-10,-11,-11,-12,-11,-12,-11,-13,-11,-13,-12,-13,-13,-16,-12,-17,-10,-18,-12,-17,-13,-13,-12,-11]"
CSI_DATA,695,1a:00:00:00:00:00,-75,11,0,0,0,0,0,0,0,0,0,-91,0,1,0,135868798,0,31,0,128,0,"[0,0,13,-6,13,-6,12,-7,11,-6,10,-4,9,-3,11,-4,11,-4,8,-4,7,-5,8,-5,8,-5,8,-4,7,-5,6,-6,4,-8,2,-6,1,-3,2,-2,6,-3,5,-2,2,-3,4,-12,5,-16,5,-14,5,-15,0,0,0,0,0,0,0,0,0,0,0,0,0,0,0,0,0,0,0,0,0,0,0,1,0,0,-1,-2,-1,-3,0,-4,1,-5,2,-6,2,-7,3,-7,4,-8,5,-7,5,-7,6,-8,7,-9,7,-8,7,-8,8,-9,9,-10,9,-10,9,-9,10,-8,11,-8,11,-8,12,-9,12,-8,12,-8]"
[0;32mI (136068) ftm_responder: Counter = 136[0m
CSI_DATA,696,1a:00:00:00:00:00,-77,11,0,0,0,0,0,0,0,0,0,-91,0,1,0,136070702,0,31,0,128,0,"[0,0,-18,-3,-17,-2,-16,-2,-16,-3,-14,-3,-14,-3,-15,-2,-15,-2,-14,-2,-13,-1,-13,-1,-13,-1,-12,-1,-11,1,-12,3,-12,4,-11,4,-11,4,-12,4,-13,5,-12,5,-12,5,-12,4,-13,2,-15,2,-17,2,0,0,0,0,0,0,0,0,0,0,0,0,0,0,0,0,0,0,0,0,0,0,4,-3,2,-2,0,-1,-1,0,-2,0,-3,1,-5,1,-6,0,-7,1,-8,0,-10,0,-10,-1,-11,-2,-12,-3,-14,-4,-14,-2,-13,-1,-14,-2,-15,-4,-15,-4,-15,-1,-17,0,-19,0,-18,-2,-17,-2,-18,-2]"
CSI_DATA,697,1a:00:00:00:00:00,-74,11,0,0,0,0,0,0,0,0,0,-91,0,1,0,136284716,0,31,0,128,0,"[0,0,-10,14,-9,14,-8,13,-8,12,-8,11,-7,11,-7,10,-7,10,-6,9,-7,10,-7,10,-7,9,-7,10,-8,10,-8,11,-8,11,-8,12,-9,12,-8,13,-9,13,-11,14,-11,13,-12,12,-13,12,-14,11,-14,10,0,0,0,0,0,0,0,0,0,0,0,0,0,0,0,0,0,0,0,0,0,0,-1,-1,-1,-1,-1,0,-1,1,0,2,-1,4,-1,5,-2,5,-2,6,-3,7,-3,8,-4,8,-5,8,-6,8,-5,8,-6,9,-6,9,-7,10,-6,9,-7,10,-8,11,-7,12,-7,13,-8,14,-7,14,-6,15]"
CSI_DATA,698,1a:00:00:00:00:00,-73,11,0,0,0,0,0,0,0,0,0,-91,0,1,0,136472503,0,31,0,128,0,"[0,0,-4,13,-3,14,0,12,-2,8,-7,8,-6,8,-5,11,-6,13,-7,12,-5,12,-2,12,1,11,1,10,-1,11,-2,13,-1,14,0,15,0,15,-1,14,-3,14,-5,16,-8,14,-11,13,-12,14,-13,16,-11,15,0,0,0,0,0,0,0,0,0,0,0,0,0,0,0,0,0,0,0,0,0,0,3,-5,3,-5,3,-3,2,-2,2,-1,1,0,1,0,2,0,1,1,0,2,0,3,0,3,-1,3,-1,3,-2,4,-1,5,-1,4,-2,4,-2,5,-1,6,-1,7,-1,9,-2,10,-4,9,-4,8,-3,8]"
CSI_DATA,699,1a:00:00:00:00:00,-73,11,0,0,0,0,0,0,0,0,0,-91,0,1,0,136673609,0,31,0,128,0,"[0,0,3,9,2,8,0,7,1,9,4,11,5,12,4,12,4,12,5,13,9,13,9,11,9,10,10,10,12,11,15,12,18,13,18,13,18,13,19,16,20,16,21,15,21,16,20,18,19,21,18,23,16,22,0,0,0,0,0,0,0,0,0,0,0,0,0,0,0,0,0,0,0,0,0,0,5,-1,5,-2,4,-2,3,-2,2,-2,3,-2,2,-2,1,-2,0,-3,0,-2,-1,-2,-1,-1,-1,-1,-2,0,-3,-1,-2,-1,-1,0,-2,0,-3,1,-3,2,-2,2,-1,1,-1,3,-1,6,-1,6,0,6]"
CSI_DATA,700,1a:00:00:00:00:00,-74,11,0,0,0,0,0,0,0,0,0,-91,0,1,0,136874770,0,31,0,128,0,"[0,0,-3,-9,-3,-8,-3,-9,-3,-11,-4,-12,-6,-12,-7,-11,-8,-9,-7,-9,-7,-10,-9,-10,-11,-9,-12,-10,-13,-11,-14,-11,-15,-9,-16,-9,-18,-11,-19,-13,-18,-13,-19,-14,-20,-14,-19,-14,-18,-14,-19,-15,-20,-17,0,0,0,0,0,0,0,0,0,0,0,0,0,0,0,0,0,0,0,0,0,0,-8,-3,-8,-3,-7,-3,-7,-3,-7,-2,-7,-2,-7,-2,-6,-1,-6,-1,-5,-2,-5,-2,-5,-1,-5,-1,-5,-2,-3,-3,-2,-3,-3,-3,-4,-4,-4,-3,-3,-2,-3,-4,-3,-6,-3,-6,-3,-6,-3,-6,-2,-7]"
[0;32mI (137068) ftm_responder: Counter = 137[0m
CSI_DATA,701,1a:00:00:00:00:00,-72,11,0,0,0,0,0,0,0,0,0,-91,0,1,0,137076227,0,31,0,128,0,"[0,0,10,-5,10,-4,10,-2,10,-1,11,-2,11,-4,11,-5,11,-4,11,-5,11,-7,9,-7,9,-8,10,-9,9,-10,10,-12,11,-14,12,-15,11,-15,12,-16,15,-17,17,-17,17,-17,17,-17,16,-16,16,-16,17,-15,0,0,0,0,0,0,0,0,0,0,0,0,0,0,0,0,0,0,0,0,0,0,5,-7,5,-7,4,-7,4,-7,3,-7,3,-7,3,-6,3,-6,3,-6,3,-6,3,-5,2,-5,2,-5,2,-5,3,-5,4,-5,2,-4,2,-4,2,-4,3,-2,5,-3,5,-4,5,-3,5,-2,6,-2,6,-1]"
CSI_DATA,702,1a:00:00:00:00:00,-73,11,0,0,0,0,0,0,0,0,0,-91,0,1,0,137137117,0,42,0,128,0,"[0,0,7,2,7,2,8,3,10,2,10,1,9,1,9,1,11,1,10,0,10,-2,12,-4,12,-4,11,-4,13,-6,15,-7,15,-7,16,-8,17,-9,18,-9,19,-8,20,-7,21,-7,20,-7,19,-7,19,-6,20,-5,0,0,0,0,0,0,0,0,0,0,0,0,0,0,0,0,0,0,0,0,0,0,8,-2,7,-2,6,-2,6,-3,5,-3,5,-3,5,-3,5,-3,4,-3,4,-3,3,-3,3,-3,3,-3,2,-2,2,-2,2,-1,2,-1,2,-2,3,-2,3,-1,3,0,4,1,5,2,5,1,5,1,5,2]"
CSI_DATA,703,1a:00:00:00:00:00,-74,11,0,0,0,0,0,0,0,0,0,-91,0,1,0,137205823,0,31,0,128,0,"[0,0,-8,-2,-7,-3,-8,-3,-10,-2,-11,-3,-12,-3,-13,-3,-12,-4,-11,-4,-13,-2,-13,0,-13,1,-15,1,-16,3,-16,4,-16,5,-17,4,-18,5,-19,5,-19,6,-20,6,-22,6,-22,6,-23,5,-23,4,-24,3,0,0,0,0,0,0,0,0,0,0,0,0,0,0,0,0,0,0,0,0,0,0,-7,4,-7,4,-6,4,-6,4,-5,4,-4,4,-4,4,-5,4,-5,3,-5,3,-4,3,-3,2,-3,2,-3,1,-2,1,-2,1,-2,1,-3,1,-4,0,-4,-1,-5,-2,-5,-1,-5,0,-5,-1,-6,-1,-6,-2]"
CSI_DATA,704,1a:00:00:00:00:00,-73,11,0,0,0,0,0,0,0,0,0,-91,0,1,0,137407042,0,31,0,128,0,"[0,0,3,-8,3,-8,4,-9,5,-10,5,-12,4,-12,4,-11,3,-11,1,-13,1,-15,0,-15,-1,-15,-1,-17,-3,-18,-4,-19,-4,-20,-4,-22,-5,-24,-6,-23,-6,-19,-6,-20,-5,-25,0,-22,7,-22,8,-26,7,-24,0,0,0,0,0,0,0,0,0,0,0,0,0,0,0,0,0,0,0,0,0,0,-10,-3,-9,-3,-8,-2,-7,-2,-6,-1,-6,-1,-6,-1,-5,-1,-5,-1,-4,-1,-3,-1,-3,-1,-2,0,-2,-1,-1,-1,0,-2,0,-3,-1,-2,-1,-2,1,-3,2,-3,1,-2,1,-2,1,-4,0,-6,2,-6]"
CSI_DATA,705,1a:00:00:00:00:00,-75,11,0,0,0,0,0,0,0,0,0,-91,0,1,0,137611929,0,31,0,128,0,"[0,0,-12,-5,-13,-4,-14,-3,-14,-2,-14,-3,-15,-4,-16,-4,-17,-2,-16,0,-16,0,-15,1,-15,2,-16,4,-17,5,-18,5,-20,4,-21,2,-21,2,-17,1,-19,2,-25,6,-27,5,-29,1,-26,-1,-23,1,-26,3,0,0,0,0,0,0,0,0,0,0,0,0,0,0,0,0,0,0,0,0,0,0,2,8,1,7,1,5,1,4,2,4,2,3,1,2,1,1,0,0,0,0,0,0,0,1,-1,0,-1,-2,-2,-3,-2,-3,-2,-4,-3,-4,-4,-4,-7,-3,-8,-2,-8,-2,-7,-2,-7,-2,-8,-3,-10,-5]"
CSI_DATA,706,1a:00:00:00:00:00,-75,11,0,0,0,0,0,0,0,0,0,-91,0,1,0,137811429,0,31,0,128,0,"[0,0,-9,-7,-9,-7,-8,-7,-9,-9,-12,-10,-11,-9,-8,-8,-7,-7,-9,-6,-11,-4,-12,-2,-13,-1,-15,-1,-17,-2,-17,-1,-17,0,-19,-1,-20,-2,-20,0,-21,0,-23,-2,-23,-3,-22,-4,-23,-5,-24,-5,-24,-5,0,0,0,0,0,0,0,0,0,0,0,0,0,0,0,0,0,0,0,0,0,0,-1,7,-2,5,-2,4,-2,4,-1,4,-1,3,0,3,-1,3,0,1,0,0,-1,-1,-1,-1,-1,-2,-1,-2,-1,-3,-1,-3,-2,-5,-2,-5,-2,-4,-1,-3,-4,-3,-8,-4,-9,-6,-7,-7,-6,-8,-7,-9]"
CSI_DATA,707,1a:00:00:00:00:00,-73,11,0,0,0,0,0,0,0,0,0,-91,0,1,0,138011137,0,31,0,128,0,"[0,0,12,-3,14,0,14,1,13,-2,15,-2,14,-2,12,-6,12,-9,10,-8,8,-8,7,-10,8,-11,9,-14,9,-15,6,-14,5,-15,6,-17,6,-17,5,-16,4,-18,4,-18,7,-17,10,-16,10,-15,11,-17,12,-18,0,0,0,0,0,0,0,0,0,0,0,0,0,0,0,0,0,0,0,0,0,0,-6,-3,-5,-3,-4,-2,-4,-2,-2,-1,-2,-1,-1,0,-1,1,0,1,0,1,1,1,1,1,1,3,2,4,2,2,2,2,2,2,3,1,5,-1,6,-2,7,-2,7,-1,8,-3,11,-7,11,-5,9,-2]"
[0;32mI (138068) ftm_responder: Counter = 138[0m
CSI_DATA,708,1a:00:00:00:00:00,-73,11,0,0,0,0,0,0,0,0,0,-91,0,1,0,138216416,0,31,0,128,0,"[0,0,2,-20,1,-18,2,-14,4,-13,2,-13,1,-13,2,-11,3,-12,3,-14,1,-15,-1,-13,-2,-12,-3,-14,-4,-13,-1,-13,2,-16,3,-15,2,-14,2,-15,2,-17,2,-15,5,-14,9,-15,10,-18,10,-19,8,-17,0,0,0,0,0,0,0,0,0,0,0,0,0,0,0,0,0,0,0,0,0,0,-1,1,-2,0,-3,-1,-3,-2,-3,-3,-4,-4,-3,-5,-3,-7,-3,-7,-2,-7,-1,-7,-1,-8,-1,-9,-1,-10,-1,-11,0,-12,1,-12,0,-12,-1,-11,-1,-11,0,-12,-1,-11,0,-10,0,-11,0,-14,1,-14]"
CSI_DATA,709,1a:00:00:00:00:00,-72,11,0,0,0,0,0,0,0,0,0,-91,0,1,0,138412902,0,31,0,128,0,"[0,0,7,-12,7,-12,7,-13,6,-14,5,-13,5,-13,4,-13,4,-14,5,-13,4,-11,3,-12,2,-13,2,-12,1,-12,0,-12,-1,-12,-2,-13,-1,-14,-1,-14,-2,-15,-3,-14,-2,-14,-1,-14,0,-15,1,-16,1,-17,0,0,0,0,0,0,0,0,0,0,0,0,0,0,0,0,0,0,0,0,0,0,-4,-3,-4,-4,-3,-5,-2,-6,-1,-8,0,-9,0,-9,1,-10,2,-10,3,-10,4,-10,5,-10,5,-10,6,-10,5,-10,5,-10,6,-10,6,-11,5,-12,6,-12,6,-13,5,-14,5,-16,6,-16,6,-16,6,-15]"
CSI_DATA,710,1a:00:00:00:00:00,-72,11,0,0,0,0,0,0,0,0,0,-91,0,1,0,138614263,0,31,0,128,0,"[0,0,1,16,2,15,2,15,2,14,3,14,4,15,4,13,3,10,5,10,6,10,5,10,4,9,3,7,3,6,3,6,3,5,3,4,6,4,6,4,6,4,7,3,6,3,5,2,6,2,7,3,8,2,0,0,0,0,0,0,0,0,0,0,0,0,0,0,0,0,0,0,0,0,0,0,4,0,5,1,6,2,6,4,6,6,7,7,6,9,6,10,5,11,5,12,4,12,4,13,4,13,4,14,3,14,4,14,5,13,5,13,5,15,3,16,3,16,4,16,6,16,5,18,4,18,4,17]"
CSI_DATA,711,1a:00:00:00:00:00,-73,11,0,0,0,0,0,0,0,0,0,-91,0,1,0,138674935,0,42,0,128,0,"[0,0,7,-16,5,-18,5,-19,4,-19,4,-16,5,-13,4,-11,3,-11,3,-11,2,-10,1,-12,0,-13,-1,-12,0,-10,0,-8,-2,-7,-3,-7,-4,-6,-4,-6,-3,-7,-2,-8,-2,-8,-4,-8,-5,-6,-4,-6,-5,-9,0,0,0,0,0,0,0,0,0,0,0,0,0,0,0,0,0,0,0,0,0,0,-5,-3,-5,-4,-5,-6,-5,-7,-4,-9,-3,-10,-2,-12,-1,-13,0,-14,1,-14,1,-14,2,-14,3,-14,4,-15,4,-15,3,-15,3,-16,3,-17,3,-17,3,-17,4,-17,4,-18,4,-18,4,-17,4,-17,4,-16]"
CSI_DATA,712,1a:00:00:00:00:00,-73,11,0,0,0,0,0,0,0,0,0,-91,0,1,0,138741902,0,31,0,128,0,"[0,0,-6,15,-6,15,-5,14,-5,14,-4,12,-4,12,-3,11,-2,11,-2,9,-2,8,-1,7,-1,7,0,6,1,6,2,6,3,6,3,5,4,6,5,6,5,6,5,6,5,6,5,6,5,6,5,6,5,6,0,0,0,0,0,0,0,0,0,0,0,0,0,0,0,0,0,0,0,0,0,0,1,4,1,5,0,6,-1,6,-1,7,-2,8,-3,9,-4,10,-4,11,-5,11,-5,12,-6,12,-6,13,-6,13,-6,13,-6,14,-6,14,-6,14,-5,14,-6,14,-6,15,-6,15,-6,15,-6,16,-6,16,-6,16]"
CSI_DATA,713,1a:00:00:00:00:00,-71,11,0,0,0,0,0,0,0,0,0,-91,0,1,0,138943309,0,31,0,128,0,"[0,0,-6,16,-5,15,-4,13,-5,12,-5,12,-5,12,-4,11,-3,10,-1,10,-1,10,-1,9,-1,8,-1,8,-1,8,-1,7,1,7,2,7,1,5,-1,3,2,3,4,2,1,0,0,0,2,2,1,2,-4,1,0,0,0,0,0,0,0,0,0,0,0,0,0,0,0,0,0,0,0,0,0,0,2,3,2,4,2,6,2,7,2,8,1,10,0,11,-1,12,-1,12,-2,13,-3,13,-4,14,-4,14,-4,15,-4,15,-5,15,-5,15,-5,15,-4,16,-3,16,-3,16,-4,16,-4,17,-4,17,-5,16,-4,16]"
[0;32mI (139068) ftm_responder: Counter = 139[0m
CSI_DATA,714,1a:00:00:00:00:00,-72,11,0,0,0,0,0,0,0,0,0,-91,0,1,0,139141857,0,31,0,128,0,"[0,0,17,0,16,-2,17,-3,16,-3,15,-3,14,-3,12,-3,11,-3,11,-2,10,-2,9,-3,9,-3,9,-2,8,-3,7,-4,7,-4,6,-4,5,-4,5,-3,5,-3,4,-4,3,-4,2,-4,2,-4,2,-4,1,-4,0,0,0,0,0,0,0,0,0,0,0,0,0,0,0,0,0,0,0,0,0,0,3,-4,4,-5,6,-6,8,-6,9,-6,10,-6,12,-5,13,-5,14,-4,15,-4,15,-3,16,-2,16,-2,16,-3,16,-3,17,-3,17,-4,16,-4,16,-4,16,-3,17,-4,18,-5,19,-5,18,-3,18,-2,19,-2]"
CSI_DATA,715,1a:00:00:00:00:00,-72,11,0,0,0,0,0,0,0,0,0,-91,0,1,0,139343672,0,31,0,128,0,"[0,0,6,10,7,12,7,15,7,16,5,13,6,10,8,9,8,8,7,6,8,6,7,6,6,6,4,5,3,5,3,5,3,4,4,2,5,0,5,-1,5,-1,4,-3,4,-4,6,-3,5,-2,4,-2,5,-1,0,0,0,0,0,0,0,0,0,0,0,0,0,0,0,0,0,0,0,0,0,0,2,3,2,4,2,6,2,7,3,9,3,11,2,12,2,12,3,13,2,13,1,14,0,15,1,14,2,14,1,15,1,15,1,14,2,14,3,14,5,14,3,15,2,14,4,14,6,16,8,19,7,18]"
CSI_DATA,716,1a:00:00:00:00:00,-73,11,0,0,0,0,0,0,0,0,0,-91,0,1,0,139544189,0,31,0,128,0,"[0,0,-9,-17,-10,-16,-10,-13,-8,-12,-9,-7,-13,1,-14,1,-12,-4,-11,-8,-7,-9,-6,-5,-8,-3,-8,-2,-6,0,-4,0,-4,3,-6,6,-4,5,-2,4,-2,4,-1,2,4,-2,8,-3,10,1,7,4,1,3,0,0,0,0,0,0,0,0,0,0,0,0,0,0,0,0,0,0,0,0,0,0,0,-3,1,-4,2,-5,2,-6,3,-8,5,-8,7,-10,7,-10,6,-11,6,-12,7,-13,6,-12,4,-13,4,-15,3,-16,2,-15,0,-14,-4,-14,-3,-16,-1,-16,-4,-15,-9,-15,-11,-16,-10,-16,-8,-16,-6,-13]"
CSI_DATA,717,1a:00:00:00:00:00,-74,11,0,0,0,0,0,0,0,0,0,-91,0,1,0,139745560,0,31,0,128,0,"[0,0,-11,14,-12,12,-11,11,-11,10,-12,10,-9,9,-5,9,-5,8,-6,9,-5,9,-5,8,-5,7,-4,6,-2,7,-2,9,-1,8,-1,6,0,7,2,6,2,5,1,5,0,6,-1,8,0,7,1,5,1,8,0,0,0,0,0,0,0,0,0,0,0,0,0,0,0,0,0,0,0,0,0,0,1,2,1,2,1,4,0,6,-1,8,-2,9,-3,10,-4,10,-5,11,-7,12,-7,13,-8,12,-10,12,-11,13,-10,14,-10,13,-9,13,-9,13,-10,14,-11,14,-12,15,-10,17,-8,17,-10,16,-10,17,-11,17]"
CSI_DATA,718,1a:00:00:00:00:00,-74,11,0,0,0,0,0,0,0,0,0,-91,0,1,0,139845057,0,28,0,128,0,"[0,0,-13,-9,-14,-9,-13,-8,-11,-7,-12,-6,-12,-6,-10,-6,-11,-5,-10,-4,-8,0,-9,2,-10,0,-10,-1,-10,-1,-9,1,-7,4,-6,4,-5,4,-4,6,-6,5,-7,6,-7,7,-6,5,-3,5,-3,8,-4,7,0,0,0,0,0,0,0,0,0,0,0,0,0,0,0,0,0,0,0,0,0,0,-3,1,-4,0,-5,-1,-6,-2,-7,-3,-8,-4,-9,-6,-9,-7,-9,-8,-9,-8,-9,-9,-10,-9,-11,-10,-11,-10,-11,-11,-10,-11,-11,-11,-12,-10,-12,-10,-13,-10,-13,-10,-13,-9,-14,-8,-14,-8,-15,-9,-15,-9]"
CSI_DATA,719,1a:00:00:00:00:00,-74,11,0,0,0,0,0,0,0,0,0,-91,0,1,0,139946637,0,31,0,128,0,"[0,0,-6,-13,-7,-13,-6,-13,-5,-14,-6,-14,-7,-12,-7,-10,-8,-9,-8,-9,-7,-9,-8,-8,-8,-7,-8,-6,-8,-5,-8,-4,-8,-3,-8,-3,-7,-3,-7,-3,-7,-3,-7,-3,-8,-3,-10,-2,-11,-2,-9,-3,-7,-4,0,0,0,0,0,0,0,0,0,0,0,0,0,0,0,0,0,0,0,0,0,0,-3,3,-4,1,-5,-1,-6,-2,-7,-4,-7,-6,-7,-7,-7,-8,-7,-9,-7,-10,-7,-11,-7,-12,-7,-13,-6,-13,-4,-12,-5,-12,-7,-13,-7,-15,-9,-14,-9,-13,-7,-14,-8,-14,-8,-16,-7,-15,-8,-14,-7,-14]"
[0;32mI (140068) ftm_responder: Counter = 140[0m
CSI_DATA,720,1a:00:00:00:00:00,-76,11,0,0,0,0,0,0,0,0,0,-91,0,1,0,140147901,0,31,0,128,0,"[0,0,-17,-6,-17,-7,-14,-7,-13,-8,-13,-7,-11,-5,-11,-6,-11,-6,-10,-4,-9,-4,-9,-5,-9,-4,-9,-2,-7,-1,-6,0,-6,1,-5,2,-6,3,-7,2,-7,2,-7,3,-8,4,-8,5,-8,5,-10,5,-9,4,0,0,0,0,0,0,0,0,0,0,0,0,0,0,0,0,0,0,0,0,0,0,1,0,0,0,-2,0,-3,0,-5,-1,-6,-1,-7,-1,-8,-2,-9,-3,-9,-5,-10,-5,-10,-5,-10,-4,-11,-5,-11,-7,-11,-9,-11,-8,-13,-6,-13,-5,-12,-6,-12,-8,-13,-9,-13,-8,-14,-7,-14,-6,-13,-7]"
CSI_DATA,721,1a:00:00:00:00:00,-75,11,0,0,0,0,0,0,0,0,0,-91,0,1,0,140209602,0,42,0,128,0,"[0,0,-17,-9,-18,-7,-16,-5,-14,-6,-13,-7,-11,-6,-9,-3,-11,-1,-15,-3,-16,-5,-14,-4,-10,-2,-7,-3,-6,-3,-7,0,-8,1,-9,1,-9,2,-7,3,-7,4,-8,3,-7,0,-9,-1,-11,-1,-10,0,-8,-1,0,0,0,0,0,0,0,0,0,0,0,0,0,0,0,0,0,0,0,0,0,0,0,1,-1,1,-3,1,-4,1,-6,1,-7,0,-8,-1,-9,-2,-10,-3,-11,-4,-11,-4,-11,-4,-11,-4,-11,-4,-12,-4,-11,-5,-12,-5,-13,-5,-15,-6,-15,-6,-15,-7,-14,-8,-14,-6,-15,-5,-16,-6,-15,-7]"
CSI_DATA,722,1a:00:00:00:00:00,-72,11,0,0,0,0,0,0,0,0,0,-91,0,1,0,140278308,0,31,0,128,0,"[0,0,-4,11,-3,15,-3,16,-3,15,-3,14,-3,14,-2,12,-2,11,-2,11,-2,11,-1,11,-2,12,-2,12,-2,11,-1,11,0,11,0,11,0,11,0,11,1,11,1,10,0,10,-1,10,-2,10,-1,9,0,10,0,0,0,0,0,0,0,0,0,0,0,0,0,0,0,0,0,0,0,0,0,0,2,-1,3,0,3,2,4,4,4,6,4,7,3,8,2,8,1,9,1,10,0,11,1,12,1,12,0,12,-1,12,-1,12,-2,13,-2,14,-1,14,-1,14,-2,14,-2,15,-2,15,-2,15,-1,17,0,18]"
CSI_DATA,723,1a:00:00:00:00:00,-73,11,0,0,0,0,0,0,0,0,0,-91,0,1,0,140477416,0,31,0,128,0,"[0,0,-15,-3,-16,-3,-17,-4,-16,-3,-16,-1,-15,0,-15,0,-14,0,-12,-1,-11,0,-10,0,-11,-1,-11,0,-11,2,-12,1,-11,0,-11,0,-10,1,-9,4,-8,3,-9,-1,-11,-1,-10,-1,-1,-1,3,-1,-1,-3,0,0,0,0,0,0,0,0,0,0,0,0,0,0,0,0,0,0,0,0,0,0,-4,1,-4,1,-6,1,-7,1,-9,0,-10,0,-10,0,-11,-1,-12,-2,-13,-3,-14,-3,-13,-3,-14,-3,-14,-3,-14,-4,-14,-4,-14,-4,-14,-3,-14,-2,-15,-1,-14,-1,-15,-1,-16,-1,-16,-1,-15,-1,-16,-2]"
CSI_DATA,724,1a:00:00:00:00:00,-72,11,0,0,0,0,0,0,0,0,0,-91,0,1,0,140681101,0,31,0,128,0,"[0,0,-14,9,-15,9,-16,9,-15,9,-14,9,-14,9,-14,9,-15,9,-14,9,-13,9,-12,8,-12,8,-11,8,-10,7,-10,6,-12,6,-12,5,-10,3,-7,3,-8,3,-11,3,-9,2,-4,1,-2,-1,-1,-2,-1,-2,0,0,0,0,0,0,0,0,0,0,0,0,0,0,0,0,0,0,0,0,0,0,-4,1,-4,1,-5,3,-6,4,-7,4,-8,4,-9,5,-10,5,-11,5,-11,5,-12,5,-12,5,-12,5,-12,6,-13,6,-14,5,-14,6,-13,6,-13,6,-14,7,-14,7,-13,8,-13,9,-14,9,-15,10,-15,10]"
CSI_DATA,725,1a:00:00:00:00:00,-72,11,0,0,0,0,0,0,0,0,0,-91,0,1,0,140687557,0,31,0,128,0,"[0,0,13,8,13,7,14,7,16,7,16,6,16,6,15,7,13,7,11,7,11,9,12,8,11,7,10,7,10,6,10,5,10,5,10,5,8,5,7,4,7,4,6,4,5,4,4,3,4,3,5,3,6,1,0,0,0,0,0,0,0,0,0,0,0,0,0,0,0,0,0,0,0,0,0,0,2,2,3,1,4,1,5,2,6,2,7,3,8,4,8,5,9,5,9,5,10,5,10,6,10,7,10,7,10,7,11,7,11,7,11,7,12,7,11,6,12,6,13,6,15,5,16,6,14,6,13,6]"
CSI_DATA,726,1a:00:00:00:00:00,-71,11,0,0,0,0,0,0,0,0,0,-91,0,1,0,140879990,0,31,0,128,0,"[0,0,-22,-7,-19,-8,-19,-10,-22,-9,-24,-7,-20,-6,-15,-6,-15,-7,-16,-8,-15,-6,-15,-4,-14,-4,-13,-4,-14,-4,-14,-5,-12,-5,-13,-3,-14,-2,-13,-4,-12,-3,-11,-2,-11,-2,-11,-2,-11,-2,-12,-2,-12,-3,0,0,0,0,0,0,0,0,0,0,0,0,0,0,0,0,0,0,0,0,0,0,-3,-2,-4,-1,-5,0,-6,0,-7,-1,-8,-1,-9,-1,-10,-2,-11,-3,-12,-3,-13,-2,-14,-2,-15,-3,-15,-3,-15,-4,-14,-3,-14,-4,-15,-4,-16,-5,-17,-4,-17,-2,-17,-2,-17,-4,-18,-5,-21,-6,-22,-7]"
CSI_DATA,727,1a:00:00:00:00:00,-72,11,0,0,0,0,0,0,0,0,0,-91,0,1,0,140880911,0,31,0,128,0,"[0,0,11,-11,12,-11,14,-12,14,-12,14,-11,13,-11,11,-11,10,-11,9,-11,8,-9,7,-9,7,-9,8,-10,8,-9,8,-9,8,-9,7,-8,7,-8,7,-8,7,-7,6,-7,5,-7,4,-7,5,-7,5,-7,5,-6,0,0,0,0,0,0,0,0,0,0,0,0,0,0,0,0,0,0,0,0,0,0,1,-2,1,-3,1,-4,1,-5,1,-6,1,-7,2,-7,3,-8,4,-8,4,-9,5,-9,5,-9,5,-10,5,-10,6,-10,6,-10,6,-11,7,-12,7,-12,7,-12,7,-13,7,-13,7,-12,8,-12,8,-12,8,-14]"
[0;32mI (141068) ftm_responder: Counter = 141[0m
CSI_DATA,728,1a:00:00:00:00:00,-69,11,0,0,0,0,0,0,0,0,0,-91,0,1,0,141081569,0,31,0,128,0,"[0,0,11,13,13,12,13,11,11,11,8,11,6,12,8,10,10,9,10,11,9,10,9,9,9,9,9,9,7,8,6,7,6,7,8,8,8,9,8,8,7,7,6,6,6,5,5,4,4,4,4,5,4,6,0,0,0,0,0,0,0,0,0,0,0,0,0,0,0,0,0,0,0,0,0,0,4,1,5,2,6,3,6,3,7,3,8,5,8,6,8,6,8,7,9,8,9,8,9,8,9,8,9,8,9,8,9,8,10,9,11,9,12,10,11,10,10,11,9,11,11,10,13,10,14,11,14,12]"
CSI_DATA,729,1a:00:00:00:00:00,-68,11,0,0,0,0,0,0,0,0,0,-91,0,1,0,141282350,0,31,0,128,0,"[0,0,-19,-5,-17,-5,-16,-4,-17,-4,-16,-4,-16,-4,-14,-5,-12,-4,-12,-2,-13,-2,-13,-2,-12,-2,-11,-3,-12,-2,-13,-2,-12,-1,-11,-2,-10,-1,-10,0,-10,-2,-9,-3,-9,-2,-8,0,-7,1,-8,-1,-10,-1,0,0,0,0,0,0,0,0,0,0,0,0,0,0,0,0,0,0,0,0,0,0,-6,-2,-7,-1,-8,-1,-8,-1,-9,-1,-10,-2,-11,-2,-11,-3,-12,-3,-12,-4,-12,-4,-12,-4,-12,-4,-13,-4,-13,-4,-13,-4,-13,-3,-14,-3,-15,-3,-15,-3,-15,-4,-16,-3,-17,-2,-17,-2,-17,-2,-17,-3]"
CSI_DATA,730,1a:00:00:00:00:00,-69,11,0,0,0,0,0,0,0,0,0,-91,0,1,0,141483434,0,31,0,128,0,"[0,0,-13,15,-12,14,-11,13,-11,13,-12,12,-11,11,-11,10,-11,10,-9,11,-9,11,-8,10,-8,9,-8,9,-8,9,-7,9,-7,9,-7,9,-8,9,-8,8,-8,7,-8,5,-7,6,-6,6,-6,6,-7,6,-6,7,0,0,0,0,0,0,0,0,0,0,0,0,0,0,0,0,0,0,0,0,0,0,-2,6,-2,7,-2,8,-2,8,-2,9,-3,11,-3,11,-6,11,-7,11,-6,11,-5,11,-7,11,-7,11,-8,12,-8,12,-8,12,-8,13,-7,13,-8,13,-7,13,-7,12,-8,15,-9,16,-9,15,-8,15,-8,15]"
CSI_DATA,731,1a:00:00:00:00:00,-67,11,0,0,0,0,0,0,0,0,0,-91,0,1,0,141684576,0,31,0,128,0,"[0,0,15,5,15,6,14,6,13,6,13,5,13,5,12,4,11,4,11,3,12,3,11,3,11,3,11,3,10,2,10,1,10,2,9,1,7,1,7,1,8,2,8,2,7,2,7,2,7,2,7,1,6,0,0,0,0,0,0,0,0,0,0,0,0,0,0,0,0,0,0,0,0,0,0,0,6,0,6,-1,7,-1,8,-1,9,0,10,1,10,1,11,1,11,2,12,3,11,3,11,3,12,3,12,3,12,3,12,3,12,4,12,3,13,3,13,2,14,3,15,3,16,3,16,3,15,3,14,3]"
CSI_DATA,732,1a:00:00:00:00:00,-69,11,0,0,0,0,0,0,0,0,0,-91,0,1,0,141746195,0,42,0,128,0,"[0,0,17,-6,17,-6,16,-6,16,-7,17,-6,17,-6,15,-6,15,-5,15,-4,14,-5,13,-5,12,-4,11,-5,11,-5,11,-4,11,-5,10,-5,9,-4,8,-4,8,-5,9,-4,9,-4,8,-3,8,-3,8,-3,8,-4,0,0,0,0,0,0,0,0,0,0,0,0,0,0,0,0,0,0,0,0,0,0,6,-4,6,-4,7,-5,8,-5,9,-6,10,-6,11,-5,11,-4,12,-4,12,-4,13,-4,14,-4,14,-4,14,-3,14,-3,14,-4,14,-4,14,-5,15,-5,16,-5,15,-6,14,-5,14,-5,15,-6,15,-7,16,-6]"
CSI_DATA,733,1a:00:00:00:00:00,-67,11,0,0,0,0,0,0,0,0,0,-91,0,1,0,141814499,0,31,0,128,0,"[0,0,-3,16,-4,17,-4,16,-4,16,-3,16,-3,15,-3,14,-3,14,-2,13,-2,13,-2,13,-3,12,-2,11,-1,11,0,11,0,10,-1,10,-2,10,-3,9,-2,8,-2,9,-3,10,-2,9,-2,9,-2,7,1,5,0,0,0,0,0,0,0,0,0,0,0,0,0,0,0,0,0,0,0,0,0,0,0,6,0,7,1,8,1,9,0,10,0,11,-1,12,-1,13,-2,13,-3,13,-3,13,-3,12,-2,12,-2,13,-3,13,-3,13,-3,13,-3,13,-3,14,-3,14,-1,15,0,15,-1,15,-2,16,-1,16,0,17]"
CSI_DATA,734,1a:00:00:00:00:00,-68,11,0,0,0,0,0,0,0,0,0,-91,0,1,0,142019329,0,31,0,128,0,"[0,0,-10,13,-10,13,-11,13,-11,12,-10,11,-10,11,-10,11,-10,11,-9,10,-7,9,-6,10,-5,11,-5,10,-5,10,-5,10,-6,10,-5,9,-5,9,-5,9,-5,8,-4,8,-4,7,-4,6,-4,6,-4,6,-3,6,0,0,0,0,0,0,0,0,0,0,0,0,0,0,0,0,0,0,0,0,0,0,-4,5,-4,6,-5,7,-6,7,-7,8,-7,8,-8,9,-9,9,-10,9,-10,9,-10,9,-11,9,-11,9,-11,9,-11,9,-10,10,-10,11,-11,11,-10,11,-10,11,-10,12,-9,12,-9,14,-9,15,-10,15,-10,13]"
[0;32mI (142068) ftm_responder: Counter = 142[0m
CSI_DATA,735,1a:00:00:00:00:00,-68,11,0,0,0,0,0,0,0,0,0,-91,0,1,0,142213788,0,31,0,128,0,"[0,0,-16,6,-15,6,-14,7,-14,8,-14,8,-14,7,-13,7,-12,8,-12,8,-11,7,-9,7,-8,7,-8,6,-7,4,-8,5,-8,5,-9,5,-10,4,-9,5,-8,4,-8,2,-8,3,-8,3,-7,2,-6,1,-6,2,0,0,0,0,0,0,0,0,0,0,0,0,0,0,0,0,0,0,0,0,0,0,-6,5,-6,5,-6,6,-7,7,-8,7,-9,7,-11,7,-12,7,-12,7,-13,7,-13,6,-13,6,-13,6,-14,6,-14,6,-14,6,-14,6,-14,8,-14,8,-14,9,-14,9,-14,10,-15,10,-15,8,-14,9,-14,10]"
CSI_DATA,736,1a:00:00:00:00:00,-69,11,0,0,0,0,0,0,0,0,0,-91,0,1,0,142417477,0,31,0,128,0,"[0,0,9,16,9,16,8,14,8,11,8,11,7,11,5,10,5,10,6,10,5,8,5,8,5,8,6,7,6,6,6,6,5,5,5,6,6,6,5,5,4,5,4,5,4,4,4,3,4,3,5,3,5,3,0,0,0,0,0,0,0,0,0,0,0,0,0,0,0,0,0,0,0,0,0,0,4,4,4,4,5,5,5,6,6,7,6,7,6,9,6,9,6,10,6,11,7,11,7,11,7,11,6,11,6,12,7,12,7,11,7,11,7,11,8,11,9,10,10,9,10,9,10,13,10,15,9,14]"
CSI_DATA,737,1a:00:00:00:00:00,-68,11,0,0,0,0,0,0,0,0,0,-91,0,1,0,142616111,0,31,0,128,0,"[0,0,8,11,9,12,10,12,9,12,6,12,6,13,8,14,8,14,8,13,9,11,9,9,7,8,6,9,6,11,5,10,6,8,6,8,4,7,4,7,4,7,3,7,4,6,6,4,6,4,6,4,6,4,0,0,0,0,0,0,0,0,0,0,0,0,0,0,0,0,0,0,0,0,0,0,6,3,7,4,7,4,8,5,9,6,9,7,10,8,10,9,10,10,10,10,10,11,10,11,9,11,10,11,10,10,10,11,11,12,10,12,11,13,11,13,12,11,13,11,12,13,10,15,11,15,13,14]"
CSI_DATA,738,1a:00:00:00:00:00,-68,11,0,0,0,0,0,0,0,0,0,-91,0,1,0,142817497,0,31,0,128,0,"[0,0,6,15,6,14,6,12,7,12,6,12,5,11,5,11,6,11,6,11,5,9,3,9,3,10,4,8,5,6,6,5,5,6,4,7,4,7,4,6,4,5,3,4,3,3,2,4,3,4,4,5,4,5,0,0,0,0,0,0,0,0,0,0,0,0,0,0,0,0,0,0,0,0,0,0,5,4,5,4,7,4,7,4,8,5,8,6,8,7,8,8,7,8,7,9,7,10,6,11,6,10,8,11,9,12,8,11,7,11,8,10,9,10,8,10,7,10,8,10,9,10,9,11,9,12,10,13]"
CSI_DATA,739,1a:00:00:00:00:00,-69,11,0,0,0,0,0,0,0,0,0,-91,0,1,0,143018655,0,31,0,128,0,"[0,0,-8,-16,-9,-15,-7,-14,-5,-14,-5,-13,-6,-12,-6,-13,-7,-13,-7,-12,-6,-11,-6,-11,-6,-11,-6,-11,-6,-10,-5,-9,-5,-10,-4,-9,-2,-8,-3,-8,-4,-7,-5,-6,-4,-6,-3,-6,-2,-6,-2,-7,-3,-6,0,0,0,0,0,0,0,0,0,0,0,0,0,0,0,0,0,0,0,0,0,0,-7,-5,-7,-5,-8,-6,-8,-7,-9,-8,-9,-9,-9,-10,-9,-11,-9,-12,-9,-12,-9,-12,-9,-12,-8,-12,-8,-13,-7,-13,-8,-13,-9,-14,-10,-15,-10,-14,-11,-15,-12,-15,-11,-14,-10,-14,-11,-14,-11,-15,-11,-16]"
[0;32mI (143068) ftm_responder: Counter = 143[0m
CSI_DATA,740,1a:00:00:00:00:00,-69,11,0,0,0,0,0,0,0,0,0,-91,0,1,0,143219800,0,31,0,128,0,"[0,0,12,14,11,13,10,12,11,12,11,12,10,11,10,11,10,10,9,9,9,8,8,8,8,7,8,6,8,6,8,6,8,6,7,6,6,6,6,5,5,4,4,4,5,3,5,3,4,3,4,3,4,3,0,0,0,0,0,0,0,0,0,0,0,0,0,0,0,0,0,0,0,0,0,0,6,4,6,4,7,5,7,6,8,7,9,8,9,9,9,9,10,10,10,10,9,10,9,11,10,12,10,12,10,11,9,11,10,10,10,10,10,10,11,10,12,10,11,10,12,11,12,12,13,12,13,13]"
CSI_DATA,741,1a:00:00:00:00:00,-69,11,0,0,0,0,0,0,0,0,0,-91,0,1,0,143280561,0,42,0,128,0,"[0,0,-18,4,-16,4,-15,2,-14,3,-14,4,-13,3,-12,3,-12,3,-12,3,-11,3,-12,3,-12,3,-11,4,-9,4,-8,3,-9,3,-11,4,-12,3,-9,1,-6,1,-6,0,-6,0,-5,1,-5,1,-4,2,-3,2,0,0,0,0,0,0,0,0,0,0,0,0,0,0,0,0,0,0,0,0,0,0,-6,2,-7,2,-8,3,-8,3,-9,3,-11,3,-11,3,-12,3,-13,3,-13,2,-13,2,-13,1,-12,1,-13,1,-13,2,-14,2,-14,3,-15,4,-15,4,-14,4,-15,5,-15,5,-15,4,-16,4,-16,4,-16,5]"
CSI_DATA,742,1a:00:00:00:00:00,-69,11,0,0,0,0,0,0,0,0,0,-91,0,1,0,143349975,0,31,0,128,0,"[0,0,-13,9,-13,8,-13,8,-12,8,-12,9,-11,8,-11,8,-10,8,-10,7,-10,6,-10,6,-8,6,-7,6,-7,6,-7,5,-7,5,-6,5,-6,5,-6,4,-6,4,-5,4,-5,4,-5,3,-4,3,-4,3,-4,3,0,0,0,0,0,0,0,0,0,0,0,0,0,0,0,0,0,0,0,0,0,0,-5,5,-5,5,-6,6,-6,6,-7,7,-8,7,-9,7,-9,8,-10,8,-11,7,-12,7,-12,7,-12,7,-11,7,-12,8,-11,7,-11,7,-12,8,-13,9,-12,9,-11,9,-11,9,-12,9,-13,9,-12,9,-12,9]"
CSI_DATA,743,1a:00:00:00:00:00,-69,11,0,0,0,0,0,0,0,0,0,-91,0,1,0,143551210,0,31,0,128,0,"[0,0,11,-12,11,-12,11,-11,11,-10,10,-10,9,-10,9,-10,8,-9,8,-8,8,-7,8,-7,7,-8,7,-8,7,-7,7,-6,7,-6,6,-7,7,-5,7,-5,4,-5,1,-5,0,-5,0,-3,0,-1,2,-2,4,-6,0,0,0,0,0,0,0,0,0,0,0,0,0,0,0,0,0,0,0,0,0,0,1,-7,2,-7,2,-8,2,-9,2,-10,3,-11,4,-11,6,-11,6,-11,7,-12,7,-11,8,-11,8,-11,8,-12,8,-12,8,-11,8,-11,7,-12,7,-13,8,-13,9,-14,9,-14,9,-13,9,-12,11,-12,10,-13]"
CSI_DATA,744,1a:00:00:00:00:00,-69,11,0,0,0,0,0,0,0,0,0,-91,0,1,0,143751221,0,31,0,128,0,"[0,0,15,9,15,8,15,9,15,10,13,9,12,8,11,7,11,7,10,8,9,8,9,7,8,5,8,5,9,5,9,5,8,5,7,5,7,6,7,7,7,6,6,7,5,9,7,5,6,0,6,-1,10,0,0,0,0,0,0,0,0,0,0,0,0,0,0,0,0,0,0,0,0,0,0,0,7,2,7,2,8,3,9,3,9,3,11,4,11,5,11,5,11,6,12,7,11,8,11,8,11,8,12,8,12,8,12,8,12,9,13,8,13,7,14,7,13,6,13,6,13,8,13,9,14,9,15,9]"
CSI_DATA,745,1a:00:00:00:00:00,-69,11,0,0,0,0,0,0,0,0,0,-91,0,1,0,143952683,0,31,0,128,0,"[0,0,-12,12,-12,12,-13,10,-12,6,-11,5,-11,6,-11,7,-10,8,-9,9,-9,9,-9,6,-9,6,-8,8,-7,9,-7,8,-6,7,-6,7,-7,7,-6,6,-6,5,-7,6,-7,6,-6,4,-5,1,-4,1,-4,3,0,0,0,0,0,0,0,0,0,0,0,0,0,0,0,0,0,0,0,0,0,0,-4,5,-5,6,-5,7,-6,7,-6,8,-7,8,-8,9,-9,9,-9,9,-10,9,-10,9,-10,9,-10,9,-11,9,-11,8,-11,9,-11,9,-10,10,-11,11,-11,11,-11,10,-12,10,-12,12,-12,13,-12,14,-12,15]"
[0;32mI (144068) ftm_responder: Counter = 144[0m
CSI_DATA,746,1a:00:00:00:00:00,-69,11,0,0,0,0,0,0,0,0,0,-91,0,1,0,144153745,0,31,0,128,0,"[0,0,-1,16,-2,15,-1,14,-1,15,-1,17,-1,17,0,15,1,13,0,11,-1,11,0,12,1,11,1,10,-1,10,-1,10,-1,9,0,8,2,8,2,9,0,9,0,7,1,6,0,5,0,4,1,2,3,1,0,0,0,0,0,0,0,0,0,0,0,0,0,0,0,0,0,0,0,0,0,0,1,6,1,7,2,8,3,10,2,10,2,11,2,12,2,13,2,14,1,14,0,14,0,15,0,15,0,14,0,14,0,14,0,14,0,14,0,15,0,16,2,18,3,18,2,17,1,16,1,17,1,18]"
CSI_DATA,747,1a:00:00:00:00:00,-70,11,0,0,0,0,0,0,0,0,0,-91,0,1,0,144355898,0,31,0,128,0,"[0,0,-2,16,-3,14,-6,14,-6,15,-4,17,-4,16,-4,15,-4,14,-3,12,-4,10,-3,8,-1,7,-1,8,-2,9,-3,10,-2,8,-2,7,-2,6,-1,7,-2,6,-2,3,-1,3,0,5,0,4,0,5,-1,4,0,0,0,0,0,0,0,0,0,0,0,0,0,0,0,0,0,0,0,0,0,0,0,6,0,7,0,8,0,9,0,9,-1,10,-1,11,-1,11,-2,11,-2,12,-3,13,-2,15,-2,14,-4,13,-5,13,-4,14,-4,14,-3,14,-3,13,-3,14,-1,16,2,18,2,16,0,14,-2,15,-2,17]"
CSI_DATA,748,1a:00:00:00:00:00,-70,11,0,0,0,0,0,0,0,0,0,-91,0,1,0,144555991,0,31,0,128,0,"[0,0,0,15,0,15,0,14,-1,14,-1,14,-1,13,-1,13,-1,13,-1,12,-1,11,0,10,0,11,0,10,0,9,1,8,1,8,1,8,0,8,0,6,0,6,0,6,-1,6,-1,5,-1,4,-1,4,-1,5,0,0,0,0,0,0,0,0,0,0,0,0,0,0,0,0,0,0,0,0,0,0,1,6,1,7,1,7,1,8,1,9,1,10,0,11,0,11,-1,12,-1,12,-2,13,-2,13,-1,13,-1,13,-2,13,-2,13,-1,14,0,14,0,14,1,15,1,15,0,15,0,15,1,14,1,14,1,14]"
CSI_DATA,749,1a:00:00:00:00:00,-70,11,0,0,0,0,0,0,0,0,0,-91,0,1,0,144757158,0,31,0,128,0,"[0,0,8,13,8,12,8,13,7,13,6,13,6,13,7,12,7,11,6,10,7,10,7,8,8,8,8,7,7,6,6,6,6,7,5,7,4,6,4,5,6,4,7,5,7,5,5,5,3,5,3,8,4,9,0,0,0,0,0,0,0,0,0,0,0,0,0,0,0,0,0,0,0,0,0,0,5,5,6,5,6,6,6,6,7,7,8,8,7,9,7,10,7,11,7,12,6,12,6,12,6,12,6,12,7,12,7,11,8,12,8,12,9,13,9,13,10,13,10,12,10,13,9,15,9,15,10,14]"
CSI_DATA,750,1a:00:00:00:00:00,-70,11,0,0,0,0,0,0,0,0,0,-91,0,1,0,144817922,0,42,0,128,0,"[0,0,-5,-16,-5,-16,-5,-15,-4,-15,-4,-15,-5,-15,-4,-14,-4,-14,-4,-13,-4,-12,-4,-11,-5,-11,-5,-10,-5,-10,-5,-10,-4,-10,-4,-9,-4,-9,-4,-9,-4,-8,-3,-8,-3,-8,-2,-8,-2,-7,-2,-7,-3,-6,0,0,0,0,0,0,0,0,0,0,0,0,0,0,0,0,0,0,0,0,0,0,-4,-6,-5,-7,-5,-8,-6,-9,-6,-9,-6,-10,-6,-11,-5,-12,-5,-12,-5,-13,-5,-14,-4,-14,-4,-14,-4,-14,-4,-14,-5,-15,-5,-14,-5,-14,-6,-15,-6,-15,-6,-15,-6,-15,-7,-16,-7,-16,-6,-16,-6,-16]"
CSI_DATA,751,1a:00:00:00:00:00,-70,11,0,0,0,0,0,0,0,0,0,-91,0,1,0,144889734,0,31,0,128,0,"[0,0,17,6,15,6,13,8,11,10,10,9,11,6,11,6,11,7,12,6,12,5,12,5,12,5,11,4,9,3,9,3,9,3,8,3,7,4,6,4,6,5,7,4,7,3,6,3,6,3,5,3,5,3,0,0,0,0,0,0,0,0,0,0,0,0,0,0,0,0,0,0,0,0,0,0,6,2,7,2,8,2,9,3,10,3,11,4,11,5,11,6,11,6,11,7,11,7,11,7,11,7,11,8,12,9,12,8,12,8,13,7,13,6,14,7,15,8,15,8,14,8,15,7,15,6,15,7]"
[0;32mI (145068) ftm_responder: Counter = 145[0m
CSI_DATA,752,1a:00:00:00:00:00,-69,11,0,0,0,0,0,0,0,0,0,-91,0,1,0,145087519,0,31,0,128,0,"[0,0,-14,-7,-15,-7,-15,-7,-13,-6,-11,-6,-11,-6,-11,-7,-11,-6,-10,-5,-10,-6,-10,-6,-10,-5,-9,-5,-9,-5,-9,-4,-10,-3,-9,-2,-9,-3,-9,-3,-9,-2,-7,-2,-5,-4,-6,-4,-6,-3,-6,-4,-5,-4,0,0,0,0,0,0,0,0,0,0,0,0,0,0,0,0,0,0,0,0,0,0,-8,-2,-8,-2,-8,-2,-9,-3,-10,-3,-10,-4,-11,-5,-11,-5,-12,-6,-12,-6,-12,-7,-12,-6,-10,-6,-10,-6,-11,-6,-12,-6,-13,-6,-13,-6,-13,-6,-12,-6,-13,-6,-15,-7,-14,-7,-14,-6,-14,-5,-14,-6]"
CSI_DATA,753,1a:00:00:00:00:00,-69,11,0,0,0,0,0,0,0,0,0,-91,0,1,0,145292175,0,31,0,128,0,"[0,0,-10,13,-10,12,-8,11,-9,11,-9,11,-8,11,-8,11,-8,10,-8,9,-7,9,-6,9,-6,9,-6,9,-6,9,-5,8,-3,8,-3,8,-4,5,-7,4,-7,4,-4,5,-5,5,-6,2,-6,1,-5,2,-4,5,0,0,0,0,0,0,0,0,0,0,0,0,0,0,0,0,0,0,0,0,0,0,-3,6,-3,7,-3,8,-3,9,-5,9,-5,10,-5,10,-6,11,-7,11,-7,10,-8,10,-8,10,-7,11,-8,11,-9,11,-9,11,-8,11,-8,11,-8,10,-8,11,-7,12,-8,13,-8,13,-8,12,-9,13,-9,14]"
CSI_DATA,754,1a:00:00:00:00:00,-70,11,0,0,0,0,0,0,0,0,0,-91,0,1,0,145493172,0,31,0,128,0,"[0,0,15,6,15,6,15,5,14,5,13,5,12,5,12,5,11,4,10,4,10,3,10,3,10,4,10,3,10,2,11,1,12,1,10,0,9,1,8,5,6,5,6,4,9,4,9,2,6,1,6,1,6,-1,0,0,0,0,0,0,0,0,0,0,0,0,0,0,0,0,0,0,0,0,0,0,8,0,8,0,9,0,10,1,11,1,12,2,13,3,13,3,13,4,13,4,13,5,13,5,13,6,13,6,13,6,13,5,13,5,14,5,14,5,14,4,14,3,15,4,16,4,17,4,16,4,15,4]"
CSI_DATA,755,1a:00:00:00:00:00,-71,11,0,0,0,0,0,0,0,0,0,-91,0,1,0,145690851,0,31,0,128,0,"[0,0,13,6,11,6,12,6,14,5,14,5,13,6,14,6,13,4,11,2,11,1,11,2,11,3,11,2,10,2,9,0,9,0,8,1,9,3,9,3,8,2,7,0,8,-2,9,-2,9,1,7,2,7,1,0,0,0,0,0,0,0,0,0,0,0,0,0,0,0,0,0,0,0,0,0,0,8,1,9,1,9,1,10,1,11,1,12,2,13,2,13,3,14,4,14,5,13,6,13,6,14,5,14,5,13,5,14,5,15,5,15,5,13,3,12,3,12,4,15,3,17,3,16,5,15,5,16,5]"
CSI_DATA,756,1a:00:00:00:00:00,-68,11,0,0,0,0,0,0,0,0,0,-91,0,1,0,145891807,0,31,0,128,0,"[0,0,-8,-15,-10,-13,-8,-13,-7,-14,-8,-12,-9,-11,-9,-10,-8,-10,-7,-10,-6,-10,-7,-10,-6,-9,-5,-8,-5,-8,-5,-8,-6,-8,-7,-8,-7,-8,-6,-8,-5,-7,-3,-7,-2,-6,-1,-5,-2,-5,-4,-6,-4,-6,0,0,0,0,0,0,0,0,0,0,0,0,0,0,0,0,0,0,0,0,0,0,-9,-1,-10,-2,-11,-4,-10,-6,-10,-7,-11,-8,-11,-7,-11,-7,-10,-8,-9,-9,-9,-11,-11,-12,-11,-12,-10,-12,-9,-11,-9,-11,-10,-12,-11,-12,-11,-11,-11,-10,-12,-11,-12,-11,-12,-10,-10,-9,-9,-7,-10,-8]"
[0;32mI (146068) ftm_responder: Counter = 146[0m
CSI_DATA,757,1a:00:00:00:00:00,-70,11,0,0,0,0,0,0,0,0,0,-91,0,1,0,146093310,0,31,0,128,0,"[0,0,13,-4,13,-4,13,-3,15,-2,14,-3,12,-2,12,-1,12,-1,11,-1,11,-2,10,-3,9,-3,8,-4,9,-4,9,-3,7,-4,6,-4,7,-4,9,-4,8,-3,6,-2,8,-2,9,-3,7,-2,7,-1,6,0,0,0,0,0,0,0,0,0,0,0,0,0,0,0,0,0,0,0,0,0,0,0,6,-6,7,-5,8,-5,9,-6,10,-6,11,-6,12,-6,13,-6,14,-5,14,-4,14,-4,14,-4,15,-4,15,-3,15,-4,15,-3,14,-2,14,-3,15,-4,15,-4,16,-4,16,-5,17,-6,16,-5,16,-4,15,-4]"
CSI_DATA,758,1a:00:00:00:00:00,-69,11,0,0,0,0,0,0,0,0,0,-91,0,1,0,146294232,0,31,0,128,0,"[0,0,11,11,11,8,10,7,9,9,7,9,7,9,8,8,9,7,9,6,7,7,6,7,7,6,6,4,5,3,6,4,5,5,4,4,5,3,7,3,7,3,6,2,6,1,5,1,5,2,5,3,4,2,0,0,0,0,0,0,0,0,0,0,0,0,0,0,0,0,0,0,0,0,0,0,6,3,7,3,8,3,8,4,9,4,10,5,10,6,10,7,10,8,9,9,9,10,9,10,9,9,9,9,9,9,10,9,9,10,9,9,10,9,11,8,10,8,10,9,10,10,10,11,11,11,11,10]"
CSI_DATA,759,1a:00:00:00:00:00,-69,11,0,0,0,0,0,0,0,0,0,-91,0,1,0,146355055,0,42,0,128,0,"[0,0,10,-9,10,-9,9,-9,9,-8,9,-8,8,-8,8,-8,7,-7,7,-7,6,-7,6,-7,5,-6,5,-6,4,-6,5,-6,5,-6,3,-5,2,-5,2,-5,2,-5,3,-5,2,-5,1,-5,1,-4,2,-2,2,-1,0,0,0,0,0,0,0,0,0,0,0,0,0,0,0,0,0,0,0,0,0,0,4,-5,4,-6,5,-7,6,-7,6,-8,8,-8,8,-8,8,-7,9,-7,10,-7,10,-7,10,-7,10,-7,10,-7,10,-7,10,-7,10,-7,10,-7,10,-8,10,-8,9,-9,10,-9,10,-9,9,-9,9,-9,10,-9]"
CSI_DATA,760,1a:00:00:00:00:00,-69,11,0,0,0,0,0,0,0,0,0,-91,0,1,0,146421942,0,31,0,128,0,"[0,0,11,-14,9,-14,9,-13,9,-12,9,-11,8,-10,7,-10,6,-10,7,-10,7,-9,5,-8,4,-9,3,-9,3,-9,4,-8,4,-8,3,-7,3,-7,3,-7,3,-7,3,-6,3,-5,2,-5,2,-5,3,-5,2,-5,0,0,0,0,0,0,0,0,0,0,0,0,0,0,0,0,0,0,0,0,0,0,1,-8,1,-9,1,-10,2,-11,3,-11,4,-12,4,-12,5,-13,6,-13,7,-12,7,-12,7,-13,7,-12,8,-12,8,-11,8,-12,8,-12,8,-13,8,-13,8,-13,8,-13,7,-14,7,-14,8,-14,8,-13,8,-13]"
CSI_DATA,761,1a:00:00:00:00:00,-69,11,0,0,0,0,0,0,0,0,0,-91,0,1,0,146623113,0,31,0,128,0,"[0,0,-11,-14,-10,-13,-9,-12,-8,-13,-8,-12,-8,-11,-8,-11,-8,-11,-7,-10,-7,-9,-8,-8,-8,-8,-7,-7,-8,-7,-8,-7,-7,-6,-7,-6,-7,-7,-7,-7,-8,-7,-6,-3,-5,-1,-7,-1,-5,-4,-2,-6,-2,-8,0,0,0,0,0,0,0,0,0,0,0,0,0,0,0,0,0,0,0,0,0,0,-5,-6,-5,-7,-6,-8,-6,-9,-7,-10,-7,-11,-7,-11,-6,-12,-6,-12,-6,-13,-6,-13,-5,-13,-6,-13,-6,-13,-7,-12,-7,-13,-7,-14,-7,-14,-7,-13,-8,-12,-9,-12,-10,-12,-10,-12,-10,-12,-9,-13,-9,-13]"
CSI_DATA,762,1a:00:00:00:00:00,-69,11,0,0,0,0,0,0,0,0,0,-91,0,1,0,146821669,0,31,0,128,0,"[0,0,15,-4,15,-4,15,-3,16,-3,15,-4,14,-5,13,-5,13,-3,12,-3,11,-3,10,-4,10,-4,9,-3,9,-2,8,-2,8,-3,8,-3,8,-3,7,-3,6,-2,7,-2,6,-2,5,-2,4,-2,5,-3,6,-3,0,0,0,0,0,0,0,0,0,0,0,0,0,0,0,0,0,0,0,0,0,0,5,-5,6,-6,7,-6,8,-7,8,-7,10,-6,11,-6,12,-6,12,-5,12,-5,13,-5,13,-5,13,-4,13,-4,14,-4,14,-4,14,-4,13,-5,13,-4,14,-2,15,-2,16,-4,15,-5,15,-6,15,-6,15,-6]"
CSI_DATA,763,1a:00:00:00:00:00,-70,11,0,0,0,0,0,0,0,0,0,-91,0,1,0,147024314,0,31,0,128,0,"[0,0,-8,-15,-7,-14,-7,-12,-7,-11,-6,-12,-7,-12,-8,-12,-6,-11,-6,-11,-7,-10,-6,-10,-6,-10,-6,-9,-6,-8,-6,-7,-7,-8,-7,-8,-6,-7,-5,-8,-4,-8,-5,-8,-5,-7,-4,-7,-4,-7,-4,-6,-4,-6,0,0,0,0,0,0,0,0,0,0,0,0,0,0,0,0,0,0,0,0,0,0,-7,-5,-8,-5,-8,-6,-9,-7,-9,-8,-10,-9,-10,-10,-9,-11,-10,-12,-9,-12,-8,-13,-8,-13,-8,-13,-8,-12,-9,-12,-9,-12,-9,-11,-8,-11,-9,-11,-11,-12,-12,-11,-10,-11,-9,-12,-10,-13,-11,-13,-13,-15]"
[0;32mI (147068) ftm_responder: Counter = 147[0m
CSI_DATA,764,1a:00:00:00:00:00,-69,11,0,0,0,0,0,0,0,0,0,-91,0,1,0,147224532,0,31,0,128,0,"[0,0,-12,11,-10,10,-8,9,-9,8,-9,8,-8,7,-8,7,-7,9,-8,10,-8,10,-7,9,-7,8,-7,7,-6,7,-5,6,-5,6,-6,6,-5,5,-4,4,-5,6,-6,6,-5,4,-5,4,-7,5,-6,6,-6,6,0,0,0,0,0,0,0,0,0,0,0,0,0,0,0,0,0,0,0,0,0,0,-4,6,-3,7,-4,7,-4,8,-5,9,-6,9,-7,10,-7,9,-8,9,-9,9,-9,9,-9,9,-9,9,-9,10,-9,10,-9,10,-10,11,-10,10,-9,9,-9,10,-9,12,-8,12,-7,12,-8,12,-10,12,-10,12]"
CSI_DATA,765,1a:00:00:00:00:00,-70,11,0,0,0,0,0,0,0,0,0,-91,0,1,0,147425207,0,31,0,128,0,"[0,0,13,6,13,6,14,6,14,5,13,5,12,5,12,5,11,5,11,4,11,4,10,3,9,4,9,5,9,4,9,3,8,3,7,3,8,3,8,2,8,2,7,2,6,2,5,2,5,1,6,1,7,1,0,0,0,0,0,0,0,0,0,0,0,0,0,0,0,0,0,0,0,0,0,0,7,0,8,0,9,0,9,0,10,1,11,2,11,3,12,3,12,4,12,4,11,5,12,5,13,5,12,5,12,5,13,5,12,4,13,4,13,6,14,5,13,4,13,4,13,4,13,5,15,5,15,5]"
CSI_DATA,766,1a:00:00:00:00:00,-69,11,0,0,0,0,0,0,0,0,0,-91,0,1,0,147626574,0,31,0,128,0,"[0,0,8,11,8,11,7,13,7,13,8,11,9,12,8,12,7,11,7,11,7,11,6,10,6,9,5,9,5,8,5,7,5,6,5,6,3,7,4,7,4,6,3,5,3,5,4,5,4,4,4,4,3,4,0,0,0,0,0,0,0,0,0,0,0,0,0,0,0,0,0,0,0,0,0,0,5,6,5,5,6,6,7,7,7,8,7,9,7,10,7,10,7,11,6,11,6,12,6,12,6,12,6,11,6,11,6,11,7,10,8,11,7,11,6,12,7,11,8,11,8,12,9,13,9,12,9,13]"
CSI_DATA,767,1a:00:00:00:00:00,-70,11,0,0,0,0,0,0,0,0,0,-91,0,1,0,147827622,0,31,0,128,0,"[0,0,-15,-10,-15,-10,-14,-9,-13,-9,-13,-8,-12,-9,-11,-9,-11,-8,-11,-7,-11,-7,-11,-6,-11,-6,-10,-6,-10,-5,-9,-5,-8,-6,-8,-6,-8,-5,-8,-5,-8,-4,-6,-4,-5,-5,-6,-5,-6,-4,-6,-4,-6,-3,0,0,0,0,0,0,0,0,0,0,0,0,0,0,0,0,0,0,0,0,0,0,-8,-1,-8,-1,-9,-1,-10,-1,-11,-2,-12,-3,-12,-4,-13,-4,-13,-5,-12,-5,-12,-6,-12,-6,-12,-6,-12,-6,-13,-7,-13,-7,-13,-7,-13,-6,-14,-6,-14,-7,-14,-7,-14,-6,-15,-6,-14,-7,-13,-7,-14,-6]"
CSI_DATA,768,1a:00:00:00:00:00,-69,11,0,0,0,0,0,0,0,0,0,-91,0,1,0,147888447,0,42,0,128,0,"[0,0,11,-9,12,-10,11,-11,10,-11,11,-10,10,-9,10,-9,10,-9,9,-8,8,-7,8,-8,8,-8,7,-8,6,-9,6,-8,6,-8,6,-7,6,-7,5,-6,5,-6,4,-5,4,-5,4,-6,4,-5,3,-5,3,-5,0,0,0,0,0,0,0,0,0,0,0,0,0,0,0,0,0,0,0,0,0,0,2,-8,2,-8,3,-9,3,-9,4,-10,4,-11,5,-11,6,-11,7,-11,8,-11,8,-11,9,-11,9,-10,8,-10,8,-11,9,-11,9,-11,10,-12,9,-12,8,-12,8,-12,8,-13,8,-14,9,-14,9,-13,10,-12]"
CSI_DATA,769,1a:00:00:00:00:00,-69,11,0,0,0,0,0,0,0,0,0,-91,0,1,0,147958024,0,31,0,128,0,"[0,0,5,-16,5,-16,5,-15,3,-14,3,-13,3,-13,3,-14,3,-14,3,-13,1,-12,1,-12,1,-11,1,-10,1,-10,1,-9,1,-9,1,-10,1,-10,0,-9,0,-8,1,-7,0,-7,0,-7,0,-8,0,-7,0,-7,0,0,0,0,0,0,0,0,0,0,0,0,0,0,0,0,0,0,0,0,0,0,1,-8,0,-9,0,-10,1,-11,1,-12,2,-13,3,-13,4,-13,4,-13,5,-13,6,-13,6,-13,5,-13,5,-13,5,-13,5,-13,5,-14,5,-14,4,-15,4,-15,3,-15,4,-15,3,-16,3,-16,4,-16,5,-17]"
[0;32mI (148068) ftm_responder: Counter = 148[0m
CSI_DATA,770,1a:00:00:00:00:00,-70,11,0,0,0,0,0,0,0,0,0,-91,0,1,0,148159165,0,31,0,128,0,"[0,0,13,-3,13,-3,14,-4,14,-4,13,-3,12,-3,13,-2,12,-2,11,-2,11,-3,10,-3,9,-2,9,-2,9,-2,9,-2,9,-1,9,-2,8,-2,7,0,5,1,4,0,6,-4,7,-7,6,-8,5,-6,3,-2,0,0,0,0,0,0,0,0,0,0,0,0,0,0,0,0,0,0,0,0,0,0,6,-4,7,-4,7,-5,8,-5,9,-5,9,-5,10,-5,11,-4,12,-4,12,-3,12,-3,13,-3,12,-3,12,-3,12,-3,12,-3,12,-3,12,-4,13,-4,14,-5,13,-4,13,-3,13,-4,13,-5,13,-5,14,-4]"
CSI_DATA,771,1a:00:00:00:00:00,-70,11,0,0,0,0,0,0,0,0,0,-91,0,1,0,148359151,0,31,0,128,0,"[0,0,-14,8,-13,8,-14,7,-14,7,-13,6,-13,7,-12,6,-12,6,-11,6,-11,6,-11,6,-10,6,-10,6,-9,6,-8,6,-9,7,-10,8,-11,8,-10,6,-8,4,-7,1,-6,0,-7,1,-9,1,-6,3,-1,4,0,0,0,0,0,0,0,0,0,0,0,0,0,0,0,0,0,0,0,0,0,0,-6,5,-6,6,-7,6,-7,7,-8,7,-9,7,-10,7,-10,7,-11,7,-12,7,-11,7,-11,6,-12,6,-12,6,-12,6,-12,6,-12,7,-12,8,-12,8,-12,8,-12,8,-12,8,-13,9,-13,10,-12,10,-11,9]"
CSI_DATA,772,1a:00:00:00:00:00,-69,11,0,0,0,0,0,0,0,0,0,-91,0,1,0,148558882,0,31,0,128,0,"[0,0,14,0,14,1,13,2,15,0,18,1,15,2,11,-1,13,-2,14,-2,13,-2,14,-1,14,0,12,0,10,0,9,-1,9,-2,9,-3,9,-3,8,-4,8,-4,9,-3,9,-3,6,-4,6,-4,8,-3,7,-2,0,0,0,0,0,0,0,0,0,0,0,0,0,0,0,0,0,0,0,0,0,0,7,2,7,2,8,3,9,4,10,4,10,5,11,6,11,6,11,6,11,7,12,7,11,6,11,6,12,6,13,6,12,5,13,4,14,5,15,5,14,3,14,1,16,2,16,4,14,3,15,1,15,0]"
CSI_DATA,773,1a:00:00:00:00:00,-70,11,0,0,0,0,0,0,0,0,0,-91,0,1,0,148760589,0,31,0,128,0,"[0,0,-23,-3,-22,-4,-21,-5,-20,-3,-16,-1,-14,-2,-15,-3,-16,-1,-16,0,-14,1,-13,1,-11,0,-12,-2,-14,-4,-14,-2,-13,0,-12,1,-9,-1,-9,-2,-10,-2,-9,-3,-9,-2,-9,0,-10,1,-10,0,-10,-2,0,0,0,0,0,0,0,0,0,0,0,0,0,0,0,0,0,0,0,0,0,0,-9,3,-9,4,-10,4,-11,5,-12,5,-13,4,-14,4,-14,3,-14,3,-15,2,-16,2,-16,1,-15,1,-15,1,-16,2,-16,2,-16,2,-16,2,-16,2,-17,3,-16,2,-16,0,-16,1,-17,3,-17,4,-17,2]"
CSI_DATA,774,1a:00:00:00:00:00,-70,11,0,0,0,0,0,0,0,0,0,-91,0,1,0,148961815,0,31,0,128,0,"[0,0,17,0,18,1,16,3,14,3,13,2,13,3,12,3,12,2,12,2,13,2,15,1,13,2,11,1,11,0,11,-1,11,-1,10,-1,9,-1,8,-1,7,0,7,-1,8,-2,8,-2,8,-2,8,-2,8,-2,0,0,0,0,0,0,0,0,0,0,0,0,0,0,0,0,0,0,0,0,0,0,8,3,8,3,8,3,9,3,10,3,11,4,11,4,12,4,12,5,11,6,12,7,13,7,12,6,12,6,12,7,14,6,15,4,15,2,14,1,14,2,14,2,16,1,15,1,15,2,15,3,14,5]"
[0;32mI (149068) ftm_responder: Counter = 149[0m
CSI_DATA,775,1a:00:00:00:00:00,-73,11,0,0,0,0,0,0,0,0,0,-91,0,1,0,149164879,0,31,0,128,0,"[0,0,15,-5,16,-5,13,-5,11,-6,11,-6,10,-5,9,-5,9,-6,8,-6,8,-6,7,-7,5,-8,4,-8,4,-8,4,-9,3,-10,2,-11,2,-13,4,-15,4,-14,3,-14,4,-14,4,-13,6,-13,8,-14,10,-14,0,0,0,0,0,0,0,0,0,0,0,0,0,0,0,0,0,0,0,0,0,0,7,-2,7,-3,7,-3,9,-3,10,-4,10,-4,11,-4,12,-4,12,-3,13,-2,13,-2,13,-1,13,-2,13,-3,14,-3,14,-2,13,-2,12,-3,13,-4,15,-5,15,-5,14,-5,14,-5,13,-5,14,-5,16,-4]"
CSI_DATA,776,1a:00:00:00:00:00,-76,11,0,0,0,0,0,0,0,0,0,-91,0,1,0,149364196,0,31,0,128,0,"[0,0,-3,17,-4,14,-3,11,-2,11,1,14,1,13,-2,8,-3,6,1,5,3,3,3,2,4,2,2,2,-2,2,-3,-3,-3,-8,-4,-8,-6,-5,-6,-6,-4,-12,-2,-16,-3,-17,-3,-15,-1,-16,3,-17,6,-17,0,0,0,0,0,0,0,0,0,0,0,0,0,0,0,0,0,0,0,0,0,0,-11,0,-11,2,-11,4,-11,5,-13,6,-14,7,-14,8,-14,9,-14,9,-14,9,-14,9,-14,9,-13,11,-10,14,-12,15,-14,16,-12,15,-9,13,-8,13,-8,14,-9,14,-9,13,-4,11,-1,11,-3,13,-6,13]"
CSI_DATA,777,1a:00:00:00:00:00,-75,11,0,0,0,0,0,0,0,0,0,-91,0,1,0,149424226,0,42,0,128,0,"[0,0,-4,13,-3,10,-3,10,-3,12,-1,12,-2,10,-5,9,-6,9,-4,8,-3,7,-3,8,-4,7,-5,6,-7,5,-8,4,-10,2,-11,2,-12,1,-13,-1,-13,-3,-12,-5,-13,-8,-13,-10,-13,-11,-13,-13,-12,-14,0,0,0,0,0,0,0,0,0,0,0,0,0,0,0,0,0,0,0,0,0,0,-14,2,-14,3,-14,4,-14,5,-14,6,-14,7,-15,7,-15,7,-15,8,-16,9,-16,9,-15,10,-14,11,-13,11,-13,12,-12,13,-12,13,-11,13,-11,14,-9,14,-8,12,-8,12,-6,12,-4,13,-4,14,-5,16]"
CSI_DATA,778,1a:00:00:00:00:00,-73,11,0,0,0,0,0,0,0,0,0,-91,0,1,0,149494060,0,31,0,128,0,"[0,0,12,-4,11,-3,9,-2,8,0,8,0,8,0,8,1,8,1,8,-1,9,-1,7,-2,5,-1,6,1,7,2,7,2,6,4,6,6,5,7,3,8,2,9,2,10,2,10,2,11,1,12,-1,12,-2,12,0,0,0,0,0,0,0,0,0,0,0,0,0,0,0,0,0,0,0,0,0,0,5,10,5,9,6,9,7,10,8,11,9,11,9,10,9,10,10,10,10,10,10,10,10,10,10,8,11,7,12,7,12,5,13,5,14,4,13,3,13,2,13,1,13,1,12,1,13,0,14,0,12,1]"
CSI_DATA,779,1a:00:00:00:00:00,-74,11,0,0,0,0,0,0,0,0,0,-91,0,1,0,149695145,0,31,0,128,0,"[0,0,4,3,3,2,3,2,3,3,4,3,4,2,3,4,2,5,1,5,0,5,-2,6,-2,7,-2,7,-2,6,-2,6,-4,6,-5,6,-7,5,-11,7,-16,9,-20,6,-19,7,-13,9,-10,4,-12,-1,-12,0,0,0,0,0,0,0,0,0,0,0,0,0,0,0,0,0,0,0,0,0,0,0,6,10,5,10,6,9,6,8,6,8,6,8,6,9,7,9,7,9,7,9,8,8,7,8,7,7,7,6,8,5,8,5,8,5,8,5,7,5,7,3,9,3,7,4,7,4,7,5,6,5,6,5]"
CSI_DATA,780,1a:00:00:00:00:00,-77,11,0,0,0,0,0,0,0,0,0,-91,0,1,0,149893947,0,31,0,128,0,"[0,0,0,-3,1,-2,1,-1,1,-2,1,-2,2,-3,4,-3,4,-4,4,-5,4,-6,5,-6,7,-7,8,-9,7,-10,7,-11,8,-13,9,-15,10,-16,11,-18,14,-20,15,-21,15,-21,15,-21,16,-20,19,-19,20,-19,0,0,0,0,0,0,0,0,0,0,0,0,0,0,0,0,0,0,0,0,0,0,11,-11,10,-10,9,-10,7,-10,7,-11,6,-11,6,-11,5,-10,3,-10,2,-10,2,-10,1,-10,0,-9,-1,-9,-1,-8,-1,-8,-2,-7,-2,-6,-3,-4,-3,-4,-2,-4,-1,-5,-1,-6,-3,-5,-3,-4,-2,-4]"
[0;32mI (150068) ftm_responder: Counter = 150[0m
CSI_DATA,781,1a:00:00:00:00:00,-79,11,0,0,0,0,0,0,0,0,0,-91,0,1,0,150097367,0,31,0,128,0,"[0,0,-1,-3,-1,-5,-1,-5,1,-3,1,-6,-1,-8,-3,-7,-3,-8,-4,-9,-6,-9,-7,-9,-6,-11,-7,-13,-10,-14,-10,-13,-11,-12,-12,-12,-13,-14,-15,-16,-16,-16,-15,-18,-15,-19,-15,-20,-16,-22,-15,-24,-13,-25,0,0,0,0,0,0,0,0,0,0,0,0,0,0,0,0,0,0,0,0,0,0,-16,0,-15,-1,-14,-1,-12,0,-12,1,-12,1,-11,0,-10,-1,-9,-1,-8,0,-7,0,-7,2,-5,3,-3,2,-2,0,-2,-1,-1,0,0,3,0,3,-1,1,-1,2,0,2,-1,0,-2,-1,0,-1,0,-1]"
CSI_DATA,782,1a:00:00:00:00:00,-76,11,0,0,0,0,0,0,0,0,0,-91,0,1,0,150497655,0,31,0,128,0,"[0,0,2,0,3,2,3,1,5,0,8,1,7,1,6,1,8,0,8,-2,9,-5,10,-5,8,-4,7,-4,10,-7,12,-10,13,-12,13,-13,15,-13,17,-14,18,-15,18,-14,21,-11,22,-10,21,-13,21,-14,22,-13,0,0,0,0,0,0,0,0,0,0,0,0,0,0,0,0,0,0,0,0,0,0,7,-13,7,-13,6,-12,5,-11,5,-10,5,-10,5,-9,4,-8,3,-7,3,-6,2,-4,1,-3,0,-3,-1,-4,-1,-3,-2,-3,-3,-4,-1,-3,1,-2,0,-1,0,1,2,3,1,3,0,3,3,2,6,0]"
CSI_DATA,783,1a:00:00:00:00:00,-76,11,0,0,0,0,0,0,0,0,0,-91,0,1,0,150497830,0,31,0,128,0,"[0,0,-1,0,0,-4,-2,-7,-3,-8,-3,-9,-3,-8,-4,-6,-9,-6,-10,-6,-9,-5,-8,-2,-9,-1,-13,0,-16,-1,-17,-3,-18,-4,-18,-3,-21,-2,-23,-2,-24,-3,-25,-3,-25,-2,-25,-1,-27,-1,-28,-4,-28,-5,0,0,0,0,0,0,0,0,0,0,0,0,0,0,0,0,0,0,0,0,0,0,-15,1,-14,1,-13,0,-12,1,-11,1,-11,0,-10,0,-10,1,-8,1,-6,1,-4,1,-4,1,-3,0,-2,0,-1,0,-2,1,-2,2,-3,1,-2,-1,0,-2,-1,-3,-2,-4,-2,-4,-1,-4,-1,-3,0,-3]"
CSI_DATA,784,1a:00:00:00:00:00,-78,11,0,0,0,0,0,0,0,0,0,-91,0,1,0,150498021,0,31,0,128,0,"[0,0,-5,-1,-4,-2,-5,-3,-6,0,-6,3,-8,2,-9,3,-8,5,-7,6,-6,6,-7,8,-6,8,-4,8,-5,10,-4,14,-4,17,-5,18,-7,20,-8,20,-8,20,-6,21,-7,22,-10,22,-12,21,-13,20,-14,22,0,0,0,0,0,0,0,0,0,0,0,0,0,0,0,0,0,0,0,0,0,0,8,12,6,10,5,9,5,9,5,8,4,8,4,8,4,7,3,6,3,5,3,4,3,3,4,1,3,0,3,1,3,1,3,0,2,-1,1,-2,1,-2,-1,-3,-1,-2,-2,-1,-5,-1,-6,0,-5,0]"
CSI_DATA,785,1a:00:00:00:00:00,-78,11,0,0,0,0,0,0,0,0,0,-91,0,1,0,150700088,0,31,0,128,0,"[0,0,-4,-8,-4,-5,-3,-3,-4,-2,-6,-3,-8,-5,-9,-6,-9,-5,-8,-3,-8,-2,-8,-1,-9,2,-11,5,-13,4,-15,4,-16,6,-16,8,-17,9,-17,11,-18,12,-18,10,-20,11,-23,12,-24,12,-24,11,-25,9,0,0,0,0,0,0,0,0,0,0,0,0,0,0,0,0,0,0,0,0,0,0,-15,-2,-15,-2,-13,-1,-12,-2,-11,-1,-10,0,-10,1,-9,1,-8,0,-7,0,-6,1,-4,1,-4,1,-3,1,-2,2,-2,2,0,2,0,2,-1,0,-1,-2,0,-2,0,-2,-1,-2,-2,-4,-1,-3,1,-2]"
CSI_DATA,786,1a:00:00:00:00:00,-76,11,0,0,0,0,0,0,0,0,0,-91,0,1,0,150900489,0,31,0,128,0,"[0,0,-2,1,-7,2,-5,2,-2,0,-2,3,-3,6,-6,7,-8,9,-9,10,-8,10,-6,12,-6,11,-6,12,-4,16,-5,16,-5,15,-5,17,-6,18,-7,19,-6,19,-7,21,-8,23,-10,24,-12,23,-11,24,-10,24,0,0,0,0,0,0,0,0,0,0,0,0,0,0,0,0,0,0,0,0,0,0,-1,14,-1,14,0,12,0,11,-1,10,-1,10,0,10,0,9,0,8,0,6,1,6,1,7,1,5,1,3,2,1,2,0,0,0,1,1,1,2,1,3,1,2,0,0,-1,0,-1,1,-5,1,-8,1]"
CSI_DATA,787,1a:00:00:00:00:00,-77,11,0,0,0,0,0,0,0,0,0,-91,0,1,0,150960876,0,42,0,128,0,"[0,0,-3,2,-3,5,-3,4,-4,3,-6,4,-5,6,-4,5,-2,6,0,9,1,9,2,9,3,10,3,10,5,11,6,12,8,12,12,13,13,13,12,15,13,16,13,18,13,18,15,20,16,20,16,22,15,25,0,0,0,0,0,0,0,0,0,0,0,0,0,0,0,0,0,0,0,0,0,0,1,13,2,13,2,12,3,12,3,11,3,10,3,9,3,9,3,8,3,6,3,6,3,5,1,5,1,3,2,1,3,1,2,2,2,2,1,1,0,1,0,1,0,0,0,0,-1,2,-3,4,-5,5]"
[0;32mI (151068) ftm_responder: Counter = 151[0m
CSI_DATA,788,1a:00:00:00:00:00,-77,11,0,0,0,0,0,0,0,0,0,-91,0,1,0,151467922,0,42,0,128,0,"[0,0,0,1,0,2,1,2,2,3,3,3,3,2,4,4,4,5,4,3,4,2,5,2,6,2,6,0,8,-2,8,-2,9,-2,9,-3,9,-4,10,-3,12,-2,14,-2,14,-1,14,-2,14,-1,14,0,14,0,0,0,0,0,0,0,0,0,0,0,0,0,0,0,0,0,0,0,0,0,0,0,9,-4,8,-4,7,-4,7,-4,6,-4,6,-3,6,-4,5,-4,4,-3,3,-3,3,-3,3,-3,2,-3,2,-2,1,-2,0,-1,0,-1,0,-1,-1,0,-1,-1,0,-2,1,-1,2,1,2,0,2,-2,1,-1]"
CSI_DATA,789,1a:00:00:00:00:00,-76,11,0,0,0,0,0,0,0,0,0,-91,0,1,0,151963100,0,42,0,128,0,"[0,0,3,2,0,3,-2,4,1,4,4,6,4,8,6,8,7,5,6,3,5,4,11,4,16,4,15,3,13,2,17,1,20,1,23,2,24,5,22,6,23,2,27,-3,28,-2,26,1,25,1,28,2,32,5,0,0,0,0,0,0,0,0,0,0,0,0,0,0,0,0,0,0,0,0,0,0,5,16,5,14,6,12,6,11,7,10,8,10,6,9,6,7,6,6,5,5,6,5,6,3,6,0,3,2,3,2,5,1,4,2,2,3,2,2,2,2,2,4,1,4,1,2,2,0,3,0,3,0]"
CSI_DATA,790,1a:00:00:00:00:00,-76,11,0,0,0,0,0,0,0,0,0,-91,0,1,0,152053958,0,31,0,128,0,"[0,0,1,4,3,4,3,4,2,2,2,0,4,1,7,1,8,-1,7,-3,7,-3,7,-3,9,-6,10,-8,10,-11,11,-11,11,-11,12,-11,14,-10,15,-10,17,-9,18,-9,18,-11,19,-10,20,-10,19,-11,20,-10,0,0,0,0,0,0,0,0,0,0,0,0,0,0,0,0,0,0,0,0,0,0,0,-15,-1,-14,-1,-13,-1,-11,0,-11,0,-11,-1,-10,-2,-10,-1,-8,-1,-7,-2,-6,-1,-6,-1,-5,-2,-5,-2,-4,-1,-3,-1,-2,-2,-1,-3,-1,-3,-1,-3,-1,-2,-2,-1,-1,1,0,1,1,0,0]"
[0;32mI (152068) ftm_responder: Counter = 152[0m
CSI_DATA,791,1a:00:00:00:00:00,-75,11,0,0,0,0,0,0,0,0,0,-91,0,1,0,152255275,0,31,0,128,0,"[0,0,-1,1,0,1,0,1,-1,3,-2,5,-2,7,-3,8,-3,8,-3,6,-5,7,-6,8,-5,8,-3,11,-4,14,-6,18,-7,20,-8,22,-10,24,-7,23,-6,25,-9,32,-10,29,-9,19,-12,13,-15,13,-11,17,0,0,0,0,0,0,0,0,0,0,0,0,0,0,0,0,0,0,0,0,0,0,12,12,10,11,8,10,9,10,9,10,8,9,6,9,5,8,4,7,6,6,7,5,6,6,4,6,4,5,5,4,5,3,3,2,1,1,1,0,-1,1,-2,1,-1,1,-1,2,-1,0,-2,-2,-2,-1]"
CSI_DATA,792,1a:00:00:00:00:00,-77,11,0,0,0,0,0,0,0,0,0,-91,0,1,0,152454367,0,31,0,128,0,"[0,0,3,-1,5,-3,5,-3,5,-3,5,-5,4,-7,5,-7,6,-7,6,-7,5,-7,4,-9,5,-10,4,-11,2,-13,1,-14,2,-17,2,-20,1,-21,1,-22,2,-24,1,-25,2,-26,5,-26,7,-26,8,-26,8,-25,0,0,0,0,0,0,0,0,0,0,0,0,0,0,0,0,0,0,0,0,0,0,4,-16,4,-16,4,-14,2,-13,1,-12,0,-12,0,-12,1,-11,0,-10,0,-9,-1,-8,-1,-7,-1,-6,-1,-6,-1,-6,-2,-5,-3,-5,-2,-5,-1,-4,-1,-3,-1,-3,-1,-3,-2,-4,-1,-2,1,-2,2,-4]"
CSI_DATA,793,1a:00:00:00:00:00,-76,11,0,0,0,0,0,0,0,0,0,-91,0,1,0,152657896,0,31,0,128,0,"[0,0,-3,0,-3,-2,-4,-4,-5,-4,-6,-5,-6,-5,-7,-3,-8,-3,-9,-3,-9,-2,-8,-2,-10,-2,-11,-1,-12,-1,-14,-1,-16,0,-16,1,-17,0,-19,-2,-20,-1,-21,-2,-21,-3,-21,-4,-22,-5,-22,-7,-22,-8,0,0,0,0,0,0,0,0,0,0,0,0,0,0,0,0,0,0,0,0,0,0,-12,5,-12,5,-12,5,-12,4,-11,4,-10,4,-9,4,-8,4,-8,4,-7,3,-7,3,-6,3,-5,4,-5,4,-5,5,-4,6,-3,5,-3,2,-4,1,-3,1,-3,1,-3,2,-3,2,-3,1,-4,1,-3,1]"
CSI_DATA,794,1a:00:00:00:00:00,-75,11,0,0,0,0,0,0,0,0,0,-91,0,1,0,153057229,0,31,0,128,0,"[0,0,2,-1,2,-2,3,-2,4,0,5,0,4,0,4,0,5,0,7,1,8,0,8,1,9,-1,10,-5,11,-7,11,-6,12,-6,14,-8,18,-9,19,-9,18,-8,18,-6,19,-5,19,-6,20,-6,22,-5,24,-5,0,0,0,0,0,0,0,0,0,0,0,0,0,0,0,0,0,0,0,0,0,0,12,1,12,1,11,0,10,-1,10,-2,9,-2,8,-3,8,-3,9,-3,8,-2,7,-2,6,-2,6,-2,3,-2,2,-2,2,-3,3,-4,3,-3,2,-2,1,-1,0,-2,1,-3,3,-4,4,-3,4,-1,3,0]"
[0;32mI (153088) ftm_responder: Counter = 153[0m
CSI_DATA,795,1a:00:00:00:00:00,-75,11,0,0,0,0,0,0,0,0,0,-91,0,1,0,153259267,0,31,0,128,0,"[0,0,-6,4,-6,5,-7,4,-7,3,-7,2,-7,2,-7,2,-7,4,-7,6,-6,8,-6,9,-7,9,-9,10,-10,14,-11,16,-12,17,-12,18,-12,18,-12,18,-14,19,-17,20,-20,20,-18,18,-18,17,-20,18,-19,19,0,0,0,0,0,0,0,0,0,0,0,0,0,0,0,0,0,0,0,0,0,0,-9,13,-9,13,-8,11,-8,11,-7,11,-6,11,-6,11,-6,10,-5,9,-4,8,-4,8,-5,8,-4,7,-3,9,-1,9,-1,7,-1,6,-1,5,0,5,0,5,0,5,-1,3,-1,3,0,1,0,0,0,1]"
CSI_DATA,796,1a:00:00:00:00:00,-76,11,0,0,0,0,0,0,0,0,0,-91,0,1,0,153459918,0,31,0,128,0,"[0,0,-4,-1,-2,-1,-5,1,-9,3,-10,3,-9,2,-9,1,-9,1,-10,3,-11,4,-11,5,-10,6,-11,8,-12,8,-13,9,-15,11,-16,12,-19,14,-20,15,-21,16,-22,15,-23,13,-23,12,-24,12,-27,13,-28,14,0,0,0,0,0,0,0,0,0,0,0,0,0,0,0,0,0,0,0,0,0,0,-17,5,-16,5,-15,5,-14,6,-14,6,-13,7,-12,6,-12,6,-11,6,-9,6,-8,6,-8,7,-8,8,-7,8,-8,7,-8,5,-5,5,-3,6,-4,5,-6,4,-6,3,-6,1,-6,1,-5,3,-4,3,-4,-1]"
CSI_DATA,797,1a:00:00:00:00:00,-76,11,0,0,0,0,0,0,0,0,0,-91,0,1,0,153520643,0,42,0,128,0,"[0,0,2,-5,3,-4,4,-4,5,-5,6,-5,6,-6,5,-6,5,-6,4,-7,4,-8,4,-9,4,-10,3,-11,4,-11,4,-13,4,-15,5,-17,6,-18,6,-20,7,-21,7,-21,8,-21,9,-24,9,-25,10,-24,11,-22,0,0,0,0,0,0,0,0,0,0,0,0,0,0,0,0,0,0,0,0,0,0,11,-9,11,-10,10,-9,9,-9,8,-9,7,-10,7,-10,6,-10,5,-10,5,-10,4,-9,3,-8,2,-8,1,-9,2,-8,1,-6,1,-6,1,-6,1,-6,0,-6,1,-6,1,-5,1,-5,1,-5,1,-4,1,-5]"
CSI_DATA,798,1a:00:00:00:00:00,-74,11,0,0,0,0,0,0,0,0,0,-91,0,1,0,154023719,0,42,0,128,0,"[0,0,-3,-8,-2,-9,-2,-10,-4,-9,-6,-10,-5,-10,-3,-7,-3,-6,0,-5,3,-8,-2,-11,-9,-11,-11,-9,-9,-6,-12,-6,-13,-10,-13,-16,-14,-24,-17,-25,-20,-21,-20,-22,-21,-25,-20,-23,-16,-22,-14,-25,-13,-29,0,0,0,0,0,0,0,0,0,0,0,0,0,0,0,0,0,0,0,0,0,0,-9,-14,-8,-13,-8,-13,-8,-11,-7,-10,-7,-9,-8,-8,-8,-9,-8,-9,-7,-7,-10,-7,-12,-7,-10,-4,-11,-2,-12,-2,-9,-4,-7,-4,-6,-4,-5,-4,-7,-3,-6,-2,-5,-2,-7,-3,-5,-4,-2,-6,-2,-5]"
[0;32mI (154088) ftm_responder: Counter = 154[0m
CSI_DATA,799,1a:00:00:00:00:00,-74,11,0,0,0,0,0,0,0,0,0,-91,0,1,0,154521536,0,42,0,128,0,"[0,0,-6,-4,-4,-4,-5,-5,-7,-7,-6,-8,-4,-6,-6,-4,-7,-4,-8,-5,-10,-6,-10,-6,-10,-5,-12,-2,-13,0,-13,0,-14,-1,-15,0,-18,0,-20,0,-20,1,-20,1,-20,-2,-20,-4,-20,-4,-21,-3,-21,-3,0,0,0,0,0,0,0,0,0,0,0,0,0,0,0,0,0,0,0,0,0,0,-11,-6,-10,-5,-10,-5,-10,-5,-10,-4,-10,-3,-9,-4,-9,-3,-8,-2,-7,-2,-7,-2,-6,-2,-5,-2,-5,-1,-6,-1,-5,-1,-4,0,-4,-1,-4,-1,-4,-1,-5,0,-4,-1,-3,-2,-3,-3,-5,-3,-6,-2]"
CSI_DATA,800,1a:00:00:00:00:00,-75,11,0,0,0,0,0,0,0,0,0,-91,0,1,0,154630330,0,31,0,128,0,"[0,0,-5,-3,-4,-2,-5,-4,-6,-6,-7,-7,-8,-5,-7,-5,-7,-6,-8,-7,-9,-6,-10,-4,-11,-3,-12,-4,-13,-3,-15,-1,-17,-1,-18,-2,-17,-2,-18,-2,-21,-3,-23,-5,-24,-5,-24,-6,-23,-6,-24,-6,-25,-7,0,0,0,0,0,0,0,0,0,0,0,0,0,0,0,0,0,0,0,0,0,0,-13,-3,-12,-3,-11,-2,-10,-2,-10,-1,-10,-1,-10,-1,-9,-1,-8,-1,-8,-1,-8,0,-7,0,-6,1,-6,1,-6,0,-6,1,-5,2,-4,1,-3,0,-3,-1,-4,-2,-6,-1,-6,-1,-4,-2,-3,-3,-3,-2]"
CSI_DATA,801,1a:00:00:00:00:00,-76,11,0,0,0,0,0,0,0,0,0,-91,0,1,0,154830738,0,31,0,128,0,"[0,0,3,-1,3,1,6,2,7,2,8,3,10,3,10,2,10,0,11,-1,13,1,13,1,12,-2,13,-4,15,-3,16,-5,17,-7,17,-8,18,-8,23,-9,26,-12,26,-10,24,-8,23,-7,22,-6,22,-4,25,-1,0,0,0,0,0,0,0,0,0,0,0,0,0,0,0,0,0,0,0,0,0,0,13,4,13,3,12,2,11,1,11,0,11,-1,11,-1,10,-1,9,-2,7,-2,7,-1,7,-1,7,-2,6,-3,5,-2,5,-2,4,-2,4,-3,4,-3,3,-4,2,-3,1,-2,2,-2,3,-2,3,-1,6,2]"
CSI_DATA,802,1a:00:00:00:00:00,-76,11,0,0,0,0,0,0,0,0,0,-91,0,1,0,155036577,0,31,0,128,0,"[0,0,-7,3,-8,2,-6,3,-5,3,-5,2,-6,1,-7,3,-7,5,-7,6,-6,7,-5,9,-5,10,-4,10,-4,12,-3,13,-3,16,-3,18,-4,18,-4,19,-4,22,-4,22,-6,22,-9,22,-8,21,-7,23,-7,25,0,0,0,0,0,0,0,0,0,0,0,0,0,0,0,0,0,0,0,0,0,0,-11,7,-10,6,-9,6,-7,6,-7,6,-6,6,-6,6,-6,6,-5,7,-5,6,-4,5,-4,4,-4,4,-3,5,-2,4,-1,5,0,6,-1,5,0,3,2,2,2,3,-1,2,-3,2,-3,4,-2,5,-2,4]"
[0;32mI (155088) ftm_responder: Counter = 155[0m
CSI_DATA,803,1a:00:00:00:00:00,-76,11,0,0,0,0,0,0,0,0,0,-91,0,1,0,155235800,0,31,0,128,0,"[0,0,-9,-3,-10,-3,-10,-2,-11,-1,-11,-1,-10,-1,-10,0,-12,1,-13,2,-13,4,-13,6,-13,6,-12,7,-13,9,-15,10,-15,11,-17,12,-18,15,-19,15,-19,15,-20,15,-21,14,-22,17,-24,19,-26,16,-27,13,0,0,0,0,0,0,0,0,0,0,0,0,0,0,0,0,0,0,0,0,0,0,-15,1,-13,2,-12,2,-12,3,-11,3,-10,3,-9,3,-9,4,-8,4,-7,4,-6,4,-6,4,-6,4,-5,4,-3,5,-2,5,-2,4,-2,4,-1,4,0,3,-1,2,-4,2,-5,1,-5,0,-4,0,-5,-1]"
CSI_DATA,804,1a:00:00:00:00:00,-76,11,0,0,0,0,0,0,0,0,0,-91,0,1,0,155436956,0,31,0,128,0,"[0,0,-4,-5,-5,-6,0,-8,4,-10,2,-10,0,-9,1,-8,0,-9,0,-9,0,-9,0,-11,1,-12,-2,-13,-7,-14,-8,-14,-9,-15,-10,-16,-9,-15,-11,-14,-14,-16,-13,-20,-12,-22,-14,-23,-14,-23,-12,-23,-12,-25,0,0,0,0,0,0,0,0,0,0,0,0,0,0,0,0,0,0,0,0,0,0,5,-12,4,-12,3,-11,2,-10,0,-9,0,-9,-1,-10,-2,-9,-2,-8,-2,-7,-3,-7,-4,-7,-4,-6,-5,-6,-4,-6,-3,-4,-2,-3,-2,-3,-4,-4,-4,-5,-2,-3,-2,-2,-2,-3,0,-4,2,-3,2,-1]"
CSI_DATA,805,1a:00:00:00:00:00,-75,11,0,0,0,0,0,0,0,0,0,-91,0,1,0,155638091,0,31,0,128,0,"[0,0,-1,-4,2,-4,6,-4,8,-3,7,-4,3,-6,2,-5,5,-5,6,-7,4,-6,2,-7,0,-10,0,-12,1,-13,2,-14,2,-16,2,-18,2,-19,2,-20,2,-21,4,-23,5,-24,5,-25,6,-24,8,-24,8,-25,0,0,0,0,0,0,0,0,0,0,0,0,0,0,0,0,0,0,0,0,0,0,-3,-11,-3,-11,-3,-10,-4,-10,-4,-9,-5,-7,-5,-7,-5,-7,-5,-6,-5,-5,-5,-5,-5,-5,-5,-3,-5,-2,-5,-2,-5,-3,-5,-2,-5,-2,-3,-1,-3,0,-3,-1,-2,-1,0,-1,1,-3,0,-4,-1,-1]"
CSI_DATA,806,1a:00:00:00:00:00,-76,11,0,0,0,0,0,0,0,0,0,-91,0,1,0,155843580,0,31,0,128,0,"[0,0,5,-2,3,-2,2,-4,1,-8,0,-8,1,-8,1,-8,1,-10,0,-10,0,-11,0,-10,0,-11,-2,-14,-5,-17,-7,-17,-8,-17,-7,-17,-7,-20,-9,-22,-11,-23,-10,-24,-9,-25,-11,-27,-12,-28,-9,-29,-5,-30,0,0,0,0,0,0,0,0,0,0,0,0,0,0,0,0,0,0,0,0,0,0,1,-13,0,-13,-1,-13,-2,-12,-3,-11,-3,-10,-3,-9,-3,-9,-4,-8,-4,-7,-4,-6,-4,-4,-4,-3,-4,-4,-3,-4,-4,-4,-4,-3,-2,-2,-1,-2,1,-2,1,-2,0,-1,0,0,1,0,1,-2,2,-3]"
CSI_DATA,807,1a:00:00:00:00:00,-77,11,0,0,0,0,0,0,0,0,0,-91,0,1,0,156038169,0,31,0,128,0,"[0,0,-8,-1,-7,-1,-7,-1,-7,-1,-8,-2,-9,-4,-8,-5,-4,-4,0,-1,-1,1,-7,3,-8,5,-7,5,-10,8,-10,11,-9,11,-10,12,-13,17,-18,16,-19,11,-14,7,-6,6,-7,9,-16,14,-16,18,-13,12,0,0,0,0,0,0,0,0,0,0,0,0,0,0,0,0,0,0,0,0,0,0,-9,4,-9,4,-9,5,-8,5,-7,4,-6,5,-5,5,-4,5,-4,5,-3,5,-3,6,-2,5,-1,4,0,6,1,7,1,5,1,3,2,3,3,2,1,2,1,3,0,2,-1,2,0,2,-1,0,-1,2]"
[0;32mI (156088) ftm_responder: Counter = 156[0m
CSI_DATA,808,1a:00:00:00:00:00,-77,11,0,0,0,0,0,0,0,0,0,-91,0,1,0,156099109,0,42,0,128,0,"[0,0,-4,1,-3,2,-2,3,-4,3,-4,4,-3,5,-5,6,-5,5,-4,6,-3,9,-2,10,1,11,2,14,1,13,2,13,4,14,5,17,5,20,6,23,7,24,7,23,6,23,5,24,3,24,1,24,0,26,0,0,0,0,0,0,0,0,0,0,0,0,0,0,0,0,0,0,0,0,0,0,-1,12,-2,11,-1,10,0,10,1,9,2,8,3,7,2,7,3,6,3,6,3,6,3,5,3,4,4,2,4,2,4,1,4,1,4,1,3,0,1,0,1,1,1,0,0,0,0,0,0,0,-1,-2]"
CSI_DATA,809,1a:00:00:00:00:00,-77,11,0,0,0,0,0,0,0,0,0,-91,0,1,0,156154011,0,31,0,128,0,"[0,0,0,-4,0,-2,-4,-2,-6,-4,-5,-3,-4,-3,-4,-1,-7,1,-7,1,-7,2,-10,1,-10,1,-7,3,-8,3,-13,5,-15,6,-16,9,-19,12,-19,12,-19,13,-20,15,-19,14,-20,11,-20,10,-20,11,-20,11,0,0,0,0,0,0,0,0,0,0,0,0,0,0,0,0,0,0,0,0,0,0,-7,-11,-6,-10,-6,-8,-7,-6,-8,-4,-8,-4,-8,-4,-7,-2,-6,0,-7,1,-8,1,-8,1,-7,0,-5,0,-4,3,-5,5,-4,4,-1,5,1,4,1,2,1,1,0,2,-2,0,-1,-2,-2,-2,-2,-2]"
CSI_DATA,810,1a:00:00:00:00:00,-76,11,0,0,0,0,0,0,0,0,0,-91,0,1,0,156351565,0,31,0,128,0,"[0,0,-2,2,-2,3,-3,4,-1,4,1,5,3,5,4,4,5,4,4,4,4,4,6,4,8,3,9,4,10,6,13,5,13,3,14,4,18,8,21,8,19,4,14,5,16,9,25,9,28,7,26,9,22,16,0,0,0,0,0,0,0,0,0,0,0,0,0,0,0,0,0,0,0,0,0,0,-6,7,-5,7,-3,7,-2,7,-1,7,-1,7,0,7,1,6,2,5,4,5,4,5,3,4,2,2,4,3,4,3,4,1,4,0,3,-1,1,-2,0,-1,0,2,0,2,-1,1,-1,0,-1,-1,0,-2]"
CSI_DATA,811,1a:00:00:00:00:00,-77,11,0,0,0,0,0,0,0,0,0,-91,0,1,0,156550839,0,31,0,128,0,"[0,0,-2,4,-2,3,-1,2,-3,3,-4,5,-3,6,-4,7,-6,7,-7,7,-7,10,-7,11,-6,12,-6,13,-6,14,-6,15,-7,17,-8,20,-9,20,-10,21,-11,23,-13,24,-13,24,-13,25,-15,25,-17,25,-18,24,0,0,0,0,0,0,0,0,0,0,0,0,0,0,0,0,0,0,0,0,0,0,-8,10,-6,10,-5,10,-5,9,-5,9,-4,10,-2,10,-1,9,0,8,0,8,1,9,1,8,2,7,3,7,3,6,3,5,5,5,5,5,4,6,3,6,5,5,5,4,4,1,3,-1,1,1,2,2]"
CSI_DATA,812,1a:00:00:00:00:00,-75,11,0,0,0,0,0,0,0,0,0,-91,0,1,0,156752301,0,31,0,128,0,"[0,0,1,-2,2,-3,3,-2,3,-3,5,-4,6,-4,4,-2,2,-1,2,-5,4,-6,4,-7,5,-12,6,-14,6,-10,7,-10,7,-13,7,-13,9,-15,10,-18,9,-16,9,-15,11,-16,11,-17,11,-16,13,-19,15,-19,0,0,0,0,0,0,0,0,0,0,0,0,0,0,0,0,0,0,0,0,0,0,9,-4,8,-5,7,-5,7,-5,7,-6,6,-7,6,-7,6,-7,5,-7,4,-7,5,-7,4,-9,3,-10,2,-9,2,-7,2,-7,0,-7,-1,-7,-3,-6,-3,-6,-2,-5,-2,-3,-3,-1,-2,-2,0,-4,-1,-4]"
CSI_DATA,813,1a:00:00:00:00:00,-73,11,0,0,0,0,0,0,0,0,0,-91,0,1,0,156953875,0,31,0,128,0,"[0,0,1,-2,-1,-6,5,-6,7,-1,6,5,7,2,8,-3,8,-3,7,-2,6,-3,7,-5,10,-5,12,-3,12,-2,12,-5,12,-8,13,-9,16,-12,18,-12,19,-11,19,-12,18,-13,17,-12,17,-10,18,-10,19,-11,0,0,0,0,0,0,0,0,0,0,0,0,0,0,0,0,0,0,0,0,0,0,9,5,8,4,8,4,8,2,8,1,7,1,7,0,8,-1,8,-2,8,-1,7,-1,7,-1,7,-2,6,-3,5,-4,5,-4,5,-4,5,-3,3,-4,3,-4,5,-2,6,-2,1,-3,0,-4,1,-6,0,-5]"
[0;32mI (157088) ftm_responder: Counter = 157[0m
CSI_DATA,814,1a:00:00:00:00:00,-75,11,0,0,0,0,0,0,0,0,0,-91,0,1,0,157153713,0,31,0,128,0,"[0,0,0,7,0,7,-2,6,-4,5,-5,4,-5,4,-5,3,-5,4,-4,5,-5,6,-6,6,-5,8,-6,9,-7,9,-8,9,-8,10,-9,11,-10,12,-12,12,-13,12,-13,12,-13,11,-14,10,-16,9,-17,9,-14,12,0,0,0,0,0,0,0,0,0,0,0,0,0,0,0,0,0,0,0,0,0,0,-5,8,-4,8,-3,8,-3,8,-2,7,-2,8,-2,8,-1,8,-1,7,-1,7,-1,7,-1,6,1,4,1,3,1,3,1,3,1,5,2,6,1,4,-1,2,-1,1,-1,2,0,3,0,1,0,1,-2,4]"
CSI_DATA,815,1a:00:00:00:00:00,-74,11,0,0,0,0,0,0,0,0,0,-91,0,1,0,157359546,0,31,0,128,0,"[0,0,4,7,4,11,1,10,-1,4,-1,-1,1,2,4,7,5,6,4,7,4,7,6,7,6,11,5,12,7,11,10,14,12,14,15,15,15,14,13,14,12,15,11,18,14,18,16,19,15,22,14,22,13,21,0,0,0,0,0,0,0,0,0,0,0,0,0,0,0,0,0,0,0,0,0,0,-10,7,-10,7,-9,7,-8,8,-7,10,-5,10,-4,10,-4,9,-3,8,-2,8,-1,7,-1,6,-2,5,-2,7,1,8,3,6,1,4,2,4,3,5,1,6,-1,2,0,-2,2,1,3,6,3,7,3,8]"
CSI_DATA,816,1a:00:00:00:00:00,-74,11,0,0,0,0,0,0,0,0,0,-91,0,1,0,157556019,0,31,0,128,0,"[0,0,2,0,3,1,4,5,5,8,7,7,7,6,5,7,7,9,7,6,7,4,11,5,10,6,5,5,7,1,14,2,18,4,14,6,13,11,17,13,19,11,18,11,21,12,24,14,23,16,18,16,16,14,0,0,0,0,0,0,0,0,0,0,0,0,0,0,0,0,0,0,0,0,0,0,3,13,4,12,5,11,5,9,6,8,7,8,7,8,7,7,7,6,6,6,6,4,6,4,7,4,8,2,7,0,6,-1,6,0,5,-1,4,-1,7,-2,7,-3,4,-1,3,2,3,2,4,3,6,3]"
CSI_DATA,817,1a:00:00:00:00:00,-75,11,0,0,0,0,0,0,0,0,0,-91,0,1,0,157617379,0,42,0,128,0,"[0,0,4,-5,4,-4,4,-4,5,-5,7,-4,8,-4,9,-6,10,-6,8,-7,5,-7,4,-8,4,-11,5,-13,7,-13,9,-13,8,-15,8,-18,9,-20,10,-20,12,-20,14,-21,14,-22,13,-21,14,-21,15,-20,16,-20,0,0,0,0,0,0,0,0,0,0,0,0,0,0,0,0,0,0,0,0,0,0,12,-4,10,-4,9,-4,10,-5,9,-6,8,-6,7,-7,7,-6,6,-6,5,-7,5,-8,5,-8,4,-7,5,-7,4,-9,2,-9,1,-7,0,-6,-1,-4,0,-5,1,-5,1,-3,-1,-2,-1,-3,1,-4,3,-4]"
CSI_DATA,818,1a:00:00:00:00:00,-75,11,0,0,0,0,0,0,0,0,0,-91,0,1,0,157690001,0,31,0,128,0,"[0,0,-3,4,-3,2,-5,3,-6,4,-8,6,-9,8,-7,7,-6,5,-8,3,-8,4,-7,7,-7,8,-7,8,-9,9,-10,12,-9,16,-9,17,-10,16,-10,17,-10,18,-12,19,-16,21,-16,23,-15,22,-15,19,-17,18,0,0,0,0,0,0,0,0,0,0,0,0,0,0,0,0,0,0,0,0,0,0,-10,7,-10,7,-10,7,-9,7,-7,7,-7,8,-7,8,-7,7,-5,7,-4,8,-4,8,-3,8,-2,7,-1,6,-1,6,-1,6,0,5,1,4,1,3,1,3,-1,4,-2,4,-1,4,-1,3,-2,3,-3,4]"
CSI_DATA,819,1a:00:00:00:00:00,-74,11,0,0,0,0,0,0,0,0,0,-91,0,1,0,157888465,0,31,0,128,0,"[0,0,-4,1,-5,2,-5,1,-5,1,-3,2,-3,2,-5,1,-6,1,-5,2,-5,4,-7,5,-7,3,-6,2,-5,5,-5,9,-5,12,-4,14,-6,16,-8,16,-5,16,-4,14,-5,13,-6,14,-5,16,-7,17,-9,14,0,0,0,0,0,0,0,0,0,0,0,0,0,0,0,0,0,0,0,0,0,0,-7,-8,-6,-7,-6,-6,-6,-5,-6,-4,-7,-3,-7,-3,-7,-3,-7,-1,-7,0,-7,0,-7,1,-7,2,-5,2,-5,2,-5,2,-5,1,-5,0,-3,0,-2,1,-3,2,-3,3,-2,3,-5,2,-5,1,-3,1]"
[0;32mI (158088) ftm_responder: Counter = 158[0m
CSI_DATA,820,1a:00:00:00:00:00,-75,11,0,0,0,0,0,0,0,0,0,-91,0,1,0,158095611,0,31,0,128,0,"[0,0,-2,-4,-6,-1,-6,0,-4,-1,-5,0,-7,1,-7,0,-8,0,-11,-2,-13,-2,-12,0,-10,2,-10,6,-12,7,-13,7,-14,8,-17,10,-18,11,-19,12,-20,12,-22,12,-21,11,-22,11,-23,12,-22,13,-24,13,0,0,0,0,0,0,0,0,0,0,0,0,0,0,0,0,0,0,0,0,0,0,-11,-10,-11,-8,-10,-6,-9,-5,-9,-5,-9,-5,-8,-4,-9,-3,-8,-2,-7,-2,-7,-1,-6,1,-7,1,-6,0,-5,-1,-4,0,-3,1,-3,3,-4,3,-4,2,-3,3,-2,3,-2,2,-3,2,-4,2,-6,4]"
CSI_DATA,821,1a:00:00:00:00:00,-75,11,0,0,0,0,0,0,0,0,0,-91,0,1,0,158297254,0,31,0,128,0,"[0,0,0,6,-1,5,-2,5,-2,6,-3,5,-4,4,-2,5,-3,6,-3,7,-1,8,1,8,1,6,2,7,2,10,6,12,11,14,11,15,9,16,12,19,15,22,11,21,8,14,9,10,11,17,13,25,15,24,0,0,0,0,0,0,0,0,0,0,0,0,0,0,0,0,0,0,0,0,0,0,-11,-3,-10,-3,-9,-3,-8,-3,-8,-2,-8,-1,-8,0,-8,2,-7,4,-5,4,-4,2,-2,0,-2,1,-3,4,-1,2,1,2,-1,5,1,5,3,5,1,5,0,4,0,3,-1,4,-1,4,-1,1,-2,0]"
CSI_DATA,822,1a:00:00:00:00:00,-76,11,0,0,0,0,0,0,0,0,0,-91,0,1,0,158491429,0,31,0,128,0,"[0,0,-1,2,-1,6,0,5,3,6,3,12,3,11,1,9,0,8,0,7,1,8,4,8,3,7,3,9,7,11,8,13,7,14,5,16,5,19,6,21,7,21,8,22,7,23,5,24,2,23,3,21,5,22,0,0,0,0,0,0,0,0,0,0,0,0,0,0,0,0,0,0,0,0,0,0,2,12,2,11,1,10,1,9,1,7,2,7,3,7,4,6,5,5,5,6,4,6,3,6,3,4,3,2,4,1,5,1,4,2,2,0,3,-1,4,0,3,-1,2,-2,2,-2,1,-2,1,0,6,3]"
CSI_DATA,823,1a:00:00:00:00:00,-75,11,0,0,0,0,0,0,0,0,0,-91,0,1,0,158692286,0,31,0,128,0,"[0,0,7,-3,6,-1,2,-2,2,-1,1,0,1,-2,4,-3,3,-2,4,-2,5,-4,3,-7,3,-9,2,-12,3,-14,2,-14,2,-14,5,-15,6,-17,4,-19,2,-20,3,-21,5,-22,3,-23,2,-22,5,-20,8,-19,0,0,0,0,0,0,0,0,0,0,0,0,0,0,0,0,0,0,0,0,0,0,5,8,6,8,6,7,7,5,9,4,9,2,8,0,7,0,5,-1,5,-1,6,-1,5,-2,4,-3,2,-4,3,-6,4,-6,4,-5,4,-7,4,-7,3,-7,3,-6,3,-4,2,-4,1,-4,1,-3,1,-4]"
CSI_DATA,824,1a:00:00:00:00:00,-75,11,0,0,0,0,0,0,0,0,0,-91,0,1,0,158892708,0,31,0,128,0,"[0,0,-2,5,0,5,-1,6,-4,5,-4,4,-3,6,-2,11,-1,13,-1,11,-3,9,-2,11,0,12,2,11,3,12,3,14,2,16,3,17,3,18,4,19,6,21,7,21,7,22,6,23,5,23,5,23,4,23,0,0,0,0,0,0,0,0,0,0,0,0,0,0,0,0,0,0,0,0,0,0,-15,-1,-14,0,-13,2,-11,2,-10,3,-9,5,-8,7,-7,6,-7,5,-6,6,-5,7,-5,7,-6,6,-4,4,-3,4,-4,5,-3,6,-1,8,-3,8,-4,3,0,0,4,3,4,5,0,3,-2,3,-2,5]"
[0;32mI (159088) ftm_responder: Counter = 159[0m
CSI_DATA,825,1a:00:00:00:00:00,-74,11,0,0,0,0,0,0,0,0,0,-91,0,1,0,159093816,0,31,0,128,0,"[0,0,1,5,2,3,2,5,0,6,-4,6,-5,4,-2,5,-1,7,1,9,3,14,2,15,-1,11,0,11,4,14,6,16,7,18,9,17,9,17,9,21,10,25,10,24,9,22,14,24,16,26,14,27,10,27,0,0,0,0,0,0,0,0,0,0,0,0,0,0,0,0,0,0,0,0,0,0,-15,10,-13,10,-11,10,-10,9,-8,10,-7,10,-5,10,-4,10,-4,9,-2,8,-1,9,-1,8,-1,8,-1,8,0,8,2,7,3,7,2,4,3,4,5,6,4,6,2,5,2,7,3,7,1,5,-2,3]"
CSI_DATA,826,1a:00:00:00:00:00,-74,11,0,0,0,0,0,0,0,0,0,-91,0,1,0,159154536,0,42,0,128,0,"[0,0,-3,4,-3,3,-4,3,-4,4,-5,4,-5,4,-5,4,-4,5,-5,6,-6,6,-6,7,-4,9,-4,11,-5,11,-6,12,-6,13,-7,15,-8,16,-9,18,-9,19,-9,18,-9,18,-10,19,-11,20,-13,19,-14,18,0,0,0,0,0,0,0,0,0,0,0,0,0,0,0,0,0,0,0,0,0,0,-14,0,-13,1,-12,2,-11,3,-11,3,-10,4,-10,5,-9,5,-8,5,-7,5,-7,5,-7,5,-6,6,-5,6,-4,6,-4,6,-3,7,-3,6,-2,5,-2,5,-1,4,-1,3,-1,4,0,4,-1,3,-2,2]"
CSI_DATA,827,1a:00:00:00:00:00,-74,11,0,0,0,0,0,0,0,0,0,-91,0,1,0,159222260,0,31,0,128,0,"[0,0,3,-4,3,-2,5,-1,7,0,8,1,8,2,8,0,7,-2,5,-2,5,0,7,0,8,-2,11,-2,13,-3,14,-5,15,-6,16,-6,17,-6,19,-6,21,-6,21,-7,21,-6,22,-5,23,-5,23,-3,23,0,0,0,0,0,0,0,0,0,0,0,0,0,0,0,0,0,0,0,0,0,0,0,12,6,12,5,11,4,11,3,11,2,11,1,11,0,11,0,11,0,10,0,9,-1,8,-2,8,-2,8,-3,7,-4,7,-5,7,-6,6,-5,4,-5,3,-4,2,-3,3,-3,2,-3,2,-2,3,-1,2,-2]"
CSI_DATA,828,1a:00:00:00:00:00,-74,11,0,0,0,0,0,0,0,0,0,-91,0,1,0,159423667,0,31,0,128,0,"[0,0,3,-5,4,-4,4,-3,4,-3,4,-3,4,-4,5,-3,5,-3,5,-3,5,-3,7,-2,8,-2,8,-5,7,-6,9,-6,11,-7,10,-5,9,-3,14,-5,19,-8,21,-9,19,-4,21,1,24,0,21,0,19,2,0,0,0,0,0,0,0,0,0,0,0,0,0,0,0,0,0,0,0,0,0,0,12,-2,12,-3,12,-3,11,-4,11,-5,11,-4,11,-4,11,-5,11,-7,10,-6,10,-5,8,-6,8,-7,8,-7,7,-7,4,-7,5,-8,5,-9,4,-9,4,-11,3,-10,2,-8,2,-8,2,-9,3,-7,4,-6]"
CSI_DATA,829,1a:00:00:00:00:00,-75,11,0,0,0,0,0,0,0,0,0,-91,0,1,0,159623532,0,31,0,128,0,"[0,0,4,-12,5,-11,5,-8,7,-6,7,-6,3,-7,1,-8,3,-6,3,-4,3,-4,4,-5,5,-6,6,-3,6,-1,7,-3,6,-3,5,2,6,3,10,-2,12,-2,14,4,18,6,17,4,9,6,7,10,16,12,0,0,0,0,0,0,0,0,0,0,0,0,0,0,0,0,0,0,0,0,0,0,14,-6,15,-6,16,-5,15,-6,13,-5,13,-5,13,-6,12,-6,12,-7,12,-8,13,-7,12,-6,11,-6,11,-7,8,-6,7,-8,8,-9,8,-10,6,-11,6,-10,6,-8,6,-10,6,-8,5,-6,3,-8,5,-9]"
CSI_DATA,830,1a:00:00:00:00:00,-74,11,0,0,0,0,0,0,0,0,0,-91,0,1,0,159824372,0,31,0,128,0,"[0,0,-11,-6,-7,-5,-6,-6,-6,-6,-6,-4,-6,-4,-6,-3,-6,-4,-6,-6,-5,-6,-6,-6,-7,-5,-6,-5,-5,-8,-5,-11,-4,-11,-4,-10,-5,-11,-4,-12,0,-13,1,-14,1,-13,2,-13,4,-14,5,-14,7,-14,0,0,0,0,0,0,0,0,0,0,0,0,0,0,0,0,0,0,0,0,0,0,2,-18,2,-18,1,-17,0,-16,0,-16,-2,-17,-3,-17,-3,-17,-3,-16,-4,-16,-5,-15,-6,-14,-7,-13,-7,-11,-6,-10,-6,-10,-8,-11,-9,-10,-9,-10,-11,-10,-12,-9,-12,-9,-13,-9,-12,-8,-11,-8,-11,-9]"
CSI_DATA,831,1a:00:00:00:00:00,-74,11,0,0,0,0,0,0,0,0,0,-91,0,1,0,160025598,0,31,0,128,0,"[0,0,-3,10,-1,6,1,4,-1,4,-5,4,-8,4,-7,5,-7,5,-7,4,-6,2,-6,3,-5,6,-2,8,-3,6,-9,3,-13,0,-12,-1,-11,0,-12,-2,-11,-3,-11,-5,-13,-8,-12,-8,-11,-8,-10,-11,-8,-12,0,0,0,0,0,0,0,0,0,0,0,0,0,0,0,0,0,0,0,0,0,0,-18,-5,-18,-4,-17,-4,-16,-3,-16,-2,-17,-2,-18,-3,-18,-3,-16,-1,-15,2,-14,3,-14,2,-14,3,-14,4,-14,5,-13,5,-12,5,-11,6,-10,7,-10,7,-11,7,-11,9,-12,11,-10,13,-9,12,-8,11]"
[0;32mI (160088) ftm_responder: Counter = 160[0m
CSI_DATA,832,1a:00:00:00:00:00,-74,11,0,0,0,0,0,0,0,0,0,-91,0,1,0,160226060,0,31,0,128,0,"[0,0,-9,8,-9,6,-7,7,-7,8,-9,8,-7,7,-6,8,-6,6,-6,5,-6,5,-8,4,-9,2,-9,1,-8,2,-9,3,-10,1,-12,-1,-12,-2,-13,-3,-12,-3,-10,-3,-9,-5,-9,-8,-10,-10,-8,-10,-6,-11,0,0,0,0,0,0,0,0,0,0,0,0,0,0,0,0,0,0,0,0,0,0,-16,-7,-17,-6,-17,-5,-15,-4,-14,-5,-15,-5,-15,-5,-15,-4,-15,-2,-15,0,-14,0,-13,0,-13,1,-15,2,-17,4,-15,5,-13,6,-12,6,-11,7,-11,8,-10,7,-10,6,-12,8,-10,10,-9,9,-10,8]"
CSI_DATA,833,1a:00:00:00:00:00,-74,11,0,0,0,0,0,0,0,0,0,-91,0,1,0,160427493,0,31,0,128,0,"[0,0,-6,9,-6,7,-7,7,-7,8,-7,10,-7,12,-4,10,-3,7,-3,4,-4,2,-6,2,-6,4,-6,4,-7,2,-8,1,-9,-1,-11,-1,-11,0,-10,0,-10,-1,-10,-5,-11,-10,-10,-14,-10,-15,-9,-14,-5,-13,0,0,0,0,0,0,0,0,0,0,0,0,0,0,0,0,0,0,0,0,0,0,-18,-1,-16,-1,-17,0,-17,1,-16,2,-15,2,-13,4,-13,5,-15,5,-16,4,-15,4,-14,5,-13,5,-12,5,-12,7,-14,10,-14,11,-13,9,-14,8,-13,9,-9,12,-6,12,-8,12,-11,13,-11,10,-9,6]"
CSI_DATA,834,1a:00:00:00:00:00,-75,11,0,0,0,0,0,0,0,0,0,-91,0,1,0,160628605,0,31,0,128,0,"[0,0,9,-1,8,-4,9,-5,10,-4,10,-1,11,1,9,1,6,0,4,2,3,3,4,1,3,2,2,4,4,4,6,4,7,5,6,5,4,5,2,6,3,7,3,11,4,13,2,13,-1,14,-3,13,-3,11,0,0,0,0,0,0,0,0,0,0,0,0,0,0,0,0,0,0,0,0,0,0,6,13,6,13,6,12,7,12,8,11,9,10,9,9,9,9,10,8,10,8,11,7,11,7,11,4,11,3,12,2,12,1,13,2,12,1,12,0,14,-1,13,-1,12,-2,12,-2,10,-3,9,-4,10,-2]"
CSI_DATA,835,1a:00:00:00:00:00,-75,11,0,0,0,0,0,0,0,0,0,-91,0,1,0,160689161,0,42,0,128,0,"[0,0,2,11,2,10,1,8,0,9,0,10,1,9,0,7,-1,8,-1,9,-1,8,-2,8,-3,6,-4,5,-4,5,-4,5,-4,5,-6,5,-8,4,-9,3,-10,1,-11,-1,-12,-1,-12,-1,-13,-3,-13,-4,-13,-5,0,0,0,0,0,0,0,0,0,0,0,0,0,0,0,0,0,0,0,0,0,0,-13,9,-13,8,-12,9,-11,9,-10,8,-11,9,-11,10,-9,10,-9,11,-7,12,-4,13,-5,13,-6,11,-6,11,-6,11,-5,11,-3,11,0,12,0,14,-1,13,-1,13,-1,12,0,11,2,11,2,13,2,16]"
CSI_DATA,836,1a:00:00:00:00:00,-74,11,0,0,0,0,0,0,0,0,0,-91,0,1,0,160758019,0,31,0,128,0,"[0,0,-10,-13,-9,-13,-9,-13,-8,-14,-7,-12,-7,-9,-9,-9,-8,-9,-7,-9,-6,-9,-6,-8,-6,-7,-6,-7,-4,-8,-2,-9,0,-9,0,-10,2,-10,4,-9,6,-8,7,-7,8,-7,9,-6,10,-6,11,-6,12,-6,0,0,0,0,0,0,0,0,0,0,0,0,0,0,0,0,0,0,0,0,0,0,6,-16,5,-17,5,-16,5,-15,6,-13,6,-13,5,-14,3,-15,1,-15,1,-15,0,-16,0,-16,-1,-16,-2,-17,-3,-17,-4,-15,-5,-14,-8,-13,-10,-11,-10,-11,-10,-12,-11,-12,-11,-11,-10,-11,-7,-11,-4,-10]"
CSI_DATA,837,1a:00:00:00:00:00,-74,11,0,0,0,0,0,0,0,0,0,-91,0,1,0,160959248,0,31,0,128,0,"[0,0,11,-2,11,-1,11,0,10,0,10,1,9,2,8,2,8,1,8,2,7,3,7,2,7,2,6,4,6,4,5,5,3,6,1,6,2,5,2,5,-2,9,-6,13,-10,11,-13,10,-16,11,-12,12,-6,16,0,0,0,0,0,0,0,0,0,0,0,0,0,0,0,0,0,0,0,0,0,0,13,8,13,8,12,7,12,6,11,6,11,6,12,6,12,5,12,5,12,4,11,3,12,3,12,2,12,1,12,1,14,0,14,-1,13,-1,12,-2,13,-3,14,-2,13,-2,12,-3,13,-4,14,-3,14,-2]"
[0;32mI (161088) ftm_responder: Counter = 161[0m
CSI_DATA,838,1a:00:00:00:00:00,-72,11,0,0,0,0,0,0,0,0,0,-91,0,1,0,161164140,0,31,0,128,0,"[0,0,10,7,8,8,5,8,4,7,2,7,2,8,6,9,8,8,4,6,2,7,1,7,0,7,0,7,-1,8,-5,5,-9,3,-9,5,-11,7,-15,7,-13,6,-10,2,-12,-4,-15,-6,-15,-4,-13,-3,-11,0,0,0,0,0,0,0,0,0,0,0,0,0,0,0,0,0,0,0,0,0,0,0,13,10,14,10,12,8,9,5,8,5,10,8,12,8,12,7,10,7,10,7,12,6,12,5,10,4,7,2,6,3,7,4,10,4,11,3,10,4,11,5,12,5,12,5,11,5,12,6,12,5,11,6]"
CSI_DATA,839,1a:00:00:00:00:00,-73,11,0,0,0,0,0,0,0,0,0,-91,0,1,0,161368918,0,31,0,128,0,"[0,0,2,12,2,11,2,11,1,9,1,7,1,7,0,8,-1,8,-1,7,-2,6,-2,6,-2,6,-2,6,-5,7,-6,7,-7,7,-8,8,-8,8,-9,5,-10,3,-6,3,-4,1,-8,-1,-11,-1,-8,-4,-5,-10,0,0,0,0,0,0,0,0,0,0,0,0,0,0,0,0,0,0,0,0,0,0,-3,14,-2,13,-2,13,-2,12,-2,12,-2,12,-1,12,-1,12,-1,12,0,12,0,11,0,11,1,11,1,12,3,11,4,10,4,10,4,11,4,12,4,11,3,11,3,12,4,13,6,13,6,12,6,11]"
CSI_DATA,840,1a:00:00:00:00:00,-74,11,0,0,0,0,0,0,0,0,0,-91,0,1,0,161560521,0,31,0,128,0,"[0,0,-1,16,-2,14,-1,12,1,10,-2,8,-3,7,1,5,2,4,-2,4,-5,7,-5,8,-4,6,-3,5,-4,4,-5,5,-6,6,-8,5,-9,5,-9,6,-10,4,-11,3,-12,5,-14,4,-14,1,-14,-2,-16,-5,0,0,0,0,0,0,0,0,0,0,0,0,0,0,0,0,0,0,0,0,0,0,-8,12,-8,11,-8,11,-7,11,-6,11,-6,11,-5,11,-6,12,-5,12,-4,12,-4,11,-3,11,-3,11,-3,12,-1,12,0,12,1,11,1,11,3,12,3,13,3,14,1,14,-1,14,0,14,3,15,5,14]"
CSI_DATA,841,1a:00:00:00:00:00,-74,11,0,0,0,0,0,0,0,0,0,-91,0,1,0,161761638,0,31,0,128,0,"[0,0,-7,-15,-7,-16,-7,-14,-8,-11,-9,-9,-7,-9,-6,-11,-6,-11,-6,-10,-6,-10,-4,-10,-1,-10,0,-10,-1,-9,-1,-10,0,-11,3,-12,7,-13,7,-11,7,-11,8,-12,10,-12,12,-11,14,-7,16,-4,16,-4,0,0,0,0,0,0,0,0,0,0,0,0,0,0,0,0,0,0,0,0,0,0,9,-17,7,-17,6,-16,5,-15,5,-16,5,-17,4,-16,3,-15,2,-15,2,-16,2,-15,1,-14,-1,-14,-2,-13,-1,-12,-2,-12,-4,-13,-5,-13,-5,-11,-5,-12,-6,-17,-7,-16,-8,-13,-8,-13,-8,-16,-11,-15]"
CSI_DATA,842,1a:00:00:00:00:00,-76,11,0,0,0,0,0,0,0,0,0,-91,0,1,0,161965449,0,31,0,128,0,"[0,0,-12,4,-13,4,-11,7,-10,7,-10,5,-10,4,-10,4,-7,5,-6,5,-8,4,-8,4,-8,3,-9,3,-11,2,-10,1,-9,1,-10,-1,-10,-5,-11,-7,-11,-8,-13,-10,-11,-9,-8,-8,-9,-8,-9,-9,-6,-12,0,0,0,0,0,0,0,0,0,0,0,0,0,0,0,0,0,0,0,0,0,0,-14,-11,-13,-11,-13,-10,-13,-9,-13,-9,-14,-8,-14,-7,-14,-7,-14,-6,-13,-5,-14,-4,-15,-3,-14,-2,-12,0,-12,2,-13,3,-14,4,-13,5,-12,5,-13,4,-15,4,-14,6,-13,6,-13,7,-14,7,-13,5]"
[0;32mI (162088) ftm_responder: Counter = 162[0m
CSI_DATA,843,1a:00:00:00:00:00,-74,11,0,0,0,0,0,0,0,0,0,-91,0,1,0,162164069,0,31,0,128,0,"[0,0,-11,10,-10,9,-10,8,-11,8,-10,8,-8,7,-7,7,-7,6,-7,6,-9,6,-10,5,-10,4,-10,3,-8,2,-8,2,-10,2,-11,0,-11,-1,-13,-2,-13,-4,-13,-7,-12,-9,-11,-10,-11,-11,-10,-12,-9,-14,0,0,0,0,0,0,0,0,0,0,0,0,0,0,0,0,0,0,0,0,0,0,-18,-7,-18,-6,-18,-5,-18,-4,-17,-4,-17,-2,-17,-2,-17,-1,-17,-1,-16,0,-15,0,-15,1,-15,1,-14,3,-13,4,-13,4,-13,5,-12,7,-11,8,-12,9,-14,9,-14,9,-11,10,-8,11,-9,11,-10,10]"
CSI_DATA,844,1a:00:00:00:00:00,-74,11,0,0,0,0,0,0,0,0,0,-91,0,1,0,162224792,0,42,0,128,0,"[0,0,5,10,5,9,4,9,4,9,4,9,4,8,3,7,3,7,3,7,3,7,2,7,1,8,1,8,0,8,-1,9,-2,9,-2,8,-3,9,-5,10,-7,10,-9,8,-10,7,-11,6,-12,5,-13,3,-14,2,0,0,0,0,0,0,0,0,0,0,0,0,0,0,0,0,0,0,0,0,0,0,-8,14,-8,14,-7,14,-7,13,-6,14,-6,14,-6,13,-5,13,-3,13,-3,13,-3,13,-1,12,-1,12,0,12,2,11,3,11,3,12,4,12,4,11,4,11,4,11,5,12,5,12,6,12,6,11,6,10]"
CSI_DATA,845,1a:00:00:00:00:00,-74,11,0,0,0,0,0,0,0,0,0,-91,0,1,0,162294169,0,31,0,128,0,"[0,0,5,10,3,12,3,11,5,9,7,7,6,7,3,7,2,6,2,6,2,8,1,9,1,8,0,6,-1,6,-1,7,-1,8,-3,9,-6,9,-7,8,-8,8,-9,7,-10,6,-11,6,-12,4,-12,2,-12,1,0,0,0,0,0,0,0,0,0,0,0,0,0,0,0,0,0,0,0,0,0,0,-8,15,-8,14,-7,14,-6,14,-6,13,-5,13,-5,14,-5,14,-5,14,-4,14,-3,14,-2,14,0,13,1,12,2,12,2,13,3,13,4,13,4,13,4,13,5,12,6,12,6,11,7,11,7,11,6,10]"
CSI_DATA,846,1a:00:00:00:00:00,-73,11,0,0,0,0,0,0,0,0,0,-91,0,1,0,162495555,0,31,0,128,0,"[0,0,12,-4,10,-4,10,-3,9,-3,8,-3,7,-3,7,-3,8,-3,8,-3,7,-1,5,0,5,1,6,1,6,1,5,2,7,5,7,8,5,10,3,13,-1,16,0,14,5,8,9,9,7,8,-1,4,-5,5,0,0,0,0,0,0,0,0,0,0,0,0,0,0,0,0,0,0,0,0,0,0,15,5,14,5,14,4,13,4,13,3,13,2,14,2,14,2,13,2,13,1,13,1,13,0,12,-1,11,-1,12,-1,13,-2,13,-4,12,-4,12,-5,12,-5,12,-6,12,-7,12,-7,11,-7,11,-5,11,-4]"
CSI_DATA,847,1a:00:00:00:00:00,-74,11,0,0,0,0,0,0,0,0,0,-91,0,1,0,162696305,0,31,0,128,0,"[0,0,8,8,7,6,7,6,7,7,5,8,4,8,4,7,3,7,3,6,4,6,4,6,4,6,3,6,2,5,1,7,-1,11,-4,15,-4,15,-1,14,-1,12,-6,9,-9,7,-10,8,-11,8,-13,7,-14,8,0,0,0,0,0,0,0,0,0,0,0,0,0,0,0,0,0,0,0,0,0,0,-8,15,-8,14,-7,13,-6,13,-5,13,-5,13,-4,14,-3,14,-3,13,-2,13,-1,12,0,12,1,12,1,12,2,12,3,11,4,11,5,11,5,11,5,10,5,10,7,9,7,9,5,10,5,10,6,9]"
CSI_DATA,848,1a:00:00:00:00:00,-75,11,0,0,0,0,0,0,0,0,0,-91,0,1,0,162896608,0,31,0,128,0,"[0,0,4,12,0,13,-1,14,1,13,1,10,-1,8,-2,7,-1,7,1,6,0,5,-2,5,-3,4,-2,5,-3,6,-5,6,-6,7,-7,7,-8,7,-9,6,-11,6,-11,5,-11,5,-14,4,-14,1,-13,-2,-13,-4,0,0,0,0,0,0,0,0,0,0,0,0,0,0,0,0,0,0,0,0,0,0,-18,7,-17,7,-16,7,-15,7,-14,8,-13,8,-13,9,-13,9,-12,9,-11,9,-10,10,-10,10,-9,11,-8,11,-7,11,-6,11,-4,12,-2,13,-1,14,-1,15,0,14,0,13,-1,13,0,13,3,14,4,15]"
[0;32mI (163088) ftm_responder: Counter = 163[0m
CSI_DATA,849,1a:00:00:00:00:00,-73,11,0,0,0,0,0,0,0,0,0,-91,0,1,0,163097514,0,31,0,128,0,"[0,0,-13,-7,-12,-7,-13,-4,-14,-2,-12,-4,-12,-6,-11,-6,-8,-2,-6,0,-6,-5,-8,-7,-8,-6,-6,-6,-2,-6,0,-8,0,-8,-2,-9,-1,-10,1,-12,1,-13,3,-13,5,-11,5,-9,8,-7,9,-8,9,-9,0,0,0,0,0,0,0,0,0,0,0,0,0,0,0,0,0,0,0,0,0,0,-8,-14,-7,-14,-7,-14,-6,-14,-6,-12,-7,-13,-7,-14,-7,-14,-8,-13,-8,-13,-8,-12,-8,-10,-8,-10,-8,-9,-8,-7,-9,-8,-10,-8,-10,-7,-10,-8,-11,-10,-12,-8,-12,-6,-13,-5,-13,-6,-13,-7,-13,-8]"
CSI_DATA,850,1a:00:00:00:00:00,-75,11,0,0,0,0,0,0,0,0,0,-91,0,1,0,163297514,0,31,0,128,0,"[0,0,-12,5,-13,6,-13,5,-11,3,-12,3,-11,4,-10,4,-9,3,-8,2,-9,1,-9,0,-9,0,-10,1,-11,0,-11,-1,-11,-2,-11,-4,-12,-5,-14,-5,-13,-7,-10,-9,-8,-9,-6,-9,-6,-11,-5,-12,-4,-13,0,0,0,0,0,0,0,0,0,0,0,0,0,0,0,0,0,0,0,0,0,0,-15,-9,-14,-9,-14,-8,-15,-8,-14,-7,-14,-7,-14,-6,-15,-6,-15,-5,-15,-5,-14,-4,-14,-4,-13,-3,-14,-2,-15,-1,-15,1,-14,4,-12,2,-12,1,-12,3,-11,4,-12,3,-14,2,-14,3,-12,4,-9,4]"
CSI_DATA,851,1a:00:00:00:00:00,-74,11,0,0,0,0,0,0,0,0,0,-91,0,1,0,163498863,0,31,0,128,0,"[0,0,6,7,6,7,7,6,8,5,8,5,6,6,5,5,5,5,6,5,6,6,6,7,5,7,5,6,4,6,4,7,4,7,3,9,2,11,2,12,2,12,1,12,-3,12,-4,13,-3,13,-4,12,-8,12,0,0,0,0,0,0,0,0,0,0,0,0,0,0,0,0,0,0,0,0,0,0,-2,16,-2,16,-1,16,0,15,1,15,1,16,2,16,2,15,2,14,3,14,4,14,4,13,5,12,6,11,7,10,7,9,8,9,8,9,8,9,9,9,10,8,11,8,12,8,13,8,12,9,10,8]"
CSI_DATA,852,1a:00:00:00:00:00,-72,11,0,0,0,0,0,0,0,0,0,-91,0,1,0,163702363,0,31,0,128,0,"[0,0,9,3,8,2,7,2,7,2,6,3,4,3,5,2,7,3,8,5,7,7,7,6,6,4,6,3,6,4,5,5,3,7,3,6,3,6,3,8,2,10,0,11,-3,10,-3,10,-3,11,-4,11,-5,9,0,0,0,0,0,0,0,0,0,0,0,0,0,0,0,0,0,0,0,0,0,0,0,15,0,14,0,14,1,14,1,13,2,13,2,14,2,13,3,13,3,13,3,12,4,12,5,12,6,12,6,9,6,8,6,9,7,10,9,11,8,9,8,9,11,7,11,4,10,3,11,3,11,6]"
CSI_DATA,853,1a:00:00:00:00:00,-74,11,0,0,0,0,0,0,0,0,0,-91,0,1,0,163760726,0,42,0,128,0,"[0,0,10,4,9,4,9,5,8,5,8,4,8,5,8,5,6,4,6,4,6,4,6,4,5,4,4,3,5,3,5,5,3,8,2,8,1,8,1,9,0,10,-1,12,-2,11,-3,11,-5,11,-6,11,-7,11,0,0,0,0,0,0,0,0,0,0,0,0,0,0,0,0,0,0,0,0,0,0,3,15,3,15,3,15,4,15,5,13,6,13,7,13,6,13,6,13,6,13,5,13,7,13,10,10,11,9,10,10,9,10,10,8,11,7,11,7,10,7,11,7,12,7,13,6,13,6,13,6,12,5]"
CSI_DATA,854,1a:00:00:00:00:00,-73,11,0,0,0,0,0,0,0,0,0,-91,0,1,0,163831270,0,31,0,128,0,"[0,0,-12,6,-9,7,-10,6,-11,4,-11,3,-11,3,-10,4,-9,4,-10,3,-9,2,-9,1,-10,0,-11,0,-11,0,-10,-1,-10,-2,-9,-3,-9,-4,-8,-6,-8,-7,-9,-8,-9,-8,-9,-9,-9,-12,-8,-14,-7,-15,0,0,0,0,0,0,0,0,0,0,0,0,0,0,0,0,0,0,0,0,0,0,-16,-4,-16,-4,-16,-4,-16,-4,-16,-3,-16,-2,-16,-2,-16,-1,-16,-1,-16,-1,-16,-1,-16,0,-15,1,-14,3,-14,4,-13,4,-13,4,-13,4,-13,4,-13,6,-12,6,-12,6,-11,7,-12,7,-13,6,-11,6]"
CSI_DATA,855,1a:00:00:00:00:00,-73,11,0,0,0,0,0,0,0,0,0,-91,0,1,0,164031722,0,31,0,128,0,"[0,0,4,-12,5,-11,6,-10,7,-10,6,-8,5,-7,4,-8,4,-7,5,-5,5,-6,7,-7,7,-6,6,-6,6,-4,8,-2,9,0,8,-2,6,-5,7,-4,9,1,4,4,5,6,12,7,9,7,3,5,3,3,0,0,0,0,0,0,0,0,0,0,0,0,0,0,0,0,0,0,0,0,0,0,15,-6,14,-7,14,-7,13,-7,12,-8,13,-8,13,-8,12,-9,11,-9,11,-9,11,-9,11,-9,10,-11,8,-11,7,-11,7,-12,7,-12,7,-13,7,-13,7,-14,6,-15,6,-15,5,-15,4,-14,4,-12,5,-11]"
[0;32mI (164088) ftm_responder: Counter = 164[0m
CSI_DATA,856,1a:00:00:00:00:00,-74,11,0,0,0,0,0,0,0,0,0,-91,0,1,0,164230500,0,31,0,128,0,"[0,0,-2,-13,-1,-11,-2,-10,-2,-11,0,-13,1,-13,1,-12,1,-10,1,-9,0,-8,0,-8,0,-8,0,-8,0,-9,3,-9,4,-9,5,-9,7,-8,8,-7,9,-7,10,-6,11,-5,12,-5,12,-4,13,-3,13,-1,0,0,0,0,0,0,0,0,0,0,0,0,0,0,0,0,0,0,0,0,0,0,14,-6,14,-6,13,-7,13,-8,12,-9,11,-9,11,-10,11,-11,10,-11,10,-11,9,-11,8,-11,7,-12,7,-13,7,-13,5,-12,3,-13,2,-14,2,-14,2,-14,1,-15,1,-16,0,-15,-1,-16,-2,-16,-2,-14]"
CSI_DATA,857,1a:00:00:00:00:00,-73,11,0,0,0,0,0,0,0,0,0,-91,0,1,0,164440945,0,31,0,128,0,"[0,0,-6,11,-6,9,-6,8,-5,7,-4,6,-4,6,-4,7,-5,6,-6,5,-6,4,-6,4,-5,4,-5,4,-5,4,-6,3,-8,2,-10,1,-12,2,-13,3,-11,6,-11,3,-13,-4,-14,-5,-12,-2,-13,-1,-17,-3,0,0,0,0,0,0,0,0,0,0,0,0,0,0,0,0,0,0,0,0,0,0,-14,-4,-13,-3,-13,-2,-13,-1,-14,0,-14,1,-13,2,-13,2,-13,1,-13,2,-13,3,-13,4,-13,4,-11,4,-11,6,-11,6,-10,6,-9,8,-9,10,-8,10,-5,9,-5,8,-6,9,-6,9,-6,6,-6,7]"
CSI_DATA,858,1a:00:00:00:00:00,-75,11,0,0,0,0,0,0,0,0,0,-91,0,1,0,164834004,0,31,0,128,0,"[0,0,1,13,0,13,-1,12,-1,12,-1,11,-1,10,-1,11,0,11,-1,7,-1,7,-2,9,-1,9,-2,8,-4,7,-5,6,-5,6,-7,6,-10,3,-11,0,-10,0,-10,-2,-13,-4,-14,-4,-14,-7,-14,-8,-13,-7,0,0,0,0,0,0,0,0,0,0,0,0,0,0,0,0,0,0,0,0,0,0,-14,14,-13,13,-12,13,-12,13,-11,14,-10,14,-11,14,-11,14,-9,14,-8,14,-8,14,-7,14,-8,14,-9,14,-6,14,-4,15,-3,15,-2,14,0,13,-2,14,-3,16,-2,15,0,14,1,15,0,16,0,16]"
CSI_DATA,859,1a:00:00:00:00:00,-74,11,0,0,0,0,0,0,0,0,0,-91,0,1,0,165035262,0,31,0,128,0,"[0,0,2,-7,4,-8,6,-10,6,-10,5,-10,4,-9,4,-8,4,-7,5,-7,6,-7,6,-7,6,-7,6,-6,6,-3,7,-1,6,0,4,2,5,1,8,2,12,4,11,4,8,6,6,7,5,9,4,11,3,13,0,0,0,0,0,0,0,0,0,0,0,0,0,0,0,0,0,0,0,0,0,0,17,-2,16,-2,15,-1,15,-1,15,-2,15,-3,15,-3,15,-4,15,-4,14,-4,14,-4,14,-4,12,-6,10,-7,10,-8,11,-9,9,-10,8,-10,7,-10,8,-10,10,-11,10,-12,8,-12,6,-10,5,-8,4,-8]"
[0;32mI (165088) ftm_responder: Counter = 165[0m
CSI_DATA,860,1a:00:00:00:00:00,-75,11,0,0,0,0,0,0,0,0,0,-91,0,1,0,165236706,0,31,0,128,0,"[0,0,-9,-6,-9,-5,-11,-3,-11,-2,-9,-4,-9,-3,-8,-2,-7,-2,-6,-3,-6,-5,-4,-6,-3,-6,-4,-3,-5,-3,-5,-5,-3,-7,-1,-8,0,-9,3,-9,4,-7,5,-6,7,-7,8,-7,8,-6,8,-5,9,-5,0,0,0,0,0,0,0,0,0,0,0,0,0,0,0,0,0,0,0,0,0,0,-7,-14,-7,-13,-8,-13,-9,-12,-9,-12,-9,-13,-9,-12,-9,-11,-10,-11,-10,-10,-10,-10,-10,-10,-10,-10,-9,-9,-9,-8,-10,-8,-11,-8,-12,-7,-12,-7,-12,-6,-12,-6,-13,-5,-13,-4,-12,-5,-12,-6,-13,-7]"
CSI_DATA,861,1a:00:00:00:00:00,-75,11,0,0,0,0,0,0,0,0,0,-91,0,1,0,165297212,0,42,0,128,0,"[0,0,5,11,5,10,4,8,3,8,3,8,3,8,3,8,2,8,2,6,2,5,2,6,2,6,1,6,0,6,-1,6,-3,6,-4,6,-5,5,-7,5,-9,4,-10,3,-10,2,-11,0,-12,-1,-13,-3,-14,-6,0,0,0,0,0,0,0,0,0,0,0,0,0,0,0,0,0,0,0,0,0,0,-7,16,-6,14,-6,14,-5,14,-5,15,-4,15,-3,15,-2,15,-2,15,-2,15,-1,15,-1,15,0,15,1,14,1,14,2,14,2,13,3,13,5,13,5,13,6,12,6,12,6,13,7,12,8,11,7,11]"
CSI_DATA,862,1a:00:00:00:00:00,-75,11,0,0,0,0,0,0,0,0,0,-91,0,1,0,165799867,0,42,0,128,0,"[0,0,-13,8,-11,9,-8,6,-7,4,-7,4,-6,5,-7,6,-8,5,-7,3,-6,2,-6,1,-6,1,-6,0,-6,-1,-6,-1,-5,-2,-5,-3,-4,-5,-4,-7,-2,-8,-1,-10,0,-12,1,-13,1,-13,3,-13,8,-12,0,0,0,0,0,0,0,0,0,0,0,0,0,0,0,0,0,0,0,0,0,0,-19,-2,-18,-1,-17,-1,-16,-1,-16,1,-16,2,-16,2,-16,2,-16,2,-17,2,-17,2,-16,3,-15,3,-14,3,-14,4,-13,6,-12,8,-13,8,-12,8,-10,7,-12,8,-13,9,-11,10,-10,8,-9,5,-9,5]"
[0;32mI (166088) ftm_responder: Counter = 166[0m
CSI_DATA,863,1a:00:00:00:00:00,-76,11,0,0,0,0,0,0,0,0,0,-91,0,1,0,166299086,0,42,0,128,0,"[0,0,3,-1,3,-2,3,-2,2,-3,0,-4,1,-5,0,-7,-1,-8,0,-9,2,-8,4,-8,3,-9,0,-9,-1,-11,0,-14,0,-15,-1,-16,-3,-19,-5,-22,-2,-22,2,-21,2,-22,0,-23,2,-22,5,-21,7,-23,0,0,0,0,0,0,0,0,0,0,0,0,0,0,0,0,0,0,0,0,0,0,-6,-11,-5,-11,-6,-11,-7,-10,-6,-9,-6,-9,-6,-9,-5,-8,-6,-8,-5,-7,-4,-7,-5,-7,-5,-6,-5,-6,-5,-5,-4,-3,-3,-2,-5,-3,-4,-3,-3,-3,-4,-4,-3,-3,0,-1,1,-2,-1,-4,-2,-6]"
CSI_DATA,864,1a:00:00:00:00:00,-76,11,0,0,0,0,0,0,0,0,0,-91,0,1,0,166395258,0,31,0,128,0,"[0,0,8,4,6,5,4,4,4,4,4,4,6,1,9,0,9,1,8,-1,9,-3,12,-3,13,-3,12,-1,12,-1,11,-7,12,-10,14,-12,17,-12,18,-10,17,-11,18,-13,18,-15,19,-15,20,-13,20,-13,22,-15,0,0,0,0,0,0,0,0,0,0,0,0,0,0,0,0,0,0,0,0,0,0,10,8,9,7,9,5,9,4,9,4,8,3,8,3,8,2,7,1,6,1,6,0,5,0,5,-1,4,-1,3,-1,2,-1,2,0,2,-1,4,-3,5,-3,4,-3,2,-2,0,-1,0,-1,4,0,6,1]"
CSI_DATA,865,1a:00:00:00:00:00,-75,11,0,0,0,0,0,0,0,0,0,-91,0,1,0,166598865,0,31,0,128,0,"[0,0,-4,7,-4,9,-3,10,-5,8,-8,8,-6,9,-3,8,-4,7,-4,8,-2,8,-1,8,1,11,2,15,1,15,1,15,3,16,4,16,5,16,4,17,3,19,3,21,3,21,4,22,3,23,0,23,-1,25,0,0,0,0,0,0,0,0,0,0,0,0,0,0,0,0,0,0,0,0,0,0,-2,13,-3,12,-3,11,-2,10,-2,9,-2,8,-1,8,-1,7,-1,7,-1,6,-1,4,-1,4,0,3,0,2,0,2,-1,3,-2,3,-1,3,0,3,0,4,-1,3,-3,3,-3,4,-2,5,-1,5,-3,6]"
CSI_DATA,866,1a:00:00:00:00:00,-75,11,0,0,0,0,0,0,0,0,0,-91,0,1,0,166803421,0,31,0,128,0,"[0,0,-8,3,-8,2,-9,3,-11,6,-14,4,-16,3,-13,4,-8,4,-8,4,-12,5,-13,7,-11,8,-8,12,-8,13,-9,14,-12,16,-12,18,-13,22,-14,23,-14,21,-15,22,-17,23,-16,23,-15,22,-16,23,-17,24,0,0,0,0,0,0,0,0,0,0,0,0,0,0,0,0,0,0,0,0,0,0,-11,10,-11,9,-10,8,-9,7,-9,7,-8,7,-8,6,-8,6,-7,6,-6,5,-5,4,-5,4,-5,3,-5,4,-4,4,-3,2,-3,2,-2,4,-2,3,-3,2,-3,2,-6,1,-7,1,-4,3,-4,5,-9,5]"
CSI_DATA,867,1a:00:00:00:00:00,-75,11,0,0,0,0,0,0,0,0,0,-91,0,1,0,167008382,0,31,0,128,0,"[0,0,-11,4,-8,5,-8,7,-7,9,-5,12,-3,14,-1,12,-2,8,-2,6,-4,10,-1,13,6,14,3,14,-2,15,1,16,2,18,1,20,1,21,1,24,0,27,0,27,-1,26,-1,25,0,27,-2,29,-3,28,0,0,0,0,0,0,0,0,0,0,0,0,0,0,0,0,0,0,0,0,0,0,5,15,4,15,3,14,2,13,2,12,2,11,2,10,2,10,2,9,0,8,0,7,0,6,-1,5,-1,6,1,6,1,6,0,4,-1,1,0,0,0,1,-2,3,-4,4,-5,4,-4,5,-2,8,-1,12]"
[0;32mI (167088) ftm_responder: Counter = 167[0m
CSI_DATA,868,1a:00:00:00:00:00,-74,11,0,0,0,0,0,0,0,0,0,-91,0,1,0,167205910,0,31,0,128,0,"[0,0,8,-1,8,0,9,0,9,0,9,-3,8,-5,8,-4,8,-5,8,-7,8,-8,7,-8,8,-9,9,-10,8,-12,5,-14,3,-16,3,-18,3,-17,2,-15,1,-19,3,-20,6,-14,5,-15,3,-20,3,-23,11,-29,0,0,0,0,0,0,0,0,0,0,0,0,0,0,0,0,0,0,0,0,0,0,10,6,10,5,10,5,10,4,10,3,9,3,8,2,7,1,7,1,6,1,6,0,6,0,7,1,5,1,4,-1,5,-2,5,-1,4,-1,4,-2,5,-1,5,1,4,0,4,-1,5,0,7,-1,6,-1]"
CSI_DATA,869,1a:00:00:00:00:00,-76,11,0,0,0,0,0,0,0,0,0,-91,0,1,0,167414510,0,31,0,128,0,"[0,0,-2,-5,-3,-4,-3,-6,-3,-7,-3,-7,-3,-7,-3,-9,-5,-9,-7,-7,-8,-7,-9,-9,-11,-9,-11,-7,-10,-8,-11,-10,-14,-9,-16,-9,-17,-9,-17,-9,-18,-9,-19,-10,-21,-10,-21,-11,-20,-14,-20,-16,-20,-17,0,0,0,0,0,0,0,0,0,0,0,0,0,0,0,0,0,0,0,0,0,0,-5,-14,-5,-13,-5,-12,-5,-11,-5,-11,-5,-9,-5,-9,-5,-9,-5,-8,-5,-8,-4,-7,-3,-6,-3,-4,-3,-4,-4,-4,-3,-3,-3,-3,-3,-3,-3,-3,-3,-3,-4,-3,-4,-2,-4,-3,-3,-4,-2,-6,-2,-7]"
CSI_DATA,870,1a:00:00:00:00:00,-76,11,0,0,0,0,0,0,0,0,0,-91,0,1,0,167606534,0,31,0,128,0,"[0,0,-6,-2,-7,-1,-7,-1,-6,-3,-8,-3,-8,0,-7,1,-9,1,-9,2,-8,6,-9,8,-8,4,-7,0,-9,-1,-10,1,-10,6,-11,11,-12,12,-14,12,-14,11,-14,10,-14,10,-15,11,-15,10,-16,10,-18,9,0,0,0,0,0,0,0,0,0,0,0,0,0,0,0,0,0,0,0,0,0,0,-11,1,-11,1,-11,1,-10,0,-9,1,-9,0,-8,1,-8,2,-7,1,-7,0,-6,1,-6,2,-6,3,-5,3,-4,3,-6,3,-5,2,-2,-1,-1,0,-2,1,-6,-2,-10,-3,-6,-2,1,1,1,2,-5,-2]"
CSI_DATA,871,1a:00:00:00:00:00,-76,11,0,0,0,0,0,0,0,0,0,-91,0,1,0,167803571,0,31,0,128,0,"[0,0,-8,0,-7,2,-8,2,-8,1,-8,-1,-7,0,-8,2,-10,4,-11,5,-9,5,-9,6,-10,8,-11,9,-10,10,-9,10,-9,12,-11,14,-14,16,-15,16,-13,16,-12,17,-12,17,-13,17,-13,17,-15,17,-18,17,0,0,0,0,0,0,0,0,0,0,0,0,0,0,0,0,0,0,0,0,0,0,-12,-6,-11,-6,-11,-5,-11,-4,-11,-4,-9,-3,-9,-3,-10,-3,-10,-2,-8,-2,-8,-2,-7,-1,-6,-1,-5,-1,-5,0,-5,1,-5,1,-5,1,-6,2,-6,1,-2,1,-1,2,-2,1,-3,1,-4,0,-6,-1]"
CSI_DATA,872,1a:00:00:00:00:00,-76,11,0,0,0,0,0,0,0,0,0,-91,0,1,0,167869356,0,42,0,128,0,"[0,0,2,3,1,3,1,4,3,4,3,4,3,6,5,7,6,9,5,8,4,7,6,6,8,7,10,8,11,7,11,7,12,8,13,9,14,9,15,10,16,11,15,13,15,13,16,13,16,13,15,14,15,16,0,0,0,0,0,0,0,0,0,0,0,0,0,0,0,0,0,0,0,0,0,0,1,12,1,11,2,10,2,9,2,8,2,9,2,9,3,8,3,8,2,7,2,6,2,6,2,5,3,4,3,2,2,1,2,1,2,0,2,0,2,2,2,3,3,3,3,4,2,4,2,4,2,4]"
CSI_DATA,873,1a:00:00:00:00:00,-75,11,0,0,0,0,0,0,0,0,0,-91,0,1,0,167926586,0,31,0,128,0,"[0,0,5,8,3,7,2,7,2,9,0,9,1,8,4,10,3,12,2,12,3,9,4,8,6,10,8,10,10,11,12,11,13,11,15,11,16,13,17,14,18,15,18,15,18,15,18,16,19,17,19,17,18,18,0,0,0,0,0,0,0,0,0,0,0,0,0,0,0,0,0,0,0,0,0,0,-4,14,-4,14,-4,13,-3,12,-3,11,-2,11,-1,11,0,10,0,9,0,8,0,9,1,8,1,7,1,6,1,5,2,6,1,6,0,5,1,4,2,3,1,2,-1,4,0,4,2,2,3,2,0,3]"
[0;32mI (168088) ftm_responder: Counter = 168[0m
CSI_DATA,874,1a:00:00:00:00:00,-76,11,0,0,0,0,0,0,0,0,0,-91,0,1,0,168131806,0,31,0,128,0,"[0,0,-4,-7,-3,-8,-3,-10,-4,-10,-3,-9,-3,-7,-3,-8,-4,-10,-6,-10,-8,-11,-9,-12,-10,-11,-12,-10,-13,-9,-13,-10,-14,-11,-16,-12,-19,-13,-20,-14,-19,-15,-19,-16,-19,-17,-19,-19,-18,-20,-18,-20,-17,-21,0,0,0,0,0,0,0,0,0,0,0,0,0,0,0,0,0,0,0,0,0,0,-3,-15,-4,-14,-4,-12,-5,-12,-5,-11,-6,-11,-5,-10,-5,-9,-5,-9,-5,-8,-5,-7,-6,-6,-5,-7,-3,-6,-3,-5,-4,-4,-4,-4,-4,-3,-4,-3,-4,-2,-3,-2,-2,-3,-2,-4,-3,-4,-3,-3,-3,-3]"
CSI_DATA,875,1a:00:00:00:00:00,-76,11,0,0,0,0,0,0,0,0,0,-91,0,1,0,168327322,0,31,0,128,0,"[0,0,-6,-2,-5,-2,-5,-3,-5,-3,-6,-3,-7,-2,-7,-2,-7,-1,-9,1,-8,1,-7,3,-7,4,-7,5,-9,7,-9,9,-8,12,-9,14,-12,16,-14,17,-14,15,-11,17,-8,19,-6,17,-6,17,-10,20,-17,20,0,0,0,0,0,0,0,0,0,0,0,0,0,0,0,0,0,0,0,0,0,0,4,-11,3,-10,2,-10,1,-9,0,-9,-1,-9,-1,-9,-1,-8,-2,-7,-2,-7,-2,-6,-3,-5,-3,-5,-3,-5,-4,-4,-4,-4,-4,-3,-4,-2,-3,-2,-3,-2,-4,-1,-4,-1,-4,-2,-5,-2,-4,-3,-1,-3]"
CSI_DATA,876,1a:00:00:00:00:00,-74,11,0,0,0,0,0,0,0,0,0,-91,0,1,0,168533898,0,31,0,128,0,"[0,0,-3,1,-4,2,-5,3,-5,2,-5,4,-5,6,-5,6,-4,6,-3,6,-3,6,-3,7,-4,8,-4,10,-3,11,-2,11,0,14,-1,15,-2,14,-1,17,3,20,4,20,1,19,0,15,1,14,1,19,-2,24,0,0,0,0,0,0,0,0,0,0,0,0,0,0,0,0,0,0,0,0,0,0,-11,3,-11,3,-10,3,-9,3,-9,3,-8,3,-7,3,-6,4,-6,4,-6,4,-5,4,-5,3,-3,3,-3,3,-3,3,-2,3,-2,3,-2,3,-2,3,-3,3,-3,3,-3,2,-3,1,-3,1,-3,2,-3,2]"
CSI_DATA,877,1a:00:00:00:00:00,-74,11,0,0,0,0,0,0,0,0,0,-91,0,1,0,168729511,0,31,0,128,0,"[0,0,3,-5,1,-6,2,-2,4,0,7,-3,10,-1,9,0,6,-1,11,-2,15,-3,14,-4,10,-4,6,-3,7,-4,10,-9,12,-12,14,-11,17,-11,18,-13,20,-13,21,-12,18,-10,17,-8,17,-6,19,-5,23,-7,0,0,0,0,0,0,0,0,0,0,0,0,0,0,0,0,0,0,0,0,0,0,7,-10,7,-9,7,-9,6,-10,5,-10,5,-10,5,-8,5,-7,4,-7,1,-7,-1,-6,0,-5,1,-2,1,-1,0,-3,0,-3,1,-3,2,-3,2,-4,2,-2,3,-1,5,0,6,1,7,0,6,0,1,1]"
CSI_DATA,878,1a:00:00:00:00:00,-75,11,0,0,0,0,0,0,0,0,0,-91,0,1,0,168930011,0,31,0,128,0,"[0,0,5,-2,6,-3,6,-4,5,-4,4,-4,4,-5,6,-4,8,-4,9,-5,8,-7,8,-8,9,-8,12,-9,13,-11,11,-13,11,-14,13,-14,15,-13,14,-14,15,-14,18,-14,19,-14,19,-15,20,-16,21,-16,20,-16,0,0,0,0,0,0,0,0,0,0,0,0,0,0,0,0,0,0,0,0,0,0,10,-10,9,-9,9,-9,8,-8,7,-8,7,-7,7,-8,7,-7,6,-7,5,-6,5,-6,4,-5,3,-5,2,-4,1,-2,2,-3,3,-3,3,-3,3,-5,3,-6,2,-6,1,-4,2,-1,3,0,4,0,4,0]"
[0;32mI (169088) ftm_responder: Counter = 169[0m
CSI_DATA,879,1a:00:00:00:00:00,-75,11,0,0,0,0,0,0,0,0,0,-91,0,1,0,169131720,0,31,0,128,0,"[0,0,4,-2,6,-3,7,-2,6,-1,6,0,6,0,7,0,9,-1,11,-4,9,-6,8,-6,11,-6,13,-7,11,-7,12,-9,14,-11,14,-11,14,-10,14,-11,17,-12,20,-12,21,-12,22,-12,23,-13,22,-11,21,-9,0,0,0,0,0,0,0,0,0,0,0,0,0,0,0,0,0,0,0,0,0,0,12,-4,12,-3,11,-3,9,-4,9,-3,10,-3,9,-4,8,-5,8,-4,6,-3,4,-2,5,-1,6,-3,5,-5,2,-5,1,-3,0,-2,2,-2,5,-3,5,-2,4,-2,3,-2,4,-3,5,-2,4,0,4,0]"
CSI_DATA,880,1a:00:00:00:00:00,-75,11,0,0,0,0,0,0,0,0,0,-91,0,1,0,169332744,0,31,0,128,0,"[0,0,-5,-4,-7,-3,-4,-3,-4,-5,-7,-5,-7,-5,-9,-4,-10,-2,-10,0,-11,1,-12,0,-11,1,-11,3,-13,4,-13,5,-13,6,-16,8,-17,9,-17,9,-19,11,-19,14,-20,17,-22,16,-19,13,-21,10,-25,5,0,0,0,0,0,0,0,0,0,0,0,0,0,0,0,0,0,0,0,0,0,0,-5,-13,-5,-12,-5,-11,-5,-10,-6,-9,-6,-9,-6,-8,-6,-7,-6,-7,-6,-7,-6,-6,-6,-5,-6,-5,-5,-3,-4,-3,-5,-3,-5,-2,-5,-1,-4,-1,-4,-1,-4,-1,-4,-1,-3,-1,-3,-2,-4,-2,-5,-3]"
CSI_DATA,881,1a:00:00:00:00:00,-76,11,0,0,0,0,0,0,0,0,0,-91,0,1,0,169393714,0,42,0,128,0,"[0,0,-7,-3,-9,-3,-10,-3,-9,-2,-8,-1,-9,-2,-8,-2,-7,0,-9,0,-11,-1,-11,0,-11,2,-13,2,-14,3,-14,5,-16,6,-17,7,-18,8,-19,8,-20,8,-21,8,-22,7,-23,7,-24,8,-24,7,-25,6,0,0,0,0,0,0,0,0,0,0,0,0,0,0,0,0,0,0,0,0,0,0,-13,-7,-12,-6,-11,-6,-11,-5,-10,-4,-10,-3,-10,-3,-10,-3,-9,-3,-8,-3,-7,-2,-6,-2,-6,-2,-7,-1,-6,0,-5,1,-5,1,-5,2,-6,1,-5,0,-5,-1,-5,-1,-5,-2,-6,-3,-6,-3,-5,-3]"
CSI_DATA,882,1a:00:00:00:00:00,-74,11,0,0,0,0,0,0,0,0,0,-91,0,1,0,169464933,0,31,0,128,0,"[0,0,3,-1,5,0,7,2,10,2,9,1,8,1,9,-3,9,-5,7,-7,6,-10,7,-10,7,-12,9,-12,12,-13,12,-13,12,-14,12,-14,12,-13,15,-15,16,-17,14,-18,14,-19,16,-21,18,-21,18,-19,17,-15,0,0,0,0,0,0,0,0,0,0,0,0,0,0,0,0,0,0,0,0,0,0,14,-1,12,-1,12,-2,11,-2,11,-2,11,-3,10,-3,10,-3,9,-2,8,-3,7,-3,7,-2,6,-2,6,-3,4,-3,2,-3,2,-3,3,-2,3,-3,3,-3,3,-1,4,-1,3,-2,3,-2,5,0,5,1]"
CSI_DATA,883,1a:00:00:00:00:00,-74,11,0,0,0,0,0,0,0,0,0,-91,0,1,0,169667628,0,31,0,128,0,"[0,0,-1,8,-2,6,-2,6,0,8,1,8,0,7,-1,6,2,5,6,6,4,9,3,11,5,13,8,12,11,10,12,10,14,12,18,12,23,11,25,11,21,10,14,8,13,9,20,9,27,11,26,16,25,17,0,0,0,0,0,0,0,0,0,0,0,0,0,0,0,0,0,0,0,0,0,0,-13,11,-12,10,-10,9,-9,10,-10,8,-8,7,-6,7,-6,8,-5,8,-3,7,-2,6,-3,5,-3,6,-3,5,-3,2,0,0,0,1,-1,2,0,5,3,6,3,4,1,4,-1,7,-3,6,-3,2,-3,0]"
CSI_DATA,884,1a:00:00:00:00:00,-74,11,0,0,0,0,0,0,0,0,0,-91,0,1,0,169864952,0,31,0,128,0,"[0,0,1,-4,3,-6,4,-6,5,-6,4,-6,3,-6,3,-6,4,-8,5,-8,6,-10,5,-12,2,-12,-1,-13,-1,-14,1,-15,2,-17,2,-17,2,-18,2,-18,-3,-17,-3,-19,1,-21,0,-22,0,-23,-2,-21,-4,-20,0,0,0,0,0,0,0,0,0,0,0,0,0,0,0,0,0,0,0,0,0,0,6,-12,6,-11,6,-10,5,-10,5,-10,4,-10,4,-9,3,-8,2,-8,2,-7,2,-5,2,-4,0,-2,1,-3,1,-3,0,-2,1,-3,2,-4,0,-4,-1,-4,0,-3,-1,-4,0,-6,2,-6,2,-4,1,-4]"
CSI_DATA,885,1a:00:00:00:00:00,-76,11,0,0,0,0,0,0,0,0,0,-91,0,1,0,170073393,0,31,0,128,0,"[0,0,-8,-1,-8,-2,-8,-2,-8,-3,-7,-2,-8,-2,-8,-1,-8,0,-8,0,-9,1,-10,3,-10,4,-11,5,-12,7,-12,8,-12,7,-12,8,-14,12,-15,13,-17,9,-18,7,-16,7,-16,5,-16,3,-19,8,-25,13,0,0,0,0,0,0,0,0,0,0,0,0,0,0,0,0,0,0,0,0,0,0,-12,-1,-12,-1,-11,0,-11,0,-10,0,-9,0,-9,0,-8,0,-8,0,-8,1,-8,1,-7,0,-6,1,-5,2,-3,1,-2,1,-3,1,-3,1,-3,0,-3,0,-3,1,-4,0,-4,-3,-4,-2,-5,0,-6,0]"
[0;32mI (170088) ftm_responder: Counter = 170[0m
CSI_DATA,886,1a:00:00:00:00:00,-75,11,0,0,0,0,0,0,0,0,0,-91,0,1,0,170266324,0,31,0,128,0,"[0,0,-7,-4,-1,-1,3,0,0,-2,-4,-7,-3,-10,-2,-6,-4,-1,-5,-3,-5,-6,-7,-4,-8,0,-8,3,-9,2,-10,1,-12,1,-13,4,-15,7,-17,9,-16,9,-15,10,-17,12,-19,12,-20,11,-20,10,-19,7,0,0,0,0,0,0,0,0,0,0,0,0,0,0,0,0,0,0,0,0,0,0,5,-10,4,-9,3,-8,4,-8,3,-9,2,-8,0,-8,0,-8,0,-8,0,-8,-1,-7,-1,-6,-1,-5,-2,-5,-3,-4,-3,-4,-2,-4,-2,-4,-2,-3,-3,-3,-3,-4,-2,-6,-3,-6,-3,-2,-4,-1,-4,-1]"
CSI_DATA,887,1a:00:00:00:00:00,-76,11,0,0,0,0,0,0,0,0,0,-91,0,1,0,170466029,0,31,0,128,0,"[0,0,-1,5,-1,4,-1,5,-1,6,-2,6,-1,6,-1,7,-2,5,-2,6,0,8,1,10,0,11,0,11,2,12,4,13,6,14,7,14,6,14,5,16,3,19,2,21,3,22,3,22,1,23,0,24,0,25,0,0,0,0,0,0,0,0,0,0,0,0,0,0,0,0,0,0,0,0,0,0,-1,13,0,12,1,10,1,10,0,10,1,10,2,9,1,10,1,9,1,7,0,6,0,6,2,7,1,8,0,8,0,4,-2,4,-2,6,0,4,1,0,-1,0,-2,2,1,2,3,2,1,3,0,2]"
CSI_DATA,888,1a:00:00:00:00:00,-75,11,0,0,0,0,0,0,0,0,0,-91,0,1,0,170666794,0,31,0,128,0,"[0,0,-1,5,-1,5,-2,7,-1,10,1,10,2,9,0,11,0,11,2,11,3,11,3,10,4,9,5,12,7,14,8,14,9,15,10,15,12,17,12,20,12,22,11,22,11,23,12,24,11,23,9,22,8,21,0,0,0,0,0,0,0,0,0,0,0,0,0,0,0,0,0,0,0,0,0,0,-4,14,-4,13,-4,13,-4,13,-3,11,-2,10,-1,10,-1,10,-2,10,-1,9,0,9,0,8,0,6,2,6,3,4,1,3,2,5,1,5,-2,4,-2,2,1,2,2,3,1,4,1,4,-1,5,-3,5]"
CSI_DATA,889,1a:00:00:00:00:00,-75,11,0,0,0,0,0,0,0,0,0,-91,0,1,0,170869402,0,31,0,128,0,"[0,0,-5,-1,-6,-2,-5,-2,-3,-3,-5,-5,-6,-6,-4,-5,-4,-3,-8,-3,-11,-3,-10,-1,-9,-2,-11,-2,-15,0,-17,1,-17,2,-18,2,-18,1,-20,1,-21,1,-21,1,-24,0,-25,1,-26,2,-27,0,-30,-2,0,0,0,0,0,0,0,0,0,0,0,0,0,0,0,0,0,0,0,0,0,0,-11,-11,-10,-11,-9,-10,-9,-10,-9,-9,-9,-8,-8,-7,-8,-6,-7,-6,-8,-5,-8,-4,-8,-5,-7,-5,-5,-4,-5,-2,-7,-1,-7,-2,-6,-3,-5,-3,-4,-2,-5,-1,-6,-1,-5,-2,-4,-3,-4,-3,-4,-3]"
CSI_DATA,890,1a:00:00:00:00:00,-75,11,0,0,0,0,0,0,0,0,0,-91,0,1,0,170928882,0,42,0,128,0,"[0,0,4,2,4,2,4,3,4,4,4,4,5,4,7,3,7,3,8,3,7,2,8,1,9,1,11,1,13,1,14,0,15,0,17,-1,18,-1,19,0,21,0,21,1,22,2,22,3,22,3,22,4,22,5,0,0,0,0,0,0,0,0,0,0,0,0,0,0,0,0,0,0,0,0,0,0,9,10,8,10,8,9,7,8,7,7,7,6,7,6,7,5,6,5,6,4,7,4,6,3,5,3,5,2,4,1,4,1,5,1,5,0,4,0,4,-1,4,-1,3,0,3,2,5,3,5,3,3,2]"
CSI_DATA,891,1a:00:00:00:00:00,-75,11,0,0,0,0,0,0,0,0,0,-91,0,1,0,171002087,0,31,0,128,0,"[0,0,-2,7,-1,5,-2,4,-4,4,-3,4,-2,6,-3,4,-3,2,-1,6,-2,10,-3,12,-2,10,0,10,1,12,2,13,3,15,2,16,2,18,4,19,4,19,3,18,2,19,2,22,3,24,4,23,3,23,0,0,0,0,0,0,0,0,0,0,0,0,0,0,0,0,0,0,0,0,0,0,-11,7,-10,7,-9,7,-8,6,-8,5,-7,6,-7,6,-7,6,-6,6,-4,6,-3,5,-3,5,-2,4,-2,4,-2,4,-2,4,-2,5,-1,5,0,4,0,4,1,4,2,5,1,6,-1,4,-2,4,-3,5]"
[0;32mI (171108) ftm_responder: Counter = 171[0m
CSI_DATA,892,1a:00:00:00:00:00,-75,11,0,0,0,0,0,0,0,0,0,-91,0,1,0,171203178,0,31,0,128,0,"[0,0,6,-1,2,-1,3,-2,6,-3,8,-1,8,-1,6,-3,7,-4,7,-5,7,-6,10,-7,9,-7,8,-9,8,-11,8,-11,8,-11,11,-12,12,-12,13,-14,15,-15,16,-16,16,-16,17,-16,17,-15,17,-15,18,-15,0,0,0,0,0,0,0,0,0,0,0,0,0,0,0,0,0,0,0,0,0,0,12,2,12,1,11,1,11,0,11,0,10,-1,9,-1,9,-1,9,-1,8,-2,7,-2,7,-2,7,-2,6,-2,5,-2,4,-3,4,-3,3,-2,3,-3,3,-4,4,-5,5,-3,3,-2,2,-2,2,-2,2,-3]"
CSI_DATA,893,1a:00:00:00:00:00,-75,11,0,0,0,0,0,0,0,0,0,-91,0,1,0,171404920,0,31,0,128,0,"[0,0,-4,-7,-3,-6,-3,-6,-3,-6,-3,-5,-3,-6,-3,-6,-3,-6,-5,-8,-6,-8,-6,-9,-6,-10,-7,-10,-9,-9,-10,-8,-8,-8,-10,-10,-11,-12,-9,-13,-11,-12,-15,-10,-16,-9,-17,-6,-20,-7,-20,-11,-19,-15,0,0,0,0,0,0,0,0,0,0,0,0,0,0,0,0,0,0,0,0,0,0,8,-9,8,-8,7,-8,6,-9,5,-8,4,-8,3,-8,3,-8,3,-8,1,-8,0,-7,-1,-6,-2,-6,-3,-6,-1,-6,-1,-4,-1,-5,-2,-5,-2,-4,-2,-2,-3,-3,-3,-4,-3,-4,-3,-4,-3,-5,-3,-4]"
CSI_DATA,894,1a:00:00:00:00:00,-74,11,0,0,0,0,0,0,0,0,0,-91,0,1,0,171605739,0,31,0,128,0,"[0,0,6,0,5,1,8,-1,10,-3,9,-2,8,-1,8,-4,8,-7,8,-8,6,-9,6,-10,7,-11,8,-12,7,-14,7,-15,7,-14,6,-16,4,-20,4,-26,4,-26,1,-22,-5,-21,-6,-20,-3,-21,2,-23,12,-22,0,0,0,0,0,0,0,0,0,0,0,0,0,0,0,0,0,0,0,0,0,0,-1,13,0,12,1,12,2,11,3,10,3,10,3,9,4,8,4,7,5,5,6,3,6,3,6,4,7,4,6,2,6,1,6,0,5,-2,4,-2,5,-1,6,-2,6,0,7,1,6,0,6,-1,7,-1]"
CSI_DATA,895,1a:00:00:00:00:00,-74,11,0,0,0,0,0,0,0,0,0,-91,0,1,0,171804912,0,31,0,128,0,"[0,0,5,-8,4,-7,4,-7,3,-9,0,-9,0,-8,1,-9,-1,-11,0,-10,1,-10,-1,-11,-2,-12,-2,-11,-5,-12,-6,-14,-5,-16,-6,-17,-6,-16,-5,-17,-5,-19,-6,-21,-7,-21,-5,-20,-4,-22,-2,-23,0,-22,0,0,0,0,0,0,0,0,0,0,0,0,0,0,0,0,0,0,0,0,0,0,8,-9,8,-8,7,-7,6,-8,6,-7,6,-7,5,-8,4,-8,4,-8,4,-7,2,-7,2,-7,3,-7,3,-7,3,-7,3,-6,1,-6,0,-6,1,-7,1,-6,1,-4,2,-3,0,-3,0,-4,1,-4,3,-5]"
CSI_DATA,896,1a:00:00:00:00:00,-74,11,0,0,0,0,0,0,0,0,0,-91,0,1,0,172007916,0,31,0,128,0,"[0,0,2,9,-4,6,-7,2,-2,3,4,7,4,7,3,6,6,7,7,5,7,3,8,4,7,4,8,3,11,7,12,8,11,8,13,8,19,9,23,10,20,9,15,10,14,12,18,12,20,12,22,12,24,13,0,0,0,0,0,0,0,0,0,0,0,0,0,0,0,0,0,0,0,0,0,0,-2,12,-3,12,-2,11,-1,10,0,10,0,10,1,10,2,9,1,9,0,8,0,7,1,6,1,6,2,6,2,5,1,4,2,4,2,4,3,4,3,6,2,7,3,4,5,2,6,1,5,4,5,6]"
[0;32mI (172108) ftm_responder: Counter = 172[0m
CSI_DATA,897,1a:00:00:00:00:00,-74,11,0,0,0,0,0,0,0,0,0,-91,0,1,0,172208681,0,31,0,128,0,"[0,0,5,-3,4,-5,3,-3,4,-4,8,-7,9,-9,6,-10,4,-8,6,-8,6,-9,6,-7,8,-8,9,-10,9,-12,8,-13,10,-14,10,-14,7,-16,5,-20,7,-22,10,-21,13,-18,12,-15,9,-15,10,-17,12,-16,0,0,0,0,0,0,0,0,0,0,0,0,0,0,0,0,0,0,0,0,0,0,10,-7,10,-7,9,-6,9,-6,7,-7,7,-7,7,-7,7,-7,7,-7,6,-7,5,-7,4,-8,4,-7,4,-6,4,-5,4,-5,3,-4,3,-4,2,-4,1,-5,2,-5,4,-5,6,-5,5,-5,3,-4,4,-4]"
CSI_DATA,898,1a:00:00:00:00:00,-74,11,0,0,0,0,0,0,0,0,0,-91,0,1,0,172408512,0,31,0,128,0,"[0,0,-1,8,1,8,4,7,7,6,6,5,4,6,4,6,6,6,8,7,8,7,8,4,9,4,11,4,12,4,13,4,15,3,16,3,17,6,18,7,18,5,18,6,18,8,19,9,21,9,22,9,21,11,0,0,0,0,0,0,0,0,0,0,0,0,0,0,0,0,0,0,0,0,0,0,3,12,2,11,2,10,3,9,3,9,2,9,3,8,4,7,4,7,3,6,2,5,3,5,3,5,3,4,3,4,2,3,3,2,5,2,5,1,5,1,4,4,3,3,4,2,5,1,5,2,4,4]"
CSI_DATA,899,1a:00:00:00:00:00,-75,11,0,0,0,0,0,0,0,0,0,-91,0,1,0,172469468,0,42,0,128,0,"[0,0,-1,-7,0,-7,1,-7,1,-7,0,-8,0,-8,-2,-9,-2,-10,-2,-9,-3,-9,-3,-9,-4,-10,-6,-11,-7,-12,-7,-12,-7,-13,-9,-14,-10,-15,-10,-15,-11,-16,-11,-17,-11,-18,-11,-19,-10,-20,-9,-21,-9,-22,0,0,0,0,0,0,0,0,0,0,0,0,0,0,0,0,0,0,0,0,0,0,2,-13,2,-12,1,-11,1,-11,2,-11,1,-10,0,-9,0,-9,-1,-8,-1,-8,-1,-8,-1,-7,-2,-7,-2,-6,-2,-6,-2,-6,-2,-5,-2,-5,-2,-6,-2,-5,-1,-4,-1,-4,-1,-5,-1,-5,-1,-5,0,-5]"
CSI_DATA,900,1a:00:00:00:00:00,-75,11,0,0,0,0,0,0,0,0,0,-91,0,1,0,172537912,0,31,0,128,0,"[0,0,-4,4,-5,6,-2,7,-1,5,-4,3,-5,4,-4,5,-3,6,0,7,1,8,0,9,-2,10,2,13,6,16,6,16,5,14,5,15,4,17,6,19,8,20,8,21,6,22,6,21,5,22,4,24,1,25,0,0,0,0,0,0,0,0,0,0,0,0,0,0,0,0,0,0,0,0,0,0,-6,11,-7,11,-7,11,-6,11,-6,10,-5,8,-4,9,-3,9,-3,8,-2,8,0,7,3,6,3,5,0,5,-1,5,0,6,1,4,0,2,-1,2,0,4,2,7,1,8,-1,6,-1,5,-1,5,-1,5]"
CSI_DATA,901,1a:00:00:00:00:00,-74,11,0,0,0,0,0,0,0,0,0,-91,0,1,0,172738908,0,31,0,128,0,"[0,0,7,-1,7,-3,3,-3,2,2,5,6,5,7,5,7,7,5,8,4,7,2,6,2,9,4,13,6,14,4,12,1,12,5,13,9,14,9,13,8,12,5,12,8,12,13,14,15,16,19,13,18,10,15,0,0,0,0,0,0,0,0,0,0,0,0,0,0,0,0,0,0,0,0,0,0,12,1,11,1,10,1,10,1,10,0,9,1,9,2,9,2,8,1,7,-2,6,-2,5,-1,6,0,6,-1,6,-3,4,-3,3,-1,3,-1,2,-4,1,-3,2,-2,4,-3,6,-2,10,-1,9,1,4,1]"
CSI_DATA,902,1a:00:00:00:00:00,-75,11,0,0,0,0,0,0,0,0,0,-91,0,1,0,172944160,0,31,0,128,0,"[0,0,0,5,0,4,-1,6,-3,6,-4,6,-4,8,-1,11,0,12,0,12,2,10,1,8,0,9,-1,11,0,12,3,13,4,14,2,16,2,18,1,19,1,20,0,21,-2,21,-2,21,-3,21,-4,22,-4,23,0,0,0,0,0,0,0,0,0,0,0,0,0,0,0,0,0,0,0,0,0,0,4,11,4,10,4,9,4,8,4,7,3,7,4,7,4,7,3,6,3,5,4,5,4,5,4,4,4,3,4,2,3,2,3,2,3,3,3,4,2,4,1,3,1,3,0,3,-1,4,0,5,0,5]"
[0;32mI (173108) ftm_responder: Counter = 173[0m
CSI_DATA,903,1a:00:00:00:00:00,-75,11,0,0,0,0,0,0,0,0,0,-91,0,1,0,173141437,0,31,0,128,0,"[0,0,-4,-3,-4,-3,-4,-3,-5,-4,-6,-4,-6,-4,-5,-5,-6,-7,-7,-7,-6,-7,-6,-7,-7,-5,-8,-4,-10,-6,-11,-9,-12,-11,-12,-11,-11,-8,-10,-5,-11,-7,-11,-10,-10,-12,-9,-12,-9,-14,-10,-15,-11,-13,0,0,0,0,0,0,0,0,0,0,0,0,0,0,0,0,0,0,0,0,0,0,-10,-4,-9,-5,-8,-5,-7,-4,-7,-3,-8,-2,-8,-3,-7,-3,-7,-2,-6,-2,-6,-2,-7,-1,-8,1,-6,1,-5,0,-6,-1,-5,-1,-4,1,-5,2,-4,1,-3,1,-2,0,-2,-2,-2,0,-2,0,-2,-2]"
CSI_DATA,904,1a:00:00:00:00:00,-76,11,0,0,0,0,0,0,0,0,0,-91,0,1,0,173344162,0,31,0,128,0,"[0,0,5,0,5,2,6,3,8,3,8,2,8,1,8,1,8,0,8,-1,9,-2,10,-2,11,-3,12,-5,14,-6,16,-6,17,-6,18,-7,19,-9,20,-9,21,-8,22,-8,24,-8,24,-6,24,-5,26,-5,26,-4,0,0,0,0,0,0,0,0,0,0,0,0,0,0,0,0,0,0,0,0,0,0,10,6,10,6,9,4,9,3,9,3,9,2,8,2,8,1,8,0,8,0,8,-1,8,-1,7,-2,6,-3,5,-3,5,-3,5,-2,6,-2,6,-3,3,-3,2,-2,2,-3,4,-4,7,-4,6,-3,5,-2]"
CSI_DATA,905,1a:00:00:00:00:00,-74,11,0,0,0,0,0,0,0,0,0,-91,0,1,0,173542154,0,31,0,128,0,"[0,0,-1,-5,2,-9,1,-6,-4,-5,-7,-5,-8,-2,-10,-1,-7,0,-8,0,-10,-1,-10,-2,-11,-2,-12,0,-11,3,-12,5,-13,5,-16,4,-18,5,-19,8,-20,6,-21,7,-22,11,-23,12,-20,10,-19,9,-23,8,0,0,0,0,0,0,0,0,0,0,0,0,0,0,0,0,0,0,0,0,0,0,10,-3,9,-4,8,-6,7,-7,7,-6,6,-5,4,-6,2,-8,2,-8,2,-6,2,-6,0,-6,-2,-6,-2,-6,-2,-6,-2,-7,-1,-6,-3,-3,-5,-1,-6,-4,-6,-6,-6,-4,-3,-4,-1,-5,-2,-3,-3,1]"
CSI_DATA,906,1a:00:00:00:00:00,-76,11,0,0,0,0,0,0,0,0,0,-91,0,1,0,173742994,0,31,0,128,0,"[0,0,3,3,1,3,-2,4,-2,4,-1,3,-2,5,-3,8,-3,8,-2,6,0,7,1,9,4,12,6,12,7,11,7,13,8,15,9,16,9,16,8,16,8,17,10,19,10,22,8,23,7,24,8,24,7,25,0,0,0,0,0,0,0,0,0,0,0,0,0,0,0,0,0,0,0,0,0,0,-8,9,-7,9,-6,9,-5,8,-4,8,-3,7,-3,7,-2,7,-1,6,0,6,0,7,1,6,1,6,0,6,1,5,3,3,2,4,2,4,2,3,2,2,1,1,0,3,0,3,1,2,3,0,2,0]"
CSI_DATA,907,1a:00:00:00:00:00,-77,11,0,0,0,0,0,0,0,0,0,-91,0,1,0,173944544,0,31,0,128,0,"[0,0,-5,2,-6,0,-6,1,-6,3,-7,2,-8,2,-8,3,-11,2,-14,3,-13,5,-11,5,-11,6,-12,8,-14,9,-16,9,-17,10,-17,10,-16,9,-15,7,-18,7,-24,7,-25,7,-25,5,-25,3,-26,4,-27,5,0,0,0,0,0,0,0,0,0,0,0,0,0,0,0,0,0,0,0,0,0,0,-8,11,-7,11,-5,10,-2,9,-2,9,-2,9,-4,8,-4,8,-4,7,-3,7,-2,7,-2,6,0,7,0,6,-1,4,2,6,6,10,4,9,2,6,1,6,-1,7,0,7,-1,2,-2,1,-1,2,0,1]"
CSI_DATA,908,1a:00:00:00:00:00,-77,11,0,0,0,0,0,0,0,0,0,-91,0,1,0,174005309,0,42,0,128,0,"[0,0,0,-4,1,-4,0,-5,0,-6,1,-6,3,-6,5,-7,5,-7,4,-7,3,-9,3,-11,3,-13,3,-15,4,-16,3,-16,3,-16,4,-17,6,-19,5,-22,4,-24,4,-25,5,-25,6,-26,8,-28,9,-28,10,-27,0,0,0,0,0,0,0,0,0,0,0,0,0,0,0,0,0,0,0,0,0,0,13,-7,11,-6,10,-6,10,-6,9,-7,7,-8,6,-9,5,-8,4,-8,4,-7,3,-7,2,-8,2,-8,2,-7,1,-5,0,-6,-1,-6,-1,-5,-1,-5,1,-6,0,-6,-1,-5,-1,-5,-1,-5,-1,-4,-2,-4]"
CSI_DATA,909,1a:00:00:00:00:00,-77,11,0,0,0,0,0,0,0,0,0,-91,0,1,0,174071286,0,31,0,128,0,"[0,0,-4,-4,-3,-5,-1,-4,-1,-3,-3,-4,-4,-5,-3,-7,-4,-8,-5,-8,-6,-7,-7,-6,-8,-7,-10,-7,-12,-7,-15,-8,-17,-9,-17,-10,-18,-10,-21,-11,-22,-11,-22,-11,-23,-12,-24,-14,-24,-15,-23,-15,-22,-17,0,0,0,0,0,0,0,0,0,0,0,0,0,0,0,0,0,0,0,0,0,0,7,-13,6,-12,5,-11,3,-11,1,-11,0,-11,0,-10,0,-9,-1,-9,-2,-9,-3,-8,-4,-6,-4,-6,-4,-5,-5,-5,-5,-5,-6,-4,-6,-3,-7,-3,-6,-2,-3,-3,-3,-2,-3,-1,-2,-2,0,-5,2,-5]"
[0;32mI (174108) ftm_responder: Counter = 174[0m
CSI_DATA,910,1a:00:00:00:00:00,-77,11,0,0,0,0,0,0,0,0,0,-91,0,1,0,174271579,0,31,0,128,0,"[0,0,-5,1,-4,1,-3,0,-4,0,-3,-1,-3,0,-5,2,-7,4,-8,6,-7,5,-6,3,-5,3,-7,5,-8,8,-8,12,-8,13,-8,15,-8,17,-10,17,-11,13,-10,16,-8,21,-6,19,-4,17,-8,21,-13,24,0,0,0,0,0,0,0,0,0,0,0,0,0,0,0,0,0,0,0,0,0,0,7,-6,6,-7,5,-7,4,-6,4,-5,1,-6,-1,-8,-3,-8,-3,-7,-4,-6,-5,-5,-7,-5,-7,-5,-6,-5,-6,-3,-6,-2,-6,-3,-5,-2,-3,0,-4,2,-5,2,-6,2,-6,2,-5,2,-5,0,-4,-1]"
CSI_DATA,911,1a:00:00:00:00:00,-76,11,0,0,0,0,0,0,0,0,0,-91,0,1,0,174470272,0,31,0,128,0,"[0,0,-5,2,-4,4,-3,3,-4,2,-4,3,-5,2,-7,3,-9,4,-8,5,-7,7,-8,8,-9,10,-8,11,-9,12,-10,13,-11,14,-12,16,-12,16,-12,18,-14,21,-15,20,-15,20,-15,20,-16,20,-19,19,-20,18,0,0,0,0,0,0,0,0,0,0,0,0,0,0,0,0,0,0,0,0,0,0,-13,-2,-12,-1,-11,0,-10,1,-8,2,-7,2,-7,4,-7,5,-7,5,-6,5,-5,6,-5,8,-3,9,-3,9,-4,5,-3,3,0,4,1,5,1,6,1,7,1,6,0,3,-2,3,-2,3,-4,4,-4,5]"
CSI_DATA,912,1a:00:00:00:00:00,-75,11,0,0,0,0,0,0,0,0,0,-91,0,1,0,174672607,0,31,0,128,0,"[0,0,-6,5,-6,7,-9,2,-8,-4,-5,-5,-6,-3,-7,1,-10,5,-13,6,-13,6,-13,5,-12,7,-8,10,-7,10,-9,10,-12,11,-15,12,-16,13,-15,14,-16,13,-16,13,-16,14,-18,16,-20,17,-20,17,-20,16,0,0,0,0,0,0,0,0,0,0,0,0,0,0,0,0,0,0,0,0,0,0,-12,-6,-12,-5,-11,-4,-10,-4,-10,-3,-11,-1,-11,0,-10,0,-10,1,-8,4,-7,6,-7,4,-6,0,-5,1,-4,3,-4,3,-4,2,-5,5,-5,8,-4,7,-4,6,-4,5,-6,4,-7,4,-6,4,-7,6]"
CSI_DATA,913,1a:00:00:00:00:00,-74,11,0,0,0,0,0,0,0,0,0,-91,0,1,0,174875606,0,31,0,128,0,"[0,0,-1,1,-3,4,-5,6,-7,5,-6,2,-3,0,-4,1,-4,2,-3,2,-3,4,-6,6,-8,7,-9,8,-8,9,-7,12,-7,12,-7,11,-8,13,-12,15,-15,15,-15,14,-15,12,-14,10,-14,10,-16,10,-16,12,0,0,0,0,0,0,0,0,0,0,0,0,0,0,0,0,0,0,0,0,0,0,-10,-1,-9,0,-9,1,-9,2,-9,2,-8,2,-8,3,-7,3,-7,2,-7,3,-7,3,-7,3,-5,4,-4,4,-4,3,-3,4,-2,5,-3,5,-4,5,-4,6,-3,5,-3,4,-4,7,-2,6,2,4,2,2]"
CSI_DATA,914,1a:00:00:00:00:00,-74,11,0,0,0,0,0,0,0,0,0,-91,0,1,0,175073999,0,31,0,128,0,"[0,0,7,-3,5,-6,5,-6,6,-4,7,-5,8,-6,8,-5,9,-6,9,-7,9,-6,8,-6,8,-8,9,-9,10,-10,12,-10,13,-9,13,-9,13,-9,15,-10,17,-10,19,-9,20,-9,19,-7,20,-7,21,-8,22,-8,0,0,0,0,0,0,0,0,0,0,0,0,0,0,0,0,0,0,0,0,0,0,11,3,11,2,11,2,10,1,9,0,9,0,10,-1,10,-2,9,-3,9,-2,8,-2,8,-2,8,-4,7,-5,7,-4,6,-5,5,-5,6,-5,5,-4,5,-6,5,-7,5,-7,4,-6,4,-5,5,-5,5,-5]"
[0;32mI (175108) ftm_responder: Counter = 175[0m
CSI_DATA,915,1a:00:00:00:00:00,-75,11,0,0,0,0,0,0,0,0,0,-91,0,1,0,175274922,0,31,0,128,0,"[0,0,-3,8,-2,6,-2,6,-4,6,-5,6,-5,6,-6,6,-7,6,-6,6,-6,8,-7,9,-8,8,-8,9,-8,10,-8,11,-8,12,-8,13,-10,16,-11,18,-11,18,-12,17,-15,16,-15,17,-14,16,-14,15,-15,14,0,0,0,0,0,0,0,0,0,0,0,0,0,0,0,0,0,0,0,0,0,0,-14,-2,-13,-2,-13,-1,-12,0,-11,1,-11,2,-11,3,-11,3,-10,4,-10,4,-9,4,-9,5,-8,5,-7,6,-6,7,-6,8,-6,7,-5,6,-2,6,-2,7,-3,7,-3,8,-3,8,-2,7,-2,6,-3,5]"
CSI_DATA,916,1a:00:00:00:00:00,-75,11,0,0,0,0,0,0,0,0,0,-91,0,1,0,175479497,0,31,0,128,0,"[0,0,-9,-10,-8,-9,-6,-8,-5,-7,-5,-7,-5,-8,-4,-9,-4,-10,-3,-11,-3,-11,-3,-12,-4,-12,-5,-11,-5,-12,-7,-15,-8,-15,-9,-15,-11,-16,-12,-16,-12,-16,-10,-18,-9,-21,-8,-22,-8,-22,-6,-23,-3,-23,0,0,0,0,0,0,0,0,0,0,0,0,0,0,0,0,0,0,0,0,0,0,8,-11,8,-12,7,-11,6,-11,5,-11,3,-12,3,-13,3,-12,2,-11,0,-11,-1,-11,-2,-10,-3,-8,-4,-8,-4,-9,-5,-9,-7,-11,-7,-11,-6,-10,-4,-8,-3,-6,-4,-6,-7,-6,-9,-6,-9,-7,-10,-6]"
CSI_DATA,917,1a:00:00:00:00:00,-74,11,0,0,0,0,0,0,0,0,0,-91,0,1,0,175537034,0,42,0,128,0,"[0,0,-6,4,-7,3,-7,3,-8,4,-9,4,-10,3,-10,3,-10,3,-11,4,-12,5,-12,7,-11,7,-11,7,-12,7,-15,9,-16,10,-17,9,-17,9,-19,9,-22,9,-24,8,-25,7,-25,6,-25,5,-25,6,-24,5,0,0,0,0,0,0,0,0,0,0,0,0,0,0,0,0,0,0,0,0,0,0,-15,-8,-13,-7,-12,-6,-13,-5,-13,-3,-13,-1,-13,-1,-13,0,-13,0,-13,0,-12,1,-11,2,-10,3,-9,5,-9,5,-9,5,-8,6,-8,5,-7,6,-7,6,-7,6,-7,6,-6,6,-6,4,-6,4,-6,5]"
CSI_DATA,918,1a:00:00:00:00:00,-75,11,0,0,0,0,0,0,0,0,0,-91,0,1,0,175612380,0,31,0,128,0,"[0,0,7,-4,6,-3,6,-2,6,-1,6,-2,7,-3,9,-2,8,0,7,0,6,-2,7,-3,9,-4,9,-5,10,-6,12,-7,13,-8,14,-8,16,-9,16,-10,18,-9,19,-9,19,-8,19,-7,19,-7,20,-7,23,-6,0,0,0,0,0,0,0,0,0,0,0,0,0,0,0,0,0,0,0,0,0,0,9,9,8,8,8,7,8,6,9,5,9,4,9,3,9,3,9,2,9,1,8,0,8,-1,8,-2,8,-2,8,-3,7,-4,7,-5,8,-6,6,-6,3,-6,3,-3,4,-3,5,-4,5,-4,5,-4,6,-4]"
CSI_DATA,919,1a:00:00:00:00:00,-75,11,0,0,0,0,0,0,0,0,0,-91,0,1,0,175811461,0,31,0,128,0,"[0,0,-10,1,-7,-2,-7,-1,-8,0,-7,-3,-7,-4,-7,-2,-8,-1,-8,-2,-8,-4,-9,-4,-11,-3,-12,-4,-12,-4,-13,-2,-14,-2,-16,-4,-17,-4,-17,-4,-18,-4,-19,-6,-18,-7,-18,-9,-18,-9,-19,-8,-18,-9,0,0,0,0,0,0,0,0,0,0,0,0,0,0,0,0,0,0,0,0,0,0,0,-12,0,-12,-1,-12,-2,-11,-3,-10,-3,-10,-3,-9,-4,-9,-5,-9,-6,-8,-7,-7,-7,-6,-7,-5,-7,-5,-7,-5,-8,-5,-8,-5,-8,-3,-10,-2,-9,-1,-7,-1,-5,-3,-4,-4,-3,-2,-5,-2,-8,-2]"
CSI_DATA,920,1a:00:00:00:00:00,-75,11,0,0,0,0,0,0,0,0,0,-91,0,1,0,176006448,0,31,0,128,0,"[0,0,-5,3,-7,1,-9,1,-8,1,-8,0,-9,-1,-9,0,-8,-1,-9,-2,-10,-2,-10,-1,-11,0,-13,1,-15,1,-17,0,-18,1,-19,1,-21,1,-22,0,-23,0,-24,0,-25,-2,-25,-2,-25,-3,-26,-4,-25,-5,0,0,0,0,0,0,0,0,0,0,0,0,0,0,0,0,0,0,0,0,0,0,-7,-14,-7,-13,-7,-12,-8,-11,-9,-10,-9,-10,-9,-9,-10,-7,-9,-6,-9,-6,-9,-5,-9,-3,-10,-3,-10,-2,-9,-1,-8,1,-9,2,-9,3,-9,4,-9,5,-8,4,-8,3,-10,2,-10,1,-10,2,-8,2]"
[0;32mI (176108) ftm_responder: Counter = 176[0m
CSI_DATA,921,1a:00:00:00:00:00,-76,11,0,0,0,0,0,0,0,0,0,-91,0,1,0,176212996,0,31,0,128,0,"[0,0,1,6,1,6,-1,5,-3,5,-1,7,-1,7,-1,7,-1,6,-1,7,-2,7,-3,7,-2,9,-1,11,-2,12,-3,13,-3,14,0,11,5,12,4,18,0,23,3,23,3,22,1,21,1,20,1,21,1,22,0,0,0,0,0,0,0,0,0,0,0,0,0,0,0,0,0,0,0,0,0,0,-13,-3,-13,-2,-12,-1,-11,0,-10,1,-10,2,-10,3,-9,3,-8,4,-7,5,-6,7,-5,7,-3,6,-1,6,-1,7,-2,7,-2,7,-1,6,-1,6,-1,6,-1,7,1,7,3,6,2,6,0,6,-1,7]"
CSI_DATA,922,1a:00:00:00:00:00,-74,11,0,0,0,0,0,0,0,0,0,-91,0,1,0,176408472,0,31,0,128,0,"[0,0,3,4,2,6,2,10,6,8,5,9,1,9,2,5,5,2,6,3,6,4,7,6,11,10,11,13,11,13,14,14,14,13,15,10,18,10,18,16,19,17,21,17,19,18,17,17,18,18,20,20,22,18,0,0,0,0,0,0,0,0,0,0,0,0,0,0,0,0,0,0,0,0,0,0,-13,8,-12,8,-10,8,-10,8,-9,9,-7,9,-6,10,-5,10,-4,9,-4,7,-5,6,-4,7,-2,8,1,8,3,9,4,7,2,4,2,6,3,9,3,6,2,2,5,3,6,7,5,7,7,3,10,4]"
CSI_DATA,923,1a:00:00:00:00:00,-75,11,0,0,0,0,0,0,0,0,0,-91,0,1,0,176609606,0,31,0,128,0,"[0,0,-6,1,-3,-2,-2,-3,-2,-3,-1,-4,-2,-5,-3,-6,-5,-7,-6,-5,-6,-2,-10,-2,-14,-3,-11,0,-11,2,-16,1,-18,0,-15,-3,-17,-3,-20,1,-22,2,-20,-1,-21,1,-25,3,-27,0,-27,-4,-26,-5,0,0,0,0,0,0,0,0,0,0,0,0,0,0,0,0,0,0,0,0,0,0,3,-15,3,-13,2,-11,1,-10,0,-10,-1,-11,-1,-10,-1,-8,-2,-7,-3,-7,-5,-6,-6,-5,-6,-3,-4,-1,-2,-2,-2,-3,-5,-2,-6,-2,-5,-2,-4,-1,-5,1,-7,1,-7,0,-7,-1,-5,-1,-3,-1]"
CSI_DATA,924,1a:00:00:00:00:00,-76,11,0,0,0,0,0,0,0,0,0,-91,0,1,0,176811203,0,31,0,128,0,"[0,0,-7,-2,-4,-2,-3,-2,-4,-3,-6,-3,-8,-3,-8,-4,-7,-2,-6,-1,-6,-3,-7,-4,-9,-3,-12,0,-14,2,-16,3,-17,1,-20,0,-22,0,-21,0,-22,1,-24,3,-25,1,-25,-1,-26,0,-28,2,-28,1,0,0,0,0,0,0,0,0,0,0,0,0,0,0,0,0,0,0,0,0,0,0,4,-13,3,-12,2,-11,1,-10,0,-11,-1,-10,-2,-8,-3,-7,-4,-7,-4,-7,-4,-6,-4,-4,-4,-3,-5,-3,-4,-2,-3,-1,-3,1,-7,1,-10,0,-8,-1,-4,-2,-1,-2,-2,-1,-3,0,-3,-1,0,-1]"
CSI_DATA,925,1a:00:00:00:00:00,-75,11,0,0,0,0,0,0,0,0,0,-91,0,1,0,177012850,0,31,0,128,0,"[0,0,5,-2,4,3,2,5,0,3,4,2,8,4,9,5,8,1,9,-3,12,-3,11,-2,8,-4,9,-6,12,-8,13,-9,13,-10,14,-12,16,-14,18,-16,19,-19,18,-21,19,-21,22,-20,24,-16,24,-15,25,-17,0,0,0,0,0,0,0,0,0,0,0,0,0,0,0,0,0,0,0,0,0,0,2,15,2,14,2,12,3,10,4,9,4,8,6,7,7,5,6,4,5,4,5,4,6,2,4,1,2,0,3,-3,4,-5,4,-4,5,-3,4,-2,3,-2,3,-5,3,-6,4,-4,4,-3,2,-3,0,-2]"
CSI_DATA,926,1a:00:00:00:00:00,-76,11,0,0,0,0,0,0,0,0,0,-91,0,1,0,177073390,0,42,0,128,0,"[0,0,3,-3,3,-1,4,-1,5,-1,6,0,6,-1,7,-1,8,-1,9,-1,9,-1,8,-1,10,-2,13,-2,14,-2,15,-4,15,-5,17,-6,18,-6,19,-5,21,-5,21,-6,21,-6,23,-5,25,-3,25,-2,24,-2,0,0,0,0,0,0,0,0,0,0,0,0,0,0,0,0,0,0,0,0,0,0,7,10,7,9,7,8,7,7,8,6,7,4,6,4,6,3,6,1,6,1,6,0,5,-1,4,-1,4,-2,4,-2,4,-2,4,-3,4,-3,3,-3,3,-4,3,-4,3,-3,2,-3,1,-2,1,-3,2,-2]"
[0;32mI (177108) ftm_responder: Counter = 177[0m
CSI_DATA,927,1a:00:00:00:00:00,-76,11,0,0,0,0,0,0,0,0,0,-91,0,1,0,177148191,0,31,0,128,0,"[0,0,-3,2,-4,3,-5,4,-6,3,-5,4,-4,5,-4,4,-3,5,-5,7,-8,10,-7,9,-4,9,-4,12,-7,14,-7,15,-6,16,-5,18,-5,20,-6,22,-7,23,-7,23,-9,26,-10,26,-10,25,-12,25,-12,27,0,0,0,0,0,0,0,0,0,0,0,0,0,0,0,0,0,0,0,0,0,0,-14,-8,-13,-8,-12,-7,-11,-5,-10,-3,-11,-2,-11,-2,-10,-2,-9,-1,-9,1,-8,1,-8,1,-7,2,-6,3,-5,3,-5,4,-4,5,-1,5,-1,7,-4,8,-2,8,-1,8,-3,9,-4,7,-3,3,-1,2]"
CSI_DATA,928,1a:00:00:00:00:00,-75,11,0,0,0,0,0,0,0,0,0,-91,0,1,0,177343621,0,31,0,128,0,"[0,0,4,-1,5,-1,4,-2,5,-2,6,-1,6,0,7,-1,6,-2,7,-3,11,-3,13,-4,12,-4,10,-6,10,-8,10,-9,12,-12,17,-13,20,-10,17,-12,15,-13,16,-9,15,-14,15,-18,16,-18,18,-17,20,-16,0,0,0,0,0,0,0,0,0,0,0,0,0,0,0,0,0,0,0,0,0,0,-4,14,-3,12,-3,10,-1,10,0,10,1,10,2,9,2,7,3,6,5,5,6,5,5,3,5,1,5,-1,4,0,3,-1,4,-2,5,-2,4,-2,4,-2,5,-3,4,-5,5,-5,6,-4,3,-2,2,-2]"
CSI_DATA,929,1a:00:00:00:00:00,-76,11,0,0,0,0,0,0,0,0,0,-91,0,1,0,177548211,0,31,0,128,0,"[0,0,-2,-7,-3,-5,-3,-4,-2,-6,0,-6,-2,-5,-3,-5,-4,-6,-3,-5,-3,-6,-4,-5,-6,-5,-9,-6,-9,-8,-9,-7,-12,-7,-15,-7,-17,-4,-18,0,-18,-2,-17,-3,-13,1,-12,1,-15,-1,-19,-5,-22,-14,0,0,0,0,0,0,0,0,0,0,0,0,0,0,0,0,0,0,0,0,0,0,3,10,4,9,5,6,5,4,5,4,5,3,6,2,7,1,6,1,6,0,6,-1,7,-1,5,-3,3,-5,3,-4,3,-4,1,-6,-1,-6,-2,-4,-4,-5,-4,-6,-3,-6,-3,-7,-4,-6,-4,-6,-4,-6]"
CSI_DATA,930,1a:00:00:00:00:00,-76,11,0,0,0,0,0,0,0,0,0,-91,0,1,0,177745132,0,31,0,128,0,"[0,0,3,2,3,3,3,3,4,1,5,1,3,3,1,6,0,7,3,7,7,6,7,4,7,3,9,3,10,4,13,4,14,3,12,2,12,2,13,1,15,1,21,6,27,10,25,8,21,3,18,3,16,11,0,0,0,0,0,0,0,0,0,0,0,0,0,0,0,0,0,0,0,0,0,0,-9,6,-9,7,-7,7,-5,6,-4,5,-3,5,-4,6,-3,7,-2,7,-1,6,0,5,1,5,2,5,3,4,3,4,3,2,3,3,3,3,5,2,4,1,4,0,4,0,4,1,5,1,5,-1,4,-1]"
CSI_DATA,931,1a:00:00:00:00:00,-77,11,0,0,0,0,0,0,0,0,0,-91,0,1,0,177948881,0,31,0,128,0,"[0,0,4,-7,3,-6,0,-8,-3,-10,1,-11,5,-11,5,-9,4,-9,6,-11,5,-11,3,-12,2,-13,0,-13,-1,-12,0,-13,0,-15,0,-17,1,-19,1,-24,1,-26,3,-26,7,-27,8,-27,7,-25,9,-25,9,-27,0,0,0,0,0,0,0,0,0,0,0,0,0,0,0,0,0,0,0,0,0,0,14,1,13,1,11,0,10,-2,9,-4,9,-5,8,-5,7,-5,6,-4,5,-4,3,-5,3,-7,4,-7,3,-7,2,-8,2,-8,1,-8,0,-8,0,-7,-1,-6,-1,-5,-1,-4,-1,-4,-2,-6,-3,-6,-2,-7]"
[0;32mI (178108) ftm_responder: Counter = 178[0m
CSI_DATA,932,1a:00:00:00:00:00,-76,11,0,0,0,0,0,0,0,0,0,-91,0,1,0,178145763,0,31,0,128,0,"[0,0,-2,-4,0,-6,0,-4,0,-2,0,-4,0,-6,-1,-7,-1,-9,-1,-10,0,-11,1,-10,0,-11,1,-14,1,-16,-1,-18,-3,-18,-2,-19,1,-21,0,-21,-2,-22,-1,-23,-1,-22,0,-23,1,-25,3,-26,2,-26,0,0,0,0,0,0,0,0,0,0,0,0,0,0,0,0,0,0,0,0,0,0,9,-9,9,-8,8,-8,6,-8,5,-8,4,-7,3,-7,3,-8,3,-8,2,-8,0,-8,-2,-7,-3,-7,-2,-7,-2,-6,-3,-5,-3,-7,-3,-6,-4,-5,-4,-7,-5,-7,-5,-7,-4,-5,-4,-4,-4,-5,-3,-4]"
CSI_DATA,933,1a:00:00:00:00:00,-75,11,0,0,0,0,0,0,0,0,0,-91,0,1,0,178346846,0,31,0,128,0,"[0,0,2,-1,3,-1,4,-2,5,-1,5,0,6,2,8,1,8,0,6,0,8,1,11,1,12,0,13,0,14,-1,16,-2,16,-1,16,-1,19,-1,22,-1,23,0,23,1,22,3,22,3,22,3,24,5,26,6,0,0,0,0,0,0,0,0,0,0,0,0,0,0,0,0,0,0,0,0,0,0,9,9,8,8,8,7,7,6,7,4,7,3,7,3,7,2,7,1,6,0,5,-1,5,-2,6,-2,6,-2,6,-1,7,-3,6,-4,4,-4,5,-5,5,-4,4,-3,2,-3,3,-3,4,-3,4,-4,4,-4]"
CSI_DATA,934,1a:00:00:00:00:00,-76,11,0,0,0,0,0,0,0,0,0,-91,0,1,0,178547992,0,31,0,128,0,"[0,0,0,-6,0,-5,-2,-6,-1,-7,1,-6,0,-7,1,-8,3,-9,4,-9,4,-11,2,-12,2,-14,2,-17,1,-17,2,-20,1,-22,0,-24,0,-26,0,-27,1,-27,1,-28,2,-33,4,-33,3,-31,5,-31,7,-32,0,0,0,0,0,0,0,0,0,0,0,0,0,0,0,0,0,0,0,0,0,0,17,-1,15,-2,14,-3,12,-4,11,-4,10,-4,9,-5,7,-7,6,-8,6,-8,5,-8,5,-7,3,-8,1,-10,1,-11,0,-10,-3,-9,-3,-8,-2,-7,-2,-8,-2,-10,-1,-10,0,-9,-1,-8,-2,-9,-2,-9]"
CSI_DATA,935,1a:00:00:00:00:00,-76,11,0,0,0,0,0,0,0,0,0,-91,0,1,0,178608964,0,42,0,128,0,"[0,0,2,-4,2,-4,2,-5,2,-5,2,-4,2,-5,1,-5,2,-5,3,-6,3,-8,2,-9,2,-10,3,-12,4,-14,4,-15,5,-16,5,-17,5,-18,7,-20,10,-20,10,-21,9,-22,8,-23,9,-22,10,-21,11,-21,0,0,0,0,0,0,0,0,0,0,0,0,0,0,0,0,0,0,0,0,0,0,12,-2,12,-2,10,-2,9,-3,8,-3,7,-4,7,-4,6,-5,5,-6,5,-6,4,-6,3,-6,2,-6,2,-6,1,-6,0,-7,0,-7,-1,-6,-2,-6,-1,-7,-1,-6,-1,-4,-1,-5,-1,-5,-2,-4,-1,-4]"
CSI_DATA,936,1a:00:00:00:00:00,-74,11,0,0,0,0,0,0,0,0,0,-91,0,1,0,178883009,0,31,0,128,0,"[0,0,-3,-4,-3,-5,-5,-7,-7,-8,-8,-10,-6,-13,-6,-12,-8,-10,-11,-10,-14,-11,-13,-10,-12,-8,-12,-8,-15,-9,-16,-10,-16,-10,-18,-11,-20,-13,-21,-13,-22,-13,-21,-14,-20,-16,-19,-18,-19,-19,-20,-19,-21,-18,0,0,0,0,0,0,0,0,0,0,0,0,0,0,0,0,0,0,0,0,0,0,1,-14,0,-13,-1,-12,-1,-11,-1,-10,-2,-10,-2,-9,-3,-8,-4,-7,-4,-7,-4,-6,-5,-5,-4,-5,-4,-4,-4,-4,-5,-4,-6,-3,-6,-2,-6,-2,-6,-2,-5,-2,-4,-2,-4,-3,-5,-1,-6,-2,-6,-3]"
CSI_DATA,937,1a:00:00:00:00:00,-74,11,0,0,0,0,0,0,0,0,0,-91,0,1,0,179084651,0,31,0,128,0,"[0,0,2,1,4,-1,7,-4,8,-4,8,-2,9,-2,9,-3,8,-4,9,-3,12,-3,13,-4,12,-5,12,-7,15,-7,19,-6,22,-5,22,-5,19,-3,18,0,22,-2,22,-2,23,2,28,4,28,4,29,2,36,1,0,0,0,0,0,0,0,0,0,0,0,0,0,0,0,0,0,0,0,0,0,0,10,-10,10,-7,10,-7,8,-10,7,-10,7,-9,7,-7,4,-6,3,-4,5,-4,6,-6,4,-7,4,-5,3,-5,1,-5,1,-7,1,-7,0,-6,0,-8,0,-8,2,-5,3,-7,2,-8,1,-7,1,-6,4,-6]"
[0;32mI (179108) ftm_responder: Counter = 179[0m
CSI_DATA,938,1a:00:00:00:00:00,-74,11,0,0,0,0,0,0,0,0,0,-91,0,1,0,179289278,0,31,0,128,0,"[0,0,3,6,5,7,7,7,5,6,4,6,4,7,4,7,5,7,5,9,6,9,6,6,7,5,10,7,13,9,14,11,13,11,14,10,15,13,15,17,14,16,10,13,6,13,8,15,11,18,11,17,14,15,0,0,0,0,0,0,0,0,0,0,0,0,0,0,0,0,0,0,0,0,0,0,5,10,4,9,4,9,4,8,5,7,4,7,4,6,4,6,4,5,3,5,3,4,3,3,3,2,3,1,3,0,3,0,2,0,2,-1,3,-1,3,0,3,0,3,0,2,0,3,1,5,2,4,3]"
CSI_DATA,939,1a:00:00:00:00:00,-76,11,0,0,0,0,0,0,0,0,0,-91,0,1,0,179485375,0,31,0,128,0,"[0,0,-10,9,-7,10,-6,8,-7,6,-9,5,-7,7,-8,7,-8,7,-6,9,-6,11,-8,11,-10,12,-8,14,-6,15,-6,16,-7,17,-9,18,-11,19,-11,20,-11,20,-12,20,-14,21,-17,22,-18,21,-18,20,-17,19,0,0,0,0,0,0,0,0,0,0,0,0,0,0,0,0,0,0,0,0,0,0,-15,4,-14,3,-13,3,-11,3,-11,4,-10,4,-9,4,-9,5,-8,5,-6,5,-5,5,-4,5,-5,4,-6,3,-4,5,-3,4,-1,3,-1,3,-1,4,-1,6,0,7,0,5,-2,4,-3,5,-3,7,-4,5]"
CSI_DATA,940,1a:00:00:00:00:00,-74,11,0,0,0,0,0,0,0,0,0,-91,0,1,0,179689688,0,31,0,128,0,"[0,0,-1,11,-1,10,-2,8,0,7,2,6,2,5,3,5,5,5,4,6,3,7,4,8,7,11,8,14,8,15,8,14,10,14,11,14,11,15,12,15,14,15,14,16,12,17,11,19,11,19,12,20,12,21,0,0,0,0,0,0,0,0,0,0,0,0,0,0,0,0,0,0,0,0,0,0,-8,9,-7,9,-6,9,-5,9,-5,8,-4,8,-3,8,-2,8,-2,7,-2,7,-2,6,-1,6,0,6,0,5,0,4,1,3,2,4,3,5,2,4,1,4,2,5,3,5,3,6,2,6,1,5,2,7]"
CSI_DATA,941,1a:00:00:00:00:00,-75,11,0,0,0,0,0,0,0,0,0,-91,0,1,0,179886487,0,31,0,128,0,"[0,0,3,-4,5,-6,4,-6,4,-5,5,-5,4,-7,5,-8,6,-9,6,-10,5,-10,6,-10,6,-11,5,-13,6,-14,7,-15,6,-17,4,-19,4,-19,7,-19,10,-19,11,-19,10,-19,10,-19,12,-19,13,-18,14,-18,0,0,0,0,0,0,0,0,0,0,0,0,0,0,0,0,0,0,0,0,0,0,13,-4,12,-4,10,-4,9,-4,9,-4,9,-4,9,-5,8,-5,7,-6,5,-6,5,-6,6,-6,5,-6,3,-7,2,-7,1,-6,0,-6,1,-7,2,-7,2,-5,1,-6,0,-6,2,-5,4,-6,5,-7,4,-8]"
CSI_DATA,942,1a:00:00:00:00:00,-74,11,0,0,0,0,0,0,0,0,0,-91,0,1,0,180087732,0,31,0,128,0,"[0,0,4,-8,7,-6,8,-5,8,-6,6,-8,4,-9,4,-9,4,-9,5,-10,6,-10,7,-9,7,-9,5,-11,5,-13,5,-16,5,-17,6,-19,6,-21,6,-20,6,-20,6,-21,9,-21,9,-20,8,-21,10,-22,11,-20,0,0,0,0,0,0,0,0,0,0,0,0,0,0,0,0,0,0,0,0,0,0,13,-1,12,-1,11,-2,11,-3,10,-3,9,-3,9,-4,9,-4,8,-4,7,-4,6,-6,5,-6,6,-5,5,-5,3,-7,2,-7,1,-6,1,-6,2,-6,2,-5,2,-6,2,-6,3,-6,3,-5,2,-6,0,-7]"
[0;32mI (180108) ftm_responder: Counter = 180[0m
CSI_DATA,943,1a:00:00:00:00:00,-75,11,0,0,0,0,0,0,0,0,0,-91,0,1,0,180148696,0,42,0,128,0,"[0,0,-2,7,-2,6,-2,6,-2,6,-2,7,-2,7,-2,8,-1,10,-1,10,-5,11,-5,13,-3,14,-1,13,-1,14,-2,15,-1,16,0,17,1,18,0,19,-2,20,-3,20,-3,22,-3,22,-3,20,-5,20,-7,22,0,0,0,0,0,0,0,0,0,0,0,0,0,0,0,0,0,0,0,0,0,0,-10,8,-9,7,-8,7,-8,7,-7,7,-6,6,-6,6,-6,6,-5,6,-4,7,-3,6,-3,6,-3,6,-2,6,-1,6,-1,5,0,6,0,7,0,7,0,6,1,6,2,5,1,5,0,5,-1,5,-2,5]"
CSI_DATA,944,1a:00:00:00:00:00,-75,11,0,0,0,0,0,0,0,0,0,-91,0,1,0,180650835,0,42,0,128,0,"[0,0,1,-10,-1,-9,0,-10,1,-10,1,-11,3,-11,3,-12,1,-10,-1,-10,-1,-10,-1,-10,-1,-11,-1,-13,-1,-15,0,-15,0,-16,-1,-19,-1,-21,-2,-21,-1,-20,1,-20,2,-21,3,-22,4,-23,5,-23,5,-23,0,0,0,0,0,0,0,0,0,0,0,0,0,0,0,0,0,0,0,0,0,0,10,-9,8,-9,7,-8,7,-8,6,-8,6,-8,5,-8,5,-8,4,-8,3,-8,2,-7,2,-6,2,-6,1,-8,0,-8,0,-6,-1,-6,-1,-6,0,-7,-1,-8,-2,-9,-2,-8,-1,-7,0,-6,0,-6,0,-7]"
[0;32mI (181118) ftm_responder: Counter = 181[0m
CSI_DATA,945,1a:00:00:00:00:00,-73,11,0,0,0,0,0,0,0,0,0,-91,0,1,0,181149960,0,42,0,128,0,"[0,0,0,-9,2,-10,1,-10,1,-9,2,-10,2,-13,0,-13,0,-13,-2,-13,-3,-11,-2,-11,0,-12,-1,-13,-3,-14,-4,-15,-2,-17,-2,-18,-2,-21,-1,-23,0,-23,-1,-23,-2,-23,-2,-22,1,-21,3,-20,4,-21,0,0,0,0,0,0,0,0,0,0,0,0,0,0,0,0,0,0,0,0,0,0,10,-8,10,-8,10,-7,9,-8,8,-9,7,-9,6,-8,5,-8,5,-9,5,-10,5,-9,4,-8,3,-8,2,-7,1,-6,0,-7,-2,-7,-2,-6,-1,-8,0,-10,1,-8,0,-7,-2,-8,-4,-10,-4,-10,-3,-10]"
CSI_DATA,946,1a:00:00:00:00:00,-73,11,0,0,0,0,0,0,0,0,0,-91,0,1,0,181241958,0,31,0,128,0,"[0,0,-7,3,-9,3,-9,1,-8,0,-7,0,-7,2,-10,3,-13,3,-11,4,-8,3,-7,3,-9,3,-11,4,-12,5,-14,5,-14,5,-16,6,-18,6,-18,7,-18,7,-17,7,-16,7,-18,6,-20,6,-19,5,-19,3,0,0,0,0,0,0,0,0,0,0,0,0,0,0,0,0,0,0,0,0,0,0,-9,-9,-9,-9,-9,-8,-10,-7,-10,-6,-10,-5,-10,-5,-10,-4,-10,-3,-10,-3,-10,-3,-10,-2,-10,-1,-9,0,-8,1,-9,2,-9,1,-8,1,-6,2,-7,2,-9,1,-9,2,-8,3,-8,4,-8,4,-8,4]"
CSI_DATA,947,1a:00:00:00:00:00,-74,11,0,0,0,0,0,0,0,0,0,-91,0,1,0,181443113,0,31,0,128,0,"[0,0,-10,8,-9,5,-7,3,-7,4,-8,5,-7,4,-7,3,-8,3,-8,3,-9,3,-10,2,-11,2,-12,5,-13,7,-13,6,-14,5,-17,6,-19,6,-20,7,-19,7,-19,6,-20,5,-22,3,-25,4,-25,4,-25,2,0,0,0,0,0,0,0,0,0,0,0,0,0,0,0,0,0,0,0,0,0,0,-11,-10,-11,-9,-11,-8,-11,-8,-12,-7,-13,-6,-13,-5,-13,-4,-13,-4,-13,-3,-12,-2,-12,-2,-12,-1,-12,0,-12,1,-11,2,-10,2,-10,2,-11,3,-10,3,-10,4,-10,5,-9,6,-8,5,-10,6,-12,7]"
CSI_DATA,948,1a:00:00:00:00:00,-73,11,0,0,0,0,0,0,0,0,0,-91,0,1,0,181644299,0,31,0,128,0,"[0,0,6,-9,6,-8,6,-6,7,-5,6,-5,6,-5,6,-5,6,-5,6,-5,6,-6,7,-6,9,-6,10,-7,11,-7,12,-5,13,-4,14,-5,16,-5,19,-4,18,-8,15,-6,14,-2,15,-2,16,-3,17,-3,20,-4,0,0,0,0,0,0,0,0,0,0,0,0,0,0,0,0,0,0,0,0,0,0,10,-2,10,-2,11,-2,10,-3,10,-4,10,-4,9,-4,9,-4,8,-4,7,-5,7,-7,7,-8,7,-6,7,-6,6,-5,6,-5,5,-7,4,-7,4,-7,4,-8,5,-8,7,-7,6,-5,5,-4,3,-5,3,-6]"
CSI_DATA,949,1a:00:00:00:00:00,-74,11,0,0,0,0,0,0,0,0,0,-91,0,1,0,181843646,0,31,0,128,0,"[0,0,-2,-9,-1,-8,0,-9,1,-10,-1,-8,-2,-8,0,-8,0,-8,0,-8,-2,-9,-2,-10,-3,-9,-5,-11,-4,-12,-3,-10,-2,-12,-1,-16,-3,-17,-7,-17,-7,-17,-4,-18,-2,-19,-1,-19,-1,-18,0,-19,1,-20,0,0,0,0,0,0,0,0,0,0,0,0,0,0,0,0,0,0,0,0,0,0,9,-7,8,-6,7,-6,6,-7,5,-8,5,-9,5,-9,4,-9,3,-9,2,-9,2,-10,1,-10,1,-10,1,-10,0,-10,-1,-10,-2,-10,-3,-9,-3,-9,-3,-8,-3,-8,-4,-9,-4,-8,-2,-7,-3,-6,-5,-6]"
CSI_DATA,950,1a:00:00:00:00:00,-75,11,0,0,0,0,0,0,0,0,0,-91,0,1,0,182057890,0,31,0,128,0,"[0,0,-7,1,-8,-1,-8,-1,-7,-1,-7,-1,-7,-1,-8,-2,-8,-1,-9,-2,-9,-3,-10,-3,-10,-2,-10,-2,-10,-4,-13,-4,-15,-3,-15,-4,-15,-5,-17,-5,-18,-7,-18,-8,-17,-9,-16,-10,-16,-12,-16,-12,-16,-13,0,0,0,0,0,0,0,0,0,0,0,0,0,0,0,0,0,0,0,0,0,0,-7,-9,-7,-9,-8,-8,-8,-7,-9,-7,-9,-7,-10,-6,-10,-5,-10,-5,-11,-5,-11,-4,-11,-3,-11,-3,-10,-2,-11,-1,-10,-1,-10,-1,-10,0,-10,1,-10,2,-9,1,-8,1,-10,1,-9,3,-9,3,-10,2]"
[0;32mI (182118) ftm_responder: Counter = 182[0m
CSI_DATA,951,1a:00:00:00:00:00,-74,11,0,0,0,0,0,0,0,0,0,-91,0,1,0,182246207,0,31,0,128,0,"[0,0,-13,4,-7,8,-6,7,-12,5,-12,6,-10,4,-10,-3,-8,-6,-8,-2,-9,2,-8,2,-9,3,-12,3,-12,-1,-13,-2,-15,-1,-15,-2,-16,-4,-17,-6,-15,-7,-12,-10,-12,-13,-14,-14,-15,-14,-16,-15,-15,-16,0,0,0,0,0,0,0,0,0,0,0,0,0,0,0,0,0,0,0,0,0,0,-9,8,-9,8,-9,8,-8,8,-7,8,-8,8,-8,8,-8,9,-8,9,-8,9,-7,8,-6,10,-6,10,-8,9,-8,9,-6,9,-4,9,-4,10,-4,9,-5,7,-6,5,-7,5,-9,6,-6,7,-2,7,0,10]"
CSI_DATA,952,1a:00:00:00:00:00,-75,11,0,0,0,0,0,0,0,0,0,-91,0,1,0,182447954,0,31,0,128,0,"[0,0,-2,-9,-1,-6,-2,-5,-1,-10,1,-11,2,-7,4,-9,5,-8,1,-6,0,-11,1,-12,2,-8,1,-8,-3,-12,-2,-13,1,-16,2,-19,2,-19,1,-18,2,-15,3,-16,4,-18,5,-17,7,-17,7,-20,5,-21,0,0,0,0,0,0,0,0,0,0,0,0,0,0,0,0,0,0,0,0,0,0,13,-1,12,-2,11,-4,10,-4,9,-5,8,-7,8,-8,9,-7,8,-7,8,-8,8,-6,8,-6,6,-8,5,-8,2,-6,1,-6,2,-7,-1,-8,-5,-8,-5,-7,-5,-7,-7,-8,-7,-9,-4,-7,-2,-5,-3,-8]"
CSI_DATA,953,1a:00:00:00:00:00,-74,11,0,0,0,0,0,0,0,0,0,-91,0,1,0,182648966,0,31,0,128,0,"[0,0,-6,1,-5,-1,-4,1,-4,3,-3,1,-2,1,-3,2,-6,2,-10,2,-10,2,-7,0,-7,0,-7,1,-6,2,-8,2,-11,0,-12,0,-14,0,-16,-2,-15,-5,-14,-5,-13,-3,-13,-3,-16,-3,-17,-1,-13,-2,0,0,0,0,0,0,0,0,0,0,0,0,0,0,0,0,0,0,0,0,0,0,1,-9,1,-9,1,-8,0,-8,0,-9,-2,-9,-3,-9,-3,-9,-3,-8,-4,-8,-4,-7,-5,-6,-7,-6,-8,-6,-8,-4,-7,-3,-5,-2,-5,-2,-6,-2,-6,-2,-4,-2,-5,0,-5,1,-5,3,-5,3,-5,4]"
CSI_DATA,954,1a:00:00:00:00:00,-75,11,0,0,0,0,0,0,0,0,0,-91,0,1,0,182709582,0,42,0,128,0,"[0,0,-1,-8,0,-8,-1,-8,0,-8,1,-8,2,-7,1,-8,0,-9,1,-9,0,-9,0,-9,1,-11,2,-12,2,-13,3,-13,3,-15,4,-17,6,-19,6,-20,7,-21,9,-21,10,-21,11,-21,13,-20,14,-18,12,-18,0,0,0,0,0,0,0,0,0,0,0,0,0,0,0,0,0,0,0,0,0,0,14,-4,13,-5,12,-6,11,-7,10,-7,10,-8,10,-9,9,-10,9,-10,9,-9,8,-10,6,-10,5,-10,4,-10,3,-11,2,-12,1,-12,1,-11,1,-11,0,-10,-2,-10,-3,-10,-2,-10,-2,-9,-2,-9,-2,-9]"
CSI_DATA,955,1a:00:00:00:00:00,-75,11,0,0,0,0,0,0,0,0,0,-91,0,1,0,182778061,0,31,0,128,0,"[0,0,-6,6,-5,5,-3,4,-4,3,-8,2,-9,4,-8,5,-7,4,-5,3,-5,7,-7,8,-9,7,-13,6,-16,6,-15,10,-13,13,-16,11,-17,8,-17,11,-19,13,-19,12,-19,13,-22,12,-24,11,-24,9,-25,9,0,0,0,0,0,0,0,0,0,0,0,0,0,0,0,0,0,0,0,0,0,0,-15,-7,-14,-6,-14,-5,-14,-3,-14,-2,-14,-1,-15,-1,-15,0,-15,2,-15,3,-14,3,-14,2,-13,3,-11,6,-10,7,-8,8,-8,7,-7,7,-4,7,-5,8,-6,8,-7,9,-6,8,-5,7,-4,6,-5,6]"
CSI_DATA,956,1a:00:00:00:00:00,-75,11,0,0,0,0,0,0,0,0,0,-91,0,1,0,182982911,0,31,0,128,0,"[0,0,3,7,2,4,1,1,2,2,2,4,-1,4,-2,2,-3,0,0,1,2,4,0,8,-1,10,-2,11,-2,13,-1,13,-1,12,-2,12,-1,14,-1,19,-2,22,-2,20,-3,18,-7,19,-7,18,-6,17,-5,15,0,0,0,0,0,0,0,0,0,0,0,0,0,0,0,0,0,0,0,0,0,0,-12,4,-12,5,-11,5,-10,6,-10,7,-9,8,-9,9,-8,9,-7,9,-7,9,-7,9,-6,9,-4,9,-3,9,-3,10,-4,10,-4,9,-2,10,0,10,1,10,0,10,1,9,1,9,1,7,1,7,2,7]"
[0;32mI (183118) ftm_responder: Counter = 183[0m
CSI_DATA,957,1a:00:00:00:00:00,-75,11,0,0,0,0,0,0,0,0,0,-91,0,1,0,183187675,0,31,0,128,0,"[0,0,-4,-2,-2,-2,-3,-5,-4,-5,-3,-4,-5,-5,-6,-6,-6,-4,-7,-3,-8,-4,-9,-6,-8,-7,-5,-9,-4,-9,-6,-8,-8,-8,-9,-11,-9,-14,-10,-16,-10,-15,-8,-14,-6,-17,-6,-20,-6,-21,-5,-21,-5,-21,0,0,0,0,0,0,0,0,0,0,0,0,0,0,0,0,0,0,0,0,0,0,-8,-12,-7,-11,-8,-11,-8,-10,-9,-9,-10,-9,-10,-9,-10,-8,-10,-7,-11,-7,-11,-7,-11,-7,-12,-5,-11,-3,-10,-3,-10,-3,-10,-3,-10,-3,-9,-2,-9,-2,-10,-2,-11,0,-12,0,-10,-1,-8,-1,-7,0]"
CSI_DATA,958,1a:00:00:00:00:00,-76,11,0,0,0,0,0,0,0,0,0,-91,0,1,0,183378533,0,31,0,128,0,"[0,0,6,-8,5,-8,4,-8,2,-7,2,-6,3,-5,3,-3,3,-3,1,-4,1,-5,3,-4,5,-3,6,-3,6,-2,5,0,4,0,4,0,4,1,5,3,4,5,4,6,4,7,3,9,3,10,3,10,2,10,0,0,0,0,0,0,0,0,0,0,0,0,0,0,0,0,0,0,0,0,0,0,14,-11,14,-10,14,-10,14,-11,14,-11,13,-10,13,-11,13,-11,13,-11,12,-11,11,-11,11,-11,10,-11,10,-11,9,-12,8,-11,8,-11,8,-11,7,-11,7,-11,7,-12,6,-12,6,-12,5,-12,5,-11,7,-11]"
CSI_DATA,959,1a:00:00:00:00:00,-75,11,0,0,0,0,0,0,0,0,0,-91,0,1,0,183578819,0,31,0,128,0,"[0,0,-6,-3,-6,-2,-6,-3,-9,-4,-8,-2,-5,-2,-6,-2,-8,-1,-8,2,-8,1,-7,-1,-6,0,-4,-1,-3,-3,-4,-5,-5,-5,-4,-6,-3,-6,-4,-6,-3,-6,0,-7,3,-10,7,-11,9,-8,8,-5,8,-5,0,0,0,0,0,0,0,0,0,0,0,0,0,0,0,0,0,0,0,0,0,0,-16,-6,-16,-5,-15,-5,-14,-5,-14,-4,-14,-4,-14,-5,-14,-5,-14,-4,-13,-3,-13,-3,-13,-2,-14,-2,-14,-2,-13,-3,-13,-3,-13,-1,-12,1,-12,3,-13,3,-12,2,-13,0,-13,0,-11,1,-10,1,-10,2]"
CSI_DATA,960,1a:00:00:00:00:00,-76,11,0,0,0,0,0,0,0,0,0,-91,0,1,0,183780253,0,31,0,128,0,"[0,0,8,4,9,2,5,1,2,1,4,1,5,6,5,9,2,6,4,0,5,0,2,3,1,5,2,5,1,5,-1,4,-1,6,-1,7,-3,6,-6,6,-6,5,-7,5,-10,5,-11,7,-9,8,-9,7,-11,5,0,0,0,0,0,0,0,0,0,0,0,0,0,0,0,0,0,0,0,0,0,0,14,11,13,10,12,8,11,8,11,8,10,8,10,8,9,7,9,7,9,6,9,5,8,5,8,5,9,5,10,4,9,5,8,6,7,6,8,6,10,5,11,1,11,-1,9,-1,9,0,8,0,7,0]"
CSI_DATA,961,1a:00:00:00:00:00,-78,11,0,0,0,0,0,0,0,0,0,-91,0,1,0,183980795,0,31,0,128,0,"[0,0,10,-4,9,-8,8,-7,5,-5,4,-4,4,-3,5,-4,6,-6,6,-5,4,-3,4,-1,5,-1,5,-1,4,1,3,3,4,4,6,5,6,8,4,9,0,9,-4,8,-6,9,-8,9,-9,9,-12,9,-15,10,0,0,0,0,0,0,0,0,0,0,0,0,0,0,0,0,0,0,0,0,0,0,20,8,19,8,18,8,17,7,17,6,17,5,17,5,16,4,15,4,15,4,15,2,15,0,14,0,13,0,12,-1,12,0,11,0,11,-1,12,-3,14,-4,14,-5,13,-5,12,-5,10,-6,9,-6,9,-4]"
[0;32mI (184118) ftm_responder: Counter = 184[0m
CSI_DATA,962,1a:00:00:00:00:00,-77,11,0,0,0,0,0,0,0,0,0,-91,0,1,0,184181809,0,31,0,128,0,"[0,0,-13,0,-10,-3,-10,-1,-12,1,-10,0,-9,-1,-11,-1,-11,0,-8,0,-5,-1,-6,-3,-10,-5,-8,-6,-6,-6,-7,-7,-6,-6,-5,-5,-5,-7,-7,-10,-8,-15,-7,-17,-5,-17,-3,-18,-1,-19,-2,-19,-2,-18,0,0,0,0,0,0,0,0,0,0,0,0,0,0,0,0,0,0,0,0,0,0,-4,-18,-4,-18,-5,-17,-6,-16,-6,-15,-7,-15,-8,-15,-7,-14,-8,-13,-8,-12,-9,-11,-10,-11,-11,-10,-13,-10,-13,-8,-13,-8,-13,-7,-13,-6,-13,-5,-15,-4,-15,-3,-14,-2,-13,-1,-10,-1,-10,-1,-12,0]"
CSI_DATA,963,1a:00:00:00:00:00,-76,11,0,0,0,0,0,0,0,0,0,-91,0,1,0,184242055,0,42,0,128,0,"[0,0,-11,0,-9,-1,-8,-1,-7,-1,-7,-1,-6,-1,-6,-1,-6,-1,-6,-1,-6,-1,-5,-2,-5,-2,-6,-3,-7,-4,-8,-5,-9,-7,-8,-8,-8,-9,-8,-12,-7,-14,-7,-13,-7,-14,-6,-16,-5,-17,-4,-17,-3,-18,0,0,0,0,0,0,0,0,0,0,0,0,0,0,0,0,0,0,0,0,0,0,-7,-18,-7,-17,-8,-15,-8,-14,-9,-13,-10,-13,-11,-13,-11,-12,-11,-11,-11,-12,-11,-11,-12,-9,-12,-7,-13,-6,-13,-5,-13,-4,-12,-3,-12,-3,-12,-3,-12,-2,-13,-1,-14,-1,-15,-1,-14,0,-12,0,-11,-1]"
CSI_DATA,964,1a:00:00:00:00:00,-74,11,0,0,0,0,0,0,0,0,0,-91,0,1,0,184307869,0,31,0,128,0,"[0,0,8,3,5,3,1,5,-1,5,-1,6,2,6,3,3,2,2,1,4,1,5,1,5,-1,2,0,1,0,2,-2,4,-2,5,-5,4,-5,2,-3,4,-6,10,-7,18,-9,20,-7,17,-4,14,-10,12,-21,13,0,0,0,0,0,0,0,0,0,0,0,0,0,0,0,0,0,0,0,0,0,0,-9,15,-7,14,-5,13,-4,13,-4,14,-4,14,-3,14,-2,14,-2,13,-2,13,-1,14,0,13,1,12,2,13,2,13,2,11,3,8,4,7,5,7,6,7,4,6,4,7,5,10,6,10,5,9,6,10]"
CSI_DATA,965,1a:00:00:00:00:00,-75,11,0,0,0,0,0,0,0,0,0,-91,0,1,0,184511374,0,31,0,128,0,"[0,0,-7,-4,-5,-3,-4,-4,-4,-4,-7,-3,-8,-4,-5,-4,-2,-3,-2,-2,-3,-1,-2,-3,-1,-7,-1,-10,0,-10,0,-7,1,-6,1,-10,-4,-13,-7,-13,-1,-14,2,-12,-1,-10,2,-13,9,-15,13,-16,13,-21,0,0,0,0,0,0,0,0,0,0,0,0,0,0,0,0,0,0,0,0,0,0,-1,-16,-2,-16,-3,-15,-4,-13,-4,-13,-4,-14,-5,-14,-6,-14,-5,-14,-5,-12,-6,-12,-7,-12,-7,-11,-7,-9,-8,-8,-9,-9,-9,-10,-8,-10,-7,-9,-8,-9,-10,-8,-11,-7,-10,-7,-8,-7,-7,-5,-6,-6]"
CSI_DATA,966,1a:00:00:00:00:00,-75,11,0,0,0,0,0,0,0,0,0,-91,0,1,0,184912135,0,31,0,128,0,"[0,0,-2,8,1,6,-1,2,-4,2,-5,2,-8,-2,-10,-1,-8,3,-6,2,-5,0,-6,-1,-6,-2,-6,-2,-8,0,-8,0,-10,-4,-10,-7,-8,-8,-9,-7,-10,-7,-9,-9,-10,-10,-11,-15,-10,-18,-8,-15,-5,-13,0,0,0,0,0,0,0,0,0,0,0,0,0,0,0,0,0,0,0,0,0,0,-6,15,-7,14,-7,13,-6,12,-6,12,-7,13,-7,11,-7,10,-6,11,-5,11,-5,12,-3,12,-2,12,-2,11,-2,9,-3,10,-3,11,-3,13,-3,14,-2,13,-3,9,-4,9,-2,11,-1,7,-5,5,-6,5]"
CSI_DATA,967,1a:00:00:00:00:00,-75,11,0,0,0,0,0,0,0,0,0,-91,0,1,0,185113507,0,31,0,128,0,"[0,0,-5,-8,3,-6,4,-4,-1,-3,1,1,2,1,0,-3,2,-5,5,-7,6,-6,9,-4,9,-4,6,-8,5,-9,6,-7,9,-6,9,-6,8,-7,9,-5,13,-3,16,-5,14,-5,12,-4,15,-3,19,-1,20,0,0,0,0,0,0,0,0,0,0,0,0,0,0,0,0,0,0,0,0,0,0,0,14,-2,13,-2,12,-2,11,-2,11,-4,12,-5,12,-4,11,-4,10,-5,7,-6,7,-5,9,-5,7,-6,5,-7,4,-8,3,-9,4,-7,3,-7,1,-11,1,-11,1,-6,3,-4,1,-7,0,-10,0,-9,1,-6]"
[0;32mI (185118) ftm_responder: Counter = 185[0m
CSI_DATA,968,1a:00:00:00:00:00,-77,11,0,0,0,0,0,0,0,0,0,-91,0,1,0,185314046,0,31,0,128,0,"[0,0,-11,-2,-9,-1,-7,0,-4,1,-3,2,-4,1,-3,0,-4,0,-5,0,-3,-1,-2,-1,-2,0,-1,-1,-2,-1,-1,0,1,1,0,3,-1,5,1,5,4,5,6,5,7,5,7,7,7,10,6,12,4,13,0,0,0,0,0,0,0,0,0,0,0,0,0,0,0,0,0,0,0,0,0,0,-11,-17,-10,-17,-10,-16,-11,-16,-11,-17,-9,-17,-8,-17,-8,-16,-8,-16,-8,-15,-9,-14,-9,-13,-9,-13,-8,-13,-9,-12,-10,-10,-9,-9,-9,-10,-10,-7,-8,-4,-9,-4,-9,-6,-8,-6,-9,-3,-10,-2,-11,-5]"
CSI_DATA,969,1a:00:00:00:00:00,-76,11,0,0,0,0,0,0,0,0,0,-91,0,1,0,185515153,0,31,0,128,0,"[0,0,-1,10,-3,10,-2,8,-3,8,-3,8,0,8,4,8,5,6,3,5,0,6,0,5,0,3,0,1,-1,1,0,0,0,1,0,-1,1,-4,2,-4,3,-5,4,-8,6,-9,7,-9,8,-8,8,-7,9,-4,0,0,0,0,0,0,0,0,0,0,0,0,0,0,0,0,0,0,0,0,0,0,-8,9,-7,9,-6,9,-7,10,-7,11,-7,13,-7,14,-6,14,-7,14,-7,14,-7,14,-7,13,-7,13,-6,13,-5,14,-5,14,-4,14,-3,15,-3,16,-1,16,-2,14,-4,13,-4,15,-4,19,-4,16,-3,12]"
CSI_DATA,970,1a:00:00:00:00:00,-77,11,0,0,0,0,0,0,0,0,0,-91,0,1,0,185717145,0,31,0,128,0,"[0,0,-3,11,-5,9,-2,6,1,7,-1,9,-3,10,-2,8,-1,6,-3,6,-4,6,-3,3,-5,-2,-6,-2,-5,0,-4,0,-5,-2,-7,-4,-8,-6,-8,-7,-7,-9,-7,-8,-7,-7,-6,-11,-4,-16,-3,-18,-2,-19,0,0,0,0,0,0,0,0,0,0,0,0,0,0,0,0,0,0,0,0,0,0,-11,4,-11,4,-10,5,-10,6,-10,8,-9,9,-9,10,-9,10,-9,10,-9,10,-9,9,-8,9,-8,11,-6,12,-5,13,-4,12,-4,12,-4,15,-4,18,-2,19,-1,16,-1,15,-2,17,-3,19,-2,16,2,12]"
CSI_DATA,971,1a:00:00:00:00:00,-78,11,0,0,0,0,0,0,0,0,0,-91,0,1,0,185776890,0,42,0,128,0,"[0,0,2,11,5,11,7,10,6,9,4,9,3,7,3,6,4,5,3,3,3,2,1,4,-1,5,-3,4,-4,3,-3,1,-4,-1,-6,-1,-8,-1,-10,-3,-10,-6,-10,-7,-10,-8,-12,-9,-12,-11,-11,-13,-9,-14,0,0,0,0,0,0,0,0,0,0,0,0,0,0,0,0,0,0,0,0,0,0,-7,7,-7,7,-6,8,-4,9,-4,9,-4,10,-3,10,-3,11,-3,12,-3,13,-3,13,-2,12,0,11,1,11,2,12,2,12,3,13,4,13,4,13,4,12,4,11,5,11,6,10,7,10,8,11,6,12]"
[0;32mI (186138) ftm_responder: Counter = 186[0m
CSI_DATA,972,1a:00:00:00:00:00,-76,11,0,0,0,0,0,0,0,0,0,-91,0,1,0,186279958,0,42,0,128,0,"[0,0,2,-13,2,-13,3,-11,3,-9,1,-9,2,-7,4,-6,4,-6,4,-5,5,-7,6,-7,7,-6,6,-6,6,-6,7,-6,10,-5,11,-4,12,-2,15,-2,16,-3,16,0,18,3,18,4,17,4,16,6,17,8,0,0,0,0,0,0,0,0,0,0,0,0,0,0,0,0,0,0,0,0,0,0,13,-8,12,-9,11,-9,10,-10,10,-11,9,-12,9,-13,9,-13,9,-14,8,-14,7,-13,6,-13,5,-13,5,-14,4,-15,2,-16,3,-15,3,-13,3,-13,3,-14,2,-14,1,-13,0,-13,1,-13,2,-13,0,-13]"
CSI_DATA,973,1a:00:00:00:00:00,-73,11,0,0,0,0,0,0,0,0,0,-91,0,1,0,186777654,0,42,0,128,0,"[0,0,6,6,5,7,4,8,3,8,2,8,3,8,5,6,5,5,3,6,4,6,6,7,6,8,5,10,2,11,0,11,1,11,1,12,-1,14,-1,14,-1,13,-3,15,-6,17,-7,17,-7,15,-6,15,-5,16,0,0,0,0,0,0,0,0,0,0,0,0,0,0,0,0,0,0,0,0,0,0,-1,14,-1,14,-1,14,0,13,0,14,1,14,1,15,2,15,2,14,2,14,2,14,2,14,3,13,4,12,5,12,6,11,6,11,6,11,5,12,5,10,7,9,8,8,7,8,6,8,6,7,7,6]"
CSI_DATA,974,1a:00:00:00:00:00,-73,11,0,0,0,0,0,0,0,0,0,-91,0,1,0,186870604,0,31,0,128,0,"[0,0,8,-9,8,-9,8,-10,7,-8,6,-6,7,-9,6,-10,6,-7,7,-8,8,-10,8,-8,7,-7,5,-6,7,-5,9,-6,10,-6,11,-7,13,-7,16,-6,16,-5,15,-3,14,-2,13,-1,14,-1,15,0,17,-1,0,0,0,0,0,0,0,0,0,0,0,0,0,0,0,0,0,0,0,0,0,0,14,-4,14,-4,14,-4,14,-4,14,-4,14,-5,15,-6,15,-5,15,-5,14,-6,15,-6,14,-6,13,-6,12,-7,11,-7,11,-7,11,-7,10,-8,9,-9,9,-10,9,-11,9,-10,8,-9,6,-8,7,-9,9,-11]"
CSI_DATA,975,1a:00:00:00:00:00,-74,11,0,0,0,0,0,0,0,0,0,-91,0,1,0,187071394,0,31,0,128,0,"[0,0,1,4,3,3,3,4,3,5,2,5,-1,5,-2,5,-2,4,0,5,0,4,0,3,1,5,1,8,1,9,2,9,3,11,3,10,3,8,2,9,-2,11,-2,15,-1,16,0,14,1,13,0,15,-3,17,0,0,0,0,0,0,0,0,0,0,0,0,0,0,0,0,0,0,0,0,0,0,-6,10,-6,10,-5,11,-5,11,-4,11,-4,11,-4,11,-4,12,-4,11,-2,11,-2,11,-1,11,0,10,1,9,2,10,2,9,2,9,2,9,3,7,3,7,3,7,4,5,5,5,4,7,3,8,2,6]"
[0;32mI (187138) ftm_responder: Counter = 187[0m
CSI_DATA,976,1a:00:00:00:00:00,-72,11,0,0,0,0,0,0,0,0,0,-91,0,1,0,187272172,0,31,0,128,0,"[0,0,7,-5,8,-5,8,-5,6,-5,5,-5,5,-4,5,-4,5,-3,5,-2,5,-3,4,-2,3,-1,4,0,4,1,4,1,3,0,3,0,5,4,8,7,10,8,5,9,3,8,5,6,1,8,-5,10,-7,8,0,0,0,0,0,0,0,0,0,0,0,0,0,0,0,0,0,0,0,0,0,0,13,5,13,5,13,4,14,4,15,5,16,4,15,4,16,3,16,3,16,3,16,3,15,2,15,1,15,0,15,-1,14,-1,14,-2,14,-3,13,-5,13,-6,12,-6,11,-7,11,-8,11,-8,10,-7,9,-6]"
CSI_DATA,977,1a:00:00:00:00:00,-72,11,0,0,0,0,0,0,0,0,0,-91,0,1,0,187472130,0,31,0,128,0,"[0,0,-9,12,-11,11,-12,10,-12,12,-11,9,-9,4,-8,4,-8,5,-10,4,-10,5,-7,5,-6,4,-6,3,-7,0,-6,-2,-4,-1,-4,-1,-4,-1,-4,-1,-3,-2,-1,-4,1,-3,1,-6,2,-9,4,-8,3,-4,0,0,0,0,0,0,0,0,0,0,0,0,0,0,0,0,0,0,0,0,0,0,-17,1,-16,1,-16,1,-17,1,-18,1,-19,2,-20,1,-20,1,-20,1,-19,1,-17,1,-17,2,-17,3,-17,4,-17,4,-17,4,-16,6,-15,7,-15,8,-17,8,-16,8,-14,8,-14,9,-12,8,-9,8,-9,8]"
CSI_DATA,978,1a:00:00:00:00:00,-74,11,0,0,0,0,0,0,0,0,0,-91,0,1,0,187672596,0,31,0,128,0,"[0,0,5,-18,4,-17,7,-12,5,-9,5,-8,3,-5,0,-4,0,-8,0,-10,0,-9,0,-7,-1,-5,0,-4,3,-3,6,-2,7,-2,6,-2,5,-2,7,-1,9,1,9,1,10,0,12,2,11,6,11,8,13,6,0,0,0,0,0,0,0,0,0,0,0,0,0,0,0,0,0,0,0,0,0,0,14,-5,15,-6,14,-6,14,-6,14,-7,14,-8,15,-8,15,-8,15,-8,14,-7,14,-8,14,-9,12,-9,10,-10,10,-11,11,-10,9,-11,7,-11,7,-10,6,-12,5,-13,7,-11,5,-11,0,-11,1,-12,4,-12]"
CSI_DATA,979,1a:00:00:00:00:00,-73,11,0,0,0,0,0,0,0,0,0,-91,0,1,0,187873729,0,31,0,128,0,"[0,0,13,7,13,5,11,3,7,5,6,5,5,4,4,4,4,4,4,5,4,4,4,4,3,4,2,3,1,3,1,4,-1,4,-2,3,-3,3,-3,3,-4,2,-5,1,-7,2,-8,1,-9,0,-9,-1,-9,-3,0,0,0,0,0,0,0,0,0,0,0,0,0,0,0,0,0,0,0,0,0,0,8,11,8,11,8,11,8,11,8,11,8,12,8,14,8,14,8,13,8,13,8,14,8,13,7,11,8,11,9,11,9,9,8,8,9,8,9,8,10,7,10,7,11,8,10,8,10,7,9,7,10,6]"
CSI_DATA,980,1a:00:00:00:00:00,-72,11,0,0,0,0,0,0,0,0,0,-91,0,1,0,188074992,0,31,0,128,0,"[0,0,-6,3,-7,4,-9,4,-8,4,-7,3,-8,3,-8,3,-7,3,-6,3,-6,3,-7,4,-9,5,-9,5,-9,6,-10,6,-11,6,-11,6,-11,8,-12,8,-15,8,-16,7,-17,6,-18,6,-18,6,-19,6,-19,4,0,0,0,0,0,0,0,0,0,0,0,0,0,0,0,0,0,0,0,0,0,0,-13,-5,-12,-5,-12,-4,-13,-4,-13,-3,-13,-2,-13,-2,-13,-2,-13,-2,-13,-1,-12,-1,-12,0,-12,1,-12,2,-11,1,-10,2,-10,3,-11,3,-11,4,-10,4,-10,4,-10,4,-9,4,-8,3,-7,4,-8,4]"
[0;32mI (188138) ftm_responder: Counter = 188[0m
CSI_DATA,981,1a:00:00:00:00:00,-72,11,0,0,0,0,0,0,0,0,0,-91,0,1,0,188276285,0,31,0,128,0,"[0,0,-6,-4,-6,-5,-6,-5,-6,-5,-6,-6,-6,-7,-6,-6,-8,-6,-8,-6,-9,-6,-9,-6,-10,-7,-10,-7,-10,-7,-11,-7,-13,-8,-13,-9,-14,-9,-14,-11,-15,-12,-14,-13,-14,-15,-14,-16,-13,-16,-12,-16,-12,-17,0,0,0,0,0,0,0,0,0,0,0,0,0,0,0,0,0,0,0,0,0,0,1,-11,0,-12,0,-12,-1,-11,-1,-11,-2,-11,-2,-12,-3,-12,-3,-11,-3,-11,-3,-10,-4,-9,-4,-8,-5,-9,-6,-9,-6,-8,-5,-7,-6,-6,-7,-7,-8,-8,-8,-8,-8,-7,-8,-6,-8,-5,-8,-5,-7,-5]"
CSI_DATA,982,1a:00:00:00:00:00,-73,11,0,0,0,0,0,0,0,0,0,-91,0,1,0,188337014,0,42,0,128,0,"[0,0,-7,-10,-6,-10,-7,-9,-8,-9,-8,-8,-7,-10,-6,-10,-5,-9,-6,-9,-6,-10,-6,-10,-7,-11,-8,-12,-8,-13,-8,-13,-8,-13,-7,-15,-7,-17,-7,-18,-6,-18,-4,-19,-3,-19,-3,-20,-2,-20,-1,-20,0,-20,0,0,0,0,0,0,0,0,0,0,0,0,0,0,0,0,0,0,0,0,0,0,10,-11,10,-11,9,-10,8,-10,7,-11,6,-11,6,-12,6,-13,5,-13,4,-12,3,-12,3,-12,3,-12,2,-12,0,-12,-1,-12,-1,-12,-2,-12,-3,-11,-4,-12,-4,-12,-5,-10,-5,-10,-5,-11,-5,-11,-6,-11]"
CSI_DATA,983,1a:00:00:00:00:00,-74,11,0,0,0,0,0,0,0,0,0,-91,0,1,0,188406420,0,31,0,128,0,"[0,0,-13,-1,-12,-2,-11,-1,-9,-1,-8,-2,-8,-2,-8,-2,-10,-1,-11,0,-10,0,-10,0,-12,-2,-13,-4,-13,-2,-13,-1,-14,-2,-13,-4,-15,-5,-15,-5,-16,-6,-16,-7,-16,-8,-16,-9,-16,-10,-15,-12,-13,-13,0,0,0,0,0,0,0,0,0,0,0,0,0,0,0,0,0,0,0,0,0,0,-4,-14,-4,-14,-5,-13,-6,-13,-7,-13,-7,-13,-7,-13,-8,-12,-8,-12,-8,-11,-8,-11,-9,-10,-9,-9,-9,-9,-10,-8,-10,-7,-11,-5,-12,-4,-12,-3,-10,-3,-8,-4,-9,-2,-12,-2,-13,-3,-13,-2,-13,-2]"
CSI_DATA,984,1a:00:00:00:00:00,-77,11,0,0,0,0,0,0,0,0,0,-91,0,1,0,188607717,0,31,0,128,0,"[0,0,8,2,7,3,6,3,6,4,7,3,6,3,5,3,5,3,3,2,1,0,1,0,1,0,0,0,-1,-1,-3,-2,-3,-3,2,-4,0,-5,-7,-7,-7,-9,0,-7,7,-6,7,-7,1,-10,-3,-10,-3,-2,0,0,0,0,0,0,0,0,0,0,0,0,0,0,0,0,0,0,0,0,0,0,2,5,2,4,3,3,3,2,3,2,4,1,5,1,5,1,6,1,8,1,8,2,9,2,8,2,8,2,9,3,10,3,9,2,8,1,8,1,10,1,10,2,7,1,8,0,10,1,10,2,9,4]"
CSI_DATA,985,1a:00:00:00:00:00,-73,11,0,0,0,0,0,0,0,0,0,-91,0,1,0,188806387,0,31,0,128,0,"[0,0,-6,17,-5,16,-6,14,-6,14,-5,14,-4,14,-3,13,-2,11,-2,10,-2,10,-2,11,-3,10,-2,9,-2,8,-3,8,-3,7,-2,6,-2,5,-1,4,-1,4,0,3,-1,2,-2,1,-1,1,1,0,2,0,0,0,0,0,0,0,0,0,0,0,0,0,0,0,0,0,0,0,0,0,0,0,1,3,1,4,1,4,1,6,1,8,0,10,0,12,-1,13,-1,13,-3,14,-3,14,-3,14,-3,15,-4,14,-4,14,-5,15,-5,16,-4,17,-4,17,-4,17,-4,17,-5,17,-5,17,-5,17,-5,18,-4,18]"
CSI_DATA,986,1a:00:00:00:00:00,-71,11,0,0,0,0,0,0,0,0,0,-91,0,1,0,189009049,0,31,0,128,0,"[0,0,-12,-8,-11,-6,-11,-7,-13,-10,-13,-7,-12,-6,-12,-5,-14,-3,-13,-4,-11,-6,-11,-5,-11,-3,-11,-2,-10,-4,-8,-3,-8,-3,-9,-3,-8,-3,-7,-4,-5,-4,-5,-4,-4,-5,-3,-5,-2,-4,-2,-3,-2,-2,0,0,0,0,0,0,0,0,0,0,0,0,0,0,0,0,0,0,0,0,0,0,-6,-1,-7,-2,-8,-2,-9,-3,-10,-4,-11,-5,-12,-6,-12,-6,-12,-7,-12,-8,-13,-8,-14,-9,-13,-9,-12,-8,-13,-7,-14,-7,-14,-8,-14,-8,-15,-8,-16,-7,-17,-7,-16,-8,-14,-7,-14,-5,-15,-5,-18,-8]"
[0;32mI (189138) ftm_responder: Counter = 189[0m
CSI_DATA,987,1a:00:00:00:00:00,-70,11,0,0,0,0,0,0,0,0,0,-91,0,1,0,189208812,0,31,0,128,0,"[0,0,15,-5,15,-7,17,-9,15,-7,12,-5,12,-4,12,-4,11,-4,11,-4,10,-4,10,-5,10,-7,10,-6,10,-4,8,-3,6,-2,4,-3,5,-2,6,0,6,0,7,0,7,0,5,1,3,2,1,2,0,1,0,0,0,0,0,0,0,0,0,0,0,0,0,0,0,0,0,0,0,0,0,0,6,-2,7,-2,8,-3,8,-3,9,-3,11,-2,12,0,12,0,13,1,14,0,15,0,15,0,16,0,15,0,15,-1,15,-2,16,-2,16,-2,17,-2,17,-2,15,-3,16,-3,17,-5,17,-6,17,-3,19,-2]"
CSI_DATA,988,1a:00:00:00:00:00,-71,11,0,0,0,0,0,0,0,0,0,-91,0,1,0,189410094,0,31,0,128,0,"[0,0,13,2,13,2,13,0,13,-1,12,0,12,0,12,0,11,0,9,1,9,0,9,-2,9,-1,8,-1,7,-2,7,-1,7,-1,6,-1,5,0,3,0,3,1,2,3,1,3,0,2,-2,0,-2,-1,-2,0,0,0,0,0,0,0,0,0,0,0,0,0,0,0,0,0,0,0,0,0,0,0,3,-2,5,-2,6,-2,7,-2,9,-2,10,-2,11,-1,12,0,12,0,13,1,13,2,14,1,15,0,15,0,13,0,13,1,13,1,14,0,16,1,17,1,15,-1,14,-2,15,-2,16,-1,15,0,15,-2]"
CSI_DATA,989,1a:00:00:00:00:00,-71,11,0,0,0,0,0,0,0,0,0,-91,0,1,0,189611926,0,31,0,128,0,"[0,0,6,-16,3,-15,3,-14,4,-12,4,-13,1,-14,0,-13,1,-13,2,-14,1,-12,0,-8,1,-6,1,-6,1,-7,2,-6,1,-5,1,-4,1,-4,2,-4,1,-3,-1,0,-3,1,-3,2,-2,1,-2,0,1,0,0,0,0,0,0,0,0,0,0,0,0,0,0,0,0,0,0,0,0,0,0,0,-3,-6,-3,-7,-2,-9,-1,-11,0,-12,2,-14,3,-14,4,-14,4,-14,4,-14,5,-14,6,-15,6,-15,6,-15,7,-15,8,-16,6,-16,5,-15,4,-15,4,-16,5,-17,5,-16,4,-16,4,-16,5,-17,5,-17]"
CSI_DATA,990,1a:00:00:00:00:00,-75,11,0,0,0,0,0,0,0,0,0,-91,0,1,0,189813082,0,31,0,128,0,"[0,0,14,-5,13,-6,14,-7,15,-8,12,-8,9,-7,7,-7,7,-7,7,-7,6,-7,7,-6,7,-5,6,-5,5,-4,3,-4,2,-6,2,-7,1,-8,-1,-7,-2,-5,-5,-5,-7,-6,-7,-7,-6,-7,-6,-6,-6,-7,0,0,0,0,0,0,0,0,0,0,0,0,0,0,0,0,0,0,0,0,0,0,2,-6,3,-6,5,-6,7,-6,9,-6,10,-6,12,-6,13,-6,13,-5,14,-5,15,-4,14,-4,15,-4,16,-5,16,-5,15,-4,16,-3,16,-3,15,-5,14,-5,15,-6,16,-6,16,-7,16,-7,17,-5,18,-4]"
CSI_DATA,991,1a:00:00:00:00:00,-73,11,0,0,0,0,0,0,0,0,0,-91,0,1,0,189873163,0,42,0,128,0,"[0,0,11,10,12,8,11,8,10,8,10,9,11,9,9,8,8,6,8,4,8,2,8,0,6,0,5,0,5,-2,6,-3,6,-4,5,-4,4,-6,4,-7,4,-7,4,-7,5,-8,6,-8,6,-7,8,-8,9,-8,0,0,0,0,0,0,0,0,0,0,0,0,0,0,0,0,0,0,0,0,0,0,7,-1,8,0,8,2,9,3,11,5,11,7,11,9,11,10,11,11,11,12,10,13,9,13,10,13,10,13,9,14,9,14,9,13,10,13,10,13,10,12,11,12,11,12,12,12,12,12,11,11,12,11]"
CSI_DATA,992,1a:00:00:00:00:00,-72,11,0,0,0,0,0,0,0,0,0,-91,0,1,0,189942834,0,31,0,128,0,"[0,0,10,-6,9,-5,8,-4,8,-5,9,-9,9,-9,8,-8,6,-6,3,-4,-2,-4,-2,-2,0,-2,-3,-10,-1,-13,3,-8,1,-6,-5,-7,-5,-6,-1,-9,0,-11,-4,-10,-7,-11,-8,-11,-4,-10,-1,-11,-3,-13,0,0,0,0,0,0,0,0,0,0,0,0,0,0,0,0,0,0,0,0,0,0,0,-6,1,-8,2,-8,4,-8,5,-8,7,-9,8,-9,9,-9,10,-8,10,-7,10,-6,11,-6,11,-6,11,-5,11,-6,11,-6,11,-6,11,-6,11,-6,11,-7,11,-9,10,-9,9,-7,11,-6,11,-6,11,-5]"
[0;32mI (190138) ftm_responder: Counter = 190[0m
CSI_DATA,993,1a:00:00:00:00:00,-77,11,0,0,0,0,0,0,0,0,0,-91,0,1,0,190143596,0,31,0,128,0,"[0,0,-13,-7,-10,-5,-11,-3,-12,-2,-9,-3,-9,-2,-9,-1,-8,0,-10,0,-10,0,-8,1,-7,3,-6,6,-6,8,-5,8,-4,8,-1,11,3,15,3,15,-2,15,-8,16,-8,15,-2,14,-3,19,-8,26,-10,30,0,0,0,0,0,0,0,0,0,0,0,0,0,0,0,0,0,0,0,0,0,0,-7,2,-7,1,-6,0,-6,-2,-6,-5,-5,-6,-5,-6,-5,-7,-5,-8,-6,-9,-6,-10,-5,-10,-5,-9,-4,-8,-5,-9,-7,-8,-7,-8,-8,-10,-10,-9,-8,-7,-8,-7,-10,-7,-11,-5,-10,-5,-9,-6,-8,-7]"
CSI_DATA,994,1a:00:00:00:00:00,-76,11,0,0,0,0,0,0,0,0,0,-91,0,1,0,190342009,0,31,0,128,0,"[0,0,6,-16,5,-17,4,-16,2,-14,0,-14,-2,-13,-1,-11,-1,-11,-1,-12,-1,-10,-3,-9,-5,-6,-6,-4,-6,-5,-8,-6,-10,-4,-12,-2,-13,-1,-16,-1,-17,-3,-17,-4,-19,-3,-19,-4,-19,-8,-21,-11,-21,-11,0,0,0,0,0,0,0,0,0,0,0,0,0,0,0,0,0,0,0,0,0,0,-7,-2,-6,-4,-6,-8,-4,-9,-2,-9,-1,-10,0,-13,1,-13,2,-13,4,-13,6,-13,7,-14,7,-13,7,-13,7,-13,6,-12,6,-13,7,-15,8,-16,5,-17,3,-17,3,-16,4,-16,4,-17,5,-16,5,-17]"
CSI_DATA,995,1a:00:00:00:00:00,-73,11,0,0,0,0,0,0,0,0,0,-91,0,1,0,190543807,0,31,0,128,0,"[0,0,-5,-17,-6,-19,-2,-18,-1,-16,-2,-14,1,-12,2,-11,-1,-11,-5,-11,-6,-11,-5,-10,-4,-9,-7,-9,-7,-10,-5,-10,-5,-6,-7,-2,-7,-1,-7,-3,-8,-3,-9,-2,-12,0,-13,1,-12,1,-11,-2,-13,-2,0,0,0,0,0,0,0,0,0,0,0,0,0,0,0,0,0,0,0,0,0,0,-6,-5,-5,-7,-5,-8,-4,-10,-3,-12,-2,-12,-1,-13,0,-14,0,-15,2,-16,3,-16,4,-17,3,-18,3,-17,3,-16,4,-16,4,-16,2,-16,1,-17,0,-17,1,-15,0,-16,-4,-20,-3,-22,-1,-24,-3,-22]"
CSI_DATA,996,1a:00:00:00:00:00,-70,11,0,0,0,0,0,0,0,0,0,-91,0,1,0,190744524,0,31,0,128,0,"[0,0,3,15,5,13,4,10,2,13,2,16,0,15,1,14,3,10,2,8,2,9,1,10,2,10,4,8,5,6,4,5,3,5,2,5,2,5,2,4,3,3,5,4,5,3,5,0,7,-2,9,-1,9,0,0,0,0,0,0,0,0,0,0,0,0,0,0,0,0,0,0,0,0,0,0,0,5,5,5,6,4,7,4,8,4,10,3,12,2,12,2,13,1,13,0,14,-1,15,-1,15,-1,14,-1,14,-1,14,0,15,0,16,1,15,1,14,0,13,-1,12,1,12,2,15,3,16,3,15,1,16]"
CSI_DATA,997,1a:00:00:00:00:00,-71,11,0,0,0,0,0,0,0,0,0,-91,0,1,0,190945632,0,31,0,128,0,"[0,0,-15,-8,-16,-8,-15,-7,-15,-6,-15,-5,-14,-5,-13,-6,-13,-5,-12,-5,-11,-5,-11,-4,-10,-3,-10,-2,-10,-3,-10,-3,-10,-1,-9,0,-9,0,-8,2,-8,3,-8,3,-7,3,-8,2,-9,2,-9,2,-10,3,0,0,0,0,0,0,0,0,0,0,0,0,0,0,0,0,0,0,0,0,0,0,-7,2,-8,2,-9,0,-9,0,-10,0,-11,-2,-12,-3,-13,-5,-13,-5,-13,-6,-12,-8,-12,-9,-12,-8,-13,-8,-13,-8,-12,-7,-13,-6,-15,-7,-15,-7,-15,-6,-16,-7,-16,-8,-15,-6,-15,-7,-15,-7,-15,-7]"
[0;32mI (191138) ftm_responder: Counter = 191[0m
CSI_DATA,998,1a:00:00:00:00:00,-70,11,0,0,0,0,0,0,0,0,0,-91,0,1,0,191146869,0,31,0,128,0,"[0,0,-14,7,-14,6,-13,6,-14,7,-13,6,-12,5,-11,6,-10,6,-10,6,-10,6,-9,6,-7,6,-7,6,-7,7,-6,6,-6,6,-4,6,-2,5,-2,5,-3,6,-2,6,-1,7,-2,7,-2,8,-2,8,-2,9,0,0,0,0,0,0,0,0,0,0,0,0,0,0,0,0,0,0,0,0,0,0,-3,5,-4,6,-5,6,-7,6,-8,6,-9,6,-10,5,-11,5,-12,4,-13,4,-13,3,-14,3,-13,3,-13,2,-13,2,-14,3,-15,4,-15,4,-14,4,-13,4,-14,5,-15,6,-15,6,-15,7,-15,8,-16,8]"
CSI_DATA,999,1a:00:00:00:00:00,-70,11,0,0,0,0,0,0,0,0,0,-91,0,1,0,191347987,0,31,0,128,0,"[0,0,-4,17,-4,16,-4,15,-4,15,-3,13,-3,12,-4,12,-3,12,-1,11,0,10,-1,10,-1,10,0,10,0,9,0,8,0,7,1,7,2,7,2,7,2,7,2,6,2,6,3,6,4,7,4,8,3,8,0,0,0,0,0,0,0,0,0,0,0,0,0,0,0,0,0,0,0,0,0,0,4,4,4,6,4,7,3,9,2,10,1,11,0,12,-1,12,-2,13,-2,13,-3,13,-4,13,-4,14,-3,14,-4,15,-5,14,-4,14,-3,13,-3,13,-4,14,-4,15,-4,15,-3,15,-3,16,-3,16,-2,15]"
CSI_DATA,1000,1a:00:00:00:00:00,-70,11,0,0,0,0,0,0,0,0,0,-91,0,1,0,191408780,0,42,0,128,0,"[0,0,-11,12,-11,12,-11,11,-10,10,-10,10,-10,9,-9,9,-8,10,-8,10,-7,10,-7,10,-7,9,-6,9,-5,8,-5,8,-3,8,-2,8,-2,8,-2,7,-2,7,-1,7,-1,8,0,9,0,9,-1,8,-1,9,0,0,0,0,0,0,0,0,0,0,0,0,0,0,0,0,0,0,0,0,0,0,0,7,-1,8,-2,9,-4,10,-5,10,-7,10,-8,10,-9,10,-10,10,-11,10,-12,10,-12,9,-12,9,-12,9,-12,10,-13,9,-12,9,-12,9,-12,10,-11,11,-11,11,-11,12,-11,13,-11,13,-12,13,-12,13]"
CSI_DATA,1001,1a:00:00:00:00:00,-69,11,0,0,0,0,0,0,0,0,0,-91,0,1,0,191479001,0,31,0,128,0,"[0,0,3,-12,3,-13,4,-13,4,-13,3,-13,3,-13,4,-11,2,-11,1,-10,3,-10,2,-10,1,-11,2,-10,1,-8,-1,-7,-2,-7,-2,-9,-3,-11,-4,-10,-3,-8,-2,-9,-3,-9,-4,-6,-3,-6,-2,-9,-2,-10,0,0,0,0,0,0,0,0,0,0,0,0,0,0,0,0,0,0,0,0,0,0,-2,-7,-2,-7,-2,-8,-1,-9,0,-10,1,-11,2,-12,3,-12,4,-12,4,-12,4,-12,5,-12,6,-12,6,-12,6,-12,6,-12,5,-12,5,-11,5,-12,5,-12,5,-12,5,-13,5,-14,4,-14,4,-14,4,-14]"
CSI_DATA,1002,1a:00:00:00:00:00,-69,11,0,0,0,0,0,0,0,0,0,-91,0,1,0,191679858,0,31,0,128,0,"[0,0,15,-4,13,-4,13,-4,13,-5,13,-5,13,-5,13,-5,13,-5,12,-5,11,-5,10,-4,9,-4,8,-5,7,-6,6,-6,6,-5,6,-5,5,-6,4,-6,2,-5,3,-6,4,-6,5,-4,6,-6,6,-10,7,-10,0,0,0,0,0,0,0,0,0,0,0,0,0,0,0,0,0,0,0,0,0,0,2,-5,1,-6,3,-6,5,-5,7,-5,8,-5,9,-5,10,-5,11,-4,11,-4,11,-3,12,-2,14,-1,14,-1,13,-1,12,-1,12,-2,12,-2,12,-1,12,-2,11,-4,11,-4,11,-4,11,-5,12,-5,12,-5]"
CSI_DATA,1003,1a:00:00:00:00:00,-70,11,0,0,0,0,0,0,0,0,0,-91,0,1,0,191878281,0,31,0,128,0,"[0,0,-14,11,-13,10,-12,9,-12,10,-11,9,-11,8,-10,8,-9,8,-8,9,-8,9,-8,9,-8,8,-7,7,-7,8,-6,8,-4,7,-4,7,-4,7,-3,8,-2,7,-2,6,-2,6,-2,6,-1,7,-1,7,-1,7,0,0,0,0,0,0,0,0,0,0,0,0,0,0,0,0,0,0,0,0,0,0,-3,6,-4,7,-5,8,-6,8,-8,9,-9,9,-10,9,-11,8,-12,7,-13,7,-13,7,-13,9,-14,8,-14,8,-13,8,-13,7,-13,7,-13,7,-12,7,-14,8,-14,9,-13,9,-11,10,-12,10,-13,10,-14,10]"
CSI_DATA,1004,1a:00:00:00:00:00,-70,11,0,0,0,0,0,0,0,0,0,-91,0,1,0,192089475,0,31,0,128,0,"[0,0,-3,15,-2,15,-1,14,-1,13,-2,12,-1,13,-1,12,0,12,0,12,0,11,1,9,1,9,2,9,1,9,1,8,2,6,2,5,3,5,4,6,5,8,6,7,5,5,4,5,4,4,6,6,7,9,0,0,0,0,0,0,0,0,0,0,0,0,0,0,0,0,0,0,0,0,0,0,4,6,4,7,3,9,2,10,1,11,0,12,-1,12,-2,13,-2,13,-3,13,-4,14,-4,14,-3,13,-3,13,-4,13,-4,13,-4,13,-4,13,-3,14,-2,14,-3,14,-2,15,-1,15,-1,15,-1,15,-2,15]"
[0;32mI (192138) ftm_responder: Counter = 192[0m
CSI_DATA,1005,1a:00:00:00:00:00,-69,11,0,0,0,0,0,0,0,0,0,-91,0,1,0,192280971,0,31,0,128,0,"[0,0,12,6,11,5,10,5,9,6,10,5,10,4,10,5,11,4,12,3,10,2,9,3,10,4,9,2,9,1,7,1,6,1,6,0,8,0,8,0,6,-3,6,-3,7,-3,6,-4,5,-3,6,-4,7,-5,0,0,0,0,0,0,0,0,0,0,0,0,0,0,0,0,0,0,0,0,0,0,7,-3,8,-3,8,-2,9,-1,11,0,12,1,13,2,13,3,13,4,13,6,12,7,12,8,12,8,12,7,12,7,12,7,12,8,12,7,11,6,11,6,11,6,14,6,15,7,16,9,15,9,15,8]"
CSI_DATA,1006,1a:00:00:00:00:00,-70,11,0,0,0,0,0,0,0,0,0,-91,0,1,0,192481825,0,31,0,128,0,"[0,0,0,-15,1,-14,1,-15,1,-15,-1,-14,-1,-14,-1,-14,-1,-13,-3,-11,-3,-11,-2,-10,-2,-9,-4,-9,-4,-8,-4,-7,-4,-7,-4,-7,-4,-6,-4,-6,-4,-6,-5,-6,-6,-6,-6,-4,-7,-4,-7,-4,-7,-4,0,0,0,0,0,0,0,0,0,0,0,0,0,0,0,0,0,0,0,0,0,0,-5,-8,-5,-8,-4,-10,-3,-11,-2,-12,-1,-13,0,-14,1,-14,2,-15,3,-15,4,-15,4,-15,4,-15,3,-15,3,-14,3,-14,3,-14,2,-13,3,-14,3,-15,3,-15,2,-16,1,-17,1,-17,1,-17,2,-18]"
CSI_DATA,1007,1a:00:00:00:00:00,-70,11,0,0,0,0,0,0,0,0,0,-91,0,1,0,192682999,0,31,0,128,0,"[0,0,15,1,15,0,14,-1,14,-1,13,0,13,1,13,0,12,-2,11,-2,11,-1,10,-1,8,-1,7,-2,7,-3,7,-4,6,-4,6,-4,5,-4,5,-4,6,-5,5,-5,5,-5,5,-5,6,-6,6,-7,4,-6,0,0,0,0,0,0,0,0,0,0,0,0,0,0,0,0,0,0,0,0,0,0,4,-7,6,-6,7,-6,9,-6,10,-5,12,-4,13,-3,13,-2,14,-2,14,0,14,1,15,1,15,1,14,1,14,1,14,1,14,1,16,1,15,1,14,1,14,1,15,1,15,0,14,-1,15,-2,16,-1]"
CSI_DATA,1008,1a:00:00:00:00:00,-70,11,0,0,0,0,0,0,0,0,0,-91,0,1,0,192884336,0,31,0,128,0,"[0,0,17,2,14,1,13,1,13,1,13,1,11,1,11,0,11,0,10,0,9,0,9,-2,9,-2,9,-2,8,-3,8,-3,7,-3,7,-4,7,-4,7,-4,6,-5,6,-5,6,-6,6,-6,5,-7,6,-7,7,-6,0,0,0,0,0,0,0,0,0,0,0,0,0,0,0,0,0,0,0,0,0,0,5,-5,6,-5,8,-5,10,-4,11,-3,12,-2,13,-1,13,0,13,1,14,2,14,3,14,3,14,4,14,4,14,5,14,4,14,3,14,3,14,3,15,3,15,2,15,2,15,1,15,1,15,1,15,0]"
CSI_DATA,1009,1a:00:00:00:00:00,-70,11,0,0,0,0,0,0,0,0,0,-91,0,1,0,192944924,0,42,0,128,0,"[0,0,11,11,11,11,11,10,10,10,10,10,10,9,10,9,9,8,9,7,9,6,9,5,8,5,9,4,8,3,8,3,7,2,7,2,7,1,8,1,7,0,7,0,7,0,7,0,8,-1,9,-2,9,-1,0,0,0,0,0,0,0,0,0,0,0,0,0,0,0,0,0,0,0,0,0,0,7,1,8,1,9,3,10,5,10,6,10,8,10,9,10,10,10,11,9,12,8,12,7,13,8,13,8,13,8,13,8,13,8,13,8,13,9,13,10,13,10,12,10,12,11,12,10,12,9,12,11,13]"
CSI_DATA,1010,1a:00:00:00:00:00,-69,11,0,0,0,0,0,0,0,0,0,-91,0,1,0,193014764,0,31,0,128,0,"[0,0,-14,6,-14,6,-11,5,-10,5,-12,7,-12,9,-10,8,-11,7,-11,4,-10,2,-8,3,-8,1,-6,-1,-3,3,-2,7,-2,8,-2,8,-4,6,-5,6,-2,7,1,7,1,7,0,8,0,7,-1,6,0,5,0,0,0,0,0,0,0,0,0,0,0,0,0,0,0,0,0,0,0,0,0,0,-4,6,-5,6,-6,5,-8,6,-9,5,-10,5,-12,4,-13,4,-13,4,-13,4,-14,3,-14,3,-15,2,-14,1,-14,2,-14,2,-14,3,-13,3,-14,4,-14,5,-15,5,-14,5,-13,6,-13,6,-13,7,-12,6]"
[0;32mI (193138) ftm_responder: Counter = 193[0m
CSI_DATA,1011,1a:00:00:00:00:00,-71,11,0,0,0,0,0,0,0,0,0,-91,0,1,0,193219051,0,31,0,128,0,"[0,0,10,-10,10,-9,11,-8,11,-6,10,-5,9,-8,10,-9,10,-7,6,-8,5,-10,7,-10,6,-8,4,-7,3,-8,3,-8,3,-8,2,-8,1,-7,1,-6,2,-8,1,-9,-1,-8,-4,-8,-5,-9,-3,-9,1,-7,0,0,0,0,0,0,0,0,0,0,0,0,0,0,0,0,0,0,0,0,0,0,3,-6,4,-7,5,-7,7,-6,9,-5,10,-5,11,-5,12,-4,12,-4,12,-3,12,-3,12,-3,12,-3,13,-3,14,-3,14,-2,13,-3,12,-3,13,-3,14,-4,14,-5,14,-6,13,-7,12,-6,12,-6,11,-9]"
CSI_DATA,1012,1a:00:00:00:00:00,-70,11,0,0,0,0,0,0,0,0,0,-91,0,1,0,193416112,0,31,0,128,0,"[0,0,-13,7,-13,8,-12,8,-12,7,-11,7,-10,7,-9,7,-9,7,-8,7,-7,7,-7,6,-7,6,-7,7,-5,7,-4,6,-3,5,-3,6,-3,8,-3,7,-2,4,0,4,0,5,-2,5,-2,4,1,4,3,7,0,0,0,0,0,0,0,0,0,0,0,0,0,0,0,0,0,0,0,0,0,0,-2,6,-4,6,-5,7,-7,7,-8,7,-9,7,-10,7,-11,6,-12,6,-13,5,-14,4,-14,4,-14,4,-14,5,-13,5,-12,5,-13,5,-13,5,-14,6,-14,6,-14,7,-14,8,-14,8,-14,7,-14,7,-13,7]"
CSI_DATA,1013,1a:00:00:00:00:00,-69,11,0,0,0,0,0,0,0,0,0,-91,0,1,0,193615072,0,31,0,128,0,"[0,0,-15,-11,-16,-10,-17,-11,-16,-11,-14,-10,-16,-9,-16,-6,-12,-7,-10,-10,-10,-8,-9,-4,-7,-3,-8,-4,-9,-5,-9,-5,-9,-4,-9,-4,-9,-3,-10,-2,-10,-1,-8,-1,-6,-2,-8,-2,-9,-1,-7,0,-8,0,0,0,0,0,0,0,0,0,0,0,0,0,0,0,0,0,0,0,0,0,0,0,-7,3,-8,3,-10,2,-11,1,-12,-1,-13,-2,-14,-4,-14,-5,-14,-6,-14,-7,-14,-7,-13,-8,-12,-8,-12,-9,-13,-9,-13,-9,-12,-9,-12,-9,-12,-10,-13,-11,-13,-11,-13,-11,-14,-11,-16,-11,-16,-11,-15,-11]"
CSI_DATA,1014,1a:00:00:00:00:00,-70,11,0,0,0,0,0,0,0,0,0,-91,0,1,0,193816204,0,31,0,128,0,"[0,0,-9,10,-8,8,-9,7,-11,8,-11,8,-10,8,-9,7,-9,8,-8,8,-8,8,-7,7,-6,6,-5,7,-5,7,-4,7,-3,7,-3,7,-3,6,-3,7,-2,8,-2,7,-1,6,-1,7,-2,8,-2,7,-2,7,0,0,0,0,0,0,0,0,0,0,0,0,0,0,0,0,0,0,0,0,0,0,-4,6,-4,6,-5,6,-7,6,-9,7,-10,7,-11,6,-12,5,-13,5,-14,5,-14,5,-14,4,-14,4,-13,4,-14,5,-15,4,-15,4,-14,5,-13,6,-13,7,-15,7,-15,5,-15,5,-16,6,-16,7,-13,6]"
CSI_DATA,1015,1a:00:00:00:00:00,-70,11,0,0,0,0,0,0,0,0,0,-91,0,1,0,194017581,0,31,0,128,0,"[0,0,-12,-9,-12,-10,-11,-11,-10,-10,-10,-8,-9,-7,-9,-8,-10,-7,-11,-6,-10,-6,-9,-4,-8,-3,-8,-3,-9,-2,-9,-2,-8,-1,-8,0,-8,0,-7,0,-7,-1,-7,-1,-7,1,-6,1,-5,1,-5,3,-6,3,0,0,0,0,0,0,0,0,0,0,0,0,0,0,0,0,0,0,0,0,0,0,-8,-1,-8,-3,-9,-4,-9,-5,-9,-6,-9,-8,-9,-9,-9,-10,-9,-11,-9,-12,-9,-13,-9,-13,-9,-13,-8,-13,-8,-13,-8,-13,-8,-12,-9,-12,-10,-12,-11,-12,-11,-12,-12,-11,-11,-12,-10,-12,-10,-11,-10,-11]"
[0;32mI (194138) ftm_responder: Counter = 194[0m
CSI_DATA,1016,1a:00:00:00:00:00,-69,11,0,0,0,0,0,0,0,0,0,-91,0,1,0,194218758,0,31,0,128,0,"[0,0,-17,-2,-15,2,-12,4,-10,2,-10,1,-12,3,-14,3,-12,3,-11,5,-11,3,-10,0,-9,2,-7,5,-8,4,-7,5,-5,6,-5,4,-4,2,-3,0,-4,1,-6,5,-5,7,-3,9,-2,10,-1,8,-3,5,0,0,0,0,0,0,0,0,0,0,0,0,0,0,0,0,0,0,0,0,0,0,-5,6,-6,7,-7,6,-9,6,-11,5,-13,5,-13,4,-14,3,-15,2,-15,2,-16,1,-17,0,-17,0,-16,0,-16,0,-16,0,-16,0,-16,1,-16,2,-15,3,-15,3,-15,2,-16,2,-17,3,-17,2,-16,1]"
CSI_DATA,1017,1a:00:00:00:00:00,-69,11,0,0,0,0,0,0,0,0,0,-91,0,1,0,194419873,0,31,0,128,0,"[0,0,16,5,15,3,16,4,15,5,14,3,13,3,12,3,12,2,12,0,12,0,11,-1,10,-1,10,-2,10,-3,9,-2,8,-2,7,-2,7,-3,7,-4,6,-4,6,-5,5,-5,5,-5,5,-6,6,-6,7,-6,0,0,0,0,0,0,0,0,0,0,0,0,0,0,0,0,0,0,0,0,0,0,7,-5,8,-4,10,-3,11,-2,13,0,14,1,14,2,15,3,15,4,15,5,15,5,15,6,15,6,15,6,15,7,15,8,15,8,15,7,15,7,14,6,15,6,15,6,15,5,16,5,18,5,18,5]"
CSI_DATA,1018,1a:00:00:00:00:00,-70,11,0,0,0,0,0,0,0,0,0,-91,0,1,0,194484616,0,42,0,128,0,"[0,0,10,-11,10,-11,9,-12,10,-12,9,-11,8,-11,7,-11,6,-11,6,-11,6,-11,5,-10,4,-10,4,-10,3,-9,2,-9,1,-8,0,-8,0,-8,-1,-7,-1,-7,-1,-7,-1,-7,-1,-8,-2,-9,-3,-9,-4,-8,0,0,0,0,0,0,0,0,0,0,0,0,0,0,0,0,0,0,0,0,0,0,-1,-9,0,-10,1,-10,3,-11,4,-12,6,-12,8,-12,9,-12,10,-11,11,-11,11,-11,11,-10,12,-11,12,-11,12,-11,12,-11,12,-11,12,-11,12,-11,11,-11,10,-12,11,-12,11,-13,11,-13,11,-12,11,-12]"
CSI_DATA,1019,1a:00:00:00:00:00,-69,11,0,0,0,0,0,0,0,0,0,-91,0,1,0,194550414,0,31,0,128,0,"[0,0,15,5,13,5,11,4,11,3,11,4,11,3,10,2,10,1,11,0,10,-1,10,-1,8,-1,7,-1,7,-1,8,-2,7,-3,7,-3,8,-3,7,-3,6,-4,5,-4,4,-5,5,-5,5,-5,5,-6,5,-6,0,0,0,0,0,0,0,0,0,0,0,0,0,0,0,0,0,0,0,0,0,0,7,-2,8,-2,9,-1,10,0,11,1,11,3,12,4,13,5,13,6,13,7,12,8,12,8,12,8,12,8,12,8,12,8,12,8,12,8,12,7,13,7,14,6,14,6,14,5,14,5,15,6,14,6]"
CSI_DATA,1020,1a:00:00:00:00:00,-69,11,0,0,0,0,0,0,0,0,0,-91,0,1,0,194751848,0,31,0,128,0,"[0,0,-16,5,-16,6,-14,7,-13,7,-14,6,-14,5,-14,5,-13,4,-11,4,-10,3,-11,4,-10,4,-7,3,-4,4,-4,7,-6,8,-7,9,-3,8,-2,6,-3,5,-4,6,0,6,4,6,5,7,3,8,-1,7,0,0,0,0,0,0,0,0,0,0,0,0,0,0,0,0,0,0,0,0,0,0,-5,5,-6,5,-8,5,-10,5,-11,4,-13,3,-14,2,-15,2,-15,1,-15,1,-15,0,-15,0,-16,-1,-16,-1,-16,0,-16,0,-16,0,-16,0,-16,1,-16,2,-16,3,-16,3,-16,3,-16,3,-17,4,-17,4]"
CSI_DATA,1021,1a:00:00:00:00:00,-69,11,0,0,0,0,0,0,0,0,0,-91,0,1,0,194949778,0,31,0,128,0,"[0,0,3,-18,2,-16,4,-14,4,-13,3,-12,2,-10,0,-10,-3,-11,-3,-13,-1,-12,0,-11,-1,-11,-2,-9,-3,-7,-2,-8,-2,-8,-4,-7,-5,-6,-4,-5,-5,-4,-6,-3,-6,-3,-6,-5,-6,-6,-7,-5,-8,-6,0,0,0,0,0,0,0,0,0,0,0,0,0,0,0,0,0,0,0,0,0,0,-2,-8,-2,-8,-1,-9,0,-11,1,-12,1,-12,2,-13,3,-13,4,-13,4,-13,4,-13,6,-15,8,-15,8,-13,6,-14,6,-16,7,-15,7,-17,7,-18,8,-17,9,-15,8,-13,6,-15,5,-17,3,-18,3,-18]"
[0;32mI (195138) ftm_responder: Counter = 195[0m
CSI_DATA,1022,1a:00:00:00:00:00,-69,11,0,0,0,0,0,0,0,0,0,-91,0,1,0,195153790,0,31,0,128,0,"[0,0,3,16,3,14,4,13,5,14,4,14,4,11,4,10,2,10,4,12,5,12,5,10,5,8,5,7,4,6,4,6,5,6,5,5,5,5,6,5,6,3,6,3,6,4,7,4,7,3,7,3,6,4,0,0,0,0,0,0,0,0,0,0,0,0,0,0,0,0,0,0,0,0,0,0,7,3,7,5,7,6,8,8,7,9,6,11,5,13,4,14,4,14,3,15,2,15,1,15,1,15,1,15,1,15,1,16,1,16,1,16,2,15,3,15,4,15,3,16,3,16,4,16,4,15,4,14]"
CSI_DATA,1023,1a:00:00:00:00:00,-69,11,0,0,0,0,0,0,0,0,0,-91,0,1,0,195352260,0,31,0,128,0,"[0,0,12,-7,10,-8,8,-8,7,-9,8,-9,9,-8,8,-7,6,-8,6,-10,7,-8,5,-8,2,-10,2,-9,1,-8,1,-7,2,-8,2,-8,1,-8,0,-9,0,-10,0,-9,0,-9,-1,-10,-1,-9,1,-8,1,-9,0,0,0,0,0,0,0,0,0,0,0,0,0,0,0,0,0,0,0,0,0,0,0,-8,1,-9,2,-10,4,-10,5,-11,7,-10,8,-10,9,-10,9,-10,10,-9,11,-9,11,-9,12,-9,13,-9,13,-9,13,-9,12,-9,12,-9,12,-10,12,-10,12,-9,13,-8,14,-8,14,-8,12,-8,10,-10]"
CSI_DATA,1024,1a:00:00:00:00:00,-69,11,0,0,0,0,0,0,0,0,0,-91,0,1,0,195553392,0,31,0,128,0,"[0,0,-16,-4,-15,-5,-15,-5,-15,-5,-14,-5,-14,-3,-13,-2,-12,-2,-12,-2,-12,-1,-11,0,-10,0,-10,0,-9,1,-9,1,-9,1,-9,2,-9,3,-8,3,-8,3,-7,4,-8,5,-8,5,-7,4,-7,4,-6,4,0,0,0,0,0,0,0,0,0,0,0,0,0,0,0,0,0,0,0,0,0,0,-8,3,-9,3,-10,2,-11,1,-12,0,-14,-1,-14,-2,-15,-3,-15,-4,-15,-5,-15,-6,-14,-7,-14,-7,-14,-7,-14,-7,-15,-7,-15,-7,-15,-7,-15,-6,-15,-6,-16,-6,-16,-6,-17,-6,-17,-5,-17,-5,-17,-4]"
CSI_DATA,1025,1a:00:00:00:00:00,-70,11,0,0,0,0,0,0,0,0,0,-91,0,1,0,195754565,0,31,0,128,0,"[0,0,12,-10,11,-10,10,-9,9,-8,10,-8,9,-9,8,-9,8,-9,8,-8,7,-8,6,-8,5,-8,4,-8,4,-8,3,-8,3,-8,2,-8,1,-8,1,-7,0,-8,-1,-8,-2,-8,-1,-7,0,-6,-1,-7,-1,-7,0,0,0,0,0,0,0,0,0,0,0,0,0,0,0,0,0,0,0,0,0,0,0,-8,1,-9,2,-9,4,-10,6,-11,7,-11,8,-11,9,-10,10,-10,11,-9,12,-8,12,-7,12,-8,12,-8,12,-8,12,-8,13,-9,13,-9,12,-9,12,-10,12,-9,12,-9,12,-10,12,-10,12,-10,12,-10]"
CSI_DATA,1026,1a:00:00:00:00:00,-70,11,0,0,0,0,0,0,0,0,0,-91,0,1,0,195955685,0,31,0,128,0,"[0,0,16,0,15,-1,14,-1,14,0,14,-1,13,-2,13,-3,12,-2,12,-3,11,-3,10,-2,10,-2,9,-2,9,-3,8,-4,7,-5,6,-5,6,-5,6,-5,6,-5,6,-5,5,-5,5,-6,5,-7,5,-7,4,-7,0,0,0,0,0,0,0,0,0,0,0,0,0,0,0,0,0,0,0,0,0,0,4,-7,6,-7,8,-7,9,-6,11,-6,12,-6,13,-5,14,-3,15,-2,15,-1,16,0,16,0,16,1,16,2,15,2,16,2,16,1,16,0,15,1,16,2,17,1,17,0,17,0,18,0,18,0,17,-1]"
CSI_DATA,1027,1a:00:00:00:00:00,-69,11,0,0,0,0,0,0,0,0,0,-91,0,1,0,196016491,0,42,0,128,0,"[0,0,-10,-13,-9,-12,-9,-12,-10,-11,-10,-10,-9,-10,-8,-10,-8,-9,-8,-9,-9,-7,-9,-6,-9,-5,-8,-4,-8,-4,-8,-4,-8,-4,-9,-3,-9,-3,-9,-2,-9,-1,-9,0,-8,0,-8,0,-8,1,-9,1,-10,1,0,0,0,0,0,0,0,0,0,0,0,0,0,0,0,0,0,0,0,0,0,0,-8,-3,-9,-4,-9,-5,-10,-6,-9,-8,-9,-10,-9,-11,-9,-12,-8,-13,-8,-14,-7,-15,-6,-15,-6,-15,-6,-15,-6,-15,-6,-15,-7,-15,-7,-15,-7,-14,-8,-14,-9,-14,-10,-14,-10,-15,-9,-15,-9,-14,-9,-13]"
CSI_DATA,1028,1a:00:00:00:00:00,-69,11,0,0,0,0,0,0,0,0,0,-91,0,1,0,196086860,0,31,0,128,0,"[0,0,-12,12,-14,12,-15,11,-15,9,-12,10,-9,12,-8,12,-8,11,-7,11,-7,11,-5,10,-5,10,-4,10,-4,10,-2,10,0,9,0,8,0,7,0,7,1,7,2,7,2,8,2,8,3,8,3,8,3,8,0,0,0,0,0,0,0,0,0,0,0,0,0,0,0,0,0,0,0,0,0,0,-2,8,-3,9,-5,10,-6,10,-8,10,-9,10,-11,11,-12,10,-14,9,-15,8,-14,8,-13,8,-14,7,-15,7,-14,8,-14,8,-15,7,-16,7,-14,8,-12,11,-13,12,-14,12,-15,11,-15,9,-14,8,-13,10]"
[0;32mI (196138) ftm_responder: Counter = 196[0m
CSI_DATA,1029,1a:00:00:00:00:00,-69,11,0,0,0,0,0,0,0,0,0,-91,0,1,0,196287575,0,31,0,128,0,"[0,0,-8,-12,-10,-11,-11,-10,-11,-10,-10,-9,-9,-8,-9,-7,-9,-7,-9,-5,-7,-5,-4,-4,-6,-3,-10,-4,-10,-4,-7,-3,-5,-3,-5,-3,-5,-2,-6,1,-8,2,-9,-1,-8,-2,-7,0,-6,4,-6,3,-8,0,0,0,0,0,0,0,0,0,0,0,0,0,0,0,0,0,0,0,0,0,0,0,-7,-2,-8,-3,-8,-4,-9,-5,-9,-7,-9,-8,-9,-9,-8,-11,-8,-11,-7,-12,-7,-12,-7,-13,-6,-13,-7,-13,-7,-13,-7,-13,-7,-12,-7,-12,-7,-12,-7,-12,-7,-12,-8,-12,-9,-11,-10,-11,-10,-11,-10,-12]"
CSI_DATA,1030,1a:00:00:00:00:00,-70,11,0,0,0,0,0,0,0,0,0,-91,0,1,0,196485887,0,31,0,128,0,"[0,0,8,-14,8,-14,7,-14,7,-13,7,-12,6,-12,6,-12,5,-12,4,-12,3,-11,3,-10,2,-9,2,-9,1,-9,1,-8,0,-8,0,-9,-1,-9,-1,-8,-2,-9,-2,-8,-2,-8,-2,-8,-3,-8,-3,-9,-4,-8,0,0,0,0,0,0,0,0,0,0,0,0,0,0,0,0,0,0,0,0,0,0,-3,-9,-2,-10,-1,-11,0,-11,1,-12,3,-13,4,-14,5,-14,7,-14,7,-14,8,-13,9,-13,10,-13,9,-13,9,-13,9,-13,9,-13,9,-13,9,-14,8,-14,9,-13,9,-13,8,-14,7,-14,8,-15,8,-16]"
CSI_DATA,1031,1a:00:00:00:00:00,-69,11,0,0,0,0,0,0,0,0,0,-91,0,1,0,196687029,0,31,0,128,0,"[0,0,3,-13,3,-14,1,-14,1,-15,3,-15,2,-14,1,-12,1,-11,1,-11,-1,-10,-1,-10,-3,-11,-4,-10,-2,-9,-2,-7,-2,-8,-3,-8,-4,-5,-4,-4,-5,-6,-5,-7,-5,-6,-6,-5,-6,-5,-5,-6,-6,-7,0,0,0,0,0,0,0,0,0,0,0,0,0,0,0,0,0,0,0,0,0,0,-6,-6,-5,-7,-5,-9,-4,-11,-3,-12,-2,-13,-2,-14,0,-14,1,-15,1,-15,2,-15,3,-14,3,-14,3,-15,4,-15,4,-15,4,-15,3,-15,2,-16,2,-16,3,-17,2,-18,1,-18,0,-16,1,-15,3,-15]"
CSI_DATA,1032,1a:00:00:00:00:00,-70,11,0,0,0,0,0,0,0,0,0,-91,0,1,0,196888174,0,31,0,128,0,"[0,0,-14,-5,-12,-4,-9,-3,-11,-3,-12,-2,-11,-1,-11,-1,-12,-1,-13,-2,-12,-2,-11,-1,-10,0,-8,1,-8,3,-10,5,-10,5,-8,4,-8,3,-6,5,-6,6,-8,6,-8,6,-7,5,-8,5,-8,6,-6,5,0,0,0,0,0,0,0,0,0,0,0,0,0,0,0,0,0,0,0,0,0,0,-8,2,-9,2,-10,2,-12,1,-13,0,-14,-1,-15,-3,-15,-5,-15,-6,-15,-6,-15,-8,-16,-9,-17,-9,-17,-8,-17,-8,-16,-8,-14,-8,-14,-8,-14,-7,-13,-7,-13,-8,-16,-7,-19,-5,-19,-6,-18,-7,-18,-6]"
CSI_DATA,1033,1a:00:00:00:00:00,-69,11,0,0,0,0,0,0,0,0,0,-91,0,1,0,197089412,0,31,0,128,0,"[0,0,-15,10,-15,10,-14,10,-14,10,-13,9,-13,8,-12,9,-10,9,-9,9,-8,8,-7,7,-7,8,-6,8,-6,7,-5,6,-5,7,-4,9,-2,9,-1,8,-2,8,-2,9,-2,8,-2,9,-2,10,-1,10,0,9,0,0,0,0,0,0,0,0,0,0,0,0,0,0,0,0,0,0,0,0,0,0,-2,9,-3,9,-5,10,-7,10,-9,10,-10,10,-12,10,-13,9,-14,9,-15,8,-16,7,-16,7,-16,7,-16,8,-16,8,-16,7,-16,7,-16,7,-15,7,-15,7,-15,9,-16,11,-16,11,-16,11,-16,11,-17,11]"
[0;32mI (197138) ftm_responder: Counter = 197[0m
CSI_DATA,1034,1a:00:00:00:00:00,-69,11,0,0,0,0,0,0,0,0,0,-91,0,1,0,197290784,0,31,0,128,0,"[0,0,6,12,5,11,4,11,3,12,4,11,4,10,3,9,4,9,5,9,5,10,5,9,5,7,4,6,5,5,6,5,6,5,5,5,5,5,5,4,4,2,4,2,5,2,6,2,7,3,6,2,5,2,0,0,0,0,0,0,0,0,0,0,0,0,0,0,0,0,0,0,0,0,0,0,6,2,6,4,6,5,6,7,6,8,5,9,4,11,4,12,4,13,3,14,2,15,1,16,2,15,3,13,4,13,4,12,4,12,4,13,4,14,4,14,4,14,4,14,4,14,3,14,4,15,5,13]"
CSI_DATA,1035,1a:00:00:00:00:00,-70,11,0,0,0,0,0,0,0,0,0,-91,0,1,0,197491827,0,31,0,128,0,"[0,0,6,14,6,13,6,12,6,12,6,12,6,11,6,10,7,10,8,9,8,9,7,9,7,8,7,6,7,4,6,4,6,4,6,3,6,3,7,3,8,3,7,3,7,2,7,2,7,1,8,1,9,2,0,0,0,0,0,0,0,0,0,0,0,0,0,0,0,0,0,0,0,0,0,0,7,1,8,3,9,4,9,4,9,6,9,9,7,11,7,12,7,13,6,13,5,13,5,13,5,14,4,14,4,13,5,14,4,15,4,14,6,14,6,14,6,13,7,14,8,14,7,14,7,14,8,14]"
CSI_DATA,1036,1a:00:00:00:00:00,-70,11,0,0,0,0,0,0,0,0,0,-91,0,1,0,197552598,0,42,0,128,0,"[0,0,13,8,13,8,12,8,11,8,11,7,11,7,12,6,12,5,11,4,10,4,9,3,9,2,8,1,9,0,9,0,8,0,8,-1,8,-1,8,-1,8,-2,7,-2,7,-2,7,-3,7,-3,7,-3,8,-3,0,0,0,0,0,0,0,0,0,0,0,0,0,0,0,0,0,0,0,0,0,0,7,-3,8,-2,9,-1,10,0,11,1,12,2,13,4,13,6,13,7,12,8,12,9,12,9,12,9,12,9,12,10,11,10,11,9,11,9,12,9,12,9,13,9,14,9,14,9,14,8,14,8,15,9]"
CSI_DATA,1037,1a:00:00:00:00:00,-70,11,0,0,0,0,0,0,0,0,0,-91,0,1,0,197622282,0,31,0,128,0,"[0,0,15,3,13,3,12,3,13,3,13,3,12,3,10,3,11,1,12,1,12,0,11,-1,9,-2,8,-3,7,-4,7,-5,7,-5,7,-4,7,-5,7,-5,7,-5,5,-5,4,-6,3,-7,4,-7,5,-7,5,-8,0,0,0,0,0,0,0,0,0,0,0,0,0,0,0,0,0,0,0,0,0,0,6,-3,8,-3,9,-2,10,-1,11,0,12,1,12,2,13,4,13,5,13,5,13,5,13,6,13,6,13,6,13,6,13,6,13,6,13,5,14,4,14,4,14,4,14,4,15,3,15,3,15,4,15,4]"
CSI_DATA,1038,1a:00:00:00:00:00,-69,11,0,0,0,0,0,0,0,0,0,-91,0,1,0,197823451,0,31,0,128,0,"[0,0,14,3,14,2,15,3,15,3,13,2,12,2,10,2,9,1,9,1,10,2,9,1,7,0,10,-1,9,-2,6,-1,8,-2,13,-3,12,-4,9,-4,6,-3,5,-3,3,-3,4,-1,6,0,4,-2,3,-6,0,0,0,0,0,0,0,0,0,0,0,0,0,0,0,0,0,0,0,0,0,0,4,-6,6,-6,7,-6,9,-6,10,-5,11,-4,12,-3,13,-2,14,-1,14,0,15,1,15,1,14,2,14,2,15,2,15,2,14,2,14,2,14,2,15,2,16,1,16,1,16,0,15,0,15,0,15,0]"
CSI_DATA,1039,1a:00:00:00:00:00,-68,11,0,0,0,0,0,0,0,0,0,-91,0,1,0,198028405,0,31,0,128,0,"[0,0,15,-9,14,-9,13,-10,11,-9,10,-9,9,-10,8,-11,8,-11,8,-8,8,-5,7,-6,5,-9,2,-12,1,-13,1,-13,1,-12,1,-10,1,-12,0,-16,2,-16,2,-13,-1,-11,-1,-10,1,-9,3,-9,4,-11,0,0,0,0,0,0,0,0,0,0,0,0,0,0,0,0,0,0,0,0,0,0,1,-8,2,-8,4,-9,6,-9,8,-9,9,-9,10,-9,11,-8,12,-7,12,-7,13,-6,14,-6,14,-6,14,-6,14,-6,13,-7,13,-8,13,-8,14,-8,14,-9,14,-10,14,-11,13,-10,13,-9,13,-10,14,-10]"
[0;32mI (198138) ftm_responder: Counter = 198[0m
CSI_DATA,1040,1a:00:00:00:00:00,-72,11,0,0,0,0,0,0,0,0,0,-91,0,1,0,198223390,0,31,0,128,0,"[0,0,-16,-1,-17,0,-15,4,-14,7,-12,4,-10,4,-13,8,-10,10,-6,8,-7,5,-6,5,-4,8,-5,9,-5,9,-5,10,-6,10,-6,11,-6,11,-5,12,-4,16,-4,16,-6,14,-8,16,-11,15,-11,14,-10,12,0,0,0,0,0,0,0,0,0,0,0,0,0,0,0,0,0,0,0,0,0,0,-5,4,-6,4,-8,3,-9,2,-11,2,-12,1,-13,0,-14,-1,-14,-2,-14,-3,-15,-4,-14,-4,-14,-4,-15,-4,-15,-4,-15,-5,-15,-6,-14,-5,-14,-3,-15,-2,-16,-4,-18,-4,-18,-3,-16,-2,-14,-2,-14,-1]"
CSI_DATA,1041,1a:00:00:00:00:00,-74,11,0,0,0,0,0,0,0,0,0,-91,0,1,0,198625326,0,31,0,128,0,"[0,0,-5,3,-4,3,-4,3,-2,3,-1,2,0,2,0,3,0,3,2,2,4,1,4,1,5,0,7,-3,9,-4,10,-4,11,-4,13,-5,15,-7,16,-6,16,-4,17,-4,19,-3,20,-2,20,-2,20,-3,22,-3,0,0,0,0,0,0,0,0,0,0,0,0,0,0,0,0,0,0,0,0,0,0,-4,-1,-4,-1,-5,0,-7,-1,-9,-1,-10,-1,-11,-1,-12,-2,-12,-2,-13,-3,-14,-3,-14,-2,-14,-1,-14,0,-13,0,-12,-1,-12,-2,-12,-2,-11,0,-9,3,-9,5,-10,4,-10,4,-10,4,-10,4,-9,3]"
CSI_DATA,1042,1a:00:00:00:00:00,-75,11,0,0,0,0,0,0,0,0,0,-91,0,1,0,198826492,0,31,0,128,0,"[0,0,0,3,0,1,-1,3,0,4,2,2,2,2,3,4,6,6,9,4,9,2,9,2,10,3,13,1,14,0,14,-1,16,-2,18,-2,18,0,17,2,17,2,18,3,19,2,20,3,21,6,22,8,23,9,0,0,0,0,0,0,0,0,0,0,0,0,0,0,0,0,0,0,0,0,0,0,-3,0,-3,1,-4,1,-5,0,-7,1,-8,2,-9,2,-9,1,-10,2,-11,2,-11,2,-10,2,-10,1,-10,2,-10,3,-11,3,-12,3,-11,3,-10,1,-9,2,-8,4,-7,5,-8,4,-7,4,-6,4,-6,5]"
CSI_DATA,1043,1a:00:00:00:00:00,-75,11,0,0,0,0,0,0,0,0,0,-91,0,1,0,199027852,0,31,0,128,0,"[0,0,1,-1,1,-2,1,-2,0,-1,-3,-1,-4,0,-3,1,-5,2,-6,2,-7,4,-8,5,-10,6,-10,8,-9,9,-9,10,-10,11,-11,14,-11,17,-11,17,-13,17,-14,17,-14,18,-16,18,-17,19,-19,18,-20,16,0,0,0,0,0,0,0,0,0,0,0,0,0,0,0,0,0,0,0,0,0,0,1,3,2,3,4,3,5,3,6,4,8,4,9,5,10,5,10,5,10,5,11,5,10,4,11,5,11,5,10,4,11,2,12,2,10,1,11,0,11,0,9,-1,8,-2,8,-1,8,-1,7,-2,7,-3]"
CSI_DATA,1044,1a:00:00:00:00:00,-75,11,0,0,0,0,0,0,0,0,0,-91,0,1,0,199088795,0,42,0,128,0,"[0,0,0,-4,-1,-2,-2,-1,-3,0,-2,1,-3,1,-5,2,-5,3,-4,4,-3,5,-3,7,-3,9,-1,9,-1,11,-2,14,-1,15,-2,16,-3,18,-2,20,-2,22,-3,24,-4,23,-6,22,-9,23,-8,23,-9,22,0,0,0,0,0,0,0,0,0,0,0,0,0,0,0,0,0,0,0,0,0,0,3,2,4,1,5,-1,7,-1,8,-1,9,-1,10,-1,11,-2,11,-2,11,-3,11,-3,10,-3,11,-4,11,-5,11,-5,11,-5,11,-5,10,-6,8,-6,7,-5,7,-5,7,-5,6,-6,5,-7,4,-6,4,-5]"
[0;32mI (199138) ftm_responder: Counter = 199[0m
CSI_DATA,1045,1a:00:00:00:00:00,-75,11,0,0,0,0,0,0,0,0,0,-91,0,1,0,199592217,0,42,0,128,0,"[0,0,-7,-3,-8,-1,-7,-1,-4,0,-2,1,-1,1,0,2,3,2,3,2,4,1,5,0,8,0,10,0,11,-1,12,-1,14,-2,16,-4,19,-5,20,-4,19,-3,21,-2,23,-3,24,-4,24,-3,26,-1,26,3,0,0,0,0,0,0,0,0,0,0,0,0,0,0,0,0,0,0,0,0,0,0,-1,-6,-2,-6,-3,-8,-4,-9,-4,-11,-5,-12,-6,-13,-6,-14,-6,-14,-6,-15,-6,-15,-6,-14,-6,-14,-7,-13,-7,-13,-8,-12,-9,-10,-10,-10,-9,-10,-9,-9,-9,-7,-10,-6,-10,-6,-10,-5,-9,-4,-8,-4]"
CSI_DATA,1046,1a:00:00:00:00:00,-74,11,0,0,0,0,0,0,0,0,0,-91,0,1,0,199851267,0,28,0,128,0,"[0,0,-4,-5,-5,-4,-3,-4,-1,-3,0,-2,0,1,-1,2,-1,2,0,2,3,0,5,-1,5,1,6,1,8,0,10,0,11,2,14,3,16,3,17,2,17,2,16,2,16,3,17,3,19,3,20,5,21,8,0,0,0,0,0,0,0,0,0,0,0,0,0,0,0,0,0,0,0,0,0,0,1,-4,1,-5,1,-6,1,-7,1,-9,0,-11,1,-12,1,-12,2,-13,1,-14,1,-14,0,-15,-2,-15,-2,-14,-2,-12,-1,-12,-2,-12,-4,-12,-4,-13,-5,-12,-5,-11,-4,-10,-5,-9,-6,-9,-6,-8,-4,-7]"
CSI_DATA,1047,1a:00:00:00:00:00,-74,11,0,0,0,0,0,0,0,0,0,-91,0,1,0,200089369,0,42,0,128,0,"[0,0,-7,4,-5,3,-3,4,-1,3,-1,0,-3,-3,-3,-3,-2,-3,0,-5,-2,-5,-3,-6,0,-7,2,-8,2,-9,0,-10,1,-11,2,-13,3,-16,5,-19,5,-19,6,-20,9,-21,12,-21,14,-21,12,-20,10,-20,0,0,0,0,0,0,0,0,0,0,0,0,0,0,0,0,0,0,0,0,0,0,-6,-1,-7,0,-8,0,-10,0,-11,0,-12,1,-13,0,-14,-1,-14,0,-15,1,-15,1,-15,1,-16,2,-15,2,-15,2,-15,1,-15,3,-14,6,-12,7,-11,5,-12,5,-10,5,-8,5,-9,7,-9,9,-9,9]"
[0;32mI (200138) ftm_responder: Counter = 200[0m
CSI_DATA,1048,1a:00:00:00:00:00,-73,11,0,0,0,0,0,0,0,0,0,-91,0,1,0,200182311,0,31,0,128,0,"[0,0,0,6,-1,6,-1,2,0,0,0,1,-1,2,0,0,1,-1,0,-2,-2,-4,-4,-6,-6,-6,-7,-7,-9,-7,-12,-7,-13,-8,-12,-11,-13,-13,-14,-15,-15,-15,-16,-15,-16,-17,-16,-18,-15,-18,-13,-18,-12,-19,0,0,0,0,0,0,0,0,0,0,0,0,0,0,0,0,0,0,0,0,0,0,-5,4,-5,5,-6,7,-7,8,-7,9,-8,9,-9,10,-9,11,-9,11,-9,11,-9,11,-9,12,-8,14,-8,14,-7,13,-6,12,-6,13,-5,13,-5,13,-4,14,-4,14,-1,13,1,12,1,11,0,9,0,9]"
CSI_DATA,1049,1a:00:00:00:00:00,-74,11,0,0,0,0,0,0,0,0,0,-91,0,1,0,200383582,0,31,0,128,0,"[0,0,5,1,4,2,2,2,2,2,2,0,1,-2,-1,-2,-2,0,-2,1,-2,3,-4,3,-5,2,-6,4,-8,6,-10,9,-12,11,-13,10,-13,9,-12,11,-13,11,-16,8,-19,8,-17,7,-16,7,-19,9,-21,11,0,0,0,0,0,0,0,0,0,0,0,0,0,0,0,0,0,0,0,0,0,0,5,3,6,3,7,3,8,3,10,4,11,4,12,5,12,5,12,5,11,5,11,5,12,5,13,4,13,3,12,3,11,3,12,3,12,2,12,1,12,2,12,2,12,0,11,2,9,2,8,-1,9,-2]"
CSI_DATA,1050,1a:00:00:00:00:00,-72,11,0,0,0,0,0,0,0,0,0,-91,0,1,0,200588731,0,31,0,128,0,"[0,0,5,2,3,1,2,-1,2,0,1,0,0,0,1,0,1,0,-1,2,-2,3,-3,4,-3,5,-2,6,-2,7,-4,8,-4,9,-5,10,-8,10,-8,12,-9,11,-9,9,-7,12,-6,13,-8,10,-10,8,-12,8,0,0,0,0,0,0,0,0,0,0,0,0,0,0,0,0,0,0,0,0,0,0,3,5,4,5,4,5,5,6,6,7,6,7,7,7,7,7,7,8,7,8,8,8,8,7,9,7,9,7,9,5,9,4,9,4,9,4,11,4,11,3,10,3,10,2,10,1,9,0,8,0,7,-1]"
CSI_DATA,1051,1a:00:00:00:00:00,-73,11,0,0,0,0,0,0,0,0,0,-91,0,1,0,200785802,0,31,0,128,0,"[0,0,2,-6,1,-6,2,-6,3,-5,2,-4,1,-2,0,-1,-1,-2,0,-1,0,1,0,4,2,4,5,5,7,5,8,6,10,5,10,7,9,9,9,9,12,9,14,10,14,12,13,14,11,15,10,15,10,16,0,0,0,0,0,0,0,0,0,0,0,0,0,0,0,0,0,0,0,0,0,0,7,1,9,1,10,0,11,-1,12,-2,12,-2,12,-2,13,-2,14,-3,14,-2,14,-2,14,-2,13,-4,13,-5,13,-6,12,-7,10,-8,10,-8,11,-8,10,-8,9,-8,7,-9,6,-8,7,-7,7,-6,6,-6]"
CSI_DATA,1052,1a:00:00:00:00:00,-72,11,0,0,0,0,0,0,0,0,0,-91,0,1,0,200984824,0,31,0,128,0,"[0,0,5,-2,7,-6,7,-8,5,-5,5,-2,8,-1,5,0,1,3,-1,4,-2,4,0,4,0,7,-1,8,-1,8,0,8,1,9,0,11,0,14,0,16,-1,15,-2,15,-2,14,-4,15,-4,17,-6,19,-10,18,0,0,0,0,0,0,0,0,0,0,0,0,0,0,0,0,0,0,0,0,0,0,4,7,5,7,5,8,7,8,8,9,9,9,10,9,10,10,10,10,10,10,10,9,11,8,12,8,12,8,12,7,11,6,12,6,13,5,13,4,12,5,13,5,13,2,11,-1,10,0,10,1,10,-1]"
[0;32mI (201138) ftm_responder: Counter = 201[0m
CSI_DATA,1053,1a:00:00:00:00:00,-72,11,0,0,0,0,0,0,0,0,0,-91,0,1,0,201185647,0,31,0,128,0,"[0,0,-4,6,-5,5,-6,3,-6,2,-5,1,-4,0,-3,-2,-3,-2,-3,-3,-4,-3,-4,-3,-3,-5,-3,-6,-5,-7,-6,-7,-7,-8,-7,-11,-7,-11,-9,-11,-9,-13,-9,-15,-9,-15,-9,-15,-10,-15,-9,-17,-8,-19,0,0,0,0,0,0,0,0,0,0,0,0,0,0,0,0,0,0,0,0,0,0,-7,-3,-9,-3,-10,-3,-11,-3,-12,-3,-13,-3,-14,-3,-15,-3,-15,-3,-15,-2,-14,-1,-13,0,-14,0,-14,0,-12,1,-13,3,-13,4,-12,4,-12,4,-12,3,-12,3,-11,3,-8,4,-7,4,-7,4,-7,6]"
CSI_DATA,1054,1a:00:00:00:00:00,-74,11,0,0,0,0,0,0,0,0,0,-91,0,1,0,201387061,0,31,0,128,0,"[0,0,-6,7,-6,4,-5,2,-5,0,-4,0,-4,-1,-3,-3,-2,-3,-2,-2,-3,-3,-3,-5,-4,-6,-5,-7,-5,-9,-5,-11,-6,-12,-7,-12,-7,-14,-7,-15,-7,-16,-8,-18,-7,-19,-7,-20,-7,-21,-8,-21,-6,-21,0,0,0,0,0,0,0,0,0,0,0,0,0,0,0,0,0,0,0,0,0,0,-7,-4,-7,-4,-9,-4,-10,-3,-11,-2,-12,-2,-13,-3,-14,-3,-15,-3,-15,-2,-15,-2,-15,-2,-14,0,-13,2,-13,3,-13,2,-13,2,-14,3,-13,4,-11,4,-10,5,-10,5,-10,5,-10,4,-9,4,-7,3]"
CSI_DATA,1055,1a:00:00:00:00:00,-74,11,0,0,0,0,0,0,0,0,0,-91,0,1,0,201589851,0,31,0,128,0,"[0,0,3,6,1,4,-1,1,-2,1,-1,3,-2,4,-3,3,-2,0,-2,-1,-2,-2,-4,-3,-6,-1,-8,1,-13,0,-15,0,-15,1,-16,-1,-15,-3,-14,1,-18,-1,-22,-6,-24,-3,-28,5,-30,6,-26,-1,-25,-6,0,0,0,0,0,0,0,0,0,0,0,0,0,0,0,0,0,0,0,0,0,0,-7,-3,-8,-2,-10,-1,-11,0,-12,1,-12,2,-14,2,-15,3,-16,3,-16,4,-15,5,-14,6,-14,7,-11,7,-9,8,-10,9,-10,10,-9,11,-7,10,-6,7,-5,7,-6,9,-6,11,-5,11,-2,9,0,9]"
CSI_DATA,1056,1a:00:00:00:00:00,-74,11,0,0,0,0,0,0,0,0,0,-91,0,1,0,201650351,0,42,0,128,0,"[0,0,-5,3,-4,0,-2,0,-2,1,-2,0,-3,-2,-4,-3,-3,-3,-3,-5,-3,-5,-2,-5,-2,-6,-2,-8,-3,-9,-3,-11,-5,-13,-5,-15,-5,-16,-5,-18,-5,-19,-4,-21,-3,-22,-3,-23,-1,-23,0,-24,-1,-26,0,0,0,0,0,0,0,0,0,0,0,0,0,0,0,0,0,0,0,0,0,0,-7,-3,-7,-3,-9,-2,-10,-2,-11,-1,-12,-2,-13,-2,-15,-2,-14,-1,-14,-1,-15,0,-15,-1,-14,0,-14,1,-14,2,-14,3,-14,3,-14,4,-12,4,-11,4,-10,5,-11,5,-9,5,-8,5,-8,4,-7,4]"
CSI_DATA,1057,1a:00:00:00:00:00,-74,11,0,0,0,0,0,0,0,0,0,-91,0,1,0,201718475,0,31,0,128,0,"[0,0,-7,-2,-8,-1,-6,-2,-3,-1,-1,0,-1,1,-1,1,0,-1,-2,-3,-3,-4,0,-4,1,-4,0,-6,0,-8,0,-9,0,-10,-2,-11,-4,-14,-4,-17,-2,-15,1,-15,1,-18,1,-20,0,-20,-1,-21,2,-23,0,0,0,0,0,0,0,0,0,0,0,0,0,0,0,0,0,0,0,0,0,0,0,-6,-1,-7,-2,-7,-2,-7,-3,-8,-3,-9,-4,-10,-5,-11,-5,-11,-6,-10,-7,-10,-7,-9,-7,-8,-7,-8,-8,-8,-9,-8,-9,-7,-9,-7,-9,-5,-10,-3,-10,-3,-9,-3,-10,-2,-9,-1,-8,0,-7,-1]"
CSI_DATA,1058,1a:00:00:00:00:00,-73,11,0,0,0,0,0,0,0,0,0,-91,0,1,0,201919537,0,31,0,128,0,"[0,0,-5,3,-4,4,-2,3,-2,1,-1,0,0,-1,-1,-3,0,-5,-2,-5,-3,-5,-4,-5,-4,-6,-4,-6,-5,-7,-6,-9,-8,-11,-8,-12,-7,-14,-8,-15,-13,-16,-16,-17,-13,-19,-8,-19,-7,-18,-7,-18,-6,-20,0,0,0,0,0,0,0,0,0,0,0,0,0,0,0,0,0,0,0,0,0,0,-5,-4,-7,-3,-8,-3,-10,-3,-11,-3,-11,-3,-12,-3,-13,-3,-13,-2,-13,-1,-13,-1,-13,0,-13,1,-13,1,-12,0,-13,2,-12,3,-12,4,-11,3,-10,4,-10,5,-10,7,-10,7,-8,5,-6,5,-7,6]"
CSI_DATA,1059,1a:00:00:00:00:00,-73,11,0,0,0,0,0,0,0,0,0,-91,0,1,0,202120648,0,31,0,128,0,"[0,0,-5,1,-4,1,-3,2,-2,3,-2,2,-5,0,-5,-2,-4,-3,-9,-3,-13,-3,-11,-4,-8,-2,-7,1,-8,-2,-10,-5,-11,-5,-12,-4,-14,-4,-17,-6,-17,-6,-16,-7,-17,-11,-17,-11,-16,-8,-16,-8,-22,-14,0,0,0,0,0,0,0,0,0,0,0,0,0,0,0,0,0,0,0,0,0,0,-4,-5,-5,-4,-6,-4,-7,-4,-8,-4,-9,-4,-10,-4,-10,-4,-11,-3,-11,-3,-11,-3,-11,-2,-11,-1,-10,-1,-10,0,-11,1,-10,3,-9,3,-10,4,-10,4,-8,3,-7,3,-7,4,-6,4,-5,4,-4,4]"
[0;32mI (202138) ftm_responder: Counter = 202[0m
CSI_DATA,1060,1a:00:00:00:00:00,-74,11,0,0,0,0,0,0,0,0,0,-91,0,1,0,202322374,0,31,0,128,0,"[0,0,-2,-1,-3,-1,-4,0,-4,2,-3,3,-2,3,-3,2,-3,3,-1,5,-1,6,0,6,3,7,5,9,6,9,7,10,7,11,7,14,8,15,8,15,8,17,9,17,8,18,6,20,4,21,4,22,4,21,0,0,0,0,0,0,0,0,0,0,0,0,0,0,0,0,0,0,0,0,0,0,-3,-7,-4,-8,-5,-9,-5,-10,-6,-11,-6,-11,-6,-12,-5,-14,-5,-14,-5,-13,-5,-13,-5,-13,-5,-13,-4,-12,-4,-12,-6,-12,-7,-11,-7,-10,-7,-10,-7,-10,-6,-8,-5,-6,-5,-6,-5,-5,-6,-4,-8,-4]"
CSI_DATA,1061,1a:00:00:00:00:00,-73,11,0,0,0,0,0,0,0,0,0,-91,0,1,0,202524811,0,31,0,128,0,"[0,0,1,6,1,7,2,11,3,5,3,-2,4,2,4,5,1,0,-4,-4,-8,-4,-7,-3,-5,-2,-7,-2,-9,-5,-10,-10,-12,-11,-13,-9,-14,-10,-18,-12,-19,-14,-18,-15,-18,-15,-19,-14,-21,-15,-19,-17,-17,-18,0,0,0,0,0,0,0,0,0,0,0,0,0,0,0,0,0,0,0,0,0,0,5,8,6,8,6,8,8,8,10,9,10,11,11,13,12,13,12,13,11,14,11,14,12,14,10,13,9,12,10,12,10,14,10,15,11,13,12,11,14,13,15,13,10,12,4,10,4,7,6,5,3,5]"
CSI_DATA,1062,1a:00:00:00:00:00,-74,11,0,0,0,0,0,0,0,0,0,-91,0,1,0,202723235,0,31,0,128,0,"[0,0,2,-1,-2,3,0,3,4,0,5,1,3,1,0,-1,-2,-1,-3,-2,-5,-3,-6,-2,-6,4,-8,7,-10,6,-11,4,-11,2,-14,2,-19,6,-20,7,-19,6,-20,4,-20,3,-21,4,-21,4,-21,2,-23,-1,0,0,0,0,0,0,0,0,0,0,0,0,0,0,0,0,0,0,0,0,0,0,4,7,5,6,6,6,8,6,9,7,9,8,9,9,9,10,11,10,10,10,8,9,8,9,9,8,11,8,11,8,12,9,13,8,11,7,8,8,8,6,12,2,15,0,12,1,6,4,5,5,8,0]"
CSI_DATA,1063,1a:00:00:00:00:00,-74,11,0,0,0,0,0,0,0,0,0,-91,0,1,0,202923572,0,31,0,128,0,"[0,0,4,5,0,4,-1,4,0,6,-1,5,-2,4,-2,3,-3,3,-4,3,-4,2,-6,1,-8,3,-8,5,-10,6,-11,6,-12,7,-13,9,-15,10,-17,11,-17,13,-17,11,-19,10,-20,10,-21,10,-22,9,-23,7,0,0,0,0,0,0,0,0,0,0,0,0,0,0,0,0,0,0,0,0,0,0,-4,7,-4,8,-4,9,-4,11,-3,13,-2,14,-2,15,-2,16,-2,17,-3,16,-3,16,-3,16,-1,16,0,18,2,18,4,17,5,15,5,15,3,15,4,13,6,12,6,12,4,12,3,11,3,10,3,9]"
CSI_DATA,1064,1a:00:00:00:00:00,-76,11,0,0,0,0,0,0,0,0,0,-91,0,1,0,203125007,0,31,0,128,0,"[0,0,-3,7,-5,3,-4,3,-3,4,-4,1,-4,-2,-2,-1,-2,0,-2,-2,-3,-5,-3,-5,-1,-5,-1,-5,-1,-4,-2,-7,-3,-9,-4,-11,-5,-13,-5,-15,-6,-17,-4,-18,-1,-20,0,-21,0,-21,1,-22,-1,-22,0,0,0,0,0,0,0,0,0,0,0,0,0,0,0,0,0,0,0,0,0,0,-6,-4,-8,-4,-9,-3,-11,-3,-12,-4,-13,-5,-13,-4,-14,-5,-15,-5,-15,-5,-15,-4,-14,-3,-13,-2,-14,-1,-13,0,-12,0,-13,0,-14,1,-13,2,-12,2,-12,2,-12,4,-13,5,-12,4,-12,4,-11,7]"
[0;32mI (203158) ftm_responder: Counter = 203[0m
CSI_DATA,1065,1a:00:00:00:00:00,-75,11,0,0,0,0,0,0,0,0,0,-91,0,1,0,203185673,0,42,0,128,0,"[0,0,0,6,-1,5,-1,4,0,4,0,3,-1,2,-2,1,-2,0,-2,-1,-3,-2,-4,-3,-7,-2,-9,-3,-9,-5,-9,-6,-10,-5,-12,-6,-14,-8,-14,-10,-13,-10,-14,-11,-16,-12,-16,-13,-16,-15,-16,-16,-17,-17,0,0,0,0,0,0,0,0,0,0,0,0,0,0,0,0,0,0,0,0,0,0,-4,3,-4,5,-4,6,-4,8,-4,9,-4,11,-4,11,-4,11,-4,11,-4,12,-4,12,-4,12,-4,13,-3,13,-3,13,-3,13,-2,13,-1,13,-1,11,-1,10,-1,11,0,10,2,10,3,9,3,8,1,7]"
CSI_DATA,1066,1a:00:00:00:00:00,-76,11,0,0,0,0,0,0,0,0,0,-91,0,1,0,203255245,0,31,0,128,0,"[0,0,3,5,2,4,2,2,1,1,0,2,1,4,0,4,-2,3,-2,1,-3,1,-6,1,-7,2,-6,2,-7,2,-10,2,-12,3,-14,3,-15,3,-17,4,-18,5,-20,4,-20,3,-21,3,-23,2,-23,0,-23,-1,0,0,0,0,0,0,0,0,0,0,0,0,0,0,0,0,0,0,0,0,0,0,-1,5,-1,6,-1,7,0,8,0,9,1,11,2,12,1,12,1,13,2,13,3,14,4,14,4,13,4,12,4,13,4,13,6,12,7,11,6,10,6,11,7,11,7,11,7,10,7,7,6,6,5,7]"
CSI_DATA,1067,1a:00:00:00:00:00,-74,11,0,0,0,0,0,0,0,0,0,-91,0,1,0,203455508,0,31,0,128,0,"[0,0,-1,4,-1,2,-2,1,-3,1,-2,2,-2,2,-1,0,-1,-2,-2,-3,-4,-3,-5,-2,-6,-3,-7,-6,-9,-6,-8,-6,-7,-5,-7,-6,-7,-8,-8,-9,-10,-11,-13,-16,-13,-18,-11,-15,-12,-15,-13,-20,-15,-24,0,0,0,0,0,0,0,0,0,0,0,0,0,0,0,0,0,0,0,0,0,0,-5,2,-5,3,-6,4,-6,5,-7,6,-7,7,-8,7,-8,7,-7,8,-7,8,-8,9,-8,9,-8,10,-7,10,-6,9,-6,9,-6,9,-6,10,-6,11,-5,10,-4,9,-3,8,-2,9,-2,10,-1,8,-1,8]"
CSI_DATA,1068,1a:00:00:00:00:00,-75,11,0,0,0,0,0,0,0,0,0,-91,0,1,0,203654207,0,31,0,128,0,"[0,0,-7,-3,-6,-2,-5,-2,-4,-1,-2,0,-1,-1,1,-2,2,-1,1,0,2,-1,4,-2,6,-3,6,-3,7,-4,9,-5,10,-6,12,-6,12,-7,13,-8,15,-8,17,-8,19,-8,19,-7,19,-6,20,-6,22,-4,0,0,0,0,0,0,0,0,0,0,0,0,0,0,0,0,0,0,0,0,0,0,0,-6,-1,-8,-2,-9,-2,-10,-3,-11,-3,-12,-2,-12,-2,-13,-4,-13,-4,-13,-4,-13,-5,-13,-5,-12,-5,-12,-7,-11,-8,-11,-9,-11,-9,-10,-8,-8,-9,-6,-10,-7,-9,-7,-8,-5,-9,-4,-9,-4,-8,-4]"
CSI_DATA,1069,1a:00:00:00:00:00,-74,11,0,0,0,0,0,0,0,0,0,-91,0,1,0,203856761,0,31,0,128,0,"[0,0,-1,3,-2,5,-3,6,-1,2,1,-4,1,-3,1,2,2,2,2,-2,2,-3,2,-3,4,-4,7,-6,8,-7,9,-9,9,-9,8,-10,9,-12,11,-13,13,-14,14,-16,15,-15,16,-12,17,-12,19,-12,19,-11,0,0,0,0,0,0,0,0,0,0,0,0,0,0,0,0,0,0,0,0,0,0,-5,-3,-6,-2,-7,-1,-8,-1,-9,-2,-10,-2,-10,-1,-11,-1,-11,-2,-10,-2,-10,-2,-11,-1,-11,-1,-11,-2,-10,-1,-9,1,-10,1,-11,2,-11,4,-9,4,-6,4,-6,5,-8,6,-9,6,-6,5,-4,6]"
CSI_DATA,1070,1a:00:00:00:00:00,-73,11,0,0,0,0,0,0,0,0,0,-91,0,1,0,204057458,0,31,0,128,0,"[0,0,1,-10,-5,-12,-8,-10,-3,-6,-2,-3,-6,-1,-8,1,-7,3,-6,3,-7,0,-9,1,-8,5,-10,6,-15,6,-16,9,-13,11,-15,11,-18,11,-19,10,-21,8,-23,6,-23,5,-23,1,-27,-3,-29,-3,-29,-2,0,0,0,0,0,0,0,0,0,0,0,0,0,0,0,0,0,0,0,0,0,0,-1,-3,-2,-3,-4,-3,-4,-4,-3,-6,-3,-8,-3,-8,-3,-8,-3,-8,-4,-10,-4,-11,-2,-10,-1,-9,-2,-9,-2,-9,-3,-10,-3,-11,-3,-11,-3,-10,-4,-7,-4,-6,-2,-8,-2,-7,-3,-3,-3,-4,-5,-4]"
[0;32mI (204158) ftm_responder: Counter = 204[0m
CSI_DATA,1071,1a:00:00:00:00:00,-75,11,0,0,0,0,0,0,0,0,0,-91,0,1,0,204257653,0,31,0,128,0,"[0,0,-4,-4,-4,-4,-5,-2,-5,0,-4,-1,-3,-1,-4,0,-4,2,-3,3,-2,5,-2,7,-2,9,-2,9,-3,10,-2,12,-1,14,0,16,-1,17,0,18,1,18,0,20,-3,21,-4,20,-5,21,-5,23,-6,23,0,0,0,0,0,0,0,0,0,0,0,0,0,0,0,0,0,0,0,0,0,0,2,-1,2,-1,3,-2,3,-3,4,-3,5,-4,5,-5,6,-4,7,-4,7,-4,6,-4,5,-5,5,-7,5,-7,4,-6,4,-7,4,-8,5,-8,3,-9,0,-9,1,-9,1,-8,-1,-7,-1,-7,0,-7,1,-7]"
CSI_DATA,1072,1a:00:00:00:00:00,-73,11,0,0,0,0,0,0,0,0,0,-91,0,1,0,204458735,0,31,0,128,0,"[0,0,3,5,3,6,4,5,4,4,5,3,6,2,7,1,7,1,7,0,8,-1,9,-1,9,-2,10,-3,10,-4,11,-6,12,-7,13,-6,14,-6,15,-7,16,-7,17,-7,17,-6,18,-7,19,-7,20,-6,21,-5,0,0,0,0,0,0,0,0,0,0,0,0,0,0,0,0,0,0,0,0,0,0,3,1,3,2,2,3,1,3,0,3,-1,4,-1,4,-2,5,-2,5,-2,5,-2,5,-2,6,-2,6,-3,7,-3,7,-2,6,-2,6,-1,7,0,7,1,7,2,6,2,6,2,6,1,6,2,6,2,6]"
CSI_DATA,1073,1a:00:00:00:00:00,-70,11,0,0,0,0,0,0,0,0,0,-91,0,1,0,204659907,0,31,0,128,0,"[0,0,14,7,13,7,12,6,12,4,13,4,12,4,11,3,11,2,11,2,10,1,10,0,10,-1,10,-3,10,-3,10,-4,10,-5,11,-5,11,-6,12,-6,12,-7,13,-7,13,-6,13,-5,14,-6,15,-5,15,-5,0,0,0,0,0,0,0,0,0,0,0,0,0,0,0,0,0,0,0,0,0,0,6,-4,7,-3,8,-2,9,-1,10,1,10,2,11,3,11,4,11,5,11,5,10,6,10,6,10,7,10,7,10,8,11,8,11,7,11,6,12,6,11,6,11,6,12,6,14,6,14,7,14,7,13,6]"
CSI_DATA,1074,1a:00:00:00:00:00,-70,11,0,0,0,0,0,0,0,0,0,-91,0,1,0,204720696,0,42,0,128,0,"[0,0,-9,-13,-9,-13,-9,-12,-10,-12,-9,-11,-7,-9,-7,-9,-9,-9,-9,-8,-9,-7,-9,-6,-9,-5,-9,-5,-10,-4,-9,-3,-9,-2,-9,-1,-10,0,-10,0,-12,0,-12,1,-12,2,-12,1,-12,0,-13,0,-13,-1,0,0,0,0,0,0,0,0,0,0,0,0,0,0,0,0,0,0,0,0,0,0,-8,-2,-8,-3,-8,-5,-9,-6,-8,-7,-8,-9,-8,-10,-8,-11,-7,-12,-6,-12,-6,-13,-6,-13,-6,-13,-6,-13,-6,-14,-6,-15,-5,-14,-6,-13,-8,-13,-8,-12,-9,-13,-9,-14,-8,-14,-8,-13,-9,-13,-8,-14]"
CSI_DATA,1075,1a:00:00:00:00:00,-71,11,0,0,0,0,0,0,0,0,0,-91,0,1,0,204787644,0,31,0,128,0,"[0,0,12,5,12,4,11,4,11,4,11,4,10,4,9,3,9,2,8,2,8,1,8,1,7,2,7,2,5,0,6,-1,6,-3,4,-3,5,-1,6,-2,4,-3,3,-4,5,-5,7,-6,7,-6,6,-7,7,-8,0,0,0,0,0,0,0,0,0,0,0,0,0,0,0,0,0,0,0,0,0,0,4,-5,5,-5,7,-5,8,-4,9,-3,10,-3,12,-1,11,0,11,1,12,2,12,2,13,3,13,3,12,3,12,3,12,3,12,3,13,3,13,3,14,4,13,5,14,5,15,4,14,2,13,3,13,3]"
CSI_DATA,1076,1a:00:00:00:00:00,-71,11,0,0,0,0,0,0,0,0,0,-91,0,1,0,204991616,0,31,0,128,0,"[0,0,-7,12,-7,10,-7,10,-6,10,-6,11,-4,12,-3,10,-4,8,-4,8,-4,8,-3,8,-2,8,0,7,1,6,1,5,0,4,2,3,4,2,3,0,1,-3,4,-4,6,-3,3,-2,6,-1,9,0,7,2,0,0,0,0,0,0,0,0,0,0,0,0,0,0,0,0,0,0,0,0,0,0,-1,7,-2,7,-4,8,-5,8,-6,8,-7,9,-8,9,-9,9,-10,9,-11,9,-11,8,-10,8,-11,8,-11,8,-11,8,-11,9,-10,10,-10,10,-9,10,-9,11,-9,12,-10,12,-10,12,-9,12,-8,13,-8,14]"
[0;32mI (205158) ftm_responder: Counter = 205[0m
CSI_DATA,1077,1a:00:00:00:00:00,-71,11,0,0,0,0,0,0,0,0,0,-91,0,1,0,205190409,0,31,0,128,0,"[0,0,9,14,8,12,8,11,7,11,5,10,5,9,5,9,5,8,3,6,3,5,2,5,4,2,8,-2,7,-1,5,3,4,3,4,0,6,0,8,2,6,0,4,-5,5,-7,6,-8,5,-8,5,-7,4,-8,0,0,0,0,0,0,0,0,0,0,0,0,0,0,0,0,0,0,0,0,0,0,7,3,7,4,7,6,7,7,7,8,7,10,7,11,6,12,5,13,5,13,5,13,5,13,4,14,4,14,5,14,4,14,4,14,5,14,6,14,7,15,7,15,7,15,8,16,8,17,8,16,8,14]"
CSI_DATA,1078,1a:00:00:00:00:00,-71,11,0,0,0,0,0,0,0,0,0,-91,0,1,0,205392174,0,31,0,128,0,"[0,0,-16,-2,-17,-2,-16,-1,-14,0,-13,2,-12,2,-12,1,-11,-1,-10,1,-11,2,-9,1,-7,3,-6,4,-6,3,-5,2,-4,2,-3,2,0,2,1,3,1,5,2,7,2,8,1,10,1,11,2,11,4,12,0,0,0,0,0,0,0,0,0,0,0,0,0,0,0,0,0,0,0,0,0,0,-8,3,-9,2,-10,1,-11,1,-13,0,-14,-1,-15,-2,-15,-2,-15,-3,-16,-4,-16,-5,-16,-5,-16,-6,-15,-6,-14,-5,-15,-5,-15,-4,-16,-3,-17,-3,-17,-3,-17,-3,-17,-2,-17,-1,-18,0,-18,-2,-17,-3]"
CSI_DATA,1079,1a:00:00:00:00:00,-72,11,0,0,0,0,0,0,0,0,0,-91,0,1,0,205592379,0,31,0,128,0,"[0,0,-9,-18,-11,-18,-8,-14,-5,-11,-5,-9,-5,-9,-5,-8,-6,-6,-4,-7,-3,-6,-4,-3,-4,-4,-4,-5,-3,-5,-4,-3,-5,-1,-4,0,-4,1,-5,1,-5,1,-5,2,-6,1,-6,0,-6,0,-8,2,-11,4,0,0,0,0,0,0,0,0,0,0,0,0,0,0,0,0,0,0,0,0,0,0,-7,-1,-8,-2,-9,-4,-9,-5,-9,-6,-9,-7,-9,-9,-9,-10,-9,-10,-8,-11,-7,-11,-6,-12,-6,-12,-7,-12,-7,-11,-7,-11,-7,-12,-7,-12,-7,-11,-7,-11,-8,-12,-8,-15,-9,-16,-9,-13,-9,-12,-10,-13]"
CSI_DATA,1080,1a:00:00:00:00:00,-72,11,0,0,0,0,0,0,0,0,0,-91,0,1,0,205793976,0,31,0,128,0,"[0,0,-14,9,-13,7,-10,6,-9,7,-9,8,-9,5,-7,5,-8,7,-8,7,-7,6,-5,5,-4,5,-4,6,-2,6,-1,5,0,4,1,3,1,3,2,3,3,2,4,3,6,4,7,6,7,5,7,5,8,6,0,0,0,0,0,0,0,0,0,0,0,0,0,0,0,0,0,0,0,0,0,0,-6,5,-7,5,-8,4,-10,4,-11,3,-12,4,-13,3,-14,2,-14,2,-15,1,-15,1,-15,1,-14,2,-15,2,-15,2,-15,2,-15,3,-16,4,-16,5,-16,4,-16,5,-15,7,-16,6,-16,6,-16,6,-16,5]"
CSI_DATA,1081,1a:00:00:00:00:00,-72,11,0,0,0,0,0,0,0,0,0,-91,0,1,0,205994715,0,31,0,128,0,"[0,0,13,2,13,2,12,2,12,1,13,0,12,-1,11,0,11,0,10,0,9,-1,7,-1,6,-2,5,-3,4,-3,3,-4,3,-4,2,-5,0,-5,0,-6,0,-7,-1,-8,-2,-9,-1,-10,1,-12,2,-13,1,-13,0,0,0,0,0,0,0,0,0,0,0,0,0,0,0,0,0,0,0,0,0,0,5,-4,6,-4,8,-4,9,-4,11,-4,12,-3,13,-2,13,-1,13,-1,13,0,14,1,15,1,14,1,14,1,14,3,15,3,14,2,14,1,14,0,15,-1,16,-1,15,1,16,1,16,2,15,2,15,0]"
[0;32mI (206158) ftm_responder: Counter = 206[0m
CSI_DATA,1082,1a:00:00:00:00:00,-72,11,0,0,0,0,0,0,0,0,0,-91,0,1,0,206195959,0,31,0,128,0,"[0,0,-4,-14,-5,-14,-5,-13,-5,-12,-5,-11,-4,-10,-4,-8,-5,-8,-5,-8,-5,-8,-5,-7,-6,-6,-6,-5,-6,-4,-5,-3,-5,-3,-5,-2,-5,0,-6,2,-7,2,-7,1,-8,2,-9,2,-10,2,-11,1,-12,1,0,0,0,0,0,0,0,0,0,0,0,0,0,0,0,0,0,0,0,0,0,0,-6,-4,-7,-5,-7,-7,-7,-8,-7,-9,-7,-11,-6,-12,-6,-13,-5,-14,-5,-14,-5,-14,-4,-15,-4,-15,-3,-14,-3,-15,-3,-16,-4,-16,-5,-15,-6,-15,-5,-15,-5,-15,-5,-16,-6,-16,-6,-16,-6,-16,-5,-15]"
CSI_DATA,1083,1a:00:00:00:00:00,-72,11,0,0,0,0,0,0,0,0,0,-91,0,1,0,206257371,0,42,0,128,0,"[0,0,16,5,14,5,14,4,13,4,12,3,12,1,11,2,10,2,9,1,8,0,7,-1,7,-2,6,-3,5,-3,4,-3,3,-4,2,-5,1,-6,2,-7,2,-8,2,-9,1,-10,0,-11,1,-11,2,-11,4,-11,0,0,0,0,0,0,0,0,0,0,0,0,0,0,0,0,0,0,0,0,0,0,7,-3,8,-2,10,-1,11,0,12,1,13,2,13,4,13,5,13,6,13,6,13,6,14,7,14,7,14,7,14,7,13,7,14,7,15,7,15,6,15,6,15,6,16,6,16,5,16,5,17,6,17,5]"
CSI_DATA,1084,1a:00:00:00:00:00,-72,11,0,0,0,0,0,0,0,0,0,-91,0,1,0,206326328,0,31,0,128,0,"[0,0,12,-10,12,-10,9,-11,7,-9,8,-8,8,-9,7,-9,7,-8,6,-8,4,-9,4,-8,3,-6,2,-6,1,-5,0,-5,-1,-5,-2,-5,-4,-5,-4,-6,-5,-6,-6,-6,-6,-8,-6,-9,-7,-9,-7,-9,-7,-9,0,0,0,0,0,0,0,0,0,0,0,0,0,0,0,0,0,0,0,0,0,0,-1,-8,0,-9,1,-10,2,-11,4,-12,5,-12,7,-12,8,-12,9,-12,10,-12,11,-11,11,-11,11,-11,12,-10,12,-10,11,-10,11,-11,11,-12,11,-13,11,-14,11,-14,11,-14,11,-14,11,-14,11,-13,10,-13]"
CSI_DATA,1085,1a:00:00:00:00:00,-71,11,0,0,0,0,0,0,0,0,0,-91,0,1,0,206524866,0,31,0,128,0,"[0,0,-5,13,-4,12,-3,11,-2,11,-2,11,-1,10,-1,9,-1,8,-1,8,0,7,1,6,2,4,3,3,3,3,2,3,2,2,3,0,4,-1,7,-2,7,-3,6,-5,8,-5,9,-4,10,-2,11,-1,10,-1,0,0,0,0,0,0,0,0,0,0,0,0,0,0,0,0,0,0,0,0,0,0,1,6,1,7,0,8,-1,9,-1,10,-2,11,-3,11,-4,11,-5,12,-5,12,-6,12,-6,12,-6,13,-6,13,-6,12,-6,12,-5,13,-5,13,-4,13,-4,13,-4,13,-4,13,-4,14,-3,15,-3,14,-3,13]"
CSI_DATA,1086,1a:00:00:00:00:00,-71,11,0,0,0,0,0,0,0,0,0,-91,0,1,0,206732707,0,31,0,128,0,"[0,0,6,10,6,11,6,11,6,10,6,9,7,8,6,8,5,7,5,6,5,5,6,4,5,3,5,2,4,0,4,-1,4,-1,3,-2,1,-3,1,-4,2,-5,7,-5,10,-3,6,-3,6,-6,9,-10,10,-11,0,0,0,0,0,0,0,0,0,0,0,0,0,0,0,0,0,0,0,0,0,0,6,1,6,3,7,4,8,5,7,6,7,8,7,9,7,10,7,10,6,11,6,11,6,12,6,12,6,12,6,12,7,12,7,12,7,11,7,12,8,11,8,11,7,11,6,13,7,13,8,11,9,10]"
CSI_DATA,1087,1a:00:00:00:00:00,-73,11,0,0,0,0,0,0,0,0,0,-91,0,1,0,206928199,0,31,0,128,0,"[0,0,-14,5,-15,4,-15,5,-13,7,-12,7,-9,6,-8,6,-8,4,-9,5,-8,5,-6,4,-4,4,-3,5,-3,5,-2,5,0,4,1,4,2,5,2,6,3,7,3,6,3,4,6,7,8,11,6,12,5,8,0,0,0,0,0,0,0,0,0,0,0,0,0,0,0,0,0,0,0,0,0,0,-4,6,-5,7,-6,7,-8,8,-9,8,-11,7,-13,7,-14,7,-14,6,-15,5,-15,5,-16,5,-16,5,-16,5,-16,5,-16,5,-16,5,-16,5,-15,6,-14,7,-14,8,-15,7,-15,7,-15,7,-15,6,-16,7]"
CSI_DATA,1088,1a:00:00:00:00:00,-72,11,0,0,0,0,0,0,0,0,0,-91,0,1,0,207128689,0,31,0,128,0,"[0,0,-16,-1,-13,0,-9,-1,-10,-1,-12,2,-12,3,-12,2,-11,2,-9,2,-8,1,-6,2,-6,3,-7,3,-3,3,-1,3,-2,3,-2,2,0,3,-1,7,-2,9,-1,10,0,9,0,10,0,12,-1,12,-1,13,0,0,0,0,0,0,0,0,0,0,0,0,0,0,0,0,0,0,0,0,0,0,-6,5,-7,5,-9,5,-10,4,-11,5,-13,4,-14,3,-15,3,-15,2,-15,0,-14,-1,-14,-1,-15,0,-16,0,-15,0,-16,0,-16,-1,-16,-1,-16,0,-14,0,-13,1,-14,1,-16,3,-18,5,-17,3,-16,2]"
[0;32mI (207158) ftm_responder: Counter = 207[0m
CSI_DATA,1089,1a:00:00:00:00:00,-72,11,0,0,0,0,0,0,0,0,0,-91,0,1,0,207329597,0,31,0,128,0,"[0,0,-14,-3,-14,-1,-14,-1,-13,-3,-11,-3,-11,-2,-10,0,-10,2,-9,2,-8,2,-6,1,-5,1,-6,2,-5,2,-4,3,-4,5,-3,6,-3,6,-4,6,-3,6,-2,6,-2,7,-4,8,-5,8,-5,10,-6,12,0,0,0,0,0,0,0,0,0,0,0,0,0,0,0,0,0,0,0,0,0,0,-7,3,-8,3,-9,2,-11,2,-12,1,-13,0,-14,-2,-14,-4,-14,-4,-15,-5,-15,-5,-16,-5,-15,-5,-14,-5,-14,-6,-15,-8,-15,-8,-15,-6,-15,-5,-15,-5,-14,-5,-15,-5,-16,-3,-17,-2,-17,-3,-16,-3]"
CSI_DATA,1090,1a:00:00:00:00:00,-72,11,0,0,0,0,0,0,0,0,0,-91,0,1,0,207530983,0,31,0,128,0,"[0,0,-16,-5,-15,-4,-14,-2,-12,-2,-12,-3,-12,-4,-12,-2,-11,-1,-10,-1,-9,-1,-7,0,-7,1,-7,3,-6,3,-6,3,-6,3,-6,3,-5,3,-4,5,-5,7,-5,8,-5,8,-5,9,-5,10,-5,10,-7,11,0,0,0,0,0,0,0,0,0,0,0,0,0,0,0,0,0,0,0,0,0,0,-7,2,-8,1,-10,1,-11,0,-12,-1,-13,-3,-14,-4,-13,-5,-13,-6,-14,-6,-14,-6,-15,-7,-14,-7,-13,-7,-13,-8,-14,-8,-15,-7,-14,-6,-14,-6,-15,-6,-15,-7,-15,-7,-15,-7,-16,-5,-17,-5,-16,-7]"
CSI_DATA,1091,1a:00:00:00:00:00,-72,11,0,0,0,0,0,0,0,0,0,-91,0,1,0,207732031,0,31,0,128,0,"[0,0,15,-3,14,-3,13,-2,13,-3,13,-4,12,-4,11,-4,10,-3,8,-4,7,-5,7,-5,7,-5,7,-5,6,-6,4,-6,3,-5,3,-6,2,-6,1,-7,0,-9,0,-10,0,-10,0,-11,0,-11,1,-11,3,-13,0,0,0,0,0,0,0,0,0,0,0,0,0,0,0,0,0,0,0,0,0,0,5,-6,6,-5,7,-5,9,-4,11,-4,12,-4,12,-3,13,-1,14,-1,14,0,14,0,15,0,15,-1,14,-1,14,-1,14,0,14,2,14,1,15,1,17,0,17,-1,15,-2,14,-3,13,-3,14,-2,15,-1]"
CSI_DATA,1092,1a:00:00:00:00:00,-72,11,0,0,0,0,0,0,0,0,0,-91,0,1,0,207792840,0,42,0,128,0,"[0,0,-16,-1,-16,0,-16,-1,-15,0,-14,1,-14,1,-13,2,-12,1,-11,0,-10,1,-9,3,-8,4,-7,5,-7,4,-6,3,-5,4,-5,6,-5,6,-4,7,-3,8,-3,9,-3,10,-3,10,-5,10,-6,11,-6,12,0,0,0,0,0,0,0,0,0,0,0,0,0,0,0,0,0,0,0,0,0,0,-6,5,-7,5,-9,5,-10,5,-12,5,-13,3,-14,2,-15,1,-16,0,-16,-1,-16,-1,-16,-2,-16,-2,-17,-2,-17,-2,-16,-2,-16,-1,-16,0,-16,0,-15,-1,-15,-1,-16,0,-17,1,-17,0,-17,0,-17,0]"
CSI_DATA,1093,1a:00:00:00:00:00,-71,11,0,0,0,0,0,0,0,0,0,-91,0,1,0,207862336,0,31,0,128,0,"[0,0,10,9,10,9,11,10,11,8,10,5,9,5,8,4,9,4,9,5,9,5,8,4,7,2,6,2,7,1,8,1,7,0,6,-2,6,-4,6,-5,6,-6,7,-5,7,-4,8,-4,8,-5,10,-5,11,-4,0,0,0,0,0,0,0,0,0,0,0,0,0,0,0,0,0,0,0,0,0,0,6,-1,8,0,9,1,9,2,10,4,11,5,11,7,11,7,10,8,10,9,10,10,10,10,10,11,10,11,10,11,10,11,10,11,10,11,11,10,10,9,10,10,10,10,11,9,11,8,11,9,12,10]"
CSI_DATA,1094,1a:00:00:00:00:00,-72,11,0,0,0,0,0,0,0,0,0,-91,0,1,0,208063509,0,31,0,128,0,"[0,0,10,-10,10,-9,10,-9,9,-8,9,-8,10,-8,8,-8,6,-7,5,-6,5,-6,4,-6,2,-6,1,-5,1,-5,0,-6,0,-6,-1,-5,-3,-6,-3,-8,0,-8,0,-7,-2,-6,-4,-5,-4,-8,-5,-7,-6,-6,0,0,0,0,0,0,0,0,0,0,0,0,0,0,0,0,0,0,0,0,0,0,1,-6,1,-7,2,-8,4,-8,5,-9,6,-9,8,-8,8,-9,9,-8,9,-8,10,-8,11,-7,10,-8,10,-7,11,-7,11,-7,11,-8,11,-8,10,-8,9,-7,9,-7,10,-9,11,-10,11,-10,11,-9,12,-10]"
[0;32mI (208158) ftm_responder: Counter = 208[0m
CSI_DATA,1095,1a:00:00:00:00:00,-72,11,0,0,0,0,0,0,0,0,0,-91,0,1,0,208263182,0,31,0,128,0,"[0,0,0,-15,0,-15,0,-15,0,-15,0,-14,-1,-14,-1,-13,-1,-12,-2,-11,-2,-10,-2,-9,-2,-9,-3,-8,-4,-7,-4,-6,-5,-5,-6,-5,-7,-5,-7,-4,-8,-3,-9,-3,-10,-3,-10,-1,-9,-2,-10,-4,-11,-6,0,0,0,0,0,0,0,0,0,0,0,0,0,0,0,0,0,0,0,0,0,0,-4,-6,-4,-8,-3,-9,-3,-11,-2,-12,-1,-13,0,-14,0,-15,1,-15,2,-15,3,-16,3,-15,4,-15,4,-15,4,-15,4,-15,3,-15,3,-15,2,-16,2,-16,1,-16,0,-17,0,-18,1,-16,2,-16,2,-16]"
CSI_DATA,1096,1a:00:00:00:00:00,-71,11,0,0,0,0,0,0,0,0,0,-91,0,1,0,208463892,0,31,0,128,0,"[0,0,-14,0,-16,1,-16,3,-13,4,-12,5,-13,4,-13,3,-11,3,-8,4,-6,5,-6,5,-7,5,-8,5,-7,3,-6,3,-4,3,-3,4,-2,6,-1,6,-1,5,-1,6,-2,8,-2,10,-2,13,-2,13,-3,11,0,0,0,0,0,0,0,0,0,0,0,0,0,0,0,0,0,0,0,0,0,0,-5,5,-6,6,-7,6,-9,6,-10,6,-12,5,-13,4,-14,4,-15,3,-15,3,-15,3,-15,3,-14,2,-15,1,-16,1,-17,1,-15,2,-14,3,-14,3,-16,3,-18,2,-18,1,-16,2,-15,3,-17,4,-18,4]"
CSI_DATA,1097,1a:00:00:00:00:00,-72,11,0,0,0,0,0,0,0,0,0,-91,0,1,0,208665969,0,31,0,128,0,"[0,0,9,9,11,10,10,6,10,5,9,6,8,5,7,4,7,6,8,5,10,3,10,3,8,3,5,2,5,1,7,1,6,-1,4,-2,5,-3,6,-4,7,-4,8,-4,8,-5,6,-6,5,-8,8,-9,10,-9,0,0,0,0,0,0,0,0,0,0,0,0,0,0,0,0,0,0,0,0,0,0,8,-2,9,-1,10,1,10,2,11,3,12,5,12,7,12,8,12,8,11,9,11,11,12,12,11,12,10,12,11,11,10,11,9,12,10,11,12,10,13,10,13,11,14,10,13,8,12,9,10,10,10,10]"
CSI_DATA,1098,1a:00:00:00:00:00,-71,11,0,0,0,0,0,0,0,0,0,-91,0,1,0,208866149,0,31,0,128,0,"[0,0,-6,11,-5,14,-5,13,-6,11,-6,11,-4,10,-3,10,-4,9,-4,8,-3,7,-2,7,-1,7,0,6,1,5,1,6,1,6,2,7,4,7,5,6,6,5,6,5,6,6,6,6,6,6,7,7,7,8,0,0,0,0,0,0,0,0,0,0,0,0,0,0,0,0,0,0,0,0,0,0,1,7,0,8,0,9,-1,10,-2,11,-3,11,-5,12,-6,12,-7,12,-8,11,-8,11,-8,11,-8,11,-8,11,-9,11,-11,11,-10,11,-8,11,-8,11,-8,11,-7,12,-6,12,-7,13,-7,12,-8,12,-8,13]"
CSI_DATA,1099,1a:00:00:00:00:00,-71,11,0,0,0,0,0,0,0,0,0,-91,0,1,0,209067333,0,31,0,128,0,"[0,0,-14,7,-13,6,-13,7,-14,8,-13,8,-11,7,-10,6,-8,7,-8,7,-7,7,-7,5,-6,4,-4,5,-2,6,-2,6,-1,6,0,5,1,4,2,5,1,6,0,7,2,8,3,9,3,10,2,11,2,11,0,0,0,0,0,0,0,0,0,0,0,0,0,0,0,0,0,0,0,0,0,0,-5,7,-6,7,-8,7,-9,7,-11,7,-12,7,-13,7,-14,6,-15,5,-16,5,-16,4,-16,4,-16,4,-16,4,-16,5,-16,5,-15,4,-15,5,-17,6,-17,6,-16,7,-16,8,-15,8,-15,9,-15,9,-15,9]"
[0;32mI (209158) ftm_responder: Counter = 209[0m
CSI_DATA,1100,1a:00:00:00:00:00,-71,11,0,0,0,0,0,0,0,0,0,-91,0,1,0,209268536,0,31,0,128,0,"[0,0,-8,-16,-8,-16,-7,-15,-8,-14,-8,-13,-8,-12,-7,-11,-6,-9,-7,-8,-8,-8,-8,-7,-7,-6,-6,-6,-7,-4,-7,-3,-7,-1,-7,0,-7,0,-8,0,-9,1,-10,2,-10,2,-9,3,-10,4,-11,3,-12,3,0,0,0,0,0,0,0,0,0,0,0,0,0,0,0,0,0,0,0,0,0,0,-8,-4,-8,-6,-9,-7,-9,-9,-9,-11,-9,-12,-8,-13,-8,-14,-7,-15,-6,-16,-6,-16,-6,-16,-6,-16,-6,-16,-6,-17,-6,-17,-7,-16,-7,-16,-6,-16,-6,-16,-8,-16,-9,-16,-9,-16,-8,-16,-9,-17,-9,-17]"
CSI_DATA,1101,1a:00:00:00:00:00,-71,11,0,0,0,0,0,0,0,0,0,-91,0,1,0,209329328,0,42,0,128,0,"[0,0,-10,9,-10,9,-11,9,-10,9,-9,9,-8,9,-8,9,-7,8,-6,8,-5,8,-4,8,-3,8,-2,7,-1,6,0,5,0,5,0,4,1,5,3,6,5,5,5,6,6,7,6,8,6,8,5,8,5,8,0,0,0,0,0,0,0,0,0,0,0,0,0,0,0,0,0,0,0,0,0,0,-1,7,-2,8,-4,9,-6,10,-8,10,-10,10,-12,10,-12,10,-13,9,-13,9,-13,9,-13,9,-14,8,-14,8,-14,8,-14,8,-14,9,-13,10,-13,10,-13,11,-12,11,-12,11,-12,11,-12,11,-12,11,-12,10]"
CSI_DATA,1102,1a:00:00:00:00:00,-71,11,0,0,0,0,0,0,0,0,0,-91,0,1,0,209402175,0,31,0,128,0,"[0,0,-15,7,-14,8,-12,7,-10,5,-10,5,-10,6,-9,6,-7,6,-6,5,-6,5,-7,6,-6,6,-5,8,-4,7,-3,5,-2,5,-2,5,-1,4,-1,5,0,7,2,8,2,8,2,8,2,9,1,9,1,10,0,0,0,0,0,0,0,0,0,0,0,0,0,0,0,0,0,0,0,0,0,0,-2,8,-3,8,-5,9,-7,9,-9,10,-10,9,-11,9,-12,8,-13,8,-14,7,-14,6,-14,7,-14,7,-15,7,-15,6,-14,6,-13,6,-13,6,-14,7,-14,7,-14,7,-14,8,-14,8,-14,8,-15,8,-14,8]"
CSI_DATA,1103,1a:00:00:00:00:00,-72,11,0,0,0,0,0,0,0,0,0,-91,0,1,0,209606977,0,31,0,128,0,"[0,0,9,-14,8,-12,8,-12,8,-12,7,-11,6,-10,6,-10,7,-10,6,-9,3,-7,1,-6,1,-7,1,-7,0,-7,-1,-7,-2,-6,-3,-5,-4,-5,-5,-6,-7,-5,-8,-4,-7,-5,-7,-5,-7,-6,-8,-6,-9,-7,0,0,0,0,0,0,0,0,0,0,0,0,0,0,0,0,0,0,0,0,0,0,1,-9,2,-9,3,-10,4,-11,6,-12,7,-12,8,-12,10,-12,10,-11,11,-10,11,-11,11,-11,11,-11,11,-11,11,-11,10,-11,11,-11,11,-12,10,-12,10,-12,10,-12,10,-12,9,-13,9,-13,9,-13,9,-13]"
CSI_DATA,1104,1a:00:00:00:00:00,-71,11,0,0,0,0,0,0,0,0,0,-91,0,1,0,209804341,0,31,0,128,0,"[0,0,-12,-7,-12,-6,-12,-6,-12,-6,-11,-6,-10,-4,-11,-4,-9,-4,-8,-4,-8,-3,-8,-1,-8,0,-8,0,-6,-1,-6,-1,-7,0,-7,0,-6,0,-5,2,-3,3,-5,4,-6,5,-5,6,-3,8,-3,9,-2,9,0,0,0,0,0,0,0,0,0,0,0,0,0,0,0,0,0,0,0,0,0,0,-8,2,-9,1,-9,0,-11,0,-12,-1,-13,-3,-13,-4,-13,-5,-13,-6,-13,-6,-13,-7,-13,-7,-14,-7,-13,-8,-13,-8,-13,-7,-13,-7,-13,-7,-14,-7,-14,-7,-14,-7,-13,-6,-13,-5,-13,-6,-13,-7,-13,-6]"
CSI_DATA,1105,1a:00:00:00:00:00,-71,11,0,0,0,0,0,0,0,0,0,-91,0,1,0,210005212,0,31,0,128,0,"[0,0,-5,15,-5,13,-4,12,-4,12,-3,11,-2,10,-2,10,-1,10,-1,9,-1,8,-1,6,0,5,1,5,2,4,3,3,5,2,6,3,5,3,7,3,10,3,8,2,6,1,5,1,9,2,14,3,14,3,0,0,0,0,0,0,0,0,0,0,0,0,0,0,0,0,0,0,0,0,0,0,3,7,2,8,2,9,1,11,0,12,-1,13,-2,14,-3,14,-4,14,-5,14,-5,14,-6,14,-6,14,-6,14,-6,14,-6,14,-6,13,-5,14,-5,14,-5,14,-4,15,-5,16,-5,16,-6,15,-6,15,-6,15]"
[0;32mI (210158) ftm_responder: Counter = 210[0m
CSI_DATA,1106,1a:00:00:00:00:00,-72,11,0,0,0,0,0,0,0,0,0,-91,0,1,0,210208123,0,31,0,128,0,"[0,0,14,-6,13,-5,12,-6,12,-6,11,-6,9,-6,8,-6,7,-7,7,-7,6,-6,4,-7,3,-7,1,-6,1,-6,0,-6,-1,-6,-1,-6,-2,-6,-2,-6,-3,-8,-4,-8,-5,-9,-5,-9,-5,-10,-5,-11,-4,-12,0,0,0,0,0,0,0,0,0,0,0,0,0,0,0,0,0,0,0,0,0,0,4,-8,6,-8,7,-9,9,-9,10,-8,12,-7,13,-6,14,-6,15,-5,15,-5,16,-4,16,-4,16,-4,16,-5,16,-4,15,-4,14,-3,14,-4,15,-6,16,-6,16,-6,16,-7,15,-7,15,-6,15,-6,15,-7]"
CSI_DATA,1107,1a:00:00:00:00:00,-71,11,0,0,0,0,0,0,0,0,0,-91,0,1,0,210406487,0,31,0,128,0,"[0,0,11,12,11,9,8,9,7,10,7,11,7,9,5,5,5,5,6,5,5,4,7,2,7,1,5,0,4,-1,4,-1,4,-1,5,-2,6,-4,7,-5,8,-7,7,-5,7,-4,7,-6,10,-6,13,-5,14,-6,0,0,0,0,0,0,0,0,0,0,0,0,0,0,0,0,0,0,0,0,0,0,7,-1,8,0,10,1,11,2,11,4,12,6,12,7,12,8,12,9,11,9,10,10,10,10,9,11,9,12,10,12,10,12,10,11,11,11,11,11,9,12,9,13,11,12,12,10,10,9,8,10,7,11]"
CSI_DATA,1108,1a:00:00:00:00:00,-72,11,0,0,0,0,0,0,0,0,0,-91,0,1,0,210607629,0,31,0,128,0,"[0,0,3,-13,3,-13,2,-15,2,-14,2,-12,0,-10,-2,-9,-3,-10,-1,-10,1,-9,0,-8,-2,-6,-4,-4,-6,-5,-6,-5,-6,-6,-5,-6,-6,-6,-8,-6,-8,-5,-8,-4,-10,-2,-11,0,-11,-1,-12,-3,-13,-4,0,0,0,0,0,0,0,0,0,0,0,0,0,0,0,0,0,0,0,0,0,0,-3,-8,-2,-9,-1,-11,0,-12,1,-13,3,-13,4,-14,5,-15,6,-14,7,-14,8,-13,8,-13,7,-13,7,-14,7,-14,8,-14,9,-14,8,-13,7,-14,6,-14,6,-13,6,-13,6,-14,6,-15,5,-16,5,-16]"
CSI_DATA,1109,1a:00:00:00:00:00,-72,11,0,0,0,0,0,0,0,0,0,-91,0,1,0,210808759,0,31,0,128,0,"[0,0,16,2,16,2,14,1,12,1,11,0,10,0,9,0,9,-1,9,-1,8,-2,6,-2,6,-4,6,-5,5,-5,4,-5,3,-6,3,-6,3,-8,4,-10,3,-10,2,-10,2,-11,2,-11,2,-11,2,-12,3,-13,0,0,0,0,0,0,0,0,0,0,0,0,0,0,0,0,0,0,0,0,0,0,7,-2,8,-2,10,0,11,1,12,1,13,3,13,4,13,6,14,6,14,7,14,8,14,8,14,8,13,7,13,7,13,7,13,7,13,6,13,5,13,7,14,7,15,5,16,4,15,4,14,4,14,6]"
[0;32mI (211158) ftm_responder: Counter = 211[0m
CSI_DATA,1110,1a:00:00:00:00:00,-72,11,0,0,0,0,0,0,0,0,0,-91,0,1,0,211369943,0,42,0,128,0,"[0,0,-6,-13,-7,-13,-7,-12,-7,-12,-7,-10,-8,-9,-7,-8,-7,-8,-8,-8,-7,-6,-7,-4,-8,-4,-7,-3,-7,-1,-8,-1,-9,-1,-10,0,-10,1,-10,1,-11,2,-12,3,-13,3,-13,3,-13,3,-14,3,-14,3,0,0,0,0,0,0,0,0,0,0,0,0,0,0,0,0,0,0,0,0,0,0,-8,-2,-8,-4,-9,-6,-9,-7,-9,-9,-9,-11,-8,-12,-8,-13,-7,-14,-7,-14,-7,-14,-7,-15,-6,-15,-6,-15,-5,-16,-6,-16,-6,-16,-6,-16,-6,-16,-7,-16,-8,-16,-8,-15,-9,-14,-9,-14,-9,-14,-7,-16]"
CSI_DATA,1111,1a:00:00:00:00:00,-73,11,0,0,0,0,0,0,0,0,0,-91,0,1,0,211450136,0,31,0,128,0,"[0,0,-6,-12,-7,-13,-7,-13,-6,-10,-6,-7,-6,-7,-6,-7,-6,-7,-7,-7,-7,-5,-6,-2,-8,-1,-10,-1,-9,0,-8,1,-8,2,-9,4,-11,5,-13,5,-14,6,-14,5,-15,5,-15,5,-15,3,-16,2,-17,1,0,0,0,0,0,0,0,0,0,0,0,0,0,0,0,0,0,0,0,0,0,0,-6,-3,-7,-4,-8,-6,-8,-8,-8,-10,-8,-11,-8,-12,-8,-12,-7,-13,-6,-14,-5,-15,-4,-15,-4,-15,-5,-15,-6,-15,-6,-14,-6,-16,-7,-16,-7,-15,-7,-13,-7,-13,-7,-14,-8,-14,-8,-14,-7,-15,-8,-14]"
CSI_DATA,1112,1a:00:00:00:00:00,-74,11,0,0,0,0,0,0,0,0,0,-91,0,1,0,211647641,0,31,0,128,0,"[0,0,5,6,4,7,3,7,4,5,3,4,3,4,4,3,5,2,5,1,4,-1,5,-2,5,-3,5,-4,5,-5,5,-6,5,-6,7,-2,10,-3,11,-4,11,-3,13,-5,16,-9,15,-10,13,-9,13,-8,15,-6,0,0,0,0,0,0,0,0,0,0,0,0,0,0,0,0,0,0,0,0,0,0,3,3,3,4,3,5,2,6,1,8,1,9,0,10,-1,11,-1,11,-2,11,-2,11,-3,11,-2,11,-2,10,-2,10,-1,11,0,11,1,11,1,10,2,11,1,10,2,10,3,11,3,11,2,10,2,10]"
CSI_DATA,1113,1a:00:00:00:00:00,-74,11,0,0,0,0,0,0,0,0,0,-91,0,1,0,211856270,0,31,0,128,0,"[0,0,-1,0,-1,1,-2,3,-3,5,-3,6,-2,6,-1,7,-2,8,-2,9,0,9,2,11,3,12,3,14,6,16,9,16,11,16,13,17,14,19,15,21,15,21,14,20,16,21,17,22,15,24,13,25,12,25,0,0,0,0,0,0,0,0,0,0,0,0,0,0,0,0,0,0,0,0,0,0,-3,-1,-2,-2,-1,-3,0,-3,1,-4,3,-3,3,-4,4,-5,4,-5,4,-4,4,-4,4,-5,4,-6,4,-7,3,-7,3,-6,3,-6,2,-6,2,-6,1,-6,1,-6,1,-5,-1,-3,-3,-5,-3,-5,-2,-3]"
CSI_DATA,1114,1a:00:00:00:00:00,-74,11,0,0,0,0,0,0,0,0,0,-91,0,1,0,212048306,0,31,0,128,0,"[0,0,2,0,3,-2,4,1,5,3,4,2,3,2,4,1,4,3,1,7,3,9,6,9,5,8,8,4,9,5,8,10,6,11,3,9,5,8,10,6,11,8,10,14,12,15,15,14,16,17,15,18,10,16,0,0,0,0,0,0,0,0,0,0,0,0,0,0,0,0,0,0,0,0,0,0,-2,1,-1,1,0,2,1,2,2,3,2,4,3,4,3,4,4,4,5,3,5,3,5,3,6,3,6,3,7,2,7,1,6,1,6,0,6,0,6,0,7,-1,7,-2,6,-2,4,-2,3,-2,3,-1]"
[0;32mI (212158) ftm_responder: Counter = 212[0m
CSI_DATA,1115,1a:00:00:00:00:00,-73,11,0,0,0,0,0,0,0,0,0,-91,0,1,0,212252040,0,31,0,128,0,"[0,0,1,1,3,0,-2,-1,-7,-4,-5,-8,-5,-9,-4,-9,-1,-6,-1,0,-1,1,-2,-3,-3,-7,-7,-13,-9,-18,-3,-20,0,-18,0,-19,1,-23,0,-20,-1,-22,0,-26,5,-23,10,-25,9,-30,9,-25,7,-20,0,0,0,0,0,0,0,0,0,0,0,0,0,0,0,0,0,0,0,0,0,0,3,-6,2,-6,0,-6,-1,-7,-2,-8,-2,-9,-1,-10,-3,-11,-4,-11,-5,-10,-6,-10,-6,-11,-7,-10,-8,-9,-10,-8,-12,-8,-11,-8,-10,-10,-11,-11,-12,-10,-11,-8,-10,-3,-8,0,-6,-2,-7,-4,-10,-2]"
CSI_DATA,1116,1a:00:00:00:00:00,-73,11,0,0,0,0,0,0,0,0,0,-91,0,1,0,212450039,0,31,0,128,0,"[0,0,-5,8,-4,5,-5,6,-6,8,-5,8,-5,8,-6,7,-5,8,-5,8,-6,8,-7,9,-7,10,-8,9,-9,10,-9,11,-10,12,-12,12,-13,13,-13,15,-13,14,-15,14,-16,14,-16,15,-15,15,-17,14,-18,13,0,0,0,0,0,0,0,0,0,0,0,0,0,0,0,0,0,0,0,0,0,0,-8,-2,-8,-1,-8,0,-9,1,-10,1,-10,2,-11,3,-11,4,-12,4,-12,5,-11,6,-10,8,-9,8,-9,8,-9,8,-9,7,-8,7,-7,8,-6,9,-5,10,-6,9,-6,8,-5,10,-4,11,-5,11,-6,11]"
CSI_DATA,1117,1a:00:00:00:00:00,-74,11,0,0,0,0,0,0,0,0,0,-91,0,1,0,212656369,0,31,0,128,0,"[0,0,10,-1,12,1,9,0,6,-1,5,-2,5,-2,5,0,6,1,6,3,6,4,7,3,8,4,8,5,11,6,14,5,13,3,13,3,14,6,14,7,15,6,18,6,18,7,17,7,18,8,17,11,16,13,0,0,0,0,0,0,0,0,0,0,0,0,0,0,0,0,0,0,0,0,0,0,-4,7,-3,7,-2,7,-1,8,0,8,1,9,2,10,4,10,4,10,4,9,4,8,5,9,6,8,8,6,8,6,6,7,4,6,6,5,11,5,13,5,12,3,10,2,8,-1,7,-3,7,-1,8,1]"
CSI_DATA,1118,1a:00:00:00:00:00,-73,11,0,0,0,0,0,0,0,0,0,-91,0,1,0,212852354,0,31,0,128,0,"[0,0,-12,-6,-10,-5,-8,-5,-6,-6,-6,-6,-5,-6,-5,-5,-5,-6,-5,-7,-4,-7,-4,-8,-4,-9,-6,-10,-5,-12,-5,-13,-5,-13,-5,-15,-5,-15,-4,-16,-3,-17,-2,-18,-1,-19,0,-19,2,-19,2,-20,2,-20,0,0,0,0,0,0,0,0,0,0,0,0,0,0,0,0,0,0,0,0,0,0,0,-8,0,-8,-1,-8,-3,-9,-3,-10,-4,-11,-5,-11,-5,-11,-5,-11,-5,-11,-6,-10,-7,-10,-7,-10,-7,-10,-8,-11,-10,-9,-10,-8,-9,-8,-10,-8,-9,-6,-9,-6,-10,-7,-10,-6,-9,-5,-9,-4,-10,-4]"
CSI_DATA,1119,1a:00:00:00:00:00,-73,11,0,0,0,0,0,0,0,0,0,-91,0,1,0,212913178,0,42,0,128,0,"[0,0,-10,-7,-8,-6,-8,-5,-7,-5,-6,-6,-6,-7,-6,-7,-7,-7,-7,-7,-6,-7,-7,-8,-8,-9,-7,-10,-6,-10,-6,-12,-7,-13,-7,-14,-7,-16,-9,-17,-9,-18,-8,-19,-7,-20,-6,-21,-6,-21,-5,-21,-4,-21,0,0,0,0,0,0,0,0,0,0,0,0,0,0,0,0,0,0,0,0,0,0,4,-8,3,-9,1,-9,0,-9,0,-9,0,-11,-1,-12,-2,-12,-3,-12,-3,-12,-4,-12,-4,-11,-5,-12,-5,-12,-6,-11,-8,-11,-9,-11,-9,-10,-10,-9,-11,-8,-10,-8,-9,-6,-10,-6,-11,-7,-11,-7,-10,-7]"
CSI_DATA,1120,1a:00:00:00:00:00,-73,11,0,0,0,0,0,0,0,0,0,-91,0,1,0,212986349,0,31,0,128,0,"[0,0,-10,-6,-11,-7,-10,-7,-8,-7,-8,-4,-8,-3,-7,-6,-7,-9,-6,-9,-6,-9,-6,-9,-4,-8,-6,-7,-10,-8,-10,-11,-9,-13,-10,-13,-12,-13,-12,-14,-10,-16,-9,-19,-8,-21,-9,-20,-10,-20,-9,-21,-7,-21,0,0,0,0,0,0,0,0,0,0,0,0,0,0,0,0,0,0,0,0,0,0,5,-8,3,-8,2,-9,1,-10,1,-11,0,-12,-1,-12,-1,-13,-2,-13,-3,-13,-4,-13,-4,-13,-6,-13,-7,-12,-6,-11,-7,-10,-9,-9,-9,-9,-9,-9,-11,-8,-11,-7,-11,-7,-11,-7,-10,-7,-10,-6,-10,-6]"
[0;32mI (213158) ftm_responder: Counter = 213[0m
CSI_DATA,1121,1a:00:00:00:00:00,-74,11,0,0,0,0,0,0,0,0,0,-91,0,1,0,213183587,0,31,0,128,0,"[0,0,-4,10,-3,9,-2,8,-3,8,-3,8,-3,8,-3,8,-4,7,-5,6,-6,7,-6,7,-7,8,-9,9,-10,9,-9,10,-9,11,-9,11,-10,10,-14,13,-19,14,-22,12,-19,12,-17,9,-20,6,-21,7,-18,7,0,0,0,0,0,0,0,0,0,0,0,0,0,0,0,0,0,0,0,0,0,0,-8,-2,-7,-1,-7,0,-8,1,-8,2,-9,3,-10,4,-9,5,-9,5,-9,6,-10,5,-9,5,-7,6,-7,7,-7,7,-6,9,-5,10,-5,10,-5,10,-5,10,-4,9,-4,9,-4,10,-2,10,-2,11,-4,12]"
CSI_DATA,1122,1a:00:00:00:00:00,-73,11,0,0,0,0,0,0,0,0,0,-91,0,1,0,213382367,0,31,0,128,0,"[0,0,-5,10,-4,9,-3,8,-4,7,-5,7,-7,7,-6,6,-6,6,-6,6,-6,6,-6,6,-7,7,-9,8,-10,9,-11,9,-11,9,-12,9,-14,9,-15,9,-16,9,-17,9,-17,9,-18,9,-20,9,-21,8,-22,7,0,0,0,0,0,0,0,0,0,0,0,0,0,0,0,0,0,0,0,0,0,0,-8,-3,-8,-3,-9,-1,-9,0,-10,1,-10,2,-10,3,-11,4,-12,5,-11,5,-10,5,-10,6,-10,7,-9,8,-8,9,-7,9,-7,9,-5,11,-5,11,-5,11,-4,11,-3,11,-4,10,-3,10,-3,10,-4,9]"
CSI_DATA,1123,1a:00:00:00:00:00,-73,11,0,0,0,0,0,0,0,0,0,-91,0,1,0,213597428,0,31,0,128,0,"[0,0,1,8,1,9,0,10,-2,10,-4,9,-2,8,0,8,1,8,-1,9,0,9,0,8,-1,8,-2,9,-3,10,-4,12,-5,13,-5,13,-6,14,-6,14,-7,14,-8,14,-9,16,-10,16,-10,15,-11,15,-13,15,0,0,0,0,0,0,0,0,0,0,0,0,0,0,0,0,0,0,0,0,0,0,-8,2,-7,2,-7,4,-5,5,-4,5,-6,5,-8,5,-8,6,-6,8,-6,10,-6,11,-5,11,-2,10,-1,11,-1,12,-1,12,-1,10,0,9,-1,9,-3,10,-3,11,-1,9,1,9,3,11,4,12,5,13]"
CSI_DATA,1124,1a:00:00:00:00:00,-72,11,0,0,0,0,0,0,0,0,0,-91,0,1,0,213785735,0,31,0,128,0,"[0,0,-5,-12,-10,-12,-8,-12,-3,-14,-4,-15,-6,-14,-3,-12,-2,-13,-5,-10,-5,-6,0,-9,6,-15,6,-18,1,-18,-1,-14,1,-14,3,-14,1,-15,2,-19,6,-19,7,-21,5,-22,6,-18,9,-18,13,-19,19,-17,0,0,0,0,0,0,0,0,0,0,0,0,0,0,0,0,0,0,0,0,0,0,8,-5,7,-6,6,-6,5,-7,5,-9,4,-10,4,-11,5,-11,4,-12,3,-13,2,-13,2,-13,2,-14,1,-14,1,-14,0,-13,-1,-14,-3,-15,-3,-14,-3,-14,-5,-16,-7,-18,-8,-18,-8,-17,-5,-16,-1,-11]"
CSI_DATA,1125,1a:00:00:00:00:00,-73,11,0,0,0,0,0,0,0,0,0,-91,0,1,0,213985839,0,31,0,128,0,"[0,0,7,2,8,4,10,4,10,3,8,3,6,3,6,4,7,5,7,5,8,5,8,5,9,4,9,5,10,6,12,8,12,9,12,9,12,10,12,11,14,13,14,14,12,15,10,16,11,16,10,16,9,16,0,0,0,0,0,0,0,0,0,0,0,0,0,0,0,0,0,0,0,0,0,0,-2,7,-2,8,0,8,1,9,3,9,3,9,4,9,4,9,5,9,6,10,7,10,7,10,7,10,8,9,8,7,8,5,9,5,11,6,12,6,11,6,10,6,11,6,12,5,10,2,8,0,10,0]"
[0;32mI (214158) ftm_responder: Counter = 214[0m
CSI_DATA,1126,1a:00:00:00:00:00,-72,11,0,0,0,0,0,0,0,0,0,-91,0,1,0,214187131,0,31,0,128,0,"[0,0,-10,-1,-11,-2,-11,-3,-10,-4,-8,-5,-7,-5,-8,-4,-10,-3,-9,-5,-8,-5,-9,-6,-9,-7,-8,-8,-9,-8,-11,-7,-13,-9,-14,-10,-12,-10,-12,-11,-15,-12,-15,-13,-15,-13,-14,-16,-13,-17,-12,-17,-12,-17,0,0,0,0,0,0,0,0,0,0,0,0,0,0,0,0,0,0,0,0,0,0,1,-9,-1,-9,-2,-9,-3,-9,-4,-9,-6,-10,-6,-10,-7,-10,-7,-10,-8,-10,-7,-9,-8,-9,-9,-10,-9,-8,-9,-6,-10,-5,-11,-6,-12,-6,-13,-5,-13,-3,-12,-2,-12,-1,-14,-1,-14,-2,-13,-2,-12,-2]"
CSI_DATA,1127,1a:00:00:00:00:00,-73,11,0,0,0,0,0,0,0,0,0,-91,0,1,0,214388418,0,31,0,128,0,"[0,0,-11,3,-11,2,-10,1,-10,1,-8,0,-8,-1,-9,-1,-8,0,-8,0,-8,0,-9,-1,-9,-2,-9,-2,-10,-2,-11,-3,-13,-4,-14,-5,-15,-6,-16,-6,-16,-7,-16,-8,-15,-8,-15,-9,-15,-10,-14,-11,-14,-13,0,0,0,0,0,0,0,0,0,0,0,0,0,0,0,0,0,0,0,0,0,0,-6,-8,-6,-7,-7,-7,-8,-6,-9,-6,-11,-6,-12,-6,-12,-5,-12,-5,-13,-5,-13,-4,-13,-4,-13,-2,-13,0,-14,1,-15,0,-13,1,-13,1,-14,3,-15,4,-15,3,-14,3,-13,4,-12,4,-12,4,-11,4]"
CSI_DATA,1128,1a:00:00:00:00:00,-73,11,0,0,0,0,0,0,0,0,0,-91,0,1,0,214449224,0,42,0,128,0,"[0,0,9,4,10,3,9,4,8,4,6,3,6,3,5,3,5,3,6,4,7,4,7,5,7,6,7,7,7,7,8,8,9,9,9,10,9,12,8,13,7,15,6,16,7,16,6,16,4,16,4,17,3,17,0,0,0,0,0,0,0,0,0,0,0,0,0,0,0,0,0,0,0,0,0,0,0,9,1,9,1,9,2,9,3,9,4,10,5,10,6,10,7,11,7,11,7,10,8,10,9,9,10,8,10,7,10,6,10,7,11,6,11,5,12,4,13,4,13,3,13,2,11,2,12,2,12,3]"
CSI_DATA,1129,1a:00:00:00:00:00,-72,11,0,0,0,0,0,0,0,0,0,-91,0,1,0,214518438,0,31,0,128,0,"[0,0,-3,10,-1,9,-1,7,-1,7,-3,7,-3,7,-3,6,-5,5,-5,7,-5,6,-6,4,-6,4,-6,6,-8,7,-10,7,-10,8,-11,8,-13,8,-14,7,-15,7,-15,7,-16,7,-18,6,-17,4,-17,2,-18,2,0,0,0,0,0,0,0,0,0,0,0,0,0,0,0,0,0,0,0,0,0,0,-8,4,-8,6,-7,7,-7,7,-7,8,-6,9,-6,10,-6,11,-6,11,-6,11,-6,11,-5,11,-5,11,-4,11,-3,12,-2,12,-2,12,-2,12,-2,12,-1,12,-1,12,0,13,0,13,1,11,2,10,1,10]"
CSI_DATA,1130,1a:00:00:00:00:00,-71,11,0,0,0,0,0,0,0,0,0,-91,0,1,0,214719933,0,31,0,128,0,"[0,0,8,6,6,6,5,5,6,5,6,5,6,5,5,5,5,5,4,6,5,7,6,7,7,7,7,7,7,7,6,8,6,9,6,10,5,11,7,14,7,17,6,16,9,14,9,11,7,14,5,18,0,17,0,0,0,0,0,0,0,0,0,0,0,0,0,0,0,0,0,0,0,0,0,0,-6,6,-5,6,-5,7,-4,8,-3,8,-2,10,-2,10,-2,11,-2,11,-1,11,0,11,1,11,3,10,4,9,4,10,5,10,5,10,6,9,8,9,8,9,8,8,8,8,8,7,7,6,6,4,7,3]"
CSI_DATA,1131,1a:00:00:00:00:00,-71,11,0,0,0,0,0,0,0,0,0,-91,0,1,0,214920121,0,31,0,128,0,"[0,0,9,0,8,-1,7,-2,8,-2,7,-1,5,-2,5,-3,7,-2,9,1,11,2,10,-1,9,-1,9,1,12,1,13,-3,13,-5,12,-3,12,-3,15,-2,20,2,24,3,20,7,14,11,16,6,15,2,10,3,0,0,0,0,0,0,0,0,0,0,0,0,0,0,0,0,0,0,0,0,0,0,-2,8,-1,8,0,9,2,8,4,7,4,8,5,9,6,10,6,9,6,9,7,8,8,7,8,6,9,5,10,4,9,4,9,4,10,3,10,3,11,3,11,2,11,2,10,0,10,-1,10,-1,11,0]"
CSI_DATA,1132,1a:00:00:00:00:00,-72,11,0,0,0,0,0,0,0,0,0,-91,0,1,0,215120948,0,31,0,128,0,"[0,0,5,-9,2,-10,2,-11,4,-10,5,-9,7,-8,6,-7,6,-7,7,-7,7,-7,6,-8,7,-11,9,-11,11,-9,11,-9,11,-10,13,-11,15,-11,17,-11,18,-12,18,-11,17,-9,17,-8,18,-8,20,-7,21,-6,0,0,0,0,0,0,0,0,0,0,0,0,0,0,0,0,0,0,0,0,0,0,9,3,9,2,10,2,11,0,12,-1,12,-1,12,-1,13,-2,13,-4,12,-4,11,-5,11,-7,10,-8,8,-8,8,-8,8,-9,8,-10,8,-12,8,-12,7,-11,5,-11,5,-11,6,-12,7,-14,7,-15,5,-15]"
[0;32mI (215158) ftm_responder: Counter = 215[0m
CSI_DATA,1133,1a:00:00:00:00:00,-72,11,0,0,0,0,0,0,0,0,0,-91,0,1,0,215321163,0,31,0,128,0,"[0,0,11,4,7,1,4,1,3,6,3,8,2,7,4,3,5,1,4,3,5,3,8,4,8,6,3,5,-2,8,-1,10,1,8,4,10,6,14,3,16,2,16,4,16,5,14,7,17,6,21,3,19,3,16,0,0,0,0,0,0,0,0,0,0,0,0,0,0,0,0,0,0,0,0,0,0,-5,5,-4,6,-3,7,-2,7,-1,8,-1,8,0,9,0,10,1,10,1,10,2,10,2,9,2,8,3,8,4,8,5,8,5,7,5,7,5,7,6,5,8,5,8,5,8,3,8,2,8,5,8,6]"
CSI_DATA,1134,1a:00:00:00:00:00,-73,11,0,0,0,0,0,0,0,0,0,-91,0,1,0,215526378,0,31,0,128,0,"[0,0,-12,-7,-11,-4,-8,-3,-7,-6,-8,-5,-8,-1,-9,-3,-8,-7,-8,-7,-10,-6,-9,-4,-8,-2,-10,-2,-10,-3,-9,-5,-11,-4,-13,-6,-16,-7,-16,-7,-15,-6,-16,-7,-16,-8,-14,-6,-13,-7,-13,-10,-12,-14,0,0,0,0,0,0,0,0,0,0,0,0,0,0,0,0,0,0,0,0,0,0,1,-8,0,-8,-1,-8,-2,-7,-4,-7,-4,-7,-5,-7,-5,-7,-5,-7,-6,-7,-6,-6,-7,-6,-8,-6,-8,-5,-7,-5,-7,-5,-7,-5,-8,-4,-7,-4,-7,-3,-8,-2,-9,-2,-9,-4,-8,-4,-6,-2,-7,2]"
CSI_DATA,1135,1a:00:00:00:00:00,-73,11,0,0,0,0,0,0,0,0,0,-91,0,1,0,215723614,0,31,0,128,0,"[0,0,8,-6,8,-4,8,-4,8,-4,8,-2,8,-1,8,-2,7,-4,9,-4,9,-4,9,-3,11,-2,13,-3,13,-4,13,-5,13,-5,14,-4,15,-3,17,-4,17,-5,16,-4,17,-4,18,-3,19,-1,20,0,20,1,0,0,0,0,0,0,0,0,0,0,0,0,0,0,0,0,0,0,0,0,0,0,3,7,4,7,5,6,5,5,6,4,6,4,7,4,8,3,8,3,8,2,8,0,8,0,9,0,10,-1,10,-2,9,-2,9,-4,10,-4,11,-3,10,-4,9,-4,7,-5,7,-5,8,-5,8,-5,7,-6]"
CSI_DATA,1136,1a:00:00:00:00:00,-73,11,0,0,0,0,0,0,0,0,0,-91,0,1,0,215924774,0,31,0,128,0,"[0,0,5,-9,5,-7,5,-6,7,-6,7,-8,7,-8,6,-6,6,-5,9,-5,10,-7,8,-8,8,-8,11,-10,12,-10,13,-9,14,-9,14,-10,15,-9,16,-8,18,-7,17,-8,16,-9,16,-8,17,-6,19,-4,18,-3,0,0,0,0,0,0,0,0,0,0,0,0,0,0,0,0,0,0,0,0,0,0,5,5,6,5,6,4,7,3,7,2,8,1,9,1,9,0,9,-1,9,-2,8,-3,8,-3,9,-4,9,-5,8,-7,8,-6,8,-5,8,-5,8,-5,7,-6,6,-7,6,-8,6,-8,6,-9,6,-9,6,-9]"
CSI_DATA,1137,1a:00:00:00:00:00,-73,11,0,0,0,0,0,0,0,0,0,-91,0,1,0,215985725,0,42,0,128,0,"[0,0,-7,-7,-7,-8,-8,-9,-7,-8,-5,-7,-6,-7,-8,-6,-9,-4,-8,-6,-9,-10,-10,-13,-7,-12,-5,-11,-5,-12,-8,-13,-9,-12,-10,-12,-12,-14,-11,-16,-9,-14,-9,-13,-10,-16,-10,-15,-8,-12,-8,-15,-8,-19,0,0,0,0,0,0,0,0,0,0,0,0,0,0,0,0,0,0,0,0,0,0,6,-6,5,-7,3,-7,2,-8,2,-9,1,-10,1,-10,0,-10,0,-11,-1,-10,-1,-10,-2,-10,-4,-10,-5,-10,-5,-9,-6,-9,-6,-9,-7,-8,-7,-7,-7,-8,-8,-8,-10,-6,-9,-6,-8,-7,-9,-7,-8,-6]"
CSI_DATA,1138,1a:00:00:00:00:00,-73,11,0,0,0,0,0,0,0,0,0,-91,0,1,0,216054414,0,31,0,128,0,"[0,0,-12,0,-11,0,-12,-1,-11,-2,-10,-2,-11,-4,-10,-5,-9,-5,-9,-4,-10,-5,-10,-5,-11,-5,-12,-6,-13,-6,-14,-6,-15,-7,-15,-9,-15,-11,-16,-12,-17,-12,-15,-12,-14,-13,-15,-16,-15,-15,-15,-14,-16,-16,0,0,0,0,0,0,0,0,0,0,0,0,0,0,0,0,0,0,0,0,0,0,0,-10,-1,-9,-2,-9,-3,-9,-5,-9,-6,-8,-7,-8,-7,-9,-7,-8,-7,-8,-8,-8,-9,-7,-10,-6,-10,-6,-10,-5,-10,-4,-11,-3,-11,-3,-11,-2,-11,-2,-12,-2,-11,-1,-11,-1,-12,-1,-12,-1,-11,-1]"
[0;32mI (216158) ftm_responder: Counter = 216[0m
CSI_DATA,1139,1a:00:00:00:00:00,-72,11,0,0,0,0,0,0,0,0,0,-91,0,1,0,216255982,0,31,0,128,0,"[0,0,7,-6,7,-6,7,-6,8,-5,8,-5,8,-4,8,-4,8,-3,9,-3,9,-4,9,-4,9,-5,10,-5,12,-5,13,-5,14,-5,14,-6,15,-5,14,-4,13,-6,13,-5,14,-2,15,-1,16,-3,15,-2,15,1,0,0,0,0,0,0,0,0,0,0,0,0,0,0,0,0,0,0,0,0,0,0,6,5,7,4,7,3,7,2,7,1,8,0,8,0,9,0,9,-1,9,-2,9,-3,9,-3,8,-4,8,-5,7,-6,7,-6,7,-6,7,-7,6,-8,7,-8,7,-8,6,-7,6,-7,6,-7,7,-8,7,-7]"
CSI_DATA,1140,1a:00:00:00:00:00,-73,11,0,0,0,0,0,0,0,0,0,-91,0,1,0,216454557,0,31,0,128,0,"[0,0,-8,7,-9,7,-9,6,-6,5,-6,3,-9,2,-9,2,-6,2,-7,3,-8,4,-10,4,-9,6,-9,7,-12,7,-15,7,-16,7,-16,7,-16,5,-18,3,-19,3,-20,5,-21,5,-20,3,-21,1,-22,-1,-21,1,0,0,0,0,0,0,0,0,0,0,0,0,0,0,0,0,0,0,0,0,0,0,-9,-4,-9,-3,-9,-2,-9,-1,-9,0,-9,0,-10,1,-10,2,-11,3,-11,3,-10,4,-10,5,-10,6,-9,6,-9,7,-9,7,-9,6,-8,7,-7,8,-6,9,-7,8,-8,7,-8,8,-9,9,-8,9,-8,9]"
CSI_DATA,1141,1a:00:00:00:00:00,-74,11,0,0,0,0,0,0,0,0,0,-91,0,1,0,216661737,0,31,0,128,0,"[0,0,7,5,7,4,8,4,8,4,8,4,7,5,5,7,6,8,6,8,6,7,7,8,9,9,9,11,9,10,8,9,8,10,9,14,9,19,9,19,9,18,5,22,5,24,8,23,6,21,5,19,8,20,0,0,0,0,0,0,0,0,0,0,0,0,0,0,0,0,0,0,0,0,0,0,0,10,1,10,2,10,3,9,4,9,4,9,5,10,6,10,6,9,6,8,6,8,7,8,8,7,8,7,8,7,10,6,9,5,9,3,8,2,8,1,11,2,11,2,10,2,10,3,9,4,9,3]"
CSI_DATA,1142,1a:00:00:00:00:00,-73,11,0,0,0,0,0,0,0,0,0,-91,0,1,0,216857011,0,31,0,128,0,"[0,0,-12,2,-10,5,-6,5,-4,4,-5,2,-8,0,-8,-2,-8,-4,-9,-3,-11,-1,-11,1,-11,2,-10,-3,-11,-5,-11,-3,-11,-4,-13,-7,-14,-9,-13,-11,-12,-12,-14,-11,-14,-12,-13,-14,-9,-12,-6,-12,-9,-14,0,0,0,0,0,0,0,0,0,0,0,0,0,0,0,0,0,0,0,0,0,0,-8,2,-7,2,-7,3,-6,3,-6,3,-7,4,-7,4,-7,4,-7,4,-7,4,-8,4,-8,5,-7,5,-6,5,-6,6,-5,6,-6,5,-7,4,-8,5,-6,6,-5,7,-5,8,-6,9,-6,7,-4,6,-4,7]"
CSI_DATA,1143,1a:00:00:00:00:00,-72,11,0,0,0,0,0,0,0,0,0,-91,0,1,0,217060611,0,31,0,128,0,"[0,0,-8,-2,-4,-2,-7,2,-7,5,-6,3,-5,0,-6,-4,-4,-8,-3,-7,-6,-7,-11,-8,-14,-8,-9,-8,-6,-7,-9,-4,-13,-3,-15,-4,-14,-4,-18,-6,-21,-8,-18,-10,-16,-10,-15,-10,-14,-10,-14,-9,-15,-9,0,0,0,0,0,0,0,0,0,0,0,0,0,0,0,0,0,0,0,0,0,0,-7,-5,-7,-5,-8,-4,-8,-4,-9,-4,-9,-3,-9,-3,-10,-2,-10,-2,-10,-1,-11,-2,-11,-1,-11,0,-9,0,-9,1,-11,2,-11,3,-11,4,-10,4,-11,2,-12,1,-11,1,-10,3,-10,2,-11,0,-15,3]"
[0;32mI (217158) ftm_responder: Counter = 217[0m
CSI_DATA,1144,1a:00:00:00:00:00,-72,11,0,0,0,0,0,0,0,0,0,-91,0,1,0,217259468,0,31,0,128,0,"[0,0,2,-8,3,-9,4,-10,4,-9,4,-8,4,-7,5,-8,5,-9,4,-9,3,-8,4,-8,4,-10,3,-11,3,-10,6,-12,9,-14,10,-14,8,-14,7,-15,9,-14,10,-13,9,-14,9,-15,11,-14,13,-14,15,-14,0,0,0,0,0,0,0,0,0,0,0,0,0,0,0,0,0,0,0,0,0,0,7,-2,7,-2,7,-3,7,-4,7,-6,7,-6,7,-6,7,-6,7,-7,7,-8,7,-8,7,-9,6,-9,5,-9,5,-10,4,-10,3,-11,3,-10,2,-10,1,-10,0,-10,1,-10,3,-10,3,-10,3,-12,1,-11]"
CSI_DATA,1145,1a:00:00:00:00:00,-74,11,0,0,0,0,0,0,0,0,0,-91,0,1,0,217460585,0,31,0,128,0,"[0,0,2,-7,0,-8,0,-9,1,-7,1,-5,3,-3,5,-4,4,-4,3,-4,4,-3,5,-1,6,0,7,0,7,-1,7,-2,9,-1,11,2,13,3,14,3,13,4,14,5,16,6,14,8,12,9,13,10,15,9,0,0,0,0,0,0,0,0,0,0,0,0,0,0,0,0,0,0,0,0,0,0,7,-4,8,-5,8,-6,8,-7,8,-8,9,-9,9,-10,10,-11,10,-11,10,-11,10,-12,10,-11,9,-11,8,-11,8,-12,7,-13,5,-14,6,-13,7,-13,6,-13,5,-12,4,-12,4,-13,2,-13,2,-13,3,-12]"
CSI_DATA,1146,1a:00:00:00:00:00,-72,11,0,0,0,0,0,0,0,0,0,-91,0,1,0,217521857,0,42,0,128,0,"[0,0,10,1,9,3,9,3,8,2,6,2,5,2,4,2,6,4,9,6,10,5,13,4,13,5,8,6,5,8,8,11,10,13,11,15,10,18,4,21,2,21,6,19,5,19,1,18,1,17,3,17,5,19,0,0,0,0,0,0,0,0,0,0,0,0,0,0,0,0,0,0,0,0,0,0,-1,10,1,9,2,8,3,8,4,9,5,11,6,12,7,12,8,11,9,10,9,10,10,10,11,9,12,8,12,6,12,5,11,5,11,6,12,6,13,5,13,4,13,3,13,3,13,1,14,0,12,1]"
CSI_DATA,1147,1a:00:00:00:00:00,-73,11,0,0,0,0,0,0,0,0,0,-91,0,1,0,217588361,0,31,0,128,0,"[0,0,-3,0,0,1,0,1,-1,1,-2,2,-2,3,-2,4,-3,5,-3,6,-3,8,-3,9,-3,11,-2,13,0,13,0,13,1,14,-1,14,-5,16,-4,19,-1,17,-1,17,-3,19,-8,21,-8,19,-6,20,-8,24,0,0,0,0,0,0,0,0,0,0,0,0,0,0,0,0,0,0,0,0,0,0,3,-1,4,-2,5,-3,5,-3,6,-3,7,-4,7,-4,8,-4,8,-4,8,-4,7,-4,7,-4,7,-4,7,-5,7,-5,7,-5,7,-5,6,-5,5,-4,5,-4,5,-4,5,-4,4,-5,2,-5,1,-4,3,-3]"
CSI_DATA,1148,1a:00:00:00:00:00,-72,11,0,0,0,0,0,0,0,0,0,-91,0,1,0,217789412,0,31,0,128,0,"[0,0,-1,-2,-1,-1,-2,-2,-3,-2,-4,-1,-4,0,-4,1,-6,3,-8,4,-7,5,-6,7,-6,9,-6,10,-6,9,-7,11,-7,12,-6,13,-2,16,2,20,1,21,-1,20,-2,23,-5,25,-9,22,-8,20,-6,24,0,0,0,0,0,0,0,0,0,0,0,0,0,0,0,0,0,0,0,0,0,0,-2,0,-3,1,-3,2,-3,2,-3,3,-3,4,-3,5,-3,5,-3,5,-2,5,-1,6,-1,6,0,5,0,4,0,4,1,4,2,4,2,4,2,4,2,3,2,3,2,2,3,1,1,0,0,0,0,0]"
CSI_DATA,1149,1a:00:00:00:00:00,-75,11,0,0,0,0,0,0,0,0,0,-91,0,1,0,217992292,0,31,0,128,0,"[0,0,2,1,2,2,4,2,6,1,7,1,8,0,8,-1,9,0,11,0,10,-1,12,-2,14,-4,16,-5,18,-4,20,-3,22,-2,24,-4,25,-3,22,0,21,0,24,3,28,10,30,9,29,5,29,7,34,6,0,0,0,0,0,0,0,0,0,0,0,0,0,0,0,0,0,0,0,0,0,0,-2,0,-2,1,-3,2,-4,3,-4,4,-5,4,-6,3,-7,3,-8,3,-8,3,-8,3,-7,3,-7,3,-7,2,-7,2,-8,3,-7,3,-6,3,-5,2,-4,3,-3,4,-3,4,-4,4,-2,3,-1,3,0,2]"
[0;32mI (218158) ftm_responder: Counter = 218[0m
CSI_DATA,1150,1a:00:00:00:00:00,-74,11,0,0,0,0,0,0,0,0,0,-91,0,1,0,218193944,0,31,0,128,0,"[0,0,-3,-5,-2,-4,-3,-4,-5,-5,-6,-5,-6,-4,-7,-3,-10,-4,-12,-5,-13,-5,-14,-4,-15,0,-17,3,-20,4,-21,3,-21,4,-23,4,-24,3,-26,3,-27,3,-30,2,-31,1,-31,1,-31,1,-32,0,-34,-1,0,0,0,0,0,0,0,0,0,0,0,0,0,0,0,0,0,0,0,0,0,0,-2,1,-1,1,0,2,1,3,2,4,3,6,4,6,3,6,3,6,3,6,3,5,4,6,4,6,5,6,4,5,4,4,4,4,4,3,6,3,6,1,4,-1,3,-1,3,-1,4,-1,5,0,4,0]"
CSI_DATA,1151,1a:00:00:00:00:00,-73,11,0,0,0,0,0,0,0,0,0,-91,0,1,0,218393829,0,31,0,128,0,"[0,0,-1,0,-3,0,-2,-1,0,-2,-3,-4,-3,-9,0,-8,1,-6,-2,-6,-5,-8,-7,-10,-7,-11,-7,-10,-10,-10,-11,-11,-11,-13,-13,-16,-15,-16,-17,-14,-17,-15,-17,-18,-17,-19,-17,-19,-18,-17,-18,-16,-16,-16,0,0,0,0,0,0,0,0,0,0,0,0,0,0,0,0,0,0,0,0,0,0,-1,-1,-2,-1,-3,0,-5,0,-5,0,-6,0,-6,0,-6,0,-7,1,-7,2,-7,2,-7,1,-7,1,-6,2,-5,3,-4,3,-3,2,-1,3,-1,4,-1,5,1,3,-2,1,-3,1,-1,1,0,-2,2,-3]"
CSI_DATA,1152,1a:00:00:00:00:00,-74,11,0,0,0,0,0,0,0,0,0,-91,0,1,0,218594174,0,31,0,128,0,"[0,0,0,-3,2,-6,4,-6,5,-5,4,-5,4,-6,4,-10,3,-11,2,-12,1,-12,1,-12,2,-13,-1,-15,-3,-18,-3,-19,-3,-20,-3,-22,-3,-26,-4,-27,-6,-27,-6,-28,-4,-29,-2,-29,-1,-29,0,-30,1,-31,0,0,0,0,0,0,0,0,0,0,0,0,0,0,0,0,0,0,0,0,0,0,-2,-1,-2,0,-2,1,-3,2,-3,3,-3,4,-4,4,-5,4,-6,4,-6,4,-5,4,-5,5,-6,4,-5,3,-4,2,-3,2,-4,3,-4,4,-4,5,-4,5,-2,4,0,3,0,3,0,3,2,1,4,-1]"
CSI_DATA,1153,1a:00:00:00:00:00,-74,11,0,0,0,0,0,0,0,0,0,-91,0,1,0,218795510,0,31,0,128,0,"[0,0,-4,-4,-5,-5,-5,-6,-6,-5,-7,-5,-8,-3,-9,-3,-11,-3,-12,-2,-12,-1,-13,-1,-13,0,-14,2,-18,4,-21,4,-22,4,-24,4,-27,7,-29,9,-28,7,-27,5,-29,4,-30,3,-31,2,-31,2,-32,2,0,0,0,0,0,0,0,0,0,0,0,0,0,0,0,0,0,0,0,0,0,0,-1,-1,-1,1,0,2,1,2,3,2,4,3,3,4,4,4,3,5,3,5,3,5,4,5,4,5,5,5,5,6,3,5,3,4,2,2,3,1,5,2,4,1,2,-1,1,-2,0,-2,-1,-3,0,-4]"
CSI_DATA,1154,1a:00:00:00:00:00,-74,11,0,0,0,0,0,0,0,0,0,-91,0,1,0,218996625,0,31,0,128,0,"[0,0,-1,-3,-3,-6,-3,-7,-3,-6,-2,-6,-2,-8,-3,-10,-4,-10,-6,-11,-7,-10,-8,-11,-11,-10,-14,-10,-15,-10,-16,-11,-18,-12,-18,-12,-19,-13,-21,-15,-22,-17,-21,-17,-21,-17,-22,-18,-21,-19,-21,-21,-21,-22,0,0,0,0,0,0,0,0,0,0,0,0,0,0,0,0,0,0,0,0,0,0,-2,-1,-2,-1,-2,1,-2,2,-2,3,-2,4,-2,4,-2,4,-1,4,-1,5,0,5,-1,5,-2,6,-1,5,0,3,0,3,0,4,0,4,2,3,3,2,2,1,2,-1,2,-2,1,-2,1,-3,1,-3]"
CSI_DATA,1155,1a:00:00:00:00:00,-74,11,0,0,0,0,0,0,0,0,0,-91,0,1,0,219058549,0,42,0,128,0,"[0,0,0,2,2,3,4,4,5,5,6,6,7,6,7,5,9,4,11,3,12,2,12,2,13,1,15,-1,16,-2,18,-3,19,-3,20,-4,21,-4,23,-3,26,-3,28,-3,29,-3,28,-1,28,0,28,0,29,1,0,0,0,0,0,0,0,0,0,0,0,0,0,0,0,0,0,0,0,0,0,0,0,-1,0,-1,-1,-2,-2,-3,-3,-4,-3,-5,-4,-5,-4,-6,-3,-5,-3,-5,-3,-5,-4,-6,-4,-5,-4,-5,-4,-5,-5,-6,-5,-5,-5,-4,-4,-3,-3,-2,-3,-2,-2,-2,-1,-1,-1,0,-1,2,0,3]"
CSI_DATA,1156,1a:00:00:00:00:00,-72,11,0,0,0,0,0,0,0,0,0,-91,0,1,0,219130216,0,31,0,128,0,"[0,0,-3,-4,-3,-6,-3,-7,-5,-6,-6,-6,-5,-5,-5,-5,-9,-6,-12,-6,-13,-4,-13,-2,-14,0,-15,-1,-17,-3,-18,-3,-19,-2,-20,-4,-23,-5,-24,-4,-24,-4,-24,-8,-25,-10,-26,-10,-25,-12,-23,-12,-23,-11,0,0,0,0,0,0,0,0,0,0,0,0,0,0,0,0,0,0,0,0,0,0,-1,0,-1,1,0,1,0,2,1,2,1,3,2,4,2,4,3,4,4,3,4,2,2,3,1,6,4,4,6,0,7,1,6,3,4,3,2,1,2,2,3,2,3,1,1,0,0,-1,-1,-2,0,-2]"
[0;32mI (219158) ftm_responder: Counter = 219[0m
CSI_DATA,1157,1a:00:00:00:00:00,-74,11,0,0,0,0,0,0,0,0,0,-91,0,1,0,219332450,0,31,0,128,0,"[0,0,-6,-4,-11,-2,-9,-1,-6,0,-7,2,-8,4,-8,5,-8,6,-10,7,-11,8,-9,9,-8,12,-8,13,-10,15,-10,17,-10,18,-11,20,-12,22,-13,24,-14,25,-14,25,-15,25,-17,25,-18,24,-19,24,-20,24,0,0,0,0,0,0,0,0,0,0,0,0,0,0,0,0,0,0,0,0,0,0,0,2,0,1,1,0,3,0,4,1,5,1,5,0,5,0,5,0,5,0,6,-1,6,-1,6,0,5,0,4,-1,5,-1,6,-1,4,0,4,0,3,-1,1,-1,2,-1,2,-1,1,-1,0,0,-2,1]"
CSI_DATA,1158,1a:00:00:00:00:00,-74,11,0,0,0,0,0,0,0,0,0,-91,0,1,0,219532597,0,31,0,128,0,"[0,0,-1,4,-3,4,-4,5,-4,5,-4,5,-4,5,-3,6,-1,7,0,7,-2,8,-3,10,-2,12,0,14,1,15,1,17,-1,18,0,19,2,18,3,17,2,21,0,24,-1,23,-2,23,-4,24,-4,22,-2,19,0,0,0,0,0,0,0,0,0,0,0,0,0,0,0,0,0,0,0,0,0,0,1,1,2,0,2,-1,2,-2,2,-3,2,-3,2,-3,2,-3,3,-4,3,-4,3,-4,3,-3,3,-3,3,-3,2,-4,2,-5,0,-4,0,-4,0,-4,0,-3,1,-3,1,-1,0,0,-1,0,-2,-1,-3,-1]"
CSI_DATA,1159,1a:00:00:00:00:00,-74,11,0,0,0,0,0,0,0,0,0,-91,0,1,0,219733815,0,31,0,128,0,"[0,0,-1,2,-2,3,-3,3,-2,5,0,6,1,6,2,6,3,7,4,7,6,8,7,8,8,7,10,8,11,8,12,8,13,9,14,7,17,7,17,11,17,14,20,12,24,8,24,9,21,11,18,11,16,14,0,0,0,0,0,0,0,0,0,0,0,0,0,0,0,0,0,0,0,0,0,0,1,1,1,0,1,0,2,-1,2,-2,3,-3,3,-3,3,-3,3,-3,3,-3,3,-3,3,-4,3,-4,2,-4,1,-4,1,-4,1,-4,0,-4,1,-4,1,-3,0,-2,-1,-2,-1,-1,-1,0,-2,1,-3,1]"
CSI_DATA,1160,1a:00:00:00:00:00,-74,11,0,0,0,0,0,0,0,0,0,-91,0,1,0,219852753,0,28,0,128,0,"[0,0,-1,-2,0,-5,2,-7,2,-7,1,-6,1,-6,1,-7,0,-7,-1,-8,-2,-9,-3,-10,-4,-11,-5,-12,-8,-12,-10,-13,-11,-15,-13,-16,-14,-17,-14,-18,-14,-19,-14,-21,-13,-22,-12,-22,-12,-24,-11,-24,-11,-24,0,0,0,0,0,0,0,0,0,0,0,0,0,0,0,0,0,0,0,0,0,0,-2,-2,-2,-2,-3,-1,-3,1,-4,1,-5,1,-5,2,-5,2,-5,2,-5,2,-5,2,-5,3,-4,3,-4,3,-3,4,-3,4,-2,4,-2,5,-4,5,-4,5,-2,4,-2,2,-2,1,1,2,2,2,1,0]"
CSI_DATA,1161,1a:00:00:00:00:00,-74,11,0,0,0,0,0,0,0,0,0,-91,0,1,0,219933262,0,31,0,128,0,"[0,0,0,-3,-2,-4,-1,-3,0,3,2,7,3,7,5,7,7,7,9,7,7,7,7,7,9,6,11,7,14,7,15,7,16,8,18,9,19,10,20,11,20,12,22,12,24,12,25,14,24,14,21,14,19,15,0,0,0,0,0,0,0,0,0,0,0,0,0,0,0,0,0,0,0,0,0,0,2,0,1,0,1,-2,2,-3,2,-4,1,-5,2,-5,3,-4,2,-5,2,-6,3,-6,3,-6,2,-6,-1,-6,-2,-5,0,-6,0,-6,0,-5,0,-6,0,-5,0,-3,-1,-3,-2,0,-1,3,-1,-2,-1,-4]"
CSI_DATA,1162,1a:00:00:00:00:00,-73,11,0,0,0,0,0,0,0,0,0,-91,0,1,0,220134834,0,31,0,128,0,"[0,0,5,3,4,2,7,2,8,3,7,2,5,1,5,1,7,2,8,1,8,0,10,0,11,-2,11,-4,12,-6,13,-7,15,-8,18,-8,20,-9,20,-10,19,-11,19,-13,22,-12,25,-8,24,-6,24,-7,24,-8,0,0,0,0,0,0,0,0,0,0,0,0,0,0,0,0,0,0,0,0,0,0,1,-1,1,-2,1,-2,2,-3,1,-3,0,-4,0,-5,0,-5,0,-6,-1,-6,0,-6,1,-6,0,-6,-2,-5,-3,-4,-3,-5,-3,-6,-3,-4,-3,-1,-2,1,0,3,-1,2,0,-2,2,-3,3,0,5,1]"
[0;32mI (220158) ftm_responder: Counter = 220[0m
CSI_DATA,1163,1a:00:00:00:00:00,-75,11,0,0,0,0,0,0,0,0,0,-91,0,1,0,220336061,0,31,0,128,0,"[0,0,5,1,6,2,7,1,6,1,6,1,7,1,9,1,9,0,9,-1,8,-2,4,-6,4,-9,13,-8,19,-5,14,-5,13,-12,14,-19,11,-19,12,-15,14,-13,13,-15,14,-16,16,-18,16,-19,16,-18,18,-18,0,0,0,0,0,0,0,0,0,0,0,0,0,0,0,0,0,0,0,0,0,0,2,-1,2,-2,1,-3,1,-4,0,-4,-1,-4,0,-5,0,-6,-1,-6,-1,-6,0,-6,-1,-5,-2,-4,-3,-4,-3,-4,-3,-3,-4,-3,-3,-4,-3,-2,-2,0,-2,0,-1,-1,0,0,-1,0,-1,0,2,0]"
CSI_DATA,1164,1a:00:00:00:00:00,-74,11,0,0,0,0,0,0,0,0,0,-91,0,1,0,220536210,0,31,0,128,0,"[0,0,-4,-1,-6,-2,-5,-3,-6,-4,-9,-5,-11,-5,-11,-4,-10,-3,-11,-2,-13,-1,-13,0,-13,2,-13,3,-15,5,-16,6,-18,7,-20,8,-20,8,-21,8,-23,8,-25,9,-26,9,-25,8,-25,8,-27,7,-27,5,0,0,0,0,0,0,0,0,0,0,0,0,0,0,0,0,0,0,0,0,0,0,-4,-1,-4,-1,-4,0,-4,1,-3,2,-3,3,-4,4,-4,5,-3,5,-3,4,-2,4,-2,5,-2,5,-3,4,-3,3,-1,3,0,3,0,4,-2,2,-2,1,0,2,0,2,-2,1,-2,-1,-3,-1,-4,-1]"
CSI_DATA,1165,1a:00:00:00:00:00,-73,11,0,0,0,0,0,0,0,0,0,-91,0,1,0,220597147,0,42,0,128,0,"[0,0,-3,-4,-5,-5,-5,-4,-5,-5,-6,-5,-7,-5,-8,-5,-10,-4,-12,-4,-13,-3,-14,-3,-16,-2,-18,-2,-19,-1,-21,0,-23,1,-25,1,-28,0,-29,0,-30,1,-32,1,-32,0,-33,-1,-33,-3,-33,-5,-33,-5,0,0,0,0,0,0,0,0,0,0,0,0,0,0,0,0,0,0,0,0,0,0,-5,-2,-4,-1,-3,0,-4,1,-4,3,-4,3,-4,4,-3,5,-3,6,-3,6,-3,6,-2,6,-1,6,-1,5,-1,4,-1,6,-1,7,-1,6,-1,4,-1,4,0,4,-1,2,-2,1,-2,0,-1,0,-2,-1]"
CSI_DATA,1166,1a:00:00:00:00:00,-74,11,0,0,0,0,0,0,0,0,0,-91,0,1,0,220662458,0,31,0,128,0,"[0,0,-3,-1,-3,-1,-3,-2,-2,-4,-3,-5,-4,-6,-5,-6,-6,-7,-8,-8,-9,-8,-10,-7,-12,-8,-13,-8,-13,-8,-14,-7,-15,-7,-18,-8,-20,-8,-20,-8,-21,-9,-20,-9,-20,-9,-21,-11,-22,-12,-23,-13,-23,-15,0,0,0,0,0,0,0,0,0,0,0,0,0,0,0,0,0,0,0,0,0,0,-3,-4,-3,-2,-3,-1,-4,-1,-4,0,-5,1,-5,1,-5,1,-5,1,-5,1,-5,2,-5,2,-5,2,-4,3,-4,3,-3,3,-2,3,-3,2,-3,1,-2,1,-1,1,-2,1,-1,0,0,-1,0,0,-1,-1]"
CSI_DATA,1167,1a:00:00:00:00:00,-74,11,0,0,0,0,0,0,0,0,0,-91,0,1,0,220863781,0,31,0,128,0,"[0,0,1,1,2,2,2,3,3,3,4,4,5,4,5,3,6,2,6,3,7,3,9,3,11,2,13,2,14,1,15,0,16,-1,17,-2,21,-5,23,-6,21,-2,23,2,26,2,26,0,24,-1,23,-1,24,2,0,0,0,0,0,0,0,0,0,0,0,0,0,0,0,0,0,0,0,0,0,0,2,1,2,0,2,0,2,-1,3,-1,3,-2,4,-3,4,-3,4,-3,3,-4,3,-5,3,-5,3,-5,3,-6,4,-5,3,-4,2,-4,1,-4,1,-4,1,-4,0,-3,0,-2,-1,-1,-1,0,0,-1,0,-1]"
CSI_DATA,1168,1a:00:00:00:00:00,-74,11,0,0,0,0,0,0,0,0,0,-91,0,1,0,221065547,0,31,0,128,0,"[0,0,-2,-2,-3,-3,-4,-2,-5,-1,-7,-2,-7,-1,-7,-1,-7,-1,-9,0,-9,2,-8,3,-9,5,-12,8,-12,9,-12,10,-12,12,-12,16,-13,16,-17,13,-17,13,-15,14,-17,13,-20,13,-18,19,-17,21,-24,18,0,0,0,0,0,0,0,0,0,0,0,0,0,0,0,0,0,0,0,0,0,0,-3,-2,-3,-1,-4,0,-4,1,-3,2,-3,3,-4,3,-4,4,-4,4,-4,5,-3,5,-2,6,-2,6,-2,5,-2,5,-1,6,0,5,1,5,2,5,3,5,0,5,-1,4,0,2,0,1,0,3,0,2]"
[0;32mI (221158) ftm_responder: Counter = 221[0m
CSI_DATA,1169,1a:00:00:00:00:00,-75,11,0,0,0,0,0,0,0,0,0,-91,0,1,0,221263989,0,31,0,128,0,"[0,0,-1,-2,-3,-2,-3,0,-3,2,-6,2,-10,-2,-10,-5,-8,-3,-7,-1,-9,0,-12,1,-14,0,-15,2,-16,6,-16,9,-17,9,-19,9,-21,9,-22,10,-22,12,-24,11,-24,11,-23,11,-23,12,-23,12,-24,9,0,0,0,0,0,0,0,0,0,0,0,0,0,0,0,0,0,0,0,0,0,0,-3,-2,-4,-2,-4,-1,-4,0,-4,1,-5,1,-5,2,-6,3,-6,3,-6,4,-6,4,-6,4,-5,4,-4,5,-3,5,-2,4,-2,4,-1,5,-1,5,-1,3,0,3,-1,3,-1,2,0,1,0,1,1,-1]"
CSI_DATA,1170,1a:00:00:00:00:00,-73,11,0,0,0,0,0,0,0,0,0,-91,0,1,0,221466867,0,31,0,128,0,"[0,0,-5,-1,-1,0,1,-1,-2,-3,-7,-3,-7,-3,-6,-4,-7,-5,-8,-4,-10,-5,-11,-7,-11,-7,-12,-6,-14,-4,-15,-4,-16,-5,-17,-6,-19,-5,-20,-5,-21,-6,-23,-7,-24,-6,-26,-6,-27,-8,-25,-9,-22,-9,0,0,0,0,0,0,0,0,0,0,0,0,0,0,0,0,0,0,0,0,0,0,-2,-2,-2,-1,-3,0,-3,0,-4,0,-4,2,-4,3,-5,2,-5,2,-5,3,-4,4,-4,4,-4,3,-3,4,-2,4,-2,5,-2,5,-3,4,-4,3,-3,3,-2,4,-2,4,-2,2,-1,0,0,-1,0,-2]"
CSI_DATA,1171,1a:00:00:00:00:00,-75,11,0,0,0,0,0,0,0,0,0,-91,0,1,0,221666092,0,31,0,128,0,"[0,0,1,-3,-2,-4,-2,-5,-4,-5,-4,-3,0,-4,2,-4,-1,-4,-3,-6,-4,-8,-4,-9,-5,-10,-5,-13,-4,-14,-5,-14,-7,-15,-9,-18,-10,-20,-10,-21,-9,-20,-9,-18,-10,-16,-7,-18,-4,-22,-5,-24,-6,-25,0,0,0,0,0,0,0,0,0,0,0,0,0,0,0,0,0,0,0,0,0,0,-1,-2,-1,-2,-2,-2,-2,-2,-3,-2,-4,-2,-4,-1,-5,-1,-5,-1,-6,-1,-6,-2,-5,-1,-5,0,-4,1,-4,0,-4,1,-3,0,-3,-1,-4,-1,-6,0,-6,1,-3,1,-2,0,-2,-1,-2,-1,-2,-1]"
CSI_DATA,1172,1a:00:00:00:00:00,-74,11,0,0,0,0,0,0,0,0,0,-91,0,1,0,221867025,0,31,0,128,0,"[0,0,0,-3,1,-2,3,-2,5,-5,5,-7,5,-8,4,-9,4,-9,4,-8,3,-10,3,-12,2,-14,2,-16,1,-17,-1,-18,-1,-20,-1,-23,0,-25,2,-24,2,-24,2,-27,4,-29,6,-30,6,-30,7,-31,8,-31,0,0,0,0,0,0,0,0,0,0,0,0,0,0,0,0,0,0,0,0,0,0,-1,-4,-1,-3,-2,-3,-3,-2,-4,-2,-5,-3,-6,-3,-6,-3,-7,-3,-8,-3,-7,-2,-7,-3,-8,-2,-8,0,-7,2,-6,1,-6,2,-6,2,-7,2,-7,1,-7,1,-6,2,-4,2,-3,0,-3,-1,-3,0]"
CSI_DATA,1173,1a:00:00:00:00:00,-74,11,0,0,0,0,0,0,0,0,0,-91,0,1,0,222068225,0,31,0,128,0,"[0,0,-1,0,2,0,2,1,2,3,4,4,6,5,8,5,8,7,8,6,9,6,10,6,11,5,14,4,16,5,19,5,21,5,23,7,24,8,26,7,28,7,28,6,29,7,30,9,30,11,31,12,32,12,0,0,0,0,0,0,0,0,0,0,0,0,0,0,0,0,0,0,0,0,0,0,3,2,3,0,3,-1,4,-2,5,-2,5,-3,6,-3,6,-3,6,-4,6,-5,6,-5,6,-5,5,-6,4,-6,3,-5,3,-4,3,-5,3,-7,1,-8,-1,-6,-1,-5,1,-5,2,-3,0,-1,0,-1,3,0]"
CSI_DATA,1174,1a:00:00:00:00:00,-74,11,0,0,0,0,0,0,0,0,0,-91,0,1,0,222129264,0,42,0,128,0,"[0,0,1,-1,1,-3,2,-4,3,-4,3,-6,3,-6,4,-7,4,-8,4,-9,3,-10,2,-12,0,-14,-1,-15,0,-17,0,-19,0,-20,-1,-22,-2,-23,-1,-25,0,-26,1,-27,1,-28,0,-28,0,-29,2,-30,3,-28,0,0,0,0,0,0,0,0,0,0,0,0,0,0,0,0,0,0,0,0,0,0,1,-3,0,-3,-1,-4,-3,-3,-4,-3,-4,-4,-5,-4,-5,-5,-5,-5,-6,-4,-6,-3,-6,-3,-6,-2,-6,-3,-6,-3,-6,-3,-6,-2,-5,0,-4,0,-4,0,-5,-1,-4,-2,-3,-2,-2,-1,-1,-1,0,-2]"
[0;32mI (222158) ftm_responder: Counter = 222[0m
CSI_DATA,1175,1a:00:00:00:00:00,-74,11,0,0,0,0,0,0,0,0,0,-91,0,1,0,222202384,0,31,0,128,0,"[0,0,1,-3,3,-2,3,0,1,-2,1,-6,0,-6,0,-5,1,-6,0,-7,-1,-10,-2,-13,-5,-14,-5,-15,-4,-16,-4,-17,-5,-17,-7,-18,-7,-21,-9,-24,-10,-24,-10,-25,-9,-26,-8,-27,-6,-27,-5,-28,-6,-28,0,0,0,0,0,0,0,0,0,0,0,0,0,0,0,0,0,0,0,0,0,0,1,-2,1,-3,1,-3,0,-3,-1,-4,-3,-5,-3,-6,-3,-7,-2,-7,-4,-6,-5,-5,-4,-4,-4,-4,-4,-4,-5,-4,-6,-3,-6,-2,-5,-2,-4,-1,-4,-2,-4,0,-4,1,-3,-1,-2,-2,-1,-1,0,0]"
CSI_DATA,1176,1a:00:00:00:00:00,-73,11,0,0,0,0,0,0,0,0,0,-91,0,1,0,222399943,0,31,0,128,0,"[0,0,0,1,1,2,2,3,2,4,2,5,3,6,5,7,5,8,6,9,8,11,9,12,10,11,12,11,15,12,17,15,16,15,17,15,22,19,23,20,16,20,15,23,16,25,13,29,10,29,13,27,18,28,0,0,0,0,0,0,0,0,0,0,0,0,0,0,0,0,0,0,0,0,0,0,4,-1,3,-2,2,-3,1,-5,0,-6,0,-6,0,-5,1,-7,1,-8,0,-8,0,-8,0,-9,1,-9,1,-8,-1,-8,-1,-9,1,-8,1,-7,0,-8,-3,-8,-4,-5,-3,-3,-1,-5,-1,-5,-1,-2,-1,-1]"
CSI_DATA,1177,1a:00:00:00:00:00,-75,11,0,0,0,0,0,0,0,0,0,-91,0,1,0,222598509,0,31,0,128,0,"[0,0,-3,-2,-3,-3,-3,-4,-4,-4,-3,-6,-3,-6,-3,-7,-5,-8,-7,-8,-8,-8,-9,-6,-11,-5,-13,-6,-14,-6,-16,-6,-17,-6,-19,-7,-21,-7,-22,-7,-23,-8,-23,-9,-23,-9,-23,-9,-24,-10,-24,-11,-24,-12,0,0,0,0,0,0,0,0,0,0,0,0,0,0,0,0,0,0,0,0,0,0,-3,-2,-3,-2,-3,0,-4,1,-4,2,-4,2,-5,3,-5,3,-4,3,-4,3,-4,3,-5,4,-4,4,-3,4,-3,4,-3,3,-2,3,-2,4,-1,5,-1,5,-2,3,-4,2,-3,2,-2,0,-1,-1,0,0]"
CSI_DATA,1178,1a:00:00:00:00:00,-74,11,0,0,0,0,0,0,0,0,0,-91,0,1,0,222801949,0,31,0,128,0,"[0,0,0,3,0,4,-1,4,0,4,1,6,0,7,1,6,4,5,4,7,3,9,5,11,6,11,7,12,9,14,12,14,12,14,12,15,14,18,15,20,15,20,16,20,16,21,15,23,14,25,14,24,13,23,0,0,0,0,0,0,0,0,0,0,0,0,0,0,0,0,0,0,0,0,0,0,1,2,1,1,2,-1,3,-2,4,-3,5,-3,5,-3,5,-3,5,-3,5,-3,5,-3,5,-2,4,-3,3,-5,3,-6,3,-5,2,-4,2,-4,3,-6,3,-5,2,-4,1,-4,1,-4,0,-3,-1,-2,1,0]"
[0;32mI (223158) ftm_responder: Counter = 223[0m
CSI_DATA,1179,1a:00:00:00:00:00,-75,11,0,0,0,0,0,0,0,0,0,-91,0,1,0,223201869,0,31,0,128,0,"[0,0,4,-8,6,-7,5,-7,4,-7,6,-5,6,-4,2,-5,-1,-5,0,-7,3,-12,2,-13,-2,-10,2,-17,8,-23,7,-22,1,-25,-6,-31,-6,-33,-1,-36,3,-39,-1,-38,-6,-37,-4,-35,-5,-36,-6,-40,-3,-38,0,0,0,0,0,0,0,0,0,0,0,0,0,0,0,0,0,0,0,0,0,0,5,1,3,0,2,-2,2,-3,3,-5,3,-6,3,-7,3,-8,3,-9,2,-9,2,-9,1,-8,-1,-7,-2,-6,-2,-5,-1,-5,-3,-5,-5,-6,-6,-8,-6,-8,-4,-6,-4,-3,-4,-2,-2,-3,-2,-2,-3,-2]"
CSI_DATA,1180,1a:00:00:00:00:00,-73,11,0,0,0,0,0,0,0,0,0,-91,0,1,0,223402980,0,31,0,128,0,"[0,0,-2,-4,0,-2,1,-2,-1,-4,-3,-6,-4,-7,-4,-7,-5,-6,-7,-7,-9,-7,-9,-7,-10,-8,-11,-10,-11,-9,-12,-9,-14,-9,-16,-8,-19,-10,-19,-12,-18,-11,-19,-10,-21,-9,-22,-11,-22,-12,-22,-13,-21,-14,0,0,0,0,0,0,0,0,0,0,0,0,0,0,0,0,0,0,0,0,0,0,-2,-3,-2,-2,-3,-1,-4,0,-4,1,-4,1,-4,2,-4,2,-4,2,-4,3,-3,3,-3,3,-3,4,-3,4,-4,3,-3,2,-4,3,-4,4,-2,3,1,0,2,0,0,1,0,2,1,1,1,1,-1,0]"
CSI_DATA,1181,1a:00:00:00:00:00,-75,11,0,0,0,0,0,0,0,0,0,-91,0,1,0,223604042,0,31,0,128,0,"[0,0,-3,0,-4,-1,-5,-2,-6,-3,-6,-2,-7,-2,-10,-1,-12,-1,-13,-1,-13,-1,-14,0,-15,3,-16,5,-18,5,-21,5,-22,7,-23,8,-25,7,-27,8,-27,8,-28,8,-29,7,-30,6,-31,5,-32,5,-32,5,0,0,0,0,0,0,0,0,0,0,0,0,0,0,0,0,0,0,0,0,0,0,-3,-1,-3,0,-3,1,-2,2,-2,3,-2,4,-2,4,-2,5,-1,5,-1,6,-1,6,-1,5,-1,4,0,4,1,5,1,5,0,5,1,6,1,7,1,4,2,1,1,0,1,0,2,-1,2,-1,2,0]"
CSI_DATA,1182,1a:00:00:00:00:00,-74,11,0,0,0,0,0,0,0,0,0,-91,0,1,0,223665105,0,42,0,128,0,"[0,0,-1,1,-3,2,-5,3,-5,4,-6,5,-5,3,-6,5,-7,9,-7,10,-8,10,-7,9,-5,9,-5,11,-5,14,-5,16,-6,18,-6,19,-5,21,-5,23,-8,24,-9,25,-9,25,-11,26,-12,28,-13,27,-12,27,0,0,0,0,0,0,0,0,0,0,0,0,0,0,0,0,0,0,0,0,0,0,-2,2,-1,2,0,2,1,2,2,2,3,3,3,3,4,3,4,3,4,2,4,2,4,2,5,1,5,1,5,0,5,0,4,0,4,-2,4,-2,2,-2,2,-2,2,-2,1,-2,1,-1,0,0,-1,0]"
[0;32mI (224158) ftm_responder: Counter = 224[0m
CSI_DATA,1183,1a:00:00:00:00:00,-74,11,0,0,0,0,0,0,0,0,0,-91,0,1,0,224165359,0,42,0,128,0,"[0,0,3,1,3,1,3,0,5,-1,6,-2,7,-1,6,1,6,3,9,2,13,0,14,0,13,-2,13,-3,14,-4,14,-6,16,-8,17,-8,18,-8,18,-8,21,-8,24,-7,26,-7,27,-6,28,-5,28,-3,28,-2,0,0,0,0,0,0,0,0,0,0,0,0,0,0,0,0,0,0,0,0,0,0,1,0,1,-1,0,-2,0,-3,0,-5,-1,-5,-1,-6,-1,-6,-1,-7,-1,-7,-2,-7,-2,-6,-2,-6,-3,-6,-4,-6,-5,-6,-3,-5,-2,-6,-4,-8,-4,-6,-6,-3,-7,-2,-4,0,-1,1,-1,1,-2,0]"
CSI_DATA,1184,1a:00:00:00:00:00,-73,11,0,0,0,0,0,0,0,0,0,-91,0,1,0,224665672,0,42,0,128,0,"[0,0,3,1,2,2,0,3,1,2,1,4,2,5,4,4,6,3,6,5,8,6,10,5,11,5,12,5,13,6,14,6,16,6,19,7,20,8,21,10,23,10,25,11,22,13,21,14,23,14,23,13,24,14,0,0,0,0,0,0,0,0,0,0,0,0,0,0,0,0,0,0,0,0,0,0,1,2,1,1,2,0,1,-1,2,-2,2,-3,3,-3,3,-4,3,-4,3,-4,3,-4,3,-4,3,-5,2,-6,1,-6,0,-6,-1,-6,-1,-4,0,-4,0,-3,1,-3,2,-2,3,-2,2,-2,-1,-1,0,-2]"
CSI_DATA,1185,1a:00:00:00:00:00,-74,11,0,0,0,0,0,0,0,0,0,-91,0,1,0,224758466,0,31,0,128,0,"[0,0,5,1,5,2,4,3,4,4,6,3,8,3,8,5,10,6,11,5,13,4,15,3,15,2,16,1,18,1,20,1,21,1,21,1,22,0,24,1,26,2,28,1,30,1,30,3,30,5,31,4,31,5,0,0,0,0,0,0,0,0,0,0,0,0,0,0,0,0,0,0,0,0,0,0,3,1,2,0,2,0,2,-1,2,-3,2,-4,1,-6,1,-6,2,-6,2,-6,1,-6,1,-6,1,-6,1,-5,0,-5,-1,-6,-1,-6,-1,-6,-1,-5,-1,-5,-2,-3,-1,-2,-1,-2,-1,0,0,0,1,-1]"
CSI_DATA,1186,1a:00:00:00:00:00,-73,11,0,0,0,0,0,0,0,0,0,-91,0,1,0,224963429,0,31,0,128,0,"[0,0,-1,3,-1,2,0,4,-1,5,-3,5,-3,8,-1,11,-1,10,-1,11,1,12,5,12,4,14,3,15,5,16,7,17,8,19,9,20,10,22,11,24,11,24,10,26,11,28,11,28,10,29,8,30,8,31,0,0,0,0,0,0,0,0,0,0,0,0,0,0,0,0,0,0,0,0,0,0,-1,3,0,1,1,1,1,1,2,1,3,1,4,1,5,1,5,1,5,0,6,0,5,-1,5,-1,5,-1,5,0,5,0,4,-1,3,-3,3,-3,4,-3,3,-2,2,-2,1,-1,1,0,1,0,1,0]"
[0;32mI (225158) ftm_responder: Counter = 225[0m
CSI_DATA,1187,1a:00:00:00:00:00,-73,11,0,0,0,0,0,0,0,0,0,-91,0,1,0,225171814,0,31,0,128,0,"[0,0,6,2,4,1,4,-1,4,0,5,3,6,2,8,2,9,4,9,4,9,3,11,-1,12,-2,13,-1,15,0,16,-1,16,-3,15,-5,17,-5,19,-5,20,-6,20,-5,22,-4,23,-2,23,-2,23,-3,23,-2,0,0,0,0,0,0,0,0,0,0,0,0,0,0,0,0,0,0,0,0,0,0,2,0,2,0,2,-1,1,-2,1,-3,1,-3,1,-3,1,-4,1,-5,1,-4,1,-4,1,-4,0,-4,0,-5,-1,-5,-1,-5,-1,-4,-1,-4,-1,-4,-2,-3,0,-2,2,-2,2,-2,1,-2,2,0,3,2]"
CSI_DATA,1188,1a:00:00:00:00:00,-73,11,0,0,0,0,0,0,0,0,0,-91,0,1,0,225360480,0,31,0,128,0,"[0,0,-5,-5,-5,-6,-4,-8,-2,-8,-2,-8,-4,-10,-5,-10,-5,-11,-6,-12,-8,-12,-9,-13,-11,-11,-15,-10,-19,-9,-19,-9,-19,-12,-19,-12,-22,-10,-26,-12,-28,-17,-28,-18,-28,-17,-28,-16,-27,-14,-27,-15,-27,-17,0,0,0,0,0,0,0,0,0,0,0,0,0,0,0,0,0,0,0,0,0,0,-2,-3,-3,-3,-3,-2,-3,-1,-3,0,-4,1,-4,1,-5,1,-6,1,-6,2,-6,3,-5,3,-4,3,-4,3,-4,4,-3,3,-2,2,-2,3,-2,2,-3,1,-3,0,-2,0,-3,0,-4,-1,-2,-2,-2,-2]"
CSI_DATA,1189,1a:00:00:00:00:00,-74,11,0,0,0,0,0,0,0,0,0,-91,0,1,0,225565785,0,31,0,128,0,"[0,0,-4,4,-3,3,-3,4,-3,3,-3,3,-3,6,-4,8,-3,8,-1,9,0,11,-1,12,1,11,3,11,4,13,6,14,7,16,7,17,8,18,8,19,8,21,8,22,8,21,8,21,7,22,7,24,5,24,0,0,0,0,0,0,0,0,0,0,0,0,0,0,0,0,0,0,0,0,0,0,-1,2,-1,1,-1,1,0,1,1,0,2,0,2,0,3,0,4,0,4,0,4,1,4,1,4,0,3,-1,3,-1,3,-2,3,-2,3,-2,2,-2,2,-1,1,-1,0,-2,-1,-1,-1,1,-2,2,-2,2]"
CSI_DATA,1190,1a:00:00:00:00:00,-73,11,0,0,0,0,0,0,0,0,0,-91,0,1,0,225762961,0,31,0,128,0,"[0,0,-5,9,-7,7,-7,7,-6,9,-3,10,-2,8,-1,7,0,12,-2,18,-1,20,1,18,2,20,3,23,3,22,2,23,5,24,8,24,12,28,14,32,11,31,7,30,6,29,7,33,9,37,9,37,4,37,0,0,0,0,0,0,0,0,0,0,0,0,0,0,0,0,0,0,0,0,0,0,-2,3,-1,2,0,2,1,1,3,0,4,0,4,0,5,0,6,-1,6,-1,6,-2,5,-4,4,-4,5,-3,7,-2,6,-3,4,-3,3,-2,3,-1,3,-2,1,-2,0,-1,-2,-1,-4,-1,-4,1,-3,1]"
CSI_DATA,1191,1a:00:00:00:00:00,-74,11,0,0,0,0,0,0,0,0,0,-91,0,1,0,225964852,0,31,0,128,0,"[0,0,-2,0,-1,2,-3,5,-3,7,-1,7,-1,5,-3,3,-5,5,-4,9,-2,9,1,6,2,7,4,12,7,16,6,18,6,17,5,17,3,18,4,18,6,20,8,24,8,24,7,26,3,27,0,25,3,23,0,0,0,0,0,0,0,0,0,0,0,0,0,0,0,0,0,0,0,0,0,0,0,1,0,0,1,0,1,-1,1,-2,2,-2,2,-2,2,-2,3,-3,3,-2,3,-2,2,-2,2,-2,2,-3,2,-3,2,-3,2,-3,1,-3,1,-2,1,-2,0,-3,-2,-3,-2,-2,-1,0,-1,2,-2,2]"
[0;32mI (226158) ftm_responder: Counter = 226[0m
CSI_DATA,1192,1a:00:00:00:00:00,-75,11,0,0,0,0,0,0,0,0,0,-91,0,1,0,226165579,0,31,0,128,0,"[0,0,3,-3,1,-4,-1,-5,-3,-5,-3,-6,-1,-7,0,-7,0,-9,-1,-9,-3,-8,-5,-7,-7,-8,-9,-10,-9,-11,-10,-12,-10,-14,-11,-17,-12,-19,-14,-19,-15,-19,-16,-18,-17,-19,-16,-19,-15,-20,-14,-21,-14,-23,0,0,0,0,0,0,0,0,0,0,0,0,0,0,0,0,0,0,0,0,0,0,-1,-2,-1,-1,-2,-1,-2,0,-2,1,-3,2,-3,2,-3,2,-3,3,-3,3,-4,4,-3,4,-2,4,-1,4,-2,4,-2,3,-2,3,-1,4,0,4,0,4,-1,4,0,1,2,1,3,0,3,-1,2,-2]"
CSI_DATA,1193,1a:00:00:00:00:00,-74,11,0,0,0,0,0,0,0,0,0,-91,0,1,0,226226261,0,42,0,128,0,"[0,0,-3,-4,-5,-3,-7,-2,-8,-3,-9,-3,-11,-3,-11,-3,-10,-1,-11,-1,-13,0,-14,2,-14,3,-15,3,-17,5,-20,7,-21,9,-23,11,-24,11,-25,12,-27,12,-28,13,-29,12,-31,11,-33,10,-34,9,-34,8,0,0,0,0,0,0,0,0,0,0,0,0,0,0,0,0,0,0,0,0,0,0,-2,0,-1,0,0,1,1,1,1,3,1,3,2,3,3,4,4,5,4,5,3,6,4,4,4,3,5,4,5,4,4,4,4,2,5,0,5,0,4,0,3,-1,3,-2,2,-1,1,0,0,-1,0,-3]"
CSI_DATA,1194,1a:00:00:00:00:00,-74,11,0,0,0,0,0,0,0,0,0,-91,0,1,0,226298512,0,31,0,128,0,"[0,0,-1,-5,-2,-3,-3,-3,-4,-6,-5,-7,-6,-5,-5,-7,-5,-8,-5,-6,-6,-5,-7,-6,-9,-7,-11,-7,-14,-6,-15,-6,-16,-6,-18,-5,-21,-5,-22,-6,-24,-7,-24,-7,-22,-6,-23,-7,-24,-8,-24,-11,-26,-13,0,0,0,0,0,0,0,0,0,0,0,0,0,0,0,0,0,0,0,0,0,0,-1,-2,-1,-1,-1,0,-1,1,-2,1,-3,2,-3,2,-3,3,-3,4,-3,4,-3,4,-3,4,-3,3,-2,3,-1,4,-1,4,-1,3,-2,2,-2,3,-1,3,0,2,0,2,0,1,0,0,0,-2,-2,-4]"
CSI_DATA,1195,1a:00:00:00:00:00,-74,11,0,0,0,0,0,0,0,0,0,-91,0,1,0,226494775,0,31,0,128,0,"[0,0,2,-1,1,-1,2,-2,3,-4,2,-5,1,-6,1,-8,0,-9,-1,-9,-2,-11,-4,-11,-7,-12,-8,-13,-10,-13,-12,-12,-13,-13,-14,-13,-17,-12,-19,-15,-16,-15,-15,-15,-19,-17,-19,-19,-17,-19,-17,-19,-16,-19,0,0,0,0,0,0,0,0,0,0,0,0,0,0,0,0,0,0,0,0,0,0,1,-1,0,0,-1,-1,-3,-1,-3,-1,-3,-1,-5,-1,-5,-1,-6,-1,-6,0,-6,0,-6,0,-6,0,-6,1,-6,2,-6,3,-5,3,-4,3,-3,2,-3,1,-2,1,-1,3,-1,2,-2,1,-1,0,0,0]"
CSI_DATA,1196,1a:00:00:00:00:00,-74,11,0,0,0,0,0,0,0,0,0,-91,0,1,0,226704764,0,31,0,128,0,"[0,0,-1,-5,-3,-5,-4,-6,-2,-7,-2,-9,-3,-9,-6,-10,-6,-10,-7,-11,-9,-10,-12,-10,-12,-10,-13,-11,-16,-12,-18,-12,-19,-11,-20,-11,-22,-13,-24,-14,-25,-15,-26,-16,-25,-18,-26,-20,-24,-21,-23,-22,-24,-22,0,0,0,0,0,0,0,0,0,0,0,0,0,0,0,0,0,0,0,0,0,0,-2,-1,-1,0,-1,1,0,2,0,3,-1,4,-2,5,-1,5,-1,5,-1,6,-1,7,-2,7,0,7,1,8,0,7,0,6,0,5,0,4,0,3,0,2,0,1,-1,-1,0,-2,2,-1,2,-1,2,-1]"
CSI_DATA,1197,1a:00:00:00:00:00,-74,11,0,0,0,0,0,0,0,0,0,-91,0,1,0,226897775,0,31,0,128,0,"[0,0,2,1,3,-1,3,-2,4,-2,5,-4,4,-6,4,-9,4,-10,3,-10,2,-10,2,-11,1,-13,0,-15,-1,-16,-2,-16,-2,-18,-2,-20,-2,-23,-1,-24,0,-25,0,-25,1,-26,1,-27,2,-28,4,-27,4,-27,0,0,0,0,0,0,0,0,0,0,0,0,0,0,0,0,0,0,0,0,0,0,0,-1,-1,0,-2,0,-3,0,-3,0,-4,1,-4,1,-5,1,-5,1,-6,1,-7,1,-7,1,-6,2,-5,2,-4,2,-3,2,-4,3,-5,2,-5,1,-3,1,-1,1,-1,2,0,3,0,4,0,3,-1,1]"
CSI_DATA,1198,1a:00:00:00:00:00,-75,11,0,0,0,0,0,0,0,0,0,-91,0,1,0,227101762,0,31,0,128,0,"[0,0,2,-1,2,-3,1,-3,0,-4,-1,-5,0,-7,0,-8,0,-9,-1,-12,-3,-12,-4,-10,-5,-9,-6,-11,-6,-12,-7,-13,-7,-15,-8,-17,-9,-18,-9,-19,-9,-20,-11,-21,-12,-22,-11,-23,-10,-23,-8,-23,-7,-24,0,0,0,0,0,0,0,0,0,0,0,0,0,0,0,0,0,0,0,0,0,0,-1,-1,-1,0,-2,1,-2,2,-2,2,-3,3,-4,3,-4,3,-4,3,-4,4,-3,4,-3,3,-3,4,-3,4,-4,4,-4,4,-3,4,-2,4,-1,3,-2,3,-2,2,-1,2,1,2,2,1,2,0,2,0]"
[0;32mI (227158) ftm_responder: Counter = 227[0m
CSI_DATA,1199,1a:00:00:00:00:00,-74,11,0,0,0,0,0,0,0,0,0,-91,0,1,0,227304210,0,31,0,128,0,"[0,0,0,2,0,-2,-1,-4,-4,0,-5,4,-6,3,-7,2,-6,5,-6,6,-7,5,-7,4,-7,5,-7,8,-6,8,-9,8,-12,9,-12,11,-11,12,-13,13,-16,13,-19,11,-19,10,-19,11,-20,12,-21,12,-19,12,0,0,0,0,0,0,0,0,0,0,0,0,0,0,0,0,0,0,0,0,0,0,-1,1,0,0,0,-1,1,-2,2,-2,3,-3,4,-2,5,-2,5,-2,5,-2,5,-2,6,-2,6,-2,6,-3,6,-3,5,-2,4,-2,3,-4,3,-5,2,-5,1,-4,2,-5,1,-5,-1,-2,-1,1,-2,1]"
CSI_DATA,1200,1a:00:00:00:00:00,-74,11,0,0,0,0,0,0,0,0,0,-91,0,1,0,227501958,0,31,0,128,0,"[0,0,-3,-2,-3,-5,-3,-6,-3,-6,-4,-6,-6,-6,-7,-3,-9,-1,-11,-1,-13,-4,-16,-5,-17,-4,-17,-2,-18,0,-21,0,-23,0,-24,-1,-26,0,-27,1,-27,-1,-30,-2,-31,-2,-30,-2,-31,-3,-33,-6,-35,-7,0,0,0,0,0,0,0,0,0,0,0,0,0,0,0,0,0,0,0,0,0,0,-1,0,0,1,1,3,2,4,2,5,2,6,3,7,3,7,3,8,3,8,4,8,4,8,4,7,3,8,3,8,5,7,4,6,3,6,4,5,5,4,3,3,2,1,2,1,1,0,1,-1,2,0]"
CSI_DATA,1201,1a:00:00:00:00:00,-74,11,0,0,0,0,0,0,0,0,0,-91,0,1,0,227702052,0,31,0,128,0,"[0,0,0,3,0,2,0,-2,1,-5,3,-6,2,-5,2,-5,2,-8,1,-9,0,-10,-2,-13,-2,-13,-2,-11,-5,-12,-8,-17,-8,-19,-6,-18,-4,-19,-4,-22,-6,-22,-7,-21,-6,-24,-5,-27,-5,-28,-4,-27,-4,-27,0,0,0,0,0,0,0,0,0,0,0,0,0,0,0,0,0,0,0,0,0,0,-1,-2,-1,-1,-3,-1,-4,0,-6,1,-7,0,-7,-1,-7,-1,-7,-1,-7,-1,-8,-1,-8,-1,-7,-1,-8,0,-9,1,-7,1,-7,1,-8,2,-6,2,-3,2,-3,1,-3,2,-4,2,-5,1,-5,0,-4,-1]"
CSI_DATA,1202,1a:00:00:00:00:00,-74,11,0,0,0,0,0,0,0,0,0,-91,0,1,0,227763433,0,42,0,128,0,"[0,0,-2,-1,-1,-1,-2,-2,-3,-4,-4,-4,-4,-5,-4,-5,-5,-6,-6,-7,-7,-8,-9,-8,-10,-8,-11,-8,-12,-8,-13,-8,-15,-8,-16,-9,-18,-10,-20,-11,-21,-11,-21,-12,-20,-13,-20,-14,-21,-14,-21,-15,-21,-16,0,0,0,0,0,0,0,0,0,0,0,0,0,0,0,0,0,0,0,0,0,0,-1,-1,-2,0,-3,1,-4,1,-4,2,-5,3,-5,4,-6,4,-5,4,-5,4,-6,4,-6,5,-6,6,-5,5,-4,5,-5,5,-4,5,-3,5,-2,4,-2,4,-2,4,-2,4,0,3,-1,3,-2,3,-3,2]"
CSI_DATA,1203,1a:00:00:00:00:00,-74,11,0,0,0,0,0,0,0,0,0,-91,0,1,0,227839884,0,31,0,128,0,"[0,0,-5,0,-3,-1,-1,-3,0,-4,0,-5,-2,-6,-2,-7,-1,-9,-1,-9,-1,-9,-2,-11,-3,-13,-5,-16,-7,-18,-9,-19,-11,-20,-13,-20,-14,-21,-14,-25,-15,-26,-16,-25,-15,-27,-13,-28,-13,-30,-14,-31,-11,-31,0,0,0,0,0,0,0,0,0,0,0,0,0,0,0,0,0,0,0,0,0,0,-1,-2,-2,-3,-2,-4,-3,-5,-4,-5,-5,-6,-5,-7,-6,-7,-7,-8,-7,-8,-8,-7,-8,-6,-8,-6,-8,-5,-8,-5,-8,-5,-9,-4,-10,-3,-8,-2,-7,-3,-8,-1,-6,-1,-3,-1,-4,-2,-6,-1,-4,0]"
CSI_DATA,1204,1a:00:00:00:00:00,-74,11,0,0,0,0,0,0,0,0,0,-91,0,1,0,228039357,0,31,0,128,0,"[0,0,0,1,2,1,3,0,4,1,4,3,5,5,5,5,5,4,7,4,7,6,5,4,4,0,7,5,14,6,16,2,15,3,18,7,20,10,19,9,20,9,22,10,23,12,21,13,22,13,22,14,21,15,0,0,0,0,0,0,0,0,0,0,0,0,0,0,0,0,0,0,0,0,0,0,1,0,2,0,3,-2,4,-4,5,-5,5,-5,5,-5,5,-5,5,-6,6,-6,6,-7,6,-8,5,-9,3,-6,4,-4,4,-4,3,-7,3,-8,2,-8,2,-6,0,-3,-2,0,-1,1,4,-1,8,-1,5,2]"
[0;32mI (228158) ftm_responder: Counter = 228[0m
CSI_DATA,1205,1a:00:00:00:00:00,-72,11,0,0,0,0,0,0,0,0,0,-91,0,1,0,228243860,0,31,0,128,0,"[0,0,3,0,5,3,8,5,7,4,5,4,6,6,7,6,4,6,3,6,5,6,9,7,13,9,14,7,14,5,15,6,15,7,15,7,17,7,20,6,20,6,20,7,21,8,22,9,20,12,18,14,19,15,0,0,0,0,0,0,0,0,0,0,0,0,0,0,0,0,0,0,0,0,0,0,1,1,1,0,2,-1,3,-2,4,-3,5,-3,5,-3,5,-2,5,-3,6,-3,6,-3,7,-4,6,-4,5,-5,5,-5,5,-6,4,-7,3,-6,2,-5,3,-6,4,-6,3,-5,2,-5,1,-4,1,-2,3,1]"
CSI_DATA,1206,1a:00:00:00:00:00,-73,11,0,0,0,0,0,0,0,0,0,-91,0,1,0,228444979,0,31,0,128,0,"[0,0,3,4,0,6,-1,5,-2,3,-3,3,-2,4,0,5,-1,8,-2,10,-2,9,-1,9,-1,9,2,9,5,11,7,12,9,14,9,16,9,17,10,18,10,19,10,18,9,19,9,21,9,21,9,22,8,22,0,0,0,0,0,0,0,0,0,0,0,0,0,0,0,0,0,0,0,0,0,0,-2,2,-1,2,0,2,1,3,2,3,3,4,4,5,4,4,4,4,6,3,8,3,6,3,5,3,6,4,6,4,6,3,5,2,5,2,5,2,5,1,6,0,4,-1,1,-1,1,0,1,1,4,2]"
CSI_DATA,1207,1a:00:00:00:00:00,-74,11,0,0,0,0,0,0,0,0,0,-91,0,1,0,228646482,0,31,0,128,0,"[0,0,-3,1,-4,1,-4,1,-5,2,-7,4,-7,4,-6,4,-6,6,-7,6,-8,6,-10,8,-11,10,-10,12,-8,12,-10,13,-10,15,-7,16,-7,17,-12,16,-13,14,-9,15,-10,16,-14,16,-17,20,-16,21,-15,17,0,0,0,0,0,0,0,0,0,0,0,0,0,0,0,0,0,0,0,0,0,0,-2,0,-2,1,-2,2,-1,3,-1,4,0,4,1,5,1,5,1,5,1,5,2,6,2,6,3,5,3,5,3,4,3,4,3,3,2,3,2,4,3,2,3,1,2,1,1,2,0,4,-1,3,-1,3]"
CSI_DATA,1208,1a:00:00:00:00:00,-73,11,0,0,0,0,0,0,0,0,0,-91,0,1,0,228846119,0,31,0,128,0,"[0,0,-4,1,-5,1,-6,1,-6,1,-6,2,-7,2,-8,3,-8,5,-9,6,-8,6,-8,7,-9,8,-9,10,-9,12,-8,13,-8,14,-9,15,-7,16,-7,18,-12,20,-17,22,-18,22,-15,21,-13,20,-14,20,-13,17,0,0,0,0,0,0,0,0,0,0,0,0,0,0,0,0,0,0,0,0,0,0,-3,-1,-3,0,-2,1,-1,2,-1,4,-1,5,0,5,0,5,0,5,0,5,0,5,1,5,2,5,2,5,2,5,2,4,3,4,3,4,4,4,3,3,2,3,1,2,1,2,1,2,0,2,-1,2]"
CSI_DATA,1209,1a:00:00:00:00:00,-72,11,0,0,0,0,0,0,0,0,0,-91,0,1,0,229045733,0,31,0,128,0,"[0,0,-9,3,-9,2,-7,-1,-8,-1,-9,4,-8,6,-7,8,-6,11,-6,12,-7,11,-8,9,-10,11,-11,15,-8,16,-7,15,-8,15,-10,18,-13,19,-15,18,-16,21,-17,24,-18,24,-17,23,-16,21,-19,21,-20,21,0,0,0,0,0,0,0,0,0,0,0,0,0,0,0,0,0,0,0,0,0,0,-3,1,-2,1,0,2,1,2,0,2,1,3,3,3,3,3,4,4,5,4,5,4,5,4,5,5,6,3,5,1,5,1,6,1,7,1,6,2,5,2,2,2,3,0,4,-2,4,-4,4,-2,2,1]"
[0;32mI (229158) ftm_responder: Counter = 229[0m
CSI_DATA,1210,1a:00:00:00:00:00,-74,11,0,0,0,0,0,0,0,0,0,-91,0,1,0,229248285,0,31,0,128,0,"[0,0,-8,-3,-10,-1,-7,1,-1,-1,1,-1,-2,2,-6,4,-9,2,-9,1,-9,3,-7,5,-8,7,-10,8,-11,11,-13,12,-14,13,-15,15,-15,15,-16,15,-16,15,-16,13,-19,11,-22,11,-22,11,-21,12,-22,12,0,0,0,0,0,0,0,0,0,0,0,0,0,0,0,0,0,0,0,0,0,0,-1,0,0,0,2,1,2,0,3,0,5,0,5,1,5,1,6,1,6,2,7,2,6,2,5,1,5,1,5,1,4,1,5,1,5,-1,5,-3,3,-2,3,1,4,2,4,1,4,-1,2,-4,1,-4]"
CSI_DATA,1211,1a:00:00:00:00:00,-75,11,0,0,0,0,0,0,0,0,0,-91,0,1,0,229310453,0,42,0,128,0,"[0,0,0,-1,0,-2,1,-3,2,-2,2,-2,3,-3,3,-5,3,-6,4,-7,5,-10,7,-13,6,-13,5,-13,4,-14,3,-17,2,-19,3,-21,3,-23,2,-24,3,-26,3,-27,2,-28,3,-28,3,-28,4,-28,5,-28,0,0,0,0,0,0,0,0,0,0,0,0,0,0,0,0,0,0,0,0,0,0,1,-1,0,-1,-1,-2,-2,-3,-3,-4,-4,-4,-5,-5,-5,-5,-6,-6,-5,-6,-5,-6,-6,-5,-7,-5,-7,-4,-7,-6,-7,-6,-7,-4,-7,-3,-7,-2,-7,-1,-7,-1,-5,-2,-2,-1,-1,0,-2,0,-3,0]"
CSI_DATA,1212,1a:00:00:00:00:00,-75,11,0,0,0,0,0,0,0,0,0,-91,0,1,0,229366612,0,31,0,128,0,"[0,0,-3,2,-2,2,1,-1,2,-4,1,-6,0,-6,1,-5,0,-6,-3,-9,-3,-10,-3,-11,-3,-12,-3,-14,-5,-16,-7,-17,-7,-17,-7,-19,-7,-20,-8,-21,-7,-22,-6,-25,-6,-26,-6,-25,-4,-27,-4,-28,-4,-26,0,0,0,0,0,0,0,0,0,0,0,0,0,0,0,0,0,0,0,0,0,0,-1,0,-2,1,-2,1,-2,2,-2,3,-3,4,-4,4,-3,4,-3,5,-4,5,-5,5,-5,5,-5,5,-4,5,-4,5,-3,5,-2,5,-2,4,-2,3,-2,4,-3,4,-2,4,-1,4,0,4,-1,2,-1,-1]"
CSI_DATA,1213,1a:00:00:00:00:00,-75,11,0,0,0,0,0,0,0,0,0,-91,0,1,0,229567994,0,31,0,128,0,"[0,0,-1,0,-2,-1,-3,-1,-4,-1,-5,-1,-7,-1,-7,0,-7,0,-8,1,-9,1,-9,3,-9,6,-11,8,-11,10,-10,11,-11,13,-11,15,-13,15,-12,16,-8,17,-7,18,-11,20,-14,23,-14,23,-19,22,-22,21,0,0,0,0,0,0,0,0,0,0,0,0,0,0,0,0,0,0,0,0,0,0,0,-1,-1,-1,-2,0,-2,1,-3,3,-3,3,-4,3,-5,4,-5,4,-5,4,-4,5,-4,6,-4,6,-3,6,-1,6,-1,6,-1,6,0,5,1,5,1,6,2,5,2,3,2,2,1,0,1,-2,1,-1]"
CSI_DATA,1214,1a:00:00:00:00:00,-73,11,0,0,0,0,0,0,0,0,0,-91,0,1,0,229769758,0,31,0,128,0,"[0,0,3,-1,3,-1,3,-1,3,0,5,2,7,1,8,0,8,0,9,-1,9,0,11,0,13,0,14,1,16,0,18,-1,20,1,25,0,26,-4,23,-5,21,-2,23,-1,26,1,28,5,29,8,28,9,29,8,0,0,0,0,0,0,0,0,0,0,0,0,0,0,0,0,0,0,0,0,0,0,0,-2,-1,-2,-1,-2,-2,-3,-3,-3,-4,-4,-5,-5,-5,-5,-4,-6,-5,-6,-5,-6,-5,-6,-5,-6,-5,-6,-5,-6,-5,-5,-5,-5,-5,-4,-4,-5,-4,-4,-5,-3,-4,-2,-3,-2,-2,-2,-1,-1,0,0]"
CSI_DATA,1215,1a:00:00:00:00:00,-75,11,0,0,0,0,0,0,0,0,0,-91,0,1,0,229967551,0,31,0,128,0,"[0,0,3,3,2,4,4,6,5,7,5,4,4,2,4,1,4,1,5,4,7,2,8,1,9,3,11,3,13,2,16,3,17,3,18,2,19,2,22,2,23,3,21,5,20,5,22,4,25,6,25,8,25,6,0,0,0,0,0,0,0,0,0,0,0,0,0,0,0,0,0,0,0,0,0,0,2,0,1,-1,0,-2,0,-3,0,-4,0,-4,1,-4,1,-6,2,-7,2,-7,3,-7,3,-6,2,-6,1,-5,1,-4,1,-5,1,-8,0,-8,0,-6,1,-3,0,-2,-1,-4,0,-5,1,-3,2,-1,1,1]"
[0;32mI (230158) ftm_responder: Counter = 230[0m
CSI_DATA,1216,1a:00:00:00:00:00,-74,11,0,0,0,0,0,0,0,0,0,-91,0,1,0,230169210,0,31,0,128,0,"[0,0,3,-1,3,0,-1,-2,-7,-5,-9,-8,-7,-7,-3,-5,-2,-6,-5,-8,-8,-9,-10,-9,-13,-8,-15,-8,-13,-11,-13,-11,-15,-9,-18,-9,-22,-10,-22,-10,-21,-12,-22,-12,-21,-11,-22,-10,-23,-10,-24,-12,-23,-14,0,0,0,0,0,0,0,0,0,0,0,0,0,0,0,0,0,0,0,0,0,0,-1,-1,-2,-1,-3,0,-3,1,-4,1,-5,2,-5,2,-5,2,-6,2,-6,2,-6,3,-6,4,-5,4,-5,4,-5,5,-4,5,-3,4,-3,4,-3,4,-2,2,-2,1,-2,1,-1,1,1,1,2,1,-2,1]"
CSI_DATA,1217,1a:00:00:00:00:00,-74,11,0,0,0,0,0,0,0,0,0,-91,0,1,0,230369974,0,31,0,128,0,"[0,0,0,0,0,0,0,-1,1,-2,1,-2,-1,-2,-1,-5,-1,-7,-1,-8,-2,-9,-4,-10,-5,-10,-6,-11,-7,-12,-7,-13,-9,-12,-10,-13,-11,-14,-12,-16,-13,-18,-14,-19,-14,-20,-12,-21,-11,-20,-11,-20,-10,-20,0,0,0,0,0,0,0,0,0,0,0,0,0,0,0,0,0,0,0,0,0,0,-2,0,-3,0,-4,1,-4,2,-5,3,-6,3,-6,4,-6,5,-6,5,-7,4,-7,5,-6,5,-5,6,-4,7,-4,8,-5,7,-6,7,-5,6,-3,6,-3,6,-3,4,-1,4,0,6,0,6,0,4,-1,3]"
CSI_DATA,1218,1a:00:00:00:00:00,-75,11,0,0,0,0,0,0,0,0,0,-91,0,1,0,230572522,0,31,0,128,0,"[0,0,2,-5,2,-2,0,0,-1,1,-1,2,-1,2,0,3,-1,4,-1,5,0,6,-1,8,0,9,1,10,1,11,1,12,2,15,2,17,3,17,4,17,6,20,7,21,5,20,3,20,2,22,2,22,1,24,0,0,0,0,0,0,0,0,0,0,0,0,0,0,0,0,0,0,0,0,0,0,2,2,2,1,3,0,5,-1,6,0,7,0,8,0,9,0,9,0,9,-1,9,-1,10,-1,9,-3,9,-3,8,-2,8,-3,8,-3,8,-4,7,-6,5,-7,4,-5,5,-4,5,-5,4,-4,3,-3,5,-2]"
CSI_DATA,1219,1a:00:00:00:00:00,-74,11,0,0,0,0,0,0,0,0,0,-91,0,1,0,230772309,0,31,0,128,0,"[0,0,-3,-3,-2,-2,1,0,2,0,3,-1,2,1,2,1,3,1,5,0,6,0,7,0,7,0,8,-2,10,-2,12,-3,13,-4,14,-4,16,-3,18,-3,20,-4,21,-5,21,-5,22,-4,22,-3,22,-3,23,-2,0,0,0,0,0,0,0,0,0,0,0,0,0,0,0,0,0,0,0,0,0,0,1,-2,1,-3,1,-4,1,-6,2,-7,2,-8,2,-8,2,-9,2,-10,1,-9,1,-9,0,-9,0,-9,-1,-10,-1,-11,-1,-11,-2,-10,-3,-10,-2,-10,-2,-8,-3,-6,-3,-4,-1,-4,0,-4,-1,-3,-1,-4]"
CSI_DATA,1220,1a:00:00:00:00:00,-75,11,0,0,0,0,0,0,0,0,0,-91,0,1,0,230833250,0,42,0,128,0,"[0,0,1,-4,0,-2,-1,-2,-1,-1,-1,0,-1,2,2,4,3,4,3,4,4,5,6,6,8,5,9,5,10,6,11,7,12,8,14,8,15,8,17,9,19,11,20,13,21,13,20,13,20,14,20,16,20,17,0,0,0,0,0,0,0,0,0,0,0,0,0,0,0,0,0,0,0,0,0,0,2,-2,3,-3,3,-4,4,-5,5,-6,6,-7,6,-7,6,-7,7,-7,7,-8,7,-8,6,-9,6,-9,5,-10,6,-10,6,-10,5,-10,4,-11,3,-10,3,-9,2,-9,1,-8,0,-8,-1,-8,-1,-7,0,-7]"
CSI_DATA,1221,1a:00:00:00:00:00,-75,11,0,0,0,0,0,0,0,0,0,-91,0,1,0,230903161,0,31,0,128,0,"[0,0,3,-1,3,-1,1,0,-2,1,-3,0,-2,0,-4,1,-6,2,-7,1,-8,1,-9,3,-12,4,-12,5,-11,6,-13,7,-15,8,-15,9,-17,9,-20,8,-21,9,-22,9,-23,9,-24,9,-25,9,-26,8,-27,9,0,0,0,0,0,0,0,0,0,0,0,0,0,0,0,0,0,0,0,0,0,0,0,2,0,3,1,5,1,6,2,7,2,8,3,8,3,9,3,10,3,10,4,10,4,10,5,10,5,10,6,9,6,9,6,7,6,7,7,7,6,6,5,5,6,3,6,2,6,2,6,2,5,2]"
CSI_DATA,1222,1a:00:00:00:00:00,-75,11,0,0,0,0,0,0,0,0,0,-91,0,1,0,231103968,0,31,0,128,0,"[0,0,0,2,0,1,1,1,1,0,1,0,0,-1,-1,-2,-1,-4,-1,-4,-1,-5,-1,-7,-1,-8,-2,-9,-2,-10,-4,-12,-4,-14,-2,-19,-2,-21,-3,-18,-2,-16,-1,-16,-1,-20,-3,-23,-1,-21,3,-21,4,-21,0,0,0,0,0,0,0,0,0,0,0,0,0,0,0,0,0,0,0,0,0,0,-1,0,-2,1,-4,3,-4,3,-5,4,-6,4,-7,5,-8,5,-9,5,-9,6,-8,6,-7,6,-7,6,-7,6,-7,6,-7,6,-6,6,-6,6,-6,6,-5,5,-4,5,-3,5,-3,5,-3,6,-2,8,-2,7]"
[0;32mI (231158) ftm_responder: Counter = 231[0m
CSI_DATA,1223,1a:00:00:00:00:00,-73,11,0,0,0,0,0,0,0,0,0,-91,0,1,0,231308632,0,31,0,128,0,"[0,0,-4,1,-3,-1,-3,-1,-1,-2,1,-4,2,-4,3,-1,3,-2,3,-5,1,-7,1,-7,2,-8,4,-10,4,-14,4,-16,2,-18,1,-20,3,-25,7,-25,10,-22,8,-23,7,-26,10,-28,8,-30,8,-30,10,-30,0,0,0,0,0,0,0,0,0,0,0,0,0,0,0,0,0,0,0,0,0,0,-2,-2,-3,-3,-5,-3,-6,-3,-7,-3,-7,-4,-8,-4,-10,-4,-11,-5,-12,-5,-12,-5,-12,-4,-11,-4,-11,-4,-12,-4,-13,-4,-13,-2,-12,-1,-11,-2,-11,-1,-9,1,-8,1,-8,1,-9,0,-8,1,-7,2]"
CSI_DATA,1224,1a:00:00:00:00:00,-73,11,0,0,0,0,0,0,0,0,0,-91,0,1,0,231513809,0,31,0,128,0,"[0,0,-1,-4,-1,-3,-2,-2,-3,-1,-5,0,-7,-1,-7,-4,-5,-6,-4,-4,-7,-2,-10,0,-11,2,-12,1,-13,0,-17,0,-19,1,-21,1,-24,0,-25,-1,-27,-1,-29,-5,-26,-12,-23,-15,-27,-16,-33,-15,-36,-12,0,0,0,0,0,0,0,0,0,0,0,0,0,0,0,0,0,0,0,0,0,0,-1,1,1,1,3,1,5,3,6,3,7,3,8,5,9,6,8,7,7,8,6,9,7,10,10,9,11,6,12,6,12,7,9,6,8,6,9,7,6,6,3,4,3,1,2,0,4,3,9,5,10,-1]"
CSI_DATA,1225,1a:00:00:00:00:00,-74,11,0,0,0,0,0,0,0,0,0,-91,0,1,0,231709192,0,31,0,128,0,"[0,0,0,5,0,1,1,-1,0,-2,-3,-2,-3,-1,-2,-2,-5,-3,-8,-4,-9,-5,-6,-3,-6,-3,-10,-4,-12,-5,-14,-7,-15,-7,-16,-7,-18,-8,-19,-8,-20,-9,-24,-9,-28,-9,-29,-9,-27,-11,-22,-14,-21,-13,0,0,0,0,0,0,0,0,0,0,0,0,0,0,0,0,0,0,0,0,0,0,-2,1,-3,1,-4,3,-4,5,-5,5,-5,5,-6,6,-7,6,-7,7,-6,8,-6,8,-6,8,-5,9,-5,10,-5,9,-5,9,-5,9,-4,10,-3,10,-1,10,-1,9,-1,7,0,7,0,8,-1,7,-1,5]"
CSI_DATA,1226,1a:00:00:00:00:00,-76,11,0,0,0,0,0,0,0,0,0,-91,0,1,0,231906203,0,31,0,128,0,"[0,0,0,0,-1,1,-2,-1,0,-2,-1,-2,0,0,1,1,2,2,2,2,5,0,8,-1,9,-1,10,0,12,0,14,-1,15,0,16,0,17,-1,19,1,19,2,21,1,21,1,22,2,24,3,24,3,25,2,0,0,0,0,0,0,0,0,0,0,0,0,0,0,0,0,0,0,0,0,0,0,0,-2,0,-2,0,-4,0,-6,0,-7,-1,-9,-1,-9,-1,-10,-1,-11,-2,-10,-2,-10,-1,-10,-1,-11,-2,-11,-3,-10,-4,-10,-4,-10,-4,-10,-3,-10,-3,-10,-5,-9,-6,-10,-4,-10,-3,-8,-3,-6,-3,-4]"
CSI_DATA,1227,1a:00:00:00:00:00,-75,11,0,0,0,0,0,0,0,0,0,-91,0,1,0,232107672,0,31,0,128,0,"[0,0,0,1,0,0,0,0,-2,2,-3,2,-2,-3,-1,-5,-2,-5,-6,-4,-10,-4,-15,-5,-17,-5,-19,-1,-20,2,-21,2,-22,1,-24,2,-29,4,-31,3,-30,1,-31,2,-34,4,-34,4,-33,2,-34,-1,-35,-4,0,0,0,0,0,0,0,0,0,0,0,0,0,0,0,0,0,0,0,0,0,0,-2,0,-3,1,-4,3,-4,5,-4,7,-6,8,-6,10,-7,12,-7,12,-7,12,-6,12,-5,12,-4,12,-5,11,-6,12,-5,13,-3,13,-2,13,-1,12,0,9,0,9,0,9,1,9,1,7,2,7,2,7]"
[0;32mI (232158) ftm_responder: Counter = 232[0m
CSI_DATA,1228,1a:00:00:00:00:00,-74,11,0,0,0,0,0,0,0,0,0,-91,0,1,0,232310013,0,31,0,128,0,"[0,0,-4,2,-4,1,-5,0,-4,-1,-1,-1,1,-2,2,-3,2,-4,6,-3,9,-2,4,-4,0,-4,3,-4,10,-7,14,-10,14,-10,13,-10,17,-14,21,-16,19,-16,15,-17,16,-17,17,-16,18,-15,20,-13,22,-13,0,0,0,0,0,0,0,0,0,0,0,0,0,0,0,0,0,0,0,0,0,0,-1,-2,-2,-2,-3,-3,-4,-4,-5,-5,-6,-6,-6,-7,-6,-8,-6,-8,-7,-8,-7,-8,-7,-8,-7,-7,-7,-7,-7,-7,-8,-6,-8,-5,-6,-5,-6,-4,-6,-3,-7,-2,-6,-1,-5,-1,-5,-1,-4,-1,-3,0]"
CSI_DATA,1229,1a:00:00:00:00:00,-74,11,0,0,0,0,0,0,0,0,0,-91,0,1,0,232369952,0,42,0,128,0,"[0,0,-3,0,-2,1,-2,0,-2,-2,-2,-4,0,-4,0,-5,0,-6,-1,-7,-1,-9,-1,-10,-2,-11,-4,-12,-5,-14,-6,-16,-7,-17,-7,-19,-8,-20,-9,-22,-8,-24,-8,-25,-9,-25,-8,-26,-8,-27,-7,-28,-6,-28,0,0,0,0,0,0,0,0,0,0,0,0,0,0,0,0,0,0,0,0,0,0,-2,-1,-2,-1,-3,-1,-5,-1,-7,-1,-9,-2,-10,-2,-11,-2,-11,-2,-11,-2,-11,-2,-11,-1,-11,0,-11,0,-11,1,-11,1,-11,3,-10,3,-10,4,-9,4,-9,3,-7,3,-6,2,-6,2,-5,2,-4,2]"
CSI_DATA,1230,1a:00:00:00:00:00,-75,11,0,0,0,0,0,0,0,0,0,-91,0,1,0,232439396,0,31,0,128,0,"[0,0,-1,2,-1,-1,-1,-2,-1,-1,-2,-2,-3,-4,-4,-4,-2,-4,-3,-6,-6,-8,-7,-10,-6,-9,-7,-9,-9,-10,-11,-11,-13,-12,-15,-14,-15,-14,-15,-16,-16,-17,-17,-18,-17,-20,-16,-20,-16,-21,-16,-22,-17,-24,0,0,0,0,0,0,0,0,0,0,0,0,0,0,0,0,0,0,0,0,0,0,-2,0,-2,1,-1,3,-1,3,-2,5,-4,6,-5,7,-5,8,-6,8,-6,8,-6,9,-6,9,-6,10,-5,10,-5,9,-5,9,-4,9,-3,9,-3,9,-2,9,-1,8,-1,6,-1,5,0,5,0,4,0,2]"
CSI_DATA,1231,1a:00:00:00:00:00,-73,11,0,0,0,0,0,0,0,0,0,-91,0,1,0,232643453,0,31,0,128,0,"[0,0,1,-6,-2,-6,-3,-4,-1,0,2,3,4,3,7,4,9,5,10,3,10,1,9,2,10,3,12,6,13,9,14,8,16,5,18,5,20,7,21,6,21,6,23,7,21,9,18,11,18,14,18,15,19,15,0,0,0,0,0,0,0,0,0,0,0,0,0,0,0,0,0,0,0,0,0,0,1,-1,0,-3,1,-4,1,-5,2,-6,2,-8,2,-8,3,-9,3,-9,2,-10,2,-10,2,-10,2,-10,2,-10,1,-10,1,-10,0,-9,0,-9,0,-10,0,-9,0,-8,0,-6,-1,-5,0,-5,1,-5,0,-5]"
CSI_DATA,1232,1a:00:00:00:00:00,-74,11,0,0,0,0,0,0,0,0,0,-91,0,1,0,232841261,0,31,0,128,0,"[0,0,1,-2,0,1,-1,3,-3,2,-3,1,-3,0,-4,0,-6,1,-7,3,-8,5,-8,8,-8,11,-8,12,-8,11,-10,14,-9,15,-11,13,-15,15,-16,17,-19,15,-22,14,-20,17,-17,21,-18,22,-20,20,-20,16,0,0,0,0,0,0,0,0,0,0,0,0,0,0,0,0,0,0,0,0,0,0,-1,0,0,1,2,3,3,4,3,4,4,4,6,4,6,5,6,6,6,7,7,7,7,7,8,5,9,4,8,4,7,4,8,4,8,4,6,2,5,2,5,3,5,3,5,3,4,2,5,1,5,0]"
CSI_DATA,1233,1a:00:00:00:00:00,-75,11,0,0,0,0,0,0,0,0,0,-91,0,1,0,232845058,0,31,0,128,0,"[0,0,-1,1,-1,1,-1,0,-2,-1,-3,-2,-4,-3,-4,-3,-5,-3,-6,-4,-7,-5,-7,-4,-8,-4,-10,-5,-11,-7,-11,-9,-12,-7,-14,-4,-16,-7,-16,-11,-12,-12,-11,-14,-14,-14,-14,-16,-12,-20,-16,-21,-19,-19,0,0,0,0,0,0,0,0,0,0,0,0,0,0,0,0,0,0,0,0,0,0,0,1,1,1,2,1,2,2,3,3,4,4,4,4,4,4,4,5,3,5,4,5,4,5,4,5,5,5,4,5,3,6,3,6,4,6,4,5,3,5,3,4,2,3,1,2,2,2,2,3,2,3]"
CSI_DATA,1234,1a:00:00:00:00:00,-75,11,0,0,0,0,0,0,0,0,0,-91,0,1,0,233040317,0,31,0,128,0,"[0,0,-5,0,1,1,3,0,2,-2,5,0,6,0,4,-6,4,-8,3,-7,1,-9,2,-13,4,-15,4,-17,2,-19,1,-20,4,-21,5,-20,3,-21,3,-24,7,-27,8,-30,8,-30,7,-29,7,-31,7,-31,8,-30,0,0,0,0,0,0,0,0,0,0,0,0,0,0,0,0,0,0,0,0,0,0,0,-2,-1,-4,-3,-4,-4,-4,-5,-5,-6,-5,-6,-6,-7,-7,-7,-7,-7,-7,-7,-6,-7,-6,-8,-5,-10,-3,-10,-3,-10,-4,-12,-5,-12,-5,-9,-2,-7,-2,-9,-3,-10,-2,-9,-2,-8,-2,-7,0,-6,2]"
[0;32mI (233158) ftm_responder: Counter = 233[0m
CSI_DATA,1235,1a:00:00:00:00:00,-74,11,0,0,0,0,0,0,0,0,0,-91,0,1,0,233241357,0,31,0,128,0,"[0,0,5,-4,1,-3,-1,3,-1,5,-1,2,1,2,3,3,4,3,5,3,8,4,10,3,10,2,10,2,14,2,16,1,15,1,14,2,16,2,17,3,19,5,21,7,21,6,21,6,21,8,21,9,20,9,0,0,0,0,0,0,0,0,0,0,0,0,0,0,0,0,0,0,0,0,0,0,0,0,0,-1,0,-2,-1,-3,-1,-4,0,-5,0,-6,0,-7,1,-7,0,-7,0,-7,0,-6,0,-7,-1,-7,0,-7,-1,-7,-2,-7,-2,-7,-3,-6,-2,-6,-1,-6,0,-7,-2,-7,-3,-6,-3,0,-4,4]"
CSI_DATA,1236,1a:00:00:00:00:00,-74,11,0,0,0,0,0,0,0,0,0,-91,0,1,0,233643579,0,31,0,128,0,"[0,0,0,0,-2,0,-1,1,-1,0,-1,1,-1,3,-2,5,-4,5,-4,6,-3,8,-2,9,-1,9,0,9,1,12,1,13,1,14,2,15,2,17,2,19,1,20,0,20,0,21,1,23,1,22,-1,22,-3,23,0,0,0,0,0,0,0,0,0,0,0,0,0,0,0,0,0,0,0,0,0,0,0,1,1,1,2,1,3,1,4,1,5,1,6,2,7,2,7,1,8,1,8,1,8,0,8,0,8,-1,7,-1,6,-1,6,0,7,-1,7,-3,6,-2,5,-2,6,-2,6,-3,3,-3,2,-4,2,-3]"
CSI_DATA,1237,1a:00:00:00:00:00,-74,11,0,0,0,0,0,0,0,0,0,-91,0,1,0,233846263,0,31,0,128,0,"[0,0,-4,4,1,5,5,6,5,6,5,3,6,-1,7,0,9,2,12,3,14,2,14,0,13,-1,14,-1,15,-4,17,-8,20,-8,22,-9,24,-10,25,-12,26,-11,27,-9,28,-7,28,-8,29,-11,30,-9,30,-6,0,0,0,0,0,0,0,0,0,0,0,0,0,0,0,0,0,0,0,0,0,0,-2,0,-2,-1,-3,-2,-4,-3,-6,-4,-8,-4,-9,-5,-9,-5,-8,-5,-9,-5,-10,-5,-10,-5,-10,-5,-10,-4,-11,-3,-12,-3,-11,-2,-12,-2,-11,-3,-8,-2,-7,0,-6,1,-6,1,-6,2,-4,2,-5,1]"
CSI_DATA,1238,1a:00:00:00:00:00,-73,11,0,0,0,0,0,0,0,0,0,-91,0,1,0,233905811,0,42,0,128,0,"[0,0,-2,-4,-4,-5,-4,-5,-4,-5,-6,-3,-8,-2,-9,-1,-9,0,-10,0,-10,1,-11,2,-12,4,-13,6,-13,7,-13,7,-14,8,-15,9,-17,10,-20,11,-20,11,-20,11,-21,11,-22,10,-23,9,-24,8,-26,7,0,0,0,0,0,0,0,0,0,0,0,0,0,0,0,0,0,0,0,0,0,0,0,-3,1,-4,2,-3,3,-3,4,-4,5,-4,6,-4,6,-3,7,-3,7,-4,7,-4,7,-4,7,-3,7,-4,7,-4,6,-5,5,-4,5,-4,5,-5,5,-6,4,-6,2,-6,1,-5,1,-6,0,-6,0,-5]"
[0;32mI (234158) ftm_responder: Counter = 234[0m
CSI_DATA,1239,1a:00:00:00:00:00,-73,11,0,0,0,0,0,0,0,0,0,-91,0,1,0,234408609,0,42,0,128,0,"[0,0,-2,4,-3,5,-3,6,-2,8,-1,10,-1,12,0,12,2,11,3,12,4,12,5,13,5,13,8,14,10,16,11,16,12,16,13,18,13,21,13,22,14,23,15,24,14,25,12,27,12,26,13,26,11,26,0,0,0,0,0,0,0,0,0,0,0,0,0,0,0,0,0,0,0,0,0,0,-3,1,-4,0,-4,-1,-4,-3,-4,-3,-4,-5,-4,-5,-4,-6,-4,-7,-4,-7,-4,-7,-4,-7,-5,-6,-5,-5,-5,-5,-5,-5,-5,-5,-6,-5,-7,-3,-7,-2,-7,-2,-6,-2,-5,-1,-5,1,-5,1,-5,0]"
CSI_DATA,1240,1a:00:00:00:00:00,-72,11,0,0,0,0,0,0,0,0,0,-91,0,1,0,234908046,0,42,0,128,0,"[0,0,3,5,2,5,1,7,3,7,6,6,8,8,8,8,9,9,10,9,10,7,10,7,12,5,15,3,16,4,19,6,23,5,24,4,22,6,24,7,28,7,29,6,27,6,27,5,28,6,28,9,26,12,0,0,0,0,0,0,0,0,0,0,0,0,0,0,0,0,0,0,0,0,0,0,-3,1,-3,1,-3,0,-3,-2,-3,-3,-3,-4,-2,-5,-2,-5,-4,-5,-4,-5,-4,-5,-4,-5,-5,-4,-5,-5,-5,-6,-5,-5,-5,-3,-4,-3,-3,-2,-4,-1,-4,0,-4,1,-5,2,-3,3,-1,4,-1,5]"
CSI_DATA,1241,1a:00:00:00:00:00,-72,11,0,0,0,0,0,0,0,0,0,-91,0,1,0,234998527,0,31,0,128,0,"[0,0,0,3,0,3,0,4,2,6,4,6,5,5,7,5,8,6,8,6,9,6,10,5,11,5,12,6,14,5,15,4,16,4,17,4,19,5,20,5,20,6,21,7,22,7,22,7,22,8,21,9,19,10,0,0,0,0,0,0,0,0,0,0,0,0,0,0,0,0,0,0,0,0,0,0,-2,1,-2,0,-3,-1,-3,-1,-3,-2,-3,-2,-3,-3,-3,-3,-3,-4,-3,-4,-3,-4,-3,-3,-4,-3,-4,-3,-4,-3,-5,-2,-5,-2,-4,-2,-3,-1,-3,0,-3,1,-3,1,-3,1,-3,1,-3,2,-3,3]"
[0;32mI (235158) ftm_responder: Counter = 235[0m
CSI_DATA,1242,1a:00:00:00:00:00,-72,11,0,0,0,0,0,0,0,0,0,-91,0,1,0,235199800,0,31,0,128,0,"[0,0,-1,-4,-1,-5,-2,-6,-4,-7,-5,-8,-4,-8,-4,-9,-6,-9,-9,-9,-9,-9,-9,-9,-10,-10,-12,-11,-14,-12,-14,-12,-17,-12,-18,-14,-17,-13,-17,-15,-17,-19,-17,-19,-21,-19,-23,-19,-21,-20,-21,-21,-21,-22,0,0,0,0,0,0,0,0,0,0,0,0,0,0,0,0,0,0,0,0,0,0,1,-1,1,-1,1,0,1,1,1,2,1,3,2,4,2,3,2,4,2,5,2,5,2,5,2,4,3,4,3,4,2,3,2,2,3,2,4,1,2,0,1,-2,1,-2,0,-1,-1,0,1,0,2,-2]"
CSI_DATA,1243,1a:00:00:00:00:00,-72,11,0,0,0,0,0,0,0,0,0,-91,0,1,0,235398383,0,31,0,128,0,"[0,0,4,-3,5,-4,5,-7,5,-9,5,-9,4,-9,5,-10,5,-11,4,-11,4,-13,2,-16,1,-17,1,-18,0,-19,0,-22,1,-24,1,-25,1,-26,1,-27,2,-29,3,-29,3,-29,5,-29,5,-29,5,-28,6,-29,0,0,0,0,0,0,0,0,0,0,0,0,0,0,0,0,0,0,0,0,0,0,0,1,0,1,-1,2,-1,2,-2,3,-3,4,-3,4,-4,4,-5,3,-5,4,-5,4,-5,4,-5,4,-4,4,-3,4,-3,4,-4,4,-2,4,0,3,1,2,2,1,2,1,3,2,3,1,2,-1,2,-1]"
CSI_DATA,1244,1a:00:00:00:00:00,-73,11,0,0,0,0,0,0,0,0,0,-91,0,1,0,235602697,0,31,0,128,0,"[0,0,-2,-4,-3,-6,-4,-6,-4,-7,-4,-8,-5,-8,-5,-8,-6,-9,-8,-8,-10,-9,-11,-9,-11,-9,-12,-9,-15,-10,-17,-10,-17,-10,-19,-10,-20,-12,-22,-13,-22,-14,-23,-14,-23,-15,-22,-16,-20,-16,-19,-18,-18,-17,0,0,0,0,0,0,0,0,0,0,0,0,0,0,0,0,0,0,0,0,0,0,1,-2,1,-1,2,0,2,1,2,2,2,3,2,4,2,4,2,4,2,4,2,5,2,6,3,5,3,4,3,3,3,2,3,2,3,2,3,1,4,0,3,1,2,1,3,-2,3,-3,1,-3,0,-3]"
CSI_DATA,1245,1a:00:00:00:00:00,-73,11,0,0,0,0,0,0,0,0,0,-91,0,1,0,235804669,0,31,0,128,0,"[0,0,0,3,-1,3,-2,3,-1,5,2,8,1,8,1,6,1,6,1,6,2,7,3,8,5,9,6,9,7,8,6,9,8,9,10,10,10,11,11,13,12,13,12,14,12,16,12,17,12,17,11,18,11,19,0,0,0,0,0,0,0,0,0,0,0,0,0,0,0,0,0,0,0,0,0,0,-1,-1,-2,-1,-2,0,-2,-1,-3,-2,-3,-3,-3,-3,-3,-3,-3,-4,-3,-4,-2,-4,-2,-4,-3,-4,-4,-4,-4,-4,-3,-4,-3,-4,-3,-2,-4,-1,-4,-1,-4,-1,-4,-1,-3,0,-2,0,-3,0,-4,1]"
CSI_DATA,1246,1a:00:00:00:00:00,-73,11,0,0,0,0,0,0,0,0,0,-91,0,1,0,236001795,0,31,0,128,0,"[0,0,6,-5,4,-5,2,-4,1,-4,1,-5,2,-7,3,-9,1,-9,-2,-10,-4,-11,-4,-12,-4,-14,-7,-15,-8,-16,-9,-17,-11,-16,-11,-15,-11,-18,-11,-21,-11,-23,-11,-25,-11,-26,-10,-26,-9,-26,-8,-25,-9,-27,0,0,0,0,0,0,0,0,0,0,0,0,0,0,0,0,0,0,0,0,0,0,1,-1,2,-1,2,0,1,2,0,3,1,4,-1,5,-1,5,1,5,0,5,0,5,0,4,1,4,2,6,3,7,2,6,2,4,4,3,2,4,0,5,1,3,2,2,4,0,4,1,3,-1,6,-2]"
[0;32mI (236158) ftm_responder: Counter = 236[0m
CSI_DATA,1247,1a:00:00:00:00:00,-73,11,0,0,0,0,0,0,0,0,0,-91,0,1,0,236203038,0,31,0,128,0,"[0,0,-5,-4,-6,-5,-6,-4,-6,-3,-8,-3,-9,-2,-9,-1,-9,0,-9,1,-9,1,-10,2,-12,3,-13,4,-14,5,-15,5,-16,6,-17,8,-17,8,-19,8,-21,8,-21,7,-22,6,-22,5,-22,5,-23,4,-23,3,0,0,0,0,0,0,0,0,0,0,0,0,0,0,0,0,0,0,0,0,0,0,-2,-2,-1,-3,1,-2,1,-3,2,-3,3,-2,3,-2,4,-2,4,-2,4,-2,4,-2,5,-2,5,-3,4,-3,4,-3,4,-2,3,-3,3,-4,3,-4,3,-5,2,-5,1,-5,1,-5,-1,-5,-2,-4,-2,-4]"
CSI_DATA,1248,1a:00:00:00:00:00,-74,11,0,0,0,0,0,0,0,0,0,-91,0,1,0,236404626,0,31,0,128,0,"[0,0,-5,-3,-6,0,-6,2,-6,2,-6,3,-7,4,-8,4,-9,6,-8,7,-8,8,-8,9,-7,10,-6,12,-7,13,-8,14,-9,15,-8,15,-8,17,-8,18,-8,19,-9,19,-12,20,-14,20,-15,20,-16,19,-16,18,0,0,0,0,0,0,0,0,0,0,0,0,0,0,0,0,0,0,0,0,0,0,-4,-2,-3,-3,-2,-4,-1,-4,0,-4,1,-4,2,-5,1,-4,1,-4,2,-5,2,-5,1,-6,0,-6,1,-5,1,-5,2,-4,2,-5,1,-5,0,-4,-1,-4,-1,-4,-3,-4,-4,-4,-4,-4,-2,-2,-2,-1]"
CSI_DATA,1249,1a:00:00:00:00:00,-74,11,0,0,0,0,0,0,0,0,0,-91,0,1,0,236465127,0,42,0,128,0,"[0,0,-8,0,-7,1,-8,2,-9,2,-9,4,-8,6,-8,6,-9,7,-9,8,-9,9,-8,10,-8,11,-7,13,-8,15,-8,17,-8,19,-8,20,-9,21,-10,22,-11,23,-12,24,-13,23,-14,24,-14,23,-15,22,-15,20,0,0,0,0,0,0,0,0,0,0,0,0,0,0,0,0,0,0,0,0,0,0,-2,-2,-2,-2,-1,-3,0,-3,1,-4,2,-5,2,-5,2,-5,2,-5,3,-4,2,-4,2,-5,2,-6,2,-6,2,-6,2,-6,1,-5,1,-4,0,-4,-1,-5,-1,-4,-2,-4,-3,-4,-5,-3,-6,-2,-6,-1]"
CSI_DATA,1250,1a:00:00:00:00:00,-73,11,0,0,0,0,0,0,0,0,0,-91,0,1,0,236532601,0,31,0,128,0,"[0,0,-4,8,-3,8,-3,6,-2,5,-2,7,-1,10,-1,11,-1,10,2,10,4,11,3,13,3,15,4,14,8,15,10,17,13,17,14,20,12,24,9,23,8,21,9,25,9,27,12,25,15,25,15,26,15,27,0,0,0,0,0,0,0,0,0,0,0,0,0,0,0,0,0,0,0,0,0,0,-2,0,-2,-1,-3,-2,-3,-2,-3,-3,-2,-4,-2,-5,-3,-5,-2,-5,-2,-6,-2,-7,-2,-7,-3,-6,-5,-5,-4,-5,-4,-5,-4,-5,-2,-4,-2,-3,-2,-2,-2,-1,-5,0,-5,3,-4,4,-5,3,-7,1]"
CSI_DATA,1251,1a:00:00:00:00:00,-73,11,0,0,0,0,0,0,0,0,0,-91,0,1,0,236740469,0,31,0,128,0,"[0,0,-10,2,-10,2,-9,4,-10,6,-12,7,-12,9,-9,10,-9,9,-9,10,-10,13,-10,15,-9,15,-9,15,-9,18,-9,22,-9,24,-9,25,-10,26,-12,28,-13,29,-14,29,-14,30,-16,29,-17,28,-17,27,-17,27,0,0,0,0,0,0,0,0,0,0,0,0,0,0,0,0,0,0,0,0,0,0,-4,-1,-2,-3,-1,-4,0,-4,1,-5,2,-5,1,-6,2,-6,2,-6,2,-5,2,-6,2,-5,2,-3,2,-3,2,-5,2,-6,1,-5,-1,-5,-1,-5,-2,-6,-3,-4,-4,-2,-4,-2,-4,-1,-6,-1,-7,-1]"
CSI_DATA,1252,1a:00:00:00:00:00,-72,11,0,0,0,0,0,0,0,0,0,-91,0,1,0,236936487,0,31,0,128,0,"[0,0,-3,5,-3,6,-4,6,-4,7,-3,9,-3,9,-2,9,-1,10,0,10,2,10,3,10,3,11,4,13,5,15,5,15,7,15,6,16,5,17,7,18,6,20,3,25,3,25,4,21,6,21,6,24,4,24,0,0,0,0,0,0,0,0,0,0,0,0,0,0,0,0,0,0,0,0,0,0,-2,2,-2,1,-2,0,-3,-1,-3,-2,-4,-3,-3,-3,-3,-3,-3,-3,-4,-4,-3,-4,-3,-4,-4,-4,-4,-4,-4,-4,-4,-4,-4,-3,-4,-2,-4,-1,-4,-1,-3,-1,-3,1,-4,1,-5,1,-5,2,-5,3]"
CSI_DATA,1253,1a:00:00:00:00:00,-72,11,0,0,0,0,0,0,0,0,0,-91,0,1,0,237141838,0,31,0,128,0,"[0,0,6,-4,6,-4,6,-5,7,-6,7,-6,6,-7,6,-9,4,-9,3,-11,4,-12,3,-13,2,-13,2,-13,2,-14,1,-16,1,-18,1,-23,1,-26,3,-24,7,-23,10,-25,8,-26,6,-25,10,-24,10,-26,11,-27,0,0,0,0,0,0,0,0,0,0,0,0,0,0,0,0,0,0,0,0,0,0,1,-1,1,0,1,0,0,1,0,2,-1,3,-2,3,-2,3,-2,3,-2,3,-2,3,-2,4,-1,4,-1,3,-1,3,-1,3,0,3,1,2,0,2,1,1,2,0,3,-1,3,-1,3,-1,3,-1,4,-2]"
CSI_DATA,1254,1a:00:00:00:00:00,-72,11,0,0,0,0,0,0,0,0,0,-91,0,1,0,237145438,0,31,0,128,0,"[0,0,-8,3,-9,3,-8,3,-9,4,-10,3,-9,4,-8,6,-7,7,-8,8,-9,9,-8,11,-7,12,-6,12,-6,12,-6,15,-7,17,-9,16,-9,15,-9,15,-11,18,-12,21,-10,21,-11,21,-14,21,-16,19,-15,19,0,0,0,0,0,0,0,0,0,0,0,0,0,0,0,0,0,0,0,0,0,0,-2,0,-2,-1,-2,-2,-1,-3,-1,-3,-1,-4,0,-4,0,-3,1,-3,2,-4,1,-4,1,-4,0,-4,0,-4,0,-4,0,-5,0,-5,0,-4,-1,-3,-2,-2,-2,-2,-2,-2,-4,-1,-6,0,-7,1,-7,-1]"
[0;32mI (237158) ftm_responder: Counter = 237[0m

***ERROR*** A stack overflow in task loop_task has been detected.


Backtrace: 0x40375be9:0x3fcb6460 0x4037c65d:0x3fcb6480 0x4037d4aa:0x3fcb64a0 0x4037e953:0x3fcb6520 0x4037d570:0x3fcb6540 0x4037d566:0x3c085745 |<-CORRUPTED
Build:Mar 27 2021
rst:0xc (RTC_SW_CPU_RST),boot:0x8 (SPI_FAST_FLASH_BOOT)
Saved PC:0x4037abfa
SPIWP:0xee
mode:DIO, clock div:1
load:0x3fce2810,len:0x15a0
load:0x403c8700,len:0x4
load:0x403c8704,len:0xd20
load:0x403cb700,len:0x2ee4
entry 0x403c8928
[0;32mI (26) boot: ESP-IDF v5.4-dirty 2nd stage bootloader[0m
[0;32mI (26) boot: compile time May  6 2025 13:26:06[0m
[0;32mI (26) boot: Multicore bootloader[0m
[0;32mI (27) boot: chip revision: v0.2[0m
[0;32mI (29) boot: efuse block revision: v1.3[0m
[0;32mI (33) boot.esp32s3: Boot SPI Speed : 80MHz[0m
[0;32mI (37) boot.esp32s3: SPI Mode       : DIO[0m
[0;32mI (41) boot.esp32s3: SPI Flash Size : 2MB[0m
[0;32mI (44) boot: Enabling RNG early entropy source...[0m
[0;32mI (49) boot: Partition Table:[0m
[0;32mI (52) boot: ## Label            Usage          Type ST Offset   Length[0m
[0;32mI (58) boot:  0 nvs              WiFi data        01 02 00009000 00006000[0m
[0;32mI (64) boot:  1 phy_init         RF data          01 01 0000f000 00001000[0m
[0;32mI (71) boot:  2 factory          factory app      00 00 00010000 00100000[0m
[0;32mI (77) boot: End of partition table[0m
[0;32mI (81) esp_image: segment 0: paddr=00010020 vaddr=3c080020 size=18f0ch (102156) map[0m
[0;32mI (106) esp_image: segment 1: paddr=00028f34 vaddr=3fc99a00 size=04a08h ( 18952) load[0m
[0;32mI (111) esp_image: segment 2: paddr=0002d944 vaddr=40374000 size=026d4h (  9940) load[0m
[0;32mI (113) esp_image: segment 3: paddr=00030020 vaddr=42000020 size=7ff4ch (524108) map[0m
[0;32mI (210) esp_image: segment 4: paddr=000aff74 vaddr=403766d4 size=13270h ( 78448) load[0m
[0;32mI (228) esp_image: segment 5: paddr=000c31ec vaddr=600fe100 size=0001ch (    28) load[0m
[0;32mI (237) boot: Loaded app from partition at offset 0x10000[0m
[0;32mI (237) boot: Disabling RNG early entropy source...[0m
[0;32mI (247) cpu_start: Multicore app[0m
[0;32mI (256) cpu_start: Pro cpu start user code[0m
[0;32mI (256) cpu_start: cpu freq: 160000000 Hz[0m
[0;32mI (256) app_init: Application information:[0m
[0;32mI (256) app_init: Project name:     responder[0m
[0;32mI (260) app_init: App version:      89f9f88-dirty[0m
[0;32mI (265) app_init: Compile time:     Jul 21 2025 20:52:32[0m
[0;32mI (270) app_init: ELF file SHA256:  2b702322b...[0m
[0;32mI (274) app_init: ESP-IDF:          v5.4-dirty[0m
[0;32mI (278) efuse_init: Min chip rev:     v0.0[0m
[0;32mI (282) efuse_init: Max chip rev:     v0.99 [0m
[0;32mI (286) efuse_init: Chip rev:         v0.2[0m
[0;32mI (290) heap_init: Initializing. RAM available for dynamic allocation:[0m
[0;32mI (296) heap_init: At 3FCA2020 len 000476F0 (285 KiB): RAM[0m
[0;32mI (301) heap_init: At 3FCE9710 len 00005724 (21 KiB): RAM[0m
[0;32mI (306) heap_init: At 3FCF0000 len 00008000 (32 KiB): DRAM[0m
[0;32mI (312) heap_init: At 600FE11C len 00001ECC (7 KiB): RTCRAM[0m
[0;32mI (318) spi_flash: detected chip: gd[0m
[0;32mI (320) spi_flash: flash io: dio[0m
[0;33mW (323) spi_flash: Detected size(8192k) larger than the size in the binary image header(2048k). Using the size in the binary image header.[0m
[0;32mI (336) sleep_gpio: Configure to isolate all GPIO pins in sleep state[0m
[0;32mI (342) sleep_gpio: Enable automatic switching of GPIO sleep configuration[0m
[0;32mI (349) main_task: Started on CPU0[0m
[0;32mI (359) main_task: Calling app_main()[0m
[0;32mI (369) pp: pp rom version: e7ae62f[0m
[0;32mI (369) net80211: net80211 rom version: e7ae62f[0m
[0;32mI (389) wifi_init: rx ba win: 6[0m
[0;32mI (389) wifi_init: accept mbox: 6[0m
[0;32mI (389) wifi_init: tcpip mbox: 32[0m
[0;32mI (389) wifi_init: udp mbox: 6[0m
[0;32mI (389) wifi_init: tcp mbox: 6[0m
[0;32mI (399) wifi_init: tcp tx win: 5760[0m
[0;32mI (399) wifi_init: tcp rx win: 5760[0m
[0;32mI (399) wifi_init: tcp mss: 1440[0m
[0;32mI (409) wifi_init: WiFi IRAM OP enabled[0m
[0;32mI (409) wifi_init: WiFi RX IRAM OP enabled[0m
[0;32mI (409) phy_init: phy_version 680,a6008b2,Jun  4 2024,16:41:10[0m
[0;32mI (899) ftm_responder: Starting SoftAP with FTM Responder support, SSID - FTM, Password - ftmftmftm, Primary Channel - 1, Bandwidth - 20MHz[0m
[0;32mI (909) ftm_responder: FTM Responder is ready, waiting for FTM requests...[0m
[0;32mI (909) ftm_responder: Counter = 1[0m
[0;32mI (909) main_task: Returned from app_main()[0m
[0;32mI (1259) csi_recv: ================ CSI RECV ================[0m
type,id,mac,rssi,rate,sig_mode,mcs,bandwidth,smoothing,not_sounding,aggregation,stbc,fec_coding,sgi,noise_floor,ampdu_cnt,channel,secondary_channel,local_timestamp,ant,sig_len,rx_state,len,first_word,data
CSI_DATA,0,1a:00:00:00:00:00,-75,11,0,0,0,0,0,0,0,0,0,-96,0,1,0,1259516,0,42,0,128,0,"[0,0,5,-3,6,-4,4,-4,2,0,1,4,2,3,0,3,-2,4,0,4,5,3,7,4,6,7,6,8,7,9,8,10,9,11,9,13,9,15,9,17,10,18,10,19,10,19,9,20,7,21,6,21,6,21,0,0,0,0,0,0,0,0,0,0,0,0,0,0,0,0,0,0,0,0,0,0,7,2,6,0,7,-1,8,-2,9,-3,9,-4,10,-4,10,-5,11,-5,11,-5,11,-5,10,-5,10,-6,10,-7,10,-8,9,-10,8,-8,8,-8,6,-11,5,-10,7,-7,10,-8,9,-7,6,-4,5,-3,4,-5]"
CSI_DATA,1,1a:00:00:00:00:00,-73,11,0,0,0,0,0,0,0,0,0,-96,0,1,0,1320914,0,31,0,128,0,"[0,0,3,3,4,0,3,-2,-1,1,-2,1,0,1,-1,4,-3,4,-4,3,-5,2,-5,1,-5,5,-7,8,-11,10,-12,11,-10,10,-10,9,-13,9,-15,10,-13,11,-14,12,-17,10,-18,8,-19,7,-21,6,-19,6,0,0,0,0,0,0,0,0,0,0,0,0,0,0,0,0,0,0,0,0,0,0,-4,6,-4,6,-4,7,-3,8,-2,10,-2,10,-1,10,-2,10,-2,11,-1,11,0,10,1,10,0,10,0,10,2,11,3,10,2,6,1,6,2,8,5,7,6,4,4,2,4,1,6,1,5,3,3,4]"
CSI_DATA,2,1a:00:00:00:00:00,-75,11,0,0,0,0,0,0,0,0,0,-96,0,1,0,1520935,0,31,0,128,0,"[0,0,-4,0,-4,-1,-3,-2,-1,-1,1,0,2,-2,2,-3,2,-2,5,-3,6,-5,6,-7,6,-8,6,-8,7,-8,6,-10,5,-12,6,-14,9,-16,11,-16,11,-16,10,-17,11,-18,11,-18,13,-19,16,-18,18,-18,0,0,0,0,0,0,0,0,0,0,0,0,0,0,0,0,0,0,0,0,0,0,-3,-8,-3,-8,-4,-8,-6,-8,-8,-9,-8,-10,-8,-10,-9,-10,-9,-10,-9,-8,-10,-7,-11,-6,-12,-5,-12,-6,-11,-6,-10,-5,-8,-5,-8,-4,-9,-4,-10,-5,-10,-3,-10,0,-9,0,-9,0,-10,0,-8,0]"
CSI_DATA,3,1a:00:00:00:00:00,-74,11,0,0,0,0,0,0,0,0,0,-96,0,1,0,1722060,0,31,0,128,0,"[0,0,2,-4,1,0,-1,0,-1,-1,0,1,1,1,3,0,3,2,3,5,2,5,3,4,3,5,3,6,3,6,4,7,6,9,9,12,10,14,11,13,10,12,9,12,10,13,9,16,9,18,8,19,7,19,0,0,0,0,0,0,0,0,0,0,0,0,0,0,0,0,0,0,0,0,0,0,6,-1,7,-1,8,-3,8,-4,8,-4,9,-5,10,-5,10,-6,10,-7,10,-7,9,-7,8,-7,8,-7,7,-8,6,-10,6,-10,5,-10,4,-9,4,-8,2,-8,1,-8,0,-10,1,-10,2,-9,1,-8,0,-8]"
[0;32mI (1909) ftm_responder: Counter = 2[0m
CSI_DATA,4,1a:00:00:00:00:00,-74,11,0,0,0,0,0,0,0,0,0,-96,0,1,0,1923370,0,31,0,128,0,"[0,0,1,-6,1,-4,0,-4,1,-4,2,-1,1,1,1,2,1,3,1,3,2,3,3,3,3,4,3,6,5,7,8,8,8,9,7,10,9,10,9,11,8,12,8,13,8,14,8,16,8,18,7,18,6,18,0,0,0,0,0,0,0,0,0,0,0,0,0,0,0,0,0,0,0,0,0,0,6,-6,5,-7,5,-8,5,-9,4,-10,4,-11,4,-12,4,-12,4,-11,4,-11,4,-11,4,-11,4,-12,2,-12,1,-13,2,-13,2,-13,0,-12,-1,-12,-1,-11,-2,-11,-2,-11,-2,-10,-1,-9,-1,-9,-4,-10]"
CSI_DATA,5,1a:00:00:00:00:00,-74,11,0,0,0,0,0,0,0,0,0,-96,0,1,0,2125387,0,31,0,128,0,"[0,0,-5,-9,-6,-7,-4,-4,-3,-3,-1,-1,-1,0,-1,2,1,1,1,2,-1,3,-2,1,2,2,7,6,10,11,10,10,12,6,13,4,10,0,11,4,14,8,15,6,14,9,16,14,15,17,13,19,12,21,0,0,0,0,0,0,0,0,0,0,0,0,0,0,0,0,0,0,0,0,0,0,2,-9,0,-9,0,-10,-1,-10,-1,-11,-2,-12,-3,-12,-2,-13,-3,-13,-3,-14,-3,-13,-4,-13,-6,-12,-7,-13,-7,-13,-6,-12,-6,-12,-6,-11,-7,-10,-8,-10,-8,-11,-8,-11,-8,-10,-7,-7,-7,-4,-6,-4]"
CSI_DATA,6,1a:00:00:00:00:00,-74,11,0,0,0,0,0,0,0,0,0,-96,0,1,0,2325870,0,31,0,128,0,"[0,0,-2,5,-1,4,-1,3,-2,2,-1,0,-1,-3,-2,-5,-3,-6,-4,-4,-4,-3,-5,-5,-5,-7,-5,-8,-6,-10,-6,-11,-6,-12,-6,-14,-7,-16,-8,-17,-7,-18,-7,-20,-8,-21,-6,-23,-4,-23,-3,-24,-4,-23,0,0,0,0,0,0,0,0,0,0,0,0,0,0,0,0,0,0,0,0,0,0,-7,4,-7,5,-6,7,-6,8,-6,9,-6,9,-6,10,-6,10,-7,10,-7,10,-7,10,-6,11,-4,11,-4,11,-4,11,-3,11,-3,10,-2,10,-2,10,-2,10,-2,9,-2,9,-2,9,0,8,0,8,0,7]"
CSI_DATA,7,1a:00:00:00:00:00,-73,11,0,0,0,0,0,0,0,0,0,-95,0,1,0,2728178,0,31,0,128,0,"[0,0,-4,6,-3,6,-3,5,-4,4,-4,4,-3,4,-5,3,-7,2,-7,1,-6,2,-7,2,-8,1,-9,0,-10,0,-11,1,-12,2,-14,2,-16,1,-16,1,-17,3,-20,2,-20,0,-18,-1,-18,-2,-18,-2,-17,-1,0,0,0,0,0,0,0,0,0,0,0,0,0,0,0,0,0,0,0,0,0,0,-8,0,-8,1,-9,2,-9,3,-9,4,-9,4,-10,5,-10,5,-9,6,-9,6,-9,7,-9,7,-8,7,-7,8,-7,9,-6,10,-5,9,-4,9,-4,8,-3,9,-3,9,-3,9,-3,8,-3,8,-3,8,-3,7]"
CSI_DATA,8,1a:00:00:00:00:00,-73,11,0,0,0,0,0,0,0,0,0,-95,0,1,0,2788978,0,42,0,128,0,"[0,0,-2,8,-2,6,-2,4,-3,3,-3,3,-4,3,-5,2,-6,2,-7,3,-8,3,-7,2,-7,2,-8,3,-10,3,-12,3,-12,2,-14,2,-16,3,-16,3,-17,2,-18,2,-19,1,-20,1,-21,1,-19,1,-19,-1,0,0,0,0,0,0,0,0,0,0,0,0,0,0,0,0,0,0,0,0,0,0,-8,0,-8,1,-8,2,-9,3,-9,4,-9,5,-10,6,-10,6,-10,7,-9,7,-9,7,-8,8,-8,8,-7,9,-6,9,-5,9,-4,9,-4,9,-4,9,-3,9,-2,10,-2,10,-2,9,-2,9,-2,9,-2,8]"
[0;32mI (2909) ftm_responder: Counter = 3[0m
CSI_DATA,9,1a:00:00:00:00:00,-74,11,0,0,0,0,0,0,0,0,0,-95,0,1,0,3289168,0,42,0,128,0,"[0,0,-5,4,-5,3,-5,2,-3,2,-2,0,-4,0,-4,-1,-3,-2,-4,-3,-5,-4,-6,-5,-6,-6,-5,-8,-4,-8,-6,-9,-9,-10,-11,-9,-11,-8,-12,-9,-15,-11,-19,-13,-18,-13,-16,-15,-15,-18,-13,-18,-11,-16,0,0,0,0,0,0,0,0,0,0,0,0,0,0,0,0,0,0,0,0,0,0,-8,-2,-9,-1,-9,1,-10,2,-10,2,-11,2,-11,3,-12,3,-12,4,-11,4,-11,5,-11,5,-11,6,-11,6,-11,6,-10,7,-8,8,-6,8,-6,8,-6,8,-7,7,-8,7,-7,7,-5,7,-4,7,-4,6]"
CSI_DATA,10,1a:00:00:00:00:00,-74,11,0,0,0,0,0,0,0,0,0,-95,0,1,0,3656120,0,28,0,128,0,"[0,0,-9,-4,-7,-5,-7,-5,-7,-4,-6,-4,-6,-5,-5,-6,-4,-7,-4,-7,-4,-8,-3,-8,-4,-8,-5,-10,-4,-10,-4,-11,-6,-12,-7,-13,-6,-14,-6,-16,-6,-17,-6,-18,-5,-20,-3,-21,-3,-20,-3,-20,-3,-19,0,0,0,0,0,0,0,0,0,0,0,0,0,0,0,0,0,0,0,0,0,0,2,-7,2,-8,1,-9,-1,-10,-1,-10,-2,-10,-2,-11,-3,-11,-3,-12,-4,-11,-4,-11,-4,-11,-5,-11,-7,-10,-7,-10,-7,-9,-7,-8,-9,-7,-10,-7,-8,-7,-8,-7,-8,-6,-9,-6,-10,-6,-9,-5,-9,-5]"
CSI_DATA,11,1a:00:00:00:00:00,-73,11,0,0,0,0,0,0,0,0,0,-95,0,1,0,3658162,0,165,0,128,0,"[0,0,-1,-7,0,-6,2,-6,2,-7,2,-7,4,-6,5,-7,5,-7,6,-7,7,-6,6,-5,6,-7,7,-8,7,-7,9,-5,11,-5,12,-5,13,-4,14,-2,18,-1,21,-1,21,-2,19,-2,19,-1,19,-1,20,-1,0,0,0,0,0,0,0,0,0,0,0,0,0,0,0,0,0,0,0,0,0,0,6,-5,6,-6,6,-6,6,-7,6,-8,6,-10,6,-10,6,-11,6,-11,5,-11,5,-11,5,-11,4,-11,2,-11,1,-11,2,-10,2,-11,1,-12,0,-12,1,-12,1,-12,1,-11,0,-12,-2,-13,-2,-11,1,-10]"
CSI_DATA,12,1a:00:00:00:00:00,-73,11,0,0,0,0,0,0,0,0,0,-95,0,1,0,3739041,0,137,0,128,0,"[0,0,-8,-7,-7,-5,-6,-6,-6,-6,-6,-6,-5,-7,-4,-7,-3,-8,-1,-8,0,-7,-2,-9,-3,-11,-3,-10,-2,-10,-1,-11,-2,-13,-1,-14,0,-16,1,-19,2,-20,1,-21,0,-21,1,-20,3,-20,5,-21,6,-21,0,0,0,0,0,0,0,0,0,0,0,0,0,0,0,0,0,0,0,0,0,0,4,-7,3,-8,2,-8,1,-9,0,-10,0,-11,0,-12,-1,-13,-1,-13,-1,-13,-1,-13,-2,-13,-3,-13,-4,-12,-4,-12,-5,-12,-6,-11,-7,-11,-9,-10,-10,-10,-9,-10,-8,-10,-8,-9,-8,-8,-7,-8,-7,-8]"
CSI_DATA,13,1a:00:00:00:00:00,-74,11,0,0,0,0,0,0,0,0,0,-95,0,1,0,3792505,0,42,0,128,0,"[0,0,10,0,8,0,7,0,7,1,6,0,6,0,6,0,8,2,8,3,8,3,9,2,8,4,8,4,10,3,11,2,12,2,14,-1,15,-1,16,2,16,5,13,3,13,-1,15,2,18,8,17,9,13,7,0,0,0,0,0,0,0,0,0,0,0,0,0,0,0,0,0,0,0,0,0,0,-2,7,-1,7,0,7,1,7,2,8,3,9,4,9,5,9,6,9,6,9,7,8,8,8,8,8,8,7,8,5,10,4,10,3,11,3,11,3,12,1,11,0,10,-1,11,-2,10,-2,9,-2,10,-1]"
CSI_DATA,14,1a:00:00:00:00:00,-74,11,0,0,0,0,0,0,0,0,0,-95,0,1,0,3879694,0,31,0,128,0,"[0,0,5,1,5,1,4,4,1,5,-1,7,0,7,2,6,2,8,3,9,5,6,4,5,0,7,-2,9,-2,10,-3,10,-3,11,-2,13,-1,14,-3,16,-6,16,-6,15,-6,15,-11,15,-13,17,-11,18,-11,19,0,0,0,0,0,0,0,0,0,0,0,0,0,0,0,0,0,0,0,0,0,0,-1,7,0,7,0,8,1,8,2,8,2,9,2,10,3,10,3,9,3,9,4,10,5,11,5,10,6,9,7,8,8,7,9,6,9,7,8,8,7,7,8,6,8,5,7,4,4,7,4,8,7,5]"
[0;32mI (3909) ftm_responder: Counter = 4[0m
CSI_DATA,15,1a:00:00:00:00:00,-73,11,0,0,0,0,0,0,0,0,0,-95,0,1,0,4080738,0,31,0,128,0,"[0,0,9,7,8,6,7,5,7,5,7,5,6,5,5,5,5,4,5,5,3,6,3,7,3,7,2,7,2,7,2,8,0,8,-1,9,-1,11,-2,11,-4,9,-6,10,-7,13,-8,13,-10,13,-11,13,-12,13,0,0,0,0,0,0,0,0,0,0,0,0,0,0,0,0,0,0,0,0,0,0,-4,9,-3,9,-2,9,-2,10,-1,11,-1,12,0,12,1,13,1,13,1,13,2,13,2,12,3,12,3,12,5,12,6,11,7,11,8,11,8,10,8,9,9,9,9,8,9,8,10,8,9,7,9,8]"
CSI_DATA,16,1a:00:00:00:00:00,-73,11,0,0,0,0,0,0,0,0,0,-95,0,1,0,4282219,0,31,0,128,0,"[0,0,-2,11,-1,9,-2,11,-2,12,-3,10,-4,6,-2,7,-1,8,-2,6,-2,4,-3,4,-5,6,-7,7,-8,6,-8,4,-8,2,-8,0,-10,-1,-12,0,-12,0,-14,-2,-15,-4,-14,-6,-13,-7,-14,-6,-16,-6,0,0,0,0,0,0,0,0,0,0,0,0,0,0,0,0,0,0,0,0,0,0,-11,2,-11,3,-11,4,-11,5,-11,6,-12,7,-12,7,-13,7,-13,8,-13,9,-12,9,-12,10,-12,10,-11,11,-10,12,-9,12,-7,12,-6,12,-6,13,-6,13,-4,12,-3,12,-3,13,-2,13,0,12,-2,12]"
CSI_DATA,17,1a:00:00:00:00:00,-74,11,0,0,0,0,0,0,0,0,0,-94,0,1,0,4483099,0,31,0,128,0,"[0,0,-10,-2,-9,-2,-7,-2,-6,-2,-4,-2,-2,-3,-1,-3,-2,-3,-1,-4,-1,-4,0,-4,1,-5,0,-7,0,-8,1,-9,1,-10,2,-12,3,-14,3,-15,4,-16,5,-17,6,-18,7,-17,9,-17,12,-17,14,-16,0,0,0,0,0,0,0,0,0,0,0,0,0,0,0,0,0,0,0,0,0,0,-4,-8,-5,-8,-6,-8,-6,-8,-7,-8,-8,-8,-9,-8,-9,-9,-9,-8,-9,-8,-10,-8,-10,-8,-10,-7,-11,-5,-12,-4,-11,-4,-11,-5,-12,-5,-13,-3,-13,-1,-13,0,-13,-1,-12,0,-10,1,-9,0,-11,0]"
CSI_DATA,18,1a:00:00:00:00:00,-73,11,0,0,0,0,0,0,0,0,0,-94,0,1,0,4684727,0,31,0,128,0,"[0,0,-3,-12,-3,-13,-5,-11,-5,-9,-3,-8,-2,-7,0,-8,-2,-8,-7,-3,-4,0,3,-5,8,-11,9,-11,6,-12,5,-15,5,-16,7,-18,8,-22,9,-23,10,-20,13,-19,18,-22,16,-22,15,-17,16,-10,13,-7,0,0,0,0,0,0,0,0,0,0,0,0,0,0,0,0,0,0,0,0,0,0,3,-10,2,-10,2,-10,1,-11,1,-12,1,-13,0,-13,0,-13,0,-13,-1,-14,-2,-14,-2,-13,-2,-13,-3,-12,-4,-11,-4,-12,-5,-13,-5,-12,-6,-12,-6,-11,-5,-12,-5,-12,-6,-11,-6,-11,-6,-11,-7,-11]"
CSI_DATA,19,1a:00:00:00:00:00,-73,11,0,0,0,0,0,0,0,0,0,-94,0,1,0,4885517,0,31,0,128,0,"[0,0,-9,8,-9,8,-9,6,-8,4,-9,3,-10,3,-10,2,-9,2,-9,3,-10,5,-9,4,-10,4,-10,5,-10,5,-11,4,-13,4,-14,4,-16,3,-17,2,-17,2,-18,2,-20,2,-20,2,-19,0,-19,-3,-19,-3,0,0,0,0,0,0,0,0,0,0,0,0,0,0,0,0,0,0,0,0,0,0,-7,-8,-8,-7,-9,-6,-9,-6,-10,-6,-11,-5,-11,-5,-12,-5,-12,-5,-12,-4,-12,-3,-12,-2,-12,-1,-12,0,-12,1,-13,2,-12,3,-11,3,-10,4,-10,4,-12,5,-13,6,-12,7,-11,7,-10,7,-10,6]"
[0;32mI (4909) ftm_responder: Counter = 5[0m
CSI_DATA,20,1a:00:00:00:00:00,-73,11,0,0,0,0,0,0,0,0,0,-94,0,1,0,5086890,0,31,0,128,0,"[0,0,6,7,5,7,5,7,5,7,5,6,4,6,4,7,4,7,4,7,4,6,4,7,5,8,5,9,6,10,5,11,4,12,5,13,5,14,4,14,5,15,3,16,1,15,1,15,2,16,0,15,-3,15,0,0,0,0,0,0,0,0,0,0,0,0,0,0,0,0,0,0,0,0,0,0,-9,3,-9,4,-9,4,-8,5,-8,7,-8,8,-7,9,-6,10,-5,9,-5,10,-5,11,-4,12,-3,11,-2,11,-1,11,1,11,2,11,3,10,3,11,3,12,4,11,4,10,5,10,5,10,5,9,5,8]"
CSI_DATA,21,1a:00:00:00:00:00,-73,11,0,0,0,0,0,0,0,0,0,-94,0,1,0,5287905,0,31,0,128,0,"[0,0,-11,-5,-9,-4,-8,-4,-8,-6,-8,-9,-7,-10,-7,-9,-7,-7,-7,-5,-7,-4,-7,-6,-7,-7,-8,-10,-7,-11,-6,-12,-6,-13,-6,-15,-6,-17,-6,-17,-7,-17,-5,-17,-3,-18,-2,-19,-1,-20,1,-22,0,-22,0,0,0,0,0,0,0,0,0,0,0,0,0,0,0,0,0,0,0,0,0,0,-3,-12,-3,-11,-4,-11,-4,-11,-5,-11,-5,-12,-6,-12,-7,-11,-6,-11,-7,-10,-8,-10,-9,-10,-9,-9,-10,-8,-10,-8,-10,-8,-11,-7,-12,-5,-13,-6,-14,-4,-13,-4,-11,-5,-11,-6,-11,-5,-10,-5,-10,-4]"
CSI_DATA,22,1a:00:00:00:00:00,-72,11,0,0,0,0,0,0,0,0,0,-94,0,1,0,5348893,0,42,0,128,0,"[0,0,7,-4,8,-4,8,-4,9,-4,7,-3,5,-4,5,-6,5,-6,5,-8,6,-7,6,-3,6,-1,4,-5,6,-8,10,-8,13,-7,16,-5,16,-4,16,0,18,1,17,0,14,-2,14,-3,17,-2,18,-1,18,1,0,0,0,0,0,0,0,0,0,0,0,0,0,0,0,0,0,0,0,0,0,0,4,8,4,8,5,8,6,7,7,7,8,7,8,7,8,6,9,6,9,6,9,5,10,4,10,3,11,2,11,0,11,-1,11,-2,10,-3,10,-3,11,-4,11,-4,10,-4,9,-5,8,-5,8,-5,9,-5]"
CSI_DATA,23,1a:00:00:00:00:00,-73,11,0,0,0,0,0,0,0,0,0,-94,0,1,0,5419686,0,31,0,128,0,"[0,0,-12,4,-11,7,-10,11,-8,11,-6,6,-5,1,-8,-1,-11,0,-10,1,-9,2,-9,2,-9,-1,-11,-3,-13,-2,-14,0,-13,-1,-14,-2,-16,-5,-18,-6,-19,-6,-18,-6,-16,-10,-13,-12,-12,-14,-12,-16,-13,-17,0,0,0,0,0,0,0,0,0,0,0,0,0,0,0,0,0,0,0,0,0,0,-9,5,-9,5,-9,5,-8,6,-8,7,-9,7,-9,7,-8,8,-8,8,-9,8,-10,8,-10,9,-9,9,-8,9,-8,9,-7,9,-5,10,-4,9,-7,8,-10,10,-9,12,-8,10,-6,7,-6,6,-9,8,-9,10]"
CSI_DATA,24,1a:00:00:00:00:00,-71,11,0,0,0,0,0,0,0,0,0,-94,0,1,0,5621766,0,31,0,128,0,"[0,0,-12,0,-12,2,-8,2,-7,0,-6,0,-6,2,-9,4,-12,4,-12,1,-13,1,-12,2,-11,2,-12,1,-13,2,-14,2,-16,1,-16,1,-18,1,-19,1,-19,-1,-19,-4,-19,-4,-20,-5,-19,-7,-17,-6,-17,-4,0,0,0,0,0,0,0,0,0,0,0,0,0,0,0,0,0,0,0,0,0,0,3,-10,2,-10,0,-10,-1,-11,-2,-12,-3,-12,-4,-12,-4,-11,-4,-11,-5,-10,-7,-10,-9,-9,-9,-9,-8,-8,-9,-7,-10,-6,-9,-5,-9,-5,-10,-5,-10,-4,-8,-1,-9,-1,-9,-3,-11,-2,-16,-2,-18,-4]"
CSI_DATA,25,1a:00:00:00:00:00,-72,11,0,0,0,0,0,0,0,0,0,-94,0,1,0,5821360,0,31,0,128,0,"[0,0,-11,-6,-9,-6,-9,-6,-9,-7,-9,-7,-8,-7,-8,-8,-7,-8,-7,-7,-9,-6,-10,-6,-9,-8,-9,-9,-10,-9,-11,-8,-11,-10,-11,-13,-11,-14,-11,-14,-11,-14,-10,-15,-10,-16,-10,-17,-8,-17,-9,-17,-9,-17,0,0,0,0,0,0,0,0,0,0,0,0,0,0,0,0,0,0,0,0,0,0,2,-10,1,-10,0,-10,0,-10,-1,-11,-2,-11,-3,-12,-3,-12,-4,-12,-4,-12,-4,-11,-5,-10,-6,-11,-6,-11,-6,-11,-8,-10,-9,-10,-10,-8,-9,-7,-10,-7,-10,-8,-10,-8,-10,-8,-9,-8,-9,-8,-10,-8]"
[0;32mI (5919) ftm_responder: Counter = 6[0m
CSI_DATA,26,1a:00:00:00:00:00,-71,11,0,0,0,0,0,0,0,0,0,-94,0,1,0,6022818,0,31,0,128,0,"[0,0,7,-7,7,-7,6,-9,3,-9,1,-7,0,-4,1,-3,5,-6,13,-7,16,-9,11,-9,8,-6,10,-5,12,-7,12,-9,12,-8,14,-8,16,-6,17,-3,16,-4,17,-6,26,-4,28,-5,23,-9,22,-8,25,-2,0,0,0,0,0,0,0,0,0,0,0,0,0,0,0,0,0,0,0,0,0,0,8,1,8,0,8,-1,8,-2,8,-2,9,-2,8,-3,8,-4,8,-4,8,-5,8,-5,8,-5,8,-5,8,-6,7,-6,7,-7,6,-8,7,-9,7,-9,7,-9,6,-9,7,-9,7,-8,6,-8,6,-8,6,-8]"
CSI_DATA,27,1a:00:00:00:00:00,-72,11,0,0,0,0,0,0,0,0,0,-94,0,1,0,6224215,0,31,0,128,0,"[0,0,1,-12,2,-13,3,-12,2,-13,2,-13,3,-12,3,-12,2,-13,1,-13,2,-13,1,-14,1,-15,2,-15,2,-15,1,-17,1,-18,2,-19,3,-20,4,-21,5,-21,5,-21,6,-21,7,-21,7,-21,9,-21,10,-20,0,0,0,0,0,0,0,0,0,0,0,0,0,0,0,0,0,0,0,0,0,0,10,-3,9,-3,9,-4,9,-5,8,-6,8,-7,7,-7,7,-7,7,-8,7,-9,7,-9,6,-9,5,-10,4,-10,5,-10,5,-11,5,-13,4,-13,3,-12,4,-11,4,-11,2,-11,2,-13,2,-13,1,-12,1,-11]"
CSI_DATA,28,1a:00:00:00:00:00,-71,11,0,0,0,0,0,0,0,0,0,-94,0,1,0,6425020,0,31,0,128,0,"[0,0,-7,-9,-6,-8,-4,-7,-4,-7,-4,-8,-4,-9,-9,-13,-13,-14,-7,-9,-2,-13,-3,-20,-3,-14,-4,-9,-3,-10,0,-13,-1,-16,-2,-17,-3,-19,-3,-22,-2,-20,0,-19,2,-20,-1,-20,-3,-22,1,-25,4,-24,0,0,0,0,0,0,0,0,0,0,0,0,0,0,0,0,0,0,0,0,0,0,4,-11,3,-10,3,-10,2,-10,1,-10,0,-11,0,-12,-1,-12,-2,-12,-3,-12,-3,-12,-3,-11,-4,-11,-5,-11,-5,-11,-5,-11,-6,-12,-7,-11,-7,-10,-8,-10,-8,-10,-8,-10,-8,-9,-8,-9,-8,-9,-9,-9]"
CSI_DATA,29,1a:00:00:00:00:00,-73,11,0,0,0,0,0,0,0,0,0,-94,0,1,0,6626170,0,31,0,128,0,"[0,0,5,10,5,8,4,7,4,8,4,8,3,8,2,9,2,8,3,8,4,10,3,10,2,10,4,11,6,13,7,14,6,14,4,16,5,18,5,18,4,19,1,20,0,21,2,21,2,21,1,20,-1,18,0,0,0,0,0,0,0,0,0,0,0,0,0,0,0,0,0,0,0,0,0,0,-8,7,-7,7,-6,8,-6,9,-5,9,-4,10,-3,11,-3,11,-3,11,-2,11,-1,11,0,11,0,11,1,10,2,11,2,11,2,10,3,10,5,10,6,9,5,9,5,8,5,9,6,9,6,9,6,9]"
CSI_DATA,30,1a:00:00:00:00:00,-73,11,0,0,0,0,0,0,0,0,0,-94,0,1,0,6827342,0,31,0,128,0,"[0,0,0,-10,0,-10,0,-9,0,-9,1,-8,0,-8,1,-8,1,-9,0,-10,2,-10,2,-10,2,-11,2,-12,2,-13,3,-14,2,-13,1,-12,2,-12,3,-14,3,-16,3,-18,4,-20,5,-19,6,-16,8,-15,11,-15,0,0,0,0,0,0,0,0,0,0,0,0,0,0,0,0,0,0,0,0,0,0,9,0,8,-1,8,-2,8,-3,8,-5,7,-5,7,-6,7,-6,7,-7,7,-8,6,-8,6,-9,5,-9,3,-9,3,-9,3,-10,2,-10,2,-10,1,-10,1,-10,1,-11,1,-11,1,-11,0,-10,0,-11,-1,-11]"
CSI_DATA,31,1a:00:00:00:00:00,-73,11,0,0,0,0,0,0,0,0,0,-94,0,1,0,6888313,0,42,0,128,0,"[0,0,4,-11,4,-9,5,-8,6,-8,6,-8,5,-8,5,-8,5,-7,5,-8,5,-8,5,-9,5,-9,5,-10,7,-10,8,-10,9,-11,10,-12,11,-13,14,-12,15,-12,14,-12,14,-14,14,-14,15,-12,17,-10,19,-9,0,0,0,0,0,0,0,0,0,0,0,0,0,0,0,0,0,0,0,0,0,0,8,2,9,2,9,1,9,0,9,-2,10,-3,10,-4,10,-4,10,-5,9,-5,9,-5,9,-5,9,-6,8,-7,7,-8,7,-9,6,-10,5,-10,5,-10,5,-10,5,-11,5,-11,4,-10,4,-10,4,-10,5,-11]"
[0;32mI (6919) ftm_responder: Counter = 7[0m
CSI_DATA,32,1a:00:00:00:00:00,-72,11,0,0,0,0,0,0,0,0,0,-94,0,1,0,6951599,0,31,0,128,0,"[0,0,0,3,4,5,3,9,2,10,3,10,3,10,5,7,4,5,1,7,0,8,0,6,3,7,5,8,5,11,6,14,6,12,6,12,6,15,6,17,3,17,1,17,3,18,4,18,1,18,-1,17,-3,16,0,0,0,0,0,0,0,0,0,0,0,0,0,0,0,0,0,0,0,0,0,0,-10,2,-9,3,-8,4,-8,5,-8,7,-7,8,-6,8,-6,8,-5,8,-4,9,-2,9,-2,9,-2,10,-1,9,-1,8,-1,8,1,9,1,9,1,9,1,9,3,10,5,11,4,11,4,9,3,10,4,13]"
CSI_DATA,33,1a:00:00:00:00:00,-74,11,0,0,0,0,0,0,0,0,0,-93,0,1,0,7152154,0,31,0,128,0,"[0,0,-9,3,-8,3,-8,3,-9,2,-8,1,-7,1,-6,1,-7,1,-8,1,-10,0,-11,0,-10,-1,-9,-2,-11,-2,-13,0,-14,0,-14,-1,-14,-3,-15,-5,-17,-5,-18,-5,-17,-6,-17,-7,-18,-8,-19,-10,-17,-11,0,0,0,0,0,0,0,0,0,0,0,0,0,0,0,0,0,0,0,0,0,0,-4,-9,-5,-9,-6,-8,-7,-8,-8,-8,-8,-7,-9,-7,-10,-6,-10,-6,-11,-5,-11,-6,-11,-6,-12,-5,-13,-4,-13,-2,-13,0,-13,1,-13,2,-12,3,-11,3,-10,4,-10,3,-11,2,-11,2,-11,2,-12,2]"
CSI_DATA,34,1a:00:00:00:00:00,-73,11,0,0,0,0,0,0,0,0,0,-93,0,1,0,7355634,0,31,0,128,0,"[0,0,-5,-6,-4,-8,-6,-8,-8,-6,-8,-6,-5,-5,-7,-4,-6,-4,-6,-4,-7,-5,-6,-6,-6,-6,-5,-9,-4,-12,-6,-12,-7,-12,-7,-12,-6,-14,-7,-16,-9,-16,-8,-16,-8,-18,-8,-20,-7,-19,-5,-19,-1,-20,0,0,0,0,0,0,0,0,0,0,0,0,0,0,0,0,0,0,0,0,0,0,7,-7,6,-8,6,-8,5,-9,5,-10,4,-11,4,-12,3,-13,1,-14,1,-13,1,-13,0,-13,-2,-12,-3,-12,-5,-12,-7,-13,-8,-12,-8,-12,-8,-10,-8,-9,-8,-9,-9,-11,-7,-10,-4,-8,-4,-7,-6,-7]"
CSI_DATA,35,1a:00:00:00:00:00,-75,11,0,0,0,0,0,0,0,0,0,-93,0,1,0,7554462,0,31,0,128,0,"[0,0,10,4,8,4,6,5,5,4,4,3,3,4,4,5,4,5,4,6,4,6,3,5,2,5,0,5,0,6,0,8,1,11,1,13,1,13,0,15,-1,16,-2,15,-1,16,-1,17,-3,17,-5,16,-7,17,0,0,0,0,0,0,0,0,0,0,0,0,0,0,0,0,0,0,0,0,0,0,-1,10,0,10,1,10,1,10,2,9,4,11,4,13,5,13,5,13,5,13,6,13,7,12,8,11,9,10,9,9,10,10,10,10,10,9,10,9,11,10,12,7,12,6,11,6,9,6,8,6,9,4]"
CSI_DATA,36,1a:00:00:00:00:00,-74,11,0,0,0,0,0,0,0,0,0,-93,0,1,0,7757005,0,31,0,128,0,"[0,0,-1,6,-3,5,-6,5,-3,5,-1,6,-3,6,-4,5,-4,4,-4,4,-4,5,-6,5,-8,2,-8,-2,-9,-4,-12,-2,-13,1,-11,-1,-9,-3,-11,-3,-14,-5,-15,-5,-14,-4,-14,-5,-15,-7,-16,-8,-16,-8,0,0,0,0,0,0,0,0,0,0,0,0,0,0,0,0,0,0,0,0,0,0,-10,0,-10,1,-11,2,-11,3,-11,4,-12,4,-13,4,-12,5,-12,6,-12,7,-12,7,-12,7,-10,8,-9,8,-8,8,-8,9,-8,10,-8,11,-8,10,-7,9,-5,10,-5,10,-5,9,-5,8,-4,9,-5,11]"
[0;32mI (7919) ftm_responder: Counter = 8[0m
CSI_DATA,37,1a:00:00:00:00:00,-74,11,0,0,0,0,0,0,0,0,0,-93,0,1,0,7957317,0,31,0,128,0,"[0,0,-10,-5,-10,-5,-9,-5,-7,-4,-6,-4,-6,-4,-4,-5,-3,-5,-3,-4,-3,-4,-2,-4,-2,-6,-2,-8,-3,-9,-2,-9,0,-10,0,-11,1,-13,4,-14,6,-14,6,-14,8,-14,10,-15,10,-16,11,-14,9,-10,0,0,0,0,0,0,0,0,0,0,0,0,0,0,0,0,0,0,0,0,0,0,0,-11,-1,-11,-2,-11,-3,-11,-4,-13,-4,-14,-5,-14,-5,-14,-6,-15,-6,-15,-7,-14,-7,-14,-8,-14,-9,-14,-10,-12,-11,-11,-12,-10,-12,-10,-13,-10,-13,-10,-12,-9,-12,-9,-12,-9,-12,-8,-13,-7,-13,-8]"
CSI_DATA,38,1a:00:00:00:00:00,-73,11,0,0,0,0,0,0,0,0,0,-93,0,1,0,8158310,0,31,0,128,0,"[0,0,-10,5,-9,5,-8,5,-9,5,-9,4,-8,3,-7,1,-7,0,-7,1,-6,2,-6,2,-7,1,-8,0,-8,-2,-9,-3,-9,-3,-9,-4,-11,-6,-12,-5,-13,-4,-14,-7,-12,-11,-10,-10,-14,-12,-16,-14,-13,-15,0,0,0,0,0,0,0,0,0,0,0,0,0,0,0,0,0,0,0,0,0,0,-8,-7,-8,-7,-10,-6,-11,-5,-12,-4,-13,-4,-14,-4,-14,-4,-15,-3,-15,-3,-15,-2,-15,-1,-14,0,-14,1,-14,1,-15,2,-16,3,-15,5,-13,6,-12,6,-11,7,-12,7,-11,6,-11,6,-11,6,-11,7]"
CSI_DATA,39,1a:00:00:00:00:00,-74,11,0,0,0,0,0,0,0,0,0,-93,0,1,0,8362440,0,31,0,128,0,"[0,0,8,-1,8,-2,8,-2,7,-1,7,1,7,0,6,-1,6,0,7,0,6,1,5,4,5,5,6,5,6,5,4,6,4,7,6,9,5,9,2,10,2,11,3,12,2,11,0,11,-1,13,-2,15,-3,18,0,0,0,0,0,0,0,0,0,0,0,0,0,0,0,0,0,0,0,0,0,0,8,6,8,5,8,4,9,4,10,3,11,4,12,4,12,5,12,5,12,4,12,3,13,2,13,3,13,2,13,2,13,1,13,0,13,-1,13,-2,13,-2,13,-2,12,-2,12,-3,11,-3,11,-3,11,-4]"
CSI_DATA,40,1a:00:00:00:00:00,-73,11,0,0,0,0,0,0,0,0,0,-93,0,1,0,8420277,0,42,0,128,0,"[0,0,-3,5,-6,5,-7,6,-6,6,-5,7,-6,6,-6,5,-6,4,-6,4,-5,4,-4,5,-5,3,-4,0,-3,-3,-6,-4,-8,-3,-8,0,-12,1,-14,-3,-13,-6,-15,-7,-16,-7,-15,-7,-14,-8,-14,-10,-13,-10,0,0,0,0,0,0,0,0,0,0,0,0,0,0,0,0,0,0,0,0,0,0,-9,-1,-10,-1,-10,-1,-11,0,-11,1,-12,2,-13,2,-13,2,-13,3,-13,4,-13,4,-13,5,-13,6,-13,5,-13,5,-12,5,-10,6,-10,7,-12,8,-11,9,-8,9,-7,10,-7,10,-7,10,-7,10,-6,12]"
CSI_DATA,41,1a:00:00:00:00:00,-72,11,0,0,0,0,0,0,0,0,0,-93,0,1,0,8488257,0,31,0,128,0,"[0,0,8,1,6,1,2,1,2,4,5,4,7,2,7,2,6,3,3,2,2,2,6,4,6,5,2,5,-1,7,-2,9,-1,9,0,9,0,10,-4,13,-7,15,-5,14,-5,11,-8,10,-9,11,-10,13,-14,12,0,0,0,0,0,0,0,0,0,0,0,0,0,0,0,0,0,0,0,0,0,0,4,8,4,7,5,7,6,7,7,7,8,8,8,9,9,9,9,9,9,9,9,9,10,8,10,7,11,6,11,6,10,6,10,8,13,7,12,5,10,5,8,5,10,5,12,4,12,3,13,2,13,2]"
CSI_DATA,42,1a:00:00:00:00:00,-72,11,0,0,0,0,0,0,0,0,0,-93,0,1,0,8689006,0,31,0,128,0,"[0,0,-13,2,-13,2,-12,2,-12,1,-12,0,-11,-1,-10,0,-8,2,-8,0,-9,-1,-9,-2,-7,-2,-7,-3,-8,-4,-10,-6,-10,-8,-10,-11,-10,-11,-10,-10,-9,-12,-8,-13,-7,-14,-6,-16,-7,-16,-7,-16,-7,-17,0,0,0,0,0,0,0,0,0,0,0,0,0,0,0,0,0,0,0,0,0,0,-10,-6,-10,-5,-10,-5,-11,-4,-12,-3,-13,-3,-13,-4,-14,-3,-14,-3,-14,-3,-15,-2,-15,-1,-14,0,-14,1,-15,1,-16,1,-15,1,-15,3,-15,4,-15,4,-14,4,-13,4,-13,4,-12,4,-12,4,-14,5]"
CSI_DATA,43,1a:00:00:00:00:00,-72,11,0,0,0,0,0,0,0,0,0,-93,0,1,0,8891793,0,31,0,128,0,"[0,0,1,-15,2,-15,2,-13,2,-12,2,-11,2,-9,3,-9,3,-10,3,-10,3,-9,3,-8,3,-8,4,-9,5,-10,6,-10,7,-10,7,-9,7,-9,8,-10,10,-11,11,-11,13,-10,12,-9,13,-8,15,-7,13,-5,0,0,0,0,0,0,0,0,0,0,0,0,0,0,0,0,0,0,0,0,0,0,9,-2,10,-3,10,-4,10,-5,10,-6,10,-7,10,-8,10,-9,11,-9,10,-9,10,-9,10,-10,9,-11,7,-12,7,-11,8,-11,6,-12,6,-13,5,-13,4,-13,4,-12,4,-13,3,-14,2,-14,1,-12,2,-13]"
[0;32mI (8919) ftm_responder: Counter = 9[0m
CSI_DATA,44,1a:00:00:00:00:00,-73,11,0,0,0,0,0,0,0,0,0,-93,0,1,0,9091432,0,31,0,128,0,"[0,0,3,-10,4,-10,3,-10,3,-10,3,-9,4,-7,4,-6,3,-6,3,-5,3,-5,4,-5,4,-5,4,-4,5,-4,7,-3,6,-3,7,-2,8,-1,9,1,10,1,10,0,11,1,11,3,11,4,10,5,9,5,0,0,0,0,0,0,0,0,0,0,0,0,0,0,0,0,0,0,0,0,0,0,9,-1,9,-2,10,-3,10,-3,11,-4,12,-5,13,-5,13,-6,13,-7,13,-7,13,-8,13,-9,12,-9,11,-9,10,-9,10,-10,10,-12,9,-13,9,-12,8,-12,8,-13,8,-12,7,-13,6,-14,7,-13,7,-11]"
CSI_DATA,45,1a:00:00:00:00:00,-74,11,0,0,0,0,0,0,0,0,0,-93,0,1,0,9292592,0,31,0,128,0,"[0,0,-2,5,-4,4,-4,3,-3,1,-4,0,-6,1,-6,1,-6,0,-7,1,-7,2,-9,2,-10,3,-13,5,-17,7,-17,7,-15,9,-15,8,-16,6,-18,7,-21,8,-20,7,-20,7,-21,9,-23,10,-25,9,-25,9,0,0,0,0,0,0,0,0,0,0,0,0,0,0,0,0,0,0,0,0,0,0,-4,3,-4,4,-3,5,-3,6,-3,8,-3,9,-3,10,-3,10,-3,10,-3,10,-2,10,-2,11,-2,10,-2,9,-1,9,1,10,2,10,1,9,1,8,1,8,2,7,3,6,2,5,1,5,0,5,-1,5]"
CSI_DATA,46,1a:00:00:00:00:00,-73,11,0,0,0,0,0,0,0,0,0,-93,0,1,0,9496066,0,31,0,128,0,"[0,0,-4,0,-5,-3,-7,-3,-7,-1,-6,-1,-7,-2,-8,-4,-8,-4,-11,-4,-14,-3,-13,-3,-13,-3,-13,1,-14,3,-17,2,-20,1,-23,-1,-23,-2,-21,-2,-22,-3,-25,-4,-28,-4,-28,-4,-28,-6,-29,-8,-29,-6,0,0,0,0,0,0,0,0,0,0,0,0,0,0,0,0,0,0,0,0,0,0,-3,2,-2,3,-2,4,-2,5,-2,6,-2,6,-2,8,-2,9,-1,9,-1,8,-1,9,-1,9,0,9,0,9,0,9,1,10,1,9,2,8,2,8,2,8,1,7,0,6,-1,4,0,3,-1,2,-3,2]"
CSI_DATA,47,1a:00:00:00:00:00,-73,11,0,0,0,0,0,0,0,0,0,-93,0,1,0,9695115,0,31,0,128,0,"[0,0,-3,-3,-1,-3,0,-3,1,-3,2,-3,3,-4,3,-5,5,-5,5,-6,4,-7,4,-9,5,-9,5,-10,5,-12,6,-14,6,-16,6,-18,8,-19,8,-18,8,-18,6,-20,7,-22,10,-22,10,-21,10,-20,10,-19,0,0,0,0,0,0,0,0,0,0,0,0,0,0,0,0,0,0,0,0,0,0,1,-4,0,-4,-1,-5,-2,-6,-2,-6,-3,-7,-3,-8,-4,-8,-4,-8,-4,-8,-5,-8,-5,-7,-5,-7,-6,-6,-7,-5,-7,-5,-7,-5,-7,-5,-6,-5,-7,-4,-6,-4,-6,-4,-6,-3,-5,-2,-4,-2,-4,-2]"
CSI_DATA,48,1a:00:00:00:00:00,-73,11,0,0,0,0,0,0,0,0,0,-93,0,1,0,9896277,0,31,0,128,0,"[0,0,-2,-3,-1,-5,0,-5,1,-4,1,-5,1,-7,2,-8,3,-10,2,-13,1,-15,1,-15,2,-16,1,-17,0,-17,0,-19,0,-22,0,-24,1,-26,1,-29,1,-31,2,-31,2,-31,3,-32,4,-31,5,-30,5,-30,0,0,0,0,0,0,0,0,0,0,0,0,0,0,0,0,0,0,0,0,0,0,-3,-2,-4,-2,-6,-1,-7,-1,-7,-1,-8,-2,-10,-3,-10,-3,-10,-2,-11,-2,-11,-2,-11,-1,-10,-1,-10,-1,-9,-1,-10,0,-10,1,-10,1,-10,1,-8,1,-6,1,-5,0,-5,1,-4,1,-2,1,-2,1]"
[0;32mI (9919) ftm_responder: Counter = 10[0m
CSI_DATA,49,1a:00:00:00:00:00,-74,11,0,0,0,0,0,0,0,0,0,-93,0,1,0,9957194,0,42,0,128,0,"[0,0,-2,2,-2,2,-3,2,-3,3,-4,3,-4,3,-5,4,-5,6,-5,6,-5,7,-6,9,-7,10,-7,11,-6,14,-6,15,-6,16,-5,16,-7,16,-10,17,-11,18,-10,19,-9,19,-11,20,-12,22,-11,21,-12,20,0,0,0,0,0,0,0,0,0,0,0,0,0,0,0,0,0,0,0,0,0,0,1,1,2,2,3,3,3,3,5,3,5,4,6,5,6,5,6,5,6,5,6,5,6,5,6,5,6,3,7,3,7,2,6,2,6,3,6,2,5,1,5,0,4,0,4,0,4,0,3,0,1,0]"
CSI_DATA,50,1a:00:00:00:00:00,-72,11,0,0,0,0,0,0,0,0,0,-93,0,1,0,10030211,0,31,0,128,0,"[0,0,4,-1,1,4,0,7,2,7,4,4,3,2,0,4,0,5,4,6,4,7,1,9,1,12,3,13,4,14,3,13,4,13,3,17,1,20,0,20,0,21,1,22,1,20,-1,20,0,22,0,25,-1,28,0,0,0,0,0,0,0,0,0,0,0,0,0,0,0,0,0,0,0,0,0,0,4,-3,4,-3,5,-4,6,-3,7,-4,9,-5,9,-5,8,-5,9,-5,10,-5,10,-4,10,-4,9,-6,9,-6,10,-6,10,-5,9,-6,8,-7,6,-8,3,-8,4,-6,4,-4,5,-4,7,-3,6,-4,3,-4]"
CSI_DATA,51,1a:00:00:00:00:00,-72,11,0,0,0,0,0,0,0,0,0,-93,0,1,0,10233632,0,31,0,128,0,"[0,0,-4,5,-2,6,-2,5,-3,2,-3,2,-2,1,-2,2,-4,5,-4,6,-4,7,-4,7,-5,5,-6,7,-5,9,-5,10,-7,13,-9,16,-10,16,-10,18,-9,21,-11,20,-12,18,-12,18,-12,18,-14,16,-16,16,0,0,0,0,0,0,0,0,0,0,0,0,0,0,0,0,0,0,0,0,0,0,0,5,1,6,1,6,1,6,1,7,1,9,2,10,2,11,3,11,3,11,4,10,4,10,5,10,5,10,4,10,5,9,6,9,7,10,8,9,8,8,7,6,9,3,10,2,9,3,8,0,6,-2]"
CSI_DATA,52,1a:00:00:00:00:00,-72,11,0,0,0,0,0,0,0,0,0,-93,0,1,0,10431570,0,31,0,128,0,"[0,0,-2,-3,-1,-3,-3,-4,-4,-6,-2,-6,1,-6,0,-6,-1,-8,-1,-9,-2,-9,-2,-10,-2,-10,0,-10,2,-12,1,-13,-2,-16,-4,-18,-5,-18,-3,-16,-2,-17,-3,-18,-3,-20,-3,-23,-3,-26,-1,-26,0,-25,0,0,0,0,0,0,0,0,0,0,0,0,0,0,0,0,0,0,0,0,0,0,0,-5,-1,-7,-2,-8,-3,-9,-3,-10,-3,-11,-4,-11,-4,-11,-5,-12,-5,-12,-6,-10,-8,-9,-9,-10,-9,-10,-9,-11,-8,-10,-8,-8,-10,-8,-10,-7,-8,-7,-6,-6,-6,-4,-5,-5,-2,-5,-2,-3,-7,-1]"
CSI_DATA,53,1a:00:00:00:00:00,-73,11,0,0,0,0,0,0,0,0,0,-93,0,1,0,10632880,0,31,0,128,0,"[0,0,1,6,1,7,0,6,-2,4,-3,4,-2,4,-3,5,-4,5,-4,5,-5,5,-7,5,-8,5,-8,6,-9,6,-10,9,-11,11,-11,13,-13,14,-14,15,-13,16,-12,16,-13,15,-14,15,-15,14,-15,12,-17,12,0,0,0,0,0,0,0,0,0,0,0,0,0,0,0,0,0,0,0,0,0,0,-3,5,-3,5,-3,6,-3,7,-2,9,-2,10,-2,10,-1,11,-1,11,-2,11,-2,11,-1,12,0,12,-1,12,0,12,2,10,3,10,4,11,5,11,4,10,3,7,3,6,5,7,5,7,4,7,3,5]"
