ESP-ROM:esp32s3-20210327
Build:Mar 27 2021
rst:0x15 (USB_UART_CHIP_RESET),boot:0x8 (SPI_FAST_FLASH_BOOT)
Saved PC:0x4037abfa
SPIWP:0xee
mode:DIO, clock div:1
load:0x3fce2810,len:0x15a0
load:0x403c8700,len:0x4
load:0x403c8704,len:0xd20
load:0x403cb700,len:0x2ee4
entry 0x403c8928
[0;32mI (26) boot: ESP-IDF v5.4-dirty 2nd stage bootloader[0m
[0;32mI (27) boot: compile time May  6 2025 13:26:06[0m
[0;32mI (27) boot: Multicore bootloader[0m
[0;32mI (27) boot: chip revision: v0.2[0m
[0;32mI (30) boot: efuse block revision: v1.3[0m
[0;32mI (34) boot.esp32s3: Boot SPI Speed : 80MHz[0m
[0;32mI (37) boot.esp32s3: SPI Mode       : DIO[0m
[0;32mI (41) boot.esp32s3: SPI Flash Size : 2MB[0m
[0;32mI (45) boot: Enabling RNG early entropy source...[0m
[0;32mI (49) boot: Partition Table:[0m
[0;32mI (52) boot: ## Label            Usage          Type ST Offset   Length[0m
[0;32mI (58) boot:  0 nvs              WiFi data        01 02 00009000 00006000[0m
[0;32mI (65) boot:  1 phy_init         RF data          01 01 0000f000 00001000[0m
[0;32mI (71) boot:  2 factory          factory app      00 00 00010000 00100000[0m
[0;32mI (78) boot: End of partition table[0m
[0;32mI (81) esp_image: segment 0: paddr=00010020 vaddr=3c080020 size=18f0ch (102156) map[0m
[0;32mI (107) esp_image: segment 1: paddr=00028f34 vaddr=3fc99a00 size=04a08h ( 18952) load[0m
[0;32mI (111) esp_image: segment 2: paddr=0002d944 vaddr=40374000 size=026d4h (  9940) load[0m
[0;32mI (114) esp_image: segment 3: paddr=00030020 vaddr=42000020 size=7ff4ch (524108) map[0m
[0;32mI (210) esp_image: segment 4: paddr=000aff74 vaddr=403766d4 size=13270h ( 78448) load[0m
[0;32mI (228) esp_image: segment 5: paddr=000c31ec vaddr=600fe100 size=0001ch (    28) load[0m
[0;32mI (237) boot: Loaded app from partition at offset 0x10000[0m
[0;32mI (237) boot: Disabling RNG early entropy source...[0m
[0;32mI (247) cpu_start: Multicore app[0m
[0;32mI (256) cpu_start: Pro cpu start user code[0m
[0;32mI (256) cpu_start: cpu freq: 160000000 Hz[0m
[0;32mI (256) app_init: Application information:[0m
[0;32mI (256) app_init: Project name:     responder[0m
[0;32mI (260) app_init: App version:      89f9f88-dirty[0m
[0;32mI (265) app_init: Compile time:     Jul 21 2025 20:52:32[0m
[0;32mI (270) app_init: ELF file SHA256:  2b702322b...[0m
[0;32mI (274) app_init: ESP-IDF:          v5.4-dirty[0m
[0;32mI (278) efuse_init: Min chip rev:     v0.0[0m
[0;32mI (282) efuse_init: Max chip rev:     v0.99 [0m
[0;32mI (286) efuse_init: Chip rev:         v0.2[0m
[0;32mI (290) heap_init: Initializing. RAM available for dynamic allocation:[0m
[0;32mI (296) heap_init: At 3FCA2020 len 000476F0 (285 KiB): RAM[0m
[0;32mI (301) heap_init: At 3FCE9710 len 00005724 (21 KiB): RAM[0m
[0;32mI (306) heap_init: At 3FCF0000 len 00008000 (32 KiB): DRAM[0m
[0;32mI (312) heap_init: At 600FE11C len 00001ECC (7 KiB): RTCRAM[0m
[0;32mI (318) spi_flash: detected chip: gd[0m
[0;32mI (320) spi_flash: flash io: dio[0m
[0;33mW (323) spi_flash: Detected size(8192k) larger than the size in the binary image header(2048k). Using the size in the binary image header.[0m
[0;32mI (336) sleep_gpio: Configure to isolate all GPIO pins in sleep state[0m
[0;32mI (342) sleep_gpio: Enable automatic switching of GPIO sleep configuration[0m
[0;32mI (349) main_task: Started on CPU0[0m
[0;32mI (359) main_task: Calling app_main()[0m
[0;32mI (369) pp: pp rom version: e7ae62f[0m
[0;32mI (369) net80211: net80211 rom version: e7ae62f[0m
[0;32mI (389) wifi_init: rx ba win: 6[0m
[0;32mI (389) wifi_init: accept mbox: 6[0m
[0;32mI (389) wifi_init: tcpip mbox: 32[0m
[0;32mI (389) wifi_init: udp mbox: 6[0m
[0;32mI (389) wifi_init: tcp mbox: 6[0m
[0;32mI (399) wifi_init: tcp tx win: 5760[0m
[0;32mI (399) wifi_init: tcp rx win: 5760[0m
[0;32mI (399) wifi_init: tcp mss: 1440[0m
[0;32mI (409) wifi_init: WiFi IRAM OP enabled[0m
[0;32mI (409) wifi_init: WiFi RX IRAM OP enabled[0m
[0;32mI (409) phy_init: phy_version 680,a6008b2,Jun  4 2024,16:41:10[0m
[0;32mI (899) ftm_responder: Starting SoftAP with FTM Responder support, SSID - FTM, Password - ftmftmftm, Primary Channel - 1, Bandwidth - 20MHz[0m
[0;32mI (909) ftm_responder: FTM Responder is ready, waiting for FTM requests...[0m
[0;32mI (909) ftm_responder: Counter = 1[0m
[0;32mI (909) main_task: Returned from app_main()[0m
[0;32mI (1909) ftm_responder: Counter = 2[0m
[0;32mI (2909) ftm_responder: Counter = 3[0m
[0;32mI (3909) ftm_responder: Counter = 4[0m
[0;32mI (4909) ftm_responder: Counter = 5[0m
[0;32mI (5909) ftm_responder: Counter = 6[0m
[0;32mI (6909) ftm_responder: Counter = 7[0m
[0;32mI (7469) csi_recv: ================ CSI RECV ================[0m
type,id,mac,rssi,rate,sig_mode,mcs,bandwidth,smoothing,not_sounding,aggregation,stbc,fec_coding,sgi,noise_floor,ampdu_cnt,channel,secondary_channel,local_timestamp,ant,sig_len,rx_state,len,first_word,data
CSI_DATA,0,1a:00:00:00:00:00,-46,11,0,0,0,0,0,0,0,0,0,-94,0,1,0,7467265,0,28,0,128,0,"[0,0,-16,1,-16,2,-16,2,-15,2,-15,2,-14,3,-14,3,-13,3,-12,3,-12,4,-12,4,-11,5,-12,5,-12,6,-11,5,-12,6,-12,6,-12,5,-12,5,-12,5,-12,4,-11,4,-11,3,-11,2,-11,2,-10,1,0,0,0,0,0,0,0,0,0,0,0,0,0,0,0,0,0,0,0,0,0,0,-9,3,-10,3,-10,2,-11,2,-11,1,-12,1,-13,0,-13,-1,-13,-1,-13,-2,-14,-2,-13,-2,-14,-2,-13,-2,-14,-2,-14,-1,-14,-1,-13,-1,-15,-1,-15,0,-14,0,-15,1,-14,1,-16,1,-16,2,-16,1]"
CSI_DATA,1,1a:00:00:00:00:00,-46,11,0,0,0,0,0,0,0,0,0,-94,0,1,0,7469361,0,165,0,128,0,"[0,0,-7,14,-7,13,-6,14,-4,12,-5,13,-5,13,-4,12,-4,12,-3,11,-3,11,-2,12,-1,11,-1,11,-1,12,-1,11,0,12,-1,12,-1,12,-1,12,-2,11,-2,11,-2,11,-3,10,-3,10,-3,9,-4,9,0,0,0,0,0,0,0,0,0,0,0,0,0,0,0,0,0,0,0,0,0,0,-2,8,-3,9,-4,9,-4,9,-5,9,-6,10,-7,10,-7,10,-8,10,-8,9,-8,10,-9,10,-9,10,-9,9,-8,9,-8,10,-8,10,-7,10,-8,11,-8,11,-8,11,-7,12,-7,12,-7,14,-6,13,-7,13]"
CSI_DATA,2,1a:00:00:00:00:00,-46,11,0,0,0,0,0,0,0,0,0,-94,0,1,0,7573178,0,137,0,128,0,"[0,0,-15,5,-16,6,-15,6,-14,5,-14,5,-14,5,-13,6,-12,6,-11,6,-11,7,-11,7,-11,8,-11,8,-10,8,-10,8,-10,8,-11,9,-11,8,-11,7,-11,7,-11,6,-11,6,-11,5,-11,5,-10,4,-10,3,0,0,0,0,0,0,0,0,0,0,0,0,0,0,0,0,0,0,0,0,0,0,-8,5,-8,5,-10,5,-10,5,-11,5,-12,4,-13,3,-13,3,-13,2,-14,2,-14,2,-14,2,-14,2,-14,2,-14,2,-14,3,-14,3,-14,3,-15,3,-15,4,-15,4,-15,4,-15,4,-16,6,-15,6,-16,5]"
CSI_DATA,3,1a:00:00:00:00:00,-46,11,0,0,0,0,0,0,0,0,0,-94,0,1,0,7581443,0,42,0,128,0,"[0,0,6,14,6,13,6,13,6,12,6,13,6,12,6,11,6,10,7,10,7,9,8,9,8,9,8,8,8,9,9,8,9,9,9,9,9,9,8,9,8,9,7,9,6,9,5,9,5,9,4,9,4,9,0,0,0,0,0,0,0,0,0,0,0,0,0,0,0,0,0,0,0,0,0,0,6,6,6,7,5,8,6,9,5,9,5,11,4,11,4,12,3,12,3,12,3,13,3,12,3,12,3,12,3,12,3,12,4,13,4,12,4,13,5,13,5,13,5,13,5,13,7,14,6,14,6,14]"
CSI_DATA,4,1a:00:00:00:00:00,-46,11,0,0,0,0,0,0,0,0,0,-94,0,1,0,7692814,0,31,0,128,0,"[0,0,-10,11,-10,11,-10,11,-9,11,-9,12,-9,10,-8,10,-7,10,-6,10,-6,11,-6,10,-5,10,-5,11,-5,11,-4,10,-4,12,-7,13,-8,10,-6,10,-6,10,-4,11,-5,10,-7,11,-5,10,-5,8,-6,5,0,0,0,0,0,0,0,0,0,0,0,0,0,0,0,0,0,0,0,0,0,0,-3,8,-4,8,-5,8,-6,9,-6,8,-8,9,-8,9,-9,8,-9,8,-10,8,-10,9,-10,8,-11,8,-10,8,-11,8,-10,8,-10,9,-9,8,-11,9,-10,10,-10,10,-10,10,-9,10,-10,12,-10,12,-10,12]"
CSI_DATA,5,1a:00:00:00:00:00,-46,11,0,0,0,0,0,0,0,0,0,-94,0,1,0,7893899,0,31,0,128,0,"[0,0,15,3,15,1,15,2,14,2,14,2,14,1,13,0,13,0,12,-1,12,-1,13,-1,12,-2,12,-2,13,-3,12,-2,13,-3,13,-3,13,-2,13,-2,12,-1,12,-1,12,0,11,0,11,0,11,1,10,2,0,0,0,0,0,0,0,0,0,0,0,0,0,0,0,0,0,0,0,0,0,0,8,-2,9,-1,10,0,11,0,11,1,12,2,12,3,12,3,12,4,12,4,12,5,12,4,12,5,12,4,12,4,12,4,13,4,12,3,14,3,14,3,14,3,14,3,14,3,16,2,15,2,16,3]"
[0;32mI (7909) ftm_responder: Counter = 8[0m
CSI_DATA,6,1a:00:00:00:00:00,-46,11,0,0,0,0,0,0,0,0,0,-94,0,1,0,8095220,0,31,0,128,0,"[0,0,14,-5,15,-6,14,-6,13,-5,14,-6,13,-6,12,-6,12,-6,11,-6,11,-7,11,-8,10,-8,10,-8,10,-9,10,-9,10,-9,10,-9,10,-8,11,-8,10,-7,10,-7,10,-6,10,-6,10,-5,10,-4,9,-3,0,0,0,0,0,0,0,0,0,0,0,0,0,0,0,0,0,0,0,0,0,0,7,-5,8,-5,9,-5,10,-5,10,-4,11,-4,12,-3,12,-2,12,-2,12,-1,13,-2,13,-1,13,-1,13,-2,13,-1,13,-2,13,-2,13,-3,14,-3,14,-4,14,-4,14,-4,14,-4,15,-5,15,-5,15,-5]"
CSI_DATA,7,1a:00:00:00:00:00,-46,11,0,0,0,0,0,0,0,0,0,-93,0,1,0,8298105,0,31,0,128,0,"[0,0,5,-13,0,-10,-6,-12,-4,-10,1,-10,-1,-14,-1,-16,1,-11,-3,-9,-3,-11,-2,-13,-7,-13,-4,-12,-5,-12,-4,-12,-5,-11,-5,-11,-5,-11,-6,-11,-4,-11,-5,-10,-4,-11,-3,-10,-3,-10,-2,-10,-2,-10,0,0,0,0,0,0,0,0,0,0,0,0,0,0,0,0,0,0,0,0,0,0,1,-8,2,-9,2,-9,2,-10,3,-10,3,-10,3,-10,4,-9,6,-10,4,-9,4,-13,8,-11,5,-11,3,-12,6,-17,8,-12,5,-12,0,-15,1,-9,0,-17,4,-14,5,-9,-4,-13,9,-16,6,-12,4,-18]"
CSI_DATA,8,1a:00:00:00:00:00,-46,11,0,0,0,0,0,0,0,0,0,-93,0,1,0,8301283,0,31,0,128,0,"[0,0,15,-5,15,-5,15,-5,14,-5,14,-6,13,-6,13,-6,12,-6,12,-7,11,-7,11,-8,11,-8,11,-8,11,-9,10,-8,11,-9,11,-9,11,-8,11,-8,11,-7,11,-6,11,-6,10,-5,10,-5,10,-4,10,-3,0,0,0,0,0,0,0,0,0,0,0,0,0,0,0,0,0,0,0,0,0,0,7,-5,8,-5,9,-5,10,-5,10,-4,11,-4,12,-3,12,-3,13,-2,13,-2,13,-2,13,-2,13,-2,13,-2,13,-2,13,-2,13,-2,13,-2,14,-3,14,-4,14,-4,14,-4,14,-4,15,-5,16,-6,16,-5]"
CSI_DATA,9,1a:00:00:00:00:00,-46,11,0,0,0,0,0,0,0,0,0,-93,0,1,0,8499464,0,31,0,128,0,"[0,0,-16,-1,-16,-1,-16,0,-15,0,-15,0,-14,0,-14,1,-13,1,-13,2,-13,2,-13,3,-13,3,-13,3,-13,4,-12,4,-13,4,-13,4,-13,4,-13,3,-13,2,-13,2,-12,1,-12,1,-12,1,-11,0,-11,-1,0,0,0,0,0,0,0,0,0,0,0,0,0,0,0,0,0,0,0,0,0,0,-9,2,-10,1,-10,1,-11,0,-11,0,-12,-1,-12,-2,-13,-3,-13,-3,-13,-3,-13,-3,-13,-3,-14,-3,-13,-3,-13,-3,-13,-3,-14,-3,-13,-2,-14,-2,-15,-2,-15,-2,-15,-1,-14,-1,-16,0,-16,0,-16,-1]"
CSI_DATA,10,1a:00:00:00:00:00,-46,11,0,0,0,0,0,0,0,0,0,-93,0,1,0,8698647,0,31,0,128,0,"[0,0,3,16,3,15,3,15,3,14,3,14,3,13,4,13,4,12,5,12,5,11,6,12,6,11,6,11,7,11,7,11,7,11,7,11,7,12,6,11,6,11,5,11,4,11,4,10,3,11,3,10,2,10,0,0,0,0,0,0,0,0,0,0,0,0,0,0,0,0,0,0,0,0,0,0,3,8,3,9,3,9,2,10,2,10,1,12,1,12,0,13,0,13,-1,12,0,13,0,13,-1,13,-1,13,-1,13,0,13,0,14,0,13,1,14,1,14,1,14,2,15,2,14,3,16,3,16,3,16]"
CSI_DATA,11,1a:00:00:00:00:00,-46,11,0,0,0,0,0,0,0,0,0,-93,0,1,0,8900036,0,31,0,128,0,"[0,0,-15,-5,-16,-5,-15,-5,-15,-5,-14,-5,-14,-4,-14,-4,-13,-3,-13,-3,-14,-2,-14,-1,-13,-1,-13,-1,-14,-1,-14,-1,-14,-1,-14,-1,-14,-1,-14,-2,-13,-2,-13,-3,-12,-3,-12,-3,-11,-3,-11,-4,-10,-5,0,0,0,0,0,0,0,0,0,0,0,0,0,0,0,0,0,0,0,0,0,0,-9,-1,-10,-2,-11,-2,-11,-3,-11,-3,-11,-4,-12,-5,-12,-6,-12,-7,-12,-7,-12,-7,-12,-7,-12,-7,-12,-7,-12,-7,-12,-7,-12,-7,-12,-6,-13,-6,-14,-6,-14,-6,-14,-6,-14,-6,-15,-5,-16,-5,-15,-6]"
[0;32mI (8919) ftm_responder: Counter = 9[0m
CSI_DATA,12,1a:00:00:00:00:00,-46,11,0,0,0,0,0,0,0,0,0,-93,0,1,0,9101497,0,31,0,128,0,"[0,0,10,-13,9,-13,10,-13,9,-12,9,-12,8,-12,8,-12,7,-12,6,-12,6,-12,6,-13,5,-12,5,-12,5,-13,5,-13,5,-13,5,-13,5,-13,5,-13,6,-12,6,-11,7,-11,6,-10,7,-10,7,-9,7,-8,0,0,0,0,0,0,0,0,0,0,0,0,0,0,0,0,0,0,0,0,0,0,3,-9,4,-9,5,-9,5,-10,6,-10,7,-10,8,-10,8,-10,9,-10,10,-9,10,-10,10,-9,10,-9,10,-9,10,-9,10,-10,9,-10,9,-10,10,-10,10,-11,9,-11,10,-12,9,-12,10,-13,10,-13,10,-13]"
CSI_DATA,13,1a:00:00:00:00:00,-46,11,0,0,0,0,0,0,0,0,0,-93,0,1,0,9161155,0,42,0,128,0,"[0,0,1,-16,0,-16,1,-15,0,-15,0,-15,0,-15,0,-14,-1,-14,-2,-13,-2,-13,-3,-13,-3,-13,-3,-13,-4,-13,-4,-13,-4,-13,-4,-14,-3,-13,-3,-13,-3,-13,-2,-13,-1,-12,-1,-12,-1,-12,0,-11,1,-10,0,0,0,0,0,0,0,0,0,0,0,0,0,0,0,0,0,0,0,0,0,0,-2,-9,-2,-10,-1,-11,-1,-11,0,-12,0,-12,1,-13,2,-13,2,-13,3,-13,3,-14,3,-13,3,-13,3,-13,3,-13,2,-14,2,-13,2,-14,2,-14,2,-15,2,-15,1,-15,1,-15,1,-16,1,-16,1,-16]"
CSI_DATA,14,1a:00:00:00:00:00,-46,11,0,0,0,0,0,0,0,0,0,-93,0,1,0,9209308,0,31,0,128,0,"[0,0,8,-13,7,-14,7,-14,7,-13,8,-13,6,-13,6,-13,5,-12,4,-12,4,-13,4,-12,3,-12,3,-13,2,-13,3,-13,2,-13,3,-14,3,-13,3,-13,4,-12,4,-11,4,-11,4,-11,5,-10,5,-9,5,-9,0,0,0,0,0,0,0,0,0,0,0,0,0,0,0,0,0,0,0,0,0,0,2,-9,3,-9,4,-10,4,-10,5,-10,6,-11,7,-11,7,-10,8,-10,9,-10,8,-10,9,-10,9,-10,9,-10,9,-10,9,-11,8,-11,8,-11,9,-12,8,-12,8,-12,7,-13,8,-12,9,-14,9,-14,9,-14]"
CSI_DATA,15,1a:00:00:00:00:00,-46,11,0,0,0,0,0,0,0,0,0,-93,0,1,0,9410373,0,31,0,128,0,"[0,0,-9,13,-9,13,-8,12,-7,12,-8,12,-7,12,-7,12,-6,11,-5,11,-4,12,-4,12,-4,12,-3,12,-3,12,-3,12,-3,12,-3,13,-3,12,-4,12,-4,11,-4,11,-5,11,-5,10,-5,10,-5,9,-6,8,0,0,0,0,0,0,0,0,0,0,0,0,0,0,0,0,0,0,0,0,0,0,-3,8,-4,8,-5,9,-5,9,-6,9,-7,9,-8,9,-9,9,-9,9,-10,9,-9,9,-10,9,-10,9,-10,9,-10,9,-9,10,-9,10,-9,10,-9,10,-9,11,-9,11,-9,12,-9,12,-9,13,-9,13,-9,13]"
CSI_DATA,16,1a:00:00:00:00:00,-46,11,0,0,0,0,0,0,0,0,0,-93,0,1,0,9611838,0,31,0,128,0,"[0,0,6,14,7,14,6,13,6,13,6,13,6,12,6,12,7,11,7,11,7,10,8,10,8,9,8,9,9,9,9,9,9,9,9,9,9,10,8,10,7,10,7,10,6,10,5,9,5,10,4,9,3,9,0,0,0,0,0,0,0,0,0,0,0,0,0,0,0,0,0,0,0,0,0,0,6,6,6,7,6,8,6,9,5,9,5,10,4,11,4,12,4,12,3,12,4,13,3,12,4,13,3,12,3,12,4,13,3,13,4,12,5,13,5,13,5,13,5,13,6,13,7,14,7,14,7,14]"
CSI_DATA,17,1a:00:00:00:00:00,-46,11,0,0,0,0,0,0,0,0,0,-93,0,1,0,9813678,0,31,0,128,0,"[0,0,14,6,14,6,14,6,13,5,13,5,13,5,13,4,12,4,12,3,12,3,13,2,12,1,12,1,13,1,13,1,13,1,13,1,13,2,13,2,12,2,11,3,11,3,10,3,10,4,9,4,9,4,0,0,0,0,0,0,0,0,0,0,0,0,0,0,0,0,0,0,0,0,0,0,8,1,9,1,9,2,10,3,10,3,10,4,11,5,10,6,10,7,10,7,11,7,10,7,10,7,10,7,10,7,11,7,11,7,11,7,12,6,12,7,12,6,13,6,13,6,14,6,14,6,14,6]"
[0;32mI (9939) ftm_responder: Counter = 10[0m
CSI_DATA,18,1a:00:00:00:00:00,-46,11,0,0,0,0,0,0,0,0,0,-93,0,1,0,10014105,0,31,0,128,0,"[0,0,-3,15,-3,15,-3,15,-3,14,-3,14,-2,14,-2,14,-1,13,-1,13,0,13,1,13,1,12,1,12,2,13,2,12,2,13,2,13,2,13,1,13,1,12,0,12,0,12,-1,11,-1,11,-1,10,-2,10,0,0,0,0,0,0,0,0,0,0,0,0,0,0,0,0,0,0,0,0,0,0,0,8,-1,9,-1,10,-2,10,-3,11,-3,11,-4,12,-4,12,-5,12,-6,11,-6,12,-6,12,-6,12,-6,12,-6,11,-5,12,-5,12,-5,12,-5,13,-5,13,-4,13,-4,14,-4,14,-4,15,-4,15,-3,16]"
CSI_DATA,19,1a:00:00:00:00:00,-46,11,0,0,0,0,0,0,0,0,0,-93,0,1,0,10215161,0,31,0,128,0,"[0,0,7,-14,6,-15,6,-15,5,-15,5,-14,5,-14,5,-13,4,-13,3,-13,2,-13,2,-13,1,-13,1,-13,1,-14,1,-13,1,-14,1,-14,1,-13,1,-14,2,-13,2,-13,3,-12,3,-12,3,-12,3,-11,4,-10,0,0,0,0,0,0,0,0,0,0,0,0,0,0,0,0,0,0,0,0,0,0,1,-9,2,-10,2,-10,3,-11,4,-11,5,-11,6,-11,6,-11,7,-11,8,-11,7,-12,7,-11,8,-12,7,-11,8,-11,7,-12,7,-12,7,-12,7,-12,7,-13,7,-13,6,-13,7,-14,6,-15,7,-15,6,-15]"
CSI_DATA,20,1a:00:00:00:00:00,-46,11,0,0,0,0,0,0,0,0,0,-93,0,1,0,10416339,0,31,0,128,0,"[0,0,-9,-15,-9,-14,-9,-14,-9,-13,-8,-13,-9,-12,-9,-12,-9,-11,-9,-11,-9,-10,-10,-10,-10,-9,-10,-9,-11,-9,-11,-9,-11,-10,-11,-9,-11,-10,-11,-9,-10,-9,-9,-10,-8,-10,-8,-9,-7,-9,-7,-9,-6,-10,0,0,0,0,0,0,0,0,0,0,0,0,0,0,0,0,0,0,0,0,0,0,-7,-7,-7,-8,-7,-8,-7,-9,-7,-10,-7,-11,-6,-12,-6,-12,-5,-13,-5,-13,-5,-14,-5,-13,-5,-13,-5,-13,-5,-13,-5,-13,-6,-14,-6,-13,-6,-14,-7,-14,-7,-13,-7,-14,-8,-13,-9,-14,-9,-14,-9,-15]"
CSI_DATA,21,1a:00:00:00:00:00,-46,11,0,0,0,0,0,0,0,0,0,-93,0,1,0,10617747,0,31,0,128,0,"[0,0,15,0,16,0,16,0,15,0,15,-1,14,-1,14,-1,13,-2,13,-2,13,-3,13,-4,12,-4,12,-4,12,-4,12,-4,13,-4,12,-4,13,-4,12,-3,12,-3,12,-3,11,-2,11,-2,11,-2,10,-1,10,0,0,0,0,0,0,0,0,0,0,0,0,0,0,0,0,0,0,0,0,0,0,0,8,-3,9,-3,10,-2,11,-2,11,-1,12,0,12,1,12,1,12,2,13,2,13,2,13,3,13,2,13,3,13,3,13,2,13,2,13,2,14,1,14,1,14,1,15,1,15,0,16,0,16,0,16,0]"
CSI_DATA,22,1a:00:00:00:00:00,-46,11,0,0,0,0,0,0,0,0,0,-93,0,1,0,10678772,0,42,0,128,0,"[0,0,5,15,6,14,5,14,6,13,6,13,6,13,6,12,6,11,7,11,7,10,8,10,8,9,8,9,8,9,8,9,8,9,8,9,8,10,8,10,7,9,7,9,6,9,5,9,5,9,5,9,4,9,0,0,0,0,0,0,0,0,0,0,0,0,0,0,0,0,0,0,0,0,0,0,5,7,5,8,5,8,5,9,4,10,4,11,4,12,3,12,2,12,2,12,2,13,2,13,2,13,2,12,2,13,3,13,3,13,3,12,3,13,4,13,4,13,5,14,5,13,6,14,6,15,5,15]"
CSI_DATA,23,1a:00:00:00:00:00,-46,11,0,0,0,0,0,0,0,0,0,-93,0,1,0,10744324,0,31,0,128,0,"[0,0,15,-2,15,-2,14,-2,14,-3,14,-3,14,-2,12,-3,13,-4,11,-4,11,-5,12,-5,11,-5,11,-6,11,-6,11,-6,11,-6,11,-6,11,-6,11,-6,11,-5,10,-4,10,-4,10,-4,10,-3,9,-2,9,-2,0,0,0,0,0,0,0,0,0,0,0,0,0,0,0,0,0,0,0,0,0,0,8,-4,8,-4,9,-3,10,-3,11,-2,11,-1,12,-1,12,0,12,0,12,1,13,1,12,1,13,1,12,1,12,1,13,1,13,1,12,0,14,0,14,-1,14,-1,14,-2,14,-1,16,-2,15,-2,16,-2]"
[0;32mI (10939) ftm_responder: Counter = 11[0m
CSI_DATA,24,1a:00:00:00:00:00,-46,11,0,0,0,0,0,0,0,0,0,-93,0,1,0,10944383,0,31,0,128,0,"[0,0,12,10,12,10,12,9,12,9,11,9,11,8,11,8,11,7,11,6,11,6,12,5,11,5,11,5,12,4,12,4,12,4,12,5,12,5,12,5,11,5,10,5,10,5,9,5,9,5,8,6,7,6,0,0,0,0,0,0,0,0,0,0,0,0,0,0,0,0,0,0,0,0,0,0,8,4,8,5,8,5,8,6,8,7,8,8,8,9,8,9,8,10,7,10,8,11,7,11,8,11,7,11,7,10,8,11,8,10,8,10,9,10,10,10,9,10,10,10,11,10,12,10,12,10,12,11]"
CSI_DATA,25,1a:00:00:00:00:00,-46,11,0,0,0,0,0,0,0,0,0,-93,0,1,0,11145348,0,31,0,128,0,"[0,0,-5,-15,-5,-15,-5,-15,-5,-15,-5,-14,-5,-14,-5,-13,-5,-13,-6,-12,-7,-12,-7,-12,-7,-11,-7,-11,-8,-11,-8,-11,-8,-11,-8,-11,-8,-11,-7,-11,-7,-11,-6,-11,-5,-11,-5,-10,-5,-10,-4,-10,-4,-10,0,0,0,0,0,0,0,0,0,0,0,0,0,0,0,0,0,0,0,0,0,0,-5,-8,-5,-9,-4,-10,-4,-10,-4,-11,-3,-12,-3,-13,-2,-13,-1,-13,-1,-13,-1,-14,-1,-14,-1,-13,-1,-13,-1,-13,-2,-14,-2,-14,-2,-13,-2,-14,-3,-14,-3,-14,-4,-15,-4,-15,-5,-15,-5,-15,-5,-16]"
CSI_DATA,26,1a:00:00:00:00:00,-46,11,0,0,0,0,0,0,0,0,0,-93,0,1,0,11346365,0,31,0,128,0,"[0,0,0,16,1,15,1,16,1,15,1,15,1,14,1,14,1,13,2,13,3,13,3,12,3,12,4,12,4,12,4,12,4,12,4,12,4,12,3,12,3,12,2,11,1,11,1,10,1,11,0,10,0,10,0,0,0,0,0,0,0,0,0,0,0,0,0,0,0,0,0,0,0,0,0,0,3,8,3,9,2,10,2,11,1,11,1,12,0,13,0,13,-1,13,-2,13,-2,14,-2,13,-2,13,-2,13,-2,13,-2,13,-2,13,-1,13,-1,14,-1,14,-1,14,-1,15,0,15,1,16,1,16,1,16]"
CSI_DATA,27,1a:00:00:00:00:00,-46,11,0,0,0,0,0,0,0,0,0,-93,0,1,0,11547488,0,31,0,128,0,"[0,0,15,4,14,3,14,3,14,3,14,3,13,2,13,2,13,1,12,1,12,0,13,0,12,-1,12,-1,13,-2,12,-2,13,-1,12,-2,13,-1,12,-1,12,0,12,0,11,0,10,0,10,1,9,1,9,2,0,0,0,0,0,0,0,0,0,0,0,0,0,0,0,0,0,0,0,0,0,0,8,0,9,0,10,1,10,1,10,2,11,3,11,4,11,4,11,5,11,6,11,6,11,6,11,6,11,6,11,6,11,5,12,6,11,5,13,5,13,4,13,4,14,4,13,4,15,4,15,4,15,4]"
CSI_DATA,28,1a:00:00:00:00:00,-46,11,0,0,0,0,0,0,0,0,0,-93,0,1,0,11749460,0,31,0,128,0,"[0,0,2,-16,1,-17,1,-16,1,-16,1,-16,1,-15,0,-14,0,-14,0,-14,-1,-14,-1,-14,-2,-14,-1,-13,-2,-14,-3,-13,-3,-13,-2,-14,-2,-13,-2,-13,-1,-13,-1,-13,-1,-12,0,-12,1,-12,1,-11,1,-10,0,0,0,0,0,0,0,0,0,0,0,0,0,0,0,0,0,0,0,0,0,0,-2,-9,-1,-10,-1,-11,0,-11,0,-12,1,-12,2,-13,2,-13,3,-13,4,-13,4,-13,4,-13,4,-13,4,-13,4,-13,3,-14,3,-13,3,-14,3,-14,3,-15,3,-14,2,-15,2,-15,2,-16,2,-16,2,-17]"
[0;32mI (11939) ftm_responder: Counter = 12[0m
CSI_DATA,29,1a:00:00:00:00:00,-46,11,0,0,0,0,0,0,0,0,0,-93,0,1,0,11950264,0,31,0,128,0,"[0,0,-8,-14,-8,-14,-7,-14,-8,-14,-8,-13,-8,-13,-8,-13,-8,-12,-8,-11,-9,-11,-9,-10,-9,-10,-9,-10,-10,-10,-10,-10,-10,-10,-10,-10,-10,-10,-9,-10,-9,-10,-8,-10,-7,-10,-7,-9,-6,-10,-6,-10,-5,-9,0,0,0,0,0,0,0,0,0,0,0,0,0,0,0,0,0,0,0,0,0,0,-6,-7,-6,-8,-6,-9,-6,-10,-6,-10,-5,-11,-5,-12,-4,-12,-4,-13,-3,-13,-4,-14,-3,-14,-3,-13,-3,-13,-4,-13,-4,-13,-4,-13,-5,-13,-5,-13,-6,-14,-6,-13,-6,-14,-7,-14,-7,-14,-8,-14,-7,-15]"
CSI_DATA,30,1a:00:00:00:00:00,-46,11,0,0,0,0,0,0,0,0,0,-93,0,1,0,12153244,0,31,0,128,0,"[0,0,2,15,2,15,1,15,2,15,2,14,2,14,3,13,3,12,4,12,4,12,4,12,4,11,4,11,5,11,5,11,5,11,5,12,5,12,5,12,4,11,4,11,3,11,2,10,2,10,1,10,0,9,0,0,0,0,0,0,0,0,0,0,0,0,0,0,0,0,0,0,0,0,0,0,4,8,3,8,3,9,2,10,2,10,1,11,1,12,0,12,0,12,-1,12,-1,13,-1,13,-2,12,-1,12,-1,12,-1,13,-1,13,0,12,0,13,1,14,1,13,1,14,1,14,2,15,2,15,2,15]"
CSI_DATA,31,1a:00:00:00:00:00,-46,11,0,0,0,0,0,0,0,0,0,-93,0,1,0,12211274,0,42,0,128,0,"[0,0,12,-10,12,-10,12,-10,11,-10,11,-10,11,-10,10,-10,9,-10,8,-10,8,-10,8,-11,7,-11,7,-11,7,-11,7,-11,7,-11,7,-12,7,-11,8,-11,8,-10,7,-10,7,-9,7,-9,8,-8,7,-8,8,-6,0,0,0,0,0,0,0,0,0,0,0,0,0,0,0,0,0,0,0,0,0,0,5,-8,5,-7,7,-8,7,-8,8,-8,9,-7,10,-7,10,-7,11,-6,11,-6,11,-6,11,-6,12,-6,11,-6,11,-6,11,-7,11,-7,11,-7,11,-8,11,-8,11,-8,11,-9,11,-9,12,-10,12,-11,12,-10]"
CSI_DATA,32,1a:00:00:00:00:00,-46,11,0,0,0,0,0,0,0,0,0,-93,0,1,0,12275706,0,31,0,128,0,"[0,0,-4,15,-4,15,-4,15,-3,15,-4,14,-3,14,-3,14,-2,13,-1,13,-1,13,0,13,0,13,0,12,0,13,1,13,1,13,0,13,0,13,0,13,-1,12,-1,12,-2,11,-2,11,-2,11,-2,10,-3,10,0,0,0,0,0,0,0,0,0,0,0,0,0,0,0,0,0,0,0,0,0,0,0,9,0,9,-1,10,-2,10,-2,11,-4,11,-4,12,-5,12,-5,12,-6,11,-6,12,-6,12,-6,12,-6,12,-6,11,-6,12,-5,12,-5,12,-5,13,-5,13,-5,13,-5,14,-4,14,-4,15,-4,16,-4,16]"
CSI_DATA,33,1a:00:00:00:00:00,-46,11,0,0,0,0,0,0,0,0,0,-93,0,1,0,12476772,0,31,0,128,0,"[0,0,2,15,2,15,2,14,3,14,2,13,3,13,3,13,3,12,4,12,4,12,5,12,5,11,5,11,5,11,6,11,6,11,5,11,5,11,5,11,4,11,4,11,3,11,3,10,2,10,1,10,1,9,0,0,0,0,0,0,0,0,0,0,0,0,0,0,0,0,0,0,0,0,0,0,4,8,3,8,3,9,3,9,2,11,2,11,1,12,1,12,0,12,0,12,0,13,-1,13,-1,13,-1,12,-1,12,0,13,0,12,0,13,1,13,1,13,1,13,2,14,2,14,2,15,3,15,3,15]"
CSI_DATA,34,1a:00:00:00:00:00,-46,11,0,0,0,0,0,0,0,0,0,-93,0,1,0,12678419,0,31,0,128,0,"[0,0,10,-11,11,-12,11,-11,10,-11,10,-11,9,-11,9,-11,8,-11,7,-11,7,-11,6,-12,6,-12,6,-12,6,-12,5,-12,6,-12,6,-12,6,-12,6,-12,6,-11,6,-11,7,-10,7,-9,7,-9,7,-8,7,-7,0,0,0,0,0,0,0,0,0,0,0,0,0,0,0,0,0,0,0,0,0,0,4,-8,5,-9,6,-9,7,-9,7,-9,8,-9,9,-9,9,-8,10,-8,11,-7,11,-8,11,-7,11,-7,11,-7,11,-7,10,-8,10,-8,10,-9,11,-9,11,-10,11,-9,11,-10,11,-10,11,-12,11,-11,11,-11]"
CSI_DATA,35,1a:00:00:00:00:00,-46,11,0,0,0,0,0,0,0,0,0,-93,0,1,0,12880986,0,31,0,128,0,"[0,0,-13,-8,-14,-8,-13,-7,-13,-8,-13,-7,-13,-6,-13,-6,-13,-6,-13,-5,-13,-5,-13,-4,-12,-3,-12,-4,-13,-3,-13,-3,-13,-3,-13,-3,-13,-4,-13,-4,-12,-4,-12,-4,-11,-5,-11,-5,-10,-5,-9,-6,-9,-6,0,0,0,0,0,0,0,0,0,0,0,0,0,0,0,0,0,0,0,0,0,0,-9,-3,-9,-4,-10,-5,-10,-5,-10,-6,-10,-7,-10,-8,-10,-8,-10,-9,-10,-9,-10,-10,-10,-10,-10,-9,-10,-9,-10,-9,-10,-9,-10,-9,-10,-9,-11,-9,-12,-8,-12,-8,-12,-8,-12,-9,-13,-8,-14,-8,-14,-9]"
[0;32mI (12939) ftm_responder: Counter = 13[0m
CSI_DATA,36,1a:00:00:00:00:00,-46,11,0,0,0,0,0,0,0,0,0,-92,0,1,0,13080320,0,31,0,128,0,"[0,0,-11,11,-11,11,-11,11,-10,11,-10,11,-10,11,-9,11,-8,11,-7,11,-7,11,-6,11,-6,11,-5,11,-5,12,-5,12,-5,12,-6,13,-6,11,-6,11,-6,10,-6,10,-6,10,-7,9,-7,8,-6,8,-7,7,0,0,0,0,0,0,0,0,0,0,0,0,0,0,0,0,0,0,0,0,0,0,-5,7,-6,7,-7,8,-8,8,-9,8,-9,7,-10,7,-11,7,-11,7,-12,6,-12,7,-12,6,-12,6,-12,7,-12,7,-11,7,-11,8,-11,7,-11,8,-11,9,-11,9,-11,10,-11,10,-11,11,-12,11,-12,11]"
CSI_DATA,37,1a:00:00:00:00:00,-46,11,0,0,0,0,0,0,0,0,0,-92,0,1,0,13281718,0,31,0,128,0,"[0,0,15,-3,14,-4,14,-4,13,-3,14,-4,13,-4,13,-4,12,-4,12,-4,11,-5,11,-6,11,-6,11,-6,11,-7,10,-6,11,-7,11,-7,11,-6,11,-6,10,-6,10,-5,10,-4,10,-4,10,-4,9,-3,9,-2,0,0,0,0,0,0,0,0,0,0,0,0,0,0,0,0,0,0,0,0,0,0,7,-4,8,-4,9,-4,10,-4,10,-3,11,-2,11,-2,12,-1,12,-1,12,0,12,0,12,0,13,0,12,0,12,0,12,-1,13,-1,12,-1,13,-1,13,-2,13,-2,14,-3,13,-3,14,-4,15,-4,15,-3]"
CSI_DATA,38,1a:00:00:00:00:00,-46,11,0,0,0,0,0,0,0,0,0,-92,0,1,0,13483138,0,31,0,128,0,"[0,0,14,7,13,6,13,6,13,6,13,5,12,5,12,5,12,4,12,4,12,3,12,2,12,1,12,1,13,2,12,2,13,2,12,2,13,2,12,3,11,3,11,3,10,4,10,4,10,4,9,4,8,5,0,0,0,0,0,0,0,0,0,0,0,0,0,0,0,0,0,0,0,0,0,0,8,1,9,1,9,2,10,3,10,3,10,5,10,6,10,6,10,7,10,7,10,7,10,7,10,7,10,7,10,7,10,7,11,7,10,7,11,7,12,7,12,7,12,6,13,6,13,6,14,6,14,7]"
CSI_DATA,39,1a:00:00:00:00:00,-46,11,0,0,0,0,0,0,0,0,0,-92,0,1,0,13683971,0,31,0,128,0,"[0,0,-4,-16,-4,-16,-4,-15,-4,-15,-4,-14,-4,-14,-5,-14,-5,-13,-6,-13,-6,-13,-7,-12,-7,-12,-7,-12,-7,-12,-8,-12,-8,-12,-8,-12,-7,-11,-7,-12,-6,-11,-6,-11,-5,-11,-5,-11,-4,-11,-4,-10,-3,-10,0,0,0,0,0,0,0,0,0,0,0,0,0,0,0,0,0,0,0,0,0,0,-4,-9,-4,-9,-4,-10,-3,-11,-3,-12,-2,-12,-2,-13,-1,-13,-1,-14,0,-13,0,-14,0,-14,0,-14,0,-14,0,-13,-1,-14,-1,-14,-1,-14,-1,-14,-2,-15,-2,-15,-3,-15,-3,-15,-3,-16,-4,-16,-3,-16]"
CSI_DATA,40,1a:00:00:00:00:00,-46,11,0,0,0,0,0,0,0,0,0,-92,0,1,0,13744010,0,42,0,128,0,"[0,0,-12,10,-12,10,-12,10,-11,9,-11,10,-10,10,-9,9,-10,9,-9,9,-8,10,-8,10,-6,10,-8,10,-8,11,-6,10,-8,9,-5,11,-7,13,-8,8,-7,8,-8,7,-8,10,-7,9,-8,6,-7,8,-9,5,0,0,0,0,0,0,0,0,0,0,0,0,0,0,0,0,0,0,0,0,0,0,-6,6,-7,7,-8,6,-9,7,-9,6,-10,6,-11,6,-11,5,-12,5,-12,5,-12,5,-12,5,-12,5,-12,5,-12,5,-12,6,-12,6,-11,6,-12,7,-12,7,-12,8,-12,8,-12,8,-13,10,-13,10,-12,10]"
CSI_DATA,41,1a:00:00:00:00:00,-46,11,0,0,0,0,0,0,0,0,0,-92,0,1,0,13812952,0,31,0,128,0,"[0,0,-16,2,-16,2,-16,2,-15,2,-15,2,-14,3,-14,3,-14,3,-13,3,-13,4,-13,5,-12,5,-12,6,-12,6,-12,6,-12,6,-13,6,-13,5,-13,5,-12,4,-12,3,-12,3,-12,3,-11,2,-11,2,-10,1,0,0,0,0,0,0,0,0,0,0,0,0,0,0,0,0,0,0,0,0,0,0,-9,3,-10,2,-11,2,-12,2,-12,1,-12,0,-13,0,-13,-1,-13,-1,-14,-2,-14,-1,-14,-1,-14,-2,-14,-2,-13,-2,-14,-1,-14,-1,-14,-1,-15,1,-15,0,-15,0,-15,1,-15,1,-16,2,-16,2,-17,1]"
[0;32mI (13939) ftm_responder: Counter = 14[0m
CSI_DATA,42,1a:00:00:00:00:00,-46,11,0,0,0,0,0,0,0,0,0,-92,0,1,0,14014449,0,31,0,128,0,"[0,0,-13,9,-13,9,-13,9,-12,9,-12,9,-12,9,-11,9,-11,9,-10,9,-9,9,-9,10,-9,10,-9,10,-8,10,-8,10,-8,10,-9,10,-9,10,-9,10,-9,9,-9,8,-9,8,-9,7,-9,7,-9,6,-9,5,0,0,0,0,0,0,0,0,0,0,0,0,0,0,0,0,0,0,0,0,0,0,-6,7,-7,7,-8,7,-9,7,-10,7,-10,6,-11,6,-11,6,-12,5,-13,5,-13,5,-13,5,-13,5,-13,5,-13,5,-13,5,-13,5,-12,6,-13,6,-13,7,-13,7,-13,8,-13,8,-14,9,-13,9,-13,9]"
CSI_DATA,43,1a:00:00:00:00:00,-46,11,0,0,0,0,0,0,0,0,0,-92,0,1,0,14215901,0,31,0,128,0,"[0,0,-12,10,-13,10,-12,10,-12,10,-12,10,-11,10,-11,10,-10,11,-9,10,-8,10,-8,11,-8,11,-7,10,-8,11,-7,11,-7,11,-7,12,-8,10,-8,10,-8,9,-8,11,-8,9,-8,9,-10,8,-7,6,-8,5,0,0,0,0,0,0,0,0,0,0,0,0,0,0,0,0,0,0,0,0,0,0,-6,7,-7,7,-8,7,-9,7,-9,7,-10,7,-11,7,-11,6,-12,6,-12,6,-12,6,-12,6,-13,6,-12,6,-12,6,-12,6,-12,7,-12,6,-13,7,-12,8,-12,8,-13,9,-12,9,-13,10,-13,10,-13,10]"
CSI_DATA,44,1a:00:00:00:00:00,-46,11,0,0,0,0,0,0,0,0,0,-92,0,1,0,14416429,0,31,0,128,0,"[0,0,9,12,10,11,10,11,10,11,9,10,9,10,9,10,9,9,9,8,10,8,10,7,10,7,10,6,11,7,11,7,11,6,11,7,11,7,10,8,9,8,9,8,8,8,8,8,7,7,7,8,6,8,0,0,0,0,0,0,0,0,0,0,0,0,0,0,0,0,0,0,0,0,0,0,8,4,8,5,8,6,8,7,8,7,8,9,7,10,7,10,7,11,6,11,7,11,6,11,6,11,6,11,6,11,7,11,7,11,7,11,8,11,8,11,8,11,9,12,9,12,10,11,11,11,10,12]"
CSI_DATA,45,1a:00:00:00:00:00,-46,11,0,0,0,0,0,0,0,0,0,-92,0,1,0,14617797,0,31,0,128,0,"[0,0,6,14,7,13,7,13,7,12,7,12,7,12,7,11,7,10,8,9,8,8,8,8,8,9,9,8,9,8,9,9,10,9,9,8,9,9,9,9,8,9,8,9,6,9,6,9,6,9,5,9,4,9,0,0,0,0,0,0,0,0,0,0,0,0,0,0,0,0,0,0,0,0,0,0,6,6,6,7,5,7,6,8,5,9,5,10,5,11,4,11,4,12,3,12,4,12,3,12,3,12,3,12,3,12,4,12,4,12,4,12,5,13,5,13,5,13,5,13,6,13,7,13,7,14,7,14]"
CSI_DATA,46,1a:00:00:00:00:00,-46,11,0,0,0,0,0,0,0,0,0,-92,0,1,0,14818892,0,31,0,128,0,"[0,0,14,4,14,3,14,3,13,3,14,3,13,2,13,1,13,1,12,1,12,0,13,0,12,-2,12,-2,12,-1,12,-1,13,-2,13,-1,13,-1,13,-1,13,0,12,0,11,1,11,1,11,1,10,2,10,3,0,0,0,0,0,0,0,0,0,0,0,0,0,0,0,0,0,0,0,0,0,0,9,0,9,0,10,1,10,1,11,2,11,3,11,4,11,5,11,5,11,6,11,6,11,6,11,6,11,6,11,6,11,6,11,5,11,5,13,5,13,4,13,5,13,4,13,4,15,4,14,4,15,4]"
[0;32mI (14939) ftm_responder: Counter = 15[0m
CSI_DATA,47,1a:00:00:00:00:00,-46,11,0,0,0,0,0,0,0,0,0,-92,0,1,0,15020091,0,31,0,128,0,"[0,0,10,12,10,11,10,11,10,10,10,10,9,9,10,9,10,8,10,8,10,7,11,7,11,6,11,6,12,6,12,6,12,6,12,6,12,6,12,7,11,7,10,7,10,7,9,7,9,7,8,8,7,8,0,0,0,0,0,0,0,0,0,0,0,0,0,0,0,0,0,0,0,0,0,0,7,5,8,6,7,7,8,8,7,8,7,9,7,10,7,11,6,11,6,11,6,12,6,12,6,12,6,11,6,11,6,12,6,12,7,11,8,12,8,12,8,11,9,12,9,11,10,12,10,12,10,12]"
CSI_DATA,48,1a:00:00:00:00:00,-46,11,0,0,0,0,0,0,0,0,0,-92,0,1,0,15221242,0,31,0,128,0,"[0,0,14,-7,14,-7,13,-7,13,-7,12,-7,12,-7,12,-8,11,-8,10,-8,10,-9,9,-10,9,-10,9,-10,9,-10,9,-10,9,-11,9,-11,10,-10,10,-10,10,-9,10,-9,10,-8,10,-7,10,-7,10,-6,10,-5,0,0,0,0,0,0,0,0,0,0,0,0,0,0,0,0,0,0,0,0,0,0,7,-7,8,-6,9,-6,9,-6,10,-6,11,-5,12,-5,12,-4,13,-4,13,-3,13,-4,13,-3,13,-3,13,-3,13,-3,13,-4,13,-4,13,-4,13,-5,14,-5,13,-6,14,-6,14,-6,14,-7,15,-7,14,-7]"
CSI_DATA,49,1a:00:00:00:00:00,-46,11,0,0,0,0,0,0,0,0,0,-92,0,1,0,15321585,0,42,0,128,0,"[0,0,2,-16,2,-16,2,-15,1,-15,1,-15,1,-14,0,-14,0,-14,-1,-13,-2,-13,-2,-14,-2,-13,-3,-13,-3,-13,-3,-13,-4,-14,-3,-14,-3,-14,-2,-14,-2,-13,-1,-13,-1,-13,0,-12,0,-12,1,-11,1,-11,0,0,0,0,0,0,0,0,0,0,0,0,0,0,0,0,0,0,0,0,0,0,-2,-9,-1,-10,0,-11,0,-11,1,-12,2,-12,3,-13,3,-13,4,-13,4,-12,4,-13,5,-13,5,-13,5,-13,5,-13,4,-13,4,-13,3,-13,4,-14,3,-14,3,-14,3,-15,3,-15,2,-16,2,-16,2,-16]"
CSI_DATA,50,1a:00:00:00:00:00,-46,11,0,0,0,0,0,0,0,0,0,-92,0,1,0,15451314,0,31,0,128,0,"[0,0,-15,4,-15,5,-15,5,-14,4,-14,5,-13,5,-13,5,-12,5,-12,6,-11,6,-11,7,-11,7,-11,8,-11,8,-10,8,-11,8,-11,8,-11,8,-11,7,-11,6,-11,6,-11,5,-11,5,-11,4,-11,3,-11,3,0,0,0,0,0,0,0,0,0,0,0,0,0,0,0,0,0,0,0,0,0,0,-8,4,-9,4,-10,4,-11,4,-11,3,-12,3,-12,2,-13,2,-13,1,-14,1,-14,1,-14,1,-14,1,-14,1,-14,1,-14,1,-14,1,-13,2,-14,2,-14,3,-14,3,-15,3,-14,3,-15,4,-16,5,-15,4]"
CSI_DATA,51,1a:00:00:00:00:00,-46,11,0,0,0,0,0,0,0,0,0,-92,0,1,0,15652558,0,31,0,128,0,"[0,0,-1,15,-1,15,-1,14,0,14,0,14,0,13,0,13,1,13,1,12,2,12,3,12,3,12,3,12,3,12,4,12,4,12,3,13,3,12,3,13,2,12,1,12,1,12,0,12,0,12,-1,11,-1,10,0,0,0,0,0,0,0,0,0,0,0,0,0,0,0,0,0,0,0,0,0,0,2,8,2,9,1,10,1,10,0,11,-1,11,-1,12,-2,12,-3,12,-4,12,-3,13,-4,13,-4,13,-4,12,-4,12,-3,13,-3,13,-2,13,-3,13,-2,14,-2,14,-2,14,-2,14,-2,15,-1,15,-1,15]"
CSI_DATA,52,1a:00:00:00:00:00,-46,11,0,0,0,0,0,0,0,0,0,-92,0,1,0,15853670,0,31,0,128,0,"[0,0,15,-4,15,-4,15,-4,14,-4,14,-4,13,-4,13,-6,12,-5,11,-6,12,-5,11,-7,12,-6,13,-7,11,-8,12,-7,12,-9,12,-7,11,-7,9,-8,13,-6,12,-5,14,-7,9,-5,11,-3,8,-4,13,-4,0,0,0,0,0,0,0,0,0,0,0,0,0,0,0,0,0,0,0,0,0,0,7,-5,8,-5,9,-5,10,-5,11,-4,11,-3,12,-3,12,-3,13,-2,13,-1,13,-1,13,-1,13,-1,13,-1,13,-1,13,-2,13,-2,13,-2,13,-2,14,-3,14,-3,14,-3,14,-3,15,-4,15,-4,15,-4]"
[0;32mI (15939) ftm_responder: Counter = 16[0m
CSI_DATA,53,1a:00:00:00:00:00,-46,11,0,0,0,0,0,0,0,0,0,-92,0,1,0,16054983,0,31,0,128,0,"[0,0,10,-11,10,-12,10,-12,9,-12,9,-11,9,-11,8,-12,8,-11,7,-11,6,-12,6,-12,5,-12,5,-12,5,-13,5,-13,5,-13,5,-13,5,-13,6,-12,6,-12,6,-11,7,-11,7,-10,7,-10,7,-9,7,-8,0,0,0,0,0,0,0,0,0,0,0,0,0,0,0,0,0,0,0,0,0,0,4,-9,4,-9,5,-9,6,-10,7,-9,8,-9,8,-9,9,-9,10,-8,10,-8,10,-9,10,-8,11,-8,11,-8,10,-8,10,-8,10,-9,10,-9,11,-10,11,-10,10,-10,11,-11,10,-10,11,-12,10,-12,11,-12]"
CSI_DATA,54,1a:00:00:00:00:00,-46,11,0,0,0,0,0,0,0,0,0,-92,0,1,0,16257120,0,31,0,128,0,"[0,0,14,-6,14,-7,14,-7,13,-6,13,-7,12,-7,12,-7,11,-7,10,-7,10,-8,10,-9,9,-9,10,-9,9,-10,10,-10,9,-10,10,-10,10,-9,10,-9,10,-8,10,-8,10,-7,10,-7,10,-6,10,-5,9,-4,0,0,0,0,0,0,0,0,0,0,0,0,0,0,0,0,0,0,0,0,0,0,7,-6,8,-6,9,-6,9,-6,10,-5,11,-5,11,-5,12,-4,12,-4,12,-3,13,-3,13,-3,13,-3,13,-3,13,-3,13,-3,13,-3,12,-4,13,-5,13,-5,13,-5,14,-6,13,-6,14,-6,15,-6,14,-7]"
CSI_DATA,55,1a:00:00:00:00:00,-46,11,0,0,0,0,0,0,0,0,0,-92,0,1,0,16457288,0,31,0,128,0,"[0,0,-15,4,-15,5,-14,5,-14,5,-13,5,-13,5,-13,6,-12,6,-12,6,-11,7,-11,7,-10,7,-10,8,-10,7,-10,8,-10,8,-11,9,-10,7,-11,8,-11,7,-11,6,-11,6,-11,6,-10,5,-10,4,-10,3,0,0,0,0,0,0,0,0,0,0,0,0,0,0,0,0,0,0,0,0,0,0,-8,4,-9,4,-10,4,-11,4,-11,3,-12,2,-13,2,-13,1,-13,1,-14,1,-14,1,-14,1,-14,1,-14,1,-14,1,-14,1,-14,1,-14,1,-14,2,-14,3,-15,3,-15,3,-15,3,-15,5,-16,5,-15,4]"
CSI_DATA,56,1a:00:00:00:00:00,-46,11,0,0,0,0,0,0,0,0,0,-92,0,1,0,16658430,0,31,0,128,0,"[0,0,15,4,15,4,14,4,14,3,14,3,13,3,13,2,13,2,13,1,13,0,13,0,13,-1,12,-1,13,-1,13,-1,13,-1,13,-1,13,-1,13,-1,13,0,12,1,12,1,11,1,11,1,10,2,10,3,0,0,0,0,0,0,0,0,0,0,0,0,0,0,0,0,0,0,0,0,0,0,9,0,10,0,10,1,10,2,11,2,11,4,12,4,11,5,11,6,11,6,12,6,11,7,12,7,11,6,11,6,12,6,12,6,12,6,13,5,13,5,13,5,14,5,13,5,15,4,15,4,15,5]"
CSI_DATA,57,1a:00:00:00:00:00,-46,11,0,0,0,0,0,0,0,0,0,-92,0,1,0,16860257,0,31,0,128,0,"[0,0,15,1,15,-1,15,0,15,0,14,-1,14,-1,14,-2,13,-2,12,-2,13,-3,12,-4,12,-4,12,-4,12,-4,12,-5,12,-5,13,-5,13,-4,12,-4,12,-4,12,-3,12,-2,12,-2,11,-1,11,0,10,0,0,0,0,0,0,0,0,0,0,0,0,0,0,0,0,0,0,0,0,0,0,0,8,-3,9,-2,10,-2,11,-1,11,-1,11,0,12,1,12,1,13,2,13,3,13,3,13,3,13,3,13,3,13,3,13,2,13,2,13,2,14,1,14,1,14,1,15,0,15,1,15,0,16,0,16,0]"
CSI_DATA,58,1a:00:00:00:00:00,-46,11,0,0,0,0,0,0,0,0,0,-92,0,1,0,16920142,0,42,0,128,0,"[0,0,-13,-9,-14,-8,-13,-8,-13,-8,-13,-8,-13,-7,-13,-6,-12,-6,-12,-5,-13,-5,-13,-4,-13,-4,-13,-3,-13,-3,-13,-3,-13,-3,-14,-3,-13,-4,-13,-4,-13,-4,-12,-4,-12,-5,-11,-5,-11,-5,-10,-6,-9,-6,0,0,0,0,0,0,0,0,0,0,0,0,0,0,0,0,0,0,0,0,0,0,-9,-3,-10,-4,-10,-5,-10,-5,-10,-6,-10,-7,-11,-8,-10,-9,-10,-9,-10,-9,-10,-10,-10,-10,-10,-10,-10,-10,-10,-10,-11,-10,-10,-10,-11,-9,-11,-9,-12,-9,-12,-9,-13,-9,-13,-9,-14,-9,-14,-9,-14,-9]"
[0;32mI (16939) ftm_responder: Counter = 17[0m
CSI_DATA,59,1a:00:00:00:00:00,-46,11,0,0,0,0,0,0,0,0,0,-92,0,1,0,16986646,0,31,0,128,0,"[0,0,-16,3,-16,3,-16,3,-15,3,-15,3,-14,4,-14,4,-13,4,-12,4,-12,5,-12,6,-12,6,-12,6,-12,7,-11,7,-12,7,-12,7,-12,7,-12,6,-12,6,-12,5,-12,5,-11,4,-11,4,-11,3,-11,2,0,0,0,0,0,0,0,0,0,0,0,0,0,0,0,0,0,0,0,0,0,0,-9,3,-10,3,-11,3,-11,3,-12,2,-13,1,-13,1,-13,0,-13,0,-14,-1,-14,-1,-14,-1,-15,-1,-14,-1,-14,-1,-14,0,-14,0,-14,0,-15,1,-15,1,-15,1,-15,2,-15,2,-16,3,-17,3,-17,2]"
CSI_DATA,60,1a:00:00:00:00:00,-46,11,0,0,0,0,0,0,0,0,0,-92,0,1,0,17187459,0,31,0,128,0,"[0,0,14,-4,14,-5,14,-5,14,-5,13,-5,13,-5,12,-6,12,-6,11,-6,11,-6,11,-7,10,-7,10,-7,10,-8,9,-8,10,-8,10,-8,10,-8,10,-8,10,-7,10,-7,10,-6,10,-5,10,-5,9,-4,9,-4,0,0,0,0,0,0,0,0,0,0,0,0,0,0,0,0,0,0,0,0,0,0,7,-5,8,-5,9,-4,10,-4,11,-4,11,-3,12,-2,12,-2,12,-1,13,-1,13,-1,13,0,13,0,13,0,12,-1,13,-1,13,-1,13,-2,13,-2,14,-3,13,-3,14,-4,14,-3,15,-4,15,-4,15,-4]"
CSI_DATA,61,1a:00:00:00:00:00,-47,11,0,0,0,0,0,0,0,0,0,-92,0,1,0,17389444,0,31,0,128,0,"[0,0,14,1,15,0,14,0,14,0,13,0,13,0,13,-1,13,-1,12,-1,12,-2,12,-3,11,-4,11,-4,12,-4,12,-4,12,-4,12,-4,12,-3,12,-3,12,-3,11,-2,11,-2,11,-2,10,-1,10,0,9,0,0,0,0,0,0,0,0,0,0,0,0,0,0,0,0,0,0,0,0,0,0,0,8,-2,9,-1,10,-1,10,0,11,0,11,1,11,2,11,2,12,3,12,3,12,3,12,3,12,3,12,3,12,3,13,3,12,3,12,3,13,2,13,2,13,2,14,1,14,1,15,1,15,1,15,1]"
CSI_DATA,62,1a:00:00:00:00:00,-46,11,0,0,0,0,0,0,0,0,0,-92,0,1,0,17589764,0,31,0,128,0,"[0,0,-13,-8,-14,-7,-13,-7,-13,-7,-13,-6,-12,-6,-12,-5,-12,-5,-12,-5,-12,-4,-13,-3,-12,-2,-12,-2,-13,-2,-13,-2,-13,-2,-13,-2,-13,-3,-13,-3,-12,-3,-12,-4,-11,-4,-11,-4,-11,-4,-10,-5,-9,-5,0,0,0,0,0,0,0,0,0,0,0,0,0,0,0,0,0,0,0,0,0,0,-9,-3,-9,-4,-10,-4,-10,-5,-10,-6,-10,-7,-10,-7,-10,-8,-10,-9,-10,-9,-10,-9,-10,-9,-10,-9,-10,-9,-10,-9,-10,-9,-10,-9,-11,-8,-11,-9,-11,-8,-12,-8,-12,-8,-13,-8,-13,-8,-14,-8,-13,-8]"
CSI_DATA,63,1a:00:00:00:00:00,-47,11,0,0,0,0,0,0,0,0,0,-92,0,1,0,17790940,0,31,0,128,0,"[0,0,-14,-9,-14,-9,-14,-9,-13,-9,-13,-8,-13,-7,-13,-7,-13,-6,-13,-6,-13,-5,-13,-4,-13,-4,-13,-4,-14,-3,-13,-3,-14,-3,-14,-3,-14,-4,-13,-4,-13,-4,-13,-5,-12,-4,-11,-5,-11,-5,-10,-6,-10,-6,0,0,0,0,0,0,0,0,0,0,0,0,0,0,0,0,0,0,0,0,0,0,-9,-4,-10,-5,-10,-6,-10,-6,-10,-7,-10,-8,-11,-9,-10,-9,-10,-10,-10,-10,-10,-11,-9,-11,-10,-11,-10,-11,-10,-11,-10,-10,-10,-10,-10,-10,-11,-10,-12,-9,-12,-10,-13,-9,-12,-10,-13,-10,-14,-10,-14,-10]"
[0;32mI (17959) ftm_responder: Counter = 18[0m
CSI_DATA,64,1a:00:00:00:00:00,-47,11,0,0,0,0,0,0,0,0,0,-92,0,1,0,17992343,0,31,0,128,0,"[0,0,9,-12,8,-13,8,-13,8,-13,8,-12,7,-12,7,-12,7,-12,5,-12,4,-12,4,-12,4,-12,4,-12,4,-13,3,-13,4,-13,4,-13,4,-12,5,-13,5,-12,5,-12,5,-11,5,-10,6,-10,6,-9,6,-8,0,0,0,0,0,0,0,0,0,0,0,0,0,0,0,0,0,0,0,0,0,0,2,-9,3,-9,4,-10,5,-10,6,-10,6,-10,7,-10,8,-10,8,-10,9,-9,9,-10,9,-9,10,-9,9,-10,9,-9,9,-10,9,-10,9,-10,9,-11,9,-11,9,-11,9,-12,9,-12,9,-13,9,-13,9,-13]"
CSI_DATA,65,1a:00:00:00:00:00,-47,11,0,0,0,0,0,0,0,0,0,-92,0,1,0,18193414,0,31,0,128,0,"[0,0,-15,5,-15,5,-15,5,-14,5,-15,5,-14,5,-13,6,-12,6,-12,6,-11,6,-11,7,-11,7,-11,8,-11,8,-10,8,-11,8,-11,8,-11,8,-11,7,-11,7,-11,6,-11,6,-11,5,-11,5,-10,4,-10,3,0,0,0,0,0,0,0,0,0,0,0,0,0,0,0,0,0,0,0,0,0,0,-8,5,-9,5,-10,4,-11,4,-11,4,-12,3,-13,3,-13,2,-13,2,-14,1,-14,1,-14,1,-14,1,-14,1,-14,1,-14,2,-14,2,-13,2,-15,3,-15,3,-15,3,-15,3,-15,4,-16,5,-16,5,-16,5]"
CSI_DATA,66,1a:00:00:00:00:00,-47,11,0,0,0,0,0,0,0,0,0,-92,0,1,0,18395027,0,31,0,128,0,"[0,0,9,11,10,11,10,11,9,10,9,10,9,9,9,9,9,8,10,8,10,7,10,6,10,6,10,6,11,6,11,6,11,6,11,6,11,6,10,6,10,7,9,7,9,7,8,7,8,7,7,7,6,7,0,0,0,0,0,0,0,0,0,0,0,0,0,0,0,0,0,0,0,0,0,0,7,4,7,5,7,6,8,7,8,7,7,8,7,9,7,10,6,10,6,11,6,11,6,11,6,11,6,11,6,11,7,11,7,11,7,10,8,11,8,11,8,11,9,11,9,11,10,11,10,11,10,11]"
CSI_DATA,67,1a:00:00:00:00:00,-47,11,0,0,0,0,0,0,0,0,0,-92,0,1,0,18455287,0,42,0,128,0,"[0,0,8,-13,8,-13,8,-13,8,-13,7,-12,7,-12,6,-13,6,-12,5,-12,4,-12,4,-12,3,-12,3,-13,3,-13,3,-13,3,-13,3,-13,3,-13,3,-13,4,-13,4,-12,5,-11,5,-11,5,-10,5,-9,5,-8,0,0,0,0,0,0,0,0,0,0,0,0,0,0,0,0,0,0,0,0,0,0,3,-9,3,-9,4,-10,5,-10,6,-10,6,-10,7,-10,8,-10,8,-10,9,-9,9,-9,9,-9,9,-9,10,-9,9,-9,9,-10,9,-9,9,-10,9,-10,9,-11,9,-11,9,-12,8,-12,9,-13,9,-13,9,-13]"
CSI_DATA,68,1a:00:00:00:00:00,-47,11,0,0,0,0,0,0,0,0,0,-92,0,1,0,18522028,0,31,0,128,0,"[0,0,-8,13,-9,13,-8,13,-7,13,-8,12,-7,12,-7,12,-6,12,-5,12,-4,12,-4,13,-3,12,-3,13,-3,13,-3,12,-3,13,-3,13,-3,13,-3,13,-4,12,-4,12,-5,11,-5,11,-5,10,-5,9,-6,9,0,0,0,0,0,0,0,0,0,0,0,0,0,0,0,0,0,0,0,0,0,0,-3,9,-3,9,-5,9,-5,10,-6,10,-7,10,-8,10,-8,10,-9,10,-9,9,-9,10,-9,10,-10,10,-10,10,-10,9,-10,10,-9,10,-9,10,-9,11,-9,11,-9,11,-9,12,-9,12,-9,13,-8,14,-9,14]"
CSI_DATA,69,1a:00:00:00:00:00,-47,11,0,0,0,0,0,0,0,0,0,-92,0,1,0,18722788,0,31,0,128,0,"[0,0,-9,13,-9,12,-9,12,-8,12,-8,12,-7,12,-7,12,-6,11,-6,11,-5,11,-4,12,-4,12,-4,12,-3,12,-3,12,-3,12,-3,12,-3,12,-4,12,-4,11,-4,11,-5,11,-5,10,-5,10,-5,9,-6,8,0,0,0,0,0,0,0,0,0,0,0,0,0,0,0,0,0,0,0,0,0,0,-3,8,-4,8,-5,8,-6,9,-6,9,-7,9,-8,9,-9,9,-9,9,-10,8,-10,9,-10,9,-10,9,-10,9,-10,9,-10,9,-10,9,-9,9,-10,10,-10,11,-9,11,-9,11,-9,11,-9,12,-9,13,-9,13]"
CSI_DATA,70,1a:00:00:00:00:00,-46,11,0,0,0,0,0,0,0,0,0,-92,0,1,0,18924348,0,31,0,128,0,"[0,0,5,-15,5,-15,5,-15,5,-15,5,-15,3,-14,3,-14,3,-14,2,-14,1,-13,1,-14,1,-14,0,-13,0,-14,-1,-14,-1,-14,0,-14,0,-14,0,-14,0,-13,1,-13,1,-13,2,-12,2,-12,2,-11,3,-11,0,0,0,0,0,0,0,0,0,0,0,0,0,0,0,0,0,0,0,0,0,0,0,-10,1,-11,2,-11,3,-11,4,-11,4,-12,5,-12,5,-12,6,-12,7,-12,7,-12,7,-12,8,-12,8,-12,7,-12,7,-13,7,-13,6,-12,6,-13,6,-14,6,-14,6,-15,5,-15,6,-15,6,-16,6,-16]"
[0;32mI (18959) ftm_responder: Counter = 19[0m
CSI_DATA,71,1a:00:00:00:00:00,-46,11,0,0,0,0,0,0,0,0,0,-92,0,1,0,19125322,0,31,0,128,0,"[0,0,11,10,12,10,11,9,11,9,11,8,11,8,11,7,11,7,11,6,11,6,12,5,11,5,11,4,12,4,12,4,12,4,13,4,12,4,12,5,11,5,11,5,10,5,10,5,9,6,8,6,7,6,0,0,0,0,0,0,0,0,0,0,0,0,0,0,0,0,0,0,0,0,0,0,8,4,8,4,8,5,8,6,9,7,8,8,8,9,8,9,8,10,8,10,8,11,8,11,8,11,8,10,7,10,8,11,8,10,8,10,9,10,10,10,9,10,10,10,11,10,11,10,12,10,11,10]"
CSI_DATA,72,1a:00:00:00:00:00,-46,11,0,0,0,0,0,0,0,0,0,-92,0,1,0,19326387,0,31,0,128,0,"[0,0,5,15,5,14,5,14,5,13,5,13,5,12,6,12,6,11,6,11,7,10,7,10,7,10,8,9,8,9,8,10,8,10,8,10,8,10,8,10,7,10,7,10,6,10,5,10,5,10,4,9,3,9,0,0,0,0,0,0,0,0,0,0,0,0,0,0,0,0,0,0,0,0,0,0,5,7,5,8,5,8,5,9,4,10,4,11,4,12,3,12,3,13,2,12,2,13,2,13,2,13,2,13,2,13,2,13,2,13,3,13,3,13,4,13,4,13,4,14,4,14,5,14,6,15,6,15]"
CSI_DATA,73,1a:00:00:00:00:00,-46,11,0,0,0,0,0,0,0,0,0,-92,0,1,0,19527844,0,31,0,128,0,"[0,0,-11,11,-11,11,-11,11,-10,11,-10,10,-10,11,-9,11,-8,11,-7,10,-7,11,-8,10,-7,11,-7,11,-5,11,-6,12,-6,12,-6,12,-6,12,-6,11,-6,11,-6,10,-7,10,-7,9,-8,9,-8,8,-8,7,0,0,0,0,0,0,0,0,0,0,0,0,0,0,0,0,0,0,0,0,0,0,-5,8,-5,8,-6,8,-7,8,-8,9,-9,8,-10,8,-10,8,-11,8,-12,7,-12,7,-12,7,-12,7,-12,7,-12,7,-12,8,-11,8,-11,8,-11,9,-11,10,-11,10,-11,11,-12,11,-12,11,-12,11,-12,11]"
CSI_DATA,74,1a:00:00:00:00:00,-46,11,0,0,0,0,0,0,0,0,0,-92,0,1,0,19729735,0,31,0,128,0,"[0,0,11,-11,10,-12,10,-11,10,-11,10,-11,9,-11,9,-11,8,-11,7,-11,7,-11,6,-12,6,-11,6,-12,5,-12,5,-12,5,-12,6,-13,6,-12,6,-12,6,-11,6,-11,7,-10,6,-10,6,-9,6,-8,7,-8,0,0,0,0,0,0,0,0,0,0,0,0,0,0,0,0,0,0,0,0,0,0,4,-8,5,-9,6,-9,7,-9,8,-9,8,-8,9,-8,10,-8,10,-8,11,-8,11,-8,11,-8,11,-8,11,-8,11,-7,11,-8,10,-8,10,-8,11,-9,11,-9,11,-10,11,-10,11,-10,11,-11,11,-11,11,-11]"
CSI_DATA,75,1a:00:00:00:00:00,-46,11,0,0,0,0,0,0,0,0,0,-92,0,1,0,19929981,0,31,0,128,0,"[0,0,9,12,10,11,10,11,10,11,9,10,9,10,10,9,9,8,10,8,10,8,11,7,10,7,10,6,11,6,11,6,11,6,11,7,11,7,11,7,10,7,10,7,9,7,8,7,8,7,7,7,6,8,0,0,0,0,0,0,0,0,0,0,0,0,0,0,0,0,0,0,0,0,0,0,7,5,7,6,7,6,7,7,7,8,7,9,7,10,7,11,6,11,6,11,6,12,6,12,6,12,6,12,6,11,6,12,6,12,7,11,7,11,8,11,8,11,9,11,8,12,9,12,10,12,10,12]"
[0;32mI (19959) ftm_responder: Counter = 20[0m
CSI_DATA,76,1a:00:00:00:00:00,-47,11,0,0,0,0,0,0,0,0,0,-92,0,1,0,19990191,0,42,0,128,0,"[0,0,9,-11,9,-11,9,-12,8,-11,9,-11,8,-11,8,-11,7,-11,6,-10,5,-11,3,-12,4,-11,5,-11,3,-12,3,-12,4,-14,3,-12,5,-14,2,-12,4,-13,7,-11,4,-13,7,-10,5,-9,5,-6,7,-6,0,0,0,0,0,0,0,0,0,0,0,0,0,0,0,0,0,0,0,0,0,0,4,-8,4,-8,5,-8,6,-9,7,-8,7,-8,9,-8,9,-8,9,-8,10,-7,10,-8,10,-7,10,-7,10,-8,10,-7,10,-8,10,-8,9,-8,10,-9,10,-10,10,-10,9,-10,9,-10,10,-11,10,-11,10,-11]"
CSI_DATA,77,1a:00:00:00:00:00,-46,11,0,0,0,0,0,0,0,0,0,-92,0,1,0,20057720,0,31,0,128,0,"[0,0,2,-15,2,-15,2,-15,2,-15,2,-15,1,-14,1,-14,0,-13,0,-13,-1,-13,-2,-13,-2,-13,-2,-13,-2,-14,-2,-13,-3,-13,-3,-13,-2,-13,-2,-13,-2,-13,-1,-13,0,-12,0,-12,0,-11,0,-11,1,-11,0,0,0,0,0,0,0,0,0,0,0,0,0,0,0,0,0,0,0,0,0,0,-2,-9,-1,-10,0,-10,0,-11,1,-11,2,-12,2,-12,3,-12,4,-13,4,-12,4,-13,4,-13,5,-13,4,-13,5,-13,4,-13,4,-13,3,-13,4,-13,3,-14,3,-14,3,-15,3,-15,2,-16,2,-16,2,-16]"
CSI_DATA,78,1a:00:00:00:00:00,-46,11,0,0,0,0,0,0,0,0,0,-92,0,1,0,20258970,0,31,0,128,0,"[0,0,-16,1,-16,1,-16,1,-15,1,-15,2,-15,2,-14,3,-14,3,-13,3,-13,4,-13,4,-12,4,-12,4,-12,5,-12,5,-12,5,-13,5,-13,5,-13,5,-12,4,-12,4,-12,3,-11,2,-12,2,-11,1,-11,1,0,0,0,0,0,0,0,0,0,0,0,0,0,0,0,0,0,0,0,0,0,0,-9,3,-10,3,-11,2,-11,2,-12,1,-12,0,-13,0,-13,-1,-13,-1,-13,-2,-14,-2,-14,-2,-14,-2,-14,-2,-14,-2,-14,-1,-14,-1,-14,-1,-15,-1,-15,0,-15,0,-16,1,-15,0,-16,1,-17,1,-17,1]"
CSI_DATA,79,1a:00:00:00:00:00,-46,11,0,0,0,0,0,0,0,0,0,-92,0,1,0,20460071,0,31,0,128,0,"[0,0,-11,11,-12,11,-11,11,-10,11,-10,11,-10,11,-9,11,-9,11,-8,11,-7,11,-7,12,-6,11,-6,11,-6,12,-6,12,-6,12,-6,12,-6,12,-7,12,-6,11,-7,10,-7,10,-7,9,-8,9,-8,8,-8,7,0,0,0,0,0,0,0,0,0,0,0,0,0,0,0,0,0,0,0,0,0,0,-4,8,-5,8,-6,8,-7,9,-8,9,-8,9,-9,9,-10,8,-10,8,-11,8,-11,8,-11,8,-12,8,-11,7,-11,7,-11,8,-11,8,-11,8,-11,9,-11,10,-11,10,-11,10,-11,11,-12,11,-12,12,-11,12]"
CSI_DATA,80,1a:00:00:00:00:00,-46,11,0,0,0,0,0,0,0,0,0,-92,0,1,0,20662689,0,31,0,128,0,"[0,0,4,-15,3,-15,4,-15,3,-15,3,-15,3,-14,2,-14,2,-14,1,-14,0,-13,-1,-13,-1,-13,-1,-13,-2,-14,-2,-14,-2,-14,-2,-14,-1,-14,-1,-14,-1,-13,0,-13,1,-13,1,-12,1,-12,2,-11,2,-10,0,0,0,0,0,0,0,0,0,0,0,0,0,0,0,0,0,0,0,0,0,0,0,-9,0,-10,1,-11,2,-11,2,-11,3,-12,4,-12,5,-12,5,-12,6,-12,6,-12,6,-12,6,-12,6,-12,6,-12,6,-13,5,-13,5,-13,6,-13,5,-14,5,-14,4,-15,4,-15,4,-15,5,-16,4,-16]"
CSI_DATA,81,1a:00:00:00:00:00,-46,11,0,0,0,0,0,0,0,0,0,-92,0,1,0,20862397,0,31,0,128,0,"[0,0,-11,10,-11,11,-11,11,-10,10,-10,10,-10,10,-9,10,-9,10,-8,10,-7,10,-6,11,-6,11,-6,11,-6,11,-6,11,-5,12,-6,12,-6,11,-6,11,-7,10,-7,10,-7,10,-7,9,-7,9,-7,7,-7,7,0,0,0,0,0,0,0,0,0,0,0,0,0,0,0,0,0,0,0,0,0,0,-5,7,-6,7,-7,7,-8,8,-8,7,-9,7,-10,7,-11,7,-11,7,-12,6,-12,7,-12,7,-12,7,-12,7,-12,6,-11,7,-12,7,-11,7,-12,8,-12,8,-12,9,-12,9,-12,9,-12,10,-12,11,-12,11]"
[0;32mI (20959) ftm_responder: Counter = 21[0m
CSI_DATA,82,1a:00:00:00:00:00,-46,11,0,0,0,0,0,0,0,0,0,-92,0,1,0,21063931,0,31,0,128,0,"[0,0,-1,16,-2,15,-2,15,-1,14,-1,14,0,14,0,14,0,13,1,13,2,12,2,13,2,12,2,12,3,12,3,12,3,13,3,12,3,12,3,12,2,12,2,12,1,12,0,11,0,11,-1,10,-1,10,0,0,0,0,0,0,0,0,0,0,0,0,0,0,0,0,0,0,0,0,0,0,1,8,1,9,0,10,0,11,-1,11,-1,12,-2,12,-2,12,-3,12,-4,12,-4,13,-4,13,-4,13,-4,13,-4,12,-4,13,-4,13,-3,13,-3,13,-3,14,-2,14,-2,15,-2,14,-2,16,-2,16,-1,16]"
CSI_DATA,83,1a:00:00:00:00:00,-46,11,0,0,0,0,0,0,0,0,0,-92,0,1,0,21264826,0,31,0,128,0,"[0,0,11,11,11,10,11,10,11,10,11,9,10,8,11,8,10,7,11,7,11,6,11,6,11,5,11,5,12,5,12,5,12,5,12,5,12,6,11,6,11,6,10,6,10,6,9,6,8,6,8,6,7,7,0,0,0,0,0,0,0,0,0,0,0,0,0,0,0,0,0,0,0,0,0,0,8,4,8,5,8,5,8,6,8,7,8,8,8,9,8,9,8,10,7,10,8,11,7,11,8,11,8,10,7,10,8,10,8,10,8,10,9,10,9,10,9,10,10,10,10,10,11,11,11,11,12,11]"
CSI_DATA,84,1a:00:00:00:00:00,-46,11,0,0,0,0,0,0,0,0,0,-91,0,1,0,21467673,0,31,0,128,0,"[0,0,-1,16,-1,15,-1,15,0,15,-1,15,0,14,1,14,1,13,1,13,2,12,3,12,3,12,3,12,4,12,4,12,4,13,4,12,4,13,3,13,3,12,2,12,1,12,1,11,0,11,0,11,-1,10,0,0,0,0,0,0,0,0,0,0,0,0,0,0,0,0,0,0,0,0,0,0,2,9,1,9,1,10,0,11,-1,11,-1,12,-2,12,-2,12,-3,13,-3,12,-3,13,-4,13,-4,13,-4,13,-4,13,-3,13,-3,14,-2,13,-3,14,-2,14,-2,14,-2,15,-1,15,-1,16,-1,16,-1,17]"
CSI_DATA,85,1a:00:00:00:00:00,-46,11,0,0,0,0,0,0,0,0,0,-91,0,1,0,21526334,0,42,0,128,0,"[0,0,-14,-7,-14,-7,-14,-7,-13,-7,-13,-6,-13,-6,-13,-5,-12,-4,-12,-4,-13,-3,-13,-3,-12,-3,-13,-2,-13,-2,-13,-2,-13,-2,-13,-2,-13,-2,-13,-3,-12,-3,-12,-3,-11,-3,-11,-3,-11,-4,-10,-4,-9,-5,0,0,0,0,0,0,0,0,0,0,0,0,0,0,0,0,0,0,0,0,0,0,-9,-2,-9,-3,-10,-4,-10,-4,-10,-5,-10,-6,-10,-7,-10,-7,-10,-8,-10,-8,-11,-9,-10,-9,-10,-9,-10,-9,-10,-8,-11,-8,-11,-8,-11,-8,-12,-8,-13,-8,-12,-7,-13,-8,-13,-8,-14,-8,-14,-7,-14,-7]"
CSI_DATA,86,1a:00:00:00:00:00,-46,11,0,0,0,0,0,0,0,0,0,-91,0,1,0,21593648,0,31,0,128,0,"[0,0,-5,15,-5,15,-4,14,-4,14,-4,14,-3,14,-3,13,-2,13,-1,13,-1,13,0,13,0,12,0,12,0,13,0,12,0,13,0,13,0,13,0,13,-1,12,-1,12,-2,12,-2,11,-3,11,-3,10,-4,9,0,0,0,0,0,0,0,0,0,0,0,0,0,0,0,0,0,0,0,0,0,0,0,9,-1,9,-1,10,-2,10,-3,11,-3,11,-4,12,-4,12,-5,12,-6,12,-6,12,-6,12,-6,12,-6,12,-6,11,-6,12,-6,12,-5,12,-5,13,-5,13,-5,13,-5,14,-5,14,-5,15,-5,15,-4,15]"
CSI_DATA,87,1a:00:00:00:00:00,-46,11,0,0,0,0,0,0,0,0,0,-91,0,1,0,21796093,0,31,0,128,0,"[0,0,-10,12,-10,12,-9,12,-9,11,-9,11,-9,11,-8,11,-7,11,-6,11,-6,11,-5,11,-5,11,-5,12,-5,12,-4,11,-4,12,-5,12,-5,12,-5,11,-5,11,-6,10,-6,10,-6,9,-6,9,-6,8,-7,7,0,0,0,0,0,0,0,0,0,0,0,0,0,0,0,0,0,0,0,0,0,0,-4,8,-4,8,-5,8,-6,9,-7,9,-7,8,-8,9,-9,8,-9,8,-10,8,-10,8,-10,8,-10,8,-10,8,-10,8,-10,9,-10,9,-10,9,-10,9,-10,10,-10,10,-10,11,-10,11,-10,12,-10,12,-10,12]"
[0;32mI (21959) ftm_responder: Counter = 22[0m
CSI_DATA,88,1a:00:00:00:00:00,-46,11,0,0,0,0,0,0,0,0,0,-91,0,1,0,21996954,0,31,0,128,0,"[0,0,-16,-1,-16,0,-16,0,-15,0,-16,0,-15,0,-15,1,-14,1,-13,1,-13,2,-13,3,-13,3,-13,3,-13,4,-12,4,-13,4,-13,4,-14,3,-13,3,-13,2,-13,2,-13,1,-12,1,-12,1,-11,0,-11,-1,0,0,0,0,0,0,0,0,0,0,0,0,0,0,0,0,0,0,0,0,0,0,-9,2,-10,2,-11,1,-12,1,-12,0,-12,-1,-13,-1,-13,-2,-13,-2,-13,-3,-14,-3,-14,-3,-14,-3,-14,-3,-14,-3,-14,-3,-14,-3,-14,-2,-15,-2,-15,-2,-15,-2,-16,-1,-15,-1,-16,0,-16,0,-17,-1]"
CSI_DATA,89,1a:00:00:00:00:00,-46,11,0,0,0,0,0,0,0,0,0,-91,0,1,0,22197449,0,31,0,128,0,"[0,0,0,15,0,15,0,15,0,14,0,14,0,14,1,13,1,12,2,12,2,11,3,12,3,11,3,11,4,12,4,11,4,12,4,12,4,13,3,12,3,11,2,11,1,11,1,10,0,11,0,10,-1,10,0,0,0,0,0,0,0,0,0,0,0,0,0,0,0,0,0,0,0,0,0,0,3,8,2,9,2,9,1,10,1,10,0,11,0,12,-1,12,-2,12,-2,12,-2,13,-2,13,-3,13,-3,12,-3,12,-2,13,-2,13,-2,13,-2,13,-1,14,-1,14,-1,14,-1,14,0,15,0,15,0,16]"
CSI_DATA,90,1a:00:00:00:00:00,-46,11,0,0,0,0,0,0,0,0,0,-91,0,1,0,22398327,0,31,0,128,0,"[0,0,10,12,10,11,10,10,10,11,10,10,10,9,10,9,10,8,10,8,10,7,11,7,11,6,10,6,11,6,11,6,11,6,12,6,11,7,11,7,10,7,10,7,9,7,8,7,8,7,7,7,6,8,0,0,0,0,0,0,0,0,0,0,0,0,0,0,0,0,0,0,0,0,0,0,8,4,8,4,8,5,8,6,8,7,8,8,8,9,8,9,8,10,7,10,8,11,7,11,7,11,7,10,7,11,8,11,8,11,8,10,8,11,9,11,9,11,10,11,10,11,11,11,11,11,11,11]"
CSI_DATA,91,1a:00:00:00:00:00,-46,11,0,0,0,0,0,0,0,0,0,-91,0,1,0,22606768,0,31,0,128,0,"[0,0,11,11,11,10,11,10,10,10,11,10,10,9,10,8,10,8,11,7,11,6,11,6,11,5,12,5,12,5,11,5,12,5,12,5,12,5,12,6,11,6,11,6,10,6,9,6,9,6,8,6,7,7,0,0,0,0,0,0,0,0,0,0,0,0,0,0,0,0,0,0,0,0,0,0,7,4,8,5,8,5,8,7,8,7,8,9,8,9,7,10,7,11,7,10,7,11,7,11,7,11,7,11,7,11,7,11,8,11,8,10,9,11,9,11,9,11,10,11,9,11,11,11,12,11,12,11]"
CSI_DATA,92,1a:00:00:00:00:00,-46,11,0,0,0,0,0,0,0,0,0,-91,0,1,0,22800762,0,31,0,128,0,"[0,0,-3,15,-3,14,-4,15,-3,14,-3,14,-3,13,-2,13,-1,13,-1,13,0,12,1,12,1,12,1,12,1,13,1,12,2,13,1,12,1,12,1,12,0,12,0,12,-1,12,-1,11,-2,11,-2,10,-3,10,0,0,0,0,0,0,0,0,0,0,0,0,0,0,0,0,0,0,0,0,0,0,1,8,0,9,0,9,-1,11,-2,10,-2,11,-3,12,-3,12,-4,12,-5,12,-5,13,-5,12,-5,12,-5,12,-5,12,-5,12,-5,13,-4,12,-4,14,-4,13,-4,14,-4,14,-4,14,-4,15,-3,15,-3,16]"
[0;32mI (22959) ftm_responder: Counter = 23[0m
CSI_DATA,93,1a:00:00:00:00:00,-46,11,0,0,0,0,0,0,0,0,0,-91,0,1,0,23002536,0,31,0,128,0,"[0,0,13,-8,12,-9,13,-8,12,-8,12,-9,11,-8,11,-9,10,-8,9,-9,8,-9,8,-10,8,-10,8,-10,8,-11,8,-10,7,-11,7,-11,8,-11,8,-11,9,-10,8,-10,8,-9,8,-8,8,-7,8,-7,8,-6,0,0,0,0,0,0,0,0,0,0,0,0,0,0,0,0,0,0,0,0,0,0,6,-7,7,-7,8,-7,9,-7,9,-7,10,-6,11,-6,11,-5,11,-5,12,-5,12,-5,12,-4,13,-4,12,-5,12,-5,12,-5,12,-5,12,-5,13,-6,13,-7,13,-7,13,-7,13,-7,13,-8,14,-8,14,-8]"
CSI_DATA,94,1a:00:00:00:00:00,-46,11,0,0,0,0,0,0,0,0,0,-91,0,1,0,23062542,0,42,0,128,0,"[0,0,15,-1,15,-2,15,-2,14,-2,14,-2,13,-3,13,-3,13,-4,12,-3,12,-4,12,-5,11,-5,11,-6,11,-6,11,-6,12,-6,12,-6,12,-5,12,-5,12,-5,11,-4,11,-4,11,-3,11,-3,10,-2,10,-1,0,0,0,0,0,0,0,0,0,0,0,0,0,0,0,0,0,0,0,0,0,0,8,-4,9,-4,9,-3,10,-3,11,-2,11,-2,12,-1,12,-1,12,0,13,0,13,1,13,1,13,1,13,1,13,1,13,1,13,1,13,0,14,0,14,-1,14,-1,15,-1,14,-1,16,-2,16,-2,16,-2]"
CSI_DATA,95,1a:00:00:00:00:00,-46,11,0,0,0,0,0,0,0,0,0,-91,0,1,0,23130992,0,31,0,128,0,"[0,0,-5,15,-4,14,-4,14,-5,13,-4,13,-4,13,-3,13,-3,12,-2,12,-1,12,0,12,0,12,0,12,0,12,0,12,0,12,0,12,0,12,-1,12,-1,12,-1,12,-2,11,-2,11,-2,10,-3,9,-3,9,0,0,0,0,0,0,0,0,0,0,0,0,0,0,0,0,0,0,0,0,0,0,0,8,0,9,-1,9,-2,10,-3,10,-3,11,-4,11,-5,11,-5,11,-6,11,-6,12,-6,12,-6,12,-6,12,-7,11,-6,12,-6,12,-6,12,-6,12,-6,13,-5,13,-6,13,-5,13,-5,14,-5,15,-4,14]"
CSI_DATA,96,1a:00:00:00:00:00,-46,11,0,0,0,0,0,0,0,0,0,-91,0,1,0,23332072,0,31,0,128,0,"[0,0,0,-16,0,-16,-1,-16,-1,-15,-1,-15,-2,-14,-2,-14,-2,-14,-3,-13,-4,-12,-4,-13,-4,-12,-4,-12,-5,-13,-5,-12,-6,-13,-5,-13,-5,-13,-5,-13,-4,-12,-4,-12,-3,-12,-3,-12,-2,-12,-2,-11,-1,-11,0,0,0,0,0,0,0,0,0,0,0,0,0,0,0,0,0,0,0,0,0,0,-3,-9,-2,-10,-2,-11,-1,-12,-1,-12,0,-12,1,-13,1,-13,2,-13,3,-13,2,-14,3,-14,3,-14,3,-14,3,-14,2,-14,2,-14,2,-14,2,-15,1,-15,1,-15,1,-15,0,-15,0,-16,0,-17,0,-17]"
CSI_DATA,97,1a:00:00:00:00:00,-46,11,0,0,0,0,0,0,0,0,0,-91,0,1,0,23535417,0,31,0,128,0,"[0,0,0,-16,0,-16,0,-15,0,-15,0,-15,-1,-14,-1,-14,-2,-13,-2,-13,-3,-13,-4,-13,-4,-12,-4,-12,-4,-12,-5,-12,-5,-13,-4,-13,-4,-13,-4,-13,-4,-12,-3,-12,-2,-12,-2,-11,-1,-12,-1,-11,0,-10,0,0,0,0,0,0,0,0,0,0,0,0,0,0,0,0,0,0,0,0,0,0,-3,-9,-3,-10,-2,-11,-2,-11,-1,-12,0,-13,0,-13,1,-13,1,-13,2,-13,2,-14,2,-14,3,-13,2,-13,2,-13,2,-14,2,-14,2,-14,1,-14,1,-15,1,-15,1,-15,0,-15,0,-16,0,-16,0,-17]"
CSI_DATA,98,1a:00:00:00:00:00,-46,11,0,0,0,0,0,0,0,0,0,-91,0,1,0,23734863,0,31,0,128,0,"[0,0,-1,-16,-1,-16,-2,-16,-2,-15,-2,-15,-2,-15,-2,-14,-2,-14,-3,-13,-4,-13,-5,-13,-5,-12,-5,-12,-5,-12,-5,-12,-6,-13,-6,-13,-5,-13,-5,-13,-4,-13,-4,-13,-3,-12,-3,-12,-2,-12,-2,-11,-1,-11,0,0,0,0,0,0,0,0,0,0,0,0,0,0,0,0,0,0,0,0,0,0,-4,-9,-3,-10,-3,-11,-2,-11,-2,-12,-1,-13,0,-13,0,-13,1,-14,2,-14,1,-14,2,-14,2,-14,2,-14,2,-14,1,-14,1,-14,1,-14,1,-15,0,-15,0,-15,0,-15,-1,-15,-1,-16,-1,-16,-1,-17]"
CSI_DATA,99,1a:00:00:00:00:00,-46,11,0,0,0,0,0,0,0,0,0,-91,0,1,0,23936002,0,31,0,128,0,"[0,0,-13,-10,-13,-10,-13,-10,-13,-9,-13,-9,-12,-8,-12,-8,-12,-7,-12,-7,-12,-6,-13,-5,-13,-5,-13,-5,-13,-4,-13,-4,-13,-4,-14,-5,-14,-5,-13,-5,-13,-6,-12,-6,-12,-6,-11,-7,-11,-6,-10,-7,-9,-7,0,0,0,0,0,0,0,0,0,0,0,0,0,0,0,0,0,0,0,0,0,0,-9,-4,-10,-5,-10,-6,-10,-7,-10,-7,-10,-9,-10,-9,-10,-10,-10,-11,-10,-11,-10,-11,-9,-12,-9,-11,-10,-11,-9,-11,-10,-11,-10,-11,-10,-11,-11,-11,-11,-11,-12,-10,-12,-10,-12,-10,-13,-10,-13,-10,-13,-11]"
[0;32mI (23959) ftm_responder: Counter = 24[0m
CSI_DATA,100,1a:00:00:00:00:00,-46,11,0,0,0,0,0,0,0,0,0,-91,0,1,0,24136982,0,31,0,128,0,"[0,0,14,3,15,3,14,2,14,3,13,2,13,2,13,1,12,1,12,1,12,0,12,-1,12,-2,13,-2,12,-2,12,-2,12,-2,13,-2,12,-1,13,-1,12,-1,12,0,12,0,11,0,11,1,10,1,10,2,0,0,0,0,0,0,0,0,0,0,0,0,0,0,0,0,0,0,0,0,0,0,9,-1,9,-1,10,0,10,1,11,1,11,3,11,3,11,4,11,5,12,5,12,5,12,5,12,5,12,5,11,5,12,5,11,5,12,5,12,4,13,4,13,4,14,4,14,4,15,3,15,3,15,3]"
CSI_DATA,101,1a:00:00:00:00:00,-46,11,0,0,0,0,0,0,0,0,0,-91,0,1,0,24338066,0,31,0,128,0,"[0,0,-10,-12,-10,-12,-11,-12,-10,-11,-10,-11,-10,-11,-10,-10,-10,-9,-10,-9,-11,-8,-11,-8,-11,-7,-11,-7,-12,-7,-11,-7,-12,-7,-12,-7,-12,-8,-12,-8,-11,-8,-10,-8,-9,-8,-9,-8,-9,-8,-8,-8,-7,-9,0,0,0,0,0,0,0,0,0,0,0,0,0,0,0,0,0,0,0,0,0,0,-8,-6,-8,-7,-8,-7,-9,-8,-8,-9,-8,-10,-8,-11,-7,-11,-7,-12,-7,-12,-7,-12,-7,-12,-7,-12,-7,-12,-7,-12,-7,-12,-7,-12,-7,-12,-8,-12,-8,-12,-9,-12,-9,-12,-9,-12,-11,-12,-10,-12,-11,-13]"
CSI_DATA,102,1a:00:00:00:00:00,-46,11,0,0,0,0,0,0,0,0,0,-91,0,1,0,24541011,0,31,0,128,0,"[0,0,10,11,10,10,10,10,10,10,9,9,10,9,9,9,9,8,10,7,10,7,11,6,10,5,11,5,11,5,11,5,11,5,11,5,11,6,11,6,10,6,10,6,9,7,8,6,8,7,7,7,7,7,0,0,0,0,0,0,0,0,0,0,0,0,0,0,0,0,0,0,0,0,0,0,7,5,7,5,7,6,8,7,8,8,7,9,7,10,7,10,6,11,6,11,6,11,6,11,6,11,6,11,6,11,6,11,6,11,7,11,7,11,8,11,8,11,9,11,9,11,10,11,10,11,10,11]"
CSI_DATA,103,1a:00:00:00:00:00,-46,11,0,0,0,0,0,0,0,0,0,-91,0,1,0,24599619,0,42,0,128,0,"[0,0,-6,-15,-6,-15,-6,-15,-6,-14,-6,-14,-6,-14,-6,-13,-6,-12,-7,-12,-8,-11,-8,-11,-8,-10,-8,-10,-9,-11,-9,-10,-10,-11,-9,-10,-9,-11,-9,-11,-8,-11,-8,-11,-7,-11,-6,-11,-6,-11,-5,-10,-4,-10,0,0,0,0,0,0,0,0,0,0,0,0,0,0,0,0,0,0,0,0,0,0,-6,-8,-6,-9,-6,-10,-6,-11,-5,-11,-5,-12,-4,-13,-4,-13,-3,-14,-3,-13,-3,-14,-2,-14,-2,-14,-2,-14,-2,-14,-3,-14,-3,-14,-3,-14,-4,-14,-4,-15,-4,-14,-5,-15,-5,-15,-6,-15,-6,-15,-6,-16]"
CSI_DATA,104,1a:00:00:00:00:00,-46,11,0,0,0,0,0,0,0,0,0,-91,0,1,0,24666752,0,31,0,128,0,"[0,0,-2,15,-1,15,-2,15,-1,15,-1,14,-1,14,0,14,0,13,1,12,2,13,2,13,2,12,2,12,3,12,4,12,4,12,3,13,3,13,3,13,2,12,2,12,1,12,0,11,0,11,-1,11,-2,10,0,0,0,0,0,0,0,0,0,0,0,0,0,0,0,0,0,0,0,0,0,0,2,9,1,9,1,10,0,11,-1,11,-1,12,-2,13,-3,12,-3,13,-4,13,-4,13,-4,13,-5,13,-5,12,-4,12,-4,13,-4,13,-3,13,-3,14,-3,14,-2,14,-2,14,-2,15,-2,15,-2,16,-2,16]"
CSI_DATA,105,1a:00:00:00:00:00,-46,11,0,0,0,0,0,0,0,0,0,-91,0,1,0,24868803,0,31,0,128,0,"[0,0,10,11,10,10,10,10,10,9,10,9,10,9,10,8,10,7,10,7,10,7,11,6,10,6,11,5,11,5,11,5,12,5,11,5,12,6,11,5,11,5,11,6,10,6,9,6,8,6,8,7,7,7,0,0,0,0,0,0,0,0,0,0,0,0,0,0,0,0,0,0,0,0,0,0,7,5,7,6,7,6,8,7,7,8,7,9,7,10,7,10,7,11,6,11,5,12,5,12,6,12,6,11,6,11,6,11,7,11,7,11,8,11,8,11,8,11,9,11,9,11,10,11,10,11,10,12]"
[0;32mI (24969) ftm_responder: Counter = 25[0m
CSI_DATA,106,1a:00:00:00:00:00,-47,11,0,0,0,0,0,0,0,0,0,-91,0,1,0,25069078,0,31,0,128,0,"[0,0,-9,13,-9,12,-9,12,-8,12,-8,12,-7,12,-7,12,-6,12,-5,11,-5,11,-4,12,-4,12,-4,12,-3,12,-3,12,-3,12,-4,13,-4,12,-4,12,-4,12,-4,11,-5,11,-5,10,-6,10,-6,9,-6,8,0,0,0,0,0,0,0,0,0,0,0,0,0,0,0,0,0,0,0,0,0,0,-4,8,-4,9,-5,9,-6,9,-7,9,-7,9,-8,9,-9,9,-9,9,-10,9,-10,9,-10,9,-11,9,-10,8,-10,9,-10,9,-10,9,-9,9,-10,10,-9,11,-9,11,-9,12,-9,11,-10,12,-10,13,-10,13]"
CSI_DATA,107,1a:00:00:00:00:00,-47,11,0,0,0,0,0,0,0,0,0,-91,0,1,0,25270383,0,31,0,128,0,"[0,0,15,2,15,1,15,1,15,1,14,0,14,0,13,-1,13,-1,13,-1,12,-2,13,-3,12,-3,12,-4,12,-4,12,-4,12,-4,12,-4,13,-3,12,-3,12,-3,12,-2,12,-2,11,-2,11,-1,10,0,10,0,0,0,0,0,0,0,0,0,0,0,0,0,0,0,0,0,0,0,0,0,0,0,9,-2,10,-2,10,-1,11,-1,12,0,12,1,12,2,12,2,13,3,13,4,13,4,13,4,13,4,13,4,13,4,13,4,13,4,13,3,14,3,14,2,14,2,15,1,15,2,16,2,16,2,16,2]"
CSI_DATA,108,1a:00:00:00:00:00,-47,11,0,0,0,0,0,0,0,0,0,-91,0,1,0,25471126,0,31,0,128,0,"[0,0,-16,-6,-15,-6,-15,-6,-14,-5,-14,-5,-14,-5,-14,-4,-14,-4,-14,-3,-13,-2,-13,-2,-13,-1,-13,-1,-14,-1,-13,-1,-14,-1,-14,-1,-14,-1,-14,-2,-13,-2,-13,-2,-12,-3,-12,-3,-12,-3,-11,-4,-10,-4,0,0,0,0,0,0,0,0,0,0,0,0,0,0,0,0,0,0,0,0,0,0,-10,-1,-10,-1,-11,-2,-12,-3,-12,-3,-12,-5,-12,-5,-12,-6,-12,-7,-12,-7,-12,-7,-12,-8,-12,-7,-12,-7,-12,-8,-12,-7,-13,-7,-12,-7,-13,-7,-14,-6,-14,-6,-14,-6,-14,-6,-16,-6,-16,-6,-15,-6]"
CSI_DATA,109,1a:00:00:00:00:00,-47,11,0,0,0,0,0,0,0,0,0,-91,0,1,0,25672277,0,31,0,128,0,"[0,0,13,7,13,6,13,6,13,6,13,6,13,5,12,4,12,4,12,3,12,3,12,2,12,2,12,1,12,1,12,1,13,1,13,1,13,1,12,2,12,2,12,3,11,3,10,3,11,3,10,4,9,4,0,0,0,0,0,0,0,0,0,0,0,0,0,0,0,0,0,0,0,0,0,0,8,2,9,3,9,3,10,4,10,4,10,6,10,7,10,7,10,8,9,8,10,8,10,9,10,9,10,8,10,9,10,8,10,8,10,7,11,8,12,8,11,7,12,7,12,7,13,7,13,7,14,8]"
CSI_DATA,110,1a:00:00:00:00:00,-47,11,0,0,0,0,0,0,0,0,0,-91,0,1,0,25875846,0,31,0,128,0,"[0,0,15,-1,14,-2,14,-2,14,-1,13,-2,13,-2,13,-3,12,-3,12,-3,11,-4,11,-4,11,-5,11,-5,12,-5,11,-5,11,-6,11,-6,11,-5,11,-5,11,-4,11,-4,11,-3,10,-3,10,-2,10,-2,9,-1,0,0,0,0,0,0,0,0,0,0,0,0,0,0,0,0,0,0,0,0,0,0,7,-4,8,-3,9,-3,10,-3,10,-2,11,-1,11,-1,11,0,12,0,12,1,12,1,12,1,13,1,12,1,12,1,12,1,12,1,12,0,13,0,13,0,13,-1,14,-1,14,-1,15,-2,15,-2,15,-2]"
[0;32mI (25969) ftm_responder: Counter = 26[0m
CSI_DATA,111,1a:00:00:00:00:00,-47,11,0,0,0,0,0,0,0,0,0,-91,0,1,0,26075123,0,31,0,128,0,"[0,0,-16,0,-16,0,-15,0,-15,0,-15,0,-15,1,-14,2,-13,2,-13,2,-13,2,-13,3,-12,4,-12,4,-12,4,-13,4,-12,4,-13,4,-13,4,-13,3,-13,3,-13,3,-12,2,-12,1,-12,1,-11,0,-11,0,0,0,0,0,0,0,0,0,0,0,0,0,0,0,0,0,0,0,0,0,0,0,-9,2,-9,2,-11,2,-11,1,-12,0,-12,-1,-13,-1,-13,-1,-13,-2,-13,-2,-13,-3,-13,-3,-14,-3,-14,-3,-13,-3,-14,-2,-13,-2,-14,-2,-14,-2,-15,-1,-15,-1,-15,-1,-15,-1,-16,0,-16,1,-16,0]"
CSI_DATA,112,1a:00:00:00:00:00,-47,11,0,0,0,0,0,0,0,0,0,-91,0,1,0,26135158,0,42,0,128,0,"[0,0,-8,-15,-8,-14,-8,-14,-8,-14,-8,-13,-8,-12,-9,-12,-8,-11,-9,-11,-9,-11,-10,-10,-10,-9,-10,-10,-10,-9,-10,-9,-11,-9,-11,-10,-11,-10,-10,-10,-10,-9,-9,-10,-8,-10,-8,-10,-7,-10,-7,-10,-6,-10,0,0,0,0,0,0,0,0,0,0,0,0,0,0,0,0,0,0,0,0,0,0,-7,-7,-7,-8,-7,-9,-7,-10,-6,-10,-6,-11,-6,-12,-6,-12,-5,-13,-5,-13,-4,-14,-4,-14,-4,-14,-4,-13,-4,-13,-5,-14,-5,-13,-5,-13,-6,-14,-6,-13,-7,-14,-7,-14,-7,-14,-8,-14,-8,-15,-8,-15]"
CSI_DATA,113,1a:00:00:00:00:00,-47,11,0,0,0,0,0,0,0,0,0,-91,0,1,0,26202332,0,31,0,128,0,"[0,0,10,11,10,11,10,10,10,10,10,9,10,9,10,9,10,8,10,8,11,7,11,7,11,6,11,6,11,5,12,6,11,5,12,6,11,6,11,6,11,6,10,7,10,7,9,7,8,7,8,7,7,7,0,0,0,0,0,0,0,0,0,0,0,0,0,0,0,0,0,0,0,0,0,0,7,5,7,5,8,6,8,7,8,8,7,9,7,10,7,10,7,11,6,11,6,11,6,11,6,11,6,11,6,11,7,11,7,11,7,11,7,11,9,11,8,11,9,11,9,11,10,11,10,12,10,12]"
CSI_DATA,114,1a:00:00:00:00:00,-47,11,0,0,0,0,0,0,0,0,0,-91,0,1,0,26403101,0,31,0,128,0,"[0,0,-4,-16,-4,-17,-4,-16,-4,-16,-4,-15,-4,-15,-5,-14,-5,-14,-5,-13,-6,-13,-7,-13,-7,-12,-7,-12,-7,-12,-8,-12,-8,-12,-8,-13,-7,-12,-7,-12,-6,-12,-6,-12,-5,-13,-5,-12,-4,-12,-3,-11,-2,-11,0,0,0,0,0,0,0,0,0,0,0,0,0,0,0,0,0,0,0,0,0,0,-5,-9,-4,-10,-4,-11,-4,-11,-3,-12,-3,-12,-2,-13,-1,-14,-1,-14,0,-14,0,-14,0,-14,0,-14,0,-14,0,-14,-1,-15,-1,-14,-1,-15,-2,-15,-2,-15,-2,-15,-3,-16,-3,-16,-4,-16,-4,-17,-4,-17]"
CSI_DATA,115,1a:00:00:00:00:00,-47,11,0,0,0,0,0,0,0,0,0,-91,0,1,0,26605541,0,31,0,128,0,"[0,0,12,10,12,9,12,9,12,9,12,8,11,8,11,7,11,6,11,6,12,6,12,5,12,4,12,4,12,4,12,4,13,4,13,4,12,4,12,5,12,5,11,5,11,5,10,6,9,6,9,6,8,6,0,0,0,0,0,0,0,0,0,0,0,0,0,0,0,0,0,0,0,0,0,0,8,3,8,4,9,5,9,5,9,6,9,7,9,8,9,9,9,9,8,9,8,10,8,10,8,10,8,10,8,10,9,10,9,10,9,9,9,9,10,9,10,9,11,9,11,9,12,9,13,10,13,10]"
CSI_DATA,116,1a:00:00:00:00:00,-47,11,0,0,0,0,0,0,0,0,0,-91,0,1,0,26805948,0,31,0,128,0,"[0,0,-14,-8,-15,-8,-14,-8,-14,-8,-14,-7,-13,-7,-13,-6,-13,-5,-13,-5,-13,-4,-14,-3,-13,-3,-13,-3,-13,-3,-14,-3,-14,-2,-14,-3,-14,-3,-14,-3,-13,-3,-13,-4,-12,-4,-12,-4,-11,-5,-10,-5,-10,-6,0,0,0,0,0,0,0,0,0,0,0,0,0,0,0,0,0,0,0,0,0,0,-9,-3,-9,-4,-10,-5,-10,-5,-10,-6,-10,-7,-10,-8,-10,-8,-10,-9,-10,-10,-10,-10,-10,-10,-10,-10,-10,-10,-10,-9,-11,-9,-11,-9,-11,-9,-12,-9,-12,-8,-13,-8,-13,-9,-13,-9,-15,-8,-15,-8,-14,-9]"
[0;32mI (26969) ftm_responder: Counter = 27[0m
CSI_DATA,117,1a:00:00:00:00:00,-47,11,0,0,0,0,0,0,0,0,0,-91,0,1,0,27006824,0,31,0,128,0,"[0,0,7,-14,7,-14,7,-14,6,-13,6,-14,6,-13,5,-13,5,-12,4,-12,3,-12,3,-13,2,-13,2,-13,2,-13,2,-13,2,-14,2,-14,2,-14,2,-13,3,-12,3,-12,4,-12,4,-11,4,-11,5,-10,5,-9,0,0,0,0,0,0,0,0,0,0,0,0,0,0,0,0,0,0,0,0,0,0,1,-9,2,-10,3,-10,4,-11,4,-10,5,-11,6,-11,6,-11,7,-10,8,-10,8,-11,8,-10,8,-10,8,-10,8,-10,8,-11,8,-11,7,-11,8,-12,7,-12,7,-12,7,-13,7,-13,7,-14,7,-14,7,-14]"
CSI_DATA,118,1a:00:00:00:00:00,-47,11,0,0,0,0,0,0,0,0,0,-91,0,1,0,27207912,0,31,0,128,0,"[0,0,-2,15,-2,15,-2,15,-1,14,-2,15,-2,14,-1,14,0,13,0,13,1,12,1,13,2,12,2,12,2,13,2,12,3,13,2,13,2,13,2,13,1,12,1,12,0,12,0,11,-1,12,-1,10,-2,10,0,0,0,0,0,0,0,0,0,0,0,0,0,0,0,0,0,0,0,0,0,0,1,8,0,10,0,10,-1,11,-1,11,-2,12,-3,12,-3,12,-4,12,-4,12,-4,13,-4,12,-5,12,-5,12,-4,12,-4,12,-4,13,-3,12,-4,13,-4,14,-3,14,-3,14,-3,14,-2,15,-2,16,-2,16]"
CSI_DATA,119,1a:00:00:00:00:00,-47,11,0,0,0,0,0,0,0,0,0,-91,0,1,0,27409845,0,31,0,128,0,"[0,0,-12,-12,-11,-11,-12,-12,-11,-11,-11,-11,-11,-10,-11,-9,-11,-9,-11,-8,-11,-7,-12,-7,-12,-6,-12,-6,-13,-6,-12,-6,-13,-6,-13,-6,-13,-7,-13,-7,-12,-7,-12,-7,-11,-7,-10,-7,-10,-7,-9,-8,-8,-8,0,0,0,0,0,0,0,0,0,0,0,0,0,0,0,0,0,0,0,0,0,0,-8,-6,-8,-7,-8,-7,-9,-8,-8,-9,-8,-10,-8,-11,-8,-11,-7,-12,-7,-12,-7,-12,-7,-12,-7,-12,-7,-12,-7,-12,-8,-12,-8,-13,-8,-11,-9,-12,-10,-12,-10,-12,-10,-12,-10,-12,-12,-12,-12,-12,-12,-13]"
CSI_DATA,120,1a:00:00:00:00:00,-47,11,0,0,0,0,0,0,0,0,0,-91,0,1,0,27576160,0,28,0,128,0,"[0,0,15,0,15,-1,15,-1,14,-1,14,-2,14,-1,13,-2,13,-2,12,-3,12,-3,12,-4,12,-4,12,-5,12,-5,12,-5,13,-5,12,-5,13,-5,13,-4,12,-4,12,-3,12,-3,11,-2,11,-2,11,-1,10,0,0,0,0,0,0,0,0,0,0,0,0,0,0,0,0,0,0,0,0,0,0,0,8,-2,9,-2,10,-1,11,-1,11,0,11,0,12,1,12,2,12,2,12,3,13,3,12,3,13,3,13,3,13,3,12,2,13,2,12,2,14,1,14,1,14,1,15,0,14,1,15,0,16,0,16,0]"
CSI_DATA,121,1a:00:00:00:00:00,-47,11,0,0,0,0,0,0,0,0,0,-91,0,1,0,27611107,0,31,0,128,0,"[0,0,-13,9,-14,8,-13,8,-12,8,-12,8,-11,8,-11,9,-11,9,-9,8,-9,9,-9,10,-8,9,-8,10,-8,11,-7,10,-8,11,-8,11,-8,11,-9,10,-8,10,-9,10,-9,8,-9,8,-9,8,-9,6,-9,6,0,0,0,0,0,0,0,0,0,0,0,0,0,0,0,0,0,0,0,0,0,0,-7,6,-8,6,-9,6,-10,6,-10,5,-11,5,-11,5,-12,5,-12,4,-13,4,-13,4,-13,3,-13,4,-13,4,-13,4,-13,4,-13,5,-12,5,-13,6,-13,6,-13,7,-13,7,-13,7,-14,8,-14,8,-14,8]"
CSI_DATA,122,1a:00:00:00:00:00,-47,11,0,0,0,0,0,0,0,0,0,-91,0,1,0,27670607,0,42,0,128,0,"[0,0,-6,14,-6,14,-6,14,-5,13,-5,13,-5,13,-4,13,-3,12,-3,12,-2,12,-1,12,-1,12,-1,12,-1,13,0,12,0,13,-1,13,-1,13,-1,13,-2,12,-2,12,-3,12,-3,11,-3,11,-4,10,-4,9,0,0,0,0,0,0,0,0,0,0,0,0,0,0,0,0,0,0,0,0,0,0,-1,8,-2,9,-2,9,-3,10,-4,10,-5,11,-5,11,-6,10,-7,11,-7,10,-7,11,-7,11,-8,11,-7,11,-8,11,-7,11,-7,11,-6,11,-7,12,-6,12,-6,12,-6,13,-6,13,-6,14,-6,14,-6,14]"
CSI_DATA,123,1a:00:00:00:00:00,-47,11,0,0,0,0,0,0,0,0,0,-91,0,1,0,27737948,0,31,0,128,0,"[0,0,-14,8,-14,8,-14,8,-13,8,-12,8,-12,8,-12,8,-11,8,-10,8,-10,9,-9,9,-9,9,-9,10,-9,10,-8,10,-8,10,-9,11,-9,10,-9,10,-9,9,-10,9,-10,8,-10,8,-10,7,-10,6,-10,5,0,0,0,0,0,0,0,0,0,0,0,0,0,0,0,0,0,0,0,0,0,0,-7,6,-7,6,-8,6,-9,6,-10,6,-11,5,-11,5,-12,5,-12,5,-13,4,-13,4,-13,4,-13,4,-13,4,-13,4,-13,5,-13,5,-13,5,-14,6,-14,6,-13,7,-13,7,-14,7,-14,8,-14,8,-14,8]"
CSI_DATA,124,1a:00:00:00:00:00,-47,11,0,0,0,0,0,0,0,0,0,-91,0,1,0,27939741,0,31,0,128,0,"[0,0,12,-9,13,-9,12,-9,12,-9,11,-9,10,-9,10,-9,9,-9,9,-9,8,-10,8,-10,8,-10,7,-11,7,-11,7,-11,7,-11,8,-11,8,-10,8,-10,8,-10,8,-10,8,-9,9,-8,9,-8,8,-7,8,-6,0,0,0,0,0,0,0,0,0,0,0,0,0,0,0,0,0,0,0,0,0,0,5,-7,6,-7,7,-7,8,-7,9,-7,9,-6,10,-6,10,-6,11,-6,12,-5,11,-5,12,-5,12,-5,12,-5,12,-5,12,-6,11,-6,11,-6,12,-7,12,-7,12,-8,12,-8,12,-8,13,-9,13,-9,13,-9]"
[0;32mI (27969) ftm_responder: Counter = 28[0m
CSI_DATA,125,1a:00:00:00:00:00,-47,11,0,0,0,0,0,0,0,0,0,-91,0,1,0,28140442,0,31,0,128,0,"[0,0,-17,0,-16,1,-16,1,-16,1,-15,1,-15,1,-15,1,-14,2,-14,2,-13,3,-13,4,-12,4,-13,5,-13,5,-13,5,-13,5,-13,5,-13,5,-13,4,-13,4,-13,3,-13,2,-12,2,-12,2,-12,1,-12,0,0,0,0,0,0,0,0,0,0,0,0,0,0,0,0,0,0,0,0,0,0,0,-9,3,-10,2,-11,2,-12,1,-12,1,-13,0,-13,-1,-13,-2,-14,-2,-14,-2,-14,-2,-14,-2,-14,-2,-14,-2,-14,-3,-14,-2,-14,-2,-14,-2,-15,-1,-15,-1,-15,-1,-16,0,-16,0,-17,1,-17,1,-17,0]"
CSI_DATA,126,1a:00:00:00:00:00,-47,11,0,0,0,0,0,0,0,0,0,-91,0,1,0,28341524,0,31,0,128,0,"[0,0,-4,-15,-4,-15,-4,-16,-4,-14,-4,-14,-4,-13,-4,-14,-5,-13,-5,-12,-6,-13,-7,-12,-6,-12,-6,-12,-8,-12,-7,-10,-7,-11,-9,-11,-7,-11,-8,-10,-6,-13,-6,-12,-2,-11,-3,-13,-4,-11,-1,-9,-4,-13,0,0,0,0,0,0,0,0,0,0,0,0,0,0,0,0,0,0,0,0,0,0,-6,-8,-5,-9,-5,-9,-5,-10,-4,-11,-4,-12,-3,-12,-3,-13,-2,-13,-2,-13,-2,-14,-1,-14,-2,-13,-1,-13,-1,-13,-2,-13,-2,-14,-2,-13,-2,-14,-3,-14,-3,-14,-3,-15,-4,-14,-4,-15,-4,-16,-4,-16]"
CSI_DATA,127,1a:00:00:00:00:00,-47,11,0,0,0,0,0,0,0,0,0,-91,0,1,0,28542671,0,31,0,128,0,"[0,0,5,-15,5,-15,4,-15,4,-15,4,-15,3,-14,3,-14,2,-14,1,-13,1,-14,0,-14,0,-13,-1,-14,-1,-14,-1,-14,-1,-14,-1,-14,-1,-14,-1,-13,0,-13,0,-13,1,-13,2,-12,2,-12,2,-11,3,-11,0,0,0,0,0,0,0,0,0,0,0,0,0,0,0,0,0,0,0,0,0,0,0,-10,1,-10,2,-11,2,-11,3,-12,4,-12,5,-12,5,-12,6,-12,7,-11,7,-12,7,-12,7,-12,7,-12,7,-11,7,-12,6,-12,6,-12,6,-13,6,-14,6,-13,6,-14,5,-14,5,-15,5,-15,5,-15]"
CSI_DATA,128,1a:00:00:00:00:00,-47,11,0,0,0,0,0,0,0,0,0,-91,0,1,0,28744280,0,31,0,128,0,"[0,0,11,10,11,10,11,9,10,9,11,9,11,8,10,8,11,7,11,6,11,6,11,5,11,5,11,5,12,4,12,4,12,4,12,4,12,5,11,5,11,5,11,5,10,5,9,6,9,6,8,6,8,7,0,0,0,0,0,0,0,0,0,0,0,0,0,0,0,0,0,0,0,0,0,0,7,4,8,5,8,6,8,6,8,7,8,8,8,9,7,10,7,10,7,10,7,11,6,11,7,11,7,11,7,10,7,11,7,10,8,10,8,10,9,10,9,10,10,10,10,10,11,10,11,10,11,11]"
CSI_DATA,129,1a:00:00:00:00:00,-47,11,0,0,0,0,0,0,0,0,0,-91,0,1,0,28945524,0,31,0,128,0,"[0,0,8,13,9,12,8,12,8,12,8,11,9,11,9,10,9,9,9,9,9,9,10,8,9,8,10,8,10,7,11,7,11,7,11,8,11,8,11,8,10,8,9,8,9,8,8,8,7,9,6,9,6,9,0,0,0,0,0,0,0,0,0,0,0,0,0,0,0,0,0,0,0,0,0,0,6,6,6,7,6,7,6,8,6,9,5,10,6,11,5,11,5,12,4,12,4,13,4,13,4,13,4,12,4,12,5,13,5,13,5,12,5,12,7,12,6,12,7,12,7,13,7,13,8,13,8,14]"
[0;32mI (28969) ftm_responder: Counter = 29[0m
CSI_DATA,130,1a:00:00:00:00:00,-47,11,0,0,0,0,0,0,0,0,0,-91,0,1,0,29146569,0,31,0,128,0,"[0,0,8,13,8,12,8,12,8,12,8,11,8,10,8,10,9,9,8,9,9,8,9,7,10,8,9,7,10,8,10,7,10,7,10,8,10,8,10,8,9,8,9,7,8,9,7,8,7,9,6,8,6,9,0,0,0,0,0,0,0,0,0,0,0,0,0,0,0,0,0,0,0,0,0,0,7,5,7,6,7,7,7,8,7,9,6,10,6,11,5,11,5,12,4,12,5,12,5,12,4,12,4,12,4,12,5,12,5,12,5,12,5,12,6,12,6,12,7,12,7,12,8,13,8,13,8,13]"
CSI_DATA,131,1a:00:00:00:00:00,-47,11,0,0,0,0,0,0,0,0,0,-91,0,1,0,29206530,0,42,0,128,0,"[0,0,-14,6,-14,7,-13,6,-13,6,-12,6,-12,7,-11,7,-11,7,-10,7,-10,7,-9,8,-9,8,-9,8,-9,9,-9,9,-8,9,-9,10,-9,9,-9,9,-9,8,-9,8,-9,7,-9,7,-9,6,-9,5,-10,4,0,0,0,0,0,0,0,0,0,0,0,0,0,0,0,0,0,0,0,0,0,0,-7,5,-8,5,-9,5,-10,5,-11,5,-11,4,-12,4,-12,3,-13,3,-13,2,-13,2,-13,2,-14,2,-13,2,-13,2,-13,3,-13,3,-13,3,-13,4,-14,4,-13,4,-14,5,-14,5,-14,6,-14,7,-14,6]"
CSI_DATA,132,1a:00:00:00:00:00,-47,11,0,0,0,0,0,0,0,0,0,-91,0,1,0,29278477,0,31,0,128,0,"[0,0,11,-10,12,-10,11,-11,10,-10,10,-11,9,-11,9,-11,9,-10,8,-11,7,-11,6,-12,6,-12,6,-12,6,-12,5,-12,6,-13,6,-12,6,-12,6,-12,6,-11,6,-11,7,-11,7,-10,7,-10,7,-9,7,-8,0,0,0,0,0,0,0,0,0,0,0,0,0,0,0,0,0,0,0,0,0,0,5,-8,6,-8,7,-9,8,-9,8,-9,9,-8,10,-8,11,-8,11,-7,11,-7,12,-7,12,-7,12,-7,12,-7,12,-7,11,-7,12,-7,11,-7,11,-8,11,-9,12,-9,12,-10,11,-9,12,-11,11,-11,12,-11]"
CSI_DATA,133,1a:00:00:00:00:00,-47,11,0,0,0,0,0,0,0,0,0,-91,0,1,0,29479537,0,31,0,128,0,"[0,0,-14,-8,-14,-8,-14,-7,-14,-7,-14,-7,-13,-7,-13,-6,-13,-5,-13,-4,-13,-4,-14,-3,-13,-2,-13,-2,-14,-2,-14,-2,-14,-2,-14,-2,-14,-2,-14,-3,-14,-3,-13,-3,-13,-4,-12,-4,-12,-4,-11,-5,-11,-6,0,0,0,0,0,0,0,0,0,0,0,0,0,0,0,0,0,0,0,0,0,0,-10,-2,-10,-3,-11,-4,-11,-5,-12,-6,-12,-7,-11,-8,-11,-8,-11,-9,-11,-9,-11,-10,-11,-10,-11,-10,-11,-10,-11,-10,-11,-10,-11,-10,-11,-9,-12,-9,-13,-9,-13,-8,-14,-9,-13,-8,-14,-8,-14,-8,-15,-8]"
CSI_DATA,134,1a:00:00:00:00:00,-47,11,0,0,0,0,0,0,0,0,0,-91,0,1,0,29680704,0,31,0,128,0,"[0,0,11,-11,10,-12,10,-11,10,-11,9,-11,9,-11,8,-11,8,-11,7,-11,6,-11,6,-12,5,-12,5,-12,5,-13,5,-12,5,-13,5,-13,5,-13,5,-12,6,-12,6,-12,6,-11,7,-10,7,-10,7,-9,7,-8,0,0,0,0,0,0,0,0,0,0,0,0,0,0,0,0,0,0,0,0,0,0,4,-9,5,-9,6,-9,7,-9,8,-9,9,-9,9,-9,10,-8,10,-8,11,-7,11,-8,11,-7,11,-7,11,-7,11,-7,11,-8,11,-8,10,-8,11,-9,11,-9,11,-10,11,-10,10,-10,11,-11,11,-11,11,-11]"
CSI_DATA,135,1a:00:00:00:00:00,-47,11,0,0,0,0,0,0,0,0,0,-91,0,1,0,29882170,0,31,0,128,0,"[0,0,-2,15,-3,15,-3,15,-2,14,-2,14,-2,14,-1,13,0,13,0,12,1,12,1,12,2,12,2,13,2,12,3,12,3,13,2,13,2,13,2,13,1,12,1,12,0,12,0,12,-1,12,-1,11,-2,10,0,0,0,0,0,0,0,0,0,0,0,0,0,0,0,0,0,0,0,0,0,0,1,9,1,9,0,10,-1,11,-2,11,-2,12,-3,12,-4,12,-4,12,-5,12,-5,12,-5,12,-6,12,-5,12,-5,12,-5,12,-5,12,-4,12,-4,13,-4,13,-3,13,-3,14,-3,14,-3,14,-3,15,-3,15]"
[0;32mI (29969) ftm_responder: Counter = 30[0m
CSI_DATA,136,1a:00:00:00:00:00,-47,11,0,0,0,0,0,0,0,0,0,-91,0,1,0,30083157,0,31,0,128,0,"[0,0,6,14,6,13,6,13,6,12,6,12,6,12,6,11,6,11,6,10,8,10,8,9,8,9,8,9,8,9,9,9,9,9,9,9,9,9,8,9,8,10,7,10,7,10,6,9,6,10,5,9,4,9,0,0,0,0,0,0,0,0,0,0,0,0,0,0,0,0,0,0,0,0,0,0,6,7,5,7,5,8,5,9,4,10,4,11,4,12,3,12,3,12,2,13,2,13,2,13,2,13,2,12,2,12,3,13,3,12,3,12,3,13,4,13,3,12,4,13,5,13,6,13,6,14,6,14]"
CSI_DATA,137,1a:00:00:00:00:00,-47,11,0,0,0,0,0,0,0,0,0,-91,0,1,0,30284582,0,31,0,128,0,"[0,0,5,-15,4,-14,5,-15,4,-14,4,-14,4,-13,3,-14,3,-13,2,-13,1,-13,0,-13,0,-13,0,-13,0,-14,-1,-13,-1,-13,-1,-14,-1,-14,0,-14,0,-13,1,-13,1,-13,1,-12,2,-12,2,-11,3,-11,0,0,0,0,0,0,0,0,0,0,0,0,0,0,0,0,0,0,0,0,0,0,0,-9,1,-10,2,-10,3,-11,3,-11,4,-12,5,-12,6,-11,6,-11,7,-11,7,-12,7,-11,7,-11,7,-11,7,-11,6,-11,6,-12,6,-11,6,-12,6,-13,5,-13,6,-13,5,-13,5,-15,5,-15,5,-15]"
CSI_DATA,138,1a:00:00:00:00:00,-47,11,0,0,0,0,0,0,0,0,0,-91,0,1,0,30485928,0,31,0,128,0,"[0,0,14,5,14,4,14,5,13,4,13,4,13,3,13,3,12,2,12,2,12,1,13,0,12,0,13,0,13,-1,13,0,13,-1,13,-1,13,0,13,0,13,0,13,1,12,1,11,2,11,2,10,3,10,3,0,0,0,0,0,0,0,0,0,0,0,0,0,0,0,0,0,0,0,0,0,0,9,0,10,1,10,2,11,2,11,3,11,4,11,5,11,6,11,6,11,7,11,7,11,7,11,7,11,7,11,7,11,7,11,7,11,6,12,6,12,5,12,5,13,5,13,5,14,5,14,5,14,5]"
CSI_DATA,139,1a:00:00:00:00:00,-47,11,0,0,0,0,0,0,0,0,0,-91,0,1,0,30686730,0,31,0,128,0,"[0,0,-3,-16,-3,-15,-3,-15,-3,-15,-4,-15,-3,-14,-4,-14,-4,-13,-5,-13,-6,-12,-7,-12,-6,-12,-7,-12,-7,-12,-7,-12,-8,-12,-7,-12,-7,-13,-7,-13,-6,-12,-6,-13,-5,-12,-5,-12,-4,-12,-4,-12,-2,-12,0,0,0,0,0,0,0,0,0,0,0,0,0,0,0,0,0,0,0,0,0,0,-4,-9,-4,-10,-3,-11,-3,-12,-2,-12,-2,-13,-1,-14,0,-14,0,-14,1,-14,1,-14,1,-14,1,-14,1,-14,1,-14,0,-14,0,-14,0,-14,0,-14,-1,-15,-1,-15,-2,-15,-2,-15,-3,-16,-3,-16,-3,-16]"
CSI_DATA,140,1a:00:00:00:00:00,-47,11,0,0,0,0,0,0,0,0,0,-91,0,1,0,30747130,0,42,0,128,0,"[0,0,6,-14,6,-14,6,-14,5,-13,5,-14,5,-13,4,-13,4,-13,3,-13,2,-13,1,-13,1,-13,1,-13,1,-14,1,-13,0,-14,1,-14,1,-14,1,-14,1,-13,2,-13,2,-13,3,-12,3,-12,3,-11,4,-10,0,0,0,0,0,0,0,0,0,0,0,0,0,0,0,0,0,0,0,0,0,0,1,-9,2,-10,3,-10,4,-11,5,-11,6,-11,6,-11,7,-11,8,-11,8,-10,8,-11,8,-10,8,-11,8,-10,8,-10,8,-11,8,-11,7,-11,8,-12,7,-12,7,-12,7,-13,6,-13,7,-14,7,-14,6,-14]"
CSI_DATA,141,1a:00:00:00:00:00,-47,11,0,0,0,0,0,0,0,0,0,-91,0,1,0,30810273,0,31,0,128,0,"[0,0,-6,-15,-7,-14,-7,-14,-7,-14,-7,-13,-7,-13,-7,-12,-7,-12,-8,-11,-8,-11,-9,-11,-9,-10,-9,-10,-10,-10,-10,-10,-10,-10,-10,-10,-10,-10,-10,-11,-9,-11,-9,-11,-8,-11,-8,-11,-7,-11,-6,-11,-5,-11,0,0,0,0,0,0,0,0,0,0,0,0,0,0,0,0,0,0,0,0,0,0,-6,-8,-6,-9,-6,-10,-5,-11,-5,-11,-4,-12,-4,-13,-3,-13,-3,-14,-2,-14,-2,-14,-2,-14,-2,-14,-2,-14,-2,-13,-3,-14,-3,-14,-4,-14,-4,-14,-4,-14,-5,-14,-5,-14,-5,-14,-6,-15,-7,-15,-6,-15]"
[0;32mI (30969) ftm_responder: Counter = 31[0m
CSI_DATA,142,1a:00:00:00:00:00,-47,11,0,0,0,0,0,0,0,0,0,-91,0,1,0,31011453,0,31,0,128,0,"[0,0,2,15,2,14,2,14,3,13,3,14,3,13,3,12,3,12,4,11,5,11,6,11,6,11,6,10,6,11,7,10,7,11,7,11,7,11,6,11,6,11,5,11,4,11,4,10,4,11,3,10,2,10,0,0,0,0,0,0,0,0,0,0,0,0,0,0,0,0,0,0,0,0,0,0,3,8,3,9,2,9,2,11,2,11,1,12,0,12,0,12,-1,13,-1,12,-1,13,-1,13,-2,13,-1,13,-1,13,-1,13,-1,13,0,12,0,13,0,14,1,14,1,14,1,14,2,15,2,15,3,15]"
CSI_DATA,143,1a:00:00:00:00:00,-47,11,0,0,0,0,0,0,0,0,0,-91,0,1,0,31212555,0,31,0,128,0,"[0,0,-7,-15,-7,-14,-7,-14,-7,-14,-7,-13,-8,-12,-8,-12,-8,-11,-9,-11,-8,-11,-9,-11,-9,-10,-9,-9,-10,-10,-10,-10,-11,-10,-10,-10,-10,-10,-10,-10,-10,-10,-9,-10,-8,-10,-7,-11,-7,-11,-6,-11,-5,-11,0,0,0,0,0,0,0,0,0,0,0,0,0,0,0,0,0,0,0,0,0,0,-6,-8,-6,-9,-6,-9,-6,-10,-6,-11,-5,-12,-5,-13,-4,-13,-4,-14,-3,-14,-3,-14,-3,-14,-2,-14,-3,-14,-3,-13,-4,-14,-4,-14,-4,-14,-5,-14,-5,-14,-6,-14,-6,-14,-6,-14,-6,-16,-6,-15,-6,-15]"
CSI_DATA,144,1a:00:00:00:00:00,-47,11,0,0,0,0,0,0,0,0,0,-91,0,1,0,31413981,0,31,0,128,0,"[0,0,8,13,8,13,8,12,8,12,8,11,8,11,8,10,8,10,9,9,9,9,10,8,10,7,10,7,10,7,11,7,10,7,11,8,10,8,10,8,10,8,9,8,9,8,8,8,7,8,6,8,6,9,0,0,0,0,0,0,0,0,0,0,0,0,0,0,0,0,0,0,0,0,0,0,6,6,6,7,6,8,6,9,6,10,5,10,5,11,4,12,4,12,4,12,4,13,4,13,4,12,4,12,3,12,4,13,4,12,5,12,5,12,6,12,6,12,6,13,7,13,8,13,8,13,8,14]"
CSI_DATA,145,1a:00:00:00:00:00,-47,11,0,0,0,0,0,0,0,0,0,-91,0,1,0,31615634,0,31,0,128,0,"[0,0,-9,12,-9,12,-9,12,-8,11,-8,11,-7,11,-7,11,-6,11,-6,11,-5,11,-4,12,-4,11,-4,11,-4,12,-3,12,-3,12,-4,13,-4,13,-4,12,-4,12,-5,11,-6,11,-6,10,-6,10,-6,9,-7,8,0,0,0,0,0,0,0,0,0,0,0,0,0,0,0,0,0,0,0,0,0,0,-3,8,-4,8,-5,9,-6,9,-7,9,-8,9,-9,9,-9,9,-10,9,-10,8,-10,9,-10,8,-11,8,-10,8,-10,8,-10,9,-10,9,-9,9,-10,10,-10,10,-9,10,-9,11,-9,11,-9,12,-9,12,-9,12]"
CSI_DATA,146,1a:00:00:00:00:00,-47,11,0,0,0,0,0,0,0,0,0,-91,0,1,0,31816585,0,31,0,128,0,"[0,0,-9,-14,-9,-14,-9,-13,-9,-13,-8,-13,-8,-12,-9,-12,-8,-11,-9,-11,-10,-10,-11,-9,-10,-9,-11,-9,-11,-9,-11,-9,-12,-9,-11,-9,-11,-10,-11,-10,-10,-10,-10,-10,-9,-10,-9,-10,-8,-10,-7,-10,-6,-10,0,0,0,0,0,0,0,0,0,0,0,0,0,0,0,0,0,0,0,0,0,0,-7,-7,-7,-8,-7,-9,-7,-10,-6,-10,-6,-12,-6,-12,-5,-13,-5,-13,-5,-13,-5,-14,-5,-14,-5,-13,-4,-13,-4,-13,-5,-14,-5,-14,-5,-13,-6,-14,-6,-14,-7,-14,-7,-14,-7,-14,-8,-14,-9,-14,-9,-15]"
[0;32mI (31969) ftm_responder: Counter = 32[0m
CSI_DATA,147,1a:00:00:00:00:00,-46,11,0,0,0,0,0,0,0,0,0,-91,0,1,0,32017395,0,31,0,128,0,"[0,0,8,-13,8,-13,7,-13,6,-13,7,-13,6,-13,6,-13,5,-13,4,-13,3,-12,3,-13,2,-13,2,-13,2,-13,2,-13,2,-14,2,-14,2,-14,2,-14,3,-13,3,-13,4,-12,4,-12,4,-11,5,-10,5,-10,0,0,0,0,0,0,0,0,0,0,0,0,0,0,0,0,0,0,0,0,0,0,2,-9,3,-10,4,-10,5,-10,6,-10,7,-11,7,-10,8,-10,9,-10,9,-9,9,-10,9,-10,9,-10,9,-10,9,-10,9,-10,9,-10,8,-10,9,-11,9,-11,8,-12,8,-12,8,-12,8,-13,8,-14,8,-14]"
CSI_DATA,148,1a:00:00:00:00:00,-46,11,0,0,0,0,0,0,0,0,0,-91,0,1,0,32218554,0,31,0,128,0,"[0,0,-8,-14,-9,-13,-9,-13,-8,-13,-8,-13,-9,-12,-9,-11,-9,-11,-9,-10,-10,-10,-10,-9,-10,-8,-10,-9,-10,-8,-11,-9,-11,-9,-11,-9,-11,-9,-11,-10,-11,-10,-10,-10,-9,-10,-8,-10,-8,-10,-7,-10,-6,-10,0,0,0,0,0,0,0,0,0,0,0,0,0,0,0,0,0,0,0,0,0,0,-7,-7,-7,-8,-7,-9,-7,-10,-7,-11,-6,-12,-6,-12,-5,-13,-5,-13,-4,-13,-4,-14,-4,-14,-4,-14,-4,-13,-4,-13,-5,-13,-5,-13,-5,-13,-6,-13,-7,-13,-7,-13,-7,-14,-7,-13,-8,-14,-9,-14,-8,-15]"
CSI_DATA,149,1a:00:00:00:00:00,-46,11,0,0,0,0,0,0,0,0,0,-91,0,1,0,32278900,0,42,0,128,0,"[0,0,-15,3,-15,3,-15,3,-14,3,-14,3,-14,4,-13,4,-12,4,-12,4,-12,5,-11,6,-11,6,-11,6,-11,7,-11,6,-11,7,-12,7,-12,6,-12,6,-12,5,-12,5,-12,4,-12,4,-11,3,-11,2,-11,1,0,0,0,0,0,0,0,0,0,0,0,0,0,0,0,0,0,0,0,0,0,0,-8,4,-9,4,-10,3,-11,3,-12,3,-12,2,-13,1,-13,1,-13,0,-14,0,-14,0,-14,-1,-14,-1,-14,0,-14,0,-14,0,-14,0,-13,0,-14,1,-14,1,-15,2,-15,2,-15,2,-16,3,-16,3,-16,2]"
CSI_DATA,150,1a:00:00:00:00:00,-46,11,0,0,0,0,0,0,0,0,0,-91,0,1,0,32346492,0,31,0,128,0,"[0,0,9,-12,9,-12,9,-12,9,-12,8,-12,7,-12,7,-12,7,-12,6,-12,5,-12,4,-13,4,-12,4,-12,4,-13,4,-13,3,-13,4,-14,4,-13,5,-13,5,-12,5,-12,5,-11,6,-11,6,-11,6,-9,7,-9,0,0,0,0,0,0,0,0,0,0,0,0,0,0,0,0,0,0,0,0,0,0,3,-9,4,-9,5,-9,6,-10,7,-10,7,-10,8,-10,9,-9,9,-9,10,-9,10,-9,10,-9,10,-9,10,-8,10,-8,10,-9,10,-9,10,-9,10,-10,9,-10,9,-11,10,-11,9,-11,10,-12,10,-12,9,-12]"
CSI_DATA,151,1a:00:00:00:00:00,-47,11,0,0,0,0,0,0,0,0,0,-91,0,1,0,32547769,0,31,0,128,0,"[0,0,-5,14,-5,14,-5,14,-4,13,-4,13,-4,13,-3,13,-3,12,-2,12,-1,12,-1,12,-1,12,0,12,0,12,0,12,1,13,0,13,0,13,0,13,-1,12,-1,12,-2,11,-2,11,-3,11,-3,10,-4,9,0,0,0,0,0,0,0,0,0,0,0,0,0,0,0,0,0,0,0,0,0,0,-1,9,-1,9,-2,10,-3,10,-4,10,-5,11,-5,11,-6,11,-7,11,-7,11,-7,11,-7,11,-8,11,-7,11,-7,10,-7,11,-7,11,-7,11,-6,12,-6,12,-6,12,-6,13,-6,13,-6,14,-6,14,-5,14]"
CSI_DATA,152,1a:00:00:00:00:00,-46,11,0,0,0,0,0,0,0,0,0,-91,0,1,0,32748946,0,31,0,128,0,"[0,0,11,-11,11,-11,10,-11,10,-11,10,-11,9,-11,8,-11,8,-11,7,-11,6,-11,6,-12,6,-12,6,-12,5,-12,5,-12,5,-13,5,-13,6,-13,6,-12,6,-12,6,-11,7,-11,7,-10,7,-10,7,-9,7,-8,0,0,0,0,0,0,0,0,0,0,0,0,0,0,0,0,0,0,0,0,0,0,5,-8,5,-8,6,-8,7,-9,8,-8,9,-8,9,-8,10,-8,10,-8,11,-7,11,-7,11,-7,12,-7,11,-7,11,-7,11,-8,11,-8,10,-8,11,-9,11,-9,11,-9,11,-10,10,-9,11,-11,12,-11,11,-11]"
CSI_DATA,153,1a:00:00:00:00:00,-47,11,0,0,0,0,0,0,0,0,0,-91,0,1,0,32952369,0,31,0,128,0,"[0,0,-10,12,-10,12,-10,12,-9,11,-9,12,-9,11,-8,11,-7,11,-7,11,-6,11,-5,12,-5,12,-5,12,-5,12,-4,12,-4,13,-5,13,-5,13,-5,12,-5,12,-6,12,-6,11,-7,10,-7,10,-7,9,-8,8,0,0,0,0,0,0,0,0,0,0,0,0,0,0,0,0,0,0,0,0,0,0,-4,8,-5,8,-6,9,-7,9,-8,9,-8,9,-9,9,-10,9,-10,8,-11,8,-11,8,-11,8,-12,8,-11,8,-11,8,-11,8,-11,9,-10,9,-11,9,-11,10,-11,10,-11,11,-10,11,-11,12,-11,12,-10,12]"
[0;32mI (32969) ftm_responder: Counter = 33[0m
CSI_DATA,154,1a:00:00:00:00:00,-46,11,0,0,0,0,0,0,0,0,0,-91,0,1,0,33151110,0,31,0,128,0,"[0,0,2,15,2,14,2,15,3,14,3,14,3,13,3,13,4,12,4,12,5,11,6,11,5,11,6,11,6,11,6,11,7,11,6,11,7,12,6,12,6,11,5,11,5,12,4,11,3,11,2,11,1,11,0,0,0,0,0,0,0,0,0,0,0,0,0,0,0,0,0,0,0,0,0,0,3,8,2,9,2,10,2,11,1,11,0,12,0,12,-1,13,-1,13,-2,13,-2,13,-3,13,-3,13,-2,13,-2,13,-1,13,-1,13,-1,13,-1,14,0,14,0,14,1,14,1,14,1,15,1,15,1,16]"
CSI_DATA,155,1a:00:00:00:00:00,-46,11,0,0,0,0,0,0,0,0,0,-91,0,1,0,33352194,0,31,0,128,0,"[0,0,14,5,14,4,14,4,13,4,13,4,13,4,12,2,12,2,12,2,12,1,12,0,12,-1,12,-1,13,-1,12,0,13,-1,13,-1,13,0,13,0,12,1,12,1,12,1,11,2,11,2,10,3,10,3,0,0,0,0,0,0,0,0,0,0,0,0,0,0,0,0,0,0,0,0,0,0,9,0,9,1,10,1,10,2,10,3,11,4,11,5,11,5,11,6,11,6,11,6,11,7,11,6,11,6,11,7,11,6,11,6,11,6,12,6,12,6,12,5,13,5,13,5,14,5,14,5,14,5]"
CSI_DATA,156,1a:00:00:00:00:00,-46,11,0,0,0,0,0,0,0,0,0,-91,0,1,0,33553663,0,31,0,128,0,"[0,0,-4,14,-4,14,-4,14,-3,13,-4,13,-3,13,-3,13,-2,12,-1,12,0,12,0,12,0,12,1,12,1,12,1,12,2,13,1,13,1,13,1,13,0,12,0,12,-1,12,-2,11,-2,11,-3,10,-3,10,0,0,0,0,0,0,0,0,0,0,0,0,0,0,0,0,0,0,0,0,0,0,0,9,-1,10,-2,10,-3,11,-3,10,-4,11,-5,11,-6,11,-6,11,-7,11,-7,12,-7,11,-7,11,-7,11,-7,11,-6,11,-6,12,-6,11,-6,12,-6,13,-5,13,-5,13,-5,13,-5,14,-5,14,-4,15]"
CSI_DATA,157,1a:00:00:00:00:00,-46,11,0,0,0,0,0,0,0,0,0,-91,0,1,0,33754960,0,31,0,128,0,"[0,0,14,-4,14,-5,14,-4,13,-4,13,-5,12,-5,12,-5,12,-5,11,-5,10,-6,10,-7,10,-8,10,-8,10,-8,10,-8,10,-8,10,-8,11,-8,11,-7,11,-7,11,-6,11,-6,10,-5,10,-5,10,-4,10,-3,0,0,0,0,0,0,0,0,0,0,0,0,0,0,0,0,0,0,0,0,0,0,8,-5,8,-4,9,-4,10,-4,11,-3,11,-3,12,-2,12,-1,12,-1,12,-1,13,-1,12,-1,13,-1,13,-1,13,0,13,-1,13,-1,13,-1,13,-2,13,-2,14,-2,14,-3,13,-3,14,-4,14,-5,15,-4]"
CSI_DATA,158,1a:00:00:00:00:00,-46,11,0,0,0,0,0,0,0,0,0,-91,0,1,0,33815027,0,42,0,128,0,"[0,0,-15,4,-15,4,-15,4,-14,4,-14,5,-14,5,-13,5,-13,5,-12,6,-11,6,-11,7,-11,7,-11,8,-11,8,-11,8,-11,8,-11,9,-11,8,-12,8,-12,7,-11,7,-12,6,-12,6,-11,5,-11,4,-11,3,0,0,0,0,0,0,0,0,0,0,0,0,0,0,0,0,0,0,0,0,0,0,-8,5,-9,4,-11,4,-11,4,-12,3,-12,2,-13,2,-13,1,-14,1,-14,0,-14,1,-14,0,-14,0,-14,0,-14,0,-14,1,-14,1,-14,1,-15,2,-15,2,-15,2,-15,3,-15,3,-16,4,-16,5,-16,4]"
CSI_DATA,159,1a:00:00:00:00:00,-46,11,0,0,0,0,0,0,0,0,0,-91,0,1,0,33885217,0,31,0,128,0,"[0,0,14,6,14,6,14,5,13,5,13,4,13,4,13,3,13,3,12,2,12,1,13,0,12,0,13,0,13,0,13,0,13,0,14,0,13,0,13,1,13,1,13,1,12,2,12,2,11,2,11,3,10,4,0,0,0,0,0,0,0,0,0,0,0,0,0,0,0,0,0,0,0,0,0,0,9,1,9,2,10,3,10,4,10,4,10,6,10,6,10,7,10,8,10,8,10,8,10,8,10,8,10,8,10,8,10,8,11,8,10,7,12,7,12,7,12,7,13,7,13,7,13,6,14,6,14,6]"
[0;32mI (33989) ftm_responder: Counter = 34[0m
CSI_DATA,160,1a:00:00:00:00:00,-46,11,0,0,0,0,0,0,0,0,0,-91,0,1,0,34086390,0,31,0,128,0,"[0,0,-1,15,0,15,-1,15,0,14,0,14,1,14,1,13,1,13,3,12,3,12,4,12,4,11,4,12,5,12,5,12,5,12,5,12,5,13,5,12,4,12,4,12,3,12,2,11,1,12,1,11,0,11,0,0,0,0,0,0,0,0,0,0,0,0,0,0,0,0,0,0,0,0,0,0,1,9,1,10,0,10,0,11,-1,11,-2,12,-2,12,-3,12,-3,13,-4,12,-4,13,-4,13,-4,13,-4,12,-4,12,-3,13,-3,13,-3,13,-3,14,-2,14,-2,14,-2,14,-1,14,-1,15,-1,15,-1,15]"
CSI_DATA,161,1a:00:00:00:00:00,-46,11,0,0,0,0,0,0,0,0,0,-91,0,1,0,34287565,0,31,0,128,0,"[0,0,12,9,12,8,11,8,12,8,11,7,11,6,11,6,11,6,11,5,11,5,12,4,11,3,11,3,12,3,12,3,12,3,13,3,12,4,12,4,12,4,12,4,11,5,10,5,10,5,9,6,8,6,0,0,0,0,0,0,0,0,0,0,0,0,0,0,0,0,0,0,0,0,0,0,8,3,8,3,9,4,9,5,9,6,9,7,9,8,9,8,9,9,8,9,8,9,8,10,8,9,8,9,8,9,9,9,8,9,9,9,9,8,10,8,10,9,11,8,11,9,12,9,12,9,12,9]"
CSI_DATA,162,1a:00:00:00:00:00,-46,11,0,0,0,0,0,0,0,0,0,-91,0,1,0,34488948,0,31,0,128,0,"[0,0,-4,15,-4,14,-4,14,-3,13,-3,13,-2,13,-2,13,-1,12,-1,12,0,12,0,12,0,12,1,12,2,12,2,12,2,13,2,13,2,13,2,13,1,12,1,12,0,12,-1,11,-2,11,-2,10,-3,10,0,0,0,0,0,0,0,0,0,0,0,0,0,0,0,0,0,0,0,0,0,0,-1,9,-1,9,-2,10,-3,10,-3,10,-4,11,-5,11,-5,11,-6,11,-7,11,-7,11,-7,11,-8,11,-7,11,-7,11,-6,11,-6,12,-5,11,-6,12,-5,13,-5,12,-5,13,-5,13,-5,14,-5,14,-5,15]"
CSI_DATA,163,1a:00:00:00:00:00,-46,11,0,0,0,0,0,0,0,0,0,-91,0,1,0,34689941,0,31,0,128,0,"[0,0,7,13,7,12,7,12,7,12,7,11,8,11,8,10,8,9,8,9,8,9,9,8,9,8,9,8,10,8,10,8,10,8,10,8,10,8,10,8,9,9,9,9,8,9,7,9,6,9,6,9,4,9,0,0,0,0,0,0,0,0,0,0,0,0,0,0,0,0,0,0,0,0,0,0,6,6,6,7,6,7,6,8,6,9,5,10,5,11,4,11,4,12,3,12,3,12,3,12,3,12,3,12,3,12,4,12,4,12,4,11,5,12,6,12,5,12,6,12,6,12,7,13,7,13,7,13]"
CSI_DATA,164,1a:00:00:00:00:00,-46,11,0,0,0,0,0,0,0,0,0,-91,0,1,0,34891223,0,31,0,128,0,"[0,0,-16,-1,-16,0,-15,-1,-15,0,-15,0,-15,1,-14,1,-14,2,-13,2,-13,2,-13,3,-13,4,-13,3,-13,4,-13,4,-13,4,-14,5,-13,4,-13,4,-13,4,-13,3,-13,2,-13,2,-13,1,-12,0,-11,-1,0,0,0,0,0,0,0,0,0,0,0,0,0,0,0,0,0,0,0,0,0,0,-10,1,-10,0,-11,0,-12,-1,-12,-1,-12,-2,-13,-3,-13,-3,-13,-4,-14,-5,-13,-5,-13,-5,-14,-5,-13,-5,-13,-4,-14,-4,-13,-4,-14,-4,-14,-3,-15,-2,-15,-2,-15,-2,-15,-2,-16,-2,-16,-1,-16,-2]"
[0;32mI (34989) ftm_responder: Counter = 35[0m
CSI_DATA,165,1a:00:00:00:00:00,-46,11,0,0,0,0,0,0,0,0,0,-91,0,1,0,35094194,0,31,0,128,0,"[0,0,-8,13,-7,12,-8,13,-7,12,-7,12,-6,12,-5,12,-5,12,-4,11,-4,11,-3,12,-3,12,-2,12,-2,13,-2,12,-2,13,-2,13,-2,13,-2,13,-3,12,-3,12,-4,11,-4,11,-5,11,-5,9,-6,9,0,0,0,0,0,0,0,0,0,0,0,0,0,0,0,0,0,0,0,0,0,0,-3,8,-4,9,-5,9,-6,9,-6,9,-7,9,-8,10,-8,9,-9,9,-10,8,-10,9,-10,9,-10,9,-10,9,-10,9,-9,9,-9,9,-9,9,-9,10,-9,11,-8,11,-8,11,-8,11,-9,13,-8,13,-8,13]"
CSI_DATA,166,1a:00:00:00:00:00,-46,11,0,0,0,0,0,0,0,0,0,-91,0,1,0,35293805,0,31,0,128,0,"[0,0,-12,-11,-12,-11,-11,-11,-12,-10,-11,-10,-11,-9,-11,-9,-11,-8,-12,-7,-12,-7,-12,-7,-12,-6,-12,-6,-13,-5,-13,-5,-13,-5,-13,-5,-13,-6,-13,-6,-12,-6,-12,-7,-11,-7,-11,-7,-10,-7,-9,-8,-8,-8,0,0,0,0,0,0,0,0,0,0,0,0,0,0,0,0,0,0,0,0,0,0,-8,-6,-9,-7,-9,-7,-9,-8,-9,-9,-8,-10,-8,-10,-8,-11,-8,-11,-7,-12,-7,-12,-7,-12,-7,-12,-7,-12,-7,-12,-8,-12,-8,-12,-8,-11,-8,-12,-10,-11,-10,-11,-11,-11,-10,-11,-11,-12,-11,-11,-11,-12]"
CSI_DATA,167,1a:00:00:00:00:00,-46,11,0,0,0,0,0,0,0,0,0,-91,0,1,0,35353948,0,42,0,128,0,"[0,0,-12,-10,-12,-10,-12,-10,-12,-9,-12,-9,-12,-8,-12,-8,-12,-7,-12,-7,-12,-6,-13,-6,-12,-5,-12,-5,-13,-4,-13,-5,-14,-5,-13,-5,-13,-5,-13,-6,-12,-6,-12,-6,-11,-6,-11,-6,-10,-7,-10,-7,-9,-8,0,0,0,0,0,0,0,0,0,0,0,0,0,0,0,0,0,0,0,0,0,0,-9,-5,-9,-6,-9,-6,-10,-7,-9,-8,-9,-9,-9,-10,-9,-10,-9,-11,-8,-11,-9,-11,-8,-12,-8,-11,-8,-11,-8,-11,-9,-11,-9,-11,-9,-11,-10,-11,-10,-10,-10,-10,-11,-10,-11,-10,-12,-10,-12,-11,-12,-11]"
CSI_DATA,168,1a:00:00:00:00:00,-46,11,0,0,0,0,0,0,0,0,0,-91,0,1,0,35418060,0,31,0,128,0,"[0,0,-15,4,-15,4,-15,4,-14,4,-14,4,-14,4,-13,5,-13,5,-12,5,-11,6,-11,7,-11,7,-10,7,-11,8,-11,8,-11,8,-11,8,-11,8,-12,7,-11,6,-12,6,-12,5,-11,5,-11,5,-11,4,-11,3,0,0,0,0,0,0,0,0,0,0,0,0,0,0,0,0,0,0,0,0,0,0,-8,4,-9,4,-10,4,-11,4,-12,3,-12,2,-13,1,-13,1,-13,0,-14,0,-14,1,-14,1,-14,1,-14,1,-14,0,-14,1,-14,1,-13,1,-14,2,-14,2,-15,2,-15,2,-14,3,-15,4,-15,5,-15,4]"
CSI_DATA,169,1a:00:00:00:00:00,-47,11,0,0,0,0,0,0,0,0,0,-91,0,1,0,35620051,0,31,0,128,0,"[0,0,-12,-11,-12,-11,-12,-10,-12,-10,-12,-10,-12,-9,-12,-9,-11,-8,-12,-7,-12,-7,-12,-7,-12,-6,-12,-6,-13,-5,-13,-5,-13,-5,-13,-6,-13,-6,-13,-6,-12,-6,-12,-7,-11,-6,-11,-7,-11,-7,-10,-8,-9,-8,0,0,0,0,0,0,0,0,0,0,0,0,0,0,0,0,0,0,0,0,0,0,-9,-5,-9,-6,-9,-7,-9,-7,-9,-8,-9,-9,-9,-10,-9,-11,-8,-11,-8,-12,-8,-12,-8,-12,-8,-12,-8,-12,-8,-11,-9,-12,-8,-11,-9,-11,-9,-11,-10,-11,-10,-11,-11,-11,-11,-11,-12,-11,-12,-11,-12,-12]"
CSI_DATA,170,1a:00:00:00:00:00,-47,11,0,0,0,0,0,0,0,0,0,-91,0,1,0,35821183,0,31,0,128,0,"[0,0,-16,-3,-16,-3,-15,-3,-15,-3,-15,-3,-14,-2,-15,-2,-14,-1,-14,-1,-14,0,-14,1,-13,1,-13,1,-14,2,-14,2,-14,2,-14,2,-14,1,-14,1,-14,1,-14,0,-13,0,-13,-1,-13,-1,-12,-2,-12,-3,0,0,0,0,0,0,0,0,0,0,0,0,0,0,0,0,0,0,0,0,0,0,-10,0,-11,-1,-11,-1,-12,-2,-12,-2,-12,-4,-13,-4,-13,-5,-13,-6,-13,-6,-13,-6,-13,-7,-13,-6,-13,-6,-13,-6,-13,-6,-13,-6,-13,-6,-14,-5,-14,-4,-14,-5,-15,-4,-15,-4,-16,-4,-16,-3,-16,-4]"
[0;32mI (35989) ftm_responder: Counter = 36[0m
CSI_DATA,171,1a:00:00:00:00:00,-47,11,0,0,0,0,0,0,0,0,0,-91,0,1,0,36022956,0,31,0,128,0,"[0,0,13,7,13,7,13,7,12,6,13,6,13,5,12,4,12,4,12,3,12,3,12,2,12,2,12,1,13,1,12,1,13,1,13,1,13,2,13,2,12,2,12,2,12,3,11,3,11,4,10,4,9,5,0,0,0,0,0,0,0,0,0,0,0,0,0,0,0,0,0,0,0,0,0,0,8,2,9,3,9,4,10,5,10,5,10,6,10,7,10,8,9,8,9,8,9,9,9,9,9,9,9,9,9,9,9,8,10,9,10,8,11,8,11,8,11,7,12,7,12,7,13,7,13,8,14,7]"
CSI_DATA,172,1a:00:00:00:00:00,-47,11,0,0,0,0,0,0,0,0,0,-91,0,1,0,36222777,0,31,0,128,0,"[0,0,14,5,14,5,14,5,13,5,14,4,13,3,13,3,13,2,13,2,12,1,13,1,12,0,13,0,13,0,13,0,13,0,13,-1,14,0,13,0,13,1,13,1,12,2,11,2,11,3,10,3,10,4,0,0,0,0,0,0,0,0,0,0,0,0,0,0,0,0,0,0,0,0,0,0,9,0,9,1,10,2,11,2,11,3,11,5,11,5,11,6,11,6,11,7,11,7,10,7,11,7,11,7,11,7,11,7,11,7,11,6,12,6,12,6,12,6,13,5,13,6,14,5,14,5,15,5]"
CSI_DATA,173,1a:00:00:00:00:00,-47,11,0,0,0,0,0,0,0,0,0,-91,0,1,0,36423913,0,31,0,128,0,"[0,0,7,-14,7,-13,7,-14,6,-13,6,-13,6,-13,5,-13,5,-13,4,-13,3,-13,3,-13,3,-13,2,-13,2,-14,2,-13,2,-14,2,-14,2,-14,2,-14,3,-13,3,-13,4,-12,4,-12,4,-11,5,-11,5,-10,0,0,0,0,0,0,0,0,0,0,0,0,0,0,0,0,0,0,0,0,0,0,2,-9,3,-10,4,-10,5,-11,5,-10,6,-11,7,-11,7,-11,8,-10,9,-10,9,-10,9,-10,9,-10,9,-10,9,-10,9,-10,8,-10,8,-10,8,-11,8,-12,8,-12,8,-12,7,-12,8,-14,8,-14,8,-14]"
CSI_DATA,174,1a:00:00:00:00:00,-47,11,0,0,0,0,0,0,0,0,0,-91,0,1,0,36625060,0,31,0,128,0,"[0,0,12,-8,12,-9,12,-9,12,-9,12,-9,11,-9,11,-9,10,-9,9,-9,8,-10,8,-10,8,-11,8,-11,8,-11,7,-11,8,-11,8,-11,8,-11,8,-11,8,-10,9,-10,9,-9,9,-8,9,-8,9,-7,9,-7,0,0,0,0,0,0,0,0,0,0,0,0,0,0,0,0,0,0,0,0,0,0,6,-7,7,-7,8,-7,9,-7,9,-7,10,-6,11,-6,11,-5,12,-5,12,-4,12,-5,12,-4,13,-4,12,-5,12,-4,12,-5,12,-5,12,-5,12,-6,13,-6,12,-6,13,-7,12,-7,13,-9,13,-9,13,-8]"
CSI_DATA,175,1a:00:00:00:00:00,-47,11,0,0,0,0,0,0,0,0,0,-91,0,1,0,36826669,0,31,0,128,0,"[0,0,10,-11,10,-11,10,-12,10,-11,9,-12,9,-11,8,-11,8,-11,7,-11,6,-12,6,-12,5,-12,5,-12,5,-13,5,-12,5,-13,5,-13,5,-13,5,-13,6,-12,6,-12,7,-11,7,-11,7,-10,7,-9,7,-8,0,0,0,0,0,0,0,0,0,0,0,0,0,0,0,0,0,0,0,0,0,0,4,-8,5,-9,6,-9,7,-9,8,-9,8,-9,9,-9,10,-8,10,-8,11,-7,11,-8,11,-8,11,-8,11,-7,11,-7,11,-8,11,-8,10,-8,11,-9,11,-10,11,-10,10,-10,10,-10,11,-11,11,-12,10,-12]"
CSI_DATA,176,1a:00:00:00:00:00,-47,11,0,0,0,0,0,0,0,0,0,-91,0,1,0,36886572,0,42,0,128,0,"[0,0,-13,-10,-13,-10,-13,-10,-12,-9,-12,-9,-12,-8,-12,-8,-12,-7,-12,-7,-12,-6,-13,-5,-13,-4,-13,-4,-14,-4,-13,-4,-14,-4,-14,-4,-14,-4,-14,-5,-13,-6,-13,-6,-12,-7,-12,-6,-11,-6,-10,-7,-10,-7,0,0,0,0,0,0,0,0,0,0,0,0,0,0,0,0,0,0,0,0,0,0,-9,-4,-9,-5,-10,-6,-10,-7,-10,-7,-10,-9,-10,-10,-9,-10,-9,-11,-9,-10,-9,-11,-9,-11,-9,-11,-9,-11,-9,-11,-9,-11,-9,-11,-9,-10,-10,-11,-11,-10,-11,-10,-12,-10,-12,-10,-13,-10,-13,-10,-13,-11]"
CSI_DATA,177,1a:00:00:00:00:00,-47,11,0,0,0,0,0,0,0,0,0,-91,0,1,0,36954416,0,31,0,128,0,"[0,0,11,-11,11,-11,10,-11,9,-11,10,-10,9,-10,8,-10,8,-10,7,-10,7,-11,6,-11,6,-11,6,-12,6,-12,5,-12,6,-12,5,-12,6,-12,6,-12,6,-12,6,-11,7,-11,7,-10,7,-10,7,-9,7,-8,0,0,0,0,0,0,0,0,0,0,0,0,0,0,0,0,0,0,0,0,0,0,4,-8,5,-8,6,-8,7,-8,8,-8,9,-8,9,-8,10,-7,11,-7,11,-7,11,-7,11,-7,11,-6,11,-7,11,-6,11,-7,11,-7,10,-7,11,-8,11,-9,11,-9,11,-9,11,-10,11,-10,11,-11,11,-11]"
[0;32mI (36989) ftm_responder: Counter = 37[0m
CSI_DATA,178,1a:00:00:00:00:00,-47,11,0,0,0,0,0,0,0,0,0,-91,0,1,0,37155383,0,31,0,128,0,"[0,0,10,11,10,10,11,10,10,9,10,9,10,8,10,8,10,7,10,7,10,6,11,6,11,5,11,5,11,5,11,4,12,5,11,5,12,5,11,6,11,6,11,6,10,7,9,6,9,7,8,7,7,7,0,0,0,0,0,0,0,0,0,0,0,0,0,0,0,0,0,0,0,0,0,0,7,4,8,5,8,5,8,6,8,7,8,8,8,9,7,10,7,10,6,10,7,11,7,11,7,10,7,11,7,11,7,10,7,11,7,10,8,10,8,10,8,10,9,10,9,10,10,10,11,10,11,11]"
CSI_DATA,179,1a:00:00:00:00:00,-47,11,0,0,0,0,0,0,0,0,0,-91,0,1,0,37360373,0,31,0,128,0,"[0,0,13,-7,13,-7,13,-7,12,-7,12,-7,12,-7,11,-8,10,-8,10,-8,9,-8,9,-9,9,-9,8,-9,9,-10,8,-9,9,-10,9,-10,9,-10,9,-10,9,-9,9,-9,10,-8,9,-8,9,-8,9,-6,9,-5,0,0,0,0,0,0,0,0,0,0,0,0,0,0,0,0,0,0,0,0,0,0,6,-7,7,-7,8,-6,9,-6,10,-6,11,-5,11,-5,11,-5,12,-4,12,-4,13,-4,12,-4,13,-4,13,-3,13,-3,12,-4,13,-4,12,-4,13,-5,13,-5,13,-6,13,-6,13,-6,14,-7,14,-7,14,-7]"
CSI_DATA,180,1a:00:00:00:00:00,-47,11,0,0,0,0,0,0,0,0,0,-91,0,1,0,37561120,0,31,0,128,0,"[0,0,-7,-15,-8,-15,-7,-14,-7,-14,-8,-14,-8,-13,-8,-12,-8,-12,-8,-11,-9,-11,-9,-11,-9,-9,-10,-10,-10,-10,-11,-10,-11,-10,-11,-10,-11,-10,-11,-11,-10,-10,-9,-11,-8,-10,-8,-11,-7,-11,-6,-11,-5,-11,0,0,0,0,0,0,0,0,0,0,0,0,0,0,0,0,0,0,0,0,0,0,-7,-8,-7,-9,-7,-9,-6,-10,-6,-11,-5,-12,-5,-13,-5,-13,-4,-14,-4,-14,-3,-14,-3,-14,-3,-14,-3,-14,-3,-14,-4,-14,-4,-14,-4,-14,-5,-14,-6,-14,-6,-14,-6,-14,-6,-14,-7,-15,-7,-15,-8,-15]"
CSI_DATA,181,1a:00:00:00:00:00,-46,11,0,0,0,0,0,0,0,0,0,-91,0,1,0,37759092,0,31,0,128,0,"[0,0,12,9,12,8,12,8,11,8,11,7,11,7,11,6,11,6,11,5,11,5,12,4,11,3,12,3,12,3,12,3,12,3,12,3,12,3,12,4,12,4,11,4,11,5,11,5,10,5,9,6,9,6,0,0,0,0,0,0,0,0,0,0,0,0,0,0,0,0,0,0,0,0,0,0,8,3,8,4,9,4,9,5,9,6,9,7,9,8,9,8,8,9,8,9,8,10,8,10,8,10,8,10,8,10,8,10,8,10,8,9,9,9,10,9,10,9,11,9,11,9,11,9,12,9,12,9]"
CSI_DATA,182,1a:00:00:00:00:00,-46,11,0,0,0,0,0,0,0,0,0,-91,0,1,0,37960048,0,31,0,128,0,"[0,0,-3,15,-3,15,-3,15,-2,14,-2,14,-3,13,-2,13,-1,12,0,12,0,12,1,12,1,12,2,12,2,13,2,12,3,13,2,13,2,13,2,13,1,12,0,12,0,12,-1,11,-1,11,-1,11,-2,11,0,0,0,0,0,0,0,0,0,0,0,0,0,0,0,0,0,0,0,0,0,0,0,9,0,9,-1,10,-2,11,-2,11,-3,11,-4,12,-5,12,-5,12,-6,11,-5,12,-6,12,-6,12,-6,12,-6,12,-5,12,-5,12,-5,12,-5,13,-5,13,-5,13,-4,14,-3,14,-3,15,-3,15,-4,15]"
[0;32mI (37989) ftm_responder: Counter = 38[0m
CSI_DATA,183,1a:00:00:00:00:00,-47,11,0,0,0,0,0,0,0,0,0,-91,0,1,0,38161548,0,31,0,128,0,"[0,0,3,-15,3,-15,3,-15,3,-14,3,-14,2,-14,2,-14,1,-13,0,-13,0,-13,-1,-13,-1,-13,-1,-13,-2,-13,-2,-13,-2,-13,-2,-14,-2,-14,-2,-14,-1,-13,-1,-13,0,-13,1,-13,1,-12,1,-12,2,-11,0,0,0,0,0,0,0,0,0,0,0,0,0,0,0,0,0,0,0,0,0,0,-1,-10,0,-10,0,-11,1,-11,2,-12,3,-12,3,-12,4,-12,5,-12,5,-12,5,-13,5,-12,6,-12,6,-12,6,-12,5,-13,5,-12,5,-13,5,-13,4,-14,4,-14,4,-14,4,-15,4,-15,4,-15,4,-16]"
CSI_DATA,184,1a:00:00:00:00:00,-47,11,0,0,0,0,0,0,0,0,0,-91,0,1,0,38363657,0,31,0,128,0,"[0,0,-9,12,-9,13,-9,12,-8,13,-8,12,-8,12,-7,12,-6,12,-5,12,-5,12,-4,12,-4,12,-4,12,-3,13,-3,13,-3,13,-3,13,-3,13,-4,13,-4,12,-4,12,-5,12,-5,11,-6,11,-6,10,-6,9,0,0,0,0,0,0,0,0,0,0,0,0,0,0,0,0,0,0,0,0,0,0,-3,8,-4,8,-5,9,-6,9,-7,9,-7,9,-8,10,-9,9,-9,9,-10,9,-10,9,-10,9,-11,8,-10,8,-10,8,-10,9,-10,9,-10,9,-10,10,-10,11,-9,11,-9,12,-9,11,-10,12,-10,13,-9,13]"
CSI_DATA,185,1a:00:00:00:00:00,-46,11,0,0,0,0,0,0,0,0,0,-91,0,1,0,38422864,0,42,0,128,0,"[0,0,8,13,8,11,8,12,8,11,8,11,8,10,9,9,9,9,9,8,9,8,10,7,10,7,10,7,11,6,11,6,11,6,11,6,11,7,11,7,10,8,10,8,9,8,8,8,8,8,7,8,6,8,0,0,0,0,0,0,0,0,0,0,0,0,0,0,0,0,0,0,0,0,0,0,6,6,6,6,6,7,6,8,6,9,6,10,5,10,5,11,5,11,4,11,4,12,4,12,4,12,4,12,4,12,5,12,5,12,5,11,6,12,7,12,7,12,7,12,7,12,8,12,8,12,9,13]"
CSI_DATA,186,1a:00:00:00:00:00,-46,11,0,0,0,0,0,0,0,0,0,-91,0,1,0,38490790,0,31,0,128,0,"[0,0,-16,2,-16,2,-16,2,-14,2,-15,3,-14,3,-14,4,-13,3,-12,4,-12,4,-12,5,-12,6,-12,6,-12,7,-12,6,-12,6,-12,6,-12,6,-12,6,-12,5,-12,5,-12,4,-12,4,-12,3,-11,2,-11,1,0,0,0,0,0,0,0,0,0,0,0,0,0,0,0,0,0,0,0,0,0,0,-8,4,-9,3,-10,3,-11,3,-11,2,-12,1,-13,1,-13,0,-13,0,-13,-1,-14,-1,-14,-1,-14,-1,-14,-1,-14,-1,-14,-1,-14,-1,-13,0,-15,0,-14,1,-14,1,-15,2,-15,1,-16,2,-16,3,-16,2]"
CSI_DATA,187,1a:00:00:00:00:00,-46,11,0,0,0,0,0,0,0,0,0,-91,0,1,0,38691973,0,31,0,128,0,"[0,0,-2,-16,-2,-15,-2,-16,-2,-14,-2,-15,-2,-14,-3,-14,-3,-13,-4,-13,-4,-12,-5,-13,-5,-12,-6,-12,-6,-13,-6,-12,-7,-13,-6,-12,-6,-13,-6,-13,-5,-13,-5,-13,-4,-13,-3,-12,-3,-12,-2,-12,-1,-12,0,0,0,0,0,0,0,0,0,0,0,0,0,0,0,0,0,0,0,0,0,0,-4,-9,-3,-10,-2,-10,-2,-12,-1,-11,-1,-13,0,-13,0,-13,1,-13,1,-13,1,-14,1,-14,2,-14,2,-14,2,-14,1,-13,1,-14,0,-13,0,-15,0,-15,0,-15,0,-15,-1,-15,-1,-16,-2,-16,-2,-17]"
CSI_DATA,188,1a:00:00:00:00:00,-47,11,0,0,0,0,0,0,0,0,0,-91,0,1,0,38895384,0,31,0,128,0,"[0,0,-13,-9,-14,-8,-13,-8,-13,-8,-13,-8,-13,-7,-12,-6,-12,-6,-12,-5,-13,-5,-13,-4,-13,-4,-13,-3,-13,-3,-13,-3,-14,-3,-14,-3,-14,-3,-14,-4,-13,-4,-13,-4,-12,-5,-12,-5,-11,-6,-10,-6,-9,-6,0,0,0,0,0,0,0,0,0,0,0,0,0,0,0,0,0,0,0,0,0,0,-9,-3,-9,-4,-10,-5,-10,-5,-10,-6,-10,-7,-10,-8,-10,-9,-10,-9,-9,-10,-10,-10,-10,-10,-10,-10,-10,-10,-10,-10,-10,-10,-10,-9,-10,-9,-11,-9,-12,-9,-12,-9,-12,-9,-12,-9,-13,-9,-14,-9,-14,-9]"
[0;32mI (38989) ftm_responder: Counter = 39[0m
CSI_DATA,189,1a:00:00:00:00:00,-46,11,0,0,0,0,0,0,0,0,0,-91,0,1,0,39094318,0,31,0,128,0,"[0,0,-12,10,-12,10,-13,10,-11,9,-11,10,-11,10,-10,10,-10,10,-9,10,-8,10,-8,11,-7,11,-7,11,-7,11,-6,11,-7,11,-7,12,-7,12,-8,12,-8,11,-8,10,-8,10,-9,9,-9,9,-9,8,-9,7,0,0,0,0,0,0,0,0,0,0,0,0,0,0,0,0,0,0,0,0,0,0,-6,7,-7,7,-8,7,-9,7,-9,7,-10,7,-11,7,-11,6,-12,6,-12,6,-13,6,-12,6,-13,6,-12,5,-12,5,-12,6,-13,6,-12,6,-13,7,-13,7,-13,8,-13,8,-12,8,-13,10,-13,10,-13,10]"
CSI_DATA,190,1a:00:00:00:00:00,-46,11,0,0,0,0,0,0,0,0,0,-91,0,1,0,39305824,0,31,0,128,0,"[0,0,-15,4,-15,4,-15,4,-14,4,-14,5,-14,5,-13,5,-12,5,-12,5,-11,6,-11,7,-10,7,-11,7,-11,8,-11,8,-11,8,-11,8,-11,8,-12,8,-11,7,-11,6,-11,6,-11,5,-11,5,-11,4,-11,3,0,0,0,0,0,0,0,0,0,0,0,0,0,0,0,0,0,0,0,0,0,0,-8,4,-9,4,-10,4,-11,4,-12,3,-12,2,-13,2,-13,1,-13,1,-14,0,-14,1,-14,1,-14,1,-14,0,-14,0,-14,1,-14,1,-13,1,-14,2,-14,2,-14,3,-15,3,-15,3,-15,5,-16,5,-15,4]"
CSI_DATA,191,1a:00:00:00:00:00,-47,11,0,0,0,0,0,0,0,0,0,-91,0,1,0,39497957,0,31,0,128,0,"[0,0,-10,-13,-10,-13,-10,-13,-10,-12,-10,-12,-10,-11,-10,-10,-10,-10,-10,-9,-11,-8,-11,-8,-11,-7,-11,-7,-13,-8,-11,-7,-13,-8,-12,-8,-13,-9,-12,-9,-11,-8,-11,-9,-10,-9,-9,-8,-9,-9,-8,-9,-8,-10,0,0,0,0,0,0,0,0,0,0,0,0,0,0,0,0,0,0,0,0,0,0,-8,-7,-8,-8,-8,-8,-8,-9,-8,-10,-7,-11,-7,-12,-7,-12,-6,-13,-6,-12,-6,-13,-6,-13,-6,-13,-6,-13,-6,-13,-6,-13,-7,-13,-7,-12,-7,-13,-8,-13,-8,-13,-9,-13,-9,-12,-10,-13,-10,-13,-10,-13]"
CSI_DATA,192,1a:00:00:00:00:00,-47,11,0,0,0,0,0,0,0,0,0,-91,0,1,0,39698166,0,31,0,128,0,"[0,0,12,8,13,7,12,7,12,7,12,6,12,6,12,5,12,5,11,4,12,4,12,3,12,2,12,2,12,2,13,2,13,2,13,2,13,3,13,3,12,3,12,4,11,4,11,4,10,5,9,5,9,6,0,0,0,0,0,0,0,0,0,0,0,0,0,0,0,0,0,0,0,0,0,0,8,3,9,3,9,4,9,5,9,6,9,7,9,8,9,8,9,9,9,9,9,9,9,9,9,9,8,9,8,9,9,9,9,9,9,8,10,8,11,8,10,8,11,8,11,8,12,7,13,8,13,8]"
CSI_DATA,193,1a:00:00:00:00:00,-47,11,0,0,0,0,0,0,0,0,0,-91,0,1,0,39898843,0,31,0,128,0,"[0,0,-12,-10,-13,-10,-13,-10,-12,-10,-12,-9,-12,-9,-12,-8,-12,-7,-12,-6,-12,-6,-13,-6,-12,-5,-12,-5,-13,-5,-13,-5,-14,-4,-14,-5,-14,-5,-14,-5,-13,-5,-13,-6,-12,-6,-11,-6,-11,-7,-10,-7,-9,-7,0,0,0,0,0,0,0,0,0,0,0,0,0,0,0,0,0,0,0,0,0,0,-9,-5,-9,-6,-9,-7,-10,-7,-9,-8,-9,-10,-9,-10,-9,-11,-9,-11,-8,-11,-8,-12,-8,-12,-8,-12,-8,-11,-8,-11,-9,-11,-9,-11,-9,-11,-10,-11,-11,-11,-11,-11,-11,-10,-11,-10,-12,-10,-12,-11,-12,-11]"
CSI_DATA,194,1a:00:00:00:00:00,-47,11,0,0,0,0,0,0,0,0,0,-91,0,1,0,39959542,0,42,0,128,0,"[0,0,-12,-11,-12,-10,-12,-10,-11,-10,-11,-9,-11,-9,-12,-8,-11,-8,-12,-7,-12,-7,-12,-6,-12,-5,-12,-5,-13,-5,-13,-5,-13,-5,-13,-5,-13,-5,-13,-6,-12,-6,-12,-6,-11,-6,-11,-6,-10,-7,-10,-7,-9,-8,0,0,0,0,0,0,0,0,0,0,0,0,0,0,0,0,0,0,0,0,0,0,-9,-6,-9,-7,-9,-7,-9,-8,-9,-9,-8,-10,-8,-11,-8,-11,-8,-12,-7,-12,-7,-12,-7,-12,-7,-12,-7,-12,-7,-12,-8,-12,-8,-11,-8,-11,-9,-11,-9,-11,-10,-11,-10,-11,-10,-11,-11,-11,-12,-11,-11,-11]"
[0;32mI (39989) ftm_responder: Counter = 40[0m
CSI_DATA,195,1a:00:00:00:00:00,-47,11,0,0,0,0,0,0,0,0,0,-91,0,1,0,40026583,0,31,0,128,0,"[0,0,-15,-5,-15,-5,-16,-5,-14,-5,-14,-4,-14,-4,-14,-3,-14,-2,-14,-2,-13,-1,-14,-1,-13,0,-13,0,-14,1,-13,0,-14,1,-14,1,-14,0,-14,0,-13,-1,-14,-1,-13,-1,-12,-1,-12,-2,-12,-2,-11,-3,0,0,0,0,0,0,0,0,0,0,0,0,0,0,0,0,0,0,0,0,0,0,-10,-2,-11,-3,-11,-3,-12,-4,-12,-5,-12,-6,-12,-7,-12,-7,-12,-8,-12,-8,-12,-9,-12,-8,-12,-8,-12,-8,-12,-8,-12,-8,-12,-8,-12,-7,-13,-7,-13,-7,-13,-7,-14,-6,-14,-6,-15,-5,-15,-5,-16,-6]"
CSI_DATA,196,1a:00:00:00:00:00,-47,11,0,0,0,0,0,0,0,0,0,-91,0,1,0,40228664,0,31,0,128,0,"[0,0,5,-14,5,-15,4,-15,4,-14,4,-14,3,-14,3,-14,2,-13,1,-13,1,-13,0,-13,0,-13,0,-13,-1,-13,-1,-13,-1,-13,-1,-14,-1,-14,0,-13,0,-13,1,-12,1,-12,2,-12,2,-12,2,-11,3,-11,0,0,0,0,0,0,0,0,0,0,0,0,0,0,0,0,0,0,0,0,0,0,0,-10,1,-11,2,-11,3,-12,3,-12,4,-12,5,-12,6,-12,6,-12,7,-12,7,-12,7,-12,8,-12,7,-11,7,-11,7,-12,7,-12,6,-12,6,-13,6,-13,6,-13,6,-13,5,-14,5,-15,5,-15,5,-15]"
CSI_DATA,197,1a:00:00:00:00:00,-47,11,0,0,0,0,0,0,0,0,0,-91,0,1,0,40429292,0,31,0,128,0,"[0,0,-14,-7,-14,-7,-15,-6,-14,-7,-14,-6,-14,-5,-14,-5,-13,-4,-13,-4,-13,-3,-13,-2,-13,-2,-13,-1,-13,-1,-13,-1,-13,-2,-14,-1,-14,-2,-14,-2,-13,-2,-13,-3,-12,-3,-12,-3,-12,-3,-11,-4,-10,-5,0,0,0,0,0,0,0,0,0,0,0,0,0,0,0,0,0,0,0,0,0,0,-10,-3,-11,-3,-11,-4,-12,-5,-12,-6,-12,-7,-12,-8,-12,-9,-11,-9,-11,-10,-11,-10,-11,-10,-11,-10,-11,-10,-11,-10,-11,-10,-11,-9,-11,-9,-12,-9,-12,-9,-13,-8,-13,-8,-13,-8,-15,-7,-14,-7,-14,-8]"
CSI_DATA,198,1a:00:00:00:00:00,-47,11,0,0,0,0,0,0,0,0,0,-91,0,1,0,40630179,0,31,0,128,0,"[0,0,-2,-16,-2,-16,-2,-16,-2,-15,-2,-15,-3,-14,-3,-14,-4,-13,-4,-13,-5,-12,-5,-12,-5,-12,-6,-12,-6,-12,-7,-12,-6,-12,-6,-12,-7,-12,-6,-12,-5,-12,-5,-11,-4,-12,-4,-11,-4,-11,-3,-11,-2,-11,0,0,0,0,0,0,0,0,0,0,0,0,0,0,0,0,0,0,0,0,0,0,-4,-10,-3,-10,-3,-11,-2,-12,-1,-13,-1,-13,0,-14,0,-14,1,-14,2,-14,2,-14,2,-14,2,-14,3,-14,2,-13,1,-14,1,-14,1,-14,1,-14,0,-14,0,-15,-1,-15,0,-15,-1,-16,-1,-16,-1,-16]"
CSI_DATA,199,1a:00:00:00:00:00,-48,11,0,0,0,0,0,0,0,0,0,-91,0,1,0,40831250,0,31,0,128,0,"[0,0,-14,-7,-14,-6,-14,-6,-14,-6,-13,-5,-13,-5,-13,-4,-13,-4,-13,-3,-13,-2,-13,-2,-13,-1,-13,-1,-13,-1,-13,-1,-13,0,-14,0,-14,-1,-14,-1,-13,-1,-13,-2,-12,-3,-12,-3,-12,-3,-11,-3,-11,-4,0,0,0,0,0,0,0,0,0,0,0,0,0,0,0,0,0,0,0,0,0,0,-10,-2,-10,-3,-11,-4,-11,-4,-11,-5,-11,-7,-11,-7,-11,-8,-11,-9,-11,-9,-11,-9,-10,-10,-11,-9,-10,-9,-10,-9,-11,-9,-11,-9,-11,-8,-11,-8,-12,-8,-12,-8,-13,-7,-13,-8,-14,-7,-14,-7,-14,-7]"
[0;32mI (40999) ftm_responder: Counter = 41[0m
CSI_DATA,200,1a:00:00:00:00:00,-47,11,0,0,0,0,0,0,0,0,0,-91,0,1,0,41032511,0,31,0,128,0,"[0,0,-8,-14,-8,-14,-8,-13,-8,-13,-8,-13,-8,-12,-8,-12,-9,-11,-9,-11,-9,-10,-10,-9,-10,-9,-10,-9,-10,-8,-11,-9,-10,-8,-10,-9,-10,-8,-10,-9,-9,-8,-9,-9,-8,-8,-7,-8,-6,-8,-6,-8,-5,-8,0,0,0,0,0,0,0,0,0,0,0,0,0,0,0,0,0,0,0,0,0,0,-8,-8,-7,-9,-7,-10,-7,-11,-7,-12,-6,-13,-6,-14,-5,-14,-4,-15,-4,-15,-4,-15,-4,-15,-3,-15,-4,-15,-4,-14,-4,-15,-4,-14,-5,-14,-5,-14,-6,-14,-6,-14,-7,-15,-7,-15,-8,-15,-8,-15,-8,-15]"
CSI_DATA,201,1a:00:00:00:00:00,-49,11,0,0,0,0,0,0,0,0,0,-91,0,1,0,41233937,0,31,0,128,0,"[0,0,-10,-13,-11,-12,-11,-12,-10,-12,-11,-12,-10,-11,-10,-10,-10,-10,-10,-9,-11,-9,-12,-8,-11,-7,-11,-7,-12,-8,-12,-7,-12,-8,-12,-7,-12,-8,-11,-8,-11,-8,-10,-8,-9,-8,-9,-8,-8,-8,-8,-8,-7,-9,0,0,0,0,0,0,0,0,0,0,0,0,0,0,0,0,0,0,0,0,0,0,-7,-5,-7,-6,-8,-6,-8,-7,-8,-8,-8,-9,-8,-10,-7,-11,-7,-12,-7,-11,-7,-13,-7,-12,-7,-12,-7,-12,-7,-12,-7,-12,-7,-12,-7,-12,-8,-13,-8,-12,-9,-12,-9,-13,-9,-13,-11,-13,-10,-12,-11,-13]"
CSI_DATA,202,1a:00:00:00:00:00,-47,11,0,0,0,0,0,0,0,0,0,-91,0,1,0,41435212,0,31,0,128,0,"[0,0,-11,13,-11,13,-11,13,-10,13,-10,14,-10,13,-10,13,-9,12,-8,13,-7,13,-6,14,-6,13,-6,14,-6,15,-5,14,-6,15,-5,14,-6,15,-7,14,-7,13,-7,12,-8,12,-8,11,-8,11,-8,10,-9,9,0,0,0,0,0,0,0,0,0,0,0,0,0,0,0,0,0,0,0,0,0,0,-2,5,-3,5,-4,6,-5,6,-5,6,-6,7,-7,7,-7,7,-8,7,-8,7,-9,8,-9,8,-10,8,-10,8,-10,8,-9,8,-10,9,-9,9,-10,10,-10,11,-10,11,-10,12,-10,11,-10,13,-11,14,-11,13]"
CSI_DATA,203,1a:00:00:00:00:00,-47,11,0,0,0,0,0,0,0,0,0,-91,0,1,0,41495211,0,42,0,128,0,"[0,0,-8,15,-8,15,-8,15,-7,15,-7,14,-7,15,-6,14,-6,14,-5,14,-4,14,-4,14,-4,14,-4,15,-3,15,-3,15,-3,15,-4,16,-4,15,-5,15,-5,14,-6,13,-6,13,-7,12,-7,12,-7,10,-8,10,0,0,0,0,0,0,0,0,0,0,0,0,0,0,0,0,0,0,0,0,0,0,-1,4,-2,5,-2,6,-3,6,-3,7,-4,7,-4,8,-5,8,-6,8,-6,8,-6,9,-7,9,-7,9,-8,9,-7,9,-7,10,-7,10,-7,10,-8,11,-7,12,-7,12,-7,13,-7,13,-8,14,-7,15,-7,15]"
CSI_DATA,204,1a:00:00:00:00:00,-48,11,0,0,0,0,0,0,0,0,0,-91,0,1,0,41563370,0,31,0,128,0,"[0,0,-15,-9,-14,-8,-15,-9,-14,-8,-14,-8,-14,-8,-14,-8,-14,-7,-14,-7,-14,-6,-15,-5,-14,-5,-15,-5,-15,-5,-15,-5,-15,-5,-15,-5,-15,-6,-15,-6,-14,-7,-13,-7,-13,-7,-12,-7,-12,-7,-11,-8,-10,-8,0,0,0,0,0,0,0,0,0,0,0,0,0,0,0,0,0,0,0,0,0,0,-4,-2,-5,-3,-5,-3,-6,-3,-6,-4,-7,-5,-7,-5,-7,-6,-7,-6,-7,-7,-8,-7,-8,-7,-8,-7,-9,-8,-9,-8,-9,-8,-10,-8,-10,-8,-11,-8,-11,-8,-12,-8,-12,-8,-12,-8,-14,-8,-14,-8,-14,-9]"
CSI_DATA,205,1a:00:00:00:00:00,-47,11,0,0,0,0,0,0,0,0,0,-91,0,1,0,41764137,0,31,0,128,0,"[0,0,13,-10,14,-12,13,-11,13,-11,13,-11,13,-11,12,-12,12,-11,11,-12,11,-12,10,-13,10,-13,10,-13,10,-13,10,-13,10,-13,10,-14,11,-13,11,-12,11,-11,11,-11,12,-10,12,-9,12,-8,11,-7,11,-6,0,0,0,0,0,0,0,0,0,0,0,0,0,0,0,0,0,0,0,0,0,0,3,-4,4,-4,5,-4,5,-5,6,-5,6,-4,7,-4,8,-4,8,-5,9,-4,9,-4,9,-5,10,-5,10,-5,10,-5,10,-6,10,-6,11,-7,11,-7,11,-8,11,-8,12,-9,12,-9,13,-11,13,-11,13,-11]"
CSI_DATA,206,1a:00:00:00:00:00,-47,11,0,0,0,0,0,0,0,0,0,-91,0,1,0,41967363,0,31,0,128,0,"[0,0,14,5,15,4,15,4,14,4,14,4,14,4,14,3,14,3,13,2,14,1,14,1,14,1,14,0,14,0,14,0,14,1,15,1,14,1,14,2,14,2,13,3,12,3,12,4,12,4,11,4,10,5,0,0,0,0,0,0,0,0,0,0,0,0,0,0,0,0,0,0,0,0,0,0,6,0,6,1,7,1,8,2,8,2,8,3,9,4,9,4,9,5,9,5,9,6,9,6,10,6,9,6,9,6,10,6,10,5,10,5,11,5,12,5,12,5,13,4,13,5,14,4,14,4,14,5]"
[0;32mI (41999) ftm_responder: Counter = 42[0m
CSI_DATA,207,1a:00:00:00:00:00,-48,11,0,0,0,0,0,0,0,0,0,-91,0,1,0,42166606,0,31,0,128,0,"[0,0,13,-9,13,-10,13,-9,12,-9,13,-9,12,-9,12,-9,11,-9,10,-9,10,-10,10,-10,9,-10,9,-10,9,-11,9,-11,9,-11,9,-11,10,-11,10,-10,10,-10,10,-9,10,-9,10,-8,10,-7,10,-6,10,-5,0,0,0,0,0,0,0,0,0,0,0,0,0,0,0,0,0,0,0,0,0,0,4,-6,5,-6,6,-6,7,-7,8,-6,9,-6,9,-6,10,-6,10,-5,11,-5,11,-5,11,-5,12,-5,11,-5,12,-5,11,-5,12,-6,11,-6,12,-7,12,-7,12,-7,13,-8,12,-8,13,-9,14,-10,14,-10]"
CSI_DATA,208,1a:00:00:00:00:00,-48,11,0,0,0,0,0,0,0,0,0,-91,0,1,0,42367717,0,31,0,128,0,"[0,0,-11,10,-11,10,-11,10,-11,10,-11,10,-10,10,-9,10,-8,10,-8,10,-8,11,-7,11,-7,10,-7,11,-7,11,-6,11,-6,12,-7,12,-7,11,-7,11,-8,10,-8,10,-8,9,-8,8,-8,8,-8,7,-8,6,0,0,0,0,0,0,0,0,0,0,0,0,0,0,0,0,0,0,0,0,0,0,-4,5,-5,5,-6,5,-7,6,-7,6,-8,6,-9,6,-9,6,-9,6,-10,5,-10,6,-11,6,-11,5,-11,6,-11,5,-10,6,-10,6,-10,7,-11,7,-11,8,-11,8,-11,9,-11,9,-11,10,-12,10,-11,10]"
CSI_DATA,209,1a:00:00:00:00:00,-47,11,0,0,0,0,0,0,0,0,0,-91,0,1,0,42569139,0,31,0,128,0,"[0,0,13,6,13,5,14,4,13,5,13,4,12,4,12,4,12,3,12,3,12,2,12,2,12,1,12,1,13,1,12,1,13,1,13,1,13,2,13,2,12,2,12,3,11,3,11,4,11,4,9,5,8,4,0,0,0,0,0,0,0,0,0,0,0,0,0,0,0,0,0,0,0,0,0,0,6,1,7,1,7,2,8,2,8,2,8,3,9,4,8,5,9,5,9,5,9,6,9,6,9,6,9,6,9,6,10,6,10,6,10,5,11,5,11,5,12,5,12,5,12,5,13,5,14,5,14,5]"
CSI_DATA,210,1a:00:00:00:00:00,-48,11,0,0,0,0,0,0,0,0,0,-91,0,1,0,42770543,0,31,0,128,0,"[0,0,-7,-15,-7,-15,-7,-14,-7,-14,-7,-14,-7,-13,-8,-13,-7,-13,-8,-12,-8,-12,-9,-12,-9,-11,-9,-11,-10,-11,-9,-11,-10,-11,-10,-11,-9,-12,-9,-12,-8,-12,-8,-12,-7,-12,-6,-12,-5,-12,-4,-11,-4,-11,0,0,0,0,0,0,0,0,0,0,0,0,0,0,0,0,0,0,0,0,0,0,-5,-6,-5,-7,-5,-7,-5,-8,-4,-9,-4,-10,-4,-10,-4,-11,-4,-11,-3,-11,-3,-12,-3,-12,-3,-12,-3,-12,-3,-12,-4,-13,-4,-13,-4,-12,-5,-13,-6,-13,-6,-13,-6,-14,-6,-13,-7,-14,-7,-15,-7,-15]"
CSI_DATA,211,1a:00:00:00:00:00,-48,11,0,0,0,0,0,0,0,0,0,-91,0,1,0,42973103,0,31,0,128,0,"[0,0,6,14,6,14,6,14,6,14,7,14,6,13,6,12,7,12,7,11,7,11,8,11,8,10,8,10,9,10,9,10,9,11,9,11,9,11,8,11,8,11,7,11,6,11,5,11,5,11,4,11,3,11,0,0,0,0,0,0,0,0,0,0,0,0,0,0,0,0,0,0,0,0,0,0,4,5,4,6,4,7,4,7,4,8,3,9,3,10,3,10,3,11,2,11,3,11,2,11,2,12,2,12,2,12,3,12,3,12,3,12,4,12,4,13,4,12,5,13,5,13,6,14,7,14,7,15]"
[0;32mI (42999) ftm_responder: Counter = 43[0m
CSI_DATA,212,1a:00:00:00:00:00,-47,11,0,0,0,0,0,0,0,0,0,-91,0,1,0,43031694,0,42,0,128,0,"[0,0,-11,12,-11,12,-11,12,-11,12,-10,11,-10,11,-9,12,-9,11,-8,11,-8,12,-7,12,-7,12,-7,12,-7,13,-7,13,-6,13,-7,13,-7,12,-7,13,-8,12,-8,11,-9,10,-9,10,-9,10,-9,8,-9,8,0,0,0,0,0,0,0,0,0,0,0,0,0,0,0,0,0,0,0,0,0,0,-4,6,-5,6,-6,6,-6,7,-7,7,-7,7,-8,7,-9,7,-10,7,-10,7,-10,7,-10,7,-11,7,-11,7,-10,7,-11,8,-10,7,-10,8,-11,9,-11,9,-10,9,-11,10,-11,11,-11,12,-11,13,-11,12]"
CSI_DATA,213,1a:00:00:00:00:00,-47,11,0,0,0,0,0,0,0,0,0,-91,0,1,0,43098029,0,31,0,128,0,"[0,0,-6,16,-6,16,-6,15,-5,15,-5,15,-5,15,-4,15,-4,14,-3,14,-2,14,-2,14,-2,14,-2,14,-1,15,-1,15,-1,15,-1,15,-2,15,-2,15,-3,14,-3,14,-4,13,-4,13,-5,12,-5,11,-6,11,0,0,0,0,0,0,0,0,0,0,0,0,0,0,0,0,0,0,0,0,0,0,-1,7,-1,7,-2,8,-3,9,-3,9,-4,9,-5,10,-5,10,-6,10,-7,10,-7,11,-7,11,-7,11,-7,11,-7,11,-7,11,-6,12,-6,11,-6,12,-6,13,-6,13,-6,14,-6,14,-6,15,-6,16,-5,16]"
CSI_DATA,214,1a:00:00:00:00:00,-47,11,0,0,0,0,0,0,0,0,0,-91,0,1,0,43299116,0,31,0,128,0,"[0,0,8,13,8,13,8,13,8,12,8,12,8,12,8,11,8,11,9,10,9,10,10,9,10,9,10,9,10,9,10,9,10,10,10,10,10,10,10,10,8,10,9,11,7,11,7,10,6,11,5,10,4,10,0,0,0,0,0,0,0,0,0,0,0,0,0,0,0,0,0,0,0,0,0,0,5,4,5,5,5,6,5,6,5,7,5,8,5,9,4,9,4,10,4,10,4,11,4,11,4,11,4,11,4,11,4,11,5,11,5,11,5,11,6,12,6,12,6,12,7,12,8,12,9,13,9,13]"
CSI_DATA,215,1a:00:00:00:00:00,-47,11,0,0,0,0,0,0,0,0,0,-91,0,1,0,43503342,0,31,0,128,0,"[0,0,-7,-15,-7,-15,-7,-14,-7,-14,-7,-14,-8,-13,-8,-13,-7,-12,-8,-12,-9,-12,-9,-12,-9,-11,-9,-11,-10,-11,-10,-11,-10,-11,-10,-12,-10,-12,-9,-12,-8,-12,-8,-12,-7,-12,-6,-12,-6,-12,-5,-12,-4,-11,0,0,0,0,0,0,0,0,0,0,0,0,0,0,0,0,0,0,0,0,0,0,-4,-6,-5,-6,-4,-7,-5,-8,-4,-9,-4,-10,-4,-10,-4,-11,-3,-11,-3,-11,-3,-12,-3,-12,-3,-12,-3,-12,-3,-12,-4,-13,-4,-12,-4,-12,-5,-13,-5,-13,-5,-13,-6,-13,-6,-14,-6,-14,-7,-15,-7,-15]"
CSI_DATA,216,1a:00:00:00:00:00,-47,11,0,0,0,0,0,0,0,0,0,-91,0,1,0,43701938,0,31,0,128,0,"[0,0,0,15,1,15,0,15,1,15,0,14,1,14,1,14,1,13,2,13,3,13,4,12,3,12,3,12,4,13,4,12,4,13,4,13,4,13,3,13,2,13,2,13,1,12,1,12,0,12,0,11,-1,10,0,0,0,0,0,0,0,0,0,0,0,0,0,0,0,0,0,0,0,0,0,0,1,6,1,7,1,8,0,8,0,9,-1,9,-1,10,-2,10,-2,11,-2,10,-2,11,-2,11,-2,11,-3,11,-2,11,-2,12,-2,12,-2,12,-1,12,-1,13,-1,13,0,13,0,14,0,15,0,15,0,15]"
CSI_DATA,217,1a:00:00:00:00:00,-47,11,0,0,0,0,0,0,0,0,0,-91,0,1,0,43903372,0,31,0,128,0,"[0,0,-15,5,-16,5,-15,6,-14,5,-15,6,-14,6,-14,6,-13,6,-13,7,-12,7,-12,8,-11,8,-12,8,-12,8,-11,8,-12,9,-12,8,-12,8,-12,8,-12,7,-12,6,-12,6,-12,5,-12,5,-12,4,-12,2,0,0,0,0,0,0,0,0,0,0,0,0,0,0,0,0,0,0,0,0,0,0,-6,3,-7,3,-8,3,-9,3,-10,3,-10,2,-11,2,-11,2,-11,2,-12,1,-12,1,-12,1,-13,1,-13,1,-13,1,-13,2,-13,2,-13,2,-13,3,-14,4,-14,4,-14,4,-14,4,-15,5,-15,6,-15,6]"
[0;32mI (43999) ftm_responder: Counter = 44[0m
CSI_DATA,218,1a:00:00:00:00:00,-46,11,0,0,0,0,0,0,0,0,0,-91,0,1,0,44104005,0,31,0,128,0,"[0,0,15,-5,15,-6,16,-6,15,-5,15,-6,14,-6,14,-6,13,-6,13,-6,12,-7,12,-8,12,-8,12,-8,12,-8,12,-8,13,-9,13,-8,13,-8,13,-7,12,-7,12,-6,13,-5,12,-5,12,-4,11,-3,11,-2,0,0,0,0,0,0,0,0,0,0,0,0,0,0,0,0,0,0,0,0,0,0,6,-4,7,-4,8,-3,9,-3,9,-3,10,-2,11,-2,11,-1,11,-1,11,-1,12,-1,12,-1,12,-1,12,-1,12,-1,12,-2,12,-2,12,-2,13,-3,13,-4,13,-4,14,-5,14,-4,15,-5,15,-5,16,-5]"
CSI_DATA,219,1a:00:00:00:00:00,-46,11,0,0,0,0,0,0,0,0,0,-91,0,1,0,44305063,0,31,0,128,0,"[0,0,-17,2,-17,3,-17,3,-16,3,-16,3,-16,4,-15,4,-15,4,-15,4,-14,5,-14,5,-14,6,-14,6,-14,6,-14,6,-14,6,-15,7,-14,6,-14,5,-14,5,-14,4,-14,3,-14,3,-13,2,-13,1,-12,0,0,0,0,0,0,0,0,0,0,0,0,0,0,0,0,0,0,0,0,0,0,0,-8,2,-8,1,-9,1,-10,1,-11,1,-11,0,-12,0,-12,-1,-12,-1,-13,-2,-13,-2,-13,-2,-13,-2,-13,-2,-13,-2,-13,-1,-13,-1,-13,-1,-14,0,-14,1,-14,1,-15,2,-16,2,-16,3,-17,3,-16,2]"
CSI_DATA,220,1a:00:00:00:00:00,-46,11,0,0,0,0,0,0,0,0,0,-91,0,1,0,44506229,0,31,0,128,0,"[0,0,-16,1,-17,2,-16,2,-16,2,-16,2,-15,2,-15,2,-15,3,-14,3,-14,3,-14,4,-14,4,-14,4,-14,5,-14,5,-14,5,-15,5,-14,4,-15,4,-14,3,-14,3,-14,2,-13,1,-13,0,-12,-1,-12,-1,0,0,0,0,0,0,0,0,0,0,0,0,0,0,0,0,0,0,0,0,0,0,-7,1,-8,1,-9,1,-9,0,-10,0,-10,-1,-11,-1,-11,-1,-11,-2,-12,-2,-12,-3,-12,-3,-12,-3,-12,-2,-12,-2,-13,-2,-12,-2,-13,-1,-13,-1,-14,0,-14,0,-15,1,-15,0,-16,1,-16,1,-16,1]"
CSI_DATA,221,1a:00:00:00:00:00,-46,11,0,0,0,0,0,0,0,0,0,-91,0,1,0,44566586,0,42,0,128,0,"[0,0,1,-16,0,-17,1,-17,0,-16,0,-16,0,-15,0,-16,0,-15,-1,-15,-2,-15,-3,-15,-3,-14,-3,-14,-3,-15,-3,-14,-3,-15,-3,-15,-2,-15,-1,-15,-1,-15,-1,-14,0,-14,1,-13,1,-13,2,-12,2,-12,0,0,0,0,0,0,0,0,0,0,0,0,0,0,0,0,0,0,0,0,0,0,-1,-7,-1,-8,0,-9,0,-9,0,-10,1,-11,2,-11,2,-11,2,-11,3,-11,3,-12,3,-12,3,-12,3,-12,3,-12,2,-12,3,-12,2,-12,2,-13,2,-14,2,-14,1,-14,1,-15,0,-16,0,-16,0,-16]"
CSI_DATA,222,1a:00:00:00:00:00,-46,11,0,0,0,0,0,0,0,0,0,-91,0,1,0,44633711,0,31,0,128,0,"[0,0,-16,6,-16,6,-16,6,-15,6,-16,6,-15,6,-15,6,-14,7,-13,7,-13,7,-13,8,-13,8,-13,8,-13,9,-13,8,-13,9,-13,8,-14,8,-14,8,-13,7,-14,6,-13,5,-13,5,-13,4,-12,3,-12,2,0,0,0,0,0,0,0,0,0,0,0,0,0,0,0,0,0,0,0,0,0,0,-7,3,-7,3,-8,3,-9,3,-10,3,-10,2,-11,2,-11,1,-12,1,-12,1,-13,1,-13,1,-13,1,-13,1,-13,1,-13,2,-13,2,-13,2,-14,3,-14,4,-14,4,-15,4,-14,4,-16,6,-16,6,-16,6]"
CSI_DATA,223,1a:00:00:00:00:00,-46,11,0,0,0,0,0,0,0,0,0,-91,0,1,0,44834781,0,31,0,128,0,"[0,0,-1,-17,-1,-17,0,-17,-1,-16,-1,-17,-1,-16,-2,-15,-2,-15,-2,-15,-3,-14,-4,-15,-4,-14,-4,-14,-4,-15,-4,-15,-4,-15,-4,-15,-4,-15,-3,-15,-2,-15,-2,-14,-1,-14,0,-14,0,-13,1,-13,2,-12,0,0,0,0,0,0,0,0,0,0,0,0,0,0,0,0,0,0,0,0,0,0,-2,-8,-1,-8,-1,-9,0,-10,0,-10,1,-11,1,-11,1,-11,2,-11,3,-11,2,-12,2,-12,2,-12,3,-12,3,-12,2,-12,2,-13,1,-12,1,-14,1,-14,1,-14,1,-15,0,-15,0,-16,-1,-16,-1,-17]"
[0;32mI (44999) ftm_responder: Counter = 45[0m
CSI_DATA,224,1a:00:00:00:00:00,-47,11,0,0,0,0,0,0,0,0,0,-91,0,1,0,45036882,0,31,0,128,0,"[0,0,10,-14,9,-14,9,-14,9,-13,9,-14,8,-14,8,-14,7,-14,6,-14,6,-14,5,-14,5,-14,5,-15,5,-15,4,-15,5,-15,5,-15,5,-15,6,-14,6,-14,6,-13,7,-13,7,-12,7,-11,7,-10,8,-9,0,0,0,0,0,0,0,0,0,0,0,0,0,0,0,0,0,0,0,0,0,0,3,-7,4,-7,5,-7,6,-8,6,-8,7,-8,8,-8,8,-8,9,-8,9,-7,9,-8,9,-8,10,-8,9,-8,9,-8,9,-9,9,-9,8,-9,9,-10,9,-11,9,-11,9,-12,9,-12,9,-13,10,-14,10,-14]"
CSI_DATA,225,1a:00:00:00:00:00,-46,11,0,0,0,0,0,0,0,0,0,-91,0,1,0,45237249,0,31,0,128,0,"[0,0,-13,9,-13,10,-13,9,-12,9,-13,9,-12,10,-12,10,-11,10,-10,10,-10,10,-10,11,-9,10,-9,11,-9,11,-9,11,-9,11,-10,11,-10,11,-10,10,-10,9,-11,9,-11,8,-11,7,-11,7,-10,6,-11,5,0,0,0,0,0,0,0,0,0,0,0,0,0,0,0,0,0,0,0,0,0,0,-6,5,-6,5,-7,5,-8,5,-8,5,-9,5,-10,5,-10,4,-10,4,-11,4,-11,4,-11,4,-11,4,-11,4,-11,4,-11,5,-11,5,-11,5,-12,6,-12,7,-12,7,-12,8,-12,8,-12,10,-13,10,-13,9]"
CSI_DATA,226,1a:00:00:00:00:00,-46,11,0,0,0,0,0,0,0,0,0,-91,0,1,0,45438425,0,31,0,128,0,"[0,0,0,-16,-1,-17,0,-16,-1,-16,-1,-16,-1,-15,-1,-15,-2,-15,-2,-15,-3,-15,-4,-15,-4,-14,-4,-14,-4,-14,-4,-15,-4,-15,-4,-15,-3,-15,-3,-15,-2,-15,-2,-15,-1,-14,0,-14,0,-13,1,-12,2,-12,0,0,0,0,0,0,0,0,0,0,0,0,0,0,0,0,0,0,0,0,0,0,-1,-8,-1,-8,-1,-9,0,-9,1,-10,1,-10,1,-11,2,-11,2,-11,3,-12,3,-12,3,-12,3,-12,3,-12,3,-12,2,-13,2,-12,1,-13,1,-13,1,-14,0,-14,0,-14,0,-15,0,-16,-1,-16,0,-16]"
CSI_DATA,227,1a:00:00:00:00:00,-46,11,0,0,0,0,0,0,0,0,0,-91,0,1,0,45641540,0,31,0,128,0,"[0,0,1,15,1,15,1,15,1,15,1,15,1,14,2,14,2,13,2,13,3,13,4,13,4,12,4,12,4,13,4,13,4,13,4,13,4,14,3,13,2,13,2,13,1,13,0,12,0,12,-1,11,-2,11,0,0,0,0,0,0,0,0,0,0,0,0,0,0,0,0,0,0,0,0,0,0,2,6,1,7,1,8,1,8,0,9,0,9,-1,10,-1,10,-2,11,-2,10,-2,11,-2,11,-2,11,-2,11,-2,11,-1,11,-1,12,-1,11,-1,12,0,13,0,13,0,13,1,13,1,14,1,15,2,15]"
CSI_DATA,228,1a:00:00:00:00:00,-46,11,0,0,0,0,0,0,0,0,0,-91,0,1,0,45841340,0,31,0,128,0,"[0,0,-15,6,-15,6,-15,6,-15,6,-15,6,-14,6,-14,6,-14,6,-13,7,-13,7,-12,8,-12,8,-12,8,-12,9,-12,8,-12,9,-13,9,-13,8,-13,7,-13,7,-13,6,-13,5,-13,5,-12,4,-12,3,-12,2,0,0,0,0,0,0,0,0,0,0,0,0,0,0,0,0,0,0,0,0,0,0,-7,3,-8,3,-8,3,-9,3,-10,3,-10,2,-11,2,-11,1,-12,1,-12,1,-12,1,-13,1,-13,1,-13,1,-13,1,-13,2,-13,2,-13,2,-13,3,-14,3,-14,3,-14,5,-14,4,-15,5,-15,6,-15,5]"
[0;32mI (45999) ftm_responder: Counter = 46[0m
CSI_DATA,229,1a:00:00:00:00:00,-46,11,0,0,0,0,0,0,0,0,0,-91,0,1,0,46041975,0,31,0,128,0,"[0,0,2,15,2,15,2,15,2,15,2,15,2,14,3,14,3,13,3,13,4,13,5,13,5,12,5,12,5,13,5,13,6,13,5,13,5,14,5,13,4,13,3,13,2,13,1,12,1,12,0,11,-1,11,0,0,0,0,0,0,0,0,0,0,0,0,0,0,0,0,0,0,0,0,0,0,1,7,1,7,0,7,0,8,0,9,-1,10,-1,10,-2,10,-2,11,-3,10,-2,11,-3,11,-3,11,-2,11,-2,11,-2,12,-2,12,-1,12,-1,12,0,13,0,13,0,13,1,13,1,14,2,15,2,15]"
CSI_DATA,230,1a:00:00:00:00:00,-46,11,0,0,0,0,0,0,0,0,0,-91,0,1,0,46102257,0,42,0,128,0,"[0,0,14,-7,14,-8,14,-8,13,-8,13,-8,13,-8,13,-8,12,-9,11,-9,11,-9,11,-10,10,-10,10,-10,10,-11,10,-10,11,-11,11,-11,11,-11,12,-10,12,-9,12,-8,11,-8,11,-7,11,-6,11,-5,11,-4,0,0,0,0,0,0,0,0,0,0,0,0,0,0,0,0,0,0,0,0,0,0,6,-4,7,-4,7,-4,8,-4,9,-4,9,-3,10,-3,10,-3,11,-2,11,-2,11,-2,11,-2,12,-2,12,-3,12,-3,11,-3,12,-3,11,-4,12,-4,12,-5,12,-5,13,-6,13,-6,14,-7,14,-8,14,-7]"
CSI_DATA,231,1a:00:00:00:00:00,-46,11,0,0,0,0,0,0,0,0,0,-91,0,1,0,46170452,0,31,0,128,0,"[0,0,-1,16,-1,16,-1,16,-1,16,-1,16,-1,15,0,15,0,15,1,14,2,14,2,14,2,14,3,14,3,14,3,14,3,15,3,15,3,15,2,15,1,15,1,14,0,14,-1,13,-1,13,-2,12,-3,11,0,0,0,0,0,0,0,0,0,0,0,0,0,0,0,0,0,0,0,0,0,0,0,7,0,8,-1,8,-1,9,-2,9,-3,10,-3,10,-4,10,-4,11,-5,11,-5,12,-5,11,-5,11,-5,11,-5,11,-4,12,-4,12,-3,12,-3,13,-3,13,-3,13,-2,14,-2,15,-1,16,-1,16,-1,16]"
CSI_DATA,232,1a:00:00:00:00:00,-46,11,0,0,0,0,0,0,0,0,0,-91,0,1,0,46371205,0,31,0,128,0,"[0,0,-16,6,-16,7,-15,6,-16,7,-15,6,-15,7,-14,7,-14,7,-14,7,-13,8,-13,9,-12,9,-12,9,-12,9,-13,9,-12,9,-13,10,-13,9,-13,8,-13,7,-13,7,-13,6,-13,6,-13,5,-12,4,-12,3,0,0,0,0,0,0,0,0,0,0,0,0,0,0,0,0,0,0,0,0,0,0,-7,3,-7,3,-9,3,-9,3,-10,3,-10,2,-11,2,-12,2,-12,1,-13,1,-13,1,-13,1,-13,2,-13,1,-13,1,-13,2,-13,2,-13,2,-13,3,-14,4,-14,4,-15,5,-14,5,-15,6,-15,7,-15,6]"
CSI_DATA,233,1a:00:00:00:00:00,-47,11,0,0,0,0,0,0,0,0,0,-91,0,1,0,46575342,0,31,0,128,0,"[0,0,2,15,2,15,2,15,3,15,2,15,2,14,3,14,3,14,3,13,4,13,5,13,4,13,5,13,5,13,5,13,5,13,5,13,5,14,4,13,3,13,3,13,2,13,1,12,1,12,0,11,-1,11,0,0,0,0,0,0,0,0,0,0,0,0,0,0,0,0,0,0,0,0,0,0,2,6,2,7,1,7,1,8,1,9,0,10,0,10,-1,10,-1,11,-2,10,-1,11,-1,11,-2,11,-2,11,-2,11,-1,11,-1,12,0,11,0,12,0,12,0,13,1,13,1,13,2,14,2,15,2,15]"
CSI_DATA,234,1a:00:00:00:00:00,-46,11,0,0,0,0,0,0,0,0,0,-91,0,1,0,46773546,0,31,0,128,0,"[0,0,11,-11,10,-11,11,-11,10,-11,10,-11,10,-11,9,-11,9,-11,8,-11,8,-12,8,-12,7,-12,7,-12,7,-12,7,-12,7,-12,8,-13,8,-12,8,-12,8,-11,8,-11,8,-10,8,-9,9,-9,8,-7,9,-7,0,0,0,0,0,0,0,0,0,0,0,0,0,0,0,0,0,0,0,0,0,0,4,-6,5,-6,6,-6,6,-6,7,-6,7,-6,8,-6,9,-6,9,-6,10,-5,10,-5,10,-5,10,-5,10,-5,10,-5,10,-6,10,-6,9,-7,10,-7,10,-8,10,-8,10,-9,10,-9,11,-10,11,-10,11,-11]"
CSI_DATA,235,1a:00:00:00:00:00,-47,11,0,0,0,0,0,0,0,0,0,-91,0,1,0,46974767,0,31,0,128,0,"[0,0,14,-6,15,-7,14,-7,15,-7,14,-7,14,-7,13,-8,13,-8,12,-8,12,-8,12,-9,11,-9,12,-9,11,-9,11,-9,11,-10,12,-9,12,-9,12,-8,12,-8,12,-7,12,-7,12,-6,12,-5,11,-4,11,-3,0,0,0,0,0,0,0,0,0,0,0,0,0,0,0,0,0,0,0,0,0,0,6,-4,6,-4,8,-4,8,-4,9,-4,9,-3,10,-3,10,-2,11,-2,11,-1,12,-1,12,-1,12,-1,12,-1,12,-2,12,-2,12,-3,12,-3,12,-3,13,-4,13,-5,13,-5,13,-5,14,-6,15,-6,15,-6]"
[0;32mI (46999) ftm_responder: Counter = 47[0m
CSI_DATA,236,1a:00:00:00:00:00,-47,11,0,0,0,0,0,0,0,0,0,-91,0,1,0,47182886,0,31,0,128,0,"[0,0,-16,1,-16,2,-16,2,-15,2,-16,2,-15,2,-15,3,-14,3,-14,3,-14,4,-14,4,-14,4,-13,4,-14,5,-14,5,-14,5,-14,5,-14,5,-14,4,-14,3,-14,3,-13,2,-13,1,-13,1,-12,0,-12,-1,0,0,0,0,0,0,0,0,0,0,0,0,0,0,0,0,0,0,0,0,0,0,-7,1,-8,1,-9,1,-10,0,-10,0,-11,-1,-11,-1,-11,-2,-12,-2,-12,-2,-12,-2,-12,-3,-12,-3,-12,-2,-12,-2,-12,-2,-13,-2,-12,-1,-13,-1,-14,0,-14,0,-14,1,-14,1,-15,1,-16,2,-16,2]"
CSI_DATA,237,1a:00:00:00:00:00,-47,11,0,0,0,0,0,0,0,0,0,-91,0,1,0,47379038,0,31,0,128,0,"[0,0,-12,11,-13,11,-13,11,-12,10,-12,11,-12,11,-12,11,-11,11,-11,11,-10,11,-9,12,-9,12,-9,12,-9,13,-9,12,-9,12,-10,12,-10,12,-11,11,-11,10,-11,10,-11,9,-11,8,-10,8,-10,7,-11,6,0,0,0,0,0,0,0,0,0,0,0,0,0,0,0,0,0,0,0,0,0,0,-5,6,-6,6,-7,6,-8,6,-8,6,-9,6,-10,6,-10,5,-11,5,-11,5,-12,6,-12,6,-12,6,-12,5,-12,5,-12,6,-12,6,-11,6,-12,7,-12,8,-12,8,-12,9,-12,9,-12,11,-12,11,-12,11]"
CSI_DATA,238,1a:00:00:00:00:00,-47,11,0,0,0,0,0,0,0,0,0,-91,0,1,0,47577192,0,28,0,128,0,"[0,0,13,-9,13,-10,13,-9,12,-10,12,-9,12,-10,12,-9,11,-10,11,-10,10,-10,10,-11,9,-11,9,-11,10,-12,9,-11,10,-12,10,-12,10,-11,10,-10,10,-10,11,-9,11,-9,10,-8,11,-7,10,-6,10,-5,0,0,0,0,0,0,0,0,0,0,0,0,0,0,0,0,0,0,0,0,0,0,5,-5,6,-5,7,-5,8,-5,9,-5,9,-4,10,-4,10,-4,11,-4,11,-3,11,-4,11,-3,12,-4,12,-4,11,-4,11,-5,11,-5,11,-5,12,-6,12,-7,12,-7,12,-7,12,-7,13,-9,13,-9,13,-9]"
CSI_DATA,239,1a:00:00:00:00:00,-47,11,0,0,0,0,0,0,0,0,0,-91,0,1,0,47579018,0,31,0,128,0,"[0,0,-10,12,-11,12,-11,13,-10,12,-10,13,-10,13,-9,13,-8,12,-8,12,-7,12,-7,13,-7,13,-7,13,-7,14,-7,13,-7,13,-7,13,-7,13,-8,13,-8,12,-8,11,-9,11,-9,10,-9,10,-9,8,-9,7,0,0,0,0,0,0,0,0,0,0,0,0,0,0,0,0,0,0,0,0,0,0,-4,6,-5,7,-6,7,-6,7,-7,7,-8,7,-8,7,-9,7,-9,7,-10,7,-10,7,-10,7,-11,7,-11,7,-10,7,-10,8,-10,8,-10,8,-11,9,-10,10,-10,10,-10,11,-9,11,-10,12,-10,13,-10,13]"
CSI_DATA,240,1a:00:00:00:00:00,-47,11,0,0,0,0,0,0,0,0,0,-91,0,1,0,47638670,0,42,0,128,0,"[0,0,-7,-15,-7,-15,-7,-15,-7,-15,-7,-14,-7,-14,-7,-14,-7,-13,-8,-13,-8,-12,-9,-12,-9,-12,-9,-12,-9,-12,-9,-12,-9,-12,-9,-13,-9,-13,-8,-13,-8,-13,-7,-13,-6,-13,-5,-12,-5,-12,-4,-11,-3,-12,0,0,0,0,0,0,0,0,0,0,0,0,0,0,0,0,0,0,0,0,0,0,-4,-7,-4,-7,-4,-8,-4,-9,-4,-9,-4,-10,-3,-11,-3,-11,-3,-12,-2,-12,-2,-12,-2,-12,-2,-12,-2,-12,-2,-12,-3,-13,-3,-13,-3,-12,-4,-13,-4,-13,-5,-13,-5,-13,-6,-14,-6,-14,-7,-14,-7,-15]"
[0;32mI (48009) ftm_responder: Counter = 48[0m
CSI_DATA,241,1a:00:00:00:00:00,-47,11,0,0,0,0,0,0,0,0,0,-91,0,1,0,48138969,0,42,0,128,0,"[0,0,-2,15,-2,15,-2,15,-2,15,-2,14,-2,14,-1,14,-1,14,0,14,0,14,1,14,1,13,1,13,1,14,1,14,1,14,1,14,0,14,0,14,-1,13,-1,13,-2,13,-3,12,-3,12,-3,11,-4,10,0,0,0,0,0,0,0,0,0,0,0,0,0,0,0,0,0,0,0,0,0,0,0,7,-1,7,-1,8,-2,8,-2,9,-3,9,-3,10,-4,10,-4,10,-5,10,-5,10,-5,10,-5,10,-5,10,-5,10,-4,11,-4,11,-4,11,-4,11,-4,12,-3,12,-3,13,-3,13,-3,14,-2,15,-2,15]"
CSI_DATA,242,1a:00:00:00:00:00,-47,11,0,0,0,0,0,0,0,0,0,-91,0,1,0,48218654,0,31,0,128,0,"[0,0,-16,-3,-17,-2,-16,-2,-16,-2,-16,-2,-15,-2,-16,-1,-15,-1,-15,0,-15,0,-15,1,-14,1,-15,1,-15,2,-15,1,-15,2,-16,2,-15,1,-15,1,-15,0,-14,-1,-14,-1,-13,-2,-13,-2,-12,-3,-12,-4,0,0,0,0,0,0,0,0,0,0,0,0,0,0,0,0,0,0,0,0,0,0,-8,-1,-8,-1,-9,-2,-10,-2,-10,-3,-10,-4,-11,-4,-11,-5,-11,-5,-11,-6,-11,-6,-11,-6,-11,-6,-11,-6,-11,-5,-12,-5,-12,-5,-12,-5,-12,-4,-13,-4,-14,-4,-14,-3,-14,-3,-15,-3,-16,-3,-16,-3]"
CSI_DATA,243,1a:00:00:00:00:00,-47,11,0,0,0,0,0,0,0,0,0,-91,0,1,0,48419522,0,31,0,128,0,"[0,0,-13,9,-14,9,-13,9,-13,9,-13,9,-13,9,-12,9,-12,9,-11,9,-11,10,-10,11,-10,10,-10,11,-10,11,-10,11,-10,11,-11,11,-11,10,-11,10,-11,9,-11,8,-11,8,-11,8,-11,7,-11,5,-11,5,0,0,0,0,0,0,0,0,0,0,0,0,0,0,0,0,0,0,0,0,0,0,-6,4,-7,4,-8,4,-9,4,-9,4,-10,4,-10,3,-11,3,-11,3,-12,3,-12,3,-12,3,-12,3,-12,3,-12,3,-12,4,-12,4,-12,4,-12,5,-12,6,-12,6,-12,7,-12,7,-13,8,-13,9,-13,8]"
CSI_DATA,244,1a:00:00:00:00:00,-47,11,0,0,0,0,0,0,0,0,0,-91,0,1,0,48621129,0,31,0,128,0,"[0,0,12,-9,12,-10,12,-10,11,-10,11,-9,11,-10,11,-10,10,-10,10,-10,9,-10,9,-11,9,-11,9,-11,9,-11,9,-11,9,-12,9,-12,9,-11,10,-11,10,-10,10,-9,10,-9,10,-8,10,-7,10,-6,9,-5,0,0,0,0,0,0,0,0,0,0,0,0,0,0,0,0,0,0,0,0,0,0,5,-5,6,-5,7,-5,7,-5,8,-5,8,-5,9,-5,9,-4,10,-4,11,-4,10,-4,11,-4,11,-4,11,-4,11,-4,10,-5,10,-5,10,-5,11,-6,11,-6,11,-7,11,-8,11,-8,12,-8,12,-9,12,-9]"
CSI_DATA,245,1a:00:00:00:00:00,-47,11,0,0,0,0,0,0,0,0,0,-91,0,1,0,48822258,0,31,0,128,0,"[0,0,-13,-11,-13,-10,-13,-10,-13,-10,-13,-10,-13,-9,-13,-9,-13,-8,-13,-8,-14,-8,-14,-7,-13,-7,-13,-7,-14,-6,-14,-6,-15,-7,-14,-7,-14,-8,-14,-8,-13,-8,-13,-8,-12,-9,-11,-9,-10,-9,-9,-9,-8,-10,0,0,0,0,0,0,0,0,0,0,0,0,0,0,0,0,0,0,0,0,0,0,-7,-5,-7,-6,-7,-6,-8,-7,-7,-8,-8,-9,-8,-9,-7,-10,-7,-10,-7,-11,-7,-11,-7,-11,-7,-11,-7,-11,-7,-11,-8,-11,-8,-10,-8,-11,-9,-10,-9,-10,-10,-10,-11,-10,-11,-10,-12,-11,-12,-10,-13,-11]"
[0;32mI (49009) ftm_responder: Counter = 49[0m
CSI_DATA,246,1a:00:00:00:00:00,-47,11,0,0,0,0,0,0,0,0,0,-91,0,1,0,49023078,0,31,0,128,0,"[0,0,14,6,14,6,14,5,14,6,14,5,14,5,14,4,13,4,13,3,14,3,14,3,14,2,14,2,13,1,14,2,14,2,14,2,14,3,14,3,13,3,13,4,12,4,12,5,11,5,10,6,9,6,0,0,0,0,0,0,0,0,0,0,0,0,0,0,0,0,0,0,0,0,0,0,7,2,7,3,8,4,8,4,8,5,8,6,8,6,8,7,8,8,8,8,8,8,8,8,8,8,8,8,8,7,9,8,9,7,9,7,10,7,11,7,11,6,12,6,12,6,13,6,13,6,14,6]"
CSI_DATA,247,1a:00:00:00:00:00,-47,11,0,0,0,0,0,0,0,0,0,-91,0,1,0,49224673,0,31,0,128,0,"[0,0,-12,8,-13,9,-12,8,-12,9,-12,9,-12,9,-11,9,-10,9,-10,9,-10,9,-9,10,-9,10,-9,10,-9,10,-9,11,-9,11,-9,11,-9,10,-10,10,-9,9,-10,9,-10,8,-10,7,-10,7,-10,5,-10,5,0,0,0,0,0,0,0,0,0,0,0,0,0,0,0,0,0,0,0,0,0,0,-6,4,-7,4,-8,4,-8,4,-9,4,-10,4,-10,4,-10,3,-11,3,-11,3,-12,3,-12,3,-12,3,-12,3,-11,3,-11,4,-11,4,-11,4,-12,5,-11,6,-11,6,-12,7,-12,7,-12,8,-12,8,-12,8]"
CSI_DATA,248,1a:00:00:00:00:00,-46,11,0,0,0,0,0,0,0,0,0,-91,0,1,0,49425656,0,31,0,128,0,"[0,0,-16,-4,-16,-4,-16,-4,-16,-4,-16,-3,-15,-3,-15,-3,-15,-2,-15,-2,-14,-2,-15,-1,-14,-1,-15,0,-15,0,-15,0,-15,0,-15,-1,-15,-1,-15,-2,-15,-2,-14,-3,-14,-3,-13,-4,-13,-4,-11,-5,-11,-5,0,0,0,0,0,0,0,0,0,0,0,0,0,0,0,0,0,0,0,0,0,0,-8,-1,-9,-2,-9,-3,-10,-3,-10,-4,-10,-5,-11,-5,-10,-6,-10,-6,-10,-6,-11,-7,-11,-7,-11,-7,-11,-7,-11,-7,-11,-6,-12,-6,-11,-6,-12,-6,-13,-5,-13,-5,-14,-4,-14,-5,-15,-4,-15,-4,-16,-4]"
CSI_DATA,249,1a:00:00:00:00:00,-46,11,0,0,0,0,0,0,0,0,0,-91,0,1,0,49626747,0,31,0,128,0,"[0,0,6,-15,5,-16,5,-15,5,-16,5,-15,4,-15,4,-15,4,-15,3,-15,3,-15,2,-15,1,-15,2,-15,1,-15,1,-16,1,-16,1,-16,2,-15,2,-15,3,-15,3,-14,4,-14,4,-13,5,-12,5,-12,6,-11,0,0,0,0,0,0,0,0,0,0,0,0,0,0,0,0,0,0,0,0,0,0,2,-8,2,-8,3,-9,4,-9,5,-10,5,-9,6,-10,6,-10,7,-10,8,-10,8,-10,8,-10,8,-10,8,-10,8,-10,7,-11,7,-11,7,-11,7,-12,6,-12,6,-13,6,-13,6,-14,6,-14,6,-16,6,-15]"
CSI_DATA,250,1a:00:00:00:00:00,-46,11,0,0,0,0,0,0,0,0,0,-91,0,1,0,49687057,0,42,0,128,0,"[0,0,-7,14,-7,14,-7,14,-7,14,-7,14,-7,14,-6,14,-6,13,-5,13,-4,13,-4,14,-4,13,-4,14,-3,14,-3,14,-3,14,-4,14,-4,14,-5,14,-5,13,-6,13,-6,12,-6,11,-7,11,-7,10,-7,9,0,0,0,0,0,0,0,0,0,0,0,0,0,0,0,0,0,0,0,0,0,0,-3,7,-4,7,-4,8,-5,8,-5,8,-6,8,-7,9,-7,8,-8,8,-8,8,-8,9,-9,8,-9,9,-9,9,-9,9,-8,9,-8,9,-8,9,-8,10,-8,11,-8,11,-8,12,-7,12,-7,13,-7,14,-7,14]"
CSI_DATA,251,1a:00:00:00:00:00,-46,11,0,0,0,0,0,0,0,0,0,-91,0,1,0,49754737,0,31,0,128,0,"[0,0,4,15,4,14,4,14,4,14,4,13,4,14,4,13,4,13,5,13,5,12,6,12,6,12,6,12,7,12,7,12,7,12,6,12,6,13,6,13,5,12,4,12,3,12,2,12,2,12,1,11,0,11,0,0,0,0,0,0,0,0,0,0,0,0,0,0,0,0,0,0,0,0,0,0,2,6,2,7,2,8,2,8,2,9,1,10,1,10,0,10,0,11,-1,11,0,11,-1,11,-1,11,-1,11,0,11,0,11,0,12,1,11,1,12,2,12,2,12,3,13,3,13,3,14,4,14,4,14]"
CSI_DATA,252,1a:00:00:00:00:00,-46,11,0,0,0,0,0,0,0,0,0,-91,0,1,0,49955381,0,31,0,128,0,"[0,0,-13,7,-14,8,-13,7,-13,8,-13,8,-13,8,-12,8,-12,8,-11,8,-11,9,-11,9,-10,9,-10,9,-10,10,-10,10,-10,10,-11,11,-11,10,-11,9,-11,8,-11,8,-11,7,-11,6,-11,6,-11,4,-11,4,0,0,0,0,0,0,0,0,0,0,0,0,0,0,0,0,0,0,0,0,0,0,-7,3,-7,4,-8,4,-9,4,-9,3,-10,3,-11,3,-11,2,-11,2,-12,2,-12,2,-12,2,-12,2,-12,2,-12,2,-12,3,-12,3,-12,3,-12,4,-13,5,-12,5,-13,6,-13,6,-13,7,-14,7,-14,7]"
[0;32mI (50009) ftm_responder: Counter = 50[0m
CSI_DATA,253,1a:00:00:00:00:00,-46,11,0,0,0,0,0,0,0,0,0,-91,0,1,0,50156585,0,31,0,128,0,"[0,0,-16,-3,-16,-3,-16,-3,-15,-3,-16,-3,-15,-2,-15,-2,-15,-1,-15,-1,-15,0,-15,0,-14,1,-14,1,-15,2,-15,1,-15,1,-15,1,-15,0,-15,0,-14,-1,-14,-1,-14,-2,-13,-2,-13,-3,-12,-3,-11,-4,0,0,0,0,0,0,0,0,0,0,0,0,0,0,0,0,0,0,0,0,0,0,-8,-1,-8,-2,-9,-2,-9,-3,-10,-3,-10,-4,-10,-5,-10,-6,-10,-6,-10,-6,-11,-6,-11,-6,-11,-6,-11,-6,-11,-6,-11,-6,-12,-6,-12,-5,-13,-5,-13,-5,-13,-4,-14,-4,-14,-4,-15,-3,-16,-4,-16,-4]"
CSI_DATA,254,1a:00:00:00:00:00,-46,11,0,0,0,0,0,0,0,0,0,-91,0,1,0,50358577,0,31,0,128,0,"[0,0,-16,5,-16,5,-16,5,-16,5,-15,5,-15,6,-15,6,-14,6,-14,6,-13,7,-13,7,-12,7,-13,8,-13,8,-13,8,-13,8,-14,8,-14,8,-14,7,-13,6,-13,6,-13,5,-13,4,-13,4,-12,2,-12,2,0,0,0,0,0,0,0,0,0,0,0,0,0,0,0,0,0,0,0,0,0,0,-8,3,-8,2,-9,2,-10,2,-11,2,-11,1,-11,1,-12,0,-12,0,-13,-1,-13,0,-13,0,-13,-1,-13,0,-13,0,-13,0,-13,1,-13,1,-14,2,-14,2,-14,2,-15,3,-15,3,-15,4,-16,4,-16,4]"
CSI_DATA,255,1a:00:00:00:00:00,-46,11,0,0,0,0,0,0,0,0,0,-91,0,1,0,50558936,0,31,0,128,0,"[0,0,15,5,15,4,15,4,14,4,14,4,14,4,14,4,14,3,13,3,14,2,14,1,14,1,14,1,15,1,14,1,15,1,14,1,15,2,14,3,14,3,13,4,13,4,11,4,11,5,10,5,10,6,0,0,0,0,0,0,0,0,0,0,0,0,0,0,0,0,0,0,0,0,0,0,7,1,8,1,8,2,9,2,8,3,9,4,9,5,9,5,9,6,9,6,10,6,10,6,10,6,10,6,10,6,10,6,10,6,10,5,12,6,12,5,12,5,13,5,12,5,14,4,15,4,15,5]"
CSI_DATA,256,1a:00:00:00:00:00,-46,11,0,0,0,0,0,0,0,0,0,-91,0,1,0,50760559,0,31,0,128,0,"[0,0,-12,10,-12,10,-12,10,-12,10,-12,10,-11,10,-11,10,-11,10,-10,10,-10,11,-9,11,-9,11,-9,11,-8,11,-8,12,-8,12,-9,12,-9,11,-10,11,-10,10,-10,10,-10,9,-10,8,-10,8,-10,6,-10,5,0,0,0,0,0,0,0,0,0,0,0,0,0,0,0,0,0,0,0,0,0,0,-6,5,-6,5,-8,5,-8,5,-9,5,-9,4,-10,4,-10,4,-11,4,-11,4,-11,4,-11,4,-12,4,-11,4,-11,4,-12,5,-11,5,-11,5,-11,6,-12,7,-11,7,-12,8,-12,8,-12,9,-12,10,-12,9]"
CSI_DATA,257,1a:00:00:00:00:00,-46,11,0,0,0,0,0,0,0,0,0,-91,0,1,0,50961756,0,31,0,128,0,"[0,0,-15,-5,-15,-4,-16,-4,-15,-4,-15,-4,-15,-3,-14,-3,-14,-3,-14,-2,-14,-2,-14,-1,-14,-1,-14,-1,-15,0,-15,-1,-15,-1,-15,-1,-15,-2,-15,-2,-14,-3,-14,-3,-13,-4,-13,-4,-12,-4,-11,-5,-10,-6,0,0,0,0,0,0,0,0,0,0,0,0,0,0,0,0,0,0,0,0,0,0,-8,-2,-8,-2,-9,-3,-9,-3,-9,-4,-10,-5,-10,-5,-10,-6,-10,-6,-10,-6,-10,-7,-10,-7,-10,-7,-10,-6,-10,-6,-11,-6,-11,-6,-11,-6,-12,-6,-12,-5,-13,-5,-14,-5,-13,-5,-15,-4,-15,-5,-15,-5]"
[0;32mI (51009) ftm_responder: Counter = 51[0m
CSI_DATA,258,1a:00:00:00:00:00,-46,11,0,0,0,0,0,0,0,0,0,-91,0,1,0,51162641,0,31,0,128,0,"[0,0,13,6,14,5,13,4,14,5,13,4,13,4,13,4,13,4,13,3,13,2,13,2,13,2,13,1,13,1,14,1,14,1,14,2,14,2,13,3,13,3,12,4,12,4,11,4,11,5,10,5,9,6,0,0,0,0,0,0,0,0,0,0,0,0,0,0,0,0,0,0,0,0,0,0,6,2,7,2,7,3,8,3,8,4,8,5,8,6,8,6,8,7,8,7,8,7,8,7,8,7,9,7,8,7,9,7,9,6,9,6,10,6,11,6,11,6,12,5,12,6,13,6,13,5,14,6]"
CSI_DATA,259,1a:00:00:00:00:00,-46,11,0,0,0,0,0,0,0,0,0,-91,0,1,0,51223015,0,42,0,128,0,"[0,0,-7,14,-7,14,-6,14,-6,14,-6,14,-6,14,-5,14,-5,13,-4,13,-4,13,-3,13,-3,13,-3,13,-3,14,-3,14,-3,14,-3,14,-3,14,-4,14,-4,13,-5,12,-6,12,-6,11,-6,11,-6,10,-7,9,0,0,0,0,0,0,0,0,0,0,0,0,0,0,0,0,0,0,0,0,0,0,-3,7,-3,7,-4,7,-4,8,-5,8,-6,8,-6,9,-7,8,-7,9,-8,8,-8,9,-8,8,-8,9,-8,9,-8,8,-8,9,-8,9,-7,10,-8,10,-7,11,-7,11,-7,12,-7,12,-7,13,-7,14,-6,14]"
CSI_DATA,260,1a:00:00:00:00:00,-46,11,0,0,0,0,0,0,0,0,0,-91,0,1,0,51289714,0,31,0,128,0,"[0,0,-12,11,-13,11,-12,11,-12,11,-12,10,-11,11,-11,11,-10,11,-10,11,-9,11,-9,12,-8,12,-9,12,-8,12,-8,12,-8,12,-9,12,-9,12,-10,11,-10,11,-10,10,-10,9,-10,9,-10,8,-10,7,-10,6,0,0,0,0,0,0,0,0,0,0,0,0,0,0,0,0,0,0,0,0,0,0,-5,5,-6,5,-7,6,-8,6,-9,6,-9,5,-10,5,-10,5,-11,5,-11,5,-11,5,-11,5,-12,5,-11,5,-11,5,-11,6,-11,6,-11,6,-11,7,-11,8,-11,8,-12,9,-11,9,-12,10,-12,11,-12,10]"
CSI_DATA,261,1a:00:00:00:00:00,-46,11,0,0,0,0,0,0,0,0,0,-91,0,1,0,51490781,0,31,0,128,0,"[0,0,-4,-16,-4,-16,-4,-16,-4,-15,-4,-15,-4,-15,-5,-15,-5,-14,-6,-14,-6,-14,-7,-14,-7,-13,-7,-13,-7,-13,-7,-13,-7,-14,-7,-14,-7,-14,-6,-14,-5,-14,-5,-14,-4,-13,-3,-13,-2,-13,-2,-12,-1,-12,0,0,0,0,0,0,0,0,0,0,0,0,0,0,0,0,0,0,0,0,0,0,-3,-8,-3,-8,-2,-9,-2,-9,-2,-10,-1,-11,-1,-11,-1,-11,0,-12,1,-12,0,-12,0,-12,1,-12,1,-12,0,-12,0,-13,-1,-13,-1,-13,-1,-13,-2,-14,-2,-13,-3,-14,-3,-14,-3,-15,-4,-15,-4,-16]"
CSI_DATA,262,1a:00:00:00:00:00,-46,11,0,0,0,0,0,0,0,0,0,-91,0,1,0,51692240,0,31,0,128,0,"[0,0,14,-8,14,-9,14,-8,14,-8,14,-8,13,-8,13,-9,12,-9,12,-9,11,-9,11,-10,11,-10,11,-10,11,-11,11,-10,11,-11,11,-11,12,-10,12,-10,12,-9,12,-8,12,-8,12,-7,12,-6,11,-5,11,-4,0,0,0,0,0,0,0,0,0,0,0,0,0,0,0,0,0,0,0,0,0,0,6,-4,7,-4,8,-4,8,-4,9,-4,10,-4,10,-3,11,-3,11,-3,12,-2,12,-2,12,-2,12,-2,12,-3,12,-2,12,-3,12,-3,12,-4,12,-5,13,-5,13,-5,13,-6,13,-6,14,-8,14,-8,14,-8]"
CSI_DATA,263,1a:00:00:00:00:00,-46,11,0,0,0,0,0,0,0,0,0,-91,0,1,0,51893248,0,31,0,128,0,"[0,0,-15,7,-15,7,-16,7,-14,7,-15,7,-14,8,-14,8,-13,8,-13,8,-12,8,-12,9,-12,9,-12,10,-12,10,-12,10,-12,10,-12,10,-13,9,-13,9,-13,8,-13,7,-13,7,-13,6,-13,5,-12,4,-12,3,0,0,0,0,0,0,0,0,0,0,0,0,0,0,0,0,0,0,0,0,0,0,-7,3,-8,4,-9,3,-9,3,-10,3,-11,2,-11,2,-12,2,-12,2,-13,1,-13,1,-13,1,-13,1,-13,2,-13,1,-13,2,-13,3,-13,3,-13,3,-14,4,-13,4,-14,5,-14,5,-15,7,-15,7,-15,6]"
[0;32mI (52009) ftm_responder: Counter = 52[0m
CSI_DATA,264,1a:00:00:00:00:00,-46,11,0,0,0,0,0,0,0,0,0,-91,0,1,0,52094486,0,31,0,128,0,"[0,0,-12,10,-12,10,-12,10,-12,10,-11,10,-11,11,-11,10,-10,10,-9,10,-9,10,-8,12,-8,11,-8,12,-8,12,-8,12,-8,12,-9,12,-9,12,-10,11,-9,11,-10,10,-10,9,-10,9,-10,8,-10,7,-10,6,0,0,0,0,0,0,0,0,0,0,0,0,0,0,0,0,0,0,0,0,0,0,-6,5,-6,5,-7,5,-8,5,-8,5,-9,5,-10,5,-10,5,-11,4,-11,4,-11,5,-11,5,-12,5,-11,5,-11,4,-11,5,-11,5,-11,6,-11,6,-11,7,-11,7,-12,8,-11,8,-12,10,-12,10,-12,10]"
CSI_DATA,265,1a:00:00:00:00:00,-46,11,0,0,0,0,0,0,0,0,0,-91,0,1,0,52296325,0,31,0,128,0,"[0,0,1,-16,0,-16,0,-17,0,-16,0,-16,0,-16,-1,-15,-1,-15,-2,-15,-2,-15,-3,-15,-3,-15,-3,-15,-3,-15,-3,-14,-3,-16,-3,-15,-3,-16,-2,-15,-2,-15,-1,-15,0,-14,0,-13,1,-13,2,-12,2,-12,0,0,0,0,0,0,0,0,0,0,0,0,0,0,0,0,0,0,0,0,0,0,-1,-8,0,-9,0,-9,1,-10,1,-10,2,-11,2,-11,3,-11,3,-11,4,-11,4,-12,4,-12,4,-12,4,-12,4,-12,3,-12,3,-12,2,-12,3,-13,2,-13,2,-14,2,-15,1,-14,1,-16,1,-16,1,-17]"
CSI_DATA,266,1a:00:00:00:00:00,-46,11,0,0,0,0,0,0,0,0,0,-91,0,1,0,52496797,0,31,0,128,0,"[0,0,-16,-2,-16,-1,-16,-1,-16,-1,-16,-1,-15,-1,-15,0,-15,0,-14,0,-15,1,-15,2,-14,2,-14,2,-15,2,-15,2,-15,2,-15,2,-15,1,-15,1,-15,0,-14,-1,-14,-1,-13,-1,-13,-2,-12,-3,-12,-4,0,0,0,0,0,0,0,0,0,0,0,0,0,0,0,0,0,0,0,0,0,0,-8,0,-8,-1,-9,-1,-10,-1,-10,-2,-10,-3,-11,-3,-11,-4,-11,-4,-11,-4,-12,-5,-11,-5,-12,-4,-12,-4,-11,-4,-12,-4,-12,-4,-12,-4,-13,-3,-13,-3,-14,-3,-14,-2,-14,-2,-15,-2,-16,-1,-16,-2]"
CSI_DATA,267,1a:00:00:00:00:00,-46,11,0,0,0,0,0,0,0,0,0,-91,0,1,0,52698175,0,31,0,128,0,"[0,0,-13,9,-13,10,-13,9,-13,9,-12,9,-12,10,-12,10,-11,10,-11,10,-10,10,-10,11,-9,11,-9,11,-9,11,-9,11,-9,11,-10,12,-10,11,-10,11,-10,10,-11,9,-11,8,-11,8,-11,7,-11,6,-11,5,0,0,0,0,0,0,0,0,0,0,0,0,0,0,0,0,0,0,0,0,0,0,-6,4,-7,4,-8,5,-8,5,-9,4,-9,4,-10,4,-10,4,-11,4,-12,3,-12,3,-12,3,-12,3,-12,3,-12,4,-12,4,-12,4,-11,5,-12,5,-12,6,-12,7,-12,7,-12,7,-13,9,-13,9,-13,9]"
CSI_DATA,268,1a:00:00:00:00:00,-46,11,0,0,0,0,0,0,0,0,0,-91,0,1,0,52758308,0,42,0,128,0,"[0,0,13,-9,13,-10,13,-10,12,-9,12,-10,12,-10,12,-10,11,-10,10,-10,10,-10,10,-11,9,-11,9,-11,10,-12,9,-11,10,-12,10,-12,10,-11,10,-11,10,-9,11,-9,11,-8,11,-8,11,-7,10,-6,11,-5,0,0,0,0,0,0,0,0,0,0,0,0,0,0,0,0,0,0,0,0,0,0,5,-5,6,-5,7,-5,8,-6,8,-5,9,-5,9,-5,10,-5,10,-4,11,-4,11,-4,11,-4,11,-4,11,-4,11,-4,11,-5,11,-5,11,-5,11,-6,12,-7,12,-7,12,-8,11,-8,12,-9,12,-9,13,-9]"
CSI_DATA,269,1a:00:00:00:00:00,-46,11,0,0,0,0,0,0,0,0,0,-91,0,1,0,52827602,0,31,0,128,0,"[0,0,14,0,14,0,14,-1,14,0,14,0,14,-2,13,-2,14,-2,13,-1,13,-3,13,-3,13,-3,12,-3,13,-4,13,-3,13,-4,13,-3,14,-3,14,-2,13,-2,13,-1,13,-1,12,0,11,1,11,2,10,2,0,0,0,0,0,0,0,0,0,0,0,0,0,0,0,0,0,0,0,0,0,0,6,-1,7,0,8,0,8,0,9,1,9,1,9,2,9,2,10,3,10,3,10,3,10,4,10,4,10,3,10,3,10,3,10,2,10,3,11,2,11,1,12,2,13,0,13,1,14,1,14,0,14,1]"
[0;32mI (53009) ftm_responder: Counter = 53[0m
CSI_DATA,270,1a:00:00:00:00:00,-46,11,0,0,0,0,0,0,0,0,0,-91,0,1,0,53028965,0,31,0,128,0,"[0,0,15,-2,15,-3,15,-3,15,-3,15,-3,14,-4,14,-4,14,-4,13,-4,13,-5,13,-6,13,-6,13,-6,13,-6,13,-6,13,-7,14,-6,14,-6,14,-5,13,-4,13,-4,13,-3,12,-2,12,-2,12,-1,11,0,0,0,0,0,0,0,0,0,0,0,0,0,0,0,0,0,0,0,0,0,0,0,7,-2,7,-2,8,-1,9,-1,10,-1,10,0,10,1,10,1,11,1,11,2,11,2,11,2,12,2,12,1,11,2,12,1,12,1,12,0,13,0,13,-1,13,-1,14,-2,13,-1,15,-2,15,-2,16,-2]"
CSI_DATA,271,1a:00:00:00:00:00,-46,11,0,0,0,0,0,0,0,0,0,-91,0,1,0,53231345,0,31,0,128,0,"[0,0,9,12,9,12,10,12,10,11,10,11,9,11,10,10,10,10,10,9,10,8,11,8,11,8,11,8,12,8,11,8,12,8,12,8,12,9,11,9,10,9,9,10,9,10,8,9,7,10,6,9,5,9,0,0,0,0,0,0,0,0,0,0,0,0,0,0,0,0,0,0,0,0,0,0,5,5,5,6,5,6,5,7,5,8,4,9,4,10,4,10,3,10,3,10,4,11,4,11,4,11,4,11,4,11,4,11,5,11,5,10,6,11,6,11,7,11,7,11,7,11,9,12,9,12,10,12]"
CSI_DATA,272,1a:00:00:00:00:00,-46,11,0,0,0,0,0,0,0,0,0,-91,0,1,0,53429666,0,31,0,128,0,"[0,0,13,-8,13,-9,13,-9,12,-9,12,-9,12,-9,12,-9,11,-9,10,-9,10,-10,10,-11,9,-11,9,-11,10,-11,9,-12,9,-11,10,-11,10,-11,11,-10,11,-9,11,-9,11,-8,11,-7,11,-7,10,-6,10,-5,0,0,0,0,0,0,0,0,0,0,0,0,0,0,0,0,0,0,0,0,0,0,5,-5,6,-5,7,-5,8,-5,9,-5,9,-4,10,-4,10,-4,10,-3,11,-3,11,-3,11,-3,11,-4,11,-4,11,-3,11,-4,11,-4,11,-5,11,-5,12,-6,12,-6,12,-7,12,-7,12,-8,13,-9,13,-9]"
CSI_DATA,273,1a:00:00:00:00:00,-46,11,0,0,0,0,0,0,0,0,0,-91,0,1,0,53630807,0,31,0,128,0,"[0,0,-13,-10,-14,-9,-13,-9,-13,-9,-13,-9,-13,-8,-13,-8,-13,-7,-13,-7,-13,-6,-14,-6,-13,-6,-14,-5,-14,-5,-14,-5,-14,-6,-14,-6,-14,-6,-14,-7,-13,-7,-13,-7,-12,-8,-11,-8,-10,-8,-9,-8,-9,-9,0,0,0,0,0,0,0,0,0,0,0,0,0,0,0,0,0,0,0,0,0,0,-7,-5,-7,-6,-7,-6,-8,-7,-8,-7,-8,-8,-8,-9,-8,-9,-7,-10,-7,-10,-7,-10,-7,-10,-7,-10,-8,-10,-8,-10,-8,-10,-9,-10,-9,-9,-9,-10,-10,-9,-11,-9,-11,-9,-11,-9,-12,-9,-13,-9,-13,-10]"
CSI_DATA,274,1a:00:00:00:00:00,-46,11,0,0,0,0,0,0,0,0,0,-91,0,1,0,53832208,0,31,0,128,0,"[0,0,-6,14,-6,15,-6,15,-6,15,-6,14,-5,14,-5,14,-4,14,-4,14,-3,14,-3,14,-2,14,-3,14,-2,15,-2,14,-2,15,-3,15,-3,15,-4,14,-4,14,-4,13,-6,13,-6,12,-6,11,-6,11,-7,9,0,0,0,0,0,0,0,0,0,0,0,0,0,0,0,0,0,0,0,0,0,0,-2,7,-3,8,-4,8,-5,8,-5,9,-6,9,-7,9,-7,9,-8,9,-8,9,-8,9,-8,9,-8,9,-8,9,-8,9,-8,10,-8,10,-7,10,-7,11,-7,12,-7,12,-7,13,-6,13,-6,14,-6,14,-6,14]"
[0;32mI (54009) ftm_responder: Counter = 54[0m
CSI_DATA,275,1a:00:00:00:00:00,-46,11,0,0,0,0,0,0,0,0,0,-91,0,1,0,54033502,0,31,0,128,0,"[0,0,15,-4,14,-5,15,-5,14,-5,14,-5,14,-6,13,-6,13,-6,13,-6,12,-7,12,-7,12,-7,12,-8,12,-8,12,-8,12,-8,12,-8,13,-7,13,-7,13,-6,12,-5,13,-4,12,-4,12,-3,11,-2,11,-1,0,0,0,0,0,0,0,0,0,0,0,0,0,0,0,0,0,0,0,0,0,0,7,-3,7,-3,8,-3,9,-3,9,-3,10,-2,10,-1,11,-1,11,-1,11,0,11,0,11,0,12,0,12,0,12,0,12,-1,12,-1,11,-1,13,-2,12,-2,13,-3,13,-3,12,-3,14,-4,14,-5,15,-5]"
CSI_DATA,276,1a:00:00:00:00:00,-47,11,0,0,0,0,0,0,0,0,0,-91,0,1,0,54236056,0,31,0,128,0,"[0,0,1,-16,1,-16,0,-16,0,-17,0,-16,-1,-16,-1,-16,-1,-16,-2,-15,-2,-15,-3,-16,-3,-15,-3,-15,-3,-15,-3,-15,-3,-16,-3,-16,-3,-16,-2,-16,-2,-15,-1,-15,0,-14,1,-14,1,-14,2,-13,2,-12,0,0,0,0,0,0,0,0,0,0,0,0,0,0,0,0,0,0,0,0,0,0,-1,-9,0,-9,1,-10,1,-10,2,-11,2,-11,3,-12,3,-12,4,-12,4,-12,4,-12,5,-12,5,-12,5,-12,4,-12,4,-13,3,-12,3,-13,3,-13,2,-14,2,-14,1,-14,1,-15,1,-16,1,-16,1,-16]"
CSI_DATA,277,1a:00:00:00:00:00,-46,11,0,0,0,0,0,0,0,0,0,-91,0,1,0,54295369,0,42,0,128,0,"[0,0,-15,-5,-15,-5,-15,-5,-15,-5,-15,-5,-15,-4,-15,-4,-14,-3,-14,-3,-15,-2,-15,-2,-14,-2,-14,-1,-15,-1,-15,-1,-16,-1,-15,-1,-15,-2,-15,-2,-15,-3,-14,-3,-13,-4,-13,-4,-13,-5,-12,-5,-10,-6,0,0,0,0,0,0,0,0,0,0,0,0,0,0,0,0,0,0,0,0,0,0,-8,-3,-8,-3,-9,-4,-9,-4,-9,-5,-9,-6,-10,-7,-10,-7,-10,-8,-9,-8,-10,-8,-10,-8,-10,-8,-10,-8,-10,-7,-10,-8,-10,-7,-11,-7,-11,-7,-12,-6,-12,-6,-13,-6,-13,-6,-14,-6,-15,-5,-15,-6]"
CSI_DATA,278,1a:00:00:00:00:00,-47,11,0,0,0,0,0,0,0,0,0,-91,0,1,0,54365888,0,31,0,128,0,"[0,0,15,4,15,3,15,3,15,3,15,2,14,2,14,2,14,1,14,1,14,1,14,0,14,0,14,0,14,0,14,0,15,0,15,0,15,1,15,1,14,2,14,2,13,3,12,4,12,4,11,4,10,5,0,0,0,0,0,0,0,0,0,0,0,0,0,0,0,0,0,0,0,0,0,0,7,1,8,1,8,2,9,2,9,3,9,4,10,5,9,5,9,6,9,6,10,6,9,6,10,6,10,6,10,6,11,6,10,6,10,5,11,4,12,4,12,4,12,4,13,4,14,4,14,3,15,4]"
CSI_DATA,279,1a:00:00:00:00:00,-47,11,0,0,0,0,0,0,0,0,0,-91,0,1,0,54567252,0,31,0,128,0,"[0,0,-5,15,-5,15,-5,15,-4,15,-5,14,-4,14,-4,15,-4,14,-3,14,-2,14,-1,14,-1,14,-1,14,-1,14,-1,14,-1,15,-1,15,-2,15,-2,15,-3,14,-3,14,-4,13,-5,12,-5,12,-5,11,-6,10,0,0,0,0,0,0,0,0,0,0,0,0,0,0,0,0,0,0,0,0,0,0,-2,7,-3,8,-3,8,-4,9,-5,9,-5,9,-6,10,-7,10,-7,9,-8,9,-8,10,-8,10,-8,9,-8,10,-8,9,-7,10,-7,10,-7,11,-7,11,-6,12,-6,12,-6,13,-6,13,-6,14,-5,15,-5,15]"
CSI_DATA,280,1a:00:00:00:00:00,-47,11,0,0,0,0,0,0,0,0,0,-91,0,1,0,54768118,0,31,0,128,0,"[0,0,-14,7,-14,8,-14,8,-14,8,-13,8,-13,8,-13,8,-12,8,-11,8,-11,9,-11,9,-10,9,-11,9,-10,10,-10,10,-11,10,-11,10,-12,10,-11,9,-12,8,-12,8,-12,7,-12,7,-12,6,-11,4,-11,3,0,0,0,0,0,0,0,0,0,0,0,0,0,0,0,0,0,0,0,0,0,0,-6,4,-7,4,-8,4,-9,4,-9,4,-10,3,-11,3,-11,3,-11,3,-12,2,-12,2,-12,2,-13,2,-12,2,-12,2,-12,3,-12,3,-12,3,-12,4,-13,5,-13,5,-13,6,-13,6,-14,7,-14,7,-14,7]"
CSI_DATA,281,1a:00:00:00:00:00,-47,11,0,0,0,0,0,0,0,0,0,-91,0,1,0,54969637,0,31,0,128,0,"[0,0,1,15,1,15,1,14,1,14,1,14,2,14,2,14,2,13,3,13,3,12,4,13,3,12,4,12,4,13,4,13,5,13,4,13,4,13,4,13,3,13,2,12,2,12,1,12,0,11,-1,11,-1,10,0,0,0,0,0,0,0,0,0,0,0,0,0,0,0,0,0,0,0,0,0,0,1,7,1,7,0,8,0,8,-1,9,-1,9,-2,10,-2,10,-2,10,-3,10,-3,11,-3,11,-3,11,-3,11,-3,11,-2,11,-2,11,-2,11,-2,12,-1,12,-1,12,0,13,0,13,0,14,0,15,1,15]"
[0;32mI (55009) ftm_responder: Counter = 55[0m
CSI_DATA,282,1a:00:00:00:00:00,-47,11,0,0,0,0,0,0,0,0,0,-91,0,1,0,55171648,0,31,0,128,0,"[0,0,9,12,9,12,9,12,9,11,9,11,9,11,9,10,9,10,9,9,10,9,10,9,10,8,11,8,11,8,11,8,11,8,11,9,11,9,10,9,10,9,9,9,8,9,7,9,7,9,6,9,5,9,0,0,0,0,0,0,0,0,0,0,0,0,0,0,0,0,0,0,0,0,0,0,5,5,5,5,5,6,5,7,5,7,5,8,5,9,4,9,4,10,4,10,4,10,4,11,4,10,4,10,4,10,5,10,5,11,5,10,6,10,7,10,7,11,7,11,8,11,9,11,10,11,9,12]"
CSI_DATA,283,1a:00:00:00:00:00,-46,11,0,0,0,0,0,0,0,0,0,-91,0,1,0,55371946,0,31,0,128,0,"[0,0,-9,13,-9,13,-9,13,-8,12,-9,13,-8,13,-8,12,-7,12,-7,12,-6,12,-6,13,-5,13,-6,13,-5,14,-5,13,-5,13,-6,13,-6,13,-6,13,-6,12,-7,11,-8,11,-7,10,-8,10,-8,9,-8,8,0,0,0,0,0,0,0,0,0,0,0,0,0,0,0,0,0,0,0,0,0,0,-3,6,-4,7,-5,7,-6,7,-6,7,-7,7,-8,7,-8,8,-9,7,-9,7,-9,8,-9,8,-9,8,-10,8,-9,8,-9,8,-9,8,-9,8,-9,9,-9,10,-9,10,-9,11,-8,11,-9,12,-9,13,-9,13]"
CSI_DATA,284,1a:00:00:00:00:00,-46,11,0,0,0,0,0,0,0,0,0,-91,0,1,0,55572987,0,31,0,128,0,"[0,0,10,-12,10,-13,10,-12,10,-12,10,-12,10,-12,9,-12,9,-12,8,-12,8,-12,7,-13,7,-13,7,-13,6,-13,6,-13,7,-13,7,-13,7,-13,8,-13,8,-11,8,-11,8,-10,8,-10,8,-9,8,-8,8,-7,0,0,0,0,0,0,0,0,0,0,0,0,0,0,0,0,0,0,0,0,0,0,3,-6,4,-7,5,-7,6,-7,6,-7,7,-7,8,-7,8,-7,9,-7,9,-6,9,-7,9,-7,10,-7,10,-7,10,-7,10,-7,9,-8,9,-8,10,-9,10,-9,10,-9,10,-10,10,-10,10,-12,10,-12,10,-12]"
CSI_DATA,285,1a:00:00:00:00:00,-47,11,0,0,0,0,0,0,0,0,0,-91,0,1,0,55774389,0,31,0,128,0,"[0,0,16,1,15,1,16,1,15,1,15,0,15,0,15,0,15,0,14,-1,14,-1,14,-2,14,-2,14,-2,14,-3,14,-2,15,-2,15,-2,15,-2,14,-1,14,0,13,0,13,1,12,1,12,1,11,2,10,3,0,0,0,0,0,0,0,0,0,0,0,0,0,0,0,0,0,0,0,0,0,0,7,-1,8,-1,8,0,9,0,9,0,10,1,10,2,10,3,11,3,11,4,11,4,11,4,11,4,11,4,11,4,11,3,12,3,12,3,12,2,13,2,13,2,14,1,14,2,15,1,16,1,16,1]"
CSI_DATA,286,1a:00:00:00:00:00,-47,11,0,0,0,0,0,0,0,0,0,-91,0,1,0,55834787,0,42,0,128,0,"[0,0,12,-10,12,-11,12,-11,12,-11,12,-11,11,-10,11,-11,11,-11,10,-11,9,-11,9,-12,8,-12,9,-12,9,-13,8,-12,9,-12,9,-12,9,-12,10,-11,9,-10,9,-10,10,-9,10,-9,10,-8,9,-7,9,-6,0,0,0,0,0,0,0,0,0,0,0,0,0,0,0,0,0,0,0,0,0,0,4,-6,5,-6,6,-6,7,-6,8,-6,8,-6,9,-6,9,-6,10,-6,10,-5,10,-5,11,-6,11,-6,11,-6,11,-5,11,-6,11,-6,10,-6,11,-7,11,-8,11,-8,11,-9,11,-9,12,-10,12,-11,12,-11]"
CSI_DATA,287,1a:00:00:00:00:00,-47,11,0,0,0,0,0,0,0,0,0,-91,0,1,0,55897613,0,31,0,128,0,"[0,0,15,5,15,4,15,4,15,4,15,3,15,3,14,3,14,2,14,2,14,1,14,1,14,0,14,0,14,0,14,0,15,0,15,1,15,1,14,2,13,2,13,2,13,3,12,3,11,4,11,4,10,5,0,0,0,0,0,0,0,0,0,0,0,0,0,0,0,0,0,0,0,0,0,0,7,1,7,1,8,2,9,2,9,3,9,4,9,4,9,5,10,5,9,6,10,6,10,6,10,6,10,6,10,6,10,6,11,6,11,5,12,5,12,5,13,5,13,4,13,5,14,4,15,4,15,4]"
[0;32mI (56009) ftm_responder: Counter = 56[0m
CSI_DATA,288,1a:00:00:00:00:00,-47,11,0,0,0,0,0,0,0,0,0,-91,0,1,0,56098546,0,31,0,128,0,"[0,0,10,-12,10,-13,10,-12,9,-12,9,-12,9,-13,8,-12,8,-12,7,-12,7,-13,6,-13,6,-13,6,-13,6,-13,6,-13,6,-13,6,-14,6,-13,7,-13,7,-12,7,-12,7,-11,8,-10,8,-10,8,-9,8,-8,0,0,0,0,0,0,0,0,0,0,0,0,0,0,0,0,0,0,0,0,0,0,3,-6,4,-7,5,-7,6,-7,6,-7,7,-7,8,-7,8,-7,9,-7,9,-7,9,-7,10,-7,10,-7,10,-7,10,-7,9,-8,9,-8,9,-8,9,-9,9,-10,9,-10,9,-11,10,-11,10,-12,10,-13,10,-12]"
CSI_DATA,289,1a:00:00:00:00:00,-47,11,0,0,0,0,0,0,0,0,0,-91,0,1,0,56303342,0,31,0,128,0,"[0,0,-10,-14,-10,-14,-10,-13,-10,-13,-10,-13,-10,-13,-10,-12,-10,-12,-11,-11,-11,-10,-11,-11,-11,-10,-11,-10,-12,-10,-12,-10,-12,-10,-12,-10,-12,-11,-11,-11,-10,-11,-10,-11,-9,-11,-8,-10,-8,-11,-7,-11,-6,-11,0,0,0,0,0,0,0,0,0,0,0,0,0,0,0,0,0,0,0,0,0,0,-5,-6,-5,-7,-5,-7,-6,-8,-5,-9,-5,-10,-5,-10,-5,-11,-4,-11,-4,-11,-5,-12,-4,-12,-5,-12,-5,-12,-5,-12,-5,-12,-5,-12,-6,-12,-6,-12,-7,-12,-7,-12,-8,-13,-8,-13,-9,-13,-10,-14,-10,-14]"
CSI_DATA,290,1a:00:00:00:00:00,-47,11,0,0,0,0,0,0,0,0,0,-91,0,1,0,56501933,0,31,0,128,0,"[0,0,-8,14,-8,14,-8,14,-7,14,-7,13,-7,13,-6,14,-6,13,-5,13,-4,13,-4,13,-4,13,-4,13,-4,14,-3,13,-3,14,-4,14,-4,14,-4,13,-5,13,-5,12,-6,12,-6,11,-6,11,-7,9,-7,9,0,0,0,0,0,0,0,0,0,0,0,0,0,0,0,0,0,0,0,0,0,0,-3,6,-4,6,-4,7,-5,7,-6,7,-6,8,-7,8,-7,8,-8,8,-8,8,-9,8,-9,8,-9,8,-9,8,-9,8,-8,9,-8,9,-8,9,-8,10,-8,11,-8,11,-8,12,-8,12,-8,13,-8,14,-8,14]"
CSI_DATA,291,1a:00:00:00:00:00,-47,11,0,0,0,0,0,0,0,0,0,-91,0,1,0,56702088,0,31,0,128,0,"[0,0,15,-1,16,-1,16,-1,15,-1,15,-1,15,-2,15,-2,14,-2,14,-2,14,-3,14,-4,13,-4,13,-4,13,-5,13,-4,14,-4,14,-4,14,-4,14,-3,13,-2,13,-2,13,-1,12,-1,12,0,11,1,11,2,0,0,0,0,0,0,0,0,0,0,0,0,0,0,0,0,0,0,0,0,0,0,6,-2,7,-1,8,-1,9,-1,9,-1,10,0,10,1,10,1,10,2,11,2,11,2,11,2,11,2,11,2,11,2,11,2,12,2,12,1,13,1,13,0,13,0,14,0,14,0,15,-1,16,-1,16,0]"
CSI_DATA,292,1a:00:00:00:00:00,-47,11,0,0,0,0,0,0,0,0,0,-91,0,1,0,56904813,0,31,0,128,0,"[0,0,-17,-3,-17,-3,-17,-3,-16,-3,-16,-2,-16,-2,-16,-2,-15,-1,-15,-1,-15,-1,-15,0,-15,1,-15,1,-15,2,-15,1,-15,1,-15,1,-16,0,-15,0,-15,-1,-14,-1,-14,-2,-13,-2,-13,-2,-12,-3,-11,-4,0,0,0,0,0,0,0,0,0,0,0,0,0,0,0,0,0,0,0,0,0,0,-8,-1,-8,-2,-9,-2,-10,-2,-10,-3,-10,-4,-11,-4,-11,-5,-11,-5,-11,-6,-11,-6,-11,-6,-12,-6,-12,-6,-12,-6,-12,-5,-12,-5,-12,-5,-13,-5,-14,-4,-14,-4,-15,-4,-15,-4,-16,-3,-17,-3,-17,-4]"
[0;32mI (57009) ftm_responder: Counter = 57[0m
CSI_DATA,293,1a:00:00:00:00:00,-47,11,0,0,0,0,0,0,0,0,0,-91,0,1,0,57104761,0,31,0,128,0,"[0,0,-16,1,-16,2,-16,2,-16,2,-16,2,-15,2,-15,3,-14,3,-14,3,-14,4,-14,4,-13,4,-13,5,-14,5,-13,5,-14,5,-14,5,-14,4,-14,4,-14,3,-14,2,-13,2,-13,1,-13,1,-12,0,-11,-1,0,0,0,0,0,0,0,0,0,0,0,0,0,0,0,0,0,0,0,0,0,0,-7,1,-8,1,-9,1,-9,1,-10,1,-10,0,-11,-1,-11,-1,-11,-1,-12,-2,-12,-2,-12,-2,-12,-2,-12,-2,-12,-2,-12,-1,-13,-1,-13,-1,-14,0,-14,1,-14,1,-15,1,-14,1,-15,2,-16,2,-16,2]"
CSI_DATA,294,1a:00:00:00:00:00,-47,11,0,0,0,0,0,0,0,0,0,-91,0,1,0,57305655,0,31,0,128,0,"[0,0,-17,2,-17,2,-17,2,-16,2,-17,2,-16,2,-16,2,-15,3,-15,3,-14,4,-14,4,-14,5,-14,5,-15,5,-14,5,-15,5,-15,5,-15,5,-15,4,-14,3,-14,2,-14,1,-13,1,-13,0,-13,0,-12,-1,0,0,0,0,0,0,0,0,0,0,0,0,0,0,0,0,0,0,0,0,0,0,-8,1,-8,1,-9,1,-10,1,-10,1,-11,0,-11,-1,-12,-1,-12,-2,-12,-2,-13,-2,-13,-2,-13,-2,-13,-2,-13,-2,-13,-1,-14,-1,-13,-1,-15,0,-15,0,-15,0,-15,1,-15,1,-17,2,-17,2,-17,2]"
CSI_DATA,295,1a:00:00:00:00:00,-47,11,0,0,0,0,0,0,0,0,0,-91,0,1,0,57366022,0,42,0,128,0,"[0,0,-14,9,-14,9,-13,9,-13,9,-13,8,-13,8,-12,9,-12,9,-11,9,-11,9,-10,10,-10,10,-10,10,-10,10,-10,11,-10,10,-11,11,-10,10,-11,10,-11,9,-11,8,-11,8,-11,7,-11,6,-10,5,-11,4,0,0,0,0,0,0,0,0,0,0,0,0,0,0,0,0,0,0,0,0,0,0,-6,4,-7,4,-8,4,-8,4,-9,4,-9,4,-10,4,-10,4,-11,3,-12,3,-12,3,-12,3,-12,3,-12,4,-12,3,-12,4,-12,4,-12,5,-12,5,-12,6,-13,6,-13,7,-13,7,-13,8,-14,9,-14,8]"
CSI_DATA,296,1a:00:00:00:00:00,-47,11,0,0,0,0,0,0,0,0,0,-91,0,1,0,57437390,0,31,0,128,0,"[0,0,-2,-17,-2,-17,-2,-17,-2,-16,-2,-16,-2,-16,-3,-15,-3,-15,-4,-15,-4,-15,-5,-14,-5,-14,-5,-14,-5,-14,-5,-14,-5,-15,-5,-15,-5,-15,-4,-15,-3,-14,-3,-14,-1,-14,-1,-13,-1,-13,0,-12,1,-12,0,0,0,0,0,0,0,0,0,0,0,0,0,0,0,0,0,0,0,0,0,0,-2,-8,-2,-8,-1,-9,-1,-10,-1,-10,0,-11,0,-11,1,-11,1,-12,2,-12,1,-12,1,-12,2,-12,2,-12,2,-12,1,-13,1,-13,0,-13,0,-14,0,-14,0,-14,-1,-15,-1,-15,-2,-16,-2,-16,-2,-17]"
CSI_DATA,297,1a:00:00:00:00:00,-47,11,0,0,0,0,0,0,0,0,0,-91,0,1,0,57638419,0,31,0,128,0,"[0,0,13,-9,13,-10,13,-10,13,-10,13,-10,12,-10,12,-10,11,-10,11,-10,10,-11,10,-11,9,-11,9,-12,9,-12,9,-12,9,-12,10,-12,10,-12,10,-11,10,-10,10,-9,10,-9,10,-8,10,-7,10,-6,10,-5,0,0,0,0,0,0,0,0,0,0,0,0,0,0,0,0,0,0,0,0,0,0,5,-5,6,-5,7,-5,8,-5,8,-5,9,-5,10,-5,10,-4,10,-4,11,-4,11,-4,11,-4,12,-4,11,-4,12,-4,11,-5,11,-5,11,-6,12,-6,12,-7,12,-8,12,-8,12,-8,13,-9,13,-10,14,-10]"
CSI_DATA,298,1a:00:00:00:00:00,-46,11,0,0,0,0,0,0,0,0,0,-91,0,1,0,57839614,0,31,0,128,0,"[0,0,14,7,14,6,14,6,14,6,13,6,13,6,13,5,13,5,13,4,13,4,13,3,13,3,13,3,13,3,13,3,13,3,13,3,13,4,13,4,13,4,12,4,11,5,10,6,10,6,9,6,8,6,0,0,0,0,0,0,0,0,0,0,0,0,0,0,0,0,0,0,0,0,0,0,7,2,7,2,7,3,8,3,8,4,8,5,8,6,8,6,8,6,8,7,9,7,8,7,9,7,9,7,8,7,9,7,9,7,10,7,10,6,11,6,11,6,12,6,12,6,13,6,14,6,14,7]"
[0;32mI (58009) ftm_responder: Counter = 58[0m
CSI_DATA,299,1a:00:00:00:00:00,-46,11,0,0,0,0,0,0,0,0,0,-91,0,1,0,58040872,0,31,0,128,0,"[0,0,-13,10,-13,10,-13,10,-13,10,-13,9,-12,10,-12,10,-11,10,-11,10,-10,11,-10,11,-10,11,-10,11,-9,12,-9,11,-10,11,-10,12,-10,11,-10,11,-10,10,-10,10,-11,9,-11,8,-11,7,-11,6,-11,5,0,0,0,0,0,0,0,0,0,0,0,0,0,0,0,0,0,0,0,0,0,0,-6,5,-7,5,-8,5,-8,5,-9,5,-9,5,-10,5,-10,5,-11,4,-11,4,-12,4,-12,4,-12,4,-12,4,-12,4,-12,5,-12,5,-12,6,-12,7,-12,8,-12,7,-12,8,-12,8,-13,9,-14,10,-14,10]"
CSI_DATA,300,1a:00:00:00:00:00,-46,11,0,0,0,0,0,0,0,0,0,-91,0,1,0,58241972,0,31,0,128,0,"[0,0,8,13,8,13,8,13,8,12,9,12,8,12,8,11,8,11,9,10,9,10,9,9,9,9,9,9,10,9,10,9,10,9,10,10,10,10,10,10,9,10,8,10,7,10,7,10,6,10,5,10,4,10,0,0,0,0,0,0,0,0,0,0,0,0,0,0,0,0,0,0,0,0,0,0,4,6,4,6,4,7,4,7,4,8,4,9,4,9,3,10,3,10,3,10,3,11,3,11,3,11,3,11,3,11,4,11,4,11,5,11,6,11,6,11,6,11,7,11,7,12,8,12,8,13,8,13]"
CSI_DATA,301,1a:00:00:00:00:00,-46,11,0,0,0,0,0,0,0,0,0,-91,0,1,0,58443581,0,31,0,128,0,"[0,0,6,-15,6,-15,6,-15,6,-15,6,-15,6,-14,5,-14,5,-14,4,-14,3,-14,3,-14,3,-14,3,-14,3,-14,3,-14,3,-15,3,-14,4,-14,3,-14,4,-13,4,-13,5,-12,5,-12,6,-11,6,-10,6,-9,0,0,0,0,0,0,0,0,0,0,0,0,0,0,0,0,0,0,0,0,0,0,1,-7,2,-8,3,-8,3,-9,4,-9,4,-9,5,-10,5,-10,6,-10,6,-9,7,-10,7,-10,7,-10,7,-10,7,-10,6,-11,6,-11,6,-11,6,-12,6,-13,6,-13,6,-13,6,-13,6,-15,6,-15,6,-15]"
CSI_DATA,302,1a:00:00:00:00:00,-46,11,0,0,0,0,0,0,0,0,0,-91,0,1,0,58644518,0,31,0,128,0,"[0,0,15,-4,15,-5,15,-5,14,-5,14,-5,14,-5,14,-5,13,-5,12,-6,12,-6,12,-7,12,-7,12,-7,12,-8,12,-7,12,-7,13,-7,13,-7,13,-6,13,-5,12,-5,12,-4,12,-4,12,-3,11,-2,10,-1,0,0,0,0,0,0,0,0,0,0,0,0,0,0,0,0,0,0,0,0,0,0,6,-3,6,-3,7,-3,8,-3,8,-3,9,-2,9,-2,10,-2,10,-1,10,-1,11,-1,11,-1,11,-1,11,-1,11,-1,11,-2,11,-2,11,-2,13,-3,13,-3,13,-3,13,-4,13,-4,15,-5,15,-5,15,-5]"
CSI_DATA,303,1a:00:00:00:00:00,-47,11,0,0,0,0,0,0,0,0,0,-91,0,1,0,58845580,0,31,0,128,0,"[0,0,14,8,13,7,14,7,13,6,13,6,13,6,13,5,13,5,12,4,13,4,13,3,12,3,13,3,13,2,13,2,14,2,13,2,14,3,13,3,13,4,12,4,12,4,11,5,10,5,9,5,9,6,0,0,0,0,0,0,0,0,0,0,0,0,0,0,0,0,0,0,0,0,0,0,6,2,7,3,7,3,7,4,7,4,8,5,8,6,8,6,8,7,8,7,8,8,8,8,8,8,9,8,9,8,9,7,9,8,10,7,10,7,11,7,11,7,12,7,12,7,13,7,14,7,14,8]"
CSI_DATA,304,1a:00:00:00:00:00,-47,11,0,0,0,0,0,0,0,0,0,-91,0,1,0,58906200,0,42,0,128,0,"[0,0,15,0,15,-1,15,-1,15,0,15,-1,15,-1,14,-1,13,-2,13,-2,13,-2,13,-3,13,-3,13,-4,13,-4,13,-4,13,-4,14,-4,13,-3,13,-2,13,-2,13,-1,12,-1,12,0,12,0,11,1,10,2,0,0,0,0,0,0,0,0,0,0,0,0,0,0,0,0,0,0,0,0,0,0,6,-2,7,-1,8,-1,8,-1,9,-1,9,0,10,1,10,1,10,1,11,2,11,2,11,2,11,2,11,2,11,2,12,2,12,1,12,1,12,1,13,0,13,0,14,0,14,0,15,0,15,-1,15,0]"
CSI_DATA,305,1a:00:00:00:00:00,-47,11,0,0,0,0,0,0,0,0,0,-91,0,1,0,58969587,0,31,0,128,0,"[0,0,12,-12,12,-12,11,-12,11,-11,11,-12,10,-11,10,-11,10,-11,9,-11,8,-12,8,-12,7,-12,7,-13,7,-13,8,-12,7,-13,8,-13,8,-12,8,-12,9,-11,8,-11,9,-10,9,-9,9,-9,9,-8,9,-7,0,0,0,0,0,0,0,0,0,0,0,0,0,0,0,0,0,0,0,0,0,0,4,-6,4,-6,6,-7,6,-7,7,-7,7,-7,8,-7,9,-7,9,-7,10,-6,10,-7,10,-7,10,-7,10,-7,10,-7,10,-8,10,-7,10,-8,10,-9,11,-9,11,-9,11,-10,11,-11,11,-12,12,-12,12,-12]"
[0;32mI (59009) ftm_responder: Counter = 59[0m
CSI_DATA,306,1a:00:00:00:00:00,-47,11,0,0,0,0,0,0,0,0,0,-91,0,1,0,59170706,0,31,0,128,0,"[0,0,2,-17,1,-17,1,-17,1,-17,1,-17,1,-16,0,-16,0,-15,-1,-15,-2,-15,-2,-15,-2,-15,-3,-15,-3,-15,-3,-15,-3,-15,-3,-15,-3,-15,-2,-15,-1,-15,-1,-15,0,-14,0,-14,1,-13,1,-12,2,-12,0,0,0,0,0,0,0,0,0,0,0,0,0,0,0,0,0,0,0,0,0,0,-1,-8,0,-9,0,-9,1,-10,2,-10,2,-11,2,-11,3,-11,3,-12,4,-12,4,-12,4,-12,4,-12,4,-12,4,-12,3,-13,4,-13,3,-13,3,-14,3,-14,2,-14,2,-15,2,-15,2,-17,1,-17,2,-17]"
CSI_DATA,307,1a:00:00:00:00:00,-46,11,0,0,0,0,0,0,0,0,0,-91,0,1,0,59371835,0,31,0,128,0,"[0,0,14,-7,14,-8,14,-8,13,-8,14,-8,13,-8,13,-8,12,-8,11,-8,11,-9,11,-9,10,-9,10,-10,11,-10,10,-10,11,-10,11,-10,11,-10,11,-9,11,-8,11,-8,12,-7,11,-6,11,-6,10,-5,10,-4,0,0,0,0,0,0,0,0,0,0,0,0,0,0,0,0,0,0,0,0,0,0,5,-5,6,-5,7,-5,8,-5,8,-5,9,-4,10,-4,10,-4,11,-3,11,-3,11,-3,11,-3,12,-4,12,-4,12,-3,12,-4,12,-4,11,-4,13,-5,13,-6,13,-5,13,-6,13,-7,14,-8,14,-8,15,-8]"
CSI_DATA,308,1a:00:00:00:00:00,-47,11,0,0,0,0,0,0,0,0,0,-91,0,1,0,59573639,0,31,0,128,0,"[0,0,11,10,12,10,12,9,12,10,11,9,11,9,11,8,11,8,11,7,11,7,12,6,11,6,11,6,12,5,13,5,12,5,12,6,12,6,12,7,11,7,10,7,10,7,9,8,9,8,8,8,6,8,0,0,0,0,0,0,0,0,0,0,0,0,0,0,0,0,0,0,0,0,0,0,6,3,6,4,6,4,6,5,7,6,6,6,7,8,6,8,7,8,6,9,7,9,6,9,6,9,7,9,6,9,7,9,7,9,8,9,8,9,9,9,9,9,10,9,10,10,11,9,11,9,12,10]"
CSI_DATA,309,1a:00:00:00:00:00,-47,11,0,0,0,0,0,0,0,0,0,-91,0,1,0,59774357,0,31,0,128,0,"[0,0,14,-7,14,-8,14,-7,13,-7,13,-7,13,-8,12,-8,12,-8,11,-8,11,-8,11,-9,10,-9,10,-9,10,-10,10,-9,11,-10,10,-9,11,-9,11,-9,11,-8,11,-8,11,-7,11,-6,11,-5,11,-4,10,-3,0,0,0,0,0,0,0,0,0,0,0,0,0,0,0,0,0,0,0,0,0,0,5,-5,6,-5,7,-5,8,-5,8,-4,9,-4,9,-4,10,-4,10,-3,11,-3,11,-3,11,-3,12,-3,11,-3,11,-3,11,-4,11,-4,11,-4,12,-5,12,-6,12,-6,13,-6,13,-6,14,-7,14,-7,14,-7]"
CSI_DATA,310,1a:00:00:00:00:00,-47,11,0,0,0,0,0,0,0,0,0,-91,0,1,0,59975570,0,31,0,128,0,"[0,0,16,-2,16,-2,16,-2,15,-2,15,-2,15,-2,14,-3,14,-3,13,-3,13,-4,13,-5,13,-5,13,-5,13,-5,13,-5,13,-6,14,-5,14,-5,13,-4,13,-4,13,-3,13,-2,12,-2,12,-1,11,-1,11,0,0,0,0,0,0,0,0,0,0,0,0,0,0,0,0,0,0,0,0,0,0,0,7,-2,7,-2,8,-2,9,-2,9,-1,10,0,10,0,11,1,11,1,11,1,12,2,12,2,12,1,12,1,12,1,12,1,12,1,12,0,13,0,14,0,14,-1,14,-1,14,-1,16,-2,16,-2,16,-2]"
[0;32mI (60009) ftm_responder: Counter = 60[0m
CSI_DATA,311,1a:00:00:00:00:00,-47,11,0,0,0,0,0,0,0,0,0,-91,0,1,0,60177202,0,31,0,128,0,"[0,0,6,14,6,14,6,14,6,14,6,14,6,14,6,13,6,12,6,12,7,11,8,11,8,11,8,11,8,11,9,11,9,11,8,11,8,11,7,12,7,12,6,12,5,11,5,11,4,11,3,11,2,11,0,0,0,0,0,0,0,0,0,0,0,0,0,0,0,0,0,0,0,0,0,0,4,6,4,6,4,7,4,8,3,8,3,9,3,10,3,10,2,11,2,11,2,12,2,11,2,12,2,12,2,12,3,12,2,12,3,12,3,12,4,12,4,12,5,13,5,13,6,14,6,14,6,15]"
CSI_DATA,312,1a:00:00:00:00:00,-47,11,0,0,0,0,0,0,0,0,0,-91,0,1,0,60377891,0,31,0,128,0,"[0,0,0,16,1,16,0,16,1,15,0,15,1,14,1,15,2,14,2,13,3,14,3,13,3,13,3,13,3,13,4,13,4,13,4,14,3,14,3,14,3,13,2,13,1,13,0,12,-1,12,-1,11,-2,11,0,0,0,0,0,0,0,0,0,0,0,0,0,0,0,0,0,0,0,0,0,0,1,7,1,7,1,8,1,9,0,9,0,10,-1,11,-1,11,-2,11,-2,11,-3,12,-3,12,-3,12,-3,12,-3,12,-2,12,-2,12,-1,12,-1,13,-1,13,0,13,0,14,0,14,0,15,0,16,0,16]"
CSI_DATA,313,1a:00:00:00:00:00,-47,11,0,0,0,0,0,0,0,0,0,-91,0,1,0,60438280,0,42,0,128,0,"[0,0,-16,0,-16,1,-16,1,-16,1,-16,1,-15,1,-15,1,-14,1,-14,2,-14,3,-14,4,-13,4,-13,4,-14,4,-13,4,-14,4,-14,4,-14,3,-15,3,-14,2,-14,2,-13,1,-13,1,-13,1,-12,0,-12,-2,0,0,0,0,0,0,0,0,0,0,0,0,0,0,0,0,0,0,0,0,0,0,-7,1,-8,1,-9,1,-10,1,-10,0,-11,-1,-11,-1,-11,-2,-12,-2,-12,-2,-12,-2,-12,-2,-13,-2,-12,-2,-13,-2,-13,-2,-13,-2,-13,-2,-14,-1,-14,-1,-14,-1,-15,0,-15,0,-16,1,-16,1,-16,0]"
CSI_DATA,314,1a:00:00:00:00:00,-47,11,0,0,0,0,0,0,0,0,0,-91,0,1,0,60513713,0,31,0,128,0,"[0,0,-1,16,-1,16,-1,16,-1,16,-1,15,-1,14,-1,14,0,14,1,14,2,14,3,14,2,13,3,13,3,13,3,13,3,14,2,14,2,14,2,14,1,13,0,13,-1,13,-1,12,-1,12,-2,11,-3,11,0,0,0,0,0,0,0,0,0,0,0,0,0,0,0,0,0,0,0,0,0,0,1,7,1,8,0,8,0,9,-1,9,-1,10,-2,10,-3,11,-3,11,-3,11,-3,12,-3,11,-3,12,-3,12,-3,12,-3,12,-3,13,-2,12,-3,13,-2,13,-2,14,-2,14,-1,15,0,15,-1,16,-1,17]"
CSI_DATA,315,1a:00:00:00:00:00,-47,11,0,0,0,0,0,0,0,0,0,-91,0,1,0,60714491,0,31,0,128,0,"[0,0,-10,-14,-10,-14,-10,-14,-10,-13,-10,-13,-10,-13,-10,-12,-10,-11,-10,-11,-10,-10,-11,-10,-11,-10,-11,-10,-12,-10,-11,-10,-12,-10,-11,-10,-11,-11,-11,-11,-10,-11,-10,-11,-9,-11,-8,-11,-7,-11,-6,-11,-6,-11,0,0,0,0,0,0,0,0,0,0,0,0,0,0,0,0,0,0,0,0,0,0,-6,-6,-6,-7,-6,-7,-6,-8,-6,-8,-6,-10,-6,-10,-5,-11,-5,-11,-5,-11,-5,-12,-5,-12,-5,-12,-5,-12,-5,-12,-6,-12,-6,-12,-6,-12,-7,-13,-7,-12,-8,-12,-8,-13,-8,-13,-9,-13,-10,-14,-10,-14]"
CSI_DATA,316,1a:00:00:00:00:00,-47,11,0,0,0,0,0,0,0,0,0,-91,0,1,0,60915843,0,31,0,128,0,"[0,0,6,-16,5,-16,5,-16,5,-15,5,-15,5,-15,4,-15,4,-14,3,-14,2,-14,2,-15,2,-14,1,-15,1,-15,1,-15,1,-15,1,-15,2,-15,2,-15,3,-14,3,-14,3,-13,4,-12,4,-12,4,-11,5,-10,0,0,0,0,0,0,0,0,0,0,0,0,0,0,0,0,0,0,0,0,0,0,1,-8,2,-8,2,-9,3,-10,4,-9,4,-10,5,-10,5,-10,6,-10,7,-10,7,-11,7,-11,7,-10,7,-11,7,-11,6,-11,6,-12,6,-11,7,-13,6,-13,6,-13,6,-14,6,-14,6,-15,6,-16,6,-16]"
[0;32mI (61009) ftm_responder: Counter = 61[0m
CSI_DATA,317,1a:00:00:00:00:00,-47,11,0,0,0,0,0,0,0,0,0,-91,0,1,0,61117000,0,31,0,128,0,"[0,0,-14,7,-14,7,-14,7,-13,7,-13,7,-13,7,-13,7,-12,7,-12,7,-11,8,-11,9,-10,9,-10,9,-11,9,-10,9,-11,9,-10,9,-11,9,-11,9,-11,8,-11,7,-11,6,-11,6,-11,6,-11,4,-11,4,0,0,0,0,0,0,0,0,0,0,0,0,0,0,0,0,0,0,0,0,0,0,-6,4,-7,4,-8,4,-8,4,-9,4,-10,4,-10,3,-11,3,-11,3,-12,3,-12,3,-12,3,-12,3,-12,3,-12,3,-12,3,-12,3,-12,4,-13,5,-13,5,-13,5,-13,6,-13,6,-14,7,-14,8,-14,7]"
CSI_DATA,318,1a:00:00:00:00:00,-47,11,0,0,0,0,0,0,0,0,0,-91,0,1,0,61318838,0,31,0,128,0,"[0,0,-14,-9,-14,-9,-14,-9,-14,-9,-13,-8,-13,-8,-13,-8,-13,-7,-13,-7,-13,-6,-14,-5,-14,-5,-13,-5,-14,-4,-14,-5,-14,-4,-14,-5,-14,-5,-14,-6,-13,-6,-13,-7,-12,-7,-11,-7,-11,-7,-10,-7,-9,-8,0,0,0,0,0,0,0,0,0,0,0,0,0,0,0,0,0,0,0,0,0,0,-7,-4,-8,-4,-8,-5,-9,-5,-9,-6,-9,-7,-9,-8,-9,-8,-9,-9,-9,-9,-9,-9,-9,-9,-9,-9,-9,-9,-9,-9,-10,-9,-10,-9,-10,-9,-11,-9,-11,-9,-11,-9,-12,-9,-12,-9,-14,-9,-14,-9,-14,-9]"
CSI_DATA,319,1a:00:00:00:00:00,-47,11,0,0,0,0,0,0,0,0,0,-91,0,1,0,61520180,0,31,0,128,0,"[0,0,16,-3,15,-3,16,-3,15,-3,15,-3,14,-3,14,-4,13,-4,13,-4,13,-5,13,-6,12,-6,12,-6,12,-6,12,-6,12,-7,13,-6,13,-6,13,-5,13,-4,13,-4,13,-3,12,-3,12,-3,11,-1,11,-1,0,0,0,0,0,0,0,0,0,0,0,0,0,0,0,0,0,0,0,0,0,0,6,-3,7,-3,8,-2,9,-2,9,-2,10,-1,10,-1,10,0,11,0,11,0,12,1,12,0,12,0,12,0,12,0,12,0,12,0,12,-1,13,-1,13,-1,13,-2,14,-2,14,-2,15,-3,16,-3,16,-3]"
CSI_DATA,320,1a:00:00:00:00:00,-47,11,0,0,0,0,0,0,0,0,0,-91,0,1,0,61720490,0,31,0,128,0,"[0,0,-17,-3,-17,-2,-17,-2,-16,-2,-16,-2,-16,-1,-15,-1,-15,-1,-15,0,-14,0,-15,1,-14,1,-14,2,-15,2,-14,2,-15,2,-15,2,-15,1,-15,1,-15,0,-14,0,-14,-1,-13,-1,-13,-2,-12,-2,-12,-3,0,0,0,0,0,0,0,0,0,0,0,0,0,0,0,0,0,0,0,0,0,0,-8,-1,-9,-1,-9,-1,-10,-2,-10,-2,-11,-3,-11,-4,-11,-4,-11,-5,-11,-5,-12,-5,-12,-5,-12,-5,-12,-5,-12,-5,-12,-5,-13,-5,-12,-4,-14,-4,-14,-3,-14,-3,-15,-3,-15,-3,-16,-3,-17,-2,-17,-3]"
CSI_DATA,321,1a:00:00:00:00:00,-47,11,0,0,0,0,0,0,0,0,0,-91,0,1,0,61921645,0,31,0,128,0,"[0,0,11,-12,11,-13,11,-13,10,-12,10,-13,9,-12,9,-13,9,-12,8,-12,7,-13,7,-13,6,-13,7,-13,6,-14,6,-14,6,-14,7,-14,7,-13,7,-13,7,-12,8,-12,8,-11,8,-10,8,-10,8,-8,9,-8,0,0,0,0,0,0,0,0,0,0,0,0,0,0,0,0,0,0,0,0,0,0,4,-7,4,-7,5,-7,6,-8,6,-8,7,-8,8,-8,8,-8,9,-8,10,-7,10,-8,10,-7,10,-8,10,-7,10,-8,10,-9,10,-9,10,-9,10,-10,10,-10,10,-10,10,-11,10,-11,11,-12,11,-13,11,-13]"
CSI_DATA,322,1a:00:00:00:00:00,-47,11,0,0,0,0,0,0,0,0,0,-91,0,1,0,61982027,0,42,0,128,0,"[0,0,7,-15,7,-15,7,-15,7,-14,7,-14,7,-14,6,-14,6,-14,5,-14,4,-14,4,-14,3,-14,3,-14,3,-15,3,-14,3,-15,3,-15,4,-14,4,-14,4,-13,5,-13,5,-13,6,-12,6,-11,6,-10,7,-10,0,0,0,0,0,0,0,0,0,0,0,0,0,0,0,0,0,0,0,0,0,0,2,-8,3,-8,3,-8,4,-9,5,-9,5,-9,6,-9,6,-9,7,-9,8,-9,8,-9,8,-9,8,-10,8,-10,8,-10,8,-10,8,-10,7,-11,8,-11,8,-12,7,-12,7,-13,7,-13,8,-14,8,-15,8,-15]"
[0;32mI (62009) ftm_responder: Counter = 62[0m
CSI_DATA,323,1a:00:00:00:00:00,-47,11,0,0,0,0,0,0,0,0,0,-91,0,1,0,62042655,0,31,0,128,0,"[0,0,-16,6,-16,7,-16,6,-15,6,-15,6,-14,7,-14,7,-13,7,-13,7,-12,7,-12,8,-12,8,-12,8,-12,9,-12,9,-12,9,-12,9,-12,9,-12,8,-12,8,-12,7,-12,6,-12,5,-12,5,-12,4,-12,3,0,0,0,0,0,0,0,0,0,0,0,0,0,0,0,0,0,0,0,0,0,0,-7,3,-8,3,-9,3,-9,3,-10,3,-11,3,-11,2,-11,2,-12,2,-12,1,-13,1,-13,1,-13,1,-13,1,-13,2,-13,2,-13,2,-13,3,-14,3,-14,4,-14,5,-15,5,-14,5,-16,6,-16,6,-16,6]"
CSI_DATA,324,1a:00:00:00:00:00,-47,11,0,0,0,0,0,0,0,0,0,-91,0,1,0,62243414,0,31,0,128,0,"[0,0,13,-8,13,-8,13,-8,13,-8,12,-8,12,-8,12,-9,11,-9,10,-9,10,-9,10,-10,10,-10,9,-10,9,-10,9,-10,9,-10,10,-11,10,-10,10,-9,10,-9,10,-8,10,-8,10,-7,10,-6,10,-5,10,-4,0,0,0,0,0,0,0,0,0,0,0,0,0,0,0,0,0,0,0,0,0,0,5,-5,6,-5,7,-5,7,-5,8,-5,9,-4,9,-5,9,-4,10,-4,11,-3,11,-3,11,-3,11,-4,11,-4,11,-4,11,-4,11,-4,11,-5,12,-6,12,-6,12,-6,12,-7,12,-7,13,-8,13,-8,13,-8]"
CSI_DATA,325,1a:00:00:00:00:00,-47,11,0,0,0,0,0,0,0,0,0,-91,0,1,0,62444853,0,31,0,128,0,"[0,0,11,10,11,10,11,9,11,9,10,9,10,9,10,8,10,8,10,7,11,7,11,6,11,6,11,6,11,6,11,6,12,6,11,6,11,6,11,7,11,7,10,7,9,7,8,7,8,7,7,8,6,8,0,0,0,0,0,0,0,0,0,0,0,0,0,0,0,0,0,0,0,0,0,0,5,3,5,4,6,5,6,5,6,6,6,7,6,8,6,8,5,8,5,8,6,9,6,9,6,9,6,9,6,9,6,9,6,9,7,9,7,9,8,9,9,9,9,9,9,9,10,9,10,9,11,10]"
CSI_DATA,326,1a:00:00:00:00:00,-47,11,0,0,0,0,0,0,0,0,0,-91,0,1,0,62645731,0,31,0,128,0,"[0,0,-2,-16,-2,-16,-1,-16,-2,-16,-2,-16,-2,-16,-3,-15,-2,-15,-3,-15,-4,-14,-5,-14,-4,-14,-5,-14,-5,-14,-5,-14,-5,-14,-5,-14,-5,-15,-5,-15,-4,-14,-3,-14,-2,-13,-2,-13,-1,-13,0,-12,0,-12,0,0,0,0,0,0,0,0,0,0,0,0,0,0,0,0,0,0,0,0,0,0,-2,-8,-1,-9,-1,-9,-1,-10,0,-10,0,-11,0,-11,1,-11,1,-12,2,-12,2,-13,2,-12,2,-12,2,-12,2,-12,1,-13,1,-13,1,-13,1,-14,0,-15,0,-14,-1,-15,-1,-15,-1,-16,-2,-16,-1,-17]"
CSI_DATA,327,1a:00:00:00:00:00,-47,11,0,0,0,0,0,0,0,0,0,-91,0,1,0,62846888,0,31,0,128,0,"[0,0,3,-15,3,-15,3,-16,2,-15,3,-15,2,-15,1,-15,1,-14,0,-14,0,-14,-1,-14,-1,-14,0,-14,-1,-14,-1,-14,-1,-15,-1,-15,-1,-15,0,-14,0,-14,0,-14,1,-13,2,-12,2,-12,3,-11,4,-11,0,0,0,0,0,0,0,0,0,0,0,0,0,0,0,0,0,0,0,0,0,0,0,-8,1,-8,1,-8,2,-9,2,-9,3,-10,3,-10,4,-10,4,-10,5,-10,5,-11,5,-11,5,-11,5,-11,5,-11,4,-11,4,-12,4,-12,4,-13,4,-13,3,-13,3,-14,3,-14,3,-15,3,-16,3,-16]"
[0;32mI (63009) ftm_responder: Counter = 63[0m
CSI_DATA,328,1a:00:00:00:00:00,-47,11,0,0,0,0,0,0,0,0,0,-91,0,1,0,63048787,0,31,0,128,0,"[0,0,-13,-10,-14,-10,-13,-10,-13,-10,-13,-9,-13,-9,-13,-8,-12,-8,-13,-7,-13,-7,-14,-6,-13,-6,-13,-6,-14,-6,-14,-6,-14,-6,-14,-6,-14,-6,-13,-7,-12,-7,-12,-7,-11,-8,-11,-8,-10,-8,-10,-8,-8,-8,0,0,0,0,0,0,0,0,0,0,0,0,0,0,0,0,0,0,0,0,0,0,-7,-5,-7,-5,-7,-5,-7,-6,-7,-7,-7,-8,-8,-8,-7,-9,-7,-9,-7,-9,-8,-10,-8,-10,-8,-10,-8,-10,-8,-10,-9,-10,-9,-9,-9,-10,-10,-10,-10,-9,-10,-9,-11,-9,-12,-10,-13,-9,-13,-10,-13,-10]"
CSI_DATA,329,1a:00:00:00:00:00,-46,11,0,0,0,0,0,0,0,0,0,-91,0,1,0,63249742,0,31,0,128,0,"[0,0,-15,-5,-16,-5,-15,-5,-15,-4,-14,-4,-15,-4,-15,-3,-14,-3,-14,-3,-14,-2,-14,-2,-14,-2,-14,-2,-14,-1,-14,-1,-14,-1,-15,-1,-14,-2,-14,-2,-14,-3,-13,-3,-13,-4,-12,-4,-12,-5,-11,-5,-10,-6,0,0,0,0,0,0,0,0,0,0,0,0,0,0,0,0,0,0,0,0,0,0,-8,-2,-8,-2,-9,-3,-9,-3,-9,-3,-9,-4,-10,-4,-10,-5,-10,-5,-10,-6,-10,-6,-10,-6,-11,-6,-11,-6,-10,-6,-11,-6,-11,-6,-12,-5,-12,-5,-13,-4,-13,-5,-14,-4,-14,-5,-15,-5,-15,-5,-15,-5]"
CSI_DATA,330,1a:00:00:00:00:00,-46,11,0,0,0,0,0,0,0,0,0,-91,0,1,0,63450563,0,31,0,128,0,"[0,0,15,2,15,2,15,2,14,1,14,1,14,1,14,1,14,0,14,0,14,-1,14,-1,13,-2,13,-2,14,-2,14,-2,14,-2,14,-1,14,-1,14,-1,14,0,13,1,12,1,12,2,12,2,11,3,10,4,0,0,0,0,0,0,0,0,0,0,0,0,0,0,0,0,0,0,0,0,0,0,7,0,7,1,8,1,8,1,8,2,9,3,9,3,9,3,9,4,9,4,10,4,10,4,10,4,10,4,10,4,10,4,10,4,11,3,11,3,12,3,12,2,13,2,13,2,14,2,15,1,15,2]"
CSI_DATA,331,1a:00:00:00:00:00,-46,11,0,0,0,0,0,0,0,0,0,-91,0,1,0,63510940,0,42,0,128,0,"[0,0,4,-16,4,-16,4,-17,4,-15,4,-16,3,-15,3,-16,3,-15,2,-15,1,-15,1,-15,1,-15,0,-15,0,-16,0,-15,0,-16,1,-16,1,-16,1,-16,2,-15,2,-15,4,-14,4,-13,4,-13,4,-12,5,-11,0,0,0,0,0,0,0,0,0,0,0,0,0,0,0,0,0,0,0,0,0,0,1,-8,2,-9,2,-9,3,-10,4,-9,4,-10,5,-10,5,-10,6,-10,6,-10,6,-11,6,-11,6,-11,6,-11,6,-11,5,-11,5,-12,5,-12,5,-13,5,-13,5,-14,4,-14,4,-14,4,-15,4,-16,4,-17]"
CSI_DATA,332,1a:00:00:00:00:00,-46,11,0,0,0,0,0,0,0,0,0,-91,0,1,0,63577965,0,31,0,128,0,"[0,0,13,8,13,8,13,7,13,7,12,7,13,7,12,6,12,6,12,5,13,5,13,4,12,3,13,3,13,3,13,4,13,4,14,4,13,4,13,5,13,5,12,6,11,6,11,6,10,7,9,6,8,7,0,0,0,0,0,0,0,0,0,0,0,0,0,0,0,0,0,0,0,0,0,0,6,3,6,4,7,4,7,5,7,5,7,6,7,7,7,7,7,8,7,8,7,8,7,8,8,8,8,8,7,8,8,8,8,8,9,8,9,8,10,7,10,7,11,7,11,7,12,8,13,8,13,8]"
CSI_DATA,333,1a:00:00:00:00:00,-46,11,0,0,0,0,0,0,0,0,0,-91,0,1,0,63779048,0,31,0,128,0,"[0,0,16,-2,15,-2,15,-2,15,-2,15,-2,14,-2,14,-3,14,-3,13,-3,13,-4,13,-5,13,-5,13,-5,13,-6,13,-5,14,-5,13,-5,14,-5,14,-4,13,-3,13,-3,13,-3,12,-2,12,-1,11,0,11,0,0,0,0,0,0,0,0,0,0,0,0,0,0,0,0,0,0,0,0,0,0,0,7,-2,8,-2,8,-2,9,-1,9,-1,10,0,10,0,10,1,11,1,11,1,11,2,11,2,12,1,12,1,12,1,11,1,12,1,11,0,13,0,13,-1,13,-1,14,-1,14,-1,15,-2,15,-2,16,-2]"
CSI_DATA,334,1a:00:00:00:00:00,-46,11,0,0,0,0,0,0,0,0,0,-91,0,1,0,63980528,0,31,0,128,0,"[0,0,-17,-3,-17,-2,-17,-2,-16,-2,-17,-2,-16,-1,-16,-1,-15,-1,-15,0,-15,0,-15,0,-15,1,-15,1,-15,2,-15,2,-16,2,-16,2,-16,1,-15,1,-15,0,-15,0,-14,-1,-14,-2,-13,-2,-12,-3,-12,-4,0,0,0,0,0,0,0,0,0,0,0,0,0,0,0,0,0,0,0,0,0,0,-8,-1,-9,-1,-9,-1,-10,-1,-10,-2,-10,-3,-11,-3,-11,-4,-11,-4,-11,-5,-12,-5,-12,-5,-12,-5,-12,-5,-12,-5,-13,-4,-13,-4,-13,-4,-14,-3,-14,-3,-14,-3,-15,-2,-15,-3,-17,-2,-16,-2,-17,-3]"
[0;32mI (64009) ftm_responder: Counter = 64[0m
CSI_DATA,335,1a:00:00:00:00:00,-47,11,0,0,0,0,0,0,0,0,0,-91,0,1,0,64181500,0,31,0,128,0,"[0,0,16,0,16,-1,16,-1,16,-1,16,-1,15,-1,15,-2,15,-2,14,-2,14,-3,14,-4,13,-4,14,-4,14,-5,14,-4,14,-5,14,-5,14,-4,14,-3,14,-2,14,-2,13,-1,13,-1,13,-1,12,0,11,1,0,0,0,0,0,0,0,0,0,0,0,0,0,0,0,0,0,0,0,0,0,0,7,-1,7,-1,8,-1,9,-1,9,0,9,1,10,1,10,2,11,2,11,2,11,2,11,2,12,2,12,2,11,2,12,2,12,2,12,1,13,1,13,0,13,1,14,0,14,0,15,-1,16,-1,16,-1]"
CSI_DATA,336,1a:00:00:00:00:00,-47,11,0,0,0,0,0,0,0,0,0,-91,0,1,0,64383114,0,31,0,128,0,"[0,0,-12,11,-12,11,-12,11,-12,11,-11,11,-11,11,-11,11,-10,11,-9,11,-9,11,-9,12,-8,11,-8,12,-8,12,-8,12,-8,12,-9,13,-9,12,-9,12,-9,11,-10,10,-9,10,-10,9,-10,8,-10,7,-10,6,0,0,0,0,0,0,0,0,0,0,0,0,0,0,0,0,0,0,0,0,0,0,-5,5,-5,6,-6,6,-7,6,-7,6,-8,6,-9,6,-9,6,-10,6,-11,5,-10,6,-11,6,-11,6,-11,6,-11,6,-11,7,-11,7,-10,7,-11,7,-11,8,-11,9,-11,9,-11,10,-12,11,-12,11,-12,11]"
CSI_DATA,337,1a:00:00:00:00:00,-47,11,0,0,0,0,0,0,0,0,0,-91,0,1,0,64584529,0,31,0,128,0,"[0,0,15,4,15,4,15,3,14,4,14,3,14,3,14,3,13,2,13,2,13,1,14,1,13,0,13,0,14,0,13,0,14,0,14,0,14,1,14,1,13,2,13,2,13,2,12,2,11,3,11,4,10,5,0,0,0,0,0,0,0,0,0,0,0,0,0,0,0,0,0,0,0,0,0,0,6,1,7,1,7,1,8,2,8,2,8,3,9,4,9,5,9,5,9,5,9,6,9,6,10,5,10,6,10,6,10,5,10,5,10,5,11,4,12,4,12,4,13,4,13,4,14,4,15,4,15,4]"
CSI_DATA,338,1a:00:00:00:00:00,-46,11,0,0,0,0,0,0,0,0,0,-91,0,1,0,64785131,0,31,0,128,0,"[0,0,-8,14,-9,14,-9,14,-8,14,-8,13,-7,14,-7,14,-7,13,-6,13,-5,13,-5,14,-5,13,-5,13,-4,14,-4,14,-4,14,-5,15,-5,14,-5,14,-6,13,-6,13,-7,12,-7,11,-8,10,-8,9,-8,9,0,0,0,0,0,0,0,0,0,0,0,0,0,0,0,0,0,0,0,0,0,0,-3,6,-3,7,-4,7,-5,8,-5,8,-6,8,-7,8,-7,8,-8,9,-9,8,-9,9,-9,9,-9,9,-9,9,-9,9,-9,10,-9,10,-8,9,-8,10,-8,11,-8,11,-8,12,-8,13,-8,14,-8,14,-8,14]"
CSI_DATA,339,1a:00:00:00:00:00,-46,11,0,0,0,0,0,0,0,0,0,-91,0,1,0,64986281,0,31,0,128,0,"[0,0,-7,-14,-8,-14,-8,-14,-7,-14,-8,-14,-8,-13,-8,-13,-8,-12,-8,-12,-9,-12,-9,-12,-9,-11,-9,-11,-10,-11,-10,-11,-10,-11,-10,-12,-9,-12,-9,-12,-8,-12,-8,-12,-7,-11,-6,-11,-6,-11,-4,-11,-4,-11,0,0,0,0,0,0,0,0,0,0,0,0,0,0,0,0,0,0,0,0,0,0,-4,-6,-5,-7,-5,-7,-4,-8,-4,-9,-4,-10,-4,-10,-4,-11,-3,-11,-3,-11,-3,-12,-3,-12,-3,-12,-3,-12,-3,-11,-4,-12,-4,-12,-4,-12,-5,-12,-6,-12,-6,-12,-6,-13,-7,-13,-7,-14,-7,-14,-7,-14]"
[0;32mI (65019) ftm_responder: Counter = 65[0m
CSI_DATA,340,1a:00:00:00:00:00,-46,11,0,0,0,0,0,0,0,0,0,-91,0,1,0,65046654,0,42,0,128,0,"[0,0,-10,-13,-10,-14,-10,-13,-10,-13,-10,-13,-10,-12,-10,-12,-10,-12,-10,-11,-11,-11,-11,-11,-10,-10,-11,-10,-11,-10,-12,-10,-12,-10,-12,-11,-11,-10,-11,-11,-10,-11,-9,-11,-9,-11,-8,-11,-7,-11,-6,-11,-5,-11,0,0,0,0,0,0,0,0,0,0,0,0,0,0,0,0,0,0,0,0,0,0,-6,-6,-6,-6,-6,-7,-6,-8,-6,-8,-6,-9,-5,-10,-5,-10,-5,-11,-4,-11,-5,-12,-5,-12,-5,-12,-5,-12,-5,-12,-6,-12,-6,-12,-6,-12,-6,-12,-7,-12,-8,-12,-8,-12,-9,-13,-9,-13,-10,-14,-10,-14]"
CSI_DATA,341,1a:00:00:00:00:00,-46,11,0,0,0,0,0,0,0,0,0,-91,0,1,0,65113707,0,31,0,128,0,"[0,0,-9,-14,-9,-14,-9,-14,-9,-14,-9,-13,-9,-13,-9,-13,-9,-12,-9,-12,-10,-11,-11,-11,-10,-10,-10,-10,-11,-11,-11,-11,-11,-11,-11,-11,-11,-11,-10,-11,-9,-12,-9,-12,-8,-11,-8,-11,-7,-11,-6,-11,-5,-11,0,0,0,0,0,0,0,0,0,0,0,0,0,0,0,0,0,0,0,0,0,0,-5,-6,-5,-7,-5,-7,-5,-8,-5,-9,-5,-10,-5,-10,-4,-11,-4,-11,-4,-11,-4,-12,-4,-12,-4,-12,-4,-12,-4,-12,-5,-12,-5,-12,-5,-12,-6,-12,-7,-13,-7,-12,-7,-13,-8,-13,-9,-13,-9,-14,-9,-14]"
CSI_DATA,342,1a:00:00:00:00:00,-46,11,0,0,0,0,0,0,0,0,0,-91,0,1,0,65315180,0,31,0,128,0,"[0,0,14,5,14,4,14,4,14,4,14,4,14,4,14,3,13,3,13,2,13,2,13,2,13,1,13,1,14,0,13,1,14,1,14,1,14,2,13,2,13,2,12,3,12,3,11,3,11,4,10,5,9,5,0,0,0,0,0,0,0,0,0,0,0,0,0,0,0,0,0,0,0,0,0,0,6,1,7,1,7,2,8,2,8,3,8,4,9,4,9,5,9,5,9,6,9,6,9,6,9,6,9,6,9,6,10,6,10,6,10,5,11,5,12,5,12,5,12,4,12,5,14,4,14,4,14,5]"
CSI_DATA,343,1a:00:00:00:00:00,-46,11,0,0,0,0,0,0,0,0,0,-91,0,1,0,65516390,0,31,0,128,0,"[0,0,11,10,11,9,11,10,11,9,11,9,11,9,11,8,11,8,11,7,11,6,12,6,12,6,12,6,12,5,12,6,12,6,12,6,12,6,12,6,11,6,11,7,10,7,9,7,9,7,8,7,7,8,0,0,0,0,0,0,0,0,0,0,0,0,0,0,0,0,0,0,0,0,0,0,5,4,5,4,6,5,6,6,6,6,6,7,6,8,6,8,6,9,5,9,6,10,5,10,5,10,6,9,6,9,6,9,6,9,7,9,8,9,8,9,9,9,10,9,9,9,10,9,11,10,11,10]"
CSI_DATA,344,1a:00:00:00:00:00,-46,11,0,0,0,0,0,0,0,0,0,-91,0,1,0,65717294,0,31,0,128,0,"[0,0,12,9,12,9,12,9,12,9,11,8,11,8,11,8,11,7,11,7,12,6,12,6,12,5,12,5,12,5,12,5,12,5,12,6,12,6,12,6,11,6,11,7,10,7,9,7,9,7,8,7,7,8,0,0,0,0,0,0,0,0,0,0,0,0,0,0,0,0,0,0,0,0,0,0,6,3,6,3,6,4,7,5,7,5,7,6,7,7,6,8,7,8,6,8,7,9,6,9,7,9,7,9,7,9,7,9,7,9,8,8,8,8,9,8,9,8,10,8,10,9,11,9,12,9,12,9]"
CSI_DATA,345,1a:00:00:00:00:00,-46,11,0,0,0,0,0,0,0,0,0,-91,0,1,0,65918854,0,31,0,128,0,"[0,0,-12,11,-13,10,-13,11,-12,10,-12,11,-12,11,-11,10,-10,11,-10,10,-9,11,-9,11,-9,11,-9,11,-9,12,-8,11,-9,12,-9,12,-9,12,-10,11,-9,10,-10,10,-10,9,-10,8,-10,8,-10,7,-10,6,0,0,0,0,0,0,0,0,0,0,0,0,0,0,0,0,0,0,0,0,0,0,-5,5,-6,5,-7,5,-8,6,-8,5,-9,5,-10,5,-10,5,-11,5,-11,5,-11,5,-11,5,-12,5,-12,5,-12,5,-11,5,-11,6,-11,6,-12,7,-11,7,-11,8,-12,8,-11,9,-12,10,-13,11,-12,10]"
[0;32mI (66019) ftm_responder: Counter = 66[0m
CSI_DATA,346,1a:00:00:00:00:00,-46,11,0,0,0,0,0,0,0,0,0,-91,0,1,0,66119660,0,31,0,128,0,"[0,0,5,15,6,14,6,14,6,14,6,14,6,13,6,13,6,13,6,12,7,11,7,11,7,11,7,11,8,11,8,11,8,12,8,12,7,12,7,12,6,12,6,12,5,12,4,11,3,11,2,11,1,11,0,0,0,0,0,0,0,0,0,0,0,0,0,0,0,0,0,0,0,0,0,0,3,6,3,6,3,7,3,8,3,8,2,9,2,10,2,10,2,11,1,11,1,11,1,11,1,11,1,11,1,11,2,11,2,12,2,11,3,12,3,12,4,12,5,13,4,13,5,14,5,14,6,14]"
CSI_DATA,347,1a:00:00:00:00:00,-46,11,0,0,0,0,0,0,0,0,0,-91,0,1,0,66321061,0,31,0,128,0,"[0,0,-14,-9,-14,-9,-14,-9,-14,-8,-14,-9,-13,-8,-13,-7,-13,-7,-13,-7,-13,-6,-14,-6,-14,-5,-14,-5,-14,-5,-14,-5,-15,-5,-14,-5,-14,-6,-14,-6,-13,-6,-13,-6,-12,-7,-11,-7,-11,-7,-10,-8,-9,-8,0,0,0,0,0,0,0,0,0,0,0,0,0,0,0,0,0,0,0,0,0,0,-7,-4,-7,-5,-7,-5,-8,-6,-8,-6,-8,-8,-8,-8,-8,-9,-8,-9,-8,-9,-8,-10,-8,-10,-8,-10,-8,-9,-8,-9,-9,-9,-9,-9,-9,-9,-10,-9,-11,-9,-11,-9,-12,-9,-12,-9,-13,-9,-13,-9,-14,-10]"
CSI_DATA,348,1a:00:00:00:00:00,-46,11,0,0,0,0,0,0,0,0,0,-91,0,1,0,66522136,0,31,0,128,0,"[0,0,10,-13,10,-13,10,-13,10,-13,9,-13,9,-13,9,-13,8,-13,7,-13,7,-13,6,-14,6,-13,6,-13,6,-14,6,-14,6,-14,6,-14,6,-14,6,-13,7,-13,7,-12,8,-12,8,-11,8,-10,8,-9,8,-8,0,0,0,0,0,0,0,0,0,0,0,0,0,0,0,0,0,0,0,0,0,0,4,-7,4,-7,5,-7,6,-7,7,-7,7,-7,8,-7,8,-7,9,-7,9,-7,9,-7,10,-7,10,-7,10,-7,10,-7,9,-8,9,-8,9,-9,9,-9,9,-10,9,-10,9,-11,9,-11,10,-12,10,-13,10,-13]"
CSI_DATA,349,1a:00:00:00:00:00,-46,11,0,0,0,0,0,0,0,0,0,-91,0,1,0,66582408,0,42,0,128,0,"[0,0,-13,10,-14,10,-13,10,-13,9,-13,10,-12,10,-12,10,-11,10,-11,10,-11,10,-10,10,-10,11,-10,11,-10,11,-10,11,-10,11,-11,11,-11,10,-11,10,-10,9,-11,9,-11,8,-11,7,-11,7,-11,6,-11,5,0,0,0,0,0,0,0,0,0,0,0,0,0,0,0,0,0,0,0,0,0,0,-6,5,-6,5,-8,5,-8,5,-9,5,-9,5,-10,5,-10,5,-11,4,-11,4,-12,4,-12,4,-12,4,-12,4,-12,4,-12,5,-12,5,-11,5,-12,6,-12,7,-12,7,-12,8,-12,8,-13,9,-13,10,-13,9]"
CSI_DATA,350,1a:00:00:00:00:00,-47,11,0,0,0,0,0,0,0,0,0,-91,0,1,0,66651285,0,31,0,128,0,"[0,0,2,16,2,15,3,16,2,15,2,15,3,15,3,14,3,14,4,14,4,12,5,14,5,13,5,13,6,13,5,13,6,14,5,13,4,14,4,14,4,13,3,13,2,13,2,12,1,12,0,12,-1,12,0,0,0,0,0,0,0,0,0,0,0,0,0,0,0,0,0,0,0,0,0,0,2,7,2,8,1,8,1,9,0,9,0,10,-1,11,-1,11,-1,11,-2,11,-2,12,-2,12,-2,12,-2,11,-2,12,-1,12,-1,12,0,12,0,13,0,13,1,13,1,14,2,13,2,15,2,16,3,16]"
CSI_DATA,351,1a:00:00:00:00:00,-47,11,0,0,0,0,0,0,0,0,0,-91,0,1,0,66852081,0,31,0,128,0,"[0,0,0,-16,0,-16,0,-16,0,-16,0,-16,-1,-15,-1,-15,-2,-15,-2,-15,-2,-15,-3,-15,-3,-14,-3,-14,-4,-14,-4,-14,-4,-14,-3,-15,-3,-15,-3,-15,-2,-14,-2,-14,-1,-14,0,-13,0,-13,1,-12,1,-12,0,0,0,0,0,0,0,0,0,0,0,0,0,0,0,0,0,0,0,0,0,0,-1,-8,0,-8,0,-9,0,-9,1,-10,1,-10,2,-11,2,-11,3,-11,3,-11,3,-11,4,-12,4,-11,4,-12,3,-11,3,-12,2,-12,2,-12,2,-13,1,-13,1,-13,1,-14,0,-15,1,-15,1,-16,0,-16]"
[0;32mI (67019) ftm_responder: Counter = 67[0m
CSI_DATA,352,1a:00:00:00:00:00,-47,11,0,0,0,0,0,0,0,0,0,-91,0,1,0,67053650,0,31,0,128,0,"[0,0,15,-4,15,-5,15,-4,15,-4,15,-4,15,-4,14,-5,14,-5,13,-5,13,-6,13,-6,12,-7,12,-7,13,-7,12,-7,13,-7,13,-7,14,-6,13,-6,13,-5,13,-4,13,-4,13,-3,12,-3,11,-2,11,-1,0,0,0,0,0,0,0,0,0,0,0,0,0,0,0,0,0,0,0,0,0,0,7,-3,7,-3,8,-3,9,-3,9,-2,10,-1,11,-1,11,0,11,0,11,0,12,0,12,0,12,0,12,0,12,0,12,-1,12,-1,12,-1,13,-2,13,-2,13,-2,14,-3,14,-3,15,-4,15,-4,16,-4]"
CSI_DATA,353,1a:00:00:00:00:00,-46,11,0,0,0,0,0,0,0,0,0,-91,0,1,0,67254506,0,31,0,128,0,"[0,0,-11,11,-12,11,-12,11,-11,11,-11,11,-11,11,-10,11,-10,11,-9,11,-8,11,-8,12,-7,12,-7,12,-7,12,-7,12,-7,13,-8,12,-8,12,-9,11,-9,10,-10,11,-9,10,-9,9,-9,9,-9,7,-10,6,0,0,0,0,0,0,0,0,0,0,0,0,0,0,0,0,0,0,0,0,0,0,-5,6,-6,6,-7,6,-7,6,-8,6,-9,6,-9,6,-10,6,-10,6,-11,5,-11,6,-11,6,-11,6,-11,6,-11,6,-10,6,-11,6,-10,7,-11,8,-11,8,-11,8,-11,9,-11,9,-11,11,-11,11,-11,11]"
CSI_DATA,354,1a:00:00:00:00:00,-46,11,0,0,0,0,0,0,0,0,0,-91,0,1,0,67455612,0,31,0,128,0,"[0,0,-11,11,-12,11,-11,12,-11,11,-11,11,-11,11,-10,11,-9,11,-9,11,-8,11,-8,12,-8,12,-8,12,-7,12,-7,12,-7,12,-8,12,-8,12,-8,12,-9,11,-9,10,-9,10,-9,9,-9,9,-10,7,-10,6,0,0,0,0,0,0,0,0,0,0,0,0,0,0,0,0,0,0,0,0,0,0,-5,6,-6,6,-7,6,-7,6,-8,6,-9,6,-9,6,-10,6,-10,6,-11,6,-11,6,-11,6,-11,6,-11,6,-11,6,-11,7,-11,7,-10,7,-11,8,-11,9,-10,9,-11,9,-10,10,-11,11,-11,11,-11,11]"
CSI_DATA,355,1a:00:00:00:00:00,-46,11,0,0,0,0,0,0,0,0,0,-91,0,1,0,67578695,0,28,0,128,0,"[0,0,15,-4,15,-5,15,-5,15,-5,15,-5,14,-5,14,-6,13,-6,13,-6,12,-6,12,-7,12,-7,12,-8,12,-8,12,-7,12,-8,13,-8,13,-7,13,-7,13,-6,12,-5,13,-4,12,-4,12,-4,11,-3,11,-1,0,0,0,0,0,0,0,0,0,0,0,0,0,0,0,0,0,0,0,0,0,0,7,-3,7,-3,8,-3,9,-3,9,-3,10,-2,11,-1,11,-1,11,-1,11,-1,12,0,11,0,12,-1,12,-1,12,-1,12,-1,12,-1,12,-2,13,-2,13,-3,13,-3,14,-4,13,-4,15,-5,15,-5,15,-5]"
CSI_DATA,356,1a:00:00:00:00:00,-46,11,0,0,0,0,0,0,0,0,0,-91,0,1,0,67656872,0,31,0,128,0,"[0,0,-13,-10,-13,-10,-13,-9,-13,-9,-13,-9,-13,-8,-13,-8,-13,-7,-13,-7,-13,-6,-13,-6,-13,-6,-13,-6,-13,-5,-14,-6,-14,-5,-14,-6,-14,-6,-13,-6,-13,-7,-12,-7,-12,-7,-11,-7,-10,-8,-9,-8,-8,-8,0,0,0,0,0,0,0,0,0,0,0,0,0,0,0,0,0,0,0,0,0,0,-7,-5,-7,-5,-7,-6,-7,-6,-8,-7,-7,-8,-8,-9,-7,-9,-7,-10,-7,-10,-7,-10,-7,-10,-8,-10,-7,-10,-7,-10,-8,-10,-8,-10,-9,-10,-9,-9,-10,-9,-10,-9,-11,-9,-11,-9,-12,-9,-13,-10,-13,-10]"
CSI_DATA,357,1a:00:00:00:00:00,-46,11,0,0,0,0,0,0,0,0,0,-91,0,1,0,67858006,0,31,0,128,0,"[0,0,-16,-5,-16,-6,-15,-5,-15,-5,-15,-5,-15,-4,-15,-4,-14,-4,-15,-3,-15,-2,-15,-2,-14,-1,-14,-1,-15,-1,-15,-1,-15,-1,-15,-1,-15,-2,-15,-2,-14,-2,-14,-3,-13,-4,-13,-4,-12,-4,-11,-5,-11,-5,0,0,0,0,0,0,0,0,0,0,0,0,0,0,0,0,0,0,0,0,0,0,-8,-3,-8,-3,-9,-4,-9,-4,-9,-5,-9,-6,-10,-6,-10,-7,-10,-7,-10,-7,-10,-8,-10,-8,-10,-7,-10,-7,-10,-7,-11,-7,-11,-7,-11,-7,-12,-6,-13,-6,-13,-6,-13,-5,-14,-6,-15,-5,-15,-5,-15,-6]"
[0;32mI (68019) ftm_responder: Counter = 68[0m
CSI_DATA,358,1a:00:00:00:00:00,-46,11,0,0,0,0,0,0,0,0,0,-91,0,1,0,68059209,0,31,0,128,0,"[0,0,9,12,10,11,9,11,9,11,9,11,9,11,9,10,9,10,9,9,10,9,11,8,10,8,11,8,11,8,11,8,11,8,11,8,11,8,10,9,9,9,9,9,8,9,7,9,7,9,6,9,5,9,0,0,0,0,0,0,0,0,0,0,0,0,0,0,0,0,0,0,0,0,0,0,5,5,5,6,5,6,5,7,5,7,4,8,4,9,4,9,4,10,4,10,4,11,4,10,4,11,4,10,4,10,5,10,5,10,5,10,6,10,7,10,7,11,8,11,8,11,9,11,9,12,9,12]"
CSI_DATA,359,1a:00:00:00:00:00,-46,11,0,0,0,0,0,0,0,0,0,-91,0,1,0,68119554,0,42,0,128,0,"[0,0,8,14,8,13,8,14,8,13,8,13,7,12,8,12,8,11,8,11,8,10,9,10,9,10,9,10,10,10,10,10,10,10,9,10,9,11,9,10,8,11,7,11,6,11,5,11,5,11,4,10,3,10,0,0,0,0,0,0,0,0,0,0,0,0,0,0,0,0,0,0,0,0,0,0,4,5,5,6,4,7,5,7,4,8,4,9,4,10,3,10,3,11,3,10,3,11,3,11,3,11,3,11,3,11,4,11,4,11,4,11,5,11,5,12,5,11,6,12,6,12,7,13,8,13,8,14]"
CSI_DATA,360,1a:00:00:00:00:00,-46,11,0,0,0,0,0,0,0,0,0,-91,0,1,0,68187569,0,31,0,128,0,"[0,0,-5,15,-5,14,-4,15,-3,15,-4,14,-3,14,-3,14,-3,14,-3,13,-2,13,-2,14,-1,13,-1,14,0,14,0,13,0,14,-1,14,-1,14,-1,14,-2,13,-2,13,-3,12,-4,11,-4,11,-4,10,-5,10,0,0,0,0,0,0,0,0,0,0,0,0,0,0,0,0,0,0,0,0,0,0,-2,7,-2,7,-3,8,-4,8,-4,8,-5,9,-5,9,-6,9,-6,9,-7,9,-7,9,-7,9,-7,9,-7,9,-7,10,-6,10,-6,10,-5,10,-6,11,-6,11,-5,12,-5,13,-5,13,-5,14,-5,15,-5,15]"
CSI_DATA,361,1a:00:00:00:00:00,-46,11,0,0,0,0,0,0,0,0,0,-91,0,1,0,68387103,0,31,0,128,0,"[0,0,7,14,7,13,7,13,7,13,7,13,7,12,8,12,8,11,8,11,8,11,9,10,9,10,9,10,10,10,10,10,10,10,10,10,9,11,9,11,8,11,8,11,7,11,6,10,5,11,4,10,3,10,0,0,0,0,0,0,0,0,0,0,0,0,0,0,0,0,0,0,0,0,0,0,4,6,4,7,3,7,4,8,3,8,3,9,3,10,2,10,2,11,2,11,2,11,2,11,2,11,2,11,2,11,3,12,3,12,4,11,4,12,5,12,5,12,6,12,6,13,7,13,7,13,7,14]"
CSI_DATA,362,1a:00:00:00:00:00,-46,11,0,0,0,0,0,0,0,0,0,-91,0,1,0,68591426,0,31,0,128,0,"[0,0,4,15,5,15,4,15,5,14,4,14,4,14,5,13,5,13,5,13,6,12,6,12,6,12,6,12,7,12,7,12,7,12,7,12,6,13,6,13,5,12,4,12,4,12,3,12,2,12,1,11,1,11,0,0,0,0,0,0,0,0,0,0,0,0,0,0,0,0,0,0,0,0,0,0,3,6,3,7,3,7,3,8,2,9,2,10,2,10,1,10,1,11,1,11,0,11,0,11,0,11,0,11,1,11,1,12,1,12,1,11,2,12,3,12,3,13,4,13,4,13,4,14,4,15,5,15]"
CSI_DATA,363,1a:00:00:00:00:00,-46,11,0,0,0,0,0,0,0,0,0,-91,0,1,0,68790673,0,31,0,128,0,"[0,0,14,5,15,5,14,5,14,5,14,4,14,4,14,3,14,3,13,3,13,2,14,2,13,1,14,1,14,1,14,1,14,1,14,2,14,2,14,3,13,3,13,4,12,4,11,4,11,5,10,5,9,6,0,0,0,0,0,0,0,0,0,0,0,0,0,0,0,0,0,0,0,0,0,0,7,1,7,1,8,2,8,2,9,3,9,4,9,4,9,5,9,5,9,6,9,6,9,6,10,6,10,6,10,6,10,6,10,6,10,5,11,5,12,4,12,5,13,4,13,5,14,4,14,5,15,4]"
CSI_DATA,364,1a:00:00:00:00:00,-46,11,0,0,0,0,0,0,0,0,0,-91,0,1,0,68990806,0,31,0,128,0,"[0,0,7,14,6,14,7,14,7,13,7,14,6,13,7,13,7,12,7,12,8,11,9,11,8,10,8,11,9,11,9,10,10,11,9,11,9,11,9,11,8,11,7,11,7,11,5,11,5,11,4,10,3,11,0,0,0,0,0,0,0,0,0,0,0,0,0,0,0,0,0,0,0,0,0,0,3,6,3,7,3,7,3,8,2,8,2,10,2,10,2,10,2,11,1,11,1,12,1,11,1,11,1,11,1,12,2,11,2,12,3,11,3,12,4,12,4,12,5,13,5,13,6,14,6,14,7,15]"
[0;32mI (69019) ftm_responder: Counter = 69[0m
CSI_DATA,365,1a:00:00:00:00:00,-46,11,0,0,0,0,0,0,0,0,0,-91,0,1,0,69191981,0,31,0,128,0,"[0,0,15,0,15,-1,15,-1,14,-1,15,-1,14,-1,14,-2,13,-2,13,-2,13,-3,13,-4,13,-4,13,-4,13,-4,13,-4,13,-4,14,-4,14,-3,14,-3,13,-2,13,-1,12,-1,12,-1,11,0,11,1,10,2,0,0,0,0,0,0,0,0,0,0,0,0,0,0,0,0,0,0,0,0,0,0,6,-2,7,-2,8,-1,9,-1,9,-1,9,0,10,1,10,1,10,2,10,2,11,2,11,2,11,2,11,2,11,2,11,1,11,1,11,1,12,0,13,0,12,0,13,0,13,0,14,-1,15,-2,15,-1]"
CSI_DATA,366,1a:00:00:00:00:00,-46,11,0,0,0,0,0,0,0,0,0,-91,0,1,0,69393122,0,31,0,128,0,"[0,0,9,13,9,12,9,12,9,12,9,11,9,11,9,11,9,10,9,10,10,9,10,9,10,8,10,8,11,9,10,8,11,9,11,9,11,9,10,9,10,10,9,10,8,10,7,9,7,10,5,9,5,10,0,0,0,0,0,0,0,0,0,0,0,0,0,0,0,0,0,0,0,0,0,0,4,5,5,6,5,6,5,7,4,7,4,9,4,9,4,10,4,10,3,10,4,11,4,11,4,10,4,10,4,10,5,11,5,11,5,10,6,11,7,11,7,11,7,11,8,11,9,12,9,12,9,12]"
CSI_DATA,367,1a:00:00:00:00:00,-46,11,0,0,0,0,0,0,0,0,0,-91,0,1,0,69594269,0,31,0,128,0,"[0,0,-14,-9,-14,-8,-14,-9,-13,-8,-14,-8,-13,-8,-13,-7,-13,-7,-13,-6,-13,-6,-13,-5,-13,-5,-14,-5,-14,-5,-14,-5,-14,-5,-14,-5,-14,-6,-14,-6,-13,-6,-12,-6,-12,-7,-11,-7,-11,-7,-10,-8,-9,-8,0,0,0,0,0,0,0,0,0,0,0,0,0,0,0,0,0,0,0,0,0,0,-7,-4,-8,-4,-8,-5,-8,-5,-8,-6,-8,-7,-8,-7,-8,-8,-8,-8,-8,-8,-8,-9,-8,-9,-9,-9,-9,-9,-9,-9,-9,-9,-9,-9,-9,-8,-10,-8,-11,-8,-11,-8,-12,-8,-12,-8,-13,-8,-13,-8,-14,-9]"
CSI_DATA,368,1a:00:00:00:00:00,-46,11,0,0,0,0,0,0,0,0,0,-91,0,1,0,69654616,0,42,0,128,0,"[0,0,6,-15,6,-16,6,-15,6,-15,5,-15,5,-15,5,-15,5,-14,3,-14,3,-15,2,-15,2,-15,2,-15,2,-15,2,-15,2,-15,2,-16,3,-15,3,-15,3,-14,4,-14,5,-13,5,-12,5,-12,5,-11,6,-10,0,0,0,0,0,0,0,0,0,0,0,0,0,0,0,0,0,0,0,0,0,0,1,-8,2,-8,3,-9,3,-9,4,-10,5,-9,5,-10,6,-10,6,-10,7,-10,7,-10,7,-10,7,-10,7,-10,7,-10,7,-11,6,-11,6,-11,6,-12,6,-13,6,-13,6,-13,6,-14,6,-15,6,-15,6,-16]"
CSI_DATA,369,1a:00:00:00:00:00,-46,11,0,0,0,0,0,0,0,0,0,-91,0,1,0,69722168,0,31,0,128,0,"[0,0,-16,1,-17,2,-16,2,-16,1,-16,2,-16,2,-15,2,-15,3,-15,3,-14,3,-14,4,-13,4,-13,4,-14,5,-14,5,-14,5,-14,4,-15,4,-14,3,-14,3,-14,2,-14,1,-13,1,-13,1,-12,-1,-12,-2,0,0,0,0,0,0,0,0,0,0,0,0,0,0,0,0,0,0,0,0,0,0,-8,1,-8,1,-9,1,-10,1,-10,0,-11,-1,-11,-1,-11,-1,-12,-2,-12,-2,-12,-2,-12,-2,-13,-2,-12,-2,-12,-2,-13,-2,-13,-1,-13,-1,-13,-1,-14,0,-14,0,-15,1,-15,1,-16,1,-16,2,-16,1]"
CSI_DATA,370,1a:00:00:00:00:00,-46,11,0,0,0,0,0,0,0,0,0,-91,0,1,0,69923404,0,31,0,128,0,"[0,0,2,16,2,15,2,16,3,15,2,15,3,15,3,14,3,14,4,14,4,13,5,13,5,12,5,13,6,13,6,12,6,13,5,13,5,13,5,14,4,13,3,13,2,13,2,12,1,12,1,12,0,11,0,0,0,0,0,0,0,0,0,0,0,0,0,0,0,0,0,0,0,0,0,0,2,7,1,8,1,8,1,9,0,9,0,10,-1,11,-1,11,-2,11,-2,11,-2,12,-2,12,-2,12,-2,12,-2,12,-1,12,-1,12,0,12,0,13,0,13,0,13,1,14,1,14,2,15,2,15,2,16]"
[0;32mI (70019) ftm_responder: Counter = 70[0m
CSI_DATA,371,1a:00:00:00:00:00,-46,11,0,0,0,0,0,0,0,0,0,-91,0,1,0,70124610,0,31,0,128,0,"[0,0,-15,-8,-15,-8,-15,-8,-15,-7,-14,-7,-14,-7,-14,-6,-14,-6,-14,-5,-14,-5,-15,-4,-14,-3,-14,-3,-14,-3,-14,-3,-15,-3,-15,-3,-15,-4,-15,-4,-14,-5,-14,-5,-13,-6,-12,-6,-12,-6,-11,-6,-10,-7,0,0,0,0,0,0,0,0,0,0,0,0,0,0,0,0,0,0,0,0,0,0,-7,-4,-8,-4,-8,-5,-8,-5,-9,-6,-8,-7,-9,-7,-8,-8,-9,-9,-9,-9,-9,-9,-9,-9,-9,-9,-9,-9,-9,-8,-10,-9,-10,-8,-10,-8,-11,-8,-12,-8,-12,-8,-13,-8,-13,-8,-14,-7,-15,-7,-14,-8]"
CSI_DATA,372,1a:00:00:00:00:00,-46,11,0,0,0,0,0,0,0,0,0,-91,0,1,0,70326665,0,31,0,128,0,"[0,0,13,-11,12,-12,13,-12,12,-11,12,-11,12,-11,11,-11,11,-11,10,-11,9,-11,9,-13,8,-13,8,-13,9,-13,8,-13,8,-13,9,-13,9,-13,10,-12,10,-11,10,-11,10,-10,10,-9,10,-9,10,-8,10,-7,0,0,0,0,0,0,0,0,0,0,0,0,0,0,0,0,0,0,0,0,0,0,5,-6,6,-6,6,-6,7,-7,8,-6,9,-6,9,-6,10,-6,10,-6,11,-5,11,-6,11,-6,11,-6,11,-6,11,-6,11,-6,11,-7,10,-7,11,-8,12,-9,11,-8,12,-9,11,-9,12,-11,12,-12,12,-11]"
CSI_DATA,373,1a:00:00:00:00:00,-46,11,0,0,0,0,0,0,0,0,0,-91,0,1,0,70526856,0,31,0,128,0,"[0,0,10,-13,9,-13,10,-14,9,-13,9,-14,9,-13,8,-13,8,-13,7,-13,6,-13,6,-14,6,-13,6,-14,6,-15,5,-13,6,-15,6,-14,6,-15,6,-14,7,-13,7,-12,7,-12,7,-10,8,-10,8,-10,8,-8,0,0,0,0,0,0,0,0,0,0,0,0,0,0,0,0,0,0,0,0,0,0,4,-7,4,-7,5,-7,6,-8,6,-7,7,-8,8,-7,8,-7,9,-7,9,-7,9,-7,9,-7,10,-7,10,-7,10,-8,9,-8,10,-9,8,-8,10,-10,10,-10,9,-10,9,-11,9,-11,9,-13,10,-13,10,-13]"
CSI_DATA,374,1a:00:00:00:00:00,-46,11,0,0,0,0,0,0,0,0,0,-91,0,1,0,70728497,0,31,0,128,0,"[0,0,15,4,15,3,15,4,15,4,14,3,14,3,14,2,14,2,14,2,13,1,14,1,13,0,13,0,14,0,14,0,14,0,14,0,14,1,14,1,13,2,13,2,12,3,12,3,11,4,10,5,9,5,0,0,0,0,0,0,0,0,0,0,0,0,0,0,0,0,0,0,0,0,0,0,7,1,7,1,8,1,8,2,9,2,9,3,9,4,9,4,10,5,9,5,10,6,10,6,10,5,10,6,10,5,10,5,10,5,11,4,11,4,12,4,12,4,13,3,13,4,14,4,15,4,15,4]"
CSI_DATA,375,1a:00:00:00:00:00,-46,11,0,0,0,0,0,0,0,0,0,-91,0,1,0,70929292,0,31,0,128,0,"[0,0,-4,15,-4,15,-4,15,-4,15,-4,14,-3,14,-3,14,-3,14,-2,14,-2,13,-1,14,-1,13,-1,14,-1,14,0,14,0,14,-1,14,-1,14,-1,14,-2,13,-2,13,-3,13,-4,12,-4,11,-5,10,-5,10,0,0,0,0,0,0,0,0,0,0,0,0,0,0,0,0,0,0,0,0,0,0,-1,7,-1,8,-2,8,-3,8,-3,9,-4,9,-4,9,-5,10,-5,10,-6,9,-6,10,-6,10,-6,10,-6,10,-6,10,-5,11,-5,11,-5,11,-5,11,-5,12,-4,12,-4,13,-4,13,-4,14,-4,15,-4,15]"
[0;32mI (71019) ftm_responder: Counter = 71[0m
CSI_DATA,376,1a:00:00:00:00:00,-46,11,0,0,0,0,0,0,0,0,0,-91,0,1,0,71130582,0,31,0,128,0,"[0,0,-3,16,-3,16,-3,15,-2,15,-3,14,-2,14,-2,14,-1,14,-1,14,0,14,0,14,0,13,1,13,1,14,1,14,1,14,1,14,0,14,0,14,-1,13,-1,13,-2,13,-3,12,-3,12,-3,11,-4,10,0,0,0,0,0,0,0,0,0,0,0,0,0,0,0,0,0,0,0,0,0,0,-1,7,-1,8,-2,8,-2,8,-3,9,-3,9,-4,10,-4,10,-5,10,-5,10,-5,11,-5,10,-6,10,-5,10,-5,10,-5,11,-5,11,-4,11,-4,12,-4,12,-4,13,-3,13,-3,14,-3,15,-3,15,-3,15]"
CSI_DATA,377,1a:00:00:00:00:00,-46,11,0,0,0,0,0,0,0,0,0,-91,0,1,0,71190895,0,42,0,128,0,"[0,0,4,-17,3,-17,4,-17,3,-17,3,-17,3,-16,2,-16,2,-15,1,-15,0,-15,0,-16,0,-15,0,-15,0,-16,-1,-16,-1,-16,0,-16,0,-17,1,-16,1,-15,1,-14,3,-14,3,-13,4,-13,4,-12,4,-11,0,0,0,0,0,0,0,0,0,0,0,0,0,0,0,0,0,0,0,0,0,0,1,-8,1,-9,2,-9,2,-10,3,-10,3,-11,4,-11,5,-11,5,-11,6,-11,6,-11,6,-11,6,-11,6,-11,6,-11,5,-12,5,-12,4,-13,5,-13,5,-14,4,-14,4,-15,4,-15,4,-16,4,-16,4,-17]"
CSI_DATA,378,1a:00:00:00:00:00,-46,11,0,0,0,0,0,0,0,0,0,-91,0,1,0,71258034,0,31,0,128,0,"[0,0,-14,9,-14,10,-13,10,-13,9,-13,9,-13,10,-12,10,-11,10,-11,10,-10,10,-10,10,-10,11,-9,11,-9,11,-10,11,-10,11,-10,12,-10,11,-11,10,-10,9,-11,8,-11,8,-11,7,-11,7,-10,6,-11,5,0,0,0,0,0,0,0,0,0,0,0,0,0,0,0,0,0,0,0,0,0,0,-6,5,-6,5,-8,5,-8,5,-9,5,-9,5,-10,5,-11,4,-11,4,-12,4,-12,4,-12,4,-12,4,-12,4,-12,4,-12,5,-12,5,-12,5,-12,6,-12,7,-12,7,-12,8,-12,8,-13,9,-13,10,-13,10]"
CSI_DATA,379,1a:00:00:00:00:00,-46,11,0,0,0,0,0,0,0,0,0,-91,0,1,0,71460828,0,31,0,128,0,"[0,0,7,13,8,13,7,13,7,13,7,13,7,12,7,11,8,11,8,10,8,10,9,10,9,9,9,10,9,10,9,10,10,10,9,10,9,10,9,11,8,10,8,10,6,10,5,10,5,11,4,10,3,10,0,0,0,0,0,0,0,0,0,0,0,0,0,0,0,0,0,0,0,0,0,0,4,6,4,6,4,7,4,8,4,8,4,9,3,10,3,10,3,10,2,10,3,11,3,11,3,11,2,11,3,11,3,11,4,11,4,11,4,11,5,11,6,11,6,12,6,12,7,13,8,13,8,13]"
CSI_DATA,380,1a:00:00:00:00:00,-46,11,0,0,0,0,0,0,0,0,0,-91,0,1,0,71661410,0,31,0,128,0,"[0,0,14,8,14,7,14,7,14,7,14,6,13,7,13,6,13,5,13,5,13,4,14,4,13,3,13,3,14,3,13,3,14,3,14,3,14,4,13,4,13,5,12,5,12,6,11,6,10,6,9,6,9,7,0,0,0,0,0,0,0,0,0,0,0,0,0,0,0,0,0,0,0,0,0,0,7,2,7,3,8,3,8,4,8,5,8,6,8,7,8,7,8,8,8,8,8,8,8,8,9,8,9,8,9,8,9,8,9,8,10,7,11,7,11,7,12,7,12,7,13,7,14,7,14,7,14,7]"
CSI_DATA,381,1a:00:00:00:00:00,-46,11,0,0,0,0,0,0,0,0,0,-91,0,1,0,71862264,0,31,0,128,0,"[0,0,12,9,12,9,13,9,12,9,12,8,12,8,12,8,12,7,12,7,12,6,13,6,12,5,13,5,13,5,13,5,13,5,13,5,13,6,13,7,12,7,11,7,10,7,9,8,9,8,8,8,7,8,0,0,0,0,0,0,0,0,0,0,0,0,0,0,0,0,0,0,0,0,0,0,6,4,7,4,7,5,7,5,7,6,7,7,7,8,7,8,7,9,7,9,7,9,7,10,7,9,7,9,7,9,8,9,8,9,8,9,9,9,10,9,9,8,11,9,10,9,12,9,13,9,13,10]"
[0;32mI (72019) ftm_responder: Counter = 72[0m
CSI_DATA,382,1a:00:00:00:00:00,-46,11,0,0,0,0,0,0,0,0,0,-91,0,1,0,72062684,0,31,0,128,0,"[0,0,15,-3,16,-4,15,-4,15,-4,15,-4,15,-4,15,-4,14,-5,13,-5,13,-6,13,-6,13,-6,13,-6,13,-7,13,-6,13,-6,13,-6,14,-6,14,-5,13,-4,13,-4,13,-3,12,-3,12,-2,11,-1,11,0,0,0,0,0,0,0,0,0,0,0,0,0,0,0,0,0,0,0,0,0,0,0,7,-3,8,-3,9,-3,9,-3,10,-2,10,-1,11,-1,11,0,11,0,12,0,12,1,12,0,12,0,12,0,12,0,12,0,12,0,12,-1,13,-1,13,-2,13,-2,14,-3,14,-3,15,-4,16,-4,16,-3]"
CSI_DATA,383,1a:00:00:00:00:00,-46,11,0,0,0,0,0,0,0,0,0,-91,0,1,0,72266136,0,31,0,128,0,"[0,0,-11,-12,-11,-12,-12,-12,-11,-11,-11,-11,-11,-11,-11,-11,-11,-10,-11,-10,-11,-9,-12,-9,-12,-8,-12,-8,-13,-8,-12,-8,-13,-8,-12,-9,-12,-9,-12,-10,-11,-9,-11,-10,-9,-10,-9,-10,-8,-10,-7,-10,-6,-10,0,0,0,0,0,0,0,0,0,0,0,0,0,0,0,0,0,0,0,0,0,0,-7,-5,-7,-6,-7,-7,-7,-7,-7,-8,-7,-9,-7,-10,-6,-10,-6,-11,-6,-10,-6,-11,-6,-11,-6,-11,-6,-11,-6,-11,-7,-11,-7,-11,-7,-10,-8,-11,-9,-11,-9,-11,-10,-11,-10,-11,-11,-11,-11,-11,-11,-12]"
CSI_DATA,384,1a:00:00:00:00:00,-46,11,0,0,0,0,0,0,0,0,0,-91,0,1,0,72465065,0,31,0,128,0,"[0,0,13,8,13,7,14,7,13,7,13,7,12,6,12,6,12,5,12,5,12,4,13,4,13,3,13,3,13,3,13,3,14,3,13,3,14,4,13,5,12,5,12,5,11,5,10,6,10,6,9,6,8,7,0,0,0,0,0,0,0,0,0,0,0,0,0,0,0,0,0,0,0,0,0,0,6,3,7,4,7,4,8,5,8,5,8,6,8,7,8,7,7,8,7,8,8,8,7,9,8,8,8,8,8,8,8,8,9,8,9,7,10,7,10,7,11,7,11,7,11,7,12,7,13,7,13,7]"
CSI_DATA,385,1a:00:00:00:00:00,-46,11,0,0,0,0,0,0,0,0,0,-91,0,1,0,72666241,0,31,0,128,0,"[0,0,-7,-14,-7,-14,-8,-14,-8,-14,-7,-14,-8,-14,-8,-13,-8,-13,-8,-12,-9,-12,-9,-11,-9,-11,-9,-11,-10,-11,-10,-11,-10,-11,-10,-12,-9,-12,-9,-12,-8,-12,-8,-12,-7,-12,-6,-12,-6,-11,-5,-11,-4,-11,0,0,0,0,0,0,0,0,0,0,0,0,0,0,0,0,0,0,0,0,0,0,-4,-7,-4,-8,-4,-8,-4,-9,-4,-10,-3,-11,-3,-11,-3,-11,-2,-12,-2,-12,-2,-12,-2,-12,-2,-12,-2,-12,-2,-12,-3,-12,-3,-12,-4,-12,-4,-12,-5,-13,-5,-13,-6,-13,-6,-13,-7,-14,-7,-14,-7,-14]"
CSI_DATA,386,1a:00:00:00:00:00,-46,11,0,0,0,0,0,0,0,0,0,-91,0,1,0,72726630,0,42,0,128,0,"[0,0,14,5,14,4,14,4,14,4,14,4,14,4,14,3,13,3,13,2,13,2,13,1,13,1,13,0,13,0,14,0,14,1,14,1,14,1,14,1,13,2,12,3,12,3,11,3,11,3,10,4,9,4,0,0,0,0,0,0,0,0,0,0,0,0,0,0,0,0,0,0,0,0,0,0,7,2,7,2,8,2,8,3,8,4,8,5,9,5,9,6,9,6,9,6,9,7,9,7,9,6,9,6,9,6,9,6,10,6,10,5,11,5,11,5,11,5,12,5,12,5,14,4,14,4,14,5]"
CSI_DATA,387,1a:00:00:00:00:00,-46,11,0,0,0,0,0,0,0,0,0,-91,0,1,0,72796206,0,31,0,128,0,"[0,0,-7,-16,-6,-16,-6,-16,-6,-16,-6,-15,-7,-15,-6,-15,-7,-14,-7,-14,-8,-13,-9,-13,-8,-13,-9,-13,-9,-13,-9,-13,-9,-13,-9,-13,-8,-13,-8,-14,-7,-13,-7,-13,-5,-13,-5,-13,-4,-13,-3,-12,-3,-12,0,0,0,0,0,0,0,0,0,0,0,0,0,0,0,0,0,0,0,0,0,0,-4,-8,-4,-8,-4,-9,-4,-10,-3,-10,-3,-11,-2,-12,-2,-12,-2,-12,-2,-13,-2,-13,-2,-13,-1,-13,-1,-13,-2,-12,-3,-13,-2,-13,-3,-13,-3,-13,-4,-14,-4,-14,-5,-14,-5,-14,-6,-15,-6,-15,-6,-16]"
CSI_DATA,388,1a:00:00:00:00:00,-46,11,0,0,0,0,0,0,0,0,0,-91,0,1,0,72997115,0,31,0,128,0,"[0,0,-13,8,-13,8,-13,8,-12,8,-13,8,-12,8,-12,8,-12,8,-11,8,-11,8,-10,9,-10,9,-10,9,-10,10,-10,9,-10,10,-10,10,-11,9,-11,9,-11,8,-11,7,-11,7,-11,6,-11,6,-10,5,-10,4,0,0,0,0,0,0,0,0,0,0,0,0,0,0,0,0,0,0,0,0,0,0,-6,4,-7,4,-8,4,-8,4,-9,4,-9,4,-10,3,-10,3,-11,3,-11,3,-11,3,-11,3,-11,3,-11,3,-11,3,-11,4,-11,4,-11,4,-12,4,-12,6,-12,6,-12,6,-12,7,-13,8,-13,8,-12,8]"
[0;32mI (73019) ftm_responder: Counter = 73[0m
CSI_DATA,389,1a:00:00:00:00:00,-46,11,0,0,0,0,0,0,0,0,0,-91,0,1,0,73201501,0,31,0,128,0,"[0,0,14,5,14,5,14,5,13,4,14,4,14,4,13,3,13,3,12,3,12,2,13,2,13,1,12,2,13,1,13,2,13,1,13,1,13,2,13,2,12,3,12,3,12,4,11,3,10,5,9,5,8,5,0,0,0,0,0,0,0,0,0,0,0,0,0,0,0,0,0,0,0,0,0,0,6,1,7,2,7,2,8,3,8,3,8,4,8,4,8,5,8,6,8,5,8,6,8,6,9,6,9,6,9,6,9,6,9,6,9,5,10,5,11,5,11,4,12,4,12,5,13,5,13,5,14,5]"
CSI_DATA,390,1a:00:00:00:00:00,-46,11,0,0,0,0,0,0,0,0,0,-91,0,1,0,73399715,0,31,0,128,0,"[0,0,15,-6,15,-6,15,-6,14,-6,15,-7,14,-7,14,-6,13,-6,13,-7,12,-7,12,-8,12,-8,12,-9,12,-9,11,-8,12,-9,12,-9,13,-8,13,-8,13,-7,12,-6,12,-5,12,-5,12,-4,11,-3,11,-2,0,0,0,0,0,0,0,0,0,0,0,0,0,0,0,0,0,0,0,0,0,0,6,-4,7,-4,8,-4,9,-4,9,-4,10,-3,10,-2,11,-2,11,-2,11,-1,12,-1,12,-2,12,-2,12,-2,12,-2,12,-2,12,-2,12,-2,13,-3,13,-4,13,-4,13,-5,13,-5,14,-6,15,-6,15,-6]"
CSI_DATA,391,1a:00:00:00:00:00,-46,11,0,0,0,0,0,0,0,0,0,-91,0,1,0,73600779,0,31,0,128,0,"[0,0,6,14,6,15,6,14,6,14,6,14,6,13,6,13,6,12,7,11,7,11,7,12,7,11,7,11,9,11,8,11,8,11,8,11,8,11,8,12,7,11,6,11,5,11,4,11,4,11,3,11,2,11,0,0,0,0,0,0,0,0,0,0,0,0,0,0,0,0,0,0,0,0,0,0,3,6,3,7,3,7,3,8,3,9,2,10,2,10,2,11,1,11,1,11,1,11,1,11,1,11,1,11,1,11,2,12,2,12,3,12,3,12,4,12,4,12,4,12,5,13,5,14,5,14,6,14]"
CSI_DATA,392,1a:00:00:00:00:00,-46,11,0,0,0,0,0,0,0,0,0,-91,0,1,0,73801700,0,31,0,128,0,"[0,0,10,12,10,11,10,11,10,11,9,11,9,10,10,10,10,9,10,9,10,8,11,8,10,8,11,8,11,8,11,8,11,8,11,8,11,8,10,9,10,9,9,9,8,9,7,8,7,9,6,9,5,9,0,0,0,0,0,0,0,0,0,0,0,0,0,0,0,0,0,0,0,0,0,0,5,5,5,5,5,6,5,6,5,7,5,8,5,9,5,9,5,10,4,10,4,10,4,10,4,10,4,10,4,10,5,10,5,10,5,10,6,10,7,10,7,10,8,10,8,11,9,11,9,11,10,12]"
CSI_DATA,393,1a:00:00:00:00:00,-46,11,0,0,0,0,0,0,0,0,0,-91,0,1,0,74003308,0,31,0,128,0,"[0,0,11,11,11,11,11,11,11,10,10,10,10,10,11,10,10,9,10,9,11,8,11,7,11,6,11,7,12,7,12,7,12,7,12,7,12,8,11,8,10,8,10,8,9,9,8,8,8,8,7,8,6,8,0,0,0,0,0,0,0,0,0,0,0,0,0,0,0,0,0,0,0,0,0,0,5,4,5,5,6,6,6,6,6,7,5,8,6,9,5,9,5,10,5,9,5,10,5,10,5,10,5,10,6,10,6,10,6,10,6,10,7,10,8,10,8,10,9,10,9,10,10,10,10,11,11,11]"
[0;32mI (74029) ftm_responder: Counter = 74[0m
CSI_DATA,394,1a:00:00:00:00:00,-46,11,0,0,0,0,0,0,0,0,0,-91,0,1,0,74204386,0,31,0,128,0,"[0,0,6,-15,6,-16,7,-15,6,-15,6,-14,6,-14,5,-15,5,-14,4,-14,4,-14,3,-14,3,-14,3,-14,3,-15,3,-14,3,-15,3,-15,4,-14,4,-14,4,-14,4,-13,5,-12,6,-12,6,-11,6,-10,6,-9,0,0,0,0,0,0,0,0,0,0,0,0,0,0,0,0,0,0,0,0,0,0,2,-8,2,-8,3,-8,3,-9,4,-9,5,-9,5,-10,6,-10,6,-10,7,-9,7,-10,7,-10,8,-10,8,-9,7,-10,7,-10,7,-11,6,-11,6,-11,6,-12,6,-12,7,-13,6,-13,6,-14,6,-15,6,-15]"
CSI_DATA,395,1a:00:00:00:00:00,-46,11,0,0,0,0,0,0,0,0,0,-91,0,1,0,74264441,0,42,0,128,0,"[0,0,-5,-16,-5,-15,-5,-16,-5,-15,-5,-15,-5,-14,-5,-14,-5,-14,-6,-14,-7,-13,-7,-13,-7,-12,-8,-12,-8,-12,-8,-12,-8,-13,-8,-13,-8,-13,-7,-13,-6,-13,-6,-13,-5,-12,-4,-12,-4,-12,-3,-12,-2,-11,0,0,0,0,0,0,0,0,0,0,0,0,0,0,0,0,0,0,0,0,0,0,-3,-7,-3,-8,-3,-8,-2,-9,-2,-10,-2,-11,-1,-11,-1,-11,-1,-12,0,-12,-1,-12,0,-12,0,-12,-1,-12,-1,-12,-1,-13,-1,-13,-2,-13,-2,-13,-3,-13,-3,-13,-4,-14,-4,-14,-4,-15,-5,-15,-5,-16]"
CSI_DATA,396,1a:00:00:00:00:00,-46,11,0,0,0,0,0,0,0,0,0,-91,0,1,0,74333872,0,31,0,128,0,"[0,0,14,-6,14,-7,14,-7,14,-6,14,-6,13,-6,13,-6,13,-6,11,-6,12,-7,11,-9,11,-8,11,-9,11,-9,11,-8,11,-9,11,-9,12,-8,12,-7,12,-6,11,-6,11,-5,11,-5,11,-5,10,-4,10,-3,0,0,0,0,0,0,0,0,0,0,0,0,0,0,0,0,0,0,0,0,0,0,6,-4,6,-4,7,-4,8,-4,9,-4,9,-3,10,-3,10,-2,10,-2,11,-2,11,-2,11,-2,12,-2,11,-2,11,-2,11,-3,11,-3,11,-3,12,-4,12,-4,12,-4,12,-5,13,-5,13,-6,14,-7,14,-6]"
CSI_DATA,397,1a:00:00:00:00:00,-46,11,0,0,0,0,0,0,0,0,0,-91,0,1,0,74535460,0,31,0,128,0,"[0,0,-15,-6,-16,-6,-15,-6,-15,-6,-15,-5,-15,-5,-14,-5,-14,-5,-14,-4,-14,-3,-14,-2,-14,-2,-14,-2,-15,-2,-14,-2,-15,-2,-15,-2,-15,-3,-14,-3,-14,-4,-13,-4,-13,-4,-12,-4,-12,-5,-11,-5,-10,-6,0,0,0,0,0,0,0,0,0,0,0,0,0,0,0,0,0,0,0,0,0,0,-7,-2,-8,-3,-8,-3,-9,-4,-9,-4,-9,-5,-9,-6,-10,-7,-10,-7,-10,-7,-10,-7,-10,-7,-10,-7,-10,-7,-10,-7,-11,-7,-11,-7,-11,-7,-12,-6,-12,-6,-13,-6,-13,-6,-13,-6,-15,-5,-15,-5,-15,-6]"
CSI_DATA,398,1a:00:00:00:00:00,-46,11,0,0,0,0,0,0,0,0,0,-91,0,1,0,74736254,0,31,0,128,0,"[0,0,7,14,7,13,7,13,7,13,7,13,7,13,7,12,7,11,7,12,8,11,9,10,9,9,9,10,9,10,9,10,9,10,9,10,8,11,8,11,7,11,6,11,5,10,5,10,5,10,4,10,3,10,0,0,0,0,0,0,0,0,0,0,0,0,0,0,0,0,0,0,0,0,0,0,4,5,4,6,4,7,4,7,3,8,3,9,3,9,3,10,2,10,2,10,3,11,2,11,3,11,3,11,3,11,3,11,3,11,3,11,4,11,5,12,5,12,6,12,6,12,7,13,7,13,7,13]"
CSI_DATA,399,1a:00:00:00:00:00,-46,11,0,0,0,0,0,0,0,0,0,-91,0,1,0,74937998,0,31,0,128,0,"[0,0,8,14,7,13,8,13,8,13,8,13,8,12,8,12,8,11,8,11,9,10,9,10,9,9,9,9,10,10,10,9,10,10,10,9,10,10,9,10,8,10,8,10,7,10,6,10,6,10,5,10,4,10,0,0,0,0,0,0,0,0,0,0,0,0,0,0,0,0,0,0,0,0,0,0,4,5,4,6,4,7,4,8,4,8,3,9,3,10,3,10,3,10,2,10,3,11,2,11,3,11,3,11,3,11,3,11,4,11,4,11,5,12,5,12,6,12,6,12,7,12,7,12,8,13,8,14]"
[0;32mI (75029) ftm_responder: Counter = 75[0m
CSI_DATA,400,1a:00:00:00:00:00,-46,11,0,0,0,0,0,0,0,0,0,-91,0,1,0,75139032,0,31,0,128,0,"[0,0,-2,16,-2,15,-2,15,-1,15,-1,15,-1,15,0,14,-1,14,0,14,1,14,2,14,2,14,2,13,2,13,3,14,3,13,2,14,2,14,2,14,1,13,0,13,0,13,-1,12,-1,12,-2,11,-3,11,0,0,0,0,0,0,0,0,0,0,0,0,0,0,0,0,0,0,0,0,0,0,-1,7,-1,8,-2,8,-2,9,-3,9,-3,9,-4,10,-4,10,-4,10,-5,10,-5,11,-5,11,-5,11,-5,11,-5,10,-4,12,-4,11,-4,12,-4,12,-3,13,-3,13,-2,14,-3,14,-2,15,-2,16,-2,16]"
CSI_DATA,401,1a:00:00:00:00:00,-46,11,0,0,0,0,0,0,0,0,0,-91,0,1,0,75339853,0,31,0,128,0,"[0,0,14,5,14,4,14,5,14,4,14,4,13,4,13,3,13,3,13,3,13,2,13,1,13,1,13,1,13,1,13,1,14,1,14,1,14,2,13,2,13,3,12,3,11,4,11,4,11,4,10,5,9,5,0,0,0,0,0,0,0,0,0,0,0,0,0,0,0,0,0,0,0,0,0,0,7,1,7,2,7,2,8,2,8,3,9,4,9,4,9,5,9,5,9,5,9,6,9,6,9,6,9,6,9,6,10,6,10,5,10,5,11,5,11,5,12,5,12,4,12,5,14,4,14,4,14,5]"
CSI_DATA,402,1a:00:00:00:00:00,-46,11,0,0,0,0,0,0,0,0,0,-91,0,1,0,75541310,0,31,0,128,0,"[0,0,15,-2,16,-3,16,-2,15,-3,15,-3,15,-3,14,-3,14,-4,14,-4,13,-4,13,-5,13,-5,13,-6,13,-6,13,-5,13,-6,14,-5,14,-5,13,-4,13,-4,13,-3,13,-2,12,-2,12,-1,11,-1,11,0,0,0,0,0,0,0,0,0,0,0,0,0,0,0,0,0,0,0,0,0,0,0,7,-2,7,-2,8,-2,9,-2,9,-1,10,0,10,0,10,0,11,1,11,1,11,1,11,1,12,1,12,1,12,1,12,0,12,0,12,0,13,-1,13,-1,14,-1,14,-2,14,-2,15,-3,15,-3,16,-3]"
CSI_DATA,403,1a:00:00:00:00:00,-46,11,0,0,0,0,0,0,0,0,0,-91,0,1,0,75742378,0,31,0,128,0,"[0,0,14,8,14,7,13,7,13,7,13,7,13,6,13,6,13,5,13,5,13,4,13,4,13,3,13,3,13,3,13,3,14,3,14,4,14,4,14,4,13,5,12,5,11,5,11,6,10,6,9,6,8,7,0,0,0,0,0,0,0,0,0,0,0,0,0,0,0,0,0,0,0,0,0,0,6,3,7,3,7,4,7,4,8,5,7,6,8,7,8,7,8,7,8,8,8,8,8,8,8,8,8,8,8,8,9,8,9,8,9,7,10,7,11,7,11,7,12,7,12,7,13,7,13,7,14,8]"
CSI_DATA,404,1a:00:00:00:00:00,-46,11,0,0,0,0,0,0,0,0,0,-91,0,1,0,75802634,0,42,0,128,0,"[0,0,4,-16,4,-16,4,-16,4,-16,4,-16,3,-15,3,-16,2,-15,2,-15,1,-14,1,-15,1,-15,1,-15,0,-15,0,-15,1,-15,1,-15,1,-15,1,-15,2,-14,2,-14,3,-13,4,-13,4,-12,4,-11,5,-11,0,0,0,0,0,0,0,0,0,0,0,0,0,0,0,0,0,0,0,0,0,0,1,-8,1,-9,2,-9,2,-10,3,-10,3,-10,4,-10,4,-10,5,-10,5,-10,5,-11,5,-11,6,-11,6,-11,6,-11,5,-11,5,-12,4,-12,5,-13,4,-13,4,-14,4,-14,4,-14,4,-15,4,-16,4,-16]"
CSI_DATA,405,1a:00:00:00:00:00,-46,11,0,0,0,0,0,0,0,0,0,-91,0,1,0,75865539,0,31,0,128,0,"[0,0,16,1,15,0,16,0,15,0,15,0,15,0,15,0,14,-1,14,-1,13,-2,14,-3,13,-3,14,-3,14,-3,13,-3,14,-3,14,-3,14,-2,14,-1,14,-1,13,-1,13,0,12,0,12,1,11,1,11,2,0,0,0,0,0,0,0,0,0,0,0,0,0,0,0,0,0,0,0,0,0,0,7,-1,8,0,8,0,9,0,9,1,10,2,10,2,10,2,10,3,10,3,11,3,11,3,11,3,11,3,11,3,11,3,12,3,11,2,13,2,13,2,13,1,14,1,14,1,15,0,15,0,16,0]"
[0;32mI (76029) ftm_responder: Counter = 76[0m
CSI_DATA,406,1a:00:00:00:00:00,-46,11,0,0,0,0,0,0,0,0,0,-91,0,1,0,76066708,0,31,0,128,0,"[0,0,5,-16,5,-16,5,-16,5,-15,5,-16,4,-15,4,-15,3,-14,3,-14,2,-14,2,-14,1,-15,2,-15,1,-15,1,-15,1,-15,2,-15,2,-15,3,-15,3,-14,3,-13,4,-13,4,-12,5,-12,5,-11,5,-10,0,0,0,0,0,0,0,0,0,0,0,0,0,0,0,0,0,0,0,0,0,0,1,-8,2,-8,2,-9,3,-9,3,-9,4,-10,5,-10,5,-10,6,-10,6,-10,6,-10,6,-10,6,-10,6,-10,6,-10,5,-11,5,-11,5,-11,5,-12,5,-13,5,-13,5,-14,5,-14,5,-15,5,-16,5,-16]"
CSI_DATA,407,1a:00:00:00:00:00,-46,11,0,0,0,0,0,0,0,0,0,-91,0,1,0,76268109,0,31,0,128,0,"[0,0,-12,-11,-13,-11,-13,-11,-12,-11,-12,-11,-12,-10,-12,-10,-12,-9,-12,-9,-12,-8,-13,-8,-13,-7,-13,-8,-13,-7,-13,-7,-14,-8,-13,-8,-13,-8,-13,-8,-12,-8,-11,-9,-11,-9,-9,-9,-9,-9,-8,-9,-7,-9,0,0,0,0,0,0,0,0,0,0,0,0,0,0,0,0,0,0,0,0,0,0,-6,-5,-7,-6,-7,-6,-7,-7,-7,-7,-7,-9,-7,-9,-7,-9,-7,-10,-6,-10,-7,-11,-7,-11,-7,-11,-7,-10,-7,-10,-8,-10,-8,-11,-8,-10,-9,-11,-10,-10,-10,-10,-11,-10,-11,-10,-12,-11,-13,-11,-12,-12]"
CSI_DATA,408,1a:00:00:00:00:00,-46,11,0,0,0,0,0,0,0,0,0,-91,0,1,0,76470874,0,31,0,128,0,"[0,0,13,9,14,8,13,8,13,8,13,8,13,7,13,7,13,6,13,6,13,5,13,5,13,5,13,5,13,4,13,4,13,4,14,5,13,5,13,5,12,6,12,6,11,6,10,6,10,7,8,7,8,7,0,0,0,0,0,0,0,0,0,0,0,0,0,0,0,0,0,0,0,0,0,0,6,3,6,4,7,4,7,5,8,5,7,6,8,7,8,7,8,7,7,8,8,9,7,9,8,8,8,8,8,8,9,8,9,8,9,8,10,8,11,8,11,7,12,7,12,8,13,8,13,8,13,9]"
CSI_DATA,409,1a:00:00:00:00:00,-46,11,0,0,0,0,0,0,0,0,0,-91,0,1,0,76670174,0,31,0,128,0,"[0,0,-15,-6,-16,-6,-16,-6,-15,-6,-15,-6,-15,-5,-15,-5,-14,-4,-14,-4,-14,-3,-15,-3,-14,-2,-15,-2,-15,-2,-15,-2,-15,-2,-15,-2,-14,-3,-15,-3,-14,-4,-14,-4,-12,-5,-12,-5,-12,-5,-11,-6,-10,-6,0,0,0,0,0,0,0,0,0,0,0,0,0,0,0,0,0,0,0,0,0,0,-8,-2,-8,-3,-9,-3,-9,-4,-9,-4,-9,-5,-10,-6,-10,-6,-10,-7,-10,-7,-10,-7,-10,-7,-10,-7,-10,-7,-10,-7,-11,-7,-11,-7,-11,-6,-12,-6,-13,-6,-13,-6,-14,-6,-14,-6,-15,-5,-15,-6,-16,-6]"
CSI_DATA,410,1a:00:00:00:00:00,-46,11,0,0,0,0,0,0,0,0,0,-91,0,1,0,76871891,0,31,0,128,0,"[0,0,-8,-15,-8,-15,-8,-15,-8,-14,-7,-14,-8,-14,-8,-13,-8,-12,-9,-12,-9,-12,-9,-11,-9,-11,-9,-11,-10,-11,-10,-11,-10,-11,-10,-12,-9,-12,-9,-12,-8,-12,-7,-12,-7,-12,-6,-12,-5,-12,-5,-11,-4,-11,0,0,0,0,0,0,0,0,0,0,0,0,0,0,0,0,0,0,0,0,0,0,-5,-6,-5,-7,-5,-8,-5,-8,-4,-9,-4,-10,-4,-10,-4,-11,-3,-11,-3,-11,-3,-12,-3,-12,-3,-12,-3,-12,-3,-12,-4,-12,-4,-12,-5,-12,-5,-12,-6,-13,-6,-13,-6,-13,-7,-13,-7,-14,-8,-15,-8,-15]"
[0;32mI (77029) ftm_responder: Counter = 77[0m
CSI_DATA,411,1a:00:00:00:00:00,-46,11,0,0,0,0,0,0,0,0,0,-91,0,1,0,77072955,0,31,0,128,0,"[0,0,13,9,14,8,13,8,13,8,12,7,13,8,13,7,12,7,12,6,13,6,13,5,13,4,13,4,13,4,13,4,13,4,14,4,13,5,13,5,12,6,12,6,11,6,10,7,10,6,9,7,8,7,0,0,0,0,0,0,0,0,0,0,0,0,0,0,0,0,0,0,0,0,0,0,6,3,7,3,7,4,8,4,8,5,7,6,8,7,8,7,8,8,8,8,8,8,8,9,8,8,8,8,8,8,9,8,9,8,9,8,10,8,11,8,11,8,12,7,12,8,13,8,13,8,14,8]"
CSI_DATA,412,1a:00:00:00:00:00,-46,11,0,0,0,0,0,0,0,0,0,-91,0,1,0,77273886,0,31,0,128,0,"[0,0,-17,-1,-17,-1,-16,-1,-16,-1,-16,-1,-16,0,-15,0,-15,0,-15,1,-15,1,-14,2,-14,2,-14,2,-14,3,-15,3,-14,3,-15,3,-15,2,-15,2,-14,1,-14,1,-14,0,-13,0,-13,-1,-12,-2,-12,-2,0,0,0,0,0,0,0,0,0,0,0,0,0,0,0,0,0,0,0,0,0,0,-8,0,-8,-1,-9,-1,-10,-1,-10,-2,-10,-3,-11,-3,-11,-3,-11,-4,-12,-4,-12,-4,-12,-5,-12,-4,-12,-4,-12,-4,-13,-4,-12,-4,-13,-3,-13,-3,-14,-2,-14,-2,-15,-2,-15,-2,-16,-1,-16,-1,-16,-1]"
CSI_DATA,413,1a:00:00:00:00:00,-46,11,0,0,0,0,0,0,0,0,0,-91,0,1,0,77334222,0,42,0,128,0,"[0,0,-15,-8,-15,-7,-15,-7,-15,-7,-15,-7,-14,-6,-14,-6,-14,-5,-14,-5,-14,-4,-14,-3,-14,-3,-14,-3,-15,-3,-14,-3,-15,-3,-15,-3,-15,-4,-14,-4,-14,-5,-14,-5,-12,-5,-12,-5,-12,-6,-11,-6,-10,-7,0,0,0,0,0,0,0,0,0,0,0,0,0,0,0,0,0,0,0,0,0,0,-8,-3,-8,-3,-8,-4,-9,-5,-9,-5,-9,-6,-9,-7,-9,-7,-9,-8,-9,-8,-10,-8,-10,-8,-10,-8,-10,-8,-10,-8,-10,-8,-11,-8,-11,-7,-12,-7,-12,-7,-12,-7,-13,-7,-13,-7,-15,-6,-15,-7,-15,-7]"
CSI_DATA,414,1a:00:00:00:00:00,-46,11,0,0,0,0,0,0,0,0,0,-91,0,1,0,77402552,0,31,0,128,0,"[0,0,-2,15,-2,16,-2,15,-2,15,-2,15,-2,15,-1,14,-1,14,0,14,0,14,1,14,1,13,1,13,1,13,2,14,2,14,1,14,1,14,1,14,0,13,0,13,-1,12,-2,12,-2,12,-3,11,-3,10,0,0,0,0,0,0,0,0,0,0,0,0,0,0,0,0,0,0,0,0,0,0,0,7,-1,8,-1,8,-2,9,-2,9,-3,9,-3,10,-4,10,-4,10,-5,10,-5,11,-5,11,-5,11,-5,11,-5,10,-4,12,-4,11,-4,12,-3,12,-3,13,-3,13,-2,14,-2,14,-3,15,-2,15,-2,16]"
CSI_DATA,415,1a:00:00:00:00:00,-46,11,0,0,0,0,0,0,0,0,0,-91,0,1,0,77603416,0,31,0,128,0,"[0,0,15,4,15,4,15,3,14,3,15,3,14,3,14,2,13,2,13,2,13,0,13,0,12,0,13,0,14,-1,13,-1,14,-1,14,0,14,0,13,0,13,1,12,1,12,2,11,2,11,3,10,4,10,4,0,0,0,0,0,0,0,0,0,0,0,0,0,0,0,0,0,0,0,0,0,0,7,0,7,1,8,1,9,2,8,2,9,3,9,4,9,4,9,5,9,5,10,5,9,5,10,5,10,5,10,5,10,4,10,5,11,4,12,4,12,3,12,4,13,3,13,3,15,3,14,3,15,3]"
CSI_DATA,416,1a:00:00:00:00:00,-46,11,0,0,0,0,0,0,0,0,0,-91,0,1,0,77804534,0,31,0,128,0,"[0,0,-12,-12,-13,-11,-13,-12,-12,-11,-12,-11,-12,-10,-12,-10,-12,-9,-12,-9,-12,-8,-13,-8,-12,-7,-12,-8,-14,-7,-13,-7,-13,-7,-13,-8,-13,-8,-13,-8,-12,-8,-11,-9,-10,-9,-9,-9,-9,-9,-8,-9,-7,-9,0,0,0,0,0,0,0,0,0,0,0,0,0,0,0,0,0,0,0,0,0,0,-7,-5,-7,-6,-7,-6,-8,-7,-7,-7,-7,-8,-8,-9,-7,-9,-7,-10,-7,-10,-7,-11,-7,-11,-7,-11,-7,-11,-7,-11,-8,-11,-8,-11,-8,-10,-9,-11,-10,-11,-10,-10,-10,-11,-11,-10,-12,-11,-12,-12,-12,-11]"
CSI_DATA,417,1a:00:00:00:00:00,-46,11,0,0,0,0,0,0,0,0,0,-91,0,1,0,78006216,0,31,0,128,0,"[0,0,8,13,9,12,9,12,9,12,8,12,9,12,9,11,9,10,9,10,9,10,10,9,9,9,10,9,10,8,10,9,10,9,11,9,10,9,10,10,9,10,8,9,7,10,7,10,6,10,5,10,4,9,0,0,0,0,0,0,0,0,0,0,0,0,0,0,0,0,0,0,0,0,0,0,5,5,5,6,5,6,5,7,5,8,5,9,5,9,4,10,4,10,4,10,4,11,4,11,4,11,4,11,4,10,5,11,5,11,5,11,6,11,7,11,7,11,7,12,7,12,8,12,8,13,9,13]"
[0;32mI (78029) ftm_responder: Counter = 78[0m
CSI_DATA,418,1a:00:00:00:00:00,-46,11,0,0,0,0,0,0,0,0,0,-91,0,1,0,78207071,0,31,0,128,0,"[0,0,4,15,4,15,3,15,4,15,4,14,4,14,4,13,4,13,5,13,5,12,6,12,6,12,6,12,6,12,7,12,7,12,6,12,6,12,6,13,5,12,4,12,4,12,3,12,2,12,2,11,1,10,0,0,0,0,0,0,0,0,0,0,0,0,0,0,0,0,0,0,0,0,0,0,3,6,2,7,2,8,2,8,2,9,1,10,1,11,1,11,0,11,0,11,0,12,0,12,0,12,0,12,0,11,1,12,1,12,1,12,1,12,2,13,2,13,3,14,3,14,3,15,4,15,4,15]"
CSI_DATA,419,1a:00:00:00:00:00,-46,11,0,0,0,0,0,0,0,0,0,-91,0,1,0,78408130,0,31,0,128,0,"[0,0,12,10,12,10,12,10,12,10,11,9,11,9,11,9,11,8,11,8,11,7,12,7,11,6,12,6,12,6,12,6,12,6,12,6,12,7,12,7,11,7,10,8,9,8,9,8,8,8,7,8,6,8,0,0,0,0,0,0,0,0,0,0,0,0,0,0,0,0,0,0,0,0,0,0,6,3,6,4,7,4,7,5,7,6,7,7,7,7,7,8,7,9,7,9,7,9,7,9,7,9,7,9,7,9,7,9,8,9,8,9,9,9,9,9,10,9,10,9,11,9,11,10,12,9,12,10]"
CSI_DATA,420,1a:00:00:00:00:00,-46,11,0,0,0,0,0,0,0,0,0,-91,0,1,0,78609535,0,31,0,128,0,"[0,0,5,15,5,15,5,14,5,14,5,14,5,13,5,13,6,13,6,12,6,12,7,12,7,11,7,11,7,11,7,11,7,12,7,12,7,12,6,12,6,12,5,12,4,12,3,11,3,11,2,11,1,11,0,0,0,0,0,0,0,0,0,0,0,0,0,0,0,0,0,0,0,0,0,0,4,6,4,7,3,7,3,8,3,8,3,10,2,10,2,10,2,11,1,11,1,12,1,12,1,11,1,11,1,12,2,12,2,12,2,12,3,12,3,13,3,13,4,13,4,13,5,14,5,15,5,15]"
CSI_DATA,421,1a:00:00:00:00:00,-46,11,0,0,0,0,0,0,0,0,0,-91,0,1,0,78810447,0,31,0,128,0,"[0,0,7,14,7,14,7,13,7,14,7,13,7,12,7,12,7,12,8,11,8,11,8,11,8,10,8,10,9,10,9,10,9,10,9,11,8,11,8,11,8,11,7,11,6,11,5,11,5,11,3,10,3,10,0,0,0,0,0,0,0,0,0,0,0,0,0,0,0,0,0,0,0,0,0,0,4,6,4,6,4,7,4,7,4,8,4,9,4,10,3,10,3,11,3,11,3,11,3,11,3,11,3,11,3,11,3,12,3,11,4,12,4,12,5,12,5,12,6,12,6,13,7,13,7,14,7,14]"
CSI_DATA,422,1a:00:00:00:00:00,-46,11,0,0,0,0,0,0,0,0,0,-91,0,1,0,78871182,0,42,0,128,0,"[0,0,-15,-7,-15,-7,-15,-7,-15,-7,-15,-6,-14,-6,-14,-6,-14,-5,-14,-5,-14,-4,-14,-4,-14,-3,-14,-3,-15,-3,-14,-3,-15,-3,-15,-3,-15,-3,-14,-4,-14,-4,-13,-4,-13,-5,-12,-5,-12,-6,-11,-6,-10,-7,0,0,0,0,0,0,0,0,0,0,0,0,0,0,0,0,0,0,0,0,0,0,-8,-2,-8,-3,-9,-4,-9,-4,-9,-5,-10,-6,-10,-6,-10,-7,-10,-8,-10,-8,-10,-8,-10,-8,-10,-8,-10,-8,-10,-8,-11,-8,-11,-7,-11,-7,-12,-7,-12,-7,-13,-7,-14,-7,-14,-7,-15,-6,-15,-7,-15,-7]"
CSI_DATA,423,1a:00:00:00:00:00,-46,11,0,0,0,0,0,0,0,0,0,-91,0,1,0,78937669,0,31,0,128,0,"[0,0,-6,-16,-6,-15,-6,-16,-6,-15,-6,-15,-6,-15,-6,-14,-6,-14,-7,-13,-7,-12,-8,-13,-8,-12,-8,-12,-8,-12,-9,-12,-9,-12,-8,-12,-8,-13,-8,-13,-7,-13,-6,-13,-5,-12,-5,-12,-5,-12,-4,-11,-3,-11,0,0,0,0,0,0,0,0,0,0,0,0,0,0,0,0,0,0,0,0,0,0,-4,-7,-4,-8,-4,-8,-4,-9,-4,-10,-3,-11,-3,-11,-2,-12,-2,-12,-2,-12,-2,-13,-2,-13,-2,-12,-2,-13,-2,-12,-3,-13,-3,-13,-3,-13,-4,-13,-4,-14,-4,-14,-5,-14,-5,-14,-6,-15,-6,-15,-6,-16]"
[0;32mI (79029) ftm_responder: Counter = 79[0m
CSI_DATA,424,1a:00:00:00:00:00,-46,11,0,0,0,0,0,0,0,0,0,-91,0,1,0,79138679,0,31,0,128,0,"[0,0,-17,-2,-17,-2,-17,-2,-16,-2,-16,-2,-16,-1,-15,-1,-15,-1,-15,0,-14,0,-14,1,-14,1,-14,2,-15,2,-14,2,-15,2,-15,2,-15,1,-15,1,-14,0,-14,-1,-13,-1,-13,-1,-13,-2,-12,-3,-11,-3,0,0,0,0,0,0,0,0,0,0,0,0,0,0,0,0,0,0,0,0,0,0,-8,0,-9,0,-10,-1,-10,-1,-10,-2,-11,-3,-11,-3,-11,-4,-11,-4,-12,-4,-12,-4,-12,-5,-12,-5,-12,-4,-12,-4,-13,-4,-13,-4,-13,-4,-14,-3,-14,-3,-14,-2,-15,-2,-15,-3,-16,-2,-17,-2,-17,-2]"
CSI_DATA,425,1a:00:00:00:00:00,-46,11,0,0,0,0,0,0,0,0,0,-91,0,1,0,79339706,0,31,0,128,0,"[0,0,12,9,13,9,12,9,12,9,12,9,12,8,12,7,12,7,12,6,12,6,12,6,12,6,12,5,12,5,13,5,13,5,13,5,13,5,12,5,12,6,11,6,11,6,10,7,9,7,8,8,7,8,0,0,0,0,0,0,0,0,0,0,0,0,0,0,0,0,0,0,0,0,0,0,6,3,7,4,7,4,7,5,7,5,7,7,8,7,7,8,7,8,7,9,7,9,7,9,7,9,7,9,7,9,8,9,8,9,8,8,9,9,10,8,10,8,11,8,11,9,12,9,12,10,12,9]"
CSI_DATA,426,1a:00:00:00:00:00,-46,11,0,0,0,0,0,0,0,0,0,-91,0,1,0,79541336,0,31,0,128,0,"[0,0,15,6,14,5,15,5,14,5,14,5,14,4,14,3,14,3,13,3,13,2,14,2,13,1,14,1,14,1,13,1,14,1,14,1,14,2,14,2,13,2,13,3,12,3,11,3,11,4,10,4,10,5,0,0,0,0,0,0,0,0,0,0,0,0,0,0,0,0,0,0,0,0,0,0,7,2,7,2,8,3,8,3,8,4,9,5,9,5,9,6,9,6,9,7,9,7,9,7,10,7,9,7,10,7,10,6,10,7,10,6,12,6,12,6,13,5,13,5,13,5,14,5,15,5,15,6]"
CSI_DATA,427,1a:00:00:00:00:00,-46,11,0,0,0,0,0,0,0,0,0,-91,0,1,0,79742066,0,31,0,128,0,"[0,0,15,5,15,5,15,5,15,5,14,4,14,4,14,3,13,3,13,3,13,2,13,2,13,1,13,1,14,1,13,1,14,1,14,1,14,2,13,2,13,2,13,3,11,3,11,3,11,4,10,5,9,5,0,0,0,0,0,0,0,0,0,0,0,0,0,0,0,0,0,0,0,0,0,0,7,0,8,1,9,1,9,1,10,2,10,3,10,4,10,4,10,5,10,6,11,6,11,6,11,6,11,6,11,6,11,6,11,6,11,6,12,5,13,5,13,5,14,5,14,5,14,5,15,5,15,5]"
CSI_DATA,428,1a:00:00:00:00:00,-46,11,0,0,0,0,0,0,0,0,0,-91,0,1,0,79943589,0,31,0,128,0,"[0,0,15,4,15,3,15,3,14,3,14,3,14,2,14,2,13,1,13,1,13,0,13,0,12,-1,13,-1,13,-1,13,-1,13,-1,13,-1,13,-1,13,0,12,0,12,0,11,1,11,1,11,1,10,2,9,2,0,0,0,0,0,0,0,0,0,0,0,0,0,0,0,0,0,0,0,0,0,0,7,0,8,0,9,1,10,1,10,2,10,3,11,3,11,4,11,5,11,5,11,5,11,5,11,5,11,6,11,5,12,5,11,5,12,5,12,4,13,4,13,4,14,4,14,4,15,3,15,4,16,4]"
[0;32mI (80029) ftm_responder: Counter = 80[0m
CSI_DATA,429,1a:00:00:00:00:00,-46,11,0,0,0,0,0,0,0,0,0,-91,0,1,0,80144514,0,31,0,128,0,"[0,0,-9,13,-9,13,-9,13,-8,13,-8,12,-7,12,-7,12,-7,12,-6,12,-5,12,-4,12,-4,12,-4,12,-4,13,-4,12,-4,13,-4,12,-4,12,-5,12,-5,11,-5,11,-6,10,-6,10,-6,10,-6,9,-6,8,0,0,0,0,0,0,0,0,0,0,0,0,0,0,0,0,0,0,0,0,0,0,-2,8,-3,8,-4,8,-5,9,-5,9,-6,9,-7,9,-8,9,-9,9,-9,9,-9,9,-9,9,-9,9,-9,9,-10,9,-9,10,-9,10,-9,10,-9,10,-9,11,-9,11,-9,12,-9,11,-8,13,-9,14,-9,13]"
CSI_DATA,430,1a:00:00:00:00:00,-46,11,0,0,0,0,0,0,0,0,0,-91,0,1,0,80345847,0,31,0,128,0,"[0,0,-16,2,-16,3,-16,3,-15,3,-15,3,-15,3,-14,3,-14,4,-13,4,-13,5,-13,6,-12,6,-12,6,-12,6,-12,6,-12,7,-12,6,-12,6,-13,6,-12,5,-12,4,-12,4,-11,4,-11,4,-11,3,-11,2,0,0,0,0,0,0,0,0,0,0,0,0,0,0,0,0,0,0,0,0,0,0,-8,3,-9,3,-10,3,-11,2,-12,2,-12,1,-13,1,-13,0,-13,-1,-14,-1,-14,-1,-14,-1,-14,-1,-14,-1,-14,-1,-14,-1,-14,-1,-14,0,-15,0,-15,1,-15,1,-16,2,-15,1,-17,3,-17,3,-17,2]"
CSI_DATA,431,1a:00:00:00:00:00,-46,11,0,0,0,0,0,0,0,0,0,-91,0,1,0,80406157,0,42,0,128,0,"[0,0,3,15,3,15,3,15,4,14,3,14,3,13,4,13,4,12,5,12,5,11,6,11,6,11,6,11,6,11,6,11,7,11,6,11,6,11,6,11,5,11,4,11,4,11,3,10,3,10,3,10,2,9,0,0,0,0,0,0,0,0,0,0,0,0,0,0,0,0,0,0,0,0,0,0,4,7,4,8,4,8,4,9,3,10,2,11,2,12,1,12,1,12,0,12,0,13,0,13,0,13,0,13,0,13,1,13,1,13,1,13,1,13,2,13,2,14,2,14,2,14,3,15,4,15,4,15]"
CSI_DATA,432,1a:00:00:00:00:00,-46,11,0,0,0,0,0,0,0,0,0,-91,0,1,0,80475028,0,31,0,128,0,"[0,0,-16,3,-16,3,-16,3,-15,3,-15,3,-14,3,-14,4,-14,4,-13,4,-13,5,-13,5,-12,6,-12,6,-12,6,-12,6,-12,6,-12,6,-12,6,-12,5,-12,5,-12,4,-12,4,-11,3,-11,3,-10,2,-10,1,0,0,0,0,0,0,0,0,0,0,0,0,0,0,0,0,0,0,0,0,0,0,-8,4,-9,3,-10,3,-10,3,-11,3,-12,2,-12,1,-13,1,-13,0,-14,0,-14,0,-14,-1,-14,-1,-14,-1,-14,-1,-14,0,-14,0,-14,0,-15,1,-15,1,-15,2,-15,2,-15,2,-16,3,-16,3,-16,3]"
CSI_DATA,433,1a:00:00:00:00:00,-46,11,0,0,0,0,0,0,0,0,0,-91,0,1,0,80675864,0,31,0,128,0,"[0,0,-16,-5,-16,-5,-16,-5,-15,-4,-15,-4,-14,-4,-14,-3,-14,-3,-14,-2,-13,-2,-14,-1,-13,-1,-14,0,-14,0,-13,0,-14,0,-14,0,-14,-1,-14,-1,-13,-2,-13,-2,-12,-2,-12,-2,-12,-3,-11,-3,-10,-4,0,0,0,0,0,0,0,0,0,0,0,0,0,0,0,0,0,0,0,0,0,0,-9,-1,-9,-1,-10,-2,-11,-2,-11,-3,-11,-4,-12,-5,-12,-5,-12,-6,-12,-6,-12,-7,-12,-7,-12,-7,-12,-7,-12,-7,-12,-6,-12,-7,-12,-6,-13,-6,-14,-5,-14,-5,-14,-5,-14,-5,-16,-5,-16,-5,-16,-5]"
CSI_DATA,434,1a:00:00:00:00:00,-46,11,0,0,0,0,0,0,0,0,0,-91,0,1,0,80877663,0,31,0,128,0,"[0,0,-15,-7,-15,-7,-15,-7,-14,-7,-14,-6,-14,-6,-14,-6,-13,-5,-13,-5,-13,-3,-13,-3,-13,-2,-13,-2,-14,-2,-13,-3,-14,-2,-14,-3,-14,-3,-14,-3,-13,-4,-12,-4,-12,-4,-11,-4,-11,-4,-10,-5,-9,-6,0,0,0,0,0,0,0,0,0,0,0,0,0,0,0,0,0,0,0,0,0,0,-9,-2,-9,-2,-10,-3,-10,-4,-10,-4,-10,-6,-11,-6,-11,-7,-11,-8,-10,-8,-11,-8,-11,-8,-11,-8,-11,-8,-11,-8,-11,-8,-11,-8,-11,-8,-12,-8,-12,-7,-13,-7,-13,-7,-13,-7,-15,-7,-15,-7,-15,-8]"
[0;32mI (81029) ftm_responder: Counter = 81[0m
CSI_DATA,435,1a:00:00:00:00:00,-46,11,0,0,0,0,0,0,0,0,0,-91,0,1,0,81078306,0,31,0,128,0,"[0,0,-7,-15,-7,-14,-6,-15,-6,-13,-6,-13,-6,-13,-7,-12,-7,-12,-7,-11,-8,-11,-8,-11,-8,-11,-8,-10,-8,-10,-9,-10,-9,-10,-9,-10,-9,-10,-8,-10,-8,-10,-7,-10,-7,-10,-6,-10,-6,-10,-5,-10,-4,-10,0,0,0,0,0,0,0,0,0,0,0,0,0,0,0,0,0,0,0,0,0,0,-5,-7,-5,-8,-5,-8,-5,-9,-5,-10,-4,-11,-4,-12,-4,-12,-3,-12,-3,-12,-3,-13,-3,-13,-3,-13,-2,-13,-3,-13,-3,-13,-3,-13,-3,-13,-4,-13,-5,-13,-5,-13,-5,-14,-5,-14,-6,-14,-7,-14,-6,-15]"
CSI_DATA,436,1a:00:00:00:00:00,-46,11,0,0,0,0,0,0,0,0,0,-91,0,1,0,81285385,0,31,0,128,0,"[0,0,-6,15,-6,14,-6,14,-5,14,-5,13,-5,13,-5,13,-4,13,-3,12,-3,12,-2,12,-2,12,-2,12,-1,13,-1,12,-1,12,-1,13,-1,13,-1,12,-1,11,-2,12,-3,11,-3,10,-4,10,-4,9,-4,9,0,0,0,0,0,0,0,0,0,0,0,0,0,0,0,0,0,0,0,0,0,0,-1,8,-2,9,-3,10,-3,10,-4,10,-5,11,-5,11,-6,11,-7,11,-7,11,-8,11,-8,11,-8,11,-8,11,-8,11,-7,11,-7,11,-7,11,-7,12,-6,12,-6,12,-6,13,-6,13,-6,15,-6,14,-6,14]"
CSI_DATA,437,1a:00:00:00:00:00,-46,11,0,0,0,0,0,0,0,0,0,-91,0,1,0,81480768,0,31,0,128,0,"[0,0,-16,3,-16,4,-16,4,-15,3,-15,4,-15,4,-14,4,-13,4,-13,5,-12,5,-12,6,-11,7,-11,7,-12,7,-11,7,-11,7,-11,7,-12,7,-12,7,-12,6,-12,6,-12,5,-11,5,-11,4,-11,3,-11,3,0,0,0,0,0,0,0,0,0,0,0,0,0,0,0,0,0,0,0,0,0,0,-9,4,-10,4,-11,3,-12,3,-12,2,-13,2,-14,1,-14,0,-14,0,-14,0,-15,0,-15,0,-15,0,-15,0,-14,0,-15,0,-15,0,-14,0,-15,1,-15,2,-15,2,-16,2,-15,3,-16,4,-17,4,-17,3]"
CSI_DATA,438,1a:00:00:00:00:00,-45,11,0,0,0,0,0,0,0,0,0,-91,0,1,0,81681850,0,31,0,128,0,"[0,0,-15,-8,-15,-8,-14,-7,-14,-7,-14,-7,-14,-6,-14,-6,-13,-5,-13,-4,-13,-4,-13,-3,-13,-3,-13,-3,-13,-2,-13,-2,-13,-2,-14,-2,-14,-2,-13,-3,-13,-3,-13,-3,-12,-4,-12,-4,-11,-4,-10,-5,-10,-5,0,0,0,0,0,0,0,0,0,0,0,0,0,0,0,0,0,0,0,0,0,0,-10,-2,-10,-3,-11,-4,-12,-4,-12,-6,-12,-7,-12,-7,-12,-8,-12,-9,-12,-9,-12,-10,-11,-10,-11,-9,-11,-9,-11,-9,-12,-9,-12,-9,-12,-9,-13,-9,-13,-8,-13,-8,-14,-8,-14,-8,-15,-8,-15,-8,-15,-8]"
CSI_DATA,439,1a:00:00:00:00:00,-46,11,0,0,0,0,0,0,0,0,0,-91,0,1,0,81883002,0,31,0,128,0,"[0,0,11,11,11,10,11,9,11,10,10,9,11,9,11,7,10,7,10,7,11,6,11,5,10,5,10,5,11,4,11,4,11,4,12,4,12,4,11,5,11,5,11,5,10,5,9,5,9,6,8,6,7,7,0,0,0,0,0,0,0,0,0,0,0,0,0,0,0,0,0,0,0,0,0,0,9,4,9,4,9,5,9,6,10,7,9,8,9,9,9,9,9,10,8,11,8,11,8,11,8,11,8,11,8,10,8,11,8,11,8,10,9,10,10,10,10,10,10,10,11,11,11,11,11,11,11,11]"
CSI_DATA,440,1a:00:00:00:00:00,-46,11,0,0,0,0,0,0,0,0,0,-91,0,1,0,81943378,0,42,0,128,0,"[0,0,5,-14,4,-15,4,-14,4,-14,4,-14,3,-13,3,-13,3,-13,1,-12,1,-13,0,-13,0,-12,-1,-12,-1,-12,-1,-13,-1,-12,-2,-13,-1,-13,-1,-13,-1,-12,0,-12,0,-12,0,-12,1,-11,1,-11,2,-10,0,0,0,0,0,0,0,0,0,0,0,0,0,0,0,0,0,0,0,0,0,0,0,-10,1,-11,2,-11,3,-11,4,-12,4,-12,5,-12,6,-12,7,-12,7,-12,7,-12,7,-12,8,-12,7,-12,7,-11,7,-12,7,-12,6,-12,6,-13,6,-13,6,-13,6,-14,5,-14,5,-15,5,-15,6,-15]"
CSI_DATA,441,1a:00:00:00:00:00,-46,11,0,0,0,0,0,0,0,0,0,-91,0,1,0,82010262,0,31,0,128,0,"[0,0,5,14,5,13,6,14,5,12,6,13,5,11,6,11,6,10,7,10,7,9,8,9,8,8,8,8,8,8,8,8,9,8,9,8,9,8,9,9,8,8,8,9,7,9,6,8,6,9,5,9,5,9,0,0,0,0,0,0,0,0,0,0,0,0,0,0,0,0,0,0,0,0,0,0,6,7,6,8,5,9,5,10,5,10,4,12,4,12,3,13,3,13,2,13,2,14,2,14,2,13,2,13,2,13,2,13,2,13,2,13,3,13,4,14,4,13,4,13,4,13,5,14,5,14,6,15]"
[0;32mI (82029) ftm_responder: Counter = 82[0m
CSI_DATA,442,1a:00:00:00:00:00,-46,11,0,0,0,0,0,0,0,0,0,-91,0,1,0,82211336,0,31,0,128,0,"[0,0,10,-11,9,-11,9,-12,8,-11,9,-11,8,-11,7,-11,6,-11,6,-11,5,-11,4,-11,4,-11,4,-11,3,-12,3,-11,3,-12,3,-12,3,-12,4,-12,4,-11,4,-11,4,-11,5,-10,5,-10,5,-9,6,-9,0,0,0,0,0,0,0,0,0,0,0,0,0,0,0,0,0,0,0,0,0,0,4,-10,5,-10,6,-10,7,-11,7,-10,8,-10,9,-10,10,-9,10,-9,11,-9,11,-9,11,-9,11,-8,11,-9,11,-8,10,-9,11,-9,10,-9,10,-10,10,-10,10,-10,10,-11,10,-11,10,-12,10,-12,10,-12]"
CSI_DATA,443,1a:00:00:00:00:00,-46,11,0,0,0,0,0,0,0,0,0,-91,0,1,0,82412523,0,31,0,128,0,"[0,0,-13,8,-12,9,-13,9,-11,8,-12,9,-11,9,-11,9,-10,9,-9,8,-8,9,-7,9,-7,10,-7,9,-7,11,-6,10,-6,11,-7,11,-7,10,-7,10,-7,9,-8,9,-8,9,-8,8,-8,8,-8,7,-8,6,0,0,0,0,0,0,0,0,0,0,0,0,0,0,0,0,0,0,0,0,0,0,-7,8,-8,8,-9,8,-10,8,-10,7,-12,7,-12,7,-13,6,-13,6,-14,5,-14,5,-14,5,-14,5,-14,5,-14,5,-13,5,-13,6,-13,6,-14,6,-14,6,-13,7,-13,7,-12,7,-14,9,-14,9,-14,9]"
CSI_DATA,444,1a:00:00:00:00:00,-46,11,0,0,0,0,0,0,0,0,0,-91,0,1,0,82614571,0,31,0,128,0,"[0,0,-13,-9,-13,-9,-13,-9,-12,-9,-12,-8,-12,-7,-12,-7,-12,-6,-11,-6,-11,-5,-12,-4,-11,-4,-12,-4,-12,-3,-12,-3,-12,-3,-13,-3,-13,-3,-13,-4,-12,-3,-12,-4,-12,-4,-11,-4,-11,-5,-10,-5,-10,-6,0,0,0,0,0,0,0,0,0,0,0,0,0,0,0,0,0,0,0,0,0,0,-10,-4,-10,-5,-11,-6,-11,-7,-11,-7,-11,-9,-11,-10,-10,-10,-10,-11,-10,-11,-10,-11,-10,-12,-10,-11,-9,-11,-9,-11,-10,-11,-10,-11,-10,-10,-11,-10,-11,-10,-12,-10,-12,-10,-12,-9,-13,-10,-13,-10,-13,-10]"
CSI_DATA,445,1a:00:00:00:00:00,-46,11,0,0,0,0,0,0,0,0,0,-91,0,1,0,82814998,0,31,0,128,0,"[0,0,8,14,7,13,7,13,7,12,7,12,7,11,8,11,7,10,8,9,8,9,9,9,8,8,9,8,10,7,9,7,10,7,10,7,10,8,10,8,9,8,9,8,8,8,7,8,7,8,6,8,6,9,0,0,0,0,0,0,0,0,0,0,0,0,0,0,0,0,0,0,0,0,0,0,7,7,7,8,7,9,7,10,6,10,6,12,6,13,5,13,5,14,4,13,4,14,3,14,3,14,4,14,3,13,4,13,4,14,4,13,5,13,6,13,6,13,6,13,6,13,7,14,8,14,8,14]"
CSI_DATA,446,1a:00:00:00:00:00,-46,11,0,0,0,0,0,0,0,0,0,-91,0,1,0,83016460,0,31,0,128,0,"[0,0,1,15,1,14,1,15,2,14,2,14,2,13,3,13,2,12,3,11,4,11,4,11,4,11,5,10,5,10,5,10,6,10,5,10,6,10,5,10,5,10,5,10,4,10,3,9,3,10,3,9,2,9,0,0,0,0,0,0,0,0,0,0,0,0,0,0,0,0,0,0,0,0,0,0,3,9,3,10,3,10,2,11,1,11,1,13,0,13,0,13,-1,14,-2,13,-2,14,-2,14,-2,13,-2,13,-2,13,-2,13,-2,14,-1,13,-1,14,0,14,0,14,0,14,0,14,0,15,1,15,1,15]"
[0;32mI (83039) ftm_responder: Counter = 83[0m
CSI_DATA,447,1a:00:00:00:00:00,-46,11,0,0,0,0,0,0,0,0,0,-91,0,1,0,83217372,0,31,0,128,0,"[0,0,-12,-11,-12,-11,-12,-11,-12,-11,-11,-10,-11,-9,-11,-9,-11,-8,-11,-8,-11,-7,-12,-6,-11,-6,-12,-6,-12,-5,-12,-5,-12,-5,-12,-5,-12,-5,-12,-5,-11,-5,-11,-6,-11,-6,-10,-6,-10,-6,-9,-6,-9,-7,0,0,0,0,0,0,0,0,0,0,0,0,0,0,0,0,0,0,0,0,0,0,-9,-5,-10,-5,-10,-7,-10,-7,-10,-8,-10,-10,-10,-10,-9,-11,-9,-12,-9,-12,-9,-12,-9,-12,-9,-12,-8,-12,-8,-12,-9,-12,-9,-12,-9,-12,-10,-11,-10,-11,-10,-11,-11,-11,-11,-11,-12,-12,-12,-11,-12,-12]"
CSI_DATA,448,1a:00:00:00:00:00,-46,11,0,0,0,0,0,0,0,0,0,-91,0,1,0,83418463,0,31,0,128,0,"[0,0,-16,2,-17,2,-16,3,-15,2,-15,3,-15,3,-14,3,-14,3,-13,4,-13,4,-13,5,-12,5,-12,5,-12,6,-12,5,-12,6,-12,6,-12,5,-12,5,-12,5,-12,4,-11,4,-11,3,-11,3,-11,2,-11,1,0,0,0,0,0,0,0,0,0,0,0,0,0,0,0,0,0,0,0,0,0,0,-9,4,-10,4,-11,3,-11,3,-12,3,-13,2,-14,1,-14,1,-14,0,-14,-1,-15,-1,-15,-1,-15,-1,-15,-1,-14,-1,-15,0,-15,0,-14,0,-15,0,-15,1,-15,1,-16,2,-16,2,-17,2,-17,3,-17,2]"
CSI_DATA,449,1a:00:00:00:00:00,-46,11,0,0,0,0,0,0,0,0,0,-91,0,1,0,83478831,0,42,0,128,0,"[0,0,-15,-8,-15,-7,-15,-7,-14,-7,-14,-6,-14,-6,-13,-6,-13,-5,-13,-4,-13,-4,-13,-3,-13,-3,-13,-2,-13,-2,-13,-2,-13,-2,-13,-1,-13,-2,-13,-2,-13,-3,-12,-3,-12,-3,-11,-3,-11,-3,-10,-4,-10,-4,0,0,0,0,0,0,0,0,0,0,0,0,0,0,0,0,0,0,0,0,0,0,-9,-3,-10,-3,-10,-4,-11,-5,-11,-5,-11,-7,-11,-8,-11,-8,-11,-9,-11,-9,-11,-9,-11,-9,-11,-9,-11,-9,-11,-9,-11,-9,-11,-9,-12,-8,-12,-8,-13,-8,-13,-8,-13,-8,-14,-8,-14,-7,-15,-8,-15,-8]"
CSI_DATA,450,1a:00:00:00:00:00,-46,11,0,0,0,0,0,0,0,0,0,-91,0,1,0,83545330,0,31,0,128,0,"[0,0,16,-2,16,-2,16,-2,15,-2,15,-2,14,-3,14,-3,13,-3,13,-4,12,-4,12,-5,12,-5,11,-5,12,-6,11,-6,12,-6,11,-6,12,-6,12,-5,11,-5,11,-4,11,-4,10,-3,11,-3,10,-2,10,-2,0,0,0,0,0,0,0,0,0,0,0,0,0,0,0,0,0,0,0,0,0,0,8,-4,9,-4,10,-3,11,-3,11,-3,12,-2,12,-1,13,0,13,0,13,1,14,1,13,1,14,1,13,1,13,1,14,1,14,0,13,0,14,0,15,-1,15,-1,15,-1,15,-1,16,-2,16,-2,16,-2]"
CSI_DATA,451,1a:00:00:00:00:00,-46,11,0,0,0,0,0,0,0,0,0,-91,0,1,0,83746610,0,31,0,128,0,"[0,0,15,4,15,3,14,3,14,3,13,2,13,2,13,1,13,1,12,1,12,0,13,-1,12,-1,12,-1,12,-2,12,-2,12,-2,12,-2,12,-2,12,-2,11,-1,11,-1,11,0,10,0,11,0,10,1,9,1,0,0,0,0,0,0,0,0,0,0,0,0,0,0,0,0,0,0,0,0,0,0,9,-1,9,0,10,0,10,1,11,2,11,3,11,4,11,4,11,5,11,6,12,6,11,6,12,6,12,6,11,6,12,5,12,5,12,5,12,5,13,4,13,4,14,4,14,4,15,3,15,3,15,4]"
CSI_DATA,452,1a:00:00:00:00:00,-46,11,0,0,0,0,0,0,0,0,0,-91,0,1,0,83948063,0,31,0,128,0,"[0,0,8,-13,7,-14,7,-14,7,-13,7,-13,6,-13,6,-13,5,-13,4,-13,4,-12,3,-12,3,-13,3,-13,2,-13,2,-12,2,-13,2,-13,2,-13,2,-12,3,-12,3,-12,4,-11,4,-11,4,-10,4,-10,5,-9,0,0,0,0,0,0,0,0,0,0,0,0,0,0,0,0,0,0,0,0,0,0,1,-9,2,-10,3,-10,4,-11,4,-11,5,-11,6,-11,7,-11,7,-11,8,-11,8,-11,8,-10,9,-10,9,-10,9,-10,8,-11,8,-11,8,-11,8,-11,7,-12,8,-12,8,-13,8,-13,8,-14,8,-14,8,-14]"
[0;32mI (84049) ftm_responder: Counter = 84[0m
CSI_DATA,453,1a:00:00:00:00:00,-46,11,0,0,0,0,0,0,0,0,0,-91,0,1,0,84149813,0,31,0,128,0,"[0,0,-10,12,-10,12,-10,12,-10,12,-9,11,-9,11,-8,11,-7,11,-7,11,-6,11,-6,11,-5,11,-5,11,-5,11,-4,11,-4,11,-5,12,-4,12,-4,11,-5,11,-5,10,-5,10,-6,10,-5,9,-6,8,-6,8,0,0,0,0,0,0,0,0,0,0,0,0,0,0,0,0,0,0,0,0,0,0,-4,8,-4,8,-5,8,-6,9,-7,9,-8,9,-9,9,-9,8,-10,8,-11,8,-11,8,-11,8,-11,8,-11,8,-11,8,-10,9,-11,9,-10,9,-10,10,-10,10,-10,10,-10,11,-10,11,-10,12,-11,12,-10,12]"
CSI_DATA,454,1a:00:00:00:00:00,-46,11,0,0,0,0,0,0,0,0,0,-91,0,1,0,84350112,0,31,0,128,0,"[0,0,14,-5,14,-5,14,-5,13,-5,13,-5,12,-5,12,-5,12,-6,11,-6,10,-6,10,-7,10,-7,9,-8,9,-8,9,-8,9,-8,9,-8,9,-8,9,-7,9,-7,9,-6,10,-6,9,-6,9,-6,9,-5,9,-4,0,0,0,0,0,0,0,0,0,0,0,0,0,0,0,0,0,0,0,0,0,0,7,-5,8,-5,9,-5,10,-5,10,-4,11,-4,11,-3,12,-3,12,-2,12,-2,13,-2,13,-2,13,-2,13,-2,13,-1,12,-2,13,-2,12,-2,13,-3,13,-3,13,-4,14,-4,13,-4,14,-5,14,-6,15,-5]"
CSI_DATA,455,1a:00:00:00:00:00,-46,11,0,0,0,0,0,0,0,0,0,-91,0,1,0,84551286,0,31,0,128,0,"[0,0,-9,13,-9,13,-9,12,-8,12,-8,12,-7,12,-7,12,-6,11,-6,11,-5,11,-4,12,-4,11,-4,12,-4,12,-3,12,-3,12,-4,12,-3,12,-4,11,-4,11,-4,11,-5,10,-5,10,-5,10,-5,9,-6,8,0,0,0,0,0,0,0,0,0,0,0,0,0,0,0,0,0,0,0,0,0,0,-3,9,-4,9,-5,9,-5,10,-6,10,-7,10,-8,10,-9,10,-9,9,-10,9,-10,10,-10,9,-10,9,-10,9,-10,9,-10,10,-10,10,-9,10,-9,10,-9,10,-9,11,-9,11,-9,12,-9,12,-9,13,-9,13]"
CSI_DATA,456,1a:00:00:00:00:00,-46,11,0,0,0,0,0,0,0,0,0,-91,0,1,0,84752434,0,31,0,128,0,"[0,0,-12,-12,-12,-12,-12,-12,-11,-12,-11,-11,-11,-10,-11,-10,-11,-9,-11,-8,-11,-8,-12,-7,-11,-7,-12,-7,-12,-6,-12,-6,-13,-6,-12,-6,-13,-7,-12,-7,-12,-7,-11,-7,-11,-7,-10,-7,-10,-7,-9,-8,-8,-8,0,0,0,0,0,0,0,0,0,0,0,0,0,0,0,0,0,0,0,0,0,0,-9,-6,-9,-6,-9,-7,-9,-8,-9,-9,-9,-10,-9,-11,-8,-12,-8,-12,-7,-12,-8,-13,-7,-13,-7,-13,-7,-12,-7,-13,-8,-12,-8,-12,-8,-12,-9,-13,-10,-12,-9,-12,-10,-12,-10,-12,-11,-12,-12,-12,-11,-13]"
CSI_DATA,457,1a:00:00:00:00:00,-46,11,0,0,0,0,0,0,0,0,0,-91,0,1,0,84953792,0,31,0,128,0,"[0,0,-9,13,-9,12,-9,13,-8,12,-8,12,-7,12,-7,12,-6,11,-6,11,-5,11,-4,12,-4,11,-4,11,-4,12,-3,11,-3,12,-3,12,-3,12,-4,12,-4,11,-4,11,-5,11,-5,10,-5,10,-5,9,-6,8,0,0,0,0,0,0,0,0,0,0,0,0,0,0,0,0,0,0,0,0,0,0,-3,8,-4,9,-5,9,-6,10,-6,10,-8,10,-8,10,-9,9,-9,9,-10,9,-10,9,-10,9,-10,9,-10,9,-10,9,-10,9,-10,10,-9,9,-10,10,-10,11,-9,11,-9,11,-9,11,-9,13,-9,13,-9,13]"
CSI_DATA,458,1a:00:00:00:00:00,-46,11,0,0,0,0,0,0,0,0,0,-91,0,1,0,85014133,0,42,0,128,0,"[0,0,7,-14,7,-14,7,-14,7,-14,7,-13,6,-13,5,-13,5,-12,4,-12,4,-12,3,-13,2,-13,2,-12,2,-13,2,-13,2,-13,2,-13,2,-13,3,-13,3,-12,3,-12,4,-12,3,-11,4,-10,4,-10,5,-9,0,0,0,0,0,0,0,0,0,0,0,0,0,0,0,0,0,0,0,0,0,0,2,-10,2,-10,3,-10,4,-11,5,-11,6,-11,7,-11,7,-11,8,-11,9,-10,8,-11,9,-11,9,-11,9,-11,9,-10,8,-11,8,-11,8,-11,8,-12,8,-12,8,-12,8,-13,7,-12,7,-14,7,-14,8,-14]"
[0;32mI (85049) ftm_responder: Counter = 85[0m
CSI_DATA,459,1a:00:00:00:00:00,-46,11,0,0,0,0,0,0,0,0,0,-91,0,1,0,85083320,0,31,0,128,0,"[0,0,14,4,14,4,14,3,13,3,13,3,13,3,13,2,12,2,12,1,12,1,12,0,12,-1,12,-1,12,-1,12,-1,12,-1,12,-1,12,-1,12,0,12,0,11,0,11,1,11,1,11,1,10,2,9,2,0,0,0,0,0,0,0,0,0,0,0,0,0,0,0,0,0,0,0,0,0,0,9,-1,9,0,10,1,11,1,11,2,11,3,11,4,11,5,12,5,11,6,12,6,11,6,12,6,12,6,11,6,11,6,11,5,11,5,12,5,13,5,12,5,13,4,13,5,14,4,15,4,15,4]"
CSI_DATA,460,1a:00:00:00:00:00,-46,11,0,0,0,0,0,0,0,0,0,-91,0,1,0,85284113,0,31,0,128,0,"[0,0,-6,14,-6,14,-6,14,-5,13,-5,13,-5,12,-4,12,-4,12,-3,12,-2,12,-2,12,-2,12,-2,12,-1,12,-1,12,-1,12,-1,12,-1,12,-2,12,-2,12,-2,11,-3,11,-3,10,-3,10,-4,9,-4,9,0,0,0,0,0,0,0,0,0,0,0,0,0,0,0,0,0,0,0,0,0,0,-1,9,-1,9,-2,10,-3,11,-4,11,-5,11,-5,12,-6,11,-7,11,-8,11,-8,11,-8,11,-8,11,-8,11,-8,10,-7,11,-7,11,-7,11,-7,12,-7,12,-7,13,-6,13,-6,13,-6,14,-6,14,-6,14]"
CSI_DATA,461,1a:00:00:00:00:00,-46,11,0,0,0,0,0,0,0,0,0,-91,0,1,0,85485291,0,31,0,128,0,"[0,0,14,-5,15,-6,14,-6,13,-6,13,-6,12,-6,12,-7,11,-7,10,-7,10,-7,10,-8,9,-8,9,-8,9,-9,9,-8,9,-9,9,-9,9,-9,9,-8,9,-8,9,-7,9,-7,9,-6,9,-6,9,-5,9,-4,0,0,0,0,0,0,0,0,0,0,0,0,0,0,0,0,0,0,0,0,0,0,7,-5,8,-5,9,-5,10,-5,11,-5,11,-4,12,-3,12,-3,13,-2,13,-2,13,-2,13,-2,13,-2,13,-2,13,-2,13,-2,13,-2,13,-2,13,-3,14,-4,13,-4,14,-4,14,-4,14,-5,15,-6,15,-5]"
CSI_DATA,462,1a:00:00:00:00:00,-46,11,0,0,0,0,0,0,0,0,0,-91,0,1,0,85687050,0,31,0,128,0,"[0,0,10,-12,9,-12,10,-13,9,-12,9,-12,8,-11,8,-12,8,-11,6,-12,5,-11,5,-13,5,-12,4,-12,4,-13,3,-12,4,-13,4,-12,4,-12,4,-12,4,-12,4,-11,5,-11,5,-10,6,-10,5,-9,6,-9,0,0,0,0,0,0,0,0,0,0,0,0,0,0,0,0,0,0,0,0,0,0,4,-9,5,-10,5,-9,7,-10,7,-10,9,-10,9,-9,10,-9,10,-9,10,-8,11,-9,11,-9,11,-9,11,-9,11,-8,10,-9,11,-9,10,-9,11,-10,11,-11,10,-11,10,-11,10,-11,10,-13,10,-13,11,-13]"
CSI_DATA,463,1a:00:00:00:00:00,-46,11,0,0,0,0,0,0,0,0,0,-91,0,1,0,85887635,0,31,0,128,0,"[0,0,-15,5,-15,5,-14,5,-14,5,-13,5,-13,6,-12,6,-12,6,-11,6,-11,6,-10,7,-10,7,-10,7,-9,8,-9,8,-9,8,-10,8,-10,8,-9,8,-9,7,-9,6,-9,6,-9,5,-10,5,-9,4,-9,4,0,0,0,0,0,0,0,0,0,0,0,0,0,0,0,0,0,0,0,0,0,0,-8,5,-9,5,-10,4,-11,4,-11,4,-12,3,-13,3,-13,3,-13,2,-14,1,-14,1,-14,1,-14,1,-14,1,-14,1,-13,2,-14,2,-13,2,-14,3,-14,4,-14,4,-14,5,-14,4,-15,5,-15,5,-15,5]"
[0;32mI (86049) ftm_responder: Counter = 86[0m
CSI_DATA,464,1a:00:00:00:00:00,-46,11,0,0,0,0,0,0,0,0,0,-91,0,1,0,86089276,0,31,0,128,0,"[0,0,12,-9,12,-10,11,-9,11,-10,11,-9,10,-9,10,-9,9,-9,8,-9,8,-10,7,-10,7,-10,6,-10,7,-11,6,-11,6,-11,7,-11,6,-11,7,-10,7,-10,7,-9,7,-9,8,-8,7,-8,7,-7,7,-6,0,0,0,0,0,0,0,0,0,0,0,0,0,0,0,0,0,0,0,0,0,0,5,-8,6,-8,7,-8,8,-8,8,-8,9,-8,10,-7,11,-7,11,-7,12,-6,12,-6,12,-6,12,-6,12,-6,12,-6,11,-7,11,-7,11,-7,11,-7,12,-8,12,-8,12,-9,12,-9,12,-10,12,-10,12,-10]"
CSI_DATA,465,1a:00:00:00:00:00,-46,11,0,0,0,0,0,0,0,0,0,-91,0,1,0,86290097,0,31,0,128,0,"[0,0,-16,-1,-16,0,-16,-1,-15,-1,-15,0,-15,0,-14,1,-14,1,-13,2,-13,2,-13,3,-12,3,-12,3,-12,4,-12,4,-13,4,-13,4,-13,4,-13,3,-12,3,-12,2,-12,2,-11,2,-11,1,-11,0,-11,0,0,0,0,0,0,0,0,0,0,0,0,0,0,0,0,0,0,0,0,0,0,0,-10,2,-11,1,-11,1,-12,0,-13,0,-13,-1,-14,-2,-14,-3,-14,-3,-14,-4,-14,-4,-14,-4,-14,-4,-14,-4,-14,-4,-14,-3,-14,-3,-14,-3,-15,-2,-15,-2,-15,-2,-16,-1,-15,-1,-17,-1,-17,0,-17,-1]"
CSI_DATA,466,1a:00:00:00:00:00,-46,11,0,0,0,0,0,0,0,0,0,-91,0,1,0,86491224,0,31,0,128,0,"[0,0,-14,-9,-14,-9,-14,-8,-13,-9,-13,-8,-13,-7,-13,-7,-12,-6,-12,-5,-13,-5,-13,-4,-12,-4,-13,-3,-13,-3,-13,-3,-13,-3,-13,-3,-13,-3,-13,-3,-13,-4,-12,-4,-11,-4,-11,-4,-11,-5,-10,-5,-9,-6,0,0,0,0,0,0,0,0,0,0,0,0,0,0,0,0,0,0,0,0,0,0,-10,-3,-10,-4,-10,-5,-10,-6,-11,-7,-10,-8,-11,-9,-10,-9,-10,-10,-10,-10,-10,-11,-10,-11,-10,-10,-10,-10,-10,-10,-11,-10,-11,-10,-11,-10,-11,-10,-12,-9,-12,-9,-13,-9,-13,-9,-14,-9,-14,-9,-14,-10]"
CSI_DATA,467,1a:00:00:00:00:00,-46,11,0,0,0,0,0,0,0,0,0,-91,0,1,0,86551583,0,42,0,128,0,"[0,0,-9,-14,-9,-14,-9,-14,-9,-13,-8,-13,-8,-12,-8,-12,-9,-11,-9,-10,-9,-10,-10,-10,-10,-9,-10,-9,-10,-9,-11,-8,-11,-8,-10,-9,-11,-9,-10,-9,-9,-9,-9,-9,-8,-9,-8,-9,-8,-9,-7,-9,-6,-9,0,0,0,0,0,0,0,0,0,0,0,0,0,0,0,0,0,0,0,0,0,0,-7,-7,-7,-8,-7,-9,-7,-10,-7,-10,-7,-12,-6,-12,-6,-13,-5,-13,-5,-13,-5,-14,-5,-14,-5,-14,-5,-14,-5,-13,-5,-13,-5,-14,-6,-13,-6,-14,-7,-14,-7,-14,-8,-14,-8,-14,-9,-14,-9,-14,-9,-15]"
CSI_DATA,468,1a:00:00:00:00:00,-46,11,0,0,0,0,0,0,0,0,0,-91,0,1,0,86636557,0,31,0,128,0,"[0,0,-14,7,-14,8,-14,7,-13,7,-13,7,-12,8,-12,8,-11,7,-10,8,-10,8,-10,8,-9,8,-9,9,-9,9,-8,9,-9,9,-9,9,-9,9,-9,9,-9,8,-9,8,-9,7,-9,7,-9,6,-9,5,-9,4,0,0,0,0,0,0,0,0,0,0,0,0,0,0,0,0,0,0,0,0,0,0,-6,7,-7,7,-9,7,-9,7,-10,6,-11,6,-12,6,-12,5,-13,5,-13,4,-14,5,-13,4,-14,4,-13,4,-13,4,-13,5,-13,5,-13,5,-13,5,-14,6,-14,6,-14,7,-14,7,-14,8,-14,8,-14,8]"
CSI_DATA,469,1a:00:00:00:00:00,-46,11,0,0,0,0,0,0,0,0,0,-91,0,1,0,86837326,0,31,0,128,0,"[0,0,10,-11,10,-11,9,-11,9,-11,9,-11,8,-11,8,-10,7,-10,6,-10,6,-11,5,-11,5,-11,5,-11,4,-11,4,-11,4,-12,4,-12,4,-11,5,-11,5,-11,5,-10,5,-10,5,-9,5,-9,5,-8,6,-7,0,0,0,0,0,0,0,0,0,0,0,0,0,0,0,0,0,0,0,0,0,0,4,-8,4,-8,5,-8,6,-9,7,-9,8,-8,9,-8,9,-8,10,-8,10,-8,10,-8,10,-8,10,-8,10,-8,10,-7,10,-8,10,-8,9,-8,10,-9,10,-9,10,-10,10,-10,10,-10,10,-11,10,-12,10,-11]"
CSI_DATA,470,1a:00:00:00:00:00,-46,11,0,0,0,0,0,0,0,0,0,-91,0,1,0,87040814,0,31,0,128,0,"[0,0,6,14,6,14,6,13,6,13,6,12,6,12,6,11,6,11,7,10,7,10,7,10,7,9,7,9,8,9,8,9,8,9,8,9,8,9,8,9,7,9,7,9,6,9,6,9,5,9,4,9,3,9,0,0,0,0,0,0,0,0,0,0,0,0,0,0,0,0,0,0,0,0,0,0,6,6,5,7,5,8,5,9,5,10,4,11,4,11,4,12,3,12,2,12,3,13,2,13,2,13,2,13,2,12,3,13,3,13,3,13,4,13,5,13,5,13,5,13,5,13,6,14,6,14,6,15]"
[0;32mI (87049) ftm_responder: Counter = 87[0m
CSI_DATA,471,1a:00:00:00:00:00,-46,11,0,0,0,0,0,0,0,0,0,-91,0,1,0,87239799,0,31,0,128,0,"[0,0,-2,15,-1,15,-1,15,-1,14,-1,14,-1,14,-1,13,0,13,1,12,1,12,2,12,2,12,2,12,3,12,3,12,3,12,3,12,3,12,2,12,2,12,2,11,1,11,1,11,0,10,0,10,-1,9,0,0,0,0,0,0,0,0,0,0,0,0,0,0,0,0,0,0,0,0,0,0,2,8,1,9,0,10,0,10,-1,11,-1,12,-2,12,-3,12,-4,12,-4,12,-4,13,-4,13,-4,13,-4,13,-4,12,-4,13,-4,13,-3,13,-3,13,-3,14,-3,14,-2,14,-2,15,-1,15,-1,16,-1,16]"
CSI_DATA,472,1a:00:00:00:00:00,-46,11,0,0,0,0,0,0,0,0,0,-91,0,1,0,87440947,0,31,0,128,0,"[0,0,7,-14,7,-14,7,-14,6,-14,6,-14,5,-13,4,-13,4,-13,3,-13,3,-13,3,-13,2,-12,2,-13,1,-13,1,-13,1,-13,1,-13,1,-13,1,-13,2,-12,2,-12,3,-12,3,-11,3,-11,4,-10,4,-9,0,0,0,0,0,0,0,0,0,0,0,0,0,0,0,0,0,0,0,0,0,0,1,-9,2,-10,3,-10,4,-11,5,-11,5,-11,6,-11,6,-11,7,-11,8,-10,8,-11,9,-11,9,-11,9,-10,8,-11,8,-11,8,-11,7,-11,8,-12,7,-13,7,-13,7,-14,7,-13,8,-14,8,-15,8,-15]"
CSI_DATA,473,1a:00:00:00:00:00,-46,11,0,0,0,0,0,0,0,0,0,-91,0,1,0,87579481,0,28,0,128,0,"[0,0,7,-15,6,-15,6,-14,5,-14,6,-13,5,-13,4,-13,4,-13,3,-12,2,-12,2,-13,2,-12,2,-13,1,-13,1,-13,1,-13,1,-13,1,-13,1,-12,2,-12,2,-12,3,-12,3,-11,3,-10,3,-10,4,-9,0,0,0,0,0,0,0,0,0,0,0,0,0,0,0,0,0,0,0,0,0,0,1,-9,2,-10,3,-10,3,-10,4,-11,5,-11,5,-11,6,-11,7,-11,8,-11,8,-11,8,-11,8,-11,8,-11,8,-11,8,-12,7,-11,7,-11,7,-12,6,-13,7,-13,7,-14,7,-13,7,-14,7,-14,7,-15]"
CSI_DATA,474,1a:00:00:00:00:00,-46,11,0,0,0,0,0,0,0,0,0,-91,0,1,0,87642122,0,31,0,128,0,"[0,0,3,15,3,15,3,14,3,14,3,14,3,13,4,12,4,12,4,11,5,11,6,11,6,10,6,10,6,10,6,10,7,10,7,10,6,10,6,10,5,10,5,10,4,10,4,10,4,10,3,9,2,9,0,0,0,0,0,0,0,0,0,0,0,0,0,0,0,0,0,0,0,0,0,0,4,7,4,8,3,9,3,10,2,11,2,11,1,12,1,12,0,13,0,13,0,13,0,13,0,13,0,13,0,13,0,13,0,13,1,13,1,13,1,14,1,14,2,14,2,14,3,15,3,15,3,16]"
CSI_DATA,475,1a:00:00:00:00:00,-46,11,0,0,0,0,0,0,0,0,0,-91,0,1,0,87843258,0,31,0,128,0,"[0,0,-11,11,-11,11,-11,10,-10,10,-10,10,-10,10,-9,10,-8,10,-8,10,-7,10,-7,10,-6,10,-6,10,-6,11,-6,11,-6,11,-6,11,-6,10,-6,10,-6,10,-7,9,-7,9,-7,8,-7,8,-8,7,-7,6,0,0,0,0,0,0,0,0,0,0,0,0,0,0,0,0,0,0,0,0,0,0,-4,8,-5,8,-6,8,-7,9,-8,9,-8,8,-9,8,-9,8,-10,8,-11,7,-11,7,-11,7,-11,7,-11,7,-11,7,-11,8,-11,8,-11,8,-11,8,-11,9,-11,9,-11,10,-11,10,-11,11,-12,11,-11,11]"
CSI_DATA,476,1a:00:00:00:00:00,-46,11,0,0,0,0,0,0,0,0,0,-91,0,1,0,88044784,0,31,0,128,0,"[0,0,-16,1,-16,1,-16,1,-15,1,-15,1,-14,2,-14,2,-13,2,-13,3,-13,3,-13,4,-12,4,-12,4,-12,5,-12,5,-12,5,-12,5,-12,5,-12,4,-12,4,-12,4,-12,3,-11,2,-11,2,-11,1,-11,0,0,0,0,0,0,0,0,0,0,0,0,0,0,0,0,0,0,0,0,0,0,0,-9,3,-10,3,-11,2,-11,2,-12,1,-13,1,-13,0,-13,-1,-14,-1,-14,-2,-14,-2,-14,-2,-14,-2,-14,-2,-14,-2,-14,-2,-14,-1,-14,-1,-15,-1,-15,0,-15,0,-16,1,-16,0,-17,1,-17,1,-17,1]"
[0;32mI (88069) ftm_responder: Counter = 88[0m
CSI_DATA,477,1a:00:00:00:00:00,-46,11,0,0,0,0,0,0,0,0,0,-91,0,1,0,88104849,0,42,0,128,0,"[0,0,5,-14,5,-14,5,-14,4,-14,4,-14,4,-13,3,-13,3,-13,2,-12,1,-12,1,-13,0,-12,0,-12,-1,-12,-1,-12,-1,-13,-1,-13,0,-12,0,-12,0,-12,1,-12,1,-11,1,-11,1,-11,2,-10,2,-10,0,0,0,0,0,0,0,0,0,0,0,0,0,0,0,0,0,0,0,0,0,0,0,-9,1,-10,2,-10,3,-11,3,-11,4,-11,5,-11,6,-11,6,-11,7,-11,7,-12,7,-11,7,-11,7,-11,7,-11,6,-12,6,-12,6,-12,6,-12,6,-13,6,-13,5,-13,5,-13,5,-14,5,-14,6,-15]"
CSI_DATA,478,1a:00:00:00:00:00,-46,11,0,0,0,0,0,0,0,0,0,-91,0,1,0,88158820,0,31,0,128,0,"[0,0,-17,-1,-17,-1,-16,-1,-15,-1,-15,0,-14,0,-14,0,-14,1,-13,1,-13,2,-13,3,-13,3,-12,3,-13,4,-12,4,-13,4,-13,4,-13,3,-13,3,-12,2,-12,2,-12,1,-12,1,-12,1,-11,0,-11,-1,0,0,0,0,0,0,0,0,0,0,0,0,0,0,0,0,0,0,0,0,0,0,-10,2,-10,1,-11,1,-12,0,-13,0,-13,-1,-13,-2,-13,-2,-14,-3,-14,-4,-14,-4,-14,-4,-14,-4,-14,-4,-14,-4,-14,-3,-14,-3,-14,-3,-14,-3,-15,-2,-15,-2,-15,-2,-15,-2,-16,-1,-17,-1,-17,-1]"
CSI_DATA,479,1a:00:00:00:00:00,-46,11,0,0,0,0,0,0,0,0,0,-91,0,1,0,88360158,0,31,0,128,0,"[0,0,-10,-12,-10,-12,-11,-12,-10,-11,-10,-11,-10,-10,-10,-10,-10,-9,-10,-8,-10,-8,-11,-7,-11,-7,-11,-7,-11,-6,-11,-6,-12,-6,-11,-6,-12,-7,-11,-7,-11,-7,-10,-7,-10,-7,-9,-7,-9,-7,-8,-8,-7,-8,0,0,0,0,0,0,0,0,0,0,0,0,0,0,0,0,0,0,0,0,0,0,-9,-6,-9,-6,-9,-7,-9,-8,-9,-9,-9,-10,-8,-11,-8,-11,-8,-12,-7,-12,-7,-13,-7,-13,-7,-12,-7,-12,-7,-12,-7,-12,-7,-12,-8,-12,-9,-12,-9,-12,-9,-12,-9,-12,-9,-12,-10,-12,-11,-13,-11,-13]"
CSI_DATA,480,1a:00:00:00:00:00,-46,11,0,0,0,0,0,0,0,0,0,-91,0,1,0,88561091,0,31,0,128,0,"[0,0,-4,14,-3,14,-3,13,-3,14,-3,13,-2,13,-2,12,-2,12,-1,11,0,12,1,12,1,11,1,11,1,11,2,11,2,11,2,12,2,11,1,12,1,11,1,11,0,11,-1,11,-1,11,-1,10,-2,9,0,0,0,0,0,0,0,0,0,0,0,0,0,0,0,0,0,0,0,0,0,0,0,9,-1,9,-1,10,-2,10,-3,11,-3,11,-4,12,-5,11,-5,12,-6,11,-6,12,-6,12,-6,12,-6,11,-6,11,-6,12,-5,11,-5,12,-5,12,-5,13,-5,13,-4,13,-4,13,-4,14,-4,14,-4,14]"
CSI_DATA,481,1a:00:00:00:00:00,-46,11,0,0,0,0,0,0,0,0,0,-91,0,1,0,88764208,0,31,0,128,0,"[0,0,12,-9,12,-10,12,-10,11,-9,11,-9,10,-9,9,-9,9,-9,8,-9,7,-10,7,-11,7,-11,7,-11,6,-12,6,-11,6,-12,6,-12,7,-12,7,-11,7,-10,7,-10,8,-10,7,-9,7,-9,7,-8,8,-7,0,0,0,0,0,0,0,0,0,0,0,0,0,0,0,0,0,0,0,0,0,0,6,-8,7,-8,7,-8,8,-8,9,-7,10,-7,11,-7,11,-6,12,-6,12,-5,12,-6,12,-6,12,-6,12,-6,12,-6,12,-6,12,-6,11,-6,12,-7,12,-7,12,-8,12,-8,12,-8,12,-9,12,-10,12,-9]"
CSI_DATA,482,1a:00:00:00:00:00,-46,11,0,0,0,0,0,0,0,0,0,-91,0,1,0,88963501,0,31,0,128,0,"[0,0,7,-14,7,-14,6,-14,5,-14,6,-14,5,-13,4,-13,5,-13,2,-13,2,-12,1,-14,1,-13,1,-13,0,-13,1,-13,0,-14,-1,-14,2,-11,1,-13,2,-14,2,-9,3,-12,4,-12,5,-9,3,-9,5,-10,0,0,0,0,0,0,0,0,0,0,0,0,0,0,0,0,0,0,0,0,0,0,2,-10,3,-10,4,-10,5,-11,5,-11,6,-11,7,-11,8,-11,8,-11,9,-10,9,-11,9,-10,9,-10,9,-10,9,-10,8,-11,8,-11,8,-11,8,-11,8,-12,7,-12,7,-13,7,-13,7,-14,7,-14,7,-14]"
[0;32mI (89079) ftm_responder: Counter = 89[0m
CSI_DATA,483,1a:00:00:00:00:00,-46,11,0,0,0,0,0,0,0,0,0,-91,0,1,0,89164960,0,31,0,128,0,"[0,0,-12,9,-12,10,-12,9,-11,9,-11,9,-10,10,-10,10,-9,10,-8,10,-7,10,-7,10,-7,10,-6,11,-6,11,-6,11,-6,11,-7,12,-7,11,-7,12,-7,10,-8,10,-8,9,-8,9,-8,9,-8,8,-8,7,0,0,0,0,0,0,0,0,0,0,0,0,0,0,0,0,0,0,0,0,0,0,-6,7,-7,7,-8,7,-9,8,-9,7,-10,7,-11,7,-11,7,-12,6,-13,6,-13,6,-13,6,-13,6,-13,5,-13,5,-12,6,-12,6,-12,6,-12,7,-12,8,-12,8,-12,8,-12,8,-12,10,-12,10,-12,9]"
CSI_DATA,484,1a:00:00:00:00:00,-46,11,0,0,0,0,0,0,0,0,0,-91,0,1,0,89366036,0,31,0,128,0,"[0,0,-7,-14,-7,-14,-7,-13,-7,-14,-6,-13,-7,-12,-8,-12,-7,-11,-8,-11,-9,-10,-9,-10,-9,-9,-9,-10,-10,-9,-10,-10,-10,-9,-10,-10,-10,-10,-10,-10,-9,-10,-9,-10,-8,-10,-7,-10,-6,-10,-6,-10,-5,-10,0,0,0,0,0,0,0,0,0,0,0,0,0,0,0,0,0,0,0,0,0,0,-7,-8,-6,-9,-6,-10,-6,-10,-6,-11,-5,-12,-5,-13,-5,-13,-4,-14,-3,-14,-3,-14,-3,-14,-3,-14,-3,-14,-3,-13,-3,-14,-3,-13,-4,-14,-4,-13,-5,-14,-5,-14,-6,-14,-6,-14,-6,-14,-6,-15,-6,-15]"
CSI_DATA,485,1a:00:00:00:00:00,-46,11,0,0,0,0,0,0,0,0,0,-91,0,1,0,89567719,0,31,0,128,0,"[0,0,9,-12,8,-12,8,-13,8,-12,8,-12,7,-12,6,-12,6,-12,5,-12,4,-12,4,-12,4,-12,3,-12,3,-13,3,-12,3,-13,3,-13,3,-13,4,-13,4,-12,4,-12,5,-11,5,-11,5,-10,6,-10,6,-9,0,0,0,0,0,0,0,0,0,0,0,0,0,0,0,0,0,0,0,0,0,0,2,-9,3,-10,4,-10,5,-10,6,-10,7,-10,8,-10,8,-10,9,-10,9,-9,10,-10,10,-9,10,-9,10,-9,10,-9,9,-9,9,-10,9,-9,10,-11,9,-11,9,-11,9,-12,9,-12,9,-12,9,-13,9,-13]"
CSI_DATA,486,1a:00:00:00:00:00,-46,11,0,0,0,0,0,0,0,0,0,-91,0,1,0,89629529,0,42,0,128,0,"[0,0,14,1,15,0,14,0,14,0,14,-1,13,-1,13,-2,13,-2,12,-2,12,-3,12,-4,11,-4,11,-4,12,-5,12,-5,12,-5,12,-5,12,-5,12,-4,12,-4,12,-3,11,-3,11,-2,11,-2,10,-1,10,0,0,0,0,0,0,0,0,0,0,0,0,0,0,0,0,0,0,0,0,0,0,0,9,-2,9,-1,10,-1,11,0,11,0,12,1,12,2,12,3,12,3,12,4,13,4,12,4,12,4,12,4,12,4,12,4,12,3,12,3,13,3,14,2,13,2,14,1,14,2,15,1,15,1,15,1]"
