ESP-ROM:esp32s3-20210327
Build:Mar 27 2021
rst:0x15 (USB_UART_CHIP_RESET),boot:0x8 (SPI_FAST_FLASH_BOOT)
Saved PC:0x4037ac12
SPIWP:0xee
mode:DIO, clock div:1
load:0x3fce2810,len:0x15a0
load:0x403c8700,len:0x4
load:0x403c8704,len:0xd20
load:0x403cb700,len:0x2ee4
entry 0x403c8928
[0;32mI (26) boot: ESP-IDF v5.4-dirty 2nd stage bootloader[0m
[0;32mI (27) boot: compile time Aug 31 2025 02:08:46[0m
[0;32mI (27) boot: Multicore bootloader[0m
[0;32mI (27) boot: chip revision: v0.2[0m
[0;32mI (30) boot: efuse block revision: v1.3[0m
[0;32mI (34) boot.esp32s3: Boot SPI Speed : 80MHz[0m
[0;32mI (37) boot.esp32s3: SPI Mode       : DIO[0m
[0;32mI (41) boot.esp32s3: SPI Flash Size : 2MB[0m
[0;32mI (45) boot: Enabling RNG early entropy source...[0m
[0;32mI (49) boot: Partition Table:[0m
[0;32mI (52) boot: ## Label            Usage          Type ST Offset   Length[0m
[0;32mI (58) boot:  0 nvs              WiFi data        01 02 00009000 00006000[0m
[0;32mI (65) boot:  1 phy_init         RF data          01 01 0000f000 00001000[0m
[0;32mI (71) boot:  2 factory          factory app      00 00 00010000 00100000[0m
[0;32mI (78) boot: End of partition table[0m
[0;32mI (81) esp_image: segment 0: paddr=00010020 vaddr=3c090020 size=198bch (104636) map[0m
[0;32mI (107) esp_image: segment 1: paddr=000298e4 vaddr=3fc99b00 size=04948h ( 18760) load[0m
[0;32mI (111) esp_image: segment 2: paddr=0002e234 vaddr=40374000 size=01de4h (  7652) load[0m
[0;32mI (113) esp_image: segment 3: paddr=00030020 vaddr=42000020 size=837f0h (538608) map[0m
[0;32mI (213) esp_image: segment 4: paddr=000b3818 vaddr=40375de4 size=13c48h ( 80968) load[0m
[0;32mI (231) esp_image: segment 5: paddr=000c7468 vaddr=600fe100 size=0001ch (    28) load[0m
[0;32mI (240) boot: Loaded app from partition at offset 0x10000[0m
[0;32mI (240) boot: Disabling RNG early entropy source...[0m
[0;32mI (250) cpu_start: Multicore app[0m
[0;32mI (260) cpu_start: Pro cpu start user code[0m
[0;32mI (260) cpu_start: cpu freq: 160000000 Hz[0m
[0;32mI (260) app_init: Application information:[0m
[0;32mI (260) app_init: Project name:     initiator[0m
[0;32mI (264) app_init: App version:      207a5d4-dirty[0m
[0;32mI (268) app_init: Compile time:     Aug 30 2025 22:35:46[0m
[0;32mI (273) app_init: ELF file SHA256:  cd4b71abe...[0m
[0;32mI (278) app_init: ESP-IDF:          v5.4-dirty[0m
[0;32mI (282) efuse_init: Min chip rev:     v0.0[0m
[0;32mI (286) efuse_init: Max chip rev:     v0.99 [0m
[0;32mI (290) efuse_init: Chip rev:         v0.2[0m
[0;32mI (294) heap_init: Initializing. RAM available for dynamic allocation:[0m
[0;32mI (300) heap_init: At 3FCA2090 len 00047680 (285 KiB): RAM[0m
[0;32mI (305) heap_init: At 3FCE9710 len 00005724 (21 KiB): RAM[0m
[0;32mI (310) heap_init: At 3FCF0000 len 00008000 (32 KiB): DRAM[0m
[0;32mI (315) heap_init: At 600FE11C len 00001ECC (7 KiB): RTCRAM[0m
[0;32mI (322) spi_flash: detected chip: gd[0m
[0;32mI (324) spi_flash: flash io: dio[0m
[0;33mW (327) spi_flash: Detected size(8192k) larger than the size in the binary image header(2048k). Using the size in the binary image header.[0m
[0;32mI (339) sleep_gpio: Configure to isolate all GPIO pins in sleep state[0m
[0;32mI (346) sleep_gpio: Enable automatic switching of GPIO sleep configuration[0m
[0;32mI (352) main_task: Started on CPU0[0m
[0;32mI (362) main_task: Calling app_main()[0m
[0;32mI (382) pp: pp rom version: e7ae62f[0m
[0;32mI (382) net80211: net80211 rom version: e7ae62f[0m
[0;32mI (392) wifi:wifi driver task: 3fcae364, prio:23, stack:6656, core=0[0m
[0;32mI (402) wifi:wifi firmware version: 48ea317a7[0m
[0;32mI (402) wifi:wifi certification version: v7.0[0m
[0;32mI (402) wifi:config NVS flash: enabled[0m
[0;32mI (402) wifi:config nano formatting: disabled[0m
[0;32mI (402) wifi:Init data frame dynamic rx buffer num: 32[0m
[0;32mI (402) wifi:Init static rx mgmt buffer num: 5[0m
[0;32mI (402) wifi:Init management short buffer num: 32[0m
[0;32mI (402) wifi:Init dynamic tx buffer num: 32[0m
[0;32mI (402) wifi:Init static tx FG buffer num: 2[0m
[0;32mI (402) wifi:Init static rx buffer size: 2212[0m
[0;32mI (402) wifi:Init static rx buffer num: 10[0m
[0;32mI (402) wifi:Init dynamic rx buffer num: 32[0m
[0;32mI (402) wifi_init: rx ba win: 6[0m
[0;32mI (402) wifi_init: accept mbox: 6[0m
[0;32mI (402) wifi_init: tcpip mbox: 32[0m
[0;32mI (402) wifi_init: udp mbox: 6[0m
[0;32mI (402) wifi_init: tcp mbox: 6[0m
[0;32mI (402) wifi_init: tcp tx win: 5760[0m
[0;32mI (402) wifi_init: tcp rx win: 5760[0m
[0;32mI (402) wifi_init: tcp mss: 1440[0m
[0;32mI (402) wifi_init: WiFi IRAM OP enabled[0m
[0;32mI (402) wifi_init: WiFi RX IRAM OP enabled[0m
[0;32mI (412) wifi:Set ps type: 0, coexist: 0[0m

[0;32mI (412) phy_init: phy_version 680,a6008b2,Jun  4 2024,16:41:10[0m
[0;33mW (442) phy_init: saving new calibration data because of checksum failure, mode(0)[0m
[0;32mI (462) wifi:mode : sta (24:ec:4a:04:74:58)[0m
[0;32mI (462) wifi:enable tsf[0m
[0;33mW (462) wifi:Password length matches WPA2 standards, authmode threshold changes from OPEN to WPA2[0m
[0;32mI (462) wifi:ic_enable_sniffer[0m
[0;32mI (462) TAG: Ready: FTM 8 frames/session, CSI ~1Hz, UART=921600.[0m
[0;32mI (462) main_task: Returned from app_main()[0m
[0;32mI (472) wifi:new:<1,0>, old:<1,0>, ap:<255,255>, sta:<1,0>, prof:1, snd_ch_cfg:0x0[0m
[0;32mI (472) wifi:state: init -> auth (0xb0)[0m
[0;32mI (472) wifi:state: auth -> assoc (0x0)[0m
[0;32mI (532) wifi:Association refused temporarily time 1500, comeback time 1600 (TUs)[0m
csi_data,[0,0,7,11,7,11,7,10,7,9,7,9,7,8,6,8,6,7,6,6,6,5,6,5,6,5,6,4,6,3,6,3,6,4,6,4,6,3,6,3,5,3,4,3,4,3,3,3,3,2,3,2,2,2,0,0,0,0,0,0,0,0,0,0,0,0,0,0,0,0,0,0,0,0,0,0,10,11,9,12,8,12,8,13,8,14,7,15,7,15,6,15,5,15,5,15,4,15,4,15,4,15,4,14,4,14,5,13,5,13,6,13,6,12,6,12,7,12,7,12,8,12,8,12,8,12,8,12]
[0;32mI (2172) wifi:state: assoc -> assoc (0x0)[0m
[0;32mI (2172) wifi:state: assoc -> run (0x10)[0m
[0;32mI (2192) wifi:connected with FTM, aid = 1, channel 1, BW20, bssid = 24:ec:4a:03:58:5d[0m
[0;32mI (2192) wifi:security: WPA2-PSK, phy: bgn, rssi: -74[0m
[0;32mI (2192) wifi:pm start, type: 0[0m

[0;32mI (2192) wifi:dp: 1, bi: 102400, li: 3, scale listen interval from 307200 us to 307200 us[0m
[0;32mI (2192) wifi:set rx beacon pti, rx_bcn_pti: 0, bcn_timeout: 25000, mt_pti: 0, mt_time: 10000[0m
[0;33mW (2202) TAG: AP channel is 0 (not ready). Skip this round.[0m
[0;32mI (2212) wifi:AP's beacon interval = 102400 us, DTIM period = 1[0m
csi_data,[0,0,-8,-13,-7,-13,-7,-12,-7,-11,-7,-10,-7,-9,-7,-9,-6,-8,-7,-8,-7,-8,-7,-8,-7,-7,-7,-6,-7,-6,-7,-5,-7,-5,-7,-5,-6,-5,-6,-5,-6,-5,-5,-4,-4,-4,-4,-3,-4,-3,-3,-3,-3,-3,0,0,0,0,0,0,0,0,0,0,0,0,0,0,0,0,0,0,0,0,0,0,-8,-14,-8,-14,-7,-15,-6,-16,-6,-16,-6,-17,-5,-17,-5,-17,-4,-17,-3,-17,-2,-18,-2,-17,-2,-16,-3,-16,-3,-15,-4,-15,-5,-15,-5,-15,-5,-14,-6,-14,-7,-15,-7,-15,-7,-14,-6,-14,-6,-14,-7,-14]
[0;33mW (3202) TAG: AP channel is 0 (not ready). Skip this round.[0m
[0;32mI (3212) esp_netif_handlers: sta ip: 192.168.4.2, mask: 255.255.255.0, gw: 192.168.4.1[0m
csi_data,[0,0,-10,9,-10,9,-9,8,-9,8,-8,8,-8,8,-7,8,-6,7,-6,7,-5,7,-5,7,-4,7,-4,7,-4,7,-3,6,-3,6,-3,6,-3,5,-3,5,-3,5,-3,4,-2,4,-2,3,-2,3,-2,3,-2,2,0,0,0,0,0,0,0,0,0,0,0,0,0,0,0,0,0,0,0,0,0,0,-11,11,-12,11,-13,10,-13,10,-14,9,-15,9,-16,8,-16,7,-16,7,-16,7,-16,6,-16,6,-15,6,-15,6,-14,6,-14,6,-13,6,-13,7,-13,8,-13,8,-12,9,-12,9,-12,10,-12,10,-12,10,-12,9]
[0;33mW (4202) TAG: AP channel is 0 (not ready). Skip this round.[0m
csi_data,[0,0,-11,-11,-10,-10,-9,-9,-9,-9,-9,-8,-9,-7,-9,-7,-9,-6,-9,-5,-9,-4,-8,-4,-8,-4,-8,-3,-8,-3,-7,-3,-7,-2,-7,-2,-7,-2,-6,-2,-5,-2,-5,-1,-5,-1,-5,-2,-4,-2,-4,-2,-3,-2,0,0,0,0,0,0,0,0,0,0,0,0,0,0,0,0,0,0,0,0,0,0,-13,-12,-12,-12,-12,-13,-11,-14,-11,-15,-10,-16,-10,-16,-9,-16,-9,-16,-8,-17,-7,-17,-7,-17,-7,-16,-7,-15,-8,-14,-8,-14,-8,-14,-9,-13,-9,-12,-10,-12,-11,-12,-11,-12,-11,-12,-11,-12,-11,-12,-10,-12]
[0;33mW (5202) TAG: AP channel is 0 (not ready). Skip this round.[0m
csi_data,[0,0,-7,-12,-7,-11,-7,-11,-6,-11,-7,-10,-6,-9,-6,-9,-6,-8,-6,-8,-6,-7,-6,-6,-6,-6,-6,-6,-6,-5,-6,-5,-6,-5,-5,-5,-5,-4,-5,-4,-5,-4,-5,-4,-4,-3,-4,-3,-3,-3,-3,-3,-3,-3,0,0,0,0,0,0,0,0,0,0,0,0,0,0,0,0,0,0,0,0,0,0,-8,-14,-8,-15,-8,-16,-7,-16,-6,-17,-5,-17,-5,-17,-4,-18,-3,-18,-2,-18,-2,-17,-2,-17,-2,-16,-3,-16,-3,-15,-3,-15,-4,-15,-5,-15,-5,-15,-6,-14,-7,-14,-7,-14,-7,-14,-7,-14,-7,-14,-6,-13]
[0;33mW (6202) TAG: AP channel is 0 (not ready). Skip this round.[0m
csi_data,[0,0,0,-13,0,-13,0,-13,0,-12,0,-11,0,-11,-1,-10,-1,-10,-2,-10,-2,-9,-2,-9,-2,-9,-3,-8,-3,-8,-3,-7,-3,-7,-3,-7,-3,-6,-2,-6,-2,-6,-2,-5,-2,-5,-2,-4,-2,-4,-1,-4,-1,-4,0,0,0,0,0,0,0,0,0,0,0,0,0,0,0,0,0,0,0,0,0,0,0,-15,0,-15,1,-16,2,-16,3,-17,3,-17,4,-16,5,-16,6,-16,6,-16,6,-15,6,-15,6,-14,5,-14,4,-13,4,-13,3,-14,3,-14,3,-14,2,-14,2,-14,2,-15,1,-14,1,-14,1,-14,2,-14]
[0;33mW (7202) TAG: AP channel is 0 (not ready). Skip this round.[0m
csi_data,[0,0,0,-14,0,-13,0,-13,0,-12,0,-11,0,-11,-1,-10,-2,-9,-2,-9,-2,-8,-2,-8,-2,-7,-3,-6,-3,-6,-2,-5,-2,-5,-3,-4,-3,-4,-2,-3,-2,-3,-2,-2,-2,-2,-2,-2,-1,-2,-1,-1,-1,1,0,0,0,0,0,0,0,0,0,0,0,0,0,0,0,0,0,0,0,0,0,0,3,-18,3,-18,4,-19,5,-19,6,-19,7,-20,7,-19,8,-18,8,-18,9,-18,9,-18,9,-18,9,-17,8,-17,7,-16,6,-16,5,-16,5,-16,4,-16,4,-16,3,-16,2,-16,1,-16,1,-16,1,-15,1,-15]
[0;33mW (8202) TAG: AP channel is 0 (not ready). Skip this round.[0m
csi_data,[0,0,12,0,11,0,11,0,11,-1,10,-1,9,-2,9,-1,8,-1,6,-2,6,-2,5,-2,5,-3,3,-3,3,-2,3,-2,2,-3,2,-3,1,-2,0,-2,0,-2,0,-2,-1,-2,-1,-2,-1,-2,-1,-2,-2,-2,0,0,0,0,0,0,0,0,0,0,0,0,0,0,0,0,0,0,0,0,0,0,15,1,17,1,17,2,17,3,17,4,17,5,17,6,18,6,18,7,17,8,16,8,16,8,16,7,16,7,15,6,14,5,14,4,13,4,13,4,13,3,13,2,13,2,14,2,14,1,13,1,12,1]
[0;33mW (9202) TAG: AP channel is 0 (not ready). Skip this round.[0m
csi_data,[0,0,6,10,5,10,5,9,5,8,5,7,5,6,5,5,4,4,4,4,4,4,4,4,3,3,3,2,4,1,3,1,3,0,2,0,2,0,2,0,1,-1,1,-1,0,-1,0,-1,0,-2,0,-2,-1,-2,0,0,0,0,0,0,0,0,0,0,0,0,0,0,0,0,0,0,0,0,0,0,6,16,5,16,4,16,3,17,3,18,2,18,2,19,2,19,1,18,1,18,0,17,-1,17,0,16,0,16,1,15,2,15,3,15,3,15,3,14,3,14,4,13,4,13,4,13,4,13,5,13,5,13]
[0;33mW (10202) TAG: AP channel is 0 (not ready). Skip this round.[0m
csi_data,[0,0,12,4,11,3,10,3,10,2,9,2,8,2,8,2,7,1,7,0,7,0,6,-1,5,-1,4,-2,4,-1,3,-1,3,-1,3,-1,2,-1,2,-2,1,-2,0,-2,0,-2,-1,-3,-1,-3,0,-2,-1,-2,0,0,0,0,0,0,0,0,0,0,0,0,0,0,0,0,0,0,0,0,0,0,15,3,16,4,16,5,16,6,17,7,17,8,17,8,16,9,16,9,15,10,14,10,13,10,13,10,13,9,13,8,13,8,14,8,13,7,13,6,13,5,13,4,13,4,13,4,13,4,13,4,13,3]
[0;33mW (11202) TAG: AP channel is 0 (not ready). Skip this round.[0m
csi_data,[0,0,5,-12,5,-12,4,-11,4,-11,3,-10,3,-9,2,-9,1,-9,1,-9,0,-8,0,-7,0,-7,0,-6,0,-6,-1,-5,-1,-5,-1,-4,-1,-4,-1,-3,-2,-3,-2,-2,-2,-2,-2,-1,-2,-1,-2,-1,-3,0,0,0,0,0,0,0,0,0,0,0,0,0,0,0,0,0,0,0,0,0,0,0,6,-18,7,-18,7,-17,9,-18,10,-18,11,-17,11,-16,11,-16,12,-15,13,-15,13,-14,13,-14,12,-14,11,-14,11,-13,10,-12,10,-13,9,-13,9,-13,8,-13,7,-13,6,-14,6,-14,7,-14,7,-14,6,-14]
[0;33mW (12202) TAG: AP channel is 0 (not ready). Skip this round.[0m
csi_data,[0,0,-11,-7,-10,-6,-10,-6,-10,-6,-9,-5,-9,-5,-8,-4,-7,-4,-7,-3,-7,-3,-7,-3,-6,-2,-5,-1,-5,-1,-5,-1,-4,-1,-3,0,-3,0,-3,1,-2,1,-2,1,-1,0,0,1,0,1,0,1,0,1,0,0,0,0,0,0,0,0,0,0,0,0,0,0,0,0,0,0,0,0,0,0,-15,-8,-16,-9,-15,-9,-15,-11,-14,-12,-14,-13,-13,-14,-13,-14,-13,-14,-13,-14,-13,-14,-12,-13,-11,-13,-11,-13,-11,-13,-12,-12,-12,-12,-12,-11,-12,-11,-12,-10,-12,-9,-12,-9,-12,-9,-12,-9,-12,-8,-12,-7]
[0;33mW (13202) TAG: AP channel is 0 (not ready). Skip this round.[0m
csi_data,[0,0,11,6,11,5,10,5,9,4,9,3,8,3,8,3,8,2,7,2,7,1,6,1,6,0,6,0,5,0,5,-1,5,-1,4,-1,3,-1,2,-1,2,-1,1,-1,0,0,0,-1,0,-2,-1,-2,-1,-1,0,0,0,0,0,0,0,0,0,0,0,0,0,0,0,0,0,0,0,0,0,0,15,9,14,10,14,11,15,12,14,13,14,14,13,15,12,15,12,15,11,15,11,15,11,15,11,15,11,14,10,13,10,12,11,11,11,10,12,10,13,9,12,8,13,8,13,8,12,8,12,8,12,8]
[0;33mW (14202) TAG: AP channel is 0 (not ready). Skip this round.[0m
csi_data,[0,0,-10,8,-10,7,-9,6,-9,6,-7,6,-6,6,-6,6,-5,6,-4,5,-4,5,-4,5,-3,4,-2,4,-2,4,-2,4,-2,4,-2,4,-2,3,-1,3,-1,2,-1,1,0,2,0,1,0,0,0,0,0,1,0,0,0,0,0,0,0,0,0,0,0,0,0,0,0,0,0,0,0,0,0,0,-12,10,-13,10,-13,10,-14,10,-15,10,-15,9,-16,9,-17,8,-16,7,-16,7,-16,6,-16,6,-15,5,-14,5,-14,6,-14,6,-13,7,-13,7,-13,7,-12,7,-12,7,-12,8,-12,8,-12,8,-11,8,-11,8]
[0;33mW (15202) TAG: AP channel is 0 (not ready). Skip this round.[0m
csi_data,[0,0,12,-7,12,-8,11,-7,9,-7,8,-7,7,-7,6,-7,6,-6,5,-6,5,-6,4,-6,3,-6,3,-5,3,-5,3,-5,2,-4,1,-3,1,-4,0,-4,0,-3,0,-3,0,-2,0,-2,-1,-2,-2,-2,-2,-1,0,0,0,0,0,0,0,0,0,0,0,0,0,0,0,0,0,0,0,0,0,0,14,-9,15,-9,16,-9,17,-8,17,-8,18,-7,18,-7,19,-6,18,-4,18,-4,18,-3,18,-3,17,-4,16,-4,16,-4,15,-5,15,-5,15,-5,14,-6,14,-8,13,-8,13,-9,13,-9,13,-8,13,-7,12,-7]
[0;33mW (16202) TAG: AP channel is 0 (not ready). Skip this round.[0m
csi_data,[0,0,11,3,11,3,11,3,10,2,9,2,9,1,9,0,8,0,7,0,7,0,6,0,6,0,5,-1,5,-1,4,-1,4,-1,4,-1,4,-1,3,-1,2,-1,2,-2,1,-2,1,-2,1,-2,0,-1,0,0,0,0,0,0,0,0,0,0,0,0,0,0,0,0,0,0,0,0,0,0,0,0,16,5,15,6,15,7,15,8,15,9,15,10,15,10,15,11,14,11,13,12,13,11,12,11,12,11,12,10,12,10,12,9,12,8,13,7,13,7,13,6,13,6,13,6,13,6,14,5,14,5,14,5]
[0;33mW (17202) TAG: AP channel is 0 (not ready). Skip this round.[0m
csi_data,[0,0,11,-2,11,-2,10,-3,10,-3,9,-3,8,-4,7,-3,6,-3,6,-3,6,-3,5,-3,4,-3,4,-3,4,-3,3,-4,3,-3,3,-3,3,-3,2,-3,1,-3,1,-3,1,-2,1,-2,1,-2,0,-2,-1,-2,0,0,0,0,0,0,0,0,0,0,0,0,0,0,0,0,0,0,0,0,0,0,14,-5,15,-4,15,-4,16,-4,17,-3,17,-2,17,-1,17,0,17,1,17,1,17,1,16,2,16,1,15,1,15,1,14,0,14,0,14,-1,14,-1,13,-2,13,-3,13,-3,13,-3,13,-3,13,-3,13,-4]
[0;33mW (18202) TAG: AP channel is 0 (not ready). Skip this round.[0m
csi_data,[0,0,12,-1,11,-2,10,-2,9,-2,8,-3,8,-3,8,-3,7,-3,6,-3,5,-3,5,-4,5,-4,4,-4,3,-4,3,-4,2,-4,2,-5,1,-5,1,-4,0,-4,0,-3,-1,-3,-1,-4,-1,-4,-1,-4,-1,-4,0,0,0,0,0,0,0,0,0,0,0,0,0,0,0,0,0,0,0,0,0,0,16,-3,17,-2,17,-1,17,0,17,1,18,2,19,2,19,3,18,4,17,4,17,4,16,5,16,5,16,4,15,3,14,3,15,1,15,0,14,0,14,0,14,0,15,-1,14,-2,13,-2,12,-1,12,-1]
[0;33mW (19202) TAG: AP channel is 0 (not ready). Skip this round.[0m
csi_data,[0,0,-12,-8,-11,-7,-11,-7,-11,-6,-10,-5,-9,-5,-10,-4,-10,-3,-9,-2,-8,-2,-7,-2,-6,-2,-6,-1,-5,0,-5,-1,-5,-2,-5,-1,-4,-1,-4,-1,-3,0,-2,0,-2,0,-2,0,-1,1,-1,0,-1,0,0,0,0,0,0,0,0,0,0,0,0,0,0,0,0,0,0,0,0,0,0,0,-15,-9,-15,-10,-15,-11,-15,-12,-15,-12,-14,-13,-14,-14,-14,-14,-14,-14,-13,-14,-12,-14,-11,-14,-11,-13,-11,-13,-12,-12,-12,-12,-11,-11,-11,-11,-12,-11,-12,-10,-13,-9,-13,-9,-13,-8,-12,-7,-12,-8,-13,-8]
[0;33mW (20202) TAG: AP channel is 0 (not ready). Skip this round.[0m
csi_data,[0,0,-2,-13,-3,-12,-3,-12,-3,-11,-3,-10,-3,-10,-3,-10,-3,-9,-3,-8,-3,-8,-3,-7,-3,-7,-3,-7,-3,-6,-3,-5,-3,-5,-3,-5,-2,-4,-1,-4,-1,-4,-1,-3,-1,-3,0,-2,0,-2,0,-1,0,-1,0,0,0,0,0,0,0,0,0,0,0,0,0,0,0,0,0,0,0,0,0,0,-3,-16,-2,-16,-1,-17,-1,-17,0,-18,0,-18,2,-18,2,-18,3,-18,3,-18,4,-18,4,-17,3,-16,3,-16,2,-16,2,-15,2,-15,1,-15,0,-15,-1,-15,-2,-16,-2,-16,-2,-15,-1,-14,-1,-14,-2,-15]
[0;33mW (21202) TAG: AP channel is 0 (not ready). Skip this round.[0m
csi_data,[0,0,-9,8,-8,8,-8,8,-7,7,-6,7,-6,7,-6,7,-5,6,-4,6,-3,5,-2,4,-2,4,-2,4,-2,4,-2,3,-2,3,-1,2,-1,1,-1,1,0,1,0,0,0,0,1,0,1,0,1,-1,1,-1,0,0,0,0,0,0,0,0,0,0,0,0,0,0,0,0,0,0,0,0,0,0,-12,12,-13,12,-14,11,-15,11,-16,10,-17,10,-17,9,-17,9,-17,8,-17,7,-17,7,-17,7,-16,7,-16,7,-15,7,-14,7,-13,8,-13,8,-13,8,-12,8,-11,9,-11,10,-11,10,-11,9,-10,9,-10,9]
[0;33mW (22202) TAG: AP channel is 0 (not ready). Skip this round.[0m
csi_data,[0,0,8,-11,7,-10,6,-10,5,-9,4,-9,4,-9,3,-9,2,-8,2,-7,2,-7,1,-6,1,-6,0,-5,0,-6,0,-6,0,-5,0,-4,-1,-4,-1,-3,-1,-3,-2,-3,-2,-2,-2,-2,-2,-2,-2,-2,-2,-1,0,0,0,0,0,0,0,0,0,0,0,0,0,0,0,0,0,0,0,0,0,0,9,-14,10,-15,11,-15,12,-15,13,-14,14,-13,14,-13,15,-12,15,-12,15,-12,15,-11,15,-11,14,-10,13,-10,13,-10,13,-10,12,-11,11,-11,11,-11,10,-12,10,-13,9,-12,9,-12,8,-12,8,-12,8,-11]
[0;33mW (23202) TAG: AP channel is 0 (not ready). Skip this round.[0m
csi_data,[0,0,1,12,1,12,1,11,1,10,1,9,2,9,2,8,2,7,2,6,2,5,2,5,3,4,3,4,3,3,3,3,2,2,2,1,2,1,2,1,1,0,1,0,1,0,1,0,1,-1,2,-1,2,-1,0,0,0,0,0,0,0,0,0,0,0,0,0,0,0,0,0,0,0,0,0,0,1,16,0,16,-1,17,-2,17,-3,17,-4,18,-5,18,-6,18,-6,17,-6,17,-6,17,-6,16,-5,15,-5,15,-4,15,-4,15,-3,15,-3,14,-2,14,-1,14,-1,13,-1,13,0,13,0,14,1,13,1,13]
[0;33mW (24202) TAG: AP channel is 0 (not ready). Skip this round.[0m
csi_data,[0,0,12,4,12,3,12,3,11,3,10,2,9,2,9,1,8,1,9,1,8,0,8,0,7,0,7,-1,6,-1,6,-1,6,-1,5,-1,5,-1,4,-1,4,-1,3,-1,3,-1,2,-1,2,-1,2,-1,1,-1,0,0,0,0,0,0,0,0,0,0,0,0,0,0,0,0,0,0,0,0,0,0,15,4,15,5,15,6,15,7,15,7,15,8,15,9,15,10,14,10,14,11,13,11,13,11,13,10,12,9,12,10,12,9,12,8,12,7,12,7,12,6,12,6,13,6,13,5,13,4,13,5,13,4]
[0;33mW (25202) TAG: AP channel is 0 (not ready). Skip this round.[0m
csi_data,[0,0,-13,6,-12,6,-11,6,-10,5,-9,5,-9,5,-9,5,-7,6,-7,6,-6,6,-6,6,-5,5,-5,5,-5,5,-5,4,-5,4,-4,5,-3,4,-4,3,-4,3,-3,3,-3,2,-3,2,-2,2,-2,1,-2,1,0,0,0,0,0,0,0,0,0,0,0,0,0,0,0,0,0,0,0,0,0,0,-14,8,-15,8,-16,7,-17,7,-17,6,-18,5,-18,4,-19,4,-19,3,-19,2,-18,2,-17,2,-17,2,-17,2,-16,3,-16,3,-16,3,-15,4,-15,4,-15,5,-15,5,-15,6,-15,6,-14,6,-14,5,-13,5]
[0;33mW (26202) TAG: AP channel is 0 (not ready). Skip this round.[0m
csi_data,[0,0,14,-2,13,-2,12,-1,12,-2,11,-2,10,-3,10,-3,9,-4,9,-4,8,-4,8,-4,7,-4,6,-4,6,-5,6,-5,6,-5,5,-5,5,-5,5,-4,5,-4,5,-4,4,-4,3,-4,3,-4,3,-4,3,-3,0,0,0,0,0,0,0,0,0,0,0,0,0,0,0,0,0,0,0,0,0,0,15,-3,15,-2,16,-1,17,0,17,1,17,2,17,2,17,3,17,3,17,4,16,4,16,4,16,4,15,4,15,3,15,3,14,2,14,1,14,1,14,0,14,0,14,0,15,0,14,-1,14,-1,14,-1]
[0;33mW (27202) TAG: AP channel is 0 (not ready). Skip this round.[0m
csi_data,[0,0,-1,-15,-1,-15,-2,-14,-2,-13,-2,-13,-2,-12,-3,-11,-3,-10,-3,-9,-3,-9,-3,-9,-3,-8,-3,-8,-4,-8,-4,-7,-3,-6,-3,-6,-4,-6,-3,-5,-3,-4,-3,-4,-3,-4,-2,-4,-2,-3,-3,-3,-3,-3,0,0,0,0,0,0,0,0,0,0,0,0,0,0,0,0,0,0,0,0,0,0,-4,-15,-4,-16,-3,-16,-2,-17,-1,-17,-1,-18,1,-18,1,-18,1,-18,2,-18,3,-17,3,-17,3,-17,3,-17,2,-16,2,-16,1,-16,0,-16,0,-16,-1,-16,-2,-15,-2,-15,-1,-15,-1,-15,-1,-16,-2,-16]
[0;33mW (28202) TAG: AP channel is 0 (not ready). Skip this round.[0m
csi_data,[0,0,12,8,12,8,12,7,11,7,11,6,11,6,11,5,11,5,11,4,11,4,11,3,11,3,11,3,12,3,12,3,12,3,12,3,11,3,11,4,11,4,11,5,10,5,9,6,8,6,8,6,7,6,0,0,0,0,0,0,0,0,0,0,0,0,0,0,0,0,0,0,0,0,0,0,8,6,9,6,8,7,8,8,8,8,8,9,8,10,8,10,7,10,7,10,7,10,7,10,7,10,8,10,7,10,7,10,8,9,8,9,9,8,9,8,10,8,10,7,11,7,11,7,11,7,11,7]
[0;33mW (29202) TAG: AP channel is 0 (not ready). Skip this round.[0m
csi_data,[0,0,5,-14,4,-14,4,-14,3,-14,3,-14,3,-13,2,-13,2,-13,1,-13,1,-13,-1,-13,-1,-13,-1,-13,-2,-13,-2,-14,-2,-14,-2,-14,-2,-14,-1,-14,-1,-14,0,-14,0,-14,0,-14,0,-13,1,-13,2,-13,0,0,0,0,0,0,0,0,0,0,0,0,0,0,0,0,0,0,0,0,0,0,2,-12,3,-12,4,-12,5,-12,6,-12,6,-12,7,-12,8,-11,8,-11,8,-11,8,-11,8,-11,8,-11,8,-11,7,-11,7,-11,7,-11,6,-11,6,-12,6,-12,5,-13,5,-13,5,-14,5,-14,5,-14,5,-14]
[0;33mW (30202) TAG: AP channel is 0 (not ready). Skip this round.[0m
csi_data,[0,0,-8,-11,-9,-10,-8,-9,-8,-9,-8,-8,-8,-7,-7,-7,-7,-7,-7,-7,-6,-6,-6,-5,-6,-5,-6,-5,-5,-5,-5,-4,-5,-3,-5,-4,-4,-4,-3,-5,-3,-4,-3,-4,-2,-4,-1,-4,-1,-4,0,-3,2,-2,0,0,0,0,0,0,0,0,0,0,0,0,0,0,0,0,0,0,0,0,0,0,-12,-14,-11,-15,-10,-15,-9,-16,-9,-17,-9,-18,-9,-18,-7,-17,-6,-17,-5,-18,-5,-18,-5,-18,-5,-18,-5,-17,-6,-16,-7,-16,-7,-15,-7,-14,-8,-14,-8,-14,-9,-13,-9,-13,-9,-13,-9,-12,-10,-12,-10,-12]
[0;33mW (31202) TAG: AP channel is 0 (not ready). Skip this round.[0m
csi_data,[0,0,4,13,4,13,4,13,4,13,3,13,4,13,4,12,5,11,6,10,6,10,6,9,6,9,6,9,7,10,7,10,6,9,6,9,6,10,5,9,5,10,5,10,4,10,4,9,2,9,2,10,1,10,0,0,0,0,0,0,0,0,0,0,0,0,0,0,0,0,0,0,0,0,0,0,3,11,3,11,2,12,1,12,1,12,0,12,0,13,0,13,0,13,-1,14,-2,14,-2,13,-1,13,0,12,0,12,0,12,1,12,1,12,1,12,2,12,2,13,2,14,3,13,3,13,3,13,4,13]
[0;33mW (32202) TAG: AP channel is 0 (not ready). Skip this round.[0m
csi_data,[0,0,-9,-12,-10,-12,-10,-11,-10,-11,-10,-11,-10,-11,-11,-10,-11,-10,-11,-9,-11,-8,-11,-8,-12,-8,-12,-8,-13,-8,-13,-8,-13,-8,-13,-8,-13,-9,-13,-9,-12,-9,-12,-10,-11,-10,-11,-10,-10,-10,-9,-10,-8,-11,0,0,0,0,0,0,0,0,0,0,0,0,0,0,0,0,0,0,0,0,0,0,-6,-9,-6,-9,-6,-10,-5,-10,-5,-11,-5,-12,-4,-12,-4,-12,-4,-12,-4,-12,-4,-13,-4,-13,-4,-12,-4,-12,-4,-12,-5,-12,-5,-12,-6,-11,-6,-11,-7,-11,-7,-11,-8,-11,-8,-12,-9,-11,-9,-12,-9,-12]
[0;33mW (33202) TAG: AP channel is 0 (not ready). Skip this round.[0m
csi_data,[0,0,15,-2,14,-1,13,-1,13,-1,13,-2,12,-2,11,-2,10,-3,10,-3,10,-3,10,-4,9,-4,9,-4,9,-5,9,-5,9,-5,9,-4,9,-4,8,-4,8,-4,8,-4,8,-3,7,-3,7,-2,7,-1,6,-1,0,0,0,0,0,0,0,0,0,0,0,0,0,0,0,0,0,0,0,0,0,0,12,-2,12,-1,12,-1,12,0,13,0,13,1,14,1,14,2,13,2,13,3,13,3,13,3,13,3,13,3,13,2,12,2,13,1,13,1,13,0,13,0,14,-1,14,-1,14,-1,14,-1,14,-1,14,-1]
[0;33mW (34202) TAG: AP channel is 0 (not ready). Skip this round.[0m
csi_data,[0,0,-7,14,-8,14,-7,14,-6,14,-6,15,-5,15,-5,14,-4,14,-3,15,-3,14,-3,14,-2,13,-2,14,-2,15,-1,15,-1,15,-2,15,-3,16,-2,16,-2,15,-2,16,-4,15,-5,14,-4,13,-6,13,-7,12,0,0,0,0,0,0,0,0,0,0,0,0,0,0,0,0,0,0,0,0,0,0,-5,7,-6,7,-7,8,-7,9,-8,8,-8,7,-9,7,-10,8,-10,7,-10,6,-11,7,-9,8,-9,8,-9,8,-9,9,-9,9,-8,9,-8,9,-8,10,-9,9,-9,10,-8,12,-7,12,-7,13,-8,13,-8,13]
[0;33mW (35202) TAG: AP channel is 0 (not ready). Skip this round.[0m
csi_data,[0,0,-16,1,-16,1,-16,1,-16,1,-15,2,-15,2,-14,3,-13,3,-13,3,-12,3,-12,4,-12,4,-12,4,-12,4,-11,4,-11,4,-12,4,-12,4,-11,3,-10,2,-10,2,-10,2,-10,1,-9,0,-8,0,-7,-1,0,0,0,0,0,0,0,0,0,0,0,0,0,0,0,0,0,0,0,0,0,0,-14,2,-14,1,-14,1,-14,0,-14,-1,-15,-2,-15,-2,-15,-3,-16,-3,-16,-3,-16,-3,-15,-3,-15,-4,-14,-3,-15,-3,-15,-2,-14,-2,-14,-2,-15,-1,-15,0,-16,0,-16,1,-17,2,-16,1,-16,1,-17,1]
[0;33mW (36202) TAG: AP channel is 0 (not ready). Skip this round.[0m
csi_data,[0,0,4,-15,4,-15,4,-15,3,-16,3,-16,3,-15,2,-15,2,-15,1,-15,1,-15,0,-16,0,-16,-1,-16,-1,-16,-1,-17,-1,-17,-1,-18,0,-18,0,-17,1,-17,2,-17,2,-17,3,-16,4,-15,5,-15,5,-14,0,0,0,0,0,0,0,0,0,0,0,0,0,0,0,0,0,0,0,0,0,0,2,-7,2,-7,2,-7,3,-7,4,-8,4,-8,5,-8,5,-8,5,-8,5,-8,6,-9,6,-9,6,-9,6,-9,6,-9,5,-10,5,-10,5,-11,5,-11,5,-12,4,-13,4,-13,4,-14,4,-15,4,-15,4,-15]
[0;33mW (37202) TAG: AP channel is 0 (not ready). Skip this round.[0m
csi_data,[0,0,-13,-10,-12,-10,-12,-9,-12,-10,-12,-9,-12,-9,-13,-8,-13,-8,-14,-7,-14,-7,-14,-6,-14,-6,-15,-6,-15,-6,-16,-6,-15,-6,-15,-7,-15,-8,-15,-8,-15,-9,-15,-9,-14,-10,-13,-10,-12,-10,-11,-11,-10,-10,0,0,0,0,0,0,0,0,0,0,0,0,0,0,0,0,0,0,0,0,0,0,-5,-5,-5,-5,-5,-6,-6,-6,-7,-7,-7,-8,-6,-8,-6,-8,-5,-9,-5,-9,-6,-10,-6,-10,-6,-9,-6,-10,-6,-10,-7,-10,-8,-10,-8,-9,-8,-9,-9,-9,-9,-9,-9,-10,-10,-9,-11,-9,-12,-9,-12,-10]
[0;33mW (38202) TAG: AP channel is 0 (not ready). Skip this round.[0m
csi_data,[0,0,15,-5,15,-5,14,-5,14,-6,15,-6,14,-7,13,-7,13,-7,13,-8,13,-9,13,-9,13,-9,12,-10,12,-10,13,-10,14,-10,14,-10,13,-10,13,-10,14,-9,14,-9,14,-8,14,-7,15,-6,15,-5,14,-4,0,0,0,0,0,0,0,0,0,0,0,0,0,0,0,0,0,0,0,0,0,0,3,-7,4,-6,5,-5,6,-4,6,-4,7,-3,8,-3,9,-2,10,-2,10,-2,10,-2,10,-2,9,-1,10,-1,10,-1,10,-1,10,-2,10,-3,12,-3,12,-3,12,-4,13,-4,13,-5,13,-5,13,-5,14,-6]
[0;33mW (39202) TAG: AP channel is 0 (not ready). Skip this round.[0m
csi_data,[0,0,10,8,10,8,10,8,10,8,10,7,10,6,9,6,9,6,9,5,9,4,10,3,10,3,9,3,9,3,9,3,9,3,9,3,9,3,9,3,8,4,8,4,7,4,6,4,6,4,5,4,5,5,0,0,0,0,0,0,0,0,0,0,0,0,0,0,0,0,0,0,0,0,0,0,10,8,10,9,9,10,9,10,9,11,9,12,8,12,8,13,7,13,7,13,7,13,7,12,7,12,7,11,7,11,7,11,7,11,8,10,8,10,9,10,9,9,10,9,10,9,10,8,11,8,11,8]
[0;33mW (40202) TAG: AP channel is 0 (not ready). Skip this round.[0m
csi_data,[0,0,-14,-5,-14,-5,-14,-5,-14,-4,-13,-3,-13,-3,-13,-3,-13,-3,-13,-2,-13,-2,-13,-1,-13,-1,-13,0,-13,0,-13,0,-13,0,-13,0,-13,-1,-13,-1,-13,-1,-13,-1,-12,-2,-11,-3,-11,-3,-11,-4,-11,-4,0,0,0,0,0,0,0,0,0,0,0,0,0,0,0,0,0,0,0,0,0,0,-12,-4,-12,-5,-12,-5,-12,-7,-12,-8,-12,-8,-12,-9,-12,-9,-12,-10,-11,-10,-10,-10,-10,-9,-10,-9,-10,-9,-11,-8,-11,-8,-11,-7,-12,-7,-12,-7,-13,-7,-12,-7,-13,-6,-13,-6,-14,-6,-14,-6,-14,-7]
[0;33mW (41202) TAG: AP channel is 0 (not ready). Skip this round.[0m
csi_data,[0,0,-14,7,-13,7,-13,7,-13,7,-13,8,-13,8,-13,8,-12,7,-12,7,-12,8,-12,10,-12,10,-12,11,-12,11,-12,12,-12,12,-13,12,-14,12,-15,12,-16,12,-16,11,-16,10,-16,9,-16,8,-17,7,-17,6,0,0,0,0,0,0,0,0,0,0,0,0,0,0,0,0,0,0,0,0,0,0,-9,-2,-9,-1,-9,-1,-9,-2,-8,-2,-9,-2,-9,-2,-9,-2,-9,-2,-9,-2,-9,-2,-9,-2,-9,-2,-9,-1,-9,0,-10,0,-10,1,-10,1,-10,2,-10,2,-10,3,-11,4,-11,5,-11,5,-12,5,-12,5]
[0;33mW (42202) TAG: AP channel is 0 (not ready). Skip this round.[0m
csi_data,[0,0,10,10,9,9,9,9,11,9,11,8,11,7,11,7,11,7,11,6,11,6,12,5,12,5,11,5,12,5,12,5,12,4,13,5,13,5,13,5,14,5,14,6,12,7,11,7,11,7,11,7,11,8,0,0,0,0,0,0,0,0,0,0,0,0,0,0,0,0,0,0,0,0,0,0,7,5,7,5,6,6,5,6,6,7,7,9,6,10,5,10,5,11,4,10,3,10,3,10,3,10,4,9,4,9,4,11,4,11,5,9,6,8,7,8,7,9,8,8,8,9,8,9,9,10,10,11]
[0;33mW (43202) TAG: AP channel is 0 (not ready). Skip this round.[0m
csi_data,[0,0,-16,-3,-16,-3,-15,-3,-15,-3,-15,-2,-15,-2,-15,-2,-14,-1,-14,-1,-14,0,-15,0,-14,1,-14,1,-14,1,-14,1,-15,1,-15,1,-15,1,-15,0,-15,0,-15,-1,-14,-1,-13,-2,-13,-2,-13,-3,-12,-4,0,0,0,0,0,0,0,0,0,0,0,0,0,0,0,0,0,0,0,0,0,0,-10,-1,-11,-2,-11,-2,-11,-3,-11,-4,-12,-4,-12,-5,-12,-5,-11,-6,-12,-7,-12,-7,-12,-6,-12,-6,-12,-6,-12,-6,-12,-6,-12,-5,-12,-5,-13,-5,-14,-4,-14,-4,-14,-4,-15,-4,-15,-4,-16,-3,-16,-3]
[0;33mW (44202) TAG: AP channel is 0 (not ready). Skip this round.[0m
csi_data,[0,0,-4,15,-4,15,-4,15,-4,15,-3,15,-3,14,-3,14,-2,14,-1,14,-1,14,-1,14,0,14,0,14,1,15,1,15,1,15,0,15,0,15,-1,15,-1,15,-2,15,-3,15,-3,14,-4,13,-4,13,-5,13,0,0,0,0,0,0,0,0,0,0,0,0,0,0,0,0,0,0,0,0,0,0,-2,8,-2,8,-3,8,-4,8,-4,9,-5,9,-6,9,-6,9,-6,9,-6,9,-7,9,-7,9,-7,9,-6,9,-6,9,-5,9,-5,10,-5,10,-5,12,-4,12,-4,12,-4,12,-4,13,-4,14,-4,14,-3,14]
[0;33mW (45202) TAG: AP channel is 0 (not ready). Skip this round.[0m
csi_data,[0,0,-3,-15,-4,-15,-4,-15,-4,-15,-5,-14,-5,-14,-5,-14,-5,-14,-6,-14,-6,-14,-6,-13,-6,-13,-6,-12,-7,-13,-8,-13,-8,-13,-9,-14,-8,-15,-8,-15,-8,-15,-7,-15,-6,-15,-5,-15,-4,-15,-3,-15,-2,-15,0,0,0,0,0,0,0,0,0,0,0,0,0,0,0,0,0,0,0,0,0,0,-1,-9,-1,-9,-1,-10,-1,-10,0,-10,0,-11,1,-11,1,-11,2,-11,2,-11,3,-11,3,-11,3,-11,2,-11,1,-11,0,-11,0,-11,0,-12,-1,-13,-1,-13,-2,-13,-2,-13,-2,-14,-2,-14,-3,-15,-3,-15]
[0;33mW (46202) TAG: AP channel is 0 (not ready). Skip this round.[0m
[0;32mI (46382) wifi:starting SA query procedure with AP(24:ec:4a:03:58:5d)[0m
[0;32mI (46382) wifi:Send SA Query req with transaction id 9b86[0m
csi_data,[0,0,-17,-3,-16,-3,-16,-3,-16,-2,-17,-1,-17,-1,-16,0,-17,0,-17,1,-16,1,-17,2,-17,3,-16,4,-16,4,-17,5,-18,6,-18,5,-19,4,-20,4,-20,4,-20,3,-20,2,-21,1,-21,0,-20,-2,-20,-2,0,0,0,0,0,0,0,0,0,0,0,0,0,0,0,0,0,0,0,0,0,0,-1,-2,-1,-2,-2,-2,-4,-3,-4,-3,-4,-3,-4,-3,-5,-4,-5,-5,-6,-4,-7,-4,-7,-4,-8,-5,-8,-5,-9,-5,-10,-4,-10,-4,-10,-4,-11,-5,-12,-5,-13,-4,-14,-4,-14,-4,-14,-3,-14,-3,-15,-4]
[0;32mI (46582) wifi:Send SA Query req with transaction id 9b87[0m
[0;32mI (46782) wifi:Send SA Query req with transaction id 9b88[0m
[0;32mI (46982) wifi:Send SA Query req with transaction id 9b89[0m
[0;32mI (47182) wifi:Send SA Query req with transaction id 9b8a[0m
[0;33mW (47202) TAG: AP channel is 0 (not ready). Skip this round.[0m
[0;32mI (47382) wifi:Send SA Query req with transaction id 9b8b[0m
[0;32mI (47402) wifi:No response to 6 SA Queries, reset connection sending disassoc[0m
[0;32mI (47402) wifi:state: run -> init (0xd100)[0m
[0;32mI (47412) wifi:pm stop, total sleep time: 0 us / 45213913 us[0m

[0;32mI (47412) wifi:new:<1,0>, old:<1,0>, ap:<255,255>, sta:<1,0>, prof:1, snd_ch_cfg:0x0[0m
[0;32mI (47422) wifi:new:<1,0>, old:<1,0>, ap:<255,255>, sta:<1,0>, prof:1, snd_ch_cfg:0x0[0m
[0;32mI (47422) wifi:state: init -> auth (0xb0)[0m
[0;32mI (47422) wifi:state: auth -> assoc (0x0)[0m
[0;32mI (47432) wifi:state: assoc -> run (0x10)[0m
[0;32mI (47452) wifi:connected with FTM, aid = 1, channel 1, BW20, bssid = 24:ec:4a:03:58:5d[0m
[0;32mI (47452) wifi:security: WPA2-PSK, phy: bgn, rssi: -81[0m
[0;32mI (47452) wifi:pm start, type: 0[0m

[0;32mI (47452) wifi:set rx beacon pti, rx_bcn_pti: 0, bcn_timeout: 25000, mt_pti: 0, mt_time: 10000[0m
csi_data,[0,0,2,13,3,14,4,14,4,14,3,14,4,14,5,13,6,13,6,12,6,11,6,11,7,11,7,12,8,13,9,13,9,13,8,15,7,15,7,16,5,16,4,16,4,16,3,16,1,16,1,15,0,15,0,0,0,0,0,0,0,0,0,0,0,0,0,0,0,0,0,0,0,0,0,0,-2,4,-1,4,-1,5,0,5,-1,6,-1,7,-1,8,0,7,-1,7,-2,7,-2,8,-1,9,-3,10,-3,9,-2,9,-1,9,-1,10,-1,11,1,12,1,11,1,11,2,12,3,13,2,13,2,13,3,14]
[0;32mI (47522) wifi:AP's beacon interval = 102400 us, DTIM period = 1[0m
[0;33mW (48202) TAG: AP channel is 0 (not ready). Skip this round.[0m
[0;32mI (48462) esp_netif_handlers: sta ip: 192.168.4.2, mask: 255.255.255.0, gw: 192.168.4.1[0m
csi_data,[0,0,4,-16,4,-15,3,-15,3,-15,4,-14,3,-13,3,-13,2,-14,2,-13,1,-13,1,-14,1,-14,1,-15,0,-16,-1,-17,-1,-16,0,-15,1,-15,1,-16,2,-16,3,-14,4,-14,4,-14,5,-13,5,-13,5,-15,0,0,0,0,0,0,0,0,0,0,0,0,0,0,0,0,0,0,0,0,0,0,-1,-7,0,-7,1,-8,1,-8,2,-9,3,-10,5,-10,6,-10,5,-12,4,-11,6,-10,7,-10,6,-10,6,-10,6,-10,6,-10,7,-11,7,-11,6,-12,5,-12,4,-12,4,-13,4,-13,4,-13,3,-14,4,-15]
[0;33mW (49202) TAG: AP channel is 0 (not ready). Skip this round.[0m
csi_data,[0,0,1,14,0,14,1,13,2,13,3,14,3,13,3,13,2,13,2,12,3,11,4,11,4,12,5,12,6,12,6,12,7,12,7,12,6,13,4,13,4,14,4,14,4,13,2,13,1,13,0,12,0,11,0,0,0,0,0,0,0,0,0,0,0,0,0,0,0,0,0,0,0,0,0,0,-1,8,-1,8,-1,8,-1,9,-2,10,-2,10,-1,9,-1,9,-2,9,-3,10,-4,11,-5,11,-4,10,-4,11,-4,11,-3,12,-2,12,-2,12,-2,12,-2,12,-2,12,-3,13,-1,13,0,13,0,13,0,12]
[0;33mW (50202) TAG: AP channel is 0 (not ready). Skip this round.[0m
csi_data,[0,0,-7,13,-6,13,-5,13,-5,14,-4,14,-3,14,-3,14,-2,14,-2,14,-2,13,-2,14,0,14,0,13,0,13,0,14,-1,15,-1,15,-1,14,-2,14,-2,15,-4,16,-5,15,-5,14,-6,12,-8,11,-9,11,0,0,0,0,0,0,0,0,0,0,0,0,0,0,0,0,0,0,0,0,0,0,-3,8,-3,8,-4,8,-6,8,-7,8,-7,9,-7,9,-8,9,-8,8,-8,8,-9,8,-8,8,-8,9,-8,9,-8,9,-8,10,-7,11,-6,10,-6,10,-7,11,-6,12,-6,12,-6,12,-5,13,-5,13,-5,13]
[0;33mW (51202) TAG: AP channel is 0 (not ready). Skip this round.[0m
csi_data,[0,0,13,6,13,7,13,6,13,5,13,4,13,4,13,3,14,3,14,3,14,3,14,2,14,1,14,1,15,1,16,1,17,2,17,1,17,1,16,1,17,2,16,2,15,4,14,5,12,5,12,6,12,6,0,0,0,0,0,0,0,0,0,0,0,0,0,0,0,0,0,0,0,0,0,0,6,3,6,3,6,4,6,4,7,4,6,6,5,8,5,8,7,8,7,9,6,9,6,9,6,9,6,9,6,8,7,8,8,8,9,7,8,7,8,7,9,6,10,7,11,7,11,8,11,8,11,7]
[0;33mW (52202) TAG: AP channel is 0 (not ready). Skip this round.[0m
csi_data,[0,0,-13,-8,-13,-7,-12,-7,-13,-7,-12,-7,-12,-7,-12,-6,-12,-6,-12,-5,-12,-5,-12,-4,-13,-4,-13,-4,-13,-3,-13,-3,-14,-3,-13,-4,-12,-4,-12,-5,-12,-5,-12,-5,-11,-6,-10,-7,-10,-7,-9,-7,-8,-7,0,0,0,0,0,0,0,0,0,0,0,0,0,0,0,0,0,0,0,0,0,0,-10,-5,-9,-5,-9,-6,-9,-8,-9,-9,-10,-10,-9,-10,-9,-10,-8,-11,-7,-11,-8,-11,-9,-11,-9,-11,-9,-11,-9,-10,-10,-10,-10,-10,-10,-9,-10,-8,-11,-9,-11,-10,-12,-9,-12,-9,-13,-9,-13,-8,-12,-8]
[0;33mW (53202) TAG: AP channel is 0 (not ready). Skip this round.[0m
csi_data,[0,0,7,11,8,10,8,11,9,12,9,11,9,10,8,10,8,9,8,8,9,8,9,8,9,8,10,8,10,8,10,8,9,9,9,9,9,9,10,10,10,9,9,9,8,9,7,9,6,9,4,10,4,10,0,0,0,0,0,0,0,0,0,0,0,0,0,0,0,0,0,0,0,0,0,0,6,6,6,6,5,7,6,7,6,8,5,9,5,10,5,10,4,11,4,11,4,11,3,11,3,11,4,11,3,10,3,10,4,10,5,10,6,11,6,11,6,11,7,11,8,11,8,11,7,11,8,11]
[0;33mW (54202) TAG: AP channel is 0 (not ready). Skip this round.[0m
csi_data,[0,0,10,5,12,3,15,3,15,5,13,5,11,5,11,5,11,4,11,3,10,2,10,3,10,3,11,2,11,1,11,2,11,2,10,2,10,3,10,4,10,4,10,4,10,4,8,4,8,3,7,4,7,5,0,0,0,0,0,0,0,0,0,0,0,0,0,0,0,0,0,0,0,0,0,0,10,5,11,5,11,7,10,7,11,7,11,8,10,9,10,10,10,10,9,10,9,10,9,9,10,8,11,6,11,7,10,8,10,9,10,8,11,6,11,5,11,4,12,5,14,5,14,4,13,5,13,5]
[0;33mW (55202) TAG: AP channel is 0 (not ready). Skip this round.[0m
csi_data,[0,0,-11,-2,-11,-2,-11,-2,-10,-2,-9,-1,-9,0,-8,0,-8,0,-8,1,-8,2,-6,1,-5,1,-5,2,-4,3,-4,2,-3,2,-3,1,-2,1,-1,1,0,0,0,1,0,2,0,1,1,0,2,0,2,1,0,0,0,0,0,0,0,0,0,0,0,0,0,0,0,0,0,0,0,0,0,0,-17,-10,-18,-12,-18,-13,-18,-14,-17,-15,-15,-16,-15,-16,-14,-16,-12,-15,-12,-15,-12,-16,-12,-16,-11,-14,-11,-12,-11,-12,-12,-11,-12,-11,-12,-10,-12,-10,-12,-9,-13,-8,-13,-6,-13,-5,-12,-4,-12,-4,-12,-4]
[0;33mW (56202) TAG: AP channel is 0 (not ready). Skip this round.[0m
csi_data,[0,0,-9,-12,-10,-12,-9,-12,-9,-11,-9,-11,-9,-11,-9,-11,-10,-10,-10,-10,-11,-9,-11,-9,-11,-9,-11,-9,-12,-9,-12,-9,-12,-9,-11,-9,-11,-10,-11,-10,-10,-10,-10,-10,-9,-11,-8,-11,-8,-10,-7,-10,-7,-11,0,0,0,0,0,0,0,0,0,0,0,0,0,0,0,0,0,0,0,0,0,0,-7,-11,-6,-12,-6,-12,-5,-13,-5,-13,-4,-13,-3,-13,-3,-14,-3,-13,-3,-13,-2,-13,-2,-13,-2,-13,-3,-12,-3,-12,-3,-12,-4,-12,-4,-12,-5,-11,-6,-11,-6,-11,-6,-11,-6,-12,-7,-12,-8,-12,-8,-12]
[0;33mW (57202) TAG: AP channel is 0 (not ready). Skip this round.[0m
csi_data,[0,0,-14,9,-13,9,-13,8,-13,8,-13,9,-12,9,-11,9,-11,9,-11,9,-11,10,-10,10,-9,10,-9,10,-9,10,-9,10,-10,10,-10,10,-10,10,-10,10,-10,9,-10,9,-11,8,-10,7,-10,7,-10,6,-10,5,0,0,0,0,0,0,0,0,0,0,0,0,0,0,0,0,0,0,0,0,0,0,-8,5,-9,5,-10,4,-10,4,-11,3,-12,3,-12,3,-12,3,-12,2,-13,2,-13,2,-13,2,-12,2,-12,2,-12,3,-12,3,-12,3,-12,4,-12,5,-12,5,-12,6,-13,7,-13,7,-13,7,-13,8,-14,8]
[0;33mW (58202) TAG: AP channel is 0 (not ready). Skip this round.[0m
csi_data,[0,0,7,-12,6,-12,6,-12,5,-13,5,-13,5,-13,5,-14,4,-14,2,-14,1,-13,1,-14,0,-16,-2,-17,-2,-17,-2,-17,-2,-18,-3,-18,-3,-19,-3,-20,-2,-20,-2,-20,-2,-20,-2,-20,-1,-20,0,-19,0,-19,0,0,0,0,0,0,0,0,0,0,0,0,0,0,0,0,0,0,0,0,0,0,3,-11,3,-11,4,-11,6,-11,7,-11,8,-10,8,-10,9,-9,8,-8,7,-7,7,-7,8,-7,8,-7,8,-7,7,-8,7,-8,6,-8,6,-8,6,-9,6,-9,7,-9,7,-9,7,-10,8,-12,8,-12,8,-10]
[0;33mW (59202) TAG: AP channel is 0 (not ready). Skip this round.[0m
csi_data,[0,0,-15,-4,-14,-4,-14,-3,-14,-3,-13,-3,-13,-3,-13,-2,-13,-1,-13,-1,-13,-1,-13,0,-13,1,-13,1,-13,1,-13,1,-13,1,-13,1,-13,1,-13,0,-13,-1,-13,-1,-12,-2,-12,-2,-12,-3,-11,-3,-10,-4,0,0,0,0,0,0,0,0,0,0,0,0,0,0,0,0,0,0,0,0,0,0,-12,-2,-12,-2,-12,-3,-12,-4,-12,-4,-13,-5,-13,-6,-12,-7,-12,-7,-12,-7,-12,-7,-12,-7,-12,-8,-12,-7,-12,-7,-12,-6,-12,-6,-12,-5,-12,-5,-13,-5,-13,-5,-13,-5,-14,-5,-14,-4,-14,-4,-15,-4]
[0;33mW (60202) TAG: AP channel is 0 (not ready). Skip this round.[0m
csi_data,[0,0,-5,16,-5,15,-4,15,-4,14,-4,14,-4,14,-3,14,-3,14,-2,14,-1,14,-1,14,-1,14,-1,14,-1,15,-1,16,-2,16,-2,16,-2,17,-2,17,-3,15,-4,14,-5,14,-5,14,-6,13,-6,12,-7,12,0,0,0,0,0,0,0,0,0,0,0,0,0,0,0,0,0,0,0,0,0,0,-4,7,-4,8,-5,8,-5,8,-6,8,-7,8,-7,8,-8,8,-8,8,-8,8,-8,8,-8,9,-8,9,-8,9,-7,8,-7,8,-6,9,-6,10,-6,11,-6,11,-6,11,-5,11,-5,12,-4,13,-4,14,-4,14]
[0;33mW (61202) TAG: AP channel is 0 (not ready). Skip this round.[0m
csi_data,[0,0,-14,-9,-14,-9,-14,-9,-13,-9,-13,-8,-14,-8,-14,-8,-14,-8,-14,-7,-14,-6,-14,-5,-14,-5,-14,-6,-15,-5,-15,-5,-14,-5,-14,-6,-15,-7,-15,-7,-14,-8,-13,-8,-12,-8,-11,-8,-11,-9,-10,-9,-10,-9,0,0,0,0,0,0,0,0,0,0,0,0,0,0,0,0,0,0,0,0,0,0,-7,-5,-8,-5,-8,-6,-8,-7,-8,-8,-8,-8,-8,-9,-7,-9,-7,-10,-8,-10,-8,-10,-8,-10,-8,-9,-8,-9,-8,-10,-9,-9,-9,-9,-9,-9,-10,-9,-11,-9,-11,-8,-12,-8,-12,-8,-13,-8,-13,-8,-13,-9]
[0;33mW (62202) TAG: AP channel is 0 (not ready). Skip this round.[0m
csi_data,[0,0,12,5,12,4,11,4,11,3,11,3,11,3,10,2,10,2,10,1,10,1,9,0,9,0,9,-1,10,-1,10,-1,10,-1,10,-1,10,-1,10,-1,10,0,9,0,9,0,9,1,8,2,8,2,8,2,0,0,0,0,0,0,0,0,0,0,0,0,0,0,0,0,0,0,0,0,0,0,13,7,13,8,12,8,11,9,11,9,11,10,10,11,10,12,9,12,9,12,9,12,8,11,8,11,8,11,8,10,9,10,9,9,9,8,9,7,10,7,10,6,11,6,11,6,12,6,12,6,11,6]
[0;33mW (63202) TAG: AP channel is 0 (not ready). Skip this round.[0m
csi_data,[0,0,1,-12,1,-12,1,-12,1,-12,0,-11,0,-11,-1,-11,-1,-10,-2,-9,-2,-9,-3,-9,-3,-9,-3,-8,-3,-8,-3,-7,-4,-8,-3,-7,-2,-6,-2,-6,-1,-6,0,-7,0,-7,1,-6,1,-5,1,-4,1,-3,0,0,0,0,0,0,0,0,0,0,0,0,0,0,0,0,0,0,0,0,0,0,7,-19,8,-18,9,-17,10,-17,11,-17,12,-17,12,-17,12,-16,12,-15,13,-15,12,-15,11,-14,11,-13,10,-13,9,-13,8,-14,7,-14,6,-13,5,-13,4,-14,4,-14,3,-13,3,-13,2,-14,2,-14,2,-14]
[0;33mW (64202) TAG: AP channel is 0 (not ready). Skip this round.[0m
csi_data,[0,0,7,10,7,10,6,9,6,8,6,8,7,7,7,6,6,6,5,5,6,4,7,5,7,4,7,4,7,3,7,3,7,3,7,4,6,4,5,4,4,4,3,3,3,3,3,4,2,3,2,3,2,4,0,0,0,0,0,0,0,0,0,0,0,0,0,0,0,0,0,0,0,0,0,0,7,15,6,16,5,17,4,18,4,18,3,17,3,18,2,18,1,18,1,17,1,17,1,16,1,15,1,15,1,14,2,14,4,13,4,13,4,12,4,12,5,11,6,11,7,11,7,11,6,11,6,11]
[0;33mW (65202) TAG: AP channel is 0 (not ready). Skip this round.[0m
csi_data,[0,0,-13,-4,-13,-5,-13,-4,-13,-3,-13,-3,-12,-3,-12,-2,-12,-2,-12,-2,-12,-1,-12,-1,-11,0,-11,1,-11,0,-11,1,-12,1,-12,1,-12,1,-11,0,-11,0,-11,0,-10,-1,-10,-1,-9,-2,-9,-2,-8,-3,0,0,0,0,0,0,0,0,0,0,0,0,0,0,0,0,0,0,0,0,0,0,-15,-6,-14,-6,-14,-7,-14,-8,-14,-9,-13,-10,-13,-11,-13,-11,-13,-12,-12,-12,-12,-11,-11,-11,-11,-11,-10,-10,-10,-10,-11,-9,-12,-8,-12,-8,-12,-7,-12,-7,-12,-6,-13,-6,-13,-6,-14,-6,-14,-6,-14,-5]
[0;33mW (66202) TAG: AP channel is 0 (not ready). Skip this round.[0m
csi_data,[0,0,0,-16,0,-16,0,-15,0,-14,-1,-14,-1,-15,-1,-14,-2,-13,-2,-13,-2,-13,-3,-13,-4,-13,-4,-13,-4,-14,-5,-14,-5,-14,-5,-14,-5,-14,-4,-14,-4,-15,-3,-14,-3,-14,-2,-14,-1,-13,-1,-13,-1,-13,0,0,0,0,0,0,0,0,0,0,0,0,0,0,0,0,0,0,0,0,0,0,-1,-10,-1,-10,-1,-11,0,-11,1,-11,1,-12,2,-12,3,-13,3,-12,4,-12,4,-12,4,-12,4,-12,4,-12,4,-12,3,-12,3,-12,2,-13,2,-13,2,-13,2,-14,1,-14,1,-14,1,-14,1,-15,1,-15]
[0;33mW (67202) TAG: AP channel is 0 (not ready). Skip this round.[0m
csi_data,[0,0,10,-11,9,-11,9,-11,10,-11,9,-11,9,-11,9,-11,8,-11,8,-11,7,-12,7,-13,7,-13,7,-13,7,-14,7,-14,7,-14,7,-14,8,-14,9,-14,10,-14,10,-13,10,-12,10,-11,10,-11,11,-10,11,-9,0,0,0,0,0,0,0,0,0,0,0,0,0,0,0,0,0,0,0,0,0,0,8,-6,8,-5,8,-5,9,-4,9,-4,10,-4,10,-3,10,-3,10,-3,10,-3,10,-3,10,-3,10,-3,9,-3,9,-3,9,-4,9,-4,9,-5,9,-6,9,-6,9,-7,9,-8,9,-8,9,-9,9,-9,9,-10]
[0;33mW (68202) TAG: AP channel is 0 (not ready). Skip this round.[0m
csi_data,[0,0,-14,0,-14,0,-14,0,-13,1,-13,1,-13,1,-12,2,-12,2,-12,3,-12,3,-11,4,-11,5,-11,5,-11,5,-11,5,-12,5,-12,5,-12,5,-12,4,-13,4,-13,3,-12,3,-12,3,-12,2,-12,1,-12,1,0,0,0,0,0,0,0,0,0,0,0,0,0,0,0,0,0,0,0,0,0,0,-13,2,-13,1,-13,0,-13,-1,-14,-1,-14,-2,-14,-3,-14,-4,-14,-4,-14,-4,-14,-5,-13,-5,-13,-4,-13,-4,-13,-4,-13,-4,-13,-3,-13,-2,-13,-2,-13,-1,-13,-1,-14,-1,-14,-1,-14,0,-14,0,-14,0]
[0;33mW (69202) TAG: AP channel is 0 (not ready). Skip this round.[0m
csi_data,[0,0,14,0,14,0,14,-1,14,-1,14,-2,14,-2,13,-2,13,-3,12,-3,12,-3,12,-4,12,-4,12,-4,12,-5,12,-5,13,-5,13,-5,13,-4,13,-4,13,-3,13,-3,13,-2,12,-2,12,-2,11,-1,11,0,0,0,0,0,0,0,0,0,0,0,0,0,0,0,0,0,0,0,0,0,0,0,10,0,11,0,11,1,11,1,11,2,12,3,12,4,12,4,11,5,11,5,11,5,11,5,11,5,11,4,11,4,11,3,12,3,12,2,12,2,12,2,13,1,13,1,13,0,14,0,14,0,15,0]
[0;33mW (70202) TAG: AP channel is 0 (not ready). Skip this round.[0m
csi_data,[0,0,-9,-14,-8,-14,-8,-14,-7,-14,-7,-13,-8,-13,-9,-12,-9,-11,-9,-11,-9,-11,-10,-11,-10,-10,-10,-10,-10,-10,-10,-10,-10,-10,-10,-11,-10,-11,-9,-11,-9,-12,-8,-11,-8,-11,-8,-11,-8,-11,-7,-11,-7,-11,0,0,0,0,0,0,0,0,0,0,0,0,0,0,0,0,0,0,0,0,0,0,-6,-10,-6,-11,-5,-11,-4,-11,-3,-12,-3,-12,-3,-13,-3,-12,-3,-12,-3,-12,-4,-12,-4,-12,-4,-12,-4,-12,-4,-12,-4,-12,-5,-12,-5,-12,-6,-12,-6,-13,-6,-13,-7,-13,-8,-13,-8,-14,-8,-14,-7,-14]
[0;33mW (71202) TAG: AP channel is 0 (not ready). Skip this round.[0m
csi_data,[0,0,-15,-7,-15,-8,-14,-7,-14,-6,-14,-6,-13,-6,-12,-5,-12,-4,-13,-4,-13,-3,-13,-2,-13,-2,-13,-2,-14,-2,-14,-2,-14,-2,-14,-2,-13,-3,-12,-3,-12,-3,-13,-3,-12,-4,-12,-4,-12,-5,-12,-5,-12,-6,0,0,0,0,0,0,0,0,0,0,0,0,0,0,0,0,0,0,0,0,0,0,-11,-4,-11,-4,-11,-5,-11,-6,-11,-6,-11,-7,-12,-7,-12,-8,-11,-8,-11,-8,-11,-8,-11,-8,-11,-8,-10,-8,-10,-8,-10,-8,-11,-7,-12,-7,-12,-7,-13,-7,-13,-6,-13,-7,-13,-7,-14,-7,-14,-7,-14,-7]
[0;33mW (72202) TAG: AP channel is 0 (not ready). Skip this round.[0m
csi_data,[0,0,-17,-3,-17,-2,-16,-2,-16,-2,-16,-2,-15,-2,-15,-1,-15,-1,-15,-1,-15,0,-15,1,-14,1,-14,2,-14,2,-15,2,-15,1,-15,1,-16,0,-16,0,-15,0,-15,-1,-14,-2,-14,-2,-13,-2,-13,-3,-13,-3,0,0,0,0,0,0,0,0,0,0,0,0,0,0,0,0,0,0,0,0,0,0,-11,-1,-11,-1,-11,-2,-11,-2,-12,-3,-12,-3,-13,-4,-13,-5,-13,-5,-13,-5,-13,-5,-13,-5,-12,-5,-12,-5,-12,-4,-12,-4,-13,-4,-13,-4,-14,-3,-14,-2,-14,-2,-15,-3,-16,-3,-16,-2,-16,-2,-16,-2]
[0;33mW (73202) TAG: AP channel is 0 (not ready). Skip this round.[0m
csi_data,[0,0,12,-6,12,-6,12,-6,12,-6,12,-7,12,-7,11,-7,10,-7,10,-7,10,-7,10,-8,9,-8,8,-7,9,-7,9,-8,9,-8,8,-7,9,-8,10,-8,10,-7,10,-7,10,-7,9,-6,9,-6,9,-5,9,-5,0,0,0,0,0,0,0,0,0,0,0,0,0,0,0,0,0,0,0,0,0,0,10,-7,11,-6,12,-6,12,-5,12,-5,13,-4,13,-3,13,-3,13,-2,13,-2,13,-2,13,-2,13,-2,13,-2,13,-2,12,-3,12,-3,11,-4,12,-4,12,-5,12,-5,12,-6,12,-6,13,-7,13,-7,14,-7]
[0;33mW (74202) TAG: AP channel is 0 (not ready). Skip this round.[0m
csi_data,[0,0,12,8,12,7,11,7,11,7,11,7,11,6,11,6,11,6,10,5,10,4,11,4,11,4,11,4,11,3,11,4,11,3,11,3,11,3,12,3,11,4,10,4,10,4,9,4,8,5,8,5,8,5,0,0,0,0,0,0,0,0,0,0,0,0,0,0,0,0,0,0,0,0,0,0,10,5,10,6,10,7,10,8,10,8,10,9,10,9,10,9,8,10,7,11,7,11,7,11,7,11,7,10,8,9,8,9,9,9,9,9,9,8,10,8,10,8,10,8,11,8,11,9,11,8,12,7]
[0;33mW (75202) TAG: AP channel is 0 (not ready). Skip this round.[0m
csi_data,[0,0,-16,1,-15,1,-15,2,-14,2,-14,2,-13,2,-13,3,-13,4,-12,4,-12,4,-12,5,-12,4,-11,5,-11,6,-11,6,-11,6,-11,6,-11,6,-11,6,-11,5,-11,4,-11,4,-11,3,-11,3,-11,3,-10,3,0,0,0,0,0,0,0,0,0,0,0,0,0,0,0,0,0,0,0,0,0,0,-14,3,-14,3,-14,2,-15,1,-15,0,-15,-1,-15,-1,-14,-2,-14,-3,-15,-4,-14,-4,-14,-3,-14,-3,-14,-3,-13,-2,-13,-1,-13,-1,-13,-1,-13,0,-13,0,-14,1,-14,1,-15,2,-15,2,-15,2,-15,1]
[0;33mW (76202) TAG: AP channel is 0 (not ready). Skip this round.[0m
csi_data,[0,0,-12,-8,-12,-9,-13,-10,-13,-9,-12,-9,-12,-8,-12,-8,-12,-7,-12,-7,-12,-6,-11,-5,-11,-4,-12,-4,-13,-4,-12,-4,-13,-4,-12,-5,-12,-5,-12,-5,-12,-5,-12,-5,-11,-5,-10,-5,-10,-5,-10,-5,-9,-6,0,0,0,0,0,0,0,0,0,0,0,0,0,0,0,0,0,0,0,0,0,0,-11,-8,-11,-9,-10,-10,-9,-10,-10,-10,-10,-11,-9,-12,-8,-12,-8,-13,-8,-13,-8,-13,-8,-13,-7,-12,-7,-12,-8,-11,-8,-11,-9,-10,-9,-10,-10,-10,-10,-10,-10,-10,-11,-10,-12,-10,-12,-10,-12,-10,-12,-10]
[0;33mW (77202) TAG: AP channel is 0 (not ready). Skip this round.[0m
csi_data,[0,0,-15,4,-15,4,-15,3,-14,3,-14,4,-13,4,-12,4,-12,5,-12,5,-11,5,-11,5,-10,5,-10,6,-11,6,-11,6,-10,6,-10,6,-11,6,-11,5,-11,5,-11,5,-10,4,-10,4,-10,4,-10,3,-10,3,0,0,0,0,0,0,0,0,0,0,0,0,0,0,0,0,0,0,0,0,0,0,-13,5,-13,5,-13,4,-14,3,-14,3,-15,2,-15,1,-15,1,-14,0,-14,0,-14,0,-14,0,-14,0,-14,1,-14,1,-14,1,-15,1,-14,1,-13,1,-14,2,-14,2,-14,3,-14,4,-15,4,-14,4,-15,5]
[0;33mW (78202) TAG: AP channel is 0 (not ready). Skip this round.[0m
csi_data,[0,0,12,8,12,7,12,7,12,7,12,7,11,7,11,6,12,5,11,4,11,4,12,4,11,3,11,4,12,4,12,3,12,3,12,2,11,3,11,4,11,4,10,5,9,5,9,4,9,4,8,5,8,5,0,0,0,0,0,0,0,0,0,0,0,0,0,0,0,0,0,0,0,0,0,0,10,4,10,5,10,6,10,7,10,7,10,8,10,9,9,9,9,10,9,9,8,9,8,10,8,9,8,9,8,9,9,8,9,8,10,8,10,8,10,8,11,8,11,8,11,8,12,7,12,7,13,8]
[0;33mW (79202) TAG: AP channel is 0 (not ready). Skip this round.[0m
csi_data,[0,0,-8,-14,-8,-14,-8,-14,-8,-13,-8,-12,-8,-12,-8,-12,-8,-11,-8,-11,-9,-10,-9,-10,-10,-10,-10,-10,-10,-9,-10,-9,-10,-10,-9,-10,-9,-10,-9,-10,-8,-10,-7,-10,-7,-10,-7,-9,-6,-9,-5,-9,-5,-9,0,0,0,0,0,0,0,0,0,0,0,0,0,0,0,0,0,0,0,0,0,0,-7,-9,-7,-10,-7,-11,-7,-12,-6,-12,-5,-13,-5,-13,-5,-13,-5,-14,-4,-13,-4,-13,-4,-13,-4,-13,-4,-13,-5,-12,-5,-12,-5,-12,-5,-12,-6,-12,-7,-13,-7,-12,-7,-13,-8,-13,-8,-13,-8,-13,-8,-14]
[0;33mW (80202) TAG: AP channel is 0 (not ready). Skip this round.[0m
csi_data,[0,0,0,-16,0,-15,0,-15,0,-15,0,-15,0,-15,0,-14,-1,-13,-2,-13,-2,-13,-2,-12,-3,-12,-4,-12,-4,-13,-3,-13,-3,-12,-3,-12,-3,-13,-2,-13,-2,-12,-2,-12,-1,-12,-1,-11,-1,-11,-1,-11,-1,-11,0,0,0,0,0,0,0,0,0,0,0,0,0,0,0,0,0,0,0,0,0,0,-2,-13,-1,-12,0,-13,1,-13,1,-13,2,-13,3,-13,3,-13,4,-13,4,-13,4,-13,3,-13,3,-13,3,-12,3,-12,3,-13,2,-13,2,-13,2,-13,2,-13,2,-13,1,-14,1,-15,1,-15,1,-16,0,-16]
[0;33mW (81202) TAG: AP channel is 0 (not ready). Skip this round.[0m
csi_data,[0,0,-5,15,-5,14,-5,14,-5,14,-5,13,-5,13,-4,14,-3,13,-3,13,-2,13,-2,13,-1,12,-1,12,0,12,0,13,0,12,0,12,-1,12,-1,12,-1,12,-2,12,-2,11,-2,11,-2,11,-3,10,-3,9,0,0,0,0,0,0,0,0,0,0,0,0,0,0,0,0,0,0,0,0,0,0,-3,12,-4,12,-5,12,-6,12,-7,12,-7,12,-8,11,-8,11,-8,10,-9,10,-9,10,-8,11,-8,11,-8,11,-8,11,-8,11,-7,11,-7,12,-6,12,-6,12,-6,13,-5,13,-5,14,-5,15,-5,15,-5,15]
[0;33mW (82202) TAG: AP channel is 0 (not ready). Skip this round.[0m
csi_data,[0,0,8,12,8,12,7,11,7,11,7,11,7,11,7,10,7,9,8,9,8,9,8,8,8,8,8,8,9,8,9,8,9,8,8,8,8,8,8,8,7,8,7,8,6,9,6,9,6,8,5,8,4,8,0,0,0,0,0,0,0,0,0,0,0,0,0,0,0,0,0,0,0,0,0,0,7,8,6,8,6,9,6,10,6,11,5,11,5,12,4,12,4,12,4,12,4,12,4,11,4,11,4,12,4,12,4,11,4,11,4,11,5,11,6,11,6,12,6,12,7,12,7,12,7,12,8,12]
[0;33mW (83202) TAG: AP channel is 0 (not ready). Skip this round.[0m
csi_data,[0,0,-15,-4,-15,-5,-14,-5,-14,-5,-13,-5,-13,-4,-13,-3,-13,-3,-13,-2,-13,-2,-13,-2,-13,-2,-13,-2,-12,-2,-12,-2,-12,-1,-12,-1,-12,-1,-12,-1,-12,-1,-12,-1,-11,-1,-11,-2,-11,-2,-10,-3,-10,-3,0,0,0,0,0,0,0,0,0,0,0,0,0,0,0,0,0,0,0,0,0,0,-11,-4,-11,-5,-12,-5,-12,-6,-12,-7,-12,-7,-12,-8,-12,-8,-12,-8,-11,-9,-11,-10,-11,-10,-11,-9,-11,-9,-11,-8,-11,-7,-11,-7,-12,-7,-13,-7,-13,-6,-13,-5,-13,-6,-14,-6,-14,-6,-14,-6,-15,-5]
[0;33mW (84202) TAG: AP channel is 0 (not ready). Skip this round.[0m
csi_data,[0,0,-1,15,-1,15,-1,15,-1,14,-1,13,-1,13,0,13,0,12,1,12,1,12,1,12,2,12,2,12,1,12,1,12,2,12,2,12,2,11,2,11,2,11,1,11,1,11,0,11,0,10,-1,10,-1,10,0,0,0,0,0,0,0,0,0,0,0,0,0,0,0,0,0,0,0,0,0,0,0,11,0,12,-1,12,-1,12,-2,12,-3,12,-3,12,-4,12,-4,12,-5,11,-5,11,-6,12,-6,12,-5,12,-5,12,-4,12,-4,12,-3,12,-3,12,-2,13,-2,13,-3,13,-2,13,-2,14,-1,14,-1,14]
[0;33mW (85202) TAG: AP channel is 0 (not ready). Skip this round.[0m
csi_data,[0,0,13,7,13,6,12,6,12,6,12,5,11,5,11,4,12,4,12,3,12,3,12,3,11,2,12,1,12,1,12,1,12,2,12,1,12,2,12,2,11,3,11,3,11,3,11,3,10,3,10,4,9,4,0,0,0,0,0,0,0,0,0,0,0,0,0,0,0,0,0,0,0,0,0,0,11,5,11,6,10,6,10,7,10,7,10,8,9,9,9,9,10,9,9,9,8,10,8,10,8,9,9,9,9,9,9,8,9,7,9,7,10,7,11,7,11,7,11,7,12,6,13,7,13,7,13,8]
[0;33mW (86202) TAG: AP channel is 0 (not ready). Skip this round.[0m
csi_data,[0,0,-15,1,-15,1,-15,1,-14,1,-14,1,-14,1,-14,2,-13,2,-12,3,-12,3,-12,3,-12,4,-12,4,-12,5,-12,5,-12,5,-13,5,-13,4,-13,4,-13,3,-13,3,-12,3,-12,3,-12,2,-12,1,-12,1,0,0,0,0,0,0,0,0,0,0,0,0,0,0,0,0,0,0,0,0,0,0,-13,2,-13,1,-13,1,-13,0,-14,-1,-14,-1,-14,-1,-13,-2,-13,-3,-13,-3,-14,-3,-14,-3,-13,-3,-13,-3,-13,-2,-13,-1,-14,-1,-14,-2,-14,-1,-14,0,-14,1,-14,0,-15,1,-15,1,-15,1,-15,1]
[0;33mW (87202) TAG: AP channel is 0 (not ready). Skip this round.[0m
csi_data,[0,0,-15,-7,-14,-7,-14,-7,-13,-7,-13,-6,-13,-6,-13,-5,-13,-5,-13,-4,-14,-3,-14,-3,-13,-2,-13,-2,-13,-2,-13,-2,-14,-3,-14,-3,-13,-3,-13,-3,-13,-3,-13,-4,-13,-4,-12,-4,-12,-5,-11,-5,-11,-6,0,0,0,0,0,0,0,0,0,0,0,0,0,0,0,0,0,0,0,0,0,0,-12,-4,-12,-5,-12,-5,-12,-6,-12,-8,-12,-8,-12,-9,-11,-9,-11,-9,-11,-9,-11,-10,-11,-10,-11,-10,-10,-9,-10,-9,-11,-9,-11,-9,-12,-8,-12,-7,-12,-7,-13,-7,-13,-7,-14,-8,-14,-7,-14,-7,-15,-7]
[0;33mW (88202) TAG: AP channel is 0 (not ready). Skip this round.[0m
csi_data,[0,0,11,-9,11,-9,11,-9,11,-9,10,-10,10,-10,9,-9,9,-10,8,-10,8,-10,7,-10,7,-10,7,-10,7,-11,7,-10,7,-10,7,-11,8,-10,8,-10,8,-10,8,-9,8,-9,8,-8,8,-7,8,-7,7,-6,0,0,0,0,0,0,0,0,0,0,0,0,0,0,0,0,0,0,0,0,0,0,7,-9,8,-9,8,-9,9,-8,10,-8,11,-7,11,-6,11,-6,11,-6,11,-6,11,-5,11,-5,11,-5,11,-5,11,-6,10,-6,10,-6,10,-7,11,-7,10,-7,10,-8,10,-8,10,-9,10,-9,10,-10,11,-10]
[0;33mW (89202) TAG: AP channel is 0 (not ready). Skip this round.[0m
csi_data,[0,0,-2,15,-2,14,-2,14,-2,14,-1,13,-1,13,0,13,0,13,0,13,1,12,1,12,2,11,2,12,2,12,2,12,2,12,2,13,2,12,2,12,1,12,1,12,0,12,0,12,0,11,0,10,-1,10,0,0,0,0,0,0,0,0,0,0,0,0,0,0,0,0,0,0,0,0,0,0,-1,11,-2,11,-2,12,-3,12,-4,12,-5,12,-6,12,-6,12,-6,11,-6,11,-6,11,-6,11,-6,12,-6,11,-6,10,-6,11,-5,11,-4,12,-4,12,-4,12,-4,13,-3,13,-2,13,-2,14,-2,15,-3,14]
[0;33mW (90202) TAG: AP channel is 0 (not ready). Skip this round.[0m
csi_data,[0,0,12,-9,12,-9,11,-9,11,-9,11,-8,11,-9,10,-9,10,-9,9,-9,9,-9,8,-10,8,-10,8,-10,7,-10,7,-11,7,-11,7,-11,7,-11,7,-10,8,-10,8,-10,8,-10,8,-9,8,-8,9,-7,9,-7,0,0,0,0,0,0,0,0,0,0,0,0,0,0,0,0,0,0,0,0,0,0,10,-6,10,-6,11,-5,11,-5,12,-5,12,-4,12,-4,12,-3,13,-3,13,-3,12,-2,12,-2,12,-3,12,-3,12,-4,12,-4,12,-5,12,-6,12,-6,11,-6,11,-7,12,-7,12,-8,12,-8,13,-8,13,-7]
[0;33mW (91202) TAG: AP channel is 0 (not ready). Skip this round.[0m
csi_data,[0,0,8,-12,9,-12,8,-12,8,-12,8,-12,7,-13,7,-12,7,-12,6,-12,6,-12,5,-12,4,-12,3,-12,3,-12,3,-13,4,-12,4,-12,4,-12,3,-12,4,-12,5,-12,5,-11,5,-11,5,-10,5,-10,6,-10,0,0,0,0,0,0,0,0,0,0,0,0,0,0,0,0,0,0,0,0,0,0,6,-11,7,-10,8,-10,9,-10,9,-10,9,-9,10,-9,10,-9,11,-8,11,-8,11,-8,10,-8,10,-8,10,-8,10,-8,9,-8,8,-9,8,-9,9,-10,9,-10,9,-11,9,-11,9,-11,9,-12,9,-12,9,-12]
[0;33mW (92202) TAG: AP channel is 0 (not ready). Skip this round.[0m
csi_data,[0,0,6,12,6,12,7,12,7,12,7,12,6,11,7,11,7,11,7,10,8,9,8,9,8,9,8,8,8,8,8,8,8,8,8,9,9,9,8,9,8,9,7,9,6,9,6,9,6,9,5,9,5,9,0,0,0,0,0,0,0,0,0,0,0,0,0,0,0,0,0,0,0,0,0,0,7,9,7,9,6,10,5,11,5,12,5,12,4,12,4,12,3,13,3,13,3,13,3,12,2,12,2,12,2,12,3,12,4,12,4,11,5,12,5,12,5,11,5,12,6,12,7,13,7,13,7,12]
[0;33mW (93202) TAG: AP channel is 0 (not ready). Skip this round.[0m
csi_data,[0,0,9,11,9,11,9,10,9,9,10,9,9,9,9,9,9,8,9,7,9,7,9,6,10,6,10,6,10,5,10,6,10,6,10,6,10,6,10,6,9,7,9,7,9,7,8,7,8,6,7,7,7,8,0,0,0,0,0,0,0,0,0,0,0,0,0,0,0,0,0,0,0,0,0,0,8,6,8,7,7,8,7,9,6,9,6,10,5,11,5,11,5,11,4,11,4,11,5,11,5,11,5,11,5,11,5,10,6,9,6,9,7,10,7,10,7,10,8,10,9,10,9,10,9,10,9,10]
[0;33mW (94202) TAG: AP channel is 0 (not ready). Skip this round.[0m
csi_data,[0,0,12,-8,12,-8,12,-8,12,-8,12,-8,11,-8,10,-8,10,-8,9,-9,9,-9,8,-9,8,-9,8,-10,8,-10,8,-10,8,-10,8,-10,8,-10,8,-9,8,-9,8,-9,9,-8,9,-8,9,-8,9,-7,9,-7,0,0,0,0,0,0,0,0,0,0,0,0,0,0,0,0,0,0,0,0,0,0,10,-6,10,-6,10,-6,11,-6,11,-5,12,-5,12,-4,12,-4,12,-4,12,-3,12,-3,12,-3,12,-3,12,-3,11,-3,11,-4,11,-5,11,-5,11,-5,11,-5,11,-6,12,-7,12,-8,12,-8,12,-8,12,-8]
[0;33mW (95202) TAG: AP channel is 0 (not ready). Skip this round.[0m
csi_data,[0,0,4,13,5,13,5,13,5,13,5,13,6,12,5,12,5,12,6,11,6,11,6,10,6,10,6,10,6,10,7,10,8,9,7,10,7,10,6,10,6,10,5,10,6,10,5,10,4,10,3,10,3,10,0,0,0,0,0,0,0,0,0,0,0,0,0,0,0,0,0,0,0,0,0,0,4,10,4,10,4,11,3,11,2,12,1,12,0,12,0,12,0,13,1,13,0,13,0,13,0,12,0,12,0,12,1,12,1,12,2,12,2,12,3,12,4,13,4,13,4,12,4,13,4,13,4,13]
[0;33mW (96202) TAG: AP channel is 0 (not ready). Skip this round.[0m
csi_data,[0,0,10,-9,11,-9,11,-9,10,-9,10,-9,9,-9,9,-9,8,-9,8,-9,7,-10,7,-10,7,-11,6,-10,6,-10,6,-11,6,-11,6,-12,6,-11,7,-11,6,-11,7,-11,7,-10,7,-9,7,-9,8,-8,8,-8,0,0,0,0,0,0,0,0,0,0,0,0,0,0,0,0,0,0,0,0,0,0,9,-6,9,-6,10,-6,11,-5,12,-5,12,-5,12,-4,12,-4,12,-4,12,-3,12,-3,12,-3,11,-3,11,-3,11,-3,11,-4,11,-4,11,-5,11,-5,11,-6,11,-7,11,-7,12,-8,12,-8,12,-8,12,-7]
[0;33mW (97202) TAG: AP channel is 0 (not ready). Skip this round.[0m
csi_data,[0,0,11,-11,10,-11,10,-11,9,-11,8,-11,9,-11,8,-11,8,-11,7,-11,7,-11,6,-11,6,-11,6,-11,6,-11,6,-12,6,-12,6,-12,6,-12,6,-12,7,-12,7,-11,7,-10,7,-9,7,-9,8,-8,9,-8,0,0,0,0,0,0,0,0,0,0,0,0,0,0,0,0,0,0,0,0,0,0,7,-9,7,-9,8,-8,8,-8,9,-8,10,-7,10,-7,11,-7,11,-7,11,-7,11,-7,11,-6,11,-6,10,-6,10,-7,11,-7,10,-7,9,-7,9,-8,9,-9,9,-9,9,-9,9,-10,10,-11,10,-11,10,-11]
[0;33mW (98202) TAG: AP channel is 0 (not ready). Skip this round.[0m
csi_data,[0,0,-15,-4,-15,-3,-15,-2,-14,-2,-14,-2,-14,-2,-14,-2,-14,-1,-13,0,-13,0,-13,1,-13,1,-13,1,-13,1,-13,1,-14,1,-14,1,-14,0,-13,0,-13,0,-13,0,-13,-1,-13,-1,-13,-1,-12,-2,-12,-3,0,0,0,0,0,0,0,0,0,0,0,0,0,0,0,0,0,0,0,0,0,0,-11,-2,-12,-3,-12,-4,-12,-5,-12,-5,-12,-5,-12,-6,-11,-7,-11,-7,-11,-7,-11,-6,-11,-6,-11,-6,-11,-6,-11,-6,-12,-5,-12,-5,-12,-5,-12,-4,-12,-3,-13,-4,-13,-4,-14,-3,-14,-2,-15,-2,-15,-3]
[0;33mW (99202) TAG: AP channel is 0 (not ready). Skip this round.[0m
csi_data,[0,0,2,14,2,14,3,14,3,14,3,13,3,13,3,12,3,12,4,11,4,11,5,11,5,11,5,11,5,11,6,11,6,11,6,11,5,12,5,11,4,11,4,11,3,11,3,11,2,11,1,11,0,11,0,0,0,0,0,0,0,0,0,0,0,0,0,0,0,0,0,0,0,0,0,0,4,10,3,11,2,12,2,13,1,13,1,13,0,13,0,13,0,12,0,12,-1,12,-1,12,-1,12,-1,12,0,12,0,12,1,11,1,11,2,12,2,12,2,13,2,13,2,13,2,14,3,14,4,14]
[0;33mW (100202) TAG: AP channel is 0 (not ready). Skip this round.[0m
csi_data,[0,0,-14,-7,-14,-8,-13,-8,-13,-7,-13,-7,-14,-7,-14,-6,-13,-5,-13,-4,-13,-4,-14,-4,-14,-4,-14,-4,-14,-3,-14,-3,-14,-3,-14,-4,-15,-4,-15,-4,-15,-5,-14,-5,-14,-5,-13,-6,-13,-6,-12,-7,-11,-7,0,0,0,0,0,0,0,0,0,0,0,0,0,0,0,0,0,0,0,0,0,0,-10,-7,-10,-7,-10,-8,-9,-9,-9,-9,-9,-10,-9,-10,-9,-10,-8,-10,-7,-11,-8,-11,-8,-10,-8,-10,-8,-9,-8,-10,-9,-9,-9,-9,-9,-9,-10,-9,-11,-8,-11,-8,-11,-8,-11,-8,-12,-8,-12,-8,-13,-7]
[0;33mW (101202) TAG: AP channel is 0 (not ready). Skip this round.[0m
csi_data,[0,0,-4,13,-4,14,-4,14,-4,14,-3,13,-3,13,-3,13,-2,13,-2,12,-1,12,-1,13,-1,14,-1,14,0,14,1,14,0,14,0,14,0,14,0,13,-1,13,-1,14,-2,13,-3,13,-4,12,-4,11,-5,11,0,0,0,0,0,0,0,0,0,0,0,0,0,0,0,0,0,0,0,0,0,0,-4,10,-5,10,-5,11,-6,11,-6,11,-7,11,-7,11,-7,11,-7,10,-8,10,-8,10,-8,9,-8,9,-7,9,-7,9,-6,9,-5,10,-5,11,-5,11,-5,11,-5,11,-4,13,-4,13,-3,13,-3,14,-3,14]
[0;33mW (102202) TAG: AP channel is 0 (not ready). Skip this round.[0m
csi_data,[0,0,14,3,14,3,14,3,13,2,13,2,13,1,13,1,13,1,13,0,13,-1,13,-1,12,-2,13,-1,13,-2,13,-2,13,-2,13,-2,13,-2,13,-1,13,-1,13,0,13,1,12,1,12,1,12,2,12,3,0,0,0,0,0,0,0,0,0,0,0,0,0,0,0,0,0,0,0,0,0,0,11,2,11,3,11,4,11,5,11,5,11,6,10,6,10,6,10,7,11,7,11,7,10,7,10,7,10,6,9,6,10,5,10,5,11,4,11,4,12,4,12,4,13,4,13,4,14,3,14,3,14,3]
[0;33mW (103202) TAG: AP channel is 0 (not ready). Skip this round.[0m
csi_data,[0,0,-12,8,-12,9,-12,9,-12,9,-11,9,-11,9,-10,9,-10,9,-9,9,-9,9,-9,9,-9,9,-8,10,-8,10,-8,11,-8,11,-8,11,-9,11,-9,10,-9,9,-9,10,-9,9,-9,8,-10,8,-10,7,-10,7,0,0,0,0,0,0,0,0,0,0,0,0,0,0,0,0,0,0,0,0,0,0,-10,6,-10,6,-10,6,-11,6,-11,6,-12,5,-12,5,-12,4,-12,4,-13,4,-12,3,-12,3,-12,3,-12,3,-12,3,-12,4,-12,5,-11,5,-11,5,-11,6,-12,7,-12,8,-12,8,-12,8,-12,8,-11,7]
[0;33mW (104202) TAG: AP channel is 0 (not ready). Skip this round.[0m
csi_data,[0,0,13,2,13,2,13,1,14,1,14,1,13,0,12,0,12,1,12,0,12,-1,12,-1,12,-2,12,-2,12,-2,12,-3,12,-3,13,-2,13,-2,13,-2,12,-1,12,0,12,0,11,0,11,1,11,1,10,2,0,0,0,0,0,0,0,0,0,0,0,0,0,0,0,0,0,0,0,0,0,0,11,1,11,1,11,2,11,2,11,3,12,4,12,4,11,5,10,5,10,6,10,6,10,5,10,6,10,5,11,5,11,5,11,4,11,3,11,3,12,2,12,2,12,2,13,2,13,2,13,2,13,3]
[0;33mW (105202) TAG: AP channel is 0 (not ready). Skip this round.[0m
csi_data,[0,0,14,2,14,2,14,1,13,1,13,1,13,1,13,0,12,0,12,0,12,-1,12,-1,12,-2,12,-2,11,-2,11,-3,12,-3,12,-2,12,-2,12,-2,12,-2,12,-2,11,-1,11,0,11,0,11,0,12,1,0,0,0,0,0,0,0,0,0,0,0,0,0,0,0,0,0,0,0,0,0,0,12,1,13,2,13,2,12,2,12,3,12,5,12,6,12,5,12,5,12,6,12,6,12,6,11,6,11,6,11,5,11,5,11,5,11,4,12,4,12,3,13,3,13,3,13,2,13,3,13,2,13,2]
[0;33mW (106202) TAG: AP channel is 0 (not ready). Skip this round.[0m
csi_data,[0,0,-15,-3,-15,-4,-15,-3,-15,-3,-14,-3,-13,-3,-14,-2,-14,-1,-13,-1,-13,0,-13,0,-13,0,-14,0,-14,1,-13,1,-13,1,-13,1,-13,1,-13,1,-13,1,-13,0,-13,0,-13,-1,-12,-2,-12,-2,-12,-2,0,0,0,0,0,0,0,0,0,0,0,0,0,0,0,0,0,0,0,0,0,0,-14,-2,-13,-3,-13,-4,-13,-5,-13,-5,-13,-6,-13,-7,-13,-7,-13,-7,-12,-8,-12,-8,-12,-8,-12,-7,-12,-7,-12,-7,-12,-7,-12,-6,-12,-5,-13,-5,-13,-4,-13,-4,-14,-4,-15,-3,-15,-3,-15,-3,-16,-4]
[0;33mW (107202) TAG: AP channel is 0 (not ready). Skip this round.[0m
csi_data,[0,0,12,9,12,9,12,9,12,8,11,7,11,7,11,7,11,6,11,6,11,5,11,5,11,4,12,4,12,4,12,4,12,4,12,5,12,5,12,5,12,5,11,6,10,6,9,6,9,6,9,6,8,7,0,0,0,0,0,0,0,0,0,0,0,0,0,0,0,0,0,0,0,0,0,0,8,7,8,7,8,8,7,9,7,10,7,10,7,10,7,10,6,11,6,11,6,10,6,11,5,10,5,10,6,9,6,9,7,9,8,9,8,9,9,8,9,9,9,9,10,9,10,9,11,9,11,9]
[0;33mW (108202) TAG: AP channel is 0 (not ready). Skip this round.[0m
csi_data,[0,0,-8,-13,-8,-14,-7,-13,-7,-13,-7,-12,-8,-12,-8,-12,-8,-12,-9,-12,-9,-11,-9,-11,-10,-11,-11,-10,-12,-11,-11,-11,-11,-12,-12,-12,-12,-12,-12,-12,-11,-13,-10,-14,-9,-14,-9,-14,-9,-15,-8,-15,-7,-15,0,0,0,0,0,0,0,0,0,0,0,0,0,0,0,0,0,0,0,0,0,0,-3,-11,-2,-11,-1,-11,-1,-11,0,-11,0,-11,0,-11,1,-11,1,-11,1,-11,1,-11,2,-11,0,-11,-1,-11,-1,-11,-1,-11,-2,-11,-2,-11,-3,-11,-4,-11,-5,-11,-5,-12,-5,-12,-6,-13,-6,-13,-7,-13]
[0;33mW (109202) TAG: AP channel is 0 (not ready). Skip this round.[0m
csi_data,[0,0,8,-11,8,-11,8,-11,8,-11,7,-11,7,-12,7,-12,7,-11,7,-12,6,-13,6,-13,6,-13,6,-13,6,-13,6,-15,6,-15,6,-15,6,-15,7,-15,8,-14,8,-14,9,-13,9,-12,9,-11,10,-10,11,-10,0,0,0,0,0,0,0,0,0,0,0,0,0,0,0,0,0,0,0,0,0,0,7,-5,7,-5,8,-4,8,-3,8,-3,8,-3,8,-3,8,-2,8,-2,9,-3,9,-2,8,-3,8,-3,8,-4,8,-4,8,-4,7,-5,7,-6,7,-6,7,-6,8,-7,8,-8,8,-9,8,-9,8,-10,8,-10]
[0;33mW (110202) TAG: AP channel is 0 (not ready). Skip this round.[0m
csi_data,[0,0,14,-1,14,-2,15,-2,15,-2,15,-1,15,-2,14,-2,14,-3,14,-4,14,-4,14,-4,14,-4,14,-5,15,-5,15,-5,15,-6,15,-6,16,-5,16,-5,16,-4,17,-2,17,-2,16,-1,16,0,16,1,15,2,0,0,0,0,0,0,0,0,0,0,0,0,0,0,0,0,0,0,0,0,0,0,9,2,9,2,9,2,10,3,10,3,9,4,9,4,8,5,8,5,9,4,9,4,9,4,9,4,10,3,10,2,10,2,10,2,10,1,10,1,10,0,11,1,12,0,13,0,14,0,14,-1,14,-1]
[0;33mW (111202) TAG: AP channel is 0 (not ready). Skip this round.[0m
csi_data,[0,0,8,11,9,11,9,11,10,10,10,10,10,10,9,9,9,9,10,9,11,9,11,9,11,8,10,7,11,7,12,7,13,8,13,8,12,9,11,9,11,10,10,10,9,10,9,10,8,11,8,11,6,11,0,0,0,0,0,0,0,0,0,0,0,0,0,0,0,0,0,0,0,0,0,0,5,8,5,9,4,9,3,10,3,10,3,10,3,10,2,10,2,10,2,10,2,10,2,10,2,9,3,9,3,9,4,9,5,9,5,9,5,9,6,9,7,9,8,9,8,10,9,10,9,10,9,10]
[0;33mW (112202) TAG: AP channel is 0 (not ready). Skip this round.[0m
csi_data,[0,0,-4,15,-4,15,-4,15,-3,15,-3,15,-3,15,-2,14,-2,14,-1,14,-1,14,-1,14,0,14,0,14,1,14,1,14,1,14,0,14,0,15,1,15,0,15,-1,15,-2,15,-3,14,-4,14,-4,13,-5,13,0,0,0,0,0,0,0,0,0,0,0,0,0,0,0,0,0,0,0,0,0,0,-6,8,-5,8,-6,9,-7,9,-7,9,-7,9,-7,9,-8,9,-8,8,-8,8,-8,8,-8,8,-8,9,-8,9,-8,9,-7,9,-6,9,-5,10,-5,10,-5,11,-5,11,-4,12,-4,13,-4,14,-4,14,-3,14]
[0;33mW (113202) TAG: AP channel is 0 (not ready). Skip this round.[0m
csi_data,[0,0,-1,14,-1,14,-1,14,-1,14,-1,14,-1,14,0,14,0,14,0,13,0,13,1,13,2,13,2,13,2,14,2,14,2,14,2,14,2,14,1,14,1,14,0,13,0,13,-1,13,-2,13,-3,13,-3,13,0,0,0,0,0,0,0,0,0,0,0,0,0,0,0,0,0,0,0,0,0,0,-2,9,-2,10,-3,10,-4,10,-4,10,-4,10,-5,10,-5,9,-5,9,-5,10,-5,10,-5,9,-5,10,-5,10,-4,10,-4,10,-3,10,-3,11,-3,11,-3,12,-2,12,-2,12,-2,13,-1,13,-1,14,-1,14]
[0;33mW (114202) TAG: AP channel is 0 (not ready). Skip this round.[0m
csi_data,[0,0,-4,13,-4,14,-4,14,-4,14,-4,13,-3,13,-3,13,-3,12,-2,12,-2,13,-1,13,-1,13,-1,14,0,14,0,14,0,14,-1,15,-1,15,-1,15,-1,14,-2,13,-3,13,-3,13,-4,12,-4,12,-5,12,0,0,0,0,0,0,0,0,0,0,0,0,0,0,0,0,0,0,0,0,0,0,-4,8,-5,9,-6,9,-6,8,-7,8,-7,8,-8,8,-7,7,-7,8,-8,8,-8,8,-7,8,-7,7,-7,8,-7,8,-7,9,-6,9,-6,9,-5,9,-5,10,-4,10,-4,10,-5,12,-5,13,-5,14,-5,14]
[0;33mW (115202) TAG: AP channel is 0 (not ready). Skip this round.[0m
csi_data,[0,0,-10,-12,-10,-11,-10,-11,-10,-11,-10,-10,-11,-11,-11,-11,-11,-10,-11,-10,-11,-10,-12,-9,-12,-9,-12,-8,-12,-8,-12,-9,-12,-9,-12,-9,-12,-9,-12,-10,-12,-11,-12,-11,-11,-11,-10,-11,-9,-11,-8,-11,-7,-11,0,0,0,0,0,0,0,0,0,0,0,0,0,0,0,0,0,0,0,0,0,0,-7,-9,-6,-10,-5,-10,-5,-10,-5,-10,-5,-10,-5,-11,-4,-11,-4,-11,-4,-12,-4,-11,-4,-11,-4,-11,-5,-10,-5,-10,-5,-11,-5,-10,-5,-10,-6,-10,-7,-10,-8,-10,-8,-10,-9,-11,-9,-11,-9,-11,-11,-11]
[0;33mW (116202) TAG: AP channel is 0 (not ready). Skip this round.[0m
csi_data,[0,0,-6,-14,-7,-14,-7,-14,-7,-14,-7,-14,-7,-13,-7,-13,-7,-13,-8,-12,-8,-12,-8,-12,-8,-12,-9,-11,-10,-11,-10,-11,-11,-11,-11,-11,-10,-11,-10,-12,-9,-12,-9,-13,-9,-13,-8,-13,-7,-13,-5,-13,-5,-13,0,0,0,0,0,0,0,0,0,0,0,0,0,0,0,0,0,0,0,0,0,0,-2,-10,-2,-10,-2,-11,-1,-11,-1,-11,-1,-11,0,-12,0,-12,1,-12,1,-12,1,-11,0,-11,0,-12,0,-12,0,-11,-1,-11,-2,-11,-3,-11,-4,-12,-4,-12,-5,-13,-5,-13,-5,-13,-6,-13,-6,-14,-5,-14]
[0;33mW (117202) TAG: AP channel is 0 (not ready). Skip this round.[0m
csi_data,[0,0,-1,-15,-2,-15,-2,-15,-2,-15,-1,-15,-1,-14,-2,-14,-2,-14,-2,-13,-3,-13,-4,-13,-4,-13,-5,-14,-5,-14,-5,-14,-5,-15,-5,-15,-4,-14,-3,-15,-2,-15,-2,-14,-2,-14,-1,-14,-1,-14,0,-13,0,-13,0,0,0,0,0,0,0,0,0,0,0,0,0,0,0,0,0,0,0,0,0,0,0,-10,1,-10,2,-10,2,-11,2,-11,2,-10,3,-10,3,-10,3,-11,3,-10,3,-10,3,-10,3,-10,3,-11,2,-11,2,-11,1,-10,1,-11,1,-12,0,-12,0,-13,0,-13,-1,-13,-1,-13,-1,-14,-1,-14]
[0;33mW (118202) TAG: AP channel is 0 (not ready). Skip this round.[0m
csi_data,[0,0,7,-13,7,-13,7,-14,7,-14,7,-13,6,-13,5,-13,5,-13,5,-13,4,-13,4,-14,4,-14,3,-14,3,-15,3,-15,3,-15,3,-15,4,-15,4,-15,5,-14,5,-14,6,-13,6,-13,6,-13,7,-12,8,-11,0,0,0,0,0,0,0,0,0,0,0,0,0,0,0,0,0,0,0,0,0,0,6,-8,6,-9,7,-9,7,-8,8,-8,8,-8,9,-8,8,-7,9,-7,8,-7,8,-7,9,-6,9,-6,9,-7,8,-8,8,-8,7,-9,7,-9,7,-9,7,-10,7,-11,7,-12,7,-12,7,-12,7,-12,7,-13]
[0;33mW (119202) TAG: AP channel is 0 (not ready). Skip this round.[0m
csi_data,[0,0,2,-15,2,-15,2,-15,2,-15,2,-15,1,-15,1,-15,0,-15,0,-15,-1,-14,-1,-14,-2,-14,-2,-14,-2,-15,-2,-15,-2,-15,-2,-15,-1,-15,-1,-15,-1,-15,0,-15,1,-15,1,-14,2,-14,2,-13,2,-13,0,0,0,0,0,0,0,0,0,0,0,0,0,0,0,0,0,0,0,0,0,0,3,-11,3,-11,4,-10,4,-11,4,-11,5,-11,5,-10,6,-11,6,-11,6,-11,6,-10,6,-10,6,-10,6,-10,5,-10,5,-10,4,-11,4,-12,4,-12,3,-12,3,-13,3,-13,3,-14,2,-14,2,-15,2,-15]
[0;33mW (120202) TAG: AP channel is 0 (not ready). Skip this round.[0m
csi_data,[0,0,-10,12,-10,12,-9,11,-9,11,-9,12,-8,12,-8,12,-8,12,-7,12,-7,12,-6,12,-6,12,-5,13,-5,13,-6,13,-6,14,-6,14,-6,14,-7,14,-7,13,-7,12,-8,12,-9,11,-9,10,-10,10,-10,9,0,0,0,0,0,0,0,0,0,0,0,0,0,0,0,0,0,0,0,0,0,0,-8,7,-8,6,-9,6,-9,6,-10,6,-10,6,-10,5,-10,5,-10,5,-10,5,-11,4,-11,4,-10,5,-10,5,-10,5,-10,6,-10,6,-10,7,-9,7,-9,8,-9,9,-9,9,-9,9,-9,10,-9,11,-9,11]
[0;33mW (121202) TAG: AP channel is 0 (not ready). Skip this round.[0m
csi_data,[0,0,-15,2,-15,3,-16,4,-16,4,-15,3,-15,4,-14,4,-14,4,-14,4,-14,5,-14,5,-14,6,-14,6,-14,6,-14,6,-15,6,-14,6,-14,5,-15,5,-15,5,-15,4,-15,3,-15,2,-15,2,-15,1,-15,0,0,0,0,0,0,0,0,0,0,0,0,0,0,0,0,0,0,0,0,0,0,0,-10,2,-11,1,-11,0,-11,1,-12,0,-12,-1,-12,-1,-12,-1,-12,-2,-12,-2,-12,-2,-13,-2,-12,-1,-12,-1,-12,0,-12,0,-12,0,-12,1,-13,1,-13,2,-13,2,-13,2,-14,2,-14,3,-15,4,-14,3]
[0;33mW (122202) TAG: AP channel is 0 (not ready). Skip this round.[0m
csi_data,[0,0,-15,-6,-15,-5,-15,-5,-15,-5,-14,-5,-14,-5,-14,-5,-14,-5,-14,-4,-14,-3,-14,-3,-14,-2,-15,-1,-15,-2,-15,-2,-15,-2,-15,-3,-16,-3,-16,-4,-15,-4,-15,-4,-14,-4,-14,-5,-13,-6,-13,-6,-12,-7,0,0,0,0,0,0,0,0,0,0,0,0,0,0,0,0,0,0,0,0,0,0,-10,-5,-10,-5,-10,-6,-10,-7,-9,-7,-9,-8,-10,-8,-9,-8,-9,-9,-9,-9,-8,-9,-9,-8,-9,-8,-9,-8,-9,-7,-10,-7,-10,-7,-11,-7,-11,-7,-11,-6,-12,-6,-13,-6,-13,-6,-13,-5,-14,-5,-15,-5]
[0;33mW (123202) TAG: AP channel is 0 (not ready). Skip this round.[0m
csi_data,[0,0,-7,-13,-8,-14,-8,-14,-8,-13,-9,-12,-9,-13,-8,-13,-8,-12,-8,-11,-9,-11,-9,-11,-10,-11,-10,-11,-10,-10,-11,-10,-10,-10,-10,-11,-10,-12,-10,-12,-10,-13,-9,-13,-8,-13,-7,-13,-6,-13,-6,-12,-5,-12,0,0,0,0,0,0,0,0,0,0,0,0,0,0,0,0,0,0,0,0,0,0,-5,-10,-5,-10,-5,-11,-5,-11,-4,-11,-3,-11,-2,-12,-2,-12,-2,-12,-2,-13,-1,-12,-1,-12,-2,-12,-3,-11,-3,-11,-3,-11,-4,-11,-4,-11,-4,-12,-5,-12,-6,-12,-6,-12,-7,-12,-7,-13,-7,-13,-8,-14]
[0;33mW (124202) TAG: AP channel is 0 (not ready). Skip this round.[0m
csi_data,[0,0,-10,-12,-11,-12,-11,-12,-11,-11,-11,-11,-11,-10,-12,-10,-12,-10,-12,-9,-12,-9,-12,-8,-12,-8,-12,-8,-13,-8,-13,-8,-13,-8,-13,-8,-13,-8,-12,-9,-12,-10,-11,-10,-11,-9,-10,-10,-9,-11,-8,-11,-8,-11,0,0,0,0,0,0,0,0,0,0,0,0,0,0,0,0,0,0,0,0,0,0,-7,-8,-7,-9,-7,-10,-6,-10,-6,-10,-6,-11,-6,-11,-5,-11,-5,-11,-4,-11,-4,-11,-5,-11,-5,-11,-5,-10,-5,-10,-6,-10,-7,-10,-7,-10,-7,-10,-8,-10,-9,-10,-9,-10,-9,-10,-10,-11,-10,-11,-10,-12]
[0;33mW (125202) TAG: AP channel is 0 (not ready). Skip this round.[0m
csi_data,[0,0,9,-13,9,-13,9,-13,9,-12,9,-12,8,-13,8,-13,7,-13,7,-12,6,-13,6,-13,5,-13,5,-13,5,-13,5,-13,5,-14,5,-14,6,-14,6,-14,6,-14,7,-13,7,-12,7,-12,7,-11,8,-10,8,-10,0,0,0,0,0,0,0,0,0,0,0,0,0,0,0,0,0,0,0,0,0,0,7,-8,8,-8,8,-8,8,-8,8,-8,9,-8,10,-7,10,-6,9,-6,10,-6,10,-6,10,-6,9,-6,9,-7,9,-8,9,-8,9,-8,8,-8,8,-9,8,-10,8,-10,9,-10,9,-11,9,-11,10,-12,10,-12]
[0;33mW (126202) TAG: AP channel is 0 (not ready). Skip this round.[0m
csi_data,[0,0,9,12,9,13,9,12,9,11,9,11,9,10,9,10,10,10,10,10,10,9,10,9,11,8,11,8,11,8,11,8,12,8,12,8,12,8,12,8,11,9,11,10,10,10,9,10,8,10,8,10,6,10,0,0,0,0,0,0,0,0,0,0,0,0,0,0,0,0,0,0,0,0,0,0,4,9,4,9,4,9,3,10,3,10,4,10,3,10,3,11,2,12,2,12,3,11,2,11,2,11,3,11,3,11,3,11,4,10,5,10,5,11,5,11,7,11,7,11,7,11,8,12,8,12,8,12]
[0;33mW (127202) TAG: AP channel is 0 (not ready). Skip this round.[0m
csi_data,[0,0,14,-7,14,-7,13,-7,13,-7,13,-8,12,-8,12,-8,12,-7,11,-8,11,-9,11,-10,10,-10,10,-10,10,-10,10,-10,10,-11,10,-11,11,-11,12,-10,12,-9,11,-9,11,-9,11,-8,11,-7,11,-6,11,-6,0,0,0,0,0,0,0,0,0,0,0,0,0,0,0,0,0,0,0,0,0,0,8,-4,9,-4,10,-4,11,-3,11,-3,12,-3,12,-2,12,-2,12,-1,12,-1,12,-1,12,-1,12,-2,11,-2,12,-2,12,-2,11,-3,12,-4,12,-4,12,-5,13,-6,12,-6,12,-6,12,-6,13,-7,13,-7]
[0;33mW (128202) TAG: AP channel is 0 (not ready). Skip this round.[0m
csi_data,[0,0,2,14,2,14,2,14,3,14,3,14,3,14,3,13,4,13,4,12,4,12,5,12,5,12,6,12,6,12,6,12,6,13,5,13,5,13,5,13,5,13,4,13,3,13,2,13,1,12,1,12,1,12,0,0,0,0,0,0,0,0,0,0,0,0,0,0,0,0,0,0,0,0,0,0,1,9,1,9,0,10,0,10,-1,10,-1,10,-1,10,-1,10,-2,11,-2,11,-3,10,-2,10,-2,11,-2,11,-2,11,-2,11,-1,11,0,11,1,11,1,12,1,12,1,12,1,13,2,14,2,14,1,14]
[0;33mW (129202) TAG: AP channel is 0 (not ready). Skip this round.[0m
csi_data,[0,0,-14,6,-15,6,-14,6,-14,7,-13,7,-13,7,-13,7,-13,7,-12,7,-11,8,-12,8,-11,8,-11,8,-11,8,-11,9,-11,10,-11,9,-12,9,-12,8,-12,8,-12,8,-12,7,-12,6,-12,5,-12,4,-13,4,0,0,0,0,0,0,0,0,0,0,0,0,0,0,0,0,0,0,0,0,0,0,-10,3,-11,3,-11,3,-11,2,-11,1,-12,1,-12,1,-12,1,-12,0,-12,0,-12,0,-12,0,-12,0,-12,0,-12,1,-12,1,-12,2,-12,3,-12,3,-12,4,-12,4,-12,5,-13,5,-14,5,-15,5,-15,6]
[0;33mW (130202) TAG: AP channel is 0 (not ready). Skip this round.[0m
csi_data,[0,0,-11,-11,-11,-11,-11,-12,-11,-12,-10,-11,-11,-11,-11,-10,-11,-10,-11,-9,-11,-9,-11,-9,-11,-8,-12,-8,-12,-8,-13,-8,-13,-8,-13,-8,-13,-9,-13,-10,-12,-10,-11,-10,-10,-10,-10,-10,-9,-11,-9,-11,-8,-11,0,0,0,0,0,0,0,0,0,0,0,0,0,0,0,0,0,0,0,0,0,0,-7,-7,-6,-8,-6,-9,-6,-9,-6,-10,-6,-10,-6,-10,-6,-11,-5,-11,-5,-11,-5,-11,-5,-11,-5,-11,-5,-11,-5,-11,-6,-11,-7,-11,-7,-11,-7,-10,-7,-10,-8,-11,-9,-11,-10,-11,-10,-11,-10,-11,-11,-12]
[0;33mW (131202) TAG: AP channel is 0 (not ready). Skip this round.[0m
csi_data,[0,0,14,-4,14,-4,14,-4,14,-4,14,-5,14,-5,13,-5,13,-5,12,-6,12,-6,12,-7,12,-7,11,-7,12,-8,12,-8,12,-8,13,-8,14,-7,14,-6,14,-6,13,-5,13,-4,12,-4,12,-3,12,-2,12,-2,0,0,0,0,0,0,0,0,0,0,0,0,0,0,0,0,0,0,0,0,0,0,9,-3,9,-3,9,-3,10,-2,10,-2,11,-1,11,-1,11,0,11,0,11,1,11,1,11,1,11,0,11,0,11,0,11,-1,11,-1,11,-1,11,-2,12,-2,12,-3,13,-4,13,-4,13,-4,14,-4,13,-5]
[0;33mW (132202) TAG: AP channel is 0 (not ready). Skip this round.[0m
csi_data,[0,0,-7,-15,-7,-15,-7,-15,-7,-14,-7,-14,-7,-14,-7,-14,-7,-13,-7,-13,-9,-12,-10,-12,-10,-12,-9,-12,-9,-12,-10,-12,-10,-12,-10,-13,-9,-13,-9,-13,-8,-14,-8,-14,-7,-13,-6,-13,-6,-13,-5,-13,-4,-13,0,0,0,0,0,0,0,0,0,0,0,0,0,0,0,0,0,0,0,0,0,0,-4,-9,-4,-9,-4,-10,-3,-11,-3,-11,-3,-11,-2,-12,-2,-12,-2,-12,-2,-12,-2,-12,-1,-12,-2,-12,-2,-12,-2,-12,-3,-12,-3,-12,-4,-13,-4,-13,-4,-14,-4,-14,-5,-14,-5,-14,-6,-13,-7,-14,-7,-14]
[0;33mW (133202) TAG: AP channel is 0 (not ready). Skip this round.[0m
csi_data,[0,0,-14,-8,-14,-8,-14,-8,-14,-8,-14,-8,-14,-7,-13,-7,-14,-6,-14,-5,-14,-4,-14,-4,-14,-4,-14,-3,-14,-3,-15,-3,-15,-3,-15,-3,-15,-4,-15,-4,-15,-5,-14,-5,-14,-6,-14,-7,-13,-7,-12,-7,-11,-7,0,0,0,0,0,0,0,0,0,0,0,0,0,0,0,0,0,0,0,0,0,0,-8,-6,-8,-6,-8,-6,-8,-7,-8,-7,-8,-8,-8,-9,-8,-9,-7,-10,-7,-10,-8,-9,-8,-9,-7,-9,-7,-9,-8,-9,-8,-9,-9,-8,-9,-7,-10,-8,-10,-8,-11,-8,-12,-7,-13,-7,-13,-8,-12,-8,-12,-8]
[0;33mW (134202) TAG: AP channel is 0 (not ready). Skip this round.[0m
csi_data,[0,0,-5,-16,-6,-16,-7,-16,-7,-15,-6,-15,-6,-14,-6,-14,-6,-14,-7,-13,-7,-13,-7,-13,-8,-13,-8,-13,-9,-13,-9,-14,-9,-14,-8,-14,-8,-14,-8,-14,-7,-14,-6,-14,-5,-14,-4,-14,-4,-15,-3,-15,-3,-14,0,0,0,0,0,0,0,0,0,0,0,0,0,0,0,0,0,0,0,0,0,0,-4,-9,-4,-9,-3,-10,-3,-10,-2,-11,-2,-11,-1,-11,-1,-11,-1,-12,-1,-12,-1,-12,0,-12,-1,-12,-1,-13,-1,-12,-2,-12,-2,-12,-2,-12,-3,-12,-4,-12,-4,-12,-5,-13,-5,-14,-5,-14,-6,-15,-6,-15]
[0;33mW (135202) TAG: AP channel is 0 (not ready). Skip this round.[0m
csi_data,[0,0,-12,10,-12,9,-11,9,-11,9,-11,9,-11,10,-11,10,-10,10,-10,10,-9,10,-9,10,-9,11,-8,12,-8,12,-9,12,-9,12,-9,11,-10,12,-10,11,-10,11,-11,10,-11,9,-11,9,-12,8,-12,7,-12,7,0,0,0,0,0,0,0,0,0,0,0,0,0,0,0,0,0,0,0,0,0,0,-7,6,-8,6,-8,6,-9,6,-9,6,-10,5,-10,5,-10,5,-10,5,-10,5,-11,4,-11,4,-10,5,-10,5,-10,5,-10,5,-10,6,-10,6,-10,7,-10,8,-10,9,-10,9,-11,9,-11,9,-11,10,-10,10]
[0;33mW (136202) TAG: AP channel is 0 (not ready). Skip this round.[0m
csi_data,[0,0,9,12,9,12,9,12,9,11,9,11,9,10,9,10,10,10,10,10,10,9,10,9,11,9,11,9,11,9,11,9,11,9,10,9,11,10,11,11,10,11,10,11,9,11,8,11,7,11,7,11,6,12,0,0,0,0,0,0,0,0,0,0,0,0,0,0,0,0,0,0,0,0,0,0,6,7,6,7,6,7,5,8,5,9,5,10,5,10,5,10,4,10,4,11,3,10,3,10,3,11,4,10,4,10,5,10,5,10,6,10,6,9,7,9,8,10,8,10,9,10,8,11,9,11,9,11]
[0;33mW (137202) TAG: AP channel is 0 (not ready). Skip this round.[0m
csi_data,[0,0,-17,0,-16,1,-16,1,-16,1,-15,1,-15,2,-14,2,-14,2,-14,2,-14,3,-14,2,-13,3,-14,3,-14,4,-14,4,-14,4,-14,3,-14,3,-14,3,-15,2,-15,2,-15,1,-14,1,-14,0,-13,-1,-13,-2,0,0,0,0,0,0,0,0,0,0,0,0,0,0,0,0,0,0,0,0,0,0,-10,0,-10,0,-10,0,-11,-1,-11,-1,-12,-2,-12,-2,-12,-3,-12,-3,-12,-3,-12,-4,-12,-4,-11,-4,-11,-4,-11,-3,-11,-2,-11,-2,-12,-1,-12,-1,-13,0,-14,0,-14,0,-14,0,-14,0,-15,1,-15,1]
[0;33mW (138202) TAG: AP channel is 0 (not ready). Skip this round.[0m
csi_data,[0,0,-6,-14,-6,-14,-7,-14,-7,-14,-7,-14,-7,-13,-7,-13,-7,-12,-7,-12,-8,-12,-8,-12,-9,-12,-9,-11,-9,-11,-9,-12,-9,-12,-9,-12,-9,-12,-9,-12,-8,-12,-7,-12,-6,-13,-6,-12,-5,-13,-4,-12,-4,-12,0,0,0,0,0,0,0,0,0,0,0,0,0,0,0,0,0,0,0,0,0,0,-4,-9,-4,-10,-3,-11,-3,-11,-2,-11,-2,-12,-1,-11,-1,-12,-1,-12,0,-12,0,-12,0,-12,0,-12,-1,-12,-2,-12,-2,-12,-3,-12,-3,-12,-3,-12,-3,-12,-4,-12,-4,-12,-5,-12,-6,-13,-6,-13,-6,-13]
[0;33mW (139202) TAG: AP channel is 0 (not ready). Skip this round.[0m
csi_data,[0,0,-12,9,-13,9,-13,8,-12,9,-12,9,-12,9,-11,8,-11,9,-11,10,-11,10,-10,10,-10,10,-10,10,-9,10,-10,10,-10,10,-10,11,-11,11,-11,10,-12,9,-12,9,-11,9,-12,8,-12,7,-12,6,-12,6,0,0,0,0,0,0,0,0,0,0,0,0,0,0,0,0,0,0,0,0,0,0,-10,5,-10,5,-11,4,-11,4,-12,3,-12,2,-12,2,-12,3,-12,3,-12,3,-12,3,-12,2,-12,3,-11,3,-11,3,-11,3,-11,3,-11,5,-11,5,-11,6,-11,6,-11,7,-12,7,-12,8,-12,8,-12,8]
[0;33mW (140202) TAG: AP channel is 0 (not ready). Skip this round.[0m
csi_data,[0,0,15,5,14,5,14,4,14,4,13,4,13,4,13,3,13,3,12,2,12,1,13,1,14,1,14,0,14,1,14,1,15,1,15,1,14,2,14,3,14,4,13,4,13,4,13,5,12,5,12,5,11,6,0,0,0,0,0,0,0,0,0,0,0,0,0,0,0,0,0,0,0,0,0,0,10,3,10,4,9,4,9,5,9,6,9,6,9,7,9,7,9,7,8,7,8,7,8,6,8,6,8,6,9,6,9,6,9,6,9,6,10,5,11,4,12,5,13,5,13,4,13,4,13,4,14,4]
[0;33mW (141202) TAG: AP channel is 0 (not ready). Skip this round.[0m
csi_data,[0,0,8,12,7,11,8,11,8,11,8,11,8,11,8,11,8,10,9,9,10,9,10,9,10,9,10,9,10,9,10,8,10,8,11,9,11,9,10,10,9,10,9,10,8,10,8,10,7,10,6,10,5,10,0,0,0,0,0,0,0,0,0,0,0,0,0,0,0,0,0,0,0,0,0,0,4,9,4,10,4,10,4,9,3,10,3,10,3,10,2,11,2,11,1,12,1,12,2,11,2,11,2,11,3,10,2,11,3,11,4,10,4,10,5,11,6,11,6,11,6,11,7,11,7,12,7,12]
[0;33mW (142202) TAG: AP channel is 0 (not ready). Skip this round.[0m
csi_data,[0,0,8,-13,7,-14,7,-14,7,-13,6,-13,6,-13,5,-13,4,-13,4,-13,3,-13,2,-14,3,-14,3,-14,3,-14,3,-15,3,-15,3,-15,3,-14,4,-14,5,-14,6,-14,6,-13,6,-13,6,-12,6,-11,7,-11,0,0,0,0,0,0,0,0,0,0,0,0,0,0,0,0,0,0,0,0,0,0,5,-8,5,-9,6,-9,6,-9,7,-9,8,-8,9,-8,9,-7,9,-8,8,-8,8,-8,8,-8,8,-9,9,-9,8,-9,8,-8,7,-9,7,-9,7,-10,6,-11,6,-12,6,-12,6,-12,6,-12,6,-13,7,-14]
[0;33mW (143202) TAG: AP channel is 0 (not ready). Skip this round.[0m
csi_data,[0,0,14,-5,14,-5,14,-5,14,-5,13,-5,13,-5,12,-6,12,-6,12,-6,12,-7,11,-7,11,-8,11,-8,11,-8,11,-9,12,-9,12,-9,12,-8,12,-8,13,-8,12,-7,12,-6,12,-5,12,-5,13,-4,12,-3,0,0,0,0,0,0,0,0,0,0,0,0,0,0,0,0,0,0,0,0,0,0,9,-3,10,-2,10,-2,10,-2,11,-1,11,-1,12,-1,12,-1,12,0,12,0,11,0,11,1,11,0,11,0,11,-1,11,-1,11,-2,11,-2,11,-2,12,-3,12,-3,12,-3,12,-4,13,-5,13,-5,13,-4]
[0;33mW (144202) TAG: AP channel is 0 (not ready). Skip this round.[0m
csi_data,[0,0,5,-14,6,-15,5,-15,5,-14,5,-14,5,-14,4,-14,3,-14,3,-15,2,-15,2,-15,2,-15,2,-15,2,-15,1,-16,1,-16,1,-15,2,-16,3,-16,4,-15,4,-15,4,-14,4,-14,5,-13,5,-13,6,-12,0,0,0,0,0,0,0,0,0,0,0,0,0,0,0,0,0,0,0,0,0,0,5,-10,5,-10,6,-10,6,-10,6,-10,7,-10,8,-10,8,-9,8,-9,8,-9,8,-9,8,-9,7,-9,8,-9,8,-9,7,-9,7,-9,6,-10,6,-11,6,-11,5,-12,6,-13,6,-13,5,-14,5,-14,5,-14]
[0;33mW (145202) TAG: AP channel is 0 (not ready). Skip this round.[0m
csi_data,[0,0,-7,-14,-7,-14,-7,-14,-6,-14,-7,-14,-7,-14,-7,-13,-8,-13,-8,-12,-8,-12,-8,-12,-9,-12,-9,-11,-9,-11,-9,-11,-10,-12,-10,-12,-10,-12,-9,-12,-9,-12,-8,-13,-7,-13,-6,-12,-5,-12,-5,-12,-4,-12,0,0,0,0,0,0,0,0,0,0,0,0,0,0,0,0,0,0,0,0,0,0,-4,-11,-3,-11,-2,-11,-2,-11,-2,-12,-1,-12,-1,-12,-1,-12,0,-12,0,-12,0,-12,0,-12,0,-12,0,-12,-1,-12,-2,-12,-2,-12,-3,-12,-3,-12,-4,-13,-4,-13,-4,-13,-5,-13,-5,-13,-5,-13,-5,-14]
[0;33mW (146202) TAG: AP channel is 0 (not ready). Skip this round.[0m
csi_data,[0,0,-16,0,-16,0,-15,0,-16,1,-15,1,-15,1,-15,2,-14,2,-14,3,-14,3,-15,3,-14,4,-14,4,-14,4,-15,5,-15,5,-15,4,-15,4,-15,4,-15,4,-15,3,-15,2,-15,1,-15,0,-14,0,-14,-1,0,0,0,0,0,0,0,0,0,0,0,0,0,0,0,0,0,0,0,0,0,0,-11,0,-11,-1,-11,-1,-11,-2,-12,-2,-12,-3,-12,-4,-13,-4,-13,-4,-12,-4,-13,-5,-13,-5,-12,-5,-12,-4,-12,-4,-13,-4,-13,-2,-13,-1,-13,-1,-13,-1,-14,-1,-15,-1,-16,-1,-16,0,-16,0,-16,0]
[0;33mW (147202) TAG: AP channel is 0 (not ready). Skip this round.[0m
csi_data,[0,0,11,10,11,10,11,10,10,10,10,10,10,9,10,9,11,9,11,8,11,8,12,7,12,6,12,7,12,7,13,7,13,8,13,8,13,8,12,8,12,8,11,8,11,9,10,9,9,10,8,10,7,10,0,0,0,0,0,0,0,0,0,0,0,0,0,0,0,0,0,0,0,0,0,0,6,7,6,8,6,8,6,8,6,9,5,9,5,10,5,10,5,10,5,10,5,10,5,10,5,10,5,9,5,10,6,10,6,10,6,10,7,9,7,9,8,9,8,9,9,9,9,10,10,10,10,10]
[0;33mW (148202) TAG: AP channel is 0 (not ready). Skip this round.[0m
csi_data,[0,0,-4,-15,-4,-16,-4,-15,-4,-14,-4,-15,-4,-15,-5,-15,-5,-14,-5,-13,-6,-12,-6,-12,-7,-13,-7,-13,-7,-13,-8,-13,-7,-14,-7,-13,-7,-13,-7,-14,-6,-14,-6,-13,-5,-13,-4,-13,-3,-13,-3,-13,-3,-13,0,0,0,0,0,0,0,0,0,0,0,0,0,0,0,0,0,0,0,0,0,0,-1,-9,-1,-10,0,-10,0,-11,0,-11,0,-12,1,-12,1,-12,2,-12,2,-12,2,-12,2,-12,2,-12,1,-12,1,-12,0,-12,0,-12,-1,-12,-1,-13,-1,-14,-2,-14,-2,-14,-2,-14,-2,-15,-2,-15,-3,-15]
[0;33mW (149202) TAG: AP channel is 0 (not ready). Skip this round.[0m
csi_data,[0,0,-10,-12,-10,-13,-10,-12,-10,-12,-10,-11,-10,-12,-11,-11,-11,-11,-11,-10,-12,-9,-12,-9,-12,-8,-11,-8,-12,-8,-12,-9,-12,-9,-12,-9,-12,-9,-11,-9,-11,-9,-11,-10,-10,-10,-9,-10,-8,-11,-8,-11,-8,-11,0,0,0,0,0,0,0,0,0,0,0,0,0,0,0,0,0,0,0,0,0,0,-7,-8,-7,-9,-6,-10,-6,-10,-6,-10,-5,-10,-5,-11,-5,-11,-5,-11,-5,-12,-5,-12,-5,-12,-5,-12,-5,-12,-5,-12,-6,-11,-6,-11,-7,-11,-7,-11,-7,-11,-8,-11,-8,-11,-9,-11,-10,-11,-9,-11,-9,-12]
[0;33mW (150202) TAG: AP channel is 0 (not ready). Skip this round.[0m
csi_data,[0,0,13,-8,13,-8,13,-7,12,-7,12,-7,12,-8,12,-8,11,-8,11,-9,10,-9,10,-10,10,-10,10,-10,10,-11,10,-11,10,-11,10,-11,10,-11,11,-10,11,-10,11,-10,11,-9,11,-8,11,-8,11,-8,12,-6,0,0,0,0,0,0,0,0,0,0,0,0,0,0,0,0,0,0,0,0,0,0,9,-5,9,-4,10,-4,10,-4,10,-3,11,-2,11,-2,11,-2,12,-2,12,-2,11,-2,11,-2,11,-2,11,-2,11,-2,11,-3,11,-3,11,-4,12,-4,12,-5,12,-6,12,-6,12,-7,13,-7,13,-7,13,-7]
[0;33mW (151202) TAG: AP channel is 0 (not ready). Skip this round.[0m
csi_data,[0,0,-15,3,-15,3,-15,3,-15,3,-14,3,-14,4,-14,5,-14,5,-14,5,-13,5,-13,5,-12,6,-12,7,-12,7,-12,7,-13,7,-13,7,-13,7,-14,7,-14,6,-14,6,-13,5,-13,4,-13,3,-13,3,-13,2,0,0,0,0,0,0,0,0,0,0,0,0,0,0,0,0,0,0,0,0,0,0,-10,1,-11,1,-11,1,-11,0,-12,0,-12,-1,-12,-1,-13,-2,-13,-2,-12,-3,-12,-3,-12,-3,-12,-2,-12,-2,-12,-1,-12,0,-12,0,-12,0,-12,0,-12,1,-13,2,-14,3,-15,2,-15,3,-15,2,-15,2]
[0;33mW (152202) TAG: AP channel is 0 (not ready). Skip this round.[0m
csi_data,[0,0,9,11,9,11,9,11,9,11,9,11,8,10,9,10,9,10,10,9,10,8,10,8,10,8,10,7,11,8,11,8,11,8,11,9,11,9,11,9,10,10,10,10,9,10,8,10,8,11,7,11,6,10,0,0,0,0,0,0,0,0,0,0,0,0,0,0,0,0,0,0,0,0,0,0,5,7,5,7,5,8,4,9,4,10,4,10,3,10,3,10,3,10,3,11,3,11,3,11,3,11,3,10,4,10,4,10,4,10,5,10,6,10,6,11,7,10,7,11,7,11,8,11,8,11,9,10]
[0;33mW (153202) TAG: AP channel is 0 (not ready). Skip this round.[0m
csi_data,[0,0,3,-14,3,-14,3,-15,3,-15,3,-15,3,-15,3,-15,2,-14,1,-14,1,-14,0,-14,0,-14,-1,-14,-1,-14,-1,-14,-1,-15,-1,-15,0,-15,0,-15,0,-15,1,-15,2,-14,2,-14,3,-13,4,-13,4,-13,0,0,0,0,0,0,0,0,0,0,0,0,0,0,0,0,0,0,0,0,0,0,3,-10,3,-10,4,-10,4,-10,4,-10,4,-10,5,-10,6,-10,6,-10,6,-10,6,-10,6,-9,6,-9,6,-10,6,-10,6,-11,5,-11,5,-11,4,-12,4,-12,4,-12,3,-13,3,-13,3,-14,3,-14,4,-15]
[0;33mW (154202) TAG: AP channel is 0 (not ready). Skip this round.[0m
csi_data,[0,0,12,8,11,8,12,8,12,8,12,8,12,7,12,6,12,6,13,5,13,5,13,5,13,5,13,5,14,4,14,4,15,4,15,5,15,5,15,5,14,6,13,7,13,7,12,7,11,8,11,8,10,9,0,0,0,0,0,0,0,0,0,0,0,0,0,0,0,0,0,0,0,0,0,0,6,6,6,6,5,7,5,8,5,8,5,9,5,9,5,9,5,10,5,9,5,9,5,9,5,9,6,9,6,9,7,9,7,8,8,8,8,8,9,8,9,7,9,7,10,8,11,8,12,8,13,9]
[0;33mW (155202) TAG: AP channel is 0 (not ready). Skip this round.[0m
csi_data,[0,0,0,12,1,12,1,12,1,12,2,11,2,11,3,11,3,11,3,11,4,11,6,10,6,10,5,10,5,10,6,11,6,11,6,12,6,13,6,13,6,13,5,13,4,14,4,13,3,13,2,14,2,14,0,0,0,0,0,0,0,0,0,0,0,0,0,0,0,0,0,0,0,0,0,0,-3,14,-4,13,-4,13,-5,13,-6,13,-7,13,-7,12,-7,11,-7,11,-7,10,-7,10,-7,10,-7,10,-7,10,-6,10,-5,9,-5,9,-4,10,-2,10,-2,11,-2,11,-2,11,-2,11,-1,11,-1,12,0,12]
[0;33mW (156202) TAG: AP channel is 0 (not ready). Skip this round.[0m
csi_data,[0,0,-12,4,-12,5,-11,5,-11,6,-11,6,-12,6,-12,6,-11,6,-11,7,-11,8,-10,9,-10,9,-11,9,-11,9,-11,9,-11,10,-11,11,-12,11,-12,10,-13,10,-13,9,-13,8,-13,7,-13,7,-13,6,-13,6,0,0,0,0,0,0,0,0,0,0,0,0,0,0,0,0,0,0,0,0,0,0,-13,3,-13,2,-14,1,-14,0,-15,0,-14,0,-14,-1,-14,-1,-14,-2,-14,-2,-13,-2,-13,-2,-12,-2,-12,-2,-12,-2,-12,-1,-11,-1,-11,0,-12,1,-12,1,-11,2,-12,2,-12,3,-12,3,-12,4,-13,5]
[0;33mW (157202) TAG: AP channel is 0 (not ready). Skip this round.[0m
csi_data,[0,0,4,-12,4,-12,3,-13,3,-13,3,-12,3,-12,2,-12,2,-12,2,-12,1,-13,1,-13,0,-13,1,-14,1,-14,0,-14,-1,-14,-1,-14,0,-15,1,-15,1,-15,2,-15,2,-14,2,-15,3,-15,3,-15,4,-14,0,0,0,0,0,0,0,0,0,0,0,0,0,0,0,0,0,0,0,0,0,0,7,-10,8,-10,8,-10,9,-10,9,-9,10,-8,10,-7,10,-6,10,-6,9,-6,10,-6,9,-6,9,-6,8,-7,7,-7,7,-7,7,-8,6,-8,6,-9,6,-9,6,-9,5,-10,5,-10,5,-10,4,-11,4,-11]
[0;33mW (158202) TAG: AP channel is 0 (not ready). Skip this round.[0m
csi_data,[0,0,2,12,3,12,3,12,3,11,3,12,4,12,3,12,4,11,5,11,6,12,6,11,6,11,7,11,7,10,8,10,8,11,9,12,8,13,8,13,7,13,6,13,6,13,6,13,5,13,3,13,2,14,0,0,0,0,0,0,0,0,0,0,0,0,0,0,0,0,0,0,0,0,0,0,-3,12,-4,12,-5,12,-5,12,-5,11,-6,12,-7,11,-7,10,-7,11,-7,10,-7,10,-6,10,-6,10,-6,10,-5,9,-4,10,-3,10,-3,10,-3,10,-2,11,-1,11,0,11,0,11,1,11,1,12,1,12]
[0;33mW (159202) TAG: AP channel is 0 (not ready). Skip this round.[0m
csi_data,[0,0,-13,-7,-13,-5,-13,-4,-13,-4,-12,-5,-13,-4,-13,-3,-13,-2,-14,-2,-14,-1,-14,-1,-15,0,-15,0,-15,0,-15,0,-15,-1,-16,-1,-16,-1,-16,-2,-16,-3,-16,-3,-16,-4,-16,-5,-15,-6,-14,-6,-13,-6,0,0,0,0,0,0,0,0,0,0,0,0,0,0,0,0,0,0,0,0,0,0,-11,-7,-11,-8,-11,-10,-10,-10,-9,-11,-9,-12,-9,-12,-8,-11,-7,-11,-7,-10,-7,-10,-7,-10,-7,-10,-6,-10,-7,-8,-7,-8,-7,-8,-8,-8,-9,-7,-10,-6,-11,-6,-11,-6,-12,-6,-12,-6,-12,-5,-13,-5]
[0;33mW (160202) TAG: AP channel is 0 (not ready). Skip this round.[0m
csi_data,[0,0,-12,-6,-13,-6,-13,-6,-13,-6,-12,-5,-12,-4,-12,-4,-12,-4,-12,-4,-12,-3,-13,-2,-13,-2,-13,-2,-14,-2,-14,-2,-15,-2,-15,-2,-15,-2,-15,-3,-15,-3,-15,-5,-15,-5,-14,-5,-14,-6,-14,-7,-14,-7,0,0,0,0,0,0,0,0,0,0,0,0,0,0,0,0,0,0,0,0,0,0,-11,-8,-10,-9,-9,-10,-9,-10,-8,-11,-8,-11,-8,-11,-8,-11,-7,-11,-6,-11,-6,-11,-6,-10,-6,-10,-6,-10,-6,-9,-7,-9,-8,-8,-8,-8,-9,-8,-9,-7,-9,-7,-10,-7,-11,-7,-10,-7,-11,-7,-12,-6]
[0;33mW (161202) TAG: AP channel is 0 (not ready). Skip this round.[0m
csi_data,[0,0,-1,13,-1,13,0,14,1,14,1,14,1,13,1,14,2,14,3,13,4,12,5,12,5,13,5,13,5,12,5,13,5,14,5,14,6,15,5,16,4,16,3,15,2,15,2,15,1,15,0,15,0,15,0,0,0,0,0,0,0,0,0,0,0,0,0,0,0,0,0,0,0,0,0,0,-6,12,-6,12,-7,12,-8,11,-8,11,-9,11,-10,11,-10,10,-10,10,-10,10,-10,10,-9,9,-8,9,-7,9,-7,9,-7,9,-6,10,-5,11,-4,11,-4,11,-4,11,-3,11,-3,10,-3,11,-2,12,-2,13]
[0;33mW (162202) TAG: AP channel is 0 (not ready). Skip this round.[0m
csi_data,[0,0,-4,-12,-5,-13,-5,-13,-6,-12,-5,-12,-5,-12,-6,-13,-7,-12,-8,-11,-9,-11,-9,-11,-10,-11,-10,-11,-11,-11,-11,-11,-10,-11,-9,-12,-9,-13,-10,-13,-9,-13,-9,-13,-8,-13,-7,-14,-7,-14,-6,-14,-4,-14,0,0,0,0,0,0,0,0,0,0,0,0,0,0,0,0,0,0,0,0,0,0,-1,-13,0,-13,1,-13,2,-13,2,-13,3,-13,3,-12,3,-12,3,-11,3,-12,3,-12,3,-12,3,-12,2,-11,2,-11,1,-11,1,-11,0,-11,0,-11,-1,-11,-2,-12,-2,-12,-3,-12,-3,-12,-4,-12,-5,-13]
[0;33mW (163202) TAG: AP channel is 0 (not ready). Skip this round.[0m
csi_data,[0,0,11,8,10,7,11,7,11,7,11,7,12,6,13,6,13,5,12,5,12,4,13,4,13,3,13,2,14,2,15,2,16,3,16,3,15,3,15,3,15,5,16,5,15,5,14,5,13,6,13,7,12,8,0,0,0,0,0,0,0,0,0,0,0,0,0,0,0,0,0,0,0,0,0,0,7,11,6,11,6,11,5,12,4,13,4,13,3,13,3,12,2,12,1,12,2,11,2,11,3,10,3,10,3,9,4,9,4,9,5,8,6,8,6,8,7,8,8,8,9,8,10,7,10,7,11,7]
[0;33mW (164202) TAG: AP channel is 0 (not ready). Skip this round.[0m
csi_data,[0,0,-12,6,-12,6,-13,6,-12,6,-11,6,-10,7,-10,8,-10,8,-10,8,-10,9,-10,9,-9,9,-9,10,-9,11,-9,12,-10,12,-11,12,-11,12,-11,11,-11,11,-12,11,-12,11,-12,10,-13,9,-13,8,-13,7,0,0,0,0,0,0,0,0,0,0,0,0,0,0,0,0,0,0,0,0,0,0,-13,0,-13,-1,-13,-2,-13,-2,-13,-3,-13,-3,-13,-3,-13,-4,-12,-4,-12,-4,-11,-4,-12,-4,-11,-3,-11,-3,-11,-1,-11,-1,-11,-1,-11,0,-11,1,-11,1,-11,3,-11,3,-11,3,-11,4,-12,4,-12,3]
[0;33mW (165202) TAG: AP channel is 0 (not ready). Skip this round.[0m
csi_data,[0,0,-14,-5,-14,-5,-13,-4,-13,-4,-13,-4,-14,-3,-14,-3,-13,-3,-13,-3,-14,-1,-14,0,-13,0,-13,0,-14,0,-15,0,-15,0,-15,-1,-15,-1,-16,-2,-16,-2,-16,-3,-15,-3,-15,-4,-15,-4,-15,-5,-14,-6,0,0,0,0,0,0,0,0,0,0,0,0,0,0,0,0,0,0,0,0,0,0,-11,-8,-11,-8,-10,-9,-9,-10,-9,-10,-8,-10,-8,-10,-8,-11,-8,-11,-8,-11,-8,-11,-7,-10,-7,-9,-7,-9,-8,-8,-8,-8,-9,-8,-9,-8,-9,-7,-10,-7,-10,-7,-10,-6,-11,-5,-12,-5,-12,-5,-12,-6]
[0;33mW (166202) TAG: AP channel is 0 (not ready). Skip this round.[0m
csi_data,[0,0,-14,4,-13,4,-13,4,-13,5,-13,6,-12,6,-12,7,-12,7,-11,7,-11,7,-11,8,-11,8,-11,8,-11,9,-11,10,-12,10,-13,10,-13,10,-13,10,-14,9,-14,9,-15,8,-15,7,-14,6,-15,5,-16,4,0,0,0,0,0,0,0,0,0,0,0,0,0,0,0,0,0,0,0,0,0,0,-13,2,-13,2,-14,1,-14,1,-14,0,-14,0,-14,0,-14,-1,-13,-2,-13,-2,-13,-2,-12,-2,-12,-2,-12,-2,-13,-1,-13,-1,-12,0,-12,1,-12,1,-12,2,-12,3,-12,4,-12,4,-12,4,-13,4,-13,5]
[0;33mW (167202) TAG: AP channel is 0 (not ready). Skip this round.[0m
csi_data,[0,0,-6,-12,-6,-12,-6,-12,-6,-12,-6,-12,-7,-11,-7,-11,-7,-11,-8,-11,-8,-10,-8,-10,-9,-10,-9,-10,-10,-10,-11,-9,-11,-10,-11,-10,-11,-11,-11,-10,-10,-10,-10,-11,-9,-12,-8,-12,-8,-12,-7,-13,-7,-13,0,0,0,0,0,0,0,0,0,0,0,0,0,0,0,0,0,0,0,0,0,0,-2,-13,-2,-12,-1,-12,0,-13,1,-13,0,-13,1,-13,2,-13,2,-13,2,-12,3,-12,3,-13,2,-12,1,-12,0,-11,0,-11,1,-11,0,-12,-1,-12,-2,-12,-2,-11,-3,-11,-3,-12,-3,-13,-4,-12,-4,-11]
[0;33mW (168202) TAG: AP channel is 0 (not ready). Skip this round.[0m
csi_data,[0,0,-13,-7,-13,-7,-12,-7,-13,-6,-13,-6,-13,-6,-14,-5,-13,-5,-13,-4,-13,-3,-13,-3,-13,-3,-13,-3,-14,-3,-14,-3,-15,-4,-15,-4,-15,-4,-15,-4,-15,-4,-15,-5,-15,-5,-14,-6,-13,-7,-13,-8,-13,-8,0,0,0,0,0,0,0,0,0,0,0,0,0,0,0,0,0,0,0,0,0,0,-10,-6,-10,-6,-10,-7,-10,-8,-10,-8,-9,-8,-10,-9,-10,-9,-9,-10,-8,-11,-8,-11,-9,-10,-9,-9,-9,-9,-9,-8,-9,-8,-9,-9,-10,-9,-11,-8,-11,-8,-11,-8,-12,-8,-13,-8,-13,-8,-13,-8,-13,-8]
[0;33mW (169202) TAG: AP channel is 0 (not ready). Skip this round.[0m
csi_data,[0,0,11,6,11,6,11,6,12,5,11,5,11,4,12,4,12,4,12,3,12,2,12,2,14,1,14,1,14,1,14,0,14,1,14,2,14,2,15,3,15,3,16,4,15,5,13,5,13,5,13,6,12,6,0,0,0,0,0,0,0,0,0,0,0,0,0,0,0,0,0,0,0,0,0,0,10,6,10,6,9,7,9,8,8,8,8,9,8,9,8,10,7,10,7,10,7,9,7,9,7,9,7,9,7,8,6,8,7,8,8,8,9,7,9,7,9,7,9,7,10,6,11,6,11,6,11,5]
[0;33mW (170202) TAG: AP channel is 0 (not ready). Skip this round.[0m
csi_data,[0,0,3,14,4,14,4,13,4,12,4,12,5,12,5,12,5,11,6,11,7,10,7,11,7,11,8,11,8,11,8,11,8,11,8,11,9,12,8,13,7,13,7,13,6,13,5,13,5,13,4,12,3,12,0,0,0,0,0,0,0,0,0,0,0,0,0,0,0,0,0,0,0,0,0,0,1,11,0,12,-1,12,-1,12,-2,12,-2,11,-2,11,-2,11,-2,11,-2,12,-2,12,-3,11,-2,11,-2,11,-1,11,0,11,1,11,1,12,1,12,2,12,3,12,3,12,3,13,3,13,4,13,3,13]
[0;33mW (171202) TAG: AP channel is 0 (not ready). Skip this round.[0m
csi_data,[0,0,-5,-17,-5,-16,-5,-15,-5,-15,-5,-15,-6,-15,-6,-14,-6,-14,-7,-13,-7,-13,-7,-12,-8,-13,-8,-13,-8,-12,-8,-12,-8,-13,-8,-13,-8,-14,-8,-14,-7,-14,-6,-13,-6,-13,-5,-13,-4,-14,-3,-14,-2,-13,0,0,0,0,0,0,0,0,0,0,0,0,0,0,0,0,0,0,0,0,0,0,-3,-11,-2,-12,-2,-13,-1,-13,-1,-13,-1,-13,0,-13,1,-14,1,-14,1,-14,1,-13,1,-14,0,-13,0,-13,0,-13,0,-13,-1,-13,-1,-14,-2,-14,-3,-14,-4,-14,-4,-15,-4,-15,-4,-16,-4,-16,-4,-15]
[0;33mW (172202) TAG: AP channel is 0 (not ready). Skip this round.[0m
csi_data,[0,0,-4,12,-4,13,-3,13,-2,12,-2,11,-2,12,-2,12,-1,11,0,11,1,11,1,11,1,11,1,11,2,11,3,11,3,11,3,12,2,12,1,12,1,12,0,12,0,12,0,12,-1,12,-1,11,-2,11,0,0,0,0,0,0,0,0,0,0,0,0,0,0,0,0,0,0,0,0,0,0,-4,15,-4,15,-6,14,-7,14,-7,13,-8,13,-9,13,-10,12,-10,12,-10,11,-9,11,-9,11,-9,11,-8,11,-8,11,-7,10,-7,11,-7,11,-6,11,-6,11,-6,12,-5,12,-5,13,-5,13,-4,13,-4,13]
[0;33mW (173202) TAG: AP channel is 0 (not ready). Skip this round.[0m
csi_data,[0,0,13,-5,13,-6,13,-6,13,-6,13,-6,12,-6,12,-6,11,-6,11,-6,11,-7,11,-7,10,-8,10,-8,10,-8,11,-8,11,-9,11,-9,12,-8,12,-8,12,-7,13,-7,12,-6,12,-5,12,-4,12,-3,11,-3,0,0,0,0,0,0,0,0,0,0,0,0,0,0,0,0,0,0,0,0,0,0,11,-3,11,-3,12,-2,12,-2,12,-2,12,-1,12,-1,12,0,12,1,12,1,12,0,12,0,12,0,12,0,12,-1,12,0,12,-1,11,-1,11,-2,12,-2,12,-3,12,-4,13,-4,13,-5,13,-5,13,-5]
[0;33mW (174202) TAG: AP channel is 0 (not ready). Skip this round.[0m
csi_data,[0,0,-1,14,-1,14,-1,14,-1,14,-1,13,-1,13,0,13,0,13,1,13,1,13,1,13,2,13,2,13,3,13,2,14,3,14,2,14,2,14,2,14,0,14,-1,14,-1,14,-2,13,-3,12,-3,12,-4,11,0,0,0,0,0,0,0,0,0,0,0,0,0,0,0,0,0,0,0,0,0,0,-3,11,-3,11,-4,11,-4,11,-5,11,-6,11,-6,11,-6,11,-7,11,-6,11,-6,11,-6,10,-6,10,-6,10,-6,10,-5,11,-5,11,-4,11,-4,12,-3,12,-2,12,-2,12,-2,13,-2,14,-2,15,-1,15]
[0;33mW (175202) TAG: AP channel is 0 (not ready). Skip this round.[0m
csi_data,[0,0,14,5,14,4,14,4,14,3,13,3,13,2,13,2,13,1,13,1,14,1,14,0,14,0,13,-1,14,-1,14,-1,15,0,15,0,15,1,15,1,15,2,15,2,14,3,13,3,12,4,11,4,10,5,0,0,0,0,0,0,0,0,0,0,0,0,0,0,0,0,0,0,0,0,0,0,10,4,10,5,9,6,9,6,9,7,9,7,9,8,9,8,9,8,9,8,9,8,9,8,9,8,9,7,9,7,9,6,9,6,10,6,11,6,11,5,12,5,12,4,12,4,13,4,14,4,14,5]
[0;33mW (176202) TAG: AP channel is 0 (not ready). Skip this round.[0m
csi_data,[0,0,13,-8,13,-8,12,-8,12,-8,12,-8,12,-9,11,-9,11,-9,10,-9,10,-10,10,-10,10,-11,10,-11,10,-11,10,-12,10,-12,11,-12,11,-12,11,-11,12,-10,12,-9,12,-8,12,-7,12,-6,12,-5,12,-5,0,0,0,0,0,0,0,0,0,0,0,0,0,0,0,0,0,0,0,0,0,0,9,-5,10,-4,11,-4,11,-3,11,-3,11,-3,12,-2,12,-2,12,-2,12,-1,12,-2,12,-2,11,-2,11,-2,11,-2,11,-3,11,-3,11,-4,11,-5,10,-5,10,-6,10,-6,11,-6,12,-7,13,-8,13,-8]
[0;33mW (177202) TAG: AP channel is 0 (not ready). Skip this round.[0m
csi_data,[0,0,-15,3,-15,3,-15,2,-15,2,-15,3,-14,4,-13,4,-13,5,-13,5,-13,5,-13,5,-14,6,-13,6,-13,6,-14,7,-14,7,-14,7,-14,7,-14,7,-15,6,-15,5,-15,4,-15,3,-14,2,-13,1,-13,0,0,0,0,0,0,0,0,0,0,0,0,0,0,0,0,0,0,0,0,0,0,0,-11,-1,-12,-2,-12,-2,-12,-2,-12,-2,-12,-3,-12,-4,-12,-4,-12,-4,-12,-4,-13,-4,-12,-4,-12,-4,-12,-4,-12,-3,-12,-3,-12,-2,-12,-1,-13,-1,-13,0,-13,0,-13,1,-14,1,-14,1,-15,1,-15,2]
[0;33mW (178202) TAG: AP channel is 0 (not ready). Skip this round.[0m
csi_data,[0,0,14,-1,14,-2,14,-2,14,-3,14,-3,13,-3,13,-3,12,-3,12,-4,13,-4,13,-5,12,-5,12,-6,12,-6,13,-6,13,-6,13,-6,13,-5,14,-4,14,-4,13,-3,13,-2,13,-2,12,-1,12,0,12,0,0,0,0,0,0,0,0,0,0,0,0,0,0,0,0,0,0,0,0,0,0,0,11,-1,11,-1,11,0,11,1,12,2,12,2,12,2,12,3,12,3,12,3,12,3,12,3,11,3,11,3,12,2,12,2,11,2,12,1,12,0,12,0,13,-1,13,-1,13,-1,14,-2,14,-1,14,-1]
[0;33mW (179202) TAG: AP channel is 0 (not ready). Skip this round.[0m
csi_data,[0,0,1,15,1,15,1,14,1,14,1,13,2,13,2,13,2,12,3,12,3,11,4,11,4,11,5,11,5,11,5,12,4,12,5,12,4,12,4,12,3,12,3,12,2,12,2,11,1,11,0,11,0,11,0,0,0,0,0,0,0,0,0,0,0,0,0,0,0,0,0,0,0,0,0,0,1,11,0,11,-1,12,-2,12,-2,12,-3,12,-3,12,-4,12,-4,12,-4,12,-4,12,-4,12,-4,12,-4,11,-3,11,-3,12,-2,12,-2,12,-1,12,-1,13,0,13,0,13,0,13,0,14,1,14,1,14]
[0;33mW (180202) TAG: AP channel is 0 (not ready). Skip this round.[0m
csi_data,[0,0,7,12,7,12,7,12,7,12,7,11,7,11,7,10,7,10,8,9,8,9,8,9,8,8,9,8,9,8,9,9,9,8,9,9,10,9,9,9,8,10,8,10,7,10,6,9,6,9,5,10,4,10,0,0,0,0,0,0,0,0,0,0,0,0,0,0,0,0,0,0,0,0,0,0,5,9,4,10,4,10,3,11,3,11,3,12,2,12,2,12,1,12,2,12,1,12,1,12,1,11,1,11,2,11,3,11,3,11,3,11,4,11,4,11,5,11,5,11,6,11,6,12,7,12,7,12]
[0;33mW (181202) TAG: AP channel is 0 (not ready). Skip this round.[0m
csi_data,[0,0,8,12,7,12,7,12,7,11,7,11,7,10,8,10,8,9,8,9,8,9,8,8,8,8,9,7,9,8,10,8,10,8,10,8,10,8,9,9,9,9,8,9,8,9,7,9,7,9,6,9,5,9,0,0,0,0,0,0,0,0,0,0,0,0,0,0,0,0,0,0,0,0,0,0,6,9,6,10,5,11,5,11,4,11,4,12,4,13,3,13,3,13,3,13,2,13,2,13,2,13,1,13,2,13,3,12,3,12,4,12,5,12,5,12,5,12,5,12,6,12,6,12,7,12,7,12]
[0;33mW (182202) TAG: AP channel is 0 (not ready). Skip this round.[0m
csi_data,[0,0,-10,11,-9,11,-9,11,-9,10,-9,10,-8,10,-8,10,-7,10,-6,10,-6,10,-6,11,-5,11,-4,11,-4,11,-4,11,-4,12,-5,12,-5,12,-6,11,-6,11,-7,11,-7,10,-7,10,-7,9,-7,9,-8,8,0,0,0,0,0,0,0,0,0,0,0,0,0,0,0,0,0,0,0,0,0,0,-7,9,-7,9,-8,9,-9,9,-10,9,-11,8,-11,8,-11,8,-11,7,-11,7,-12,7,-12,7,-11,7,-11,7,-11,7,-10,7,-10,8,-10,8,-10,9,-10,9,-10,9,-10,10,-10,10,-10,11,-10,11,-10,11]
[0;33mW (183202) TAG: AP channel is 0 (not ready). Skip this round.[0m
csi_data,[0,0,14,2,13,2,13,2,13,2,13,2,13,1,13,1,12,0,12,-1,12,-1,12,-2,12,-2,12,-3,12,-3,12,-3,12,-3,13,-3,12,-3,12,-2,12,-2,12,-1,11,-1,11,0,11,0,10,1,10,1,0,0,0,0,0,0,0,0,0,0,0,0,0,0,0,0,0,0,0,0,0,0,11,0,11,1,11,2,12,2,12,3,12,4,12,5,12,5,12,5,11,5,12,6,12,6,11,5,11,5,11,5,11,5,12,4,12,4,12,4,12,3,12,3,13,3,14,3,14,3,14,2,14,2]
[0;33mW (184202) TAG: AP channel is 0 (not ready). Skip this round.[0m
csi_data,[0,0,11,10,11,10,11,9,10,9,10,8,10,8,10,8,10,7,10,6,11,6,11,5,11,4,11,4,11,4,12,4,12,4,11,4,12,5,11,6,11,6,10,6,9,6,9,7,8,7,7,6,7,6,0,0,0,0,0,0,0,0,0,0,0,0,0,0,0,0,0,0,0,0,0,0,9,6,9,7,9,8,9,8,9,9,9,10,8,10,8,11,8,12,7,12,7,12,7,12,7,11,7,11,7,10,7,10,7,10,8,10,8,10,9,10,9,10,10,10,10,10,11,10,11,10,11,10]
[0;33mW (185202) TAG: AP channel is 0 (not ready). Skip this round.[0m
csi_data,[0,0,-15,1,-15,1,-15,1,-15,1,-14,1,-14,2,-13,2,-13,2,-12,3,-12,3,-12,4,-12,4,-11,4,-12,4,-12,5,-12,5,-12,5,-12,4,-12,4,-12,4,-12,3,-12,3,-12,2,-11,2,-11,1,-12,1,0,0,0,0,0,0,0,0,0,0,0,0,0,0,0,0,0,0,0,0,0,0,-12,1,-12,0,-12,-1,-13,-2,-13,-2,-14,-2,-14,-3,-14,-3,-14,-4,-14,-4,-13,-4,-13,-4,-13,-4,-13,-4,-13,-3,-13,-3,-13,-2,-14,-2,-14,-2,-14,-1,-14,-1,-14,0,-14,-1,-15,0,-15,0,-15,0]
[0;33mW (186202) TAG: AP channel is 0 (not ready). Skip this round.[0m
csi_data,[0,0,-13,6,-13,6,-13,6,-12,6,-12,6,-12,6,-11,7,-11,7,-10,7,-10,7,-9,7,-9,8,-9,8,-9,8,-9,9,-9,9,-9,9,-9,9,-10,8,-10,7,-10,7,-10,7,-10,7,-10,6,-10,5,-10,5,0,0,0,0,0,0,0,0,0,0,0,0,0,0,0,0,0,0,0,0,0,0,-11,6,-11,5,-12,5,-12,5,-13,4,-13,4,-13,3,-13,2,-13,2,-14,2,-14,2,-14,2,-13,2,-13,2,-13,2,-13,2,-13,3,-13,4,-13,4,-13,4,-14,4,-14,5,-13,6,-13,6,-14,6,-14,6]
[0;33mW (187202) TAG: AP channel is 0 (not ready). Skip this round.[0m
csi_data,[0,0,13,6,13,6,12,6,12,5,12,5,12,4,12,4,11,3,11,3,12,2,12,2,12,1,12,1,12,1,12,1,12,1,12,1,12,1,12,1,12,2,12,3,11,3,11,3,10,3,9,4,9,4,0,0,0,0,0,0,0,0,0,0,0,0,0,0,0,0,0,0,0,0,0,0,10,4,10,5,10,6,10,6,10,7,10,7,10,8,9,8,9,9,9,9,9,9,9,9,9,8,9,8,9,8,9,7,9,7,10,7,10,7,11,7,11,6,11,6,12,6,12,6,13,6,13,6]
[0;33mW (188202) TAG: AP channel is 0 (not ready). Skip this round.[0m
csi_data,[0,0,3,14,3,14,4,13,4,12,4,12,4,12,4,12,4,11,5,11,5,11,6,10,6,10,6,10,7,10,7,10,6,10,6,11,6,11,5,10,5,10,4,10,4,10,4,10,3,9,3,9,2,9,0,0,0,0,0,0,0,0,0,0,0,0,0,0,0,0,0,0,0,0,0,0,4,11,3,11,3,11,2,11,2,12,1,13,0,13,0,13,-1,12,-1,12,-1,13,-1,13,-1,13,-1,13,-1,12,0,12,1,13,1,13,1,13,2,13,2,12,3,13,3,13,3,14,3,14,3,14]
[0;33mW (189202) TAG: AP channel is 0 (not ready). Skip this round.[0m
csi_data,[0,0,14,3,14,3,14,3,13,2,13,2,12,2,12,2,12,1,12,1,11,0,11,-1,11,-1,11,-1,12,-1,12,-2,12,-2,12,-1,12,-1,11,0,11,0,11,1,10,1,10,1,9,1,8,2,8,2,0,0,0,0,0,0,0,0,0,0,0,0,0,0,0,0,0,0,0,0,0,0,11,0,11,1,11,2,11,3,12,3,12,4,12,5,11,6,11,6,11,6,11,7,12,6,11,6,11,6,11,5,11,5,11,5,12,4,12,4,12,4,12,3,13,4,13,3,14,3,14,3,14,3]
[0;33mW (190202) TAG: AP channel is 0 (not ready). Skip this round.[0m
csi_data,[0,0,-14,7,-14,6,-14,6,-14,7,-14,7,-13,7,-12,7,-11,7,-11,8,-10,8,-10,8,-10,9,-10,9,-10,9,-10,9,-10,9,-11,9,-11,9,-11,9,-11,8,-11,7,-11,6,-11,6,-11,5,-11,4,-11,4,0,0,0,0,0,0,0,0,0,0,0,0,0,0,0,0,0,0,0,0,0,0,-10,4,-11,4,-11,4,-12,3,-12,2,-13,2,-13,2,-13,1,-13,1,-13,1,-13,1,-13,0,-13,0,-13,1,-13,2,-13,2,-13,3,-13,3,-13,4,-13,4,-13,5,-13,5,-13,6,-14,6,-14,6,-14,5]
[0;33mW (191202) TAG: AP channel is 0 (not ready). Skip this round.[0m
csi_data,[0,0,-11,10,-11,10,-11,10,-11,10,-10,10,-10,9,-10,10,-9,10,-9,10,-8,10,-8,11,-7,11,-7,10,-7,11,-7,11,-7,11,-7,11,-7,11,-8,11,-8,11,-8,10,-9,9,-9,9,-9,8,-9,7,-9,6,0,0,0,0,0,0,0,0,0,0,0,0,0,0,0,0,0,0,0,0,0,0,-8,8,-9,7,-9,7,-10,7,-10,7,-11,6,-12,6,-12,6,-12,6,-13,6,-13,5,-13,5,-12,5,-12,5,-12,6,-12,6,-12,7,-11,7,-11,8,-11,8,-11,9,-11,10,-11,10,-11,10,-11,10,-11,10]
[0;33mW (192202) TAG: AP channel is 0 (not ready). Skip this round.[0m
csi_data,[0,0,-12,-9,-12,-9,-11,-9,-11,-8,-11,-8,-12,-8,-11,-8,-11,-7,-11,-7,-12,-6,-12,-6,-12,-5,-12,-5,-12,-5,-13,-4,-13,-4,-13,-5,-13,-5,-12,-6,-12,-6,-11,-7,-11,-7,-11,-7,-10,-8,-9,-8,-9,-7,0,0,0,0,0,0,0,0,0,0,0,0,0,0,0,0,0,0,0,0,0,0,-10,-6,-10,-7,-9,-8,-9,-9,-9,-9,-8,-10,-9,-10,-9,-10,-8,-11,-8,-11,-8,-11,-8,-11,-8,-11,-8,-11,-8,-11,-8,-10,-9,-10,-9,-10,-9,-10,-10,-10,-10,-10,-10,-10,-11,-10,-12,-10,-12,-10,-12,-9]
[0;33mW (193202) TAG: AP channel is 0 (not ready). Skip this round.[0m
csi_data,[0,0,3,-15,2,-14,2,-14,2,-14,1,-14,1,-13,0,-13,0,-13,0,-13,-1,-13,-1,-13,-1,-13,-2,-12,-2,-12,-2,-13,-2,-13,-2,-13,-2,-13,-1,-13,0,-13,0,-12,0,-12,1,-12,1,-11,2,-10,2,-10,0,0,0,0,0,0,0,0,0,0,0,0,0,0,0,0,0,0,0,0,0,0,0,-12,0,-12,1,-13,2,-13,2,-13,3,-13,4,-13,4,-13,5,-13,6,-13,6,-13,5,-12,5,-12,5,-12,4,-12,4,-12,4,-12,4,-13,3,-13,3,-13,3,-13,3,-14,2,-14,2,-15,2,-15,2,-15]
[0;33mW (194202) TAG: AP channel is 0 (not ready). Skip this round.[0m
csi_data,[0,0,13,1,13,1,13,1,13,1,12,0,12,0,12,0,11,-1,11,-1,11,-1,11,-2,10,-3,11,-4,11,-4,11,-4,11,-4,11,-3,12,-3,12,-2,12,-2,11,-2,11,-2,11,-1,10,-1,9,0,9,1,0,0,0,0,0,0,0,0,0,0,0,0,0,0,0,0,0,0,0,0,0,0,12,0,12,1,12,1,12,2,12,3,12,4,12,4,12,4,12,5,12,5,12,5,12,5,11,5,11,5,11,5,11,5,11,4,11,4,11,3,12,3,13,3,13,3,13,2,14,2,14,2,14,2]
[0;33mW (195202) TAG: AP channel is 0 (not ready). Skip this round.[0m
csi_data,[0,0,14,-3,14,-3,14,-3,13,-3,13,-4,12,-4,12,-4,12,-5,11,-5,11,-6,11,-6,11,-6,10,-7,10,-7,10,-8,10,-8,11,-7,11,-7,11,-7,11,-6,11,-6,11,-6,10,-5,10,-5,10,-4,9,-3,0,0,0,0,0,0,0,0,0,0,0,0,0,0,0,0,0,0,0,0,0,0,12,-3,12,-2,12,-1,13,-1,13,0,14,0,13,1,13,2,13,2,13,2,13,2,13,2,13,2,12,1,12,1,13,0,13,0,13,0,13,0,13,-1,13,-1,14,-2,14,-2,14,-3,15,-3,15,-2]
[0;33mW (196202) TAG: AP channel is 0 (not ready). Skip this round.[0m
csi_data,[0,0,12,7,12,7,12,7,12,6,11,6,12,5,12,5,11,4,11,4,12,3,11,3,11,2,12,2,12,2,12,2,12,2,12,2,12,2,12,3,12,3,12,4,11,4,11,4,10,5,10,5,9,6,0,0,0,0,0,0,0,0,0,0,0,0,0,0,0,0,0,0,0,0,0,0,10,4,10,6,10,7,10,7,10,8,9,8,9,8,9,9,8,9,8,9,8,9,8,9,7,10,8,9,8,9,8,9,9,8,9,8,9,8,9,8,10,7,11,7,11,7,12,7,12,7,12,7]
[0;33mW (197202) TAG: AP channel is 0 (not ready). Skip this round.[0m
csi_data,[0,0,12,-9,11,-9,11,-9,11,-9,10,-9,10,-9,9,-10,8,-9,8,-9,8,-10,7,-10,7,-10,6,-11,6,-11,7,-11,7,-11,7,-11,7,-10,7,-10,8,-9,7,-9,8,-9,7,-8,7,-7,8,-7,8,-6,0,0,0,0,0,0,0,0,0,0,0,0,0,0,0,0,0,0,0,0,0,0,9,-9,9,-8,10,-8,10,-7,11,-7,12,-6,12,-6,13,-5,13,-5,13,-5,12,-5,12,-5,12,-5,12,-5,12,-5,12,-5,11,-6,11,-6,11,-7,11,-7,11,-8,11,-8,11,-9,11,-9,11,-9,12,-9]
[0;33mW (198202) TAG: AP channel is 0 (not ready). Skip this round.[0m
csi_data,[0,0,10,-13,9,-13,8,-13,8,-12,7,-12,7,-12,7,-12,6,-12,5,-12,5,-12,5,-12,4,-12,4,-12,4,-13,4,-13,4,-13,4,-13,5,-13,5,-12,5,-11,5,-11,5,-11,6,-10,6,-9,6,-8,6,-8,0,0,0,0,0,0,0,0,0,0,0,0,0,0,0,0,0,0,0,0,0,0,7,-11,7,-11,8,-10,9,-10,9,-10,10,-10,10,-9,11,-9,11,-9,11,-8,11,-8,11,-8,11,-8,10,-8,10,-9,9,-9,9,-9,9,-10,9,-10,9,-10,9,-11,9,-11,9,-12,9,-12,9,-12,9,-12]
[0;33mW (199202) TAG: AP channel is 0 (not ready). Skip this round.[0m
csi_data,[0,0,-15,1,-15,0,-15,0,-14,1,-14,1,-13,2,-13,2,-12,3,-13,3,-12,3,-12,4,-12,4,-12,4,-12,5,-12,5,-12,5,-12,4,-12,4,-12,4,-12,3,-12,3,-12,3,-11,2,-11,2,-11,1,-11,0,0,0,0,0,0,0,0,0,0,0,0,0,0,0,0,0,0,0,0,0,0,0,-13,1,-13,0,-13,0,-13,-1,-14,-2,-14,-3,-14,-4,-14,-4,-14,-4,-14,-4,-14,-4,-13,-4,-13,-4,-13,-4,-13,-4,-13,-3,-13,-3,-13,-2,-13,-2,-14,-1,-14,-1,-14,0,-14,0,-14,0,-15,0,-15,1]
[0;33mW (200202) TAG: AP channel is 0 (not ready). Skip this round.[0m
csi_data,[0,0,-13,-8,-13,-8,-13,-8,-13,-8,-13,-7,-12,-6,-12,-6,-12,-5,-12,-5,-12,-5,-12,-4,-12,-3,-12,-3,-13,-3,-13,-3,-13,-3,-13,-3,-13,-3,-13,-3,-12,-4,-12,-4,-12,-4,-11,-5,-10,-5,-10,-5,-9,-6,0,0,0,0,0,0,0,0,0,0,0,0,0,0,0,0,0,0,0,0,0,0,-11,-7,-11,-7,-11,-8,-10,-9,-10,-9,-10,-10,-10,-11,-10,-11,-10,-11,-10,-11,-9,-12,-9,-12,-8,-11,-8,-10,-9,-10,-9,-10,-10,-10,-10,-9,-10,-9,-10,-9,-11,-8,-12,-8,-12,-8,-13,-8,-13,-9,-13,-9]
[0;33mW (201202) TAG: AP channel is 0 (not ready). Skip this round.[0m
csi_data,[0,0,15,0,14,0,14,0,13,0,13,0,12,-1,12,-2,12,-2,12,-3,13,-3,12,-3,11,-4,11,-4,11,-5,12,-5,12,-5,12,-4,12,-4,12,-4,12,-3,12,-3,12,-3,12,-2,11,-1,11,-1,11,-1,0,0,0,0,0,0,0,0,0,0,0,0,0,0,0,0,0,0,0,0,0,0,12,1,12,2,12,2,12,3,13,4,13,4,13,5,13,5,13,6,12,6,12,6,12,6,11,5,11,5,12,4,11,4,11,4,12,3,12,3,12,2,13,2,13,1,14,1,14,1,14,1,14,1]
[0;33mW (202202) TAG: AP channel is 0 (not ready). Skip this round.[0m
csi_data,[0,0,3,13,3,13,3,13,4,12,4,12,4,12,4,12,4,11,5,11,5,11,5,10,6,10,6,10,6,10,6,9,6,9,6,10,6,10,6,10,5,10,5,10,4,10,3,10,2,10,2,10,1,9,0,0,0,0,0,0,0,0,0,0,0,0,0,0,0,0,0,0,0,0,0,0,4,10,3,11,2,12,2,12,2,12,1,13,0,13,0,13,-1,13,-1,13,-1,13,-1,13,-1,13,-1,13,-1,13,-1,12,0,12,1,12,1,12,1,13,2,13,2,13,3,13,3,14,3,14,3,14]
[0;33mW (203202) TAG: AP channel is 0 (not ready). Skip this round.[0m
csi_data,[0,0,13,-2,12,-2,12,-2,12,-3,12,-3,11,-3,10,-4,10,-4,10,-5,10,-5,10,-6,9,-6,9,-7,9,-7,9,-7,8,-7,9,-7,9,-7,10,-6,10,-6,10,-5,9,-5,9,-5,9,-5,9,-4,9,-3,0,0,0,0,0,0,0,0,0,0,0,0,0,0,0,0,0,0,0,0,0,0,13,-3,13,-2,13,-2,14,-1,14,0,15,1,15,2,14,2,14,2,14,2,14,2,13,3,13,3,13,2,13,2,13,2,12,1,12,1,13,0,13,-1,13,-1,13,-1,13,-2,13,-2,13,-2,13,-2]
[0;33mW (204202) TAG: AP channel is 0 (not ready). Skip this round.[0m
csi_data,[0,0,-6,-13,-6,-13,-7,-13,-6,-13,-7,-12,-7,-12,-7,-11,-8,-11,-8,-10,-8,-10,-8,-9,-8,-9,-8,-9,-9,-9,-9,-9,-9,-9,-9,-9,-9,-9,-9,-10,-8,-10,-8,-10,-7,-10,-7,-10,-6,-9,-5,-9,-4,-9,0,0,0,0,0,0,0,0,0,0,0,0,0,0,0,0,0,0,0,0,0,0,-7,-13,-7,-13,-6,-14,-5,-14,-4,-15,-3,-16,-3,-16,-2,-16,-2,-16,-1,-15,-1,-15,-1,-15,-1,-14,-1,-14,-2,-14,-2,-14,-2,-14,-3,-14,-3,-13,-4,-14,-5,-14,-5,-14,-6,-13,-6,-14,-7,-14,-6,-14]
[0;33mW (205202) TAG: AP channel is 0 (not ready). Skip this round.[0m
csi_data,[0,0,12,-9,11,-9,10,-9,10,-9,9,-9,8,-9,7,-9,7,-9,7,-9,6,-10,6,-10,5,-10,5,-10,5,-10,5,-11,5,-11,5,-11,5,-11,6,-11,6,-10,6,-10,6,-9,6,-8,6,-8,6,-7,6,-7,0,0,0,0,0,0,0,0,0,0,0,0,0,0,0,0,0,0,0,0,0,0,11,-10,11,-9,11,-9,12,-8,13,-8,14,-7,14,-6,14,-6,14,-5,14,-5,14,-4,14,-4,14,-4,13,-4,13,-5,12,-5,12,-5,12,-6,11,-6,11,-7,11,-7,11,-8,11,-9,11,-9,11,-8,11,-8]
[0;33mW (206202) TAG: AP channel is 0 (not ready). Skip this round.[0m
csi_data,[0,0,-13,7,-13,7,-13,7,-13,7,-12,7,-12,7,-11,7,-10,8,-10,8,-10,9,-9,10,-9,10,-9,10,-9,10,-9,10,-9,10,-9,10,-9,11,-10,11,-10,10,-10,9,-10,9,-10,8,-10,7,-11,6,-11,5,0,0,0,0,0,0,0,0,0,0,0,0,0,0,0,0,0,0,0,0,0,0,-11,4,-11,4,-11,3,-12,3,-13,2,-14,2,-14,2,-13,1,-13,1,-13,1,-13,0,-14,0,-13,1,-13,1,-13,1,-13,1,-13,2,-12,3,-12,3,-13,3,-13,4,-13,5,-13,6,-13,6,-14,6,-13,6]
[0;33mW (207202) TAG: AP channel is 0 (not ready). Skip this round.[0m
csi_data,[0,0,9,-12,8,-12,7,-12,7,-12,6,-12,6,-12,6,-11,5,-11,5,-11,5,-12,4,-12,3,-12,3,-12,4,-13,3,-13,3,-13,4,-13,4,-13,5,-12,5,-12,6,-11,6,-10,6,-10,7,-10,7,-9,7,-9,0,0,0,0,0,0,0,0,0,0,0,0,0,0,0,0,0,0,0,0,0,0,5,-12,5,-11,6,-11,6,-10,7,-10,8,-10,8,-10,8,-10,9,-10,10,-10,10,-9,9,-9,9,-9,9,-9,8,-9,8,-9,7,-9,7,-9,7,-10,7,-10,7,-11,7,-11,7,-12,7,-12,7,-13,7,-13]
[0;33mW (208202) TAG: AP channel is 0 (not ready). Skip this round.[0m
csi_data,[0,0,-5,13,-4,13,-4,13,-3,12,-3,12,-3,12,-3,12,-2,12,-1,12,-1,12,-1,11,-1,11,0,12,0,12,0,12,0,12,0,12,0,12,-1,11,-2,11,-2,11,-2,11,-3,10,-3,10,-3,9,-3,9,0,0,0,0,0,0,0,0,0,0,0,0,0,0,0,0,0,0,0,0,0,0,-2,12,-3,12,-4,13,-5,13,-6,12,-7,12,-8,13,-8,12,-8,11,-8,11,-8,10,-8,10,-8,10,-8,10,-8,11,-7,10,-7,10,-6,10,-6,11,-6,11,-6,12,-5,12,-4,12,-4,12,-4,13,-4,13]
[0;33mW (209202) TAG: AP channel is 0 (not ready). Skip this round.[0m
csi_data,[0,0,13,3,12,2,12,3,12,3,11,2,11,1,11,1,11,0,10,0,10,-1,10,-2,10,-3,10,-3,10,-3,10,-4,10,-4,10,-3,10,-3,10,-2,9,-2,9,-3,9,-3,10,-4,10,-3,9,-2,8,-2,0,0,0,0,0,0,0,0,0,0,0,0,0,0,0,0,0,0,0,0,0,0,15,1,15,2,14,4,14,5,14,5,14,6,14,7,14,7,13,7,13,7,12,8,12,8,12,8,11,8,11,7,11,7,12,6,12,5,12,4,12,4,12,4,13,4,13,4,13,3,13,3,12,3]
[0;33mW (210202) TAG: AP channel is 0 (not ready). Skip this round.[0m
csi_data,[0,0,6,15,5,14,5,14,6,13,6,13,6,12,6,12,6,12,6,11,7,11,8,11,8,10,8,10,8,11,8,11,8,11,9,12,8,12,8,13,7,12,6,12,5,12,5,13,4,12,3,12,2,12,0,0,0,0,0,0,0,0,0,0,0,0,0,0,0,0,0,0,0,0,0,0,2,8,2,8,1,9,1,9,1,9,0,10,0,10,0,10,0,10,-1,10,-1,11,-1,11,0,11,0,10,1,10,1,10,1,10,2,10,2,11,2,11,3,11,4,11,5,12,5,13,6,13,6,13]
[0;33mW (211202) TAG: AP channel is 0 (not ready). Skip this round.[0m
csi_data,[0,0,15,2,14,1,14,1,14,0,14,0,14,0,14,0,14,-1,13,-1,13,-2,13,-3,13,-4,13,-4,13,-3,14,-3,14,-3,14,-3,14,-2,14,-2,14,-1,14,0,14,0,13,0,12,1,12,2,11,3,0,0,0,0,0,0,0,0,0,0,0,0,0,0,0,0,0,0,0,0,0,0,9,1,9,1,8,2,8,2,9,3,9,3,10,4,9,4,9,4,9,4,9,4,10,4,10,4,10,4,10,4,10,4,11,3,11,3,12,2,12,2,12,2,12,1,13,1,13,1,13,1,14,1]
[0;33mW (212202) TAG: AP channel is 0 (not ready). Skip this round.[0m
csi_data,[0,0,15,-2,14,-2,14,-2,14,-2,14,-2,13,-2,13,-2,13,-3,12,-3,12,-4,12,-4,11,-5,11,-5,12,-5,12,-5,12,-5,12,-5,12,-5,12,-4,12,-3,12,-3,12,-2,11,-2,11,-2,10,-1,10,0,0,0,0,0,0,0,0,0,0,0,0,0,0,0,0,0,0,0,0,0,0,0,11,-2,12,-2,12,-1,12,0,12,1,12,1,13,2,13,2,13,3,12,3,12,3,12,3,12,2,12,2,12,2,12,2,12,1,12,1,13,0,13,0,13,0,14,-1,14,-1,14,-1,14,-2,14,-2]
[0;33mW (213202) TAG: AP channel is 0 (not ready). Skip this round.[0m
csi_data,[0,0,8,13,8,12,8,12,8,12,8,11,8,11,8,10,8,10,8,9,9,9,9,8,10,8,10,8,10,8,10,8,11,8,10,9,9,9,9,9,9,9,8,9,8,9,7,9,6,9,5,10,5,10,0,0,0,0,0,0,0,0,0,0,0,0,0,0,0,0,0,0,0,0,0,0,6,8,5,8,5,9,4,10,4,10,4,11,4,11,4,11,4,11,3,12,3,12,3,12,3,12,3,11,3,11,4,11,5,11,5,11,5,10,6,10,7,10,7,11,8,12,8,12,8,12,8,12]
[0;33mW (214202) TAG: AP channel is 0 (not ready). Skip this round.[0m
csi_data,[0,0,6,11,6,11,7,11,7,11,7,10,7,10,7,9,8,8,8,8,8,8,8,8,9,8,9,8,9,8,10,8,10,8,10,8,10,8,10,8,9,8,9,9,8,10,7,10,7,10,6,10,5,10,0,0,0,0,0,0,0,0,0,0,0,0,0,0,0,0,0,0,0,0,0,0,5,10,5,10,4,11,4,11,3,11,3,12,3,12,3,12,2,13,1,12,1,12,1,12,1,12,1,12,2,11,2,11,3,11,4,11,4,10,4,11,5,11,6,11,6,11,6,12,6,12,7,12]
[0;33mW (215202) TAG: AP channel is 0 (not ready). Skip this round.[0m
csi_data,[0,0,-5,13,-4,13,-4,13,-4,13,-4,12,-4,12,-3,12,-3,12,-2,11,-1,11,-1,11,-1,11,-1,11,0,12,0,12,0,12,0,12,0,12,0,12,-1,12,-2,11,-2,11,-2,11,-2,11,-2,11,-2,11,0,0,0,0,0,0,0,0,0,0,0,0,0,0,0,0,0,0,0,0,0,0,-3,12,-4,13,-5,13,-6,13,-7,13,-8,12,-8,12,-8,12,-9,11,-10,11,-9,11,-9,11,-9,10,-8,9,-8,10,-8,11,-7,10,-7,10,-7,11,-6,11,-6,12,-6,12,-6,12,-6,13,-5,13,-5,13]
[0;33mW (216202) TAG: AP channel is 0 (not ready). Skip this round.[0m
csi_data,[0,0,10,11,10,11,10,10,10,10,10,10,10,9,10,8,10,8,10,8,10,7,11,6,11,6,11,6,11,6,11,5,11,6,11,6,11,6,11,7,10,7,10,7,9,8,8,8,7,8,7,8,7,7,0,0,0,0,0,0,0,0,0,0,0,0,0,0,0,0,0,0,0,0,0,0,9,8,8,9,8,10,7,10,7,11,6,11,6,11,5,12,5,12,5,12,4,12,4,12,4,12,4,11,5,11,5,10,6,10,7,10,7,10,7,10,7,10,8,10,9,10,9,10,10,11,10,11]
[0;33mW (217202) TAG: AP channel is 0 (not ready). Skip this round.[0m
csi_data,[0,0,12,7,12,6,11,6,11,6,11,6,11,5,11,5,11,4,11,4,11,4,12,3,12,2,12,2,12,2,12,2,12,2,12,2,12,2,12,3,12,3,12,3,11,4,11,4,10,4,10,5,10,5,0,0,0,0,0,0,0,0,0,0,0,0,0,0,0,0,0,0,0,0,0,0,9,6,9,7,9,7,9,8,9,9,9,10,8,10,8,11,7,10,7,10,6,11,6,11,7,10,7,10,8,10,8,9,7,8,8,8,9,8,9,7,10,8,10,8,10,8,11,8,12,8,12,8]
[0;33mW (218202) TAG: AP channel is 0 (not ready). Skip this round.[0m
csi_data,[0,0,-12,-8,-12,-8,-12,-8,-12,-8,-12,-8,-12,-7,-12,-7,-11,-7,-12,-6,-13,-6,-13,-5,-13,-4,-13,-4,-13,-5,-14,-5,-14,-4,-14,-4,-13,-5,-13,-5,-13,-6,-13,-6,-12,-6,-12,-6,-11,-6,-10,-6,-10,-6,0,0,0,0,0,0,0,0,0,0,0,0,0,0,0,0,0,0,0,0,0,0,-10,-8,-10,-9,-10,-10,-9,-11,-9,-11,-8,-11,-8,-12,-7,-12,-7,-12,-7,-12,-7,-12,-7,-12,-7,-12,-7,-11,-7,-11,-7,-11,-8,-10,-8,-10,-9,-10,-10,-10,-10,-10,-10,-10,-11,-9,-11,-9,-11,-9,-12,-10]
[0;33mW (219202) TAG: AP channel is 0 (not ready). Skip this round.[0m
csi_data,[0,0,-13,-9,-13,-9,-12,-8,-12,-8,-12,-8,-12,-8,-13,-8,-12,-7,-12,-6,-12,-5,-12,-5,-12,-4,-12,-4,-12,-4,-13,-4,-14,-4,-14,-5,-13,-5,-13,-6,-12,-5,-12,-6,-12,-6,-11,-6,-10,-6,-10,-6,-9,-7,0,0,0,0,0,0,0,0,0,0,0,0,0,0,0,0,0,0,0,0,0,0,-11,-6,-11,-7,-11,-8,-11,-9,-10,-10,-10,-10,-10,-10,-9,-11,-9,-11,-8,-11,-8,-11,-8,-11,-8,-11,-8,-10,-8,-10,-9,-9,-9,-9,-10,-9,-10,-9,-10,-9,-11,-9,-11,-9,-11,-8,-11,-8,-12,-8,-13,-9]
[0;33mW (220202) TAG: AP channel is 0 (not ready). Skip this round.[0m
csi_data,[0,0,9,-10,8,-11,8,-11,9,-11,8,-11,7,-11,7,-11,7,-11,6,-11,6,-11,5,-11,4,-11,5,-11,5,-12,5,-12,5,-12,5,-12,5,-12,6,-11,6,-11,6,-11,6,-10,7,-9,7,-9,7,-9,7,-8,0,0,0,0,0,0,0,0,0,0,0,0,0,0,0,0,0,0,0,0,0,0,7,-9,8,-10,9,-9,10,-9,10,-8,11,-8,11,-7,11,-6,11,-6,11,-6,11,-6,11,-6,11,-6,10,-6,10,-6,10,-7,9,-7,9,-8,9,-8,9,-8,9,-8,9,-9,9,-9,9,-10,9,-11,10,-11]
[0;33mW (221202) TAG: AP channel is 0 (not ready). Skip this round.[0m
csi_data,[0,0,11,9,11,9,11,8,11,7,11,7,10,7,11,6,11,6,11,6,11,5,12,5,12,5,12,4,13,4,13,4,13,4,12,4,12,4,12,5,12,5,11,6,11,6,10,6,9,6,9,7,8,7,0,0,0,0,0,0,0,0,0,0,0,0,0,0,0,0,0,0,0,0,0,0,9,9,9,10,8,11,7,11,7,11,7,12,6,12,5,12,5,12,4,12,4,12,4,12,4,12,4,11,5,11,5,10,5,9,6,9,7,9,7,9,8,9,9,8,9,8,10,9,10,9,11,9]
[0;33mW (222202) TAG: AP channel is 0 (not ready). Skip this round.[0m
csi_data,[0,0,8,-13,7,-13,7,-13,6,-13,6,-13,6,-12,6,-12,5,-12,4,-12,3,-13,3,-13,3,-13,2,-13,2,-14,2,-14,2,-14,3,-14,4,-14,4,-14,4,-13,4,-13,4,-12,5,-12,6,-12,6,-11,6,-11,0,0,0,0,0,0,0,0,0,0,0,0,0,0,0,0,0,0,0,0,0,0,6,-12,7,-12,8,-11,9,-11,9,-10,10,-10,10,-9,11,-8,11,-8,11,-8,11,-8,10,-8,10,-8,10,-8,10,-8,9,-9,9,-9,8,-9,8,-10,8,-11,8,-11,8,-11,8,-12,7,-12,7,-13,7,-13]
[0;33mW (223202) TAG: AP channel is 0 (not ready). Skip this round.[0m
csi_data,[0,0,13,3,14,2,14,1,14,1,14,1,13,1,13,1,13,0,13,-1,13,-1,13,-2,13,-3,13,-3,13,-3,13,-3,14,-3,14,-3,14,-2,14,-1,14,-1,14,0,14,1,14,1,13,2,13,3,12,3,0,0,0,0,0,0,0,0,0,0,0,0,0,0,0,0,0,0,0,0,0,0,12,3,11,3,11,4,11,5,11,6,11,6,10,7,10,7,10,7,10,7,10,7,10,7,10,7,10,5,10,5,10,5,11,5,11,4,12,4,12,3,12,3,12,3,13,2,13,2,13,2,14,2]
[0;33mW (224202) TAG: AP channel is 0 (not ready). Skip this round.[0m
csi_data,[0,0,5,12,5,12,6,12,6,13,6,13,6,13,7,12,7,12,7,12,8,12,8,12,8,12,8,11,9,11,9,12,9,12,9,12,9,12,9,13,8,13,7,14,6,14,5,14,4,14,3,14,2,14,0,0,0,0,0,0,0,0,0,0,0,0,0,0,0,0,0,0,0,0,0,0,0,10,0,10,0,10,-1,10,-1,11,-1,11,-1,10,-1,10,-1,10,-2,10,-2,11,-1,11,-1,10,-1,10,0,10,0,10,1,10,1,11,2,11,2,11,3,11,3,11,4,12,5,12,5,12,5,12]
[0;33mW (225202) TAG: AP channel is 0 (not ready). Skip this round.[0m
csi_data,[0,0,8,-15,8,-14,8,-14,7,-14,7,-14,7,-14,6,-14,6,-14,6,-14,6,-14,5,-14,5,-14,4,-15,4,-15,4,-15,5,-16,5,-16,5,-15,6,-14,7,-14,7,-14,8,-14,9,-13,9,-12,9,-11,10,-11,0,0,0,0,0,0,0,0,0,0,0,0,0,0,0,0,0,0,0,0,0,0,6,-8,6,-8,7,-7,7,-7,7,-7,8,-7,8,-7,8,-7,9,-7,9,-7,9,-7,8,-7,8,-7,8,-7,8,-8,8,-9,7,-9,7,-9,7,-10,7,-10,7,-11,7,-12,7,-12,7,-12,8,-13,7,-14]
[0;33mW (226202) TAG: AP channel is 0 (not ready). Skip this round.[0m
csi_data,[0,0,13,6,13,5,13,5,13,5,13,5,13,4,12,4,12,4,13,3,13,3,13,3,13,2,13,1,13,1,14,2,14,2,14,2,14,2,15,2,14,3,13,3,13,4,12,5,12,5,12,6,11,6,0,0,0,0,0,0,0,0,0,0,0,0,0,0,0,0,0,0,0,0,0,0,7,5,7,5,7,5,7,6,7,6,7,7,8,7,7,8,7,7,7,8,7,9,7,8,7,8,7,7,8,7,8,7,9,6,9,6,9,6,10,6,11,5,11,5,12,6,12,6,13,6,13,6]
[0;33mW (227202) TAG: AP channel is 0 (not ready). Skip this round.[0m
csi_data,[0,0,6,13,7,13,7,12,6,12,6,12,7,12,7,12,7,12,7,11,8,10,9,10,9,10,9,10,10,10,10,11,10,11,10,11,10,12,9,12,9,13,8,13,7,13,7,13,6,13,5,13,4,13,0,0,0,0,0,0,0,0,0,0,0,0,0,0,0,0,0,0,0,0,0,0,3,8,3,8,2,9,1,10,1,10,1,10,1,10,1,10,0,10,0,10,0,11,1,10,1,10,1,10,1,10,1,10,2,10,2,10,3,11,4,11,4,11,5,11,5,11,6,11,7,12,7,13]
[0;33mW (228202) TAG: AP channel is 0 (not ready). Skip this round.[0m
csi_data,[0,0,14,-2,14,-2,14,-2,15,-1,14,-2,14,-2,14,-3,14,-4,14,-4,14,-4,14,-4,14,-4,14,-4,14,-5,14,-5,14,-5,15,-5,15,-5,15,-4,15,-3,15,-3,15,-2,14,-1,14,0,14,1,14,1,0,0,0,0,0,0,0,0,0,0,0,0,0,0,0,0,0,0,0,0,0,0,9,0,9,1,8,2,9,2,9,2,9,3,10,3,10,4,10,4,9,4,9,4,9,4,9,3,9,3,10,3,10,2,10,2,10,1,10,0,11,0,12,0,13,-1,13,-1,13,-1,13,-2,13,-2]
[0;33mW (229202) TAG: AP channel is 0 (not ready). Skip this round.[0m
csi_data,[0,0,-5,13,-5,13,-4,14,-4,14,-4,14,-4,14,-3,14,-3,14,-2,13,-2,13,-1,14,-1,14,-1,14,0,15,0,15,0,14,-1,15,-1,15,-1,15,-2,16,-2,16,-3,15,-4,14,-5,13,-5,13,-6,13,0,0,0,0,0,0,0,0,0,0,0,0,0,0,0,0,0,0,0,0,0,0,-6,8,-7,8,-7,8,-7,7,-7,6,-8,6,-8,7,-9,7,-9,7,-9,6,-9,6,-9,6,-8,7,-8,7,-7,8,-7,9,-7,9,-6,9,-5,10,-5,11,-5,11,-6,11,-6,12,-5,12,-6,13,-6,12]
[0;33mW (230202) TAG: AP channel is 0 (not ready). Skip this round.[0m
csi_data,[0,0,-8,-13,-9,-13,-8,-13,-8,-13,-8,-13,-9,-13,-9,-13,-9,-12,-9,-11,-10,-12,-10,-12,-11,-12,-11,-11,-11,-11,-12,-12,-12,-12,-12,-12,-11,-12,-11,-12,-10,-13,-9,-13,-9,-14,-8,-14,-7,-14,-6,-14,-6,-13,0,0,0,0,0,0,0,0,0,0,0,0,0,0,0,0,0,0,0,0,0,0,-3,-10,-3,-11,-3,-11,-3,-11,-2,-11,-1,-12,-1,-11,-1,-12,-1,-12,0,-12,0,-12,0,-11,-1,-11,-1,-11,-1,-11,-1,-11,-2,-12,-3,-12,-4,-12,-5,-12,-5,-12,-6,-13,-6,-14,-6,-13,-6,-13,-7,-14]
[0;33mW (231202) TAG: AP channel is 0 (not ready). Skip this round.[0m
csi_data,[0,0,6,12,6,12,7,12,7,11,7,11,7,11,7,11,7,10,8,9,8,9,8,9,8,9,9,9,9,9,9,9,10,9,9,9,9,9,9,9,8,9,8,10,7,10,6,10,5,10,5,10,4,10,0,0,0,0,0,0,0,0,0,0,0,0,0,0,0,0,0,0,0,0,0,0,6,11,5,12,5,12,4,12,4,13,3,13,2,13,2,13,1,13,1,13,1,13,1,12,1,13,1,13,1,12,2,11,2,11,3,11,3,11,4,11,4,11,5,11,5,12,5,12,6,12,7,11]
[0;33mW (232202) TAG: AP channel is 0 (not ready). Skip this round.[0m
csi_data,[0,0,-14,-1,-15,0,-14,0,-14,0,-13,0,-13,1,-13,2,-13,2,-13,2,-12,3,-12,3,-12,4,-12,4,-12,4,-12,4,-12,4,-12,4,-13,4,-13,4,-13,3,-13,3,-12,2,-12,2,-12,2,-11,1,-11,0,0,0,0,0,0,0,0,0,0,0,0,0,0,0,0,0,0,0,0,0,0,0,-14,-1,-14,-2,-14,-3,-14,-4,-14,-5,-14,-6,-14,-6,-14,-7,-13,-7,-13,-7,-13,-7,-13,-7,-12,-7,-12,-6,-12,-6,-12,-5,-12,-5,-12,-4,-12,-4,-13,-3,-14,-3,-14,-2,-14,-1,-14,-1,-14,-1,-14,-1]
[0;33mW (233202) TAG: AP channel is 0 (not ready). Skip this round.[0m
csi_data,[0,0,-7,11,-7,11,-7,11,-7,11,-6,11,-6,12,-5,12,-5,11,-4,11,-4,12,-3,12,-3,12,-3,12,-3,12,-2,13,-3,13,-3,13,-3,13,-3,13,-3,12,-4,12,-5,11,-5,10,-5,10,-5,9,-6,9,0,0,0,0,0,0,0,0,0,0,0,0,0,0,0,0,0,0,0,0,0,0,-9,11,-10,10,-11,10,-12,9,-12,9,-13,8,-13,8,-13,7,-13,7,-13,7,-13,6,-13,6,-12,6,-11,6,-11,7,-11,7,-10,7,-10,7,-9,8,-9,9,-9,9,-9,10,-9,10,-8,10,-8,11,-9,11]
[0;33mW (234202) TAG: AP channel is 0 (not ready). Skip this round.[0m
csi_data,[0,0,8,-11,7,-11,7,-11,7,-11,7,-11,6,-11,5,-12,5,-12,5,-11,5,-11,4,-12,3,-12,3,-12,3,-12,3,-12,3,-13,3,-13,4,-13,4,-13,4,-13,5,-12,5,-12,6,-11,6,-11,6,-10,6,-9,0,0,0,0,0,0,0,0,0,0,0,0,0,0,0,0,0,0,0,0,0,0,8,-11,9,-10,10,-10,10,-9,11,-9,12,-8,12,-8,12,-7,13,-7,13,-6,13,-6,12,-6,11,-7,11,-6,10,-6,10,-6,10,-7,9,-7,9,-8,8,-8,8,-9,8,-10,9,-10,8,-10,8,-11,8,-11]
[0;33mW (235202) TAG: AP channel is 0 (not ready). Skip this round.[0m
csi_data,[0,0,1,13,1,13,1,14,1,13,2,13,2,13,3,12,3,11,4,11,4,11,4,11,4,11,5,11,6,11,6,11,6,11,6,11,6,12,5,11,4,11,4,11,3,11,3,11,2,11,1,11,0,11,0,0,0,0,0,0,0,0,0,0,0,0,0,0,0,0,0,0,0,0,0,0,0,13,0,13,-1,13,-2,14,-3,13,-3,13,-4,13,-5,13,-5,12,-5,12,-5,12,-5,12,-5,11,-5,11,-5,11,-4,11,-3,11,-2,12,-2,12,-2,12,-2,12,-1,12,0,12,0,13,0,14,0,14]
[0;33mW (236202) TAG: AP channel is 0 (not ready). Skip this round.[0m
csi_data,[0,0,14,1,13,1,13,1,13,1,13,0,13,-1,12,-1,12,-1,12,-1,12,-2,11,-2,11,-3,12,-4,12,-4,12,-4,13,-4,12,-3,12,-3,13,-3,13,-2,13,-2,12,-1,12,-1,11,0,10,0,11,1,0,0,0,0,0,0,0,0,0,0,0,0,0,0,0,0,0,0,0,0,0,0,13,3,13,4,13,4,13,5,12,6,12,6,12,7,12,7,11,8,10,8,10,8,10,8,10,7,10,6,10,6,10,5,11,5,11,4,12,4,11,4,11,3,12,2,12,2,13,2,13,2,14,1]
[0;33mW (237202) TAG: AP channel is 0 (not ready). Skip this round.[0m
csi_data,[0,0,5,-13,5,-13,5,-13,5,-13,5,-13,4,-13,3,-13,2,-13,2,-12,1,-12,1,-13,1,-13,1,-13,0,-13,0,-13,0,-14,0,-14,0,-13,1,-13,1,-13,1,-12,2,-12,2,-12,3,-12,3,-11,4,-10,0,0,0,0,0,0,0,0,0,0,0,0,0,0,0,0,0,0,0,0,0,0,6,-13,7,-12,7,-12,8,-12,9,-11,10,-10,10,-10,10,-9,10,-9,10,-9,10,-9,10,-9,10,-9,9,-9,8,-9,8,-9,8,-9,7,-9,7,-10,6,-11,6,-11,6,-12,6,-12,6,-12,6,-12,5,-13]
[0;33mW (238202) TAG: AP channel is 0 (not ready). Skip this round.[0m
csi_data,[0,0,7,11,7,11,7,11,7,11,8,10,7,9,7,9,8,9,8,9,8,8,9,8,9,7,9,7,10,7,10,7,10,7,10,7,11,7,10,8,10,9,9,8,8,8,7,8,7,8,6,9,6,9,0,0,0,0,0,0,0,0,0,0,0,0,0,0,0,0,0,0,0,0,0,0,5,11,5,11,4,12,3,13,3,13,3,13,2,13,1,14,0,14,0,14,0,14,0,13,1,12,1,12,1,12,1,11,2,11,2,11,3,11,4,11,4,11,5,11,6,11,6,11,7,11,7,12]
[0;33mW (239202) TAG: AP channel is 0 (not ready). Skip this round.[0m
csi_data,[0,0,-14,-3,-14,-3,-14,-3,-14,-3,-14,-3,-14,-3,-13,-2,-13,-2,-13,-1,-13,0,-14,0,-14,1,-13,1,-13,2,-13,1,-14,1,-14,2,-14,1,-14,1,-14,0,-14,0,-14,0,-13,-1,-13,-1,-13,-2,-12,-3,0,0,0,0,0,0,0,0,0,0,0,0,0,0,0,0,0,0,0,0,0,0,-14,-6,-13,-6,-13,-7,-13,-8,-12,-9,-12,-9,-12,-10,-12,-10,-11,-10,-11,-11,-10,-10,-10,-10,-10,-9,-10,-9,-10,-9,-10,-8,-11,-8,-11,-7,-11,-6,-12,-6,-12,-5,-13,-5,-13,-5,-13,-5,-14,-5,-14,-5]
[0;33mW (240202) TAG: AP channel is 0 (not ready). Skip this round.[0m
csi_data,[0,0,1,13,0,13,1,13,2,12,2,12,2,12,2,11,2,11,3,11,4,11,4,11,3,10,4,10,5,11,5,11,6,11,5,12,5,12,4,11,4,11,4,11,3,11,3,11,3,10,2,10,1,10,0,0,0,0,0,0,0,0,0,0,0,0,0,0,0,0,0,0,0,0,0,0,-1,13,-2,13,-3,13,-4,13,-4,14,-5,13,-5,13,-6,12,-6,12,-7,11,-7,11,-7,11,-6,11,-5,11,-5,11,-4,11,-4,11,-4,11,-3,11,-2,11,-1,11,-1,11,-1,11,0,12,0,13,0,13]
[0;33mW (241202) TAG: AP channel is 0 (not ready). Skip this round.[0m
csi_data,[0,0,-6,13,-5,13,-5,13,-5,13,-4,13,-4,13,-4,12,-3,12,-2,11,-2,11,-1,11,-1,12,-1,12,-1,12,0,13,0,14,0,13,-1,13,-1,13,-1,13,-2,13,-2,12,-3,11,-3,11,-3,11,-3,11,0,0,0,0,0,0,0,0,0,0,0,0,0,0,0,0,0,0,0,0,0,0,-7,12,-7,12,-8,11,-9,11,-10,11,-11,10,-11,10,-11,10,-11,9,-11,8,-11,8,-11,8,-10,8,-10,8,-10,8,-9,9,-9,9,-8,9,-7,10,-7,10,-7,10,-7,10,-6,11,-6,12,-6,12,-6,12]
[0;33mW (242202) TAG: AP channel is 0 (not ready). Skip this round.[0m
csi_data,[0,0,13,-2,13,-3,13,-3,12,-3,13,-3,12,-3,12,-3,11,-4,11,-5,11,-5,11,-5,11,-5,11,-6,11,-6,11,-6,12,-7,12,-6,12,-5,12,-5,12,-5,11,-4,11,-4,11,-3,11,-2,11,-1,11,-1,0,0,0,0,0,0,0,0,0,0,0,0,0,0,0,0,0,0,0,0,0,0,14,-2,13,0,13,0,13,0,13,1,14,2,14,3,13,3,12,4,12,4,12,4,12,4,12,4,11,4,11,3,12,3,12,2,12,2,12,1,12,0,12,0,12,0,13,0,13,-1,13,-1,14,-1]
[0;33mW (243202) TAG: AP channel is 0 (not ready). Skip this round.[0m
csi_data,[0,0,-14,-5,-14,-5,-14,-4,-13,-4,-13,-3,-13,-3,-14,-2,-14,-2,-13,-1,-13,-1,-13,-1,-14,0,-14,0,-13,0,-13,1,-14,1,-14,0,-15,0,-14,0,-14,0,-13,-2,-12,-3,-12,-3,-12,-3,-12,-4,-11,-4,0,0,0,0,0,0,0,0,0,0,0,0,0,0,0,0,0,0,0,0,0,0,-13,-6,-13,-6,-13,-6,-12,-7,-12,-8,-12,-9,-12,-9,-11,-9,-10,-10,-10,-10,-10,-10,-10,-9,-10,-9,-9,-9,-9,-8,-10,-8,-10,-8,-11,-7,-11,-7,-12,-6,-12,-5,-12,-4,-13,-4,-13,-4,-13,-5,-14,-5]
[0;33mW (244202) TAG: AP channel is 0 (not ready). Skip this round.[0m
csi_data,[0,0,-13,6,-13,5,-13,5,-13,6,-13,6,-12,6,-12,6,-12,6,-12,7,-11,7,-10,7,-10,8,-11,8,-11,8,-11,8,-11,8,-11,8,-11,8,-11,8,-12,7,-12,6,-12,6,-11,5,-11,5,-11,4,-11,4,0,0,0,0,0,0,0,0,0,0,0,0,0,0,0,0,0,0,0,0,0,0,-12,4,-13,4,-14,2,-14,1,-15,1,-15,1,-15,0,-15,-1,-15,-1,-14,-1,-14,-1,-13,-2,-13,-1,-13,-1,-13,-1,-13,0,-13,0,-12,1,-12,2,-13,2,-13,3,-13,3,-13,4,-13,5,-12,5,-13,6]
[0;33mW (245202) TAG: AP channel is 0 (not ready). Skip this round.[0m
csi_data,[0,0,12,6,12,5,12,5,12,5,11,5,11,4,11,4,12,3,12,2,12,1,12,1,12,1,13,1,13,0,13,0,13,1,12,1,12,1,12,1,12,1,12,2,11,2,11,2,10,3,10,4,10,4,0,0,0,0,0,0,0,0,0,0,0,0,0,0,0,0,0,0,0,0,0,0,10,7,10,8,10,9,9,10,9,11,9,11,8,11,7,11,7,12,7,12,7,11,6,10,6,9,6,9,6,9,7,9,7,8,7,8,8,7,8,7,8,6,9,6,10,6,11,6,11,7,12,7]
[0;33mW (246202) TAG: AP channel is 0 (not ready). Skip this round.[0m
csi_data,[0,0,-14,-1,-14,0,-15,0,-15,0,-14,-1,-14,0,-14,1,-13,1,-13,1,-13,2,-13,2,-13,3,-13,3,-13,3,-13,3,-13,4,-13,4,-13,3,-14,2,-13,1,-13,0,-12,0,-12,0,-12,0,-11,-1,-11,-2,0,0,0,0,0,0,0,0,0,0,0,0,0,0,0,0,0,0,0,0,0,0,-14,-1,-14,-2,-14,-3,-15,-3,-15,-4,-15,-5,-14,-6,-13,-6,-13,-6,-12,-7,-12,-7,-12,-7,-12,-6,-12,-6,-11,-5,-12,-5,-12,-4,-12,-3,-13,-3,-13,-3,-13,-2,-13,-2,-13,-1,-14,-1,-14,-1,-14,0]
[0;33mW (247202) TAG: AP channel is 0 (not ready). Skip this round.[0m
csi_data,[0,0,-9,10,-9,10,-8,10,-8,10,-7,10,-6,10,-5,10,-5,11,-5,11,-3,10,-2,10,-2,11,-3,11,-2,10,-2,11,-2,12,-3,12,-3,12,-2,11,-2,11,-3,11,-3,10,-4,10,-4,9,-4,8,-4,8,0,0,0,0,0,0,0,0,0,0,0,0,0,0,0,0,0,0,0,0,0,0,-11,13,-12,11,-12,10,-13,10,-14,9,-15,8,-15,7,-15,6,-15,6,-15,5,-14,5,-13,5,-13,5,-12,5,-11,6,-11,6,-11,6,-11,7,-10,8,-10,8,-10,9,-10,10,-9,10,-9,10,-9,11,-9,11]
[0;33mW (248202) TAG: AP channel is 0 (not ready). Skip this round.[0m
csi_data,[0,0,-14,1,-14,1,-14,1,-13,1,-13,2,-12,2,-11,2,-11,2,-10,2,-9,2,-9,2,-9,2,-9,3,-8,3,-8,3,-8,3,-7,3,-7,2,-7,2,-6,1,-6,1,-6,1,-5,1,-5,1,-4,1,-4,1,0,0,0,0,0,0,0,0,0,0,0,0,0,0,0,0,0,0,0,0,0,0,-17,3,-17,2,-17,1,-17,0,-18,-1,-18,-2,-18,-2,-18,-3,-18,-4,-18,-4,-17,-4,-16,-4,-15,-4,-15,-4,-15,-3,-15,-3,-15,-2,-15,-2,-15,-1,-15,-1,-15,0,-15,0,-16,1,-15,1,-15,2,-15,2]
[0;33mW (249202) TAG: AP channel is 0 (not ready). Skip this round.[0m
csi_data,[0,0,-14,4,-14,3,-13,3,-12,3,-12,3,-11,3,-11,3,-10,4,-9,4,-9,4,-8,5,-8,5,-7,6,-7,5,-6,5,-7,6,-7,6,-6,5,-6,5,-7,5,-7,5,-6,4,-5,4,-5,4,-5,3,-6,3,0,0,0,0,0,0,0,0,0,0,0,0,0,0,0,0,0,0,0,0,0,0,-16,3,-17,2,-17,1,-18,1,-18,0,-18,-2,-19,-2,-19,-3,-19,-3,-19,-4,-18,-4,-18,-4,-17,-4,-17,-4,-17,-3,-16,-2,-16,-1,-16,0,-16,1,-16,1,-15,1,-14,1,-14,2,-14,2,-15,3,-16,3]
[0;33mW (250202) TAG: AP channel is 0 (not ready). Skip this round.[0m
csi_data,[0,0,10,-12,10,-13,9,-13,9,-13,8,-12,8,-12,8,-12,7,-12,6,-12,6,-12,6,-13,5,-13,5,-14,5,-14,5,-14,5,-14,5,-14,5,-14,5,-14,6,-14,7,-13,8,-12,8,-11,8,-11,8,-10,9,-9,0,0,0,0,0,0,0,0,0,0,0,0,0,0,0,0,0,0,0,0,0,0,5,-8,6,-8,6,-8,7,-8,7,-8,8,-8,8,-8,9,-7,9,-7,9,-7,9,-7,9,-7,9,-8,9,-8,9,-8,8,-8,8,-9,8,-9,8,-10,9,-10,9,-10,9,-11,8,-12,9,-13,9,-13,9,-12]
[0;33mW (251202) TAG: AP channel is 0 (not ready). Skip this round.[0m
csi_data,[0,0,-5,-8,-6,-9,-7,-9,-7,-10,-8,-10,-9,-10,-9,-10,-10,-9,-11,-9,-12,-9,-13,-9,-13,-8,-14,-8,-15,-8,-16,-8,-17,-9,-18,-9,-18,-10,-18,-10,-18,-11,-19,-12,-20,-13,-19,-13,-18,-14,-17,-15,-16,-17,0,0,0,0,0,0,0,0,0,0,0,0,0,0,0,0,0,0,0,0,0,0,5,2,5,3,5,3,5,3,5,2,5,2,4,2,4,2,4,2,3,1,3,1,4,0,4,0,4,-1,4,-2,3,-3,2,-3,2,-3,2,-3,0,-3,0,-4,0,-5,0,-5,-1,-5,-2,-5,-4,-6]
[0;33mW (252202) TAG: AP channel is 0 (not ready). Skip this round.[0m
csi_data,[0,0,10,-9,9,-10,9,-10,9,-11,10,-11,10,-11,9,-11,9,-11,9,-12,8,-12,7,-13,7,-13,8,-14,8,-14,8,-15,9,-15,9,-15,10,-15,11,-14,11,-12,12,-11,12,-10,12,-10,11,-9,11,-8,12,-6,0,0,0,0,0,0,0,0,0,0,0,0,0,0,0,0,0,0,0,0,0,0,11,0,11,0,11,0,10,1,9,2,9,3,10,4,10,4,10,4,9,3,9,3,9,2,10,2,9,2,9,1,9,0,8,0,9,-1,9,-3,10,-3,10,-5,10,-5,9,-5,9,-6,10,-8,10,-9]
[0;33mW (253202) TAG: AP channel is 0 (not ready). Skip this round.[0m
csi_data,[0,0,11,7,10,8,10,7,12,7,12,7,11,8,11,10,11,10,11,7,12,6,13,6,15,6,17,6,17,6,16,4,16,4,17,5,19,5,19,6,19,8,17,9,17,10,17,10,17,10,16,11,17,12,0,0,0,0,0,0,0,0,0,0,0,0,0,0,0,0,0,0,0,0,0,0,-7,5,-4,3,-3,1,-3,1,-2,1,0,3,1,2,0,1,0,3,2,4,2,4,3,6,3,7,3,6,2,5,2,6,2,6,3,7,5,7,5,7,5,9,5,10,7,9,8,9,7,9,9,10]
[0;33mW (254202) TAG: AP channel is 0 (not ready). Skip this round.[0m
csi_data,[0,0,9,-13,9,-13,9,-13,8,-12,7,-12,7,-12,6,-12,6,-12,5,-12,4,-12,4,-12,3,-12,3,-11,3,-11,3,-11,3,-11,3,-11,3,-11,3,-10,3,-10,3,-10,3,-9,3,-9,3,-8,3,-7,4,-7,0,0,0,0,0,0,0,0,0,0,0,0,0,0,0,0,0,0,0,0,0,0,6,-11,6,-11,7,-11,8,-11,9,-11,10,-11,11,-10,11,-10,11,-9,11,-9,11,-9,11,-9,11,-9,11,-9,11,-9,10,-9,10,-10,10,-10,9,-11,9,-11,9,-12,10,-12,9,-13,9,-13,9,-13,10,-13]
[0;33mW (255202) TAG: AP channel is 0 (not ready). Skip this round.[0m
csi_data,[0,0,-11,8,-11,8,-10,8,-10,8,-9,8,-9,8,-8,9,-8,9,-7,9,-6,9,-5,9,-5,9,-4,10,-4,10,-4,10,-3,11,-3,10,-4,11,-4,11,-4,11,-4,10,-4,10,-4,10,-5,9,-6,9,-6,9,0,0,0,0,0,0,0,0,0,0,0,0,0,0,0,0,0,0,0,0,0,0,-10,9,-11,9,-12,9,-13,8,-13,8,-14,7,-14,6,-15,6,-15,6,-15,5,-15,5,-15,5,-14,5,-13,5,-13,5,-13,5,-13,5,-13,6,-12,6,-12,7,-12,7,-12,8,-12,8,-12,9,-12,9,-12,9]
[0;33mW (256202) TAG: AP channel is 0 (not ready). Skip this round.[0m
csi_data,[0,0,12,8,12,7,12,7,11,6,11,6,10,5,10,5,10,4,10,3,10,3,9,3,8,2,8,2,9,1,9,1,9,1,8,1,8,0,7,0,7,0,7,1,6,1,6,0,6,0,5,0,5,0,0,0,0,0,0,0,0,0,0,0,0,0,0,0,0,0,0,0,0,0,0,0,13,4,12,4,13,6,13,7,13,8,13,8,13,9,13,10,12,11,11,11,11,11,10,11,10,11,10,11,10,10,11,10,11,9,11,9,11,9,11,8,12,8,13,8,13,8,13,8,12,8,12,8]
[0;33mW (257202) TAG: AP channel is 0 (not ready). Skip this round.[0m
csi_data,[0,0,16,-3,15,-3,15,-3,14,-3,14,-3,13,-4,13,-4,13,-4,13,-4,13,-4,13,-5,12,-5,12,-5,12,-5,13,-5,12,-6,12,-5,12,-5,12,-4,13,-4,13,-3,12,-3,11,-2,11,-1,10,0,9,0,0,0,0,0,0,0,0,0,0,0,0,0,0,0,0,0,0,0,0,0,0,0,9,-3,9,-2,10,-2,10,-1,11,-1,11,-1,11,0,12,1,12,1,12,1,12,2,12,2,12,1,12,1,12,1,12,1,12,0,12,-1,12,-1,13,-2,13,-2,14,-2,14,-2,14,-3,15,-3,15,-3]
[0;33mW (258202) TAG: AP channel is 0 (not ready). Skip this round.[0m
csi_data,[0,0,-15,-4,-15,-4,-15,-4,-14,-4,-14,-4,-13,-3,-12,-2,-12,-2,-12,-2,-12,-1,-11,-1,-11,-1,-10,-1,-11,-1,-10,-1,-9,-1,-9,-2,-9,-2,-9,-2,-9,-2,-8,-2,-7,-3,-6,-3,-6,-3,-5,-4,-5,-4,0,0,0,0,0,0,0,0,0,0,0,0,0,0,0,0,0,0,0,0,0,0,-13,-6,-13,-6,-13,-7,-13,-7,-13,-8,-13,-9,-14,-10,-13,-10,-12,-11,-12,-12,-12,-12,-12,-11,-12,-11,-11,-10,-11,-10,-11,-9,-12,-8,-13,-7,-13,-7,-14,-6,-14,-5,-14,-5,-14,-5,-14,-5,-14,-5,-14,-5]
[0;33mW (259202) TAG: AP channel is 0 (not ready). Skip this round.[0m
csi_data,[0,0,8,12,8,12,8,12,8,11,8,10,8,10,8,9,9,9,9,9,9,9,9,9,9,9,10,8,10,8,10,7,10,8,10,8,10,8,10,8,10,9,9,9,9,9,8,9,7,10,6,10,6,10,0,0,0,0,0,0,0,0,0,0,0,0,0,0,0,0,0,0,0,0,0,0,6,7,6,7,5,7,5,8,5,9,5,9,5,10,4,10,4,11,4,11,4,11,3,11,3,11,3,11,4,11,4,11,5,11,5,11,6,11,6,10,7,11,7,11,7,11,7,11,8,12,8,12]
[0;33mW (260202) TAG: AP channel is 0 (not ready). Skip this round.[0m
csi_data,[0,0,-15,0,-15,0,-16,1,-15,1,-14,1,-14,1,-13,2,-13,2,-13,3,-13,3,-13,3,-13,4,-13,4,-13,4,-13,5,-13,5,-14,4,-14,4,-14,3,-14,3,-14,2,-13,1,-13,1,-12,0,-13,-1,-13,-2,0,0,0,0,0,0,0,0,0,0,0,0,0,0,0,0,0,0,0,0,0,0,-11,2,-11,2,-12,1,-13,1,-13,0,-13,0,-13,-1,-13,-2,-14,-3,-14,-3,-13,-3,-13,-3,-13,-3,-13,-2,-13,-2,-13,-2,-12,-1,-12,-1,-13,-1,-13,-1,-14,0,-14,0,-15,0,-15,0,-14,1,-14,1]
[0;33mW (261202) TAG: AP channel is 0 (not ready). Skip this round.[0m
csi_data,[0,0,-15,-3,-15,-3,-15,-3,-14,-3,-14,-2,-13,-2,-13,-2,-13,-1,-13,-1,-13,0,-13,1,-13,0,-14,0,-14,2,-14,2,-14,1,-14,1,-14,1,-15,1,-15,0,-14,0,-13,-1,-13,-2,-13,-1,-12,-2,-12,-2,0,0,0,0,0,0,0,0,0,0,0,0,0,0,0,0,0,0,0,0,0,0,-11,-1,-11,-2,-10,-2,-10,-3,-10,-3,-11,-4,-11,-4,-12,-5,-12,-6,-12,-6,-12,-7,-11,-6,-11,-6,-10,-6,-10,-6,-11,-6,-11,-5,-12,-4,-13,-4,-12,-5,-13,-5,-14,-4,-14,-3,-14,-3,-15,-3,-15,-4]
[0;33mW (262202) TAG: AP channel is 0 (not ready). Skip this round.[0m
csi_data,[0,0,-2,-13,-1,-14,-2,-15,-2,-14,-1,-14,-1,-14,-2,-13,-4,-12,-4,-13,-4,-13,-4,-15,-4,-15,-4,-14,-5,-13,-4,-12,-4,-12,-5,-14,-5,-15,-6,-14,-6,-14,-4,-14,-4,-15,-4,-15,-4,-14,-4,-14,-3,-14,0,0,0,0,0,0,0,0,0,0,0,0,0,0,0,0,0,0,0,0,0,0,-1,-9,1,-8,2,-7,3,-8,2,-9,2,-9,3,-9,4,-8,5,-8,4,-9,4,-9,2,-8,3,-8,3,-9,3,-10,4,-10,3,-11,1,-11,1,-11,1,-10,0,-10,0,-11,-1,-11,-1,-11,1,-12,1,-13]
[0;33mW (263202) TAG: AP channel is 0 (not ready). Skip this round.[0m
csi_data,[0,0,5,15,5,14,6,13,5,12,5,12,6,12,6,12,7,11,6,11,7,11,7,11,7,10,7,10,7,10,8,11,8,11,8,11,7,11,7,12,7,12,6,12,6,12,5,12,4,12,3,12,3,11,0,0,0,0,0,0,0,0,0,0,0,0,0,0,0,0,0,0,0,0,0,0,5,7,4,8,4,9,3,9,3,10,4,10,4,10,3,11,2,11,1,12,1,12,2,12,2,12,2,12,2,12,2,12,3,11,3,11,3,12,3,13,3,12,3,12,4,13,5,14,5,14,6,13]
[0;33mW (264202) TAG: AP channel is 0 (not ready). Skip this round.[0m
csi_data,[0,0,-8,-14,-9,-15,-9,-14,-10,-14,-9,-14,-9,-12,-10,-12,-10,-13,-10,-13,-10,-12,-11,-12,-12,-12,-12,-11,-13,-11,-13,-11,-13,-12,-13,-13,-12,-13,-12,-13,-12,-13,-12,-14,-12,-14,-10,-15,-9,-14,-9,-13,-8,-13,0,0,0,0,0,0,0,0,0,0,0,0,0,0,0,0,0,0,0,0,0,0,-5,-7,-4,-8,-4,-9,-3,-9,-3,-9,-3,-10,-2,-9,-2,-9,-3,-10,-3,-11,-1,-11,-1,-10,-2,-10,-2,-11,-2,-12,-3,-11,-4,-10,-5,-10,-5,-10,-5,-10,-6,-11,-6,-12,-7,-13,-8,-14,-8,-14,-8,-13]
[0;33mW (265202) TAG: AP channel is 0 (not ready). Skip this round.[0m
csi_data,[0,0,-15,-4,-15,-4,-15,-4,-14,-3,-14,-4,-14,-4,-14,-3,-14,-3,-14,-2,-14,-2,-15,-1,-14,0,-14,0,-15,0,-15,0,-16,0,-16,0,-16,-1,-16,-1,-16,-2,-16,-2,-15,-3,-15,-4,-14,-4,-14,-4,-14,-5,0,0,0,0,0,0,0,0,0,0,0,0,0,0,0,0,0,0,0,0,0,0,-9,-2,-9,-2,-9,-3,-9,-4,-10,-4,-10,-4,-10,-4,-10,-5,-10,-6,-10,-6,-9,-6,-9,-6,-9,-6,-10,-6,-10,-6,-11,-6,-11,-6,-11,-5,-11,-5,-11,-5,-12,-5,-12,-5,-14,-4,-14,-3,-14,-4,-15,-4]
[0;33mW (266202) TAG: AP channel is 0 (not ready). Skip this round.[0m
csi_data,[0,0,-12,2,-12,2,-11,2,-11,3,-10,3,-9,4,-9,5,-10,6,-9,7,-9,7,-9,8,-8,8,-7,9,-7,11,-8,12,-8,12,-9,12,-10,12,-10,12,-9,11,-10,11,-11,11,-11,11,-12,11,-13,10,-14,9,0,0,0,0,0,0,0,0,0,0,0,0,0,0,0,0,0,0,0,0,0,0,-13,-1,-13,-2,-13,-4,-14,-5,-14,-6,-13,-6,-13,-6,-13,-7,-14,-8,-13,-8,-12,-7,-11,-7,-11,-7,-11,-7,-11,-6,-11,-5,-12,-5,-12,-5,-11,-5,-11,-3,-11,-3,-11,-3,-11,-3,-11,-2,-11,0,-11,2]
[0;33mW (267202) TAG: AP channel is 0 (not ready). Skip this round.[0m
csi_data,[0,0,-13,4,-13,3,-12,4,-11,4,-12,5,-12,5,-12,6,-12,6,-12,8,-13,8,-13,9,-13,9,-14,9,-13,9,-13,10,-13,10,-14,10,-14,10,-15,9,-15,9,-15,9,-16,10,-16,10,-17,10,-17,10,-17,11,0,0,0,0,0,0,0,0,0,0,0,0,0,0,0,0,0,0,0,0,0,0,1,1,0,2,0,2,-1,2,-2,2,-3,2,-3,2,-4,2,-5,2,-6,3,-6,3,-7,3,-8,3,-8,4,-8,4,-9,4,-9,5,-9,4,-10,5,-10,5,-11,6,-12,5,-13,4,-14,4,-15,3,-16,3]
[0;33mW (268202) TAG: AP channel is 0 (not ready). Skip this round.[0m
csi_data,[0,0,-11,11,-10,10,-10,10,-10,10,-10,10,-9,10,-8,10,-7,9,-7,9,-7,9,-6,9,-5,10,-4,10,-3,10,-3,10,-3,10,-3,10,-3,10,-4,9,-4,9,-4,9,-4,9,-4,8,-4,8,-4,8,-4,7,0,0,0,0,0,0,0,0,0,0,0,0,0,0,0,0,0,0,0,0,0,0,-6,9,-7,9,-8,9,-9,8,-9,9,-10,9,-11,9,-12,8,-13,8,-13,8,-13,7,-13,7,-13,7,-13,7,-13,7,-13,7,-12,8,-12,9,-12,9,-12,9,-12,10,-12,10,-12,10,-11,11,-11,11,-11,10]
[0;33mW (269202) TAG: AP channel is 0 (not ready). Skip this round.[0m
csi_data,[0,0,0,-16,0,-15,0,-15,0,-14,-1,-14,-1,-13,-1,-12,-2,-12,-2,-11,-2,-11,-3,-11,-4,-11,-4,-11,-4,-11,-4,-10,-5,-10,-4,-10,-4,-10,-4,-10,-4,-10,-3,-10,-3,-10,-3,-10,-3,-10,-2,-10,-1,-9,0,0,0,0,0,0,0,0,0,0,0,0,0,0,0,0,0,0,0,0,0,0,-3,-11,-3,-12,-3,-13,-2,-13,-1,-14,0,-14,1,-15,1,-15,2,-15,3,-15,3,-15,3,-15,3,-15,3,-15,3,-14,2,-14,2,-14,2,-15,2,-15,2,-15,1,-15,1,-15,0,-15,0,-15,1,-16,0,-15]
[0;33mW (270202) TAG: AP channel is 0 (not ready). Skip this round.[0m
csi_data,[0,0,-7,10,-7,10,-6,10,-5,11,-4,11,-4,10,-3,10,-3,10,-2,10,-1,10,-1,10,0,10,0,10,1,11,1,11,1,12,2,13,2,13,2,13,1,13,1,13,0,13,-1,13,-2,14,-3,14,-4,13,0,0,0,0,0,0,0,0,0,0,0,0,0,0,0,0,0,0,0,0,0,0,-6,10,-6,11,-6,11,-7,11,-7,10,-8,10,-9,11,-10,11,-11,10,-11,10,-11,9,-11,9,-11,9,-11,9,-11,9,-11,9,-10,9,-10,8,-10,9,-10,9,-10,10,-9,10,-9,10,-8,11,-8,11,-7,10]
[0;33mW (271202) TAG: AP channel is 0 (not ready). Skip this round.[0m
csi_data,[0,0,-1,13,-1,13,-1,13,0,13,0,12,0,12,1,12,1,12,2,12,3,12,3,12,4,12,5,12,5,13,5,13,5,13,5,13,5,13,4,14,4,14,3,14,2,14,2,14,1,13,0,14,-1,13,0,0,0,0,0,0,0,0,0,0,0,0,0,0,0,0,0,0,0,0,0,0,-3,8,-3,8,-3,9,-4,10,-5,10,-6,10,-6,10,-6,10,-7,9,-7,9,-8,9,-8,8,-7,8,-7,9,-6,9,-6,9,-5,9,-5,10,-5,10,-4,10,-3,10,-3,11,-3,11,-3,12,-3,12,-3,12]
[0;33mW (272202) TAG: AP channel is 0 (not ready). Skip this round.[0m
csi_data,[0,0,12,-7,12,-7,11,-8,11,-8,11,-8,10,-8,9,-9,8,-10,8,-10,8,-10,8,-10,8,-11,7,-12,7,-12,7,-13,8,-13,8,-13,8,-13,9,-13,9,-12,10,-12,10,-11,11,-10,11,-10,11,-9,11,-8,0,0,0,0,0,0,0,0,0,0,0,0,0,0,0,0,0,0,0,0,0,0,9,-4,9,-5,10,-5,10,-4,11,-4,11,-3,11,-2,12,-2,12,-1,12,-1,12,-1,12,-1,12,-1,12,-1,12,-1,11,-2,11,-2,11,-3,11,-4,11,-4,11,-4,11,-5,11,-6,11,-6,12,-7,12,-7]
[0;33mW (273202) TAG: AP channel is 0 (not ready). Skip this round.[0m
csi_data,[0,0,-13,3,-13,3,-13,3,-13,4,-13,4,-12,5,-12,5,-12,6,-12,7,-12,8,-11,8,-10,8,-10,9,-11,9,-12,9,-12,9,-12,10,-12,10,-13,9,-13,9,-13,8,-13,7,-13,6,-13,5,-13,5,-13,4,0,0,0,0,0,0,0,0,0,0,0,0,0,0,0,0,0,0,0,0,0,0,-9,2,-9,2,-10,1,-10,0,-11,0,-12,-1,-13,-2,-13,-2,-12,-3,-12,-3,-12,-4,-12,-4,-12,-3,-12,-3,-11,-3,-12,-3,-12,-2,-12,-1,-13,0,-13,0,-13,0,-13,1,-13,2,-14,2,-14,3,-14,3]
[0;33mW (274202) TAG: AP channel is 0 (not ready). Skip this round.[0m
csi_data,[0,0,-13,-6,-13,-6,-13,-6,-14,-6,-14,-6,-13,-5,-13,-5,-13,-4,-13,-3,-12,-3,-13,-2,-13,-2,-14,-1,-14,-1,-15,-1,-15,-1,-14,-1,-15,-1,-15,-1,-15,-2,-15,-3,-14,-4,-14,-5,-13,-5,-12,-5,-12,-5,0,0,0,0,0,0,0,0,0,0,0,0,0,0,0,0,0,0,0,0,0,0,-9,-6,-9,-7,-9,-7,-9,-7,-9,-9,-9,-10,-9,-10,-9,-10,-8,-10,-8,-11,-8,-11,-8,-10,-7,-10,-7,-9,-7,-9,-8,-9,-9,-9,-9,-9,-9,-9,-10,-9,-10,-8,-11,-7,-12,-8,-13,-8,-12,-8,-12,-7]
[0;33mW (275202) TAG: AP channel is 0 (not ready). Skip this round.[0m
csi_data,[0,0,2,-16,3,-17,4,-18,4,-18,4,-17,3,-17,2,-17,2,-17,2,-16,1,-16,1,-16,0,-16,0,-17,0,-17,0,-17,0,-17,1,-18,1,-18,2,-17,2,-17,3,-17,4,-17,4,-16,3,-14,4,-14,5,-13,0,0,0,0,0,0,0,0,0,0,0,0,0,0,0,0,0,0,0,0,0,0,3,-5,3,-5,4,-5,4,-5,5,-6,5,-6,5,-6,5,-6,5,-6,5,-6,4,-6,4,-7,4,-7,5,-8,5,-9,4,-9,3,-10,3,-10,3,-10,3,-11,2,-12,2,-13,2,-14,2,-14,2,-15,2,-15]
[0;33mW (276202) TAG: AP channel is 0 (not ready). Skip this round.[0m
csi_data,[0,0,-14,6,-14,6,-14,6,-13,6,-12,6,-12,7,-11,8,-10,8,-10,8,-9,8,-9,9,-9,9,-8,10,-8,10,-8,11,-8,11,-9,11,-9,11,-10,11,-10,10,-10,9,-12,9,-13,8,-13,7,-11,6,-12,5,0,0,0,0,0,0,0,0,0,0,0,0,0,0,0,0,0,0,0,0,0,0,-11,5,-11,3,-11,3,-12,2,-13,2,-13,2,-13,2,-13,1,-13,1,-14,0,-14,0,-14,0,-14,0,-13,0,-13,1,-12,1,-12,2,-12,2,-13,3,-13,4,-14,5,-14,6,-14,6,-13,6,-13,6,-13,6]
[0;33mW (277202) TAG: AP channel is 0 (not ready). Skip this round.[0m
csi_data,[0,0,14,-7,14,-7,14,-7,13,-7,13,-7,13,-7,12,-8,12,-8,11,-8,11,-8,11,-9,11,-9,11,-9,10,-9,11,-9,11,-9,11,-9,11,-9,12,-9,12,-8,12,-7,11,-6,12,-5,11,-5,11,-4,11,-3,0,0,0,0,0,0,0,0,0,0,0,0,0,0,0,0,0,0,0,0,0,0,9,-4,10,-4,10,-4,10,-3,11,-3,12,-3,12,-2,12,-2,12,-2,13,-1,13,-1,12,-1,12,-1,12,-1,12,-2,12,-2,12,-3,12,-4,12,-4,12,-5,12,-6,12,-6,13,-6,13,-6,14,-7,14,-7]
[0;33mW (278202) TAG: AP channel is 0 (not ready). Skip this round.[0m
csi_data,[0,0,-12,10,-12,10,-11,10,-11,10,-11,10,-10,10,-9,10,-9,10,-8,10,-8,10,-8,11,-7,11,-7,11,-7,11,-7,11,-7,11,-7,12,-7,11,-7,11,-8,10,-8,10,-9,9,-9,8,-9,8,-9,7,-9,7,0,0,0,0,0,0,0,0,0,0,0,0,0,0,0,0,0,0,0,0,0,0,-7,8,-7,8,-8,8,-9,7,-10,7,-10,7,-11,7,-11,7,-12,7,-12,6,-12,6,-12,6,-12,6,-12,6,-12,6,-11,6,-11,7,-11,7,-11,8,-11,8,-11,9,-11,9,-11,10,-11,10,-11,10,-12,10]
[0;33mW (279202) TAG: AP channel is 0 (not ready). Skip this round.[0m
csi_data,[0,0,-14,-3,-14,-3,-14,-2,-14,-2,-15,-3,-15,-3,-15,-2,-15,-2,-15,-2,-15,0,-15,2,-16,2,-16,2,-16,1,-17,1,-18,2,-19,2,-19,2,-19,2,-19,1,-19,0,-19,0,-19,-1,-19,-2,-18,-2,-18,-3,0,0,0,0,0,0,0,0,0,0,0,0,0,0,0,0,0,0,0,0,0,0,0,-11,2,-11,2,-10,2,-10,3,-10,3,-9,2,-8,2,-8,2,-8,1,-7,0,-7,-1,-7,-2,-7,-2,-6,-1,-6,-2,-6,-4,-6,-6,-5,-6,-5,-7,-5,-8,-5,-9,-4,-11,-3,-12,-3,-13,-4,-13,-5]
[0;33mW (280202) TAG: AP channel is 0 (not ready). Skip this round.[0m
csi_data,[0,0,-1,-15,-1,-15,-1,-15,-1,-14,-2,-14,-2,-14,-2,-13,-2,-13,-3,-12,-3,-12,-4,-12,-4,-11,-5,-12,-5,-12,-5,-11,-5,-12,-4,-12,-5,-12,-4,-12,-3,-11,-3,-11,-2,-11,-2,-10,-2,-10,-1,-10,0,-9,0,0,0,0,0,0,0,0,0,0,0,0,0,0,0,0,0,0,0,0,0,0,-2,-12,-1,-12,-1,-13,-1,-13,0,-13,1,-14,2,-14,2,-14,3,-14,3,-14,3,-14,3,-14,3,-13,3,-13,3,-13,2,-13,1,-13,1,-13,1,-14,1,-14,0,-14,0,-15,-1,-14,0,-15,-1,-15,-1,-15]
[0;33mW (281202) TAG: AP channel is 0 (not ready). Skip this round.[0m
csi_data,[0,0,-8,-11,-9,-11,-9,-11,-9,-11,-9,-10,-9,-10,-9,-9,-9,-9,-9,-8,-10,-8,-10,-7,-10,-7,-10,-7,-11,-7,-11,-7,-11,-7,-11,-7,-11,-7,-11,-7,-11,-7,-10,-8,-10,-8,-9,-8,-9,-8,-8,-8,-8,-8,0,0,0,0,0,0,0,0,0,0,0,0,0,0,0,0,0,0,0,0,0,0,-9,-10,-9,-11,-8,-12,-8,-13,-7,-13,-7,-14,-6,-14,-6,-14,-5,-14,-5,-15,-4,-14,-4,-14,-4,-14,-4,-14,-5,-13,-5,-13,-5,-13,-6,-12,-6,-12,-7,-12,-7,-12,-7,-12,-8,-12,-8,-12,-9,-12,-9,-12]
[0;33mW (282202) TAG: AP channel is 0 (not ready). Skip this round.[0m
csi_data,[0,0,13,5,13,4,12,4,13,4,12,4,12,3,12,2,11,2,11,1,11,1,11,1,11,0,11,0,11,0,11,-1,11,-1,11,0,11,0,11,1,10,1,10,1,9,2,9,2,8,2,8,3,7,3,0,0,0,0,0,0,0,0,0,0,0,0,0,0,0,0,0,0,0,0,0,0,13,3,12,3,12,5,12,5,13,6,12,7,12,7,12,8,12,8,11,9,11,9,11,9,10,8,10,8,10,7,11,7,11,7,11,6,11,6,12,6,12,5,12,5,13,5,13,5,13,5,14,5]
[0;33mW (283202) TAG: AP channel is 0 (not ready). Skip this round.[0m
csi_data,[0,0,-10,-12,-10,-12,-10,-11,-10,-11,-10,-11,-10,-10,-10,-9,-10,-9,-10,-9,-10,-8,-11,-8,-11,-7,-11,-7,-12,-8,-12,-7,-11,-7,-11,-8,-11,-8,-12,-8,-11,-9,-10,-9,-9,-9,-9,-9,-8,-9,-7,-9,-7,-9,0,0,0,0,0,0,0,0,0,0,0,0,0,0,0,0,0,0,0,0,0,0,-9,-8,-8,-9,-8,-10,-8,-10,-7,-11,-7,-12,-7,-13,-6,-12,-6,-13,-5,-13,-5,-13,-5,-12,-5,-13,-5,-12,-6,-12,-6,-12,-6,-12,-7,-11,-8,-12,-8,-12,-8,-11,-9,-11,-9,-11,-10,-11,-10,-11,-11,-12]
[0;33mW (284202) TAG: AP channel is 0 (not ready). Skip this round.[0m
csi_data,[0,0,6,12,5,11,5,11,6,10,6,9,6,9,7,9,8,8,8,8,9,7,9,6,10,6,11,6,11,6,12,6,12,6,13,6,13,6,13,7,12,8,12,8,12,9,11,10,11,10,10,10,9,11,0,0,0,0,0,0,0,0,0,0,0,0,0,0,0,0,0,0,0,0,0,0,5,12,4,13,3,13,2,13,2,14,1,14,0,15,0,15,-1,14,-1,14,-1,15,-1,14,-2,13,-1,13,-1,13,0,13,0,13,1,12,1,12,2,12,2,12,3,12,3,12,4,12,4,12,4,12]
[0;33mW (285202) TAG: AP channel is 0 (not ready). Skip this round.[0m
csi_data,[0,0,13,-5,14,-5,13,-5,13,-5,12,-6,12,-6,12,-6,12,-6,11,-7,11,-7,11,-8,11,-9,11,-9,10,-9,10,-9,10,-9,11,-9,11,-9,11,-8,11,-7,11,-7,11,-7,11,-6,11,-5,11,-4,10,-4,0,0,0,0,0,0,0,0,0,0,0,0,0,0,0,0,0,0,0,0,0,0,8,-5,8,-5,9,-5,10,-5,11,-4,11,-4,11,-3,12,-3,12,-3,12,-2,12,-1,13,-1,13,-1,12,-1,11,-1,12,-1,12,-2,12,-3,12,-3,12,-3,13,-4,13,-5,14,-5,13,-5,13,-5,13,-6]
[0;33mW (286202) TAG: AP channel is 0 (not ready). Skip this round.[0m
csi_data,[0,0,7,-14,7,-15,7,-15,7,-15,6,-16,6,-16,6,-16,5,-16,4,-16,3,-17,2,-17,1,-18,1,-19,2,-20,2,-20,2,-20,2,-21,2,-22,3,-22,4,-21,4,-20,4,-19,5,-19,6,-18,7,-17,7,-17,0,0,0,0,0,0,0,0,0,0,0,0,0,0,0,0,0,0,0,0,0,0,-2,0,-3,0,-2,-1,-2,-1,-2,-2,-1,-2,-1,-3,0,-3,1,-3,2,-4,2,-4,2,-4,3,-4,3,-5,3,-5,3,-6,4,-6,4,-7,4,-8,5,-9,5,-9,5,-10,5,-11,5,-11,5,-12,6,-13]
[0;33mW (287202) TAG: AP channel is 0 (not ready). Skip this round.[0m
csi_data,[0,0,-1,15,-1,14,-1,14,0,14,0,13,0,13,1,13,2,12,2,12,2,12,3,11,3,11,4,11,4,11,4,11,4,11,4,11,4,12,4,12,3,12,3,12,2,12,2,11,1,11,0,10,0,10,0,0,0,0,0,0,0,0,0,0,0,0,0,0,0,0,0,0,0,0,0,0,0,11,0,11,-1,12,-2,12,-3,12,-3,13,-4,13,-4,13,-5,13,-6,13,-6,13,-6,12,-6,12,-6,12,-5,12,-4,12,-4,12,-4,12,-3,13,-3,13,-2,14,-2,14,-2,14,-2,14,-2,14,-1,14]
[0;33mW (288202) TAG: AP channel is 0 (not ready). Skip this round.[0m
csi_data,[0,0,8,-11,8,-11,8,-11,7,-11,7,-10,6,-11,6,-11,5,-10,5,-10,4,-11,4,-11,3,-10,3,-10,3,-10,3,-11,3,-11,3,-10,3,-10,3,-10,3,-10,3,-9,3,-9,3,-8,4,-8,4,-7,4,-6,0,0,0,0,0,0,0,0,0,0,0,0,0,0,0,0,0,0,0,0,0,0,9,-12,9,-12,10,-11,11,-11,12,-11,12,-10,13,-9,13,-9,13,-8,13,-8,13,-7,13,-7,13,-7,12,-7,12,-7,11,-8,10,-8,10,-8,10,-9,10,-9,9,-10,9,-10,9,-10,9,-10,9,-11,9,-11]
[0;33mW (289202) TAG: AP channel is 0 (not ready). Skip this round.[0m
csi_data,[0,0,-4,13,-3,13,-3,13,-3,13,-3,13,-2,12,-2,12,-1,12,-1,12,0,11,0,11,1,11,1,12,1,12,1,12,1,12,1,12,0,12,0,12,-1,12,-1,12,-2,11,-2,11,-2,10,-3,10,-3,10,0,0,0,0,0,0,0,0,0,0,0,0,0,0,0,0,0,0,0,0,0,0,-4,12,-5,12,-6,12,-7,12,-8,12,-9,12,-9,11,-9,11,-9,11,-9,10,-9,10,-9,10,-9,10,-9,10,-8,10,-8,10,-7,10,-7,10,-6,10,-6,11,-5,11,-5,12,-5,12,-4,13,-4,13,-4,13]
[0;33mW (290202) TAG: AP channel is 0 (not ready). Skip this round.[0m
csi_data,[0,0,13,-6,13,-6,13,-6,13,-6,13,-6,12,-7,12,-7,11,-7,11,-8,11,-8,11,-8,10,-8,10,-9,10,-9,10,-9,10,-9,10,-9,10,-8,10,-8,11,-7,11,-6,11,-6,10,-5,10,-4,10,-3,10,-3,0,0,0,0,0,0,0,0,0,0,0,0,0,0,0,0,0,0,0,0,0,0,10,-4,10,-4,10,-3,11,-3,11,-3,12,-2,12,-2,12,-1,12,-1,12,0,12,0,12,0,12,-1,12,-1,12,-1,12,-2,12,-2,12,-3,12,-3,12,-4,12,-5,13,-5,13,-5,13,-5,13,-6,13,-6]
[0;33mW (291202) TAG: AP channel is 0 (not ready). Skip this round.[0m
csi_data,[0,0,7,-12,7,-12,7,-12,7,-12,7,-12,6,-12,5,-12,5,-12,4,-12,4,-12,4,-13,4,-13,3,-13,3,-13,3,-14,3,-14,4,-14,4,-14,4,-14,5,-13,5,-13,6,-12,6,-12,6,-11,7,-10,7,-10,0,0,0,0,0,0,0,0,0,0,0,0,0,0,0,0,0,0,0,0,0,0,4,-8,4,-8,5,-8,6,-8,6,-8,7,-8,7,-8,8,-8,8,-7,8,-7,9,-7,9,-7,9,-7,8,-8,8,-8,8,-8,8,-8,8,-9,7,-9,7,-10,7,-10,7,-11,7,-11,7,-11,8,-11,8,-12]
[0;33mW (292202) TAG: AP channel is 0 (not ready). Skip this round.[0m
csi_data,[0,0,-15,-4,-15,-4,-15,-4,-15,-4,-14,-4,-14,-3,-14,-3,-14,-2,-14,-2,-14,-1,-14,-1,-14,-1,-14,0,-14,0,-15,0,-15,0,-15,0,-15,-1,-15,-1,-15,-2,-14,-2,-14,-3,-13,-3,-13,-4,-12,-5,-12,-5,0,0,0,0,0,0,0,0,0,0,0,0,0,0,0,0,0,0,0,0,0,0,-11,-4,-11,-4,-11,-5,-11,-5,-11,-6,-11,-7,-11,-7,-11,-8,-11,-8,-11,-8,-10,-8,-10,-8,-10,-8,-10,-8,-10,-7,-11,-7,-11,-6,-11,-6,-12,-5,-12,-5,-13,-5,-13,-5,-14,-5,-14,-4,-14,-4,-15,-4]
[0;33mW (293202) TAG: AP channel is 0 (not ready). Skip this round.[0m
csi_data,[0,0,-11,9,-11,9,-11,9,-10,9,-10,10,-10,10,-9,10,-9,10,-8,10,-8,11,-7,11,-7,11,-7,11,-7,12,-7,12,-7,13,-8,12,-8,12,-8,12,-8,11,-9,11,-9,11,-9,10,-9,9,-10,8,-10,8,0,0,0,0,0,0,0,0,0,0,0,0,0,0,0,0,0,0,0,0,0,0,-12,5,-12,5,-13,4,-13,3,-13,2,-14,2,-14,2,-14,1,-14,1,-14,1,-13,2,-13,1,-13,2,-13,2,-12,2,-11,3,-11,3,-11,4,-11,5,-11,6,-11,6,-12,6,-12,7,-11,8,-11,8,-12,8]
[0;33mW (294202) TAG: AP channel is 0 (not ready). Skip this round.[0m
csi_data,[0,0,8,-12,7,-11,7,-11,8,-12,8,-12,7,-12,6,-12,5,-13,5,-14,3,-14,2,-14,2,-14,3,-16,3,-16,2,-17,2,-17,2,-17,4,-18,5,-18,5,-17,5,-18,6,-17,7,-15,7,-15,8,-16,9,-15,0,0,0,0,0,0,0,0,0,0,0,0,0,0,0,0,0,0,0,0,0,0,12,-2,11,-2,10,-1,10,-1,12,-1,13,-2,13,0,12,1,12,0,11,0,10,0,10,0,10,-1,10,-1,9,-2,9,-3,9,-3,9,-3,8,-3,8,-4,8,-5,8,-6,8,-7,8,-8,8,-9,8,-9]
[0;33mW (295202) TAG: AP channel is 0 (not ready). Skip this round.[0m
csi_data,[0,0,-11,4,-11,5,-12,5,-12,5,-12,6,-12,7,-12,7,-11,8,-11,9,-11,10,-11,11,-11,11,-11,12,-10,12,-11,13,-12,13,-13,13,-13,13,-14,12,-15,12,-16,11,-16,10,-17,9,-17,8,-17,7,-17,6,0,0,0,0,0,0,0,0,0,0,0,0,0,0,0,0,0,0,0,0,0,0,-7,-6,-7,-6,-7,-6,-7,-6,-7,-6,-7,-6,-7,-6,-6,-6,-6,-6,-6,-5,-6,-5,-6,-5,-7,-4,-7,-4,-7,-3,-7,-3,-8,-2,-8,-1,-8,0,-9,0,-9,1,-10,1,-10,2,-10,3,-10,3,-11,4]
[0;33mW (296202) TAG: AP channel is 0 (not ready). Skip this round.[0m
csi_data,[0,0,-12,3,-12,3,-13,4,-13,5,-12,5,-12,6,-12,8,-13,8,-13,9,-13,10,-12,10,-11,11,-12,11,-12,12,-13,13,-13,13,-14,13,-14,14,-14,14,-15,13,-15,12,-16,11,-16,10,-16,9,-16,8,-16,7,0,0,0,0,0,0,0,0,0,0,0,0,0,0,0,0,0,0,0,0,0,0,-3,-12,-3,-12,-2,-12,-2,-12,-1,-12,-1,-11,-1,-11,0,-10,0,-10,1,-9,0,-8,-1,-8,-1,-7,-1,-7,-3,-6,-4,-5,-4,-5,-5,-4,-6,-3,-6,-2,-6,-2,-7,-1,-8,0,-9,-1,-9,0,-10,1]
[0;33mW (297202) TAG: AP channel is 0 (not ready). Skip this round.[0m
csi_data,[0,0,11,10,11,10,11,10,11,9,11,9,10,9,10,8,10,8,11,7,11,7,11,6,11,6,11,6,11,5,12,5,12,5,12,5,11,6,11,6,11,6,11,7,10,7,9,7,9,7,8,7,8,8,0,0,0,0,0,0,0,0,0,0,0,0,0,0,0,0,0,0,0,0,0,0,7,5,7,6,7,6,7,7,7,7,7,8,7,9,7,9,6,9,6,10,6,10,6,10,6,10,6,10,7,10,7,9,8,9,8,9,8,9,8,9,9,9,10,9,10,9,11,9,11,10,11,10]
[0;33mW (298202) TAG: AP channel is 0 (not ready). Skip this round.[0m
csi_data,[0,0,-11,10,-10,9,-10,9,-10,9,-10,9,-9,10,-8,10,-8,10,-8,10,-7,10,-7,10,-6,10,-6,11,-7,11,-7,10,-7,10,-7,10,-7,10,-7,10,-7,10,-8,9,-8,9,-8,8,-8,8,-8,7,-8,6,0,0,0,0,0,0,0,0,0,0,0,0,0,0,0,0,0,0,0,0,0,0,-10,7,-10,7,-11,7,-12,6,-13,5,-13,5,-13,5,-13,5,-13,4,-13,4,-13,4,-13,4,-13,4,-12,4,-12,4,-12,4,-12,5,-12,5,-11,6,-11,7,-10,8,-10,8,-10,8,-11,9,-11,9,-11,9]
[0;33mW (299202) TAG: AP channel is 0 (not ready). Skip this round.[0m
csi_data,[0,0,11,11,11,11,11,11,11,11,11,11,11,10,12,10,12,9,12,9,13,9,14,9,14,8,14,8,15,7,15,7,16,8,16,8,16,9,16,9,15,10,15,10,14,11,13,11,12,12,12,12,11,13,0,0,0,0,0,0,0,0,0,0,0,0,0,0,0,0,0,0,0,0,0,0,2,2,2,3,2,4,3,4,3,5,3,5,3,5,3,6,3,6,3,7,3,7,3,7,4,7,4,7,4,8,5,8,5,8,6,8,6,8,7,8,8,9,8,9,9,9,9,10,10,10,10,11]
[0;33mW (300202) TAG: AP channel is 0 (not ready). Skip this round.[0m
csi_data,[0,0,11,11,11,11,11,11,11,10,11,10,11,10,11,10,11,9,12,8,12,8,12,8,12,8,12,8,13,8,13,7,14,7,13,8,13,8,13,9,12,9,11,10,10,10,9,11,8,10,7,11,7,11,0,0,0,0,0,0,0,0,0,0,0,0,0,0,0,0,0,0,0,0,0,0,5,7,5,7,4,8,5,8,4,9,4,9,4,9,4,10,4,10,3,10,4,11,3,11,3,10,4,10,4,10,5,10,5,10,6,9,6,9,7,10,8,9,9,10,9,10,10,10,10,10,10,10]
[0;33mW (301202) TAG: AP channel is 0 (not ready). Skip this round.[0m
csi_data,[0,0,10,-11,10,-11,9,-11,9,-11,9,-11,8,-11,8,-11,7,-12,6,-12,6,-12,6,-12,6,-12,5,-12,5,-13,6,-13,6,-13,6,-13,6,-13,7,-13,7,-12,7,-11,8,-11,8,-10,8,-9,9,-8,9,-8,0,0,0,0,0,0,0,0,0,0,0,0,0,0,0,0,0,0,0,0,0,0,7,-9,7,-9,7,-9,8,-9,9,-8,10,-8,10,-7,10,-7,11,-7,11,-6,11,-6,11,-6,11,-6,11,-6,11,-6,10,-7,10,-7,10,-8,10,-8,10,-9,9,-9,10,-10,10,-10,10,-11,10,-11,10,-11]
[0;33mW (302202) TAG: AP channel is 0 (not ready). Skip this round.[0m
csi_data,[0,0,-15,-3,-15,-3,-14,-3,-14,-3,-14,-3,-13,-2,-13,-2,-12,-1,-12,-1,-12,0,-12,0,-11,1,-11,1,-12,2,-11,2,-11,2,-11,2,-11,2,-11,1,-11,1,-11,1,-10,0,-10,0,-9,0,-9,0,-9,-1,0,0,0,0,0,0,0,0,0,0,0,0,0,0,0,0,0,0,0,0,0,0,-12,-1,-12,-2,-13,-2,-13,-3,-13,-4,-14,-5,-14,-5,-14,-6,-14,-6,-13,-7,-13,-8,-13,-8,-13,-7,-13,-7,-13,-7,-13,-6,-13,-6,-13,-5,-14,-5,-14,-4,-14,-4,-15,-4,-15,-4,-15,-4,-15,-4,-15,-4]
[0;33mW (303202) TAG: AP channel is 0 (not ready). Skip this round.[0m
csi_data,[0,0,-4,13,-4,13,-4,13,-4,14,-4,14,-3,14,-3,14,-2,13,-2,13,-2,13,-1,14,-1,14,0,15,0,15,0,15,0,15,0,16,-1,16,-1,16,-2,16,-2,16,-3,15,-4,15,-5,14,-5,13,-6,13,0,0,0,0,0,0,0,0,0,0,0,0,0,0,0,0,0,0,0,0,0,0,-3,3,-3,3,-4,3,-4,4,-4,4,-4,4,-5,4,-5,4,-5,4,-6,5,-6,5,-6,5,-6,5,-6,6,-6,6,-6,7,-5,7,-5,7,-5,8,-5,9,-5,9,-4,10,-4,11,-4,11,-4,12,-4,12]
[0;33mW (304202) TAG: AP channel is 0 (not ready). Skip this round.[0m
csi_data,[0,0,-9,-10,-9,-11,-9,-11,-9,-11,-10,-11,-10,-11,-10,-11,-11,-10,-12,-10,-12,-9,-13,-9,-14,-9,-14,-8,-15,-8,-15,-8,-16,-9,-16,-9,-17,-9,-17,-10,-16,-10,-16,-11,-15,-11,-15,-11,-14,-11,-13,-11,-13,-12,0,0,0,0,0,0,0,0,0,0,0,0,0,0,0,0,0,0,0,0,0,0,-2,2,-2,1,-3,1,-3,1,-3,0,-4,-1,-4,-1,-3,-2,-3,-2,-3,-3,-3,-3,-3,-4,-3,-4,-3,-4,-3,-5,-3,-5,-4,-6,-4,-6,-4,-6,-5,-7,-5,-7,-6,-8,-6,-8,-7,-9,-7,-9,-8,-9]
[0;33mW (305202) TAG: AP channel is 0 (not ready). Skip this round.[0m
csi_data,[0,0,-5,13,-5,14,-5,14,-5,14,-4,15,-4,15,-3,16,-2,16,-2,16,-1,16,-1,17,0,17,0,18,1,19,2,20,2,21,2,21,1,22,1,22,1,22,0,22,-1,22,-2,21,-3,21,-3,20,-4,20,0,0,0,0,0,0,0,0,0,0,0,0,0,0,0,0,0,0,0,0,0,0,5,0,4,0,4,1,4,1,3,2,3,2,2,2,2,3,1,3,0,4,-1,4,-1,4,-1,5,-2,5,-2,4,-2,5,-3,5,-3,6,-3,7,-3,8,-3,8,-4,9,-4,10,-5,11,-5,11,-4,12]
[0;33mW (306202) TAG: AP channel is 0 (not ready). Skip this round.[0m
csi_data,[0,0,10,12,10,12,10,12,10,12,10,12,11,12,11,11,12,11,12,10,13,10,13,9,14,9,14,9,15,9,16,9,16,9,17,10,17,10,17,10,16,11,16,11,15,12,14,12,14,12,13,13,12,13,0,0,0,0,0,0,0,0,0,0,0,0,0,0,0,0,0,0,0,0,0,0,3,-1,4,0,4,1,4,1,4,2,4,2,4,3,4,4,4,4,4,5,4,5,3,6,4,6,4,6,4,6,4,7,4,7,5,7,5,8,6,8,6,9,7,9,8,10,8,10,8,11,9,11]
[0;33mW (307202) TAG: AP channel is 0 (not ready). Skip this round.[0m
csi_data,[0,0,1,-16,0,-16,0,-16,0,-16,-1,-17,-1,-17,-2,-17,-2,-16,-3,-16,-4,-16,-4,-17,-4,-17,-5,-17,-6,-17,-6,-18,-6,-18,-6,-19,-6,-19,-6,-20,-5,-20,-4,-19,-3,-19,-2,-19,-2,-19,0,-18,0,-18,0,0,0,0,0,0,0,0,0,0,0,0,0,0,0,0,0,0,0,0,0,0,-1,-3,0,-3,0,-3,0,-4,0,-5,1,-5,1,-5,1,-6,1,-6,2,-6,2,-6,2,-7,3,-7,3,-7,2,-8,2,-8,2,-9,2,-9,1,-10,1,-11,1,-12,1,-12,1,-13,1,-13,1,-14,1,-15]
[0;33mW (308202) TAG: AP channel is 0 (not ready). Skip this round.[0m
csi_data,[0,0,12,-7,12,-7,12,-8,12,-8,11,-9,11,-9,11,-9,11,-10,10,-10,10,-11,11,-11,10,-11,10,-12,10,-13,10,-13,11,-14,11,-14,11,-14,12,-14,12,-13,12,-13,12,-12,13,-11,13,-10,13,-8,13,-8,0,0,0,0,0,0,0,0,0,0,0,0,0,0,0,0,0,0,0,0,0,0,1,-2,1,-2,2,-2,2,-2,3,-2,3,-2,4,-2,5,-2,5,-1,5,-1,5,-1,6,-1,6,-2,7,-2,7,-2,6,-2,7,-2,7,-3,9,-3,8,-4,8,-5,9,-5,9,-5,10,-6,11,-6,11,-7]
[0;33mW (309202) TAG: AP channel is 0 (not ready). Skip this round.[0m
csi_data,[0,0,7,11,8,12,7,11,8,12,8,11,9,11,9,11,10,10,10,10,11,10,11,9,12,9,12,9,13,9,14,9,14,9,14,10,14,10,14,10,13,11,13,11,12,12,11,12,10,12,9,12,8,13,0,0,0,0,0,0,0,0,0,0,0,0,0,0,0,0,0,0,0,0,0,0,1,1,1,2,1,2,1,2,1,3,1,3,1,4,2,4,1,5,1,5,1,6,1,6,1,6,1,6,1,6,2,7,2,7,3,8,3,8,4,8,4,9,5,9,6,10,6,10,6,10,7,11]
[0;33mW (310202) TAG: AP channel is 0 (not ready). Skip this round.[0m
csi_data,[0,0,14,-3,13,-3,14,-3,14,-3,14,-4,14,-4,14,-4,13,-5,14,-5,13,-6,14,-7,13,-7,13,-8,14,-9,14,-8,14,-9,15,-9,15,-9,15,-8,16,-7,16,-7,16,-6,16,-6,16,-5,15,-4,15,-3,0,0,0,0,0,0,0,0,0,0,0,0,0,0,0,0,0,0,0,0,0,0,2,-1,2,-1,2,-1,2,-1,3,0,4,0,4,0,5,0,5,1,5,1,5,1,6,1,6,1,6,0,7,0,7,1,8,0,8,0,8,0,9,-1,10,-1,11,-1,11,-2,12,-2,12,-2,13,-2]
[0;33mW (311202) TAG: AP channel is 0 (not ready). Skip this round.[0m
csi_data,[0,0,14,1,13,0,14,1,14,0,14,0,14,0,14,0,14,-1,14,-1,14,-3,15,-3,14,-4,15,-4,15,-4,16,-5,16,-5,16,-4,17,-4,17,-4,17,-3,17,-2,17,-1,16,-1,16,0,15,1,15,2,0,0,0,0,0,0,0,0,0,0,0,0,0,0,0,0,0,0,0,0,0,0,1,0,2,-1,2,0,3,0,3,0,4,0,4,1,5,1,5,1,5,1,5,2,5,2,5,2,6,2,6,2,7,2,7,2,8,2,8,1,9,2,9,1,10,1,11,1,12,0,12,1,13,1]
[0;33mW (312202) TAG: AP channel is 0 (not ready). Skip this round.[0m
csi_data,[0,0,-14,0,-15,0,-15,0,-15,0,-15,0,-15,1,-15,1,-15,2,-15,3,-15,3,-15,4,-15,4,-15,5,-16,5,-16,5,-17,5,-17,5,-18,5,-18,4,-17,3,-18,3,-17,2,-17,1,-17,1,-17,0,-16,-1,0,0,0,0,0,0,0,0,0,0,0,0,0,0,0,0,0,0,0,0,0,0,-3,0,-3,0,-3,-1,-4,0,-4,0,-5,-1,-5,-1,-5,-1,-6,-2,-6,-2,-7,-2,-7,-2,-7,-2,-7,-2,-8,-2,-8,-2,-9,-2,-8,-2,-10,-2,-10,-2,-11,-1,-11,-1,-12,-1,-13,0,-13,0,-14,0]
[0;33mW (313202) TAG: AP channel is 0 (not ready). Skip this round.[0m
csi_data,[0,0,-16,-7,-16,-7,-16,-7,-16,-7,-16,-7,-16,-6,-17,-6,-17,-5,-17,-5,-18,-4,-18,-4,-18,-3,-18,-3,-19,-3,-20,-2,-20,-2,-20,-3,-20,-3,-21,-4,-21,-4,-20,-5,-20,-6,-19,-7,-18,-7,-17,-8,-17,-9,0,0,0,0,0,0,0,0,0,0,0,0,0,0,0,0,0,0,0,0,0,0,-3,-1,-3,-2,-3,-2,-4,-2,-4,-3,-4,-3,-5,-4,-5,-4,-5,-5,-6,-5,-6,-6,-6,-6,-6,-6,-6,-6,-7,-6,-7,-6,-8,-7,-8,-7,-9,-7,-10,-7,-10,-6,-11,-7,-12,-7,-13,-7,-14,-7,-14,-7]
[0;33mW (314202) TAG: AP channel is 0 (not ready). Skip this round.[0m
csi_data,[0,0,13,4,13,4,13,4,13,3,14,3,14,3,14,2,14,2,14,1,14,0,14,0,14,-1,15,-1,15,-1,16,-1,17,-2,17,-1,17,-1,18,-1,17,0,17,1,16,1,16,2,16,2,15,3,15,4,0,0,0,0,0,0,0,0,0,0,0,0,0,0,0,0,0,0,0,0,0,0,1,0,2,0,2,1,2,1,2,1,3,1,3,2,3,2,4,3,4,3,4,4,4,4,5,4,5,4,5,4,6,4,6,4,7,4,7,4,8,4,8,4,9,4,10,4,10,4,11,4,12,4]
[0;33mW (315202) TAG: AP channel is 0 (not ready). Skip this round.[0m
csi_data,[0,0,12,11,12,11,12,11,12,11,13,11,13,11,13,10,13,10,14,9,15,9,15,8,16,8,16,7,17,7,18,7,18,8,18,8,18,9,18,10,17,10,17,11,16,11,15,11,14,12,13,12,12,13,0,0,0,0,0,0,0,0,0,0,0,0,0,0,0,0,0,0,0,0,0,0,2,1,2,1,2,2,2,2,2,3,3,3,3,4,3,4,3,5,3,5,3,6,3,6,3,6,4,7,4,7,4,7,5,7,5,7,6,7,7,8,7,8,8,8,9,9,10,9,10,10,11,10]
[0;33mW (316202) TAG: AP channel is 0 (not ready). Skip this round.[0m
csi_data,[0,0,3,13,3,13,3,14,3,13,4,14,4,14,4,14,5,13,6,13,6,12,7,13,8,13,8,13,9,14,8,14,9,14,8,14,9,15,8,16,7,15,7,16,6,16,5,15,4,15,3,15,3,15,0,0,0,0,0,0,0,0,0,0,0,0,0,0,0,0,0,0,0,0,0,0,0,2,0,2,0,3,0,3,0,3,0,4,0,4,0,5,-1,5,-1,5,-1,6,-1,6,-1,7,-1,6,-1,7,0,7,0,8,1,8,0,9,1,9,1,10,1,10,2,10,3,11,2,12,3,12]
[0;33mW (317202) TAG: AP channel is 0 (not ready). Skip this round.[0m
csi_data,[0,0,-11,-10,-12,-9,-12,-9,-12,-9,-12,-9,-12,-9,-13,-9,-13,-8,-13,-8,-14,-7,-14,-7,-15,-7,-15,-6,-16,-6,-16,-6,-16,-6,-17,-7,-17,-7,-17,-8,-16,-8,-16,-9,-15,-9,-14,-10,-14,-10,-13,-11,-12,-11,0,0,0,0,0,0,0,0,0,0,0,0,0,0,0,0,0,0,0,0,0,0,-3,-2,-3,-2,-3,-2,-3,-3,-3,-3,-4,-3,-4,-4,-4,-4,-4,-5,-4,-5,-4,-6,-4,-6,-4,-6,-4,-6,-5,-7,-5,-7,-6,-7,-6,-7,-7,-7,-7,-7,-8,-7,-8,-8,-9,-8,-10,-8,-10,-8,-10,-9]
[0;33mW (318202) TAG: AP channel is 0 (not ready). Skip this round.[0m
csi_data,[0,0,-8,14,-8,14,-8,14,-7,14,-7,14,-6,14,-6,14,-5,15,-5,15,-4,15,-4,15,-3,16,-3,16,-3,17,-3,17,-3,18,-3,18,-3,18,-4,18,-4,18,-5,18,-6,17,-6,16,-7,16,-8,15,-8,14,0,0,0,0,0,0,0,0,0,0,0,0,0,0,0,0,0,0,0,0,0,0,-2,2,-2,2,-3,3,-3,3,-3,3,-4,3,-4,4,-5,4,-5,4,-6,4,-6,4,-6,4,-7,5,-7,5,-7,5,-7,6,-6,6,-7,7,-7,8,-7,9,-7,9,-7,10,-7,11,-7,11,-7,12,-7,12]
[0;33mW (319202) TAG: AP channel is 0 (not ready). Skip this round.[0m
csi_data,[0,0,-8,12,-8,12,-8,12,-7,12,-7,13,-7,13,-7,13,-6,13,-6,13,-5,13,-5,14,-4,14,-4,14,-3,15,-3,15,-3,16,-4,16,-5,17,-5,16,-6,16,-7,15,-7,15,-7,14,-7,14,-8,13,-9,12,0,0,0,0,0,0,0,0,0,0,0,0,0,0,0,0,0,0,0,0,0,0,-2,2,-2,2,-2,2,-3,3,-4,3,-4,3,-4,3,-5,3,-5,4,-6,4,-6,4,-6,4,-6,4,-6,5,-7,5,-7,5,-6,6,-6,6,-7,7,-6,7,-7,8,-7,9,-7,9,-7,10,-7,11,-8,11]
[0;33mW (320202) TAG: AP channel is 0 (not ready). Skip this round.[0m
csi_data,[0,0,-15,2,-15,2,-15,2,-16,2,-15,3,-15,3,-15,4,-15,5,-15,5,-15,5,-15,5,-14,6,-15,7,-15,7,-15,8,-16,8,-17,8,-17,8,-17,8,-17,7,-17,6,-17,6,-17,5,-17,3,-17,2,-16,1,0,0,0,0,0,0,0,0,0,0,0,0,0,0,0,0,0,0,0,0,0,0,-4,0,-4,0,-5,0,-5,-1,-5,-1,-6,-1,-6,-1,-7,-2,-7,-2,-7,-2,-7,-3,-8,-3,-8,-3,-8,-2,-8,-2,-9,-2,-9,-2,-10,-1,-10,-1,-11,0,-11,0,-12,0,-12,1,-13,1,-14,1,-15,1]
[0;33mW (321202) TAG: AP channel is 0 (not ready). Skip this round.[0m
csi_data,[0,0,-11,10,-11,11,-11,11,-11,11,-11,12,-11,12,-10,12,-9,13,-9,13,-9,13,-8,14,-8,14,-8,15,-8,15,-8,16,-8,16,-8,16,-9,17,-9,17,-10,16,-10,16,-11,15,-11,14,-12,13,-12,12,-13,11,0,0,0,0,0,0,0,0,0,0,0,0,0,0,0,0,0,0,0,0,0,0,-3,2,-3,2,-4,2,-4,2,-5,2,-5,3,-5,3,-6,3,-7,3,-7,3,-7,3,-8,3,-8,3,-8,3,-8,4,-8,4,-8,4,-8,5,-9,6,-9,6,-9,7,-9,8,-10,8,-10,9,-10,9,-11,10]
[0;33mW (322202) TAG: AP channel is 0 (not ready). Skip this round.[0m
csi_data,[0,0,-14,6,-14,6,-14,6,-13,6,-14,7,-13,7,-13,8,-13,8,-13,8,-12,9,-12,9,-12,10,-12,10,-12,11,-12,11,-13,11,-13,11,-14,11,-14,11,-14,10,-15,10,-15,8,-15,8,-15,7,-15,6,-15,5,0,0,0,0,0,0,0,0,0,0,0,0,0,0,0,0,0,0,0,0,0,0,-3,1,-3,1,-4,2,-4,2,-5,1,-5,1,-6,1,-6,1,-7,1,-7,1,-8,0,-8,1,-7,1,-9,1,-8,1,-8,1,-9,2,-9,2,-9,3,-10,4,-11,4,-11,4,-11,5,-12,5,-12,5,-12,6]
[0;33mW (323202) TAG: AP channel is 0 (not ready). Skip this round.[0m
csi_data,[0,0,13,4,13,4,13,3,14,3,14,3,14,3,14,2,14,2,14,2,14,1,15,0,15,-1,15,-1,15,-1,16,-2,16,-1,16,-1,17,-1,17,0,17,1,17,1,16,2,15,2,15,3,14,4,14,4,0,0,0,0,0,0,0,0,0,0,0,0,0,0,0,0,0,0,0,0,0,0,3,0,3,0,3,1,3,1,3,1,4,2,5,2,5,3,5,3,5,3,6,4,6,3,5,4,6,4,6,4,7,4,7,4,7,4,8,3,9,4,9,3,10,4,11,3,11,3,12,4,12,4]
[0;33mW (324202) TAG: AP channel is 0 (not ready). Skip this round.[0m
csi_data,[0,0,12,6,12,6,12,6,12,6,12,6,12,5,13,5,13,4,13,4,13,3,14,3,14,2,15,2,15,2,15,2,16,2,16,3,16,3,16,4,16,4,15,5,15,5,14,6,14,6,13,7,13,8,0,0,0,0,0,0,0,0,0,0,0,0,0,0,0,0,0,0,0,0,0,0,2,1,2,1,3,1,3,2,3,2,3,3,3,3,4,4,4,4,4,4,4,4,4,5,4,5,5,5,5,5,5,5,6,5,6,5,7,5,7,5,8,5,9,5,9,5,10,6,10,6,11,6]
[0;33mW (325202) TAG: AP channel is 0 (not ready). Skip this round.[0m
csi_data,[0,0,-12,-7,-13,-7,-13,-7,-13,-7,-13,-7,-13,-6,-13,-6,-14,-5,-14,-5,-14,-5,-15,-4,-15,-4,-15,-3,-16,-3,-16,-3,-17,-4,-17,-4,-17,-4,-17,-5,-17,-5,-17,-6,-15,-6,-15,-7,-15,-7,-14,-8,-13,-8,0,0,0,0,0,0,0,0,0,0,0,0,0,0,0,0,0,0,0,0,0,0,-3,-1,-3,-2,-3,-3,-4,-3,-4,-3,-4,-3,-4,-4,-5,-4,-5,-5,-4,-5,-5,-5,-6,-6,-5,-6,-5,-6,-6,-5,-6,-6,-7,-6,-7,-6,-8,-6,-8,-6,-9,-6,-9,-6,-10,-6,-11,-6,-11,-6,-12,-7]
[0;33mW (326202) TAG: AP channel is 0 (not ready). Skip this round.[0m
csi_data,[0,0,9,10,9,9,9,10,10,9,11,9,10,9,10,9,11,8,11,8,11,7,12,7,13,6,13,7,14,6,14,6,15,6,14,7,15,7,15,7,14,8,14,9,13,9,12,9,11,9,11,10,10,11,0,0,0,0,0,0,0,0,0,0,0,0,0,0,0,0,0,0,0,0,0,0,2,2,1,2,1,2,2,2,2,3,2,4,2,4,2,4,2,5,2,5,2,6,2,6,2,6,3,6,3,6,3,6,4,7,4,6,5,7,5,7,6,7,7,8,7,8,8,8,8,9,9,10]
[0;33mW (327202) TAG: AP channel is 0 (not ready). Skip this round.[0m
csi_data,[0,0,-13,-8,-14,-8,-14,-9,-14,-9,-14,-8,-14,-8,-14,-8,-15,-7,-15,-7,-16,-6,-16,-5,-17,-5,-17,-4,-18,-4,-18,-5,-18,-5,-18,-5,-19,-5,-19,-6,-19,-7,-18,-7,-17,-8,-17,-8,-16,-9,-15,-9,-15,-10,0,0,0,0,0,0,0,0,0,0,0,0,0,0,0,0,0,0,0,0,0,0,-4,-2,-4,-2,-4,-3,-4,-3,-4,-4,-4,-4,-5,-5,-5,-5,-5,-6,-5,-6,-5,-6,-5,-6,-5,-6,-5,-7,-6,-7,-6,-7,-7,-7,-7,-7,-8,-7,-9,-7,-9,-8,-10,-8,-11,-8,-12,-8,-12,-8,-13,-8]
[0;33mW (328202) TAG: AP channel is 0 (not ready). Skip this round.[0m
csi_data,[0,0,-15,-1,-15,0,-15,0,-15,0,-15,0,-15,1,-15,1,-14,2,-15,2,-14,3,-15,4,-15,4,-15,4,-16,5,-16,5,-16,5,-16,5,-18,5,-18,4,-18,3,-18,3,-17,2,-16,1,-17,1,-16,0,-16,-1,0,0,0,0,0,0,0,0,0,0,0,0,0,0,0,0,0,0,0,0,0,0,-4,0,-3,0,-4,0,-5,0,-5,-1,-5,-1,-6,-1,-6,-2,-7,-2,-6,-2,-7,-3,-7,-3,-7,-2,-8,-2,-8,-2,-8,-2,-9,-2,-9,-2,-10,-2,-10,-1,-11,-1,-11,-1,-12,0,-13,0,-13,0,-14,-1]
[0;33mW (329202) TAG: AP channel is 0 (not ready). Skip this round.[0m
csi_data,[0,0,-9,-12,-9,-12,-9,-12,-10,-12,-10,-11,-10,-11,-10,-11,-11,-10,-11,-10,-11,-10,-12,-10,-12,-9,-13,-9,-14,-9,-14,-9,-14,-10,-14,-10,-14,-10,-14,-11,-13,-11,-13,-12,-12,-12,-12,-12,-11,-12,-10,-12,-9,-13,0,0,0,0,0,0,0,0,0,0,0,0,0,0,0,0,0,0,0,0,0,0,-2,-2,-3,-3,-3,-3,-3,-4,-3,-4,-3,-5,-3,-5,-3,-5,-3,-6,-3,-7,-2,-7,-3,-7,-3,-7,-3,-7,-3,-8,-3,-8,-4,-8,-4,-8,-4,-8,-5,-9,-6,-9,-6,-10,-7,-10,-7,-10,-8,-10,-8,-10]
[0;33mW (330202) TAG: AP channel is 0 (not ready). Skip this round.[0m
csi_data,[0,0,14,-2,14,-3,14,-3,15,-3,15,-3,14,-4,14,-4,14,-5,14,-5,14,-6,14,-7,14,-7,13,-7,14,-8,14,-9,15,-9,16,-8,16,-8,16,-8,16,-7,17,-7,16,-5,16,-4,16,-3,16,-2,15,-2,0,0,0,0,0,0,0,0,0,0,0,0,0,0,0,0,0,0,0,0,0,0,2,-1,3,-1,3,-1,4,-1,4,-1,5,0,5,0,5,0,6,1,6,1,6,1,6,1,7,1,7,1,7,1,8,1,8,0,8,0,9,0,9,-1,10,-1,11,-1,12,-1,12,-2,13,-2,13,-2]
[0;33mW (331202) TAG: AP channel is 0 (not ready). Skip this round.[0m
csi_data,[0,0,-14,-9,-14,-9,-14,-9,-14,-8,-14,-8,-15,-8,-15,-7,-15,-7,-15,-6,-16,-6,-16,-5,-17,-4,-17,-4,-18,-4,-18,-4,-18,-5,-19,-5,-19,-6,-19,-6,-19,-7,-18,-8,-17,-8,-17,-8,-16,-9,-15,-9,-15,-10,0,0,0,0,0,0,0,0,0,0,0,0,0,0,0,0,0,0,0,0,0,0,-4,-2,-4,-2,-4,-3,-4,-3,-4,-3,-5,-4,-5,-5,-5,-5,-5,-6,-5,-6,-5,-6,-6,-6,-6,-7,-6,-7,-6,-7,-7,-7,-7,-7,-8,-7,-8,-7,-9,-7,-10,-7,-10,-7,-11,-7,-12,-7,-12,-8,-13,-8]
[0;33mW (332202) TAG: AP channel is 0 (not ready). Skip this round.[0m
csi_data,[0,0,-13,9,-13,9,-13,9,-13,9,-13,9,-13,10,-12,10,-12,11,-11,11,-11,12,-11,12,-11,13,-11,13,-11,14,-11,14,-11,15,-12,15,-12,15,-13,15,-13,14,-13,14,-14,13,-14,12,-14,11,-14,10,-14,9,0,0,0,0,0,0,0,0,0,0,0,0,0,0,0,0,0,0,0,0,0,0,-3,2,-3,2,-4,2,-4,2,-5,2,-5,2,-6,2,-6,2,-7,2,-7,2,-8,2,-8,2,-8,2,-8,2,-9,2,-9,2,-9,3,-9,4,-10,4,-10,5,-10,5,-10,6,-11,7,-11,7,-12,7,-12,8]
[0;33mW (333202) TAG: AP channel is 0 (not ready). Skip this round.[0m
csi_data,[0,0,15,3,15,3,15,3,15,3,15,2,15,2,16,1,16,1,16,0,16,0,16,-1,16,-2,17,-2,17,-3,18,-3,18,-3,19,-3,19,-2,19,-2,19,-1,19,0,18,1,18,1,17,2,17,3,16,3,0,0,0,0,0,0,0,0,0,0,0,0,0,0,0,0,0,0,0,0,0,0,3,0,3,0,3,1,4,1,4,1,4,2,5,2,5,3,5,3,5,3,6,4,6,4,6,4,6,4,7,4,7,4,8,4,9,3,9,3,10,3,10,3,11,3,12,3,13,3,13,3,14,3]
[0;33mW (334202) TAG: AP channel is 0 (not ready). Skip this round.[0m
csi_data,[0,0,15,4,15,3,16,3,16,3,16,2,15,2,16,1,16,1,16,0,16,0,17,-1,17,-2,17,-2,18,-2,18,-3,18,-2,19,-2,19,-2,19,-1,19,-1,19,0,19,1,18,2,18,3,17,4,16,4,0,0,0,0,0,0,0,0,0,0,0,0,0,0,0,0,0,0,0,0,0,0,3,0,3,0,3,1,4,1,4,1,5,2,5,2,6,2,6,3,6,3,6,4,6,4,7,4,7,4,7,4,8,4,8,4,9,3,9,3,10,3,11,3,11,3,12,3,13,3,14,3,14,3]
[0;33mW (335202) TAG: AP channel is 0 (not ready). Skip this round.[0m
csi_data,[0,0,10,-10,10,-11,10,-11,11,-11,10,-12,9,-12,9,-12,8,-13,8,-13,8,-14,8,-14,7,-14,7,-15,6,-15,7,-16,7,-16,7,-16,7,-16,8,-16,8,-16,9,-16,9,-15,10,-15,10,-13,10,-12,11,-11,0,0,0,0,0,0,0,0,0,0,0,0,0,0,0,0,0,0,0,0,0,0,1,-3,2,-3,2,-3,3,-3,3,-3,4,-3,4,-3,5,-3,5,-3,6,-3,6,-3,6,-3,6,-3,7,-3,7,-4,7,-4,7,-4,7,-6,8,-6,8,-6,8,-7,8,-8,9,-8,9,-8,9,-9,10,-9]
[0;33mW (336202) TAG: AP channel is 0 (not ready). Skip this round.[0m
csi_data,[0,0,10,-9,10,-10,10,-10,10,-10,10,-10,10,-11,9,-11,9,-11,8,-12,8,-12,8,-13,7,-13,7,-14,7,-14,7,-15,7,-15,8,-15,8,-15,9,-16,9,-14,10,-14,10,-14,10,-13,10,-12,11,-11,11,-10,0,0,0,0,0,0,0,0,0,0,0,0,0,0,0,0,0,0,0,0,0,0,1,-3,2,-2,2,-2,2,-3,3,-3,3,-3,4,-3,4,-3,5,-3,5,-3,6,-2,6,-3,6,-3,6,-3,6,-3,6,-4,7,-4,7,-5,7,-5,7,-6,8,-6,8,-7,8,-7,9,-8,9,-9,10,-9]
[0;33mW (337202) TAG: AP channel is 0 (not ready). Skip this round.[0m
csi_data,[0,0,12,-9,12,-10,12,-10,12,-11,12,-11,11,-11,11,-11,11,-12,10,-12,10,-13,10,-14,10,-14,9,-15,9,-15,10,-16,10,-16,10,-16,11,-16,11,-16,12,-16,12,-15,13,-14,13,-14,13,-13,13,-11,14,-10,0,0,0,0,0,0,0,0,0,0,0,0,0,0,0,0,0,0,0,0,0,0,2,-2,3,-3,3,-3,3,-3,4,-3,5,-3,5,-2,5,-2,6,-3,7,-3,7,-2,7,-2,7,-3,8,-3,8,-3,8,-3,8,-4,8,-4,9,-5,9,-6,10,-6,10,-7,10,-8,11,-8,11,-8,11,-9]
[0;33mW (338202) TAG: AP channel is 0 (not ready). Skip this round.[0m
csi_data,[0,0,-14,4,-14,5,-14,5,-14,5,-14,5,-14,6,-14,6,-13,7,-14,7,-13,8,-14,8,-13,9,-12,9,-13,10,-13,10,-13,11,-14,11,-14,10,-15,10,-15,9,-16,9,-15,8,-16,7,-16,6,-15,5,-15,5,0,0,0,0,0,0,0,0,0,0,0,0,0,0,0,0,0,0,0,0,0,0,-3,1,-4,1,-4,1,-4,1,-5,1,-5,0,-6,0,-6,0,-7,0,-7,0,-7,0,-8,-1,-8,-1,-8,0,-8,0,-9,0,-10,0,-9,1,-10,1,-10,2,-11,2,-12,3,-12,3,-12,4,-13,4,-13,4]
[0;33mW (339202) TAG: AP channel is 0 (not ready). Skip this round.[0m
csi_data,[0,0,14,-1,14,-1,15,-1,15,-1,15,-2,15,-2,14,-2,14,-3,15,-3,14,-4,15,-4,15,-5,15,-5,15,-6,16,-6,16,-6,16,-6,17,-6,17,-6,17,-4,17,-4,17,-3,16,-2,16,-2,15,0,15,0,0,0,0,0,0,0,0,0,0,0,0,0,0,0,0,0,0,0,0,0,0,0,3,-1,3,-1,3,-1,4,0,4,0,5,1,5,1,6,1,6,2,6,2,6,2,7,2,7,2,7,2,7,2,8,1,8,2,9,1,9,1,10,1,10,0,11,0,12,0,12,0,13,0,14,-1]
[0;33mW (340202) TAG: AP channel is 0 (not ready). Skip this round.[0m
csi_data,[0,0,-4,-14,-5,-14,-5,-14,-6,-14,-5,-14,-6,-14,-6,-13,-6,-14,-7,-13,-8,-13,-8,-13,-9,-12,-9,-13,-10,-13,-11,-13,-11,-13,-10,-14,-10,-14,-10,-15,-9,-14,-9,-16,-8,-15,-7,-15,-6,-15,-6,-15,-5,-15,0,0,0,0,0,0,0,0,0,0,0,0,0,0,0,0,0,0,0,0,0,0,-2,-3,-1,-4,-1,-5,-1,-4,-1,-5,-1,-5,0,-6,-1,-6,0,-6,0,-7,0,-7,0,-7,0,-8,0,-8,0,-8,-1,-9,-1,-8,-1,-9,-1,-9,-2,-10,-2,-10,-3,-11,-3,-12,-3,-12,-4,-12,-4,-13]
[0;33mW (341202) TAG: AP channel is 0 (not ready). Skip this round.[0m
csi_data,[0,0,2,14,2,14,2,14,3,14,3,15,3,14,4,14,4,13,5,13,5,13,6,13,7,13,7,13,7,14,8,14,9,14,8,15,8,15,8,16,7,15,6,16,5,16,4,16,4,15,3,15,2,15,0,0,0,0,0,0,0,0,0,0,0,0,0,0,0,0,0,0,0,0,0,0,1,3,1,3,0,3,0,4,0,4,0,5,0,5,-1,6,-1,6,-1,6,-1,7,-1,7,-2,7,-2,7,-1,8,-1,8,-1,8,0,9,-1,10,0,10,1,10,1,11,1,11,1,12,1,13,2,13]
[0;33mW (342202) TAG: AP channel is 0 (not ready). Skip this round.[0m
csi_data,[0,0,-2,-15,-3,-15,-3,-15,-3,-15,-3,-15,-3,-15,-4,-15,-5,-15,-5,-15,-6,-14,-7,-15,-7,-14,-7,-15,-8,-15,-8,-15,-9,-16,-8,-16,-8,-16,-8,-17,-7,-16,-7,-17,-6,-17,-5,-17,-4,-17,-4,-16,-2,-16,0,0,0,0,0,0,0,0,0,0,0,0,0,0,0,0,0,0,0,0,0,0,-1,-3,-1,-4,-1,-4,-1,-5,0,-5,0,-6,0,-6,0,-6,1,-7,1,-7,1,-8,1,-8,2,-8,1,-8,1,-9,1,-8,0,-9,0,-9,0,-10,0,-11,-1,-11,-1,-12,-1,-12,-2,-13,-1,-14,-2,-14]
[0;33mW (343202) TAG: AP channel is 0 (not ready). Skip this round.[0m
csi_data,[0,0,-11,-10,-11,-10,-11,-10,-11,-10,-11,-10,-12,-9,-12,-9,-13,-8,-13,-8,-13,-7,-13,-7,-14,-7,-14,-7,-15,-7,-15,-7,-16,-7,-16,-7,-16,-8,-16,-8,-16,-9,-15,-9,-15,-10,-14,-10,-13,-10,-12,-11,-11,-11,0,0,0,0,0,0,0,0,0,0,0,0,0,0,0,0,0,0,0,0,0,0,-3,-2,-3,-2,-3,-3,-3,-3,-3,-4,-3,-4,-4,-5,-4,-5,-4,-6,-4,-6,-4,-7,-4,-7,-4,-7,-4,-7,-4,-7,-5,-7,-5,-8,-6,-8,-6,-8,-7,-8,-7,-8,-8,-8,-9,-9,-9,-9,-10,-9,-10,-9]
[0;33mW (344202) TAG: AP channel is 0 (not ready). Skip this round.[0m
csi_data,[0,0,-5,13,-5,13,-5,13,-5,13,-4,13,-4,13,-3,13,-3,13,-2,13,-2,14,-1,14,-1,14,-1,15,0,15,0,15,0,16,0,16,0,17,-1,17,-1,17,-2,16,-2,16,-3,15,-4,15,-5,14,-5,14,0,0,0,0,0,0,0,0,0,0,0,0,0,0,0,0,0,0,0,0,0,0,-1,2,-2,2,-2,3,-2,3,-2,3,-3,4,-3,4,-4,4,-4,4,-5,4,-5,5,-5,5,-5,5,-5,5,-5,5,-5,6,-5,6,-5,7,-5,8,-5,8,-5,9,-5,9,-5,10,-5,11,-5,11,-5,11]
[0;33mW (345202) TAG: AP channel is 0 (not ready). Skip this round.[0m
csi_data,[0,0,13,-6,13,-6,13,-6,13,-7,13,-7,13,-8,12,-8,12,-9,12,-9,12,-10,12,-10,11,-11,11,-11,12,-12,12,-13,12,-13,13,-13,13,-13,13,-13,14,-12,14,-11,14,-11,14,-10,14,-9,14,-8,14,-7,0,0,0,0,0,0,0,0,0,0,0,0,0,0,0,0,0,0,0,0,0,0,2,-2,2,-2,3,-2,3,-2,4,-2,4,-1,5,-1,5,-1,6,-1,6,-1,6,-1,7,-1,7,-1,7,-1,7,-1,8,-1,8,-1,9,-2,9,-3,9,-3,10,-4,10,-4,11,-4,11,-5,12,-5,12,-5]
[0;33mW (346202) TAG: AP channel is 0 (not ready). Skip this round.[0m
csi_data,[0,0,14,-1,14,-1,14,-1,14,-1,14,-2,14,-2,14,-3,14,-3,14,-4,13,-4,14,-5,14,-5,14,-6,15,-7,15,-7,15,-7,15,-7,16,-7,17,-6,16,-5,17,-5,16,-4,15,-3,16,-2,16,-1,15,-1,0,0,0,0,0,0,0,0,0,0,0,0,0,0,0,0,0,0,0,0,0,0,2,-1,3,-1,3,-1,4,0,4,-1,5,0,5,0,5,1,5,1,6,1,6,2,6,2,7,2,7,2,7,2,7,2,8,1,8,1,9,0,9,0,10,0,11,0,11,0,12,0,12,0,13,0]
[0;33mW (347202) TAG: AP channel is 0 (not ready). Skip this round.[0m
csi_data,[0,0,-13,-7,-13,-7,-13,-7,-13,-7,-13,-7,-14,-6,-14,-6,-14,-5,-14,-5,-15,-4,-15,-4,-15,-3,-16,-3,-16,-3,-16,-3,-17,-3,-17,-3,-17,-3,-18,-4,-18,-4,-17,-5,-17,-5,-16,-6,-15,-6,-15,-7,-14,-7,0,0,0,0,0,0,0,0,0,0,0,0,0,0,0,0,0,0,0,0,0,0,-3,-2,-3,-2,-3,-2,-4,-2,-4,-3,-4,-3,-5,-4,-5,-5,-5,-5,-5,-5,-5,-6,-5,-6,-5,-6,-5,-6,-6,-6,-6,-6,-7,-6,-7,-6,-8,-6,-8,-6,-9,-6,-10,-6,-10,-7,-11,-7,-11,-7,-11,-7]
[0;33mW (348202) TAG: AP channel is 0 (not ready). Skip this round.[0m
csi_data,[0,0,13,3,13,2,14,3,14,2,14,2,13,1,13,1,14,1,14,1,14,-1,14,-1,14,-1,14,-2,15,-3,16,-3,16,-3,16,-2,17,-2,17,-2,17,-1,17,0,16,1,16,1,15,2,15,2,15,3,0,0,0,0,0,0,0,0,0,0,0,0,0,0,0,0,0,0,0,0,0,0,2,-1,3,0,3,0,3,0,4,1,4,1,5,2,5,2,5,2,5,2,5,3,5,3,5,3,6,3,6,3,7,3,7,4,8,3,8,3,8,3,9,3,10,3,10,2,11,2,12,3,12,3]
[0;33mW (349202) TAG: AP channel is 0 (not ready). Skip this round.[0m
csi_data,[0,0,11,8,11,8,11,8,12,8,12,7,12,7,12,7,12,6,12,6,13,5,14,5,14,5,15,5,15,4,16,4,16,4,16,5,16,5,16,6,16,6,15,7,15,7,14,8,13,8,13,9,12,9,0,0,0,0,0,0,0,0,0,0,0,0,0,0,0,0,0,0,0,0,0,0,2,0,2,1,2,1,2,2,3,2,3,3,4,3,4,4,4,4,3,5,3,5,3,6,4,6,4,6,4,6,5,6,5,6,5,6,6,6,7,6,7,6,8,7,9,7,9,7,10,7,10,7]
[0;33mW (350202) TAG: AP channel is 0 (not ready). Skip this round.[0m
csi_data,[0,0,2,-14,2,-15,2,-15,2,-15,1,-15,1,-15,0,-15,0,-15,-1,-15,-1,-15,-1,-16,-2,-16,-3,-16,-3,-16,-3,-17,-3,-17,-3,-17,-3,-18,-2,-18,-1,-18,0,-18,0,-17,1,-17,1,-16,2,-16,3,-15,0,0,0,0,0,0,0,0,0,0,0,0,0,0,0,0,0,0,0,0,0,0,-1,-3,-1,-3,0,-4,0,-4,0,-5,0,-5,1,-6,1,-6,2,-6,2,-6,2,-7,3,-7,3,-7,3,-7,3,-7,2,-8,2,-8,2,-9,2,-10,3,-10,2,-11,2,-11,2,-12,2,-13,2,-13,2,-14]
[0;33mW (351202) TAG: AP channel is 0 (not ready). Skip this round.[0m
csi_data,[0,0,10,9,10,9,10,9,10,9,11,9,11,9,11,8,11,8,12,7,12,7,13,6,13,6,13,6,14,6,15,6,15,6,15,6,15,6,15,7,15,8,14,8,14,8,13,9,12,9,12,10,11,10,0,0,0,0,0,0,0,0,0,0,0,0,0,0,0,0,0,0,0,0,0,0,2,1,2,1,2,2,2,2,2,3,3,3,3,4,3,4,3,5,3,5,3,5,3,6,3,6,3,6,3,6,3,6,4,6,4,7,5,7,5,7,6,7,6,8,7,8,8,8,8,8,9,9]
[0;33mW (352202) TAG: AP channel is 0 (not ready). Skip this round.[0m
csi_data,[0,0,-14,-9,-14,-9,-15,-9,-15,-9,-15,-9,-15,-8,-15,-8,-16,-7,-16,-7,-17,-6,-17,-5,-18,-5,-18,-4,-19,-4,-19,-4,-20,-4,-20,-4,-20,-5,-20,-5,-20,-6,-20,-7,-19,-7,-18,-8,-18,-8,-17,-9,-16,-9,0,0,0,0,0,0,0,0,0,0,0,0,0,0,0,0,0,0,0,0,0,0,-3,-2,-4,-2,-4,-3,-4,-3,-5,-3,-5,-4,-5,-5,-5,-6,-5,-6,-5,-6,-5,-7,-5,-7,-5,-7,-5,-7,-6,-7,-7,-8,-7,-8,-8,-8,-8,-8,-9,-8,-10,-8,-11,-8,-11,-8,-12,-8,-13,-8,-13,-9]
[0;33mW (353202) TAG: AP channel is 0 (not ready). Skip this round.[0m
csi_data,[0,0,15,-2,15,-3,15,-3,15,-3,15,-4,15,-4,15,-4,15,-5,14,-5,14,-6,14,-7,14,-8,14,-8,15,-9,15,-9,16,-9,16,-9,17,-9,17,-8,17,-7,17,-7,17,-6,17,-6,16,-5,16,-3,16,-3,0,0,0,0,0,0,0,0,0,0,0,0,0,0,0,0,0,0,0,0,0,0,2,-2,3,-2,3,-2,4,-1,4,-1,5,-1,5,0,6,0,6,0,6,1,7,1,7,1,7,1,7,1,8,0,8,0,9,0,9,0,10,-1,10,-1,10,-1,11,-1,12,-2,13,-2,13,-2,14,-2]
[0;33mW (354202) TAG: AP channel is 0 (not ready). Skip this round.[0m
csi_data,[0,0,1,-15,1,-15,1,-15,0,-15,0,-15,0,-15,-1,-15,-2,-15,-2,-15,-3,-15,-4,-16,-4,-16,-5,-16,-5,-16,-6,-17,-6,-17,-6,-17,-6,-18,-5,-18,-5,-18,-4,-18,-3,-18,-3,-18,-2,-17,-1,-17,0,-17,0,0,0,0,0,0,0,0,0,0,0,0,0,0,0,0,0,0,0,0,0,0,-1,-3,-1,-3,0,-4,0,-5,0,-5,1,-5,1,-6,1,-6,2,-6,2,-6,3,-7,3,-7,3,-7,3,-7,3,-8,2,-8,2,-8,2,-9,2,-10,2,-10,2,-11,2,-11,1,-12,1,-13,1,-14,1,-14]
[0;33mW (355202) TAG: AP channel is 0 (not ready). Skip this round.[0m
csi_data,[0,0,-10,-13,-10,-13,-11,-14,-11,-14,-11,-13,-11,-13,-12,-13,-12,-12,-13,-12,-14,-11,-14,-11,-15,-11,-15,-10,-16,-10,-17,-10,-17,-11,-17,-11,-17,-12,-17,-12,-17,-13,-16,-14,-15,-14,-14,-14,-13,-14,-12,-14,-11,-15,0,0,0,0,0,0,0,0,0,0,0,0,0,0,0,0,0,0,0,0,0,0,-3,-2,-3,-3,-3,-4,-3,-4,-3,-5,-3,-5,-3,-6,-3,-6,-3,-7,-3,-7,-3,-8,-3,-8,-3,-8,-3,-9,-4,-9,-4,-9,-4,-9,-5,-10,-5,-10,-6,-11,-7,-11,-7,-11,-8,-11,-8,-12,-9,-13,-9,-13]
[0;33mW (356202) TAG: AP channel is 0 (not ready). Skip this round.[0m
csi_data,[0,0,-6,-13,-6,-13,-7,-13,-7,-13,-7,-13,-7,-13,-8,-13,-8,-13,-9,-13,-9,-12,-10,-12,-10,-12,-11,-12,-11,-13,-11,-12,-13,-13,-11,-13,-12,-13,-12,-14,-11,-14,-11,-15,-10,-15,-9,-14,-8,-15,-7,-14,-7,-15,0,0,0,0,0,0,0,0,0,0,0,0,0,0,0,0,0,0,0,0,0,0,-2,-2,-2,-3,-2,-3,-2,-4,-2,-4,-2,-5,-2,-5,-2,-6,-2,-6,-2,-6,-2,-7,-2,-7,-2,-8,-2,-8,-2,-8,-2,-8,-3,-9,-3,-9,-3,-9,-4,-10,-4,-10,-4,-11,-5,-11,-6,-11,-6,-12,-6,-13]
[0;33mW (357202) TAG: AP channel is 0 (not ready). Skip this round.[0m
csi_data,[0,0,9,10,9,9,10,10,10,9,10,9,10,9,10,9,11,8,12,7,12,7,13,7,13,6,14,6,14,6,15,6,16,6,15,7,16,7,15,7,14,9,14,9,14,9,12,10,12,10,12,10,11,11,0,0,0,0,0,0,0,0,0,0,0,0,0,0,0,0,0,0,0,0,0,0,2,1,2,1,2,1,2,2,2,2,3,3,3,4,3,4,3,5,2,5,3,5,3,6,3,6,3,6,3,6,4,6,4,7,4,6,5,7,5,7,6,8,7,8,7,8,8,9,8,9,9,9]
[0;33mW (358202) TAG: AP channel is 0 (not ready). Skip this round.[0m
csi_data,[0,0,9,-11,8,-12,9,-12,9,-12,8,-12,8,-12,8,-13,7,-13,7,-13,6,-14,6,-15,5,-15,5,-15,4,-16,5,-17,5,-17,5,-17,6,-17,7,-17,7,-17,8,-16,8,-16,8,-15,8,-14,9,-13,10,-13,0,0,0,0,0,0,0,0,0,0,0,0,0,0,0,0,0,0,0,0,0,0,1,-3,1,-3,1,-3,2,-4,2,-3,3,-3,3,-4,4,-4,4,-4,4,-4,5,-4,5,-4,6,-4,6,-4,6,-5,6,-5,6,-6,6,-6,6,-7,7,-7,7,-8,7,-9,7,-9,7,-10,8,-10,9,-11]
[0;33mW (359202) TAG: AP channel is 0 (not ready). Skip this round.[0m
csi_data,[0,0,9,-10,9,-10,10,-11,9,-10,9,-11,9,-11,9,-12,8,-12,8,-12,7,-13,7,-13,6,-14,6,-14,6,-15,6,-15,7,-16,7,-15,7,-16,8,-16,8,-15,9,-15,9,-14,9,-13,10,-13,10,-12,10,-11,0,0,0,0,0,0,0,0,0,0,0,0,0,0,0,0,0,0,0,0,0,0,1,-3,1,-3,2,-3,2,-4,2,-4,3,-3,4,-3,4,-3,4,-3,4,-3,5,-3,5,-4,6,-4,6,-4,6,-4,6,-4,7,-5,7,-5,7,-6,7,-6,7,-7,8,-8,8,-8,8,-9,9,-9,9,-9]
[0;33mW (360202) TAG: AP channel is 0 (not ready). Skip this round.[0m
csi_data,[0,0,-8,-12,-8,-12,-8,-12,-9,-12,-9,-12,-9,-12,-10,-11,-10,-11,-10,-11,-11,-10,-11,-10,-12,-10,-12,-10,-13,-10,-14,-10,-14,-11,-14,-11,-14,-12,-14,-12,-13,-12,-13,-12,-12,-13,-11,-13,-10,-13,-9,-13,-9,-14,0,0,0,0,0,0,0,0,0,0,0,0,0,0,0,0,0,0,0,0,0,0,-3,-2,-3,-2,-3,-3,-3,-4,-3,-4,-3,-5,-3,-5,-3,-5,-3,-6,-3,-6,-3,-7,-2,-7,-2,-7,-3,-7,-3,-8,-3,-8,-4,-8,-4,-8,-4,-9,-5,-9,-5,-9,-6,-10,-7,-10,-7,-10,-7,-11,-7,-11]
[0;33mW (361202) TAG: AP channel is 0 (not ready). Skip this round.[0m
csi_data,[0,0,-13,-6,-13,-6,-14,-6,-14,-6,-14,-6,-14,-5,-14,-5,-15,-4,-15,-4,-15,-3,-15,-2,-16,-2,-16,-1,-17,-1,-17,-1,-18,-1,-18,-1,-18,-2,-18,-2,-18,-3,-18,-3,-17,-4,-17,-5,-16,-5,-16,-6,-15,-6,0,0,0,0,0,0,0,0,0,0,0,0,0,0,0,0,0,0,0,0,0,0,-3,-1,-3,-1,-4,-1,-4,-2,-4,-2,-5,-3,-5,-3,-5,-4,-5,-4,-5,-4,-5,-5,-6,-5,-6,-5,-6,-5,-6,-5,-7,-5,-7,-6,-8,-5,-8,-5,-9,-5,-9,-5,-10,-6,-11,-6,-11,-5,-12,-6,-12,-6]
[0;33mW (362202) TAG: AP channel is 0 (not ready). Skip this round.[0m
csi_data,[0,0,-8,11,-8,12,-8,12,-8,12,-7,12,-7,12,-7,13,-6,13,-6,13,-5,13,-5,14,-4,14,-4,15,-3,15,-3,16,-4,16,-4,16,-4,16,-4,17,-5,16,-6,16,-6,16,-7,15,-7,14,-8,13,-8,13,0,0,0,0,0,0,0,0,0,0,0,0,0,0,0,0,0,0,0,0,0,0,-1,2,-2,3,-2,3,-2,3,-3,3,-3,3,-4,3,-4,3,-5,3,-5,4,-6,4,-6,4,-6,4,-6,4,-6,4,-6,5,-6,5,-6,6,-7,6,-7,7,-7,8,-7,8,-7,9,-7,9,-7,10,-8,10]
[0;33mW (363202) TAG: AP channel is 0 (not ready). Skip this round.[0m
csi_data,[0,0,14,-5,13,-5,13,-5,13,-6,13,-6,13,-6,13,-7,13,-7,13,-8,12,-8,13,-9,12,-9,12,-10,13,-10,13,-11,13,-11,14,-11,14,-11,15,-11,15,-10,16,-9,15,-8,15,-8,15,-7,14,-6,14,-5,0,0,0,0,0,0,0,0,0,0,0,0,0,0,0,0,0,0,0,0,0,0,2,-2,2,-2,2,-2,3,-2,3,-2,4,-1,5,-1,5,-1,6,-1,6,-1,6,0,6,0,6,0,6,-1,7,0,8,-1,8,-1,8,-1,9,-2,9,-2,10,-3,11,-3,11,-4,11,-4,12,-4,12,-5]
[0;33mW (364202) TAG: AP channel is 0 (not ready). Skip this round.[0m
csi_data,[0,0,-8,12,-8,12,-7,12,-7,12,-7,12,-7,13,-6,13,-6,13,-5,13,-4,13,-4,14,-4,14,-3,15,-3,16,-3,16,-3,16,-3,16,-4,17,-4,17,-5,17,-6,16,-6,16,-7,15,-7,14,-8,13,-8,13,0,0,0,0,0,0,0,0,0,0,0,0,0,0,0,0,0,0,0,0,0,0,-1,2,-1,2,-2,2,-2,3,-3,3,-3,3,-4,3,-4,3,-4,4,-5,4,-5,4,-5,4,-6,4,-6,4,-6,5,-6,5,-6,5,-7,6,-6,7,-6,7,-7,8,-7,9,-7,9,-6,10,-7,11,-7,11]
[0;33mW (365202) TAG: AP channel is 0 (not ready). Skip this round.[0m
csi_data,[0,0,3,13,3,13,3,13,4,13,4,13,4,13,5,13,5,13,6,13,7,13,7,12,8,12,8,12,9,13,9,13,9,14,9,14,9,14,9,15,8,15,8,15,7,15,6,15,5,15,4,15,3,15,0,0,0,0,0,0,0,0,0,0,0,0,0,0,0,0,0,0,0,0,0,0,1,1,1,2,0,2,0,3,0,3,0,4,0,4,0,5,-1,5,-1,6,-1,6,-1,6,-1,6,-1,7,-1,7,-1,7,0,8,0,8,0,9,1,9,1,10,1,10,2,11,2,11,3,12,3,12]
[0;33mW (366202) TAG: AP channel is 0 (not ready). Skip this round.[0m
csi_data,[0,0,5,13,5,12,6,13,6,12,6,13,6,12,7,12,8,12,8,12,8,11,9,11,10,11,10,11,11,11,11,11,12,12,11,12,12,13,11,13,11,14,10,14,9,14,8,13,8,14,6,14,5,14,0,0,0,0,0,0,0,0,0,0,0,0,0,0,0,0,0,0,0,0,0,0,1,2,2,2,1,2,1,3,1,3,1,4,1,5,2,5,1,5,1,6,0,6,0,6,0,7,0,7,1,7,1,7,1,8,1,8,2,9,2,9,3,9,4,10,4,10,4,11,5,11,5,11]
[0;33mW (367202) TAG: AP channel is 0 (not ready). Skip this round.[0m
csi_data,[0,0,9,10,9,10,9,9,9,9,9,9,9,9,10,9,10,8,11,8,11,7,12,7,12,7,12,6,13,6,13,6,14,6,14,7,14,7,14,8,14,8,14,9,13,9,12,9,12,9,11,10,10,10,0,0,0,0,0,0,0,0,0,0,0,0,0,0,0,0,0,0,0,0,0,0,4,1,4,1,4,2,4,2,4,3,4,4,4,4,4,4,4,5,4,6,3,6,3,6,3,6,3,6,4,7,4,7,4,7,4,7,5,7,5,7,6,7,7,8,7,8,8,9,8,9,9,9]
[0;33mW (368202) TAG: AP channel is 0 (not ready). Skip this round.[0m
csi_data,[0,0,13,4,13,4,13,4,13,3,13,3,13,3,13,2,13,2,13,1,13,1,14,0,14,0,14,-1,15,-2,15,-2,16,-1,16,-1,16,-1,16,-1,16,0,16,0,16,1,15,1,15,2,14,3,14,3,0,0,0,0,0,0,0,0,0,0,0,0,0,0,0,0,0,0,0,0,0,0,5,-2,5,-1,5,-1,5,0,6,0,6,1,6,1,6,2,6,2,6,3,6,3,6,4,6,4,7,4,7,4,7,4,7,4,8,4,8,4,9,4,9,4,10,3,11,3,11,4,12,4,12,4]
[0;33mW (369202) TAG: AP channel is 0 (not ready). Skip this round.[0m
csi_data,[0,0,9,-13,9,-13,9,-13,9,-14,9,-14,8,-14,7,-15,7,-15,6,-15,5,-16,5,-16,5,-16,4,-17,4,-18,3,-18,3,-19,4,-19,4,-19,4,-19,5,-19,5,-19,6,-19,6,-18,7,-17,8,-16,8,-16,0,0,0,0,0,0,0,0,0,0,0,0,0,0,0,0,0,0,0,0,0,0,-1,-6,0,-6,1,-7,1,-7,2,-7,2,-7,3,-7,3,-7,4,-7,5,-7,5,-6,6,-6,6,-7,6,-7,6,-7,6,-7,7,-7,7,-8,7,-9,7,-9,7,-10,7,-11,7,-11,8,-11,8,-12,9,-12]
[0;33mW (370202) TAG: AP channel is 0 (not ready). Skip this round.[0m
csi_data,[0,0,-13,-5,-13,-5,-14,-4,-14,-4,-14,-4,-14,-4,-14,-3,-14,-2,-14,-2,-15,-1,-15,-1,-15,0,-15,1,-16,1,-17,1,-17,1,-18,1,-18,1,-18,1,-18,0,-18,0,-18,-1,-17,-1,-17,-1,-17,-2,-16,-3,0,0,0,0,0,0,0,0,0,0,0,0,0,0,0,0,0,0,0,0,0,0,-3,3,-3,2,-4,2,-4,1,-5,1,-5,0,-6,0,-6,-1,-6,-1,-6,-2,-6,-2,-6,-3,-6,-3,-6,-3,-7,-3,-7,-3,-7,-3,-8,-4,-8,-4,-8,-4,-9,-4,-10,-4,-11,-4,-11,-4,-12,-5,-12,-5]
[0;33mW (371202) TAG: AP channel is 0 (not ready). Skip this round.[0m
csi_data,[0,0,12,8,12,8,13,8,13,7,14,7,14,7,14,6,14,6,15,5,15,4,15,3,16,2,17,2,17,2,18,2,19,2,19,2,19,2,20,3,19,3,19,4,18,4,18,5,17,5,17,6,16,6,0,0,0,0,0,0,0,0,0,0,0,0,0,0,0,0,0,0,0,0,0,0,4,-2,5,-1,5,-1,5,0,5,1,6,1,6,2,6,2,6,3,6,4,6,4,6,5,6,5,6,5,6,6,6,6,6,6,7,6,7,6,8,6,8,7,9,6,10,6,11,7,12,7,12,7]
[0;33mW (372202) TAG: AP channel is 0 (not ready). Skip this round.[0m
csi_data,[0,0,-11,8,-11,8,-11,9,-10,9,-10,9,-9,9,-9,10,-9,10,-9,11,-8,11,-8,12,-8,13,-7,13,-7,14,-7,14,-7,15,-7,15,-7,15,-8,15,-8,15,-9,15,-9,14,-9,14,-10,13,-10,12,-11,12,0,0,0,0,0,0,0,0,0,0,0,0,0,0,0,0,0,0,0,0,0,0,-1,3,-1,3,-1,4,-2,4,-3,4,-3,4,-4,4,-4,3,-5,3,-6,3,-6,3,-6,2,-6,3,-7,3,-7,3,-7,3,-7,3,-7,4,-8,4,-8,5,-8,5,-9,6,-9,6,-9,7,-10,7,-10,7]
[0;33mW (373202) TAG: AP channel is 0 (not ready). Skip this round.[0m
csi_data,[0,0,8,-12,8,-12,7,-12,7,-12,7,-13,7,-13,7,-13,6,-14,5,-14,5,-15,4,-15,3,-16,3,-16,3,-17,3,-17,3,-18,3,-18,4,-18,4,-18,4,-18,5,-18,6,-18,6,-17,6,-16,7,-16,7,-15,0,0,0,0,0,0,0,0,0,0,0,0,0,0,0,0,0,0,0,0,0,0,-2,-4,-1,-4,-1,-5,0,-5,1,-5,1,-5,2,-5,2,-6,3,-6,3,-6,4,-6,4,-6,4,-6,4,-6,5,-6,5,-6,5,-7,5,-7,5,-8,6,-8,6,-9,6,-9,6,-10,6,-10,6,-10,7,-11]
[0;33mW (374202) TAG: AP channel is 0 (not ready). Skip this round.[0m
csi_data,[0,0,3,-16,2,-16,2,-16,2,-16,2,-16,1,-16,1,-16,0,-16,-1,-17,-2,-17,-2,-17,-3,-17,-3,-17,-4,-18,-5,-18,-5,-19,-5,-20,-4,-20,-4,-20,-3,-20,-3,-20,-2,-20,-1,-19,0,-19,0,-19,1,-18,0,0,0,0,0,0,0,0,0,0,0,0,0,0,0,0,0,0,0,0,0,0,-3,-4,-2,-5,-2,-5,-1,-6,-1,-6,-1,-6,0,-7,1,-7,1,-7,2,-7,3,-8,3,-8,3,-8,3,-8,3,-8,3,-9,3,-9,3,-10,3,-10,3,-11,3,-12,2,-13,2,-13,2,-14,2,-14,2,-15]
[0;33mW (375202) TAG: AP channel is 0 (not ready). Skip this round.[0m
csi_data,[0,0,3,-16,3,-16,3,-16,3,-17,3,-17,2,-17,1,-17,1,-17,0,-17,-1,-17,-1,-17,-2,-17,-3,-18,-3,-18,-3,-19,-3,-19,-3,-20,-3,-20,-2,-21,-2,-21,-1,-20,0,-20,1,-19,1,-19,2,-19,3,-18,0,0,0,0,0,0,0,0,0,0,0,0,0,0,0,0,0,0,0,0,0,0,-2,-3,-2,-4,-1,-4,-1,-4,-1,-5,0,-5,1,-6,1,-6,2,-7,2,-7,2,-7,3,-7,3,-8,3,-8,3,-8,3,-9,3,-9,3,-10,3,-10,3,-11,3,-12,3,-12,3,-13,3,-14,3,-14,3,-15]
[0;33mW (376202) TAG: AP channel is 0 (not ready). Skip this round.[0m
csi_data,[0,0,3,13,3,13,3,13,3,13,4,13,4,13,5,13,5,13,6,13,7,12,7,12,7,12,8,12,9,12,9,13,10,13,10,13,10,14,9,14,9,14,8,15,7,15,6,15,6,15,5,14,4,14,0,0,0,0,0,0,0,0,0,0,0,0,0,0,0,0,0,0,0,0,0,0,2,1,2,1,2,2,1,3,1,3,1,4,1,4,1,5,0,5,0,6,0,6,0,6,0,7,0,7,0,7,0,7,0,8,1,8,1,9,1,9,1,10,2,10,2,11,2,12,2,12,3,12]
[0;33mW (377202) TAG: AP channel is 0 (not ready). Skip this round.[0m
csi_data,[0,0,3,14,3,14,3,14,4,14,4,14,4,13,5,13,5,13,6,12,7,12,7,12,8,12,8,12,9,12,9,13,9,13,9,14,10,14,10,14,9,15,8,15,7,15,7,15,6,14,5,14,4,15,0,0,0,0,0,0,0,0,0,0,0,0,0,0,0,0,0,0,0,0,0,0,1,1,1,2,1,2,1,3,1,4,1,4,1,5,1,5,0,6,0,6,0,6,0,7,0,7,0,7,0,8,0,8,0,8,0,8,1,9,1,9,1,10,2,11,2,11,2,12,3,12,3,13]
[0;33mW (378202) TAG: AP channel is 0 (not ready). Skip this round.[0m
csi_data,[0,0,3,13,3,13,4,13,4,13,4,13,5,13,5,13,6,12,6,12,7,12,7,12,8,12,9,12,9,12,10,12,10,13,10,13,10,13,10,14,9,14,8,14,8,14,7,14,6,14,5,14,5,14,0,0,0,0,0,0,0,0,0,0,0,0,0,0,0,0,0,0,0,0,0,0,2,1,2,2,2,2,2,3,1,4,2,4,1,5,1,5,1,6,0,6,0,6,0,7,0,7,0,7,0,7,0,8,1,8,1,8,1,9,2,9,2,10,2,10,3,11,3,11,3,12,3,12]
[0;33mW (379202) TAG: AP channel is 0 (not ready). Skip this round.[0m
csi_data,[0,0,-13,9,-13,9,-13,9,-13,9,-13,10,-13,10,-12,11,-12,11,-11,12,-11,12,-11,12,-10,13,-10,14,-10,14,-10,15,-10,16,-11,16,-11,16,-11,16,-12,15,-12,15,-13,14,-13,13,-13,12,-14,11,-14,11,0,0,0,0,0,0,0,0,0,0,0,0,0,0,0,0,0,0,0,0,0,0,-2,3,-2,3,-3,3,-3,3,-4,3,-5,3,-5,3,-6,3,-7,3,-7,3,-8,2,-8,2,-8,3,-9,3,-9,3,-9,3,-9,4,-10,4,-10,5,-10,6,-10,6,-11,7,-12,7,-12,7,-13,8,-13,8]
[0;33mW (380202) TAG: AP channel is 0 (not ready). Skip this round.[0m
csi_data,[0,0,-15,2,-15,2,-15,2,-15,2,-15,3,-14,3,-14,3,-14,4,-14,4,-14,5,-14,6,-14,6,-14,7,-14,7,-15,8,-15,8,-15,8,-16,8,-16,7,-16,7,-16,6,-16,6,-16,5,-16,4,-16,3,-16,2,0,0,0,0,0,0,0,0,0,0,0,0,0,0,0,0,0,0,0,0,0,0,-3,2,-3,1,-4,1,-4,1,-5,1,-5,1,-6,0,-6,0,-7,0,-7,-1,-8,-1,-8,-1,-8,-1,-8,-1,-8,-1,-9,-1,-9,-1,-10,-1,-10,0,-10,0,-11,1,-12,1,-12,1,-13,1,-13,1,-13,1]
[0;33mW (381202) TAG: AP channel is 0 (not ready). Skip this round.[0m
csi_data,[0,0,-8,11,-8,11,-8,12,-7,12,-7,12,-7,12,-6,12,-6,12,-5,12,-5,13,-4,13,-4,13,-3,14,-3,15,-3,15,-3,15,-3,16,-4,16,-4,16,-4,16,-5,15,-6,15,-6,14,-6,14,-7,13,-7,13,0,0,0,0,0,0,0,0,0,0,0,0,0,0,0,0,0,0,0,0,0,0,-1,2,-1,3,-1,3,-1,3,-2,4,-3,4,-3,4,-4,4,-4,4,-5,4,-5,4,-5,4,-6,5,-6,5,-6,5,-6,5,-6,6,-6,6,-6,7,-6,7,-7,8,-7,8,-7,9,-7,10,-7,10,-7,10]
[0;33mW (382202) TAG: AP channel is 0 (not ready). Skip this round.[0m
csi_data,[0,0,-1,14,-1,14,-1,14,0,14,0,15,0,14,0,14,1,14,2,14,3,14,4,14,4,14,4,14,5,15,5,15,6,16,6,16,5,16,5,17,4,17,3,17,3,17,2,17,1,16,0,16,0,15,0,0,0,0,0,0,0,0,0,0,0,0,0,0,0,0,0,0,0,0,0,0,1,2,1,3,1,3,1,4,0,4,0,5,-1,5,-1,5,-2,6,-2,6,-2,6,-3,7,-3,7,-3,7,-3,7,-3,8,-2,8,-2,9,-2,9,-2,10,-2,10,-2,11,-1,12,-1,12,-1,13,-1,13]
[0;33mW (383202) TAG: AP channel is 0 (not ready). Skip this round.[0m
csi_data,[0,0,-8,13,-8,13,-8,13,-7,13,-7,13,-6,13,-6,13,-5,13,-5,13,-4,14,-3,14,-3,15,-3,15,-3,16,-2,16,-2,17,-3,17,-3,17,-3,17,-4,17,-5,17,-5,16,-6,16,-6,15,-7,15,-7,14,0,0,0,0,0,0,0,0,0,0,0,0,0,0,0,0,0,0,0,0,0,0,0,2,-1,3,-1,3,-1,3,-2,4,-2,4,-3,4,-3,4,-4,4,-4,4,-5,5,-5,5,-5,5,-6,6,-6,6,-6,6,-6,6,-6,7,-6,7,-6,8,-6,8,-7,9,-7,10,-7,11,-7,11,-7,11]
[0;33mW (384202) TAG: AP channel is 0 (not ready). Skip this round.[0m
csi_data,[0,0,-5,15,-6,15,-6,15,-5,15,-5,15,-4,15,-3,15,-3,16,-2,15,-2,15,-1,16,0,16,0,17,1,17,1,17,1,18,1,19,1,19,0,19,0,19,-1,19,-2,18,-2,18,-3,17,-4,17,-5,17,0,0,0,0,0,0,0,0,0,0,0,0,0,0,0,0,0,0,0,0,0,0,0,3,0,3,0,4,-1,4,-2,5,-2,5,-2,5,-3,5,-4,6,-4,6,-5,6,-5,6,-5,6,-5,7,-6,7,-6,7,-6,8,-6,8,-6,9,-6,10,-5,10,-5,11,-6,12,-6,13,-6,13,-5,13]
[0;33mW (385202) TAG: AP channel is 0 (not ready). Skip this round.[0m
csi_data,[0,0,10,8,10,8,10,8,11,8,11,7,11,7,11,6,12,6,12,5,12,5,13,4,13,4,14,4,14,3,15,3,15,3,15,4,16,4,16,4,15,5,15,5,15,6,14,6,13,6,13,7,12,8,0,0,0,0,0,0,0,0,0,0,0,0,0,0,0,0,0,0,0,0,0,0,2,0,2,0,3,1,3,1,3,2,3,2,3,3,3,3,3,4,3,4,4,5,4,5,4,5,4,5,4,5,5,6,5,6,5,6,6,6,7,6,7,7,8,7,8,7,9,7,9,7,10,8]
[0;33mW (386202) TAG: AP channel is 0 (not ready). Skip this round.[0m
csi_data,[0,0,8,-12,8,-12,8,-12,8,-12,7,-12,7,-12,6,-13,6,-13,5,-13,5,-13,5,-14,4,-14,4,-15,4,-15,4,-16,4,-16,4,-16,4,-17,5,-17,5,-16,6,-16,7,-15,7,-15,7,-14,8,-13,8,-13,0,0,0,0,0,0,0,0,0,0,0,0,0,0,0,0,0,0,0,0,0,0,-1,-3,0,-3,0,-4,1,-4,1,-5,2,-5,2,-5,3,-5,3,-5,4,-5,4,-5,4,-5,5,-5,5,-5,5,-6,5,-6,5,-6,5,-7,6,-7,6,-8,6,-8,6,-9,7,-10,7,-10,7,-11,7,-11]
[0;33mW (387202) TAG: AP channel is 0 (not ready). Skip this round.[0m
csi_data,[0,0,-12,10,-12,11,-12,11,-12,11,-11,11,-11,12,-10,12,-10,12,-9,13,-9,13,-8,14,-8,14,-8,15,-8,15,-8,16,-8,16,-8,16,-9,16,-9,16,-9,16,-10,15,-11,15,-11,14,-12,13,-12,12,-12,12,0,0,0,0,0,0,0,0,0,0,0,0,0,0,0,0,0,0,0,0,0,0,-1,3,-2,3,-2,3,-3,4,-3,4,-4,4,-4,4,-5,4,-6,4,-7,4,-7,4,-7,4,-8,4,-8,4,-8,4,-8,5,-8,5,-8,5,-9,6,-9,7,-9,8,-10,8,-10,8,-11,9,-11,9,-11,10]
[0;33mW (388202) TAG: AP channel is 0 (not ready). Skip this round.[0m
csi_data,[0,0,-3,-14,-3,-14,-4,-15,-4,-15,-4,-14,-5,-14,-5,-14,-6,-14,-6,-14,-7,-14,-7,-14,-8,-13,-9,-14,-9,-14,-10,-14,-10,-14,-10,-15,-10,-15,-9,-15,-9,-16,-8,-16,-7,-16,-7,-16,-6,-16,-5,-16,-4,-16,0,0,0,0,0,0,0,0,0,0,0,0,0,0,0,0,0,0,0,0,0,0,-3,-3,-3,-3,-3,-3,-2,-4,-2,-5,-2,-5,-2,-6,-2,-6,-1,-7,-1,-7,-1,-7,-1,-8,-1,-8,-1,-9,0,-9,-1,-9,-1,-9,-1,-10,-2,-10,-2,-11,-2,-12,-3,-12,-3,-12,-3,-13,-3,-13,-3,-13]
[0;33mW (389202) TAG: AP channel is 0 (not ready). Skip this round.[0m
csi_data,[0,0,-13,5,-13,5,-13,6,-13,6,-13,6,-13,6,-13,7,-12,7,-12,8,-12,8,-12,9,-11,9,-11,10,-11,10,-11,11,-12,11,-12,11,-13,11,-13,11,-13,10,-14,10,-14,9,-14,8,-14,7,-14,6,-14,6,0,0,0,0,0,0,0,0,0,0,0,0,0,0,0,0,0,0,0,0,0,0,-2,2,-2,2,-3,2,-3,2,-4,2,-5,2,-5,2,-6,2,-6,2,-7,2,-7,1,-7,1,-8,1,-8,1,-8,1,-9,2,-9,2,-9,2,-9,2,-10,3,-10,4,-11,4,-11,4,-12,5,-12,5,-12,5]
[0;33mW (390202) TAG: AP channel is 0 (not ready). Skip this round.[0m
csi_data,[0,0,-8,11,-8,11,-8,11,-8,11,-7,12,-7,12,-7,12,-6,12,-5,13,-5,13,-4,13,-4,13,-3,14,-3,14,-3,15,-3,15,-4,16,-4,16,-4,16,-5,16,-6,15,-6,15,-6,14,-7,13,-7,13,-8,12,0,0,0,0,0,0,0,0,0,0,0,0,0,0,0,0,0,0,0,0,0,0,-1,2,-1,2,-2,3,-2,3,-2,3,-3,4,-4,4,-4,4,-5,4,-5,4,-5,4,-5,4,-6,4,-6,4,-6,5,-6,5,-6,5,-6,6,-6,7,-7,7,-7,8,-7,8,-7,9,-7,9,-7,10,-7,10]
[0;33mW (391202) TAG: AP channel is 0 (not ready). Skip this round.[0m
csi_data,[0,0,3,-14,3,-14,3,-14,2,-14,2,-14,2,-14,1,-14,1,-14,0,-15,-1,-15,-1,-15,-2,-15,-2,-16,-2,-16,-3,-16,-3,-17,-2,-17,-2,-17,-2,-17,-1,-17,0,-17,0,-17,1,-17,2,-16,2,-16,3,-15,0,0,0,0,0,0,0,0,0,0,0,0,0,0,0,0,0,0,0,0,0,0,-1,-3,-1,-3,-1,-4,-1,-5,0,-5,0,-5,1,-6,1,-6,2,-6,2,-7,2,-7,3,-7,3,-7,3,-7,3,-8,3,-8,3,-8,3,-9,3,-9,3,-10,3,-11,3,-11,3,-12,3,-12,3,-13,3,-13]
[0;33mW (392202) TAG: AP channel is 0 (not ready). Skip this round.[0m
csi_data,[0,0,-8,13,-8,13,-8,14,-8,14,-8,14,-7,14,-7,14,-6,15,-5,15,-5,15,-4,16,-3,16,-3,16,-3,17,-2,17,-2,18,-3,18,-3,19,-3,19,-4,19,-4,18,-5,18,-6,17,-7,16,-7,16,-8,15,0,0,0,0,0,0,0,0,0,0,0,0,0,0,0,0,0,0,0,0,0,0,-1,3,-1,3,-2,3,-2,4,-2,4,-3,4,-3,4,-4,5,-5,5,-5,5,-6,5,-6,5,-6,5,-7,5,-7,6,-7,6,-7,7,-7,7,-7,8,-7,9,-7,10,-7,10,-7,11,-8,11,-8,12,-8,12]
[0;33mW (393202) TAG: AP channel is 0 (not ready). Skip this round.[0m
csi_data,[0,0,3,13,4,14,4,14,4,13,4,13,5,13,5,13,6,13,6,13,7,12,8,12,8,12,9,12,10,12,10,12,10,13,10,13,10,14,10,14,9,14,8,15,8,14,7,14,6,14,5,14,5,14,0,0,0,0,0,0,0,0,0,0,0,0,0,0,0,0,0,0,0,0,0,0,1,1,1,2,2,3,1,3,1,4,1,4,1,5,1,5,0,6,0,6,0,7,0,7,0,7,0,7,0,8,0,8,0,8,1,9,1,9,1,10,2,10,2,11,2,11,3,12,3,12,3,13]
[0;33mW (394202) TAG: AP channel is 0 (not ready). Skip this round.[0m
csi_data,[0,0,14,0,14,0,13,0,14,0,14,-1,14,-1,14,-2,14,-2,14,-3,14,-4,14,-4,14,-5,14,-6,14,-6,15,-6,15,-6,15,-6,16,-6,16,-6,16,-4,16,-4,16,-3,16,-3,15,-2,15,-1,15,-1,0,0,0,0,0,0,0,0,0,0,0,0,0,0,0,0,0,0,0,0,0,0,2,-1,3,-1,3,-1,3,-1,4,-1,5,0,5,0,5,0,6,1,6,1,7,1,7,1,7,1,7,2,8,1,8,2,8,1,9,1,9,1,10,1,10,0,11,0,11,0,12,0,13,0,13,0]
[0;33mW (395202) TAG: AP channel is 0 (not ready). Skip this round.[0m
csi_data,[0,0,-14,-4,-14,-4,-14,-4,-14,-4,-15,-4,-15,-3,-15,-3,-15,-2,-15,-2,-15,-1,-16,0,-16,0,-16,1,-16,1,-17,1,-17,1,-18,0,-18,0,-18,0,-18,-1,-18,-2,-18,-2,-17,-3,-17,-3,-16,-4,-15,-5,0,0,0,0,0,0,0,0,0,0,0,0,0,0,0,0,0,0,0,0,0,0,-3,0,-3,-1,-4,-1,-4,-1,-4,-2,-5,-2,-5,-2,-5,-3,-5,-3,-6,-4,-6,-4,-6,-4,-6,-4,-7,-4,-7,-4,-7,-4,-8,-4,-8,-4,-9,-4,-10,-4,-10,-4,-11,-4,-12,-4,-12,-4,-13,-4,-13,-4]
[0;33mW (396202) TAG: AP channel is 0 (not ready). Skip this round.[0m
csi_data,[0,0,0,-16,0,-16,0,-16,0,-17,-1,-16,-1,-16,-2,-16,-3,-16,-3,-16,-4,-16,-4,-16,-5,-16,-6,-16,-6,-17,-7,-17,-7,-18,-7,-18,-7,-18,-7,-18,-6,-18,-6,-19,-5,-18,-4,-18,-3,-18,-2,-18,-1,-17,0,0,0,0,0,0,0,0,0,0,0,0,0,0,0,0,0,0,0,0,0,0,-2,-3,-2,-4,-2,-4,-1,-5,-1,-5,-1,-6,0,-6,0,-7,1,-7,1,-7,2,-8,2,-8,2,-8,2,-8,2,-9,2,-9,2,-10,2,-10,1,-11,1,-11,1,-12,1,-13,1,-13,1,-14,1,-15,1,-15]
[0;33mW (397202) TAG: AP channel is 0 (not ready). Skip this round.[0m
csi_data,[0,0,-2,-14,-2,-15,-2,-15,-3,-15,-3,-15,-3,-15,-4,-15,-4,-14,-5,-14,-6,-14,-6,-14,-7,-14,-8,-14,-8,-15,-8,-15,-9,-15,-8,-15,-8,-16,-8,-16,-8,-16,-7,-16,-6,-16,-6,-16,-5,-16,-4,-16,-3,-16,0,0,0,0,0,0,0,0,0,0,0,0,0,0,0,0,0,0,0,0,0,0,-3,-2,-3,-3,-2,-4,-2,-4,-2,-5,-2,-5,-1,-6,-1,-6,-1,-7,0,-7,0,-7,0,-8,0,-8,0,-8,0,-9,0,-9,0,-9,0,-10,0,-10,-1,-11,-1,-11,-1,-11,-2,-12,-2,-13,-2,-13,-2,-14]
[0;33mW (398202) TAG: AP channel is 0 (not ready). Skip this round.[0m
csi_data,[0,0,2,-15,2,-15,3,-16,3,-16,2,-16,2,-17,1,-17,0,-17,-1,-17,-2,-18,-2,-18,-3,-18,-4,-19,-4,-19,-5,-20,-5,-21,-5,-22,-5,-22,-5,-22,-4,-22,-3,-22,-3,-22,-2,-22,-1,-22,0,-21,0,-21,0,0,0,0,0,0,0,0,0,0,0,0,0,0,0,0,0,0,0,0,0,0,-3,1,-3,1,-2,0,-2,-1,-2,-1,-2,-2,-1,-2,-1,-2,0,-3,0,-3,0,-4,1,-4,1,-4,2,-5,2,-5,2,-6,2,-6,2,-7,2,-8,2,-8,3,-9,3,-10,3,-11,3,-12,3,-13,3,-13]
[0;33mW (399202) TAG: AP channel is 0 (not ready). Skip this round.[0m
csi_data,[0,0,15,1,15,0,15,0,16,0,16,-1,16,-2,16,-3,16,-4,16,-4,16,-5,16,-5,17,-6,17,-7,18,-8,18,-9,18,-9,19,-9,20,-9,20,-10,21,-10,21,-9,21,-7,21,-6,21,-5,21,-4,20,-3,0,0,0,0,0,0,0,0,0,0,0,0,0,0,0,0,0,0,0,0,0,0,-1,-3,-1,-3,-1,-3,-1,-3,0,-2,1,-2,2,-2,2,-1,2,-1,3,0,4,0,4,1,4,1,4,1,5,1,5,2,6,1,7,1,7,1,8,1,9,1,10,1,11,1,12,1,13,1,14,1]
[0;33mW (400202) TAG: AP channel is 0 (not ready). Skip this round.[0m
csi_data,[0,0,6,-11,7,-11,7,-11,7,-12,7,-12,6,-12,6,-12,5,-13,5,-14,4,-14,4,-15,3,-15,3,-16,3,-16,3,-17,3,-18,3,-18,3,-18,4,-18,4,-18,5,-18,5,-18,6,-18,6,-17,7,-17,7,-16,0,0,0,0,0,0,0,0,0,0,0,0,0,0,0,0,0,0,0,0,0,0,-2,0,-2,0,-2,-1,-2,-1,-1,-2,-1,-2,-1,-2,0,-2,1,-2,1,-3,1,-3,2,-3,2,-3,3,-3,3,-3,3,-4,4,-4,4,-5,4,-5,5,-6,5,-7,5,-7,5,-8,6,-9,6,-9,6,-10]
[0;33mW (401202) TAG: AP channel is 0 (not ready). Skip this round.[0m
csi_data,[0,0,-14,4,-15,4,-14,4,-14,4,-14,5,-15,5,-14,6,-14,6,-14,7,-13,7,-14,8,-13,8,-13,9,-13,9,-13,10,-14,10,-15,10,-14,10,-15,10,-15,9,-15,9,-15,8,-16,7,-15,6,-15,5,-15,4,0,0,0,0,0,0,0,0,0,0,0,0,0,0,0,0,0,0,0,0,0,0,-3,1,-3,1,-4,1,-5,0,-5,1,-6,0,-6,0,-7,0,-7,0,-7,0,-8,-1,-8,-1,-8,-1,-8,0,-8,-1,-9,0,-10,0,-10,1,-10,1,-10,2,-11,2,-12,2,-12,3,-13,3,-13,3,-14,4]
[0;33mW (402202) TAG: AP channel is 0 (not ready). Skip this round.[0m
csi_data,[0,0,15,-2,15,-2,15,-2,15,-2,15,-3,15,-3,15,-4,15,-4,15,-5,15,-5,15,-6,15,-6,15,-7,15,-8,16,-8,16,-8,17,-8,17,-8,17,-7,18,-7,18,-6,17,-5,17,-4,17,-3,17,-2,16,-1,0,0,0,0,0,0,0,0,0,0,0,0,0,0,0,0,0,0,0,0,0,0,3,-1,3,-1,4,-1,4,-1,5,-1,5,0,6,0,6,0,7,1,7,1,7,1,7,2,8,1,8,1,8,1,9,1,9,1,10,1,10,0,11,0,11,-1,12,-1,13,-1,13,-1,14,-1,14,-2]
[0;33mW (403202) TAG: AP channel is 0 (not ready). Skip this round.[0m
csi_data,[0,0,-6,-12,-6,-13,-6,-13,-6,-13,-7,-13,-8,-13,-8,-12,-9,-12,-9,-12,-10,-12,-10,-12,-11,-12,-12,-12,-12,-12,-13,-12,-14,-12,-14,-13,-14,-13,-14,-14,-14,-14,-14,-14,-13,-15,-11,-15,-10,-15,-9,-15,-9,-15,0,0,0,0,0,0,0,0,0,0,0,0,0,0,0,0,0,0,0,0,0,0,0,1,0,1,0,1,0,0,0,0,0,-1,0,-1,0,-2,-1,-2,0,-3,0,-3,0,-4,0,-5,0,-5,0,-5,-1,-6,-1,-6,-1,-7,-2,-7,-2,-8,-3,-8,-3,-9,-4,-10,-4,-10,-4,-11,-5,-11]
[0;33mW (404202) TAG: AP channel is 0 (not ready). Skip this round.[0m
csi_data,[0,0,-2,14,-3,14,-2,15,-2,15,-1,15,-1,15,0,15,1,16,2,16,2,16,3,16,4,16,5,17,5,17,6,18,6,18,6,18,7,19,7,19,7,19,6,20,5,20,4,19,4,19,3,19,2,18,0,0,0,0,0,0,0,0,0,0,0,0,0,0,0,0,0,0,0,0,0,0,5,3,5,4,5,4,4,5,3,6,3,6,3,6,2,6,1,7,0,7,0,7,-1,7,-1,7,-2,7,-2,7,-2,7,-2,7,-2,8,-2,9,-2,9,-2,10,-2,10,-2,11,-2,12,-1,13,-1,13]
[0;33mW (405202) TAG: AP channel is 0 (not ready). Skip this round.[0m
csi_data,[0,0,15,-5,14,-6,14,-6,14,-6,15,-7,14,-7,14,-7,14,-8,14,-8,14,-9,14,-10,13,-11,13,-12,14,-13,14,-13,15,-14,15,-13,15,-13,15,-12,16,-12,17,-11,17,-11,17,-10,16,-9,16,-8,16,-7,0,0,0,0,0,0,0,0,0,0,0,0,0,0,0,0,0,0,0,0,0,0,0,-3,0,-3,1,-3,1,-3,2,-4,3,-3,3,-3,4,-3,4,-3,5,-2,6,-2,6,-1,6,-2,6,-2,7,-1,7,-2,7,-2,8,-2,9,-3,9,-3,10,-3,10,-4,11,-5,12,-5,12,-5,13,-5]
[0;33mW (406202) TAG: AP channel is 0 (not ready). Skip this round.[0m
csi_data,[0,0,-4,-16,-4,-16,-5,-17,-5,-17,-5,-17,-6,-17,-7,-17,-7,-17,-8,-17,-9,-16,-10,-16,-11,-16,-12,-16,-12,-17,-13,-17,-13,-18,-14,-18,-14,-18,-13,-19,-13,-19,-12,-19,-11,-19,-11,-19,-10,-19,-9,-19,-8,-19,0,0,0,0,0,0,0,0,0,0,0,0,0,0,0,0,0,0,0,0,0,0,-4,0,-4,-1,-4,-1,-3,-2,-3,-3,-3,-3,-3,-4,-3,-4,-2,-5,-2,-5,-2,-6,-1,-6,-1,-7,-1,-7,-1,-8,-1,-8,-1,-8,-1,-9,-1,-10,-2,-10,-2,-11,-2,-12,-3,-13,-3,-13,-3,-14,-3,-15]
[0;33mW (407202) TAG: AP channel is 0 (not ready). Skip this round.[0m
csi_data,[0,0,-9,-13,-10,-14,-10,-14,-11,-14,-11,-14,-12,-13,-12,-13,-13,-12,-14,-12,-14,-11,-15,-11,-16,-11,-17,-11,-17,-11,-18,-11,-19,-11,-19,-11,-19,-12,-19,-12,-19,-13,-18,-13,-18,-14,-17,-14,-16,-14,-15,-14,-15,-15,0,0,0,0,0,0,0,0,0,0,0,0,0,0,0,0,0,0,0,0,0,0,-3,1,-4,0,-4,0,-4,-1,-4,-2,-4,-2,-4,-3,-4,-3,-4,-4,-3,-5,-3,-5,-3,-6,-3,-6,-3,-6,-3,-7,-3,-7,-4,-8,-5,-8,-5,-8,-6,-9,-6,-10,-6,-10,-7,-11,-8,-11,-8,-12,-8,-12]
[0;33mW (408202) TAG: AP channel is 0 (not ready). Skip this round.[0m
csi_data,[0,0,-12,6,-13,6,-13,6,-12,6,-12,7,-13,7,-12,7,-12,8,-12,9,-12,9,-12,10,-11,11,-11,11,-11,12,-11,12,-12,13,-12,13,-12,13,-13,13,-13,13,-13,12,-13,12,-14,11,-14,10,-14,9,-14,8,0,0,0,0,0,0,0,0,0,0,0,0,0,0,0,0,0,0,0,0,0,0,0,2,0,2,-1,2,-2,2,-2,2,-3,2,-3,2,-4,2,-4,2,-4,1,-5,1,-6,1,-6,1,-6,1,-6,1,-7,1,-7,1,-8,2,-8,2,-8,2,-9,3,-9,3,-10,4,-11,4,-11,4,-11,4]
[0;33mW (409202) TAG: AP channel is 0 (not ready). Skip this round.[0m
csi_data,[0,0,-14,2,-14,2,-14,3,-13,3,-13,4,-13,4,-13,4,-13,5,-13,6,-12,6,-12,7,-12,8,-12,9,-12,9,-12,10,-13,11,-13,11,-13,11,-14,10,-14,10,-14,10,-14,10,-14,9,-14,9,-14,8,-14,7,0,0,0,0,0,0,0,0,0,0,0,0,0,0,0,0,0,0,0,0,0,0,-5,4,-5,4,-5,4,-6,4,-6,4,-7,3,-7,2,-8,2,-8,2,-8,1,-8,1,-8,1,-8,0,-8,0,-8,0,-9,0,-9,0,-9,1,-9,1,-9,1,-10,1,-11,1,-11,2,-12,2,-12,2,-12,2]
[0;33mW (410202) TAG: AP channel is 0 (not ready). Skip this round.[0m
csi_data,[0,0,-15,-5,-15,-5,-16,-5,-16,-5,-16,-4,-16,-4,-16,-3,-17,-2,-17,-1,-17,-1,-18,0,-18,1,-18,1,-19,2,-20,3,-20,3,-20,3,-20,3,-21,2,-21,2,-20,1,-20,0,-20,0,-19,-1,-19,-2,-19,-3,0,0,0,0,0,0,0,0,0,0,0,0,0,0,0,0,0,0,0,0,0,0,-6,3,-6,3,-7,2,-7,1,-7,1,-8,1,-8,0,-8,-1,-8,-2,-8,-2,-8,-3,-8,-4,-8,-4,-8,-4,-8,-4,-8,-4,-9,-4,-9,-4,-10,-4,-10,-4,-11,-4,-11,-4,-12,-4,-13,-4,-14,-5,-14,-5]
[0;33mW (411202) TAG: AP channel is 0 (not ready). Skip this round.[0m
csi_data,[0,0,8,-12,8,-12,8,-12,7,-12,7,-13,7,-13,7,-13,6,-13,6,-13,5,-13,4,-14,4,-14,4,-15,4,-15,3,-16,3,-16,3,-16,4,-16,4,-16,5,-16,5,-16,6,-15,6,-14,7,-14,7,-13,7,-13,0,0,0,0,0,0,0,0,0,0,0,0,0,0,0,0,0,0,0,0,0,0,0,-5,0,-5,0,-5,1,-6,2,-6,2,-6,3,-6,3,-6,4,-6,4,-6,5,-6,5,-6,5,-6,5,-6,6,-6,6,-7,5,-7,6,-7,6,-8,6,-8,6,-9,6,-9,7,-10,7,-10,7,-11,8,-11]
[0;33mW (412202) TAG: AP channel is 0 (not ready). Skip this round.[0m
csi_data,[0,0,-8,13,-8,13,-8,14,-8,14,-8,14,-8,14,-7,14,-6,14,-5,15,-5,15,-4,15,-4,16,-3,16,-3,17,-3,17,-3,17,-3,18,-3,18,-4,18,-4,18,-5,17,-5,17,-6,16,-6,15,-7,15,-8,14,0,0,0,0,0,0,0,0,0,0,0,0,0,0,0,0,0,0,0,0,0,0,0,5,0,5,-1,5,-2,5,-2,6,-3,6,-4,6,-4,6,-5,6,-5,6,-6,6,-6,6,-6,7,-7,7,-7,7,-7,7,-7,7,-6,8,-6,9,-7,10,-7,10,-7,11,-7,11,-7,12,-7,13,-7,13]
[0;33mW (413202) TAG: AP channel is 0 (not ready). Skip this round.[0m
csi_data,[0,0,7,-13,7,-13,8,-13,7,-13,7,-13,7,-14,6,-14,5,-14,5,-14,4,-14,4,-15,4,-15,3,-15,3,-16,3,-16,3,-17,3,-17,3,-17,4,-17,4,-17,5,-16,5,-16,6,-15,6,-14,7,-14,7,-13,0,0,0,0,0,0,0,0,0,0,0,0,0,0,0,0,0,0,0,0,0,0,-1,-5,0,-5,0,-6,1,-6,1,-6,2,-6,3,-7,3,-6,4,-6,4,-7,5,-7,5,-7,5,-7,5,-7,5,-7,6,-7,5,-8,5,-8,6,-9,6,-9,6,-10,6,-10,6,-11,6,-11,7,-12,7,-12]
[0;33mW (414202) TAG: AP channel is 0 (not ready). Skip this round.[0m
csi_data,[0,0,13,-9,13,-9,13,-9,13,-9,13,-10,12,-10,12,-10,12,-11,11,-11,11,-11,11,-12,10,-13,10,-13,10,-14,10,-14,10,-14,11,-14,11,-14,11,-14,12,-14,12,-13,13,-12,13,-11,13,-10,13,-10,13,-9,0,0,0,0,0,0,0,0,0,0,0,0,0,0,0,0,0,0,0,0,0,0,2,-5,2,-5,2,-4,3,-5,4,-5,4,-5,5,-4,6,-4,6,-4,7,-4,7,-4,8,-3,8,-3,8,-4,8,-4,8,-4,8,-4,9,-5,9,-6,9,-6,10,-6,10,-7,11,-7,11,-8,12,-8,12,-8]
[0;33mW (415202) TAG: AP channel is 0 (not ready). Skip this round.[0m
csi_data,[0,0,-14,5,-14,5,-14,5,-14,5,-14,6,-14,6,-13,6,-13,7,-12,7,-12,7,-12,8,-12,9,-12,9,-12,10,-12,10,-12,10,-13,10,-13,10,-13,10,-13,10,-13,9,-13,9,-13,8,-13,7,-13,6,-14,6,0,0,0,0,0,0,0,0,0,0,0,0,0,0,0,0,0,0,0,0,0,0,-3,3,-4,3,-4,3,-5,2,-5,2,-6,2,-7,2,-7,2,-8,1,-8,1,-8,1,-9,1,-9,1,-9,1,-9,1,-9,1,-10,1,-10,2,-10,2,-10,3,-11,3,-12,3,-12,3,-12,4,-13,4,-13,4]
[0;33mW (416202) TAG: AP channel is 0 (not ready). Skip this round.[0m
csi_data,[0,0,-17,-3,-17,-3,-17,-3,-17,-3,-17,-2,-17,-2,-17,-1,-17,-1,-17,0,-17,1,-17,1,-17,2,-17,2,-17,3,-18,3,-18,3,-19,3,-19,3,-19,2,-19,2,-19,1,-18,1,-18,0,-18,-1,-17,-1,-17,-2,0,0,0,0,0,0,0,0,0,0,0,0,0,0,0,0,0,0,0,0,0,0,-5,1,-5,1,-6,0,-6,0,-7,-1,-7,-1,-7,-2,-8,-3,-8,-3,-8,-4,-9,-4,-9,-4,-9,-4,-9,-4,-9,-4,-10,-4,-10,-4,-11,-4,-11,-4,-12,-4,-12,-4,-13,-4,-14,-4,-14,-3,-15,-3,-16,-4]
[0;33mW (417202) TAG: AP channel is 0 (not ready). Skip this round.[0m
csi_data,[0,0,14,-7,13,-8,13,-8,14,-8,13,-9,13,-9,13,-9,12,-10,12,-10,12,-10,12,-11,11,-12,11,-12,11,-13,11,-13,12,-13,12,-13,12,-13,13,-13,13,-13,13,-12,14,-11,14,-10,14,-9,14,-9,13,-8,0,0,0,0,0,0,0,0,0,0,0,0,0,0,0,0,0,0,0,0,0,0,2,-4,2,-4,3,-4,3,-4,4,-4,4,-4,5,-4,6,-4,6,-3,7,-3,7,-3,8,-2,8,-3,8,-3,8,-3,9,-3,9,-4,9,-4,9,-4,10,-5,11,-6,11,-6,11,-6,12,-7,12,-7,12,-7]
[0;33mW (418202) TAG: AP channel is 0 (not ready). Skip this round.[0m
csi_data,[0,0,-2,14,-2,14,-2,14,-1,14,-1,14,-1,14,-1,14,0,14,1,14,2,14,2,14,3,14,3,14,3,14,4,15,4,15,4,15,4,15,3,16,3,16,2,16,1,15,1,15,0,15,-1,14,-1,14,0,0,0,0,0,0,0,0,0,0,0,0,0,0,0,0,0,0,0,0,0,0,1,3,1,3,1,4,0,4,0,5,0,5,-1,5,-1,6,-2,6,-2,6,-2,7,-3,7,-3,7,-3,7,-3,7,-3,8,-3,8,-3,8,-3,9,-2,10,-2,10,-2,11,-2,11,-2,12,-2,12,-2,12]
[0;33mW (419202) TAG: AP channel is 0 (not ready). Skip this round.[0m
csi_data,[0,0,8,-12,8,-12,9,-12,9,-12,8,-12,8,-12,7,-13,7,-13,6,-13,6,-13,6,-14,5,-14,5,-15,4,-15,4,-15,4,-16,4,-16,5,-16,5,-16,6,-16,6,-15,7,-15,7,-14,7,-14,8,-13,8,-12,0,0,0,0,0,0,0,0,0,0,0,0,0,0,0,0,0,0,0,0,0,0,1,-4,1,-4,1,-5,1,-5,2,-5,3,-5,3,-5,4,-5,4,-5,5,-5,5,-5,5,-5,6,-6,6,-6,6,-6,6,-6,6,-6,6,-7,7,-8,7,-8,7,-9,7,-9,7,-10,7,-10,8,-11,8,-11]
[0;33mW (420202) TAG: AP channel is 0 (not ready). Skip this round.[0m
csi_data,[0,0,16,0,16,0,16,0,16,0,16,-1,15,-1,15,-1,15,-2,15,-3,15,-3,15,-4,15,-5,15,-5,16,-6,16,-6,17,-6,17,-6,18,-5,18,-5,18,-4,18,-3,17,-3,17,-2,16,-2,16,-1,16,0,0,0,0,0,0,0,0,0,0,0,0,0,0,0,0,0,0,0,0,0,0,0,3,-3,3,-3,4,-2,4,-2,5,-1,6,-1,6,-1,7,0,7,0,7,0,8,1,8,1,8,1,8,1,9,1,9,1,10,1,10,1,11,1,11,1,12,0,13,0,13,0,14,0,14,0,15,-1]
[0;33mW (421202) TAG: AP channel is 0 (not ready). Skip this round.[0m
csi_data,[0,0,2,15,2,15,2,15,2,15,3,15,3,15,3,15,4,15,4,14,5,14,6,14,7,14,7,14,7,15,7,15,7,16,7,16,7,16,7,17,6,17,5,17,4,17,4,16,3,16,2,16,2,15,0,0,0,0,0,0,0,0,0,0,0,0,0,0,0,0,0,0,0,0,0,0,2,2,2,3,2,3,1,4,1,4,1,5,1,6,1,6,0,7,0,7,0,7,0,8,-1,8,-1,8,-1,9,-1,9,0,9,0,10,0,10,0,11,1,11,1,12,2,13,2,13,2,14,2,14]
[0;33mW (422202) TAG: AP channel is 0 (not ready). Skip this round.[0m
csi_data,[0,0,-3,14,-3,14,-3,14,-3,14,-3,14,-2,14,-2,14,-1,14,-1,14,0,14,0,14,1,14,1,15,2,15,2,15,2,16,2,16,2,16,1,16,1,16,0,16,-1,16,-1,15,-2,15,-2,15,-3,14,0,0,0,0,0,0,0,0,0,0,0,0,0,0,0,0,0,0,0,0,0,0,1,3,1,3,0,4,0,4,-1,4,-1,5,-1,5,-2,6,-2,6,-3,6,-3,6,-3,7,-4,7,-4,7,-4,7,-4,8,-4,8,-3,9,-4,9,-3,10,-3,10,-3,11,-3,12,-3,12,-3,13,-3,13]
[0;33mW (423202) TAG: AP channel is 0 (not ready). Skip this round.[0m
csi_data,[0,0,-11,-10,-11,-10,-11,-10,-12,-10,-12,-10,-12,-10,-12,-9,-12,-9,-13,-8,-13,-8,-14,-8,-14,-7,-14,-6,-15,-6,-15,-6,-16,-7,-16,-7,-16,-7,-16,-8,-16,-8,-15,-8,-14,-8,-14,-9,-13,-10,-12,-10,-12,-10,0,0,0,0,0,0,0,0,0,0,0,0,0,0,0,0,0,0,0,0,0,0,-4,-2,-4,-2,-4,-2,-4,-3,-4,-4,-4,-4,-5,-5,-5,-5,-5,-5,-4,-6,-4,-7,-4,-7,-4,-7,-4,-7,-5,-8,-5,-8,-6,-8,-6,-8,-6,-8,-7,-8,-8,-8,-8,-9,-9,-9,-9,-10,-9,-10,-10,-10]
[0;33mW (424202) TAG: AP channel is 0 (not ready). Skip this round.[0m
csi_data,[0,0,-1,15,0,15,0,15,0,15,0,15,0,15,1,15,2,15,3,15,3,15,4,15,4,15,5,15,5,16,6,16,6,16,5,17,5,17,5,17,4,18,4,18,3,17,2,17,1,17,0,16,0,16,0,0,0,0,0,0,0,0,0,0,0,0,0,0,0,0,0,0,0,0,0,0,1,3,1,3,1,4,0,4,0,5,0,5,-1,6,-1,6,-1,6,-2,7,-2,7,-3,7,-3,8,-3,8,-3,8,-2,8,-2,9,-2,9,-2,10,-2,11,-1,11,-1,12,-1,13,-1,13,-1,14,-1,14]
[0;33mW (425202) TAG: AP channel is 0 (not ready). Skip this round.[0m
csi_data,[0,0,-11,-13,-11,-13,-11,-13,-12,-13,-12,-13,-12,-12,-12,-12,-12,-12,-13,-11,-14,-11,-14,-10,-15,-10,-15,-10,-16,-9,-16,-9,-17,-10,-17,-10,-17,-10,-17,-11,-16,-11,-15,-12,-15,-12,-14,-12,-13,-12,-12,-13,-12,-13,0,0,0,0,0,0,0,0,0,0,0,0,0,0,0,0,0,0,0,0,0,0,-4,-2,-4,-2,-4,-3,-4,-4,-5,-4,-5,-5,-5,-6,-5,-6,-5,-7,-4,-7,-4,-8,-4,-8,-4,-8,-4,-9,-5,-9,-5,-9,-6,-9,-6,-9,-7,-10,-7,-10,-8,-10,-9,-11,-9,-11,-10,-12,-10,-12,-10,-13]
[0;33mW (426202) TAG: AP channel is 0 (not ready). Skip this round.[0m
csi_data,[0,0,15,-6,14,-6,14,-6,14,-7,14,-7,14,-7,14,-8,14,-8,13,-9,13,-9,13,-10,13,-11,13,-11,13,-11,13,-12,13,-12,14,-12,14,-12,15,-12,15,-11,15,-10,15,-9,15,-9,15,-8,15,-8,15,-7,0,0,0,0,0,0,0,0,0,0,0,0,0,0,0,0,0,0,0,0,0,0,2,-3,2,-3,3,-3,3,-3,4,-3,5,-3,5,-2,6,-2,6,-2,7,-2,7,-2,8,-2,8,-2,8,-2,8,-2,9,-2,9,-2,9,-3,10,-3,10,-4,11,-4,12,-4,12,-5,13,-5,13,-6,13,-6]
[0;33mW (427202) TAG: AP channel is 0 (not ready). Skip this round.[0m
csi_data,[0,0,-1,-15,-1,-15,-1,-16,-2,-15,-2,-15,-2,-15,-3,-15,-3,-15,-4,-15,-5,-15,-5,-14,-6,-15,-6,-15,-7,-15,-7,-15,-7,-15,-7,-16,-7,-16,-7,-17,-6,-17,-5,-17,-4,-17,-4,-16,-3,-16,-3,-16,-2,-16,0,0,0,0,0,0,0,0,0,0,0,0,0,0,0,0,0,0,0,0,0,0,-2,-3,-2,-4,-2,-4,-2,-4,-2,-5,-1,-6,-1,-6,0,-6,0,-7,0,-7,1,-7,1,-8,1,-8,1,-8,1,-9,1,-9,0,-9,0,-10,0,-10,0,-11,0,-11,-1,-12,-1,-13,-1,-13,-1,-14,-1,-14]
[0;33mW (428202) TAG: AP channel is 0 (not ready). Skip this round.[0m
csi_data,[0,0,-7,-13,-7,-13,-7,-13,-7,-13,-7,-13,-7,-13,-8,-12,-8,-12,-9,-12,-10,-12,-10,-11,-11,-11,-11,-11,-11,-11,-12,-11,-12,-11,-12,-12,-12,-12,-12,-12,-11,-13,-11,-13,-10,-13,-9,-13,-9,-13,-8,-13,-8,-13,0,0,0,0,0,0,0,0,0,0,0,0,0,0,0,0,0,0,0,0,0,0,-3,-2,-3,-2,-3,-3,-3,-4,-3,-4,-3,-5,-3,-5,-3,-6,-3,-7,-2,-7,-2,-7,-2,-7,-2,-8,-2,-8,-2,-8,-3,-9,-3,-9,-3,-9,-3,-10,-4,-10,-4,-10,-5,-11,-5,-11,-6,-12,-6,-12,-6,-12]
[0;33mW (429202) TAG: AP channel is 0 (not ready). Skip this round.[0m
csi_data,[0,0,-4,13,-4,13,-4,13,-4,13,-4,13,-4,13,-3,13,-3,13,-2,13,-1,14,-1,14,0,14,1,14,1,14,1,15,1,15,1,16,0,16,0,16,-1,16,-2,15,-2,15,-2,15,-3,14,-3,14,-4,13,0,0,0,0,0,0,0,0,0,0,0,0,0,0,0,0,0,0,0,0,0,0,0,3,0,3,0,3,-1,4,-1,4,-2,4,-2,4,-3,5,-3,5,-4,5,-4,6,-4,6,-4,6,-4,6,-4,6,-5,7,-4,7,-4,7,-4,8,-4,9,-4,9,-4,10,-4,11,-4,11,-4,12,-4,12]
[0;33mW (430202) TAG: AP channel is 0 (not ready). Skip this round.[0m
csi_data,[0,0,-17,-1,-17,-1,-17,-1,-17,-1,-17,0,-17,0,-16,0,-16,1,-16,1,-17,2,-17,3,-17,4,-17,4,-17,4,-18,5,-18,5,-18,5,-19,4,-19,4,-19,3,-19,2,-19,1,-18,0,-18,0,-18,-1,-17,-1,0,0,0,0,0,0,0,0,0,0,0,0,0,0,0,0,0,0,0,0,0,0,-4,2,-4,1,-4,1,-5,1,-6,0,-6,0,-7,0,-7,-1,-8,-1,-8,-2,-9,-2,-9,-2,-9,-2,-9,-2,-9,-2,-10,-2,-10,-2,-11,-2,-11,-2,-12,-2,-12,-1,-13,-1,-14,-1,-14,0,-15,0,-16,0]
[0;33mW (431202) TAG: AP channel is 0 (not ready). Skip this round.[0m
csi_data,[0,0,14,3,13,3,13,3,13,3,14,2,14,2,13,2,14,1,14,1,14,0,14,0,14,-1,14,-1,15,-1,15,-1,15,-1,16,-2,16,-1,16,-1,16,0,16,0,15,1,15,1,14,2,14,3,14,3,0,0,0,0,0,0,0,0,0,0,0,0,0,0,0,0,0,0,0,0,0,0,3,-1,3,-1,3,-1,3,0,4,0,4,0,5,1,5,1,5,2,6,2,6,3,6,3,6,3,6,3,7,3,7,3,8,3,8,3,9,3,9,3,10,3,10,3,11,3,11,3,12,3,12,3]
[0;33mW (432202) TAG: AP channel is 0 (not ready). Skip this round.[0m
csi_data,[0,0,3,-16,3,-16,3,-16,3,-16,3,-16,3,-16,2,-15,2,-16,1,-16,0,-16,0,-16,-1,-16,-1,-17,-2,-17,-2,-18,-2,-18,-1,-18,-1,-19,-1,-19,0,-19,0,-18,1,-18,2,-17,2,-17,3,-16,3,-16,0,0,0,0,0,0,0,0,0,0,0,0,0,0,0,0,0,0,0,0,0,0,-2,-4,-1,-4,-1,-5,-1,-5,0,-6,0,-6,1,-6,1,-7,2,-7,2,-7,3,-7,3,-8,3,-8,3,-8,4,-9,3,-9,3,-9,3,-10,3,-10,3,-11,3,-12,3,-12,3,-13,3,-14,3,-14,3,-15]
[0;33mW (433202) TAG: AP channel is 0 (not ready). Skip this round.[0m
csi_data,[0,0,10,-11,10,-11,10,-11,10,-11,10,-11,9,-12,9,-12,8,-12,8,-13,7,-13,7,-13,7,-14,6,-14,7,-15,7,-15,7,-15,7,-16,7,-16,8,-16,8,-15,9,-15,9,-14,9,-13,9,-13,9,-12,10,-11,0,0,0,0,0,0,0,0,0,0,0,0,0,0,0,0,0,0,0,0,0,0,0,-4,1,-4,1,-4,2,-4,2,-5,3,-5,3,-5,4,-5,5,-5,5,-5,6,-4,6,-5,6,-5,6,-5,7,-5,7,-5,7,-6,7,-6,7,-7,7,-7,8,-8,8,-8,9,-9,9,-9,9,-10,9,-10]
[0;33mW (434202) TAG: AP channel is 0 (not ready). Skip this round.[0m
csi_data,[0,0,11,6,11,6,11,6,12,6,12,6,12,6,12,5,13,5,13,4,13,4,13,3,14,3,14,3,15,3,16,2,16,2,16,2,17,3,17,3,17,4,16,4,16,5,15,5,15,6,14,6,13,7,0,0,0,0,0,0,0,0,0,0,0,0,0,0,0,0,0,0,0,0,0,0,1,-1,1,-1,1,-1,2,-1,2,0,2,0,3,1,3,1,3,2,3,2,3,3,3,3,3,3,3,3,4,4,4,4,5,4,5,4,5,5,6,5,7,5,8,5,8,5,9,6,9,6,10,6]
[0;33mW (435202) TAG: AP channel is 0 (not ready). Skip this round.[0m
csi_data,[0,0,13,-2,13,-1,13,-2,13,-2,14,-3,14,-3,14,-3,14,-4,13,-4,13,-5,13,-6,13,-6,14,-7,14,-7,14,-8,14,-8,15,-8,15,-8,15,-7,15,-7,15,-7,15,-6,15,-5,15,-5,15,-4,15,-3,0,0,0,0,0,0,0,0,0,0,0,0,0,0,0,0,0,0,0,0,0,0,2,-4,2,-3,3,-3,3,-3,4,-2,5,-2,5,-2,6,-2,6,-1,6,-1,6,0,7,0,7,0,7,1,7,1,8,1,8,0,9,0,9,0,9,-1,10,-1,10,-1,11,-1,12,-1,12,-1,13,-1]
[0;33mW (436202) TAG: AP channel is 0 (not ready). Skip this round.[0m
csi_data,[0,0,13,8,13,8,13,8,14,8,14,7,14,7,14,6,14,5,15,5,16,4,16,4,16,3,17,3,17,2,18,2,18,2,19,2,20,3,20,3,19,3,18,4,18,4,17,5,17,6,16,6,16,7,0,0,0,0,0,0,0,0,0,0,0,0,0,0,0,0,0,0,0,0,0,0,4,-2,5,-1,5,-1,5,0,5,0,6,1,6,2,6,3,6,3,6,4,6,5,6,5,6,5,5,5,6,6,6,6,7,6,7,6,8,6,9,6,9,6,10,6,10,7,11,7,12,8,12,9]
[0;33mW (437202) TAG: AP channel is 0 (not ready). Skip this round.[0m
csi_data,[0,0,-11,11,-12,11,-12,11,-12,12,-11,12,-11,12,-10,13,-9,13,-9,14,-8,14,-8,15,-8,15,-7,16,-7,16,-7,17,-7,17,-7,17,-7,18,-8,18,-8,18,-9,17,-9,17,-9,16,-10,15,-10,14,-10,13,0,0,0,0,0,0,0,0,0,0,0,0,0,0,0,0,0,0,0,0,0,0,-1,4,-1,4,-2,4,-3,5,-3,5,-4,5,-5,4,-6,4,-6,4,-6,4,-7,4,-7,4,-8,4,-8,4,-8,4,-8,4,-8,5,-8,5,-9,6,-9,7,-9,7,-9,8,-10,9,-10,9,-11,10,-11,10]
[0;33mW (438202) TAG: AP channel is 0 (not ready). Skip this round.[0m
csi_data,[0,0,-14,0,-14,1,-15,1,-15,1,-14,1,-14,2,-14,2,-14,2,-14,3,-14,4,-14,4,-14,5,-14,5,-14,6,-15,6,-15,6,-16,6,-16,6,-16,6,-16,5,-16,4,-16,4,-16,3,-16,2,-16,2,-15,1,0,0,0,0,0,0,0,0,0,0,0,0,0,0,0,0,0,0,0,0,0,0,-3,3,-3,3,-4,2,-4,2,-5,2,-6,2,-6,1,-7,1,-7,0,-7,0,-7,-1,-7,-1,-7,-1,-8,-1,-8,-1,-9,-1,-9,-1,-9,-1,-10,-1,-10,0,-11,0,-11,0,-12,0,-12,0,-13,0,-13,1]
[0;33mW (439202) TAG: AP channel is 0 (not ready). Skip this round.[0m
csi_data,[0,0,-14,-2,-14,-2,-14,-2,-14,-2,-14,-2,-14,-1,-14,-1,-14,0,-14,0,-14,1,-15,2,-14,2,-14,3,-15,3,-15,4,-16,4,-16,3,-17,3,-17,3,-17,2,-17,2,-16,1,-16,1,-16,0,-15,-1,-15,-2,0,0,0,0,0,0,0,0,0,0,0,0,0,0,0,0,0,0,0,0,0,0,-4,1,-4,1,-4,1,-5,0,-5,0,-6,-1,-6,-1,-6,-1,-6,-2,-7,-2,-7,-3,-7,-3,-7,-3,-7,-3,-7,-3,-8,-3,-8,-3,-9,-3,-10,-3,-10,-3,-10,-3,-11,-2,-12,-2,-12,-2,-13,-2,-13,-2]
[0;33mW (440202) TAG: AP channel is 0 (not ready). Skip this round.[0m
csi_data,[0,0,5,-15,5,-16,6,-16,5,-16,4,-16,3,-16,3,-16,3,-17,2,-17,1,-17,1,-17,1,-17,0,-18,-1,-18,-1,-19,-1,-19,-1,-19,-1,-20,-1,-20,-1,-20,0,-20,1,-20,2,-19,3,-18,4,-18,4,-17,0,0,0,0,0,0,0,0,0,0,0,0,0,0,0,0,0,0,0,0,0,0,-2,-5,-2,-5,-1,-6,-1,-6,0,-7,1,-7,1,-7,2,-7,3,-8,3,-8,4,-8,4,-8,5,-8,5,-8,5,-8,5,-8,5,-9,5,-9,5,-10,5,-11,5,-12,4,-12,5,-13,5,-13,6,-14,5,-14]
[0;33mW (441202) TAG: AP channel is 0 (not ready). Skip this round.[0m
csi_data,[0,0,-4,15,-4,15,-3,15,-3,15,-3,15,-3,15,-2,15,-2,15,-1,15,0,15,1,16,1,16,2,16,2,16,3,17,3,18,3,18,2,18,2,18,1,18,0,18,-1,18,-1,17,-1,17,-2,17,-3,16,0,0,0,0,0,0,0,0,0,0,0,0,0,0,0,0,0,0,0,0,0,0,2,4,2,4,1,4,1,5,0,5,0,6,-1,6,-2,7,-2,7,-2,7,-3,7,-3,7,-3,7,-3,7,-4,8,-4,8,-4,9,-4,9,-4,10,-4,10,-3,11,-3,12,-3,12,-3,13,-3,14,-3,14]
[0;33mW (442202) TAG: AP channel is 0 (not ready). Skip this round.[0m
csi_data,[0,0,-9,-14,-9,-14,-9,-14,-9,-14,-9,-14,-9,-14,-10,-13,-10,-13,-11,-13,-11,-12,-12,-12,-13,-11,-13,-11,-14,-11,-14,-12,-14,-12,-14,-12,-14,-13,-14,-14,-14,-14,-14,-14,-13,-14,-12,-14,-11,-14,-11,-15,-10,-15,0,0,0,0,0,0,0,0,0,0,0,0,0,0,0,0,0,0,0,0,0,0,-5,-2,-5,-2,-5,-3,-5,-4,-5,-4,-6,-5,-5,-6,-5,-7,-4,-7,-4,-7,-4,-8,-3,-8,-3,-8,-3,-9,-4,-9,-4,-9,-4,-9,-4,-10,-5,-10,-5,-11,-6,-11,-6,-11,-7,-12,-7,-12,-8,-13,-8,-13]
[0;33mW (443202) TAG: AP channel is 0 (not ready). Skip this round.[0m
csi_data,[0,0,-7,-15,-8,-15,-8,-15,-8,-15,-9,-15,-9,-15,-9,-14,-10,-14,-11,-14,-11,-14,-12,-13,-12,-13,-13,-13,-14,-13,-14,-14,-14,-14,-15,-14,-15,-14,-15,-15,-14,-15,-13,-15,-12,-15,-12,-15,-11,-15,-10,-15,-9,-15,0,0,0,0,0,0,0,0,0,0,0,0,0,0,0,0,0,0,0,0,0,0,-5,-2,-5,-3,-5,-4,-5,-4,-5,-5,-5,-6,-4,-6,-4,-7,-4,-8,-3,-8,-3,-8,-3,-9,-3,-9,-3,-9,-3,-9,-3,-10,-3,-10,-4,-10,-4,-11,-5,-11,-5,-12,-6,-13,-6,-13,-7,-13,-7,-14,-7,-14]
[0;33mW (444202) TAG: AP channel is 0 (not ready). Skip this round.[0m
csi_data,[0,0,8,-14,8,-15,8,-15,8,-15,8,-15,7,-15,7,-16,6,-16,5,-16,4,-16,4,-17,3,-17,3,-17,3,-18,3,-19,3,-19,3,-19,3,-19,4,-19,5,-19,5,-19,5,-18,6,-18,6,-17,7,-16,7,-16,0,0,0,0,0,0,0,0,0,0,0,0,0,0,0,0,0,0,0,0,0,0,-2,-5,-1,-5,0,-6,0,-6,1,-6,1,-6,2,-7,3,-7,3,-7,4,-7,4,-7,5,-7,6,-7,6,-7,5,-7,5,-8,6,-8,6,-9,6,-9,6,-10,6,-10,6,-11,7,-12,7,-13,7,-13,7,-13]
[0;33mW (445202) TAG: AP channel is 0 (not ready). Skip this round.[0m
csi_data,[0,0,-8,13,-7,13,-7,14,-7,14,-7,14,-7,14,-6,14,-6,14,-5,14,-4,15,-3,15,-3,16,-2,16,-2,17,-2,17,-2,17,-2,18,-3,18,-3,18,-3,18,-4,17,-4,17,-5,17,-6,16,-7,15,-7,15,0,0,0,0,0,0,0,0,0,0,0,0,0,0,0,0,0,0,0,0,0,0,0,4,0,4,0,5,-1,5,-1,5,-2,5,-3,5,-3,6,-4,6,-5,6,-5,6,-5,6,-5,6,-5,6,-6,7,-6,7,-6,7,-6,8,-6,9,-6,9,-6,10,-6,10,-6,11,-7,12,-7,12,-7,12]
[0;33mW (446202) TAG: AP channel is 0 (not ready). Skip this round.[0m
csi_data,[0,0,15,2,15,2,15,2,15,2,15,1,15,1,15,1,15,0,16,0,16,-1,16,-2,16,-3,16,-3,16,-4,17,-4,17,-4,18,-4,18,-4,18,-3,18,-3,18,-2,18,-2,17,-1,17,0,16,0,16,1,0,0,0,0,0,0,0,0,0,0,0,0,0,0,0,0,0,0,0,0,0,0,3,-3,4,-3,4,-2,5,-2,5,-1,6,-1,6,0,6,1,7,1,7,2,7,2,7,3,7,3,7,3,8,3,8,3,9,3,9,3,10,2,10,2,11,2,12,2,12,2,13,2,14,2,14,2]
[0;33mW (447202) TAG: AP channel is 0 (not ready). Skip this round.[0m
csi_data,[0,0,-5,13,-4,14,-4,13,-4,13,-4,14,-3,14,-3,14,-2,14,-2,14,-1,14,-1,14,0,14,0,15,0,15,1,15,1,16,1,17,0,17,0,17,-1,17,-1,16,-2,16,-2,15,-3,15,-4,14,-4,14,0,0,0,0,0,0,0,0,0,0,0,0,0,0,0,0,0,0,0,0,0,0,2,3,1,3,1,4,0,4,0,5,-1,5,-1,5,-1,6,-2,6,-2,6,-3,6,-3,6,-4,6,-4,7,-4,7,-4,7,-4,8,-4,8,-4,9,-4,9,-4,10,-4,10,-3,11,-4,12,-4,12,-4,12]
[0;33mW (448202) TAG: AP channel is 0 (not ready). Skip this round.[0m
csi_data,[0,0,-16,-3,-16,-3,-16,-3,-17,-2,-17,-2,-16,-1,-16,-1,-16,0,-16,1,-17,1,-17,2,-17,2,-17,3,-17,4,-18,4,-18,4,-18,4,-18,4,-19,4,-19,3,-19,2,-18,2,-18,1,-18,0,-17,-1,-17,-1,0,0,0,0,0,0,0,0,0,0,0,0,0,0,0,0,0,0,0,0,0,0,-5,2,-5,2,-5,1,-5,1,-6,0,-7,-1,-7,-1,-7,-1,-8,-2,-8,-2,-8,-3,-8,-3,-8,-3,-9,-3,-9,-3,-10,-3,-10,-3,-10,-4,-11,-3,-11,-3,-12,-3,-13,-3,-14,-3,-14,-2,-15,-3,-15,-3]
[0;33mW (449202) TAG: AP channel is 0 (not ready). Skip this round.[0m
csi_data,[0,0,13,8,13,8,14,8,14,7,14,7,14,7,14,6,15,5,15,5,15,4,16,4,16,3,16,3,17,3,18,2,18,2,18,2,19,3,19,3,19,4,18,5,17,6,17,6,16,6,15,6,15,7,0,0,0,0,0,0,0,0,0,0,0,0,0,0,0,0,0,0,0,0,0,0,3,-1,4,-1,4,0,4,1,5,1,5,1,5,2,6,3,6,4,6,4,5,4,6,5,6,5,6,5,6,5,7,6,7,6,7,6,8,6,8,6,9,6,10,7,11,7,12,7,12,7,13,7]
[0;33mW (450202) TAG: AP channel is 0 (not ready). Skip this round.[0m
csi_data,[0,0,11,-8,11,-8,11,-8,11,-9,11,-9,11,-10,10,-10,10,-10,9,-10,9,-11,9,-12,8,-12,8,-12,8,-13,8,-14,8,-14,9,-14,9,-14,9,-14,9,-14,10,-13,10,-13,11,-12,11,-11,11,-10,11,-10,0,0,0,0,0,0,0,0,0,0,0,0,0,0,0,0,0,0,0,0,0,0,1,-4,1,-4,1,-4,2,-4,2,-4,3,-4,4,-4,4,-4,5,-4,5,-4,6,-3,6,-3,6,-3,6,-3,7,-3,7,-4,7,-4,7,-5,7,-5,8,-5,8,-6,9,-6,9,-7,10,-7,10,-7,10,-7]
[0;33mW (451202) TAG: AP channel is 0 (not ready). Skip this round.[0m
csi_data,[0,0,12,-9,13,-10,13,-10,13,-10,12,-10,12,-11,11,-11,11,-12,11,-12,10,-13,10,-13,10,-14,9,-14,9,-15,9,-16,9,-16,9,-16,10,-16,10,-16,11,-15,11,-15,12,-15,12,-14,12,-13,12,-12,12,-11,0,0,0,0,0,0,0,0,0,0,0,0,0,0,0,0,0,0,0,0,0,0,1,-5,1,-5,2,-5,2,-5,3,-5,4,-5,4,-5,5,-5,6,-4,6,-4,7,-4,7,-4,7,-4,7,-4,8,-4,8,-4,8,-5,9,-5,9,-6,9,-6,10,-6,10,-7,10,-7,11,-8,12,-8,12,-9]
[0;33mW (452202) TAG: AP channel is 0 (not ready). Skip this round.[0m
csi_data,[0,0,14,1,14,1,14,1,14,1,14,0,14,0,14,-1,14,-2,14,-2,14,-3,14,-3,14,-4,14,-5,15,-5,15,-5,16,-5,16,-5,16,-5,16,-5,16,-5,16,-4,16,-3,15,-2,15,-2,15,-1,15,-1,0,0,0,0,0,0,0,0,0,0,0,0,0,0,0,0,0,0,0,0,0,0,3,-3,3,-3,3,-2,4,-2,4,-1,4,-1,5,0,5,0,6,0,6,1,6,2,6,2,6,2,7,2,7,2,8,2,8,2,8,2,8,1,9,1,10,1,11,1,11,1,12,1,12,1,12,2]
[0;33mW (453202) TAG: AP channel is 0 (not ready). Skip this round.[0m
csi_data,[0,0,7,-12,7,-13,7,-13,7,-13,7,-13,6,-13,6,-13,5,-14,4,-14,4,-14,4,-15,3,-15,3,-16,3,-16,3,-16,3,-16,3,-17,3,-17,3,-17,4,-17,4,-16,5,-16,5,-16,6,-15,6,-15,7,-14,0,0,0,0,0,0,0,0,0,0,0,0,0,0,0,0,0,0,0,0,0,0,-1,-4,-1,-4,-1,-4,0,-5,1,-5,1,-5,2,-5,2,-5,3,-5,3,-6,4,-5,4,-6,5,-6,5,-6,5,-6,5,-7,5,-7,5,-7,5,-8,5,-9,5,-9,6,-10,6,-10,6,-11,6,-11,6,-11]
[0;33mW (454202) TAG: AP channel is 0 (not ready). Skip this round.[0m
csi_data,[0,0,4,15,4,15,4,15,5,15,5,15,5,14,6,14,6,14,7,14,7,14,8,13,9,13,9,13,10,13,11,13,11,14,11,14,11,15,11,15,10,15,9,16,8,16,8,15,7,15,6,15,5,15,0,0,0,0,0,0,0,0,0,0,0,0,0,0,0,0,0,0,0,0,0,0,3,1,3,2,3,3,3,3,2,4,2,4,2,5,2,6,1,6,1,7,1,7,0,7,0,8,0,8,0,8,0,8,0,9,1,9,1,10,1,10,2,11,2,12,3,12,3,13,3,13,4,14]
[0;33mW (455202) TAG: AP channel is 0 (not ready). Skip this round.[0m
csi_data,[0,0,14,7,14,7,14,7,14,7,14,6,14,6,14,6,15,5,15,4,16,4,16,3,16,2,16,2,17,2,18,2,18,2,18,2,19,3,19,3,19,4,18,4,17,4,17,5,16,5,16,6,15,7,0,0,0,0,0,0,0,0,0,0,0,0,0,0,0,0,0,0,0,0,0,0,4,-2,4,-2,4,-1,5,0,5,0,5,0,6,1,6,2,6,3,6,3,6,4,6,4,6,4,6,4,6,4,7,5,8,5,8,5,8,5,9,5,10,5,11,5,11,6,12,6,12,6,13,7]
[0;33mW (456202) TAG: AP channel is 0 (not ready). Skip this round.[0m
csi_data,[0,0,-15,7,-15,7,-15,7,-15,7,-15,8,-15,8,-14,9,-14,9,-14,10,-13,10,-13,11,-13,12,-13,13,-13,13,-13,14,-13,14,-13,14,-13,14,-14,14,-14,13,-15,13,-15,12,-15,11,-15,11,-15,9,-15,8,0,0,0,0,0,0,0,0,0,0,0,0,0,0,0,0,0,0,0,0,0,0,-2,3,-2,4,-3,4,-4,3,-4,3,-5,3,-6,3,-6,2,-7,2,-8,2,-8,2,-8,2,-8,2,-9,2,-9,2,-10,2,-10,3,-10,3,-11,3,-11,4,-12,4,-12,5,-13,6,-13,6,-14,6,-14,6]
[0;33mW (457202) TAG: AP channel is 0 (not ready). Skip this round.[0m
csi_data,[0,0,13,4,13,4,13,4,13,4,14,3,14,3,14,2,14,2,14,1,14,1,14,0,14,0,14,-1,15,-1,16,-1,16,-1,16,-1,16,-1,17,0,17,0,17,1,16,1,15,2,15,2,14,3,14,3,0,0,0,0,0,0,0,0,0,0,0,0,0,0,0,0,0,0,0,0,0,0,2,-2,3,-2,3,-1,3,-1,4,-1,4,0,5,1,5,1,5,2,5,2,6,2,6,3,6,3,6,3,6,4,7,4,7,4,7,3,8,3,8,3,9,3,10,3,11,4,11,4,12,4,12,4]
[0;33mW (458202) TAG: AP channel is 0 (not ready). Skip this round.[0m
csi_data,[0,0,-7,-13,-7,-14,-7,-14,-8,-14,-8,-13,-8,-13,-8,-13,-9,-12,-10,-12,-10,-12,-10,-12,-11,-11,-11,-11,-12,-11,-13,-11,-13,-11,-13,-12,-13,-12,-13,-12,-13,-13,-12,-13,-11,-13,-11,-14,-10,-14,-9,-14,-8,-14,0,0,0,0,0,0,0,0,0,0,0,0,0,0,0,0,0,0,0,0,0,0,-3,-2,-3,-2,-3,-3,-3,-3,-3,-4,-3,-4,-3,-5,-3,-5,-3,-6,-2,-7,-2,-7,-2,-7,-2,-8,-2,-8,-2,-8,-3,-8,-3,-9,-3,-9,-3,-9,-4,-10,-5,-10,-5,-11,-6,-11,-6,-12,-6,-13,-6,-13]
[0;33mW (459202) TAG: AP channel is 0 (not ready). Skip this round.[0m
csi_data,[0,0,8,-13,8,-13,8,-14,8,-14,7,-15,7,-15,7,-15,6,-15,5,-15,5,-16,4,-16,4,-16,3,-17,3,-17,3,-18,3,-18,3,-19,4,-19,4,-19,4,-19,5,-19,6,-18,6,-17,7,-17,7,-16,8,-15,0,0,0,0,0,0,0,0,0,0,0,0,0,0,0,0,0,0,0,0,0,0,-2,-5,-1,-5,0,-5,0,-5,1,-5,2,-6,2,-6,3,-6,4,-6,4,-6,5,-6,5,-6,5,-6,6,-7,6,-7,6,-7,6,-8,6,-8,6,-9,6,-9,6,-10,7,-11,7,-11,7,-11,7,-12,8,-12]
[0;33mW (460202) TAG: AP channel is 0 (not ready). Skip this round.[0m
csi_data,[0,0,-16,-2,-16,-2,-17,-2,-17,-1,-17,-1,-17,0,-17,0,-17,1,-16,2,-17,2,-17,3,-17,3,-17,4,-18,5,-18,5,-18,6,-19,6,-19,6,-19,5,-20,5,-19,5,-19,4,-19,3,-18,2,-18,1,-17,0,0,0,0,0,0,0,0,0,0,0,0,0,0,0,0,0,0,0,0,0,0,0,-4,2,-5,2,-5,1,-5,1,-6,0,-7,0,-7,-1,-7,-1,-8,-2,-8,-2,-8,-3,-8,-3,-8,-4,-8,-4,-9,-4,-10,-3,-10,-4,-11,-3,-11,-3,-12,-3,-12,-2,-13,-2,-14,-2,-14,-2,-15,-2,-16,-2]
[0;33mW (461202) TAG: AP channel is 0 (not ready). Skip this round.[0m
csi_data,[0,0,-13,-6,-13,-6,-13,-6,-13,-6,-13,-6,-14,-5,-14,-5,-14,-5,-14,-4,-14,-4,-15,-3,-15,-2,-15,-2,-16,-2,-16,-2,-16,-1,-17,-2,-17,-2,-17,-2,-17,-3,-17,-4,-16,-4,-15,-4,-15,-5,-14,-5,-14,-6,0,0,0,0,0,0,0,0,0,0,0,0,0,0,0,0,0,0,0,0,0,0,-4,1,-4,0,-4,0,-5,-1,-5,-1,-6,-1,-6,-2,-6,-3,-6,-4,-6,-4,-6,-4,-6,-4,-6,-5,-6,-5,-7,-5,-7,-5,-7,-5,-8,-5,-8,-5,-9,-5,-10,-6,-10,-5,-11,-5,-11,-6,-12,-6,-12,-6]
[0;33mW (462202) TAG: AP channel is 0 (not ready). Skip this round.[0m
csi_data,[0,0,-8,-15,-8,-14,-8,-15,-9,-14,-9,-14,-10,-14,-10,-13,-10,-13,-11,-12,-11,-12,-12,-12,-13,-12,-14,-12,-14,-12,-15,-12,-15,-12,-15,-12,-15,-13,-15,-13,-15,-13,-14,-14,-13,-14,-12,-14,-11,-14,-10,-15,-10,-15,0,0,0,0,0,0,0,0,0,0,0,0,0,0,0,0,0,0,0,0,0,0,-4,-1,-4,-2,-4,-3,-4,-3,-4,-4,-4,-5,-4,-5,-4,-6,-3,-7,-3,-7,-3,-8,-3,-8,-3,-8,-3,-9,-3,-9,-3,-9,-4,-9,-4,-9,-5,-10,-5,-10,-6,-11,-6,-12,-7,-12,-7,-13,-8,-13,-8,-14]
[0;33mW (463202) TAG: AP channel is 0 (not ready). Skip this round.[0m
csi_data,[0,0,-7,11,-7,12,-8,12,-7,12,-7,12,-6,12,-6,12,-5,13,-5,13,-4,13,-4,13,-4,14,-3,14,-3,15,-3,15,-3,15,-3,16,-3,16,-4,16,-4,16,-5,15,-5,15,-6,14,-6,14,-6,13,-7,13,0,0,0,0,0,0,0,0,0,0,0,0,0,0,0,0,0,0,0,0,0,0,0,2,0,3,0,3,-1,3,-1,4,-2,4,-3,4,-3,4,-4,4,-4,5,-5,5,-5,5,-5,5,-6,5,-6,5,-6,6,-6,6,-6,6,-6,7,-6,7,-6,8,-7,9,-7,9,-7,10,-7,10,-7,11]
[0;33mW (464202) TAG: AP channel is 0 (not ready). Skip this round.[0m
csi_data,[0,0,-3,-15,-3,-15,-3,-15,-3,-15,-4,-15,-4,-15,-4,-15,-5,-14,-6,-14,-6,-14,-7,-14,-7,-14,-8,-14,-9,-14,-9,-14,-9,-15,-9,-15,-9,-16,-9,-16,-8,-16,-7,-16,-7,-16,-6,-16,-5,-15,-5,-15,-4,-15,0,0,0,0,0,0,0,0,0,0,0,0,0,0,0,0,0,0,0,0,0,0,-3,-2,-3,-3,-3,-3,-3,-4,-2,-5,-2,-5,-2,-6,-1,-6,-1,-7,-1,-7,0,-7,0,-8,0,-8,0,-8,0,-9,0,-9,0,-9,0,-9,0,-10,-1,-11,-1,-11,-2,-11,-2,-12,-2,-13,-2,-13,-2,-14]
[0;33mW (465202) TAG: AP channel is 0 (not ready). Skip this round.[0m
csi_data,[0,0,-6,-13,-6,-14,-7,-14,-7,-13,-7,-13,-8,-13,-8,-13,-8,-12,-9,-12,-9,-11,-10,-12,-10,-11,-11,-11,-12,-11,-12,-11,-12,-12,-12,-12,-13,-12,-12,-13,-12,-13,-11,-13,-11,-13,-10,-13,-9,-13,-8,-13,-8,-14,0,0,0,0,0,0,0,0,0,0,0,0,0,0,0,0,0,0,0,0,0,0,-3,-1,-3,-2,-3,-2,-3,-3,-3,-4,-3,-4,-3,-5,-3,-5,-3,-6,-3,-6,-3,-7,-2,-7,-2,-7,-2,-8,-2,-8,-3,-8,-3,-8,-3,-9,-4,-9,-4,-10,-4,-10,-5,-10,-5,-11,-6,-11,-6,-12,-6,-12]
[0;33mW (466202) TAG: AP channel is 0 (not ready). Skip this round.[0m
csi_data,[0,0,8,11,8,11,8,11,9,11,9,11,9,10,10,10,10,9,11,9,11,8,12,8,12,8,12,7,13,7,14,7,14,7,14,7,15,7,14,8,14,8,14,9,13,9,12,9,12,10,11,10,10,10,0,0,0,0,0,0,0,0,0,0,0,0,0,0,0,0,0,0,0,0,0,0,3,0,3,1,3,1,3,2,3,2,3,3,3,3,3,4,3,5,2,5,2,6,2,6,2,6,2,6,2,7,3,7,3,7,3,7,4,8,4,8,5,8,6,8,6,9,7,10,7,10,7,10]
[0;33mW (467202) TAG: AP channel is 0 (not ready). Skip this round.[0m
csi_data,[0,0,-7,-13,-7,-13,-7,-13,-7,-13,-7,-13,-8,-12,-8,-12,-9,-12,-9,-11,-10,-11,-10,-11,-11,-11,-11,-11,-12,-11,-12,-11,-13,-11,-13,-11,-13,-12,-13,-12,-13,-12,-12,-12,-11,-12,-10,-12,-10,-13,-9,-13,-9,-13,0,0,0,0,0,0,0,0,0,0,0,0,0,0,0,0,0,0,0,0,0,0,-4,-1,-4,-2,-3,-3,-3,-3,-3,-4,-4,-4,-4,-5,-3,-5,-3,-6,-3,-6,-3,-7,-3,-7,-2,-7,-2,-7,-2,-8,-3,-8,-3,-8,-3,-9,-4,-9,-4,-9,-5,-10,-5,-10,-5,-11,-6,-11,-6,-11,-6,-11]
[0;33mW (468202) TAG: AP channel is 0 (not ready). Skip this round.[0m
csi_data,[0,0,3,13,3,13,3,13,4,13,4,13,4,13,5,13,5,13,6,13,6,13,7,13,8,12,8,13,8,13,9,12,9,13,9,13,9,14,9,14,8,14,8,14,7,14,6,14,5,14,5,14,4,14,0,0,0,0,0,0,0,0,0,0,0,0,0,0,0,0,0,0,0,0,0,0,3,1,3,1,3,2,3,3,2,3,2,4,2,4,2,4,1,5,1,6,1,6,1,6,0,7,0,7,0,7,1,7,1,8,1,8,2,9,2,9,2,10,2,10,3,11,3,11,3,12,3,12]
[0;33mW (469202) TAG: AP channel is 0 (not ready). Skip this round.[0m
csi_data,[0,0,9,10,9,9,9,9,9,10,10,9,10,9,10,8,11,8,11,8,11,7,12,7,12,6,13,6,14,6,14,6,14,6,15,6,15,6,15,7,15,8,14,8,13,8,12,8,12,9,12,9,11,10,0,0,0,0,0,0,0,0,0,0,0,0,0,0,0,0,0,0,0,0,0,0,3,0,3,0,3,1,3,1,3,2,3,2,3,3,3,4,3,4,3,5,3,5,3,5,3,6,3,6,4,6,4,6,4,7,4,7,5,7,5,7,6,7,6,8,7,8,8,8,8,9,8,9]
[0;33mW (470202) TAG: AP channel is 0 (not ready). Skip this round.[0m
csi_data,[0,0,-15,3,-15,3,-15,3,-15,4,-15,4,-15,4,-15,5,-14,5,-14,6,-14,6,-14,7,-13,8,-13,8,-14,9,-14,9,-15,9,-15,9,-15,9,-16,9,-16,8,-16,8,-16,7,-16,7,-16,6,-16,6,-15,5,0,0,0,0,0,0,0,0,0,0,0,0,0,0,0,0,0,0,0,0,0,0,-2,3,-2,3,-3,3,-4,3,-4,2,-5,2,-6,2,-6,1,-7,1,-7,1,-8,0,-8,0,-8,0,-8,0,-8,0,-9,0,-9,0,-9,1,-10,1,-10,1,-11,2,-12,2,-12,2,-13,3,-14,3,-14,3]
[0;33mW (471202) TAG: AP channel is 0 (not ready). Skip this round.[0m
csi_data,[0,0,-15,-7,-15,-7,-15,-7,-15,-7,-15,-6,-16,-6,-15,-5,-15,-5,-16,-4,-16,-3,-17,-2,-17,-2,-17,-1,-18,-1,-18,0,-19,0,-19,-1,-20,-1,-20,-1,-20,-2,-19,-2,-19,-3,-18,-3,-18,-4,-17,-4,-17,-5,0,0,0,0,0,0,0,0,0,0,0,0,0,0,0,0,0,0,0,0,0,0,-4,1,-5,1,-5,0,-5,-1,-5,-1,-6,-2,-6,-3,-7,-3,-7,-4,-7,-4,-7,-5,-7,-5,-7,-5,-7,-5,-7,-6,-8,-6,-8,-7,-9,-6,-9,-6,-10,-6,-10,-6,-11,-6,-12,-6,-13,-6,-13,-7,-13,-7]
[0;33mW (472202) TAG: AP channel is 0 (not ready). Skip this round.[0m
csi_data,[0,0,8,13,8,13,9,13,9,13,9,13,9,13,10,12,10,12,11,11,11,11,12,10,13,10,13,10,14,10,15,10,15,10,15,11,16,11,15,11,15,12,14,12,14,12,13,12,12,12,11,13,10,13,0,0,0,0,0,0,0,0,0,0,0,0,0,0,0,0,0,0,0,0,0,0,4,1,4,1,4,1,4,2,4,3,4,4,4,4,3,5,3,5,3,6,3,6,3,7,3,7,3,7,3,8,3,8,3,8,4,8,4,9,4,10,5,10,6,10,6,11,7,11,7,12,8,12]
[0;33mW (473202) TAG: AP channel is 0 (not ready). Skip this round.[0m
csi_data,[0,0,-13,-7,-13,-7,-13,-7,-13,-7,-13,-7,-13,-6,-13,-6,-14,-6,-14,-5,-14,-5,-14,-4,-15,-4,-15,-3,-16,-3,-16,-3,-16,-3,-17,-3,-17,-3,-17,-4,-17,-4,-17,-5,-16,-5,-16,-6,-15,-6,-14,-7,-14,-7,0,0,0,0,0,0,0,0,0,0,0,0,0,0,0,0,0,0,0,0,0,0,-4,1,-4,0,-4,0,-4,-1,-5,-1,-5,-2,-6,-2,-6,-3,-6,-3,-6,-4,-6,-4,-6,-4,-6,-5,-6,-5,-6,-5,-6,-5,-7,-6,-8,-6,-8,-6,-8,-6,-9,-6,-10,-6,-11,-6,-11,-6,-11,-7,-12,-7]
[0;33mW (474202) TAG: AP channel is 0 (not ready). Skip this round.[0m
csi_data,[0,0,13,-5,13,-5,13,-5,13,-5,13,-6,13,-6,12,-6,12,-7,12,-7,12,-8,11,-9,11,-9,11,-10,11,-10,12,-11,12,-11,12,-11,13,-11,13,-11,13,-10,14,-10,14,-9,13,-8,13,-8,13,-7,13,-6,0,0,0,0,0,0,0,0,0,0,0,0,0,0,0,0,0,0,0,0,0,0,1,-4,1,-3,2,-3,2,-3,3,-3,3,-3,4,-3,5,-2,5,-2,5,-2,6,-1,6,-2,7,-2,7,-1,7,-1,7,-1,8,-2,8,-2,8,-2,9,-3,9,-3,10,-4,11,-4,11,-4,11,-4,12,-4]
[0;33mW (475202) TAG: AP channel is 0 (not ready). Skip this round.[0m
csi_data,[0,0,0,14,0,14,0,14,1,14,1,13,1,13,2,13,2,13,3,13,3,13,4,13,5,13,5,13,6,14,6,14,6,15,6,15,6,15,6,16,5,16,5,15,4,15,3,15,3,15,2,15,2,14,0,0,0,0,0,0,0,0,0,0,0,0,0,0,0,0,0,0,0,0,0,0,2,1,2,2,2,3,2,3,1,4,1,4,0,4,0,5,0,6,-1,6,-1,6,-1,6,-1,6,-2,7,-2,7,-1,7,-1,8,-1,8,-1,9,-1,9,-1,9,0,10,0,11,0,12,0,12,0,12]
[0;33mW (476202) TAG: AP channel is 0 (not ready). Skip this round.[0m
csi_data,[0,0,-6,12,-6,12,-5,13,-5,13,-5,13,-4,13,-4,13,-3,13,-3,13,-2,13,-2,14,-1,14,0,14,0,15,0,15,-1,16,-1,16,-1,16,-1,16,-1,16,-2,16,-3,16,-3,15,-4,14,-4,14,-5,13,0,0,0,0,0,0,0,0,0,0,0,0,0,0,0,0,0,0,0,0,0,0,1,3,1,3,0,3,0,4,-1,4,-1,4,-2,4,-3,5,-3,5,-3,5,-3,5,-4,5,-4,6,-4,6,-4,6,-4,7,-4,7,-4,7,-5,7,-5,8,-5,9,-5,9,-5,10,-5,11,-5,11,-5,11]
[0;33mW (477202) TAG: AP channel is 0 (not ready). Skip this round.[0m
csi_data,[0,0,-12,11,-12,11,-11,11,-11,12,-11,12,-11,12,-11,12,-10,12,-9,13,-9,13,-9,14,-8,14,-8,15,-8,16,-8,16,-8,16,-8,17,-8,17,-9,17,-9,16,-10,16,-10,15,-11,14,-11,14,-11,13,-12,12,0,0,0,0,0,0,0,0,0,0,0,0,0,0,0,0,0,0,0,0,0,0,0,4,0,4,-1,4,-1,4,-2,4,-3,4,-4,4,-4,4,-5,4,-5,4,-6,4,-7,4,-7,5,-7,5,-7,5,-7,5,-8,5,-8,5,-9,6,-9,7,-9,8,-9,8,-10,9,-10,10,-11,10,-11,10]
[0;33mW (478202) TAG: AP channel is 0 (not ready). Skip this round.[0m
csi_data,[0,0,16,1,16,1,16,1,16,1,16,0,16,0,16,-1,16,-1,16,-2,16,-3,16,-4,16,-5,17,-5,17,-6,17,-6,18,-6,18,-6,18,-6,19,-5,19,-5,18,-4,18,-3,18,-3,18,-2,17,-2,17,-1,0,0,0,0,0,0,0,0,0,0,0,0,0,0,0,0,0,0,0,0,0,0,3,-3,3,-3,3,-2,4,-2,5,-1,5,-1,6,0,6,1,6,1,6,1,7,2,7,2,7,2,8,3,8,3,9,2,9,2,10,2,10,2,11,2,11,2,12,1,13,1,13,1,14,1,15,2]
[0;33mW (479202) TAG: AP channel is 0 (not ready). Skip this round.[0m
csi_data,[0,0,6,12,7,12,7,12,7,12,7,12,7,12,8,11,8,11,9,10,10,10,10,10,11,9,11,9,12,9,12,9,13,9,13,10,12,10,12,10,12,11,11,11,11,11,10,11,10,12,9,12,8,12,0,0,0,0,0,0,0,0,0,0,0,0,0,0,0,0,0,0,0,0,0,0,3,0,3,0,3,1,3,2,3,2,3,3,3,3,3,4,2,5,2,5,2,6,2,6,2,6,2,7,2,7,2,7,3,7,3,7,3,8,4,8,4,9,5,10,5,10,6,10,6,11,6,11]
[0;33mW (480202) TAG: AP channel is 0 (not ready). Skip this round.[0m
csi_data,[0,0,10,11,10,11,11,11,11,11,11,11,11,10,12,9,12,9,12,9,13,8,14,8,14,8,14,8,15,8,16,7,16,8,16,8,16,8,16,9,16,9,16,10,15,10,14,10,13,11,13,11,12,12,0,0,0,0,0,0,0,0,0,0,0,0,0,0,0,0,0,0,0,0,0,0,4,-1,3,0,4,0,4,1,4,2,4,2,4,3,4,4,4,5,4,5,4,6,4,6,4,6,4,7,4,7,4,7,5,7,5,7,5,8,6,8,7,8,8,9,9,9,9,10,9,10,10,10]
[0;33mW (481202) TAG: AP channel is 0 (not ready). Skip this round.[0m
csi_data,[0,0,-14,0,-14,0,-15,0,-15,1,-15,1,-14,1,-14,2,-14,2,-14,3,-14,4,-14,4,-14,5,-15,5,-15,5,-15,6,-16,6,-16,6,-16,6,-17,5,-17,5,-17,4,-17,4,-17,3,-17,2,-16,1,-16,0,0,0,0,0,0,0,0,0,0,0,0,0,0,0,0,0,0,0,0,0,0,0,-2,0,-2,0,-2,0,-3,0,-3,0,-4,-1,-4,-1,-5,-1,-5,-1,-6,-2,-6,-2,-6,-2,-7,-2,-7,-2,-7,-2,-7,-2,-8,-2,-9,-1,-9,-1,-10,-1,-10,-1,-11,0,-12,0,-12,0,-12,0,-13,0]
[0;33mW (482202) TAG: AP channel is 0 (not ready). Skip this round.[0m
csi_data,[0,0,3,-14,3,-14,3,-14,3,-14,3,-14,3,-14,2,-15,2,-15,1,-14,0,-15,-1,-15,-1,-15,-1,-16,-1,-16,-1,-17,-1,-17,-1,-17,-1,-18,0,-18,0,-18,1,-18,1,-17,2,-17,2,-16,3,-15,3,-15,0,0,0,0,0,0,0,0,0,0,0,0,0,0,0,0,0,0,0,0,0,0,-2,-2,-1,-3,-1,-3,-1,-4,0,-4,0,-5,1,-5,1,-5,1,-5,2,-6,2,-6,2,-6,3,-6,3,-7,3,-7,3,-7,3,-8,3,-8,3,-9,3,-9,3,-10,3,-11,3,-12,3,-12,3,-13,3,-13]
[0;33mW (483202) TAG: AP channel is 0 (not ready). Skip this round.[0m
csi_data,[0,0,-3,13,-3,13,-3,13,-3,13,-2,14,-2,14,-2,14,-1,14,0,14,0,14,1,14,1,15,2,15,2,15,2,15,2,16,2,16,2,16,1,17,1,16,0,16,-1,16,-1,15,-2,15,-3,15,-3,15,0,0,0,0,0,0,0,0,0,0,0,0,0,0,0,0,0,0,0,0,0,0,1,1,1,2,0,2,0,3,0,3,0,4,-1,4,-1,4,-2,4,-2,5,-2,5,-3,5,-3,5,-3,6,-3,6,-3,6,-3,7,-3,7,-3,8,-3,9,-3,9,-3,10,-2,10,-2,11,-3,12,-3,12]
[0;33mW (484202) TAG: AP channel is 0 (not ready). Skip this round.[0m
csi_data,[0,0,-11,9,-11,9,-11,9,-11,9,-11,9,-11,10,-10,11,-9,11,-9,11,-9,11,-8,12,-8,13,-8,13,-8,13,-8,14,-8,14,-8,14,-9,15,-9,15,-9,15,-9,14,-10,13,-10,13,-11,12,-11,11,-11,10,0,0,0,0,0,0,0,0,0,0,0,0,0,0,0,0,0,0,0,0,0,0,-1,1,-1,1,-2,2,-2,2,-3,2,-3,2,-3,2,-4,2,-4,2,-5,2,-6,2,-6,2,-6,2,-7,2,-7,2,-7,3,-7,4,-8,4,-8,5,-8,5,-8,6,-9,6,-9,7,-10,7,-10,8,-10,8]
[0;33mW (485202) TAG: AP channel is 0 (not ready). Skip this round.[0m
csi_data,[0,0,-8,-14,-8,-15,-8,-15,-9,-15,-9,-15,-9,-14,-9,-14,-10,-14,-11,-13,-12,-12,-12,-12,-13,-12,-13,-12,-14,-13,-14,-13,-15,-13,-15,-13,-15,-14,-15,-15,-14,-15,-13,-15,-13,-15,-12,-15,-11,-15,-10,-15,-9,-16,0,0,0,0,0,0,0,0,0,0,0,0,0,0,0,0,0,0,0,0,0,0,-3,-1,-3,-2,-3,-2,-3,-3,-2,-4,-3,-4,-3,-4,-3,-5,-3,-6,-2,-6,-2,-7,-2,-7,-2,-8,-2,-8,-3,-9,-3,-9,-3,-9,-4,-10,-4,-10,-4,-11,-5,-11,-6,-11,-6,-12,-7,-12,-7,-13,-7,-14]
[0;33mW (486202) TAG: AP channel is 0 (not ready). Skip this round.[0m
csi_data,[0,0,8,-14,8,-15,8,-15,8,-15,7,-15,7,-16,7,-16,6,-16,5,-16,5,-16,4,-17,4,-18,3,-19,3,-19,3,-19,3,-20,3,-20,3,-20,4,-20,5,-20,5,-20,6,-19,6,-18,7,-18,8,-17,8,-17,0,0,0,0,0,0,0,0,0,0,0,0,0,0,0,0,0,0,0,0,0,0,-1,-3,-1,-3,0,-4,0,-4,1,-4,1,-5,2,-5,2,-5,3,-5,4,-5,4,-6,5,-6,5,-6,5,-6,6,-7,6,-7,6,-8,6,-8,6,-9,6,-10,7,-10,7,-11,7,-12,7,-12,8,-13,8,-13]
[0;33mW (487202) TAG: AP channel is 0 (not ready). Skip this round.[0m
csi_data,[0,0,14,-3,14,-3,14,-4,14,-4,14,-4,13,-4,13,-5,13,-6,13,-6,13,-7,13,-7,13,-8,13,-9,13,-9,13,-9,14,-10,14,-10,14,-10,15,-10,15,-9,15,-8,15,-8,15,-7,15,-6,14,-5,14,-5,0,0,0,0,0,0,0,0,0,0,0,0,0,0,0,0,0,0,0,0,0,0,1,-2,1,-2,1,-2,2,-2,2,-2,3,-2,4,-1,4,-1,5,-1,5,-1,5,0,6,0,6,0,7,0,7,0,7,0,8,0,8,-1,8,-1,9,-1,10,-2,11,-2,11,-3,12,-3,12,-3,12,-2]
[0;33mW (488202) TAG: AP channel is 0 (not ready). Skip this round.[0m
csi_data,[0,0,-6,-16,-6,-16,-7,-16,-7,-16,-7,-16,-7,-16,-8,-15,-8,-15,-9,-15,-10,-15,-11,-15,-11,-14,-12,-14,-12,-14,-13,-15,-13,-15,-13,-15,-13,-16,-13,-16,-12,-16,-11,-17,-11,-17,-10,-17,-9,-17,-8,-17,-8,-17,0,0,0,0,0,0,0,0,0,0,0,0,0,0,0,0,0,0,0,0,0,0,-2,-1,-2,-1,-2,-2,-2,-3,-2,-3,-2,-4,-2,-5,-2,-6,-2,-6,-2,-7,-2,-7,-2,-7,-1,-8,-1,-8,-2,-9,-2,-9,-2,-9,-3,-10,-3,-10,-3,-11,-3,-11,-4,-12,-5,-12,-5,-13,-5,-14,-6,-15]
[0;33mW (489202) TAG: AP channel is 0 (not ready). Skip this round.[0m
csi_data,[0,0,13,-4,13,-4,13,-4,13,-4,13,-5,13,-5,13,-5,13,-6,13,-7,13,-7,12,-8,12,-8,12,-9,13,-9,13,-10,13,-10,13,-10,13,-10,14,-10,14,-10,14,-9,14,-8,14,-8,14,-7,14,-6,14,-5,0,0,0,0,0,0,0,0,0,0,0,0,0,0,0,0,0,0,0,0,0,0,1,-3,1,-3,2,-3,2,-2,3,-2,3,-2,4,-2,4,-2,5,-1,5,-1,5,0,6,0,6,0,6,0,6,0,7,0,8,-1,8,-1,8,-1,9,-1,10,-2,10,-2,10,-3,11,-3,12,-3,12,-3]
[0;33mW (490202) TAG: AP channel is 0 (not ready). Skip this round.[0m
csi_data,[0,0,16,-2,16,-3,16,-3,17,-3,16,-4,16,-4,16,-4,16,-5,16,-6,16,-6,16,-7,16,-8,16,-9,16,-9,17,-10,17,-10,17,-10,18,-10,18,-9,18,-9,18,-8,18,-7,18,-6,18,-5,18,-4,18,-3,0,0,0,0,0,0,0,0,0,0,0,0,0,0,0,0,0,0,0,0,0,0,1,-3,1,-3,2,-3,3,-3,4,-3,4,-3,5,-2,5,-1,6,-1,6,0,7,0,7,1,7,1,8,0,8,0,8,0,9,0,9,0,10,-1,11,-1,11,-1,12,-1,13,-1,13,-2,14,-2,15,-2]
[0;33mW (491202) TAG: AP channel is 0 (not ready). Skip this round.[0m
csi_data,[0,0,-10,10,-10,10,-10,11,-10,11,-9,11,-9,11,-9,12,-8,12,-8,12,-7,13,-7,13,-6,14,-6,14,-6,15,-6,15,-6,16,-6,16,-7,16,-7,16,-7,16,-8,16,-8,15,-9,14,-9,13,-9,13,-10,12,0,0,0,0,0,0,0,0,0,0,0,0,0,0,0,0,0,0,0,0,0,0,0,2,-1,2,-1,2,-2,2,-2,3,-2,3,-3,3,-4,3,-4,3,-5,3,-5,3,-6,3,-6,3,-6,4,-6,4,-6,4,-7,4,-7,5,-7,5,-8,6,-8,7,-8,7,-8,8,-9,9,-9,9,-9,10]
[0;33mW (492202) TAG: AP channel is 0 (not ready). Skip this round.[0m
csi_data,[0,0,-14,-6,-14,-6,-14,-6,-14,-6,-14,-5,-14,-5,-15,-4,-15,-4,-15,-4,-16,-3,-16,-2,-16,-2,-16,-2,-17,-1,-17,-1,-18,-1,-18,-1,-18,-2,-18,-2,-18,-2,-18,-3,-17,-4,-17,-4,-16,-5,-16,-6,-15,-6,0,0,0,0,0,0,0,0,0,0,0,0,0,0,0,0,0,0,0,0,0,0,-2,0,-3,0,-3,0,-3,0,-4,-1,-4,-1,-4,-2,-5,-2,-5,-3,-5,-3,-6,-4,-6,-4,-6,-5,-6,-5,-6,-5,-7,-5,-7,-5,-8,-5,-8,-5,-9,-5,-10,-5,-10,-5,-11,-5,-12,-6,-12,-6,-12,-6]
[0;33mW (493202) TAG: AP channel is 0 (not ready). Skip this round.[0m
csi_data,[0,0,12,10,12,10,13,10,13,10,13,10,13,9,14,8,14,8,14,7,15,7,15,7,16,6,16,5,17,5,18,5,18,5,19,6,19,6,19,7,19,7,18,7,18,8,17,9,16,9,15,10,15,10,0,0,0,0,0,0,0,0,0,0,0,0,0,0,0,0,0,0,0,0,0,0,2,-1,2,-1,2,0,3,0,3,0,4,1,4,2,4,3,4,3,4,4,4,5,4,5,4,6,5,6,5,6,6,6,6,6,6,7,7,7,7,7,8,7,9,8,9,8,10,9,11,9,11,9]
[0;33mW (494202) TAG: AP channel is 0 (not ready). Skip this round.[0m
csi_data,[0,0,7,-13,6,-13,6,-13,6,-13,6,-14,5,-14,5,-14,5,-15,4,-15,3,-15,3,-15,2,-16,2,-16,1,-17,1,-17,2,-18,2,-18,2,-18,2,-18,3,-18,4,-18,4,-17,4,-17,4,-16,5,-16,5,-15,0,0,0,0,0,0,0,0,0,0,0,0,0,0,0,0,0,0,0,0,0,0,-2,-3,-1,-3,-1,-4,0,-4,0,-5,1,-5,1,-4,2,-5,2,-5,3,-5,3,-5,4,-5,4,-6,4,-6,4,-6,5,-6,5,-7,5,-7,5,-8,5,-8,5,-9,5,-10,5,-11,5,-11,6,-12,6,-12]
[0;33mW (495202) TAG: AP channel is 0 (not ready). Skip this round.[0m
csi_data,[0,0,16,-4,16,-4,16,-5,16,-5,16,-5,16,-6,16,-6,16,-7,16,-7,15,-8,15,-9,15,-10,15,-10,15,-11,16,-11,16,-11,17,-11,17,-11,18,-11,18,-10,18,-9,18,-9,17,-8,17,-7,17,-6,17,-5,0,0,0,0,0,0,0,0,0,0,0,0,0,0,0,0,0,0,0,0,0,0,1,-3,1,-3,1,-3,2,-3,3,-3,4,-3,4,-2,5,-2,6,-1,6,-1,7,-1,7,-1,7,-1,8,-1,8,-1,9,-1,9,-1,10,-2,10,-2,10,-3,11,-3,12,-3,13,-3,13,-4,14,-4,14,-4]
[0;33mW (496202) TAG: AP channel is 0 (not ready). Skip this round.[0m
csi_data,[0,0,12,-11,12,-11,12,-11,12,-12,12,-12,11,-13,11,-13,10,-14,10,-14,9,-15,9,-15,9,-16,8,-17,8,-17,8,-18,8,-18,8,-18,9,-19,9,-19,10,-18,11,-17,11,-17,11,-16,12,-15,12,-14,12,-14,0,0,0,0,0,0,0,0,0,0,0,0,0,0,0,0,0,0,0,0,0,0,-1,-3,0,-3,0,-4,1,-4,1,-4,2,-4,3,-4,3,-4,4,-4,5,-4,5,-4,6,-4,6,-4,7,-5,7,-5,7,-5,7,-6,8,-6,8,-6,8,-7,9,-8,9,-9,10,-9,10,-9,10,-10,11,-10]
[0;33mW (497202) TAG: AP channel is 0 (not ready). Skip this round.[0m
csi_data,[0,0,-13,-7,-13,-7,-13,-7,-14,-7,-14,-7,-14,-6,-14,-6,-14,-5,-15,-5,-15,-4,-15,-3,-16,-3,-16,-2,-17,-2,-17,-2,-17,-2,-18,-2,-18,-2,-18,-3,-18,-3,-18,-4,-17,-4,-17,-5,-16,-5,-16,-6,-15,-6,0,0,0,0,0,0,0,0,0,0,0,0,0,0,0,0,0,0,0,0,0,0,-3,1,-3,1,-3,0,-4,-1,-4,-1,-5,-2,-5,-2,-5,-3,-5,-3,-5,-4,-6,-4,-6,-5,-6,-5,-6,-5,-6,-5,-7,-6,-7,-6,-7,-6,-8,-6,-9,-6,-9,-6,-10,-6,-11,-6,-11,-6,-12,-6,-12,-7]
[0;33mW (498202) TAG: AP channel is 0 (not ready). Skip this round.[0m
csi_data,[0,0,-16,-1,-16,-1,-17,-1,-17,-1,-17,0,-17,0,-17,1,-17,1,-17,2,-17,2,-17,3,-17,4,-17,5,-18,5,-18,5,-19,5,-19,6,-20,6,-20,6,-20,5,-20,4,-19,3,-19,2,-19,1,-18,1,-18,0,0,0,0,0,0,0,0,0,0,0,0,0,0,0,0,0,0,0,0,0,0,0,-2,1,-3,1,-3,1,-4,1,-4,1,-5,0,-6,0,-6,0,-6,-1,-7,-2,-7,-2,-8,-3,-8,-3,-8,-3,-8,-3,-9,-3,-9,-3,-10,-3,-11,-3,-11,-3,-12,-2,-13,-2,-13,-2,-14,-2,-15,-2,-15,-2]
[0;33mW (499202) TAG: AP channel is 0 (not ready). Skip this round.[0m
csi_data,[0,0,-11,-10,-11,-10,-11,-10,-11,-10,-11,-9,-11,-9,-12,-9,-12,-8,-13,-8,-13,-8,-13,-7,-14,-7,-14,-7,-15,-6,-15,-6,-16,-6,-16,-6,-16,-7,-16,-7,-16,-7,-16,-8,-15,-8,-14,-8,-14,-9,-13,-9,-12,-10,0,0,0,0,0,0,0,0,0,0,0,0,0,0,0,0,0,0,0,0,0,0,-3,0,-3,0,-3,-1,-3,-2,-3,-2,-4,-3,-4,-3,-4,-4,-4,-5,-4,-5,-4,-5,-4,-6,-4,-6,-4,-6,-4,-7,-5,-7,-5,-7,-5,-7,-6,-7,-6,-8,-7,-8,-7,-8,-8,-9,-9,-9,-9,-9,-9,-9]
[0;33mW (500202) TAG: AP channel is 0 (not ready). Skip this round.[0m
csi_data,[0,0,-13,-7,-13,-7,-13,-7,-13,-7,-14,-7,-14,-6,-14,-6,-14,-5,-15,-5,-15,-4,-15,-4,-15,-3,-16,-3,-17,-2,-17,-2,-17,-2,-18,-3,-18,-3,-18,-3,-18,-3,-17,-4,-17,-5,-16,-5,-16,-6,-15,-6,-15,-7,0,0,0,0,0,0,0,0,0,0,0,0,0,0,0,0,0,0,0,0,0,0,-3,0,-3,0,-3,0,-3,-1,-4,-1,-4,-2,-4,-2,-4,-3,-5,-3,-5,-4,-5,-4,-5,-5,-5,-5,-5,-5,-6,-5,-6,-5,-7,-6,-7,-6,-8,-6,-8,-6,-9,-6,-10,-6,-10,-6,-11,-6,-11,-7,-12,-7]
[0;33mW (501202) TAG: AP channel is 0 (not ready). Skip this round.[0m
csi_data,[0,0,5,12,5,12,5,12,6,12,6,12,6,11,7,11,7,11,8,10,8,10,9,10,9,10,10,10,11,10,11,10,12,10,12,11,12,11,12,12,11,12,10,12,9,12,9,12,8,12,7,12,7,13,0,0,0,0,0,0,0,0,0,0,0,0,0,0,0,0,0,0,0,0,0,0,2,0,2,0,2,1,2,1,2,2,2,2,2,3,2,4,2,4,1,4,1,5,1,5,1,6,1,6,1,6,2,7,2,7,2,7,2,8,3,8,3,8,3,9,4,9,4,10,5,10,5,11]
[0;33mW (502202) TAG: AP channel is 0 (not ready). Skip this round.[0m
csi_data,[0,0,15,-1,15,-1,15,-1,15,-2,16,-2,16,-3,15,-3,15,-4,15,-4,15,-5,15,-6,15,-7,15,-8,15,-8,16,-9,16,-9,16,-9,17,-9,18,-8,18,-8,18,-7,17,-6,17,-6,17,-5,16,-4,16,-3,0,0,0,0,0,0,0,0,0,0,0,0,0,0,0,0,0,0,0,0,0,0,1,-3,2,-3,2,-3,2,-3,3,-2,4,-2,4,-1,5,-1,5,-1,6,0,6,0,6,0,7,1,7,0,7,0,8,1,8,1,8,1,9,0,10,0,11,0,12,-1,12,-1,13,-1,13,-1,14,-1]
[0;33mW (503202) TAG: AP channel is 0 (not ready). Skip this round.[0m
csi_data,[0,0,-6,15,-6,15,-5,16,-5,16,-5,16,-4,16,-4,16,-4,16,-3,17,-2,17,-2,17,-1,17,-1,18,0,18,0,19,1,20,1,20,0,20,0,20,-1,20,-2,20,-3,20,-4,19,-5,19,-5,18,-6,17,0,0,0,0,0,0,0,0,0,0,0,0,0,0,0,0,0,0,0,0,0,0,1,1,1,2,0,2,0,3,0,4,-1,4,-2,4,-2,5,-3,5,-4,6,-4,6,-4,6,-5,6,-5,7,-5,7,-5,7,-5,8,-5,8,-5,9,-5,10,-5,11,-5,11,-5,12,-5,13,-6,13,-6,14]
[0;33mW (504202) TAG: AP channel is 0 (not ready). Skip this round.[0m
csi_data,[0,0,-1,13,-1,14,-1,14,-1,14,-1,14,0,14,0,14,1,14,1,14,2,14,3,13,4,14,4,14,4,14,4,15,5,15,5,16,4,16,4,16,4,16,3,16,2,16,2,16,1,15,1,15,0,15,0,0,0,0,0,0,0,0,0,0,0,0,0,0,0,0,0,0,0,0,0,0,1,1,1,1,1,1,0,2,0,3,0,3,0,4,-1,4,-2,4,-2,5,-2,5,-2,5,-2,5,-2,6,-2,6,-2,7,-2,7,-2,8,-2,8,-2,9,-2,9,-2,10,-1,10,-1,11,-1,12,-1,12]
[0;33mW (505202) TAG: AP channel is 0 (not ready). Skip this round.[0m
csi_data,[0,0,10,10,10,10,10,10,10,9,10,9,11,9,11,8,11,8,12,8,12,7,13,7,13,6,14,6,15,6,15,6,15,6,15,6,16,6,16,7,15,7,15,8,14,9,14,9,13,9,12,9,12,10,0,0,0,0,0,0,0,0,0,0,0,0,0,0,0,0,0,0,0,0,0,0,2,-1,2,-1,2,0,2,0,3,1,3,2,3,2,3,3,3,3,3,4,3,4,3,5,3,5,3,5,4,6,4,6,4,6,5,6,5,7,6,7,6,7,7,7,8,8,8,8,9,9,9,8]
[0;33mW (506202) TAG: AP channel is 0 (not ready). Skip this round.[0m
csi_data,[0,0,12,5,12,5,13,5,13,5,13,5,13,5,13,4,14,4,14,3,14,2,15,2,15,2,15,1,15,1,16,1,17,0,17,1,17,1,17,1,17,2,17,3,16,3,16,4,15,4,15,5,14,5,0,0,0,0,0,0,0,0,0,0,0,0,0,0,0,0,0,0,0,0,0,0,2,-2,2,-1,2,-1,3,-1,3,0,4,0,4,1,4,1,4,2,5,2,5,3,4,3,5,4,5,4,6,4,6,4,6,4,7,4,7,4,8,4,8,4,9,4,10,5,10,5,11,5,11,5]
[0;33mW (507202) TAG: AP channel is 0 (not ready). Skip this round.[0m
csi_data,[0,0,-8,11,-8,11,-8,12,-8,12,-8,12,-8,13,-7,13,-7,13,-6,13,-6,13,-5,14,-5,14,-5,15,-4,15,-4,16,-4,16,-5,16,-5,17,-5,17,-6,17,-7,16,-7,16,-7,15,-8,14,-8,13,-9,13,0,0,0,0,0,0,0,0,0,0,0,0,0,0,0,0,0,0,0,0,0,0,1,1,0,2,0,2,-1,3,-1,3,-2,3,-2,4,-3,4,-3,4,-4,4,-4,4,-5,4,-5,4,-5,4,-6,5,-6,5,-6,5,-6,6,-6,7,-7,7,-7,8,-7,8,-7,9,-7,10,-8,10,-8,10]
[0;33mW (508202) TAG: AP channel is 0 (not ready). Skip this round.[0m
csi_data,[0,0,4,14,4,14,5,14,5,14,5,14,6,14,6,14,7,14,8,13,8,13,9,13,9,12,10,13,11,13,12,13,12,13,12,13,12,14,12,14,11,15,11,15,10,15,9,15,9,15,7,15,7,15,0,0,0,0,0,0,0,0,0,0,0,0,0,0,0,0,0,0,0,0,0,0,2,0,2,0,2,1,2,2,2,2,2,3,2,3,1,4,1,5,1,5,1,6,0,6,0,6,0,7,0,7,1,8,1,8,1,8,1,9,2,9,2,10,3,11,3,12,4,12,4,13,4,13]
[0;33mW (509202) TAG: AP channel is 0 (not ready). Skip this round.[0m
csi_data,[0,0,-11,9,-11,9,-11,9,-11,9,-11,10,-11,10,-10,10,-10,10,-9,11,-9,11,-8,12,-8,12,-7,13,-8,13,-8,14,-8,14,-8,14,-9,14,-9,14,-10,14,-10,14,-10,13,-10,13,-10,12,-11,11,-11,11,0,0,0,0,0,0,0,0,0,0,0,0,0,0,0,0,0,0,0,0,0,0,0,2,0,2,-1,2,-1,3,-2,3,-2,3,-3,3,-3,3,-4,3,-5,3,-5,3,-5,3,-6,3,-6,3,-7,3,-7,4,-7,4,-7,4,-7,5,-8,5,-8,6,-9,6,-9,7,-9,7,-9,8,-10,8]
[0;33mW (510202) TAG: AP channel is 0 (not ready). Skip this round.[0m
csi_data,[0,0,12,-10,13,-10,13,-10,13,-11,12,-11,12,-12,12,-12,11,-12,11,-12,11,-13,11,-14,10,-14,10,-15,10,-16,10,-16,11,-16,11,-17,11,-17,12,-17,12,-16,12,-16,13,-15,13,-14,13,-13,14,-12,14,-12,0,0,0,0,0,0,0,0,0,0,0,0,0,0,0,0,0,0,0,0,0,0,0,-3,0,-3,0,-3,1,-4,1,-4,2,-4,3,-4,3,-4,4,-4,4,-4,5,-3,6,-3,6,-3,6,-4,7,-4,7,-4,8,-4,8,-5,8,-5,9,-6,9,-7,10,-7,10,-7,11,-8,11,-8,12,-9]
[0;33mW (511202) TAG: AP channel is 0 (not ready). Skip this round.[0m
csi_data,[0,0,1,14,0,14,1,14,1,14,1,14,2,14,2,14,3,14,3,14,4,14,5,14,5,14,6,14,6,14,7,15,7,15,7,16,7,16,6,16,6,16,5,17,4,17,3,16,3,16,2,16,1,16,0,0,0,0,0,0,0,0,0,0,0,0,0,0,0,0,0,0,0,0,0,0,1,0,1,1,1,1,1,2,1,2,1,3,1,3,0,4,0,4,-1,5,-1,5,-1,5,-1,6,-1,6,-1,6,-1,7,-1,7,-1,8,-1,9,-1,9,-1,10,0,10,0,11,0,12,0,12,1,13]
[0;33mW (512202) TAG: AP channel is 0 (not ready). Skip this round.[0m
csi_data,[0,0,2,14,2,14,3,15,3,14,3,14,3,14,4,14,4,14,5,14,6,14,6,14,7,14,8,14,8,14,9,14,9,15,9,15,9,15,8,16,8,17,7,16,6,16,5,16,5,16,4,16,3,15,0,0,0,0,0,0,0,0,0,0,0,0,0,0,0,0,0,0,0,0,0,0,2,0,1,0,1,1,1,2,1,3,1,3,1,3,1,4,0,4,0,5,0,5,0,6,0,6,0,6,0,7,0,7,0,8,0,8,1,9,1,10,1,10,1,11,2,11,2,12,2,13,3,13]
[0;33mW (513202) TAG: AP channel is 0 (not ready). Skip this round.[0m
csi_data,[0,0,4,13,4,13,4,14,4,14,5,13,5,13,5,13,6,13,6,12,7,12,8,12,8,12,9,12,10,12,10,12,10,13,10,13,11,14,11,14,10,14,9,14,8,14,8,14,7,14,6,15,5,15,0,0,0,0,0,0,0,0,0,0,0,0,0,0,0,0,0,0,0,0,0,0,2,0,2,0,2,1,2,2,1,2,1,3,1,3,1,4,1,4,0,5,0,5,0,6,0,6,0,7,0,7,0,7,1,7,1,8,1,8,2,9,2,9,2,10,3,11,3,11,3,12,4,12]
[0;33mW (514202) TAG: AP channel is 0 (not ready). Skip this round.[0m
csi_data,[0,0,8,11,8,11,8,11,8,11,9,10,9,10,9,10,10,9,11,9,11,8,12,8,12,8,13,8,13,8,14,8,14,8,14,8,14,9,14,9,14,9,13,10,12,10,12,10,11,10,10,11,10,11,0,0,0,0,0,0,0,0,0,0,0,0,0,0,0,0,0,0,0,0,0,0,1,-1,1,-1,1,0,2,0,2,1,2,2,2,2,2,3,2,3,2,4,2,5,2,5,2,5,2,5,2,6,3,6,3,6,4,7,4,7,4,7,5,8,6,8,6,8,7,9,7,9,8,9]
[0;33mW (515202) TAG: AP channel is 0 (not ready). Skip this round.[0m
csi_data,[0,0,-6,13,-6,13,-6,13,-5,13,-5,13,-5,13,-4,13,-4,14,-3,14,-2,14,-2,14,-1,14,-1,15,0,15,0,16,0,16,-1,17,-1,17,-1,17,-2,17,-3,16,-3,16,-4,16,-4,15,-5,15,-5,14,0,0,0,0,0,0,0,0,0,0,0,0,0,0,0,0,0,0,0,0,0,0,1,1,0,1,0,2,0,2,-1,3,-1,3,-2,3,-2,4,-3,4,-3,4,-4,4,-4,4,-4,5,-4,5,-4,5,-5,6,-5,6,-5,7,-5,7,-5,8,-5,9,-5,9,-5,10,-5,11,-5,11,-5,11]
[0;33mW (516202) TAG: AP channel is 0 (not ready). Skip this round.[0m
csi_data,[0,0,-1,14,-1,14,-1,14,-1,14,-1,14,0,14,0,14,1,14,2,14,3,14,3,14,3,14,4,14,4,14,5,15,5,15,5,16,5,16,4,16,4,16,3,16,3,16,2,16,1,16,0,15,0,15,0,0,0,0,0,0,0,0,0,0,0,0,0,0,0,0,0,0,0,0,0,0,2,1,2,1,1,2,1,2,1,3,1,3,0,4,0,4,-1,5,-1,5,-2,6,-2,6,-2,6,-2,6,-2,7,-2,7,-2,7,-2,8,-2,8,-2,9,-2,9,-1,10,-1,11,-1,12,-1,12,-1,12]
[0;33mW (517202) TAG: AP channel is 0 (not ready). Skip this round.[0m
csi_data,[0,0,15,-4,15,-5,15,-5,15,-5,15,-5,15,-6,15,-6,15,-7,14,-8,14,-8,14,-9,14,-10,14,-10,14,-11,15,-11,15,-12,16,-12,16,-11,17,-11,17,-11,17,-10,16,-9,17,-8,17,-7,16,-7,17,-6,0,0,0,0,0,0,0,0,0,0,0,0,0,0,0,0,0,0,0,0,0,0,0,-3,0,-3,1,-3,2,-3,3,-3,3,-3,4,-2,5,-2,5,-2,6,-2,6,-2,7,-1,7,-1,7,-1,8,-1,8,-1,8,-2,9,-2,9,-2,10,-3,11,-3,11,-3,12,-4,13,-4,13,-5,14,-5]
[0;33mW (518202) TAG: AP channel is 0 (not ready). Skip this round.[0m
csi_data,[0,0,2,-16,2,-16,2,-16,2,-17,1,-17,1,-17,0,-18,-1,-18,-1,-17,-1,-18,-2,-18,-3,-18,-4,-18,-4,-18,-4,-19,-5,-19,-5,-20,-5,-20,-4,-21,-4,-21,-3,-20,-2,-20,-1,-19,0,-19,1,-19,1,-19,0,0,0,0,0,0,0,0,0,0,0,0,0,0,0,0,0,0,0,0,0,0,-2,-2,-2,-3,-2,-3,-2,-4,-1,-4,-1,-5,0,-6,0,-6,1,-6,1,-6,2,-7,2,-7,3,-7,2,-8,2,-8,2,-8,2,-9,2,-10,3,-10,3,-11,2,-12,2,-13,2,-13,2,-14,3,-15,2,-15]
[0;33mW (519202) TAG: AP channel is 0 (not ready). Skip this round.[0m
csi_data,[0,0,14,1,13,1,13,1,14,1,14,1,14,0,14,0,14,-1,14,-2,14,-2,13,-3,14,-3,14,-4,15,-4,15,-4,16,-4,16,-4,16,-4,16,-4,16,-3,16,-2,16,-2,16,-1,15,-1,15,0,15,1,0,0,0,0,0,0,0,0,0,0,0,0,0,0,0,0,0,0,0,0,0,0,1,-2,1,-2,1,-2,2,-2,3,-1,3,-1,3,0,4,0,4,0,5,0,5,1,5,1,6,1,6,2,6,2,7,2,7,2,8,2,8,1,8,1,9,1,10,1,10,1,11,1,12,1,12,1]
[0;33mW (520202) TAG: AP channel is 0 (not ready). Skip this round.[0m
csi_data,[0,0,-16,-3,-17,-3,-17,-3,-17,-2,-17,-2,-17,-2,-17,-1,-17,0,-17,1,-17,1,-17,2,-17,3,-18,3,-18,3,-19,4,-19,4,-19,4,-20,3,-21,3,-20,2,-20,1,-20,1,-19,0,-19,-1,-18,-2,-18,-2,0,0,0,0,0,0,0,0,0,0,0,0,0,0,0,0,0,0,0,0,0,0,-2,1,-2,1,-3,1,-3,1,-4,0,-5,0,-5,0,-6,-1,-6,-1,-6,-2,-7,-2,-7,-3,-7,-3,-8,-3,-8,-3,-9,-3,-9,-3,-10,-3,-10,-3,-11,-3,-12,-3,-13,-3,-13,-2,-14,-2,-15,-3,-16,-3]
[0;33mW (521202) TAG: AP channel is 0 (not ready). Skip this round.[0m
csi_data,[0,0,15,4,15,3,15,3,15,3,15,3,15,2,16,2,16,1,16,0,16,0,16,-1,17,-1,17,-2,17,-2,18,-2,18,-2,19,-2,19,-2,19,-2,19,-1,19,0,19,0,18,1,17,2,17,3,16,3,0,0,0,0,0,0,0,0,0,0,0,0,0,0,0,0,0,0,0,0,0,0,1,-2,1,-2,2,-1,2,-1,3,-1,3,-1,4,0,4,1,5,1,5,1,5,2,6,2,6,2,6,3,7,3,7,3,7,3,8,3,9,3,9,3,10,3,11,3,12,3,12,3,13,3,14,3]
[0;33mW (522202) TAG: AP channel is 0 (not ready). Skip this round.[0m
csi_data,[0,0,10,12,10,12,10,11,10,11,11,11,11,11,11,10,12,10,12,10,13,9,14,9,14,8,15,8,16,8,16,8,17,8,17,8,17,9,17,9,17,9,16,10,15,10,15,11,14,11,12,11,12,12,0,0,0,0,0,0,0,0,0,0,0,0,0,0,0,0,0,0,0,0,0,0,2,-1,2,-1,3,0,3,1,3,1,3,2,3,3,4,3,3,4,3,4,3,5,3,6,3,6,3,6,4,6,4,6,5,7,5,7,6,8,6,8,7,8,7,9,8,9,9,10,9,10,9,11]
[0;33mW (523202) TAG: AP channel is 0 (not ready). Skip this round.[0m
csi_data,[0,0,-16,-1,-16,-1,-17,-1,-17,-1,-17,0,-17,0,-17,1,-17,1,-17,2,-17,3,-17,3,-17,4,-17,5,-17,6,-18,6,-18,6,-19,6,-19,6,-19,6,-19,5,-19,4,-19,3,-19,3,-18,2,-18,1,-18,0,0,0,0,0,0,0,0,0,0,0,0,0,0,0,0,0,0,0,0,0,0,0,-2,1,-3,1,-3,1,-4,1,-4,0,-5,0,-6,0,-6,-1,-6,-1,-6,-2,-7,-2,-7,-3,-7,-3,-8,-3,-8,-3,-9,-3,-9,-3,-10,-3,-10,-2,-11,-2,-12,-2,-12,-2,-13,-1,-14,-1,-15,-2,-15,-2]
[0;33mW (524202) TAG: AP channel is 0 (not ready). Skip this round.[0m
csi_data,[0,0,-3,-14,-2,-14,-2,-14,-3,-14,-3,-14,-4,-14,-4,-14,-4,-14,-5,-14,-6,-14,-7,-14,-7,-14,-8,-14,-8,-14,-9,-14,-9,-15,-9,-15,-9,-15,-9,-16,-8,-16,-7,-16,-7,-16,-6,-15,-6,-15,-5,-15,-4,-15,0,0,0,0,0,0,0,0,0,0,0,0,0,0,0,0,0,0,0,0,0,0,-2,-1,-2,-2,-2,-2,-2,-3,-2,-3,-2,-4,-1,-4,-1,-5,-1,-5,-1,-6,0,-6,0,-6,0,-7,0,-7,0,-7,0,-8,0,-8,0,-8,-1,-9,-1,-10,-1,-10,-2,-11,-2,-11,-2,-12,-2,-13,-2,-13]
[0;33mW (525202) TAG: AP channel is 0 (not ready). Skip this round.[0m
csi_data,[0,0,-12,8,-12,8,-12,8,-12,8,-12,8,-12,9,-11,9,-11,9,-11,10,-10,11,-10,11,-10,12,-9,12,-9,13,-9,13,-9,14,-10,14,-10,14,-11,14,-11,13,-12,13,-12,12,-12,12,-12,11,-12,10,-12,9,0,0,0,0,0,0,0,0,0,0,0,0,0,0,0,0,0,0,0,0,0,0,-1,2,-1,2,-1,2,-2,2,-2,2,-3,2,-4,2,-4,2,-5,2,-5,2,-6,1,-6,1,-6,2,-7,2,-7,2,-7,2,-8,3,-8,3,-8,3,-9,4,-9,5,-9,5,-10,5,-11,6,-11,6,-12,6]
[0;33mW (526202) TAG: AP channel is 0 (not ready). Skip this round.[0m
csi_data,[0,0,-14,7,-15,7,-15,8,-15,8,-15,8,-14,9,-14,9,-14,10,-13,10,-13,11,-13,11,-13,12,-13,13,-13,14,-13,14,-13,14,-13,15,-14,15,-14,15,-14,14,-15,14,-15,13,-15,12,-15,11,-16,10,-16,9,0,0,0,0,0,0,0,0,0,0,0,0,0,0,0,0,0,0,0,0,0,0,-1,2,-1,3,-2,3,-2,3,-3,3,-4,3,-4,3,-5,2,-6,2,-6,2,-7,2,-7,2,-8,2,-8,2,-8,2,-9,2,-9,2,-10,3,-10,4,-11,4,-11,5,-11,5,-12,5,-13,6,-13,6,-13,6]
[0;33mW (527202) TAG: AP channel is 0 (not ready). Skip this round.[0m
csi_data,[0,0,-12,-9,-12,-9,-12,-9,-12,-9,-12,-9,-12,-9,-13,-8,-13,-8,-13,-7,-14,-7,-14,-7,-15,-6,-15,-6,-16,-5,-16,-5,-16,-6,-16,-6,-17,-6,-17,-7,-16,-7,-16,-8,-16,-8,-15,-8,-15,-9,-14,-9,-13,-10,0,0,0,0,0,0,0,0,0,0,0,0,0,0,0,0,0,0,0,0,0,0,-3,1,-3,0,-3,0,-3,-1,-4,-1,-4,-2,-4,-3,-4,-3,-5,-4,-4,-4,-4,-4,-4,-5,-5,-6,-5,-6,-5,-6,-6,-6,-6,-6,-6,-6,-7,-6,-7,-7,-8,-7,-8,-7,-9,-7,-10,-8,-10,-8,-11,-8]
[0;33mW (528202) TAG: AP channel is 0 (not ready). Skip this round.[0m
csi_data,[0,0,2,13,1,13,2,13,2,13,2,13,3,13,3,13,4,13,4,13,5,13,5,13,6,13,6,13,7,13,7,13,8,14,8,14,7,14,7,15,6,15,6,15,5,15,4,15,4,15,3,14,2,14,0,0,0,0,0,0,0,0,0,0,0,0,0,0,0,0,0,0,0,0,0,0,1,0,1,0,1,1,1,2,1,2,1,3,1,3,0,4,0,4,0,5,0,5,-1,5,-1,6,-1,6,-1,7,0,7,0,7,0,7,0,8,0,8,0,9,1,9,1,10,1,11,2,12,2,12]
[0;33mW (529202) TAG: AP channel is 0 (not ready). Skip this round.[0m
csi_data,[0,0,11,-9,11,-10,11,-10,10,-10,10,-11,10,-11,9,-11,9,-12,9,-12,8,-13,8,-13,8,-14,8,-14,8,-15,8,-15,8,-16,8,-16,8,-16,9,-16,9,-16,10,-15,10,-15,11,-14,11,-13,11,-12,12,-12,0,0,0,0,0,0,0,0,0,0,0,0,0,0,0,0,0,0,0,0,0,0,-1,-2,-1,-3,0,-3,0,-3,1,-3,2,-4,2,-4,3,-3,3,-3,4,-4,4,-4,5,-4,5,-4,6,-4,6,-4,6,-4,6,-5,7,-5,7,-6,7,-6,8,-7,8,-7,9,-8,9,-9,10,-9,10,-9]
[0;33mW (530202) TAG: AP channel is 0 (not ready). Skip this round.[0m
csi_data,[0,0,5,-13,5,-13,5,-14,5,-14,4,-14,4,-14,4,-14,3,-14,2,-15,2,-15,1,-15,1,-15,0,-16,0,-16,0,-17,0,-17,0,-17,0,-17,0,-17,1,-17,1,-17,2,-17,3,-17,3,-16,4,-15,4,-15,0,0,0,0,0,0,0,0,0,0,0,0,0,0,0,0,0,0,0,0,0,0,-1,-2,-1,-2,-1,-3,0,-4,0,-4,0,-4,1,-4,1,-4,2,-5,2,-5,3,-5,3,-5,3,-5,3,-6,4,-6,4,-6,4,-7,4,-7,4,-8,4,-8,4,-9,4,-10,5,-10,5,-11,5,-12,5,-12]
[0;33mW (531202) TAG: AP channel is 0 (not ready). Skip this round.[0m
csi_data,[0,0,8,13,8,13,9,13,9,14,9,14,9,14,10,13,11,13,11,12,11,12,12,12,13,11,14,11,14,11,15,11,15,12,16,12,16,13,15,13,15,13,14,14,13,14,13,14,12,14,11,15,10,15,0,0,0,0,0,0,0,0,0,0,0,0,0,0,0,0,0,0,0,0,0,0,2,0,3,0,3,0,3,1,3,2,3,2,3,3,3,4,3,5,2,5,2,6,2,6,2,7,2,7,3,7,3,8,3,8,4,8,4,9,5,9,5,10,6,10,6,11,7,11,7,12,8,12]
[0;33mW (532202) TAG: AP channel is 0 (not ready). Skip this round.[0m
csi_data,[0,0,-15,-1,-15,-1,-15,-1,-15,0,-15,0,-15,1,-15,1,-15,1,-15,2,-15,3,-15,3,-15,4,-15,4,-15,5,-16,5,-16,6,-17,6,-17,5,-17,5,-17,4,-17,4,-17,3,-17,2,-17,2,-16,1,-16,0,0,0,0,0,0,0,0,0,0,0,0,0,0,0,0,0,0,0,0,0,0,0,-2,1,-2,1,-3,1,-3,1,-4,0,-5,0,-5,0,-5,-1,-6,-1,-6,-1,-7,-2,-7,-2,-7,-2,-7,-2,-7,-2,-8,-2,-8,-2,-9,-2,-9,-2,-10,-2,-10,-1,-11,-1,-12,-1,-12,-1,-13,-1,-14,-1]
[0;33mW (533202) TAG: AP channel is 0 (not ready). Skip this round.[0m
csi_data,[0,0,-14,-4,-14,-4,-14,-4,-14,-4,-14,-4,-14,-3,-14,-3,-14,-2,-15,-2,-15,-1,-15,-1,-15,0,-15,1,-16,1,-16,1,-17,1,-17,1,-18,0,-18,0,-18,-1,-18,-1,-17,-2,-17,-2,-16,-3,-16,-3,-15,-4,0,0,0,0,0,0,0,0,0,0,0,0,0,0,0,0,0,0,0,0,0,0,-2,1,-2,1,-3,0,-3,0,-4,0,-4,-1,-4,-1,-5,-2,-5,-2,-6,-2,-6,-3,-6,-3,-6,-3,-6,-3,-7,-3,-7,-4,-8,-4,-8,-4,-9,-4,-9,-4,-10,-3,-10,-3,-11,-4,-12,-4,-12,-4,-13,-4]
[0;33mW (534202) TAG: AP channel is 0 (not ready). Skip this round.[0m
csi_data,[0,0,-5,15,-5,16,-5,16,-5,16,-4,16,-4,16,-3,16,-2,16,-1,16,-1,17,-1,17,0,17,1,17,1,18,2,19,2,19,2,20,2,20,2,20,1,20,0,20,0,20,-1,19,-2,18,-3,18,-4,18,0,0,0,0,0,0,0,0,0,0,0,0,0,0,0,0,0,0,0,0,0,0,1,1,0,2,0,2,0,3,-1,3,-1,4,-2,4,-2,5,-2,5,-3,5,-4,5,-4,6,-5,6,-5,6,-5,7,-5,7,-5,8,-5,8,-5,9,-5,10,-4,11,-4,12,-5,12,-5,13,-5,13,-5,14]
[0;33mW (535202) TAG: AP channel is 0 (not ready). Skip this round.[0m
csi_data,[0,0,15,3,15,3,15,2,16,2,16,1,16,1,16,1,16,0,16,-1,16,-1,17,-2,17,-2,17,-3,17,-4,18,-4,18,-4,19,-4,19,-4,19,-4,20,-3,19,-2,19,-1,18,0,18,1,17,2,17,3,0,0,0,0,0,0,0,0,0,0,0,0,0,0,0,0,0,0,0,0,0,0,1,-2,1,-2,2,-2,2,-2,3,-1,4,-1,4,-1,5,0,5,1,6,1,6,1,6,2,6,2,6,2,7,2,7,3,8,3,8,2,9,2,10,2,10,2,11,2,12,2,13,2,13,2,14,2]
[0;33mW (536202) TAG: AP channel is 0 (not ready). Skip this round.[0m
csi_data,[0,0,-1,-14,-1,-14,-2,-15,-2,-15,-2,-14,-2,-14,-3,-14,-4,-14,-4,-15,-5,-15,-5,-15,-6,-14,-6,-14,-7,-15,-7,-15,-7,-16,-7,-16,-7,-16,-7,-16,-7,-17,-6,-17,-5,-17,-5,-17,-4,-16,-3,-16,-2,-16,0,0,0,0,0,0,0,0,0,0,0,0,0,0,0,0,0,0,0,0,0,0,-2,-1,-2,-2,-2,-2,-2,-3,-2,-3,-1,-4,-1,-4,-1,-5,-1,-5,0,-5,0,-6,1,-6,1,-7,1,-7,1,-7,1,-7,0,-8,0,-9,0,-9,0,-10,0,-10,-1,-11,-1,-12,-1,-12,-1,-12,-1,-13]
[0;33mW (537202) TAG: AP channel is 0 (not ready). Skip this round.[0m
csi_data,[0,0,6,-12,6,-12,6,-13,6,-13,6,-13,6,-13,5,-14,5,-14,4,-14,3,-15,3,-15,3,-15,2,-16,2,-16,2,-17,2,-17,2,-17,2,-18,3,-18,3,-17,4,-17,4,-17,4,-16,5,-16,6,-15,6,-14,0,0,0,0,0,0,0,0,0,0,0,0,0,0,0,0,0,0,0,0,0,0,-1,-2,-1,-2,-1,-2,0,-3,0,-3,1,-3,1,-4,2,-4,2,-4,3,-4,3,-4,3,-5,4,-5,4,-5,4,-6,4,-6,4,-6,5,-7,5,-7,5,-8,5,-9,5,-9,5,-10,6,-10,6,-11,6,-11]
[0;33mW (538202) TAG: AP channel is 0 (not ready). Skip this round.[0m
csi_data,[0,0,1,14,1,14,1,14,1,15,1,14,2,14,3,14,3,14,4,14,5,14,5,14,6,14,6,14,7,15,7,15,8,15,8,16,7,16,7,16,7,17,6,17,5,16,4,16,3,16,3,16,2,16,0,0,0,0,0,0,0,0,0,0,0,0,0,0,0,0,0,0,0,0,0,0,1,0,1,1,1,1,1,2,1,2,1,3,0,3,0,4,-1,4,-1,5,-1,6,-1,6,-1,6,-2,7,-2,7,-2,7,-1,8,-1,8,-1,8,-1,9,-1,10,0,11,0,12,0,12,0,12,0,13]
[0;33mW (539202) TAG: AP channel is 0 (not ready). Skip this round.[0m
csi_data,[0,0,10,9,10,9,10,8,10,8,11,7,11,7,12,7,12,6,12,6,13,6,13,5,13,5,13,4,14,4,15,4,15,4,15,5,16,5,16,5,16,5,16,6,15,6,14,7,14,8,13,8,12,8,0,0,0,0,0,0,0,0,0,0,0,0,0,0,0,0,0,0,0,0,0,0,1,-1,1,-1,2,0,2,0,2,1,3,1,3,1,3,2,3,3,3,4,3,4,3,4,3,5,3,5,3,5,4,5,4,5,5,5,5,6,6,6,7,6,7,6,8,7,8,7,8,7,9,7]
[0;33mW (540202) TAG: AP channel is 0 (not ready). Skip this round.[0m
csi_data,[0,0,-12,-8,-12,-8,-12,-8,-12,-8,-12,-8,-12,-8,-13,-8,-13,-7,-14,-6,-14,-6,-15,-5,-15,-5,-15,-4,-16,-5,-16,-5,-17,-5,-17,-5,-17,-5,-17,-6,-17,-6,-17,-7,-16,-7,-16,-7,-15,-8,-14,-8,-14,-9,0,0,0,0,0,0,0,0,0,0,0,0,0,0,0,0,0,0,0,0,0,0,-2,1,-2,0,-2,0,-3,-1,-3,-1,-3,-2,-4,-2,-4,-3,-4,-3,-4,-4,-4,-4,-5,-5,-5,-5,-5,-5,-5,-5,-5,-6,-6,-6,-6,-6,-7,-6,-7,-6,-8,-7,-9,-7,-10,-7,-10,-7,-11,-7,-11,-8]
[0;33mW (541202) TAG: AP channel is 0 (not ready). Skip this round.[0m
csi_data,[0,0,-11,9,-11,9,-11,9,-11,9,-10,10,-10,10,-10,10,-9,11,-9,11,-9,11,-8,12,-8,12,-8,13,-8,13,-8,14,-8,14,-8,15,-9,15,-9,15,-9,15,-10,14,-10,13,-10,13,-11,12,-11,11,-11,11,0,0,0,0,0,0,0,0,0,0,0,0,0,0,0,0,0,0,0,0,0,0,0,1,-1,1,-1,1,-2,2,-2,2,-2,2,-3,2,-4,2,-4,2,-5,2,-5,2,-6,2,-6,2,-6,2,-7,3,-7,3,-7,3,-7,3,-8,4,-8,5,-8,5,-9,6,-9,6,-9,7,-10,7,-10,7]
[0;33mW (542202) TAG: AP channel is 0 (not ready). Skip this round.[0m
csi_data,[0,0,-14,-4,-14,-4,-14,-4,-14,-4,-14,-4,-15,-3,-15,-3,-15,-2,-15,-2,-16,-1,-16,-1,-16,0,-16,0,-16,1,-17,1,-17,1,-18,1,-18,1,-18,1,-18,1,-18,0,-18,0,-17,-1,-17,-2,-16,-3,-16,-4,0,0,0,0,0,0,0,0,0,0,0,0,0,0,0,0,0,0,0,0,0,0,-2,1,-2,0,-3,0,-3,0,-3,0,-4,-1,-4,-1,-5,-2,-5,-2,-5,-3,-6,-4,-6,-4,-6,-4,-6,-4,-6,-4,-7,-4,-8,-4,-8,-4,-9,-4,-9,-4,-10,-4,-10,-4,-11,-4,-12,-5,-12,-5,-12,-5]
[0;33mW (543202) TAG: AP channel is 0 (not ready). Skip this round.[0m
csi_data,[0,0,-5,-13,-5,-14,-5,-14,-6,-14,-6,-14,-6,-14,-7,-13,-7,-13,-8,-13,-8,-13,-9,-12,-10,-12,-10,-13,-11,-13,-11,-13,-11,-13,-12,-14,-12,-14,-11,-15,-11,-15,-10,-15,-9,-15,-9,-15,-8,-15,-7,-15,-6,-15,0,0,0,0,0,0,0,0,0,0,0,0,0,0,0,0,0,0,0,0,0,0,-2,-1,-2,-1,-2,-2,-2,-2,-2,-3,-2,-3,-2,-4,-2,-4,-2,-5,-2,-5,-2,-6,-2,-6,-1,-6,-1,-7,-1,-7,-2,-7,-2,-8,-3,-8,-3,-9,-3,-9,-3,-10,-4,-10,-4,-11,-5,-12,-5,-12,-4,-13]
[0;33mW (544202) TAG: AP channel is 0 (not ready). Skip this round.[0m
csi_data,[0,0,-4,15,-4,15,-4,16,-4,16,-3,16,-3,16,-2,16,-1,16,-1,16,0,16,0,16,1,17,1,17,2,18,3,18,3,18,2,19,2,19,2,20,1,19,0,19,0,19,-1,19,-2,18,-3,18,-3,17,0,0,0,0,0,0,0,0,0,0,0,0,0,0,0,0,0,0,0,0,0,0,1,0,1,1,0,2,0,2,0,3,0,3,-1,4,-1,4,-2,5,-2,5,-3,5,-3,6,-4,6,-4,6,-4,7,-4,7,-4,8,-4,8,-4,9,-3,10,-3,11,-3,11,-4,12,-4,13,-3,13,-3,14]
[0;33mW (545202) TAG: AP channel is 0 (not ready). Skip this round.[0m
csi_data,[0,0,1,-17,1,-17,1,-18,0,-18,0,-18,0,-18,-1,-18,-1,-18,-2,-18,-3,-18,-4,-18,-5,-18,-6,-18,-6,-19,-6,-19,-6,-20,-6,-20,-6,-21,-5,-21,-5,-21,-4,-21,-3,-21,-3,-20,-2,-19,-1,-19,0,-19,0,0,0,0,0,0,0,0,0,0,0,0,0,0,0,0,0,0,0,0,0,0,-2,-2,-2,-2,-2,-3,-2,-4,-2,-4,-1,-5,-1,-5,0,-5,0,-6,1,-6,1,-7,1,-7,2,-7,2,-8,2,-8,2,-9,2,-9,1,-10,1,-11,1,-12,1,-12,1,-13,1,-14,1,-15,1,-15,1,-16]
[0;33mW (546202) TAG: AP channel is 0 (not ready). Skip this round.[0m
csi_data,[0,0,-17,0,-17,0,-17,0,-17,1,-17,1,-17,2,-17,2,-17,3,-17,4,-17,4,-17,5,-18,5,-18,6,-18,7,-18,7,-19,7,-19,7,-20,7,-20,7,-20,6,-20,5,-20,4,-19,3,-19,2,-19,1,-19,1,0,0,0,0,0,0,0,0,0,0,0,0,0,0,0,0,0,0,0,0,0,0,-2,1,-2,1,-2,1,-3,1,-4,1,-4,1,-5,0,-5,0,-6,0,-6,0,-7,-1,-7,-2,-8,-2,-8,-2,-8,-2,-9,-2,-9,-2,-10,-2,-10,-1,-11,-1,-12,0,-13,0,-14,0,-14,0,-15,0,-16,0]
[0;33mW (547202) TAG: AP channel is 0 (not ready). Skip this round.[0m
csi_data,[0,0,-10,10,-10,10,-10,10,-10,10,-10,10,-9,11,-9,11,-9,11,-8,11,-8,12,-7,12,-7,13,-7,13,-7,14,-7,14,-7,15,-7,15,-8,15,-8,15,-9,15,-9,14,-10,13,-10,13,-10,12,-11,12,-11,11,0,0,0,0,0,0,0,0,0,0,0,0,0,0,0,0,0,0,0,0,0,0,0,1,0,1,-1,1,-1,2,-2,2,-2,2,-3,2,-3,2,-4,2,-4,2,-4,3,-5,3,-5,3,-6,3,-6,3,-6,4,-7,4,-7,4,-7,5,-7,5,-7,6,-8,7,-8,7,-8,8,-9,8,-9,8]
[0;33mW (548202) TAG: AP channel is 0 (not ready). Skip this round.[0m
csi_data,[0,0,-14,4,-14,4,-14,4,-14,4,-14,5,-14,5,-14,6,-14,6,-13,7,-13,7,-13,8,-13,9,-13,9,-13,9,-13,10,-14,10,-14,11,-14,10,-15,10,-15,9,-15,9,-15,8,-15,7,-15,7,-15,6,-15,5,0,0,0,0,0,0,0,0,0,0,0,0,0,0,0,0,0,0,0,0,0,0,-1,1,-1,1,-2,1,-2,1,-3,1,-3,1,-4,1,-5,1,-5,0,-6,0,-6,0,-7,0,-7,0,-7,0,-7,0,-8,0,-8,1,-8,1,-9,1,-9,2,-10,2,-11,2,-11,2,-12,3,-12,3,-12,3]
[0;33mW (549202) TAG: AP channel is 0 (not ready). Skip this round.[0m
csi_data,[0,0,6,-14,6,-14,6,-14,6,-14,6,-14,6,-14,5,-15,5,-15,4,-15,3,-15,2,-16,2,-16,1,-16,1,-17,2,-17,2,-18,2,-18,2,-18,3,-19,3,-19,4,-18,4,-18,5,-17,5,-17,5,-16,6,-15,0,0,0,0,0,0,0,0,0,0,0,0,0,0,0,0,0,0,0,0,0,0,-1,-1,-1,-2,0,-2,0,-3,0,-3,1,-3,1,-4,2,-4,2,-4,3,-4,3,-5,3,-5,3,-5,4,-6,4,-6,4,-6,4,-6,4,-7,5,-8,5,-9,5,-10,5,-10,5,-11,5,-12,5,-12,5,-13]
[0;33mW (550202) TAG: AP channel is 0 (not ready). Skip this round.[0m
csi_data,[0,0,10,11,10,11,10,11,11,11,12,11,12,10,12,10,13,9,13,9,14,8,14,8,15,8,15,8,16,7,16,7,17,7,17,8,18,8,18,9,17,9,17,10,16,10,15,11,14,11,13,11,12,12,0,0,0,0,0,0,0,0,0,0,0,0,0,0,0,0,0,0,0,0,0,0,0,0,1,0,1,0,1,1,1,1,2,2,2,2,2,3,2,4,2,4,2,5,2,5,2,6,3,6,3,7,3,7,3,7,4,7,5,7,5,8,6,8,7,8,7,9,8,10,8,11,9,11]
[0;33mW (551202) TAG: AP channel is 0 (not ready). Skip this round.[0m
csi_data,[0,0,11,-11,11,-11,11,-11,11,-12,11,-13,10,-13,10,-14,9,-14,9,-14,8,-15,8,-16,7,-16,7,-17,7,-17,7,-18,7,-18,8,-19,8,-19,9,-19,9,-19,9,-18,10,-17,10,-17,11,-16,11,-15,11,-14,0,0,0,0,0,0,0,0,0,0,0,0,0,0,0,0,0,0,0,0,0,0,-1,-2,-1,-2,-1,-2,-1,-3,0,-3,1,-3,1,-4,2,-4,3,-4,3,-4,4,-3,4,-3,5,-4,5,-4,6,-4,6,-5,6,-5,7,-6,7,-6,8,-7,8,-7,8,-8,9,-8,9,-9,9,-10,10,-10]
[0;33mW (552202) TAG: AP channel is 0 (not ready). Skip this round.[0m
csi_data,[0,0,-13,-5,-14,-5,-14,-5,-14,-5,-14,-5,-14,-4,-14,-4,-15,-3,-16,-3,-16,-2,-16,-1,-16,-1,-17,-1,-17,0,-18,0,-18,0,-19,0,-19,-1,-19,-1,-20,-2,-19,-3,-19,-4,-18,-5,-18,-5,-17,-6,-17,-6,0,0,0,0,0,0,0,0,0,0,0,0,0,0,0,0,0,0,0,0,0,0,1,-2,2,-2,1,-2,1,-2,1,-2,0,-2,0,-2,-1,-2,-1,-2,-2,-3,-2,-3,-3,-3,-3,-3,-4,-4,-4,-4,-5,-4,-5,-4,-6,-4,-7,-4,-7,-5,-8,-5,-9,-5,-10,-4,-11,-4,-11,-5,-12,-5]
[0;33mW (553202) TAG: AP channel is 0 (not ready). Skip this round.[0m
csi_data,[0,0,-6,-15,-7,-15,-7,-16,-7,-16,-7,-16,-8,-15,-8,-16,-9,-16,-10,-15,-11,-15,-12,-14,-12,-14,-13,-14,-14,-15,-15,-15,-15,-15,-15,-16,-15,-16,-15,-17,-15,-17,-14,-18,-13,-18,-13,-18,-12,-18,-11,-18,-10,-19,0,0,0,0,0,0,0,0,0,0,0,0,0,0,0,0,0,0,0,0,0,0,-2,1,-2,0,-2,0,-2,-1,-2,-1,-2,-2,-2,-3,-2,-3,-1,-4,-1,-5,-1,-5,-1,-6,-1,-7,-1,-7,-1,-7,-1,-8,-2,-9,-2,-9,-2,-9,-3,-10,-3,-11,-4,-12,-4,-12,-4,-13,-5,-14,-5,-14]
[0;33mW (554202) TAG: AP channel is 0 (not ready). Skip this round.[0m
csi_data,[0,0,-9,11,-9,11,-9,12,-9,12,-9,13,-8,14,-8,14,-7,15,-7,15,-6,15,-6,16,-6,17,-5,18,-5,18,-5,19,-5,20,-5,20,-6,20,-7,21,-7,20,-8,20,-8,19,-9,19,-10,18,-11,17,-12,17,0,0,0,0,0,0,0,0,0,0,0,0,0,0,0,0,0,0,0,0,0,0,0,-5,0,-5,0,-4,0,-4,0,-3,0,-3,0,-2,0,-2,-1,-1,-2,-1,-2,0,-3,0,-3,0,-3,1,-4,2,-5,2,-5,3,-5,4,-6,5,-6,5,-6,6,-6,7,-7,8,-8,9,-8,10,-8,10]
[0;33mW (555202) TAG: AP channel is 0 (not ready). Skip this round.[0m
csi_data,[0,0,-11,8,-11,8,-11,8,-11,9,-11,9,-11,9,-11,10,-10,10,-10,10,-9,11,-9,11,-9,12,-9,13,-8,13,-8,14,-9,14,-9,14,-10,14,-10,14,-10,14,-10,14,-11,13,-11,12,-12,11,-12,10,-13,10,0,0,0,0,0,0,0,0,0,0,0,0,0,0,0,0,0,0,0,0,0,0,-1,1,-1,1,-1,1,-1,1,-2,1,-3,2,-3,2,-4,1,-5,2,-5,2,-5,1,-6,1,-6,1,-6,2,-6,2,-7,2,-8,3,-8,3,-8,4,-8,4,-9,5,-9,6,-9,6,-10,6,-10,6,-10,7]
[0;33mW (556202) TAG: AP channel is 0 (not ready). Skip this round.[0m
csi_data,[0,0,-10,-10,-10,-10,-10,-10,-11,-10,-11,-10,-11,-10,-12,-9,-12,-9,-12,-8,-13,-8,-13,-8,-13,-8,-14,-7,-15,-7,-15,-7,-16,-7,-16,-8,-16,-8,-16,-9,-16,-9,-15,-9,-15,-10,-14,-10,-13,-10,-12,-11,-12,-11,0,0,0,0,0,0,0,0,0,0,0,0,0,0,0,0,0,0,0,0,0,0,-1,0,-2,0,-2,-1,-2,-1,-2,-2,-3,-2,-3,-3,-3,-4,-3,-4,-3,-4,-3,-5,-3,-5,-3,-6,-3,-6,-4,-6,-4,-6,-5,-7,-5,-7,-5,-8,-6,-8,-7,-8,-7,-8,-8,-8,-8,-9,-9,-9,-9,-10]
[0;33mW (557202) TAG: AP channel is 0 (not ready). Skip this round.[0m
csi_data,[0,0,4,-14,3,-14,3,-14,3,-14,3,-15,2,-15,2,-15,2,-15,1,-15,0,-15,0,-16,-1,-16,-1,-16,-1,-16,-2,-17,-2,-17,-2,-18,-1,-18,-1,-18,0,-18,1,-18,1,-17,2,-17,2,-17,3,-16,4,-16,0,0,0,0,0,0,0,0,0,0,0,0,0,0,0,0,0,0,0,0,0,0,0,0,0,-1,0,-1,0,-2,0,-2,0,-3,1,-3,1,-3,2,-4,2,-4,2,-5,2,-5,3,-5,3,-6,3,-6,3,-6,3,-7,3,-8,3,-8,3,-9,3,-10,3,-10,3,-11,3,-12,3,-12,4,-13]
[0;33mW (558202) TAG: AP channel is 0 (not ready). Skip this round.[0m
csi_data,[0,0,-7,15,-7,15,-7,15,-7,15,-7,15,-6,15,-6,16,-5,16,-5,16,-4,16,-3,17,-2,17,-2,18,-2,18,-2,19,-2,20,-2,20,-3,20,-3,20,-4,20,-5,20,-6,19,-6,18,-7,18,-8,17,-8,17,0,0,0,0,0,0,0,0,0,0,0,0,0,0,0,0,0,0,0,0,0,0,-1,0,-1,0,-1,0,-1,1,-2,1,-2,2,-2,2,-3,3,-3,3,-4,3,-4,4,-5,4,-5,5,-5,5,-5,5,-6,6,-6,6,-6,7,-6,8,-6,9,-6,10,-6,10,-6,11,-6,12,-6,13,-6,13]
[0;33mW (559202) TAG: AP channel is 0 (not ready). Skip this round.[0m
csi_data,[0,0,0,-14,0,-14,0,-15,0,-15,-1,-15,-1,-15,-2,-15,-2,-15,-3,-15,-3,-15,-4,-15,-4,-15,-5,-15,-6,-16,-6,-16,-6,-17,-6,-17,-6,-18,-5,-18,-5,-18,-4,-18,-3,-18,-2,-17,-1,-17,-1,-17,0,-17,0,0,0,0,0,0,0,0,0,0,0,0,0,0,0,0,0,0,0,0,0,0,0,0,0,0,0,-1,0,-1,0,-2,0,-2,0,-3,0,-3,1,-4,1,-4,1,-4,2,-5,2,-5,2,-6,2,-6,1,-7,1,-7,1,-8,1,-9,1,-9,1,-10,0,-10,1,-11,1,-12,1,-12,0,-13]
[0;33mW (560202) TAG: AP channel is 0 (not ready). Skip this round.[0m
csi_data,[0,0,11,7,11,7,11,7,11,7,12,6,12,6,12,5,12,5,13,4,13,4,14,4,14,3,15,3,15,3,16,3,16,3,16,3,17,4,17,4,17,5,16,5,16,6,15,6,14,7,14,7,13,8,0,0,0,0,0,0,0,0,0,0,0,0,0,0,0,0,0,0,0,0,0,0,0,-1,0,0,0,0,0,0,1,0,1,1,2,1,2,2,2,2,2,3,3,3,3,3,3,4,3,4,4,4,4,5,5,5,5,5,5,5,6,5,7,5,8,5,9,6,9,6,10,6,10,7]
[0;33mW (561202) TAG: AP channel is 0 (not ready). Skip this round.[0m
csi_data,[0,0,11,-11,11,-12,11,-12,11,-12,11,-13,11,-13,10,-14,10,-14,9,-14,9,-15,8,-16,7,-16,7,-17,7,-17,7,-18,8,-19,8,-19,8,-19,9,-19,10,-19,11,-18,11,-17,11,-17,12,-16,12,-15,12,-14,0,0,0,0,0,0,0,0,0,0,0,0,0,0,0,0,0,0,0,0,0,0,0,0,0,0,1,-1,1,-1,1,-1,2,-1,2,-2,3,-2,3,-2,4,-2,5,-3,5,-3,5,-3,6,-3,6,-4,7,-4,7,-5,7,-5,7,-6,8,-7,8,-7,9,-8,9,-8,9,-9,10,-10,10,-10]
[0;33mW (562202) TAG: AP channel is 0 (not ready). Skip this round.[0m
csi_data,[0,0,-3,-14,-3,-14,-3,-15,-4,-15,-4,-15,-5,-14,-5,-14,-6,-14,-6,-14,-7,-14,-7,-14,-8,-14,-8,-14,-9,-14,-9,-15,-10,-15,-10,-16,-10,-16,-10,-16,-9,-17,-8,-17,-7,-17,-6,-17,-6,-17,-5,-17,-4,-16,0,0,0,0,0,0,0,0,0,0,0,0,0,0,0,0,0,0,0,0,0,0,0,-1,0,-1,0,-1,0,-2,0,-2,0,-3,0,-3,0,-4,0,-4,0,-5,0,-5,0,-6,1,-6,0,-6,0,-7,0,-7,0,-8,-1,-8,-1,-9,-1,-9,-1,-10,-2,-11,-2,-11,-2,-12,-3,-13,-3,-13]
[0;33mW (563202) TAG: AP channel is 0 (not ready). Skip this round.[0m
csi_data,[0,0,-3,13,-3,13,-3,13,-3,13,-3,13,-2,14,-2,14,-1,14,0,14,0,14,1,14,1,15,1,15,2,15,2,16,2,16,2,16,2,17,2,17,1,17,1,17,0,17,-1,17,-2,16,-3,16,-4,15,0,0,0,0,0,0,0,0,0,0,0,0,0,0,0,0,0,0,0,0,0,0,-1,-1,-1,0,-1,0,-1,0,-1,1,-1,1,-2,2,-2,2,-2,3,-2,3,-3,3,-3,3,-4,4,-3,4,-3,5,-3,5,-4,6,-3,6,-3,7,-3,8,-3,9,-3,9,-3,10,-3,11,-3,11,-3,11]
[0;33mW (564202) TAG: AP channel is 0 (not ready). Skip this round.[0m
csi_data,[0,0,-17,3,-17,3,-17,3,-17,4,-17,4,-17,4,-17,5,-17,5,-17,6,-16,7,-16,8,-16,9,-16,10,-17,10,-17,10,-18,11,-18,11,-19,11,-19,10,-20,10,-20,9,-20,8,-20,7,-20,7,-20,5,-20,4,0,0,0,0,0,0,0,0,0,0,0,0,0,0,0,0,0,0,0,0,0,0,0,-1,0,-1,-1,-1,-2,-1,-2,-1,-3,-1,-4,-1,-4,-2,-4,-1,-5,-1,-6,-1,-6,-2,-6,-2,-7,-1,-8,-1,-9,-1,-9,-1,-10,0,-10,0,-11,0,-12,0,-13,1,-13,2,-14,2,-15,2,-15,2]
[0;33mW (565202) TAG: AP channel is 0 (not ready). Skip this round.[0m
csi_data,[0,0,12,-6,12,-6,12,-7,12,-7,12,-7,11,-8,11,-8,11,-8,11,-9,11,-10,11,-10,10,-11,10,-11,11,-11,11,-12,12,-12,12,-12,13,-12,13,-12,13,-12,13,-11,14,-10,14,-9,14,-9,14,-8,14,-7,0,0,0,0,0,0,0,0,0,0,0,0,0,0,0,0,0,0,0,0,0,0,-1,0,0,0,0,0,0,-1,1,-1,1,-1,2,-1,2,-1,3,-1,3,-1,3,-1,4,-1,4,-1,4,-1,5,-1,6,-1,6,-2,6,-2,6,-3,7,-3,8,-4,8,-4,9,-5,9,-5,10,-5,10,-6]
[0;33mW (566202) TAG: AP channel is 0 (not ready). Skip this round.[0m
csi_data,[0,0,6,11,6,11,7,11,7,11,7,11,7,11,8,11,8,10,9,10,9,10,10,10,10,10,11,10,11,10,12,10,12,11,12,11,12,11,12,12,12,12,11,13,10,13,10,13,9,13,8,14,7,14,0,0,0,0,0,0,0,0,0,0,0,0,0,0,0,0,0,0,0,0,0,0,-1,-1,-1,-1,-1,0,0,0,0,1,0,1,0,2,0,2,0,3,0,3,1,4,1,4,1,4,1,5,1,5,1,6,2,6,2,6,3,7,3,7,4,8,4,9,5,9,5,9,6,10,6,10]
[0;33mW (567202) TAG: AP channel is 0 (not ready). Skip this round.[0m
csi_data,[0,0,0,15,0,16,1,16,1,16,2,16,2,16,3,16,3,16,4,16,5,16,6,16,7,16,7,16,7,17,8,17,8,18,8,19,8,19,8,20,7,20,6,20,5,20,4,19,3,19,2,19,1,18,0,0,0,0,0,0,0,0,0,0,0,0,0,0,0,0,0,0,0,0,0,0,-1,-1,-1,-1,-1,0,-1,0,-1,1,-1,1,-1,1,-1,2,-1,3,-1,4,-2,4,-2,5,-2,5,-2,6,-2,6,-2,7,-2,7,-2,8,-2,9,-1,9,-1,10,0,11,0,12,0,13,0,14,1,14]
[0;33mW (568202) TAG: AP channel is 0 (not ready). Skip this round.[0m
csi_data,[0,0,13,9,13,9,13,9,13,9,14,9,14,8,15,8,15,7,15,7,16,6,16,6,17,5,17,5,18,5,19,5,19,5,20,6,20,6,20,7,20,7,19,8,18,9,17,9,17,10,16,11,15,12,0,0,0,0,0,0,0,0,0,0,0,0,0,0,0,0,0,0,0,0,0,0,-1,0,-1,0,-1,0,-1,1,-1,1,0,1,0,2,1,2,1,2,1,3,2,3,2,4,2,4,3,5,3,5,4,5,5,6,6,6,6,6,7,6,8,6,9,7,9,7,10,8,11,8,12,8]
[0;33mW (569202) TAG: AP channel is 0 (not ready). Skip this round.[0m
csi_data,[0,0,14,-8,14,-8,14,-8,15,-8,14,-9,14,-9,14,-10,14,-11,13,-11,13,-12,13,-13,13,-14,13,-14,13,-15,13,-16,14,-16,14,-16,15,-16,15,-16,16,-15,16,-15,16,-14,17,-13,17,-12,17,-11,17,-10,0,0,0,0,0,0,0,0,0,0,0,0,0,0,0,0,0,0,0,0,0,0,-1,1,-1,1,-1,0,-1,0,0,0,1,0,2,0,2,0,3,0,3,0,4,0,4,0,5,-1,6,-1,6,-1,7,-2,7,-2,8,-2,8,-3,9,-3,10,-4,10,-5,11,-5,12,-6,13,-7,13,-7]
[0;33mW (570202) TAG: AP channel is 0 (not ready). Skip this round.[0m
csi_data,[0,0,1,-14,0,-14,0,-14,0,-15,0,-15,0,-15,-1,-15,-2,-15,-2,-15,-3,-15,-3,-15,-4,-15,-4,-16,-5,-16,-5,-16,-5,-17,-5,-18,-5,-18,-4,-18,-4,-18,-3,-18,-2,-18,-1,-18,-1,-18,0,-17,1,-17,0,0,0,0,0,0,0,0,0,0,0,0,0,0,0,0,0,0,0,0,0,0,0,0,0,0,1,0,1,-1,1,-1,1,-2,0,-2,1,-3,1,-3,1,-3,1,-4,2,-4,2,-5,2,-5,2,-6,2,-6,1,-7,1,-8,1,-8,1,-8,1,-9,1,-10,0,-11,0,-11,1,-12,1,-12]
[0;33mW (571202) TAG: AP channel is 0 (not ready). Skip this round.[0m
csi_data,[0,0,-1,-14,-1,-15,-1,-15,-1,-15,-2,-15,-2,-15,-3,-15,-3,-15,-4,-15,-5,-15,-5,-15,-6,-15,-7,-16,-7,-16,-8,-17,-8,-17,-7,-18,-7,-18,-7,-18,-6,-18,-5,-19,-4,-18,-3,-18,-3,-18,-2,-18,-1,-18,0,0,0,0,0,0,0,0,0,0,0,0,0,0,0,0,0,0,0,0,0,0,1,0,1,0,1,-1,1,-1,1,-1,1,-2,1,-2,1,-2,1,-3,1,-4,2,-4,2,-5,1,-5,2,-6,2,-6,1,-7,1,-7,1,-8,1,-8,1,-9,1,-10,0,-10,0,-11,0,-12,0,-13,0,-14]
[0;33mW (572202) TAG: AP channel is 0 (not ready). Skip this round.[0m
csi_data,[0,0,13,0,14,0,14,0,14,0,14,-1,14,-1,14,-2,14,-2,14,-3,14,-3,14,-4,15,-5,15,-5,15,-6,16,-7,16,-7,17,-6,17,-6,17,-6,18,-5,18,-4,17,-3,17,-3,17,-2,16,-1,16,0,0,0,0,0,0,0,0,0,0,0,0,0,0,0,0,0,0,0,0,0,0,0,-1,0,-1,0,-1,0,0,0,0,0,1,0,1,1,2,1,2,1,3,1,3,2,4,2,4,2,5,2,5,2,6,2,6,1,7,1,7,1,8,1,9,1,9,1,10,1,11,1,12,1,12,1]
[0;33mW (573202) TAG: AP channel is 0 (not ready). Skip this round.[0m
csi_data,[0,0,11,6,12,6,12,6,12,6,12,5,12,5,13,5,13,4,14,4,14,3,14,2,14,1,15,1,16,1,16,1,17,1,17,1,17,2,17,2,17,3,17,3,17,4,16,5,16,5,15,6,14,6,0,0,0,0,0,0,0,0,0,0,0,0,0,0,0,0,0,0,0,0,0,0,-2,0,-1,0,-1,0,-1,0,0,1,0,1,1,1,1,2,1,2,1,2,2,3,2,3,2,3,3,4,3,4,4,4,5,4,5,4,6,4,6,4,7,5,8,5,9,5,9,5,10,5,10,6]
[0;33mW (574202) TAG: AP channel is 0 (not ready). Skip this round.[0m
csi_data,[0,0,3,-14,3,-14,3,-15,3,-15,2,-15,2,-15,1,-15,1,-16,0,-16,0,-16,-1,-16,-2,-16,-2,-17,-2,-18,-2,-18,-2,-18,-2,-19,-2,-19,-2,-19,-1,-19,0,-19,0,-19,1,-18,2,-18,3,-17,4,-17,0,0,0,0,0,0,0,0,0,0,0,0,0,0,0,0,0,0,0,0,0,0,1,0,0,0,0,0,1,-1,1,-1,1,-2,1,-2,1,-2,2,-3,2,-3,2,-4,2,-4,3,-4,3,-5,3,-6,3,-6,3,-7,3,-7,3,-8,3,-9,3,-9,3,-10,3,-11,3,-12,3,-13,3,-13]
[0;33mW (575202) TAG: AP channel is 0 (not ready). Skip this round.[0m
csi_data,[0,0,11,7,11,7,11,7,12,7,12,6,12,6,13,6,13,5,13,5,13,4,14,4,14,4,15,3,15,3,16,3,17,3,17,3,17,4,17,4,17,5,16,6,16,6,15,7,15,7,14,8,13,8,0,0,0,0,0,0,0,0,0,0,0,0,0,0,0,0,0,0,0,0,0,0,-2,0,-1,0,-1,0,-1,0,0,0,0,0,1,1,1,1,1,2,2,2,2,2,2,3,2,3,3,3,3,4,4,4,5,4,5,4,5,4,6,5,7,5,8,5,8,5,9,6,10,6,10,6]
[0;33mW (576202) TAG: AP channel is 0 (not ready). Skip this round.[0m
csi_data,[0,0,11,-8,11,-8,11,-9,11,-9,11,-9,11,-10,10,-10,10,-10,10,-11,10,-11,9,-12,9,-13,9,-13,9,-14,9,-14,10,-15,10,-15,11,-15,11,-15,12,-14,12,-14,12,-13,12,-12,13,-11,13,-11,13,-10,0,0,0,0,0,0,0,0,0,0,0,0,0,0,0,0,0,0,0,0,0,0,-1,0,-1,0,-1,0,0,0,0,-1,1,-1,1,-1,1,-1,2,-1,3,-1,3,-2,4,-2,4,-2,5,-2,5,-2,5,-2,5,-3,6,-4,7,-4,7,-5,7,-5,8,-6,8,-6,9,-7,9,-7,10,-7]
[0;33mW (577202) TAG: AP channel is 0 (not ready). Skip this round.[0m
csi_data,[0,0,-11,-13,-11,-13,-11,-13,-11,-13,-12,-13,-12,-13,-13,-12,-14,-12,-14,-11,-15,-11,-15,-11,-16,-10,-17,-10,-17,-10,-18,-10,-19,-10,-19,-10,-19,-11,-19,-12,-19,-12,-18,-13,-17,-14,-16,-14,-15,-14,-14,-15,-14,-15,0,0,0,0,0,0,0,0,0,0,0,0,0,0,0,0,0,0,0,0,0,0,1,0,0,0,0,0,0,-1,0,-1,-1,-2,-1,-2,-1,-3,-2,-3,-2,-4,-2,-4,-2,-5,-2,-6,-2,-6,-3,-7,-3,-7,-4,-7,-4,-8,-5,-8,-6,-9,-6,-9,-7,-10,-8,-10,-9,-11,-9,-11,-9,-11]
[0;33mW (578202) TAG: AP channel is 0 (not ready). Skip this round.[0m
csi_data,[0,0,1,-16,1,-17,1,-17,1,-17,0,-17,0,-18,-1,-18,-2,-18,-3,-18,-3,-18,-4,-18,-5,-18,-5,-19,-6,-20,-6,-20,-7,-21,-6,-21,-6,-21,-5,-22,-5,-22,-4,-22,-3,-22,-2,-21,-1,-21,0,-21,1,-21,0,0,0,0,0,0,0,0,0,0,0,0,0,0,0,0,0,0,0,0,0,0,0,1,0,1,0,0,0,0,0,-1,0,-1,1,-2,1,-3,1,-3,1,-4,1,-4,1,-5,2,-5,2,-6,2,-6,2,-7,2,-8,2,-8,2,-9,1,-10,1,-11,1,-12,1,-13,1,-13,1,-14,1,-15]
[0;33mW (579202) TAG: AP channel is 0 (not ready). Skip this round.[0m
csi_data,[0,0,-3,15,-3,16,-2,16,-2,16,-2,16,-1,16,-1,16,0,17,0,17,1,17,2,17,2,18,3,18,4,19,4,19,4,20,4,20,4,21,3,21,2,21,1,21,0,21,0,20,-1,20,-3,19,-3,19,0,0,0,0,0,0,0,0,0,0,0,0,0,0,0,0,0,0,0,0,0,0,-2,-2,-2,-2,-2,-1,-1,-1,-2,0,-2,0,-2,1,-2,1,-2,2,-3,3,-3,3,-3,4,-3,4,-3,5,-3,5,-4,6,-4,7,-3,7,-3,8,-3,9,-3,10,-3,10,-3,11,-3,12,-3,13,-3,14]
[0;33mW (580202) TAG: AP channel is 0 (not ready). Skip this round.[0m
csi_data,[0,0,13,-8,13,-8,13,-9,13,-9,13,-9,13,-10,13,-10,13,-11,12,-12,12,-12,12,-13,12,-13,12,-14,12,-15,13,-15,13,-16,13,-16,14,-16,14,-16,15,-15,15,-14,16,-13,16,-12,16,-11,17,-10,17,-10,0,0,0,0,0,0,0,0,0,0,0,0,0,0,0,0,0,0,0,0,0,0,-1,1,-1,1,-1,0,0,0,0,0,1,0,1,-1,2,-1,3,-1,3,-1,4,-1,4,-1,4,-2,5,-2,6,-2,6,-2,7,-3,7,-3,7,-4,8,-4,9,-5,9,-5,10,-6,11,-6,11,-7,12,-7]
[0;33mW (581202) TAG: AP channel is 0 (not ready). Skip this round.[0m
csi_data,[0,0,8,-13,8,-13,9,-14,9,-14,9,-14,8,-15,7,-15,6,-16,6,-16,6,-16,5,-17,5,-17,5,-18,5,-19,5,-19,5,-20,5,-20,5,-21,6,-20,7,-20,7,-20,8,-19,9,-18,9,-18,10,-17,10,-17,0,0,0,0,0,0,0,0,0,0,0,0,0,0,0,0,0,0,0,0,0,0,-1,1,-1,1,-1,1,0,0,0,0,1,-1,1,-1,1,-2,2,-2,2,-3,3,-3,3,-3,4,-3,4,-4,5,-4,5,-5,5,-5,5,-6,6,-7,6,-8,6,-8,6,-9,7,-10,7,-10,8,-11,8,-11]
[0;33mW (582202) TAG: AP channel is 0 (not ready). Skip this round.[0m
csi_data,[0,0,-7,-15,-7,-15,-7,-15,-8,-15,-8,-16,-8,-16,-9,-15,-10,-15,-10,-14,-11,-14,-12,-14,-13,-14,-14,-14,-14,-14,-15,-15,-15,-15,-15,-15,-15,-16,-15,-17,-14,-17,-14,-18,-13,-18,-12,-18,-11,-18,-10,-18,-10,-18,0,0,0,0,0,0,0,0,0,0,0,0,0,0,0,0,0,0,0,0,0,0,1,1,0,0,0,0,0,0,0,-1,0,-1,0,-2,0,-3,0,-3,0,-4,0,-5,-1,-5,-1,-6,-1,-6,-1,-7,-1,-8,-2,-8,-2,-9,-3,-9,-3,-10,-4,-11,-4,-11,-5,-12,-6,-12,-6,-13,-6,-14]
[0;33mW (583202) TAG: AP channel is 0 (not ready). Skip this round.[0m
csi_data,[0,0,-12,-11,-12,-11,-13,-11,-13,-11,-13,-11,-14,-10,-14,-10,-15,-10,-16,-9,-16,-8,-17,-8,-17,-7,-18,-7,-19,-7,-20,-7,-20,-7,-20,-7,-21,-8,-21,-9,-21,-10,-20,-10,-19,-10,-18,-11,-18,-12,-17,-12,-16,-13,0,0,0,0,0,0,0,0,0,0,0,0,0,0,0,0,0,0,0,0,0,0,2,0,1,0,1,-1,0,-1,0,-1,-1,-2,-1,-2,-1,-3,-1,-3,-2,-4,-2,-5,-2,-5,-3,-5,-3,-6,-3,-6,-4,-7,-5,-7,-5,-7,-6,-8,-7,-8,-7,-8,-8,-9,-9,-9,-10,-9,-10,-10,-11,-10]
[0;33mW (584202) TAG: AP channel is 0 (not ready). Skip this round.[0m
csi_data,[0,0,-6,14,-6,14,-6,15,-6,15,-6,15,-5,15,-4,15,-4,16,-3,16,-2,16,-2,17,-1,17,0,18,0,18,0,19,0,20,-1,20,-1,20,-2,21,-2,21,-3,20,-4,20,-4,20,-5,19,-6,18,-7,18,0,0,0,0,0,0,0,0,0,0,0,0,0,0,0,0,0,0,0,0,0,0,-1,-2,0,-2,0,-1,-1,-1,-1,0,-1,0,-1,1,-2,1,-2,1,-3,2,-3,2,-4,3,-4,3,-4,4,-5,4,-5,5,-5,5,-5,6,-5,7,-5,8,-5,8,-5,9,-5,10,-6,11,-6,12,-6,12]
[0;33mW (585202) TAG: AP channel is 0 (not ready). Skip this round.[0m
csi_data,[0,0,9,8,9,9,10,9,10,9,10,9,11,9,11,8,12,7,12,7,12,7,13,6,13,6,14,5,15,5,15,6,16,6,16,6,16,7,16,7,16,7,15,8,15,9,14,9,13,10,12,10,12,11,0,0,0,0,0,0,0,0,0,0,0,0,0,0,0,0,0,0,0,0,0,0,-2,-1,-1,-1,-1,-1,-1,0,0,0,0,0,0,1,1,1,1,1,1,2,1,3,1,3,1,3,2,4,2,4,3,4,3,4,4,5,4,6,5,6,6,6,6,6,7,7,7,7,8,8,9,8]
[0;33mW (586202) TAG: AP channel is 0 (not ready). Skip this round.[0m
csi_data,[0,0,13,7,13,7,14,7,14,7,14,7,15,6,15,6,15,5,16,4,16,4,17,3,17,3,18,2,18,2,19,2,20,2,20,2,21,2,21,3,20,4,20,4,19,5,19,6,18,7,18,7,17,8,0,0,0,0,0,0,0,0,0,0,0,0,0,0,0,0,0,0,0,0,0,0,-2,-1,-2,-1,-2,-1,-1,0,-1,0,0,0,0,1,1,1,1,2,2,2,2,3,2,3,3,3,3,4,4,4,4,4,5,4,5,4,6,5,7,5,8,5,9,6,10,6,11,6,11,7,12,7]
[0;33mW (587202) TAG: AP channel is 0 (not ready). Skip this round.[0m
csi_data,[0,0,-14,0,-14,0,-14,0,-14,0,-14,1,-15,1,-15,2,-15,2,-15,3,-15,4,-15,4,-15,5,-15,5,-16,6,-16,6,-17,6,-17,6,-18,6,-18,5,-18,5,-18,4,-18,3,-18,3,-18,2,-17,2,-17,1,0,0,0,0,0,0,0,0,0,0,0,0,0,0,0,0,0,0,0,0,0,0,1,-2,1,-1,0,-1,0,-1,0,-1,-1,-1,-2,-1,-2,-2,-3,-2,-3,-2,-3,-2,-4,-2,-4,-2,-5,-2,-6,-2,-6,-2,-7,-2,-8,-2,-8,-1,-8,-1,-9,-1,-10,-1,-11,-1,-11,0,-12,0,-12,0]
[0;33mW (588202) TAG: AP channel is 0 (not ready). Skip this round.[0m
csi_data,[0,0,-15,-7,-15,-7,-15,-7,-16,-7,-16,-6,-16,-6,-17,-5,-17,-5,-17,-4,-17,-3,-18,-3,-18,-2,-19,-1,-19,-1,-20,-1,-21,-1,-21,-1,-22,-2,-22,-2,-22,-3,-22,-4,-21,-5,-20,-5,-20,-6,-19,-7,-19,-8,0,0,0,0,0,0,0,0,0,0,0,0,0,0,0,0,0,0,0,0,0,0,1,-1,1,-1,0,-1,0,-1,0,-1,-1,-2,-2,-2,-2,-3,-2,-3,-3,-3,-3,-4,-4,-4,-4,-4,-4,-5,-5,-5,-6,-5,-6,-5,-7,-5,-8,-6,-8,-6,-9,-6,-10,-6,-11,-6,-12,-6,-13,-6,-13,-6]
[0;33mW (589202) TAG: AP channel is 0 (not ready). Skip this round.[0m
csi_data,[0,0,6,12,6,12,6,12,7,12,7,12,8,12,8,11,9,11,9,11,10,11,10,11,11,11,11,11,12,11,13,11,13,12,13,12,13,12,13,13,13,13,12,14,11,14,10,14,9,14,8,15,7,15,0,0,0,0,0,0,0,0,0,0,0,0,0,0,0,0,0,0,0,0,0,0,-1,-1,-2,-1,-1,-1,-1,0,-1,0,-1,1,0,1,0,2,0,2,0,3,0,3,0,4,0,4,0,5,0,5,1,6,1,6,2,7,2,7,3,7,3,8,4,9,4,9,4,10,5,11,5,11]
[0;33mW (590202) TAG: AP channel is 0 (not ready). Skip this round.[0m
csi_data,[0,0,-16,-1,-17,-1,-17,-1,-17,0,-17,0,-17,1,-17,1,-17,2,-17,2,-18,3,-18,4,-18,5,-18,5,-19,6,-19,6,-20,7,-20,7,-21,7,-21,6,-22,5,-22,5,-21,4,-21,3,-21,2,-20,0,-20,-1,0,0,0,0,0,0,0,0,0,0,0,0,0,0,0,0,0,0,0,0,0,0,1,-2,1,-2,0,-1,0,-1,-1,-1,-1,-1,-2,-1,-3,-2,-3,-2,-4,-2,-4,-3,-5,-3,-5,-2,-5,-2,-6,-3,-7,-3,-8,-3,-9,-2,-9,-2,-10,-2,-11,-2,-12,-2,-13,-1,-13,-1,-14,-1,-15,-1]
[0;33mW (591202) TAG: AP channel is 0 (not ready). Skip this round.[0m
csi_data,[0,0,15,3,15,3,15,3,16,3,16,2,16,1,16,1,16,0,16,-1,17,-1,17,-1,17,-2,18,-3,18,-4,19,-4,19,-4,20,-4,20,-4,21,-4,21,-3,21,-2,20,-1,20,0,20,1,19,2,19,3,0,0,0,0,0,0,0,0,0,0,0,0,0,0,0,0,0,0,0,0,0,0,-2,1,-2,1,-1,0,-1,0,0,0,0,1,1,1,2,1,2,1,2,2,3,2,3,3,4,3,4,3,5,3,5,3,6,3,7,3,8,3,9,3,10,3,10,3,11,2,12,3,13,3,14,3]
[0;33mW (592202) TAG: AP channel is 0 (not ready). Skip this round.[0m
csi_data,[0,0,13,7,13,7,14,7,15,7,15,6,15,6,15,5,15,5,16,4,16,3,17,3,17,2,18,2,18,2,19,1,20,1,20,2,20,2,21,2,21,3,21,4,20,5,19,5,19,6,18,7,17,8,0,0,0,0,0,0,0,0,0,0,0,0,0,0,0,0,0,0,0,0,0,0,-2,0,-2,0,-2,0,-2,0,-1,0,0,1,0,1,1,1,1,2,2,2,2,3,2,3,2,4,3,4,4,4,4,5,5,5,6,5,6,5,7,5,8,5,9,6,10,6,11,6,11,6,12,7]
[0;33mW (593202) TAG: AP channel is 0 (not ready). Skip this round.[0m
csi_data,[0,0,6,-12,6,-12,6,-13,7,-13,6,-13,6,-13,5,-13,5,-14,4,-14,4,-15,3,-15,2,-15,2,-16,2,-17,2,-17,2,-17,2,-18,3,-18,3,-18,4,-18,4,-18,5,-18,6,-17,6,-16,7,-16,7,-15,0,0,0,0,0,0,0,0,0,0,0,0,0,0,0,0,0,0,0,0,0,0,-1,1,-1,1,0,0,0,0,0,-1,0,-1,1,-1,1,-1,2,-2,2,-2,2,-2,3,-3,3,-3,3,-4,4,-4,4,-4,4,-5,4,-6,4,-6,4,-7,5,-8,5,-8,5,-9,6,-9,6,-10,6,-11]
[0;33mW (594202) TAG: AP channel is 0 (not ready). Skip this round.[0m
csi_data,[0,0,-15,0,-15,0,-15,0,-15,0,-15,1,-15,1,-15,2,-15,2,-15,2,-16,3,-16,4,-16,5,-16,5,-16,6,-17,6,-17,6,-18,6,-18,6,-19,6,-19,5,-19,4,-19,3,-19,2,-18,1,-18,0,-18,0,0,0,0,0,0,0,0,0,0,0,0,0,0,0,0,0,0,0,0,0,0,0,1,-1,0,-1,0,-1,-1,-1,-1,-1,-1,-1,-2,-1,-3,-2,-3,-2,-4,-2,-4,-2,-5,-2,-5,-2,-5,-2,-6,-2,-7,-2,-7,-2,-8,-2,-8,-1,-9,-1,-10,-1,-11,-1,-12,-1,-12,0,-13,0,-13,0]
[0;33mW (595202) TAG: AP channel is 0 (not ready). Skip this round.[0m
csi_data,[0,0,-7,-15,-7,-15,-7,-15,-7,-15,-8,-15,-8,-15,-9,-15,-10,-15,-10,-14,-11,-14,-12,-14,-12,-14,-13,-14,-14,-14,-14,-14,-15,-14,-15,-15,-15,-16,-15,-16,-15,-17,-14,-17,-12,-18,-12,-18,-11,-18,-10,-18,-9,-18,0,0,0,0,0,0,0,0,0,0,0,0,0,0,0,0,0,0,0,0,0,0,1,0,1,0,1,0,1,-1,0,-1,0,-1,0,-2,0,-3,0,-3,0,-4,0,-4,0,-5,-1,-6,-1,-6,-1,-7,-1,-7,-2,-8,-2,-8,-2,-9,-3,-10,-3,-11,-4,-11,-4,-12,-5,-12,-5,-13,-6,-14]
[0;33mW (596202) TAG: AP channel is 0 (not ready). Skip this round.[0m
csi_data,[0,0,2,-16,1,-16,1,-16,1,-17,1,-17,0,-17,-1,-17,-1,-17,-2,-17,-3,-17,-3,-18,-4,-18,-5,-18,-5,-19,-6,-20,-6,-20,-5,-21,-5,-21,-5,-22,-4,-22,-3,-22,-2,-22,-1,-21,0,-21,1,-21,2,-20,0,0,0,0,0,0,0,0,0,0,0,0,0,0,0,0,0,0,0,0,0,0,3,2,3,2,2,2,2,1,2,1,2,0,2,0,2,-1,2,-2,2,-2,2,-3,2,-3,2,-4,3,-5,3,-5,3,-6,2,-6,2,-7,2,-8,2,-9,2,-10,2,-11,2,-12,2,-13,2,-14,1,-14]
[0;33mW (597202) TAG: AP channel is 0 (not ready). Skip this round.[0m
csi_data,[0,0,-7,-14,-7,-15,-8,-15,-8,-15,-8,-15,-9,-15,-9,-15,-10,-14,-11,-14,-12,-14,-13,-14,-14,-14,-14,-14,-15,-14,-15,-14,-16,-14,-16,-15,-16,-16,-16,-16,-15,-17,-14,-18,-13,-18,-13,-18,-12,-18,-11,-18,-10,-18,0,0,0,0,0,0,0,0,0,0,0,0,0,0,0,0,0,0,0,0,0,0,0,1,0,1,0,0,0,-1,0,-1,-1,-2,-1,-2,-1,-3,-1,-3,-1,-4,-1,-4,-1,-5,-1,-6,-1,-6,-1,-6,-1,-7,-2,-8,-2,-8,-2,-9,-3,-10,-3,-10,-4,-11,-5,-11,-5,-12,-6,-12,-6,-13]
[0;33mW (598202) TAG: AP channel is 0 (not ready). Skip this round.[0m
csi_data,[0,0,-7,12,-7,13,-7,13,-7,14,-7,15,-6,15,-5,16,-5,16,-4,17,-3,17,-3,18,-2,18,-1,19,-1,20,-1,21,-1,22,-1,22,-1,22,-2,23,-2,23,-4,23,-5,22,-5,21,-6,21,-7,20,-7,20,0,0,0,0,0,0,0,0,0,0,0,0,0,0,0,0,0,0,0,0,0,0,1,-4,1,-4,1,-3,1,-3,1,-2,1,-2,0,-1,0,0,-1,0,-2,0,-2,1,-2,1,-3,2,-3,2,-4,3,-4,3,-4,4,-4,4,-5,5,-5,6,-6,7,-6,8,-6,8,-6,9,-6,11,-7,11]
[0;33mW (599202) TAG: AP channel is 0 (not ready). Skip this round.[0m
csi_data,[0,0,14,-4,14,-4,14,-5,15,-5,15,-6,15,-7,15,-7,15,-8,15,-8,15,-9,15,-10,15,-11,15,-12,15,-13,15,-13,16,-14,17,-14,17,-14,18,-14,18,-14,19,-13,19,-12,20,-11,20,-9,20,-8,20,-8,0,0,0,0,0,0,0,0,0,0,0,0,0,0,0,0,0,0,0,0,0,0,-3,1,-3,1,-3,1,-3,0,-2,0,-2,0,-1,0,-1,0,0,0,1,0,2,0,2,1,3,0,4,0,4,0,5,0,6,0,6,0,7,-1,8,-1,9,-1,10,-2,10,-2,11,-2,12,-3,12,-3]
[0;33mW (600202) TAG: AP channel is 0 (not ready). Skip this round.[0m
csi_data,[0,0,9,-9,9,-10,9,-10,9,-11,9,-11,9,-12,8,-12,7,-13,7,-14,7,-14,6,-15,6,-15,6,-16,5,-17,5,-17,5,-18,6,-18,6,-19,7,-19,7,-19,8,-19,8,-18,9,-17,9,-17,10,-16,11,-16,0,0,0,0,0,0,0,0,0,0,0,0,0,0,0,0,0,0,0,0,0,0,-2,2,-2,2,-2,1,-2,1,-2,1,-1,1,-1,0,0,0,0,0,1,0,1,0,2,-1,2,-1,3,-1,4,-2,4,-2,4,-2,5,-3,5,-3,6,-4,6,-5,6,-6,7,-6,7,-7,8,-8,8,-8]
[0;33mW (601202) TAG: AP channel is 0 (not ready). Skip this round.[0m
csi_data,[0,0,11,-7,11,-7,11,-7,11,-8,11,-8,11,-9,11,-9,10,-10,10,-10,10,-11,10,-12,9,-13,9,-13,9,-14,10,-14,10,-15,11,-15,11,-15,11,-15,11,-15,12,-14,12,-14,12,-13,13,-12,13,-12,13,-11,0,0,0,0,0,0,0,0,0,0,0,0,0,0,0,0,0,0,0,0,0,0,-3,-3,-3,-3,-3,-3,-2,-4,-2,-4,-1,-3,0,-3,1,-3,1,-3,2,-3,2,-3,3,-3,4,-3,4,-3,4,-3,5,-3,5,-3,6,-3,6,-4,7,-4,7,-5,8,-5,8,-5,9,-6,9,-6,9,-7]
[0;33mW (602202) TAG: AP channel is 0 (not ready). Skip this round.[0m
csi_data,[0,0,1,-15,2,-15,2,-15,2,-15,1,-16,0,-16,0,-16,-1,-16,-2,-17,-3,-17,-4,-17,-4,-17,-5,-17,-6,-18,-7,-18,-8,-19,-8,-19,-8,-20,-8,-20,-8,-20,-8,-20,-7,-20,-6,-20,-6,-19,-5,-19,-4,-19,0,0,0,0,0,0,0,0,0,0,0,0,0,0,0,0,0,0,0,0,0,0,-8,-7,-7,-7,-6,-8,-5,-8,-5,-9,-4,-9,-4,-9,-3,-9,-3,-9,-2,-9,-2,-9,-1,-9,-1,-9,0,-8,0,-8,1,-8,1,-9,1,-9,1,-9,1,-10,1,-10,1,-11,1,-11,1,-12,2,-13,2,-13]
