[0;32mI (107) esp_image: segment 1: paddr=00029c18 vaddr=3fc99b00 sizeESP-ROM:esp32s3-20210327[0m
Build:Mar 27 2021
rst:0x15 (USB_UART_CHIP_RESET),boot:0x8 (SPI_FAST_FLASH_BOOT)
Saved PC:0x4037ac12
SPIWP:0xee
mode:DIO, clock div:1
load:0x3fce2810,len:0x15a0
load:0x403c8700,len:0x4
load:0x403c8704,len:0xd20
load:0x403cb700,len:0x2ee4
entry 0x403c8928
[0;32mI (26) boot: ESP-IDF v5.4-dirty 2nd stage bootloader[0m
[0;32mI (27) boot: compile time Sep 10 2025 06:38:52[0m
[0;32mI (27) boot: Multicore bootloader[0m
[0;32mI (27) boot: chip revision: v0.2[0m
[0;32mI (30) boot: efuse block revision: v1.3[0m
[0;32mI (34) boot.esp32s3: Boot SPI Speed : 80MHz[0m
[0;32mI (37) boot.esp32s3: SPI Mode       : DIO[0m
[0;32mI (41) boot.esp32s3: SPI Flash Size : 2MB[0m
[0;32mI (45) boot: Enabling RNG early entropy source...[0m
[0;32mI (49) boot: Partition Table:[0m
[0;32mI (52) boot: ## Label            Usage          Type ST Offset   Length[0m
[0;32mI (58) boot:  0 nvs              WiFi data        01 02 00009000 00006000[0m
[0;32mI (65) boot:  1 phy_init         RF data          01 01 0000f000 00001000[0m
[0;32mI (71) boot:  2 factory          factory app      00 00 00010000 00100000[0m
[0;32mI (78) boot: End of partition table[0m
[0;32mI (81) esp_image: segment 0: paddr=00010020 vaddr=3c090020 size=19bf0h (105456) map[0m
[0;32mI (107) esp_image: segment 1: paddr=00029c18 vaddr=3fc99b00 size=04988h ( 18824) load[0m
[0;32mI (111) esp_image: segment 2: paddr=0002e5a8 vaddr=40374000 size=01a70h (  6768) load[0m
[0;32mI (113) esp_image: segment 3: paddr=00030020 vaddr=42000020 size=84a10h (543248) map[0m
[0;32mI (214) esp_image: segment 4: paddr=000b4a38 vaddr=40375a70 size=13fbch ( 81852) load[0m
[0;32mI (233) esp_image: segment 5: paddr=000c89fc vaddr=600fe100 size=0001ch (    28) load[0m
[0;32mI (241) boot: Loaded app from partition at offset 0x10000[0m
[0;32mI (241) boot: Disabling RNG early entropy source...[0m
[0;32mI (252) cpu_start: Multicore app[0m
[0;32mI (261) cpu_start: Pro cpu start user code[0m
[0;32mI (261) cpu_start: cpu freq: 160000000 Hz[0m
[0;32mI (261) app_init: Application information:[0m
[0;32mI (261) app_init: Project name:     initiator[0m
[0;32mI (265) app_init: App version:      207a5d4-dirty[0m
[0;32mI (270) app_init: Compile time:     Sep 10 2025 04:47:01[0m
[0;32mI (275) app_init: ELF file SHA256:  b9fa42bb0...[0m
[0;32mI (279) app_init: ESP-IDF:          v5.4-dirty[0m
[0;32mI (283) efuse_init: Min chip rev:     v0.0[0m
[0;32mI (287) efuse_init: Max chip rev:     v0.99 [0m
[0;32mI (291) efuse_init: Chip rev:         v0.2[0m
[0;32mI (295) heap_init: Initializing. RAM available for dynamic allocation:[0m
[0;32mI (301) heap_init: At 3FCA20F0 len 00047620 (285 KiB): RAM[0m
[0;32mI (306) heap_init: At 3FCE9710 len 00005724 (21 KiB): RAM[0m
[0;32mI (311) heap_init: At 3FCF0000 len 00008000 (32 KiB): DRAM[0m
[0;32mI (317) heap_init: At 600FE11C len 00001ECC (7 KiB): RTCRAM[0m
[0;32mI (323) spi_flash: detected chip: gd[0m
[0;32mI (325) spi_flash: flash io: dio[0m
[0;33mW (328) spi_flash: Detected size(8192k) larger than the size in the binary image header(2048k). Using the size in the binary image header.[0m
[0;32mI (341) sleep_gpio: Configure to isolate all GPIO pins in sleep state[0m
[0;32mI (347) sleep_gpio: Enable automatic switching of GPIO sleep configuration[0m
[0;32mI (354) main_task: Started on CPU0[0m
[0;32mI (364) main_task: Calling app_main()[0m
[0;32mI (384) pp: pp rom version: e7ae62f[0m
[0;32mI (384) net80211: net80211 rom version: e7ae62f[0m
[0;32mI (404) wifi_init: rx ba win: 6[0m
[0;32mI (404) wifi_init: accept mbox: 6[0m
[0;32mI (404) wifi_init: tcpip mbox: 32[0m
[0;32mI (404) wifi_init: udp mbox: 6[0m
[0;32mI (404) wifi_init: tcp mbox: 6[0m
[0;32mI (404) wifi_init: tcp tx win: 5760[0m
[0;32mI (404) wifi_init: tcp rx win: 5760[0m
[0;32mI (404) wifi_init: tcp mss: 1440[0m
[0;32mI (404) wifi_init: WiFi IRAM OP enabled[0m
[0;32mI (404) wifi_init: WiFi RX IRAM OP enabled[0m
[0;32mI (404) phy_init: phy_version 680,a6008b2,Jun  4 2024,16:41:10[0m
[0;32mI (2124) TAG: STA connected to 24:ec:4a:03:58:5d, ch=1 (sec=0)[0m
[0;32mI (2124) TAG: Ready (multi-anchor): FTM burst + CSI 1Hz, UART=921600.[0m
[0;32mI (2124) main_task: Returned from app_main()[0m
[1;31mE (2294) wifi:No FTM Measurements received from responder![0m
[0;33mW (2394) TAG: FTM to A1 failed (ESP_FAIL), streak=1[0m
csi_data,A1,[0,0,-14,2,-14,2,-14,2,-14,3,-14,3,-14,3,-13,3,-13,3,-13,4,-12,5,-12,6,-12,6,-12,6,-13,7,-12,7,-12,7,-13,7,-13,7,-14,6,-14,5,-14,5,-14,4,-14,3,-14,3,-14,2,-13,1,0,0,0,0,0,0,0,0,0,0,0,0,0,0,0,0,0,0,0,0,0,0,-10,0,-11,0,-11,-1,-11,-1,-12,-2,-12,-2,-12,-3,-12,-3,-12,-3,-12,-4,-12,-3,-12,-3,-12,-3,-12,-3,-12,-2,-12,-2,-12,-1,-12,-1,-12,-1,-12,0,-13,0,-13,0,-13,1,-14,2,-14,2,-14,2]
[0;32mI (3514) TAG: STA connected to 24:ec:4a:04:39:15, ch=6 (sec=0)[0m
csi_data,A2,[0,0,-7,-14,-8,-13,-8,-13,-7,-13,-8,-13,-7,-12,-8,-12,-8,-11,-8,-11,-8,-11,-8,-11,-9,-10,-9,-10,-10,-10,-9,-10,-10,-10,-10,-10,-10,-11,-9,-11,-9,-11,-8,-11,-8,-11,-7,-11,-7,-11,-5,-11,-5,-11,0,0,0,0,0,0,0,0,0,0,0,0,0,0,0,0,0,0,0,0,0,0,-6,-10,-6,-10,-6,-11,-5,-11,-5,-12,-4,-12,-4,-13,-4,-13,-3,-13,-3,-13,-3,-13,-3,-13,-3,-13,-3,-12,-4,-12,-4,-13,-4,-12,-5,-13,-5,-12,-6,-12,-6,-13,-7,-13,-7,-13,-7,-13,-8,-13,-7,-14]
[0;32mI (4534) esp_netif_handlers: sta ip: 192.168.4.2, mask: 255.255.255.0, gw: 192.168.4.1[0m
[0;33mW (5254) TAG: FTM to A2 failed (ESP_FAIL), streak=2[0m
[0;32mI (5864) TAG: STA connected to 24:ec:4a:03:56:41, ch=11 (sec=0)[0m
anchor,A3,24:ec:4a:03:56:41,ch=11
ftm_report,A3,18,18,2.700
csi_data,A3,[0,0,2,14,3,13,3,13,3,13,3,12,3,12,4,11,4,11,4,10,5,10,5,10,6,9,6,9,6,9,6,9,6,9,6,9,6,9,6,10,5,9,5,9,4,9,4,9,4,9,3,8,2,9,0,0,0,0,0,0,0,0,0,0,0,0,0,0,0,0,0,0,0,0,0,0,4,11,3,12,3,13,3,13,2,14,1,14,0,15,0,15,-1,14,-1,14,-1,14,-2,14,-1,14,-1,14,-1,14,-1,13,0,14,0,13,1,14,1,14,1,14,2,14,2,14,3,14,3,14,3,14]
[0;32mI (6724) TAG: STA connected to 24:ec:4a:03:58:5d, ch=1 (sec=0)[0m
[1;31mE (6894) wifi:No FTM Measurements received from responder![0m
[0;33mW (6994) TAG: FTM to A1 failed (ESP_FAIL), streak=1[0m
csi_data,A1,[0,0,-2,-14,-3,-14,-3,-14,-2,-14,-3,-14,-3,-13,-3,-13,-4,-13,-4,-13,-4,-13,-5,-13,-6,-12,-6,-13,-6,-13,-6,-13,-7,-14,-6,-13,-6,-15,-6,-14,-5,-15,-4,-14,-4,-14,-3,-14,-3,-14,-1,-14,-1,-14,0,0,0,0,0,0,0,0,0,0,0,0,0,0,0,0,0,0,0,0,0,0,-1,-10,0,-11,0,-11,1,-11,1,-11,2,-12,3,-12,3,-12,3,-12,3,-11,3,-12,3,-11,3,-11,2,-11,2,-12,2,-11,1,-12,1,-12,0,-13,0,-12,-1,-13,-1,-13,-1,-13,-2,-14,-2,-14,-2,-15]
[0;32mI (7594) TAG: STA connected to 24:ec:4a:04:39:15, ch=6 (sec=0)[0m
anchor,A2,24:ec:4a:04:39:15,ch=6
ftm_report,A2,14,14,2.100
csi_data,A2,[0,0,5,14,5,13,5,13,5,13,5,12,5,12,5,12,5,11,6,11,6,10,7,10,7,9,7,9,7,9,8,10,8,10,7,10,7,11,7,11,7,11,6,11,5,11,5,10,4,10,4,10,3,10,0,0,0,0,0,0,0,0,0,0,0,0,0,0,0,0,0,0,0,0,0,0,5,9,4,10,3,10,3,10,3,11,2,12,2,12,1,12,1,13,1,12,1,13,0,12,1,12,1,12,1,12,1,12,2,12,3,12,3,12,3,12,4,12,4,12,5,13,5,13,5,13,5,13]
[0;32mI (8484) TAG: STA connected to 24:ec:4a:03:56:41, ch=11 (sec=0)[0m
anchor,A3,24:ec:4a:03:56:41,ch=11
ftm_report,A3,18,18,2.700
csi_data,A3,[0,0,-5,-14,-6,-14,-6,-13,-5,-13,-6,-12,-6,-12,-6,-11,-7,-11,-6,-10,-7,-10,-7,-10,-8,-9,-8,-9,-8,-9,-8,-9,-8,-9,-8,-9,-8,-9,-8,-9,-7,-9,-7,-9,-6,-9,-6,-9,-6,-9,-5,-9,-4,-9,0,0,0,0,0,0,0,0,0,0,0,0,0,0,0,0,0,0,0,0,0,0,-7,-11,-6,-12,-6,-13,-5,-13,-5,-14,-4,-15,-3,-15,-3,-15,-2,-15,-2,-15,-2,-15,-1,-15,-2,-15,-2,-14,-2,-14,-2,-14,-2,-14,-3,-14,-4,-14,-4,-14,-5,-14,-5,-14,-5,-14,-6,-14,-6,-14,-6,-14]
[0;32mI (9334) TAG: STA connected to 24:ec:4a:03:58:5d, ch=1 (sec=0)[0m
anchor,A1,24:ec:4a:03:58:5d,ch=1
ftm_report,A1,6,6,0.900
csi_data,A1,[0,0,-8,11,-8,11,-8,11,-7,11,-7,11,-6,11,-6,11,-5,11,-5,11,-4,11,-4,12,-3,11,-3,12,-3,12,-3,13,-3,13,-3,13,-3,13,-4,13,-4,13,-5,13,-5,12,-5,12,-6,11,-6,11,-7,10,0,0,0,0,0,0,0,0,0,0,0,0,0,0,0,0,0,0,0,0,0,0,-7,9,-8,9,-9,9,-9,9,-10,8,-11,8,-11,8,-12,8,-12,7,-12,7,-12,7,-12,7,-11,7,-11,7,-11,7,-10,8,-10,8,-10,8,-10,8,-9,9,-9,9,-9,10,-9,10,-9,10,-9,11,-8,11]
[0;32mI (10184) TAG: STA connected to 24:ec:4a:04:39:15, ch=6 (sec=0)[0m
anchor,A2,24:ec:4a:04:39:15,ch=6
ftm_report,A2,16,16,2.400
[0;32mI (11044) TAG: STA connected to 24:ec:4a:03:56:41, ch=11 (sec=0)[0m
csi_data,A3,[0,0,-8,-13,-8,-13,-8,-12,-8,-12,-8,-11,-8,-11,-9,-10,-9,-10,-8,-9,-9,-9,-9,-8,-9,-8,-10,-8,-10,-7,-10,-8,-10,-8,-10,-8,-9,-8,-9,-8,-9,-8,-9,-8,-8,-8,-8,-8,-7,-8,-6,-8,-6,-8,0,0,0,0,0,0,0,0,0,0,0,0,0,0,0,0,0,0,0,0,0,0,-8,-10,-7,-11,-7,-12,-7,-12,-7,-13,-6,-13,-5,-14,-5,-14,-4,-14,-4,-14,-4,-14,-4,-14,-4,-14,-4,-14,-4,-13,-4,-13,-5,-13,-6,-13,-6,-13,-7,-13,-7,-13,-8,-13,-8,-13,-8,-13,-8,-13,-8,-13]
anchor,A3,24:ec:4a:03:56:41,ch=11
ftm_report,A3,17,17,2.550
[0;32mI (11954) TAG: STA connected to 24:ec:4a:03:58:5d, ch=1 (sec=0)[0m
csi_data,A1,[0,0,-7,13,-6,12,-6,13,-6,12,-5,12,-5,12,-4,12,-4,12,-3,12,-3,12,-2,13,-1,12,-2,12,-1,13,-1,13,-1,14,-2,13,-2,14,-2,15,-3,14,-3,14,-4,13,-4,12,-5,12,-5,12,-6,11,0,0,0,0,0,0,0,0,0,0,0,0,0,0,0,0,0,0,0,0,0,0,-6,10,-7,10,-7,10,-8,10,-9,10,-10,10,-10,9,-11,9,-11,9,-11,8,-11,8,-11,8,-10,8,-10,8,-9,8,-9,8,-9,9,-8,9,-8,10,-8,10,-8,10,-7,11,-7,11,-7,12,-7,12,-7,13]
anchor,A1,24:ec:4a:03:58:5d,ch=1
ftm_report,A1,8,8,1.200
[0;32mI (12804) TAG: STA connected to 24:ec:4a:04:39:15, ch=6 (sec=0)[0m
anchor,A2,24:ec:4a:04:39:15,ch=6
ftm_report,A2,15,15,2.250
csi_data,A2,[0,0,14,5,13,5,13,5,13,4,13,4,12,3,12,3,12,2,12,3,12,1,12,1,12,0,12,0,12,0,12,1,13,0,12,0,13,1,13,1,12,2,12,2,12,3,11,2,11,3,10,4,10,4,0,0,0,0,0,0,0,0,0,0,0,0,0,0,0,0,0,0,0,0,0,0,10,3,10,3,10,4,11,5,10,5,11,6,10,7,10,7,10,7,10,7,10,8,10,7,10,7,10,7,10,7,10,7,10,6,10,6,11,6,11,5,12,5,12,5,12,5,13,4,13,4,13,5]
[0;32mI (13654) TAG: STA connected to 24:ec:4a:03:56:41, ch=11 (sec=0)[0m
anchor,A3,24:ec:4a:03:56:41,ch=11
ftm_report,A3,18,18,2.700
csi_data,A3,[0,0,6,-14,5,-14,5,-13,5,-13,4,-13,4,-12,3,-12,3,-12,2,-12,2,-12,1,-13,1,-12,1,-12,0,-12,0,-13,0,-13,0,-12,1,-13,1,-12,1,-12,2,-12,2,-11,3,-11,3,-10,3,-10,3,-9,0,0,0,0,0,0,0,0,0,0,0,0,0,0,0,0,0,0,0,0,0,0,3,-12,4,-12,5,-12,6,-12,6,-12,7,-12,8,-12,8,-12,9,-12,9,-11,9,-11,9,-11,9,-11,8,-11,8,-11,8,-11,7,-12,7,-12,7,-12,6,-13,6,-13,6,-13,6,-14,6,-14,6,-14,6,-14]
[0;32mI (14514) TAG: STA connected to 24:ec:4a:03:58:5d, ch=1 (sec=0)[0m
anchor,A1,24:ec:4a:03:58:5d,ch=1
ftm_report,A1,4,4,0.600
csi_data,A1,[0,0,12,-5,12,-5,12,-6,12,-6,12,-6,11,-6,11,-6,10,-7,10,-7,10,-8,10,-8,9,-8,9,-8,10,-9,10,-9,10,-9,10,-9,11,-9,11,-9,11,-9,11,-8,11,-7,11,-6,12,-6,11,-5,11,-4,0,0,0,0,0,0,0,0,0,0,0,0,0,0,0,0,0,0,0,0,0,0,10,-5,11,-4,11,-3,12,-3,12,-2,13,-2,13,-1,13,-1,13,-1,13,0,13,0,12,0,12,0,12,0,11,-1,12,-1,12,-2,11,-2,12,-2,12,-3,12,-3,12,-4,12,-4,12,-4,13,-5,13,-5]
[0;32mI (15374) TAG: STA connected to 24:ec:4a:04:39:15, ch=6 (sec=0)[0m
anchor,A2,24:ec:4a:04:39:15,ch=6
ftm_report,A2,16,16,2.400
csi_data,A2,[0,0,-14,7,-14,6,-14,6,-12,6,-13,7,-12,7,-12,7,-11,7,-11,7,-10,8,-10,8,-9,8,-9,9,-9,9,-9,9,-10,9,-10,9,-10,9,-10,9,-10,8,-10,8,-11,7,-10,6,-11,6,-10,5,-10,5,0,0,0,0,0,0,0,0,0,0,0,0,0,0,0,0,0,0,0,0,0,0,-10,6,-10,5,-11,5,-12,4,-12,4,-13,4,-13,3,-13,3,-13,2,-13,2,-13,2,-13,3,-13,3,-13,3,-13,3,-13,3,-12,3,-12,4,-13,4,-13,5,-13,5,-13,6,-13,6,-13,7,-13,7,-13,7]
[0;32mI (16244) TAG: STA connected to 24:ec:4a:03:56:41, ch=11 (sec=0)[0m
anchor,A3,24:ec:4a:03:56:41,ch=11
ftm_report,A3,22,22,3.300
[0;32mI (17104) TAG: STA connected to 24:ec:4a:03:58:5d, ch=1 (sec=0)[0m
csi_data,A1,[0,0,0,14,0,13,0,13,0,13,1,13,1,12,2,12,2,12,2,12,3,12,3,12,4,11,4,11,5,12,5,12,5,12,5,12,4,13,4,13,4,13,3,13,2,13,2,13,1,12,0,12,-1,12,0,0,0,0,0,0,0,0,0,0,0,0,0,0,0,0,0,0,0,0,0,0,0,11,-1,12,-2,12,-2,12,-3,12,-4,13,-5,12,-5,12,-5,12,-5,12,-5,12,-6,12,-5,11,-5,11,-4,11,-4,12,-4,11,-3,12,-2,12,-2,12,-2,12,-1,12,-1,13,-1,13,0,13,0,14]
anchor,A1,24:ec:4a:03:58:5d,ch=1
ftm_report,A1,4,4,0.600
[0;32mI (17964) TAG: STA connected to 24:ec:4a:04:39:15, ch=6 (sec=0)[0m
csi_data,A2,[0,0,3,14,3,13,3,13,3,13,3,13,3,12,4,12,4,12,4,11,4,11,5,11,5,10,6,10,6,10,6,10,6,11,6,10,6,11,5,11,5,11,4,11,4,11,3,11,3,11,2,10,1,11,0,0,0,0,0,0,0,0,0,0,0,0,0,0,0,0,0,0,0,0,0,0,3,10,3,11,2,11,2,12,1,11,0,13,0,13,-1,13,-1,13,-1,12,-2,13,-2,12,-1,12,-1,12,0,12,-1,12,0,12,1,12,1,13,2,12,2,13,2,13,3,13,3,13,3,13,3,14]
anchor,A2,24:ec:4a:04:39:15,ch=6
ftm_report,A2,16,16,2.400
[0;32mI (18824) TAG: STA connected to 24:ec:4a:03:56:41, ch=11 (sec=0)[0m
anchor,A3,24:ec:4a:03:56:41,ch=11
ftm_report,A3,18,18,2.700
csi_data,A3,[0,0,-11,10,-10,10,-10,9,-10,10,-9,9,-9,9,-8,9,-7,10,-7,10,-7,10,-6,10,-6,10,-6,10,-5,10,-5,10,-5,11,-5,10,-6,11,-6,10,-6,10,-6,9,-6,8,-7,8,-7,7,-7,7,-7,6,0,0,0,0,0,0,0,0,0,0,0,0,0,0,0,0,0,0,0,0,0,0,-8,9,-9,9,-10,8,-10,8,-11,8,-12,8,-12,7,-13,7,-13,7,-13,6,-13,6,-13,6,-12,6,-12,6,-12,6,-12,6,-12,7,-11,7,-11,8,-11,8,-11,9,-11,9,-11,10,-11,10,-11,10,-11,10]
[0;32mI (19674) TAG: STA connected to 24:ec:4a:03:58:5d, ch=1 (sec=0)[0m
anchor,A1,24:ec:4a:03:58:5d,ch=1
ftm_report,A1,6,6,0.900
csi_data,A1,[0,0,-11,8,-12,8,-11,8,-11,8,-10,8,-10,9,-10,9,-9,9,-8,9,-8,10,-8,10,-8,10,-8,10,-7,11,-7,11,-7,11,-8,11,-8,12,-8,12,-9,11,-9,11,-9,10,-10,9,-10,8,-10,8,-11,7,0,0,0,0,0,0,0,0,0,0,0,0,0,0,0,0,0,0,0,0,0,0,-10,6,-11,6,-12,5,-12,5,-13,4,-13,4,-13,4,-13,3,-13,3,-13,2,-14,2,-13,3,-13,2,-13,2,-12,3,-12,4,-12,4,-12,4,-12,5,-12,6,-12,6,-12,6,-12,7,-12,7,-12,7,-12,8]
[0;32mI (20534) TAG: STA connected to 24:ec:4a:04:39:15, ch=6 (sec=0)[0m
anchor,A2,24:ec:4a:04:39:15,ch=6
ftm_report,A2,16,16,2.400
csi_data,A2,[0,0,-15,-2,-15,-3,-15,-3,-15,-2,-14,-2,-14,-2,-14,-2,-14,-1,-13,0,-13,0,-13,0,-13,1,-13,1,-13,2,-13,2,-13,2,-13,2,-13,1,-13,1,-13,1,-13,0,-13,0,-13,-1,-12,-1,-11,-2,-11,-2,0,0,0,0,0,0,0,0,0,0,0,0,0,0,0,0,0,0,0,0,0,0,-11,-2,-11,-2,-12,-3,-12,-4,-12,-4,-12,-5,-12,-5,-13,-6,-12,-6,-12,-6,-12,-6,-12,-6,-12,-6,-12,-6,-12,-5,-12,-5,-12,-5,-13,-4,-13,-4,-14,-4,-14,-3,-14,-3,-15,-3,-15,-3,-15,-3,-15,-3]
[0;32mI (21384) TAG: STA connected to 24:ec:4a:03:56:41, ch=11 (sec=0)[0m
anchor,A3,24:ec:4a:03:56:41,ch=11
ftm_report,A3,19,19,2.850
csi_data,A3,[0,0,14,0,14,0,14,0,14,0,13,-1,13,-1,12,-1,12,-2,12,-2,12,-3,12,-3,11,-4,11,-4,11,-4,12,-5,11,-5,12,-4,12,-4,12,-4,12,-3,12,-3,12,-2,11,-1,11,-1,10,-1,10,0,0,0,0,0,0,0,0,0,0,0,0,0,0,0,0,0,0,0,0,0,0,0,12,-1,12,0,12,0,12,1,13,2,13,2,13,3,13,3,13,4,13,4,13,4,12,4,12,4,12,4,12,3,12,3,12,3,13,2,13,2,13,2,13,1,14,1,14,0,14,0,14,0,14,0]
[0;32mI (22244) TAG: STA connected to 24:ec:4a:03:58:5d, ch=1 (sec=0)[0m
anchor,A1,24:ec:4a:03:58:5d,ch=1
ftm_report,A1,4,4,0.600
[0;32mI (23094) TAG: STA connected to 24:ec:4a:04:39:15, ch=6 (sec=0)[0m
csi_data,A2,[0,0,9,-12,9,-12,9,-11,9,-12,9,-11,8,-11,7,-11,7,-11,6,-12,6,-12,6,-12,5,-11,5,-12,5,-12,4,-12,4,-12,5,-12,5,-12,5,-12,5,-12,6,-12,6,-11,7,-10,7,-9,7,-9,7,-8,0,0,0,0,0,0,0,0,0,0,0,0,0,0,0,0,0,0,0,0,0,0,7,-9,7,-9,8,-9,9,-9,9,-8,10,-8,10,-8,11,-8,11,-8,11,-7,11,-7,11,-7,11,-6,11,-6,10,-7,10,-8,9,-8,10,-9,10,-9,9,-10,9,-10,9,-11,9,-11,10,-11,10,-11,10,-11]
anchor,A2,24:ec:4a:04:39:15,ch=6
ftm_report,A2,15,15,2.250
[0;32mI (24004) TAG: STA connected to 24:ec:4a:03:56:41, ch=11 (sec=0)[0m
csi_data,A3,[0,0,-13,-7,-13,-7,-13,-7,-13,-7,-13,-6,-13,-6,-12,-5,-12,-5,-12,-4,-12,-4,-12,-3,-12,-3,-12,-3,-12,-3,-12,-2,-12,-2,-13,-3,-12,-3,-12,-3,-12,-4,-12,-4,-11,-5,-11,-5,-10,-5,-9,-5,-9,-6,0,0,0,0,0,0,0,0,0,0,0,0,0,0,0,0,0,0,0,0,0,0,-12,-4,-11,-5,-12,-6,-12,-7,-12,-7,-11,-8,-11,-9,-11,-9,-11,-10,-11,-10,-10,-10,-10,-10,-10,-10,-10,-10,-10,-9,-10,-9,-11,-9,-11,-8,-12,-8,-12,-8,-12,-8,-13,-8,-13,-7,-13,-7,-14,-7,-13,-7]
anchor,A3,24:ec:4a:03:56:41,ch=11
ftm_report,A3,16,16,2.400
[0;32mI (24864) TAG: STA connected to 24:ec:4a:03:58:5d, ch=1 (sec=0)[0m
anchor,A1,24:ec:4a:03:58:5d,ch=1
ftm_report,A1,5,5,0.750
csi_data,A1,[0,0,14,3,14,3,14,3,13,2,13,2,13,2,13,1,13,1,12,1,12,0,13,-1,13,-1,13,-1,13,-1,13,-1,13,-2,14,-1,14,-1,14,-1,13,0,13,1,13,1,13,2,12,3,12,3,11,4,0,0,0,0,0,0,0,0,0,0,0,0,0,0,0,0,0,0,0,0,0,0,11,1,11,2,11,3,12,4,11,4,11,5,11,5,11,6,11,6,11,6,11,6,10,6,11,6,10,6,11,6,10,5,11,5,11,4,12,4,12,4,12,4,13,3,13,3,14,3,14,3,14,3]
[0;32mI (25724) TAG: STA connected to 24:ec:4a:04:39:15, ch=6 (sec=0)[0m
anchor,A2,24:ec:4a:04:39:15,ch=6
ftm_report,A2,15,15,2.250
csi_data,A2,[0,0,-5,14,-5,13,-5,13,-4,13,-4,13,-4,13,-4,12,-3,12,-2,12,-1,12,-1,12,-1,12,-1,12,0,12,0,12,0,13,-1,12,-1,13,-1,13,-1,12,-2,12,-3,11,-3,11,-3,11,-3,10,-4,10,0,0,0,0,0,0,0,0,0,0,0,0,0,0,0,0,0,0,0,0,0,0,-2,11,-3,11,-4,11,-5,11,-5,11,-6,12,-6,11,-7,11,-7,11,-8,10,-7,11,-8,11,-7,10,-7,10,-7,10,-6,10,-6,11,-5,11,-6,11,-5,12,-5,12,-5,13,-5,14,-4,13,-4,14,-4,14]
[0;32mI (26584) TAG: STA connected to 24:ec:4a:03:56:41, ch=11 (sec=0)[0m
anchor,A3,24:ec:4a:03:56:41,ch=11
ftm_report,A3,16,16,2.400
csi_data,A3,[0,0,-14,-6,-14,-6,-14,-5,-13,-5,-13,-5,-13,-5,-13,-4,-13,-3,-13,-3,-13,-2,-13,-2,-13,-1,-13,-1,-13,-1,-13,-1,-13,0,-13,-1,-13,-1,-13,-1,-13,-2,-12,-2,-12,-3,-12,-3,-11,-3,-10,-4,-10,-4,0,0,0,0,0,0,0,0,0,0,0,0,0,0,0,0,0,0,0,0,0,0,-12,-4,-12,-4,-12,-5,-12,-6,-12,-7,-12,-7,-12,-8,-12,-9,-11,-9,-11,-9,-11,-9,-11,-9,-11,-9,-11,-9,-11,-8,-11,-8,-11,-7,-12,-7,-12,-7,-13,-7,-13,-7,-13,-7,-14,-6,-14,-6,-14,-6,-14,-6]
[0;32mI (27444) TAG: STA connected to 24:ec:4a:03:58:5d, ch=1 (sec=0)[0m
anchor,A1,24:ec:4a:03:58:5d,ch=1
ftm_report,A1,6,6,0.900
csi_data,A1,[0,0,-6,13,-6,12,-6,12,-6,13,-5,12,-5,12,-4,12,-4,12,-4,12,-3,12,-3,13,-2,12,-2,12,-1,13,-1,13,-1,13,-2,13,-2,14,-2,14,-3,14,-4,13,-4,13,-5,12,-5,12,-6,11,-6,11,0,0,0,0,0,0,0,0,0,0,0,0,0,0,0,0,0,0,0,0,0,0,-5,10,-6,10,-6,10,-7,10,-8,10,-9,10,-9,10,-9,9,-10,9,-9,8,-10,9,-10,8,-9,8,-9,8,-9,8,-8,9,-8,9,-8,9,-8,10,-7,10,-7,11,-6,11,-7,12,-7,12,-7,12,-6,13]
[0;32mI (28304) TAG: STA connected to 24:ec:4a:04:39:15, ch=6 (sec=0)[0m
anchor,A2,24:ec:4a:04:39:15,ch=6
ftm_report,A2,16,16,2.400
csi_data,A2,[0,0,10,11,10,10,9,10,10,10,10,9,9,9,10,8,10,8,10,8,10,7,10,7,10,6,11,6,11,5,11,6,11,6,11,6,11,6,11,6,11,7,10,7,10,7,9,7,8,7,8,7,7,8,0,0,0,0,0,0,0,0,0,0,0,0,0,0,0,0,0,0,0,0,0,0,8,7,7,8,7,9,7,9,7,10,7,11,6,11,6,11,6,12,5,12,5,12,5,12,5,11,5,11,6,11,6,11,6,10,7,10,7,10,8,10,9,10,9,10,9,11,10,10,10,10,10,11]
[0;32mI (29164) TAG: STA connected to 24:ec:4a:03:56:41, ch=11 (sec=0)[0m
anchor,A3,24:ec:4a:03:56:41,ch=11
ftm_report,A3,15,15,2.250
[0;32mI (30024) TAG: STA connected to 24:ec:4a:03:58:5d, ch=1 (sec=0)[0m
csi_data,A1,[0,0,-13,7,-12,7,-12,7,-12,8,-11,7,-11,8,-11,8,-10,8,-10,8,-9,9,-9,9,-9,9,-9,9,-9,10,-8,10,-9,11,-9,10,-9,10,-10,10,-10,10,-11,9,-11,9,-11,8,-11,7,-11,6,-12,5,0,0,0,0,0,0,0,0,0,0,0,0,0,0,0,0,0,0,0,0,0,0,-10,6,-11,5,-11,5,-12,4,-12,4,-13,4,-13,3,-13,3,-13,3,-13,2,-13,2,-13,2,-13,2,-13,2,-12,2,-12,3,-12,3,-12,4,-12,4,-12,5,-12,5,-12,6,-12,6,-12,6,-13,7,-13,7]
anchor,A1,24:ec:4a:03:58:5d,ch=1
ftm_report,A1,4,4,0.600
[0;32mI (30884) TAG: STA connected to 24:ec:4a:04:39:15, ch=6 (sec=0)[0m
csi_data,A2,[0,0,-11,-13,-10,-12,-10,-12,-10,-11,-10,-11,-10,-10,-10,-10,-10,-9,-10,-9,-10,-9,-11,-8,-11,-7,-11,-7,-11,-7,-11,-8,-11,-8,-11,-7,-11,-8,-11,-8,-11,-9,-10,-9,-10,-9,-9,-9,-9,-9,-8,-9,-7,-9,0,0,0,0,0,0,0,0,0,0,0,0,0,0,0,0,0,0,0,0,0,0,-9,-9,-9,-9,-8,-10,-8,-11,-8,-11,anchor,A2,24:ec:4a:04:39:15,ch=6
ftm_report,A2,16,16,2.400
-7,-12,-7,-12,-6,-13,-6,-13,-6,-13,-6,-13,-6,-13,-6,-12,-6,-12,-6,-12,-6,-12,-7,-12,-8,-12,-8,-12,-8,-11,-9,-11,-9,-12,-10,-12,-10,-12,-10,-12,-10,-12]
[0;32mI (31734) TAG: STA connected to 24:ec:4a:03:56:41, ch=11 (sec=0)[0m
anchor,A3,24:ec:4a:03:56:41,ch=11
ftm_report,A3,16,16,2.400
csi_data,A3,[0,0,13,-7,12,-7,12,-7,12,-7,11,-7,11,-7,10,-7,10,-7,9,-8,9,-8,9,-9,8,-8,8,-9,8,-9,8,-9,8,-10,8,-9,8,-9,8,-9,8,-9,9,-8,9,-7,9,-6,9,-6,9,-6,9,-5,0,0,0,0,0,0,0,0,0,0,0,0,0,0,0,0,0,0,0,0,0,0,10,-7,10,-6,11,-6,11,-5,12,-5,12,-5,13,-4,13,-4,14,-4,13,-3,13,-2,13,-2,13,-2,13,-2,13,-3,12,-3,12,-4,12,-4,12,-5,12,-5,12,-5,12,-6,13,-6,13,-6,13,-6,13,-7]
[0;32mI (32594) TAG: STA connected to 24:ec:4a:03:58:5d, ch=1 (sec=0)[0m
anchor,A1,24:ec:4a:03:58:5d,ch=1
ftm_report,A1,4,4,0.600
csi_data,A1,[0,0,-13,7,-13,7,-13,7,-12,7,-12,7,-12,7,-11,7,-11,7,-10,8,-10,8,-9,9,-9,9,-9,9,-9,9,-9,10,-9,10,-10,10,-10,10,-11,10,-11,9,-11,9,-12,7,-11,7,-11,7,-11,6,-12,5,0,0,0,0,0,0,0,0,0,0,0,0,0,0,0,0,0,0,0,0,0,0,-10,6,-10,6,-11,5,-12,4,-12,4,-13,4,-13,3,-13,3,-13,2,-13,2,-13,3,-13,3,-13,2,-12,2,-12,2,-12,3,-12,4,-12,4,-12,4,-12,4,-12,5,-12,5,-12,6,-12,7,-12,7,-13,7]
[0;32mI (33444) TAG: STA connected to 24:ec:4a:04:39:15, ch=6 (sec=0)[0m
anchor,A2,24:ec:4a:04:39:15,ch=6
ftm_report,A2,15,15,2.250
csi_data,A2,[0,0,-14,-7,-14,-8,-14,-8,-13,-7,-14,-7,-13,-6,-13,-6,-13,-5,-13,-5,-13,-5,-13,-4,-13,-4,-13,-3,-14,-3,-13,-3,-13,-3,-14,-3,-14,-3,-13,-4,-13,-4,-13,-4,-13,-5,-12,-5,-11,-6,-10,-6,-10,-6,0,0,0,0,0,0,0,0,0,0,0,0,0,0,0,0,0,0,0,0,0,0,-11,-5,-11,-6,-11,-7,-11,-7,-11,-8,-11,-8,-11,-9,-11,-9,-10,-10,-10,-10,-10,-10,-10,-10,-10,-10,-10,-10,-10,-9,-10,-9,-10,-8,-11,-8,-12,-8,-12,-8,-13,-7,-13,-8,-13,-7,-14,-7,-14,-8,-14,-8]
[0;32mI (34324) TAG: STA connected to 24:ec:4a:03:56:41, ch=11 (sec=0)[0m
anchor,A3,24:ec:4a:03:56:41,ch=11
ftm_report,A3,18,18,2.700
csi_data,A3,[0,0,-10,-12,-10,-11,-10,-11,-9,-11,-10,-10,-10,-10,-10,-9,-10,-9,-10,-8,-10,-8,-10,-7,-11,-7,-11,-7,-11,-7,-11,-7,-11,-7,-12,-7,-11,-7,-11,-7,-11,-7,-10,-8,-10,-8,-9,-9,-8,-9,-7,-9,-7,-9,0,0,0,0,0,0,0,0,0,0,0,0,0,0,0,0,0,0,0,0,0,0,-9,-9,-9,-9,-9,-10,-8,-11,-8,-12,-8,-12,-7,-13,-7,-13,-7,-13,-6,-13,-6,-13,-5,-13,-6,-13,-6,-13,-6,-12,-6,-12,-7,-12,-7,-12,-8,-12,-8,-12,-9,-12,-9,-12,-9,-12,-10,-12,-10,-12,-10,-12]
[0;32mI (35234) TAG: STA connected to 24:ec:4a:03:58:5d, ch=1 (sec=0)[0m
anchor,A1,24:ec:4a:03:58:5d,ch=1
ftm_report,A1,20,20,3.000
[0;32mI (36114) TAG: STA connected to 24:ec:4a:04:39:15, ch=6 (sec=0)[0m
csi_data,A2,[0,0,7,-13,7,-13,7,-13,6,-13,6,-13,6,-13,5,-12,5,-12,4,-12,4,-13,3,-13,3,-12,3,-13,3,-13,2,-13,2,-13,3,-13,3,-13,3,-13,3,-13,4,-13,5,-12,5,-11,5,-11,5,-10,6,-10,0,0,0,0,0,0,0,0,0,0,0,0,0,0,0,0,0,0,0,0,0,0,4,-10,5,-10,6,-10,6,-10,7,-10,8,-10,8,-10,9,-10,9,-10,9,-9,9,-9,9,-9,9,-9,8,-9,8,-9,8,-10,7,-10,7,-10,7,-10,7,-11,7,-12,7,-12,7,-13,7,-13,7,-13,7,-14]
anchor,A2,24:ec:4a:04:39:15,ch=6
ftm_report,A2,15,15,2.250
[0;32mI (36984) TAG: STA connected to 24:ec:4a:03:56:41, ch=11 (sec=0)[0m
csi_data,A3,[0,0,-15,-5,-15,-5,-14,-5,-14,-5,-14,-4,-14,-4,-13,-3,-13,-3,-13,-2,-13,-1,-12,-1,-13,-1,-13,0,-13,0,-13,0,-13,0,-13,0,-13,0,-13,-1,-13,-1,-13,-1,-12,-2,-12,-2,-12,-3,-11,-3,-10,-3,0,0,0,0,0,0,0,0,0,0,0,0,0,0,0,0,0,0,0,0,0,0,-13,-4,-13,-5,-13,-6,-13,-7,-14,-7,-13,-8,-13,-9,-13,-9,-12,-10,-12,-10,-12,-10,-12,-10,-12,-10,-12,-9,-12,-9,-12,-9,-12,-8,-12,-8,-13,-8,-13,-7,-14,-7,-14,-6,-14,-6,-14,-6,-15,-6,-15,-6]
anchor,A3,24:ec:4a:03:56:41,ch=11
ftm_report,A3,18,18,2.700
[0;32mI (37844) TAG: STA connected to 24:ec:4a:03:58:5d, ch=1 (sec=0)[0m
anchor,A1,24:ec:4a:03:58:5d,ch=1
ftm_report,A1,8,8,1.200
csi_data,A1,[0,0,11,-9,11,-9,11,-9,10,-9,10,-9,10,-9,10,-10,9,-10,9,-10,8,-11,8,-12,8,-12,8,-12,8,-13,8,-13,8,-13,8,-13,9,-13,9,-13,10,-12,10,-12,11,-11,11,-10,11,-9,11,-9,12,-8,0,0,0,0,0,0,0,0,0,0,0,0,0,0,0,0,0,0,0,0,0,0,8,-5,9,-5,9,-4,10,-4,10,-4,11,-3,11,-3,11,-3,11,-2,11,-2,11,-3,11,-3,10,-3,10,-3,10,-3,10,-4,10,-4,10,-5,10,-5,10,-5,10,-6,10,-7,10,-7,10,-8,10,-8,11,-9]
[0;32mI (38694) TAG: STA connected to 24:ec:4a:04:39:15, ch=6 (sec=0)[0m
anchor,A2,24:ec:4a:04:39:15,ch=6
ftm_report,A2,17,17,2.550
csi_data,A2,[0,0,-14,-8,-14,-7,-13,-7,-13,-7,-13,-7,-13,-6,-13,-6,-13,-6,-13,-5,-13,-5,-13,-4,-13,-4,-13,-3,-13,-3,-13,-3,-13,-3,-13,-3,-13,-4,-13,-4,-13,-4,-13,-5,-12,-5,-12,-6,-11,-6,-10,-6,-10,-7,0,0,0,0,0,0,0,0,0,0,0,0,0,0,0,0,0,0,0,0,0,0,-11,-5,-11,-5,-11,-6,-11,-7,-11,-7,-11,-8,-11,-9,-11,-9,-11,-9,-10,-10,-10,-10,-10,-10,-10,-10,-10,-9,-10,-9,-10,-9,-11,-8,-11,-8,-12,-8,-12,-8,-12,-8,-13,-7,-13,-8,-14,-8,-14,-8,-13,-8]
[0;32mI (39544) TAG: STA connected to 24:ec:4a:03:56:41, ch=11 (sec=0)[0m
anchor,A3,24:ec:4a:03:56:41,ch=11
ftm_report,A3,19,19,2.850
csi_data,A3,[0,0,11,-10,10,-10,10,-10,10,-10,9,-10,8,-10,8,-10,7,-10,7,-10,6,-11,6,-11,6,-11,5,-11,5,-11,5,-12,5,-12,5,-11,5,-12,6,-12,6,-11,6,-11,7,-10,7,-9,7,-8,7,-8,7,-8,0,0,0,0,0,0,0,0,0,0,0,0,0,0,0,0,0,0,0,0,0,0,8,-10,9,-10,10,-9,10,-9,11,-9,12,-8,13,-8,13,-7,13,-7,13,-6,13,-6,13,-6,13,-6,12,-6,12,-6,11,-6,11,-7,11,-8,11,-8,11,-8,11,-9,11,-9,11,-9,11,-10,11,-10,11,-10]
[0;32mI (40404) TAG: STA connected to 24:ec:4a:03:58:5d, ch=1 (sec=0)[0m
anchor,A1,24:ec:4a:03:58:5d,ch=1
ftm_report,A1,7,7,1.050
csi_data,A1,[0,0,13,3,13,2,14,2,13,2,14,2,14,2,13,1,13,1,13,0,13,-1,14,-2,14,-2,14,-2,15,-2,14,-2,15,-2,15,-2,16,-1,16,0,15,0,15,1,15,2,15,2,14,3,13,3,13,5,0,0,0,0,0,0,0,0,0,0,0,0,0,0,0,0,0,0,0,0,0,0,8,3,9,4,9,4,9,5,9,5,9,6,9,6,9,6,8,7,8,7,8,6,8,6,9,6,9,6,9,6,9,5,9,5,9,4,10,4,11,4,11,4,12,3,12,3,13,3,13,3,13,2]
[0;32mI (41254) TAG: STA connected to 24:ec:4a:04:39:15, ch=6 (sec=0)[0m
anchor,A2,24:ec:4a:04:39:15,ch=6
ftm_report,A2,15,15,2.250
[0;32mI (42114) TAG: STA connected to 24:ec:4a:03:56:41, ch=11 (sec=0)[0m
anchor,A3,24:ec:4a:03:56:41,ch=11
ftm_report,A3,20,20,3.000
[0;32mI (42964) TAG: STA connected to 24:ec:4a:03:58:5d, ch=1 (sec=0)[0m
csi_data,A1,[0,0,9,-11,9,-11,9,-12,9,-12,9,-12,8,-12,8,-12,7,-12,7,-13,6,-13,6,-14,6,-14,6,-14,6,-14,5,-15,6,-16,6,-15,7,-16,7,-16,8,-15,9,-15,9,-14,10,-13,10,-12,10,-11,11,-11,0,0,0,0,0,0,0,0,0,0,0,0,0,0,0,0,0,0,0,0,0,0,7,-6,8,-6,8,-5,9,-5,9,-5,9,-5,10,-5,10,-5,10,-5,10,-4,10,-4,10,-4,10,-4,10,-4,9,-5,9,-6,9,-6,9,-7,9,-7,9,-8,9,-8,9,-9,9,-10,9,-10,9,-10,10,-11]
anchor,A1,24:ec:4a:03:58:5d,ch=1
ftm_report,A1,8,8,1.200
[0;32mI (43814) TAG: STA connected to 24:ec:4a:04:39:15, ch=6 (sec=0)[0m
anchor,A2,24:ec:4a:04:39:15,ch=6
ftm_report,A2,15,15,2.250
csi_data,A2,[0,0,14,5,14,4,14,4,13,4,14,3,13,3,13,3,13,2,12,2,12,1,12,0,12,0,13,0,13,0,13,0,13,0,13,0,13,0,13,1,13,1,12,2,12,2,11,2,11,3,11,3,10,4,0,0,0,0,0,0,0,0,0,0,0,0,0,0,0,0,0,0,0,0,0,0,10,2,11,3,10,3,11,4,11,4,11,5,11,6,10,7,10,7,10,7,10,7,10,7,10,6,10,6,11,6,10,6,11,6,11,5,12,5,12,5,12,5,13,5,13,4,14,4,14,4,14,4]
[0;32mI (44684) TAG: STA connected to 24:ec:4a:03:56:41, ch=11 (sec=0)[0m
anchor,A3,24:ec:4a:03:56:41,ch=11
ftm_report,A3,16,16,2.400
csi_data,A3,[0,0,-14,-2,-14,-2,-14,-2,-13,-2,-14,-1,-13,-1,-13,-1,-13,0,-12,0,-12,1,-12,2,-12,2,-12,2,-12,2,-12,2,-12,2,-13,2,-12,2,-13,2,-12,1,-12,1,-12,0,-12,0,-11,-1,-11,-1,-11,-2,0,0,0,0,0,0,0,0,0,0,0,0,0,0,0,0,0,0,0,0,0,0,-13,0,-13,-1,-13,-2,-13,-3,-14,-3,-14,-4,-14,-4,-14,-5,-13,-6,-13,-6,-13,-6,-13,-6,-13,-6,-13,-6,-12,-5,-12,-5,-12,-4,-13,-4,-13,-4,-13,-3,-14,-3,-14,-3,-14,-2,-14,-2,-14,-2,-14,-2]
[0;32mI (45544) TAG: STA connected to 24:ec:4a:03:58:5d, ch=1 (sec=0)[0m
anchor,A1,24:ec:4a:03:58:5d,ch=1
ftm_report,A1,8,8,1.200
csi_data,A1,[0,0,7,12,7,11,8,11,8,11,8,11,8,11,8,11,9,10,9,10,9,9,10,9,11,8,11,9,12,9,11,9,12,10,12,10,12,11,11,11,11,12,10,12,10,12,9,12,8,12,7,13,6,13,0,0,0,0,0,0,0,0,0,0,0,0,0,0,0,0,0,0,0,0,0,0,2,8,2,8,2,9,1,9,1,10,0,10,0,10,0,10,0,10,0,10,0,10,0,10,1,10,1,10,1,10,1,10,2,10,2,10,3,10,4,10,4,10,5,11,5,11,6,11,7,11,7,11]
[0;32mI (46454) TAG: STA connected to 24:ec:4a:04:39:15, ch=6 (sec=0)[0m
anchor,A2,24:ec:4a:04:39:15,ch=6
ftm_report,A2,15,15,2.250
csi_data,A2,[0,0,-15,0,-16,0,-15,0,-15,0,-15,1,-14,1,-14,1,-14,2,-13,2,-13,2,-13,3,-13,3,-13,3,-13,4,-13,4,-13,4,-13,4,-13,4,-13,3,-13,3,-13,2,-13,2,-13,1,-13,1,-12,0,-12,0,0,0,0,0,0,0,0,0,0,0,0,0,0,0,0,0,0,0,0,0,0,0,-12,0,-12,0,-13,-1,-13,-2,-13,-2,-13,-3,-13,-3,-13,-4,-13,-4,-13,-5,-13,-5,-13,-5,-13,-4,-13,-4,-13,-4,-13,-3,-13,-3,-13,-2,-14,-2,-14,-1,-14,-1,-15,-1,-15,0,-15,0,-16,0,-15,0]
[0;32mI (47324) TAG: STA connected to 24:ec:4a:03:56:41, ch=11 (sec=0)[0m
anchor,A3,24:ec:4a:03:56:41,ch=11
ftm_report,A3,16,16,2.400
csi_data,A3,[0,0,8,-13,7,-13,7,-12,7,-13,6,-12,6,-12,5,-12,4,-12,4,-12,4,-13,3,-13,3,-12,2,-12,2,-12,2,-13,2,-13,2,-13,2,-13,2,-13,3,-13,3,-12,4,-11,4,-11,4,-10,5,-10,5,-9,0,0,0,0,0,0,0,0,0,0,0,0,0,0,0,0,0,0,0,0,0,0,6,-12,7,-11,7,-11,8,-11,9,-11,10,-11,10,-10,11,-10,11,-10,11,-9,11,-9,11,-9,11,-8,10,-9,10,-9,10,-9,9,-10,9,-10,9,-10,8,-11,8,-11,8,-12,8,-12,8,-12,8,-12,8,-13]
[0;32mI (48174) TAG: STA connected to 24:ec:4a:03:58:5d, ch=1 (sec=0)[0m
anchor,A1,24:ec:4a:03:58:5d,ch=1
ftm_report,A1,7,7,1.050
[0;32mI (49024) TAG: STA connected to 24:ec:4a:04:39:15, ch=6 (sec=0)[0m
csi_data,A2,[0,0,13,5,13,5,13,5,12,4,13,4,13,4,13,3,12,3,12,2,12,2,12,2,12,1,12,1,13,0,12,0,13,1,12,1,13,1,13,1,12,2,12,2,12,3,11,3,11,3,10,4,10,4,0,0,0,0,0,0,0,0,0,0,0,0,0,0,0,0,0,0,0,0,0,0,10,3,10,3,10,4,10,5,10,5,10,6,10,7,10,7,10,7,10,7,9,8,9,7,10,7,10,7,10,7,9,6,10,6,10,6,11,6,12,5,12,5,12,5,12,5,13,5,13,5,14,5]
anchor,A2,24:ec:4a:04:39:15,ch=6
ftm_report,A2,15,15,2.250
[0;32mI (49894) TAG: STA connected to 24:ec:4a:03:56:41, ch=11 (sec=0)[0m
csi_data,A3,[0,0,-6,-14,-6,-13,-6,-13,-6,-13,-6,-13,-6,-12,-7,-12,-7,-11,-7,-11,-8,-10,-8,-10,-9,-9,-9,-10,-9,-9,-9,-10,-9,-10,-9,-10,-9,-10,-9,-10,-8,-10,-8,-11,-7,-11,-7,-10,-6,-10,-5,-10,-5,-11,0,0,0,0,0,0,0,0,0,0,0,0,0,0,0,0,0,0,0,0,0,0,-5,-12,-5,-12,-4,-13,-4,-13,-3,-14,-3,-14,-2,-14,-2,-15,-1,-15,-1,-15,-1,-14,-1,-14,-1,-14,-1,-14,-1,-14,-1,-13,-2,-13,-2,-13,-3,-14,-4,-13,-4,-13,-4,-14,-5,-14,-6,-14,-6,-14,-6,-14]
anchor,A3,24:ec:4a:03:56:41,ch=11
ftm_report,A3,16,16,2.400
[0;32mI (50764) TAG: STA connected to 24:ec:4a:03:58:5d, ch=1 (sec=0)[0m
anchor,A1,24:ec:4a:03:58:5d,ch=1
ftm_report,A1,8,8,1.200
csi_data,A1,[0,0,6,-13,6,-13,6,-13,6,-13,6,-13,5,-13,4,-13,4,-13,4,-13,3,-14,3,-15,2,-14,2,-14,2,-15,2,-15,2,-16,2,-16,3,-16,3,-16,4,-16,4,-16,5,-15,5,-14,6,-14,7,-13,7,-13,0,0,0,0,0,0,0,0,0,0,0,0,0,0,0,0,0,0,0,0,0,0,6,-8,6,-9,7,-8,7,-8,8,-8,9,-8,9,-8,9,-7,9,-7,9,-7,9,-7,9,-7,9,-7,8,-7,8,-7,8,-8,8,-8,7,-9,7,-9,7,-10,7,-10,6,-11,7,-11,7,-12,7,-12,7,-13]
[0;32mI (51614) TAG: STA connected to 24:ec:4a:04:39:15, ch=6 (sec=0)[0m
anchor,A2,24:ec:4a:04:39:15,ch=6
ftm_report,A2,14,14,2.100
csi_data,A2,[0,0,-15,0,-15,0,-15,0,-14,0,-15,0,-14,1,-14,1,-13,2,-13,2,-13,2,-13,3,-13,3,-13,3,-13,4,-13,3,-13,4,-13,3,-13,3,-14,3,-13,2,-13,2,-14,1,-13,1,-13,0,-12,0,-12,-1,0,0,0,0,0,0,0,0,0,0,0,0,0,0,0,0,0,0,0,0,0,0,-11,1,-12,1,-12,0,-13,-1,-13,-1,-13,-2,-13,-2,-13,-2,-13,-3,-13,-3,-13,-3,-13,-3,-13,-3,-13,-3,-13,-3,-12,-3,-13,-2,-13,-2,-14,-1,-14,-1,-14,0,-14,0,-14,0,-15,0,-15,0,-15,0]
[0;32mI (52474) TAG: STA connected to 24:ec:4a:03:56:41, ch=11 (sec=0)[0m
anchor,A3,24:ec:4a:03:56:41,ch=11
ftm_report,A3,17,17,2.550
csi_data,A3,[0,0,-11,-11,-11,-11,-11,-11,-10,-10,-11,-10,-11,-10,-11,-9,-11,-8,-11,-8,-11,-8,-11,-7,-12,-7,-12,-7,-12,-6,-12,-7,-12,-7,-13,-7,-12,-7,-12,-8,-12,-8,-11,-8,-11,-9,-10,-9,-9,-9,-8,-9,-8,-9,0,0,0,0,0,0,0,0,0,0,0,0,0,0,0,0,0,0,0,0,0,0,-9,-9,-9,-9,-8,-10,-8,-11,-8,-11,-7,-12,-7,-12,-7,-13,-6,-13,-6,-13,-6,-13,-5,-13,-6,-13,-6,-13,-6,-12,-6,-12,-7,-12,-7,-11,-8,-11,-8,-11,-9,-11,-9,-11,-10,-11,-10,-11,-10,-11,-10,-11]
[0;32mI (53324) TAG: STA connected to 24:ec:4a:03:58:5d, ch=1 (sec=0)[0m
anchor,A1,24:ec:4a:03:58:5d,ch=1
ftm_report,A1,13,13,1.950
csi_data,A1,[0,0,14,1,14,2,14,1,13,1,14,1,13,1,13,0,13,0,13,-1,13,-2,13,-2,13,-3,13,-3,14,-3,14,-3,14,-3,14,-3,15,-3,15,-2,14,-1,15,-1,15,0,14,1,14,1,13,2,13,3,0,0,0,0,0,0,0,0,0,0,0,0,0,0,0,0,0,0,0,0,0,0,9,1,9,2,10,3,10,3,10,4,10,4,10,5,10,5,10,5,10,6,10,5,10,5,10,5,9,5,10,5,10,4,10,4,10,3,11,4,11,3,11,3,12,3,12,2,13,2,13,2,13,2]
[0;32mI (54174) TAG: STA connected to 24:ec:4a:04:39:15, ch=6 (sec=0)[0m
anchor,A2,24:ec:4a:04:39:15,ch=6
ftm_report,A2,14,14,2.100
[0;32mI (55024) TAG: STA connected to 24:ec:4a:03:56:41, ch=11 (sec=0)[0m
csi_data,A3,[0,0,-4,-14,-4,-14,-4,-14,-4,-14,-5,-13,-5,-13,-5,-12,-6,-12,-6,-12,-6,-11,-7,-11,-7,-11,-8,-11,-8,-11,-8,-11,-8,-11,-8,-11,-7,-12,-7,-12,-6,-12,-6,-12,-5,-12,-5,-12,-4,-12,-3,-11,-3,-11,0,0,0,0,0,0,0,0,0,0,0,0,0,0,0,0,0,0,0,0,0,0,-4,-12,-3,-12,-3,-12,-2,-13,-2,-13,-1,-14,0,-14,0,-14,1,-14,1,-14,1,-14,1,-13,1,-13,1,-13,0,-13,0,-13,0,-13,-1,-13,-2,-13,-2,-13,-2,-13,-3,-14,-3,-14,-4,-14,-4,-14,-4,-14]
anchor,A3,24:ec:4a:03:56:41,ch=11
ftm_report,A3,17,17,2.550
[0;32mI (55884) TAG: STA connected to 24:ec:4a:03:58:5d, ch=1 (sec=0)[0m
csi_data,A1,[0,0,8,11,9,11,9,11,9,10,9,10,9,10,9,10,10,9,9,9,10,8,11,8,11,7,11,7,12,7,12,8,12,8,12,8,12,9,12,10,11,10,11,10,10,11,9,11,9,11,8,11,7,12,0,0,0,0,0,0,0,0,0,0,0,0,0,0,0,0,0,0,0,0,0,0,5,7,5,8,5,9,5,9,5,10,4,10,3,11,3,11,3,11,3,11,3,11,3,11,3,11,4,11,4,10,4,10,4,10,4,anchor,A1,24:ec:4a:03:58:5d,ch=1
ftm_report,A1,9,9,1.350
10,5,10,6,10,6,10,7,11,7,10,8,10,9,11,9,11]
[0;32mI (56734) TAG: STA connected to 24:ec:4a:04:39:15, ch=6 (sec=0)[0m
anchor,A2,24:ec:4a:04:39:15,ch=6
ftm_report,A2,14,14,2.100
csi_data,A2,[0,0,13,-6,14,-6,13,-6,13,-6,13,-6,12,-6,12,-6,11,-6,11,-7,10,-7,10,-8,10,-8,10,-8,10,-8,10,-9,10,-9,10,-9,10,-8,11,-8,11,-7,11,-7,11,-6,11,-6,11,-5,10,-5,10,-4,0,0,0,0,0,0,0,0,0,0,0,0,0,0,0,0,0,0,0,0,0,0,10,-5,10,-5,11,-4,11,-3,12,-3,12,-3,12,-2,13,-2,13,-2,13,-1,12,-1,12,-1,12,-1,12,-1,12,-2,12,-2,12,-3,12,-3,12,-3,12,-4,13,-4,13,-5,13,-5,13,-5,14,-5,13,-6]
[0;32mI (57634) TAG: STA connected to 24:ec:4a:03:56:41, ch=11 (sec=0)[0m
anchor,A3,24:ec:4a:03:56:41,ch=11
ftm_report,A3,17,17,2.550
csi_data,A3,[0,0,11,-10,10,-9,10,-9,10,-10,10,-10,9,-10,9,-10,8,-10,8,-10,7,-11,7,-11,6,-11,6,-11,6,-11,6,-12,6,-12,6,-12,7,-12,7,-12,7,-11,8,-11,8,-10,8,-9,8,-8,8,-8,9,-7,0,0,0,0,0,0,0,0,0,0,0,0,0,0,0,0,0,0,0,0,0,0,8,-8,9,-8,10,-7,10,-7,11,-7,12,-6,12,-6,13,-5,13,-5,12,-4,13,-4,13,-4,12,-4,12,-4,11,-5,11,-5,11,-6,11,-6,11,-7,11,-7,11,-7,11,-8,11,-9,11,-9,11,-9,11,-10]
[0;32mI (58484) TAG: STA connected to 24:ec:4a:03:58:5d, ch=1 (sec=0)[0m
anchor,A1,24:ec:4a:03:58:5d,ch=1
ftm_report,A1,12,12,1.800
csi_data,A1,[0,0,12,6,12,6,13,6,12,6,13,5,13,5,13,4,12,4,12,4,12,3,13,3,13,2,13,2,14,2,13,2,14,2,14,2,15,3,15,3,14,4,14,4,13,5,13,5,12,6,11,6,11,7,0,0,0,0,0,0,0,0,0,0,0,0,0,0,0,0,0,0,0,0,0,0,8,4,8,5,8,6,8,6,8,7,8,8,7,8,7,8,7,8,7,8,7,9,7,8,7,8,7,8,8,8,7,7,8,8,8,7,9,7,10,7,10,6,11,6,10,6,11,6,12,6,12,6]
[0;32mI (59344) TAG: STA connected to 24:ec:4a:04:39:15, ch=6 (sec=0)[0m
anchor,A2,24:ec:4a:04:39:15,ch=6
ftm_report,A2,14,14,2.100
csi_data,A2,[0,0,-1,15,-1,13,-1,14,-1,13,0,13,0,13,0,13,1,12,1,12,2,12,2,12,3,11,3,11,3,12,3,12,3,12,3,12,3,13,2,13,2,13,1,13,1,12,0,11,0,11,0,11,-1,11,0,0,0,0,0,0,0,0,0,0,0,0,0,0,0,0,0,0,0,0,0,0,0,11,-1,11,-1,11,-2,11,-2,11,-3,12,-4,12,-4,12,-5,12,-5,11,-5,12,-5,12,-4,11,-4,11,-4,11,-4,11,-3,12,-3,12,-2,12,-2,12,-2,12,-2,13,-1,14,0,13,0,14,0,15]
[0;32mI (60194) TAG: STA connected to 24:ec:4a:03:56:41, ch=11 (sec=0)[0m
anchor,A3,24:ec:4a:03:56:41,ch=11
ftm_report,A3,19,19,2.850
[0;32mI (61064) TAG: STA connected to 24:ec:4a:03:58:5d, ch=1 (sec=0)[0m
csi_data,A1,[0,0,-3,14,-3,14,-2,13,-2,14,-2,13,-2,13,-1,13,-1,13,0,13,0,14,0,14,1,13,1,13,2,13,2,15,2,14,2,15,1,15,1,15,0,15,0,15,-1,15,-2,14,-3,14,-4,13,-4,13,0,0,0,0,0,0,0,0,0,0,0,0,0,0,0,0,0,0,0,0,0,0,-3,9,-3,9,-4,9,-4,9,-5,10,-6,10,-6,10,-6,9,-7,10,-7,9,-7,9,-7,9,-7,9,-6,9,-6,9,-6,10,-5,10,-5,10,-5,10,-4,11,-4,11,-3,12,-4,13,-3,13,-3,13,-3,13]
anchor,A1,24:ec:4a:03:58:5d,ch=1
ftm_report,A1,8,8,1.200
[0;32mI (61924) TAG: STA connected to 24:ec:4a:04:39:15, ch=6 (sec=0)[0m
csi_data,A2,[0,0,10,11,9,10,10,10,9,10,9,10,9,9,9,9,9,8,9,8,9,7,10,7,10,6,10,6,11,6,10,6,11,7,11,6,11,7,11,8,10,8,10,8,9,8,8,8,8,8,7,9,6,9,0,0,0,0,0,0,0,0,0,0,0,0,0,0,0,0,0,0,0,0,0,0,8,7,8,8,7,8,7,9,7,9,7,10,6,11,6,11,5,11,5,11,5,11,5,11,5,11,6,11,6,11,5,10,6,10,7,10,7,10,8,10,8,10,9,10,9,10,9,10,10,10,10,11]
anchor,A2,24:ec:4a:04:39:15,ch=6
ftm_report,A2,14,14,2.100
[0;32mI (62784) TAG: STA connected to 24:ec:4a:03:56:41, ch=11 (sec=0)[0m
anchor,A3,24:ec:4a:03:56:41,ch=11
ftm_report,A3,17,17,2.550
csi_data,A3,[0,0,8,-12,8,-12,7,-12,8,-12,7,-12,6,-12,6,-12,5,-12,5,-12,4,-12,4,-13,3,-12,3,-12,3,-12,3,-13,3,-13,3,-13,3,-14,4,-14,4,-13,5,-13,5,-12,5,-11,6,-11,6,-10,7,-9,0,0,0,0,0,0,0,0,0,0,0,0,0,0,0,0,0,0,0,0,0,0,6,-11,7,-11,8,-10,8,-10,9,-10,10,-10,11,-9,11,-9,11,-9,11,-8,11,-8,11,-8,11,-8,10,-8,10,-8,10,-8,10,-9,9,-9,9,-9,9,-10,8,-10,8,-11,8,-12,8,-12,8,-11,8,-12]
[0;32mI (63634) TAG: STA connected to 24:ec:4a:03:58:5d, ch=1 (sec=0)[0m
anchor,A1,24:ec:4a:03:58:5d,ch=1
ftm_report,A1,10,10,1.500
csi_data,A1,[0,0,-14,-5,-14,-5,-14,-5,-14,-5,-14,-5,-14,-4,-14,-4,-14,-3,-14,-3,-14,-2,-14,-1,-14,-1,-15,-1,-15,-1,-15,0,-16,-1,-16,-1,-17,-1,-16,-2,-16,-2,-16,-3,-16,-4,-15,-4,-15,-5,-14,-5,-13,-6,0,0,0,0,0,0,0,0,0,0,0,0,0,0,0,0,0,0,0,0,0,0,-9,-5,-9,-6,-9,-6,-9,-7,-9,-8,-9,-8,-8,-8,-8,-9,-8,-9,-8,-9,-8,-9,-8,-9,-8,-9,-8,-8,-9,-8,-9,-7,-9,-7,-9,-7,-11,-7,-11,-7,-11,-6,-12,-6,-12,-6,-13,-6,-13,-6,-14,-5]
[0;32mI (64484) TAG: STA connected to 24:ec:4a:04:39:15, ch=6 (sec=0)[0m
anchor,A2,24:ec:4a:04:39:15,ch=6
ftm_report,A2,14,14,2.100
csi_data,A2,[0,0,-4,-15,-5,-15,-4,-14,-4,-14,-5,-14,-5,-13,-5,-13,-5,-12,-6,-13,-6,-12,-6,-12,-7,-11,-7,-11,-8,-11,-7,-12,-8,-12,-7,-12,-7,-12,-7,-12,-6,-13,-6,-13,-5,-12,-5,-12,-4,-12,-4,-12,-3,-12,0,0,0,0,0,0,0,0,0,0,0,0,0,0,0,0,0,0,0,0,0,0,-4,-11,-3,-12,-3,-12,-2,-12,-2,-13,-1,-13,-1,-13,-1,-14,0,-14,0,-13,0,-14,0,-13,0,-13,0,-13,-1,-13,-1,-13,-1,-13,-2,-13,-2,-13,-3,-13,-3,-13,-3,-14,-4,-14,-4,-14,-4,-14,-4,-15]
[0;32mI (65344) TAG: STA connected to 24:ec:4a:03:56:41, ch=11 (sec=0)[0m
anchor,A3,24:ec:4a:03:56:41,ch=11
ftm_report,A3,17,17,2.550
csi_data,A3,[0,0,-13,7,-13,7,-12,7,-12,7,-12,7,-11,7,-11,7,-10,8,-10,8,-9,9,-9,9,-9,9,-9,9,-8,9,-9,10,-9,10,-9,10,-10,10,-10,10,-10,9,-10,9,-10,7,-11,7,-11,6,-10,6,-11,5,0,0,0,0,0,0,0,0,0,0,0,0,0,0,0,0,0,0,0,0,0,0,-10,7,-11,6,-12,6,-12,5,-13,5,-14,4,-14,4,-14,3,-14,3,-14,2,-14,2,-14,2,-14,2,-13,2,-13,3,-13,3,-13,4,-13,4,-13,4,-13,5,-13,5,-12,5,-13,7,-13,7,-13,7,-13,7]
[0;32mI (66214) TAG: STA connected to 24:ec:4a:03:58:5d, ch=1 (sec=0)[0m
anchor,A1,24:ec:4a:03:58:5d,ch=1
ftm_report,A1,15,15,2.250
[0;32mI (67074) TAG: STA connected to 24:ec:4a:04:39:15, ch=6 (sec=0)[0m
csi_data,A2,[0,0,-3,14,-3,13,-3,13,-2,14,-2,13,-1,13,-1,13,0,12,0,12,0,12,0,12,1,12,1,12,2,12,2,12,2,12,2,12,2,13,2,13,1,13,1,13,0,12,-1,12,-2,11,-2,11,-2,11,0,0,0,0,0,0,0,0,0,0,0,0,0,0,0,0,0,0,0,0,0,0,-2,11,-3,11,-4,10,-4,11,-5,11,-5,11,-6,11,-6,11,-6,11,-7,10,-7,11,-7,10,-7,10,-7,10,-6,10,-5,11,-5,11,-5,11,-4,11,-4,12,-3,12,-3,13,-3,14,-3,13,-3,14,-3,14]
anchor,A2,24:ec:4a:04:39:15,ch=6
ftm_report,A2,14,14,2.100
[0;32mI (67944) TAG: STA connected to 24:ec:4a:03:56:41, ch=11 (sec=0)[0m
csi_data,A3,[0,0,-6,13,-5,12,-5,12,-5,12,-4,12,-4,12,-4,12,-3,12,-3,12,-2,12,-2,12,-1,12,-1,12,-1,12,0,12,0,12,-1,12,-1,13,-1,13,-2,12,-2,12,-3,12,-3,11,-4,11,-4,10,-5,10,0,0,0,0,0,0,0,0,0,0,0,0,0,0,0,0,0,0,0,0,0,0,-5,11,-5,11,-6,11,-7,11,-7,11,-8,11,-9,11,-9,10,-10,10,-10,10,-10,10,-10,9,-9,9,-9,9,-9,9,-9,10,-8,10,-8,10,-7,10,-7,11,-7,11,-6,11,-7,12,-6,12,-6,12,-6,13]
anchor,A3,24:ec:4a:03:56:41,ch=11
ftm_report,A3,17,17,2.550
[0;32mI (68844) TAG: STA connected to 24:ec:4a:03:58:5d, ch=1 (sec=0)[0m
anchor,A1,24:ec:4a:03:58:5d,ch=1
ftm_report,A1,8,8,1.200
csi_data,A1,[0,0,-13,-7,-13,-7,-13,-7,-13,-7,-13,-7,-13,-6,-14,-6,-13,-5,-13,-5,-14,-4,-14,-4,-14,-3,-14,-4,-15,-3,-15,-3,-15,-3,-16,-4,-16,-4,-16,-4,-15,-5,-15,-6,-15,-6,-14,-7,-14,-8,-13,-8,-12,-8,0,0,0,0,0,0,0,0,0,0,0,0,0,0,0,0,0,0,0,0,0,0,-8,-6,-8,-7,-8,-8,-8,-8,-8,-9,-7,-9,-7,-9,-7,-9,-7,-10,-7,-10,-7,-10,-7,-10,-7,-10,-7,-9,-7,-9,-8,-9,-8,-8,-9,-8,-9,-8,-10,-8,-10,-8,-11,-8,-11,-8,-12,-8,-12,-8,-12,-8]
[0;32mI (69694) TAG: STA connected to 24:ec:4a:04:39:15, ch=6 (sec=0)[0m
anchor,A2,24:ec:4a:04:39:15,ch=6
ftm_report,A2,14,14,2.100
csi_data,A2,[0,0,-6,-14,-6,-14,-6,-14,-6,-14,-6,-13,-6,-13,-7,-12,-7,-12,-7,-12,-8,-11,-8,-11,-8,-10,-9,-10,-9,-10,-9,-11,-9,-11,-9,-11,-9,-11,-8,-12,-8,-12,-8,-12,-7,-12,-6,-11,-6,-11,-5,-12,-4,-12,0,0,0,0,0,0,0,0,0,0,0,0,0,0,0,0,0,0,0,0,0,0,-6,-10,-5,-11,-5,-11,-4,-12,-4,-12,-4,-13,-3,-13,-3,-13,-2,-14,-2,-13,-2,-13,-2,-13,-2,-13,-2,-13,-2,-13,-3,-13,-3,-13,-4,-13,-4,-13,-5,-13,-5,-13,-5,-13,-6,-14,-6,-13,-6,-13,-6,-14]
[0;32mI (70554) TAG: STA connected to 24:ec:4a:03:56:41, ch=11 (sec=0)[0m
anchor,A3,24:ec:4a:03:56:41,ch=11
ftm_report,A3,17,17,2.550
csi_data,A3,[0,0,10,-10,9,-10,9,-10,9,-11,8,-11,8,-10,7,-10,7,-11,6,-11,6,-11,5,-11,5,-11,5,-12,5,-12,5,-12,5,-12,5,-12,5,-12,6,-12,6,-12,7,-12,7,-10,7,-10,7,-9,7,-9,8,-8,0,0,0,0,0,0,0,0,0,0,0,0,0,0,0,0,0,0,0,0,0,0,7,-10,8,-9,8,-9,9,-9,10,-8,11,-8,11,-8,12,-7,12,-7,12,-6,12,-6,12,-6,11,-6,11,-6,11,-6,11,-7,10,-7,10,-8,10,-8,10,-8,10,-9,10,-9,10,-10,10,-10,10,-10,10,-11]
[0;32mI (71414) TAG: STA connected to 24:ec:4a:03:58:5d, ch=1 (sec=0)[0m
anchor,A1,24:ec:4a:03:58:5d,ch=1
ftm_report,A1,8,8,1.200
csi_data,A1,[0,0,12,-6,13,-6,12,-6,13,-7,12,-7,12,-7,12,-7,11,-8,11,-8,11,-8,11,-9,10,-9,11,-9,10,-10,11,-11,11,-10,11,-11,11,-10,12,-11,12,-10,12,-9,13,-8,13,-7,13,-6,13,-6,13,-5,0,0,0,0,0,0,0,0,0,0,0,0,0,0,0,0,0,0,0,0,0,0,9,-3,9,-2,10,-2,10,-1,10,-1,10,-1,11,-1,11,0,11,0,11,1,11,1,11,1,11,1,11,0,10,0,11,-1,10,-2,11,-2,11,-2,11,-3,11,-3,12,-4,12,-4,12,-4,13,-5,13,-5]
[0;32mI (72274) TAG: STA connected to 24:ec:4a:04:39:15, ch=6 (sec=0)[0m
anchor,A2,24:ec:4a:04:39:15,ch=6
ftm_report,A2,14,14,2.100
csi_data,A2,[0,0,11,9,11,8,11,8,11,8,11,7,11,7,11,6,11,6,11,6,11,5,I (73124) TAG: STA connected to 24:ec:4a:03:56:41, ch=11 (sec=0)
11,5,11,4,11,4,12,4,12,4,12,4,12,4,12,5,12,5,11,5,11,6,11,6,10,6,10,6,9,7,8,7,0,0,0,0,0,0,0,0,0,0,0,0,0,0,0,0,0,0,0,0,0,0,9,5,9,6,9,7,9,8,9,8,9,9,8,10,8,10,8,10,7,10,7,10,7,10,7,10,7,9,8,9,7,9,8,9,8,8,9,8,9,8,10,8,10,8,10,8,11,8,11,8,12,8]
anchor,A3,24:ec:4a:03:56:41,ch=11
ftm_report,A3,21,21,3.150
[0;32mI (73994) TAG: STA connected to 24:ec:4a:03:58:5d, ch=1 (sec=0)[0m
csi_data,A1,[0,0,3,-14,3,-14,3,-14,3,-14,2,-14,2,-14,1,-14,1,-14,1,-14,0,-14,-1,-15,-1,-14,-1,-14,-2,-15,-1,-15,-1,-16,-1,-15,-1,-16,-1,-16,0,-16,1,-16,1,-15,2,-15,3,-15,3,-14,4,-14,0,0,0,0,0,0,0,0,0,0,0,0,0,0,0,0,0,0,0,0,0,0,3,-9,4,-10,4,-9,4,-9,5,-9,6,-10,6,-10,7,-10,7,-9,6,-9,7,-9,7,-9,6,-9,6,-9,6,-9,6,-10,5,-10,5,-10,4,-11,4,-11,4,-12,4,-12,3,-13,3,-13,3,-14,3,-14]
anchor,A1,24:ec:4a:03:58:5d,ch=1
ftm_report,A1,10,10,1.500
[0;32mI (74844) TAG: STA connected to 24:ec:4a:04:39:15, ch=6 (sec=0)[0m
anchor,A2,24:ec:4a:04:39:15,ch=6
ftm_report,A2,14,14,2.100
csi_data,A2,[0,0,14,-5,13,-5,13,-5,13,-5,13,-6,12,-6,12,-6,11,-6,11,-7,10,-7,10,-7,10,-7,10,-8,10,-8,10,-8,10,-8,10,-8,10,-8,10,-8,11,-8,11,-7,11,-6,11,-5,11,-5,10,-4,11,-4,0,0,0,0,0,0,0,0,0,0,0,0,0,0,0,0,0,0,0,0,0,0,10,-6,10,-5,11,-4,11,-4,12,-4,12,-3,12,-3,12,-2,13,-2,13,-1,12,-1,12,-1,12,-1,12,-1,12,-2,12,-2,12,-3,12,-3,12,-3,12,-4,13,-4,13,-5,13,-5,13,-5,14,-5,14,-6]
[0;32mI (75694) TAG: STA connected to 24:ec:4a:03:56:41, ch=11 (sec=0)[0m
anchor,A3,24:ec:4a:03:56:41,ch=11
ftm_report,A3,18,18,2.700
csi_data,A3,[0,0,-3,14,-2,13,-2,12,-2,13,-2,12,-1,12,-1,12,0,11,0,11,0,11,1,11,1,11,2,11,2,11,2,12,2,11,2,11,2,12,1,12,1,12,0,11,0,11,-1,11,-1,10,-2,10,-2,10,0,0,0,0,0,0,0,0,0,0,0,0,0,0,0,0,0,0,0,0,0,0,-1,13,-2,13,-3,13,-4,13,-4,13,-6,13,-7,13,-7,13,-7,13,-8,12,-8,12,-8,12,-7,12,-7,11,-6,11,-6,11,-6,12,-5,12,-5,12,-4,12,-4,12,-4,13,-4,13,-3,13,-3,13,-3,13]
[0;32mI (76554) TAG: STA connected to 24:ec:4a:03:58:5d, ch=1 (sec=0)[0m
anchor,A1,24:ec:4a:03:58:5d,ch=1
ftm_report,A1,15,15,2.250
csi_data,A1,[0,0,4,-14,4,-14,3,-14,4,-14,3,-14,3,-14,2,-14,2,-14,1,-14,1,-14,0,-14,0,-14,0,-14,-1,-15,-1,-15,-1,-15,0,-15,0,-16,1,-16,1,-16,2,-16,3,-15,3,-15,3,-14,4,-14,5,-13,0,0,0,0,0,0,0,0,0,0,0,0,0,0,0,0,0,0,0,0,0,0,4,-10,4,-10,5,-10,5,-10,6,-10,7,-10,7,-10,8,-9,8,-9,8,-9,8,-9,8,-9,7,-9,7,-9,7,-9,6,-10,6,-10,6,-10,5,-11,5,-11,5,-11,5,-12,5,-13,4,-13,4,-13,4,-14]
[0;32mI (77414) TAG: STA connected to 24:ec:4a:04:39:15, ch=6 (sec=0)[0m
anchor,A2,24:ec:4a:04:39:15,ch=6
ftm_report,A2,14,14,2.100
csi_data,A2,[0,0,10,-10,10,-10,10,-10,10,-10,9,-10,9,-10,9,-10,8,-10,8,-10,7,-10,7,-11,7,-11,6,-11,6,-11,6,-11,6,-12,7,-11,6,-11,7,-11,7,-11,7,-11,8,-10,8,-9,8,-9,8,-8,8,-8,0,0,0,0,0,0,0,0,0,0,0,0,0,0,0,0,0,0,0,0,0,0,7,-9,8,-8,8,-8,9,-7,10,-7,10,-7,10,-7,11,-7,11,-6,11,-6,11,-6,11,-6,11,-6,11,-6,10,-6,10,-6,10,-7,10,-7,10,-7,10,-8,10,-9,10,-9,10,-10,10,-9,10,-10,10,-10]
[0;32mI (78274) TAG: STA connected to 24:ec:4a:03:56:41, ch=11 (sec=0)[0m
anchor,A3,24:ec:4a:03:56:41,ch=11
ftm_report,A3,17,17,2.550
csi_data,A3,[0,0,-11,-10,-11,-9,-11,-9,-11,-9,-11,-8,-11,-8,-11,-7,-11,-7,-11,-6,-11,-5,-11,-5,-11,-5,-12,-4,-12,-4,-12,-4,-12,-4,-12,-4,-12,-4,-12,-5,-12,-5,-12,-6,-11,-6,-11,-6,-10,-6,-9,-7,-9,-7,0,0,0,0,0,0,0,0,0,0,0,0,0,0,0,0,0,0,0,0,0,0,-10,-8,-10,-9,-10,-10,-10,-10,-10,-11,-9,-12,-9,-12,-8,-12,-8,-13,-8,-13,-7,-13,-7,-12,-7,-12,-7,-12,-7,-12,-7,-11,-8,-11,-8,-11,-9,-11,-9,-10,-10,-10,-10,-10,-10,-10,-11,-10,-11,-10,-11,-9]
[0;32mI (79154) TAG: STA connected to 24:ec:4a:03:58:5d, ch=1 (sec=0)[0m
anchor,A1,24:ec:4a:03:58:5d,ch=1
ftm_report,A1,7,7,1.050
[0;32mI (80054) TAG: STA connected to 24:ec:4a:04:39:15, ch=6 (sec=0)[0m
csi_data,A2,[0,0,-14,-5,-15,-5,-14,-5,-14,-5,-14,-4,-14,-4,-13,-3,-13,-3,-13,-3,-13,-2,-13,-2,-13,-1,-13,-1,-13,-1,-13,-1,-13,-1,-14,-1,-14,-1,-14,-2,-14,-2,-13,-3,-13,-3,-13,-4,-12,-4,-11,-4,-11,-5,0,0,0,0,0,0,0,0,0,0,0,0,0,0,0,0,0,0,0,0,0,0,-11,-3,-11,-4,-12,-4,-12,-5,-12,-5,-12,-6,-12,-7,-11,-7,-11,-8,-11,-8,-11,-8,-11,-8,-11,-8,-11,-7,-11,-7,-11,-7,-11,-6,-11,-6,-12,-6,-13,-5,-13,-5,-13,-5,-13,-5,-14,-5,-14,-5,-14,-5]
[1;31mE (80734) wifi:No valid FTM Measurements found out of 6 received measurements![0m
[0;33mW (80834) TAG: FTM to A2 failed (ESP_FAIL), streak=1[0m
[0;32mI (81074) esp_netif_handlers: sta ip: 192.168.4.2, mask: 255.255.255.0, gw: 192.168.4.1[0m
[0;32mI (81434) TAG: STA connected to 24:ec:4a:03:56:41, ch=11 (sec=0)[0m
anchor,A3,24:ec:4a:03:56:41,ch=11
ftm_report,A3,16,16,2.400
csi_data,A3,[0,0,7,12,7,11,7,11,7,10,8,10,7,10,8,9,8,8,8,8,8,7,8,7,9,7,9,7,10,7,9,6,10,7,10,7,10,7,9,7,9,8,8,8,8,8,7,8,7,8,6,8,5,8,0,0,0,0,0,0,0,0,0,0,0,0,0,0,0,0,0,0,0,0,0,0,7,9,7,11,6,11,6,12,5,12,4,13,4,13,3,13,3,14,3,13,2,13,2,13,3,13,3,13,3,13,3,12,3,12,4,11,5,12,5,12,5,12,6,12,6,11,7,12,7,12,7,12]
[0;32mI (82294) TAG: STA connected to 24:ec:4a:03:58:5d, ch=1 (sec=0)[0m
anchor,A1,24:ec:4a:03:58:5d,ch=1
ftm_report,A1,10,10,1.500
csi_data,A1,[0,0,1,-14,0,-14,0,-14,0,-14,0,-14,-1,-14,-1,-14,-1,-14,-2,-14,-2,-13,-3,-14,-3,-13,-4,-14,-4,-14,-4,-14,-4,-15,-4,-15,-3,-16,-3,-15,-2,-16,-2,-16,-1,-15,0,-15,0,-14,1,-14,2,-14,0,0,0,0,0,0,0,0,0,0,0,0,0,0,0,0,0,0,0,0,0,0,1,-10,2,-11,2,-10,3,-11,3,-11,4,-11,5,-11,5,-11,5,-11,5,-10,5,-11,5,-11,5,-11,4,-10,4,-11,4,-11,4,-11,3,-11,3,-12,2,-12,2,-12,1,-13,2,-13,1,-14,1,-14,1,-14]
[0;32mI (83154) TAG: STA connected to 24:ec:4a:04:39:15, ch=6 (sec=0)[0m
anchor,A2,24:ec:4a:04:39:15,ch=6
ftm_report,A2,13,13,1.950
[0;32mI (84024) TAG: STA connected to 24:ec:4a:03:56:41, ch=11 (sec=0)[0m
csi_data,A3,[0,0,-6,13,-6,12,-5,12,-5,12,-4,12,-4,12,-3,11,-3,11,-3,11,-2,12,-2,11,-1,11,-1,11,-1,11,0,12,0,12,-1,12,-1,12,-1,12,-1,12,-2,12,-2,11,-3,11,-4,10,-4,10,-4,9,0,0,0,0,0,0,0,0,0,0,0,0,0,0,0,0,0,0,0,0,0,0,-5,12,-6,11,-6,11,-7,11,-8,11,-9,11,-9,11,-10,11,-10,10,-10,10,-11,9,-11,9,-10,9,-10,9,-9,9,-9,10,-9,10,-8,10,-8,10,-7,11,-7,11,-7,11,-7,12,-7,12,-6,12,-6,13]
anchor,A3,24:ec:4a:03:56:41,ch=11
ftm_report,A3,18,18,2.700
[0;32mI (84874) TAG: STA connected to 24:ec:4a:03:58:5d, ch=1 (sec=0)[0m
anchor,A1,24:ec:4a:03:58:5d,ch=1
ftm_report,A1,8,8,1.200
csi_data,A1,[0,0,1,14,1,13,2,13,2,13,2,13,2,13,2,13,3,12,3,12,4,12,4,12,5,11,5,12,6,12,6,12,6,12,6,13,5,13,5,13,4,14,3,14,3,13,2,13,2,13,1,13,0,13,0,0,0,0,0,0,0,0,0,0,0,0,0,0,0,0,0,0,0,0,0,0,0,10,-1,10,-1,10,-1,10,-2,11,-3,11,-4,11,-4,11,-4,11,-4,11,-4,11,-4,11,-4,11,-3,10,-3,10,-3,11,-3,11,-2,11,-1,11,-1,11,-1,12,0,12,0,13,1,13,1,13,1,13]
[0;32mI (85724) TAG: STA connected to 24:ec:4a:04:39:15, ch=6 (sec=0)[0m
anchor,A2,24:ec:4a:04:39:15,ch=6
ftm_report,A2,14,14,2.100
csi_data,A2,[0,0,4,-15,4,-14,4,-14,3,-14,3,-14,3,-13,3,-13,2,-13,2,-13,1,-13,0,-13,0,-13,0,-13,0,-13,-1,-13,-1,-14,0,-13,0,-14,0,-14,1,-13,1,-13,2,-13,2,-12,2,-12,2,-12,3,-11,0,0,0,0,0,0,0,0,0,0,0,0,0,0,0,0,0,0,0,0,0,0,2,-12,3,-12,3,-12,4,-12,5,-12,5,-12,6,-12,6,-12,7,-11,7,-11,7,-11,7,-11,7,-11,6,-11,6,-11,6,-11,6,-12,5,-12,5,-12,5,-13,4,-13,4,-13,4,-14,4,-14,4,-14,4,-15]
[0;32mI (86574) TAG: STA connected to 24:ec:4a:03:56:41, ch=11 (sec=0)[0m
anchor,A3,24:ec:4a:03:56:41,ch=11
ftm_report,A3,16,16,2.400
csi_data,A3,[0,0,-3,-15,-4,-14,-4,-14,-3,-14,-4,-13,-4,-12,-5,-12,-5,-12,-5,-12,-6,-11,-6,-11,-7,-11,-7,-10,-7,-10,-7,-11,-7,-11,-8,-11,-7,-11,-7,-11,-7,-11,-6,-11,-5,-11,-5,-11,-4,-11,-4,-11,-3,-11,0,0,0,0,0,0,0,0,0,0,0,0,0,0,0,0,0,0,0,0,0,0,-4,-13,-3,-13,-2,-13,-2,-14,-1,-14,0,-15,0,-15,1,-15,1,-15,1,-15,2,-15,2,-14,1,-14,1,-14,1,-14,1,-13,0,-14,0,-14,-1,-14,-1,-14,-2,-14,-2,-14,-3,-14,-3,-14,-3,-14,-3,-15]
[0;32mI (87434) TAG: STA connected to 24:ec:4a:03:58:5d, ch=1 (sec=0)[0m
anchor,A1,24:ec:4a:03:58:5d,ch=1
ftm_report,A1,10,10,1.500
csi_data,A1,[0,0,11,8,11,7,12,7,11,7,12,7,12,7,12,6,12,5,12,5,12,4,12,4,13,4,13,3,13,3,13,3,14,3,14,4,14,4,14,5,14,5,13,6,13,6,12,6,12,7,11,7,10,8,0,0,0,0,0,0,0,0,0,0,0,0,0,0,0,0,0,0,0,0,0,0,7,6,7,7,7,7,7,8,7,8,6,9,6,9,6,9,6,10,5,10,5,10,5,10,6,9,6,9,6,9,6,8,7,8,7,8,8,8,9,8,9,8,10,8,9,8,11,8,11,8,11,8]
[0;32mI (88284) TAG: STA connected to 24:ec:4a:04:39:15, ch=6 (sec=0)[0m
anchor,A2,24:ec:4a:04:39:15,ch=6
ftm_report,A2,13,13,1.950
csi_data,A2,[0,0,-1,-16,-1,-15,-1,-15,-1,-15,-1,-14,-2,-14,-2,-13,-2,-13,-3,-13,-3,-13,-4,-13,-4,-12,-5,-12,-5,-13,-5,-13,-5,-13,-5,-13,-5,-14,-4,-14,-4,-14,-3,-13,-3,-13,-2,-13,-1,-13,-1,-13,0,-12,0,0,0,0,0,0,0,0,0,0,0,0,0,0,0,0,0,0,0,0,0,0,-2,-12,-1,-12,-1,-12,0,-12,0,-13,1,-13,2,-14,2,-13,2,-14,3,-13,3,-13,3,-13,3,-13,2,-12,2,-13,2,-13,1,-13,1,-13,0,-13,0,-14,0,-14,-1,-14,-1,-15,-1,-14,-1,-15,-1,-15]
[0;32mI (89144) TAG: STA connected to 24:ec:4a:03:56:41, ch=11 (sec=0)[0m
anchor,A3,24:ec:4a:03:56:41,ch=11
ftm_report,A3,16,16,2.400
[0;32mI (89994) TAG: STA connected to 24:ec:4a:03:58:5d, ch=1 (sec=0)[0m
csi_data,A1,[0,0,13,1,14,1,13,1,14,1,13,0,13,0,13,0,13,-1,12,-1,13,-2,13,-3,13,-3,13,-3,13,-3,13,-4,13,-4,14,-4,14,-3,14,-3,14,-2,14,-2,14,-1,14,0,14,0,13,1,12,2,0,0,0,0,0,0,0,0,0,0,0,0,0,0,0,0,0,0,0,0,0,0,9,1,9,2,10,3,10,3,10,4,10,4,10,5,9,5,10,6,10,6,10,6,9,5,9,5,9,5,9,5,10,4,10,4,10,3,10,3,11,3,11,3,12,2,12,2,13,2,13,2,13,1]
anchor,A1,24:ec:4a:03:58:5d,ch=1
ftm_report,A1,7,7,1.050
[0;32mI (90854) TAG: STA connected to 24:ec:4a:04:39:15, ch=6 (sec=0)[0m
anchor,A2,24:ec:4a:04:39:15,ch=6
ftm_report,A2,14,14,2.100
csi_data,A2,[0,0,-11,-11,-11,-11,-11,-11,-10,-11,-11,-10,-11,-9,-11,-9,-11,-9,-11,-8,-11,-8,-11,-8,-12,-7,-12,-7,-12,-6,-12,-7,-12,-7,-12,-6,-12,-7,-12,-7,-12,-8,-11,-8,-11,-8,-10,-8,-10,-8,-9,-9,-8,-9,0,0,0,0,0,0,0,0,0,0,0,0,0,0,0,0,0,0,0,0,0,0,-8,-9,-8,-9,-8,-10,-8,-10,-8,-11,-7,-12,-7,-12,-6,-12,-6,-13,-6,-12,-5,-13,-5,-12,-6,-12,-6,-12,-6,-12,-6,-11,-7,-12,-7,-11,-8,-11,-9,-11,-9,-11,-10,-11,-10,-11,-10,-11,-10,-11,-10,-11]
[0;32mI (91774) TAG: STA connected to 24:ec:4a:03:56:41, ch=11 (sec=0)[0m
anchor,A3,24:ec:4a:03:56:41,ch=11
ftm_report,A3,17,17,2.550
csi_data,A3,[0,0,14,-2,13,-2,13,-2,13,-3,13,-3,12,-3,12,-4,12,-4,11,-4,11,-5,11,-5,10,-5,11,-6,10,-6,11,-6,11,-6,11,-6,11,-6,11,-6,11,-6,11,-5,11,-4,11,-3,11,-2,11,-2,10,-1,0,0,0,0,0,0,0,0,0,0,0,0,0,0,0,0,0,0,0,0,0,0,12,-3,12,-3,13,-2,13,-1,13,0,13,0,14,1,14,1,14,2,13,3,13,2,13,2,13,3,13,2,12,2,12,2,12,1,12,0,12,0,13,0,13,-1,13,-1,13,-2,13,-1,14,-2,14,-2]
[0;32mI (92624) TAG: STA connected to 24:ec:4a:03:58:5d, ch=1 (sec=0)[0m
anchor,A1,24:ec:4a:03:58:5d,ch=1
ftm_report,A1,8,8,1.200
csi_data,A1,[0,0,-14,-4,-14,-4,-14,-4,-14,-4,-14,-4,-14,-3,-14,-3,-14,-2,-13,-2,-14,-1,-14,-1,-14,-1,-14,-1,-15,0,-15,0,-15,0,-15,0,-15,-1,-15,-1,-15,-2,-15,-2,-15,-3,-15,-4,-14,-4,-13,-5,-13,-6,0,0,0,0,0,0,0,0,0,0,0,0,0,0,0,0,0,0,0,0,0,0,-10,-4,-10,-4,-10,-5,-10,-6,-10,-6,-10,-7,-10,-7,-10,-7,-10,-8,-10,-8,-9,-8,-9,-8,-9,-8,-9,-8,-10,-7,-10,-7,-10,-6,-10,-6,-11,-6,-12,-6,-12,-5,-13,-5,-13,-5,-13,-5,-14,-5,-13,-5]
[0;32mI (93484) TAG: STA connected to 24:ec:4a:04:39:15, ch=6 (sec=0)[0m
anchor,A2,24:ec:4a:04:39:15,ch=6
ftm_report,A2,14,14,2.100
csi_data,A2,[0,0,14,-2,14,-2,14,-2,14,-2,14,-3,13,-3,13,-3,13,-3,12,-4,12,-4,11,-5,11,-5,11,-5,11,-6,12,-6,12,-6,12,-6,12,-5,12,-5,12,-4,12,-4,12,-3,12,-3,12,-2,11,-2,11,-1,0,0,0,0,0,0,0,0,0,0,0,0,0,0,0,0,0,0,0,0,0,0,10,-3,11,-2,12,-2,12,-1,12,-1,12,0,12,1,12,1,12,2,12,2,12,2,12,2,12,2,12,1,12,1,12,1,12,0,12,0,13,-1,13,-1,13,-1,13,-1,14,-2,14,-2,14,-2,14,-2]
[0;32mI (94334) TAG: STA connected to 24:ec:4a:03:56:41, ch=11 (sec=0)[0m
anchor,A3,24:ec:4a:03:56:41,ch=11
ftm_report,A3,16,16,2.400
csi_data,A3,[0,0,-8,12,-8,11,-8,11,-7,11,-7,11,-6,11,-6,11,-5,11,-5,11,-4,11,-4,11,-3,11,-3,11,-3,11,-3,12,-3,12,-3,12,-3,12,-4,12,-4,12,-4,11,-5,10,-5,10,-5,9,-6,9,-6,9,0,0,0,0,0,0,0,0,0,0,0,0,0,0,0,0,0,0,0,0,0,0,-6,11,-7,11,-8,10,-9,10,-9,10,-10,10,-11,10,-11,9,-12,9,-11,8,-12,8,-12,8,-11,8,-11,8,-10,8,-10,8,-10,9,-9,9,-9,9,-9,10,-9,10,-9,10,-8,11,-8,11,-8,12,-8,12]
[0;32mI (95204) TAG: STA connected to 24:ec:4a:03:58:5d, ch=1 (sec=0)[0m
anchor,A1,24:ec:4a:03:58:5d,ch=1
ftm_report,A1,15,15,2.250
[0;32mI (96054) TAG: STA connected to 24:ec:4a:04:39:15, ch=6 (sec=0)[0m
csi_data,A2,[0,0,14,0,14,0,14,0,14,0,13,-1,13,-1,13,-1,13,-2,12,-2,12,-3,12,-3,12,-4,12,-4,12,-4,12,-4,12,-4,12,-4,12,-4,13,-4,12,-3,12,-3,12,-2,12,-2,12,-1,11,-1,11,0,0,0,0,0,0,0,0,0,0,0,0,0,0,0,0,0,0,0,0,0,0,0,10,-1,11,0,11,1,11,1,12,2,12,2,12,3,12,3,12,3,12,4,12,4,11,4,12,4,11,3,11,3,11,3,11,2,12,2,12,2,13,1,13,1,13,1,14,0,14,0,14,0,14,0]
anchor,A2,24:ec:4a:04:39:15,ch=6
ftm_report,A2,14,14,2.100
[0;32mI (96904) TAG: STA connected to 24:ec:4a:03:56:41, ch=11 (sec=0)[0m
csi_data,A3,[0,0,-11,-11,-11,-10,-11,-10,-10,-10,-10,-9,-11,-9,-11,-8,-11,-8,-11,-7,-11,-7,-11,-6,-11,-6,-12,-6,-12,-5,-12,-6,-12,-5,-12,-6,-12,-6,-12,-6,-11,-6,-11,-7,-11,-8,-10,-8,-10,-8,-9,-8,-8,-8,0,0,0,0,0,0,0,0,0,0,0,0,0,0,0,0,0,0,0,0,0,0,-10,-9,-10,-9,-9,-10,-9,-11,-9,-12,-8,-12,-7,-13,-7,-13,-7,-14,-7,-14,-6,-13,-6,-13,-6,-13,-6,-13,-6,-12,-6,-12,-7,-12,-7,-12,-8,-12,-8,-11,-9,-11,-9,-11,-10,-11,-10,-11,-11,-11,-10,-11]
anchor,A3,24:ec:4a:03:56:41,ch=11
ftm_report,A3,18,18,2.700
[0;32mI (97774) TAG: STA connected to 24:ec:4a:03:58:5d, ch=1 (sec=0)[0m
anchor,A1,24:ec:4a:03:58:5d,ch=1
ftm_report,A1,8,8,1.200
csi_data,A1,[0,0,6,-13,6,-13,5,-13,5,-13,5,-13,4,-13,4,-13,3,-13,3,-13,2,-13,2,-14,2,-13,2,-14,1,-14,1,-15,1,-15,1,-15,2,-15,2,-16,3,-15,3,-15,4,-14,4,-14,5,-13,5,-13,6,-12,0,0,0,0,0,0,0,0,0,0,0,0,0,0,0,0,0,0,0,0,0,0,5,-9,6,-9,6,-9,7,-8,7,-8,8,-8,8,-8,9,-8,9,-8,9,-7,9,-8,9,-7,8,-7,8,-8,8,-8,8,-8,8,-9,7,-9,7,-9,7,-10,6,-10,6,-11,6,-12,6,-12,6,-12,6,-13]
[0;32mI (98644) TAG: STA connected to 24:ec:4a:04:39:15, ch=6 (sec=0)[0m
anchor,A2,24:ec:4a:04:39:15,ch=6
ftm_report,A2,13,13,1.950
csi_data,A2,[0,0,-15,1,-15,1,-15,1,-15,2,-14,2,-14,2,-14,2,-13,3,-13,3,-13,4,-12,4,-12,4,-12,5,-12,5,-12,5,-12,5,-13,5,-13,5,-13,4,-13,4,-13,3,-13,3,-13,2,-13,2,-12,1,-12,0,0,0,0,0,0,0,0,0,0,0,0,0,0,0,0,0,0,0,0,0,0,0,-12,2,-12,1,-12,0,-13,0,-13,0,-13,-1,-14,-2,-13,-2,-14,-2,-14,-3,-13,-3,-13,-3,-13,-3,-13,-3,-13,-2,-13,-2,-13,-1,-13,-1,-14,-1,-14,0,-14,0,-15,1,-15,1,-15,1,-15,1,-15,1]
[0;32mI (99504) TAG: STA connected to 24:ec:4a:03:56:41, ch=11 (sec=0)[0m
anchor,A3,24:ec:4a:03:56:41,ch=11
ftm_report,A3,24,24,3.600
csi_data,A3,[0,0,12,-8,10,-8,11,-8,10,-9,10,-9,9,-8,9,-9,8,-9,8,-9,7,-10,7,-10,7,-10,6,-10,6,-11,6,-11,6,-11,7,-10,7,-11,7,-11,7,-10,7,-10,8,-9,8,-8,8,-8,8,-7,8,-7,0,0,0,0,0,0,0,0,0,0,0,0,0,0,0,0,0,0,0,0,0,0,9,-8,10,-8,10,-7,12,-7,12,-6,13,-6,13,-5,13,-5,14,-5,13,-4,13,-4,13,-4,13,-4,13,-4,12,-4,12,-4,12,-5,11,-5,12,-6,11,-6,11,-7,11,-7,11,-8,12,-8,11,-8,12,-9]
[0;32mI (100374) TAG: STA connected to 24:ec:4a:03:58:5d, ch=1 (sec=0)[0m
anchor,A1,24:ec:4a:03:58:5d,ch=1
ftm_report,A1,7,7,1.050
csi_data,A1,[0,0,11,8,11,7,11,7,11,7,12,7,12,6,12,6,12,5,11,5,12,4,12,4,12,4,13,4,13,3,13,3,14,3,14,4,14,4,14,4,13,5,13,5,13,6,12,6,12,7,11,7,10,8,0,0,0,0,0,0,0,0,0,0,0,0,0,0,0,0,0,0,0,0,0,0,7,6,7,6,7,7,7,8,7,8,7,9,6,9,6,9,6,10,6,10,5,10,5,10,6,10,6,9,6,9,6,9,7,8,7,8,8,8,9,8,9,8,10,8,9,8,10,8,11,8,11,8]
[0;32mI (101234) TAG: STA connected to 24:ec:4a:04:39:15, ch=6 (sec=0)[0m
anchor,A2,24:ec:4a:04:39:15,ch=6
ftm_report,A2,14,14,2.100
csi_data,A2,[0,0,-14,5,-14,4,-14,5,-13,5,-13,5,-13,5,-12,5,-12,I (102124) TAG: STA connected to 24:ec:4a:03:56:41, ch=11 (sec=0)
5,-11,6,-11,6,-11,7,-11,7,-10,7,-10,7,-10,8,-10,8,-11,7,-11,7,-11,7,-11,7,-12,6,-12,5,-12,5,-12,5,-11,4,-11,3,0,0,0,0,0,0,0,0,0,0,0,0,0,0,0,0,0,0,0,0,0,0,-10,4,-11,4,-12,3,-12,3,-13,2,-13,2,-13,1,-13,1,-13,1,-13,0,-13,1,-13,0,-13,0,-13,1,-13,1,-13,1,-12,2,-12,2,-13,2,-13,3,-13,3,-13,3,-13,5,-14,5,-14,5,-14,5]
anchor,A3,24:ec:4a:03:56:41,ch=11
ftm_report,A3,28,28,4.200
[0;32mI (103034) TAG: STA connected to 24:ec:4a:03:58:5d, ch=1 (sec=0)[0m
csi_data,A1,[0,0,-12,8,-12,7,-12,8,-11,8,-12,8,-11,8,-11,8,-10,8,-10,9,-9,9,-9,10,-9,10,-9,10,-9,11,-8,11,-9,12,-9,11,-10,12,-10,11,-10,11,-11,11,-11,9,-11,8,-12,8,-12,7,-12,7,0,0,0,0,0,0,0,0,0,0,0,0,0,0,0,0,0,0,0,0,0,0,-9,5,-10,5,-10,4,-11,3,-11,3,-12,3,-12,3,-12,2,-12,2,-12,1,-12,2,-12,2,-12,2,-12,2,-12,2,-11,3,-12,3,-11,4,-12,4,-11,5,-11,5,-12,5,-11,6,-12,7,-12,7,-12,7]
anchor,A1,24:ec:4a:03:58:5d,ch=1
ftm_report,A1,8,8,1.200
[0;32mI (103894) TAG: STA connected to 24:ec:4a:04:39:15, ch=6 (sec=0)[0m
csi_data,A2,[0,0,9,-12,9,-11,9,-11,8,-11,9,-11,8,-11,7,-11,7,-11,6,-11,6,-11,6,-12,5,-11,5,-12,5,-12,5,-12,5,-13,5,-12,5,-13,6,-12,6,-12,6,-12,7,-11,7,-10,7,-10,7,-9,8,-9,0,0,0,0,0,0,0,0,0,0,0,0,0,0,0,0,0,0,0,0,0,0,6,-9,7,-9,8,-9,8,-9,9,-9,9,-9,10,-9,10,-8,10,-8,11,-7,11,-7,10,-7,10,-7,10,-7,10,-7,9,-8,10,-8,9,-9,9,-9,9,-9,9,-10,9,-10,9,-11,9,-11,9,-11,9,-12]
anchor,A2,24:ec:4a:04:39:15,ch=6
ftm_report,A2,14,14,2.100
[0;32mI (104744) TAG: STA connected to 24:ec:4a:03:56:41, ch=11 (sec=0)[0m
anchor,A3,24:ec:4a:03:56:41,ch=11
ftm_report,A3,17,17,2.550
csi_data,A3,[0,0,6,12,6,12,6,11,6,11,7,11,7,10,7,10,7,9,7,9,8,8,8,8,8,8,9,8,9,7,9,7,9,7,9,8,9,8,9,8,8,8,8,8,7,9,7,9,6,9,5,9,4,9,0,0,0,0,0,0,0,0,0,0,0,0,0,0,0,0,0,0,0,0,0,0,6,10,5,11,5,12,4,12,4,13,3,13,2,14,2,14,2,14,1,14,1,14,0,13,1,13,1,13,2,12,2,12,2,12,3,12,3,12,4,12,4,12,5,12,5,12,5,12,6,12,6,12]
[0;32mI (105604) TAG: STA connected to 24:ec:4a:03:58:5d, ch=1 (sec=0)[0m
anchor,A1,24:ec:4a:03:58:5d,ch=1
ftm_report,A1,11,11,1.650
csi_data,A1,[0,0,11,8,11,7,12,7,11,7,11,7,11,6,12,6,12,5,12,5,11,5,12,4,12,4,13,4,13,3,13,3,14,4,14,4,13,4,13,5,13,5,13,6,13,6,12,7,11,7,10,8,10,8,0,0,0,0,0,0,0,0,0,0,0,0,0,0,0,0,0,0,0,0,0,0,7,6,8,7,7,7,7,8,7,9,6,9,6,9,6,9,6,10,6,10,5,10,5,10,6,10,6,10,6,9,6,9,7,9,7,8,8,8,9,8,9,8,10,8,9,8,10,8,11,8,11,8]
[0;32mI (106474) TAG: STA connected to 24:ec:4a:04:39:15, ch=6 (sec=0)[0m
anchor,A2,24:ec:4a:04:39:15,ch=6
ftm_report,A2,12,12,1.800
csi_data,A2,[0,0,7,13,7,12,7,12,7,12,7,11,7,11,7,10,7,10,8,10,8,9,8,9,8,8,8,8,9,8,9,8,9,9,9,9,9,9,9,9,9,10,8,10,7,9,7,10,6,9,5,10,5,10,0,0,0,0,0,0,0,0,0,0,0,0,0,0,0,0,0,0,0,0,0,0,5,9,5,10,4,10,4,11,4,11,3,12,3,12,2,12,2,13,1,12,1,13,1,13,2,12,2,12,2,11,3,12,3,11,4,12,4,11,5,12,5,11,6,12,6,12,6,12,6,12,7,13]
[0;32mI (107324) TAG: STA connected to 24:ec:4a:03:56:41, ch=11 (sec=0)[0m
anchor,A3,24:ec:4a:03:56:41,ch=11
ftm_report,A3,19,19,2.850
csi_data,A3,[0,0,13,4,13,3,13,3,13,3,13,2,12,2,12,2,12,1,12,1,12,0,12,-1,12,-1,12,-1,12,-1,12,-2,12,-2,12,-1,13,-1,12,-1,12,0,12,0,12,1,11,1,11,2,10,2,10,3,0,0,0,0,0,0,0,0,0,0,0,0,0,0,0,0,0,0,0,0,0,0,11,2,11,3,11,4,11,5,11,5,11,6,11,7,11,7,11,7,10,8,10,8,10,7,10,7,10,7,10,7,10,6,11,6,11,5,11,5,12,5,12,5,12,4,12,4,13,4,13,4,13,3]
[0;32mI (108184) TAG: STA connected to 24:ec:4a:03:58:5d, ch=1 (sec=0)[0m
anchor,A1,24:ec:4a:03:58:5d,ch=1
ftm_report,A1,10,10,1.500
[0;32mI (109044) TAG: STA connected to 24:ec:4a:04:39:15, ch=6 (sec=0)[0m
csi_data,A2,[0,0,-14,-5,-15,-4,-14,-4,-14,-4,-14,-4,-14,-3,-14,-3,-14,-2,-13,-2,-13,-2,-13,-1,-13,-1,-13,0,-13,0,-14,0,-13,0,-14,0,-14,0,-14,0,-14,-1,-14,-1,-13,-2,-13,-2,-13,-3,-12,-3,-11,-4,0,0,0,0,0,0,0,0,0,0,0,0,0,0,0,0,0,0,0,0,0,0,-11,-4,-11,-4,-12,-5,-11,-5,-12,-6,-11,-7,-12,-7,-11,-8,-11,-8,-11,-8,-11,-9,-10,-8,-11,-8,-11,-8,-11,-7,-11,-7,-11,-6,-12,-6,-12,-6,-13,-5,-13,-5,-14,-5,-14,-5,-14,-5,-15,-5,-14,-5]
anchor,A2,24:ec:4a:04:39:15,ch=6
ftm_report,A2,576,576,86.400
[0;32mI (110054) esp_netif_handlers: sta ip: 192.168.4.2, mask: 255.255.255.0, gw: 192.168.4.1[0m
[0;32mI (110414) TAG: STA connected to 24:ec:4a:03:56:41, ch=11 (sec=0)[0m
anchor,A3,24:ec:4a:03:56:41,ch=11
ftm_report,A3,17,17,2.550
csi_data,A3,[0,0,-12,-9,-12,-9,-12,-9,-11,-8,-12,-8,-12,-7,-12,-7,-12,-6,-12,-6,-11,-5,-12,-5,-12,-5,-12,-5,-13,-4,-12,-4,-13,-4,-13,-4,-13,-5,-13,-5,-12,-5,-12,-6,-11,-6,-11,-6,-10,-7,-9,-7,-9,-7,0,0,0,0,0,0,0,0,0,0,0,0,0,0,0,0,0,0,0,0,0,0,-10,-7,-10,-8,-10,-8,-10,-9,-10,-10,-9,-11,-9,-11,-9,-11,-8,-12,-8,-12,-8,-12,-8,-12,-8,-11,-8,-11,-8,-11,-8,-10,-9,-10,-9,-10,-10,-10,-10,-10,-10,-9,-11,-9,-11,-9,-12,-9,-12,-9,-12,-9]
[0;32mI (111274) TAG: STA connected to 24:ec:4a:03:58:5d, ch=1 (sec=0)[0m
anchor,A1,24:ec:4a:03:58:5d,ch=1
ftm_report,A1,15,15,2.250
csi_data,A1,[0,0,7,-12,7,-13,7,-12,7,-13,6,-12,6,-12,6,-13,5,-12,5,-1I (112124) TAG: STA connected to 24:ec:4a:04:39:15, ch=6 (sec=0)
3,4,-13,4,-14,3,-13,3,-14,3,-14,3,-15,3,-15,4,-15,4,-15,4,-15,5,-15,5,-15,6,-14,7,-13,7,-13,7,-12,8,-11,0,0,0,0,0,0,0,0,0,0,0,0,0,0,0,0,0,0,0,0,0,0,6,-7,6,-7,6,-7,7,-7,7,-7,8,-7,8,-7,9,-6,9,-6,9,-6,9,-6,9,-6,9,-6,8,-6,8,-7,8,-8,8,-8,8,-8,7,-8,7,-9,7,-9,7,-10,7,-11,7,-11,7,-12,7,-12]
anchor,A2,24:ec:4a:04:39:15,ch=6
ftm_report,A2,14,14,2.100
[0;32mI (112994) TAG: STA connected to 24:ec:4a:03:56:41, ch=11 (sec=0)[0m
csi_data,A3,[0,0,13,-6,12,-6,12,-6,12,-6,12,-7,11,-7,10,-7,10,-7,10,-8,9,-8,9,-8,9,-8,8,-9,9,-9,8,-9,9,-10,9,-9,9,-9,9,-9,9,-9,9,-8,10,-7,9,-6,9,-6,9,-5,9,-5,0,0,0,0,0,0,0,0,0,0,0,0,0,0,0,0,0,0,0,0,0,0,10,-6,11,-6,11,-5,12,-4,12,-4,13,-3,13,-3,13,-3,13,-2,13,-2,13,-1,13,-1,12,-1,12,-2,12,-2,12,-2,12,-3,12,-3,12,-4,12,-4,12,-5,12,-5,12,-6,12,-6,13,-6,13,-7]
anchor,A3,24:ec:4a:03:56:41,ch=11
ftm_report,A3,19,19,2.850
[0;32mI (113844) TAG: STA connected to 24:ec:4a:03:58:5d, ch=1 (sec=0)[0m
anchor,A1,24:ec:4a:03:58:5d,ch=1
ftm_report,A1,10,10,1.500
csi_data,A1,[0,0,-7,-13,-8,-13,-8,-13,-8,-13,-8,-13,-8,-12,-9,-12,-8,-12,-9,-11,-9,-11,-10,-11,-10,-10,-10,-11,-11,-11,-11,-11,-11,-11,-11,-12,-11,-12,-11,-12,-10,-13,-10,-13,-9,-13,-8,-13,-7,-13,-6,-13,-5,-14,0,0,0,0,0,0,0,0,0,0,0,0,0,0,0,0,0,0,0,0,0,0,-4,-9,-3,-9,-3,-10,-3,-10,-3,-11,-2,-11,-2,-11,-2,-11,-1,-12,-1,-11,-1,-12,-1,-12,-2,-11,-2,-11,-2,-11,-3,-11,-3,-11,-3,-11,-4,-12,-5,-12,-5,-12,-6,-12,-6,-12,-7,-13,-7,-13,-6,-13]
[0;32mI (114754) TAG: STA connected to 24:ec:4a:04:39:15, ch=6 (sec=0)[0m
anchor,A2,24:ec:4a:04:39:15,ch=6
ftm_report,A2,14,14,2.100
csi_data,A2,[0,0,-9,12,-9,11,-9,11,-8,12,-8,11,-7,11,-7,11,-7,11,-6,11,-5,11,-5,12,-5,11,-5,12,-4,12,-4,12,-4,12,-5,12,-5,12,-5,12,-6,12,-6,12,-7,11,-7,10,-7,10,-7,9,-8,9,0,0,0,0,0,0,0,0,0,0,0,0,0,0,0,0,0,0,0,0,0,0,-6,9,-6,9,-7,9,-8,9,-8,9,-9,9,-9,9,-10,9,-10,8,-10,8,-10,8,-10,8,-10,8,-10,8,-9,8,-10,8,-9,9,-9,9,-9,9,-8,10,-8,10,-9,10,-8,12,-8,11,-8,12,-8,12]
[0;32mI (115614) TAG: STA connected to 24:ec:4a:03:56:41, ch=11 (sec=0)[0m
anchor,A3,24:ec:4a:03:56:41,ch=11
ftm_report,A3,17,17,2.550
csi_data,A3,[0,0,7,-13,6,-13,6,-12,6,-12,5,-12,5,-12,4,-12,4,-12,3,-12,3,-12,3,-12,2,-12,2,-12,2,-12,2,-13,1,-13,2,-13,2,-13,2,-13,2,-13,3,-12,3,-11,4,-11,4,-10,5,-10,5,-9,0,0,0,0,0,0,0,0,0,0,0,0,0,0,0,0,0,0,0,0,0,0,5,-12,6,-12,7,-12,7,-11,8,-12,9,-11,9,-11,10,-11,10,-11,10,-10,11,-10,11,-9,10,-9,10,-9,9,-9,9,-10,9,-10,8,-10,8,-10,8,-11,7,-11,7,-12,7,-12,7,-12,7,-12,7,-13]
[0;32mI (116474) TAG: STA connected to 24:ec:4a:03:58:5d, ch=1 (sec=0)[0m
anchor,A1,24:ec:4a:03:58:5d,ch=1
ftm_report,A1,12,12,1.800
csi_data,A1,[0,0,13,-3,13,-4,13,-4,13,-4,13,-4,13,-5,13,-5,12,-5,12,-6,12,-6,12,-7,11,-7,12,-7,12,-8,12,-8,12,-8,13,-8,13,-8,13,-8,14,-7,14,-6,14,-5,14,-4,14,-3,13,-3,13,-2,0,0,0,0,0,0,0,0,0,0,0,0,0,0,0,0,0,0,0,0,0,0,9,-2,9,-1,10,-1,10,0,10,0,11,0,11,1,11,1,11,1,11,2,11,2,11,2,11,2,11,2,11,1,11,0,11,0,11,-1,11,-1,12,-1,12,-1,12,-2,12,-3,13,-3,13,-3,14,-3]
[0;32mI (117334) TAG: STA connected to 24:ec:4a:04:39:15, ch=6 (sec=0)[0m
anchor,A2,24:ec:4a:04:39:15,ch=6
ftm_report,A2,12,12,1.800
csi_data,A2,[0,0,-12,-9,-12,-9,-12,-9,-12,-9,-12,-8,-12,-8,-12,-7,-12,-7,-12,-7,-12,-6,-12,-6,-13,-5,-13,-5,-13,-4,-13,-5,-13,-5,-13,-5,-13,-5,-13,-6,-13,-6,-12,-6,-12,-7,-11,-7,-11,-7,-10,-8,-10,-8,0,0,0,0,0,0,0,0,0,0,0,0,0,0,0,0,0,0,0,0,0,0,-10,-7,-10,-7,-10,-8,-9,-9,-9,-9,-9,-10,-9,-10,-9,-11,-8,-11,-8,-11,-8,-11,-8,-11,-8,-10,-8,-10,-8,-10,-8,-10,-9,-10,-9,-10,-10,-9,-11,-9,-11,-9,-11,-9,-12,-9,-12,-9,-12,-9,-12,-9]
[0;32mI (118184) TAG: STA connected to 24:ec:4a:03:56:41, ch=11 (sec=0)[0m
anchor,A3,24:ec:4a:03:56:41,ch=11
ftm_report,A3,16,16,2.400
[0;32mI (119044) TAG: STA connected to 24:ec:4a:03:58:5d, ch=1 (sec=0)[0m
csi_data,A1,[0,0,-13,-9,-13,-9,-13,-8,-13,-8,-13,-8,-13,-8,-13,-7,-13,-6,-13,-6,-14,-5,-14,-5,-14,-4,-15,-4,-15,-4,-15,-4,-16,-5,-16,-5,-16,-5,-16,-6,-15,-6,-15,-7,-15,-8,-14,-8,-14,-8,-13,-9,-12,-9,0,0,0,0,0,0,0,0,0,0,0,0,0,0,0,0,0,0,0,0,0,0,-8,-7,-8,-8,-8,-8,-8,-9,-7,-9,-7,-10,-6,-10,-6,-10,-6,-10,-7,-11,-6,-10,-7,-10,-7,-10,-7,-10,-7,-10,-7,-9,-8,-9,-8,-9,-9,-9,-10,-9,-10,-9,-11,-9,-11,-8,-12,-8,-13,-8,-12,-9]
anchor,A1,24:ec:4a:03:58:5d,ch=1
ftm_report,A1,7,7,1.050
[0;32mI (119914) TAG: STA connected to 24:ec:4a:04:39:15, ch=6 (sec=0)[0m
csi_data,A2,[0,0,13,6,13,5,13,6,12,5,13,5,12,5,12,4,12,3,12,3,12,2,12,2,12,1,12,1,13,1,12,1,13,1,12,1,13,2,13,2,12,3,12,3,12,4,11,4,11,4,10,4,10,5,0,0,0,0,0,0,0,0,0,0,0,0,0,0,0,0,0,0,0,0,0,0,10,3,10,4,10,4,10,5,10,6,10,7,10,7,10,7,9,8,9,8,9,8,9,8,9,7,9,7,9,7,9,7,10,7,10,6,11,6,11,6,11,6,12,5,12,5,13,5,13,5,13,5]
anchor,A2,24:ec:4a:04:39:15,ch=6
ftm_report,A2,14,14,2.100
[0;32mI (120764) TAG: STA connected to 24:ec:4a:03:56:41, ch=11 (sec=0)[0m
anchor,A3,24:ec:4a:03:56:41,ch=11
ftm_report,A3,17,17,2.550
csi_data,A3,[0,0,-15,-3,-14,-3,-14,-3,-14,-2,-14,-2,-13,-2,-13,-1,-13,-1,-13,0,-12,0,-13,1,-12,1,-13,2,-13,2,-12,2,-13,2,-13,2,-13,2,-13,2,-13,1,-13,1,-13,0,-12,-1,-12,-1,-11,-1,-11,-2,0,0,0,0,0,0,0,0,0,0,0,0,0,0,0,0,0,0,0,0,0,0,-14,-2,-14,-3,-14,-4,-14,-5,-14,-6,-14,-7,-14,-7,-14,-7,-14,-8,-13,-9,-13,-8,-13,-8,-12,-8,-12,-8,-12,-8,-12,-7,-13,-6,-13,-6,-13,-6,-13,-5,-14,-5,-14,-5,-14,-4,-14,-4,-15,-4,-14,-3]
[0;32mI (121624) TAG: STA connected to 24:ec:4a:03:58:5d, ch=1 (sec=0)[0m
anchor,A1,24:ec:4a:03:58:5d,ch=1
ftm_report,A1,9,9,1.350
csi_data,A1,[0,0,14,-2,14,-3,14,-3,14,-3,14,-3,14,-3,13,-4,13,-4,13,-5,13,-5,13,-6,13,-6,13,-6,13,-7,13,-7,13,-7,14,-7,14,-6,15,-6,15,-5,15,-5,15,-4,15,-3,15,-2,14,-1,14,0,0,0,0,0,0,0,0,0,0,0,0,0,0,0,0,0,0,0,0,0,0,0,9,0,9,0,10,1,10,1,10,1,10,1,10,2,10,2,10,3,10,3,10,3,10,3,10,3,10,2,10,2,10,1,10,1,11,0,11,0,12,0,12,-1,13,-1,13,-2,13,-2,14,-2,14,-2]
[0;32mI (122494) TAG: STA connected to 24:ec:4a:04:39:15, ch=6 (sec=0)[0m
anchor,A2,24:ec:4a:04:39:15,ch=6
ftm_report,A2,14,14,2.100
csi_data,A2,[0,0,12,7,12,6,12,6,12,6,12,5,12,5,12,5,12,4,11,4,12,3,11,3,12,2,12,2,12,2,12,2,12,2,12,2,12,2,12,3,12,3,12,4,11,4,11,4,10,4,10,5,9,5,0,0,0,0,0,0,0,0,0,0,0,0,0,0,0,0,0,0,0,0,0,0,10,4,10,5,10,5,10,6,10,6,9,7,9,8,9,8,9,9,9,9,8,9,8,8,9,8,9,8,9,8,9,8,9,7,9,7,10,7,10,6,11,6,11,6,12,6,12,6,12,6,12,6]
[0;32mI (123344) TAG: STA connected to 24:ec:4a:03:56:41, ch=11 (sec=0)[0m
anchor,A3,24:ec:4a:03:56:41,ch=11
ftm_report,A3,17,17,2.550
csi_data,A3,[0,0,-9,11,-9,10,-9,10,-8,11,-8,10,-7,10,-7,10,-6,10,-6,11,-5,11,-5,11,-4,11,-4,11,-4,11,-3,12,-4,12,-4,12,-4,12,-4,12,-4,12,-5,11,-5,10,-6,10,-6,9,-6,9,-6,8,0,0,0,0,0,0,0,0,0,0,0,0,0,0,0,0,0,0,0,0,0,0,-9,10,-9,10,-10,9,-11,9,-11,9,-12,8,-13,8,-13,8,-13,7,-14,6,-14,6,-13,6,-13,6,-12,6,-12,6,-12,7,-11,7,-11,8,-11,8,-10,8,-10,9,-10,9,-10,10,-10,10,-10,10,-10,11]
[0;32mI (124204) TAG: STA connected to 24:ec:4a:03:58:5d, ch=1 (sec=0)[0m
anchor,A1,24:ec:4a:03:58:5d,ch=1
ftm_report,A1,9,9,1.350
[0;32mI (125074) TAG: STA connected to 24:ec:4a:04:39:15, ch=6 (sec=0)[0m
csi_data,A2,[0,0,11,-9,11,-9,11,-9,10,-9,11,-9,10,-9,9,-9,9,-9,8,-10,8,-10,8,-10,7,-10,7,-10,7,-11,7,-11,7,-12,7,-11,7,-11,8,-11,8,-11,8,-10,8,-9,9,-9,9,-8,9,-8,9,-7,0,0,0,0,0,0,0,0,0,0,0,0,0,0,0,0,0,0,0,0,0,0,8,-7,9,-7,9,-6,10,-6,10,-6,11,-6,11,-5,12,-5,12,-5,12,-4,12,-4,12,-4,12,-4,11,-4,11,-5,11,-5,11,-6,11,-6,11,-7,11,-7,11,-7,11,-8,11,-9,11,-9,11,-9,11,-9]
anchor,A2,24:ec:4a:04:39:15,ch=6
ftm_report,A2,14,14,2.100
[0;32mI (126004) TAG: STA connected to 24:ec:4a:03:56:41, ch=11 (sec=0)[0m
csi_data,A3,[0,0,-13,-4,-14,-4,-13,-4,-13,-4,-13,-3,-13,-3,-12,-2,-12,-1,-12,-1,-12,0,-12,0,-12,0,-12,0,-12,1,-12,1,-12,1,-13,1,-12,1,-12,1,-12,0,-12,0,-12,-1,-12,-1,-11,-2,-11,-2,-10,-2,0,0,0,0,0,0,0,0,0,0,0,0,0,0,0,0,0,0,0,0,0,0,-13,-4,-13,-4,-13,-5,-13,-6,-13,-7,-13,-7,-12,-8,-12,-8,-12,-9,-12,-9,-11,-9,-11,-9,-11,-9,-11,-9,-11,-8,-11,-8,-11,-7,-11,-7,-12,-7,-12,-6,-13,-6,-13,-5,-13,-5,-13,-5,-14,-5,-13,-4]
anchor,A3,24:ec:4a:03:56:41,ch=11
ftm_report,A3,18,18,2.700
[0;32mI (126854) TAG: STA connected to 24:ec:4a:03:58:5d, ch=1 (sec=0)[0m
anchor,A1,24:ec:4a:03:58:5d,ch=1
ftm_report,A1,9,9,1.350
csi_data,A1,[0,0,-5,14,-5,13,-5,13,-5,14,-4,13,-4,13,-4,13,-3,13,-3,13,-2,14,-2,14,-1,13,-1,14,-1,14,-1,15,0,15,-1,15,-1,15,-2,16,-2,15,-3,15,-4,14,-5,14,-5,13,-6,13,-6,12,0,0,0,0,0,0,0,0,0,0,0,0,0,0,0,0,0,0,0,0,0,0,-5,8,-6,8,-6,8,-6,8,-7,8,-7,8,-8,8,-8,8,-8,8,-8,7,-9,8,-8,8,-8,8,-8,8,-7,8,-7,9,-7,9,-7,9,-6,9,-6,10,-6,10,-5,11,-6,12,-5,12,-5,13,-5,13]
[0;32mI (127734) TAG: STA connected to 24:ec:4a:04:39:15, ch=6 (sec=0)[0m
anchor,A2,24:ec:4a:04:39:15,ch=6
ftm_report,A2,14,14,2.100
csi_data,A2,[0,0,4,14,4,13,4,13,4,13,4,13,5,12,5,12,5,11,5,11,6,11,6,11,6,10,6,10,7,10,7,10,7,11,7,10,7,11,7,11,6,11,6,11,5,11,4,11,4,11,3,11,2,11,0,0,0,0,0,0,0,0,0,0,0,0,0,0,0,0,0,0,0,0,0,0,3,10,3,11,2,11,2,11,2,12,1,13,1,13,0,13,0,13,-1,12,-1,13,-1,13,-1,12,0,12,0,12,0,12,1,12,1,12,2,12,3,12,3,12,3,13,4,13,3,13,4,14,4,14]
[0;32mI (128584) TAG: STA connected to 24:ec:4a:03:56:41, ch=11 (sec=0)[0m
anchor,A3,24:ec:4a:03:56:41,ch=11
ftm_report,A3,17,17,2.550
csi_data,A3,[0,0,-11,10,-10,9,-10,9,-10,10,-9,9,-8,9,-8,9,-7,9,-7,10,-6,10,-6,10,-6,10,-5,10,-5,10,-5,11,-5,11,-5,11,-6,11,-6,11,-6,11,-6,10,-7,9,-7,9,-7,8,-7,8,-8,7,0,0,0,0,0,0,0,0,0,0,0,0,0,0,0,0,0,0,0,0,0,0,-9,10,-9,9,-10,9,-11,8,-12,8,-13,8,-13,7,-13,7,-14,6,-13,6,-14,6,-14,5,-13,5,-13,5,-12,6,-12,6,-12,6,-11,7,-11,7,-11,8,-11,8,-11,8,-11,9,-11,9,-11,9,-10,10]
[0;32mI (129454) TAG: STA connected to 24:ec:4a:03:58:5d, ch=1 (sec=0)[0m
anchor,A1,24:ec:4a:03:58:5d,ch=1
ftm_report,A1,7,7,1.050
csi_data,A1,[0,0,-10,10,-10,10,-10,10,-9,11,-9,10,-9,10,-9,11,-8,11,-8,11,-7,11,-7,12,-7,12,-7,12,-6,13,-6,13,-6,13,-7,13,-7,13,-8,13,-8,13,-9,12,-9,11,-10,11,-10,10,-10,9,-11,9,0,0,0,0,0,0,0,0,0,0,0,0,0,0,0,0,0,0,0,0,0,0,-7,6,-8,5,-8,5,-9,5,-9,5,-10,5,-10,4,-10,4,-11,4,-10,4,-10,4,-10,4,-10,4,-10,4,-10,4,-10,5,-10,6,-9,6,-9,6,-9,7,-9,7,-9,8,-10,9,-9,9,-10,10,-10,10]
[0;32mI (130314) TAG: STA connected to 24:ec:4a:04:39:15, ch=6 (sec=0)[0m
anchor,A2,24:ec:4a:04:39:15,ch=6
ftm_report,A2,13,13,1.950
csi_data,A2,[0,0,-6,14,-5,13,-5,13,-5,13,-5,12,-4,12,-4,12,-3,12,-3,12,-2,12,-2,12,-2,12,-2,12,-1,12,-1,12,-1,13,-2,12,-1,13,-2,13,-2,13,-3,12,-3,12,-4,11,-4,11,-5,11,-5,10,0,0,0,0,0,0,0,0,0,0,0,0,0,0,0,0,0,0,0,0,0,0,-3,10,-4,11,-5,10,-5,10,-6,11,-7,11,-7,11,-7,11,-8,11,-8,10,-8,10,-8,10,-8,10,-8,9,-8,10,-7,10,-7,11,-6,11,-6,11,-6,11,-6,12,-5,12,-5,13,-5,13,-6,13,-5,13]
[0;32mI (131184) TAG: STA connected to 24:ec:4a:03:56:41, ch=11 (sec=0)[0m
anchor,A3,24:ec:4a:03:56:41,ch=11
ftm_report,A3,16,16,2.400
[0;32mI (132044) TAG: STA connected to 24:ec:4a:03:58:5d, ch=1 (sec=0)[0m
csi_data,A1,[0,0,-13,-7,-13,-7,-14,-7,-13,-7,-13,-7,-13,-7,-14,-6,-13,-6,-13,-5,-13,-5,-14,-4,-14,-4,-15,-4,-15,-4,-15,-4,-16,-4,-16,-4,-16,-5,-16,-5,-15,-6,-15,-6,-15,-7,-14,-7,-14,-8,-13,-8,-12,-9,0,0,0,0,0,0,0,0,0,0,0,0,0,0,0,0,0,0,0,0,0,0,-7,-6,-7,-7,-7,-7,-7,-8,-7,-8,-7,-9,-6,-9,-6,-9,-6,-10,-6,-10,-6,-9,-6,-9,-7,-9,-7,-9,-7,-9,-7,-8,-8,-8,-8,-8,-9,-8,-10,-8,-10,-8,-11,-8,-11,-7,-12,-7,-13,-8,-12,-8]
anchor,A1,24:ec:4a:03:58:5d,ch=1
ftm_report,A1,9,9,1.350
[0;32mI (132924) TAG: STA connected to 24:ec:4a:04:39:15, ch=6 (sec=0)[0m
csi_data,A2,[0,0,8,12,8,11,8,11,8,11,8,10,8,10,8,10,8,9,8,9,8,9,9,8,9,8,9,8,10,7,10,8,10,8,10,8,10,8,9,9,9,9,9,9,8,9,7,9,7,9,6,10,5,10,0,0,0,0,0,0,0,0,0,0,0,0,0,0,0,0,0,0,0,0,0,0,7,8,6,9,6,9,6,9,6,10,5,11,5,12,4,12,4,12,3,12,3,12,3,12,3,12,4,11,4,11,4,11,5,11,5,11,6,11,6,11,7,11,7,11,7,11,8,11,8,11,8,12]
anchor,A2,24:ec:4a:04:39:15,ch=6
ftm_report,A2,14,14,2.100
[0;32mI (133804) TAG: STA connected to 24:ec:4a:03:56:41, ch=11 (sec=0)[0m
anchor,A3,24:ec:4a:03:56:41,ch=11
ftm_report,A3,18,18,2.700
csi_data,A3,[0,0,12,7,12,6,12,6,12,5,12,5,11,5,11,4,11,3,11,3,11,2,11,2,11,2,11,2,11,1,12,1,11,1,12,1,11,1,11,2,11,2,11,3,10,3,10,4,9,4,9,4,8,4,0,0,0,0,0,0,0,0,0,0,0,0,0,0,0,0,0,0,0,0,0,0,12,4,11,4,12,6,11,6,11,7,11,8,11,8,11,9,10,9,10,10,9,10,9,9,9,9,9,9,9,9,9,8,10,8,10,8,10,7,11,7,11,7,11,6,12,6,12,7,12,6,12,6]
[0;32mI (134654) TAG: STA connected to 24:ec:4a:03:58:5d, ch=1 (sec=0)[0m
anchor,A1,24:ec:4a:03:58:5d,ch=1
ftm_report,A1,11,11,1.650
csi_data,A1,[0,0,0,-15,0,-15,0,-15,0,-15,-1,-15,-1,-15,-1,-14,-2,-14,-2,-14,-3,-14,-3,-14,-3,-14,-4,-14,-4,-15,-4,-15,-4,-15,-4,-15,-3,-16,-3,-16,-2,-16,-2,-16,-1,-15,0,-15,0,-15,1,-14,2,-14,0,0,0,0,0,0,0,0,0,0,0,0,0,0,0,0,0,0,0,0,0,0,1,-10,1,-10,2,-10,2,-10,3,-10,4,-11,4,-11,4,-11,5,-11,4,-10,5,-11,5,-10,4,-10,4,-10,3,-11,3,-11,3,-11,2,-11,2,-12,1,-12,1,-12,1,-13,1,-13,0,-14,0,-14,0,-15]
[0;32mI (135524) TAG: STA connected to 24:ec:4a:04:39:15, ch=6 (sec=0)[0m
anchor,A2,24:ec:4a:04:39:15,ch=6
ftm_report,A2,13,13,1.950
csi_data,A2,[0,0,-11,11,-11,10,-11,10,-10,11,-10,10,-9,10,-8,10,-8,10,-7,11,-7,11,-7,11,-6,11,-6,11,-6,11,-6,12,-6,12,-6,11,-6,12,-6,12,-7,11,-7,11,-8,10,-8,10,-8,9,-8,9,-9,8,0,0,0,0,0,0,0,0,0,0,0,0,0,0,0,0,0,0,0,0,0,0,-7,9,-8,9,-9,8,-9,8,-10,8,-11,8,-11,7,-11,7,-12,7,-11,6,-12,6,-12,6,-11,6,-11,6,-11,7,-11,7,-11,8,-10,8,-10,8,-10,8,-10,9,-10,10,-10,10,-10,10,-10,11,-10,11]
[0;32mI (136374) TAG: STA connected to 24:ec:4a:03:56:41, ch=11 (sec=0)[0m
anchor,A3,24:ec:4a:03:56:41,ch=11
ftm_report,A3,16,16,2.400
csi_data,A3,[0,0,-8,-13,-8,-13,-8,-13,-8,-12,-8,-12,-8,-11,-8,-11,-9,-10,-8,-10,-9,-9,-9,-9,-10,-9,-10,-9,-10,-8,-10,-9,-10,-9,-10,-9,-10,-9,-10,-9,-9,-9,-9,-10,-8,-10,-8,-10,-7,-10,-6,-10,-6,-10,0,0,0,0,0,0,0,0,0,0,0,0,0,0,0,0,0,0,0,0,0,0,-7,-10,-6,-11,-6,-12,-6,-12,-5,-13,-5,-13,-4,-13,-4,-14,-3,-14,-3,-14,-3,-14,-3,-13,-3,-14,-3,-13,-4,-13,-4,-13,-4,-13,-5,-12,-5,-13,-6,-13,-6,-13,-7,-13,-7,-13,-8,-13,-8,-13,-8,-13]
[0;32mI (137284) TAG: STA connected to 24:ec:4a:03:58:5d, ch=1 (sec=0)[0m
anchor,A1,24:ec:4a:03:58:5d,ch=1
ftm_report,A1,11,11,1.650
csi_data,A1,[0,0,13,0,14,-1,14,-1,14,-1,13,-1,13,-1,13,-2,13,-2,12,-3,13,-3,13,-4,13,-4,13,-4,13,-5,13,-5,13,-5,14,-5,14,-5,14,-4,14,-3,15,-3,14,-2,14,-1,14,-1,13,0,13,1,0,0,0,0,0,0,0,0,0,0,0,0,0,0,0,0,0,0,0,0,0,0,9,0,9,1,10,2,9,2,10,3,10,3,10,3,10,4,10,4,10,4,10,4,10,4,10,4,10,3,10,3,10,3,10,2,10,2,11,2,11,2,11,1,12,1,12,0,13,0,13,0,13,0]
[0;32mI (138144) TAG: STA connected to 24:ec:4a:04:39:15, ch=6 (sec=0)[0m
anchor,A2,24:ec:4a:04:39:15,ch=6
ftm_report,A2,14,14,2.100
[0;32mI (138994) TAG: STA connected to 24:ec:4a:03:56:41, ch=11 (sec=0)[0m
csi_data,A3,[0,0,-10,-11,-10,-11,-10,-11,-10,-11,-10,-10,-10,-10,-10,-9,-10,-9,-10,-8,-10,-8,-10,-7,-11,-7,-11,-7,-11,-7,-11,-7,-11,-7,-12,-7,-11,-7,-11,-7,-10,-8,-10,-8,-10,-8,-9,-9,-8,-8,-7,-9,-7,-9,0,0,0,0,0,0,0,0,0,0,0,0,0,0,0,0,0,0,0,0,0,0,-9,-9,-9,-9,-9,-10,-8,-11,-8,-12,-7,-12,-7,-12,-7,-13,-6,-13,-6,-13,-5,-13,-5,-13,-5,-13,-6,-12,-6,-12,-6,-12,-6,-11,-7,-12,-8,-11,-8,-11,-8,-11,-9,-11,-9,-11,-9,-11,-9,-11,-10,-11]
anchor,A3,24:ec:4a:03:56:41,ch=11
ftm_report,A3,18,18,2.700
[0;32mI (139854) TAG: STA connected to 24:ec:4a:03:58:5d, ch=1 (sec=0)[0m
anchor,A1,24:ec:4a:03:58:5d,ch=1
ftm_report,A1,11,11,1.650
csi_data,A1,[0,0,-13,-7,-13,-7,-13,-7,-13,-7,-13,-6,-14,-6,-13,-6,-13,-5,-13,-5,-13,-4,-14,-4,-14,-3,-14,-3,-15,-3,-15,-3,-15,-3,-15,-3,-15,-4,-15,-4,-15,-5,-15,-5,-14,-6,-14,-6,-13,-7,-12,-7,-12,-8,0,0,0,0,0,0,0,0,0,0,0,0,0,0,0,0,0,0,0,0,0,0,-8,-6,-8,-6,-8,-7,-8,-8,-8,-8,-8,-9,-8,-9,-8,-9,-8,-10,-7,-10,-7,-9,-7,-9,-8,-9,-8,-9,-8,-9,-8,-8,-8,-8,-9,-8,-9,-8,-10,-7,-11,-7,-11,-8,-11,-7,-12,-7,-13,-7,-12,-7]
[0;32mI (140714) TAG: STA connected to 24:ec:4a:04:39:15, ch=6 (sec=0)[0m
anchor,A2,24:ec:4a:04:39:15,ch=6
ftm_report,A2,14,14,2.100
csi_data,A2,[0,0,-14,5,-14,5,-14,5,-13,5,-13,6,-13,5,-12,6,-12,6,-11,7,-11,7,-11,7,-10,7,-10,8,-10,8,-10,8,-10,9,-11,8,-11,8,-11,8,-11,7,-11,7,-11,6,-12,5,-12,5,-11,4,-11,4,0,0,0,0,0,0,0,0,0,0,0,0,0,0,0,0,0,0,0,0,0,0,-10,4,-11,4,-12,3,-12,3,-12,3,-13,2,-13,2,-13,1,-13,1,-13,0,-13,0,-13,0,-13,0,-13,1,-13,1,-13,2,-13,2,-13,3,-13,3,-13,3,-13,4,-14,4,-13,5,-14,5,-14,5,-14,5]
[0;32mI (141594) TAG: STA connected to 24:ec:4a:03:56:41, ch=11 (sec=0)[0m
anchor,A3,24:ec:4a:03:56:41,ch=11
ftm_report,A3,17,17,2.550
csi_data,A3,[0,0,4,-14,4,-14,3,-14,4,-14,3,-14,3,-13,2,-13,1,-13,1,-13,1,-13,0,-13,0,-13,-1,-13,-1,-13,-1,-13,-1,-14,-1,-13,0,-13,0,-13,1,-13,1,-13,2,-12,2,-12,2,-11,3,-11,3,-10,0,0,0,0,0,0,0,0,0,0,0,0,0,0,0,0,0,0,0,0,0,0,2,-12,3,-12,4,-12,4,-12,5,-12,6,-13,7,-12,7,-12,8,-12,7,-12,7,-12,8,-11,7,-11,7,-11,7,-11,6,-11,6,-12,6,-12,5,-12,5,-12,4,-13,4,-13,4,-14,4,-14,4,-14,4,-14]
[0;32mI (142444) TAG: STA connected to 24:ec:4a:03:58:5d, ch=1 (sec=0)[0m
anchor,A1,24:ec:4a:03:58:5d,ch=1
ftm_report,A1,8,8,1.200
csi_data,A1,[0,0,14,0,14,-1,14,-1,14,-1,14,-1,14,-1,13,-2,13,-2,13,-3,13,-3,13,-4,13,-4,13,-4,13,-5,14,-5,14,-5,15,-5,15,-5,15,-4,15,-3,15,-3,15,-2,14,-1,14,0,14,1,13,1,0,0,0,0,0,0,0,0,0,0,0,0,0,0,0,0,0,0,0,0,0,0,9,1,9,1,10,2,10,2,10,3,10,3,10,3,10,4,10,4,10,5,10,4,10,4,10,4,10,4,10,3,10,3,10,2,10,2,11,2,12,1,12,1,12,0,13,0,13,0,14,0,14,0]
[0;32mI (143314) TAG: STA connected to 24:ec:4a:04:39:15, ch=6 (sec=0)[0m
anchor,A2,24:ec:4a:04:39:15,ch=6
ftm_report,A2,14,14,2.100
csi_data,A2,[0,0,3,14,3,13,3,14,4,13,4,13,4,12,4,12,5,11,5,11,5,11,6,11,6,10,6,10,7,10,7,10,7,11,7,10,7,11,6,11,6,11,5,12,5,11,4,11,3,11,3,11,2,11,0,0,0,0,0,0,0,0,0,0,0,0,0,0,0,0,0,0,0,0,0,0,3,10,2,11,2,11,1,11,1,11,0,13,0,13,-1,13,-1,13,-1,12,-1,13,-1,13,-1,12,-1,12,0,12,0,12,0,12,1,12,1,12,2,12,2,12,3,13,3,13,3,13,3,14,3,14]
[0;32mI (144174) TAG: STA connected to 24:ec:4a:03:56:41, ch=11 (sec=0)[0m
anchor,A3,24:ec:4a:03:56:41,ch=11
ftm_report,A3,17,17,2.550
[0;32mI (145034) TAG: STA connected to 24:ec:4a:03:58:5d, ch=1 (sec=0)[0m
csi_data,A1,[0,0,-8,12,-8,12,-8,12,-8,12,-8,12,-7,12,-7,12,-6,12,-6,12,-5,12,-5,13,-4,13,-4,13,-4,14,-4,14,-4,14,-4,14,-5,15,-5,15,-6,15,-6,14,-7,13,-7,13,-8,12,-8,11,-9,11,0,0,0,0,0,0,0,0,0,0,0,0,0,0,0,0,0,0,0,0,0,0,-7,7,-8,7,-8,6,-9,6,-9,6,-10,6,-10,6,-10,5,-10,5,-10,5,-11,5,-11,5,-10,5,-10,5,-10,6,-9,6,-9,7,-9,7,-9,7,-9,8,-9,9,-8,9,-9,10,-9,10,-9,11,-9,11]
anchor,A1,24:ec:4a:03:58:5d,ch=1
ftm_report,A1,8,8,1.200
[0;32mI (145914) TAG: STA connected to 24:ec:4a:04:39:15, ch=6 (sec=0)[0m
csi_data,A2,[0,0,1,-16,1,-15,1,-15,1,-15,1,-14,0,-14,0,-14,0,-13,-1,-14,-1,-13,-2,-13,-2,-13,-2,-13,-3,-13,-3,-14,-3,-14,-3,-14,-3,-14,-2,-14,-1,-14,-1,-14,0,-13,0,-13,1,-13,1,-12,2,-12,0,0,0,0,0,0,0,0,0,0,0,0,0,0,0,0,0,0,0,0,0,0,0,-12,0,-12,1,-12,2,-12,2,-12,3,-13,4,-13,4,-13,5,-13,5,-12,5,-12,5,-12,4,-12,4,-12,4,-12,4,-12,3,-13,3,-13,3,-13,2,-13,2,-13,2,-14,1,-15,1,-15,1,-15,1,-16]
anchor,A2,24:ec:4a:04:39:15,ch=6
ftm_report,A2,14,14,2.100
[0;32mI (146794) TAG: STA connected to 24:ec:4a:03:56:41, ch=11 (sec=0)[0m
anchor,A3,24:ec:4a:03:56:41,ch=11
ftm_report,A3,17,17,2.550
csi_data,A3,[0,0,14,-1,13,-1,13,-1,13,-1,13,-1,12,-2,12,-2,12,-3,11,-3,11,-4,11,-4,11,-4,11,-4,11,-5,11,-5,11,-5,11,-5,11,-5,11,-5,11,-4,11,-4,11,-3,11,-2,10,-1,10,-1,10,0,0,0,0,0,0,0,0,0,0,0,0,0,0,0,0,0,0,0,0,0,0,0,11,-2,11,-1,12,0,12,1,12,1,13,2,13,2,13,2,13,3,12,4,12,4,12,4,12,4,12,4,12,3,11,3,12,2,12,1,12,1,12,1,13,0,13,0,13,0,13,0,14,0,14,-1]
[0;32mI (147644) TAG: STA connected to 24:ec:4a:03:58:5d, ch=1 (sec=0)[0m
anchor,A1,24:ec:4a:03:58:5d,ch=1
ftm_report,A1,7,7,1.050
csi_data,A1,[0,0,9,11,9,10,9,10,9,10,10,10,10,9,10,9,10,8,10,8,10,8,11,7,11,7,12,7,12,7,12,7,13,7,13,7,13,8,12,8,12,9,12,9,11,10,10,10,10,10,8,11,8,11,0,0,0,0,0,0,0,0,0,0,0,0,0,0,0,0,0,0,0,0,0,0,4,8,4,8,4,8,4,9,4,9,3,10,3,10,3,10,2,10,2,10,2,10,2,10,3,10,3,10,3,10,3,10,4,10,4,9,5,10,6,10,6,10,7,10,7,10,8,10,8,10,9,11]
[0;32mI (148554) TAG: STA connected to 24:ec:4a:04:39:15, ch=6 (sec=0)[0m
anchor,A2,24:ec:4a:04:39:15,ch=6
ftm_report,A2,14,14,2.100
csi_data,A2,[0,0,5,13,5,13,5,13,5,12,6,12,5,11,6,11,6,11,6,11,7,10,7,9,7,9,7,9,8,9,8,9,8,10,8,9,8,10,7,10,7,10,7,11,6,10,5,10,5,10,4,10,3,10,0,0,0,0,0,0,0,0,0,0,0,0,0,0,0,0,0,0,0,0,0,0,5,9,4,10,4,10,3,11,3,11,3,12,2,12,2,12,1,12,1,12,1,12,1,12,1,12,1,11,2,11,2,12,2,12,3,12,4,11,4,12,4,12,5,12,5,12,5,12,6,13,6,13]
[0;32mI (149414) TAG: STA connected to 24:ec:4a:03:56:41, ch=11 (sec=0)[0m
anchor,A3,24:ec:4a:03:56:41,ch=11
ftm_report,A3,20,20,3.000
csi_data,A3,[0,0,-14,-5,-14,-5,-14,-4,-13,-4,-13,-4,-13,-4,-13,-3,-13,-3,-12,-2,-12,-1,-13,-1,-12,-1,-12,-1,-13,0,-13,0,-13,0,-13,-1,-13,-1,-13,-1,-13,-2,-12,-2,-12,-3,-12,-3,-11,-4,-10,-4,-10,-4,0,0,0,0,0,0,0,0,0,0,0,0,0,0,0,0,0,0,0,0,0,0,-12,-2,-12,-3,-12,-4,-12,-5,-13,-5,-12,-6,-12,-7,-12,-7,-12,-8,-12,-8,-11,-8,-11,-8,-11,-8,-11,-8,-11,-7,-11,-7,-11,-7,-12,-6,-12,-6,-12,-6,-13,-5,-13,-5,-13,-5,-14,-5,-14,-5,-14,-4]
[0;32mI (150274) TAG: STA connected to 24:ec:4a:03:58:5d, ch=1 (sec=0)[0m
anchor,A1,24:ec:4a:03:58:5d,ch=1
ftm_report,A1,8,8,1.200
csi_data,A1,[0,0,-12,8,-12,8,-12,8,-12,8,-12,8,-12,8,-11,8,-11,9,-10,9,-10,10,-9,11,-9,10,-9,10,-9,11,-9,11,-9,12,-10,11,-10,12,-11,11,-11,11,-12,10,-12,9,-12,9,-12,8,-12,8,-13,7,0,0,0,0,0,0,0,0,0,0,0,0,0,0,0,0,0,0,0,0,0,0,-9,4,-10,4,-10,3,-10,3,-11,2,-11,3,-12,2,-12,2,-12,2,-12,1,-12,2,-12,2,-11,2,-11,2,-11,I (151134) TAG: STA connected to 24:ec:4a:04:39:15, ch=6 (sec=0)
2,-11,3,-11,3,-11,4,-11,4,-11,5,-11,5,-12,5,-12,6,-12,7,-12,7,-12,8]
anchor,A2,24:ec:4a:04:39:15,ch=6
ftm_report,A2,14,14,2.100
[0;32mI (151994) TAG: STA connected to 24:ec:4a:03:56:41, ch=11 (sec=0)[0m
csi_data,A3,[0,0,11,-9,10,-9,10,-9,10,-10,9,-9,9,-9,9,-9,8,-10,8,-10,7,-10,7,-11,6,-10,6,-10,6,-10,6,-11,6,-11,6,-11,7,-11,7,-11,7,-10,7,-10,7,-9,8,-8,8,-8,8,-7,8,-7,0,0,0,0,0,0,0,0,0,0,0,0,0,0,0,0,0,0,0,0,0,0,8,-8,9,-8,10,-7,10,-7,11,-7,12,-6,12,-6,12,-6,13,-5,12,-4,13,-4,12,-4,12,-4,12,-4,11,-5,12,-5,11,-6,11,-6,11,-6,11,-7,11,-7,11,-8,11,-9,11,-9,11,-9,11,-9]
anchor,A3,24:ec:4a:03:56:41,ch=11
ftm_report,A3,19,19,2.850
[0;32mI (152864) TAG: STA connected to 24:ec:4a:03:58:5d, ch=1 (sec=0)[0m
anchor,A1,24:ec:4a:03:58:5d,ch=1
ftm_report,A1,8,8,1.200
csi_data,A1,[0,0,-13,6,-13,6,-13,6,-13,6,-13,6,-13,6,-12,7,-12,7,-11,7,-11,8,-11,9,-10,9,-11,9,-11,9,-11,10,-11,10,-12,10,-12,10,-13,9,-13,9,-13,8,-14,7,-13,7,-13,6,-13,5,-13,4,0,0,0,0,0,0,0,0,0,0,0,0,0,0,0,0,0,0,0,0,0,0,-9,3,-10,3,-10,2,-11,2,-11,2,-11,2,-11,1,-11,1,-12,1,-12,0,-12,1,-12,1,-11,1,-11,1,-11,1,-11,2,-11,2,-11,2,-12,3,-12,3,-12,4,-12,4,-12,5,-12,5,-13,6,-12,6]
[0;32mI (153724) TAG: STA connected to 24:ec:4a:04:39:15, ch=6 (sec=0)[0m
anchor,A2,24:ec:4a:04:39:15,ch=6
ftm_report,A2,18,18,2.700
csi_data,A2,[0,0,-10,11,-10,10,-10,10,-9,10,-9,10,-9,10,-9,10,-8,10,-7,10,-7,11,-6,11,-6,11,-6,11,-6,11,-5,12,-5,12,-6,12,-6,12,-6,11,-7,11,-7,11,-8,10,-8,9,-8,9,-8,8,-9,8,0,0,0,0,0,0,0,0,0,0,0,0,0,0,0,0,0,0,0,0,0,0,-7,8,-8,9,-9,8,-9,8,-9,8,-10,8,-11,7,-11,7,-11,7,-12,6,-12,6,-11,6,-11,6,-11,6,-11,6,-10,7,-10,7,-10,8,-10,8,-10,8,-10,9,-10,9,-10,10,-10,10,-10,10,-10,11]
[0;32mI (154584) TAG: STA connected to 24:ec:4a:03:56:41, ch=11 (sec=0)[0m
anchor,A3,24:ec:4a:03:56:41,ch=11
ftm_report,A3,17,17,2.550
csi_data,A3,[0,0,-6,-14,-6,-13,-6,-13,-6,-13,-7,-13,-7,-12,-7,-12,-7,-11,-7,-11,-8,-10,-8,-10,-8,-9,-9,-9,-9,-9,-9,-9,-9,-10,-9,-10,-9,-10,-8,-10,-8,-10,-7,-10,-7,-10,-6,-10,-6,-10,-5,-10,-4,-10,0,0,0,0,0,0,0,0,0,0,0,0,0,0,0,0,0,0,0,0,0,0,-6,-11,-5,-12,-5,-12,-4,-13,-4,-13,-3,-14,-2,-14,-2,-14,-1,-14,-1,-14,-1,-14,-1,-14,-2,-14,-2,-13,-2,-13,-2,-13,-2,-13,-3,-13,-4,-13,-4,-13,-4,-13,-5,-13,-5,-13,-6,-13,-6,-14,-6,-14]
[0;32mI (155434) TAG: STA connected to 24:ec:4a:03:58:5d, ch=1 (sec=0)[0m
anchor,A1,24:ec:4a:03:58:5d,ch=1
ftm_report,A1,8,8,1.200
csi_data,A1,[0,0,-14,4,-14,4,-14,4,-14,4,-14,4,-14,4,-14,5,-13,5,-13,6,-12,6,-12,7,-12,7,-12,7,-13,8,-13,8,-13,8,-13,8,-14,8,-14,7,-14,7,-15,6,-15,5,-14,4,-15,4,-14,3,-14,2,0,0,0,0,0,0,0,0,0,0,0,0,0,0,0,0,0,0,0,0,0,0,-10,2,-10,1,-11,0,-11,0,-11,0,-12,-1,-12,-1,-12,-1,-12,-2,-12,-2,-12,-2,-12,-1,-12,-2,-12,-1,-12,-1,-12,0,-12,0,-12,1,-12,1,-12,1,-13,1,-13,2,-13,3,-13,3,-14,4,-14,4]
[0;32mI (156304) TAG: STA connected to 24:ec:4a:04:39:15, ch=6 (sec=0)[0m
anchor,A2,24:ec:4a:04:39:15,ch=6
ftm_report,A2,14,14,2.100
csi_data,A2,[0,0,-10,-13,-10,-12,-9,-12,-9,-12,-10,-11,-10,-11,-10,-11,-10,-10,-10,-10,-10,-9,-10,-9,-11,-8,-11,-8,-11,-8,-11,-8,-11,-8,-12,-8,-11,-9,-11,-9,-11,-9,-10,-10,-10,-10,-9,-10,-9,-10,-8,-10,-7,-10,0,0,0,0,0,0,0,0,0,0,0,0,0,0,0,0,0,0,0,0,0,0,-8,-9,-7,-10,-7,-10,-7,-11,-7,-11,-6,-12,-6,-12,-6,-13,-5,-13,-5,-13,-5,-13,-5,-13,-5,-12,-5,-12,-5,-12,-6,-12,-6,-12,-7,-12,-7,-12,-8,-12,-8,-12,-9,-12,-9,-12,-9,-12,-10,-12,-10,-12]
[0;32mI (157164) TAG: STA connected to 24:ec:4a:03:56:41, ch=11 (sec=0)[0m
[1;31mE (157314) wifi:No FTM Measurements received from responder![0m
[0;33mW (157414) TAG: FTM to A3 failed (ESP_FAIL), streak=1[0m
[0;32mI (158024) TAG: STA connected to 24:ec:4a:03:58:5d, ch=1 (sec=0)[0m
csi_data,A1,[0,0,0,-15,-1,-15,-1,-15,-1,-15,-1,-14,-2,-14,-2,-14,-3,-14,-3,-14,-3,-14,-4,-14,-4,-14,-5,-14,-5,-14,-5,-15,-5,-15,-5,-15,-5,-15,-4,-16,-4,-16,-3,-16,-2,-16,-2,-15,-1,-15,0,-15,1,-14,0,0,0,0,0,0,0,0,0,0,0,0,0,0,0,0,0,0,0,0,0,0,1,-10,2,-10,2,-10,2,-10,3,-11,4,-11,4,-11,4,-11,5,-11,5,-10,5,-10,5,-10,4,-10,4,-10,3,-10,3,-11,3,-11,2,-11,2,-12,1,-12,1,-12,1,-13,1,-14,0,-14,0,-14,0,-15]
anchor,A1,24:ec:4a:03:58:5d,ch=1
ftm_report,A1,9,9,1.350
[0;32mI (158894) TAG: STA connected to 24:ec:4a:04:39:15, ch=6 (sec=0)[0m
csi_data,A2,[0,0,10,-11,10,-10,10,-10,10,-10,10,-10,9,-10,9,-10,8,-10,7,-11,7,-11,7,-11,6,-11,6,-11,6,-11,6,-12,6,-12,6,-12,6,-12,6,-12,7,-12,7,-11,8,-11,8,-10,8,-9,8,-9,8,-8,0,0,0,0,0,0,0,0,0,0,0,0,0,0,0,0,0,0,0,0,0,0,7,-8,8,-8,8,-8,9,-8,10,-7,10,-7,11,-7,11,-7,11,-7,11,-5,11,-6,11,-6,11,-5,11,-6,11,-6,10,-6,10,-7,10,-8,10,-8,10,-8,10,-9,10,-9,10,-10,10,-10,10,-10,10,-10]
anchor,A2,24:ec:4a:04:39:15,ch=6
ftm_report,A2,14,14,2.100
[0;32mI (159804) TAG: STA connected to 24:ec:4a:03:56:41, ch=11 (sec=0)[0m
anchor,A3,24:ec:4a:03:56:41,ch=11
ftm_report,A3,16,16,2.400
csi_data,A3,[0,0,11,-9,10,-9,10,-9,10,-10,9,-9,8,-9,8,-9,7,-10,7,-10,6,-10,6,-10,6,-10,6,-11,5,-11,5,-11,5,-12,6,-11,6,-12,6,-11,6,-11,7,-11,7,-10,7,-9,7,-8,7,-8,8,-7,0,0,0,0,0,0,0,0,0,0,0,0,0,0,0,0,0,0,0,0,0,0,9,-9,10,-9,10,-8,11,-8,11,-7,12,-7,13,-6,13,-6,13,-6,13,-5,13,-5,13,-5,12,-5,12,-5,12,-5,11,-5,11,-6,11,-7,11,-7,11,-7,11,-8,11,-8,11,-9,11,-9,11,-9,11,-10]
[0;32mI (160654) TAG: STA connected to 24:ec:4a:03:58:5d, ch=1 (sec=0)[0m
anchor,A1,24:ec:4a:03:58:5d,ch=1
ftm_report,A1,8,8,1.200
csi_data,A1,[0,0,-12,-8,-13,-8,-13,-8,-12,-8,-13,-8,-12,-7,-13,-7,-13,-7,-13,-6,-13,-6,-13,-5,-13,-5,-14,-5,-14,-5,-14,-5,-15,-4,-15,-5,-15,-5,-15,-6,-14,-7,-14,-7,-14,-8,-13,-8,-13,-9,-12,-9,-11,-9,0,0,0,0,0,0,0,0,0,0,0,0,0,0,0,0,0,0,0,0,0,0,-7,-7,-7,-7,-7,-8,-7,-8,-7,-9,-7,-9,-6,-10,-6,-10,-6,-10,-6,-10,-6,-10,-6,-10,-6,-10,-6,-10,-7,-9,-7,-9,-7,-9,-8,-9,-9,-9,-9,-9,-9,-8,-10,-8,-10,-8,-11,-9,-11,-9,-11,-9]
[0;32mI (161534) TAG: STA connected to 24:ec:4a:04:39:15, ch=6 (sec=0)[0m
anchor,A2,24:ec:4a:04:39:15,ch=6
ftm_report,A2,14,14,2.100
csi_data,A2,[0,0,-11,-10,-11,-10,-11,-10,-11,-9,-11,-9,-11,-9,-11,-8,-11,-7,-11,-7,-11,-7,-11,-7,-12,-6,-11,-5,-12,-5,-12,-5,-12,-6,-12,-6,-13,-6,-12,-6,-12,-7,-11,-7,-11,-7,-10,-7,-10,-8,-9,-8,-9,-8,0,0,0,0,0,0,0,0,0,0,0,0,0,0,0,0,0,0,0,0,0,0,-9,-8,-9,-8,-9,-9,-9,-10,-8,-10,-8,-11,-8,-11,-7,-12,-7,-12,-7,-12,-7,-12,-6,-12,-7,-11,-7,-11,-7,-11,-7,-11,-8,-11,-8,-10,-9,-10,-9,-10,-10,-10,-10,-10,-10,-10,-11,-10,-11,-10,-11,-11]
[0;32mI (162384) TAG: STA connected to 24:ec:4a:03:56:41, ch=11 (sec=0)[0m
anchor,A3,24:ec:4a:03:56:41,ch=11
ftm_report,A3,17,17,2.550
csi_data,A3,[0,0,9,-11,9,-10,9,-11,8,-11,8,-11,7,-11,7,-11,6,-11,6,-11,5,-11,5,-11,5,-11,4,-11,4,-12,4,-12,4,-12,4,-11,5,-12,5,-12,5,-12,5,-11,6,-10,6,-9,6,-9,6,-9,7,-8,0,0,0,0,0,0,0,0,0,0,0,0,0,0,0,0,0,0,0,0,0,0,7,-11,8,-10,8,-10,9,-10,10,-9,11,-9,12,-9,11,-9,12,-8,12,-7,12,-7,12,-7,12,-7,11,-7,11,-7,10,-7,11,-8,10,-8,10,-9,10,-9,9,-10,9,-10,10,-10,10,-10,9,-10,9,-11]
[0;32mI (163244) TAG: STA connected to 24:ec:4a:03:58:5d, ch=1 (sec=0)[0m
anchor,A1,24:ec:4a:03:58:5d,ch=1
ftm_report,A1,11,11,1.650
[0;32mI (164104) TAG: STA connected to 24:ec:4a:04:39:15, ch=6 (sec=0)[0m
csi_data,A2,[0,0,-15,-2,-15,-2,-15,-2,-14,-2,-14,-1,-14,-1,-14,-1,-13,0,-13,0,-13,1,-13,1,-13,2,-13,2,-13,2,-13,2,-13,2,-13,2,-13,2,-13,2,-13,1,-13,1,-13,0,-13,0,-12,-1,-12,-1,-12,-2,0,0,0,0,0,0,0,0,0,0,0,0,0,0,0,0,0,0,0,0,0,0,-11,-1,-12,-2,-12,-3,-12,-3,-13,-4,-12,-4,-12,-5,-12,-5,-12,-5,-12,-6,-12,-6,-12,-6,-12,-6,-12,-5,-12,-5,-12,-5,-12,-4,-12,-4,-13,-3,-13,-3,-14,-3,-14,-3,-14,-2,-15,-2,-15,-2,-15,-2]
anchor,A2,24:ec:4a:04:39:15,ch=6
ftm_report,A2,14,14,2.100
[0;32mI (164974) TAG: STA connected to 24:ec:4a:03:56:41, ch=11 (sec=0)[0m
csi_data,A3,[0,0,-15,-2,-15,-1,-14,-1,-14,0,-14,-1,-13,0,-13,0,-13,1,-13,1,-12,2,-12,2,-12,3,-12,3,-12,3,-12,3,-12,4,-12,4,-12,4,-12,3,-12,3,-12,2,-12,1,-12,1,-12,1,-11,0,-11,0,0,0,0,0,0,0,0,0,0,0,0,0,0,0,0,0,0,0,0,0,0,0,-13,0,-14,-1,-14,-2,-14,-3,-15,-4,-15,-4,-15,-5,-15,-6,-14,-6,-14,-7,-14,-6,-14,-6,-13,-6,-13,-6,-13,-6,-13,-5,-13,-4,-13,-4,-14,-4,-14,-3,-14,-3,-15,-3,-15,-2,-15,-2,-15,-2,-15,-2]
anchor,A3,24:ec:4a:03:56:41,ch=11
ftm_report,A3,18,18,2.700
[0;32mI (165864) TAG: STA connected to 24:ec:4a:03:58:5d, ch=1 (sec=0)[0m
anchor,A1,24:ec:4a:03:58:5d,ch=1
ftm_report,A1,9,9,1.350
csi_data,A1,[0,0,12,6,12,6,13,6,12,5,13,5,13,4,13,4,13,3,13,3,13,2,13,2,14,2,14,2,15,1,14,2,15,2,15,2,15,2,15,3,15,3,15,4,14,5,14,5,13,6,12,7,11,7,0,0,0,0,0,0,0,0,0,0,0,0,0,0,0,0,0,0,0,0,0,0,6,5,6,6,6,6,6,7,6,7,6,8,6,8,6,8,5,8,6,8,5,8,5,8,6,8,6,8,6,7,7,7,7,7,7,6,8,7,9,6,9,6,10,6,10,6,11,6,12,6,12,6]
[0;32mI (166724) TAG: STA connected to 24:ec:4a:04:39:15, ch=6 (sec=0)[0m
anchor,A2,24:ec:4a:04:39:15,ch=6
ftm_report,A2,14,14,2.100
csi_data,A2,[0,0,13,6,13,6,12,6,12,5,12,5,12,5,12,4,12,3,12,3,12,3,12,2,12,2,12,2,12,1,12,1,13,1,12,1,13,2,13,2,12,2,12,3,12,3,11,4,11,4,10,5,9,5,0,0,0,0,0,0,0,0,0,0,0,0,0,0,0,0,0,0,0,0,0,0,10,4,10,5,10,5,10,6,10,7,10,8,10,8,10,8,9,8,9,9,9,9,9,9,9,8,9,8,9,8,9,8,9,7,10,7,10,7,11,6,11,6,12,6,12,6,13,6,13,6,13,6]
[0;32mI (167584) TAG: STA connected to 24:ec:4a:03:56:41, ch=11 (sec=0)[0m
anchor,A3,24:ec:4a:03:56:41,ch=11
ftm_report,A3,17,17,2.550
csi_data,A3,[0,0,14,2,13,2,13,2,13,1,13,1,12,1,12,0,12,-1,11,-1,11,-2,11,-2,11,-3,11,-2,11,-3,11,-3,11,-3,11,-3,11,-3,11,-3,11,-3,11,-2,11,-1,11,-1,10,0,10,0,9,0,0,0,0,0,0,0,0,0,0,0,0,0,0,0,0,0,0,0,0,0,0,0,12,0,13,1,13,2,13,3,13,4,13,4,13,5,13,6,13,6,12,7,12,7,12,7,12,7,12,6,11,6,11,5,11,5,12,4,12,4,12,4,12,4,13,3,13,3,13,3,14,3,14,2]
[0;32mI (168434) TAG: STA connected to 24:ec:4a:03:58:5d, ch=1 (sec=0)[0m
anchor,A1,24:ec:4a:03:58:5d,ch=1
ftm_report,A1,8,8,1.200
csi_data,A1,[0,0,13,3,13,3,14,2,13,2,14,2,14,2,14,1,13,1,13,0,13,-1,14,-1,14,-1,14,-2,15,-2,15,-2,15,-2,16,-2,16,-1,16,-1,16,0,16,1,16,2,15,2,14,3,14,4,13,4,0,0,0,0,0,0,0,0,0,0,0,0,0,0,0,0,0,0,0,0,0,0,7,4,8,4,8,5,8,5,8,6,8,6,7,6,7,6,7,7,7,7,7,7,7,6,8,6,8,6,8,6,8,5,8,5,9,4,10,4,10,4,10,4,11,4,11,3,12,3,13,3,13,3]
[0;32mI (169304) TAG: STA connected to 24:ec:4a:04:39:15, ch=6 (sec=0)[0m
anchor,A2,24:ec:4a:04:39:15,ch=6
ftm_report,A2,14,14,2.100
csi_data,A2,[0,0,-9,-13,-9,-12,-9,-12,-9,-12,-9,-11,-9,-11,-9,-10,-9,-10,-9,-10,-10,-9,-11,-9,-10,-8,-11,-8,-11,-8,-11,-8,-11,-8,-11,-8,-11,-8,-11,-9,-10,-9,-10,-9,-9,-10,-9,-9,-9,-9,-8,-9,-7,-10,0,0,0,0,0,0,0,0,0,0,0,0,0,0,0,0,0,0,0,0,0,0,-8,-9,-7,-10,-7,-10,-7,-11,-7,-11,-6,-12,-5,-13,-5,-13,-5,-13,-5,-13,-5,-13,-5,-13,-5,-12,-5,-12,-5,-12,-5,-12,-6,-12,-6,-12,-7,-12,-7,-12,-8,-12,-8,-12,-9,-12,-9,-12,-10,-12,-10,-12]
[0;32mI (170164) TAG: STA connected to 24:ec:4a:03:56:41, ch=11 (sec=0)[0m
anchor,A3,24:ec:4a:03:56:41,ch=11
ftm_report,A3,17,17,2.550
[0;32mI (171064) TAG: STA connected to 24:ec:4a:03:58:5d, ch=1 (sec=0)[0m
csi_data,A1,[0,0,14,0,14,-1,14,-1,14,-1,14,-1,14,-1,14,-2,14,-2,13,-3,14,-4,14,-4,14,-4,14,-5,14,-5,14,-5,15,-5,15,-5,15,-5,16,-4,16,-3,16,-3,16,-2,16,-1,15,0,15,1,14,2,0,0,0,0,0,0,0,0,0,0,0,0,0,0,0,0,0,0,0,0,0,0,8,2,8,2,9,3,9,3,9,4,9,4,9,4,9,5,9,5,9,5,9,5,9,5,9,5,9,4,9,4,9,3,9,3,10,2,10,2,11,2,11,2,12,1,12,1,13,0,13,0,14,0]
anchor,A1,24:ec:4a:03:58:5d,ch=1
ftm_report,A1,9,9,1.350
[0;32mI (171924) TAG: STA connected to 24:ec:4a:04:39:15, ch=6 (sec=0)[0m
csi_data,A2,[0,0,13,-6,13,-5,13,-6,12,-6,12,-6,12,-6,12,-6,11,-6,11,-7,10,-7,10,-8,10,-8,9,-8,10,-9,10,-9,10,-9,10,-9,10,-8,11,-8,10,-7,11,-7,11,-6,11,-6,11,-6,10,-5,10,-4,0,0,0,0,0,0,0,0,0,0,0,0,0,0,0,0,0,0,0,0,0,0,10,-5,10,-5,11,-4,11,-4,12,-3,12,-3,12,-2,13,-2,13,-1,13,-1,12,-1,12,-1,12,-1,12,-1,12,-2,12,-2,12,-3,12,-3,12,-3,12,-4,13,-4,13,-5,13,-5,13,-6,13,-6,13,-6]
anchor,A2,24:ec:4a:04:39:15,ch=6
ftm_report,A2,14,14,2.100
[0;32mI (172784) TAG: STA connected to 24:ec:4a:03:56:41, ch=11 (sec=0)[0m
anchor,A3,24:ec:4a:03:56:41,ch=11
ftm_report,A3,17,17,2.550
csi_data,A3,[0,0,-1,14,-1,13,0,13,0,13,0,13,1,12,1,12,2,12,2,12,2,11,3,11,3,10,4,10,4,10,4,11,4,11,4,11,4,11,4,11,3,11,3,11,2,11,1,10,1,10,1,10,0,10,0,0,0,0,0,0,0,0,0,0,0,0,0,0,0,0,0,0,0,0,0,0,0,12,-1,13,-1,13,-2,13,-2,14,-4,14,-5,14,-5,14,-6,14,-6,13,-6,13,-6,13,-5,13,-5,12,-5,12,-5,12,-4,13,-4,12,-3,13,-2,13,-2,13,-2,13,-2,14,-1,14,-1,14,-1,14]
[0;32mI (173644) TAG: STA connected to 24:ec:4a:03:58:5d, ch=1 (sec=0)[0m
anchor,A1,24:ec:4a:03:58:5d,ch=1
ftm_report,A1,11,11,1.650
csi_data,A1,[0,0,7,12,8,12,8,11,8,11,8,11,8,11,9,11,9,10,9,10,9,9,9,9,10,9,10,9,11,9,11,9,11,9,11,10,11,10,11,11,10,11,10,11,9,11,8,12,7,12,6,12,5,12,0,0,0,0,0,0,0,0,0,0,0,0,0,0,0,0,0,0,0,0,0,0,4,8,4,9,4,9,3,9,3,10,2,10,2,11,2,10,2,11,2,11,1,11,1,11,2,11,2,11,2,10,3,10,3,10,3,10,4,10,5,10,5,11,6,11,6,11,7,11,7,12,7,12]
[0;32mI (174494) TAG: STA connected to 24:ec:4a:04:39:15, ch=6 (sec=0)[0m
anchor,A2,24:ec:4a:04:39:15,ch=6
ftm_report,A2,14,14,2.100
csi_data,A2,[0,0,5,14,5,13,5,13,5,13,5,13,5,12,6,11,6,11,6,11,7,11,7,11,7,9,7,10,8,10,8,10,8,10,8,10,8,11,7,11,7,11,6,11,6,11,5,11,4,11,4,11,3,11,0,0,0,0,0,0,0,0,0,0,0,0,0,0,0,0,0,0,0,0,0,0,4,10,4,11,3,11,3,11,2,12,2,12,1,13,1,13,1,13,0,13,0,13,0,13,0,12,0,12,1,12,1,12,1,12,2,12,3,12,3,13,4,12,4,13,4,13,5,13,5,14,5,14]
[0;32mI (175344) TAG: STA connected to 24:ec:4a:03:56:41, ch=11 (sec=0)[0m
anchor,A3,24:ec:4a:03:56:41,ch=11
ftm_report,A3,17,17,2.550
csi_data,A3,[0,0,-10,-11,-10,-11,-11,-11,-10,-10,-11,-10,-10,-10,-10,-9,-11,-8,-10,-8,-11,-7,-11,-7,-11,-6,-12,-6,-12,-6,-12,-6,-12,-6,-12,-6,-12,-7,-12,-7,-11,-7,-11,-8,-10,-8,-10,-8,-9,-8,-8,-8,-8,-9,0,0,0,0,0,0,0,0,0,0,0,0,0,0,0,0,0,0,0,0,0,0,-9,-8,-9,-9,-9,-10,-9,-11,-8,-11,-8,-12,-7,-13,-7,-13,-6,-13,-6,-13,-6,-13,-6,-13,-6,-12,-6,-12,-6,-12,-6,-12,-7,-12,-7,-11,-8,-12,-8,-11,-9,-11,-9,-11,-9,-11,-10,-11,-11,-11,-10,-11]
[0;32mI (176204) TAG: STA connected to 24:ec:4a:03:58:5d, ch=1 (sec=0)[0m
anchor,A1,24:ec:4a:03:58:5d,ch=1
ftm_report,A1,11,11,1.650
[0;32mI (177054) TAG: STA connected to 24:ec:4a:04:39:15, ch=6 (sec=0)[0m
csi_data,A2,[0,0,5,-15,4,-14,4,-14,4,-14,4,-14,4,-13,3,-13,3,-13,2,-13,1,-13,1,-14,1,-13,0,-13,0,-13,0,-14,0,-14,0,-14,1,-14,1,-14,2,-14,2,-14,3,-13,3,-12,3,-12,4,-12,4,-11,0,0,0,0,0,0,0,0,0,0,0,0,0,0,0,0,0,0,0,0,0,0,2,-12,3,-12,4,-11,4,-11,5,-12,6,-12,6,-12,7,-12,7,-11,7,-11,7,-11,7,-11,7,-10,7,-11,7,-11,6,-11,6,-11,5,-12,5,-12,5,-12,5,-13,5,-13,4,-14,4,-14,4,-14,5,-15]
anchor,A2,24:ec:4a:04:39:15,ch=6
ftm_report,A2,14,14,2.100
[0;32mI (177904) TAG: STA connected to 24:ec:4a:03:56:41, ch=11 (sec=0)[0m
csi_data,A3,[0,0,-14,4,-14,4,-14,3,-13,4,-13,4,-13,4,-12,4,-12,5,-11,5,-11,6,-11,6,-11,6,-10,7,-10,7,-10,8,-10,8,-11,7,-11,7,-11,7,-11,7,-11,6,-11,5,-11,4,-11,4,-11,3,-11,3,0,0,0,0,0,0,0,0,0,0,0,0,0,0,0,0,0,0,0,0,0,0,-12,3,-12,3,-13,2,-13,1,-14,1,-14,0,-14,-1,-14,-1,-14,-1,-14,-2,-14,-2,-14,-2,-14,-2,-13,-2,-13,-1,-13,-1,-13,0,-13,0,-13,1,-14,1,-14,1,-14,2,-14,3,-14,3,-14,3,-14,3]
anchor,A3,24:ec:4a:03:56:41,ch=11
ftm_report,A3,20,20,3.000
[0;32mI (178764) TAG: STA connected to 24:ec:4a:03:58:5d, ch=1 (sec=0)[0m
anchor,A1,24:ec:4a:03:58:5d,ch=1
ftm_report,A1,10,10,1.500
csi_data,A1,[0,0,-10,11,-10,11,-10,11,-9,11,-9,11,-9,11,-8,11,-8,11,-7,12,-6,12,-6,13,-6,12,-6,13,-6,14,-6,14,-6,14,-6,14,-7,15,-7,14,-8,14,-8,14,-9,12,-9,12,-10,11,-10,11,-10,10,0,0,0,0,0,0,0,0,0,0,0,0,0,0,0,0,0,0,0,0,0,0,-7,6,-8,6,-8,5,-9,5,-9,5,-10,5,-10,5,-11,5,-11,5,-11,4,-11,5,-11,5,-10,5,-10,5,-10,5,-10,6,-10,6,-9,7,-10,7,-10,8,-9,8,-10,8,-9,9,-9,10,-10,10,-10,11]
[0;32mI (179624) TAG: STA connected to 24:ec:4a:04:39:15, ch=6 (sec=0)[0m
anchor,A2,24:ec:4a:04:39:15,ch=6
ftm_report,A2,14,14,2.100
csi_data,A2,[0,0,3,-15,3,-14,4,-14,3,-14,3,-14,2,-13,2,-13,2,-13,1,-13,0,-13,0,-13,0,-13,-1,-13,-1,-13,-1,-13,-1,-14,0,-13,0,-14,0,-14,1,-14,1,-13,2,-13,2,-12,2,-12,3,-12,3,-11,0,0,0,0,0,0,0,0,0,0,0,0,0,0,0,0,0,0,0,0,0,0,1,-11,2,-12,3,-11,4,-12,4,-11,5,-12,5,-12,6,-12,6,-12,6,-11,6,-11,6,-11,6,-11,6,-11,6,-11,5,-11,5,-12,4,-12,4,-12,4,-12,4,-13,4,-13,3,-14,3,-14,3,-14,3,-15]
[0;32mI (180474) TAG: STA connected to 24:ec:4a:03:56:41, ch=11 (sec=0)[0m
anchor,A3,24:ec:4a:03:56:41,ch=11
ftm_report,A3,17,17,2.550
csi_data,A3,[0,0,-12,-8,-12,-8,-12,-8,-12,-8,-12,-7,-12,-7,-12,-6,-12,-6,-12,-5,-12,-4,-12,-4,-12,-3,-12,-3,-13,-3,-13,-3,-13,-3,-13,-4,-13,-4,-13,-4,-12,-4,-12,-5,-11,-5,-11,-5,-11,-6,-10,-6,-9,-6,0,0,0,0,0,0,0,0,0,0,0,0,0,0,0,0,0,0,0,0,0,0,-11,-6,-11,-7,-11,-8,-11,-9,-10,-9,-10,-10,-10,-11,-9,-11,-9,-12,-9,-12,-9,-11,-9,-11,-9,-11,-9,-11,-9,-11,-9,-10,-9,-10,-9,-9,-10,-10,-10,-10,-11,-9,-11,-9,-12,-8,-12,-8,-12,-8,-12,-8]
[0;32mI (181324) TAG: STA connected to 24:ec:4a:03:58:5d, ch=1 (sec=0)[0m
anchor,A1,24:ec:4a:03:58:5d,ch=1
ftm_report,A1,12,12,1.800
csi_data,A1,[0,0,-7,-13,-8,-13,-8,-13,-8,-13,-8,-12,-8,-12,-9,-12,-9,-11,-9,-11,-9,-11,-10,-11,-10,-10,-11,-10,-11,-10,-11,-11,-11,-11,-12,-11,-11,-12,-11,-12,-10,-13,-10,-13,-9,-13,-9,-13,-8,-13,-7,-13,-6,-13,0,0,0,0,0,0,0,0,0,0,0,0,0,0,0,0,0,0,0,0,0,0,-4,-9,-3,-10,-3,-10,-3,-10,-3,-11,-2,-11,-2,-11,-1,-12,-1,-12,-1,-12,-1,-12,-1,-12,-1,-11,-2,-11,-2,-11,-2,-11,-3,-11,-3,-12,-4,-12,-5,-12,-5,-12,-6,-12,-6,-12,-7,-12,-7,-13,-7,-13]
[0;32mI (182234) TAG: STA connected to 24:ec:4a:04:39:15, ch=6 (sec=0)[0m
anchor,A2,24:ec:4a:04:39:15,ch=6
ftm_report,A2,14,14,2.100
[0;32mI (183104) TAG: STA connected to 24:ec:4a:03:56:41, ch=11 (sec=0)[0m
csi_data,A3,[0,0,-4,14,-3,13,-3,13,-3,13,-2,13,-2,13,-2,12,-1,12,-1,12,0,12,0,12,1,12,1,12,1,12,1,12,1,13,1,12,1,13,1,13,0,12,0,12,-1,12,-1,11,-2,11,-3,11,-3,10,0,0,0,0,0,0,0,0,0,0,0,0,0,0,0,0,0,0,0,0,0,0,-2,11,-3,12,-3,12,-4,12,-5,12,-6,12,-7,12,-7,12,-8,12,-7,11,-8,11,-8,11,-7,11,-7,11,-7,11,-6,11,-6,11,-6,11,-5,12,-5,12,-5,12,-4,13,-4,13,-4,13,-4,13,-4,14]
anchor,A3,24:ec:4a:03:56:41,ch=11
ftm_report,A3,19,19,2.850
[0;32mI (183974) TAG: STA connected to 24:ec:4a:03:58:5d, ch=1 (sec=0)[0m
csi_data,A1,[0,0,-15,-2,-15,-2,-15,-2,-14,-2,-15,-2,-15,-1,-15,-1,-14,-1,-14,0,-14,1,-14,1,-14,2,-15,2,-15,2,-15,2,-15,2,-16,2,-16,2,-16,1,-16,0,-16,0,-16,-1,-15,-2,-15,-2,-14,-3,-14,-4,0,0,0,0,0,0,0,0,0,0,0,0,0,0,0,0,0,0,0,0,0,0,-9,-3,-10,-3,-10,-4,-10,-5,-10,-5,-10,-5,-10,-6,-10,-6,-10,-7,-10,-7,-10,-6,-10,-6,-10,-6,-10,-6,-10,-6,-10,-5,-11,-5,-11,-4,-12,-4,-12,-4,-12,-4,-13,-3,-13,-3,-14,-3,-14,-3,-14,-2]
anchor,A1,24:ec:4a:03:58:5d,ch=1
ftm_report,A1,8,8,1.200
[0;32mI (184824) TAG: STA connected to 24:ec:4a:04:39:15, ch=6 (sec=0)[0m
anchor,A2,24:ec:4a:04:39:15,ch=6
ftm_report,A2,14,14,2.100
csi_data,A2,[0,0,5,14,5,13,5,13,5,13,5,12,6,12,6,11,6,11,6,11,7,10,7,10,7,10,7,10,8,9,8,10,8,10,8,10,8,10,8,11,7,11,7,11,6,11,5,10,4,11,4,11,3,11,0,0,0,0,0,0,0,0,0,0,0,0,0,0,0,0,0,0,0,0,0,0,5,10,5,10,4,10,4,11,3,11,2,12,2,12,2,13,1,13,1,12,1,13,0,12,1,12,1,12,1,12,2,12,2,12,3,12,3,12,4,12,4,12,5,12,5,13,5,13,5,13,6,14]
[0;32mI (185674) TAG: STA connected to 24:ec:4a:03:56:41, ch=11 (sec=0)[0m
anchor,A3,24:ec:4a:03:56:41,ch=11
ftm_report,A3,22,22,3.300
csi_data,A3,[0,0,13,-6,13,-6,12,-6,12,-6,12,-6,11,-6,11,-7,11,-7,10,-7,10,-8,9,-8,9,-8,9,-8,9,-8,9,-9,9,-9,10,-9,10,-9,10,-9,10,-8,10,-8,10,-7,10,-6,10,-5,10,-5,10,-4,0,0,0,0,0,0,0,0,0,0,0,0,0,0,0,0,0,0,0,0,0,0,10,-6,11,-6,12,-5,12,-4,12,-4,13,-3,14,-3,13,-2,14,-2,13,-1,13,-1,13,-1,13,-1,13,-1,12,-2,12,-2,12,-3,13,-3,12,-3,12,-4,13,-4,13,-5,13,-5,13,-5,13,-5,13,-6]
[0;32mI (186534) TAG: STA connected to 24:ec:4a:03:58:5d, ch=1 (sec=0)[0m
anchor,A1,24:ec:4a:03:58:5d,ch=1
ftm_report,A1,10,10,1.500
csi_data,A1,[0,0,-2,-15,-2,-14,-2,-14,-2,-14,-3,-14,-3,-14,-3,-14,-4,-13,-4,-14,-4,-13,-5,-14,-6,-13,-6,-13,-6,-14,-6,-14,-6,-15,-6,-14,-6,-15,-5,-15,-5,-15,-4,-15,-3,-15,-3,-15,-2,-15,-1,-14,0,-14,0,0,0,0,0,0,0,0,0,0,0,0,0,0,0,0,0,0,0,0,0,0,0,-10,0,-10,1,-10,1,-10,1,-11,2,-11,3,-11,3,-11,3,-11,3,-11,3,-11,3,-11,3,-11,2,-11,2,-11,2,-11,2,-11,1,-11,0,-12,0,-12,0,-12,-1,-13,-1,-13,-1,-13,-2,-14,-1,-15]
[0;32mI (187394) TAG: STA connected to 24:ec:4a:04:39:15, ch=6 (sec=0)[0m
anchor,A2,24:ec:4a:04:39:15,ch=6
ftm_report,A2,14,14,2.100
csi_data,A2,[0,0,14,2,13,1,14,1,13,1,13,1,13,1,13,0,12,0,12,0,12,-1,12,-1,12,-2,12,-2,12,-3,12,-3,12,-3,12,-2,13,-2,13,-2,12,-1,12,-1,12,-1,12,0,11,1,11,1,11,2,0,0,0,0,0,0,0,0,0,0,0,0,0,0,0,0,0,0,0,0,0,0,10,0,11,1,11,2,11,2,11,3,11,4,11,4,11,4,11,5,11,5,11,5,11,5,11,5,11,5,11,4,10,4,11,4,11,3,12,3,12,2,13,2,13,2,13,2,14,2,14,2,14,2]
[0;32mI (188244) TAG: STA connected to 24:ec:4a:03:56:41, ch=11 (sec=0)[0m
anchor,A3,24:ec:4a:03:56:41,ch=11
ftm_report,A3,17,17,2.550
[0;32mI (189114) TAG: STA connected to 24:ec:4a:03:58:5d, ch=1 (sec=0)[0m
csi_data,A1,[0,0,-12,-9,-13,-9,-12,-8,-12,-8,-12,-8,-13,-8,-13,-7,-13,-7,-13,-6,-13,-6,-13,-5,-13,-5,-14,-5,-14,-5,-15,-5,-15,-5,-15,-5,-15,-5,-15,-6,-15,-7,-14,-7,-14,-8,-13,-8,-13,-8,-12,-9,-11,-9,0,0,0,0,0,0,0,0,0,0,0,0,0,0,0,0,0,0,0,0,0,0,-7,-7,-7,-7,-7,-8,-7,-9,-7,-9,-6,-9,-6,-10,-6,-10,-6,-10,-6,-10,-5,-10,-5,-10,-6,-10,-6,-10,-6,-10,-7,-9,-7,-9,-8,-9,-8,-9,-9,-9,-10,-9,-10,-9,-10,-9,-11,-9,-11,-9,-11,-9]
anchor,A1,24:ec:4a:03:58:5d,ch=1
ftm_report,A1,7,7,1.050
[0;32mI (189964) TAG: STA connected to 24:ec:4a:04:39:15, ch=6 (sec=0)[0m
csi_data,A2,[0,0,-6,-15,-6,-14,-6,-14,-6,-14,-6,-14,-6,-13,-6,-13,-6,-12,-7,-12,-7,-12,-7,-12,-8,-11,-8,-11,-9,-11,-9,-11,-9,-11,-9,-11,-9,-12,-8,-12,-8,-12,-7,-12,-6,-12,-6,-12,-5,-12,-4,-12,-4,-12,0,0,0,0,0,0,0,0,0,0,0,0,0,0,0,0,0,0,0,0,0,0,-5,-11,-5,-12,-4,-12,-4,-12,-3,-12,-3,-13,-2,-14,-2,-14,-1,-14,-1,-13,-1,-14,-1,-13,-1,-13,-1,-13,-2,-13,-2,-13,-3,-13,-3,-13,-4,-13,-4,-13,-5,-13,-5,-14,-5,-14,-5,-14,-5,-14,-6,-15]
anchor,A2,24:ec:4a:04:39:15,ch=6
ftm_report,A2,15,15,2.250
[0;32mI (190834) TAG: STA connected to 24:ec:4a:03:56:41, ch=11 (sec=0)[0m
anchor,A3,24:ec:4a:03:56:41,ch=11
ftm_report,A3,17,17,2.550
csi_data,A3,[0,0,7,-13,6,-13,5,-12,6,-13,5,-13,4,-12,4,-12,3,-12,3,-12,3,-12,2,-13,2,-12,1,-12,1,-12,1,-13,1,-13,1,-13,2,-13,2,-13,2,-13,3,-13,3,-12,4,-11,4,-11,4,-10,5,-10,0,0,0,0,0,0,0,0,0,0,0,0,0,0,0,0,0,0,0,0,0,0,5,-12,6,-11,6,-11,7,-11,8,-11,8,-11,10,-11,10,-10,10,-10,10,-10,11,-9,10,-9,10,-9,9,-9,9,-9,9,-10,8,-10,8,-11,7,-11,7,-11,7,-12,7,-12,7,-12,7,-13,7,-12,7,-13]
[0;32mI (191684) TAG: STA connected to 24:ec:4a:03:58:5d, ch=1 (sec=0)[0m
anchor,A1,24:ec:4a:03:58:5d,ch=1
ftm_report,A1,9,9,1.350
csi_data,A1,[0,0,-15,2,-15,1,-15,2,-14,2,-15,2,-14,2,-14,3,-14,3,-14,4,-13,4,-13,5,-13,5,-13,6,-14,6,-13,6,-14,7,-14,6,-15,6,-15,6,-15,5,-15,4,-16,3,-15,3,-15,2,-14,1,-14,0,0,0,0,0,0,0,0,0,0,0,0,0,0,0,0,0,0,0,0,0,0,0,-10,-1,-10,-1,-10,-2,-11,-3,-11,-3,-11,-3,-11,-4,-11,-4,-11,-4,-11,-4,-11,-4,-11,-4,-11,-4,-11,-4,-11,-3,-11,-3,-12,-2,-12,-2,-12,-2,-12,-1,-13,-1,-13,0,-13,1,-14,1,-14,1,-15,1]
[0;32mI (192554) TAG: STA connected to 24:ec:4a:04:39:15, ch=6 (sec=0)[0m
anchor,A2,24:ec:4a:04:39:15,ch=6
ftm_report,A2,14,14,2.100
csi_data,A2,[0,0,-11,-11,-11,-11,-11,-11,-10,-10,-11,-10,-11,-9,-11,-9,-11,-8,-11,-8,-11,-8,-11,-7,-11,-7,-12,-7,-12,-7,-12,-7,-12,-7,-12,-7,-12,-7,-12,-8,-11,-8,-11,-8,-10,-9,-10,-9,-9,-9,-9,-9,-8,-10,0,0,0,0,0,0,0,0,0,0,0,0,0,0,0,0,0,0,0,0,0,0,-9,-8,-9,-8,-9,-9,-8,-9,-8,-10,-8,-11,-7,-11,-7,-12,-7,-12,-7,-12,-7,-12,-6,-12,-7,-12,-7,-11,-7,-11,-7,-11,-7,-11,-8,-11,-9,-11,-9,-10,-10,-10,-10,-11,-10,-11,-11,-10,-11,-11,-11,-11]
[0;32mI (193464) TAG: STA connected to 24:ec:4a:03:56:41, ch=11 (sec=0)[0m
anchor,A3,24:ec:4a:03:56:41,ch=11
ftm_report,A3,17,17,2.550
csi_data,A3,[0,0,1,15,1,14,1,14,1,13,2,13,2,13,2,12,3,12,2,12,3,11,3,11,4,11,5,11,5,11,5,11,5,12,5,11,4,12,4,12,3,12,3,12,2,12,2,11,1,11,0,11,-1,11,0,0,0,0,0,0,0,0,0,0,0,0,0,0,0,0,0,0,0,0,0,0,2,12,1,12,1,12,0,13,0,13,-2,14,-2,14,-3,14,-3,14,-3,13,-4,13,-4,13,-3,13,-3,13,-3,13,-3,12,-3,13,-2,12,-1,13,-1,13,0,13,0,13,0,14,1,14,1,14,1,14]
[0;32mI (194324) TAG: STA connected to 24:ec:4a:03:58:5d, ch=1 (sec=0)[0m
anchor,A1,24:ec:4a:03:58:5d,ch=1
ftm_report,A1,9,9,1.350
csi_data,A1,[0,0,-11,-10,-12,-10,-12,-10,-11,-10,-12,-10,-12,-9,-12,-9,-12,-8,-12,-8,-12,-7,-13,-7,-13,-6,-14,-6,-15,-6,-14,-6,-15,-7,-15,-7,-15,-7,-15,-8,-14,-9,-14,-9,-13,-9,-13,-9,-12,-10,-11,-10,-10,-11,0,0,0,0,0,0,0,0,0,0,0,0,0,0,0,0,0,0,0,0,0,0,-6,-8,-6,-8,-6,-9,-6,-10,-6,-10,-6,-11,-5,-11,-5,-11,-5,-11,-5,-11,-5,-11,-5,-11,-5,-11,-5,-11,-6,-11,-6,-10,-7,-10,-7,-10,-8,-10,-9,-10,-9,-10,-10,-10,-10,-10,-11,-10,-11,-10,-11,-10]
[0;32mI (195184) TAG: STA connected to 24:ec:4a:04:39:15, ch=6 (sec=0)[0m
anchor,A2,24:ec:4a:04:39:15,ch=6
ftm_report,A2,14,14,2.100
[0;32mI (196034) TAG: STA connected to 24:ec:4a:03:56:41, ch=11 (sec=0)[0m
csi_data,A3,[0,0,-5,14,-4,13,-4,13,-4,13,-3,12,-3,12,-3,12,-2,12,-2,12,-1,12,-1,12,0,11,0,12,0,12,0,12,1,12,0,12,0,13,-1,13,-1,12,-1,12,-2,12,-2,11,-3,11,-3,10,-4,10,0,0,0,0,0,0,0,0,0,0,0,0,0,0,0,0,0,0,0,0,0,0,-3,11,-4,12,-5,12,-6,11,-6,11,-7,12,-8,11,-8,11,-9,11,-9,11,-9,11,-9,10,-8,10,-8,10,-8,10,-8,10,-7,11,-7,11,-6,11,-6,12,-6,12,-5,12,-5,13,-5,13,-5,13,-5,13]
anchor,A3,24:ec:4a:03:56:41,ch=11
ftm_report,A3,17,17,2.550
[0;32mI (196894) TAG: STA connected to 24:ec:4a:03:58:5d, ch=1 (sec=0)[0m
csi_data,A1,[0,0,-15,-2,-15,-2,-15,-2,-15,-1,-14,-1,-14,-1,-15,-1,-14,0,-14,0,-14,1,-14,2,-14,2,-15,2,-15,3,-15,3,-15,3,-16,3,-16,2,-16,2,-16,1,-16,0,-16,-1,-16,-1,-16,-1,-15,-2,-14,-3,0,0,0,0,0,0,0,0,0,0,0,0,0,0,0,0,0,0,0,0,0,0,-10,-3,-10,-4,-10,-5,-10,-5,-10,-6,-10,-6,-10,-6,-10,-6,-10,-7,-10,-7,-10,-6,-10,-6,-10,-6,-10,-6,-10,-6,-10,-5,-10,-5,-11,-4,-11,-4,-12,-4,-12,-4,-13,-3,-13,-2,-14,-3,-14,-2,-14,-2]
anchor,A1,24:ec:4a:03:58:5d,ch=1
ftm_report,A1,6,6,0.900
[0;32mI (197744) TAG: STA connected to 24:ec:4a:04:39:15, ch=6 (sec=0)[0m
anchor,A2,24:ec:4a:04:39:15,ch=6
ftm_report,A2,14,14,2.100
csi_data,A2,[0,0,14,-1,14,-2,13,-1,14,-1,13,-2,13,-2,13,-3,12,-3,11,-3,12,-4,12,-4,11,-5,11,-4,11,-5,12,-5,11,-5,12,-5,12,-5,12,-4,12,-4,12,-3,12,-3,12,-2,12,-2,11,-1,10,0,0,0,0,0,0,0,0,0,0,0,0,0,0,0,0,0,0,0,0,0,0,0,11,-2,11,-2,12,-1,12,-1,12,0,12,1,13,1,12,2,13,2,13,3,12,3,12,3,12,2,12,2,12,2,12,2,12,1,12,1,12,0,13,0,13,0,13,-1,14,-1,14,-1,14,-1,14,-1]
[0;32mI (198604) TAG: STA connected to 24:ec:4a:03:56:41, ch=11 (sec=0)[0m
anchor,A3,24:ec:4a:03:56:41,ch=11
ftm_report,A3,16,16,2.400
csi_data,A3,[0,0,-8,-12,-8,-12,-8,-12,-7,-11,-8,-11,-8,-10,-9,-10,-9,-9,-9,-9,-9,-9,-9,-8,-9,-8,-10,-8,-10,-8,-10,-8,-10,-8,-10,-8,-10,-8,-10,-8,-10,-8,-9,-9,-9,-9,-8,-9,-7,-9,-7,-9,-6,-9,0,0,0,0,0,0,0,0,0,0,0,0,0,0,0,0,0,0,0,0,0,0,-7,-11,-7,-12,-6,-12,-6,-13,-6,-13,-5,-14,-4,-14,-4,-14,-3,-14,-3,-14,-3,-14,-2,-14,-3,-14,-3,-14,-3,-13,-4,-13,-4,-13,-4,-13,-5,-13,-6,-12,-6,-12,-6,-13,-7,-12,-7,-13,-7,-13,-7,-12]
[0;32mI (199454) TAG: STA connected to 24:ec:4a:03:58:5d, ch=1 (sec=0)[0m
anchor,A1,24:ec:4a:03:58:5d,ch=1
ftm_report,A1,10,10,1.500
csi_data,A1,[0,0,-14,1,-15,0,-15,1,-14,1,-14,1,-14,2,-14,2,-14,2,-13,3,-13,4,-13,4,-13,4,-14,5,-14,5,-14,5,-14,5,-15,5,-15,5,-15,5,-15,4,-15,3,-15,2,-15,2,-15,1,-14,0,-14,-1,0,0,0,0,0,0,0,0,0,0,0,0,0,0,0,0,0,0,0,0,0,0,-10,-2,-10,-2,-10,-3,-10,-3,-11,-4,-10,-4,-10,-4,-10,-5,-11,-5,-10,-5,-10,-5,-10,-5,-10,-5,-10,-5,-11,-4,-11,-4,-11,-3,-11,-3,-12,-3,-12,-2,-12,-1,-13,-1,-13,0,-14,0,-14,0,-14,0]
[0;32mI (200304) TAG: STA connected to 24:ec:4a:04:39:15, ch=6 (sec=0)[0m
anchor,A2,24:ec:4a:04:39:15,ch=6
ftm_report,A2,14,14,2.100
csi_data,A2,[0,0,2,-15,2,-14,2,-14,2,-15,1,-14,1,-14,1,-13,0,-13,0,-13,-1,-13,-1,-13,-1,-13,-2,-12,-2,-13,-3,-13,-3,-13,-2,-13,-2,-14,-2,-14,-2,-14,-1,-13,0,-13,0,-12,1,-12,1,-12,2,-12,0,0,0,0,0,0,0,0,0,0,0,0,0,0,0,0,0,0,0,0,0,0,1,-12,2,-12,3,-12,3,-12,4,-12,4,-13,5,-13,5,-13,6,-12,6,-12,6,-12,6,-12,6,-11,6,-11,5,-11,5,-12,4,-12,4,-13,4,-13,3,-13,3,-13,3,-14,3,-14,3,-14,3,-14,2,-15]
[0;32mI (201164) TAG: STA connected to 24:ec:4a:03:56:41, ch=11 (sec=0)[0m
anchor,A3,24:ec:4a:03:56:41,ch=11
ftm_report,A3,16,16,2.400
[0;32mI (202014) TAG: STA connected to 24:ec:4a:03:58:5d, ch=1 (sec=0)[0m
csi_data,A1,[0,0,13,-4,13,-4,13,-5,13,-5,13,-5,13,-5,12,-5,12,-6,12,-6,11,-7,12,-8,11,-8,11,-8,12,-9,12,-8,12,-9,13,-8,13,-9,13,-8,14,-7,14,-7,14,-5,14,-5,14,-4,14,-4,13,-2,0,0,0,0,0,0,0,0,0,0,0,0,0,0,0,0,0,0,0,0,0,0,9,-2,9,-2,10,-1,10,-1,10,0,10,0,11,0,10,1,11,1,10,1,11,1,11,1,11,1,10,1,10,0,10,0,10,-1,10,-1,11,-1,11,-2,11,-2,12,-3,12,-3,12,-4,13,-4,13,-4]
anchor,A1,24:ec:4a:03:58:5d,ch=1
ftm_report,A1,8,8,1.200
[0;32mI (202864) TAG: STA connected to 24:ec:4a:04:39:15, ch=6 (sec=0)[0m
anchor,A2,24:ec:4a:04:39:15,ch=6
ftm_report,A2,14,14,2.100
csi_data,A2,[0,0,-9,-13,-9,-12,-9,-12,-8,-12,-9,-12,-8,-11,-9,-11,-9,-10,-9,-10,-9,-9,-10,-9,-10,-9,-10,-8,-11,-8,-10,-8,-11,-9,-10,-8,-11,-9,-10,-9,-10,-10,-9,-10,-9,-10,-8,-9,-8,-10,-7,-10,-6,-10,0,0,0,0,0,0,0,0,0,0,0,0,0,0,0,0,0,0,0,0,0,0,-8,-9,-8,-10,-7,-10,-7,-11,-7,-12,-6,-13,-5,-13,-5,-13,-5,-14,-4,-13,-4,-13,-4,-13,-4,-13,-5,-13,-5,-13,-5,-12,-6,-13,-6,-12,-7,-12,-7,-12,-7,-12,-8,-13,-8,-12,-9,-12,-9,-12,-9,-13]
[0;32mI (203724) TAG: STA connected to 24:ec:4a:03:56:41, ch=11 (sec=0)[0m
anchor,A3,24:ec:4a:03:56:41,ch=11
ftm_report,A3,15,15,2.250
csi_data,A3,[0,0,0,-15,0,-15,0,-15,0,-14,-1,-14,-1,-14,-1,-13,-2,-13,-2,-13,-3,-12,-3,-13,-4,-12,-4,-12,-4,-12,-4,-12,-4,-13,-4,-12,-4,-13,-3,-13,-3,-13,-2,-13,-2,-12,-2,-12,-1,-12,-1,-11,0,-11,0,0,0,0,0,0,0,0,0,0,0,0,0,0,0,0,0,0,0,0,0,0,-1,-12,0,-13,0,-13,1,-13,1,-13,2,-14,3,-14,4,-14,4,-14,4,-13,4,-13,4,-13,3,-13,4,-13,3,-13,4,-13,3,-13,2,-13,2,-14,2,-14,1,-14,1,-14,1,-14,0,-15,0,-15,0,-15]
[0;32mI (204634) TAG: STA connected to 24:ec:4a:03:58:5d, ch=1 (sec=0)[0m
anchor,A1,24:ec:4a:03:58:5d,ch=1
ftm_report,A1,9,9,1.350
csi_data,A1,[0,0,11,7,11,7,11,6,11,6,12,6,11,5,12,5,12,5,12,4,12,3,12,3,13,3,13,3,14,2,13,2,14,2,14,3,15,3,14,4,14,4,14,5,14,6,13,6,13,7,11,7,11,8,0,0,0,0,0,0,0,0,0,0,0,0,0,0,0,0,0,0,0,0,0,0,7,6,7,7,7,7,7,8,7,8,6,9,6,9,6,9,5,10,5,10,5,9,5,9,5,9,5,9,6,9,6,8,6,8,7,7,8,8,8,8,8,7,9,7,9,7,10,7,11,7,11,7]
[0;32mI (205494) TAG: STA connected to 24:ec:4a:04:39:15, ch=6 (sec=0)[0m
anchor,A2,24:ec:4a:04:39:15,ch=6
ftm_report,A2,15,15,2.250
csi_data,A2,[0,0,9,11,9,10,9,10,9,11,9,10,9,9,9,9,9,8,9,8,9,8,10,8,10,7,10,7,10,7,11,7,11,7,11,7,10,7,10,8,10,8,9,8,9,8,8,9,7,9,6,9,6,9,0,0,0,0,0,0,0,0,0,0,0,0,0,0,0,0,0,0,0,0,0,0,7,7,7,8,7,8,6,9,7,9,6,10,6,11,5,11,5,11,5,11,4,11,4,11,5,11,5,11,5,10,5,10,6,10,6,10,7,10,7,10,8,10,8,10,9,11,9,10,9,11,9,11]
[0;32mI (206364) TAG: STA connected to 24:ec:4a:03:56:41, ch=11 (sec=0)[0m
anchor,A3,24:ec:4a:03:56:41,ch=11
ftm_report,A3,16,16,2.400
csi_data,A3,[0,0,-5,-14,-5,-14,-5,-14,-5,-13,-6,-13,-6,-13,-6,-12,-7,-12,-6,-12,-7,-11,-7,-11,-8,-10,-8,-10,-8,-11,-8,-11,-8,-11,-8,-11,-8,-11,-8,-12,-7,-11,-7,-12,-6,-12,-5,-11,-5,-11,-4,-11,-3,-11,0,0,0,0,0,0,0,0,0,0,0,0,0,0,0,0,0,0,0,0,0,0,-6,-11,-5,-12,-5,-12,-4,-13,-4,-13,-3,-14,-2,-14,-2,-14,-1,-15,-1,-14,-1,-14,0,-14,-1,-14,-1,-14,-1,-14,-1,-13,-2,-14,-2,-13,-3,-14,-4,-13,-4,-14,-4,-14,-5,-14,-5,-14,-5,-14,-5,-14]
[0;32mI (207224) TAG: STA connected to 24:ec:4a:03:58:5d, ch=1 (sec=0)[0m
anchor,A1,24:ec:4a:03:58:5d,ch=1
ftm_report,A1,9,9,1.350
[0;32mI (208074) TAG: STA connected to 24:ec:4a:04:39:15, ch=6 (sec=0)[0m
csi_data,A2,[0,0,11,-11,10,-10,11,-10,10,-10,10,-10,10,-10,9,-10,9,-10,8,-10,8,-11,7,-11,7,-11,7,-11,7,-11,6,-12,7,-12,7,-12,8,-12,7,-11,8,-11,8,-11,8,-10,9,-9,9,-8,9,-8,9,-7,0,0,0,0,0,0,0,0,0,0,0,0,0,0,0,0,0,0,0,0,0,0,7,-9,8,-9,9,-8,9,-8,10,-8,10,-8,11,-7,11,-7,11,-7,12,-6,12,-6,11,-6,11,-6,11,-6,11,-6,11,-7,10,-8,10,-8,10,-8,10,-9,10,-9,10,-10,11,-10,11,-10,11,-10,11,-11]
[0;32mI (209094) esp_netif_handlers: sta ip: 192.168.4.2, mask: 255.255.255.0, gw: 192.168.4.1[0m
[0;33mW (209824) TAG: FTM to A2 failed (ESP_FAIL), streak=1[0m
[0;32mI (210434) TAG: STA connected to 24:ec:4a:03:56:41, ch=11 (sec=0)[0m
anchor,A3,24:ec:4a:03:56:41,ch=11
ftm_report,A3,20,20,3.000
csi_data,A3,[0,0,-14,6,-14,6,-13,5,-13,6,-12,6,-12,6,-12,6,-11,6,-11,7,-10,7,-10,7,-9,7,-9,8,-9,8,-9,9,-9,9,-9,8,-9,8,-10,8,-10,8,-10,7,-10,6,-10,6,-10,5,-10,5,-10,4,0,0,0,0,0,0,0,0,0,0,0,0,0,0,0,0,0,0,0,0,0,0,-11,6,-11,5,-12,4,-12,4,-13,4,-14,3,-14,3,-14,2,-15,2,-14,1,-14,1,-14,1,-14,1,-14,1,-13,2,-14,2,-13,3,-13,3,-13,3,-13,4,-14,4,-14,4,-14,5,-14,5,-14,6,-14,6]
[0;32mI (211284) TAG: STA connected to 24:ec:4a:03:58:5d, ch=1 (sec=0)[0m
anchor,A1,24:ec:4a:03:58:5d,ch=1
ftm_report,A1,6,6,0.900
csi_data,A1,[0,0,-13,-7,-13,-6,-13,-6,-13,-6,-13,-6,-13,-5,-13,-5,-13,-4,-13,-4,-13,-3,-14,-2,-14,-2,-14,-1,-15,-1,-15,-1,-15,-1,-15,-1,-16,-2,-16,-2,-16,-3,-16,-3,-16,-4,-15,-5,-15,-5,-14,-6,-14,-7,0,0,0,0,0,0,0,0,0,0,0,0,0,0,0,0,0,0,0,0,0,0,-10,-7,-10,-8,-9,-9,-9,-9,-9,-10,-9,-10,-8,-11,-8,-11,-8,-11,-7,-11,-7,-11,-7,-11,-8,-10,-8,-10,-8,-10,-8,-9,-9,-9,-9,-8,-10,-8,-10,-8,-10,-8,-11,-8,-11,-7,-12,-7,-13,-7,-12,-7]
[0;32mI (212144) TAG: STA connected to 24:ec:4a:04:39:15, ch=6 (sec=0)[0m
anchor,A2,24:ec:4a:04:39:15,ch=6
ftm_report,A2,14,14,2.100
[0;32mI (213004) TAG: STA connected to 24:ec:4a:03:56:41, ch=11 (sec=0)[0m
csi_data,A3,[0,0,4,-14,4,-14,3,-13,3,-14,3,-13,2,-13,2,-13,1,-13,1,-13,0,-13,0,-13,-1,-12,-1,-12,-1,-12,-1,-13,-1,-13,-1,-13,-1,-13,-1,-13,0,-13,0,-12,1,-12,1,-11,1,-11,2,-11,3,-10,0,0,0,0,0,0,0,0,0,0,0,0,0,0,0,0,0,0,0,0,0,0,2,-12,3,-12,4,-12,4,-12,5,-12,6,-13,7,-13,7,-12,8,-12,8,-11,8,-11,8,-11,7,-11,7,-11,7,-11,7,-11,6,-12,6,-12,5,-12,5,-13,4,-13,4,-13,4,-14,4,-14,4,-14,4,-14]
anchor,A3,24:ec:4a:03:56:41,ch=11
ftm_report,A3,18,18,2.700
[0;32mI (213874) TAG: STA connected to 24:ec:4a:03:58:5d, ch=1 (sec=0)[0m
anchor,A1,24:ec:4a:03:58:5d,ch=1
ftm_report,A1,8,8,1.200
csi_data,A1,[0,0,7,-13,6,-13,6,-13,6,-13,6,-13,5,-13,5,-13,4,-13,4,-14,3,-14,2,-14,2,-14,2,-15,2,-15,2,-15,2,-16,2,-16,3,-17,3,-16,4,-16,5,-16,6,-15,6,-15,7,-14,7,-14,8,-13,0,0,0,0,0,0,0,0,0,0,0,0,0,0,0,0,0,0,0,0,0,0,6,-8,7,-9,7,-8,7,-8,8,-8,9,-8,9,-7,9,-7,9,-7,9,-7,9,-7,9,-7,9,-7,8,-7,8,-7,8,-8,8,-8,7,-9,7,-9,7,-9,7,-10,7,-10,7,-11,6,-12,6,-12,7,-13]
[0;32mI (214734) TAG: STA connected to 24:ec:4a:04:39:15, ch=6 (sec=0)[0m
anchor,A2,24:ec:4a:04:39:15,ch=6
ftm_report,A2,14,14,2.100
csi_data,A2,[0,0,-14,5,-14,5,-14,5,-14,5,-13,5,-13,5,-13,5,-12,6,-11,6,-11,6,-11,7,-11,7,-11,7,-10,7,-10,8,-10,8,-11,8,-11,7,-11,7,-11,7,-11,6,-11,5,-11,5,-12,4,-11,3,-11,3,0,0,0,0,0,0,0,0,0,0,0,0,0,0,0,0,0,0,0,0,0,0,-11,5,-11,4,-12,4,-12,3,-13,3,-13,2,-14,2,-13,1,-14,1,-14,1,-14,1,-14,1,-13,1,-13,1,-13,1,-13,2,-13,2,-13,3,-13,3,-13,3,-13,4,-14,4,-14,5,-14,5,-14,5,-14,5]
[0;32mI (215594) TAG: STA connected to 24:ec:4a:03:56:41, ch=11 (sec=0)[0m
anchor,A3,24:ec:4a:03:56:41,ch=11
ftm_report,A3,15,15,2.250
csi_data,A3,[0,0,-8,12,-7,11,-7,11,-7,11,-6,11,-6,11,-5,11,-4,11,-5,11,-3,11,-3,11,-2,11,-2,11,-2,11,-2,11,-2,12,-2,11,-2,12,-3,12,-3,12,-3,11,-4,10,-4,10,-4,10,-5,9,-5,9,0,0,0,0,0,0,0,0,0,0,0,0,0,0,0,0,0,0,0,0,0,0,-5,11,-6,11,-7,11,-8,11,-8,10,-10,11,-10,11,-10,10,-11,10,-10,9,-11,9,-11,9,-10,9,-10,9,-10,9,-10,9,-10,10,-9,10,-9,10,-8,10,-8,11,-8,11,-8,12,-8,12,-7,12,-7,12]
[0;32mI (216464) TAG: STA connected to 24:ec:4a:03:58:5d, ch=1 (sec=0)[0m
anchor,A1,24:ec:4a:03:58:5d,ch=1
ftm_report,A1,6,6,0.900
csi_data,A1,[0,0,-9,-12,-10,-11,-10,-11,-9,-11,-10,-11,-10,-11,-11,-10,-11,-10,-11,-9,-11,-9,-12,-9,-12,-8,-13,-8,-14,-8,-14,-8,-14,-9,-14,-9,-14,-9,-14,-10,-14,-11,-13,-11,-13,-11,-12,-12,-11,-12,-10,-13,-9,-13,0,0,0,0,0,0,0,0,0,0,0,0,0,0,0,0,0,0,0,0,0,0,-4,-9,-4,-10,-4,-10,-4,-11,-3,-11,-2,-12,-2,-12,-2,-12,-2,-12,-2,-11,-2,-12,-2,-11,-2,-11,-3,-11,-3,-11,-3,-11,-4,-11,-4,-11,-5,-11,-6,-11,-6,-11,-7,-11,-7,-11,-8,-11,-8,-11,-8,-12]
[0;32mI (217364) TAG: STA connected to 24:ec:4a:04:39:15, ch=6 (sec=0)[0m
anchor,A2,24:ec:4a:04:39:15,ch=6
ftm_report,A2,15,15,2.250
csi_data,A2,[0,0,-8,-14,-8,-13,-7,-13,-8,-13,-8,-13,-8,-12,-8,-12,-8,-11,-8,-11,-9,-10,-9,-10,-9,-9,-9,-9,-10,-9,-10,-9,-10,-10,-10,-9,-10,-10,-10,-10,-9,-10,-9,-11,-8,-10,-7,-10,-7,-10,-6,-10,-5,-11,0,0,0,0,0,0,0,0,0,0,0,0,0,0,0,0,0,0,0,0,0,0,-6,-10,-6,-11,-5,-11,-5,-12,-5,-12,-4,-13,-4,-14,-3,-14,-3,-14,-3,-13,-3,-14,-3,-13,-3,-13,-3,-13,-3,-13,-4,-13,-4,-13,-5,-13,-5,-12,-6,-13,-6,-13,-7,-13,-7,-13,-8,-13,-7,-13,-7,-14]
[0;32mI (218234) TAG: STA connected to 24:ec:4a:03:56:41, ch=11 (sec=0)[0m
anchor,A3,24:ec:4a:03:56:41,ch=11
ftm_report,A3,15,15,2.250
[0;32mI (219094) TAG: STA connected to 24:ec:4a:03:58:5d, ch=1 (sec=0)[0m
csi_data,A1,[0,0,-14,-3,-15,-3,-15,-3,-14,-3,-15,-3,-15,-2,-15,-2,-14,-1,-14,0,-14,0,-15,1,-15,1,-15,1,-16,2,-16,2,-16,2,-17,2,-17,2,-17,1,-17,0,-18,0,-17,-1,-17,-2,-17,-3,-16,-4,-15,-5,0,0,0,0,0,0,0,0,0,0,0,0,0,0,0,0,0,0,0,0,0,0,-9,-5,-9,-5,-9,-6,-9,-7,-9,-7,-9,-7,-9,-8,-9,-8,-9,-8,-9,-8,-9,-8,-9,-8,-9,-8,-9,-7,-9,-7,-10,-7,-10,-6,-10,-6,-11,-6,-12,-5,-12,-5,-12,-5,-13,-4,-13,-4,-14,-4,-14,-4]
anchor,A1,24:ec:4a:03:58:5d,ch=1
ftm_report,A1,8,8,1.200
[0;32mI (219944) TAG: STA connected to 24:ec:4a:04:39:15, ch=6 (sec=0)[0m
csi_data,A2,[0,0,13,-7,13,-7,12,-7,12,-8,12,-7,11,-7,11,-7,10,-8,10,-8,9,-8,9,-9,9,-9,8,-9,8,-9,9,-10,8,-10,9,-10,9,-9,9,-9,9,-9,9,-8,10,-7,10,-7,10,-6,9,-6,9,-5,0,0,0,0,0,0,0,0,0,0,0,0,0,0,0,0,0,0,0,0,0,0,9,-6,9,-6,10,-6,10,-5,11,-5,11,-5,12,-4,12,-4,12,-4,13,-3,12,-3,12,-3,12,-3,12,-3,12,-3,11,-4,11,-4,11,-5,11,-5,12,-6,12,-6,12,-6,12,-7,12,-7,13,-7,13,-8]
anchor,A2,24:ec:4a:04:39:15,ch=6
ftm_report,A2,15,15,2.250
[0;32mI (220804) TAG: STA connected to 24:ec:4a:03:56:41, ch=11 (sec=0)[0m
anchor,A3,24:ec:4a:03:56:41,ch=11
ftm_report,A3,15,15,2.250
csi_data,A3,[0,0,-8,12,-8,11,-8,11,-7,11,-7,11,-6,11,-6,11,-5,11,-5,11,-4,11,-4,11,-3,11,-3,11,-2,11,-2,11,-2,12,-2,11,-3,12,-3,12,-3,11,-4,11,-4,11,-4,10,-4,10,-5,10,-5,9,0,0,0,0,0,0,0,0,0,0,0,0,0,0,0,0,0,0,0,0,0,0,-6,11,-7,11,-8,10,-9,11,-9,10,-10,10,-11,10,-12,10,-12,9,-12,9,-12,9,-12,9,-11,8,-11,8,-11,8,-11,8,-10,9,-10,9,-9,10,-9,10,-9,10,-9,11,-9,11,-8,12,-8,12,-8,12]
[0;32mI (221654) TAG: STA connected to 24:ec:4a:03:58:5d, ch=1 (sec=0)[0m
anchor,A1,24:ec:4a:03:58:5d,ch=1
ftm_report,A1,6,6,0.900
csi_data,A1,[0,0,0,14,1,13,1,13,1,13,2,13,2,13,2,13,3,12,3,13,4,12,5,13,5,12,6,13,6,13,6,13,6,14,6,14,6,15,5,15,4,16,4,16,3,16,2,15,2,15,1,15,0,15,0,0,0,0,0,0,0,0,0,0,0,0,0,0,0,0,0,0,0,0,0,0,-2,9,-3,9,-3,9,-3,9,-4,9,-5,10,-5,10,-5,9,-6,10,-5,9,-5,10,-5,10,-5,10,-4,10,-4,10,-4,10,-3,10,-3,10,-2,11,-2,11,-2,11,-1,12,-1,12,0,13,0,13,0,13]
[0;32mI (222504) TAG: STA connected to 24:ec:4a:04:39:15, ch=6 (sec=0)[0m
anchor,A2,24:ec:4a:04:39:15,ch=6
ftm_report,A2,17,17,2.550
csi_data,A2,[0,0,4,-15,4,-14,4,-14,4,-14,3,-14,3,-14,2,-13,2,-13,1,-13,1,-13,1,-13,0,-13,0,-13,0,-13,-1,-13,-1,-14,0,-13,0,-14,0,-14,1,-13,1,-13,2,-12,2,-12,3,-12,3,-11,3,-11,0,0,0,0,0,0,0,0,0,0,0,0,0,0,0,0,0,0,0,0,0,0,2,-11,3,-11,4,-11,4,-11,5,-11,5,-12,6,-12,6,-12,7,-12,7,-11,7,-11,7,-11,7,-11,7,-11,6,-11,6,-12,5,-12,5,-12,5,-12,5,-13,4,-13,4,-13,4,-14,4,-14,4,-14,4,-15]
[0;32mI (223354) TAG: STA connected to 24:ec:4a:03:56:41, ch=11 (sec=0)[0m
anchor,A3,24:ec:4a:03:56:41,ch=11
ftm_report,A3,16,16,2.400
csi_data,A3,[0,0,9,11,9,10,9,10,9,9,9,9,9,8,9,8,9,7,9,7,9,6,10,5,10,5,10,5,10,5,10,5,10,5,11,5,10,5,10,5,10,6,10,6,9,6,9,6,8,6,7,7,7,7,0,0,0,0,0,0,0,0,0,0,0,0,0,0,0,0,0,0,0,0,0,0,9,8,9,8,9,9,8,10,8,11,7,11,7,12,7,12,6,13,6,13,5,13,5,12,5,12,5,12,5,12,5,11,6,11,6,11,7,11,8,11,8,11,8,11,9,11,9,11,9,11,9,10]
[0;32mI (224214) TAG: STA connected to 24:ec:4a:03:58:5d, ch=1 (sec=0)[0m
anchor,A1,24:ec:4a:03:58:5d,ch=1
ftm_report,A1,8,8,1.200
[0;32mI (225064) TAG: STA connected to 24:ec:4a:04:39:15, ch=6 (sec=0)[0m
csi_data,A2,[0,0,9,11,9,10,9,10,9,10,9,9,9,9,9,9,9,8,9,8,9,7,10,7,10,6,10,6,10,6,10,6,10,6,10,6,10,7,10,7,9,8,9,8,9,8,8,8,8,8,7,8,6,8,0,0,0,0,0,0,0,0,0,0,0,0,0,0,0,0,0,0,0,0,0,0,8,7,7,8,7,8,7,9,7,9,6,10,6,11,6,11,5,11,5,11,5,11,5,11,5,11,5,10,5,10,6,10,6,10,7,10,7,10,8,10,8,10,8,10,9,10,9,10,10,10,9,10]
anchor,A2,24:ec:4a:04:39:15,ch=6
ftm_report,A2,15,15,2.250
[0;32mI (225924) TAG: STA connected to 24:ec:4a:03:56:41, ch=11 (sec=0)[0m
csi_data,A3,[0,0,-6,13,-6,12,-6,12,-6,12,-5,12,-5,11,-4,11,-3,11,-3,11,-3,11,-2,11,-1,11,-1,11,-1,11,-1,12,-1,12,-1,12,-1,12,-1,12,-2,12,-2,11,-2,11,-3,11,-3,10,-4,10,-4,9,0,0,0,0,0,0,0,0,0,0,0,0,0,0,0,0,0,0,0,0,0,0,-4,12,-5,11,-6,11,-7,11,-7,12,-9,11,-9,11,-10,11,-10,11,-10,10,-10,10,-10,10,-10,10,-9,10,-9,9,-9,10,-9,10,-8,11,-8,11,-7,11,-7,11,-7,12,-7,12,-6,12,-6,13,-6,13]
anchor,A3,24:ec:4a:03:56:41,ch=11
ftm_report,A3,18,18,2.700
[0;32mI (226784) TAG: STA connected to 24:ec:4a:03:58:5d, ch=1 (sec=0)[0m
anchor,A1,24:ec:4a:03:58:5d,ch=1
ftm_report,A1,9,9,1.350
csi_data,A1,[0,0,11,-8,11,-8,11,-9,10,-9,10,-9,10,-9,10,-10,9,-10,9,-10,8,-11,8,-12,8,-12,8,-12,8,-13,8,-13,8,-14,9,-13,9,-14,10,-14,11,-13,11,-13,12,-11,12,-11,12,-10,12,-10,13,-8,0,0,0,0,0,0,0,0,0,0,0,0,0,0,0,0,0,0,0,0,0,0,8,-4,9,-4,9,-3,10,-3,10,-2,11,-2,11,-2,11,-2,11,-1,10,-1,11,-2,11,-2,10,-2,10,-2,10,-2,10,-3,10,-4,10,-4,10,-4,10,-5,10,-5,11,-6,10,-7,11,-7,11,-8,11,-8]
[0;32mI (227634) TAG: STA connected to 24:ec:4a:04:39:15, ch=6 (sec=0)[0m
anchor,A2,24:ec:4a:04:39:15,ch=6
ftm_report,A2,15,15,2.250
csi_data,A2,[0,0,-2,15,-3,14,-3,14,-2,14,-2,13,-2,13,-1,13,-1,12,-1,12,0,12,1,12,1,12,1,12,1,12,2,12,2,13,1,12,1,13,1,13,0,13,0,12,-1,12,-1,11,-2,11,-2,11,-3,10,0,0,0,0,0,0,0,0,0,0,0,0,0,0,0,0,0,0,0,0,0,0,-1,11,-1,11,-2,11,-3,11,-3,11,-4,12,-4,12,-5,12,-5,12,-5,11,-5,12,-5,12,-5,11,-5,11,-5,11,-5,12,-4,12,-3,12,-3,12,-3,12,-3,13,-3,13,-2,14,-2,14,-2,14,-2,15]
[0;32mI (228534) TAG: STA connected to 24:ec:4a:03:56:41, ch=11 (sec=0)[0m
anchor,A3,24:ec:4a:03:56:41,ch=11
ftm_report,A3,16,16,2.400
csi_data,A3,[0,0,-15,-2,-15,-2,-14,-2,-14,-1,-14,-1,-13,-1,-13,-1,-13,0,-12,1,-12,2,-12,2,-12,2,-12,3,-12,3,-12,3,-12,3,-12,3,-12,3,-12,3,-12,2,-12,2,-12,1,-12,0,-12,0,-11,0,-11,-1,0,0,0,0,0,0,0,0,0,0,0,0,0,0,0,0,0,0,0,0,0,0,-13,1,-14,0,-14,-1,-14,-2,-14,-3,-15,-3,-15,-4,-15,-5,-14,-5,-14,-6,-14,-5,-14,-6,-14,-6,-13,-6,-13,-5,-13,-5,-13,-4,-14,-4,-14,-4,-14,-3,-14,-3,-14,-3,-15,-2,-15,-2,-15,-2,-15,-1]
[0;32mI (229394) TAG: STA connected to 24:ec:4a:03:58:5d, ch=1 (sec=0)[0m
anchor,A1,24:ec:4a:03:58:5d,ch=1
ftm_report,A1,8,8,1.200
csi_data,A1,[0,0,-12,8,-12,8,-12,8,-11,9,-11,9,-11,9,-10,9,-10,9,-10,10,-9,10,-9,11,-8,11,-8,12,-9,12,-8,12,-9,13,-9,13,-10,13,-11,13,-11,12,-12,12,-12,11,-13,10,-13,10,-13,9,-14,8,0,0,0,0,0,0,0,0,0,0,0,0,0,0,0,0,0,0,0,0,0,0,-9,4,-10,3,-10,3,-11,2,-11,2,-11,2,-11,2,-11,1,-11,1,-11,1,-12,1,-11,2,-11,1,-11,2,-11,2,-11,3,-11,3,-11,4,-11,4,-11,4,-11,5,-11,6,-11,6,-11,7,-11,7,-11,8]
[0;32mI (230254) TAG: STA connected to 24:ec:4a:04:39:15, ch=6 (sec=0)[0m
anchor,A2,24:ec:4a:04:39:15,ch=6
ftm_report,A2,15,15,2.250
[0;32mI (231104) TAG: STA connected to 24:ec:4a:03:56:41, ch=11 (sec=0)[0m
csi_data,A3,[0,0,-15,3,-14,3,-14,3,-13,4,-13,3,-12,4,-12,4,-12,5,-11,5,-11,5,-10,6,-10,6,-10,6,-10,6,-10,7,-10,7,-10,7,-10,7,-10,7,-10,7,-10,6,-11,5,-11,4,-10,4,-10,3,-10,3,0,0,0,0,0,0,0,0,0,0,0,0,0,0,0,0,0,0,0,0,0,0,-12,4,-13,4,-13,3,-14,2,-14,1,-15,1,-15,1,-15,0,-15,0,-15,-1,-15,-2,-15,-2,-14,-2,-14,-2,-14,-1,-14,-1,-14,0,-14,0,-14,1,-14,2,-14,2,-14,2,-15,3,-15,3,-15,3,-14,3]
anchor,A3,24:ec:4a:03:56:41,ch=11
ftm_report,A3,18,18,2.700
[0;32mI (231964) TAG: STA connected to 24:ec:4a:03:58:5d, ch=1 (sec=0)[0m
csi_data,A1,[0,0,-5,13,-5,13,-5,13,-4,13,-4,13,-4,13,-3,13,-3,13,-2,14,-1,13,-1,14,-1,14,0,14,0,15,0,15,0,16,0,16,-1,17,-1,17,-2,17,-3,17,-4,16,-4,15,-5,15,-6,15,-7,14,0,0,0,0,0,0,0,0,0,0,0,0,0,0,0,0,0,0,0,0,0,0,-6,8,-6,8,-7,7,-7,8,-7,7,-9,8,-9,8,-9,7,-9,7,-9,7,-9,7,-9,7,-9,7,-8,7,-8,7,-8,8,-8,9,-7,9,-7,9,-6,10,-6,10,-6,11,-6,11,-5,12,-5,12,-5,13]
anchor,A1,24:ec:4a:03:58:5d,ch=1
ftm_report,A1,6,6,0.900
[0;32mI (232824) TAG: STA connected to 24:ec:4a:04:39:15, ch=6 (sec=0)[0m
anchor,A2,24:ec:4a:04:39:15,ch=6
ftm_report,A2,12,12,1.800
csi_data,A2,[0,0,-13,-9,-13,-9,-12,-9,-12,-9,-12,-8,-12,-7,-12,-7,-12,-6,-12,-6,-12,-6,-12,-6,-12,-5,-12,-5,-13,-4,-13,-4,-13,-4,-13,-4,-13,-5,-13,-5,-12,-5,-12,-6,-12,-6,-11,-6,-10,-7,-10,-7,-9,-7,0,0,0,0,0,0,0,0,0,0,0,0,0,0,0,0,0,0,0,0,0,0,-10,-7,-10,-7,-10,-8,-10,-8,-10,-9,-9,-10,-9,-10,-9,-10,-9,-11,-8,-11,-8,-11,-8,-11,-8,-11,-8,-10,-9,-10,-9,-10,-9,-10,-10,-9,-10,-9,-11,-9,-11,-9,-12,-9,-12,-9,-12,-9,-12,-9,-12,-9]
[0;32mI (233674) TAG: STA connected to 24:ec:4a:03:56:41, ch=11 (sec=0)[0m
[1;31mE (233844) wifi:No FTM Measurements received from responder![0m
[0;33mW (233954) TAG: FTM to A3 failed (ESP_FAIL), streak=1[0m
csi_data,A3,[0,0,-10,11,-9,10,-9,10,-9,10,-8,10,-8,10,-7,10,-6,10,-6,10,-5,10,-5,11,-4,10,-4,10,-4,10,-4,11,-4,11,-4,11,-4,11,-5,11,-5,11,-5,11,-5,10,-6,9,-6,9,-6,9,-7,8,0,0,0,0,0,0,0,0,0,0,0,0,0,0,0,0,0,0,0,0,0,0,-7,10,-8,10,-9,10,-10,9,-10,9,-12,9,-12,9,-12,8,-13,8,-13,7,-13,7,-13,7,-12,7,-12,7,-11,7,-11,7,-11,8,-11,8,-11,8,-10,9,-10,9,-10,9,-10,10,-10,10,-10,10,-10,11]
[0;32mI (234554) TAG: STA connected to 24:ec:4a:03:58:5d, ch=1 (sec=0)[0m
anchor,A1,24:ec:4a:03:58:5d,ch=1
ftm_report,A1,6,6,0.900
csi_data,A1,[0,0,0,13,1,13,2,13,2,13,2,13,2,13,3,13,3,12,4,12,4,12,5,13,6,12,6,12,6,13,7,13,7,13,7,14,7,15,6,15,5,15,5,16,4,15,3,15,3,15,1,15,0,15,0,0,0,0,0,0,0,0,0,0,0,0,0,0,0,0,0,0,0,0,0,0,-3,9,-3,9,-3,9,-3,9,-4,9,-5,10,-5,10,-6,9,-5,10,-5,9,-6,10,-6,9,-5,9,-4,9,-4,9,-4,10,-3,10,-3,10,-2,10,-2,11,-1,11,-1,12,-1,12,0,13,0,13,0,13]
[0;32mI (235414) TAG: STA connected to 24:ec:4a:04:39:15, ch=6 (sec=0)[0m
anchor,A2,24:ec:4a:04:39:15,ch=6
ftm_report,A2,13,13,1.950
csi_data,A2,[0,0,13,-7,13,-7,13,-7,12,-7,13,-7,12,-7,11,-7,11,-7,10,-8,10,-8,10,-8,9,-8,9,-9,9,-9,9,-9,9,-9,9,-9,10,-9,10,-9,10,-8,10,-8,10,-7,10,-6,10,-6,10,-5,10,-4,0,0,0,0,0,0,0,0,0,0,0,0,0,0,0,0,0,0,0,0,0,0,9,-6,10,-6,10,-5,11,-5,11,-5,12,-5,12,-4,12,-4,12,-3,12,-3,12,-3,12,-2,12,-3,12,-3,12,-3,12,-3,12,-4,11,-5,12,-5,12,-5,12,-6,12,-6,12,-7,13,-7,13,-7,13,-7]
[0;32mI (236264) TAG: STA connected to 24:ec:4a:03:56:41, ch=11 (sec=0)[0m
anchor,A3,24:ec:4a:03:56:41,ch=11
ftm_report,A3,16,16,2.400
csi_data,A3,[0,0,9,11,9,10,9,9,9,9,9,9,9,8,9,8,9,7,9,6,9,6,9,5,10,5,I (237124) TAG: STA connected to 24:ec:4a:03:58:5d, ch=1 (sec=0)
10,5,10,4,10,4,10,4,11,5,10,5,10,5,10,5,10,5,9,6,9,6,8,6,7,6,7,6,0,0,0,0,0,0,0,0,0,0,0,0,0,0,0,0,0,0,0,0,0,0,9,8,9,9,8,10,8,10,8,11,7,12,7,12,6,13,6,13,5,13,5,13,5,13,5,12,5,12,5,12,5,11,6,11,6,11,7,11,8,11,8,11,8,11,8,11,9,11,9,11,9,10]
anchor,A1,24:ec:4a:03:58:5d,ch=1
ftm_report,A1,6,6,0.900
[0;32mI (237984) TAG: STA connected to 24:ec:4a:04:39:15, ch=6 (sec=0)[0m
csi_data,A2,[0,0,14,2,14,2,14,2,13,2,14,1,13,1,13,1,13,1,12,0,12,0,12,-1,12,-1,12,-2,12,-2,12,-1,12,-2,12,-1,13,-1,12,-1,12,0,12,0,12,1,11,1,11,2,10,2,10,3,0,0,0,0,0,0,0,0,0,0,0,0,0,0,0,0,0,0,0,0,0,0,10,0,11,0,11,1,11,2,12,2,12,3,12,3,12,4,11,4,12,4,11,5,11,5,11,4,11,4,11,4,11,4,11,3,12,3,12,3,13,2,13,2,13,2,13,2,14,2,14,2,14,1]
anchor,A2,24:ec:4a:04:39:15,ch=6
ftm_report,A2,15,15,2.250
[0;32mI (238834) TAG: STA connected to 24:ec:4a:03:56:41, ch=11 (sec=0)[0m
anchor,A3,24:ec:4a:03:56:41,ch=11
ftm_report,A3,16,16,2.400
csi_data,A3,[0,0,6,-13,5,-13,5,-13,5,-13,4,-12,4,-12,3,-12,3,-12,2,-12,2,-12,1,-12,1,-12,0,-12,0,-12,0,-13,0,-13,0,-13,0,-13,1,-13,1,-13,1,-12,2,-12,2,-11,2,-11,3,-11,3,-10,0,0,0,0,0,0,0,0,0,0,0,0,0,0,0,0,0,0,0,0,0,0,3,-13,4,-13,5,-13,6,-12,6,-13,8,-13,8,-12,9,-12,9,-12,9,-11,9,-11,9,-11,9,-11,9,-10,8,-11,8,-11,8,-11,7,-12,7,-12,7,-12,6,-12,6,-13,6,-13,6,-13,6,-13,6,-14]
[0;32mI (239744) TAG: STA connected to 24:ec:4a:03:58:5d, ch=1 (sec=0)[0m
anchor,A1,24:ec:4a:03:58:5d,ch=1
ftm_report,A1,6,6,0.900
csi_data,A1,[0,0,-2,14,-1,13,-1,14,-1,13,0,13,0,13,0,13,1,13,1,13,2,13,2,13,3,13,3,13,4,14,4,14,4,15,4,15,4,16,3,16,2,16,2,16,1,16,0,15,0,15,-1,15,-3,15,0,0,0,0,0,0,0,0,0,0,0,0,0,0,0,0,0,0,0,0,0,0,-4,8,-5,9,-5,8,-6,9,-6,9,-7,9,-7,9,-7,9,-8,9,-7,8,-7,9,-7,8,-6,8,-6,8,-6,9,-6,9,-6,10,-5,9,-4,10,-4,10,-4,11,-3,11,-3,12,-2,12,-2,13,-2,13]
[0;32mI (240614) TAG: STA connected to 24:ec:4a:04:39:15, ch=6 (sec=0)[0m
anchor,A2,24:ec:4a:04:39:15,ch=6
ftm_report,A2,17,17,2.550
csi_data,A2,[0,0,4,-15,4,-15,4,-14,4,-14,3,-14,3,-14,3,-14,2,-13,2,-14,1,-13,1,-13,0,-13,0,-13,0,-13,0,-14,0,-14,0,-13,0,-14,0,-14,1,-14,1,-13,2,-13,2,-12,3,-12,3,-12,4,-11,0,0,0,0,0,0,0,0,0,0,0,0,0,0,0,0,0,0,0,0,0,0,1,-12,2,-12,3,-12,4,-12,4,-12,5,-13,6,-12,6,-12,6,-12,6,-11,6,-12,6,-12,6,-11,6,-11,6,-12,6,-12,5,-12,5,-12,5,-13,4,-13,4,-13,4,-14,3,-14,4,-14,4,-15,4,-15]
[0;32mI (241474) TAG: STA connected to 24:ec:4a:03:56:41, ch=11 (sec=0)[0m
anchor,A3,24:ec:4a:03:56:41,ch=11
ftm_report,A3,21,21,3.150
csi_data,A3,[0,0,-14,4,-13,4,-13,4,-13,5,-12,4,-12,5,-11,5,-11,5,-10,6,-10,6,-10,6,-10,6,-9,7,-9,7,-9,8,-9,8,-9,7,-9,8,-9,8,-10,7,-10,7,-10,6,-10,5,-10,4,-10,4,-10,4,0,0,0,0,0,0,0,0,0,0,0,0,0,0,0,0,0,0,0,0,0,0,-12,5,-12,5,-13,4,-14,3,-14,3,-14,2,-15,2,-15,1,-15,1,-15,0,-15,0,-15,-1,-14,-1,-14,0,-14,0,-14,1,-14,1,-14,2,-13,2,-13,2,-14,3,-14,3,-14,4,-14,3,-14,4,-14,4]
[0;32mI (242324) TAG: STA connected to 24:ec:4a:03:58:5d, ch=1 (sec=0)[0m
anchor,A1,24:ec:4a:03:58:5d,ch=1
ftm_report,A1,9,9,1.350
csi_data,A1,[0,0,12,-7,12,-7,12,-7,12,-8,12,-8,12,-8,11,-8,11,-9,10,-9,10,-10,10,-11,9,-11,9,-11,9,-12,10,-13,10,-13,11,-13,11,-13,12,-13,12,-12,13,-12,13,-11,13,-10,14,-9,13,-8,14,-7,0,0,0,0,0,0,0,0,0,0,0,0,0,0,0,0,0,0,0,0,0,0,9,-2,9,-2,10,-1,10,-1,11,0,11,0,11,0,11,0,11,1,11,1,11,1,11,0,10,0,10,0,10,0,11,-1,10,-2,11,-2,11,-3,11,-3,11,-3,11,-4,12,-5,12,-5,12,-6,12,-6]
[0;32mI (243184) TAG: STA connected to 24:ec:4a:04:39:15, ch=6 (sec=0)[0m
anchor,A2,24:ec:4a:04:39:15,ch=6
ftm_report,A2,15,15,2.250
[0;32mI (244064) TAG: STA connected to 24:ec:4a:03:56:41, ch=11 (sec=0)[0m
csi_data,A3,[0,0,0,-15,0,-14,0,-14,0,-14,-1,-14,-1,-13,-2,-13,-2,-12,-2,-12,-3,-12,-3,-12,-4,-11,-4,-11,-5,-11,-5,-12,-5,-12,-5,-12,-5,-12,-4,-12,-3,-12,-3,-12,-3,-12,-3,-11,-2,-11,-1,-11,-1,-11,0,0,0,0,0,0,0,0,0,0,0,0,0,0,0,0,0,0,0,0,0,0,-2,-13,-1,-13,-1,-14,0,-14,1,-14,2,-15,3,-15,3,-15,4,-15,4,-14,4,-14,4,-14,4,-14,4,-13,3,-13,3,-13,3,-14,2,-13,2,-14,1,-14,1,-14,1,-14,1,-15,0,-15,0,-15,0,-15]
anchor,A3,24:ec:4a:03:56:41,ch=11
ftm_report,A3,17,17,2.550
[0;32mI (244914) TAG: STA connected to 24:ec:4a:03:58:5d, ch=1 (sec=0)[0m
csi_data,A1,[0,0,5,12,6,12,6,12,6,12,6,11,7,11,7,11,7,10,7,10,8,10,9,10,9,9,10,9,10,9,11,10,11,10,11,11,11,11,11,12,10,12,10,13,9,13,8,13,7,13,6,13,5,14,0,0,0,0,0,0,0,0,0,0,0,0,0,0,0,0,0,0,0,0,0,0,1,9,1,9,1,10,0,10,0,10,-1,11,-1,11,-2,11,-2,11,-1,10,-2,11,-1,10,-1,10,-1,10,0,10,0,10,0,10,1,10,2,10,3,11,3,11,4,11,3,11,5,11,5,12,5,12]
anchor,A1,24:ec:4a:03:58:5d,ch=1
ftm_report,A1,6,6,0.900
[0;32mI (245764) TAG: STA connected to 24:ec:4a:04:39:15, ch=6 (sec=0)[0m
anchor,A2,24:ec:4a:04:39:15,ch=6
ftm_report,A2,14,14,2.100
csi_data,A2,[0,0,6,13,6,12,6,12,6,12,6,12,6,11,6,11,6,10,6,10,7,10,7,10,7,9,7,9,8,9,8,9,8,9,8,9,8,10,7,10,7,10,6,10,6,10,5,10,5,10,4,10,3,10,0,0,0,0,0,0,0,0,0,0,0,0,0,0,0,0,0,0,0,0,0,0,5,9,5,10,4,10,4,10,4,11,3,12,2,12,2,12,2,12,1,12,1,12,1,12,2,12,2,11,2,11,2,12,3,12,3,11,4,12,4,12,4,12,5,12,5,13,6,13,6,13,6,13]
[0;32mI (246644) TAG: STA connected to 24:ec:4a:03:56:41, ch=11 (sec=0)[0m
anchor,A3,24:ec:4a:03:56:41,ch=11
ftm_report,A3,16,16,2.400
csi_data,A3,[0,0,-9,11,-9,10,-9,10,-8,10,-8,10,-7,10,-7,10,-6,10,-6,10,-5,10,-5,11,-4,10,-4,10,-3,11,-3,11,-3,12,-3,11,-4,12,-4,11,-4,11,-4,11,-5,10,-5,10,-5,9,-6,9,-6,8,0,0,0,0,0,0,0,0,0,0,0,0,0,0,0,0,0,0,0,0,0,0,-7,10,-8,10,-9,10,-10,10,-10,9,-11,9,-12,9,-12,9,-13,8,-12,7,-13,7,-13,7,-12,7,-12,7,-11,7,-11,7,-11,8,-10,8,-11,9,-10,9,-10,9,-10,10,-10,10,-10,10,-10,11,-9,11]
[0;32mI (247494) TAG: STA connected to 24:ec:4a:03:58:5d, ch=1 (sec=0)[0m
anchor,A1,24:ec:4a:03:58:5d,ch=1
ftm_report,A1,13,13,1.950
csi_data,A1,[0,0,-12,8,-11,8,-12,8,-11,9,-11,9,-11,9,-11,9,-10,10,-9,10,-9,10,-9,11,-9,11,-9,11,-8,13,-8,13,-9,13,-9,13,-10,14,-10,13,-11,13,-12,13,-12,12,-12,10,-13,10,-13,9,-14,8,0,0,0,0,0,0,0,0,0,0,0,0,0,0,0,0,0,0,0,0,0,0,-10,3,-10,3,-10,2,-11,2,-11,2,-12,2,-12,2,-12,1,-12,1,-11,0,-12,1,-12,1,-12,1,-11,1,-11,2,-11,3,-11,3,-11,3,-11,4,-11,4,-11,5,-11,6,-11,6,-12,7,-12,7,-12,8]
[0;32mI (248384) TAG: STA connected to 24:ec:4a:04:39:15, ch=6 (sec=0)[0m
anchor,A2,24:ec:4a:04:39:15,ch=6
ftm_report,A2,14,14,2.100
csi_data,A2,[0,0,14,4,14,4,14,4,13,4,13,3,13,3,12,3,12,2,12,2,12,1,12,0,12,0,12,-1,13,0,12,0,12,0,12,0,13,0,13,0,12,1,12,1,12,2,11,2,11,2,10,3,10,3,0,0,0,0,0,0,0,0,0,0,0,0,0,0,0,0,0,0,0,0,0,0,10,2,10,2,10,3,11,4,11,4,11,5,11,6,11,6,11,6,10,6,10,6,10,6,11,6,11,6,11,6,10,6,11,5,11,5,12,4,12,4,12,4,13,4,13,4,13,3,14,3,14,4]
[0;32mI (249254) TAG: STA connected to 24:ec:4a:03:56:41, ch=11 (sec=0)[0m
anchor,A3,24:ec:4a:03:56:41,ch=11
ftm_report,A3,18,18,2.700
[0;32mI (250104) TAG: STA connected to 24:ec:4a:03:58:5d, ch=1 (sec=0)[0m
csi_data,A1,[0,0,7,11,8,11,8,10,8,10,8,10,9,10,9,9,9,9,9,8,10,8,10,8,11,8,11,8,12,8,12,8,12,8,13,9,12,9,12,10,12,10,11,11,11,11,10,12,9,12,8,12,7,13,0,0,0,0,0,0,0,0,0,0,0,0,0,0,0,0,0,0,0,0,0,0,3,9,3,9,2,9,2,9,2,10,1,10,1,10,0,11,0,11,0,10,0,11,0,10,1,10,1,10,2,10,2,10,2,10,3,10,4,10,4,10,5,10,5,10,5,11,6,11,7,11,7,11]
anchor,A1,24:ec:4a:03:58:5d,ch=1
ftm_report,A1,8,8,1.200
[0;32mI (251004) TAG: STA connected to 24:ec:4a:04:39:15, ch=6 (sec=0)[0m
csi_data,A2,[0,0,-12,9,-12,8,-12,8,-11,8,-12,8,-11,8,-11,8,-10,8,-9,9,-9,9,-9,9,-8,9,-8,9,-8,10,-8,10,-8,10,-8,10,-8,10,-8,10,-9,9,-9,9,-9,8,-9,8,-10,7,-9,6,-10,6,0,0,0,0,0,0,0,0,0,0,0,0,0,0,0,0,0,0,0,0,0,0,-9,6,-10,6,-10,5,-11,5,-11,5,-12,5,-12,5,-12,4,-13,4,-12,3,-13,4,-13,3,-13,3,-12,4,-12,4,-12,4,-12,5,-11,6,-12,6,-12,6,-12,7,-12,7,-12,8,-12,8,-13,8,-12,8]
anchor,A2,24:ec:4a:04:39:15,ch=6
ftm_report,A2,15,15,2.250
[0;32mI (251874) TAG: STA connected to 24:ec:4a:03:56:41, ch=11 (sec=0)[0m
csi_data,A3,[0,0,-8,12,-7,12,-7,11,-7,12,-6,11,-6,11,-5,11,-5,11,-4,11,-4,11,-3,11,-3,11,-2,11,-2,11,-2,12,-2,12,-2,12,-2,12,-3,12,-3,12,-3,11,-4,10,-4,10,-4,10,-4,9,-5,9,0,0,0,0,0,0,0,0,0,0,0,0,0,0,0,0,0,0,0,0,0,0,-5,11,-6,11,-7,11,-8,11,-9,11,-10,11,-11,11,-11,10,-11,10,-11,9anchor,A3,24:ec:4a:03:56:41,ch=11
ftm_report,A3,16,16,2.400,
-12,9,-11,9,-11,9,-10,9,-10,9,-10,9,-10,10,-9,10,-9,10,-9,11,-9,11,-8,11,-8,12,-8,12,-8,12,-7,12]
[0;32mI (252744) TAG: STA connected to 24:ec:4a:03:58:5d, ch=1 (sec=0)[0m
anchor,A1,24:ec:4a:03:58:5d,ch=1
ftm_report,A1,7,7,1.050
csi_data,A1,[0,0,5,-13,4,-13,4,-13,4,-14,3,-13,3,-14,2,-14,2,-14,1,-14,1,-14,0,-15,0,-14,0,-15,-1,-15,-1,-16,-1,-16,-1,-16,-1,-17,0,-17,0,-17,1,-17,2,-17,3,-16,4,-16,5,-15,5,-15,0,0,0,0,0,0,0,0,0,0,0,0,0,0,0,0,0,0,0,0,0,0,6,-8,6,-8,7,-8,7,-7,7,-8,8,-7,8,-8,9,-7,9,-7,8,-7,9,-7,9,-7,8,-7,8,-7,7,-8,7,-8,7,-8,7,-9,6,-9,6,-10,5,-10,5,-11,5,-12,5,-12,5,-12,5,-13]
[0;32mI (253604) TAG: STA connected to 24:ec:4a:04:39:15, ch=6 (sec=0)[0m
anchor,A2,24:ec:4a:04:39:15,ch=6
ftm_report,A2,15,15,2.250
csi_data,A2,[0,0,12,8,12,7,12,8,11,7,12,7,11,6,11,6,11,5,11,6,11,4,12,4,12,3,12,3,12,3,11,3,12,4,12,3,12,4,12,5,11,5,11,5,10,5,10,5,10,5,9,6,8,6,0,0,0,0,0,0,0,0,0,0,0,0,0,0,0,0,0,0,0,0,0,0,9,4,10,5,9,5,10,6,9,6,9,8,9,8,9,9,8,9,8,9,9,9,8,9,9,8,8,8,9,8,8,8,9,8,9,7,10,8,10,7,11,7,11,7,12,7,13,7,12,7,13,8]
[0;32mI (254454) TAG: STA connected to 24:ec:4a:03:56:41, ch=11 (sec=0)[0m
anchor,A3,24:ec:4a:03:56:41,ch=11
ftm_report,A3,16,16,2.400
csi_data,A3,[0,0,14,-3,13,-3,13,-3,12,-3,12,-4,12,-4,11,-4,11,-4,10,-5,10,-5,10,-6,10,-6,10,-6,10,-7,9,-7,10,-7,10,-7,10,-7,10,-7,10,-6,10,-6,10,-5,10,-4,10,-4,9,-4,10,-3,0,0,0,0,0,0,0,0,0,0,0,0,0,0,0,0,0,0,0,0,0,0,12,-4,12,-4,12,-3,13,-2,13,-1,14,-1,14,0,14,0,14,1,13,1,14,1,13,2,13,1,13,1,13,1,12,1,13,0,12,0,13,-1,13,-1,13,-2,13,-2,13,-3,14,-2,14,-2,14,-3]
[0;32mI (255314) TAG: STA connected to 24:ec:4a:03:58:5d, ch=1 (sec=0)[0m
anchor,A1,24:ec:4a:03:58:5d,ch=1
ftm_report,A1,14,14,2.100
csi_data,A1,[0,0,-7,-13,-7,-13,-8,-13,-7,-13,-8,-12,-8,-12,-8,-12,-9,-11,-9,-11,-9,-11,-10,-11,-11,-10,-11,-10,-12,-10,-12,-11,-12,-11,-13,-11,-12,-12,-12,-13,-11,-13,-11,-14,-10,-14,-10,-14,-9,-14,-7,-14,-6,-15,0,0,0,0,0,0,0,0,0,0,0,0,0,0,0,0,0,0,0,0,0,0,-2,-10,-2,-11,-2,-11,-1,-11,-1,-11,0,-12,0,-12,1,-12,1,-12,0,-11,0,-12,0,-12,0,-11,-1,-11,-1,-11,-1,-11,-2,-11,-2,-11,-3,-12,-4,-12,-4,-12,-5,-12,-5,-12,-6,-12,-6,-13,-6,-13]
[0;32mI (256164) TAG: STA connected to 24:ec:4a:04:39:15, ch=6 (sec=0)[0m
anchor,A2,24:ec:4a:04:39:15,ch=6
ftm_report,A2,15,15,2.250
[0;32mI (257034) TAG: STA connected to 24:ec:4a:03:56:41, ch=11 (sec=0)[0m
csi_data,A3,[0,0,-13,-8,-12,-8,-13,-8,-12,-7,-12,-7,-12,-6,-12,-6,-12,-5,-12,-4,-12,-4,-12,-3,-12,-3,-12,-3,-13,-2,-12,-2,-13,-2,-12,-2,-13,-2,-13,-3,-12,-3,-12,-3,-12,-4,-11,-4,-11,-4,-10,-5,-10,-5,0,0,0,0,0,0,0,0,0,0,0,0,0,0,0,0,0,0,0,0,0,0,-12,-6,-12,-6,-12,-7,-12,-8,-12,-9,-12,-10,-11,-10,-11,-11,-11,-11,-10,-11,-10,-11,-10,-11,-10,-11,-10,-11,-10,-11,-9,-10,-10,-10,-10,-9,-11,-10,-11,-9,-12,-9,-12,-8,-12,-8,-13,-8,-13,-8,-13,-8]
anchor,A3,24:ec:4a:03:56:41,ch=11
ftm_report,A3,16,16,2.400
[0;32mI (257904) TAG: STA connected to 24:ec:4a:03:58:5d, ch=1 (sec=0)[0m
csi_data,A1,[0,0,13,-6,12,-6,12,-6,12,-6,12,-7,12,-7,12,-7,11,-7,11,-8,10,-9,10,-10,10,-10,10,-10,11,-11,10,-11,11,-12,11,-11,12,-12,12,-11,13,-10,13,-10,14,-9,14,-8,14,-8,14,-7,14,-5,0,0,0,0,0,0,0,0,0,0,0,0,0,0,0,0,0,0,0,0,0,0,9,-2,10,-2,10,-1,10,0,10,0,11,0,11,1,11,1,11,1,10,1,11,1,10,1,10,1,10,1,11,0,10,-1,10,-1,10,-1,11,-2,11,-2,11,-3,11,-3,11,-4,12,-4,12,-5,13,-6]
anchor,A1,24:ec:4a:03:58:5d,ch=1
ftm_report,A1,8,8,1.200
[0;32mI (258754) TAG: STA connected to 24:ec:4a:04:39:15, ch=6 (sec=0)[0m
anchor,A2,24:ec:4a:04:39:15,ch=6
ftm_report,A2,14,14,2.100
csi_data,A2,[0,0,-7,14,-7,13,-7,12,-6,13,-6,12,-6,12,-5,12,-5,12,-4,12,-4,12,-3,12,-3,12,-3,12,-2,12,-2,13,-2,13,-3,12,-3,13,-3,13,-4,12,-4,12,-5,11,-5,11,-5,10,-5,10,-6,9,0,0,0,0,0,0,0,0,0,0,0,0,0,0,0,0,0,0,0,0,0,0,-4,10,-5,10,-5,10,-6,10,-7,10,-7,10,-8,10,-8,10,-8,10,-9,9,-9,10,-9,10,-9,9,-8,9,-8,9,-8,10,-7,10,-7,11,-7,10,-7,11,-7,11,-7,12,-7,13,-6,13,-6,13,-6,13]
[0;32mI (259604) TAG: STA connected to 24:ec:4a:03:56:41, ch=11 (sec=0)[0m
anchor,A3,24:ec:4a:03:56:41,ch=11
ftm_report,A3,17,17,2.550
csi_data,A3,[0,0,3,-14,3,-14,3,-14,3,-13,2,-13,1,-13,1,-13,0,-12,0,-12,0,-12,-1,-12,-1,-12,-2,-12,-2,-12,-2,-12,-2,-12,-2,-12,-2,-13,-2,-13,-1,-12,-1,-12,-1,-12,0,-11,0,-11,1,-11,1,-10,0,0,0,0,0,0,0,0,0,0,0,0,0,0,0,0,0,0,0,0,0,0,2,-13,3,-14,3,-13,4,-14,5,-14,6,-14,6,-13,7,-13,7,-13,8,-12,8,-12,8,-12,7,-12,7,-12,7,-12,6,-12,6,-12,5,-12,5,-13,4,-13,4,-13,4,-14,4,-14,4,-14,4,-14,4,-15]
[0;32mI (260474) TAG: STA connected to 24:ec:4a:03:58:5d, ch=1 (sec=0)[0m
anchor,A1,24:ec:4a:03:58:5d,ch=1
ftm_report,A1,10,10,1.500
csi_data,A1,[0,0,-7,12,-7,12,-7,12,-7,12,-6,12,-6,12,-5,12,-5,12,-4,13,-4,13,-3,14,-3,13,-2,14,-2,14,-2,15,-2,15,-2,16,-3,16,-3,16,-4,16,-5,16,-6,15,-6,15,-7,14,-8,14,-8,13,0,0,0,0,0,0,0,0,0,0,0,0,0,0,0,0,0,0,0,0,0,0,-8,7,-8,6,-8,6,-9,6,-9,6,-10,6,-10,5,-10,5,-11,5,-10,5,-10,5,-10,5,-10,5,-9,5,-9,6,-9,7,-9,7,-8,7,-8,7,-8,8,-8,8,-8,9,-8,10,-7,11,-7,11,-7,12]
[0;32mI (261324) TAG: STA connected to 24:ec:4a:04:39:15, ch=6 (sec=0)[0m
anchor,A2,24:ec:4a:04:39:15,ch=6
ftm_report,A2,15,15,2.250
[0;32mI (262254) TAG: STA connected to 24:ec:4a:03:56:41, ch=11 (sec=0)[0m
anchor,A3,24:ec:4a:03:56:41,ch=11
ftm_report,A3,20,20,3.000
[0;32mI (263104) TAG: STA connected to 24:ec:4a:03:58:5d, ch=1 (sec=0)[0m
csi_data,A1,[0,0,-5,13,-4,13,-4,13,-4,13,-3,13,-3,13,-2,13,-2,13,-2,13,-1,13,0,14,0,14,0,14,1,15,1,15,1,16,0,15,0,17,-1,17,-1,17,-2,17,-3,16,-4,15,-4,15,-5,15,-6,14,0,0,0,0,0,0,0,0,0,0,0,0,0,0,0,0,0,0,0,0,0,0,-5,8,-6,9,-6,8,-7,8,-7,8,-8,8,-8,8,-8,8,-9,8,-8,7,-9,8,-8,8,-8,8,-8,8,-7,8,-7,8,-7,9,-6,9,-6,10,-6,10,-6,10,-5,11,-5,11,-5,12,-5,13,-5,13]
anchor,A1,24:ec:4a:03:58:5d,ch=1
ftm_report,A1,8,8,1.200
[0;32mI (263964) TAG: STA connected to 24:ec:4a:04:39:15, ch=6 (sec=0)[0m
csi_data,A2,[0,0,6,-14,6,-13,6,-14,5,-13,5,-13,5,-13,4,-13,4,-13,3,-13,2,-13,2,-13,2,-13,2,-13,1,-13,1,-13,1,-14,2,-13,2,-13,2,-13,3,-13,3,-13,4,-12,4,-11,4,-11,4,-11,5,-10,0,0,0,0,0,0,0,0,0,0,0,0,0,0,0,0,0,0,0,0,0,0,3,-11,4,-11,5,-11,5,-11,6,-11,7,-11,7,-11,7,-11,8,-11,8,-10,8,-10,8,-10,8,-10,8,-10,7,-10,7,-10,7,-11,6,-11,6,-12,6,-12,6,-12,6,-13,5,-13,6,-13,6,-14,6,-14]
anchor,A2,24:ec:4a:04:39:15,ch=6
ftm_report,A2,15,15,2.250
[0;32mI (264834) TAG: STA connected to 24:ec:4a:03:56:41, ch=11 (sec=0)[0m
anchor,A3,24:ec:4a:03:56:41,ch=11
ftm_report,A3,16,16,2.400
csi_data,A3,[0,0,-12,8,-12,8,-12,8,-11,8,-10,8,-10,8,-9,8,-9,8,-8,8,-8,9,-7,9,-7,9,-7,9,-7,9,-6,10,-6,10,-7,10,-7,10,-7,10,-7,10,-7,9,-7,8,-8,8,-8,7,-8,7,-8,6,0,0,0,0,0,0,0,0,0,0,0,0,0,0,0,0,0,0,0,0,0,0,-10,8,-11,8,-12,7,-12,6,-13,6,-14,6,-14,5,-15,5,-15,4,-14,3,-15,3,-14,3,-14,3,-14,3,-13,4,-13,4,-13,5,-13,5,-13,5,-13,6,-12,6,-13,7,-13,7,-13,7,-12,7,-12,8]
[0;32mI (265694) TAG: STA connected to 24:ec:4a:03:58:5d, ch=1 (sec=0)[0m
anchor,A1,24:ec:4a:03:58:5d,ch=1
ftm_report,A1,10,10,1.500
csi_data,A1,[0,0,-3,-14,-3,-14,-3,-14,-3,-14,-4,-14,-4,-14,-5,-14,-5,-13,-5,-13,-6,-13,-7,-14,-7,-13,-7,-13,-8,-13,-8,-14,-8,-14,-8,-15,-8,-15,-8,-16,-7,-16,-6,-17,-5,-16,-4,-16,-4,-16,-2,-16,-1,-16,0,0,0,0,0,0,0,0,0,0,0,0,0,0,0,0,0,0,0,0,0,0,0,-10,1,-11,1,-11,1,-11,1,-11,2,-11,3,-11,3,-11,4,-11,3,-11,3,-11,3,-11,3,-11,2,-11,2,-11,2,-11,1,-11,1,-11,0,-12,0,-12,-1,-12,-1,-13,-1,-13,-2,-13,-2,-14,-2,-14]
[0;32mI (266544) TAG: STA connected to 24:ec:4a:04:39:15, ch=6 (sec=0)[0m
anchor,A2,24:ec:4a:04:39:15,ch=6
ftm_report,A2,15,15,2.250
csi_data,A2,[0,0,13,6,13,5,13,5,13,5,12,5,12,4,12,4,12,3,12,3,12,2,12,2,12,1,12,1,12,1,12,1,12,1,12,1,12,2,12,2,12,2,12,3,11,3,11,3,10,4,10,4,9,5,0,0,0,0,0,0,0,0,0,0,0,0,0,0,0,0,0,0,0,0,0,0,10,3,10,4,10,4,10,5,10,6,10,6,10,7,10,7,10,8,10,8,9,8,9,8,9,8,9,7,10,7,9,7,10,7,10,6,11,6,11,6,12,5,12,5,12,6,13,5,13,5,13,5]
[0;32mI (267424) TAG: STA connected to 24:ec:4a:03:56:41, ch=11 (sec=0)[0m
anchor,A3,24:ec:4a:03:56:41,ch=11
ftm_report,A3,15,15,2.250
csi_data,A3,[0,0,-15,2,-15,2,-14,1,-14,2,-13,2,-13,2,-13,3,-12,3,-12,4,-11,4,-11,4,-11,5,-11,5,-11,5,-11,6,-11,6,-11,5,-11,5,-11,5,-11,5,-11,5,-11,3,-11,3,-11,2,-11,2,-11,1,0,0,0,0,0,0,0,0,0,0,0,0,0,0,0,0,0,0,0,0,0,0,-13,4,-13,3,-14,2,-14,1,-14,1,-15,0,-15,0,-15,-1,-15,-2,-15,-2,-15,-3,-14,-3,-14,-3,-14,-2,-14,-2,-14,-2,-14,-1,-14,-1,-14,-1,-14,0,-14,1,-15,1,-15,2,-15,1,-15,1,-14,2]
[0;32mI (268274) TAG: STA connected to 24:ec:4a:03:58:5d, ch=1 (sec=0)[0m
anchor,A1,24:ec:4a:03:58:5d,ch=1
ftm_report,A1,12,12,1.800
csi_data,A1,[0,0,-11,-9,-12,-9,-12,-9,-12,-8,-12,-8,-12,-8,-13,-7,-13,-7,-13,-7,-I (269144) TAG: STA connected to 24:ec:4a:04:39:15, ch=6 (sec=0)
13,-6,-14,-5,-14,-5,-14,-5,-15,-5,-15,-5,-16,-5,-16,-5,-16,-6,-16,-6,-16,-7,-16,-8,-15,-8,-15,-9,-14,-9,-13,-10,-12,-11,0,0,0,0,0,0,0,0,0,0,0,0,0,0,0,0,0,0,0,0,0,0,-6,-9,-6,-9,-6,-10,-6,-10,-5,-10,-4,-11,-4,-11,-4,-11,-4,-11,-4,-11,-4,-11,-4,-11,-4,-11,-5,-11,-5,-10,-6,-10,-6,-10,-6,-10,-7,-10,-8,-10,-8,-9,-9,-10,-9,-9,-10,-9,-11,-10,-11,-10]
anchor,A2,24:ec:4a:04:39:15,ch=6
ftm_report,A2,14,14,2.100
[0;32mI (270004) TAG: STA connected to 24:ec:4a:03:56:41, ch=11 (sec=0)[0m
csi_data,A3,[0,0,10,-11,9,-11,9,-11,9,-11,8,-11,7,-11,7,-11,6,-11,6,-11,5,-11,5,-11,5,-11,5,-12,4,-12,4,-12,4,-12,5,-12,5,-12,5,-12,6,-12,6,-12,6,-11,6,-10,7,-9,7,-9,7,-8,0,0,0,0,0,0,0,0,0,0,0,0,0,0,0,0,0,0,0,0,0,0,6,-11,7,-11,8,-10,8,-10,9,-10,10,-10,11,-10,11,-9,12,-9,11,-8,12,-8,12,-8,11,-8,11,-7,10,-8,10,-8,10,-8,10,-9,9,-9,9,-10,9,-10,9,-10,9,-11,9,-11,9,-11,9,-12]
anchor,A3,24:ec:4a:03:56:41,ch=11
ftm_report,A3,16,16,2.400
[0;32mI (270854) TAG: STA connected to 24:ec:4a:03:58:5d, ch=1 (sec=0)[0m
anchor,A1,24:ec:4a:03:58:5d,ch=1
ftm_report,A1,7,7,1.050
csi_data,A1,[0,0,-10,9,-10,9,-10,9,-10,10,-9,10,-9,10,-9,10,-8,10,-8,11,-7,11,-7,12,-6,12,-6,12,-6,13,-6,14,-6,14,-7,14,-7,15,-8,15,-8,14,-9,14,-10,13,-10,12,-11,12,-11,11,-12,10,0,0,0,0,0,0,0,0,0,0,0,0,0,0,0,0,0,0,0,0,0,0,-10,4,-10,4,-11,3,-11,3,-11,3,-12,2,-12,2,-12,2,-12,2,-12,1,-12,2,-12,2,-11,2,-11,2,-11,3,-11,4,-11,4,-10,4,-10,5,-10,5,-10,6,-10,6,-10,7,-10,8,-10,8,-10,9]
[0;32mI (271724) TAG: STA connected to 24:ec:4a:04:39:15, ch=6 (sec=0)[0m
[1;31mE (271894) wifi:No FTM Measurements received from responder![0m
[0;33mW (271994) TAG: FTM to A2 failed (ESP_FAIL), streak=1[0m
csi_data,A2,[0,0,-14,-6,-14,-6,-14,-5,-13,-5,-13,-5,-13,-4,-13,-4,-13,-3,-13,-3,-13,-3,-13,-3,-13,-2,-13,-2,-13,-1,-13,-1,-13,-1,-14,-1,-13,-2,-13,-2,-13,-3,-13,-3,-13,-3,-12,-4,-12,-4,-11,-5,-11,-5,0,0,0,0,0,0,0,0,0,0,0,0,0,0,0,0,0,0,0,0,0,0,-11,-4,-11,-5,-11,-5,-11,-6,-11,-7,-11,-8,-11,-8,-11,-8,-11,-8,-10,-9,-10,-9,-10,-9,-10,-9,-10,-8,-10,-8,-10,-8,-11,-7,-11,-7,-12,-7,-12,-6,-12,-6,-13,-6,-13,-6,-14,-6,-14,-6,-14,-6]
[0;32mI (272594) TAG: STA connected to 24:ec:4a:03:56:41, ch=11 (sec=0)[0m
anchor,A3,24:ec:4a:03:56:41,ch=11
ftm_report,A3,21,21,3.150
csi_data,A3,[0,0,-15,3,-14,2,-14,3,-13,3,-14,3,-13,3,-13,4,-12,4,-12,5,-11,5,-11,6,-11,6,-11,6,-11,6,-11,7,-11,7,-11,7,-12,7,-12,6,-12,6,-12,5,-12,4,-12,4,-12,3,-12,3,-11,2,0,0,0,0,0,0,0,0,0,0,0,0,0,0,0,0,0,0,0,0,0,0,-12,3,-13,3,-13,2,-13,1,-13,1,-14,0,-15,-1,-15,-1,-15,-2,-14,-2,-14,-2,-14,-2,-14,-2,-14,-2,-14,-1,-13,-1,-14,0,-13,0,-14,0,-14,1,-14,1,-14,1,-14,2,-15,2,-15,2,-15,3]
[0;32mI (273514) TAG: STA connected to 24:ec:4a:03:58:5d, ch=1 (sec=0)[0m
anchor,A1,24:ec:4a:03:58:5d,ch=1
ftm_report,A1,7,7,1.050
csi_data,A1,[0,0,12,-2,13,-2,13,-3,13,-3,13,-3,13,-4,12,-4,12,-5,11,-5,12,-6,12,-6,12,-7,12,-7,12,-8,12,-8,13,-9,14,-8,14,-9,14,-8,15,-7,15,-7,15,-6,15,-5,15,-4,15,-3,15,-2,0,0,0,0,0,0,0,0,0,0,0,0,0,0,0,0,0,0,0,0,0,0,10,2,10,3,10,4,10,4,10,5,10,5,10,5,9,5,9,5,9,6,9,5,9,5,9,5,9,5,9,4,9,3,9,3,9,2,10,2,11,1,11,1,11,0,11,0,12,0,12,-1,13,-1]
[0;32mI (274404) TAG: STA connected to 24:ec:4a:04:39:15, ch=6 (sec=0)[0m
anchor,A2,24:ec:4a:04:39:15,ch=6
ftm_report,A2,0,0,-1.000
csi_data,A2,[0,0,-9,-13,-9,-12,-8,-12,-8,-12,-9,-11,-9,-11,-9,-10,-9,-10,-9,-10,-10,-10,-9,-9,-10,-9,-10,-8,-11,-8,-11,-9,-11,-9,-11,-9,-11,-9,-11,-9,-10,-10,-10,-10,-9,-10,-8,-10,-8,-10,-7,-11,-6,-11,0,0,0,0,0,0,0,0,0,0,0,0,0,0,0,0,0,0,0,0,0,0,-7,-10,-7,-10,-6,-11,-6,-11,-6,-12,-5,-12,-5,-12,-5,-13,-4,-13,-4,-13,-4,-13,-3,-13,-4,-12,-4,-12,-4,-12,-4,-12,-5,-12,-6,-12,-6,-12,-7,-12,-7,-11,-8,-12,-8,-12,-8,-12,-8,-12,-8,-13]
[0;32mI (275264) TAG: STA connected to 24:ec:4a:03:56:41, ch=11 (sec=0)[0m
anchor,A3,24:ec:4a:03:56:41,ch=11
ftm_report,A3,15,15,2.250
[0;32mI (276124) TAG: STA connected to 24:ec:4a:03:58:5d, ch=1 (sec=0)[0m
anchor,A1,24:ec:4a:03:58:5d,ch=1
ftm_report,A1,6,6,0.900
[0;32mI (276994) TAG: STA connected to 24:ec:4a:04:39:15, ch=6 (sec=0)[0m
csi_data,A2,[0,0,-11,-11,-11,-11,-10,-11,-10,-11,-10,-10,-10,-10,-11,-9,-11,-9,-11,-9,-11,-8,-11,-8,-11,-7,-12,-7,-12,-7,-12,-7,-12,-7,-12,-7,-12,-8,-12,-8,-12,-8,-11,-9,-11,-9,-10,-9,-10,-9,-9,-9,-8,-10,0,0,0,0,0,0,0,0,0,0,0,0,0,0,0,0,0,0,0,0,0,0,-8,-9,-8,-9,-8,-10,-7,-10,-7,-11,-7,-12,-7,-12,-6,-12,-6,-12,-6,-12,-6,-13,-5,-12,-6,-12,-6,-12,-6,-12,-6,-12,-7,-12,-7,-11,-8,-11,-8,-11,-9,-11,-9,-11,-10,-11,-10,-11,-10,-11,-10,-11]
anchor,A2,24:ec:4a:04:39:15,ch=6
ftm_report,A2,1,1,0.150
[0;32mI (277844) TAG: STA connected to 24:ec:4a:03:56:41, ch=11 (sec=0)[0m
anchor,A3,24:ec:4a:03:56:41,ch=11
ftm_report,A3,16,16,2.400
csi_data,A3,[0,0,4,-14,3,-14,3,-14,3,-14,2,-14,2,-13,1,-13,1,-13,0,-13,0,-13,0,-13,-1,-12,-1,-13,-2,-13,-2,-13,-2,-13,-2,-13,-2,-13,-1,-14,-1,-13,-1,-13,0,-12,1,-12,1,-12,2,-11,2,-11,0,0,0,0,0,0,0,0,0,0,0,0,0,0,0,0,0,0,0,0,0,0,3,-12,4,-13,4,-12,5,-12,5,-12,7,-13,7,-13,8,-12,8,-12,8,-11,9,-11,9,-11,8,-11,8,-11,7,-11,7,-11,6,-12,6,-12,6,-12,5,-13,5,-13,4,-13,4,-14,4,-14,4,-14,4,-15]
[0;32mI (278704) TAG: STA connected to 24:ec:4a:03:58:5d, ch=1 (sec=0)[0m
anchor,A1,24:ec:4a:03:58:5d,ch=1
ftm_report,A1,8,8,1.200
csi_data,A1,[0,0,12,4,12,4,12,4,12,3,12,3,12,3,12,2,12,2,12,1,12,0,13,0,13,-1,13,-1,14,-1,14,-1,15,-1,15,-1,16,-1,16,0,15,1,15,1,15,2,15,3,15,3,14,4,14,5,0,0,0,0,0,0,0,0,0,0,0,0,0,0,0,0,0,0,0,0,0,0,7,6,7,7,7,7,7,8,7,8,7,8,6,9,6,8,5,9,6,8,6,8,6,8,6,8,6,8,6,7,6,6,7,6,7,6,8,6,8,6,9,5,9,5,10,4,11,4,11,4,12,4]
[0;32mI (279564) TAG: STA connected to 24:ec:4a:04:39:15, ch=6 (sec=0)[0m
anchor,A2,24:ec:4a:04:39:15,ch=6
ftm_report,A2,1,1,0.150
csi_data,A2,[0,0,11,10,10,9,10,9,10,9,10,8,10,8,10,8,10,7,10,7,10,6,11,6,11,5,11,5,12,5,11,5,12,6,11,5,11,6,11,6,10,7,10,7,10,7,9,7,9,7,8,8,8,8,0,0,0,0,0,0,0,0,0,0,0,0,0,0,0,0,0,0,0,0,0,0,9,6,9,7,8,7,8,9,8,9,8,10,7,10,7,10,6,11,6,10,6,10,6,10,7,10,7,10,7,10,6,10,7,10,7,9,8,9,8,9,9,9,9,9,10,9,11,8,11,9,11,9]
[0;32mI (280434) TAG: STA connected to 24:ec:4a:03:56:41, ch=11 (sec=0)[0m
anchor,A3,24:ec:4a:03:56:41,ch=11
ftm_report,A3,16,16,2.400
csi_data,A3,[0,0,-8,-12,-9,-12,-9,-11,-8,-11,-9,-11,-9,-10,-9,-10,-9,-9,-9,-9,-9,-8,-9,-8,-10,-7,-10,-7,-10,-7,-10,-7,-10,-7,-10,-7,-10,-7,-10,-8,-10,-8,-9,-8,-9,-8,-8,-8,-8,-9,-7,-9,-6,-9,0,0,0,0,0,0,0,0,0,0,0,0,0,0,0,0,0,0,0,0,0,0,-9,-10,-8,-10,-8,-11,-8,-12,-7,-12,-7,-13,-6,-13,-6,-14,-5,-14,-5,-14,-4,-14,-4,-14,-5,-13,-5,-13,-5,-13,-5,-12,-5,-12,-6,-12,-6,-12,-7,-12,-7,-12,-8,-12,-8,-12,-8,-12,-8,-12,-8,-12]
[0;32mI (281284) TAG: STA connected to 24:ec:4a:03:58:5d, ch=1 (sec=0)[0m
anchor,A1,24:ec:4a:03:58:5d,ch=1
ftm_report,A1,11,11,1.650
csi_data,A1,[0,0,-8,-11,-9,-11,-9,-11,-9,-11,-10,-10,-10,-10,-10,-10,-10,-10,-11,-9,-11,-8,-12,-8,-12,-8,-13,-8,-13,-8,-14,-8,-14,-8,-14,-8,-14,-9,-14,-10,-14,-11,-14,-11,-13,-12,-12,-12,-12,-12,-10,-13,-9,-13,0,0,0,0,0,0,0,0,0,0,0,0,0,0,0,0,0,0,0,0,0,0,-4,-11,-3,-11,-3,-12,-3,-12,-2,-12,-1,-12,-1,-13,0,-12,0,-12,0,-12,-1,-12,-1,-12,-1,-12,-2,-11,-2,-11,-2,-11,-3,-11,-3,-11,-4,-11,-5,-11,-5,-11,-6,-11,-6,-11,-7,-11,-8,-11,-8,-11]
[0;32mI (282164) TAG: STA connected to 24:ec:4a:04:39:15, ch=6 (sec=0)[0m
anchor,A2,24:ec:4a:04:39:15,ch=6
ftm_report,A2,8,8,1.200
[0;32mI (283054) TAG: STA connected to 24:ec:4a:03:56:41, ch=11 (sec=0)[0m
csi_data,A3,[0,0,9,-11,9,-11,8,-11,9,-11,7,-11,7,-10,7,-11,6,-11,6,-11,5,-11,5,-11,4,-11,4,-11,4,-12,4,-12,4,-12,4,-12,4,-12,4,-12,5,-12,5,-11,6,-10,6,-10,6,-9,6,-9,7,-8,0,0,0,0,0,0,0,0,0,0,0,0,0,0,0,0,0,0,0,0,0,0,6,-11,7,-11,8,-10,8,-10,9,-10,10,-10,11,-9,11,-9,12,-9,12,-8,12,-8,12,-7,11,-7,11,-7,11,-8,10,-8,10,-8,10,-9,9,-9,9,-10,9,-10,9,-10,10,-11,9,-11,9,-11,9,-11]
anchor,A3,24:ec:4a:03:56:41,ch=11
ftm_report,A3,16,16,2.400
[0;32mI (283924) TAG: STA connected to 24:ec:4a:03:58:5d, ch=1 (sec=0)[0m
csi_data,A1,[0,0,13,2,13,2,13,1,13,1,13,1,13,0,13,0,13,-1,13,-1,13,-2,13,-3,13,-3,14,-3,14,-4,15,-4,15,-4,16,-4,16,-4,16,-3,16,-3,17,-2,17,-1,17,0,16,1,16,2,15,3,0,0,0,0,0,0,0,0,0,0,0,0,0,0,0,0,0,0,0,0,0,0,9,5,9,5,9,6,9,7,9,7,9,7,8,8,8,8,8,8,8,8,8,8,8,8,8,7,8,7,8,7,9,6,8,5,9,5,9,5,10,4,10,4,11,3,11,3,12,3,12,3,13,2]
anchor,A1,24:ec:4a:03:58:5d,ch=1
ftm_report,A1,15,15,2.250
[0;32mI (284834) TAG: STA connected to 24:ec:4a:04:39:15, ch=6 (sec=0)[0m
anchor,A2,24:ec:4a:04:39:15,ch=6
ftm_report,A2,2,2,0.300
csi_data,A2,[0,0,-6,14,-6,13,-6,13,-5,13,-5,12,-5,12,-4,12,-4,12,-3,12,-3,12,-2,12,-2,12,-2,12,-1,12,-1,13,-1,13,-2,13,-2,13,-2,13,-3,13,-3,13,-4,12,-4,12,-4,11,-5,11,-5,11,0,0,0,0,0,0,0,0,0,0,0,0,0,0,0,0,0,0,0,0,0,0,-5,10,-5,10,-6,10,-7,10,-7,10,-8,10,-8,10,-9,10,-9,10,-9,9,-9,9,-9,9,-9,9,-9,9,-8,9,-8,10,-7,10,-7,10,-7,10,-7,11,-7,11,-6,12,-6,13,-6,12,-6,13,-6,13]
[0;32mI (285704) TAG: STA connected to 24:ec:4a:03:56:41, ch=11 (sec=0)[0m
anchor,A3,24:ec:4a:03:56:41,ch=11
ftm_report,A3,20,20,3.000
csi_data,A3,[0,0,-1,-15,-1,-14,-1,-14,-1,-14,-2,-14,-2,-13,-3,-13,-3,-12,-3,-12,-4,-12,-4,-12,-5,-11,-5,-11,-5,-11,-5,-12,-5,-11,-6,-12,-5,-12,-5,-12,-4,-12,-4,-12,-4,-11,-3,-11,-2,-11,-2,-11,-1,-11,0,0,0,0,0,0,0,0,0,0,0,0,0,0,0,0,0,0,0,0,0,0,-2,-13,-1,-13,-1,-14,0,-14,0,-14,1,-14,2,-14,3,-14,3,-14,3,-14,4,-14,4,-14,3,-14,3,-13,3,-13,3,-13,2,-13,1,-14,1,-14,0,-14,0,-14,0,-14,0,-15,-1,-15,-1,-14,-1,-15]
[0;32mI (286564) TAG: STA connected to 24:ec:4a:03:58:5d, ch=1 (sec=0)[0m
anchor,A1,24:ec:4a:03:58:5d,ch=1
ftm_report,A1,5,5,0.750
csi_data,A1,[0,0,-5,12,-5,12,-4,12,-4,13,-4,12,-3,12,-3,12,-2,12,-2,13,-1,13,0,14,0,13,1,14,1,14,1,15,1,15,1,15,0,16,-1,16,-2,16,-2,17,-3,16,-4,16,-4,15,-5,15,-6,14,0,0,0,0,0,0,0,0,0,0,0,0,0,0,0,0,0,0,0,0,0,0,-7,9,-8,9,-8,8,-9,8,-9,7,-10,8,-10,7,-10,6,-10,7,-10,6,-10,7,-10,7,-9,7,-8,7,-8,7,-8,7,-8,8,-7,8,-7,8,-7,9,-6,9,-6,10,-6,11,-5,11,-5,12,-5,12]
[0;32mI (287434) TAG: STA connected to 24:ec:4a:04:39:15, ch=6 (sec=0)[0m
anchor,A2,24:ec:4a:04:39:15,ch=6
ftm_report,A2,6,6,0.900
csi_data,A2,[0,0,-15,1,-15,1,-15,0,-14,1,-14,1,-14,1,-14,2,-13,2,-13,2,-13,3,-13,3,-13,3,-13,4,-13,4,-13,4,-13,4,-13,4,-13,4,-13,3,-13,3,-13,2,-13,2,-13,1,-13,1,-12,0,-12,-1,0,0,0,0,0,0,0,0,0,0,0,0,0,0,0,0,0,0,0,0,0,0,-12,1,-12,0,-12,0,-13,-1,-13,-1,-13,-2,-13,-2,-13,-3,-13,-3,-13,-4,-13,-4,-13,-4,-13,-4,-13,-3,-13,-3,-13,-3,-13,-2,-13,-2,-13,-1,-14,-1,-14,0,-14,0,-14,0,-15,0,-15,0,-15,0]
[0;32mI (288314) TAG: STA connected to 24:ec:4a:03:56:41, ch=11 (sec=0)[0m
anchor,A3,24:ec:4a:03:56:41,ch=11
ftm_report,A3,17,17,2.550
csi_data,A3,[0,0,-11,-10,-11,-10,-11,-10,-11,-9,-11,-8,-11,-8,-11,-7,-11,-7,-11,-6,-11,-6,-11,-5,-11,-5,-12,-5,-12,-4,-12,-4,-12,-4,-12,-4,-12,-4,-12,-5,-11,-5,-11,-5,-11,-6,-10,-6,-9,-6,-9,-6,-8,-7,0,0,0,0,0,0,0,0,0,0,0,0,0,0,0,0,0,0,0,0,0,0,-10,-8,-10,-9,-10,-10,-9,-10,-9,-11,-9,-12,-8,-12,-8,-12,-8,-13,-7,-13,-7,-13,-7,-13,-7,-13,-7,-12,-7,-12,-7,-11,-8,-11,-8,-11,-9,-11,-10,-11,-10,-10,-10,-10,-11,-10,-11,-10,-11,-10,-11,-10]
[0;32mI (289174) TAG: STA connected to 24:ec:4a:03:58:5d, ch=1 (sec=0)[0m
anchor,A1,24:ec:4a:03:58:5d,ch=1
ftm_report,A1,8,8,1.200
[0;32mI (290024) TAG: STA connected to 24:ec:4a:04:39:15, ch=6 (sec=0)[0m
csi_data,A2,[0,0,-7,-13,-8,-13,-7,-13,-7,-13,-8,-12,-8,-12,-8,-11,-8,-11,-8,-11,-9,-10,-9,-10,-9,-9,-10,-9,-10,-9,-10,-10,-10,-10,-10,-10,-10,-10,-10,-11,-9,-11,-9,-11,-8,-11,-8,-11,-7,-11,-6,-11,-6,-11,0,0,0,0,0,0,0,0,0,0,0,0,0,0,0,0,0,0,0,0,0,0,-6,-10,-5,-11,-5,-11,-5,-11,-5,-12,-4,-13,-3,-13,-3,-13,-3,-13,-3,-13,-3,-13,-3,-13,-3,-13,-3,-13,-3,-12,-3,-13,-4,-12,-4,-13,-5,-12,-5,-12,-6,-12,-6,-13,-7,-13,-7,-13,-7,-13,-7,-13]
anchor,A2,24:ec:4a:04:39:15,ch=6
ftm_report,A2,2,2,0.300
[0;32mI (290914) TAG: STA connected to 24:ec:4a:03:56:41, ch=11 (sec=0)[0m
csi_data,A3,[0,0,-15,-2,-14,-2,-14,-2,-13,-2,-14,-1,-13,-1,-13,-1,-13,0,-12,0,-12,1,-12,2,-12,2,-12,2,-12,3,-12,3,-12,3,-12,2,-12,3,-12,2,-12,2,-12,1,-12,0,-11,0,-11,0,-11,0,-11,-1,0,0,0,0,0,0,0,0,0,0,0,0,0,0,0,0,0,0,0,0,0,0,-13,0,-13,-1,-13,-2,-14,-3,-13,-4,-14,-5,-14,-5,-14,-6,-14,-6,-13,-6,-13,-6,-13,-6,-13,-6,-13,-6,-13,-6,-13,-5,-13,-5,-13,-4,-14,-4,-14,-4,-14,-4,-14,-3,-14,-2,-15,-2,-15,-2,-15,-2]
anchor,A3,24:ec:4a:03:56:41,ch=11
ftm_report,A3,18,18,2.700
[0;32mI (291764) TAG: STA connected to 24:ec:4a:03:58:5d, ch=1 (sec=0)[0m
anchor,A1,24:ec:4a:03:58:5d,ch=1
ftm_report,A1,7,7,1.050
csi_data,A1,[0,0,-12,7,-11,7,-11,8,-11,8,-11,8,-11,8,-10,9,-10,9,-9,9,-9,10,-9,11,-8,11,-8,11,-9,12,-8,12,-8,13,-9,13,-10,13,-10,13,-11,13,-12,12,-12,11,-12,10,-13,10,-13,9,-14,8,0,0,0,0,0,0,0,0,0,0,0,0,0,0,0,0,0,0,0,0,0,0,-11,2,-12,2,-12,1,-12,1,-12,0,-12,0,-12,0,-12,-1,-12,-1,-12,-1,-12,-1,-12,0,-11,0,-11,0,-11,0,-11,1,-11,2,-11,2,-11,2,-11,3,-11,4,-11,4,-11,5,-11,5,-11,6,-11,7]
[0;32mI (292644) TAG: STA connected to 24:ec:4a:04:39:15, ch=6 (sec=0)[0m
anchor,A2,24:ec:4a:04:39:15,ch=6
ftm_report,A2,1,1,0.150
csi_data,A2,[0,0,-13,7,-13,7,-13,7,-12,7,-12,7,-12,7,-11,7,-11,8,-10,8,-10,8,-9,9,-9,9,-9,9,-9,9,-9,10,-9,10,-9,10,-10,10,-10,9,-10,9,-10,8,-11,8,-11,7,-11,7,-10,6,-11,5,0,0,0,0,0,0,0,0,0,0,0,0,0,0,0,0,0,0,0,0,0,0,-9,6,-10,6,-11,5,-11,5,-12,4,-12,4,-13,4,-13,3,-13,3,-13,2,-13,3,-13,3,-13,3,-12,3,-12,3,-12,4,-12,4,-12,5,-12,5,-12,5,-12,5,-12,6,-12,7,-13,7,-13,7,-12,8]
[0;32mI (293524) TAG: STA connected to 24:ec:4a:03:56:41, ch=11 (sec=0)[0m
anchor,A3,24:ec:4a:03:56:41,ch=11
ftm_report,A3,19,19,2.850
csi_data,A3,[0,0,-11,-10,-11,-10,-11,-10,-11,-9,-11,-9,-11,-8,-11,-8,-11,-7,-11,-7,-11,-6,-11,-5,-11,-5,-12,-5,-12,-4,-12,-5,-12,-5,-12,-5,-12,-5,-12,-5,-11,-6,-11,-6,-11,-6,-10,-7,-10,-6,-9,-7,-8,-7,0,0,0,0,0,0,0,0,0,0,0,0,0,0,0,0,0,0,0,0,0,0,-11,-8,-10,-8,-10,-9,-10,-10,-10,-11,-9,-11,-9,-12,-8,-13,-8,-13,-8,-13,-7,-13,-7,-13,-7,-12,-7,-12,-8,-12,-8,-11,-8,-11,-8,-11,-9,-11,-9,-11,-10,-11,-10,-11,-10,-10,-11,-10,-11,-10,-11,-10]
[0;32mI (294384) TAG: STA connected to 24:ec:4a:03:58:5d, ch=1 (sec=0)[0m
anchor,A1,24:ec:4a:03:58:5d,ch=1
ftm_report,A1,7,7,1.050
csi_data,A1,[0,0,-12,-7,-12,-7,-13,-7,-12,-6,-13,-6,-13,-6,-13,-5,-13,-5,-13,-4,-13,-3,-14,-3,-14,-2,-15,-2,-15,-2,-15,-2,-16,-2,-16,-2,-17,-2,-17,-3,-17,-4,-17,-5,-16,-6,-16,-6,-16,-7,-15,-7,-14,-8,0,0,0,0,0,0,0,0,0,0,0,0,0,0,0,0,0,0,0,0,0,0,-8,-9,-7,-9,-7,-10,-7,-10,-6,-11,-6,-11,-6,-11,-5,-11,-5,-11,-5,-11,-5,-11,-5,-10,-6,-10,-6,-10,-6,-10,-7,-9,-7,-9,-7,-9,-8,-9,-8,-8,-9,-8,-10,-8,-10,-7,-11,-7,-12,-7,-12,-7]
[0;32mI (295254) TAG: STA connected to 24:ec:4a:04:39:15, ch=6 (sec=0)[0m
anchor,A2,24:ec:4a:04:39:15,ch=6
ftm_report,A2,0,0,-1.000
csi_data,A2,[0,0,-5,-14,-6,-14,-5,-14,-5,-14,-6,-13,-5,-13,-6,-13,-6,-12,-6,-12,-7,-12,-8,-11,-8,-11,-8,-10,-8,-11,-8,-11,-8,-11,-8,-11,-8,-12,-8,-12,-7,-12,-6,-13,-6,-12,-6,-12,-5,-12,-4,-12,-3,-12,0,0,0,0,0,0,0,0,0,0,0,0,0,0,0,0,0,0,0,0,0,0,-5,-11,-4,-12,-4,-12,-3,-12,-3,-13,-2,-13,-2,-14,-1,-14,-1,-14,-1,-13,-1,-14,-1,-14,-1,-13,-1,-13,-1,-13,-2,-13,-2,-13,-3,-13,-3,-13,-4,-13,-4,-13,-4,-14,-5,-14,-5,-14,-5,-14,-5,-14]
[0;32mI (296174) TAG: STA connected to 24:ec:4a:03:56:41, ch=11 (sec=0)[0m
anchor,A3,24:ec:4a:03:56:41,ch=11
ftm_report,A3,27,27,4.050
[0;32mI (297064) TAG: STA connected to 24:ec:4a:03:58:5d, ch=1 (sec=0)[0m
csi_data,A1,[0,0,-8,-12,-8,-11,-9,-11,-8,-11,-9,-11,-9,-11,-10,-10,-10,-10,-10,-9,-11,-9,-11,-9,-12,-8,-12,-9,-13,-8,-13,-9,-14,-9,-14,-9,-14,-10,-14,-10,-14,-11,-13,-12,-13,-12,-12,-12,-11,-13,-10,-13,-9,-14,0,0,0,0,0,0,0,0,0,0,0,0,0,0,0,0,0,0,0,0,0,0,-3,-11,-2,-12,-2,-12,-2,-12,-1,-13,0,-13,0,-13,0,-13,0,-12,0,-12,0,-12,0,-12,0,-12,-1,-11,-1,-11,-2,-11,-2,-11,-3,-11,-4,-11,-4,-11,-5,-11,-5,-11,-5,-11,-7,-12,-7,-12,-7,-12]
anchor,A1,24:ec:4a:03:58:5d,ch=1
ftm_report,A1,6,6,0.900
[0;32mI (297934) TAG: STA connected to 24:ec:4a:04:39:15, ch=6 (sec=0)[0m
csi_data,A2,[0,0,11,9,11,8,11,8,11,8,11,8,11,8,11,7,11,6,11,6,11,6,11,5,11,4,11,4,12,4,12,4,12,4,12,4,12,5,12,6,12,6,11,6,11,6,10,7,10,7,9,7,8,8,0,0,0,0,0,0,0,0,0,0,0,0,0,0,0,0,0,0,0,0,0,0,9,6,9,7,9,7,9,8,8,8,8,10,8,10,7,10,7,11,7,11,7,11,6,10,7,10,7,10,7,10,7,9,8,9,8,9,9,9,9,9,9,8,10,9,10,9,11,8,11,8,11,9]
anchor,A2,24:ec:4a:04:39:15,ch=6
ftm_report,A2,1,1,0.150
[0;32mI (298794) TAG: STA connected to 24:ec:4a:03:56:41, ch=11 (sec=0)[0m
anchor,A3,24:ec:4a:03:56:41,ch=11
ftm_report,A3,17,17,2.550
csi_data,A3,[0,0,2,14,2,13,2,13,2,13,3,12,3,12,3,11,4,11,3,11,4,10,4,10,5,10,5,10,6,10,6,10,6,10,6,10,5,11,5,11,5,11,4,11,4,11,3,10,2,10,2,10,1,10,0,0,0,0,0,0,0,0,0,0,0,0,0,0,0,0,0,0,0,0,0,0,3,11,3,12,2,12,1,13,1,13,0,13,-1,14,-1,14,-2,14,-2,13,-3,13,-3,13,-2,13,-2,13,-2,13,-2,12,-1,13,-1,12,0,13,1,13,1,13,1,13,1,14,2,14,2,14,2,14]
[0;32mI (299644) TAG: STA connected to 24:ec:4a:03:58:5d, ch=1 (sec=0)[0m
anchor,A1,24:ec:4a:03:58:5d,ch=1
ftm_report,A1,8,8,1.200
csi_data,A1,[0,0,-13,2,-14,3,-14,3,-13,3,-14,3,-13,4,-13,4,-13,4,-12,5,-12,6,-12,7,-12,7,-13,7,-13,8,-13,8,-13,9,-14,9,-14,9,-15,8,-15,7,-16,7,-16,6,-16,5,-16,4,-16,3,-16,2,0,0,0,0,0,0,0,0,0,0,0,0,0,0,0,0,0,0,0,0,0,0,-11,-1,-12,-2,-12,-3,-12,-3,-12,-4,-12,-4,-12,-5,-12,-5,-11,-5,-11,-5,-11,-5,-11,-4,-11,-4,-11,-4,-11,-4,-11,-3,-11,-2,-11,-2,-12,-2,-12,-1,-12,-1,-12,0,-12,1,-13,1,-13,2,-13,2]
[0;32mI (300494) TAG: STA connected to 24:ec:4a:04:39:15, ch=6 (sec=0)[0m
anchor,A2,24:ec:4a:04:39:15,ch=6
ftm_report,A2,0,0,-1.000
csi_data,A2,[0,0,3,-15,3,-14,3,-14,3,-14,3,-14,2,-13,2,-13,1,-13,1,-13,0,-13,0,-13,0,-13,0,-13,-1,-13,-1,-13,-1,-14,0,-13,0,-14,0,-14,0,-14,1,-14,2,-13,2,-12,2,-12,3,-12,4,-11,0,0,0,0,0,0,0,0,0,0,0,0,0,0,0,0,0,0,0,0,0,0,1,-12,2,-12,3,-12,3,-12,4,-12,5,-12,5,-12,5,-12,6,-12,6,-11,6,-12,6,-12,6,-11,6,-11,5,-11,5,-11,5,-12,4,-12,4,-12,4,-13,3,-13,4,-13,3,-14,3,-14,3,-14,3,-15]
[0;32mI (301364) TAG: STA connected to 24:ec:4a:03:56:41, ch=11 (sec=0)[0m
anchor,A3,24:ec:4a:03:56:41,ch=11
ftm_report,A3,22,22,3.300
csi_data,A3,[0,0,-8,-13,-8,-12,-8,-12,-7,-11,-8,-11,-8,-11,-8,-10,-8,-10,-8,-9,-9,-9,-9,-9,-9,-8,-10,-8,-10,-8,-10,-8,-10,-8,-10,-8,-10,-8,-10,-8,-9,-9,-9,-9,-8,-9,-8,-9,-7,-9,-6,-9,-6,-9,0,0,0,0,0,0,0,0,0,0,0,0,0,0,0,0,0,0,0,0,0,0,-8,-10,-8,-11,-7,-11,-7,-12,-6,-13,-6,-14,-5,-14,-5,-14,-4,-14,-4,-14,-3,-14,-3,-14,-4,-14,-4,-14,-4,-13,-4,-13,-5,-13,-5,-13,-5,-13,-6,-13,-7,-12,-7,-13,-7,-12,-7,-13,-8,-13,-8,-13]
[0;32mI (302234) TAG: STA connected to 24:ec:4a:03:58:5d, ch=1 (sec=0)[0m
anchor,A1,24:ec:4a:03:58:5d,ch=1
ftm_report,A1,5,5,0.750
[0;32mI (303094) TAG: STA connected to 24:ec:4a:04:39:15, ch=6 (sec=0)[0m
csi_data,A2,[0,0,-1,-15,0,-15,0,-15,-1,-15,-1,-14,-1,-14,-2,-13,-2,-13,-2,-13,-3,-13,-3,-13,-3,-12,-4,-13,-4,-13,-4,-13,-4,-13,-4,-13,-4,-14,-4,-14,-3,-14,-3,-14,-2,-13,-1,-13,0,-12,0,-12,1,-12,0,0,0,0,0,0,0,0,0,0,0,0,0,0,0,0,0,0,0,0,0,0,-1,-11,-1,-12,0,-12,1,-12,1,-12,2,-13,2,-13,2,-13,3,-13,3,-12,4,-13,3,-13,3,-12,3,-12,3,-12,2,-13,2,-13,1,-13,1,-13,1,-13,0,-13,0,-14,0,-14,0,-14,0,-15,0,-15]
anchor,A2,24:ec:4a:04:39:15,ch=6
ftm_report,A2,2,2,0.300
[0;32mI (303944) TAG: STA connected to 24:ec:4a:03:56:41, ch=11 (sec=0)[0m
csi_data,A3,[0,0,-10,-12,-10,-11,-10,-11,-9,-11,-10,-10,-10,-10,-10,-9,-10,-9,-10,-8,-10,-7,-10,-7,-11,-6,-11,-6,-11,-6,-11,-6,-11,-6,-12,-7,-11,-7,-11,-7,-10,-8,-10,-7,-10,-8,-9,-8,-9,-8,-8,-8,-7,-8,0,0,0,0,0,0,0,0,0,0,0,0,0,0,0,0,0,0,0,0,0,0,-10,-9,-9,-9,-9,-10,-9,-11,-9,-12,-8,-12,-7,-13,-7,-13,-6,-14,-6,-14,-6,-13,-6,-13,-6,-13,-6,-13,-6,-12,-6,-12,-7,-12,-7,-12,-8,-12,-8,-12,-9,-12,-9,-12,-9,-12,-10,-11,-10,-12,-10,-11]
anchor,A3,24:ec:4a:03:56:41,ch=11
ftm_report,A3,17,17,2.550
[0;32mI (304814) TAG: STA connected to 24:ec:4a:03:58:5d, ch=1 (sec=0)[0m
anchor,A1,24:ec:4a:03:58:5d,ch=1
ftm_report,A1,6,6,0.900
csi_data,A1,[0,0,3,-14,2,-14,2,-14,2,-14,2,-14,2,-14,1,-14,0,-14,0,-14,-1,-14,-2,-15,-3,-15,-3,-15,-3,-16,-3,-16,-3,-17,-3,-17,-3,-17,-2,-18,-1,-18,-1,-18,0,-17,1,-17,1,-17,2,-17,4,-16,0,0,0,0,0,0,0,0,0,0,0,0,0,0,0,0,0,0,0,0,0,0,6,-10,7,-10,7,-9,7,-9,8,-9,9,-9,9,-8,9,-8,9,-8,8,-8,9,-8,8,-8,8,-8,7,-8,7,-8,7,-9,7,-9,6,-9,5,-10,5,-10,5,-11,5,-12,4,-12,3,-13,3,-13,3,-14]
[0;32mI (305664) TAG: STA connected to 24:ec:4a:04:39:15, ch=6 (sec=0)[0m
anchor,A2,24:ec:4a:04:39:15,ch=6
ftm_report,A2,2,2,0.300
csi_data,A2,[0,0,-12,9,-12,9,-12,9,-11,9,-11,9,-11,9,-10,9,-10,9,-9,9,-9,9,-8,10,-8,10,-8,10,-8,10,-7,11,-7,11,-8,11,-8,11,-8,11,-9,10,-9,10,-9,9,-10,8,-10,8,-10,7,-10,6,0,0,0,0,0,0,0,0,0,0,0,0,0,0,0,0,0,0,0,0,0,0,-9,7,-9,7,-10,6,-11,6,-11,6,-12,6,-12,6,-13,5,-13,5,-13,4,-13,4,-13,4,-13,4,-12,4,-12,4,-12,5,-11,6,-11,6,-11,6,-12,7,-12,7,-11,8,-12,8,-12,9,-12,9,-12,9]
[0;32mI (306534) TAG: STA connected to 24:ec:4a:03:56:41, ch=11 (sec=0)[0m
anchor,A3,24:ec:4a:03:56:41,ch=11
ftm_report,A3,17,17,2.550
csi_data,A3,[0,0,-13,-6,-14,-6,-13,-6,-13,-5,-13,-5,-13,-4,-12,-4,-12,-3,-12,-3,-12,-2,-12,-2,-12,-2,-12,-1,-12,-1,-13,-1,-12,-1,-13,-1,-13,-1,-13,-1,-13,-2,-12,-2,-12,-3,-12,-4,-11,-4,-10,-4,-10,-4,0,0,0,0,0,0,0,0,0,0,0,0,0,0,0,0,0,0,0,0,0,0,-12,-4,-12,-4,-12,-6,-12,-6,-13,-7,-12,-8,-12,-8,-12,-9,-12,-9,-11,-10,-11,-10,-10,-10,-11,-9,-10,-9,-10,-9,-11,-9,-11,-8,-12,-8,-11,-8,-12,-7,-12,-7,-13,-7,-13,-7,-13,-7,-13,-7,-13,-6]
[0;32mI (307434) TAG: STA connected to 24:ec:4a:03:58:5d, ch=1 (sec=0)[0m
anchor,A1,24:ec:4a:03:58:5d,ch=1
ftm_report,A1,11,11,1.650
csi_data,A1,[0,0,9,-10,9,-10,9,-10,9,-11,9,-10,8,-11,8,-11,7,-11,7,-12,6,-12,6,-13,5,-13,5,-13,5,-14,5,-15,5,-15,6,-15,6,-16,7,-16,7,-16,8,-15,9,-14,9,-14,10,-13,10,-12,11,-12,0,0,0,0,0,0,0,0,0,0,0,0,0,0,0,0,0,0,0,0,0,0,10,-5,10,-4,11,-4,11,-3,11,-3,12,-3,12,-2,12,-2,12,-2,11,-1,11,-2,11,-2,10,-2,10,-2,10,-3,10,-4,10,-4,10,-5,10,-5,9,-6,9,-6,10,-7,10,-8,10,-8,9,-9,10,-9]
[0;32mI (308294) TAG: STA connected to 24:ec:4a:04:39:15, ch=6 (sec=0)[0m
anchor,A2,24:ec:4a:04:39:15,ch=6
ftm_report,A2,4,4,0.600
csi_data,A2,[0,0,11,9,11,8,11,8,11,8,11,8,11,7,11,7,11,6,11,6,11,6,11,5,11,4,11,4,12,4,12,4,12,4,12,4,12,5,12,5,12,5,11,6,11,6,10,6,10,7,9,7,8,8,0,0,0,0,0,0,0,0,0,0,0,0,0,0,0,0,0,0,0,0,0,0,9,6,8,7,8,8,8,8,8,9,8,10,8,10,7,10,7,10,7,11,6,11,6,11,6,10,7,10,7,10,7,10,8,10,8,9,9,9,9,9,10,9,10,8,10,9,11,9,11,9,11,9]
[0;32mI (309174) TAG: STA connected to 24:ec:4a:03:56:41, ch=11 (sec=0)[0m
anchor,A3,24:ec:4a:03:56:41,ch=11
ftm_report,A3,16,16,2.400
[0;32mI (310044) TAG: STA connected to 24:ec:4a:03:58:5d, ch=1 (sec=0)[0m
csi_data,A1,[0,0,-14,2,-14,2,-14,3,-14,3,-13,3,-13,4,-13,4,-13,5,-12,5,-12,6,-13,7,-12,7,-12,7,-13,8,-13,8,-13,9,-14,9,-14,9,-14,9,-15,8,-15,7,-16,6,-16,6,-16,5,-16,3,-16,2,0,0,0,0,0,0,0,0,0,0,0,0,0,0,0,0,0,0,0,0,0,0,-11,-2,-11,-3,-12,-4,-12,-4,-12,-5,-12,-5,-12,-5,-11,-5,-11,-6,-11,-6,-11,-6,-11,-5,-11,-5,-11,-5,-11,-4,-11,-4,-11,-3,-11,-2,-11,-2,-12,-1,-12,-1,-12,0,-13,0,-13,0,-13,1,-13,1]
anchor,A1,24:ec:4a:03:58:5d,ch=1
ftm_report,A1,12,12,1.800
[0;32mI (310914) TAG: STA connected to 24:ec:4a:04:39:15, ch=6 (sec=0)[0m
csi_data,A2,[0,0,-1,15,-1,14,-1,14,-1,14,-1,13,0,13,0,13,1,13,1,12,2,12,2,12,2,12,2,12,3,12,3,12,3,13,3,13,3,13,2,13,2,13,1,13,0,12,0,12,-1,12,-2,12,-2,11,0,0,0,0,0,0,0,0,0,0,0,0,0,0,0,0,0,0,0,0,0,0,0,11,0,11,-1,11,-2,11,-2,12,-3,12,-4,13,-4,12,-4,12,-5,12,-5,12,-5,12,-5,12,-4,11,-4,11,-4,12,-3,12,-3,12,-2,12,-2,13,-2,13,-1,13,-1,14,-1,14,-1,14,-1,15]
anchor,A2,24:ec:4a:04:39:15,ch=6
ftm_report,A2,0,0,-1.000
[0;32mI (311934) esp_netif_handlers: sta ip: 192.168.4.2, mask: 255.255.255.0, gw: 192.168.4.1[0m
csi_data,A2,[0,0,-11,10,-11,10,-11,9,-11,10,-11,10,-10,9,-9,9,-9,9,-8,10,-8,10,-8,10,-7,10,-7,10,-7,11,-7,11,-7,11,-7,11,-8,11,-8,11,-8,11,-9,10,-9,10,-9,9,-9,8,-9,8,-9,7,0,0,0,0,0,0,0,0,0,0,0,0,0,0,0,0,0,0,0,0,0,0,-8,8,-9,7,-10,7,-10,7,-11,7,-12,7,-12,6,-12,6,-12,6,-13,5,-13,5,-12,5,-12,5,-12,5,-12,5,-11,6,-11,6,-11,7,-11,7,-11,7,-11,8,-11,8,-11,9,-11,9,-11,9,-11,10]
[0;32mI (312294) TAG: STA connected to 24:ec:4a:03:56:41, ch=11 (sec=0)[0m
anchor,A3,24:ec:4a:03:56:41,ch=11
ftm_report,A3,19,19,2.850
csi_data,A3,[0,0,5,-14,5,-13,5,-13,5,-13,4,-12,3,-12,3,-12,2,-12,2,-12,1,-12,1,-12,0,-12,0,-12,0,-12,0,-12,0,-12,0,-13,0,-13,0,-13,1,-12,1,-12,1,-12,2,-11,2,-11,3,-10,3,-10,0,0,0,0,0,0,0,0,0,0,0,0,0,0,0,0,0,0,0,0,0,0,4,-12,5,-12,5,-12,6,-12,7,-12,8,-12,8,-12,8,-12,9,-11,9,-11,9,-11,9,-10,9,-10,8,-10,8,-10,8,-11,8,-11,7,-11,7,-11,6,-12,6,-12,6,-13,6,-13,6,-13,6,-13,5,-14]
[0;32mI (313164) TAG: STA connected to 24:ec:4a:03:58:5d, ch=1 (sec=0)[0m
anchor,A1,24:ec:4a:03:58:5d,ch=1
ftm_report,A1,9,9,1.350
[0;32mI (314034) TAG: STA connected to 24:ec:4a:04:39:15, ch=6 (sec=0)[0m
csi_data,A2,[0,0,-11,10,-11,9,-11,9,-10,9,-10,9,-10,9,-9,10,-9,10,-8,10,-8,10,-8,10,-8,10,-7,10,-7,11,-7,11,-7,11,-7,11,-7,11,-7,11,-8,11,-8,10,-8,10,-9,9,-10,8,-9,8,-10,7,0,0,0,0,0,0,0,0,0,0,0,0,0,0,0,0,0,0,0,0,0,0,-8,7,-9,7,-10,7,-10,6,-11,6,-11,6,-12,6,-12,6,-12,6,-12,5,-13,4,-12,4,-12,4,-12,4,-12,5,-11,6,-11,6,-11,7,-11,7,-11,8,-11,8,-11,9,-11,9,-11,9,-12,9,-11,9]
anchor,A2,24:ec:4a:04:39:15,ch=6
ftm_report,A2,12,12,1.800
[0;32mI (314904) TAG: STA connected to 24:ec:4a:03:56:41, ch=11 (sec=0)[0m
csi_data,A3,[0,0,9,-11,8,-11,8,-11,8,-11,7,-11,7,-11,6,-11,6,-11,6,-11,5,-11,4,-11,4,-11,4,-11,4,-12,4,-12,4,-12,4,-12,4,-12,4,-12,5,-12,5,-11,5,-10,5,-10,6,-9,6,-9,6,-9,0,0,0,0,0,0,0,0,0,0,0,0,0,0,0,0,0,0,0,0,0,0,6,-11,7,-11,8,-10,8,-10,9,-10,10,-10,11,-9,11,-9,12,-8,11,-8,12,-8,11,-8,11,-8,11,-8,10,-8,10,-8,10,-9,10,-9,10,-9,9,-9,9,-10,9,-10,9,-11,9,-11,9,-11,9,-12]
anchor,A3,24:ec:4a:03:56:41,ch=11
ftm_report,A3,19,19,2.850
[0;32mI (315774) TAG: STA connected to 24:ec:4a:03:58:5d, ch=1 (sec=0)[0m
anchor,A1,24:ec:4a:03:58:5d,ch=1
ftm_report,A1,11,11,1.650
csi_data,A1,[0,0,9,8,10,7,10,7,11,7,11,6,11,6,11,6,11,5,11,5,12,4,12,4,12,3,13,3,13,3,14,3,14,3,15,4,15,4,15,5,14,6,14,6,14,7,14,8,13,8,12,9,11,9,0,0,0,0,0,0,0,0,0,0,0,0,0,0,0,0,0,0,0,0,0,0,6,8,5,9,5,10,5,10,5,10,4,10,3,11,3,11,3,11,3,11,3,10,3,10,3,10,4,10,4,9,4,9,4,8,5,8,6,8,6,8,7,8,8,8,8,8,9,8,9,8,9,8]
[0;32mI (316634) TAG: STA connected to 24:ec:4a:04:39:15, ch=6 (sec=0)[0m
anchor,A2,24:ec:4a:04:39:15,ch=6
ftm_report,A2,0,0,-1.000
csi_data,A2,[0,0,-7,13,-7,13,-7,12,-6,13,-6,12,-6,12,-5,12,-5,12,-4,12,-4,12,-3,12,-3,12,-2,12,-3,12,-2,13,-2,13,-3,13,-3,13,-3,13,-4,13,-4,13,-5,12,-5,11,-6,11,-6,11,-6,10,0,0,0,0,0,0,0,0,0,0,0,0,0,0,0,0,0,0,0,0,0,0,-4,10,-5,10,-6,10,-7,10,-7,10,-8,10,-8,10,-9,10,-9,9,-9,9,-9,9,-9,9,-9,9,-9,9,-8,9,-8,9,-8,10,-7,10,-8,10,-7,11,-7,11,-7,12,-7,12,-7,13,-7,13,-7,13]
[0;32mI (317514) TAG: STA connected to 24:ec:4a:03:56:41, ch=11 (sec=0)[0m
anchor,A3,24:ec:4a:03:56:41,ch=11
ftm_report,A3,18,18,2.700
csi_data,A3,[0,0,10,-11,9,-10,9,-10,9,-11,8,-11,8,-10,7,-10,6,-10,6,-11,5,-11,5,-11,4,-11,4,-11,4,-11,4,-12,4,-12,4,-11,5,-12,5,-12,5,-11,6,-11,6,-10,6,-10,6,-9,6,-9,7,-8,0,0,0,0,0,0,0,0,0,0,0,0,0,0,0,0,0,0,0,0,0,0,6,-11,7,-11,8,-10,9,-10,9,-10,11,-10,11,-9,12,-9,12,-8,12,-8,12,-7,12,-7,11,-7,11,-7,11,-7,11,-7,11,-8,10,-8,10,-9,10,-9,10,-10,10,-10,10,-10,9,-11,10,-11,10,-11]
[0;32mI (318374) TAG: STA connected to 24:ec:4a:03:58:5d, ch=1 (sec=0)[0m
anchor,A1,24:ec:4a:03:58:5d,ch=1
ftm_report,A1,8,8,1.200
csi_data,A1,[0,0,-2,-14,-3,-14,-3,-14,-3,-14,-4,-13,-4,-13,-4,-13,-5,-13,-5,-13,-6,-13,-7,-13,-7,-12,-8,-13,-8,-13,-8,-14,-9,-14,-9,-14,-9,-15,-8,-16,-7,-16,-7,-16,-6,-16,-5,-16,-5,-16,-3,-16,-2,-16,0,0,0,0,0,0,0,0,0,0,0,0,0,0,0,0,0,0,0,0,0,0,2,-12,2,-12,3,-12,3,-12,3,-12,5,-12,5,-12,5,-11,5,-11,5,-11,5,-11,5,-11,4,-11,4,-11,3,-11,3,-11,2,-11,2,-11,1,-11,1,-12,0,-12,0,-13,0,-13,-2,-13,-2,-13,-2,-14]
[0;32mI (319274) TAG: STA connected to 24:ec:4a:04:39:15, ch=6 (sec=0)[0m
anchor,A2,24:ec:4a:04:39:15,ch=6
ftm_report,A2,1,1,0.150
[0;32mI (320134) TAG: STA connected to 24:ec:4a:03:56:41, ch=11 (sec=0)[0m
anchor,A3,24:ec:4a:03:56:41,ch=11
ftm_report,A3,17,17,2.550
[0;32mI (320984) TAG: STA connected to 24:ec:4a:03:58:5d, ch=1 (sec=0)[0m
csi_data,A1,[0,0,1,13,2,13,2,13,2,13,2,12,3,12,3,12,4,12,4,12,5,12,6,12,6,11,6,12,7,12,7,12,7,13,7,13,7,14,7,14,6,15,5,15,4,15,4,15,3,15,2,15,1,15,0,0,0,0,0,0,0,0,0,0,0,0,0,0,0,0,0,0,0,0,0,0,-2,11,-3,11,-3,11,-4,11,-4,11,-5,11,-6,11,-6,10,-6,10,-6,10,-6,10,-6,10,-5,10,-5,10,-4,10,-4,10,-4,10,-3,10,-2,10,-2,11,-1,11,-1,11,-1,12,0,12,1,12,1,13]
anchor,A1,24:ec:4a:03:58:5d,ch=1
ftm_report,A1,14,14,2.100
[0;32mI (321854) TAG: STA connected to 24:ec:4a:04:39:15, ch=6 (sec=0)[0m
csi_data,A2,[0,0,14,1,14,0,14,0,14,0,14,0,13,-1,13,-1,13,-1,12,-2,12,-2,12,-2,12,-3,12,-3,12,-4,12,-4,12,-4,13,-4,13,-4,13,-3,13,-3,13,-2,13,-2,13,-1,12,0,12,0,11,1,0,0,0,0,0,0,0,0,0,0,0,0,0,0,0,0,0,0,0,0,0,0,11,0,11,0,11,1,12,2,12,2,12,3,12,3,12,4,12,4,12,4,11,5,11,4,12,4,11,4,12,4,11,3,12,3,12,2,12,2,13,1,13,1,13,1,14,1,14,1,14,1,14,0]
[0;32mI (322874) esp_netif_handlers: sta ip: 192.168.4.2, mask: 255.255.255.0, gw: 192.168.4.1[0m
[1;31mE (323024) wifi:No valid FTM Measurements found out of 2 received measurements![0m
[0;33mW (323124) TAG: FTM to A2 failed (ESP_FAIL), streak=1[0m
[0;32mI (323724) TAG: STA connected to 24:ec:4a:03:56:41, ch=11 (sec=0)[0m
anchor,A3,24:ec:4a:03:56:41,ch=11
ftm_report,A3,19,19,2.850
csi_data,A3,[0,0,5,13,5,12,6,12,5,11,6,11,6,10,6,10,7,9,6,9,7,8,7,8,8,8,8,8,8,8,8,7,9,8,8,8,8,8,8,9,7,9,7,9,7,9,6,9,6,9,5,9,4,9,0,0,0,0,0,0,0,0,0,0,0,0,0,0,0,0,0,0,0,0,0,0,6,10,5,11,5,11,4,12,4,12,3,13,2,13,2,13,1,14,1,13,1,13,1,13,1,13,1,13,2,13,1,12,2,13,3,12,3,12,4,12,4,12,4,13,5,12,5,12,6,13,6,12]
[0;32mI (324584) TAG: STA connected to 24:ec:4a:03:58:5d, ch=1 (sec=0)[0m
anchor,A1,24:ec:4a:03:58:5d,ch=1
ftm_report,A1,7,7,1.050
csi_data,A1,[0,0,-2,-14,-3,-13,-3,-14,-3,-13,-4,-13,-4,-13,-5,-13,-5,-13,-5,-13,-6,-12,-7,-13,-8,-12,-8,-12,-9,-13,-8,-13,-9,-14,-9,-13,-9,-15,-8,-15,-7,-15,-7,-16,-6,-16,-5,-15,-5,-16,-4,-16,-2,-16,0,0,0,0,0,0,0,0,0,0,0,0,0,0,0,0,0,0,0,0,0,0,1,-11,2,-12,2,-11,2,-12,3,-11,4,-12,4,-11,4,-11,5,-11,4,-10,4,-11,4,-11,3,-11,3,-11,3,-11,2,-11,2,-11,1,-11,1,-12,0,-12,0,-12,-1,-12,-1,-12,-2,-13,-2,-13,-2,-14]
[0;32mI (325434) TAG: STA connected to 24:ec:4a:04:39:15, ch=6 (sec=0)[0m
anchor,A2,24:ec:4a:04:39:15,ch=6
ftm_report,A2,0,0,-1.000
csi_data,A2,[0,0,-14,4,-14,4,-14,4,-13,4,-14,5,-13,5,-13,5,-12,5,-12,6,-11,6,-11,6,-11,7,-11,7,-11,7,-11,7,-11,8,-11,7,-11,7,-12,7,-12,7,-12,6,-12,6,-12,5,-12,4,-12,4,-12,3,0,0,0,0,0,0,0,0,0,0,0,0,0,0,0,0,0,0,0,0,0,0,-11,3,-11,3,-12,2,-12,2,-13,1,-13,1,-13,1,-13,0,-13,0,-13,-1,-13,-1,-13,-1,-13,0,-13,0,-13,0,-12,1,-13,1,-13,2,-13,2,-13,2,-13,3,-14,3,-14,4,-14,4,-14,4,-14,4]
[0;32mI (326294) TAG: STA connected to 24:ec:4a:03:56:41, ch=11 (sec=0)[0m
anchor,A3,24:ec:4a:03:56:41,ch=11
ftm_report,A3,20,20,3.000
csi_data,A3,[0,0,2,14,2,13,3,13,2,13,3,12,3,12,4,11,4,11,4,11,5,10,5,10,5,10,6,10,6,10,6,10,6,10,6,10,6,10,6,10,5,10,5,11,4,10,4,10,3,10,2,10,1,10,0,0,0,0,0,0,0,0,0,0,0,0,0,0,0,0,0,0,0,0,0,0,4,11,3,12,2,12,2,12,1,13,0,13,0,14,-1,14,-1,14,-2,14,-2,14,-2,13,-2,13,-2,13,-1,13,-1,13,-1,13,0,13,0,13,1,13,1,13,2,13,2,13,2,14,2,14,2,14]
[0;32mI (327154) TAG: STA connected to 24:ec:4a:03:58:5d, ch=1 (sec=0)[0m
anchor,A1,24:ec:4a:03:58:5d,ch=1
ftm_report,A1,5,5,0.750
[0;32mI (328004) TAG: STA connected to 24:ec:4a:04:39:15, ch=6 (sec=0)[0m
csi_data,A2,[0,0,-8,-13,-8,-12,-8,-12,-8,-12,-8,-12,-8,-11,-8,-11,-9,-10,-9,-10,-9,-10,-10,-9,-10,-9,-10,-9,-10,-8,-11,-9,-11,-9,-10,-9,-10,-10,-10,-10,-10,-10,-9,-11,-9,-10,-8,-10,-8,-10,-7,-10,-6,-11,0,0,0,0,0,0,0,0,0,0,0,0,0,0,0,0,0,0,0,0,0,0,-7,-10,-6,-10,-6,-11,-6,-11,-6,-12,-5,-12,-5,-13,-4,-13,-4,-13,-4,-13,-4,-13,-3,-13,-4,-12,-4,-12,-4,-12,-4,-12,-5,-12,-6,-12,-6,-12,-6,-12,-7,-12,-7,-12,-8,-13,-8,-12,-8,-12,-8,-13]
anchor,A2,24:ec:4a:04:39:15,ch=6
ftm_report,A2,2,2,0.300
[0;32mI (328864) TAG: STA connected to 24:ec:4a:03:56:41, ch=11 (sec=0)[0m
anchor,A3,24:ec:4a:03:56:41,ch=11
ftm_report,A3,17,17,2.550
csi_data,A3,[0,0,-12,9,-11,8,-11,8,-10,9,-10,8,-9,8,-9,8,-8,8,-8,9,-8,9,-7,9,-7,9,-6,9,-6,10,-6,10,-6,10,-7,10,-7,10,-7,10,-7,10,-7,9,-8,8,-8,8,-8,7,-8,7,-8,6,0,0,0,0,0,0,0,0,0,0,0,0,0,0,0,0,0,0,0,0,0,0,-9,9,-10,8,-10,8,-11,7,-12,7,-13,7,-13,6,-13,6,-14,5,-14,5,-14,5,-14,5,-13,5,-13,5,-12,5,-13,5,-12,6,-12,6,-12,6,-12,7,-12,7,-12,8,-12,9,-12,8,-12,9,-11,9]
[0;32mI (329714) TAG: STA connected to 24:ec:4a:03:58:5d, ch=1 (sec=0)[0m
anchor,A1,24:ec:4a:03:58:5d,ch=1
ftm_report,A1,5,5,0.750
csi_data,A1,[0,0,-8,10,-8,10,-8,11,-8,11,-7,11,-7,11,-7,11,-6,11,-6,11,-5,12,-4,13,-4,12,-4,13,-4,14,-4,14,-4,15,-4,15,-5,16,-6,15,-6,15,-7,15,-8,14,-8,14,-9,13,-9,13,-10,12,0,0,0,0,0,0,0,0,0,0,0,0,0,0,0,0,0,0,0,0,0,0,-9,7,-10,7,-10,6,-10,5,-11,5,-11,5,-12,4,-11,4,-12,4,-11,3,-11,4,-11,4,-10,4,-10,4,-10,4,-10,5,-10,6,-9,6,-9,6,-9,7,-9,7,-9,8,-9,9,-8,9,-8,10,-9,10]
[0;32mI (330574) TAG: STA connected to 24:ec:4a:04:39:15, ch=6 (sec=0)[0m
anchor,A2,24:ec:4a:04:39:15,ch=6
ftm_report,A2,3,3,0.450
csi_data,A2,[0,0,14,3,14,2,14,2,13,2,13,2,13,1,13,1,13,1,12,0,12,0,12,0,12,-1,12,-1,13,-2,13,-2,13,-2,13,-2,13,-1,13,-1,13,0,13,0,12,1,12,1,12,2,11,2,11,3,0,0,0,0,0,0,0,0,0,0,0,0,0,0,0,0,0,0,0,0,0,0,11,1,11,2,11,3,11,3,11,4,11,5,11,5,11,5,11,6,11,6,11,6,10,6,11,6,11,6,11,5,10,5,11,5,11,4,12,4,12,3,12,3,13,3,13,3,14,3,14,3,14,3]
[0;32mI (331484) TAG: STA connected to 24:ec:4a:03:56:41, ch=11 (sec=0)[0m
anchor,A3,24:ec:4a:03:56:41,ch=11
ftm_report,A3,25,25,3.750
csi_data,A3,[0,0,14,-1,14,-2,13,-2,13,-2,13,-2,12,-2,12,-3,12,-3,11,-4,11,-5,10,-5,10,-5,10,-6,10,-6,10,-6,10,-7,11,-6,11,-6,11,-6,11,-5,11,-5,11,-4,11,-4,11,-3,10,-3,10,-2,0,0,0,0,0,0,0,0,0,0,0,0,0,0,0,0,0,0,0,0,0,0,11,-3,12,-2,12,-1,13,-1,13,0,13,1,13,2,14,2,14,2,13,3,13,3,13,3,13,3,13,3,13,2,12,2,13,1,13,1,13,1,13,0,13,0,14,-1,14,-1,14,-2,14,-2,14,-2]
[0;32mI (332344) TAG: STA connected to 24:ec:4a:03:58:5d, ch=1 (sec=0)[0m
anchor,A1,24:ec:4a:03:58:5d,ch=1
ftm_report,A1,5,5,0.750
csi_data,A1,[0,0,-10,-10,-11,-10,-11,-10,-11,-9,-11,-9,-11,-9,-12,-8,-12,-8,-12,-7,-12,-7,-13,-6,-13,-6,-14,-6,-15,-6,-15,-6,-15,-6,-16,-6,-16,-7,-16,-8,-15,-9,-15,-9,-15,-10,-14,-10,-14,-10,-12,-11,-12,-12,0,0,0,0,0,0,0,0,0,0,0,0,0,0,0,0,0,0,0,0,0,0,-6,-10,-5,-11,-5,-11,-5,-12,-5,-12,-4,-12,-3,-12,-3,-12,-3,-12,-3,-12,-3,-12,-3,-12,-3,-12,-4,-11,-4,-11,-4,-11,-5,-11,-5,-10,-6,-11,-7,-10,-7,-10,-8,-11,-8,-10,-9,-10,-10,-10,-9,-10]
[0;32mI (333224) TAG: STA connected to 24:ec:4a:04:39:15, ch=6 (sec=0)[0m
anchor,A2,24:ec:4a:04:39:15,ch=6
ftm_report,A2,1,1,0.150
[0;32mI (334084) TAG: STA connected to 24:ec:4a:03:56:41, ch=11 (sec=0)[0m
csi_data,A3,[0,0,12,-8,11,-8,11,-8,10,-8,10,-9,10,-8,9,-9,9,-9,8,-9,7,-10,7,-10,7,-10,7,-10,7,-10,6,-11,7,-11,7,-10,7,-11,7,-11,7,-10,8,-10,8,-9,8,-8,8,-8,8,-7,8,-7,0,0,0,0,0,0,0,0,0,0,0,0,0,0,0,0,0,0,0,0,0,0,9,-9,10,-8,10,-7,11,-7,11,-7,12,-6,13,-6,13,-5,13,-5,13,-4,13,-4,13,-4,12,-4,12,-4,12,-4,12,-5,12,-5,12,-6,12,-6,11,-6,12,-7,12,-7,12,-8,12,-8,12,-8,12,-9]
anchor,A3,24:ec:4a:03:56:41,ch=11
ftm_report,A3,27,27,4.050
[0;32mI (334964) TAG: STA connected to 24:ec:4a:03:58:5d, ch=1 (sec=0)[0m
csi_data,A1,[0,0,13,2,13,2,13,1,13,1,13,1,13,1,13,0,13,0,12,-1,13,-2,13,-2,13,-3,13,-3,14,-4,14,-4,14,-4,15,-4,15,-3,16,-3,16,-2,16,-2,16,-1,16,0,16,1,15,2,14,3,0,0,0,0,0,0,0,0,0,0,0,0,0,0,0,0,0,0,0,0,0,0,9,5,9,5,9,6,9,6,9,7,8,7,8,7,8,8,8,8,8,8,8,7,8,7,8,7,8,7,8,6,8,6,8,5,9,5,9,5,10,4,10,4,11,4,11,3,12,3,12,3,12,2]
anchor,A1,24:ec:4a:03:58:5d,ch=1
ftm_report,A1,10,10,1.500
[0;32mI (335824) TAG: STA connected to 24:ec:4a:04:39:15, ch=6 (sec=0)[0m
anchor,A2,24:ec:4a:04:39:15,ch=6
ftm_report,A2,0,0,-1.000
csi_data,A2,[0,0,11,-9,11,-9,11,-9,11,-10,11,-10,10,-9,10,-9,9,-10,8,-10,8,-10,8,-11,7,-11,7,-11,7,-11,7,-12,7,-12,8,-12,8,-12,8,-11,8,-11,8,-11,9,-10,9,-9,9,-9,9,-8,9,-7,0,0,0,0,0,0,0,0,0,0,0,0,0,0,0,0,0,0,0,0,0,0,8,-7,9,-7,10,-6,10,-6,11,-6,11,-6,12,-5,12,-5,12,-5,12,-4,12,-4,12,-4,12,-4,11,-4,11,-4,11,-5,11,-6,11,-6,11,-7,11,-7,11,-7,11,-8,11,-9,12,-9,11,-9,11,-9]
[0;32mI (336694) TAG: STA connected to 24:ec:4a:03:56:41, ch=11 (sec=0)[0m
csi_data,A3,[0,0,-2,-15,-2,-14,-2,-14,-2,-14,-3,-13,-3,-13,-3,-12,-3,-12,-4,-12,-4,-12,-5,-11,-5,-11,-6,-11,-6,-11,-6,-11,-6,-11,-6,-11,-6,-12,-5,-12,-5,-12,-4,-12,-4,-11,-4,-11,-3,-11,-2,-11,-2,-11,0,0,0,0,0,0,0,0,0,0,0,0,0,0,0,0,0,0,0,0,0,0,-4,-12,-3,-13,-2,-13,-2,-14,-1,-14,0,-14,1,-15,2,-15,2,-14,2,-14,2,-14,2,-14,2,-14,2,-14,1,-13,2,-13,1,-14,0,-13,0,-14,0,-14,-1,-14,-1,-14,-1,-15,-2,-14,-2,-15,-2,-15]
[0;32mI (337704) esp_netif_handlers: sta ip: 192.168.4.2, mask: 255.255.255.0, gw: 192.168.4.1[0m
[0;33mW (338434) TAG: FTM to A3 failed (ESP_FAIL), streak=1[0m
[0;32mI (339044) TAG: STA connected to 24:ec:4a:03:58:5d, ch=1 (sec=0)[0m
csi_data,A1,[0,0,-3,-13,-3,-13,-4,-13,-3,-13,-4,-13,-4,-12,-5,-12,-5,-12,-5,-12,-6,-11,-7,-12,-7,-11,-8,-12,-8,-12,-8,-12,-9,-13,-9,-13,-9,-14,-8,-14,-8,-15,-7,-15,-6,-15,-6,-15,-5,-15,-4,-15,-3,-15,0,0,0,0,0,0,0,0,0,0,0,0,0,0,0,0,0,0,0,0,0,0,1,-11,1,-11,1,-11,2,-11,2,-11,3,-11,4,-11,4,-11,4,-11,3,-10,4,-11,3,-11,3,-10,3,-10,2,-10,2,-10,1,-11,1,-11,0,-11,0,-11,-1,-11,-1,-12,-1,-12,-2,-12,-2,-12,-2,-13]
anchor,A1,24:ec:4a:03:58:5d,ch=1
ftm_report,A1,12,12,1.800
[0;32mI (339894) TAG: STA connected to 24:ec:4a:04:39:15, ch=6 (sec=0)[0m
csi_data,A2,[0,0,13,4,13,4,13,4,12,4,12,3,12,3,12,3,12,2,11,2,12,1,11,1,12,0,12,0,12,0,12,0,12,0,12,0,12,1,12,1,12,2,12,2,12,2,11,3,10,3,10,4,10,4,0,0,0,0,0,0,0,0,0,0,0,0,0,0,0,0,0,0,0,0,0,0,10,2,10,3,10,4,10,4,10,5,10,5,10,6,10,6,10,7,10,7,9,7,9,7,9,7,10,6,10,6,9,6,10,5,10,5,11,5,11,4,11,4,12,4,12,4,13,4,13,4,13,4]
anchor,A2,24:ec:4a:04:39:15,ch=6
ftm_report,A2,14,14,2.100
[0;32mI (340774) TAG: STA connected to 24:ec:4a:03:56:41, ch=11 (sec=0)[0m
csi_data,A3,[0,0,14,1,13,1,13,1,13,0,13,0,12,0,12,0,12,-1,11,-1,11,-2,11,-3,11,-3,11,-3,11,-3,11,-3,11,-3,11,-3,11,-3,11,-3,11,-2,11,-2,11,-1,10,-1,10,0,10,0,9,1,0,0,0,0,0,0,0,0,0,0,0,0,0,0,0,0,0,0,0,0,0,0,11,-2,11,-1,12,0,12,1,12,1,13,2,13,3,13,3,13,4,12,4,12,4,12,4,12,4,12,4,12,4,12,3,12,3,12,2,12,2,13,2,13,1,13,1,13,1,14,1,14,1,14,0]
[0;32mI (341794) esp_netif_handlers: sta ip: 192.168.4.2, mask: 255.255.255.0, gw: 192.168.4.1[0m
[0;33mW (342514) TAG: FTM to A3 failed (ESP_FAIL), streak=1[0m
[0;32mI (343114) TAG: STA connected to 24:ec:4a:03:58:5d, ch=1 (sec=0)[0m
csi_data,A1,[0,0,-10,9,-10,9,-10,10,-9,10,-9,10,-9,10,-8,10,-8,11,-7,11,-7,11,-6,12,-6,12,-6,13,-6,14,-6,14,-6,15,-6,15,-7,15,-7,15,-8,15,-9,15,-10,14,-10,13,-10,13,-11,12,-12,11,0,0,0,0,0,0,0,0,0,0,0,0,0,0,0,0,0,0,0,0,0,0,-11,5,-11,4,-11,3,-12,3,-12,3,-13,2,-13,2,-13,2,-13,1,-12,1,-13,2,-12,2,-12,2,-11,2,-11,2,-11,3,-11,4,-10,4,-11,5,-10,5,-10,6,-11,6,-10,7,-10,8,-10,8,-10,9]
anchor,A1,24:ec:4a:03:58:5d,ch=1
ftm_report,A1,10,10,1.500
[0;32mI (343964) TAG: STA connected to 24:ec:4a:04:39:15, ch=6 (sec=0)[0m
csi_data,A2,[0,0,14,0,14,0,14,0,13,0,13,-1,13,-1,13,-2,12,-2,12,-2,12,-3,12,-3,12,-3,12,-4,12,-4,12,-4,12,-4,12,-4,12,-4,12,-4,12,-3,12,-3,12,-2,12,-1,12,-1,11,0,11,1,0,0,0,0,0,0,0,0,0,0,0,0,0,0,0,0,0,0,0,0,0,0,11,-1,11,0,11,1,12,1,12,2,12,2,12,2,12,3,12,3,12,4,11,4,11,4,11,4,11,3,12,3,11,3,11,2,11,2,12,1,13,1,13,0,13,0,13,0,14,0,14,0,14,0]
anchor,A2,24:ec:4a:04:39:15,ch=6
ftm_report,A2,1,1,0.150
[0;32mI (344834) TAG: STA connected to 24:ec:4a:03:56:41, ch=11 (sec=0)[0m
anchor,A3,24:ec:4a:03:56:41,ch=11
ftm_report,A3,32,32,4.800
csi_data,A3,[0,0,2,14,2,13,2,13,2,13,3,13,3,12,4,11,4,11,4,11,4,10,4,10,5,10,5,10,6,10,6,10,6,10,6,10,6,11,6,10,5,10,5,11,4,10,3,10,2,10,2,10,1,10,0,0,0,0,0,0,0,0,0,0,0,0,0,0,0,0,0,0,0,0,0,0,3,11,2,12,2,12,1,13,1,13,0,14,-1,14,-1,14,-2,14,-2,13,-3,13,-3,13,-2,13,-2,13,-2,13,-2,12,-1,13,-1,13,0,13,1,13,1,13,2,13,1,14,2,14,2,14,2,14]
[0;32mI (345754) TAG: STA connected to 24:ec:4a:03:58:5d, ch=1 (sec=0)[0m
anchor,A1,24:ec:4a:03:58:5d,ch=1
ftm_report,A1,9,9,1.350
csi_data,A1,[0,0,-10,9,-10,9,-10,9,-9,10,-9,10,-9,10,-8,10,-8,10,-7,11,-6,11,-6,12,-6,12,-6,12,-6,13,-5,13,-6,14,-6,14,-7,15,-7,15,-8,15,-9,14,-9,13,-10,13,-10,13,-11,12,-12,11,0,0,0,0,0,0,0,0,0,0,0,0,0,0,0,0,0,0,0,0,0,0,-11,5,-11,4,-11,3,-12,3,-12,3,-13,3,-13,2,-13,2,-13,2,-12,1,-12,1,-12,2,-12,2,-11,2,-11,2,-11,3,-11,4,-10,4,-11,4,-10,5,-10,5,-10,6,-10,7,-10,7,-10,8,-10,8]
[0;32mI (346604) TAG: STA connected to 24:ec:4a:04:39:15, ch=6 (sec=0)[0m
anchor,A2,24:ec:4a:04:39:15,ch=6
ftm_report,A2,1,1,0.150
csi_data,A2,[0,0,-15,-2,-15,-2,-15,-2,-14,-2,-15,-1,-14,-1,-14,0,-14,0,-13,0,-13,1,-13,1,-13,2,-13,2,-13,2,-13,2,-13,2,-14,2,-14,2,-14,2,-14,1,-14,1,-14,0,-13,0,-13,-1,-12,-1,-12,-2,0,0,0,0,0,0,0,0,0,0,0,0,0,0,0,0,0,0,0,0,0,0,-12,-1,-12,-2,-13,-3,-13,-3,-13,-4,-13,-4,-13,-5,-13,-5,-13,-6,-13,-6,-12,-6,-12,-6,-12,-6,-12,-6,-12,-5,-12,-5,-13,-4,-13,-4,-13,-4,-14,-3,-14,-3,-14,-2,-14,-2,-15,-2,-15,-2,-15,-2]
[0;32mI (347474) TAG: STA connected to 24:ec:4a:03:56:41, ch=11 (sec=0)[0m
anchor,A3,24:ec:4a:03:56:41,ch=11
ftm_report,A3,32,32,4.800
csi_data,A3,[0,0,-11,10,-11,9,-10,9,-10,9,-9,9,-9,9,-9,9,-8,9,-8,9,-7,10,-7,10,-6,10,-6,10,-6,10,-6,11,-6,11,-6,10,-6,11,-6,11,-7,10,-7,10,-7,9,-7,8,-7,8,-8,7,-8,7,0,0,0,0,0,0,0,0,0,0,0,0,0,0,0,0,0,0,0,0,0,0,-8,9,-9,9,-9,8,-10,8,-11,8,-12,8,-13,7,-13,7,-13,7,-13,6,-13,6,-13,6,-13,6,-12,6,-12,6,-12,6,-12,7,-11,7,-11,7,-11,8,-11,8,-11,8,-11,9,-11,9,-11,10,-11,10]
[0;32mI (348344) TAG: STA connected to 24:ec:4a:03:58:5d, ch=1 (sec=0)[0m
anchor,A1,24:ec:4a:03:58:5d,ch=1
ftm_report,A1,8,8,1.200
csi_data,A1,[0,0,-2,13,-1,13,-1,12,-1,13,0,12,0,12,0,12,1,12,1,12,2,12,3,13,3,12,4,13,4,13,5,14,5,14,5,14,4,15,4,15,3,16,2,16,1,16,1,16,0,15,-1,15,-2,15,0,0,0,0,0,0,0,0,0,0,0,0,0,0,0,0,0,0,0,0,0,0,-4,10,-5,10,-5,10,-6,10,-7,10,-7,10,-8,10,-8,9,-8,9,-8,9,-8,9,-8,9,-7,9,-7,9,-6,8,-6,10,-6,9,-5,9,-4,10,-4,10,-4,10,-3,11,-3,12,-3,12,-2,12,-2,13]
[0;32mI (349234) TAG: STA connected to 24:ec:4a:04:39:15, ch=6 (sec=0)[0m
anchor,A2,24:ec:4a:04:39:15,ch=6
ftm_report,A2,0,0,-1.000
[0;32mI (350114) TAG: STA connected to 24:ec:4a:03:56:41, ch=11 (sec=0)[0m
csi_data,A3,[0,0,-12,-9,-12,-9,-12,-9,-11,-8,-12,-8,-12,-7,-12,-7,-12,-6,-11,-6,-11,-5,-12,-4,-12,-4,-12,-4,-13,-3,-12,-3,-12,-3,-12,-4,-12,-3,-12,-4,-12,-4,-12,-5,-11,-5,-11,-5,-10,-6,-10,-6,-9,-6,0,0,0,0,0,0,0,0,0,0,0,0,0,0,0,0,0,0,0,0,0,0,-11,-7,-11,-8,-11,-8,-11,-9,-10,-10,-10,-11,-9,-11,-9,-12,-9,-12,-9,-12,-8,-12,-8,-12,-9,-12,-8,-11,-9,-11,-8,-10,-9,-11,-9,-10,-10,-10,-10,-10,-11,-10,-11,-10,-12,-9,-12,-9,-12,-9,-12,-9]
anchor,A3,24:ec:4a:03:56:41,ch=11
ftm_report,A3,26,26,3.900
[0;32mI (351124) esp_netif_handlers: sta ip: 192.168.4.2, mask: 255.255.255.0, gw: 192.168.4.1[0m
[0;32mI (351484) TAG: STA connected to 24:ec:4a:03:58:5d, ch=1 (sec=0)[0m
anchor,A1,24:ec:4a:03:58:5d,ch=1
ftm_report,A1,8,8,1.200
csi_data,A1,[0,0,11,-7,11,-8,10,-8,10,-9,10,-9,10,-9,9,-9,9,-9,8,-10,8,-11,8,-11,7,-11,7,-12,7,-12,8,-13,8,-13,9,-14,9,-14,10,-13,10,-13,11,-13,12,-12,12,-11,12,-10,12,-10,13,-8,0,0,0,0,0,0,0,0,0,0,0,0,0,0,0,0,0,0,0,0,0,0,10,-5,10,-5,11,-4,11,-3,12,-3,12,-3,12,-2,12,-1,12,-1,12,-1,12,-1,11,-1,11,-1,11,-2,10,-2,11,-3,10,-3,10,-3,10,-4,10,-4,10,-5,10,-5,11,-6,11,-7,11,-7,11,-8]
[0;32mI (352334) TAG: STA connected to 24:ec:4a:04:39:15, ch=6 (sec=0)[0m
anchor,A2,24:ec:4a:04:39:15,ch=6
ftm_report,A2,5,5,0.750
csi_data,A2,[0,0,-5,-14,-6,-14,-5,-14,-5,-14,-5,-13,-6,-12,-6,-12,-6,-12,-6,-12,-7,-11,-7,-11,-7,-10,-8,-10,-8,-10,-8,-11,-8,-11,-8,-11,-8,-11,-8,-12,-7,-12,-7,-12,-6,-12,-5,-11,-5,-11,-4,-12,-3,-12,0,0,0,0,0,0,0,0,0,0,0,0,0,0,0,0,0,0,0,0,0,0,-5,-11,-5,-11,-4,-12,-4,-12,-4,-13,-3,-13,-2,-14,-2,-14,-2,-14,-1,-13,-1,-14,-1,-14,-1,-13,-1,-13,-2,-13,-2,-13,-2,-13,-3,-13,-4,-13,-4,-13,-4,-13,-5,-13,-5,-14,-5,-14,-5,-14,-5,-14]
[0;32mI (353204) TAG: STA connected to 24:ec:4a:03:56:41, ch=11 (sec=0)[0m
anchor,A3,24:ec:4a:03:56:41,ch=11
ftm_report,A3,31,31,4.650
csi_data,A3,[0,0,9,-12,8,-12,8,-11,8,-12,7,-12,6,-11,6,-12,5,-12,5,-12,4,-12,4,-12,4,-12,3,-12,3,-12,3,-13,3,-13,3,-12,3,-13,3,-13,4,-12,4,-12,4,-11,5,-11,5,-10,5,-10,6,-9,0,0,0,0,0,0,0,0,0,0,0,0,0,0,0,0,0,0,0,0,0,0,6,-11,7,-11,7,-10,8,-10,9,-10,10,-10,11,-10,11,-10,11,-9,11,-8,12,-8,11,-8,11,-8,11,-8,10,-8,10,-9,10,-9,10,-10,9,-10,9,-11,9,-11,9,-11,9,-12,9,-12,9,-12,9,-12]
[0;32mI (354224) esp_netif_handlers: sta ip: 192.168.4.2, mask: 255.255.255.0, gw: 192.168.4.1[0m
[0;32mI (354584) TAG: STA connected to 24:ec:4a:03:58:5d, ch=1 (sec=0)[0m
anchor,A1,24:ec:4a:03:58:5d,ch=1
ftm_report,A1,4,4,0.600
csi_data,A1,[0,0,13,-3,12,-4,13,-4,12,-4,13,-4,12,-5,12,-5,12,-5,11,-6,11,-7,11,-8,11,-8,11,-8,11,-9,11,-10,12,-10,12,-10,13,-10,13,-9,14,-9,14,-8,15,-7,15,-6,15,-6,15,-5,15,-4,0,0,0,0,0,0,0,0,0,0,0,0,0,0,0,0,0,0,0,0,0,0,11,0,12,0,11,1,12,2,12,2,12,3,11,3,11,4,11,4,11,4,11,4,11,4,11,4,10,3,11,3,10,2,11,1,10,1,11,1,11,0,11,0,12,-1,12,-1,12,-2,13,-2,13,-3]
[0;32mI (355434) TAG: STA connected to 24:ec:4a:04:39:15, ch=6 (sec=0)[0m
anchor,A2,24:ec:4a:04:39:15,ch=6
ftm_report,A2,0,0,-1.000
csi_data,A2,[0,0,-4,14,-4,14,-4,13,-4,14,-3,13,-3,13,-3,12,-2,12,-2,12,-1,13,-1,12,0,12,0,12,0,12,1,13,1,13,0,13,0,13,0,13,-1,13,-1,13,-2,12,-3,12,-3,11,-3,11,-4,11,0,0,0,0,0,0,0,0,0,0,0,0,0,0,0,0,0,0,0,0,0,0,-2,11,-3,11,-4,11,-4,11,-5,11,-6,12,-6,12,-6,12,-7,11,-7,11,-7,11,-7,11,-7,11,-7,10,-6,10,-6,11,-6,11,-5,12,-5,11,-5,12,-4,12,-4,13,-4,14,-4,13,-4,14,-4,14]
[0;32mI (356294) TAG: STA connected to 24:ec:4a:03:56:41, ch=11 (sec=0)[0m
csi_data,A3,[0,0,-3,14,-2,13,-2,13,-2,13,-1,13,-1,12,0,12,0,12,0,12,1,11,1,11,2,11,2,11,3,11,3,11,3,12,3,11,3,11,2,12,2,12,1,12,1,11,0,11,0,10,-1,10,-1,10,0,0,0,0,0,0,0,0,0,0,0,0,0,0,0,0,0,0,0,0,0,0,-1,12,-2,12,-2,12,-3,12,-4,12,-5,13,-5,13,-6,13,-6,12,-6,12,-7,12,-7,12,-6,12,-6,12,-5,11,-6,12,-5,12,-5,12,-4,12,-4,13,-3,13,-3,13,-3,14,-2,14,-2,14,-2,14]
[0;32mI (357304) esp_netif_handlers: sta ip: 192.168.4.2, mask: 255.255.255.0, gw: 192.168.4.1[0m
[0;33mW (358034) TAG: FTM to A3 failed (ESP_FAIL), streak=1[0m
[0;32mI (358634) TAG: STA connected to 24:ec:4a:03:58:5d, ch=1 (sec=0)[0m
anchor,A1,24:ec:4a:03:58:5d,ch=1
ftm_report,A1,4,4,0.600
csi_data,A1,[0,0,10,7,10,7,10,6,11,7,11,6,11,6,11,5,11,4,11,4,12,4,12,3,12,3,13,3,13,2,14,2,14,2,15,2,15,3,15,3,15,4,15,4,15,5,14,6,14,7,12,7,12,8,0,0,0,0,0,0,0,0,0,0,0,0,0,0,0,0,0,0,0,0,0,0,7,9,6,9,6,10,6,10,5,11,4,11,4,11,4,11,4,11,3,11,3,11,3,11,3,11,4,10,4,9,5,10,5,9,6,9,6,8,7,9,7,8,8,8,8,8,9,8,9,8,9,8]
[0;32mI (359534) TAG: STA connected to 24:ec:4a:04:39:15, ch=6 (sec=0)[0m
anchor,A2,24:ec:4a:04:39:15,ch=6
ftm_report,A2,0,0,-1.000
csi_data,A2,[0,0,-15,2,-15,2,-15,2,-14,2,-14,2,-14,2,-13,3,-13,3,-12,3,-12,4,-12,4,-12,5,-12,5,-12,5,-12,5,-12,6,-12,5,-13,5,-13,5,-13,4,-13,4,-13,3,-13,3,-13,2,-12,1,-12,1,0,0,0,0,0,0,0,0,0,0,0,0,0,0,0,0,0,0,0,0,0,0,-12,2,-12,1,-13,0,-13,0,-13,0,-14,-1,-14,-1,-14,-2,-14,-2,-14,-3,-13,-3,-13,-3,-13,-3,-13,-2,-13,-2,-13,-2,-13,-1,-13,0,-14,0,-14,0,-14,1,-14,1,-14,1,-15,2,-15,2,-15,2]
[0;32mI (360394) TAG: STA connected to 24:ec:4a:03:56:41, ch=11 (sec=0)[0m
csi_data,A3,[0,0,12,-8,11,-8,11,-7,11,-8,10,-8,10,-8,9,-8,9,-8,8,-9,8,-9,8,-9,7,-9,7,-10,7,-10,7,-10,7,-10,7,-10,7,-10,7,-10,7,-10,8,-10,8,-8,8,-8,8,-7,8,-7,8,-6,0,0,0,0,0,0,0,0,0,0,0,0,0,0,0,0,0,0,0,0,0,0,9,-8,10,-7,10,-6,11,-6,12,-6,13,-6,13,-5,13,-5,13,-4,13,-3,13,-3,13,-3,13,-3,12,-3,12,-4,12,-4,12,-5,12,-5,12,-5,11,-6,12,-6,12,-7,12,-8,12,-7,12,-7,12,-8]
[0;32mI (361414) esp_netif_handlers: sta ip: 192.168.4.2, mask: 255.255.255.0, gw: 192.168.4.1[0m
[0;33mW (362134) TAG: FTM to A3 failed (ESP_FAIL), streak=1[0m
[0;32mI (362734) TAG: STA connected to 24:ec:4a:03:58:5d, ch=1 (sec=0)[0m
anchor,A1,24:ec:4a:03:58:5d,ch=1
ftm_report,A1,7,7,1.050
csi_data,A1,[0,0,5,12,5,11,6,11,5,11,6,11,7,10,7,10,7,9,8,9,8,9,8,9,9,8,10,9,10,9,10,9,11,9,11,9,11,10,11,10,11,11,11,11,10,12,9,12,8,12,7,13,6,13,0,0,0,0,0,0,0,0,0,0,0,0,0,0,0,0,0,0,0,0,0,0,1,11,1,12,0,11,0,12,-1,12,-1,12,-2,12,-2,12,-2,12,-2,11,-3,12,-2,11,-2,11,-2,11,-1,11,-1,11,0,11,0,10,1,11,2,11,2,11,3,11,3,11,4,11,4,12,4,12]
[0;32mI (363594) TAG: STA connected to 24:ec:4a:04:39:15, ch=6 (sec=0)[0m
anchor,A2,24:ec:4a:04:39:15,ch=6
ftm_report,A2,0,0,-1.000
csi_data,A2,[0,0,-11,10,-11,10,-11,9,-10,10,-10,9,-9,10,-9,10,-8,10,-8,10,-7,10,-7,10,-7,10,-7,10,-6,11,-6,11,-6,11,-7,11,-7,11,-7,11,-7,11,-8,11,-8,10,-9,9,-9,8,-9,8,-9,7,0,0,0,0,0,0,0,0,0,0,0,0,0,0,0,0,0,0,0,0,0,0,-8,8,-9,8,-10,8,-10,7,-11,7,-11,7,-12,7,-12,7,-12,7,-13,5,-12,5,-12,5,-12,5,-12,5,-11,6,-11,6,-11,7,-11,7,-11,7,-11,8,-11,8,-11,9,-11,10,-11,9,-11,10,-11,10]
[0;32mI (364454) TAG: STA connected to 24:ec:4a:03:56:41, ch=11 (sec=0)[0m
csi_data,A3,[0,0,-7,13,-6,12,-6,12,-6,12,-5,12,-5,12,-4,11,-3,11,-3,12,-2,11,-2,11,-2,11,-1,11,-1,11,-1,12,-1,12,-1,12,-1,12,-2,12,-2,12,-2,12,-3,11,-3,10,-4,10,-4,10,-5,9,0,0,0,0,0,0,0,0,0,0,0,0,0,0,0,0,0,0,0,0,0,0,-5,11,-5,11,-6,11,-7,11,-7,11,-9,11,-9,11,-9,11,-10,10,-10,10,-10,10,-10,10,-10,9,-9,9,-9,9,-9,9,-9,10,-8,10,-8,11,-7,11,-7,11,-7,12,-7,12,-7,12,-7,13,-7,13]
[0;32mI (365464) esp_netif_handlers: sta ip: 192.168.4.2, mask: 255.255.255.0, gw: 192.168.4.1[0m
[0;33mW (366194) TAG: FTM to A3 failed (ESP_FAIL), streak=1[0m
[0;32mI (366804) TAG: STA connected to 24:ec:4a:03:58:5d, ch=1 (sec=0)[0m
anchor,A1,24:ec:4a:03:58:5d,ch=1
ftm_report,A1,13,13,1.950
csi_data,A1,[0,0,3,-14,3,-13,2,-13,2,-13,2,-13,1,-13,1,-13,0,-13,0,-14,-1,-13,-1,-14,-2,-14,-2,-14,-3,-15,-3,-15,-3,-16,-3,-15,-3,-17,-3,-17,-2,-17,-1,-17,0,-16,1,-16,1,-16,2,-16,3,-16,0,0,0,0,0,0,0,0,0,0,0,0,0,0,0,0,0,0,0,0,0,0,5,-11,6,-11,6,-10,7,-10,7,-10,8,-10,9,-10,9,-9,9,-9,8,-8,9,-9,8,-9,8,-9,8,-9,7,-9,7,-9,6,-9,6,-10,5,-10,5,-11,4,-11,5,-11,4,-12,4,-12,3,-13,4,-14]
[0;32mI (367674) TAG: STA connected to 24:ec:4a:04:39:15, ch=6 (sec=0)[0m
anchor,A2,24:ec:4a:04:39:15,ch=6
ftm_report,A2,0,0,-1.000
csi_data,A2,[0,0,10,-12,9,-11,10,-11,9,-11,9,-11,8,-11,8,-11,7,-11,7,-11,6,-11,5,-12,5,-12,5,-12,5,-13,5,-12,5,-13,5,-12,5,-13,6,-13,6,-12,6,-12,7,-11,7,-10,7,-10,7,-10,8,-9,0,0,0,0,0,0,0,0,0,0,0,0,0,0,0,0,0,0,0,0,0,0,7,-9,8,-10,9,-9,9,-9,10,-8,11,-9,11,-8,11,-8,11,-7,11,-6,11,-7,11,-7,11,-7,11,-7,11,-7,10,-7,10,-8,10,-8,10,-9,9,-9,10,-10,10,-10,9,-11,9,-11,10,-11,10,-12]
[0;32mI (368534) TAG: STA connected to 24:ec:4a:03:56:41, ch=11 (sec=0)[0m
csi_data,A3,[0,0,13,4,13,4,13,4,13,3,12,3,12,2,12,2,12,1,11,1,11,0,11,0,11,-1,11,-1,11,-1,11,-1,12,-1,12,-1,12,-1,12,-1,12,0,11,0,11,1,11,1,10,2,10,2,9,3,0,0,0,0,0,0,0,0,0,0,0,0,0,0,0,0,0,0,0,0,0,0,12,1,12,2,12,3,12,4,13,4,12,5,12,6,12,6,12,7,12,7,11,7,11,7,11,7,11,7,11,6,11,6,11,6,11,5,12,5,12,5,12,4,13,4,13,4,13,4,13,4,14,3]
[0;32mI (369544) esp_netif_handlers: sta ip: 192.168.4.2, mask: 255.255.255.0, gw: 192.168.4.1[0m
[0;33mW (370274) TAG: FTM to A3 failed (ESP_FAIL), streak=1[0m
[0;32mI (370874) TAG: STA connected to 24:ec:4a:03:58:5d, ch=1 (sec=0)[0m
anchor,A1,24:ec:4a:03:58:5d,ch=1
ftm_report,A1,5,5,0.750
csi_data,A1,[0,0,-9,-11,-10,-11,-10,-10,-10,-10,-10,-9,-10,-9,-11,-9,-11,-8,-11,-8,-12,-7,-12,-7,-13,-6,-13,-6,-14,-6,-14,-6,-14,-6,-15,-7,-15,-7,-15,-8,-15,-8,-15,-9,-14,-9,-14,-10,-13,-10,-12,-11,-11,-12,0,0,0,0,0,0,0,0,0,0,0,0,0,0,0,0,0,0,0,0,0,0,-5,-11,-5,-11,-5,-12,-4,-12,-4,-13,-3,-13,-3,-13,-2,-13,-2,-13,-2,-13,-2,-13,-2,-12,-2,-12,-3,-12,-3,-11,-4,-12,-4,-11,-4,-11,-5,-11,-6,-11,-6,-11,-7,-11,-7,-11,-8,-11,-9,-11,-8,-11]
[0;32mI (371724) TAG: STA connected to 24:ec:4a:04:39:15, ch=6 (sec=0)[0m
anchor,A2,24:ec:4a:04:39:15,ch=6
ftm_report,A2,5,5,0.750
csi_data,A2,[0,0,-14,6,-14,6,-13,6,-13,6,-13,6,-13,6,-12,6,-12,6,-11,7,-10,7,-10,8,-10,8,-10,8,-10,8,-10,9,-10,9,-10,9,-11,9,-11,8,-11,8,-11,7,-11,6,-11,6,-12,5,-11,5,-11,4,0,0,0,0,0,0,0,0,0,0,0,0,0,0,0,0,0,0,0,0,0,0,-10,5,-11,5,-12,4,-12,4,-12,3,-13,3,-14,3,-13,2,-14,2,-13,1,-14,2,-13,1,-13,1,-13,2,-13,2,-13,2,-13,3,-13,3,-13,4,-13,4,-13,4,-13,5,-13,5,-14,6,-14,6,-14,6]
[0;32mI (372594) TAG: STA connected to 24:ec:4a:03:56:41, ch=11 (sec=0)[0m
csi_data,A3,[0,0,14,-4,13,-3,13,-4,13,-4,12,-4,12,-4,11,-4,11,-5,10,-5,10,-6,10,-6,10,-6,10,-7,10,-7,9,-7,10,-8,10,-7,10,-7,10,-7,10,-7,10,-6,10,-5,10,-5,10,-4,10,-4,10,-3,0,0,0,0,0,0,0,0,0,0,0,0,0,0,0,0,0,0,0,0,0,0,11,-5,12,-4,12,-3,13,-2,13,-2,14,-1,14,-1,14,0,14,0,13,1,14,1,13,1,13,1,13,1,13,0,13,0,13,-1,13,-1,13,-1,13,-2,13,-2,13,-2,14,-3,14,-3,14,-3,14,-4]
[1;31mE (373264) wifi:No FTM Measurements received from responder![0m
[0;33mW (373364) TAG: FTM to A3 failed (ESP_FAIL), streak=1[0m
[0;32mI (373604) esp_netif_handlers: sta ip: 192.168.4.2, mask: 255.255.255.0, gw: 192.168.4.1[0m
[0;32mI (373964) TAG: STA connected to 24:ec:4a:03:58:5d, ch=1 (sec=0)[0m
csi_data,A1,[0,0,-14,-3,-14,-3,-14,-3,-13,-3,-14,-2,-14,-2,-14,-1,-13,-1,-13,0,-13,0,-14,1,-14,1,-14,2,-15,2,-14,2,-15,3,-16,3,-16,2,-16,2,-16,1,-17,0,-17,-1,-16,-1,-16,-2,-16,-3,-15,-4,0,0,0,0,0,0,0,0,0,0,0,0,0,0,0,0,0,0,0,0,0,0,-11,-5,-11,-6,-11,-7,-11,-7,-11,-8,-11,-9,-10,-9,-10,-9,-10,-9,-9,-9,-9,-9,-9,-9,-9,-9,-9,-9,-9,-8,-10,-7,-10,-7,-10,-6,-11,-6,-11,-6,-11,-5,-12,-5,-12,-5,-13,-4,-13,-4,-13,-4]
anchor,A1,24:ec:4a:03:58:5d,ch=1
ftm_report,A1,5,5,0.750
[0;32mI (374834) TAG: STA connected to 24:ec:4a:04:39:15, ch=6 (sec=0)[0m
anchor,A2,24:ec:4a:04:39:15,ch=6
ftm_report,A2,3,3,0.450
csi_data,A2,[0,0,0,14,0,13,0,13,0,14,0,13,1,12,1,12,1,12,2,12,2,12,2,12,3,11,3,11,4,11,4,12,4,12,3,12,3,12,3,12,3,12,2,12,1,12,1,12,0,11,0,11,-1,11,0,0,0,0,0,0,0,0,0,0,0,0,0,0,0,0,0,0,0,0,0,0,1,11,0,11,-1,11,-1,11,-2,12,-2,12,-3,12,-3,13,-4,12,-4,12,-4,12,-4,12,-4,12,-4,11,-3,11,-3,12,-3,12,-2,12,-2,12,-1,12,-1,12,-1,13,0,14,0,13,0,14,0,14]
[0;32mI (375744) TAG: STA connected to 24:ec:4a:03:56:41, ch=11 (sec=0)[0m
csi_data,A3,[0,0,4,14,4,13,4,13,4,12,5,12,5,12,5,11,5,10,5,10,6,10,6,10,7,9,7,9,8,9,7,9,8,9,8,9,7,9,7,10,7,10,6,10,6,10,5,10,5,10,4,9,3,10,0,0,0,0,0,0,0,0,0,0,0,0,0,0,0,0,0,0,0,0,0,0,4,11,4,11,3,12,3,12,2,13,1,14,1,14,0,14,0,14,0,14,-1,14,-1,13,0,13,0,13,0,13,0,13,1,13,1,12,2,13,3,13,3,13,3,13,3,13,4,14,4,13,4,14]
[0;32mI (376764) esp_netif_handlers: sta ip: 192.168.4.2, mask: 255.255.255.0, gw: 192.168.4.1[0m
[0;33mW (377494) TAG: FTM to A3 failed (ESP_FAIL), streak=1[0m
[0;32mI (378094) TAG: STA connected to 24:ec:4a:03:58:5d, ch=1 (sec=0)[0m
csi_data,A1,[0,0,1,-14,0,-13,0,-14,0,-14,0,-13,-1,-13,-1,-13,-2,-13,-3,-13,-3,-13,-4,-13,-5,-13,-5,-13,-5,-14,-6,-14,-6,-15,-6,-14,-6,-16,-5,-16,-4,-16,-4,-17,-3,-16,-2,-16,-2,-16,-1,-16,1,-16,0,0,0,0,0,0,0,0,0,0,0,0,0,0,0,0,0,0,0,0,0,0,4,-12,5,-12,5,-11,5,-11,6,-11,7,-12,7,-11,8,-11,8,-11,7,-10,7,-10,7,-10,7,-10,6,-10,6,-10,5,-11,5,-11,4,-11,4,-11,4,-11,3,-12,3,-12,3,-13,2,-13,2,-13,2,-14]
anchor,A1,24:ec:4a:03:58:5d,ch=1
ftm_report,A1,3,3,0.450
[0;32mI (378944) TAG: STA connected to 24:ec:4a:04:39:15, ch=6 (sec=0)[0m
csi_data,A2,[0,0,-6,-14,-6,-13,-6,-14,-6,-13,-7,-13,-7,-12,-7,-12,-7,-11,-7,-11,-7,-10,-8,-11,-8,-10,-8,-10,-9,-10,-9,-10,-9,-11,-9,-10,-9,-11,-9,-11,-8,-11,-8,-11,-7,-11,-6,-11,-6,-11,-5,-11,-5,-12,0,0,0,0,0,0,0,0,0,0,0,0,0,0,0,0,0,0,0,0,0,0,-6,-11,-5,-12,-5,-12,-4,-12,-4,-12,-3,-14,-3,-13,-3,-14,-2,-14,-2,-13,-1,-13,-1,-13,-2,-13,-2,-13,-2,-13,-2,-13,-3,-13,-3,-12,-4,-13,-5,-13,-5,-13,-5,-13,-6,-13,-6,-13,-6,-13,-6,-14]
anchor,A2,24:ec:4a:04:39:15,ch=6
ftm_report,A2,0,0,-1.000
[0;32mI (379804) TAG: STA connected to 24:ec:4a:03:56:41, ch=11 (sec=0)[0m
csi_data,A3,[0,0,-4,13,-4,13,-4,13,-4,13,-3,12,-3,12,-2,12,-2,12,-2,11,-1,11,0,11,0,11,0,11,0,11,0,12,1,12,1,11,0,12,0,12,0,11,-1,11,-1,11,-2,10,-2,10,-3,10,-3,9,0,0,0,0,0,0,0,0,0,0,0,0,0,0,0,0,0,0,0,0,0,0,-2,11,-2,11,-3,12,-4,12,-4,12,-6,12,-6,12,-7,12,-7,12,-7,11,-8,11,-8,11,-7,11,-7,11,-6,11,-7,11,-6,11,-6,11,-5,11,-5,12,-5,12,-4,12,-4,13,-4,13,-4,13,-4,13]
[1;31mE (380474) wifi:No FTM Measurements received from responder![0m
[0;33mW (380574) TAG: FTM to A3 failed (ESP_FAIL), streak=1[0m
[0;32mI (380824) esp_netif_handlers: sta ip: 192.168.4.2, mask: 255.255.255.0, gw: 192.168.4.1[0m
[0;32mI (381174) TAG: STA connected to 24:ec:4a:03:58:5d, ch=1 (sec=0)[0m
anchor,A1,24:ec:4a:03:58:5d,ch=1
ftm_report,A1,15,15,2.250
[0;32mI (382034) TAG: STA connected to 24:ec:4a:04:39:15, ch=6 (sec=0)[0m
csi_data,A2,[0,0,2,-15,2,-14,2,-14,2,-14,2,-14,1,-13,1,-13,1,-13,0,-13,-1,-13,-1,-13,-1,-12,-1,-13,-2,-13,-2,-13,-2,-13,-2,-13,-2,-14,-1,-14,-1,-13,-1,-14,0,-13,1,-12,1,-12,2,-12,2,-12,0,0,0,0,0,0,0,0,0,0,0,0,0,0,0,0,0,0,0,0,0,0,1,-12,2,-12,3,-12,3,-12,3,-12,4,-13,5,-12,5,-12,6,-12,6,-12,6,-12,6,-12,6,-11,5,-11,5,-12,5,-12,4,-12,4,-12,4,-12,3,-13,3,-13,3,-14,2,-14,2,-14,2,-14,3,-15]
anchor,A2,24:ec:4a:04:39:15,ch=6
ftm_report,A2,0,0,-1.000
[0;32mI (382894) TAG: STA connected to 24:ec:4a:03:56:41, ch=11 (sec=0)[0m
csi_data,A3,[0,0,7,12,8,11,8,11,7,11,8,10,8,10,8,9,8,9,8,8,8,7,9,7,9,7,9,7,10,7,10,6,10,7,10,7,10,7,10,7,9,7,9,7,8,8,8,8,7,8,6,8,5,8,0,0,0,0,0,0,0,0,0,0,0,0,0,0,0,0,0,0,0,0,0,0,7,9,7,10,6,10,6,11,6,12,5,13,5,13,4,13,4,13,3,13,3,13,3,13,3,13,3,13,3,12,4,12,4,12,5,11,5,12,6,12,6,12,7,11,7,12,7,12,8,12,8,12]
anchor,A3,24:ec:4a:03:56:41,ch=11
ftm_report,A3,21,21,3.150
[0;32mI (383774) TAG: STA connected to 24:ec:4a:03:58:5d, ch=1 (sec=0)[0m
anchor,A1,24:ec:4a:03:58:5d,ch=1
ftm_report,A1,4,4,0.600
csi_data,A1,[0,0,-12,6,-12,6,-12,6,-12,7,-11,7,-11,7,-11,7,-10,8,-10,8,-10,9,-9,10,-9,10,-9,10,-9,11,-9,12,-9,12,-10,12,-10,12,-11,12,-11,12,-12,11,-13,10,-13,10,-13,9,-13,8,-13,7,0,0,0,0,0,0,0,0,0,0,0,0,0,0,0,0,0,0,0,0,0,0,-12,2,-12,2,-12,1,-12,0,-13,0,-13,0,-13,-1,-13,-1,-13,-1,-13,-2,-13,-1,-12,-1,-12,-1,-12,-1,-11,-1,-12,1,-11,1,-12,2,-12,2,-12,2,-12,3,-12,3,-12,4,-12,5,-12,5,-12,5]
[0;32mI (384624) TAG: STA connected to 24:ec:4a:04:39:15, ch=6 (sec=0)[0m
anchor,A2,24:ec:4a:04:39:15,ch=6
ftm_report,A2,1,1,0.150
csi_data,A2,[0,0,9,11,9,10,9,10,8,10,9,9,9,9,9,8,9,8,9,8,9,7,9,7,10,6,10,6,10,6,10,6,11,7,10,7,10,7,10,7,10,7,9,8,9,8,8,8,7,8,7,8,6,9,0,0,0,0,0,0,0,0,0,0,0,0,0,0,0,0,0,0,0,0,0,0,7,8,7,9,7,9,7,10,7,10,6,11,6,11,5,11,5,12,5,11,4,12,4,12,4,11,5,11,5,11,5,11,5,11,6,10,7,10,7,10,8,10,8,10,8,10,9,11,9,11,9,11]
[0;32mI (385494) TAG: STA connected to 24:ec:4a:03:56:41, ch=11 (sec=0)[0m
anchor,A3,24:ec:4a:03:56:41,ch=11
ftm_report,A3,30,30,4.500
csi_data,A3,[0,0,-13,7,-13,6,-13,6,-12,7,-12,7,-11,7,-11,7,-10,7,-10,7,-9,8,-9,8,-9,8,-9,8,-8,9,-8,9,-8,9,-9,9,-9,9,-9,9,-9,8,-9,8,-9,7,-9,6,-10,6,-9,6,-10,5,0,0,0,0,0,0,0,0,0,0,0,0,0,0,0,0,0,0,0,0,0,0,-10,7,-11,7,-12,6,-12,5,-13,5,-14,5,-14,4,-14,3,-15,3,-14,2,-15,2,-14,2,-14,2,-14,2,-13,2,-13,3,-14,4,-13,4,-13,4,-13,5,-13,5,-13,5,-13,6,-14,6,-13,6,-13,7]
[0;32mI (386374) TAG: STA connected to 24:ec:4a:03:58:5d, ch=1 (sec=0)[0m
anchor,A1,24:ec:4a:03:58:5d,ch=1
ftm_report,A1,8,8,1.200
csi_data,A1,[0,0,11,5,11,4,12,4,11,3,12,3,12,3,12,2,12,2,12,1,11,0,12,0,12,-1,13,-1,13,-1,13,-1,14,-1,14,-1,14,-1,15,0,15,1,14,1,14,2,14,2,14,3,13,4,13,5,0,0,0,0,0,0,0,0,0,0,0,0,0,0,0,0,0,0,0,0,0,0,9,6,9,6,8,7,9,8,8,8,8,9,7,9,7,9,7,9,7,9,7,9,7,8,7,8,7,8,7,8,7,7,8,7,7,6,8,6,9,6,9,6,10,6,10,5,11,5,11,4,11,4]
[0;32mI (387234) TAG: STA connected to 24:ec:4a:04:39:15, ch=6 (sec=0)[0m
anchor,A2,24:ec:4a:04:39:15,ch=6
ftm_report,A2,1,1,0.150
[0;32mI (388104) TAG: STA connected to 24:ec:4a:03:56:41, ch=11 (sec=0)[0m
csi_data,A3,[0,0,6,-14,5,-13,5,-13,5,-13,4,-13,4,-12,4,-12,3,-12,3,-12,2,-12,1,-12,1,-12,0,-12,0,-12,0,-13,0,-13,0,-12,1,-13,1,-13,2,-13,2,-12,2,-12,2,-11,3,-11,3,-11,4,-10,0,0,0,0,0,0,0,0,0,0,0,0,0,0,0,0,0,0,0,0,0,0,3,-12,4,-12,5,-11,6,-11,6,-12,8,-12,8,-11,9,-11,9,-11,9,-10,9,-10,9,-10,9,-10,8,-10,8,-10,8,-10,8,-11,7,-11,7,-11,7,-12,6,-12,6,-13,6,-13,6,-13,6,-13,6,-14]
[0;32mI (389124) esp_netif_handlers: sta ip: 192.168.4.2, mask: 255.255.255.0, gw: 192.168.4.1[0m
[0;33mW (389844) TAG: FTM to A3 failed (ESP_FAIL), streak=1[0m
[0;32mI (390494) TAG: STA connected to 24:ec:4a:03:58:5d, ch=1 (sec=0)[0m
anchor,A1,24:ec:4a:03:58:5d,ch=1
ftm_report,A1,8,8,1.200
csi_data,A1,[0,0,7,11,7,10,7,10,7,10,8,9,8,9,9,9,9,8,9,8,9,7,10,7,10,7,11,7,12,7,12,7,12,7,13,7,13,8,13,9,12,9,12,10,11,10,11,10,10,11,9,11,8,12,0,0,0,0,0,0,0,0,0,0,0,0,0,0,0,0,0,0,0,0,0,0,3,10,3,11,3,11,2,12,2,12,1,12,0,12,0,12,0,12,0,12,0,12,0,11,0,11,1,11,1,11,1,11,2,10,2,10,3,10,4,10,4,10,5,10,5,11,6,11,6,11,6,11]
[0;32mI (391344) TAG: STA connected to 24:ec:4a:04:39:15, ch=6 (sec=0)[0m
anchor,A2,24:ec:4a:04:39:15,ch=6
ftm_report,A2,0,0,-1.000
csi_data,A2,[0,0,-4,15,-3,14,-3,14,-3,14,-3,14,-2,13,-2,13,-1,13,-1,13,0,12,0,13,1,12,1,12,1,13,2,13,2,13,1,13,1,14,1,13,0,13,0,13,-1,12,-2,12,-2,12,-2,12,-3,11,0,0,0,0,0,0,0,0,0,0,0,0,0,0,0,0,0,0,0,0,0,0,-2,11,-3,12,-4,11,-4,12,-5,11,-6,12,-6,12,-7,12,-7,12,-7,11,-7,12,-7,11,-7,11,-6,11,-6,11,-6,11,-6,12,-5,12,-5,12,-4,13,-4,12,-4,13,-3,14,-3,14,-3,14,-3,15]
[0;32mI (392204) TAG: STA connected to 24:ec:4a:03:56:41, ch=11 (sec=0)[0m
anchor,A3,24:ec:4a:03:56:41,ch=11
ftm_report,A3,29,29,4.350
[0;32mI (393074) TAG: STA connected to 24:ec:4a:03:58:5d, ch=1 (sec=0)[0m
csi_data,A1,[0,0,13,0,13,0,13,-1,13,-1,13,-1,13,-1,13,-2,12,-2,12,-3,12,-4,13,-4,12,-5,13,-5,13,-6,13,-6,13,-6,15,-6,14,-6,15,-6,15,-5,15,-4,16,-3,16,-2,16,-1,15,0,15,1,0,0,0,0,0,0,0,0,0,0,0,0,0,0,0,0,0,0,0,0,0,0,11,3,11,3,11,4,11,5,11,5,10,5,11,6,10,6,10,6,10,7,10,7,9,6,9,6,9,6,9,5,10,4,10,4,10,4,10,3,11,3,11,3,12,2,12,2,12,2,13,1,13,1]
anchor,A1,24:ec:4a:03:58:5d,ch=1
ftm_report,A1,3,3,0.450
[0;32mI (393924) TAG: STA connected to 24:ec:4a:04:39:15, ch=6 (sec=0)[0m
csi_data,A2,[0,0,-10,-11,-10,-11,-10,-11,-10,-11,-10,-10,-10,-9,-10,-9,-10,-9,-10,-9,-10,-8,-10,-8,-11,-7,-11,-7,-11,-7,-11,-7,-12,-7,-11,-7,-11,-8,-11,-8,-11,-8,-11,-9,-10,-8,-9,-9,-9,-9,-8,-9,-7,-10,0,0,0,0,0,0,0,0,0,0,0,0,0,0,0,0,0,0,0,0,0,0,-9,-8,-9,-9,-8,-9,-8,-10,-8,-10,-7,-12,-7,-12,-7,-12,-6,-12,-6,-12,-6,-12,-6,-12,-6,-12,-6,-11,-6,-11,-6,-11,-7,-11,-7,-11,-8,-11,-8,-11,-9,-11,-9,-11,-10,-11,-10,-11,-10,-11,-10,-11]
anchor,A2,24:ec:4a:04:39:15,ch=6
ftm_report,A2,0,0,-1.000
[0;32mI (394794) TAG: STA connected to 24:ec:4a:03:56:41, ch=11 (sec=0)[0m
csi_data,A3,[0,0,-7,-14,-7,-13,-7,-13,-7,-13,-7,-12,-7,-12,-7,-11,-8,-11,-7,-10,-8,-10,-8,-10,-9,-9,-9,-9,-9,-9,-9,-9,-10,-9,-10,-9,-9,-9,-9,-10,-8,-10,-8,-10,-8,-10,-7,-10,-6,-10,-6,-10,-5,-10,0,0,0,0,0,0,0,0,0,0,0,0,0,0,0,0,0,0,0,0,0,0,-7,-11,-7,-11,-7,-12,-6,-13,-6,-13,-5,-14,-4,-14,-4,-15,-3,-15,-3,-15,-3,-15,-3,-14,-3,-14,-3,-14,-3,-13,-3,-13,-4,-13,-4,-13,-5,-13,-5,-14,-6,-14,-6,-14,-6,-14,-7,-14,-7,-14,-7,-14]
[0;32mI (395814) esp_netif_handlers: sta ip: 192.168.4.2, mask: 255.255.255.0, gw: 192.168.4.1[0m
[0;33mW (396534) TAG: FTM to A3 failed (ESP_FAIL), streak=1[0m
[0;32mI (397134) TAG: STA connected to 24:ec:4a:03:58:5d, ch=1 (sec=0)[0m
anchor,A1,24:ec:4a:03:58:5d,ch=1
ftm_report,A1,9,9,1.350
[0;32mI (397994) TAG: STA connected to 24:ec:4a:04:39:15, ch=6 (sec=0)[0m
csi_data,A2,[0,0,14,-3,14,-3,13,-3,13,-3,13,-3,13,-3,12,-4,12,-4,11,-4,11,-5,11,-5,11,-6,11,-6,11,-6,11,-6,11,-6,11,-6,11,-6,12,-5,12,-5,12,-4,12,-4,12,-3,12,-3,11,-2,11,-2,0,0,0,0,0,0,0,0,0,0,0,0,0,0,0,0,0,0,0,0,0,0,10,-4,11,-3,11,-2,11,-2,12,-1,12,-1,13,0,12,0,12,1,12,1,12,1,12,1,12,1,12,1,12,0,12,0,12,0,12,-1,12,-1,13,-1,13,-2,13,-2,13,-3,14,-3,14,-3,14,-3]
[1;31mE (398164) wifi:No FTM Measurements received from responder![0m
[0;33mW (398264) TAG: FTM to A2 failed (ESP_FAIL), streak=1[0m
[0;32mI (398884) TAG: STA connected to 24:ec:4a:03:56:41, ch=11 (sec=0)[0m
csi_data,A3,[0,0,13,-7,12,-7,12,-7,11,-7,11,-7,10,-7,10,-8,9,-8,9,-8,8,-9,8,-9,8,-9,7,-9,7,-9,7,-10,7,-10,8,-10,8,-10,8,-10,8,-9,8,-9,8,-8,8,-7,8,-7,8,-6,8,-6,0,0,0,0,0,0,0,0,0,0,0,0,0,0,0,0,0,0,0,0,0,0,10,-8,10,-7,11,-6,12,-6,12,-5,13,-5,13,-4,14,-4,14,-3,14,-3,14,-3,13,-3,13,-3,13,-2,13,-3,12,-4,12,-4,12,-5,12,-5,12,-5,12,-6,12,-6,12,-7,12,-7,12,-7,12,-8]
[0;32mI (399904) esp_netif_handlers: sta ip: 192.168.4.2, mask: 255.255.255.0, gw: 192.168.4.1[0m
anchor,A3,24:ec:4a:03:56:41,ch=11
ftm_report,A3,25,25,3.750
[0;32mI (400754) TAG: STA connected to 24:ec:4a:03:58:5d, ch=1 (sec=0)[0m
anchor,A1,24:ec:4a:03:58:5d,ch=1
ftm_report,A1,4,4,0.600
csi_data,A1,[0,0,-9,-11,-10,-10,-10,-10,-10,-10,-10,-9,-11,-9,-11,-9,-11,-8,-11,-8,-12,-7,-12,-7,-13,-6,-13,-6,-14,-6,-14,-6,-14,-6,-15,-7,-15,-7,-15,-8,-15,-9,-15,-9,-14,-9,-14,-10,-13,-10,-12,-11,-11,-12,0,0,0,0,0,0,0,0,0,0,0,0,0,0,0,0,0,0,0,0,0,0,-6,-11,-5,-11,-5,-12,-5,-12,-5,-13,-3,-13,-3,-13,-2,-13,-3,-13,-2,-13,-2,-13,-2,-12,-3,-12,-3,-12,-3,-12,-4,-12,-4,-11,-5,-11,-6,-11,-6,-11,-6,-11,-7,-11,-7,-11,-8,-11,-9,-11,-9,-11]
[0;32mI (401614) TAG: STA connected to 24:ec:4a:04:39:15, ch=6 (sec=0)[0m
anchor,A2,24:ec:4a:04:39:15,ch=6
ftm_report,A2,0,0,-1.000
csi_data,A2,[0,0,-7,-14,-7,-13,-7,-13,-7,-13,-7,-13,-7,-12,-7,-11,-7,-11,-8,-11,-8,-11,-8,-11,-8,-10,-9,-10,-9,-10,-9,-10,-10,-10,-9,-10,-9,-11,-9,-11,-8,-11,-8,-11,-7,-11,-7,-11,-6,-11,-5,-11,-5,-11,0,0,0,0,0,0,0,0,0,0,0,0,0,0,0,0,0,0,0,0,0,0,-6,-11,-6,-12,-5,-12,-5,-12,-4,-12,-4,-14,-3,-14,-3,-14,-3,-14,-2,-13,-2,-14,-2,-14,-2,-13,-2,-13,-3,-13,-3,-13,-4,-13,-4,-12,-5,-13,-5,-13,-5,-13,-6,-13,-6,-13,-6,-13,-6,-14,-6,-14]
[0;32mI (402504) TAG: STA connected to 24:ec:4a:03:56:41, ch=11 (sec=0)[0m
csi_data,A3,[0,0,-8,12,-8,11,-8,11,-8,11,-7,11,-6,11,-6,11,-5,11,-5,11,-4,11,-4,11,-3,11,-3,11,-2,11,-3,12,-3,12,-3,11,-3,12,-3,12,-4,12,-4,12,-4,11,-4,10,-5,10,-5,9,-6,9,0,0,0,0,0,0,0,0,0,0,0,0,0,0,0,0,0,0,0,0,0,0,-6,10,-7,10,-8,10,-9,10,-9,10,-10,10,-11,10,-11,10,-12,9,-11,8,-12,8,-12,8,-11,8,-11,8,-10,8,-10,8,-11,9,-10,9,-9,10,-9,10,-9,10,-9,11,-9,12,-9,12,-8,12,-8,12]
[0;32mI (403524) esp_netif_handlers: sta ip: 192.168.4.2, mask: 255.255.255.0, gw: 192.168.4.1[0m
[0;33mW (404244) TAG: FTM to A3 failed (ESP_FAIL), streak=1[0m
[0;32mI (404844) TAG: STA connected to 24:ec:4a:03:58:5d, ch=1 (sec=0)[0m
anchor,A1,24:ec:4a:03:58:5d,ch=1
ftm_report,A1,10,10,1.500
csi_data,A1,[0,0,-13,2,-13,2,-13,2,-13,3,-13,3,-13,3,-13,4,-12,4,-12,5,-12,6,-12,6,-12,6,-12,7,-12,8,-12,8,-12,8,-13,8,-13,8,-14,8,-14,8,-15,7,-15,6,-15,5,-15,5,-15,3,-15,2,0,0,0,0,0,0,0,0,0,0,0,0,0,0,0,0,0,0,0,0,0,0,-12,-1,-12,-2,-13,-3,-13,-3,-13,-4,-12,-4,-12,-4,-12,-5,-12,-5,-12,-6,-12,-5,-11,-5,-11,-5,-11,-5,-11,-4,-11,-3,-11,-2,-11,-2,-12,-2,-12,-1,-12,-1,-12,0,-13,0,-13,1,-13,1,-13,1]
[0;32mI (405744) TAG: STA connected to 24:ec:4a:04:39:15, ch=6 (sec=0)[0m
anchor,A2,24:ec:4a:04:39:15,ch=6
ftm_report,A2,0,0,-1.000
csi_data,A2,[0,0,12,8,12,7,12,7,12,7,12,6,11,6,11,5,11,5,11,5,11,4,11,4,12,3,12,3,12,2,12,3,12,3,12,3,12,3,12,4,12,4,12,5,11,5,11,5,10,5,9,6,9,6,0,0,0,0,0,0,0,0,0,0,0,0,0,0,0,0,0,0,0,0,0,0,10,5,9,6,10,6,9,7,9,8,9,8,9,9,9,9,8,9,8,9,8,10,8,10,8,9,8,9,8,9,8,9,9,8,9,8,10,8,10,8,11,7,11,7,11,7,12,7,12,7,12,8]
[0;32mI (406614) TAG: STA connected to 24:ec:4a:03:56:41, ch=11 (sec=0)[0m
csi_data,A3,[0,0,-6,-13,-7,-13,-6,-13,-6,-12,-7,-12,-7,-12,-7,-11,-7,-11,-7,-10,-8,-10,-8,-9,-8,-9,-9,-9,-9,-9,-9,-9,-9,-9,-9,-9,-9,-9,-9,-10,-8,-10,-8,-10,-7,-10,-6,-10,-6,-10,-5,-10,-4,-10,0,0,0,0,0,0,0,0,0,0,0,0,0,0,0,0,0,0,0,0,0,0,-7,-10,-7,-11,-6,-12,-6,-13,-5,-13,-5,-14,-4,-14,-4,-14,-3,-14,-3,-14,-2,-14,-2,-14,-2,-14,-3,-14,-3,-13,-3,-13,-3,-13,-4,-13,-4,-13,-5,-13,-5,-13,-6,-13,-6,-13,-6,-13,-6,-13,-6,-13]
[0;32mI (407634) esp_netif_handlers: sta ip: 192.168.4.2, mask: 255.255.255.0, gw: 192.168.4.1[0m
[0;33mW (408354) TAG: FTM to A3 failed (ESP_FAIL), streak=1[0m
[0;32mI (408954) TAG: STA connected to 24:ec:4a:03:58:5d, ch=1 (sec=0)[0m
csi_data,A1,[0,0,-13,-3,-13,-3,-14,-3,-13,-3,-14,-2,-13,-2,-13,-2,-13,-1,-13,0,-13,0,-14,1,-14,1,-14,2,-15,2,-14,2,-15,2,-15,2,-16,2,-16,2,-16,1,-17,0,-17,-1,-16,-1,-16,-2,-15,-3,-15,-4,0,0,0,0,0,0,0,0,0,0,0,0,0,0,0,0,0,0,0,0,0,0,-11,-5,-11,-6,-11,-7,-11,-8,-10,-8,-10,-9,-10,-9,-9,-9,-9,-9,-9,-9,-9,-9,-9,-9,-9,-9,-9,-8,-9,-8,-9,-7,-9,-7,-10,-6,-10,-6,-11,-6,-11,-6,-12,-5,-12,-5,-12,-4,-13,-4,-13,-4]
anchor,A1,24:ec:4a:03:58:5d,ch=1
ftm_report,A1,6,6,0.900
[0;32mI (409804) TAG: STA connected to 24:ec:4a:04:39:15, ch=6 (sec=0)[0m
anchor,A2,24:ec:4a:04:39:15,ch=6
ftm_report,A2,2,2,0.300
csi_data,A2,[0,0,12,-8,12,-8,12,-8,11,-8,11,-8,10,-8,10,-8,9,-9,9,-9,8,-9,8,-10,8,-9,7,-10,7,-10,7,-10,7,-11,8,-10,8,-11,8,-11,8,-10,9,-10,9,-9,9,-8,9,-8,9,-7,9,-6,0,0,0,0,0,0,0,0,0,0,0,0,0,0,0,0,0,0,0,0,0,0,9,-7,10,-7,10,-6,11,-6,11,-5,12,-5,12,-5,12,-4,12,-4,12,-3,12,-3,12,-3,12,-3,12,-3,12,-4,11,-4,11,-5,11,-5,11,-6,11,-6,11,-7,11,-7,12,-8,12,-8,12,-8,12,-8]
[0;32mI (410664) TAG: STA connected to 24:ec:4a:03:56:41, ch=11 (sec=0)[0m
[1;31mE (410834) wifi:No FTM Measurements received from responder![0m
[0;33mW (410934) TAG: FTM to A3 failed (ESP_FAIL), streak=1[0m
csi_data,A3,[0,0,-14,6,-13,5,-13,5,-12,6,-12,6,-12,6,-11,6,-11,6,-10,7,-10,7,-10,7,-9,7,-9,8,-9,8,-9,8,-9,8,-9,8,-10,8,-10,8,-10,8,-10,7,-10,6,-10,6,-10,5,-10,5,-10,4,0,0,0,0,0,0,0,0,0,0,0,0,0,0,0,0,0,0,0,0,0,0,-10,6,-11,6,-12,5,-13,4,-13,4,-14,4,-14,3,-14,3,-14,2,-14,1,-14,1,-14,1,-14,1,-14,1,-14,2,-13,2,-14,3,-13,3,-13,3,-13,4,-13,4,-13,5,-13,5,-14,5,-14,5,-14,6]
[0;32mI (411544) TAG: STA connected to 24:ec:4a:03:58:5d, ch=1 (sec=0)[0m
anchor,A1,24:ec:4a:03:58:5d,ch=1
ftm_report,A1,6,6,0.900
csi_data,A1,[0,0,11,-7,10,-7,10,-8,10,-8,10,-8,10,-8,9,-9,9,-9,8,-9,8,-10,8,-11,8,-11,8,-11,8,-12,8,-12,8,-13,8,-13,9,-13,9,-13,10,-13,10,-12,11,-11,11,-10,12,-10,12,-9,13,-8,0,0,0,0,0,0,0,0,0,0,0,0,0,0,0,0,0,0,0,0,0,0,11,-4,11,-3,11,-2,12,-2,12,-2,12,-1,12,-1,12,-1,12,0,11,0,11,0,11,0,11,0,11,0,11,-1,10,-2,10,-2,10,-2,10,-3,10,-4,10,-4,10,-5,10,-5,11,-6,11,-6,11,-7]
[0;32mI (412394) TAG: STA connected to 24:ec:4a:04:39:15, ch=6 (sec=0)[0m
anchor,A2,24:ec:4a:04:39:15,ch=6
ftm_report,A2,0,0,-1.000
csi_data,A2,[0,0,13,-5,13,-6,13,-5,12,-6,12,-6,12,-6,12,-6,11,-6,10,-7,10,-7,10,-7,10,-8,10,-8,10,-8,10,-8,10,-9,10,-9,10,-8,10,-8,11,-8,11,-7,11,-7,11,-6,11,-5,11,-4,11,-4,0,0,0,0,0,0,0,0,0,0,0,0,0,0,0,0,0,0,0,0,0,0,10,-5,10,-5,11,-4,12,-3,12,-3,12,-3,12,-2,13,-2,13,-1,13,-1,12,-1,12,-1,12,-1,12,-1,12,-1,12,-2,12,-2,12,-3,12,-3,12,-4,12,-4,13,-5,13,-5,13,-5,13,-5,13,-5]
[0;32mI (413264) TAG: STA connected to 24:ec:4a:03:56:41, ch=11 (sec=0)[0m
[1;31mE (413434) wifi:No FTM Measurements received from responder![0m
[0;33mW (413534) TAG: FTM to A3 failed (ESP_FAIL), streak=1[0m
csi_data,A3,[0,0,7,-13,6,-13,6,-13,6,-13,5,-13,5,-12,4,-12,3,-12,3,-1I (414134) TAG: STA connected to 24:ec:4a:03:58:5d, ch=1 (sec=0)
2,2,-12,2,-13,1,-12,1,-12,1,-13,1,-13,1,-13,1,-13,1,-13,1,-13,2,-13,2,-13,3,-12,3,-11,3,-11,4,-11,4,-10,0,0,0,0,0,0,0,0,0,0,0,0,0,0,0,0,0,0,0,0,0,0,4,-12,5,-12,5,-11,6,-12,7,-11,8,-12,9,-11,9,-11,10,-11,9,-10,10,-10,10,-10,9,-10,9,-10,9,-10,8,-10,8,-11,8,-11,7,-11,7,-12,7,-12,7,-12,7,-13,6,-13,6,-13,7,-14]
anchor,A1,24:ec:4a:03:58:5d,ch=1
ftm_report,A1,11,11,1.650
[0;32mI (415024) TAG: STA connected to 24:ec:4a:04:39:15, ch=6 (sec=0)[0m
csi_data,A2,[0,0,7,-14,6,-13,6,-13,6,-13,6,-13,5,-13,5,-13,4,-13,3,-13,3,-13,3,-13,2,-13,2,-13,2,-13,1,-13,1,-14,2,-13,2,-14,2,-14,2,-14,3,-13,4,-13,4,-12,5,-11,5,-11,5,-11,0,0,0,0,0,0,0,0,0,0,0,0,0,0,0,0,0,0,0,0,0,0,5,-11,6,-11,6,-10,7,-10,7,-10,8,-11,8,-10,9,-10,9,-10,9,-9,9,-9,9,-9,9,-9,9,-9,9,-9,8,-10,8,-10,7,-11,7,-11,7,-11,7,-12,7,-12,6,-13,7,-13,7,-13,7,-14]
anchor,A2,24:ec:4a:04:39:15,ch=6
ftm_report,A2,1,1,0.150
[0;32mI (415884) TAG: STA connected to 24:ec:4a:03:56:41, ch=11 (sec=0)[0m
csi_data,A3,[0,0,-6,-13,-7,-13,-7,-13,-6,-12,-7,-12,-7,-11,-7,-11,-7,-10,-7,-10,-8,-10,-8,-9,-8,-9,-9,-9,-9,-9,-9,-9,-9,-9,-9,-9,-9,-9,-9,-9,-8,-10,-8,-10,-7,-10,-7,-10,-6,-10,-5,-10,-5,-10,0,0,0,0,0,0,0,0,0,0,0,0,0,0,0,0,0,0,0,0,0,0,-7,-11,-7,-11,-6,-12,-6,-13,-5,-13,-4,-14,-4,-14,-3,-14,-3,-14,-3,-14,-2,-14,-2,-14,-3,-14,-3,-14,-3,-13,-3,-13,-3,-13,-4,-13,-4,-13,-5,-13,-5,-13,-6,-13,-6,-13,-6,-13,-7,-13,-7,-13]
[0;32mI (416904) esp_netif_handlers: sta ip: 192.168.4.2, mask: 255.255.255.0, gw: 192.168.4.1[0m
anchor,A3,24:ec:4a:03:56:41,ch=11
ftm_report,A3,31,31,4.650
[0;32mI (417764) TAG: STA connected to 24:ec:4a:03:58:5d, ch=1 (sec=0)[0m
anchor,A1,24:ec:4a:03:58:5d,ch=1
ftm_report,A1,4,4,0.600
csi_data,A1,[0,0,-8,11,-7,11,-7,11,-7,11,-6,12,-6,11,-5,12,-5,12,-4,12,-3,12,-3,13,-3,13,-3,13,-2,14,-2,14,-1,15,-2,15,-2,16,-3,16,-3,16,-4,16,-5,15,-6,15,-7,14,-7,14,-8,13,0,0,0,0,0,0,0,0,0,0,0,0,0,0,0,0,0,0,0,0,0,0,-10,7,-10,7,-10,6,-11,6,-11,6,-12,6,-12,5,-12,5,-12,5,-12,4,-12,4,-12,4,-11,4,-11,4,-10,5,-10,6,-10,6,-9,6,-9,7,-9,8,-9,8,-8,9,-9,9,-8,10,-8,10,-8,11]
[0;32mI (418614) TAG: STA connected to 24:ec:4a:04:39:15, ch=6 (sec=0)[0m
anchor,A2,24:ec:4a:04:39:15,ch=6
ftm_report,A2,1,1,0.150
csi_data,A2,[0,0,7,-14,6,-13,6,-13,6,-13,6,-13,5,-13,5,-13,4,-12,3,-13,3,-13,3,-13,2,-13,2,-13,2,-13,2,-13,2,-14,2,-13,2,-14,2,-14,3,-14,3,-13,4,-13,4,-12,5,-12,5,-11,5,-11,0,0,0,0,0,0,0,0,0,0,0,0,0,0,0,0,0,0,0,0,0,0,5,-11,5,-11,6,-11,7,-10,7,-10,8,-11,8,-11,9,-11,9,-10,9,-9,9,-10,9,-9,9,-9,9,-9,8,-9,8,-10,8,-10,7,-11,7,-11,7,-11,7,-12,7,-12,6,-13,7,-13,7,-13,6,-14]
[0;32mI (419524) TAG: STA connected to 24:ec:4a:03:56:41, ch=11 (sec=0)[0m
anchor,A3,24:ec:4a:03:56:41,ch=11
ftm_report,A3,32,32,4.800
csi_data,A3,[0,0,-14,-5,-14,-5,-14,-5,-13,-4,-14,-4,-13,-3,-13,-3,-13,-2,-12,-2,-12,-1,-13,-1,-12,0,-12,0,-13,0,-12,0,-13,0,-13,0,-13,0,-13,0,-13,0,-13,-1,-12,-2,-12,-2,-12,-3,-11,-3,-11,-3,0,0,0,0,0,0,0,0,0,0,0,0,0,0,0,0,0,0,0,0,0,0,-12,-3,-13,-4,-12,-5,-13,-6,-12,-6,-13,-7,-13,-8,-12,-8,-12,-8,-12,-9,-12,-9,-11,-9,-11,-9,-11,-8,-11,-8,-11,-7,-12,-7,-12,-7,-13,-7,-13,-6,-13,-6,-13,-6,-14,-5,-14,-5,-14,-5,-14,-5]
[0;32mI (420404) TAG: STA connected to 24:ec:4a:03:58:5d, ch=1 (sec=0)[0m
anchor,A1,24:ec:4a:03:58:5d,ch=1
ftm_report,A1,6,6,0.900
csi_data,A1,[0,0,6,-12,6,-12,5,-12,5,-13,5,-12,4,-13,4,-13,3,-13,3,-13,2,-13,2,-14,1,-14,1,-14,1,-15,0,-15,0,-16,1,-16,1,-17,1,-17,2,-17,3,-17,4,-16,4,-16,5,-15,6,-15,7,-14,0,0,0,0,0,0,0,0,0,0,0,0,0,0,0,0,0,0,0,0,0,0,8,-9,9,-9,9,-8,10,-7,10,-7,11,-7,11,-7,11,-6,11,-6,11,-5,11,-6,11,-6,10,-6,9,-6,9,-6,9,-7,9,-7,8,-8,8,-8,8,-8,7,-9,7,-10,7,-10,7,-11,7,-11,7,-12]
[0;32mI (421254) TAG: STA connected to 24:ec:4a:04:39:15, ch=6 (sec=0)[0m
anchor,A2,24:ec:4a:04:39:15,ch=6
ftm_report,A2,1,1,0.150
[0;32mI (422114) TAG: STA connected to 24:ec:4a:03:56:41, ch=11 (sec=0)[0m
csi_data,A3,[0,0,-15,-2,-15,-2,-14,-2,-14,-2,-14,-2,-13,-1,-13,-1,-13,0,-12,1,-12,1,-12,1,-12,1,-12,2,-12,2,-12,2,-12,3,-13,2,-12,2,-13,2,-12,2,-12,1,-12,0,-12,0,-12,-1,-11,-1,-10,-2,0,0,0,0,0,0,0,0,0,0,0,0,0,0,0,0,0,0,0,0,0,0,-12,-1,-13,-1,-13,-3,-13,-3,-14,-4,-14,-5,-14,-5,-14,-6,-14,-6,-13,-7,-13,-7,-13,-7,-13,-7,-13,-6,-12,-6,-12,-5,-13,-5,-13,-4,-13,-4,-14,-4,-14,-3,-14,-3,-14,-3,-15,-3,-15,-3,-15,-2]
anchor,A3,24:ec:4a:03:56:41,ch=11
ftm_report,A3,30,30,4.500
[0;32mI (422984) TAG: STA connected to 24:ec:4a:03:58:5d, ch=1 (sec=0)[0m
csi_data,A1,[0,0,-5,-12,-6,-12,-6,-12,-6,-12,-7,-12,-7,-11,-8,-11,-8,-11,-8,-11,-9,-10,-9,-10,-10,-10,-10,-10,-11,-10,-11,-10,-12,-11,-12,-11,-12,-12,-12,-12,-11,-13,-11,-13,-10,-13,-9,-13,-9,-14,-7,-14,-6,-15,0,0,0,0,0,0,0,0,0,0,0,0,0,0,0,0,0,0,0,0,0,0,-2,-12,-1,-12,-1,-12,0,-13,0,-13,1,-13,2,-13,2,-13,2,-13,2,-12,2,-12,2,-12,1,-12,1,-11,1,-11,0,-11,0,-11,-1,-11,-2,-12,-2,-12,-3,-12,-3,-12,-3,-12,-4,-12,-5,-12,-5,-13]
anchor,A1,24:ec:4a:03:58:5d,ch=1
ftm_report,A1,12,12,1.800
[0;32mI (423834) TAG: STA connected to 24:ec:4a:04:39:15, ch=6 (sec=0)[0m
anchor,A2,24:ec:4a:04:39:15,ch=6
ftm_report,A2,1,1,0.150
csi_data,A2,[0,0,5,-14,5,-14,5,-13,5,-14,4,-13,4,-13,4,-13,3,-13,2,-13,2,-13,1,-13,1,-13,1,-13,1,-13,0,-14,0,-14,1,-14,1,-14,1,-14,2,-14,2,-14,3,-13,3,-13,4,-12,4,-12,4,-11,0,0,0,0,0,0,0,0,0,0,0,0,0,0,0,0,0,0,0,0,0,0,3,-12,4,-11,5,-11,5,-11,6,-11,7,-11,7,-11,8,-11,8,-11,8,-10,8,-10,8,-10,8,-10,8,-10,7,-10,7,-11,6,-11,6,-12,6,-11,6,-12,6,-12,6,-13,5,-14,6,-13,5,-14,5,-14]
[0;32mI (424704) TAG: STA connected to 24:ec:4a:03:56:41, ch=11 (sec=0)[0m
csi_data,A3,[0,0,-12,-9,-12,-9,-12,-9,-11,-8,-12,-8,-11,-7,-11,-7,-11,-6,-11,-6,-11,-5,-11,-5,-12,-4,-12,-4,-12,-4,-12,-4,-12,-4,-12,-4,-12,-4,-12,-5,-11,-5,-11,-5,-11,-6,-10,-6,-10,-6,-9,-6,-8,-7,0,0,0,0,0,0,0,0,0,0,0,0,0,0,0,0,0,0,0,0,0,0,-12,-6,-11,-7,-11,-8,-11,-9,-11,-9,-11,-10,-10,-11,-10,-11,-10,-11,-9,-12,-9,-11,-9,-11,-9,-11,-9,-11,-9,-11,-9,-10,-9,-10,-10,-10,-10,-10,-11,-10,-11,-9,-12,-10,-12,-9,-12,-9,-12,-9,-12,-9]
[0;32mI (425714) esp_netif_handlers: sta ip: 192.168.4.2, mask: 255.255.255.0, gw: 192.168.4.1[0m
[0;33mW (426444) TAG: FTM to A3 failed (ESP_FAIL), streak=1[0m
[0;32mI (427044) TAG: STA connected to 24:ec:4a:03:58:5d, ch=1 (sec=0)[0m
csi_data,A1,[0,0,-14,1,-14,2,-14,2,-13,2,-14,3,-13,3,-13,4,-13,4,-12,5,-12,5,-13,6,-12,6,-12,7,-13,7,-13,8,-13,8,-14,8,-14,8,-15,8,-15,7,-15,7,-16,6,-15,5,-16,4,-15,3,-16,2,0,0,0,0,0,0,0,0,0,0,0,0,0,0,0,0,0,0,0,0,0,0,-12,-2,-12,-2,-12,-3,-13,-4,-12,-5,-12,-5,-12,-5,-12,-5,-12,-5,-11,-6,-12,-6,-11,-5,-11,-5,-11,-5,-11,-5,-11,-3,-11,-3,-11,-3,-12,-2,-12,-2,-12,-1,-13,-1,-13,0,-13,0,-14,0,-14,1]
anchor,A1,24:ec:4a:03:58:5d,ch=1
ftm_report,A1,12,12,1.800
[0;32mI (427914) TAG: STA connected to 24:ec:4a:04:39:15, ch=6 (sec=0)[0m
csi_data,A2,[0,0,4,14,4,13,4,13,4,13,4,12,4,12,4,11,5,11,5,11,6,10,6,10,6,9,6,9,7,10,7,10,7,10,7,10,7,11,6,11,6,11,5,11,5,11,4,11,4,11,3,11,2,11,0,0,0,0,0,0,0,0,0,0,0,0,0,0,0,0,0,0,0,0,0,0,3,10,3,11,2,11,2,11,1,12,1,12,0,13,0,13,-1,13,-1,12,-1,13,-1,12,0,12,0,12,0,12,0,12,1,12,1,12,2,12,2,12,2,12,3,12,3,13,4,13,4,13,4,14]
anchor,A2,24:ec:4a:04:39:15,ch=6
ftm_report,A2,0,0,-1.000
[0;32mI (428784) TAG: STA connected to 24:ec:4a:03:56:41, ch=11 (sec=0)[0m
csi_data,A3,[0,0,11,-9,11,-8,11,-8,11,-8,10,-9,9,-8,9,-9,8,-9,8,-9,7,-9,7,-10,7,-9,7,-10,6,-10,6,-10,6,-11,6,-10,6,-11,7,-10,7,-10,7,-10,7,-9,7,-8,8,-7,7,-7,8,-6,0,0,0,0,0,0,0,0,0,0,0,0,0,0,0,0,0,0,0,0,0,0,9,-9,10,-8,10,-7,11,-7,11,-7,12,-7,13,-6,13,-6,13,-5,13,-4,13,-4,13,-4,13,-4,12,-4,12,-5,12,-5,12,-6,11,-6,12,-6,11,-7,11,-7,11,-8,11,-8,12,-8,12,-8,12,-9]
[0;32mI (429794) esp_netif_handlers: sta ip: 192.168.4.2, mask: 255.255.255.0, gw: 192.168.4.1[0m
anchor,A3,24:ec:4a:03:56:41,ch=11
ftm_report,A3,31,31,4.650
[0;32mI (430654) TAG: STA connected to 24:ec:4a:03:58:5d, ch=1 (sec=0)[0m
anchor,A1,24:ec:4a:03:58:5d,ch=1
ftm_report,A1,11,11,1.650
csi_data,A1,[0,0,-1,13,0,13,0,13,0,13,1,13,1,12,2,12,2,12,2,12,3,12,4,12,4,12,5,12,6,12,6,13,6,13,6,14,6,14,5,15,5,15,4,15,3,15,3,15,2,15,1,15,0,15,0,0,0,0,0,0,0,0,0,0,0,0,0,0,0,0,0,0,0,0,0,0,-4,11,-5,11,-5,11,-6,10,-6,11,-7,10,-8,10,-8,10,-8,10,-8,9,-8,10,-8,9,-7,9,-6,9,-6,9,-6,10,-5,10,-5,10,-4,10,-3,11,-3,11,-3,11,-3,12,-2,12,-1,13,-1,13]
[0;32mI (431514) TAG: STA connected to 24:ec:4a:04:39:15, ch=6 (sec=0)[0m
anchor,A2,24:ec:4a:04:39:15,ch=6
ftm_report,A2,0,0,-1.000
csi_data,A2,[0,0,7,13,7,12,7,12,7,11,8,11,7,10,8,10,8,9,8,9,8,9,8,9,9,8,9,8,9,8,9,8,10,8,9,8,9,9,9,9,9,9,8,10,8,9,7,9,6,10,5,10,5,10,0,0,0,0,0,0,0,0,0,0,0,0,0,0,0,0,0,0,0,0,0,0,7,9,6,10,6,10,6,10,5,11,5,12,5,12,4,12,4,12,3,12,3,12,3,12,3,12,3,12,4,11,4,11,4,12,5,11,5,11,6,11,6,11,7,11,7,12,7,12,7,12,8,12]
[0;32mI (432394) TAG: STA connected to 24:ec:4a:03:56:41, ch=11 (sec=0)[0m
[1;31mE (432554) wifi:No FTM Measurements received from responder![0m
[0;33mW (432654) TAG: FTM to A3 failed (ESP_FAIL), streak=1[0m
csi_data,A3,[0,0,-6,13,-6,13,-5,13,-5,12,-5,12,-4,12,-4,12,-3,12,-3,12,-2,12,-2,12,-1,11,-1,11,-1,11,-1,12,-1,12,-1,12,-1,12,-2,12,-2,12,-2,12,-3,11,-3,10,-4,10,-4,10,-5,9,0,0,0,0,0,0,0,0,0,0,0,0,0,0,0,0,0,0,0,0,0,0,-3,11,-4,12,-5,11,-5,11,-6,11,-7,12,-8,12,-9,11,-9,11,-9,10,-9,11,-9,11,-9,10,-9,10,-8,10,-8,10,-8,11,-7,11,-7,11,-7,12,-6,12,-6,12,-6,13,-6,13,-6,13,-6,13]
[0;32mI (433304) TAG: STA connected to 24:ec:4a:03:58:5d, ch=1 (sec=0)[0m
anchor,A1,24:ec:4a:03:58:5d,ch=1
ftm_report,A1,6,6,0.900
csi_data,A1,[0,0,-9,10,-8,10,-9,10,-8,10,-8,10,-7,10,-7,11,-6,11,-6,11,-5,11,-5,12,-4,12,-4,13,-4,14,-4,13,-4,15,-5,14,-5,15,-6,15,-6,15,-7,15,-8,14,-8,13,-9,13,-9,13,-10,12,0,0,0,0,0,0,0,0,0,0,0,0,0,0,0,0,0,0,0,0,0,0,-10,7,-11,6,-11,5,-12,5,-11,4,-13,5,-12,4,-12,4,-13,3,-11,3,-12,3,-12,4,-11,3,-11,4,-11,4,-10,4,-11,5,-10,5,-10,6,-10,6,-10,7,-10,7,-9,8,-9,8,-9,9,-9,10]
[0;32mI (434164) TAG: STA connected to 24:ec:4a:04:39:15, ch=6 (sec=0)[0m
anchor,A2,24:ec:4a:04:39:15,ch=6
ftm_report,A2,1,1,0.150
[0;32mI (435024) TAG: STA connected to 24:ec:4a:03:56:41, ch=11 (sec=0)[0m
csi_data,A3,[0,0,9,-12,8,-11,8,-11,8,-11,7,-11,7,-11,6,-11,6,-11,5,-11,5,-11,4,-11,3,-11,3,-11,3,-12,3,-12,3,-12,3,-12,3,-12,4,-12,4,-12,4,-11,5,-10,5,-10,5,-10,5,-9,6,-9,0,0,0,0,0,0,0,0,0,0,0,0,0,0,0,0,0,0,0,0,0,0,6,-11,7,-10,8,-10,9,-10,9,-10,10,-10,11,-9,11,-9,12,-8,11,-8,11,-8,11,-8,11,-8,11,-8,10,-8,10,-8,10,-9,9,-9,9,-9,9,-9,9,-10,9,-10,9,-11,9,-11,9,-11,9,-12]
[0;32mI (436044) esp_netif_handlers: sta ip: 192.168.4.2, mask: 255.255.255.0, gw: 192.168.4.1[0m
[0;33mW (436764) TAG: FTM to A3 failed (ESP_FAIL), streak=1[0m
[0;32mI (437364) TAG: STA connected to 24:ec:4a:03:58:5d, ch=1 (sec=0)[0m
anchor,A1,24:ec:4a:03:58:5d,ch=1
ftm_report,A1,7,7,1.050
csi_data,A1,[0,0,2,-14,1,-14,1,-14,1,-14,0,-14,0,-13,-1,-14,-1,-13,-2,-14,-3,-14,-3,-14,-4,-13,-4,-14,-5,-14,-5,-15,-5,-15,-5,-16,-5,-16,-4,-17,-3,-17,-3,-17,-2,-17,-1,-17,-1,-16,1,-16,1,-16,0,0,0,0,0,0,0,0,0,0,0,0,0,0,0,0,0,0,0,0,0,0,4,-11,5,-11,5,-11,6,-11,6,-11,7,-11,8,-10,8,-10,8,-10,7,-10,8,-10,7,-10,7,-10,6,-9,6,-9,6,-10,5,-10,5,-10,4,-11,4,-11,4,-11,3,-12,3,-13,2,-13,2,-13,2,-14]
[0;32mI (438234) TAG: STA connected to 24:ec:4a:04:39:15, ch=6 (sec=0)[0m
anchor,A2,24:ec:4a:04:39:15,ch=6
ftm_report,A2,0,0,-1.000
[0;32mI (439094) TAG: STA connected to 24:ec:4a:03:56:41, ch=11 (sec=0)[0m
csi_data,A3,[0,0,-15,2,-15,2,-15,2,-14,2,-14,2,-13,3,-13,3,-12,3,-12,4,-12,4,-11,5,-11,5,-11,5,-11,5,-11,6,-11,6,-12,5,-12,6,-12,5,-12,5,-12,4,-12,3,-11,3,-11,2,-11,2,-11,1,0,0,0,0,0,0,0,0,0,0,0,0,0,0,0,0,0,0,0,0,0,0,-12,3,-13,3,-13,2,-14,1,-14,1,-15,0,-15,-1,-15,-1,-15,-2,-15,-2,-15,-2,-15,-2,-14,-2,-14,-2,-14,-2,-14,-1,-14,-1,-14,0,-14,0,-14,0,-14,1,-15,1,-15,2,-15,2,-15,2,-15,2]
[0;32mI (440114) esp_netif_handlers: sta ip: 192.168.4.2, mask: 255.255.255.0, gw: 192.168.4.1[0m
[0;33mW (440834) TAG: FTM to A3 failed (ESP_FAIL), streak=1[0m
[0;32mI (441444) TAG: STA connected to 24:ec:4a:03:58:5d, ch=1 (sec=0)[0m
anchor,A1,24:ec:4a:03:58:5d,ch=1
ftm_report,A1,7,7,1.050
csi_data,A1,[0,0,11,4,12,4,12,3,12,3,12,3,12,2,12,2,12,2,12,1,12,0,12,0,12,-1,13,-1,13,-1,13,-2,14,-2,15,-2,15,-1,15,-1,15,0,15,1,15,1,15,2,15,3,14,3,13,4,0,0,0,0,0,0,0,0,0,0,0,0,0,0,0,0,0,0,0,0,0,0,8,6,8,6,8,7,8,8,8,8,7,8,7,9,6,9,6,9,6,9,6,9,6,9,6,8,6,8,7,8,7,7,7,7,7,6,8,6,9,6,9,6,10,5,10,5,11,5,11,5,11,5]
[0;32mI (442314) TAG: STA connected to 24:ec:4a:04:39:15, ch=6 (sec=0)[0m
anchor,A2,24:ec:4a:04:39:15,ch=6
ftm_report,A2,655,655,98.250
csi_data,A2,[0,0,-14,-5,-14,-5,-14,-5,-14,-5,-14,-4,-13,-4,-13,-3,-13,-3,-13,-3,-13,-2,-13,-1,-13,-1,-13,-1,-13,0,-13,0,-13,0,-13,0,-14,-1,-14,-1,-13,-2,-13,-2,-13,-2,-13,-3,-12,-3,-11,-4,-11,-4,0,0,0,0,0,0,0,0,0,0,0,0,0,0,0,0,0,0,0,0,0,0,-11,-4,-11,-5,-12,-6,-12,-6,-12,-7,-11,-8,-11,-8,-11,-8,-11,-9,-11,-9,-11,-9,-10,-9,-11,-8,-11,-8,-11,-8,-11,-8,-11,-7,-11,-7,-12,-6,-12,-6,-13,-6,-13,-6,-14,-5,-14,-5,-14,-5,-14,-5]
[0;32mI (443324) esp_netif_handlers: sta ip: 192.168.4.2, mask: 255.255.255.0, gw: 192.168.4.1[0m
[0;32mI (443704) TAG: STA connected to 24:ec:4a:03:56:41, ch=11 (sec=0)[0m
csi_data,A3,[0,0,-3,15,-2,14,-2,13,-2,13,-1,13,-1,12,0,12,0,12,0,12,1,11,1,12,2,11,2,11,3,11,3,11,3,12,3,11,2,12,2,12,2,12,1,12,1,11,0,11,0,11,-1,10,-2,10,0,0,0,0,0,0,0,0,0,0,0,0,0,0,0,0,0,0,0,0,0,0,-1,12,-2,12,-2,12,-3,13,-3,13,-5,13,-5,13,-6,13,-6,13,-6,12,-7,12,-7,12,-6,12,-6,12,-6,12,-6,12,-5,12,-4,12,-4,12,-4,13,-3,13,-3,13,-3,14,-2,14,-2,14,-2,14]
[0;32mI (444724) esp_netif_handlers: sta ip: 192.168.4.2, mask: 255.255.255.0, gw: 192.168.4.1[0m
[0;33mW (445444) TAG: FTM to A3 failed (ESP_FAIL), streak=1[0m
[0;32mI (446044) TAG: STA connected to 24:ec:4a:03:58:5d, ch=1 (sec=0)[0m
csi_data,A1,[0,0,-2,-13,-3,-13,-3,-13,-3,-13,-3,-13,-4,-12,-4,-12,-4,-12,-5,-12,-6,-12,-7,-12,-7,-12,-8,-11,-8,-12,-8,-13,-8,-13,-8,-13,-8,-14,-8,-14,-7,-15,-6,-15,-5,-15,-5,-15,-5,-15,-3,-15,-2,-15,0,0,0,0,0,0,0,0,0,0,0,0,0,0,0,0,0,0,0,0,0,0,0,-12,1,-12,1,-12,2,-12,2,-12,3,-12,4,-12,4,-11,4,-11,4,-11,4,-11,4,-11,3,-11,3,-11,3,-10,2,-11,2,-11,1,-11,1,-11,1,-11,0,-11,0,-12,-1,-12,-2,-13,-2,-13,-2,-13]
anchor,A1,24:ec:4a:03:58:5d,ch=1
ftm_report,A1,6,6,0.900
[0;32mI (446934) TAG: STA connected to 24:ec:4a:04:39:15, ch=6 (sec=0)[0m
csi_data,A2,[0,0,13,5,13,5,13,5,13,5,13,4,12,4,12,3,12,3,12,2,12,2,12,2,12,1,12,1,12,0,12,0,13,0,13,0,13,1,13,1,12,1,12,2,12,2,12,3,11,3,10,4,10,4,0,0,0,0,0,0,0,0,0,0,0,0,0,0,0,0,0,0,0,0,0,0,10,4,10,4,10,5,10,6,10,6,10,7,10,7,10,7,10,8,9,8,9,8,9,8,9,8,9,8,9,7,9,7,10,7,10,6,11,6,11,5,12,5,12,5,12,5,13,5,13,5,13,5]
anchor,A2,24:ec:4a:04:39:15,ch=6
ftm_report,A2,0,0,-1.000
[0;32mI (447794) TAG: STA connected to 24:ec:4a:03:56:41, ch=11 (sec=0)[0m
csi_data,A3,[0,0,-3,-15,-4,-14,-4,-14,-3,-14,-4,-14,-4,-13,-5,-13,-5,-12,-5,-12,-6,-11,-6,-11,-7,-11,-7,-11,-7,-11,-7,-11,-7,-11,-7,-11,-7,-11,-7,-12,-6,-11,-6,-12,-5,-11,-5,-11,-4,-11,-3,-11,-3,-11,0,0,0,0,0,0,0,0,0,0,0,0,0,0,0,0,0,0,0,0,0,0,-5,-12,-4,-13,-3,-13,-3,-14,-2,-14,-1,-15,-1,-15,0,-15,0,-15,0,-15,1,-15,1,-14,0,-14,0,-14,0,-14,0,-14,0,-14,-1,-14,-2,-14,-2,-14,-2,-14,-3,-14,-3,-15,-4,-15,-4,-15,-4,-15]
[0;32mI (448814) esp_netif_handlers: sta ip: 192.168.4.2, mask: 255.255.255.0, gw: 192.168.4.1[0m
[0;33mW (449534) TAG: FTM to A3 failed (ESP_FAIL), streak=1[0m
[0;32mI (450134) TAG: STA connected to 24:ec:4a:03:58:5d, ch=1 (sec=0)[0m
anchor,A1,24:ec:4a:03:58:5d,ch=1
ftm_report,A1,4,4,0.600
[0;32mI (451044) TAG: STA connected to 24:ec:4a:04:39:15, ch=6 (sec=0)[0m
csi_data,A2,[0,0,-12,-9,-12,-9,-12,-9,-11,-9,-12,-9,-12,-8,-12,-7,-12,-7,-12,-7,-11,-6,-12,-5,-12,-5,-12,-4,-13,-4,-12,-5,-13,-5,-12,-4,-13,-5,-13,-5,-12,-6,-12,-6,-12,-6,-11,-6,-11,-7,-10,-7,-10,-8,0,0,0,0,0,0,0,0,0,0,0,0,0,0,0,0,0,0,0,0,0,0,-10,-7,-10,-8,-9,-8,-10,-9,-9,-9,-9,-11,-9,-11,-9,-11,-8,-11,-8,-11,-8,-11,-8,-11,-8,-11,-8,-11,-8,-11,-8,-10,-9,-10,-9,-10,-10,-10,-10,-9,-11,-9,-11,-9,-11,-9,-12,-9,-12,-9,-12,-9]
anchor,A2,24:ec:4a:04:39:15,ch=6
ftm_report,A2,0,0,-1.000
[0;32mI (451924) TAG: STA connected to 24:ec:4a:03:56:41, ch=11 (sec=0)[0m
[1;31mE (452094) wifi:No FTM Measurements received from responder![0m
csi_data,A3,[0,0,-7,13,-7,12,-6,12,-6,12,-5,12,-5,11,-4,11,-4,11,-4,11,-3,11,-2,11,-2,11,-1,11,-1,11,-1,12,-1,12,-1,11,-1,12,-2,12,-2,11,-3,11,-3,10,-3,10,-4,9,-4,10,-5,9,0,0,0,0,0,0,0,0,0,0,0,0,0,0,0,0,0,0,0,0,0,0,-4,11,-5,11,-6,11,-7,11,-7,11,-8,11,-9,11,-10,11,-10,10,-10,10,-10,10,-10,10,-9,10,-9,10,-9,10,-9,10,-9,10,-8,10,-8,11,-8,11,-7,11,-7,11,-7,12,-6,13,-6,13,-6,13]
[0;33mW (452194) TAG: FTM to A3 failed (ESP_FAIL), streak=1[0m
[0;32mI (452794) TAG: STA connected to 24:ec:4a:03:58:5d, ch=1 (sec=0)[0m
anchor,A1,24:ec:4a:03:58:5d,ch=1
ftm_report,A1,8,8,1.200
csi_data,A1,[0,0,-6,-13,-7,-12,-7,-12,-7,-12,-8,-12,-8,-11,-8,-11,-9,-11,-9,-11,-10,-10,-10,-10,-11,-9,-11,-9,-12,-10,-12,-10,-13,-10,-13,-10,-13,-11,-13,-11,-12,-12,-12,-12,-11,-13,-11,-13,-10,-13,-9,-14,-8,-14,0,0,0,0,0,0,0,0,0,0,0,0,0,0,0,0,0,0,0,0,0,0,-3,-11,-2,-12,-2,-12,-2,-13,-1,-13,0,-13,0,-13,1,-13,1,-13,1,-12,1,-12,1,-12,0,-12,0,-12,-1,-12,-1,-12,-1,-12,-2,-11,-3,-12,-3,-12,-4,-12,-4,-12,-4,-12,-5,-12,-6,-12,-6,-13]
[0;32mI (453644) TAG: STA connected to 24:ec:4a:04:39:15, ch=6 (sec=0)[0m
anchor,A2,24:ec:4a:04:39:15,ch=6
ftm_report,A2,0,0,-1.000
csi_data,A2,[0,0,-5,-15,-5,-14,-5,-14,-5,-14,-5,-13,-5,-12,-6,-12,-6,-12,-6,-12,-7,-12,-7,-12,-7,-11,-7,-11,-8,-11,-8,-11,-8,-11,-8,-11,-8,-12,-7,-12,-7,-12,-7,-12,-6,-12,-5,-12,-4,-11,-4,-12,-3,-12,0,0,0,0,0,0,0,0,0,0,0,0,0,0,0,0,0,0,0,0,0,0,-5,-11,-4,-12,-4,-12,-3,-12,-3,-13,-2,-14,-2,-14,-2,-14,-1,-14,-1,-14,0,-14,0,-14,-1,-13,-1,-13,-1,-13,-1,-13,-2,-13,-3,-13,-3,-13,-3,-13,-4,-13,-4,-14,-4,-14,-4,-14,-5,-14,-5,-15]
[0;32mI (454504) TAG: STA connected to 24:ec:4a:03:56:41, ch=11 (sec=0)[0m
csi_data,A3,[0,0,4,-14,3,-14,3,-13,3,-14,2,-13,2,-13,2,-13,1,-12,1,-13,0,-13,-1,-13,-1,-12,-2,-12,-2,-12,-2,-13,-2,-13,-2,-13,-1,-13,-1,-13,-1,-13,0,-13,0,-12,1,-12,1,-11,1,-11,2,-11,0,0,0,0,0,0,0,0,0,0,0,0,0,0,0,0,0,0,0,0,0,0,2,-13,3,-13,3,-13,4,-12,5,-13,6,-13,7,-13,7,-13,8,-12,8,-12,8,-12,8,-12,7,-12,7,-11,6,-11,7,-12,6,-12,6,-12,5,-12,5,-13,5,-13,4,-13,4,-14,4,-14,4,-14,4,-14]
anchor,A3,24:ec:4a:03:56:41,ch=11
ftm_report,A3,32,32,4.800
[0;32mI (455514) esp_netif_handlers: sta ip: 192.168.4.2, mask: 255.255.255.0, gw: 192.168.4.1[0m
[0;32mI (455874) TAG: STA connected to 24:ec:4a:03:58:5d, ch=1 (sec=0)[0m
anchor,A1,24:ec:4a:03:58:5d,ch=1
ftm_report,A1,4,4,0.600
csi_data,A1,[0,0,-8,10,-8,10,-7,10,-7,10,-7,10,-7,10,-6,10,-6,10,-5,11,-5,11,-4,12,-4,11,-4,12,-3,12,-3,13,-3,13,-4,14,-4,14,-5,14,-5,14,-6,14,-7,13,-7,13,-8,12,-9,12,-9,11,0,0,0,0,0,0,0,0,0,0,0,0,0,0,0,0,0,0,0,0,0,0,-9,6,-9,6,-10,5,-10,5,-11,5,-11,5,-11,4,-11,4,-11,4,-11,3,-11,3,-11,4,-10,3,-10,4,-10,4,-10,5,-9,5,-9,5,-9,6,-9,6,-9,7,-8,7,-9,8,-8,8,-8,9,-8,9]
[0;32mI (456724) TAG: STA connected to 24:ec:4a:04:39:15, ch=6 (sec=0)[0m
anchor,A2,24:ec:4a:04:39:15,ch=6
ftm_report,A2,0,0,-1.000
csi_data,A2,[0,0,-1,15,-1,13,-1,14,-1,13,0,13,0,13,0,12,1,12,1,12,2,12,2,12,3,11,3,11,3,12,3,12,3,12,3,12,3,13,3,13,2,12,2,12,1,12,1,11,0,11,0,11,-1,11,0,0,0,0,0,0,0,0,0,0,0,0,0,0,0,0,0,0,0,0,0,0,0,11,-1,12,-2,11,-2,12,-3,11,-3,13,-4,12,-4,12,-5,12,-5,11,-5,12,-5,12,-5,11,-4,11,-4,12,-4,11,-4,12,-3,12,-3,12,-2,12,-2,12,-2,13,-1,13,-1,13,-1,14,0,15]
[0;32mI (457594) TAG: STA connected to 24:ec:4a:03:56:41, ch=11 (sec=0)[0m
csi_data,A3,[0,0,-9,-11,-10,-11,-10,-11,-9,-11,-10,-10,-10,-10,-10,-9,-10,-8,-10,-8,-10,-7,-10,-7,-11,-7,-11,-6,-11,-6,-11,-6,-11,-6,-11,-7,-11,-7,-11,-7,-11,-7,-10,-7,-10,-8,-9,-8,-9,-8,-8,-8,-7,-8,0,0,0,0,0,0,0,0,0,0,0,0,0,0,0,0,0,0,0,0,0,0,-9,-9,-9,-9,-9,-10,-8,-11,-8,-12,-7,-12,-7,-13,-7,-13,-6,-13,-6,-14,-5,-14,-5,-13,-6,-13,-5,-13,-6,-12,-6,-12,-6,-12,-7,-12,-7,-12,-8,-12,-8,-12,-9,-12,-9,-11,-9,-12,-10,-12,-9,-12]
anchor,A3,24:ec:4a:03:56:41,ch=11
ftm_report,A3,31,31,4.650
[0;32mI (458614) esp_netif_handlers: sta ip: 192.168.4.2, mask: 255.255.255.0, gw: 192.168.4.1[0m
[0;32mI (458964) TAG: STA connected to 24:ec:4a:03:58:5d, ch=1 (sec=0)[0m
csi_data,A1,[0,0,10,7,11,7,11,7,11,6,11,6,11,6,11,5,11,5,11,4,12,4,12,3,12,3,13,3,13,2,14,2,14,2,15,3,15,3,15,4,15,5,14,5,14,6,14,7,13,7,12,8,11,9,0,0,0,0,0,0,0,0,0,0,0,0,0,0,0,0,0,0,0,0,0,0,7,8,7,8,6,9,6,10,6,10,5,10,4,11,4,10,4,11,4,11,4,10,4,10,4,10,4,10,5,9,5,9,5,9,6,8,6,8,7,8,7,8,8,8,8,8,9,7,10,8,10,7]
anchor,A1,24:ec:4a:03:58:5d,ch=1
ftm_report,A1,8,8,1.200
[0;32mI (459834) TAG: STA connected to 24:ec:4a:04:39:15, ch=6 (sec=0)[0m
anchor,A2,24:ec:4a:04:39:15,ch=6
ftm_report,A2,0,0,-1.000
csi_data,A2,[0,0,3,15,2,14,3,13,3,13,3,13,3,12,3,12,4,12,4,12,5,11,5,11,6,10,6,10,6,11,6,11,6,11,6,11,6,11,6,12,5,12,5,12,4,11,4,11,3,11,3,11,2,11,0,0,0,0,0,0,0,0,0,0,0,0,0,0,0,0,0,0,0,0,0,0,2,11,2,12,1,12,0,12,0,12,-1,13,-1,13,-2,13,-2,13,-2,13,-2,13,-2,13,-2,13,-2,12,-1,12,-1,12,-1,13,0,12,1,12,1,13,1,13,2,13,2,14,2,13,3,14,3,14]
[0;32mI (460714) TAG: STA connected to 24:ec:4a:03:56:41, ch=11 (sec=0)[0m
csi_data,A3,[0,0,13,6,12,5,13,5,12,5,12,4,12,4,11,3,11,3,11,2,11,1,11,1,11,1,11,0,11,0,11,0,12,0,12,0,12,0,11,1,11,1,11,1,11,2,10,3,10,3,9,3,9,3,0,0,0,0,0,0,0,0,0,0,0,0,0,0,0,0,0,0,0,0,0,0,11,3,11,4,11,5,11,6,11,6,11,7,11,8,11,8,11,9,10,9,10,9,10,9,10,9,10,8,10,8,10,7,10,7,10,7,11,7,11,6,12,6,12,6,12,5,13,6,13,6,13,6]
anchor,A3,24:ec:4a:03:56:41,ch=11
ftm_report,A3,19,19,2.850
[0;32mI (461724) esp_netif_handlers: sta ip: 192.168.4.2, mask: 255.255.255.0, gw: 192.168.4.1[0m
[0;32mI (462064) TAG: STA connected to 24:ec:4a:03:58:5d, ch=1 (sec=0)[0m
csi_data,A1,[0,0,-14,-2,-14,-2,-14,-2,-14,-1,-14,-1,-14,0,-14,0,-13,1,-13,1,-13,2,-13,2,-13,2,-14,3,-14,3,-14,3,-15,4,-15,4,-16,3,-16,3,-16,2,-16,2,-16,1,-16,0,-16,-1,-15,-2,-15,-3,0,0,0,0,0,0,0,0,0,0,0,0,0,0,0,0,0,0,0,0,0,0,-11,-3,-11,-4,-11,-5,-11,-6,-11,-6,-11,-6,-11,-7,-11,-7,-10,-7,-10,-7,-10,-7,-10,-7,-10,-7,-10,-6,-10,-6,-10,-5,-11,-5,-11,-4,-11,-5,-12,-4,-12,-4,-12,-3,-12,-3,-13,-3,-14,-3,-14,-2]
anchor,A1,24:ec:4a:03:58:5d,ch=1
ftm_report,A1,5,5,0.750
[0;32mI (462924) TAG: STA connected to 24:ec:4a:04:39:15, ch=6 (sec=0)[0m
csi_data,A2,[0,0,-5,14,-5,13,-5,13,-4,13,-4,13,-4,13,-3,13,-3,12,-2,13,-2,12,-2,12,-1,12,-1,12,0,12,0,13,0,13,-1,13,0,13,-1,13,-1,13,-2,13,-3,12,-3,12,-4,11,-4,11,-4,11,0,0,0,0,0,0,0,0,0,0,0,0,0,0,0,0,0,0,0,0,0,0,-4,11,-4,11,-5,11,-6,11,-6,11,-7,11,-7,11,-8,11,-8,11,-8,10,-8,10,-8,10,-8,10,-8,10,-7,10,-7,10,-7,11,-6,11,-6,11,-6,12,-5,12,-5,12,-5,13,-5,13,-5,13,-5,14]
[0;32mI (463934) esp_netif_handlers: sta ip: 192.168.4.2, mask: 255.255.255.0, gw: 192.168.4.1[0m
[0;33mW (464664) TAG: FTM to A2 failed (ESP_FAIL), streak=1[0m
[0;32mI (465324) TAG: STA connected to 24:ec:4a:03:56:41, ch=11 (sec=0)[0m
anchor,A3,24:ec:4a:03:56:41,ch=11
ftm_report,A3,27,27,4.050
csi_data,A3,[0,0,-12,8,-12,8,-12,8,-11,8,-11,8,-10,8,-10,8,-9,8,-9,8,-8,9,-8,9,-7,9,-7,9,-7,9,-7,10,-7,10,-7,9,-7,10,-8,9,-8,9,-8,9,-8,7,-8,7,-8,6,-8,6,-9,6,0,0,0,0,0,0,0,0,0,0,0,0,0,0,0,0,0,0,0,0,0,0,-9,8,-10,7,-11,7,-11,6,-12,6,-13,6,-13,5,-14,5,-14,4,-13,4,-14,4,-14,4,-13,4,-13,4,-12,4,-13,4,-13,5,-12,5,-12,5,-12,6,-12,6,-12,7,-12,8,-12,8,-12,8,-12,8]
[0;32mI (466174) TAG: STA connected to 24:ec:4a:03:58:5d, ch=1 (sec=0)[0m
anchor,A1,24:ec:4a:03:58:5d,ch=1
ftm_report,A1,7,7,1.050
[0;32mI (467044) TAG: STA connected to 24:ec:4a:04:39:15, ch=6 (sec=0)[0m
csi_data,A2,[0,0,-15,2,-15,2,-15,2,-14,2,-14,2,-14,2,-13,3,-13,3,-12,3,-12,4,-12,4,-12,4,-12,5,-12,5,-12,5,-12,5,-13,5,-12,5,-13,5,-13,4,-13,4,-13,3,-13,2,-12,2,-12,1,-12,0,0,0,0,0,0,0,0,0,0,0,0,0,0,0,0,0,0,0,0,0,0,0,-12,2,-12,1,-13,0,-13,0,-13,0,-13,-1,-13,-1,-13,-2,-13,-2,-13,-3,-13,-3,-13,-3,-13,-3,-13,-2,-13,-2,-13,-1,-13,-1,-13,-1,-13,0,-14,0,-14,1,-14,1,-14,2,-15,1,-15,2,-14,2]
[0;32mI (468064) esp_netif_handlers: sta ip: 192.168.4.2, mask: 255.255.255.0, gw: 192.168.4.1[0m
[0;33mW (468794) TAG: FTM to A2 failed (ESP_FAIL), streak=1[0m
[0;32mI (469394) TAG: STA connected to 24:ec:4a:03:56:41, ch=11 (sec=0)[0m
anchor,A3,24:ec:4a:03:56:41,ch=11
ftm_report,A3,27,27,4.050
csi_data,A3,[0,0,-12,9,-11,8,-11,8,-11,9,-10,9,-10,8,-9,8,-9,8,-8,9,-8,9,-7,10,-7,9,-7,9,-7,10,-6,10,-7,11,-7,10,-7,10,-8,10,-8,10,-8,9,-8,8,-8,8,-8,7,-8,7,-9,6,0,0,0,0,0,0,0,0,0,0,0,0,0,0,0,0,0,0,0,0,0,0,-9,8,-10,8,-10,8,-11,7,-11,7,-13,7,-13,6,-14,6,-14,5,-13,5,-14,5,-13,5,-13,5,-13,5,-12,5,-12,5,-12,6,-12,6,-12,6,-12,7,-12,7,-12,7,-12,8,-12,9,-12,9,-12,9]
[0;32mI (470254) TAG: STA connected to 24:ec:4a:03:58:5d, ch=1 (sec=0)[0m
anchor,A1,24:ec:4a:03:58:5d,ch=1
ftm_report,A1,6,6,0.900
[0;32mI (471114) TAG: STA connected to 24:ec:4a:04:39:15, ch=6 (sec=0)[0m
csi_data,A2,[0,0,-3,14,-3,13,-3,13,-3,13,-2,13,-2,13,-2,13,-1,12,-1,12,0,12,0,12,1,12,1,12,1,12,2,12,2,13,1,12,1,13,1,13,0,13,0,13,-1,12,-2,12,-2,11,-2,11,-3,11,0,0,0,0,0,0,0,0,0,0,0,0,0,0,0,0,0,0,0,0,0,0,-2,11,-3,11,-4,11,-5,11,-5,11,-6,12,-6,12,-7,11,-7,11,-7,10,-7,11,-7,11,-7,10,-6,10,-6,11,-6,11,-5,11,-5,11,-5,12,-4,12,-4,12,-4,12,-3,13,-3,13,-3,14,-3,14]
anchor,A2,24:ec:4a:04:39:15,ch=6
ftm_report,A2,12,12,1.800
[0;32mI (471994) TAG: STA connected to 24:ec:4a:03:56:41, ch=11 (sec=0)[0m
csi_data,A3,[0,0,-1,14,-1,14,-1,13,0,13,0,13,1,13,1,12,2,12,1,12,2,11,2,11,3,11,3,11,4,11,4,11,4,11,4,11,4,11,3,11,3,11,3,11,2,11,1,11,1,10,0,10,-1,10,0,0,0,0,0,0,0,0,0,0,0,0,0,0,0,0,0,0,0,0,0,0,0,12,-1,12,-1,12,-2,13,-2,13,-4,13,-4,13,-5,13,-5,13,-5,13,-6,13,-6,12,-6,12,-5,12,-4,12,-4,12,-4,12,-3,12,-3,13,-2,13,-2,13,-2,13,-2,14,-1,14,-1,14,-1,14]
anchor,A3,24:ec:4a:03:56:41,ch=11
ftm_report,A3,19,19,2.850
[0;32mI (472844) TAG: STA connected to 24:ec:4a:03:58:5d, ch=1 (sec=0)[0m
anchor,A1,24:ec:4a:03:58:5d,ch=1
ftm_report,A1,6,6,0.900
csi_data,A1,[0,0,-2,-15,-3,-14,-3,-14,-2,-14,-3,-14,-3,-14,-4,-14,-4,-13,-5,-13,-5,-13,-6,-13,-7,-12,-7,-13,-8,-13,-8,-13,-8,-14,-8,-14,-8,-15,-7,-15,-7,-15,-6,-16,-5,-15,-5,-15,-4,-15,-3,-15,-2,-16,0,0,0,0,0,0,0,0,0,0,0,0,0,0,0,0,0,0,0,0,0,0,0,-11,1,-12,1,-12,2,-12,2,-12,4,-13,4,-12,4,-12,5,-12,4,-11,4,-12,4,-12,4,-12,3,-11,3,-11,3,-12,2,-12,2,-12,1,-12,1,-12,0,-13,0,-13,0,-13,-1,-14,-2,-14,-1,-15]
[0;32mI (473714) TAG: STA connected to 24:ec:4a:04:39:15, ch=6 (sec=0)[0m
[1;31mE (473884) wifi:No FTM Measurements received from responder![0m
[0;33mW (473984) TAG: FTM to A2 failed (ESP_FAIL), streak=1[0m
csi_data,A2,[0,0,-12,9,-12,9,-11,8,-11,9,-11,9,-11,8,-10,9,-10,9,-9,9,-8,9,-8,9,-8,9,-8,10,-8,10,-7,10,-8,11,-8,10,-8,10,-9,10,-9,10,-9,9,-9,8,-10,8,-10,7,-10,7,-10,6,0,0,0,0,0,0,0,0,0,0,0,0,0,0,0,0,0,0,0,0,0,0,-9,8,-9,8,-10,7,-11,7,-11,6,-12,6,-12,6,-12,5,-12,5,-13,4,-13,5,-12,5,-12,4,-12,4,-12,5,-11,5,-11,6,-11,6,-11,6,-11,7,-11,7,-11,8,-11,8,-12,8,-12,9,-11,9]
[0;32mI (474594) TAG: STA connected to 24:ec:4a:03:56:41, ch=11 (sec=0)[0m
anchor,A3,24:ec:4a:03:56:41,ch=11
ftm_report,A3,24,24,3.600
csi_data,A3,[0,0,-9,-12,-10,-11,-10,-11,-9,-11,-10,-10,-10,-10,-10,-9,-10,-9,-10,-8,-10,-8,-10,-7,-11,-7,-11,-7,-11,-6,-11,-6,-11,-6,-12,-7,-11,-7,-11,-7,-10,-7,-10,-8,-10,-8,-9,-8,-8,-8,-8,-8,-7,-8,0,0,0,0,0,0,0,0,0,0,0,0,0,0,0,0,0,0,0,0,0,0,-9,-9,-9,-9,-9,-10,-8,-11,-8,-12,-7,-12,-7,-13,-6,-13,-6,-13,-6,-14,-5,-13,-5,-13,-5,-13,-5,-13,-6,-12,-6,-12,-6,-12,-7,-12,-7,-12,-8,-12,-8,-12,-9,-12,-9,-12,-9,-12,-10,-12,-9,-12]
[0;32mI (475444) TAG: STA connected to 24:ec:4a:03:58:5d, ch=1 (sec=0)[0m
anchor,A1,24:ec:4a:03:58:5d,ch=1
ftm_report,A1,7,7,1.050
csi_data,A1,[0,0,0,-14,-1,-14,-2,-14,-1,-14,-2,-14,-2,-13,-3,-13,-3,-13,-4,-13,-4,-13,-5,-13,-5,-13,-5,-13,-6,-14,-6,-13,-7,-14,-6,-14,-6,-15,-6,-15,-5,-15,-5,-16,-4,-15,-3,-15,-2,-15,-1,-15,0,-15,0,0,0,0,0,0,0,0,0,0,0,0,0,0,0,0,0,0,0,0,0,0,1,-11,2,-12,2,-11,3,-12,3,-11,4,-12,5,-12,5,-12,5,-11,5,-11,5,-11,5,-11,4,-11,4,-11,4,-11,3,-11,3,-11,2,-11,2,-12,2,-12,1,-12,1,-13,1,-13,0,-13,0,-14,0,-14]
[0;32mI (476314) TAG: STA connected to 24:ec:4a:04:39:15, ch=6 (sec=0)[0m
csi_data,A2,[0,0,13,6,13,6,12,6,12,6,12,5,12,5,12,4,12,4,12,4,12,3,12,3,12,2,12,2,12,1,12,2,12,2,13,2,12,2,12,3,12,3,12,3,12,4,11,4,11,5,10,5,9,6,0,0,0,0,0,0,0,0,0,0,0,0,0,0,0,0,0,0,0,0,0,0,10,4,10,5,11,6,10,6,10,7,10,7,10,8,10,8,10,9,9,9,9,9,9,9,9,8,9,8,9,8,9,8,9,7,10,7,10,6,11,6,11,6,12,6,12,6,12,6,13,6,13,6]
[0;32mI (477334) esp_netif_handlers: sta ip: 192.168.4.2, mask: 255.255.255.0, gw: 192.168.4.1[0m
[0;33mW (478054) TAG: FTM to A2 failed (ESP_FAIL), streak=1[0m
csi_data,A2,[0,0,-11,10,-11,9,-11,9,-10,9,-10,9,-10,9,-9,9,-9,9,-8,9,-7,10,-7,10,-7,10,-7,10,-7,10,-6,11,-6,11,-7,11,-7,11,-7,11,-8,10,-8,10,-8,9,-8,9,-9,8,-8,8,-9,7,0,0,0,0,0,0,0,0,0,0,0,0,0,0,0,0,0,0,0,0,0,0,-8,8,-9,8,-10,7,-11,7,-11,7,-12,7,-12,6,-12,5,-12,6,-13,5,-13,5,-12,5,-12,5,-12,5,-11,5,-11,6,-11,6,-11,7,-11,7,-11,7,-11,8,-11,8,-11,9,-11,9,-11,9,-11,9]
[0;32mI (478654) TAG: STA connected to 24:ec:4a:03:56:41, ch=11 (sec=0)[0m
anchor,A3,24:ec:4a:03:56:41,ch=11
ftm_report,A3,25,25,3.750
csi_data,A3,[0,0,-9,12,-8,11,-8,11,-8,11,-7,11,-7,11,-6,11,-5,11,-5,11,-4,11,-4,11,-3,11,-3,11,-3,11,-3,12,-3,12,-3,11,-4,12,-4,12,-4,11,-5,11,-5,10,-5,10,-5,9,-6,9,-6,9,0,0,0,0,0,0,0,0,0,0,0,0,0,0,0,0,0,0,0,0,0,0,-6,10,-7,10,-7,10,-8,10,-9,10,-10,10,-10,10,-11,9,-11,9,-11,8,-11,9,-11,8,-11,8,-10,8,-10,8,-10,8,-10,9,-9,9,-9,10,-9,10,-9,10,-9,11,-9,11,-8,12,-8,12,-8,12]
[0;32mI (479564) TAG: STA connected to 24:ec:4a:03:58:5d, ch=1 (sec=0)[0m
anchor,A1,24:ec:4a:03:58:5d,ch=1
ftm_report,A1,5,5,0.750
csi_data,A1,[0,0,-9,-12,-9,-11,-10,-11,-9,-11,-10,-11,-10,-10,-10,-10,-10,-9,-10,-9,-11,-8,-12,-8,-12,-8,-13,-8,-13,-8,-13,-8,-14,-8,-14,-8,-14,-9,-14,-10,-13,-10,-13,-11,-12,-11,-11,-11,-11,-12,-10,-12,-9,-13,0,0,0,0,0,0,0,0,0,0,0,0,0,0,0,0,0,0,0,0,0,0,-6,-10,-6,-11,-5,-11,-5,-12,-5,-12,-4,-13,-3,-13,-3,-13,-2,-13,-3,-12,-3,-12,-3,-12,-3,-12,-3,-12,-4,-12,-4,-12,-4,-11,-4,-11,-5,-12,-6,-12,-6,-11,-7,-12,-7,-11,-8,-12,-9,-12,-8,-12]
[0;32mI (480434) TAG: STA connected to 24:ec:4a:04:39:15, ch=6 (sec=0)[0m
anchor,A2,24:ec:4a:04:39:15,ch=6
ftm_report,A2,14,14,2.100
csi_data,A2,[0,0,13,-6,13,-5,13,-6,12,-6,12,-6,12,-6,11,-6,11,-6,10,-7,9,-7,10,-8,9,-8,9,-8,10,-9,9,-8,10,-9,9,-8,10,-9,10,-8,10,-8,10,-8,11,-7,10,-6,10,-6,10,-5,10,-4,0,0,0,0,0,0,0,0,0,0,0,0,0,0,0,0,0,0,0,0,0,0,10,-5,11,-4,11,-3,12,-3,12,-3,13,-2,12,-2,12,-2,13,-1,12,-1,12,-1,12,-1,12,-1,12,-1,12,-1,11,-2,12,-2,11,-3,12,-3,12,-4,12,-4,12,-5,12,-5,13,-5,13,-5,13,-6]
[0;32mI (481304) TAG: STA connected to 24:ec:4a:03:56:41, ch=11 (sec=0)[0m
anchor,A3,24:ec:4a:03:56:41,ch=11
ftm_report,A3,21,21,3.150
csi_data,A3,[0,0,-14,-5,-14,-4,-14,-4,-13,-4,-14,-4,-13,-4,-13,-3,-13,-3,-12,-2,-12,-1,-12,-1,-12,0,-12,0,-13,0,-12,0,-13,0,-13,0,-13,0,-13,-1,-12,-1,-12,-2,-12,-3,-11,-2,-11,-3,-10,-3,-10,-3,0,0,0,0,0,0,0,0,0,0,0,0,0,0,0,0,0,0,0,0,0,0,-12,-2,-13,-3,-13,-4,-13,-5,-13,-5,-13,-6,-13,-7,-13,-7,-13,-8,-12,-8,-13,-8,-12,-8,-12,-8,-12,-7,-12,-7,-12,-7,-12,-6,-12,-6,-13,-6,-13,-6,-13,-5,-14,-5,-14,-4,-15,-4,-14,-5,-14,-4]
[0;32mI (482174) TAG: STA connected to 24:ec:4a:03:58:5d, ch=1 (sec=0)[0m
anchor,A1,24:ec:4a:03:58:5d,ch=1
ftm_report,A1,5,5,0.750
[0;32mI (483034) TAG: STA connected to 24:ec:4a:04:39:15, ch=6 (sec=0)[0m
csi_data,A2,[0,0,12,-8,12,-8,12,-8,11,-9,11,-9,10,-8,10,-9,10,-9,9,-9,8,-9,8,-10,8,-10,8,-10,8,-11,7,-11,7,-11,8,-11,8,-11,8,-11,9,-10,9,-10,9,-9,9,-8,10,-8,9,-7,10,-7,0,0,0,0,0,0,0,0,0,0,0,0,0,0,0,0,0,0,0,0,0,0,9,-7,10,-7,10,-6,11,-6,11,-6,12,-5,12,-5,12,-5,13,-4,12,-3,12,-4,12,-4,12,-3,12,-4,12,-4,11,-5,11,-5,11,-6,12,-6,11,-6,11,-7,12,-7,11,-8,12,-8,12,-8,12,-9]
[0;32mI (484054) esp_netif_handlers: sta ip: 192.168.4.2, mask: 255.255.255.0, gw: 192.168.4.1[0m
[0;33mW (484774) TAG: FTM to A2 failed (ESP_FAIL), streak=1[0m
csi_data,A2,[0,0,-13,-8,-13,-7,-13,-7,-13,-7,-13,-7,-12,-6,-13,-6,-12,-5,-12,-5,-12,-4,-12,-4,-13,-3,-13,-3,-13,-3,-13,-3,-13,-3,-13,-3,-13,-4,-13,-4,-13,-5,-13,-5,-12,-5,-12,-5,-11,-6,-10,-6,-10,-7,0,0,0,0,0,0,0,0,0,0,0,0,0,0,0,0,0,0,0,0,0,0,-11,-6,-11,-6,-11,-7,-11,-8,-11,-8,-11,-9,-10,-10,-10,-10,-10,-10,-9,-10,-9,-10,-9,-10,-9,-10,-9,-9,-10,-9,-9,-9,-10,-9,-10,-9,-11,-8,-11,-8,-12,-8,-12,-8,-12,-8,-13,-7,-13,-7,-13,-8]
[0;32mI (485374) TAG: STA connected to 24:ec:4a:03:56:41, ch=11 (sec=0)[0m
anchor,A3,24:ec:4a:03:56:41,ch=11
ftm_report,A3,19,19,2.850
csi_data,A3,[0,0,-2,-15,-3,-15,-3,-14,-2,-14,-3,-14,-4,-13,-4,-13,-4,-12,-4,-12,-5,-12,-5,-12,-5,-11,-6,-11,-7,-11,-6,-11,-6,-12,-7,-11,-6,-11,-6,-12,-6,-11,-6,-12,-5,-11,-4,-11,-3,-11,-3,-11,-2,-11,0,0,0,0,0,0,0,0,0,0,0,0,0,0,0,0,0,0,0,0,0,0,-2,-12,-2,-13,-1,-13,-1,-14,0,-14,1,-14,1,-14,1,-15,2,-14,2,-14,3,-14,3,-14,3,-14,2,-13,2,-13,2,-13,1,-14,1,-14,0,-14,-1,-14,-1,-14,-2,-15,-2,-15,-1,-15,-2,-15,-2,-15]
[0;32mI (486254) TAG: STA connected to 24:ec:4a:03:58:5d, ch=1 (sec=0)[0m
anchor,A1,24:ec:4a:03:58:5d,ch=1
ftm_report,A1,11,11,1.650
[0;32mI (487124) TAG: STA connected to 24:ec:4a:04:39:15, ch=6 (sec=0)[0m
[1;31mE (487794) wifi:No FTM Measurements received from responder![0m
[0;33mW (487894) TAG: FTM to A2 failed (ESP_FAIL), streak=1[0m
csi_data,A2,[0,0,-11,-11,-11,-10,-12,-10,-10,-10,-11,-10,-11,-9,-11,-8,-11,-8,-11,-8,-11,-7,-12,-7,-12,-6,-12,-6,-13,-6,-12,-6,-13,-6,-12,-6,-13,-7,-12,-7,-12,-7,-12,-7,-11,-8,-11,-8,-10,-8,-9,-8,-9,-9,0,0,0,0,0,0,0,0,0,0,0,0,0,0,0,0,0,0,0,0,0,0,-9,-8,-10,-9,-9,-9,-9,-10,-8,-10,-8,-12,-8,-12,-8,-12,-7,-12,-7,-12,-7,-12,-7,-12,-7,-11,-7,-11,-8,-11,-7,-11,-8,-11,-8,-11,-9,-11,-9,-10,-10,-10,-10,-10,-11,-10,-11,-10,-11,-10,-12,-10]
[0;32mI (488164) esp_netif_handlers: sta ip: 192.168.4.2, mask: 255.255.255.0, gw: 192.168.4.1[0m
[0;32mI (488504) TAG: STA connected to 24:ec:4a:03:56:41, ch=11 (sec=0)[0m
anchor,A3,24:ec:4a:03:56:41,ch=11
ftm_report,A3,22,22,3.300
csi_data,A3,[0,0,-11,-10,-11,-10,-11,-9,-11,-9,-11,-9,-11,-8,-11,-8,-11,-7,-11,-7,-11,-6,-11,-5,-11,-5,-12,-5,-12,-4,-12,-4,-12,-4,-12,-5,-12,-4,-12,-5,-11,-5,-11,-6,-11,-6,-10,-6,-10,-6,-9,-6,-8,-6,0,0,0,0,0,0,0,0,0,0,0,0,0,0,0,0,0,0,0,0,0,0,-10,-8,-9,-9,-10,-10,-9,-10,-9,-11,-8,-12,-8,-12,-8,-13,-7,-13,-7,-13,-7,-13,-7,-12,-7,-12,-7,-12,-7,-12,-7,-12,-8,-11,-8,-11,-9,-11,-9,-11,-9,-11,-10,-10,-10,-10,-11,-10,-11,-10,-11,-10]
[0;32mI (489354) TAG: STA connected to 24:ec:4a:03:58:5d, ch=1 (sec=0)[0m
anchor,A1,24:ec:4a:03:58:5d,ch=1
ftm_report,A1,5,5,0.750
csi_data,A1,[0,0,6,-13,5,-13,5,-13,5,-13,5,-13,4,-13,4,-13,3,-13,2,-13,2,-13,2,-14,1,-13,1,-14,0,-14,0,-15,0,-15,0,-15,1,-15,1,-16,2,-16,2,-16,3,-15,4,-15,5,-14,5,-13,6,-13,0,0,0,0,0,0,0,0,0,0,0,0,0,0,0,0,0,0,0,0,0,0,6,-10,6,-10,7,-9,7,-9,8,-9,9,-9,9,-9,9,-8,10,-8,9,-8,10,-8,9,-8,9,-8,9,-8,8,-8,8,-9,8,-9,7,-9,7,-10,7,-10,7,-10,6,-11,7,-12,6,-12,6,-12,7,-13]
[0;32mI (490214) TAG: STA connected to 24:ec:4a:04:39:15, ch=6 (sec=0)[0m
anchor,A2,24:ec:4a:04:39:15,ch=6
ftm_report,A2,0,0,-1.000
[0;32mI (491074) TAG: STA connected to 24:ec:4a:03:56:41, ch=11 (sec=0)[0m
csi_data,A3,[0,0,7,-14,7,-13,7,-13,6,-13,6,-13,5,-13,5,-13,4,-12,4,-13,3,-13,3,-13,2,-13,2,-13,2,-13,2,-13,2,-14,2,-13,3,-14,3,-14,4,-13,4,-13,4,-12,4,-11,5,-11,5,-11,6,-10,0,0,0,0,0,0,0,0,0,0,0,0,0,0,0,0,0,0,0,0,0,0,4,-12,5,-12,6,-11,7,-12,7,-11,9,-12,9,-11,10,-11,10,-10,10,-10,10,-10,10,-10,9,-10,9,-10,9,-10,9,-10,9,-11,8,-11,8,-11,8,-12,7,-12,7,-12,7,-13,7,-13,7,-13,7,-14]
anchor,A3,24:ec:4a:03:56:41,ch=11
ftm_report,A3,18,18,2.700
[0;32mI (491934) TAG: STA connected to 24:ec:4a:03:58:5d, ch=1 (sec=0)[0m
csi_data,A1,[0,0,10,-9,10,-9,10,-10,9,-10,9,-10,9,-10,9,-11,8,-11,8,-11,7,-12,7,-13,7,-13,7,-13,7,-14,7,-14,7,-15,8,-15,9,-15,10,-15,10,-14,11,-14,12,-13,12,-12,12,-12,13,-11,13,-10,0,0,0,0,0,0,0,0,0,0,0,0,0,0,0,0,0,0,0,0,0,0,9,-4,10,-4,10,-3,10,-3,10,-2,11,-2,11,-2,11,-1,11,-1,10,-1,10,-2,10,-2,10,-2,10,-2,10,-2,10,-3,9,-4,9,-4,9,-5,9,-5,9,-5,10,-6,9,-7,10,-8,10,-8,10,-9]
[1;31mE (492614) wifi:No valid FTM Measurements found out of 6 received measurements![0m
[0;33mW (492714) TAG: FTM to A1 failed (ESP_FAIL), streak=1[0m
[0;32mI (492954) esp_netif_handlers: sta ip: 192.168.4.2, mask: 255.255.255.0, gw: 192.168.4.1[0m
[0;32mI (493364) TAG: STA connected to 24:ec:4a:04:39:15, ch=6 (sec=0)[0m
anchor,A2,24:ec:4a:04:39:15,ch=6
ftm_report,A2,14,14,2.100
csi_data,A2,[0,0,13,6,13,6,12,5,13,6,12,5,12,5,12,4,12,4,12,4,12,3,12,3,12,2,12,2,12,1,12,2,12,2,13,2,12,2,12,3,12,3,12,4,11,4,11,4,10,5,9,5,9,5,0,0,0,0,0,0,0,0,0,0,0,0,0,0,0,0,0,0,0,0,0,0,10,3,10,4,11,5,10,5,10,6,10,7,10,7,10,8,10,8,10,8,9,8,9,8,9,8,9,8,9,7,9,7,9,7,10,7,11,6,11,6,12,6,12,6,13,6,13,6,13,6,13,6]
[0;32mI (494214) TAG: STA connected to 24:ec:4a:03:56:41, ch=11 (sec=0)[0m
anchor,A3,24:ec:4a:03:56:41,ch=11
ftm_report,A3,19,19,2.850
[0;32mI (495074) TAG: STA connected to 24:ec:4a:03:58:5d, ch=1 (sec=0)[0m
csi_data,A1,[0,0,9,9,10,9,10,9,10,9,10,8,10,8,10,8,10,7,10,7,11,6,12,6,12,5,12,5,13,5,13,5,13,5,14,6,14,7,13,7,13,8,13,8,12,9,12,9,12,9,10,10,9,11,0,0,0,0,0,0,0,0,0,0,0,0,0,0,0,0,0,0,0,0,0,0,6,8,5,9,5,9,5,10,5,10,4,11,4,11,3,11,3,11,3,11,3,11,3,11,4,10,4,10,4,10,4,10,4,10,5,9,6,9,6,10,7,10,7,9,7,9,9,9,9,9,9,9]
anchor,A1,24:ec:4a:03:58:5d,ch=1
ftm_report,A1,5,5,0.750
[0;32mI (495934) TAG: STA connected to 24:ec:4a:04:39:15, ch=6 (sec=0)[0m
csi_data,A2,[0,0,-14,5,-14,5,-14,5,-13,5,-14,5,-13,5,-13,5,-12,5,-11,6,-11,6,-11,7,-10,7,-10,7,-11,8,-10,8,-11,8,-11,8,-11,7,-11,7,-11,7,-11,6,-12,5,-11,5,-11,4,-11,4,-11,3,0,0,0,0,0,0,0,0,0,0,0,0,0,0,0,0,0,0,0,0,0,0,-10,4,-11,4,-12,3,-12,3,-13,2,-13,2,-13,2,-13,1,-14,1,-13,0,-13,0,-13,0,-13,0,-13,1,-13,1,-12,1,-13,2,-12,3,-13,3,-13,3,-13,3,-14,4,-14,4,-14,5,-14,5,-14,5]
anchor,A2,24:ec:4a:04:39:15,ch=6
ftm_report,A2,14,14,2.100
[0;32mI (496814) TAG: STA connected to 24:ec:4a:03:56:41, ch=11 (sec=0)[0m
anchor,A3,24:ec:4a:03:56:41,ch=11
ftm_report,A3,18,18,2.700
csi_data,A3,[0,0,13,4,13,3,13,3,13,3,13,2,12,2,12,1,12,1,12,1,12,0,12,-1,12,-1,12,-1,12,-1,12,-2,13,-2,13,-1,13,-1,13,-1,13,-1,12,0,12,1,12,1,11,2,11,2,10,3,0,0,0,0,0,0,0,0,0,0,0,0,0,0,0,0,0,0,0,0,0,0,11,2,11,3,11,4,11,5,11,5,11,6,11,7,11,7,11,7,10,8,10,7,10,7,10,7,10,7,10,7,10,6,11,6,11,5,11,5,11,5,12,5,12,4,12,4,13,4,13,4,13,3]
[0;32mI (497664) TAG: STA connected to 24:ec:4a:03:58:5d, ch=1 (sec=0)[0m
anchor,A1,24:ec:4a:03:58:5d,ch=1
ftm_report,A1,7,7,1.050
csi_data,A1,[0,0,0,14,1,13,1,13,1,14,1,13,2,13,3,13,3,13,3,13,4,13,5,13,5,12,5,12,6,13,6,13,7,13,7,14,6,14,6,15,5,15,5,15,4,15,3,15,2,15,1,15,0,15,0,0,0,0,0,0,0,0,0,0,0,0,0,0,0,0,0,0,0,0,0,0,-3,10,-3,10,-4,11,-4,11,-5,11,-6,11,-6,11,-6,11,-6,11,-6,10,-7,10,-6,10,-6,10,-6,10,-5,10,-5,11,-4,10,-4,11,-3,11,-2,12,-2,12,-1,12,-2,13,-1,13,0,13,-1,14]
[0;32mI (498534) TAG: STA connected to 24:ec:4a:04:39:15, ch=6 (sec=0)[0m
anchor,A2,24:ec:4a:04:39:15,ch=6
ftm_report,A2,14,14,2.100
csi_data,A2,[0,0,1,15,1,14,1,14,1,14,2,13,2,13,2,12,3,12,3,12,3,12,4,12,4,11,4,11,5,11,5,11,5,12,5,11,5,12,5,12,4,12,4,12,3,11,2,11,1,11,1,11,0,11,0,0,0,0,0,0,0,0,0,0,0,0,0,0,0,0,0,0,0,0,0,0,1,11,0,12,-1,11,-1,12,-1,12,-2,13,-2,13,-3,13,-3,13,-4,12,-4,12,-4,12,-4,12,-3,12,-3,12,-2,12,-2,12,-1,12,-1,12,0,13,0,13,1,13,1,14,1,14,1,14,1,15]
[0;32mI (499394) TAG: STA connected to 24:ec:4a:03:56:41, ch=11 (sec=0)[0m
anchor,A3,24:ec:4a:03:56:41,ch=11
ftm_report,A3,16,16,2.400
csi_data,A3,[0,0,-10,11,-9,10,-9,10,-9,10,-9,10,-8,10,-7,10,-7,10,-7,11,-6,11,-6,11,-5,11,-5,11,-5,11,-5,12,-5,12,-5,11,-6,12,-6,12,-6,11,-7,11,-7,10,-7,9,-7,9,-8,9,-8,8,0,0,0,0,0,0,0,0,0,0,0,0,0,0,0,0,0,0,0,0,0,0,-7,9,-8,9,-9,8,-10,8,-10,8,-11,8,-12,7,-12,7,-12,7,-12,6,-12,7,-12,6,-11,7,-11,6,-11,7,-11,7,-11,7,-10,7,-10,8,-10,8,-10,9,-10,9,-10,10,-9,10,-9,10,-9,11]
[0;32mI (500244) TAG: STA connected to 24:ec:4a:03:58:5d, ch=1 (sec=0)[0m
anchor,A1,24:ec:4a:03:58:5d,ch=1
ftm_report,A1,5,5,0.750
[0;32mI (501114) TAG: STA connected to 24:ec:4a:04:39:15, ch=6 (sec=0)[0m
csi_data,A2,[0,0,13,7,12,6,12,6,12,6,12,6,12,5,12,5,12,4,11,4,11,3,12,3,12,2,12,2,12,2,12,2,12,2,12,2,12,3,12,3,12,4,11,4,11,4,11,5,10,5,9,5,9,6,0,0,0,0,0,0,0,0,0,0,0,0,0,0,0,0,0,0,0,0,0,0,10,4,10,4,10,5,10,6,10,6,10,7,9,8,9,8,9,8,9,9,9,9,8,9,9,8,9,8,9,8,9,8,9,7,10,7,10,6,11,6,11,6,12,6,12,6,12,6,13,6,12,6]
anchor,A2,24:ec:4a:04:39:15,ch=6
ftm_report,A2,14,14,2.100
[0;32mI (501984) TAG: STA connected to 24:ec:4a:03:56:41, ch=11 (sec=0)[0m
csi_data,A3,[0,0,-1,-15,-2,-15,-2,-15,-1,-14,-2,-14,-2,-14,-3,-13,-3,-13,-3,-13,-4,-13,-5,-13,-5,-12,-5,-12,-6,-12,-6,-13,-6,-13,-6,-13,-5,-13,-5,-14,-4,-13,-4,-13,-3,-13,-3,-13,-2,-12,-2,-12,-1,-12,0,0,0,0,0,0,0,0,0,0,0,0,0,0,0,0,0,0,0,0,0,0,-1,-13,-1,-13,0,-13,0,-14,1,-14,2,-14,3,-14,3,-14,4,-14,3,-14,4,-14,4,-13,3,-13,3,-13,3,-13,3,-13,2,-13,1,-13,1,-14,0,-14,0,-14,0,-14,-1,-15,-1,-15,-1,-15,-1,-15]
anchor,A3,24:ec:4a:03:56:41,ch=11
ftm_report,A3,22,22,3.300
[0;32mI (502854) TAG: STA connected to 24:ec:4a:03:58:5d, ch=1 (sec=0)[0m
anchor,A1,24:ec:4a:03:58:5d,ch=1
ftm_report,A1,8,8,1.200
csi_data,A1,[0,0,13,-1,13,-1,13,-2,13,-2,13,-2,13,-3,13,-3,12,-3,12,-4,12,-5,12,-5,12,-6,12,-6,13,-7,13,-7,13,-7,14,-7,14,-7,14,-7,15,-6,15,-5,15,-4,15,-3,15,-3,14,-1,14,0,0,0,0,0,0,0,0,0,0,0,0,0,0,0,0,0,0,0,0,0,0,0,10,1,10,1,11,2,11,3,11,3,11,4,11,4,10,5,10,5,10,5,10,5,10,5,10,5,10,4,10,4,10,3,10,2,10,2,11,2,12,1,11,1,12,0,12,0,13,0,13,0,13,-1]
[0;32mI (503714) TAG: STA connected to 24:ec:4a:04:39:15, ch=6 (sec=0)[0m
anchor,A2,24:ec:4a:04:39:15,ch=6
ftm_report,A2,14,14,2.100
csi_data,A2,[0,0,-15,-4,-15,-4,-15,-4,-14,-4,-14,-4,-14,-3,-14,-3,-13,-2,-13,-2,-13,-2,-13,-1,-13,0,-13,0,-13,0,-13,0,-13,0,-14,0,-14,0,-14,-1,-13,-2,-13,-2,-13,-2,-13,-3,-12,-3,-12,-4,-11,-4,0,0,0,0,0,0,0,0,0,0,0,0,0,0,0,0,0,0,0,0,0,0,-12,-3,-12,-3,-12,-4,-12,-5,-12,-5,-12,-6,-12,-7,-12,-7,-12,-7,-12,-7,-12,-7,-11,-8,-12,-7,-11,-7,-11,-7,-11,-6,-12,-6,-12,-5,-13,-5,-13,-5,-13,-5,-14,-5,-14,-4,-15,-4,-15,-4,-15,-4]
[0;32mI (504624) TAG: STA connected to 24:ec:4a:03:56:41, ch=11 (sec=0)[0m
anchor,A3,24:ec:4a:03:56:41,ch=11
ftm_report,A3,20,20,3.000
csi_data,A3,[0,0,9,-11,9,-11,8,-11,8,-11,8,-11,7,-11,7,-11,6,-11,6,-11,5,-12,5,-12,4,-12,4,-12,4,-12,4,-13,4,-13,4,-12,5,-13,5,-13,6,-12,6,-12,6,-11,6,-11,7,-10,7,-10,7,-9,0,0,0,0,0,0,0,0,0,0,0,0,0,0,0,0,0,0,0,0,0,0,7,-10,8,-10,8,-9,9,-9,9,-9,10,-9,11,-8,11,-8,12,-7,11,-7,11,-7,11,-7,11,-7,11,-7,10,-7,10,-7,10,-8,10,-8,10,-9,9,-9,9,-9,9,-10,9,-11,9,-11,9,-11,9,-12]
[0;32mI (505484) TAG: STA connected to 24:ec:4a:03:58:5d, ch=1 (sec=0)[0m
anchor,A1,24:ec:4a:03:58:5d,ch=1
ftm_report,A1,4,4,0.600
csi_data,A1,[0,0,-6,-13,-7,-12,-7,-12,-7,-12,-8,-12,-8,-11,-9,-11,-9,-11,-9,-10,-9,-10,-10,-10,-10,-10,-11,-10,-12,-10,-12,-10,-12,-10,-12,-10,-12,-11,-12,-11,-12,-12,-11,-12,-11,-13,-10,-13,-9,-13,-8,-14,-7,-14,0,0,0,0,0,0,0,0,0,0,0,0,0,0,0,0,0,0,0,0,0,0,-3,-11,-2,-12,-2,-12,-2,-12,-1,-12,0,-13,0,-13,0,-12,0,-13,1,-12,1,-12,1,-12,0,-12,0,-12,-1,-12,-1,-12,-2,-12,-2,-12,-3,-12,-4,-12,-4,-12,-5,-12,-4,-12,-6,-13,-6,-13,-6,-13]
[0;32mI (506344) TAG: STA connected to 24:ec:4a:04:39:15, ch=6 (sec=0)[0m
anchor,A2,24:ec:4a:04:39:15,ch=6
ftm_report,A2,13,13,1.950
csi_data,A2,[0,0,11,9,11,8,11,8,11,8,11,7,11,7,10,7,11,6,10,6,11,5,11,5,11,4,11,4,11,4,12,4,11,4,12,5,11,5,11,5,11,6,10,6,10,6,10,7,9,7,8,7,8,7,0,0,0,0,0,0,0,0,0,0,0,0,0,0,0,0,0,0,0,0,0,0,9,6,9,6,9,7,8,7,9,8,8,9,8,10,8,10,7,10,7,10,7,10,7,10,7,10,7,10,7,9,7,9,8,9,8,9,9,8,9,8,10,8,10,8,11,8,11,8,11,8,11,9]
[0;32mI (507254) TAG: STA connected to 24:ec:4a:03:56:41, ch=11 (sec=0)[0m
anchor,A3,24:ec:4a:03:56:41,ch=11
ftm_report,A3,15,15,2.250
[0;32mI (508104) TAG: STA connected to 24:ec:4a:03:58:5d, ch=1 (sec=0)[0m
csi_data,A1,[0,0,-3,13,-2,13,-2,13,-2,13,-1,13,-1,13,0,13,0,12,1,13,1,13,2,13,2,13,2,13,3,13,3,14,3,14,3,14,3,15,3,15,2,15,1,16,1,15,0,15,-1,15,-2,14,-3,14,0,0,0,0,0,0,0,0,0,0,0,0,0,0,0,0,0,0,0,0,0,0,-5,10,-5,10,-5,10,-6,10,-6,10,-7,10,-7,10,-8,9,-8,9,-8,8,-8,9,-8,9,-7,9,-7,9,-6,9,-6,9,-6,10,-5,10,-5,10,-4,10,-4,11,-3,11,-4,12,-3,12,-3,13,-3,13]
anchor,A1,24:ec:4a:03:58:5d,ch=1
ftm_report,A1,8,8,1.200
[0;32mI (509004) TAG: STA connected to 24:ec:4a:04:39:15, ch=6 (sec=0)[0m
csi_data,A2,[0,0,-12,8,-13,8,-12,8,-12,7,-12,8,-11,8,-11,8,-10,8,-10,8,-9,8,-9,9,-8,9,-8,9,-8,10,-8,10,-8,10,-9,10,-8,10,-9,10,-9,9,-9,9,-9,8,-9,7,-10,7,-9,6,-10,6,0,0,0,0,0,0,0,0,0,0,0,0,0,0,0,0,0,0,0,0,0,0,-10,6,-10,6,-11,5,-12,5,-12,5,-13,5,-13,4,-13,4,-13,4,-13,3,-13,3,-13,3,-13,3,-12,3,-12,3,-12,4,-12,5,-12,5,-12,5,-12,6,-12,6,-12,7,-12,7,-13,8,-12,8,-12,8]
anchor,A2,24:ec:4a:04:39:15,ch=6
ftm_report,A2,14,14,2.100
[0;32mI (509874) TAG: STA connected to 24:ec:4a:03:56:41, ch=11 (sec=0)[0m
anchor,A3,24:ec:4a:03:56:41,ch=11
ftm_report,A3,15,15,2.250
csi_data,A3,[0,0,-14,6,-13,5,-13,5,-13,6,-12,5,-12,5,-12,6,-11,6,-11,6,-10,7,-10,7,-10,7,-10,8,-10,8,-10,8,-10,8,-10,8,-10,8,-11,8,-11,7,-11,7,-11,6,-11,5,-11,4,-11,4,-11,3,0,0,0,0,0,0,0,0,0,0,0,0,0,0,0,0,0,0,0,0,0,0,-11,6,-11,5,-12,4,-12,4,-13,4,-13,3,-14,2,-14,2,-14,2,-14,1,-14,1,-14,1,-13,1,-13,1,-13,1,-13,2,-13,2,-13,3,-13,3,-13,3,-13,4,-13,4,-13,5,-13,5,-13,5,-13,6]
[0;32mI (510734) TAG: STA connected to 24:ec:4a:03:58:5d, ch=1 (sec=0)[0m
anchor,A1,24:ec:4a:03:58:5d,ch=1
ftm_report,A1,7,7,1.050
csi_data,A1,[0,0,0,-14,-1,-14,-1,-14,-1,-14,-2,-14,-2,-14,-3,-14,-3,-13,-3,-13,-4,-13,-4,-14,-5,-13,-5,-13,-6,-14,-6,-14,-6,-15,-6,-15,-6,-16,-5,-16,-5,-16,-4,-16,-3,-16,-2,-16,-2,-16,-1,-16,0,-15,0,0,0,0,0,0,0,0,0,0,0,0,0,0,0,0,0,0,0,0,0,0,2,-11,3,-11,3,-11,3,-11,4,-11,5,-11,5,-11,5,-11,6,-11,5,-10,6,-11,5,-11,5,-11,5,-11,4,-11,4,-11,3,-11,3,-11,2,-12,2,-12,2,-12,1,-13,1,-13,0,-13,0,-14,0,-14]
[0;32mI (511604) TAG: STA connected to 24:ec:4a:04:39:15, ch=6 (sec=0)[0m
anchor,A2,24:ec:4a:04:39:15,ch=6
ftm_report,A2,14,14,2.100
csi_data,A2,[0,0,8,12,8,11,8,11,8,11,8,10,8,10,8,9,8,9,8,8,9,8,9,8,9,7,10,7,10,7,10,7,10,7,10,7,10,8,10,8,9,8,9,8,8,8,8,8,7,8,6,9,6,9,0,0,0,0,0,0,0,0,0,0,0,0,0,0,0,0,0,0,0,0,0,0,7,8,6,9,6,10,6,10,5,10,5,11,4,12,4,12,4,12,4,12,3,12,3,12,4,12,4,11,4,11,4,11,5,11,5,11,6,11,6,11,7,11,7,11,8,11,8,11,8,11,8,11]
[0;32mI (512484) TAG: STA connected to 24:ec:4a:03:56:41, ch=11 (sec=0)[0m
anchor,A3,24:ec:4a:03:56:41,ch=11
ftm_report,A3,15,15,2.250
csi_data,A3,[0,0,14,-1,14,-1,14,-1,13,-2,13,-2,13,-2,12,-2,12,-3,12,-4,12,-4,11,-5,11,-5,11,-5,12,-5,11,-6,12,-6,12,-5,12,-6,12,-5,12,-5,12,-4,12,-3,12,-2,12,-2,11,-2,11,-1,0,0,0,0,0,0,0,0,0,0,0,0,0,0,0,0,0,0,0,0,0,0,12,-2,12,-1,12,0,13,1,13,1,13,2,13,3,13,3,13,3,13,4,13,4,12,4,12,4,12,3,12,3,12,3,12,2,12,1,13,1,13,1,13,1,13,0,13,-1,14,-1,14,-1,14,-1]
[0;32mI (513334) TAG: STA connected to 24:ec:4a:03:58:5d, ch=1 (sec=0)[0m
anchor,A1,24:ec:4a:03:58:5d,ch=1
ftm_report,A1,10,10,1.500
csi_data,A1,[0,0,-9,-11,-10,-11,-9,-11,-9,-11,-10,-10,-10,-10,-10,-10,-10,-9,-10,-9,-11,-8,-12,-8,-12,-8,-12,-8,-13,-8,-13,-8,-13,-8,-14,-9,-13,-9,-14,-10,-13,-11,-13,-11,-12,-12,-12,-12,-11,-12,-10,-12,-8,-13,0,0,0,0,0,0,0,0,0,0,0,0,0,0,0,0,0,0,0,0,0,0,-6,-10,-5,-10,-5,-11,-5,-11,-4,-12,-3,-12,-3,-12,-3,-12,-2,-12,-3,-12,-3,-12,-3,-12,-3,-12,-3,-12,-3,-11,-4,-11,-4,-11,-4,-11,-5,-11,-6,-11,-6,-11,-7,-11,-7,-11,-8,-11,-9,-11,-8,-11]
[0;32mI (514214) TAG: STA connected to 24:ec:4a:04:39:15, ch=6 (sec=0)[0m
anchor,A2,24:ec:4a:04:39:15,ch=6
ftm_report,A2,14,14,2.100
csi_data,A2,[0,0,12,8,12,7,12,7,11,7,12,6,11,6,11,5,11,5,11,5,11,4,11,4,11,3,12,3,12,3,12,3,12,3,12,3,12,4,12,4,12,4,11,5,11,5,10,5,10,6,9,6,9,6,0,0,0,0,0,0,0,0,0,0,0,0,0,0,0,0,0,0,0,0,0,0,10,5,10,6,10,6,10,7,9,8,9,9,9,9,9,9,8,9,8,9,8,10,8,9,8,9,8,9,8,9,8,8,9,8,9,8,10,8,10,7,10,7,11,7,11,7,12,7,12,7,12,7]
[0;32mI (515234) esp_netif_handlers: sta ip: 192.168.4.2, mask: 255.255.255.0, gw: 192.168.4.1[0m
[0;32mI (515594) TAG: STA connected to 24:ec:4a:03:56:41, ch=11 (sec=0)[0m
anchor,A3,24:ec:4a:03:56:41,ch=11
ftm_report,A3,21,21,3.150
csi_data,A3,[0,0,14,-5,13,-5,13,-5,13,-6,12,-6,11,-6,11,-6,11,-6,10,-7,10,-7,10,-8,9,-8,9,-8,9,-8,9,-9,9,-9,9,-9,9,-9,10,-9,10,-8,10,-8,10,-7,10,-6,10,-5,10,-5,10,-4,0,0,0,0,0,0,0,0,0,0,0,0,0,0,0,0,0,0,0,0,0,0,11,-5,11,-4,12,-3,13,-3,13,-2,14,-2,14,-1,14,-1,14,-1,14,0,14,0,13,0,13,0,13,0,13,0,13,-1,13,-2,13,-2,13,-2,13,-3,13,-3,13,-4,14,-4,13,-4,13,-4,13,-5]
[0;32mI (516494) TAG: STA connected to 24:ec:4a:03:58:5d, ch=1 (sec=0)[0m
anchor,A1,24:ec:4a:03:58:5d,ch=1
ftm_report,A1,5,5,0.750
csi_data,A1,[0,0,13,-2,13,-2,13,-2,13,-3,13,-3,12,-3,12,-4,12,-4,11,-5,11,-5,12,-6,11,-6,11,-6,11,-7,12,-7,12,-8,13,-7,13,-8,13,-7,13,-6,14,-6,14,-5,14,-4,14,-4,14,-3,14,-2,0,0,0,0,0,0,0,0,0,0,0,0,0,0,0,0,0,0,0,0,0,0,10,-1,10,0,11,1,11,1,11,2,11,2,11,3,11,3,11,3,11,4,11,3,11,3,11,3,11,3,11,3,11,2,11,2,11,1,11,1,12,1,12,0,12,0,12,-1,13,-1,13,-1,13,-2]
[0;32mI (517354) TAG: STA connected to 24:ec:4a:04:39:15, ch=6 (sec=0)[0m
csi_data,A2,[0,0,-7,-14,-7,-13,-7,-14,-6,-13,-7,-13,-7,-12,-7,-12,-7,-11,-7,-11,-8,-11,-8,-10,-9,-10,-9,-10,-9,-10,-9,-10,-9,-10,-9,-10,-9,-11,-9,-11,-8,-11,-8,-11,-7,-11,-7,-11,-6,-11,-5,-11,-5,-11,0,0,0,0,0,0,0,0,0,0,0,0,0,0,0,0,0,0,0,0,0,0,-6,-11,-5,-12,-5,-12,-4,-12,-4,-13,-4,-13,-3,-14,-3,-14,-2,-14,-2,-13,-2,-14,-2,-14,-2,-13,-2,-13,-3,-13,-3,-13,-3,-13,-4,-13,-5,-13,-5,-13,-5,-13,-6,-13,-6,-13,-7,-13,-7,-13,-7,-14]
[0;32mI (518364) esp_netif_handlers: sta ip: 192.168.4.2, mask: 255.255.255.0, gw: 192.168.4.1[0m
anchor,A2,24:ec:4a:04:39:15,ch=6
ftm_report,A2,227,227,34.050
csi_data,A2,[0,0,9,11,9,10,8,10,8,10,9,10,8,9,8,9,9,9,8,8,9,8,9,7,9,7,10,7,10,7,10,7,10,7,10,7,10,7,10,8,9,8,9,8,8,8,8,8,7,8,6,9,6,9,0,0,0,0,0,0,0,0,0,0,0,0,0,0,0,0,0,0,0,0,0,0,7,8,7,9,7,9,6,10,6,10,6,11,5,12,5,12,4,12,4,12,4,12,4,12,4,11,4,11,5,11,5,11,5,11,6,10,6,11,7,10,7,10,8,10,8,11,8,11,8,11,9,11]
[0;32mI (519244) TAG: STA connected to 24:ec:4a:03:56:41, ch=11 (sec=0)[0m
anchor,A3,24:ec:4a:03:56:41,ch=11
ftm_report,A3,15,15,2.250
[0;32mI (520094) TAG: STA connected to 24:ec:4a:03:58:5d, ch=1 (sec=0)[0m
csi_data,A1,[0,0,-13,5,-13,5,-13,5,-13,6,-12,6,-12,6,-12,6,-11,7,-11,7,-11,8,-10,8,-10,8,-10,8,-10,9,-10,10,-10,10,-11,10,-11,10,-12,10,-12,9,-13,9,-13,8,-13,7,-14,6,-13,5,-13,4,0,0,0,0,0,0,0,0,0,0,0,0,0,0,0,0,0,0,0,0,0,0,-11,4,-11,3,-12,2,-12,2,-12,2,-13,1,-13,1,-13,0,-13,0,-13,-1,-13,0,-13,0,-13,0,-12,0,-12,0,-12,1,-12,1,-12,2,-12,2,-12,3,-13,3,-13,4,-13,4,-13,4,-13,5,-13,5]
anchor,A1,24:ec:4a:03:58:5d,ch=1
ftm_report,A1,5,5,0.750
[0;32mI (520974) TAG: STA connected to 24:ec:4a:04:39:15, ch=6 (sec=0)[0m
csi_data,A2,[0,0,-3,-15,-3,-14,-3,-14,-3,-14,-3,-14,-3,-13,-4,-13,-4,-13,-4,-12,-5,-12,-5,-12,-5,-11,-6,-11,-6,-11,-7,-12,-7,-12,-6,-12,-6,-12,-6,-13,-6,-13,-5,-13,-4,-12,-4,-12,-3,-12,-2,-12,-2,-12,0,0,0,0,0,0,0,0,0,0,0,0,0,0,0,0,0,0,0,0,0,0,-3,-12,-2,-12,-1,-12,-1,-13,0,-13,0,-14,1,-14,1,-14,1,-14,2,-13,2,-13,2,-13,2,-13,2,-13,1,-13,1,-13,0,-13,0,-13,-1,-13,-1,-13,-1,-13,-2,-14,-2,-14,-2,-14,-2,-14,-2,-15]
[0;32mI (521994) esp_netif_handlers: sta ip: 192.168.4.2, mask: 255.255.255.0, gw: 192.168.4.1[0m
[0;33mW (522714) TAG: FTM to A2 failed (ESP_FAIL), streak=1[0m
[0;32mI (523324) TAG: STA connected to 24:ec:4a:03:56:41, ch=11 (sec=0)[0m
anchor,A3,24:ec:4a:03:56:41,ch=11
ftm_report,A3,15,15,2.250
csi_data,A3,[0,0,-12,8,-12,8,-12,7,-11,8,-11,8,-10,8,-10,8,-9,8,-9,9,-8,9,-8,9,-8,9,-8,9,-7,10,-8,10,-7,10,-8,10,-8,10,-8,10,-8,10,-9,9,-9,8,-9,8,-9,7,-9,7,-10,6,0,0,0,0,0,0,0,0,0,0,0,0,0,0,0,0,0,0,0,0,0,0,-10,7,-10,7,-11,6,-11,6,-12,5,-13,5,-13,5,-14,4,-14,4,-14,3,-14,3,-13,3,-13,3,-13,3,-13,3,-13,4,-13,4,-12,5,-12,5,-12,6,-12,6,-12,6,-12,7,-12,7,-12,7,-12,8]
[0;32mI (524174) TAG: STA connected to 24:ec:4a:03:58:5d, ch=1 (sec=0)[0m
anchor,A1,24:ec:4a:03:58:5d,ch=1
ftm_report,A1,5,5,0.750
[0;32mI (525044) TAG: STA connected to 24:ec:4a:04:39:15, ch=6 (sec=0)[0m
csi_data,A2,[0,0,-13,8,-13,7,-12,7,-12,8,-12,7,-11,7,-11,8,-10,8,-10,8,-9,8,-9,8,-9,8,-9,9,-9,9,-9,9,-9,9,-9,9,-9,9,-9,9,-10,9,-10,8,-10,7,-10,7,-10,6,-10,6,-10,5,0,0,0,0,0,0,0,0,0,0,0,0,0,0,0,0,0,0,0,0,0,0,-9,7,-10,7,-11,6,-11,6,-12,6,-12,5,-13,5,-13,5,-13,4,-13,4,-13,4,-13,4,-13,4,-13,4,-12,4,-12,4,-12,5,-12,5,-12,5,-12,6,-12,6,-12,7,-12,8,-12,7,-13,7,-12,8]
[0;32mI (526064) esp_netif_handlers: sta ip: 192.168.4.2, mask: 255.255.255.0, gw: 192.168.4.1[0m
[0;33mW (526784) TAG: FTM to A2 failed (ESP_FAIL), streak=1[0m
[0;32mI (527384) TAG: STA connected to 24:ec:4a:03:56:41, ch=11 (sec=0)[0m
anchor,A3,24:ec:4a:03:56:41,ch=11
ftm_report,A3,16,16,2.400
csi_data,A3,[0,0,2,-15,2,-15,1,-14,2,-15,1,-14,0,-14,0,-13,-1,-13,-1,-13,-1,-13,-2,-13,-2,-13,-2,-13,-3,-12,-3,-13,-3,-13,-3,-14,-2,-13,-2,-14,-2,-14,-1,-13,-1,-13,0,-13,1,-12,1,-12,2,-11,0,0,0,0,0,0,0,0,0,0,0,0,0,0,0,0,0,0,0,0,0,0,0,-13,1,-12,2,-13,3,-13,3,-13,4,-13,5,-14,5,-13,6,-13,6,-13,7,-12,6,-12,6,-12,6,-12,5,-12,5,-12,4,-12,4,-13,3,-13,3,-14,3,-13,2,-14,3,-15,2,-15,2,-15,2,-15]
[0;32mI (528244) TAG: STA connected to 24:ec:4a:03:58:5d, ch=1 (sec=0)[0m
anchor,A1,24:ec:4a:03:58:5d,ch=1
ftm_report,A1,5,5,0.750
[0;32mI (529114) TAG: STA connected to 24:ec:4a:04:39:15, ch=6 (sec=0)[0m
csi_data,A2,[0,0,6,13,6,12,6,12,6,12,6,11,7,11,7,10,7,10,7,10,8,10,7,9,8,9,8,9,9,8,9,9,9,9,9,9,9,9,9,9,8,9,8,10,7,9,6,10,6,10,5,10,4,10,0,0,0,0,0,0,0,0,0,0,0,0,0,0,0,0,0,0,0,0,0,0,5,10,5,10,4,11,4,11,4,12,3,12,3,13,2,13,2,13,1,13,1,13,1,13,1,12,1,12,2,12,2,12,3,12,3,12,4,12,5,12,5,12,5,12,6,13,6,12,6,13,6,13]
[0;32mI (530124) esp_netif_handlers: sta ip: 192.168.4.2, mask: 255.255.255.0, gw: 192.168.4.1[0m
csi_data,A2,[0,0,10,10,10,9,9,9,10,9,9,9,9,8,10,8,10,7,9,7,10,6,10,6,10,5,10,5,11,5,11,5,11,5,11,5,11,6,11,6,10,6,10,7,9,7,9,7,8,7,8,7,7,8,0,0,0,0,0,0,0,0,0,0,0,0,0,0,0,0,0,0,0,0,0,0,8,7,8,8,8,9,7,9,7,10,7,10,6,11,6,11,5,11,5,11,5,11,5,11,5,11,5,10,6,10,6,10,6,10,7,10,7,9,8,9,8,9,9,9,9,10,9,9,10,10,10,10]
[0;33mW (530854) TAG: FTM to A2 failed (ESP_FAIL), streak=1[0m
csi_data,A2,[0,0,11,-10,10,-10,10,-10,9,-10,10,-10,9,-10,9,-10,8,-10,8,-10,7,-10,7,-10,7,-10,7,-11,6,-11,6,-11,6,-11,7,-11,7,-11,7,-11,7,-11,8,-10,8,-9,8,-9,8,-8,8,-8,8,-7,0,0,0,0,0,0,0,0,0,0,0,0,0,0,0,0,0,0,0,0,0,0,8,-9,8,-9,9,-8,10,-8,10,-8,11,-8,11,-7,11,-7,12,-6,12,-6,12,-6,11,-6,11,-6,11,-6,11,-6,11,-6,10,-7,10,-7,10,-8,10,-8,10,-8,10,-9,10,-10,11,-10,11,-10,10,-10]
[0;32mI (531454) TAG: STA connected to 24:ec:4a:03:56:41, ch=11 (sec=0)[0m
anchor,A3,24:ec:4a:03:56:41,ch=11
ftm_report,A3,16,16,2.400
csi_data,A3,[0,0,-11,-10,-12,-10,-11,-9,-11,-9,-11,-9,-11,-8,-12,-8,-11,-7,-11,-6,-12,-6,-12,-6,-12,-5,-12,-5,-12,-5,-13,-5,-12,-5,-13,-5,-13,-5,-12,-5,-12,-6,-12,-6,-11,-7,-11,-7,-10,-8,-9,-7,-8,-8,0,0,0,0,0,0,0,0,0,0,0,0,0,0,0,0,0,0,0,0,0,0,-10,-7,-10,-8,-10,-9,-10,-9,-10,-10,-9,-11,-9,-11,-8,-12,-8,-12,-8,-13,-7,-12,-7,-12,-7,-12,-7,-12,-7,-11,-8,-11,-8,-11,-9,-11,-9,-10,-10,-10,-10,-10,-11,-10,-11,-10,-11,-10,-11,-10,-11,-10]
[0;32mI (532324) TAG: STA connected to 24:ec:4a:03:58:5d, ch=1 (sec=0)[0m
anchor,A1,24:ec:4a:03:58:5d,ch=1
ftm_report,A1,7,7,1.050
csi_data,A1,[0,0,-2,-15,-2,-14,-2,-14,-2,-14,-3,-14,-3,-13,-3,-13,-4,-13,-4,-13,-5,-13,-6,-13,-6,-12,-6,-13,-7,-13,-7,-13,-7,-13,-7,-13,-7,-14,-6,-14,-5,-15,-5,-15,-4,-15,-4,-15,-3,-14,-2,-15,-1,-14,0,0,0,0,0,0,0,0,0,0,0,0,0,0,0,0,0,0,0,0,0,0,-1,-12,0,-12,0,-12,1,-13,1,-13,3,-13,3,-13,4,-13,4,-13,4,-12,4,-12,3,-12,3,-12,3,-12,3,-12,3,-12,2,-12,1,-12,1,-13,0,-13,0,-13,0,-13,0,-14,-1,-14,-2,-14,-1,-15]
[0;32mI (533234) TAG: STA connected to 24:ec:4a:04:39:15, ch=6 (sec=0)[0m
csi_data,A2,[0,0,-15,2,-15,1,-15,1,-14,2,-14,2,-13,2,-13,3,-13,3,-12,3,-12,4,-12,4,-12,4,-12,5,-12,5,-12,5,-12,5,-12,5,-12,5,-12,5,-12,4,-13,4,-12,3,-12,3,-12,2,-12,2,-11,1,0,0,0,0,0,0,0,0,0,0,0,0,0,0,0,0,0,0,0,0,0,0,-12,1,-12,1,-13,0,-13,-1,-13,-1,-14,-2,-14,-2,-14,-2,-13,-3,-14,-3,-13,-3,-13,-3,-13,-3,-13,-3,-13,-3,-13,-2,-13,-1,-13,-1,-14,-1,-14,0,-14,0,-14,1,-14,1,-15,1,-15,1,-15,2]
[0;32mI (534244) esp_netif_handlers: sta ip: 192.168.4.2, mask: 255.255.255.0, gw: 192.168.4.1[0m
[0;33mW (534974) TAG: FTM to A2 failed (ESP_FAIL), streak=1[0m
[0;32mI (535574) TAG: STA connected to 24:ec:4a:03:56:41, ch=11 (sec=0)[0m
anchor,A3,24:ec:4a:03:56:41,ch=11
ftm_report,A3,16,16,2.400
csi_data,A3,[0,0,-2,14,-1,13,-1,13,-1,13,0,13,0,12,0,12,1,12,1,12,2,12,2,12,2,11,3,11,3,11,3,11,3,12,3,12,3,12,3,12,2,12,2,12,1,11,1,11,0,11,-1,11,-1,10,0,0,0,0,0,0,0,0,0,0,0,0,0,0,0,0,0,0,0,0,0,0,-1,12,-2,12,-2,12,-3,12,-4,13,-5,13,-5,13,-6,13,-6,13,-6,12,-7,12,-7,12,-6,12,-6,11,-5,12,-5,11,-5,12,-4,12,-4,12,-3,13,-3,13,-2,13,-2,13,-2,14,-2,14,-2,14]
[0;32mI (536434) TAG: STA connected to 24:ec:4a:03:58:5d, ch=1 (sec=0)[0m
anchor,A1,24:ec:4a:03:58:5d,ch=1
ftm_report,A1,11,11,1.650
csi_data,A1,[0,0,-14,-2,-14,-2,-14,-2,-14,-1,-14,-2,-14,-1,-14,-1,-13,0,-13,0,-13,1,-13,2,-13,2,-13,2,-14,3,-14,3,-14,3,-15,3,-15,3,-15,2,-15,1,-15,1,-15,0,-15,-1,-15,-1,-14,-2,-14,-3,0,0,0,0,0,0,0,0,0,0,0,0,0,0,0,0,0,0,0,0,0,0,-11,-2,-12,-3,-12,-4,-12,-4,-12,-5,-12,-5,-12,-6,-12,-6,-11,-7,-11,-7,-11,-6,-11,-6,-11,-6,-11,-6,-11,-6,-11,-5,-11,-5,-11,-4,-12,-4,-12,-4,-13,-4,-13,-4,-13,-3,-14,-2,-14,-2,-14,-2]
[0;32mI (537294) TAG: STA connected to 24:ec:4a:04:39:15, ch=6 (sec=0)[0m
csi_data,A2,[0,0,-3,-15,-3,-15,-3,-14,-3,-14,-3,-14,-4,-13,-4,-13,-4,-13,-5,-12,-5,-12,-5,-12,-5,-12,-6,-11,-6,-12,-7,-12,-7,-12,-6,-12,-7,-12,-6,-13,-6,-12,-5,-13,-5,-12,-3,-12,-3,-12,-2,-12,-2,-12,0,0,0,0,0,0,0,0,0,0,0,0,0,0,0,0,0,0,0,0,0,0,-3,-12,-3,-12,-2,-13,-1,-13,-1,-13,0,-14,0,-14,0,-14,1,-14,2,-13,2,-14,2,-13,2,-13,1,-13,1,-13,0,-13,0,-13,-1,-13,-1,-13,-2,-14,-2,-14,-3,-14,-3,-15,-2,-15,-3,-15,-3,-15]
[0;32mI (538304) esp_netif_handlers: sta ip: 192.168.4.2, mask: 255.255.255.0, gw: 192.168.4.1[0m
anchor,A2,24:ec:4a:04:39:15,ch=6
ftm_report,A2,280,280,42.000
csi_data,A2,[0,0,2,15,2,14,2,14,2,14,2,13,3,12,3,12,3,12,4,12,4,11,5,11,5,11,5,10,6,11,6,11,6,11,6,11,6,12,5,12,5,12,4,12,4,11,3,11,2,11,2,11,1,11,0,0,0,0,0,0,0,0,0,0,0,0,0,0,0,0,0,0,0,0,0,0,2,11,1,12,0,12,0,12,0,12,-1,13,-1,13,-2,13,-2,13,-3,13,-3,13,-3,13,-3,12,-2,12,-2,12,-2,12,-1,13,0,12,0,13,1,13,1,13,2,13,2,14,2,14,2,14,2,15]
[0;32mI (539174) TAG: STA connected to 24:ec:4a:03:56:41, ch=11 (sec=0)[0m
anchor,A3,24:ec:4a:03:56:41,ch=11
ftm_report,A3,18,18,2.700
[0;32mI (540024) TAG: STA connected to 24:ec:4a:03:58:5d, ch=1 (sec=0)[0m
csi_data,A1,[0,0,-6,-13,-7,-13,-7,-12,-7,-12,-7,-12,-8,-11,-8,-11,-8,-10,-8,-10,-9,-10,-9,-10,-9,-9,-10,-10,-11,-9,-11,-10,-11,-10,-11,-10,-11,-11,-11,-11,-11,-11,-10,-12,-10,-12,-9,-12,-8,-13,-7,-13,-6,-13,0,0,0,0,0,0,0,0,0,0,0,0,0,0,0,0,0,0,0,0,0,0,-4,-11,-4,-11,-4,-12,-3,-12,-3,-12,-2,-13,-2,-13,-1,-13,-1,-13,-1,-13,0,-13,0,-13,-1,-12,-1,-12,-2,-12,-2,-12,-2,-12,-3,-12,-4,-12,-4,-12,-5,-12,-5,-12,-5,-12,-5,-13,-6,-13,-6,-13]
anchor,A1,24:ec:4a:03:58:5d,ch=1
ftm_report,A1,5,5,0.750
[0;32mI (540874) TAG: STA connected to 24:ec:4a:04:39:15, ch=6 (sec=0)[0m
csi_data,A2,[0,0,-11,10,-11,9,-11,9,-10,10,-10,9,-10,9,-9,9,-9,9,-8,10,-8,10,-7,10,-7,10,-7,10,-7,10,-7,11,-7,11,-7,11,-7,11,-8,11,-8,10,-8,10,-9,9,-9,9,-9,8,-9,7,-9,7,0,0,0,0,0,0,0,0,0,0,0,0,0,0,0,0,0,0,0,0,0,0,-8,8,-9,8,-10,8,-10,7,-11,7,-11,7,-12,7,-12,6,-12,6,-13,5,-12,5,-12,5,-12,5,-12,5,-11,5,-11,6,-11,6,-11,7,-11,7,-11,8,-11,8,-11,8,-11,9,-11,9,-11,9,-11,10]
[0;32mI (541894) esp_netif_handlers: sta ip: 192.168.4.2, mask: 255.255.255.0, gw: 192.168.4.1[0m
anchor,A2,24:ec:4a:04:39:15,ch=6
ftm_report,A2,240,240,36.000
[0;32mI (542754) TAG: STA connected to 24:ec:4a:03:56:41, ch=11 (sec=0)[0m
anchor,A3,24:ec:4a:03:56:41,ch=11
ftm_report,A3,16,16,2.400
csi_data,A3,[0,0,-8,-13,-8,-12,-9,-13,-8,-12,-9,-12,-9,-11,-9,-11,-9,-10,-9,-9,-10,-9,-10,-9,-10,-8,-11,-8,-11,-8,-11,-8,-11,-9,-11,-8,-11,-9,-11,-9,-10,-9,-10,-9,-9,-10,-9,-10,-8,-10,-7,-10,-6,-10,0,0,0,0,0,0,0,0,0,0,0,0,0,0,0,0,0,0,0,0,0,0,-8,-10,-7,-11,-7,-11,-7,-13,-6,-13,-6,-14,-5,-14,-5,-14,-4,-14,-4,-14,-4,-14,-4,-14,-4,-14,-4,-13,-4,-13,-4,-13,-5,-13,-5,-12,-6,-13,-6,-13,-7,-13,-7,-13,-8,-12,-8,-13,-9,-13,-9,-13]
[0;32mI (543614) TAG: STA connected to 24:ec:4a:03:58:5d, ch=1 (sec=0)[0m
anchor,A1,24:ec:4a:03:58:5d,ch=1
ftm_report,A1,5,5,0.750
csi_data,A1,[0,0,-11,-9,-12,-9,-12,-9,-11,-9,-11,-8,-12,-8,-12,-8,-12,-7,-12,-7,-12,-6,-13,-6,-13,-5,-13,-5,-14,-5,-14,-5,-14,-5,-15,-5,-15,-6,-15,-6,-14,-7,-14,-7,-14,-8,-13,-8,-13,-9,-12,-9,-11,-10,0,0,0,0,0,0,0,0,0,0,0,0,0,0,0,0,0,0,0,0,0,0,-8,-8,-8,-9,-8,-10,-8,-10,-7,-11,-7,-11,-6,-11,-6,-12,-6,-12,-6,-12,-6,-12,-6,-11,-6,-11,-6,-11,-6,-11,-7,-10,-7,-10,-7,-10,-8,-10,-8,-10,-9,-10,-9,-10,-10,-10,-10,-10,-11,-10,-11,-10]
[0;32mI (544474) TAG: STA connected to 24:ec:4a:04:39:15, ch=6 (sec=0)[0m
csi_data,A2,[0,0,-5,14,-5,13,-5,13,-5,13,-5,12,-4,12,-4,12,-3,12,-3,12,-2,12,-2,12,-2,12,-1,12,-1,12,-1,12,-1,12,-1,12,-1,13,-2,13,-2,12,-3,12,-4,11,-4,11,-4,11,-4,10,-5,10,0,0,0,0,0,0,0,0,0,0,0,0,0,0,0,0,0,0,0,0,0,0,-3,11,-4,11,-5,11,-6,10,-6,11,-7,11,-7,11,-8,11,-8,11,-8,10,-8,10,-8,10,-8,10,-8,9,-7,10,-7,10,-7,10,-6,11,-6,11,-6,11,-6,11,-6,12,-5,13,-5,13,-5,13,-5,13]
[0;32mI (545494) esp_netif_handlers: sta ip: 192.168.4.2, mask: 255.255.255.0, gw: 192.168.4.1[0m
[0;33mW (546214) TAG: FTM to A2 failed (ESP_FAIL), streak=1[0m
[0;32mI (546814) TAG: STA connected to 24:ec:4a:03:56:41, ch=11 (sec=0)[0m
anchor,A3,24:ec:4a:03:56:41,ch=11
ftm_report,A3,20,20,3.000
csi_data,A3,[0,0,-14,-4,-14,-4,-14,-4,-13,-4,-13,-3,-13,-3,-13,-3,-13,-2,-12,-1,-13,-1,-12,0,-12,0,-13,0,-13,0,-13,1,-13,0,-13,0,-13,0,-13,0,-13,0,-13,-1,-13,-2,-12,-2,-12,-3,-11,-3,-11,-4,0,0,0,0,0,0,0,0,0,0,0,0,0,0,0,0,0,0,0,0,0,0,-12,-3,-12,-3,-12,-4,-12,-5,-13,-6,-12,-6,-12,-7,-12,-7,-12,-8,-12,-8,-11,-8,-11,-8,-11,-8,-11,-8,-11,-7,-11,-7,-11,-7,-12,-6,-12,-6,-12,-6,-13,-5,-13,-5,-14,-5,-14,-5,-14,-5,-14,-4]
[0;32mI (547674) TAG: STA connected to 24:ec:4a:03:58:5d, ch=1 (sec=0)[0m
anchor,A1,24:ec:4a:03:58:5d,ch=1
ftm_report,A1,5,5,0.750
csi_data,A1,[0,0,-14,-4,-14,-4,-14,-4,-13,-4,-14,-4,-14,-3,-14,-3,-13,-2,-13,-2,-13,-1,-13,-1,-13,0,-14,0,-14,0,-14,0,-15,0,-15,0,-15,0,-15,0,-15,-1,-15,-2,-15,-2,-15,-3,-14,-4,-14,-4,-13,-5,0,0,0,0,0,0,0,0,0,0,0,0,0,0,0,0,0,0,0,0,0,0,-11,-4,-11,-5,-11,-6,-11,-6,-11,-7,-11,-7,-11,-8,-10,-8,-10,-8,-10,-9,-10,-9,-10,-8,-10,-8,-10,-8,-10,-8,-10,-7,-10,-7,-10,-6,-11,-7,-12,-6,-12,-5,-12,-6,-12,-5,-13,-5,-13,-5,-14,-5]
[0;32mI (548524) TAG: STA connected to 24:ec:4a:04:39:15, ch=6 (sec=0)[0m
anchor,A2,24:ec:4a:04:39:15,ch=6
ftm_report,A2,1,1,0.150
csi_data,A2,[0,0,-7,13,-7,12,-7,12,-6,13,-6,12,-6,12,-5,11,-5,11,-4,11,-3,12,-3,12,-3,11,-2,11,-2,11,-2,12,-2,12,-3,12,-2,12,-3,12,-3,12,-4,12,-4,11,-5,11,-5,10,-5,10,-6,9,0,0,0,0,0,0,0,0,0,0,0,0,0,0,0,0,0,0,0,0,0,0,-5,11,-5,10,-6,11,-7,10,-8,10,-8,11,-9,10,-9,10,-9,10,-10,9,-9,10,-9,9,-9,9,-8,9,-8,9,-8,10,-8,10,-8,10,-7,10,-7,11,-7,11,-7,11,-7,13,-7,13,-7,13,-6,13]
[0;32mI (549434) TAG: STA connected to 24:ec:4a:03:56:41, ch=11 (sec=0)[0m
anchor,A3,24:ec:4a:03:56:41,ch=11
ftm_report,A3,15,15,2.250
csi_data,A3,[0,0,12,-9,11,-9,11,-8,11,-9,10,-9,10,-9,9,-9,9,-9,8,-9,8,-10,8,-10,7,-10,7,-10,7,-10,7,-11,7,-11,7,-10,8,-11,7,-10,8,-10,8,-9,8,-8,8,-8,8,-7,8,-7,8,-6,0,0,0,0,0,0,0,0,0,0,0,0,0,0,0,0,0,0,0,0,0,0,8,-9,9,-8,9,-8,10,-7,10,-7,11,-7,12,-6,12,-6,12,-6,12,-5,13,-5,12,-5,12,-5,12,-5,12,-5,11,-5,12,-6,11,-6,11,-6,11,-7,11,-7,11,-8,11,-8,12,-8,11,-9,12,-9]
[0;32mI (550294) TAG: STA connected to 24:ec:4a:03:58:5d, ch=1 (sec=0)[0m
anchor,A1,24:ec:4a:03:58:5d,ch=1
ftm_report,A1,10,10,1.500
csi_data,A1,[0,0,6,-13,5,-14,5,-13,5,-14,5,-13,4,-13,4,-13,3,-13,3,-13,2,-13,2,-13,1,-13,1,-13,1,-13,1,-14,0,-14,1,-14,1,-14,1,-14,2,-14,2,-14,3,-13,3,-13,3,-12,4,-12,5,-11,0,0,0,0,0,0,0,0,0,0,0,0,0,0,0,0,0,0,0,0,0,0,4,-11,5,-11,6,-11,6,-11,7,-11,8,-10,8,-10,9,-10,9,-10,9,-10,9,-10,9,-9,9,-9,8,-9,8,-9,8,-10,7,-10,7,-11,7,-11,6,-11,6,-11,6,-12,7,-13,6,-13,6,-13,6,-14]
[0;32mI (551184) TAG: STA connected to 24:ec:4a:04:39:15, ch=6 (sec=0)[0m
anchor,A2,24:ec:4a:04:39:15,ch=6
ftm_report,A2,2,2,0.300
[0;32mI (552034) TAG: STA connected to 24:ec:4a:03:56:41, ch=11 (sec=0)[0m
csi_data,A3,[0,0,-14,8,-13,6,-13,7,-12,7,-12,7,-11,7,-11,7,-10,7,-10,8,-9,8,-9,8,-8,8,-8,8,-8,9,-8,9,-8,9,-8,8,-9,9,-9,9,-9,8,-9,8,-9,7,-9,6,-9,6,-9,5,-9,5,0,0,0,0,0,0,0,0,0,0,0,0,0,0,0,0,0,0,0,0,0,0,-10,7,-12,6,-11,5,-13,5,-12,4,-14,4,-14,4,-14,3,-14,3,-14,3,-15,3,-14,2,-14,2,-13,2,-14,3,-13,3,-14,4,-13,4,-13,5,-13,5,-13,6,-13,6,-13,7,-13,7,-13,7,-13,7]
anchor,A3,24:ec:4a:03:56:41,ch=11
ftm_report,A3,32,32,4.800
[0;32mI (552914) TAG: STA connected to 24:ec:4a:03:58:5d, ch=1 (sec=0)[0m
csi_data,A1,[0,0,10,8,11,8,11,8,11,8,11,8,11,8,11,7,11,7,11,6,12,6,12,6,12,5,13,5,13,5,13,5,14,5,14,5,14,6,14,7,13,7,13,8,12,8,12,9,11,9,10,10,9,10,0,0,0,0,0,0,0,0,0,0,0,0,0,0,0,0,0,0,0,0,0,0,6,6,6,7,6,7,6,8,5,8,5,9,5,9,4,9,4,9,4,9,4,9,4,9,5,9,5,9,5,9,6,8,6,8,6,8,7,8,8,8,8,8,9,8,9,8,10,8,10,9,10,9]
anchor,A1,24:ec:4a:03:58:5d,ch=1
ftm_report,A1,8,8,1.200
[0;32mI (553764) TAG: STA connected to 24:ec:4a:04:39:15, ch=6 (sec=0)[0m
anchor,A2,24:ec:4a:04:39:15,ch=6
ftm_report,A2,2,2,0.300
csi_data,A2,[0,0,-15,1,-15,0,-15,0,-15,0,-15,1,-14,1,-14,1,-13,2,-13,2,-13,3,-13,3,-13,3,-13,3,-12,4,-12,4,-12,4,-13,4,-13,3,-13,3,-13,3,-13,2,-13,2,-12,1,-12,0,-11,0,-11,-1,0,0,0,0,0,0,0,0,0,0,0,0,0,0,0,0,0,0,0,0,0,0,-12,1,-12,0,-13,-1,-13,-1,-13,-2,-14,-2,-14,-3,-14,-3,-13,-3,-14,-4,-13,-4,-13,-4,-13,-4,-13,-3,-13,-3,-13,-3,-13,-2,-13,-2,-14,-1,-14,-1,-14,-1,-14,0,-15,0,-15,0,-15,0,-15,0]
[0;32mI (554624) TAG: STA connected to 24:ec:4a:03:56:41, ch=11 (sec=0)[0m
anchor,A3,24:ec:4a:03:56:41,ch=11
ftm_report,A3,31,31,4.650
csi_data,A3,[0,0,-15,-7,-14,-6,-14,-6,-13,-6,-13,-5,-13,-5,-13,-4,-13,-4,-12,-4,-12,-3,-13,-2,-13,-2,-13,-1,-13,-2,-13,-1,-13,-2,-13,-2,-13,-2,-13,-3,-13,-3,-13,-3,-12,-4,-12,-4,-11,-4,-11,-5,-10,-5,0,0,0,0,0,0,0,0,0,0,0,0,0,0,0,0,0,0,0,0,0,0,-11,-4,-11,-5,-12,-6,-12,-7,-12,-7,-11,-8,-11,-9,-11,-9,-11,-9,-11,-9,-10,-9,-11,-9,-11,-9,-10,-9,-11,-9,-11,-8,-11,-8,-11,-8,-12,-8,-12,-7,-13,-7,-13,-7,-13,-6,-14,-6,-14,-6,-14,-6]
[0;32mI (555494) TAG: STA connected to 24:ec:4a:03:58:5d, ch=1 (sec=0)[0m
anchor,A1,24:ec:4a:03:58:5d,ch=1
ftm_report,A1,6,6,0.900
csi_data,A1,[0,0,11,-9,11,-9,11,-9,11,-10,10,-9,10,-9,10,-10,9,-10,9,-10,8,-11,9,-11,8,-11,8,-12,8,-12,8,-12,8,-13,9,-12,9,-13,10,-13,10,-12,11,-12,11,-10,11,-10,11,-9,11,-8,12,-7,0,0,0,0,0,0,0,0,0,0,0,0,0,0,0,0,0,0,0,0,0,0,7,-6,8,-6,8,-5,9,-5,9,-5,10,-5,10,-4,10,-4,11,-4,10,-3,11,-4,11,-4,11,-4,10,-4,10,-4,10,-5,10,-5,10,-6,10,-6,10,-6,10,-7,11,-8,11,-8,11,-8,11,-8,11,-9]
[0;32mI (556354) TAG: STA connected to 24:ec:4a:04:39:15, ch=6 (sec=0)[0m
anchor,A2,24:ec:4a:04:39:15,ch=6
ftm_report,A2,5,5,0.750
csi_data,A2,[0,0,-3,-15,-3,-14,-3,-14,-3,-14,-3,-14,-4,-13,-4,-13,-4,-12,-5,-12,-5,-12,-6,-12,-6,-11,-6,-11,-7,-11,-7,-11,-7,-11,-7,-11,-7,-12,-7,-12,-6,-12,-6,-12,-5,-12,-4,-12,-4,-12,-3,-12,-3,-12,0,0,0,0,0,0,0,0,0,0,0,0,0,0,0,0,0,0,0,0,0,0,-4,-13,-3,-13,-2,-14,-1,-14,-1,-14,0,-14,1,-15,1,-15,2,-14,2,-14,2,-14,2,-14,2,-13,2,-13,1,-13,1,-13,0,-13,0,-13,-1,-13,-1,-14,-2,-14,-2,-14,-2,-14,-3,-14,-3,-14,-3,-15]
[0;32mI (557224) TAG: STA connected to 24:ec:4a:03:56:41, ch=11 (sec=0)[0m
anchor,A3,24:ec:4a:03:56:41,ch=11
ftm_report,A3,25,25,3.750
csi_data,A3,[0,0,15,3,13,2,14,2,13,2,13,1,13,1,12,1,12,0,12,0,12,-1,11,-2,11,-2,11,-2,12,-2,11,-2,12,-2,12,-2,12,-2,12,-1,11,-1,11,0,11,0,11,0,10,1,10,1,9,2,0,0,0,0,0,0,0,0,0,0,0,0,0,0,0,0,0,0,0,0,0,0,11,-1,12,0,12,1,13,2,13,2,13,3,13,4,12,5,13,5,12,5,12,5,12,5,12,5,12,5,12,5,12,4,12,4,12,4,13,3,13,3,13,3,14,3,14,2,14,2,14,1,14,1]
[0;32mI (558254) esp_netif_handlers: sta ip: 192.168.4.2, mask: 255.255.255.0, gw: 192.168.4.1[0m
[0;32mI (558574) TAG: STA connected to 24:ec:4a:03:58:5d, ch=1 (sec=0)[0m
anchor,A1,24:ec:4a:03:58:5d,ch=1
ftm_report,A1,5,5,0.750
csi_data,A1,[0,0,-9,11,-9,11,-9,11,-8,11,-9,11,-8,11,-8,12,-7,11,-7,12,-6,12,-6,13,-6,13,-6,13,-6,14,-5,13,-6,14,-6,14,-6,15,-7,14,-8,14,-8,14,-9,13,-9,12,-9,12,-10,11,-10,10,0,0,0,0,0,0,0,0,0,0,0,0,0,0,0,0,0,0,0,0,0,0,-8,6,-9,6,-9,5,-10,5,-10,5,-11,5,-11,5,-11,4,-11,4,-10,4,-11,4,-11,5,-10,4,-10,5,-10,5,-10,6,-10,6,-9,6,-9,7,-9,7,-9,8,-9,8,-9,9,-9,10,-9,10,-9,11]
[0;32mI (559424) TAG: STA connected to 24:ec:4a:04:39:15, ch=6 (sec=0)[0m
anchor,A2,24:ec:4a:04:39:15,ch=6
ftm_report,A2,3,3,0.450
csi_data,A2,[0,0,-13,7,-12,6,-13,6,-12,6,-12,7,-11,7,-10,7,-10,7,-9,7,-9,7,-9,8,-8,8,-8,9,-8,9,-7,9,-8,10,-8,9,-8,10,-8,9,-9,9,-9,9,-9,8,-9,8,-10,7,-9,7,-10,6,0,0,0,0,0,0,0,0,0,0,0,0,0,0,0,0,0,0,0,0,0,0,-11,6,-12,6,-12,5,-13,5,-13,4,-14,4,-14,3,-14,2,-14,2,-14,2,-14,2,-14,2,-14,2,-13,2,-13,2,-12,3,-13,3,-12,4,-13,4,-13,4,-13,5,-13,5,-13,6,-13,6,-13,6,-13,7]
[0;32mI (560294) TAG: STA connected to 24:ec:4a:03:56:41, ch=11 (sec=0)[0m
anchor,A3,24:ec:4a:03:56:41,ch=11
ftm_report,A3,17,17,2.550
csi_data,A3,[0,0,-12,10,-12,8,-12,8,-11,8,-11,8,-10,8,-10,8,-9,9,-9,9,-8,9,-8,9,-7,9,-7,9,-7,9,-7,10,-7,10,-7,9,-8,10,-8,10,-8,9,-8,9,-8,8,-8,7,-8,6,-8,6,-9,6,0,0,0,0,0,0,0,0,0,0,0,0,0,0,0,0,0,0,0,0,0,0,-9,9,-10,9,-10,8,-12,8,-12,7,-13,7,-13,7,-14,6,-14,6,-14,5,-14,5,-14,5,-13,5,-13,5,-13,5,-13,6,-13,6,-12,6,-13,7,-12,7,-12,8,-12,8,-12,9,-12,9,-12,9,-12,9]
[0;32mI (561224) TAG: STA connected to 24:ec:4a:03:58:5d, ch=1 (sec=0)[0m
anchor,A1,24:ec:4a:03:58:5d,ch=1
ftm_report,A1,4,4,0.600
[0;32mI (562094) TAG: STA connected to 24:ec:4a:04:39:15, ch=6 (sec=0)[0m
csi_data,A2,[0,0,-11,-11,-10,-11,-10,-10,-10,-10,-10,-9,-10,-9,-10,-8,-10,-8,-10,-7,-11,-7,-11,-6,-11,-6,-11,-5,-12,-5,-12,-5,-12,-5,-12,-5,-12,-5,-12,-5,-12,-6,-12,-6,-11,-6,-11,-6,-11,-7,-10,-7,-9,-8,0,0,0,0,0,0,0,0,0,0,0,0,0,0,0,0,0,0,0,0,0,0,-10,-9,-10,-10,-9,-11,-9,-12,-8,-12,-8,-13,-7,-13,-7,-14,-6,-14,-6,-14,-6,-13,-6,-13,-6,-13,-6,-12,-6,-12,-6,-12,-7,-12,-8,-11,-8,-11,-8,-11,-9,-11,-9,-11,-10,-11,-10,-11,-10,-11,-10,-11]
anchor,A2,24:ec:4a:04:39:15,ch=6
ftm_report,A2,5,5,0.750
[0;32mI (562964) TAG: STA connected to 24:ec:4a:03:56:41, ch=11 (sec=0)[0m
csi_data,A3,[0,0,-8,-14,-7,-13,-7,-13,-7,-13,-7,-12,-7,-12,-7,-11,-8,-10,-8,-10,-8,-10,-8,-10,-8,-9,-9,-9,-9,-9,-9,-9,-9,-9,-9,-9,-9,-9,-9,-9,-8,-9,-8,-10,-7,-9,-6,-9,-6,-9,-5,-9,-4,-9,0,0,0,0,0,0,0,0,0,0,0,0,0,0,0,0,0,0,0,0,0,0,-8,-10,-8,-11,-7,-11,-7,-12,-6,-13,-6,-14,-5,-14,-4,-14,-4,-14,-4,-14,-3,-15,-3,-14,-3,-14,-3,-14,-4,-13,-4,-13,-4,-13,-5,-13,-5,-13,-6,-13,-6,-13,-7,-13,-7,-14,-7,-14,-8,-13,-7,-13]
anchor,A3,24:ec:4a:03:56:41,ch=11
ftm_report,A3,27,27,4.050
[0;32mI (563834) TAG: STA connected to 24:ec:4a:03:58:5d, ch=1 (sec=0)[0m
anchor,A1,24:ec:4a:03:58:5d,ch=1
ftm_report,A1,3,3,0.450
csi_data,A1,[0,0,14,-2,14,-2,14,-3,14,-3,13,-3,13,-3,13,-3,13,-4,12,-4,12,-5,12,-6,12,-6,12,-6,13,-7,13,-7,13,-7,13,-7,14,-7,14,-6,14,-6,15,-5,15,-4,15,-4,15,-3,14,-2,14,-1,0,0,0,0,0,0,0,0,0,0,0,0,0,0,0,0,0,0,0,0,0,0,9,-1,10,0,10,1,10,1,10,2,11,2,10,2,10,3,11,3,10,3,10,2,10,2,11,2,10,2,10,2,10,1,11,1,11,0,11,0,12,0,12,0,12,-1,12,-1,13,-2,14,-2,14,-2]
[0;32mI (564694) TAG: STA connected to 24:ec:4a:04:39:15, ch=6 (sec=0)[0m
anchor,A2,24:ec:4a:04:39:15,ch=6
ftm_report,A2,3,3,0.450
csi_data,A2,[0,0,12,7,12,6,12,6,12,6,12,5,12,5,11,4,11,3,11,3,11,3,11,2,11,2,11,1,11,1,12,1,12,0,12,1,12,1,12,1,12,1,12,2,12,2,11,3,11,3,10,4,10,4,0,0,0,0,0,0,0,0,0,0,0,0,0,0,0,0,0,0,0,0,0,0,11,5,11,6,11,7,11,7,11,8,10,9,10,9,10,10,9,10,9,10,8,10,8,10,8,10,8,9,8,9,9,9,9,8,9,8,10,8,10,7,11,7,11,7,11,7,12,7,12,7,12,7]
[0;32mI (565574) TAG: STA connected to 24:ec:4a:03:56:41, ch=11 (sec=0)[0m
csi_data,A3,[0,0,-14,-6,-14,-7,-13,-6,-13,-5,-13,-5,-13,-5,-12,-4,-12,-4,-12,-3,-12,-2,-12,-2,-12,-2,-12,-1,-12,-1,-12,-1,-12,-1,-13,-2,-12,-1,-12,-2,-12,-2,-12,-3,-11,-3,-11,-3,-10,-4,-10,-4,-9,-4,0,0,0,0,0,0,0,0,0,0,0,0,0,0,0,0,0,0,0,0,0,0,-13,-4,-12,-4,-13,-5,-13,-6,-13,-7,-13,-7,-12,-8,-12,-9,-12,-9,-12,-10,-12,-9,-11,-9,-11,-9,-11,-9,-11,-9,-12,-9,-12,-8,-12,-7,-12,-7,-13,-7,-13,-7,-13,-7,-14,-6,-14,-6,-14,-6,-13,-6]
[0;32mI (566604) esp_netif_handlers: sta ip: 192.168.4.2, mask: 255.255.255.0, gw: 192.168.4.1[0m
[1;31mE (566744) wifi:No FTM Measurements received from responder![0m
[0;33mW (566844) TAG: FTM to A3 failed (ESP_FAIL), streak=1[0m
[0;32mI (567454) TAG: STA connected to 24:ec:4a:03:58:5d, ch=1 (sec=0)[0m
anchor,A1,24:ec:4a:03:58:5d,ch=1
ftm_report,A1,2,2,0.300
csi_data,A1,[0,0,11,-10,10,-10,10,-10,10,-10,10,-10,10,-10,9,-10,9,-11,8,-11,8,-11,8,-12,7,-12,7,-12,7,-13,7,-13,7,-14,7,-13,8,-14,9,-14,9,-13,10,-13,10,-12,10,-11,11,-11,11,-10,12,-9,0,0,0,0,0,0,0,0,0,0,0,0,0,0,0,0,0,0,0,0,0,0,8,-6,8,-6,9,-5,9,-5,9,-5,10,-5,10,-4,11,-4,11,-4,11,-3,11,-4,11,-4,10,-4,10,-4,10,-4,10,-5,10,-6,9,-6,10,-6,10,-7,10,-7,10,-8,10,-8,10,-9,10,-9,11,-10]
[0;32mI (568314) TAG: STA connected to 24:ec:4a:04:39:15, ch=6 (sec=0)[0m
anchor,A2,24:ec:4a:04:39:15,ch=6
ftm_report,A2,5,5,0.750
csi_data,A2,[0,0,-3,-15,-3,-14,-3,-14,-4,-14,-4,-13,-4,-13,-4,-12,-4,-12,-5,-12,-6,-11,-6,-11,-7,-10,-7,-10,-7,-10,-7,-11,-8,-11,-7,-11,-8,-11,-7,-12,-6,-12,-6,-12,-5,-12,-5,-11,-5,-12,-4,-11,-3,-12,0,0,0,0,0,0,0,0,0,0,0,0,0,0,0,0,0,0,0,0,0,0,-4,-12,-3,-13,-3,-13,-2,-13,-1,-14,-1,-14,1,-15,1,-14,1,-14,2,-14,1,-14,1,-14,1,-13,1,-13,1,-13,0,-13,0,-13,-1,-13,-1,-13,-1,-13,-2,-14,-2,-14,-3,-14,-3,-14,-3,-14,-3,-15]
[0;32mI (569184) TAG: STA connected to 24:ec:4a:03:56:41, ch=11 (sec=0)[0m
csi_data,A3,[0,0,-16,-3,-14,-3,-15,-3,-13,-3,-14,-2,-14,-2,-13,-2,-13,-1,-12,-1,-12,0,-12,0,-12,1,-12,1,-12,1,-12,1,-12,1,-12,1,-12,1,-12,1,-12,0,-12,0,-12,-1,-11,-1,-11,-2,-10,-2,-10,-2,0,0,0,0,0,0,0,0,0,0,0,0,0,0,0,0,0,0,0,0,0,0,-13,-1,-13,-2,-13,-3,-14,-3,-13,-4,-14,-5,-14,-5,-14,-6,-13,-7,-13,-6,-13,-7,-13,-7,-13,-7,-13,-6,-13,-6,-12,-6,-13,-5,-13,-5,-14,-5,-14,-4,-14,-4,-14,-4,-15,-3,-15,-3,-15,-3,-15,-2]
[0;32mI (570204) esp_netif_handlers: sta ip: 192.168.4.2, mask: 255.255.255.0, gw: 192.168.4.1[0m
[1;31mE (570354) wifi:No valid FTM Measurements found out of 2 received measurements![0m
[0;33mW (570454) TAG: FTM to A3 failed (ESP_FAIL), streak=1[0m
[0;32mI (571064) TAG: STA connected to 24:ec:4a:03:58:5d, ch=1 (sec=0)[0m
csi_data,A1,[0,0,-7,-13,-8,-13,-8,-13,-8,-13,-8,-12,-8,-12,-9,-12,-9,-11,-9,-11,-10,-11,-10,-10,-11,-10,-11,-10,-11,-10,-12,-10,-12,-10,-12,-11,-12,-11,-11,-12,-11,-12,-11,-13,-10,-13,-9,-13,-9,-13,-8,-13,-7,-14,0,0,0,0,0,0,0,0,0,0,0,0,0,0,0,0,0,0,0,0,0,0,-4,-10,-3,-10,-3,-11,-3,-11,-3,-11,-2,-11,-1,-12,-1,-12,-1,-12,-1,-12,-1,-12,-1,-12,-2,-12,-2,-12,-2,-11,-3,-12,-3,-11,-3,-12,-4,-12,-5,-12,-5,-12,-6,-12,-6,-12,-7,-13,-7,-13,-7,-13]
anchor,A1,24:ec:4a:03:58:5d,ch=1
ftm_report,A1,3,3,0.450
[0;32mI (571924) TAG: STA connected to 24:ec:4a:04:39:15, ch=6 (sec=0)[0m
csi_data,A2,[0,0,-2,14,-2,13,-1,13,-1,13,-1,13,0,12,0,12,1,12,1,11,2,12,2,11,2,11,3,11,3,11,4,11,4,11,4,12,4,12,4,12,3,12,3,12,2,12,1,12,1,11,0,11,0,11,0,0,0,0,0,0,0,0,0,0,0,0,0,0,0,0,0,0,0,0,0,0,-1,12,-2,12,-3,12,-4,12,-4,12,-5,13,-6,13,-6,13,-6,12,-7,12,-7,12,-7,11,-7,11,-6,11,-6,11,-5,11,-5,11,-4,12,-4,12,-3,12,-3,13,-2,13,-2,14,-3,13,-2,14,-2,14]
anchor,A2,24:ec:4a:04:39:15,ch=6
ftm_report,A2,5,5,0.750
[0;32mI (572784) TAG: STA connected to 24:ec:4a:03:56:41, ch=11 (sec=0)[0m
csi_data,A3,[0,0,12,8,11,7,11,7,12,7,11,6,11,6,11,5,11,4,10,4,11,3,11,3,11,2,11,2,11,2,12,2,11,2,12,2,11,2,11,2,11,3,10,3,10,3,9,4,9,4,8,4,8,4,0,0,0,0,0,0,0,0,0,0,0,0,0,0,0,0,0,0,0,0,0,0,11,5,10,6,11,7,10,7,11,8,10,9,10,10,9,10,9,10,10,11,9,11,9,10,9,10,9,10,9,9,9,9,9,9,10,9,10,8,11,8,11,8,11,8,12,8,12,7,12,7,12,7]
anchor,A3,24:ec:4a:03:56:41,ch=11
ftm_report,A3,18,18,2.700
[0;32mI (573804) esp_netif_handlers: sta ip: 192.168.4.2, mask: 255.255.255.0, gw: 192.168.4.1[0m
[0;32mI (574174) TAG: STA connected to 24:ec:4a:03:58:5d, ch=1 (sec=0)[0m
anchor,A1,24:ec:4a:03:58:5d,ch=1
ftm_report,A1,4,4,0.600
[0;32mI (575074) TAG: STA connected to 24:ec:4a:04:39:15, ch=6 (sec=0)[0m
csi_data,A2,[0,0,14,-1,14,-1,13,-1,13,-1,13,-2,12,-2,12,-2,12,-3,11,-3,11,-4,11,-4,11,-5,11,-5,11,-5,11,-5,11,-6,11,-5,12,-5,12,-5,12,-5,12,-4,12,-4,12,-3,12,-2,11,-2,11,-1,0,0,0,0,0,0,0,0,0,0,0,0,0,0,0,0,0,0,0,0,0,0,12,-2,12,-2,13,0,13,0,13,1,13,1,13,2,13,3,13,3,12,4,12,4,12,4,12,3,12,3,12,3,12,2,12,2,12,1,12,1,13,0,13,0,13,0,13,0,14,-1,14,-1,14,-1]
anchor,A2,24:ec:4a:04:39:15,ch=6
ftm_report,A2,7,7,1.050
[0;32mI (575944) TAG: STA connected to 24:ec:4a:03:56:41, ch=11 (sec=0)[0m
[1;31mE (576114) wifi:No FTM Measurements received from responder![0m
csi_data,A3,[0,0,-14,-6,-14,-7,-13,-7,-13,-6,-13,-6,-13,-5,-13,-5,-13,-4,-12,-3,-12,-3,-12,-3,-12,-2,-12,-2,-12,-1,-12,-1,-12,-1,-13,-1,-12,-1,-12,-2,-12,-2,-12,-3,-11,-3,-11,-3,-10,-4,-10,-4,-9,-4,0,0,0,0,0,0,0,0,0,0,0,0,0,0,0,0,0,0,0,0,0,0,-12,-5,-12,-5,-12,-7,-12,-7,-12,-8,-12,-9,-12,-9,-12,-10,-11,-10,-12,-10,-11,-10,-11,-10,-11,-10,-11,-10,-11,-9,-11,-9,-11,-9,-12,-9,-12,-8,-13,-8,-13,-8,-13,-7,-14,-7,-14,-7,-14,-7,-13,-6]
[0;33mW (576214) TAG: FTM to A3 failed (ESP_FAIL), streak=1[0m
[0;32mI (576814) TAG: STA connected to 24:ec:4a:03:58:5d, ch=1 (sec=0)[0m
anchor,A1,24:ec:4a:03:58:5d,ch=1
ftm_report,A1,4,4,0.600
csi_data,A1,[0,0,13,-7,12,-7,13,-7,12,-7,12,-7,12,-7,12,-8,11,-8,11,-8,10,-9,10,-10,10,-10,10,-10,10,-11,10,-11,10,-11,11,-11,11,-11,11,-11,12,-10,12,-10,13,-9,13,-8,13,-7,13,-7,13,-6,0,0,0,0,0,0,0,0,0,0,0,0,0,0,0,0,0,0,0,0,0,0,9,-3,9,-3,10,-2,10,-2,10,-2,11,-2,11,-1,11,-1,11,-1,11,0,11,-1,11,-1,11,-1,11,-1,11,-1,10,-2,11,-3,10,-3,11,-3,11,-4,11,-4,12,-5,11,-5,12,-6,13,-6,13,-6]
[0;32mI (577674) TAG: STA connected to 24:ec:4a:04:39:15, ch=6 (sec=0)[0m
anchor,A2,24:ec:4a:04:39:15,ch=6
ftm_report,A2,4,4,0.600
csi_data,A2,[0,0,13,6,12,6,12,6,12,5,12,5,12,5,12,4,12,4,11,3,12,3,12,2,12,1,12,1,12,1,12,1,12,1,13,1,13,1,13,2,13,2,13,3,12,3,12,4,12,4,11,4,10,5,0,0,0,0,0,0,0,0,0,0,0,0,0,0,0,0,0,0,0,0,0,0,11,4,11,5,11,6,11,6,11,7,11,8,11,9,10,9,10,9,10,9,9,9,9,9,9,9,9,8,9,8,9,8,10,8,10,7,10,7,11,7,11,7,12,6,12,6,13,6,13,6,13,6]
[0;32mI (578554) TAG: STA connected to 24:ec:4a:03:56:41, ch=11 (sec=0)[0m
csi_data,A3,[0,0,13,8,12,7,11,7,11,7,11,6,11,6,11,5,11,4,10,4,11,3,11,3,11,2,11,2,11,2,11,2,11,2,11,2,11,2,11,3,11,3,10,3,10,4,9,4,9,4,8,4,7,5,0,0,0,0,0,0,0,0,0,0,0,0,0,0,0,0,0,0,0,0,0,0,11,4,11,5,11,6,11,7,11,7,10,8,10,9,10,10,10,10,10,10,9,10,9,10,9,9,9,9,9,9,9,9,9,9,10,8,10,8,11,8,11,8,12,7,12,8,12,7,13,7,12,6]
[0;32mI (579564) esp_netif_handlers: sta ip: 192.168.4.2, mask: 255.255.255.0, gw: 192.168.4.1[0m
[0;33mW (580294) TAG: FTM to A3 failed (ESP_FAIL), streak=1[0m
[0;32mI (580894) TAG: STA connected to 24:ec:4a:03:58:5d, ch=1 (sec=0)[0m
csi_data,A1,[0,0,13,3,14,3,14,3,14,3,13,3,13,2,14,2,13,2,13,1,13,0,13,0,13,-1,14,-1,14,-1,14,-2,14,-2,15,-1,15,-1,15,0,15,0,15,1,15,2,15,2,14,3,14,4,13,4,0,0,0,0,0,0,0,0,0,0,0,0,0,0,0,0,0,0,0,0,0,0,9,3,9,4,9,4,9,5,9,5,9,6,9,6,8,6,9,7,9,7,9,7,8,7,9,7,9,6,9,6,9,6,9,5,10,5,10,5,1anchor,A1,24:ec:4a:03:58:5d,ch=1
ftm_report,A1,3,3,0.450
1,5,11,4,12,4,12,4,13,4,13,4,13,4]
[0;32mI (581754) TAG: STA connected to 24:ec:4a:04:39:15, ch=6 (sec=0)[0m
anchor,A2,24:ec:4a:04:39:15,ch=6
ftm_report,A2,7,7,1.050
csi_data,A2,[0,0,-7,12,-7,12,-6,12,-6,12,-6,12,-5,11,-5,12,-4,11,-4,11,-3,11,-3,11,-2,11,-2,11,-2,11,-1,12,-1,12,-2,12,-2,13,-2,13,-2,12,-3,12,-3,12,-4,11,-5,11,-5,10,-6,10,0,0,0,0,0,0,0,0,0,0,0,0,0,0,0,0,0,0,0,0,0,0,-5,11,-5,11,-7,11,-7,11,-8,11,-9,11,-9,10,-10,10,-10,10,-10,9,-10,9,-10,9,-10,8,-9,8,-9,9,-9,9,-8,9,-8,10,-8,10,-7,11,-7,11,-7,11,-7,12,-7,12,-7,12,-7,12]
[0;32mI (582624) TAG: STA connected to 24:ec:4a:03:56:41, ch=11 (sec=0)[0m
csi_data,A3,[0,0,-12,-10,-12,-10,-12,-10,-11,-9,-11,-9,-11,-8,-11,-8,-11,-7,-11,-7,-11,-6,-11,-5,-11,-5,-11,-5,-12,-5,-11,-5,-12,-5,-12,-5,-12,-5,-11,-6,-11,-6,-10,-6,-10,-6,-9,-6,-9,-6,-8,-6,-8,-7,0,0,0,0,0,0,0,0,0,0,0,0,0,0,0,0,0,0,0,0,0,0,-11,-7,-11,-8,-11,-9,-11,-10,-11,-10,-10,-11,-10,-12,-9,-12,-9,-12,-9,-13,-8,-12,-8,-12,-8,-12,-8,-12,-9,-12,-8,-11,-9,-11,-9,-11,-10,-11,-10,-10,-11,-11,-11,-11,-11,-10,-12,-10,-12,-10,-11,-10]
[0;32mI (583644) esp_netif_handlers: sta ip: 192.168.4.2, mask: 255.255.255.0, gw: 192.168.4.1[0m
anchor,A3,24:ec:4a:03:56:41,ch=11
ftm_report,A3,27,27,4.050
[0;32mI (584504) TAG: STA connected to 24:ec:4a:03:58:5d, ch=1 (sec=0)[0m
anchor,A1,24:ec:4a:03:58:5d,ch=1
ftm_report,A1,4,4,0.600
csi_data,A1,[0,0,11,-9,11,-9,11,-9,11,-10,11,-9,10,-9,10,-9,10,-9,9,-10,9,-11,9,-12,8,-11,8,-12,8,-12,8,-13,8,-13,9,-13,9,-13,10,-13,10,-12,11,-12,11,-11,12,-10,12,-10,12,-9,12,-8,0,0,0,0,0,0,0,0,0,0,0,0,0,0,0,0,0,0,0,0,0,0,8,-6,9,-5,9,-5,9,-4,10,-4,10,-4,11,-3,11,-3,11,-3,11,-2,11,-3,11,-3,11,-3,10,-3,10,-3,10,-5,10,-5,10,-5,10,-5,11,-6,10,-6,11,-7,11,-7,11,-8,11,-8,11,-9]
[0;32mI (585374) TAG: STA connected to 24:ec:4a:04:39:15, ch=6 (sec=0)[0m
anchor,A2,24:ec:4a:04:39:15,ch=6
ftm_report,A2,7,7,1.050
csi_data,A2,[0,0,-8,-13,-8,-12,-8,-12,-8,-12,-9,-12,-8,-11,-9,-10,-9,-10,-9,-10,-9,-9,-10,-9,-10,-8,-10,-8,-11,-8,-11,-8,-12,-8,-11,-8,-11,-8,-11,-9,-11,-9,-10,-9,-10,-9,-9,-10,-9,-10,-8,-10,-8,-10,0,0,0,0,0,0,0,0,0,0,0,0,0,0,0,0,0,0,0,0,0,0,-8,-10,-8,-11,-7,-12,-6,-13,-6,-13,-5,-14,-5,-14,-4,-14,-4,-14,-3,-13,-3,-14,-3,-14,-3,-13,-3,-13,-4,-13,-4,-12,-5,-13,-5,-12,-6,-13,-6,-12,-7,-12,-7,-12,-7,-12,-8,-12,-8,-13,-8,-13]
[0;32mI (586244) TAG: STA connected to 24:ec:4a:03:56:41, ch=11 (sec=0)[0m
[1;31mE (586914) wifi:No valid FTM Measurements found out of 3 received measurements![0m
[0;33mW (587014) TAG: FTM to A3 failed (ESP_FAIL), streak=1[0m
csi_data,A3,[0,0,-16,-4,-15,-3,-15,-3,-14,-3,-14,-2,-14,-2,-13,-2,-13,-1,-12,-1,-12,0,-12,0,-12,1,-12,1,-12,1,-12,1,-12,2,-12,1,-12,1,-12,1,-12,0,-12,0,-12,-1,-11,-1,-11,-2,-10,-2,-10,-3,0,0,0,0,0,0,0,0,0,0,0,0,0,0,0,0,0,0,0,0,0,0,-13,-1,-13,-2,-14,-2,-14,-3,-14,-4,-14,-5,-14,-6,-14,-6,-14,-7,-14,-7,-13,-7,-13,-7,-13,-7,-13,-6,-13,-6,-13,-6,-13,-5,-13,-5,-14,-5,-14,-4,-14,-4,-14,-4,-15,-3,-15,-3,-15,-3,-14,-2]
[0;32mI (587264) esp_netif_handlers: sta ip: 192.168.4.2, mask: 255.255.255.0, gw: 192.168.4.1[0m
[0;32mI (587614) TAG: STA connected to 24:ec:4a:03:58:5d, ch=1 (sec=0)[0m
anchor,A1,24:ec:4a:03:58:5d,ch=1
ftm_report,A1,3,3,0.450
csi_data,A1,[0,0,13,3,13,3,14,3,13,3,13,2,13,2,13,2,13,1,13,1,13,0,13,-1,13,-1,13,-1,14,-1,14,-2,14,-2,14,-2,15,-1,15,-1,15,0,15,0,15,1,14,2,14,2,13,3,13,4,0,0,0,0,0,0,0,0,0,0,0,0,0,0,0,0,0,0,0,0,0,0,8,3,9,4,9,5,9,5,9,6,9,6,9,6,8,7,8,7,8,7,8,7,8,7,8,7,8,7,9,6,9,5,9,5,9,5,10,5,11,4,11,4,12,4,11,4,12,4,13,4,13,4]
[0;32mI (588464) TAG: STA connected to 24:ec:4a:04:39:15, ch=6 (sec=0)[0m
anchor,A2,24:ec:4a:04:39:15,ch=6
ftm_report,A2,3,3,0.450
csi_data,A2,[0,0,-11,10,-11,9,-11,9,-10,9,-10,9,-9,9,-9,9,-8,9,-8,10,-7,10,-7,10,-7,10,-6,10,-6,10,-6,11,-6,11,-7,11,-6,11,-7,11,-7,11,-7,10,-8,10,-8,9,-8,9,-9,8,-9,8,0,0,0,0,0,0,0,0,0,0,0,0,0,0,0,0,0,0,0,0,0,0,-9,9,-9,9,-10,8,-11,8,-12,7,-12,7,-13,7,-13,6,-13,6,-13,5,-13,5,-13,5,-12,5,-12,5,-12,5,-12,5,-11,6,-11,6,-11,7,-11,7,-11,8,-11,8,-11,9,-11,9,-11,9,-11,9]
[0;32mI (589384) TAG: STA connected to 24:ec:4a:03:56:41, ch=11 (sec=0)[0m
csi_data,A3,[0,0,-14,-9,-12,-8,-12,-8,-12,-8,-12,-7,-12,-7,-12,-6,-12,-6,-11,-6,-12,-5,-11,-4,-11,-4,-12,-4,-12,-4,-12,-4,-12,-4,-12,-4,-12,-4,-12,-4,-11,-5,-11,-5,-10,-5,-10,-5,-9,-6,-8,-6,-8,-6,0,0,0,0,0,0,0,0,0,0,0,0,0,0,0,0,0,0,0,0,0,0,-12,-5,-12,-6,-12,-7,-12,-7,-12,-8,-11,-9,-11,-10,-11,-10,-11,-11,-11,-11,-10,-11,-10,-11,-10,-11,-10,-11,-10,-10,-10,-10,-10,-10,-11,-9,-11,-9,-12,-9,-12,-9,-12,-8,-13,-9,-13,-8,-13,-8,-13,-7]
[0;32mI (590414) esp_netif_handlers: sta ip: 192.168.4.2, mask: 255.255.255.0, gw: 192.168.4.1[0m
[0;33mW (591134) TAG: FTM to A3 failed (ESP_FAIL), streak=1[0m
[0;32mI (591764) TAG: STA connected to 24:ec:4a:03:58:5d, ch=1 (sec=0)[0m
anchor,A1,24:ec:4a:03:58:5d,ch=1
ftm_report,A1,6,6,0.900
csi_data,A1,[0,0,9,10,10,9,10,9,10,9,10,9,10,8,10,8,10,7,10,7,11,7,11,6,11,6,12,5,12,5,12,5,13,5,13,6,13,6,13,7,12,7,13,8,12,8,11,9,11,9,10,9,9,10,0,0,0,0,0,0,0,0,0,0,0,0,0,0,0,0,0,0,0,0,0,0,6,8,6,8,6,9,6,9,5,10,4,10,4,11,4,11,4,11,3,11,3,11,3,11,4,11,4,10,4,10,5,10,5,9,5,9,6,9,7,10,7,9,8,9,8,10,9,10,9,10,9,10]
[0;32mI (592644) TAG: STA connected to 24:ec:4a:04:39:15, ch=6 (sec=0)[0m
anchor,A2,24:ec:4a:04:39:15,ch=6
ftm_report,A2,4,4,0.600
csi_data,A2,[0,0,9,10,9,9,9,9,9,9,9,8,9,7,9,7,9,6,9,6,9,5,9,5,9,4,10,4,10,4,10,4,10,4,10,4,10,4,11,4,10,4,10,5,10,5,9,5,9,5,8,6,8,6,0,0,0,0,0,0,0,0,0,0,0,0,0,0,0,0,0,0,0,0,0,0,9,9,9,9,9,10,8,11,8,11,7,12,7,13,6,13,6,13,5,13,5,13,5,12,5,12,5,12,5,11,5,11,6,11,6,11,7,10,8,10,8,10,8,10,9,10,9,10,9,10,9,10]
[0;32mI (593514) TAG: STA connected to 24:ec:4a:03:56:41, ch=11 (sec=0)[0m
csi_data,A3,[0,0,14,-1,13,-1,13,-1,13,-2,13,-2,12,-2,12,-2,11,-3,11,-3,11,-4,11,-4,10,-4,10,-4,10,-5,10,-5,10,-5,11,-5,11,-5,10,-5,11,-4,10,-4,10,-3,10,-3,10,-2,9,-1,9,-1,0,0,0,0,0,0,0,0,0,0,0,0,0,0,0,0,0,0,0,0,0,0,12,-3,12,-2,13,-1,13,0,13,0,14,1,14,2,14,2,14,2,13,3,13,4,13,3,13,3,12,3,12,3,13,2,13,2,13,1,13,1,13,0,13,0,14,0,14,-1,14,-1,14,0,14,-1]
anchor,A3,24:ec:4a:03:56:41,ch=11
ftm_report,A3,32,32,4.800
[0;32mI (594534) esp_netif_handlers: sta ip: 192.168.4.2, mask: 255.255.255.0, gw: 192.168.4.1[0m
[0;32mI (594884) TAG: STA connected to 24:ec:4a:03:58:5d, ch=1 (sec=0)[0m
csi_data,A1,[0,0,-2,-15,-3,-15,-3,-15,-3,-15,-3,-14,-4,-14,-4,-14,-5,-13,-5,-13,-5,-13,-6,-13,-7,-12,-7,-13,-7,-13,-8,-13,-8,-14,-8,-14,-8,-14,-8,-15,-7,-15,-7,-15,-6,-15,-5,-15,-4,-15,-3,-15,-2,-15,0,0,0,0,0,0,0,0,0,0,0,0,0,0,0,0,0,0,0,0,0,0,-1,-11,0,-12,0,-12,1,-12,1,-12anchor,A1,24:ec:4a:03:58:5d,ch=1
ftm_report,A1,2,2,0.300
,2,-13,3,-12,3,-12,3,-12,3,-12,3,-12,3,-12,3,-12,2,-12,2,-12,2,-12,1,-12,1,-12,0,-13,0,-13,-1,-13,-1,-14,-1,-14,-2,-14,-2,-14,-2,-15]
[0;32mI (595744) TAG: STA connected to 24:ec:4a:04:39:15, ch=6 (sec=0)[0m
anchor,A2,24:ec:4a:04:39:15,ch=6
ftm_report,A2,2,2,0.300
csi_data,A2,[0,0,12,5,12,5,12,5,12,4,12,4,11,4,11,3,11,2,11,2,11,1,11,1,11,0,11,0,11,-1,11,0,11,0,11,-1,11,0,12,0,11,0,11,0,11,1,11,1,11,1,10,2,10,3,0,0,0,0,0,0,0,0,0,0,0,0,0,0,0,0,0,0,0,0,0,0,12,4,12,5,12,6,12,7,12,7,12,8,11,9,11,9,10,9,10,9,10,9,10,9,10,9,9,8,10,8,9,8,10,7,10,7,11,7,11,6,11,6,11,6,12,5,12,5,13,5,13,5]
[0;32mI (596614) TAG: STA connected to 24:ec:4a:03:56:41, ch=11 (sec=0)[0m
csi_data,A3,[0,0,-15,6,-14,5,-13,5,-13,6,-12,6,-12,6,-11,5,-11,6,-10,6,-10,7,-9,7,-9,7,-9,7,-9,8,-9,8,-9,8,-9,8,-9,8,-9,7,-9,7,-9,7,-10,6,-10,5,-10,5,-9,4,-9,3,0,0,0,0,0,0,0,0,0,0,0,0,0,0,0,0,0,0,0,0,0,0,-11,7,-11,6,-13,5,-13,5,-14,4,-14,4,-14,4,-15,3,-15,2,-15,2,-15,2,-14,2,-14,2,-14,2,-14,2,-14,2,-13,3,-14,3,-14,3,-14,4,-14,4,-14,5,-14,5,-14,6,-14,6,-13,6]
[1;31mE (597284) wifi:No FTM Measurements received from responder![0m
[0;33mW (597384) TAG: FTM to A3 failed (ESP_FAIL), streak=1[0m
[0;32mI (597634) esp_netif_handlers: sta ip: 192.168.4.2, mask: 255.255.255.0, gw: 192.168.4.1[0m
[0;32mI (597984) TAG: STA connected to 24:ec:4a:03:58:5d, ch=1 (sec=0)[0m
csi_data,A1,[0,0,4,-14,4,-14,4,-14,4,-14,3,-14,3,-13,3,-13,2,-13,2,-14,1,-13,1,-14,0,-13,0,-14,-1,-15,0,-14,-1,-15,0,-15,0,-16,0,-16,1,-16,2,-16,2,-15,3,-15,3,-14,4,-14,5,-14,0,0,0,0,0,0,0,0,0,0,0,0,0,0,0,0,0,0,0,0,0,0,4,-10,4,-11,5,-10,6,-10,6,-10,7,-10,7,-10,8,-10,8,-9,8,-9,8,-9,8,-9,7,-9,7,-9,7,-9,6,-10,6,-10,6,-10,5,-11,5,-11,5,-11,5,-12,5,-12,4,-13,4,-13,5,-14]
anchor,A1,24:ec:4a:03:58:5d,ch=1
ftm_report,A1,2,2,0.300
[0;32mI (598844) TAG: STA connected to 24:ec:4a:04:39:15, ch=6 (sec=0)[0m
anchor,A2,24:ec:4a:04:39:15,ch=6
ftm_report,A2,3,3,0.450
csi_data,A2,[0,0,7,-12,7,-12,6,-12,6,-13,6,-12,5,-12,5,-12,4,-12,4,-12,3,-12,2,-12,2,-12,2,-12,1,-12,1,-12,1,-12,1,-13,1,-13,1,-13,2,-13,2,-12,2,-12,3,-12,3,-11,3,-11,4,-11,0,0,0,0,0,0,0,0,0,0,0,0,0,0,0,0,0,0,0,0,0,0,6,-13,6,-13,8,-12,8,-12,9,-12,10,-11,11,-11,11,-11,11,-10,11,-9,11,-9,11,-9,11,-9,10,-9,10,-9,9,-10,9,-10,9,-10,8,-10,8,-11,8,-11,8,-12,7,-12,8,-12,7,-12,8,-13]
[0;32mI (599704) TAG: STA connected to 24:ec:4a:03:56:41, ch=11 (sec=0)[0m
csi_data,A3,[0,0,3,15,3,13,2,13,3,13,3,12,3,12,4,11,4,11,4,11,5,10,5,10,5,9,6,9,6,9,6,10,6,10,6,9,6,10,6,10,5,10,5,10,4,10,3,9,3,9,2,9,2,9,0,0,0,0,0,0,0,0,0,0,0,0,0,0,0,0,0,0,0,0,0,0,5,11,4,11,3,12,3,13,3,13,2,14,1,14,0,14,0,14,0,14,-1,14,-1,14,0,13,0,13,0,13,0,13,0,13,1,13,1,13,2,13,2,13,2,13,3,14,3,14,4,14,4,13]
[0;32mI (600724) esp_netif_handlers: sta ip: 192.168.4.2, mask: 255.255.255.0, gw: 192.168.4.1[0m
[0;33mW (601454) TAG: FTM to A3 failed (ESP_FAIL), streak=1[0m
[0;32mI (602054) TAG: STA connected to 24:ec:4a:03:58:5d, ch=1 (sec=0)[0m
csi_data,A1,[0,0,12,6,13,6,13,6,13,5,13,5,13,5,13,4,13,4,12,4,12,3,13,2,13,2,13,2,14,2,14,1,14,1,15,2,15,2,15,3,15,3,14,4,14,5,14,5,13,6,12,6,12,7,0,0,0,0,0,0,0,0,0,0,0,0,0,0,0,0,0,0,0,0,0,0,9,5,9,6,9,6,9,7,9,7,8,8,8,9,8,9,8,9,7,9,7,9,7,9,8,9,8,8,8,8,8,8,8,7,8,7,9,7,10,7,10,7,11,6,11,6,12,6,12,7,13,6]
anchor,A1,24:ec:4a:03:58:5d,ch=1
ftm_report,A1,2,2,0.300
[0;32mI (602914) TAG: STA connected to 24:ec:4a:04:39:15, ch=6 (sec=0)[0m
csi_data,A2,[0,0,-12,-8,-12,-8,-12,-8,-12,-8,-12,-7,-12,-6,-11,-6,-12,-5,-11,-5,-11,-4,-11,-4,-11,-3,-12,-3,-12,-2,-12,-3,-12,-2,-12,-2,-12,-3,-13,-3,-12,-3,-12,-4,-12,-4,-11,-4,-11,-4,-11,-5,-10,-6,0,0,0,0,0,0,0,0,0,0,0,0,0,0,0,0,0,0,0,0,0,0,-13,-7,-12,-8,-12,-9,-12,-9,-12,-10,-11,-11,-11,-11,-10,-12,-10,-12,-9,-12,-9,-12,-9,-12,-9,-11,-9,-11,-9,-11,-9,-10,-9,-10,-10,-10,-10,-9,-11,-9,-11,-9,-11,-9,-12,-9,-12,-8,-12,-8,-12,-9]
anchor,A2,24:ec:4a:04:39:15,ch=6
ftm_report,A2,5,5,0.750
[0;32mI (603784) TAG: STA connected to 24:ec:4a:03:56:41, ch=11 (sec=0)[0m
csi_data,A3,[0,0,0,15,-1,14,0,14,0,13,1,13,1,12,1,12,2,12,1,12,2,11,3,11,3,11,4,10,4,10,4,11,4,11,4,11,3,11,3,11,2,11,2,11,1,10,1,10,1,10,0,10,-1,9,0,0,0,0,0,0,0,0,0,0,0,0,0,0,0,0,0,0,0,0,0,0,2,12,1,12,0,12,0,13,-1,13,-2,14,-3,14,-3,14,-4,14,-3,13,-4,14,-4,13,-3,13,-4,13,-3,13,-3,13,-3,13,-2,13,-2,13,-1,13,-1,14,-1,14,-1,14,0,14,0,14,0,14]
anchor,A3,24:ec:4a:03:56:41,ch=11
ftm_report,A3,31,31,4.650
[0;32mI (604804) esp_netif_handlers: sta ip: 192.168.4.2, mask: 255.255.255.0, gw: 192.168.4.1[0m
csi_data,A3,[0,0,-15,6,-14,4,-14,4,-13,5,-13,5,-12,5,-12,5,-11,6,-11,6,-10,6,-10,7,-10,7,-10,7,-10,7,-9,7,-10,8,-10,7,-10,8,-10,7,-10,7,-10,6,-10,5,-10,5,-10,4,-10,4,-10,3,0,0,0,0,0,0,0,0,0,0,0,0,0,0,0,0,0,0,0,0,0,0,-11,6,-12,5,-13,4,-13,4,-14,3,-15,3,-15,3,-15,2,-15,2,-15,1,-15,1,-15,1,-14,1,-14,1,-14,1,-14,1,-14,2,-14,2,-14,3,-14,3,-14,4,-14,4,-14,5,-14,5,-14,5,-14,5]
[0;32mI (605204) TAG: STA connected to 24:ec:4a:03:58:5d, ch=1 (sec=0)[0m
anchor,A1,24:ec:4a:03:58:5d,ch=1
ftm_report,A1,2,2,0.300
[0;32mI (606054) TAG: STA connected to 24:ec:4a:04:39:15, ch=6 (sec=0)[0m
csi_data,A2,[0,0,14,-3,13,-3,13,-3,13,-3,12,-3,12,-4,11,-4,11,-4,10,-5,10,-5,10,-6,10,-6,9,-6,9,-7,9,-7,9,-7,9,-7,10,-7,10,-7,10,-7,10,-7,10,-6,10,-5,10,-5,10,-4,10,-4,0,0,0,0,0,0,0,0,0,0,0,0,0,0,0,0,0,0,0,0,0,0,13,-3,13,-3,14,-1,14,-1,14,0,14,1,14,1,14,2,14,2,14,3,13,3,13,3,13,3,13,2,13,2,12,1,12,1,12,0,13,0,13,-1,13,-1,13,-1,13,-2,14,-2,14,-2,14,-3]
anchor,A2,24:ec:4a:04:39:15,ch=6
ftm_report,A2,3,3,0.450
[0;32mI (606924) TAG: STA connected to 24:ec:4a:03:56:41, ch=11 (sec=0)[0m
csi_data,A3,[0,0,-13,-9,-12,-9,-12,-9,-11,-8,-12,-8,-12,-7,-11,-7,-11,-6,-11,-6,-11,-5,-11,-5,-11,-4,-12,-4,-12,-3,-12,-3,-12,-3,-12,-3,-12,-3,-12,-4,-12,-4,-11,-4,-11,-4,-10,-5,-10,-5,-9,-5,-9,-6,0,0,0,0,0,0,0,0,0,0,0,0,0,0,0,0,0,0,0,0,0,0,-11,-7,-11,-8,-10,-9,-10,-10,-10,-10,-10,-11,-9,-12,-9,-12,-9,-12,-9,-12,-8,-13,-8,-12,-8,-12,-8,-12,-8,-11,-8,-11,-9,-11,-9,-10,-10,-10,-11,-10,-11,-10,-11,-10,-11,-9,-12,-10,-12,-9,-12,-10]
[0;32mI (607954) esp_netif_handlers: sta ip: 192.168.4.2, mask: 255.255.255.0, gw: 192.168.4.1[0m
[0;33mW (608664) TAG: FTM to A3 failed (ESP_FAIL), streak=1[0m
[0;32mI (609264) TAG: STA connected to 24:ec:4a:03:58:5d, ch=1 (sec=0)[0m
anchor,A1,24:ec:4a:03:58:5d,ch=1
ftm_report,A1,2,2,0.300
csi_data,A1,[0,0,-10,11,-10,10,-10,10,-10,11,-9,10,-9,10,-9,11,-8,11,-I (610134) TAG: STA connected to 24:ec:4a:04:39:15, ch=6 (sec=0)
8,11,-7,11,-7,12,-6,11,-6,12,-6,13,-6,13,-6,14,-7,13,-7,14,-7,14,-8,13,-8,13,-9,12,-9,12,-10,11,-10,11,-11,10,0,0,0,0,0,0,0,0,0,0,0,0,0,0,0,0,0,0,0,0,0,0,-9,7,-9,7,-10,6,-10,6,-11,6,-11,6,-12,5,-12,5,-12,5,-12,4,-12,5,-12,5,-11,4,-11,5,-11,5,-11,6,-11,6,-10,6,-10,7,-10,7,-10,8,-10,8,-10,9,-10,9,-10,10,-10,10]
anchor,A2,24:ec:4a:04:39:15,ch=6
ftm_report,A2,3,3,0.450
[0;32mI (610994) TAG: STA connected to 24:ec:4a:03:56:41, ch=11 (sec=0)[0m
csi_data,A3,[0,0,-12,10,-12,9,-12,8,-11,9,-11,8,-10,8,-9,8,-9,8,-9,9,-8,9,-7,9,-7,9,-7,9,-6,10,-7,10,-6,10,-7,10,-7,10,-7,10,-7,9,-8,9,-8,8,-8,8,-8,7,-8,7,-8,6,0,0,0,0,0,0,0,0,0,0,0,0,0,0,0,0,0,0,0,0,0,0,-9,9,-10,8,-11,8,-11,7,-12,7,-13,7,-14,7,-14,6,-14,6,-14,5,-14,5,-14,5,-14,4,-13,4,-13,5,-13,5,-13,6,-13,6,-12,6,-12,7,-12,8,-12,8,-12,9,-12,8,-12,9,-12,9]
[0;32mI (612014) esp_netif_handlers: sta ip: 192.168.4.2, mask: 255.255.255.0, gw: 192.168.4.1[0m
anchor,A3,24:ec:4a:03:56:41,ch=11
ftm_report,A3,17,17,2.550
[0;32mI (612884) TAG: STA connected to 24:ec:4a:03:58:5d, ch=1 (sec=0)[0m
anchor,A1,24:ec:4a:03:58:5d,ch=1
ftm_report,A1,4,4,0.600
csi_data,A1,[0,0,-15,0,-15,0,-15,0,-14,0,-15,0,-14,1,-14,1,-14,1,-14,2,-13,3,-13,3,-13,3,-14,4,-14,5,-14,5,-14,5,-15,5,-15,4,-15,4,-15,3,-15,3,-15,2,-15,1,-15,1,-14,0,-14,-1,0,0,0,0,0,0,0,0,0,0,0,0,0,0,0,0,0,0,0,0,0,0,-11,-2,-11,-3,-11,-3,-11,-4,-11,-4,-11,-5,-11,-5,-11,-5,-11,-6,-11,-6,-11,-6,-11,-5,-11,-5,-11,-5,-11,-5,-11,-4,-12,-4,-12,-3,-12,-3,-12,-3,-13,-2,-13,-2,-13,-1,-14,-1,-14,-1,-14,-1]
[0;32mI (613734) TAG: STA connected to 24:ec:4a:04:39:15, ch=6 (sec=0)[0m
anchor,A2,24:ec:4a:04:39:15,ch=6
ftm_report,A2,3,3,0.450
csi_data,A2,[0,0,-13,-7,-13,-6,-13,-6,-13,-6,-13,-6,-12,-5,-12,-5,-12,-4,-12,-4,-12,-3,-12,-2,-12,-2,-12,-1,-12,-1,-12,-1,-13,-1,-13,-1,-13,-1,-13,-2,-13,-2,-13,-2,-12,-3,-12,-3,-12,-3,-11,-4,-11,-5,0,0,0,0,0,0,0,0,0,0,0,0,0,0,0,0,0,0,0,0,0,0,-13,-5,-13,-6,-13,-7,-13,-8,-12,-8,-12,-9,-12,-10,-11,-10,-11,-10,-10,-11,-10,-11,-10,-10,-10,-10,-10,-10,-10,-9,-10,-9,-11,-9,-11,-8,-12,-8,-12,-8,-12,-7,-12,-7,-13,-7,-13,-7,-13,-7,-13,-7]
[0;32mI (614604) TAG: STA connected to 24:ec:4a:03:56:41, ch=11 (sec=0)[0m
csi_data,A3,[0,0,-15,3,-14,2,-15,2,-13,2,-14,2,-13,3,-13,3,-12,4,-12,4,-11,4,-11,5,-11,5,-11,5,-11,6,-10,6,-11,6,-11,6,-11,6,-11,6,-11,5,-11,5,-11,4,-10,3,-10,2,-10,2,-10,2,0,0,0,0,0,0,0,0,0,0,0,0,0,0,0,0,0,0,0,0,0,0,-12,3,-13,2,-13,2,-14,1,-14,0,-15,0,-15,-1,-15,-1,-15,-2,-15,-2,-15,-2,-14,-2,-14,-2,-14,-2,-14,-2,-14,-1,-14,-1,-14,0,-15,0,-14,0,-15,1,-15,1,-14,2,-15,2,-15,2,-15,2]
anchor,A3,24:ec:4a:03:56:41,ch=11
ftm_report,A3,30,30,4.500
[0;32mI (615624) esp_netif_handlers: sta ip: 192.168.4.2, mask: 255.255.255.0, gw: 192.168.4.1[0m
[0;32mI (615974) TAG: STA connected to 24:ec:4a:03:58:5d, ch=1 (sec=0)[0m
csi_data,A1,[0,0,-5,13,-4,13,-4,13,-4,13,-4,13,-3,13,-3,13,-2,12,-2,13,-1,13,-1,13,0,13,0,13,0,13,0,14,0,14,0,14,0,15,-1,15,-1,15,-2,15,-3,14,-3,14,-4,14,-5,13,-5,13,0,0,0,0,0,0,0,0,0,0,0,0,0,0,0,0,0,0,0,0,0,0,-5,9,-5,9,-6,9,-6,9,-7,9,-8,9,-8,9,-8,9,-9,9,-8,8,-9,9,-8,8,-8,8,-8,8,-7,8,-7,9,-7,9,-7,9,-6,10,-6,10,-6,11,-5,11,-5,12,-5,12,-5,12,-5,13]
anchor,A1,24:ec:4a:03:58:5d,ch=1
ftm_report,A1,5,5,0.750
[0;32mI (616824) TAG: STA connected to 24:ec:4a:04:39:15, ch=6 (sec=0)[0m
anchor,A2,24:ec:4a:04:39:15,ch=6
ftm_report,A2,2,2,0.300
csi_data,A2,[0,0,-7,13,-7,12,-6,12,-6,12,-5,11,-5,11,-5,11,-4,11,-4,11,-3,11,-2,11,-2,11,-1,11,-1,11,0,12,-1,12,-1,12,-1,12,-1,12,-1,12,-2,12,-2,11,-3,11,-3,11,-3,11,-4,10,0,0,0,0,0,0,0,0,0,0,0,0,0,0,0,0,0,0,0,0,0,0,-6,12,-6,12,-7,11,-8,11,-9,11,-10,11,-10,11,-11,10,-11,10,-11,9,-11,9,-11,9,-10,9,-10,9,-9,9,-9,9,-9,9,-8,10,-8,10,-8,11,-8,11,-8,11,-7,12,-7,12,-7,12,-7,12]
[0;32mI (617694) TAG: STA connected to 24:ec:4a:03:56:41, ch=11 (sec=0)[0m
anchor,A3,24:ec:4a:03:56:41,ch=11
ftm_report,A3,31,31,4.650
csi_data,A3,[0,0,15,-2,13,-2,13,-2,13,-3,13,-3,12,-3,12,-3,12,-4,10,-4,11,-5,10,-5,10,-5,10,-6,10,-6,10,-6,10,-6,10,-6,10,-6,10,-5,10,-5,10,-4,10,-3,10,-3,10,-3,9,-2,9,-1,0,0,0,0,0,0,0,0,0,0,0,0,0,0,0,0,0,0,0,0,0,0,11,-5,11,-4,12,-3,13,-3,13,-2,14,-2,14,-1,14,0,14,0,14,1,14,1,13,1,13,1,13,1,13,1,13,0,13,0,13,-1,13,-1,13,-1,14,-2,14,-2,14,-2,14,-3,14,-3,14,-3]
[0;32mI (618564) TAG: STA connected to 24:ec:4a:03:58:5d, ch=1 (sec=0)[0m
anchor,A1,24:ec:4a:03:58:5d,ch=1
ftm_report,A1,4,4,0.600
csi_data,A1,[0,0,-6,-14,-6,-13,-7,-14,-6,-13,-7,-13,-7,-13,-7,-12,-7,-12,-7,-12,-8,-11,-9,-11,-9,-11,-9,-11,-10,-11,-10,-11,-11,-11,-11,-11,-11,-12,-10,-12,-10,-13,-9,-13,-9,-13,-8,-13,-7,-13,-6,-13,-5,-14,0,0,0,0,0,0,0,0,0,0,0,0,0,0,0,0,0,0,0,0,0,0,-3,-11,-2,-11,-2,-11,-2,-12,-1,-12,0,-13,0,-13,0,-12,1,-12,1,-12,1,-12,1,-12,0,-12,0,-12,-1,-12,-1,-12,-1,-12,-2,-12,-3,-12,-3,-12,-4,-12,-4,-13,-4,-13,-5,-13,-5,-13,-5,-14]
[0;32mI (619474) TAG: STA connected to 24:ec:4a:04:39:15, ch=6 (sec=0)[0m
anchor,A2,24:ec:4a:04:39:15,ch=6
ftm_report,A2,3,3,0.450
csi_data,A2,[0,0,8,-12,7,-12,7,-12,7,-12,6,-12,6,-12,5,-11,4,-11,4,-12,3,-11,3,-12,2,-12,2,-12,2,-12,1,-12,1,-12,1,-12,1,-13,2,-13,2,-12,2,-12,3,-12,3,-11,4,-11,4,-11,4,-10,0,0,0,0,0,0,0,0,0,0,0,0,0,0,0,0,0,0,0,0,0,0,6,-12,7,-12,8,-11,9,-11,9,-11,10,-11,11,-10,11,-10,11,-9,11,-9,11,-9,11,-8,11,-8,10,-8,10,-9,9,-9,9,-9,9,-10,9,-10,8,-11,8,-11,8,-11,8,-12,8,-12,8,-12,8,-12]
[0;32mI (620344) TAG: STA connected to 24:ec:4a:03:56:41, ch=11 (sec=0)[0m
anchor,A3,24:ec:4a:03:56:41,ch=11
ftm_report,A3,30,30,4.500
csi_data,A3,[0,0,-12,9,-12,8,-12,8,-10,8,-10,8,-10,8,-9,8,-9,8,-8,8,-8,9,-7,9,-7,9,-7,9,-7,9,-7,9,-7,10,-7,9,-7,9,-7,9,-7,9,-8,8,-8,8,-8,7,-8,7,-8,6,-8,6,0,0,0,0,0,0,0,0,0,0,0,0,0,0,0,0,0,0,0,0,0,0,-9,9,-9,8,-10,8,-11,8,-12,7,-13,7,-13,6,-13,6,-13,6,-14,5,-14,5,-13,5,-13,5,-13,5,-13,5,-12,5,-13,6,-12,6,-13,7,-12,7,-12,7,-12,8,-12,9,-12,8,-12,9,-11,9]
[0;32mI (621354) esp_netif_handlers: sta ip: 192.168.4.2, mask: 255.255.255.0, gw: 192.168.4.1[0m
[0;32mI (621724) TAG: STA connected to 24:ec:4a:03:58:5d, ch=1 (sec=0)[0m
anchor,A1,24:ec:4a:03:58:5d,ch=1
ftm_report,A1,4,4,0.600
csi_data,A1,[0,0,14,-3,14,-3,13,-3,13,-3,13,-3,13,-4,13,-4,12,-4,12,-5,12,-6,12,-7,11,-7,12,-7,12,-7,12,-8,12,-8,13,-8,13,-8,14,-7,14,-7,14,-6,14,-5,14,-5,14,-4,14,-3,14,-2,0,0,0,0,0,0,0,0,0,0,0,0,0,0,0,0,0,0,0,0,0,0,10,-2,11,-1,11,0,11,0,11,1,11,1,12,2,11,2,11,3,11,3,11,2,11,2,11,2,11,2,11,2,11,1,11,0,11,0,12,0,12,0,12,-1,13,-1,13,-2,13,-2,13,-2,14,-3]
[0;32mI (622584) TAG: STA connected to 24:ec:4a:04:39:15, ch=6 (sec=0)[0m
anchor,A2,24:ec:4a:04:39:15,ch=6
ftm_report,A2,3,3,0.450
csi_data,A2,[0,0,5,-13,4,-13,4,-13,4,-13,3,-12,3,-12,2,-12,2,-12,1,-12,1,-12,0,-12,0,-12,0,-12,-1,-12,-1,-12,-1,-12,-1,-13,-1,-12,-1,-13,-1,-13,0,-13,0,-12,1,-12,1,-12,2,-11,2,-11,0,0,0,0,0,0,0,0,0,0,0,0,0,0,0,0,0,0,0,0,0,0,4,-13,4,-13,5,-13,6,-13,7,-13,8,-12,8,-12,9,-12,9,-12,9,-11,10,-11,9,-10,9,-10,8,-10,8,-10,7,-11,7,-11,7,-11,6,-11,6,-12,6,-12,5,-13,5,-13,5,-13,5,-13,5,-13]
[0;32mI (623444) TAG: STA connected to 24:ec:4a:03:56:41, ch=11 (sec=0)[0m
csi_data,A3,[0,0,14,3,13,4,13,4,12,3,13,3,12,2,12,2,12,1,12,0,11,0,11,-1,11,-1,11,-1,11,-2,11,-2,12,-2,12,-2,12,-2,11,-1,11,-1,11,-1,11,0,10,1,10,1,9,1,9,2,0,0,0,0,0,0,0,0,0,0,0,0,0,0,0,0,0,0,0,0,0,0,11,2,12,3,12,4,12,5,12,5,12,6,12,6,12,7,12,7,11,8,11,8,11,8,11,7,11,7,11,7,11,7,12,6,11,5,12,5,12,5,13,5,13,5,13,4,14,4,14,4,13,3]
[0;32mI (624474) esp_netif_handlers: sta ip: 192.168.4.2, mask: 255.255.255.0, gw: 192.168.4.1[0m
[0;33mW (625184) TAG: FTM to A3 failed (ESP_FAIL), streak=1[0m
[0;32mI (625784) TAG: STA connected to 24:ec:4a:03:58:5d, ch=1 (sec=0)[0m
anchor,A1,24:ec:4a:03:58:5d,ch=1
ftm_report,A1,4,4,0.600
csi_data,A1,[0,0,-10,10,-10,10,-10,10,-9,11,-9,10,-9,10,-9,11,-8,10,-7,11,-7,11,-7,12,-6,11,-6,12,-6,12,-5,13,-6,13,-6,13,-7,14,-7,14,-8,13,-8,13,-9,12,-9,11,-10,11,-10,10,-11,10,0,0,0,0,0,0,0,0,0,0,0,0,0,0,0,0,0,0,0,0,0,0,-8,7,-9,7,-10,6,-10,6,-10,6,-11,5,-12,5,-12,5,-12,5,-12,4,-12,4,-12,4,-11,4,-11,4,-11,5,-10,6,-10,6,-10,6,-10,6,-10,7,-10,7,-10,8,-10,8,-10,9,-10,9,-10,10]
[0;32mI (626644) TAG: STA connected to 24:ec:4a:04:39:15, ch=6 (sec=0)[0m
anchor,A2,24:ec:4a:04:39:15,ch=6
ftm_report,A2,3,3,0.450
csi_data,A2,[0,0,12,-7,12,-7,11,-7,11,-7,11,-7,10,-7,10,-7,9,-7,9,-8,8,-8,8,-9,7,-9,7,-9,7,-9,7,-10,7,-10,7,-10,7,-10,7,-10,8,-9,8,-9,8,-9,8,-8,8,-8,8,-8,9,-7,0,0,0,0,0,0,0,0,0,0,0,0,0,0,0,0,0,0,0,0,0,0,11,-8,12,-7,12,-7,13,-6,13,-5,14,-5,14,-4,14,-3,14,-3,14,-2,14,-3,13,-2,13,-2,13,-2,12,-3,12,-3,12,-4,12,-4,12,-5,12,-5,12,-5,12,-6,12,-6,12,-7,12,-7,12,-7]
[0;32mI (627514) TAG: STA connected to 24:ec:4a:03:56:41, ch=11 (sec=0)[0m
anchor,A3,24:ec:4a:03:56:41,ch=11
ftm_report,A3,35,35,5.250
csi_data,A3,[0,0,-9,-13,-8,-12,-8,-12,-8,-12,-8,-11,-8,-11,-9,-10,-9,-9,-9,-9,-9,-9,-9,-9,-9,-8,-10,-8,-10,-7,-10,-8,-10,-8,-10,-8,-10,-8,-10,-8,-9,-8,-9,-8,-8,-8,-8,-8,-7,-9,-6,-9,-6,-9,0,0,0,0,0,0,0,0,0,0,0,0,0,0,0,0,0,0,0,0,0,0,-9,-10,-8,-11,-8,-11,-7,-12,-7,-12,-6,-13,-6,-14,-5,-14,-5,-14,-5,-14,-4,-15,-4,-14,-4,-14,-4,-14,-5,-13,-5,-13,-5,-13,-6,-13,-6,-13,-7,-13,-7,-13,-8,-13,-8,-13,-9,-13,-8,-13,-9,-13]
[0;32mI (628384) TAG: STA connected to 24:ec:4a:03:58:5d, ch=1 (sec=0)[0m
anchor,A1,24:ec:4a:03:58:5d,ch=1
ftm_report,A1,2,2,0.300
csi_data,A1,[0,0,10,9,10,8,11,8,11,8,11,8,11,7,11,7,11,6,11,6,11,5,12,5,12,4,12,4,13,4,13,4,13,4,14,4,14,5,14,5,13,6,13,7,13,7,12,7,12,8,11,8,10,9,0,0,0,0,0,0,0,0,0,0,0,0,0,0,0,0,0,0,0,0,0,0,7,7,7,8,7,8,7,9,6,9,6,10,5,10,5,10,5,10,5,10,5,10,5,10,5,10,5,10,6,9,6,9,6,9,6,9,7,9,8,9,8,9,9,9,9,8,10,9,10,9,10,9]
[0;32mI (629244) TAG: STA connected to 24:ec:4a:04:39:15, ch=6 (sec=0)[0m
anchor,A2,24:ec:4a:04:39:15,ch=6
ftm_report,A2,3,3,0.450
[0;32mI (630104) TAG: STA connected to 24:ec:4a:03:56:41, ch=11 (sec=0)[0m
csi_data,A3,[0,0,-15,-6,-14,-6,-14,-6,-13,-5,-13,-5,-13,-4,-13,-4,-13,-3,-13,-3,-12,-2,-12,-2,-12,-1,-12,-1,-12,-1,-12,-1,-12,-1,-13,-1,-13,-1,-13,-1,-12,-1,-12,-2,-12,-3,-11,-3,-11,-3,-10,-3,-10,-4,0,0,0,0,0,0,0,0,0,0,0,0,0,0,0,0,0,0,0,0,0,0,-12,-4,-12,-5,-13,-6,-12,-7,-12,-7,-13,-8,-12,-9,-12,-9,-12,-10,-12,-10,-12,-10,-11,-9,-11,-9,-11,-9,-11,-9,-11,-9,-12,-8,-12,-8,-12,-8,-13,-7,-13,-7,-13,-7,-14,-6,-14,-6,-14,-6,-14,-6]
[0;32mI (631124) esp_netif_handlers: sta ip: 192.168.4.2, mask: 255.255.255.0, gw: 192.168.4.1[0m
[1;31mE (631274) wifi:No FTM Measurements received from responder![0m
[0;33mW (631374) TAG: FTM to A3 failed (ESP_FAIL), streak=1[0m
[0;32mI (631984) TAG: STA connected to 24:ec:4a:03:58:5d, ch=1 (sec=0)[0m
csi_data,A1,[0,0,-15,-2,-15,-1,-15,-1,-14,-1,-15,-1,-15,-1,-14,0,-14,0,-14,1,-14,2,-14,2,-14,3,-15,3,-15,3,-15,3,-15,3,-16,3,-16,3,-16,3,-16,2,-17,2,-16,0,-16,0,-16,-1,-16,-2,-15,-3,0,0,0,0,0,0,0,0,0,0,0,0,0,0,0,0,0,0,0,0,0,0,-10,-3,-11,-4,-11,-5,-11,-5,-11,-6,-11,-6,-11,-6,-11,-7,-10,-7,-10,-7,-10,-7,-10,-6,-10,-6,-10,-6,-11,-6,-11,-5,-11,-5,-11,-4,-12,-4,-12,-4,-13,-4,-13,-3,-13,-2,-14,-2,-14,-2,-15,-2]
anchor,A1,24:ec:4a:03:58:5d,ch=1
ftm_report,A1,3,3,0.450
[0;32mI (632834) TAG: STA connected to 24:ec:4a:04:39:15, ch=6 (sec=0)[0m
anchor,A2,24:ec:4a:04:39:15,ch=6
ftm_report,A2,5,5,0.750
csi_data,A2,[0,0,-2,-15,-2,-14,-2,-14,-2,-14,-3,-13,-3,-13,-3,-13,-4,-12,-4,-12,-5,-11,-5,-11,-5,-10,-6,-10,-6,-10,-7,-10,-7,-10,-7,-10,-7,-11,-7,-11,-6,-11,-6,-11,-5,-11,-5,-11,-4,-11,-4,-11,-3,-11,0,0,0,0,0,0,0,0,0,0,0,0,0,0,0,0,0,0,0,0,0,0,-3,-14,-2,-14,-1,-14,-1,-14,0,-15,1,-15,2,-15,2,-15,2,-15,3,-15,3,-14,3,-14,3,-14,2,-13,2,-13,2,-13,1,-13,0,-14,0,-14,0,-14,-1,-14,-1,-14,-2,-15,-2,-14,-2,-15,-2,-15]
[0;32mI (633754) TAG: STA connected to 24:ec:4a:03:56:41, ch=11 (sec=0)[0m
csi_data,A3,[0,0,14,-7,12,-6,12,-6,12,-7,11,-7,11,-6,10,-6,10,-7,9,-7,9,-8,8,-8,8,-8,8,-8,8,-8,8,-8,8,-9,9,-8,8,-8,9,-8,9,-8,9,-7,9,-6,9,-6,9,-5,8,-5,8,-4,0,0,0,0,0,0,0,0,0,0,0,0,0,0,0,0,0,0,0,0,0,0,9,-8,10,-7,11,-7,11,-6,12,-6,12,-6,13,-5,13,-4,13,-4,13,-4,13,-3,13,-4,13,-3,13,-3,12,-3,13,-4,12,-4,12,-5,12,-5,13,-5,13,-5,12,-6,12,-7,13,-7,13,-7,12,-7]
[0;32mI (634774) esp_netif_handlers: sta ip: 192.168.4.2, mask: 255.255.255.0, gw: 192.168.4.1[0m
[0;33mW (635494) TAG: FTM to A3 failed (ESP_FAIL), streak=1[0m
[0;32mI (636094) TAG: STA connected to 24:ec:4a:03:58:5d, ch=1 (sec=0)[0m
csi_data,A1,[0,0,13,5,13,4,13,4,13,4,13,4,13,4,13,3,13,3,12,2,12,1,13,1,13,0,13,0,14,0,14,0,14,0,15,0,15,0,15,1,15,2,14,3,14,3,14,4,14,4,13,5,12,6,0,0,0,0,0,0,0,0,0,0,0,0,0,0,0,0,0,0,0,0,0,0,9,4,9,4,9,5,9,6,9,6,8,7,8,7,8,8,8,8,8,8,8,8,8,8,8,8,8,7,8,7,9,7,9,6,9,6,10,6,10,6,10,6,11,5,11,5,12,5,13,5,13,5]
anchor,A1,24:ec:4a:03:58:5d,ch=1
ftm_report,A1,2,2,0.300
[0;32mI (636964) TAG: STA connected to 24:ec:4a:04:39:15, ch=6 (sec=0)[0m
csi_data,A2,[0,0,-15,3,-14,3,-14,3,-13,4,-13,4,-12,4,-12,4,-12,4,-11,5,-10,5,-10,5,-10,6,-10,6,-10,7,-10,7,-10,7,-10,7,-10,7,-10,7,-10,6,-11,6,-11,5,-11,5,-11,5,-11,4,-11,4,0,0,0,0,0,0,0,0,0,0,0,0,0,0,0,0,0,0,0,0,0,0,-13,4,-13,4,-14,3,-14,2,-15,1,-15,1,-15,0,-15,-1,-15,-1,-15,-1,-15,-1,-14,-1,-14,-1,-14,-1,-14,-1,-13,0,-14,0,-13,1,-14,1,-14,1,-14,2,-14,2,-14,3,-14,3,-14,4,-14,3]
anchor,A2,24:ec:4a:04:39:15,ch=6
ftm_report,A2,3,3,0.450
[0;32mI (637824) TAG: STA connected to 24:ec:4a:03:56:41, ch=11 (sec=0)[0m
csi_data,A3,[0,0,14,-5,13,-4,13,-4,12,-5,12,-5,12,-5,11,-5,11,-6,10,-6,10,-6,9,-7,9,-7,9,-7,9,-8,8,-8,9,-8,9,-7,9,-8,9,-7,9,-7,9,-7,9,-6,9,-5,9,-4,9,-4,8,-4,0,0,0,0,0,0,0,0,0,0,0,0,0,0,0,0,0,0,0,0,0,0,11,-5,12,-5,12,-4,13,-3,13,-3,14,-2,14,-2,14,-1,14,-1,14,0,14,0,14,0,14,0,13,0,13,-1,13,-1,13,-1,13,-2,13,-2,13,-3,13,-3,13,-3,13,-4,14,-4,14,-4,14,-5]
[0;32mI (638854) esp_netif_handlers: sta ip: 192.168.4.2, mask: 255.255.255.0, gw: 192.168.4.1[0m
[0;33mW (639564) TAG: FTM to A3 failed (ESP_FAIL), streak=1[0m
csi_data,A3,[0,0,15,-2,14,-1,13,-1,13,-2,13,-2,12,-2,12,-2,11,-3,11,-4,11,-4,11,-5,10,-5,10,-5,10,-5,10,-6,10,-6,11,-5,10,-5,10,-6,10,-5,10,-5,10,-3,10,-3,10,-2,9,-2,9,-2,0,0,0,0,0,0,0,0,0,0,0,0,0,0,0,0,0,0,0,0,0,0,12,-2,12,-1,13,0,13,0,14,1,14,1,14,2,14,3,14,3,14,4,13,4,13,4,13,3,13,3,12,3,13,2,13,2,13,1,13,1,13,1,14,0,14,0,14,-1,14,-1,14,-1,14,-1]
[0;32mI (640164) TAG: STA connected to 24:ec:4a:03:58:5d, ch=1 (sec=0)[0m
anchor,A1,24:ec:4a:03:58:5d,ch=1
ftm_report,A1,3,3,0.450
[0;32mI (641024) TAG: STA connected to 24:ec:4a:04:39:15, ch=6 (sec=0)[0m
csi_data,A2,[0,0,14,0,13,0,13,0,13,0,13,-1,12,-1,12,-1,11,-2,11,-2,11,-3,11,-3,11,-4,11,-4,11,-5,11,-5,11,-5,11,-5,11,-5,11,-5,11,-4,11,-4,11,-3,11,-3,11,-2,11,-2,11,-1,0,0,0,0,0,0,0,0,0,0,0,0,0,0,0,0,0,0,0,0,0,0,12,-1,13,-1,13,1,13,1,13,2,14,3,13,3,14,4,13,4,13,5,12,5,12,5,12,5,12,4,12,4,12,3,12,3,12,2,12,2,13,1,13,1,13,1,13,0,14,0,14,0,14,0]
anchor,A2,24:ec:4a:04:39:15,ch=6
ftm_report,A2,4,4,0.600
[0;32mI (641884) TAG: STA connected to 24:ec:4a:03:56:41, ch=11 (sec=0)[0m
csi_data,A3,[0,0,8,-13,7,-13,7,-12,6,-12,6,-12,6,-12,5,-12,5,-12,4,-12,3,-12,3,-12,2,-12,2,-12,2,-12,2,-12,2,-12,2,-12,2,-12,3,-12,3,-12,3,-12,4,-11,4,-10,4,-10,4,-10,5,-9,0,0,0,0,0,0,0,0,0,0,0,0,0,0,0,0,0,0,0,0,0,0,4,-12,5,-12,6,-12,7,-12,7,-12,9,-12,9,-11,10,-11,10,-11,10,-10,10,-11,10,-10,9,-10,9,-10,9,-10,9,-10,9,-11,8,-11,8,-11,8,-12,8,-12,8,-12,8,-13,7,-13,7,-13,7,-13]
[0;32mI (642904) esp_netif_handlers: sta ip: 192.168.4.2, mask: 255.255.255.0, gw: 192.168.4.1[0m
anchor,A3,24:ec:4a:03:56:41,ch=11
ftm_report,A3,35,35,5.250
[0;32mI (643754) TAG: STA connected to 24:ec:4a:03:58:5d, ch=1 (sec=0)[0m
anchor,A1,24:ec:4a:03:58:5d,ch=1
ftm_report,A1,3,3,0.450
csi_data,A1,[0,0,-12,-8,-12,-8,-13,-7,-12,-7,-13,-7,-13,-7,-13,-6,-12,-6,-12,-5,-13,-5,-13,-4,-13,-4,-14,-4,-14,-3,-14,-3,-14,-3,-15,-3,-15,-4,-15,-5,-14,-5,-14,-6,-14,-6,-13,-6,-13,-7,-12,-8,-11,-8,0,0,0,0,0,0,0,0,0,0,0,0,0,0,0,0,0,0,0,0,0,0,-8,-7,-8,-8,-8,-9,-8,-9,-8,-9,-7,-10,-7,-11,-7,-10,-6,-11,-6,-11,-7,-11,-6,-10,-7,-10,-7,-10,-7,-10,-7,-9,-8,-9,-8,-9,-9,-9,-9,-9,-10,-8,-10,-8,-10,-8,-11,-8,-12,-8,-12,-8]
[0;32mI (644604) TAG: STA connected to 24:ec:4a:04:39:15, ch=6 (sec=0)[0m
anchor,A2,24:ec:4a:04:39:15,ch=6
ftm_report,A2,6,6,0.900
csi_data,A2,[0,0,-14,4,-14,4,-14,4,-13,4,-13,4,-12,5,-12,5,-11,5,-11,5,-10,6,-10,6,-10,6,-10,7,-10,7,-9,7,-9,8,-10,8,-10,8,-10,7,-10,7,-10,7,-10,6,-11,5,-11,5,-10,4,-11,4,0,0,0,0,0,0,0,0,0,0,0,0,0,0,0,0,0,0,0,0,0,0,-12,5,-13,4,-14,3,-14,2,-14,2,-15,1,-15,1,-15,0,-15,0,-14,-1,-15,-1,-14,-1,-14,-1,-14,-1,-14,0,-13,0,-13,1,-13,1,-14,2,-14,2,-14,3,-14,3,-14,3,-14,4,-14,4,-14,4]
[0;32mI (645464) TAG: STA connected to 24:ec:4a:03:56:41, ch=11 (sec=0)[0m
anchor,A3,24:ec:4a:03:56:41,ch=11
ftm_report,A3,30,30,4.500
[0;32mI (646334) TAG: STA connected to 24:ec:4a:03:58:5d, ch=1 (sec=0)[0m
anchor,A1,24:ec:4a:03:58:5d,ch=1
ftm_report,A1,6,6,0.900
csi_data,A1,[0,0,13,4,13,3,13,3,13,3,13,3,13,3,13,2,13,1,13,1,13,0,13,0,13,-1,14,-1,15,-1,14,-1,15,-1,15,-1,16,-1,15,0,16,1,15,2,15,3,15,3,15,4,13,5,13,5,0,0,0,0,0,0,0,0,0,0,0,0,0,0,0,0,0,0,0,0,0,0,9,4,9,5,9,5,9,6,9,6,9,7,8,7,8,7,8,7,8,7,8,7,8,7,8,7,8,7,8,7,8,6,9,6,9,5,10,5,10,5,11,5,11,4,11,4,12,4,13,4,13,4]
[0;32mI (647214) TAG: STA connected to 24:ec:4a:04:39:15, ch=6 (sec=0)[0m
anchor,A2,24:ec:4a:04:39:15,ch=6
ftm_report,A2,4,4,0.600
[0;32mI (648074) TAG: STA connected to 24:ec:4a:03:56:41, ch=11 (sec=0)[0m
csi_data,A3,[0,0,-2,15,-2,14,-2,13,-1,14,-1,12,-1,12,0,12,0,12,1,11,1,11,2,11,2,11,2,11,2,10,3,11,3,11,2,11,2,11,2,11,2,11,1,11,0,10,0,10,-1,10,-1,9,-2,9,0,0,0,0,0,0,0,0,0,0,0,0,0,0,0,0,0,0,0,0,0,0,0,12,0,12,-1,13,-2,12,-2,14,-3,13,-4,14,-5,14,-5,14,-6,13,-6,13,-6,13,-5,12,-5,12,-5,12,-5,13,-4,12,-4,13,-3,13,-3,13,-3,13,-2,13,-2,15,-2,14,-1,14,-1,14]
anchor,A3,24:ec:4a:03:56:41,ch=11
ftm_report,A3,32,32,4.800
[0;32mI (649084) esp_netif_handlers: sta ip: 192.168.4.2, mask: 255.255.255.0, gw: 192.168.4.1[0m
[0;32mI (649494) TAG: STA connected to 24:ec:4a:03:58:5d, ch=1 (sec=0)[0m
anchor,A1,24:ec:4a:03:58:5d,ch=1
ftm_report,A1,3,3,0.450
csi_data,A1,[0,0,-11,10,-11,9,-10,9,-10,10,-10,10,-10,10,-9,10,-9,10,-8,10,-8,11,-8,11,-7,11,-7,11,-7,12,-7,12,-7,13,-8,13,-9,13,-9,13,-9,12,-10,12,-10,11,-11,10,-11,10,-12,9,-12,8,0,0,0,0,0,0,0,0,0,0,0,0,0,0,0,0,0,0,0,0,0,0,-8,6,-9,6,-9,5,-10,5,-10,5,-11,5,-11,4,-11,4,-11,4,-11,3,-12,4,-11,4,-11,3,-11,3,-10,4,-10,5,-10,5,-10,5,-10,6,-10,7,-10,7,-10,7,-10,8,-10,8,-11,9,-11,9]
[0;32mI (650364) TAG: STA connected to 24:ec:4a:04:39:15, ch=6 (sec=0)[0m
anchor,A2,24:ec:4a:04:39:15,ch=6
ftm_report,A2,8,8,1.200
csi_data,A2,[0,0,12,8,11,7,11,7,11,6,11,6,11,6,11,5,11,5,11,4,10,3,11,3,11,2,11,2,11,2,11,2,12,2,11,2,12,2,12,3,12,3,11,3,11,4,10,4,10,4,10,4,9,5,0,0,0,0,0,0,0,0,0,0,0,0,0,0,0,0,0,0,0,0,0,0,11,4,11,5,11,6,11,7,11,8,11,9,10,9,10,10,9,10,9,10,9,10,9,10,9,10,8,9,9,9,8,9,9,9,9,8,10,8,10,8,10,7,11,8,11,7,12,7,12,7,12,7]
[0;32mI (651224) TAG: STA connected to 24:ec:4a:03:56:41, ch=11 (sec=0)[0m
anchor,A3,24:ec:4a:03:56:41,ch=11
ftm_report,A3,31,31,4.650
[0;32mI (652094) TAG: STA connected to 24:ec:4a:03:58:5d, ch=1 (sec=0)[0m
csi_data,A1,[0,0,12,-7,12,-7,12,-7,12,-7,12,-7,11,-8,11,-8,11,-8,10,-9,10,-9,10,-10,10,-10,10,-10,9,-11,9,-11,10,-12,10,-11,10,-12,10,-12,11,-11,11,-11,12,-10,12,-9,12,-8,12,-7,12,-6,0,0,0,0,0,0,0,0,0,0,0,0,0,0,0,0,0,0,0,0,0,0,10,-3,10,-3,10,-2,11,-2,11,-2,11,-2,12,-1,11,-1,12,-1,11,0,12,0,11,0,11,0,11,0,11,-1,11,-2,11,-2,11,-3,11,-3,11,-4,11,-4,12,-5,12,-5,12,-5,12,-6,13,-7]
anchor,A1,24:ec:4a:03:58:5d,ch=1
ftm_report,A1,5,5,0.750
[0;32mI (652944) TAG: STA connected to 24:ec:4a:04:39:15, ch=6 (sec=0)[0m
csi_data,A2,[0,0,12,-7,12,-7,11,-8,11,-8,11,-8,10,-8,10,-8,9,-8,9,-8,8,-9,8,-9,7,-9,7,-9,7,-10,7,-10,7,-11,7,-10,7,-11,7,-10,8,-10,8,-10,8,-9,8,-9,8,-8,8,-7,9,-7,0,0,0,0,0,0,0,0,0,0,0,0,0,0,0,0,0,0,0,0,0,0,10,-8,11,-7,12,-7,12,-6,13,-6,13,-5,14,-4,14,-4,14,-3,14,-3,13,-3,13,-2,13,-3,13,-3,12,-3,12,-4,12,-4,12,-5,12,-5,12,-6,12,-6,12,-6,12,-7,12,-7,12,-7,12,-7]
anchor,A2,24:ec:4a:04:39:15,ch=6
ftm_report,A2,2,2,0.300
[0;32mI (653804) TAG: STA connected to 24:ec:4a:03:56:41, ch=11 (sec=0)[0m
csi_data,A3,[0,0,-7,-14,-7,-14,-7,-13,-6,-13,-7,-12,-7,-12,-7,-11,-7,-11,-7,-11,-8,-10,-8,-10,-8,-9,-9,-9,-9,-8,-9,-9,-9,-9,-9,-9,-9,-9,-9,-10,-8,-9,-8,-9,-7,-9,-7,-9,-6,-9,-6,-9,-5,-9,0,0,0,0,0,0,0,0,0,0,0,0,0,0,0,0,0,0,0,0,0,0,-7,-11,-6,-12,-6,-13,-6,-13,-5,-14,-4,-14,-4,-15,-3,-15,-3,-15,-3,-15,-3,-15,-2,-15,-3,-14,-3,-14,-3,-14,-3,-14,-4,-14,-4,-14,-5,-14,-5,-14,-6,-14,-6,-14,-6,-14,-7,-14,-7,-13,-7,-13]
[0;32mI (654834) esp_netif_handlers: sta ip: 192.168.4.2, mask: 255.255.255.0, gw: 192.168.4.1[0m
anchor,A3,24:ec:4a:03:56:41,ch=11
ftm_report,A3,32,32,4.800
[0;32mI (655684) TAG: STA connected to 24:ec:4a:03:58:5d, ch=1 (sec=0)[0m
anchor,A1,24:ec:4a:03:58:5d,ch=1
ftm_report,A1,3,3,0.450
csi_data,A1,[0,0,8,11,8,11,8,10,8,10,8,10,8,10,9,10,9,9,9,9,9,8,10,8,10,8,10,8,11,8,11,8,11,8,12,8,11,9,11,9,11,10,10,10,10,11,9,11,9,11,7,11,6,11,0,0,0,0,0,0,0,0,0,0,0,0,0,0,0,0,0,0,0,0,0,0,5,8,4,9,4,9,4,10,4,10,3,11,2,11,2,11,2,11,2,11,2,11,2,11,2,11,2,11,3,10,3,10,3,10,4,10,5,10,5,10,5,10,6,10,6,11,7,11,8,11,7,11]
[0;32mI (656544) TAG: STA connected to 24:ec:4a:04:39:15, ch=6 (sec=0)[0m
anchor,A2,24:ec:4a:04:39:15,ch=6
ftm_report,A2,4,4,0.600
csi_data,A2,[0,0,13,3,13,2,13,2,13,2,13,1,12,1,12,1,11,0,11,0,11,-1,11,-1,11,-2,11,-2,11,-3,11,-3,11,-3,12,-3,12,-3,12,-2,12,-2,12,-1,11,-1,11,-1,11,0,10,0,10,1,0,0,0,0,0,0,0,0,0,0,0,0,0,0,0,0,0,0,0,0,0,0,12,1,12,2,12,3,12,3,12,4,13,5,12,6,12,6,12,6,11,7,11,7,11,7,11,6,11,6,11,5,11,5,11,5,11,4,12,4,12,4,12,3,13,3,13,3,13,3,13,3,13,3]
[0;32mI (657394) TAG: STA connected to 24:ec:4a:03:56:41, ch=11 (sec=0)[0m
anchor,A3,24:ec:4a:03:56:41,ch=11
ftm_report,A3,32,32,4.800
csi_data,A3,[0,0,0,15,0,13,-1,13,0,13,1,12,1,12,1,11,2,11,2,11,3,11,3,11,3,10,3,10,4,10,4,10,4,11,3,10,4,11,3,11,3,10,2,10,2,10,1,10,1,9,1,9,0,9,0,0,0,0,0,0,0,0,0,0,0,0,0,0,0,0,0,0,0,0,0,0,2,12,1,12,0,12,-1,13,-1,13,-2,14,-2,14,-3,14,-3,14,-4,13,-4,14,-4,13,-4,13,-4,13,-3,13,-3,13,-3,13,-2,13,-2,13,-1,13,-1,13,-1,13,0,14,0,14,1,14,1,14]
[0;32mI (658284) TAG: STA connected to 24:ec:4a:03:58:5d, ch=1 (sec=0)[0m
anchor,A1,24:ec:4a:03:58:5d,ch=1
ftm_report,A1,5,5,0.750
csi_data,A1,[0,0,12,-6,13,-6,12,-6,12,-6,12,-6,12,-7,11,-7,11,-7,10,-8,10,-8,10,-9,10,-9,10,-9,10,-10,10,-10,10,-10,11,-10,11,-10,11,-10,12,-10,12,-9,12,-8,13,-7,13,-7,13,-6,13,-5,0,0,0,0,0,0,0,0,0,0,0,0,0,0,0,0,0,0,0,0,0,0,9,-3,10,-3,10,-2,10,-1,11,-1,11,-1,11,0,11,0,11,0,11,1,11,0,11,0,11,0,11,0,10,0,11,-1,10,-2,11,-2,11,-2,11,-3,11,-3,12,-4,12,-5,12,-4,12,-5,12,-5]
[0;32mI (659164) TAG: STA connected to 24:ec:4a:04:39:15, ch=6 (sec=0)[0m
anchor,A2,24:ec:4a:04:39:15,ch=6
ftm_report,A2,2,2,0.300
[0;32mI (660024) TAG: STA connected to 24:ec:4a:03:56:41, ch=11 (sec=0)[0m
anchor,A3,24:ec:4a:03:56:41,ch=11
ftm_report,A3,34,34,5.100
[0;32mI (660894) TAG: STA connected to 24:ec:4a:03:58:5d, ch=1 (sec=0)[0m
csi_data,A1,[0,0,-13,7,-13,7,-13,7,-12,7,-12,7,-12,7,-11,8,-11,8,-10,9,-10,9,-10,9,-10,9,-10,9,-10,10,-9,11,-10,11,-10,11,-11,11,-11,11,-11,11,-12,10,-12,9,-12,8,-13,7,-13,6,-13,6,0,0,0,0,0,0,0,0,0,0,0,0,0,0,0,0,0,0,0,0,0,0,-10,3,-10,3,-11,2,-11,2,-11,1,-12,1,-12,1,-12,1,-12,1,-12,0,-12,0,-12,0,-12,0,-12,0,-11,1,-11,2,-11,2,-11,3,-12,3,-11,4,-11,4,-12,5,-12,5,-12,5,-13,5,-13,6]
anchor,A1,24:ec:4a:03:58:5d,ch=1
ftm_report,A1,5,5,0.750
[0;32mI (661804) TAG: STA connected to 24:ec:4a:04:39:15, ch=6 (sec=0)[0m
anchor,A2,24:ec:4a:04:39:15,ch=6
ftm_report,A2,6,6,0.900
csi_data,A2,[0,0,-13,7,-13,7,-13,7,-12,7,-12,7,-11,7,-11,7,-10,7,-10,8,-9,8,-8,8,-8,9,-8,9,-8,10,-8,9,-8,10,-8,10,-8,10,-8,10,-9,9,-9,9,-9,9,-9,8,-9,8,-9,7,-10,6,0,0,0,0,0,0,0,0,0,0,0,0,0,0,0,0,0,0,0,0,0,0,-11,6,-12,6,-13,5,-13,4,-13,4,-14,4,-14,3,-14,3,-15,2,-14,2,-14,2,-14,2,-14,2,-13,2,-13,2,-13,2,-13,3,-12,4,-13,4,-13,5,-13,5,-13,5,-13,6,-13,7,-13,7,-13,7]
[0;32mI (662654) TAG: STA connected to 24:ec:4a:03:56:41, ch=11 (sec=0)[0m
csi_data,A3,[0,0,-10,11,-10,10,-10,10,-9,10,-8,10,-8,10,-8,10,-7,10,-7,10,-6,10,-5,10,-5,10,-5,10,-4,10,-4,11,-4,11,-4,10,-4,11,-5,11,-5,10,-5,10,-6,9,-6,9,-6,8,-6,8,-6,7,0,0,0,0,0,0,0,0,0,0,0,0,0,0,0,0,0,0,0,0,0,0,-8,10,-9,10,-10,9,-10,9,-11,9,-11,9,-12,8,-13,8,-13,8,-13,7,-13,7,-13,7,-13,6,-12,7,-12,7,-12,7,-11,8,-11,8,-11,8,-11,9,-11,9,-10,10,-11,11,-10,10,-10,10,-10,11]
anchor,A3,24:ec:4a:03:56:41,ch=11
ftm_report,A3,502,502,75.300
[0;32mI (663684) esp_netif_handlers: sta ip: 192.168.4.2, mask: 255.255.255.0, gw: 192.168.4.1[0m
[0;32mI (664034) TAG: STA connected to 24:ec:4a:03:58:5d, ch=1 (sec=0)[0m
csi_data,A1,[0,0,1,-15,0,-15,0,-15,0,-15,0,-14,-1,-14,-1,-14,-1,-14,-2,-14,-2,-14,-3,-14,-3,-14,-3,-14,-4,-14,-4,-15,-4,-15,-4,-15,-4,-16,-4,-16,-3,-16,-2,-16,-1,-16,-1,-15,0,-15,1,-15,2,-15,0,0,0,0,0,0,0,0,0,0,0,0,0,0,0,0,0,0,0,0,0,0,2,-11,3,-11,3,-11,3,-11,4,-11,5,-11,5,-11,5,-11,6,-11,6,-10,6,-10,6,-10,5,-10,5,-10,5,-11,4,-11,4,-11,3,-12,3,-12,2,-12,2,-12,1,-13,2,-14,1,-14,1,-14,1,-15]
anchor,A1,24:ec:4a:03:58:5d,ch=1
ftm_report,A1,3,3,0.450
[0;32mI (664884) TAG: STA connected to 24:ec:4a:04:39:15, ch=6 (sec=0)[0m
csi_data,A2,[0,0,-14,-5,-14,-4,-14,-5,-14,-4,-14,-4,-13,-3,-13,-3,-13,-2,-13,-2,-12,-1,-12,-1,-12,0,-13,0,-13,1,-13,1,-13,1,-13,1,-13,0,-13,0,-13,0,-13,-1,-13,-1,-13,-1,-12,-2,-12,-2,-12,-3,0,0,0,0,0,0,0,0,0,0,0,0,0,0,0,0,0,0,0,0,0,0,-13,-3,-13,-4,-13,-5,-13,-6,-13,-6,-13,-7,-13anchor,A2,24:ec:4a:04:39:15,ch=6
ftm_report,A2,4,4,0.600
,-7,-13,-8,-12,-8,-12,-9,-12,-9,-11,-9,-11,-8,-11,-8,-11,-7,-11,-7,-12,-7,-12,-6,-13,-6,-13,-6,-13,-5,-14,-5,-14,-5,-14,-5,-14,-5,-14,-5]
[0;32mI (665754) TAG: STA connected to 24:ec:4a:03:56:41, ch=11 (sec=0)[0m
csi_data,A3,[0,0,-2,15,-2,14,-2,13,-2,13,-1,13,0,12,0,12,1,11,0,12,1,11,1,11,2,11,2,10,2,11,2,11,3,11,3,11,2,11,2,11,2,11,1,11,1,10,0,10,-1,9,-1,9,-2,9,0,0,0,0,0,0,0,0,0,0,0,0,0,0,0,0,0,0,0,0,0,0,-1,12,-1,12,-2,12,-3,13,-3,13,-4,13,-5,13,-5,13,-6,13,-6,13,-7,13,-7,12,-6,12,-6,12,-5,12,-5,12,-5,13,-4,12,-4,13,-3,13,-3,13,-3,13,-3,14,-2,14,-2,14,-2,14]
[1;31mE (666424) wifi:No FTM Measurements received from responder![0m
[0;33mW (666524) TAG: FTM to A3 failed (ESP_FAIL), streak=1[0m
[0;32mI (666784) esp_netif_handlers: sta ip: 192.168.4.2, mask: 255.255.255.0, gw: 192.168.4.1[0m
[0;32mI (667124) TAG: STA connected to 24:ec:4a:03:58:5d, ch=1 (sec=0)[0m
anchor,A1,24:ec:4a:03:58:5d,ch=1
ftm_report,A1,3,3,0.450
[0;32mI (667984) TAG: STA connected to 24:ec:4a:04:39:15, ch=6 (sec=0)[0m
csi_data,A2,[0,0,0,14,0,14,0,13,1,13,1,13,1,12,1,12,2,12,2,11,3,11,4,11,4,10,4,10,5,10,5,11,5,11,5,11,5,11,5,11,4,11,4,12,3,11,3,11,2,11,2,11,1,11,0,0,0,0,0,0,0,0,0,0,0,0,0,0,0,0,0,0,0,0,0,0,1,12,0,13,-1,13,-1,13,-2,13,-3,14,-4,14,-4,13,-4,13,-5,13,-5,13,-5,13,-4,12,-4,12,-4,12,-3,12,-3,12,-2,12,-2,12,-1,13,-1,13,-1,13,0,14,0,14,0,14,0,14]
anchor,A2,24:ec:4a:04:39:15,ch=6
ftm_report,A2,2,2,0.300
[0;32mI (668844) TAG: STA connected to 24:ec:4a:03:56:41, ch=11 (sec=0)[0m
anchor,A3,24:ec:4a:03:56:41,ch=11
ftm_report,A3,30,30,4.500
[0;32mI (669714) TAG: STA connected to 24:ec:4a:03:58:5d, ch=1 (sec=0)[0m
anchor,A1,24:ec:4a:03:58:5d,ch=1
ftm_report,A1,3,3,0.450
csi_data,A1,[0,0,-4,-14,-5,-14,-5,-14,-4,-14,-5,-14,-5,-13,-6,-13,-6,-13,-6,-12,-6,-12,-7,-12,-8,-12,-8,-12,-9,-12,-8,-12,-9,-13,-9,-13,-8,-14,-8,-14,-7,-14,-7,-15,-6,-14,-6,-14,-5,-14,-4,-14,-3,-14,0,0,0,0,0,0,0,0,0,0,0,0,0,0,0,0,0,0,0,0,0,0,-2,-11,-1,-11,-1,-11,-1,-12,0,-12,1,-12,1,-12,2,-12,2,-12,2,-12,2,-12,2,-12,1,-11,1,-11,1,-12,0,-12,0,-12,0,-12,-1,-12,-2,-12,-2,-12,-3,-13,-2,-13,-4,-13,-4,-14,-3,-14]
[0;32mI (670574) TAG: STA connected to 24:ec:4a:04:39:15, ch=6 (sec=0)[0m
anchor,A2,24:ec:4a:04:39:15,ch=6
ftm_report,A2,2,2,0.300
csi_data,A2,[0,0,8,-12,8,-12,8,-11,8,-12,7,-11,7,-11,6,-12,6,-11,5,-11,4,-12,4,-12,3,-12,3,-12,3,-12,2,-13,2,-13,3,-13,3,-13,3,-13,3,-13,3,-13,4,-12,4,-12,5,-11,5,-11,5,-10,0,0,0,0,0,0,0,0,0,0,0,0,0,0,0,0,0,0,0,0,0,0,7,-11,8,-10,9,-10,9,-10,10,-10,10,-9,11,-9,11,-8,11,-8,12,-7,11,-7,11,-7,11,-7,10,-7,10,-7,10,-8,9,-8,9,-9,9,-9,9,-10,9,-10,9,-11,9,-11,9,-11,9,-11,9,-12]
[0;32mI (671434) TAG: STA connected to 24:ec:4a:03:56:41, ch=11 (sec=0)[0m
anchor,A3,24:ec:4a:03:56:41,ch=11
ftm_report,A3,33,33,4.950
[0;32mI (672464) esp_netif_handlers: sta ip: 192.168.4.2, mask: 255.255.255.0, gw: 192.168.4.1[0m
[0;32mI (672804) TAG: STA connected to 24:ec:4a:03:58:5d, ch=1 (sec=0)[0m
anchor,A1,24:ec:4a:03:58:5d,ch=1
ftm_report,A1,3,3,0.450
csi_data,A1,[0,0,-13,7,-12,7,-13,7,-12,7,-12,7,-12,7,-12,7,-11,8,-11,8,-10,9,-10,10,-10,9,-10,10,-10,11,-9,10,-10,11,-10,11,-11,11,-11,11,-12,10,-12,10,-13,9,-13,8,-13,8,-13,7,-13,6,0,0,0,0,0,0,0,0,0,0,0,0,0,0,0,0,0,0,0,0,0,0,-9,4,-10,4,-10,3,-11,3,-11,2,-12,2,-12,2,-12,1,-12,1,-12,1,-12,1,-12,1,-12,1,-12,1,-12,2,-11,3,-12,3,-11,3,-12,4,-12,4,-12,4,-12,5,-12,6,-12,6,-12,6,-13,7]
[0;32mI (673664) TAG: STA connected to 24:ec:4a:04:39:15, ch=6 (sec=0)[0m
anchor,A2,24:ec:4a:04:39:15,ch=6
ftm_report,A2,3,3,0.450
csi_data,A2,[0,0,7,-13,6,-12,7,-13,6,-12,6,-13,5,-12,5,-12,4,-12,3,-12,3,-12,2,-12,2,-12,1,-12,1,-13,1,-12,1,-13,1,-13,1,-13,1,-13,2,-13,2,-13,3,-12,3,-12,3,-12,3,-11,4,-11,0,0,0,0,0,0,0,0,0,0,0,0,0,0,0,0,0,0,0,0,0,0,6,-12,7,-12,7,-12,8,-12,9,-11,10,-11,10,-11,11,-10,11,-10,10,-9,11,-9,10,-9,10,-9,10,-9,10,-9,9,-9,9,-10,8,-10,8,-11,8,-11,8,-11,7,-12,7,-12,7,-13,7,-13,7,-13]
[0;32mI (674574) TAG: STA connected to 24:ec:4a:03:56:41, ch=11 (sec=0)[0m
csi_data,A3,[0,0,-1,15,-1,14,-1,14,-1,13,-1,13,0,13,0,12,1,12,1,12,2,11,2,11,3,11,3,11,3,11,3,11,3,12,3,11,3,11,2,11,2,11,2,11,1,11,1,10,0,10,-1,9,-1,9,0,0,0,0,0,0,0,0,0,0,0,0,0,0,0,0,0,0,0,0,0,0,1,12,0,13,-1,13,-2,14,-2,13,-3,14,-4,14,-5,14,-5,14,-5,13,-6,14,-6,13,-5,13,-5,13,-5,13,-5,13,-4,13,-4,13,-3,13,-2,14,-2,14,-2,14,-2,14,-1,14,-1,15,-1,15]
[0;32mI (675604) esp_netif_handlers: sta ip: 192.168.4.2, mask: 255.255.255.0, gw: 192.168.4.1[0m
[0;33mW (676314) TAG: FTM to A3 failed (ESP_FAIL), streak=1[0m
[0;32mI (676914) TAG: STA connected to 24:ec:4a:03:58:5d, ch=1 (sec=0)[0m
csi_data,A1,[0,0,-14,-5,-14,-5,-15,-5,-14,-4,-14,-4,-14,-4,-14,-3,-14,-3,-14,-2,-14,-1,-14,-1,-14,-1,-15,0,-15,0,-15,0,-16,0,-16,0,-16,0,-16,-1,-16,-2,-16,-2,-16,-3,-15,-3,-15,-4,-14,-5,-14,-6,0,0,0,0,0,0,0,0,0,0,0,0,0,0,0,0,0,0,0,0,0,0,-9,-5,-10,-6,-10,-6,-10,-7,-9,-7,-9,-8,-9,-8,-9,-9,-9,-9,-9,-9,-9,-9,-9,-8,-9,-9,-9,-8,-9,-8,-9,-7,-10,-7,-10,-6,-11,-7,-11,-6,-12,-6,-12,-6,-12,-5,-13,-5,-14,-5,-14,-6]
anchor,A1,24:ec:4a:03:58:5d,ch=1
ftm_report,A1,3,3,0.450
[0;32mI (677784) TAG: STA connected to 24:ec:4a:04:39:15, ch=6 (sec=0)[0m
anchor,A2,24:ec:4a:04:39:15,ch=6
ftm_report,A2,3,3,0.450
csi_data,A2,[0,0,-10,11,-9,11,-9,10,-9,11,-8,11,-8,10,-7,10,-7,10,-6,10,-5,11,-5,11,-4,11,-4,11,-4,11,-4,11,-3,12,-4,12,-4,12,-4,12,-5,12,-5,11,-5,11,-6,11,-6,10,-6,10,-7,9,0,0,0,0,0,0,0,0,0,0,0,0,0,0,0,0,0,0,0,0,0,0,-7,11,-8,11,-9,10,-10,10,-11,9,-11,9,-12,9,-12,8,-12,8,-13,7,-13,7,-12,7,-12,7,-12,7,-11,7,-11,7,-11,8,-10,8,-10,9,-10,9,-10,10,-10,10,-10,11,-10,11,-10,11,-9,11]
[0;32mI (678644) TAG: STA connected to 24:ec:4a:03:56:41, ch=11 (sec=0)[0m
[0;32mI (679674) esp_netif_handlers: sta ip: 192.168.4.2, mask: 255.255.255.0, gw: 192.168.4.1[0m
anchor,A3,24:ec:4a:03:56:41,ch=11
ftm_report,A3,32,32,4.800
[0;32mI (680514) TAG: STA connected to 24:ec:4a:03:58:5d, ch=1 (sec=0)[0m
anchor,A1,24:ec:4a:03:58:5d,ch=1
ftm_report,A1,4,4,0.600
csi_data,A1,[0,0,-8,12,-8,12,-7,12,-7,12,-7,12,-6,12,-6,12,-5,12,-5,12,-5,12,-4,13,-4,13,-4,13,-3,13,-3,14,-3,14,-3,14,-4,15,-4,15,-5,15,-6,14,-6,14,-7,13,-7,13,-8,12,-9,11,0,0,0,0,0,0,0,0,0,0,0,0,0,0,0,0,0,0,0,0,0,0,-7,8,-7,8,-8,7,-8,7,-9,7,-9,7,-10,7,-10,7,-10,7,-10,6,-10,6,-10,6,-10,6,-9,6,-9,7,-9,7,-9,8,-8,8,-8,8,-8,9,-8,9,-8,10,-8,11,-8,11,-8,11,-8,12]
[0;32mI (681394) TAG: STA connected to 24:ec:4a:04:39:15, ch=6 (sec=0)[0m
anchor,A2,24:ec:4a:04:39:15,ch=6
ftm_report,A2,8,8,1.200
csi_data,A2,[0,0,9,10,9,9,9,9,9,9,9,8,9,8,9,7,9,7,9,6,10,6,10,5,10,5,10,4,10,4,10,4,11,4,11,4,11,5,11,5,11,5,10,5,10,5,9,6,9,6,8,7,8,7,0,0,0,0,0,0,0,0,0,0,0,0,0,0,0,0,0,0,0,0,0,0,9,8,9,9,8,10,8,10,8,11,7,12,7,12,6,12,6,12,5,12,5,13,4,12,5,12,5,11,5,11,5,11,6,10,7,10,7,10,8,10,8,10,8,10,9,10,9,10,9,10,10,10]
[0;32mI (682254) TAG: STA connected to 24:ec:4a:03:56:41, ch=11 (sec=0)[0m
anchor,A3,24:ec:4a:03:56:41,ch=11
ftm_report,A3,31,31,4.650
[0;32mI (683124) TAG: STA connected to 24:ec:4a:03:58:5d, ch=1 (sec=0)[0m
anchor,A1,24:ec:4a:03:58:5d,ch=1
ftm_report,A1,3,3,0.450
[0;32mI (683994) TAG: STA connected to 24:ec:4a:04:39:15, ch=6 (sec=0)[0m
csi_data,A2,[0,0,14,1,13,0,13,0,13,0,12,-1,12,-1,12,-1,11,-2,11,-2,11,-3,10,-3,10,-4,10,-4,10,-4,10,-4,11,-5,11,-5,11,-4,11,-4,11,-4,11,-3,11,-3,11,-3,11,-2,10,-2,10,-1,0,0,0,0,0,0,0,0,0,0,0,0,0,0,0,0,0,0,0,0,0,0,13,-2,13,-1,13,1,13,1,14,2,14,3,13,4,14,4,13,4,13,5,13,5,12,5,12,4,12,4,12,4,12,4,12,3,12,2,12,2,13,2,13,1,13,1,13,1,14,0,14,0,14,0]
anchor,A2,24:ec:4a:04:39:15,ch=6
ftm_report,A2,3,3,0.450
[0;32mI (684844) TAG: STA connected to 24:ec:4a:03:56:41, ch=11 (sec=0)[0m
anchor,A3,24:ec:4a:03:56:41,ch=11
ftm_report,A3,31,31,4.650
csi_data,A3,[0,0,12,-8,12,-7,11,-7,11,-8,10,-7,10,-8,9,-8,9,-8,8,-8,8,-8,7,-9,7,-9,7,-9,7,-9,6,-10,7,-10,7,-9,7,-10,7,-9,7,-9,7,-9,7,-8,7,-7,7,-6,7,-6,8,-5,0,0,0,0,0,0,0,0,0,0,0,0,0,0,0,0,0,0,0,0,0,0,9,-8,10,-7,10,-7,11,-6,12,-6,12,-5,13,-5,13,-5,13,-4,13,-3,13,-3,13,-4,13,-3,12,-3,12,-4,12,-4,12,-5,12,-5,12,-5,12,-6,12,-6,12,-7,12,-7,12,-7,12,-7,12,-8]
[0;32mI (685734) TAG: STA connected to 24:ec:4a:03:58:5d, ch=1 (sec=0)[0m
anchor,A1,24:ec:4a:03:58:5d,ch=1
ftm_report,A1,2,2,0.300
csi_data,A1,[0,0,13,5,13,5,14,5,13,5,13,4,13,4,13,3,13,3,13,3,13,2,14,1,14,0,14,0,15,0,14,0,15,0,15,0,16,1,16,2,15,2,16,3,15,4,15,4,14,4,13,5,13,6,0,0,0,0,0,0,0,0,0,0,0,0,0,0,0,0,0,0,0,0,0,0,8,5,9,5,9,6,9,7,9,7,8,8,8,8,8,8,8,9,8,8,8,8,8,8,8,8,8,8,8,8,8,7,9,7,9,6,10,6,10,6,11,6,12,6,11,5,13,5,13,5,13,5]
[0;32mI (686604) TAG: STA connected to 24:ec:4a:04:39:15, ch=6 (sec=0)[0m
anchor,A2,24:ec:4a:04:39:15,ch=6
ftm_report,A2,5,5,0.750
csi_data,A2,[0,0,-14,-6,-14,-5,-14,-5,-13,-5,-13,-5,-13,-4,-13,-4,-12,-3,-12,-3,-12,-2,-12,-2,-12,-1,-12,-1,-13,0,-12,0,-13,0,-13,0,-13,-1,-13,-1,-13,-1,-13,-2,-12,-2,-12,-2,-12,-3,-11,-3,-11,-4,0,0,0,0,0,0,0,0,0,0,0,0,0,0,0,0,0,0,0,0,0,0,-13,-3,-14,-4,-13,-5,-14,-6,-13,-7,-14,-8,-13,-8,-13,-9,-12,-9,-12,-9,-12,-10,-11,-9,-11,-9,-11,-9,-11,-8,-11,-8,-12,-8,-12,-7,-12,-7,-13,-6,-13,-6,-13,-6,-13,-6,-14,-6,-14,-6,-14,-6]
[0;32mI (687474) TAG: STA connected to 24:ec:4a:03:56:41, ch=11 (sec=0)[0m
csi_data,A3,[0,0,-14,-8,-13,-8,-13,-8,-13,-7,-13,-7,-13,-6,-12,-6,-12,-5,-12,-4,-12,-4,-12,-3,-12,-3,-12,-3,-13,-2,-12,-2,-13,-2,-13,-2,-13,-2,-12,-3,-12,-3,-12,-3,-12,-4,-11,-4,-11,-4,-10,-4,-9,-5,0,0,0,0,0,0,0,0,0,0,0,0,0,0,0,0,0,0,0,0,0,0,-12,-6,-12,-7,-12,-8,-11,-9,-11,-10,-11,-10,-11,-11,-11,-11,-10,-12,-10,-12,-10,-12,-10,-12,-10,-11,-10,-11,-10,-11,-10,-10,-11,-10,-11,-10,-12,-10,-12,-9,-12,-9,-13,-9,-13,-8,-13,-8,-13,-8,-13,-8]
[0;32mI (688494) esp_netif_handlers: sta ip: 192.168.4.2, mask: 255.255.255.0, gw: 192.168.4.1[0m
anchor,A3,24:ec:4a:03:56:41,ch=11
ftm_report,A3,32,32,4.800
[0;32mI (689394) TAG: STA connected to 24:ec:4a:03:58:5d, ch=1 (sec=0)[0m
anchor,A1,24:ec:4a:03:58:5d,ch=1
ftm_report,A1,3,3,0.450
csi_data,A1,[0,0,12,-7,12,-7,12,-8,11,-8,12,-8,11,-8,11,-8,10,-8,10,-9,9,-9,9,-10,9,-10,9,-10,9,-11,9,-11,9,-11,10,-11,10,-11,11,-11,11,-10,12,-10,12,-9,12,-8,12,-8,12,-7,13,-6,0,0,0,0,0,0,0,0,0,0,0,0,0,0,0,0,0,0,0,0,0,0,9,-5,9,-5,10,-4,10,-3,10,-3,11,-3,11,-2,11,-2,11,-2,11,-1,11,-2,11,-2,11,-1,11,-2,11,-2,10,-3,11,-3,10,-4,11,-4,11,-5,11,-5,11,-6,11,-6,11,-6,12,-6,12,-7]
[0;32mI (690254) TAG: STA connected to 24:ec:4a:04:39:15, ch=6 (sec=0)[0m
anchor,A2,24:ec:4a:04:39:15,ch=6
ftm_report,A2,7,7,1.050
[0;32mI (691114) TAG: STA connected to 24:ec:4a:03:56:41, ch=11 (sec=0)[0m
csi_data,A3,[0,0,7,13,7,12,6,12,6,12,7,10,7,10,7,10,7,9,7,9,8,8,8,8,8,7,8,7,9,7,9,7,8,7,9,7,9,7,9,7,8,7,8,8,7,8,7,8,6,8,5,7,5,8,0,0,0,0,0,0,0,0,0,0,0,0,0,0,0,0,0,0,0,0,0,0,6,10,5,10,5,12,5,12,4,13,4,13,3,14,3,14,2,14,2,14,2,14,2,13,2,13,2,13,2,13,2,13,3,13,3,13,4,12,5,12,5,13,5,13,6,13,6,13,7,13,6,12]
anchor,A3,24:ec:4a:03:56:41,ch=11
ftm_report,A3,33,33,4.950
[0;32mI (691984) TAG: STA connected to 24:ec:4a:03:58:5d, ch=1 (sec=0)[0m
csi_data,A1,[0,0,-2,-15,-3,-15,-3,-15,-3,-15,-3,-14,-3,-14,-4,-14,-4,-13,-4,-14,-5,-13,-6,-14,-6,-13,-7,-13,-7,-14,-7,-14,-7,-14,-7,-14,-7,-15,-6,-15,-5,-15,-5,-16,-4,-15,-4,-15,-3,-15,-2,-15,-1,-15,0,0,0,0,0,0,0,0,0,0,0,0,0,0,0,0,0,0,0,0,0,0,0,-11,0,-11,0,-11,1,-11,1,-11,2,-12,3,-12,3,-12,3,-12,3,-11,3,-12,3,-11,2,-11,2,-12,2,-11,2,-12,1,-12,1,-12,0,-12,0,-12,-1,-13,-1,-13,-1,-13,-2,-14,-3,-14,-2,-15]
anchor,A1,24:ec:4a:03:58:5d,ch=1
ftm_report,A1,2,2,0.300
[0;32mI (692854) TAG: STA connected to 24:ec:4a:04:39:15, ch=6 (sec=0)[0m
anchor,A2,24:ec:4a:04:39:15,ch=6
ftm_report,A2,5,5,0.750
csi_data,A2,[0,0,-13,-8,-12,-8,-12,-8,-11,-8,-12,-7,-11,-7,-11,-6,-11,-5,-11,-5,-11,-4,-11,-4,-12,-3,-12,-3,-12,-3,-12,-3,-12,-3,-12,-2,-12,-3,-13,-3,-12,-3,-12,-4,-12,-4,-11,-4,-11,-5,-11,-5,-10,-6,0,0,0,0,0,0,0,0,0,0,0,0,0,0,0,0,0,0,0,0,0,0,-13,-6,-13,-7,-12,-8,-12,-9,-12,-10,-12,-11,-11,-11,-11,-12,-10,-12,-10,-12,-10,-12,-9,-11,-9,-11,-9,-11,-9,-10,-9,-10,-10,-10,-10,-9,-10,-9,-11,-9,-11,-9,-12,-9,-12,-8,-12,-8,-13,-8,-12,-8]
[0;32mI (693714) TAG: STA connected to 24:ec:4a:03:56:41, ch=11 (sec=0)[0m
anchor,A3,24:ec:4a:03:56:41,ch=11
ftm_report,A3,31,31,4.650
csi_data,A3,[0,0,-8,-13,-8,-13,-8,-12,-8,-12,-8,-11,-8,-11,-8,-10,-9,-10,-9,-10,-9,-9,-9,-9,-9,-8,-10,-8,-10,-8,-10,-8,-10,-8,-10,-8,-10,-8,-10,-8,-9,-8,-9,-9,-8,-9,-8,-9,-7,-9,-6,-9,-5,-9,0,0,0,0,0,0,0,0,0,0,0,0,0,0,0,0,0,0,0,0,0,0,-8,-10,-7,-11,-7,-12,-6,-12,-6,-13,-6,-14,-5,-14,-5,-14,-4,-14,-4,-14,-4,-14,-3,-14,-4,-14,-4,-14,-4,-13,-4,-13,-5,-13,-5,-13,-6,-13,-7,-12,-7,-13,-7,-13,-8,-13,-8,-13,-8,-13,-8,-13]
[0;32mI (694564) TAG: STA connected to 24:ec:4a:03:58:5d, ch=1 (sec=0)[0m
anchor,A1,24:ec:4a:03:58:5d,ch=1
ftm_report,A1,3,3,0.450
csi_data,A1,[0,0,-11,-10,-12,-9,-12,-9,-11,-9,-12,-9,-12,-8,-12,-8,-12,-8,-12,-7,-12,-7,-13,-6,-13,-6,-13,-6,-14,-6,-14,-6,-14,-6,-15,-6,-15,-7,-15,-7,-14,-8,-14,-8,-13,-9,-13,-9,-12,-10,-11,-10,-10,-11,0,0,0,0,0,0,0,0,0,0,0,0,0,0,0,0,0,0,0,0,0,0,-7,-8,-7,-9,-7,-9,-7,-10,-7,-10,-6,-10,-5,-11,-5,-11,-5,-11,-5,-11,-5,-11,-5,-11,-6,-11,-6,-10,-6,-10,-6,-10,-7,-10,-7,-9,-8,-10,-8,-9,-9,-9,-10,-9,-9,-9,-11,-9,-11,-10,-11,-10]
[0;32mI (695434) TAG: STA connected to 24:ec:4a:04:39:15, ch=6 (sec=0)[0m
anchor,A2,24:ec:4a:04:39:15,ch=6
ftm_report,A2,2,2,0.300
csi_data,A2,[0,0,-3,-14,-3,-14,-4,-14,-4,-14,-4,-13,-4,-12,-5,-12,-5,-11,-5,-11,-6,-11,-6,-11,-6,-10,-6,-10,-7,-10,-8,-10,-8,-10,-8,-10,-8,-11,-8,-11,-7,-11,-7,-11,-6,-11,-6,-11,-5,-11,-4,-11,-4,-11,0,0,0,0,0,0,0,0,0,0,0,0,0,0,0,0,0,0,0,0,0,0,-4,-13,-4,-14,-2,-14,-2,-14,-1,-15,0,-15,0,-15,1,-15,1,-15,2,-14,2,-14,2,-14,2,-14,1,-13,1,-13,0,-13,0,-13,-1,-13,-1,-13,-2,-13,-2,-14,-3,-14,-3,-14,-3,-14,-3,-14,-3,-15]
[0;32mI (696294) TAG: STA connected to 24:ec:4a:03:56:41, ch=11 (sec=0)[0m
csi_data,A3,[0,0,9,11,8,11,8,11,8,10,8,10,9,9,8,8,9,8,8,8,9,7,9,7,9,6,9,6,10,6,9,6,9,6,10,6,9,6,10,6,9,6,9,7,8,7,7,7,6,7,6,7,5,7,0,0,0,0,0,0,0,0,0,0,0,0,0,0,0,0,0,0,0,0,0,0,8,9,8,9,7,10,7,11,7,11,6,12,6,12,6,13,5,13,5,13,4,13,4,13,4,13,4,13,5,12,5,12,5,12,6,11,6,12,7,11,8,11,8,11,8,11,8,11,8,11,8,11]
[0;32mI (697314) esp_netif_handlers: sta ip: 192.168.4.2, mask: 255.255.255.0, gw: 192.168.4.1[0m
anchor,A3,24:ec:4a:03:56:41,ch=11
ftm_report,A3,30,30,4.500
csi_data,A3,[0,0,-15,-3,-15,-4,-15,-4,-13,-3,-14,-3,-14,-3,-13,-2,-13,-1,-12,-1,-12,0,-12,0,-12,1,-13,1,-13,1,-12,1,-12,1,-13,1,-13,1,-13,1,-12,0,-12,0,-12,-1,-11,-1,-11,-1,-11,-2,-10,-2,0,0,0,0,0,0,0,0,0,0,0,0,0,0,0,0,0,0,0,0,0,0,-12,-3,-13,-4,-13,-4,-13,-5,-13,-5,-14,-7,-13,-7,-13,-7,-13,-8,-13,-8,-13,-8,-12,-8,-12,-8,-12,-8,-12,-7,-12,-7,-13,-7,-13,-6,-14,-6,-14,-5,-14,-5,-14,-5,-14,-4,-15,-4,-15,-4,-15,-4]
[0;32mI (698174) TAG: STA connected to 24:ec:4a:03:58:5d, ch=1 (sec=0)[0m
anchor,A1,24:ec:4a:03:58:5d,ch=1
ftm_report,A1,2,2,0.300
[0;32mI (699024) TAG: STA connected to 24:ec:4a:04:39:15, ch=6 (sec=0)[0m
csi_data,A2,[0,0,13,4,13,3,13,3,12,3,12,3,12,2,12,2,12,1,11,1,11,0,11,-1,11,-1,11,-2,11,-2,11,-2,12,-2,12,-2,12,-2,12,-1,12,-1,12,0,12,0,11,0,11,0,11,1,11,2,0,0,0,0,0,0,0,0,0,0,0,0,0,0,0,0,0,0,0,0,0,0,12,2,12,3,12,4,12,5,12,5,12,6,11,7,11,8,11,8,11,8,11,8,10,8,10,7,10,7,10,7,10,6,11,6,11,5,11,5,12,5,12,5,12,4,13,4,13,4,13,4,13,4]
anchor,A2,24:ec:4a:04:39:15,ch=6
ftm_report,A2,2,2,0.300
[0;32mI (699904) TAG: STA connected to 24:ec:4a:03:56:41, ch=11 (sec=0)[0m
anchor,A3,24:ec:4a:03:56:41,ch=11
ftm_report,A3,33,33,4.950
[0;32mI (700774) TAG: STA connected to 24:ec:4a:03:58:5d, ch=1 (sec=0)[0m
anchor,A1,24:ec:4a:03:58:5d,ch=1
ftm_report,A1,3,3,0.450
csi_data,A1,[0,0,-7,-13,-8,-13,-8,-13,-7,-13,-8,-13,-8,-12,-8,-12,-8,-12,-8,-11,-9,-11,-10,-11,-10,-10,-11,-10,-11,-10,-11,-11,-11,-11,-11,-11,-11,-12,-11,-12,-10,-13,-10,-13,-9,-13,-8,-13,-8,-13,-7,-13,-6,-14,0,0,0,0,0,0,0,0,0,0,0,0,0,0,0,0,0,0,0,0,0,0,-4,-10,-3,-11,-3,-11,-3,-12,-2,-12,-1,-12,-1,-12,-1,-12,0,-12,-1,-12,-1,-12,-1,-12,-1,-12,-1,-12,-2,-11,-2,-12,-2,-12,-3,-12,-4,-12,-4,-12,-5,-12,-5,-12,-5,-12,-6,-13,-7,-13,-7,-13]
[0;32mI (701694) TAG: STA connected to 24:ec:4a:04:39:15, ch=6 (sec=0)[0m
anchor,A2,24:ec:4a:04:39:15,ch=6
ftm_report,A2,3,3,0.450
csi_data,A2,[0,0,10,-11,9,-11,9,-11,9,-11,8,-11,8,-11,7,-10,7,-11,6,-11,5,-11,5,-11,4,-11,4,-12,3,-12,3,-12,4,-12,4,-12,4,-12,4,-13,4,-12,5,-12,5,-11,5,-11,6,-11,6,-10,6,-10,0,0,0,0,0,0,0,0,0,0,0,0,0,0,0,0,0,0,0,0,0,0,8,-11,9,-10,10,-10,10,-9,11,-9,12,-9,12,-8,12,-8,12,-7,13,-6,12,-7,12,-6,12,-6,11,-7,11,-7,11,-7,10,-8,10,-8,10,-9,10,-9,10,-9,10,-10,10,-11,10,-11,10,-11,10,-11]
[0;32mI (702544) TAG: STA connected to 24:ec:4a:03:56:41, ch=11 (sec=0)[0m
anchor,A3,24:ec:4a:03:56:41,ch=11
ftm_report,A3,31,31,4.650
csi_data,A3,[0,0,9,11,8,11,8,10,8,10,8,9,8,9,8,8,9,8,8,8,9,7,9,6,9,6,10,6,10,5,10,6,10,6,10,6,9,6,9,6,9,6,8,7,8,7,7,7,7,7,6,7,5,7,0,0,0,0,0,0,0,0,0,0,0,0,0,0,0,0,0,0,0,0,0,0,9,8,8,8,8,10,7,10,7,11,7,11,6,12,6,12,5,13,5,13,5,13,5,12,5,12,5,12,5,11,5,12,6,11,6,11,7,11,7,11,8,11,8,11,8,11,9,11,9,11,9,10]
[0;32mI (703404) TAG: STA connected to 24:ec:4a:03:58:5d, ch=1 (sec=0)[0m
anchor,A1,24:ec:4a:03:58:5d,ch=1
ftm_report,A1,2,2,0.300
csi_data,A1,[0,0,6,12,7,12,7,12,7,12,7,12,7,11,8,11,8,10,8,10,8,10,9,10,9,9,9,9,10,9,10,9,11,10,11,10,11,11,10,11,10,11,9,11,9,11,8,12,7,12,6,13,5,13,0,0,0,0,0,0,0,0,0,0,0,0,0,0,0,0,0,0,0,0,0,0,3,9,3,10,3,10,3,11,2,11,1,12,1,12,0,12,0,12,0,12,0,12,0,12,0,11,0,11,1,11,1,11,2,11,2,11,3,11,4,11,4,11,5,11,4,12,5,12,6,12,6,12]
[0;32mI (704264) TAG: STA connected to 24:ec:4a:04:39:15, ch=6 (sec=0)[0m
anchor,A2,24:ec:4a:04:39:15,ch=6
ftm_report,A2,2,2,0.300
[0;32mI (705124) TAG: STA connected to 24:ec:4a:03:56:41, ch=11 (sec=0)[0m
anchor,A3,24:ec:4a:03:56:41,ch=11
ftm_report,A3,30,30,4.500
[0;32mI (706004) TAG: STA connected to 24:ec:4a:03:58:5d, ch=1 (sec=0)[0m
csi_data,A1,[0,0,3,13,3,13,3,13,4,13,4,13,4,13,5,12,5,12,5,12,5,12,6,12,7,11,7,11,7,11,8,12,7,12,8,13,7,13,7,13,6,14,6,14,5,14,4,14,4,14,2,14,1,13,0,0,0,0,0,0,0,0,0,0,0,0,0,0,0,0,0,0,0,0,0,0,1,10,1,10,0,11,0,10,-1,11,-1,11,-2,12,-2,11,-3,12,-3,11,-3,11,-3,11,-2,11,-2,11,-2,10,-1,11,-1,11,-1,11,0,11,1,12,1,11,2,12,2,13,3,13,3,13,3,13]
anchor,A1,24:ec:4a:03:58:5d,ch=1
ftm_report,A1,3,3,0.450
[0;32mI (706864) TAG: STA connected to 24:ec:4a:04:39:15, ch=6 (sec=0)[0m
anchor,A2,24:ec:4a:04:39:15,ch=6
ftm_report,A2,3,3,0.450
csi_data,A2,[0,0,12,-6,12,-6,12,-6,12,-7,11,-7,11,-7,10,-7,10,-7,9,-8,9,-8,9,-8,8,-9,8,-9,8,-9,8,-9,8,-10,8,-10,8,-10,8,-10,8,-9,9,-9,9,-9,9,-8,9,-7,9,-7,9,-6,0,0,0,0,0,0,0,0,0,0,0,0,0,0,0,0,0,0,0,0,0,0,11,-6,11,-6,12,-5,12,-5,13,-4,13,-4,13,-3,13,-3,13,-2,13,-1,13,-1,13,-1,12,-1,12,-1,12,-2,12,-2,12,-3,12,-4,12,-4,12,-5,12,-5,12,-6,12,-6,13,-6,13,-6,13,-7]
[0;32mI (707724) TAG: STA connected to 24:ec:4a:03:56:41, ch=11 (sec=0)[0m
csi_data,A3,[0,0,-14,5,-14,3,-14,4,-13,4,-13,4,-13,5,-12,4,-11,5,-11,5,-10,6,-10,6,-10,6,-10,6,-10,6,-10,7,-10,7,-10,7,-10,7,-10,7,-10,6,-10,6,-10,4,-10,4,-10,4,-10,3,-10,3,0,0,0,0,0,0,0,0,0,0,0,0,0,0,0,0,0,0,0,0,0,0,-12,5,-12,4,-13,3,-14,3,-14,2,-15,2,-15,2,-15,1,-15,1,-15,0,-15,0,-15,0,-14,0,-14,0,-14,0,-14,0,-14,1,-14,2,-14,2,-14,2,-14,3,-14,3,-15,4,-15,4,-14,4,-14,4]
[0;32mI (708754) esp_netif_handlers: sta ip: 192.168.4.2, mask: 255.255.255.0, gw: 192.168.4.1[0m
anchor,A3,24:ec:4a:03:56:41,ch=11
ftm_report,A3,32,32,4.800
[0;32mI (709594) TAG: STA connected to 24:ec:4a:03:58:5d, ch=1 (sec=0)[0m
anchor,A1,24:ec:4a:03:58:5d,ch=1
ftm_report,A1,3,3,0.450
csi_data,A1,[0,0,13,0,14,0,13,0,13,-1,13,-1,13,-1,13,-1,13,-1,12,-2,13,-3,13,-3,13,-4,13,-4,13,-4,13,-5,13,-5,14,-5,14,-4,14,-4,14,-3,15,-3,14,-2,14,-1,14,0,14,0,13,1,0,0,0,0,0,0,0,0,0,0,0,0,0,0,0,0,0,0,0,0,0,0,9,1,10,2,10,3,10,3,10,4,10,4,10,4,10,5,10,5,10,5,10,5,10,5,9,5,9,5,10,4,10,3,10,3,10,2,11,3,11,2,11,2,12,1,12,1,13,1,13,1,13,1]
[0;32mI (710454) TAG: STA connected to 24:ec:4a:04:39:15, ch=6 (sec=0)[0m
anchor,A2,24:ec:4a:04:39:15,ch=6
ftm_report,A2,2,2,0.300
csi_data,A2,[0,0,-11,-10,-11,-10,-11,-10,-11,-9,-11,-9,-11,-8,-11,-8,-11,-7,-11,-7,-11,-6,-11,-6,-11,-5,-12,-5,-12,-5,-12,-5,-12,-5,-12,-5,-13,-5,-12,-5,-12,-6,-12,-6,-11,-6,-11,-6,-11,-7,-10,-7,-10,-7,0,0,0,0,0,0,0,0,0,0,0,0,0,0,0,0,0,0,0,0,0,0,-11,-8,-11,-9,-10,-10,-10,-11,-9,-11,-9,-12,-9,-12,-8,-13,-8,-13,-7,-12,-7,-12,-7,-12,-7,-12,-7,-12,-7,-11,-7,-11,-8,-11,-8,-11,-9,-11,-9,-10,-10,-10,-10,-10,-11,-10,-11,-10,-11,-10,-11,-10]
[0;32mI (711314) TAG: STA connected to 24:ec:4a:03:56:41, ch=11 (sec=0)[0m
anchor,A3,24:ec:4a:03:56:41,ch=11
ftm_report,A3,19,19,2.850
[0;32mI (712344) esp_netif_handlers: sta ip: 192.168.4.2, mask: 255.255.255.0, gw: 192.168.4.1[0m
[0;32mI (712684) TAG: STA connected to 24:ec:4a:03:58:5d, ch=1 (sec=0)[0m
anchor,A1,24:ec:4a:03:58:5d,ch=1
ftm_report,A1,4,4,0.600
csi_data,A1,[0,0,-1,14,-1,14,-1,14,-1,14,0,14,0,13,0,13,1,13,1,13,2,13,2,13,3,12,3,13,3,13,3,13,4,14,3,14,3,15,3,15,2,15,1,15,0,14,0,14,-1,14,-2,14,-3,13,0,0,0,0,0,0,0,0,0,0,0,0,0,0,0,0,0,0,0,0,0,0,-2,10,-2,10,-3,10,-3,10,-4,10,-5,11,-5,10,-5,10,-6,10,-5,10,-6,10,-6,10,-5,10,-5,10,-4,10,-4,10,-4,10,-3,11,-3,11,-2,11,-2,12,-2,12,-2,13,-1,13,-1,13,-1,14]
[0;32mI (713544) TAG: STA connected to 24:ec:4a:04:39:15, ch=6 (sec=0)[0m
anchor,A2,24:ec:4a:04:39:15,ch=6
ftm_report,A2,3,3,0.450
csi_data,A2,[0,0,13,3,13,2,13,2,13,2,13,1,12,1,12,0,12,0,11,-1,11,-1,11,-2,11,-2,10,-3,11,-3,11,-3,11,-4,11,-3,12,-3,11,-3,11,-3,11,-2,11,-2,11,-2,11,-1,10,0,10,0,0,0,0,0,0,0,0,0,0,0,0,0,0,0,0,0,0,0,0,0,0,0,13,1,13,2,13,3,13,4,13,5,13,5,13,6,13,6,12,7,12,7,12,8,12,7,11,7,11,6,11,6,11,5,11,5,11,5,12,4,12,3,12,3,13,3,13,3,13,3,14,3,14,2]
[0;32mI (714464) TAG: STA connected to 24:ec:4a:03:56:41, ch=11 (sec=0)[0m
csi_data,A3,[0,0,-3,-16,-2,-14,-3,-14,-3,-14,-3,-14,-3,-13,-3,-13,-4,-12,-4,-12,-5,-12,-5,-12,-6,-11,-6,-11,-6,-11,-6,-11,-7,-11,-6,-11,-6,-12,-6,-12,-5,-12,-5,-12,-4,-11,-4,-11,-3,-11,-3,-11,-2,-11,0,0,0,0,0,0,0,0,0,0,0,0,0,0,0,0,0,0,0,0,0,0,-4,-13,-3,-13,-3,-13,-2,-14,-2,-14,-1,-15,0,-15,1,-15,1,-15,1,-15,2,-15,2,-15,1,-14,1,-14,1,-14,1,-14,0,-14,0,-14,-1,-14,-1,-14,-1,-15,-2,-14,-2,-15,-3,-15,-3,-15,-3,-15]
[0;32mI (715474) esp_netif_handlers: sta ip: 192.168.4.2, mask: 255.255.255.0, gw: 192.168.4.1[0m
anchor,A3,24:ec:4a:03:56:41,ch=11
ftm_report,A3,3,3,0.450
[0;32mI (716334) TAG: STA connected to 24:ec:4a:03:58:5d, ch=1 (sec=0)[0m
anchor,A1,24:ec:4a:03:58:5d,ch=1
ftm_report,A1,5,5,0.750
csi_data,A1,[0,0,-1,-15,-1,-15,-1,-15,-1,-15,-2,-15,-2,-14,-2,-14,-3,-14,-3,-14,-3,-14,-4,-14,-4,-13,-5,-13,-5,-14,-5,-14,-5,-14,-5,-15,-5,-15,-4,-15,-4,-15,-3,-15,-2,-15,-2,-15,-1,-15,0,-14,1,-14,0,0,0,0,0,0,0,0,0,0,0,0,0,0,0,0,0,0,0,0,0,0,0,-11,0,-11,0,-11,1,-11,1,-12,2,-12,3,-12,3,-12,4,-12,3,-11,4,-12,4,-12,3,-12,3,-11,3,-11,2,-12,2,-12,2,-12,1,-12,1,-13,0,-13,0,-13,0,-14,-1,-14,-1,-14,-1,-15]
[0;32mI (717204) TAG: STA connected to 24:ec:4a:04:39:15, ch=6 (sec=0)[0m
anchor,A2,24:ec:4a:04:39:15,ch=6
ftm_report,A2,4,4,0.600
[0;32mI (718064) TAG: STA connected to 24:ec:4a:03:56:41, ch=11 (sec=0)[0m
csi_data,A3,[0,0,7,13,6,12,6,12,6,12,6,11,7,10,6,10,7,9,7,9,7,8,8,8,8,8,8,7,8,7,8,8,8,8,9,8,8,8,8,8,8,8,7,8,6,8,6,8,5,8,5,8,4,8,0,0,0,0,0,0,0,0,0,0,0,0,0,0,0,0,0,0,0,0,0,0,7,10,6,10,6,11,6,11,5,12,4,13,4,13,4,14,3,14,3,14,2,14,2,13,3,13,3,13,3,12,3,13,3,13,4,12,4,12,5,12,5,12,5,12,6,13,7,12,6,12,6,12]
[0;32mI (719094) esp_netif_handlers: sta ip: 192.168.4.2, mask: 255.255.255.0, gw: 192.168.4.1[0m
[0;33mW (719804) TAG: FTM to A3 failed (ESP_FAIL), streak=1[0m
[0;32mI (720404) TAG: STA connected to 24:ec:4a:03:58:5d, ch=1 (sec=0)[0m
anchor,A1,24:ec:4a:03:58:5d,ch=1
ftm_report,A1,5,5,0.750
csi_data,A1,[0,0,-9,11,-9,11,-9,11,-9,11,-8,11,-8,11,-8,11,-7,11,-7,11,-6,11,-6,12,-5,12,-5,12,-5,13,-5,13,-5,13,-5,13,-6,14,-6,14,-7,13,-7,13,-8,12,-8,11,-8,11,-9,11,-10,10,0,0,0,0,0,0,0,0,0,0,0,0,0,0,0,0,0,0,0,0,0,0,-7,7,-8,7,-8,7,-9,7,-9,6,-10,6,-11,6,-11,6,-11,5,-10,5,-11,6,-11,6,-11,5,-10,6,-10,6,-10,6,-10,7,-9,7,-10,7,-9,8,-9,8,-9,9,-9,9,-9,10,-9,11,-9,11]
[0;32mI (721254) TAG: STA connected to 24:ec:4a:04:39:15, ch=6 (sec=0)[0m
anchor,A2,24:ec:4a:04:39:15,ch=6
ftm_report,A2,2,2,0.300
[0;32mI (722114) TAG: STA connected to 24:ec:4a:03:56:41, ch=11 (sec=0)[0m
csi_data,A3,[0,0,-16,-3,-15,-3,-14,-3,-14,-2,-14,-2,-14,-2,-13,-1,-13,-1,-12,0,-12,0,-12,1,-12,1,-12,2,-12,2,-12,2,-12,2,-13,2,-12,2,-12,1,-12,1,-12,0,-12,0,-12,-1,-11,-1,-10,-1,-10,-2,0,0,0,0,0,0,0,0,0,0,0,0,0,0,0,0,0,0,0,0,0,0,-13,-1,-13,-2,-14,-3,-14,-3,-14,-4,-14,-5,-14,-6,-14,-6,-14,-7,-14,-7,-13,-7,-13,-7,-13,-7,-13,-6,-13,-6,-13,-6,-13,-5,-13,-5,-14,-5,-14,-4,-14,-4,-14,-3,-15,-3,-15,-3,-15,-3,-15,-2]
[0;32mI (723124) esp_netif_handlers: sta ip: 192.168.4.2, mask: 255.255.255.0, gw: 192.168.4.1[0m
[0;33mW (723854) TAG: FTM to A3 failed (ESP_FAIL), streak=1[0m
[0;32mI (724454) TAG: STA connected to 24:ec:4a:03:58:5d, ch=1 (sec=0)[0m
anchor,A1,24:ec:4a:03:58:5d,ch=1
ftm_report,A1,3,3,0.450
csi_data,A1,[0,0,-11,-9,-12,-10,-12,-9,-12,-9,-12,-9,-12,-8,-12,-8,-12,-7,-12,-7,-12,-6,-13,-6,-13,-6,-13,-6,-14,-5,-14,-6,-14,-6,-14,-6,-14,-6,-14,-7,-14,-7,-13,-8,-13,-9,-13,-9,-12,-9,-11,-10,-10,-10,0,0,0,0,0,0,0,0,0,0,0,0,0,0,0,0,0,0,0,0,0,0,-8,-7,-8,-8,-8,-8,-8,-9,-7,-9,-7,-10,-7,-10,-6,-10,-6,-11,-6,-11,-6,-11,-6,-10,-6,-10,-6,-10,-7,-10,-7,-10,-7,-9,-8,-9,-8,-9,-9,-9,-9,-9,-10,-9,-10,-9,-11,-9,-11,-9,-11,-9]
[0;32mI (725334) TAG: STA connected to 24:ec:4a:04:39:15, ch=6 (sec=0)[0m
anchor,A2,24:ec:4a:04:39:15,ch=6
ftm_report,A2,2,2,0.300
csi_data,A2,[0,0,7,12,7,11,6,11,7,11,7,10,7,9,7,9,7,8,7,8,8,7,8,7,8,6,8,6,9,6,9,6,9,6,9,6,9,6,9,6,9,6,9,6,8,6,8,7,7,7,7,7,6,7,0,0,0,0,0,0,0,0,0,0,0,0,0,0,0,0,0,0,0,0,0,0,8,10,8,11,7,12,6,13,6,13,5,14,5,14,4,14,3,14,3,14,2,14,3,14,3,13,3,13,3,13,3,12,4,12,4,12,5,12,5,12,6,11,6,12,7,12,7,12,7,12,7,12]
[0;32mI (726194) TAG: STA connected to 24:ec:4a:03:56:41, ch=11 (sec=0)[0m
csi_data,A3,[0,0,-11,-11,-11,-11,-11,-10,-10,-10,-11,-9,-11,-9,-10,-8,-10,-7,-10,-7,-10,-6,-10,-6,-11,-5,-11,-5,-12,-5,-12,-5,-12,-5,-12,-5,-11,-5,-11,-6,-11,-6,-11,-6,-10,-7,-10,-7,-9,-7,-8,-7,-8,-7,0,0,0,0,0,0,0,0,0,0,0,0,0,0,0,0,0,0,0,0,0,0,-10,-8,-10,-9,-10,-10,-9,-10,-9,-11,-9,-12,-9,-12,-8,-13,-8,-13,-8,-13,-7,-13,-7,-13,-7,-13,-7,-12,-8,-12,-8,-12,-8,-12,-8,-11,-9,-12,-9,-11,-10,-11,-10,-11,-11,-11,-11,-11,-11,-11,-10,-10]
[0;32mI (727214) esp_netif_handlers: sta ip: 192.168.4.2, mask: 255.255.255.0, gw: 192.168.4.1[0m
[0;33mW (727934) TAG: FTM to A3 failed (ESP_FAIL), streak=1[0m
[0;32mI (728534) TAG: STA connected to 24:ec:4a:03:58:5d, ch=1 (sec=0)[0m
anchor,A1,24:ec:4a:03:58:5d,ch=1
ftm_report,A1,3,3,0.450
csi_data,A1,[0,0,8,11,9,10,9,10,9,10,9,10,9,9,9,9,9,9,9,8,10,8,10,8,10,7,11,7,12,7,11,7,12,7,12,8,12,8,12,9,11,9,11,10,10,10,10,10,9,10,8,11,7,11,0,0,0,0,0,0,0,0,0,0,0,0,0,0,0,0,0,0,0,0,0,0,5,8,5,8,4,9,4,9,4,10,3,10,3,10,2,10,2,11,2,10,2,10,2,10,3,10,3,10,3,10,4,10,4,10,4,9,5,10,6,10,6,10,7,10,7,10,8,10,8,10,8,11]
[0;32mI (729394) TAG: STA connected to 24:ec:4a:04:39:15, ch=6 (sec=0)[0m
anchor,A2,24:ec:4a:04:39:15,ch=6
ftm_report,A2,5,5,0.750
csi_data,A2,[0,0,-13,-7,-13,-7,-12,-7,-12,-6,-12,-6,-12,-5,-12,-5,-11,-4,-11,-4,-11,-3,-11,-3,-11,-2,-11,-2,-11,-1,-11,-1,-12,-1,-12,-1,-12,-1,-12,-1,-12,-1,-12,-2,-11,-2,-11,-2,-11,-3,-10,-3,-10,-4,0,0,0,0,0,0,0,0,0,0,0,0,0,0,0,0,0,0,0,0,0,0,-13,-6,-13,-7,-13,-8,-13,-9,-12,-9,-12,-10,-12,-11,-12,-11,-11,-11,-11,-11,-10,-11,-10,-11,-10,-11,-10,-10,-10,-10,-10,-10,-10,-9,-11,-9,-11,-9,-12,-8,-12,-8,-12,-8,-13,-7,-13,-7,-13,-7,-13,-7]
[0;32mI (730254) TAG: STA connected to 24:ec:4a:03:56:41, ch=11 (sec=0)[0m
[1;31mE (730924) wifi:No FTM Measurements received from responder![0m
[0;33mW (731024) TAG: FTM to A3 failed (ESP_FAIL), streak=1[0m
csi_data,A3,[0,0,5,14,5,14,5,13,4,12,5,12,5,11,6,11,6,10,6,10,6,10,6,9,7,9,7,9,8,8,8,8,8,9,8,9,7,9,7,9,7,9,6,9,6,9,5,9,5,9,4,9,3,9,0,0,0,0,0,0,0,0,0,0,0,0,0,0,0,0,0,0,0,0,0,0,5,11,5,12,4,12,4,13,3,13,3,14,2,14,2,15,1,14,1,14,0,15,0,14,0,14,0,13,1,13,1,13,1,13,2,13,3,13,3,13,4,13,4,14,4,14,4,14,5,14,5,13]
[0;32mI (731284) esp_netif_handlers: sta ip: 192.168.4.2, mask: 255.255.255.0, gw: 192.168.4.1[0m
[0;32mI (731674) TAG: STA connected to 24:ec:4a:03:58:5d, ch=1 (sec=0)[0m
anchor,A1,24:ec:4a:03:58:5d,ch=1
ftm_report,A1,5,5,0.750
csi_data,A1,[0,0,13,5,13,4,13,4,13,4,13,4,13,4,13,3,13,3,12,2,12,1,13,1,13,1,13,0,14,0,14,0,14,0,14,0,15,1,14,1,14,2,14,3,14,3,13,4,13,4,12,5,12,6,0,0,0,0,0,0,0,0,0,0,0,0,0,0,0,0,0,0,0,0,0,0,8,4,9,4,9,5,9,5,9,6,9,6,8,7,8,7,8,7,8,8,8,7,8,7,8,7,8,7,8,7,9,6,9,6,9,5,10,6,10,5,11,5,12,5,11,5,12,5,13,5,13,5]
[0;32mI (732534) TAG: STA connected to 24:ec:4a:04:39:15, ch=6 (sec=0)[0m
anchor,A2,24:ec:4a:04:39:15,ch=6
ftm_report,A2,4,4,0.600
csi_data,A2,[0,0,-14,-4,-14,-4,-14,-4,-14,-4,-13,-3,-13,-2,-13,-2,-12,-1,-12,-1,-12,0,-12,0,-12,1,-12,1,-12,1,-12,2,-12,2,-12,2,-12,1,-12,1,-12,1,-12,1,-12,0,-12,0,-12,-1,-11,-1,-11,-2,0,0,0,0,0,0,0,0,0,0,0,0,0,0,0,0,0,0,0,0,0,0,-14,-2,-14,-3,-14,-4,-14,-5,-14,-6,-14,-7,-14,-7,-14,-8,-13,-8,-13,-9,-12,-9,-12,-8,-12,-8,-12,-8,-12,-7,-12,-7,-12,-6,-12,-6,-13,-6,-13,-5,-14,-5,-14,-5,-14,-4,-14,-4,-15,-4,-14,-4]
[0;32mI (733394) TAG: STA connected to 24:ec:4a:03:56:41, ch=11 (sec=0)[0m
anchor,A3,24:ec:4a:03:56:41,ch=11
ftm_report,A3,31,31,4.650
csi_data,A3,[0,0,-10,12,-10,11,-10,10,-9,11,-8,10,-8,10,-7,10,-7,10,-7,10,-6,11,-6,11,-5,10,-5,11,-4,10,-5,11,-4,11,-5,11,-5,11,-5,11,-5,11,-6,10,-6,9,-6,9,-6,8,-7,8,-7,7,0,0,0,0,0,0,0,0,0,0,0,0,0,0,0,0,0,0,0,0,0,0,-7,10,-8,10,-9,10,-10,9,-10,9,-11,9,-12,9,-13,9,-13,8,-13,8,-13,7,-13,7,-12,7,-12,7,-11,7,-12,8,-12,8,-12,9,-11,9,-10,9,-10,10,-11,10,-11,11,-10,10,-10,11,-10,11]
[0;32mI (734264) TAG: STA connected to 24:ec:4a:03:58:5d, ch=1 (sec=0)[0m
anchor,A1,24:ec:4a:03:58:5d,ch=1
ftm_report,A1,6,6,0.900
[0;32mI (735124) TAG: STA connected to 24:ec:4a:04:39:15, ch=6 (sec=0)[0m
csi_data,A2,[0,0,-5,13,-5,12,-5,12,-5,11,-4,12,-4,11,-3,11,-3,11,-3,11,-1,10,-1,11,0,10,0,10,0,11,0,10,0,11,0,11,1,11,0,11,0,11,0,11,-1,11,-1,10,-1,10,-2,10,-2,10,0,0,0,0,0,0,0,0,0,0,0,0,0,0,0,0,0,0,0,0,0,0,-4,13,-5,13,-6,12,-7,13,-7,12,-9,13,-9,12,-9,12,-10,11,-9,11,-10,11,-9,11,-9,10,-9,10,-9,10,-8,10,-8,11,-7,11,-7,11,-7,11,-6,12,-6,12,-5,12,-6,13,-5,13,-5,13]
anchor,A2,24:ec:4a:04:39:15,ch=6
ftm_report,A2,3,3,0.450
[0;32mI (735984) TAG: STA connected to 24:ec:4a:03:56:41, ch=11 (sec=0)[0m
csi_data,A3,[0,0,-10,12,-10,10,-9,10,-8,11,-8,10,-8,10,-7,10,-7,10,-6,10,-5,10,-5,10,-5,10,-5,10,-4,11,-4,11,-4,11,-4,11,-4,11,-4,11,-5,11,-5,10,-6,10,-6,9,-6,8,-6,8,-6,7,0,0,0,0,0,0,0,0,0,0,0,0,0,0,0,0,0,0,0,0,0,0,-7,10,-8,10,-9,9,-10,9,-10,9,-11,9,-11,9,-12,9,-12,8,-13,8,-12,7,-12,7,-12,7,-12,7,-11,7,-11,8,-11,8,-10,8,-11,8,-10,9,-10,10,-10,10,-10,11,-10,11,-10,11,-9,11]
[0;32mI (737004) esp_netif_handlers: sta ip: 192.168.4.2, mask: 255.255.255.0, gw: 192.168.4.1[0m
[0;33mW (737724) TAG: FTM to A3 failed (ESP_FAIL), streak=1[0m
[0;32mI (738324) TAG: STA connected to 24:ec:4a:03:58:5d, ch=1 (sec=0)[0m
anchor,A1,24:ec:4a:03:58:5d,ch=1
ftm_report,A1,3,3,0.450
csi_data,A1,[0,0,4,13,5,12,5,12,4,12,5,12,5,12,6,11,6,11,6,11,6,10,7,10,7,10,7,10,8,10,8,10,8,11,8,10,8,12,8,11,7,12,7,12,6,12,5,12,5,12,4,12,3,12,0,0,0,0,0,0,0,0,0,0,0,0,0,0,0,0,0,0,0,0,0,0,2,9,2,10,1,10,1,11,1,10,0,11,-1,11,-1,11,-1,11,-1,11,-1,11,-1,11,-1,11,-1,11,0,11,0,11,0,11,1,11,2,11,2,11,2,11,3,12,3,12,4,13,4,12,4,13]
[0;32mI (739184) TAG: STA connected to 24:ec:4a:04:39:15, ch=6 (sec=0)[0m
anchor,A2,24:ec:4a:04:39:15,ch=6
ftm_report,A2,3,3,0.450
[0;32mI (740044) TAG: STA connected to 24:ec:4a:03:56:41, ch=11 (sec=0)[0m
csi_data,A3,[0,0,-15,-2,-15,-3,-14,-3,-14,-2,-14,-2,-13,-1,-13,-1,-13,0,-12,0,-12,1,-12,1,-12,2,-12,2,-12,2,-12,3,-12,3,-12,2,-12,3,-13,2,-12,2,-12,1,-12,0,-12,0,-11,0,-11,0,-10,-1,0,0,0,0,0,0,0,0,0,0,0,0,0,0,0,0,0,0,0,0,0,0,-13,-1,-13,-2,-13,-3,-14,-4,-14,-4,-14,-5,-14,-6,-14,-6,-14,-6,-13,-7,-13,-7,-13,-7,-13,-7,-13,-7,-13,-6,-13,-6,-13,-5,-13,-5,-13,-5,-14,-4,-14,-4,-14,-4,-15,-3,-15,-3,-15,-3,-15,-3]
[0;32mI (741064) esp_netif_handlers: sta ip: 192.168.4.2, mask: 255.255.255.0, gw: 192.168.4.1[0m
[0;33mW (741784) TAG: FTM to A3 failed (ESP_FAIL), streak=1[0m
[0;32mI (742384) TAG: STA connected to 24:ec:4a:03:58:5d, ch=1 (sec=0)[0m
anchor,A1,24:ec:4a:03:58:5d,ch=1
ftm_report,A1,3,3,0.450
csi_data,A1,[0,0,6,-13,5,-13,5,-13,5,-13,5,-13,5,-12,4,-13,4,-13,4,-13,3,-13,2,-13,2,-13,2,-13,2,-14,2,-14,1,-15,2,-14,2,-15,3,-15,4,-15,4,-14,5,-14,5,-13,5,-13,6,-12,7,-12,0,0,0,0,0,0,0,0,0,0,0,0,0,0,0,0,0,0,0,0,0,0,4,-9,5,-9,5,-9,6,-9,6,-9,7,-9,8,-8,8,-8,8,-8,8,-8,8,-8,8,-8,8,-8,8,-8,7,-8,7,-9,7,-9,7,-9,7,-10,6,-10,6,-10,6,-11,6,-11,6,-12,6,-12,6,-13]
[0;32mI (743254) TAG: STA connected to 24:ec:4a:04:39:15, ch=6 (sec=0)[0m
anchor,A2,24:ec:4a:04:39:15,ch=6
ftm_report,A2,4,4,0.600
[0;32mI (744124) TAG: STA connected to 24:ec:4a:03:56:41, ch=11 (sec=0)[0m
csi_data,A3,[0,0,-7,14,-7,12,-7,13,-6,12,-5,12,-5,12,-4,11,-4,11,-4,12,-3,11,-2,11,-1,11,-1,12,-1,12,-1,12,-1,12,-1,12,-1,12,-2,12,-2,12,-2,11,-3,11,-3,10,-3,10,-4,10,-4,9,0,0,0,0,0,0,0,0,0,0,0,0,0,0,0,0,0,0,0,0,0,0,-5,11,-6,11,-7,11,-8,11,-8,11,-10,11,-10,11,-11,11,-11,10,-11,10,-11,10,-11,10,-10,10,-10,10,-10,10,-10,10,-9,11,-9,11,-9,11,-8,11,-8,12,-8,12,-7,13,-7,13,-7,13,-7,13]
[0;32mI (745134) esp_netif_handlers: sta ip: 192.168.4.2, mask: 255.255.255.0, gw: 192.168.4.1[0m
csi_data,A3,[0,0,-5,15,-5,13,-5,13,-4,13,-4,12,-4,12,-3,12,-2,12,-2,12,-1,12,-1,12,0,11,0,11,0,11,1,12,1,12,0,12,0,12,0,12,-1,12,-1,12,-2,11,-2,11,-2,10,-3,10,-3,9,0,0,0,0,0,0,0,0,0,0,0,0,0,0,0,0,0,0,0,0,0,0,-3,12,-4,12,-5,12,-6,12,-6,12,-7,12,-8,12,-9,12,-9,12,-9,12,-9,11,-10,11,-9,11,-8,11,-8,11,-8,11,-8,12,-7,12,-7,12,-6,12,-6,13,-6,13,-6,14,-5,14,-5,14,-5,14]
[0;33mW (745864) TAG: FTM to A3 failed (ESP_FAIL), streak=1[0m
[0;32mI (746474) TAG: STA connected to 24:ec:4a:03:58:5d, ch=1 (sec=0)[0m
anchor,A1,24:ec:4a:03:58:5d,ch=1
ftm_report,A1,3,3,0.450
csi_data,A1,[0,0,-14,-5,-15,-5,-14,-5,-14,-4,-14,-4,-14,-4,-14,-4,-14,-3,-14,-3,-14,-2,-14,-1,-14,-1,-15,-1,-15,-1,-15,0,-15,0,-16,0,-16,-1,-16,-2,-16,-2,-16,-3,-16,-4,-15,-4,-15,-4,-14,-5,-13,-6,0,0,0,0,0,0,0,0,0,0,0,0,0,0,0,0,0,0,0,0,0,0,-10,-4,-10,-5,-10,-6,-11,-6,-11,-7,-10,-8,-10,-8,-10,-8,-10,-9,-10,-9,-10,-8,-10,-8,-10,-8,-10,-8,-10,-8,-10,-7,-10,-7,-11,-6,-11,-7,-12,-7,-12,-6,-13,-6,-13,-6,-14,-5,-14,-5,-14,-5]
[0;32mI (747374) TAG: STA connected to 24:ec:4a:04:39:15, ch=6 (sec=0)[0m
anchor,A2,24:ec:4a:04:39:15,ch=6
ftm_report,A2,2,2,0.300
csi_data,A2,[0,0,10,-10,9,-10,9,-10,8,-10,8,-10,7,-10,7,-10,6,-10,6,-10,5,-10,5,-10,4,-10,4,-10,3,-11,3,-11,3,-11,3,-11,3,-11,3,-11,4,-11,4,-11,4,-11,5,-10,5,-10,5,-9,5,-9,0,0,0,0,0,0,0,0,0,0,0,0,0,0,0,0,0,0,0,0,0,0,9,-11,10,-11,10,-10,11,-9,12,-9,12,-9,13,-8,13,-7,13,-7,13,-6,13,-6,13,-6,12,-6,12,-6,11,-6,11,-6,11,-7,10,-8,10,-8,10,-8,10,-9,10,-9,10,-10,10,-9,10,-10,10,-10]
[0;32mI (748234) TAG: STA connected to 24:ec:4a:03:56:41, ch=11 (sec=0)[0m
anchor,A3,24:ec:4a:03:56:41,ch=11
ftm_report,A3,30,30,4.500
csi_data,A3,[0,0,-12,9,-12,8,-12,8,-11,8,-11,8,-10,8,-9,8,-9,9,-9,9,-8,9,-8,9,-7,9,-7,9,-7,10,-6,10,-6,10,-6,10,-7,10,-7,10,-7,10,-8,9,-8,8,-8,8,-8,7,-8,7,-8,6,0,0,0,0,0,0,0,0,0,0,0,0,0,0,0,0,0,0,0,0,0,0,-10,8,-11,8,-11,7,-12,7,-12,6,-14,6,-14,6,-14,5,-14,5,-14,4,-14,4,-14,4,-14,4,-13,4,-13,4,-13,5,-13,5,-13,6,-13,6,-12,7,-12,7,-12,7,-12,8,-13,8,-12,8,-12,8]
[0;32mI (749254) esp_netif_handlers: sta ip: 192.168.4.2, mask: 255.255.255.0, gw: 192.168.4.1[0m
[0;32mI (749604) TAG: STA connected to 24:ec:4a:03:58:5d, ch=1 (sec=0)[0m
anchor,A1,24:ec:4a:03:58:5d,ch=1
ftm_report,A1,3,3,0.450
csi_data,A1,[0,0,12,7,12,7,13,7,12,6,12,6,12,6,12,5,12,5,12,5,12,4,13,3,13,3,14,3,14,3,13,3,15,3,14,3,15,3,14,4,14,5,14,5,14,6,13,6,13,7,12,7,11,8,0,0,0,0,0,0,0,0,0,0,0,0,0,0,0,0,0,0,0,0,0,0,8,5,8,6,8,6,9,7,8,7,8,8,7,8,7,9,7,9,7,9,7,9,7,9,7,9,8,8,8,8,8,8,8,8,8,7,9,7,9,7,10,7,11,7,10,7,12,7,12,7,12,7]
[0;32mI (750484) TAG: STA connected to 24:ec:4a:04:39:15, ch=6 (sec=0)[0m
anchor,A2,24:ec:4a:04:39:15,ch=6
ftm_report,A2,3,3,0.450
csi_data,A2,[0,0,10,10,9,9,9,9,9,8,9,8,9,7,9,7,9,6,9,6,9,5,9,4,9,4,10,4,10,3,10,3,10,3,10,3,10,3,11,3,10,4,10,4,10,4,9,4,9,5,8,5,8,5,0,0,0,0,0,0,0,0,0,0,0,0,0,0,0,0,0,0,0,0,0,0,10,8,10,9,9,10,9,11,8,11,8,12,7,13,7,13,6,13,6,13,5,13,5,12,6,12,6,12,6,11,6,11,6,11,7,10,8,10,8,10,8,10,9,10,9,10,9,10,9,10,10,10]
[0;32mI (751344) TAG: STA connected to 24:ec:4a:03:56:41, ch=11 (sec=0)[0m
[1;31mE (751514) wifi:No FTM Measurements received from responder![0m
[0;33mW (751614) TAG: FTM to A3 failed (ESP_FAIL), streak=1[0m
csi_data,A3,[0,0,11,9,11,9,11,9,10,8,10,8,10,8,10,7,11,6,10,5,11,5,11,4,11,4,11,3,11,3,11,3,11,3,12,4,11,3,11,4,11,4,10,4,10,5,9,5,9,5,8,5,7,6,0,0,0,0,0,0,0,0,0,0,0,0,0,0,0,0,0,0,0,0,0,0,10,6,10,7,10,8,10,9,10,10,9,11,9,11,8,11,8,12,8,12,7,12,7,12,7,11,7,11,7,11,8,11,8,10,8,10,9,10,9,10,10,10,10,10,11,9,11,9,11,9,11,9]
[0;32mI (752224) TAG: STA connected to 24:ec:4a:03:58:5d, ch=1 (sec=0)[0m
anchor,A1,24:ec:4a:03:58:5d,ch=1
ftm_report,A1,5,5,0.750
[0;32mI (753084) TAG: STA connected to 24:ec:4a:04:39:15, ch=6 (sec=0)[0m
csi_data,A2,[0,0,1,-14,1,-14,0,-13,0,-14,0,-13,0,-13,-1,-12,-1,-12,-2,-12,-2,-12,-3,-11,-3,-11,-4,-11,-4,-11,-4,-11,-4,-11,-5,-11,-5,-11,-4,-11,-4,-11,-3,-11,-3,-11,-2,-11,-2,-11,-2,-11,-1,-11,0,0,0,0,0,0,0,0,0,0,0,0,0,0,0,0,0,0,0,0,0,0,-1,-15,0,-15,1,-15,2,-14,3,-15,4,-15,5,-15,5,-14,6,-14,6,-13,6,-14,6,-13,6,-13,5,-13,5,-12,4,-13,4,-12,3,-13,3,-13,3,-13,2,-13,2,-14,2,-14,1,-14,1,-14,1,-14]
anchor,A2,24:ec:4a:04:39:15,ch=6
ftm_report,A2,4,4,0.600
[0;32mI (753944) TAG: STA connected to 24:ec:4a:03:56:41, ch=11 (sec=0)[0m
csi_data,A3,[0,0,14,5,12,4,12,5,12,4,12,3,12,3,11,2,12,2,11,2,11,1,11,1,11,0,11,0,11,0,11,0,11,0,12,0,11,0,11,1,11,1,11,1,10,2,10,2,10,2,9,3,8,3,0,0,0,0,0,0,0,0,0,0,0,0,0,0,0,0,0,0,0,0,0,0,12,1,12,2,12,3,12,4,12,5,12,6,12,7,12,7,11,7,11,8,11,8,11,7,11,7,11,7,11,7,11,7,11,6,11,6,12,6,12,5,12,5,12,5,13,5,13,4,14,4,13,4]
[0;32mI (754954) esp_netif_handlers: sta ip: 192.168.4.2, mask: 255.255.255.0, gw: 192.168.4.1[0m
[0;33mW (755684) TAG: FTM to A3 failed (ESP_FAIL), streak=1[0m
csi_data,A3,[0,0,9,12,8,11,8,11,8,10,8,9,8,9,8,9,9,8,8,8,9,7,9,7,9,6,9,6,10,6,10,6,10,6,10,6,9,6,9,6,9,7,9,7,8,7,7,7,7,7,6,7,5,8,0,0,0,0,0,0,0,0,0,0,0,0,0,0,0,0,0,0,0,0,0,0,8,8,8,9,8,10,7,11,7,11,6,12,6,12,5,13,5,13,5,13,4,13,4,13,5,13,5,12,5,12,5,12,5,12,6,12,6,11,7,11,7,12,8,11,8,11,9,11,8,11,8,11]
[0;32mI (756284) TAG: STA connected to 24:ec:4a:03:58:5d, ch=1 (sec=0)[0m
anchor,A1,24:ec:4a:03:58:5d,ch=1
ftm_report,A1,3,3,0.450
csi_data,A1,[0,0,-7,-13,-7,-13,-7,-13,-7,-13,-7,-13,-8,-12,-8,-12,-8,-11,-8,-12,-9,-11,-9,-11,-10,-10,-10,-10,-11,-11,-10,-11I (757144) TAG: STA connected to 24:ec:4a:04:39:15, ch=6 (sec=0)
,-11,-11,-11,-11,-11,-12,-11,-12,-10,-12,-10,-13,-9,-13,-8,-13,-8,-13,-7,-13,-6,-14,0,0,0,0,0,0,0,0,0,0,0,0,0,0,0,0,0,0,0,0,0,0,-4,-10,-4,-11,-3,-11,-3,-11,-3,-11,-2,-12,-1,-12,-1,-12,-1,-12,-1,-12,-1,-12,-1,-12,-1,-12,-1,-12,-2,-12,-2,-12,-3,-12,-3,-12,-4,-12,-4,-12,-5,-12,-5,-13,-5,-13,-6,-13,-6,-13,-6,-14]
anchor,A2,24:ec:4a:04:39:15,ch=6
ftm_report,A2,4,4,0.600
[0;32mI (758004) TAG: STA connected to 24:ec:4a:03:56:41, ch=11 (sec=0)[0m
csi_data,A3,[0,0,11,9,10,9,10,9,10,7,10,7,10,7,10,6,10,6,10,5,10,4,10,4,10,4,11,3,11,3,10,3,11,3,11,3,11,3,11,3,10,4,10,4,10,5,9,4,9,5,8,5,7,5,0,0,0,0,0,0,0,0,0,0,0,0,0,0,0,0,0,0,0,0,0,0,10,6,10,7,9,8,9,9,9,9,9,11,8,11,8,11,7,12,7,12,7,12,7,11,7,11,7,11,7,11,7,10,8,10,8,9,9,10,9,10,10,10,9,9,10,9,11,9,11,9,10,8]
[1;31mE (758174) wifi:No FTM Measurements received from responder![0m
[0;33mW (758274) TAG: FTM to A3 failed (ESP_FAIL), streak=1[0m
[0;32mI (758874) TAG: STA connected to 24:ec:4a:03:58:5d, ch=1 (sec=0)[0m
csi_data,A1,[0,0,7,11,8,11,8,10,8,10,8,10,8,10,9,9,9,9,9,8,9,8,10,8,10,7,10,7,11,7,11,8,11,7,11,8,12,8,11,9,11,9,10,10,10,10,9,10,9,11,7,11,6,11,0,0,0,0,0,0,0,0,0,0,0,0,0,0,0,0,0,0,0,0,0,0,5,8,4,8,4,9,4,9,4,10,3,10,3,10,2,10,2,11,2,11,2,11,2,11,3,10,3,10,3,10,3,10,3,10,4,10,5,10,5,10,6,10,6,10,6,10,7,10,8,11,8,11]
anchor,A1,24:ec:4a:03:58:5d,ch=1
ftm_report,A1,4,4,0.600
[0;32mI (759764) TAG: STA connected to 24:ec:4a:04:39:15, ch=6 (sec=0)[0m
anchor,A2,24:ec:4a:04:39:15,ch=6
ftm_report,A2,4,4,0.600
csi_data,A2,[0,0,2,-14,1,-14,1,-13,1,-14,1,-13,0,-13,0,-12,-1,-12,-2,-12,-2,-12,-2,-11,-3,-11,-3,-11,-4,-11,-4,-11,-4,-11,-4,-11,-4,-11,-4,-12,-4,-12,-3,-12,-3,-12,-2,-12,-2,-11,-1,-11,-1,-11,0,0,0,0,0,0,0,0,0,0,0,0,0,0,0,0,0,0,0,0,0,0,0,-15,1,-14,2,-15,3,-14,4,-15,5,-14,5,-15,6,-14,6,-14,7,-13,7,-13,7,-13,6,-12,6,-12,5,-12,5,-13,4,-12,4,-13,3,-13,3,-13,3,-13,2,-14,2,-14,2,-14,2,-14,2,-14]
[0;32mI (760674) TAG: STA connected to 24:ec:4a:03:56:41, ch=11 (sec=0)[0m
csi_data,A3,[0,0,1,15,0,13,1,14,1,13,2,13,2,12,2,12,3,11,3,11,3,11,3,11,4,10,4,10,5,10,5,10,5,11,5,10,5,11,5,11,4,11,4,11,3,10,2,10,1,10,1,10,0,10,0,0,0,0,0,0,0,0,0,0,0,0,0,0,0,0,0,0,0,0,0,0,2,12,1,13,1,13,0,13,0,13,-2,14,-2,14,-3,14,-3,14,-4,14,-4,14,-4,13,-4,13,-4,13,-3,13,-3,13,-2,13,-2,13,-1,14,0,14,0,14,0,14,0,14,0,15,1,14,0,14]
[0;32mI (761694) esp_netif_handlers: sta ip: 192.168.4.2, mask: 255.255.255.0, gw: 192.168.4.1[0m
[0;33mW (762414) TAG: FTM to A3 failed (ESP_FAIL), streak=1[0m
[0;32mI (763014) TAG: STA connected to 24:ec:4a:03:58:5d, ch=1 (sec=0)[0m
csi_data,A1,[0,0,-14,2,-15,2,-15,2,-14,2,-14,2,-14,2,-14,3,-13,3,-13,4,-13,5,-13,5,-13,5,-13,6,-13,6,-13,6,-13,7,-14,6,-14,6,-15,6,-15,5,-15,5,-15,4,-15,3,-15,2,-14,2,-14,1,0,0,0,0,0,0,0,0,0,0,0,0,0,0,0,0,0,0,0,0,0,0,-11,0,-11,0,-11,-1,-12,-1,-12,-2,-12,-2,-12,-3,-12,-3,-12,-3,-12,-4,-12,-3,-12,-3,-12,-3,-12,-3,-12,-3,-12,-2,-12,-2,-12,-1,-13,-1,-13,-1,-13,0,-13,0,-13,1,-14,1,-14,1,-14,2]
anchor,A1,24:ec:4a:03:58:5d,ch=1
ftm_report,A1,5,5,0.750
[0;32mI (763864) TAG: STA connected to 24:ec:4a:04:39:15, ch=6 (sec=0)[0m
anchor,A2,24:ec:4a:04:39:15,ch=6
ftm_report,A2,4,4,0.600
csi_data,A2,[0,0,0,-14,0,-14,0,-14,-1,-14,-1,-13,-1,-12,-1,-12,-2,-12,-2,-12,-3,-12,-4,-11,-4,-11,-4,-11,-4,-11,-5,-11,-5,-11,-5,-11,-5,-11,-5,-12,-4,-11,-4,-12,-4,-11,-3,-11,-3,-11,-2,-11,-2,-11,0,0,0,0,0,0,0,0,0,0,0,0,0,0,0,0,0,0,0,0,0,0,-2,-14,-1,-14,0,-15,1,-14,2,-15,3,-15,4,-15,4,-15,4,-14,5,-14,5,-14,5,-13,4,-13,4,-13,4,-13,3,-13,3,-13,2,-13,2,-13,2,-14,1,-14,1,-14,0,-14,0,-14,0,-14,0,-15]
[0;32mI (764714) TAG: STA connected to 24:ec:4a:03:56:41, ch=11 (sec=0)[0m
anchor,A3,24:ec:4a:03:56:41,ch=11
ftm_report,A3,39,39,5.850
[0;32mI (765594) TAG: STA connected to 24:ec:4a:03:58:5d, ch=1 (sec=0)[0m
anchor,A1,24:ec:4a:03:58:5d,ch=1
ftm_report,A1,3,3,0.450
csi_data,A1,[0,0,-14,-6,-14,-6,-14,-5,-14,-5,-14,-5,-14,-4,-14,-4,-14,-4,-13,-3,-14,-2,-14,-2,-14,-2,-14,-1,-15,-1,-15,-1,-15,-1,-16,-1,-15,-1,-16,-2,-15,-3,-15,-3,-15,-4,-15,-5,-14,-5,-13,-6,-13,-7,0,0,0,0,0,0,0,0,0,0,0,0,0,0,0,0,0,0,0,0,0,0,-10,-4,-10,-5,-10,-6,-10,-6,-10,-7,-10,-7,-10,-8,-9,-8,-9,-8,-9,-9,-9,-8,-9,-8,-9,-8,-10,-8,-9,-8,-10,-7,-10,-7,-10,-7,-11,-7,-11,-7,-12,-6,-12,-6,-13,-6,-13,-6,-14,-6,-14,-6]
[0;32mI (766464) TAG: STA connected to 24:ec:4a:04:39:15, ch=6 (sec=0)[0m
anchor,A2,24:ec:4a:04:39:15,ch=6
ftm_report,A2,2,2,0.300
csi_data,A2,[0,0,-1,14,-1,13,-1,12,-1,13,0,12,0,12,0,11,1,11,1,11,2,11,2,10,3,10,3,10,3,10,4,10,4,10,4,10,4,11,4,10,3,11,3,11,2,10,2,10,1,10,1,10,1,10,0,0,0,0,0,0,0,0,0,0,0,0,0,0,0,0,0,0,0,0,0,0,0,13,0,14,-1,14,-2,14,-3,14,-4,14,-4,14,-5,14,-5,14,-6,13,-6,13,-6,12,-6,12,-5,12,-5,12,-4,12,-4,12,-3,12,-3,12,-2,13,-2,13,-2,13,-2,13,-2,13,-1,14,-1,14]
[0;32mI (767324) TAG: STA connected to 24:ec:4a:03:56:41, ch=11 (sec=0)[0m
[1;31mE (767994) wifi:No FTM Measurements received from responder![0m
[0;33mW (768094) TAG: FTM to A3 failed (ESP_FAIL), streak=1[0m
csi_data,A3,[0,0,-11,-11,-11,-11,-10,-10,-10,-10,-10,-9,-11,-9,-11,-8,-11,-7,-10,-7,-11,-6,-11,-6,-11,-6,-11,-6,-11,-5,-11,-5,-11,-5,-12,-5,-11,-5,-11,-5,-11,-5,-11,-5,-10,-6,-10,-6,-9,-7,-8,-7,-8,-7,0,0,0,0,0,0,0,0,0,0,0,0,0,0,0,0,0,0,0,0,0,0,-10,-9,-9,-9,-9,-11,-9,-11,-9,-12,-8,-12,-8,-13,-8,-13,-7,-13,-7,-14,-6,-14,-6,-13,-6,-13,-6,-13,-7,-13,-7,-12,-7,-12,-8,-12,-8,-12,-9,-12,-10,-11,-10,-11,-10,-11,-10,-11,-11,-11,-10,-11]
[0;32mI (768354) esp_netif_handlers: sta ip: 192.168.4.2, mask: 255.255.255.0, gw: 192.168.4.1[0m
[0;32mI (768694) TAG: STA connected to 24:ec:4a:03:58:5d, ch=1 (sec=0)[0m
anchor,A1,24:ec:4a:03:58:5d,ch=1
ftm_report,A1,5,5,0.750
csi_data,A1,[0,0,1,14,2,13,2,14,2,13,2,13,2,13,3,13,3,12,3,12,4,12,5,12,5,11,6,12,6,12,6,12,6,13,6,13,6,14,5,14,5,14,4,14,3,14,3,13,2,13,1,13,0,13,0,0,0,0,0,0,0,0,0,0,0,0,0,0,0,0,0,0,0,0,0,0,0,10,0,10,0,10,-1,11,-1,11,-2,12,-3,11,-3,11,-3,11,-3,11,-3,11,-3,11,-3,11,-3,11,-2,11,-2,11,-2,11,-1,11,-1,12,0,12,0,12,1,13,0,13,1,13,2,13,2,14]
[0;32mI (769564) TAG: STA connected to 24:ec:4a:04:39:15, ch=6 (sec=0)[0m
anchor,A2,24:ec:4a:04:39:15,ch=6
ftm_report,A2,6,6,0.900
csi_data,A2,[0,0,-13,-5,-13,-5,-13,-5,-13,-5,-13,-4,-12,-4,-12,-3,-12,-3,-12,-2,-12,-2,-12,-1,-11,-1,-11,0,-11,0,-12,0,-12,0,-12,0,-12,0,-12,0,-12,0,-12,-1,-12,-1,-12,-2,-11,-2,-11,-2,-10,-3,0,0,0,0,0,0,0,0,0,0,0,0,0,0,0,0,0,0,0,0,0,0,-14,-4,-14,-5,-14,-6,-13,-7,-14,-8,-13,-8,-13,-9,-12,-10,-12,-10,-11,-10,-11,-10,-11,-10,-11,-10,-10,-9,-11,-8,-11,-8,-11,-8,-12,-7,-12,-7,-12,-7,-13,-6,-13,-6,-13,-6,-13,-6,-13,-6,-13,-6]
[0;32mI (770424) TAG: STA connected to 24:ec:4a:03:56:41, ch=11 (sec=0)[0m
anchor,A3,24:ec:4a:03:56:41,ch=11
ftm_report,A3,11,11,1.650
[0;32mI (771454) esp_netif_handlers: sta ip: 192.168.4.2, mask: 255.255.255.0, gw: 192.168.4.1[0m
[0;32mI (771804) TAG: STA connected to 24:ec:4a:03:58:5d, ch=1 (sec=0)[0m
anchor,A1,24:ec:4a:03:58:5d,ch=1
ftm_report,A1,5,5,0.750
csi_data,A1,[0,0,-14,3,-14,3,-14,3,-14,3,-14,4,-14,4,-14,4,-13,4,-13,5,-12,5,-12,6,-12,6,-13,6,-13,7,-12,7,-13,7,-13,7,-14,7,-14,7,-14,6,-14,6,-15,5,-14,4,-15,3,-14,2,-14,1,0,0,0,0,0,0,0,0,0,0,0,0,0,0,0,0,0,0,0,0,0,0,-10,2,-11,1,-11,0,-12,0,-12,-1,-12,-1,-12,-1,-12,-2,-12,-2,-12,-2,-12,-2,-12,-2,-12,-2,-12,-2,-12,-2,-12,-1,-12,0,-12,0,-12,0,-13,1,-13,1,-13,2,-13,2,-14,2,-14,2,-14,3]
[0;32mI (772664) TAG: STA connected to 24:ec:4a:04:39:15, ch=6 (sec=0)[0m
anchor,A2,24:ec:4a:04:39:15,ch=6
ftm_report,A2,2,2,0.300
csi_data,A2,[0,0,5,13,4,12,4,12,4,12,5,11,5,11,5,10,6,10,6,9,6,9,6,9,7,8,7,8,8,8,7,8,8,8,8,8,8,8,8,8,8,8,7,9,7,9,6,8,6,9,5,9,5,9,0,0,0,0,0,0,0,0,0,0,0,0,0,0,0,0,0,0,0,0,0,0,6,12,5,13,4,13,3,14,3,14,2,15,1,15,1,15,0,14,0,14,0,14,0,14,0,13,0,13,0,13,1,13,1,13,2,12,2,13,3,13,3,12,4,13,4,13,4,13,4,13,5,13]
[0;32mI (773524) TAG: STA connected to 24:ec:4a:03:56:41, ch=11 (sec=0)[0m
anchor,A3,24:ec:4a:03:56:41,ch=11
ftm_report,A3,7,7,1.050
[0;32mI (774564) esp_netif_handlers: sta ip: 192.168.4.2, mask: 255.255.255.0, gw: 192.168.4.1[0m
[0;32mI (774944) TAG: STA connected to 24:ec:4a:03:58:5d, ch=1 (sec=0)[0m
csi_data,A1,[0,0,-13,6,-13,6,-13,6,-13,7,-12,6,-12,6,-12,7,-11,7,-11,8,-11,8,-11,9,-10,8,-10,9,-10,9,-10,10,-10,10,-11,10,-11,10,-12,10,-12,9,-13,9,-13,8,-13,7,-13,6,-13,6,-13,5,0,0,0,0,0,0,0,0,0,0,0,0,0,0,0,0,0,0,0,0,0,0,-10,4,-10,3,-11,3,-11,2,-12,2,-12,2,-12,1,-12,1,-12,1,-12,0,-12,1,-12,0,-12,0,-12,1,-11,1,-12,2,-11,2,-12,3,-12,3,-12,3,-12,3,-12,4,-13,5,-13,5,-13,5,-13,6]
anchor,A1,24:ec:4a:03:58:5d,ch=1
ftm_report,A1,3,3,0.450
[0;32mI (775794) TAG: STA connected to 24:ec:4a:04:39:15, ch=6 (sec=0)[0m
anchor,A2,24:ec:4a:04:39:15,ch=6
ftm_report,A2,4,4,0.600
csi_data,A2,[0,0,-9,-12,-8,-12,-8,-11,-8,-11,-8,-10,-8,-10,-8,-9,-9,-9,-9,-9,-9,-8,-9,-7,-10,-7,-10,-7,-10,-6,-10,-6,-10,-6,-10,-6,-10,-7,-11,-7,-10,-7,-10,-7,-9,-7,-9,-8,-9,-8,-8,-8,-8,-8,0,0,0,0,0,0,0,0,0,0,0,0,0,0,0,0,0,0,0,0,0,0,-9,-11,-9,-12,-8,-12,-7,-13,-7,-14,-6,-14,-6,-14,-5,-14,-5,-15,-4,-14,-4,-14,-4,-14,-4,-14,-4,-13,-4,-13,-5,-13,-5,-12,-6,-12,-6,-12,-7,-12,-7,-12,-7,-12,-8,-12,-8,-12,-8,-12,-8,-12]
[0;32mI (776654) TAG: STA connected to 24:ec:4a:03:56:41, ch=11 (sec=0)[0m
csi_data,A3,[0,0,8,-13,8,-12,8,-12,7,-12,7,-12,6,-12,5,-11,5,-12,4,-12,4,-12,3,-12,3,-12,3,-12,3,-12,2,-12,2,-12,3,-12,3,-13,3,-12,3,-12,4,-12,4,-11,4,-10,5,-10,5,-9,5,-9,0,0,0,0,0,0,0,0,0,0,0,0,0,0,0,0,0,0,0,0,0,0,5,-12,6,-12,7,-11,8,-11,8,-11,9,-11,10,-11,10,-11,11,-10,11,-10,11,-10,11,-10,10,-9,10,-9,10,-9,9,-10,9,-10,9,-10,9,-11,8,-11,8,-12,8,-12,8,-13,8,-13,8,-13,7,-13]
anchor,A3,24:ec:4a:03:56:41,ch=11
ftm_report,A3,31,31,4.650
[0;32mI (777674) esp_netif_handlers: sta ip: 192.168.4.2, mask: 255.255.255.0, gw: 192.168.4.1[0m
[0;32mI (778024) TAG: STA connected to 24:ec:4a:03:58:5d, ch=1 (sec=0)[0m
csi_data,A1,[0,0,13,-7,12,-7,12,-7,12,-7,12,-7,12,-8,11,-8,11,-8,10,-9,10,-9,10,-10,9,-10,10,-10,10,-11,10,-11,10,-11,10,-11,11,-11,11,-11,11,-10,12,-10,12,-9,12,-8,13,-8,13,-7,13,-6,0,0,0,0,0,0,0,0,0,0,0,0,0,0,0,0,0,0,0,0,0,0,9,-5,10,-4,10,-3,11,-3,11,-3,11,-2,12,-2,11,-2,12,-1,11,-1,12,-1,11,-1,11,-1,11,-1,11,-2,11,-3,11,-3,11,-3,11,-4,11,-4,11,-4,12,-5,12,-6,12,-6,12,-6,13,-7]
anchor,A1,24:ec:4a:03:58:5d,ch=1
ftm_report,A1,3,3,0.450
[0;32mI (778894) TAG: STA connected to 24:ec:4a:04:39:15, ch=6 (sec=0)[0m
csi_data,A2,[0,0,-11,-10,-11,-10,-11,-10,-10,-9,-11,-9,-11,-8,-10,-8,-10,-7,-11,-7,-10,-6,-11,-6,-11,-5,-11,-5,-11,-4,-11,-4,-12,-4,-11,-4,-12,-4,-12,-5,-12,-5,-11,-5,-11,-5,-10,-6,-10,-6,-10,-6,-9,-7,0,0,0,0,0,0,0,0,0,0,0,0,0,0,0,0,0,0,0,0,0,0,-11,-9,-11,-10,-11,-11,-10,-11,-1anchor,A2,24:ec:4a:04:39:15,ch=6
ftm_report,A2,3,3,0.450
0,-12,-10,-13,-9,-13,-8,-13,-8,-14,-7,-13,-7,-14,-7,-13,-7,-13,-7,-12,-7,-12,-7,-12,-8,-12,-8,-11,-9,-11,-9,-11,-10,-11,-10,-11,-10,-10,-11,-11,-11,-10,-11,-11]
[0;32mI (779754) TAG: STA connected to 24:ec:4a:03:56:41, ch=11 (sec=0)[0m
anchor,A3,24:ec:4a:03:56:41,ch=11
ftm_report,A3,31,31,4.650
csi_data,A3,[0,0,8,-13,8,-12,8,-12,8,-12,7,-11,7,-12,6,-12,5,-11,5,-12,4,-12,4,-12,3,-11,3,-12,3,-12,3,-12,3,-12,3,-12,3,-12,3,-12,4,-12,4,-12,5,-11,5,-10,5,-9,5,-9,6,-8,0,0,0,0,0,0,0,0,0,0,0,0,0,0,0,0,0,0,0,0,0,0,6,-11,6,-11,7,-11,8,-11,8,-11,9,-11,10,-11,10,-10,11,-10,11,-9,11,-9,11,-9,11,-9,10,-9,10,-9,10,-9,9,-10,9,-10,9,-10,9,-11,9,-11,9,-11,8,-12,8,-12,8,-12,8,-12]
[0;32mI (780624) TAG: STA connected to 24:ec:4a:03:58:5d, ch=1 (sec=0)[0m
anchor,A1,24:ec:4a:03:58:5d,ch=1
ftm_report,A1,4,4,0.600
csi_data,A1,[0,0,-13,6,-13,6,-13,6,-12,6,-12,6,-12,6,-12,7,-11,7,-11,8,-10,8,-10,9,-10,9,-10,9,-10,10,-10,10,-10,10,-11,10,-11,10,-11,10,-12,9,-12,9,-12,8,-12,7,-12,6,-12,6,-13,5,0,0,0,0,0,0,0,0,0,0,0,0,0,0,0,0,0,0,0,0,0,0,-11,4,-12,3,-12,2,-12,2,-12,1,-13,1,-13,1,-13,0,-13,0,-13,0,-13,0,-13,0,-12,0,-12,0,-12,0,-12,1,-12,2,-12,2,-12,2,-12,3,-12,3,-13,4,-13,5,-13,5,-13,5,-13,6]
[0;32mI (781474) TAG: STA connected to 24:ec:4a:04:39:15, ch=6 (sec=0)[0m
anchor,A2,24:ec:4a:04:39:15,ch=6
ftm_report,A2,4,4,0.600
csi_data,A2,[0,0,-10,11,-10,10,-9,10,-9,10,-9,10,-8,9,-8,10,-7,10,-7,10,-5,10,-5,10,-4,10,-4,10,-4,11,-4,11,-4,11,-4,11,-4,11,-5,11,-5,11,-5,11,-6,10,-6,10,-6,9,-6,9,-7,9,0,0,0,0,0,0,0,0,0,0,0,0,0,0,0,0,0,0,0,0,0,0,-8,11,-9,11,-10,10,-11,10,-11,10,-12,9,-13,8,-13,8,-13,8,-13,7,-13,7,-13,7,-12,7,-12,7,-12,7,-11,7,-11,8,-11,8,-11,8,-10,8,-10,9,-10,9,-10,10,-10,10,-10,11,-10,11]
[0;32mI (782344) TAG: STA connected to 24:ec:4a:03:56:41, ch=11 (sec=0)[0m
csi_data,A3,[0,0,-11,-11,-11,-10,-11,-10,-10,-10,-11,-9,-11,-9,-11,-8,-10,-7,-10,-7,-11,-7,-11,-6,-11,-5,-11,-5,-11,-5,-11,-5,-12,-5,-12,-5,-11,-6,-11,-6,-11,-6,-10,-6,-10,-6,-9,-7,-9,-7,-8,-7,-7,-8,0,0,0,0,0,0,0,0,0,0,0,0,0,0,0,0,0,0,0,0,0,0,-10,-8,-10,-8,-10,-9,-10,-10,-10,-10,-9,-11,-9,-12,-8,-12,-8,-13,-8,-13,-7,-13,-7,-13,-7,-12,-7,-12,-7,-12,-8,-12,-8,-11,-8,-11,-9,-11,-10,-10,-10,-11,-10,-11,-11,-11,-11,-10,-11,-10,-11,-10]
[0;32mI (783364) esp_netif_handlers: sta ip: 192.168.4.2, mask: 255.255.255.0, gw: 192.168.4.1[0m
[0;33mW (784084) TAG: FTM to A3 failed (ESP_FAIL), streak=1[0m
[0;32mI (784694) TAG: STA connected to 24:ec:4a:03:58:5d, ch=1 (sec=0)[0m
anchor,A1,24:ec:4a:03:58:5d,ch=1
ftm_report,A1,4,4,0.600
csi_data,A1,[0,0,13,5,13,5,13,5,13,4,13,4,13,4,13,4,13,3,12,3,12,2,13,1,13,1,14,1,14,1,14,1,14,1,14,1,15,1,15,2,14,2,14,3,14,4,13,4,13,5,12,5,12,6,0,0,0,0,0,0,0,0,0,0,0,0,0,0,0,0,0,0,0,0,0,0,9,4,9,5,9,6,9,6,9,7,8,7,8,8,8,8,8,8,8,8,8,8,8,8,8,8,8,8,8,7,8,7,9,7,9,6,10,6,10,6,10,6,11,6,11,5,12,5,13,5,13,5]
[0;32mI (785564) TAG: STA connected to 24:ec:4a:04:39:15, ch=6 (sec=0)[0m
anchor,A2,24:ec:4a:04:39:15,ch=6
ftm_report,A2,2,2,0.300
csi_data,A2,[0,0,-13,7,-12,7,-12,7,-11,7,-11,7,-11,7,-10,7,-9,7,-9,7,-8,8,-7,8,-7,8,-7,9,-7,9,-6,9,-6,9,-7,9,-7,10,-7,9,-7,9,-7,9,-8,8,-8,8,-8,7,-8,7,-8,7,0,0,0,0,0,0,0,0,0,0,0,0,0,0,0,0,0,0,0,0,0,0,-11,8,-12,7,-13,6,-14,6,-14,5,-15,5,-15,4,-15,4,-15,3,-14,2,-15,3,-14,2,-14,2,-14,3,-14,2,-13,3,-13,4,-12,4,-13,5,-13,5,-13,5,-13,6,-12,7,-13,7,-12,7,-13,7]
[0;32mI (786434) TAG: STA connected to 24:ec:4a:03:56:41, ch=11 (sec=0)[0m
csi_data,A3,[0,0,-2,-16,-1,-14,-2,-15,-2,-14,-2,-14,-2,-13,-3,-13,-3,-12,-3,-13,-4,-12,-4,-12,-5,-11,-5,-11,-5,-12,-5,-11,-6,-12,-5,-11,-5,-12,-5,-12,-4,-12,-4,-12,-3,-12,-2,-11,-2,-11,-2,-11,-1,-11,0,0,0,0,0,0,0,0,0,0,0,0,0,0,0,0,0,0,0,0,0,0,-4,-12,-3,-14,-2,-13,-2,-14,-1,-14,0,-15,1,-15,1,-15,1,-15,2,-14,2,-15,2,-15,2,-14,2,-14,1,-14,1,-14,1,-15,0,-14,0,-15,-1,-14,-1,-15,-1,-15,-2,-15,-2,-15,-2,-15,-3,-15]
[0;32mI (787464) esp_netif_handlers: sta ip: 192.168.4.2, mask: 255.255.255.0, gw: 192.168.4.1[0m
[0;33mW (788174) TAG: FTM to A3 failed (ESP_FAIL), streak=1[0m
[0;32mI (788774) TAG: STA connected to 24:ec:4a:03:58:5d, ch=1 (sec=0)[0m
anchor,A1,24:ec:4a:03:58:5d,ch=1
ftm_report,A1,3,3,0.450
csi_data,A1,[0,0,-11,8,-11,8,-11,8,-10,9,-11,8,-10,8,-10,9,-9,9,-9,9,-8,10,-8,10,-8,10,-8,10,-8,11,-8,11,-8,12,-8,12,-9,12,-9,11,-10,11,-10,11,-11,9,-11,9,-11,9,-11,8,-12,7,0,0,0,0,0,0,0,0,0,0,0,0,0,0,0,0,0,0,0,0,0,0,-9,5,-9,5,-10,4,-10,4,-11,4,-11,4,-12,3,-12,3,-12,3,-11,2,-12,3,-12,3,-11,3,-11,3,-11,3,-11,4,-11,4,-10,4,-11,5,-11,5,-11,6,-11,6,-11,7,-11,7,-11,8,-11,8]
[0;32mI (789704) TAG: STA connected to 24:ec:4a:04:39:15, ch=6 (sec=0)[0m
anchor,A2,24:ec:4a:04:39:15,ch=6
ftm_report,A2,7,7,1.050
csi_data,A2,[0,0,12,5,12,5,12,4,12,4,11,4,11,3,11,3,11,2,10,2,11,1,10,1,11,0,11,0,11,-1,11,-1,11,-1,11,-1,11,-1,11,0,11,0,11,0,11,1,11,1,10,1,10,2,10,3,0,0,0,0,0,0,0,0,0,0,0,0,0,0,0,0,0,0,0,0,0,0,13,3,12,4,12,5,12,6,12,6,12,7,12,8,11,8,11,9,10,9,10,9,10,9,10,8,10,8,10,8,10,7,10,7,10,7,11,6,11,6,11,6,12,5,12,5,12,5,12,5,12,5]
[0;32mI (790564) TAG: STA connected to 24:ec:4a:03:56:41, ch=11 (sec=0)[0m
csi_data,A3,[0,0,-13,8,-12,7,-12,7,-11,8,-11,8,-11,7,-10,7,-10,8,-9,8,-8,8,-8,8,-8,8,-7,9,-7,9,-7,9,-7,9,-8,9,-8,9,-8,9,-8,8,-8,8,-9,7,-9,7,-8,6,-8,6,-9,5,0,0,0,0,0,0,0,0,0,0,0,0,0,0,0,0,0,0,0,0,0,0,-9,9,-10,8,-11,7,-12,7,-12,7,-13,6,-13,6,-14,5,-14,5,-14,4,-14,5,-14,5,-13,5,-13,5,-13,5,-13,5,-13,5,-13,5,-13,5,-12,6,-13,7,-13,7,-13,8,-12,8,-12,8,-12,8]
anchor,A3,24:ec:4a:03:56:41,ch=11
ftm_report,A3,31,31,4.650
[0;32mI (791584) esp_netif_handlers: sta ip: 192.168.4.2, mask: 255.255.255.0, gw: 192.168.4.1[0m
[0;32mI (791934) TAG: STA connected to 24:ec:4a:03:58:5d, ch=1 (sec=0)[0m
csi_data,A1,[0,0,-14,-2,-15,-2,-15,-2,-14,-2,-15,-2,-14,-1,-15,-1,-14,0,-14,0,-14,1,-14,1,-14,2,-14,2,-15,2,-15,3,-15,3,-16,2,-16,2,-16,1,-15,1,-16,0,-16,-1,-15,-1,-15,-2,-15,-3,-14,-3,0,0,0,0,0,0,0,0,0,0,0,0,0,0,0,0,0,0,0,0,0,0,-11,-3,-11,-3,-11,-4,-11,-5,-11,-5,-11,-5,-11,-6,-11,-6,-11,-6,-11,-7,-11,-7,-11,-6,-11,-6,-11,-6,-11,-6,-11,-5,-11,-5,-11,-4,-12,-4,-12,-4,-12,-4,-13,-3,-13,-3,-14,-2,-15,-2,-14,-2]
anchor,A1,24:ec:4a:03:58:5d,ch=1
ftm_report,A1,3,3,0.450
[0;32mI (792794) TAG: STA connected to 24:ec:4a:04:39:15, ch=6 (sec=0)[0m
anchor,A2,24:ec:4a:04:39:15,ch=6
ftm_report,A2,4,4,0.600
csi_data,A2,[0,0,2,-15,1,-14,2,-14,1,-14,1,-14,1,-13,0,-13,0,-13,-1,-12,-1,-12,-2,-12,-3,-12,-3,-12,-3,-12,-4,-12,-4,-12,-4,-12,-4,-12,-3,-13,-3,-12,-3,-12,-2,-12,-2,-12,-1,-12,-1,-11,0,-12,0,0,0,0,0,0,0,0,0,0,0,0,0,0,0,0,0,0,0,0,0,0,0,-14,1,-15,2,-14,3,-15,4,-14,5,-15,6,-14,6,-14,6,-14,7,-13,7,-13,7,-13,6,-13,6,-12,6,-12,5,-13,5,-13,4,-13,4,-13,3,-13,3,-14,3,-14,2,-15,2,-14,2,-15,2,-15]
[0;32mI (793654) TAG: STA connected to 24:ec:4a:03:56:41, ch=11 (sec=0)[0m
anchor,A3,24:ec:4a:03:56:41,ch=11
ftm_report,A3,31,31,4.650
csi_data,A3,[0,0,9,-12,8,-11,8,-12,8,-11,7,-12,7,-11,6,-11,5,-11,5,-11,5,-11,4,-12,4,-11,3,-11,3,-12,3,-12,3,-12,3,-12,4,-12,4,-12,4,-11,4,-11,5,-10,5,-10,5,-9,5,-9,6,-9,0,0,0,0,0,0,0,0,0,0,0,0,0,0,0,0,0,0,0,0,0,0,6,-11,7,-11,8,-10,8,-11,9,-10,10,-10,11,-9,11,-9,11,-9,11,-8,11,-9,11,-8,11,-9,11,-8,11,-8,10,-8,10,-9,9,-9,9,-10,9,-10,9,-11,9,-11,9,-11,9,-12,9,-12,9,-12]
[0;32mI (794524) TAG: STA connected to 24:ec:4a:03:58:5d, ch=1 (sec=0)[0m
anchor,A1,24:ec:4a:03:58:5d,ch=1
ftm_report,A1,5,5,0.750
csi_data,A1,[0,0,1,14,2,14,2,14,2,14,2,14,3,13,3,13,3,13,4,12,4,12,5,13,5,12,6,12,6,12,6,12,7,13,6,13,6,14,6,14,5,14,4,14,4,14,3,14,2,14,1,14,0,14,0,0,0,0,0,0,0,0,0,0,0,0,0,0,0,0,0,0,0,0,0,0,-1,10,-1,11,-1,10,-2,11,-2,11,-3,11,-4,11,-4,11,-4,11,-4,11,-5,11,-4,11,-4,11,-4,10,-3,11,-3,11,-3,11,-2,11,-1,12,-1,12,-1,12,0,12,0,13,1,13,1,14,1,14]
[0;32mI (795394) TAG: STA connected to 24:ec:4a:04:39:15, ch=6 (sec=0)[0m
anchor,A2,24:ec:4a:04:39:15,ch=6
ftm_report,A2,5,5,0.750
csi_data,A2,[0,0,8,-12,8,-11,8,-12,7,-11,7,-11,6,-11,6,-11,5,-11,5,-11,4,-11,3,-11,3,-11,2,-12,2,-12,2,-11,2,-12,2,-12,2,-12,2,-12,3,-12,3,-12,4,-12,4,-11,4,-11,4,-10,5,-10,0,0,0,0,0,0,0,0,0,0,0,0,0,0,0,0,0,0,0,0,0,0,7,-11,8,-12,9,-11,10,-11,10,-10,11,-10,11,-9,12,-9,12,-8,11,-8,11,-8,11,-8,11,-8,11,-8,11,-8,10,-8,10,-9,9,-9,9,-10,9,-10,9,-10,9,-11,8,-11,8,-11,8,-12,8,-12]
[0;32mI (796274) TAG: STA connected to 24:ec:4a:03:56:41, ch=11 (sec=0)[0m
anchor,A3,24:ec:4a:03:56:41,ch=11
ftm_report,A3,31,31,4.650
csi_data,A3,[0,0,15,2,13,2,14,2,13,1,13,1,13,1,12,1,12,0,12,-1,11,-1,11,-2,11,-2,11,-2,11,-3,11,-3,11,-3,11,-3,11,-3,11,-3,11,-2,11,-2,11,-1,10,-1,10,0,9,0,9,1,0,0,0,0,0,0,0,0,0,0,0,0,0,0,0,0,0,0,0,0,0,0,12,0,12,1,12,2,13,3,13,3,13,4,13,5,13,5,12,6,12,6,12,6,12,6,12,6,12,6,12,5,11,5,12,5,12,4,13,4,13,4,13,3,13,3,14,2,14,2,14,2,14,2]
[0;32mI (797154) TAG: STA connected to 24:ec:4a:03:58:5d, ch=1 (sec=0)[0m
anchor,A1,24:ec:4a:03:58:5d,ch=1
ftm_report,A1,3,3,0.450
[0;32mI (798004) TAG: STA connected to 24:ec:4a:04:39:15, ch=6 (sec=0)[0m
csi_data,A2,[0,0,-5,14,-5,12,-4,13,-4,12,-4,12,-3,12,-3,12,-2,11,-2,11,-1,11,0,11,0,11,0,11,1,11,1,11,1,12,1,11,1,12,1,12,1,11,0,12,-1,11,-1,11,-1,11,-2,10,-2,11,0,0,0,0,0,0,0,0,0,0,0,0,0,0,0,0,0,0,0,0,0,0,-3,13,-4,14,-5,13,-6,13,-6,13,-8,14,-8,13,-8,13,-9,12,-9,11,-9,12,-8,11,-8,11,-8,11,-8,11,-7,10,-7,12,-6,11,-6,12,-6,12,-5,12,-6,12,-5,13,-5,13,-5,13,-4,14]
anchor,A2,24:ec:4a:04:39:15,ch=6
ftm_report,A2,1,1,0.150
[0;32mI (798864) TAG: STA connected to 24:ec:4a:03:56:41, ch=11 (sec=0)[0m
csi_data,A3,[0,0,-15,-1,-15,-1,-15,-1,-14,0,-14,0,-14,0,-13,1,-13,1,-12,1,-12,2,-12,3,-11,3,-12,3,-11,4,-12,4,-11,4,-12,4,-11,4,-12,3,-11,3,-12,2,-11,2,-11,1,-11,1,-10,0,-10,0,0,0,0,0,0,0,0,0,0,0,0,0,0,0,0,0,0,0,0,0,0,0,-13,0,-13,-1,-14,-1,-14,-2,-14,-3,-14,-4,-14,-4,-14,-5,-14,-5,-14,-6,-14,-5,-14,-5,-14,-5,-13,-5,-13,-5,-13,-4,-13,-4,-14,-3,-14,-3,-14,-3,-14,-2,-14,-2,-15,-1,-15,-1,-15,-1,-14,-1]
anchor,A3,24:ec:4a:03:56:41,ch=11
ftm_report,A3,32,32,4.800
[0;32mI (799894) esp_netif_handlers: sta ip: 192.168.4.2, mask: 255.255.255.0, gw: 192.168.4.1[0m
[0;32mI (800234) TAG: STA connected to 24:ec:4a:03:58:5d, ch=1 (sec=0)[0m
anchor,A1,24:ec:4a:03:58:5d,ch=1
ftm_report,A1,3,3,0.450
[0;32mI (801094) TAG: STA connected to 24:ec:4a:04:39:15, ch=6 (sec=0)[0m
csi_data,A2,[0,0,13,-6,12,-6,12,-6,12,-6,11,-7,11,-6,10,-7,10,-7,9,-7,9,-8,8,-8,8,-8,8,-9,7,-9,7,-9,8,-9,8,-9,8,-9,8,-9,8,-9,9,-9,9,-8,9,-7,9,-7,9,-7,9,-6,0,0,0,0,0,0,0,0,0,0,0,0,0,0,0,0,0,0,0,0,0,0,11,-8,12,-7,12,-6,13,-5,13,-5,14,-4,14,-3,14,-3,14,-2,14,-2,14,-2,14,-2,13,-2,13,-2,13,-2,12,-2,12,-3,12,-4,13,-4,13,-5,12,-5,13,-5,13,-6,13,-6,13,-6,13,-6]
anchor,A2,24:ec:4a:04:39:15,ch=6
ftm_report,A2,2,2,0.300
[0;32mI (802014) TAG: STA connected to 24:ec:4a:03:56:41, ch=11 (sec=0)[0m
csi_data,A3,[0,0,-1,15,-1,13,-1,13,0,13,0,13,0,12,1,12,1,12,1,11,2,11,3,11,3,10,3,10,3,10,4,11,4,11,3,11,3,11,3,11,3,11,2,11,1,10,1,10,0,10,0,10,0,9,0,0,0,0,0,0,0,0,0,0,0,0,0,0,0,0,0,0,0,0,0,0,1,12,0,12,-1,12,-2,13,-2,13,-3,14,-4,14,-4,14,-5,14,-5,13,-5,13,-5,13,-5,13,-5,13,-4,12,-4,13,-4,13,-3,13,-3,13,-2,13,-2,13,-2,13,-1,14,-1,14,-1,14,0,14]
[0;32mI (803034) esp_netif_handlers: sta ip: 192.168.4.2, mask: 255.255.255.0, gw: 192.168.4.1[0m
anchor,A3,24:ec:4a:03:56:41,ch=11
ftm_report,A3,30,30,4.500
[0;32mI (803904) TAG: STA connected to 24:ec:4a:03:58:5d, ch=1 (sec=0)[0m
csi_data,A1,[0,0,7,-13,6,-13,6,-13,6,-14,5,-13,5,-13,5,-13,4,-13,4,-13,3,-14,3,-14,2,-14,2,-14,2,-15,2,-15,2,-16,2,-15,3,-16,3,-16,4,-16,5,-16,6,-15,6,-14,6,-14,7,-13,7,-13,0,0,0,0,0,0,0,0,0,0,0,0,0,0,0,0,0,0,0,0,0,0,5,-9,6,-9,7,-9,7,-9,8,-9,9,-9,9,-8,9,-8,10,-8,9,-8,9,-8,9,-8,9,-8,8,-8,8,-8,8,-9,8,-9,8,-9,7,-10,7,-10,7,-10,7,-11,7,-12,6,-12,6,-13,7,-13]
anchor,A1,24:ec:4a:03:58:5d,ch=1
ftm_report,A1,3,3,0.450
[0;32mI (804754) TAG: STA connected to 24:ec:4a:04:39:15, ch=6 (sec=0)[0m
anchor,A2,24:ec:4a:04:39:15,ch=6
ftm_report,A2,5,5,0.750
csi_data,A2,[0,0,-14,4,-14,4,-13,4,-13,4,-13,5,-12,4,-12,5,-11,5,-10,5,-10,6,-9,6,-9,6,-9,7,-9,7,-9,7,-9,8,-9,7,-9,8,-9,8,-10,7,-10,7,-10,6,-10,6,-10,6,-10,5,-10,5,0,0,0,0,0,0,0,0,0,0,0,0,0,0,0,0,0,0,0,0,0,0,-13,6,-14,5,-14,4,-15,3,-15,3,-16,2,-16,1,-16,1,-16,0,-15,-1,-15,0,-15,-1,-15,0,-14,0,-14,0,-14,0,-14,1,-13,2,-14,2,-14,2,-14,3,-14,3,-14,4,-14,4,-14,4,-14,4]
[0;32mI (805614) TAG: STA connected to 24:ec:4a:03:56:41, ch=11 (sec=0)[0m
csi_data,A3,[0,0,-14,-6,-13,-6,-13,-6,-13,-5,-13,-5,-13,-5,-12,-4,-12,-3,-12,-3,-12,-2,-12,-2,-12,-1,-12,-1,-12,-1,-12,-1,-12,-1,-13,-1,-12,-1,-12,-2,-12,-2,-12,-2,-11,-3,-11,-3,-11,-3,-10,-4,-9,-5,0,0,0,0,0,0,0,0,0,0,0,0,0,0,0,0,0,0,0,0,0,0,-12,-4,-12,-5,-13,-5,-12,-6,-13,-7,-12,-8,-13,-9,-12,-9,-12,-9,-12,-10,-12,-10,-11,-10,-11,-9,-11,-9,-11,-9,-11,-8,-11,-8,-12,-8,-12,-7,-13,-7,-13,-7,-13,-7,-14,-7,-14,-6,-14,-6,-13,-5]
anchor,A3,24:ec:4a:03:56:41,ch=11
ftm_report,A3,31,31,4.650
[0;32mI (806644) esp_netif_handlers: sta ip: 192.168.4.2, mask: 255.255.255.0, gw: 192.168.4.1[0m
[0;32mI (806994) TAG: STA connected to 24:ec:4a:03:58:5d, ch=1 (sec=0)[0m
csi_data,A1,[0,0,-3,14,-3,13,-3,14,-2,13,-2,13,-2,13,-1,13,-1,13,-1,13,0,13,1,13,2,13,2,13,2,14,2,14,2,15,2,14,2,15,1,15,0,15,0,15,-1,14,-1,14,-2,14,-3,14,-4,13,0,0,0,0,0,0,0,0,0,0,0,0,0,0,0,0,0,0,0,0,0,0,-4,9,-5,10,-5,9,-6,10,-6,9,-7,10,-8,9,-8,9,-8,9,-8,9,-8,9,-8,9,-7,9,-7,9,-6,9,-6,9,-6,10,-5,10,-5,10,-5,10,-4,11,-4,12,-4,12,-3,12,-3,13,-3,14]
anchor,A1,24:ec:4a:03:58:5d,ch=1
ftm_report,A1,4,4,0.600
[0;32mI (807854) TAG: STA connected to 24:ec:4a:04:39:15, ch=6 (sec=0)[0m
anchor,A2,24:ec:4a:04:39:15,ch=6
ftm_report,A2,4,4,0.600
csi_data,A2,[0,0,1,14,1,13,1,13,1,13,1,12,2,12,2,11,2,11,3,11,4,10,4,10,4,9,4,9,5,9,5,10,6,9,5,10,5,10,5,10,5,10,5,10,4,10,4,10,3,10,3,10,2,10,0,0,0,0,0,0,0,0,0,0,0,0,0,0,0,0,0,0,0,0,0,0,2,13,1,13,0,14,-1,13,-1,14,-2,14,-3,14,-3,14,-4,14,-4,14,-4,13,-4,13,-4,12,-4,12,-3,12,-3,12,-2,12,-2,13,-2,12,-1,13,0,13,0,13,0,14,0,14,1,14,1,14]
[0;32mI (808714) TAG: STA connected to 24:ec:4a:03:56:41, ch=11 (sec=0)[0m
anchor,A3,24:ec:4a:03:56:41,ch=11
ftm_report,A3,32,32,4.800
[0;32mI (809754) esp_netif_handlers: sta ip: 192.168.4.2, mask: 255.255.255.0, gw: 192.168.4.1[0m
[0;32mI (810084) TAG: STA connected to 24:ec:4a:03:58:5d, ch=1 (sec=0)[0m
csi_data,A1,[0,0,-2,14,-2,14,-2,14,-1,13,-1,13,-1,13,0,13,0,13,1,13,1,13,2,13,2,13,2,13,3,13,3,14,3,14,3,14,3,15,2,15,2,15,1,15,1,14,0,14,-1,14,-2,14,-3,13,0,0,0,0,0,0,0,0,0,0,0,0,0,0,0,0,0,0,0,0,0,0,-4,10,-4,10,-4,9,-5,10,-5,10,-6,10,-7,10,-7,10,-7,10,-7,9,-7,9,-7,9,-7,9,-6,9,-6,9,-6,10,-5,10,-5,10,-4,10,-4,11,-3,11,-3,12,-3,12,-3,13,-2,13,-2,14]
anchor,A1,24:ec:4a:03:58:5d,ch=1
ftm_report,A1,6,6,0.900
[0;32mI (810954) TAG: STA connected to 24:ec:4a:04:39:15, ch=6 (sec=0)[0m
csi_data,A2,[0,0,-8,12,-7,11,-7,11,-6,11,-6,11,-6,11,-5,11,-5,11,-4,11,-3,10,-3,10,-3,10,-2,10,-2,11,-1,11,-1,11,-2,11,-2,11,-2,11,-2,11,-3,11,-3,11,-4,11,-4,10,-4,10,-5,9,0,0,0,0,0,0,0,0,0,0,0,0,0,0,0,0,0,0,0,0,0,0,-5,12,-6,12,-7,12,-8,11,-9,11,-10,11,-10,11,-10,10,-11,10,-11,9,-11,9,-11,9,-11,9,-10,9,-10,9,-9,9,-9,9,-9,10,-8,10,-8,10,-8,11,-8,11,-8,12,-8,12,-8,12,-7,12]
anchor,A2,24:ec:4a:04:39:15,ch=6
ftm_report,A2,2,2,0.300
[0;32mI (811814) TAG: STA connected to 24:ec:4a:03:56:41, ch=11 (sec=0)[0m
anchor,A3,24:ec:4a:03:56:41,ch=11
ftm_report,A3,31,31,4.650
csi_data,A3,[0,0,-9,12,-9,10,-9,11,-8,10,-8,10,-7,10,-7,10,-6,10,-6,10,-5,10,-5,10,-4,10,-4,10,-4,11,-3,11,-4,11,-3,11,-4,12,-4,11,-4,11,-5,10,-5,10,-5,9,-5,8,-6,8,-6,8,0,0,0,0,0,0,0,0,0,0,0,0,0,0,0,0,0,0,0,0,0,0,-7,10,-8,10,-9,10,-9,10,-10,9,-11,10,-12,9,-12,9,-12,8,-12,8,-12,8,-12,7,-12,7,-11,7,-11,8,-11,8,-11,8,-10,8,-10,9,-10,9,-10,10,-10,10,-9,11,-9,11,-9,11,-9,11]
[0;32mI (812684) TAG: STA connected to 24:ec:4a:03:58:5d, ch=1 (sec=0)[0m
anchor,A1,24:ec:4a:03:58:5d,ch=1
ftm_report,A1,8,8,1.200
csi_data,A1,[0,0,-13,-7,-13,-7,-13,-6,-13,-6,-13,-6,-13,-6,-14,-5,-13,-5,-13,-4,-13,-4,-14,-3,-14,-3,-14,-3,-15,-3,-15,-3,-15,-3,-16,-3,-15,-3,-15,-4,-15,-4,-15,-5,-15,-6,-14,-6,-13,-7,-13,-7,-12,-8,0,0,0,0,0,0,0,0,0,0,0,0,0,0,0,0,0,0,0,0,0,0,-9,-6,-9,-6,-9,-7,-9,-8,-9,-8,-9,-9,-8,-9,-8,-9,-8,-9,-8,-10,-8,-9,-8,-9,-8,-9,-8,-9,-8,-9,-8,-8,-9,-8,-9,-8,-10,-8,-11,-7,-11,-7,-11,-7,-11,-7,-12,-7,-13,-7,-13,-7]
[0;32mI (813544) TAG: STA connected to 24:ec:4a:04:39:15, ch=6 (sec=0)[0m
anchor,A2,24:ec:4a:04:39:15,ch=6
ftm_report,A2,5,5,0.750
csi_data,A2,[0,0,-12,8,-12,7,-12,7,-11,7,-11,7,-10,7,-10,7,-9,8,-9,8,-8,8,-8,9,-7,9,-7,9,-7,9,-6,9,-7,10,-7,10,-7,10,-7,10,-8,10,-8,9,-8,9,-8,8,-8,8,-8,8,-9,7,0,0,0,0,0,0,0,0,0,0,0,0,0,0,0,0,0,0,0,0,0,0,-11,8,-12,8,-13,7,-14,6,-13,5,-15,5,-15,4,-15,4,-15,3,-14,3,-14,3,-14,3,-14,3,-14,3,-13,3,-13,3,-13,4,-12,5,-13,5,-13,5,-13,6,-13,6,-12,7,-12,7,-13,7,-12,8]
[0;32mI (814404) TAG: STA connected to 24:ec:4a:03:56:41, ch=11 (sec=0)[0m
anchor,A3,24:ec:4a:03:56:41,ch=11
ftm_report,A3,31,31,4.650
csi_data,A3,[0,0,-14,6,-14,5,-14,5,-13,5,-12,5,-12,6,-11,6,-10,6,-10,7,-10,7,-10,7,-9,7,-9,7,-9,8,-9,8,-9,8,-9,8,-9,8,-9,8,-9,8,-9,7,-9,6,-10,6,-9,5,-9,4,-9,4,0,0,0,0,0,0,0,0,0,0,0,0,0,0,0,0,0,0,0,0,0,0,-12,6,-12,5,-13,4,-13,4,-14,3,-15,3,-15,2,-15,2,-15,2,-15,1,-15,0,-15,0,-14,0,-14,0,-14,1,-14,1,-14,2,-14,3,-14,3,-14,4,-14,4,-14,4,-14,5,-14,5,-14,5,-14,5]
[0;32mI (815324) TAG: STA connected to 24:ec:4a:03:58:5d, ch=1 (sec=0)[0m
anchor,A1,24:ec:4a:03:58:5d,ch=1
ftm_report,A1,5,5,0.750
csi_data,A1,[0,0,-6,-13,-7,-13,-7,-13,-6,-13,-7,-13,-7,-12,-7,-12,-8,-12,-8,-12,-8,-11,-9,-11,-9,-11,-10,-11,-10,-11,-10,-11,-10,-12,-11,-12,-10,-12,-10,-13,-9,-13,-9,-13,-8,-13,-7,-13,-7,-14,-6,-14,-5,-14,0,0,0,0,0,0,0,0,0,0,0,0,0,0,0,0,0,0,0,0,0,0,-3,-10,-3,-11,-3,-11,-2,-12,-2,-12,-1,-12,0,-12,0,-12,0,-12,0,-12,0,-12,0,-12,-1,-12,-1,-12,-1,-12,-1,-12,-1,-12,-2,-12,-3,-12,-4,-12,-4,-12,-5,-13,-5,-13,-5,-13,-6,-13,-6,-14]
[0;32mI (816194) TAG: STA connected to 24:ec:4a:04:39:15, ch=6 (sec=0)[0m
anchor,A2,24:ec:4a:04:39:15,ch=6
ftm_report,A2,2,2,0.300
[0;32mI (817054) TAG: STA connected to 24:ec:4a:03:56:41, ch=11 (sec=0)[0m
csi_data,A3,[0,0,1,15,1,13,1,13,2,13,2,12,2,12,2,11,3,11,3,11,4,11,4,10,4,10,4,10,5,10,5,10,5,10,5,10,5,10,5,10,4,10,4,10,3,10,2,10,2,9,1,10,1,9,0,0,0,0,0,0,0,0,0,0,0,0,0,0,0,0,0,0,0,0,0,0,2,12,2,12,1,12,0,13,0,13,-1,14,-2,14,-2,14,-3,14,-3,14,-4,14,-4,13,-3,13,-3,13,-2,13,-2,13,-2,13,-1,13,-1,13,0,13,0,13,0,13,1,14,1,14,1,14,2,14]
anchor,A3,24:ec:4a:03:56:41,ch=11
ftm_report,A3,31,31,4.650
[0;32mI (818074) esp_netif_handlers: sta ip: 192.168.4.2, mask: 255.255.255.0, gw: 192.168.4.1[0m
[0;32mI (818424) TAG: STA connected to 24:ec:4a:03:58:5d, ch=1 (sec=0)[0m
anchor,A1,24:ec:4a:03:58:5d,ch=1
ftm_report,A1,8,8,1.200
csi_data,A1,[0,0,-4,14,-4,13,-4,13,-4,14,-4,13,-3,13,-3,13,-2,13,-2,13,-1,13,-1,14,-1,13,0,14,0,14,0,14,0,15,0,15,-1,16,-1,15,-2,15,-3,15,-3,15,-4,14,-4,14,-5,13,-6,13,0,0,0,0,0,0,0,0,0,0,0,0,0,0,0,0,0,0,0,0,0,0,-4,9,-5,9,-5,9,-6,9,-6,9,-7,9,-8,9,-8,9,-8,9,-8,8,-8,9,-8,9,-8,9,-7,8,-7,9,-7,9,-7,10,-6,10,-6,10,-5,10,-5,11,-5,11,-5,12,-5,12,-5,13,-5,14]
[0;32mI (819284) TAG: STA connected to 24:ec:4a:04:39:15, ch=6 (sec=0)[0m
anchor,A2,24:ec:4a:04:39:15,ch=6
ftm_report,A2,5,5,0.750
csi_data,A2,[0,0,11,-8,11,-8,11,-8,10,-8,10,-8,9,-8,8,-8,8,-9,7,-9,7,-9,6,-9,6I (820144) TAG: STA connected to 24:ec:4a:03:56:41, ch=11 (sec=0)
,-9,6,-10,6,-10,5,-10,5,-11,6,-10,6,-11,6,-11,6,-10,6,-10,7,-9,7,-9,7,-9,7,-8,8,-8,0,0,0,0,0,0,0,0,0,0,0,0,0,0,0,0,0,0,0,0,0,0,10,-9,11,-9,11,-8,12,-8,12,-7,13,-7,13,-6,14,-6,13,-5,13,-4,13,-4,13,-4,13,-4,12,-4,12,-4,12,-5,12,-5,11,-6,12,-6,11,-7,11,-7,11,-7,11,-8,11,-8,11,-8,11,-8]
anchor,A3,24:ec:4a:03:56:41,ch=11
ftm_report,A3,31,31,4.650
[0;32mI (821014) TAG: STA connected to 24:ec:4a:03:58:5d, ch=1 (sec=0)[0m
csi_data,A1,[0,0,-11,9,-11,9,-11,9,-11,10,-10,9,-10,9,-10,10,-9,10,-9,10,-8,11,-8,11,-8,11,-8,12,-8,12,-8,13,-8,13,-8,13,-8,13,-9,13,-9,12,-10,12,-10,11,-11,11,-11,10,-11,9,-12,8,0,0,0,0,0,0,0,0,0,0,0,0,0,0,0,0,0,0,0,0,0,0,-9,5,-10,5,-10,4,-11,4,-11,4,-12,4,-12,3,-12,3,-12,3,-12,2,-12,3,-12,3,-12,3,-11,3,-11,3,-11,4,-11,4,-11,5,-11,5,-11,6,-11,6,-11,7,-11,8,-11,8,-11,8,-11,9]
anchor,A1,24:ec:4a:03:58:5d,ch=1
ftm_report,A1,5,5,0.750
[0;32mI (821864) TAG: STA connected to 24:ec:4a:04:39:15, ch=6 (sec=0)[0m
anchor,A2,24:ec:4a:04:39:15,ch=6
ftm_report,A2,4,4,0.600
csi_data,A2,[0,0,-3,-14,-3,-14,-3,-13,-3,-13,-3,-13,-4,-12,-4,-12,-5,-11,-5,-11,-5,-11,-6,-10,-6,-10,-6,-10,-7,-10,-7,-10,-7,-10,-7,-9,-7,-10,-7,-10,-7,-10,-7,-11,-6,-10,-6,-10,-5,-10,-5,-11,-4,-11,0,0,0,0,0,0,0,0,0,0,0,0,0,0,0,0,0,0,0,0,0,0,-4,-14,-3,-14,-2,-14,-2,-15,-1,-15,0,-15,1,-15,1,-15,1,-15,2,-14,2,-14,2,-14,2,-14,2,-14,1,-14,1,-13,0,-13,-1,-13,-1,-14,-1,-14,-2,-14,-2,-14,-2,-14,-2,-14,-3,-14,-3,-15]
[0;32mI (822734) TAG: STA connected to 24:ec:4a:03:56:41, ch=11 (sec=0)[0m
csi_data,A3,[0,0,-12,-11,-11,-10,-11,-10,-11,-9,-11,-9,-11,-8,-11,-8,-11,-7,-11,-7,-11,-6,-11,-6,-11,-5,-12,-5,-12,-5,-11,-5,-12,-5,-12,-4,-12,-5,-11,-6,-11,-6,-11,-6,-10,-6,-10,-6,-9,-6,-8,-7,-8,-7,0,0,0,0,0,0,0,0,0,0,0,0,0,0,0,0,0,0,0,0,0,0,-10,-8,-11,-9,-10,-9,-10,-10,-10,-11,-9,-12,-9,-12,-9,-13,-8,-13,-8,-13,-8,-13,-7,-13,-7,-12,-8,-12,-8,-12,-8,-12,-8,-12,-8,-11,-9,-11,-10,-11,-10,-11,-10,-11,-11,-11,-11,-10,-12,-10,-11,-10]
anchor,A3,24:ec:4a:03:56:41,ch=11
ftm_report,A3,31,31,4.650
[0;32mI (823754) esp_netif_handlers: sta ip: 192.168.4.2, mask: 255.255.255.0, gw: 192.168.4.1[0m
[0;32mI (824104) TAG: STA connected to 24:ec:4a:03:58:5d, ch=1 (sec=0)[0m
csi_data,A1,[0,0,-12,8,-12,8,-12,8,-11,8,-11,8,-11,8,-11,9,-10,9,-10,9,-9,10,-9,10,-9,10,-9,10,-9,11,-9,11,-9,12,-9,12,-10,12,-10,12,-11,11,-11,11,-11,10,-11,9,-12,8,-12,8,-12,7,0,0,0,0,0,0,0,0,0,0,0,0,0,0,0,0,0,0,0,0,0,0,-9,5,-10,4,-10,4,-11,3,-11,3,-12,3,-12,3,-12,3,-12,2,-12,2,-12,2,-12,2,-11,2,-11,2,-11,3,-11,3,-11,4,-11,4,-11,4,-11,5,-11,6,-11,6,-11,7,-12,7,-12,7,-12,8]
anchor,A1,24:ec:4a:03:58:5d,ch=1
ftm_report,A1,3,3,0.450
[0;32mI (824984) TAG: STA connected to 24:ec:4a:04:39:15, ch=6 (sec=0)[0m
csi_data,A2,[0,0,8,-12,7,-12,7,-11,7,-12,7,-12,6,-11,5,-11,5,-11,4,-11,4,-11,3,-12,3,-11,2,-11,2,-12,2,-12,1,-12,2,-12,2,-13,2,-13,2,-13,2,-12,3,-12,4,-11,4,-11,4,-11,5,-10,0,0,0,0,0,0,0,0,0,0,0,0,0,0,0,0,0,0,0,0,0,0,7,-12,8,-12,9,-11,9,-11,10,-11,11,-11,11,-10,11,-9,12,-9,12,-8,12,-8,11,-8,11,-8,11,-8,10,-8,10,-9,10,-9,9,-9,9,-10,9,-10,8,-10,8,-11,8,-11,8,-11,8,-11,8,-12]
anchor,A2,24:ec:4a:04:39:15,ch=6
ftm_report,A2,2,2,0.300
[0;32mI (825844) TAG: STA connected to 24:ec:4a:03:56:41, ch=11 (sec=0)[0m
anchor,A3,24:ec:4a:03:56:41,ch=11
ftm_report,A3,15,15,2.250
[0;32mI (826874) esp_netif_handlers: sta ip: 192.168.4.2, mask: 255.255.255.0, gw: 192.168.4.1[0m
[0;32mI (827224) TAG: STA connected to 24:ec:4a:03:58:5d, ch=1 (sec=0)[0m
anchor,A1,24:ec:4a:03:58:5d,ch=1
ftm_report,A1,5,5,0.750
csi_data,A1,[0,0,-7,13,-6,12,-7,13,-6,12,-6,12,-5,12,-5,12,-5,12,-4,13,I (828134) TAG: STA connected to 24:ec:4a:04:39:15, ch=6 (sec=0)
-3,13,-3,13,-3,13,-3,13,-2,14,-3,14,-3,15,-3,14,-3,15,-4,15,-4,15,-5,15,-6,14,-6,13,-7,13,-7,12,-8,11,0,0,0,0,0,0,0,0,0,0,0,0,0,0,0,0,0,0,0,0,0,0,-6,8,-6,8,-7,8,-8,8,-8,8,-9,8,-9,8,-9,7,-9,7,-9,7,-10,7,-9,7,-9,7,-9,7,-9,7,-8,8,-8,8,-8,8,-8,9,-7,9,-7,10,-7,10,-7,11,-7,11,-7,12,-7,12]
anchor,A2,24:ec:4a:04:39:15,ch=6
ftm_report,A2,9,9,1.350
[0;32mI (828994) TAG: STA connected to 24:ec:4a:03:56:41, ch=11 (sec=0)[0m
anchor,A3,24:ec:4a:03:56:41,ch=11
ftm_report,A3,31,31,4.650
[0;32mI (829864) TAG: STA connected to 24:ec:4a:03:58:5d, ch=1 (sec=0)[0m
anchor,A1,24:ec:4a:03:58:5d,ch=1
ftm_report,A1,8,8,1.200
csi_data,A1,[0,0,13,-4,13,-4,14,-4,13,-4,13,-4,13,-4,13,-5,12,-5,12,-6,12,-6,12,-7,12,-7,12,-7,12,-8,12,-8,12,-8,13,-8,13,-8,14,-7,14,-7,14,-6,14,-5,14,-4,14,-4,14,-3,13,-2,0,0,0,0,0,0,0,0,0,0,0,0,0,0,0,0,0,0,0,0,0,0,9,-2,10,-2,10,-1,11,0,11,0,11,0,11,1,11,1,11,1,11,2,11,2,11,1,11,1,11,1,11,1,11,0,11,0,11,-1,11,-1,12,-1,12,-2,12,-2,12,-3,13,-3,13,-3,13,-4]
[0;32mI (830724) TAG: STA connected to 24:ec:4a:04:39:15, ch=6 (sec=0)[0m
anchor,A2,24:ec:4a:04:39:15,ch=6
ftm_report,A2,3,3,0.450
csi_data,A2,[0,0,-3,14,-3,13,-3,13,-3,13,-2,12,-2,12,-1,12,-1,11,0,11,0,11,1,11,1,11,2,11,2,11,2,11,3,11,3,11,3,11,3,11,2,12,2,11,1,11,1,11,0,11,0,11,-1,10,0,0,0,0,0,0,0,0,0,0,0,0,0,0,0,0,0,0,0,0,0,0,-2,13,-3,13,-4,13,-5,13,-5,13,-6,13,-7,13,-7,13,-7,13,-8,12,-8,12,-8,12,-8,11,-7,11,-7,11,-6,11,-6,12,-5,12,-5,12,-4,12,-4,13,-4,13,-4,13,-4,13,-4,14,-3,14]
[0;32mI (831584) TAG: STA connected to 24:ec:4a:03:56:41, ch=11 (sec=0)[0m
[0;32mI (832614) esp_netif_handlers: sta ip: 192.168.4.2, mask: 255.255.255.0, gw: 192.168.4.1[0m
anchor,A3,24:ec:4a:03:56:41,ch=11
ftm_report,A3,10,10,1.500
csi_data,A3,[0,0,14,-5,13,-5,13,-5,12,-6,12,-6,11,-6,11,-6,11,-6,10,-7,9,-7,9,-8,9,-8,9,-8,9,-8,8,-9,9,-9,9,-8,9,-9,9,-8,9,-8,9,-7,9,-6,9,-6,9,-5,9,-5,9,-4,0,0,0,0,0,0,0,0,0,0,0,0,0,0,0,0,0,0,0,0,0,0,11,-7,11,-6,12,-5,13,-5,13,-4,14,-4,14,-3,14,-3,14,-2,14,-1,14,-2,14,-1,14,-1,13,-1,13,-2,13,-2,13,-3,13,-3,13,-4,13,-4,13,-4,13,-5,13,-5,13,-5,14,-5,14,-6]
[0;32mI (833454) TAG: STA connected to 24:ec:4a:03:58:5d, ch=1 (sec=0)[0m
anchor,A1,24:ec:4a:03:58:5d,ch=1
ftm_report,A1,5,5,0.750
csi_data,A1,[0,0,13,-1,14,-2,13,-1,14,-2,13,-2,13,-2,13,-3,13,-3,12,-4,13,-4,13,-4,12,-5,12,-5,12,-5,13,-6,13,-6,14,-6,14,-5,14,-5,14,-5,14,-4,14,-3,14,-2,14,-1,13,0,13,0,0,0,0,0,0,0,0,0,0,0,0,0,0,0,0,0,0,0,0,0,0,0,9,0,9,1,10,1,10,2,10,2,10,2,10,3,10,3,10,3,10,4,10,4,10,4,10,4,10,4,10,3,10,2,10,2,11,1,11,1,11,1,12,0,12,0,12,0,13,0,13,0,13,-1]
[0;32mI (834304) TAG: STA connected to 24:ec:4a:04:39:15, ch=6 (sec=0)[0m
anchor,A2,24:ec:4a:04:39:15,ch=6
ftm_report,A2,4,4,0.600
csi_data,A2,[0,0,-13,-6,-13,-6,-13,-6,-12,-5,-12,-5,-12,-4,-12,-4,-12,-3,-12,-3,-11,-2,-12,-2,-12,-1,-12,-1,-12,0,-12,0,-12,0,-12,0,-12,0,-12,-1,-12,-1,-12,-1,-12,-2,-12,-2,-11,-2,-11,-3,-11,-3,0,0,0,0,0,0,0,0,0,0,0,0,0,0,0,0,0,0,0,0,0,0,-13,-5,-13,-6,-13,-7,-13,-8,-12,-8,-12,-9,-12,-10,-12,-10,-11,-10,-11,-10,-11,-10,-10,-10,-10,-10,-10,-10,-10,-9,-10,-9,-11,-8,-11,-8,-12,-8,-12,-7,-12,-7,-12,-7,-13,-7,-13,-6,-13,-6,-13,-6]
[0;32mI (835174) TAG: STA connected to 24:ec:4a:03:56:41, ch=11 (sec=0)[0m
anchor,A3,24:ec:4a:03:56:41,ch=11
ftm_report,A3,34,34,5.100
[0;32mI (836044) TAG: STA connected to 24:ec:4a:03:58:5d, ch=1 (sec=0)[0m
csi_data,A1,[0,0,-12,7,-13,7,-13,7,-12,8,-12,7,-12,8,-11,8,-11,8,-11,9,-10,9,-10,10,-10,9,-10,10,-10,10,-10,11,-10,11,-11,11,-11,11,-11,11,-12,10,-12,10,-12,9,-13,8,-13,7,-13,7,-13,6,0,0,0,0,0,0,0,0,0,0,0,0,0,0,0,0,0,0,0,0,0,0,-10,4,-10,3,-10,3,-11,2,-11,2,-12,2,-12,1,-12,1,-12,1,-12,1,-12,1,-12,1,-12,1,-11,1,-11,1,-11,2,-11,3,-11,3,-11,3,-12,4,-12,4,-12,5,-12,6,-12,6,-12,6,-12,7]
[1;31mE (836714) wifi:No valid FTM Measurements found out of 6 received measurements![0m
[0;33mW (836814) TAG: FTM to A1 failed (ESP_FAIL), streak=1[0m
[0;32mI (837064) esp_netif_handlers: sta ip: 192.168.4.2, mask: 255.255.255.0, gw: 192.168.4.1[0m
[0;32mI (837424) TAG: STA connected to 24:ec:4a:04:39:15, ch=6 (sec=0)[0m
anchor,A2,24:ec:4a:04:39:15,ch=6
ftm_report,A2,4,4,0.600
csi_data,A2,[0,0,-13,7,-12,6,-12,6,-11,7,-11,7,-11,7,-10,7,-9,7,-9,7,-8,8,-8,8,-7,8,-7,8,-7,9,-7,9,-7,9,-7,9,-7,9,-7,9,-7,9,-8,9,-8,8,-8,8,-8,8,-8,7,-9,7,0,0,0,0,0,0,0,0,0,0,0,0,0,0,0,0,0,0,0,0,0,0,-12,7,-13,6,-13,6,-14,5,-14,4,-15,4,-15,3,-15,3,-15,2,-15,2,-14,2,-14,1,-14,2,-13,2,-13,2,-13,3,-13,3,-13,4,-13,4,-13,5,-13,5,-13,5,-13,6,-13,6,-13,6,-13,6]
[0;32mI (838284) TAG: STA connected to 24:ec:4a:03:56:41, ch=11 (sec=0)[0m
anchor,A3,24:ec:4a:03:56:41,ch=11
ftm_report,A3,35,35,5.250
csi_data,A3,[0,0,4,14,3,13,4,13,4,12,4,12,4,11,5,10,5,10,5,10,6,9,6,9,7,8,6,8,7,8,7,9,7,9,7,9,7,9,7,9,6,9,6,9,5,9,5,9,4,9,4,9,3,9,0,0,0,0,0,0,0,0,0,0,0,0,0,0,0,0,0,0,0,0,0,0,5,11,4,11,4,12,3,12,2,13,2,13,1,14,1,14,0,14,0,14,-1,14,0,14,0,13,0,13,0,13,0,13,1,13,1,13,2,12,3,13,3,13,3,13,4,14,4,13,5,13,5,13]
[0;32mI (839164) TAG: STA connected to 24:ec:4a:03:58:5d, ch=1 (sec=0)[0m
anchor,A1,24:ec:4a:03:58:5d,ch=1
ftm_report,A1,3,3,0.450
[0;32mI (840024) TAG: STA connected to 24:ec:4a:04:39:15, ch=6 (sec=0)[0m
csi_data,A2,[0,0,-14,-2,-14,-2,-14,-2,-13,-1,-13,-1,-13,0,-12,0,-12,1,-12,1,-11,2,-11,2,-11,3,-11,3,-11,3,-11,4,-11,4,-11,4,-12,4,-12,4,-12,3,-12,3,-12,2,-11,2,-12,1,-11,1,-11,0,0,0,0,0,0,0,0,0,0,0,0,0,0,0,0,0,0,0,0,0,0,0,-14,-1,-14,-2,-14,-3,-15,-3,-14,-4,-15,-5,-14,-5,-14,-6,-14,-7,-13,-7,-13,-7,-13,-7,-13,-6,-12,-6,-13,-6,-12,-5,-13,-5,-13,-4,-13,-4,-13,-3,-14,-3,-14,-3,-14,-2,-14,-2,-14,-2,-14,-2]
anchor,A2,24:ec:4a:04:39:15,ch=6
ftm_report,A2,2,2,0.300
[0;32mI (840934) TAG: STA connected to 24:ec:4a:03:56:41, ch=11 (sec=0)[0m
csi_data,A3,[0,0,-15,2,-14,1,-15,1,-14,2,-14,2,-13,2,-13,3,-12,3,-12,3,-11,4,-11,4,-11,4,-11,4,-11,5,-11,5,-11,5,-12,5,-11,5,-12,5,-11,4,-11,4,-11,3,-11,2,-11,1,-11,1,-10,0,0,0,0,0,0,0,0,0,0,0,0,0,0,0,0,0,0,0,0,0,0,0,-12,3,-12,2,-13,2,-14,1,-14,0,-14,0,-14,-1,-15,-1,-15,-2,-15,-3,-14,-3,-14,-3,-14,-3,-14,-3,-14,-2,-14,-2,-14,-1,-14,-1,-14,-1,-14,0,-15,1,-14,1,-15,1,-15,1,-15,2,-14,2]
[0;32mI (841964) esp_netif_handlers: sta ip: 192.168.4.2, mask: 255.255.255.0, gw: 192.168.4.1[0m
[0;33mW (842674) TAG: FTM to A3 failed (ESP_FAIL), streak=1[0m
[0;32mI (843274) TAG: STA connected to 24:ec:4a:03:58:5d, ch=1 (sec=0)[0m
anchor,A1,24:ec:4a:03:58:5d,ch=1
ftm_report,A1,5,5,0.750
[0;32mI (844124) TAG: STA connected to 24:ec:4a:04:39:15, ch=6 (sec=0)[0m
anchor,A2,24:ec:4a:04:39:15,ch=6
ftm_report,A2,4,4,0.600
[0;32mI (845004) TAG: STA connected to 24:ec:4a:03:56:41, ch=11 (sec=0)[0m
csi_data,A3,[0,0,8,-13,7,-12,7,-12,6,-12,6,-12,6,-12,5,-12,5,-12,4,-12,3,-12,3,-12,2,-12,2,-12,2,-12,2,-12,2,-13,2,-12,2,-12,2,-12,3,-12,3,-11,4,-11,4,-10,4,-10,4,-10,5,-9,0,0,0,0,0,0,0,0,0,0,0,0,0,0,0,0,0,0,0,0,0,0,5,-12,6,-12,7,-11,8,-11,8,-11,9,-11,9,-11,10,-10,10,-10,10,-9,10,-9,10,-9,10,-9,10,-9,10,-9,9,-10,9,-10,9,-10,8,-11,8,-11,8,-11,8,-11,8,-13,8,-12,7,-13,6,-13]
anchor,A3,24:ec:4a:03:56:41,ch=11
ftm_report,A3,30,30,4.500
[0;32mI (845874) TAG: STA connected to 24:ec:4a:03:58:5d, ch=1 (sec=0)[0m
anchor,A1,24:ec:4a:03:58:5d,ch=1
ftm_report,A1,12,12,1.800
csi_data,A1,[0,0,11,8,11,7,12,7,11,7,12,7,12,6,12,6,12,6,11,5,12,5,12,4,12,4,13,4,13,3,13,4,14,4,14,4,14,4,14,5,14,6,13,6,13,6,12,7,12,7,11,8,10,8,0,0,0,0,0,0,0,0,0,0,0,0,0,0,0,0,0,0,0,0,0,0,7,6,7,7,7,7,7,8,7,8,6,9,6,9,5,9,5,9,6,10,5,9,5,9,6,9,6,9,6,9,6,8,6,8,7,8,8,8,9,8,9,8,10,8,9,8,10,8,11,8,11,8]
[0;32mI (846724) TAG: STA connected to 24:ec:4a:04:39:15, ch=6 (sec=0)[0m
anchor,A2,24:ec:4a:04:39:15,ch=6
ftm_report,A2,5,5,0.750
csi_data,A2,[0,0,-9,10,-9,10,-9,10,-9,10,-8,10,-8,9,-7,9,-6,10,-6,10,-5,10,-5,10,-4,10,-4,10,-4,10,-3,10,-3,11,-3,11,-4,11,-4,11,-4,11,-4,11,-5,10,-5,10,-5,9,-6,9,-6,9,0,0,0,0,0,0,0,0,0,0,0,0,0,0,0,0,0,0,0,0,0,0,-8,11,-9,10,-10,10,-11,9,-11,9,-12,9,-12,8,-13,8,-13,7,-13,7,-13,7,-13,6,-12,6,-12,6,-11,6,-11,7,-11,8,-10,8,-11,8,-10,9,-10,9,-10,9,-10,10,-10,10,-10,10,-10,10]
[0;32mI (847584) TAG: STA connected to 24:ec:4a:03:56:41, ch=11 (sec=0)[0m
anchor,A3,24:ec:4a:03:56:41,ch=11
ftm_report,A3,30,30,4.500
csi_data,A3,[0,0,-9,12,-10,11,-9,11,-9,11,-8,10,-7,10,-7,10,-6,10,-6,11,-5,11,-5,11,-4,10,-4,11,-4,11,-4,11,-3,11,-4,11,-4,11,-4,11,-5,11,-5,11,-5,10,-5,9,-6,9,-6,8,-6,8,0,0,0,0,0,0,0,0,0,0,0,0,0,0,0,0,0,0,0,0,0,0,-7,10,-8,10,-9,10,-9,9,-10,9,-11,9,-12,9,-12,9,-13,8,-12,8,-12,8,-12,8,-12,7,-12,7,-11,8,-11,8,-11,8,-11,9,-10,9,-10,10,-10,10,-10,10,-10,11,-9,11,-9,11,-9,11]
[0;32mI (848464) TAG: STA connected to 24:ec:4a:03:58:5d, ch=1 (sec=0)[0m
anchor,A1,24:ec:4a:03:58:5d,ch=1
ftm_report,A1,6,6,0.900
csi_data,A1,[0,0,-15,0,-16,0,-15,0,-15,0,-15,0,-15,1,-15,1,-14,1,-14,2,-14,3,-14,3,-14,3,-14,4,-14,4,-15,5,-14,5,-16,4,-15,4,-16,4,-16,3,-16,3,-16,2,-16,1,-15,0,-15,-1,-15,-1,0,0,0,0,0,0,0,0,0,0,0,0,0,0,0,0,0,0,0,0,0,0,-11,-2,-11,-2,-11,-3,-11,-4,-12,-4,-11,-4,-11,-5,-11,-5,-11,-5,-11,-6,-11,-6,-11,-6,-11,-5,-11,-5,-11,-5,-12,-4,-11,-3,-12,-3,-12,-3,-13,-2,-13,-2,-13,-2,-14,-1,-14,-1,-15,-1,-15,-1]
[0;32mI (849324) TAG: STA connected to 24:ec:4a:04:39:15, ch=6 (sec=0)[0m
anchor,A2,24:ec:4a:04:39:15,ch=6
ftm_report,A2,3,3,0.450
csi_data,A2,[0,0,14,1,13,1,13,1,13,0,12,0,12,-1,12,-1,11,-2,11,-2,11,-3,11,-3,10,-4,10,-4,11,-4,11,-4,10,-5,11,-5,11,-5,11,-4,11,-4,11,-4,11,-3,11,-3,11,-2,10,-2,11,-1,0,0,0,0,0,0,0,0,0,0,0,0,0,0,0,0,0,0,0,0,0,0,13,0,14,0,14,2,14,3,14,3,14,4,14,5,14,5,13,6,13,6,12,6,12,6,12,5,12,5,12,5,12,4,12,4,12,3,12,3,13,2,13,2,13,2,14,1,14,1,14,1,14,1]
[0;32mI (850184) TAG: STA connected to 24:ec:4a:03:56:41, ch=11 (sec=0)[0m
anchor,A3,24:ec:4a:03:56:41,ch=11
ftm_report,A3,30,30,4.500
csi_data,A3,[0,0,-9,13,-9,11,-9,12,-8,11,-7,11,-7,11,-6,11,-5,11,-5,11,-4,11,-4,11,-4,11,-3,11,-3,11,-3,12,-3,12,-3,12,-3,12,-4,12,-4,11,-4,11,-4,10,-5,10,-5,9,-6,9,-6,8,0,0,0,0,0,0,0,0,0,0,0,0,0,0,0,0,0,0,0,0,0,0,-7,11,-8,11,-9,10,-9,10,-10,10,-11,10,-11,10,-12,9,-12,9,-12,8,-13,8,-12,8,-12,8,-11,8,-11,8,-11,9,-11,9,-10,9,-10,10,-10,10,-9,11,-9,11,-9,12,-9,12,-9,12,-9,12]
[0;32mI (851214) esp_netif_handlers: sta ip: 192.168.4.2, mask: 255.255.255.0, gw: 192.168.4.1[0m
[0;32mI (851554) TAG: STA connected to 24:ec:4a:03:58:5d, ch=1 (sec=0)[0m
anchor,A1,24:ec:4a:03:58:5d,ch=1
ftm_report,A1,12,12,1.800
csi_data,A1,[0,0,11,-8,11,-9,11,-9,10,-9,11,-9,10,-9,10,-9,9,-9,9,-10,8,-10,8,-11,8,-11,8,-11,8,-12,8,-12,8,-13,9,-12,9,-13,10,-12,10,-12,10,-11,11,-10,11,-9,11,-9,11,-8,11,-7,0,0,0,0,0,0,0,0,0,0,0,0,0,0,0,0,0,0,0,0,0,0,8,-6,9,-5,9,-5,10,-4,10,-4,11,-4,11,-4,11,-3,11,-3,11,-3,11,-3,11,-3,10,-3,10,-3,10,-3,10,-4,10,-4,10,-5,10,-5,10,-6,10,-6,10,-7,10,-8,11,-8,11,-8,11,-9]
[0;32mI (852404) TAG: STA connected to 24:ec:4a:04:39:15, ch=6 (sec=0)[0m
anchor,A2,24:ec:4a:04:39:15,ch=6
ftm_report,A2,4,4,0.600
csi_data,A2,[0,0,12,7,12,6,11,6,11,6,11,5,11,5,11,4,11,4,11,3,11,2,11,2,11,1,11,1,11,1,11,1,12,1,11,1,12,1,12,1,11,2,11,2,11,3,11,3,11,3,10,4,10,4,0,0,0,0,0,0,0,0,0,0,0,0,0,0,0,0,0,0,0,0,0,0,12,4,12,5,12,6,12,7,11,8,11,9,11,9,10,10,10,10,9,10,9,10,9,10,9,9,9,9,9,9,9,8,9,8,9,8,10,7,10,7,11,7,11,7,12,7,12,6,12,6,12,6]
[0;32mI (853274) TAG: STA connected to 24:ec:4a:03:56:41, ch=11 (sec=0)[0m
anchor,A3,24:ec:4a:03:56:41,ch=11
ftm_report,A3,32,32,4.800
csi_data,A3,[0,0,-8,-13,-8,-12,-8,-12,-8,-12,-8,-11,-8,-11,-8,-10,-8,-10,-8,-10,-9,-9,-9,-9,-9,-8,-9,-8,-9,-8,-10,-8,-10,-8,-10,-8,-10,-9,-10,-9,-9,-9,-9,-9,-8,-9,-7,-9,-7,-9,-6,-9,-5,-9,0,0,0,0,0,0,0,0,0,0,0,0,0,0,0,0,0,0,0,0,0,0,-9,-10,-8,-11,-8,-11,-8,-12,-7,-13,-6,-13,-6,-14,-5,-14,-5,-14,-5,-14,-4,-15,-4,-14,-4,-14,-4,-14,-5,-13,-5,-13,-5,-13,-6,-13,-6,-13,-7,-12,-7,-13,-7,-13,-8,-13,-8,-13,-9,-13,-9,-12]
[0;32mI (854304) esp_netif_handlers: sta ip: 192.168.4.2, mask: 255.255.255.0, gw: 192.168.4.1[0m
[0;32mI (854704) TAG: STA connected to 24:ec:4a:03:58:5d, ch=1 (sec=0)[0m
anchor,A1,24:ec:4a:03:58:5d,ch=1
ftm_report,A1,5,5,0.750
csi_data,A1,[0,0,-11,-10,-12,-10,-12,-10,-11,-9,-12,-9,-12,-8,-12,-8,-12,-7,-12,-7,-12,-7,-13,-7,-13,-6,-14,-6,-14,-6,-14,-6,-15,-6,-15,-6,-15,-7,-15,-7,-14,-8,-14,-8,-13,-9,-13,-9,-12,-10,-11,-10,-10,-11,0,0,0,0,0,0,0,0,0,0,0,0,0,0,0,0,0,0,0,0,0,0,-7,-8,-7,-9,-7,-9,-7,-10,-6,-10,-6,-11,-6,-11,-5,-11,-5,-11,-5,-11,-5,-11,-5,-11,-5,-11,-6,-11,-6,-11,-6,-10,-6,-10,-7,-10,-8,-10,-8,-10,-9,-10,-9,-10,-9,-9,-10,-10,-11,-10,-11,-10]
[0;32mI (855574) TAG: STA connected to 24:ec:4a:04:39:15, ch=6 (sec=0)[0m
anchor,A2,24:ec:4a:04:39:15,ch=6
ftm_report,A2,6,6,0.900
csi_data,A2,[0,0,12,6,12,5,11,5,11,5,11,4,11,4,11,4,10,3,10,3,10,2,10,1,10,1,10,0,10,0,10,0,11,0,11,0,11,0,11,0,11,1,11,1,11,1,10,2,10,2,9,2,9,3,0,0,0,0,0,0,0,0,0,0,0,0,0,0,0,0,0,0,0,0,0,0,13,3,13,4,12,6,13,6,12,7,12,8,12,9,11,9,11,9,10,9,10,9,10,9,10,9,10,9,10,8,9,8,10,8,10,7,11,7,11,6,11,6,12,6,12,6,12,6,12,6,12,6]
[0;32mI (856444) TAG: STA connected to 24:ec:4a:03:56:41, ch=11 (sec=0)[0m
anchor,A3,24:ec:4a:03:56:41,ch=11
ftm_report,A3,31,31,4.650
csi_data,A3,[0,0,7,-14,7,-13,6,-13,6,-13,5,-13,5,-13,4,-12,4,-12,3,-12,3,-12,2,-13,2,-12,2,-12,1,-12,1,-13,1,-13,1,-13,1,-13,2,-13,2,-13,3,-12,3,-11,3,-11,4,-10,4,-10,4,-10,0,0,0,0,0,0,0,0,0,0,0,0,0,0,0,0,0,0,0,0,0,0,5,-12,6,-12,7,-12,8,-12,8,-12,9,-11,10,-11,10,-11,10,-11,11,-10,11,-10,11,-10,10,-10,10,-10,9,-10,9,-10,9,-11,9,-11,8,-12,8,-12,8,-12,7,-12,7,-13,7,-13,7,-13,7,-13]
[0;32mI (857314) TAG: STA connected to 24:ec:4a:03:58:5d, ch=1 (sec=0)[0m
anchor,A1,24:ec:4a:03:58:5d,ch=1
ftm_report,A1,5,5,0.750
csi_data,A1,[0,0,7,11,8,10,8,11,8,10,8,10,8,10,8,9,9,9,9,9,9,8,10,8,10,8,11,8,11,8,11,8,11,8,11,8,11,9,11,10,10,10,10,11,9,11,9,11,8,11,7,11,6,12,0,0,0,0,0,0,0,0,0,0,0,0,0,0,0,0,0,0,0,0,0,0,5,8,5,9,4,9,5,10,4,10,3,10,3,11,2,10,2,11,2,11,2,11,2,11,3,10,3,10,3,10,3,10,3,10,4,10,5,10,5,10,5,10,6,10,6,10,7,10,8,11,8,11]
[0;32mI (858194) TAG: STA connected to 24:ec:4a:04:39:15, ch=6 (sec=0)[0m
anchor,A2,24:ec:4a:04:39:15,ch=6
ftm_report,A2,2,2,0.300
[0;32mI (859064) TAG: STA connected to 24:ec:4a:03:56:41, ch=11 (sec=0)[0m
csi_data,A3,[0,0,7,-14,6,-12,7,-13,6,-13,6,-13,5,-12,5,-12,4,-12,4,-12,3,-12,2,-12,2,-12,2,-12,1,-12,1,-12,1,-13,2,-12,2,-13,2,-12,2,-12,3,-12,3,-11,3,-10,4,-10,4,-10,4,-9,0,0,0,0,0,0,0,0,0,0,0,0,0,0,0,0,0,0,0,0,0,0,4,-12,5,-12,6,-12,7,-12,7,-11,9,-12,9,-12,10,-11,10,-11,10,-10,10,-10,10,-10,9,-10,9,-10,9,-10,9,-10,9,-11,8,-11,8,-11,8,-12,7,-12,7,-12,7,-13,7,-13,6,-13,7,-14]
anchor,A3,24:ec:4a:03:56:41,ch=11
ftm_report,A3,31,31,4.650
[0;32mI (860084) esp_netif_handlers: sta ip: 192.168.4.2, mask: 255.255.255.0, gw: 192.168.4.1[0m
[0;32mI (860434) TAG: STA connected to 24:ec:4a:03:58:5d, ch=1 (sec=0)[0m
anchor,A1,24:ec:4a:03:58:5d,ch=1
ftm_report,A1,4,4,0.600
csi_data,A1,[0,0,-14,4,-14,4,-14,4,-14,5,-14,4,-14,4,-13,5,-13,5,-12,6,-12,6,-12,7,-12,7,-12,7,-12,8,-12,8,-12,9,-13,8,-13,8,-14,8,-14,7,-14,7,-14,6,-14,5,-14,5,-14,4,-14,3,0,0,0,0,0,0,0,0,0,0,0,0,0,0,0,0,0,0,0,0,0,0,-10,1,-11,1,-11,0,-12,0,-12,-1,-12,-1,-12,-2,-12,-2,-12,-2,-12,-2,-12,-2,-12,-2,-12,-2,-12,-2,-12,-1,-12,-1,-12,0,-12,0,-12,0,-13,1,-12,1,-13,2,-13,3,-14,3,-14,3,-14,4]
[0;32mI (861304) TAG: STA connected to 24:ec:4a:04:39:15, ch=6 (sec=0)[0m
anchor,A2,24:ec:4a:04:39:15,ch=6
ftm_report,A2,4,4,0.600
csi_data,A2,[0,0,-14,4,-13,4,-13,4,-13,4,-12,4,-12,4,-11,4,-11,5,-10,5,-10,6,-9,6,-9,6,-9,7,-9,7,-9,7,-9,8,-9,8,-9,8,-9,8,-9,7,-9,7,-10,7,-10,6,-10,6,-9,5,-10,5,0,0,0,0,0,0,0,0,0,0,0,0,0,0,0,0,0,0,0,0,0,0,-13,5,-14,4,-15,3,-15,2,-15,1,-16,1,-16,0,-15,-1,-15,-1,-15,-2,-15,-1,-14,-2,-14,-1,-14,-1,-14,-1,-13,0,-13,0,-13,1,-14,1,-14,2,-14,2,-14,2,-14,3,-14,3,-14,4,-14,4]
[0;32mI (862164) TAG: STA connected to 24:ec:4a:03:56:41, ch=11 (sec=0)[0m
csi_data,A3,[0,0,15,3,13,3,13,3,13,2,13,1,13,1,12,1,12,0,11,0,11,-1,11,-1,11,-1,11,-2,12,-2,11,-2,12,-2,11,-2,12,-1,12,-1,11,-1,11,-1,11,0,10,1,10,1,9,2,9,2,0,0,0,0,0,0,0,0,0,0,0,0,0,0,0,0,0,0,0,0,0,0,12,0,12,1,12,2,13,2,12,3,13,4,13,5,13,5,13,6,12,6,12,6,12,6,12,6,12,6,12,5,11,5,12,5,12,4,13,4,13,3,13,3,13,3,13,3,14,2,14,2,14,1]
[0;32mI (863184) esp_netif_handlers: sta ip: 192.168.4.2, mask: 255.255.255.0, gw: 192.168.4.1[0m
[0;33mW (863904) TAG: FTM to A3 failed (ESP_FAIL), streak=1[0m
[0;32mI (864504) TAG: STA connected to 24:ec:4a:03:58:5d, ch=1 (sec=0)[0m
anchor,A1,24:ec:4a:03:58:5d,ch=1
ftm_report,A1,9,9,1.350
csi_data,A1,[0,0,-2,14,-2,13,-2,14,-2,14,-1,13,-1,13,-1,13,0,13,0,13,1,13,2,13,2,13,2,13,2,13,2,14,2,14,2,14,2,15,1,15,1,15,0,15,-1,14,-1,14,-1,14,-2,14,-3,13,0,0,0,0,0,0,0,0,0,0,0,0,0,0,0,0,0,0,0,0,0,0,-3,10,-3,10,-4,10,-4,10,-5,10,-6,10,-7,10,-7,10,-7,10,-7,9,-7,10,-7,10,-6,9,-6,9,-5,9,-5,10,-5,10,-4,10,-4,11,-4,11,-4,11,-3,12,-3,13,-2,13,-2,13,-2,14]
[0;32mI (865374) TAG: STA connected to 24:ec:4a:04:39:15, ch=6 (sec=0)[0m
anchor,A2,24:ec:4a:04:39:15,ch=6
ftm_report,A2,4,4,0.600
csi_data,A2,[0,0,-13,6,-13,6,-12,6,-11,6,-12,6,-11,6,-10,7,-10,7,-9,7,-8,7,-8,8,-8,8,-7,8,-8,9,-7,9,-7,9,-7,9,-8,9,-8,9,-8,9,-8,9,-9,8,-8,8,-9,7,-9,7,-9,6,0,0,0,0,0,0,0,0,0,0,0,0,0,0,0,0,0,0,0,0,0,0,-12,7,-13,6,-13,5,-14,5,-14,4,-15,4,-15,3,-15,2,-15,2,-14,1,-15,1,-14,1,-14,2,-14,2,-13,2,-13,2,-13,3,-13,3,-13,4,-13,4,-13,5,-13,5,-13,6,-13,6,-13,6,-13,6]
[0;32mI (866234) TAG: STA connected to 24:ec:4a:03:56:41, ch=11 (sec=0)[0m
[0;32mI (867274) esp_netif_handlers: sta ip: 192.168.4.2, mask: 255.255.255.0, gw: 192.168.4.1[0m
[0;33mW (867984) TAG: FTM to A3 failed (ESP_FAIL), streak=1[0m
[0;32mI (868584) TAG: STA connected to 24:ec:4a:03:58:5d, ch=1 (sec=0)[0m
anchor,A1,24:ec:4a:03:58:5d,ch=1
ftm_report,A1,5,5,0.750
csi_data,A1,[0,0,-14,-3,-15,-3,-15,-3,-14,-3,-15,-3,-14,-2,-14,-2,-14,-1,-14,-1,-14,0,-14,0,-14,1,-14,1,-15,1,-15,1,-15,1,-16,1,-16,1,-16,0,-16,-1,-16,-1,-15,-2,-15,-3,-15,-3,-14,-4,-13,-5,0,0,0,0,0,0,0,0,0,0,0,0,0,0,0,0,0,0,0,0,0,0,-10,-3,-11,-4,-11,-5,-11,-5,-11,-6,-11,-6,-10,-7,-10,-7,-10,-7,-10,-8,-10,-7,-10,-7,-10,-7,-10,-7,-10,-7,-10,-6,-10,-6,-11,-5,-12,-5,-12,-5,-12,-4,-13,-4,-13,-4,-14,-4,-14,-3,-14,-3]
[0;32mI (869484) TAG: STA connected to 24:ec:4a:04:39:15, ch=6 (sec=0)[0m
anchor,A2,24:ec:4a:04:39:15,ch=6
ftm_report,A2,6,6,0.900
csi_data,A2,[0,0,-8,11,-8,11,-8,11,-8,11,-7,11,-7,10,-6,10,-5,10,-5,10,-4,10,-4,10,-3,10,-3,10,-3,10,-2,11,-2,11,-3,11,-2,11,-3,12,-3,11,-3,11,-4,10,-4,10,-5,10,-5,9,-5,9,0,0,0,0,0,0,0,0,0,0,0,0,0,0,0,0,0,0,0,0,0,0,-7,12,-7,11,-9,11,-9,10,-10,11,-11,10,-11,10,-11,9,-12,9,-12,8,-12,8,-12,8,-11,8,-11,8,-11,8,-10,8,-10,8,-10,9,-9,9,-9,10,-9,10,-9,10,-9,11,-9,11,-8,11,-8,11]
[0;32mI (870344) TAG: STA connected to 24:ec:4a:03:56:41, ch=11 (sec=0)[0m
anchor,A3,24:ec:4a:03:56:41,ch=11
ftm_report,A3,28,28,4.200
csi_data,A3,[0,0,-11,11,-11,9,-11,9,-10,9,-9,10,-9,9,-8,9,-8,9,-7,9,-6,9,-6,10,-6,10,-6,10,-6,10,-5,10,-5,10,-6,10,-6,11,-6,10,-6,10,-6,10,-7,9,-7,8,-7,8,-7,7,-8,7,0,0,0,0,0,0,0,0,0,0,0,0,0,0,0,0,0,0,0,0,0,0,-8,9,-9,9,-10,8,-11,8,-11,8,-12,8,-13,8,-13,7,-13,7,-13,6,-13,6,-13,6,-13,6,-13,6,-12,6,-12,6,-12,7,-11,7,-11,8,-11,8,-11,8,-11,8,-11,10,-11,10,-11,10,-10,10]
[0;32mI (871234) TAG: STA connected to 24:ec:4a:03:58:5d, ch=1 (sec=0)[0m
anchor,A1,24:ec:4a:03:58:5d,ch=1
ftm_report,A1,10,10,1.500
[0;32mI (872084) TAG: STA connected to 24:ec:4a:04:39:15, ch=6 (sec=0)[0m
csi_data,A2,[0,0,-11,9,-11,9,-10,8,-10,9,-9,9,-9,8,-8,9,-8,9,-7,9,-7,9,-6,9,-6,9,-5,10,-5,10,-5,10,-5,10,-5,11,-5,11,-5,10,-6,10,-6,10,-6,10,-7,9,-7,9,-7,8,-7,8,0,0,0,0,0,0,0,0,0,0,0,0,0,0,0,0,0,0,0,0,0,0,-10,9,-11,9,-12,8,-12,8,-13,7,-13,7,-14,6,-14,6,-14,5,-14,5,-14,5,-13,5,-13,5,-12,5,-12,5,-12,5,-12,6,-12,6,-12,6,-12,7,-11,7,-11,8,-11,9,-11,9,-11,9,-11,9]
anchor,A2,24:ec:4a:04:39:15,ch=6
ftm_report,A2,2,2,0.300
[0;32mI (872954) TAG: STA connected to 24:ec:4a:03:56:41, ch=11 (sec=0)[0m
anchor,A3,24:ec:4a:03:56:41,ch=11
ftm_report,A3,30,30,4.500
[0;32mI (873834) TAG: STA connected to 24:ec:4a:03:58:5d, ch=1 (sec=0)[0m
anchor,A1,24:ec:4a:03:58:5d,ch=1
ftm_report,A1,8,8,1.200
csi_data,A1,[0,0,6,-13,6,-13,6,-13,6,-13,6,-13,5,-13,5,-13,4,-13,4,-13,3,-13,3,-14,3,-13,2,-14,2,-14,2,-15,2,-15,2,-15,3,-16,3,-16,4,-15,4,-15,5,-14,6,-14,6,-13,7,-13,7,-12,0,0,0,0,0,0,0,0,0,0,0,0,0,0,0,0,0,0,0,0,0,0,6,-9,6,-9,7,-8,7,-8,8,-8,8,-8,9,-8,9,-8,9,-7,9,-7,9,-7,9,-7,9,-7,8,-7,8,-8,8,-8,8,-8,7,-9,7,-9,7,-10,6,-10,7,-11,6,-11,7,-12,7,-12,7,-13]
[0;32mI (874724) TAG: STA connected to 24:ec:4a:04:39:15, ch=6 (sec=0)[0m
anchor,A2,24:ec:4a:04:39:15,ch=6
ftm_report,A2,2,2,0.300
csi_data,A2,[0,0,2,14,2,12,2,13,3,12,3,12,3,11,3,11,4,10,4,10,5,9,5,9,5,9,6,9,6,9,6,9,7,9,6,8,7,9,7,9,6,9,6,10,5,9,5,9,5,9,4,9,3,10,0,0,0,0,0,0,0,0,0,0,0,0,0,0,0,0,0,0,0,0,0,0,3,12,3,13,2,13,1,14,0,13,-1,15,-1,14,-2,14,-2,14,-3,13,-2,14,-3,13,-2,13,-2,13,-2,13,-1,12,-1,13,0,12,0,13,1,13,1,13,1,13,2,13,2,13,2,13,3,14]
[0;32mI (875584) TAG: STA connected to 24:ec:4a:03:56:41, ch=11 (sec=0)[0m
anchor,A3,24:ec:4a:03:56:41,ch=11
ftm_report,A3,31,31,4.650
[0;32mI (876454) TAG: STA connected to 24:ec:4a:03:58:5d, ch=1 (sec=0)[0m
anchor,A1,24:ec:4a:03:58:5d,ch=1
ftm_report,A1,5,5,0.750
csi_data,A1,[0,0,-6,-14,-6,-13,-7,-14,-6,-13,-7,-13,-7,-13,-7,-12,-8,-12,-8,-12,-8,-11,-9,-11,-9,-11,-10,-11,-10,-11,-10,-11,-11,-12,-11,-12,-10,-12,-10,-13,-10,-13,-9,-14,-8,-13,-8,-13,-7,-13,-6,-14,-5,-14,0,0,0,0,0,0,0,0,0,0,0,0,0,0,0,0,0,0,0,0,0,0,-3,-11,-2,-11,-2,-11,-2,-12,-1,-12,0,-12,0,-12,1,-12,1,-12,0,-12,1,-12,1,-12,0,-12,0,-12,-1,-12,-1,-12,-1,-12,-2,-12,-3,-12,-3,-12,-3,-12,-4,-13,-4,-13,-5,-13,-6,-13,-5,-14]
[0;32mI (877334) TAG: STA connected to 24:ec:4a:04:39:15, ch=6 (sec=0)[0m
anchor,A2,24:ec:4a:04:39:15,ch=6
ftm_report,A2,6,6,0.900
csi_data,A2,[0,0,-12,7,-12,7,-12,7,-11,7,-11,7,-10,7,-10,7,-9,7,-9,7,-8,8,-8,8,-7,8,-7,9,-7,9,-6,9,-7,9,-6,9,-7,9,-7,9,-7,9,-7,9,-8,8,-8,8,-8,8,-8,7,-8,7,0,0,0,0,0,0,0,0,0,0,0,0,0,0,0,0,0,0,0,0,0,0,-11,9,-12,8,-13,7,-13,7,-14,6,-15,6,-15,5,-15,5,-15,4,-15,3,-15,3,-14,3,-14,3,-14,3,-14,4,-13,4,-13,4,-13,5,-13,5,-13,5,-13,6,-13,6,-13,7,-13,7,-13,7,-13,7]
[0;32mI (878194) TAG: STA connected to 24:ec:4a:03:56:41, ch=11 (sec=0)[0m
anchor,A3,24:ec:4a:03:56:41,ch=11
ftm_report,A3,30,30,4.500
[0;32mI (879074) TAG: STA connected to 24:ec:4a:03:58:5d, ch=1 (sec=0)[0m
csi_data,A1,[0,0,14,-2,14,-2,14,-2,13,-2,14,-2,14,-3,13,-3,13,-3,13,-4,13,-4,13,-5,13,-5,13,-5,13,-6,13,-6,13,-6,14,-6,14,-6,15,-5,15,-5,15,-4,15,-3,14,-2,14,-1,14,-1,13,0,0,0,0,0,0,0,0,0,0,0,0,0,0,0,0,0,0,0,0,0,0,0,10,-1,10,0,10,0,11,1,11,1,11,2,11,2,11,3,11,3,11,4,11,3,11,3,11,3,11,3,11,2,11,2,11,1,11,1,12,1,12,0,12,0,13,0,12,-1,13,-1,14,-1,14,-2]
anchor,A1,24:ec:4a:03:58:5d,ch=1
ftm_report,A1,5,5,0.750
[0;32mI (879924) TAG: STA connected to 24:ec:4a:04:39:15, ch=6 (sec=0)[0m
csi_data,A2,[0,0,5,-13,5,-13,5,-13,4,-13,4,-13,3,-12,3,-12,2,-12,2,-12,1,-12,0,-12,0,-12,0,-12,-1,-12,-1,-12,-1,-12,-1,-12,-1,-12,0,-13,0,-13,0,-12,1,-12,1,-12,1,-12,2,-11,2,-11,0,0,0,0,0,0,0,0,0,0,0,0,0,0,0,0,0,0,0,0,0,0,3,-13,4,-13,5,-13,6,-13,7,-13,8,-13,8,-12,9,-12,9,-12,9,-11,9,-11,9,-11,9,-11,8,-10,8,-11,8,-11,7,-11,7,-11,7,-12,6,-12,6,-12,6,-13,5,-13,5,-13,5,-14,5,-14]
anchor,A2,24:ec:4a:04:39:15,ch=6
ftm_report,A2,4,4,0.600
[0;32mI (880824) TAG: STA connected to 24:ec:4a:03:56:41, ch=11 (sec=0)[0m
csi_data,A3,[0,0,8,-13,8,-12,8,-12,8,-12,7,-12,6,-12,5,-12,5,-12,5,-12,4,-12,4,-12,3,-12,3,-12,2,-12,3,-13,2,-12,3,-12,3,-13,3,-13,3,-12,4,-12,4,-11,4,-10,4,-10,5,-10,5,-9,0,0,0,0,0,0,0,0,0,0,0,0,0,0,0,0,0,0,0,0,0,0,6,-11,7,-11,8,-11,8,-11,9,-11,10,-11,11,-10,11,-10,12,-10,11,-9,12,-9,11,-9,11,-9,11,-9,10,-9,10,-9,10,-10,10,-10,9,-10,9,-11,9,-11,9,-12,9,-13,8,-12,8,-12,8,-13]
anchor,A3,24:ec:4a:03:56:41,ch=11
ftm_report,A3,17,17,2.550
[0;32mI (881854) esp_netif_handlers: sta ip: 192.168.4.2, mask: 255.255.255.0, gw: 192.168.4.1[0m
[0;32mI (882204) TAG: STA connected to 24:ec:4a:03:58:5d, ch=1 (sec=0)[0m
anchor,A1,24:ec:4a:03:58:5d,ch=1
ftm_report,A1,10,10,1.500
[0;32mI (883054) TAG: STA connected to 24:ec:4a:04:39:15, ch=6 (sec=0)[0m
csi_data,A2,[0,0,13,-6,12,-6,12,-6,12,-6,11,-6,11,-6,10,-6,10,-7,9,-7,8,-7,8,-8,8,-8,8,-8,7,-9,7,-9,7,-9,8,-9,8,-9,8,-9,8,-9,8,-8,9,-8,8,-7,9,-7,8,-6,9,-6,0,0,0,0,0,0,0,0,0,0,0,0,0,0,0,0,0,0,0,0,0,0,11,-7,12,-6,13,-5,13,-5,14,-4,14,-3,14,-3,14,-2,14,-2,14,-1,14,-1,13,-1,13,-1,13,-2,13,-2,12,-2,12,-3,12,-3,12,-4,12,-4,12,-4,13,-5,12,-5,13,-6,13,-6,13,-6]
anchor,A2,24:ec:4a:04:39:15,ch=6
ftm_report,A2,4,4,0.600
[0;32mI (883904) TAG: STA connected to 24:ec:4a:03:56:41, ch=11 (sec=0)[0m
anchor,A3,24:ec:4a:03:56:41,ch=11
ftm_report,A3,36,36,5.400
[0;32mI (884784) TAG: STA connected to 24:ec:4a:03:58:5d, ch=1 (sec=0)[0m
anchor,A1,24:ec:4a:03:58:5d,ch=1
ftm_report,A1,8,8,1.200
csi_data,A1,[0,0,13,3,13,2,13,2,13,2,14,2,13,1,13,1,13,1,12,0,12,-1,13,-1,13,-1,13,-2,14,-2,13,-2,14,-2,14,-2,15,-2,15,-1,15,0,15,0,14,1,14,2,14,2,13,3,12,4,0,0,0,0,0,0,0,0,0,0,0,0,0,0,0,0,0,0,0,0,0,0,9,2,9,3,9,4,10,5,9,5,9,6,9,6,9,6,9,6,9,7,9,6,9,6,9,6,9,6,9,6,9,5,10,5,9,4,10,4,11,4,11,4,12,3,11,3,13,3,13,3,13,3]
[0;32mI (885654) TAG: STA connected to 24:ec:4a:04:39:15, ch=6 (sec=0)[0m
anchor,A2,24:ec:4a:04:39:15,ch=6
ftm_report,A2,6,6,0.900
csi_data,A2,[0,0,9,10,9,9,9,9,9,9,9,8,9,8,9,7,9,7,9,6,9,5,10,5,10,4,10,4,10,4,10,3,11,3,11,4,11,4,11,4,11,4,10,5,10,5,9,5,9,5,8,6,8,6,0,0,0,0,0,0,0,0,0,0,0,0,0,0,0,0,0,0,0,0,0,0,9,8,9,9,9,10,8,11,8,11,7,12,7,13,6,13,6,13,5,13,5,13,5,12,5,12,5,12,5,11,5,11,6,11,7,10,7,10,7,10,8,10,8,10,9,10,9,10,9,10,9,10]
[0;32mI (886514) TAG: STA connected to 24:ec:4a:03:56:41, ch=11 (sec=0)[0m
csi_data,A3,[0,0,14,3,13,3,13,3,13,2,13,2,12,1,12,1,12,0,11,0,11,-1,11,-1,11,-1,11,-2,11,-2,11,-2,11,-2,11,-2,11,-2,11,-2,11,-1,11,-1,11,0,11,0,10,1,9,1,9,2,0,0,0,0,0,0,0,0,0,0,0,0,0,0,0,0,0,0,0,0,0,0,12,0,12,1,12,2,13,3,13,3,13,4,13,5,13,5,12,6,12,6,12,6,12,7,12,6,11,6,12,5,11,6,12,5,12,4,12,4,13,4,13,3,13,3,14,3,14,3,14,3,14,2]
[0;32mI (887534) esp_netif_handlers: sta ip: 192.168.4.2, mask: 255.255.255.0, gw: 192.168.4.1[0m
anchor,A3,24:ec:4a:03:56:41,ch=11
ftm_report,A3,31,31,4.650
[0;32mI (888384) TAG: STA connected to 24:ec:4a:03:58:5d, ch=1 (sec=0)[0m
anchor,A1,24:ec:4a:03:58:5d,ch=1
ftm_report,A1,13,13,1.950
csi_data,A1,[0,0,13,3,13,2,14,2,13,2,14,2,13,2,13,1,13,1,13,0,13,-1,13,-1,13,-1,13,-2,14,-2,14,-2,14,-2,15,-2,15,-1,15,-1,15,-1,15,0,15,1,14,1,14,2,13,3,13,4,0,0,0,0,0,0,0,0,0,0,0,0,0,0,0,0,0,0,0,0,0,0,9,3,10,4,9,4,10,5,9,5,10,6,9,6,9,7,9,7,8,7,9,7,9,7,9,7,9,7,9,6,9,5,10,5,9,5,11,5,11,4,11,4,12,4,12,3,13,4,13,3,13,3]
[0;32mI (889254) TAG: STA connected to 24:ec:4a:04:39:15, ch=6 (sec=0)[0m
anchor,A2,24:ec:4a:04:39:15,ch=6
ftm_report,A2,6,6,0.900
[0;32mI (890114) TAG: STA connected to 24:ec:4a:03:56:41, ch=11 (sec=0)[0m
anchor,A3,24:ec:4a:03:56:41,ch=11
ftm_report,A3,31,31,4.650
[0;32mI (891144) esp_netif_handlers: sta ip: 192.168.4.2, mask: 255.255.255.0, gw: 192.168.4.1[0m
[0;32mI (891484) TAG: STA connected to 24:ec:4a:03:58:5d, ch=1 (sec=0)[0m
anchor,A1,24:ec:4a:03:58:5d,ch=1
ftm_report,A1,3,3,0.450
csi_data,A1,[0,0,-10,10,-10,10,-10,10,-10,10,-10,10,-9,10,-9,10,-9,10,-8,11,-8,11,-7,12,-7,11,-7,12,-7,12,-7,13,-7,13,-7,13,-8,13,-8,13,-9,13,-9,12,-10,11,-10,11,-10,10,-11,10,-11,8,0,0,0,0,0,0,0,0,0,0,0,0,0,0,0,0,0,0,0,0,0,0,-8,6,-9,6,-9,6,-10,5,-10,5,-11,5,-11,5,-11,4,-11,4,-11,4,-12,4,-11,4,-11,4,-11,4,-11,4,-11,5,-10,5,-10,6,-10,6,-10,7,-10,7,-10,8,-10,8,-10,9,-10,9,-10,10]
[0;32mI (892374) TAG: STA connected to 24:ec:4a:04:39:15, ch=6 (sec=0)[0m
anchor,A2,24:ec:4a:04:39:15,ch=6
ftm_report,A2,4,4,0.600
csi_data,A2,[0,0,-13,6,-12,6,-12,6,-12,6,-12,6,-11,6,-10,6,-10,7,-9,7,-9,7,-9,7,-8,8,-8,8,-8,8,-7,9,-7,9,-8,9,-8,9,-8,9,-8,9,-8,8,-9,8,-9,7,-9,7,-9,7,-9,6,0,0,0,0,0,0,0,0,0,0,0,0,0,0,0,0,0,0,0,0,0,0,-12,6,-13,6,-14,5,-14,4,-14,4,-15,3,-15,3,-15,2,-15,2,-15,1,-15,1,-14,1,-14,1,-14,1,-13,2,-13,2,-13,3,-13,3,-13,3,-13,4,-13,4,-13,5,-13,6,-13,6,-13,5,-13,6]
[0;32mI (893234) TAG: STA connected to 24:ec:4a:03:56:41, ch=11 (sec=0)[0m
anchor,A3,24:ec:4a:03:56:41,ch=11
ftm_report,A3,0,0,-1.000
[0;32mI (894264) esp_netif_handlers: sta ip: 192.168.4.2, mask: 255.255.255.0, gw: 192.168.4.1[0m
[0;32mI (894664) TAG: STA connected to 24:ec:4a:03:58:5d, ch=1 (sec=0)[0m
anchor,A1,24:ec:4a:03:58:5d,ch=1
ftm_report,A1,7,7,1.050
csi_data,A1,[0,0,9,10,9,10,9,10,9,9,10,9,10,9,10,8,10,8,10,7,10,7,11,7,10,6,11,7,12,6,12,6,12,7,12,7,13,8,13,8,12,9,12,9,11,9,10,9,9,10,8,10,8,10,0,0,0,0,0,0,0,0,0,0,0,0,0,0,0,0,0,0,0,0,0,0,5,8,5,8,5,9,5,9,5,10,4,10,4,10,3,10,3,11,3,11,3,11,3,11,3,10,3,10,4,10,4,10,4,10,5,9,6,10,6,9,7,9,8,10,7,10,8,10,8,10,8,10]
[0;32mI (895544) TAG: STA connected to 24:ec:4a:04:39:15, ch=6 (sec=0)[0m
anchor,A2,24:ec:4a:04:39:15,ch=6
ftm_report,A2,6,6,0.900
csi_data,A2,[0,0,3,-14,2,-14,2,-14,2,-13,2,-13,1,-13,1,-12,0,-12,0,-12,-1,-12,-2,-12,-2,-11,-2,-12,-3,-12,-3,-12,-3,-12,-3,-12,-3,-12,-3,-13,-2,-12,-2,-12,-1,-12,-1,-12,-1,-12,0,-11,0,-11,0,0,0,0,0,0,0,0,0,0,0,0,0,0,0,0,0,0,0,0,0,0,0,-14,1,-14,2,-14,3,-14,4,-14,5,-14,6,-14,6,-14,7,-13,7,-13,6,-13,6,-13,6,-12,6,-12,6,-12,5,-12,5,-12,4,-13,4,-13,4,-13,3,-13,4,-14,3,-14,2,-14,2,-14,2,-15]
[0;32mI (896394) TAG: STA connected to 24:ec:4a:03:56:41, ch=11 (sec=0)[0m
csi_data,A3,[0,0,2,-15,2,-14,2,-15,2,-14,1,-14,0,-13,0,-13,-1,-12,-1,-13,-1,-12,-1,-12,-2,-12,-2,-12,-3,-12,-3,-12,-3,-13,-3,-12,-2,-13,-2,-13,-2,-12,-1,-12,-1,-12,-1,-11,0,-11,1,-11,1,-10,0,0,0,0,0,0,0,0,0,0,0,0,0,0,0,0,0,0,0,0,0,0,0,-13,1,-13,2,-13,2,-14,3,-14,4,-14,5,-14,5,-14,6,-14,6,-13,6,-13,6,-13,6,-13,5,-13,5,-13,5,-13,5,-13,4,-13,4,-13,3,-14,3,-14,3,-14,2,-15,2,-15,2,-15,2,-15]
anchor,A3,24:ec:4a:03:56:41,ch=11
ftm_report,A3,31,31,4.650
[0;32mI (897424) esp_netif_handlers: sta ip: 192.168.4.2, mask: 255.255.255.0, gw: 192.168.4.1[0m
[0;32mI (897774) TAG: STA connected to 24:ec:4a:03:58:5d, ch=1 (sec=0)[0m
anchor,A1,24:ec:4a:03:58:5d,ch=1
ftm_report,A1,10,10,1.500
csi_data,A1,[0,0,-1,-15,-2,-15,-2,-15,-2,-15,-2,-15,-3,-14,-3,-14,-3,-14,-4,-14,-4,-14,-5,-14,-5,-13,-6,-13,-6,-14,-6,-14,-6,-15,-6,-15,-6,-16,-6,-16,-5,-16,-5,-16,-4,-15,-3,-15,-2,-15,-1,-15,0,-15,0,0,0,0,0,0,0,0,0,0,0,0,0,0,0,0,0,0,0,0,0,0,0,-11,1,-12,1,-11,2,-12,2,-11,3,-12,4,-12,4,-12,4,-12,4,-11,4,-12,5,-11,4,-11,3,-11,3,-11,3,-12,2,-12,2,-12,1,-13,1,-13,0,-13,0,-13,0,-14,-1,-14,-1,-15,-1,-15]
[0;32mI (898644) TAG: STA connected to 24:ec:4a:04:39:15, ch=6 (sec=0)[0m
anchor,A2,24:ec:4a:04:39:15,ch=6
ftm_report,A2,3,3,0.450
csi_data,A2,[0,0,2,-14,1,-14,1,-13,1,-14,0,-13,0,-13,0,-13,-1,-12,-1,-12,-2,-12,-3,-12,-3,-11,-3,-11,-3,-11,-4,-12,-4,-12,-4,-12,-4,-12,-4,-12,-3,-12,-3,-12,-2,-12,-2,-12,-1,-12,-1,-11,0,-11,0,0,0,0,0,0,0,0,0,0,0,0,0,0,0,0,0,0,0,0,0,0,0,-14,1,-14,2,-14,3,-14,3,-14,4,-14,5,-14,6,-14,6,-14,6,-13,6,-13,6,-13,6,-12,5,-12,5,-12,4,-12,4,-13,3,-13,3,-13,3,-13,3,-13,2,-14,2,-14,2,-14,2,-14,2,-15]
[0;32mI (899504) TAG: STA connected to 24:ec:4a:03:56:41, ch=11 (sec=0)[0m
anchor,A3,24:ec:4a:03:56:41,ch=11
ftm_report,A3,30,30,4.500
csi_data,A3,[0,0,-9,-13,-8,-12,-8,-12,-8,-11,-8,-11,-8,-10,-9,-10,-9,-9,-9,-9,-9,-9,-9,-9,-9,-8,-10,-8,-10,-7,-10,-8,-10,-8,-10,-7,-10,-8,-10,-9,-9,-8,-9,-9,-8,-9,-7,-9,-7,-9,-6,-9,-5,-9,0,0,0,0,0,0,0,0,0,0,0,0,0,0,0,0,0,0,0,0,0,0,-9,-10,-9,-10,-8,-11,-8,-12,-8,-12,-7,-13,-7,-14,-6,-14,-5,-14,-5,-14,-5,-14,-5,-14,-5,-14,-5,-13,-5,-13,-5,-13,-6,-13,-6,-12,-7,-13,-7,-13,-8,-13,-8,-13,-8,-13,-9,-13,-9,-12,-9,-12]
[0;32mI (900374) TAG: STA connected to 24:ec:4a:03:58:5d, ch=1 (sec=0)[0m
anchor,A1,24:ec:4a:03:58:5d,ch=1
ftm_report,A1,3,3,0.450
csi_data,A1,[0,0,7,11,7,11,7,10,7,10,8,10,8,9,8,9,8,9,8,8,9,8,9,8,10,7,10,7,10,7,11,7,11,8,11,8,11,8,11,9,10,9,10,9,9,10,9,10,8,10,7,10,6,11,0,0,0,0,0,0,0,0,0,0,0,0,0,0,0,0,0,0,0,0,0,0,4,9,4,9,3,9,3,10,3,10,2,10,2,11,1,11,1,11,1,11,1,11,1,11,1,10,2,10,2,10,2,10,3,10,3,10,4,10,4,10,5,10,5,10,5,10,6,10,7,11,7,11]
[0;32mI (901224) TAG: STA connected to 24:ec:4a:04:39:15, ch=6 (sec=0)[0m
anchor,A2,24:ec:4a:04:39:15,ch=6
ftm_report,A2,2,2,0.300
[0;32mI (902084) TAG: STA connected to 24:ec:4a:03:56:41, ch=11 (sec=0)[0m
anchor,A3,24:ec:4a:03:56:41,ch=11
ftm_report,A3,31,31,4.650
[0;32mI (902954) TAG: STA connected to 24:ec:4a:03:58:5d, ch=1 (sec=0)[0m
csi_data,A1,[0,0,-7,12,-7,12,-7,12,-6,12,-6,11,-6,12,-6,12,-5,12,-5,12,-4,12,-4,13,-3,12,-3,13,-3,13,-3,14,-3,14,-3,14,-4,14,-4,14,-5,14,-5,14,-6,13,-6,12,-7,12,-7,11,-8,11,0,0,0,0,0,0,0,0,0,0,0,0,0,0,0,0,0,0,0,0,0,0,-6,8,-6,8,-7,8,-7,8,-8,8,-9,8,-9,7,-9,7,-10,7,-9,6,-10,7,-10,7,-9,7,-9,7,-8,7,-9,8,-8,8,-8,8,-8,8,-8,9,-7,9,-7,10,-7,11,-7,11,-7,11,-7,12]
anchor,A1,24:ec:4a:03:58:5d,ch=1
ftm_report,A1,4,4,0.600
[0;32mI (903814) TAG: STA connected to 24:ec:4a:04:39:15, ch=6 (sec=0)[0m
anchor,A2,24:ec:4a:04:39:15,ch=6
ftm_report,A2,3,3,0.450
csi_data,A2,[0,0,13,2,13,1,13,1,12,1,13,0,12,0,12,0,11,-1,11,-1,11,-2,10,-2,10,-3,10,-3,10,-4,10,-4,11,-4,11,-4,11,-4,11,-4,11,-3,11,-3,11,-3,11,-2,11,-2,10,-1,10,-1,0,0,0,0,0,0,0,0,0,0,0,0,0,0,0,0,0,0,0,0,0,0,13,0,13,1,13,2,13,3,13,4,14,5,13,5,13,6,13,6,12,6,12,6,12,6,11,6,11,6,11,5,11,5,11,4,12,4,12,3,12,3,12,3,13,3,13,2,13,2,14,2,14,2]
[0;32mI (904684) TAG: STA connected to 24:ec:4a:03:56:41, ch=11 (sec=0)[0m
anchor,A3,24:ec:4a:03:56:41,ch=11
ftm_report,A3,31,31,4.650
csi_data,A3,[0,0,4,14,4,13,4,13,4,12,4,12,5,11,5,11,5,10,5,10,6,9,6,10,6,9,6,9,7,9,7,9,7,9,7,8,7,9,7,9,6,9,6,9,5,9,4,9,4,9,3,9,2,9,0,0,0,0,0,0,0,0,0,0,0,0,0,0,0,0,0,0,0,0,0,0,5,11,4,12,4,12,3,12,3,13,2,14,1,14,1,14,0,14,0,14,-1,14,-1,14,0,13,0,13,0,13,0,13,1,13,1,12,2,13,3,13,3,13,3,13,3,13,4,13,4,13,4,13]
[0;32mI (905554) TAG: STA connected to 24:ec:4a:03:58:5d, ch=1 (sec=0)[0m
anchor,A1,24:ec:4a:03:58:5d,ch=1
ftm_report,A1,5,5,0.750
csi_data,A1,[0,0,-3,14,-3,13,-2,13,-2,14,-2,13,-2,13,-1,13,-1,13,-1,13,0,13,0,13,1,13,1,13,2,13,2,14,2,14,2,14,1,15,1,15,0,15,-1,15,-1,14,-2,14,-2,13,-3,13,-4,13,0,0,0,0,0,0,0,0,0,0,0,0,0,0,0,0,0,0,0,0,0,0,-3,10,-4,10,-4,9,-5,10,-5,10,-6,10,-7,10,-7,9,-7,10,-7,9,-7,9,-7,9,-7,9,-6,9,-6,9,-6,10,-5,10,-5,10,-5,10,-4,11,-4,11,-4,12,-4,12,-3,13,-3,13,-3,13]
[0;32mI (906454) TAG: STA connected to 24:ec:4a:04:39:15, ch=6 (sec=0)[0m
anchor,A2,24:ec:4a:04:39:15,ch=6
ftm_report,A2,6,6,0.900
csi_data,A2,[0,0,7,11,7,10,7,10,7,10,7,10,7,9,7,8,8,8,8,7,8,7,8,7,8,6,9,6,9,5,9,6,9,6,9,6,10,6,10,6,9,6,9,6,9,7,8,7,8,7,7,7,7,8,0,0,0,0,0,0,0,0,0,0,0,0,0,0,0,0,0,0,0,0,0,0,8,10,8,11,7,11,6,12,6,12,5,13,5,13,4,13,4,13,3,13,3,13,2,13,3,12,3,12,3,12,3,12,4,12,4,11,5,11,6,11,6,11,6,11,7,11,7,11,7,11,8,11]
[0;32mI (907314) TAG: STA connected to 24:ec:4a:03:56:41, ch=11 (sec=0)[0m
[0;32mI (908344) esp_netif_handlers: sta ip: 192.168.4.2, mask: 255.255.255.0, gw: 192.168.4.1[0m
anchor,A3,24:ec:4a:03:56:41,ch=11
ftm_report,A3,7,7,1.050
[0;32mI (909184) TAG: STA connected to 24:ec:4a:03:58:5d, ch=1 (sec=0)[0m
anchor,A1,24:ec:4a:03:58:5d,ch=1
ftm_report,A1,3,3,0.450
[0;32mI (910044) TAG: STA connected to 24:ec:4a:04:39:15, ch=6 (sec=0)[0m
csi_data,A2,[0,0,-14,-4,-14,-3,-14,-3,-14,-3,-13,-2,-13,-2,-13,-1,-12,-1,-12,0,-12,0,-12,1,-12,1,-11,2,-12,2,-12,3,-12,3,-12,3,-12,3,-12,2,-12,2,-12,2,-12,1,-12,1,-12,0,-11,0,-11,-1,0,0,0,0,0,0,0,0,0,0,0,0,0,0,0,0,0,0,0,0,0,0,-14,-2,-14,-3,-14,-4,-14,-5,-14,-6,-14,-7,-14,-8,-14,-8,-13,-8,-13,-8,-13,-8,-12,-8,-12,-8,-12,-7,-12,-7,-12,-7,-12,-6,-13,-6,-13,-5,-13,-5,-13,-4,-14,-4,-14,-4,-14,-4,-14,-4,-14,-4]
anchor,A2,24:ec:4a:04:39:15,ch=6
ftm_report,A2,4,4,0.600
[0;32mI (910904) TAG: STA connected to 24:ec:4a:03:56:41, ch=11 (sec=0)[0m
anchor,A3,24:ec:4a:03:56:41,ch=11
ftm_report,A3,31,31,4.650
[0;32mI (911784) TAG: STA connected to 24:ec:4a:03:58:5d, ch=1 (sec=0)[0m
anchor,A1,24:ec:4a:03:58:5d,ch=1
ftm_report,A1,8,8,1.200
csi_data,A1,[0,0,-9,-11,-10,-11,-10,-11,-10,-11,-10,-11,-10,-10,-10,-10,-10,-10,-10,-9,-11,-9,-12,-9,-12,-8,-12,-8,-12,-8,-13,-8,-13,-8,-13,-8,-13,-9,-13,-9,-12,-10,-12,-10,-11,-11,-11,-11,-10,-11,-9,-12,-8,-12,0,0,0,0,0,0,0,0,0,0,0,0,0,0,0,0,0,0,0,0,0,0,-6,-9,-6,-10,-6,-10,-6,-10,-6,-11,-5,-11,-4,-12,-4,-12,-4,-12,-4,-12,-4,-12,-4,-12,-4,-12,-4,-11,-5,-11,-5,-11,-5,-11,-5,-11,-7,-11,-7,-11,-7,-11,-8,-11,-8,-11,-9,-11,-9,-11,-9,-12]
[0;32mI (912644) TAG: STA connected to 24:ec:4a:04:39:15, ch=6 (sec=0)[0m
anchor,A2,24:ec:4a:04:39:15,ch=6
ftm_report,A2,2,2,0.300
csi_data,A2,[0,0,14,2,13,2,13,2,13,1,13,1,12,0,12,0,11,-1,11,-1,11,-2,11,-2,11,-3,11,-3,11,-3,11,-3,11,-4,11,-3,11,-3,12,-3,11,-3,12,-2,11,-2,11,-2,11,-1,10,0,10,0,0,0,0,0,0,0,0,0,0,0,0,0,0,0,0,0,0,0,0,0,0,0,13,0,14,1,14,2,14,3,14,3,14,4,14,5,14,5,13,6,13,6,12,6,12,6,12,6,12,6,12,5,11,5,12,4,12,4,12,3,13,3,13,3,13,2,13,2,14,2,14,2,14,2]
[0;32mI (913514) TAG: STA connected to 24:ec:4a:03:56:41, ch=11 (sec=0)[0m
anchor,A3,24:ec:4a:03:56:41,ch=11
ftm_report,A3,31,31,4.650
[0;32mI (914384) TAG: STA connected to 24:ec:4a:03:58:5d, ch=1 (sec=0)[0m
anchor,A1,24:ec:4a:03:58:5d,ch=1
ftm_report,A1,3,3,0.450
csi_data,A1,[0,0,13,-6,13,-6,12,-6,12,-7,12,-6,12,-7,12,-7,11,-7,11,-8,10,-8,10,-9,10,-9,10,-9,10,-10,10,-10,10,-10,11,-10,11,-10,12,-10,12,-9,12,-9,13,-8,12,-7,13,-7,12,-6,13,-5,0,0,0,0,0,0,0,0,0,0,0,0,0,0,0,0,0,0,0,0,0,0,9,-3,10,-3,10,-2,11,-2,11,-1,11,-1,11,-1,11,0,11,0,11,0,11,0,11,0,11,0,11,0,11,-1,11,-1,11,-2,11,-2,11,-3,11,-3,11,-4,12,-4,12,-5,12,-5,12,-5,13,-6]
[0;32mI (915244) TAG: STA connected to 24:ec:4a:04:39:15, ch=6 (sec=0)[0m
anchor,A2,24:ec:4a:04:39:15,ch=6
ftm_report,A2,2,2,0.300
[0;32mI (916104) TAG: STA connected to 24:ec:4a:03:56:41, ch=11 (sec=0)[0m
csi_data,A3,[0,0,-13,-9,-12,-8,-12,-8,-12,-7,-12,-7,-12,-7,-12,-6,-12,-6,-11,-5,-11,-4,-12,-4,-12,-3,-12,-3,-12,-3,-12,-3,-12,-3,-12,-3,-12,-3,-12,-4,-12,-4,-12,-4,-11,-5,-11,-5,-10,-5,-9,-5,-9,-6,0,0,0,0,0,0,0,0,0,0,0,0,0,0,0,0,0,0,0,0,0,0,-12,-6,-11,-7,-12,-8,-12,-8,-11,-9,-11,-10,-11,-11,-10,-11,-10,-12,-10,-11,-9,-12,-9,-11,-9,-11,-9,-11,-10,-11,-9,-10,-10,-10,-10,-10,-11,-10,-11,-9,-11,-9,-12,-9,-12,-9,-13,-8,-13,-8,-12,-8]
anchor,A3,24:ec:4a:03:56:41,ch=11
ftm_report,A3,32,32,4.800
[0;32mI (916994) TAG: STA connected to 24:ec:4a:03:58:5d, ch=1 (sec=0)[0m
csi_data,A1,[0,0,-13,-8,-13,-8,-13,-8,-12,-7,-13,-7,-13,-6,-13,-6,-13,-5,-13,-5,-13,-4,-13,-4,-14,-4,-14,-4,-15,-3,-14,-3,-15,-3,-15,-4,-15,-4,-15,-5,-15,-5,-15,-6,-14,-6,-14,-7,-13,-7,-12,-8,-12,-9,0,0,0,0,0,0,0,0,0,0,0,0,0,0,0,0,0,0,0,0,0,0,-9,-6,-9,-7,-9,-8,-9,-8,-8,-9,-8,-9,-8,-10,-8,-10,-7,-10,-7,-10,-7,-10,-7,-10,-7,-10,-7,-10,-8,-10,-8,-9,-8,-9,-9,-8,-10,-9,-10,-8,-11,-8,-11,-8,-11,-8,-12,-8,-12,-8,-12,-8]
anchor,A1,24:ec:4a:03:58:5d,ch=1
ftm_report,A1,5,5,0.750
[0;32mI (917884) TAG: STA connected to 24:ec:4a:04:39:15, ch=6 (sec=0)[0m
anchor,A2,24:ec:4a:04:39:15,ch=6
ftm_report,A2,2,2,0.300
csi_data,A2,[0,0,-14,1,-14,0,-14,0,-13,1,-13,1,-13,1,-12,2,-12,2,-11,3,-11,3,-11,3,-11,3,-11,4,-11,5,-11,5,-11,5,-11,5,-11,5,-11,5,-11,5,-11,4,-11,4,-11,3,-11,3,-11,2,-11,1,0,0,0,0,0,0,0,0,0,0,0,0,0,0,0,0,0,0,0,0,0,0,-14,2,-14,1,-14,0,-15,-1,-15,-2,-15,-3,-15,-3,-15,-3,-15,-4,-14,-5,-14,-5,-13,-5,-13,-5,-13,-4,-13,-4,-13,-3,-13,-3,-13,-2,-13,-2,-14,-1,-14,0,-14,0,-14,0,-14,0,-14,0,-14,0]
[0;32mI (918794) TAG: STA connected to 24:ec:4a:03:56:41, ch=11 (sec=0)[0m
anchor,A3,24:ec:4a:03:56:41,ch=11
ftm_report,A3,31,31,4.650
csi_data,A3,[0,0,15,3,14,3,14,3,13,2,13,2,13,1,12,1,12,0,12,0,11,-1,11,-2,11,-2,12,-2,12,-2,11,-3,12,-3,12,-2,12,-3,12,-2,11,-2,12,-1,11,0,11,0,11,0,10,0,10,1,0,0,0,0,0,0,0,0,0,0,0,0,0,0,0,0,0,0,0,0,0,0,12,1,13,2,12,3,13,4,13,4,13,5,13,6,13,6,12,7,12,7,12,7,12,7,12,7,12,6,12,6,12,6,12,5,12,5,13,5,13,4,13,4,14,4,14,3,14,3,14,3,14,2]
[0;32mI (919664) TAG: STA connected to 24:ec:4a:03:58:5d, ch=1 (sec=0)[0m
anchor,A1,24:ec:4a:03:58:5d,ch=1
ftm_report,A1,6,6,0.900
csi_data,A1,[0,0,-6,-14,-7,-13,-7,-13,-6,-13,-7,-13,-7,-13,-7,-12,-8,-12,-8,-12,-8,-11,-9,-11,-9,-11,-10,-11,-10,-11,-10,-11,-10,-12,-10,-12,-10,-12,-10,-13,-9,-13,-9,-14,-8,-13,-7,-13,-7,-13,-6,-14,-5,-14,0,0,0,0,0,0,0,0,0,0,0,0,0,0,0,0,0,0,0,0,0,0,-4,-10,-4,-11,-3,-11,-3,-11,-3,-12,-2,-12,-1,-12,-1,-12,-1,-12,-1,-12,-1,-12,-1,-12,-1,-12,-1,-12,-1,-12,-2,-12,-2,-12,-3,-12,-3,-12,-4,-12,-4,-12,-5,-13,-5,-13,-6,-13,-6,-13,-6,-14]
[0;32mI (920514) TAG: STA connected to 24:ec:4a:04:39:15, ch=6 (sec=0)[0m
anchor,A2,24:ec:4a:04:39:15,ch=6
ftm_report,A2,2,2,0.300
csi_data,A2,[0,0,0,14,1,13,1,13,1,13,1,12,2,12,2,11,2,11,3,10,3,10,4,10,4,9,5,9,5,9,5,10,5,10,5,10,5,10,5,10,5,10,4,11,4,10,3,10,3,10,2,10,2,10,0,0,0,0,0,0,0,0,0,0,0,0,0,0,0,0,0,0,0,0,0,0,2,13,1,13,0,13,-1,14,-1,14,-2,15,-3,14,-3,14,-4,14,-4,13,-4,13,-4,13,-4,13,-4,12,-3,12,-3,12,-2,12,-2,12,-2,12,-1,13,-1,13,0,13,0,13,0,13,0,14,1,14]
[0;32mI (921384) TAG: STA connected to 24:ec:4a:03:56:41, ch=11 (sec=0)[0m
anchor,A3,24:ec:4a:03:56:41,ch=11
ftm_report,A3,31,31,4.650
csi_data,A3,[0,0,-5,14,-5,13,-5,13,-5,12,-4,12,-4,12,-3,11,-3,11,-2,12,-1,11,-1,11,-1,11,0,11,0,11,0,11,0,12,0,11,0,12,-1,12,-1,12,-1,11,-2,11,-2,10,-2,10,-3,10,-3,9,0,0,0,0,0,0,0,0,0,0,0,0,0,0,0,0,0,0,0,0,0,0,-4,12,-5,12,-5,12,-6,12,-7,12,-8,12,-9,12,-9,11,-9,11,-9,11,-10,11,-9,11,-9,10,-9,10,-8,10,-8,11,-8,11,-7,11,-7,11,-7,12,-6,12,-6,12,-6,13,-5,13,-5,13,-5,13]
[0;32mI (922254) TAG: STA connected to 24:ec:4a:03:58:5d, ch=1 (sec=0)[0m
anchor,A1,24:ec:4a:03:58:5d,ch=1
ftm_report,A1,5,5,0.750
[0;32mI (923104) TAG: STA connected to 24:ec:4a:04:39:15, ch=6 (sec=0)[0m
csi_data,A2,[0,0,11,7,11,7,11,7,11,6,11,6,10,5,10,5,10,4,10,4,10,3,10,2,10,2,10,2,10,1,11,1,11,1,11,1,11,1,11,2,11,2,11,2,10,2,10,3,10,3,9,4,9,4,0,0,0,0,0,0,0,0,0,0,0,0,0,0,0,0,0,0,0,0,0,0,12,5,12,6,12,8,11,8,11,9,10,10,10,10,10,11,9,11,8,11,8,11,8,11,8,10,8,10,8,9,8,9,8,9,9,8,9,8,10,8,10,8,10,8,11,8,11,7,11,7,11,7]
anchor,A2,24:ec:4a:04:39:15,ch=6
ftm_report,A2,4,4,0.600
[0;32mI (923974) TAG: STA connected to 24:ec:4a:03:56:41, ch=11 (sec=0)[0m
csi_data,A3,[0,0,1,-16,1,-15,1,-14,0,-15,0,-13,0,-13,-1,-13,-1,-13,-2,-13,-2,-13,-3,-12,-3,-12,-3,-12,-4,-11,-4,-12,-4,-12,-4,-12,-4,-12,-4,-12,-3,-12,-3,-12,-2,-12,-1,-12,-1,-11,0,-11,0,-10,0,0,0,0,0,0,0,0,0,0,0,0,0,0,0,0,0,0,0,0,0,0,0,-13,0,-13,1,-13,2,-13,2,-14,3,-14,4,-14,4,-14,5,-14,5,-14,5,-14,6,-13,5,-13,5,-13,4,-13,4,-13,3,-13,3,-14,3,-13,2,-14,2,-14,1,-14,1,-15,1,-15,1,-15,0,-15]
[0;32mI (924994) esp_netif_handlers: sta ip: 192.168.4.2, mask: 255.255.255.0, gw: 192.168.4.1[0m
[0;33mW (925714) TAG: FTM to A3 failed (ESP_FAIL), streak=1[0m
[0;32mI (926314) TAG: STA connected to 24:ec:4a:03:58:5d, ch=1 (sec=0)[0m
anchor,A1,24:ec:4a:03:58:5d,ch=1
ftm_report,A1,4,4,0.600
csi_data,A1,[0,0,-8,12,-8,11,-8,11,-7,12,-7,11,-7,11,-7,11,-6,11,-6,12,-5,12,-4,13,-4,12,-4,13,-4,13,-4,14,-4,14,-5,14,-5,14,-6,14,-6,14,-7,14,-7,13,-8,12,-8,12,-8,11,-9,11,0,0,0,0,0,0,0,0,0,0,0,0,0,0,0,0,0,0,0,0,0,0,-7,8,-7,8,-8,7,-9,7,-9,7,-10,7,-10,7,-10,6,-11,6,-10,6,-10,6,-10,6,-10,6,-10,6,-9,6,-9,7,-9,7,-9,7,-9,8,-9,8,-9,9,-8,9,-8,10,-8,11,-8,11,-8,11]
[0;32mI (927184) TAG: STA connected to 24:ec:4a:04:39:15, ch=6 (sec=0)[0m
anchor,A2,24:ec:4a:04:39:15,ch=6
ftm_report,A2,2,2,0.300
[0;32mI (928044) TAG: STA connected to 24:ec:4a:03:56:41, ch=11 (sec=0)[0m
[0;32mI (929074) esp_netif_handlers: sta ip: 192.168.4.2, mask: 255.255.255.0, gw: 192.168.4.1[0m
[0;33mW (929784) TAG: FTM to A3 failed (ESP_FAIL), streak=1[0m
[0;32mI (930384) TAG: STA connected to 24:ec:4a:03:58:5d, ch=1 (sec=0)[0m
anchor,A1,24:ec:4a:03:58:5d,ch=1
ftm_report,A1,3,3,0.450
csi_data,A1,[0,0,-13,-5,-14,-5,-14,-5,-13,-5,-14,-5,-13,-4,-13,-4,-13,-3,-13,-3,-13,-2,-13,-2,-13,-1,-14,-1,-15,-1,-14,-1,-15,-1,-15,-1,-15,-1,-15,-2,-15,-3,-15,-3,-15,-4,-14,-4,-14,-5,-13,-5,-13,-6,0,0,0,0,0,0,0,0,0,0,0,0,0,0,0,0,0,0,0,0,0,0,-9,-5,-9,-6,-9,-6,-9,-7,-9,-7,-9,-8,-9,-8,-9,-8,-8,-9,-8,-9,-8,-9,-8,-8,-8,-8,-9,-8,-9,-8,-9,-7,-9,-7,-9,-7,-10,-7,-11,-7,-11,-6,-12,-6,-12,-6,-13,-6,-13,-6,-13,-6]
[0;32mI (931234) TAG: STA connected to 24:ec:4a:04:39:15, ch=6 (sec=0)[0m
anchor,A2,24:ec:4a:04:39:15,ch=6
ftm_report,A2,4,4,0.600
[0;32mI (932104) TAG: STA connected to 24:ec:4a:03:56:41, ch=11 (sec=0)[0m
csi_data,A3,[0,0,-13,8,-13,7,-12,7,-11,7,-11,7,-11,7,-10,7,-10,8,-9,8,-9,8,-8,8,-8,8,-8,9,-8,9,-7,9,-7,9,-8,9,-7,9,-8,9,-8,9,-8,8,-9,7,-9,7,-9,6,-9,6,-9,5,0,0,0,0,0,0,0,0,0,0,0,0,0,0,0,0,0,0,0,0,0,0,-10,8,-11,7,-12,7,-12,6,-13,6,-13,5,-14,5,-14,5,-14,4,-15,3,-14,3,-14,3,-14,3,-14,3,-13,4,-13,4,-13,5,-13,5,-13,5,-13,6,-13,6,-13,7,-13,8,-13,7,-13,7,-12,7]
anchor,A3,24:ec:4a:03:56:41,ch=11
ftm_report,A3,31,31,4.650
[0;32mI (933024) TAG: STA connected to 24:ec:4a:03:58:5d, ch=1 (sec=0)[0m
csi_data,A1,[0,0,5,12,5,12,5,12,5,12,6,12,6,12,6,11,6,11,6,11,7,10,8,10,8,10,8,10,9,10,9,10,9,10,9,11,9,11,9,12,8,12,8,12,7,12,6,12,6,12,5,12,4,13,0,0,0,0,0,0,0,0,0,0,0,0,0,0,0,0,0,0,0,0,0,0,2,9,2,10,2,10,1,10,1,11,0,11,0,11,-1,11,-1,11,-1,11,-1,11,-1,11,0,11,0,11,0,10,0,11,0,10,1,11,2,11,2,11,3,11,3,11,4,12,4,12,5,12,5,12]
anchor,A1,24:ec:4a:03:58:5d,ch=1
ftm_report,A1,2,2,0.300
[0;32mI (933884) TAG: STA connected to 24:ec:4a:04:39:15, ch=6 (sec=0)[0m
anchor,A2,24:ec:4a:04:39:15,ch=6
ftm_report,A2,3,3,0.450
csi_data,A2,[0,0,-5,-14,-5,-13,-5,-13,-6,-13,-6,-12,-6,-11,-6,-11,-7,-10,-7,-10,-7,-10,-7,-10,-8,-9,-8,-8,-9,-8,-9,-8,-9,-8,-9,-8,-9,-8,-9,-9,-9,-9,-9,-9,-8,-9,-8,-9,-7,-9,-7,-9,-6,-10,0,0,0,0,0,0,0,0,0,0,0,0,0,0,0,0,0,0,0,0,0,0,-6,-13,-6,-14,-5,-14,-4,-15,-3,-15,-3,-16,-2,-16,-2,-16,-1,-16,0,-15,0,-15,0,-15,0,-14,0,-14,-1,-14,-2,-14,-2,-14,-3,-14,-3,-14,-4,-14,-4,-14,-5,-14,-5,-14,-5,-14,-5,-14,-5,-14]
[0;32mI (934744) TAG: STA connected to 24:ec:4a:03:56:41, ch=11 (sec=0)[0m
anchor,A3,24:ec:4a:03:56:41,ch=11
ftm_report,A3,31,31,4.650
csi_data,A3,[0,0,2,15,1,13,2,13,2,13,3,12,3,12,3,11,3,11,3,11,4,10,4,10,5,10,5,10,5,10,6,10,6,10,5,10,5,11,5,10,5,10,4,11,3,10,3,10,2,10,1,10,1,9,0,0,0,0,0,0,0,0,0,0,0,0,0,0,0,0,0,0,0,0,0,0,3,11,3,12,2,12,1,13,1,13,0,13,-1,14,-1,14,-1,14,-2,13,-2,14,-3,14,-2,13,-2,13,-2,13,-1,13,-1,13,0,13,0,13,1,13,1,13,1,13,1,14,2,14,2,14,3,14]
[0;32mI (935624) TAG: STA connected to 24:ec:4a:03:58:5d, ch=1 (sec=0)[0m
anchor,A1,24:ec:4a:03:58:5d,ch=1
ftm_report,A1,2,2,0.300
csi_data,A1,[0,0,-11,8,-11,8,-11,8,-11,8,-11,8,-10,8,-10,9,-10,9,-10,9,-9,9,-9,10,-9,10,-9,10,-8,11,-8,11,-9,11,-9,11,-10,12,-10,11,-10,11,-11,10,-11,9,-11,9,-12,8,-12,7,-12,7,0,0,0,0,0,0,0,0,0,0,0,0,0,0,0,0,0,0,0,0,0,0,-9,5,-10,5,-10,4,-11,4,-11,4,-12,4,-11,3,-12,3,-12,3,-11,2,-12,2,-12,2,-11,2,-11,2,-11,3,-11,3,-11,4,-10,4,-11,5,-11,5,-11,6,-11,6,-11,7,-11,7,-11,7,-11,8]
[0;32mI (936474) TAG: STA connected to 24:ec:4a:04:39:15, ch=6 (sec=0)[0m
anchor,A2,24:ec:4a:04:39:15,ch=6
ftm_report,A2,2,2,0.300
csi_data,A2,[0,0,-14,-2,-14,-2,-14,-2,-14,-2,-13,-1,-13,-1,-13,0,-12,0,-12,0,-12,1,-11,2,-11,2,-11,3,-11,3,-11,3,-11,3,-12,3,-12,3,-12,3,-12,3,-12,2,-12,2,-12,2,-11,1,-11,1,-11,0,0,0,0,0,0,0,0,0,0,0,0,0,0,0,0,0,0,0,0,0,0,0,-15,0,-15,-1,-15,-2,-15,-3,-15,-4,-15,-5,-15,-6,-15,-6,-14,-6,-14,-7,-14,-7,-13,-7,-13,-6,-13,-6,-13,-6,-13,-5,-13,-5,-13,-4,-13,-4,-13,-4,-14,-3,-14,-3,-15,-3,-15,-2,-15,-2,-15,-2]
[0;32mI (937344) TAG: STA connected to 24:ec:4a:03:56:41, ch=11 (sec=0)[0m
anchor,A3,24:ec:4a:03:56:41,ch=11
ftm_report,A3,31,31,4.650
csi_data,A3,[0,0,-15,-6,-15,-6,-14,-6,-13,-6,-13,-5,-14,-4,-13,-4,-13,-3,-13,-3,-13,-2,-12,-2,-13,-1,-13,-1,-13,-1,-13,0,-13,0,-13,-1,-13,0,-13,-1,-13,-1,-12,-2,-12,-2,-12,-2,-11,-3,-10,-3,-10,-4,0,0,0,0,0,0,0,0,0,0,0,0,0,0,0,0,0,0,0,0,0,0,-12,-5,-12,-6,-12,-7,-12,-7,-12,-8,-12,-9,-12,-9,-12,-10,-12,-10,-12,-11,-11,-11,-11,-11,-11,-10,-11,-10,-11,-10,-11,-9,-11,-8,-12,-8,-12,-8,-13,-8,-13,-7,-14,-7,-14,-7,-14,-7,-14,-7,-14,-6]
[0;32mI (938364) esp_netif_handlers: sta ip: 192.168.4.2, mask: 255.255.255.0, gw: 192.168.4.1[0m
[0;32mI (938714) TAG: STA connected to 24:ec:4a:03:58:5d, ch=1 (sec=0)[0m
anchor,A1,24:ec:4a:03:58:5d,ch=1
ftm_report,A1,6,6,0.900
csi_data,A1,[0,0,3,14,3,13,3,13,3,13,4,13,4,13,5,12,5,12,5,12,6,11,6,12,7,11,7,11,7,11,7,12,8,12,8,12,8,13,7,13,6,14,6,14,5,14,4,13,4,14,3,14,2,13,0,0,0,0,0,0,0,0,0,0,0,0,0,0,0,0,0,0,0,0,0,0,1,10,0,10,0,10,0,11,-1,11,-2,11,-2,11,-2,11,-3,11,-3,11,-3,11,-3,11,-2,11,-2,11,-2,11,-2,11,-1,11,-1,11,0,12,1,12,1,12,2,12,2,12,3,13,3,13,3,14]
[0;32mI (939574) TAG: STA connected to 24:ec:4a:04:39:15, ch=6 (sec=0)[0m
anchor,A2,24:ec:4a:04:39:15,ch=6
ftm_report,A2,3,3,0.450
csi_data,A2,[0,0,6,-13,5,-13,5,-13,4,-13,4,-13,4,-12,3,-12,3,-12,2,-12,1,-12,0,-12,0,-12,0,-12,-1,-12,-1,-12,-1,-12,-1,-12,-1,-13,0,-13,0,-13,0,-12,1,-12,1,-12,1,-12,1,-11,2,-11,0,0,0,0,0,0,0,0,0,0,0,0,0,0,0,0,0,0,0,0,0,0,4,-14,5,-14,6,-13,7,-13,7,-13,8,-13,9,-12,10,-12,10,-12,10,-11,10,-11,9,-11,9,-11,9,-10,8,-10,8,-11,7,-11,7,-11,7,-12,7,-12,6,-12,6,-13,6,-13,5,-13,5,-14,6,-14]
[0;32mI (940434) TAG: STA connected to 24:ec:4a:03:56:41, ch=11 (sec=0)[0m
anchor,A3,24:ec:4a:03:56:41,ch=11
ftm_report,A3,35,35,5.250
csi_data,A3,[0,0,-4,15,-4,13,-4,13,-4,13,-3,13,-3,13,-2,12,-1,12,-2,12,-1,12,-1,12,0,11,0,12,1,12,0,12,1,12,1,12,0,12,0,12,0,12,-1,12,-1,11,-2,10,-2,10,-3,10,-3,9,0,0,0,0,0,0,0,0,0,0,0,0,0,0,0,0,0,0,0,0,0,0,-3,12,-3,12,-4,12,-5,13,-5,12,-7,13,-7,13,-7,12,-8,12,-8,12,-8,12,-8,12,-8,11,-8,11,-7,12,-7,11,-7,12,-6,12,-6,12,-5,13,-5,13,-5,13,-5,14,-4,14,-4,14,-4,14]
[0;32mI (941304) TAG: STA connected to 24:ec:4a:03:58:5d, ch=1 (sec=0)[0m
anchor,A1,24:ec:4a:03:58:5d,ch=1
ftm_report,A1,2,2,0.300
csi_data,A1,[0,0,-12,8,-12,8,-12,8,-11,8,-11,8,-11,8,-11,9,-10,9,-10,9,-9,9,-9,10,-9,10,-9,10,-9,11,-9,11,-9,12,-9,11,-10,12,-10,11,-11,11,-11,11,-12,9,-12,9,-12,8,-12,7,-12,6,0,0,0,0,0,0,0,0,0,0,0,0,0,0,0,0,0,0,0,0,0,0,-9,5,-10,4,-10,4,-11,4,-11,3,-12,3,-12,3,-12,2,-12,2,-12,2,-12,2,-12,2,-12,2,-11,2,-11,2,-11,3,-11,4,-11,4,-11,4,-11,5,-11,5,-11,6,-11,7,-12,7,-12,7,-12,8]
[0;32mI (942164) TAG: STA connected to 24:ec:4a:04:39:15, ch=6 (sec=0)[0m
anchor,A2,24:ec:4a:04:39:15,ch=6
ftm_report,A2,2,2,0.300
[0;32mI (943034) TAG: STA connected to 24:ec:4a:03:56:41, ch=11 (sec=0)[0m
csi_data,A3,[0,0,14,4,13,3,13,4,12,3,13,3,13,2,12,2,12,1,11,1,11,0,11,0,11,-1,11,-1,12,-1,11,-1,12,-1,12,-1,12,-1,11,0,11,0,11,1,11,1,10,2,10,2,9,2,9,3,0,0,0,0,0,0,0,0,0,0,0,0,0,0,0,0,0,0,0,0,0,0,12,1,12,2,12,2,13,3,12,4,13,5,12,6,12,6,12,6,12,6,12,7,12,7,12,6,12,6,11,6,11,6,12,6,12,5,12,5,13,4,13,4,13,4,13,4,14,4,14,3,14,2]
anchor,A3,24:ec:4a:03:56:41,ch=11
ftm_report,A3,30,30,4.500
[0;32mI (943914) TAG: STA connected to 24:ec:4a:03:58:5d, ch=1 (sec=0)[0m
csi_data,A1,[0,0,9,-10,9,-10,9,-10,8,-11,8,-11,8,-11,7,-11,7,-11,6,-11,6,-12,6,-12,5,-12,5,-12,5,-13,5,-13,5,-14,6,-13,6,-14,6,-14,7,-13,7,-13,8,-12,8,-11,8,-11,9,-10,9,-10,0,0,0,0,0,0,0,0,0,0,0,0,0,0,0,0,0,0,0,0,0,0,7,-7,8,-7,9,-6,9,-6,10,-6,10,-6,10,-5,11,-5,11,-5,10,-4,11,-5,10,-5,10,-5,10,-5,10,-5,9,-6,9,-6,9,-6,9,-7,9,-7,9,-8,9,-8,9,-9,9,-9,9,-10,9,-10]
anchor,A1,24:ec:4a:03:58:5d,ch=1
ftm_report,A1,3,3,0.450
[0;32mI (944854) TAG: STA connected to 24:ec:4a:04:39:15, ch=6 (sec=0)[0m
anchor,A2,24:ec:4a:04:39:15,ch=6
ftm_report,A2,4,4,0.600
csi_data,A2,[0,0,11,7,11,7,10,6,11,6,11,6,10,5,10,4,10,4,10,4,10,3,10,2,10,2,10,1,10,1,11,1,10,1,11,1,11,1,11,1,11,1,11,2,10,2,10,3,10,3,9,3,9,4,0,0,0,0,0,0,0,0,0,0,0,0,0,0,0,0,0,0,0,0,0,0,12,6,12,6,11,8,11,8,11,9,10,10,10,10,10,11,9,11,9,11,8,11,8,11,8,10,8,10,8,9,8,10,8,9,9,9,9,8,10,8,10,8,10,8,11,8,11,8,11,7,11,7]
[0;32mI (945724) TAG: STA connected to 24:ec:4a:03:56:41, ch=11 (sec=0)[0m
csi_data,A3,[0,0,-10,-12,-10,-11,-10,-11,-9,-11,-10,-10,-10,-9,-10,-9,-10,-8,-10,-8,-10,-7,-10,-7,-10,-6,-11,-6,-11,-6,-11,-6,-11,-6,-11,-6,-11,-6,-11,-7,-10,-7,-10,-7,-10,-7,-9,-8,-8,-8,-7,-8,-7,-8,0,0,0,0,0,0,0,0,0,0,0,0,0,0,0,0,0,0,0,0,0,0,-9,-9,-9,-10,-9,-11,-8,-11,-8,-12,-7,-13,-7,-13,-6,-13,-6,-13,-6,-14,-6,-14,-5,-14,-6,-13,-6,-13,-6,-13,-6,-12,-7,-12,-7,-12,-8,-12,-9,-12,-9,-12,-9,-12,-9,-12,-10,-12,-10,-11,-9,-11]
[0;32mI (946744) esp_netif_handlers: sta ip: 192.168.4.2, mask: 255.255.255.0, gw: 192.168.4.1[0m
[0;33mW (947464) TAG: FTM to A3 failed (ESP_FAIL), streak=1[0m
[0;32mI (948064) TAG: STA connected to 24:ec:4a:03:58:5d, ch=1 (sec=0)[0m
csi_data,A1,[0,0,-3,-14,-3,-15,-4,-14,-3,-15,-4,-14,-4,-14,-4,-14,-5,-13,-5,-13,-6,-13,-6,-13,-7,-12,-7,-13,-8,-13,-8,-13,-8,-13,-8,-14,-7,-14,-7,-15,-6,-15,-6,-15,-5,-15,-5,-15,-4,-15,-3,-15,-2,-15,0,0,0,0,0,0,0,0,0,0,0,0,0,0,0,0,0,0,0,0,0,0,-1,-11,-1,-11,0,-12,0,-12,1,-12,2,-12,2,-12,2,-12,3,-12,2,-12,3,-12,3,-12,2,-12,2,-12,1,-12,1,-12,1,-12,0,-12,0,-12,-1,-13,-1,-13,-2,-13,-2,-14,-3,-14,-3,-14,-3,-15]
anchor,A1,24:ec:4a:03:58:5d,ch=1
ftm_report,A1,5,5,0.750
[0;32mI (948914) TAG: STA connected to 24:ec:4a:04:39:15, ch=6 (sec=0)[0m
csi_data,A2,[0,0,-5,-14,-5,-14,-5,-13,-5,-13,-5,-12,-5,-12,-6,-11,-6,-11,-6,-10,-7,-10,-7,-10,-7,-9,-8,-9,-8,-8,-8,-9,-9,-9,-9,-9,-9,-9,-9,-9,-9,-9,-8,-9,-8,-9,-7,-10,-7,-10,-6,-10,-6,-10,0,0,0,0,0,0,0,0,0,0,0,0,0,0,0,0,0,0,0,0,0,0,-5,-14,-5,-14,-4,-15,-3,-15,-3,-16,-2,-16,-1,-16,0,-16,0,-16,1,-15,1,-15,1,-15,1,-14,0,-14,0,-14,-1,-14,-1,-14,-2,-14,-2,-14,-3,-14,-3,-14,-3,-14,-4,-14,-4,-14,-4,-14,-4,-14]
anchor,A2,24:ec:4a:04:39:15,ch=6
ftm_report,A2,2,2,0.300
[0;32mI (949794) TAG: STA connected to 24:ec:4a:03:56:41, ch=11 (sec=0)[0m
csi_data,A3,[0,0,-6,-15,-5,-14,-5,-13,-6,-13,-6,-13,-6,-12,-6,-11,-7,-11,-7,-11,-7,-10,-8,-10,-7,-10,-8,-9,-8,-9,-8,-10,-9,-10,-8,-10,-8,-10,-8,-10,-8,-10,-7,-10,-6,-10,-6,-10,-5,-10,-5,-10,-4,-10,0,0,0,0,0,0,0,0,0,0,0,0,0,0,0,0,0,0,0,0,0,0,-6,-12,-5,-12,-5,-13,-4,-13,-4,-14,-3,-14,-3,-15,-2,-15,-2,-15,-1,-15,-1,-15,-1,-15,-1,-14,-1,-14,-2,-14,-2,-14,-2,-14,-3,-14,-3,-14,-4,-14,-4,-14,-5,-14,-5,-15,-5,-14,-6,-14,-6,-14]
[0;32mI (950814) esp_netif_handlers: sta ip: 192.168.4.2, mask: 255.255.255.0, gw: 192.168.4.1[0m
[0;33mW (951534) TAG: FTM to A3 failed (ESP_FAIL), streak=1[0m
csi_data,A3,[0,0,-13,8,-13,7,-13,7,-12,8,-11,7,-11,7,-11,7,-10,7,-10,I (952134) TAG: STA connected to 24:ec:4a:03:58:5d, ch=1 (sec=0)
8,-9,8,-9,8,-8,8,-8,9,-8,9,-8,9,-7,9,-8,9,-8,9,-8,9,-9,8,-9,8,-9,7,-9,6,-9,6,-9,6,-9,5,0,0,0,0,0,0,0,0,0,0,0,0,0,0,0,0,0,0,0,0,0,0,-10,8,-10,8,-11,7,-12,7,-13,6,-13,6,-14,5,-14,5,-14,4,-14,4,-15,4,-14,4,-14,4,-14,4,-13,4,-13,4,-13,5,-13,5,-13,5,-13,6,-13,6,-13,6,-13,7,-13,8,-13,8,-12,7]
anchor,A1,24:ec:4a:03:58:5d,ch=1
ftm_report,A1,3,3,0.450
[0;32mI (952994) TAG: STA connected to 24:ec:4a:04:39:15, ch=6 (sec=0)[0m
csi_data,A2,[0,0,-3,14,-3,13,-3,13,-2,13,-2,13,-2,12,-1,12,-1,11,0,12,0,11,1,11,1,11,2,11,2,11,2,11,2,11,2,11,2,12,2,12,1,12,1,12,0,11,0,11,0,11,-1,11,-1,11,0,0,0,0,0,0,0,0,0,0,0,0,0,0,0,0,0,0,0,0,0,0,-1,13,-2,13,-3,13,-4,13,-4,13,-5,14,-6,13,-7,13,-7,13,-7,12,-7,12,-7,12,-6,12,-6,11,-6,12,-6,12,-5,12,-5,12,-4,12,-4,12,-4,13,-4,13,-3,13,-3,14,-3,14,-3,14]
anchor,A2,24:ec:4a:04:39:15,ch=6
ftm_report,A2,1,1,0.150
[0;32mI (953854) TAG: STA connected to 24:ec:4a:03:56:41, ch=11 (sec=0)[0m
csi_data,A3,[0,0,-4,-15,-4,-15,-4,-14,-4,-14,-4,-13,-5,-13,-5,-13,-5,-12,-5,-11,-6,-11,-6,-11,-7,-11,-7,-11,-7,-10,-7,-11,-7,-11,-7,-11,-7,-10,-7,-11,-6,-11,-6,-11,-5,-11,-5,-11,-4,-10,-3,-10,-2,-10,0,0,0,0,0,0,0,0,0,0,0,0,0,0,0,0,0,0,0,0,0,0,-4,-12,-4,-13,-3,-13,-3,-14,-2,-14,-1,-15,-1,-15,0,-15,0,-15,0,-15,1,-14,1,-14,0,-14,0,-14,0,-14,0,-14,-1,-14,-1,-14,-2,-14,-2,-14,-3,-14,-3,-15,-3,-15,-4,-15,-4,-15,-4,-14]
anchor,A3,24:ec:4a:03:56:41,ch=11
ftm_report,A3,31,31,4.650
[0;32mI (954874) esp_netif_handlers: sta ip: 192.168.4.2, mask: 255.255.255.0, gw: 192.168.4.1[0m
[0;32mI (955224) TAG: STA connected to 24:ec:4a:03:58:5d, ch=1 (sec=0)[0m
anchor,A1,24:ec:4a:03:58:5d,ch=1
ftm_report,A1,5,5,0.750
[0;32mI (956074) TAG: STA connected to 24:ec:4a:04:39:15, ch=6 (sec=0)[0m
csi_data,A2,[0,0,-8,12,-7,11,-8,11,-7,11,-7,11,-6,11,-6,11,-5,11,-4,10,-4,10,-3,11,-3,11,-2,11,-2,11,-2,11,-2,12,-2,11,-2,12,-2,12,-2,12,-3,11,-3,11,-4,11,-4,11,-4,10,-5,10,0,0,0,0,0,0,0,0,0,0,0,0,0,0,0,0,0,0,0,0,0,0,-7,12,-8,12,-8,11,-9,11,-10,10,-11,11,-11,10,-12,9,-12,9,-12,8,-12,8,-12,8,-11,8,-11,8,-11,8,-10,8,-10,9,-9,9,-9,10,-9,10,-9,10,-9,11,-8,11,-8,12,-8,12,-8,12]
anchor,A2,24:ec:4a:04:39:15,ch=6
ftm_report,A2,4,4,0.600
[0;32mI (956944) TAG: STA connected to 24:ec:4a:03:56:41, ch=11 (sec=0)[0m
csi_data,A3,[0,0,-8,13,-8,12,-8,11,-7,11,-6,11,-6,11,-6,11,-5,11,-5,11,-4,11,-4,11,-3,11,-3,11,-3,11,-3,12,-3,11,-3,11,-3,11,-3,11,-4,11,-4,11,-4,10,-5,9,-5,9,-5,8,-6,8,0,0,0,0,0,0,0,0,0,0,0,0,0,0,0,0,0,0,0,0,0,0,-6,11,-7,11,-8,11,-8,10,-9,11,-10,10,-11,10,-11,10,-12,9,-12,9,-12,9,-12,8,-11,8,-11,8,-10,8,-10,9,-10,9,-10,10,-9,10,-9,10,-9,11,-9,11,-9,12,-9,12,-8,12,-8,12]
anchor,A3,24:ec:4a:03:56:41,ch=11
ftm_report,A3,32,32,4.800
[0;32mI (957814) TAG: STA connected to 24:ec:4a:03:58:5d, ch=1 (sec=0)[0m
anchor,A1,24:ec:4a:03:58:5d,ch=1
ftm_report,A1,3,3,0.450
csi_data,A1,[0,0,-14,5,-14,5,-13,5,-13,6,-13,5,-13,6,-13,6,-12,6,-12,7,-11,7,-11,8,-11,8,-11,8,-11,9,-11,9,-11,9,-12,9,-12,9,-12,9,-13,8,-13,8,-14,7,-13,6,-13,6,-13,5,-13,4,0,0,0,0,0,0,0,0,0,0,0,0,0,0,0,0,0,0,0,0,0,0,-10,4,-10,3,-11,2,-11,2,-12,1,-12,1,-12,1,-12,0,-13,0,-12,0,-13,0,-13,0,-12,0,-12,0,-12,0,-12,1,-12,2,-12,2,-12,2,-12,3,-13,3,-13,3,-13,4,-13,4,-13,5,-13,5]
[0;32mI (958664) TAG: STA connected to 24:ec:4a:04:39:15, ch=6 (sec=0)[0m
anchor,A2,24:ec:4a:04:39:15,ch=6
ftm_report,A2,3,3,0.450
csi_data,A2,[0,0,-8,-13,-8,-12,-8,-12,-8,-12,-8,-11,-8,-10,-8,-10,-9,-9,-9,-9,-9,-8,-9,-8,-10,-7,-10,-7,-10,-7,-11,-7,-11,-7,-11,-7,-11,-7,-11,-8,-10,-8,-10,-8,-10,-8,-9,-8,-9,-8,-8,-8,-8,-9,0,0,0,0,0,0,0,0,0,0,0,0,0,0,0,0,0,0,0,0,0,0,-9,-11,-8,-12,-8,-13,-7,-13,-7,-14,-6,-14,-5,-15,-5,-15,-4,-15,-4,-15,-4,-14,-4,-14,-4,-14,-4,-13,-4,-13,-4,-13,-5,-13,-6,-13,-6,-12,-6,-12,-7,-12,-7,-12,-8,-13,-8,-12,-8,-12,-8,-12]
[0;32mI (959564) TAG: STA connected to 24:ec:4a:03:56:41, ch=11 (sec=0)[0m
anchor,A3,24:ec:4a:03:56:41,ch=11
ftm_report,A3,31,31,4.650
csi_data,A3,[0,0,-16,0,-16,-1,-15,-1,-14,0,-14,-1,-14,0,-13,0,-13,1,-13,1,-12,2,-12,3,-12,3,-12,3,-12,3,-12,4,-12,4,-12,4,-12,4,-12,3,-12,3,-12,2,-12,1,-12,1,-11,0,-11,0,-11,-1,0,0,0,0,0,0,0,0,0,0,0,0,0,0,0,0,0,0,0,0,0,0,-13,1,-13,0,-14,-1,-14,-2,-14,-2,-15,-3,-15,-4,-15,-4,-15,-5,-14,-5,-14,-5,-14,-5,-14,-5,-14,-5,-14,-5,-14,-4,-14,-4,-14,-3,-14,-3,-14,-2,-15,-2,-15,-2,-15,-1,-15,-1,-16,-1,-14,-1]
[0;32mI (960444) TAG: STA connected to 24:ec:4a:03:58:5d, ch=1 (sec=0)[0m
anchor,A1,24:ec:4a:03:58:5d,ch=1
ftm_report,A1,3,3,0.450
csi_data,A1,[0,0,-14,-4,-15,-4,-14,-4,-14,-4,-14,-4,-14,-3,-14,-3,-14,-2,-14,-2,-14,-1,-14,-1,-14,0,-14,0,-15,0,-14,1,-15,1,-16,0,-15,0,-16,0,-15,-1,-16,-1,-15,-2,-15,-3,-15,-3,-14,-4,-13,-5,0,0,0,0,0,0,0,0,0,0,0,0,0,0,0,0,0,0,0,0,0,0,-10,-4,-10,-5,-10,-5,-10,-6,-10,-7,-10,-7,-10,-7,-10,-8,-10,-8,-10,-8,-10,-8,-10,-8,-10,-8,-10,-7,-10,-7,-10,-7,-10,-6,-11,-6,-12,-6,-12,-6,-12,-5,-13,-5,-13,-5,-14,-5,-14,-5,-14,-4]
[0;32mI (961314) TAG: STA connected to 24:ec:4a:04:39:15, ch=6 (sec=0)[0m
anchor,A2,24:ec:4a:04:39:15,ch=6
ftm_report,A2,2,2,0.300
csi_data,A2,[0,0,4,-14,4,-14,3,-13,3,-14,3,-13,3,-13,2,-13,2,-12,1,-12,1,-12,0,-12,-1,-12,-1,-12,-1,-12,-2,-12,-2,-13,-2,-13,-1,-13,-1,-13,-1,-13,0,-13,0,-13,1,-12,1,-12,1,-12,2,-12,0,0,0,0,0,0,0,0,0,0,0,0,0,0,0,0,0,0,0,0,0,0,3,-14,3,-14,4,-14,5,-13,6,-13,7,-13,8,-13,8,-13,8,-12,9,-12,8,-12,8,-11,8,-11,8,-11,7,-11,7,-11,6,-12,6,-12,6,-12,5,-13,5,-13,5,-13,5,-14,5,-14,4,-14,4,-14]
[0;32mI (962184) TAG: STA connected to 24:ec:4a:03:56:41, ch=11 (sec=0)[0m
anchor,A3,24:ec:4a:03:56:41,ch=11
ftm_report,A3,31,31,4.650
[0;32mI (963054) TAG: STA connected to 24:ec:4a:03:58:5d, ch=1 (sec=0)[0m
csi_data,A1,[0,0,-7,-12,-8,-12,-8,-12,-8,-12,-8,-12,-8,-11,-8,-11,-8,-10,-8,-10,-9,-10,-10,-10,-10,-9,-10,-9,-11,-9,-11,-9,-11,-9,-11,-10,-11,-10,-11,-11,-10,-11,-10,-11,-9,-11,-9,-12,-8,-12,-7,-12,-6,-12,0,0,0,0,0,0,0,0,0,0,0,0,0,0,0,0,0,0,0,0,0,0,-5,-9,-4,-10,-4,-10,-4,-11,-4,-11,-3,-12,-2,-12,-2,-12,-2,-12,-2,-12,-2,-12,-2,-12,-2,-12,-2,-11,-3,-11,-3,-11,-3,-11,-4,-11,-4,-12,-5,-12,-6,-11,-6,-12,-6,-12,-7,-12,-7,-12,-7,-12]
anchor,A1,24:ec:4a:03:58:5d,ch=1
ftm_report,A1,3,3,0.450
[0;32mI (963924) TAG: STA connected to 24:ec:4a:04:39:15, ch=6 (sec=0)[0m
csi_data,A2,[0,0,6,13,6,12,6,12,6,11,6,11,6,10,6,10,6,9,7,9,7,8,7,8,8,7,8,7,8,7,9,7,9,7,9,7,9,8,9,8,8,8,8,8,8,8,7,8,7,8,6,9,6,9,0,0,0,0,0,0,0,0,0,0,0,0,0,0,0,0,0,0,0,0,0,0,7,11,6,12,5,13,4,13,4,13,3,14,2,14,2,14,1,14,1,14,1,14,1,14,1,13,1,13,1,13,2,13,2,12,3,12,3,12,4,12,4,12,5,12,5,13,5,12,6,13,6,13]
anchor,A2,24:ec:4a:04:39:15,ch=6
ftm_report,A2,2,2,0.300
[0;32mI (964784) TAG: STA connected to 24:ec:4a:03:56:41, ch=11 (sec=0)[0m
anchor,A3,24:ec:4a:03:56:41,ch=11
ftm_report,A3,31,31,4.650
csi_data,A3,[0,0,-16,0,-15,0,-15,0,-14,0,-14,0,-14,1,-13,1,-13,2,-12,2,-12,3,-11,3,-11,4,-12,4,-12,4,-11,4,-11,5,-12,4,-12,4,-12,3,-12,3,-12,3,-12,2,-11,2,-11,1,-10,1,-10,0,0,0,0,0,0,0,0,0,0,0,0,0,0,0,0,0,0,0,0,0,0,0,-13,2,-13,1,-14,0,-14,-1,-14,-1,-15,-2,-15,-3,-15,-3,-15,-4,-14,-4,-15,-4,-14,-4,-14,-4,-14,-4,-14,-4,-14,-3,-14,-2,-14,-2,-14,-2,-14,-2,-15,-1,-15,-1,-15,0,-15,0,-15,0,-15,0]
[0;32mI (965654) TAG: STA connected to 24:ec:4a:03:58:5d, ch=1 (sec=0)[0m
anchor,A1,24:ec:4a:03:58:5d,ch=1
ftm_report,A1,6,6,0.900
csi_data,A1,[0,0,-15,2,-15,2,-15,2,-15,2,-15,2,-14,2,-14,3,-14,3,-13,4,-13,4,-13,5,-13,5,-13,5,-13,6,-13,6,-14,6,-14,6,-15,6,-15,6,-15,5,-15,5,-15,4,-15,3,-15,2,-15,1,-14,0,0,0,0,0,0,0,0,0,0,0,0,0,0,0,0,0,0,0,0,0,0,0,-11,0,-11,0,-12,-1,-12,-2,-12,-2,-13,-2,-13,-3,-12,-3,-12,-4,-12,-4,-12,-4,-12,-4,-12,-4,-12,-3,-12,-3,-12,-2,-12,-2,-12,-1,-13,-1,-13,-1,-13,0,-14,0,-14,1,-15,1,-15,1,-15,1]
[0;32mI (966504) TAG: STA connected to 24:ec:4a:04:39:15, ch=6 (sec=0)[0m
anchor,A2,24:ec:4a:04:39:15,ch=6
ftm_report,A2,2,2,0.300
csi_data,A2,[0,0,13,-5,13,-5,12,-5,12,-5,11,-6,11,-6,11,-6,10,-7,9,-7,9,-7,9,-7,8,-8,8,-8,8,-9,8,-9,8,-9,8,-9,8,-9,8,-9,8,-9,9,-9,9,-8,9,-8,9,-7,9,-7,9,-6,0,0,0,0,0,0,0,0,0,0,0,0,0,0,0,0,0,0,0,0,0,0,12,-5,13,-5,14,-4,13,-3,14,-2,14,-2,15,-1,14,0,14,0,14,1,14,1,14,1,13,0,13,0,13,0,13,-1,12,-2,13,-2,13,-3,13,-3,13,-4,13,-4,13,-5,13,-4,13,-5,13,-5]
[0;32mI (967374) TAG: STA connected to 24:ec:4a:03:56:41, ch=11 (sec=0)[0m
csi_data,A3,[0,0,-3,-15,-3,-14,-3,-14,-3,-14,-4,-13,-4,-13,-4,-12,-5,-12,-5,-11,-5,-11,-5,-11,-6,-10,-6,-10,-6,-10,-6,-11,-7,-11,-6,-11,-6,-11,-6,-11,-6,-11,-5,-11,-4,-11,-4,-11,-3,-10,-2,-10,-2,-10,0,0,0,0,0,0,0,0,0,0,0,0,0,0,0,0,0,0,0,0,0,0,-5,-12,-4,-12,-4,-13,-3,-13,-3,-14,-2,-14,-1,-15,-1,-14,0,-15,0,-14,0,-15,1,-14,0,-14,0,-14,0,-13,0,-14,-1,-14,-1,-14,-1,-14,-2,-14,-3,-14,-3,-14,-3,-15,-4,-15,-4,-14,-4,-14]
[0;32mI (968394) esp_netif_handlers: sta ip: 192.168.4.2, mask: 255.255.255.0, gw: 192.168.4.1[0m
[0;33mW (969114) TAG: FTM to A3 failed (ESP_FAIL), streak=1[0m
[0;32mI (969714) TAG: STA connected to 24:ec:4a:03:58:5d, ch=1 (sec=0)[0m
anchor,A1,24:ec:4a:03:58:5d,ch=1
ftm_report,A1,5,5,0.750
csi_data,A1,[0,0,-13,6,-13,6,-13,6,-13,7,-13,6,-12,6,-12,7,-12,7,-12,8,-11,8,-11,9,-10,9,-10,9,-11,10,-11,10,-11,10,-12,10,-12,10,-12,10,-12,9,-13,9,-13,8,-13,8,-13,7,-13,6,-13,5,0,0,0,0,0,0,0,0,0,0,0,0,0,0,0,0,0,0,0,0,0,0,-10,3,-11,3,-11,2,-12,2,-12,1,-12,1,-12,0,-12,0,-12,0,-12,0,-12,0,-12,0,-12,0,-12,0,-12,0,-12,1,-12,2,-12,2,-12,2,-12,3,-12,3,-13,4,-13,5,-13,5,-13,6,-13,6]
[0;32mI (970584) TAG: STA connected to 24:ec:4a:04:39:15, ch=6 (sec=0)[0m
anchor,A2,24:ec:4a:04:39:15,ch=6
ftm_report,A2,2,2,0.300
csi_data,A2,[0,0,14,1,13,1,13,1,13,0,13,0,12,-1,12,-1,11,-2,11,-2,11,-3,11,-3,10,-4,10,-4,10,-4,10,-5,11,-5,11,-5,11,-5,11,-5,11,-5,11,-4,11,-4,11,-3,11,-3,10,-2,10,-1,0,0,0,0,0,0,0,0,0,0,0,0,0,0,0,0,0,0,0,0,0,0,13,0,13,1,14,2,14,3,14,3,14,4,14,5,14,5,13,6,12,6,12,6,12,6,12,6,12,5,12,5,12,4,12,4,12,3,12,3,13,3,13,2,13,2,13,1,14,1,14,1,14,1]
[0;32mI (971454) TAG: STA connected to 24:ec:4a:03:56:41, ch=11 (sec=0)[0m
csi_data,A3,[0,0,-16,0,-15,-1,-15,-1,-14,0,-14,-1,-14,0,-13,0,-13,1,-13,1,-13,2,-12,2,-12,2,-12,3,-12,3,-12,4,-12,4,-13,3,-12,4,-12,3,-12,3,-12,2,-12,1,-12,1,-11,0,-11,0,-11,-1,0,0,0,0,0,0,0,0,0,0,0,0,0,0,0,0,0,0,0,0,0,0,-13,1,-13,0,-14,-1,-14,-2,-14,-2,-15,-3,-15,-4,-15,-4,-15,-4,-15,-5,-14,-5,-14,-5,-14,-5,-14,-5,-13,-5,-14,-4,-14,-4,-14,-3,-14,-3,-14,-3,-15,-2,-15,-2,-15,-1,-16,-1,-15,-1,-15,-1]
[0;32mI (972474) esp_netif_handlers: sta ip: 192.168.4.2, mask: 255.255.255.0, gw: 192.168.4.1[0m
anchor,A3,24:ec:4a:03:56:41,ch=11
ftm_report,A3,32,32,4.800
[0;32mI (973384) TAG: STA connected to 24:ec:4a:03:58:5d, ch=1 (sec=0)[0m
anchor,A1,24:ec:4a:03:58:5d,ch=1
ftm_report,A1,3,3,0.450
csi_data,A1,[0,0,-3,-14,-4,-14,-4,-14,-4,-14,-4,-14,-4,-13,-5,-13,-5,-13,-5,-13,-6,-13,-7,-13,-7,-12,-7,-12,-8,-13,-8,-13,-8,-13,-8,-14,-8,-14,-7,-14,-6,-15,-6,-15,-5,-15,-5,-15,-4,-14,-3,-14,-2,-14,0,0,0,0,0,0,0,0,0,0,0,0,0,0,0,0,0,0,0,0,0,0,-2,-11,-1,-11,-1,-11,-1,-12,0,-12,1,-12,1,-12,2,-12,2,-12,2,-12,2,-12,2,-12,1,-12,1,-12,1,-11,1,-12,0,-12,0,-12,-1,-12,-1,-12,-2,-13,-2,-13,-2,-14,-3,-14,-3,-14,-3,-15]
[0;32mI (974234) TAG: STA connected to 24:ec:4a:04:39:15, ch=6 (sec=0)[0m
anchor,A2,24:ec:4a:04:39:15,ch=6
ftm_report,A2,3,3,0.450
[0;32mI (975094) TAG: STA connected to 24:ec:4a:03:56:41, ch=11 (sec=0)[0m
csi_data,A3,[0,0,-13,-10,-12,-9,-12,-9,-12,-9,-12,-8,-12,-8,-12,-7,-11,-7,-11,-6,-11,-6,-12,-5,-11,-5,-11,-4,-12,-4,-12,-4,-12,-4,-12,-5,-12,-5,-12,-5,-12,-5,-11,-6,-11,-6,-10,-6,-9,-7,-9,-7,-8,-7,0,0,0,0,0,0,0,0,0,0,0,0,0,0,0,0,0,0,0,0,0,0,-11,-7,-11,-7,-11,-8,-11,-9,-11,-9,-10,-10,-10,-11,-10,-11,-10,-12,-9,-12,-9,-12,-8,-12,-9,-12,-9,-12,-9,-11,-9,-11,-9,-11,-10,-11,-10,-10,-11,-10,-11,-10,-11,-9,-12,-10,-12,-10,-12,-9,-12,-9]
[1;31mE (975764) wifi:No FTM Measurements received from responder![0m
[0;33mW (975864) TAG: FTM to A3 failed (ESP_FAIL), streak=1[0m
[0;32mI (976114) esp_netif_handlers: sta ip: 192.168.4.2, mask: 255.255.255.0, gw: 192.168.4.1[0m
[0;32mI (976464) TAG: STA connected to 24:ec:4a:03:58:5d, ch=1 (sec=0)[0m
anchor,A1,24:ec:4a:03:58:5d,ch=1
ftm_report,A1,3,3,0.450
csi_data,A1,[0,0,8,11,8,11,9,10,9,10,9,10,9,10,9,9,9,9,9,8,9,8,10,8,10,8,11,8,11,8,11,8,12,8,12,8,12,9,12,9,11,10,11,10,10,10,9,11,8,11,7,11,6,12,0,0,0,0,0,0,0,0,0,0,0,0,0,0,0,0,0,0,0,0,0,0,5,8,4,9,4,9,4,10,4,10,3,11,3,11,2,11,2,11,2,11,1,11,1,11,2,11,2,11,3,10,3,10,3,10,4,10,5,10,6,10,6,10,7,10,6,11,7,11,8,11,8,11]
[0;32mI (977314) TAG: STA connected to 24:ec:4a:04:39:15, ch=6 (sec=0)[0m
anchor,A2,24:ec:4a:04:39:15,ch=6
ftm_report,A2,4,4,0.600
csi_data,A2,[0,0,6,-13,6,-13,5,-12,5,-13,5,-12,4,-12,4,-12,3,-12,3,-12,2,-12,2,-12,1,-12,1,-12,0,-12,0,-12,0,-12,0,-12,0,-13,0,-13,1,-13,1,-13,2,-12,2,-12,2,-12,3,-11,3,-11,0,0,0,0,0,0,0,0,0,0,0,0,0,0,0,0,0,0,0,0,0,0,4,-13,5,-13,7,-13,7,-13,8,-13,9,-12,9,-12,10,-12,10,-11,10,-10,10,-10,10,-10,10,-10,9,-10,9,-10,8,-10,8,-11,8,-11,7,-11,7,-12,7,-12,7,-12,7,-13,7,-13,7,-13,7,-13]
[0;32mI (978174) TAG: STA connected to 24:ec:4a:03:56:41, ch=11 (sec=0)[0m
anchor,A3,24:ec:4a:03:56:41,ch=11
ftm_report,A3,31,31,4.650
[0;32mI (979044) TAG: STA connected to 24:ec:4a:03:58:5d, ch=1 (sec=0)[0m
csi_data,A1,[0,0,-11,9,-11,9,-11,9,-10,10,-10,9,-10,9,-10,10,-9,10,-9,10,-8,10,-8,11,-7,11,-7,11,-7,12,-7,12,-7,13,-8,12,-8,13,-9,13,-9,12,-10,12,-10,11,-10,10,-10,10,-11,9,-11,8,0,0,0,0,0,0,0,0,0,0,0,0,0,0,0,0,0,0,0,0,0,0,-9,6,-9,6,-10,5,-10,5,-10,4,-11,4,-12,4,-12,4,-12,3,-11,3,-12,3,-12,3,-11,3,-11,3,-11,3,-11,4,-11,5,-10,5,-11,5,-11,6,-10,6,-11,7,-10,8,-11,8,-11,9,-11,9]
anchor,A1,24:ec:4a:03:58:5d,ch=1
ftm_report,A1,3,3,0.450
[0;32mI (979914) TAG: STA connected to 24:ec:4a:04:39:15, ch=6 (sec=0)[0m
csi_data,A2,[0,0,-3,14,-3,13,-3,13,-3,12,-2,12,-2,12,-2,12,-1,11,-1,11,0,11,1,11,1,10,1,10,2,11,2,11,2,11,2,11,2,11,2,11,1,11,1,11,0,11,0,11,-1,11,-1,11,-2,10,0,0,0,0,0,0,0,0,0,0,0,0,0,0,0,0,0,0,0,0,0,0,-1,13,-2,13,-3,13,-4,13,-5,13,-6,14,-6,13,-7,13,-7,13,-8,12,-8,12,-8,12,-7,11,-7,11,-7,11,-6,11,-6,12,-5,11,-5,12,-5,12,-4,12,-4,13,-4,13,-4,13,-3,13,-3,13]
anchor,A2,24:ec:4a:04:39:15,ch=6
ftm_report,A2,2,2,0.300
[0;32mI (980774) TAG: STA connected to 24:ec:4a:03:56:41, ch=11 (sec=0)[0m
csi_data,A3,[0,0,-15,-3,-15,-4,-15,-3,-14,-3,-14,-3,-14,-2,-13,-2,-13,-1,-12,0,-12,0,-12,0,-12,1,-12,1,-12,1,-12,2,-12,2,-13,2,-13,2,-13,1,-12,1,-12,0,-12,0,-12,-1,-11,-1,-11,-1,-10,-2,0,0,0,0,0,0,0,0,0,0,0,0,0,0,0,0,0,0,0,0,0,0,-13,-2,-13,-2,-14,-4,-14,-4,-14,-5,-14,-6,-14,-6,-14,-7,-13,-7,-13,-8,-13,-7,-13,-7,-13,-7,-13,-7,-12,-7,-13,-6,-13,-6,-13,-5,-13,-5,-14,-5,-14,-4,-14,-4,-15,-4,-15,-3,-15,-3,-14,-4]
anchor,A3,24:ec:4a:03:56:41,ch=11
ftm_report,A3,31,31,4.650
[0;32mI (981794) esp_netif_handlers: sta ip: 192.168.4.2, mask: 255.255.255.0, gw: 192.168.4.1[0m
[0;32mI (982144) TAG: STA connected to 24:ec:4a:03:58:5d, ch=1 (sec=0)[0m
anchor,A1,24:ec:4a:03:58:5d,ch=1
ftm_report,A1,5,5,0.750
[0;32mI (983004) TAG: STA connected to 24:ec:4a:04:39:15, ch=6 (sec=0)[0m
csi_data,A2,[0,0,-14,-2,-14,-2,-14,-1,-13,-1,-13,-1,-13,0,-12,0,-12,1,-12,1,-11,2,-12,2,-11,2,-11,3,-11,3,-11,4,-11,4,-11,4,-11,4,-12,3,-12,3,-12,3,-12,3,-11,2,-11,2,-11,1,-11,0,0,0,0,0,0,0,0,0,0,0,0,0,0,0,0,0,0,0,0,0,0,0,-14,-1,-14,-2,-14,-3,-14,-4,-15,-4,-15,-5,-15,-5,-14,-6,-14,-6,-13,-7,-13,-7,-13,-7,-13,-6,-12,-6,-13,-6,-13,-5,-13,-5,-13,-4,-13,-4,-14,-3,-14,-3,-14,-2,-14,-2,-14,-2,-14,-2,-14,-2]
anchor,A2,24:ec:4a:04:39:15,ch=6
ftm_report,A2,6,6,0.900
[0;32mI (983864) TAG: STA connected to 24:ec:4a:03:56:41, ch=11 (sec=0)[0m
anchor,A3,24:ec:4a:03:56:41,ch=11
ftm_report,A3,30,30,4.500
csi_data,A3,[0,0,11,9,10,9,11,8,10,7,11,7,10,7,10,6,11,5,10,5,10,4,10,4,10,4,10,4,11,3,11,3,11,3,11,3,11,3,11,4,10,4,10,4,10,5,9,5,8,5,8,6,7,6,0,0,0,0,0,0,0,0,0,0,0,0,0,0,0,0,0,0,0,0,0,0,10,6,10,7,10,8,10,8,10,9,9,10,9,10,9,11,8,11,8,11,7,11,7,11,7,11,7,11,7,10,7,10,8,10,8,9,9,10,10,9,10,9,10,9,10,9,11,9,11,9,11,8]
[0;32mI (984734) TAG: STA connected to 24:ec:4a:03:58:5d, ch=1 (sec=0)[0m
anchor,A1,24:ec:4a:03:58:5d,ch=1
ftm_report,A1,4,4,0.600
csi_data,A1,[0,0,-2,-14,-3,-15,-3,-14,-3,-15,-3,-14,-3,-14,-4,-14,-4,-13,-4,-13,-5,-13,-5,-13,-6,-13,-6,-13,-7,-13,-7,-14,-7,-14,-7,-14,-7,-14,-6,-15,-6,-15,-5,-15,-4,-15,-4,-15,-3,-15,-2,-14,-1,-14,0,0,0,0,0,0,0,0,0,0,0,0,0,0,0,0,0,0,0,0,0,0,0,-11,0,-11,1,-11,1,-11,1,-12,2,-12,3,-12,3,-12,3,-12,3,-12,3,-12,3,-12,3,-11,2,-11,2,-11,2,-12,1,-11,1,-12,0,-12,0,-13,-1,-12,-1,-13,-1,-14,-2,-14,-2,-14,-1,-14]
[0;32mI (985654) TAG: STA connected to 24:ec:4a:04:39:15, ch=6 (sec=0)[0m
anchor,A2,24:ec:4a:04:39:15,ch=6
ftm_report,A2,13,13,1.950
csi_data,A2,[0,0,-9,11,-9,11,-9,10,-8,10,-8,10,-7,10,-7,10,-6,10,-6,10,-5,10,-5,10,-4,10,-4,10,-4,11,-3,11,-3,11,-4,11,-4,11,-4,11,-4,11,-4,11,-5,11,-5,10,-6,10,-6,9,-6,9,0,0,0,0,0,0,0,0,0,0,0,0,0,0,0,0,0,0,0,0,0,0,-7,11,-8,11,-10,11,-10,10,-11,10,-12,10,-12,9,-12,9,-13,8,-13,8,-13,7,-12,7,-12,7,-12,7,-11,7,-11,7,-11,8,-10,8,-10,9,-10,9,-9,10,-10,10,-10,11,-10,11,-10,11,-9,11]
[0;32mI (986514) TAG: STA connected to 24:ec:4a:03:56:41, ch=11 (sec=0)[0m
anchor,A3,24:ec:4a:03:56:41,ch=11
ftm_report,A3,31,31,4.650
csi_data,A3,[0,0,-7,13,-7,12,-7,12,-6,12,-5,12,-5,12,-5,11,-4,11,-4,11,-3,11,-2,11,-2,11,-2,11,-1,11,-1,12,-1,12,-1,12,-1,12,-2,12,-2,11,-2,11,-3,11,-3,10,-4,10,-4,9,-4,9,0,0,0,0,0,0,0,0,0,0,0,0,0,0,0,0,0,0,0,0,0,0,-5,11,-6,11,-7,11,-8,11,-8,11,-9,11,-10,11,-10,11,-11,10,-11,10,-11,10,-11,10,-11,9,-10,9,-10,9,-10,10,-9,10,-9,10,-8,11,-8,11,-8,12,-8,12,-7,13,-7,13,-7,13,-7,13]
[0;32mI (987384) TAG: STA connected to 24:ec:4a:03:58:5d, ch=1 (sec=0)[0m
anchor,A1,24:ec:4a:03:58:5d,ch=1
ftm_report,A1,3,3,0.450
csi_data,A1,[0,0,2,13,3,13,3,13,3,13,4,13,4,12,4,12,4,12,4,12,5,12,6,12,6,11,7,11,7,11,7,12,7,12,7,13,7,13,6,13,5,14,5,14,4,14,4,14,3,14,2,13,1,13,0,0,0,0,0,0,0,0,0,0,0,0,0,0,0,0,0,0,0,0,0,0,1,10,1,10,1,10,0,10,0,11,-1,11,-2,11,-2,11,-3,11,-2,11,-2,11,-3,11,-2,11,-1,11,-1,11,-1,11,-1,11,0,11,0,11,0,12,1,12,1,12,1,13,3,13,3,13,3,13]
[0;32mI (988244) TAG: STA connected to 24:ec:4a:04:39:15, ch=6 (sec=0)[0m
anchor,A2,24:ec:4a:04:39:15,ch=6
ftm_report,A2,7,7,1.050
[0;32mI (989104) TAG: STA connected to 24:ec:4a:03:56:41, ch=11 (sec=0)[0m
csi_data,A3,[0,0,-15,-1,-15,-2,-14,-2,-14,-1,-14,-1,-13,0,-13,0,-13,1,-12,1,-12,2,-12,3,-12,3,-12,3,-12,3,-12,4,-12,4,-12,4,-12,4,-12,3,-12,3,-12,3,-12,2,-11,1,-11,1,-10,1,-10,0,0,0,0,0,0,0,0,0,0,0,0,0,0,0,0,0,0,0,0,0,0,0,-13,0,-13,-1,-14,-2,-14,-3,-14,-3,-14,-4,-14,-5,-14,-5,-14,-6,-14,-6,-14,-6,-14,-6,-14,-5,-13,-5,-13,-5,-13,-5,-13,-4,-14,-4,-14,-3,-14,-3,-14,-2,-15,-3,-15,-1,-15,-1,-15,-1,-14,-1]
anchor,A3,24:ec:4a:03:56:41,ch=11
ftm_report,A3,30,30,4.500
[0;32mI (989974) TAG: STA connected to 24:ec:4a:03:58:5d, ch=1 (sec=0)[0m
csi_data,A1,[0,0,-14,4,-14,3,-14,3,-14,4,-14,4,-14,4,-14,4,-13,5,-13,5,-12,6,-13,6,-12,6,-13,7,-13,7,-13,7,-13,8,-13,8,-14,8,-14,7,-14,6,-15,6,-15,5,-15,4,-15,4,-14,3,-14,2,0,0,0,0,0,0,0,0,0,0,0,0,0,0,0,0,0,0,0,0,0,0,-11,2,-11,1,-11,0,-12,0,-12,-1,-12,-1,-12,-1,-12,-2,-12,-2,-12,-2,-12,-2,-12,-2,-12,-2,-12,-2,-12,-1,-12,-1,-12,0,-12,0,-12,0,-13,1,-13,1,-13,2,-13,3,-14,3,-14,3,-14,3]
anchor,A1,24:ec:4a:03:58:5d,ch=1
ftm_report,A1,2,2,0.300
[0;32mI (990834) TAG: STA connected to 24:ec:4a:04:39:15, ch=6 (sec=0)[0m
anchor,A2,24:ec:4a:04:39:15,ch=6
ftm_report,A2,2,2,0.300
csi_data,A2,[0,0,-4,-14,-4,-14,-5,-14,-4,-13,-5,-13,-5,-12,-5,-12,-6,-11,-6,-11,-7,-10,-7,-10,-7,-10,-7,-9,-8,-9,-8,-9,-9,-10,-8,-9,-9,-10,-9,-10,-8,-10,-8,-10,-7,-10,-7,-10,-6,-10,-6,-11,-5,-11,0,0,0,0,0,0,0,0,0,0,0,0,0,0,0,0,0,0,0,0,0,0,-5,-13,-5,-14,-4,-14,-3,-15,-2,-15,-2,-16,-1,-16,-1,-16,0,-15,1,-15,1,-15,1,-15,1,-14,0,-14,0,-14,0,-13,-1,-14,-2,-14,-2,-14,-3,-14,-3,-14,-4,-14,-4,-14,-4,-14,-4,-14,-4,-15]
[0;32mI (991694) TAG: STA connected to 24:ec:4a:03:56:41, ch=11 (sec=0)[0m
[0;33mW (991834) TAG: Low INT heap (30512B), skip FTM.[0m
[0;33mW (991834) TAG: FTM to A3 failed (ESP_ERR_NO_MEM), streak=1[0m
csi_data,A3,[0,0,-14,-7,-13,-7,-14,-7,-13,-6,-13,-6,-13,-6,-13,-5,-13,-5,-12,-4,-12,-3,-12,-2,-12,-2,-13,-2,-13,-2,-13,-1,-13,-2,-13,-2,-13,-2,-13,-2,-12,-3,-12,-3,-12,-4,-11,-4,-11,-4,-10,-4,-10,-5,0,0,0,0,0,0,0,0,0,0,0,0,0,0,0,0,0,0,0,0,0,0,-12,-5,-12,-6,-12,-7,-12,-8,-12,-8,-12,-9,-12,-10,-11,-10,-11,-11,-11,-11,-11,-10,-11,-10,-11,-10,-11,-10,-11,-10,-11,-9,-11,-9,-11,-8,-12,-9,-12,-8,-13,-8,-13,-8,-13,-7,-14,-7,-14,-7,-13,-6]
[0;32mI (992434) TAG: STA connected to 24:ec:4a:03:58:5d, ch=1 (sec=0)[0m
[0;33mW (992574) TAG: Low INT heap (30644B), skip FTM.[0m
[0;33mW (992574) TAG: FTM to A1 failed (ESP_ERR_NO_MEM), streak=2[0m
csi_data,A1,[0,0,11,8,12,7,12,7,12,7,12,6,12,6,12,6,12,5,12,5,12,4,12,4,12,3,13,3,13,3,13,3,14,3,14,3,14,4,14,4,14,5,14,5,13,6,13,6,12,7,11,7,10,8,0,0,0,0,0,0,0,0,0,0,0,0,0,0,0,0,0,0,0,0,0,0,7,6,7,7,7,7,7,8,7,8,6,9,6,9,6,9,6,10,6,10,5,9,5,9,6,9,6,9,6,9,6,8,7,8,7,8,8,8,9,7,9,7,10,7,10,7,11,7,11,8,11,7]
[0;32mI (993194) TAG: STA connected to 24:ec:4a:04:39:15, ch=6 (sec=0)[0m
[0;33mW (993334) TAG: Low INT heap (30644B), skip FTM.[0m
[0;33mW (993334) TAG: FTM to A2 failed (ESP_ERR_NO_MEM), streak=3[0m
[0;33mW (993334) TAG: WiFi soft reset to recover buffers...[0m
[0;32mI (993584) TAG: STA connected to 24:ec:4a:04:39:15, ch=6 (sec=0)[0m
[0;32mI (993584) TAG: STA reconnected.[0m
csi_data,A2,[0,0,7,-12,7,-12,6,-12,6,-12,6,-12,5,-11,4,-12,4,-11,3,-11,3,-12,2,-12,2,-12,1,-12,1,-12,1,-12,0,-12,1,-12,1,-13,1,-13,1,-13,2,-12,2,-12,3,-12,3,-12,3,-11,4,-11,0,0,0,0,0,0,0,0,0,0,0,0,0,0,0,0,0,0,0,0,0,0,6,-13,7,-12,8,-12,8,-12,9,-12,10,-11,10,-11,11,-10,11,-10,11,-9,11,-9,11,-9,10,-9,10,-9,9,-9,9,-9,9,-10,8,-10,8,-10,8,-11,8,-11,8,-12,7,-12,7,-12,7,-12,7,-12]
[0;32mI (994494) TAG: STA connected to 24:ec:4a:03:56:41, ch=11 (sec=0)[0m
[0;33mW (994634) TAG: Low INT heap (30652B), skip FTM.[0m
[0;33mW (994634) TAG: FTM to A3 failed (ESP_ERR_NO_MEM), streak=1[0m
[0;32mI (995234) TAG: STA connected to 24:ec:4a:03:58:5d, ch=1 (sec=0)[0m
[0;33mW (995384) TAG: Low INT heap (30520B), skip FTM.[0m
[0;33mW (995384) TAG: FTM to A1 failed (ESP_ERR_NO_MEM), streak=2[0m
[0;32mI (995994) TAG: STA connected to 24:ec:4a:04:39:15, ch=6 (sec=0)[0m
[0;33mW (996134) TAG: Low INT heap (30652B), skip FTM.[0m
[0;33mW (996134) TAG: FTM to A2 failed (ESP_ERR_NO_MEM), streak=3[0m
[0;33mW (996134) TAG: WiFi soft reset to recover buffers...[0m
[0;32mI (996384) TAG: STA connected to 24:ec:4a:04:39:15, ch=6 (sec=0)[0m
[0;32mI (996394) TAG: STA reconnected.[0m
[0;32mI (997344) TAG: STA connected to 24:ec:4a:03:56:41, ch=11 (sec=0)[0m
anchor,A3,24:ec:4a:03:56:41,ch=11
ftm_report,A3,31,31,4.650
[0;32mI (998214) TAG: STA connected to 24:ec:4a:03:58:5d, ch=1 (sec=0)[0m
anchor,A1,24:ec:4a:03:58:5d,ch=1
ftm_report,A1,4,4,0.600
[0;32mI (999074) TAG: STA connected to 24:ec:4a:04:39:15, ch=6 (sec=0)[0m
csi_data,A2,[0,0,13,-3,13,-3,13,-3,12,-3,12,-4,11,-4,11,-4,11,-5,10,-5,10,-6,9,-6,9,-6,9,-7,9,-7,9,-7,9,-8,9,-8,9,-8,10,-8,10,-7,10,-7,10,-6,10,-6,10,-5,10,-5,10,-4,0,0,0,0,0,0,0,0,0,0,0,0,0,0,0,0,0,0,0,0,0,0,13,-4,13,-3,14,-2,14,-1,14,0,15,0,14,1,14,1,14,2,13,2,13,2,13,2,13,2,13,2,13,1,12,1,13,0,12,0,13,-1,13,-1,13,-2,13,-2,13,-2,13,-3,14,-3,14,-3]
[0;33mW (999214) TAG: Low INT heap (30436B), skip FTM.[0m
[0;33mW (999214) TAG: FTM to A2 failed (ESP_ERR_NO_MEM), streak=1[0m
[0;32mI (999824) TAG: STA connected to 24:ec:4a:03:56:41, ch=11 (sec=0)[0m
[0;33mW (999964) TAG: Low INT heap (30304B), skip FTM.[0m
[0;33mW (999964) TAG: FTM to A3 failed (ESP_ERR_NO_MEM), streak=2[0m
csi_data,A3,[0,0,14,-5,13,-4,13,-4,12,-5,12,-5,12,-5,11,-5,11,-6,10,-6,10,-7,9,-7,9,-7,9,-7,9,-8,9,-7,9,-8,9,-8,9,-7,9,-7,9,-7,10,-6,10,-5,10,-5,10,-4,9,-4,9,-3,0,0,0,0,0,0,0,0,0,0,0,0,0,0,0,0,0,0,0,0,0,0,11,-6,11,-6,12,-5,13,-4,13,-4,13,-3,14,-3,14,-2,14,-2,14,-1,14,-1,13,-1,13,-1,13,-1,13,-1,13,-2,13,-2,13,-3,13,-3,13,-4,13,-4,13,-4,13,-5,14,-5,14,-5,13,-6]
[0;32mI (1000564) TAG: STA connected to 24:ec:4a:03:58:5d, ch=1 (sec=0)[0m
[0;33mW (1000704) TAG: Low INT heap (30304B), skip FTM.[0m
[0;33mW (1000704) TAG: FTM to A1 failed (ESP_ERR_NO_MEM), streak=3[0m
[0;33mW (1000704) TAG: WiFi soft reset to recover buffers...[0m
[0;32mI (1000964) TAG: STA connected to 24:ec:4a:03:58:5d, ch=1 (sec=0)[0m
[0;32mI (1000964) TAG: STA reconnected.[0m
csi_data,A1,[0,0,14,3,14,2,14,2,13,2,14,2,13,1,14,1,13,1,13,0,13,-1,13,-1,13,-2,14,-2,14,-2,14,-2,14,-2,15,-2,15,-2,15,-1,15,0,15,0,15,1,14,2,14,2,13,3,13,4,0,0,0,0,0,0,0,0,0,0,0,0,0,0,0,0,0,0,0,0,0,0,9,3,9,4,9,4,10,5,9,5,9,6,9,6,9,7,9,7,9,7,9,7,9,6,9,7,9,6,9,6,9,5,9,5,10,4,11,4,11,4,11,4,12,4,12,3,13,3,13,3,14,3]
[0;32mI (1001864) TAG: STA connected to 24:ec:4a:04:39:15, ch=6 (sec=0)[0m
[0;33mW (1002014) TAG: Low INT heap (30304B), skip FTM.[0m
[0;33mW (1002014) TAG: FTM to A2 failed (ESP_ERR_NO_MEM), streak=1[0m
[0;32mI (1002624) TAG: STA connected to 24:ec:4a:03:56:41, ch=11 (sec=0)[0m
[0;33mW (1002764) TAG: Low INT heap (30304B), skip FTM.[0m
[0;33mW (1002764) TAG: FTM to A3 failed (ESP_ERR_NO_MEM), streak=2[0m
[0;32mI (1003364) TAG: STA connected to 24:ec:4a:03:58:5d, ch=1 (sec=0)[0m
[0;33mW (1003514) TAG: Low INT heap (30304B), skip FTM.[0m
[0;33mW (1003514) TAG: FTM to A1 failed (ESP_ERR_NO_MEM), streak=3[0m
[0;33mW (1003514) TAG: WiFi soft reset to recover buffers...[0m
[0;32mI (1003764) TAG: STA connected to 24:ec:4a:03:58:5d, ch=1 (sec=0)[0m
[0;32mI (1003764) TAG: STA reconnected.[0m
[0;32mI (1004664) TAG: STA connected to 24:ec:4a:04:39:15, ch=6 (sec=0)[0m
[0;33mW (1004814) TAG: Low INT heap (30304B), skip FTM.[0m
[0;33mW (1004814) TAG: FTM to A2 failed (ESP_ERR_NO_MEM), streak=1[0m
[0;32mI (1005424) TAG: STA connected to 24:ec:4a:03:56:41, ch=11 (sec=0)[0m
[0;33mW (1005564) TAG: Low INT heap (30304B), skip FTM.[0m
[0;33mW (1005564) TAG: FTM to A3 failed (ESP_ERR_NO_MEM), streak=2[0m
[0;32mI (1006174) TAG: STA connected to 24:ec:4a:03:58:5d, ch=1 (sec=0)[0m
[0;33mW (1006314) TAG: Low INT heap (30172B), skip FTM.[0m
[0;33mW (1006314) TAG: FTM to A1 failed (ESP_ERR_NO_MEM), streak=3[0m
[0;33mW (1006314) TAG: WiFi soft reset to recover buffers...[0m
[0;32mI (1006564) TAG: STA connected to 24:ec:4a:03:58:5d, ch=1 (sec=0)[0m
[0;32mI (1006564) TAG: STA reconnected.[0m
[0;32mI (1007464) TAG: STA connected to 24:ec:4a:04:39:15, ch=6 (sec=0)[0m
[0;33mW (1007614) TAG: Low INT heap (30304B), skip FTM.[0m
[0;33mW (1007614) TAG: FTM to A2 failed (ESP_ERR_NO_MEM), streak=1[0m
[0;32mI (1008274) TAG: STA connected to 24:ec:4a:03:56:41, ch=11 (sec=0)[0m
[0;33mW (1008414) TAG: Low INT heap (30436B), skip FTM.[0m
[0;33mW (1008414) TAG: FTM to A3 failed (ESP_ERR_NO_MEM), streak=2[0m
[0;32mI (1009014) TAG: STA connected to 24:ec:4a:03:58:5d, ch=1 (sec=0)[0m
[0;33mW (1009154) TAG: Low INT heap (30436B), skip FTM.[0m
[0;33mW (1009154) TAG: FTM to A1 failed (ESP_ERR_NO_MEM), streak=3[0m
[0;33mW (1009154) TAG: WiFi soft reset to recover buffers...[0m
[0;32mI (1009404) TAG: STA connected to 24:ec:4a:03:58:5d, ch=1 (sec=0)[0m
[0;32mI (1009404) TAG: STA reconnected.[0m
[0;32mI (1010304) TAG: STA connected to 24:ec:4a:04:39:15, ch=6 (sec=0)[0m
[0;33mW (1010444) TAG: Low INT heap (30436B), skip FTM.[0m
[0;33mW (1010444) TAG: FTM to A2 failed (ESP_ERR_NO_MEM), streak=1[0m
[0;32mI (1011054) TAG: STA connected to 24:ec:4a:03:56:41, ch=11 (sec=0)[0m
[0;33mW (1011194) TAG: Low INT heap (30304B), skip FTM.[0m
[0;33mW (1011194) TAG: FTM to A3 failed (ESP_ERR_NO_MEM), streak=2[0m
[0;32mI (1011794) TAG: STA connected to 24:ec:4a:03:58:5d, ch=1 (sec=0)[0m
[0;33mW (1011934) TAG: Low INT heap (30304B), skip FTM.[0m
[0;33mW (1011934) TAG: FTM to A1 failed (ESP_ERR_NO_MEM), streak=3[0m
[0;33mW (1011934) TAG: WiFi soft reset to recover buffers...[0m
[0;32mI (1012194) TAG: STA connected to 24:ec:4a:03:58:5d, ch=1 (sec=0)[0m
[0;32mI (1012194) TAG: STA reconnected.[0m
[0;32mI (1013094) TAG: STA connected to 24:ec:4a:04:39:15, ch=6 (sec=0)[0m
[0;33mW (1013234) TAG: Low INT heap (30304B), skip FTM.[0m
[0;33mW (1013234) TAG: FTM to A2 failed (ESP_ERR_NO_MEM), streak=1[0m
[0;32mI (1013844) TAG: STA connected to 24:ec:4a:03:56:41, ch=11 (sec=0)[0m
[0;33mW (1013984) TAG: Low INT heap (30304B), skip FTM.[0m
[0;33mW (1013984) TAG: FTM to A3 failed (ESP_ERR_NO_MEM), streak=2[0m
[0;32mI (1014594) TAG: STA connected to 24:ec:4a:03:58:5d, ch=1 (sec=0)[0m
[0;33mW (1014734) TAG: Low INT heap (30304B), skip FTM.[0m
[0;33mW (1014734) TAG: FTM to A1 failed (ESP_ERR_NO_MEM), streak=3[0m
[0;33mW (1014734) TAG: WiFi soft reset to recover buffers...[0m
[0;32mI (1014994) TAG: STA connected to 24:ec:4a:03:58:5d, ch=1 (sec=0)[0m
[0;32mI (1014994) TAG: STA reconnected.[0m
[0;32mI (1015894) TAG: STA connected to 24:ec:4a:04:39:15, ch=6 (sec=0)[0m
[0;33mW (1016034) TAG: Low INT heap (30304B), skip FTM.[0m
[0;33mW (1016034) TAG: FTM to A2 failed (ESP_ERR_NO_MEM), streak=1[0m
[0;32mI (1016644) TAG: STA connected to 24:ec:4a:03:56:41, ch=11 (sec=0)[0m
[0;33mW (1016784) TAG: Low INT heap (30304B), skip FTM.[0m
[0;33mW (1016784) TAG: FTM to A3 failed (ESP_ERR_NO_MEM), streak=2[0m
[0;32mI (1017384) TAG: STA connected to 24:ec:4a:03:58:5d, ch=1 (sec=0)[0m
[0;33mW (1017524) TAG: Low INT heap (30172B), skip FTM.[0m
[0;33mW (1017524) TAG: FTM to A1 failed (ESP_ERR_NO_MEM), streak=3[0m
[0;33mW (1017524) TAG: WiFi soft reset to recover buffers...[0m
[0;32mI (1017774) TAG: STA connected to 24:ec:4a:03:58:5d, ch=1 (sec=0)[0m
[0;32mI (1017774) TAG: STA reconnected.[0m
[0;32mI (1018684) TAG: STA connected to 24:ec:4a:04:39:15, ch=6 (sec=0)[0m
[0;33mW (1018824) TAG: Low INT heap (30304B), skip FTM.[0m
[0;33mW (1018824) TAG: FTM to A2 failed (ESP_ERR_NO_MEM), streak=1[0m
[0;32mI (1019474) TAG: STA connected to 24:ec:4a:03:56:41, ch=11 (sec=0)[0m
[0;33mW (1019624) TAG: Low INT heap (30436B), skip FTM.[0m
[0;33mW (1019624) TAG: FTM to A3 failed (ESP_ERR_NO_MEM), streak=2[0m
[0;32mI (1020224) TAG: STA connected to 24:ec:4a:03:58:5d, ch=1 (sec=0)[0m
[0;33mW (1020364) TAG: Low INT heap (30436B), skip FTM.[0m
[0;33mW (1020364) TAG: FTM to A1 failed (ESP_ERR_NO_MEM), streak=3[0m
[0;33mW (1020364) TAG: WiFi soft reset to recover buffers...[0m
[0;32mI (1020614) TAG: STA connected to 24:ec:4a:03:58:5d, ch=1 (sec=0)[0m
[0;32mI (1020624) TAG: STA reconnected.[0m
[0;32mI (1021534) TAG: STA connected to 24:ec:4a:04:39:15, ch=6 (sec=0)[0m
[0;33mW (1021674) TAG: Low INT heap (30436B), skip FTM.[0m
[0;33mW (1021674) TAG: FTM to A2 failed (ESP_ERR_NO_MEM), streak=1[0m
[0;32mI (1022284) TAG: STA connected to 24:ec:4a:03:56:41, ch=11 (sec=0)[0m
[0;33mW (1022424) TAG: Low INT heap (30304B), skip FTM.[0m
[0;33mW (1022424) TAG: FTM to A3 failed (ESP_ERR_NO_MEM), streak=2[0m
[0;32mI (1023024) TAG: STA connected to 24:ec:4a:03:58:5d, ch=1 (sec=0)[0m
[0;33mW (1023164) TAG: Low INT heap (30304B), skip FTM.[0m
[0;33mW (1023164) TAG: FTM to A1 failed (ESP_ERR_NO_MEM), streak=3[0m
[0;33mW (1023164) TAG: WiFi soft reset to recover buffers...[0m
[0;32mI (1023414) TAG: STA connected to 24:ec:4a:03:58:5d, ch=1 (sec=0)[0m
[0;32mI (1023414) TAG: STA reconnected.[0m
[0;32mI (1024324) TAG: STA connected to 24:ec:4a:04:39:15, ch=6 (sec=0)[0m
[0;33mW (1024464) TAG: Low INT heap (30304B), skip FTM.[0m
[0;33mW (1024464) TAG: FTM to A2 failed (ESP_ERR_NO_MEM), streak=1[0m
[0;32mI (1025074) TAG: STA connected to 24:ec:4a:03:56:41, ch=11 (sec=0)[0m
[0;33mW (1025214) TAG: Low INT heap (30304B), skip FTM.[0m
[0;33mW (1025214) TAG: FTM to A3 failed (ESP_ERR_NO_MEM), streak=2[0m
[0;32mI (1025814) TAG: STA connected to 24:ec:4a:03:58:5d, ch=1 (sec=0)[0m
[0;33mW (1025954) TAG: Low INT heap (30172B), skip FTM.[0m
[0;33mW (1025954) TAG: FTM to A1 failed (ESP_ERR_NO_MEM), streak=3[0m
[0;33mW (1025954) TAG: WiFi soft reset to recover buffers...[0m
[0;32mI (1026204) TAG: STA connected to 24:ec:4a:03:58:5d, ch=1 (sec=0)[0m
[0;32mI (1026214) TAG: STA reconnected.[0m
[0;32mI (1027114) TAG: STA connected to 24:ec:4a:04:39:15, ch=6 (sec=0)[0m
[0;33mW (1027264) TAG: Low INT heap (30304B), skip FTM.[0m
[0;33mW (1027264) TAG: FTM to A2 failed (ESP_ERR_NO_MEM), streak=1[0m
[0;32mI (1027874) TAG: STA connected to 24:ec:4a:03:56:41, ch=11 (sec=0)[0m
[0;33mW (1028014) TAG: Low INT heap (30304B), skip FTM.[0m
[0;33mW (1028014) TAG: FTM to A3 failed (ESP_ERR_NO_MEM), streak=2[0m
[0;32mI (1028624) TAG: STA connected to 24:ec:4a:03:58:5d, ch=1 (sec=0)[0m
[0;33mW (1028764) TAG: Low INT heap (30304B), skip FTM.[0m
[0;33mW (1028764) TAG: FTM to A1 failed (ESP_ERR_NO_MEM), streak=3[0m
[0;33mW (1028764) TAG: WiFi soft reset to recover buffers...[0m
[0;32mI (1029014) TAG: STA connected to 24:ec:4a:03:58:5d, ch=1 (sec=0)[0m
[0;32mI (1029014) TAG: STA reconnected.[0m
[0;32mI (1029924) TAG: STA connected to 24:ec:4a:04:39:15, ch=6 (sec=0)[0m
[0;33mW (1030064) TAG: Low INT heap (30304B), skip FTM.[0m
[0;33mW (1030064) TAG: FTM to A2 failed (ESP_ERR_NO_MEM), streak=1[0m
[0;32mI (1030724) TAG: STA connected to 24:ec:4a:03:56:41, ch=11 (sec=0)[0m
[0;33mW (1030864) TAG: Low INT heap (30436B), skip FTM.[0m
[0;33mW (1030864) TAG: FTM to A3 failed (ESP_ERR_NO_MEM), streak=2[0m
[0;32mI (1031464) TAG: STA connected to 24:ec:4a:03:58:5d, ch=1 (sec=0)[0m
[0;33mW (1031614) TAG: Low INT heap (30436B), skip FTM.[0m
[0;33mW (1031614) TAG: FTM to A1 failed (ESP_ERR_NO_MEM), streak=3[0m
[0;33mW (1031614) TAG: WiFi soft reset to recover buffers...[0m
[0;32mI (1031904) TAG: STA connected to 24:ec:4a:03:58:5d, ch=1 (sec=0)[0m
[0;32mI (1031904) TAG: STA reconnected.[0m
[0;32mI (1032814) TAG: STA connected to 24:ec:4a:04:39:15, ch=6 (sec=0)[0m
[0;33mW (1032954) TAG: Low INT heap (30436B), skip FTM.[0m
[0;33mW (1032954) TAG: FTM to A2 failed (ESP_ERR_NO_MEM), streak=1[0m
[0;32mI (1033554) TAG: STA connected to 24:ec:4a:03:56:41, ch=11 (sec=0)[0m
[0;33mW (1033704) TAG: Low INT heap (30304B), skip FTM.[0m
[0;33mW (1033704) TAG: FTM to A3 failed (ESP_ERR_NO_MEM), streak=2[0m
[0;32mI (1034304) TAG: STA connected to 24:ec:4a:03:58:5d, ch=1 (sec=0)[0m
[0;33mW (1034444) TAG: Low INT heap (30304B), skip FTM.[0m
[0;33mW (1034444) TAG: FTM to A1 failed (ESP_ERR_NO_MEM), streak=3[0m
[0;33mW (1034444) TAG: WiFi soft reset to recover buffers...[0m
[0;32mI (1034694) TAG: STA connected to 24:ec:4a:03:58:5d, ch=1 (sec=0)[0m
[0;32mI (1034694) TAG: STA reconnected.[0m
[0;32mI (1035604) TAG: STA connected to 24:ec:4a:04:39:15, ch=6 (sec=0)[0m
[0;33mW (1035754) TAG: Low INT heap (30304B), skip FTM.[0m
[0;33mW (1035754) TAG: FTM to A2 failed (ESP_ERR_NO_MEM), streak=1[0m
[0;32mI (1036354) TAG: STA connected to 24:ec:4a:03:56:41, ch=11 (sec=0)[0m
[0;33mW (1036504) TAG: Low INT heap (30304B), skip FTM.[0m
[0;33mW (1036504) TAG: FTM to A3 failed (ESP_ERR_NO_MEM), streak=2[0m
[0;32mI (1037104) TAG: STA connected to 24:ec:4a:03:58:5d, ch=1 (sec=0)[0m
[0;33mW (1037244) TAG: Low INT heap (30172B), skip FTM.[0m
[0;33mW (1037244) TAG: FTM to A1 failed (ESP_ERR_NO_MEM), streak=3[0m
[0;33mW (1037244) TAG: WiFi soft reset to recover buffers...[0m
[0;32mI (1037494) TAG: STA connected to 24:ec:4a:03:58:5d, ch=1 (sec=0)[0m
[0;32mI (1037494) TAG: STA reconnected.[0m
[0;32mI (1038394) TAG: STA connected to 24:ec:4a:04:39:15, ch=6 (sec=0)[0m
[0;33mW (1038534) TAG: Low INT heap (30304B), skip FTM.[0m
[0;33mW (1038534) TAG: FTM to A2 failed (ESP_ERR_NO_MEM), streak=1[0m
[0;32mI (1039144) TAG: STA connected to 24:ec:4a:03:56:41, ch=11 (sec=0)[0m
[0;33mW (1039284) TAG: Low INT heap (30304B), skip FTM.[0m
[0;33mW (1039284) TAG: FTM to A3 failed (ESP_ERR_NO_MEM), streak=2[0m
[0;32mI (1039884) TAG: STA connected to 24:ec:4a:03:58:5d, ch=1 (sec=0)[0m
[0;33mW (1040034) TAG: Low INT heap (30304B), skip FTM.[0m
[0;33mW (1040034) TAG: FTM to A1 failed (ESP_ERR_NO_MEM), streak=3[0m
[0;33mW (1040034) TAG: WiFi soft reset to recover buffers...[0m
[0;32mI (1040284) TAG: STA connected to 24:ec:4a:03:58:5d, ch=1 (sec=0)[0m
[0;32mI (1040294) TAG: STA reconnected.[0m
[0;32mI (1041194) TAG: STA connected to 24:ec:4a:04:39:15, ch=6 (sec=0)[0m
[0;33mW (1041344) TAG: Low INT heap (30304B), skip FTM.[0m
[0;33mW (1041344) TAG: FTM to A2 failed (ESP_ERR_NO_MEM), streak=1[0m
[0;32mI (1042004) TAG: STA connected to 24:ec:4a:03:56:41, ch=11 (sec=0)[0m
[0;33mW (1042144) TAG: Low INT heap (30436B), skip FTM.[0m
[0;33mW (1042144) TAG: FTM to A3 failed (ESP_ERR_NO_MEM), streak=2[0m
[0;32mI (1042754) TAG: STA connected to 24:ec:4a:03:58:5d, ch=1 (sec=0)[0m
[0;33mW (1042894) TAG: Low INT heap (30436B), skip FTM.[0m
[0;33mW (1042894) TAG: FTM to A1 failed (ESP_ERR_NO_MEM), streak=3[0m
[0;33mW (1042894) TAG: WiFi soft reset to recover buffers...[0m
[0;32mI (1043144) TAG: STA connected to 24:ec:4a:03:58:5d, ch=1 (sec=0)[0m
[0;32mI (1043154) TAG: STA reconnected.[0m
[0;32mI (1044054) TAG: STA connected to 24:ec:4a:04:39:15, ch=6 (sec=0)[0m
[0;33mW (1044194) TAG: Low INT heap (30436B), skip FTM.[0m
[0;33mW (1044194) TAG: FTM to A2 failed (ESP_ERR_NO_MEM), streak=1[0m
[0;32mI (1044804) TAG: STA connected to 24:ec:4a:03:56:41, ch=11 (sec=0)[0m
[0;33mW (1044944) TAG: Low INT heap (30304B), skip FTM.[0m
[0;33mW (1044944) TAG: FTM to A3 failed (ESP_ERR_NO_MEM), streak=2[0m
[0;32mI (1045544) TAG: STA connected to 24:ec:4a:03:58:5d, ch=1 (sec=0)[0m
[0;33mW (1045684) TAG: Low INT heap (30304B), skip FTM.[0m
[0;33mW (1045684) TAG: FTM to A1 failed (ESP_ERR_NO_MEM), streak=3[0m
[0;33mW (1045684) TAG: WiFi soft reset to recover buffers...[0m
[0;32mI (1045974) TAG: STA connected to 24:ec:4a:03:58:5d, ch=1 (sec=0)[0m
[0;32mI (1045974) TAG: STA reconnected.[0m
[0;32mI (1046884) TAG: STA connected to 24:ec:4a:04:39:15, ch=6 (sec=0)[0m
[0;33mW (1047034) TAG: Low INT heap (30304B), skip FTM.[0m
[0;33mW (1047034) TAG: FTM to A2 failed (ESP_ERR_NO_MEM), streak=1[0m
[0;32mI (1047644) TAG: STA connected to 24:ec:4a:03:56:41, ch=11 (sec=0)[0m
[0;33mW (1047784) TAG: Low INT heap (30304B), skip FTM.[0m
[0;33mW (1047784) TAG: FTM to A3 failed (ESP_ERR_NO_MEM), streak=2[0m
[0;32mI (1048384) TAG: STA connected to 24:ec:4a:03:58:5d, ch=1 (sec=0)[0m
[0;33mW (1048524) TAG: Low INT heap (30172B), skip FTM.[0m
[0;33mW (1048524) TAG: FTM to A1 failed (ESP_ERR_NO_MEM), streak=3[0m
[0;33mW (1048524) TAG: WiFi soft reset to recover buffers...[0m
[0;32mI (1048774) TAG: STA connected to 24:ec:4a:03:58:5d, ch=1 (sec=0)[0m
[0;32mI (1048784) TAG: STA reconnected.[0m
[0;32mI (1049694) TAG: STA connected to 24:ec:4a:04:39:15, ch=6 (sec=0)[0m
[0;33mW (1049834) TAG: Low INT heap (30304B), skip FTM.[0m
[0;33mW (1049834) TAG: FTM to A2 failed (ESP_ERR_NO_MEM), streak=1[0m
[0;32mI (1050444) TAG: STA connected to 24:ec:4a:03:56:41, ch=11 (sec=0)[0m
[0;33mW (1050584) TAG: Low INT heap (30304B), skip FTM.[0m
[0;33mW (1050584) TAG: FTM to A3 failed (ESP_ERR_NO_MEM), streak=2[0m
[0;32mI (1051184) TAG: STA connected to 24:ec:4a:03:58:5d, ch=1 (sec=0)[0m
[0;33mW (1051324) TAG: Low INT heap (30304B), skip FTM.[0m
[0;33mW (1051324) TAG: FTM to A1 failed (ESP_ERR_NO_MEM), streak=3[0m
[0;33mW (1051324) TAG: WiFi soft reset to recover buffers...[0m
[0;32mI (1051574) TAG: STA connected to 24:ec:4a:03:58:5d, ch=1 (sec=0)[0m
[0;32mI (1051574) TAG: STA reconnected.[0m
[0;32mI (1052474) TAG: STA connected to 24:ec:4a:04:39:15, ch=6 (sec=0)[0m
[0;33mW (1052624) TAG: Low INT heap (30304B), skip FTM.[0m
[0;33mW (1052624) TAG: FTM to A2 failed (ESP_ERR_NO_MEM), streak=1[0m
[0;32mI (1053274) TAG: STA connected to 24:ec:4a:03:56:41, ch=11 (sec=0)[0m
[0;33mW (1053414) TAG: Low INT heap (30436B), skip FTM.[0m
[0;33mW (1053414) TAG: FTM to A3 failed (ESP_ERR_NO_MEM), streak=2[0m
[0;32mI (1054014) TAG: STA connected to 24:ec:4a:03:58:5d, ch=1 (sec=0)[0m
[0;33mW (1054154) TAG: Low INT heap (30436B), skip FTM.[0m
[0;33mW (1054154) TAG: FTM to A1 failed (ESP_ERR_NO_MEM), streak=3[0m
[0;33mW (1054154) TAG: WiFi soft reset to recover buffers...[0m
[0;32mI (1054404) TAG: STA connected to 24:ec:4a:03:58:5d, ch=1 (sec=0)[0m
[0;32mI (1054404) TAG: STA reconnected.[0m
[0;32mI (1055314) TAG: STA connected to 24:ec:4a:04:39:15, ch=6 (sec=0)[0m
[0;33mW (1055454) TAG: Low INT heap (30436B), skip FTM.[0m
[0;33mW (1055454) TAG: FTM to A2 failed (ESP_ERR_NO_MEM), streak=1[0m
[0;32mI (1056054) TAG: STA connected to 24:ec:4a:03:56:41, ch=11 (sec=0)[0m
[0;33mW (1056204) TAG: Low INT heap (30304B), skip FTM.[0m
[0;33mW (1056204) TAG: FTM to A3 failed (ESP_ERR_NO_MEM), streak=2[0m
[0;32mI (1056804) TAG: STA connected to 24:ec:4a:03:58:5d, ch=1 (sec=0)[0m
[0;33mW (1056944) TAG: Low INT heap (30304B), skip FTM.[0m
[0;33mW (1056944) TAG: FTM to A1 failed (ESP_ERR_NO_MEM), streak=3[0m
[0;33mW (1056944) TAG: WiFi soft reset to recover buffers...[0m
[0;32mI (1057194) TAG: STA connected to 24:ec:4a:03:58:5d, ch=1 (sec=0)[0m
[0;32mI (1057194) TAG: STA reconnected.[0m
[0;32mI (1058094) TAG: STA connected to 24:ec:4a:04:39:15, ch=6 (sec=0)[0m
[0;33mW (1058234) TAG: Low INT heap (30304B), skip FTM.[0m
[0;33mW (1058234) TAG: FTM to A2 failed (ESP_ERR_NO_MEM), streak=1[0m
[0;32mI (1058844) TAG: STA connected to 24:ec:4a:03:56:41, ch=11 (sec=0)[0m
[0;33mW (1058984) TAG: Low INT heap (30304B), skip FTM.[0m
[0;33mW (1058984) TAG: FTM to A3 failed (ESP_ERR_NO_MEM), streak=2[0m
[0;32mI (1059584) TAG: STA connected to 24:ec:4a:03:58:5d, ch=1 (sec=0)[0m
[0;33mW (1059724) TAG: Low INT heap (30172B), skip FTM.[0m
[0;33mW (1059724) TAG: FTM to A1 failed (ESP_ERR_NO_MEM), streak=3[0m
[0;33mW (1059724) TAG: WiFi soft reset to recover buffers...[0m
[0;32mI (1059974) TAG: STA connected to 24:ec:4a:03:58:5d, ch=1 (sec=0)[0m
[0;32mI (1059974) TAG: STA reconnected.[0m
[0;32mI (1060894) TAG: STA connected to 24:ec:4a:04:39:15, ch=6 (sec=0)[0m
[0;33mW (1061034) TAG: Low INT heap (30304B), skip FTM.[0m
[0;33mW (1061034) TAG: FTM to A2 failed (ESP_ERR_NO_MEM), streak=1[0m
[0;32mI (1061644) TAG: STA connected to 24:ec:4a:03:56:41, ch=11 (sec=0)[0m
[0;33mW (1061784) TAG: Low INT heap (30304B), skip FTM.[0m
[0;33mW (1061784) TAG: FTM to A3 failed (ESP_ERR_NO_MEM), streak=2[0m
[0;32mI (1062384) TAG: STA connected to 24:ec:4a:03:58:5d, ch=1 (sec=0)[0m
[0;33mW (1062534) TAG: Low INT heap (30304B), skip FTM.[0m
[0;33mW (1062534) TAG: FTM to A1 failed (ESP_ERR_NO_MEM), streak=3[0m
[0;33mW (1062534) TAG: WiFi soft reset to recover buffers...[0m
[0;32mI (1062784) TAG: STA connected to 24:ec:4a:03:58:5d, ch=1 (sec=0)[0m
[0;32mI (1062784) TAG: STA reconnected.[0m
[0;32mI (1063694) TAG: STA connected to 24:ec:4a:04:39:15, ch=6 (sec=0)[0m
[0;33mW (1063834) TAG: Low INT heap (30304B), skip FTM.[0m
[0;33mW (1063834) TAG: FTM to A2 failed (ESP_ERR_NO_MEM), streak=1[0m
[0;32mI (1064484) TAG: STA connected to 24:ec:4a:03:56:41, ch=11 (sec=0)[0m
[0;33mW (1064624) TAG: Low INT heap (30436B), skip FTM.[0m
[0;33mW (1064624) TAG: FTM to A3 failed (ESP_ERR_NO_MEM), streak=2[0m
[0;32mI (1065224) TAG: STA connected to 24:ec:4a:03:58:5d, ch=1 (sec=0)[0m
[0;33mW (1065364) TAG: Low INT heap (30436B), skip FTM.[0m
[0;33mW (1065364) TAG: FTM to A1 failed (ESP_ERR_NO_MEM), streak=3[0m
[0;33mW (1065364) TAG: WiFi soft reset to recover buffers...[0m
[0;32mI (1065614) TAG: STA connected to 24:ec:4a:03:58:5d, ch=1 (sec=0)[0m
[0;32mI (1065614) TAG: STA reconnected.[0m
[0;32mI (1066524) TAG: STA connected to 24:ec:4a:04:39:15, ch=6 (sec=0)[0m
[0;33mW (1066664) TAG: Low INT heap (30436B), skip FTM.[0m
[0;33mW (1066664) TAG: FTM to A2 failed (ESP_ERR_NO_MEM), streak=1[0m
[0;32mI (1067274) TAG: STA connected to 24:ec:4a:03:56:41, ch=11 (sec=0)[0m
[0;33mW (1067414) TAG: Low INT heap (30304B), skip FTM.[0m
[0;33mW (1067414) TAG: FTM to A3 failed (ESP_ERR_NO_MEM), streak=2[0m
[0;32mI (1068014) TAG: STA connected to 24:ec:4a:03:58:5d, ch=1 (sec=0)[0m
[0;33mW (1068164) TAG: Low INT heap (30304B), skip FTM.[0m
[0;33mW (1068164) TAG: FTM to A1 failed (ESP_ERR_NO_MEM), streak=3[0m
[0;33mW (1068164) TAG: WiFi soft reset to recover buffers...[0m
[0;32mI (1068414) TAG: STA connected to 24:ec:4a:03:58:5d, ch=1 (sec=0)[0m
[0;32mI (1068414) TAG: STA reconnected.[0m
[0;32mI (1069314) TAG: STA connected to 24:ec:4a:04:39:15, ch=6 (sec=0)[0m
[0;33mW (1069454) TAG: Low INT heap (30304B), skip FTM.[0m
[0;33mW (1069454) TAG: FTM to A2 failed (ESP_ERR_NO_MEM), streak=1[0m
[0;32mI (1070054) TAG: STA connected to 24:ec:4a:03:56:41, ch=11 (sec=0)[0m
[0;33mW (1070204) TAG: Low INT heap (30304B), skip FTM.[0m
[0;33mW (1070204) TAG: FTM to A3 failed (ESP_ERR_NO_MEM), streak=2[0m
[0;32mI (1070814) TAG: STA connected to 24:ec:4a:03:58:5d, ch=1 (sec=0)[0m
[0;33mW (1070954) TAG: Low INT heap (30172B), skip FTM.[0m
[0;33mW (1070954) TAG: FTM to A1 failed (ESP_ERR_NO_MEM), streak=3[0m
[0;33mW (1070954) TAG: WiFi soft reset to recover buffers...[0m
[0;32mI (1071204) TAG: STA connected to 24:ec:4a:03:58:5d, ch=1 (sec=0)[0m
[0;32mI (1071214) TAG: STA reconnected.[0m
[0;32mI (1072114) TAG: STA connected to 24:ec:4a:04:39:15, ch=6 (sec=0)[0m
[0;33mW (1072254) TAG: Low INT heap (30304B), skip FTM.[0m
[0;33mW (1072254) TAG: FTM to A2 failed (ESP_ERR_NO_MEM), streak=1[0m
[0;32mI (1072854) TAG: STA connected to 24:ec:4a:03:56:41, ch=11 (sec=0)[0m
[0;33mW (1073004) TAG: Low INT heap (30304B), skip FTM.[0m
[0;33mW (1073004) TAG: FTM to A3 failed (ESP_ERR_NO_MEM), streak=2[0m
[0;32mI (1073604) TAG: STA connected to 24:ec:4a:03:58:5d, ch=1 (sec=0)[0m
[0;33mW (1073744) TAG: Low INT heap (30304B), skip FTM.[0m
[0;33mW (1073744) TAG: FTM to A1 failed (ESP_ERR_NO_MEM), streak=3[0m
[0;33mW (1073744) TAG: WiFi soft reset to recover buffers...[0m
[0;32mI (1073984) TAG: STA connected to 24:ec:4a:03:58:5d, ch=1 (sec=0)[0m
[0;32mI (1073984) TAG: STA reconnected.[0m
[0;32mI (1074884) TAG: STA connected to 24:ec:4a:04:39:15, ch=6 (sec=0)[0m
[0;33mW (1075034) TAG: Low INT heap (30304B), skip FTM.[0m
[0;33mW (1075034) TAG: FTM to A2 failed (ESP_ERR_NO_MEM), streak=1[0m
[0;32mI (1075684) TAG: STA connected to 24:ec:4a:03:56:41, ch=11 (sec=0)[0m
[0;33mW (1075834) TAG: Low INT heap (30436B), skip FTM.[0m
[0;33mW (1075834) TAG: FTM to A3 failed (ESP_ERR_NO_MEM), streak=2[0m
[0;32mI (1076444) TAG: STA connected to 24:ec:4a:03:58:5d, ch=1 (sec=0)[0m
[0;33mW (1076584) TAG: Low INT heap (30436B), skip FTM.[0m
[0;33mW (1076584) TAG: FTM to A1 failed (ESP_ERR_NO_MEM), streak=3[0m
[0;33mW (1076584) TAG: WiFi soft reset to recover buffers...[0m
[0;32mI (1076834) TAG: STA connected to 24:ec:4a:03:58:5d, ch=1 (sec=0)[0m
[0;32mI (1076844) TAG: STA reconnected.[0m
[0;32mI (1077744) TAG: STA connected to 24:ec:4a:04:39:15, ch=6 (sec=0)[0m
[0;33mW (1077884) TAG: Low INT heap (30436B), skip FTM.[0m
[0;33mW (1077884) TAG: FTM to A2 failed (ESP_ERR_NO_MEM), streak=1[0m
[0;32mI (1078484) TAG: STA connected to 24:ec:4a:03:56:41, ch=11 (sec=0)[0m
[0;33mW (1078634) TAG: Low INT heap (30304B), skip FTM.[0m
[0;33mW (1078634) TAG: FTM to A3 failed (ESP_ERR_NO_MEM), streak=2[0m
[0;32mI (1079234) TAG: STA connected to 24:ec:4a:03:58:5d, ch=1 (sec=0)[0m
[0;33mW (1079374) TAG: Low INT heap (30304B), skip FTM.[0m
[0;33mW (1079374) TAG: FTM to A1 failed (ESP_ERR_NO_MEM), streak=3[0m
[0;33mW (1079374) TAG: WiFi soft reset to recover buffers...[0m
[0;32mI (1079654) TAG: STA connected to 24:ec:4a:03:58:5d, ch=1 (sec=0)[0m
[0;32mI (1079654) TAG: STA reconnected.[0m
[0;32mI (1080564) TAG: STA connected to 24:ec:4a:04:39:15, ch=6 (sec=0)[0m
[0;33mW (1080704) TAG: Low INT heap (30304B), skip FTM.[0m
[0;33mW (1080704) TAG: FTM to A2 failed (ESP_ERR_NO_MEM), streak=1[0m
[0;32mI (1081314) TAG: STA connected to 24:ec:4a:03:56:41, ch=11 (sec=0)[0m
[0;33mW (1081454) TAG: Low INT heap (30304B), skip FTM.[0m
[0;33mW (1081454) TAG: FTM to A3 failed (ESP_ERR_NO_MEM), streak=2[0m
[0;32mI (1082054) TAG: STA connected to 24:ec:4a:03:58:5d, ch=1 (sec=0)[0m
[0;33mW (1082194) TAG: Low INT heap (30172B), skip FTM.[0m
[0;33mW (1082194) TAG: FTM to A1 failed (ESP_ERR_NO_MEM), streak=3[0m
[0;33mW (1082194) TAG: WiFi soft reset to recover buffers...[0m
[0;32mI (1082444) TAG: STA connected to 24:ec:4a:03:58:5d, ch=1 (sec=0)[0m
[0;32mI (1082444) TAG: STA reconnected.[0m
[0;32mI (1083354) TAG: STA connected to 24:ec:4a:04:39:15, ch=6 (sec=0)[0m
[0;33mW (1083494) TAG: Low INT heap (30304B), skip FTM.[0m
[0;33mW (1083494) TAG: FTM to A2 failed (ESP_ERR_NO_MEM), streak=1[0m
[0;32mI (1084094) TAG: STA connected to 24:ec:4a:03:56:41, ch=11 (sec=0)[0m
[0;33mW (1084244) TAG: Low INT heap (30304B), skip FTM.[0m
[0;33mW (1084244) TAG: FTM to A3 failed (ESP_ERR_NO_MEM), streak=2[0m
[0;32mI (1084844) TAG: STA connected to 24:ec:4a:03:58:5d, ch=1 (sec=0)[0m
[0;33mW (1084984) TAG: Low INT heap (30304B), skip FTM.[0m
[0;33mW (1084984) TAG: FTM to A1 failed (ESP_ERR_NO_MEM), streak=3[0m
[0;33mW (1084984) TAG: WiFi soft reset to recover buffers...[0m
[0;32mI (1085234) TAG: STA connected to 24:ec:4a:03:58:5d, ch=1 (sec=0)[0m
[0;32mI (1085244) TAG: STA reconnected.[0m
[0;32mI (1086154) TAG: STA connected to 24:ec:4a:04:39:15, ch=6 (sec=0)[0m
[0;33mW (1086294) TAG: Low INT heap (30304B), skip FTM.[0m
[0;33mW (1086294) TAG: FTM to A2 failed (ESP_ERR_NO_MEM), streak=1[0m
[0;32mI (1086954) TAG: STA connected to 24:ec:4a:03:56:41, ch=11 (sec=0)[0m
[0;33mW (1087094) TAG: Low INT heap (30436B), skip FTM.[0m
[0;33mW (1087094) TAG: FTM to A3 failed (ESP_ERR_NO_MEM), streak=2[0m
[0;32mI (1087694) TAG: STA connected to 24:ec:4a:03:58:5d, ch=1 (sec=0)[0m
[0;33mW (1087844) TAG: Low INT heap (30436B), skip FTM.[0m
[0;33mW (1087844) TAG: FTM to A1 failed (ESP_ERR_NO_MEM), streak=3[0m
[0;33mW (1087844) TAG: WiFi soft reset to recover buffers...[0m
[0;32mI (1088094) TAG: STA connected to 24:ec:4a:03:58:5d, ch=1 (sec=0)[0m
[0;32mI (1088094) TAG: STA reconnected.[0m
[0;32mI (1088994) TAG: STA connected to 24:ec:4a:04:39:15, ch=6 (sec=0)[0m
[0;33mW (1089134) TAG: Low INT heap (30436B), skip FTM.[0m
[0;33mW (1089134) TAG: FTM to A2 failed (ESP_ERR_NO_MEM), streak=1[0m
[0;32mI (1089734) TAG: STA connected to 24:ec:4a:03:56:41, ch=11 (sec=0)[0m
[0;33mW (1089884) TAG: Low INT heap (30304B), skip FTM.[0m
[0;33mW (1089884) TAG: FTM to A3 failed (ESP_ERR_NO_MEM), streak=2[0m
[0;32mI (1090484) TAG: STA connected to 24:ec:4a:03:58:5d, ch=1 (sec=0)[0m
[0;33mW (1090634) TAG: Low INT heap (30304B), skip FTM.[0m
[0;33mW (1090634) TAG: FTM to A1 failed (ESP_ERR_NO_MEM), streak=3[0m
[0;33mW (1090634) TAG: WiFi soft reset to recover buffers...[0m
[0;32mI (1090884) TAG: STA connected to 24:ec:4a:03:58:5d, ch=1 (sec=0)[0m
[0;32mI (1090884) TAG: STA reconnected.[0m
[0;32mI (1091784) TAG: STA connected to 24:ec:4a:04:39:15, ch=6 (sec=0)[0m
[0;33mW (1091924) TAG: Low INT heap (30304B), skip FTM.[0m
[0;33mW (1091924) TAG: FTM to A2 failed (ESP_ERR_NO_MEM), streak=1[0m
[0;32mI (1092534) TAG: STA connected to 24:ec:4a:03:56:41, ch=11 (sec=0)[0m
[0;33mW (1092674) TAG: Low INT heap (30304B), skip FTM.[0m
[0;33mW (1092674) TAG: FTM to A3 failed (ESP_ERR_NO_MEM), streak=2[0m
[0;32mI (1093274) TAG: STA connected to 24:ec:4a:03:58:5d, ch=1 (sec=0)[0m
[0;33mW (1093414) TAG: Low INT heap (30172B), skip FTM.[0m
[0;33mW (1093414) TAG: FTM to A1 failed (ESP_ERR_NO_MEM), streak=3[0m
[0;33mW (1093414) TAG: WiFi soft reset to recover buffers...[0m
[0;32mI (1093664) TAG: STA connected to 24:ec:4a:03:58:5d, ch=1 (sec=0)[0m
[0;32mI (1093664) TAG: STA reconnected.[0m
[0;32mI (1094574) TAG: STA connected to 24:ec:4a:04:39:15, ch=6 (sec=0)[0m
[0;33mW (1094714) TAG: Low INT heap (30304B), skip FTM.[0m
[0;33mW (1094714) TAG: FTM to A2 failed (ESP_ERR_NO_MEM), streak=1[0m
[0;32mI (1095324) TAG: STA connected to 24:ec:4a:03:56:41, ch=11 (sec=0)[0m
[0;33mW (1095464) TAG: Low INT heap (30304B), skip FTM.[0m
[0;33mW (1095464) TAG: FTM to A3 failed (ESP_ERR_NO_MEM), streak=2[0m
[0;32mI (1096064) TAG: STA connected to 24:ec:4a:03:58:5d, ch=1 (sec=0)[0m
[0;33mW (1096204) TAG: Low INT heap (30304B), skip FTM.[0m
[0;33mW (1096204) TAG: FTM to A1 failed (ESP_ERR_NO_MEM), streak=3[0m
[0;33mW (1096204) TAG: WiFi soft reset to recover buffers...[0m
[0;32mI (1096514) TAG: STA connected to 24:ec:4a:03:58:5d, ch=1 (sec=0)[0m
[0;32mI (1096514) TAG: STA reconnected.[0m
[0;32mI (1097434) TAG: STA connected to 24:ec:4a:04:39:15, ch=6 (sec=0)[0m
[0;33mW (1097574) TAG: Low INT heap (30304B), skip FTM.[0m
[0;33mW (1097574) TAG: FTM to A2 failed (ESP_ERR_NO_MEM), streak=1[0m
[0;32mI (1098234) TAG: STA connected to 24:ec:4a:03:56:41, ch=11 (sec=0)[0m
[0;33mW (1098374) TAG: Low INT heap (30436B), skip FTM.[0m
[0;33mW (1098374) TAG: FTM to A3 failed (ESP_ERR_NO_MEM), streak=2[0m
[0;32mI (1098974) TAG: STA connected to 24:ec:4a:03:58:5d, ch=1 (sec=0)[0m
[0;33mW (1099114) TAG: Low INT heap (30436B), skip FTM.[0m
[0;33mW (1099114) TAG: FTM to A1 failed (ESP_ERR_NO_MEM), streak=3[0m
[0;33mW (1099114) TAG: WiFi soft reset to recover buffers...[0m
[0;32mI (1099364) TAG: STA connected to 24:ec:4a:03:58:5d, ch=1 (sec=0)[0m
[0;32mI (1099364) TAG: STA reconnected.[0m
[0;32mI (1100274) TAG: STA connected to 24:ec:4a:04:39:15, ch=6 (sec=0)[0m
[0;33mW (1100414) TAG: Low INT heap (30436B), skip FTM.[0m
[0;33mW (1100414) TAG: FTM to A2 failed (ESP_ERR_NO_MEM), streak=1[0m
[0;32mI (1101014) TAG: STA connected to 24:ec:4a:03:56:41, ch=11 (sec=0)[0m
[0;33mW (1101164) TAG: Low INT heap (30304B), skip FTM.[0m
[0;33mW (1101164) TAG: FTM to A3 failed (ESP_ERR_NO_MEM), streak=2[0m
[0;32mI (1101764) TAG: STA connected to 24:ec:4a:03:58:5d, ch=1 (sec=0)[0m
[0;33mW (1101904) TAG: Low INT heap (30304B), skip FTM.[0m
[0;33mW (1101904) TAG: FTM to A1 failed (ESP_ERR_NO_MEM), streak=3[0m
[0;33mW (1101904) TAG: WiFi soft reset to recover buffers...[0m
[0;32mI (1102144) TAG: STA connected to 24:ec:4a:03:58:5d, ch=1 (sec=0)[0m
[0;32mI (1102144) TAG: STA reconnected.[0m
[0;32mI (1103044) TAG: STA connected to 24:ec:4a:04:39:15, ch=6 (sec=0)[0m
[0;33mW (1103194) TAG: Low INT heap (30304B), skip FTM.[0m
[0;33mW (1103194) TAG: FTM to A2 failed (ESP_ERR_NO_MEM), streak=1[0m
[0;32mI (1103804) TAG: STA connected to 24:ec:4a:03:56:41, ch=11 (sec=0)[0m
[0;33mW (1103944) TAG: Low INT heap (30304B), skip FTM.[0m
[0;33mW (1103944) TAG: FTM to A3 failed (ESP_ERR_NO_MEM), streak=2[0m
[0;32mI (1104544) TAG: STA connected to 24:ec:4a:03:58:5d, ch=1 (sec=0)[0m
[0;33mW (1104684) TAG: Low INT heap (30172B), skip FTM.[0m
[0;33mW (1104684) TAG: FTM to A1 failed (ESP_ERR_NO_MEM), streak=3[0m
[0;33mW (1104684) TAG: WiFi soft reset to recover buffers...[0m
[0;32mI (1104934) TAG: STA connected to 24:ec:4a:03:58:5d, ch=1 (sec=0)[0m
[0;32mI (1104934) TAG: STA reconnected.[0m
[0;32mI (1105834) TAG: STA connected to 24:ec:4a:04:39:15, ch=6 (sec=0)[0m
[0;33mW (1105974) TAG: Low INT heap (30304B), skip FTM.[0m
[0;33mW (1105974) TAG: FTM to A2 failed (ESP_ERR_NO_MEM), streak=1[0m
[0;32mI (1106584) TAG: STA connected to 24:ec:4a:03:56:41, ch=11 (sec=0)[0m
[0;33mW (1106724) TAG: Low INT heap (30304B), skip FTM.[0m
[0;33mW (1106724) TAG: FTM to A3 failed (ESP_ERR_NO_MEM), streak=2[0m
[0;32mI (1107324) TAG: STA connected to 24:ec:4a:03:58:5d, ch=1 (sec=0)[0m
[0;33mW (1107464) TAG: Low INT heap (30304B), skip FTM.[0m
[0;33mW (1107464) TAG: FTM to A1 failed (ESP_ERR_NO_MEM), streak=3[0m
[0;33mW (1107464) TAG: WiFi soft reset to recover buffers...[0m
[0;32mI (1107724) TAG: STA connected to 24:ec:4a:03:58:5d, ch=1 (sec=0)[0m
[0;32mI (1107724) TAG: STA reconnected.[0m
[0;32mI (1108634) TAG: STA connected to 24:ec:4a:04:39:15, ch=6 (sec=0)[0m
[0;33mW (1108774) TAG: Low INT heap (30304B), skip FTM.[0m
[0;33mW (1108774) TAG: FTM to A2 failed (ESP_ERR_NO_MEM), streak=1[0m
[0;32mI (1109424) TAG: STA connected to 24:ec:4a:03:56:41, ch=11 (sec=0)[0m
[0;33mW (1109574) TAG: Low INT heap (30436B), skip FTM.[0m
[0;33mW (1109574) TAG: FTM to A3 failed (ESP_ERR_NO_MEM), streak=2[0m
[0;32mI (1110174) TAG: STA connected to 24:ec:4a:03:58:5d, ch=1 (sec=0)[0m
[0;33mW (1110314) TAG: Low INT heap (30436B), skip FTM.[0m
[0;33mW (1110314) TAG: FTM to A1 failed (ESP_ERR_NO_MEM), streak=3[0m
[0;33mW (1110314) TAG: WiFi soft reset to recover buffers...[0m
[0;32mI (1110564) TAG: STA connected to 24:ec:4a:03:58:5d, ch=1 (sec=0)[0m
[0;32mI (1110574) TAG: STA reconnected.[0m
[0;32mI (1111474) TAG: STA connected to 24:ec:4a:04:39:15, ch=6 (sec=0)[0m
[0;33mW (1111614) TAG: Low INT heap (30436B), skip FTM.[0m
[0;33mW (1111614) TAG: FTM to A2 failed (ESP_ERR_NO_MEM), streak=1[0m
[0;32mI (1112224) TAG: STA connected to 24:ec:4a:03:56:41, ch=11 (sec=0)[0m
[0;33mW (1112364) TAG: Low INT heap (30304B), skip FTM.[0m
[0;33mW (1112364) TAG: FTM to A3 failed (ESP_ERR_NO_MEM), streak=2[0m
[0;32mI (1112964) TAG: STA connected to 24:ec:4a:03:58:5d, ch=1 (sec=0)[0m
[0;33mW (1113104) TAG: Low INT heap (30304B), skip FTM.[0m
[0;33mW (1113104) TAG: FTM to A1 failed (ESP_ERR_NO_MEM), streak=3[0m
[0;33mW (1113104) TAG: WiFi soft reset to recover buffers...[0m
[0;32mI (1113354) TAG: STA connected to 24:ec:4a:03:58:5d, ch=1 (sec=0)[0m
[0;32mI (1113364) TAG: STA reconnected.[0m
[0;32mI (1114264) TAG: STA connected to 24:ec:4a:04:39:15, ch=6 (sec=0)[0m
[0;33mW (1114404) TAG: Low INT heap (30304B), skip FTM.[0m
[0;33mW (1114404) TAG: FTM to A2 failed (ESP_ERR_NO_MEM), streak=1[0m
[0;32mI (1115014) TAG: STA connected to 24:ec:4a:03:56:41, ch=11 (sec=0)[0m
[0;33mW (1115154) TAG: Low INT heap (30304B), skip FTM.[0m
[0;33mW (1115154) TAG: FTM to A3 failed (ESP_ERR_NO_MEM), streak=2[0m
[0;32mI (1115754) TAG: STA connected to 24:ec:4a:03:58:5d, ch=1 (sec=0)[0m
[0;33mW (1115894) TAG: Low INT heap (30172B), skip FTM.[0m
[0;33mW (1115894) TAG: FTM to A1 failed (ESP_ERR_NO_MEM), streak=3[0m
[0;33mW (1115894) TAG: WiFi soft reset to recover buffers...[0m
[0;32mI (1116154) TAG: STA connected to 24:ec:4a:03:58:5d, ch=1 (sec=0)[0m
[0;32mI (1116154) TAG: STA reconnected.[0m
[0;32mI (1117064) TAG: STA connected to 24:ec:4a:04:39:15, ch=6 (sec=0)[0m
[0;33mW (1117204) TAG: Low INT heap (30304B), skip FTM.[0m
[0;33mW (1117204) TAG: FTM to A2 failed (ESP_ERR_NO_MEM), streak=1[0m
[0;32mI (1117824) TAG: STA connected to 24:ec:4a:03:56:41, ch=11 (sec=0)[0m
[0;33mW (1117964) TAG: Low INT heap (30304B), skip FTM.[0m
[0;33mW (1117964) TAG: FTM to A3 failed (ESP_ERR_NO_MEM), streak=2[0m
[0;32mI (1118564) TAG: STA connected to 24:ec:4a:03:58:5d, ch=1 (sec=0)[0m
[0;33mW (1118704) TAG: Low INT heap (30304B), skip FTM.[0m
[0;33mW (1118704) TAG: FTM to A1 failed (ESP_ERR_NO_MEM), streak=3[0m
[0;33mW (1118704) TAG: WiFi soft reset to recover buffers...[0m
[0;32mI (1118954) TAG: STA connected to 24:ec:4a:03:58:5d, ch=1 (sec=0)[0m
[0;32mI (1118954) TAG: STA reconnected.[0m
[0;32mI (1119854) TAG: STA connected to 24:ec:4a:04:39:15, ch=6 (sec=0)[0m
[0;33mW (1119994) TAG: Low INT heap (30304B), skip FTM.[0m
[0;33mW (1119994) TAG: FTM to A2 failed (ESP_ERR_NO_MEM), streak=1[0m
[0;32mI (1120654) TAG: STA connected to 24:ec:4a:03:56:41, ch=11 (sec=0)[0m
[0;33mW (1120794) TAG: Low INT heap (30436B), skip FTM.[0m
[0;33mW (1120794) TAG: FTM to A3 failed (ESP_ERR_NO_MEM), streak=2[0m
[0;32mI (1121394) TAG: STA connected to 24:ec:4a:03:58:5d, ch=1 (sec=0)[0m
[0;33mW (1121534) TAG: Low INT heap (30436B), skip FTM.[0m
[0;33mW (1121534) TAG: FTM to A1 failed (ESP_ERR_NO_MEM), streak=3[0m
[0;33mW (1121534) TAG: WiFi soft reset to recover buffers...[0m
[0;32mI (1121784) TAG: STA connected to 24:ec:4a:03:58:5d, ch=1 (sec=0)[0m
[0;32mI (1121784) TAG: STA reconnected.[0m
[0;32mI (1122694) TAG: STA connected to 24:ec:4a:04:39:15, ch=6 (sec=0)[0m
[0;33mW (1122834) TAG: Low INT heap (30436B), skip FTM.[0m
[0;33mW (1122834) TAG: FTM to A2 failed (ESP_ERR_NO_MEM), streak=1[0m
[0;32mI (1123444) TAG: STA connected to 24:ec:4a:03:56:41, ch=11 (sec=0)[0m
[0;33mW (1123584) TAG: Low INT heap (30304B), skip FTM.[0m
[0;33mW (1123584) TAG: FTM to A3 failed (ESP_ERR_NO_MEM), streak=2[0m
[0;32mI (1124194) TAG: STA connected to 24:ec:4a:03:58:5d, ch=1 (sec=0)[0m
[0;33mW (1124334) TAG: Low INT heap (30304B), skip FTM.[0m
[0;33mW (1124334) TAG: FTM to A1 failed (ESP_ERR_NO_MEM), streak=3[0m
[0;33mW (1124334) TAG: WiFi soft reset to recover buffers...[0m
[0;32mI (1124584) TAG: STA connected to 24:ec:4a:03:58:5d, ch=1 (sec=0)[0m
[0;32mI (1124584) TAG: STA reconnected.[0m
[0;32mI (1125484) TAG: STA connected to 24:ec:4a:04:39:15, ch=6 (sec=0)[0m
[0;33mW (1125634) TAG: Low INT heap (30304B), skip FTM.[0m
[0;33mW (1125634) TAG: FTM to A2 failed (ESP_ERR_NO_MEM), streak=1[0m
[0;32mI (1126244) TAG: STA connected to 24:ec:4a:03:56:41, ch=11 (sec=0)[0m
[0;33mW (1126384) TAG: Low INT heap (30116B), skip FTM.[0m
[0;33mW (1126384) TAG: FTM to A3 failed (ESP_ERR_NO_MEM), streak=2[0m
[0;32mI (1126984) TAG: STA connected to 24:ec:4a:03:58:5d, ch=1 (sec=0)[0m
[0;33mW (1127124) TAG: Low INT heap (30172B), skip FTM.[0m
[0;33mW (1127124) TAG: FTM to A1 failed (ESP_ERR_NO_MEM), streak=3[0m
[0;33mW (1127124) TAG: WiFi soft reset to recover buffers...[0m
[0;32mI (1127374) TAG: STA connected to 24:ec:4a:03:58:5d, ch=1 (sec=0)[0m
[0;32mI (1127384) TAG: STA reconnected.[0m
[0;32mI (1128284) TAG: STA connected to 24:ec:4a:04:39:15, ch=6 (sec=0)[0m
[0;33mW (1128434) TAG: Low INT heap (30304B), skip FTM.[0m
[0;33mW (1128434) TAG: FTM to A2 failed (ESP_ERR_NO_MEM), streak=1[0m
[0;32mI (1129034) TAG: STA connected to 24:ec:4a:03:56:41, ch=11 (sec=0)[0m
[0;33mW (1129184) TAG: Low INT heap (30304B), skip FTM.[0m
[0;33mW (1129184) TAG: FTM to A3 failed (ESP_ERR_NO_MEM), streak=2[0m
[0;32mI (1129794) TAG: STA connected to 24:ec:4a:03:58:5d, ch=1 (sec=0)[0m
[0;33mW (1129934) TAG: Low INT heap (30304B), skip FTM.[0m
[0;33mW (1129934) TAG: FTM to A1 failed (ESP_ERR_NO_MEM), streak=3[0m
[0;33mW (1129934) TAG: WiFi soft reset to recover buffers...[0m
[0;32mI (1130194) TAG: STA connected to 24:ec:4a:03:58:5d, ch=1 (sec=0)[0m
[0;32mI (1130194) TAG: STA reconnected.[0m
[0;32mI (1131094) TAG: STA connected to 24:ec:4a:04:39:15, ch=6 (sec=0)[0m
[0;33mW (1131244) TAG: Low INT heap (30304B), skip FTM.[0m
[0;33mW (1131244) TAG: FTM to A2 failed (ESP_ERR_NO_MEM), streak=1[0m
[0;32mI (1131904) TAG: STA connected to 24:ec:4a:03:56:41, ch=11 (sec=0)[0m
[0;33mW (1132044) TAG: Low INT heap (30436B), skip FTM.[0m
[0;33mW (1132044) TAG: FTM to A3 failed (ESP_ERR_NO_MEM), streak=2[0m
[0;32mI (1132644) TAG: STA connected to 24:ec:4a:03:58:5d, ch=1 (sec=0)[0m
[0;33mW (1132784) TAG: Low INT heap (30436B), skip FTM.[0m
[0;33mW (1132784) TAG: FTM to A1 failed (ESP_ERR_NO_MEM), streak=3[0m
[0;33mW (1132784) TAG: WiFi soft reset to recover buffers...[0m
[0;32mI (1133034) TAG: STA connected to 24:ec:4a:03:58:5d, ch=1 (sec=0)[0m
[0;32mI (1133034) TAG: STA reconnected.[0m
[0;32mI (1133944) TAG: STA connected to 24:ec:4a:04:39:15, ch=6 (sec=0)[0m
[0;33mW (1134084) TAG: Low INT heap (30436B), skip FTM.[0m
[0;33mW (1134084) TAG: FTM to A2 failed (ESP_ERR_NO_MEM), streak=1[0m
[0;32mI (1134694) TAG: STA connected to 24:ec:4a:03:56:41, ch=11 (sec=0)[0m
[0;33mW (1134834) TAG: Low INT heap (30304B), skip FTM.[0m
[0;33mW (1134834) TAG: FTM to A3 failed (ESP_ERR_NO_MEM), streak=2[0m
[0;32mI (1135434) TAG: STA connected to 24:ec:4a:03:58:5d, ch=1 (sec=0)[0m
[0;33mW (1135574) TAG: Low INT heap (30304B), skip FTM.[0m
[0;33mW (1135574) TAG: FTM to A1 failed (ESP_ERR_NO_MEM), streak=3[0m
[0;33mW (1135574) TAG: WiFi soft reset to recover buffers...[0m
[0;32mI (1135824) TAG: STA connected to 24:ec:4a:03:58:5d, ch=1 (sec=0)[0m
[0;32mI (1135824) TAG: STA reconnected.[0m
[0;32mI (1136734) TAG: STA connected to 24:ec:4a:04:39:15, ch=6 (sec=0)[0m
[0;33mW (1136874) TAG: Low INT heap (30304B), skip FTM.[0m
[0;33mW (1136874) TAG: FTM to A2 failed (ESP_ERR_NO_MEM), streak=1[0m
[0;32mI (1137484) TAG: STA connected to 24:ec:4a:03:56:41, ch=11 (sec=0)[0m
[0;33mW (1137624) TAG: Low INT heap (30304B), skip FTM.[0m
[0;33mW (1137624) TAG: FTM to A3 failed (ESP_ERR_NO_MEM), streak=2[0m
[0;32mI (1138224) TAG: STA connected to 24:ec:4a:03:58:5d, ch=1 (sec=0)[0m
[0;33mW (1138364) TAG: Low INT heap (30172B), skip FTM.[0m
[0;33mW (1138364) TAG: FTM to A1 failed (ESP_ERR_NO_MEM), streak=3[0m
[0;33mW (1138364) TAG: WiFi soft reset to recover buffers...[0m
[0;32mI (1138614) TAG: STA connected to 24:ec:4a:03:58:5d, ch=1 (sec=0)[0m
[0;32mI (1138614) TAG: STA reconnected.[0m
[0;32mI (1139514) TAG: STA connected to 24:ec:4a:04:39:15, ch=6 (sec=0)[0m
[0;33mW (1139654) TAG: Low INT heap (30304B), skip FTM.[0m
[0;33mW (1139654) TAG: FTM to A2 failed (ESP_ERR_NO_MEM), streak=1[0m
[0;32mI (1140254) TAG: STA connected to 24:ec:4a:03:56:41, ch=11 (sec=0)[0m
[0;33mW (1140404) TAG: Low INT heap (30304B), skip FTM.[0m
[0;33mW (1140404) TAG: FTM to A3 failed (ESP_ERR_NO_MEM), streak=2[0m
[0;32mI (1141004) TAG: STA connected to 24:ec:4a:03:58:5d, ch=1 (sec=0)[0m
[0;33mW (1141154) TAG: Low INT heap (30304B), skip FTM.[0m
[0;33mW (1141154) TAG: FTM to A1 failed (ESP_ERR_NO_MEM), streak=3[0m
[0;33mW (1141154) TAG: WiFi soft reset to recover buffers...[0m
[0;32mI (1141404) TAG: STA connected to 24:ec:4a:03:58:5d, ch=1 (sec=0)[0m
[0;32mI (1141414) TAG: STA reconnected.[0m
[0;32mI (1142324) TAG: STA connected to 24:ec:4a:04:39:15, ch=6 (sec=0)[0m
[0;33mW (1142464) TAG: Low INT heap (30304B), skip FTM.[0m
[0;33mW (1142464) TAG: FTM to A2 failed (ESP_ERR_NO_MEM), streak=1[0m
[0;32mI (1143124) TAG: STA connected to 24:ec:4a:03:56:41, ch=11 (sec=0)[0m
[0;33mW (1143264) TAG: Low INT heap (30436B), skip FTM.[0m
[0;33mW (1143264) TAG: FTM to A3 failed (ESP_ERR_NO_MEM), streak=2[0m
[0;32mI (1143864) TAG: STA connected to 24:ec:4a:03:58:5d, ch=1 (sec=0)[0m
[0;33mW (1144004) TAG: Low INT heap (30436B), skip FTM.[0m
[0;33mW (1144004) TAG: FTM to A1 failed (ESP_ERR_NO_MEM), streak=3[0m
[0;33mW (1144004) TAG: WiFi soft reset to recover buffers...[0m
[0;32mI (1144254) TAG: STA connected to 24:ec:4a:03:58:5d, ch=1 (sec=0)[0m
[0;32mI (1144254) TAG: STA reconnected.[0m
[0;32mI (1145164) TAG: STA connected to 24:ec:4a:04:39:15, ch=6 (sec=0)[0m
[0;33mW (1145304) TAG: Low INT heap (30436B), skip FTM.[0m
[0;33mW (1145304) TAG: FTM to A2 failed (ESP_ERR_NO_MEM), streak=1[0m
[0;32mI (1145914) TAG: STA connected to 24:ec:4a:03:56:41, ch=11 (sec=0)[0m
[0;33mW (1146054) TAG: Low INT heap (30304B), skip FTM.[0m
[0;33mW (1146054) TAG: FTM to A3 failed (ESP_ERR_NO_MEM), streak=2[0m
[0;32mI (1146654) TAG: STA connected to 24:ec:4a:03:58:5d, ch=1 (sec=0)[0m
[0;33mW (1146794) TAG: Low INT heap (30304B), skip FTM.[0m
[0;33mW (1146794) TAG: FTM to A1 failed (ESP_ERR_NO_MEM), streak=3[0m
[0;33mW (1146794) TAG: WiFi soft reset to recover buffers...[0m
[0;32mI (1147054) TAG: STA connected to 24:ec:4a:03:58:5d, ch=1 (sec=0)[0m
[0;32mI (1147054) TAG: STA reconnected.[0m
[0;32mI (1147964) TAG: STA connected to 24:ec:4a:04:39:15, ch=6 (sec=0)[0m
[0;33mW (1148104) TAG: Low INT heap (30304B), skip FTM.[0m
[0;33mW (1148104) TAG: FTM to A2 failed (ESP_ERR_NO_MEM), streak=1[0m
[0;32mI (1148714) TAG: STA connected to 24:ec:4a:03:56:41, ch=11 (sec=0)[0m
[0;33mW (1148854) TAG: Low INT heap (30304B), skip FTM.[0m
[0;33mW (1148854) TAG: FTM to A3 failed (ESP_ERR_NO_MEM), streak=2[0m
[0;32mI (1149454) TAG: STA connected to 24:ec:4a:03:58:5d, ch=1 (sec=0)[0m
[0;33mW (1149594) TAG: Low INT heap (30172B), skip FTM.[0m
[0;33mW (1149594) TAG: FTM to A1 failed (ESP_ERR_NO_MEM), streak=3[0m
[0;33mW (1149594) TAG: WiFi soft reset to recover buffers...[0m
[0;32mI (1149854) TAG: STA connected to 24:ec:4a:03:58:5d, ch=1 (sec=0)[0m
[0;32mI (1149854) TAG: STA reconnected.[0m
[0;32mI (1150764) TAG: STA connected to 24:ec:4a:04:39:15, ch=6 (sec=0)[0m
[0;33mW (1150904) TAG: Low INT heap (30304B), skip FTM.[0m
[0;33mW (1150904) TAG: FTM to A2 failed (ESP_ERR_NO_MEM), streak=1[0m
[0;32mI (1151504) TAG: STA connected to 24:ec:4a:03:56:41, ch=11 (sec=0)[0m
[0;33mW (1151654) TAG: Low INT heap (30304B), skip FTM.[0m
[0;33mW (1151654) TAG: FTM to A3 failed (ESP_ERR_NO_MEM), streak=2[0m
[0;32mI (1152254) TAG: STA connected to 24:ec:4a:03:58:5d, ch=1 (sec=0)[0m
[0;33mW (1152394) TAG: Low INT heap (30304B), skip FTM.[0m
[0;33mW (1152394) TAG: FTM to A1 failed (ESP_ERR_NO_MEM), streak=3[0m
[0;33mW (1152394) TAG: WiFi soft reset to recover buffers...[0m
[0;32mI (1152644) TAG: STA connected to 24:ec:4a:03:58:5d, ch=1 (sec=0)[0m
[0;32mI (1152644) TAG: STA reconnected.[0m
[0;32mI (1153544) TAG: STA connected to 24:ec:4a:04:39:15, ch=6 (sec=0)[0m
[0;33mW (1153684) TAG: Low INT heap (30304B), skip FTM.[0m
[0;33mW (1153684) TAG: FTM to A2 failed (ESP_ERR_NO_MEM), streak=1[0m
[0;32mI (1154344) TAG: STA connected to 24:ec:4a:03:56:41, ch=11 (sec=0)[0m
[0;33mW (1154484) TAG: Low INT heap (30436B), skip FTM.[0m
[0;33mW (1154484) TAG: FTM to A3 failed (ESP_ERR_NO_MEM), streak=2[0m
[0;32mI (1155084) TAG: STA connected to 24:ec:4a:03:58:5d, ch=1 (sec=0)[0m
[0;33mW (1155224) TAG: Low INT heap (30436B), skip FTM.[0m
[0;33mW (1155224) TAG: FTM to A1 failed (ESP_ERR_NO_MEM), streak=3[0m
[0;33mW (1155224) TAG: WiFi soft reset to recover buffers...[0m
[0;32mI (1155474) TAG: STA connected to 24:ec:4a:03:58:5d, ch=1 (sec=0)[0m
[0;32mI (1155474) TAG: STA reconnected.[0m
[0;32mI (1156394) TAG: STA connected to 24:ec:4a:04:39:15, ch=6 (sec=0)[0m
[0;33mW (1156534) TAG: Low INT heap (30436B), skip FTM.[0m
[0;33mW (1156534) TAG: FTM to A2 failed (ESP_ERR_NO_MEM), streak=1[0m
[0;32mI (1157144) TAG: STA connected to 24:ec:4a:03:56:41, ch=11 (sec=0)[0m
[0;33mW (1157284) TAG: Low INT heap (30304B), skip FTM.[0m
[0;33mW (1157284) TAG: FTM to A3 failed (ESP_ERR_NO_MEM), streak=2[0m
[0;32mI (1157884) TAG: STA connected to 24:ec:4a:03:58:5d, ch=1 (sec=0)[0m
[0;33mW (1158024) TAG: Low INT heap (30304B), skip FTM.[0m
[0;33mW (1158024) TAG: FTM to A1 failed (ESP_ERR_NO_MEM), streak=3[0m
[0;33mW (1158024) TAG: WiFi soft reset to recover buffers...[0m
[0;32mI (1158274) TAG: STA connected to 24:ec:4a:03:58:5d, ch=1 (sec=0)[0m
[0;32mI (1158274) TAG: STA reconnected.[0m
[0;32mI (1159184) TAG: STA connected to 24:ec:4a:04:39:15, ch=6 (sec=0)[0m
[0;33mW (1159324) TAG: Low INT heap (30304B), skip FTM.[0m
[0;33mW (1159324) TAG: FTM to A2 failed (ESP_ERR_NO_MEM), streak=1[0m
[0;32mI (1159934) TAG: STA connected to 24:ec:4a:03:56:41, ch=11 (sec=0)[0m
[0;33mW (1160074) TAG: Low INT heap (30304B), skip FTM.[0m
[0;33mW (1160074) TAG: FTM to A3 failed (ESP_ERR_NO_MEM), streak=2[0m
[0;32mI (1160674) TAG: STA connected to 24:ec:4a:03:58:5d, ch=1 (sec=0)[0m
[0;33mW (1160814) TAG: Low INT heap (30172B), skip FTM.[0m
[0;33mW (1160814) TAG: FTM to A1 failed (ESP_ERR_NO_MEM), streak=3[0m
[0;33mW (1160814) TAG: WiFi soft reset to recover buffers...[0m
[0;32mI (1161074) TAG: STA connected to 24:ec:4a:03:58:5d, ch=1 (sec=0)[0m
[0;32mI (1161074) TAG: STA reconnected.[0m
[0;32mI (1161984) TAG: STA connected to 24:ec:4a:04:39:15, ch=6 (sec=0)[0m
[0;33mW (1162124) TAG: Low INT heap (30304B), skip FTM.[0m
[0;33mW (1162124) TAG: FTM to A2 failed (ESP_ERR_NO_MEM), streak=1[0m
[0;32mI (1162734) TAG: STA connected to 24:ec:4a:03:56:41, ch=11 (sec=0)[0m
[0;33mW (1162874) TAG: Low INT heap (30304B), skip FTM.[0m
[0;33mW (1162874) TAG: FTM to A3 failed (ESP_ERR_NO_MEM), streak=2[0m
[0;32mI (1163474) TAG: STA connected to 24:ec:4a:03:58:5d, ch=1 (sec=0)[0m
[0;33mW (1163624) TAG: Low INT heap (30304B), skip FTM.[0m
[0;33mW (1163624) TAG: FTM to A1 failed (ESP_ERR_NO_MEM), streak=3[0m
[0;33mW (1163624) TAG: WiFi soft reset to recover buffers...[0m
[0;32mI (1163874) TAG: STA connected to 24:ec:4a:03:58:5d, ch=1 (sec=0)[0m
[0;32mI (1163874) TAG: STA reconnected.[0m
[0;32mI (1164804) TAG: STA connected to 24:ec:4a:04:39:15, ch=6 (sec=0)[0m
[0;33mW (1164944) TAG: Low INT heap (30304B), skip FTM.[0m
[0;33mW (1164944) TAG: FTM to A2 failed (ESP_ERR_NO_MEM), streak=1[0m
[0;32mI (1165594) TAG: STA connected to 24:ec:4a:03:56:41, ch=11 (sec=0)[0m
[0;33mW (1165744) TAG: Low INT heap (30436B), skip FTM.[0m
[0;33mW (1165744) TAG: FTM to A3 failed (ESP_ERR_NO_MEM), streak=2[0m
[0;32mI (1166344) TAG: STA connected to 24:ec:4a:03:58:5d, ch=1 (sec=0)[0m
[0;33mW (1166484) TAG: Low INT heap (30436B), skip FTM.[0m
[0;33mW (1166484) TAG: FTM to A1 failed (ESP_ERR_NO_MEM), streak=3[0m
[0;33mW (1166484) TAG: WiFi soft reset to recover buffers...[0m
[0;32mI (1166734) TAG: STA connected to 24:ec:4a:03:58:5d, ch=1 (sec=0)[0m
[0;32mI (1166734) TAG: STA reconnected.[0m
[0;32mI (1167654) TAG: STA connected to 24:ec:4a:04:39:15, ch=6 (sec=0)[0m
[0;33mW (1167804) TAG: Low INT heap (30436B), skip FTM.[0m
[0;33mW (1167804) TAG: FTM to A2 failed (ESP_ERR_NO_MEM), streak=1[0m
[0;32mI (1168414) TAG: STA connected to 24:ec:4a:03:56:41, ch=11 (sec=0)[0m
[0;33mW (1168554) TAG: Low INT heap (30304B), skip FTM.[0m
[0;33mW (1168554) TAG: FTM to A3 failed (ESP_ERR_NO_MEM), streak=2[0m
[0;32mI (1169154) TAG: STA connected to 24:ec:4a:03:58:5d, ch=1 (sec=0)[0m
[0;33mW (1169304) TAG: Low INT heap (30304B), skip FTM.[0m
[0;33mW (1169304) TAG: FTM to A1 failed (ESP_ERR_NO_MEM), streak=3[0m
[0;33mW (1169304) TAG: WiFi soft reset to recover buffers...[0m
[0;32mI (1169554) TAG: STA connected to 24:ec:4a:03:58:5d, ch=1 (sec=0)[0m
[0;32mI (1169564) TAG: STA reconnected.[0m
[0;32mI (1170464) TAG: STA connected to 24:ec:4a:04:39:15, ch=6 (sec=0)[0m
[0;33mW (1170614) TAG: Low INT heap (30304B), skip FTM.[0m
[0;33mW (1170614) TAG: FTM to A2 failed (ESP_ERR_NO_MEM), streak=1[0m
[0;32mI (1171224) TAG: STA connected to 24:ec:4a:03:56:41, ch=11 (sec=0)[0m
[0;33mW (1171364) TAG: Low INT heap (30304B), skip FTM.[0m
[0;33mW (1171364) TAG: FTM to A3 failed (ESP_ERR_NO_MEM), streak=2[0m
[0;32mI (1171964) TAG: STA connected to 24:ec:4a:03:58:5d, ch=1 (sec=0)[0m
[0;33mW (1172114) TAG: Low INT heap (30172B), skip FTM.[0m
[0;33mW (1172114) TAG: FTM to A1 failed (ESP_ERR_NO_MEM), streak=3[0m
[0;33mW (1172114) TAG: WiFi soft reset to recover buffers...[0m
[0;32mI (1172364) TAG: STA connected to 24:ec:4a:03:58:5d, ch=1 (sec=0)[0m
[0;32mI (1172364) TAG: STA reconnected.[0m
[0;32mI (1173274) TAG: STA connected to 24:ec:4a:04:39:15, ch=6 (sec=0)[0m
[0;33mW (1173414) TAG: Low INT heap (30304B), skip FTM.[0m
[0;33mW (1173414) TAG: FTM to A2 failed (ESP_ERR_NO_MEM), streak=1[0m
[0;32mI (1174044) TAG: STA connected to 24:ec:4a:03:56:41, ch=11 (sec=0)[0m
[0;33mW (1174184) TAG: Low INT heap (30304B), skip FTM.[0m
[0;33mW (1174184) TAG: FTM to A3 failed (ESP_ERR_NO_MEM), streak=2[0m
[0;32mI (1174784) TAG: STA connected to 24:ec:4a:03:58:5d, ch=1 (sec=0)[0m
[0;33mW (1174924) TAG: Low INT heap (30304B), skip FTM.[0m
[0;33mW (1174924) TAG: FTM to A1 failed (ESP_ERR_NO_MEM), streak=3[0m
[0;33mW (1174924) TAG: WiFi soft reset to recover buffers...[0m
[0;32mI (1175174) TAG: STA connected to 24:ec:4a:03:58:5d, ch=1 (sec=0)[0m
[0;32mI (1175174) TAG: STA reconnected.[0m
[0;32mI (1176084) TAG: STA connected to 24:ec:4a:04:39:15, ch=6 (sec=0)[0m
[0;33mW (1176224) TAG: Low INT heap (30304B), skip FTM.[0m
[0;33mW (1176224) TAG: FTM to A2 failed (ESP_ERR_NO_MEM), streak=1[0m
[0;32mI (1176884) TAG: STA connected to 24:ec:4a:03:56:41, ch=11 (sec=0)[0m
[0;33mW (1177024) TAG: Low INT heap (30436B), skip FTM.[0m
[0;33mW (1177024) TAG: FTM to A3 failed (ESP_ERR_NO_MEM), streak=2[0m
[0;32mI (1177624) TAG: STA connected to 24:ec:4a:03:58:5d, ch=1 (sec=0)[0m
[0;33mW (1177764) TAG: Low INT heap (30436B), skip FTM.[0m
[0;33mW (1177764) TAG: FTM to A1 failed (ESP_ERR_NO_MEM), streak=3[0m
[0;33mW (1177764) TAG: WiFi soft reset to recover buffers...[0m
[0;32mI (1178014) TAG: STA connected to 24:ec:4a:03:58:5d, ch=1 (sec=0)[0m
[0;32mI (1178024) TAG: STA reconnected.[0m
[0;32mI (1178924) TAG: STA connected to 24:ec:4a:04:39:15, ch=6 (sec=0)[0m
[0;33mW (1179064) TAG: Low INT heap (30436B), skip FTM.[0m
[0;33mW (1179064) TAG: FTM to A2 failed (ESP_ERR_NO_MEM), streak=1[0m
[0;32mI (1179664) TAG: STA connected to 24:ec:4a:03:56:41, ch=11 (sec=0)[0m
[0;33mW (1179814) TAG: Low INT heap (30304B), skip FTM.[0m
[0;33mW (1179814) TAG: FTM to A3 failed (ESP_ERR_NO_MEM), streak=2[0m
[0;32mI (1180414) TAG: STA connected to 24:ec:4a:03:58:5d, ch=1 (sec=0)[0m
[0;33mW (1180564) TAG: Low INT heap (30304B), skip FTM.[0m
[0;33mW (1180564) TAG: FTM to A1 failed (ESP_ERR_NO_MEM), streak=3[0m
[0;33mW (1180564) TAG: WiFi soft reset to recover buffers...[0m
[0;32mI (1180814) TAG: STA connected to 24:ec:4a:03:58:5d, ch=1 (sec=0)[0m
[0;32mI (1180814) TAG: STA reconnected.[0m
[0;32mI (1181724) TAG: STA connected to 24:ec:4a:04:39:15, ch=6 (sec=0)[0m
[0;33mW (1181864) TAG: Low INT heap (30304B), skip FTM.[0m
[0;33mW (1181864) TAG: FTM to A2 failed (ESP_ERR_NO_MEM), streak=1[0m
[0;32mI (1182474) TAG: STA connected to 24:ec:4a:03:56:41, ch=11 (sec=0)[0m
[0;33mW (1182614) TAG: Low INT heap (30304B), skip FTM.[0m
[0;33mW (1182614) TAG: FTM to A3 failed (ESP_ERR_NO_MEM), streak=2[0m
[0;32mI (1183214) TAG: STA connected to 24:ec:4a:03:58:5d, ch=1 (sec=0)[0m
[0;33mW (1183364) TAG: Low INT heap (30172B), skip FTM.[0m
[0;33mW (1183364) TAG: FTM to A1 failed (ESP_ERR_NO_MEM), streak=3[0m
[0;33mW (1183364) TAG: WiFi soft reset to recover buffers...[0m
[0;32mI (1183614) TAG: STA connected to 24:ec:4a:03:58:5d, ch=1 (sec=0)[0m
[0;32mI (1183614) TAG: STA reconnected.[0m
[0;32mI (1184524) TAG: STA connected to 24:ec:4a:04:39:15, ch=6 (sec=0)[0m
[0;33mW (1184664) TAG: Low INT heap (30304B), skip FTM.[0m
[0;33mW (1184664) TAG: FTM to A2 failed (ESP_ERR_NO_MEM), streak=1[0m
[0;32mI (1185264) TAG: STA connected to 24:ec:4a:03:56:41, ch=11 (sec=0)[0m
[0;33mW (1185414) TAG: Low INT heap (30304B), skip FTM.[0m
[0;33mW (1185414) TAG: FTM to A3 failed (ESP_ERR_NO_MEM), streak=2[0m
[0;32mI (1186014) TAG: STA connected to 24:ec:4a:03:58:5d, ch=1 (sec=0)[0m
[0;33mW (1186154) TAG: Low INT heap (30304B), skip FTM.[0m
[0;33mW (1186154) TAG: FTM to A1 failed (ESP_ERR_NO_MEM), streak=3[0m
[0;33mW (1186154) TAG: WiFi soft reset to recover buffers...[0m
[0;32mI (1186404) TAG: STA connected to 24:ec:4a:03:58:5d, ch=1 (sec=0)[0m
[0;32mI (1186414) TAG: STA reconnected.[0m
[0;32mI (1187314) TAG: STA connected to 24:ec:4a:04:39:15, ch=6 (sec=0)[0m
[0;33mW (1187454) TAG: Low INT heap (30304B), skip FTM.[0m
[0;33mW (1187454) TAG: FTM to A2 failed (ESP_ERR_NO_MEM), streak=1[0m
[0;32mI (1188114) TAG: STA connected to 24:ec:4a:03:56:41, ch=11 (sec=0)[0m
[0;33mW (1188254) TAG: Low INT heap (30436B), skip FTM.[0m
[0;33mW (1188254) TAG: FTM to A3 failed (ESP_ERR_NO_MEM), streak=2[0m
[0;32mI (1188864) TAG: STA connected to 24:ec:4a:03:58:5d, ch=1 (sec=0)[0m
[0;33mW (1189004) TAG: Low INT heap (30436B), skip FTM.[0m
[0;33mW (1189004) TAG: FTM to A1 failed (ESP_ERR_NO_MEM), streak=3[0m
[0;33mW (1189004) TAG: WiFi soft reset to recover buffers...[0m
[0;32mI (1189254) TAG: STA connected to 24:ec:4a:03:58:5d, ch=1 (sec=0)[0m
[0;32mI (1189264) TAG: STA reconnected.[0m
[0;32mI (1190174) TAG: STA connected to 24:ec:4a:04:39:15, ch=6 (sec=0)[0m
[0;33mW (1190314) TAG: Low INT heap (30436B), skip FTM.[0m
[0;33mW (1190314) TAG: FTM to A2 failed (ESP_ERR_NO_MEM), streak=1[0m
[0;32mI (1190914) TAG: STA connected to 24:ec:4a:03:56:41, ch=11 (sec=0)[0m
[0;33mW (1191054) TAG: Low INT heap (30304B), skip FTM.[0m
[0;33mW (1191054) TAG: FTM to A3 failed (ESP_ERR_NO_MEM), streak=2[0m
[0;32mI (1191654) TAG: STA connected to 24:ec:4a:03:58:5d, ch=1 (sec=0)[0m
[0;33mW (1191794) TAG: Low INT heap (30304B), skip FTM.[0m
[0;33mW (1191794) TAG: FTM to A1 failed (ESP_ERR_NO_MEM), streak=3[0m
[0;33mW (1191794) TAG: WiFi soft reset to recover buffers...[0m
[0;32mI (1192054) TAG: STA connected to 24:ec:4a:03:58:5d, ch=1 (sec=0)[0m
[0;32mI (1192054) TAG: STA reconnected.[0m
[0;32mI (1192954) TAG: STA connected to 24:ec:4a:04:39:15, ch=6 (sec=0)[0m
[0;33mW (1193094) TAG: Low INT heap (30304B), skip FTM.[0m
[0;33mW (1193094) TAG: FTM to A2 failed (ESP_ERR_NO_MEM), streak=1[0m
[0;32mI (1193694) TAG: STA connected to 24:ec:4a:03:56:41, ch=11 (sec=0)[0m
[0;33mW (1193844) TAG: Low INT heap (30304B), skip FTM.[0m
[0;33mW (1193844) TAG: FTM to A3 failed (ESP_ERR_NO_MEM), streak=2[0m
[0;32mI (1194444) TAG: STA connected to 24:ec:4a:03:58:5d, ch=1 (sec=0)[0m
[0;33mW (1194584) TAG: Low INT heap (30172B), skip FTM.[0m
[0;33mW (1194584) TAG: FTM to A1 failed (ESP_ERR_NO_MEM), streak=3[0m
[0;33mW (1194584) TAG: WiFi soft reset to recover buffers...[0m
[0;32mI (1194834) TAG: STA connected to 24:ec:4a:03:58:5d, ch=1 (sec=0)[0m
[0;32mI (1194844) TAG: STA reconnected.[0m
[0;32mI (1195774) TAG: STA connected to 24:ec:4a:04:39:15, ch=6 (sec=0)[0m
[0;33mW (1195914) TAG: Low INT heap (30304B), skip FTM.[0m
[0;33mW (1195914) TAG: FTM to A2 failed (ESP_ERR_NO_MEM), streak=1[0m
[0;32mI (1196534) TAG: STA connected to 24:ec:4a:03:56:41, ch=11 (sec=0)[0m
[0;33mW (1196674) TAG: Low INT heap (30304B), skip FTM.[0m
[0;33mW (1196674) TAG: FTM to A3 failed (ESP_ERR_NO_MEM), streak=2[0m
[0;32mI (1197274) TAG: STA connected to 24:ec:4a:03:58:5d, ch=1 (sec=0)[0m
[0;33mW (1197414) TAG: Low INT heap (30304B), skip FTM.[0m
[0;33mW (1197414) TAG: FTM to A1 failed (ESP_ERR_NO_MEM), streak=3[0m
[0;33mW (1197414) TAG: WiFi soft reset to recover buffers...[0m
[0;32mI (1197674) TAG: STA connected to 24:ec:4a:03:58:5d, ch=1 (sec=0)[0m
[0;32mI (1197674) TAG: STA reconnected.[0m
[0;32mI (1198594) TAG: STA connected to 24:ec:4a:04:39:15, ch=6 (sec=0)[0m
[0;33mW (1198734) TAG: Low INT heap (30304B), skip FTM.[0m
[0;33mW (1198734) TAG: FTM to A2 failed (ESP_ERR_NO_MEM), streak=1[0m
[0;32mI (1199384) TAG: STA connected to 24:ec:4a:03:56:41, ch=11 (sec=0)[0m
[0;33mW (1199534) TAG: Low INT heap (30436B), skip FTM.[0m
[0;33mW (1199534) TAG: FTM to A3 failed (ESP_ERR_NO_MEM), streak=2[0m
[0;32mI (1200134) TAG: STA connected to 24:ec:4a:03:58:5d, ch=1 (sec=0)[0m
[0;33mW (1200284) TAG: Low INT heap (30436B), skip FTM.[0m
[0;33mW (1200284) TAG: FTM to A1 failed (ESP_ERR_NO_MEM), streak=3[0m
[0;33mW (1200284) TAG: WiFi soft reset to recover buffers...[0m
[0;32mI (1200534) TAG: STA connected to 24:ec:4a:03:58:5d, ch=1 (sec=0)[0m
[0;32mI (1200534) TAG: STA reconnected.[0m
[0;32mI (1201444) TAG: STA connected to 24:ec:4a:04:39:15, ch=6 (sec=0)[0m
[0;33mW (1201584) TAG: Low INT heap (30436B), skip FTM.[0m
[0;33mW (1201584) TAG: FTM to A2 failed (ESP_ERR_NO_MEM), streak=1[0m
[0;32mI (1202184) TAG: STA connected to 24:ec:4a:03:56:41, ch=11 (sec=0)[0m
[0;33mW (1202334) TAG: Low INT heap (30304B), skip FTM.[0m
[0;33mW (1202334) TAG: FTM to A3 failed (ESP_ERR_NO_MEM), streak=2[0m
[0;32mI (1202934) TAG: STA connected to 24:ec:4a:03:58:5d, ch=1 (sec=0)[0m
[0;33mW (1203074) TAG: Low INT heap (30304B), skip FTM.[0m
[0;33mW (1203074) TAG: FTM to A1 failed (ESP_ERR_NO_MEM), streak=3[0m
[0;33mW (1203074) TAG: WiFi soft reset to recover buffers...[0m
[0;32mI (1203324) TAG: STA connected to 24:ec:4a:03:58:5d, ch=1 (sec=0)[0m
[0;32mI (1203324) TAG: STA reconnected.[0m
[0;32mI (1204244) TAG: STA connected to 24:ec:4a:04:39:15, ch=6 (sec=0)[0m
[0;33mW (1204384) TAG: Low INT heap (30116B), skip FTM.[0m
[0;33mW (1204384) TAG: FTM to A2 failed (ESP_ERR_NO_MEM), streak=1[0m
[0;32mI (1204994) TAG: STA connected to 24:ec:4a:03:56:41, ch=11 (sec=0)[0m
[0;33mW (1205134) TAG: Low INT heap (30304B), skip FTM.[0m
[0;33mW (1205134) TAG: FTM to A3 failed (ESP_ERR_NO_MEM), streak=2[0m
[0;32mI (1205734) TAG: STA connected to 24:ec:4a:03:58:5d, ch=1 (sec=0)[0m
[0;33mW (1205874) TAG: Low INT heap (30172B), skip FTM.[0m
[0;33mW (1205874) TAG: FTM to A1 failed (ESP_ERR_NO_MEM), streak=3[0m
[0;33mW (1205874) TAG: WiFi soft reset to recover buffers...[0m
[0;32mI (1206124) TAG: STA connected to 24:ec:4a:03:58:5d, ch=1 (sec=0)[0m
[0;32mI (1206124) TAG: STA reconnected.[0m
[0;32mI (1207024) TAG: STA connected to 24:ec:4a:04:39:15, ch=6 (sec=0)[0m
[0;33mW (1207164) TAG: Low INT heap (30304B), skip FTM.[0m
[0;33mW (1207164) TAG: FTM to A2 failed (ESP_ERR_NO_MEM), streak=1[0m
[0;32mI (1207784) TAG: STA connected to 24:ec:4a:03:56:41, ch=11 (sec=0)[0m
[0;33mW (1207924) TAG: Low INT heap (30304B), skip FTM.[0m
[0;33mW (1207924) TAG: FTM to A3 failed (ESP_ERR_NO_MEM), streak=2[0m
[0;32mI (1208534) TAG: STA connected to 24:ec:4a:03:58:5d, ch=1 (sec=0)[0m
[0;33mW (1208674) TAG: Low INT heap (30304B), skip FTM.[0m
[0;33mW (1208674) TAG: FTM to A1 failed (ESP_ERR_NO_MEM), streak=3[0m
[0;33mW (1208674) TAG: WiFi soft reset to recover buffers...[0m
[0;32mI (1208924) TAG: STA connected to 24:ec:4a:03:58:5d, ch=1 (sec=0)[0m
[0;32mI (1208934) TAG: STA reconnected.[0m
[0;32mI (1209844) TAG: STA connected to 24:ec:4a:04:39:15, ch=6 (sec=0)[0m
[0;33mW (1209984) TAG: Low INT heap (30304B), skip FTM.[0m
[0;33mW (1209984) TAG: FTM to A2 failed (ESP_ERR_NO_MEM), streak=1[0m
[0;32mI (1210644) TAG: STA connected to 24:ec:4a:03:56:41, ch=11 (sec=0)[0m
[0;33mW (1210784) TAG: Low INT heap (30436B), skip FTM.[0m
[0;33mW (1210784) TAG: FTM to A3 failed (ESP_ERR_NO_MEM), streak=2[0m
[0;32mI (1211384) TAG: STA connected to 24:ec:4a:03:58:5d, ch=1 (sec=0)[0m
[0;33mW (1211524) TAG: Low INT heap (30436B), skip FTM.[0m
[0;33mW (1211524) TAG: FTM to A1 failed (ESP_ERR_NO_MEM), streak=3[0m
[0;33mW (1211524) TAG: WiFi soft reset to recover buffers...[0m
[0;32mI (1211774) TAG: STA connected to 24:ec:4a:03:58:5d, ch=1 (sec=0)[0m
[0;32mI (1211774) TAG: STA reconnected.[0m
[0;32mI (1212684) TAG: STA connected to 24:ec:4a:04:39:15, ch=6 (sec=0)[0m
[0;33mW (1212824) TAG: Low INT heap (30436B), skip FTM.[0m
[0;33mW (1212824) TAG: FTM to A2 failed (ESP_ERR_NO_MEM), streak=1[0m
[0;32mI (1213434) TAG: STA connected to 24:ec:4a:03:56:41, ch=11 (sec=0)[0m
[0;33mW (1213574) TAG: Low INT heap (30304B), skip FTM.[0m
[0;33mW (1213574) TAG: FTM to A3 failed (ESP_ERR_NO_MEM), streak=2[0m
[0;32mI (1214174) TAG: STA connected to 24:ec:4a:03:58:5d, ch=1 (sec=0)[0m
[0;33mW (1214314) TAG: Low INT heap (30304B), skip FTM.[0m
[0;33mW (1214314) TAG: FTM to A1 failed (ESP_ERR_NO_MEM), streak=3[0m
[0;33mW (1214314) TAG: WiFi soft reset to recover buffers...[0m
[0;32mI (1214564) TAG: STA connected to 24:ec:4a:03:58:5d, ch=1 (sec=0)[0m
[0;32mI (1214574) TAG: STA reconnected.[0m
[0;32mI (1215504) TAG: STA connected to 24:ec:4a:04:39:15, ch=6 (sec=0)[0m
[0;33mW (1215644) TAG: Low INT heap (30304B), skip FTM.[0m
[0;33mW (1215644) TAG: FTM to A2 failed (ESP_ERR_NO_MEM), streak=1[0m
[0;32mI (1216254) TAG: STA connected to 24:ec:4a:03:56:41, ch=11 (sec=0)[0m
[0;33mW (1216394) TAG: Low INT heap (30304B), skip FTM.[0m
[0;33mW (1216394) TAG: FTM to A3 failed (ESP_ERR_NO_MEM), streak=2[0m
[0;32mI (1216994) TAG: STA connected to 24:ec:4a:03:58:5d, ch=1 (sec=0)[0m
[0;33mW (1217134) TAG: Low INT heap (30172B), skip FTM.[0m
[0;33mW (1217134) TAG: FTM to A1 failed (ESP_ERR_NO_MEM), streak=3[0m
[0;33mW (1217134) TAG: WiFi soft reset to recover buffers...[0m
[0;32mI (1217384) TAG: STA connected to 24:ec:4a:03:58:5d, ch=1 (sec=0)[0m
[0;32mI (1217394) TAG: STA reconnected.[0m
[0;32mI (1218304) TAG: STA connected to 24:ec:4a:04:39:15, ch=6 (sec=0)[0m
[0;33mW (1218444) TAG: Low INT heap (30304B), skip FTM.[0m
[0;33mW (1218444) TAG: FTM to A2 failed (ESP_ERR_NO_MEM), streak=1[0m
[0;32mI (1219054) TAG: STA connected to 24:ec:4a:03:56:41, ch=11 (sec=0)[0m
[0;33mW (1219194) TAG: Low INT heap (30304B), skip FTM.[0m
[0;33mW (1219194) TAG: FTM to A3 failed (ESP_ERR_NO_MEM), streak=2[0m
[0;32mI (1219804) TAG: STA connected to 24:ec:4a:03:58:5d, ch=1 (sec=0)[0m
[0;33mW (1219944) TAG: Low INT heap (30304B), skip FTM.[0m
[0;33mW (1219944) TAG: FTM to A1 failed (ESP_ERR_NO_MEM), streak=3[0m
[0;33mW (1219944) TAG: WiFi soft reset to recover buffers...[0m
[0;32mI (1220194) TAG: STA connected to 24:ec:4a:03:58:5d, ch=1 (sec=0)[0m
[0;32mI (1220204) TAG: STA reconnected.[0m
[0;32mI (1221104) TAG: STA connected to 24:ec:4a:04:39:15, ch=6 (sec=0)[0m
[0;33mW (1221254) TAG: Low INT heap (30304B), skip FTM.[0m
[0;33mW (1221254) TAG: FTM to A2 failed (ESP_ERR_NO_MEM), streak=1[0m
[0;32mI (1221924) TAG: STA connected to 24:ec:4a:03:56:41, ch=11 (sec=0)[0m
[0;33mW (1222064) TAG: Low INT heap (30436B), skip FTM.[0m
[0;33mW (1222064) TAG: FTM to A3 failed (ESP_ERR_NO_MEM), streak=2[0m
[0;32mI (1222664) TAG: STA connected to 24:ec:4a:03:58:5d, ch=1 (sec=0)[0m
[0;33mW (1222804) TAG: Low INT heap (30436B), skip FTM.[0m
[0;33mW (1222804) TAG: FTM to A1 failed (ESP_ERR_NO_MEM), streak=3[0m
[0;33mW (1222804) TAG: WiFi soft reset to recover buffers...[0m
[0;32mI (1223054) TAG: STA connected to 24:ec:4a:03:58:5d, ch=1 (sec=0)[0m
[0;32mI (1223054) TAG: STA reconnected.[0m
[0;32mI (1223974) TAG: STA connected to 24:ec:4a:04:39:15, ch=6 (sec=0)[0m
[0;33mW (1224114) TAG: Low INT heap (30436B), skip FTM.[0m
[0;33mW (1224114) TAG: FTM to A2 failed (ESP_ERR_NO_MEM), streak=1[0m
[0;32mI (1224734) TAG: STA connected to 24:ec:4a:03:56:41, ch=11 (sec=0)[0m
[0;33mW (1224874) TAG: Low INT heap (30304B), skip FTM.[0m
[0;33mW (1224874) TAG: FTM to A3 failed (ESP_ERR_NO_MEM), streak=2[0m
[0;32mI (1225474) TAG: STA connected to 24:ec:4a:03:58:5d, ch=1 (sec=0)[0m
[0;33mW (1225624) TAG: Low INT heap (30304B), skip FTM.[0m
[0;33mW (1225624) TAG: FTM to A1 failed (ESP_ERR_NO_MEM), streak=3[0m
[0;33mW (1225624) TAG: WiFi soft reset to recover buffers...[0m
[0;32mI (1225874) TAG: STA connected to 24:ec:4a:03:58:5d, ch=1 (sec=0)[0m
[0;32mI (1225874) TAG: STA reconnected.[0m
[0;32mI (1226794) TAG: STA connected to 24:ec:4a:04:39:15, ch=6 (sec=0)[0m
[0;33mW (1226934) TAG: Low INT heap (30304B), skip FTM.[0m
[0;33mW (1226934) TAG: FTM to A2 failed (ESP_ERR_NO_MEM), streak=1[0m
[0;32mI (1227544) TAG: STA connected to 24:ec:4a:03:56:41, ch=11 (sec=0)[0m
[0;33mW (1227684) TAG: Low INT heap (30304B), skip FTM.[0m
[0;33mW (1227684) TAG: FTM to A3 failed (ESP_ERR_NO_MEM), streak=2[0m
[0;32mI (1228284) TAG: STA connected to 24:ec:4a:03:58:5d, ch=1 (sec=0)[0m
[0;33mW (1228434) TAG: Low INT heap (30172B), skip FTM.[0m
[0;33mW (1228434) TAG: FTM to A1 failed (ESP_ERR_NO_MEM), streak=3[0m
[0;33mW (1228434) TAG: WiFi soft reset to recover buffers...[0m
[0;32mI (1228684) TAG: STA connected to 24:ec:4a:03:58:5d, ch=1 (sec=0)[0m
[0;32mI (1228684) TAG: STA reconnected.[0m
[0;32mI (1229594) TAG: STA connected to 24:ec:4a:04:39:15, ch=6 (sec=0)[0m
[0;33mW (1229734) TAG: Low INT heap (30304B), skip FTM.[0m
[0;33mW (1229734) TAG: FTM to A2 failed (ESP_ERR_NO_MEM), streak=1[0m
[0;32mI (1230344) TAG: STA connected to 24:ec:4a:03:56:41, ch=11 (sec=0)[0m
[0;33mW (1230484) TAG: Low INT heap (30304B), skip FTM.[0m
[0;33mW (1230484) TAG: FTM to A3 failed (ESP_ERR_NO_MEM), streak=2[0m
[0;32mI (1231084) TAG: STA connected to 24:ec:4a:03:58:5d, ch=1 (sec=0)[0m
[0;33mW (1231224) TAG: Low INT heap (30304B), skip FTM.[0m
[0;33mW (1231224) TAG: FTM to A1 failed (ESP_ERR_NO_MEM), streak=3[0m
[0;33mW (1231224) TAG: WiFi soft reset to recover buffers...[0m
[0;32mI (1231474) TAG: STA connected to 24:ec:4a:03:58:5d, ch=1 (sec=0)[0m
[0;32mI (1231474) TAG: STA reconnected.[0m
[0;32mI (1232384) TAG: STA connected to 24:ec:4a:04:39:15, ch=6 (sec=0)[0m
[0;33mW (1232524) TAG: Low INT heap (30304B), skip FTM.[0m
[0;33mW (1232524) TAG: FTM to A2 failed (ESP_ERR_NO_MEM), streak=1[0m
[0;32mI (1233184) TAG: STA connected to 24:ec:4a:03:56:41, ch=11 (sec=0)[0m
[0;33mW (1233324) TAG: Low INT heap (30436B), skip FTM.[0m
[0;33mW (1233324) TAG: FTM to A3 failed (ESP_ERR_NO_MEM), streak=2[0m
[0;32mI (1233924) TAG: STA connected to 24:ec:4a:03:58:5d, ch=1 (sec=0)[0m
[0;33mW (1234074) TAG: Low INT heap (30436B), skip FTM.[0m
[0;33mW (1234074) TAG: FTM to A1 failed (ESP_ERR_NO_MEM), streak=3[0m
[0;33mW (1234074) TAG: WiFi soft reset to recover buffers...[0m
[0;32mI (1234324) TAG: STA connected to 24:ec:4a:03:58:5d, ch=1 (sec=0)[0m
[0;32mI (1234334) TAG: STA reconnected.[0m
[0;32mI (1235244) TAG: STA connected to 24:ec:4a:04:39:15, ch=6 (sec=0)[0m
[0;33mW (1235384) TAG: Low INT heap (30436B), skip FTM.[0m
[0;33mW (1235384) TAG: FTM to A2 failed (ESP_ERR_NO_MEM), streak=1[0m
[0;32mI (1235994) TAG: STA connected to 24:ec:4a:03:56:41, ch=11 (sec=0)[0m
[0;33mW (1236134) TAG: Low INT heap (30304B), skip FTM.[0m
[0;33mW (1236134) TAG: FTM to A3 failed (ESP_ERR_NO_MEM), streak=2[0m
[0;32mI (1236734) TAG: STA connected to 24:ec:4a:03:58:5d, ch=1 (sec=0)[0m
[0;33mW (1236884) TAG: Low INT heap (30304B), skip FTM.[0m
[0;33mW (1236884) TAG: FTM to A1 failed (ESP_ERR_NO_MEM), streak=3[0m
[0;33mW (1236884) TAG: WiFi soft reset to recover buffers...[0m
[0;32mI (1237134) TAG: STA connected to 24:ec:4a:03:58:5d, ch=1 (sec=0)[0m
[0;32mI (1237134) TAG: STA reconnected.[0m
[0;32mI (1238044) TAG: STA connected to 24:ec:4a:04:39:15, ch=6 (sec=0)[0m
[0;33mW (1238184) TAG: Low INT heap (30304B), skip FTM.[0m
[0;33mW (1238184) TAG: FTM to A2 failed (ESP_ERR_NO_MEM), streak=1[0m
[0;32mI (1238794) TAG: STA connected to 24:ec:4a:03:56:41, ch=11 (sec=0)[0m
[0;33mW (1238934) TAG: Low INT heap (30304B), skip FTM.[0m
[0;33mW (1238934) TAG: FTM to A3 failed (ESP_ERR_NO_MEM), streak=2[0m
[0;32mI (1239544) TAG: STA connected to 24:ec:4a:03:58:5d, ch=1 (sec=0)[0m
[0;33mW (1239684) TAG: Low INT heap (30172B), skip FTM.[0m
[0;33mW (1239684) TAG: FTM to A1 failed (ESP_ERR_NO_MEM), streak=3[0m
[0;33mW (1239684) TAG: WiFi soft reset to recover buffers...[0m
[0;32mI (1239954) TAG: STA connected to 24:ec:4a:03:58:5d, ch=1 (sec=0)[0m
[0;32mI (1239954) TAG: STA reconnected.[0m
[0;32mI (1240854) TAG: STA connected to 24:ec:4a:04:39:15, ch=6 (sec=0)[0m
[0;33mW (1240994) TAG: Low INT heap (30304B), skip FTM.[0m
[0;33mW (1240994) TAG: FTM to A2 failed (ESP_ERR_NO_MEM), streak=1[0m
[0;32mI (1241604) TAG: STA connected to 24:ec:4a:03:56:41, ch=11 (sec=0)[0m
[0;33mW (1241744) TAG: Low INT heap (30304B), skip FTM.[0m
[0;33mW (1241744) TAG: FTM to A3 failed (ESP_ERR_NO_MEM), streak=2[0m
[0;32mI (1242344) TAG: STA connected to 24:ec:4a:03:58:5d, ch=1 (sec=0)[0m
[0;33mW (1242484) TAG: Low INT heap (30304B), skip FTM.[0m
[0;33mW (1242484) TAG: FTM to A1 failed (ESP_ERR_NO_MEM), streak=3[0m
[0;33mW (1242484) TAG: WiFi soft reset to recover buffers...[0m
[0;32mI (1242734) TAG: STA connected to 24:ec:4a:03:58:5d, ch=1 (sec=0)[0m
[0;32mI (1242734) TAG: STA reconnected.[0m
[0;32mI (1243634) TAG: STA connected to 24:ec:4a:04:39:15, ch=6 (sec=0)[0m
[0;33mW (1243774) TAG: Low INT heap (30304B), skip FTM.[0m
[0;33mW (1243774) TAG: FTM to A2 failed (ESP_ERR_NO_MEM), streak=1[0m
[0;32mI (1244434) TAG: STA connected to 24:ec:4a:03:56:41, ch=11 (sec=0)[0m
[0;33mW (1244574) TAG: Low INT heap (30436B), skip FTM.[0m
[0;33mW (1244574) TAG: FTM to A3 failed (ESP_ERR_NO_MEM), streak=2[0m
[0;32mI (1245174) TAG: STA connected to 24:ec:4a:03:58:5d, ch=1 (sec=0)[0m
[0;33mW (1245314) TAG: Low INT heap (30436B), skip FTM.[0m
[0;33mW (1245314) TAG: FTM to A1 failed (ESP_ERR_NO_MEM), streak=3[0m
[0;33mW (1245314) TAG: WiFi soft reset to recover buffers...[0m
[0;32mI (1245564) TAG: STA connected to 24:ec:4a:03:58:5d, ch=1 (sec=0)[0m
[0;32mI (1245564) TAG: STA reconnected.[0m
[0;32mI (1246464) TAG: STA connected to 24:ec:4a:04:39:15, ch=6 (sec=0)[0m
[0;33mW (1246604) TAG: Low INT heap (30436B), skip FTM.[0m
[0;33mW (1246604) TAG: FTM to A2 failed (ESP_ERR_NO_MEM), streak=1[0m
[0;32mI (1247214) TAG: STA connected to 24:ec:4a:03:56:41, ch=11 (sec=0)[0m
[0;33mW (1247354) TAG: Low INT heap (30304B), skip FTM.[0m
[0;33mW (1247354) TAG: FTM to A3 failed (ESP_ERR_NO_MEM), streak=2[0m
[0;32mI (1247964) TAG: STA connected to 24:ec:4a:03:58:5d, ch=1 (sec=0)[0m
[0;33mW (1248104) TAG: Low INT heap (30304B), skip FTM.[0m
[0;33mW (1248104) TAG: FTM to A1 failed (ESP_ERR_NO_MEM), streak=3[0m
[0;33mW (1248104) TAG: WiFi soft reset to recover buffers...[0m
[0;32mI (1248354) TAG: STA connected to 24:ec:4a:03:58:5d, ch=1 (sec=0)[0m
[0;32mI (1248354) TAG: STA reconnected.[0m
[0;32mI (1249264) TAG: STA connected to 24:ec:4a:04:39:15, ch=6 (sec=0)[0m
[0;33mW (1249414) TAG: Low INT heap (30304B), skip FTM.[0m
[0;33mW (1249414) TAG: FTM to A2 failed (ESP_ERR_NO_MEM), streak=1[0m
[0;32mI (1250024) TAG: STA connected to 24:ec:4a:03:56:41, ch=11 (sec=0)[0m
[0;33mW (1250164) TAG: Low INT heap (30304B), skip FTM.[0m
[0;33mW (1250164) TAG: FTM to A3 failed (ESP_ERR_NO_MEM), streak=2[0m
[0;32mI (1250764) TAG: STA connected to 24:ec:4a:03:58:5d, ch=1 (sec=0)[0m
[0;33mW (1250914) TAG: Low INT heap (30172B), skip FTM.[0m
[0;33mW (1250914) TAG: FTM to A1 failed (ESP_ERR_NO_MEM), streak=3[0m
[0;33mW (1250914) TAG: WiFi soft reset to recover buffers...[0m
[0;32mI (1251164) TAG: STA connected to 24:ec:4a:03:58:5d, ch=1 (sec=0)[0m
[0;32mI (1251164) TAG: STA reconnected.[0m
[0;32mI (1252074) TAG: STA connected to 24:ec:4a:04:39:15, ch=6 (sec=0)[0m
[0;33mW (1252224) TAG: Low INT heap (30304B), skip FTM.[0m
[0;33mW (1252224) TAG: FTM to A2 failed (ESP_ERR_NO_MEM), streak=1[0m
[0;32mI (1252854) TAG: STA connected to 24:ec:4a:03:56:41, ch=11 (sec=0)[0m
[0;33mW (1252994) TAG: Low INT heap (30304B), skip FTM.[0m
[0;33mW (1252994) TAG: FTM to A3 failed (ESP_ERR_NO_MEM), streak=2[0m
[0;32mI (1253594) TAG: STA connected to 24:ec:4a:03:58:5d, ch=1 (sec=0)[0m
[0;33mW (1253734) TAG: Low INT heap (30304B), skip FTM.[0m
[0;33mW (1253734) TAG: FTM to A1 failed (ESP_ERR_NO_MEM), streak=3[0m
[0;33mW (1253734) TAG: WiFi soft reset to recover buffers...[0m
[0;32mI (1253984) TAG: STA connected to 24:ec:4a:03:58:5d, ch=1 (sec=0)[0m
[0;32mI (1253984) TAG: STA reconnected.[0m
[0;32mI (1254904) TAG: STA connected to 24:ec:4a:04:39:15, ch=6 (sec=0)[0m
[0;33mW (1255044) TAG: Low INT heap (30304B), skip FTM.[0m
[0;33mW (1255044) TAG: FTM to A2 failed (ESP_ERR_NO_MEM), streak=1[0m
[0;32mI (1255704) TAG: STA connected to 24:ec:4a:03:56:41, ch=11 (sec=0)[0m
[0;33mW (1255844) TAG: Low INT heap (30436B), skip FTM.[0m
[0;33mW (1255844) TAG: FTM to A3 failed (ESP_ERR_NO_MEM), streak=2[0m
[0;32mI (1256444) TAG: STA connected to 24:ec:4a:03:58:5d, ch=1 (sec=0)[0m
[0;33mW (1256594) TAG: Low INT heap (30436B), skip FTM.[0m
[0;33mW (1256594) TAG: FTM to A1 failed (ESP_ERR_NO_MEM), streak=3[0m
[0;33mW (1256594) TAG: WiFi soft reset to recover buffers...[0m
[0;32mI (1256844) TAG: STA connected to 24:ec:4a:03:58:5d, ch=1 (sec=0)[0m
[0;32mI (1256844) TAG: STA reconnected.[0m
[0;32mI (1257754) TAG: STA connected to 24:ec:4a:04:39:15, ch=6 (sec=0)[0m
[0;33mW (1257904) TAG: Low INT heap (30436B), skip FTM.[0m
[0;33mW (1257904) TAG: FTM to A2 failed (ESP_ERR_NO_MEM), streak=1[0m
[0;32mI (1258514) TAG: STA connected to 24:ec:4a:03:56:41, ch=11 (sec=0)[0m
[0;33mW (1258654) TAG: Low INT heap (30304B), skip FTM.[0m
[0;33mW (1258654) TAG: FTM to A3 failed (ESP_ERR_NO_MEM), streak=2[0m
[0;32mI (1259254) TAG: STA connected to 24:ec:4a:03:58:5d, ch=1 (sec=0)[0m
[0;33mW (1259394) TAG: Low INT heap (30304B), skip FTM.[0m
[0;33mW (1259394) TAG: FTM to A1 failed (ESP_ERR_NO_MEM), streak=3[0m
[0;33mW (1259394) TAG: WiFi soft reset to recover buffers...[0m
[0;32mI (1259674) TAG: STA connected to 24:ec:4a:03:58:5d, ch=1 (sec=0)[0m
[0;32mI (1259674) TAG: STA reconnected.[0m
[0;32mI (1260574) TAG: STA connected to 24:ec:4a:04:39:15, ch=6 (sec=0)[0m
[0;33mW (1260724) TAG: Low INT heap (30304B), skip FTM.[0m
[0;33mW (1260724) TAG: FTM to A2 failed (ESP_ERR_NO_MEM), streak=1[0m
[0;32mI (1261334) TAG: STA connected to 24:ec:4a:03:56:41, ch=11 (sec=0)[0m
[0;33mW (1261474) TAG: Low INT heap (30304B), skip FTM.[0m
[0;33mW (1261474) TAG: FTM to A3 failed (ESP_ERR_NO_MEM), streak=2[0m
[0;32mI (1262084) TAG: STA connected to 24:ec:4a:03:58:5d, ch=1 (sec=0)[0m
[0;33mW (1262224) TAG: Low INT heap (30172B), skip FTM.[0m
[0;33mW (1262224) TAG: FTM to A1 failed (ESP_ERR_NO_MEM), streak=3[0m
[0;33mW (1262224) TAG: WiFi soft reset to recover buffers...[0m
[0;32mI (1262474) TAG: STA connected to 24:ec:4a:03:58:5d, ch=1 (sec=0)[0m
[0;32mI (1262484) TAG: STA reconnected.[0m
[0;32mI (1263404) TAG: STA connected to 24:ec:4a:04:39:15, ch=6 (sec=0)[0m
[0;33mW (1263544) TAG: Low INT heap (30304B), skip FTM.[0m
[0;33mW (1263544) TAG: FTM to A2 failed (ESP_ERR_NO_MEM), streak=1[0m
[0;32mI (1264154) TAG: STA connected to 24:ec:4a:03:56:41, ch=11 (sec=0)[0m
[0;33mW (1264294) TAG: Low INT heap (30304B), skip FTM.[0m
[0;33mW (1264294) TAG: FTM to A3 failed (ESP_ERR_NO_MEM), streak=2[0m
[0;32mI (1264894) TAG: STA connected to 24:ec:4a:03:58:5d, ch=1 (sec=0)[0m
[0;33mW (1265034) TAG: Low INT heap (30304B), skip FTM.[0m
[0;33mW (1265034) TAG: FTM to A1 failed (ESP_ERR_NO_MEM), streak=3[0m
[0;33mW (1265034) TAG: WiFi soft reset to recover buffers...[0m
[0;32mI (1265284) TAG: STA connected to 24:ec:4a:03:58:5d, ch=1 (sec=0)[0m
[0;32mI (1265284) TAG: STA reconnected.[0m
[0;32mI (1266194) TAG: STA connected to 24:ec:4a:04:39:15, ch=6 (sec=0)[0m
[0;33mW (1266344) TAG: Low INT heap (30304B), skip FTM.[0m
[0;33mW (1266344) TAG: FTM to A2 failed (ESP_ERR_NO_MEM), streak=1[0m
[0;32mI (1267004) TAG: STA connected to 24:ec:4a:03:56:41, ch=11 (sec=0)[0m
[0;33mW (1267144) TAG: Low INT heap (30436B), skip FTM.[0m
[0;33mW (1267144) TAG: FTM to A3 failed (ESP_ERR_NO_MEM), streak=2[0m
[0;32mI (1267744) TAG: STA connected to 24:ec:4a:03:58:5d, ch=1 (sec=0)[0m
[0;33mW (1267884) TAG: Low INT heap (30436B), skip FTM.[0m
[0;33mW (1267884) TAG: FTM to A1 failed (ESP_ERR_NO_MEM), streak=3[0m
[0;33mW (1267884) TAG: WiFi soft reset to recover buffers...[0m
[0;32mI (1268134) TAG: STA connected to 24:ec:4a:03:58:5d, ch=1 (sec=0)[0m
[0;32mI (1268134) TAG: STA reconnected.[0m
[0;32mI (1269044) TAG: STA connected to 24:ec:4a:04:39:15, ch=6 (sec=0)[0m
[0;33mW (1269184) TAG: Low INT heap (30436B), skip FTM.[0m
[0;33mW (1269184) TAG: FTM to A2 failed (ESP_ERR_NO_MEM), streak=1[0m
[0;32mI (1269794) TAG: STA connected to 24:ec:4a:03:56:41, ch=11 (sec=0)[0m
[0;33mW (1269934) TAG: Low INT heap (30304B), skip FTM.[0m
[0;33mW (1269934) TAG: FTM to A3 failed (ESP_ERR_NO_MEM), streak=2[0m
[0;32mI (1270534) TAG: STA connected to 24:ec:4a:03:58:5d, ch=1 (sec=0)[0m
[0;33mW (1270674) TAG: Low INT heap (30304B), skip FTM.[0m
[0;33mW (1270674) TAG: FTM to A1 failed (ESP_ERR_NO_MEM), streak=3[0m
[0;33mW (1270674) TAG: WiFi soft reset to recover buffers...[0m
[0;32mI (1270924) TAG: STA connected to 24:ec:4a:03:58:5d, ch=1 (sec=0)[0m
[0;32mI (1270924) TAG: STA reconnected.[0m
[0;32mI (1271834) TAG: STA connected to 24:ec:4a:04:39:15, ch=6 (sec=0)[0m
[0;33mW (1271974) TAG: Low INT heap (30304B), skip FTM.[0m
[0;33mW (1271974) TAG: FTM to A2 failed (ESP_ERR_NO_MEM), streak=1[0m
[0;32mI (1272584) TAG: STA connected to 24:ec:4a:03:56:41, ch=11 (sec=0)[0m
[0;33mW (1272724) TAG: Low INT heap (30304B), skip FTM.[0m
[0;33mW (1272724) TAG: FTM to A3 failed (ESP_ERR_NO_MEM), streak=2[0m
[0;32mI (1273324) TAG: STA connected to 24:ec:4a:03:58:5d, ch=1 (sec=0)[0m
[0;33mW (1273474) TAG: Low INT heap (30172B), skip FTM.[0m
[0;33mW (1273474) TAG: FTM to A1 failed (ESP_ERR_NO_MEM), streak=3[0m
[0;33mW (1273474) TAG: WiFi soft reset to recover buffers...[0m
[0;32mI (1273724) TAG: STA connected to 24:ec:4a:03:58:5d, ch=1 (sec=0)[0m
[0;32mI (1273724) TAG: STA reconnected.[0m
[0;32mI (1274634) TAG: STA connected to 24:ec:4a:04:39:15, ch=6 (sec=0)[0m
[0;33mW (1274774) TAG: Low INT heap (30304B), skip FTM.[0m
[0;33mW (1274774) TAG: FTM to A2 failed (ESP_ERR_NO_MEM), streak=1[0m
[0;32mI (1275384) TAG: STA connected to 24:ec:4a:03:56:41, ch=11 (sec=0)[0m
[0;33mW (1275524) TAG: Low INT heap (30304B), skip FTM.[0m
[0;33mW (1275524) TAG: FTM to A3 failed (ESP_ERR_NO_MEM), streak=2[0m
[0;32mI (1276124) TAG: STA connected to 24:ec:4a:03:58:5d, ch=1 (sec=0)[0m
[0;33mW (1276274) TAG: Low INT heap (30304B), skip FTM.[0m
[0;33mW (1276274) TAG: FTM to A1 failed (ESP_ERR_NO_MEM), streak=3[0m
[0;33mW (1276274) TAG: WiFi soft reset to recover buffers...[0m
[0;32mI (1276534) TAG: STA connected to 24:ec:4a:03:58:5d, ch=1 (sec=0)[0m
[0;32mI (1276534) TAG: STA reconnected.[0m
[0;32mI (1277434) TAG: STA connected to 24:ec:4a:04:39:15, ch=6 (sec=0)[0m
[0;33mW (1277584) TAG: Low INT heap (30304B), skip FTM.[0m
[0;33mW (1277584) TAG: FTM to A2 failed (ESP_ERR_NO_MEM), streak=1[0m
[0;32mI (1278244) TAG: STA connected to 24:ec:4a:03:56:41, ch=11 (sec=0)[0m
[0;33mW (1278384) TAG: Low INT heap (30248B), skip FTM.[0m
[0;33mW (1278384) TAG: FTM to A3 failed (ESP_ERR_NO_MEM), streak=2[0m
[0;32mI (1278984) TAG: STA connected to 24:ec:4a:03:58:5d, ch=1 (sec=0)[0m
[0;33mW (1279124) TAG: Low INT heap (30436B), skip FTM.[0m
[0;33mW (1279124) TAG: FTM to A1 failed (ESP_ERR_NO_MEM), streak=3[0m
[0;33mW (1279124) TAG: WiFi soft reset to recover buffers...[0m
[0;32mI (1279374) TAG: STA connected to 24:ec:4a:03:58:5d, ch=1 (sec=0)[0m
[0;32mI (1279374) TAG: STA reconnected.[0m
[0;32mI (1280284) TAG: STA connected to 24:ec:4a:04:39:15, ch=6 (sec=0)[0m
[0;33mW (1280424) TAG: Low INT heap (30436B), skip FTM.[0m
[0;33mW (1280424) TAG: FTM to A2 failed (ESP_ERR_NO_MEM), streak=1[0m
[0;32mI (1281044) TAG: STA connected to 24:ec:4a:03:56:41, ch=11 (sec=0)[0m
[0;33mW (1281184) TAG: Low INT heap (30304B), skip FTM.[0m
[0;33mW (1281184) TAG: FTM to A3 failed (ESP_ERR_NO_MEM), streak=2[0m
[0;32mI (1281784) TAG: STA connected to 24:ec:4a:03:58:5d, ch=1 (sec=0)[0m
[0;33mW (1281934) TAG: Low INT heap (30304B), skip FTM.[0m
[0;33mW (1281934) TAG: FTM to A1 failed (ESP_ERR_NO_MEM), streak=3[0m
[0;33mW (1281934) TAG: WiFi soft reset to recover buffers...[0m
[0;32mI (1282184) TAG: STA connected to 24:ec:4a:03:58:5d, ch=1 (sec=0)[0m
[0;32mI (1282184) TAG: STA reconnected.[0m
[0;32mI (1283084) TAG: STA connected to 24:ec:4a:04:39:15, ch=6 (sec=0)[0m
[0;33mW (1283234) TAG: Low INT heap (30304B), skip FTM.[0m
[0;33mW (1283234) TAG: FTM to A2 failed (ESP_ERR_NO_MEM), streak=1[0m
[0;32mI (1283864) TAG: STA connected to 24:ec:4a:03:56:41, ch=11 (sec=0)[0m
[0;33mW (1284004) TAG: Low INT heap (30304B), skip FTM.[0m
[0;33mW (1284004) TAG: FTM to A3 failed (ESP_ERR_NO_MEM), streak=2[0m
[0;32mI (1284624) TAG: STA connected to 24:ec:4a:03:58:5d, ch=1 (sec=0)[0m
[0;33mW (1284764) TAG: Low INT heap (30172B), skip FTM.[0m
[0;33mW (1284764) TAG: FTM to A1 failed (ESP_ERR_NO_MEM), streak=3[0m
[0;33mW (1284764) TAG: WiFi soft reset to recover buffers...[0m
[0;32mI (1285014) TAG: STA connected to 24:ec:4a:03:58:5d, ch=1 (sec=0)[0m
[0;32mI (1285024) TAG: STA reconnected.[0m
[0;32mI (1285924) TAG: STA connected to 24:ec:4a:04:39:15, ch=6 (sec=0)[0m
[0;33mW (1286064) TAG: Low INT heap (30304B), skip FTM.[0m
[0;33mW (1286064) TAG: FTM to A2 failed (ESP_ERR_NO_MEM), streak=1[0m
[0;32mI (1286704) TAG: STA connected to 24:ec:4a:03:56:41, ch=11 (sec=0)[0m
[0;33mW (1286844) TAG: Low INT heap (30304B), skip FTM.[0m
[0;33mW (1286844) TAG: FTM to A3 failed (ESP_ERR_NO_MEM), streak=2[0m
[0;32mI (1287444) TAG: STA connected to 24:ec:4a:03:58:5d, ch=1 (sec=0)[0m
[0;33mW (1287584) TAG: Low INT heap (30304B), skip FTM.[0m
[0;33mW (1287584) TAG: FTM to A1 failed (ESP_ERR_NO_MEM), streak=3[0m
[0;33mW (1287584) TAG: WiFi soft reset to recover buffers...[0m
[0;32mI (1287844) TAG: STA connected to 24:ec:4a:03:58:5d, ch=1 (sec=0)[0m
[0;32mI (1287844) TAG: STA reconnected.[0m
[0;32mI (1288744) TAG: STA connected to 24:ec:4a:04:39:15, ch=6 (sec=0)[0m
[0;33mW (1288894) TAG: Low INT heap (30304B), skip FTM.[0m
[0;33mW (1288894) TAG: FTM to A2 failed (ESP_ERR_NO_MEM), streak=1[0m
[0;32mI (1289564) TAG: STA connected to 24:ec:4a:03:56:41, ch=11 (sec=0)[0m
[0;33mW (1289704) TAG: Low INT heap (30436B), skip FTM.[0m
[0;33mW (1289704) TAG: FTM to A3 failed (ESP_ERR_NO_MEM), streak=2[0m
[0;32mI (1290304) TAG: STA connected to 24:ec:4a:03:58:5d, ch=1 (sec=0)[0m
[0;33mW (1290454) TAG: Low INT heap (30436B), skip FTM.[0m
[0;33mW (1290454) TAG: FTM to A1 failed (ESP_ERR_NO_MEM), streak=3[0m
[0;33mW (1290454) TAG: WiFi soft reset to recover buffers...[0m
[0;32mI (1290704) TAG: STA connected to 24:ec:4a:03:58:5d, ch=1 (sec=0)[0m
[0;32mI (1290704) TAG: STA reconnected.[0m
[0;32mI (1291604) TAG: STA connected to 24:ec:4a:04:39:15, ch=6 (sec=0)[0m
[0;33mW (1291744) TAG: Low INT heap (30436B), skip FTM.[0m
[0;33mW (1291744) TAG: FTM to A2 failed (ESP_ERR_NO_MEM), streak=1[0m
[0;32mI (1292364) TAG: STA connected to 24:ec:4a:03:56:41, ch=11 (sec=0)[0m
[0;33mW (1292504) TAG: Low INT heap (30304B), skip FTM.[0m
[0;33mW (1292504) TAG: FTM to A3 failed (ESP_ERR_NO_MEM), streak=2[0m
[0;32mI (1293104) TAG: STA connected to 24:ec:4a:03:58:5d, ch=1 (sec=0)[0m
[0;33mW (1293254) TAG: Low INT heap (30304B), skip FTM.[0m
[0;33mW (1293254) TAG: FTM to A1 failed (ESP_ERR_NO_MEM), streak=3[0m
[0;33mW (1293254) TAG: WiFi soft reset to recover buffers...[0m
[0;32mI (1293504) TAG: STA connected to 24:ec:4a:03:58:5d, ch=1 (sec=0)[0m
[0;32mI (1293514) TAG: STA reconnected.[0m
[0;32mI (1294414) TAG: STA connected to 24:ec:4a:04:39:15, ch=6 (sec=0)[0m
[0;33mW (1294554) TAG: Low INT heap (30304B), skip FTM.[0m
[0;33mW (1294554) TAG: FTM to A2 failed (ESP_ERR_NO_MEM), streak=1[0m
[0;32mI (1295174) TAG: STA connected to 24:ec:4a:03:56:41, ch=11 (sec=0)[0m
[0;33mW (1295314) TAG: Low INT heap (30304B), skip FTM.[0m
[0;33mW (1295314) TAG: FTM to A3 failed (ESP_ERR_NO_MEM), streak=2[0m
[0;32mI (1295914) TAG: STA connected to 24:ec:4a:03:58:5d, ch=1 (sec=0)[0m
[0;33mW (1296064) TAG: Low INT heap (30172B), skip FTM.[0m
[0;33mW (1296064) TAG: FTM to A1 failed (ESP_ERR_NO_MEM), streak=3[0m
[0;33mW (1296064) TAG: WiFi soft reset to recover buffers...[0m
[0;32mI (1296314) TAG: STA connected to 24:ec:4a:03:58:5d, ch=1 (sec=0)[0m
[0;32mI (1296314) TAG: STA reconnected.[0m
[0;32mI (1297214) TAG: STA connected to 24:ec:4a:04:39:15, ch=6 (sec=0)[0m
[0;33mW (1297354) TAG: Low INT heap (30304B), skip FTM.[0m
[0;33mW (1297354) TAG: FTM to A2 failed (ESP_ERR_NO_MEM), streak=1[0m
[0;32mI (1297964) TAG: STA connected to 24:ec:4a:03:56:41, ch=11 (sec=0)[0m
[0;33mW (1298104) TAG: Low INT heap (30304B), skip FTM.[0m
[0;33mW (1298104) TAG: FTM to A3 failed (ESP_ERR_NO_MEM), streak=2[0m
[0;32mI (1298704) TAG: STA connected to 24:ec:4a:03:58:5d, ch=1 (sec=0)[0m
[0;33mW (1298854) TAG: Low INT heap (30304B), skip FTM.[0m
[0;33mW (1298854) TAG: FTM to A1 failed (ESP_ERR_NO_MEM), streak=3[0m
[0;33mW (1298854) TAG: WiFi soft reset to recover buffers...[0m
[0;32mI (1299104) TAG: STA connected to 24:ec:4a:03:58:5d, ch=1 (sec=0)[0m
[0;32mI (1299104) TAG: STA reconnected.[0m
[0;32mI (1300024) TAG: STA connected to 24:ec:4a:04:39:15, ch=6 (sec=0)[0m
[0;33mW (1300164) TAG: Low INT heap (30304B), skip FTM.[0m
[0;33mW (1300164) TAG: FTM to A2 failed (ESP_ERR_NO_MEM), streak=1[0m
[0;32mI (1300824) TAG: STA connected to 24:ec:4a:03:56:41, ch=11 (sec=0)[0m
[0;33mW (1300964) TAG: Low INT heap (30436B), skip FTM.[0m
[0;33mW (1300964) TAG: FTM to A3 failed (ESP_ERR_NO_MEM), streak=2[0m
[0;32mI (1301574) TAG: STA connected to 24:ec:4a:03:58:5d, ch=1 (sec=0)[0m
[0;33mW (1301714) TAG: Low INT heap (30436B), skip FTM.[0m
[0;33mW (1301714) TAG: FTM to A1 failed (ESP_ERR_NO_MEM), streak=3[0m
[0;33mW (1301714) TAG: WiFi soft reset to recover buffers...[0m
[0;32mI (1301964) TAG: STA connected to 24:ec:4a:03:58:5d, ch=1 (sec=0)[0m
[0;32mI (1301964) TAG: STA reconnected.[0m
[0;32mI (1302874) TAG: STA connected to 24:ec:4a:04:39:15, ch=6 (sec=0)[0m
[0;33mW (1303024) TAG: Low INT heap (30436B), skip FTM.[0m
[0;33mW (1303024) TAG: FTM to A2 failed (ESP_ERR_NO_MEM), streak=1[0m
[0;32mI (1303644) TAG: STA connected to 24:ec:4a:03:56:41, ch=11 (sec=0)[0m
[0;33mW (1303784) TAG: Low INT heap (30304B), skip FTM.[0m
[0;33mW (1303784) TAG: FTM to A3 failed (ESP_ERR_NO_MEM), streak=2[0m
[0;32mI (1304384) TAG: STA connected to 24:ec:4a:03:58:5d, ch=1 (sec=0)[0m
[0;33mW (1304524) TAG: Low INT heap (30304B), skip FTM.[0m
[0;33mW (1304524) TAG: FTM to A1 failed (ESP_ERR_NO_MEM), streak=3[0m
[0;33mW (1304524) TAG: WiFi soft reset to recover buffers...[0m
[0;32mI (1304784) TAG: STA connected to 24:ec:4a:03:58:5d, ch=1 (sec=0)[0m
[0;32mI (1304784) TAG: STA reconnected.[0m
[0;32mI (1305694) TAG: STA connected to 24:ec:4a:04:39:15, ch=6 (sec=0)[0m
[0;33mW (1305834) TAG: Low INT heap (30304B), skip FTM.[0m
[0;33mW (1305834) TAG: FTM to A2 failed (ESP_ERR_NO_MEM), streak=1[0m
[0;32mI (1306444) TAG: STA connected to 24:ec:4a:03:56:41, ch=11 (sec=0)[0m
[0;33mW (1306584) TAG: Low INT heap (30304B), skip FTM.[0m
[0;33mW (1306584) TAG: FTM to A3 failed (ESP_ERR_NO_MEM), streak=2[0m
[0;32mI (1307194) TAG: STA connected to 24:ec:4a:03:58:5d, ch=1 (sec=0)[0m
[0;33mW (1307334) TAG: Low INT heap (30172B), skip FTM.[0m
[0;33mW (1307334) TAG: FTM to A1 failed (ESP_ERR_NO_MEM), streak=3[0m
[0;33mW (1307334) TAG: WiFi soft reset to recover buffers...[0m
[0;32mI (1307584) TAG: STA connected to 24:ec:4a:03:58:5d, ch=1 (sec=0)[0m
[0;32mI (1307584) TAG: STA reconnected.[0m
[0;32mI (1308504) TAG: STA connected to 24:ec:4a:04:39:15, ch=6 (sec=0)[0m
[0;33mW (1308644) TAG: Low INT heap (30304B), skip FTM.[0m
[0;33mW (1308644) TAG: FTM to A2 failed (ESP_ERR_NO_MEM), streak=1[0m
[0;32mI (1309264) TAG: STA connected to 24:ec:4a:03:56:41, ch=11 (sec=0)[0m
[0;33mW (1309404) TAG: Low INT heap (30304B), skip FTM.[0m
[0;33mW (1309404) TAG: FTM to A3 failed (ESP_ERR_NO_MEM), streak=2[0m
[0;32mI (1310004) TAG: STA connected to 24:ec:4a:03:58:5d, ch=1 (sec=0)[0m
[0;33mW (1310154) TAG: Low INT heap (30304B), skip FTM.[0m
[0;33mW (1310154) TAG: FTM to A1 failed (ESP_ERR_NO_MEM), streak=3[0m
[0;33mW (1310154) TAG: WiFi soft reset to recover buffers...[0m
[0;32mI (1310404) TAG: STA connected to 24:ec:4a:03:58:5d, ch=1 (sec=0)[0m
[0;32mI (1310414) TAG: STA reconnected.[0m
[0;32mI (1311324) TAG: STA connected to 24:ec:4a:04:39:15, ch=6 (sec=0)[0m
[0;33mW (1311464) TAG: Low INT heap (30304B), skip FTM.[0m
[0;33mW (1311464) TAG: FTM to A2 failed (ESP_ERR_NO_MEM), streak=1[0m
[0;32mI (1312134) TAG: STA connected to 24:ec:4a:03:56:41, ch=11 (sec=0)[0m
[0;33mW (1312274) TAG: Low INT heap (30436B), skip FTM.[0m
[0;33mW (1312274) TAG: FTM to A3 failed (ESP_ERR_NO_MEM), streak=2[0m
[0;32mI (1312884) TAG: STA connected to 24:ec:4a:03:58:5d, ch=1 (sec=0)[0m
[0;33mW (1313024) TAG: Low INT heap (30436B), skip FTM.[0m
[0;33mW (1313024) TAG: FTM to A1 failed (ESP_ERR_NO_MEM), streak=3[0m
[0;33mW (1313024) TAG: WiFi soft reset to recover buffers...[0m
[0;32mI (1313284) TAG: STA connected to 24:ec:4a:03:58:5d, ch=1 (sec=0)[0m
[0;32mI (1313284) TAG: STA reconnected.[0m
[0;32mI (1314214) TAG: STA connected to 24:ec:4a:04:39:15, ch=6 (sec=0)[0m
[0;33mW (1314354) TAG: Low INT heap (30436B), skip FTM.[0m
[0;33mW (1314354) TAG: FTM to A2 failed (ESP_ERR_NO_MEM), streak=1[0m
[0;32mI (1314964) TAG: STA connected to 24:ec:4a:03:56:41, ch=11 (sec=0)[0m
[0;33mW (1315104) TAG: Low INT heap (30304B), skip FTM.[0m
[0;33mW (1315104) TAG: FTM to A3 failed (ESP_ERR_NO_MEM), streak=2[0m
[0;32mI (1315714) TAG: STA connected to 24:ec:4a:03:58:5d, ch=1 (sec=0)[0m
[0;33mW (1315854) TAG: Low INT heap (30304B), skip FTM.[0m
[0;33mW (1315854) TAG: FTM to A1 failed (ESP_ERR_NO_MEM), streak=3[0m
[0;33mW (1315854) TAG: WiFi soft reset to recover buffers...[0m
[0;32mI (1316104) TAG: STA connected to 24:ec:4a:03:58:5d, ch=1 (sec=0)[0m
[0;32mI (1316104) TAG: STA reconnected.[0m
[0;32mI (1317024) TAG: STA connected to 24:ec:4a:04:39:15, ch=6 (sec=0)[0m
[0;33mW (1317164) TAG: Low INT heap (30304B), skip FTM.[0m
[0;33mW (1317164) TAG: FTM to A2 failed (ESP_ERR_NO_MEM), streak=1[0m
[0;32mI (1317774) TAG: STA connected to 24:ec:4a:03:56:41, ch=11 (sec=0)[0m
[0;33mW (1317914) TAG: Low INT heap (30304B), skip FTM.[0m
[0;33mW (1317914) TAG: FTM to A3 failed (ESP_ERR_NO_MEM), streak=2[0m
[0;32mI (1318514) TAG: STA connected to 24:ec:4a:03:58:5d, ch=1 (sec=0)[0m
[0;33mW (1318654) TAG: Low INT heap (30172B), skip FTM.[0m
[0;33mW (1318654) TAG: FTM to A1 failed (ESP_ERR_NO_MEM), streak=3[0m
[0;33mW (1318654) TAG: WiFi soft reset to recover buffers...[0m
[0;32mI (1318904) TAG: STA connected to 24:ec:4a:03:58:5d, ch=1 (sec=0)[0m
[0;32mI (1318914) TAG: STA reconnected.[0m
[0;32mI (1319814) TAG: STA connected to 24:ec:4a:04:39:15, ch=6 (sec=0)[0m
[0;33mW (1319964) TAG: Low INT heap (30304B), skip FTM.[0m
[0;33mW (1319964) TAG: FTM to A2 failed (ESP_ERR_NO_MEM), streak=1[0m
[0;32mI (1320574) TAG: STA connected to 24:ec:4a:03:56:41, ch=11 (sec=0)[0m
[0;33mW (1320714) TAG: Low INT heap (30304B), skip FTM.[0m
[0;33mW (1320714) TAG: FTM to A3 failed (ESP_ERR_NO_MEM), streak=2[0m
[0;32mI (1321314) TAG: STA connected to 24:ec:4a:03:58:5d, ch=1 (sec=0)[0m
[0;33mW (1321454) TAG: Low INT heap (30304B), skip FTM.[0m
[0;33mW (1321454) TAG: FTM to A1 failed (ESP_ERR_NO_MEM), streak=3[0m
[0;33mW (1321454) TAG: WiFi soft reset to recover buffers...[0m
[0;32mI (1321704) TAG: STA connected to 24:ec:4a:03:58:5d, ch=1 (sec=0)[0m
[0;32mI (1321704) TAG: STA reconnected.[0m
