[0;32mI (107) esp_image: segment 1: paddr=00029a98 vaddr=3fc99b00 sizeESP-ROM:esp32s3-20210327[0m
Build:Mar 27 2021
rst:0x15 (USB_UART_CHIP_RESET),boot:0x8 (SPI_FAST_FLASH_BOOT)
Saved PC:0x4037ac12
SPIWP:0xee
mode:DIO, clock div:1
load:0x3fce2810,len:0x15a0
load:0x403c8700,len:0x4
load:0x403c8704,len:0xd20
load:0x403cb700,len:0x2ee4
entry 0x403c8928
[0;32mI (26) boot: ESP-IDF v5.4-dirty 2nd stage bootloader[0m
[0;32mI (27) boot: compile time Aug 31 2025 02:08:46[0m
[0;32mI (27) boot: Multicore bootloader[0m
[0;32mI (27) boot: chip revision: v0.2[0m
[0;32mI (30) boot: efuse block revision: v1.3[0m
[0;32mI (34) boot.esp32s3: Boot SPI Speed : 80MHz[0m
[0;32mI (37) boot.esp32s3: SPI Mode       : DIO[0m
[0;32mI (41) boot.esp32s3: SPI Flash Size : 2MB[0m
[0;32mI (45) boot: Enabling RNG early entropy source...[0m
[0;32mI (49) boot: Partition Table:[0m
[0;32mI (52) boot: ## Label            Usage          Type ST Offset   Length[0m
[0;32mI (58) boot:  0 nvs              WiFi data        01 02 00009000 00006000[0m
[0;32mI (65) boot:  1 phy_init         RF data          01 01 0000f000 00001000[0m
[0;32mI (71) boot:  2 factory          factory app      00 00 00010000 00100000[0m
[0;32mI (78) boot: End of partition table[0m
[0;32mI (81) esp_image: segment 0: paddr=00010020 vaddr=3c090020 size=19a70h (105072) map[0m
[0;32mI (107) esp_image: segment 1: paddr=00029a98 vaddr=3fc99b00 size=04948h ( 18760) load[0m
[0;32mI (111) esp_image: segment 2: paddr=0002e3e8 vaddr=40374000 size=01c30h (  7216) load[0m
[0;32mI (113) esp_image: segment 3: paddr=00030020 vaddr=42000020 size=83fd4h (540628) map[0m
[0;32mI (214) esp_image: segment 4: paddr=000b3ffc vaddr=40375c30 size=13dfch ( 81404) load[0m
[0;32mI (232) esp_image: segment 5: paddr=000c7e00 vaddr=600fe100 size=0001ch (    28) load[0m
[0;32mI (241) boot: Loaded app from partition at offset 0x10000[0m
[0;32mI (241) boot: Disabling RNG early entropy source...[0m
[0;32mI (251) cpu_start: Multicore app[0m
[0;32mI (260) cpu_start: Pro cpu start user code[0m
[0;32mI (260) cpu_start: cpu freq: 160000000 Hz[0m
[0;32mI (261) app_init: Application information:[0m
[0;32mI (261) app_init: Project name:     initiator[0m
[0;32mI (265) app_init: App version:      207a5d4-dirty[0m
[0;32mI (269) app_init: Compile time:     Aug 30 2025 22:35:46[0m
[0;32mI (274) app_init: ELF file SHA256:  9e9aaf26a...[0m
[0;32mI (278) app_init: ESP-IDF:          v5.4-dirty[0m
[0;32mI (283) efuse_init: Min chip rev:     v0.0[0m
[0;32mI (286) efuse_init: Max chip rev:     v0.99 [0m
[0;32mI (290) efuse_init: Chip rev:         v0.2[0m
[0;32mI (294) heap_init: Initializing. RAM available for dynamic allocation:[0m
[0;32mI (301) heap_init: At 3FCA2098 len 00047678 (285 KiB): RAM[0m
[0;32mI (306) heap_init: At 3FCE9710 len 00005724 (21 KiB): RAM[0m
[0;32mI (311) heap_init: At 3FCF0000 len 00008000 (32 KiB): DRAM[0m
[0;32mI (316) heap_init: At 600FE11C len 00001ECC (7 KiB): RTCRAM[0m
[0;32mI (322) spi_flash: detected chip: gd[0m
[0;32mI (325) spi_flash: flash io: dio[0m
[0;33mW (328) spi_flash: Detected size(8192k) larger than the size in the binary image header(2048k). Using the size in the binary image header.[0m
[0;32mI (340) sleep_gpio: Configure to isolate all GPIO pins in sleep state[0m
[0;32mI (346) sleep_gpio: Enable automatic switching of GPIO sleep configuration[0m
[0;32mI (353) main_task: Started on CPU0[0m
[0;32mI (363) main_task: Calling app_main()[0m
[0;32mI (383) pp: pp rom version: e7ae62f[0m
[0;32mI (383) net80211: net80211 rom version: e7ae62f[0m
[0;32mI (393) wifi:wifi driver task: 3fcae2e8, prio:23, stack:6656, core=0[0m
[0;32mI (403) wifi:wifi firmware version: 48ea317a7[0m
[0;32mI (403) wifi:wifi certification version: v7.0[0m
[0;32mI (403) wifi:config NVS flash: enabled[0m
[0;32mI (403) wifi:config nano formatting: disabled[0m
[0;32mI (403) wifi:Init data frame dynamic rx buffer num: 32[0m
[0;32mI (403) wifi:Init static rx mgmt buffer num: 5[0m
[0;32mI (403) wifi:Init management short buffer num: 32[0m
[0;32mI (403) wifi:Init dynamic tx buffer num: 32[0m
[0;32mI (403) wifi:Init static tx FG buffer num: 2[0m
[0;32mI (403) wifi:Init static rx buffer size: 2212[0m
[0;32mI (403) wifi:Init static rx buffer num: 10[0m
[0;32mI (403) wifi:Init dynamic rx buffer num: 32[0m
[0;32mI (403) wifi_init: rx ba win: 6[0m
[0;32mI (403) wifi_init: accept mbox: 6[0m
[0;32mI (403) wifi_init: tcpip mbox: 32[0m
[0;32mI (403) wifi_init: udp mbox: 6[0m
[0;32mI (403) wifi_init: tcp mbox: 6[0m
[0;32mI (403) wifi_init: tcp tx win: 5760[0m
[0;32mI (403) wifi_init: tcp rx win: 5760[0m
[0;32mI (403) wifi_init: tcp mss: 1440[0m
[0;32mI (403) wifi_init: WiFi IRAM OP enabled[0m
[0;32mI (403) wifi_init: WiFi RX IRAM OP enabled[0m
[0;32mI (413) wifi:Set ps type: 0, coexist: 0[0m

[0;32mI (413) phy_init: phy_version 680,a6008b2,Jun  4 2024,16:41:10[0m
[0;32mI (443) wifi:mode : sta (24:ec:4a:04:74:58)[0m
[0;32mI (443) wifi:enable tsf[0m
[0;33mW (443) wifi:Password length matches WPA2 standards, authmode threshold changes from OPEN to WPA2[0m
[0;32mI (453) wifi:ic_enable_sniffer[0m
[0;32mI (453) TAG: Ready: FTM 8 frames/session, CSI ~1Hz, UART=921600.[0m
[0;32mI (453) main_task: Returned from app_main()[0m
[0;32mI (453) wifi:new:<1,0>, old:<1,0>, ap:<255,255>, sta:<1,0>, prof:1, snd_ch_cfg:0x0[0m
[0;32mI (453) wifi:state: init -> auth (0xb0)[0m
[0;32mI (453) wifi:state: auth -> assoc (0x0)[0m
[0;32mI (463) wifi:Association refused temporarily time 1500, comeback time 1600 (TUs)[0m
csi_data,[0,0,12,-10,11,-10,11,-10,11,-10,11,-10,10,-10,10,-10,9,-10,9,-10,8,-10,8,-11,8,-11,8,-11,7,-11,7,-11,7,-12,8,-11,8,-11,8,-10,8,-10,8,-10,9,-9,9,-8,8,-8,8,-7,8,-6,0,0,0,0,0,0,0,0,0,0,0,0,0,0,0,0,0,0,0,0,0,0,5,-7,6,-7,6,-7,7,-7,8,-7,8,-7,9,-6,10,-6,10,-6,10,-6,10,-5,10,-5,10,-6,10,-6,10,-6,10,-6,10,-6,10,-7,10,-8,11,-8,11,-8,11,-9,11,-9,11,-10,11,-10,11,-10]
[0;32mI (2103) wifi:state: assoc -> assoc (0x0)[0m
[0;32mI (2113) wifi:state: assoc -> run (0x10)[0m
[0;32mI (2123) wifi:connected with FTM, aid = 1, channel 1, BW20, bssid = 24:ec:4a:03:58:5d[0m
[0;32mI (2133) wifi:security: WPA2-PSK, phy: bgn, rssi: -65[0m
[0;32mI (2133) wifi:pm start, type: 0[0m

[0;32mI (2133) wifi:dp: 1, bi: 102400, li: 3, scale listen interval from 307200 us to 307200 us[0m
[0;32mI (2133) wifi:set rx beacon pti, rx_bcn_pti: 0, bcn_timeout: 25000, mt_pti: 0, mt_time: 10000[0m
[1;31mE (2133) wifi:I (2133) TAG: STA connected. Current channel=1 (sec=0)[0m
channel=0 is invalid

[0;32mI (2183) wifi:AP's beacon interval = 102400 us, DTIM period = 1[0m
csi_data,[0,0,-8,-14,-8,-14,-8,-14,-8,-13,-8,-13,-8,-13,-8,-12,-9,-12,-9,-11,-9,-11,-9,-10,-10,-10,-10,-10,-10,-10,-10,-10,-11,-10,-11,-10,-10,-10,-10,-10,-9,-11,-9,-11,-8,-11,-7,-11,-7,-11,-6,-10,-5,-11,0,0,0,0,0,0,0,0,0,0,0,0,0,0,0,0,0,0,0,0,0,0,-6,-7,-5,-8,-5,-9,-5,-9,-5,-10,-5,-10,-4,-11,-4,-11,-4,-12,-4,-12,-4,-12,-4,-12,-4,-12,-4,-12,-4,-12,-5,-12,-5,-12,-5,-12,-6,-13,-6,-12,-6,-13,-7,-13,-7,-13,-8,-14,-8,-14,-8,-14]
[1;31mE (3133) wifi:channel=0 is invalid[0m

[0;32mI (3153) esp_netif_handlers: sta ip: 192.168.4.2, mask: 255.255.255.0, gw: 192.168.4.1[0m
csi_data,[0,0,16,0,15,0,15,0,15,0,14,-1,14,-1,14,-1,14,-2,13,-2,13,-3,13,-3,13,-3,13,-4,13,-4,13,-4,13,-4,13,-4,13,-3,13,-3,13,-3,13,-2,13,-1,12,-1,12,0,11,0,11,1,0,0,0,0,0,0,0,0,0,0,0,0,0,0,0,0,0,0,0,0,0,0,8,-1,9,-1,9,-1,9,0,10,0,10,1,11,1,11,2,11,3,11,3,11,3,11,3,11,3,11,3,11,3,12,2,12,2,12,1,12,1,13,1,13,1,14,1,14,1,14,0,15,0,16,0]
[1;31mE (4133) wifi:channel=0 is invalid[0m

csi_data,[0,0,-6,14,-6,14,-6,14,-6,13,-6,14,-5,13,-4,13,-4,13,-4,13,-4,12,-3,13,-3,13,-3,13,-2,13,-2,13,-2,13,-3,13,-3,13,-3,13,-3,12,-4,12,-5,11,-5,11,-5,10,-6,9,-6,9,0,0,0,0,0,0,0,0,0,0,0,0,0,0,0,0,0,0,0,0,0,0,-2,8,-2,8,-3,8,-4,9,-5,9,-6,9,-6,9,-6,9,-7,9,-7,9,-7,10,-8,9,-8,9,-8,9,-7,9,-7,10,-7,10,-6,10,-7,11,-6,12,-6,12,-6,13,-6,13,-6,13,-6,14,-6,14]
[1;31mE (5133) wifi:channel=0 is invalid[0m

csi_data,[0,0,-4,-15,-4,-16,-4,-15,-4,-15,-4,-15,-5,-14,-5,-14,-5,-14,-5,-14,-6,-14,-6,-13,-6,-13,-6,-13,-7,-12,-7,-12,-7,-13,-7,-13,-7,-13,-6,-13,-6,-13,-5,-13,-4,-12,-3,-12,-3,-12,-2,-12,-1,-11,0,0,0,0,0,0,0,0,0,0,0,0,0,0,0,0,0,0,0,0,0,0,-4,-8,-4,-9,-3,-10,-3,-10,-3,-11,-2,-11,-2,-12,-2,-12,-1,-12,0,-12,-1,-13,0,-13,-1,-12,0,-13,-1,-13,-1,-13,-2,-13,-2,-13,-2,-14,-2,-14,-3,-14,-3,-14,-4,-15,-4,-15,-4,-15,-4,-16]
[1;31mE (6133) wifi:channel=0 is invalid[0m

csi_data,[0,0,7,14,7,13,6,13,6,13,7,12,7,12,7,12,7,11,7,10,8,10,8,10,8,9,8,10,9,10,9,10,9,9,8,10,8,10,8,10,7,10,7,10,6,10,5,10,5,10,4,10,3,10,0,0,0,0,0,0,0,0,0,0,0,0,0,0,0,0,0,0,0,0,0,0,5,6,5,6,4,8,4,8,4,9,4,10,4,10,3,11,3,11,2,11,3,11,3,11,2,11,2,12,3,12,3,11,4,12,4,12,4,12,5,12,5,12,6,12,6,13,7,13,6,13,7,14]
[1;31mE (7133) wifi:channel=0 is invalid[0m

csi_data,[0,0,-16,2,-15,2,-15,3,-15,2,-15,3,-14,3,-14,3,-14,3,-13,4,-13,4,-13,4,-12,5,-12,5,-13,5,-13,6,-13,5,-13,5,-13,5,-13,4,-13,4,-13,4,-12,2,-12,2,-12,2,-11,0,-11,0,0,0,0,0,0,0,0,0,0,0,0,0,0,0,0,0,0,0,0,0,0,0,-8,2,-9,2,-10,1,-10,1,-11,1,-11,0,-12,0,-12,-1,-12,-1,-12,-1,-12,-1,-13,-2,-12,-1,-13,-1,-12,-1,-12,-1,-13,-1,-13,0,-13,0,-14,1,-14,1,-14,2,-15,1,-15,2,-15,2,-15,2]
[1;31mE (8133) wifi:channel=0 is invalid[0m

csi_data,[0,0,-1,-16,-1,-16,-1,-16,-1,-15,-1,-15,-1,-14,-2,-15,-2,-14,-3,-14,-3,-14,-4,-14,-4,-13,-4,-13,-5,-13,-4,-13,-5,-13,-4,-14,-4,-14,-3,-14,-3,-14,-3,-14,-1,-13,-1,-12,0,-12,0,-12,1,-11,0,0,0,0,0,0,0,0,0,0,0,0,0,0,0,0,0,0,0,0,0,0,-2,-9,-1,-9,0,-10,0,-10,1,-11,1,-11,1,-12,2,-12,2,-12,3,-11,3,-12,3,-12,3,-12,3,-12,3,-12,2,-12,2,-12,1,-12,1,-13,0,-13,1,-13,0,-14,0,-15,-1,-15,-1,-15,-1,-16]
[1;31mE (9133) wifi:channel=0 is invalid[0m

csi_data,[0,0,0,15,0,15,0,14,1,14,1,14,1,14,1,13,2,12,2,12,3,12,3,12,3,12,4,12,4,12,4,12,4,12,4,12,4,12,3,12,3,12,2,12,1,11,1,11,1,11,0,11,-1,10,0,0,0,0,0,0,0,0,0,0,0,0,0,0,0,0,0,0,0,0,0,0,2,10,2,10,1,11,1,11,0,12,-1,12,-1,13,-2,12,-2,13,-3,13,-3,13,-3,13,-3,12,-3,12,-3,12,-2,12,-2,13,-2,13,-1,13,-1,13,0,13,0,14,0,14,0,14,0,14,1,15]
[1;31mE (10133) wifi:channel=0 is invalid[0m

csi_data,[0,0,-15,2,-15,3,-15,3,-14,2,-14,3,-14,3,-14,3,-13,4,-13,4,-13,4,-12,5,-12,6,-12,6,-12,6,-13,6,-12,6,-13,6,-12,5,-13,5,-13,4,-13,4,-13,3,-12,3,-12,3,-12,2,-12,1,0,0,0,0,0,0,0,0,0,0,0,0,0,0,0,0,0,0,0,0,0,0,-10,3,-10,2,-11,2,-12,1,-12,1,-13,0,-13,-1,-13,-1,-13,-2,-14,-1,-13,-1,-13,-2,-13,-1,-13,-1,-12,-1,-13,-1,-13,-1,-13,0,-13,0,-14,0,-14,1,-14,1,-15,2,-15,2,-15,3,-15,2]
[1;31mE (11133) wifi:channel=0 is invalid[0m

csi_data,[0,0,7,12,7,11,7,11,7,11,7,11,7,10,8,10,8,9,8,9,9,8,9,8,10,8,10,7,10,7,11,7,11,8,11,8,11,8,11,9,10,9,10,10,9,9,8,10,8,10,7,10,6,10,0,0,0,0,0,0,0,0,0,0,0,0,0,0,0,0,0,0,0,0,0,0,6,9,5,10,5,10,4,11,4,11,4,12,3,12,2,12,2,13,1,13,2,13,1,13,2,12,2,12,2,12,3,12,3,12,3,12,4,11,4,12,5,11,5,12,6,12,6,12,7,12,7,12]
[1;31mE (12133) wifi:channel=0 is invalid[0m

csi_data,[0,0,-14,5,-14,5,-14,6,-13,6,-13,6,-12,6,-12,6,-11,6,-11,6,-11,7,-10,7,-10,8,-10,8,-10,9,-11,8,-11,9,-11,8,-11,8,-12,8,-11,7,-12,7,-12,6,-12,5,-12,5,-12,4,-11,3,0,0,0,0,0,0,0,0,0,0,0,0,0,0,0,0,0,0,0,0,0,0,-10,4,-11,4,-11,3,-12,4,-12,3,-12,2,-13,1,-13,1,-13,1,-13,1,-13,1,-13,1,-13,1,-12,1,-13,1,-13,1,-12,2,-12,2,-12,3,-12,3,-13,4,-13,4,-13,5,-13,6,-13,6,-14,6]
[1;31mE (13133) wifi:channel=0 is invalid[0m

csi_data,[0,0,14,1,14,1,14,0,14,1,14,0,13,0,13,-1,13,-1,13,-1,13,-2,12,-2,13,-3,12,-3,13,-3,13,-3,13,-3,13,-4,13,-3,13,-3,13,-2,13,-1,13,-1,13,0,12,0,12,1,11,2,0,0,0,0,0,0,0,0,0,0,0,0,0,0,0,0,0,0,0,0,0,0,10,-1,10,0,10,0,11,1,11,2,12,2,12,3,12,4,11,4,11,4,11,5,11,4,11,4,11,4,11,4,11,3,12,3,12,3,12,2,13,2,13,1,13,1,14,2,14,1,14,1,15,1]
[1;31mE (14133) wifi:channel=0 is invalid[0m

csi_data,[0,0,-13,-5,-13,-4,-13,-4,-13,-4,-13,-4,-13,-3,-13,-3,-13,-2,-13,-1,-13,-1,-13,0,-13,1,-13,1,-14,1,-14,1,-14,1,-15,1,-15,1,-15,0,-15,0,-15,-1,-15,-2,-14,-2,-14,-3,-14,-3,-13,-4,0,0,0,0,0,0,0,0,0,0,0,0,0,0,0,0,0,0,0,0,0,0,-12,-5,-12,-5,-12,-6,-12,-7,-12,-8,-12,-9,-11,-9,-11,-10,-11,-10,-10,-10,-10,-10,-10,-10,-10,-10,-9,-9,-9,-9,-10,-8,-10,-8,-10,-8,-11,-8,-11,-7,-11,-7,-12,-6,-12,-6,-13,-6,-13,-5,-13,-5]
[1;31mE (15133) wifi:channel=0 is invalid[0m

csi_data,[0,0,12,4,11,4,11,3,11,3,11,2,11,2,10,1,10,0,10,0,11,0,11,-1,10,-2,10,-2,10,-3,10,-3,11,-3,11,-3,11,-3,11,-4,11,-4,11,-3,11,-3,10,-3,10,-2,10,-1,10,-1,0,0,0,0,0,0,0,0,0,0,0,0,0,0,0,0,0,0,0,0,0,0,14,5,14,6,13,7,13,8,13,9,13,9,13,10,12,10,11,11,11,11,10,11,10,11,10,11,9,10,10,10,10,9,10,9,10,8,10,8,10,7,11,6,11,6,11,6,11,6,12,6,12,6]
[1;31mE (16133) wifi:channel=0 is invalid[0m

csi_data,[0,0,-3,-15,-3,-14,-2,-14,-3,-14,-3,-13,-4,-13,-4,-13,-4,-12,-5,-12,-5,-11,-6,-11,-6,-11,-6,-11,-6,-11,-6,-11,-7,-11,-7,-12,-6,-11,-6,-12,-6,-12,-6,-11,-5,-12,-4,-11,-4,-11,-3,-11,-3,-11,0,0,0,0,0,0,0,0,0,0,0,0,0,0,0,0,0,0,0,0,0,0,-4,-11,-4,-12,-3,-13,-2,-13,-2,-14,-1,-14,0,-14,0,-14,1,-14,1,-14,0,-14,1,-14,0,-14,1,-14,1,-13,0,-13,0,-14,0,-14,-1,-14,-1,-13,-2,-14,-2,-15,-3,-15,-3,-14,-3,-15,-3,-15]
[1;31mE (17133) wifi:channel=0 is invalid[0m

csi_data,[0,0,1,14,1,14,1,14,1,13,1,13,2,12,2,12,3,12,3,12,4,11,5,12,4,11,5,11,6,12,5,11,5,12,5,12,5,12,5,12,4,12,4,12,2,12,1,11,1,11,1,11,0,11,0,0,0,0,0,0,0,0,0,0,0,0,0,0,0,0,0,0,0,0,0,0,1,10,1,11,0,11,-1,12,-1,12,-2,12,-2,12,-3,13,-3,13,-4,12,-3,12,-3,13,-3,12,-3,12,-3,12,-2,12,-2,12,-2,12,-2,12,-1,13,-1,13,0,13,0,13,1,13,1,14,1,14]
[1;31mE (18133) wifi:channel=0 is invalid[0m

csi_data,[0,0,-15,-4,-15,-4,-15,-4,-14,-4,-14,-3,-14,-2,-14,-2,-14,-1,-14,-1,-13,-1,-13,0,-13,1,-14,1,-14,1,-13,1,-14,1,-14,1,-15,1,-15,1,-14,0,-14,0,-14,-1,-13,-2,-13,-2,-13,-3,-12,-3,0,0,0,0,0,0,0,0,0,0,0,0,0,0,0,0,0,0,0,0,0,0,-11,-3,-12,-4,-11,-4,-12,-5,-12,-6,-12,-7,-12,-7,-12,-8,-11,-8,-11,-8,-11,-9,-11,-8,-11,-8,-11,-8,-11,-8,-11,-7,-11,-7,-11,-6,-12,-6,-12,-6,-13,-5,-13,-5,-13,-5,-14,-4,-14,-5,-15,-4]
[1;31mE (19133) wifi:channel=0 is invalid[0m

csi_data,[0,0,-6,13,-6,13,-6,13,-6,13,-5,13,-5,13,-4,12,-3,12,-3,12,-2,13,-1,13,-1,13,-1,13,-1,13,-1,14,-1,14,-1,14,-1,14,-1,14,-1,14,-2,14,-3,13,-3,13,-4,13,-4,12,-5,11,0,0,0,0,0,0,0,0,0,0,0,0,0,0,0,0,0,0,0,0,0,0,-5,9,-5,10,-6,10,-7,10,-7,10,-8,10,-9,10,-9,10,-10,10,-10,9,-10,9,-10,9,-9,9,-9,9,-9,9,-9,9,-8,9,-8,10,-8,10,-7,11,-7,11,-7,12,-7,12,-7,12,-7,13,-7,13]
[1;31mE (20133) wifi:channel=0 is invalid[0m

csi_data,[0,0,-10,-12,-10,-11,-10,-11,-10,-11,-10,-10,-10,-10,-11,-9,-11,-9,-11,-8,-11,-8,-11,-8,-11,-7,-12,-8,-12,-7,-13,-7,-12,-7,-13,-7,-13,-8,-13,-7,-13,-8,-12,-8,-11,-9,-11,-9,-9,-9,-9,-10,-8,-10,0,0,0,0,0,0,0,0,0,0,0,0,0,0,0,0,0,0,0,0,0,0,-8,-9,-8,-10,-7,-10,-7,-11,-6,-12,-6,-13,-6,-13,-6,-13,-5,-13,-4,-13,-4,-13,-4,-13,-4,-13,-4,-13,-5,-12,-5,-12,-6,-12,-6,-12,-7,-12,-7,-12,-8,-12,-8,-12,-9,-12,-9,-12,-9,-12,-10,-12]
[1;31mE (21133) wifi:channel=0 is invalid[0m

csi_data,[0,0,14,-1,14,-2,14,-2,14,-2,14,-2,13,-2,13,-3,13,-3,12,-3,12,-4,12,-4,12,-5,12,-5,12,-5,12,-5,12,-5,12,-5,12,-5,12,-4,12,-4,12,-3,12,-3,11,-2,12,-1,11,-1,11,0,0,0,0,0,0,0,0,0,0,0,0,0,0,0,0,0,0,0,0,0,0,0,10,-2,11,-2,11,-1,11,0,12,0,12,1,12,2,12,2,12,3,12,3,12,3,12,3,12,3,12,2,12,2,12,2,12,2,12,1,13,1,13,0,13,0,13,-1,14,-1,14,-1,14,-1,15,-1]
[1;31mE (22133) wifi:channel=0 is invalid[0m

csi_data,[0,0,6,13,6,12,6,13,6,12,6,12,6,12,7,11,7,11,7,10,8,10,8,10,8,9,9,9,9,9,9,9,10,9,9,9,10,10,10,10,9,11,8,10,7,11,6,11,6,10,5,10,4,11,0,0,0,0,0,0,0,0,0,0,0,0,0,0,0,0,0,0,0,0,0,0,5,9,5,10,4,10,3,11,3,11,2,13,2,13,2,13,1,13,1,12,1,13,1,13,0,12,1,12,1,12,2,12,2,12,3,12,3,12,4,12,4,12,5,12,5,12,5,13,5,13,6,13]
[1;31mE (23133) wifi:channel=0 is invalid[0m

csi_data,[0,0,-6,-14,-6,-14,-6,-14,-6,-13,-6,-13,-6,-13,-6,-12,-7,-12,-7,-11,-8,-11,-8,-11,-8,-10,-8,-10,-9,-10,-9,-10,-9,-10,-9,-10,-9,-10,-9,-11,-8,-11,-8,-11,-7,-11,-6,-11,-6,-11,-5,-11,-4,-11,0,0,0,0,0,0,0,0,0,0,0,0,0,0,0,0,0,0,0,0,0,0,-6,-10,-5,-11,-4,-12,-4,-12,-4,-13,-3,-14,-3,-14,-2,-14,-2,-14,-1,-14,-1,-14,-1,-14,-1,-14,-1,-13,-2,-13,-2,-14,-2,-13,-3,-13,-3,-13,-4,-13,-4,-13,-4,-14,-5,-14,-5,-14,-5,-14,-6,-14]
[1;31mE (24133) wifi:channel=0 is invalid[0m

csi_data,[0,0,-15,-4,-15,-4,-15,-4,-14,-3,-15,-3,-14,-2,-14,-1,-14,-1,-13,-1,-13,0,-14,0,-13,0,-13,1,-14,1,-13,1,-14,1,-14,1,-14,1,-14,1,-14,0,-14,0,-13,-1,-13,-1,-12,-2,-12,-3,-12,-3,0,0,0,0,0,0,0,0,0,0,0,0,0,0,0,0,0,0,0,0,0,0,-12,-2,-12,-3,-12,-4,-13,-4,-12,-5,-13,-6,-13,-6,-13,-7,-12,-7,-12,-7,-12,-8,-11,-8,-12,-8,-11,-7,-12,-7,-12,-6,-12,-6,-12,-6,-13,-5,-14,-5,-14,-4,-14,-4,-14,-4,-15,-4,-15,-4,-15,-4]
[1;31mE (25133) wifi:channel=0 is invalid[0m

csi_data,[0,0,-12,9,-12,9,-12,9,-11,8,-11,9,-10,9,-10,9,-9,9,-9,9,-8,9,-8,10,-7,10,-7,10,-7,11,-7,10,-7,10,-7,11,-8,10,-8,10,-8,10,-8,9,-9,9,-9,8,-9,8,-9,7,-9,6,0,0,0,0,0,0,0,0,0,0,0,0,0,0,0,0,0,0,0,0,0,0,-9,7,-9,7,-10,7,-11,7,-11,7,-12,6,-12,6,-13,5,-13,5,-13,4,-13,4,-13,4,-13,4,-13,4,-12,5,-12,5,-12,5,-12,6,-12,6,-12,7,-12,7,-12,8,-12,8,-12,8,-12,9,-12,9]
[1;31mE (26133) wifi:channel=0 is invalid[0m

csi_data,[0,0,13,5,13,4,13,4,12,4,13,4,12,4,12,3,12,2,12,2,12,1,12,1,12,0,12,0,12,0,12,0,13,0,12,0,13,0,13,1,12,1,12,1,12,2,11,2,11,2,10,3,9,4,0,0,0,0,0,0,0,0,0,0,0,0,0,0,0,0,0,0,0,0,0,0,10,2,11,3,11,4,11,4,11,5,11,6,11,7,11,8,10,8,10,8,11,8,10,8,10,7,10,7,10,7,10,7,11,7,11,6,11,6,12,6,12,5,12,5,12,5,13,5,13,5,14,5]
[1;31mE (27133) wifi:channel=0 is invalid[0m

csi_data,[0,0,14,2,14,2,14,2,13,1,13,1,13,0,12,0,12,-1,12,-1,12,-2,12,-2,12,-3,11,-3,12,-4,12,-3,12,-3,12,-4,12,-3,12,-3,12,-2,12,-2,12,-1,11,-1,11,-1,11,0,10,1,0,0,0,0,0,0,0,0,0,0,0,0,0,0,0,0,0,0,0,0,0,0,11,0,12,1,12,2,12,3,12,3,12,4,12,5,12,5,12,6,12,6,12,6,12,6,11,6,11,5,12,5,11,5,12,4,12,4,12,4,12,3,13,3,13,3,14,2,14,2,14,2,14,2]
[1;31mE (28133) wifi:channel=0 is invalid[0m

csi_data,[0,0,5,-14,4,-14,4,-14,4,-14,4,-14,3,-13,3,-13,2,-13,1,-13,1,-13,0,-13,0,-13,0,-13,-1,-14,0,-13,-1,-14,0,-14,0,-14,0,-14,1,-14,1,-14,2,-13,2,-13,3,-12,3,-12,4,-11,0,0,0,0,0,0,0,0,0,0,0,0,0,0,0,0,0,0,0,0,0,0,2,-11,3,-12,4,-12,5,-12,5,-12,6,-12,7,-12,7,-11,8,-12,8,-11,8,-11,8,-11,8,-11,7,-11,8,-11,7,-11,6,-11,6,-11,6,-12,6,-12,5,-13,5,-13,5,-13,5,-14,5,-14,5,-14]
[1;31mE (29133) wifi:channel=0 is invalid[0m

csi_data,[0,0,-13,-8,-13,-7,-13,-7,-13,-7,-13,-7,-13,-6,-13,-5,-12,-5,-12,-4,-13,-4,-13,-4,-12,-3,-13,-2,-13,-2,-13,-2,-14,-2,-13,-2,-14,-3,-13,-3,-13,-3,-13,-4,-13,-4,-12,-5,-11,-5,-11,-6,-10,-6,0,0,0,0,0,0,0,0,0,0,0,0,0,0,0,0,0,0,0,0,0,0,-11,-4,-12,-5,-11,-6,-11,-7,-11,-8,-11,-8,-11,-9,-11,-10,-11,-10,-10,-10,-10,-11,-10,-10,-10,-10,-9,-10,-10,-10,-10,-9,-10,-9,-10,-9,-11,-8,-11,-8,-12,-8,-12,-8,-13,-7,-13,-8,-13,-8,-13,-8]
[1;31mE (30133) wifi:channel=0 is invalid[0m

csi_data,[0,0,-8,-13,-8,-12,-9,-12,-8,-12,-9,-12,-9,-11,-9,-11,-9,-10,-9,-9,-9,-9,-10,-9,-10,-8,-10,-8,-11,-8,-11,-8,-12,-8,-11,-8,-12,-9,-11,-9,-11,-9,-10,-9,-9,-9,-9,-9,-8,-9,-7,-9,-7,-10,0,0,0,0,0,0,0,0,0,0,0,0,0,0,0,0,0,0,0,0,0,0,-7,-9,-7,-10,-6,-11,-6,-12,-5,-12,-5,-13,-5,-13,-4,-13,-4,-14,-3,-13,-3,-14,-3,-13,-3,-13,-3,-13,-4,-13,-4,-13,-5,-13,-5,-12,-5,-13,-6,-12,-6,-12,-7,-13,-7,-12,-8,-13,-8,-13,-8,-13]
[1;31mE (31133) wifi:channel=0 is invalid[0m

csi_data,[0,0,-14,-5,-15,-5,-15,-4,-14,-4,-14,-4,-14,-4,-14,-3,-13,-3,-13,-2,-13,-2,-14,-1,-13,0,-13,0,-14,0,-14,0,-14,0,-14,0,-15,0,-15,-1,-14,-1,-14,-2,-14,-2,-13,-2,-13,-3,-12,-4,-11,-4,0,0,0,0,0,0,0,0,0,0,0,0,0,0,0,0,0,0,0,0,0,0,-11,-3,-12,-4,-12,-5,-12,-5,-12,-6,-12,-7,-12,-8,-12,-8,-12,-9,-11,-9,-11,-9,-11,-9,-11,-8,-11,-8,-11,-8,-11,-7,-12,-7,-12,-7,-12,-6,-12,-6,-13,-6,-14,-6,-14,-5,-14,-5,-15,-5,-15,-6]
[1;31mE (32133) wifi:channel=0 is invalid[0m

csi_data,[0,0,-9,11,-9,12,-9,11,-8,11,-8,11,-7,11,-7,11,-7,11,-6,11,-5,11,-5,11,-4,11,-4,12,-4,12,-4,12,-4,12,-4,13,-4,12,-5,12,-5,11,-6,12,-6,11,-7,10,-7,10,-7,9,-7,8,0,0,0,0,0,0,0,0,0,0,0,0,0,0,0,0,0,0,0,0,0,0,-6,9,-7,9,-8,9,-8,9,-10,9,-10,9,-10,8,-11,8,-11,8,-12,7,-12,7,-11,7,-11,7,-11,7,-10,7,-10,8,-10,8,-10,8,-10,9,-10,9,-10,9,-10,10,-9,10,-9,11,-9,11,-10,11]
[1;31mE (33133) wifi:channel=0 is invalid[0m

csi_data,[0,0,4,14,4,13,4,13,4,12,4,13,4,12,5,11,5,11,6,11,6,10,7,10,7,9,7,9,7,10,7,9,8,10,7,10,8,10,7,11,6,11,6,11,5,11,5,11,4,10,4,10,3,10,0,0,0,0,0,0,0,0,0,0,0,0,0,0,0,0,0,0,0,0,0,0,5,10,5,11,4,10,3,12,2,12,2,13,1,13,0,13,0,14,0,13,0,13,0,13,0,13,0,13,0,12,1,12,1,13,2,12,2,12,2,12,2,12,2,13,3,13,4,13,4,13,4,13]
[1;31mE (34133) wifi:channel=0 is invalid[0m

csi_data,[0,0,2,14,2,14,2,14,3,13,2,13,3,12,3,12,3,12,3,11,4,11,5,10,5,10,5,11,6,11,5,11,6,11,5,11,5,11,5,11,4,11,4,11,3,11,2,11,2,10,2,10,1,10,0,0,0,0,0,0,0,0,0,0,0,0,0,0,0,0,0,0,0,0,0,0,4,10,3,11,2,12,2,12,1,12,1,13,-1,13,-1,13,-2,13,-2,13,-2,13,-2,13,-2,13,-1,13,-1,13,-1,13,-1,13,0,12,0,13,0,13,1,13,1,14,2,14,2,14,2,14,3,14]
[1;31mE (35133) wifi:channel=0 is invalid[0m

csi_data,[0,0,-2,-15,-3,-15,-3,-15,-3,-14,-3,-14,-4,-13,-4,-13,-4,-13,-5,-12,-6,-12,-6,-12,-6,-12,-6,-12,-7,-11,-7,-12,-7,-12,-7,-12,-7,-12,-7,-13,-6,-12,-6,-13,-4,-12,-4,-12,-3,-12,-3,-12,-2,-11,0,0,0,0,0,0,0,0,0,0,0,0,0,0,0,0,0,0,0,0,0,0,-4,-11,-4,-12,-3,-12,-2,-13,-2,-14,-1,-14,-1,-14,0,-14,0,-14,1,-14,1,-14,1,-14,1,-14,1,-14,1,-13,0,-14,0,-13,0,-14,-1,-14,-2,-14,-2,-14,-2,-15,-3,-15,-3,-15,-3,-15,-3,-15]
[1;31mE (36133) wifi:channel=0 is invalid[0m

csi_data,[0,0,-6,13,-6,13,-6,13,-6,13,-5,12,-5,12,-4,12,-4,12,-3,12,-3,12,-2,12,-2,12,-1,12,-1,12,-1,13,-1,13,-1,13,-1,13,-1,12,-2,13,-3,12,-3,12,-3,12,-4,11,-4,10,-4,9,0,0,0,0,0,0,0,0,0,0,0,0,0,0,0,0,0,0,0,0,0,0,-4,9,-4,10,-6,10,-6,10,-7,10,-8,10,-8,10,-9,9,-9,9,-10,9,-10,9,-9,9,-9,9,-9,9,-9,9,-8,9,-8,9,-8,10,-7,10,-7,11,-7,11,-7,12,-6,13,-6,13,-6,13,-6,13]
[1;31mE (37133) wifi:channel=0 is invalid[0m

csi_data,[0,0,-4,14,-4,14,-4,14,-4,14,-3,14,-3,13,-3,13,-2,13,-1,13,-1,12,0,12,0,12,0,12,0,12,1,13,1,13,0,13,0,13,0,13,-1,13,-1,13,-2,12,-2,12,-3,11,-3,10,-4,10,0,0,0,0,0,0,0,0,0,0,0,0,0,0,0,0,0,0,0,0,0,0,-1,10,-2,10,-3,11,-3,11,-4,11,-5,11,-5,12,-6,11,-7,11,-7,11,-7,11,-7,11,-7,11,-7,11,-6,11,-6,11,-5,11,-5,12,-5,12,-5,13,-5,12,-4,14,-4,13,-4,14,-4,14,-4,14]
[1;31mE (38133) wifi:channel=0 is invalid[0m

csi_data,[0,0,1,15,2,15,2,14,2,14,2,13,2,13,2,13,3,12,3,12,4,12,4,12,4,11,5,11,5,11,5,12,5,11,5,12,5,12,5,12,4,12,3,12,2,12,2,12,1,11,1,11,0,11,0,0,0,0,0,0,0,0,0,0,0,0,0,0,0,0,0,0,0,0,0,0,3,9,3,10,2,11,1,11,1,12,0,12,0,13,-1,12,-1,13,-2,13,-1,13,-2,13,-2,13,-2,12,-1,12,-1,13,-1,12,0,13,0,13,0,13,0,13,1,14,2,14,2,14,2,15,2,15]
[1;31mE (39133) wifi:channel=0 is invalid[0m

csi_data,[0,0,-1,15,-1,14,-1,14,0,14,0,14,0,13,0,13,1,13,1,12,2,12,2,12,2,12,3,12,3,12,3,11,4,12,3,12,3,12,3,12,2,12,2,12,1,12,1,11,0,11,0,10,-1,10,0,0,0,0,0,0,0,0,0,0,0,0,0,0,0,0,0,0,0,0,0,0,1,10,0,10,-1,11,-2,11,-2,12,-3,12,-3,12,-4,12,-4,12,-5,12,-5,12,-5,12,-5,12,-4,12,-4,12,-4,12,-3,12,-3,12,-3,12,-2,13,-2,13,-2,13,-1,14,-1,14,-1,14,-1,15]
[1;31mE (40133) wifi:channel=0 is invalid[0m

csi_data,[0,0,5,13,5,13,5,13,5,12,5,12,5,12,5,12,6,11,6,10,7,10,7,10,7,9,7,9,8,9,8,9,8,9,8,10,8,9,8,10,7,10,6,10,6,10,5,10,5,10,4,10,3,10,0,0,0,0,0,0,0,0,0,0,0,0,0,0,0,0,0,0,0,0,0,0,5,9,5,9,4,10,4,11,4,12,3,12,2,12,2,12,1,13,1,13,1,13,1,13,1,12,1,12,1,12,1,12,2,12,3,12,2,12,3,12,4,12,4,13,5,13,5,13,5,13,5,13]
[1;31mE (41133) wifi:channel=0 is invalid[0m

csi_data,[0,0,-15,-3,-15,-3,-15,-3,-14,-3,-15,-2,-14,-2,-14,-2,-14,-1,-13,0,-13,0,-14,0,-13,1,-13,1,-13,1,-13,1,-14,1,-13,1,-14,1,-14,1,-14,0,-14,0,-13,-1,-12,-1,-12,-2,-12,-2,-11,-3,0,0,0,0,0,0,0,0,0,0,0,0,0,0,0,0,0,0,0,0,0,0,-12,0,-12,-1,-12,-2,-12,-3,-13,-3,-13,-5,-13,-5,-13,-6,-13,-6,-13,-6,-13,-7,-13,-6,-12,-6,-12,-6,-12,-5,-13,-6,-13,-5,-13,-5,-14,-5,-14,-4,-14,-4,-14,-4,-15,-3,-15,-3,-15,-3,-15,-3]
[1;31mE (42133) wifi:channel=0 is invalid[0m

csi_data,[0,0,-4,-15,-4,-15,-4,-15,-4,-15,-4,-14,-4,-14,-5,-13,-5,-13,-5,-13,-6,-12,-7,-12,-7,-12,-8,-11,-8,-12,-8,-11,-8,-12,-8,-12,-8,-12,-7,-12,-7,-12,-6,-12,-5,-12,-5,-12,-5,-12,-4,-12,-3,-11,0,0,0,0,0,0,0,0,0,0,0,0,0,0,0,0,0,0,0,0,0,0,-4,-11,-4,-11,-3,-12,-3,-12,-2,-13,-2,-14,-1,-13,0,-14,1,-14,1,-14,0,-14,1,-14,1,-14,0,-13,0,-13,-1,-14,-1,-13,-1,-13,-2,-14,-2,-14,-2,-14,-2,-14,-3,-15,-4,-15,-3,-15,-3,-15]
[1;31mE (43133) wifi:channel=0 is invalid[0m

csi_data,[0,0,8,-11,9,-12,8,-12,8,-11,7,-11,7,-11,6,-12,6,-12,5,-12,5,-12,5,-12,4,-12,4,-12,3,-12,3,-13,3,-12,4,-13,4,-13,4,-13,5,-12,5,-12,5,-12,5,-11,6,-11,6,-10,6,-9,0,0,0,0,0,0,0,0,0,0,0,0,0,0,0,0,0,0,0,0,0,0,6,-9,6,-9,7,-9,8,-9,9,-9,9,-9,10,-8,10,-8,11,-8,11,-7,11,-7,10,-7,11,-7,10,-7,10,-7,10,-8,10,-8,9,-9,9,-9,9,-10,9,-10,9,-10,9,-11,9,-11,9,-11,9,-12]
[1;31mE (44133) wifi:channel=0 is invalid[0m

csi_data,[0,0,-14,-6,-14,-6,-13,-6,-14,-6,-13,-5,-13,-5,-13,-4,-13,-4,-13,-3,-13,-3,-13,-3,-13,-2,-13,-2,-13,-1,-14,-1,-14,-1,-14,-2,-14,-2,-14,-2,-14,-3,-13,-3,-13,-4,-12,-4,-12,-4,-11,-5,-11,-5,0,0,0,0,0,0,0,0,0,0,0,0,0,0,0,0,0,0,0,0,0,0,-11,-4,-11,-5,-11,-6,-11,-7,-12,-7,-11,-8,-11,-9,-11,-9,-11,-9,-11,-10,-10,-10,-10,-10,-10,-10,-10,-9,-10,-9,-11,-9,-11,-8,-11,-8,-11,-8,-12,-7,-12,-7,-13,-7,-13,-7,-13,-6,-14,-7,-14,-7]
[1;31mE (45133) wifi:channel=0 is invalid[0m

csi_data,[0,0,2,-15,1,-15,1,-15,1,-14,1,-15,0,-14,0,-14,-1,-14,-1,-13,-2,-13,-2,-13,-3,-13,-3,-13,-3,-14,-3,-13,-3,-14,-3,-14,-3,-14,-3,-14,-2,-14,-2,-14,-1,-14,0,-13,0,-13,1,-12,1,-12,0,0,0,0,0,0,0,0,0,0,0,0,0,0,0,0,0,0,0,0,0,0,0,-12,0,-12,1,-12,2,-13,3,-13,3,-13,4,-13,4,-13,5,-13,5,-12,5,-13,5,-12,5,-12,5,-12,5,-13,4,-12,4,-13,3,-13,4,-13,3,-13,3,-14,2,-14,2,-14,2,-15,2,-15,2,-15]
[1;31mE (46133) wifi:channel=0 is invalid[0m

csi_data,[0,0,-15,-2,-15,-1,-15,-1,-14,-1,-14,-1,-14,0,-13,0,-13,1,-13,1,-13,1,-13,2,-12,2,-13,3,-13,3,-12,3,-13,3,-13,3,-13,3,-13,3,-13,2,-13,2,-13,1,-12,1,-12,0,-12,-1,-11,-1,0,0,0,0,0,0,0,0,0,0,0,0,0,0,0,0,0,0,0,0,0,0,-12,0,-12,-1,-12,-1,-13,-2,-13,-3,-13,-4,-13,-4,-13,-5,-13,-5,-13,-6,-13,-5,-12,-6,-12,-5,-13,-5,-12,-5,-13,-5,-13,-4,-13,-4,-13,-3,-13,-3,-14,-2,-14,-2,-14,-2,-15,-2,-15,-2,-15,-2]
[1;31mE (47133) wifi:channel=0 is invalid[0m

csi_data,[0,0,6,13,6,12,6,12,7,12,7,11,7,11,7,10,7,9,7,9,8,8,8,8,9,8,9,8,9,8,9,8,10,8,9,8,9,8,9,8,9,8,9,8,8,9,7,9,7,9,6,9,5,9,0,0,0,0,0,0,0,0,0,0,0,0,0,0,0,0,0,0,0,0,0,0,6,9,5,10,5,10,4,11,4,12,4,12,3,13,3,13,2,13,2,12,2,13,2,13,2,13,2,12,2,12,2,12,3,12,4,12,3,12,5,12,5,12,5,12,6,12,6,12,6,13,7,13]
[1;31mE (48133) wifi:channel=0 is invalid[0m

csi_data,[0,0,7,-14,7,-13,7,-14,6,-14,7,-13,6,-13,5,-13,4,-13,4,-13,4,-12,3,-13,3,-13,3,-13,3,-14,2,-13,2,-14,3,-13,3,-14,3,-14,3,-13,4,-13,5,-12,5,-12,5,-11,5,-10,6,-10,0,0,0,0,0,0,0,0,0,0,0,0,0,0,0,0,0,0,0,0,0,0,3,-11,3,-11,4,-10,5,-11,6,-11,7,-11,7,-11,8,-11,8,-10,8,-10,9,-10,9,-10,9,-10,9,-10,8,-10,8,-10,8,-11,7,-11,8,-12,7,-12,7,-12,7,-13,7,-13,7,-13,7,-13,7,-14]
[1;31mE (49133) wifi:channel=0 is invalid[0m

csi_data,[0,0,-5,-15,-5,-15,-5,-15,-5,-14,-5,-14,-5,-14,-6,-13,-6,-13,-6,-12,-6,-12,-7,-12,-7,-11,-7,-11,-8,-12,-8,-11,-8,-12,-8,-12,-8,-12,-7,-12,-7,-12,-6,-12,-5,-12,-5,-12,-5,-12,-4,-11,-3,-11,0,0,0,0,0,0,0,0,0,0,0,0,0,0,0,0,0,0,0,0,0,0,-6,-9,-6,-10,-5,-11,-5,-12,-4,-12,-4,-13,-3,-14,-3,-14,-2,-13,-2,-13,-1,-13,-2,-14,-2,-13,-2,-13,-2,-13,-2,-13,-3,-13,-3,-13,-4,-14,-4,-14,-4,-14,-5,-15,-5,-14,-5,-15,-5,-15,-6,-15]
[1;31mE (50133) wifi:channel=0 is invalid[0m

csi_data,[0,0,-1,-15,-1,-15,-1,-16,-1,-14,-1,-15,-2,-14,-3,-14,-3,-13,-3,-13,-4,-13,-4,-13,-5,-12,-5,-12,-5,-13,-5,-12,-6,-13,-5,-13,-5,-13,-5,-13,-4,-13,-4,-13,-3,-13,-3,-12,-2,-12,-2,-11,-1,-11,0,0,0,0,0,0,0,0,0,0,0,0,0,0,0,0,0,0,0,0,0,0,-2,-11,-2,-12,-1,-12,0,-13,0,-13,1,-14,1,-13,2,-14,3,-13,3,-13,3,-13,3,-13,3,-13,3,-13,2,-13,2,-13,2,-13,1,-13,1,-14,0,-14,0,-14,0,-15,-1,-15,-1,-15,-1,-15,-1,-16]
[1;31mE (51133) wifi:channel=0 is invalid[0m

csi_data,[0,0,-10,12,-10,11,-10,11,-9,11,-9,11,-9,11,-8,11,-7,11,-7,11,-7,11,-6,11,-6,11,-5,11,-5,12,-5,12,-5,12,-6,12,-6,12,-6,12,-6,11,-7,11,-7,10,-7,10,-8,9,-7,8,-8,7,0,0,0,0,0,0,0,0,0,0,0,0,0,0,0,0,0,0,0,0,0,0,-6,9,-6,9,-7,9,-8,9,-8,9,-9,9,-10,8,-11,8,-11,8,-11,8,-11,7,-11,7,-11,7,-11,7,-11,7,-10,8,-10,8,-10,8,-10,9,-10,10,-10,10,-10,10,-10,10,-10,11,-10,11,-10,11]
[1;31mE (52133) wifi:channel=0 is invalid[0m

csi_data,[0,0,3,14,3,13,3,13,3,13,3,13,3,12,4,12,4,12,4,12,5,11,5,11,5,10,5,11,6,10,6,10,6,11,6,11,6,11,5,11,5,11,5,11,4,11,3,11,2,10,2,10,1,10,0,0,0,0,0,0,0,0,0,0,0,0,0,0,0,0,0,0,0,0,0,0,3,9,3,10,3,10,2,11,1,11,1,12,0,12,0,12,0,12,-1,12,-1,13,-1,12,-2,12,-1,12,-1,12,0,12,0,12,1,12,1,12,1,12,2,13,2,13,2,13,3,13,2,14,3,14]
[1;31mE (53133) wifi:channel=0 is invalid[0m

csi_data,[0,0,-10,11,-10,12,-9,11,-9,11,-9,11,-9,11,-8,11,-7,11,-7,10,-6,11,-6,11,-5,11,-5,11,-5,11,-5,12,-4,11,-5,12,-5,12,-6,11,-6,11,-6,10,-7,10,-7,10,-7,9,-7,8,-7,7,0,0,0,0,0,0,0,0,0,0,0,0,0,0,0,0,0,0,0,0,0,0,-5,9,-6,9,-7,9,-8,9,-9,9,-9,9,-10,9,-10,8,-11,8,-11,8,-11,8,-11,7,-11,7,-11,7,-11,8,-10,8,-10,8,-10,9,-10,9,-10,10,-10,10,-10,11,-10,11,-10,11,-10,11,-10,11]
[1;31mE (54133) wifi:channel=0 is invalid[0m

csi_data,[0,0,-7,-14,-7,-14,-7,-13,-7,-13,-7,-13,-8,-12,-7,-12,-7,-12,-8,-11,-9,-11,-9,-10,-9,-10,-9,-9,-10,-10,-10,-10,-10,-10,-10,-10,-10,-10,-9,-10,-8,-10,-8,-11,-7,-11,-7,-10,-7,-10,-6,-10,-5,-10,0,0,0,0,0,0,0,0,0,0,0,0,0,0,0,0,0,0,0,0,0,0,-7,-9,-7,-10,-6,-11,-5,-11,-6,-12,-5,-12,-4,-13,-4,-13,-4,-14,-3,-14,-4,-14,-3,-14,-3,-14,-3,-13,-3,-13,-4,-13,-4,-13,-5,-13,-5,-13,-5,-13,-6,-13,-6,-14,-7,-14,-7,-14,-7,-14,-7,-14]
[1;31mE (55133) wifi:channel=0 is invalid[0m

csi_data,[0,0,-14,-8,-14,-7,-14,-7,-13,-7,-13,-6,-13,-6,-13,-5,-13,-5,-13,-4,-13,-4,-13,-4,-13,-3,-12,-3,-13,-2,-13,-2,-14,-2,-13,-3,-14,-3,-13,-3,-13,-3,-13,-3,-12,-4,-11,-4,-11,-4,-10,-5,-10,-6,0,0,0,0,0,0,0,0,0,0,0,0,0,0,0,0,0,0,0,0,0,0,-11,-4,-11,-5,-12,-5,-12,-6,-12,-7,-12,-8,-12,-8,-11,-9,-11,-10,-11,-10,-11,-10,-10,-10,-10,-10,-10,-9,-10,-9,-11,-9,-11,-9,-11,-8,-12,-8,-12,-8,-12,-8,-13,-7,-13,-8,-14,-7,-14,-8,-14,-7]
[1;31mE (56133) wifi:channel=0 is invalid[0m

csi_data,[0,0,-11,11,-10,11,-11,11,-10,11,-10,11,-9,10,-8,10,-8,10,-7,11,-7,10,-7,11,-6,11,-6,11,-6,12,-5,11,-6,12,-6,12,-6,12,-6,11,-6,11,-7,11,-7,10,-7,9,-7,9,-8,8,-8,8,0,0,0,0,0,0,0,0,0,0,0,0,0,0,0,0,0,0,0,0,0,0,-6,8,-7,8,-8,8,-8,8,-9,8,-10,8,-11,7,-11,7,-11,7,-12,6,-12,6,-12,6,-12,6,-11,6,-11,6,-11,7,-11,7,-10,8,-11,8,-10,9,-10,9,-11,10,-10,10,-10,10,-11,11,-11,11]
[1;31mE (57133) wifi:channel=0 is invalid[0m

csi_data,[0,0,-12,-11,-12,-10,-12,-10,-12,-10,-12,-9,-12,-9,-11,-8,-11,-8,-11,-7,-12,-7,-12,-6,-12,-5,-12,-5,-12,-6,-12,-6,-13,-5,-12,-6,-12,-6,-12,-6,-12,-6,-11,-7,-10,-7,-10,-7,-9,-7,-9,-8,-8,-7,0,0,0,0,0,0,0,0,0,0,0,0,0,0,0,0,0,0,0,0,0,0,-10,-6,-10,-7,-10,-7,-10,-8,-10,-9,-10,-10,-9,-11,-9,-11,-9,-11,-8,-12,-8,-11,-9,-11,-8,-11,-8,-11,-8,-11,-9,-11,-9,-10,-9,-10,-10,-11,-10,-10,-10,-10,-11,-10,-12,-10,-12,-10,-12,-10,-12,-10]
[1;31mE (58133) wifi:channel=0 is invalid[0m

csi_data,[0,0,14,-4,13,-4,13,-4,13,-4,13,-5,12,-5,12,-5,12,-5,11,-6,11,-6,11,-7,10,-7,10,-7,11,-7,10,-7,11,-7,11,-7,11,-7,11,-7,11,-6,11,-5,11,-5,11,-4,11,-4,10,-3,10,-3,0,0,0,0,0,0,0,0,0,0,0,0,0,0,0,0,0,0,0,0,0,0,9,-5,10,-5,10,-4,11,-4,12,-3,12,-2,13,-2,13,-1,13,-1,13,0,13,0,13,0,13,-1,12,0,12,0,12,-1,12,-1,12,-2,13,-2,13,-3,13,-3,13,-3,13,-3,14,-4,14,-4,14,-4]
[1;31mE (59133) wifi:channel=0 is invalid[0m

csi_data,[0,0,-1,15,-1,14,-1,14,0,13,0,14,0,13,1,13,1,12,2,12,2,11,3,12,3,12,3,12,4,11,4,11,4,12,3,12,4,12,3,12,3,12,2,12,2,12,1,11,0,11,0,11,0,10,0,0,0,0,0,0,0,0,0,0,0,0,0,0,0,0,0,0,0,0,0,0,1,10,0,11,0,11,-1,12,-2,12,-2,13,-3,13,-3,13,-4,12,-5,12,-5,12,-5,12,-5,12,-5,12,-4,12,-4,12,-4,12,-3,12,-3,13,-2,13,-2,13,-2,14,-1,14,-1,14,-1,14,-1,14]
[1;31mE (60133) wifi:channel=0 is invalid[0m

csi_data,[0,0,13,6,13,5,13,5,12,5,12,5,12,4,12,4,12,4,12,3,12,3,12,2,12,2,12,1,12,1,13,1,13,1,13,1,13,1,13,2,12,2,12,3,11,3,11,4,10,4,10,4,9,5,0,0,0,0,0,0,0,0,0,0,0,0,0,0,0,0,0,0,0,0,0,0,10,2,10,3,10,4,10,5,10,5,10,6,10,7,10,7,10,8,10,8,9,8,9,8,9,8,9,8,9,8,10,7,10,7,10,7,10,6,11,6,11,6,12,6,12,6,13,6,13,6,13,6]
[1;31mE (61133) wifi:channel=0 is invalid[0m

csi_data,[0,0,5,13,5,13,5,13,5,13,5,12,5,12,5,11,6,11,6,11,6,10,7,10,7,10,6,9,7,9,8,9,8,9,8,10,7,10,8,10,7,10,6,10,5,10,5,10,4,10,4,10,3,10,0,0,0,0,0,0,0,0,0,0,0,0,0,0,0,0,0,0,0,0,0,0,5,9,5,9,4,10,3,11,3,11,3,12,2,13,2,13,1,13,0,13,0,13,0,13,0,12,0,12,1,12,1,12,2,13,2,12,2,12,3,12,4,13,4,13,4,13,4,14,4,13,4,13]
[1;31mE (62133) wifi:channel=0 is invalid[0m

csi_data,[0,0,-1,14,-1,14,-1,14,-1,14,-1,13,-1,13,0,13,1,13,1,12,2,12,2,12,2,12,3,11,3,12,3,12,3,12,3,12,3,12,2,13,2,12,1,12,1,12,0,12,0,11,0,11,-1,10,0,0,0,0,0,0,0,0,0,0,0,0,0,0,0,0,0,0,0,0,0,0,1,10,0,11,-1,11,-2,11,-2,12,-3,12,-4,12,-4,12,-5,12,-5,12,-5,12,-5,12,-5,12,-5,12,-4,11,-4,12,-4,12,-3,12,-3,12,-3,13,-3,13,-2,13,-2,14,-1,14,-1,14,-1,14]
[1;31mE (63133) wifi:channel=0 is invalid[0m

csi_data,[0,0,14,3,14,2,13,1,14,2,13,1,13,1,13,0,13,0,12,0,12,-1,12,-2,12,-3,12,-3,12,-3,13,-3,13,-3,13,-3,13,-2,13,-2,13,-1,13,-1,12,0,12,0,12,0,11,2,11,2,0,0,0,0,0,0,0,0,0,0,0,0,0,0,0,0,0,0,0,0,0,0,10,0,11,1,11,2,11,3,11,3,11,4,11,5,11,5,11,6,11,6,11,6,11,6,11,5,11,5,10,5,11,5,11,4,11,4,12,3,12,4,12,3,13,3,13,3,13,2,14,2,14,2]
[1;31mE (64133) wifi:channel=0 is invalid[0m

csi_data,[0,0,9,11,9,11,9,11,9,10,9,10,9,9,9,9,9,8,9,7,10,7,10,7,10,6,10,6,11,6,11,6,11,6,11,6,11,7,11,7,11,7,10,7,9,8,9,8,8,8,7,8,7,8,0,0,0,0,0,0,0,0,0,0,0,0,0,0,0,0,0,0,0,0,0,0,7,8,7,9,7,9,6,10,6,11,5,11,5,12,5,12,4,13,3,12,4,13,4,12,4,12,4,12,4,11,4,12,5,11,5,11,6,11,7,11,7,11,7,11,8,11,8,11,8,11,9,11]
[1;31mE (65133) wifi:channel=0 is invalid[0m

csi_data,[0,0,7,13,6,12,7,12,7,12,7,12,7,11,7,10,7,10,7,9,8,9,9,9,8,8,8,8,9,8,9,8,10,8,9,8,9,8,9,8,9,9,8,9,7,9,7,9,6,9,6,9,5,9,0,0,0,0,0,0,0,0,0,0,0,0,0,0,0,0,0,0,0,0,0,0,6,8,6,9,5,9,5,10,5,11,4,12,4,12,4,12,3,12,2,12,2,13,2,13,2,12,2,12,3,12,3,12,4,12,4,11,4,12,5,12,5,12,6,12,6,12,6,12,7,12,7,13]
[1;31mE (66133) wifi:channel=0 is invalid[0m

csi_data,[0,0,13,6,13,5,12,5,13,5,12,4,12,5,11,4,11,3,11,3,11,2,12,2,11,1,11,1,11,1,12,1,12,1,12,1,12,1,11,2,11,2,11,3,10,2,10,3,9,3,9,3,8,4,0,0,0,0,0,0,0,0,0,0,0,0,0,0,0,0,0,0,0,0,0,0,11,3,11,3,11,4,11,5,11,6,11,6,11,8,10,8,10,8,10,9,10,8,10,8,10,8,10,8,9,8,10,7,10,7,10,7,11,6,11,6,11,6,12,6,13,6,13,5,13,5,13,6]
[1;31mE (67133) wifi:channel=0 is invalid[0m

csi_data,[0,0,3,14,2,14,3,14,3,13,3,13,3,12,3,12,4,11,4,11,4,11,5,11,4,10,5,10,5,10,6,10,5,10,5,10,5,10,5,10,4,10,4,10,3,10,2,9,2,9,1,8,1,8,0,0,0,0,0,0,0,0,0,0,0,0,0,0,0,0,0,0,0,0,0,0,4,10,3,11,2,12,1,12,1,13,0,13,0,14,-1,14,-1,14,-2,13,-2,13,-2,13,-2,13,-2,13,-1,13,-1,13,-1,13,0,12,0,13,1,13,1,13,2,14,2,14,2,14,2,14,2,15]
[1;31mE (68133) wifi:channel=0 is invalid[0m

csi_data,[0,0,-5,-15,-6,-15,-5,-14,-6,-14,-6,-14,-6,-13,-6,-13,-6,-12,-7,-12,-7,-11,-7,-11,-8,-11,-7,-11,-8,-11,-8,-10,-8,-11,-8,-11,-8,-11,-8,-11,-7,-11,-6,-11,-5,-11,-5,-11,-4,-10,-4,-10,-3,-10,0,0,0,0,0,0,0,0,0,0,0,0,0,0,0,0,0,0,0,0,0,0,-5,-11,-5,-12,-4,-12,-4,-13,-3,-13,-3,-14,-2,-14,-1,-15,-1,-15,0,-14,-1,-14,-1,-14,0,-14,-1,-14,-1,-14,-2,-14,-2,-14,-2,-14,-3,-14,-3,-14,-4,-14,-4,-14,-5,-14,-5,-15,-5,-15,-5,-15]
[1;31mE (69133) wifi:channel=0 is invalid[0m

csi_data,[0,0,4,-14,4,-15,3,-14,3,-14,3,-14,2,-14,2,-14,2,-13,1,-13,1,-13,0,-13,0,-13,0,-13,-1,-13,-1,-13,-1,-13,0,-13,0,-13,0,-13,1,-13,1,-12,2,-12,2,-11,2,-10,3,-10,3,-9,0,0,0,0,0,0,0,0,0,0,0,0,0,0,0,0,0,0,0,0,0,0,1,-12,2,-12,3,-12,3,-12,4,-12,5,-13,5,-13,6,-12,6,-12,7,-12,7,-12,7,-11,7,-11,7,-11,6,-12,6,-12,5,-12,5,-12,5,-13,5,-13,4,-13,4,-14,4,-14,4,-14,4,-14,4,-15]
[1;31mE (70133) wifi:channel=0 is invalid[0m

csi_data,[0,0,-15,0,-15,0,-15,0,-15,0,-14,0,-14,1,-14,1,-13,2,-13,2,-13,2,-13,2,-12,3,-12,3,-12,4,-12,4,-12,4,-12,4,-12,3,-13,3,-12,3,-12,2,-12,2,-11,2,-10,0,-10,0,-10,0,0,0,0,0,0,0,0,0,0,0,0,0,0,0,0,0,0,0,0,0,0,0,-12,0,-13,0,-13,-1,-13,-2,-14,-2,-13,-3,-14,-4,-13,-4,-14,-5,-14,-5,-14,-5,-13,-5,-13,-6,-13,-5,-13,-4,-13,-4,-13,-4,-13,-3,-14,-3,-14,-1,-14,-1,-15,-1,-15,-1,-15,-1,-15,-1,-15,-1]
[1;31mE (71133) wifi:channel=0 is invalid[0m

csi_data,[0,0,12,-8,12,-8,11,-8,11,-7,11,-8,10,-8,10,-8,9,-8,9,-8,8,-9,8,-9,8,-9,7,-9,7,-10,8,-9,8,-9,7,-9,7,-9,7,-9,8,-8,8,-8,8,-7,8,-7,7,-6,7,-5,8,-5,0,0,0,0,0,0,0,0,0,0,0,0,0,0,0,0,0,0,0,0,0,0,8,-8,9,-7,10,-7,10,-7,11,-6,12,-5,12,-5,12,-5,13,-4,12,-4,12,-4,12,-4,12,-4,12,-4,12,-4,12,-4,11,-4,11,-6,11,-6,12,-6,11,-7,12,-7,12,-8,12,-8,12,-8,12,-9]
[1;31mE (72133) wifi:channel=0 is invalid[0m

csi_data,[0,0,2,15,2,14,2,14,2,13,3,13,3,13,3,12,3,12,4,12,4,11,5,11,5,11,5,11,5,11,5,10,6,11,5,11,5,11,5,11,4,11,4,11,3,10,2,10,2,10,2,10,1,9,0,0,0,0,0,0,0,0,0,0,0,0,0,0,0,0,0,0,0,0,0,0,3,10,2,11,2,11,1,12,1,12,0,13,-1,13,-1,13,-2,13,-2,13,-2,13,-2,13,-2,13,-2,13,-2,13,-1,13,-1,13,0,12,0,13,1,13,1,13,1,14,2,14,2,14,2,14,3,14]
[1;31mE (73133) wifi:channel=0 is invalid[0m

csi_data,[0,0,-11,9,-11,9,-11,9,-10,9,-9,9,-9,9,-9,9,-8,9,-8,9,-7,9,-7,9,-6,9,-6,10,-6,10,-6,10,-6,10,-6,10,-7,10,-7,10,-7,9,-7,9,-8,8,-7,7,-7,7,-7,6,-8,6,0,0,0,0,0,0,0,0,0,0,0,0,0,0,0,0,0,0,0,0,0,0,-7,8,-8,8,-9,9,-10,8,-11,8,-11,7,-12,7,-12,6,-12,6,-12,6,-13,6,-12,6,-12,6,-12,6,-11,6,-12,6,-11,6,-11,7,-11,7,-11,8,-11,8,-11,9,-11,9,-11,9,-11,10,-11,10]
[1;31mE (74133) wifi:channel=0 is invalid[0m

csi_data,[0,0,-15,-2,-14,-2,-14,-2,-14,-2,-14,-1,-14,-1,-13,-1,-13,0,-13,-1,-12,1,-13,1,-12,2,-12,1,-12,2,-13,1,-13,2,-12,2,-13,1,-13,1,-12,0,-12,0,-12,-1,-11,-1,-11,-1,-10,-1,-9,-2,0,0,0,0,0,0,0,0,0,0,0,0,0,0,0,0,0,0,0,0,0,0,-11,0,-12,-1,-12,-2,-13,-3,-13,-3,-13,-4,-13,-5,-13,-5,-13,-6,-13,-6,-13,-6,-13,-6,-12,-5,-13,-5,-12,-5,-13,-5,-13,-4,-13,-4,-13,-4,-13,-3,-14,-3,-14,-3,-15,-3,-15,-2,-15,-2,-15,-2]
[1;31mE (75133) wifi:channel=0 is invalid[0m

csi_data,[0,0,4,14,4,14,4,13,4,13,4,13,4,12,5,12,5,11,5,11,6,10,6,10,6,10,6,9,7,10,7,9,7,10,7,10,7,10,6,10,6,10,5,10,4,10,4,10,3,9,3,9,2,9,0,0,0,0,0,0,0,0,0,0,0,0,0,0,0,0,0,0,0,0,0,0,4,10,3,11,3,11,2,12,1,12,1,13,0,13,0,13,0,13,-1,13,-1,13,-1,13,-1,13,-1,13,0,12,0,13,0,13,1,13,1,13,2,13,2,13,3,13,3,14,3,14,4,14,4,14]
[1;31mE (76133) wifi:channel=0 is invalid[0m

csi_data,[0,0,-15,1,-15,1,-15,2,-14,1,-14,2,-14,2,-13,2,-13,3,-13,3,-12,4,-12,4,-12,5,-12,5,-12,5,-12,5,-12,5,-12,5,-12,5,-12,4,-12,4,-12,3,-12,2,-11,2,-11,2,-10,1,-10,0,0,0,0,0,0,0,0,0,0,0,0,0,0,0,0,0,0,0,0,0,0,0,-11,2,-12,1,-12,1,-13,0,-13,-1,-14,-1,-14,-2,-14,-3,-14,-3,-14,-3,-14,-3,-14,-3,-14,-3,-14,-3,-13,-2,-13,-2,-14,-2,-13,-1,-14,-1,-14,0,-14,0,-15,0,-15,1,-15,2,-15,2,-15,2]
[1;31mE (77133) wifi:channel=0 is invalid[0m

csi_data,[0,0,-3,-15,-3,-15,-3,-15,-3,-14,-4,-14,-4,-14,-4,-13,-5,-13,-5,-12,-5,-12,-6,-12,-6,-11,-6,-11,-6,-12,-6,-12,-7,-12,-6,-12,-6,-12,-6,-12,-5,-12,-5,-12,-4,-11,-3,-11,-3,-11,-2,-11,-2,-10,0,0,0,0,0,0,0,0,0,0,0,0,0,0,0,0,0,0,0,0,0,0,-4,-11,-4,-12,-3,-12,-2,-13,-2,-13,-1,-14,-1,-14,0,-14,1,-14,1,-14,1,-14,1,-14,1,-14,1,-14,0,-14,0,-13,0,-14,-1,-13,-1,-14,-2,-14,-2,-14,-2,-15,-3,-14,-3,-15,-3,-15,-3,-15]
[1;31mE (78133) wifi:channel=0 is invalid[0m

csi_data,[0,0,3,14,3,14,3,13,3,13,3,13,3,12,4,12,4,12,4,11,5,11,5,11,5,10,5,10,6,10,6,10,6,10,6,10,6,10,5,11,4,11,4,11,3,10,3,10,2,9,2,9,1,9,0,0,0,0,0,0,0,0,0,0,0,0,0,0,0,0,0,0,0,0,0,0,3,10,3,11,2,11,1,12,1,12,0,13,0,13,-1,13,-1,13,-2,13,-2,13,-2,13,-2,13,-1,13,-1,12,0,13,0,13,1,13,1,13,1,13,2,13,2,13,2,14,2,14,2,14,3,14]
[1;31mE (79133) wifi:channel=0 is invalid[0m

csi_data,[0,0,-1,-15,-2,-15,-1,-15,-2,-14,-2,-14,-2,-14,-2,-14,-3,-13,-3,-13,-4,-12,-4,-12,-5,-12,-5,-12,-5,-12,-5,-12,-5,-12,-5,-12,-5,-12,-5,-12,-4,-12,-4,-12,-3,-12,-2,-11,-2,-11,-1,-11,-1,-10,0,0,0,0,0,0,0,0,0,0,0,0,0,0,0,0,0,0,0,0,0,0,-3,-11,-2,-12,-1,-12,0,-13,0,-13,1,-14,2,-14,2,-14,3,-14,3,-14,2,-14,3,-14,3,-13,2,-13,2,-13,2,-13,1,-13,1,-13,1,-14,1,-14,0,-14,0,-14,-1,-15,-1,-15,-1,-15,-2,-15]
[1;31mE (80133) wifi:channel=0 is invalid[0m

csi_data,[0,0,14,5,13,4,13,4,12,3,13,4,12,3,12,3,12,2,12,2,11,1,11,1,11,0,11,0,11,0,11,1,12,0,12,0,12,0,12,1,11,2,11,2,10,2,10,2,9,3,8,3,8,3,0,0,0,0,0,0,0,0,0,0,0,0,0,0,0,0,0,0,0,0,0,0,11,2,11,2,11,3,12,4,11,4,12,6,11,7,11,7,11,7,11,7,11,7,10,7,10,7,11,7,10,7,10,6,11,6,11,5,12,5,11,5,12,5,13,5,13,4,13,4,13,4,14,4]
[1;31mE (81133) wifi:channel=0 is invalid[0m

csi_data,[0,0,-10,-12,-10,-12,-10,-11,-10,-11,-10,-10,-10,-10,-10,-10,-10,-9,-10,-9,-11,-8,-11,-8,-11,-7,-11,-7,-11,-7,-11,-7,-11,-7,-11,-7,-11,-7,-11,-7,-10,-7,-10,-8,-9,-8,-8,-8,-8,-8,-7,-8,-7,-8,0,0,0,0,0,0,0,0,0,0,0,0,0,0,0,0,0,0,0,0,0,0,-9,-8,-9,-9,-8,-10,-8,-10,-8,-11,-7,-12,-7,-12,-7,-13,-6,-13,-6,-13,-6,-13,-6,-13,-6,-13,-6,-12,-6,-12,-7,-12,-7,-12,-7,-12,-8,-12,-8,-11,-9,-11,-9,-12,-10,-12,-10,-12,-10,-12,-10,-12]
[1;31mE (82133) wifi:channel=0 is invalid[0m

csi_data,[0,0,-5,-15,-5,-14,-5,-14,-5,-14,-5,-14,-6,-13,-6,-12,-6,-12,-7,-12,-7,-11,-7,-11,-7,-10,-8,-10,-8,-10,-8,-10,-8,-10,-8,-11,-8,-11,-8,-11,-7,-11,-7,-11,-6,-11,-5,-10,-4,-10,-4,-10,-3,-10,0,0,0,0,0,0,0,0,0,0,0,0,0,0,0,0,0,0,0,0,0,0,-5,-11,-5,-11,-4,-12,-3,-13,-3,-13,-3,-14,-2,-14,-1,-14,-1,-14,0,-14,0,-14,0,-14,0,-13,0,-14,-1,-14,-2,-13,-2,-13,-2,-13,-3,-14,-3,-14,-4,-14,-4,-14,-5,-14,-5,-14,-5,-15,-5,-15]
[1;31mE (83133) wifi:channel=0 is invalid[0m

csi_data,[0,0,5,14,5,13,5,13,5,13,5,12,5,12,6,12,6,11,6,11,7,10,7,10,7,9,7,9,7,9,8,9,8,9,7,10,7,10,7,10,6,10,6,10,5,10,5,10,4,9,3,9,2,9,0,0,0,0,0,0,0,0,0,0,0,0,0,0,0,0,0,0,0,0,0,0,5,10,4,10,4,11,3,11,3,12,3,13,2,13,1,14,1,13,1,13,0,13,0,13,0,13,1,13,1,12,1,13,2,12,2,13,3,13,3,13,4,13,4,13,5,14,5,14,5,14,5,14]
[1;31mE (84133) wifi:channel=0 is invalid[0m

csi_data,[0,0,-15,0,-15,1,-15,1,-14,1,-14,1,-14,1,-14,2,-13,2,-13,2,-12,3,-12,3,-12,3,-12,4,-12,4,-12,4,-12,4,-12,4,-12,4,-12,4,-12,3,-12,3,-11,2,-11,1,-11,1,-10,0,-10,0,0,0,0,0,0,0,0,0,0,0,0,0,0,0,0,0,0,0,0,0,0,0,-12,1,-12,0,-12,-1,-13,-1,-13,-2,-14,-3,-14,-3,-14,-4,-13,-4,-13,-4,-13,-5,-13,-5,-13,-5,-13,-4,-13,-4,-13,-3,-13,-3,-13,-2,-14,-2,-14,-1,-14,-1,-15,-1,-15,0,-15,0,-15,0,-15,0]
[1;31mE (85133) wifi:channel=0 is invalid[0m

csi_data,[0,0,-15,4,-15,4,-15,4,-14,4,-14,4,-14,4,-13,5,-12,5,-12,5,-11,5,-11,6,-11,6,-11,7,-11,7,-11,7,-11,7,-11,7,-11,6,-11,6,-11,5,-11,5,-11,4,-11,3,-10,3,-10,2,-10,2,0,0,0,0,0,0,0,0,0,0,0,0,0,0,0,0,0,0,0,0,0,0,-11,4,-12,4,-12,3,-13,3,-13,2,-14,1,-14,1,-14,0,-14,0,-14,0,-14,0,-14,0,-14,0,-14,0,-14,0,-14,0,-14,1,-13,1,-14,2,-14,2,-14,3,-15,3,-15,3,-15,4,-15,5,-15,4]
[1;31mE (86133) wifi:channel=0 is invalid[0m

csi_data,[0,0,-15,-1,-15,-1,-15,-1,-15,-1,-15,0,-14,0,-14,1,-13,1,-13,1,-12,2,-13,2,-12,2,-12,2,-12,3,-12,3,-13,3,-13,3,-13,3,-13,3,-12,2,-12,2,-12,1,-11,0,-11,0,-11,-1,-10,-2,0,0,0,0,0,0,0,0,0,0,0,0,0,0,0,0,0,0,0,0,0,0,-11,0,-12,-1,-12,-2,-13,-2,-13,-3,-13,-4,-14,-4,-13,-5,-14,-5,-13,-5,-13,-6,-13,-6,-13,-6,-13,-5,-13,-5,-13,-4,-13,-4,-13,-3,-14,-3,-14,-2,-14,-2,-15,-2,-15,-2,-15,-2,-15,-1,-16,-2]
[1;31mE (87133) wifi:channel=0 is invalid[0m

csi_data,[0,0,1,-16,1,-15,1,-16,0,-15,0,-15,-1,-14,-1,-14,-1,-14,-2,-13,-2,-13,-2,-13,-3,-13,-3,-13,-4,-13,-3,-13,-3,-13,-3,-13,-3,-13,-3,-13,-2,-12,-2,-13,-1,-12,0,-12,0,-11,0,-11,1,-10,0,0,0,0,0,0,0,0,0,0,0,0,0,0,0,0,0,0,0,0,0,0,-1,-12,0,-13,1,-13,1,-13,2,-13,3,-14,3,-14,3,-14,4,-13,5,-13,5,-14,5,-13,5,-13,5,-13,4,-13,3,-13,3,-13,2,-13,3,-14,2,-14,1,-14,1,-15,1,-15,1,-15,1,-15,1,-16]
[1;31mE (88133) wifi:channel=0 is invalid[0m

csi_data,[0,0,-5,-14,-5,-14,-5,-15,-5,-13,-5,-13,-5,-13,-6,-13,-6,-12,-6,-12,-7,-11,-7,-11,-7,-10,-7,-10,-8,-11,-8,-10,-8,-11,-8,-10,-8,-11,-7,-11,-6,-11,-6,-11,-5,-11,-5,-10,-4,-10,-4,-10,-3,-10,0,0,0,0,0,0,0,0,0,0,0,0,0,0,0,0,0,0,0,0,0,0,-5,-10,-5,-11,-4,-12,-4,-13,-3,-13,-3,-14,-2,-14,-2,-14,-1,-14,-1,-14,-1,-14,-1,-14,-1,-13,-1,-13,-1,-14,-1,-13,-2,-14,-3,-13,-3,-14,-3,-14,-4,-14,-4,-14,-5,-14,-5,-14,-5,-14,-5,-14]
[1;31mE (89133) wifi:channel=0 is invalid[0m

csi_data,[0,0,-1,-15,-1,-15,-1,-15,-1,-14,-2,-14,-2,-14,-3,-13,-3,-13,-3,-13,-4,-12,-4,-13,-4,-12,-5,-12,-5,-12,-5,-12,-5,-12,-5,-12,-5,-12,-4,-12,-4,-12,-3,-12,-2,-12,-2,-11,-1,-11,-1,-10,0,-10,0,0,0,0,0,0,0,0,0,0,0,0,0,0,0,0,0,0,0,0,0,0,-2,-11,-1,-12,0,-12,0,-13,1,-13,1,-14,2,-13,2,-14,3,-14,3,-13,3,-13,3,-13,3,-13,3,-13,3,-13,2,-13,2,-13,1,-13,1,-14,1,-14,0,-14,0,-15,-1,-15,-1,-15,-1,-15,-1,-15]
[1;31mE (90133) wifi:channel=0 is invalid[0m

csi_data,[0,0,1,-15,0,-15,0,-15,0,-14,0,-14,0,-14,-1,-13,-1,-13,-2,-13,-2,-13,-3,-13,-3,-12,-3,-12,-3,-13,-3,-12,-4,-12,-3,-13,-3,-13,-3,-13,-2,-13,-2,-12,-1,-12,-1,-11,0,-11,1,-10,1,-10,0,0,0,0,0,0,0,0,0,0,0,0,0,0,0,0,0,0,0,0,0,0,-1,-12,0,-12,1,-13,1,-13,2,-13,2,-13,3,-13,4,-13,4,-13,4,-13,4,-13,5,-13,5,-13,4,-13,4,-12,3,-13,2,-13,2,-13,2,-13,2,-13,2,-14,1,-14,1,-15,1,-15,1,-15,1,-15]
[1;31mE (91133) wifi:channel=0 is invalid[0m

csi_data,[0,0,4,-14,4,-15,4,-14,4,-14,3,-14,3,-14,3,-13,2,-13,2,-13,1,-13,0,-13,0,-13,0,-13,0,-13,0,-13,-1,-13,0,-13,0,-13,1,-13,1,-13,1,-12,2,-12,2,-11,3,-10,3,-10,3,-9,0,0,0,0,0,0,0,0,0,0,0,0,0,0,0,0,0,0,0,0,0,0,1,-12,2,-12,3,-12,4,-12,5,-13,5,-12,6,-12,6,-12,7,-12,7,-12,7,-12,7,-12,7,-12,7,-12,6,-11,6,-12,6,-12,6,-12,5,-13,5,-13,5,-13,5,-14,4,-14,4,-15,4,-15,4,-15]
[1;31mE (92133) wifi:channel=0 is invalid[0m

csi_data,[0,0,-9,11,-9,12,-9,11,-8,11,-8,11,-8,11,-7,11,-7,11,-6,11,-5,11,-5,11,-5,11,-5,11,-4,11,-4,11,-4,11,-5,11,-5,11,-5,11,-5,10,-6,10,-6,9,-6,9,-6,8,-6,7,-7,7,0,0,0,0,0,0,0,0,0,0,0,0,0,0,0,0,0,0,0,0,0,0,-6,9,-7,9,-8,9,-8,9,-9,9,-10,9,-10,9,-11,8,-11,8,-11,8,-11,8,-11,7,-11,7,-11,8,-10,7,-10,8,-10,8,-10,9,-10,9,-9,10,-9,10,-9,10,-9,11,-9,11,-9,12,-9,11]
[1;31mE (93133) wifi:channel=0 is invalid[0m

csi_data,[0,0,-1,15,-1,14,-1,14,0,14,0,13,0,13,0,13,1,12,1,12,2,12,2,12,2,11,2,11,2,11,3,12,3,11,2,12,2,12,2,12,1,11,1,12,0,11,0,10,-1,10,-1,9,-2,9,0,0,0,0,0,0,0,0,0,0,0,0,0,0,0,0,0,0,0,0,0,0,1,11,1,11,0,12,-1,12,-2,12,-2,13,-3,13,-3,13,-4,13,-4,13,-4,13,-4,12,-4,12,-4,12,-4,12,-3,12,-3,12,-2,12,-2,13,-2,13,-2,13,-1,13,-1,14,-1,14,-1,14,-1,14]
[1;31mE (94133) wifi:channel=0 is invalid[0m

csi_data,[0,0,12,-8,12,-8,12,-8,12,-8,11,-9,11,-8,10,-8,10,-8,9,-9,9,-9,8,-10,8,-10,8,-10,8,-10,8,-10,8,-10,8,-10,8,-9,8,-9,8,-9,9,-8,9,-7,8,-7,8,-7,8,-6,8,-5,0,0,0,0,0,0,0,0,0,0,0,0,0,0,0,0,0,0,0,0,0,0,9,-7,9,-7,10,-6,11,-6,11,-6,12,-5,12,-5,13,-4,13,-4,13,-4,13,-4,13,-3,13,-4,12,-4,12,-4,12,-5,12,-5,12,-5,12,-6,12,-6,12,-6,13,-7,12,-7,13,-8,12,-8,13,-8]
[1;31mE (95133) wifi:channel=0 is invalid[0m

csi_data,[0,0,-7,13,-7,13,-6,13,-6,13,-6,13,-5,12,-5,12,-4,12,-4,12,-3,12,-3,12,-3,12,-2,12,-2,12,-2,12,-2,12,-2,12,-3,12,-3,12,-3,11,-4,11,-4,10,-5,10,-5,9,-5,9,-5,8,0,0,0,0,0,0,0,0,0,0,0,0,0,0,0,0,0,0,0,0,0,0,-3,11,-4,11,-5,11,-6,11,-7,11,-7,11,-8,11,-8,11,-9,10,-9,10,-9,10,-9,10,-9,10,-9,10,-9,10,-8,10,-8,10,-7,11,-8,11,-7,12,-7,12,-7,12,-7,13,-7,13,-7,14,-6,13]
[1;31mE (96133) wifi:channel=0 is invalid[0m

csi_data,[0,0,-15,-3,-15,-3,-15,-2,-14,-2,-14,-2,-14,-1,-14,-1,-13,0,-13,0,-13,0,-13,1,-12,1,-13,1,-13,2,-12,2,-13,1,-12,2,-13,1,-13,1,-12,0,-13,0,-11,0,-11,-1,-11,-1,-10,-2,-10,-2,0,0,0,0,0,0,0,0,0,0,0,0,0,0,0,0,0,0,0,0,0,0,-12,-1,-12,-2,-12,-2,-13,-3,-13,-4,-13,-4,-13,-5,-13,-6,-13,-6,-12,-6,-13,-7,-12,-6,-12,-6,-12,-6,-12,-6,-12,-6,-13,-5,-13,-4,-13,-4,-14,-4,-14,-3,-14,-3,-15,-3,-15,-3,-15,-3,-15,-3]
[1;31mE (97133) wifi:channel=0 is invalid[0m

csi_data,[0,0,-13,-8,-13,-8,-13,-7,-13,-8,-13,-7,-13,-6,-13,-6,-12,-5,-12,-5,-12,-5,-12,-5,-12,-4,-12,-3,-12,-3,-13,-3,-13,-3,-13,-3,-13,-4,-13,-4,-12,-4,-12,-5,-11,-4,-11,-5,-10,-5,-9,-6,-9,-6,0,0,0,0,0,0,0,0,0,0,0,0,0,0,0,0,0,0,0,0,0,0,-11,-6,-11,-6,-11,-7,-10,-8,-10,-9,-11,-9,-11,-10,-10,-10,-10,-11,-9,-11,-9,-11,-9,-11,-9,-11,-9,-10,-9,-10,-10,-10,-10,-9,-10,-9,-11,-9,-11,-8,-12,-8,-13,-8,-13,-9,-13,-8,-13,-9,-13,-9]
[1;31mE (98133) wifi:channel=0 is invalid[0m

csi_data,[0,0,13,7,12,6,12,6,12,6,12,6,12,5,12,4,11,4,11,4,12,3,12,3,11,3,12,3,12,2,12,2,12,2,12,2,12,2,12,3,11,3,11,3,10,4,10,4,9,5,8,5,7,5,0,0,0,0,0,0,0,0,0,0,0,0,0,0,0,0,0,0,0,0,0,0,10,4,10,4,10,6,10,6,10,7,10,8,10,9,10,9,10,9,9,9,9,10,8,10,8,9,9,9,9,9,9,8,9,8,10,7,10,8,11,7,11,7,12,7,12,7,12,7,12,7,13,7]
[1;31mE (99133) wifi:channel=0 is invalid[0m

csi_data,[0,0,-6,14,-7,13,-7,13,-6,13,-6,13,-5,13,-4,12,-4,12,-3,12,-3,12,-3,12,-2,12,-2,12,-1,12,-2,12,-1,12,-2,12,-2,12,-2,12,-2,11,-3,11,-3,11,-4,10,-4,9,-4,9,-5,8,0,0,0,0,0,0,0,0,0,0,0,0,0,0,0,0,0,0,0,0,0,0,-4,10,-5,10,-6,11,-6,11,-7,11,-8,11,-8,10,-9,11,-9,10,-10,10,-10,10,-10,10,-9,9,-9,9,-9,10,-9,10,-8,10,-7,11,-8,11,-7,12,-7,12,-7,12,-7,13,-7,13,-7,13,-6,13]
[1;31mE (100133) wifi:channel=0 is invalid[0m

csi_data,[0,0,15,-1,14,-1,14,-1,14,-1,14,-2,13,-2,13,-2,13,-2,12,-3,12,-3,12,-3,11,-4,11,-4,12,-4,12,-4,12,-4,12,-4,12,-4,12,-3,12,-3,11,-2,11,-2,11,-1,10,-1,9,0,9,1,0,0,0,0,0,0,0,0,0,0,0,0,0,0,0,0,0,0,0,0,0,0,10,-3,11,-2,12,-2,12,-1,13,-1,13,0,13,1,13,1,13,2,13,3,13,3,13,3,13,3,12,3,13,2,12,2,13,2,13,1,13,1,13,0,13,0,14,-1,14,0,14,-1,15,-1,15,-1]
[1;31mE (101133) wifi:channel=0 is invalid[0m

csi_data,[0,0,15,0,14,-1,14,-1,14,-1,14,-1,13,-2,13,-2,12,-3,12,-3,12,-3,12,-4,11,-4,11,-4,11,-5,11,-4,12,-5,11,-4,11,-4,12,-4,11,-3,11,-3,11,-2,10,-2,10,-1,9,0,9,0,0,0,0,0,0,0,0,0,0,0,0,0,0,0,0,0,0,0,0,0,0,0,11,-2,11,-1,12,0,12,0,12,1,13,2,13,2,13,2,13,3,13,3,13,4,12,4,12,3,12,3,12,3,12,3,12,2,12,2,13,1,13,1,13,0,14,0,14,0,14,0,15,0,15,0]
[1;31mE (102133) wifi:channel=0 is invalid[0m

csi_data,[0,0,13,-7,12,-7,13,-7,12,-7,12,-7,11,-7,11,-7,10,-8,10,-8,9,-8,9,-9,9,-9,8,-9,9,-10,8,-9,9,-9,8,-9,9,-9,9,-9,9,-8,9,-8,9,-7,9,-6,9,-6,8,-5,9,-4,0,0,0,0,0,0,0,0,0,0,0,0,0,0,0,0,0,0,0,0,0,0,9,-6,10,-6,10,-5,11,-5,11,-5,13,-4,12,-3,13,-3,13,-3,13,-2,13,-2,13,-2,13,-2,12,-2,13,-3,12,-3,13,-3,12,-4,13,-5,12,-5,12,-5,13,-6,13,-6,13,-7,13,-7,14,-7]
[1;31mE (103133) wifi:channel=0 is invalid[0m

csi_data,[0,0,-15,4,-15,4,-15,4,-14,4,-14,4,-13,4,-13,5,-12,5,-12,5,-12,5,-11,6,-11,6,-11,6,-11,6,-11,7,-11,7,-11,7,-11,6,-11,6,-11,5,-12,5,-11,4,-11,3,-11,3,-10,2,-10,1,0,0,0,0,0,0,0,0,0,0,0,0,0,0,0,0,0,0,0,0,0,0,-11,4,-11,4,-12,3,-12,3,-13,3,-14,1,-14,1,-14,0,-15,0,-14,0,-14,-1,-14,-1,-14,-1,-14,0,-13,0,-14,1,-14,1,-14,1,-14,2,-14,2,-14,3,-14,3,-15,3,-15,4,-15,4,-15,4]
[1;31mE (104133) wifi:channel=0 is invalid[0m

csi_data,[0,0,-15,-5,-15,-4,-14,-4,-14,-4,-14,-4,-14,-3,-14,-3,-13,-2,-13,-2,-13,-2,-13,-1,-13,-1,-13,-1,-13,0,-13,-1,-13,0,-13,0,-13,-1,-13,-1,-12,-1,-12,-2,-12,-2,-11,-3,-10,-3,-10,-4,-9,-4,0,0,0,0,0,0,0,0,0,0,0,0,0,0,0,0,0,0,0,0,0,0,-12,-2,-12,-3,-12,-4,-12,-5,-12,-5,-12,-6,-12,-7,-12,-7,-12,-8,-12,-8,-12,-8,-11,-8,-11,-8,-11,-8,-12,-7,-12,-7,-12,-7,-12,-6,-13,-6,-13,-6,-13,-5,-14,-5,-14,-5,-15,-5,-15,-5,-15,-5]
[1;31mE (105133) wifi:channel=0 is invalid[0m

csi_data,[0,0,9,11,9,11,9,10,9,10,9,9,9,9,9,9,9,8,9,7,9,7,9,6,10,6,10,6,10,6,10,6,10,6,10,6,10,6,10,6,9,7,9,7,8,7,7,7,7,7,6,7,6,7,0,0,0,0,0,0,0,0,0,0,0,0,0,0,0,0,0,0,0,0,0,0,8,7,8,8,7,9,7,9,7,10,6,11,6,11,6,12,5,12,5,12,5,12,5,12,5,12,5,12,5,11,6,11,6,11,6,11,6,11,7,10,8,11,8,11,9,11,9,11,9,11,10,11]
[1;31mE (106133) wifi:channel=0 is invalid[0m

csi_data,[0,0,1,15,1,14,1,14,1,13,2,14,2,13,2,13,2,12,3,12,3,11,4,12,4,11,4,11,5,11,5,11,5,11,4,11,4,11,4,11,3,11,3,11,2,11,2,10,1,10,1,9,0,9,0,0,0,0,0,0,0,0,0,0,0,0,0,0,0,0,0,0,0,0,0,0,2,11,1,11,0,12,0,12,-1,12,-2,13,-2,13,-3,13,-3,13,-3,13,-4,13,-4,13,-3,13,-3,13,-3,12,-3,12,-2,13,-1,13,-1,13,-1,13,0,14,0,14,0,14,1,15,1,15,1,15]
[1;31mE (107133) wifi:channel=0 is invalid[0m

csi_data,[0,0,12,-9,11,-10,11,-10,11,-9,11,-10,10,-9,9,-10,9,-10,8,-10,7,-10,8,-10,7,-10,7,-10,7,-11,6,-11,7,-11,7,-11,7,-11,7,-10,7,-10,8,-9,8,-9,7,-8,8,-7,7,-6,8,-6,0,0,0,0,0,0,0,0,0,0,0,0,0,0,0,0,0,0,0,0,0,0,8,-8,9,-8,9,-8,10,-8,10,-7,12,-7,12,-6,12,-6,12,-5,12,-5,13,-5,12,-5,12,-5,12,-5,12,-6,11,-5,12,-6,11,-6,12,-7,11,-8,11,-8,11,-9,11,-8,12,-9,12,-9,12,-9]
[1;31mE (108133) wifi:channel=0 is invalid[0m

csi_data,[0,0,-12,-10,-12,-10,-12,-10,-11,-9,-12,-9,-12,-8,-12,-8,-12,-7,-12,-6,-12,-6,-12,-6,-11,-6,-12,-5,-12,-5,-12,-4,-13,-5,-12,-5,-12,-5,-12,-5,-12,-6,-11,-6,-10,-6,-9,-6,-9,-6,-8,-7,-8,-7,0,0,0,0,0,0,0,0,0,0,0,0,0,0,0,0,0,0,0,0,0,0,-9,-7,-10,-8,-9,-9,-9,-10,-9,-10,-9,-11,-9,-11,-9,-12,-8,-12,-7,-12,-7,-12,-7,-12,-7,-12,-7,-12,-8,-12,-8,-11,-9,-11,-9,-10,-10,-11,-10,-10,-11,-10,-11,-10,-11,-10,-11,-10,-12,-10,-12,-11]
[1;31mE (109133) wifi:channel=0 is invalid[0m

csi_data,[0,0,-12,9,-12,9,-12,9,-11,9,-11,9,-10,9,-10,9,-9,9,-8,9,-8,9,-8,9,-7,10,-7,10,-7,10,-7,10,-7,10,-7,10,-8,10,-8,10,-8,9,-8,9,-8,8,-8,7,-8,6,-8,6,-8,5,0,0,0,0,0,0,0,0,0,0,0,0,0,0,0,0,0,0,0,0,0,0,-8,8,-9,8,-10,7,-11,7,-11,7,-12,7,-12,6,-13,6,-13,6,-13,5,-13,5,-13,5,-13,5,-12,5,-12,5,-12,5,-12,6,-11,6,-12,7,-12,7,-12,8,-12,8,-11,8,-12,9,-12,9,-12,9]
[1;31mE (110133) wifi:channel=0 is invalid[0m

csi_data,[0,0,3,14,3,14,3,13,4,13,4,13,4,12,4,12,4,12,5,11,5,11,5,11,6,10,5,10,6,10,6,10,7,10,6,10,6,10,6,10,5,10,4,10,4,10,3,10,3,10,2,9,1,9,0,0,0,0,0,0,0,0,0,0,0,0,0,0,0,0,0,0,0,0,0,0,3,10,3,11,2,11,2,12,1,12,1,13,0,13,0,13,-1,13,-2,13,-2,13,-2,13,-2,12,-1,12,-1,12,0,13,0,13,1,13,1,13,2,13,2,13,3,13,3,13,3,14,2,14,3,14]
[1;31mE (111133) wifi:channel=0 is invalid[0m

csi_data,[0,0,6,13,5,13,5,13,6,12,6,12,6,12,6,11,6,11,7,10,7,10,7,10,7,9,7,9,8,9,8,9,8,9,7,9,8,9,7,9,6,9,6,10,5,9,5,9,4,9,3,9,2,9,0,0,0,0,0,0,0,0,0,0,0,0,0,0,0,0,0,0,0,0,0,0,5,9,5,10,4,10,4,11,4,12,3,12,3,13,2,13,2,13,1,13,1,13,1,13,1,13,1,12,2,12,2,12,3,12,3,12,3,12,4,12,4,12,5,13,5,13,5,13,5,14,6,13]
[1;31mE (112133) wifi:channel=0 is invalid[0m

csi_data,[0,0,7,13,7,12,7,12,7,12,7,11,7,11,7,10,7,10,8,9,8,9,8,8,8,8,8,8,8,8,9,8,9,8,8,8,8,8,8,9,7,9,7,9,6,8,6,8,5,8,4,8,4,8,0,0,0,0,0,0,0,0,0,0,0,0,0,0,0,0,0,0,0,0,0,0,6,8,6,10,5,10,5,11,4,11,4,12,3,12,3,13,2,13,2,13,2,13,2,13,2,12,2,12,3,12,3,12,3,12,4,12,4,12,5,12,5,12,6,12,6,12,7,12,7,13,7,13]
[1;31mE (113133) wifi:channel=0 is invalid[0m

csi_data,[0,0,-8,-13,-9,-12,-9,-12,-9,-13,-9,-11,-9,-11,-9,-11,-9,-10,-9,-10,-10,-9,-10,-9,-10,-8,-10,-8,-10,-8,-11,-8,-11,-8,-10,-8,-10,-8,-10,-8,-9,-9,-9,-9,-8,-9,-7,-9,-7,-9,-6,-9,-5,-8,0,0,0,0,0,0,0,0,0,0,0,0,0,0,0,0,0,0,0,0,0,0,-7,-9,-7,-10,-7,-11,-6,-11,-6,-12,-6,-13,-5,-13,-5,-14,-4,-14,-3,-14,-4,-14,-4,-14,-4,-13,-4,-13,-4,-13,-5,-13,-5,-13,-6,-13,-6,-13,-6,-13,-7,-13,-8,-13,-8,-13,-8,-13,-8,-13,-9,-13]
[1;31mE (114133) wifi:channel=0 is invalid[0m

csi_data,[0,0,-13,-9,-13,-9,-12,-8,-12,-8,-12,-8,-12,-7,-12,-6,-12,-6,-12,-5,-12,-5,-12,-5,-12,-4,-12,-4,-12,-4,-12,-4,-12,-4,-13,-4,-12,-4,-12,-4,-12,-5,-11,-5,-11,-5,-10,-5,-9,-6,-9,-6,-8,-6,0,0,0,0,0,0,0,0,0,0,0,0,0,0,0,0,0,0,0,0,0,0,-10,-6,-10,-7,-10,-8,-10,-8,-10,-9,-10,-10,-10,-10,-9,-11,-9,-11,-9,-11,-9,-12,-8,-11,-8,-11,-8,-11,-9,-10,-9,-10,-9,-10,-9,-10,-10,-9,-11,-9,-11,-9,-12,-9,-12,-9,-12,-9,-12,-9,-12,-9]
[1;31mE (115133) wifi:channel=0 is invalid[0m

csi_data,[0,0,-11,-11,-11,-11,-11,-10,-11,-10,-10,-10,-11,-9,-10,-9,-10,-8,-11,-8,-11,-8,-11,-7,-11,-7,-11,-6,-11,-6,-12,-6,-11,-6,-11,-6,-11,-6,-11,-7,-11,-7,-10,-7,-9,-7,-9,-8,-8,-7,-7,-8,-7,-7,0,0,0,0,0,0,0,0,0,0,0,0,0,0,0,0,0,0,0,0,0,0,-9,-8,-9,-8,-9,-9,-9,-10,-9,-11,-8,-11,-8,-12,-7,-12,-7,-13,-7,-13,-7,-13,-6,-13,-6,-12,-7,-12,-6,-12,-7,-12,-7,-11,-8,-11,-8,-11,-9,-11,-9,-11,-10,-11,-10,-11,-10,-11,-11,-11,-11,-11]
[1;31mE (116133) wifi:channel=0 is invalid[0m

csi_data,[0,0,-7,14,-6,13,-6,13,-6,13,-6,13,-6,13,-5,12,-5,12,-4,11,-3,12,-3,12,-2,12,-2,12,-2,12,-2,12,-2,12,-3,12,-2,12,-3,12,-3,11,-4,11,-4,10,-5,10,-5,9,-5,8,-5,8,0,0,0,0,0,0,0,0,0,0,0,0,0,0,0,0,0,0,0,0,0,0,-3,10,-4,11,-5,11,-6,11,-6,11,-7,11,-8,11,-8,11,-9,10,-9,10,-9,10,-9,10,-9,10,-9,10,-8,10,-8,10,-8,11,-7,11,-7,11,-7,12,-7,12,-7,12,-6,13,-6,13,-6,14,-6,13]
[1;31mE (117133) wifi:channel=0 is invalid[0m

csi_data,[0,0,-15,-5,-15,-4,-15,-4,-14,-4,-14,-4,-14,-3,-13,-3,-13,-2,-13,-2,-13,-1,-13,-1,-13,-1,-12,-1,-13,0,-13,0,-13,0,-13,-1,-13,-1,-13,-1,-12,-1,-12,-2,-12,-2,-11,-3,-11,-3,-10,-4,-9,-4,0,0,0,0,0,0,0,0,0,0,0,0,0,0,0,0,0,0,0,0,0,0,-12,-2,-12,-3,-12,-4,-12,-5,-13,-5,-13,-6,-13,-7,-13,-7,-13,-7,-12,-8,-12,-8,-12,-8,-12,-8,-11,-7,-12,-7,-12,-7,-12,-6,-12,-6,-13,-6,-13,-5,-14,-5,-14,-5,-15,-5,-15,-5,-15,-5,-15,-5]
[1;31mE (118133) wifi:channel=0 is invalid[0m

csi_data,[0,0,-14,5,-14,5,-14,5,-13,5,-13,5,-12,5,-12,6,-12,6,-11,6,-11,6,-10,7,-10,7,-10,7,-10,8,-10,7,-10,7,-10,7,-10,7,-10,7,-10,6,-10,6,-10,5,-10,5,-10,4,-10,3,-9,2,0,0,0,0,0,0,0,0,0,0,0,0,0,0,0,0,0,0,0,0,0,0,-10,5,-11,4,-11,4,-12,3,-13,3,-14,2,-13,2,-14,2,-14,1,-14,1,-14,1,-14,1,-14,1,-13,1,-14,1,-13,1,-13,2,-13,2,-13,3,-13,3,-14,4,-14,4,-14,4,-14,5,-14,5,-14,6]
[1;31mE (119133) wifi:channel=0 is invalid[0m

csi_data,[0,0,13,-7,12,-7,12,-7,12,-7,12,-8,11,-7,11,-8,10,-8,10,-8,9,-8,9,-9,8,-9,8,-9,8,-9,8,-9,8,-9,8,-9,9,-8,9,-8,9,-8,9,-7,9,-7,9,-6,9,-5,8,-5,8,-4,0,0,0,0,0,0,0,0,0,0,0,0,0,0,0,0,0,0,0,0,0,0,8,-7,9,-7,10,-7,11,-6,11,-6,12,-5,12,-5,13,-5,13,-4,13,-4,13,-3,12,-3,12,-4,12,-4,12,-4,12,-4,12,-5,12,-5,12,-5,12,-6,12,-6,13,-7,12,-7,12,-7,13,-7,13,-8]
[1;31mE (120133) wifi:channel=0 is invalid[0m

csi_data,[0,0,-16,-1,-16,-1,-15,-1,-15,0,-15,0,-14,0,-14,0,-14,1,-13,1,-13,2,-13,2,-12,3,-12,3,-13,3,-13,3,-13,3,-13,3,-13,3,-13,2,-12,2,-12,1,-12,1,-12,0,-11,0,-10,0,-10,-1,0,0,0,0,0,0,0,0,0,0,0,0,0,0,0,0,0,0,0,0,0,0,-12,0,-12,-1,-13,-1,-13,-2,-13,-2,-14,-3,-14,-4,-14,-5,-14,-5,-14,-5,-14,-5,-13,-5,-13,-5,-13,-5,-13,-5,-13,-4,-14,-3,-14,-3,-14,-3,-14,-2,-14,-2,-15,-2,-15,-2,-15,-1,-16,-1,-16,-1]
[1;31mE (121133) wifi:channel=0 is invalid[0m

csi_data,[0,0,6,-14,5,-14,5,-14,5,-14,5,-14,4,-13,4,-13,3,-13,3,-13,2,-12,2,-13,1,-13,1,-13,1,-13,1,-13,1,-13,1,-13,1,-13,2,-13,2,-12,3,-12,3,-11,3,-11,3,-10,4,-10,4,-9,0,0,0,0,0,0,0,0,0,0,0,0,0,0,0,0,0,0,0,0,0,0,2,-11,3,-12,4,-12,5,-12,5,-12,6,-12,7,-12,7,-12,8,-11,8,-11,8,-11,8,-11,8,-11,8,-11,7,-11,7,-11,7,-11,6,-12,6,-12,6,-12,6,-13,6,-13,5,-13,5,-14,6,-14,5,-15]
[1;31mE (122133) wifi:channel=0 is invalid[0m

csi_data,[0,0,0,-15,-1,-15,-1,-15,-1,-15,-1,-15,-1,-14,-2,-14,-2,-13,-3,-13,-3,-13,-3,-13,-4,-12,-4,-12,-4,-12,-4,-12,-5,-13,-4,-12,-4,-12,-4,-12,-3,-12,-3,-12,-2,-12,-2,-11,-1,-11,-1,-11,0,-10,0,0,0,0,0,0,0,0,0,0,0,0,0,0,0,0,0,0,0,0,0,0,-2,-12,-1,-12,0,-13,1,-13,1,-13,2,-14,2,-14,2,-14,3,-14,4,-13,4,-13,4,-13,4,-13,4,-13,3,-13,3,-13,2,-14,2,-13,1,-14,1,-14,1,-14,0,-15,0,-15,0,-15,0,-16,0,-15]
[1;31mE (123133) wifi:channel=0 is invalid[0m

csi_data,[0,0,-3,-15,-4,-15,-3,-15,-4,-15,-4,-14,-4,-14,-4,-14,-4,-13,-5,-12,-5,-12,-6,-12,-6,-11,-6,-11,-6,-12,-7,-12,-7,-11,-6,-12,-6,-12,-6,-12,-5,-12,-4,-12,-4,-11,-3,-11,-3,-11,-2,-10,-2,-10,0,0,0,0,0,0,0,0,0,0,0,0,0,0,0,0,0,0,0,0,0,0,-5,-11,-4,-12,-3,-12,-3,-13,-2,-13,-2,-14,-1,-14,-1,-14,0,-14,1,-14,0,-14,0,-14,0,-14,0,-14,0,-13,0,-14,-1,-14,-2,-14,-1,-14,-2,-14,-2,-14,-2,-15,-3,-15,-4,-15,-4,-15,-4,-15]
[1;31mE (124133) wifi:channel=0 is invalid[0m

csi_data,[0,0,3,14,3,14,3,14,4,13,3,13,4,13,4,12,4,12,5,11,5,11,5,11,5,10,6,10,6,10,6,10,6,10,6,10,6,11,5,11,5,11,4,11,3,10,3,10,2,10,2,10,1,9,0,0,0,0,0,0,0,0,0,0,0,0,0,0,0,0,0,0,0,0,0,0,4,10,4,11,3,11,2,12,2,12,1,13,1,13,0,13,0,13,-1,13,-1,13,-1,13,-1,13,-1,13,0,13,0,13,1,13,1,13,1,13,2,13,2,13,2,13,3,14,3,14,3,14,4,14]
[1;31mE (125133) wifi:channel=0 is invalid[0m

csi_data,[0,0,8,12,8,11,8,11,8,11,9,11,8,10,8,9,8,9,8,8,9,8,9,7,9,7,9,7,9,7,9,7,10,7,9,7,10,7,9,7,9,8,8,8,7,8,6,7,6,8,5,8,5,7,0,0,0,0,0,0,0,0,0,0,0,0,0,0,0,0,0,0,0,0,0,0,7,7,7,8,7,9,7,10,6,10,6,11,5,12,5,12,5,12,4,12,4,12,4,12,4,12,4,12,4,11,5,11,5,11,6,11,6,11,7,11,7,11,7,11,8,11,8,11,9,11,9,12]
[1;31mE (126133) wifi:channel=0 is invalid[0m

csi_data,[0,0,11,8,11,8,11,7,12,7,11,7,11,7,11,6,11,6,11,5,11,4,11,4,11,4,11,3,11,3,11,3,11,3,11,4,11,4,11,4,11,4,10,4,9,5,9,5,8,6,8,5,7,6,0,0,0,0,0,0,0,0,0,0,0,0,0,0,0,0,0,0,0,0,0,0,10,5,9,5,9,6,9,7,9,8,9,8,9,9,8,9,8,10,8,10,8,10,7,10,8,10,7,10,7,9,8,9,8,9,9,8,9,8,10,9,10,8,11,8,11,8,11,8,12,8,12,8]
[1;31mE (127133) wifi:channel=0 is invalid[0m

csi_data,[0,0,11,-9,11,-10,10,-10,10,-10,10,-10,9,-10,9,-10,9,-9,8,-9,8,-9,7,-10,7,-10,6,-11,6,-11,7,-10,7,-11,7,-11,7,-11,7,-10,7,-10,7,-9,8,-8,8,-8,8,-7,8,-6,7,-6,0,0,0,0,0,0,0,0,0,0,0,0,0,0,0,0,0,0,0,0,0,0,7,-8,8,-8,9,-7,10,-8,10,-7,11,-7,11,-6,12,-6,12,-5,12,-5,12,-5,12,-5,12,-5,11,-5,11,-5,11,-6,11,-6,11,-7,11,-7,11,-8,11,-8,11,-9,11,-9,11,-9,11,-9,12,-9]
[1;31mE (128133) wifi:channel=0 is invalid[0m

csi_data,[0,0,12,8,11,8,12,8,11,7,11,7,11,7,11,6,11,5,11,5,11,4,11,3,11,3,11,3,11,3,11,3,12,3,11,3,12,4,11,4,11,4,10,5,9,5,9,5,8,5,8,6,7,6,0,0,0,0,0,0,0,0,0,0,0,0,0,0,0,0,0,0,0,0,0,0,9,4,9,5,9,6,9,7,9,7,9,8,8,9,9,9,8,10,8,9,8,9,8,9,8,9,8,9,8,9,8,9,9,9,9,8,10,8,10,8,10,7,11,8,12,7,11,7,12,7,12,8]
[1;31mE (129133) wifi:channel=0 is invalid[0m

csi_data,[0,0,-13,8,-13,8,-12,8,-11,8,-12,8,-11,8,-11,8,-10,8,-10,8,-9,9,-9,9,-8,9,-8,9,-8,10,-8,9,-8,9,-8,10,-8,9,-9,9,-9,9,-9,8,-9,7,-9,6,-9,6,-9,5,-9,5,0,0,0,0,0,0,0,0,0,0,0,0,0,0,0,0,0,0,0,0,0,0,-9,7,-9,7,-10,7,-11,6,-12,6,-12,6,-13,5,-13,5,-13,4,-13,4,-13,4,-13,3,-13,4,-13,4,-13,4,-12,5,-12,5,-12,5,-12,6,-12,6,-12,6,-12,8,-12,7,-13,8,-12,8,-13,8]
[1;31mE (130133) wifi:channel=0 is invalid[0m

csi_data,[0,0,7,12,7,12,7,11,7,11,7,10,7,10,7,10,7,9,8,9,8,8,8,8,8,8,8,8,8,7,9,8,9,7,8,8,8,8,8,8,8,8,7,9,6,8,5,8,5,8,4,8,4,8,0,0,0,0,0,0,0,0,0,0,0,0,0,0,0,0,0,0,0,0,0,0,7,8,6,8,6,9,6,10,6,11,5,11,5,12,4,12,4,12,3,12,3,12,3,12,3,12,3,12,4,12,4,11,4,11,4,11,5,12,6,11,5,11,6,12,7,12,7,12,7,12,7,12]
[1;31mE (131133) wifi:channel=0 is invalid[0m

csi_data,[0,0,-13,-8,-13,-8,-13,-8,-13,-8,-12,-7,-12,-7,-12,-6,-12,-6,-12,-5,-12,-5,-12,-4,-12,-4,-12,-4,-12,-4,-12,-4,-13,-3,-12,-4,-13,-4,-12,-4,-12,-5,-11,-5,-10,-5,-10,-5,-10,-5,-9,-6,-8,-6,0,0,0,0,0,0,0,0,0,0,0,0,0,0,0,0,0,0,0,0,0,0,-10,-5,-10,-7,-10,-7,-10,-8,-10,-9,-10,-10,-9,-10,-9,-11,-9,-11,-8,-11,-9,-11,-9,-11,-8,-11,-8,-10,-9,-10,-9,-10,-10,-9,-10,-9,-11,-9,-11,-9,-11,-9,-12,-8,-12,-9,-13,-8,-13,-9,-13,-9]
[1;31mE (132133) wifi:channel=0 is invalid[0m

csi_data,[0,0,9,12,8,11,9,11,9,10,8,10,9,10,8,9,9,9,9,8,9,7,9,7,9,7,9,6,10,7,10,6,10,7,9,7,10,7,9,7,9,8,8,8,7,8,7,8,6,7,6,8,5,8,0,0,0,0,0,0,0,0,0,0,0,0,0,0,0,0,0,0,0,0,0,0,7,7,7,8,6,9,6,10,6,10,6,11,5,12,4,12,4,12,4,12,5,12,4,12,4,12,4,11,4,11,5,11,6,11,6,11,6,11,6,11,7,11,7,11,8,11,9,11,9,11,9,11]
[1;31mE (133133) wifi:channel=0 is invalid[0m

csi_data,[0,0,14,-2,14,-3,14,-3,14,-3,13,-3,13,-3,13,-4,12,-4,11,-4,11,-5,11,-5,11,-5,11,-5,11,-6,11,-6,11,-6,11,-5,11,-5,11,-5,11,-4,11,-4,11,-3,11,-3,10,-2,10,-2,9,-1,0,0,0,0,0,0,0,0,0,0,0,0,0,0,0,0,0,0,0,0,0,0,10,-4,11,-3,11,-2,12,-2,12,-1,13,-1,13,0,13,0,13,1,13,2,13,2,13,1,13,1,12,1,12,0,12,1,12,0,13,0,13,-1,13,-1,13,-2,13,-2,14,-2,14,-2,14,-3,14,-2]
[1;31mE (134133) wifi:channel=0 is invalid[0m

csi_data,[0,0,14,5,13,4,14,4,13,4,13,4,13,3,12,2,12,2,12,2,12,1,12,1,12,0,12,0,12,1,12,-1,12,0,12,0,12,1,12,1,12,2,12,2,11,2,10,3,10,3,9,4,8,4,0,0,0,0,0,0,0,0,0,0,0,0,0,0,0,0,0,0,0,0,0,0,11,1,11,2,11,3,11,3,11,4,12,5,11,5,11,6,11,6,10,7,11,7,10,7,10,7,10,7,10,6,11,6,11,5,11,5,11,5,12,4,12,5,13,4,13,5,13,4,14,5,14,4]
[1;31mE (135133) wifi:channel=0 is invalid[0m

csi_data,[0,0,7,-13,7,-14,7,-13,6,-13,6,-13,6,-13,5,-13,5,-12,4,-12,4,-12,3,-13,3,-12,2,-13,3,-13,3,-12,3,-13,3,-13,3,-13,3,-13,4,-12,4,-12,4,-11,5,-11,5,-10,5,-9,5,-9,0,0,0,0,0,0,0,0,0,0,0,0,0,0,0,0,0,0,0,0,0,0,3,-10,4,-11,5,-11,6,-11,7,-10,7,-11,9,-11,8,-10,9,-9,9,-9,10,-9,10,-9,9,-9,9,-9,9,-10,8,-10,8,-11,7,-11,8,-11,8,-12,7,-12,7,-13,7,-12,7,-13,7,-13,7,-14]
[1;31mE (136133) wifi:channel=0 is invalid[0m

csi_data,[0,0,-1,15,-1,14,-1,14,-1,13,-1,14,-1,14,0,13,1,13,1,13,2,12,2,12,2,12,2,12,3,12,2,11,3,12,2,12,2,12,2,12,1,12,0,12,0,12,-1,11,-1,10,-2,10,-2,10,0,0,0,0,0,0,0,0,0,0,0,0,0,0,0,0,0,0,0,0,0,0,1,10,0,11,0,11,-1,12,-1,12,-2,13,-3,13,-3,12,-4,13,-4,12,-4,12,-4,12,-4,12,-4,12,-4,12,-3,12,-3,12,-3,12,-2,13,-2,13,-2,13,-1,14,-1,14,-1,15,-1,15,-1,15]
[1;31mE (137133) wifi:channel=0 is invalid[0m

csi_data,[0,0,5,14,5,13,5,13,5,13,5,12,5,12,6,12,6,11,6,11,6,10,7,10,6,9,7,10,7,10,7,10,7,10,7,10,7,10,6,10,6,10,5,11,5,10,4,10,3,10,3,9,2,9,0,0,0,0,0,0,0,0,0,0,0,0,0,0,0,0,0,0,0,0,0,0,5,9,5,10,4,10,4,11,4,11,3,12,2,12,2,13,2,13,1,13,1,13,1,13,1,13,1,12,1,12,2,12,2,12,3,12,3,12,4,13,3,13,4,13,5,13,5,13,5,14,5,14]
[1;31mE (138133) wifi:channel=0 is invalid[0m

csi_data,[0,0,-14,7,-14,6,-14,7,-13,6,-13,6,-12,7,-12,7,-11,7,-11,7,-10,7,-10,8,-10,8,-10,8,-10,9,-9,8,-10,9,-10,9,-10,8,-10,8,-10,8,-10,7,-9,6,-10,6,-10,5,-10,4,-10,4,0,0,0,0,0,0,0,0,0,0,0,0,0,0,0,0,0,0,0,0,0,0,-10,5,-11,5,-11,4,-12,4,-12,3,-14,3,-13,3,-14,2,-14,1,-13,1,-14,1,-14,1,-14,1,-13,2,-14,2,-13,2,-14,3,-13,3,-14,4,-13,5,-13,4,-14,5,-13,6,-14,5,-14,6,-14,6]
[1;31mE (139133) wifi:channel=0 is invalid[0m

csi_data,[0,0,-4,14,-4,13,-4,14,-4,13,-4,13,-3,13,-3,13,-2,13,-2,12,-1,12,-1,12,0,12,0,12,0,12,0,12,0,12,0,12,0,12,-1,12,-1,12,-2,12,-2,11,-2,11,-3,10,-3,9,-4,9,0,0,0,0,0,0,0,0,0,0,0,0,0,0,0,0,0,0,0,0,0,0,-2,10,-3,10,-3,11,-4,11,-5,12,-6,11,-6,11,-6,11,-7,11,-8,11,-7,11,-7,10,-7,11,-7,10,-7,11,-6,11,-6,11,-5,11,-6,12,-5,13,-5,13,-5,13,-5,13,-4,14,-5,14,-4,14]
[1;31mE (140133) wifi:channel=0 is invalid[0m

csi_data,[0,0,-9,12,-9,12,-9,11,-9,11,-8,11,-8,11,-7,11,-7,11,-6,11,-6,11,-5,11,-5,11,-5,11,-5,12,-5,11,-4,12,-4,11,-5,11,-5,11,-6,11,-6,10,-6,10,-7,9,-7,8,-7,7,-7,7,0,0,0,0,0,0,0,0,0,0,0,0,0,0,0,0,0,0,0,0,0,0,-6,9,-6,9,-7,9,-8,9,-9,9,-9,9,-10,8,-10,8,-11,8,-11,7,-11,7,-11,7,-11,7,-11,7,-10,7,-10,8,-10,8,-9,9,-10,9,-9,10,-9,10,-9,11,-10,11,-9,11,-10,12,-9,12]
[1;31mE (141133) wifi:channel=0 is invalid[0m

csi_data,[0,0,10,-12,9,-12,9,-12,9,-12,8,-12,8,-12,7,-12,6,-12,6,-12,5,-11,5,-12,4,-12,4,-12,4,-13,4,-12,4,-13,5,-12,5,-13,5,-12,5,-11,5,-12,6,-11,6,-10,6,-9,6,-9,6,-8,0,0,0,0,0,0,0,0,0,0,0,0,0,0,0,0,0,0,0,0,0,0,6,-9,7,-9,7,-9,8,-10,9,-9,10,-9,10,-8,10,-8,11,-8,11,-8,11,-8,10,-8,11,-8,10,-8,10,-8,10,-8,9,-8,9,-9,10,-10,10,-10,9,-11,9,-11,9,-11,9,-12,9,-12,10,-12]
[1;31mE (142133) wifi:channel=0 is invalid[0m

csi_data,[0,0,11,-10,10,-11,10,-11,11,-11,10,-10,9,-10,9,-10,9,-11,8,-10,8,-11,7,-11,6,-11,6,-11,6,-11,6,-12,6,-12,6,-12,6,-12,7,-12,7,-11,8,-11,8,-10,8,-9,8,-8,8,-7,8,-7,0,0,0,0,0,0,0,0,0,0,0,0,0,0,0,0,0,0,0,0,0,0,7,-8,7,-8,8,-8,8,-8,10,-8,10,-7,11,-7,11,-7,11,-6,12,-6,12,-6,11,-6,12,-6,11,-6,11,-6,11,-7,10,-7,11,-8,10,-8,11,-9,10,-9,11,-9,11,-9,11,-10,11,-10,12,-10]
[1;31mE (143133) wifi:channel=0 is invalid[0m

csi_data,[0,0,-15,-5,-15,-4,-15,-4,-15,-4,-14,-4,-14,-3,-14,-3,-14,-2,-13,-2,-14,-2,-13,-1,-13,0,-13,0,-13,0,-13,0,-13,0,-14,0,-14,0,-13,-1,-13,-1,-13,-2,-12,-2,-12,-3,-11,-3,-11,-3,-10,-4,0,0,0,0,0,0,0,0,0,0,0,0,0,0,0,0,0,0,0,0,0,0,-11,-3,-11,-4,-11,-4,-11,-5,-12,-5,-12,-6,-12,-7,-12,-8,-12,-8,-11,-8,-11,-8,-11,-8,-11,-8,-11,-8,-11,-7,-12,-7,-12,-7,-12,-6,-13,-6,-13,-6,-13,-6,-14,-5,-14,-5,-15,-5,-15,-5,-15,-5]
[1;31mE (144133) wifi:channel=0 is invalid[0m

csi_data,[0,0,-6,-14,-6,-15,-6,-14,-6,-13,-7,-13,-6,-13,-6,-12,-7,-12,-7,-11,-7,-11,-7,-11,-8,-10,-8,-10,-9,-10,-9,-10,-9,-10,-8,-10,-9,-11,-8,-10,-8,-11,-7,-11,-6,-11,-5,-11,-5,-10,-4,-10,-4,-10,0,0,0,0,0,0,0,0,0,0,0,0,0,0,0,0,0,0,0,0,0,0,-6,-10,-5,-11,-4,-11,-4,-12,-4,-12,-4,-13,-3,-13,-3,-14,-2,-14,-2,-14,-2,-14,-2,-13,-2,-13,-2,-14,-2,-13,-2,-13,-3,-13,-3,-13,-4,-13,-5,-13,-5,-14,-5,-14,-5,-14,-6,-14,-6,-15,-6,-14]
[1;31mE (145133) wifi:channel=0 is invalid[0m

csi_data,[0,0,8,-13,7,-13,7,-13,7,-13,7,-13,6,-13,6,-12,5,-12,5,-12,4,-12,4,-13,3,-12,3,-13,3,-13,3,-13,3,-13,3,-13,3,-13,3,-12,4,-12,4,-12,4,-11,5,-10,5,-10,5,-9,5,-8,0,0,0,0,0,0,0,0,0,0,0,0,0,0,0,0,0,0,0,0,0,0,5,-10,6,-10,6,-10,7,-10,8,-10,9,-10,9,-9,9,-9,10,-9,10,-9,10,-9,10,-9,10,-9,9,-9,9,-9,9,-9,9,-10,8,-10,8,-11,8,-11,8,-12,8,-12,8,-12,7,-13,8,-13,8,-13]
[1;31mE (146133) wifi:channel=0 is invalid[0m

csi_data,[0,0,-6,-14,-7,-14,-6,-14,-6,-14,-6,-13,-6,-13,-6,-13,-7,-12,-7,-12,-7,-11,-8,-11,-8,-11,-8,-11,-9,-10,-9,-10,-9,-10,-9,-11,-8,-11,-8,-11,-8,-11,-7,-11,-6,-11,-6,-11,-5,-11,-4,-11,-4,-10,0,0,0,0,0,0,0,0,0,0,0,0,0,0,0,0,0,0,0,0,0,0,-6,-10,-5,-11,-5,-12,-4,-12,-4,-12,-3,-13,-3,-13,-3,-13,-3,-14,-1,-14,-2,-14,-1,-14,-1,-14,-2,-13,-2,-13,-3,-13,-3,-13,-4,-13,-4,-13,-4,-14,-5,-14,-6,-14,-6,-14,-6,-14,-6,-15,-6,-14]
[1;31mE (147133) wifi:channel=0 is invalid[0m

csi_data,[0,0,4,-14,4,-15,4,-15,3,-14,4,-14,2,-14,2,-13,2,-13,1,-13,1,-13,0,-13,0,-13,0,-13,-1,-13,-1,-14,-1,-13,0,-13,0,-13,0,-13,1,-13,1,-13,2,-12,2,-12,2,-11,3,-11,3,-10,0,0,0,0,0,0,0,0,0,0,0,0,0,0,0,0,0,0,0,0,0,0,2,-11,2,-11,3,-11,4,-12,4,-12,5,-12,6,-12,6,-11,7,-12,7,-12,7,-12,7,-11,7,-12,6,-11,6,-11,6,-12,5,-12,5,-12,5,-13,5,-13,4,-13,5,-14,4,-14,4,-15,5,-15,4,-15]
[1;31mE (148133) wifi:channel=0 is invalid[0m

csi_data,[0,0,-10,-12,-10,-12,-10,-11,-10,-11,-10,-11,-9,-10,-10,-10,-10,-9,-10,-9,-10,-9,-10,-8,-10,-8,-11,-7,-11,-7,-11,-7,-11,-7,-11,-7,-11,-8,-10,-8,-10,-8,-10,-8,-9,-8,-9,-9,-8,-9,-7,-9,-6,-9,0,0,0,0,0,0,0,0,0,0,0,0,0,0,0,0,0,0,0,0,0,0,-8,-9,-8,-9,-7,-10,-7,-11,-7,-11,-7,-12,-6,-12,-6,-13,-6,-13,-5,-13,-5,-13,-5,-13,-5,-13,-5,-12,-5,-12,-6,-12,-6,-12,-7,-12,-7,-12,-8,-12,-8,-12,-9,-12,-9,-12,-9,-12,-9,-12,-9,-13]
[1;31mE (149133) wifi:channel=0 is invalid[0m

csi_data,[0,0,13,-7,13,-8,12,-7,12,-8,11,-7,11,-7,11,-7,10,-8,10,-8,10,-8,9,-8,9,-8,8,-9,8,-9,9,-9,8,-9,9,-9,9,-8,9,-9,9,-8,9,-7,9,-7,9,-6,9,-5,9,-5,9,-4,0,0,0,0,0,0,0,0,0,0,0,0,0,0,0,0,0,0,0,0,0,0,9,-7,9,-6,10,-6,10,-6,11,-6,11,-5,12,-4,12,-4,13,-4,12,-3,12,-3,12,-3,12,-3,12,-4,12,-4,12,-4,12,-4,12,-4,12,-5,12,-6,12,-6,12,-6,12,-6,13,-7,13,-7,13,-7]
[1;31mE (150133) wifi:channel=0 is invalid[0m

csi_data,[0,0,13,-6,14,-6,13,-6,12,-6,13,-6,12,-6,12,-6,11,-6,11,-7,10,-7,10,-8,9,-8,9,-8,10,-9,10,-8,10,-8,10,-8,10,-8,10,-8,10,-7,11,-6,10,-5,10,-5,10,-5,10,-4,9,-3,0,0,0,0,0,0,0,0,0,0,0,0,0,0,0,0,0,0,0,0,0,0,9,-5,10,-5,10,-5,11,-4,11,-4,12,-3,12,-2,12,-2,13,-2,12,-1,12,-1,13,-1,12,-2,12,-2,12,-2,12,-2,12,-3,12,-3,13,-4,12,-4,13,-5,13,-5,13,-5,13,-6,13,-6,14,-6]
[1;31mE (151133) wifi:channel=0 is invalid[0m

csi_data,[0,0,-6,-14,-6,-15,-6,-14,-6,-14,-6,-13,-6,-13,-6,-12,-7,-12,-7,-12,-8,-11,-8,-11,-8,-10,-8,-10,-9,-10,-8,-10,-8,-10,-8,-11,-8,-11,-8,-11,-7,-11,-7,-11,-6,-11,-5,-11,-5,-10,-4,-10,-3,-10,0,0,0,0,0,0,0,0,0,0,0,0,0,0,0,0,0,0,0,0,0,0,-6,-10,-5,-10,-5,-11,-4,-11,-4,-12,-4,-12,-3,-13,-3,-13,-2,-13,-2,-14,-2,-13,-2,-13,-2,-13,-2,-13,-2,-13,-3,-13,-3,-13,-4,-13,-4,-13,-5,-13,-5,-14,-5,-14,-6,-14,-6,-14,-6,-14,-6,-14]
[1;31mE (152133) wifi:channel=0 is invalid[0m

csi_data,[0,0,-8,13,-8,13,-7,13,-7,13,-7,12,-7,12,-6,12,-6,12,-5,12,-5,12,-4,12,-4,12,-4,12,-4,12,-4,12,-3,12,-4,13,-4,12,-5,12,-5,11,-6,11,-6,10,-6,10,-6,9,-6,8,-7,8,0,0,0,0,0,0,0,0,0,0,0,0,0,0,0,0,0,0,0,0,0,0,-4,8,-4,9,-5,9,-6,9,-7,9,-7,9,-8,9,-8,9,-9,9,-9,9,-9,9,-9,9,-9,9,-9,9,-9,9,-9,9,-8,9,-8,10,-8,10,-8,11,-8,11,-8,12,-8,12,-7,13,-8,13,-7,13]
[1;31mE (153133) wifi:channel=0 is invalid[0m

csi_data,[0,0,4,-15,4,-15,4,-15,3,-14,3,-14,3,-13,2,-14,2,-13,2,-13,1,-13,0,-13,0,-13,-1,-13,-1,-13,-1,-13,0,-13,-1,-13,-1,-13,0,-13,0,-13,1,-13,2,-12,2,-12,2,-12,3,-11,3,-10,0,0,0,0,0,0,0,0,0,0,0,0,0,0,0,0,0,0,0,0,0,0,1,-11,2,-12,3,-12,4,-12,4,-12,5,-12,5,-12,6,-12,6,-12,7,-12,7,-12,7,-11,7,-11,7,-11,6,-11,6,-12,5,-12,5,-12,5,-12,5,-13,4,-13,4,-14,4,-14,4,-14,4,-15,4,-15]
[1;31mE (154133) wifi:channel=0 is invalid[0m

csi_data,[0,0,-6,-14,-6,-14,-6,-13,-6,-14,-6,-13,-6,-13,-7,-12,-7,-12,-7,-11,-8,-10,-8,-10,-8,-10,-8,-10,-9,-10,-9,-10,-9,-10,-9,-10,-8,-10,-8,-10,-8,-10,-7,-11,-6,-11,-6,-11,-6,-10,-5,-10,-4,-10,0,0,0,0,0,0,0,0,0,0,0,0,0,0,0,0,0,0,0,0,0,0,-7,-10,-6,-10,-6,-11,-5,-12,-5,-13,-5,-13,-4,-14,-3,-14,-3,-14,-2,-14,-3,-14,-2,-14,-2,-14,-2,-13,-3,-13,-3,-13,-3,-13,-4,-13,-4,-13,-5,-13,-5,-13,-5,-14,-6,-14,-6,-14,-7,-14,-6,-14]
[1;31mE (155133) wifi:channel=0 is invalid[0m

csi_data,[0,0,2,15,2,14,1,14,2,14,2,13,2,13,2,12,3,12,3,12,4,12,5,11,4,11,5,10,5,11,5,11,6,10,6,11,5,11,5,11,4,11,4,11,3,10,3,10,2,10,2,10,1,9,0,0,0,0,0,0,0,0,0,0,0,0,0,0,0,0,0,0,0,0,0,0,3,11,2,11,2,12,1,12,0,13,-1,13,-1,14,-1,14,-2,14,-3,13,-2,14,-3,13,-3,13,-2,13,-2,12,-2,13,-1,13,-1,13,0,13,0,13,0,14,1,14,1,14,2,14,2,15,2,14]
[1;31mE (156133) wifi:channel=0 is invalid[0m

csi_data,[0,0,0,15,0,15,0,14,1,14,0,13,1,13,1,13,2,13,2,12,3,12,3,12,3,11,3,11,4,11,4,11,4,11,4,12,4,11,4,12,3,11,2,11,2,11,2,11,1,10,0,10,0,10,0,0,0,0,0,0,0,0,0,0,0,0,0,0,0,0,0,0,0,0,0,0,1,11,1,11,0,12,-1,12,-1,13,-2,13,-2,13,-3,13,-4,13,-4,13,-4,13,-4,13,-4,13,-4,12,-3,12,-3,13,-3,13,-2,13,-2,13,-1,13,-1,13,-1,14,0,14,0,14,0,15,0,15]
[1;31mE (157133) wifi:channel=0 is invalid[0m

csi_data,[0,0,-15,5,-14,5,-15,5,-13,5,-14,5,-13,5,-12,5,-12,6,-11,6,-11,6,-11,6,-10,7,-10,7,-10,8,-10,7,-10,7,-10,7,-11,7,-11,7,-10,6,-10,6,-10,5,-10,5,-10,4,-10,4,-10,3,0,0,0,0,0,0,0,0,0,0,0,0,0,0,0,0,0,0,0,0,0,0,-10,5,-11,5,-11,4,-12,4,-12,4,-14,3,-14,2,-14,2,-15,1,-14,1,-14,1,-14,1,-14,1,-14,1,-14,2,-14,2,-14,2,-13,2,-14,3,-14,4,-14,4,-15,4,-14,5,-15,5,-15,5,-15,5]
[1;31mE (158133) wifi:channel=0 is invalid[0m

csi_data,[0,0,-14,-6,-14,-6,-14,-6,-14,-6,-13,-5,-13,-4,-13,-4,-13,-3,-13,-3,-12,-2,-13,-2,-12,-1,-13,-1,-13,-1,-13,-1,-13,-1,-12,-1,-13,-1,-13,-1,-12,-2,-12,-2,-12,-2,-11,-2,-11,-3,-10,-3,-10,-4,0,0,0,0,0,0,0,0,0,0,0,0,0,0,0,0,0,0,0,0,0,0,-12,-4,-12,-5,-12,-5,-13,-6,-13,-7,-13,-8,-12,-9,-12,-9,-12,-10,-12,-10,-11,-10,-11,-10,-11,-9,-11,-9,-11,-9,-11,-9,-12,-8,-12,-8,-12,-8,-13,-7,-13,-7,-13,-7,-14,-7,-14,-6,-14,-6,-14,-7]
[1;31mE (159133) wifi:channel=0 is invalid[0m

csi_data,[0,0,-7,13,-7,13,-7,13,-6,12,-6,12,-6,12,-6,12,-5,12,-4,11,-4,11,-3,12,-3,11,-2,12,-3,12,-2,12,-2,12,-3,12,-3,12,-3,11,-4,11,-4,11,-5,10,-5,9,-5,9,-5,8,-5,8,0,0,0,0,0,0,0,0,0,0,0,0,0,0,0,0,0,0,0,0,0,0,-3,10,-4,10,-5,10,-6,10,-6,11,-7,11,-8,10,-9,10,-9,10,-9,10,-9,10,-9,9,-9,10,-9,10,-9,10,-8,10,-8,10,-8,10,-8,11,-8,11,-7,12,-7,12,-7,12,-7,13,-7,13,-7,13]
[1;31mE (160133) wifi:channel=0 is invalid[0m

csi_data,[0,0,-3,15,-3,14,-3,14,-3,14,-3,14,-2,13,-2,13,-1,12,-1,12,0,12,0,12,0,12,1,12,1,13,1,12,1,13,1,12,1,13,0,12,0,12,-1,12,-1,11,-2,10,-2,10,-3,10,-3,9,0,0,0,0,0,0,0,0,0,0,0,0,0,0,0,0,0,0,0,0,0,0,0,10,-1,11,-2,11,-3,12,-3,11,-4,12,-5,12,-5,12,-6,12,-6,11,-6,12,-7,12,-6,12,-6,12,-6,12,-5,11,-5,12,-4,12,-5,12,-4,13,-4,13,-3,14,-3,14,-3,14,-3,15,-3,15]
[1;31mE (161133) wifi:channel=0 is invalid[0m

csi_data,[0,0,14,-5,13,-5,13,-5,12,-5,12,-6,12,-6,11,-6,11,-6,10,-6,10,-7,9,-7,9,-8,9,-8,9,-9,9,-8,10,-8,9,-8,9,-8,9,-8,9,-7,9,-7,10,-6,9,-5,9,-5,9,-5,9,-4,0,0,0,0,0,0,0,0,0,0,0,0,0,0,0,0,0,0,0,0,0,0,9,-5,10,-5,10,-5,11,-4,11,-3,12,-3,13,-2,13,-2,13,-1,13,-1,13,-1,13,-1,13,-1,13,-2,13,-1,12,-1,12,-2,12,-3,13,-3,13,-4,13,-4,13,-4,13,-4,13,-5,14,-5,14,-5]
[1;31mE (162133) wifi:channel=0 is invalid[0m

csi_data,[0,0,-15,-6,-14,-6,-15,-6,-14,-5,-14,-5,-14,-4,-13,-4,-13,-3,-13,-3,-13,-3,-13,-2,-13,-1,-13,-1,-14,-1,-13,-1,-14,-1,-13,-1,-14,-2,-14,-2,-13,-3,-12,-3,-12,-3,-11,-3,-11,-4,-10,-4,-10,-5,0,0,0,0,0,0,0,0,0,0,0,0,0,0,0,0,0,0,0,0,0,0,-11,-2,-12,-3,-12,-3,-12,-5,-12,-5,-13,-6,-13,-7,-12,-7,-12,-8,-12,-8,-12,-8,-11,-8,-12,-8,-11,-8,-12,-8,-12,-8,-12,-7,-12,-7,-13,-7,-13,-6,-13,-6,-14,-6,-14,-6,-15,-6,-15,-6,-15,-6]
[1;31mE (163133) wifi:channel=0 is invalid[0m

csi_data,[0,0,11,10,10,10,10,9,10,9,10,9,10,8,10,8,10,7,10,7,10,6,10,6,10,5,10,5,11,5,11,5,11,5,11,5,11,5,11,6,10,6,10,6,9,6,8,6,8,6,7,6,7,7,0,0,0,0,0,0,0,0,0,0,0,0,0,0,0,0,0,0,0,0,0,0,8,6,8,7,8,7,8,8,8,9,8,10,7,10,7,10,7,11,6,11,6,11,6,11,6,11,6,10,6,10,7,10,7,10,7,10,8,10,8,10,8,10,9,10,10,10,10,10,10,10,10,10]
[1;31mE (164133) wifi:channel=0 is invalid[0m

csi_data,[0,0,-6,-14,-6,-14,-6,-14,-6,-13,-6,-13,-6,-13,-7,-12,-7,-12,-7,-11,-8,-11,-8,-11,-8,-10,-9,-10,-9,-10,-9,-10,-9,-10,-9,-10,-9,-10,-8,-11,-8,-11,-8,-11,-7,-11,-6,-10,-5,-10,-5,-10,-4,-10,0,0,0,0,0,0,0,0,0,0,0,0,0,0,0,0,0,0,0,0,0,0,-5,-10,-5,-11,-4,-11,-4,-12,-3,-12,-3,-13,-3,-13,-2,-13,-2,-14,-1,-13,-1,-14,-1,-13,-1,-13,-2,-13,-2,-13,-2,-13,-3,-13,-3,-13,-4,-14,-4,-13,-4,-13,-5,-14,-5,-14,-6,-14,-6,-14,-6,-15]
[1;31mE (165133) wifi:channel=0 is invalid[0m

csi_data,[0,0,-15,0,-15,0,-15,0,-14,0,-15,0,-14,1,-14,1,-13,2,-13,2,-13,2,-13,3,-12,3,-12,3,-13,4,-12,4,-12,4,-12,4,-13,3,-13,3,-12,2,-12,2,-12,1,-11,1,-11,0,-11,0,-10,-1,0,0,0,0,0,0,0,0,0,0,0,0,0,0,0,0,0,0,0,0,0,0,-11,1,-12,0,-12,0,-13,-1,-13,-1,-13,-2,-14,-2,-14,-3,-14,-4,-13,-4,-14,-4,-13,-4,-13,-4,-13,-4,-13,-3,-13,-3,-13,-3,-13,-2,-14,-2,-14,-1,-14,-1,-15,-1,-15,-1,-15,0,-16,0,-15,-1]
[1;31mE (166133) wifi:channel=0 is invalid[0m

csi_data,[0,0,-15,3,-15,3,-15,3,-14,2,-14,3,-14,3,-13,4,-13,4,-12,4,-12,5,-12,5,-11,5,-12,5,-11,6,-11,6,-12,6,-12,6,-12,6,-12,6,-12,5,-12,4,-12,4,-11,3,-11,2,-11,2,-11,1,0,0,0,0,0,0,0,0,0,0,0,0,0,0,0,0,0,0,0,0,0,0,-11,2,-11,2,-12,1,-13,1,-13,0,-13,0,-14,-1,-14,-1,-14,-1,-14,-2,-14,-2,-14,-2,-13,-2,-13,-2,-13,-1,-13,-1,-13,-1,-13,0,-14,1,-14,1,-14,1,-15,2,-14,2,-15,2,-15,2,-15,2]
[1;31mE (167133) wifi:channel=0 is invalid[0m

csi_data,[0,0,5,-15,5,-14,4,-15,4,-14,4,-15,4,-13,3,-14,2,-13,2,-13,1,-13,1,-13,0,-13,0,-13,0,-14,0,-13,0,-14,0,-13,1,-14,1,-13,1,-13,2,-13,3,-12,3,-12,3,-11,3,-11,4,-10,0,0,0,0,0,0,0,0,0,0,0,0,0,0,0,0,0,0,0,0,0,0,2,-10,2,-11,3,-11,4,-12,5,-12,5,-12,6,-12,6,-11,7,-11,7,-11,7,-11,7,-11,7,-11,7,-11,7,-11,6,-11,6,-12,5,-12,6,-13,5,-13,5,-13,5,-14,5,-14,5,-14,5,-15,5,-15]
[1;31mE (168133) wifi:channel=0 is invalid[0m

csi_data,[0,0,14,-4,13,-5,14,-5,13,-5,13,-5,12,-4,12,-5,12,-5,12,-6,11,-6,11,-7,10,-7,11,-7,10,-7,10,-7,11,-7,10,-7,11,-7,11,-7,11,-6,11,-5,11,-5,10,-4,10,-4,11,-3,10,-2,0,0,0,0,0,0,0,0,0,0,0,0,0,0,0,0,0,0,0,0,0,0,9,-5,10,-5,10,-4,12,-4,12,-3,12,-3,12,-1,13,-1,13,-1,12,-1,13,0,13,0,13,-1,13,0,12,-1,12,-2,13,-2,12,-3,13,-3,13,-3,12,-3,14,-3,14,-4,14,-5,14,-4,14,-5]
[1;31mE (169133) wifi:channel=0 is invalid[0m

csi_data,[0,0,-1,-16,-2,-15,-2,-15,-2,-14,-2,-15,-2,-14,-3,-14,-3,-13,-3,-13,-4,-13,-5,-13,-5,-12,-5,-12,-6,-13,-5,-12,-6,-13,-5,-13,-5,-13,-5,-13,-4,-13,-4,-13,-3,-12,-2,-12,-2,-12,-1,-12,-1,-11,0,0,0,0,0,0,0,0,0,0,0,0,0,0,0,0,0,0,0,0,0,0,-3,-11,-2,-11,-2,-12,-1,-13,-1,-13,0,-14,1,-14,1,-14,2,-14,2,-13,2,-14,2,-14,2,-13,2,-13,2,-13,1,-13,1,-14,0,-13,0,-14,0,-14,0,-14,-1,-15,-2,-15,-1,-15,-2,-15,-2,-16]
[1;31mE (170133) wifi:channel=0 is invalid[0m

csi_data,[0,0,-13,-9,-13,-9,-13,-9,-12,-8,-12,-8,-12,-7,-12,-7,-12,-6,-12,-6,-12,-5,-12,-5,-12,-4,-13,-4,-13,-4,-13,-4,-14,-4,-13,-4,-14,-4,-13,-4,-13,-5,-13,-5,-12,-6,-11,-6,-11,-6,-10,-6,-9,-6,0,0,0,0,0,0,0,0,0,0,0,0,0,0,0,0,0,0,0,0,0,0,-10,-6,-10,-7,-10,-7,-10,-8,-10,-9,-10,-10,-9,-11,-9,-11,-9,-12,-8,-11,-9,-11,-9,-12,-8,-11,-8,-11,-9,-11,-9,-10,-9,-10,-10,-10,-10,-10,-11,-9,-11,-9,-12,-10,-12,-9,-12,-9,-13,-9,-13,-9]
[1;31mE (171133) wifi:channel=0 is invalid[0m

csi_data,[0,0,-10,11,-9,11,-9,11,-9,10,-9,11,-8,10,-8,10,-7,10,-7,10,-6,10,-6,11,-5,10,-5,11,-5,11,-5,11,-5,11,-5,11,-5,12,-6,11,-6,10,-6,10,-7,10,-7,9,-7,9,-7,8,-7,7,0,0,0,0,0,0,0,0,0,0,0,0,0,0,0,0,0,0,0,0,0,0,-6,9,-7,9,-7,9,-8,9,-9,9,-10,9,-10,8,-11,8,-11,8,-11,7,-11,8,-11,7,-11,7,-11,7,-11,7,-10,7,-10,8,-10,8,-10,9,-10,9,-10,9,-10,10,-10,10,-10,11,-10,11,-10,11]
[1;31mE (172133) wifi:channel=0 is invalid[0m

csi_data,[0,0,-1,-15,-1,-15,-1,-15,-1,-14,-2,-15,-2,-14,-3,-14,-3,-13,-3,-13,-4,-12,-4,-13,-5,-12,-5,-12,-5,-13,-5,-12,-6,-12,-5,-12,-5,-13,-5,-12,-5,-12,-4,-13,-3,-12,-3,-12,-2,-12,-2,-11,-1,-11,0,0,0,0,0,0,0,0,0,0,0,0,0,0,0,0,0,0,0,0,0,0,-2,-11,-1,-12,0,-12,0,-13,1,-13,1,-14,2,-14,2,-14,3,-14,3,-13,4,-13,4,-14,4,-13,3,-13,3,-13,2,-13,2,-14,2,-13,2,-14,1,-14,0,-14,0,-15,-1,-14,0,-15,0,-15,0,-16]
[1;31mE (173133) wifi:channel=0 is invalid[0m

csi_data,[0,0,5,13,5,13,5,13,6,12,5,12,5,12,6,11,6,11,6,10,7,10,7,9,7,8,7,9,8,9,8,9,8,9,8,9,8,10,7,10,7,10,7,10,6,10,5,10,5,10,4,10,3,9,0,0,0,0,0,0,0,0,0,0,0,0,0,0,0,0,0,0,0,0,0,0,5,9,5,10,5,10,4,11,3,11,3,12,3,13,2,13,1,13,1,13,1,13,1,13,1,13,1,12,2,12,2,12,2,12,3,12,3,12,3,12,4,12,4,12,5,13,5,13,5,13,6,13]
[1;31mE (174133) wifi:channel=0 is invalid[0m

csi_data,[0,0,-9,-12,-9,-12,-9,-12,-9,-12,-9,-11,-8,-11,-9,-11,-9,-10,-9,-10,-10,-9,-10,-9,-10,-8,-10,-8,-11,-8,-10,-8,-11,-7,-11,-8,-11,-8,-10,-9,-10,-9,-9,-10,-8,-9,-8,-9,-8,-9,-7,-9,-6,-9,0,0,0,0,0,0,0,0,0,0,0,0,0,0,0,0,0,0,0,0,0,0,-8,-8,-8,-9,-7,-10,-7,-11,-7,-12,-7,-12,-6,-12,-6,-13,-5,-13,-5,-13,-5,-13,-4,-13,-5,-13,-4,-13,-5,-12,-5,-12,-6,-12,-6,-12,-6,-12,-7,-12,-7,-12,-8,-13,-9,-13,-9,-12,-9,-13,-9,-13]
[1;31mE (175133) wifi:channel=0 is invalid[0m

csi_data,[0,0,-10,-11,-11,-11,-10,-10,-10,-10,-10,-10,-11,-9,-11,-9,-11,-8,-11,-8,-11,-7,-11,-7,-12,-7,-12,-6,-11,-6,-12,-6,-12,-6,-12,-6,-12,-6,-12,-7,-11,-7,-11,-7,-10,-7,-10,-7,-9,-7,-9,-8,-8,-8,0,0,0,0,0,0,0,0,0,0,0,0,0,0,0,0,0,0,0,0,0,0,-9,-8,-8,-9,-8,-10,-8,-10,-8,-11,-8,-12,-7,-12,-7,-12,-6,-12,-6,-13,-6,-12,-6,-13,-6,-12,-6,-12,-7,-12,-7,-11,-7,-12,-8,-11,-8,-11,-9,-11,-9,-11,-9,-11,-10,-11,-10,-11,-10,-11,-11,-12]
[1;31mE (176133) wifi:channel=0 is invalid[0m

csi_data,[0,0,-13,7,-12,7,-12,7,-13,7,-12,7,-11,7,-11,7,-10,8,-10,8,-10,8,-9,8,-9,8,-9,8,-8,9,-9,9,-8,9,-9,9,-9,9,-9,9,-9,8,-9,7,-9,7,-10,6,-9,5,-9,5,-9,4,0,0,0,0,0,0,0,0,0,0,0,0,0,0,0,0,0,0,0,0,0,0,-9,7,-10,7,-10,6,-11,6,-12,6,-12,5,-13,5,-13,4,-14,4,-14,3,-14,3,-14,3,-13,3,-13,3,-12,3,-13,4,-13,4,-12,5,-12,5,-13,6,-13,6,-12,7,-13,6,-13,7,-13,7,-13,7]
[1;31mE (177133) wifi:channel=0 is invalid[0m

csi_data,[0,0,-14,-8,-13,-7,-13,-7,-13,-7,-13,-6,-12,-6,-12,-5,-12,-5,-12,-5,-12,-4,-12,-3,-12,-3,-12,-3,-12,-3,-12,-2,-13,-2,-12,-3,-12,-2,-12,-3,-11,-3,-11,-4,-11,-4,-10,-4,-9,-5,-9,-5,-8,-5,0,0,0,0,0,0,0,0,0,0,0,0,0,0,0,0,0,0,0,0,0,0,-11,-3,-11,-5,-11,-5,-11,-7,-11,-7,-11,-8,-11,-8,-11,-9,-10,-10,-10,-10,-10,-10,-10,-10,-10,-10,-10,-9,-10,-9,-10,-9,-11,-8,-11,-8,-11,-8,-12,-8,-12,-8,-13,-8,-13,-8,-13,-7,-13,-8,-13,-8]
[1;31mE (178133) wifi:channel=0 is invalid[0m

csi_data,[0,0,12,-9,11,-9,11,-9,11,-9,11,-9,10,-9,10,-9,9,-9,8,-9,8,-10,8,-10,7,-10,7,-10,7,-10,7,-10,6,-11,6,-10,7,-10,7,-10,7,-9,7,-9,8,-8,7,-8,7,-7,7,-6,7,-6,0,0,0,0,0,0,0,0,0,0,0,0,0,0,0,0,0,0,0,0,0,0,8,-8,9,-7,9,-8,10,-7,11,-7,12,-6,12,-6,12,-5,13,-5,12,-4,12,-4,12,-5,12,-5,12,-5,12,-5,12,-5,12,-5,11,-6,12,-7,12,-7,12,-8,12,-8,12,-8,12,-9,12,-9,12,-9]
[1;31mE (179133) wifi:channel=0 is invalid[0m

csi_data,[0,0,1,14,1,14,1,14,1,14,1,13,2,13,2,13,2,12,3,12,3,11,3,11,3,10,4,11,4,10,5,10,5,10,4,11,4,10,4,10,3,10,3,10,2,10,1,10,1,10,0,8,0,8,0,0,0,0,0,0,0,0,0,0,0,0,0,0,0,0,0,0,0,0,0,0,3,10,2,11,1,12,0,12,0,13,-1,13,-1,13,-2,13,-2,13,-3,13,-3,13,-3,13,-3,13,-3,13,-3,12,-2,13,-1,12,-1,13,-1,13,0,13,0,14,0,14,1,14,1,15,1,15,1,14]
[1;31mE (180133) wifi:channel=0 is invalid[0m

csi_data,[0,0,-3,14,-3,14,-3,14,-2,13,-3,13,-2,13,-2,12,-1,12,-1,11,-1,11,0,11,1,11,1,11,1,11,1,11,1,12,0,11,1,11,0,11,0,11,-1,11,-1,10,-1,9,-2,9,-2,9,-3,9,0,0,0,0,0,0,0,0,0,0,0,0,0,0,0,0,0,0,0,0,0,0,0,11,-1,11,-2,11,-3,12,-4,12,-4,12,-5,12,-5,12,-6,12,-6,12,-6,11,-7,12,-6,12,-6,11,-6,12,-5,12,-5,12,-4,12,-4,13,-4,13,-4,13,-4,13,-3,13,-3,14,-3,14,-3,15]
[1;31mE (181133) wifi:channel=0 is invalid[0m

csi_data,[0,0,6,13,6,13,6,12,6,11,6,12,6,11,6,11,6,10,6,10,7,9,7,8,7,8,7,8,8,8,8,8,8,8,8,9,8,8,7,8,7,8,7,9,5,8,5,8,4,8,4,8,3,8,0,0,0,0,0,0,0,0,0,0,0,0,0,0,0,0,0,0,0,0,0,0,6,8,6,10,6,10,4,11,5,11,4,12,4,13,3,13,3,13,2,13,2,13,2,13,2,13,2,13,2,13,3,12,3,12,3,12,4,13,5,12,4,12,5,13,6,13,6,13,6,13,7,12]
[1;31mE (182133) wifi:channel=0 is invalid[0m

csi_data,[0,0,-12,-10,-11,-10,-11,-9,-11,-9,-11,-9,-12,-8,-11,-8,-11,-7,-10,-6,-11,-6,-11,-6,-11,-5,-11,-5,-12,-5,-12,-5,-12,-5,-12,-5,-11,-5,-11,-5,-11,-6,-10,-6,-9,-6,-9,-6,-8,-6,-8,-6,-7,-6,0,0,0,0,0,0,0,0,0,0,0,0,0,0,0,0,0,0,0,0,0,0,-9,-6,-10,-7,-10,-8,-10,-8,-10,-10,-9,-10,-9,-11,-9,-11,-8,-11,-8,-11,-8,-12,-8,-12,-8,-11,-7,-11,-8,-11,-9,-11,-9,-10,-9,-10,-9,-10,-10,-10,-10,-10,-11,-10,-11,-10,-11,-10,-11,-10,-12,-10]
[1;31mE (183133) wifi:channel=0 is invalid[0m

csi_data,[0,0,6,14,5,13,5,13,6,12,5,11,5,11,5,11,6,10,6,10,6,9,6,9,7,9,7,8,7,8,8,8,7,8,7,9,7,8,7,8,6,8,6,9,5,9,5,8,4,8,3,8,3,8,0,0,0,0,0,0,0,0,0,0,0,0,0,0,0,0,0,0,0,0,0,0,5,9,5,9,5,10,4,11,4,11,3,12,2,12,3,13,2,13,1,13,2,13,2,13,1,13,1,12,2,12,2,12,2,12,3,12,3,12,4,13,4,12,4,13,5,13,4,13,6,13,6,14]
[1;31mE (184133) wifi:channel=0 is invalid[0m

csi_data,[0,0,-3,-15,-4,-15,-3,-15,-3,-14,-4,-14,-4,-13,-4,-13,-4,-13,-4,-12,-5,-12,-6,-12,-5,-11,-6,-11,-6,-11,-6,-11,-6,-11,-6,-11,-6,-11,-5,-11,-5,-11,-4,-11,-3,-11,-3,-10,-2,-10,-2,-10,-1,-10,0,0,0,0,0,0,0,0,0,0,0,0,0,0,0,0,0,0,0,0,0,0,-5,-10,-5,-11,-4,-12,-3,-12,-3,-13,-2,-14,-2,-14,-1,-14,-1,-14,0,-14,0,-14,0,-14,0,-14,0,-14,0,-13,-1,-14,-2,-13,-2,-14,-2,-14,-2,-14,-3,-14,-3,-15,-3,-15,-4,-15,-3,-15,-4,-15]
[1;31mE (185133) wifi:channel=0 is invalid[0m

csi_data,[0,0,15,-2,14,-2,13,-2,13,-2,12,-2,12,-3,12,-3,12,-3,11,-4,11,-4,11,-4,10,-4,10,-5,10,-6,10,-6,10,-5,10,-5,10,-5,10,-5,10,-4,10,-4,10,-4,10,-3,9,-2,9,-2,8,-1,0,0,0,0,0,0,0,0,0,0,0,0,0,0,0,0,0,0,0,0,0,0,11,-3,11,-2,11,-1,12,-1,12,0,13,1,13,1,13,1,13,2,12,3,13,3,12,3,12,3,12,2,12,2,12,1,12,1,12,1,13,0,13,0,13,-1,14,-1,14,-1,14,-1,15,-1,14,-1]
[1;31mE (186133) wifi:channel=0 is invalid[0m

csi_data,[0,0,14,-3,14,-4,14,-4,14,-3,13,-4,13,-4,12,-4,12,-4,11,-4,11,-5,11,-6,10,-6,10,-6,10,-6,11,-6,10,-6,11,-6,10,-6,11,-5,11,-5,10,-4,10,-4,10,-3,9,-3,9,-2,9,-1,0,0,0,0,0,0,0,0,0,0,0,0,0,0,0,0,0,0,0,0,0,0,9,-5,10,-4,11,-4,11,-3,12,-3,12,-2,13,-1,13,-1,13,-1,13,0,13,0,13,0,13,0,13,0,13,-1,13,-1,12,-1,13,-1,13,-2,13,-2,14,-3,14,-3,14,-3,14,-4,15,-4,15,-4]
[1;31mE (187133) wifi:channel=0 is invalid[0m

csi_data,[0,0,1,-15,1,-16,1,-15,1,-15,1,-15,1,-14,0,-14,0,-14,-1,-13,-2,-13,-2,-13,-3,-13,-3,-12,-3,-12,-3,-13,-3,-12,-3,-13,-3,-12,-2,-13,-2,-12,-1,-12,0,-12,0,-11,0,-10,1,-10,1,-10,0,0,0,0,0,0,0,0,0,0,0,0,0,0,0,0,0,0,0,0,0,0,-2,-11,-1,-11,-1,-12,0,-12,1,-13,1,-13,2,-13,2,-14,3,-14,3,-14,3,-14,3,-14,3,-13,3,-13,3,-13,3,-14,2,-13,2,-14,2,-14,2,-14,2,-15,2,-15,1,-16,0,-16,0,-16,0,-16]
[1;31mE (188133) wifi:channel=0 is invalid[0m

csi_data,[0,0,1,15,1,14,1,14,1,14,1,14,1,13,2,13,2,12,3,12,3,11,4,11,4,11,4,11,4,11,5,11,5,11,4,11,4,11,4,11,3,11,3,11,2,11,2,10,1,10,1,9,0,9,0,0,0,0,0,0,0,0,0,0,0,0,0,0,0,0,0,0,0,0,0,0,3,10,2,11,2,11,1,12,1,12,0,13,-1,13,-1,13,-2,13,-2,13,-2,14,-2,13,-2,13,-2,13,-2,13,-1,13,-1,13,0,13,0,14,0,13,0,14,1,14,1,14,1,15,2,15,2,15]
[1;31mE (189133) wifi:channel=0 is invalid[0m

csi_data,[0,0,4,14,3,14,4,14,4,13,4,13,4,12,4,12,5,12,5,11,5,10,6,10,6,10,6,10,6,10,6,10,7,10,6,10,6,10,6,10,5,10,5,10,4,10,3,10,3,9,2,9,2,9,0,0,0,0,0,0,0,0,0,0,0,0,0,0,0,0,0,0,0,0,0,0,4,9,4,10,3,10,3,11,2,11,2,12,1,13,1,13,0,13,0,13,0,13,0,13,0,13,0,13,0,13,0,12,1,13,1,12,2,13,2,13,2,13,3,14,3,13,4,14,4,14,4,14]
[1;31mE (190133) wifi:channel=0 is invalid[0m

csi_data,[0,0,11,9,12,8,11,8,12,8,11,7,11,7,11,6,11,6,11,5,11,5,11,5,10,4,10,4,10,4,11,4,11,3,11,4,11,4,11,4,11,5,10,5,9,5,9,5,8,6,7,6,6,6,0,0,0,0,0,0,0,0,0,0,0,0,0,0,0,0,0,0,0,0,0,0,9,4,9,5,10,6,9,6,10,7,9,8,9,9,9,9,9,9,8,10,8,10,8,10,8,10,8,9,8,9,9,9,9,9,9,9,9,8,10,8,11,8,11,8,11,9,11,9,11,9,12,9]
[1;31mE (191133) wifi:channel=0 is invalid[0m

csi_data,[0,0,14,-6,13,-6,13,-6,12,-6,13,-6,12,-6,11,-6,11,-6,11,-6,10,-7,9,-7,9,-8,9,-8,9,-8,9,-8,9,-8,9,-8,9,-8,9,-7,10,-6,10,-6,10,-6,9,-5,9,-5,8,-4,9,-3,0,0,0,0,0,0,0,0,0,0,0,0,0,0,0,0,0,0,0,0,0,0,8,-6,9,-6,10,-6,10,-5,11,-5,12,-4,12,-3,13,-3,13,-3,13,-3,13,-3,13,-2,13,-3,13,-3,13,-3,12,-3,13,-4,12,-4,13,-4,13,-5,13,-5,13,-5,13,-5,13,-6,13,-6,14,-6]
[1;31mE (192133) wifi:channel=0 is invalid[0m

csi_data,[0,0,6,-13,7,-14,6,-13,6,-13,5,-13,5,-12,5,-12,4,-12,3,-12,3,-12,2,-12,2,-12,2,-12,2,-12,2,-12,1,-12,2,-12,1,-12,2,-12,3,-11,2,-11,3,-11,3,-9,3,-9,3,-9,4,-8,0,0,0,0,0,0,0,0,0,0,0,0,0,0,0,0,0,0,0,0,0,0,3,-11,4,-10,5,-11,6,-11,6,-11,7,-11,8,-10,8,-11,9,-10,8,-11,8,-10,9,-11,8,-10,8,-10,8,-10,8,-10,8,-11,7,-11,7,-12,7,-12,7,-12,7,-13,6,-13,6,-13,7,-13,6,-14]
[1;31mE (193133) wifi:channel=0 is invalid[0m

csi_data,[0,0,14,-5,14,-5,13,-5,13,-5,13,-5,12,-5,12,-6,11,-6,11,-6,11,-7,11,-7,10,-7,10,-7,10,-8,10,-8,10,-8,10,-8,10,-7,10,-7,10,-6,10,-6,10,-5,9,-5,9,-4,9,-3,9,-3,0,0,0,0,0,0,0,0,0,0,0,0,0,0,0,0,0,0,0,0,0,0,9,-5,10,-5,10,-5,11,-4,12,-4,12,-3,13,-3,13,-2,13,-2,13,-1,13,-1,13,-1,13,-1,13,-1,13,-2,13,-2,13,-2,13,-3,13,-3,13,-4,13,-4,13,-5,14,-5,14,-5,14,-5,14,-5]
[1;31mE (194133) wifi:channel=0 is invalid[0m

csi_data,[0,0,-15,0,-16,1,-15,1,-15,1,-14,1,-14,1,-13,1,-13,1,-13,2,-12,3,-12,3,-11,4,-12,4,-12,4,-11,4,-12,4,-11,4,-12,4,-12,3,-12,2,-11,2,-11,2,-11,1,-10,1,-10,1,-9,0,0,0,0,0,0,0,0,0,0,0,0,0,0,0,0,0,0,0,0,0,0,0,-11,2,-12,2,-12,1,-13,0,-13,0,-14,-1,-14,-2,-14,-2,-14,-3,-14,-3,-14,-3,-14,-3,-14,-3,-14,-3,-14,-2,-14,-2,-14,-2,-14,-1,-14,-1,-15,0,-15,0,-15,0,-15,1,-15,1,-16,1,-16,1]
[1;31mE (195133) wifi:channel=0 is invalid[0m

csi_data,[0,0,-16,-3,-16,-3,-15,-3,-15,-3,-14,-2,-14,-2,-14,-1,-13,-1,-13,-1,-13,0,-13,0,-12,1,-12,1,-13,2,-13,1,-13,1,-13,2,-13,1,-13,1,-12,1,-12,0,-12,0,-11,-1,-11,-1,-10,-2,-10,-2,0,0,0,0,0,0,0,0,0,0,0,0,0,0,0,0,0,0,0,0,0,0,-11,-1,-12,-2,-12,-2,-12,-3,-13,-4,-13,-4,-13,-5,-13,-5,-13,-6,-13,-6,-13,-7,-13,-7,-13,-6,-12,-6,-13,-6,-13,-6,-13,-5,-13,-5,-13,-4,-14,-3,-14,-3,-15,-3,-15,-4,-15,-3,-16,-3,-16,-3]
[1;31mE (196133) wifi:channel=0 is invalid[0m

csi_data,[0,0,-15,-2,-15,-2,-15,-2,-14,-2,-14,-1,-14,-1,-13,-1,-13,0,-13,0,-12,1,-13,1,-12,2,-12,2,-12,2,-12,3,-12,2,-12,2,-12,2,-12,2,-11,1,-11,1,-11,0,-10,0,-11,-1,-10,-1,-10,-2,0,0,0,0,0,0,0,0,0,0,0,0,0,0,0,0,0,0,0,0,0,0,-11,0,-12,-1,-12,-2,-12,-2,-13,-3,-13,-4,-13,-4,-13,-5,-13,-6,-13,-5,-13,-6,-13,-6,-13,-5,-13,-5,-13,-5,-13,-5,-13,-5,-13,-4,-14,-4,-14,-3,-14,-2,-15,-2,-15,-2,-15,-2,-15,-2,-16,-2]
[1;31mE (197133) wifi:channel=0 is invalid[0m

csi_data,[0,0,4,14,4,14,4,14,4,13,4,13,4,12,4,12,5,11,5,11,6,10,6,10,6,10,6,10,7,10,7,10,7,10,6,10,6,10,6,10,5,10,5,10,4,10,4,9,3,9,3,9,2,9,0,0,0,0,0,0,0,0,0,0,0,0,0,0,0,0,0,0,0,0,0,0,5,9,5,10,4,10,4,11,3,12,3,12,2,13,2,13,1,13,1,13,1,13,1,13,1,13,1,13,1,13,1,13,1,13,2,13,2,13,3,13,3,13,3,14,4,14,5,14,5,14,5,14]
[1;31mE (198133) wifi:channel=0 is invalid[0m

csi_data,[0,0,-11,-12,-10,-11,-11,-12,-10,-11,-10,-11,-10,-10,-10,-10,-10,-9,-10,-8,-10,-8,-11,-8,-10,-7,-11,-7,-11,-7,-11,-7,-11,-7,-11,-7,-11,-7,-11,-7,-10,-8,-10,-8,-9,-8,-8,-8,-8,-8,-7,-8,-6,-8,0,0,0,0,0,0,0,0,0,0,0,0,0,0,0,0,0,0,0,0,0,0,-9,-7,-9,-8,-9,-8,-9,-9,-9,-10,-9,-11,-9,-12,-8,-12,-8,-12,-7,-12,-7,-13,-7,-13,-6,-13,-7,-12,-7,-12,-7,-12,-8,-12,-8,-11,-9,-12,-9,-11,-10,-11,-10,-11,-10,-11,-10,-12,-11,-12,-11,-12]
[1;31mE (199133) wifi:channel=0 is invalid[0m

csi_data,[0,0,14,4,14,4,13,4,13,4,13,3,12,3,13,2,12,1,12,2,12,1,12,1,12,0,12,0,12,-1,12,0,12,-1,12,0,12,0,12,0,11,1,11,1,10,2,10,2,9,2,9,3,8,3,0,0,0,0,0,0,0,0,0,0,0,0,0,0,0,0,0,0,0,0,0,0,10,1,11,1,11,2,11,3,11,4,12,4,12,5,12,6,11,6,11,6,11,7,11,7,11,7,11,7,11,6,11,6,11,5,12,5,12,5,13,4,13,4,14,4,13,4,14,4,14,4,14,4]
[1;31mE (200133) wifi:channel=0 is invalid[0m

csi_data,[0,0,5,14,5,13,5,13,5,13,5,12,5,11,5,11,5,10,6,10,6,9,6,9,7,9,7,8,7,9,7,9,7,9,7,9,7,9,6,9,5,9,6,9,5,9,4,9,4,8,3,8,2,8,0,0,0,0,0,0,0,0,0,0,0,0,0,0,0,0,0,0,0,0,0,0,6,8,6,9,5,11,5,11,4,12,4,12,3,13,3,12,2,13,2,13,2,13,2,13,2,13,2,13,2,12,2,12,3,12,3,12,3,12,3,13,4,13,4,13,5,13,6,13,5,14,5,13]
[1;31mE (201133) wifi:channel=0 is invalid[0m

csi_data,[0,0,14,-3,14,-3,14,-3,13,-3,13,-3,12,-4,12,-4,11,-4,11,-4,11,-5,10,-5,10,-5,10,-5,10,-6,10,-6,10,-6,10,-6,10,-6,10,-6,10,-5,10,-5,10,-5,9,-4,9,-3,8,-2,8,-2,0,0,0,0,0,0,0,0,0,0,0,0,0,0,0,0,0,0,0,0,0,0,10,-4,11,-3,11,-2,12,-2,12,-2,13,-1,13,0,13,0,13,0,13,1,13,1,13,1,13,1,13,1,13,0,12,0,13,0,13,-1,13,-1,13,-2,13,-2,14,-3,14,-2,14,-2,14,-3,15,-3]
[1;31mE (202133) wifi:channel=0 is invalid[0m

csi_data,[0,0,11,-10,10,-11,10,-10,10,-10,10,-10,9,-10,8,-10,7,-10,8,-10,7,-10,6,-11,5,-10,6,-11,6,-11,5,-10,5,-11,5,-11,5,-10,6,-10,6,-10,6,-9,6,-9,6,-8,6,-7,6,-7,6,-6,0,0,0,0,0,0,0,0,0,0,0,0,0,0,0,0,0,0,0,0,0,0,6,-9,8,-9,8,-9,9,-9,9,-9,10,-8,11,-8,11,-8,11,-7,11,-7,11,-6,12,-7,11,-7,11,-6,11,-7,11,-7,11,-7,10,-8,11,-9,11,-9,10,-9,11,-10,10,-10,11,-10,11,-10,11,-11]
[1;31mE (203133) wifi:channel=0 is invalid[0m

csi_data,[0,0,6,-14,5,-13,5,-14,5,-13,5,-13,4,-13,4,-12,3,-13,3,-12,2,-12,2,-12,1,-12,1,-12,0,-12,0,-12,0,-12,1,-13,1,-12,1,-11,2,-11,2,-11,2,-11,2,-10,3,-10,3,-9,3,-8,0,0,0,0,0,0,0,0,0,0,0,0,0,0,0,0,0,0,0,0,0,0,2,-11,3,-11,4,-11,4,-12,5,-12,6,-12,7,-12,7,-11,8,-11,8,-11,8,-11,8,-11,8,-11,8,-11,7,-11,7,-11,7,-12,6,-12,6,-12,6,-13,6,-13,6,-13,5,-13,6,-14,6,-15,6,-14]
[1;31mE (204133) wifi:channel=0 is invalid[0m

csi_data,[0,0,5,13,5,13,5,13,5,12,5,12,5,12,5,11,6,11,6,11,6,10,7,9,7,9,7,9,7,9,7,9,7,9,7,9,7,9,6,9,6,9,5,9,4,9,4,9,4,9,3,8,3,8,0,0,0,0,0,0,0,0,0,0,0,0,0,0,0,0,0,0,0,0,0,0,6,8,6,9,5,10,5,10,4,11,4,11,3,12,3,13,2,13,2,13,3,13,3,12,2,13,3,12,2,12,3,12,3,12,4,12,4,12,4,13,4,13,5,13,5,13,6,13,6,13,6,13]
[1;31mE (205133) wifi:channel=0 is invalid[0m

csi_data,[0,0,6,-13,6,-14,6,-13,6,-13,6,-13,5,-12,5,-12,4,-12,3,-12,3,-12,3,-12,2,-12,2,-12,2,-12,2,-12,2,-12,2,-12,2,-12,3,-12,3,-11,3,-11,3,-11,4,-10,4,-9,4,-8,4,-8,0,0,0,0,0,0,0,0,0,0,0,0,0,0,0,0,0,0,0,0,0,0,2,-11,3,-11,4,-11,5,-11,5,-11,6,-12,7,-11,7,-11,8,-11,8,-11,9,-11,8,-11,8,-10,8,-10,8,-10,7,-11,7,-11,7,-11,7,-12,7,-12,7,-13,6,-13,6,-13,6,-14,7,-14,7,-14]
[1;31mE (206133) wifi:channel=0 is invalid[0m

csi_data,[0,0,-3,-15,-3,-15,-3,-15,-3,-15,-3,-14,-4,-14,-4,-13,-4,-13,-5,-13,-5,-12,-5,-12,-5,-12,-6,-11,-6,-12,-6,-11,-6,-11,-6,-11,-6,-11,-6,-12,-5,-11,-4,-11,-4,-11,-3,-11,-3,-10,-2,-10,-2,-10,0,0,0,0,0,0,0,0,0,0,0,0,0,0,0,0,0,0,0,0,0,0,-4,-11,-4,-11,-3,-12,-3,-12,-3,-13,-2,-14,-1,-14,-1,-14,0,-14,0,-14,0,-14,0,-14,1,-14,1,-14,0,-14,0,-14,-1,-14,-1,-14,-2,-14,-2,-14,-2,-14,-2,-15,-3,-15,-3,-15,-3,-15,-3,-16]
[1;31mE (207133) wifi:channel=0 is invalid[0m

csi_data,[0,0,-14,-8,-13,-8,-14,-8,-13,-8,-13,-8,-12,-7,-12,-7,-12,-6,-12,-5,-12,-5,-12,-5,-12,-4,-12,-4,-13,-4,-13,-3,-13,-4,-12,-3,-12,-4,-12,-4,-12,-5,-11,-5,-11,-5,-10,-5,-9,-5,-9,-6,-8,-6,0,0,0,0,0,0,0,0,0,0,0,0,0,0,0,0,0,0,0,0,0,0,-10,-5,-11,-5,-11,-6,-11,-7,-11,-8,-11,-9,-11,-9,-11,-10,-10,-10,-10,-10,-10,-10,-10,-11,-10,-10,-10,-11,-10,-10,-10,-10,-11,-9,-11,-9,-11,-9,-12,-9,-12,-8,-13,-8,-13,-8,-13,-9,-13,-8,-14,-9]
[1;31mE (208133) wifi:channel=0 is invalid[0m

csi_data,[0,0,-15,0,-16,0,-15,0,-14,0,-14,0,-14,1,-13,1,-13,1,-13,1,-12,2,-12,2,-12,3,-12,3,-12,3,-12,3,-12,3,-12,3,-12,3,-12,3,-12,2,-11,2,-11,1,-11,1,-11,0,-10,0,-10,-1,0,0,0,0,0,0,0,0,0,0,0,0,0,0,0,0,0,0,0,0,0,0,-11,1,-11,1,-12,0,-12,0,-13,-1,-13,-2,-14,-2,-14,-3,-14,-3,-14,-3,-14,-4,-13,-4,-13,-4,-13,-3,-13,-3,-13,-3,-14,-3,-14,-2,-14,-2,-15,-1,-14,-1,-15,-1,-15,-1,-15,0,-15,0,-16,-1]
[1;31mE (209133) wifi:channel=0 is invalid[0m

csi_data,[0,0,-15,4,-14,4,-14,4,-14,4,-14,4,-13,4,-12,4,-12,5,-11,4,-11,5,-10,5,-10,6,-10,6,-10,7,-10,6,-10,6,-10,7,-10,6,-11,6,-10,5,-10,5,-10,5,-10,4,-10,3,-9,3,-10,2,0,0,0,0,0,0,0,0,0,0,0,0,0,0,0,0,0,0,0,0,0,0,-11,4,-12,4,-12,3,-12,2,-13,2,-14,1,-14,1,-14,0,-15,0,-14,0,-15,0,-14,-1,-14,0,-14,0,-14,0,-14,0,-14,0,-14,1,-14,1,-14,3,-14,2,-14,3,-14,3,-15,4,-15,4,-15,3]
[1;31mE (210133) wifi:channel=0 is invalid[0m

csi_data,[0,0,-14,5,-14,5,-14,5,-13,5,-13,5,-12,6,-12,6,-11,6,-11,6,-11,6,-10,7,-10,7,-10,7,-10,7,-10,7,-9,7,-10,8,-10,7,-10,7,-10,6,-10,6,-10,5,-10,5,-10,4,-9,3,-9,3,0,0,0,0,0,0,0,0,0,0,0,0,0,0,0,0,0,0,0,0,0,0,-9,5,-10,5,-11,5,-12,4,-12,4,-13,3,-13,3,-13,3,-14,2,-14,2,-14,1,-14,1,-14,1,-13,1,-13,2,-14,2,-13,3,-13,3,-13,3,-13,4,-14,4,-14,5,-14,5,-14,5,-14,6,-14,5]
[1;31mE (211133) wifi:channel=0 is invalid[0m

csi_data,[0,0,12,9,11,8,11,9,11,8,11,8,11,7,10,6,10,5,11,5,10,4,11,4,10,4,10,4,11,4,10,4,11,3,11,4,11,4,11,4,10,4,10,5,9,5,8,4,7,5,7,5,7,5,0,0,0,0,0,0,0,0,0,0,0,0,0,0,0,0,0,0,0,0,0,0,9,4,10,5,9,6,10,7,9,7,10,8,9,9,9,9,8,10,8,9,8,10,8,10,7,10,7,10,8,10,8,9,9,9,9,8,10,9,10,8,10,8,11,8,11,8,11,9,12,9,12,9]
[1;31mE (212133) wifi:channel=0 is invalid[0m

csi_data,[0,0,11,-10,10,-11,10,-11,10,-10,9,-10,9,-10,8,-10,8,-10,7,-10,7,-10,6,-11,6,-11,5,-11,6,-11,5,-11,5,-11,5,-11,6,-11,6,-11,6,-10,6,-10,7,-9,6,-9,6,-8,6,-8,7,-7,0,0,0,0,0,0,0,0,0,0,0,0,0,0,0,0,0,0,0,0,0,0,6,-9,7,-9,8,-9,9,-9,9,-8,10,-8,11,-7,11,-7,11,-7,11,-6,11,-7,11,-7,11,-7,11,-7,11,-7,10,-7,11,-8,10,-8,11,-8,11,-9,10,-9,11,-10,10,-10,10,-10,10,-11,11,-11]
[1;31mE (213133) wifi:channel=0 is invalid[0m

csi_data,[0,0,-13,-7,-14,-7,-13,-7,-13,-7,-12,-6,-12,-6,-12,-5,-12,-5,-12,-4,-12,-4,-12,-3,-12,-3,-11,-2,-12,-2,-13,-2,-12,-2,-12,-2,-12,-3,-12,-3,-11,-3,-11,-3,-10,-4,-10,-4,-9,-4,-9,-5,-9,-4,0,0,0,0,0,0,0,0,0,0,0,0,0,0,0,0,0,0,0,0,0,0,-11,-4,-11,-5,-11,-5,-11,-6,-11,-7,-11,-8,-12,-8,-11,-9,-11,-9,-10,-10,-11,-10,-10,-9,-10,-9,-10,-10,-10,-9,-10,-9,-11,-9,-11,-9,-11,-8,-12,-8,-13,-7,-13,-7,-14,-7,-13,-7,-13,-7,-13,-7]
[1;31mE (214133) wifi:channel=0 is invalid[0m

csi_data,[0,0,-12,8,-12,8,-12,9,-11,9,-11,9,-10,8,-10,9,-9,8,-8,9,-8,9,-8,8,-7,9,-7,9,-7,10,-7,10,-7,10,-7,10,-7,9,-7,9,-7,9,-7,8,-8,8,-7,7,-8,6,-8,6,-7,5,0,0,0,0,0,0,0,0,0,0,0,0,0,0,0,0,0,0,0,0,0,0,-8,7,-9,8,-10,7,-10,6,-11,6,-12,6,-12,6,-13,5,-13,5,-13,4,-13,4,-13,4,-13,5,-13,4,-12,5,-13,5,-12,6,-12,6,-12,7,-12,7,-12,7,-12,8,-12,8,-12,9,-12,9,-12,9]
[1;31mE (215133) wifi:channel=0 is invalid[0m

csi_data,[0,0,-6,-14,-6,-15,-6,-13,-6,-14,-6,-13,-6,-12,-6,-13,-6,-12,-7,-11,-7,-11,-8,-11,-8,-10,-8,-10,-8,-10,-8,-10,-8,-10,-8,-10,-8,-10,-8,-10,-7,-10,-7,-10,-6,-10,-5,-10,-5,-10,-4,-9,-4,-9,0,0,0,0,0,0,0,0,0,0,0,0,0,0,0,0,0,0,0,0,0,0,-7,-10,-6,-10,-5,-12,-5,-11,-5,-13,-4,-13,-3,-14,-3,-14,-3,-14,-2,-14,-3,-14,-3,-14,-2,-14,-2,-14,-2,-13,-3,-14,-3,-13,-3,-14,-4,-13,-5,-13,-5,-14,-5,-14,-6,-14,-6,-14,-6,-15,-6,-14]
[1;31mE (216133) wifi:channel=0 is invalid[0m

csi_data,[0,0,-15,3,-15,3,-15,3,-14,3,-13,3,-14,3,-13,3,-12,4,-12,4,-11,4,-11,5,-11,5,-11,5,-11,5,-11,5,-11,6,-11,6,-11,5,-11,5,-11,5,-11,4,-10,3,-10,3,-10,3,-9,1,-9,1,0,0,0,0,0,0,0,0,0,0,0,0,0,0,0,0,0,0,0,0,0,0,-11,4,-12,3,-12,2,-12,2,-13,1,-13,1,-14,0,-14,0,-14,-1,-14,-1,-14,-1,-14,-1,-13,-1,-13,-1,-13,-1,-14,0,-14,0,-14,0,-14,1,-14,1,-14,2,-15,2,-15,3,-15,2,-15,2,-15,3]
[1;31mE (217133) wifi:channel=0 is invalid[0m

csi_data,[0,0,4,-14,4,-15,4,-14,4,-14,3,-14,3,-13,3,-13,2,-13,2,-12,1,-12,1,-13,0,-12,0,-12,0,-12,-1,-12,-1,-12,0,-13,0,-12,0,-12,0,-12,1,-12,2,-11,2,-11,2,-10,2,-9,2,-9,0,0,0,0,0,0,0,0,0,0,0,0,0,0,0,0,0,0,0,0,0,0,1,-12,1,-12,2,-12,3,-12,4,-13,5,-12,5,-12,6,-13,7,-12,7,-12,7,-12,7,-12,7,-12,7,-12,6,-12,6,-12,5,-12,5,-12,5,-13,5,-13,4,-14,4,-14,4,-14,4,-15,4,-15,4,-14]
[1;31mE (218133) wifi:channel=0 is invalid[0m

csi_data,[0,0,-3,-15,-4,-15,-4,-15,-4,-14,-4,-14,-4,-14,-4,-13,-4,-13,-5,-12,-5,-12,-5,-12,-6,-11,-6,-11,-6,-11,-6,-11,-7,-11,-6,-11,-6,-12,-6,-12,-5,-11,-5,-11,-4,-11,-3,-11,-3,-10,-3,-10,-2,-10,0,0,0,0,0,0,0,0,0,0,0,0,0,0,0,0,0,0,0,0,0,0,-5,-10,-4,-11,-4,-12,-3,-12,-3,-13,-2,-14,-2,-14,-1,-14,-1,-14,0,-14,0,-14,0,-14,0,-14,0,-14,0,-14,-1,-14,-1,-14,-2,-14,-2,-14,-2,-14,-2,-14,-3,-15,-3,-15,-3,-15,-3,-15,-3,-16]
[1;31mE (219133) wifi:channel=0 is invalid[0m

csi_data,[0,0,4,14,4,14,4,13,4,13,4,13,4,12,4,12,5,11,5,11,5,10,5,10,5,10,5,10,6,10,6,10,6,10,6,10,6,10,6,10,5,10,4,10,4,10,3,10,2,9,2,9,1,9,0,0,0,0,0,0,0,0,0,0,0,0,0,0,0,0,0,0,0,0,0,0,5,9,5,10,4,10,4,11,3,12,3,12,3,13,2,13,1,13,1,13,0,13,0,13,0,13,0,13,0,12,1,13,1,13,2,13,2,13,3,13,3,13,3,13,4,14,4,14,4,14,4,14]
[1;31mE (220133) wifi:channel=0 is invalid[0m

csi_data,[0,0,13,-7,13,-7,13,-7,12,-7,12,-7,11,-7,11,-7,10,-7,10,-7,9,-8,9,-8,8,-8,9,-9,9,-9,8,-9,9,-9,8,-9,8,-8,9,-8,9,-7,9,-7,9,-6,9,-6,9,-6,8,-5,8,-4,0,0,0,0,0,0,0,0,0,0,0,0,0,0,0,0,0,0,0,0,0,0,8,-7,8,-7,9,-7,10,-6,11,-6,11,-6,12,-5,12,-5,12,-4,12,-4,13,-4,12,-4,12,-4,12,-4,12,-4,12,-4,12,-5,12,-5,12,-6,12,-6,12,-6,13,-6,13,-7,13,-8,13,-8,13,-7]
[1;31mE (221133) wifi:channel=0 is invalid[0m

csi_data,[0,0,-11,10,-11,10,-10,10,-10,10,-10,10,-9,10,-9,10,-8,10,-7,9,-7,10,-7,10,-6,10,-5,10,-5,11,-5,10,-5,10,-5,10,-6,11,-5,10,-6,10,-6,9,-6,9,-6,8,-7,7,-7,7,-6,6,0,0,0,0,0,0,0,0,0,0,0,0,0,0,0,0,0,0,0,0,0,0,-6,8,-7,8,-8,9,-9,8,-10,8,-11,9,-11,8,-11,8,-12,7,-12,7,-12,7,-12,6,-12,7,-11,7,-12,7,-11,7,-11,7,-11,8,-11,8,-11,9,-10,9,-11,10,-10,10,-11,10,-11,11,-11,10]
[1;31mE (222133) wifi:channel=0 is invalid[0m

csi_data,[0,0,12,-8,12,-8,12,-8,11,-8,11,-8,10,-8,10,-8,9,-8,9,-8,8,-9,8,-9,8,-9,7,-9,7,-10,7,-9,7,-10,7,-9,7,-9,7,-9,7,-8,8,-8,8,-8,7,-7,8,-6,8,-6,7,-5,0,0,0,0,0,0,0,0,0,0,0,0,0,0,0,0,0,0,0,0,0,0,8,-7,9,-7,9,-7,10,-7,11,-7,12,-6,12,-6,12,-5,12,-5,13,-4,13,-4,12,-4,12,-3,13,-4,12,-5,11,-4,12,-5,11,-5,12,-6,12,-6,12,-7,12,-7,12,-7,12,-7,12,-8,12,-8]
[1;31mE (223133) wifi:channel=0 is invalid[0m

csi_data,[0,0,-16,-2,-15,-2,-15,-2,-14,-2,-15,-2,-14,-1,-13,-1,-13,-1,-13,0,-12,0,-13,1,-12,1,-13,1,-12,2,-12,2,-12,2,-12,2,-13,2,-12,1,-12,1,-12,0,-11,0,-11,0,-10,-1,-10,-2,-10,-1,0,0,0,0,0,0,0,0,0,0,0,0,0,0,0,0,0,0,0,0,0,0,-12,-1,-12,-2,-13,-2,-13,-2,-13,-3,-14,-4,-13,-5,-14,-5,-13,-6,-12,-6,-13,-6,-13,-6,-13,-6,-13,-6,-13,-6,-13,-5,-13,-5,-13,-4,-14,-4,-14,-4,-14,-3,-15,-3,-15,-3,-15,-3,-16,-3,-16,-3]
[1;31mE (224133) wifi:channel=0 is invalid[0m

csi_data,[0,0,-2,15,-2,14,-2,14,-1,13,-1,13,-1,13,0,13,0,12,0,12,1,11,2,11,2,11,2,11,2,11,2,10,2,11,2,11,2,11,2,11,2,10,1,11,0,10,0,9,0,9,-1,9,-1,9,0,0,0,0,0,0,0,0,0,0,0,0,0,0,0,0,0,0,0,0,0,0,1,10,0,11,-1,11,-1,12,-2,12,-2,13,-3,12,-4,12,-4,13,-5,13,-4,13,-5,12,-4,12,-4,12,-4,13,-4,12,-4,12,-3,12,-3,13,-2,13,-3,14,-2,14,-1,14,-1,14,-1,15,-1,15]
[1;31mE (225133) wifi:channel=0 is invalid[0m

csi_data,[0,0,4,-15,4,-14,4,-14,4,-14,4,-14,3,-14,3,-14,2,-13,1,-13,1,-13,1,-13,0,-13,0,-13,0,-13,0,-13,0,-13,0,-13,0,-13,0,-12,1,-12,1,-12,2,-11,2,-11,2,-11,2,-10,3,-9,0,0,0,0,0,0,0,0,0,0,0,0,0,0,0,0,0,0,0,0,0,0,1,-11,2,-12,3,-12,4,-12,4,-12,5,-13,5,-13,6,-13,6,-12,7,-12,7,-12,7,-12,7,-12,7,-12,7,-12,6,-12,6,-12,5,-12,5,-13,5,-14,5,-13,5,-14,4,-14,4,-14,5,-15,4,-15]
[1;31mE (226133) wifi:channel=0 is invalid[0m

csi_data,[0,0,12,8,12,7,12,7,12,7,12,6,11,6,11,5,11,5,11,4,11,4,11,3,11,2,11,2,11,2,11,2,12,2,12,2,11,2,11,3,11,3,10,3,10,3,9,4,9,4,8,4,8,4,0,0,0,0,0,0,0,0,0,0,0,0,0,0,0,0,0,0,0,0,0,0,9,4,10,4,10,5,10,6,10,7,10,8,10,8,10,9,9,9,9,9,9,10,9,10,9,9,9,9,9,9,9,9,9,8,10,8,10,8,11,8,11,8,12,8,12,8,12,7,13,7,13,8]
[1;31mE (227133) wifi:channel=0 is invalid[0m

csi_data,[0,0,-6,14,-5,14,-5,13,-5,13,-5,13,-5,13,-4,12,-3,12,-3,12,-2,12,-2,12,-1,11,-1,12,-1,12,-1,12,0,12,-1,12,-1,12,-1,12,-2,11,-2,11,-3,10,-3,10,-3,10,-3,9,-4,8,0,0,0,0,0,0,0,0,0,0,0,0,0,0,0,0,0,0,0,0,0,0,-2,10,-3,11,-4,11,-5,11,-6,11,-6,12,-7,12,-7,11,-8,11,-9,11,-8,11,-8,11,-8,11,-8,11,-8,11,-7,11,-7,11,-7,11,-7,12,-7,13,-6,12,-6,13,-6,13,-6,14,-6,14,-6,14]
[1;31mE (228133) wifi:channel=0 is invalid[0m

csi_data,[0,0,-15,3,-15,3,-14,3,-14,3,-14,3,-13,4,-13,4,-12,4,-12,4,-12,5,-11,5,-11,5,-11,6,-10,6,-11,6,-11,6,-11,6,-10,6,-11,5,-10,5,-11,4,-11,4,-10,3,-10,3,-10,2,-9,2,0,0,0,0,0,0,0,0,0,0,0,0,0,0,0,0,0,0,0,0,0,0,-11,3,-11,3,-12,3,-12,2,-13,2,-13,1,-14,0,-14,0,-14,0,-14,-1,-14,-1,-14,-1,-14,-1,-14,-1,-13,0,-14,0,-14,0,-14,1,-14,1,-14,2,-14,2,-15,2,-15,3,-15,3,-15,3,-15,3]
[1;31mE (229133) wifi:channel=0 is invalid[0m

csi_data,[0,0,14,3,14,3,13,3,14,3,13,3,13,2,13,2,12,2,12,1,12,0,12,0,11,-1,12,-1,11,-1,12,-1,12,-1,12,-1,12,0,12,0,12,0,11,1,11,1,10,2,10,2,9,2,8,3,0,0,0,0,0,0,0,0,0,0,0,0,0,0,0,0,0,0,0,0,0,0,11,0,10,1,11,2,11,2,12,3,12,4,12,5,12,5,12,6,12,6,11,6,11,7,11,6,11,6,11,5,12,6,11,5,12,5,12,4,13,4,13,4,14,4,14,4,14,4,14,4,14,4]
[1;31mE (230133) wifi:channel=0 is invalid[0m

csi_data,[0,0,-9,-13,-9,-13,-8,-13,-8,-12,-9,-12,-8,-11,-8,-11,-9,-10,-9,-10,-9,-9,-10,-9,-9,-8,-10,-8,-10,-8,-10,-8,-10,-8,-10,-8,-10,-8,-10,-9,-9,-8,-9,-9,-8,-8,-7,-9,-7,-8,-6,-8,-5,-8,0,0,0,0,0,0,0,0,0,0,0,0,0,0,0,0,0,0,0,0,0,0,-8,-9,-8,-9,-7,-10,-7,-11,-7,-12,-7,-13,-6,-13,-6,-13,-5,-13,-4,-13,-5,-14,-4,-13,-4,-13,-5,-13,-5,-13,-5,-13,-6,-13,-6,-13,-6,-13,-7,-13,-7,-13,-8,-13,-8,-13,-9,-13,-9,-13,-9,-13]
[1;31mE (231133) wifi:channel=0 is invalid[0m

csi_data,[0,0,9,11,9,11,9,11,9,11,8,10,9,9,9,9,9,8,9,8,9,7,10,7,9,6,9,6,9,6,10,6,10,6,10,6,10,6,9,6,9,6,8,7,7,7,7,7,6,6,6,7,5,7,0,0,0,0,0,0,0,0,0,0,0,0,0,0,0,0,0,0,0,0,0,0,8,6,8,7,8,8,7,9,7,10,7,10,7,11,6,11,6,12,5,11,5,12,5,12,5,12,5,11,5,11,6,11,6,11,6,11,7,11,8,11,8,11,8,11,9,11,9,11,9,11,9,11]
[1;31mE (232133) wifi:channel=0 is invalid[0m

csi_data,[0,0,7,12,7,12,7,12,7,11,7,11,7,10,7,10,7,9,7,9,8,8,8,8,8,7,8,7,9,7,9,7,9,7,8,7,9,7,8,7,8,8,7,8,6,8,6,8,6,7,5,7,4,8,0,0,0,0,0,0,0,0,0,0,0,0,0,0,0,0,0,0,0,0,0,0,6,8,6,9,6,9,6,10,5,11,5,11,5,12,4,12,4,13,3,13,3,13,3,13,3,12,3,12,4,12,4,12,4,12,5,11,5,12,5,12,6,12,6,12,7,12,7,12,7,12,7,12]
[1;31mE (233133) wifi:channel=0 is invalid[0m

csi_data,[0,0,13,-6,13,-7,13,-6,12,-6,12,-6,11,-6,11,-7,11,-7,10,-7,10,-8,9,-8,9,-8,8,-8,8,-8,8,-8,8,-8,9,-9,9,-8,9,-8,9,-7,9,-7,9,-6,9,-6,8,-5,8,-4,8,-4,0,0,0,0,0,0,0,0,0,0,0,0,0,0,0,0,0,0,0,0,0,0,9,-6,10,-6,10,-6,11,-5,11,-5,12,-4,12,-4,12,-3,13,-3,13,-2,13,-2,13,-2,13,-2,13,-2,12,-2,12,-3,12,-3,12,-4,13,-4,13,-5,13,-5,13,-6,13,-5,13,-6,14,-6,14,-6]
[1;31mE (234133) wifi:channel=0 is invalid[0m

csi_data,[0,0,13,-7,12,-8,12,-8,12,-7,12,-8,11,-8,11,-8,10,-8,9,-8,9,-8,9,-9,8,-9,8,-9,8,-9,8,-9,8,-9,8,-10,8,-9,8,-9,8,-8,8,-8,8,-7,8,-6,8,-6,8,-5,8,-5,0,0,0,0,0,0,0,0,0,0,0,0,0,0,0,0,0,0,0,0,0,0,8,-7,9,-7,10,-7,10,-6,11,-6,12,-6,13,-5,12,-5,13,-4,13,-4,13,-4,13,-3,13,-4,13,-4,12,-4,12,-4,12,-4,12,-5,12,-6,13,-6,12,-6,13,-7,13,-7,13,-7,13,-8,13,-8]
[1;31mE (235133) wifi:channel=0 is invalid[0m

csi_data,[0,0,14,-5,14,-6,13,-6,13,-6,12,-5,12,-6,12,-6,11,-6,10,-6,10,-7,10,-7,10,-7,9,-7,9,-8,9,-8,9,-8,9,-8,9,-7,9,-7,9,-7,9,-6,9,-6,9,-5,9,-4,9,-4,8,-3,0,0,0,0,0,0,0,0,0,0,0,0,0,0,0,0,0,0,0,0,0,0,9,-6,10,-6,11,-5,11,-5,12,-4,12,-4,12,-3,13,-3,13,-2,13,-2,13,-2,13,-1,13,-1,13,-2,13,-2,13,-2,12,-3,13,-3,13,-4,13,-4,13,-5,14,-5,14,-5,14,-5,14,-5,14,-5]
[1;31mE (236133) wifi:channel=0 is invalid[0m

csi_data,[0,0,8,12,7,12,7,11,7,11,7,11,7,10,7,10,8,9,8,8,8,8,8,8,8,7,8,7,9,7,9,7,9,7,9,7,9,7,9,7,8,8,8,7,7,7,6,7,5,7,5,7,4,7,0,0,0,0,0,0,0,0,0,0,0,0,0,0,0,0,0,0,0,0,0,0,7,8,6,8,6,9,6,10,5,11,5,11,5,12,5,12,4,13,3,13,3,13,3,13,3,12,3,12,4,12,4,12,4,12,5,12,5,12,6,12,6,12,7,12,7,12,7,12,7,12,8,12]
[1;31mE (237133) wifi:channel=0 is invalid[0m

csi_data,[0,0,-12,-11,-12,-10,-12,-10,-12,-10,-11,-9,-11,-9,-11,-8,-11,-8,-11,-7,-11,-7,-12,-6,-11,-6,-11,-6,-11,-5,-12,-5,-12,-5,-12,-5,-12,-5,-11,-6,-11,-6,-11,-6,-10,-6,-9,-7,-8,-6,-8,-7,-7,-7,0,0,0,0,0,0,0,0,0,0,0,0,0,0,0,0,0,0,0,0,0,0,-10,-6,-10,-7,-10,-8,-10,-9,-10,-10,-9,-10,-9,-11,-9,-11,-9,-12,-8,-12,-8,-12,-8,-12,-8,-12,-8,-12,-8,-11,-9,-11,-9,-11,-9,-11,-9,-11,-10,-11,-10,-10,-11,-11,-12,-11,-12,-11,-12,-11,-12,-10]
[1;31mE (238133) wifi:channel=0 is invalid[0m

csi_data,[0,0,11,10,10,10,10,9,10,9,10,9,10,9,10,8,10,7,9,7,10,6,10,6,10,5,10,5,10,5,11,5,11,4,11,5,10,5,10,5,10,6,9,6,8,6,8,6,7,6,7,6,6,6,0,0,0,0,0,0,0,0,0,0,0,0,0,0,0,0,0,0,0,0,0,0,9,5,9,6,9,7,8,8,9,9,8,9,8,11,8,11,7,11,7,11,7,11,7,11,7,11,7,11,7,10,7,11,8,10,8,10,8,10,9,10,9,10,10,10,10,10,10,10,11,10,11,10]
[1;31mE (239133) wifi:channel=0 is invalid[0m

csi_data,[0,0,-15,-1,-16,-1,-15,-1,-15,-1,-14,0,-14,0,-14,0,-13,1,-13,1,-13,1,-13,2,-12,3,-12,3,-12,3,-12,3,-12,3,-12,3,-12,3,-12,2,-12,2,-12,1,-12,1,-11,0,-11,0,-10,0,-10,-1,0,0,0,0,0,0,0,0,0,0,0,0,0,0,0,0,0,0,0,0,0,0,-11,2,-12,0,-13,0,-13,-1,-13,-1,-14,-2,-14,-3,-14,-3,-14,-4,-14,-4,-14,-4,-14,-4,-13,-4,-13,-4,-13,-4,-14,-3,-14,-3,-14,-3,-14,-2,-14,-2,-15,-2,-15,-1,-15,-1,-16,-1,-16,0,-16,-1]
[1;31mE (240133) wifi:channel=0 is invalid[0m

csi_data,[0,0,11,9,11,9,10,8,11,9,10,8,10,7,10,7,10,6,10,6,10,5,11,5,10,4,10,4,10,4,11,4,11,4,11,4,10,4,10,4,10,5,9,5,9,5,8,5,8,5,7,5,6,6,0,0,0,0,0,0,0,0,0,0,0,0,0,0,0,0,0,0,0,0,0,0,9,5,9,6,9,6,9,7,9,8,8,9,9,9,8,10,8,10,7,10,7,11,7,11,7,10,7,10,7,10,8,10,8,9,9,9,9,9,9,9,10,9,10,9,11,9,11,9,11,9,11,9]
[1;31mE (241133) wifi:channel=0 is invalid[0m

csi_data,[0,0,-6,-14,-6,-14,-6,-14,-6,-13,-6,-13,-6,-12,-6,-12,-7,-11,-7,-11,-7,-10,-8,-10,-8,-10,-8,-10,-9,-10,-8,-10,-8,-10,-8,-9,-8,-10,-8,-10,-7,-10,-7,-10,-6,-10,-6,-9,-5,-9,-5,-9,-4,-9,0,0,0,0,0,0,0,0,0,0,0,0,0,0,0,0,0,0,0,0,0,0,-6,-10,-5,-11,-5,-11,-5,-12,-4,-13,-4,-14,-3,-14,-3,-14,-2,-14,-2,-14,-2,-14,-2,-14,-2,-14,-2,-14,-2,-14,-3,-13,-3,-14,-3,-13,-4,-14,-4,-13,-5,-14,-5,-14,-6,-14,-6,-14,-6,-15,-6,-15]
[1;31mE (242133) wifi:channel=0 is invalid[0m

csi_data,[0,0,-16,0,-15,0,-15,0,-15,0,-15,1,-14,1,-13,1,-13,1,-13,2,-12,2,-12,3,-12,3,-12,3,-12,3,-12,4,-12,4,-12,4,-12,3,-12,3,-12,2,-12,2,-11,2,-11,1,-11,1,-10,0,-10,0,0,0,0,0,0,0,0,0,0,0,0,0,0,0,0,0,0,0,0,0,0,0,-11,1,-12,1,-12,0,-13,0,-13,-1,-14,-2,-14,-2,-14,-3,-14,-3,-14,-4,-14,-4,-14,-4,-14,-4,-13,-4,-13,-3,-14,-3,-14,-3,-13,-2,-14,-2,-14,-1,-15,-1,-15,-1,-15,0,-16,0,-16,0,-16,0]
[1;31mE (243133) wifi:channel=0 is invalid[0m

csi_data,[0,0,-2,-16,-2,-16,-2,-15,-3,-14,-3,-14,-3,-14,-3,-14,-4,-13,-4,-12,-4,-12,-5,-12,-5,-11,-6,-11,-6,-11,-6,-11,-6,-11,-6,-12,-5,-12,-5,-11,-5,-11,-4,-11,-3,-11,-3,-11,-3,-11,-2,-10,-1,-10,0,0,0,0,0,0,0,0,0,0,0,0,0,0,0,0,0,0,0,0,0,0,-4,-11,-3,-12,-2,-13,-2,-13,-1,-13,-1,-14,0,-15,0,-14,1,-15,1,-15,2,-15,2,-14,2,-14,1,-14,1,-14,1,-14,0,-14,0,-14,-1,-15,-1,-14,-1,-15,-2,-15,-2,-16,-2,-16,-2,-16,-3,-16]
[1;31mE (244133) wifi:channel=0 is invalid[0m

csi_data,[0,0,10,10,10,9,10,10,10,9,10,9,9,9,10,8,9,7,9,7,10,6,10,6,10,5,10,5,10,5,10,5,10,5,10,5,11,5,10,6,10,6,9,6,8,6,8,6,7,6,6,6,6,6,0,0,0,0,0,0,0,0,0,0,0,0,0,0,0,0,0,0,0,0,0,0,9,5,9,6,8,7,8,8,8,8,8,9,8,10,7,10,7,11,7,11,7,11,7,11,7,11,7,11,7,10,7,10,7,10,8,10,8,10,9,10,9,10,9,10,10,10,10,10,11,10,11,10]
[1;31mE (245133) wifi:channel=0 is invalid[0m

csi_data,[0,0,-14,-7,-14,-6,-13,-7,-13,-7,-13,-6,-13,-5,-13,-5,-13,-4,-12,-4,-12,-3,-12,-3,-12,-2,-12,-2,-12,-2,-12,-2,-12,-2,-12,-2,-12,-2,-12,-2,-12,-2,-11,-3,-11,-3,-11,-3,-10,-4,-10,-4,-9,-4,0,0,0,0,0,0,0,0,0,0,0,0,0,0,0,0,0,0,0,0,0,0,-11,-4,-11,-5,-11,-6,-11,-6,-12,-7,-12,-8,-11,-8,-11,-8,-11,-9,-11,-9,-11,-9,-10,-9,-11,-10,-11,-9,-11,-9,-11,-9,-11,-8,-11,-8,-12,-7,-12,-7,-12,-7,-13,-7,-13,-7,-13,-7,-14,-6,-14,-7]
[1;31mE (246133) wifi:channel=0 is invalid[0m

csi_data,[0,0,14,-7,13,-7,13,-7,12,-6,12,-7,11,-7,11,-7,10,-8,10,-7,10,-8,9,-8,9,-8,8,-8,8,-9,9,-8,8,-9,8,-9,9,-8,9,-8,9,-8,9,-7,9,-6,9,-6,9,-5,9,-4,8,-4,0,0,0,0,0,0,0,0,0,0,0,0,0,0,0,0,0,0,0,0,0,0,8,-6,10,-6,10,-6,10,-5,11,-5,12,-5,12,-4,12,-4,12,-3,13,-3,13,-3,13,-3,12,-3,12,-3,12,-4,12,-4,12,-4,12,-5,12,-5,12,-6,12,-6,13,-6,12,-7,13,-7,14,-7,13,-7]
[1;31mE (247133) wifi:channel=0 is invalid[0m

csi_data,[0,0,-13,-8,-13,-8,-13,-8,-12,-8,-13,-8,-12,-7,-12,-7,-12,-6,-12,-6,-12,-5,-12,-5,-12,-4,-12,-4,-13,-4,-12,-4,-12,-4,-12,-4,-12,-4,-12,-5,-12,-5,-12,-5,-10,-5,-10,-5,-9,-5,-9,-6,-8,-6,0,0,0,0,0,0,0,0,0,0,0,0,0,0,0,0,0,0,0,0,0,0,-11,-5,-11,-5,-11,-6,-11,-7,-11,-8,-11,-9,-11,-9,-11,-10,-10,-10,-10,-10,-10,-11,-10,-10,-10,-10,-10,-10,-10,-10,-10,-10,-10,-10,-10,-9,-11,-9,-11,-9,-12,-9,-12,-9,-13,-9,-13,-8,-13,-8,-14,-9]
[1;31mE (248133) wifi:channel=0 is invalid[0m

csi_data,[0,0,-10,12,-10,11,-10,11,-10,11,-9,11,-9,11,-9,11,-8,11,-8,10,-7,10,-6,11,-6,11,-6,11,-6,11,-5,11,-5,11,-6,11,-6,11,-6,10,-6,10,-7,10,-7,9,-7,8,-7,8,-7,7,-7,6,0,0,0,0,0,0,0,0,0,0,0,0,0,0,0,0,0,0,0,0,0,0,-5,9,-6,9,-7,9,-8,10,-8,9,-9,9,-10,9,-11,9,-11,8,-11,8,-11,8,-11,8,-11,8,-11,8,-11,8,-11,8,-10,9,-10,9,-11,10,-10,10,-10,10,-10,10,-10,11,-10,12,-10,12,-10,12]
[1;31mE (249133) wifi:channel=0 is invalid[0m

csi_data,[0,0,-5,-14,-5,-14,-5,-15,-5,-14,-5,-14,-6,-13,-5,-12,-6,-12,-6,-12,-6,-11,-7,-11,-7,-11,-6,-11,-7,-11,-7,-10,-8,-11,-7,-10,-8,-11,-7,-11,-6,-11,-6,-11,-5,-10,-4,-10,-3,-10,-3,-9,-2,-9,0,0,0,0,0,0,0,0,0,0,0,0,0,0,0,0,0,0,0,0,0,0,-5,-10,-5,-11,-5,-11,-4,-12,-4,-12,-3,-13,-3,-13,-2,-14,-2,-14,-1,-14,-1,-14,-1,-14,-1,-13,-1,-13,-1,-13,-2,-13,-3,-13,-3,-13,-4,-14,-4,-14,-4,-14,-4,-14,-5,-14,-5,-15,-5,-15,-5,-15]
[1;31mE (250133) wifi:channel=0 is invalid[0m

csi_data,[0,0,15,2,15,1,14,1,14,2,14,1,13,0,13,0,13,-1,12,-1,12,-1,12,-2,12,-2,11,-2,12,-2,12,-2,12,-3,12,-2,12,-2,12,-2,12,-1,11,-1,11,0,10,0,10,1,9,1,9,1,0,0,0,0,0,0,0,0,0,0,0,0,0,0,0,0,0,0,0,0,0,0,10,-1,10,0,11,1,11,1,12,2,12,2,12,3,12,3,12,4,12,4,12,5,12,5,12,4,12,4,12,4,12,4,12,3,13,3,13,2,13,2,13,2,14,2,15,2,15,1,15,2,15,1]
[1;31mE (251133) wifi:channel=0 is invalid[0m

csi_data,[0,0,-12,9,-12,9,-12,9,-11,9,-11,9,-11,9,-10,9,-10,9,-9,9,-8,9,-8,9,-8,9,-7,10,-8,10,-7,10,-7,10,-7,10,-7,10,-7,9,-8,9,-8,9,-8,8,-8,7,-8,7,-8,6,-8,5,0,0,0,0,0,0,0,0,0,0,0,0,0,0,0,0,0,0,0,0,0,0,-8,7,-9,7,-10,7,-10,6,-11,6,-12,6,-12,5,-13,5,-13,5,-13,4,-13,4,-13,4,-13,4,-13,5,-12,5,-12,5,-12,6,-12,6,-12,7,-12,7,-12,7,-12,8,-12,8,-13,9,-13,9,-13,9]
[1;31mE (252133) wifi:channel=0 is invalid[0m

csi_data,[0,0,12,-9,12,-10,11,-10,11,-10,10,-10,10,-10,10,-10,9,-9,8,-10,8,-10,7,-10,7,-10,7,-11,7,-10,7,-11,7,-11,7,-11,7,-10,7,-10,8,-9,8,-9,8,-8,8,-7,8,-7,8,-6,8,-5,0,0,0,0,0,0,0,0,0,0,0,0,0,0,0,0,0,0,0,0,0,0,7,-9,7,-8,8,-8,8,-8,10,-8,10,-7,11,-7,11,-6,12,-6,12,-6,12,-6,12,-5,12,-6,12,-6,11,-6,11,-7,11,-7,11,-8,11,-8,11,-8,11,-8,11,-9,12,-9,12,-9,12,-10,12,-10]
[1;31mE (253133) wifi:channel=0 is invalid[0m

csi_data,[0,0,-11,-12,-10,-12,-10,-12,-10,-11,-10,-11,-10,-10,-10,-10,-10,-9,-10,-9,-10,-8,-11,-8,-10,-7,-11,-7,-11,-7,-11,-7,-11,-7,-11,-7,-11,-7,-11,-8,-10,-8,-10,-8,-9,-8,-8,-8,-7,-8,-7,-8,-6,-8,0,0,0,0,0,0,0,0,0,0,0,0,0,0,0,0,0,0,0,0,0,0,-8,-7,-9,-8,-8,-9,-8,-10,-8,-10,-7,-11,-7,-12,-7,-12,-6,-13,-6,-12,-6,-13,-6,-13,-6,-12,-6,-12,-6,-12,-7,-11,-8,-12,-7,-12,-8,-12,-9,-12,-9,-12,-9,-12,-10,-12,-10,-12,-11,-12,-10,-12]
[1;31mE (254133) wifi:channel=0 is invalid[0m

csi_data,[0,0,-7,13,-7,13,-7,13,-6,12,-6,13,-6,12,-5,12,-5,12,-4,12,-3,11,-3,12,-3,11,-2,12,-2,12,-2,12,-2,12,-3,12,-3,12,-3,12,-3,11,-4,11,-4,10,-4,9,-5,9,-5,8,-5,8,0,0,0,0,0,0,0,0,0,0,0,0,0,0,0,0,0,0,0,0,0,0,-4,10,-4,10,-5,10,-6,10,-6,10,-7,11,-8,10,-8,10,-9,10,-9,10,-9,10,-9,10,-9,10,-9,10,-9,10,-8,10,-8,10,-7,10,-8,11,-7,12,-7,12,-7,12,-7,13,-7,13,-7,14,-7,14]
[1;31mE (255133) wifi:channel=0 is invalid[0m

csi_data,[0,0,14,-7,13,-8,13,-8,12,-7,12,-8,11,-8,11,-8,10,-8,10,-8,9,-8,9,-9,9,-8,9,-9,9,-9,8,-9,9,-9,8,-9,9,-9,9,-9,9,-8,9,-7,9,-7,9,-6,9,-5,8,-4,8,-4,0,0,0,0,0,0,0,0,0,0,0,0,0,0,0,0,0,0,0,0,0,0,8,-6,9,-7,9,-6,10,-6,11,-6,12,-5,12,-5,12,-4,12,-4,12,-3,13,-3,13,-3,13,-3,12,-3,13,-4,12,-4,12,-5,12,-5,13,-6,13,-6,12,-7,13,-7,13,-7,13,-7,14,-7,14,-7]
[1;31mE (256133) wifi:channel=0 is invalid[0m

csi_data,[0,0,-16,3,-15,3,-15,3,-14,3,-14,3,-14,4,-13,3,-13,4,-13,4,-12,4,-11,5,-11,5,-11,5,-11,6,-11,6,-11,5,-11,6,-11,5,-11,5,-11,4,-11,4,-11,3,-11,3,-10,2,-10,1,-10,1,0,0,0,0,0,0,0,0,0,0,0,0,0,0,0,0,0,0,0,0,0,0,-10,3,-11,3,-12,2,-12,2,-13,2,-14,1,-14,0,-14,0,-14,-1,-15,-1,-14,-1,-14,-1,-14,-1,-13,0,-13,0,-13,0,-13,1,-14,1,-13,1,-14,1,-14,3,-14,2,-15,3,-15,3,-15,3,-15,3]
[1;31mE (257133) wifi:channel=0 is invalid[0m

csi_data,[0,0,4,-15,4,-15,4,-15,4,-15,4,-14,3,-14,3,-14,2,-14,2,-13,1,-13,0,-13,0,-13,0,-13,0,-13,0,-13,0,-13,0,-13,0,-13,0,-13,1,-12,1,-13,2,-12,2,-11,2,-11,2,-10,3,-9,0,0,0,0,0,0,0,0,0,0,0,0,0,0,0,0,0,0,0,0,0,0,2,-11,3,-11,3,-11,4,-12,4,-12,5,-12,6,-12,6,-12,7,-12,7,-12,7,-12,7,-11,7,-12,7,-11,7,-12,6,-11,6,-12,5,-13,6,-13,5,-13,5,-13,5,-14,4,-14,5,-15,5,-15,5,-15]
[1;31mE (258133) wifi:channel=0 is invalid[0m

csi_data,[0,0,-8,-13,-8,-13,-8,-12,-8,-13,-8,-12,-8,-12,-9,-11,-9,-11,-9,-10,-9,-10,-10,-10,-9,-9,-9,-8,-10,-8,-10,-8,-10,-8,-10,-9,-10,-8,-10,-8,-9,-9,-9,-9,-8,-8,-7,-9,-6,-9,-6,-8,-5,-8,0,0,0,0,0,0,0,0,0,0,0,0,0,0,0,0,0,0,0,0,0,0,-6,-9,-6,-10,-6,-11,-6,-11,-5,-12,-5,-12,-5,-13,-4,-13,-4,-13,-3,-14,-3,-14,-3,-14,-3,-13,-3,-13,-4,-13,-5,-13,-5,-13,-5,-13,-6,-13,-7,-13,-7,-13,-8,-13,-8,-14,-8,-14,-8,-13,-8,-14]
[1;31mE (259133) wifi:channel=0 is invalid[0m

csi_data,[0,0,8,-14,8,-13,7,-13,7,-13,7,-13,6,-13,6,-13,6,-13,5,-12,4,-12,4,-12,4,-12,3,-13,3,-12,3,-12,3,-13,3,-13,4,-12,4,-12,4,-12,4,-11,5,-10,5,-10,5,-9,5,-9,6,-8,0,0,0,0,0,0,0,0,0,0,0,0,0,0,0,0,0,0,0,0,0,0,4,-10,4,-10,5,-11,6,-11,7,-11,7,-11,8,-10,8,-10,9,-10,9,-10,9,-10,9,-10,9,-10,9,-10,9,-10,8,-10,8,-10,7,-11,8,-12,8,-12,7,-12,8,-13,7,-13,7,-13,8,-13,8,-14]
[1;31mE (260133) wifi:channel=0 is invalid[0m

csi_data,[0,0,9,-12,9,-13,9,-12,9,-12,8,-12,8,-12,7,-12,7,-11,6,-11,6,-12,6,-12,5,-12,5,-12,5,-12,5,-12,5,-12,5,-12,5,-11,5,-11,5,-11,6,-10,6,-10,6,-9,6,-8,6,-8,6,-7,0,0,0,0,0,0,0,0,0,0,0,0,0,0,0,0,0,0,0,0,0,0,4,-10,5,-10,6,-10,7,-10,8,-10,9,-10,9,-10,9,-9,10,-9,10,-9,10,-9,10,-9,10,-9,10,-9,10,-9,9,-9,9,-9,9,-10,9,-10,9,-11,9,-11,9,-12,9,-12,9,-12,9,-13,9,-13]
[1;31mE (261133) wifi:channel=0 is invalid[0m

csi_data,[0,0,-8,-13,-9,-13,-8,-12,-9,-13,-8,-12,-8,-12,-9,-11,-8,-11,-9,-10,-9,-10,-9,-9,-9,-9,-10,-9,-9,-8,-10,-9,-10,-8,-10,-9,-10,-9,-10,-9,-9,-9,-8,-9,-7,-9,-7,-9,-6,-9,-5,-9,-5,-9,0,0,0,0,0,0,0,0,0,0,0,0,0,0,0,0,0,0,0,0,0,0,-7,-9,-7,-9,-7,-10,-6,-10,-7,-11,-6,-12,-6,-12,-5,-13,-5,-13,-4,-13,-4,-13,-5,-13,-5,-13,-4,-13,-5,-12,-5,-13,-5,-12,-6,-13,-6,-13,-7,-13,-7,-13,-8,-13,-8,-14,-8,-13,-8,-13,-9,-14]
[1;31mE (262133) wifi:channel=0 is invalid[0m

csi_data,[0,0,-6,-15,-6,-14,-6,-14,-6,-14,-6,-13,-6,-13,-6,-12,-7,-12,-7,-11,-7,-11,-8,-11,-7,-11,-7,-10,-8,-10,-8,-10,-8,-10,-8,-10,-8,-10,-8,-11,-7,-10,-7,-10,-5,-10,-5,-10,-4,-10,-4,-9,-3,-9,0,0,0,0,0,0,0,0,0,0,0,0,0,0,0,0,0,0,0,0,0,0,-5,-9,-5,-10,-5,-11,-4,-11,-4,-12,-4,-13,-3,-13,-3,-13,-2,-14,-2,-14,-2,-14,-2,-14,-2,-13,-2,-13,-2,-13,-3,-13,-3,-13,-4,-13,-4,-14,-5,-13,-5,-13,-6,-14,-6,-14,-5,-14,-6,-15,-6,-15]
[1;31mE (263133) wifi:channel=0 is invalid[0m

csi_data,[0,0,10,10,11,9,11,9,11,9,10,9,10,8,10,7,10,7,10,7,10,6,11,6,10,5,10,5,11,5,11,5,11,4,11,5,11,5,11,5,10,5,9,6,9,6,8,7,7,6,7,6,6,7,0,0,0,0,0,0,0,0,0,0,0,0,0,0,0,0,0,0,0,0,0,0,8,5,8,6,8,7,8,7,8,9,8,9,8,10,7,10,7,10,7,11,7,11,7,11,6,10,7,10,6,10,7,10,8,9,8,9,8,9,9,9,9,9,10,9,10,10,10,10,11,10,11,9]
[1;31mE (264133) wifi:channel=0 is invalid[0m

csi_data,[0,0,6,14,6,14,5,13,6,13,5,13,5,12,6,12,6,11,6,10,7,10,7,10,7,9,7,9,7,9,8,9,8,9,7,9,7,9,7,9,7,10,6,10,5,10,4,9,4,9,3,9,2,9,0,0,0,0,0,0,0,0,0,0,0,0,0,0,0,0,0,0,0,0,0,0,5,9,5,9,4,10,4,10,3,11,3,12,3,12,2,13,2,13,1,13,1,13,1,13,1,13,1,12,2,12,2,13,3,12,3,13,3,12,4,13,4,13,5,13,5,14,5,14,5,14,6,14]
[1;31mE (265133) wifi:channel=0 is invalid[0m

csi_data,[0,0,-15,3,-15,2,-15,3,-14,2,-14,3,-14,3,-13,3,-13,4,-12,4,-12,5,-11,5,-11,5,-11,6,-11,5,-11,6,-11,5,-11,5,-11,6,-12,5,-11,5,-11,4,-11,3,-10,3,-10,3,-10,2,-9,2,0,0,0,0,0,0,0,0,0,0,0,0,0,0,0,0,0,0,0,0,0,0,-11,2,-11,2,-12,2,-12,1,-13,0,-13,0,-14,-1,-14,-1,-14,-2,-14,-1,-14,-2,-14,-2,-14,-2,-14,-2,-13,-1,-14,-1,-14,0,-14,0,-14,1,-14,1,-14,1,-15,1,-15,2,-15,2,-15,3,-16,2]
[1;31mE (266133) wifi:channel=0 is invalid[0m

csi_data,[0,0,3,14,3,14,3,14,3,13,3,13,3,12,3,12,4,11,4,11,5,10,5,11,5,10,5,10,6,10,6,10,6,10,5,10,5,10,5,10,5,10,4,10,3,10,2,9,2,9,1,9,1,9,0,0,0,0,0,0,0,0,0,0,0,0,0,0,0,0,0,0,0,0,0,0,3,10,3,10,2,11,2,12,1,11,1,12,0,13,0,13,0,13,-1,13,0,13,-1,13,-1,13,-1,12,-1,12,0,13,0,13,1,12,1,13,1,13,2,14,2,14,3,13,3,14,3,14,3,14]
[1;31mE (267133) wifi:channel=0 is invalid[0m

csi_data,[0,0,-12,-10,-12,-10,-11,-9,-12,-9,-11,-9,-11,-8,-11,-8,-11,-8,-11,-6,-12,-6,-12,-6,-11,-6,-11,-5,-11,-5,-12,-5,-12,-4,-12,-5,-11,-5,-12,-5,-11,-5,-11,-6,-10,-6,-9,-6,-9,-6,-8,-6,-7,-7,0,0,0,0,0,0,0,0,0,0,0,0,0,0,0,0,0,0,0,0,0,0,-9,-7,-9,-7,-10,-8,-9,-8,-9,-10,-9,-10,-9,-11,-9,-11,-8,-11,-8,-12,-8,-12,-7,-12,-8,-12,-8,-11,-8,-11,-9,-11,-9,-10,-9,-10,-9,-10,-10,-10,-10,-10,-11,-10,-12,-10,-11,-10,-12,-10,-12,-11]
[1;31mE (268133) wifi:channel=0 is invalid[0m

csi_data,[0,0,-16,-4,-15,-4,-15,-4,-14,-4,-14,-3,-14,-3,-13,-2,-13,-2,-13,-2,-13,-1,-13,0,-12,0,-12,0,-12,1,-13,0,-13,0,-13,0,-13,0,-13,0,-12,-1,-12,-1,-11,-1,-11,-2,-11,-2,-10,-3,-9,-4,0,0,0,0,0,0,0,0,0,0,0,0,0,0,0,0,0,0,0,0,0,0,-11,-1,-11,-2,-12,-3,-12,-3,-12,-4,-12,-5,-13,-6,-12,-6,-12,-7,-12,-6,-13,-6,-12,-7,-12,-6,-12,-6,-12,-6,-12,-6,-12,-6,-12,-5,-13,-5,-13,-5,-14,-5,-14,-4,-15,-4,-15,-4,-15,-4,-15,-4]
[1;31mE (269133) wifi:channel=0 is invalid[0m

csi_data,[0,0,3,14,3,14,3,14,3,13,3,13,4,12,4,12,4,12,4,11,5,11,5,11,5,10,6,10,6,10,6,10,6,10,5,10,6,10,5,11,5,10,4,10,3,10,2,10,2,10,1,9,1,9,0,0,0,0,0,0,0,0,0,0,0,0,0,0,0,0,0,0,0,0,0,0,3,9,3,10,3,11,2,11,2,12,1,12,1,12,0,13,0,13,0,13,-1,13,-1,13,0,13,0,13,0,13,0,13,0,13,1,13,2,13,2,13,2,13,2,14,4,14,3,14,3,14,4,14]
[1;31mE (270133) wifi:channel=0 is invalid[0m

csi_data,[0,0,13,-7,13,-8,12,-7,12,-7,11,-7,11,-7,11,-8,10,-8,10,-7,10,-8,9,-9,8,-8,9,-9,8,-9,9,-9,9,-8,8,-9,8,-8,9,-9,9,-7,9,-7,9,-6,9,-6,9,-5,8,-5,9,-4,0,0,0,0,0,0,0,0,0,0,0,0,0,0,0,0,0,0,0,0,0,0,8,-7,9,-7,10,-6,10,-6,11,-6,12,-5,12,-5,12,-5,12,-4,13,-4,13,-3,12,-3,12,-3,13,-4,12,-4,12,-4,12,-4,12,-5,12,-6,12,-6,12,-6,13,-7,13,-7,13,-7,12,-7,13,-7]
[1;31mE (271133) wifi:channel=0 is invalid[0m

csi_data,[0,0,9,-12,9,-12,9,-12,9,-11,8,-12,8,-11,7,-11,7,-11,6,-11,6,-11,6,-12,5,-12,5,-12,4,-12,4,-12,4,-11,5,-12,4,-12,5,-12,5,-11,5,-10,5,-10,5,-9,6,-9,6,-8,6,-7,0,0,0,0,0,0,0,0,0,0,0,0,0,0,0,0,0,0,0,0,0,0,6,-9,6,-9,7,-9,8,-9,8,-9,9,-9,10,-9,10,-8,11,-8,11,-8,11,-8,10,-8,11,-8,10,-8,10,-8,10,-8,10,-9,10,-9,10,-10,10,-10,10,-10,10,-11,9,-11,9,-12,9,-12,10,-12]
[1;31mE (272133) wifi:channel=0 is invalid[0m

csi_data,[0,0,11,8,11,8,11,7,12,7,11,7,11,6,11,6,11,6,10,5,11,5,11,4,11,4,11,3,11,3,11,3,11,3,11,3,11,4,11,4,10,4,10,5,9,5,8,5,8,5,7,5,7,6,0,0,0,0,0,0,0,0,0,0,0,0,0,0,0,0,0,0,0,0,0,0,9,4,10,4,9,5,9,6,10,7,10,8,9,8,9,8,9,9,9,9,8,9,9,9,8,9,8,9,9,9,9,9,9,8,10,8,10,8,11,8,10,7,11,8,12,8,12,7,13,8,13,8]
[1;31mE (273133) wifi:channel=0 is invalid[0m

csi_data,[0,0,0,-15,0,-15,0,-15,0,-15,0,-14,-1,-14,-1,-14,-2,-13,-2,-13,-2,-12,-3,-12,-3,-12,-3,-12,-4,-12,-3,-12,-4,-12,-4,-12,-4,-12,-3,-13,-3,-12,-2,-11,-2,-12,-1,-11,-1,-11,0,-10,0,-10,0,0,0,0,0,0,0,0,0,0,0,0,0,0,0,0,0,0,0,0,0,0,-2,-11,-1,-12,-1,-12,0,-13,1,-13,1,-13,2,-13,3,-13,3,-13,3,-13,3,-13,3,-13,3,-13,3,-13,3,-13,2,-13,2,-13,2,-13,2,-14,1,-14,1,-14,0,-15,0,-14,0,-15,0,-16,0,-16]
[1;31mE (274133) wifi:channel=0 is invalid[0m

csi_data,[0,0,-2,-15,-2,-15,-2,-15,-2,-14,-2,-14,-2,-14,-3,-14,-4,-13,-4,-12,-4,-12,-4,-12,-5,-12,-4,-12,-5,-12,-6,-11,-5,-11,-5,-12,-5,-12,-4,-12,-4,-12,-3,-12,-2,-11,-2,-11,-2,-11,-1,-10,0,-10,0,0,0,0,0,0,0,0,0,0,0,0,0,0,0,0,0,0,0,0,0,0,-4,-10,-4,-11,-3,-11,-2,-13,-2,-12,-2,-13,-1,-13,0,-14,0,-14,1,-13,1,-14,1,-14,1,-14,1,-13,0,-13,0,-13,0,-14,-1,-14,-1,-14,-1,-14,-1,-14,-2,-15,-2,-15,-2,-15,-2,-15,-2,-15]
[1;31mE (275133) wifi:channel=0 is invalid[0m

csi_data,[0,0,-1,-15,-1,-16,-1,-15,-1,-15,-1,-14,-2,-14,-2,-14,-3,-14,-3,-13,-3,-13,-4,-13,-4,-12,-4,-12,-5,-12,-4,-12,-4,-13,-4,-12,-4,-13,-4,-12,-3,-12,-4,-12,-2,-11,-1,-11,-1,-11,-1,-11,0,-10,0,0,0,0,0,0,0,0,0,0,0,0,0,0,0,0,0,0,0,0,0,0,-3,-11,-2,-11,-2,-12,-1,-13,0,-13,0,-13,1,-14,1,-14,2,-14,2,-14,2,-14,2,-14,2,-14,2,-14,2,-14,2,-14,1,-14,1,-14,0,-14,0,-14,-1,-15,0,-15,-1,-15,-1,-15,-1,-16,-1,-16]
[1;31mE (276133) wifi:channel=0 is invalid[0m

csi_data,[0,0,-10,12,-9,11,-10,11,-9,11,-9,11,-8,11,-8,11,-7,11,-7,10,-6,10,-6,11,-5,11,-5,11,-5,11,-5,11,-5,11,-5,11,-5,11,-5,11,-6,10,-6,10,-6,9,-7,8,-7,8,-7,7,-7,6,0,0,0,0,0,0,0,0,0,0,0,0,0,0,0,0,0,0,0,0,0,0,-5,8,-6,9,-7,9,-8,9,-8,8,-9,9,-10,8,-10,8,-10,8,-11,8,-11,8,-11,7,-11,7,-11,7,-11,8,-10,8,-10,9,-9,8,-10,9,-9,10,-9,10,-10,11,-9,10,-10,11,-10,12,-10,12]
[1;31mE (277133) wifi:channel=0 is invalid[0m

csi_data,[0,0,1,15,1,14,2,14,2,14,1,14,2,13,2,12,3,12,3,12,3,11,3,11,4,11,4,11,5,11,4,10,5,11,5,11,4,11,4,11,3,11,3,11,2,10,2,10,1,10,0,10,0,9,0,0,0,0,0,0,0,0,0,0,0,0,0,0,0,0,0,0,0,0,0,0,3,10,2,10,2,11,1,12,0,12,0,12,-1,13,-1,13,-2,13,-2,13,-2,13,-2,13,-2,13,-2,13,-2,13,-1,12,-1,13,0,13,0,13,0,13,0,13,1,14,1,14,2,15,1,15,2,15]
[1;31mE (278133) wifi:channel=0 is invalid[0m

csi_data,[0,0,3,14,3,14,3,14,3,13,3,13,3,13,3,12,4,12,4,11,5,11,5,11,5,10,5,10,5,10,6,10,6,10,5,11,6,11,5,10,4,10,4,11,3,10,3,10,2,10,1,9,1,9,0,0,0,0,0,0,0,0,0,0,0,0,0,0,0,0,0,0,0,0,0,0,4,9,4,10,3,10,3,11,2,12,2,12,1,13,0,13,0,13,0,13,0,13,0,13,0,13,0,13,0,12,0,13,1,13,1,13,2,13,2,13,2,13,2,13,3,14,3,14,3,14,3,14]
[1;31mE (279133) wifi:channel=0 is invalid[0m

csi_data,[0,0,-12,-10,-12,-10,-12,-10,-12,-9,-11,-9,-11,-9,-11,-8,-11,-8,-11,-7,-11,-7,-11,-6,-11,-6,-11,-6,-12,-6,-12,-6,-12,-5,-12,-5,-11,-6,-12,-6,-11,-6,-10,-7,-10,-7,-9,-7,-8,-7,-8,-7,-7,-7,0,0,0,0,0,0,0,0,0,0,0,0,0,0,0,0,0,0,0,0,0,0,-10,-6,-10,-7,-9,-7,-10,-8,-9,-9,-9,-10,-9,-10,-9,-11,-8,-11,-8,-11,-8,-12,-8,-11,-8,-11,-8,-11,-8,-11,-9,-11,-9,-11,-9,-10,-10,-10,-10,-10,-11,-10,-11,-10,-12,-10,-12,-10,-12,-10,-12,-10]
[1;31mE (280133) wifi:channel=0 is invalid[0m

csi_data,[0,0,-1,-16,-1,-15,-1,-15,-1,-15,-1,-15,-2,-14,-2,-14,-2,-13,-3,-13,-3,-13,-3,-13,-4,-12,-4,-12,-4,-12,-4,-12,-4,-12,-4,-12,-4,-12,-4,-12,-3,-12,-3,-12,-2,-12,-1,-11,-1,-11,-1,-11,0,-10,0,0,0,0,0,0,0,0,0,0,0,0,0,0,0,0,0,0,0,0,0,0,-3,-11,-2,-11,-2,-12,-1,-12,0,-13,0,-13,1,-13,1,-14,2,-14,3,-14,2,-13,3,-13,3,-13,3,-13,2,-13,2,-13,1,-13,1,-14,1,-14,0,-14,0,-15,0,-15,-1,-15,-1,-16,-1,-16,-1,-16]
[1;31mE (281133) wifi:channel=0 is invalid[0m

csi_data,[0,0,-8,-14,-8,-13,-8,-13,-8,-13,-8,-13,-7,-12,-8,-12,-8,-11,-8,-10,-8,-10,-9,-10,-9,-9,-9,-9,-9,-9,-9,-9,-9,-9,-9,-9,-9,-9,-9,-10,-8,-10,-8,-10,-7,-10,-6,-10,-6,-9,-5,-9,-5,-9,0,0,0,0,0,0,0,0,0,0,0,0,0,0,0,0,0,0,0,0,0,0,-7,-9,-7,-9,-6,-10,-6,-11,-6,-12,-6,-12,-5,-13,-5,-13,-4,-13,-4,-13,-4,-14,-4,-13,-4,-13,-4,-13,-4,-13,-4,-13,-5,-13,-5,-13,-6,-13,-6,-13,-7,-13,-7,-13,-8,-13,-8,-13,-8,-14,-8,-14]
[1;31mE (282133) wifi:channel=0 is invalid[0m

csi_data,[0,0,12,8,11,8,12,8,11,7,12,7,11,7,11,6,11,6,11,5,11,4,11,4,11,4,11,3,12,3,11,3,12,3,11,3,12,4,11,4,11,4,11,4,10,4,9,4,8,5,8,5,7,5,0,0,0,0,0,0,0,0,0,0,0,0,0,0,0,0,0,0,0,0,0,0,9,4,9,5,9,6,9,7,9,7,9,9,9,9,9,9,9,10,8,10,8,10,8,10,8,10,8,10,9,10,8,9,9,9,9,9,10,9,10,8,11,8,11,9,11,8,12,8,12,9,13,9]
[1;31mE (283133) wifi:channel=0 is invalid[0m

csi_data,[0,0,-13,7,-13,7,-14,7,-13,6,-12,7,-12,7,-11,6,-11,7,-10,7,-9,7,-9,8,-9,8,-9,8,-9,9,-9,8,-9,8,-9,8,-9,8,-9,8,-9,7,-9,7,-10,6,-9,5,-9,5,-9,4,-9,4,0,0,0,0,0,0,0,0,0,0,0,0,0,0,0,0,0,0,0,0,0,0,-8,6,-10,6,-10,5,-11,5,-11,5,-12,5,-13,4,-13,3,-13,3,-13,3,-13,3,-13,3,-13,3,-13,3,-13,3,-13,3,-13,4,-12,4,-13,5,-13,5,-13,6,-13,6,-13,6,-14,7,-14,7,-13,7]
[1;31mE (284133) wifi:channel=0 is invalid[0m

csi_data,[0,0,7,-13,8,-13,7,-13,7,-13,7,-13,6,-12,5,-13,5,-12,4,-12,4,-12,4,-13,3,-12,3,-12,3,-13,2,-12,2,-12,3,-13,3,-12,3,-12,3,-12,4,-12,4,-11,5,-10,5,-10,5,-9,5,-9,0,0,0,0,0,0,0,0,0,0,0,0,0,0,0,0,0,0,0,0,0,0,4,-10,5,-10,5,-10,6,-10,7,-10,8,-10,8,-10,9,-10,9,-10,10,-9,10,-9,10,-9,10,-9,10,-9,9,-9,9,-10,8,-10,8,-11,8,-11,8,-12,8,-12,8,-13,8,-13,8,-13,8,-13,8,-13]
[1;31mE (285133) wifi:channel=0 is invalid[0m

csi_data,[0,0,12,9,12,9,11,8,11,8,11,7,11,7,11,6,11,6,11,6,11,5,11,5,11,4,11,4,11,4,11,4,11,4,11,4,11,4,11,4,10,5,10,5,9,5,9,5,8,5,7,6,7,6,0,0,0,0,0,0,0,0,0,0,0,0,0,0,0,0,0,0,0,0,0,0,9,4,10,5,9,5,9,6,10,7,10,8,9,9,9,9,9,10,8,10,9,10,9,10,9,10,9,10,8,9,9,9,9,9,9,8,10,8,10,8,11,8,11,8,11,9,12,8,12,9,12,8]
[1;31mE (286133) wifi:channel=0 is invalid[0m

csi_data,[0,0,-12,-10,-12,-9,-12,-10,-12,-9,-12,-9,-11,-8,-11,-8,-11,-7,-12,-7,-11,-6,-12,-6,-12,-5,-12,-5,-12,-5,-12,-5,-12,-5,-12,-5,-12,-5,-12,-5,-11,-6,-11,-6,-10,-6,-9,-6,-9,-7,-8,-7,-8,-7,0,0,0,0,0,0,0,0,0,0,0,0,0,0,0,0,0,0,0,0,0,0,-10,-6,-10,-7,-9,-7,-10,-8,-10,-9,-10,-10,-9,-10,-9,-11,-9,-11,-8,-11,-8,-12,-8,-12,-8,-11,-8,-11,-8,-11,-9,-10,-9,-11,-9,-10,-10,-11,-11,-10,-11,-10,-11,-10,-12,-10,-12,-10,-12,-10,-13,-10]
[1;31mE (287133) wifi:channel=0 is invalid[0m

csi_data,[0,0,8,12,8,11,8,12,8,11,8,11,8,10,8,10,8,9,8,9,8,8,9,8,9,7,8,7,9,7,9,7,10,7,9,7,9,7,9,8,8,8,8,8,7,8,7,8,6,8,5,8,5,8,0,0,0,0,0,0,0,0,0,0,0,0,0,0,0,0,0,0,0,0,0,0,7,7,7,8,6,9,6,10,6,10,6,11,5,12,5,12,5,12,4,12,4,12,4,12,4,12,4,12,4,12,5,12,5,12,6,11,6,12,7,12,7,11,7,12,8,12,8,12,8,12,8,12]
[1;31mE (288133) wifi:channel=0 is invalid[0m

csi_data,[0,0,1,15,1,14,1,14,1,14,1,14,2,13,2,12,3,12,3,12,3,11,4,11,4,11,4,11,5,11,4,11,5,11,4,11,4,11,4,11,4,11,3,11,2,10,2,10,2,10,1,9,0,9,0,0,0,0,0,0,0,0,0,0,0,0,0,0,0,0,0,0,0,0,0,0,2,10,2,10,1,11,0,12,0,12,-1,12,-1,13,-2,13,-2,13,-3,13,-3,13,-3,13,-3,13,-3,13,-2,13,-2,13,-1,13,-1,13,-1,13,0,14,0,13,0,14,1,14,1,15,1,15,1,15]
[1;31mE (289133) wifi:channel=0 is invalid[0m

csi_data,[0,0,-14,6,-14,7,-13,6,-13,7,-13,7,-13,7,-12,7,-11,7,-11,7,-11,7,-10,7,-10,8,-9,8,-9,8,-9,8,-9,8,-10,8,-9,8,-10,8,-10,7,-10,7,-10,6,-10,6,-10,5,-9,4,-9,3,0,0,0,0,0,0,0,0,0,0,0,0,0,0,0,0,0,0,0,0,0,0,-9,6,-9,6,-10,6,-11,6,-12,6,-12,5,-13,4,-13,4,-13,4,-14,3,-14,3,-14,3,-14,3,-13,3,-13,3,-13,4,-13,4,-13,5,-13,5,-14,5,-13,5,-14,6,-14,6,-14,7,-14,7,-14,7]
[1;31mE (290133) wifi:channel=0 is invalid[0m

csi_data,[0,0,7,12,8,12,7,12,7,11,7,11,8,10,7,10,7,9,8,9,8,9,8,8,8,8,8,7,9,7,9,7,9,7,8,8,9,8,8,8,7,8,7,8,6,8,6,8,5,8,5,8,4,8,0,0,0,0,0,0,0,0,0,0,0,0,0,0,0,0,0,0,0,0,0,0,7,7,7,8,7,8,6,9,6,10,6,11,6,11,5,12,5,12,4,12,4,12,4,12,4,12,4,12,4,12,5,11,5,12,5,11,6,12,6,11,6,11,7,12,8,12,8,12,8,12,8,12]
[1;31mE (291133) wifi:channel=0 is invalid[0m

csi_data,[0,0,6,14,5,13,5,13,5,12,5,13,5,12,5,11,6,10,6,10,7,9,7,10,7,9,7,9,8,9,7,8,8,9,7,9,7,9,7,9,6,9,6,9,5,9,5,9,4,8,4,9,3,8,0,0,0,0,0,0,0,0,0,0,0,0,0,0,0,0,0,0,0,0,0,0,5,8,5,9,4,10,4,11,4,11,3,12,3,12,3,12,2,13,2,13,2,13,2,13,1,13,1,12,2,13,2,12,3,13,3,12,3,12,4,12,5,13,4,13,5,13,5,13,5,13,6,13]
[1;31mE (292133) wifi:channel=0 is invalid[0m

csi_data,[0,0,9,11,9,11,9,11,9,10,8,10,9,9,9,9,9,8,9,8,9,7,9,7,9,6,9,6,10,6,10,6,10,6,10,6,10,6,10,6,9,6,9,7,8,7,8,7,7,6,6,7,6,7,0,0,0,0,0,0,0,0,0,0,0,0,0,0,0,0,0,0,0,0,0,0,7,7,7,7,7,8,7,9,6,9,6,10,6,11,6,11,5,12,5,12,5,12,5,12,5,12,5,11,5,11,6,11,5,11,7,11,7,11,8,11,8,11,8,11,8,11,9,11,9,12,9,11]
[1;31mE (293133) wifi:channel=0 is invalid[0m

csi_data,[0,0,-12,9,-12,9,-12,9,-11,8,-11,9,-10,8,-10,8,-9,9,-9,8,-8,9,-8,9,-7,9,-7,9,-7,10,-7,10,-7,10,-7,10,-7,10,-8,9,-8,9,-8,8,-8,8,-8,7,-8,7,-8,6,-8,5,0,0,0,0,0,0,0,0,0,0,0,0,0,0,0,0,0,0,0,0,0,0,-7,7,-8,7,-9,7,-10,7,-10,6,-12,6,-12,6,-12,5,-13,5,-13,5,-13,5,-12,5,-12,5,-12,5,-12,5,-12,5,-12,6,-11,6,-12,7,-12,7,-12,7,-12,8,-12,8,-12,9,-12,9,-12,9]
[1;31mE (294133) wifi:channel=0 is invalid[0m

csi_data,[0,0,10,11,9,11,9,10,10,10,9,10,9,9,9,8,9,8,9,8,10,7,10,7,9,6,10,6,10,5,10,6,10,6,10,6,10,6,10,6,9,6,9,6,8,6,8,7,7,6,6,7,6,7,0,0,0,0,0,0,0,0,0,0,0,0,0,0,0,0,0,0,0,0,0,0,8,7,8,7,8,8,7,9,7,10,7,10,7,11,6,11,6,12,5,12,5,13,5,12,5,12,5,12,5,11,6,11,6,11,7,11,7,11,8,11,8,10,9,11,9,11,9,11,9,11,9,11]
[1;31mE (295133) wifi:channel=0 is invalid[0m

csi_data,[0,0,1,15,0,14,0,14,1,13,1,14,1,13,2,12,2,12,2,11,2,11,3,11,3,11,3,11,4,11,4,10,4,11,4,11,4,11,4,11,3,11,3,11,2,10,1,9,1,10,0,9,0,9,0,0,0,0,0,0,0,0,0,0,0,0,0,0,0,0,0,0,0,0,0,0,2,10,1,11,0,11,0,12,0,12,-1,13,-2,13,-2,13,-3,13,-4,12,-3,13,-3,13,-4,13,-4,12,-3,12,-2,12,-2,13,-1,12,-2,13,-1,13,-1,13,0,14,0,14,0,14,0,15,0,15]
[1;31mE (296133) wifi:channel=0 is invalid[0m

csi_data,[0,0,-12,10,-12,9,-11,9,-11,9,-10,9,-10,9,-10,9,-9,9,-9,9,-8,9,-8,9,-7,10,-7,10,-7,10,-7,10,-7,10,-7,10,-7,10,-7,9,-7,9,-7,8,-8,8,-8,7,-8,7,-7,6,-8,5,0,0,0,0,0,0,0,0,0,0,0,0,0,0,0,0,0,0,0,0,0,0,-7,8,-8,8,-9,8,-10,8,-10,7,-11,7,-12,7,-12,7,-12,6,-12,6,-12,6,-12,6,-12,6,-12,6,-12,6,-12,6,-12,7,-11,7,-12,7,-12,8,-11,8,-12,9,-11,9,-12,10,-12,10,-12,10]
[1;31mE (297133) wifi:channel=0 is invalid[0m

csi_data,[0,0,-3,-15,-3,-15,-3,-15,-3,-14,-3,-14,-3,-14,-4,-13,-3,-13,-4,-12,-5,-12,-5,-12,-6,-11,-6,-11,-6,-11,-6,-11,-6,-11,-6,-11,-6,-11,-5,-11,-5,-12,-5,-11,-4,-11,-4,-11,-3,-10,-3,-10,-2,-10,0,0,0,0,0,0,0,0,0,0,0,0,0,0,0,0,0,0,0,0,0,0,-4,-11,-4,-11,-3,-12,-2,-13,-2,-13,-1,-13,0,-14,0,-14,1,-14,1,-14,1,-14,1,-14,1,-14,1,-14,1,-14,0,-14,0,-14,-1,-14,-1,-14,-1,-14,-2,-15,-2,-15,-3,-15,-3,-15,-3,-16,-3,-15]
[1;31mE (298133) wifi:channel=0 is invalid[0m

csi_data,[0,0,-16,2,-15,2,-15,2,-14,2,-15,2,-14,2,-14,3,-13,3,-12,3,-12,4,-12,4,-11,4,-11,4,-11,5,-11,5,-11,5,-11,5,-12,5,-12,4,-11,4,-11,3,-11,3,-11,2,-11,2,-10,1,-10,0,0,0,0,0,0,0,0,0,0,0,0,0,0,0,0,0,0,0,0,0,0,0,-10,3,-11,3,-12,2,-13,2,-13,1,-14,1,-14,0,-14,-1,-14,-1,-14,-1,-14,-2,-14,-2,-14,-2,-14,-1,-14,-1,-14,-1,-14,-1,-14,0,-14,0,-14,1,-14,1,-15,1,-15,2,-15,2,-15,2,-15,2]
[1;31mE (299133) wifi:channel=0 is invalid[0m

csi_data,[0,0,-6,14,-6,13,-6,14,-6,12,-5,13,-5,12,-5,12,-4,12,-4,12,-3,11,-2,12,-2,11,-2,11,-1,12,-2,11,-2,12,-2,12,-2,12,-2,12,-2,11,-3,11,-3,10,-3,10,-4,9,-4,9,-4,8,0,0,0,0,0,0,0,0,0,0,0,0,0,0,0,0,0,0,0,0,0,0,-3,10,-3,10,-4,11,-5,11,-6,11,-6,11,-7,11,-8,11,-8,11,-8,11,-9,11,-8,11,-8,11,-8,11,-8,11,-8,10,-8,11,-7,11,-7,12,-7,12,-7,12,-7,13,-6,13,-6,14,-6,14,-6,14]
[1;31mE (300133) wifi:channel=0 is invalid[0m

csi_data,[0,0,9,-12,9,-12,9,-12,8,-12,8,-12,7,-11,7,-12,6,-11,6,-11,5,-11,5,-11,5,-11,4,-12,4,-12,4,-11,4,-12,4,-12,4,-12,4,-12,4,-11,5,-11,5,-10,5,-10,6,-9,5,-8,6,-7,0,0,0,0,0,0,0,0,0,0,0,0,0,0,0,0,0,0,0,0,0,0,4,-10,5,-10,6,-10,7,-10,8,-10,8,-10,9,-10,9,-10,10,-9,10,-9,10,-9,10,-9,10,-8,10,-8,10,-9,10,-9,9,-9,9,-10,9,-10,9,-11,9,-11,9,-12,9,-12,9,-12,9,-12,9,-12]
[1;31mE (301133) wifi:channel=0 is invalid[0m

csi_data,[0,0,-1,-15,-1,-15,-1,-15,-1,-14,-1,-14,-1,-14,-2,-14,-2,-13,-2,-13,-3,-12,-4,-12,-4,-12,-4,-12,-4,-12,-4,-12,-4,-12,-4,-12,-4,-12,-4,-12,-3,-12,-3,-12,-2,-11,-2,-11,-1,-11,-1,-10,0,-10,0,0,0,0,0,0,0,0,0,0,0,0,0,0,0,0,0,0,0,0,0,0,-3,-11,-3,-11,-2,-12,-1,-12,-1,-13,0,-14,1,-14,1,-14,2,-14,2,-14,2,-14,2,-14,2,-14,2,-13,2,-14,1,-13,1,-14,1,-14,0,-14,0,-14,0,-15,0,-15,-1,-15,-1,-15,-1,-16,-1,-16]
[1;31mE (302133) wifi:channel=0 is invalid[0m

csi_data,[0,0,-15,1,-15,1,-15,1,-14,1,-14,2,-13,2,-13,2,-13,2,-12,3,-12,3,-12,3,-11,4,-11,4,-11,4,-11,5,-11,5,-11,5,-11,4,-12,4,-11,3,-12,3,-11,3,-11,2,-11,1,-10,1,-10,0,0,0,0,0,0,0,0,0,0,0,0,0,0,0,0,0,0,0,0,0,0,0,-11,2,-11,2,-12,1,-13,1,-13,0,-13,0,-14,-1,-14,-1,-14,-2,-14,-2,-14,-3,-14,-2,-14,-2,-14,-2,-13,-2,-14,-2,-14,-1,-14,-1,-14,-1,-14,0,-14,0,-15,1,-15,1,-15,1,-16,1,-15,1]
[1;31mE (303133) wifi:channel=0 is invalid[0m

csi_data,[0,0,-1,15,-1,14,-1,14,0,13,0,13,0,13,0,13,1,12,1,12,2,11,2,11,3,11,3,11,3,11,3,11,4,11,3,11,3,11,3,11,2,11,2,11,1,10,1,10,0,10,0,9,-1,9,0,0,0,0,0,0,0,0,0,0,0,0,0,0,0,0,0,0,0,0,0,0,1,10,1,11,0,11,-1,12,-1,12,-1,12,-2,13,-3,13,-3,13,-4,13,-4,13,-4,13,-4,12,-4,12,-3,12,-3,12,-3,13,-2,12,-2,13,-2,13,-1,14,-1,14,-1,14,-1,15,-1,15,0,15]
[1;31mE (304133) wifi:channel=0 is invalid[0m

csi_data,[0,0,14,-2,14,-3,14,-3,13,-3,13,-3,13,-3,12,-3,12,-4,11,-4,11,-4,11,-5,10,-5,10,-6,10,-6,10,-6,10,-6,10,-6,10,-6,10,-5,10,-5,10,-5,10,-4,9,-3,9,-3,9,-2,9,-2,0,0,0,0,0,0,0,0,0,0,0,0,0,0,0,0,0,0,0,0,0,0,10,-4,11,-3,11,-3,12,-2,12,-2,13,-1,13,0,13,0,13,1,13,1,13,1,13,1,13,1,13,1,13,1,13,0,13,0,13,-1,13,-1,13,-1,13,-2,14,-2,14,-2,14,-3,14,-2,15,-3]
[1;31mE (305133) wifi:channel=0 is invalid[0m

csi_data,[0,0,-7,-14,-7,-13,-7,-14,-7,-13,-7,-13,-7,-12,-8,-11,-8,-11,-8,-10,-8,-10,-8,-10,-9,-9,-9,-9,-9,-9,-9,-9,-9,-9,-9,-8,-9,-9,-9,-9,-8,-9,-8,-9,-7,-9,-6,-9,-6,-9,-5,-9,-5,-9,0,0,0,0,0,0,0,0,0,0,0,0,0,0,0,0,0,0,0,0,0,0,-7,-9,-6,-10,-6,-10,-6,-12,-5,-12,-5,-13,-5,-13,-4,-14,-4,-14,-3,-13,-3,-14,-3,-14,-3,-14,-3,-13,-3,-14,-4,-13,-4,-14,-5,-13,-5,-14,-6,-13,-6,-13,-6,-14,-7,-13,-7,-14,-7,-14,-7,-14]
[1;31mE (306133) wifi:channel=0 is invalid[0m

csi_data,[0,0,15,1,14,1,14,1,14,1,14,0,13,0,13,0,13,-1,12,-1,12,-2,12,-2,11,-2,11,-3,11,-3,11,-3,12,-3,11,-3,11,-3,12,-3,11,-2,11,-2,11,-1,10,-1,10,-1,9,0,9,1,0,0,0,0,0,0,0,0,0,0,0,0,0,0,0,0,0,0,0,0,0,0,10,-1,11,-1,11,0,12,0,12,1,13,2,13,3,13,3,13,4,12,4,13,4,12,4,12,4,12,4,12,4,12,3,12,3,13,3,13,2,13,2,14,2,14,1,15,1,14,1,15,1,15,1]
[1;31mE (307133) wifi:channel=0 is invalid[0m

csi_data,[0,0,9,12,8,11,9,11,9,10,9,10,8,9,8,9,8,8,8,8,8,7,9,7,9,6,9,7,9,6,9,6,10,6,9,6,9,7,9,7,9,7,8,7,7,7,7,7,6,7,5,7,5,7,0,0,0,0,0,0,0,0,0,0,0,0,0,0,0,0,0,0,0,0,0,0,8,6,8,7,8,7,8,8,7,9,8,10,7,10,7,11,7,11,6,11,6,12,6,12,6,11,6,11,6,11,6,11,7,11,7,10,7,11,8,11,8,10,9,11,9,10,9,11,9,11,10,11]
[1;31mE (308133) wifi:channel=0 is invalid[0m

csi_data,[0,0,-12,8,-12,9,-11,8,-12,9,-11,8,-11,8,-10,8,-10,8,-9,8,-9,9,-8,9,-8,9,-7,9,-7,9,-7,10,-7,9,-7,10,-7,9,-8,9,-8,9,-8,8,-8,8,-8,7,-8,6,-8,6,-8,5,0,0,0,0,0,0,0,0,0,0,0,0,0,0,0,0,0,0,0,0,0,0,-8,8,-8,7,-9,8,-10,7,-11,7,-11,6,-12,6,-12,6,-13,6,-14,5,-13,5,-13,5,-13,5,-13,5,-12,5,-12,6,-12,6,-12,6,-12,6,-12,7,-12,7,-12,8,-13,8,-12,9,-12,9,-12,8]
[1;31mE (309133) wifi:channel=0 is invalid[0m

csi_data,[0,0,7,-14,7,-14,6,-13,6,-13,6,-13,5,-13,5,-13,4,-13,4,-12,3,-12,3,-12,2,-12,2,-12,1,-12,2,-13,2,-12,1,-12,2,-12,2,-12,2,-12,3,-12,3,-11,3,-10,4,-10,4,-9,4,-9,0,0,0,0,0,0,0,0,0,0,0,0,0,0,0,0,0,0,0,0,0,0,3,-11,4,-11,4,-11,5,-11,6,-12,7,-11,7,-11,7,-11,8,-11,9,-11,9,-11,9,-10,9,-10,9,-10,8,-11,8,-11,8,-11,7,-11,7,-12,7,-12,7,-13,7,-13,6,-13,7,-14,7,-14,7,-14]
[1;31mE (310133) wifi:channel=0 is invalid[0m

csi_data,[0,0,-15,0,-15,0,-15,0,-14,0,-15,0,-14,0,-14,1,-13,1,-13,1,-12,2,-12,3,-12,3,-11,3,-12,3,-12,3,-12,4,-12,3,-12,3,-12,3,-12,2,-12,2,-11,1,-11,1,-11,1,-10,0,-10,-1,0,0,0,0,0,0,0,0,0,0,0,0,0,0,0,0,0,0,0,0,0,0,-11,2,-11,1,-12,1,-12,0,-13,0,-14,-1,-14,-2,-14,-2,-14,-3,-14,-3,-14,-3,-14,-4,-14,-3,-14,-3,-13,-3,-13,-3,-14,-2,-13,-2,-14,-2,-14,-1,-15,-1,-15,-1,-15,0,-15,0,-16,0,-16,0]
[1;31mE (311133) wifi:channel=0 is invalid[0m

csi_data,[0,0,12,-9,11,-10,10,-9,11,-9,10,-9,10,-9,9,-9,9,-9,8,-9,8,-10,7,-10,7,-10,6,-10,6,-10,6,-10,6,-10,6,-11,7,-10,7,-10,7,-9,7,-9,7,-8,8,-8,7,-7,7,-6,7,-6,0,0,0,0,0,0,0,0,0,0,0,0,0,0,0,0,0,0,0,0,0,0,6,-9,7,-9,8,-9,9,-9,10,-9,10,-8,11,-8,11,-7,12,-7,12,-6,12,-6,12,-6,12,-6,12,-6,11,-6,11,-7,11,-7,11,-8,11,-8,11,-8,11,-8,11,-9,11,-9,11,-10,12,-10,11,-10]
[1;31mE (312133) wifi:channel=0 is invalid[0m

csi_data,[0,0,3,-15,3,-14,3,-15,3,-14,2,-14,2,-14,1,-13,1,-13,0,-12,0,-12,-1,-13,-1,-12,-1,-12,-2,-12,-2,-12,-2,-12,-2,-12,-1,-12,-2,-12,-1,-12,0,-12,0,-12,0,-11,1,-10,1,-10,2,-9,0,0,0,0,0,0,0,0,0,0,0,0,0,0,0,0,0,0,0,0,0,0,0,-11,1,-12,2,-12,2,-12,3,-12,4,-13,4,-13,5,-13,5,-13,6,-12,6,-12,6,-12,6,-12,6,-12,6,-12,5,-12,5,-13,4,-13,4,-13,4,-13,4,-14,3,-15,3,-14,3,-15,3,-15,3,-15]
[1;31mE (313133) wifi:channel=0 is invalid[0m

csi_data,[0,0,3,14,3,13,3,13,3,13,4,12,4,12,4,11,4,11,5,11,5,10,5,10,5,10,5,9,6,9,6,9,6,9,6,9,6,10,6,10,5,10,5,10,4,9,3,9,3,9,2,9,2,9,0,0,0,0,0,0,0,0,0,0,0,0,0,0,0,0,0,0,0,0,0,0,4,9,4,10,4,10,3,11,3,11,3,12,2,13,1,13,1,13,0,13,0,13,0,13,0,13,0,13,0,12,1,13,1,13,2,13,2,13,3,13,3,13,3,13,3,14,3,14,3,14,4,14]
[1;31mE (314133) wifi:channel=0 is invalid[0m

csi_data,[0,0,-10,11,-10,11,-10,11,-9,10,-9,11,-8,10,-8,10,-7,10,-7,10,-6,10,-5,10,-5,10,-5,10,-5,11,-5,10,-5,11,-5,10,-5,11,-5,10,-5,10,-6,9,-6,9,-6,8,-6,8,-6,7,-6,7,0,0,0,0,0,0,0,0,0,0,0,0,0,0,0,0,0,0,0,0,0,0,-5,9,-6,9,-7,9,-8,9,-8,9,-10,9,-10,9,-10,9,-11,8,-11,8,-11,8,-11,8,-11,8,-11,8,-11,8,-10,8,-10,9,-10,8,-10,9,-10,10,-10,10,-10,10,-9,10,-10,11,-10,11,-10,12]
[1;31mE (315133) wifi:channel=0 is invalid[0m

csi_data,[0,0,-14,-8,-13,-8,-13,-8,-12,-7,-13,-7,-12,-6,-12,-6,-12,-5,-12,-5,-12,-4,-12,-4,-12,-3,-12,-3,-13,-3,-12,-3,-12,-3,-12,-2,-13,-3,-12,-3,-12,-4,-11,-4,-11,-4,-10,-4,-10,-4,-9,-5,-9,-5,0,0,0,0,0,0,0,0,0,0,0,0,0,0,0,0,0,0,0,0,0,0,-11,-4,-12,-5,-11,-5,-12,-6,-11,-7,-12,-8,-11,-9,-11,-9,-11,-10,-11,-10,-10,-10,-11,-10,-10,-10,-10,-10,-11,-9,-11,-9,-11,-9,-11,-8,-12,-8,-12,-8,-13,-8,-13,-8,-13,-8,-14,-8,-14,-8,-14,-8]
[1;31mE (316133) wifi:channel=0 is invalid[0m

csi_data,[0,0,-9,-12,-9,-12,-9,-12,-9,-12,-9,-11,-9,-11,-9,-10,-9,-10,-9,-9,-9,-9,-10,-9,-9,-8,-10,-8,-10,-8,-10,-8,-10,-7,-10,-8,-10,-8,-10,-8,-9,-8,-9,-8,-8,-8,-7,-8,-7,-8,-6,-8,-6,-8,0,0,0,0,0,0,0,0,0,0,0,0,0,0,0,0,0,0,0,0,0,0,-9,-8,-8,-8,-8,-9,-8,-10,-7,-11,-7,-12,-7,-12,-7,-13,-6,-13,-6,-13,-6,-13,-5,-13,-5,-13,-5,-12,-6,-12,-6,-12,-6,-12,-7,-12,-7,-12,-8,-13,-8,-12,-8,-13,-9,-13,-9,-13,-9,-13,-9,-13]
[1;31mE (317133) wifi:channel=0 is invalid[0m

csi_data,[0,0,-3,-15,-4,-15,-4,-15,-3,-15,-4,-14,-4,-13,-4,-13,-5,-13,-5,-12,-6,-12,-6,-11,-6,-11,-6,-11,-7,-11,-7,-11,-7,-11,-7,-11,-6,-11,-6,-11,-6,-11,-5,-11,-4,-11,-4,-11,-4,-10,-3,-10,-2,-10,0,0,0,0,0,0,0,0,0,0,0,0,0,0,0,0,0,0,0,0,0,0,-5,-10,-4,-11,-4,-12,-3,-12,-3,-13,-2,-14,-2,-14,-1,-15,0,-14,0,-14,0,-14,0,-14,0,-14,0,-14,0,-14,-1,-14,-1,-14,-2,-14,-2,-14,-2,-14,-3,-15,-3,-15,-3,-15,-3,-15,-4,-15,-4,-15]
[1;31mE (318133) wifi:channel=0 is invalid[0m

csi_data,[0,0,-13,-9,-12,-9,-13,-9,-12,-8,-12,-8,-12,-7,-12,-7,-12,-6,-11,-6,-11,-6,-12,-5,-11,-5,-12,-4,-12,-4,-12,-4,-12,-4,-12,-4,-12,-5,-12,-4,-11,-5,-11,-5,-10,-5,-10,-5,-9,-6,-8,-6,-8,-6,0,0,0,0,0,0,0,0,0,0,0,0,0,0,0,0,0,0,0,0,0,0,-11,-5,-11,-5,-11,-7,-11,-7,-11,-8,-11,-9,-11,-10,-10,-10,-10,-10,-10,-11,-10,-11,-9,-11,-9,-11,-9,-10,-10,-10,-10,-10,-10,-10,-10,-10,-11,-10,-11,-9,-11,-9,-12,-9,-12,-10,-13,-9,-13,-9,-13,-10]
[1;31mE (319133) wifi:channel=0 is invalid[0m

csi_data,[0,0,-3,-15,-3,-15,-3,-15,-3,-14,-3,-14,-3,-14,-3,-13,-4,-13,-4,-12,-5,-12,-5,-12,-5,-11,-6,-11,-6,-11,-6,-11,-6,-11,-6,-11,-6,-11,-6,-12,-5,-11,-5,-11,-4,-11,-3,-11,-3,-10,-2,-10,-2,-10,0,0,0,0,0,0,0,0,0,0,0,0,0,0,0,0,0,0,0,0,0,0,-4,-11,-4,-11,-3,-12,-2,-13,-2,-13,-1,-14,-1,-14,0,-14,0,-14,1,-14,1,-14,1,-14,1,-14,1,-14,1,-14,0,-14,0,-14,-1,-14,-1,-14,-2,-14,-2,-14,-2,-15,-2,-15,-2,-15,-2,-15,-3,-16]
[1;31mE (320133) wifi:channel=0 is invalid[0m

csi_data,[0,0,11,10,10,9,10,9,10,9,10,8,10,7,10,7,10,7,10,6,10,6,10,5,10,5,10,4,10,4,11,4,11,4,10,4,11,5,10,4,10,5,9,5,9,5,8,5,7,6,7,6,6,6,0,0,0,0,0,0,0,0,0,0,0,0,0,0,0,0,0,0,0,0,0,0,9,5,9,6,8,7,9,8,8,9,8,10,8,10,8,10,8,11,7,11,7,11,7,11,7,11,7,11,7,11,7,10,8,10,8,10,9,10,9,10,9,9,10,9,10,10,10,10,11,10,11,10]
[1;31mE (321133) wifi:channel=0 is invalid[0m

csi_data,[0,0,12,9,11,8,11,8,11,8,11,7,11,7,11,6,11,5,11,5,11,5,11,4,11,3,11,3,11,3,11,3,12,3,11,3,11,3,11,3,11,4,10,4,10,4,9,4,8,4,8,5,7,5,0,0,0,0,0,0,0,0,0,0,0,0,0,0,0,0,0,0,0,0,0,0,9,4,10,5,9,6,10,7,9,8,10,9,9,9,9,10,9,10,8,10,8,10,8,11,8,10,8,10,8,10,9,10,9,9,9,9,10,9,10,9,10,9,11,8,11,9,12,9,12,9,12,9]
[1;31mE (322133) wifi:channel=0 is invalid[0m

csi_data,[0,0,-1,14,-2,14,-2,14,-1,14,-1,13,-1,13,0,12,0,12,1,11,1,11,1,11,2,11,2,11,2,11,3,11,3,11,3,11,3,11,3,11,2,11,2,11,1,10,0,10,0,9,-1,9,-1,8,0,0,0,0,0,0,0,0,0,0,0,0,0,0,0,0,0,0,0,0,0,0,0,10,0,11,-1,11,-2,11,-2,12,-3,12,-3,13,-4,12,-4,13,-5,12,-6,12,-5,12,-5,12,-5,12,-4,12,-4,12,-4,12,-3,12,-3,13,-3,13,-2,13,-2,14,-2,14,-2,14,-2,14,-2,14]
[1;31mE (323133) wifi:channel=0 is invalid[0m

csi_data,[0,0,-3,14,-3,14,-3,14,-3,13,-2,13,-2,13,-1,12,-1,12,0,12,0,11,1,12,1,11,1,11,1,11,1,11,2,11,1,12,1,11,1,11,0,11,0,11,-1,11,-1,10,-1,10,-1,9,-2,9,0,0,0,0,0,0,0,0,0,0,0,0,0,0,0,0,0,0,0,0,0,0,0,10,-1,11,-2,11,-3,12,-3,12,-4,13,-5,13,-5,12,-5,13,-6,12,-6,12,-6,12,-6,12,-6,12,-6,12,-5,12,-5,12,-4,12,-4,13,-4,13,-4,13,-3,14,-3,14,-3,15,-3,15,-3,15]
[1;31mE (324133) wifi:channel=0 is invalid[0m

csi_data,[0,0,-4,14,-4,14,-4,14,-3,13,-3,13,-3,13,-2,13,-2,12,-1,12,-1,11,0,11,0,11,1,12,0,12,1,11,1,11,1,11,1,11,0,11,0,11,-1,11,-1,10,-1,10,-2,10,-2,9,-3,9,0,0,0,0,0,0,0,0,0,0,0,0,0,0,0,0,0,0,0,0,0,0,-1,10,-1,11,-2,11,-3,12,-4,12,-5,12,-5,12,-6,12,-6,12,-7,12,-7,12,-7,12,-7,12,-6,11,-7,12,-6,12,-6,12,-5,12,-5,13,-5,13,-5,13,-5,13,-4,14,-4,14,-4,15,-4,15]
[1;31mE (325133) wifi:channel=0 is invalid[0m

csi_data,[0,0,12,-8,12,-8,12,-8,12,-8,11,-8,11,-8,10,-8,10,-9,9,-8,9,-9,8,-9,7,-9,7,-9,7,-10,8,-10,7,-10,8,-10,7,-10,7,-9,8,-9,8,-8,8,-7,8,-7,8,-7,8,-6,8,-5,0,0,0,0,0,0,0,0,0,0,0,0,0,0,0,0,0,0,0,0,0,0,7,-8,8,-8,9,-8,10,-8,10,-8,11,-7,12,-6,12,-7,12,-6,13,-6,13,-5,13,-5,13,-5,13,-5,12,-5,12,-6,12,-6,12,-6,12,-7,12,-7,12,-8,12,-8,12,-8,12,-8,12,-9,12,-9]
[1;31mE (326133) wifi:channel=0 is invalid[0m

csi_data,[0,0,-16,-1,-15,-1,-15,-1,-14,0,-14,0,-14,0,-14,0,-13,1,-13,1,-12,2,-12,2,-12,3,-12,3,-12,3,-12,3,-12,4,-12,4,-12,4,-12,3,-11,3,-12,2,-11,2,-11,1,-10,1,-10,0,-10,0,0,0,0,0,0,0,0,0,0,0,0,0,0,0,0,0,0,0,0,0,0,0,-12,1,-12,0,-12,0,-13,-1,-13,-1,-14,-3,-14,-3,-14,-3,-14,-4,-13,-4,-14,-5,-14,-5,-14,-5,-13,-4,-14,-4,-14,-4,-14,-4,-14,-3,-15,-2,-14,-2,-15,-2,-15,-1,-15,-1,-15,-1,-16,-1,-16,-1]
[1;31mE (327133) wifi:channel=0 is invalid[0m

csi_data,[0,0,8,12,8,11,8,11,8,11,8,10,8,10,8,9,8,8,8,8,9,8,9,7,8,7,9,7,9,6,10,6,10,6,9,6,9,6,9,6,9,6,8,7,8,6,7,7,6,7,6,7,5,7,0,0,0,0,0,0,0,0,0,0,0,0,0,0,0,0,0,0,0,0,0,0,7,8,7,8,7,9,6,10,6,10,6,11,5,12,5,12,5,12,4,13,4,13,4,13,4,12,4,12,4,12,4,12,5,12,6,12,6,11,7,11,7,11,8,12,8,12,8,12,8,12,8,12]
[1;31mE (328133) wifi:channel=0 is invalid[0m

csi_data,[0,0,-6,14,-6,13,-6,13,-6,13,-5,12,-5,12,-4,12,-4,12,-3,11,-2,11,-2,11,-2,11,-2,11,-2,12,-2,11,-1,12,-2,11,-1,11,-2,12,-2,11,-3,11,-3,10,-3,10,-4,9,-4,8,-4,8,0,0,0,0,0,0,0,0,0,0,0,0,0,0,0,0,0,0,0,0,0,0,-2,10,-3,11,-4,11,-5,11,-5,12,-6,12,-7,12,-7,11,-8,12,-8,11,-8,11,-8,11,-8,11,-8,10,-8,11,-8,11,-7,11,-7,11,-7,12,-7,12,-6,12,-6,13,-6,13,-6,13,-6,14,-6,14]
[1;31mE (329133) wifi:channel=0 is invalid[0m

csi_data,[0,0,-10,-12,-10,-11,-10,-11,-10,-11,-10,-10,-10,-10,-10,-9,-10,-9,-10,-8,-10,-8,-10,-7,-10,-6,-11,-6,-11,-6,-11,-6,-11,-6,-11,-6,-11,-6,-11,-7,-10,-7,-10,-7,-9,-7,-9,-7,-8,-7,-8,-7,-7,-7,0,0,0,0,0,0,0,0,0,0,0,0,0,0,0,0,0,0,0,0,0,0,-9,-8,-9,-8,-9,-9,-8,-10,-8,-10,-8,-12,-8,-12,-7,-12,-7,-13,-6,-13,-7,-13,-6,-13,-6,-13,-6,-13,-7,-12,-7,-12,-7,-12,-8,-12,-8,-12,-9,-12,-9,-12,-9,-12,-10,-12,-10,-12,-10,-12,-10,-12]
[1;31mE (330133) wifi:channel=0 is invalid[0m

csi_data,[0,0,1,-15,1,-15,1,-15,1,-14,1,-14,1,-14,0,-13,0,-13,-1,-13,-2,-12,-2,-12,-2,-12,-2,-12,-3,-12,-3,-12,-3,-12,-3,-12,-3,-12,-2,-12,-2,-12,-1,-12,0,-11,0,-11,0,-10,0,-10,1,-10,0,0,0,0,0,0,0,0,0,0,0,0,0,0,0,0,0,0,0,0,0,0,-2,-11,-1,-12,0,-12,1,-13,1,-13,2,-14,3,-14,3,-14,3,-14,4,-13,4,-14,4,-13,4,-13,4,-13,4,-13,3,-13,3,-13,2,-14,2,-14,2,-14,2,-14,2,-15,1,-15,1,-15,2,-15,1,-15]
[1;31mE (331133) wifi:channel=0 is invalid[0m

csi_data,[0,0,15,0,14,-1,14,-1,13,-1,14,-2,13,-2,12,-2,12,-3,12,-3,11,-3,11,-4,11,-4,10,-4,10,-5,11,-5,11,-5,10,-5,11,-4,11,-4,10,-4,10,-4,10,-3,10,-3,9,-2,9,-1,9,0,0,0,0,0,0,0,0,0,0,0,0,0,0,0,0,0,0,0,0,0,0,0,10,-3,11,-3,11,-2,12,-1,12,-1,13,0,13,1,13,1,13,2,13,2,13,3,13,3,13,3,13,2,13,2,13,2,13,1,13,1,13,1,14,0,14,0,14,0,14,0,15,-1,15,-1,15,-1]
[1;31mE (332133) wifi:channel=0 is invalid[0m

csi_data,[0,0,-9,-12,-9,-12,-9,-12,-9,-12,-9,-11,-9,-11,-9,-10,-9,-9,-9,-9,-9,-8,-10,-8,-10,-7,-9,-8,-10,-7,-10,-7,-11,-7,-10,-8,-10,-8,-10,-8,-10,-8,-9,-8,-8,-8,-8,-8,-7,-8,-6,-8,-6,-8,0,0,0,0,0,0,0,0,0,0,0,0,0,0,0,0,0,0,0,0,0,0,-9,-8,-9,-8,-9,-9,-8,-10,-8,-11,-8,-12,-8,-12,-8,-13,-7,-13,-6,-13,-6,-13,-6,-13,-6,-13,-6,-13,-6,-12,-6,-13,-7,-13,-7,-12,-8,-13,-8,-12,-8,-12,-9,-12,-9,-13,-9,-13,-9,-12,-10,-13]
[1;31mE (333133) wifi:channel=0 is invalid[0m

csi_data,[0,0,15,3,14,2,14,2,14,3,13,1,13,2,13,1,12,1,12,0,12,-1,12,-1,11,-2,12,-2,12,-2,11,-2,12,-2,11,-2,12,-2,12,-1,11,-2,11,-1,11,0,10,0,10,0,9,1,9,1,0,0,0,0,0,0,0,0,0,0,0,0,0,0,0,0,0,0,0,0,0,0,11,0,11,1,11,1,12,2,12,3,13,4,12,5,12,5,12,6,12,6,12,6,12,6,12,6,12,6,12,6,12,5,12,5,12,4,13,4,13,4,13,3,14,4,14,3,15,3,15,3,15,3]
[1;31mE (334133) wifi:channel=0 is invalid[0m

csi_data,[0,0,-1,-15,-1,-15,-1,-15,-1,-14,-1,-15,-1,-13,-2,-13,-2,-13,-3,-12,-3,-12,-4,-12,-4,-12,-4,-12,-4,-12,-4,-11,-5,-12,-4,-11,-4,-12,-4,-12,-3,-11,-3,-11,-2,-11,-2,-10,-1,-10,-1,-10,0,-10,0,0,0,0,0,0,0,0,0,0,0,0,0,0,0,0,0,0,0,0,0,0,-3,-11,-3,-12,-2,-12,-1,-13,-1,-13,0,-14,1,-14,1,-14,2,-14,2,-13,3,-14,3,-14,2,-14,2,-13,2,-14,2,-13,1,-14,0,-13,1,-15,0,-14,0,-14,0,-15,-1,-14,-1,-15,0,-15,-1,-16]
[1;31mE (335133) wifi:channel=0 is invalid[0m

csi_data,[0,0,7,-13,6,-14,6,-13,6,-13,6,-13,5,-13,5,-12,4,-12,4,-12,3,-12,3,-12,2,-12,2,-12,1,-12,2,-12,1,-12,2,-12,2,-12,2,-12,2,-12,3,-12,4,-11,3,-10,4,-10,4,-9,4,-9,0,0,0,0,0,0,0,0,0,0,0,0,0,0,0,0,0,0,0,0,0,0,2,-11,3,-11,4,-12,5,-12,6,-12,6,-12,7,-12,7,-12,8,-11,9,-11,9,-11,9,-10,9,-11,9,-10,8,-11,8,-11,8,-11,7,-12,7,-12,7,-12,7,-12,7,-13,7,-13,7,-14,7,-13,7,-14]
[1;31mE (336133) wifi:channel=0 is invalid[0m

csi_data,[0,0,15,0,14,0,14,-1,13,0,13,-1,13,-1,12,-2,12,-2,11,-2,11,-3,11,-3,10,-4,10,-4,11,-4,11,-4,11,-4,11,-4,11,-4,11,-4,11,-3,10,-3,10,-2,10,-2,9,-2,9,-1,9,0,0,0,0,0,0,0,0,0,0,0,0,0,0,0,0,0,0,0,0,0,0,0,10,-2,11,-2,11,-1,12,-1,12,0,13,1,13,2,13,2,13,3,12,3,13,3,13,3,13,3,13,3,13,3,12,2,13,2,13,1,13,1,13,1,13,0,14,0,14,0,15,0,15,0,15,0]
[1;31mE (337133) wifi:channel=0 is invalid[0m

csi_data,[0,0,-13,7,-13,7,-13,7,-12,6,-12,7,-11,7,-11,7,-10,7,-10,7,-9,7,-9,7,-8,8,-9,8,-8,8,-8,8,-8,8,-8,8,-9,8,-8,8,-8,8,-9,7,-8,6,-8,6,-8,6,-8,5,-8,4,0,0,0,0,0,0,0,0,0,0,0,0,0,0,0,0,0,0,0,0,0,0,-9,6,-10,6,-10,6,-12,5,-12,5,-13,5,-13,4,-13,4,-13,3,-13,3,-14,2,-13,3,-14,2,-13,3,-13,3,-13,3,-13,3,-13,4,-14,5,-13,5,-13,5,-13,6,-13,6,-13,6,-14,7,-14,6]
[1;31mE (338133) wifi:channel=0 is invalid[0m

csi_data,[0,0,13,-7,12,-6,13,-6,12,-6,12,-7,11,-6,11,-7,10,-7,10,-7,9,-7,9,-8,8,-8,8,-9,9,-9,8,-8,8,-9,8,-8,9,-9,8,-8,8,-7,9,-7,9,-7,8,-6,8,-5,8,-5,8,-4,0,0,0,0,0,0,0,0,0,0,0,0,0,0,0,0,0,0,0,0,0,0,8,-7,9,-7,9,-6,11,-6,11,-5,12,-5,12,-4,13,-4,13,-4,12,-3,13,-3,13,-3,13,-3,13,-3,13,-3,12,-3,13,-4,12,-4,13,-5,12,-5,13,-6,13,-6,13,-6,13,-7,13,-7,14,-7]
[1;31mE (339133) wifi:channel=0 is invalid[0m

csi_data,[0,0,15,0,14,0,14,0,14,-1,14,-1,13,-1,12,-2,12,-2,12,-2,12,-3,11,-3,11,-3,11,-4,11,-4,11,-4,11,-4,11,-4,11,-4,11,-4,11,-3,11,-3,10,-2,10,-2,10,-1,9,0,9,0,0,0,0,0,0,0,0,0,0,0,0,0,0,0,0,0,0,0,0,0,0,0,10,-3,11,-2,11,-2,12,-1,13,0,13,0,13,1,13,1,13,2,13,2,13,3,13,3,13,3,13,3,13,2,13,3,13,2,13,1,13,1,14,1,14,0,14,0,14,0,15,0,15,0,15,0]
[1;31mE (340133) wifi:channel=0 is invalid[0m

csi_data,[0,0,-14,6,-14,6,-13,6,-13,6,-13,6,-12,6,-12,6,-11,7,-10,6,-10,6,-10,7,-9,7,-9,7,-9,7,-9,7,-9,8,-9,8,-9,7,-10,7,-9,7,-9,6,-9,5,-9,5,-9,5,-9,4,-9,3,0,0,0,0,0,0,0,0,0,0,0,0,0,0,0,0,0,0,0,0,0,0,-9,6,-10,5,-11,5,-11,5,-12,5,-13,4,-13,3,-14,3,-14,3,-14,2,-14,2,-14,2,-14,2,-13,2,-13,2,-13,3,-14,3,-13,3,-14,4,-14,4,-13,4,-14,5,-14,5,-14,6,-14,6,-14,6]
[1;31mE (341133) wifi:channel=0 is invalid[0m

csi_data,[0,0,-2,15,-2,14,-2,14,-2,14,-2,13,-1,13,-1,13,0,12,0,12,1,12,1,12,2,11,2,11,2,11,3,11,2,11,2,11,2,11,2,11,1,11,1,11,0,11,-1,10,-1,10,-1,9,-1,9,0,0,0,0,0,0,0,0,0,0,0,0,0,0,0,0,0,0,0,0,0,0,1,11,0,11,-1,12,-1,12,-2,12,-3,13,-4,13,-4,13,-4,13,-5,13,-5,13,-5,13,-5,12,-5,13,-5,12,-4,13,-4,13,-4,13,-3,13,-3,13,-3,14,-3,14,-2,14,-2,15,-2,15,-2,15]
[1;31mE (342133) wifi:channel=0 is invalid[0m

csi_data,[0,0,-10,-12,-9,-12,-9,-12,-9,-11,-9,-11,-9,-10,-9,-10,-9,-9,-9,-9,-9,-8,-10,-8,-10,-7,-10,-7,-10,-7,-10,-7,-10,-7,-10,-7,-10,-7,-10,-8,-9,-8,-9,-8,-8,-7,-8,-8,-7,-8,-7,-8,-6,-8,0,0,0,0,0,0,0,0,0,0,0,0,0,0,0,0,0,0,0,0,0,0,-9,-7,-9,-8,-8,-9,-9,-10,-8,-11,-8,-12,-7,-12,-7,-12,-7,-13,-6,-12,-6,-13,-6,-13,-6,-13,-6,-13,-6,-12,-6,-12,-7,-12,-7,-12,-8,-12,-8,-12,-8,-12,-9,-12,-9,-12,-9,-12,-9,-12,-10,-12]
[1;31mE (343133) wifi:channel=0 is invalid[0m

csi_data,[0,0,13,7,13,6,13,6,12,6,12,5,12,5,11,5,12,4,11,4,11,3,11,2,11,1,11,1,11,1,12,1,12,1,11,1,12,2,11,2,11,2,11,2,10,3,9,3,9,3,9,3,8,4,0,0,0,0,0,0,0,0,0,0,0,0,0,0,0,0,0,0,0,0,0,0,11,3,11,4,11,4,11,5,11,6,11,7,11,8,11,8,10,9,10,9,10,9,10,9,10,8,10,9,10,8,10,8,10,8,10,7,11,7,11,7,12,7,12,7,13,7,13,7,13,6,13,7]
[1;31mE (344133) wifi:channel=0 is invalid[0m

csi_data,[0,0,-14,6,-14,6,-14,6,-13,6,-12,6,-12,6,-11,6,-11,6,-10,7,-10,7,-10,7,-9,7,-9,7,-9,8,-8,8,-8,8,-9,8,-9,8,-9,8,-9,7,-9,7,-9,6,-9,6,-9,5,-9,4,-9,4,0,0,0,0,0,0,0,0,0,0,0,0,0,0,0,0,0,0,0,0,0,0,-9,6,-10,6,-11,5,-12,5,-12,4,-13,4,-14,3,-13,3,-14,2,-14,2,-14,1,-14,1,-14,1,-14,1,-14,2,-13,2,-13,3,-13,3,-13,4,-13,5,-14,5,-14,6,-14,5,-14,6,-14,6,-14,6]
[1;31mE (345133) wifi:channel=0 is invalid[0m

csi_data,[0,0,-13,-9,-13,-9,-12,-9,-12,-8,-12,-8,-12,-7,-12,-7,-11,-6,-11,-6,-12,-5,-12,-5,-12,-4,-12,-4,-12,-3,-12,-4,-12,-4,-12,-4,-12,-4,-12,-4,-12,-4,-11,-5,-10,-5,-10,-5,-10,-5,-9,-5,-8,-6,0,0,0,0,0,0,0,0,0,0,0,0,0,0,0,0,0,0,0,0,0,0,-11,-5,-10,-6,-11,-7,-10,-7,-10,-9,-10,-9,-10,-10,-10,-11,-9,-11,-9,-11,-9,-11,-9,-11,-9,-11,-9,-11,-9,-10,-10,-11,-10,-10,-11,-10,-11,-10,-11,-10,-12,-9,-12,-9,-13,-9,-12,-9,-12,-9,-13,-9]
[1;31mE (346133) wifi:channel=0 is invalid[0m

csi_data,[0,0,8,12,7,12,7,11,7,11,7,10,7,10,7,10,8,9,8,9,8,8,8,8,9,7,9,7,9,7,9,7,9,7,9,7,9,7,9,7,8,7,7,8,6,7,6,7,6,7,5,7,5,7,0,0,0,0,0,0,0,0,0,0,0,0,0,0,0,0,0,0,0,0,0,0,8,7,8,8,7,8,7,10,6,10,6,11,6,11,6,12,5,12,5,12,4,12,4,12,4,12,4,12,5,12,4,12,5,12,5,11,6,12,6,11,7,11,7,12,7,12,8,12,8,12,8,12]
[1;31mE (347133) wifi:channel=0 is invalid[0m

csi_data,[0,0,6,13,6,12,6,12,6,11,6,11,6,11,6,10,6,10,7,9,7,8,8,8,8,8,8,7,8,8,8,7,8,7,8,7,8,8,8,8,7,8,7,8,6,8,6,8,5,7,5,7,4,8,0,0,0,0,0,0,0,0,0,0,0,0,0,0,0,0,0,0,0,0,0,0,6,8,6,9,5,10,5,11,5,11,5,12,4,12,4,13,3,13,3,13,3,13,3,13,3,13,3,13,3,13,3,12,4,12,4,12,4,12,5,12,5,12,5,13,6,12,6,12,7,13,7,13]
[1;31mE (348133) wifi:channel=0 is invalid[0m

csi_data,[0,0,10,10,10,9,10,9,10,9,10,9,10,8,9,7,9,7,9,6,9,6,10,6,10,5,10,4,11,4,10,4,10,5,10,4,10,5,10,5,10,5,9,5,8,5,8,5,7,5,7,6,6,6,0,0,0,0,0,0,0,0,0,0,0,0,0,0,0,0,0,0,0,0,0,0,9,5,9,6,9,7,9,8,9,8,9,9,8,10,8,10,7,11,7,10,7,11,7,11,7,11,7,11,7,10,7,10,8,10,8,9,9,10,9,10,9,10,10,10,10,9,10,10,10,9,11,10]
[1;31mE (349133) wifi:channel=0 is invalid[0m

csi_data,[0,0,2,15,2,14,2,14,2,13,2,13,2,13,3,12,3,12,4,11,4,11,4,11,5,10,5,10,5,10,5,10,5,10,5,10,5,10,4,10,4,10,4,11,3,10,3,10,2,9,2,9,1,9,0,0,0,0,0,0,0,0,0,0,0,0,0,0,0,0,0,0,0,0,0,0,4,10,4,11,3,11,3,12,2,13,1,13,1,14,0,13,0,14,-1,14,-1,14,-1,14,-1,14,-1,13,-1,13,-1,13,0,13,0,13,1,13,1,14,1,14,2,14,2,14,2,14,2,15,2,14]
[1;31mE (350133) wifi:channel=0 is invalid[0m

csi_data,[0,0,-15,-1,-16,0,-15,-1,-15,-1,-14,0,-14,0,-13,1,-13,1,-13,1,-12,2,-12,2,-12,3,-12,3,-12,3,-12,3,-12,3,-12,3,-12,3,-12,3,-12,2,-12,2,-11,2,-11,1,-11,1,-10,0,-10,-1,0,0,0,0,0,0,0,0,0,0,0,0,0,0,0,0,0,0,0,0,0,0,-12,2,-12,1,-13,0,-13,-1,-14,-1,-14,-2,-14,-2,-14,-3,-14,-4,-14,-4,-14,-5,-14,-5,-14,-4,-14,-4,-13,-3,-14,-4,-14,-3,-14,-3,-14,-2,-14,-1,-15,-1,-15,-1,-16,-1,-15,-1,-16,-1,-16,-1]
[1;31mE (351133) wifi:channel=0 is invalid[0m

csi_data,[0,0,14,5,13,5,13,4,13,5,13,4,12,3,12,3,12,2,12,2,11,1,11,1,11,1,11,1,11,0,11,0,11,0,11,0,11,0,12,0,11,1,11,1,10,1,10,2,9,2,9,3,8,3,0,0,0,0,0,0,0,0,0,0,0,0,0,0,0,0,0,0,0,0,0,0,10,2,11,2,11,3,11,4,12,5,12,6,12,6,11,7,12,7,11,7,11,8,11,8,10,8,10,8,10,7,11,7,11,6,12,6,12,6,12,6,13,5,13,5,13,5,14,6,14,6,14,5]
[1;31mE (352133) wifi:channel=0 is invalid[0m

csi_data,[0,0,-8,-13,-9,-13,-8,-12,-9,-12,-8,-11,-8,-11,-9,-11,-9,-10,-9,-9,-9,-9,-10,-9,-10,-8,-10,-8,-10,-8,-10,-7,-10,-7,-10,-7,-10,-7,-10,-8,-9,-8,-9,-8,-8,-8,-8,-8,-7,-8,-7,-8,-6,-8,0,0,0,0,0,0,0,0,0,0,0,0,0,0,0,0,0,0,0,0,0,0,-8,-9,-8,-10,-8,-11,-7,-11,-7,-12,-7,-13,-6,-13,-6,-13,-5,-14,-5,-14,-5,-14,-5,-14,-4,-14,-5,-13,-5,-13,-5,-13,-6,-13,-6,-13,-6,-13,-7,-13,-7,-13,-8,-13,-8,-13,-8,-13,-9,-13,-9,-13]
[1;31mE (353133) wifi:channel=0 is invalid[0m

csi_data,[0,0,13,-6,13,-6,12,-6,13,-6,12,-6,11,-6,11,-6,10,-7,10,-6,10,-7,9,-7,9,-8,9,-8,8,-8,9,-8,8,-8,9,-8,8,-8,9,-8,9,-7,9,-7,9,-6,9,-6,8,-5,8,-4,8,-4,0,0,0,0,0,0,0,0,0,0,0,0,0,0,0,0,0,0,0,0,0,0,9,-7,9,-6,11,-6,11,-5,12,-5,12,-4,13,-4,13,-3,13,-3,13,-2,13,-2,13,-2,13,-2,13,-2,12,-2,13,-3,12,-3,13,-3,12,-4,13,-5,13,-5,13,-5,14,-5,13,-6,13,-6,13,-6]
[1;31mE (354133) wifi:channel=0 is invalid[0m

csi_data,[0,0,13,7,13,6,12,6,12,6,12,5,12,5,12,4,11,4,11,3,11,3,12,2,11,2,11,2,11,1,11,1,11,1,11,2,11,2,11,2,11,2,11,3,10,3,9,3,9,4,8,4,8,4,0,0,0,0,0,0,0,0,0,0,0,0,0,0,0,0,0,0,0,0,0,0,11,2,11,2,11,3,11,4,12,5,12,6,12,6,12,7,11,8,11,8,11,9,11,8,10,8,10,8,10,8,11,8,10,7,11,7,11,7,12,6,12,6,13,6,13,6,13,6,13,6,14,6]
[1;31mE (355133) wifi:channel=0 is invalid[0m

csi_data,[0,0,-3,-15,-4,-15,-4,-14,-4,-14,-4,-14,-4,-13,-4,-13,-5,-12,-5,-12,-6,-11,-6,-11,-6,-11,-7,-11,-7,-10,-7,-11,-7,-10,-7,-11,-7,-10,-7,-11,-6,-11,-6,-11,-5,-10,-5,-10,-4,-10,-4,-10,-3,-10,0,0,0,0,0,0,0,0,0,0,0,0,0,0,0,0,0,0,0,0,0,0,-4,-11,-4,-12,-3,-13,-3,-13,-2,-14,-2,-14,-1,-15,0,-15,0,-15,1,-15,1,-15,1,-14,1,-14,0,-14,0,-14,0,-14,-1,-14,-1,-14,-1,-14,-2,-14,-2,-14,-3,-15,-3,-15,-3,-15,-3,-15,-3,-15]
[1;31mE (356133) wifi:channel=0 is invalid[0m

csi_data,[0,0,-15,-2,-15,-2,-15,-2,-14,-2,-14,-1,-13,-1,-13,-1,-13,0,-12,0,-12,1,-12,1,-11,1,-12,2,-12,2,-12,2,-12,2,-12,2,-12,2,-12,1,-11,1,-12,1,-11,0,-11,0,-10,0,-10,-1,-9,-1,0,0,0,0,0,0,0,0,0,0,0,0,0,0,0,0,0,0,0,0,0,0,-11,1,-12,0,-12,-1,-13,-1,-13,-2,-14,-3,-14,-4,-14,-4,-14,-5,-13,-5,-13,-5,-13,-5,-13,-5,-13,-5,-13,-5,-13,-4,-13,-4,-13,-4,-14,-3,-14,-3,-14,-3,-15,-3,-15,-2,-15,-2,-15,-2,-15,-2]
[1;31mE (357133) wifi:channel=0 is invalid[0m

csi_data,[0,0,-8,-14,-8,-14,-8,-13,-8,-13,-8,-12,-8,-12,-8,-11,-8,-11,-8,-10,-9,-10,-9,-9,-9,-9,-9,-8,-10,-8,-10,-8,-10,-8,-10,-8,-9,-8,-9,-8,-9,-8,-8,-9,-8,-9,-7,-8,-7,-8,-6,-8,-5,-8,0,0,0,0,0,0,0,0,0,0,0,0,0,0,0,0,0,0,0,0,0,0,-7,-9,-7,-10,-7,-11,-6,-12,-6,-12,-6,-13,-5,-14,-5,-14,-4,-14,-4,-14,-4,-14,-4,-14,-4,-14,-4,-14,-4,-13,-4,-14,-5,-13,-5,-14,-6,-13,-6,-13,-7,-14,-7,-14,-7,-14,-7,-14,-8,-14,-8,-14]
[1;31mE (358133) wifi:channel=0 is invalid[0m

csi_data,[0,0,15,-1,14,-1,14,-1,14,-1,13,-1,13,-2,12,-2,12,-3,11,-3,11,-3,11,-4,10,-4,10,-5,10,-5,11,-5,10,-5,10,-5,11,-5,11,-5,10,-4,10,-4,10,-4,9,-3,9,-2,9,-1,8,-1,0,0,0,0,0,0,0,0,0,0,0,0,0,0,0,0,0,0,0,0,0,0,11,-2,11,-2,12,-1,12,0,13,0,13,1,13,2,13,2,14,2,13,3,13,4,13,4,13,3,13,3,12,3,13,2,13,2,13,1,13,1,13,0,14,0,14,0,15,0,14,0,15,0,15,0]
[1;31mE (359133) wifi:channel=0 is invalid[0m

csi_data,[0,0,0,-15,-1,-15,-1,-15,-1,-14,-1,-14,-1,-13,-2,-13,-2,-13,-3,-12,-3,-12,-4,-12,-4,-12,-4,-11,-4,-11,-5,-11,-5,-11,-5,-12,-4,-11,-4,-11,-4,-12,-3,-11,-3,-11,-2,-11,-2,-10,-2,-10,-1,-10,0,0,0,0,0,0,0,0,0,0,0,0,0,0,0,0,0,0,0,0,0,0,-2,-11,-2,-12,-1,-13,0,-13,0,-14,1,-14,2,-14,2,-14,3,-14,3,-14,3,-14,3,-14,3,-13,3,-14,3,-14,2,-13,2,-13,1,-14,1,-14,1,-14,1,-14,0,-15,0,-15,-1,-15,0,-15,0,-15]
[1;31mE (360133) wifi:channel=0 is invalid[0m

csi_data,[0,0,2,14,2,14,2,13,2,13,2,12,3,12,3,12,3,11,4,11,4,10,4,10,5,10,5,10,5,9,6,10,6,9,5,10,5,9,5,9,5,10,4,10,4,9,3,9,2,9,2,8,2,8,0,0,0,0,0,0,0,0,0,0,0,0,0,0,0,0,0,0,0,0,0,0,3,10,3,10,2,11,1,12,1,12,0,13,0,13,-1,13,-1,13,-2,13,-2,13,-2,13,-2,13,-2,13,-2,12,-1,13,-1,13,0,13,0,13,1,13,1,13,1,14,1,14,1,14,2,14,2,14]
[1;31mE (361133) wifi:channel=0 is invalid[0m

csi_data,[0,0,-15,-4,-15,-4,-15,-4,-14,-4,-14,-3,-14,-2,-13,-2,-13,-1,-13,-1,-12,-1,-13,0,-12,0,-13,1,-13,1,-12,1,-13,1,-12,1,-13,1,-13,0,-12,0,-12,0,-11,-1,-11,-1,-11,-1,-10,-2,-10,-2,0,0,0,0,0,0,0,0,0,0,0,0,0,0,0,0,0,0,0,0,0,0,-12,-1,-12,-2,-12,-3,-13,-4,-13,-4,-14,-5,-13,-6,-13,-6,-13,-7,-13,-7,-13,-8,-13,-8,-13,-7,-13,-7,-13,-7,-13,-7,-13,-6,-13,-6,-13,-5,-14,-5,-14,-5,-15,-5,-15,-4,-15,-4,-15,-4,-16,-4]
[1;31mE (362133) wifi:channel=0 is invalid[0m

csi_data,[0,0,-10,-11,-11,-11,-10,-10,-11,-10,-10,-10,-10,-9,-10,-9,-10,-8,-10,-7,-11,-7,-11,-7,-10,-6,-11,-6,-11,-5,-11,-5,-11,-6,-11,-5,-11,-6,-11,-6,-10,-6,-10,-6,-9,-6,-9,-7,-8,-6,-8,-7,-7,-7,0,0,0,0,0,0,0,0,0,0,0,0,0,0,0,0,0,0,0,0,0,0,-10,-7,-10,-8,-9,-9,-9,-9,-9,-10,-8,-11,-8,-12,-8,-12,-8,-12,-7,-13,-7,-13,-7,-13,-7,-13,-7,-12,-7,-12,-8,-12,-8,-11,-8,-11,-9,-11,-9,-11,-9,-11,-10,-11,-10,-12,-10,-11,-11,-11,-10,-11]
[1;31mE (363133) wifi:channel=0 is invalid[0m

csi_data,[0,0,-14,-8,-14,-8,-13,-7,-13,-8,-13,-7,-12,-6,-13,-6,-12,-5,-12,-5,-12,-4,-12,-4,-12,-3,-12,-3,-12,-3,-13,-3,-12,-2,-12,-2,-12,-3,-12,-3,-12,-3,-11,-4,-11,-4,-10,-4,-10,-4,-9,-5,-8,-5,0,0,0,0,0,0,0,0,0,0,0,0,0,0,0,0,0,0,0,0,0,0,-11,-4,-11,-5,-12,-6,-11,-6,-12,-7,-12,-8,-12,-9,-11,-9,-11,-10,-11,-10,-10,-11,-11,-11,-10,-10,-10,-10,-10,-10,-11,-9,-11,-9,-11,-9,-12,-9,-12,-8,-12,-8,-13,-8,-13,-8,-13,-8,-13,-8,-13,-8]
[1;31mE (364133) wifi:channel=0 is invalid[0m

csi_data,[0,0,10,11,9,10,9,10,9,9,9,9,9,9,9,8,9,7,9,7,9,6,10,6,10,5,10,5,10,5,10,5,10,6,10,5,10,6,10,6,9,6,9,6,8,6,7,6,7,6,6,6,6,6,0,0,0,0,0,0,0,0,0,0,0,0,0,0,0,0,0,0,0,0,0,0,9,6,9,7,9,7,9,8,8,9,8,10,8,11,8,11,7,12,6,11,7,12,7,12,7,11,6,11,6,11,6,11,7,11,7,10,8,11,8,11,8,10,9,10,9,10,10,10,10,11,10,11]
[1;31mE (365133) wifi:channel=0 is invalid[0m

csi_data,[0,0,-15,0,-15,0,-15,1,-15,0,-14,1,-14,1,-13,2,-13,2,-13,2,-12,3,-12,3,-11,3,-11,4,-11,4,-11,4,-12,4,-12,4,-11,4,-11,4,-11,3,-11,3,-11,2,-11,2,-11,1,-10,1,-10,0,0,0,0,0,0,0,0,0,0,0,0,0,0,0,0,0,0,0,0,0,0,0,-11,3,-12,2,-13,1,-13,0,-14,0,-14,-1,-14,-1,-14,-2,-15,-3,-14,-3,-14,-3,-14,-3,-14,-3,-14,-3,-14,-3,-14,-2,-14,-2,-14,-2,-14,-1,-15,-1,-14,0,-15,0,-15,0,-16,0,-16,0,-16,0]
[1;31mE (366133) wifi:channel=0 is invalid[0m

csi_data,[0,0,-14,6,-14,6,-13,6,-12,5,-12,6,-11,6,-11,6,-11,7,-10,7,-10,7,-9,7,-9,7,-9,7,-9,8,-9,8,-9,8,-8,8,-9,8,-9,7,-9,7,-9,7,-9,6,-9,5,-9,5,-8,4,-9,4,0,0,0,0,0,0,0,0,0,0,0,0,0,0,0,0,0,0,0,0,0,0,-9,7,-10,6,-11,6,-12,6,-12,5,-13,5,-13,4,-14,4,-14,3,-14,3,-14,3,-14,2,-14,3,-14,3,-14,3,-13,3,-13,3,-13,4,-13,4,-13,5,-13,6,-14,6,-13,6,-14,6,-14,7,-14,6]
[1;31mE (367133) wifi:channel=0 is invalid[0m

csi_data,[0,0,-15,-6,-14,-6,-14,-5,-14,-5,-13,-5,-13,-4,-13,-4,-12,-3,-13,-3,-12,-2,-13,-2,-12,-1,-12,-1,-13,-1,-12,-1,-13,0,-12,0,-12,-1,-13,-1,-12,-2,-12,-2,-11,-2,-11,-2,-10,-3,-10,-3,-10,-4,0,0,0,0,0,0,0,0,0,0,0,0,0,0,0,0,0,0,0,0,0,0,-11,-3,-12,-3,-12,-4,-12,-5,-12,-6,-13,-7,-13,-7,-12,-8,-13,-9,-12,-9,-12,-9,-12,-9,-11,-9,-11,-9,-12,-8,-12,-8,-12,-8,-12,-7,-12,-7,-13,-6,-13,-6,-14,-6,-14,-6,-14,-6,-15,-6,-15,-6]
[1;31mE (368133) wifi:channel=0 is invalid[0m

csi_data,[0,0,11,-9,11,-9,11,-9,10,-9,10,-9,10,-9,9,-9,8,-9,8,-9,7,-9,7,-10,6,-10,6,-10,6,-10,6,-10,6,-11,6,-10,6,-10,6,-10,6,-9,7,-9,7,-8,7,-8,7,-8,7,-6,7,-6,0,0,0,0,0,0,0,0,0,0,0,0,0,0,0,0,0,0,0,0,0,0,7,-9,7,-9,8,-8,10,-8,10,-8,11,-8,12,-7,12,-7,12,-6,12,-6,12,-6,12,-6,12,-5,12,-6,11,-6,11,-5,11,-6,11,-7,12,-7,11,-8,11,-8,11,-8,11,-9,12,-9,12,-9,12,-9]
[1;31mE (369133) wifi:channel=0 is invalid[0m

csi_data,[0,0,7,-13,6,-13,6,-13,6,-12,6,-13,5,-12,5,-12,4,-12,3,-12,3,-12,3,-12,2,-12,2,-12,2,-12,1,-12,1,-12,1,-12,1,-12,2,-12,2,-12,3,-11,3,-11,3,-10,4,-10,3,-9,4,-9,0,0,0,0,0,0,0,0,0,0,0,0,0,0,0,0,0,0,0,0,0,0,3,-11,4,-11,5,-11,6,-12,7,-11,7,-11,8,-11,9,-11,9,-11,9,-10,9,-10,9,-10,9,-10,9,-10,9,-10,8,-10,8,-11,8,-11,8,-12,8,-12,8,-12,7,-13,7,-12,7,-13,7,-14,7,-13]
[1;31mE (370133) wifi:channel=0 is invalid[0m

csi_data,[0,0,6,-13,6,-14,5,-14,5,-13,5,-13,5,-13,4,-13,4,-12,3,-12,2,-12,2,-12,2,-12,1,-12,1,-12,1,-12,1,-12,1,-12,1,-12,1,-12,2,-12,2,-11,3,-11,3,-11,3,-10,3,-9,3,-9,0,0,0,0,0,0,0,0,0,0,0,0,0,0,0,0,0,0,0,0,0,0,2,-11,3,-12,4,-12,5,-12,6,-12,7,-12,7,-12,8,-11,8,-11,9,-11,8,-11,8,-11,9,-11,8,-11,8,-11,8,-11,7,-11,7,-11,7,-12,7,-12,7,-13,7,-13,6,-13,6,-14,6,-14,6,-14]
[1;31mE (371133) wifi:channel=0 is invalid[0m

csi_data,[0,0,13,6,12,5,13,5,12,5,12,5,12,4,12,4,11,3,11,2,11,2,12,1,11,1,11,0,11,0,11,0,12,0,11,0,12,0,11,1,11,1,11,2,10,2,9,2,9,2,9,3,8,3,0,0,0,0,0,0,0,0,0,0,0,0,0,0,0,0,0,0,0,0,0,0,10,2,11,3,11,4,11,5,11,5,12,6,11,7,11,8,11,8,10,8,11,9,10,9,10,8,10,8,10,8,10,7,11,7,11,6,11,7,12,6,12,6,12,6,13,6,13,6,13,6,14,6]
[1;31mE (372133) wifi:channel=0 is invalid[0m

csi_data,[0,0,-15,2,-14,2,-15,2,-13,2,-14,2,-13,2,-13,3,-12,3,-12,3,-11,4,-11,4,-11,5,-11,5,-11,6,-11,5,-11,5,-11,5,-11,5,-11,5,-11,4,-11,4,-11,3,-10,3,-10,3,-10,2,-9,1,0,0,0,0,0,0,0,0,0,0,0,0,0,0,0,0,0,0,0,0,0,0,-11,4,-12,4,-12,3,-13,2,-13,2,-14,1,-14,0,-14,0,-14,-1,-14,-1,-14,-1,-14,-1,-14,-1,-14,-1,-14,-1,-13,-1,-14,0,-13,0,-14,0,-14,1,-15,1,-15,1,-14,2,-15,2,-15,3,-15,2]
[1;31mE (373133) wifi:channel=0 is invalid[0m

csi_data,[0,0,-7,13,-8,13,-7,12,-7,12,-6,12,-6,12,-5,12,-5,12,-4,11,-3,11,-3,11,-3,11,-3,11,-2,11,-2,12,-2,11,-2,11,-2,11,-2,11,-3,11,-3,11,-4,10,-4,9,-4,9,-4,9,-5,8,0,0,0,0,0,0,0,0,0,0,0,0,0,0,0,0,0,0,0,0,0,0,-3,10,-4,10,-5,11,-6,11,-7,11,-7,11,-8,11,-9,11,-9,11,-10,11,-10,10,-10,10,-10,10,-9,10,-9,10,-9,10,-8,10,-8,11,-8,11,-8,12,-8,12,-8,12,-7,13,-7,13,-8,13,-7,13]
[1;31mE (374133) wifi:channel=0 is invalid[0m

csi_data,[0,0,5,14,5,13,5,13,5,13,5,12,5,12,5,11,6,10,5,10,6,10,6,10,6,9,7,9,7,9,7,9,7,9,6,9,7,9,6,9,6,9,6,9,5,9,4,9,4,9,3,9,3,8,0,0,0,0,0,0,0,0,0,0,0,0,0,0,0,0,0,0,0,0,0,0,6,9,5,9,5,10,5,11,4,12,4,13,4,13,3,13,2,14,1,13,1,14,1,13,1,13,1,13,2,13,2,13,2,13,3,13,3,13,4,13,4,13,4,13,5,14,5,14,5,14,5,14]
[1;31mE (375133) wifi:channel=0 is invalid[0m

csi_data,[0,0,-10,12,-9,11,-10,11,-9,10,-8,11,-8,11,-7,11,-7,11,-6,10,-5,11,-5,11,-5,10,-4,10,-4,11,-4,11,-4,11,-4,11,-4,11,-5,11,-5,10,-5,10,-5,9,-5,9,-6,8,-5,8,-6,7,0,0,0,0,0,0,0,0,0,0,0,0,0,0,0,0,0,0,0,0,0,0,-5,9,-6,10,-7,9,-8,10,-9,10,-10,10,-10,9,-11,9,-11,9,-12,8,-12,8,-12,8,-11,8,-11,8,-11,8,-10,9,-11,9,-10,9,-10,9,-10,10,-10,10,-10,11,-10,11,-10,11,-10,12,-9,12]
[1;31mE (376133) wifi:channel=0 is invalid[0m

csi_data,[0,0,4,14,4,14,4,14,4,13,4,13,4,12,5,12,5,11,5,11,6,10,6,10,6,9,6,9,7,9,7,9,7,9,7,10,7,9,7,10,6,10,6,10,5,9,4,9,4,9,3,9,3,9,0,0,0,0,0,0,0,0,0,0,0,0,0,0,0,0,0,0,0,0,0,0,5,10,5,10,4,11,3,12,3,13,2,13,2,14,1,14,1,14,0,14,0,14,0,14,0,13,0,13,0,13,1,13,2,13,2,13,2,13,3,14,3,14,3,14,4,14,4,14,4,15,4,14]
[1;31mE (377133) wifi:channel=0 is invalid[0m

csi_data,[0,0,-16,-1,-15,-1,-15,-1,-15,-1,-14,0,-14,0,-13,1,-13,1,-13,1,-13,2,-13,3,-12,3,-12,3,-12,3,-12,4,-12,3,-13,3,-12,3,-12,3,-12,3,-12,2,-12,1,-11,1,-11,1,-10,0,-10,-1,0,0,0,0,0,0,0,0,0,0,0,0,0,0,0,0,0,0,0,0,0,0,-11,1,-12,1,-12,0,-13,-1,-13,-2,-14,-2,-14,-3,-14,-3,-14,-4,-14,-4,-14,-5,-14,-4,-13,-4,-14,-4,-13,-4,-14,-4,-14,-3,-14,-3,-14,-3,-14,-2,-15,-2,-15,-2,-15,-1,-15,-1,-16,-1,-16,-1]
[1;31mE (378133) wifi:channel=0 is invalid[0m

csi_data,[0,0,14,1,14,1,13,1,14,1,13,0,13,0,12,0,12,-1,12,-1,12,-2,12,-2,11,-3,11,-3,11,-3,12,-3,11,-3,12,-3,11,-3,11,-3,11,-2,11,-2,11,-1,10,-1,10,-1,9,0,9,1,0,0,0,0,0,0,0,0,0,0,0,0,0,0,0,0,0,0,0,0,0,0,11,-1,11,-1,12,0,11,0,13,1,12,2,13,3,13,3,13,4,12,4,13,5,12,4,12,4,12,4,12,4,12,3,12,3,13,2,13,2,13,2,14,2,14,1,14,2,15,1,14,1,15,1]
[1;31mE (379133) wifi:channel=0 is invalid[0m

csi_data,[0,0,-11,-11,-11,-11,-11,-11,-11,-10,-11,-10,-11,-9,-11,-9,-11,-8,-11,-8,-12,-7,-11,-7,-11,-6,-11,-5,-12,-6,-12,-6,-12,-5,-12,-6,-12,-6,-12,-6,-11,-7,-11,-7,-10,-7,-9,-7,-9,-7,-8,-7,-7,-7,0,0,0,0,0,0,0,0,0,0,0,0,0,0,0,0,0,0,0,0,0,0,-10,-6,-9,-7,-9,-8,-9,-9,-9,-10,-9,-10,-9,-11,-9,-12,-9,-12,-8,-12,-8,-12,-8,-12,-8,-12,-8,-12,-8,-11,-8,-12,-9,-11,-9,-11,-9,-11,-10,-11,-10,-11,-11,-11,-11,-11,-12,-11,-12,-11,-12,-11]
[1;31mE (380133) wifi:channel=0 is invalid[0m

csi_data,[0,0,-14,4,-15,4,-14,4,-14,4,-13,4,-13,5,-13,5,-12,5,-12,5,-11,6,-11,6,-10,6,-10,7,-10,7,-11,7,-10,7,-11,7,-10,7,-10,6,-11,6,-11,6,-11,5,-11,4,-10,4,-10,3,-10,2,0,0,0,0,0,0,0,0,0,0,0,0,0,0,0,0,0,0,0,0,0,0,-10,4,-11,4,-12,3,-12,3,-13,3,-13,2,-14,1,-14,1,-14,0,-14,0,-14,0,-14,0,-14,0,-14,0,-13,1,-14,1,-13,1,-13,2,-13,2,-14,2,-14,3,-14,3,-15,4,-14,4,-15,4,-15,4]
[1;31mE (381133) wifi:channel=0 is invalid[0m

csi_data,[0,0,-10,11,-10,11,-9,11,-9,11,-8,10,-8,11,-7,10,-6,11,-6,10,-5,10,-5,10,-5,11,-5,11,-4,11,-4,12,-4,11,-4,12,-4,11,-5,11,-5,11,-5,11,-5,11,-6,10,-6,10,-7,9,-6,7,0,0,0,0,0,0,0,0,0,0,0,0,0,0,0,0,0,0,0,0,0,0,-7,10,-7,9,-8,10,-8,9,-10,9,-10,9,-11,9,-11,8,-11,8,-12,8,-12,7,-12,7,-12,7,-12,7,-11,7,-11,8,-10,8,-10,9,-9,8,-10,9,-10,10,-9,10,-10,10,-10,10,-10,11,-10,11]
[1;31mE (382133) wifi:channel=0 is invalid[0m

csi_data,[0,0,13,-7,12,-7,12,-7,12,-7,12,-7,11,-7,11,-7,11,-8,10,-8,9,-8,9,-8,9,-9,9,-9,9,-9,8,-9,9,-9,9,-9,9,-9,9,-9,9,-8,10,-8,9,-7,9,-6,9,-6,9,-5,9,-4,0,0,0,0,0,0,0,0,0,0,0,0,0,0,0,0,0,0,0,0,0,0,8,-6,9,-6,9,-5,10,-5,11,-5,11,-4,12,-4,12,-3,12,-3,12,-3,12,-3,12,-2,12,-2,12,-3,12,-3,12,-3,12,-4,11,-4,12,-5,12,-5,12,-5,12,-6,12,-6,13,-7,13,-7,13,-6]
[1;31mE (383133) wifi:channel=0 is invalid[0m

csi_data,[0,0,-11,10,-11,10,-11,10,-10,10,-10,10,-9,10,-8,10,-8,10,-7,9,-8,10,-8,10,-7,10,-6,10,-6,11,-6,11,-6,11,-7,12,-7,11,-7,11,-7,10,-7,10,-8,9,-8,9,-9,8,-8,7,-8,6,0,0,0,0,0,0,0,0,0,0,0,0,0,0,0,0,0,0,0,0,0,0,-8,8,-8,8,-10,8,-10,7,-11,7,-12,7,-13,7,-12,7,-12,6,-13,6,-13,5,-13,5,-12,5,-12,5,-11,6,-12,6,-11,6,-11,7,-11,7,-11,8,-11,9,-11,9,-11,9,-12,9,-11,10,-11,9]
[1;31mE (384133) wifi:channel=0 is invalid[0m

csi_data,[0,0,-2,-15,-2,-15,-2,-15,-2,-15,-2,-14,-2,-14,-3,-13,-3,-13,-4,-13,-4,-12,-5,-12,-5,-12,-6,-12,-6,-12,-6,-12,-6,-12,-5,-12,-5,-12,-5,-13,-5,-12,-4,-12,-3,-12,-3,-12,-2,-12,-2,-11,-1,-12,0,0,0,0,0,0,0,0,0,0,0,0,0,0,0,0,0,0,0,0,0,0,-3,-11,-2,-12,-1,-12,-1,-13,0,-13,0,-13,1,-14,1,-14,2,-14,2,-14,2,-13,2,-13,2,-13,2,-13,2,-13,1,-13,1,-13,0,-13,0,-13,0,-14,-1,-14,-1,-15,-2,-15,-2,-15,-2,-15,-2,-16]
[1;31mE (385133) wifi:channel=0 is invalid[0m

csi_data,[0,0,-15,-3,-15,-3,-15,-3,-15,-3,-14,-3,-14,-2,-14,-2,-14,-1,-14,-1,-14,0,-14,0,-14,0,-13,1,-13,1,-14,1,-14,1,-14,1,-14,1,-14,1,-14,0,-14,-1,-13,-1,-13,-2,-12,-3,-12,-3,-12,-4,0,0,0,0,0,0,0,0,0,0,0,0,0,0,0,0,0,0,0,0,0,0,-12,-2,-12,-3,-13,-3,-12,-4,-13,-5,-13,-6,-13,-6,-13,-7,-13,-7,-12,-8,-12,-8,-12,-8,-12,-7,-12,-7,-11,-6,-12,-6,-12,-6,-13,-5,-13,-5,-13,-5,-14,-4,-14,-4,-15,-4,-15,-4,-15,-3,-15,-4]
[1;31mE (386133) wifi:channel=0 is invalid[0m

csi_data,[0,0,9,12,9,11,9,11,9,11,9,10,8,10,9,9,9,9,9,8,9,8,10,7,10,7,9,7,10,7,10,6,11,6,10,7,10,7,10,8,9,8,9,8,8,8,8,8,7,8,6,8,5,9,0,0,0,0,0,0,0,0,0,0,0,0,0,0,0,0,0,0,0,0,0,0,7,7,7,8,7,8,7,9,6,9,6,11,6,11,6,11,6,12,4,12,5,12,5,12,5,12,5,12,5,11,6,11,6,11,7,11,6,11,7,11,7,11,8,11,8,12,8,11,9,12,9,12]
[1;31mE (387133) wifi:channel=0 is invalid[0m

csi_data,[0,0,5,14,5,14,5,14,5,14,6,14,6,13,6,13,6,13,7,12,8,12,9,12,9,11,10,12,10,12,11,12,11,12,11,13,12,14,11,14,10,15,10,15,9,15,9,15,8,15,7,15,6,15,0,0,0,0,0,0,0,0,0,0,0,0,0,0,0,0,0,0,0,0,0,0,3,4,3,5,3,5,2,5,2,6,2,7,2,8,1,8,1,8,1,8,1,9,0,9,0,9,1,9,1,10,1,9,2,10,2,10,2,11,3,11,3,11,3,12,4,13,4,13,5,13,5,13]
[1;31mE (388133) wifi:channel=0 is invalid[0m

csi_data,[0,0,-15,-2,-15,-1,-15,-2,-14,-1,-14,-1,-14,-1,-13,0,-13,0,-13,1,-13,1,-12,2,-12,2,-12,2,-13,3,-13,3,-13,3,-13,3,-13,3,-13,2,-13,2,-13,1,-13,1,-13,0,-12,0,-12,-1,-11,-1,0,0,0,0,0,0,0,0,0,0,0,0,0,0,0,0,0,0,0,0,0,0,-12,0,-12,-1,-12,-2,-12,-2,-13,-3,-13,-4,-13,-4,-13,-4,-13,-5,-13,-5,-13,-6,-13,-5,-12,-5,-12,-5,-12,-5,-13,-4,-12,-4,-13,-3,-13,-4,-14,-3,-14,-3,-15,-2,-15,-2,-15,-2,-15,-2,-15,-2]
[1;31mE (389133) wifi:channel=0 is invalid[0m

csi_data,[0,0,-5,13,-5,13,-5,12,-4,12,-4,12,-3,12,-3,11,-3,11,-2,11,-1,10,-1,11,-1,10,-1,10,0,10,0,11,0,11,0,11,0,10,-1,11,-1,11,-2,10,-2,10,-2,9,-3,9,-3,8,-4,8,0,0,0,0,0,0,0,0,0,0,0,0,0,0,0,0,0,0,0,0,0,0,-3,13,-4,13,-5,13,-6,13,-7,13,-7,13,-8,13,-8,12,-9,12,-9,12,-9,12,-9,12,-9,12,-8,12,-8,11,-8,12,-7,11,-7,12,-6,12,-6,12,-6,13,-6,13,-5,13,-5,13,-5,13,-5,14]
[1;31mE (390133) wifi:channel=0 is invalid[0m

csi_data,[0,0,6,12,7,11,6,11,7,11,7,11,6,10,6,10,6,9,7,9,7,8,8,8,8,7,8,7,8,7,8,7,9,7,8,8,9,8,8,8,8,8,7,8,6,9,6,8,5,9,5,9,4,9,0,0,0,0,0,0,0,0,0,0,0,0,0,0,0,0,0,0,0,0,0,0,7,9,7,10,6,10,5,11,5,11,5,12,4,13,4,13,3,13,3,13,3,13,3,13,3,12,3,12,3,12,3,12,4,12,4,11,5,12,5,12,5,12,6,12,6,12,6,12,7,12,7,12]
[1;31mE (391133) wifi:channel=0 is invalid[0m

csi_data,[0,0,-15,1,-14,1,-14,1,-13,1,-13,1,-13,2,-12,2,-12,3,-12,3,-11,3,-11,4,-11,4,-11,5,-11,5,-11,5,-11,5,-11,5,-11,5,-11,4,-11,4,-11,3,-11,3,-11,2,-10,2,-10,1,-10,0,0,0,0,0,0,0,0,0,0,0,0,0,0,0,0,0,0,0,0,0,0,0,-13,1,-13,0,-13,-1,-14,-1,-14,-2,-15,-2,-15,-3,-14,-4,-15,-4,-14,-4,-14,-4,-14,-4,-14,-4,-13,-4,-13,-3,-13,-3,-13,-3,-14,-2,-14,-1,-14,-1,-14,-1,-14,-1,-15,0,-15,1,-15,1,-15,0]
[1;31mE (392133) wifi:channel=0 is invalid[0m

csi_data,[0,0,-1,-15,-2,-15,-1,-15,-2,-14,-2,-14,-2,-13,-2,-13,-3,-12,-3,-12,-4,-12,-4,-12,-4,-11,-5,-11,-5,-12,-5,-11,-5,-12,-5,-11,-5,-12,-5,-12,-5,-12,-4,-12,-3,-12,-3,-11,-2,-11,-2,-11,-1,-10,0,0,0,0,0,0,0,0,0,0,0,0,0,0,0,0,0,0,0,0,0,0,-3,-12,-2,-13,-1,-13,-1,-14,0,-14,0,-15,1,-15,2,-15,2,-15,3,-14,3,-14,3,-14,3,-14,2,-14,2,-14,2,-14,1,-14,1,-14,0,-14,0,-14,0,-14,-1,-15,-1,-14,-1,-15,-1,-15,-1,-15]
[1;31mE (393133) wifi:channel=0 is invalid[0m

csi_data,[0,0,-6,-14,-6,-14,-6,-14,-6,-14,-6,-13,-6,-12,-7,-12,-7,-12,-7,-11,-7,-11,-7,-11,-8,-10,-8,-10,-8,-10,-9,-10,-9,-10,-9,-11,-9,-10,-9,-10,-8,-10,-8,-11,-7,-11,-6,-11,-6,-10,-5,-11,-4,-11,0,0,0,0,0,0,0,0,0,0,0,0,0,0,0,0,0,0,0,0,0,0,-6,-11,-5,-11,-5,-12,-4,-13,-4,-14,-3,-14,-3,-14,-3,-15,-2,-15,-1,-14,-1,-15,-1,-15,-1,-14,-1,-14,-2,-13,-2,-14,-2,-13,-3,-14,-3,-14,-4,-13,-5,-14,-5,-14,-5,-14,-5,-15,-5,-15,-5,-14]
[1;31mE (394133) wifi:channel=0 is invalid[0m

csi_data,[0,0,14,-2,13,-3,13,-3,12,-3,12,-3,12,-3,11,-4,11,-4,10,-4,10,-5,10,-5,10,-5,10,-6,10,-6,9,-6,10,-6,10,-6,10,-6,10,-6,10,-5,10,-5,10,-4,10,-4,10,-3,9,-3,10,-2,0,0,0,0,0,0,0,0,0,0,0,0,0,0,0,0,0,0,0,0,0,0,12,-3,13,-3,13,-2,14,-1,13,-1,14,0,14,1,14,1,14,2,14,2,14,2,13,3,14,2,13,2,13,1,13,1,12,1,13,0,13,-1,13,-1,13,-1,14,-2,14,-2,14,-2,14,-2,14,-2]
[1;31mE (395133) wifi:channel=0 is invalid[0m

csi_data,[0,0,-10,-10,-10,-10,-9,-10,-9,-9,-9,-9,-9,-8,-9,-8,-9,-8,-9,-7,-9,-7,-10,-6,-9,-6,-10,-6,-10,-6,-10,-6,-10,-6,-10,-6,-10,-6,-10,-6,-9,-7,-9,-7,-9,-7,-8,-7,-8,-7,-7,-7,-7,-7,0,0,0,0,0,0,0,0,0,0,0,0,0,0,0,0,0,0,0,0,0,0,-10,-12,-10,-12,-9,-13,-9,-14,-8,-14,-8,-15,-8,-15,-7,-15,-7,-15,-6,-15,-7,-14,-7,-14,-6,-14,-7,-13,-7,-13,-7,-13,-8,-12,-8,-12,-8,-11,-8,-11,-9,-11,-9,-11,-9,-11,-10,-10,-10,-10,-11,-10]
[1;31mE (396133) wifi:channel=0 is invalid[0m

csi_data,[0,0,-11,-11,-11,-10,-11,-10,-11,-10,-11,-10,-11,-10,-11,-9,-11,-9,-11,-8,-11,-7,-12,-7,-12,-7,-12,-7,-12,-7,-13,-6,-13,-6,-13,-6,-13,-6,-13,-7,-13,-7,-13,-7,-12,-8,-11,-8,-11,-8,-11,-9,-11,-9,0,0,0,0,0,0,0,0,0,0,0,0,0,0,0,0,0,0,0,0,0,0,-10,-8,-10,-8,-10,-9,-10,-9,-10,-10,-9,-11,-9,-11,-8,-12,-8,-12,-7,-12,-7,-12,-7,-12,-7,-12,-7,-11,-7,-11,-8,-11,-8,-11,-9,-11,-9,-11,-9,-11,-9,-11,-10,-11,-10,-10,-10,-10,-10,-11,-10,-11]
[1;31mE (397133) wifi:channel=0 is invalid[0m

csi_data,[0,0,-4,14,-4,13,-4,13,-3,13,-3,13,-3,12,-2,12,-2,12,-1,12,-1,11,0,11,0,12,0,12,1,12,1,12,1,12,1,13,1,13,2,13,1,13,1,13,0,12,0,12,-1,12,-1,12,-1,12,0,0,0,0,0,0,0,0,0,0,0,0,0,0,0,0,0,0,0,0,0,0,-2,12,-3,12,-3,13,-4,13,-5,13,-6,13,-6,13,-7,12,-7,12,-7,12,-7,11,-7,11,-7,11,-7,11,-6,11,-6,11,-6,11,-5,11,-5,12,-5,12,-5,12,-4,12,-4,12,-4,13,-4,14,-4,14]
[1;31mE (398133) wifi:channel=0 is invalid[0m

csi_data,[0,0,10,9,10,8,10,8,10,8,10,8,9,7,9,7,9,6,10,6,10,6,10,5,10,5,11,5,11,4,12,4,12,4,12,4,12,4,12,4,12,5,12,5,11,5,11,5,10,6,10,6,10,6,0,0,0,0,0,0,0,0,0,0,0,0,0,0,0,0,0,0,0,0,0,0,10,7,10,8,10,8,10,9,10,10,9,10,9,11,8,11,8,11,7,11,7,11,7,11,7,11,7,11,7,10,7,9,8,9,8,9,8,9,8,9,9,8,9,8,10,9,10,9,10,9,10,9]
[1;31mE (399133) wifi:channel=0 is invalid[0m

csi_data,[0,0,13,-7,13,-7,13,-7,12,-7,12,-7,12,-7,11,-7,11,-7,10,-7,10,-8,10,-9,9,-9,9,-9,9,-10,9,-10,9,-10,9,-10,10,-10,10,-10,10,-10,10,-9,10,-9,10,-8,10,-8,10,-7,10,-7,0,0,0,0,0,0,0,0,0,0,0,0,0,0,0,0,0,0,0,0,0,0,8,-7,9,-7,10,-7,10,-6,11,-6,12,-5,12,-4,12,-4,13,-4,13,-4,12,-3,12,-3,12,-3,12,-3,12,-3,12,-3,11,-4,12,-4,12,-4,12,-5,12,-5,12,-6,12,-6,12,-7,13,-7,13,-7]
[1;31mE (400133) wifi:channel=0 is invalid[0m

csi_data,[0,0,-13,7,-13,7,-13,7,-12,7,-12,8,-12,8,-11,8,-11,8,-10,8,-9,9,-9,9,-8,10,-9,10,-9,11,-8,10,-9,11,-9,11,-9,11,-9,11,-10,10,-10,10,-10,10,-10,9,-10,9,-10,9,-11,8,0,0,0,0,0,0,0,0,0,0,0,0,0,0,0,0,0,0,0,0,0,0,-6,7,-7,7,-8,7,-9,7,-9,6,-10,6,-11,5,-11,5,-11,5,-11,4,-12,4,-11,4,-11,4,-12,4,-11,4,-11,4,-11,4,-11,4,-12,5,-11,6,-11,6,-12,6,-12,7,-12,7,-12,7,-12,7]
[1;31mE (401133) wifi:channel=0 is invalid[0m

csi_data,[0,0,6,12,7,11,6,11,7,12,7,11,8,11,8,11,8,11,9,10,9,10,10,9,10,9,11,9,11,9,13,9,13,9,13,9,13,10,13,10,13,11,12,11,12,11,12,11,11,11,10,12,9,11,0,0,0,0,0,0,0,0,0,0,0,0,0,0,0,0,0,0,0,0,0,0,5,2,5,3,5,3,4,4,4,4,4,5,4,6,4,6,4,6,3,7,3,7,3,7,3,7,3,7,2,8,3,8,3,8,4,8,4,8,5,9,4,9,5,10,6,10,6,10,7,11,7,11]
[1;31mE (402133) wifi:channel=0 is invalid[0m

csi_data,[0,0,-14,4,-14,5,-14,5,-14,5,-14,6,-13,6,-13,6,-12,7,-12,7,-11,7,-11,8,-11,8,-10,9,-11,10,-11,9,-11,10,-11,10,-11,11,-12,11,-12,10,-12,10,-12,9,-12,9,-13,8,-12,7,-13,6,0,0,0,0,0,0,0,0,0,0,0,0,0,0,0,0,0,0,0,0,0,0,-7,5,-8,4,-8,4,-9,4,-9,3,-10,3,-10,2,-11,2,-11,1,-12,1,-12,1,-11,0,-12,0,-12,0,-12,1,-12,1,-12,1,-11,2,-12,3,-13,3,-12,3,-13,3,-13,4,-14,4,-14,5,-14,4]
[1;31mE (403133) wifi:channel=0 is invalid[0m

csi_data,[0,0,14,-1,13,-1,13,-2,13,-2,13,-2,12,-3,12,-3,12,-3,12,-4,12,-4,11,-5,11,-6,11,-6,11,-7,12,-7,12,-7,12,-7,13,-7,13,-7,13,-7,14,-7,14,-6,13,-6,13,-5,13,-4,13,-4,0,0,0,0,0,0,0,0,0,0,0,0,0,0,0,0,0,0,0,0,0,0,10,-4,10,-3,11,-2,11,-2,12,-1,12,0,12,0,12,1,12,1,12,1,12,2,11,2,11,2,11,1,11,1,11,1,11,1,11,0,11,0,11,0,12,-1,12,-1,13,-1,13,-1,13,-1,14,-1]
[1;31mE (404133) wifi:channel=0 is invalid[0m

csi_data,[0,0,-6,13,-6,13,-6,13,-6,13,-5,13,-5,13,-5,14,-4,14,-3,13,-3,14,-2,14,-2,14,-1,15,0,15,0,16,0,16,0,17,0,17,0,18,-1,18,-1,18,-2,18,-2,17,-3,17,-3,17,-4,16,0,0,0,0,0,0,0,0,0,0,0,0,0,0,0,0,0,0,0,0,0,0,0,8,0,8,-1,9,-2,9,-3,9,-3,9,-4,9,-4,9,-5,8,-6,8,-6,8,-6,8,-6,8,-6,8,-6,8,-6,8,-6,8,-6,9,-6,9,-6,10,-6,10,-6,11,-6,11,-6,12,-6,12,-6,12]
[1;31mE (405133) wifi:channel=0 is invalid[0m

csi_data,[0,0,-10,8,-11,8,-11,8,-11,8,-11,8,-10,8,-10,9,-10,10,-9,10,-9,11,-8,11,-8,11,-8,12,-8,13,-8,14,-8,14,-8,15,-8,15,-9,15,-9,15,-10,15,-10,14,-10,14,-11,14,-11,13,-11,12,0,0,0,0,0,0,0,0,0,0,0,0,0,0,0,0,0,0,0,0,0,0,-1,5,-2,5,-2,5,-3,6,-4,5,-4,5,-5,5,-5,5,-6,5,-6,4,-6,4,-7,3,-7,3,-7,4,-7,4,-7,4,-7,4,-8,4,-8,5,-8,5,-9,5,-9,6,-9,6,-10,7,-10,7,-10,7]
[1;31mE (406133) wifi:channel=0 is invalid[0m

csi_data,[0,0,-6,14,-6,14,-6,14,-6,14,-5,14,-5,14,-5,15,-4,15,-3,15,-2,16,-2,16,-1,16,-1,16,0,17,0,18,1,18,1,19,1,19,1,19,0,19,0,19,-1,19,-2,19,-2,19,-3,19,-3,18,0,0,0,0,0,0,0,0,0,0,0,0,0,0,0,0,0,0,0,0,0,0,2,6,1,6,1,6,0,7,-1,7,-1,7,-2,7,-2,7,-3,7,-4,7,-4,7,-4,7,-5,7,-5,7,-5,7,-5,8,-5,8,-5,8,-5,9,-5,9,-5,10,-5,10,-5,11,-5,11,-6,12,-6,12]
[1;31mE (407133) wifi:channel=0 is invalid[0m

csi_data,[0,0,8,-13,7,-14,7,-14,7,-14,7,-14,6,-14,6,-14,5,-15,5,-15,4,-15,3,-15,3,-15,3,-16,2,-17,2,-17,2,-17,3,-18,3,-18,3,-19,4,-19,4,-18,5,-18,6,-17,6,-17,7,-16,7,-16,0,0,0,0,0,0,0,0,0,0,0,0,0,0,0,0,0,0,0,0,0,0,0,-6,1,-7,1,-7,2,-7,2,-8,3,-8,4,-8,4,-8,5,-8,6,-8,6,-8,6,-8,6,-8,6,-8,6,-8,6,-8,6,-8,6,-9,6,-9,6,-10,6,-11,6,-11,7,-12,7,-12,7,-13,7,-13]
[1;31mE (408133) wifi:channel=0 is invalid[0m

csi_data,[0,0,-16,1,-16,0,-16,1,-15,0,-15,1,-15,1,-14,2,-14,2,-14,2,-14,3,-14,4,-13,4,-13,5,-14,5,-14,5,-14,5,-14,6,-14,5,-15,5,-14,4,-15,4,-15,3,-14,3,-14,2,-14,1,-14,1,0,0,0,0,0,0,0,0,0,0,0,0,0,0,0,0,0,0,0,0,0,0,-9,2,-10,1,-10,1,-11,0,-12,0,-12,-1,-12,-2,-12,-2,-12,-3,-13,-3,-12,-3,-12,-3,-12,-3,-12,-3,-13,-3,-13,-3,-13,-2,-13,-2,-13,-2,-13,-1,-14,-1,-15,0,-15,0,-15,0,-15,0,-16,0]
[1;31mE (409133) wifi:channel=0 is invalid[0m

csi_data,[0,0,14,7,13,6,13,7,13,6,13,6,13,5,13,5,13,4,13,4,13,3,14,3,13,2,14,2,15,1,14,2,15,2,14,2,15,2,15,2,15,3,15,3,14,4,13,4,13,5,12,5,12,6,0,0,0,0,0,0,0,0,0,0,0,0,0,0,0,0,0,0,0,0,0,0,8,2,8,2,8,3,8,4,8,5,9,6,9,6,8,7,8,7,8,7,8,8,8,8,8,8,8,7,8,7,8,7,9,7,9,7,10,7,10,6,11,6,12,6,12,6,12,6,13,7,13,7]
