[0;32mI (107) esp_image: segment 1: paddr=00029c18 vaddr=3fc99b00 sizeESP-ROM:esp32s3-20210327[0m
Build:Mar 27 2021
rst:0x15 (USB_UART_CHIP_RESET),boot:0x8 (SPI_FAST_FLASH_BOOT)
Saved PC:0x4037ac12
SPIWP:0xee
mode:DIO, clock div:1
load:0x3fce2810,len:0x15a0
load:0x403c8700,len:0x4
load:0x403c8704,len:0xd20
load:0x403cb700,len:0x2ee4
entry 0x403c8928
[0;32mI (26) boot: ESP-IDF v5.4-dirty 2nd stage bootloader[0m
[0;32mI (27) boot: compile time Sep 10 2025 06:38:52[0m
[0;32mI (27) boot: Multicore bootloader[0m
[0;32mI (27) boot: chip revision: v0.2[0m
[0;32mI (30) boot: efuse block revision: v1.3[0m
[0;32mI (34) boot.esp32s3: Boot SPI Speed : 80MHz[0m
[0;32mI (37) boot.esp32s3: SPI Mode       : DIO[0m
[0;32mI (41) boot.esp32s3: SPI Flash Size : 2MB[0m
[0;32mI (45) boot: Enabling RNG early entropy source...[0m
[0;32mI (49) boot: Partition Table:[0m
[0;32mI (52) boot: ## Label            Usage          Type ST Offset   Length[0m
[0;32mI (58) boot:  0 nvs              WiFi data        01 02 00009000 00006000[0m
[0;32mI (65) boot:  1 phy_init         RF data          01 01 0000f000 00001000[0m
[0;32mI (71) boot:  2 factory          factory app      00 00 00010000 00100000[0m
[0;32mI (78) boot: End of partition table[0m
[0;32mI (81) esp_image: segment 0: paddr=00010020 vaddr=3c090020 size=19bf0h (105456) map[0m
[0;32mI (107) esp_image: segment 1: paddr=00029c18 vaddr=3fc99b00 size=04988h ( 18824) load[0m
[0;32mI (111) esp_image: segment 2: paddr=0002e5a8 vaddr=40374000 size=01a70h (  6768) load[0m
[0;32mI (113) esp_image: segment 3: paddr=00030020 vaddr=42000020 size=84a10h (543248) map[0m
[0;32mI (214) esp_image: segment 4: paddr=000b4a38 vaddr=40375a70 size=13fbch ( 81852) load[0m
[0;32mI (233) esp_image: segment 5: paddr=000c89fc vaddr=600fe100 size=0001ch (    28) load[0m
[0;32mI (241) boot: Loaded app from partition at offset 0x10000[0m
[0;32mI (241) boot: Disabling RNG early entropy source...[0m
[0;32mI (252) cpu_start: Multicore app[0m
[0;32mI (261) cpu_start: Pro cpu start user code[0m
[0;32mI (261) cpu_start: cpu freq: 160000000 Hz[0m
[0;32mI (261) app_init: Application information:[0m
[0;32mI (261) app_init: Project name:     initiator[0m
[0;32mI (265) app_init: App version:      207a5d4-dirty[0m
[0;32mI (270) app_init: Compile time:     Sep 10 2025 04:47:01[0m
[0;32mI (275) app_init: ELF file SHA256:  b9fa42bb0...[0m
[0;32mI (279) app_init: ESP-IDF:          v5.4-dirty[0m
[0;32mI (283) efuse_init: Min chip rev:     v0.0[0m
[0;32mI (287) efuse_init: Max chip rev:     v0.99 [0m
[0;32mI (291) efuse_init: Chip rev:         v0.2[0m
[0;32mI (295) heap_init: Initializing. RAM available for dynamic allocation:[0m
[0;32mI (301) heap_init: At 3FCA20F0 len 00047620 (285 KiB): RAM[0m
[0;32mI (306) heap_init: At 3FCE9710 len 00005724 (21 KiB): RAM[0m
[0;32mI (311) heap_init: At 3FCF0000 len 00008000 (32 KiB): DRAM[0m
[0;32mI (317) heap_init: At 600FE11C len 00001ECC (7 KiB): RTCRAM[0m
[0;32mI (323) spi_flash: detected chip: gd[0m
[0;32mI (325) spi_flash: flash io: dio[0m
[0;33mW (328) spi_flash: Detected size(8192k) larger than the size in the binary image header(2048k). Using the size in the binary image header.[0m
[0;32mI (341) sleep_gpio: Configure to isolate all GPIO pins in sleep state[0m
[0;32mI (347) sleep_gpio: Enable automatic switching of GPIO sleep configuration[0m
[0;32mI (354) main_task: Started on CPU0[0m
[0;32mI (364) main_task: Calling app_main()[0m
[0;32mI (384) pp: pp rom version: e7ae62f[0m
[0;32mI (384) net80211: net80211 rom version: e7ae62f[0m
[0;32mI (404) wifi_init: rx ba win: 6[0m
[0;32mI (404) wifi_init: accept mbox: 6[0m
[0;32mI (404) wifi_init: tcpip mbox: 32[0m
[0;32mI (404) wifi_init: udp mbox: 6[0m
[0;32mI (404) wifi_init: tcp mbox: 6[0m
[0;32mI (404) wifi_init: tcp tx win: 5760[0m
[0;32mI (404) wifi_init: tcp rx win: 5760[0m
[0;32mI (404) wifi_init: tcp mss: 1440[0m
[0;32mI (404) wifi_init: WiFi IRAM OP enabled[0m
[0;32mI (404) wifi_init: WiFi RX IRAM OP enabled[0m
[0;32mI (474) phy_init: phy_version 680,a6008b2,Jun  4 2024,16:41:10[0m
[0;32mI (1014) TAG: STA connected to 24:ec:4a:03:56:41, ch=11 (sec=0)[0m
[0;32mI (1034) TAG: Ready (multi-anchor): FTM burst + CSI 1Hz, UART=921600.[0m
[0;32mI (1034) main_task: Returned from app_main()[0m
[0;33mW (7094) TAG: Assoc to A1 timeout, skip.[0m
[0;33mW (14964) TAG: Assoc to A2 timeout, skip.[0m
[0;32mI (16874) TAG: STA connected to 24:ec:4a:03:56:41, ch=11 (sec=0)[0m
csi_data,A3,[0,0,4,14,5,13,4,13,5,13,5,13,5,12,5,12,5,11,6,11,6,11,6,10,7,10,7,10,7,10,7,10,7,11,7,11,7,11,6,11,6,11,5,11,4,11,4,11,3,11,2,10,1,10,0,0,0,0,0,0,0,0,0,0,0,0,0,0,0,0,0,0,0,0,0,0,4,9,4,10,3,10,3,11,3,11,2,12,1,12,1,12,1,13,0,12,0,13,0,12,0,12,1,12,1,12,1,12,2,12,2,12,3,12,3,12,4,13,4,13,4,13,5,13,5,13,5,14]
anchor,A3,24:ec:4a:03:56:41,ch=11
ftm_report,A3,11,11,1.650
csi_data,A3,[0,0,11,-11,10,-11,10,-11,10,-10,10,-11,9,-10,9,-10,8,-10,8,-11,7,-11,7,-11,6,-11,6,-11,6,-12,6,-12,6,-12,6,-11,7,-12,7,-11,8,-11,8,-10,8,-9,8,-9,8,-8,8,-8,8,-7,0,0,0,0,0,0,0,0,0,0,0,0,0,0,0,0,0,0,0,0,0,0,7,-8,8,-9,8,-8,10,-8,10,-8,11,-7,11,-7,11,-7,12,-6,11,-6,12,-6,12,-6,11,-6,11,-6,11,-6,10,-6,11,-7,10,-8,11,-8,10,-8,10,-9,10,-9,10,-10,10,-10,10,-11,11,-11]
[0;33mW (23714) TAG: Assoc to A1 timeout, skip.[0m
[0;33mW (31584) TAG: Assoc to A2 timeout, skip.[0m
csi_data,A3,[0,0,-2,-16,-2,-15,-2,-15,-2,-15,-3,-14,-3,-14,-3,-13,-3,-13,-4,-13,-4,-12,-5,-12,-5,-12,-5,-12,-5,-12,-5,-12,-6,-12,-5,-12,-5,-12,-5,-12,-4,-12,-4,-12,-3,-12,-2,-11,-2,-11,-1,-11,-1,-11,0,0,0,0,0,0,0,0,0,0,0,0,0,0,0,0,0,0,0,0,0,0,-3,-12,-2,-13,-1,-13,-1,-13,0,-14,0,-14,1,-14,2,-14,2,-14,2,-14,2,-14,2,-14,2,-14,2,-13,2,-13,1,-13,1,-14,0,-14,0,-14,-1,-14,-1,-14,-1,-15,-2,-15,-2,-15,-2,-15,-2,-15]
[0;32mI (33524) TAG: STA connected to 24:ec:4a:03:56:41, ch=11 (sec=0)[0m
anchor,A3,24:ec:4a:03:56:41,ch=11
ftm_report,A3,9,9,1.350
csi_data,A3,[0,0,-15,-4,-15,-4,-15,-4,-14,-4,-14,-3,-14,-3,-14,-3,-14,-2,-13,-2,-13,-1,-13,-1,-13,-1,-14,-1,-14,0,-14,0,-14,0,-14,-1,-14,-1,-14,-1,-13,-2,-13,-2,-13,-3,-12,-3,-12,-4,-11,-4,-10,-5,0,0,0,0,0,0,0,0,0,0,0,0,0,0,0,0,0,0,0,0,0,0,-12,-3,-12,-3,-12,-4,-12,-5,-12,-5,-12,-6,-12,-7,-12,-7,-12,-7,-12,-7,-12,-7,-11,-7,-12,-7,-12,-7,-12,-7,-12,-6,-12,-6,-12,-6,-13,-5,-13,-5,-14,-5,-14,-5,-14,-4,-15,-4,-15,-4,-15,-4]
csi_data,A3,[0,0,5,-14,5,-14,5,-14,4,-13,4,-13,4,-13,3,-13,3,-13,3,-13,2,-12,1,-12,1,-12,1,-12,1,-12,1,-12,1,-13,1,-12,1,-13,2,-12,2,-12,3,-12,3,-11,4,-10,4,-9,4,-9,4,-9,0,0,0,0,0,0,0,0,0,0,0,0,0,0,0,0,0,0,0,0,0,0,3,-12,4,-13,5,-12,5,-12,6,-12,7,-12,7,-12,8,-12,8,-12,8,-11,8,-11,8,-11,8,-11,8,-11,7,-11,7,-11,7,-12,6,-12,6,-12,5,-12,5,-13,5,-13,5,-13,4,-14,5,-14,5,-14]
[0;33mW (40354) TAG: Assoc to A1 timeout, skip.[0m
csi_data,A3,[0,0,-9,-13,-9,-13,-8,-13,-8,-13,-8,-12,-8,-12,-8,-11,-8,-11,-9,-11,-9,-10,-9,-10,-10,-9,-10,-9,-10,-9,-10,-9,-10,-10,-10,-10,-10,-10,-9,-10,-9,-10,-8,-10,-7,-10,-7,-10,-6,-10,-5,-10,-4,-10,0,0,0,0,0,0,0,0,0,0,0,0,0,0,0,0,0,0,0,0,0,0,-7,-9,-7,-9,-7,-10,-6,-11,-6,-11,-6,-12,-5,-13,-5,-13,-5,-13,-5,-13,-5,-13,-5,-13,-5,-13,-5,-13,-5,-13,-5,-12,-5,-13,-6,-12,-6,-12,-7,-12,-7,-12,-8,-13,-8,-13,-9,-13,-9,-13,-9,-13]
csi_data,A3,[0,0,0,-16,0,-15,0,-15,0,-15,0,-15,-1,-14,-1,-14,-1,-14,-2,-13,-2,-13,-3,-13,-3,-13,-3,-13,-4,-13,-4,-13,-4,-13,-3,-13,-3,-14,-3,-14,-2,-13,-1,-13,-1,-13,0,-12,0,-12,1,-12,1,-11,0,0,0,0,0,0,0,0,0,0,0,0,0,0,0,0,0,0,0,0,0,0,0,-12,1,-12,1,-12,2,-12,2,-13,3,-13,3,-13,4,-13,4,-13,4,-13,4,-13,5,-13,4,-12,4,-12,4,-12,3,-12,3,-13,2,-13,2,-13,1,-14,1,-14,1,-15,1,-15,0,-15,0,-15,0,-16]
[0;33mW (48224) TAG: Assoc to A2 timeout, skip.[0m
[0;32mI (50124) TAG: STA connected to 24:ec:4a:03:56:41, ch=11 (sec=0)[0m
anchor,A3,24:ec:4a:03:56:41,ch=11
ftm_report,A3,10,10,1.500
csi_data,A3,[0,0,-5,14,-4,14,-4,13,-4,13,-4,13,-3,13,-3,12,-2,12,-2,12,-1,12,-1,12,-1,12,0,12,0,12,0,12,0,12,-1,12,0,12,-1,12,-1,12,-2,12,-2,11,-3,11,-3,10,-4,10,-4,9,0,0,0,0,0,0,0,0,0,0,0,0,0,0,0,0,0,0,0,0,0,0,-3,11,-3,11,-4,11,-5,11,-5,11,-6,12,-7,11,-7,11,-8,11,-8,11,-8,11,-8,11,-8,10,-7,10,-7,11,-7,11,-6,11,-6,11,-5,12,-5,12,-5,12,-5,13,-5,13,-4,14,-4,14,-4,14]
[0;33mW (56954) TAG: Assoc to A1 timeout, skip.[0m
[0;33mW (64824) TAG: Assoc to A2 timeout, skip.[0m
[0;32mI (66724) TAG: STA connected to 24:ec:4a:03:56:41, ch=11 (sec=0)[0m
anchor,A3,24:ec:4a:03:56:41,ch=11
ftm_report,A3,14,14,2.100
csi_data,A3,[0,0,12,-10,11,-10,11,-10,11,-10,10,-10,10,-10,9,-10,8,-10,8,-10,7,-11,7,-11,7,-11,7,-11,7,-11,7,-11,7,-12,7,-11,7,-11,7,-11,7,-11,7,-11,8,-10,8,-9,8,-8,8,-8,8,-7,0,0,0,0,0,0,0,0,0,0,0,0,0,0,0,0,0,0,0,0,0,0,8,-8,9,-8,10,-7,11,-7,11,-7,12,-6,12,-6,12,-6,13,-5,12,-5,12,-5,12,-5,12,-5,12,-5,12,-5,11,-5,12,-6,11,-6,11,-7,11,-8,11,-8,11,-9,11,-9,11,-9,11,-9,12,-10]
[0;33mW (73554) TAG: Assoc to A1 timeout, skip.[0m
[0;32mI (75504) TAG: STA connected to 24:ec:4a:04:39:15, ch=6 (sec=0)[0m
anchor,A2,24:ec:4a:04:39:15,ch=6
ftm_report,A2,17,17,2.550
csi_data,A2,[0,0,-4,-12,-4,-11,-4,-11,-4,-10,-4,-9,-4,-9,-5,-8,-5,-8,-5,-7,-5,-7,-5,-6,-5,-6,-5,-5,-5,-5,-5,-5,-5,-5,-5,-5,-4,-5,-4,-5,-3,-4,-3,-4,-3,-4,-2,-3,-2,-3,-2,-3,-2,-3,0,0,0,0,0,0,0,0,0,0,0,0,0,0,0,0,0,0,0,0,0,0,-2,-20,-1,-20,0,-21,1,-21,2,-21,2,-21,3,-20,4,-20,4,-19,4,-19,4,-18,4,-17,4,-17,3,-16,3,-16,2,-15,1,-15,0,-15,0,-14,-1,-14,-2,-14,-2,-14,-2,-14,-3,-13,-3,-13,-4,-13]
[0;32mI (76394) TAG: STA connected to 24:ec:4a:03:56:41, ch=11 (sec=0)[0m
anchor,A3,24:ec:4a:03:56:41,ch=11
ftm_report,A3,14,14,2.100
csi_data,A3,[0,0,-14,7,-14,7,-14,7,-14,7,-13,7,-13,7,-13,7,-12,7,-12,8,-11,8,-11,8,-11,8,-11,8,-10,8,-10,9,-10,9,-11,9,-11,9,-11,8,-11,8,-11,7,-11,6,-11,6,-11,5,-11,4,-11,3,0,0,0,0,0,0,0,0,0,0,0,0,0,0,0,0,0,0,0,0,0,0,-9,5,-10,4,-10,4,-11,3,-11,4,-12,3,-12,3,-12,2,-13,2,-13,1,-13,1,-13,1,-13,2,-12,2,-12,2,-12,3,-12,4,-12,4,-12,4,-13,5,-13,5,-13,6,-14,7,-14,7,-14,7,-14,7]
[0;33mW (83224) TAG: Assoc to A1 timeout, skip.[0m
[0;32mI (85124) TAG: STA connected to 24:ec:4a:04:39:15, ch=6 (sec=0)[0m
anchor,A2,24:ec:4a:04:39:15,ch=6
ftm_report,A2,9,9,1.350
[0;32mI (85984) TAG: STA connected to 24:ec:4a:03:56:41, ch=11 (sec=0)[0m
csi_data,A3,[0,0,15,-1,14,-1,14,-1,14,-1,14,-1,13,-1,13,-2,13,-2,13,-2,12,-3,12,-3,12,-4,12,-4,12,-4,12,-4,12,-4,12,-4,12,-4,12,-3,12,-3,12,-2,12,-1,12,-1,11,-1,11,0,10,1,0,0,0,0,0,0,0,0,0,0,0,0,0,0,0,0,0,0,0,0,0,0,10,-2,10,-1,10,0,11,0,11,1,12,1,11,2,12,2,12,3,12,3,12,3,11,3,11,3,11,3,11,2,11,2,12,1,12,1,12,0,13,0,13,0,13,-1,14,-1,14,-1,14,-1,15,-1]
anchor,A3,24:ec:4a:03:56:41,ch=11
ftm_report,A3,15,15,2.250
[0;33mW (92804) TAG: Assoc to A1 timeout, skip.[0m
[0;32mI (94704) TAG: STA connected to 24:ec:4a:04:39:15, ch=6 (sec=0)[0m
anchor,A2,24:ec:4a:04:39:15,ch=6
ftm_report,A2,21,21,3.150
csi_data,A2,[0,0,12,-4,12,-5,12,-5,11,-5,11,-6,11,-5,10,-5,9,-6,9,-6,8,-6,8,-7,8,-7,8,-7,8,-7,8,-7,7,-7,8,-7,8,-6,7,-6,7,-6,7,-5,7,-4,6,-4,7,-3,6,-3,6,-2,0,0,0,0,0,0,0,0,0,0,0,0,0,0,0,0,0,0,0,0,0,0,11,-6,12,-5,13,-4,13,-3,14,-3,14,-3,15,-2,15,-1,15,-1,15,0,15,0,14,0,14,0,14,0,14,0,13,-1,13,-1,13,-2,13,-2,13,-3,13,-3,13,-3,13,-4,13,-5,13,-5,13,-4]
[0;32mI (95574) TAG: STA connected to 24:ec:4a:03:56:41, ch=11 (sec=0)[0m
anchor,A3,24:ec:4a:03:56:41,ch=11
ftm_report,A3,13,13,1.950
csi_data,A3,[0,0,14,3,14,2,13,2,13,2,13,2,13,1,13,1,12,0,12,-1,12,-1,12,-1,12,-2,12,-2,12,-2,12,-2,12,-3,13,-2,12,-2,12,-2,12,-2,12,-1,12,0,11,1,11,1,10,2,10,2,0,0,0,0,0,0,0,0,0,0,0,0,0,0,0,0,0,0,0,0,0,0,11,2,11,2,12,3,12,4,12,5,12,5,12,6,12,6,12,6,11,7,11,7,10,7,10,7,10,7,10,6,11,6,11,5,12,5,12,4,12,4,13,3,13,3,13,3,13,3,14,3,14,3]
[0;33mW (102444) TAG: Assoc to A1 timeout, skip.[0m
[0;32mI (104354) TAG: STA connected to 24:ec:4a:04:39:15, ch=6 (sec=0)[0m
anchor,A2,24:ec:4a:04:39:15,ch=6
ftm_report,A2,0,0,-1.000
csi_data,A2,[0,0,9,-12,9,-11,9,-11,9,-11,8,-11,8,-11,8,-10,7,-11,6,-11,6,-11,5,-11,5,-11,5,-11,5,-11,5,-11,4,-11,5,-11,5,-11,5,-11,5,-11,5,-10,6,-10,6,-9,6,-9,6,-8,6,-8,0,0,0,0,0,0,0,0,0,0,0,0,0,0,0,0,0,0,0,0,0,0,5,-10,6,-10,6,-10,7,-10,8,-10,9,-10,9,-10,10,-9,10,-9,10,-9,10,-9,10,-9,10,-8,10,-8,10,-8,9,-9,9,-9,9,-10,9,-10,9,-10,9,-10,9,-11,9,-12,9,-12,9,-12,9,-12]
[0;32mI (105204) TAG: STA connected to 24:ec:4a:03:56:41, ch=11 (sec=0)[0m
anchor,A3,24:ec:4a:03:56:41,ch=11
ftm_report,A3,16,16,2.400
csi_data,A3,[0,0,9,12,9,11,8,11,8,11,9,11,8,10,8,10,8,9,8,9,9,8,9,8,9,7,9,7,10,7,10,8,10,8,9,8,9,8,9,9,8,9,8,9,7,9,7,9,6,9,5,9,4,9,0,0,0,0,0,0,0,0,0,0,0,0,0,0,0,0,0,0,0,0,0,0,7,7,7,7,6,8,6,9,6,9,6,10,5,11,5,11,5,11,5,11,5,11,4,11,5,11,5,11,5,11,5,11,5,11,6,10,6,11,7,11,7,11,8,11,8,11,9,11,9,11,9,11]
csi_data,A3,[0,0,-14,6,-13,6,-13,6,-13,6,-12,6,-12,6,-12,6,-11,7,-11,7,-11,7,-10,8,-10,8,-9,8,-9,8,-9,9,-9,8,-10,8,-10,8,-10,8,-10,7,-11,7,-11,6,-11,6,-10,5,-10,4,-10,3,0,0,0,0,0,0,0,0,0,0,0,0,0,0,0,0,0,0,0,0,0,0,-10,5,-10,5,-11,5,-11,4,-12,4,-12,3,-13,3,-13,2,-13,2,-13,1,-13,1,-13,1,-13,1,-13,2,-12,2,-13,2,-12,3,-12,3,-12,4,-12,4,-13,5,-13,5,-13,6,-13,6,-13,6,-13,6]
csi_data,A3,[0,0,-10,-12,-10,-12,-9,-11,-9,-11,-10,-11,-10,-10,-10,-10,-10,-9,-10,-9,-10,-8,-10,-8,-10,-8,-11,-7,-11,-7,-11,-7,-11,-7,-11,-7,-11,-8,-11,-8,-10,-8,-10,-9,-9,-9,-9,-9,-8,-9,-7,-9,-6,-9,0,0,0,0,0,0,0,0,0,0,0,0,0,0,0,0,0,0,0,0,0,0,-8,-8,-8,-9,-8,-10,-7,-10,-7,-11,-6,-12,-6,-12,-6,-12,-5,-12,-5,-12,-5,-12,-5,-12,-5,-12,-5,-12,-5,-12,-6,-11,-6,-11,-7,-11,-7,-11,-8,-11,-8,-11,-9,-11,-9,-11,-9,-11,-9,-12,-9,-11]
csi_data,A3,[0,0,-10,-11,-10,-11,-9,-10,-10,-10,-10,-10,-10,-9,-10,-9,-10,-8,-10,-7,-10,-7,-11,-7,-11,-6,-11,-6,-11,-6,-12,-6,-12,-6,-12,-6,-12,-6,-12,-7,-11,-7,-11,-8,-11,-8,-10,-8,-9,-9,-9,-9,-8,-9,0,0,0,0,0,0,0,0,0,0,0,0,0,0,0,0,0,0,0,0,0,0,-9,-10,-9,-10,-8,-11,-8,-12,-8,-12,-7,-13,-7,-13,-6,-13,-6,-13,-6,-13,-5,-14,-5,-13,-5,-12,-5,-12,-6,-12,-6,-12,-6,-12,-7,-12,-8,-12,-8,-11,-9,-11,-9,-11,-9,-12,-9,-11,-10,-12,-10,-11]
[0;33mW (112034) TAG: Assoc to A1 timeout, skip.[0m
csi_data,A3,[0,0,-12,8,-12,8,-12,8,-11,8,-11,8,-10,8,-10,8,-9,8,-9,9,-8,9,-8,9,-7,10,-7,10,-7,10,-7,10,-8,11,-8,10,-8,11,-9,10,-9,10,-10,9,-10,8,-10,8,-10,7,-10,6,-10,6,0,0,0,0,0,0,0,0,0,0,0,0,0,0,0,0,0,0,0,0,0,0,-9,7,-10,7,-11,6,-12,6,-12,6,-12,5,-13,5,-13,5,-14,4,-14,4,-13,4,-13,4,-13,4,-13,4,-13,4,-12,4,-13,5,-12,5,-12,6,-12,6,-12,6,-12,7,-12,7,-12,8,-12,8,-12,8]
[0;32mI (113934) TAG: STA connected to 24:ec:4a:04:39:15, ch=6 (sec=0)[0m
csi_data,A2,[0,0,-5,-15,-4,-14,-5,-14,-5,-14,-5,-14,-5,-13,-5,-13,-5,-12,-6,-12,-6,-12,-6,-12,-7,-11,-7,-11,-7,-11,-8,-11,-8,-11,-7,-11,-7,-11,-7,-11,-7,-12,-6,-12,-6,-11,-5,-12,-5,-11,-4,-11,-3,-11,0,0,0,0,0,0,0,0,0,0,0,0,0,0,0,0,0,0,0,0,0,0,-4,-11,-4,-12,-3,-12,-3,-13,-2,-13,-1,-14,-1,-14,-1,-14,0,-14,0,-14,0,-14,1,-14,0,-13,0,-13,-1,-13,-1,-13,-2,-13,-2,-13,-2,-14,-3,-14,-4,-14,-4,-14,-4,-14,-4,-15,-4,-15,-4,-15]
anchor,A2,24:ec:4a:04:39:15,ch=6
ftm_report,A2,10,10,1.500
[0;32mI (114794) TAG: STA connected to 24:ec:4a:03:56:41, ch=11 (sec=0)[0m
csi_data,A3,[0,0,-11,-10,-11,-10,-11,-10,-11,-10,-11,-9,-12,-9,-12,-8,-12,-8,-12,-8,-13,-7,-13,-7,-14,-6,-14,-6,-15,-6,-15,-6,-16,-7,-15,-7,-16,-7,-16,-8,-15,-9,-15,-10,-14,-11,-13,-11,-12,-12,-11,-12,-10,-13,0,0,0,0,0,0,0,0,0,0,0,0,0,0,0,0,0,0,0,0,0,0,-6,-11,-5,-11,-5,-11,-5,-11,-4,-12,-4,-12,-3,-12,-3,-12,-3,-12,-3,-13,-3,-12,-3,-12,-4,-12,-4,-11,-4,-11,-5,-11,-5,-11,-6,-11,-6,-11,-7,-10,-8,-10,-8,-11,-9,-10,-9,-11,-9,-10,-10,-10]
anchor,A3,24:ec:4a:03:56:41,ch=11
ftm_report,A3,12,12,1.800
csi_data,A3,[0,0,3,13,3,13,3,13,4,13,4,13,4,12,5,12,6,12,6,11,7,11,7,11,8,11,8,11,8,11,9,12,9,12,9,13,9,14,8,14,8,14,7,15,6,15,5,15,3,15,3,15,1,15,0,0,0,0,0,0,0,0,0,0,0,0,0,0,0,0,0,0,0,0,0,0,-1,10,-2,11,-2,11,-2,11,-2,11,-3,11,-3,11,-3,11,-4,11,-4,11,-4,11,-4,11,-3,11,-3,10,-2,10,-2,11,-2,11,-1,11,0,11,1,12,1,12,1,12,2,12,2,12,2,13,3,13]
csi_data,A3,[0,0,-14,-8,-14,-7,-14,-7,-14,-7,-15,-7,-14,-6,-14,-6,-14,-5,-14,-5,-14,-4,-15,-3,-15,-3,-16,-3,-17,-3,-17,-3,-17,-3,-17,-4,-18,-4,-17,-5,-17,-6,-17,-7,-16,-8,-15,-8,-15,-9,-14,-9,-13,-10,0,0,0,0,0,0,0,0,0,0,0,0,0,0,0,0,0,0,0,0,0,0,-7,-7,-6,-7,-6,-8,-7,-8,-6,-8,-6,-9,-6,-9,-6,-9,-6,-10,-6,-9,-7,-10,-6,-9,-7,-9,-7,-9,-8,-9,-7,-9,-9,-9,-9,-8,-10,-9,-10,-8,-11,-8,-11,-8,-12,-8,-13,-7,-13,-8,-13,-7]
csi_data,A3,[0,0,12,-11,11,-11,11,-11,10,-10,10,-10,9,-10,9,-10,8,-10,8,-10,7,-11,7,-11,6,-11,6,-11,6,-11,6,-11,6,-12,6,-11,6,-11,7,-11,7,-10,7,-10,7,-9,7,-9,7,-8,7,-8,7,-7,0,0,0,0,0,0,0,0,0,0,0,0,0,0,0,0,0,0,0,0,0,0,6,-8,7,-9,7,-8,8,-8,8,-8,9,-8,10,-8,10,-8,10,-8,11,-7,11,-7,11,-7,11,-7,11,-7,11,-8,11,-8,11,-8,10,-9,11,-9,10,-10,10,-10,10,-10,10,-11,11,-11,11,-11,11,-12]
csi_data,A3,[0,0,-15,0,-15,0,-15,0,-15,0,-14,1,-14,1,-13,2,-13,2,-13,3,-13,3,-13,3,-13,4,-13,4,-13,5,-13,5,-13,5,-14,5,-14,5,-14,5,-14,5,-15,4,-14,3,-15,2,-14,1,-14,0,-13,-1,0,0,0,0,0,0,0,0,0,0,0,0,0,0,0,0,0,0,0,0,0,0,-11,-1,-11,-1,-11,-2,-11,-2,-12,-2,-12,-3,-12,-3,-12,-4,-12,-4,-12,-4,-12,-4,-12,-4,-12,-4,-12,-4,-12,-4,-13,-3,-13,-3,-13,-3,-13,-2,-13,-1,-14,-1,-14,-1,-15,-1,-15,-1,-15,-1,-15,0]
csi_data,A3,[0,0,12,-9,12,-10,11,-9,12,-10,11,-9,10,-9,10,-10,10,-10,9,-10,9,-11,9,-11,8,-11,8,-11,8,-11,9,-12,9,-12,9,-12,9,-12,10,-11,10,-11,11,-10,11,-9,11,-8,11,-8,11,-7,11,-6,0,0,0,0,0,0,0,0,0,0,0,0,0,0,0,0,0,0,0,0,0,0,7,-6,7,-5,8,-5,8,-4,9,-4,9,-4,9,-4,9,-4,10,-4,10,-3,10,-4,10,-4,10,-4,10,-4,9,-5,10,-5,10,-5,10,-6,10,-7,10,-7,10,-8,11,-8,11,-9,11,-9,11,-9,11,-9]
[0;33mW (121624) TAG: Assoc to A1 timeout, skip.[0m
csi_data,A3,[0,0,-5,-16,-5,-16,-5,-16,-5,-16,-6,-15,-6,-15,-6,-15,-7,-14,-7,-14,-7,-14,-8,-14,-8,-14,-9,-14,-9,-14,-9,-14,-9,-15,-9,-15,-9,-15,-9,-16,-8,-16,-7,-17,-6,-16,-5,-17,-4,-16,-3,-16,-2,-16,0,0,0,0,0,0,0,0,0,0,0,0,0,0,0,0,0,0,0,0,0,0,0,-6,-1,-6,-1,-7,-1,-7,-1,-8,-1,-8,-1,-9,-1,-10,-1,-10,0,-10,0,-11,0,-11,0,-11,-1,-11,-1,-11,-1,-12,-1,-12,-2,-12,-2,-13,-3,-13,-3,-13,-4,-14,-4,-14,-4,-15,-4,-15,-5,-15]
csi_data,A3,[0,0,-15,-6,-15,-6,-15,-6,-15,-6,-15,-5,-15,-5,-15,-4,-16,-4,-16,-3,-16,-2,-16,-2,-16,-1,-17,-1,-17,-1,-17,-1,-18,-1,-18,-1,-18,-2,-19,-3,-18,-3,-18,-4,-18,-5,-17,-6,-16,-7,-15,-7,-14,-8,0,0,0,0,0,0,0,0,0,0,0,0,0,0,0,0,0,0,0,0,0,0,-4,-6,-5,-6,-5,-6,-6,-6,-6,-7,-6,-7,-6,-7,-6,-8,-7,-8,-7,-8,-7,-8,-7,-8,-7,-8,-7,-8,-8,-8,-8,-8,-9,-7,-10,-7,-10,-7,-11,-7,-12,-7,-12,-7,-13,-6,-13,-6,-14,-6,-14,-6]
[0;32mI (123534) TAG: STA connected to 24:ec:4a:04:39:15, ch=6 (sec=0)[0m
csi_data,A2,[0,0,6,14,6,13,6,13,6,13,6,12,6,12,6,11,6,11,6,10,7,10,7,10,8,9,8,9,8,9,8,9,8,9,8,10,8,10,8,10,7,10,7,10,6,10,5,10,5,10,4,10,3,10,0,0,0,0,0,0,0,0,0,0,0,0,0,0,0,0,0,0,0,0,0,0,5,9,5,10,4,10,4,11,4,11,3,12,3,13,2,12,2,13,2,13,2,13,1,12,2,12,2,12,2,12,2,12,3,12,3,12,4,12,4,12,5,12,5,12,6,13,6,13,6,13,6,13]
[0;32mI (124554) esp_netif_handlers: sta ip: 192.168.4.2, mask: 255.255.255.0, gw: 192.168.4.1[0m
[1;31mE (124704) wifi:No valid FTM Measurements found out of 5 received measurements![0m
[0;33mW (124804) TAG: FTM to A2 failed (ESP_FAIL), streak=1[0m
[0;32mI (125404) TAG: STA connected to 24:ec:4a:03:56:41, ch=11 (sec=0)[0m
anchor,A3,24:ec:4a:03:56:41,ch=11
ftm_report,A3,22,22,3.300
csi_data,A3,[0,0,-15,-2,-14,-2,-16,-2,-15,-2,-16,-2,-15,-1,-15,0,-16,1,-16,0,-16,2,-17,2,-16,3,-17,3,-18,4,-18,4,-20,4,-19,3,-20,4,-21,2,-21,1,-21,1,-21,0,-20,-2,-20,-3,-19,-4,-18,-5,0,0,0,0,0,0,0,0,0,0,0,0,0,0,0,0,0,0,0,0,0,0,-3,-5,-3,-6,-4,-6,-4,-6,-4,-6,-5,-6,-5,-7,-5,-6,-6,-7,-5,-7,-6,-7,-6,-7,-7,-6,-7,-7,-7,-6,-7,-6,-8,-6,-8,-5,-10,-5,-10,-5,-11,-5,-11,-4,-12,-4,-13,-4,-13,-3,-14,-3]
[0;32mI (126274) TAG: STA connected to 24:ec:4a:03:58:5d, ch=1 (sec=0)[0m
anchor,A1,24:ec:4a:03:58:5d,ch=1
ftm_report,A1,15,15,2.250
csi_data,A1,[0,0,12,-9,12,-10,12,-9,12,-9,11,-9,10,-9,10,-9,10,-9,10,-10,9,-10,9,-10,8,-10,8,-10,8,-10,8,-11,8,-11,8,-10,8,-10,9,-10,9,-9,9,-9,9,-8,9,-7,8,-6,8,-6,8,-4,0,0,0,0,0,0,0,0,0,0,0,0,0,0,0,0,0,0,0,0,0,0,8,-7,9,-6,9,-6,9,-6,10,-6,10,-5,11,-5,11,-5,12,-4,12,-4,12,-4,12,-4,12,-4,11,-5,11,-5,11,-5,11,-5,11,-6,11,-7,11,-7,11,-8,12,-8,12,-9,12,-9,12,-9,12,-9]
[0;32mI (127124) TAG: STA connected to 24:ec:4a:04:39:15, ch=6 (sec=0)[0m
anchor,A2,24:ec:4a:04:39:15,ch=6
ftm_report,A2,0,0,-1.000
csi_data,A2,[0,0,-13,8,-13,7,-13,7,-12,7,-12,7,-11,7,-11,7,-10,7,-10,8,-10,8,-9,8,-9,8,-9,8,-9,9,-9,9,-9,9,-9,9,-9,9,-9,9,-9,8,-10,8,-10,7,-10,7,-10,6,-10,5,-10,5,0,0,0,0,0,0,0,0,0,0,0,0,0,0,0,0,0,0,0,0,0,0,-10,7,-11,6,-11,6,-12,5,-12,5,-13,5,-13,4,-13,4,-14,3,-14,3,-14,3,-14,3,-13,3,-13,3,-13,3,-13,3,-13,4,-12,5,-13,5,-12,6,-12,6,-13,6,-13,7,-13,7,-13,7,-13,7]
[0;32mI (128034) TAG: STA connected to 24:ec:4a:03:56:41, ch=11 (sec=0)[0m
anchor,A3,24:ec:4a:03:56:41,ch=11
ftm_report,A3,19,19,2.850
[0;32mI (128884) TAG: STA connected to 24:ec:4a:03:58:5d, ch=1 (sec=0)[0m
csi_data,A1,[0,0,-15,5,-15,4,-15,5,-15,4,-15,4,-14,5,-14,5,-13,5,-13,5,-12,6,-13,6,-12,6,-12,6,-12,7,-12,7,-12,7,-12,6,-12,6,-13,5,-12,5,-12,4,-12,3,-11,3,-11,2,-10,2,-10,1,0,0,0,0,0,0,0,0,0,0,0,0,0,0,0,0,0,0,0,0,0,0,-10,3,-11,3,-11,2,-12,2,-12,2,-13,1,-13,0,-14,0,-14,0,-13,0,-13,0,-14,0,-13,0,-14,0,-13,0,-13,0,-13,1,-13,2,-14,2,-14,3,-14,3,-15,3,-14,4,-15,4,-16,5,-15,4]
anchor,A1,24:ec:4a:03:58:5d,ch=1
ftm_report,A1,13,13,1.950
[0;32mI (129754) TAG: STA connected to 24:ec:4a:04:39:15, ch=6 (sec=0)[0m
anchor,A2,24:ec:4a:04:39:15,ch=6
ftm_report,A2,0,0,-1.000
csi_data,A2,[0,0,-15,4,-14,3,-15,4,-14,4,-14,4,-13,4,-13,4,-12,4,-12,5,-11,5,-11,6,-11,6,-11,6,-11,7,-11,6,-11,6,-11,6,-11,6,-12,6,-12,5,-12,5,-12,4,-11,4,-11,4,-11,3,-11,2,0,0,0,0,0,0,0,0,0,0,0,0,0,0,0,0,0,0,0,0,0,0,-11,4,-12,4,-12,3,-13,3,-13,2,-14,2,-14,1,-14,1,-14,0,-14,0,-14,0,-14,0,-14,0,-13,0,-13,0,-13,1,-13,1,-13,2,-14,2,-14,2,-14,3,-14,3,-14,4,-14,4,-14,4,-14,4]
[0;32mI (130614) TAG: STA connected to 24:ec:4a:03:56:41, ch=11 (sec=0)[0m
anchor,A3,24:ec:4a:03:56:41,ch=11
ftm_report,A3,21,21,3.150
csi_data,A3,[0,0,-14,-6,-14,-6,-14,-6,-14,-5,-15,-5,-15,-4,-15,-4,-15,-3,-16,-3,-17,-2,-16,-2,-17,-1,-17,0,-18,0,-19,0,-19,-1,-20,-1,-20,-1,-21,-2,-20,-3,-20,-4,-20,-5,-19,-6,-18,-7,-17,-8,-16,-9,0,0,0,0,0,0,0,0,0,0,0,0,0,0,0,0,0,0,0,0,0,0,-3,-7,-3,-7,-3,-7,-3,-7,-3,-8,-3,-8,-4,-8,-4,-8,-4,-8,-4,-9,-4,-9,-5,-9,-5,-9,-6,-9,-6,-8,-7,-8,-7,-8,-8,-8,-8,-8,-9,-7,-10,-7,-10,-7,-12,-7,-12,-7,-12,-7,-13,-6]
[0;32mI (131464) TAG: STA connected to 24:ec:4a:03:58:5d, ch=1 (sec=0)[0m
anchor,A1,24:ec:4a:03:58:5d,ch=1
ftm_report,A1,14,14,2.100
csi_data,A1,[0,0,-11,11,-11,11,-10,11,-10,11,-10,10,-10,10,-9,10,-8,11,-8,11,-8,11,-7,11,-7,11,-7,11,-7,11,-7,11,-7,11,-7,11,-7,11,-7,10,-8,10,-8,9,-8,8,-8,7,-8,7,-8,7,-8,6,0,0,0,0,0,0,0,0,0,0,0,0,0,0,0,0,0,0,0,0,0,0,-7,7,-8,7,-8,7,-9,7,-9,7,-10,7,-11,7,-11,6,-11,6,-11,6,-11,7,-11,7,-11,6,-11,7,-11,7,-11,7,-11,7,-10,8,-10,8,-10,9,-10,9,-11,10,-10,10,-10,11,-10,11,-11,11]
[0;32mI (132324) TAG: STA connected to 24:ec:4a:04:39:15, ch=6 (sec=0)[0m
anchor,A2,24:ec:4a:04:39:15,ch=6
ftm_report,A2,0,0,-1.000
csi_data,A2,[0,0,4,-15,4,-15,4,-14,3,-14,3,-14,3,-13,2,-13,2,-13,1,-13,1,-13,0,-13,0,-13,0,-13,-1,-13,-1,-13,-1,-13,0,-13,0,-13,0,-13,0,-13,1,-13,1,-12,2,-12,2,-11,3,-11,3,-10,0,0,0,0,0,0,0,0,0,0,0,0,0,0,0,0,0,0,0,0,0,0,1,-12,2,-12,3,-12,4,-13,4,-13,5,-13,5,-13,6,-13,6,-13,7,-12,7,-12,6,-12,6,-12,6,-12,6,-12,5,-12,5,-12,5,-13,4,-13,4,-13,4,-14,4,-14,3,-14,3,-15,3,-15,3,-15]
[0;32mI (133174) TAG: STA connected to 24:ec:4a:03:56:41, ch=11 (sec=0)[0m
anchor,A3,24:ec:4a:03:56:41,ch=11
ftm_report,A3,21,21,3.150
csi_data,A3,[0,0,-15,3,-15,3,-15,3,-15,4,-15,4,-14,5,-15,6,-14,6,-14,7,-14,8,-14,8,-14,9,-14,9,-15,9,-15,10,-16,10,-17,10,-17,10,-18,10,-18,9,-19,8,-19,6,-19,6,-19,4,-19,3,-18,2,0,0,0,0,0,0,0,0,0,0,0,0,0,0,0,0,0,0,0,0,0,0,-6,-4,-6,-4,-7,-4,-7,-4,-7,-4,-7,-4,-8,-4,-8,-4,-8,-4,-9,-5,-9,-4,-9,-4,-9,-4,-9,-3,-9,-3,-10,-3,-10,-2,-11,-2,-11,-1,-12,-1,-12,0,-12,0,-13,1,-13,2,-13,2,-14,2]
[0;32mI (134044) TAG: STA connected to 24:ec:4a:03:58:5d, ch=1 (sec=0)[0m
anchor,A1,24:ec:4a:03:58:5d,ch=1
ftm_report,A1,14,14,2.100
[0;32mI (134894) TAG: STA connected to 24:ec:4a:04:39:15, ch=6 (sec=0)[0m
csi_data,A2,[0,0,7,-13,7,-13,7,-13,7,-13,6,-13,5,-12,5,-12,5,-12,4,-12,4,-12,4,-12,3,-12,3,-12,2,-12,2,-13,2,-13,3,-13,3,-13,3,-13,3,-13,4,-12,4,-11,5,-11,5,-10,5,-10,5,-9,0,0,0,0,0,0,0,0,0,0,0,0,0,0,0,0,0,0,0,0,0,0,4,-11,5,-11,6,-11,7,-11,7,-11,8,-11,8,-11,9,-11,9,-10,9,-10,10,-10,10,-10,9,-9,9,-9,8,-10,8,-10,8,-11,7,-11,7,-11,7,-12,7,-12,7,-13,7,-13,7,-13,7,-13,7,-13]
anchor,A2,24:ec:4a:04:39:15,ch=6
ftm_report,A2,0,0,-1.000
[0;32mI (135744) TAG: STA connected to 24:ec:4a:03:56:41, ch=11 (sec=0)[0m
anchor,A3,24:ec:4a:03:56:41,ch=11
ftm_report,A3,20,20,3.000
csi_data,A3,[0,0,-15,-2,-15,-2,-16,-2,-16,-1,-16,-1,-16,0,-16,0,-16,1,-16,1,-16,2,-16,3,-17,4,-17,4,-18,5,-18,5,-19,5,-19,5,-20,5,-21,3,-21,3,-21,2,-21,0,-20,-1,-20,-2,-19,-2,-19,-4,0,0,0,0,0,0,0,0,0,0,0,0,0,0,0,0,0,0,0,0,0,0,-5,-6,-5,-6,-5,-7,-5,-7,-5,-7,-6,-7,-6,-7,-6,-7,-6,-7,-7,-7,-7,-8,-7,-7,-7,-7,-8,-7,-8,-7,-9,-6,-9,-6,-10,-6,-11,-6,-11,-5,-11,-4,-12,-4,-13,-3,-13,-3,-14,-3,-14,-3]
[0;32mI (136614) TAG: STA connected to 24:ec:4a:03:58:5d, ch=1 (sec=0)[0m
anchor,A1,24:ec:4a:03:58:5d,ch=1
ftm_report,A1,17,17,2.550
csi_data,A1,[0,0,11,-10,12,-11,11,-10,11,-10,11,-9,10,-9,10,-10,9,-10,9,-10,9,-10,9,-10,8,-10,8,-10,8,-10,8,-11,7,-10,8,-10,8,-10,7,-10,8,-10,8,-9,8,-8,8,-7,8,-6,8,-6,8,-5,0,0,0,0,0,0,0,0,0,0,0,0,0,0,0,0,0,0,0,0,0,0,7,-7,8,-7,9,-7,9,-6,10,-6,10,-6,11,-6,11,-6,12,-6,12,-5,12,-5,12,-5,11,-5,11,-5,11,-6,11,-6,11,-6,11,-7,10,-7,10,-8,11,-9,11,-9,11,-9,12,-9,12,-9,12,-10]
[0;32mI (137464) TAG: STA connected to 24:ec:4a:04:39:15, ch=6 (sec=0)[0m
anchor,A2,24:ec:4a:04:39:15,ch=6
ftm_report,A2,0,0,-1.000
csi_data,A2,[0,0,-7,13,-7,13,-7,12,-7,12,-6,12,-6,12,-6,12,-5,11,-5,11,-4,11,-4,12,-3,11,-3,11,-3,12,-3,12,-3,12,-3,12,-3,12,-3,12,-4,12,-4,11,-5,10,-5,10,-5,10,-6,9,-6,9,0,0,0,0,0,0,0,0,0,0,0,0,0,0,0,0,0,0,0,0,0,0,-5,11,-5,11,-6,10,-7,10,-7,11,-8,11,-9,10,-9,10,-9,10,-10,9,-10,9,-10,9,-10,9,-9,9,-9,9,-9,10,-8,10,-8,10,-8,10,-7,11,-7,11,-7,12,-7,12,-7,13,-7,13,-7,13]
[0;32mI (138344) TAG: STA connected to 24:ec:4a:03:56:41, ch=11 (sec=0)[0m
anchor,A3,24:ec:4a:03:56:41,ch=11
ftm_report,A3,19,19,2.850
csi_data,A3,[0,0,-11,10,-10,11,-10,11,-10,12,-10,12,-9,12,-9,12,-8,13,-8,13,-7,14,-7,14,-7,15,-7,15,-7,16,-6,17,-7,17,-8,17,-8,18,-9,18,-10,18,-11,17,-12,16,-12,15,-14,14,-14,13,-14,11,0,0,0,0,0,0,0,0,0,0,0,0,0,0,0,0,0,0,0,0,0,0,-8,0,-8,0,-8,0,-8,0,-8,0,-9,1,-9,1,-9,1,-9,1,-10,1,-10,2,-10,1,-10,2,-10,2,-10,3,-10,3,-10,4,-10,4,-10,5,-10,6,-10,7,-10,7,-10,8,-10,8,-10,9,-10,10]
[0;32mI (139244) TAG: STA connected to 24:ec:4a:03:58:5d, ch=1 (sec=0)[0m
anchor,A1,24:ec:4a:03:58:5d,ch=1
ftm_report,A1,20,20,3.000
csi_data,A1,[0,0,15,3,14,3,14,3,14,3,14,3,13,3,13,2,13,2,13,2,12,1,13,0,12,0,13,0,13,0,12,0,13,0,13,0,13,1,12,0,12,1,11,2,11,3,10,3,9,3,9,3,8,3,0,0,0,0,0,0,0,0,0,0,0,0,0,0,0,0,0,0,0,0,0,0,10,1,10,1,10,2,11,3,11,3,11,4,11,4,11,5,11,6,11,6,11,6,11,6,11,6,11,6,11,5,11,5,11,4,12,4,12,4,13,4,13,3,14,3,14,3,14,3,14,3,15,3]
[0;32mI (140114) TAG: STA connected to 24:ec:4a:04:39:15, ch=6 (sec=0)[0m
anchor,A2,24:ec:4a:04:39:15,ch=6
ftm_report,A2,0,0,-1.000
[0;32mI (140964) TAG: STA connected to 24:ec:4a:03:56:41, ch=11 (sec=0)[0m
csi_data,A3,[0,0,-1,-15,-2,-15,-2,-15,-3,-16,-3,-15,-4,-15,-4,-15,-5,-15,-6,-15,-6,-15,-7,-16,-7,-15,-8,-16,-8,-16,-9,-17,-9,-18,-8,-18,-9,-19,-8,-19,-8,-20,-6,-21,-5,-20,-4,-20,-2,-20,-1,-19,0,-19,0,0,0,0,0,0,0,0,0,0,0,0,0,0,0,0,0,0,0,0,0,0,4,-6,4,-6,4,-6,4,-6,5,-7,5,-7,5,-8,5,-8,5,-8,5,-8,5,-8,5,-8,5,-8,5,-9,4,-9,4,-10,3,-10,3,-11,2,-11,2,-12,1,-12,1,-12,1,-13,0,-13,0,-14,-1,-14]
anchor,A3,24:ec:4a:03:56:41,ch=11
ftm_report,A3,19,19,2.850
[0;32mI (141824) TAG: STA connected to 24:ec:4a:03:58:5d, ch=1 (sec=0)[0m
csi_data,A1,[0,0,6,-14,5,-14,6,-14,6,-14,5,-14,5,-13,4,-13,4,-13,4,-13,3,-13,3,-13,2,-13,2,-13,2,-13,2,-13,2,-13,3,-13,3,-13,3,-13,4,-12,4,-12,4,-11,4,-10,4,-9,5,-8,5,-8,0,0,0,0,0,0,0,0,0,0,0,0,0,0,0,0,0,0,0,0,0,0,2,-10,3,-11,4,-11,5,-11,5,-11,6,-12,6,-11,7,-11,7,-11,7,-10,8,-11,7,-11,7,-11,7,-10,7,-11,7,-11,6,-11,6,-12,6,-12,6,-12,6,-13,5,-13,5,-14,5,-14,5,-14,6,-15]
anchor,A1,24:ec:4a:03:58:5d,ch=1
ftm_report,A1,20,20,3.000
[0;32mI (142674) TAG: STA connected to 24:ec:4a:04:39:15, ch=6 (sec=0)[0m
anchor,A2,24:ec:4a:04:39:15,ch=6
ftm_report,A2,0,0,-1.000
csi_data,A2,[0,0,-3,-15,-3,-15,-3,-15,-3,-14,-3,-14,-3,-13,-4,-13,-4,-13,-4,-12,-5,-12,-5,-12,-6,-11,-6,-11,-6,-11,-6,-11,-6,-12,-6,-12,-6,-12,-6,-12,-5,-12,-5,-12,-4,-12,-4,-11,-4,-11,-3,-11,-3,-11,0,0,0,0,0,0,0,0,0,0,0,0,0,0,0,0,0,0,0,0,0,0,-3,-12,-3,-13,-2,-13,-1,-13,-1,-14,0,-14,1,-14,1,-14,1,-14,1,-14,1,-14,1,-14,1,-13,1,-13,1,-13,0,-13,0,-13,-1,-13,-1,-14,-1,-14,-2,-14,-2,-15,-3,-14,-3,-15,-3,-15,-3,-15]
[0;32mI (143534) TAG: STA connected to 24:ec:4a:03:56:41, ch=11 (sec=0)[0m
anchor,A3,24:ec:4a:03:56:41,ch=11
ftm_report,A3,18,18,2.700
csi_data,A3,[0,0,3,-15,2,-15,2,-15,2,-16,1,-16,1,-15,0,-16,-1,-16,-1,-16,-2,-16,-3,-17,-3,-17,-4,-17,-4,-18,-4,-18,-4,-19,-4,-20,-3,-20,-3,-21,-2,-21,-1,-21,1,-20,1,-20,3,-19,3,-19,5,-18,0,0,0,0,0,0,0,0,0,0,0,0,0,0,0,0,0,0,0,0,0,0,5,-5,6,-5,5,-5,6,-5,6,-5,7,-6,7,-6,7,-6,7,-6,7,-6,7,-7,7,-7,7,-7,6,-7,6,-8,7,-8,6,-9,6,-9,6,-10,5,-10,5,-11,4,-12,4,-12,4,-13,3,-13,3,-14]
[0;32mI (144404) TAG: STA connected to 24:ec:4a:03:58:5d, ch=1 (sec=0)[0m
anchor,A1,24:ec:4a:03:58:5d,ch=1
ftm_report,A1,14,14,2.100
csi_data,A1,[0,0,0,-16,-1,-16,-1,-16,-1,-15,-1,-15,-1,-15,-1,-15,-2,-14,-2,-14,-3,-14,-3,-13,-3,-13,-3,-13,-4,-13,-3,-13,-4,-13,-3,-13,-3,-13,-3,-13,-2,-13,-2,-12,-1,-12,-1,-11,0,-11,0,-10,1,-10,0,0,0,0,0,0,0,0,0,0,0,0,0,0,0,0,0,0,0,0,0,0,-2,-11,-1,-11,0,-12,0,-12,0,-12,1,-13,2,-13,2,-13,2,-13,3,-13,3,-13,3,-13,3,-13,3,-13,2,-13,2,-13,2,-13,1,-13,1,-14,0,-14,0,-14,0,-15,0,-15,-1,-15,0,-16,0,-16]
[0;32mI (145254) TAG: STA connected to 24:ec:4a:04:39:15, ch=6 (sec=0)[0m
anchor,A2,24:ec:4a:04:39:15,ch=6
ftm_report,A2,0,0,-1.000
csi_data,A2,[0,0,10,11,9,10,9,10,9,10,9,9,9,9,9,8,9,7,9,7,9,7,9,7,10,6,10,6,10,6,10,6,10,6,10,6,10,6,10,6,10,6,9,7,9,7,8,7,7,8,7,8,6,8,0,0,0,0,0,0,0,0,0,0,0,0,0,0,0,0,0,0,0,0,0,0,8,7,8,8,8,9,8,9,8,10,7,10,7,11,7,11,6,11,6,12,5,12,5,12,5,11,5,11,6,11,6,11,6,10,7,10,7,10,8,10,9,10,9,10,9,10,9,10,9,11,10,10]
[0;32mI (146124) TAG: STA connected to 24:ec:4a:03:56:41, ch=11 (sec=0)[0m
anchor,A3,24:ec:4a:03:56:41,ch=11
ftm_report,A3,20,20,3.000
[0;32mI (146984) TAG: STA connected to 24:ec:4a:03:58:5d, ch=1 (sec=0)[0m
csi_data,A1,[0,0,-10,-12,-11,-12,-11,-12,-10,-12,-10,-11,-10,-11,-10,-11,-10,-10,-10,-10,-10,-9,-11,-9,-11,-8,-11,-8,-11,-8,-10,-8,-10,-8,-10,-8,-10,-9,-10,-9,-9,-9,-9,-9,-8,-9,-8,-8,-7,-9,-6,-8,-5,-8,0,0,0,0,0,0,0,0,0,0,0,0,0,0,0,0,0,0,0,0,0,0,-8,-7,-7,-8,-8,-9,-8,-10,-7,-10,-7,-11,-7,-12,-6,-12,-6,-12,-6,-12,-6,-12,-6,-12,-6,-12,-6,-12,-6,-12,-7,-11,-7,-12,-7,-11,-8,-11,-8,-12,-9,-11,-9,-12,-10,-11,-10,-11,-11,-12,-10,-12]
anchor,A1,24:ec:4a:03:58:5d,ch=1
ftm_report,A1,14,14,2.100
[0;32mI (147854) TAG: STA connected to 24:ec:4a:04:39:15, ch=6 (sec=0)[0m
csi_data,A2,[0,0,3,-15,3,-15,3,-14,3,-15,2,-14,2,-14,1,-13,1,-13,1,-13,0,-13,0,-13,-1,-12,-1,-12,-1,-12,-2,-13,-2,-13,-1,-13,-1,-13,-1,-13,0,-13,0,-13,0,-12,1,-12,1,-11,2,-11,2,-11,0,0,0,0,0,0,0,0,0,0,0,0,0,0,0,0,0,0,0,0,0,0,1,-12,2,-12,3,-12,4,-12,4,-13,5,-13,5,-13,6,-13,6,-13,6,-12,6,-12,6,-12,6,-12,6,-12,5,-12,5,-12,5,-12,4,-13,4,-13,4,-13,3,-13,3,-14,3,-15,3,-15,3,-15,3,-15]
anchor,A2,24:ec:4a:04:39:15,ch=6
ftm_report,A2,0,0,-1.000
[0;32mI (148714) TAG: STA connected to 24:ec:4a:03:56:41, ch=11 (sec=0)[0m
anchor,A3,24:ec:4a:03:56:41,ch=11
ftm_report,A3,18,18,2.700
csi_data,A3,[0,0,12,-7,13,-7,12,-8,13,-8,12,-9,11,-9,11,-10,11,-10,11,-11,11,-12,11,-12,10,-12,11,-13,11,-14,11,-15,11,-15,12,-15,13,-15,13,-15,14,-15,15,-13,15,-12,16,-11,16,-9,16,-8,16,-7,0,0,0,0,0,0,0,0,0,0,0,0,0,0,0,0,0,0,0,0,0,0,6,1,7,1,7,1,7,1,7,1,8,1,8,1,9,1,9,1,9,1,9,1,9,1,10,1,9,1,10,0,10,0,10,-1,10,-2,11,-2,11,-3,11,-4,11,-4,12,-5,12,-5,12,-5,12,-6]
[0;32mI (149614) TAG: STA connected to 24:ec:4a:03:58:5d, ch=1 (sec=0)[0m
anchor,A1,24:ec:4a:03:58:5d,ch=1
ftm_report,A1,18,18,2.700
csi_data,A1,[0,0,6,13,6,13,5,13,5,13,6,12,5,12,6,12,5,11,6,11,6,10,6,10,7,9,7,10,7,10,7,10,7,10,7,10,6,10,6,10,5,10,5,10,4,10,4,9,3,9,2,9,2,9,0,0,0,0,0,0,0,0,0,0,0,0,0,0,0,0,0,0,0,0,0,0,4,8,4,9,4,10,4,10,3,11,3,12,2,12,2,12,2,12,1,12,1,12,1,12,1,12,2,12,2,12,2,12,2,12,3,12,4,12,4,12,5,12,5,13,5,12,5,13,6,13,6,13]
[0;32mI (150464) TAG: STA connected to 24:ec:4a:04:39:15, ch=6 (sec=0)[0m
anchor,A2,24:ec:4a:04:39:15,ch=6
ftm_report,A2,0,0,-1.000
csi_data,A2,[0,0,-11,-11,-11,-11,-11,-11,-10,-10,-10,-10,-10,-10,-10,-9,-10,-8,-11,-8,-10,-7,-11,-7,-11,-7,-11,-6,-12,-6,-11,-6,-12,-7,-11,-6,-11,-7,-12,-7,-11,-7,-11,-7,-10,-8,-10,-7,-9,-8,-9,-8,-8,-8,0,0,0,0,0,0,0,0,0,0,0,0,0,0,0,0,0,0,0,0,0,0,-9,-9,-9,-9,-9,-10,-9,-11,-8,-11,-8,-12,-8,-12,-8,-12,-7,-13,-7,-12,-7,-13,-7,-12,-7,-12,-7,-12,-7,-12,-7,-11,-8,-11,-8,-11,-9,-11,-9,-11,-10,-11,-10,-11,-10,-11,-11,-11,-11,-11,-11,-11]
[0;32mI (151334) TAG: STA connected to 24:ec:4a:03:56:41, ch=11 (sec=0)[0m
anchor,A3,24:ec:4a:03:56:41,ch=11
ftm_report,A3,18,18,2.700
csi_data,A3,[0,0,-9,12,-9,12,-9,12,-8,12,-8,13,-7,13,-7,13,-6,14,-6,14,-5,14,-5,15,-4,15,-4,16,-4,17,-4,17,-4,18,-5,18,-5,19,-6,19,-7,19,-7,18,-9,17,-9,17,-11,16,-11,15,-12,14,0,0,0,0,0,0,0,0,0,0,0,0,0,0,0,0,0,0,0,0,0,0,-8,1,-7,1,-8,1,-8,1,-8,1,-9,1,-9,1,-9,2,-9,2,-10,2,-10,2,-10,2,-10,3,-10,3,-10,3,-10,4,-10,5,-10,5,-10,6,-9,7,-9,8,-9,8,-9,9,-9,9,-9,10,-9,10]
[0;32mI (152184) TAG: STA connected to 24:ec:4a:03:58:5d, ch=1 (sec=0)[0m
anchor,A1,24:ec:4a:03:58:5d,ch=1
ftm_report,A1,21,21,3.150
csi_data,A1,[0,0,1,15,1,15,1,14,1,14,1,14,1,13,1,13,2,12,2,13,3,12,3,12,3,11,3,11,3,11,3,11,3,12,3,12,3,11,2,12,2,11,1,11,0,10,0,10,0,9,-1,9,-1,8,0,0,0,0,0,0,0,0,0,0,0,0,0,0,0,0,0,0,0,0,0,0,2,10,1,10,0,11,0,11,0,12,-1,12,-2,12,-2,12,-3,12,-3,12,-3,12,-3,12,-3,12,-2,12,-2,12,-2,12,-2,12,-1,12,-1,13,0,13,0,13,0,14,1,14,1,14,1,14,1,15]
[0;32mI (153054) TAG: STA connected to 24:ec:4a:04:39:15, ch=6 (sec=0)[0m
anchor,A2,24:ec:4a:04:39:15,ch=6
ftm_report,A2,0,0,-1.000
[0;32mI (153924) TAG: STA connected to 24:ec:4a:03:56:41, ch=11 (sec=0)[0m
csi_data,A3,[0,0,5,14,4,13,5,13,5,13,6,13,7,13,7,12,8,12,8,12,9,12,9,12,10,12,10,12,11,12,12,13,12,14,12,14,12,15,12,16,11,16,10,17,9,17,7,17,6,17,5,17,3,17,0,0,0,0,0,0,0,0,0,0,0,0,0,0,0,0,0,0,0,0,0,0,-3,6,-3,7,-3,7,-3,7,-3,7,-3,7,-3,8,-3,8,-3,8,-3,8,-3,9,-3,9,-3,9,-3,9,-2,10,-2,10,-1,10,0,10,0,11,1,11,2,11,2,11,2,12,3,12,3,13,4,13]
anchor,A3,24:ec:4a:03:56:41,ch=11
ftm_report,A3,18,18,2.700
[0;32mI (154804) TAG: STA connected to 24:ec:4a:03:58:5d, ch=1 (sec=0)[0m
csi_data,A1,[0,0,9,-12,9,-12,9,-12,9,-12,8,-12,8,-12,8,-12,7,-12,7,-11,6,-12,6,-12,6,-12,6,-12,5,-12,6,-12,5,-12,5,-12,6,-12,6,-12,6,-11,6,-11,6,-9,7,-9,7,-8,6,-7,7,-7,0,0,0,0,0,0,0,0,0,0,0,0,0,0,0,0,0,0,0,0,0,0,6,-9,6,-9,7,-10,8,-9,8,-9,9,-9,10,-8,10,-8,10,-8,11,-8,11,-7,11,-8,10,-7,10,-7,10,-8,10,-8,9,-9,9,-10,9,-9,9,-10,9,-11,9,-11,9,-12,9,-12,9,-12,10,-13]
anchor,A1,24:ec:4a:03:58:5d,ch=1
ftm_report,A1,17,17,2.550
[0;32mI (155664) TAG: STA connected to 24:ec:4a:04:39:15, ch=6 (sec=0)[0m
anchor,A2,24:ec:4a:04:39:15,ch=6
ftm_report,A2,0,0,-1.000
csi_data,A2,[0,0,-14,7,-14,6,-14,6,-13,6,-13,6,-12,6,-12,6,-11,7,-11,7,-10,7,-10,7,-9,8,-9,8,-9,8,-9,8,-9,8,-9,8,-9,8,-10,8,-10,8,-10,7,-10,7,-10,6,-10,6,-10,5,-10,4,0,0,0,0,0,0,0,0,0,0,0,0,0,0,0,0,0,0,0,0,0,0,-11,5,-11,5,-12,4,-13,4,-13,4,-14,3,-14,3,-14,3,-14,2,-14,2,-14,1,-14,1,-13,2,-13,2,-13,2,-13,2,-13,3,-13,3,-13,4,-13,4,-13,5,-13,5,-13,6,-13,6,-14,6,-14,7]
[0;32mI (156544) TAG: STA connected to 24:ec:4a:03:56:41, ch=11 (sec=0)[0m
anchor,A3,24:ec:4a:03:56:41,ch=11
ftm_report,A3,20,20,3.000
csi_data,A3,[0,0,14,-3,14,-3,14,-4,14,-4,14,-4,14,-5,14,-6,14,-6,14,-7,14,-8,14,-8,14,-9,14,-9,14,-10,15,-10,15,-11,16,-10,16,-10,17,-10,18,-9,18,-8,18,-7,19,-5,18,-4,18,-3,18,-1,0,0,0,0,0,0,0,0,0,0,0,0,0,0,0,0,0,0,0,0,0,0,6,3,6,3,6,3,7,3,7,3,7,3,8,4,8,4,8,4,9,4,9,4,8,4,9,3,9,4,9,3,10,3,10,2,10,1,11,1,11,1,12,0,12,-1,13,-1,13,-2,13,-2,13,-2]
[0;32mI (157414) TAG: STA connected to 24:ec:4a:03:58:5d, ch=1 (sec=0)[0m
anchor,A1,24:ec:4a:03:58:5d,ch=1
ftm_report,A1,16,16,2.400
csi_data,A1,[0,0,-8,-14,-9,-14,-9,-14,-8,-13,-9,-13,-8,-12,-9,-12,-8,-12,-9,-11,-9,-11,-9,-11,-9,-10,-9,-10,-10,-10,-9,-10,-10,-10,-9,-10,-10,-10,-9,-10,-8,-10,-8,-10,-7,-10,-6,-10,-6,-10,-5,-9,-4,-9,0,0,0,0,0,0,0,0,0,0,0,0,0,0,0,0,0,0,0,0,0,0,-6,-9,-6,-10,-5,-11,-5,-11,-5,-12,-4,-13,-4,-13,-4,-13,-3,-13,-3,-13,-3,-13,-3,-13,-3,-13,-3,-13,-4,-13,-4,-13,-5,-13,-5,-12,-6,-13,-6,-13,-7,-13,-7,-13,-7,-13,-8,-13,-8,-14,-8,-14]
[0;32mI (158264) TAG: STA connected to 24:ec:4a:04:39:15, ch=6 (sec=0)[0m
anchor,A2,24:ec:4a:04:39:15,ch=6
ftm_report,A2,0,0,-1.000
csi_data,A2,[0,0,14,5,13,5,13,5,12,4,13,4,12,4,12,3,12,3,12,2,11,2,12,2,12,1,12,1,12,0,12,0,12,0,12,0,12,1,12,1,12,1,11,2,11,2,10,3,10,3,10,3,9,4,0,0,0,0,0,0,0,0,0,0,0,0,0,0,0,0,0,0,0,0,0,0,11,3,11,3,11,4,11,5,11,5,11,6,11,7,11,7,11,7,10,8,10,8,10,8,10,8,10,7,10,7,10,7,11,6,11,6,11,6,12,5,12,5,12,5,13,5,13,5,13,5,14,5]
[0;32mI (159124) TAG: STA connected to 24:ec:4a:03:56:41, ch=11 (sec=0)[0m
anchor,A3,24:ec:4a:03:56:41,ch=11
ftm_report,A3,17,17,2.550
csi_data,A3,[0,0,-11,-11,-11,-10,-12,-10,-12,-10,-12,-9,-13,-9,-13,-8,-14,-8,-13,-7,-14,-7,-14,-7,-15,-7,-15,-6,-16,-6,-17,-6,-17,-7,-18,-8,-18,-8,-18,-9,-17,-10,-17,-10,-16,-11,-15,-12,-14,-13,-13,-13,-12,-14,0,0,0,0,0,0,0,0,0,0,0,0,0,0,0,0,0,0,0,0,0,0,-2,-8,-2,-8,-3,-8,-2,-8,-3,-9,-3,-9,-3,-10,-3,-10,-3,-10,-3,-10,-2,-10,-3,-10,-3,-11,-3,-10,-4,-10,-4,-10,-5,-10,-6,-10,-6,-10,-7,-10,-8,-10,-8,-10,-9,-10,-9,-11,-10,-10I (160034) TAG: STA connected to 24:ec:4a:03:58:5d, ch=1 (sec=0)
,-10,-10]
anchor,A1,24:ec:4a:03:58:5d,ch=1
ftm_report,A1,14,14,2.100
[0;32mI (160894) TAG: STA connected to 24:ec:4a:04:39:15, ch=6 (sec=0)[0m
csi_data,A2,[0,0,15,0,14,-1,14,-1,13,-1,13,-1,13,-1,13,-1,12,-2,12,-2,11,-3,11,-3,11,-4,11,-4,11,-4,11,-4,12,-4,11,-4,12,-4,12,-3,12,-3,12,-2,11,-2,11,-2,11,-1,10,-1,10,0,0,0,0,0,0,0,0,0,0,0,0,0,0,0,0,0,0,0,0,0,0,0,11,-2,12,-1,12,0,12,0,12,0,13,1,13,2,13,2,13,3,12,3,12,3,12,3,12,3,12,3,12,2,12,2,12,2,12,1,13,1,13,1,13,0,14,0,14,-1,14,-1,14,-1,15,-1]
anchor,A2,24:ec:4a:04:39:15,ch=6
ftm_report,A2,9,9,1.350
[0;32mI (161764) TAG: STA connected to 24:ec:4a:03:56:41, ch=11 (sec=0)[0m
csi_data,A3,[0,0,-15,2,-15,2,-15,2,-15,3,-14,3,-14,4,-14,5,-14,5,-14,6,-14,7,-14,7,-14,8,-14,8,-14,9,-15,10,-15,9,-16,10,-16,9,-17,9,-17,9,-18,8,-18,6,-18,5,-18,4,-18,3,-18,1,0,0,0,0,0,0,0,0,0,0,0,0,0,0,0,0,0,0,0,0,0,0,-7,-4,-7,-4,-7,-5,-7,-5,-8,-5,-8,-5,-8,-5,-9,-5,-9,-5,-9,-5,anchor,A3,24:ec:4a:03:56:41,ch=11
ftm_report,A3,18,18,2.700
-9,-5,-9,-5,-10,-5,-10,-5,-10,-4,-10,-4,-11,-3,-11,-2,-11,-2,-12,-1,-12,-1,-13,0,-14,0,-13,0,-14,1,-14,1]
[0;32mI (162634) TAG: STA connected to 24:ec:4a:03:58:5d, ch=1 (sec=0)[0m
anchor,A1,24:ec:4a:03:58:5d,ch=1
ftm_report,A1,15,15,2.250
csi_data,A1,[0,0,13,7,13,7,13,7,13,6,13,6,13,6,12,5,12,5,11,5,12,4,12,4,12,3,12,3,12,3,12,3,12,4,12,3,11,4,11,4,11,4,10,5,9,5,9,5,8,5,7,5,6,5,0,0,0,0,0,0,0,0,0,0,0,0,0,0,0,0,0,0,0,0,0,0,9,3,10,4,10,5,10,5,10,6,10,7,10,8,10,8,9,8,9,8,9,8,9,8,9,8,9,8,9,8,9,8,10,8,10,6,11,7,11,7,11,7,12,7,12,6,13,6,13,6,14,6]
[0;32mI (163484) TAG: STA connected to 24:ec:4a:04:39:15, ch=6 (sec=0)[0m
csi_data,A2,[0,0,-13,-8,-13,-7,-13,-8,-13,-7,-13,-7,-12,-6,-12,-6,-12,-5,-12,-5,-12,-4,-12,-4,-12,-4,-12,-3,-13,-3,-13,-3,-13,-3,-13,-3,-13,-3,-13,-4,-12,-4,-12,-4,-12,-4,-11,-5,-11,-5,-10,-5,-10,-6,0,0,0,0,0,0,0,0,0,0,0,0,0,0,0,0,0,0,0,0,0,0,-11,-6,-11,-6,-11,-7,-11,-8,-11,-8,-11,-9,-11,-9,-10,-10,-10,-10,-10,-10,-10,-10,-9,-10,-9,-10,-9,-10,-10,-9,-10,-9,-10,-9,-11,-8,-11,-8,-12,-8,-12,-8,-12,-7,-13,-8,-13,-8,-13,-8,-13,-8]
anchor,A2,24:ec:4a:04:39:15,ch=6
ftm_report,A2,9,9,1.350
[0;32mI (164504) esp_netif_handlers: sta ip: 192.168.4.2, mask: 255.255.255.0, gw: 192.168.4.1[0m
[0;32mI (164864) TAG: STA connected to 24:ec:4a:03:56:41, ch=11 (sec=0)[0m
csi_data,A3,[0,0,13,4,14,3,14,3,14,2,14,2,14,2,14,1,14,0,14,0,15,-1,15,-2,15,-2,16,-3,16,-2,17,-3,17,-2,18,-2,18,-2,19,-1,19,0,19,1,18,2,18,3,17,4,16,5,15,6,0,0,0,0,0,0,0,0,0,0,0,0,0,0,0,0,0,0,0,0,0,0,5,5,4,5,5,5,5,6,5,6,5,6,5,6,6,6,6,7,6,7,6,7,6,7,7,7,7,7,7,6,7,6,8,6,9,5,9,5,10,5,10,5,11,5,11,4,12,4,13,4,13,3]
anchor,A3,24:ec:4a:03:56:41,ch=11
ftm_report,A3,18,18,2.700
[0;32mI (165724) TAG: STA connected to 24:ec:4a:03:58:5d, ch=1 (sec=0)[0m
anchor,A1,24:ec:4a:03:58:5d,ch=1
ftm_report,A1,14,14,2.100
csi_data,A1,[0,0,-6,14,-6,14,-6,14,-6,13,-5,14,-5,13,-5,13,-4,13,-4,12,-3,12,-3,13,-3,12,-2,12,-2,12,-2,12,-2,12,-2,12,-3,12,-3,12,-3,11,-4,11,-4,10,-4,9,-5,9,-5,8,-5,7,0,0,0,0,0,0,0,0,0,0,0,0,0,0,0,0,0,0,0,0,0,0,-4,10,-4,10,-5,10,-6,10,-6,10,-7,11,-8,10,-8,10,-9,10,-8,10,-9,10,-9,10,-9,10,-8,10,-8,10,-8,10,-8,11,-7,11,-7,11,-6,12,-6,12,-6,13,-6,13,-6,14,-6,14,-6,14]
[0;32mI (166594) TAG: STA connected to 24:ec:4a:04:39:15, ch=6 (sec=0)[0m
anchor,A2,24:ec:4a:04:39:15,ch=6
ftm_report,A2,10,10,1.500
csi_data,A2,[0,0,-11,10,-11,9,-11,9,-11,9,-10,9,-10,9,-9,9,-9,9,-8,9,-8,9,-8,9,-7,9,-7,10,-7,10,-7,10,-7,10,-7,10,-7,10,-7,10,-7,10,-8,9,-8,9,-8,8,-9,7,-9,7,-9,6,0,0,0,0,0,0,0,0,0,0,0,0,0,0,0,0,0,0,0,0,0,0,-8,8,-9,8,-10,8,-10,7,-11,7,-11,7,-12,7,-12,7,-12,6,-12,5,-13,5,-13,5,-12,5,-12,5,-12,6,-11,6,-11,6,-11,7,-11,7,-11,8,-11,8,-11,9,-11,9,-11,9,-11,9,-11,10]
[0;32mI (167464) TAG: STA connected to 24:ec:4a:03:56:41, ch=11 (sec=0)[0m
anchor,A3,24:ec:4a:03:56:41,ch=11
ftm_report,A3,17,17,2.550
csi_data,A3,[0,0,12,-9,11,-9,12,-9,11,-9,11,-10,10,-10,10,-10,10,-11,9,-11,9,-12,9,-13,8,-14,8,-15,9,-15,9,-15,9,-16,10,-16,10,-16,12,-16,12,-15,13,-15,14,-13,13,-12,14,-11,14,-10,15,-9,0,0,0,0,0,0,0,0,0,0,0,0,0,0,0,0,0,0,0,0,0,0,7,-1,7,-1,7,0,7,0,8,0,9,0,9,0,9,0,9,0,9,0,10,0,9,-1,10,-1,10,-1,10,-2,10,-2,10,-3,10,-3,10,-4,10,-4,11,-5,11,-5,11,-7,11,-7,11,-7,11,-8]
[0;32mI (168324) TAG: STA connected to 24:ec:4a:03:58:5d, ch=1 (sec=0)[0m
anchor,A1,24:ec:4a:03:58:5d,ch=1
ftm_report,A1,20,20,3.000
csi_data,A1,[0,0,4,14,4,14,4,14,3,14,4,13,3,13,4,12,4,12,4,12,4,12,5,11,5,11,5,11,6,11,5,10,5,11,5,11,5,11,4,11,4,10,3,10,3,10,2,10,1,9,1,9,0,8,0,0,0,0,0,0,0,0,0,0,0,0,0,0,0,0,0,0,0,0,0,0,3,9,3,10,2,10,2,11,2,11,1,12,1,12,0,12,0,12,-1,12,0,13,-1,12,0,12,0,12,0,12,0,12,1,12,1,12,2,12,2,13,3,13,3,13,3,13,3,14,4,14,4,14]
[0;32mI (169174) TAG: STA connected to 24:ec:4a:04:39:15, ch=6 (sec=0)[0m
anchor,A2,24:ec:4a:04:39:15,ch=6
ftm_report,A2,9,9,1.350
csi_data,A2,[0,0,-14,6,-14,5,-14,5,-13,5,-13,5,-13,5,-12,5,-11,6,-11,6,-11,6,-10,7,-10,7,-10,7,-10,8,-10,7,-10,8,-10,8,-10,7,-11,7,-11,7,-11,6,-11,6,-10,5,-10,5,-10,4,-10,4,0,0,0,0,0,0,0,0,0,0,0,0,0,0,0,0,0,0,0,0,0,0,-11,5,-12,5,-12,4,-13,4,-13,3,-14,3,-14,2,-14,2,-14,1,-14,1,-14,1,-14,1,-14,1,-13,1,-13,2,-13,2,-13,2,-13,3,-13,3,-13,4,-13,4,-14,4,-14,5,-14,5,-14,6,-14,6]
[0;32mI (170054) TAG: STA connected to 24:ec:4a:03:56:41, ch=11 (sec=0)[0m
anchor,A3,24:ec:4a:03:56:41,ch=11
ftm_report,A3,18,18,2.700
[0;32mI (170964) TAG: STA connected to 24:ec:4a:03:58:5d, ch=1 (sec=0)[0m
csi_data,A1,[0,0,11,-11,11,-12,11,-11,10,-11,10,-11,10,-11,9,-10,9,-10,8,-10,8,-11,8,-11,7,-11,7,-11,7,-11,7,-11,7,-11,7,-11,7,-11,8,-10,8,-10,8,-9,8,-8,7,-7,7,-7,7,-7,7,-6,0,0,0,0,0,0,0,0,0,0,0,0,0,0,0,0,0,0,0,0,0,0,6,-9,7,-8,8,-8,8,-8,9,-8,10,-8,11,-8,10,-7,11,-7,11,-7,11,-7,11,-7,11,-7,10,-7,11,-8,10,-8,10,-8,10,-9,10,-8,10,-10,10,-10,10,-10,9,-11,10,-11,10,-11,11,-12]
anchor,A1,24:ec:4a:03:58:5d,ch=1
ftm_report,A1,14,14,2.100
[0;32mI (171834) TAG: STA connected to 24:ec:4a:04:39:15, ch=6 (sec=0)[0m
csi_data,A2,[0,0,-5,-16,-4,-15,-4,-15,-4,-14,-4,-14,-4,-13,-5,-13,-5,-12,-6,-12,-6,-12,-6,-12,-7,-11,-7,-11,-7,-11,-7,-11,-7,-11,-7,-11,-7,-11,-7,-11,-6,-11,-6,-12,-5,-11,-5,-11,-4,-11,-4,-11,-3,-11,0,0,0,0,0,0,0,0,0,0,0,0,0,0,0,0,0,0,0,0,0,0,-4,-12,-4,-13,-3,-13,-2,-13,-2,-13,-2,-14,-1,-14,-1,-14,0,-15,0,-14,0,-14,0,-14,0,-14,0,-13,-1,-13,0,-13,-1,-14,-2,-13,-2,-13,-3,-14,-4,-14,-4,-14,-4,-14,-4,-15,-4,-15,-5,-15]
anchor,A2,24:ec:4a:04:39:15,ch=6
ftm_report,A2,9,9,1.350
[0;32mI (172684) TAG: STA connected to 24:ec:4a:03:56:41, ch=11 (sec=0)[0m
anchor,A3,24:ec:4a:03:56:41,ch=11
ftm_report,A3,17,17,2.550
csi_data,A3,[0,0,14,2,14,2,14,1,14,1,15,0,14,0,14,-1,14,-1,15,-2,15,-3,15,-3,15,-4,15,-4,16,-5,17,-5,17,-5,18,-4,18,-4,19,-3,19,-3,19,-2,19,0,18,1,18,2,17,3,16,4,0,0,0,0,0,0,0,0,0,0,0,0,0,0,0,0,0,0,0,0,0,0,5,4,5,5,5,5,5,5,6,5,6,5,6,6,7,6,6,6,7,6,7,6,7,6,7,6,8,6,8,6,8,5,8,5,9,4,10,4,10,4,11,4,11,4,12,3,12,3,13,3,13,2]
[0;32mI (173544) TAG: STA connected to 24:ec:4a:03:58:5d, ch=1 (sec=0)[0m
anchor,A1,24:ec:4a:03:58:5d,ch=1
ftm_report,A1,19,19,2.850
csi_data,A1,[0,0,-15,-5,-15,-5,-15,-5,-14,-5,-14,-5,-14,-4,-14,-4,-13,-4,-13,-3,-13,-3,-13,-2,-13,-2,-13,-1,-13,-1,-13,-2,-13,-2,-13,-1,-13,-2,-13,-2,-12,-3,-11,-3,-11,-4,-10,-3,-10,-3,-9,-4,-9,-4,0,0,0,0,0,0,0,0,0,0,0,0,0,0,0,0,0,0,0,0,0,0,-10,-2,-11,-4,-11,-4,-11,-5,-12,-5,-12,-6,-11,-7,-12,-7,-11,-7,-11,-7,-12,-7,-12,-8,-11,-7,-11,-7,-11,-7,-11,-7,-12,-7,-12,-6,-12,-6,-12,-6,-13,-5,-14,-5,-13,-5,-15,-4,-15,-5,-15,-5]
[0;32mI (174404) TAG: STA connected to 24:ec:4a:04:39:15, ch=6 (sec=0)[0m
anchor,A2,24:ec:4a:04:39:15,ch=6
ftm_report,A2,9,9,1.350
csi_data,A2,[0,0,13,7,12,7,12,7,12,6,12,6,11,6,11,5,11,5,11,4,11,4,11,3,11,3,11,2,12,2,11,2,12,2,12,2,12,3,12,3,11,4,11,4,10,4,10,5,10,5,9,5,8,5,0,0,0,0,0,0,0,0,0,0,0,0,0,0,0,0,0,0,0,0,0,0,10,4,11,5,10,5,10,6,10,7,10,8,10,8,10,8,10,9,9,9,9,9,9,9,9,9,9,8,9,8,9,8,10,8,10,7,10,7,11,7,11,7,12,7,12,6,12,7,13,7,13,7]
[0;32mI (175274) TAG: STA connected to 24:ec:4a:03:56:41, ch=11 (sec=0)[0m
anchor,A3,24:ec:4a:03:56:41,ch=11
ftm_report,A3,17,17,2.550
csi_data,A3,[0,0,-14,5,-14,4,-14,5,-14,5,-14,6,-14,6,-13,7,-13,7,-13,8,-13,9,-12,9,-12,10,-13,10,-13,10,-13,11,-14,12,-15,12,-15,11,-16,11,-16,10,-17,10,-17,8,-18,7,-18,6,-17,5,-18,3,0,0,0,0,0,0,0,0,0,0,0,0,0,0,0,0,0,0,0,0,0,0,-8,-2,-8,-3,-8,-3,-8,-3,-9,-3,-9,-3,-9,-3,-10,-3,-10,-3,-10,-3,-10,-3,-10,-3,-11,-2,-11,-2,-11,-2,-11,-2,-11,-1,-12,0,-12,0,-12,1,-12,1,-13,2,-13,2,-13,3,-14,3,-14,4]
[0;32mI (176144) TAG: STA connected to 24:ec:4a:03:58:5d, ch=1 (sec=0)[0m
anchor,A1,24:ec:4a:03:58:5d,ch=1
ftm_report,A1,16,16,2.400
[0;32mI (177004) TAG: STA connected to 24:ec:4a:04:39:15, ch=6 (sec=0)[0m
csi_data,A2,[0,0,7,-13,7,-13,7,-13,7,-13,6,-13,6,-12,6,-12,5,-12,5,-12,4,-12,4,-12,3,-12,3,-12,3,-12,3,-13,3,-13,3,-13,3,-13,3,-13,4,-12,4,-12,5,-11,5,-11,5,-10,5,-10,6,-9,0,0,0,0,0,0,0,0,0,0,0,0,0,0,0,0,0,0,0,0,0,0,4,-11,5,-11,6,-11,6,-11,7,-11,8,-11,8,-11,9,-11,9,-10,9,-10,9,-10,9,-10,9,-10,9,-9,8,-10,8,-10,8,-10,8,-11,8,-11,7,-12,7,-12,7,-12,7,-13,7,-13,7,-13,7,-14]
anchor,A2,24:ec:4a:04:39:15,ch=6
ftm_report,A2,9,9,1.350
[0;32mI (177884) TAG: STA connected to 24:ec:4a:03:56:41, ch=11 (sec=0)[0m
csi_data,A3,[0,0,11,-10,10,-10,10,-10,10,-11,10,-12,9,-12,9,-12,8,-12,8,-13,7,-14,7,-14,7,-15,7,-15,7,-16,6,-17,7,-17,8,-17,8,-17,9,-18,10,-17,11,-16,11,-16,12,-14,13,-13,13,-12,14,-11,0,0,0,0,0,0,0,0,0,0,0,0,0,0,0,0,0,0,0,0,0,0,7,-1,7,-1,7,-1,7,-1,8,-1,8,-1,8,-1,9,-1,9,-1,9,-1,9,-1,9,-2,10,-2,10,-2,10,-3,10,-3,10,-4,10,-5,10,-5,10,-6,10,-6,10,-7,10,-8,11,-8,11,-8,11,-9]
anchor,A3,24:ec:4a:03:56:41,ch=11
ftm_report,A3,17,17,2.550
[0;32mI (178754) TAG: STA connected to 24:ec:4a:03:58:5d, ch=1 (sec=0)[0m
anchor,A1,24:ec:4a:03:58:5d,ch=1
ftm_report,A1,21,21,3.150
csi_data,A1,[0,0,-6,14,-6,14,-5,14,-6,13,-5,13,-5,13,-5,13,-4,12,-4,12,-3,12,-3,12,-2,12,-2,12,-2,12,-2,12,-2,12,-3,12,-3,12,-3,12,-4,11,-4,11,-5,10,-4,9,-5,9,-5,8,-5,7,0,0,0,0,0,0,0,0,0,0,0,0,0,0,0,0,0,0,0,0,0,0,-3,9,-4,9,-4,10,-5,10,-6,10,-6,10,-7,10,-7,10,-8,10,-8,10,-8,10,-8,10,-8,10,-7,10,-7,10,-7,10,-7,11,-6,11,-6,11,-6,12,-6,12,-6,12,-6,13,-5,13,-5,14,-6,14]
[0;32mI (179624) TAG: STA connected to 24:ec:4a:04:39:15, ch=6 (sec=0)[0m
anchor,A2,24:ec:4a:04:39:15,ch=6
ftm_report,A2,6,6,0.900
csi_data,A2,[0,0,-11,-11,-11,-11,-11,-11,-11,-10,-11,-10,-11,-9,-11,-9,-10,-8,-11,-8,-11,-7,-11,-7,-11,-6,-11,-6,-12,-6,-12,-6,-12,-6,-12,-6,-12,-7,-11,-7,-11,-7,-11,-7,-10,-8,-9,-7,-9,-8,-9,-8,-8,-8,0,0,0,0,0,0,0,0,0,0,0,0,0,0,0,0,0,0,0,0,0,0,-10,-8,-10,-9,-9,-9,-9,-10,-9,-11,-9,-12,-8,-12,-8,-12,-7,-12,-7,-12,-7,-12,-7,-12,-7,-12,-7,-12,-7,-11,-7,-11,-8,-11,-8,-11,-9,-11,-9,-10,-10,-11,-10,-11,-11,-10,-11,-10,-11,-10,-11,-10]
[0;32mI (180484) TAG: STA connected to 24:ec:4a:03:56:41, ch=11 (sec=0)[0m
anchor,A3,24:ec:4a:03:56:41,ch=11
ftm_report,A3,16,16,2.400
csi_data,A3,[0,0,14,-3,14,-4,14,-4,14,-4,14,-5,13,-5,13,-6,13,-7,13,-7,13,-8,13,-8,13,-8,13,-9,14,-10,14,-10,15,-11,16,-10,16,-10,17,-10,17,-9,17,-8,18,-7,18,-5,17,-4,17,-3,17,-1,0,0,0,0,0,0,0,0,0,0,0,0,0,0,0,0,0,0,0,0,0,0,7,2,7,2,7,3,7,3,8,3,8,3,8,3,9,3,9,3,9,3,9,4,9,4,10,3,10,3,10,3,10,2,10,1,11,1,11,1,12,0,12,-1,12,-1,13,-2,13,-2,13,-2,14,-3]
[0;32mI (181404) TAG: STA connected to 24:ec:4a:03:58:5d, ch=1 (sec=0)[0m
anchor,A1,24:ec:4a:03:58:5d,ch=1
ftm_report,A1,19,19,2.850
csi_data,A1,[0,0,-1,15,-1,15,-2,15,-1,14,-1,14,-1,14,0,14,0,13,0,12,1,13,1,13,1,12,1,12,2,12,1,12,2,12,1,12,1,12,0,12,0,12,-1,11,-1,11,-1,10,-2,10,-2,9,-3,8,0,0,0,0,0,0,0,0,0,0,0,0,0,0,0,0,0,0,0,0,0,0,0,9,-1,10,-1,10,-2,11,-2,11,-3,12,-4,12,-4,12,-4,12,-5,12,-5,12,-5,12,-4,12,-4,11,-4,11,-4,12,-4,12,-3,12,-3,12,-2,13,-2,13,-1,13,-2,14,-1,14,-1,15,-1,15]
[0;32mI (182264) TAG: STA connected to 24:ec:4a:04:39:15, ch=6 (sec=0)[0m
anchor,A2,24:ec:4a:04:39:15,ch=6
ftm_report,A2,9,9,1.350
csi_data,A2,[0,0,2,-15,2,-15,2,-15,3,-15,2,-14,2,-14,1,-14,1,-13,0,-13,0,-13,0,-13,-1,-12,-1,-13,-2,-13,-1,-13,-1,-13,-1,-13,-1,-13,-1,-13,-1,-13,0,-13,1,-12,1,-12,1,-11,2,-11,2,-11,0,0,0,0,0,0,0,0,0,0,0,0,0,0,0,0,0,0,0,0,0,0,1,-13,1,-13,2,-13,3,-13,3,-13,4,-13,5,-13,5,-13,5,-13,6,-12,6,-12,6,-12,6,-12,5,-12,5,-12,5,-12,4,-12,4,-13,4,-13,3,-14,3,-14,3,-14,2,-15,3,-15,3,-15,3,-15]
[0;32mI (183144) TAG: STA connected to 24:ec:4a:03:56:41, ch=11 (sec=0)[0m
anchor,A3,24:ec:4a:03:56:41,ch=11
ftm_report,A3,17,17,2.550
[0;32mI (183994) TAG: STA connected to 24:ec:4a:03:58:5d, ch=1 (sec=0)[0m
anchor,A1,24:ec:4a:03:58:5d,ch=1
ftm_report,A1,24,24,3.600
[0;32mI (184864) TAG: STA connected to 24:ec:4a:04:39:15, ch=6 (sec=0)[0m
csi_data,A2,[0,0,13,5,13,4,13,5,13,4,13,4,12,4,12,3,12,3,12,3,12,1,12,1,12,0,12,0,12,0,12,0,12,0,12,0,12,1,12,1,12,1,12,2,11,2,11,2,10,3,10,3,9,3,0,0,0,0,0,0,0,0,0,0,0,0,0,0,0,0,0,0,0,0,0,0,11,2,11,3,11,4,11,5,11,5,11,6,11,7,11,7,10,7,10,7,10,7,10,7,10,7,10,7,10,7,10,6,11,6,11,6,11,5,12,5,12,5,12,5,13,4,13,4,14,4,14,4]
anchor,A2,24:ec:4a:04:39:15,ch=6
ftm_report,A2,9,9,1.350
[0;32mI (185744) TAG: STA connected to 24:ec:4a:03:56:41, ch=11 (sec=0)[0m
anchor,A3,24:ec:4a:03:56:41,ch=11
ftm_report,A3,17,17,2.550
csi_data,A3,[0,0,-15,2,-15,2,-15,2,-15,3,-15,3,-15,4,-15,4,-14,5,-14,5,-14,6,-15,7,-14,7,-14,8,-15,9,-15,9,-16,9,-16,9,-17,9,-18,8,-18,7,-19,6,-19,5,-18,4,-18,3,-18,2,-18,0,0,0,0,0,0,0,0,0,0,0,0,0,0,0,0,0,0,0,0,0,0,0,-7,-4,-8,-4,-8,-4,-8,-4,-8,-4,-9,-5,-9,-5,-9,-4,-9,-5,-9,-5,-10,-5,-10,-4,-10,-4,-10,-4,-10,-4,-11,-3,-11,-3,-11,-2,-12,-2,-12,-1,-13,-1,-13,-1,-13,0,-14,0,-14,1,-15,2]
[0;32mI (186604) TAG: STA connected to 24:ec:4a:03:58:5d, ch=1 (sec=0)[0m
anchor,A1,24:ec:4a:03:58:5d,ch=1
ftm_report,A1,20,20,3.000
csi_data,A1,[0,0,-10,12,-10,12,-10,11,-10,12,-10,12,-9,11,-9,11,-8,11,-8,11,-7,11,-7,11,-7,11,-7,11,-6,11,-7,11,-6,12,-7,11,-7,11,-7,11,-7,10,-7,10,-7,8,-8,8,-7,7,-8,7,-7,6,0,0,0,0,0,0,0,0,0,0,0,0,0,0,0,0,0,0,0,0,0,0,-6,8,-7,8,-8,8,-8,8,-9,7,-10,8,-10,8,-11,7,-11,7,-11,7,-11,7,-11,7,-12,7,-11,7,-11,7,-11,7,-10,8,-10,8,-10,9,-10,10,-10,10,-10,10,-10,11,-10,11,-10,12,-11,12]
[0;32mI (187474) TAG: STA connected to 24:ec:4a:04:39:15, ch=6 (sec=0)[0m
anchor,A2,24:ec:4a:04:39:15,ch=6
ftm_report,A2,9,9,1.350
csi_data,A2,[0,0,3,-15,3,-14,3,-15,3,-14,2,-14,2,-14,2,-13,1,-13,1,-13,0,-13,0,-13,-1,-12,-1,-13,-1,-13,-1,-13,-1,-13,-1,-13,-1,-13,-1,-13,0,-13,0,-13,1,-12,1,-12,1,-12,2,-11,2,-11,0,0,0,0,0,0,0,0,0,0,0,0,0,0,0,0,0,0,0,0,0,0,1,-12,2,-13,3,-12,3,-13,4,-13,5,-13,5,-13,5,-13,6,-13,6,-12,6,-13,6,-12,6,-12,5,-12,5,-12,5,-12,5,-13,4,-12,4,-13,4,-13,3,-14,3,-14,3,-14,3,-15,3,-15,3,-16]
[0;32mI (188364) TAG: STA connected to 24:ec:4a:03:56:41, ch=11 (sec=0)[0m
anchor,A3,24:ec:4a:03:56:41,ch=11
ftm_report,A3,16,16,2.400
csi_data,A3,[0,0,14,1,14,1,14,1,14,0,14,0,14,-1,14,-1,14,-2,14,-3,14,-3,15,-4,15,-5,15,-5,16,-6,16,-6,17,-6,17,-5,18,-5,18,-4,18,-4,19,-3,19,-1,18,0,17,1,17,2,16,3,0,0,0,0,0,0,0,0,0,0,0,0,0,0,0,0,0,0,0,0,0,0,5,4,5,4,6,5,6,5,6,5,6,5,7,6,7,6,7,6,7,6,7,6,7,6,8,6,8,6,8,5,8,5,9,5,10,4,10,4,10,3,11,3,12,3,12,2,13,2,13,2,14,1]
[0;32mI (189214) TAG: STA connected to 24:ec:4a:03:58:5d, ch=1 (sec=0)[0m
anchor,A1,24:ec:4a:03:58:5d,ch=1
ftm_report,A1,16,16,2.400
csi_data,A1,[0,0,-15,3,-16,3,-15,3,-15,3,-15,3,-14,3,-14,3,-14,4,-13,4,-13,4,-13,5,-13,5,-13,5,-13,5,-13,5,-13,5,-13,4,-13,4,-13,3,-13,2,-13,2,-13,1,-12,1,-11,0,-11,-1,-10,-1,0,0,0,0,0,0,0,0,0,0,0,0,0,0,0,0,0,0,0,0,0,0,-10,1,-10,1,-11,0,-11,0,-11,0,-12,-1,-12,-1,-12,-1,-13,-2,-12,-2,-13,-2,-13,-2,-13,-2,-13,-2,-13,-1,-13,-1,-13,0,-13,0,-13,0,-13,1,-14,1,-14,2,-14,2,-15,2,-15,3,-15,3]
[0;32mI (190084) TAG: STA connected to 24:ec:4a:04:39:15, ch=6 (sec=0)[0m
csi_data,A2,[0,0,14,-2,14,-2,14,-2,14,-2,13,-2,13,-2,12,-3,12,-3,12,-3,11,-4,11,-4,11,-5,11,-5,11,-5,11,-5,11,-5,11,-5,12,-5,12,-5,12,-4,12,-4,11,-3,11,-3,11,-2,10,-2,10,-1,0,0,0,0,0,0,0,0,0,0,0,0,0,0,0,0,0,0,0,0,0,0,11,-3,11,-2,11,-1,12,0,12,0,13,0,13,1,12,1,13,2,12,2,12,2,12,2,12,2,12,2,12,2,12,1,12,0,12,0,12,0,13,-1,13,-1,13,-1,14,-2,14,-2,14,-2,14,-2]
[0;32mI (191094) esp_netif_handlers: sta ip: 192.168.4.2, mask: 255.255.255.0, gw: 192.168.4.1[0m
anchor,A2,24:ec:4a:04:39:15,ch=6
ftm_report,A2,92,92,13.800
[0;32mI (191954) TAG: STA connected to 24:ec:4a:03:56:41, ch=11 (sec=0)[0m
csi_data,A3,[0,0,10,-12,9,-12,9,-13,9,-13,8,-14,8,-14,8,-14,7,-14,7,-15,6,-15,6,-16,5,-16,5,-17,5,-18,5,-18,6,-19,6,-18,6,-19,7,-19,8,-19,10,-18,10,-17,10,-16,11,-15,11,-14,12,-13,0,0,0,0,0,0,0,0,0,0,0,0,0,0,0,0,0,0,0,0,0,0,4,-2,5,-2,5,-1,5,-2,7,-2,7,-3,7,-2,7,-3,8,-2,8,-3,8,-3,8,-3,8,-4,9,-4,9,-4,8,-5,9,-5,9,-6,8,-7,8,-8,9,-8,9,-9,9,-9,9,-10,9,-11,9,-11]
anchor,A3,24:ec:4a:03:56:41,ch=11
ftm_report,A3,21,21,3.150
[0;32mI (192864) TAG: STA connected to 24:ec:4a:03:58:5d, ch=1 (sec=0)[0m
csi_data,A1,[0,0,10,-7,9,-7,9,-7,8,-7,7,-7,6,-6,6,-6,4,-6,4,-6,2,-6,2,-6,1,-6,0,-6,-1,-6,-1,-6,-2,-6,-3,-6,-3,-7,-4,-7,-5,-7,-5,-7,-4,-8,-5,-8,-5,-9,-4,-9,-4,-10,0,0,0,0,0,0,0,0,0,0,0,0,0,0,0,0,0,0,0,0,0,0,9,-11,11,-11,11,-10,13,-10,13,-9,14,-9,15,-8,15,-7,15,-6,15,-6,15,-6,15,-5,14,-5,14,-5,13,-6,13,-6,13,-6,12,-6,12,-7,12,-7,12,-7,11,-8,11,-8,11,-8,11,-8,11,-8]
anchor,A1,24:ec:4a:03:58:5d,ch=1
ftm_report,A1,18,18,2.700
[0;32mI (193734) TAG: STA connected to 24:ec:4a:04:39:15, ch=6 (sec=0)[0m
anchor,A2,24:ec:4a:04:39:15,ch=6
ftm_report,A2,10,10,1.500
csi_data,A2,[0,0,13,8,12,8,12,7,12,7,12,7,11,6,11,6,11,5,11,5,11,4,12,4,12,3,12,3,12,3,12,3,12,3,12,3,12,3,12,4,11,4,11,4,11,5,10,5,10,5,9,6,8,6,0,0,0,0,0,0,0,0,0,0,0,0,0,0,0,0,0,0,0,0,0,0,10,5,10,5,10,6,10,7,10,7,10,8,9,9,9,9,9,9,9,9,9,10,8,10,9,9,8,9,9,9,8,9,9,8,9,8,10,8,11,8,11,7,11,7,12,7,12,8,12,7,13,7]
[0;32mI (194614) TAG: STA connected to 24:ec:4a:03:56:41, ch=11 (sec=0)[0m
anchor,A3,24:ec:4a:03:56:41,ch=11
ftm_report,A3,23,23,3.450
csi_data,A3,[0,0,-9,13,-10,12,-10,12,-9,12,-9,13,-8,13,-8,13,-7,14,-7,14,-6,14,-6,15,-5,16,-5,16,-5,17,-5,17,-5,18,-6,18,-6,18,-8,18,-8,17,-9,17,-10,16,-10,15,-11,14,-12,14,-12,12,0,0,0,0,0,0,0,0,0,0,0,0,0,0,0,0,0,0,0,0,0,0,-6,2,-6,2,-6,2,-6,2,-7,2,-8,2,-8,3,-8,3,-8,3,-9,3,-9,3,-9,4,-9,3,-10,4,-9,4,-10,5,-10,6,-9,6,-9,7,-9,7,-9,8,-9,8,-9,10,-9,10,-9,11,-9,11]
[0;32mI (195464) TAG: STA connected to 24:ec:4a:03:58:5d, ch=1 (sec=0)[0m
anchor,A1,24:ec:4a:03:58:5d,ch=1
ftm_report,A1,14,14,2.100
csi_data,A1,[0,0,7,-11,6,-10,6,-10,6,-10,5,-10,4,-8,3,-9,2,-8,1,-8,0,-8,0,-8,-1,-8,-2,-8,-2,-8,-3,-7,-4,-8,-4,-8,-4,-7,-5,-8,-5,-9,-5,-10,-5,-10,-5,-9,-4,-10,-3,-10,-4,-10,0,0,0,0,0,0,0,0,0,0,0,0,0,0,0,0,0,0,0,0,0,0,4,-13,5,-13,7,-13,7,-13,8,-13,9,-13,10,-13,11,-12,11,-12,11,-10,12,-10,11,-10,11,-10,11,-9,10,-10,10,-10,9,-10,9,-10,9,-11,8,-11,8,-11,8,-12,8,-11,8,-11,8,-11,8,-11]
[0;32mI (196324) TAG: STA connected to 24:ec:4a:04:39:15, ch=6 (sec=0)[0m
csi_data,A2,[0,0,6,-15,5,-14,5,-14,5,-13,5,-14,4,-13,4,-13,3,-13,3,-13,2,-12,2,-13,1,-13,1,-13,1,-13,1,-13,1,-14,1,-13,1,-13,1,-13,2,-13,2,-13,3,-12,3,-11,3,-11,3,-11,4,-10,0,0,0,0,0,0,0,0,0,0,0,0,0,0,0,0,0,0,0,0,0,0,3,-11,4,-12,5,-11,5,-12,6,-11,7,-12,7,-11,7,-12,8,-11,8,-11,8,-11,8,-11,8,-11,7,-10,8,-11,7,-11,7,-11,6,-11,6,-12,6,-12,5,-13,6,-13,5,-13,5,-14,5,-14,5,-15]
[0;32mI (197334) esp_netif_handlers: sta ip: 192.168.4.2, mask: 255.255.255.0, gw: 192.168.4.1[0m
anchor,A2,24:ec:4a:04:39:15,ch=6
ftm_report,A2,157,157,23.550
csi_data,A2,[0,0,12,8,12,7,12,7,11,7,12,7,11,6,11,6,11,5,11,5,11,4,11,4,11,3,11,3,12,3,11,3,12,3,11,3,12,3,12,3,11,4,11,4,10,5,10,4,9,5,9,5,9,5,0,0,0,0,0,0,0,0,0,0,0,0,0,0,0,0,0,0,0,0,0,0,9,5,10,6,9,6,9,7,9,7,9,8,9,9,9,9,8,9,8,9,8,9,8,9,8,9,8,9,9,9,8,9,9,8,9,7,10,8,10,7,11,7,11,7,11,7,12,7,12,7,13,7]
[0;32mI (198194) TAG: STA connected to 24:ec:4a:03:56:41, ch=11 (sec=0)[0m
anchor,A3,24:ec:4a:03:56:41,ch=11
ftm_report,A3,19,19,2.850
csi_data,A3,[0,0,13,-8,13,-8,12,-8,12,-9,13,-10,12,-9,12,-10,12,-10,11,-11,11,-12,11,-12,10,-13,11,-13,11,-14,11,-14,12,-15,12,-15,13,-15,14,-15,14,-14,15,-14,15,-12,15,-11,16,-10,16,-9,16,-7,0,0,0,0,0,0,0,0,0,0,0,0,0,0,0,0,0,0,0,0,0,0,5,0,5,0,6,1,6,1,6,0,7,0,7,0,7,1,8,0,8,0,9,0,9,0,9,-1,9,-1,10,-1,9,-1,10,-2,10,-3,10,-3,11,-3,11,-4,11,-5,12,-5,12,-6,12,-6,13,-7]
[0;32mI (199054) TAG: STA connected to 24:ec:4a:03:58:5d, ch=1 (sec=0)[0m
anchor,A1,24:ec:4a:03:58:5d,ch=1
ftm_report,A1,20,20,3.000
[0;32mI (199954) TAG: STA connected to 24:ec:4a:04:39:15, ch=6 (sec=0)[0m
csi_data,A2,[0,0,-16,0,-15,0,-15,0,-14,0,-15,1,-14,1,-14,1,-13,2,-13,2,-13,2,-13,3,-12,3,-12,3,-12,4,-12,4,-13,4,-13,4,-13,4,-13,3,-13,2,-13,2,-13,1,-12,1,-12,1,-12,0,-11,-1,0,0,0,0,0,0,0,0,0,0,0,0,0,0,0,0,0,0,0,0,0,0,-12,1,-12,1,-13,0,-13,-1,-13,-1,-14,-1,-14,-2,-14,-3,-14,-3,-14,-3,-14,-3,-13,-3,-13,-3,-13,-3,-13,-3,-13,-2,-13,-2,-13,-1,-14,-1,-14,-1,-14,-1,-15,0,-15,0,-15,1,-15,1,-15,0]
anchor,A2,24:ec:4a:04:39:15,ch=6
ftm_report,A2,1,1,0.150
[0;32mI (200824) TAG: STA connected to 24:ec:4a:03:56:41, ch=11 (sec=0)[0m
csi_data,A3,[0,0,-15,3,-16,2,-15,3,-15,4,-16,4,-16,4,-15,5,-15,5,-15,6,-15,6,-15,7,-15,7,-15,8,-15,8,-16,9,-17,9,-17,9,-18,8,-19,8,-18,7,-19,6,-19,5,-19,3,-18,3,-18,1,-18,0,0,0,0,0,0,0,0,0,0,0,0,0,0,0,0,0,0,0,0,0,0,0,-6,-3,-6,-3,-6,-3,-7,-3,-7,-3,-7,-4,-8,-4,-8,-4,-8,-4,-9,-4,-9,-4,-9,-4,-9,-4,-10,-4,-10,-3,-10,-3,-11,-3,-11,-2,-12,-1,-12,-1,-12,0,-13,0,-14,1,-14,1,-15,1,-14,2]
anchor,A3,24:ec:4a:03:56:41,ch=11
ftm_report,A3,20,20,3.000
[0;32mI (201704) TAG: STA connected to 24:ec:4a:03:58:5d, ch=1 (sec=0)[0m
anchor,A1,24:ec:4a:03:58:5d,ch=1
ftm_report,A1,45,45,6.750
csi_data,A1,[0,0,-6,-13,-6,-14,-6,-13,-5,-13,-5,-12,-5,-12,-5,-11,-5,-10,-5,-10,-5,-10,-6,-9,-5,-9,-6,-8,-6,-8,-5,-8,-4,-8,-4,-8,-4,-8,-4,-8,-3,-8,-2,-8,-1,-7,-1,-6,0,-6,0,-6,1,-6,0,0,0,0,0,0,0,0,0,0,0,0,0,0,0,0,0,0,0,0,0,0,-4,-12,-4,-13,-4,-13,-4,-14,-3,-15,-3,-15,-2,-16,-1,-15,-1,-16,-1,-15,-1,-16,-1,-15,-1,-15,-1,-15,-2,-15,-2,-15,-3,-14,-4,-14,-4,-15,-5,-14,-5,-14,-5,-14,-5,-14,-6,-15,-6,-14,-5,-13]
[0;32mI (202574) TAG: STA connected to 24:ec:4a:04:39:15, ch=6 (sec=0)[0m
[1;31mE (202764) wifi:No FTM Measurements received from responder![0m
[0;33mW (202864) TAG: FTM to A2 failed (ESP_FAIL), streak=1[0m
csi_data,A2,[0,0,1,-16,0,-15,0,-15,0,-15,0,-14,0,-14,-1,-14,-1,-13,-1,-13,-2,-13,-2,-13,-3,-12,-3,-13,-3,-13,-3,-13,-3,-13,-3,-13,-3,-13,-3,-13,-2,-13,-2,-13,-1,-13,-1,-12,0,-12,0,-12,1,-11,0,0,0,0,0,0,0,0,0,0,0,0,0,0,0,0,0,0,0,0,0,0,-1,-12,-1,-12,0,-12,1,-13,1,-13,2,-13,3,-13,3,-14,3,-13,4,-13,4,-13,4,-13,4,-13,3,-13,3,-13,3,-13,2,-13,2,-13,2,-14,1,-14,1,-14,1,-14,0,-15,0,-15,0,-15,0,-15]
[0;32mI (203464) TAG: STA connected to 24:ec:4a:03:56:41, ch=11 (sec=0)[0m
anchor,A3,24:ec:4a:03:56:41,ch=11
ftm_report,A3,21,21,3.150
csi_data,A3,[0,0,-15,0,-15,0,-16,0,-16,0,-16,1,-15,1,-15,2,-15,3,-15,3,-15,4,-16,4,-16,5,-16,5,-17,6,-17,6,-18,6,-18,6,-19,5,-19,5,-19,4,-20,3,-19,2,-19,1,-18,-1,-18,-2,-17,-3,0,0,0,0,0,0,0,0,0,0,0,0,0,0,0,0,0,0,0,0,0,0,-5,-5,-5,-5,-5,-5,-6,-5,-6,-5,-6,-6,-6,-5,-7,-6,-7,-6,-7,-6,-8,-6,-7,-6,-8,-6,-8,-5,-8,-5,-9,-5,-10,-4,-10,-4,-11,-4,-11,-3,-12,-3,-12,-2,-13,-1,-13,-2,-14,-2,-14,-1]
[0;32mI (204374) TAG: STA connected to 24:ec:4a:03:58:5d, ch=1 (sec=0)[0m
anchor,A1,24:ec:4a:03:58:5d,ch=1
ftm_report,A1,22,22,3.300
csi_data,A1,[0,0,-9,12,-9,11,-8,10,-8,10,-7,9,-6,9,-5,9,-5,8,-4,7,-3,7,-3,7,-2,6,-2,6,-1,5,-1,5,0,5,0,4,1,4,1,4,1,3,2,3,2,3,2,3,3,3,3,3,3,2,0,0,0,0,0,0,0,0,0,0,0,0,0,0,0,0,0,0,0,0,0,0,-5,13,-7,13,-8,13,-9,13,-10,13,-11,13,-12,13,-12,12,-13,12,-13,11,-14,11,-14,11,-13,10,-13,10,-12,11,-12,10,-11,11,-10,11,-11,11,-10,12,-10,12,-10,13,-9,13,-10,13,-10,13,-9,13]
[0;32mI (205234) TAG: STA connected to 24:ec:4a:04:39:15, ch=6 (sec=0)[0m
anchor,A2,24:ec:4a:04:39:15,ch=6
ftm_report,A2,0,0,-1.000
csi_data,A2,[0,0,14,4,14,4,13,3,13,3,13,3,13,3,12,3,12,2,12,2,12,1,12,0,12,0,12,0,12,0,12,-1,12,-1,12,0,13,0,12,1,12,1,12,1,12,2,11,2,11,2,10,3,10,3,0,0,0,0,0,0,0,0,0,0,0,0,0,0,0,0,0,0,0,0,0,0,11,1,11,2,11,3,11,3,11,4,11,4,11,5,11,6,11,6,11,6,11,6,11,6,11,6,10,6,11,5,11,5,11,5,11,5,12,4,12,4,12,4,13,4,13,4,14,3,14,4,14,4]
[0;32mI (206084) TAG: STA connected to 24:ec:4a:03:56:41, ch=11 (sec=0)[0m
anchor,A3,24:ec:4a:03:56:41,ch=11
ftm_report,A3,18,18,2.700
[0;32mI (206954) TAG: STA connected to 24:ec:4a:03:58:5d, ch=1 (sec=0)[0m
csi_data,A1,[0,0,12,6,11,5,11,5,10,4,9,4,9,4,8,3,8,2,7,2,7,1,6,0,6,0,6,0,6,-1,5,-1,5,-2,4,-2,5,-2,4,-3,4,-3,4,-3,4,-3,4,-3,4,-4,4,-3,3,-4,0,0,0,0,0,0,0,0,0,0,0,0,0,0,0,0,0,0,0,0,0,0,13,2,14,3,14,4,14,5,14,6,14,8,14,8,13,9,13,9,12,10,12,10,12,10,11,9,11,9,11,9,11,8,12,8,11,7,12,7,12,7,12,7,13,6,12,6,13,6,13,6,13,6]
anchor,A1,24:ec:4a:03:58:5d,ch=1
ftm_report,A1,23,23,3.450
[0;32mI (207804) TAG: STA connected to 24:ec:4a:04:39:15, ch=6 (sec=0)[0m
csi_data,A2,[0,0,2,15,2,14,2,14,2,14,2,13,2,13,3,12,3,12,3,12,4,11,4,11,4,11,4,11,5,11,5,11,5,11,5,11,5,12,5,12,4,12,4,12,3,11,2,11,1,11,1,11,0,11,0,0,0,0,0,0,0,0,0,0,0,0,0,0,0,0,0,0,0,0,0,0,2,10,2,11,1,11,0,11,0,12,0,12,-1,13,-1,13,-2,13,-2,12,-3,13,-3,12,-2,12,-2,12,-2,12,-1,12,-1,12,0,12,0,13,1,13,1,13,2,13,1,14,1,14,2,14,2,14]
anchor,A2,24:ec:4a:04:39:15,ch=6
ftm_report,A2,0,0,-1.000
[0;32mI (208674) TAG: STA connected to 24:ec:4a:03:56:41, ch=11 (sec=0)[0m
anchor,A3,24:ec:4a:03:56:41,ch=11
ftm_report,A3,18,18,2.700
csi_data,A3,[0,0,13,-7,14,-8,13,-8,13,-8,13,-9,13,-9,12,-10,12,-10,12,-10,11,-11,11,-11,11,-13,11,-13,12,-13,12,-13,12,-14,13,-14,13,-14,14,-14,14,-13,15,-12,16,-11,15,-10,16,-8,15,-7,16,-7,0,0,0,0,0,0,0,0,0,0,0,0,0,0,0,0,0,0,0,0,0,0,6,0,6,0,6,-1,7,0,6,0,8,0,9,0,9,0,9,0,9,0,9,0,9,0,10,0,10,0,10,-1,10,-1,10,-1,10,-2,11,-3,11,-3,11,-4,12,-5,12,-6,12,-6,13,-6,13,-7]
[0;32mI (209534) TAG: STA connected to 24:ec:4a:03:58:5d, ch=1 (sec=0)[0m
anchor,A1,24:ec:4a:03:58:5d,ch=1
ftm_report,A1,20,20,3.000
csi_data,A1,[0,0,5,-13,4,-12,5,-12,4,-11,4,-11,3,-10,2,-10,2,-9,1,-9,0,-9,0,-9,-1,-8,-1,-8,-2,-8,-3,-7,-3,-7,-3,-7,-4,-7,-4,-7,-4,-7,-4,-7,-4,-7,-4,-6,-4,-7,-4,-7,-4,-7,0,0,0,0,0,0,0,0,0,0,0,0,0,0,0,0,0,0,0,0,0,0,2,-14,3,-15,4,-15,6,-15,6,-15,8,-15,9,-14,9,-14,10,-14,10,-13,10,-13,10,-12,10,-12,9,-12,9,-12,8,-12,8,-12,7,-12,7,-12,7,-13,6,-13,6,-13,6,-13,6,-13,6,-13,6,-13]
[0;32mI (210384) TAG: STA connected to 24:ec:4a:04:39:15, ch=6 (sec=0)[0m
anchor,A2,24:ec:4a:04:39:15,ch=6
ftm_report,A2,0,0,-1.000
csi_data,A2,[0,0,13,7,12,6,12,7,12,6,12,6,12,6,12,5,12,5,11,4,11,3,12,3,12,2,12,2,12,2,12,2,12,2,12,2,12,2,12,3,12,3,11,3,11,4,10,4,10,4,9,4,9,5,0,0,0,0,0,0,0,0,0,0,0,0,0,0,0,0,0,0,0,0,0,0,10,4,10,5,10,6,10,6,9,7,10,8,10,8,9,9,9,9,9,9,9,9,9,9,9,9,8,8,9,8,9,8,9,8,10,7,10,7,11,7,11,7,11,7,12,6,12,6,13,7,13,7]
[0;32mI (211264) TAG: STA connected to 24:ec:4a:03:56:41, ch=11 (sec=0)[0m
anchor,A3,24:ec:4a:03:56:41,ch=11
ftm_report,A3,18,18,2.700
csi_data,A3,[0,0,-9,12,-10,12,-9,12,-9,13,-9,13,-8,13,-8,13,-7,14,-7,14,-6,15,-6,15,-5,15,-5,16,-5,16,-5,17,-5,17,-6,18,-6,18,-7,18,-8,18,-8,17,-9,16,-10,15,-11,14,-12,13,-12,12,0,0,0,0,0,0,0,0,0,0,0,0,0,0,0,0,0,0,0,0,0,0,-6,2,-6,2,-7,2,-7,2,-7,2,-8,3,-8,3,-9,3,-9,3,-9,3,-9,3,-9,3,-9,4,-9,4,-9,5,-10,6,-10,6,-9,6,-9,7,-9,8,-9,8,-9,9,-9,10,-9,11,-9,11,-9,11]
[0;32mI (212134) TAG: STA connected to 24:ec:4a:03:58:5d, ch=1 (sec=0)[0m
anchor,A1,24:ec:4a:03:58:5d,ch=1
ftm_report,A1,22,22,3.300
[0;32mI (212984) TAG: STA connected to 24:ec:4a:04:39:15, ch=6 (sec=0)[0m
csi_data,A2,[0,0,-2,15,-2,14,-2,14,-2,14,-2,13,-1,13,-1,13,0,13,0,12,1,12,1,12,2,12,2,12,2,12,2,12,2,12,2,12,2,12,1,12,1,12,0,12,0,12,-1,11,-1,11,-1,11,-2,10,0,0,0,0,0,0,0,0,0,0,0,0,0,0,0,0,0,0,0,0,0,0,0,11,-1,11,-2,11,-3,11,-3,12,-4,12,-5,12,-5,12,-5,12,-5,12,-5,12,-5,12,-5,12,-5,12,-5,12,-4,12,-4,12,-3,12,-3,12,-3,13,-3,13,-2,13,-2,14,-2,14,-2,14,-2,14]
anchor,A2,24:ec:4a:04:39:15,ch=6
ftm_report,A2,0,0,-1.000
[0;32mI (213834) TAG: STA connected to 24:ec:4a:03:56:41, ch=11 (sec=0)[0m
csi_data,A3,[0,0,-12,-10,-13,-9,-13,-9,-14,-9,-14,-9,-14,-8,-15,-8,-15,-7,-15,-7,-15,-6,-15,-6,-16,-6,-17,-5,-18,-5,-18,-5,-18,-6,-19,-6,-19,-7,-19,-8,-18,-8,-18,-9,-18,-10,-16,-11,-15,-12,-14,-12,-13,-12,0,0,0,0,0,0,0,0,0,0,0,0,0,0,0,0,0,0,0,0,0,0,-2,-6,-2,-7,-2,-7,-2,-7,-3,-7,-3,-8,-3,-8,-3,-9,-3,-9,-3,-9,-4,-9,-4,-9,-4,-10,-4,-9,-5,-9,-6,-9,-6,-9,-7,-9,-7,-9,-8,-9,-9,-9,-9,-10,-10,-9,-11,-9,-11,-10,-12,-10]
anchor,A3,24:ec:4a:03:56:41,ch=11
ftm_report,A3,19,19,2.850
[0;32mI (214754) TAG: STA connected to 24:ec:4a:03:58:5d, ch=1 (sec=0)[0m
anchor,A1,24:ec:4a:03:58:5d,ch=1
ftm_report,A1,19,19,2.850
csi_data,A1,[0,0,-14,-5,-14,-5,-13,-5,-12,-4,-12,-4,-12,-3,-12,-3,-11,-2,-11,-2,-10,-1,-10,-1,-10,0,-10,0,-10,1,-9,1,-10,1,-9,1,-9,1,-9,1,-9,1,-9,1,-9,1,-8,1,-8,0,-8,1,-8,0,0,0,0,0,0,0,0,0,0,0,0,0,0,0,0,0,0,0,0,0,0,0,-13,-1,-13,-2,-13,-3,-14,-4,-14,-5,-14,-6,-14,-7,-14,-7,-14,-8,-13,-8,-13,-8,-12,-8,-12,-8,-12,-8,-13,-7,-12,-7,-13,-7,-12,-6,-13,-6,-13,-6,-14,-6,-14,-5,-14,-5,-15,-5,-14,-5,-14,-5]
[0;32mI (215604) TAG: STA connected to 24:ec:4a:04:39:15, ch=6 (sec=0)[0m
csi_data,A2,[0,0,8,-13,7,-13,8,-13,7,-13,7,-13,6,-12,6,-12,5,-12,5,-12,4,-12,4,-12,4,-12,3,-12,3,-13,3,-13,3,-13,4,-13,4,-13,4,-13,4,-12,4,-12,5,-12,5,-11,6,-10,6,-10,6,-9,0,0,0,0,0,0,0,0,0,0,0,0,0,0,0,0,0,0,0,0,0,0,4,-11,5,-11,6,-11,7,-11,7,-10,8,-11,8,-10,9,-10,9,-10,9,-9,9,-9,9,-9,9,-9,9,-9,9,-9,8,-10,8,-10,8,-11,8,-11,7,-11,7,-12,7,-12,7,-13,8,-13,8,-13,8,-13]
anchor,A2,24:ec:4a:04:39:15,ch=6
ftm_report,A2,88,88,13.200
[0;32mI (216624) esp_netif_handlers: sta ip: 192.168.4.2, mask: 255.255.255.0, gw: 192.168.4.1[0m
[0;32mI (216984) TAG: STA connected to 24:ec:4a:03:56:41, ch=11 (sec=0)[0m
csi_data,A3,[0,0,-15,-6,-16,-6,-15,-5,-15,-5,-16,-5,-15,-4,-16,-4,-16,-3,-17,-2,-17,-2,-17,-1,-17,-1,-17,0,-18,0,-19,0,-19,0,-19,-1,-20,-1,-20,-2,-20,-3,-19,-4,-19,-5,-18,-6,-17,-7,-16,-7,-16,-8,0,0,0,0,0,0,0,0,0,0,0,0,0,0,0,0,0,0,0,0,0,0,-4,-5,-5,-5,-5,-5,-5,-6,-6,-6,-5,-6,-6,-6,-7,-7,-6,-7,-6,-8,-7,-8,-7,-8,-7,-8,-8,-8,-8,-7,-8,-7,-9,-7,-9,-7,-10,-7,-11,-7,-11,-6,-12,-7,-13,-6,-14,-6,-14,-6,-14,-6]
anchor,A3,24:ec:4a:03:56:41,ch=11
ftm_report,A3,21,21,3.150
[0;32mI (217844) TAG: STA connected to 24:ec:4a:03:58:5d, ch=1 (sec=0)[0m
csi_data,A1,[0,0,-14,3,-13,3,-12,3,-11,3,-11,3,-10,3,-9,3,-8,3,-8,3,-7,4,-6,4,-6,4,-5,4,-5,4,-4,5,-4,5,-3,5,-3,5,-3,5,-3,5,-2,5,-2,5,-2,5,-2,5,-2,5,-2,5,0,0,0,0,0,0,0,0,0,0,0,0,0,0,0,0,0,0,0,0,0,0,-13,6,-14,6,-14,5,-16,4,-16,3,-17,3,-17,1,-17,0,-17,0,-17,-1,-17,0,-16,-1,-16,-1,-15,0,-15,0,-15,0,-15,1,-14,1,-15,1,-14,2,-14,2,-15,2,-14,3,-15,3,-14,3,-14,3]
anchor,A1,24:ec:4a:03:58:5d,ch=1
ftm_report,A1,26,26,3.900
[0;32mI (218714) TAG: STA connected to 24:ec:4a:04:39:15, ch=6 (sec=0)[0m
anchor,A2,24:ec:4a:04:39:15,ch=6
ftm_report,A2,0,0,-1.000
csi_data,A2,[0,0,-10,-12,-11,-11,-10,-11,-10,-11,-10,-10,-10,-10,-10,-10,-10,-9,-10,-9,-11,-9,-11,-8,-11,-7,-11,-7,-11,-7,-12,-7,-11,-7,-12,-7,-11,-8,-11,-8,-11,-8,-10,-8,-10,-8,-9,-9,-8,-9,-8,-9,-7,-9,0,0,0,0,0,0,0,0,0,0,0,0,0,0,0,0,0,0,0,0,0,0,-9,-8,-9,-9,-9,-9,-8,-10,-8,-10,-8,-11,-7,-12,-7,-12,-7,-12,-6,-12,-6,-12,-6,-12,-6,-12,-6,-12,-6,-11,-7,-12,-7,-11,-8,-11,-8,-11,-9,-11,-9,-11,-10,-11,-10,-11,-10,-11,-10,-11,-10,-12]
[0;32mI (219584) TAG: STA connected to 24:ec:4a:03:56:41, ch=11 (sec=0)[0m
anchor,A3,24:ec:4a:03:56:41,ch=11
ftm_report,A3,33,33,4.950
csi_data,A3,[0,0,3,-15,3,-16,3,-16,2,-16,2,-16,1,-16,1,-17,1,-16,0,-16,-1,-17,-1,-17,-2,-17,-2,-18,-2,-18,-2,-19,-2,-19,-1,-19,-1,-20,-1,-20,0,-20,1,-20,2,-19,3,-19,4,-18,5,-17,6,-16,0,0,0,0,0,0,0,0,0,0,0,0,0,0,0,0,0,0,0,0,0,0,3,-5,4,-5,4,-5,4,-6,4,-6,5,-6,5,-6,6,-7,6,-7,6,-7,6,-8,6,-8,6,-8,6,-8,6,-9,6,-9,5,-9,5,-10,5,-10,4,-12,4,-12,4,-13,4,-13,4,-14,4,-14,4,-15]
[0;32mI (220444) TAG: STA connected to 24:ec:4a:03:58:5d, ch=1 (sec=0)[0m
anchor,A1,24:ec:4a:03:58:5d,ch=1
ftm_report,A1,22,22,3.300
csi_data,A1,[0,0,1,-14,0,-14,0,-13,1,-13,0,-12,-1,-11,-1,-11,-2,-10,-2,-9,-2,-8,-2,-8,-3,-8,-4,-7,-3,-7,-4,-7,-4,-6,-4,-6,-5,-5,-5,-6,-5,-5,-5,-5,-5,-5,-5,-5,-5,-4,-5,-4,-5,-4,0,0,0,0,0,0,0,0,0,0,0,0,0,0,0,0,0,0,0,0,0,0,-3,-14,-2,-15,-1,-16,-1,-16,1,-17,2,-17,3,-17,3,-17,4,-17,5,-17,5,-16,5,-16,4,-15,5,-15,4,-14,3,-15,3,-15,3,-15,2,-15,2,-15,1,-15,1,-15,1,-16,1,-16,1,-15,1,-16]
[0;32mI (221304) TAG: STA connected to 24:ec:4a:04:39:15, ch=6 (sec=0)[0m
anchor,A2,24:ec:4a:04:39:15,ch=6
ftm_report,A2,0,0,-1.000
csi_data,A2,[0,0,-13,-9,-12,-9,-13,-9,-12,-9,-12,-8,-12,-8,-12,-8,-12,-7,-12,-7,-12,-6,-12,-5,-12,-5,-12,-5,-13,-5,-12,-4,-13,-5,-12,-5,-13,-5,-13,-6,-12,-6,-12,-6,-11,-7,-10,-6,-10,-7,-10,-7,-9,-7,0,0,0,0,0,0,0,0,0,0,0,0,0,0,0,0,0,0,0,0,0,0,-10,-6,-11,-7,-10,-7,-10,-8,-10,-9,-10,-10,-10,-10,-9,-10,-9,-11,-9,-11,-9,-11,-9,-11,-9,-10,-9,-10,-9,-10,-9,-10,-10,-10,-10,-9,-11,-9,-11,-9,-11,-9,-12,-9,-12,-9,-13,-9,-13,-9,-13,-9]
[0;32mI (222174) TAG: STA connected to 24:ec:4a:03:56:41, ch=11 (sec=0)[0m
anchor,A3,24:ec:4a:03:56:41,ch=11
ftm_report,A3,19,19,2.850
csi_data,A3,[0,0,11,-11,11,-11,10,-11,10,-12,10,-13,10,-12,9,-13,9,-13,9,-14,8,-14,7,-15,7,-15,7,-15,7,-16,8,-17,8,-17,9,-17,9,-17,10,-17,10,-17,11,-16,12,-14,12,-14,13,-13,13,-12,13,-10,0,0,0,0,0,0,0,0,0,0,0,0,0,0,0,0,0,0,0,0,0,0,5,-2,5,-2,6,-2,6,-2,7,-2,7,-3,8,-2,8,-3,9,-3,9,-3,9,-3,9,-3,9,-3,9,-4,9,-4,9,-5,9,-5,10,-6,10,-6,10,-6,10,-8,10,-8,10,-9,10,-10,10,-10,10,-11]
[0;32mI (223044) TAG: STA connected to 24:ec:4a:03:58:5d, ch=1 (sec=0)[0m
anchor,A1,24:ec:4a:03:58:5d,ch=1
ftm_report,A1,25,25,3.750
[0;32mI (223914) TAG: STA connected to 24:ec:4a:04:39:15, ch=6 (sec=0)[0m
csi_data,A2,[0,0,-14,6,-14,5,-14,5,-13,5,-13,6,-13,6,-12,6,-11,6,-11,6,-11,7,-10,7,-10,7,-10,7,-10,8,-10,8,-10,8,-11,8,-10,8,-11,7,-11,7,-11,7,-11,6,-11,5,-11,5,-11,4,-11,3,0,0,0,0,0,0,0,0,0,0,0,0,0,0,0,0,0,0,0,0,0,0,-10,5,-11,5,-11,4,-12,3,-13,3,-13,3,-13,2,-14,2,-14,2,-14,1,-14,1,-13,1,-13,1,-13,1,-13,2,-13,2,-13,3,-13,3,-13,3,-13,4,-13,4,-14,5,-14,5,-14,6,-14,6,-14,6]
anchor,A2,24:ec:4a:04:39:15,ch=6
ftm_report,A2,0,0,-1.000
[0;32mI (224784) TAG: STA connected to 24:ec:4a:03:56:41, ch=11 (sec=0)[0m
csi_data,A3,[0,0,14,7,13,6,14,6,14,6,14,5,14,5,14,4,15,4,15,3,15,2,15,2,15,2,16,2,17,1,18,1,18,1,18,3,18,3,18,3,19,4,18,4,18,5,16,6,15,7,14,8,14,9,0,0,0,0,0,0,0,0,0,0,0,0,0,0,0,0,0,0,0,0,0,0,2,5,3,5,4,5,3,6,4,6,4,7,4,6,4,7,4,7,4,8,4,8,5,8,5,8,5,8,6,8,6,8,7,7,7,7,8,7,9,7,10,7,10,7,11,7,11,7,12,7,13,7]
anchor,A3,24:ec:4a:03:56:41,ch=11
ftm_report,A3,20,20,3.000
[0;32mI (225704) TAG: STA connected to 24:ec:4a:03:58:5d, ch=1 (sec=0)[0m
anchor,A1,24:ec:4a:03:58:5d,ch=1
ftm_report,A1,22,22,3.300
csi_data,A1,[0,0,0,-14,0,-13,-1,-14,0,-12,-1,-12,-1,-11,-1,-10,-2,-10,-2,-9,-3,-8,-3,-8,-3,-7,-4,-7,-4,-7,-4,-6,-4,-6,-4,-5,-5,-5,-4,-5,-4,-4,-5,-4,-4,-4,-4,-4,-4,-4,-4,-3,-4,-3,0,0,0,0,0,0,0,0,0,0,0,0,0,0,0,0,0,0,0,0,0,0,-3,-14,-3,-15,-2,-15,-1,-16,0,-16,1,-17,2,-17,2,-17,3,-16,3,-16,4,-16,4,-15,3,-15,3,-15,3,-15,3,-14,2,-15,1,-14,1,-15,1,-15,0,-15,0,-15,0,-14,-1,-15,0,-15,0,-16]
[0;32mI (226594) TAG: STA connected to 24:ec:4a:04:39:15, ch=6 (sec=0)[0m
anchor,A2,24:ec:4a:04:39:15,ch=6
ftm_report,A2,3,3,0.450
csi_data,A2,[0,0,-5,14,-4,14,-4,14,-4,14,-3,13,-3,13,-3,13,-2,12,-2,12,-1,12,-1,12,0,12,0,12,0,12,0,12,0,13,0,12,0,13,-1,12,-1,12,-2,12,-2,11,-2,11,-3,11,-3,10,-3,10,0,0,0,0,0,0,0,0,0,0,0,0,0,0,0,0,0,0,0,0,0,0,-3,11,-3,11,-4,11,-5,11,-5,11,-6,11,-7,11,-7,11,-7,11,-7,11,-8,11,-7,11,-7,11,-7,11,-7,11,-7,11,-6,11,-6,11,-5,12,-5,12,-5,13,-5,13,-4,14,-4,14,-4,14,-4,14]
[0;32mI (227474) TAG: STA connected to 24:ec:4a:03:56:41, ch=11 (sec=0)[0m
anchor,A3,24:ec:4a:03:56:41,ch=11
ftm_report,A3,21,21,3.150
csi_data,A3,[0,0,-15,3,-15,3,-15,4,-16,4,-15,4,-15,5,-15,5,-15,6,-15,6,-14,7,-15,8,-14,8,-14,8,-14,9,-15,9,-16,10,-16,9,-17,9,-17,9,-17,8,-18,7,-18,6,-17,5,-18,4,-17,3,-17,1,0,0,0,0,0,0,0,0,0,0,0,0,0,0,0,0,0,0,0,0,0,0,-6,-2,-6,-2,-7,-2,-7,-2,-8,-3,-8,-2,-8,-3,-9,-4,-9,-3,-9,-4,-9,-3,-10,-3,-10,-3,-10,-3,-11,-3,-11,-2,-11,-2,-11,-1,-12,-1,-13,0,-13,1,-13,1,-14,1,-15,1,-14,2,-15,2]
[0;32mI (228354) TAG: STA connected to 24:ec:4a:03:58:5d, ch=1 (sec=0)[0m
anchor,A1,24:ec:4a:03:58:5d,ch=1
ftm_report,A1,27,27,4.050
csi_data,A1,[0,0,-6,13,-6,11,-6,11,-5,11,-5,10,-4,10,-4,9,-3,9,-3,9,-2,8,-1,8,-1,7,0,7,1,7,1,7,1,7,1,7,1,6,2,6,1,6,2,6,2,6,1,5,2,5,2,5,2,6,0,0,0,0,0,0,0,0,0,0,0,0,0,0,0,0,0,0,0,0,0,0,-3,13,-4,13,-5,13,-6,14,-7,13,-8,14,-9,14,-10,13,-10,13,-10,12,-11,12,-11,11,-10,11,-10,11,-9,11,-9,11,-9,12,-8,12,-8,12,-7,12,-7,12,-7,13,-7,13,-7,13,-7,13,-7,13]
[0;32mI (229204) TAG: STA connected to 24:ec:4a:04:39:15, ch=6 (sec=0)[0m
anchor,A2,24:ec:4a:04:39:15,ch=6
ftm_report,A2,0,0,-1.000
csi_data,A2,[0,0,12,9,12,8,11,8,12,8,11,7,11,7,11,6,11,6,11,5,11,5,11,4,11,4,11,4,11,3,12,3,12,3,12,4,12,4,12,4,11,5,11,5,10,5,10,5,9,6,9,6,8,6,0,0,0,0,0,0,0,0,0,0,0,0,0,0,0,0,0,0,0,0,0,0,9,5,9,6,9,7,9,8,9,8,9,9,9,9,8,10,8,10,8,10,8,10,8,10,7,10,8,9,8,9,8,9,9,9,9,9,9,8,10,8,10,8,11,8,11,8,12,8,12,8,12,8]
[0;32mI (230094) TAG: STA connected to 24:ec:4a:03:56:41, ch=11 (sec=0)[0m
anchor,A3,24:ec:4a:03:56:41,ch=11
ftm_report,A3,28,28,4.200
[0;32mI (230964) TAG: STA connected to 24:ec:4a:03:58:5d, ch=1 (sec=0)[0m
csi_data,A1,[0,0,-10,-11,-10,-11,-9,-11,-9,-10,-8,-10,-8,-9,-8,-8,-8,-7,-8,-7,-8,-6,-8,-6,-7,-5,-7,-5,-8,-4,-7,-4,-7,-4,-7,-3,-7,-3,-7,-3,-6,-2,-6,-2,-5,-2,-5,-2,-6,-1,-5,-1,-5,-1,0,0,0,0,0,0,0,0,0,0,0,0,0,0,0,0,0,0,0,0,0,0,-11,-9,-11,-10,-10,-11,-11,-12,-10,-12,-10,-13,-9,-13,-9,-14,-8,-15,-7,-15,-7,-15,-7,-15,-7,-14,-7,-13,-7,-13,-7,-13,-8,-13,-8,-12,-8,-13,-9,-12,-9,-12,-10,-12,-10,-12,-10,-11,-10,-12,-10,-12]
anchor,A1,24:ec:4a:03:58:5d,ch=1
ftm_report,A1,25,25,3.750
[0;32mI (231834) TAG: STA connected to 24:ec:4a:04:39:15, ch=6 (sec=0)[0m
csi_data,A2,[0,0,14,4,13,3,13,3,13,3,13,2,13,2,12,2,12,1,12,1,12,0,12,0,12,0,12,0,12,-1,12,-1,12,-1,12,-1,12,-1,12,0,12,0,12,0,11,1,11,1,10,2,10,2,9,3,0,0,0,0,0,0,0,0,0,0,0,0,0,0,0,0,0,0,0,0,0,0,10,2,10,2,11,3,11,4,11,4,11,5,11,5,11,5,11,6,10,7,10,7,10,7,10,7,10,6,10,6,11,6,11,5,11,5,11,4,12,4,12,4,13,3,13,3,13,4,14,4,14,4]
[0;32mI (232844) esp_netif_handlers: sta ip: 192.168.4.2, mask: 255.255.255.0, gw: 192.168.4.1[0m
anchor,A2,24:ec:4a:04:39:15,ch=6
ftm_report,A2,0,0,-1.000
[0;32mI (233714) TAG: STA connected to 24:ec:4a:03:56:41, ch=11 (sec=0)[0m
anchor,A3,24:ec:4a:03:56:41,ch=11
ftm_report,A3,30,30,4.500
csi_data,A3,[0,0,2,-16,1,-16,1,-16,1,-16,0,-16,-1,-16,-1,-16,-2,-16,-2,-16,-3,-16,-3,-17,-4,-17,-5,-17,-4,-18,-5,-18,-5,-19,-4,-19,-3,-20,-3,-20,-2,-20,-1,-20,0,-20,1,-19,2,-18,4,-17,5,-17,0,0,0,0,0,0,0,0,0,0,0,0,0,0,0,0,0,0,0,0,0,0,3,-6,3,-6,3,-6,4,-7,4,-6,4,-8,5,-8,5,-8,5,-8,5,-8,5,-9,6,-9,5,-9,5,-9,5,-10,5,-10,4,-11,4,-11,4,-12,3,-12,2,-13,2,-13,2,-13,2,-14,2,-14,1,-15]
[0;32mI (234574) TAG: STA connected to 24:ec:4a:03:58:5d, ch=1 (sec=0)[0m
anchor,A1,24:ec:4a:03:58:5d,ch=1
ftm_report,A1,31,31,4.650
csi_data,A1,[0,0,-6,-13,-6,-13,-5,-12,-5,-12,-5,-11,-5,-11,-5,-10,-5,-9,-5,-9,-4,-8,-5,-8,-4,-7,-4,-6,-4,-7,-4,-6,-3,-6,-3,-4,-2,-4,-2,-5,-2,-4,-1,-4,-2,-3,-1,-2,0,-2,0,-1,1,-1,0,0,0,0,0,0,0,0,0,0,0,0,0,0,0,0,0,0,0,0,0,0,-6,-12,-5,-13,-5,-14,-5,-14,-4,-15,-3,-15,-3,-16,-3,-16,-2,-17,-1,-16,-1,-16,-1,-16,-1,-16,-2,-15,-2,-15,-3,-15,-3,-14,-4,-15,-4,-14,-5,-14,-5,-14,-6,-14,-6,-15,-6,-14,-6,-14,-6,-14]
[0;32mI (235434) TAG: STA connected to 24:ec:4a:04:39:15, ch=6 (sec=0)[0m
anchor,A2,24:ec:4a:04:39:15,ch=6
ftm_report,A2,0,0,-1.000
csi_data,A2,[0,0,12,-9,11,-9,11,-9,11,-9,11,-9,10,-9,10,-9,10,-9,9,-9,8,-10,8,-10,8,-10,7,-10,7,-10,7,-11,7,-11,8,-11,8,-11,8,-10,8,-10,8,-9,8,-9,9,-8,9,-8,8,-7,9,-6,0,0,0,0,0,0,0,0,0,0,0,0,0,0,0,0,0,0,0,0,0,0,8,-8,9,-8,9,-7,10,-7,11,-7,11,-7,12,-6,12,-6,12,-5,12,-5,12,-5,12,-5,12,-5,12,-5,12,-5,11,-6,11,-6,11,-7,11,-7,11,-8,11,-8,11,-8,11,-9,12,-9,12,-9,12,-9]
[0;32mI (236304) TAG: STA connected to 24:ec:4a:03:56:41, ch=11 (sec=0)[0m
anchor,A3,24:ec:4a:03:56:41,ch=11
ftm_report,A3,25,25,3.750
csi_data,A3,[0,0,-16,0,-16,0,-16,-1,-16,1,-16,1,-16,2,-16,2,-16,3,-16,3,-15,4,-16,5,-16,5,-16,5,-17,6,-17,6,-18,6,-18,6,-19,6,-19,5,-19,4,-19,3,-19,2,-19,1,-19,0,-18,-1,-17,-3,0,0,0,0,0,0,0,0,0,0,0,0,0,0,0,0,0,0,0,0,0,0,-5,-3,-6,-3,-6,-3,-7,-4,-7,-4,-8,-4,-8,-5,-8,-5,-8,-5,-8,-5,-8,-5,-9,-5,-9,-5,-9,-5,-10,-5,-10,-5,-10,-4,-11,-4,-12,-4,-12,-3,-13,-2,-13,-2,-14,-2,-14,-2,-15,-1,-15,0]
[0;32mI (237234) TAG: STA connected to 24:ec:4a:03:58:5d, ch=1 (sec=0)[0m
anchor,A1,24:ec:4a:03:58:5d,ch=1
ftm_report,A1,130,130,19.500
csi_data,A1,[0,0,12,2,11,2,11,1,10,1,9,1,8,0,8,0,7,-1,6,-1,6,-2,5,-2,4,-2,4,-3,3,-3,2,-4,2,-4,1,-4,1,-5,0,-5,0,-5,0,-6,0,-6,-1,-6,-1,-7,-1,-7,0,-7,0,0,0,0,0,0,0,0,0,0,0,0,0,0,0,0,0,0,0,0,0,0,14,0,15,1,15,2,16,2,16,3,16,5,16,5,16,6,16,7,15,7,15,8,14,7,14,7,13,7,13,6,13,6,13,6,13,5,13,4,13,4,13,3,14,3,13,3,13,3,13,3,13,2]
[0;32mI (238124) TAG: STA connected to 24:ec:4a:04:39:15, ch=6 (sec=0)[0m
anchor,A2,24:ec:4a:04:39:15,ch=6
ftm_report,A2,4,4,0.600
csi_data,A2,[0,0,-15,-2,-15,-3,-15,-3,-15,-2,-14,-2,-14,-2,-14,-1,-14,-1,-13,-1,-13,0,-13,0,-13,1,-13,1,-13,1,-13,1,-13,1,-13,1,-13,1,-14,1,-13,1,-13,0,-13,0,-13,-1,-12,-2,-11,-2,-11,-3,0,0,0,0,0,0,0,0,0,0,0,0,0,0,0,0,0,0,0,0,0,0,-12,-1,-12,-2,-13,-3,-13,-3,-13,-4,-13,-5,-13,-5,-13,-5,-13,-6,-13,-6,-12,-6,-12,-7,-12,-6,-12,-6,-12,-5,-12,-5,-13,-5,-13,-4,-13,-4,-14,-3,-14,-3,-14,-3,-15,-3,-15,-3,-15,-3,-15,-3]
[0;32mI (239134) esp_netif_handlers: sta ip: 192.168.4.2, mask: 255.255.255.0, gw: 192.168.4.1[0m
[0;32mI (239504) TAG: STA connected to 24:ec:4a:03:56:41, ch=11 (sec=0)[0m
anchor,A3,24:ec:4a:03:56:41,ch=11
ftm_report,A3,23,23,3.450
csi_data,A3,[0,0,8,-12,7,-13,7,-13,8,-13,7,-14,6,-14,6,-14,5,-14,5,-15,4,-15,4,-15,4,-16,4,-16,3,-16,3,-17,4,-18,4,-18,5,-18,5,-19,6,-18,7,-17,8,-17,9,-16,9,-14,10,-13,11,-13,0,0,0,0,0,0,0,0,0,0,0,0,0,0,0,0,0,0,0,0,0,0,5,-3,5,-4,5,-4,6,-4,6,-4,7,-5,7,-5,8,-5,8,-5,8,-5,9,-5,9,-5,9,-5,9,-5,8,-6,8,-6,8,-7,8,-8,8,-8,8,-9,8,-9,8,-10,8,-10,8,-11,8,-11,8,-12]
[0;32mI (240364) TAG: STA connected to 24:ec:4a:03:58:5d, ch=1 (sec=0)[0m
anchor,A1,24:ec:4a:03:58:5d,ch=1
ftm_report,A1,24,24,3.600
csi_data,A1,[0,0,11,1,10,1,10,0,9,0,9,0,8,-1,7,-2,6,-2,6,-2,5,-3,4,-4,4,-4,3,-4,3,-5,2,-5,2,-6,1,-6,1,-7,0,-7,0,-8,0,-8,0,-8,1,-9,1,-9,1,-9,1,-9,0,0,0,0,0,0,0,0,0,0,0,0,0,0,0,0,0,0,0,0,0,0,14,0,15,1,15,2,16,3,16,4,16,5,16,6,16,6,15,7,14,7,14,7,14,8,13,7,13,7,13,6,12,6,12,5,12,4,12,4,13,3,12,3,13,3,12,2,12,2,12,2,12,1]
[0;32mI (241214) TAG: STA connected to 24:ec:4a:04:39:15, ch=6 (sec=0)[0m
anchor,A2,24:ec:4a:04:39:15,ch=6
ftm_report,A2,0,0,-1.000
csi_data,A2,[0,0,-15,-3,-15,-3,-15,-3,-15,-3,-14,-2,-14,-2,-14,-2,-13,-1,-13,-1,-13,0,-13,0,-13,1,-13,1,-13,1,-13,1,-13,1,-13,1,-13,1,-14,0,-13,0,-13,0,-13,-1,-12,-1,-12,-2,-11,-2,-11,-3,0,0,0,0,0,0,0,0,0,0,0,0,0,0,0,0,0,0,0,0,0,0,-12,-1,-12,-2,-13,-3,-12,-3,-13,-4,-13,-4,-13,-5,-13,-5,-13,-6,-13,-6,-13,-6,-12,-6,-12,-6,-12,-5,-12,-5,-12,-5,-12,-5,-13,-4,-13,-4,-14,-3,-14,-3,-14,-3,-15,-3,-15,-2,-15,-3,-15,-2]
[0;32mI (242084) TAG: STA connected to 24:ec:4a:03:56:41, ch=11 (sec=0)[0m
anchor,A3,24:ec:4a:03:56:41,ch=11
ftm_report,A3,24,24,3.600
[0;32mI (242944) TAG: STA connected to 24:ec:4a:03:58:5d, ch=1 (sec=0)[0m
csi_data,A1,[0,0,-10,-10,-10,-10,-9,-9,-9,-8,-8,-8,-8,-7,-7,-7,-6,-6,-6,-6,-5,-5,-5,-5,-4,-4,-4,-4,-3,-4,-2,-4,-1,-4,-1,-3,0,-3,2,-3,2,-3,3,-2,3,-2,4,-1,4,0,5,0,5,1,0,0,0,0,0,0,0,0,0,0,0,0,0,0,0,0,0,0,0,0,0,0,-9,-12,-9,-13,-9,-14,-9,-14,-8,-15,-8,-16,-8,-17,-7,-17,-7,-17,-6,-17,-7,-17,-6,-16,-6,-16,-7,-15,-7,-14,-8,-14,-8,-14,-9,-13,-9,-13,-10,-12,-10,-12,-11,-12,-11,-11,-11,-11,-11,-11,-11,-11]
anchor,A1,24:ec:4a:03:58:5d,ch=1
ftm_report,A1,78,78,11.700
[0;32mI (243814) TAG: STA connected to 24:ec:4a:04:39:15, ch=6 (sec=0)[0m
csi_data,A2,[0,0,3,-15,3,-15,3,-15,3,-15,2,-14,2,-14,2,-14,1,-13,1,-13,0,-13,0,-13,-1,-13,-1,-13,-1,-13,-1,-13,-1,-14,-1,-13,-1,-14,0,-14,1,-13,1,-13,2,-13,2,-12,2,-12,2,-11,3,-11,0,0,0,0,0,0,0,0,0,0,0,0,0,0,0,0,0,0,0,0,0,0,1,-12,1,-12,2,-12,3,-12,3,-12,4,-13,5,-13,5,-13,6,-12,6,-12,6,-12,6,-12,6,-12,5,-12,5,-12,5,-12,5,-13,4,-13,4,-13,4,-13,3,-14,3,-14,3,-14,3,-15,3,-15,3,-15]
anchor,A2,24:ec:4a:04:39:15,ch=6
ftm_report,A2,0,0,-1.000
[0;32mI (244824) esp_netif_handlers: sta ip: 192.168.4.2, mask: 255.255.255.0, gw: 192.168.4.1[0m
csi_data,A2,[0,0,9,-13,8,-13,8,-12,8,-12,8,-12,7,-12,7,-12,6,-12,6,-12,5,-12,5,-12,4,-12,4,-12,4,-12,4,-12,4,-13,5,-12,5,-12,5,-12,6,-12,6,-11,6,-11,6,-10,7,-10,7,-9,7,-9,0,0,0,0,0,0,0,0,0,0,0,0,0,0,0,0,0,0,0,0,0,0,5,-11,5,-11,7,-10,7,-10,8,-10,8,-10,9,-10,9,-10,10,-9,10,-9,10,-9,10,-9,10,-9,9,-9,9,-9,9,-9,9,-10,8,-10,8,-10,8,-11,8,-11,8,-12,8,-12,8,-13,8,-13,8,-13]
[0;32mI (245204) TAG: STA connected to 24:ec:4a:03:56:41, ch=11 (sec=0)[0m
anchor,A3,24:ec:4a:03:56:41,ch=11
ftm_report,A3,25,25,3.750
csi_data,A3,[0,0,-10,-11,-11,-12,-12,-11,-11,-11,-12,-11,-13,-10,-13,-10,-13,-10,-14,-9,-14,-9,-15,-9,-16,-8,-16,-8,-17,-8,-17,-8,-18,-9,-18,-9,-19,-10,-19,-11,-18,-11,-18,-12,-16,-13,-15,-14,-14,-15,-13,-15,-12,-16,0,0,0,0,0,0,0,0,0,0,0,0,0,0,0,0,0,0,0,0,0,0,0,-6,0,-6,0,-6,0,-7,0,-7,0,-7,0,-8,-1,-8,-1,-8,-1,-8,-1,-8,-2,-9,-2,-9,-3,-9,-3,-10,-4,-10,-4,-10,-5,-9,-5,-10,-6,-10,-7,-10,-7,-11,-8,-10,-9,-11,-9,-11,-10,-11]
[0;32mI (246054) TAG: STA connected to 24:ec:4a:03:58:5d, ch=1 (sec=0)[0m
anchor,A1,24:ec:4a:03:58:5d,ch=1
ftm_report,A1,13,13,1.950
[0;32mI (246904) TAG: STA connected to 24:ec:4a:04:39:15, ch=6 (sec=0)[0m
csi_data,A2,[0,0,-11,10,-11,10,-11,10,-10,10,-10,10,-10,9,-10,9,-9,9,-9,10,-8,10,-7,10,-7,10,-7,10,-7,11,-7,11,-7,11,-7,11,-7,11,-8,11,-8,10,-8,10,-8,9,-8,9,-8,8,-8,8,-9,7,0,0,0,0,0,0,0,0,0,0,0,0,0,0,0,0,0,0,0,0,0,0,-8,8,-9,8,-9,7,-10,7,-10,7,-11,7,-12,6,-12,7,-12,6,-12,6,-12,6,-12,6,-12,6,-12,6,-11,6,-11,6,-11,7,-11,7,-11,8,-11,8,-11,9,-11,9,-11,10,-11,10,-11,10,-11,10]
anchor,A2,24:ec:4a:04:39:15,ch=6
ftm_report,A2,3,3,0.450
[0;32mI (247784) TAG: STA connected to 24:ec:4a:03:56:41, ch=11 (sec=0)[0m
csi_data,A3,[0,0,3,-15,4,-15,4,-16,3,-16,3,-16,2,-16,2,-16,1,-16,0,-16,-1,-17,-1,-17,-2,-17,-2,-17,-2,-18,-2,-18,-2,-19,-2,-20,-2,-20,-1,-21,0,-20,1,-20,3,-20,3,-19,4,-18,5,-18,6,-17,0,0,0,0,0,0,0,0,0,0,0,0,0,0,0,0,0,0,0,0,0,0,4,-4,4,-4,4,-4,4,-5,5,-6,5,-5,6,-6,6,-6,6,-6,6,-6,6,-7,6,-7,6,-7,6,-7,6,-8,6,-8,6,-9,6,-10,5,-10,5,-11,5,-11,5,-12,4,-13,5,-13,5,-14,4,-15]
anchor,A3,24:ec:4a:03:56:41,ch=11
ftm_report,A3,26,26,3.900
[0;32mI (248704) TAG: STA connected to 24:ec:4a:03:58:5d, ch=1 (sec=0)[0m
anchor,A1,24:ec:4a:03:58:5d,ch=1
ftm_report,A1,32,32,4.800
csi_data,A1,[0,0,7,-11,7,-11,6,-10,6,-10,5,-10,5,-9,4,-8,3,-8,3,-7,2,-7,2,-6,1,-6,1,-5,1,-5,0,-5,0,-4,0,-3,-1,-3,-1,-2,-2,-2,-2,-1,-2,-1,-3,-1,-3,-1,-4,-1,-4,-1,0,0,0,0,0,0,0,0,0,0,0,0,0,0,0,0,0,0,0,0,0,0,7,-13,8,-14,9,-13,10,-14,11,-13,12,-13,13,-13,13,-12,13,-12,13,-11,13,-11,13,-11,12,-11,12,-10,11,-10,11,-11,10,-11,9,-11,9,-11,9,-12,8,-12,8,-12,8,-12,8,-13,7,-13,8,-13]
[0;32mI (249614) TAG: STA connected to 24:ec:4a:04:39:15, ch=6 (sec=0)[0m
csi_data,A2,[0,0,6,-15,5,-14,5,-14,5,-14,5,-14,5,-13,4,-13,3,-13,3,-13,2,-13,2,-13,1,-13,1,-13,1,-13,1,-13,1,-14,1,-13,2,-14,2,-13,2,-13,3,-13,3,-12,3,-11,4,-11,4,-11,5,-10,0,0,0,0,0,0,0,0,0,0,0,0,0,0,0,0,0,0,0,0,0,0,3,-11,4,-12,4,-11,5,-12,5,-12,6,-12,7,-12,7,-12,8,-11,8,-11,8,-11,8,-11,8,-11,7,-11,7,-11,7,-11,7,-12,6,-12,6,-12,6,-12,6,-13,5,-13,5,-14,5,-14,5,-14,5,-15]
anchor,A2,24:ec:4a:04:39:15,ch=6
ftm_report,A2,326,326,48.900
[0;32mI (250624) esp_netif_handlers: sta ip: 192.168.4.2, mask: 255.255.255.0, gw: 192.168.4.1[0m
[0;32mI (250984) TAG: STA connected to 24:ec:4a:03:56:41, ch=11 (sec=0)[0m
csi_data,A3,[0,0,3,-13,3,-13,3,-13,3,-13,2,-13,2,-13,1,-13,1,-14,1,-14,0,-14,0,-14,-1,-14,-1,-15,-2,-15,-1,-15,-2,-16,-1,-16,-1,-16,0,-17,0,-17,1,-16,3,-16,3,-16,4,-15,4,-14,5,-14,0,0,0,0,0,0,0,0,0,0,0,0,0,0,0,0,0,0,0,0,0,0,2,-3,3,-3,3,-4,3,-4,3,-5,4,-5,4,-5,4,-5,5,-5,5,-7,24,-38,5,-6,5,-6,5,-6,5,-7,5,-7,5,-8,5,-8,5,-9,4,-9,4,-10,4,-10,4,-11,4,-11,4,-12,3,-12]
anchor,A3,24:ec:4a:03:56:41,ch=11
ftm_report,A3,34,34,5.100
[0;32mI (251844) TAG: STA connected to 24:ec:4a:03:58:5d, ch=1 (sec=0)[0m
csi_data,A1,[0,0,-13,5,-12,4,-12,4,-11,4,-10,4,-9,4,-9,4,-8,4,-7,4,-6,5,-6,5,-5,5,-4,5,-4,5,-3,5,-3,5,-2,5,-2,6,-2,5,-1,6,-1,6,-1,6,-1,6,-1,6,-1,6,-1,6,0,0,0,0,0,0,0,0,0,0,0,0,0,0,0,0,0,0,0,0,0,0,-12,8,-13,7,-14,6,-15,6,-16,5,-17,5,-17,4,-17,3,-17,2,-17,2,-17,2,-16,1,-16,1,-16,1,-15,1,-15,2,-15,2,-14,3,-14,3,-14,3,-14,4,-14,4,-13,5,-14,5,-14,5,-14,5]
anchor,A1,24:ec:4a:03:58:5d,ch=1
ftm_report,A1,22,22,3.300
[0;32mI (252714) TAG: STA connected to 24:ec:4a:04:39:15, ch=6 (sec=0)[0m
anchor,A2,24:ec:4a:04:39:15,ch=6
ftm_report,A2,0,0,-1.000
csi_data,A2,[0,0,-14,6,-14,6,-14,6,-13,6,-13,6,-12,6,-12,6,-11,6,-11,7,-10,7,-10,7,-10,8,-10,8,-10,8,-9,8,-10,8,-10,8,-10,8,-10,8,-10,7,-11,7,-11,6,-10,6,-10,5,-10,4,-10,4,0,0,0,0,0,0,0,0,0,0,0,0,0,0,0,0,0,0,0,0,0,0,-10,6,-11,5,-11,5,-12,4,-12,4,-13,4,-13,3,-13,3,-14,2,-13,2,-14,2,-13,2,-13,2,-13,2,-13,2,-13,3,-13,3,-12,4,-13,4,-13,4,-13,5,-13,5,-13,6,-13,6,-14,6,-14,6]
[0;32mI (253594) TAG: STA connected to 24:ec:4a:03:56:41, ch=11 (sec=0)[0m
anchor,A3,24:ec:4a:03:56:41,ch=11
ftm_report,A3,22,22,3.300
csi_data,A3,[0,0,-10,-13,-11,-12,-11,-12,-11,-12,-12,-12,-12,-11,-12,-11,-13,-11,-13,-10,-14,-10,-14,-10,-15,-10,-15,-10,-16,-10,-17,-10,-17,-10,-17,-11,-17,-11,-17,-12,-16,-13,-16,-14,-14,-14,-14,-14,-12,-16,-11,-15,-9,-16,0,0,0,0,0,0,0,0,0,0,0,0,0,0,0,0,0,0,0,0,0,0,-1,-5,-1,-6,-1,-7,-2,-7,-2,-7,-2,-8,-1,-8,-2,-8,-2,-9,-2,-10,-2,-10,-2,-10,-2,-10,-3,-10,-3,-10,-4,-11,-4,-11,-5,-11,-6,-11,-6,-11,-7,-11,-8,-11,-8,-12,-9,-12,-9,-12,-9,-12]
[0;32mI (254444) TAG: STA connected to 24:ec:4a:03:58:5d, ch=1 (sec=0)[0m
anchor,A1,24:ec:4a:03:58:5d,ch=1
ftm_report,A1,20,20,3.000
csi_data,A1,[0,0,11,-5,10,-4,10,-5,9,-5,9,-4,8,-4,7,-4,7,-5,6,-5,5,-5,4,-5,3,-5,3,-5,3,-5,1,-5,1,-5,0,-5,0,-5,0,-6,-1,-6,-1,-6,-1,-7,-1,-6,-2,-7,-2,-7,-2,-7,0,0,0,0,0,0,0,0,0,0,0,0,0,0,0,0,0,0,0,0,0,0,12,-7,13,-7,14,-6,15,-6,15,-5,16,-4,16,-3,17,-2,17,-1,15,-1,16,-1,15,-1,15,-1,14,-1,14,-1,13,-2,14,-2,12,-3,13,-3,13,-3,13,-4,13,-4,12,-4,12,-5,12,-5,13,-5]
[0;32mI (255304) TAG: STA connected to 24:ec:4a:04:39:15, ch=6 (sec=0)[0m
anchor,A2,24:ec:4a:04:39:15,ch=6
ftm_report,A2,0,0,-1.000
csi_data,A2,[0,0,-11,10,-11,10,-11,9,-11,10,-10,9,-10,10,-9,9,-9,9,-8,10,-8,10,-8,10,-7,10,-7,10,-7,10,-6,11,-6,11,-7,11,-7,10,-7,11,-7,10,-7,10,-8,9,-8,9,-8,8,-8,7,-8,7,0,0,0,0,0,0,0,0,0,0,0,0,0,0,0,0,0,0,0,0,0,0,-8,8,-9,8,-10,7,-10,7,-11,7,-11,7,-12,6,-12,6,-12,6,-13,5,-13,5,-12,5,-12,5,-12,5,-11,5,-12,6,-11,6,-11,7,-11,7,-11,8,-11,8,-11,9,-11,9,-11,9,-11,9,-11,10]
[0;32mI (256164) TAG: STA connected to 24:ec:4a:03:56:41, ch=11 (sec=0)[0m
anchor,A3,24:ec:4a:03:56:41,ch=11
ftm_report,A3,22,22,3.300
csi_data,A3,[0,0,6,14,6,14,6,14,6,14,6,13,7,13,7,13,8,13,8,12,9,12,9,12,10,12,11,12,11,13,12,13,12,13,12,14,12,14,11,15,10,16,10,16,8,16,7,16,6,16,5,16,4,16,0,0,0,0,0,0,0,0,0,0,0,0,0,0,0,0,0,0,0,0,0,0,-1,5,-1,6,-1,6,-1,7,-1,7,I (257024) TAG: STA connected to 24:ec:4a:03:58:5d, ch=1 (sec=0)
-1,7,-2,8,-2,8,-2,9,-2,9,-2,9,-2,10,-1,10,-1,10,-1,10,0,10,0,10,1,10,1,11,2,11,2,12,3,12,3,12,4,13,4,13,5,13]
anchor,A1,24:ec:4a:03:58:5d,ch=1
ftm_report,A1,17,17,2.550
[0;32mI (257874) TAG: STA connected to 24:ec:4a:04:39:15, ch=6 (sec=0)[0m
csi_data,A2,[0,0,-6,-15,-6,-14,-6,-14,-6,-14,-6,-14,-6,-13,-6,-13,-6,-12,-6,-12,-7,-11,-7,-11,-7,-11,-8,-10,-8,-11,-8,-11,-8,-11,-8,-11,-8,-11,-8,-12,-7,-11,-7,-12,-6,-11,-5,-11,-5,-11,-4,-11,-4,-11,0,0,0,0,0,0,0,0,0,0,0,0,0,0,0,0,0,0,0,0,0,0,-5,-11,-5,-11,-4,-12,-4,-12,-4,-13,-3,-14,-3,-14,-2,-14,-2,-14,-2,-13,-2,-14,-1,-14,-2,-13,-2,-13,-2,-13,-2,-13,-3,-13,-4,-13,-4,-13,-4,-14,-5,-14,-5,-14,-6,-14,-6,-14,-6,-14,-6,-15]
anchor,A2,24:ec:4a:04:39:15,ch=6
ftm_report,A2,0,0,-1.000
[0;32mI (258734) TAG: STA connected to 24:ec:4a:03:56:41, ch=11 (sec=0)[0m
anchor,A3,24:ec:4a:03:56:41,ch=11
ftm_report,A3,20,20,3.000
csi_data,A3,[0,0,-7,-14,-8,-15,-8,-14,-8,-14,-9,-14,-9,-14,-9,-13,-9,-13,-10,-13,-11,-12,-11,-12,-12,-12,-12,-12,-12,-12,-14,-13,-14,-13,-13,-14,-13,-14,-13,-15,-12,-16,-12,-16,-11,-16,-9,-16,-8,-17,-7,-16,-6,-17,0,0,0,0,0,0,0,0,0,0,0,0,0,0,0,0,0,0,0,0,0,0,-1,-6,-1,-6,-1,-7,-2,-8,-1,-8,-1,-9,-1,-9,0,-10,-1,-10,-1,-10,-1,-10,-1,-11,-1,-11,-1,-11,-2,-11,-2,-11,-3,-12,-3,-12,-3,-12,-4,-12,-4,-13,-5,-13,-6,-13,-6,-13,-7,-14,-7,-14]
[0;32mI (259644) TAG: STA connected to 24:ec:4a:03:58:5d, ch=1 (sec=0)[0m
anchor,A1,24:ec:4a:03:58:5d,ch=1
ftm_report,A1,22,22,3.300
csi_data,A1,[0,0,4,12,4,11,4,10,4,10,4,9,4,9,4,8,4,7,4,6,4,5,4,5,4,4,5,4,5,3,5,2,5,2,5,1,5,1,5,1,5,1,6,1,6,1,5,0,6,0,5,0,6,0,0,0,0,0,0,0,0,0,0,0,0,0,0,0,0,0,0,0,0,0,0,0,7,12,6,13,5,14,4,15,3,15,3,16,2,16,1,16,0,16,0,15,0,15,0,15,0,15,0,14,0,14,1,13,1,13,2,13,2,13,3,13,3,13,3,13,3,13,4,13,4,13,4,13]
[0;32mI (260514) TAG: STA connected to 24:ec:4a:04:39:15, ch=6 (sec=0)[0m
anchor,A2,24:ec:4a:04:39:15,ch=6
ftm_report,A2,3,3,0.450
csi_data,A2,[0,0,13,-7,13,-7,13,-7,12,-7,12,-7,11,-7,11,-7,11,-8,10,-8,10,-8,9,-8,9,-9,9,-9,9,-9,9,-9,9,-9,9,-9,9,-9,9,-9,10,-8,10,-8,10,-7,10,-7,10,-6,9,-5,9,-5,0,0,0,0,0,0,0,0,0,0,0,0,0,0,0,0,0,0,0,0,0,0,9,-7,10,-7,10,-6,11,-5,11,-5,12,-5,12,-5,12,-4,13,-4,13,-3,13,-3,13,-3,12,-3,12,-4,12,-4,12,-4,12,-4,12,-5,12,-6,12,-6,12,-6,12,-7,12,-7,13,-7,13,-8,13,-8]
[0;32mI (261384) TAG: STA connected to 24:ec:4a:03:56:41, ch=11 (sec=0)[0m
anchor,A3,24:ec:4a:03:56:41,ch=11
ftm_report,A3,21,21,3.150
csi_data,A3,[0,0,-16,-3,-16,-3,-16,-3,-16,-2,-16,-2,-16,-1,-16,-1,-16,0,-16,0,-16,1,-16,2,-17,2,-17,2,-17,3,-18,3,-19,3,-19,3,-19,2,-20,1,-20,0,-19,-1,-19,-2,-19,-3,-18,-3,-17,-4,-17,-5,0,0,0,0,0,0,0,0,0,0,0,0,0,0,0,0,0,0,0,0,0,0,-6,-4,-6,-3,-7,-4,-6,-4,-7,-5,-8,-5,-8,-5,-8,-6,-9,-6,-9,-6,-9,-6,-9,-6,-10,-7,-9,-6,-10,-6,-10,-6,-11,-6,-11,-5,-12,-5,-12,-5,-13,-4,-14,-4,-14,-4,-14,-4,-14,-3,-15,-3]
[0;32mI (262244) TAG: STA connected to 24:ec:4a:03:58:5d, ch=1 (sec=0)[0m
anchor,A1,24:ec:4a:03:58:5d,ch=1
ftm_report,A1,22,22,3.300
csi_data,A1,[0,0,12,-6,11,-6,11,-6,10,-6,10,-5,9,-6,8,-6,7,-6,6,-6,5,-6,5,-6,4,-6,4,-7,3,-7,3,-7,3,-7,2,-8,2,-8,2,-8,1,-8,1,-8,2,-8,1,-8,2,-8,2,-8,2,-8,0,0,0,0,0,0,0,0,0,0,0,0,0,0,0,0,0,0,0,0,0,0,11,-9,12,-9,13,-7,14,-7,15,-7,16,-5,16,-5,16,-4,16,-4,15,-3,15,-2,15,-2,14,-3,14,-2,14,-2,13,-3,13,-3,13,-4,13,-5,13,-5,13,-5,13,-6,13,-6,13,-6,13,-6,13,-6]
[0;32mI (263094) TAG: STA connected to 24:ec:4a:04:39:15, ch=6 (sec=0)[0m
anchor,A2,24:ec:4a:04:39:15,ch=6
ftm_report,A2,3,3,0.450
[0;32mI (263984) TAG: STA connected to 24:ec:4a:03:56:41, ch=11 (sec=0)[0m
csi_data,A3,[0,0,15,1,15,1,15,1,15,0,15,0,15,0,15,-1,15,-1,15,-2,15,-3,15,-3,15,-4,16,-4,16,-4,17,-5,17,-5,18,-4,18,-4,18,-3,18,-3,18,-2,18,0,17,1,17,1,16,2,16,4,0,0,0,0,0,0,0,0,0,0,0,0,0,0,0,0,0,0,0,0,0,0,4,2,5,2,5,3,5,3,6,3,7,3,7,3,7,4,7,5,8,5,8,4,8,5,9,5,9,5,9,5,9,4,10,4,10,4,11,3,11,3,11,3,13,3,13,3,13,2,14,2,14,1]
anchor,A3,24:ec:4a:03:56:41,ch=11
ftm_report,A3,20,20,3.000
[0;32mI (264834) TAG: STA connected to 24:ec:4a:03:58:5d, ch=1 (sec=0)[0m
csi_data,A1,[0,0,-10,-10,-10,-9,-9,-9,-9,-8,-9,-7,-9,-6,-8,-6,-8,-5,-8,-5,-8,-4,-7,-3,-7,-3,-7,-2,-7,-1,-7,-1,-7,0,-7,0,-6,1,-6,1,-6,1,-6,1,-6,2,-6,2,-6,2,-6,2,-7,2,0,0,0,0,0,0,0,0,0,0,0,0,0,0,0,0,0,0,0,0,0,0,-13,-9,-12,-10,-12,-11,-12,-12,-11,-13,-11,-14,-10,-14,-9,-15,-9,-15,-8,-15,-8,-15,-8,-14,-8,-14,-8,-14,-8,-13,-8,-13,-8,-12,-9,-12,-9,-12,-10,-11,-9,-11,-10,-11,-10,-10,-11,-10,-11,-11,-10,-10]
anchor,A1,24:ec:4a:03:58:5d,ch=1
ftm_report,A1,25,25,3.750
[0;32mI (265694) TAG: STA connected to 24:ec:4a:04:39:15, ch=6 (sec=0)[0m
anchor,A2,24:ec:4a:04:39:15,ch=6
ftm_report,A2,0,0,-1.000
csi_data,A2,[0,0,10,11,10,10,10,10,9,10,9,10,9,9,9,8,10,8,9,8,10,7,10,7,10,6,10,6,11,6,10,6,11,6,10,6,10,7,10,7,10,7,10,7,9,7,8,7,8,8,7,8,6,8,0,0,0,0,0,0,0,0,0,0,0,0,0,0,0,0,0,0,0,0,0,0,8,7,8,8,8,8,8,9,7,9,7,10,7,10,7,11,6,11,6,11,6,11,5,11,6,11,6,11,6,11,6,10,7,10,7,10,8,10,8,10,9,10,9,10,9,10,10,10,10,10,10,11]
[0;32mI (266584) TAG: STA connected to 24:ec:4a:03:56:41, ch=11 (sec=0)[0m
anchor,A3,24:ec:4a:03:56:41,ch=11
ftm_report,A3,20,20,3.000
csi_data,A3,[0,0,-16,-2,-16,-2,-16,-1,-16,-1,-16,-1,-16,0,-16,0,-16,1,-16,1,-16,2,-16,3,-17,3,-17,3,-17,4,-18,4,-18,5,-19,4,-19,3,-19,3,-19,2,-19,1,-19,0,-19,-1,-18,-2,-18,-3,-17,-4,0,0,0,0,0,0,0,0,0,0,0,0,0,0,0,0,0,0,0,0,0,0,-6,-3,-6,-3,-7,-3,-7,-4,-7,-4,-8,-4,-8,-5,-9,-5,-9,-6,-9,-6,-10,-6,-9,-6,-10,-6,-10,-6,-10,-5,-10,-5,-11,-5,-11,-4,-12,-4,-12,-4,-13,-3,-13,-3,-14,-3,-15,-3,-15,-2,-15,-2]
[0;32mI (267444) TAG: STA connected to 24:ec:4a:03:58:5d, ch=1 (sec=0)[0m
anchor,A1,24:ec:4a:03:58:5d,ch=1
ftm_report,A1,27,27,4.050
csi_data,A1,[0,0,3,13,3,12,3,12,3,11,3,10,3,10,3,9,3,8,3,8,4,7,4,6,5,5,4,5,4,4,5,4,5,3,5,3,5,3,5,2,5,2,5,2,5,2,5,1,5,1,5,1,5,1,0,0,0,0,0,0,0,0,0,0,0,0,0,0,0,0,0,0,0,0,0,0,7,12,6,13,5,15,4,15,4,16,3,16,2,17,1,16,0,17,0,16,0,16,-1,16,-1,15,0,15,0,15,0,14,0,14,2,14,2,14,2,14,3,14,3,14,3,14,4,14,3,14,4,14]
[0;32mI (268304) TAG: STA connected to 24:ec:4a:04:39:15, ch=6 (sec=0)[0m
csi_data,A2,[0,0,-10,11,-10,10,-10,10,-10,10,-9,10,-9,10,-8,10,-8,10,-7,10,-7,10,-6,10,-6,10,-6,10,-6,10,-5,11,-6,11,-6,11,-6,11,-6,11,-7,10,-7,10,-7,9,-8,9,-8,8,-8,7,-8,7,0,0,0,0,0,0,0,0,0,0,0,0,0,0,0,0,0,0,0,0,0,0,-7,9,-7,9,-8,8,-9,8,-9,8,-10,8,-11,8,-11,7,-11,7,-12,7,-12,6,-12,6,-11,6,-11,6,-11,7,-11,7,-10,7,-10,8,-10,8,-10,9,-10,9,-10,10,-10,10,-10,10,-10,10,-10,11]
[0;32mI (269324) esp_netif_handlers: sta ip: 192.168.4.2, mask: 255.255.255.0, gw: 192.168.4.1[0m
[1;31mE (269474) wifi:No valid FTM Measurements found out of 3 received measurements![0m
[0;33mW (269574) TAG: FTM to A2 failed (ESP_FAIL), streak=1[0m
csi_data,A2,[0,0,3,15,2,14,2,14,2,13,3,13,3,12,3,12,3,12,4,12,4,11,5,11,5,10,5,10,5,11,5,10,5,11,5,11,5,11,5,11,4,11,4,11,3,11,3,10,2,10,2,10,1,10,0,0,0,0,0,0,0,0,0,0,0,0,0,0,0,0,0,0,0,0,0,0,2,10,2,11,1,11,1,12,0,12,0,13,-1,12,-1,13,-1,13,-1,12,-2,13,-2,12,-1,12,-1,12,-1,12,-1,12,0,13,0,12,1,13,1,12,1,13,2,13,2,13,3,14,3,14,3,14]
[0;32mI (270184) TAG: STA connected to 24:ec:4a:03:56:41, ch=11 (sec=0)[0m
anchor,A3,24:ec:4a:03:56:41,ch=11
ftm_report,A3,29,29,4.350
csi_data,A3,[0,0,7,-14,7,-15,6,-14,7,-15,6,-15,6,-15,5,-15,4,-15,4,-15,3,-17,3,-16,2,-17,2,-17,1,-16,2,-18,2,-18,3,-19,3,-19,4,-19,5,-19,6,-19,6,-18,7,-18,8,-16,9,-15,9,-14,0,0,0,0,0,0,0,0,0,0,0,0,0,0,0,0,0,0,0,0,0,0,4,-4,4,-4,4,-5,5,-5,5,-5,6,-5,6,-6,7,-6,7,-6,8,-6,7,-6,8,-6,8,-7,8,-7,8,-7,8,-8,7,-8,7,-9,8,-9,7,-10,7,-11,7,-11,7,-13,7,-13,7,-13,6,-13]
[0;32mI (271084) TAG: STA connected to 24:ec:4a:03:58:5d, ch=1 (sec=0)[0m
anchor,A1,24:ec:4a:03:58:5d,ch=1
ftm_report,A1,21,21,3.150
[0;32mI (271964) TAG: STA connected to 24:ec:4a:04:39:15, ch=6 (sec=0)[0m
csi_data,A2,[0,0,-14,-7,-14,-7,-14,-7,-13,-7,-14,-6,-13,-6,-13,-5,-13,-5,-13,-5,-13,-4,-13,-3,-13,-3,-13,-2,-13,-2,-13,-3,-13,-3,-13,-3,-13,-3,-13,-3,-13,-4,-13,-4,-12,-4,-11,-4,-11,-5,-11,-5,-10,-6,0,0,0,0,0,0,0,0,0,0,0,0,0,0,0,0,0,0,0,0,0,0,-11,-4,-11,-5,-11,-6,-11,-6,-11,-7,-12,-8,-11,-8,-11,-9,-11,-9,-11,-9,-11,-9,-11,-9,-11,-9,-11,-8,-11,-8,-10,-8,-11,-8,-11,-7,-12,-7,-12,-7,-12,-7,-13,-7,-14,-6,-14,-6,-14,-6,-14,-7]
anchor,A2,24:ec:4a:04:39:15,ch=6
ftm_report,A2,10,10,1.500
[0;32mI (272844) TAG: STA connected to 24:ec:4a:03:56:41, ch=11 (sec=0)[0m
csi_data,A3,[0,0,-16,-1,-16,0,-16,0,-16,0,-16,1,-16,1,-16,1,-15,2,-16,2,-15,3,-16,4,-16,5,-16,5,-17,6,-17,6,-18,5,-18,5,-18,5,-19,4,-19,3,-19,2,-19,1,-18,0,-18,0,-18,-1,-17,-3,0,0,0,0,0,0,0,0,0,0,0,0,0,0,0,0,0,0,0,0,0,0,-6,-2,-6,-3,-7,-3,-7,-4,-7,-4,-8,-4,-8,-4,-8,-5,-9,-5,-9,-5,-9,-5,-10,-5,-10,-5,-10,-5,-11,-5,-11,-4,-11,-4,-11,-4,-12,-4,-12,-3,-13,-2,-13,-2,-14,-1,-14,-1,-15,-1,-15,-1]
anchor,A3,24:ec:4a:03:56:41,ch=11
ftm_report,A3,20,20,3.000
[0;32mI (273694) TAG: STA connected to 24:ec:4a:03:58:5d, ch=1 (sec=0)[0m
anchor,A1,24:ec:4a:03:58:5d,ch=1
ftm_report,A1,20,20,3.000
csi_data,A1,[0,0,3,-13,2,-13,2,-13,2,-12,2,-12,1,-11,1,-10,1,-9,0,-9,-1,-9,-1,-9,-2,-7,-2,-7,-3,-7,-2,-6,-3,-6,-3,-6,-4,-5,-4,-5,-4,-5,-4,-5,-4,-5,-4,-4,-5,-4,-4,-4,-4,-5,0,0,0,0,0,0,0,0,0,0,0,0,0,0,0,0,0,0,0,0,0,0,1,-15,2,-15,3,-15,4,-15,5,-16,6,-16,7,-15,7,-15,8,-14,8,-14,8,-14,8,-14,7,-14,7,-13,7,-13,6,-13,6,-13,5,-13,5,-13,5,-13,4,-14,4,-14,4,-14,3,-14,3,-14,3,-14]
[0;32mI (274554) TAG: STA connected to 24:ec:4a:04:39:15, ch=6 (sec=0)[0m
anchor,A2,24:ec:4a:04:39:15,ch=6
ftm_report,A2,4,4,0.600
csi_data,A2,[0,0,-15,-5,-15,-5,-14,-5,-14,-5,-14,-5,-13,-4,-13,-4,-13,-3,-13,-3,-13,-2,-13,-2,-13,-2,-13,-1,-13,-1,-13,-1,-13,-1,-13,-1,-13,-1,-13,-2,-13,-2,-13,-3,-12,-3,-12,-3,-11,-4,-11,-4,-10,-5,0,0,0,0,0,0,0,0,0,0,0,0,0,0,0,0,0,0,0,0,0,0,-11,-3,-12,-4,-12,-4,-12,-5,-12,-6,-12,-6,-12,-7,-12,-7,-12,-8,-11,-8,-11,-8,-11,-8,-11,-8,-11,-7,-11,-7,-11,-7,-12,-7,-12,-6,-12,-6,-13,-6,-13,-5,-14,-6,-14,-5,-14,-5,-15,-5,-15,-5]
[0;32mI (275424) TAG: STA connected to 24:ec:4a:03:56:41, ch=11 (sec=0)[0m
anchor,A3,24:ec:4a:03:56:41,ch=11
ftm_report,A3,22,22,3.300
csi_data,A3,[0,0,2,-16,2,-16,1,-16,1,-17,0,-16,0,-16,-1,-16,-1,-16,-2,-16,-2,-17,-3,-16,-3,-17,-4,-17,-4,-17,-4,-18,-4,-18,-4,-19,-4,-19,-2,-20,-2,-20,-1,-20,0,-19,1,-19,2,-18,3,-18,4,-16,0,0,0,0,0,0,0,0,0,0,0,0,0,0,0,0,0,0,0,0,0,0,2,-6,2,-6,3,-6,3,-7,3,-7,3,-8,4,-8,4,-8,5,-9,5,-9,5,-8,5,-9,5,-9,5,-10,5,-10,5,-10,4,-10,4,-11,4,-11,4,-12,3,-12,3,-14,3,-14,2,-14,2,-15,1,-15]
[0;32mI (276294) TAG: STA connected to 24:ec:4a:03:58:5d, ch=1 (sec=0)[0m
anchor,A1,24:ec:4a:03:58:5d,ch=1
ftm_report,A1,22,22,3.300
csi_data,A1,[0,0,13,2,12,2,12,1,11,1,11,1,10,0,10,0,9,0,8,-1,8,-1,7,-2,7,-2,6,-2,6,-3,6,-3,5,-4,5,-4,5,-4,5,-4,4,-4,4,-4,4,-5,4,-5,4,-4,4,-5,4,-4,0,0,0,0,0,0,0,0,0,0,0,0,0,0,0,0,0,0,0,0,0,0,13,-1,14,0,14,1,15,1,15,3,15,4,15,5,15,5,15,6,14,6,14,7,13,6,13,6,13,6,13,5,13,5,12,4,13,4,13,3,13,3,13,2,14,2,14,2,14,2,14,2,14,2]
[0;32mI (277144) TAG: STA connected to 24:ec:4a:04:39:15, ch=6 (sec=0)[0m
anchor,A2,24:ec:4a:04:39:15,ch=6
ftm_report,A2,9,9,1.350
[0;32mI (277994) TAG: STA connected to 24:ec:4a:03:56:41, ch=11 (sec=0)[0m
csi_data,A3,[0,0,14,6,13,6,14,6,13,5,14,5,14,5,14,4,14,3,15,3,15,2,15,1,15,0,16,1,16,1,17,1,17,1,17,1,18,2,17,3,18,4,17,5,17,6,16,6,15,6,14,7,14,8,0,0,0,0,0,0,0,0,0,0,0,0,0,0,0,0,0,0,0,0,0,0,4,3,4,4,4,4,5,5,5,5,5,5,5,5,6,6,5,7,6,7,6,7,6,7,7,7,7,7,7,7,7,7,8,7,8,6,9,7,9,6,10,6,11,6,12,5,12,5,13,5,13,5]
anchor,A3,24:ec:4a:03:56:41,ch=11
ftm_report,A3,21,21,3.150
[0;32mI (278864) TAG: STA connected to 24:ec:4a:03:58:5d, ch=1 (sec=0)[0m
csi_data,A1,[0,0,9,10,9,9,8,8,8,8,8,7,7,6,7,6,6,5,5,4,5,4,5,4,4,3,4,3,3,2,2,2,2,2,1,1,1,1,0,0,-1,0,-1,0,-1,-1,-2,-2,-2,-2,-2,-3,-2,-3,0,0,0,0,0,0,0,0,0,0,0,0,0,0,0,0,0,0,0,0,0,0,9,10,9,11,9,12,9,13,9,13,8,14,8,15,7,15,7,16,6,16,6,16,6,15,6,15,6,14,6,14,7,13,7,12,8,12,8,12,9,11,9,11,10,11,9,11,10,11,10,11,10,10]
anchor,A1,24:ec:4a:03:58:5d,ch=1
ftm_report,A1,38,38,5.700
[0;32mI (279724) TAG: STA connected to 24:ec:4a:04:39:15, ch=6 (sec=0)[0m
anchor,A2,24:ec:4a:04:39:15,ch=6
ftm_report,A2,9,9,1.350
csi_data,A2,[0,0,-11,-12,-11,-12,-10,-11,-10,-11,-10,-11,-10,-10,-10,-10,-10,-9,-10,-9,-11,-8,-11,-8,-11,-7,-11,-7,-11,-7,-12,-7,-11,-7,-11,-8,-11,-8,-11,-8,-11,-8,-10,-8,-10,-8,-9,-9,-9,-9,-8,-9,-7,-9,0,0,0,0,0,0,0,0,0,0,0,0,0,0,0,0,0,0,0,0,0,0,-9,-8,-9,-9,-9,-10,-8,-10,-8,-11,-8,-11,-8,-12,-7,-12,-7,-12,-7,-13,-6,-13,-6,-12,-6,-12,-6,-12,-7,-12,-7,-12,-7,-11,-8,-11,-9,-11,-9,-11,-9,-11,-10,-11,-10,-11,-10,-11,-11,-11,-11,-12]
[0;32mI (280594) TAG: STA connected to 24:ec:4a:03:56:41, ch=11 (sec=0)[0m
anchor,A3,24:ec:4a:03:56:41,ch=11
ftm_report,A3,22,22,3.300
csi_data,A3,[0,0,15,3,14,3,15,2,15,2,15,2,15,1,15,1,15,0,15,0,16,-1,16,-1,16,-2,17,-2,17,-3,18,-3,18,-3,18,-2,19,-2,19,-1,19,0,19,1,18,2,18,3,17,4,17,5,15,6,0,0,0,0,0,0,0,0,0,0,0,0,0,0,0,0,0,0,0,0,0,0,4,2,4,2,5,3,5,3,6,4,6,4,6,4,6,4,6,5,7,6,7,6,7,6,7,5,8,6,8,5,8,6,9,5,10,5,10,4,10,4,11,4,12,4,12,3,13,3,14,3,14,3]
[0;32mI (281514) TAG: STA connected to 24:ec:4a:03:58:5d, ch=1 (sec=0)[0m
anchor,A1,24:ec:4a:03:58:5d,ch=1
ftm_report,A1,34,34,5.100
csi_data,A1,[0,0,5,-13,5,-13,5,-12,4,-12,4,-11,4,-11,3,-10,3,-9,2,-9,2,-9,1,-8,1,-8,1,-8,1,-7,1,-7,1,-6,0,-6,0,-5,0,-4,0,-4,0,-4,0,-3,0,-2,-1,-2,-1,-1,-1,-2,0,0,0,0,0,0,0,0,0,0,0,0,0,0,0,0,0,0,0,0,0,0,4,-13,4,-14,6,-13,7,-14,7,-14,8,-14,9,-13,9,-13,10,-13,10,-12,11,-12,11,-12,10,-12,9,-12,9,-12,9,-12,8,-12,7,-12,7,-13,7,-13,6,-13,6,-13,6,-13,6,-14,6,-13,6,-14]
[0;32mI (282364) TAG: STA connected to 24:ec:4a:04:39:15, ch=6 (sec=0)[0m
anchor,A2,24:ec:4a:04:39:15,ch=6
ftm_report,A2,10,10,1.500
csi_data,A2,[0,0,1,-15,1,-15,1,-15,1,-15,1,-14,1,-14,0,-14,0,-13,-1,-13,-1,-13,-2,-13,-2,-13,-2,-13,-2,-13,-3,-13,-3,-13,-2,-13,-2,-13,-2,-13,-1,-13,-1,-13,0,-12,0,-12,1,-12,1,-11,2,-11,0,0,0,0,0,0,0,0,0,0,0,0,0,0,0,0,0,0,0,0,0,0,0,-12,0,-12,1,-12,2,-12,2,-12,3,-13,4,-13,4,-13,4,-13,5,-13,5,-13,4,-13,4,-12,4,-12,4,-12,3,-13,3,-13,3,-13,2,-13,2,-14,2,-14,1,-14,1,-15,1,-15,1,-15,2,-15]
[0;32mI (283234) TAG: STA connected to 24:ec:4a:03:56:41, ch=11 (sec=0)[0m
anchor,A3,24:ec:4a:03:56:41,ch=11
ftm_report,A3,21,21,3.150
csi_data,A3,[0,0,-2,16,-2,15,-2,15,-2,15,-1,15,-1,15,0,15,1,15,1,15,2,15,3,16,3,16,3,15,4,16,4,17,3,18,4,18,4,18,3,19,2,19,1,19,-1,18,-1,18,-2,17,-3,17,-4,16,0,0,0,0,0,0,0,0,0,0,0,0,0,0,0,0,0,0,0,0,0,0,-4,3,-4,4,-4,4,-4,5,-4,5,-5,5,-5,6,-5,6,-5,7,-5,7,-6,7,-6,7,-5,8,-5,8,-5,8,-5,9,-5,9,-4,10,-4,10,-4,11,-3,12,-3,12,-3,13,-3,14,-2,14,-2,15]
[0;32mI (284094) TAG: STA connected to 24:ec:4a:03:58:5d, ch=1 (sec=0)[0m
anchor,A1,24:ec:4a:03:58:5d,ch=1
ftm_report,A1,42,42,6.300
[0;32mI (284944) TAG: STA connected to 24:ec:4a:04:39:15, ch=6 (sec=0)[0m
csi_data,A2,[0,0,-5,-15,-5,-14,-5,-14,-5,-14,-6,-14,-6,-13,-6,-13,-6,-12,-6,-12,-7,-11,-7,-11,-8,-11,-8,-11,-8,-11,-8,-11,-8,-11,-8,-11,-8,-11,-8,-11,-7,-11,-7,-11,-6,-11,-6,-11,-5,-11,-5,-11,-4,-11,0,0,0,0,0,0,0,0,0,0,0,0,0,0,0,0,0,0,0,0,0,0,-5,-11,-4,-12,-4,-12,-3,-12,-3,-13,-2,-13,-2,-14,-1,-14,-1,-14,-1,-13,-1,-14,-1,-14,-1,-13,-1,-13,-1,-13,-2,-13,-2,-13,-3,-13,-3,-13,-4,-14,-4,-14,-5,-14,-5,-14,-5,-14,-5,-14,-5,-15]
anchor,A2,24:ec:4a:04:39:15,ch=6
ftm_report,A2,10,10,1.500
[0;32mI (285834) TAG: STA connected to 24:ec:4a:03:56:41, ch=11 (sec=0)[0m
csi_data,A3,[0,0,-15,5,-15,5,-15,5,-15,5,-15,6,-14,6,-14,7,-13,7,-13,7,-13,8,-13,8,-13,9,-14,10,-13,10,-14,11,-14,11,-15,11,-15,11,-16,11,-16,10,-17,9,-16,8,-17,6,-18,5,-17,4,-17,3,0,0,0,0,0,0,0,0,0,0,0,0,0,0,0,0,0,0,0,0,0,0,-6,-2,-6,-1,-7,-1,-7,-1,-7,-1,-8,-1,-8,-1,-9,-1,-9,-1,-9,-1,-9,-1,-10,-1,-10,-1,-10,-1,-10,-1,-11,0,-11,1,-11,1,-12,1,-12,2,-13,3,-13,4,-13,4,-14,3,-14,4,-14,5]
anchor,A3,24:ec:4a:03:56:41,ch=11
ftm_report,A3,20,20,3.000
[0;32mI (286694) TAG: STA connected to 24:ec:4a:03:58:5d, ch=1 (sec=0)[0m
anchor,A1,24:ec:4a:03:58:5d,ch=1
ftm_report,A1,40,40,6.000
csi_data,A1,[0,0,14,5,13,5,13,4,13,4,12,4,12,3,11,3,11,3,10,2,10,2,10,2,9,2,9,1,9,2,9,1,8,2,8,2,8,2,7,2,7,3,6,3,5,3,4,3,4,3,3,3,3,3,0,0,0,0,0,0,0,0,0,0,0,0,0,0,0,0,0,0,0,0,0,0,10,4,11,4,11,5,11,6,11,6,11,7,12,8,11,8,11,9,10,9,11,9,10,9,11,9,10,9,11,8,11,7,11,7,11,7,12,6,12,5,12,5,13,5,13,5,13,5,14,5,14,5]
[0;32mI (287554) TAG: STA connected to 24:ec:4a:04:39:15, ch=6 (sec=0)[0m
anchor,A2,24:ec:4a:04:39:15,ch=6
ftm_report,A2,10,10,1.500
csi_data,A2,[0,0,-9,-13,-9,-12,-9,-12,-9,-12,-9,-12,-9,-11,-9,-11,-9,-10,-9,-10,-10,-10,-10,-9,-10,-9,-10,-8,-10,-8,-11,-8,-11,-8,-11,-9,-11,-9,-10,-9,-10,-9,-9,-10,-9,-9,-8,-10,-8,-10,-7,-10,-6,-10,0,0,0,0,0,0,0,0,0,0,0,0,0,0,0,0,0,0,0,0,0,0,-8,-9,-8,-10,-7,-10,-7,-11,-7,-11,-6,-12,-6,-13,-6,-13,-5,-13,-5,-13,-5,-13,-5,-13,-5,-13,-5,-12,-5,-12,-5,-12,-6,-12,-7,-12,-7,-12,-7,-12,-8,-12,-8,-12,-9,-12,-9,-13,-9,-13,-9,-13]
[0;32mI (288424) TAG: STA connected to 24:ec:4a:03:56:41, ch=11 (sec=0)[0m
anchor,A3,24:ec:4a:03:56:41,ch=11
ftm_report,A3,22,22,3.300
csi_data,A3,[0,0,1,-16,1,-16,1,-16,1,-16,0,-16,-1,-16,-1,-16,-2,-16,-2,-16,-3,-16,-3,-16,-4,-16,-4,-17,-5,-17,-5,-18,-5,-18,-5,-19,-5,-19,-4,-20,-3,-19,-3,-20,-1,-19,0,-19,1,-18,2,-18,3,-17,0,0,0,0,0,0,0,0,0,0,0,0,0,0,0,0,0,0,0,0,0,0,2,-4,3,-5,3,-5,3,-5,2,-6,3,-6,3,-7,4,-8,3,-8,4,-8,4,-8,4,-9,4,-9,4,-9,4,-10,4,-10,3,-11,3,-11,2,-11,2,-12,2,-13,2,-13,2,-14,2,-14,2,-15,1,-15]
[0;32mI (289294) TAG: STA connected to 24:ec:4a:03:58:5d, ch=1 (sec=0)[0m
anchor,A1,24:ec:4a:03:58:5d,ch=1
ftm_report,A1,38,38,5.700
csi_data,A1,[0,0,2,15,1,15,1,15,1,14,2,13,2,12,2,12,2,12,2,11,2,10,2,10,2,10,2,9,3,9,2,9,2,9,2,8,1,8,1,8,0,7,0,7,-1,6,-1,6,-2,5,-2,4,-2,4,0,0,0,0,0,0,0,0,0,0,0,0,0,0,0,0,0,0,0,0,0,0,1,12,0,13,0,13,-1,14,-1,15,-2,15,-2,15,-3,15,-3,16,-4,15,-4,15,-4,15,-4,15,-4,15,-3,15,-2,14,-2,14,-1,14,-1,14,0,15,1,15,1,15,1,15,1,16,1,16,2,16]
[0;32mI (290154) TAG: STA connected to 24:ec:4a:04:39:15, ch=6 (sec=0)[0m
anchor,A2,24:ec:4a:04:39:15,ch=6
ftm_report,A2,9,9,1.350
csi_data,A2,[0,0,15,1,14,1,14,1,14,I (291014) TAG: STA connected to 24:ec:4a:03:56:41, ch=11 (sec=0)
1,14,0,13,0,13,0,13,0,12,-1,12,-1,12,-2,12,-2,12,-2,12,-3,12,-3,12,-3,12,-2,13,-2,12,-2,12,-1,12,-1,12,0,11,0,11,0,11,1,10,2,0,0,0,0,0,0,0,0,0,0,0,0,0,0,0,0,0,0,0,0,0,0,11,-1,11,0,11,1,12,1,12,2,12,2,12,3,12,3,12,4,12,4,12,4,12,4,12,4,12,4,12,4,12,3,12,3,12,2,13,2,13,2,13,1,14,1,14,1,14,1,14,1,15,1]
anchor,A3,24:ec:4a:03:56:41,ch=11
ftm_report,A3,19,19,2.850
[0;32mI (291934) TAG: STA connected to 24:ec:4a:03:58:5d, ch=1 (sec=0)[0m
csi_data,A1,[0,0,4,-14,4,-14,4,-13,4,-13,3,-12,3,-12,3,-11,2,-11,2,-10,2,-10,2,-10,1,-9,2,-9,1,-9,1,-9,1,-8,2,-8,2,-7,2,-7,2,-6,2,-5,2,-5,3,-4,3,-3,2,-3,2,-2,0,0,0,0,0,0,0,0,0,0,0,0,0,0,0,0,0,0,0,0,0,0,4,-12,4,-13,5,-13,5,-13,6,-14,7,-13,8,-14,8,-13,9,-13,9,-13,9,-12,9,-12,9,-12,9,-12,8,-12,7,-12,7,-12,6,-13,6,-13,5,-13,5,-14,5,-14,5,-14,5,-14,5,-14,5,-15]
anchor,A1,24:ec:4a:03:58:5d,ch=1
ftm_report,A1,39,39,5.850
[0;32mI (292794) TAG: STA connected to 24:ec:4a:04:39:15, ch=6 (sec=0)[0m
csi_data,A2,[0,0,-15,-3,-15,-3,-15,-3,-15,-2,-14,-2,-14,-2,-14,-2,-13,-1,-13,-1,-13,0,-13,0,-13,1,-13,1,-13,1,-13,1,-13,1,-13,1,-13,1,-13,0,-13,0,-13,-1,-13,-1,-12,-1,-12,-1,-11,-2,-11,-3,0,0,0,0,0,0,0,0,0,0,0,0,0,0,0,0,0,0,0,0,0,0,-12,-1,-12,-2,-12,-3,-12,-3,-12,-4,-13,-5,-13,-5,-13,-6,-13,-6,-12,-6,-12,-6,-12,-6,-12,-6,-12,-6,-12,-5,-12,-5,-12,-5,-13,-4,-13,-4,-14,-4,-14,-4,-14,-4,-15,-3,-15,-3,-15,-2,-15,-3]
anchor,A2,24:ec:4a:04:39:15,ch=6
ftm_report,A2,10,10,1.500
[0;32mI (293654) TAG: STA connected to 24:ec:4a:03:56:41, ch=11 (sec=0)[0m
anchor,A3,24:ec:4a:03:56:41,ch=11
ftm_report,A3,20,20,3.000
csi_data,A3,[0,0,9,-13,9,-13,9,-13,9,-14,8,-13,8,-14,7,-14,7,-14,6,-14,6,-15,6,-15,5,-15,5,-16,5,-16,5,-17,5,-18,6,-17,6,-18,7,-18,8,-18,8,-17,10,-16,10,-15,11,-14,11,-13,12,-12,0,0,0,0,0,0,0,0,0,0,0,0,0,0,0,0,0,0,0,0,0,0,4,-3,5,-3,5,-3,5,-3,5,-4,6,-5,6,-4,7,-5,7,-5,7,-5,8,-5,8,-5,8,-6,8,-6,8,-6,8,-7,8,-7,8,-8,8,-8,8,-9,8,-10,8,-11,8,-11,9,-11,9,-12,9,-13]
[0;32mI (294514) TAG: STA connected to 24:ec:4a:03:58:5d, ch=1 (sec=0)[0m
anchor,A1,24:ec:4a:03:58:5d,ch=1
ftm_report,A1,43,43,6.450
csi_data,A1,[0,0,-6,-13,-6,-13,-6,-12,-6,-13,-6,-12,-5,-11,-5,-11,-5,-10,-5,-9,-5,-9,-5,-9,-5,-8,-4,-8,-4,-8,-4,-8,-4,-8,-3,-7,-3,-7,-2,-7,-1,-7,-1,-7,0,-6,0,-6,1,-5,1,-5,2,-4,0,0,0,0,0,0,0,0,0,0,0,0,0,0,0,0,0,0,0,0,0,0,-5,-13,-4,-13,-4,-14,-3,-15,-3,-15,-2,-16,-2,-16,-1,-16,-1,-16,-1,-16,0,-16,0,-16,-1,-16,-1,-15,-1,-14,-2,-15,-3,-14,-3,-14,-4,-14,-5,-14,-5,-14,-6,-14,-6,-14,-6,-14,-6,-14,-6,-14]
[0;32mI (295364) TAG: STA connected to 24:ec:4a:04:39:15, ch=6 (sec=0)[0m
anchor,A2,24:ec:4a:04:39:15,ch=6
ftm_report,A2,9,9,1.350
csi_data,A2,[0,0,-11,-11,-11,-10,-11,-11,-11,-10,-11,-10,-11,-9,-11,-9,-11,-8,-11,-8,-11,-7,-11,-7,-11,-6,-12,-6,-12,-6,-11,-6,-12,-6,-12,-6,-12,-7,-12,-7,-11,-7,-11,-7,-10,-8,-9,-7,-9,-8,-9,-8,-8,-8,0,0,0,0,0,0,0,0,0,0,0,0,0,0,0,0,0,0,0,0,0,0,-9,-7,-9,-8,-9,-9,-9,-10,-8,-10,-8,-11,-8,-11,-8,-11,-7,-12,-7,-11,-7,-12,-7,-12,-7,-11,-7,-11,-8,-11,-7,-11,-8,-11,-8,-10,-9,-10,-9,-10,-10,-10,-10,-11,-11,-10,-11,-10,-11,-10,-12,-11]
[0;32mI (296224) TAG: STA connected to 24:ec:4a:03:56:41, ch=11 (sec=0)[0m
anchor,A3,24:ec:4a:03:56:41,ch=11
ftm_report,A3,18,18,2.700
csi_data,A3,[0,0,-16,-1,-16,-1,-17,-1,-17,-1,-16,0,-16,0,-16,1,-16,2,-16,2,-17,3,-16,3,-16,4,-16,4,-17,5,-17,5,-18,5,-19,5,-19,4,-20,4,-19,3,-20,2,-20,1,-19,0,-19,-2,-18,-2,-18,-3,0,0,0,0,0,0,0,0,0,0,0,0,0,0,0,0,0,0,0,0,0,0,-5,-4,-4,-3,-5,-4,-5,-4,-6,-4,-6,-4,-7,-4,-7,-4,-8,-4,-8,-5,-8,-5,-8,-4,-8,-5,-9,-5,-10,-4,-10,-4,-10,-4,-11,-3,-12,-3,-12,-3,-13,-3,-14,-3,-14,-1,-15,-2,-15,-2,-15,-2]
[0;32mI (297084) TAG: STA connected to 24:ec:4a:03:58:5d, ch=1 (sec=0)[0m
anchor,A1,24:ec:4a:03:58:5d,ch=1
ftm_report,A1,54,54,8.100
[0;32mI (297934) TAG: STA connected to 24:ec:4a:04:39:15, ch=6 (sec=0)[0m
csi_data,A2,[0,0,13,7,13,6,12,6,13,6,12,6,12,5,12,5,12,4,11,4,12,3,12,3,12,3,12,3,12,2,12,2,12,2,12,3,12,3,12,3,12,3,11,4,11,4,10,5,10,5,9,5,9,6,0,0,0,0,0,0,0,0,0,0,0,0,0,0,0,0,0,0,0,0,0,0,10,3,10,4,10,5,10,5,10,6,10,7,10,7,10,8,10,8,9,8,9,9,9,9,9,8,9,8,9,8,10,7,10,7,10,7,11,7,11,6,11,6,12,6,12,6,13,6,13,7,13,6]
anchor,A2,24:ec:4a:04:39:15,ch=6
ftm_report,A2,10,10,1.500
[0;32mI (298824) TAG: STA connected to 24:ec:4a:03:56:41, ch=11 (sec=0)[0m
csi_data,A3,[0,0,-10,13,-9,13,-9,13,-9,13,-9,14,-8,13,-8,13,-7,13,-7,14,-6,15,-5,15,-4,15,-5,15,-4,16,-4,16,-5,17,-5,17,-6,18,-7,18,-7,18,-8,17,-9,16,-9,15,-10,15,-10,14,-11,13,0,0,0,0,0,0,0,0,0,0,0,0,0,0,0,0,0,0,0,0,0,0,-5,1,-5,2,-5,2,-5,2,-5,3,-7,3,-7,3,-7,3,-8,4,-8,4,-9,4,-8,5,-8,5,-9,5,-9,5,-9,6,-9,7,-9,7,-9,8,-9,9,-9,9,-9,9,-9,10,-9,11,-9,12,-9,12]
anchor,A3,24:ec:4a:03:56:41,ch=11
ftm_report,A3,20,20,3.000
[0;32mI (299684) TAG: STA connected to 24:ec:4a:03:58:5d, ch=1 (sec=0)[0m
anchor,A1,24:ec:4a:03:58:5d,ch=1
ftm_report,A1,40,40,6.000
csi_data,A1,[0,0,14,0,14,0,13,0,13,0,12,-1,12,0,11,-1,11,-1,10,-1,10,-2,10,-2,9,-2,9,-1,9,-2,8,-1,8,-1,8,-1,7,-1,7,0,7,0,6,1,6,1,5,1,4,1,3,2,3,2,0,0,0,0,0,0,0,0,0,0,0,0,0,0,0,0,0,0,0,0,0,0,12,0,12,0,13,1,13,2,14,2,14,3,15,4,14,4,14,5,14,5,14,5,14,5,13,5,13,4,13,4,13,3,13,3,13,2,13,2,14,1,14,1,14,0,15,0,15,0,15,0,15,-1]
[0;32mI (300544) TAG: STA connected to 24:ec:4a:04:39:15, ch=6 (sec=0)[0m
anchor,A2,24:ec:4a:04:39:15,ch=6
ftm_report,A2,10,10,1.500
csi_data,A2,[0,0,-15,2,-15,2,-15,2,-14,2,-15,2,-14,2,-14,3,-13,3,-13,3,-12,4,-12,4,-12,4,-12,5,-12,5,-12,5,-12,5,-12,5,-13,5,-12,5,-12,4,-12,4,-12,3,-12,2,-12,2,-11,1,-11,1,0,0,0,0,0,0,0,0,0,0,0,0,0,0,0,0,0,0,0,0,0,0,-11,2,-12,1,-12,1,-13,0,-13,0,-14,-1,-14,-1,-14,-2,-14,-2,-14,-3,-13,-3,-13,-3,-13,-2,-13,-2,-13,-2,-13,-2,-13,-1,-13,0,-14,0,-14,0,-14,1,-14,1,-15,1,-15,2,-15,2,-15,2]
[0;32mI (301404) TAG: STA connected to 24:ec:4a:03:56:41, ch=11 (sec=0)[0m
anchor,A3,24:ec:4a:03:56:41,ch=11
ftm_report,A3,18,18,2.700
csi_data,A3,[0,0,-13,9,-13,9,-13,9,-13,10,-13,10,-12,10,-12,10,-11,11,-11,11,-11,12,-10,12,-10,13,-10,14,-10,14,-10,14,-11,15,-11,15,-12,15,-12,16,-13,14,-14,14,-14,12,-14,11,-15,10,-15,9,-15,8,0,0,0,0,0,0,0,0,0,0,0,0,0,0,0,0,0,0,0,0,0,0,-6,0,-6,0,-6,0,-6,0,-7,1,-8,2,-8,1,-8,1,-9,1,-9,1,-10,2,-10,2,-10,2,-10,2,-10,3,-10,4,-11,4,-11,4,-11,5,-11,6,-11,6,-12,7,-12,7,-12,8,-13,8,-13,9]
[0;32mI (302314) TAG: STA connected to 24:ec:4a:03:58:5d, ch=1 (sec=0)[0m
anchor,A1,24:ec:4a:03:58:5d,ch=1
ftm_report,A1,45,45,6.750
csi_data,A1,[0,0,14,-1,14,-1,13,-1,13,-1,13,-1,12,-1,11,-1,11,-2,10,-2,10,-2,10,-2,9,-2,9,-2,9,-2,8,-2,8,-1,8,-1,8,-1,7,0,7,0,6,1,6,1,5,2,5,2,4,2,3,2,0,0,0,0,0,0,0,0,0,0,0,0,0,0,0,0,0,0,0,0,0,0,11,-1,12,0,12,1,13,1,13,2,14,2,14,3,14,3,14,4,14,4,14,5,13,5,13,4,13,4,13,3,13,3,13,2,13,2,14,1,14,1,14,0,14,0,14,0,14,0,15,0,15,0]
[0;32mI (303194) TAG: STA connected to 24:ec:4a:04:39:15, ch=6 (sec=0)[0m
anchor,A2,24:ec:4a:04:39:15,ch=6
ftm_report,A2,9,9,1.350
csi_data,A2,[0,0,-15,4,-15,4,-14,4,-14,4,-14,4,-13,4,-13,4,-12,5,-12,5,-12,6,-11,6,-11,6,-11,6,-11,7,-11,7,-11,7,-11,7,-11,6,-12,6,-12,5,-12,5,-12,4,-11,4,-11,3,-11,3,-11,2,0,0,0,0,0,0,0,0,0,0,0,0,0,0,0,0,0,0,0,0,0,0,-10,4,-11,4,-12,3,-12,3,-13,2,-13,2,-14,1,-14,1,-14,0,-14,0,-13,1,-13,0,-13,1,-13,1,-13,1,-13,1,-13,2,-13,2,-13,2,-14,3,-14,3,-14,3,-14,5,-14,5,-15,5,-14,5]
[0;32mI (304044) TAG: STA connected to 24:ec:4a:03:56:41, ch=11 (sec=0)[0m
anchor,A3,24:ec:4a:03:56:41,ch=11
ftm_report,A3,26,26,3.900
[0;32mI (304914) TAG: STA connected to 24:ec:4a:03:58:5d, ch=1 (sec=0)[0m
csi_data,A1,[0,0,13,5,12,6,12,5,12,5,11,5,10,5,10,4,10,4,9,3,9,3,8,3,8,2,8,2,8,2,8,3,7,3,7,3,6,3,6,3,5,4,4,4,4,4,3,4,2,4,1,4,0,4,0,0,0,0,0,0,0,0,0,0,0,0,0,0,0,0,0,0,0,0,0,0,11,6,10,7,11,8,11,9,11,9,11,10,11,11,10,11,10,11,10,11,10,12,9,11,10,11,10,10,10,9,10,9,10,8,11,8,11,8,12,7,12,7,13,6,13,6,13,7,13,6,13,6]
anchor,A1,24:ec:4a:03:58:5d,ch=1
ftm_report,A1,50,50,7.500
[0;32mI (305774) TAG: STA connected to 24:ec:4a:04:39:15, ch=6 (sec=0)[0m
csi_data,A2,[0,0,0,15,0,14,0,14,0,14,0,14,0,13,1,13,1,12,1,12,2,12,2,12,3,12,3,11,3,12,3,12,3,12,3,12,3,12,3,12,2,12,2,12,1,12,0,11,0,11,0,11,-1,11,0,0,0,0,0,0,0,0,0,0,0,0,0,0,0,0,0,0,0,0,0,0,1,11,0,11,-1,11,-1,12,-2,12,-2,13,-3,13,-3,12,-4,12,-4,12,-4,12,-4,12,-4,12,-4,12,-4,1anchor,A2,24:ec:4a:04:39:15,ch=6
ftm_report,A2,9,9,1.350
2,-3,12,-3,12,-2,12,-2,13,-1,13,-1,13,-1,14,-1,14,0,14,0,14,0,15]
[0;32mI (306624) TAG: STA connected to 24:ec:4a:03:56:41, ch=11 (sec=0)[0m
anchor,A3,24:ec:4a:03:56:41,ch=11
ftm_report,A3,19,19,2.850
csi_data,A3,[0,0,-13,-10,-14,-10,-14,-9,-14,-9,-14,-9,-14,-8,-14,-8,-14,-7,-15,-7,-15,-6,-15,-5,-16,-5,-16,-5,-17,-5,-17,-4,-18,-5,-18,-5,-18,-6,-19,-6,-18,-7,-18,-7,-17,-9,-16,-9,-15,-10,-15,-11,-13,-11,0,0,0,0,0,0,0,0,0,0,0,0,0,0,0,0,0,0,0,0,0,0,-2,-5,-2,-5,-3,-6,-3,-6,-4,-6,-4,-7,-4,-7,-4,-8,-5,-8,-5,-9,-4,-9,-5,-9,-5,-9,-6,-9,-6,-9,-6,-9,-7,-9,-8,-9,-8,-9,-9,-9,-10,-9,-10,-9,-11,-9,-11,-9,-12,-9,-12,-9]
[0;32mI (307484) TAG: STA connected to 24:ec:4a:03:58:5d, ch=1 (sec=0)[0m
anchor,A1,24:ec:4a:03:58:5d,ch=1
ftm_report,A1,38,38,5.700
csi_data,A1,[0,0,-15,-1,-15,-1,-15,-1,-14,-1,-14,-1,-13,-1,-13,-1,-12,0,-11,0,-11,0,-12,1,-11,1,-10,1,-11,1,-10,1,-10,1,-10,0,-10,0,-9,-1,-9,-1,-8,-1,-8,-2,-7,-2,-7,-2,-6,-3,-5,-3,0,0,0,0,0,0,0,0,0,0,0,0,0,0,0,0,0,0,0,0,0,0,-12,-2,-12,-2,-13,-3,-13,-4,-14,-4,-14,-5,-14,-6,-14,-6,-14,-7,-14,-7,-14,-6,-14,-6,-14,-6,-14,-6,-13,-6,-14,-5,-14,-5,-13,-4,-15,-3,-14,-3,-15,-3,-15,-2,-15,-2,-15,-1,-16,-1,-16,-1]
[0;32mI (308354) TAG: STA connected to 24:ec:4a:04:39:15, ch=6 (sec=0)[0m
csi_data,A2,[0,0,9,12,9,11,9,11,9,10,9,10,9,10,9,9,9,8,9,8,9,8,9,7,10,7,10,7,10,7,10,7,10,7,10,7,10,8,10,8,9,8,9,8,8,8,8,8,7,8,6,8,6,9,0,0,0,0,0,0,0,0,0,0,0,0,0,0,0,0,0,0,0,0,0,0,7,7,8,8,7,9,7,9,6,10,6,11,6,11,6,11,5,11,5,11,5,11,5,12,5,11,5,11,5,11,5,11,6,11,6,10,7,10,7,10,8,10,8,10,9,11,9,11,9,11,10,11]
anchor,A2,24:ec:4a:04:39:15,ch=6
ftm_report,A2,10,10,1.500
[0;32mI (309364) esp_netif_handlers: sta ip: 192.168.4.2, mask: 255.255.255.0, gw: 192.168.4.1[0m
[0;32mI (309724) TAG: STA connected to 24:ec:4a:03:56:41, ch=11 (sec=0)[0m
anchor,A3,24:ec:4a:03:56:41,ch=11
ftm_report,A3,19,19,2.850
csi_data,A3,[0,0,14,7,14,7,14,7,14,7,14,6,14,6,14,6,14,5,14,4,15,3,15,3,15,3,16,2,17,2,17,2,17,2,17,2,18,3,18,4,18,5,17,5,17,7,16,7,15,8,14,8,13,9,0,0,0,0,0,0,0,0,0,0,0,0,0,0,0,0,0,0,0,0,0,0,3,4,3,4,4,4,4,5,4,5,4,6,5,6,5,7,5,7,5,7,5,7,5,7,6,7,6,8,7,7,6,7,8,7,8,7,9,7,9,7,10,7,10,7,11,7,12,7,12,7,13,7]
[0;32mI (310594) TAG: STA connected to 24:ec:4a:03:58:5d, ch=1 (sec=0)[0m
anchor,A1,24:ec:4a:03:58:5d,ch=1
ftm_report,A1,40,40,6.000
csi_data,A1,[0,0,-7,-14,-7,-13,-7,-13,-7,-12,-6,-12,-6,-12,-6,-11,-6,-10,-6,-10,-6,-9,-6,-10,-6,-9,-6,-8,-6,-8,-5,-9,-5,-8,-5,-8,-4,-8,-3,-8,-2,-8,-2,-8,-1,-7,-1,-6,-1,-6,0,-6,1,-6,0,0,0,0,0,0,0,0,0,0,0,0,0,0,0,0,0,0,0,0,0,0,-5,-11,-5,-12,-5,-13,-4,-14,-4,-14,-4,-15,-3,-15,-2,-15,-1,-16,-2,-15,-2,-16,-2,-15,-2,-15,-2,-15,-3,-14,-3,-14,-4,-14,-4,-14,-5,-14,-6,-14,-5,-14,-6,-15,-7,-14,-7,-14,-7,-14,-7,-14]
[0;32mI (311454) TAG: STA connected to 24:ec:4a:04:39:15, ch=6 (sec=0)[0m
anchor,A2,24:ec:4a:04:39:15,ch=6
ftm_report,A2,10,10,1.500
csi_data,A2,[0,0,-8,13,-8,12,-8,12,-7,12,-7,12,-6,12,-6,11,-5,11,-5,11,-5,11,-4,11,-4,11,-4,11,-3,11,-3,12,-3,12,-4,12,-4,12,-4,12,-4,12,-5,11,-5,10,-6,10,-6,9,-6,9,-6,8,0,0,0,0,0,0,0,0,0,0,0,0,0,0,0,0,0,0,0,0,0,0,-5,9,-5,10,-6,10,-7,10,-7,10,-8,10,-9,10,-9,9,-9,9,-10,9,-10,8,-10,8,-10,8,-9,8,-9,9,-9,9,-8,9,-8,10,-8,10,-8,11,-7,11,-7,11,-8,12,-8,12,-8,12,-8,12]
[0;32mI (312314) TAG: STA connected to 24:ec:4a:03:56:41, ch=11 (sec=0)[0m
anchor,A3,24:ec:4a:03:56:41,ch=11
ftm_report,A3,20,20,3.000
csi_data,A3,[0,0,-12,-11,-13,-10,-13,-10,-13,-10,-14,-10,-14,-9,-14,-9,-14,-8,-14,-8,-15,-7,-15,-7,-16,-6,-17,-6,-17,-6,-18,-6,-18,-7,-18,-7,-18,-8,-18,-8,-18,-9,-18,-10,-17,-11,-15,-11,-15,-12,-14,-13,-12,-13,0,0,0,0,0,0,0,0,0,0,0,0,0,0,0,0,0,0,0,0,0,0,-2,-5,-2,-5,-3,-5,-3,-6,-3,-6,-3,-7,-3,-7,-4,-7,-4,-8,-4,-9,-4,-9,-4,-9,-5,-9,-5,-9,-5,-9,-6,-9,-7,-9,-7,-9,-7,-9,-9,-10,-9,-9,-10,-10,-10,-10,-11,-10,-11,-10,-12,-10]
[0;32mI (313224) TAG: STA connected to 24:ec:4a:03:58:5d, ch=1 (sec=0)[0m
anchor,A1,24:ec:4a:03:58:5d,ch=1
ftm_report,A1,46,46,6.900
csi_data,A1,[0,0,13,5,13,4,13,4,12,4,12,4,11,4,11,3,10,3,10,3,9,2,10,2,9,1,9,2,9,2,8,2,8,2,8,2,7,2,7,3,6,4,5,4,5,4,3,4,3,4,2,4,2,4,0,0,0,0,0,0,0,0,0,0,0,0,0,0,0,0,0,0,0,0,0,0,10,5,11,5,11,6,12,7,11,8,11,9,11,9,10,10,11,10,10,10,10,10,10,10,10,10,10,9,10,9,11,8,11,8,11,7,12,7,12,6,12,6,13,5,12,5,13,5,13,5,14,5]
[0;32mI (314094) TAG: STA connected to 24:ec:4a:04:39:15, ch=6 (sec=0)[0m
anchor,A2,24:ec:4a:04:39:15,ch=6
ftm_report,A2,10,10,1.500
[0;32mI (314944) TAG: STA connected to 24:ec:4a:03:56:41, ch=11 (sec=0)[0m
csi_data,A3,[0,0,15,0,15,0,15,0,15,0,16,-1,15,-2,15,-2,15,-3,15,-3,15,-4,15,-5,15,-5,15,-5,16,-6,16,-6,17,-6,17,-6,18,-6,18,-5,18,-4,18,-3,18,-2,18,-1,17,0,16,1,16,2,0,0,0,0,0,0,0,0,0,0,0,0,0,0,0,0,0,0,0,0,0,0,4,3,4,2,5,3,5,2,5,3,6,3,6,3,7,3,7,3,8,4,8,4,8,3,9,4,8,4,9,3,9,3,10,3,10,2,11,2,11,2,12,1,13,1,13,1,13,1,14,1,15,0]
anchor,A3,24:ec:4a:03:56:41,ch=11
ftm_report,A3,23,23,3.450
[0;32mI (315824) TAG: STA connected to 24:ec:4a:03:58:5d, ch=1 (sec=0)[0m
csi_data,A1,[0,0,-14,5,-14,5,-14,5,-13,5,-13,5,-12,4,-12,5,-11,4,-11,4,-10,5,-10,5,-10,4,-9,4,-9,4,-9,4,-9,3,-9,4,-9,3,-9,2,-8,1,-8,1,-8,0,-7,-1,-7,-1,-6,-2,-6,-2,0,0,0,0,0,0,0,0,0,0,0,0,0,0,0,0,0,0,0,0,0,0,-13,3,-14,3,-14,3,-14,2,-16,1,-16,1,-16,0,-16,0,-16,-1,-16,-1,-16,-1,-16,-1,-16,-1,-15,0,-15,0,-15,1,-14,1,-15,2,-15,2,-14,3,-14,4,-15,4,-15,4,-15,5,-15,5,-15,5]
anchor,A1,24:ec:4a:03:58:5d,ch=1
ftm_report,A1,50,50,7.500
[0;32mI (316684) TAG: STA connected to 24:ec:4a:04:39:15, ch=6 (sec=0)[0m
anchor,A2,24:ec:4a:04:39:15,ch=6
ftm_report,A2,9,9,1.350
csi_data,A2,[0,0,6,13,6,13,6,13,6,13,6,12,6,12,6,11,6,11,7,10,7,10,7,10,7,9,7,9,8,9,8,9,8,10,8,9,8,10,8,10,7,10,7,10,6,10,5,10,5,10,4,10,3,10,0,0,0,0,0,0,0,0,0,0,0,0,0,0,0,0,0,0,0,0,0,0,5,9,5,10,5,10,4,11,4,11,4,12,3,12,3,13,2,13,2,12,2,13,2,12,2,12,2,12,2,12,2,12,3,12,3,12,4,12,5,12,5,12,5,12,6,13,6,13,6,13,6,13]
[0;32mI (317554) TAG: STA connected to 24:ec:4a:03:56:41, ch=11 (sec=0)[0m
anchor,A3,24:ec:4a:03:56:41,ch=11
ftm_report,A3,20,20,3.000
csi_data,A3,[0,0,-13,9,-12,9,-12,10,-12,10,-12,10,-12,11,-11,11,-10,12,-10,12,-10,12,-9,13,-9,13,-9,13,-9,14,-9,15,-9,15,-10,15,-11,16,-11,16,-12,15,-13,14,-13,13,-14,12,-15,11,-14,10,-15,9,0,0,0,0,0,0,0,0,0,0,0,0,0,0,0,0,0,0,0,0,0,0,-6,0,-6,1,-6,0,-6,0,-7,0,-7,1,-8,1,-8,2,-8,1,-9,1,-10,2,-9,2,-9,2,-10,2,-10,3,-10,3,-10,4,-10,4,-11,5,-11,6,-11,6,-10,7,-11,8,-12,8,-12,8,-12,9]
[0;32mI (318414) TAG: STA connected to 24:ec:4a:03:58:5d, ch=1 (sec=0)[0m
anchor,A1,24:ec:4a:03:58:5d,ch=1
ftm_report,A1,47,47,7.050
csi_data,A1,[0,0,-15,-2,-15,-2,-14,-2,-14,-2,-14,-2,-13,-2,-13,-1,-12,-1,-12,-1,-11,-1,-11,-1,-10,-1,-10,-1,-10,-1,-10,-1,-10,-1,-9,-1,-9,-2,-8,-3,-8,-3,-7,-3,-6,-4,-6,-4,-6,-4,-4,-4,-3,-4,0,0,0,0,0,0,0,0,0,0,0,0,0,0,0,0,0,0,0,0,0,0,-12,-2,-13,-2,-13,-3,-14,-4,-14,-5,-14,-5,-15,-6,-14,-7,-14,-7,-14,-7,-14,-8,-14,-7,-14,-7,-13,-6,-14,-6,-14,-5,-14,-5,-13,-4,-14,-4,-15,-4,-15,-3,-15,-3,-15,-2,-16,-2,-16,-3,-16,-2]
[0;32mI (319274) TAG: STA connected to 24:ec:4a:04:39:15, ch=6 (sec=0)[0m
anchor,A2,24:ec:4a:04:39:15,ch=6
ftm_report,A2,10,10,1.500
csi_data,A2,[0,0,-2,15,-1,14,-2,14,-1,13,-1,13,-1,13,-1,13,0,12,0,12,1,12,2,12,2,11,2,12,2,12,2,12,2,12,2,12,2,12,1,12,1,12,0,12,0,12,0,11,-1,11,-1,10,-2,10,0,0,0,0,0,0,0,0,0,0,0,0,0,0,0,0,0,0,0,0,0,0,0,11,0,11,-1,11,-2,12,-2,11,-3,12,-4,12,-4,12,-5,12,-5,12,-4,12,-4,12,-4,12,-4,12,-4,12,-4,11,-3,12,-3,12,-2,12,-2,13,-2,13,-2,13,-1,14,-1,14,-1,14,-1,15]
[0;32mI (320144) TAG: STA connected to 24:ec:4a:03:56:41, ch=11 (sec=0)[0m
anchor,A3,24:ec:4a:03:56:41,ch=11
ftm_report,A3,21,21,3.150
[0;32mI (320994) TAG: STA connected to 24:ec:4a:03:58:5d, ch=1 (sec=0)[0m
csi_data,A1,[0,0,10,10,10,9,10,9,10,9,9,8,9,8,9,7,9,7,8,6,9,6,9,5,8,5,8,5,8,5,8,5,8,5,7,5,7,6,6,5,5,6,4,6,4,5,3,6,3,5,2,5,1,5,0,0,0,0,0,0,0,0,0,0,0,0,0,0,0,0,0,0,0,0,0,0,8,8,8,9,7,10,8,10,8,11,7,12,7,13,7,13,7,13,6,13,6,13,6,13,6,13,6,12,7,12,7,12,7,11,8,11,8,11,9,10,9,10,10,10,10,10,11,10,11,10,11,10]
anchor,A1,24:ec:4a:03:58:5d,ch=1
ftm_report,A1,52,52,7.800
[0;32mI (321854) TAG: STA connected to 24:ec:4a:04:39:15, ch=6 (sec=0)[0m
csi_data,A2,[0,0,13,7,12,7,12,7,11,7,12,6,11,6,11,5,11,5,11,5,11,4,11,3,11,3,11,3,12,3,11,3,12,3,12,3,12,3,11,4,11,4,11,4,10,5,10,5,9,5,9,5,8,6,0,0,0,0,0,0,0,0,0,0,0,0,0,0,0,0,0,0,0,0,0,0,9,4,10,5,9,6,10,6,9,7,10,8,9,8,9,8,9,9,8,9,9,9,8,9,9,9,8,8,9,8,8,8,9,8,9,7,10,7,10,7,11,7,11,7,12,6,12,7,12,7,13,7]
anchor,A2,24:ec:4a:04:39:15,ch=6
ftm_report,A2,8,8,1.200
[0;32mI (322744) TAG: STA connected to 24:ec:4a:03:56:41, ch=11 (sec=0)[0m
anchor,A3,24:ec:4a:03:56:41,ch=11
ftm_report,A3,19,19,2.850
csi_data,A3,[0,0,15,-1,15,-1,15,-1,15,-2,15,-2,15,-3,15,-3,15,-4,15,-4,15,-5,15,-6,15,-6,16,-7,16,-7,16,-8,17,-8,17,-7,18,-7,19,-7,19,-5,19,-4,19,-3,19,-2,18,-1,18,0,18,1,0,0,0,0,0,0,0,0,0,0,0,0,0,0,0,0,0,0,0,0,0,0,3,2,3,2,3,2,4,2,5,2,5,2,6,2,6,2,7,3,7,3,8,3,8,3,8,3,8,3,8,3,9,3,10,2,10,2,11,2,11,1,12,1,12,0,12,0,13,0,14,0,14,-1]
[0;32mI (323644) TAG: STA connected to 24:ec:4a:03:58:5d, ch=1 (sec=0)[0m
anchor,A1,24:ec:4a:03:58:5d,ch=1
ftm_report,A1,11,11,1.650
csi_data,A1,[0,0,6,13,6,12,6,11,6,12,6,11,6,10,6,9,6,9,6,8,6,8,7,7,6,6,7,6,7,6,7,6,7,5,7,5,7,5,8,5,7,5,7,5,7,5,7,5,6,5,6,6,5,6,0,0,0,0,0,0,0,0,0,0,0,0,0,0,0,0,0,0,0,0,0,0,8,11,8,12,7,13,6,13,6,14,5,14,4,15,3,15,3,15,2,15,2,15,2,14,2,14,2,14,3,13,4,13,4,13,4,13,5,13,5,13,5,13,6,13,6,13,6,13,6,13,6,13]
[0;32mI (324514) TAG: STA connected to 24:ec:4a:04:39:15, ch=6 (sec=0)[0m
anchor,A2,24:ec:4a:04:39:15,ch=6
ftm_report,A2,0,0,-1.000
csi_data,A2,[0,0,-15,1,-15,1,-15,1,-15,1,-14,2,-14,2,-14,2,-13,2,-13,3,-13,3,-12,4,-12,4,-12,4,-12,4,-12,5,-12,5,-12,5,-12,4,-12,4,-12,4,-12,3,-12,3,-12,2,-12,2,-11,1,-11,0,0,0,0,0,0,0,0,0,0,0,0,0,0,0,0,0,0,0,0,0,0,0,-12,2,-12,1,-13,0,-13,0,-13,-1,-14,-1,-14,-2,-14,-2,-14,-3,-14,-3,-14,-3,-13,-3,-13,-3,-13,-3,-13,-2,-13,-2,-13,-1,-13,-1,-14,-1,-14,0,-14,0,-14,1,-15,1,-15,1,-15,1,-15,1]
[0;32mI (325374) TAG: STA connected to 24:ec:4a:03:56:41, ch=11 (sec=0)[0m
anchor,A3,24:ec:4a:03:56:41,ch=11
ftm_report,A3,15,15,2.250
csi_data,A3,[0,0,5,14,5,14,4,14,5,14,5,13,5,13,5,13,6,12,6,12,7,11,7,11,8,11,8,11,8,11,8,12,8,12,8,12,7,12,7,13,6,12,6,13,5,13,4,13,3,12,3,12,2,11,0,0,0,0,0,0,0,0,0,0,0,0,0,0,0,0,0,0,0,0,0,0,3,7,3,8,3,9,2,10,2,10,2,11,1,11,1,12,0,12,0,12,0,12,0,12,0,12,0,12,0,11,0,12,1,12,1,12,2,12,2,12,3,12,3,13,4,13,4,13,5,14,5,13]
[0;32mI (326234) TAG: STA connected to 24:ec:4a:03:58:5d, ch=1 (sec=0)[0m
anchor,A1,24:ec:4a:03:58:5d,ch=1
ftm_report,A1,40,40,6.000
csi_data,A1,[0,0,-16,-4,-17,-4,-17,-3,-17,-3,-16,-3,-16,-2,-17,-2,-17,-1,-17,-1,-17,0,-17,0,-17,1,-18,1,-18,2,-18,2,-19,2,-19,1,-20,1,-20,0,-20,0,-19,-1,-19,-2,-18,-3,-18,-3,-17,-4,-16,-5,0,0,0,0,0,0,0,0,0,0,0,0,0,0,0,0,0,0,0,0,0,0,-6,-3,-6,-3,-6,-4,-7,-4,-7,-5,-7,-5,-7,-5,-7,-6,-7,-6,-7,-6,-7,-6,-8,-6,-8,-6,-8,-6,-8,-6,-9,-6,-10,-5,-10,-5,-11,-5,-11,-5,-12,-4,-13,-4,-13,-4,-14,-4,-15,-4,-15,-4]
[0;32mI (327084) TAG: STA connected to 24:ec:4a:04:39:15, ch=6 (sec=0)[0m
anchor,A2,24:ec:4a:04:39:15,ch=6
ftm_report,A2,10,10,1.500
[0;32mI (327954) TAG: STA connected to 24:ec:4a:03:56:41, ch=11 (sec=0)[0m
csi_data,A3,[0,0,-14,-7,-13,-7,-13,-7,-13,-6,-13,-6,-13,-5,-13,-5,-12,-4,-12,-4,-13,-3,-13,-2,-13,-2,-13,-1,-14,-1,-14,-1,-14,-1,-14,-1,-15,-2,-15,-2,-14,-3,-14,-3,-14,-4,-13,-4,-13,-5,-12,-6,-12,-6,0,0,0,0,0,0,0,0,0,0,0,0,0,0,0,0,0,0,0,0,0,0,-10,-5,-10,-5,-11,-6,-11,-6,-11,-6,-11,-7,-11,-8,-11,-8,-11,-8,-11,-9,-11,-9,-11,-9,-11,-9,-11,-9,-11,-9,-11,-9,-12,-8,-12,-8,-13,-8,-13,-8,-13,-8,-13,-8,-14,-7,-14,-7,-14,-7,-14,-7]
anchor,A3,24:ec:4a:03:56:41,ch=11
ftm_report,A3,5,5,0.750
[0;32mI (328824) TAG: STA connected to 24:ec:4a:03:58:5d, ch=1 (sec=0)[0m
csi_data,A1,[0,0,8,11,8,11,9,11,8,10,8,10,8,9,9,9,9,8,8,8,9,7,9,7,9,6,10,6,10,6,10,6,10,6,10,6,10,6,10,7,10,7,10,7,9,7,9,8,8,8,7,8,7,9,0,0,0,0,0,0,0,0,0,0,0,0,0,0,0,0,0,0,0,0,0,0,7,9,7,9,7,10,6,11,6,11,6,12,5,12,5,12,4,13,4,12,3,12,4,12,4,12,4,12,4,11,4,11,5,11,5,10,6,11,7,11,7,11,8,11,8,11,8,11,8,11,9,11]
anchor,A1,24:ec:4a:03:58:5d,ch=1
ftm_report,A1,16,16,2.400
[0;32mI (329674) TAG: STA connected to 24:ec:4a:04:39:15, ch=6 (sec=0)[0m
anchor,A2,24:ec:4a:04:39:15,ch=6
ftm_report,A2,12,12,1.800
csi_data,A2,[0,0,-14,-6,-14,-6,-14,-6,-13,-6,-14,-5,-13,-5,-13,-5,-13,-4,-13,-4,-13,-3,-13,-2,-13,-2,-13,-2,-13,-2,-13,-1,-14,-2,-14,-2,-14,-2,-14,-3,-13,-3,-13,-3,-13,-4,-12,-4,-12,-4,-11,-5,-11,-6,0,0,0,0,0,0,0,0,0,0,0,0,0,0,0,0,0,0,0,0,0,0,-11,-4,-11,-5,-11,-5,-11,-6,-11,-6,-11,-7,-11,-8,-11,-8,-10,-8,-10,-8,-10,-8,-10,-8,-10,-8,-10,-8,-10,-8,-10,-7,-11,-7,-11,-7,-12,-7,-12,-6,-12,-6,-13,-6,-14,-6,-14,-5,-14,-5,-14,-6]
[0;32mI (330524) TAG: STA connected to 24:ec:4a:03:56:41, ch=11 (sec=0)[0m
anchor,A3,24:ec:4a:03:56:41,ch=11
ftm_report,A3,18,18,2.700
csi_data,A3,[0,0,13,8,12,7,12,7,13,7,13,6,13,6,12,5,13,5,13,4,13,4,13,3,14,3,14,3,14,3,14,3,14,3,15,4,15,4,15,4,14,5,14,5,13,6,12,6,11,7,11,7,10,8,0,0,0,0,0,0,0,0,0,0,0,0,0,0,0,0,0,0,0,0,0,0,7,3,7,4,7,5,8,6,8,6,8,7,8,8,8,8,7,9,7,9,7,9,7,9,7,9,7,9,7,8,7,8,8,8,8,8,9,7,9,7,10,7,10,7,11,7,12,7,12,7,12,6]
[0;32mI (331404) TAG: STA connected to 24:ec:4a:03:58:5d, ch=1 (sec=0)[0m
anchor,A1,24:ec:4a:03:58:5d,ch=1
ftm_report,A1,42,42,6.300
csi_data,A1,[0,0,-10,-11,-12,-12,-11,-11,-12,-12,-12,-11,-12,-11,-13,-10,-13,-10,-13,-9,-14,-9,-15,-9,-15,-7,-15,-7,-16,-6,-17,-6,-17,-6,-18,-6,-18,-6,-18,-6,-18,-7,-18,-7,-17,-8,-17,-8,-16,-7,-15,-8,-15,-8,0,0,0,0,0,0,0,0,0,0,0,0,0,0,0,0,0,0,0,0,0,0,-10,-2,-10,-3,-10,-4,-9,-5,-10,-5,-9,-6,-8,-7,-8,-7,-8,-8,-7,-8,-7,-8,-6,-9,-7,-9,-6,-9,-6,-8,-6,-9,-6,-8,-7,-9,-8,-9,-8,-9,-9,-9,-9,-10,-9,-10,-10,-11,-10,-11,-10,-11]
[0;32mI (332264) TAG: STA connected to 24:ec:4a:04:39:15, ch=6 (sec=0)[0m
anchor,A2,24:ec:4a:04:39:15,ch=6
ftm_report,A2,10,10,1.500
csi_data,A2,[0,0,-12,10,-12,9,-12,9,-11,9,-11,9,-10,9,-10,9,-9,10,-9,10,-8,10,-8,10,-8,10,-8,10,-8,11,-7,11,-8,11,-8,11,-8,11,-8,11,-9,10,-9,10,-9,9,-9,9,-10,8,-10,7,-10,7,0,0,0,0,0,0,0,0,0,0,0,0,0,0,0,0,0,0,0,0,0,0,-8,7,-9,7,-10,7,-10,6,-11,6,-11,6,-12,6,-12,5,-12,5,-12,5,-12,5,-12,5,-12,5,-12,5,-12,5,-11,5,-11,6,-11,6,-11,7,-11,8,-11,8,-11,8,-11,9,-11,9,-12,9,-12,10]
[0;32mI (333124) TAG: STA connected to 24:ec:4a:03:56:41, ch=11 (sec=0)[0m
anchor,A3,24:ec:4a:03:56:41,ch=11
ftm_report,A3,16,16,2.400
csi_data,A3,[0,0,-2,15,-2,14,-2,15,-1,14,-1,14,-1,14,0,14,0,14,1,13,2,14,2,14,3,13,3,13,3,14,3,14,3,15,3,14,3,15,2,15,1,15,1,15,0,14,-1,14,-1,13,-2,13,-3,13,0,0,0,0,0,0,0,0,0,0,0,0,0,0,0,0,0,0,0,0,0,0,-1,8,-1,8,-2,8,-3,9,-3,9,-4,10,-4,10,-5,10,-5,10,-6,10,-6,10,-6,10,-6,10,-6,10,-5,10,-5,10,-5,11,-4,11,-4,12,-4,12,-3,12,-3,13,-3,13,-2,14,-2,14,-2,14]
[0;32mI (334044) TAG: STA connected to 24:ec:4a:03:58:5d, ch=1 (sec=0)[0m
anchor,A1,24:ec:4a:03:58:5d,ch=1
ftm_report,A1,22,22,3.300
[0;32mI (334914) TAG: STA connected to 24:ec:4a:04:39:15, ch=6 (sec=0)[0m
csi_data,A2,[0,0,-15,-3,-15,-3,-15,-3,-14,-3,-15,-2,-14,-2,-14,-1,-13,-1,-13,-1,-13,0,-13,0,-13,1,-13,1,-14,2,-13,1,-14,1,-14,1,-14,1,-14,0,-14,0,-14,0,-13,-1,-13,-1,-13,-2,-12,-2,-12,-3,0,0,0,0,0,0,0,0,0,0,0,0,0,0,0,0,0,0,0,0,0,0,-11,-1,-12,-2,-12,-3,-12,-4,-12,-4,-12,-5,-12,-5,-12,-6,-12,-6,-12,-6,-12,-6,-12,-6,-12,-6,-12,-6,-12,-5,-12,-5,-12,-5,-12,-4,-13,-4,-13,-3,-14,-3,-14,-3,-14,-2,-15,-2,-15,-2,-15,-2]
[0;32mI (335924) esp_netif_handlers: sta ip: 192.168.4.2, mask: 255.255.255.0, gw: 192.168.4.1[0m
anchor,A2,24:ec:4a:04:39:15,ch=6
ftm_report,A2,9,9,1.350
[0;32mI (336794) TAG: STA connected to 24:ec:4a:03:56:41, ch=11 (sec=0)[0m
csi_data,A3,[0,0,13,6,13,5,13,5,13,5,13,4,13,4,13,4,13,3,13,3,13,2,14,1,14,1,14,1,14,1,14,1,14,1,14,1,14,2,14,2,14,3,13,3,13,4,12,4,11,5,11,5,10,5,0,0,0,0,0,0,0,0,0,0,0,0,0,0,0,0,0,0,0,0,0,0,7,1,7,2,8,3,8,4,8,4,8,5,8,6,8,7,8,7,8,8,8,8,8,8,7,8,7,8,8,8,8,8,8,7,9,7,9,7,9,7,10,7,10,6,11,6,11,6,12,6,12,5]
anchor,A3,24:ec:4a:03:56:41,ch=11
ftm_report,A3,24,24,3.600
[0;32mI (337654) TAG: STA connected to 24:ec:4a:03:58:5d, ch=1 (sec=0)[0m
anchor,A1,24:ec:4a:03:58:5d,ch=1
ftm_report,A1,27,27,4.050
csi_data,A1,[0,0,-2,-18,-2,-19,-2,-18,-2,-19,-2,-19,-2,-18,-3,-18,-3,-18,-4,-18,-4,-17,-4,-17,-5,-17,-6,-17,-6,-17,-6,-17,-6,-17,-6,-18,-5,-17,-5,-17,-5,-17,-4,-17,-3,-17,-3,-16,-2,-15,-2,-15,-1,-14,0,0,0,0,0,0,0,0,0,0,0,0,0,0,0,0,0,0,0,0,0,0,0,0,0,-1,-1,-1,-1,-2,-1,-2,-1,-3,-1,-4,-1,-5,-1,-5,-1,-6,-1,-7,-1,-8,-1,-8,-1,-9,-1,-9,-1,-10,-1,-11,-2,-12,-1,-12,-2,-14,-2,-14,-2,-15,-3,-16,-3,-16,-2,-17,-2,-18]
[0;32mI (338524) TAG: STA connected to 24:ec:4a:04:39:15, ch=6 (sec=0)[0m
anchor,A2,24:ec:4a:04:39:15,ch=6
ftm_report,A2,10,10,1.500
csi_data,A2,[0,0,9,-12,9,-12,9,-12,8,-12,8,-12,8,-11,7,-11,7,-12,6,-11,5,-12,5,-12,4,-12,4,-12,4,-12,4,-13,5,-13,5,-13,5,-13,6,-13,6,-12,6,-12,6,-11,7,-11,7,-10,7,-10,7,-9,0,0,0,0,0,0,0,0,0,0,0,0,0,0,0,0,0,0,0,0,0,0,6,-10,7,-10,8,-9,8,-9,9,-9,9,-9,10,-9,10,-8,10,-8,11,-8,11,-8,10,-8,10,-8,10,-8,10,-8,10,-8,9,-9,9,-9,9,-10,9,-10,9,-10,9,-11,9,-11,9,-12,9,-12,9,-12]
[0;32mI (339394) TAG: STA connected to 24:ec:4a:03:56:41, ch=11 (sec=0)[0m
anchor,A3,24:ec:4a:03:56:41,ch=11
ftm_report,A3,15,15,2.250
csi_data,A3,[0,0,-15,-3,-15,-3,-15,-2,-14,-2,-14,-2,-14,-2,-14,-1,-13,-1,-13,0,-13,1,-13,1,-13,1,-13,1,-13,2,-13,2,-13,2,-13,2,-13,2,-13,1,-13,1,-13,0,-12,-1,-12,-1,-12,-2,-11,-2,-11,-3,0,0,0,0,0,0,0,0,0,0,0,0,0,0,0,0,0,0,0,0,0,0,-13,-1,-13,-2,-13,-2,-13,-3,-14,-4,-14,-5,-14,-5,-14,-6,-14,-6,-13,-7,-13,-7,-13,-7,-13,-7,-13,-6,-13,-6,-13,-5,-13,-5,-13,-4,-14,-4,-14,-4,-14,-4,-14,-3,-15,-3,-15,-3,-15,-3,-15,-3]
[0;32mI (340254) TAG: STA connected to 24:ec:4a:03:58:5d, ch=1 (sec=0)[0m
anchor,A1,24:ec:4a:03:58:5d,ch=1
ftm_report,A1,35,35,5.250
csi_data,A1,[0,0,2,-15,1,-15,1,-15,1,-14,1,-14,0,-13,0,-12,-1,-12,-1,-12,-2,-11,-2,-11,-2,-11,-2,-11,-3,-11,-2,-11,-2,-11,-2,-10,-2,-11,-2,-11,-1,-11,-1,-10,0,-10,0,-10,1,-9,2,-9,2,-9,0,0,0,0,0,0,0,0,0,0,0,0,0,0,0,0,0,0,0,0,0,0,0,-10,0,-11,1,-11,1,-12,2,-12,2,-14,3,-14,3,-14,4,-14,4,-14,4,-14,4,-15,5,-14,4,-14,4,-14,4,-14,4,-15,3,-14,3,-15,2,-15,2,-15,2,-16,2,-16,1,-16,2,-16,1,-16]
[0;32mI (341104) TAG: STA connected to 24:ec:4a:04:39:15, ch=6 (sec=0)[0m
anchor,A2,24:ec:4a:04:39:15,ch=6
ftm_report,A2,0,0,-1.000
[0;32mI (341964) TAG: STA connected to 24:ec:4a:03:56:41, ch=11 (sec=0)[0m
csi_data,A3,[0,0,7,13,7,12,7,12,7,11,7,11,7,11,7,10,7,10,7,9,8,9,8,8,8,8,8,8,9,8,9,8,9,8,9,8,8,8,8,9,8,9,7,9,6,9,6,9,5,9,4,8,4,9,0,0,0,0,0,0,0,0,0,0,0,0,0,0,0,0,0,0,0,0,0,0,7,8,6,9,6,10,5,10,5,11,5,11,4,12,4,13,3,13,3,13,3,13,3,12,3,12,3,12,3,12,3,12,4,12,4,12,5,12,5,12,6,12,6,12,7,12,7,12,7,12,7,12]
anchor,A3,24:ec:4a:03:56:41,ch=11
ftm_report,A3,28,28,4.200
[0;32mI (342814) TAG: STA connected to 24:ec:4a:03:58:5d, ch=1 (sec=0)[0m
csi_data,A1,[0,0,-3,14,-2,14,-2,14,-2,14,-2,13,-2,13,-2,13,-1,13,-1,13,0,13,1,12,1,12,1,12,1,12,1,13,1,13,1,13,1,13,0,13,-1,13,-1,13,-2,13,-2,12,-2,12,-3,11,-4,11,0,0,0,0,0,0,0,0,0,0,0,0,0,0,0,0,0,0,0,0,0,0,-1,10,-2,10,-3,11,-3,10,-4,11,-5,11,-6,11,-6,11,-6,11,-6,11,-6,11,-6,11,-5,11,-5,11,-5,10,-5,11,-4,11,-4,11,-3,11,-4,12,-4,12,-3,13,-3,13,-2,13,-2,14,-2,14]
anchor,A1,24:ec:4a:03:58:5d,ch=1
ftm_report,A1,7,7,1.050
[0;32mI (343684) TAG: STA connected to 24:ec:4a:04:39:15, ch=6 (sec=0)[0m
anchor,A2,24:ec:4a:04:39:15,ch=6
ftm_report,A2,1,1,0.150
csi_data,A2,[0,0,13,-7,12,-7,12,-7,12,-7,12,-7,11,-7,11,-7,10,-8,10,-8,9,-8,9,-9,9,-9,9,-9,8,-9,8,-10,8,-10,9,-9,9,-9,9,-9,9,-9,10,-8,10,-7,10,-7,10,-6,9,-6,9,-5,0,0,0,0,0,0,0,0,0,0,0,0,0,0,0,0,0,0,0,0,0,0,9,-7,10,-6,10,-6,11,-5,11,-5,12,-4,12,-4,12,-3,13,-3,13,-3,12,-3,12,-3,12,-3,12,-3,12,-3,12,-4,12,-4,12,-5,12,-5,12,-5,12,-6,12,-6,12,-7,12,-7,13,-7,13,-7]
[0;32mI (344544) TAG: STA connected to 24:ec:4a:03:56:41, ch=11 (sec=0)[0m
anchor,A3,24:ec:4a:03:56:41,ch=11
ftm_report,A3,18,18,2.700
csi_data,A3,[0,0,-15,3,-15,3,-15,3,-14,3,-14,3,-13,3,-13,4,-12,4,-12,4,-12,5,-11,5,-11,5,-11,6,-11,6,-11,6,-11,6,-11,6,-11,6,-12,5,-12,5,-12,5,-11,3,-11,3,-11,2,-11,2,-11,1,0,0,0,0,0,0,0,0,0,0,0,0,0,0,0,0,0,0,0,0,0,0,-12,3,-12,3,-13,2,-13,1,-14,1,-14,0,-14,-1,-15,-1,-15,-1,-14,-2,-15,-2,-14,-2,-14,-2,-14,-2,-14,-1,-14,-1,-14,-1,-14,0,-14,0,-14,1,-14,1,-15,2,-15,3,-15,3,-15,3,-15,3]
[0;32mI (345454) TAG: STA connected to 24:ec:4a:03:58:5d, ch=1 (sec=0)[0m
anchor,A1,24:ec:4a:03:58:5d,ch=1
ftm_report,A1,3,3,0.450
csi_data,A1,[0,0,-15,1,-15,1,-15,1,-15,1,-14,1,-14,1,-14,2,-14,2,-14,2,-14,3,-14,4,-13,4,-14,4,-14,5,-14,5,-14,5,-15,4,-15,4,-15,4,-15,3,-15,2,-15,1,-15,1,-15,0,-14,-1,-14,-2,0,0,0,0,0,0,0,0,0,0,0,0,0,0,0,0,0,0,0,0,0,0,-9,-1,-9,-1,-10,-2,-10,-2,-11,-3,-10,-3,-10,-3,-11,-4,-11,-4,-11,-4,-11,-4,-11,-3,-11,-3,-11,-3,-11,-3,-12,-3,-11,-2,-12,-2,-12,-1,-13,-1,-13,-1,-13,0,-14,0,-14,0,-15,0,-14,1]
[0;32mI (346324) TAG: STA connected to 24:ec:4a:04:39:15, ch=6 (sec=0)[0m
anchor,A2,24:ec:4a:04:39:15,ch=6
ftm_report,A2,10,10,1.500
csi_data,A2,[0,0,5,-15,5,-14,5,-14,5,-14,4,-14,4,-13,3,-13,3,-13,2,-13,2,-13,2,-13,1,-13,1,-13,0,-13,0,-13,0,-13,1,-13,1,-14,2,-13,2,-13,2,-13,3,-12,3,-12,4,-11,4,-11,4,-10,0,0,0,0,0,0,0,0,0,0,0,0,0,0,0,0,0,0,0,0,0,0,2,-11,3,-11,4,-11,4,-11,5,-12,6,-12,6,-12,7,-12,7,-11,7,-11,7,-11,7,-11,7,-11,7,-11,7,-11,6,-11,6,-12,5,-12,5,-12,5,-13,5,-13,5,-13,5,-14,5,-14,5,-14,5,-15]
[0;32mI (347184) TAG: STA connected to 24:ec:4a:03:56:41, ch=11 (sec=0)[0m
anchor,A3,24:ec:4a:03:56:41,ch=11
ftm_report,A3,14,14,2.100
csi_data,A3,[0,0,-7,13,-6,13,-6,13,-6,13,-5,12,-5,12,-4,12,-4,12,-3,12,-3,12,-2,12,-2,11,-2,12,-1,12,-1,12,-1,12,-1,12,-2,12,-2,12,-2,12,-3,11,-3,11,-4,10,-4,10,-4,9,-5,9,0,0,0,0,0,0,0,0,0,0,0,0,0,0,0,0,0,0,0,0,0,0,-5,11,-6,11,-6,10,-7,10,-8,11,-8,10,-9,10,-10,10,-10,10,-10,10,-10,10,-10,9,-10,9,-9,9,-9,9,-9,10,-8,10,-8,11,-8,11,-7,11,-7,12,-7,12,-7,13,-7,13,-7,13,-6,13]
[0;32mI (348044) TAG: STA connected to 24:ec:4a:03:58:5d, ch=1 (sec=0)[0m
anchor,A1,24:ec:4a:03:58:5d,ch=1
ftm_report,A1,2,2,0.300
[0;32mI (348894) TAG: STA connected to 24:ec:4a:04:39:15, ch=6 (sec=0)[0m
csi_data,A2,[0,0,-5,14,-5,13,-5,13,-5,14,-4,13,-4,13,-4,12,-3,12,-3,12,-2,12,-2,12,-1,12,-1,12,-1,12,-1,13,-1,12,-1,13,-1,13,-2,13,-2,12,-3,12,-3,11,-4,11,-4,11,-4,10,-5,10,0,0,0,0,0,0,0,0,0,0,0,0,0,0,0,0,0,0,0,0,0,0,-3,11,-3,11,-4,11,-5,11,-6,11,-6,11,-7,11,-7,11,-7,11,-8,10,-8,11,-8,10,-8,10,-7,10,-7,10,-7,11,-6,11,-6,11,-6,11,-5,12,-5,12,-5,13,-5,13,-5,14,-5,14,-5,14]
anchor,A2,24:ec:4a:04:39:15,ch=6
ftm_report,A2,10,10,1.500
[0;32mI (349754) TAG: STA connected to 24:ec:4a:03:56:41, ch=11 (sec=0)[0m
anchor,A3,24:ec:4a:03:56:41,ch=11
ftm_report,A3,16,16,2.400
csi_data,A3,[0,0,-6,14,-6,13,-5,13,-5,13,-4,12,-4,12,-4,12,-3,11,-3,11,-2,11,-2,11,-1,11,-1,11,-1,11,-1,11,-1,11,-1,11,-1,11,-1,11,-2,11,-2,10,-3,10,-3,9,-3,9,-3,8,-4,8,0,0,0,0,0,0,0,0,0,0,0,0,0,0,0,0,0,0,0,0,0,0,-3,12,-4,12,-5,12,-5,13,-6,12,-7,13,-8,13,-8,12,-9,12,-9,12,-9,12,-9,11,-9,11,-8,11,-8,11,-8,11,-8,11,-7,12,-7,12,-7,12,-6,13,-6,13,-6,13,-6,14,-5,14,-5,14]
[0;32mI (350614) TAG: STA connected to 24:ec:4a:03:58:5d, ch=1 (sec=0)[0m
anchor,A1,24:ec:4a:03:58:5d,ch=1
ftm_report,A1,4,4,0.600
csi_data,A1,[0,0,-1,-15,-2,-15,-2,-16,-2,-15,-2,-15,-2,-14,-3,-14,-3,-14,-3,-14,-4,-13,-4,-14,-5,-13,-5,-13,-6,-14,-5,-14,-6,-14,-5,-14,-5,-15,-5,-15,-4,-15,-3,-15,-3,-14,-2,-14,-1,-14,-1,-13,0,-13,0,0,0,0,0,0,0,0,0,0,0,0,0,0,0,0,0,0,0,0,0,0,0,-10,0,-11,0,-11,1,-11,1,-11,2,-12,2,-12,3,-12,3,-12,3,-12,3,-12,3,-12,3,-12,3,-12,2,-12,2,-12,2,-13,1,-12,1,-13,0,-13,0,-13,-1,-14,-1,-14,-1,-14,-1,-15,-1,-15]
[0;32mI (351474) TAG: STA connected to 24:ec:4a:04:39:15, ch=6 (sec=0)[0m
anchor,A2,24:ec:4a:04:39:15,ch=6
ftm_report,A2,9,9,1.350
csi_data,A2,[0,0,9,12,9,10,9,11,8,10,9,10,8,9,8,9,9,8,9,8,9,7,9,7,10,7,9,6,10,7,10,6,10,7,10,7,10,7,9,7,9,8,9,8,8,8,7,8,7,8,7,8,6,8,0,0,0,0,0,0,0,0,0,0,0,0,0,0,0,0,0,0,0,0,0,0,8,7,8,8,7,9,7,10,6,10,7,11,6,11,6,11,5,12,5,11,5,12,5,11,5,11,5,11,5,11,5,10,6,11,6,10,7,11,7,10,8,11,8,11,8,10,9,10,9,11,10,11]
[0;32mI (352324) TAG: STA connected to 24:ec:4a:03:56:41, ch=11 (sec=0)[0m
anchor,A3,24:ec:4a:03:56:41,ch=11
ftm_report,A3,16,16,2.400
csi_data,A3,[0,0,-5,14,-5,13,-5,13,-4,13,-4,13,-4,12,-3,12,-2,12,-2,12,-1,11,-1,12,-1,11,0,11,0,11,0,11,0,12,0,11,0,12,-1,12,-1,11,-2,11,-2,10,-2,10,-3,9,-3,9,-4,9,0,0,0,0,0,0,0,0,0,0,0,0,0,0,0,0,0,0,0,0,0,0,-3,12,-4,12,-5,12,-5,12,-6,12,-7,12,-7,12,-8,12,-8,12,-9,11,-9,11,-9,11,-8,11,-8,11,-8,11,-7,11,-7,12,-7,12,-6,12,-6,12,-6,13,-5,13,-6,13,-5,14,-5,14,-5,14]
[0;32mI (353194) TAG: STA connected to 24:ec:4a:03:58:5d, ch=1 (sec=0)[0m
anchor,A1,24:ec:4a:03:58:5d,ch=1
ftm_report,A1,4,4,0.600
csi_data,A1,[0,0,-7,-14,-8,-13,-8,-14,-7,-13,-8,-14,-8,-13,-8,-13,-8,-12,-8,-12,-9,-11,-9,-11,-10,-11,-10,-11,-10,-11,-10,-11,-11,-12,-10,-12,-10,-12,-10,-13,-9,-13,-8,-13,-7,-13,-7,-13,-6,-13,-5,-13,-4,-13,0,0,0,0,0,0,0,0,0,0,0,0,0,0,0,0,0,0,0,0,0,0,-5,-9,-4,-10,-4,-10,-4,-11,-4,-11,-3,-12,-3,-12,-2,-12,-2,-12,-2,-12,-2,-13,-2,-12,-2,-12,-2,-12,-3,-12,-3,-12,-4,-12,-4,-12,-5,-13,-5,-12,-5,-12,-6,-13,-6,-13,-7,-13,-7,-13,-7,-14]
[0;32mI (354054) TAG: STA connected to 24:ec:4a:04:39:15, ch=6 (sec=0)[0m
anchor,A2,24:ec:4a:04:39:15,ch=6
ftm_report,A2,9,9,1.350
[0;32mI (354934) TAG: STA connected to 24:ec:4a:03:56:41, ch=11 (sec=0)[0m
csi_data,A3,[0,0,1,-15,1,-15,0,-15,0,-14,0,-14,-1,-14,-1,-13,-2,-13,-2,-13,-2,-12,-3,-12,-3,-12,-4,-12,-4,-12,-4,-12,-4,-12,-4,-12,-4,-12,-3,-12,-3,-12,-2,-12,-2,-11,-1,-11,-1,-11,0,-10,0,-10,0,0,0,0,0,0,0,0,0,0,0,0,0,0,0,0,0,0,0,0,0,0,-1,-13,0,-13,1,-13,1,-14,2,-14,3,-15,3,-14,4,-15,4,-14,4,-14,5,-14,5,-14,4,-14,4,-13,4,-13,4,-13,3,-14,3,-14,2,-14,2,-14,1,-14,1,-15,1,-15,1,-15,1,-15,1,-16]
anchor,A3,24:ec:4a:03:56:41,ch=11
ftm_report,A3,16,16,2.400
[0;32mI (355864) TAG: STA connected to 24:ec:4a:03:58:5d, ch=1 (sec=0)[0m
csi_data,A1,[0,0,-10,-12,-10,-12,-10,-11,-10,-11,-10,-11,-10,-11,-10,-10,-10,-10,-10,-9,-11,-9,-12,-9,-11,-8,-12,-8,-12,-8,-12,-8,-13,-8,-13,-8,-12,-9,-12,-10,-11,-10,-11,-10,-10,-10,-10,-11,-9,-10,-8,-11,-7,-11,0,0,0,0,0,0,0,0,0,0,0,0,0,0,0,0,0,0,0,0,0,0,-6,-8,-6,-9,-6,-9,-6,-10,-6,-11,-5,-11,-5,-11,-4,-12,-4,-12,-4,-12,-4,-12,-4,-12,-4,-12,-5,-11,-5,-11,-6,-11,-6,-11,-6,-11,-7,-11,-7,-11,-7,-11,-8,-11,-9,-12,-9,-11,-10,-11,-10,-12]
anchor,A1,24:ec:4a:03:58:5d,ch=1
ftm_report,A1,5,5,0.750
[0;32mI (356724) TAG: STA connected to 24:ec:4a:04:39:15, ch=6 (sec=0)[0m
anchor,A2,24:ec:4a:04:39:15,ch=6
ftm_report,A2,9,9,1.350
csi_data,A2,[0,0,2,14,2,13,2,13,2,14,2,13,2,13,3,12,3,12,3,11,4,11,4,11,4,10,4,10,5,10,5,11,5,11,5,11,5,11,5,11,4,11,3,11,3,11,2,11,2,10,1,10,1,10,0,0,0,0,0,0,0,0,0,0,0,0,0,0,0,0,0,0,0,0,0,0,2,10,2,11,1,11,0,11,0,12,0,13,-1,13,-1,13,-2,13,-2,12,-2,13,-3,12,-2,12,-2,12,-1,12,-1,12,-1,12,0,12,0,12,1,13,1,13,1,13,1,14,2,14,2,14,2,14]
[0;32mI (357574) TAG: STA connected to 24:ec:4a:03:56:41, ch=11 (sec=0)[0m
anchor,A3,24:ec:4a:03:56:41,ch=11
ftm_report,A3,14,14,2.100
csi_data,A3,[0,0,14,3,13,3,13,3,13,3,13,2,12,2,12,1,12,0,11,0,12,0,11,0,11,-1,11,-1,11,-1,11,-1,11,-2,12,-1,11,-1,11,-1,11,-1,11,0,10,0,10,1,9,1,9,2,8,2,0,0,0,0,0,0,0,0,0,0,0,0,0,0,0,0,0,0,0,0,0,0,12,1,12,2,12,3,12,4,12,4,12,5,12,6,12,6,12,6,12,7,11,7,11,7,11,7,11,7,11,6,11,6,11,5,12,5,12,5,13,4,13,4,13,4,14,3,14,4,14,4,14,3]
[0;32mI (358444) TAG: STA connected to 24:ec:4a:03:58:5d, ch=1 (sec=0)[0m
anchor,A1,24:ec:4a:03:58:5d,ch=1
ftm_report,A1,3,3,0.450
csi_data,A1,[0,0,-14,-6,-15,-6,-14,-6,-14,-6,-14,-6,-14,-5,-14,-5,-14,-4,-14,-4,-14,-3,-14,-3,-14,-2,-14,-2,-15,-2,-15,-2,-15,-2,-16,-2,-15,-2,-15,-3,-15,-3,-15,-4,-14,-4,-14,-5,-13,-6,-12,-6,-12,-7,0,0,0,0,0,0,0,0,0,0,0,0,0,0,0,0,0,0,0,0,0,0,-9,-5,-9,-6,-9,-6,-9,-7,-9,-8,-9,-8,-9,-8,-9,-9,-9,-9,-9,-9,-9,-9,-9,-9,-9,-9,-9,-9,-9,-8,-10,-8,-10,-8,-10,-7,-11,-7,-12,-7,-12,-7,-13,-7,-13,-7,-14,-7,-14,-7,-14,-7]
[0;32mI (359304) TAG: STA connected to 24:ec:4a:04:39:15, ch=6 (sec=0)[0m
anchor,A2,24:ec:4a:04:39:15,ch=6
ftm_report,A2,10,10,1.500
csi_data,A2,[0,0,10,-11,10,-11,10,-11,9,-11,9,-11,9,-11,8,-11,8,-11,7,-11,7,-11,6,-11,6,-11,5,-11,5,-12,5,-12,5,-12,6,-12,6,-12,6,-12,7,-11,7,-11,7,-10,7,-10,7,-9,7,-9,8,-8,0,0,0,0,0,0,0,0,0,0,0,0,0,0,0,0,0,0,0,0,0,0,7,-10,7,-9,8,-9,9,-9,9,-9,10,-9,11,-8,11,-8,11,-8,11,-7,11,-7,11,-7,11,-7,11,-7,10,-7,10,-8,10,-8,10,-9,10,-9,10,-9,10,-10,10,-10,10,-11,10,-11,10,-11,10,-12]
[0;32mI (360154) TAG: STA connected to 24:ec:4a:03:56:41, ch=11 (sec=0)[0m
anchor,A3,24:ec:4a:03:56:41,ch=11
ftm_report,A3,15,15,2.250
csi_data,A3,[0,0,-13,-9,-13,-8,-13,-8,-12,-8,-12,-7,-12,-7,-12,-6,-12,I (361014) TAG: STA connected to 24:ec:4a:03:58:5d, ch=1 (sec=0)
-6,-12,-5,-12,-4,-12,-4,-12,-4,-12,-3,-12,-3,-12,-3,-12,-3,-12,-3,-12,-3,-12,-4,-12,-4,-11,-4,-11,-5,-10,-5,-10,-5,-9,-5,-8,-5,0,0,0,0,0,0,0,0,0,0,0,0,0,0,0,0,0,0,0,0,0,0,-11,-6,-11,-7,-11,-8,-11,-9,-11,-9,-11,-10,-11,-11,-11,-11,-10,-12,-10,-11,-10,-11,-9,-11,-9,-11,-9,-11,-10,-11,-10,-10,-10,-10,-10,-9,-11,-9,-12,-9,-12,-9,-12,-9,-13,-9,-13,-9,-13,-9,-13,-9]
anchor,A1,24:ec:4a:03:58:5d,ch=1
ftm_report,A1,6,6,0.900
[0;32mI (361874) TAG: STA connected to 24:ec:4a:04:39:15, ch=6 (sec=0)[0m
csi_data,A2,[0,0,15,1,14,1,14,1,14,1,14,0,13,0,13,-1,12,-1,12,-1,12,-2,12,-2,12,-3,12,-3,12,-3,12,-3,12,-3,12,-3,12,-3,12,-3,12,-2,12,-2,12,-1,12,-1,11,0,11,0,11,1,0,0,0,0,0,0,0,0,0,0,0,0,0,0,0,0,0,0,0,0,0,0,11,0,11,0,12,1,12,2,12,2,12,3,12,3,12,4,12,4,12,5,12,5,12,5,12,4,11,4,11,4,11,3,12,3,12,3,12,2,13,2,13,1,14,1,14,1,14,1,14,1,15,1]
anchor,A2,24:ec:4a:04:39:15,ch=6
ftm_report,A2,9,9,1.350
[0;32mI (362734) TAG: STA connected to 24:ec:4a:03:56:41, ch=11 (sec=0)[0m
anchor,A3,24:ec:4a:03:56:41,ch=11
ftm_report,A3,14,14,2.100
csi_data,A3,[0,0,-13,-9,-13,-8,-12,-8,-12,-8,-12,-7,-12,-7,-12,-6,-12,-6,-11,-5,-12,-5,-11,-4,-12,-4,-12,-4,-12,-3,-12,-3,-12,-3,-12,-4,-12,-4,-12,-4,-11,-4,-11,-4,-10,-5,-10,-5,-9,-5,-9,-6,-8,-6,0,0,0,0,0,0,0,0,0,0,0,0,0,0,0,0,0,0,0,0,0,0,-11,-6,-11,-7,-11,-7,-11,-8,-11,-9,-11,-10,-11,-10,-11,-11,-10,-11,-10,-11,-10,-11,-9,-11,-10,-11,-10,-11,-10,-10,-10,-10,-10,-10,-11,-9,-11,-9,-12,-9,-12,-9,-12,-9,-12,-8,-13,-8,-13,-9,-13,-8]
[0;32mI (363594) TAG: STA connected to 24:ec:4a:03:58:5d, ch=1 (sec=0)[0m
anchor,A1,24:ec:4a:03:58:5d,ch=1
ftm_report,A1,6,6,0.900
csi_data,A1,[0,0,-6,14,-5,13,-6,14,-5,13,-5,14,-5,13,-5,13,-4,13,-4,13,-3,13,-2,13,-1,13,-1,13,-1,14,-2,13,-2,15,-2,14,-2,15,-3,14,-4,14,-4,14,-5,13,-5,12,-5,12,-6,12,-6,11,0,0,0,0,0,0,0,0,0,0,0,0,0,0,0,0,0,0,0,0,0,0,-4,8,-5,9,-6,8,-6,9,-6,8,-7,9,-8,9,-8,8,-9,8,-8,8,-8,9,-8,9,-8,9,-8,9,-8,9,-7,9,-7,10,-6,9,-7,11,-7,11,-6,11,-6,12,-6,12,-5,13,-5,13,-5,14]
[0;32mI (364454) TAG: STA connected to 24:ec:4a:04:39:15, ch=6 (sec=0)[0m
anchor,A2,24:ec:4a:04:39:15,ch=6
ftm_report,A2,10,10,1.500
csi_data,A2,[0,0,14,2,14,2,14,2,13,1,13,1,13,1,12,0,12,0,12,0,12,-1,12,-1,12,-1,12,-2,12,-2,12,-2,12,-2,12,-2,12,-2,12,-2,12,-2,12,-1,11,-1,11,0,11,1,10,1,10,1,0,0,0,0,0,0,0,0,0,0,0,0,0,0,0,0,0,0,0,0,0,0,11,1,11,1,11,2,11,3,12,3,12,4,12,4,12,4,12,5,11,5,11,6,11,6,11,5,11,5,11,4,11,4,11,4,12,3,12,3,12,2,13,2,13,2,13,2,14,2,14,2,14,2]
[0;32mI (365314) TAG: STA connected to 24:ec:4a:03:56:41, ch=11 (sec=0)[0m
anchor,A3,24:ec:4a:03:56:41,ch=11
ftm_report,A3,14,14,2.100
csi_data,A3,[0,0,12,-8,12,-8,11,-7,12,-8,11,-7,10,-8,10,-8,9,-8,9,-8,8,-9,8,-9,8,-9,7,-9,7,-9,7,-10,7,-9,7,-9,7,-9,7,-9,8,-9,8,-8,8,-7,8,-7,8,-6,8,-5,8,-5,0,0,0,0,0,0,0,0,0,0,0,0,0,0,0,0,0,0,0,0,0,0,9,-8,10,-7,11,-7,11,-6,12,-6,12,-6,13,-5,13,-5,13,-5,13,-4,13,-3,13,-3,13,-3,13,-4,12,-4,12,-4,12,-5,12,-5,12,-6,12,-6,12,-7,12,-7,13,-8,12,-7,13,-8,12,-8]
[0;32mI (366214) TAG: STA connected to 24:ec:4a:03:58:5d, ch=1 (sec=0)[0m
anchor,A1,24:ec:4a:03:58:5d,ch=1
ftm_report,A1,5,5,0.750
csi_data,A1,[0,0,12,-9,11,-9,12,-9,11,-9,11,-9,10,-9,10,-9,10,-9,9,-10,9,-10,9,-11,8,-10,8,-11,9,-12,8,-11,9,-12,9,-11,10,-12,10,-11,10,-11,10,-10,11,-9,10,-8,11,-8,11,-7,11,-6,0,0,0,0,0,0,0,0,0,0,0,0,0,0,0,0,0,0,0,0,0,0,7,-5,8,-5,8,-5,9,-5,9,-4,10,-4,10,-4,11,-4,11,-4,10,-3,11,-3,11,-3,11,-3,11,-4,11,-4,10,-4,11,-5,10,-5,11,-6,10,-6,10,-7,11,-7,11,-7,11,-8,11,-8,12,-9]
[0;32mI (367084) TAG: STA connected to 24:ec:4a:04:39:15, ch=6 (sec=0)[0m
anchor,A2,24:ec:4a:04:39:15,ch=6
ftm_report,A2,9,9,1.350
[0;32mI (367944) TAG: STA connected to 24:ec:4a:03:56:41, ch=11 (sec=0)[0m
csi_data,A3,[0,0,-15,4,-14,4,-14,4,-13,4,-13,4,-13,4,-12,5,-12,5,-11,5,-11,6,-10,6,-10,6,-10,7,-10,7,-10,7,-10,7,-10,7,-10,7,-10,6,-10,6,-10,5,-10,4,-10,4,-10,4,-10,3,-10,2,0,0,0,0,0,0,0,0,0,0,0,0,0,0,0,0,0,0,0,0,0,0,-12,5,-12,4,-13,4,-14,3,-14,3,-15,2,-15,1,-15,1,-15,1,-15,0,-15,0,-15,0,-14,0,-14,0,-14,0,-14,1,-14,1,-14,2,-14,2,-14,3,-14,3,-14,3,-15,4,-15,4,-15,4,-15,5]
anchor,A3,24:ec:4a:03:56:41,ch=11
ftm_report,A3,17,17,2.550
[0;32mI (368794) TAG: STA connected to 24:ec:4a:03:58:5d, ch=1 (sec=0)[0m
csi_data,A1,[0,0,9,11,9,11,9,11,9,11,9,10,9,10,9,10,9,9,9,9,10,8,10,8,10,8,11,8,11,8,11,8,11,8,11,8,11,9,11,9,10,10,10,10,9,10,8,10,8,10,7,10,6,11,0,0,0,0,0,0,0,0,0,0,0,0,0,0,0,0,0,0,0,0,0,0,5,7,5,8,5,8,5,9,5,9,4,10,4,10,4,10,4,10,3,10,4,10,4,11,4,10,4,10,4,10,4,10,5,10,5,10,6,10,7,10,7,10,8,10,8,10,8,11,9,11,9,11]
anchor,A1,24:ec:4a:03:58:5d,ch=1
ftm_report,A1,4,4,0.600
[0;32mI (369654) TAG: STA connected to 24:ec:4a:04:39:15, ch=6 (sec=0)[0m
anchor,A2,24:ec:4a:04:39:15,ch=6
ftm_report,A2,10,10,1.500
csi_data,A2,[0,0,-13,-8,-13,-8,-13,-8,-13,-8,-13,-7,-12,-7,-12,-6,-12,-6,-12,-6,-12,-5,-12,-5,-12,-4,-12,-4,-13,-4,-13,-4,-13,-4,-13,-4,-13,-4,-13,-5,-12,-5,-12,-6,-12,-6,-11,-6,-11,-6,-10,-7,-9,-7,0,0,0,0,0,0,0,0,0,0,0,0,0,0,0,0,0,0,0,0,0,0,-11,-5,-11,-6,-11,-7,-11,-7,-11,-8,-11,-9,-11,-9,-11,-10,-10,-10,-10,-10,-10,-10,-10,-10,-10,-10,-10,-9,-10,-9,-10,-9,-10,-9,-11,-9,-11,-8,-12,-8,-12,-8,-12,-8,-13,-8,-13,-8,-13,-8,-13,-8]
[0;32mI (370524) TAG: STA connected to 24:ec:4a:03:56:41, ch=11 (sec=0)[0m
anchor,A3,24:ec:4a:03:56:41,ch=11
ftm_report,A3,16,16,2.400
csi_data,A3,[0,0,-9,12,-8,11,-8,11,-8,11,-7,11,-7,11,-6,10,-6,10,-5,10,-5,10,-4,11,-4,10,-4,11,-3,11,-3,11,-3,11,-3,11,-4,11,-4,11,-4,10,-5,10,-5,9,-5,9,-5,8,-5,8,-6,7,0,0,0,0,0,0,0,0,0,0,0,0,0,0,0,0,0,0,0,0,0,0,-6,10,-7,10,-8,10,-9,10,-9,10,-10,10,-11,9,-11,9,-11,9,-11,8,-12,8,-12,8,-11,8,-11,8,-11,8,-10,8,-10,9,-10,9,-10,10,-9,10,-9,10,-9,11,-9,11,-9,11,-9,12,-9,12]
[0;32mI (371374) TAG: STA connected to 24:ec:4a:03:58:5d, ch=1 (sec=0)[0m
anchor,A1,24:ec:4a:03:58:5d,ch=1
ftm_report,A1,6,6,0.900
csi_data,A1,[0,0,0,-15,-1,-16,-1,-15,0,-15,-1,-15,-1,-15,-2,-15,-2,-14,-2,-14,-3,-14,-3,-14,-4,-14,-4,-14,-4,-14,-4,-15,-4,-15,-4,-15,-4,-15,-3,-15,-3,-15,-2,-15,-2,-15,-1,-14,0,-14,1,-14,2,-13,0,0,0,0,0,0,0,0,0,0,0,0,0,0,0,0,0,0,0,0,0,0,0,-10,1,-10,1,-11,2,-11,2,-11,3,-11,3,-11,3,-11,4,-12,4,-11,4,-11,4,-11,4,-11,4,-11,3,-11,3,-12,3,-12,2,-12,2,-12,1,-13,1,-13,0,-14,0,-14,0,-15,0,-15,0,-16]
[0;32mI (372264) TAG: STA connected to 24:ec:4a:04:39:15, ch=6 (sec=0)[0m
anchor,A2,24:ec:4a:04:39:15,ch=6
ftm_report,A2,12,12,1.800
csi_data,A2,[0,0,-14,-8,-14,-8,-13,-8,-13,-7,-13,-7,-13,-6,-13,-6,-13,-5,-12,-5,-12,-4,-13,-4,-13,-4,-13,-3,-13,-3,-13,-3,-13,-3,-13,-3,-13,-3,-13,-4,-13,-4,-13,-5,-12,-5,-11,-5,-11,-6,-10,-6,-10,-6,0,0,0,0,0,0,0,0,0,0,0,0,0,0,0,0,0,0,0,0,0,0,-11,-5,-11,-6,-11,-7,-11,-8,-11,-8,-11,-9,-11,-9,-11,-10,-10,-10,-10,-10,-10,-10,-10,-10,-10,-10,-10,-10,-10,-9,-10,-9,-11,-9,-11,-8,-12,-8,-12,-8,-12,-8,-13,-8,-13,-8,-13,-8,-14,-8,-14,-8]
[0;32mI (373114) TAG: STA connected to 24:ec:4a:03:56:41, ch=11 (sec=0)[0m
anchor,A3,24:ec:4a:03:56:41,ch=11
ftm_report,A3,14,14,2.100
[0;32mI (373974) TAG: STA connected to 24:ec:4a:03:58:5d, ch=1 (sec=0)[0m
csi_data,A1,[0,0,-7,-14,-8,-14,-8,-13,-8,-13,-8,-13,-8,-12,-9,-12,-9,-12,-9,-11,-9,-11,-10,-11,-10,-11,-10,-11,-11,-11,-11,-11,-11,-11,-11,-11,-11,-12,-10,-12,-10,-12,-9,-12,-9,-13,-8,-13,-7,-13,-6,-13,-5,-13,0,0,0,0,0,0,0,0,0,0,0,0,0,0,0,0,0,0,0,0,0,0,-4,-9,-4,-10,-4,-10,-4,-11,-3,-11,-3,-11,-3,-12,-2,-12,-2,-12,-2,-12,-2,-12,-2,-12,-2,-12,-2,-12,-3,-12,-3,-12,-4,-12,-4,-12,-5,-12,-5,-12,-6,-12,-6,-13,-6,-13,-7,-13,-7,-14,-7,-14]
anchor,A1,24:ec:4a:03:58:5d,ch=1
ftm_report,A1,4,4,0.600
[0;32mI (374834) TAG: STA connected to 24:ec:4a:04:39:15, ch=6 (sec=0)[0m
csi_data,A2,[0,0,-5,14,-5,14,-5,13,-5,13,-4,13,-4,13,-4,13,-3,12,-3,12,-2,12,-1,12,-1,12,-1,12,0,12,0,13,-1,12,-1,12,-1,13,-1,12,-2,12,-2,12,-3,12,-3,11,-3,11,-3,10,-4,10,0,0,0,0,0,0,0,0,0,0,0,0,0,0,0,0,0,0,0,0,0,0,-3,11,-4,11,-5,11,-5,11,-6,11,-6,11,-7,11,-7,11,-8,11,-8,11,-8,11,-8,11,-8,10,-8,10,-7,10,-7,11,-7,11,-6,11,-6,11,-6,12,-5,12,-5,13,-5,14,-5,14,-5,14,-5,14]
anchor,A2,24:ec:4a:04:39:15,ch=6
ftm_report,A2,9,9,1.350
[0;32mI (375684) TAG: STA connected to 24:ec:4a:03:56:41, ch=11 (sec=0)[0m
anchor,A3,24:ec:4a:03:56:41,ch=11
ftm_report,A3,15,15,2.250
csi_data,A3,[0,0,1,-15,1,-15,1,-14,1,-14,0,-14,0,-13,-1,-13,-1,-13,-1,-12,-2,-12,-2,-12,-3,-12,-3,-12,-3,-12,-3,-12,-3,-12,-3,-12,-3,-12,-3,-12,-2,-12,-2,-12,-1,-11,-1,-11,0,-11,0,-10,1,-10,0,0,0,0,0,0,0,0,0,0,0,0,0,0,0,0,0,0,0,0,0,0,-1,-13,0,-13,0,-14,1,-14,2,-14,2,-14,3,-14,3,-14,4,-14,4,-14,5,-14,5,-14,4,-13,4,-13,4,-13,4,-13,3,-14,3,-14,2,-14,2,-14,1,-14,1,-15,1,-15,1,-15,1,-15,1,-15]
[0;32mI (376594) TAG: STA connected to 24:ec:4a:03:58:5d, ch=1 (sec=0)[0m
anchor,A1,24:ec:4a:03:58:5d,ch=1
ftm_report,A1,4,4,0.600
csi_data,A1,[0,0,5,14,5,13,5,13,5,13,6,13,5,13,6,12,6,12,6,12,7,11,7,11,8,10,8,10,8,11,8,11,9,11,8,11,8,12,8,13,7,13,6,13,5,13,5,12,4,12,3,12,2,12,0,0,0,0,0,0,0,0,0,0,0,0,0,0,0,0,0,0,0,0,0,0,3,9,2,9,2,9,1,10,1,10,1,11,0,11,0,11,0,12,0,11,0,11,0,11,0,11,0,11,1,11,1,11,1,11,2,11,2,12,3,12,3,12,3,12,4,12,5,13,5,13,5,14]
[0;32mI (377454) TAG: STA connected to 24:ec:4a:04:39:15, ch=6 (sec=0)[0m
anchor,A2,24:ec:4a:04:39:15,ch=6
ftm_report,A2,9,9,1.350
csi_data,A2,[0,0,-1,15,-1,14,-1,14,0,13,0,13,0,13,0,13,1,12,1,12,1,12,2,12,2,11,3,11,3,11,3,11,3,12,3,11,3,12,2,12,2,12,1,12,1,11,0,11,0,11,-1,10,-1,10,0,0,0,0,0,0,0,0,0,0,0,0,0,0,0,0,0,0,0,0,0,0,1,11,0,11,-1,11,-1,12,-2,12,-3,12,-3,13,-3,12,-4,12,-4,12,-4,12,-4,12,-4,12,-4,12,-3,12,-3,12,-3,12,-2,12,-2,12,-2,13,-1,13,-1,13,0,14,0,14,0,14,0,14]
[0;32mI (378304) TAG: STA connected to 24:ec:4a:03:56:41, ch=11 (sec=0)[0m
anchor,A3,24:ec:4a:03:56:41,ch=11
ftm_report,A3,15,15,2.250
csi_data,A3,[0,0,-14,6,-14,6,-13,6,-12,6,-12,6,-11,6,-11,6,-10,7,-10,7,-10,7,-9,7,-9,7,-9,8,-9,8,-8,8,-9,8,-9,8,-9,8,-9,8,-9,7,-9,7,-9,6,-9,5,-9,5,-9,4,-9,3,0,0,0,0,0,0,0,0,0,0,0,0,0,0,0,0,0,0,0,0,0,0,-10,6,-11,6,-12,5,-13,5,-13,5,-14,4,-14,3,-14,3,-15,2,-15,2,-15,2,-14,2,-14,2,-14,2,-14,2,-13,3,-14,3,-13,4,-13,4,-13,4,-13,5,-14,5,-14,6,-14,6,-14,6,-14,6]
[0;32mI (379174) TAG: STA connected to 24:ec:4a:03:58:5d, ch=1 (sec=0)[0m
anchor,A1,24:ec:4a:03:58:5d,ch=1
ftm_report,A1,5,5,0.750
csi_data,A1,[0,0,-9,12,-9,12,-9,12,-8,12,-8,12,-8,11,-8,11,-7,11,-7,11,-6,12,-6,12,-5,12,-5,12,-5,13,-5,13,-5,13,-6,13,-6,14,-7,13,-7,13,-8,12,-8,11,-8,11,-9,10,-9,10,-9,9,0,0,0,0,0,0,0,0,0,0,0,0,0,0,0,0,0,0,0,0,0,0,-6,7,-7,7,-7,7,-8,7,-8,7,-9,7,-10,6,-10,6,-10,6,-10,6,-10,6,-10,6,-10,6,-10,7,-10,7,-9,7,-9,8,-9,8,-9,8,-9,9,-9,9,-9,10,-8,10,-9,11,-9,11,-9,12]
[0;32mI (380044) TAG: STA connected to 24:ec:4a:04:39:15, ch=6 (sec=0)[0m
anchor,A2,24:ec:4a:04:39:15,ch=6
ftm_report,A2,11,11,1.650
[0;32mI (380894) TAG: STA connected to 24:ec:4a:03:56:41, ch=11 (sec=0)[0m
csi_data,A3,[0,0,-15,-2,-15,-2,-14,-2,-14,-2,-14,-2,-13,-1,-13,-1,-13,0,-12,0,-12,1,-12,1,-12,1,-12,1,-12,2,-12,2,-12,2,-12,2,-12,2,-12,1,-12,1,-12,0,-11,0,-11,-1,-10,-1,-10,-2,-9,-2,0,0,0,0,0,0,0,0,0,0,0,0,0,0,0,0,0,0,0,0,0,0,-13,0,-13,-1,-14,-2,-13,-3,-14,-3,-14,-4,-14,-5,-14,-5,-14,-6,-14,-6,-14,-6,-13,-6,-13,-6,-13,-6,-13,-5,-13,-5,-13,-4,-14,-4,-13,-4,-14,-3,-14,-3,-15,-3,-15,-3,-15,-2,-15,-3,-15,-2]
[1;31mE (381054) wifi:No FTM Measurements received from responder![0m
[0;33mW (381154) TAG: FTM to A3 failed (ESP_FAIL), streak=1[0m
[0;32mI (381754) TAG: STA connected to 24:ec:4a:03:58:5d, ch=1 (sec=0)[0m
csi_data,A1,[0,0,-14,-7,-14,-7,-14,-7,-14,-6,-14,-6,-14,-6,-14,-5,-14,-5,-14,-4,-14,-4,-14,-3,-14,-3,-14,-3,-15,-3,-15,-3,-15,-3,-15,-3,-15,-4,-15,-4,-15,-5,-14,-5,-14,-6,-13,-6,-13,-7,-12,-7,-11,-8,0,0,0,0,0,0,0,0,0,0,0,0,0,0,0,0,0,0,0,0,0,0,-9,-5,-9,-5,-9,-6,-9,-7,-9,-7,-9,-8,-9,-8,-9,-8,-9,-9,-9,-9,-9,-9,-9,-9,-9,-8,-9,-8,-9,-8,-10,-8,-10,-8,-10,-7,-11,-7,-11,-7,-12,-7,-13,-7,-13,-7,-13,-6,-14,-6,-14,-7]
anchor,A1,24:ec:4a:03:58:5d,ch=1
ftm_report,A1,427,427,64.050
[0;32mI (382774) esp_netif_handlers: sta ip: 192.168.4.2, mask: 255.255.255.0, gw: 192.168.4.1[0m
[0;32mI (383134) TAG: STA connected to 24:ec:4a:04:39:15, ch=6 (sec=0)[0m
anchor,A2,24:ec:4a:04:39:15,ch=6
ftm_report,A2,9,9,1.350
csi_data,A2,[0,0,11,-10,10,-10,10,-10,10,-10,10,-10,9,-10,8,-10,8,-10,8,-10I (384014) TAG: STA connected to 24:ec:4a:03:56:41, ch=11 (sec=0)
,7,-10,7,-11,7,-10,6,-11,6,-11,6,-11,6,-11,7,-11,7,-11,7,-11,7,-11,7,-10,8,-10,8,-9,8,-8,8,-8,8,-7,0,0,0,0,0,0,0,0,0,0,0,0,0,0,0,0,0,0,0,0,0,0,7,-9,8,-9,9,-9,9,-8,10,-8,10,-8,11,-8,11,-8,11,-7,11,-6,11,-6,11,-6,11,-6,11,-6,11,-7,11,-7,10,-7,10,-8,10,-8,10,-9,10,-9,10,-10,10,-10,11,-10,11,-10,11,-11]
anchor,A3,24:ec:4a:03:56:41,ch=11
ftm_report,A3,15,15,2.250
[0;32mI (384874) TAG: STA connected to 24:ec:4a:03:58:5d, ch=1 (sec=0)[0m
csi_data,A1,[0,0,6,-14,6,-14,6,-14,6,-14,6,-13,5,-13,5,-13,5,-13,4,-13,3,-14,3,-14,2,-14,2,-14,2,-14,2,-15,2,-15,3,-15,3,-15,4,-15,4,-14,5,-14,5,-13,6,-13,6,-12,6,-12,7,-11,0,0,0,0,0,0,0,0,0,0,0,0,0,0,0,0,0,0,0,0,0,0,4,-9,5,-9,6,-9,6,-9,6,-9,7,-9,8,-9,8,-8,8,-8,8,-8,8,-9,8,-9,8,-8,8,-9,7,-9,7,-9,7,-10,7,-10,7,-10,7,-11,6,-11,6,-12,6,-12,6,-13,6,-13,6,-14]
anchor,A1,24:ec:4a:03:58:5d,ch=1
ftm_report,A1,6,6,0.900
[0;32mI (385734) TAG: STA connected to 24:ec:4a:04:39:15, ch=6 (sec=0)[0m
anchor,A2,24:ec:4a:04:39:15,ch=6
ftm_report,A2,10,10,1.500
csi_data,A2,[0,0,-2,15,-2,14,-2,14,-1,14,-1,13,-1,13,-1,13,0,12,0,12,1,12,1,12,2,12,2,12,2,12,2,12,3,12,2,12,2,13,2,13,1,12,1,12,0,12,0,11,-1,11,-1,11,-2,11,0,0,0,0,0,0,0,0,0,0,0,0,0,0,0,0,0,0,0,0,0,0,-1,11,-1,12,-2,11,-3,12,-3,12,-4,13,-4,12,-5,12,-5,12,-6,12,-6,12,-6,12,-5,12,-5,11,-5,12,-4,12,-4,12,-3,12,-3,12,-3,13,-2,13,-2,14,-2,14,-2,14,-2,14,-2,15]
[0;32mI (386604) TAG: STA connected to 24:ec:4a:03:56:41, ch=11 (sec=0)[0m
anchor,A3,24:ec:4a:03:56:41,ch=11
ftm_report,A3,17,17,2.550
csi_data,A3,[0,0,-11,-11,-11,-11,-11,-10,-10,-10,-11,-10,-10,-9,-10,-9,-10,-8,-10,-7,-10,-7,-11,-6,-11,-6,-11,-6,-11,-6,-11,-5,-11,-5,-11,-6,-11,-6,-11,-6,-10,-6,-10,-7,-9,-7,-9,-7,-8,-7,-7,-7,-7,-7,0,0,0,0,0,0,0,0,0,0,0,0,0,0,0,0,0,0,0,0,0,0,-10,-8,-10,-9,-10,-9,-9,-10,-9,-11,-9,-12,-8,-12,-8,-13,-8,-13,-7,-13,-7,-13,-7,-13,-7,-13,-7,-12,-7,-12,-7,-12,-8,-12,-8,-11,-9,-11,-9,-11,-10,-11,-10,-11,-10,-11,-11,-11,-11,-11,-11,-11]
[0;32mI (387514) TAG: STA connected to 24:ec:4a:03:58:5d, ch=1 (sec=0)[0m
anchor,A1,24:ec:4a:03:58:5d,ch=1
ftm_report,A1,3,3,0.450
csi_data,A1,[0,0,-4,-15,-4,-14,-4,-15,-4,-14,-5,-14,-5,-14,-5,-13,-6,-13,-6,-13,-6,-12,-7,-13,-7,-12,-7,-12,-8,-13,-8,-13,-8,-13,-8,-13,-8,-13,-8,-14,-7,-14,-6,-14,-5,-14,-5,-13,-4,-13,-3,-13,-2,-13,0,0,0,0,0,0,0,0,0,0,0,0,0,0,0,0,0,0,0,0,0,0,-2,-10,-2,-10,-1,-10,-1,-11,-1,-11,0,-12,0,-12,1,-12,1,-12,1,-12,1,-12,1,-12,1,-12,1,-12,0,-12,0,-12,0,-12,-1,-12,-2,-13,-2,-13,-3,-13,-3,-14,-3,-13,-4,-14,-4,-14,-4,-15]
[0;32mI (388374) TAG: STA connected to 24:ec:4a:04:39:15, ch=6 (sec=0)[0m
anchor,A2,24:ec:4a:04:39:15,ch=6
ftm_report,A2,10,10,1.500
csi_data,A2,[0,0,13,6,13,5,12,5,13,5,12,5,12,4,12,4,12,3,11,3,12,3,12,2,11,2,11,2,11,1,12,1,12,1,12,1,12,2,12,2,12,2,11,3,11,3,10,3,10,4,9,4,9,5,0,0,0,0,0,0,0,0,0,0,0,0,0,0,0,0,0,0,0,0,0,0,10,3,10,4,10,5,10,5,10,6,10,6,11,7,10,7,10,7,10,8,9,9,9,9,9,8,9,8,9,7,10,7,10,7,10,6,11,6,11,6,12,5,12,5,13,6,12,6,13,6,13,6]
[0;32mI (389244) TAG: STA connected to 24:ec:4a:03:56:41, ch=11 (sec=0)[0m
anchor,A3,24:ec:4a:03:56:41,ch=11
ftm_report,A3,17,17,2.550
csi_data,A3,[0,0,-13,8,-12,7,-12,7,-12,7,-11,7,-11,7,-10,8,-10,8,-9,8,-8,8,-8,8,-8,8,-8,8,-7,9,-7,9,-7,9,-8,9,-8,9,-8,9,-8,8,-8,8,-8,7,-8,6,-8,6,-8,5,-8,5,0,0,0,0,0,0,0,0,0,0,0,0,0,0,0,0,0,0,0,0,0,0,-10,8,-10,7,-11,7,-12,6,-12,6,-13,6,-14,5,-14,5,-14,4,-14,4,-14,4,-14,4,-14,4,-13,4,-13,4,-13,4,-13,5,-13,5,-13,5,-13,6,-13,7,-13,7,-13,8,-13,8,-13,8,-12,8]
[0;32mI (390104) TAG: STA connected to 24:ec:4a:03:58:5d, ch=1 (sec=0)[0m
anchor,A1,24:ec:4a:03:58:5d,ch=1
ftm_report,A1,6,6,0.900
[0;32mI (390974) TAG: STA connected to 24:ec:4a:04:39:15, ch=6 (sec=0)[0m
csi_data,A2,[0,0,-13,-8,-13,-8,-13,-8,-13,-8,-13,-8,-12,-7,-12,-7,-12,-6,-12,-6,-12,-5,-12,-5,-12,-4,-12,-4,-13,-4,-13,-4,-13,-4,-13,-4,-13,-4,-13,-5,-12,-5,-12,-5,-12,-6,-11,-6,-11,-6,-10,-6,-9,-7,0,0,0,0,0,0,0,0,0,0,0,0,0,0,0,0,0,0,0,0,0,0,-11,-5,-11,-6,-11,-7,-11,-8,-11,-8,-11,-9,-11,-10,-11,-10,-10,-10,-10,-10,-10,-10,-10,-10,-10,-10,-9,-10,-10,-10,-10,-9,-10,-9,-11,-9,-11,-9,-12,-8,-12,-8,-12,-8,-13,-8,-13,-8,-13,-8,-13,-8]
anchor,A2,24:ec:4a:04:39:15,ch=6
ftm_report,A2,0,0,-1.000
[0;32mI (391984) esp_netif_handlers: sta ip: 192.168.4.2, mask: 255.255.255.0, gw: 192.168.4.1[0m
csi_data,A2,[0,0,7,-13,7,-13,7,-13,6,-13,6,-13,5,-12,5,-12,5,-12,4,-12,4,-12,3,-12,3,-12,3,-12,3,-13,2,-13,2,-13,3,-13,3,-13,3,-13,3,-13,4,-12,4,-11,5,-11,5,-11,5,-10,5,-9,0,0,0,0,0,0,0,0,0,0,0,0,0,0,0,0,0,0,0,0,0,0,5,-10,5,-11,6,-10,7,-10,7,-10,8,-10,8,-10,9,-10,9,-10,9,-9,10,-9,9,-9,9,-9,9,-9,8,-9,8,-10,8,-10,7,-10,7,-11,7,-11,7,-11,7,-12,7,-13,7,-13,7,-13,7,-13]
[0;32mI (392354) TAG: STA connected to 24:ec:4a:03:56:41, ch=11 (sec=0)[0m
anchor,A3,24:ec:4a:03:56:41,ch=11
ftm_report,A3,13,13,1.950
csi_data,A3,[0,0,8,-12,7,-12,7,-12,7,-12,6,-12,6,-12,5,-12,5,-12,4,-12,4,-12,3,-12,3,-12,2,-12,2,-12,2,-12,2,-12,2,-12,2,-12,3,-12,3,-12,3,-12,4,-11,4,-10,4,-10,5,-9,5,-9,0,0,0,0,0,0,0,0,0,0,0,0,0,0,0,0,0,0,0,0,0,0,5,-12,6,-11,7,-11,7,-11,8,-11,9,-11,10,-11,10,-10,11,-10,11,-10,11,-10,11,-9,10,-9,10,-9,9,-9,10,-10,9,-10,9,-10,8,-10,8,-11,8,-11,8,-12,8,-12,8,-13,8,-12,7,-13]
[0;32mI (393214) TAG: STA connected to 24:ec:4a:03:58:5d, ch=1 (sec=0)[0m
csi_data,A1,[0,0,-15,1,-15,1,-15,1,-14,1,-14,1,-14,2,-14,2,-14,2,-13,3,-13,3,-13,3,-13,4,-13,4,-13,5,-13,5,-13,5,-14,5,-14,4,-14,4,-14,3,-14,3,-14,2,-14,1,-13,1,-13,0,-13,-1,0,0,0,0,0,0,0,0,0,0,0,0,0,0,0,0,0,0,0,0,0,0,-10,0,-10,-1,-11,-1,-11,-2,-12,-2,-12,-3,-12,-3,-12,-3,-12,-4,-12,-4,-12,-4,-12,-4,-11,-4,-12,-4,-12,-3,-12,-3,-12,-2,-12,-2,-12,-2,-13,-1,-13,-1,-14,0,-14,0,-14,0,-15,0,-15,0]
[0;32mI (394234) esp_netif_handlers: sta ip: 192.168.4.2, mask: 255.255.255.0, gw: 192.168.4.1[0m
anchor,A1,24:ec:4a:03:58:5d,ch=1
ftm_report,A1,457,457,68.550
[0;32mI (395084) TAG: STA connected to 24:ec:4a:04:39:15, ch=6 (sec=0)[0m
anchor,A2,24:ec:4a:04:39:15,ch=6
ftm_report,A2,0,0,-1.000
[0;32mI (395974) TAG: STA connected to 24:ec:4a:03:56:41, ch=11 (sec=0)[0m
csi_data,A3,[0,0,-3,-15,-3,-15,-3,-14,-3,-14,-3,-13,-4,-13,-4,-12,-4,-12,-5,-12,-5,-11,-5,-11,-6,-11,-6,-10,-6,-10,-6,-11,-6,-11,-6,-11,-6,-11,-6,-11,-5,-11,-5,-11,-4,-11,-4,-11,-3,-10,-2,-10,-2,-10,0,0,0,0,0,0,0,0,0,0,0,0,0,0,0,0,0,0,0,0,0,0,-5,-12,-4,-12,-4,-13,-3,-13,-2,-14,-1,-14,-1,-15,-1,-15,0,-15,1,-15,1,-15,1,-15,1,-14,1,-14,0,-14,0,-14,0,-14,-1,-14,-1,-14,-2,-14,-2,-14,-2,-15,-3,-15,-3,-15,-3,-15,-3,-15]
anchor,A3,24:ec:4a:03:56:41,ch=11
ftm_report,A3,14,14,2.100
[0;32mI (396834) TAG: STA connected to 24:ec:4a:03:58:5d, ch=1 (sec=0)[0m
csi_data,A1,[0,0,-13,7,-13,7,-13,7,-12,8,-13,7,-12,7,-12,8,-11,8,-11,8,-10,8,-10,9,-10,9,-10,9,-10,10,-10,10,-10,10,-10,10,-11,10,-11,10,-12,9,-12,9,-12,7,-12,7,-12,6,-12,5,-12,4,0,0,0,0,0,0,0,0,0,0,0,0,0,0,0,0,0,0,0,0,0,0,-9,4,-10,4,-10,4,-11,3,-11,3,-12,3,-12,2,-12,2,-12,2,-12,2,-12,2,-12,2,-12,2,-12,2,-12,3,-12,3,-12,3,-11,4,-12,4,-12,5,-12,5,-12,5,-12,6,-12,7,-13,7,-13,7]
anchor,A1,24:ec:4a:03:58:5d,ch=1
ftm_report,A1,18,18,2.700
[0;32mI (397844) esp_netif_handlers: sta ip: 192.168.4.2, mask: 255.255.255.0, gw: 192.168.4.1[0m
[0;32mI (398214) TAG: STA connected to 24:ec:4a:04:39:15, ch=6 (sec=0)[0m
csi_data,A2,[0,0,-11,10,-10,10,-11,10,-10,10,-10,10,-9,10,-9,10,-8,10,-8,10,-7,10,-7,10,-6,10,-6,10,-6,11,-6,11,-6,11,-6,11,-6,11,-7,11,-7,10,-7,10,-7,9,-7,9,-8,8,-8,8,-8,7,0,0,0,0,0,0,0,0,0,0,0,0,0,0,0,0,0,0,0,0,0,0,-8,8,-9,8,-9,8,-10,7,-10,7,-11,7,-12,7,-12,7,-12,6,-12,6,-12,6,-12,6,-12,6,-11,6,-11,6,-11,6,-11,7,-10,7,-11,8,-10,8,-10,9,-10,9,-10,10,-10,10,-10,10,-10,11]
[0;32mI (399224) esp_netif_handlers: sta ip: 192.168.4.2, mask: 255.255.255.0, gw: 192.168.4.1[0m
[0;33mW (399954) TAG: FTM to A2 failed (ESP_FAIL), streak=1[0m
[0;32mI (400554) TAG: STA connected to 24:ec:4a:03:56:41, ch=11 (sec=0)[0m
anchor,A3,24:ec:4a:03:56:41,ch=11
ftm_report,A3,15,15,2.250
csi_data,A3,[0,0,-12,-10,-12,-9,-12,-9,-11,-9,-11,-8,-11,-8,-11,-7,-11,-6,-11,-6,-11,-5,-11,-5,-12,-4,-12,-4,-12,-4,-12,-4,-12,-4,-12,-4,-12,-4,-12,-5,-11,-5,-11,-5,-10,-6,-10,-6,-9,-6,-9,-6,-8,-6,0,0,0,0,0,0,0,0,0,0,0,0,0,0,0,0,0,0,0,0,0,0,-11,-7,-11,-8,-11,-8,-11,-9,-10,-10,-10,-11,-10,-11,-10,-12,-9,-12,-9,-12,-9,-12,-9,-12,-9,-12,-9,-12,-9,-12,-9,-11,-9,-11,-10,-11,-10,-11,-11,-10,-11,-10,-11,-10,-12,-10,-12,-10,-12,-10,-12,-10]
[0;32mI (401474) TAG: STA connected to 24:ec:4a:03:58:5d, ch=1 (sec=0)[0m
anchor,A1,24:ec:4a:03:58:5d,ch=1
ftm_report,A1,18,18,2.700
csi_data,A1,[0,0,6,-13,6,-14,6,-13,6,-14,6,-13,5,-13,5,-13,4,-13,4,-13,3,-13,3,-14,3,-13,3,-14,2,-14,2,-15,2,-14,2,-15,3,-15,3,-15,4,-14,4,-14,5,-13,5,-13,6,-12,6,-11,7,-11,0,0,0,0,0,0,0,0,0,0,0,0,0,0,0,0,0,0,0,0,0,0,5,-9,5,-9,6,-9,6,-9,7,-9,8,-9,8,-9,8,-8,8,-8,9,-8,9,-8,9,-8,9,-8,8,-8,8,-8,8,-9,7,-9,7,-10,7,-10,7,-11,6,-11,6,-12,7,-12,7,-13,7,-13,7,-13]
[0;32mI (402364) TAG: STA connected to 24:ec:4a:04:39:15, ch=6 (sec=0)[0m
csi_data,A2,[0,0,13,-7,13,-7,12,-7,12,-7,12,-7,11,-7,11,-7,10,-7,10,-7,9,-8,9,-8,9,-8,9,-9,8,-9,9,-9,9,-9,9,-9,9,-9,9,-9,9,-8,10,-8,10,-7,9,-6,9,-6,9,-5,9,-5,0,0,0,0,0,0,0,0,0,0,0,0,0,0,0,0,0,0,0,0,0,0,9,-7,10,-6,10,-6,11,-5,11,-5,12,-5,12,-4,12,-4,13,-3,13,-3,12,-3,12,-3,12,-3,12,-3,12,-3,12,-3,12,-4,11,-5,12,-5,12,-6,12,-6,12,-6,12,-6,13,-7,13,-7,13,-7]
[0;32mI (403374) esp_netif_handlers: sta ip: 192.168.4.2, mask: 255.255.255.0, gw: 192.168.4.1[0m
anchor,A2,24:ec:4a:04:39:15,ch=6
ftm_report,A2,142,142,21.300
csi_data,A2,[0,0,-15,3,-15,3,-14,3,-14,3,-13,3,-13,3,-13,4,-12,4,-12,4,-12,5,-11,5,-11,6,-11,6,-11,6,-11,6,-11,6,-11,6,-11,6,-12,5,-11,5,-12,4,-11,4,-11,4,-11,3,-11,3,-10,2,0,0,0,0,0,0,0,0,0,0,0,0,0,0,0,0,0,0,0,0,0,0,-11,4,-12,3,-13,2,-12,2,-13,1,-13,1,-14,0,-14,0,-14,-1,-14,-1,-14,-1,-14,-1,-14,-1,-13,0,-13,0,-13,0,-13,0,-13,1,-13,1,-14,2,-14,2,-14,3,-14,3,-14,4,-15,4,-15,3]
[0;32mI (404234) TAG: STA connected to 24:ec:4a:03:56:41, ch=11 (sec=0)[0m
anchor,A3,24:ec:4a:03:56:41,ch=11
ftm_report,A3,17,17,2.550
csi_data,A3,[0,0,-14,6,-13,6,-13,5,-13,6,-12,6,-12,6,-11,6,-10,6,-10,6,-10,7,-9,7,-9,7,-9,7,-9,7,-9,8,-9,8,-9,8,-9,7,-9,7,-9,7,-9,6,-9,6,-9,5,-9,4,-9,4,-9,3,0,0,0,0,0,0,0,0,0,0,0,0,0,0,0,0,0,0,0,0,0,0,-11,6,-11,6,-12,5,-13,5,-13,5,-14,4,-14,3,-15,3,-15,2,-15,2,-15,2,-15,1,-14,2,-14,2,-13,2,-14,2,-13,3,-14,3,-13,3,-13,4,-13,5,-14,5,-14,5,-14,6,-14,6,-13,6]
[0;32mI (405104) TAG: STA connected to 24:ec:4a:03:58:5d, ch=1 (sec=0)[0m
anchor,A1,24:ec:4a:03:58:5d,ch=1
ftm_report,A1,4,4,0.600
[0;32mI (405964) TAG: STA connected to 24:ec:4a:04:39:15, ch=6 (sec=0)[0m
csi_data,A2,[0,0,-4,-15,-4,-15,-4,-14,-4,-14,-4,-14,-4,-13,-5,-13,-5,-12,-5,-12,-6,-12,-6,-12,-6,-11,-6,-11,-7,-11,-7,-11,-7,-11,-7,-12,-7,-11,-7,-12,-6,-12,-6,-12,-5,-12,-4,-12,-3,-11,-3,-11,-2,-11,0,0,0,0,0,0,0,0,0,0,0,0,0,0,0,0,0,0,0,0,0,0,-4,-11,-4,-12,-3,-12,-3,-13,-2,-13,-2,-13,-1,-14,-1,-14,-1,-14,0,-14,0,-14,0,-13,0,-13,0,-13,-1,-13,-1,-13,-1,-13,-2,-13,-2,-13,-3,-13,-3,-14,-4,-14,-4,-15,-4,-14,-4,-15,-4,-15]
anchor,A2,24:ec:4a:04:39:15,ch=6
ftm_report,A2,0,0,-1.000
[0;32mI (406844) TAG: STA connected to 24:ec:4a:03:56:41, ch=11 (sec=0)[0m
csi_data,A3,[0,0,-7,14,-7,12,-7,13,-6,12,-6,12,-5,12,-5,11,-4,11,-4,11,-3,11,-3,11,-2,11,-2,11,-2,11,-2,11,-2,12,-2,11,-2,12,-3,11,-3,11,-3,11,-4,10,-4,9,-4,9,-5,9,-5,8,0,0,0,0,0,0,0,0,0,0,0,0,0,0,0,0,0,0,0,0,0,0,-4,11,-5,12,-6,11,-7,12,-7,11,-8,12,-9,11,-9,11,-10,11,-10,10,-10,10,-10,10,-9,10,-9,10,-9,10,-9,10,-9,11,-8,11,-8,11,-8,12,-7,12,-7,12,-7,13,-7,13,-7,13,-7,13]
anchor,A3,24:ec:4a:03:56:41,ch=11
ftm_report,A3,14,14,2.100
[0;32mI (407694) TAG: STA connected to 24:ec:4a:03:58:5d, ch=1 (sec=0)[0m
anchor,A1,24:ec:4a:03:58:5d,ch=1
ftm_report,A1,18,18,2.700
csi_data,A1,[0,0,-13,7,-13,7,-13,7,-12,7,-12,7,-12,7,-12,7,-11,8,-11,8,-10,8,-10,9,-10,9,-10,9,-10,10,-10,10,-10,10,-10,10,-11,10,-11,10,-12,9,-12,8,-12,7,-12,7,-12,6,-12,5,-12,4,0,0,0,0,0,0,0,0,0,0,0,0,0,0,0,0,0,0,0,0,0,0,-9,4,-10,4,-10,4,-10,3,-11,3,-11,3,-12,2,-12,2,-12,2,-12,2,-12,2,-12,2,-12,2,-12,2,-12,3,-12,3,-12,3,-11,4,-12,4,-12,5,-12,5,-12,6,-12,6,-12,7,-13,7,-13,7]
[0;32mI (408574) TAG: STA connected to 24:ec:4a:04:39:15, ch=6 (sec=0)[0m
anchor,A2,24:ec:4a:04:39:15,ch=6
ftm_report,A2,0,0,-1.000
csi_data,A2,[0,0,14,3,14,2,14,2,14,2,14,2,13,2,13,1,13,1,12,0,12,0,12,-1,12,-1,12,-2,12,-2,13,-2,12,-2,13,-1,13,-1,12,-1,12,0,12,0,12,0,11,1,11,1,10,2,10,2,0,0,0,0,0,0,0,0,0,0,0,0,0,0,0,0,0,0,0,0,0,0,11,1,11,2,11,3,11,3,12,4,12,4,12,5,12,5,12,6,11,6,11,6,11,6,11,6,11,5,11,5,11,5,11,4,12,4,12,4,13,3,13,3,13,3,14,2,14,2,14,2,14,2]
[0;32mI (409434) TAG: STA connected to 24:ec:4a:03:56:41, ch=11 (sec=0)[0m
anchor,A3,24:ec:4a:03:56:41,ch=11
ftm_report,A3,15,15,2.250
csi_data,A3,[0,0,12,-8,12,-8,12,-8,11,-8,11,-8,10,-8,10,-8,9,-8,9,-9,8,-9,8,-9,8,-9,8,-9,7,-10,7,-10,8,-10,8,-9,8,-10,8,-9,8,-9,8,-8,8,-7,8,-7,8,-6,8,-5,8,-5,0,0,0,0,0,0,0,0,0,0,0,0,0,0,0,0,0,0,0,0,0,0,8,-8,9,-8,10,-8,11,-7,11,-7,12,-7,12,-6,13,-6,13,-5,13,-5,13,-4,13,-4,13,-4,12,-4,12,-5,12,-5,12,-6,12,-6,12,-6,12,-7,12,-7,12,-8,12,-8,12,-8,12,-8,12,-9]
[0;32mI (410284) TAG: STA connected to 24:ec:4a:03:58:5d, ch=1 (sec=0)[0m
anchor,A1,24:ec:4a:03:58:5d,ch=1
ftm_report,A1,3,3,0.450
csi_data,A1,[0,0,-14,-5,-14,-4,-14,-4,-14,-4,-14,-4,-14,-3,-14,-3,-13,-2,-13,-2,-13,-1,-14,-1,-14,-1,-14,-1,-14,0,-14,0,-15,0,-15,0,-15,0,-15,-1,-15,-2,-15,-2,-14,-3,-14,-3,-14,-4,-13,-5,-12,-5,0,0,0,0,0,0,0,0,0,0,0,0,0,0,0,0,0,0,0,0,0,0,-10,-4,-10,-5,-10,-5,-10,-6,-10,-7,-10,-7,-10,-7,-10,-8,-10,-8,-9,-8,-9,-8,-9,-8,-9,-8,-10,-8,-10,-7,-10,-7,-10,-7,-10,-6,-11,-6,-12,-6,-12,-6,-13,-5,-13,-5,-13,-5,-14,-5,-14,-5]
[0;32mI (411154) TAG: STA connected to 24:ec:4a:04:39:15, ch=6 (sec=0)[0m
anchor,A2,24:ec:4a:04:39:15,ch=6
ftm_report,A2,0,0,-1.000
csi_data,A2,[0,0,14,-5,14,-6,13,-5,13,-6,13,-6,12,-5,12,-6,11,-6,11,-6,11,-7,10,-7,10,-8,10,-8,10,-8,10,-8,10,-8,10,-8,10,-8,10,-8,11,-7,11,-7,11,-6,10,-5,10,-5,10,-4,10,-4,0,0,0,0,0,0,0,0,0,0,0,0,0,0,0,0,0,0,0,0,0,0,10,-5,10,-4,11,-4,11,-3,12,-3,12,-3,13,-2,13,-2,13,-1,13,-1,13,-1,12,-1,13,-1,12,-1,12,-1,12,-2,12,-2,12,-3,12,-3,13,-4,13,-4,13,-5,13,-5,13,-6,13,-5,14,-5]
[0;32mI (412034) TAG: STA connected to 24:ec:4a:03:56:41, ch=11 (sec=0)[0m
anchor,A3,24:ec:4a:03:56:41,ch=11
ftm_report,A3,14,14,2.100
[0;32mI (412934) TAG: STA connected to 24:ec:4a:03:58:5d, ch=1 (sec=0)[0m
csi_data,A1,[0,0,11,-9,10,-9,11,-10,10,-10,10,-10,10,-10,9,-10,9,-10,8,-10,8,-10,8,-11,7,-11,8,-12,8,-12,7,-12,8,-12,8,-12,8,-12,9,-12,9,-11,9,-11,10,-10,9,-9,10,-8,10,-8,10,-7,0,0,0,0,0,0,0,0,0,0,0,0,0,0,0,0,0,0,0,0,0,0,8,-6,9,-6,9,-5,10,-5,10,-5,10,-5,11,-4,11,-4,11,-4,11,-4,11,-4,11,-4,11,-4,11,-4,10,-4,10,-5,10,-5,10,-6,10,-6,10,-7,10,-7,10,-8,10,-8,10,-9,10,-9,11,-9]
anchor,A1,24:ec:4a:03:58:5d,ch=1
ftm_report,A1,3,3,0.450
[0;32mI (413794) TAG: STA connected to 24:ec:4a:04:39:15, ch=6 (sec=0)[0m
csi_data,A2,[0,0,10,11,10,10,9,10,9,10,9,9,9,9,9,8,9,8,9,7,10,7,10,7,10,6,10,6,10,6,10,6,10,6,11,6,11,6,10,7,10,7,9,7,9,7,8,7,8,8,7,8,6,8,0,0,0,0,0,0,0,0,0,0,0,0,0,0,0,0,0,0,0,0,0,0,8,7,8,8,8,9,7,9,7,10,7,10,7,11,6,11,6,11,6,11,5,12,5,11,5,11,5,11,6,10,6,10,6,10,7,10,8,10,8,10,8,10,9,10,9,10,9,10,10,10,10,10]
anchor,A2,24:ec:4a:04:39:15,ch=6
ftm_report,A2,9,9,1.350
[0;32mI (414664) TAG: STA connected to 24:ec:4a:03:56:41, ch=11 (sec=0)[0m
anchor,A3,24:ec:4a:03:56:41,ch=11
ftm_report,A3,12,12,1.800
csi_data,A3,[0,0,6,13,6,12,6,12,6,11,6,11,6,10,6,10,7,9,7,9,7,8,7,8,8,8,8,8,8,8,8,7,8,8,8,7,8,8,8,8,7,9,7,9,6,9,5,8,5,8,4,8,3,8,0,0,0,0,0,0,0,0,0,0,0,0,0,0,0,0,0,0,0,0,0,0,7,9,7,10,6,10,6,11,5,12,5,13,4,13,4,13,3,14,3,13,3,13,3,13,3,13,3,13,3,13,3,12,4,13,4,12,5,12,5,12,5,12,6,12,6,12,6,13,7,13,7,13]
[0;32mI (415534) TAG: STA connected to 24:ec:4a:03:58:5d, ch=1 (sec=0)[0m
anchor,A1,24:ec:4a:03:58:5d,ch=1
ftm_report,A1,5,5,0.750
csi_data,A1,[0,0,14,-3,14,-4,14,-4,13,-4,14,-4,13,-4,13,-5,13,-5,12,-5,11,-6,12,-7,11,-7,11,-7,12,-7,12,-7,12,-8,12,-7,13,-7,13,-7,13,-6,13,-5,13,-4,13,-4,13,-3,12,-2,12,-2,0,0,0,0,0,0,0,0,0,0,0,0,0,0,0,0,0,0,0,0,0,0,10,-2,10,-1,10,-1,11,0,11,0,11,1,11,1,11,1,11,2,11,2,11,2,11,1,11,1,11,1,11,1,11,0,11,0,11,-1,12,-1,12,-1,12,-2,13,-2,13,-3,13,-3,14,-3,14,-4]
[0;32mI (416404) TAG: STA connected to 24:ec:4a:04:39:15, ch=6 (sec=0)[0m
anchor,A2,24:ec:4a:04:39:15,ch=6
ftm_report,A2,9,9,1.350
csi_data,A2,[0,0,7,-13,7,-13,7,-12,7,-13,6,-12,5,-12,5,-12,4,-12,4,-12,4,-12,3,-12,3,-12,3,-12,2,-12,2,-12,2,-13,3,-12,3,-12,3,-13,3,-12,3,-12,4,-11,4,-11,5,-10,5,-10,5,-9,0,0,0,0,0,0,0,0,0,0,0,0,0,0,0,0,0,0,0,0,0,0,5,-10,6,-11,7,-10,7,-10,8,-10,8,-10,9,-10,9,-10,9,-9,9,-9,9,-9,9,-9,9,-9,9,-9,9,-9,8,-9,8,-10,8,-10,8,-11,7,-11,7,-12,7,-12,7,-13,7,-13,7,-13,7,-13]
[0;32mI (417254) TAG: STA connected to 24:ec:4a:03:56:41, ch=11 (sec=0)[0m
anchor,A3,24:ec:4a:03:56:41,ch=11
ftm_report,A3,13,13,1.950
csi_data,A3,[0,0,-14,-7,-13,-6,-13,-6,-13,-6,-13,-6,-12,-5,-12,-5,-12,-4,-12,-4,-12,-3,-12,-3,-12,-2,-12,-2,-12,-2,-12,-1,-12,-1,-12,-2,-12,-2,-12,-2,-12,-3,-11,-3,-11,-3,-10,-4,-10,-4,-9,-4,-9,-5,0,0,0,0,0,0,0,0,0,0,0,0,0,0,0,0,0,0,0,0,0,0,-12,-4,-12,-5,-12,-5,-12,-6,-12,-7,-12,-8,-12,-9,-12,-9,-12,-9,-11,-10,-11,-10,-11,-10,-11,-9,-11,-9,-11,-9,-11,-9,-11,-8,-12,-8,-12,-8,-12,-8,-13,-7,-13,-7,-13,-7,-14,-7,-14,-7,-14,-7]
[0;32mI (418124) TAG: STA connected to 24:ec:4a:03:58:5d, ch=1 (sec=0)[0m
anchor,A1,24:ec:4a:03:58:5d,ch=1
ftm_report,A1,3,3,0.450
[0;32mI (418984) TAG: STA connected to 24:ec:4a:04:39:15, ch=6 (sec=0)[0m
csi_data,A2,[0,0,1,15,0,14,0,14,1,14,1,13,1,13,1,13,2,12,2,12,3,11,3,11,3,11,4,11,4,11,4,11,4,11,4,11,4,12,3,12,3,12,2,12,2,11,1,11,1,11,0,11,0,11,0,0,0,0,0,0,0,0,0,0,0,0,0,0,0,0,0,0,0,0,0,0,2,11,1,12,0,12,0,12,-1,12,-1,13,-2,13,-2,13,-3,13,-3,13,-3,13,-3,12,-3,12,-3,12,-2,12,-2,12,-2,13,-1,12,-1,13,0,13,0,13,0,13,1,14,1,14,1,14,1,15]
anchor,A2,24:ec:4a:04:39:15,ch=6
ftm_report,A2,10,10,1.500
[0;32mI (419834) TAG: STA connected to 24:ec:4a:03:56:41, ch=11 (sec=0)[0m
csi_data,A3,[0,0,5,-14,5,-13,5,-13,5,-13,4,-13,4,-13,3,-12,3,-12,2,-12,2,-12,1,-12,1,-12,0,-12,0,-12,0,-12,0,-13,0,-12,0,-12,1,-12,1,-12,1,-12,2,-11,2,-11,2,-10,3,-10,3,-9,0,0,0,0,0,0,0,0,0,0,0,0,0,0,0,0,0,0,0,0,0,0,3,-12,4,-12,4,-12,5,-12,6,-12,7,-13,8,-12,8,-12,9,-12,9,-11,9,-11,9,-11,8,-11,8,-11,8,-11,7,-11,7,-12,7,-12,7,-12,6,-13,6,-13,6,-13,6,-14,5,-14,5,-14,5,-14]
anchor,A3,24:ec:4a:03:56:41,ch=11
ftm_report,A3,16,16,2.400
[0;32mI (420704) TAG: STA connected to 24:ec:4a:03:58:5d, ch=1 (sec=0)[0m
anchor,A1,24:ec:4a:03:58:5d,ch=1
ftm_report,A1,7,7,1.050
csi_data,A1,[0,0,-11,10,-11,10,-10,10,-10,10,-10,10,-10,10,-9,10,-9,10,-8,10,-8,11,-8,11,-7,11,-7,11,-7,12,-7,12,-7,12,-8,12,-8,12,-9,12,-9,11,-10,11,-10,10,-10,9,-10,9,-11,8,-11,7,0,0,0,0,0,0,0,0,0,0,0,0,0,0,0,0,0,0,0,0,0,0,-8,7,-8,7,-9,6,-9,6,-10,6,-11,6,-11,5,-11,5,-11,5,-11,5,-11,5,-11,5,-11,5,-11,5,-11,5,-11,6,-10,6,-10,6,-10,7,-10,7,-10,8,-10,8,-10,9,-10,10,-10,10,-10,10]
[0;32mI (421574) TAG: STA connected to 24:ec:4a:04:39:15, ch=6 (sec=0)[0m
anchor,A2,24:ec:4a:04:39:15,ch=6
ftm_report,A2,10,10,1.500
csi_data,A2,[0,0,-14,-8,-13,-8,-13,-8,-13,-8,-13,-7,-13,-7,-12,-7,-12,-6,-12,-6,-12,-5,-12,-5,-12,-4,-13,-4,-12,-4,-13,-4,-13,-4,-13,-4,-13,-4,-13,-4,-12,-5,-12,-5,-11,-5,-11,-5,-10,-6,-10,-6,-9,-6,0,0,0,0,0,0,0,0,0,0,0,0,0,0,0,0,0,0,0,0,0,0,-11,-6,-11,-6,-11,-7,-11,-8,-10,-9,-11,-9,-10,-10,-10,-10,-10,-10,-9,-10,-9,-11,-9,-11,-9,-10,-9,-10,-9,-9,-10,-10,-10,-9,-11,-9,-11,-9,-12,-8,-12,-8,-12,-8,-13,-8,-13,-8,-13,-8,-13,-8]
[0;32mI (422444) TAG: STA connected to 24:ec:4a:03:56:41, ch=11 (sec=0)[0m
anchor,A3,24:ec:4a:03:56:41,ch=11
ftm_report,A3,13,13,1.950
csi_data,A3,[0,0,-12,9,-12,8,-12,8,-11,8,-11,8,-10,8,-9,8,-9,8,-8,8,-8,9,-8,9,-7,9,-7,9,-7,9,-6,9,-7,10,-7,9,-7,10,-7,9,-7,9,-7,8,-8,7,-8,7,-8,6,-8,6,-8,5,0,0,0,0,0,0,0,0,0,0,0,0,0,0,0,0,0,0,0,0,0,0,-9,8,-10,8,-11,7,-12,7,-12,7,-13,6,-13,6,-14,6,-14,5,-14,5,-14,5,-14,4,-13,4,-13,4,-13,5,-13,5,-13,6,-12,6,-13,6,-12,7,-12,7,-12,7,-12,8,-13,8,-12,8,-12,9]
[0;32mI (423354) TAG: STA connected to 24:ec:4a:03:58:5d, ch=1 (sec=0)[0m
anchor,A1,24:ec:4a:03:58:5d,ch=1
ftm_report,A1,3,3,0.450
csi_data,A1,[0,0,-10,11,-10,11,-10,11,-10,11,-9,11,-9,11,-9,11,-8,11,-8,11,-7,11,-7,12,-6,12,-7,12,-6,13,-6,13,-6,13,-7,13,-7,13,-8,13,-8,12,-9,12,-9,11,-9,10,-10,10,-10,9,-10,8,0,0,0,0,0,0,0,0,0,0,0,0,0,0,0,0,0,0,0,0,0,0,-8,7,-9,7,-9,6,-10,6,-10,6,-11,6,-11,6,-11,6,-12,5,-11,5,-11,5,-11,5,-11,5,-11,5,-11,6,-11,6,-11,6,-10,7,-10,7,-10,8,-10,8,-10,9,-10,10,-10,10,-10,11,-10,11]
[0;32mI (424214) TAG: STA connected to 24:ec:4a:04:39:15, ch=6 (sec=0)[0m
anchor,A2,24:ec:4a:04:39:15,ch=6
ftm_report,A2,10,10,1.500
csi_data,A2,[0,0,-10,-12,-10,-12,-10,-11,-10,-11,-10,-11,-10,-10,-10,-10,-10,-9,-10,-9,-10,-8,-10,-8,-11,-7,-11,-7,-11,-7,-11,-7,-11,-8,-11,-8,-11,-8,-11,-8,-10,-9,-10,-9,-9,-9,-9,-9,-8,-9,-7,-9,-7,-9,0,0,0,0,0,0,0,0,0,0,0,0,0,0,0,0,0,0,0,0,0,0,-9,-8,-9,-9,-9,-10,-9,-10,-8,-11,-8,-12,-8,-12,-7,-12,-7,-12,-6,-12,-7,-13,-6,-12,-6,-12,-7,-12,-7,-12,-7,-12,-8,-11,-8,-11,-8,-11,-9,-11,-9,-11,-9,-11,-10,-11,-10,-11,-10,-11,-11,-12]
[0;32mI (425224) esp_netif_handlers: sta ip: 192.168.4.2, mask: 255.255.255.0, gw: 192.168.4.1[0m
[0;32mI (425584) TAG: STA connected to 24:ec:4a:03:56:41, ch=11 (sec=0)[0m
anchor,A3,24:ec:4a:03:56:41,ch=11
ftm_report,A3,13,13,1.950
csi_data,A3,[0,0,14,2,13,2,13,2,13,1,13,1,12,1,12,0,12,0,11,-1,11,-1,11,-2,11,-2,11,-2,11,-2,11,-2,11,-3,11,-2,11,-2,11,-2,11,-2,11,-1,10,0,10,0,9,0,9,1,9,1,0,0,0,0,0,0,0,0,0,0,0,0,0,0,0,0,0,0,0,0,0,0,12,-1,12,0,12,1,13,2,13,2,13,3,13,4,13,4,13,5,13,5,12,5,12,5,12,5,12,5,12,5,12,4,12,4,12,3,13,3,13,3,13,3,14,2,14,2,14,2,14,2,14,2]
[0;32mI (426444) TAG: STA connected to 24:ec:4a:03:58:5d, ch=1 (sec=0)[0m
anchor,A1,24:ec:4a:03:58:5d,ch=1
ftm_report,A1,3,3,0.450
csi_data,A1,[0,0,-15,3,-15,4,-14,4,-14,4,-14,4,-14,4,-14,4,-13,4,-13,5,-13,5,-12,6,-12,6,-12,6,-12,7,-12,7,-13,7,-13,7,-13,7,-14,6,-14,5,-14,5,-14,4,-13,3,-13,3,-13,2,-13,1,0,0,0,0,0,0,0,0,0,0,0,0,0,0,0,0,0,0,0,0,0,0,-11,2,-11,1,-11,1,-12,0,-12,0,-13,0,-13,-1,-12,-2,-13,-2,-13,-2,-13,-2,-13,-2,-13,-2,-12,-1,-12,-1,-12,-1,-12,0,-12,0,-13,1,-13,1,-13,2,-13,2,-14,2,-14,3,-14,3,-14,3]
[0;32mI (427314) TAG: STA connected to 24:ec:4a:04:39:15, ch=6 (sec=0)[0m
anchor,A2,24:ec:4a:04:39:15,ch=6
ftm_report,A2,10,10,1.500
csi_data,A2,[0,0,-13,-8,-14,-8,-13,-8,-13,-8,-13,-7,-12,-7,-12,-6,-12,-6,-12,-5,-12,-5,-12,-4,-12,-4,-13,-3,-12,-3,-13,-3,-13,-3,-13,-4,-13,-4,-13,-4,-13,-4,-12,-5,-12,-5,-11,-5,-11,-6,-10,-6,-9,-6,0,0,0,0,0,0,0,0,0,0,0,0,0,0,0,0,0,0,0,0,0,0,-11,-6,-11,-7,-11,-8,-10,-8,-11,-9,-10,-9,-10,-10,-10,-11,-10,-10,-10,-11,-9,-11,-9,-11,-9,-10,-9,-10,-9,-10,-10,-10,-10,-9,-11,-9,-11,-9,-11,-8,-12,-8,-13,-8,-13,-8,-13,-8,-13,-8,-13,-8]
[0;32mI (428174) TAG: STA connected to 24:ec:4a:03:56:41, ch=11 (sec=0)[0m
anchor,A3,24:ec:4a:03:56:41,ch=11
ftm_report,A3,13,13,1.950
csi_data,A3,[0,0,13,-6,12,-6,12,-6,12,-6,12,-6,11,-6,10,-6,10,-7,10,-7,9,-7,9,-8,8,-8,8,-8,8,-8,8,-8,8,-9,8,-8,8,-8,9,-8,9,-8,9,-7,9,-6,9,-6,8,-5,8,-5,8,-4,0,0,0,0,0,0,0,0,0,0,0,0,0,0,0,0,0,0,0,0,0,0,10,-7,11,-7,11,-6,12,-5,12,-5,13,-5,14,-4,14,-4,14,-3,14,-2,14,-2,13,-2,13,-2,13,-2,13,-3,13,-3,13,-3,13,-4,13,-4,13,-5,13,-5,13,-5,13,-6,13,-6,13,-6,13,-6]
[0;32mI (429044) TAG: STA connected to 24:ec:4a:03:58:5d, ch=1 (sec=0)[0m
anchor,A1,24:ec:4a:03:58:5d,ch=1
ftm_report,A1,3,3,0.450
[0;32mI (429894) TAG: STA connected to 24:ec:4a:04:39:15, ch=6 (sec=0)[0m
csi_data,A2,[0,0,-4,15,-4,14,-4,13,-4,14,-3,13,-3,13,-2,13,-2,12,-2,12,-1,12,-1,12,-1,12,0,12,0,12,0,12,0,12,0,12,0,12,-1,13,-1,12,-2,12,-2,12,-3,11,-3,11,-3,10,-4,10,0,0,0,0,0,0,0,0,0,0,0,0,0,0,0,0,0,0,0,0,0,0,-2,11,-2,12,-3,11,-4,12,-4,12,-5,12,-6,12,-6,12,-6,12,-7,11,-7,11,-7,11,-7,11,-7,11,-6,11,-6,11,-5,11,-5,12,-5,12,-4,13,-4,13,-4,13,-4,14,-4,14,-4,14,-4,15]
anchor,A2,24:ec:4a:04:39:15,ch=6
ftm_report,A2,0,0,-1.000
[0;32mI (430764) TAG: STA connected to 24:ec:4a:03:56:41, ch=11 (sec=0)[0m
anchor,A3,24:ec:4a:03:56:41,ch=11
ftm_report,A3,16,16,2.400
csi_data,A3,[0,0,-14,-6,-14,-6,-14,-6,-13,-5,-13,-5,-13,-4,-13,-4,-13,-3,-12,-3,-12,-2,-12,-2,-12,-1,-13,-1,-13,-1,-12,-1,-13,-1,-13,-1,-13,-1,-13,-1,-12,-2,-12,-2,-11,-3,-11,-3,-10,-3,-10,-4,-9,-4,0,0,0,0,0,0,0,0,0,0,0,0,0,0,0,0,0,0,0,0,0,0,-12,-4,-12,-5,-12,-6,-12,-7,-12,-7,-12,-8,-12,-9,-12,-9,-12,-10,-11,-10,-11,-10,-11,-10,-11,-9,-11,-9,-11,-9,-11,-8,-11,-8,-12,-7,-12,-7,-13,-7,-13,-7,-13,-7,-14,-6,-14,-6,-14,-6,-14,-6]
[0;32mI (431614) TAG: STA connected to 24:ec:4a:03:58:5d, ch=1 (sec=0)[0m
anchor,A1,24:ec:4a:03:58:5d,ch=1
ftm_report,A1,6,6,0.900
csi_data,A1,[0,0,-11,10,-11,10,-10,10,-10,10,-10,10,-10,10,-9,10,-9,10,-8,10,-8,11,-8,11,-7,11,-7,11,-7,12,-7,12,-7,12,-8,12,-8,12,-8,12,-9,12,-9,11,-10,10,-10,10,-10,9,-11,8,-11,7,0,0,0,0,0,0,0,0,0,0,0,0,0,0,0,0,0,0,0,0,0,0,-8,6,-8,6,-9,6,-9,6,-10,5,-10,5,-11,5,-11,5,-11,5,-11,4,-11,4,-11,5,-11,4,-11,5,-11,5,-11,5,-10,6,-10,6,-10,6,-10,7,-10,7,-11,8,-10,9,-10,9,-11,9,-11,10]
[0;32mI (432474) TAG: STA connected to 24:ec:4a:04:39:15, ch=6 (sec=0)[0m
anchor,A2,24:ec:4a:04:39:15,ch=6
ftm_report,A2,9,9,1.350
csi_data,A2,[0,0,12,8,12,8,12,8,12,7,12,7,11,7,11,6,11,5,11,5,11,5,11,4,11,4,11,4,12,3,12,4,12,3,12,4,12,4,12,4,11,4,11,5,10,5,10,5,9,6,8,6,8,6,0,0,0,0,0,0,0,0,0,0,0,0,0,0,0,0,0,0,0,0,0,0,9,5,10,6,9,7,9,7,9,8,9,9,9,9,9,9,8,10,8,10,8,10,8,10,8,10,8,9,8,9,8,9,9,9,9,8,10,8,10,8,11,8,11,8,12,8,12,8,12,8,13,8]
[0;32mI (433354) TAG: STA connected to 24:ec:4a:03:56:41, ch=11 (sec=0)[0m
anchor,A3,24:ec:4a:03:56:41,ch=11
ftm_report,A3,15,15,2.250
csi_data,A3,[0,0,-6,-14,-6,-14,-6,-13,-6,-13,-6,-13,-7,-12,-7,-11,-7,-11,-7,-11,-8,-10,-8,-10,-8,-10,-8,-9,-9,-9,-9,-9,-9,-9,-9,-10,-9,-10,-8,-10,-8,-10,-7,-10,-7,-10,-6,-10,-5,-10,-5,-10,-4,-9,0,0,0,0,0,0,0,0,0,0,0,0,0,0,0,0,0,0,0,0,0,0,-6,-11,-5,-12,-5,-13,-4,-13,-4,-14,-3,-14,-3,-14,-2,-14,-2,-15,-2,-15,-1,-14,-1,-14,-1,-14,-1,-14,-2,-13,-2,-14,-3,-13,-3,-14,-4,-13,-5,-13,-5,-13,-5,-14,-6,-14,-6,-14,-6,-14,-6,-14]
[0;32mI (434264) TAG: STA connected to 24:ec:4a:03:58:5d, ch=1 (sec=0)[0m
anchor,A1,24:ec:4a:03:58:5d,ch=1
ftm_report,A1,4,4,0.600
csi_data,A1,[0,0,-15,-1,-15,0,-15,0,-15,0,-14,0,-14,0,-14,1,-14,1,-14,2,-13,2,-14,3,-14,3,-14,3,-14,3,-14,4,-14,4,-15,3,-15,3,-15,3,-15,2,-15,1,-15,1,-15,0,-14,-1,-13,-2,-13,-3,0,0,0,0,0,0,0,0,0,0,0,0,0,0,0,0,0,0,0,0,0,0,-11,-1,-11,-2,-12,-2,-12,-3,-12,-3,-12,-4,-12,-4,-12,-5,-12,-5,-12,-5,-12,-5,-12,-5,-12,-5,-12,-5,-12,-4,-12,-4,-12,-3,-12,-3,-12,-3,-13,-2,-13,-2,-14,-1,-14,-1,-14,-1,-15,-1,-15,-1]
[0;32mI (435124) TAG: STA connected to 24:ec:4a:04:39:15, ch=6 (sec=0)[0m
anchor,A2,24:ec:4a:04:39:15,ch=6
ftm_report,A2,4,4,0.600
[0;32mI (436004) TAG: STA connected to 24:ec:4a:03:56:41, ch=11 (sec=0)[0m
csi_data,A3,[0,0,2,15,2,13,2,13,2,13,2,13,2,12,3,12,3,11,3,11,4,10,4,10,5,10,5,10,5,10,5,10,5,10,5,10,5,10,4,10,4,10,3,10,3,10,2,9,2,9,2,8,1,8,0,0,0,0,0,0,0,0,0,0,0,0,0,0,0,0,0,0,0,0,0,0,3,11,2,12,1,12,1,13,0,13,-1,14,-1,14,-2,14,-3,14,-3,14,-3,14,-3,13,-3,13,-2,13,-2,13,-2,13,-1,13,-1,13,0,13,0,13,0,13,1,14,1,14,2,14,2,14,2,14]
anchor,A3,24:ec:4a:03:56:41,ch=11
ftm_report,A3,16,16,2.400
[0;32mI (436854) TAG: STA connected to 24:ec:4a:03:58:5d, ch=1 (sec=0)[0m
csi_data,A1,[0,0,-14,5,-13,5,-14,5,-13,5,-13,6,-13,5,-13,6,-12,6,-12,6,-11,7,-11,8,-11,8,-11,8,-11,8,-11,9,-12,9,-12,9,-12,9,-13,8,-13,7,-13,6,-13,5,-13,5,-13,5,-13,4,-13,3,0,0,0,0,0,0,0,0,0,0,0,0,0,0,0,0,0,0,0,0,0,0,-10,3,-11,3,-11,2,-12,2,-11,1,-12,1,-12,0,-12,0,-12,0,-12,0,-12,0,-12,0,-12,0,-12,0,-12,0,-12,1,-12,1,-12,2,-12,2,-12,3,-12,3,-13,3,-13,4,-13,5,-13,5,-13,5]
anchor,A1,24:ec:4a:03:58:5d,ch=1
ftm_report,A1,3,3,0.450
[0;32mI (437724) TAG: STA connected to 24:ec:4a:04:39:15, ch=6 (sec=0)[0m
anchor,A2,24:ec:4a:04:39:15,ch=6
ftm_report,A2,10,10,1.500
csi_data,A2,[0,0,-15,-5,-15,-5,-14,-5,-14,-5,-14,-4,-14,-4,-14,-3,-13,-3,-13,-3,-13,-2,-13,-2,-13,-1,-13,-1,-13,-1,-14,-1,-13,-1,-14,-1,-13,-1,-14,-2,-13,-2,-13,-2,-13,-3,-12,-3,-12,-4,-11,-4,-11,-5,0,0,0,0,0,0,0,0,0,0,0,0,0,0,0,0,0,0,0,0,0,0,-11,-4,-11,-4,-12,-5,-11,-5,-12,-6,-12,-6,-12,-7,-12,-8,-11,-8,-11,-8,-11,-8,-11,-8,-11,-8,-11,-8,-11,-7,-12,-7,-11,-6,-12,-6,-12,-6,-13,-5,-13,-5,-14,-5,-14,-5,-14,-5,-15,-5,-15,-5]
[0;32mI (438594) TAG: STA connected to 24:ec:4a:03:56:41, ch=11 (sec=0)[0m
anchor,A3,24:ec:4a:03:56:41,ch=11
ftm_report,A3,16,16,2.400
csi_data,A3,[0,0,-13,-8,-13,-8,-13,-8,-12,-8,-12,-7,-12,-7,-12,-6,-12,-5,-12,-5,-12,-4,-12,-4,-12,-3,-12,-3,-12,-3,-12,-3,-12,-3,-12,-3,-12,-3,-12,-3,-11,-4,-11,-4,-10,-5,-10,-4,-9,-5,-9,-5,-8,-5,0,0,0,0,0,0,0,0,0,0,0,0,0,0,0,0,0,0,0,0,0,0,-12,-5,-12,-6,-12,-7,-12,-8,-12,-9,-12,-10,-12,-10,-12,-11,-11,-11,-11,-11,-11,-11,-10,-11,-10,-11,-10,-11,-11,-10,-10,-10,-11,-10,-11,-9,-12,-9,-12,-9,-12,-9,-13,-9,-13,-8,-13,-8,-13,-8,-14,-8]
[0;32mI (439454) TAG: STA connected to 24:ec:4a:03:58:5d, ch=1 (sec=0)[0m
anchor,A1,24:ec:4a:03:58:5d,ch=1
ftm_report,A1,5,5,0.750
csi_data,A1,[0,0,8,12,8,11,8,11,8,11,9,11,9,10,9,10,9,9,9,9,10,8,10,8,10,8,11,8,11,8,11,8,11,8,11,9,11,9,11,10,10,10,10,10,9,11,8,10,8,11,7,11,6,11,0,0,0,0,0,0,0,0,0,0,0,0,0,0,0,0,0,0,0,0,0,0,5,8,4,8,4,9,4,9,3,10,3,10,3,11,2,11,2,11,2,11,2,11,2,11,3,11,3,11,3,10,3,10,4,10,4,10,5,10,6,10,6,11,7,11,7,11,7,11,8,11,8,11]
[0;32mI (440314) TAG: STA connected to 24:ec:4a:04:39:15, ch=6 (sec=0)[0m
anchor,A2,24:ec:4a:04:39:15,ch=6
ftm_report,A2,0,0,-1.000
csi_data,A2,[0,0,-4,14,-4,14,-4,14,-3,14,-3,13,-3,13,-2,13,-2,12,-1,12,-1,12,-1,12,0,12,0,12,0,12,1,13,1,12,0,13,0,13,-1,13,-1,12,-1,12,-2,12,-2,12,-3,11,-3,10,-4,10,0,0,0,0,0,0,0,0,0,0,0,0,0,0,0,0,0,0,0,0,0,0,-3,11,-3,11,-4,11,-4,11,-5,11,-5,11,-6,11,-7,11,-7,11,-8,11,-8,11,-7,11,-7,11,-7,11,-6,11,-6,11,-5,11,-5,12,-5,12,-5,12,-4,13,-4,13,-4,14,-4,14,-4,14,-4,14]
[0;32mI (441194) TAG: STA connected to 24:ec:4a:03:56:41, ch=11 (sec=0)[0m
anchor,A3,24:ec:4a:03:56:41,ch=11
ftm_report,A3,15,15,2.250
csi_data,A3,[0,0,15,3,14,3,14,3,13,2,13,2,13,2,13,1,12,0,12,0,12,-1,12,-1,11,-1,11,-2,11,-2,11,-2,11,-2,12,-1,12,-1,11,-1,11,-1,11,0,10,0,10,1,9,1,9,1,8,2,0,0,0,0,0,0,0,0,0,0,0,0,0,0,0,0,0,0,0,0,0,0,12,1,13,1,13,2,13,3,13,4,14,4,13,5,13,6,13,6,13,7,13,7,12,7,12,6,12,6,12,6,12,6,12,5,12,4,13,4,13,4,14,4,14,3,14,3,14,3,15,3,15,3]
[0;32mI (442044) TAG: STA connected to 24:ec:4a:03:58:5d, ch=1 (sec=0)[0m
anchor,A1,24:ec:4a:03:58:5d,ch=1
ftm_report,A1,7,7,1.050
[0;32mI (442904) TAG: STA connected to 24:ec:4a:04:39:15, ch=6 (sec=0)[0m
csi_data,A2,[0,0,-12,-10,-12,-9,-12,-9,-12,-9,-12,-9,-12,-8,-12,-8,-12,-7,-12,-7,-12,-7,-12,-6,-12,-6,-12,-6,-12,-5,-12,-5,-12,-5,-12,-6,-12,-6,-12,-6,-12,-6,-11,-7,-11,-7,-10,-7,-9,-8,-9,-8,-8,-8,0,0,0,0,0,0,0,0,0,0,0,0,0,0,0,0,0,0,0,0,0,0,-10,-7,-10,-7,-10,-8,-10,-8,-9,-9,-9,-10,-9,-10,-9,-11,-9,-11,-8,-11,-8,-11,-8,-11,-8,-11,-8,-11,-8,-10,-9,-10,-9,-10,-9,-10,-10,-10,-11,-9,-11,-9,-11,-9,-12,-9,-12,-10,-12,-10,-12,-10]
anchor,A2,24:ec:4a:04:39:15,ch=6
ftm_report,A2,0,0,-1.000
[0;32mI (443794) TAG: STA connected to 24:ec:4a:03:56:41, ch=11 (sec=0)[0m
csi_data,A3,[0,0,-1,15,0,14,0,14,0,13,0,13,1,13,1,12,2,12,2,12,2,11,3,11,3,11,3,11,4,11,4,11,4,11,4,11,3,11,3,11,2,11,2,11,1,10,1,10,1,9,0,9,0,9,0,0,0,0,0,0,0,0,0,0,0,0,0,0,0,0,0,0,0,0,0,0,1,12,0,12,-1,12,-2,13,-2,13,-3,14,-4,14,-4,14,-5,14,-5,13,-5,13,-5,13,-5,13,-4,13,-4,13,-4,12,-3,13,-3,13,-2,13,-2,13,-2,14,-1,14,-1,14,-1,14,0,14,0,14]
anchor,A3,24:ec:4a:03:56:41,ch=11
ftm_report,A3,15,15,2.250
[0;32mI (444694) TAG: STA connected to 24:ec:4a:03:58:5d, ch=1 (sec=0)[0m
anchor,A1,24:ec:4a:03:58:5d,ch=1
ftm_report,A1,3,3,0.450
csi_data,A1,[0,0,-12,8,-12,9,-12,9,-11,9,-11,9,-11,9,-10,9,-10,9,-10,9,-9,10,-9,10,-8,10,-8,10,-8,11,-8,11,-8,11,-9,11,-10,11,-10,11,-10,10,-11,10,-11,9,-11,8,-11,8,-11,7,-11,6,0,0,0,0,0,0,0,0,0,0,0,0,0,0,0,0,0,0,0,0,0,0,-9,6,-10,6,-10,5,-11,5,-11,5,-12,4,-12,4,-12,3,-12,3,-12,3,-12,3,-12,3,-12,3,-12,3,-12,4,-12,4,-11,4,-11,5,-11,5,-11,6,-11,6,-12,7,-11,7,-12,8,-12,8,-12,8]
[0;32mI (445554) TAG: STA connected to 24:ec:4a:04:39:15, ch=6 (sec=0)[0m
anchor,A2,24:ec:4a:04:39:15,ch=6
ftm_report,A2,0,0,-1.000
csi_data,A2,[0,0,-13,-10,-13,-9,-12,-9,-12,-9,-12,-8,-12,-8,-12,-8,-12,-7,-12,-7,-12,-6,-12,-6,-12,-6,-12,-6,-12,-5,-13,-5,-12,-5,-12,-6,-12,-6,-12,-6,-12,-6,-12,-7,-11,-7,-10,-7,-10,-8,-9,-8,-8,-8,0,0,0,0,0,0,0,0,0,0,0,0,0,0,0,0,0,0,0,0,0,0,-10,-6,-10,-7,-10,-8,-10,-8,-10,-9,-10,-10,-10,-10,-9,-10,-9,-11,-9,-11,-8,-11,-8,-11,-8,-11,-8,-10,-9,-10,-9,-10,-9,-10,-10,-10,-10,-9,-11,-9,-11,-9,-12,-9,-12,-9,-12,-9,-12,-9,-13,-10]
[0;32mI (446424) TAG: STA connected to 24:ec:4a:03:56:41, ch=11 (sec=0)[0m
anchor,A3,24:ec:4a:03:56:41,ch=11
ftm_report,A3,17,17,2.550
csi_data,A3,[0,0,-11,-10,-12,-10,-11,-9,-11,-9,-11,-9,-11,-8,-11,-7,-11,-7,-11,-6,-11,-6,-11,-6,-11,-5,-11,-5,-11,-5,-11,-5,-11,-5,-11,-5,-11,-5,-11,-5,-11,-6,-10,-6,-9,-6,-9,-6,-8,-7,-8,-7,-7,-7,0,0,0,0,0,0,0,0,0,0,0,0,0,0,0,0,0,0,0,0,0,0,-11,-7,-10,-8,-10,-9,-10,-10,-10,-10,-9,-11,-10,-12,-9,-12,-9,-12,-8,-13,-8,-13,-8,-13,-8,-12,-8,-12,-8,-11,-8,-11,-9,-11,-9,-11,-9,-11,-10,-10,-10,-10,-11,-10,-11,-10,-11,-10,-11,-10,-11,-10]
[0;32mI (447294) TAG: STA connected to 24:ec:4a:03:58:5d, ch=1 (sec=0)[0m
anchor,A1,24:ec:4a:03:58:5d,ch=1
ftm_report,A1,4,4,0.600
csi_data,A1,[0,0,0,-15,0,-15,0,-15,0,-15,-1,-14,-1,-14,-2,-14,-2,-14,-2,-14,-3,-14,-3,-14,-4,-14,-4,-14,-4,-14,-4,-14,-5,-14,-4,-15,-4,-15,-4,-15,-3,-15,-2,-15,-2,-15,-1,-15,0,-14,1,-14,1,-13,0,0,0,0,0,0,0,0,0,0,0,0,0,0,0,0,0,0,0,0,0,0,1,-10,2,-11,2,-11,3,-11,3,-11,4,-11,4,-11,5,-11,5,-11,5,-11,5,-11,5,-11,5,-11,4,-11,4,-11,4,-12,3,-12,3,-12,2,-12,2,-13,2,-13,1,-14,1,-14,1,-14,1,-15,1,-15]
[0;32mI (448154) TAG: STA connected to 24:ec:4a:04:39:15, ch=6 (sec=0)[0m
csi_data,A2,[0,0,11,9,11,9,11,9,11,9,11,8,11,8,11,7,11,7,11,6,11,6,11,5,11,5,11,5,11,4,12,5,12,4,12,5,12,5,11,5,11,6,11,6,10,6,9,6,9,7,8,7,7,7,0,0,0,0,0,0,0,0,0,0,0,0,0,0,0,0,0,0,0,0,0,0,9,6,9,7,9,7,8,8,8,9,8,9,8,10,8,10,7,11,7,11,7,11,7,11,7,10,7,10,7,10,7,10,8,9,8,9,9,9,10,9,10,9,10,9,11,9,11,9,11,9,11,9]
[0;32mI (449164) esp_netif_handlers: sta ip: 192.168.4.2, mask: 255.255.255.0, gw: 192.168.4.1[0m
anchor,A2,24:ec:4a:04:39:15,ch=6
ftm_report,A2,10,10,1.500
csi_data,A2,[0,0,-9,12,-9,11,-9,11,-8,11,-8,11,-8,11,-7,11,-7,11,-6,11,-6,11,-5,11,-5,11,-5,11,-5,11,-4,11,-5,12,-5,11,-5,12,-5,12,-5,11,-6,11,-6,10,-6,10,-7,9,-7,8,-7,8,0,0,0,0,0,0,0,0,0,0,0,0,0,0,0,0,0,0,0,0,0,0,-7,9,-7,9,-8,8,-9,9,-9,8,-10,9,-10,8,-11,8,-11,8,-11,7,-11,7,-11,7,-11,7,-10,7,-10,7,-10,8,-10,8,-9,8,-9,9,-9,10,-9,10,-9,10,-9,11,-9,11,-9,11,-9,12]
[0;32mI (450034) TAG: STA connected to 24:ec:4a:03:56:41, ch=11 (sec=0)[0m
anchor,A3,24:ec:4a:03:56:41,ch=11
ftm_report,A3,18,18,2.700
[0;32mI (450884) TAG: STA connected to 24:ec:4a:03:58:5d, ch=1 (sec=0)[0m
csi_data,A1,[0,0,-4,-14,-5,-15,-5,-14,-5,-14,-5,-13,-6,-13,-6,-13,-6,-13,-6,-12,-7,-12,-7,-12,-7,-12,-8,-12,-8,-12,-9,-13,-8,-12,-9,-13,-8,-13,-8,-13,-7,-14,-7,-14,-6,-14,-5,-14,-4,-13,-3,-13,-2,-13,0,0,0,0,0,0,0,0,0,0,0,0,0,0,0,0,0,0,0,0,0,0,-2,-11,-2,-11,-2,-12,-1,-11,-1,-12,0,-12,0,-12,0,-12,0,-13,1,-12,1,-12,1,-12,1,-12,0,-12,0,-12,-1,-12,-1,-12,-1,-12,-2,-12,-3,-13,-3,-13,-4,-13,-4,-14,-4,-14,-4,-14,-4,-14]
anchor,A1,24:ec:4a:03:58:5d,ch=1
ftm_report,A1,3,3,0.450
[0;32mI (451744) TAG: STA connected to 24:ec:4a:04:39:15, ch=6 (sec=0)[0m
[1;31mE (451914) wifi:No FTM Measurements received from responder![0m
[0;33mW (452014) TAG: FTM to A2 failed (ESP_FAIL), streak=1[0m
csi_data,A2,[0,0,-13,8,-13,8,-13,7,-12,8,-12,8,-11,8,-11,8,-10,8,-10,8,-10,8,-9,9,-9,8,-9,9,-8,9,-8,10,-8,10,-9,10,-9,9,-9,9,-9,9,-9,9,-9,8,-10,7,-10,6,-10,6,-10,5,0,0,0,0,0,0,0,0,0,0,0,0,0,0,0,0,0,0,0,0,0,0,-10,6,-10,6,-11,6,-11,5,-12,5,-12,5,-13,5,-13,4,-13,4,-14,3,-14,3,-13,3,-13,3,-13,3,-12,4,-13,4,-12,5,-12,5,-12,5,-12,6,-12,7,-12,7,-13,8,-13,8,-13,8,-13,8]
[0;32mI (452624) TAG: STA connected to 24:ec:4a:03:56:41, ch=11 (sec=0)[0m
anchor,A3,24:ec:4a:03:56:41,ch=11
ftm_report,A3,17,17,2.550
csi_data,A3,[0,0,-7,-14,-7,-13,-7,-14,-7,-13,-7,-13,-7,-12,-7,-12,-8,-11,-8,-11,-8,-10,-8,-10,-9,-9,-9,-9,-9,-9,-9,-9,-9,-10,-9,-9,-9,-10,-8,-10,-8,-10,-8,-10,-7,-10,-6,-9,-6,-10,-5,-9,-4,-9,0,0,0,0,0,0,0,0,0,0,0,0,0,0,0,0,0,0,0,0,0,0,-7,-11,-7,-12,-6,-12,-6,-13,-5,-13,-5,-14,-4,-14,-4,-14,-3,-15,-3,-14,-3,-15,-2,-14,-3,-14,-3,-14,-3,-14,-3,-13,-4,-14,-4,-13,-5,-14,-5,-14,-6,-14,-6,-14,-6,-14,-7,-14,-7,-14,-7,-14]
[0;32mI (453484) TAG: STA connected to 24:ec:4a:03:58:5d, ch=1 (sec=0)[0m
anchor,A1,24:ec:4a:03:58:5d,ch=1
ftm_report,A1,7,7,1.050
csi_data,A1,[0,0,2,-15,2,-15,2,-15,2,-15,1,-15,1,-15,0,-15,0,-14,-1,-14,-1,-14,-2,-14,-2,-14,-2,-14,-3,-15,-3,-15,-3,-15,-3,-15,-2,-16,-2,-16,-1,-16,-1,-16,0,-15,1,-15,1,-14,2,-14,3,-13,0,0,0,0,0,0,0,0,0,0,0,0,0,0,0,0,0,0,0,0,0,0,3,-10,4,-10,4,-10,4,-11,5,-11,6,-11,6,-11,6,-11,7,-11,7,-10,7,-10,7,-10,6,-10,6,-10,6,-11,5,-11,5,-11,4,-12,4,-12,4,-13,3,-13,3,-14,3,-14,3,-14,3,-15,3,-15]
[0;32mI (454344) TAG: STA connected to 24:ec:4a:04:39:15, ch=6 (sec=0)[0m
anchor,A2,24:ec:4a:04:39:15,ch=6
ftm_report,A2,9,9,1.350
csi_data,A2,[0,0,-8,-13,-8,-13,-8,-12,-8,-13,-8,-12,-8,-12,-8,-11,-8,-11,-8,-10,-9,-10,-9,-10,-9,-9,-9,-9,-9,-9,-10,-9,-10,-9,-10,-9,-9,-9,-9,-10,-9,-10,-8,-10,-8,-10,-7,-10,-7,-10,-6,-10,-5,-10,0,0,0,0,0,0,0,0,0,0,0,0,0,0,0,0,0,0,0,0,0,0,-7,-10,-6,-10,-6,-11,-6,-11,-6,-12,-5,-12,-5,-13,-4,-13,-4,-13,-3,-13,-3,-13,-3,-13,-4,-13,-4,-12,-4,-12,-4,-13,-5,-12,-6,-12,-6,-12,-6,-12,-7,-12,-7,-12,-8,-13,-8,-13,-8,-13,-8,-13]
[0;32mI (455214) TAG: STA connected to 24:ec:4a:03:56:41, ch=11 (sec=0)[0m
anchor,A3,24:ec:4a:03:56:41,ch=11
ftm_report,A3,15,15,2.250
csi_data,A3,[0,0,-13,9,-12,8,-12,8,-11,8,-11,8,-10,8,-10,8,-9,8,-9,8,-8,8,-8,9,-7,8,-7,9,-7,9,-7,9,-7,9,-7,9,-7,9,-7,9,-7,8,-8,8,-8,7,-8,7,-8,6,-8,6,-8,5,0,0,0,0,0,0,0,0,0,0,0,0,0,0,0,0,0,0,0,0,0,0,-9,9,-10,8,-10,8,-11,8,-12,7,-13,7,-14,6,-14,6,-14,6,-14,5,-14,5,-14,5,-14,5,-14,5,-13,5,-13,5,-13,6,-13,6,-13,7,-12,7,-12,7,-12,8,-12,8,-13,8,-13,8,-12,9]
[0;32mI (456124) TAG: STA connected to 24:ec:4a:03:58:5d, ch=1 (sec=0)[0m
anchor,A1,24:ec:4a:03:58:5d,ch=1
ftm_report,A1,5,5,0.750
[0;32mI (456984) TAG: STA connected to 24:ec:4a:04:39:15, ch=6 (sec=0)[0m
csi_data,A2,[0,0,7,13,7,12,6,12,6,12,7,11,7,11,7,11,7,10,7,10,8,9,8,9,8,8,8,8,8,8,9,8,9,8,9,9,8,9,8,9,8,9,7,9,7,9,6,9,5,9,5,9,4,9,0,0,0,0,0,0,0,0,0,0,0,0,0,0,0,0,0,0,0,0,0,0,6,9,6,9,5,10,5,10,4,11,4,12,4,12,3,12,3,13,2,12,2,13,2,12,2,12,2,12,3,11,3,12,4,12,4,12,5,11,5,12,5,12,6,12,6,12,6,12,7,12,7,12]
anchor,A2,24:ec:4a:04:39:15,ch=6
ftm_report,A2,628,628,94.200
[0;32mI (457994) esp_netif_handlers: sta ip: 192.168.4.2, mask: 255.255.255.0, gw: 192.168.4.1[0m
[0;32mI (458354) TAG: STA connected to 24:ec:4a:03:56:41, ch=11 (sec=0)[0m
anchor,A3,24:ec:4a:03:56:41,ch=11
ftm_report,A3,14,14,2.100
csi_data,A3,[0,0,7,-13,7,-13,6,-12,6,-12,6,-12,5,-12,5,-11,4,-11,4,-11,3,-12,3,-12,3,-11,2,-11,2,-11,2,-12,2,-12,2,-12,2,-12,3,-11,3,-11,3,-11,3,-10,4,-10,4,-9,4,-8,4,-8,0,0,0,0,0,0,0,0,0,0,0,0,0,0,0,0,0,0,0,0,0,0,4,-12,5,-12,6,-12,7,-12,7,-12,8,-12,9,-12,9,-11,10,-11,10,-11,10,-10,10,-10,10,-10,10,-10,9,-10,9,-10,8,-11,8,-11,8,-11,8,-12,7,-12,7,-12,7,-13,7,-13,7,-13,7,-13]
[0;32mI (459214) TAG: STA connected to 24:ec:4a:03:58:5d, ch=1 (sec=0)[0m
anchor,A1,24:ec:4a:03:58:5d,ch=1
ftm_report,A1,2,2,0.300
csi_data,A1,[0,0,-14,4,-14,4,-14,4,-14,5,-13,4,-13,5,-13,5,-12,5,-12,5,-12,6,-12,7,-11,7,-11,7,-11,7,-12,8,-12,7,-12,7,-12,7,-13,7,-13,6,-13,5,-13,4,-13,4,-13,4,-12,3,-12,2,0,0,0,0,0,0,0,0,0,0,0,0,0,0,0,0,0,0,0,0,0,0,-10,2,-10,2,-11,1,-11,1,-12,1,-12,0,-12,-1,-12,-1,-12,-1,-12,-1,-12,-1,-12,-1,-12,-1,-12,-1,-12,0,-12,0,-12,1,-12,1,-12,1,-12,2,-13,2,-13,3,-13,3,-13,4,-14,4,-14,4]
[0;32mI (460084) TAG: STA connected to 24:ec:4a:04:39:15, ch=6 (sec=0)[0m
anchor,A2,24:ec:4a:04:39:15,ch=6
ftm_report,A2,9,9,1.350
[0;32mI (460944) TAG: STA connected to 24:ec:4a:03:56:41, ch=11 (sec=0)[0m
csi_data,A3,[0,0,14,-2,14,-2,13,-2,13,-2,13,-3,12,-3,12,-3,11,-3,11,-4,11,-4,10,-5,10,-5,10,-5,10,-5,10,-6,10,-6,10,-5,10,-5,10,-5,10,-4,10,-4,10,-3,10,-3,9,-2,9,-2,8,-1,0,0,0,0,0,0,0,0,0,0,0,0,0,0,0,0,0,0,0,0,0,0,12,-4,12,-3,13,-2,13,-2,14,-1,14,0,14,0,14,1,15,1,14,2,14,2,14,2,14,2,13,2,13,1,13,1,13,1,13,0,13,0,14,-1,14,-1,14,-1,14,-2,14,-2,14,-2,15,-2]
anchor,A3,24:ec:4a:03:56:41,ch=11
ftm_report,A3,16,16,2.400
[0;32mI (461794) TAG: STA connected to 24:ec:4a:03:58:5d, ch=1 (sec=0)[0m
csi_data,A1,[0,0,-15,0,-15,0,-15,0,-15,0,-15,0,-14,1,-14,1,-14,1,-14,2,-13,2,-14,3,-13,3,-14,3,-14,4,-14,4,-14,4,-14,4,-15,3,-15,3,-15,2,-15,1,-15,0,-14,0,-14,0,-13,-1,-13,-2,0,0,0,0,0,0,0,0,0,0,0,0,0,0,0,0,0,0,0,0,0,0,-11,-1,-11,-2,-11,-2,-12,-3,-11,-4,-12,-4,-12,-5,-12,-5,-12,-5,-12,-5,-12,-5,-11,-5,-11,-5,-11,-5,-12,-4,-12,-4,-12,-3,-12,-3,-13,-3,-13,-2,-13,-2,-14,-2,-14,-1,-14,-1,-15,-1,-15,-1]
anchor,A1,24:ec:4a:03:58:5d,ch=1
ftm_report,A1,4,4,0.600
[0;32mI (462644) TAG: STA connected to 24:ec:4a:04:39:15, ch=6 (sec=0)[0m
anchor,A2,24:ec:4a:04:39:15,ch=6
ftm_report,A2,10,10,1.500
csi_data,A2,[0,0,10,10,10,9,10,9,10,9,10,9,9,8,9,8,10,7,10,7,10,6,10,6,10,6,10,5,11,5,10,5,11,5,10,5,10,6,10,6,10,6,9,7,9,7,8,7,8,7,7,7,6,7,0,0,0,0,0,0,0,0,0,0,0,0,0,0,0,0,0,0,0,0,0,0,9,6,9,7,8,8,8,8,8,9,8,10,7,10,7,11,7,11,6,11,6,11,6,11,6,11,6,10,7,10,7,10,7,10,8,9,8,9,8,9,9,9,9,10,10,9,10,10,10,10,10,10]
[0;32mI (463524) TAG: STA connected to 24:ec:4a:03:56:41, ch=11 (sec=0)[0m
anchor,A3,24:ec:4a:03:56:41,ch=11
ftm_report,A3,14,14,2.100
csi_data,A3,[0,0,-15,-1,-15,-1,-15,-2,-14,-1,-14,-1,-13,0,-13,0,-13,1,-12,1,-12,1,-12,2,-12,2,-12,2,-12,3,-11,3,-12,3,-11,3,-12,3,-12,2,-11,2,-11,2,-11,1,-10,0,-10,0,-10,-1,-9,-1,0,0,0,0,0,0,0,0,0,0,0,0,0,0,0,0,0,0,0,0,0,0,-13,0,-14,-1,-14,-1,-14,-2,-14,-3,-15,-4,-15,-4,-15,-5,-15,-5,-14,-6,-14,-6,-14,-6,-14,-6,-14,-6,-14,-5,-14,-5,-14,-4,-14,-4,-14,-3,-15,-3,-15,-2,-15,-2,-15,-2,-16,-2,-15,-2,-15,-2]
[0;32mI (464374) TAG: STA connected to 24:ec:4a:03:58:5d, ch=1 (sec=0)[0m
anchor,A1,24:ec:4a:03:58:5d,ch=1
ftm_report,A1,2,2,0.300
csi_data,A1,[0,0,-8,12,-8,12,-8,12,-8,12,-7,12,-7,12,-7,12,-6,12,-6,12,-5,12,-5,12,-4,12,-4,13,-4,13,-4,13,-4,13,-4,13,-5,14,-5,13,-6,13,-6,13,-7,12,-7,11,-8,11,-8,10,-8,9,0,0,0,0,0,0,0,0,0,0,0,0,0,0,0,0,0,0,0,0,0,0,-7,8,-7,8,-8,7,-8,8,-9,7,-10,7,-10,7,-10,7,-10,7,-10,6,-10,6,-10,6,-10,6,-10,7,-9,7,-9,7,-9,8,-9,8,-9,8,-8,9,-8,9,-8,10,-8,11,-8,11,-8,11,-8,12]
[0;32mI (465224) TAG: STA connected to 24:ec:4a:04:39:15, ch=6 (sec=0)[0m
anchor,A2,24:ec:4a:04:39:15,ch=6
ftm_report,A2,9,9,1.350
csi_data,A2,[0,0,-7,-14,-7,-14,-7,-14,-7,-13,-7,-13,-7,-13,-7,-12,-7,-12,-8,-11,-8,-11,-8,-11,-8,-10,-8,-10,-9,-10,-9,-10,-9,-10,-9,-10,-9,-11,-9,-11,-8,-11,-8,-11,-7,-11,-6,-11,-6,-11,-5,-11,-4,-11,0,0,0,0,0,0,0,0,0,0,0,0,0,0,0,0,0,0,0,0,0,0,-7,-10,-7,-11,-6,-12,-6,-12,-5,-12,-5,-13,-4,-14,-4,-14,-4,-14,-3,-14,-3,-14,-2,-14,-3,-14,-3,-13,-3,-13,-4,-13,-4,-13,-5,-13,-5,-13,-6,-13,-6,-13,-6,-13,-7,-14,-7,-14,-7,-14,-7,-14]
[0;32mI (466084) TAG: STA connected to 24:ec:4a:03:56:41, ch=11 (sec=0)[0m
anchor,A3,24:ec:4a:03:56:41,ch=11
ftm_report,A3,15,15,2.250
[0;32mI (466994) TAG: STA connected to 24:ec:4a:03:58:5d, ch=1 (sec=0)[0m
csi_data,A1,[0,0,14,3,14,3,14,3,14,3,14,2,13,2,13,1,13,1,13,1,13,0,13,0,13,-1,13,-1,14,-1,13,-1,14,-1,14,-1,14,-1,14,0,14,0,14,1,13,1,13,2,12,2,11,3,11,4,0,0,0,0,0,0,0,0,0,0,0,0,0,0,0,0,0,0,0,0,0,0,9,3,10,3,9,4,10,4,10,5,10,6,10,6,10,6,10,7,9,7,9,7,9,7,9,7,9,6,10,6,10,5,10,5,10,4,11,5,12,4,12,4,13,4,12,4,13,3,14,3,14,3]
anchor,A1,24:ec:4a:03:58:5d,ch=1
ftm_report,A1,3,3,0.450
[0;32mI (467864) TAG: STA connected to 24:ec:4a:04:39:15, ch=6 (sec=0)[0m
csi_data,A2,[0,0,-5,-15,-5,-14,-5,-14,-5,-14,-5,-14,-6,-13,-6,-13,-6,-12,-6,-12,-7,-11,-7,-11,-7,-11,-7,-11,-8,-11,-8,-11,-8,-11,-7,-11,-8,-11,-7,-11,-7,-11,-6,-11,-6,-11,-5,-11,-4,-11,-4,-11,-3,-11,0,0,0,0,0,0,0,0,0,0,0,0,0,0,0,0,0,0,0,0,0,0,-5,-11,-5,-12,-4,-12,-4,-12,-3,-13,-3,-14,-3,-14,-2,-14,-2,-14,-1,-14,-1,-14,-1,-14,-1,-13,-1,-13,-2,-13,-2,-13,-2,-13,-3,-13,-3,-13,-4,-13,-4,-13,-5,-14,-5,-14,-5,-14,-5,-14,-5,-15]
anchor,A2,24:ec:4a:04:39:15,ch=6
ftm_report,A2,0,0,-1.000
[0;32mI (468724) TAG: STA connected to 24:ec:4a:03:56:41, ch=11 (sec=0)[0m
anchor,A3,24:ec:4a:03:56:41,ch=11
ftm_report,A3,18,18,2.700
csi_data,A3,[0,0,14,0,14,-1,14,-1,13,-1,13,-1,13,-1,12,-2,12,-2,11,-3,11,-3,11,-4,11,-4,10,-4,11,-4,11,-5,11,-5,11,-4,11,-4,11,-4,11,-3,10,-3,10,-2,10,-1,9,-1,9,-1,8,0,0,0,0,0,0,0,0,0,0,0,0,0,0,0,0,0,0,0,0,0,0,0,12,-3,12,-2,13,-1,13,0,13,0,14,1,14,2,14,2,14,3,14,3,13,3,13,3,13,3,13,3,13,3,13,2,13,2,13,1,13,1,14,1,14,0,14,0,14,0,14,-1,15,0,15,-1]
[0;32mI (469574) TAG: STA connected to 24:ec:4a:03:58:5d, ch=1 (sec=0)[0m
anchor,A1,24:ec:4a:03:58:5d,ch=1
ftm_report,A1,6,6,0.900
csi_data,A1,[0,0,12,-6,12,-7,12,-7,12,-7,12,-7,11,-7,11,-8,11,-8,10,-8,10,-9,10,-9,9,-9,10,-9,10,-10,10,-10,10,-10,10,-10,11,-10,11,-10,11,-9,11,-9,12,-8,12,-7,12,-6,12,-5,11,-4,0,0,0,0,0,0,0,0,0,0,0,0,0,0,0,0,0,0,0,0,0,0,9,-4,10,-4,10,-3,10,-3,11,-2,11,-2,11,-2,11,-2,11,-1,11,-1,11,-1,11,-1,11,-1,11,-1,11,-2,11,-2,11,-3,11,-3,11,-4,11,-4,11,-5,12,-5,12,-5,12,-6,12,-6,13,-6]
[0;32mI (470434) TAG: STA connected to 24:ec:4a:04:39:15, ch=6 (sec=0)[0m
anchor,A2,24:ec:4a:04:39:15,ch=6
ftm_report,A2,0,0,-1.000
csi_data,A2,[0,0,-15,-5,-14,-5,-15,-5,-14,-4,-14,-4,-14,-4,-13,-3,-13,-3,-13,-2,-13,-2,-13,-2,-13,-1,-13,-1,-13,0,-13,0,-13,0,-13,0,-14,-1,-13,-1,-13,-1,-13,-2,-12,-2,-12,-3,-11,-3,-11,-4,-11,-4,0,0,0,0,0,0,0,0,0,0,0,0,0,0,0,0,0,0,0,0,0,0,-12,-3,-12,-4,-12,-5,-12,-5,-12,-6,-12,-7,-12,-7,-12,-7,-12,-8,-11,-8,-11,-8,-11,-8,-11,-8,-11,-8,-12,-7,-11,-7,-12,-7,-12,-6,-13,-6,-13,-5,-13,-5,-14,-5,-14,-5,-14,-5,-15,-5,-15,-5]
[0;32mI (471314) TAG: STA connected to 24:ec:4a:03:56:41, ch=11 (sec=0)[0m
anchor,A3,24:ec:4a:03:56:41,ch=11
ftm_report,A3,15,15,2.250
csi_data,A3,[0,0,-14,-6,-14,-6,-14,-6,-13,-6,-13,-6,-13,-5,-13,-4,-12,-4,-12,-3,-12,-3,-12,-2,-12,-2,-12,-2,-13,-2,-12,-2,-12,-2,-12,-2,-12,-2,-12,-2,-11,-2,-11,-3,-11,-4,-10,-3,-10,-4,-9,-4,-9,-4,0,0,0,0,0,0,0,0,0,0,0,0,0,0,0,0,0,0,0,0,0,0,-12,-4,-13,-5,-12,-6,-13,-6,-12,-7,-13,-8,-12,-8,-12,-9,-12,-10,-12,-10,-12,-10,-11,-10,-11,-9,-11,-9,-12,-9,-11,-8,-12,-8,-12,-8,-12,-8,-13,-7,-13,-7,-13,-7,-14,-6,-14,-7,-14,-7,-14,-6]
[0;32mI (472174) TAG: STA connected to 24:ec:4a:03:58:5d, ch=1 (sec=0)[0m
anchor,A1,24:ec:4a:03:58:5d,ch=1
ftm_report,A1,4,4,0.600
csi_data,A1,[0,0,0,-15,-1,-15,-1,-15,-1,-15,-1,-14,-1,-14,-2,-14,-2,I (473024) TAG: STA connected to 24:ec:4a:04:39:15, ch=6 (sec=0)
-14,-3,-14,-3,-13,-3,-14,-4,-13,-4,-14,-5,-14,-5,-14,-5,-14,-4,-14,-4,-15,-4,-15,-3,-15,-3,-15,-2,-15,-1,-14,0,-14,1,-13,1,-13,0,0,0,0,0,0,0,0,0,0,0,0,0,0,0,0,0,0,0,0,0,0,0,-12,1,-12,1,-12,2,-12,2,-12,3,-13,3,-12,4,-12,4,-13,4,-12,4,-12,4,-12,4,-12,4,-12,3,-12,3,-12,2,-12,2,-13,2,-13,1,-13,1,-13,1,-14,0,-14,0,-14,0,-15,0,-15]
anchor,A2,24:ec:4a:04:39:15,ch=6
ftm_report,A2,0,0,-1.000
[0;32mI (473894) TAG: STA connected to 24:ec:4a:03:56:41, ch=11 (sec=0)[0m
csi_data,A3,[0,0,14,-2,13,-2,14,-2,13,-2,13,-3,12,-3,12,-3,11,-4,11,-4,11,-4,11,-5,10,-5,10,-5,10,-5,10,-6,10,-6,10,-5,10,-5,10,-5,10,-4,10,-4,10,-3,10,-2,9,-2,9,-2,9,-1,0,0,0,0,0,0,0,0,0,0,0,0,0,0,0,0,0,0,0,0,0,0,12,-4,12,-4,12,-3,13,-2,14,-2,14,-1,14,0,14,0,14,1,14,2,14,2,14,2,14,2,13,2,13,1,13,1,13,0,13,0,13,0,14,-1,13,-1,14,-2,14,-2,14,-2,14,-2,14,-2]
anchor,A3,24:ec:4a:03:56:41,ch=11
ftm_report,A3,20,20,3.000
[0;32mI (474744) TAG: STA connected to 24:ec:4a:03:58:5d, ch=1 (sec=0)[0m
anchor,A1,24:ec:4a:03:58:5d,ch=1
ftm_report,A1,2,2,0.300
csi_data,A1,[0,0,10,10,11,9,10,9,10,9,10,9,10,8,11,8,11,7,11,7,11,6,11,6,11,5,12,6,12,6,12,6,12,6,12,6,12,7,12,7,12,8,11,8,11,8,10,8,9,9,8,9,7,9,0,0,0,0,0,0,0,0,0,0,0,0,0,0,0,0,0,0,0,0,0,0,7,7,7,7,7,8,7,9,6,9,6,10,6,10,6,10,5,11,5,10,5,10,5,10,5,10,5,10,6,10,6,10,6,10,7,9,8,9,8,9,8,9,9,10,9,9,10,9,10,9,11,10]
[0;32mI (475594) TAG: STA connected to 24:ec:4a:04:39:15, ch=6 (sec=0)[0m
anchor,A2,24:ec:4a:04:39:15,ch=6
ftm_report,A2,1,1,0.150
csi_data,A2,[0,0,-10,-12,-10,-11,-10,-11,-10,-11,-10,-11,-10,-10,-10,-10,-10,-9,-10,-9,-10,-8,-10,-8,-10,-7,-10,-7,-11,-7,-11,-7,-11,-7,-11,-7,-11,-7,-11,-8,-10,-8,-10,-8,-9,-8,-9,-8,-8,-8,-7,-8,-7,-9,0,0,0,0,0,0,0,0,0,0,0,0,0,0,0,0,0,0,0,0,0,0,-9,-8,-9,-9,-8,-10,-8,-10,-8,-11,-8,-12,-7,-12,-7,-12,-7,-12,-6,-12,-6,-13,-6,-13,-6,-12,-6,-12,-6,-12,-7,-12,-7,-12,-8,-11,-8,-11,-9,-11,-9,-11,-9,-11,-10,-11,-10,-11,-10,-11,-10,-11]
[0;32mI (476484) TAG: STA connected to 24:ec:4a:03:56:41, ch=11 (sec=0)[0m
anchor,A3,24:ec:4a:03:56:41,ch=11
ftm_report,A3,18,18,2.700
csi_data,A3,[0,0,-15,-4,-15,-4,-14,-4,-14,-4,-13,-3,-13,-3,-13,-3,-13,-2,-12,-2,-12,-1,-12,-1,-12,0,-12,0,-12,0,-12,0,-12,0,-12,0,-12,0,-12,-1,-12,-1,-12,-1,-11,-2,-11,-2,-10,-2,-10,-3,-9,-3,0,0,0,0,0,0,0,0,0,0,0,0,0,0,0,0,0,0,0,0,0,0,-13,-2,-13,-3,-13,-4,-13,-4,-14,-5,-14,-6,-14,-7,-14,-7,-13,-8,-13,-8,-13,-8,-13,-7,-13,-7,-12,-7,-12,-7,-13,-7,-13,-6,-13,-6,-13,-6,-14,-5,-14,-5,-14,-5,-15,-5,-15,-4,-15,-4,-15,-4]
[0;32mI (477404) TAG: STA connected to 24:ec:4a:03:58:5d, ch=1 (sec=0)[0m
anchor,A1,24:ec:4a:03:58:5d,ch=1
ftm_report,A1,5,5,0.750
csi_data,A1,[0,0,-3,-15,-4,-15,-4,-14,-4,-15,-4,-14,-4,-14,-5,-14,-5,-13,-5,-13,-6,-13,-7,-13,-7,-12,-7,-12,-8,-12,-8,-13,-8,-13,-8,-13,-7,-13,-7,-14,-6,-14,-6,-14,-5,-14,-4,-13,-4,-13,-3,-13,-2,-13,0,0,0,0,0,0,0,0,0,0,0,0,0,0,0,0,0,0,0,0,0,0,-3,-11,-2,-11,-1,-12,-1,-12,-1,-13,0,-13,1,-13,1,-13,1,-13,2,-13,1,-13,1,-13,1,-13,1,-13,1,-12,0,-13,0,-13,-1,-13,-1,-13,-2,-13,-2,-13,-2,-14,-3,-14,-3,-14,-4,-15,-4,-15]
[0;32mI (478264) TAG: STA connected to 24:ec:4a:04:39:15, ch=6 (sec=0)[0m
anchor,A2,24:ec:4a:04:39:15,ch=6
ftm_report,A2,0,0,-1.000
csi_data,A2,[0,0,14,-3,14,-3,14,-3,13,-3,13,-3,12,-3,12,-4,12,-4,11,-4,11,-5,11,-5,11,-5,11,-5,11,-6,11,-6,11,-6,11,-6,11,-6,11,-5,11,-5,11,-4,11,-4,11,-3,10,-2,10,-2,10,-1,0,0,0,0,0,0,0,0,0,0,0,0,0,0,0,0,0,0,0,0,0,0,10,-4,11,-3,11,-3,12,-2,12,-2,12,-1,13,-1,12,-1,13,0,12,0,12,1,12,1,12,1,12,1,12,0,12,0,12,-1,12,-1,13,-2,13,-2,13,-2,13,-3,13,-3,14,-3,14,-3,14,-3]
[0;32mI (479154) TAG: STA connected to 24:ec:4a:03:56:41, ch=11 (sec=0)[0m
anchor,A3,24:ec:4a:03:56:41,ch=11
ftm_report,A3,17,17,2.550
[0;32mI (480014) TAG: STA connected to 24:ec:4a:03:58:5d, ch=1 (sec=0)[0m
csi_data,A1,[0,0,-3,-15,-4,-15,-4,-14,-4,-15,-4,-14,-4,-14,-5,-13,-5,-13,-5,-13,-6,-13,-6,-13,-6,-12,-7,-12,-7,-12,-7,-13,-7,-13,-7,-13,-7,-14,-7,-14,-6,-14,-5,-14,-5,-14,-4,-14,-3,-13,-2,-13,-1,-13,0,0,0,0,0,0,0,0,0,0,0,0,0,0,0,0,0,0,0,0,0,0,-2,-11,-2,-11,-1,-11,-1,-12,0,-12,0,-13,1,-13,1,-13,1,-13,2,-13,2,-13,2,-13,2,-12,1,-12,1,-12,0,-13,0,-13,-1,-13,-1,-13,-2,-13,-2,-13,-2,-14,-2,-14,-3,-14,-3,-14,-3,-15]
anchor,A1,24:ec:4a:03:58:5d,ch=1
ftm_report,A1,6,6,0.900
[0;32mI (480874) TAG: STA connected to 24:ec:4a:04:39:15, ch=6 (sec=0)[0m
csi_data,A2,[0,0,-15,0,-15,0,-15,0,-14,0,-14,1,-14,0,-13,1,-13,1,-13,1,-12,2,-12,3,-12,3,-12,3,-12,4,-12,3,-12,3,-12,3,-13,3,-13,3,-12,2,-12,2,-12,1,-12,1,-11,1,-11,0,-11,-1,0,0,0,0,0,0,0,0,0,0,0,0,0,0,0,0,0,0,0,0,0,0,-12,1,-12,0,-12,-1,-13,-1,-13,-1,-14,-2,-13,-3,-14,-3,-13,-4,-13,-4,-13,-4,-13,-4,-13,-3,-13,-3,-13,-3,-13,-3,-13,-2,-13,-2,-14,-1,-14,-1,-14,-1,-14,-1,-15,0,-15,1,-15,1,-15,0]
anchor,A2,24:ec:4a:04:39:15,ch=6
ftm_report,A2,157,157,23.550
[0;32mI (481884) esp_netif_handlers: sta ip: 192.168.4.2, mask: 255.255.255.0, gw: 192.168.4.1[0m
[0;32mI (482254) TAG: STA connected to 24:ec:4a:03:56:41, ch=11 (sec=0)[0m
anchor,A3,24:ec:4a:03:56:41,ch=11
ftm_report,A3,15,15,2.250
csi_data,A3,[0,0,-14,-7,-13,-7,-13,-7,-13,-6,-12,-6,-12,-5,-12,-5,-12,-4,-12,-4,-12,-3,-12,-3,-12,-2,-12,-2,-12,-2,-12,-2,-12,-2,-12,-2,-12,-2,-12,-2,-12,-3,-12,-3,-11,-4,-10,-4,-10,-4,-9,-4,-9,-5,0,0,0,0,0,0,0,0,0,0,0,0,0,0,0,0,0,0,0,0,0,0,-12,-5,-12,-6,-12,-7,-12,-7,-12,-8,-11,-9,-11,-10,-11,-10,-11,-11,-10,-10,-10,-10,-10,-11,-10,-10,-10,-10,-10,-10,-10,-9,-11,-9,-11,-8,-12,-8,-12,-8,-12,-8,-13,-8,-13,-7,-13,-7,-14,-7,-13,-7]
[0;32mI (483104) TAG: STA connected to 24:ec:4a:03:58:5d, ch=1 (sec=0)[0m
anchor,A1,24:ec:4a:03:58:5d,ch=1
ftm_report,A1,7,7,1.050
[0;32mI (483954) TAG: STA connected to 24:ec:4a:04:39:15, ch=6 (sec=0)[0m
csi_data,A2,[0,0,15,1,14,1,14,2,14,1,13,1,13,1,13,0,12,0,12,0,12,-1,12,-1,12,-2,12,-2,12,-2,12,-2,12,-2,12,-2,12,-2,12,-1,12,-1,12,0,11,0,11,0,11,1,10,1,10,2,0,0,0,0,0,0,0,0,0,0,0,0,0,0,0,0,0,0,0,0,0,0,11,0,11,0,11,1,12,2,12,2,12,3,12,3,12,4,12,4,12,5,12,5,12,5,12,4,12,4,12,4,11,4,12,3,12,3,12,3,13,2,13,2,13,2,14,1,14,1,14,1,15,1]
anchor,A2,24:ec:4a:04:39:15,ch=6
ftm_report,A2,0,0,-1.000
[0;32mI (484814) TAG: STA connected to 24:ec:4a:03:56:41, ch=11 (sec=0)[0m
csi_data,A3,[0,0,-8,12,-8,12,-8,11,-8,11,-7,11,-7,11,-6,11,-6,11,-5,11,-4,11,-4,11,-4,11,-4,11,-3,11,-4,11,-3,11,-4,11,-4,11,-4,11,-4,10,-5,10,-5,9,-5,9,-5,8,-6,8,-6,7,0,0,0,0,0,0,0,0,0,0,0,0,0,0,0,0,0,0,0,0,0,0,-5,11,-6,11,-7,11,-8,11,-8,11,-9,11,-10,10,-10,10,-11,10,-11,10,-11,9,-11,9,-10,9,-10,9,-10,9,-10,9,-10,10,-9,10,-9,10,-9,11,-9,11,-9,11,-8,12,-8,12,-8,12,-8,12]
anchor,A3,24:ec:4a:03:56:41,ch=11
ftm_report,A3,20,20,3.000
[0;32mI (485694) TAG: STA connected to 24:ec:4a:03:58:5d, ch=1 (sec=0)[0m
anchor,A1,24:ec:4a:03:58:5d,ch=1
ftm_report,A1,2,2,0.300
csi_data,A1,[0,0,6,13,6,13,6,12,6,13,6,12,6,12,7,12,7,11,7,11,7,11,8,10,8,10,8,10,9,10,9,10,9,10,9,11,9,11,8,11,7,12,7,12,6,12,5,12,5,12,4,12,3,12,0,0,0,0,0,0,0,0,0,0,0,0,0,0,0,0,0,0,0,0,0,0,3,8,3,9,3,9,3,10,2,10,2,11,1,11,1,11,1,11,1,11,1,11,1,11,1,11,1,11,1,11,2,11,2,11,3,11,3,11,4,11,4,11,5,12,5,12,5,12,6,12,6,13]
[0;32mI (486554) TAG: STA connected to 24:ec:4a:04:39:15, ch=6 (sec=0)[0m
anchor,A2,24:ec:4a:04:39:15,ch=6
ftm_report,A2,0,0,-1.000
csi_data,A2,[0,0,5,-14,5,-14,4,-14,5,-14,4,-14,4,-13,3,-13,3,-13,2,-13,2,-13,1,-13,1,-13,1,-13,1,-13,0,-13,0,-13,1,-13,1,-13,1,-13,2,-13,2,-13,2,-12,3,-12,3,-11,3,-11,4,-10,0,0,0,0,0,0,0,0,0,0,0,0,0,0,0,0,0,0,0,0,0,0,3,-12,3,-11,4,-12,5,-12,5,-12,6,-12,7,-12,7,-12,7,-12,8,-11,8,-11,7,-11,7,-11,7,-11,7,-11,7,-11,6,-12,6,-12,5,-12,5,-13,5,-13,5,-13,5,-14,5,-14,5,-14,5,-15]
[0;32mI (487414) TAG: STA connected to 24:ec:4a:03:56:41, ch=11 (sec=0)[0m
anchor,A3,24:ec:4a:03:56:41,ch=11
ftm_report,A3,18,18,2.700
csi_data,A3,[0,0,-15,4,-14,4,-14,4,-13,4,-13,4,-12,4,-12,4,-11,5,-11,5,-10,6,-10,6,-10,6,-10,6,-10,6,-9,7,-10,7,-10,6,-10,6,-10,6,-10,6,-10,5,-10,4,-10,4,-9,3,-9,3,-9,2,0,0,0,0,0,0,0,0,0,0,0,0,0,0,0,0,0,0,0,0,0,0,-12,5,-13,4,-13,4,-14,3,-14,3,-15,2,-15,1,-15,1,-15,0,-15,0,-15,0,-15,0,-15,0,-14,0,-14,0,-14,1,-14,1,-14,2,-14,2,-14,2,-14,3,-14,3,-14,4,-14,4,-14,4,-14,4]
[0;32mI (488314) TAG: STA connected to 24:ec:4a:03:58:5d, ch=1 (sec=0)[0m
anchor,A1,24:ec:4a:03:58:5d,ch=1
ftm_report,A1,5,5,0.750
csi_data,A1,[0,0,14,0,14,0,15,0,14,0,14,-1,14,-1,14,-1,13,-2,13,-2,13,-3,13,-3,13,-4,13,-4,13,-4,13,-4,14,-4,14,-4,14,-4,14,-3,14,-2,14,-2,14,-1,13,0,13,0,12,1,12,2,0,0,0,0,0,0,0,0,0,0,0,0,0,0,0,0,0,0,0,0,0,0,10,0,10,1,10,2,11,2,11,2,11,3,11,4,11,4,11,4,11,4,11,4,11,4,11,4,11,4,11,3,11,3,11,3,11,2,12,2,12,2,12,1,13,1,13,1,14,0,14,0,15,0]
[0;32mI (489164) TAG: STA connected to 24:ec:4a:04:39:15, ch=6 (sec=0)[0m
anchor,A2,24:ec:4a:04:39:15,ch=6
ftm_report,A2,316,316,47.400
csi_data,A2,[0,0,2,-15,2,-15,3,-14,2,-15,2,-14,2,-14,1,-14,1,-13,0,-13,0,-13,-1,-13,-1,-13,-1,-13,-2,-13,-2,-13,-2,-13,-1,-13,-1,-13,-1,-14,0,-13,0,-13,1,-12,1,-12,2,-12,2,-11,2,-11,0,0,0,0,0,0,0,0,0,0,0,0,0,0,0,0,0,0,0,0,0,0,1,-12,1,-12,2,-12,3,-12,3,-13,4,-13,4,-13,5,-13,5,-13,5,-12,6,-12,6,-12,5,-12,5,-12,5,-12,5,-12,4,-12,4,-13,3,-13,3,-14,3,-14,3,-14,2,-15,3,-15,2,-15,2,-15]
[0;32mI (490184) esp_netif_handlers: sta ip: 192.168.4.2, mask: 255.255.255.0, gw: 192.168.4.1[0m
[0;32mI (490544) TAG: STA connected to 24:ec:4a:03:56:41, ch=11 (sec=0)[0m
anchor,A3,24:ec:4a:03:56:41,ch=11
ftm_report,A3,15,15,2.250
csi_data,A3,[0,0,8,12,7,11,7,11,7,11,8,10,8,10,8,9,8,9,8,8,8,8,8,7,9,7,9,7,9,7,9,7,9,7,9,7,9,7,8,7,8,7,7,7,7,8,6,7,5,7,5,7,4,7,0,0,0,0,0,0,0,0,0,0,0,0,0,0,0,0,0,0,0,0,0,0,8,9,7,9,7,10,6,11,6,11,6,12,5,13,5,13,4,13,4,13,4,13,4,13,4,13,4,12,4,12,4,12,5,12,5,12,6,11,6,11,7,11,7,11,7,12,8,12,8,12,8,11]
[0;32mI (491404) TAG: STA connected to 24:ec:4a:03:58:5d, ch=1 (sec=0)[0m
anchor,A1,24:ec:4a:03:58:5d,ch=1
ftm_report,A1,3,3,0.450
csi_data,A1,[0,0,9,-12,9,-12,9,-12,9,-12,8,-12,8,-12,7,-12,7,-12,6,-12,6,-12,6,-13,5,-12,5,-13,5,-13,5,-13,5,-14,6,-13,6,-14,6,-14,7,-13,7,-13,7,-12,8,-11,8,-10,8,-10,9,-9,0,0,0,0,0,0,0,0,0,0,0,0,0,0,0,0,0,0,0,0,0,0,7,-8,7,-8,8,-8,8,-8,9,-8,9,-7,10,-7,10,-7,10,-7,10,-6,10,-6,10,-6,10,-6,10,-6,10,-7,9,-7,9,-8,9,-8,9,-9,9,-9,9,-10,9,-10,9,-10,9,-11,9,-11,10,-11]
[0;32mI (492254) TAG: STA connected to 24:ec:4a:04:39:15, ch=6 (sec=0)[0m
anchor,A2,24:ec:4a:04:39:15,ch=6
ftm_report,A2,0,0,-1.000
csi_data,A2,[0,0,12,8,12,7,12,7,12,7,11,7,11,6,11,6,11,5,11,5,11,4,11,4,11,4,11,3,11,3,12,3,12,3,12,3,12,4,12,4,11,4,11,4,10,5,10,5,9,5,8,6,8,6,0,0,0,0,0,0,0,0,0,0,0,0,0,0,0,0,0,0,0,0,0,0,10,5,10,6,10,6,10,7,9,8,9,9,9,9,9,9,9,10,8,10,8,10,8,10,8,10,8,9,8,9,8,9,9,9,9,8,10,8,10,8,11,7,11,7,12,8,12,7,12,8,12,8]
[0;32mI (493114) TAG: STA connected to 24:ec:4a:03:56:41, ch=11 (sec=0)[0m
anchor,A3,24:ec:4a:03:56:41,ch=11
ftm_report,A3,18,18,2.700
[0;32mI (493964) TAG: STA connected to 24:ec:4a:03:58:5d, ch=1 (sec=0)[0m
csi_data,A1,[0,0,12,7,12,6,12,6,12,6,12,6,12,5,12,5,12,4,12,4,12,3,13,3,13,3,13,3,13,2,13,3,13,2,14,3,14,3,14,4,13,4,13,5,12,5,12,6,11,6,10,7,9,7,0,0,0,0,0,0,0,0,0,0,0,0,0,0,0,0,0,0,0,0,0,0,8,5,8,6,8,7,8,7,8,8,8,8,8,9,7,9,7,9,7,9,7,9,7,9,7,9,7,9,7,8,8,8,8,8,8,7,9,7,10,7,10,7,11,7,11,7,11,7,12,7,12,7]
anchor,A1,24:ec:4a:03:58:5d,ch=1
ftm_report,A1,2,2,0.300
[0;32mI (494814) TAG: STA connected to 24:ec:4a:04:39:15, ch=6 (sec=0)[0m
csi_data,A2,[0,0,-10,11,-10,11,-10,11,-9,10,-9,11,-9,10,-8,10,-7,10,-7,10,-6,11,-6,11,-6,11,-5,11,-5,11,-5,11,-5,11,-6,11,-6,11,-6,11,-6,11,-7,11,-7,10,-7,9,-7,9,-7,8,-8,8,0,0,0,0,0,0,0,0,0,0,0,0,0,0,0,0,0,0,0,0,0,0,-7,9,-8,9,-9,8,-10,8,-10,8,-11,8,-11,8,-11,8,-12,7,-12,7,-12,7,-12,7,-11,7,-11,7,-11,7,-11,7,-11,8,-10,8,-10,9,-10,9,-10,9,-10,10,-10,11,-10,11,-10,11,-10,11]
anchor,A2,24:ec:4a:04:39:15,ch=6
ftm_report,A2,0,0,-1.000
[0;32mI (495664) TAG: STA connected to 24:ec:4a:03:56:41, ch=11 (sec=0)[0m
anchor,A3,24:ec:4a:03:56:41,ch=11
ftm_report,A3,16,16,2.400
csi_data,A3,[0,0,14,4,13,4,13,4,13,3,13,3,12,2,12,2,12,1,11,1,11,0,11,0,11,0,11,0,11,-1,11,-1,11,-1,11,-1,11,-1,11,-1,10,0,10,0,10,1,9,1,9,2,8,2,8,2,0,0,0,0,0,0,0,0,0,0,0,0,0,0,0,0,0,0,0,0,0,0,12,1,12,2,12,3,13,4,13,4,13,6,13,6,13,6,12,7,12,7,12,8,12,8,12,8,11,7,12,7,11,6,12,6,12,5,13,5,13,5,13,5,13,4,14,4,14,4,14,4,14,4]
[0;32mI (496524) TAG: STA connected to 24:ec:4a:03:58:5d, ch=1 (sec=0)[0m
anchor,A1,24:ec:4a:03:58:5d,ch=1
ftm_report,A1,2,2,0.300
csi_data,A1,[0,0,13,2,14,2,13,2,14,1,13,1,13,1,13,1,13,0,13,0,13,-1,13,-1,13,-2,13,-2,13,-2,14,-2,14,-2,15,-2,14,-2,14,-1,14,0,14,0,14,1,14,2,13,2,12,3,11,4,0,0,0,0,0,0,0,0,0,0,0,0,0,0,0,0,0,0,0,0,0,0,9,3,9,3,10,4,9,4,10,5,9,5,9,6,9,6,9,6,9,6,9,6,9,6,9,6,9,6,9,5,10,5,9,4,10,4,10,4,11,3,11,3,12,3,12,3,13,2,13,2,13,2]
[0;32mI (497374) TAG: STA connected to 24:ec:4a:04:39:15, ch=6 (sec=0)[0m
anchor,A2,24:ec:4a:04:39:15,ch=6
ftm_report,A2,0,0,-1.000
csi_data,A2,[0,0,-7,14,-6,13,-6,13,-6,13,-6,12,-5,12,-5,12,-4,12,-4,12,-3,12,-3,12,-3,12,-2,12,-2,12,-2,12,-2,12,-2,12,-2,12,-3,12,-3,12,-3,12,-4,11,-4,11,-5,10,-5,10,-5,9,0,0,0,0,0,0,0,0,0,0,0,0,0,0,0,0,0,0,0,0,0,0,-4,11,-5,11,-6,10,-6,10,-7,11,-8,11,-8,11,-9,10,-9,10,-9,10,-9,10,-9,10,-9,9,-9,9,-8,10,-8,10,-8,10,-7,11,-7,11,-7,11,-7,12,-7,12,-6,13,-7,13,-6,13,-6,13]
[0;32mI (498224) TAG: STA connected to 24:ec:4a:03:56:41, ch=11 (sec=0)[0m
anchor,A3,24:ec:4a:03:56:41,ch=11
ftm_report,A3,18,18,2.700
csi_data,A3,[0,0,14,-1,14,-1,13,-1,13,-2,13,-2,12,-2,12,-2,11,-3,11,-3,11,-4,10,-4,10,-4,10,-4,10,-5,10,-5,10,-5,10,-5,10,-5,10,-4,10,-4,10,-3,10,-3,9,-2,9,-2,8,-1,8,-1,0,0,0,0,0,0,0,0,0,0,0,0,0,0,0,0,0,0,0,0,0,0,12,-4,12,-3,13,-2,13,-1,14,-1,14,0,14,1,14,1,14,2,14,2,14,2,14,2,13,2,13,2,13,2,13,2,13,1,13,0,13,0,14,0,14,-1,14,-1,14,-1,14,-1,15,-1,15,-2]
[0;32mI (499144) TAG: STA connected to 24:ec:4a:03:58:5d, ch=1 (sec=0)[0m
anchor,A1,24:ec:4a:03:58:5d,ch=1
ftm_report,A1,6,6,0.900
[0;32mI (500014) TAG: STA connected to 24:ec:4a:04:39:15, ch=6 (sec=0)[0m
csi_data,A2,[0,0,5,14,5,13,5,13,5,13,5,13,5,12,5,11,5,11,5,11,6,10,6,10,6,10,7,9,7,10,7,10,7,10,7,10,7,10,6,10,6,10,5,10,5,10,4,10,4,10,3,10,2,10,0,0,0,0,0,0,0,0,0,0,0,0,0,0,0,0,0,0,0,0,0,0,5,10,5,11,4,11,4,12,3,12,3,13,2,13,2,13,1,13,1,13,1,13,1,13,1,13,1,12,1,12,2,12,2,12,3,12,3,12,4,13,4,12,4,13,5,13,5,13,5,14,5,14]
anchor,A2,24:ec:4a:04:39:15,ch=6
ftm_report,A2,0,0,-1.000
[0;32mI (500874) TAG: STA connected to 24:ec:4a:03:56:41, ch=11 (sec=0)[0m
csi_data,A3,[0,0,8,12,8,12,7,11,7,11,8,10,8,9,8,9,8,8,8,8,8,7,8,7,8,7,8,6,9,6,9,6,9,6,9,6,9,6,8,6,8,6,8,6,7,7,6,6,6,7,5,7,5,6,0,0,0,0,0,0,0,0,0,0,0,0,0,0,0,0,0,0,0,0,0,0,8,9,8,10,7,10,7,11,6,12,6,12,6,13,5,13,5,14,4,14,4,14,4,13,4,13,4,13,4,12,4,12,5,12,5,12,6,12,6,12,7,12,7,12,8,12,8,12,8,12,8,12]
anchor,A3,24:ec:4a:03:56:41,ch=11
ftm_report,A3,16,16,2.400
[0;32mI (501734) TAG: STA connected to 24:ec:4a:03:58:5d, ch=1 (sec=0)[0m
anchor,A1,24:ec:4a:03:58:5d,ch=1
ftm_report,A1,6,6,0.900
csi_data,A1,[0,0,-15,2,-15,2,-15,2,-15,2,-14,2,-14,3,-14,3,-14,3,-13,4,-13,4,-13,5,-13,5,-13,5,-14,6,-13,6,-14,6,-14,6,-14,5,-15,5,-15,4,-15,4,-15,3,-15,2,-14,1,-14,0,-14,0,0,0,0,0,0,0,0,0,0,0,0,0,0,0,0,0,0,0,0,0,0,0,-11,-1,-11,-1,-11,-2,-11,-2,-12,-3,-12,-3,-12,-3,-12,-3,-12,-4,-12,-4,-12,-4,-12,-4,-12,-4,-12,-3,-12,-3,-12,-2,-12,-2,-12,-1,-12,-1,-13,0,-13,0,-14,0,-14,1,-14,1,-15,1,-15,1]
[0;32mI (502584) TAG: STA connected to 24:ec:4a:04:39:15, ch=6 (sec=0)[0m
anchor,A2,24:ec:4a:04:39:15,ch=6
ftm_report,A2,0,0,-1.000
csi_data,A2,[0,0,-10,-12,-10,-11,-10,-11,-10,-11,-10,-11,-10,-10,-10,-9,-10,-9,-10,-9,-10,-8,-10,-8,-10,-8,-10,-7,-11,-7,-11,-7,-11,-7,-11,-8,-11,-8,-11,-8,-10,-8,-10,-8,-9,-8,-9,-9,-8,-9,-7,-9,-7,-9,0,0,0,0,0,0,0,0,0,0,0,0,0,0,0,0,0,0,0,0,0,0,-9,-8,-9,-9,-9,-10,-8,-10,-8,-11,-8,-11,-8,-12,-7,-12,-7,-12,-6,-13,-6,-13,-6,-13,-6,-12,-6,-12,-6,-12,-7,-12,-7,-11,-8,-11,-8,-11,-9,-11,-9,-11,-10,-11,-10,-12,-10,-11,-10,-12,-10,-12]
[0;32mI (503434) TAG: STA connected to 24:ec:4a:03:56:41, ch=11 (sec=0)[0m
anchor,A3,24:ec:4a:03:56:41,ch=11
ftm_report,A3,17,17,2.550
csi_data,A3,[0,0,3,-14,3,-14,3,-14,3,-14,2,-13,2,-13,1,-13,1,-12,1,-12,0,-12,-1,-12,-1,-11,-1,-12,-2,-12,-2,-12,-2,-12,-1,-12,-1,-12,-1,-12,-1,-11,0,-11,0,-10,1,-10,1,-10,1,-9,2,-9,0,0,0,0,0,0,0,0,0,0,0,0,0,0,0,0,0,0,0,0,0,0,1,-13,2,-13,3,-13,3,-13,4,-13,5,-14,6,-14,6,-13,7,-13,7,-13,7,-13,7,-13,7,-12,6,-12,6,-12,6,-12,6,-13,5,-13,5,-13,4,-13,4,-14,4,-14,4,-14,3,-15,3,-14,3,-15]
[0;32mI (504294) TAG: STA connected to 24:ec:4a:03:58:5d, ch=1 (sec=0)[0m
anchor,A1,24:ec:4a:03:58:5d,ch=1
ftm_report,A1,8,8,1.200
csi_data,A1,[0,0,-9,-12,-10,-11,-10,-11,-10,-11,-10,-11,-10,-10,-11,-10,-10,-10,-11,-9,-11,-9,-11,-8,-11,-8,-12,-8,-12,-8,-12,-8,-13,-8,-13,-8,-13,-9,-12,-9,-12,-10,-11,-10,-11,-10,-10,-11,-9,-11,-8,-11,-7,-11,0,0,0,0,0,0,0,0,0,0,0,0,0,0,0,0,0,0,0,0,0,0,-7,-9,-6,-10,-6,-10,-6,-11,-5,-11,-5,-12,-5,-12,-4,-12,-4,-12,-4,-12,-4,-12,-4,-12,-4,-12,-4,-12,-5,-12,-5,-12,-5,-11,-6,-11,-7,-11,-7,-11,-8,-11,-8,-11,-8,-11,-9,-12,-9,-12,-9,-12]
[0;32mI (505154) TAG: STA connected to 24:ec:4a:04:39:15, ch=6 (sec=0)[0m
anchor,A2,24:ec:4a:04:39:15,ch=6
ftm_report,A2,0,0,-1.000
[0;32mI (506024) TAG: STA connected to 24:ec:4a:03:56:41, ch=11 (sec=0)[0m
anchor,A3,24:ec:4a:03:56:41,ch=11
ftm_report,A3,17,17,2.550
[0;32mI (506894) TAG: STA connected to 24:ec:4a:03:58:5d, ch=1 (sec=0)[0m
csi_data,A1,[0,0,-6,-14,-6,-14,-6,-14,-6,-13,-7,-13,-7,-13,-7,-12,-7,-12,-7,-12,-8,-11,-9,-11,-9,-10,-9,-11,-10,-11,-9,-11,-9,-11,-10,-11,-9,-12,-9,-12,-8,-12,-8,-12,-7,-12,-7,-12,-6,-12,-5,-12,-4,-12,0,0,0,0,0,0,0,0,0,0,0,0,0,0,0,0,0,0,0,0,0,0,-4,-10,-3,-11,-3,-11,-3,-12,-2,-12,-2,-12,-1,-12,-1,-13,-1,-13,0,-12,0,-13,-1,-13,-1,-12,-1,-12,-1,-12,-2,-12,-2,-12,-3,-12,-3,-12,-4,-12,-4,-13,-5,-13,-5,-13,-5,-13,-6,-13,-6,-14]
anchor,A1,24:ec:4a:03:58:5d,ch=1
ftm_report,A1,4,4,0.600
[0;32mI (507754) TAG: STA connected to 24:ec:4a:04:39:15, ch=6 (sec=0)[0m
anchor,A2,24:ec:4a:04:39:15,ch=6
ftm_report,A2,0,0,-1.000
csi_data,A2,[0,0,-11,10,-11,9,-11,10,-10,9,-10,9,-10,9,-10,9,-9,9,-9,9,-8,9,-7,10,-7,10,-7,10,-7,10,-7,10,-7,10,-7,10,-8,10,-8,10,-8,9,-8,9,-9,8,-9,7,-9,7,-8,7,-9,6,0,0,0,0,0,0,0,0,0,0,0,0,0,0,0,0,0,0,0,0,0,0,-7,8,-8,8,-9,8,-10,8,-10,7,-11,8,-12,7,-12,6,-12,6,-12,6,-12,6,-12,6,-12,6,-11,6,-11,6,-11,6,-11,7,-10,7,-11,8,-11,8,-11,8,-11,9,-11,9,-11,10,-11,10,-11,10]
[0;32mI (508604) TAG: STA connected to 24:ec:4a:03:56:41, ch=11 (sec=0)[0m
anchor,A3,24:ec:4a:03:56:41,ch=11
ftm_report,A3,16,16,2.400
csi_data,A3,[0,0,9,-12,8,-12,8,-11,8,-11,8,-11,7,-11,6,-11,6,-11,6,-11,5,-11,5,-11,4,-11,4,-11,4,-11,4,-12,4,-12,4,-11,4,-11,4,-11,5,-11,5,-10,5,-9,5,-9,5,-8,5,-8,6,-7,0,0,0,0,0,0,0,0,0,0,0,0,0,0,0,0,0,0,0,0,0,0,6,-11,6,-11,7,-11,8,-11,9,-11,10,-11,10,-10,11,-10,11,-10,11,-9,11,-9,11,-8,11,-9,11,-9,10,-9,10,-9,10,-9,9,-10,9,-10,9,-11,9,-11,9,-11,9,-12,9,-12,9,-12,9,-12]
[0;32mI (509514) TAG: STA connected to 24:ec:4a:03:58:5d, ch=1 (sec=0)[0m
anchor,A1,24:ec:4a:03:58:5d,ch=1
ftm_report,A1,4,4,0.600
csi_data,A1,[0,0,10,-10,10,-10,10,-10,10,-10,9,-10,9,-10,9,-10,8,-10,8,-11,7,-11,7,-12,6,-12,7,-12,6,-12,6,-12,7,-13,7,-13,7,-13,8,-13,8,-12,9,-12,9,-11,9,-10,9,-10,9,-9,10,-8,0,0,0,0,0,0,0,0,0,0,0,0,0,0,0,0,0,0,0,0,0,0,8,-6,9,-6,9,-6,10,-5,10,-5,11,-5,11,-4,11,-4,11,-4,11,-4,11,-4,11,-4,11,-4,11,-4,10,-5,10,-5,10,-6,10,-6,10,-6,10,-7,10,-7,10,-8,10,-8,10,-9,10,-9,11,-10]
[0;32mI (510384) TAG: STA connected to 24:ec:4a:04:39:15, ch=6 (sec=0)[0m
anchor,A2,24:ec:4a:04:39:15,ch=6
ftm_report,A2,0,0,-1.000
csi_data,A2,[0,0,11,-10,11,-10,11,-9,11,-9,10,-10,10,-9,9,-9,9,-10,8,-10,8,-10,8,-10,7,-10,7,-11,7,-11,7,-11,7,-11,7,-11,7,-11,7,-11,7,-10,7,-10,8,-9,8,-9,8,-8,8,-8,8,-7,0,0,0,0,0,0,0,0,0,0,0,0,0,0,0,0,0,0,0,0,0,0,8,-8,9,-8,9,-7,10,-7,11,-7,11,-7,12,-6,12,-6,12,-6,12,-5,12,-5,12,-5,12,-5,12,-5,11,-6,11,-6,11,-6,11,-7,11,-7,11,-8,11,-8,11,-9,11,-9,11,-10,11,-10,11,-10]
[0;32mI (511254) TAG: STA connected to 24:ec:4a:03:56:41, ch=11 (sec=0)[0m
anchor,A3,24:ec:4a:03:56:41,ch=11
ftm_report,A3,16,16,2.400
csi_data,A3,[0,0,2,14,1,14,1,13,2,13,2,13,2,12,3,12,3,11,3,11,3,11,3,10,4,10,4,10,4,10,5,10,5,10,4,10,4,10,4,10,4,10,3,10,2,9,2,9,1,9,1,9,0,8,0,0,0,0,0,0,0,0,0,0,0,0,0,0,0,0,0,0,0,0,0,0,4,11,3,12,2,12,2,13,1,13,0,14,0,14,0,14,-1,14,-2,14,-2,14,-2,14,-2,14,-2,13,-1,13,-1,13,-1,14,0,13,0,13,1,14,1,14,1,14,1,14,1,14,1,14,2,14]
[0;32mI (512114) TAG: STA connected to 24:ec:4a:03:58:5d, ch=1 (sec=0)[0m
anchor,A1,24:ec:4a:03:58:5d,ch=1
ftm_report,A1,4,4,0.600
[0;32mI (512964) TAG: STA connected to 24:ec:4a:04:39:15, ch=6 (sec=0)[0m
csi_data,A2,[0,0,4,-15,3,-15,3,-14,3,-14,3,-14,3,-14,2,-13,2,-13,1,-13,0,-13,0,-13,0,-13,0,-13,0,-13,-1,-13,-1,-13,0,-13,0,-13,0,-13,1,-13,1,-13,2,-12,2,-12,3,-11,2,-11,3,-10,0,0,0,0,0,0,0,0,0,0,0,0,0,0,0,0,0,0,0,0,0,0,1,-12,2,-12,2,-12,3,-12,4,-12,4,-13,5,-12,5,-12,6,-12,6,-12,6,-12,6,-12,6,-12,6,-12,5,-12,5,-12,5,-12,4,-12,4,-13,4,-13,3,-13,3,-14,3,-14,3,-14,3,-15,3,-15]
[1;31mE (513644) wifi:No FTM Measurements received from responder![0m
[0;33mW (513744) TAG: FTM to A2 failed (ESP_FAIL), streak=1[0m
[0;32mI (513984) esp_netif_handlers: sta ip: 192.168.4.2, mask: 255.255.255.0, gw: 192.168.4.1[0m
csi_data,A2,[0,0,-15,-6,-15,-5,-14,-5,-14,-5,-14,-5,-14,-4,-14,-4,-13,-3,-13,-3,-13,-2,-13,-2,-13,-2,-13,-1,-13,-1,-13,-1,-13,-1,-13,-1,-13,-2,-13,-2,-13,-2,-13,-3,-12,-3,-12,-3,-11,-4,-11,-4,-10,-5,0,0,0,0,0,0,0,0,0,0,0,0,0,0,0,0,0,0,0,0,0,0,-12,-3,-12,-4,-12,-5,-12,-5,-12,-6,-12,-6,-12,-7,-12,-8,-12,-8,-12,-8,-12,-8,-11,-8,-11,-8,-11,-8,-11,-7,-12,-7,-12,-7,-12,-6,-13,-6,-13,-6,-13,-5,-14,-5,-14,-5,-15,-5,-15,-5,-15,-5]
[0;32mI (514354) TAG: STA connected to 24:ec:4a:03:56:41, ch=11 (sec=0)[0m
anchor,A3,24:ec:4a:03:56:41,ch=11
ftm_report,A3,16,16,2.400
csi_data,A3,[0,0,14,-3,14,-3,14,-3,13,-3,13,-3,12,-4,12,-4,11,-4,11,-5,10,-5,10,-5,10,-6,10,-6,10,-6,10,-6,10,-6,10,-6,10,-6,10,-6,10,-5,10,-5,9,-4,9,-3,9,-3,9,-3,8,-2,0,0,0,0,0,0,0,0,0,0,0,0,0,0,0,0,0,0,0,0,0,0,11,-4,12,-4,12,-3,13,-2,13,-2,14,-1,14,0,14,0,14,0,14,1,14,1,14,1,14,1,14,1,13,0,13,0,13,0,13,-1,14,-1,14,-2,14,-2,14,-2,14,-3,14,-3,15,-3,15,-3]
[0;32mI (515204) TAG: STA connected to 24:ec:4a:03:58:5d, ch=1 (sec=0)[0m
anchor,A1,24:ec:4a:03:58:5d,ch=1
ftm_report,A1,4,4,0.600
csi_data,A1,[0,0,13,-4,13,-5,13,-5,13,-5,13,-5,12,-6,12,-6,11,-6,11,-7,11,-7,11,-7,11,-7,11,-8,11,-9,11,-8,11,-9,12,-8,12,-8,12,-8,12,-8,12,-7,13,-6,12,-5,12,-4,12,-3,12,-3,0,0,0,0,0,0,0,0,0,0,0,0,0,0,0,0,0,0,0,0,0,0,10,-3,11,-2,11,-2,11,-1,11,-1,12,0,12,0,12,0,12,1,11,1,12,1,12,1,11,1,11,1,11,0,11,0,11,-1,11,-2,12,-2,12,-2,12,-3,12,-3,12,-4,13,-4,13,-4,13,-4]
[0;32mI (516064) TAG: STA connected to 24:ec:4a:04:39:15, ch=6 (sec=0)[0m
anchor,A2,24:ec:4a:04:39:15,ch=6
ftm_report,A2,0,0,-1.000
[0;32mI (516924) TAG: STA connected to 24:ec:4a:03:56:41, ch=11 (sec=0)[0m
csi_data,A3,[0,0,14,0,14,0,13,0,13,0,13,-1,12,-1,12,-1,12,-2,11,-2,11,-3,11,-3,11,-3,10,-3,10,-4,11,-4,10,-4,11,-4,10,-4,11,-3,10,-3,10,-2,10,-2,10,-1,9,-1,9,-1,8,0,0,0,0,0,0,0,0,0,0,0,0,0,0,0,0,0,0,0,0,0,0,0,12,-2,12,-1,13,0,12,1,13,1,13,2,14,3,14,3,13,4,13,4,13,4,13,4,13,4,13,4,12,3,13,3,12,3,13,2,13,2,13,1,14,1,14,1,14,0,14,0,14,0,14,0]
anchor,A3,24:ec:4a:03:56:41,ch=11
ftm_report,A3,16,16,2.400
[0;32mI (517814) TAG: STA connected to 24:ec:4a:03:58:5d, ch=1 (sec=0)[0m
csi_data,A1,[0,0,13,5,13,5,13,5,13,4,13,4,13,4,13,4,13,3,12,3,13,2,13,1,13,1,13,1,14,1,14,1,14,1,14,1,14,2,14,2,14,3,14,3,13,4,13,4,12,5,11,5,10,6,0,0,0,0,0,0,0,0,0,0,0,0,0,0,0,0,0,0,0,0,0,0,9,4,9,5,9,5,9,6,9,6,9,7,9,7,9,8,8,8,8,8,8,8,8,8,9,7,9,7,9,7,9,7,9,7,9,6,10,6,10,6,11,5,11,6,12,5,12,5,13,5,13,5]
anchor,A1,24:ec:4a:03:58:5d,ch=1
ftm_report,A1,9,9,1.350
[0;32mI (518694) TAG: STA connected to 24:ec:4a:04:39:15, ch=6 (sec=0)[0m
csi_data,A2,[0,0,-5,14,-5,14,-5,13,-4,14,-4,13,-4,13,-3,12,-3,12,-2,12,-2,12,-1,12,-1,12,-1,12,-1,12,0,12,0,12,-1,12,-1,13,-1,12,-1,12,-2,12,-2,11,-3,11,-3,11,-4,10,-4,10,0,0,0,0,0,0,0,0,0,0,0,0,0,0,0,0,0,0,0,0,0,0,-3,11,-3,11,-4,11,-5,11,-5,11,-6,11,-7,12,-7,11,-7,11,-8,11,-8,11,-8,11,-8,10,-7,10,-7,11,-7,11,-6,11,-6,12,-5,12,-5,12,-5,13,-5,13,-5,14,-5,14,-5,14,-4,14]
[0;32mI (519704) esp_netif_handlers: sta ip: 192.168.4.2, mask: 255.255.255.0, gw: 192.168.4.1[0m
anchor,A2,24:ec:4a:04:39:15,ch=6
ftm_report,A2,235,235,35.250
[0;32mI (520564) TAG: STA connected to 24:ec:4a:03:56:41, ch=11 (sec=0)[0m
anchor,A3,24:ec:4a:03:56:41,ch=11
ftm_report,A3,17,17,2.550
csi_data,A3,[0,0,-15,-1,-15,-2,-15,-1,-14,-1,-14,-1,-14,0,-13,0,-13,1,-12,1,-12,2,-12,2,-12,2,-12,2,-12,3,-11,3,-12,3,-12,3,-12,3,-11,2,-11,2,-11,2,-11,1,-10,0,-10,0,-10,0,-9,-1,0,0,0,0,0,0,0,0,0,0,0,0,0,0,0,0,0,0,0,0,0,0,-13,0,-13,-1,-14,-2,-14,-2,-14,-3,-15,-4,-15,-4,-15,-5,-15,-5,-14,-6,-14,-6,-14,-6,-14,-5,-14,-5,-14,-5,-13,-5,-14,-4,-14,-4,-14,-3,-14,-3,-15,-2,-15,-2,-15,-2,-16,-2,-15,-2,-15,-1]
[0;32mI (521474) TAG: STA connected to 24:ec:4a:03:58:5d, ch=1 (sec=0)[0m
anchor,A1,24:ec:4a:03:58:5d,ch=1
ftm_report,A1,5,5,0.750
csi_data,A1,[0,0,-15,1,-15,1,-16,1,-14,1,-15,1,-15,1,-15,2,-14,2,-14,3,-13,3,-14,4,-13,5,-14,5,-14,5,-14,5,-15,5,-15,5,-16,5,-15,4,-15,3,-16,2,-15,2,-15,1,-14,1,-14,0,-14,-1,0,0,0,0,0,0,0,0,0,0,0,0,0,0,0,0,0,0,0,0,0,0,-11,-1,-11,-2,-11,-2,-12,-3,-12,-3,-12,-4,-12,-4,-12,-5,-12,-5,-11,-5,-12,-5,-12,-5,-12,-4,-12,-4,-12,-4,-12,-3,-12,-3,-12,-2,-13,-2,-13,-2,-13,-1,-14,-1,-14,0,-14,0,-15,1,-15,1]
[0;32mI (522334) TAG: STA connected to 24:ec:4a:04:39:15, ch=6 (sec=0)[0m
anchor,A2,24:ec:4a:04:39:15,ch=6
ftm_report,A2,0,0,-1.000
csi_data,A2,[0,0,13,6,13,6,12,6,12,6,12,5,12,5,12,4,12,4,11,4,12,3,12,3,12,2,12,2,12,2,12,2,12,1,12,2,12,2,12,2,12,3,11,3,11,3,11,4,10,4,9,5,9,5,0,0,0,0,0,0,0,0,0,0,0,0,0,0,0,0,0,0,0,0,0,0,10,4,10,5,10,6,10,6,10,7,10,7,10,8,10,8,10,8,9,9,9,9,9,9,9,8,9,8,9,8,9,8,10,7,10,7,11,7,11,6,11,6,12,6,12,6,13,6,13,6,13,6]
[0;32mI (523194) TAG: STA connected to 24:ec:4a:03:56:41, ch=11 (sec=0)[0m
anchor,A3,24:ec:4a:03:56:41,ch=11
ftm_report,A3,21,21,3.150
csi_data,A3,[0,0,1,-15,1,-15,1,-14,0,-14,0,-14,0,-14,-1,-13,-1,-13,-1,-13,-2,-12,-2,-12,-3,-12,-3,-12,-3,-12,-3,-12,-3,-12,-3,-12,-3,-12,-3,-12,-2,-12,-2,-11,-1,-11,-1,-10,0,-10,0,-10,1,-9,0,0,0,0,0,0,0,0,0,0,0,0,0,0,0,0,0,0,0,0,0,0,-2,-13,-1,-13,0,-14,0,-14,1,-14,2,-15,3,-15,3,-15,4,-15,4,-15,4,-14,4,-14,4,-14,4,-14,3,-14,4,-14,3,-14,2,-14,2,-14,2,-15,1,-15,1,-15,1,-15,1,-15,0,-15,0,-16]
[0;32mI (524064) TAG: STA connected to 24:ec:4a:03:58:5d, ch=1 (sec=0)[0m
anchor,A1,24:ec:4a:03:58:5d,ch=1
ftm_report,A1,2,2,0.300
[0;32mI (524914) TAG: STA connected to 24:ec:4a:04:39:15, ch=6 (sec=0)[0m
csi_data,A2,[0,0,0,15,0,14,0,14,0,14,0,13,1,13,1,13,2,12,2,12,2,12,2,12,3,11,3,11,4,11,4,11,4,11,3,11,4,12,4,12,3,12,3,12,2,11,1,11,0,11,0,10,-1,10,0,0,0,0,0,0,0,0,0,0,0,0,0,0,0,0,0,0,0,0,0,0,0,11,0,11,-1,12,-2,12,-2,12,-3,13,-3,13,-3,13,-4,13,-4,12,-5,12,-5,12,-5,12,-4,12,-4,12,-3,12,-3,12,-2,12,-2,12,-1,13,-1,13,0,13,0,14,-1,14,-1,14,0,14]
anchor,A2,24:ec:4a:04:39:15,ch=6
ftm_report,A2,0,0,-1.000
[0;32mI (525774) TAG: STA connected to 24:ec:4a:03:56:41, ch=11 (sec=0)[0m
anchor,A3,24:ec:4a:03:56:41,ch=11
ftm_report,A3,16,16,2.400
csi_data,A3,[0,0,-14,5,-14,5,-13,4,-13,5,-12,5,-12,5,-11,5,-11,5,-11,6,-10,6,-9,6,-9,6,-9,7,-9,7,-9,7,-9,7,-9,7,-9,7,-9,6,-9,6,-9,6,-9,5,-9,4,-9,4,-8,3,-8,3,0,0,0,0,0,0,0,0,0,0,0,0,0,0,0,0,0,0,0,0,0,0,-11,6,-12,5,-12,4,-13,4,-14,4,-14,3,-15,2,-15,2,-15,1,-15,1,-15,1,-15,1,-14,1,-14,1,-14,1,-14,2,-14,2,-14,3,-14,3,-14,3,-14,4,-14,4,-14,5,-14,5,-14,5,-14,5]
[0;32mI (526624) TAG: STA connected to 24:ec:4a:03:58:5d, ch=1 (sec=0)[0m
anchor,A1,24:ec:4a:03:58:5d,ch=1
ftm_report,A1,6,6,0.900
csi_data,A1,[0,0,-15,2,-15,2,-15,2,-15,2,-14,2,-14,3,-14,3,-14,3,-14,4,-13,4,-13,5,-13,5,-13,6,-13,6,-14,6,-14,6,-14,6,-14,6,-15,5,-15,4,-15,4,-15,3,-15,2,-14,2,-14,1,-14,0,0,0,0,0,0,0,0,0,0,0,0,0,0,0,0,0,0,0,0,0,0,0,-11,0,-11,-1,-12,-1,-12,-2,-12,-2,-12,-3,-12,-3,-12,-4,-12,-4,-12,-4,-12,-4,-12,-4,-12,-3,-12,-3,-12,-3,-12,-2,-12,-2,-12,-1,-13,-1,-13,-1,-13,0,-14,0,-14,1,-14,1,-15,2,-15,2]
[0;32mI (527474) TAG: STA connected to 24:ec:4a:04:39:15, ch=6 (sec=0)[0m
anchor,A2,24:ec:4a:04:39:15,ch=6
ftm_report,A2,0,0,-1.000
csi_data,A2,[0,0,8,-13,8,-13,8,-12,8,-12,7,-12,7,-12,6,-12,6,-12,5,-12,5,-12,5,-12,4,-12,4,-12,4,-12,4,-12,4,-12,4,-12,4,-12,4,-12,5,-12,5,-12,5,-11,6,-10,6,-10,6,-9,6,-8,0,0,0,0,0,0,0,0,0,0,0,0,0,0,0,0,0,0,0,0,0,0,5,-11,6,-10,7,-10,7,-10,8,-10,8,-10,9,-10,9,-10,9,-9,10,-9,10,-9,10,-9,10,-8,9,-8,9,-9,9,-9,8,-9,8,-10,8,-10,8,-11,7,-11,8,-12,8,-12,8,-12,8,-12,8,-13]
[0;32mI (528334) TAG: STA connected to 24:ec:4a:03:56:41, ch=11 (sec=0)[0m
anchor,A3,24:ec:4a:03:56:41,ch=11
ftm_report,A3,16,16,2.400
csi_data,A3,[0,0,13,-5,13,-5,13,-5,12,-5,12,-5,11,-5,11,-6,10,-6,9,-6,9,-7,9,-7,8,-7,8,-7,8,-8,8,-8,8,-8,8,-7,8,-7,8,-7,8,-7,8,-6,8,-5,8,-5,8,-4,8,-4,7,-4,0,0,0,0,0,0,0,0,0,0,0,0,0,0,0,0,0,0,0,0,0,0,11,-6,11,-6,12,-5,13,-4,13,-4,14,-3,14,-3,14,-2,14,-2,14,-1,14,-1,14,-1,14,-1,13,-1,13,-2,13,-2,13,-3,13,-3,13,-3,13,-4,13,-4,13,-4,13,-5,13,-5,14,-5,14,-6]
[0;32mI (529184) TAG: STA connected to 24:ec:4a:03:58:5d, ch=1 (sec=0)[0m
anchor,A1,24:ec:4a:03:58:5d,ch=1
ftm_report,A1,8,8,1.200
csi_data,A1,[0,0,14,-2,14,-2,14,-2,14,-2,14,-2,13,-2,13,-3,13,-3,13,-4,13,-4,13,-5,12,-5,13,-5,13,-6,13,-6,13,-6,14,-6,14,-5,14,-5,14,-4,14,-3,14,-2,14,-2,13,-1,13,0,12,1,0,0,0,0,0,0,0,0,0,0,0,0,0,0,0,0,0,0,0,0,0,0,I (530044) TAG: STA connected to 24:ec:4a:04:39:15, ch=6 (sec=0)
10,0,10,0,10,1,10,1,11,2,11,2,11,3,11,3,11,3,11,3,11,3,11,3,11,3,11,3,11,2,11,2,11,1,11,1,11,1,12,0,12,0,13,-1,13,-1,13,-1,14,-1,14,-1]
anchor,A2,24:ec:4a:04:39:15,ch=6
ftm_report,A2,0,0,-1.000
[0;32mI (530894) TAG: STA connected to 24:ec:4a:03:56:41, ch=11 (sec=0)[0m
csi_data,A3,[0,0,-14,-7,-14,-6,-14,-6,-13,-6,-13,-5,-13,-5,-12,-4,-12,-4,-12,-3,-12,-3,-12,-2,-12,-2,-12,-1,-12,-1,-12,-1,-12,-1,-12,-1,-12,-1,-12,-2,-11,-2,-11,-2,-10,-3,-10,-3,-10,-3,-9,-3,-9,-4,0,0,0,0,0,0,0,0,0,0,0,0,0,0,0,0,0,0,0,0,0,0,-13,-4,-13,-5,-13,-6,-13,-7,-13,-7,-13,-8,-13,-9,-13,-9,-12,-10,-12,-10,-12,-10,-12,-10,-12,-10,-11,-9,-11,-9,-12,-9,-12,-8,-12,-8,-13,-8,-13,-8,-13,-7,-14,-7,-14,-7,-14,-7,-14,-7,-14,-6]
anchor,A3,24:ec:4a:03:56:41,ch=11
ftm_report,A3,17,17,2.550
[0;32mI (531804) TAG: STA connected to 24:ec:4a:03:58:5d, ch=1 (sec=0)[0m
csi_data,A1,[0,0,-12,-8,-13,-8,-12,-8,-12,-8,-12,-7,-12,-7,-13,-7,-12,-6,-13,-6,-13,-6,-13,-5,-13,-5,-14,-5,-14,-4,-14,-4,-14,-5,-15,-5,-14,-5,-14,-6,-14,-6,-14,-7,-13,-8,-12,-8,-12,-8,-11,-8,-10,-9,0,0,0,0,0,0,0,0,0,0,0,0,0,0,0,0,0,0,0,0,0,0,-8,-7,-8,-7,-8,-8,-8,-9,-8,-9,-7,-9,-7,-10,-7,-10,-7,-10,-7,-10,-7,-10,-7,-10,-7,-10,-7,-10,-7,-9,-8,-9,-8,-9,-8,-9,-9,-9,-9,-9,-10,-8,-11,-9,-11,-8,-11,-8,-12,-8,-12,-8]
anchor,A1,24:ec:4a:03:58:5d,ch=1
ftm_report,A1,4,4,0.600
[0;32mI (532674) TAG: STA connected to 24:ec:4a:04:39:15, ch=6 (sec=0)[0m
anchor,A2,24:ec:4a:04:39:15,ch=6
ftm_report,A2,0,0,-1.000
csi_data,A2,[0,0,-15,-5,-15,-5,-14,-5,-14,-5,-14,-4,-13,-4,-13,-4,-13,-3,-13,-3,-13,-2,-13,-2,-13,-1,-13,-1,-13,-1,-13,-1,-13,-1,-13,-1,-13,-1,-13,-2,-13,-2,-12,-3,-12,-3,-12,-3,-11,-4,-11,-4,-10,-5,0,0,0,0,0,0,0,0,0,0,0,0,0,0,0,0,0,0,0,0,0,0,-12,-4,-11,-4,-12,-5,-12,-6,-12,-6,-12,-7,-12,-8,-11,-8,-11,-8,-11,-9,-11,-8,-11,-8,-11,-8,-11,-8,-11,-7,-11,-7,-11,-7,-12,-7,-12,-6,-13,-6,-13,-6,-13,-6,-14,-5,-14,-5,-14,-5,-14,-5]
[0;32mI (533524) TAG: STA connected to 24:ec:4a:03:56:41, ch=11 (sec=0)[0m
anchor,A3,24:ec:4a:03:56:41,ch=11
ftm_report,A3,16,16,2.400
csi_data,A3,[0,0,-15,4,-14,3,-14,4,-13,4,-13,4,-12,4,-12,4,-11,4,-11,5,-10,5,-10,5,-10,5,-9,6,-9,6,-9,6,-9,7,-9,6,-9,6,-9,6,-9,5,-9,5,-9,4,-9,4,-9,3,-9,3,-8,2,0,0,0,0,0,0,0,0,0,0,0,0,0,0,0,0,0,0,0,0,0,0,-12,5,-13,4,-13,3,-14,3,-14,2,-15,2,-15,1,-15,1,-15,0,-15,0,-15,0,-15,-1,-15,0,-14,0,-14,0,-14,0,-14,1,-14,1,-14,2,-14,2,-14,3,-14,3,-14,3,-15,3,-15,4,-15,4]
[0;32mI (534384) TAG: STA connected to 24:ec:4a:03:58:5d, ch=1 (sec=0)[0m
anchor,A1,24:ec:4a:03:58:5d,ch=1
ftm_report,A1,4,4,0.600
csi_data,A1,[0,0,-8,12,-8,12,-8,12,-7,12,-7,12,-7,12,-6,12,-6,12,-6,12,-5,12,-5,12,-4,12,-4,12,-4,13,-4,13,-4,14,-4,14,-5,14,-5,14,-6,13,-6,13,-7,12,-8,12,-8,11,-8,10,-9,9,0,0,0,0,0,0,0,0,0,0,0,0,0,0,0,0,0,0,0,0,0,0,-7,7,-7,7,-8,7,-8,7,-9,7,-9,7,-10,7,-10,6,-10,6,-10,6,-10,6,-10,6,-10,6,-9,6,-9,6,-9,7,-9,7,-8,8,-9,8,-8,9,-8,9,-8,10,-8,10,-8,11,-8,11,-8,11]
[0;32mI (535244) TAG: STA connected to 24:ec:4a:04:39:15, ch=6 (sec=0)[0m
anchor,A2,24:ec:4a:04:39:15,ch=6
ftm_report,A2,0,0,-1.000
csi_data,A2,[0,0,11,-10,10,-10,10,-10,10,-10,10,-10,9,-10,9,-10,8,-10,8,-10,7,-11,7,-11,6,-11,6,-11,6,-11,6,-11,6,-11,6,-11,7,-11,7,-11,7,-11,7,-10,7,-10,7,-9,7,-9,7,-8,8,-7,0,0,0,0,0,0,0,0,0,0,0,0,0,0,0,0,0,0,0,0,0,0,8,-9,8,-8,9,-8,10,-8,10,-8,11,-8,11,-7,11,-7,11,-6,12,-6,12,-6,11,-6,11,-6,11,-6,11,-6,11,-6,10,-7,10,-8,10,-8,10,-9,10,-9,10,-9,10,-10,10,-10,11,-10,10,-11]
[0;32mI (536104) TAG: STA connected to 24:ec:4a:03:56:41, ch=11 (sec=0)[0m
anchor,A3,24:ec:4a:03:56:41,ch=11
ftm_report,A3,17,17,2.550
[0;32mI (536964) TAG: STA connected to 24:ec:4a:03:58:5d, ch=1 (sec=0)[0m
csi_data,A1,[0,0,-13,-7,-14,-8,-13,-7,-14,-7,-13,-7,-13,-6,-14,-6,-13,-5,-13,-5,-14,-4,-14,-4,-14,-4,-14,-3,-14,-3,-15,-3,-15,-3,-15,-4,-15,-4,-15,-4,-15,-5,-15,-5,-14,-6,-14,-7,-13,-7,-12,-7,-11,-8,0,0,0,0,0,0,0,0,0,0,0,0,0,0,0,0,0,0,0,0,0,0,-8,-7,-8,-8,-8,-8,-8,-9,-8,-9,-8,-10,-8,-10,-7,-10,-7,-10,-7,-10,-7,-10,-7,-10,-7,-10,-7,-10,-8,-9,-8,-9,-8,-9,-9,-9,-9,-9,-10,-8,-11,-8,-11,-8,-12,-8,-12,-8,-13,-8,-13,-8]
anchor,A1,24:ec:4a:03:58:5d,ch=1
ftm_report,A1,16,16,2.400
[0;32mI (537834) TAG: STA connected to 24:ec:4a:04:39:15, ch=6 (sec=0)[0m
csi_data,A2,[0,0,0,-15,0,-15,0,-15,0,-15,0,-14,-1,-14,-1,-14,-1,-13,-2,-13,-2,-13,-3,-13,-3,-13,-3,-12,-3,-12,-3,-13,-3,-13,-3,-13,-3,-13,-3,-13,-2,-13,-1,-13,-1,-12,0,-12,0,-12,0,-11,1,-11,0,0,0,0,0,0,0,0,0,0,0,0,0,0,0,0,0,0,0,0,0,0,-2,-12,-1,-12,0,-12,0,-13,1,-13,2,-14,2,-13,2,-14,3,-13,3,-13,3,-13,3,-13,3,-13,3,-13,3,-13,2,-13,2,-13,1,-13,1,-13,1,-14,1,-14,1,-14,0,-15,0,-15,0,-15,0,-15]
anchor,A2,24:ec:4a:04:39:15,ch=6
ftm_report,A2,0,0,-1.000
[0;32mI (538684) TAG: STA connected to 24:ec:4a:03:56:41, ch=11 (sec=0)[0m
anchor,A3,24:ec:4a:03:56:41,ch=11
ftm_report,A3,16,16,2.400
csi_data,A3,[0,0,12,-8,12,-8,11,-8,11,-8,10,-8,10,-8,9,-8,9,-8,8,-8,8,-9,7,-9,7,-9,7,-9,7,-9,7,-9,7,-9,7,-9,7,-9,7,-9,7,-8,7,-8,7,-7,7,-7,7,-6,7,-6,7,-5,0,0,0,0,0,0,0,0,0,0,0,0,0,0,0,0,0,0,0,0,0,0,9,-9,10,-8,11,-8,11,-7,12,-7,13,-7,13,-6,14,-6,14,-5,14,-5,14,-4,14,-5,13,-4,13,-4,13,-5,12,-5,12,-6,12,-6,12,-6,12,-7,12,-7,12,-8,12,-8,12,-8,12,-8,12,-8]
[0;32mI (539554) TAG: STA connected to 24:ec:4a:03:58:5d, ch=1 (sec=0)[0m
anchor,A1,24:ec:4a:03:58:5d,ch=1
ftm_report,A1,6,6,0.900
csi_data,A1,[0,0,-5,-14,-6,-14,-6,-13,-6,-14,-6,-13,-6,-13,-7,-13,-7,-12,-7,-12,-7,-12,-8,-12,-8,-12,-8,-12,-9,-11,-9,-12,-9,-12,-9,-12,-9,-13,-9,-13,-8,-13,-8,-13,-7,-13,-6,-13,-5,-14,-4,-13,-3,-13,0,0,0,0,0,0,0,0,0,0,0,0,0,0,0,0,0,0,0,0,0,0,-2,-10,-2,-11,-2,-11,-1,-11,-1,-12,0,-12,0,-12,0,-12,0,-12,1,-12,1,-12,1,-12,1,-12,0,-12,0,-11,-1,-12,-1,-12,-2,-12,-2,-12,-3,-12,-3,-12,-4,-13,-4,-13,-4,-14,-5,-14,-5,-14]
[0;32mI (540404) TAG: STA connected to 24:ec:4a:04:39:15, ch=6 (sec=0)[0m
anchor,A2,24:ec:4a:04:39:15,ch=6
ftm_report,A2,0,0,-1.000
csi_data,A2,[0,0,9,-11,9,-11,9,-11,9,-11,8,-11,8,-11,7,-11,7,-11,6,-11,6,-11,6,-11,5,-11,5,-11,5,-12,5,-12,5,-12,5,-12,5,-12,5,-12,6,-11,6,-11,6,-10,7,-9,7,-9,7,-8,7,-8,0,0,0,0,0,0,0,0,0,0,0,0,0,0,0,0,0,0,0,0,0,0,6,-10,7,-10,8,-9,8,-9,9,-9,9,-9,10,-9,10,-8,10,-8,11,-7,11,-7,11,-7,11,-7,10,-7,10,-8,10,-8,9,-8,9,-9,9,-9,9,-10,9,-10,9,-11,9,-11,9,-11,9,-11,9,-12]
[0;32mI (541274) TAG: STA connected to 24:ec:4a:03:56:41, ch=11 (sec=0)[0m
anchor,A3,24:ec:4a:03:56:41,ch=11
ftm_report,A3,15,15,2.250
csi_data,A3,[0,0,-9,12,-8,11,-8,11,-8,11,-7,11,-7,11,-6,10,-6,11,-5,10,-4,10,-4,10,-4,10,-4,10,-3,10,-3,10,-3,11,-3,10,-3,10,-4,10,-4,10,-4,9,-4,9,-5,8,-5,8,-5,7,-5,7,0,0,0,0,0,0,0,0,0,0,0,0,0,0,0,0,0,0,0,0,0,0,-5,11,-6,11,-7,11,-8,11,-8,11,-9,11,-10,11,-11,11,-11,10,-11,10,-12,10,-11,9,-11,9,-11,9,-10,9,-10,10,-10,10,-9,10,-9,10,-9,11,-9,11,-9,12,-9,12,-9,12,-9,12,-8,12]
[0;32mI (542174) TAG: STA connected to 24:ec:4a:03:58:5d, ch=1 (sec=0)[0m
anchor,A1,24:ec:4a:03:58:5d,ch=1
ftm_report,A1,2,2,0.300
csi_data,A1,[0,0,0,14,0,13,0,14,0,I (543034) TAG: STA connected to 24:ec:4a:04:39:15, ch=6 (sec=0)
14,1,14,1,13,1,13,2,13,2,13,3,12,3,13,4,12,4,12,4,13,4,13,4,13,3,14,4,14,3,14,2,14,1,14,0,14,0,13,-1,13,-2,13,-2,12,0,0,0,0,0,0,0,0,0,0,0,0,0,0,0,0,0,0,0,0,0,0,-1,9,-1,10,-2,10,-2,10,-3,10,-3,11,-4,11,-4,10,-5,10,-4,10,-5,11,-4,10,-4,10,-4,10,-4,10,-3,10,-3,11,-2,11,-2,11,-2,12,-1,12,-1,12,-1,12,0,13,0,13,0,14]
anchor,A2,24:ec:4a:04:39:15,ch=6
ftm_report,A2,0,0,-1.000
[0;32mI (543894) TAG: STA connected to 24:ec:4a:03:56:41, ch=11 (sec=0)[0m
csi_data,A3,[0,0,9,10,9,10,9,9,9,9,9,9,9,8,9,8,9,7,8,7,9,6,9,6,9,5,9,5,9,5,9,5,9,5,9,5,9,5,9,5,8,5,8,6,7,6,7,6,6,6,6,6,5,6,0,0,0,0,0,0,0,0,0,0,0,0,0,0,0,0,0,0,0,0,0,0,10,7,9,7,9,9,9,9,9,10,8,11,8,11,8,12,7,12,7,12,7,12,6,12,6,12,6,12,6,11,7,11,7,11,7,11,8,10,8,10,9,10,9,10,9,10,10,10,10,10,10,10]
anchor,A3,24:ec:4a:03:56:41,ch=11
ftm_report,A3,18,18,2.700
[0;32mI (544744) TAG: STA connected to 24:ec:4a:03:58:5d, ch=1 (sec=0)[0m
anchor,A1,24:ec:4a:03:58:5d,ch=1
ftm_report,A1,2,2,0.300
csi_data,A1,[0,0,4,-14,4,-15,4,-14,4,-15,3,-14,3,-14,3,-14,2,-14,2,-14,1,-14,0,-15,0,-14,0,-15,0,-15,0,-15,-1,-15,0,-16,0,-16,1,-16,2,-16,2,-16,3,-15,3,-14,4,-14,4,-13,5,-13,0,0,0,0,0,0,0,0,0,0,0,0,0,0,0,0,0,0,0,0,0,0,4,-10,5,-10,5,-10,6,-10,6,-10,7,-10,7,-9,8,-9,8,-9,8,-9,8,-9,7,-9,7,-9,7,-9,7,-9,6,-10,6,-10,6,-11,5,-11,5,-11,5,-12,5,-13,5,-13,4,-14,4,-14,4,-14]
[0;32mI (545594) TAG: STA connected to 24:ec:4a:04:39:15, ch=6 (sec=0)[0m
anchor,A2,24:ec:4a:04:39:15,ch=6
ftm_report,A2,0,0,-1.000
csi_data,A2,[0,0,13,7,12,7,12,7,12,6,12,6,12,5,12,5,12,4,11,4,11,3,12,3,12,2,12,2,12,2,12,2,12,3,12,2,12,3,12,3,12,3,11,3,11,4,10,4,9,4,9,5,9,5,0,0,0,0,0,0,0,0,0,0,0,0,0,0,0,0,0,0,0,0,0,0,10,4,10,5,10,6,10,6,10,7,10,8,10,8,10,8,9,9,9,9,9,9,9,9,9,9,9,8,9,8,9,8,9,8,10,7,10,7,11,7,11,6,12,7,12,6,12,7,13,7,13,7]
[0;32mI (546444) TAG: STA connected to 24:ec:4a:03:56:41, ch=11 (sec=0)[0m
anchor,A3,24:ec:4a:03:56:41,ch=11
ftm_report,A3,15,15,2.250
csi_data,A3,[0,0,14,-4,13,-4,13,-4,12,-4,12,-4,12,-4,11,-4,11,-5,10,-5,10,-5,10,-6,9,-6,9,-6,9,-6,9,-7,9,-7,9,-6,9,-6,9,-6,9,-6,9,-5,9,-5,8,-4,8,-3,8,-3,8,-3,0,0,0,0,0,0,0,0,0,0,0,0,0,0,0,0,0,0,0,0,0,0,11,-5,12,-4,12,-4,13,-3,13,-3,14,-2,14,-1,14,-1,14,0,14,0,14,1,14,1,14,1,13,0,13,0,13,0,13,-1,13,-2,13,-2,13,-2,13,-3,14,-3,14,-3,14,-3,14,-3,14,-4]
[0;32mI (547304) TAG: STA connected to 24:ec:4a:03:58:5d, ch=1 (sec=0)[0m
anchor,A1,24:ec:4a:03:58:5d,ch=1
ftm_report,A1,8,8,1.200
csi_data,A1,[0,0,-14,-5,-14,-5,-14,-4,-14,-5,-14,-4,-14,-4,-14,-3,-14,-3,-14,-2,-14,-2,-14,-2,-14,-1,-14,-1,-14,-1,-15,-1,-15,-1,-15,-1,-15,-1,-15,-2,-15,-3,-15,-3,-15,-4,-14,-4,-13,-5,-12,-6,-12,-6,0,0,0,0,0,0,0,0,0,0,0,0,0,0,0,0,0,0,0,0,0,0,-10,-5,-9,-5,-10,-6,-10,-6,-10,-7,-9,-7,-9,-8,-9,-8,-9,-8,-9,-8,-9,-9,-9,-8,-9,-8,-9,-8,-9,-7,-10,-7,-10,-6,-10,-6,-11,-6,-11,-6,-12,-5,-12,-5,-13,-5,-13,-5,-14,-5,-14,-5]
[0;32mI (548154) TAG: STA connected to 24:ec:4a:04:39:15, ch=6 (sec=0)[0m
anchor,A2,24:ec:4a:04:39:15,ch=6
ftm_report,A2,0,0,-1.000
[0;32mI (549004) TAG: STA connected to 24:ec:4a:03:56:41, ch=11 (sec=0)[0m
csi_data,A3,[0,0,9,11,9,10,9,10,9,10,9,9,9,9,9,8,9,7,9,7,9,6,9,6,9,6,9,5,9,5,9,5,10,5,9,5,9,5,9,5,8,6,8,6,8,6,7,6,6,6,6,6,5,6,0,0,0,0,0,0,0,0,0,0,0,0,0,0,0,0,0,0,0,0,0,0,9,8,9,9,9,10,8,10,8,11,8,12,7,12,7,12,7,13,6,13,6,13,5,13,6,13,6,12,6,12,6,12,7,12,7,11,8,11,8,11,8,11,9,11,9,11,9,11,9,11,10,11]
anchor,A3,24:ec:4a:03:56:41,ch=11
ftm_report,A3,15,15,2.250
[0;32mI (549864) TAG: STA connected to 24:ec:4a:03:58:5d, ch=1 (sec=0)[0m
csi_data,A1,[0,0,-14,-5,-14,-5,-15,-5,-14,-4,-15,-4,-14,-3,-14,-3,-14,-3,-14,-2,-14,-2,-15,-1,-14,-1,-15,-1,-15,0,-15,0,-16,0,-15,0,-16,-1,-16,-1,-16,-2,-16,-3,-15,-4,-14,-4,-14,-4,-13,-5,-13,-6,0,0,0,0,0,0,0,0,0,0,0,0,0,0,0,0,0,0,0,0,0,0,-9,-5,-10,-6,-9,-6,-10,-7,-9,-7,-10,-8,-9,-8,-9,-8,-9,-9,-9,-9,-9,-9,-9,-9,-9,-8,-9,-8,-10,-8,-10,-7,-10,-7,-10,-6,-11,-7,-12,-6,-12,-6,-13,-6,-12,-5,-14,-5,-14,-5,-14,-5]
anchor,A1,24:ec:4a:03:58:5d,ch=1
ftm_report,A1,4,4,0.600
[0;32mI (550724) TAG: STA connected to 24:ec:4a:04:39:15, ch=6 (sec=0)[0m
anchor,A2,24:ec:4a:04:39:15,ch=6
ftm_report,A2,0,0,-1.000
csi_data,A2,[0,0,-11,10,-11,10,-10,10,-10,10,-10,10,-10,10,-9,10,-9,10,-8,10,-7,10,-7,10,-6,10,-6,10,-6,10,-6,11,-6,11,-7,11,-6,11,-7,11,-7,10,-8,10,-8,9,-8,9,-8,8,-8,8,-8,7,0,0,0,0,0,0,0,0,0,0,0,0,0,0,0,0,0,0,0,0,0,0,-8,9,-8,8,-9,8,-10,8,-10,8,-11,7,-12,7,-12,6,-12,6,-12,6,-12,6,-12,6,-12,6,-11,6,-11,6,-11,7,-11,7,-11,8,-11,8,-10,8,-11,9,-11,9,-11,10,-10,10,-10,10,-10,10]
[0;32mI (551574) TAG: STA connected to 24:ec:4a:03:56:41, ch=11 (sec=0)[0m
anchor,A3,24:ec:4a:03:56:41,ch=11
ftm_report,A3,15,15,2.250
csi_data,A3,[0,0,-15,0,-15,0,-14,0,-14,0,-14,0,-13,1,-13,1,-13,2,-12,2,-12,2,-12,2,-11,3,-11,3,-11,3,-11,4,-11,4,-11,4,-11,3,-11,3,-11,3,-11,3,-10,2,-10,1,-10,1,-9,1,-9,0,0,0,0,0,0,0,0,0,0,0,0,0,0,0,0,0,0,0,0,0,0,0,-13,1,-13,0,-14,-1,-14,-1,-15,-2,-15,-3,-15,-3,-15,-4,-15,-4,-15,-5,-15,-5,-14,-5,-14,-5,-14,-5,-14,-4,-14,-4,-14,-3,-14,-3,-14,-3,-15,-2,-15,-2,-15,-1,-16,-1,-16,-1,-16,-1,-15,0]
[0;32mI (552494) TAG: STA connected to 24:ec:4a:03:58:5d, ch=1 (sec=0)[0m
anchor,A1,24:ec:4a:03:58:5d,ch=1
ftm_report,A1,8,8,1.200
csi_data,A1,[0,0,13,3,13,3,13,3,13,2,13,2,13,2,13,1,13,1,13,0,12,0,13,0,13,-1,13,-1,14,-1,14,-2,14,-1,14,-1,15,-1,14,0,14,1,14,1,14,2,13,2,13,3,12,4,11,4,0,0,0,0,0,0,0,0,0,0,0,0,0,0,0,0,0,0,0,0,0,0,8,3,9,4,9,4,9,5,9,5,9,6,9,6,9,6,9,7,8,7,8,7,8,7,9,6,9,6,9,6,9,5,9,5,9,5,10,4,11,4,11,4,12,3,12,4,13,4,13,3,13,3]
[0;32mI (553354) TAG: STA connected to 24:ec:4a:04:39:15, ch=6 (sec=0)[0m
anchor,A2,24:ec:4a:04:39:15,ch=6
ftm_report,A2,0,0,-1.000
csi_data,A2,[0,0,-11,10,-11,10,-11,10,-10,9,-11,10,-10,9,-9,10,-9,10,-8,9,-7,9,-7,10,-7,10,-7,10,-7,11,-6,10,-7,11,-7,10,-7,11,-7,10,-8,10,-8,9,-8,9,-8,8,-8,8,-8,7,-9,6,0,0,0,0,0,0,0,0,0,0,0,0,0,0,0,0,0,0,0,0,0,0,-8,8,-9,9,-9,8,-10,8,-10,7,-11,8,-12,7,-12,7,-12,6,-12,6,-12,6,-12,6,-12,6,-12,6,-11,6,-11,6,-11,7,-10,7,-11,8,-11,8,-11,9,-11,9,-11,10,-11,10,-11,10,-11,10]
[0;32mI (554204) TAG: STA connected to 24:ec:4a:03:56:41, ch=11 (sec=0)[0m
anchor,A3,24:ec:4a:03:56:41,ch=11
ftm_report,A3,17,17,2.550
csi_data,A3,[0,0,-16,1,-15,1,-15,1,-14,1,-14,1,-14,2,-13,2,-13,2,-12,3,-12,3,-12,4,-11,4,-11,4,-11,4,-11,4,-11,4,-11,4,-11,4,-11,4,-11,3,-11,3,-11,2,-11,2,-10,1,-10,1,-10,0,0,0,0,0,0,0,0,0,0,0,0,0,0,0,0,0,0,0,0,0,0,0,-13,2,-14,2,-14,1,-14,0,-15,-1,-15,-1,-15,-2,-15,-2,-15,-3,-15,-3,-15,-3,-15,-3,-15,-3,-14,-3,-14,-3,-14,-3,-14,-2,-14,-1,-15,-1,-15,-1,-15,0,-15,0,-15,1,-15,1,-16,1,-16,1]
[0;32mI (555074) TAG: STA connected to 24:ec:4a:03:58:5d, ch=1 (sec=0)[0m
anchor,A1,24:ec:4a:03:58:5d,ch=1
ftm_report,A1,2,2,0.300
[0;32mI (555924) TAG: STA connected to 24:ec:4a:04:39:15, ch=6 (sec=0)[0m
csi_data,A2,[0,0,3,15,2,13,3,14,3,13,3,13,3,12,3,12,4,12,4,12,4,11,5,11,5,11,5,10,6,11,6,10,6,11,5,10,6,11,6,11,5,11,5,11,4,11,3,10,2,11,2,10,1,10,0,0,0,0,0,0,0,0,0,0,0,0,0,0,0,0,0,0,0,0,0,0,2,10,2,11,1,11,1,12,0,12,0,13,-1,13,-1,13,-1,13,-2,12,-2,13,-2,13,-2,12,-2,12,-1,12,-1,12,0,12,0,12,1,13,1,13,2,13,2,13,2,13,2,14,2,14,3,14]
anchor,A2,24:ec:4a:04:39:15,ch=6
ftm_report,A2,0,0,-1.000
[0;32mI (556784) TAG: STA connected to 24:ec:4a:03:56:41, ch=11 (sec=0)[0m
csi_data,A3,[0,0,-8,-13,-8,-13,-8,-13,-7,-12,-8,-12,-8,-11,-8,-11,-8,-10,-8,-10,-8,-9,-9,-9,-9,-8,-9,-8,-9,-8,-9,-8,-9,-8,-9,-8,-9,-8,-9,-8,-8,-8,-8,-8,-7,-8,-6,-8,-6,-8,-5,-8,-4,-8,0,0,0,0,0,0,0,0,0,0,0,0,0,0,0,0,0,0,0,0,0,0,-9,-10,-8,-11,-8,-11,-7,-12,-7,-13,-6,-13,-6,-14,-5,-anchor,A3,24:ec:4a:03:56:41,ch=11
ftm_report,A3,18,18,2.700
14,-5,-15,-5,-14,-4,-14,-4,-14,-4,-14,-4,-14,-4,-13,-5,-13,-5,-13,-6,-13,-6,-13,-6,-13,-7,-13,-7,-13,-8,-13,-8,-13,-8,-13,-8,-13]
[0;32mI (557644) TAG: STA connected to 24:ec:4a:03:58:5d, ch=1 (sec=0)[0m
anchor,A1,24:ec:4a:03:58:5d,ch=1
ftm_report,A1,4,4,0.600
csi_data,A1,[0,0,-2,14,-2,13,-2,14,-1,13,-1,14,-1,13,0,13,0,13,0,13,1,12,2,13,2,12,2,13,3,13,3,13,3,14,3,14,2,14,2,14,1,14,1,14,0,14,-1,13,-1,13,-2,13,-3,12,0,0,0,0,0,0,0,0,0,0,0,0,0,0,0,0,0,0,0,0,0,0,-3,9,-4,10,-4,9,-5,10,-5,10,-6,10,-6,10,-6,10,-7,10,-6,9,-7,10,-6,10,-6,10,-6,10,-6,10,-5,10,-5,10,-4,10,-4,11,-4,11,-3,12,-3,12,-3,12,-2,13,-2,13,-2,14]
[0;32mI (558504) TAG: STA connected to 24:ec:4a:04:39:15, ch=6 (sec=0)[0m
anchor,A2,24:ec:4a:04:39:15,ch=6
ftm_report,A2,0,0,-1.000
csi_data,A2,[0,0,-14,7,-14,6,-13,6,-13,6,-13,6,-12,6,-12,6,-11,7,-11,7,-10,7,-10,7,-10,8,-10,8,-10,8,-10,8,-10,8,-10,8,-10,8,-11,8,-11,7,-11,7,-11,6,-11,5,-11,5,-11,4,-11,4,0,0,0,0,0,0,0,0,0,0,0,0,0,0,0,0,0,0,0,0,0,0,-10,6,-11,6,-11,5,-12,5,-12,4,-13,4,-13,4,-13,3,-13,3,-13,2,-13,2,-13,2,-13,2,-13,2,-13,3,-12,3,-13,4,-12,4,-13,4,-13,5,-13,5,-13,6,-13,6,-13,6,-14,7,-14,7]
[0;32mI (559354) TAG: STA connected to 24:ec:4a:03:56:41, ch=11 (sec=0)[0m
anchor,A3,24:ec:4a:03:56:41,ch=11
ftm_report,A3,15,15,2.250
csi_data,A3,[0,0,14,-2,14,-2,13,-2,13,-2,13,-3,12,-3,12,-3,11,-4,11,-4,11,-5,10,-5,10,-5,10,-5,10,-5,10,-6,10,-6,10,-5,10,-5,10,-5,10,-5,10,-4,10,-3,9,-3,9,-2,8,-2,8,-1,0,0,0,0,0,0,0,0,0,0,0,0,0,0,0,0,0,0,0,0,0,0,12,-3,12,-3,13,-2,13,-1,14,-1,14,0,14,1,14,1,14,2,14,2,14,2,14,2,14,2,13,2,13,2,13,1,13,1,13,0,13,0,14,-1,14,-1,14,-1,14,-2,15,-2,14,-2,14,-2]
[0;32mI (560214) TAG: STA connected to 24:ec:4a:03:58:5d, ch=1 (sec=0)[0m
anchor,A1,24:ec:4a:03:58:5d,ch=1
ftm_report,A1,6,6,0.900
csi_data,A1,[0,0,4,-14,3,-14,3,-14,3,-14,3,-14,2,-14,2,-14,1,-14,1,-14,0,-14,0,-14,0,-14,-1,-14,-1,-14,-1,-15,-1,-15,-1,-15,0,-15,0,-15,1,-15,1,-15,2,-15,3,-14,3,-13,4,-13,5,-12,0,0,0,0,0,0,0,0,0,0,0,0,0,0,0,0,0,0,0,0,0,0,4,-10,4,-10,5,-10,5,-10,6,-10,6,-10,6,-10,7,-10,7,-10,7,-9,7,-10,7,-9,7,-9,6,-10,6,-10,6,-10,5,-10,5,-11,5,-11,4,-12,4,-12,4,-13,4,-13,4,-13,4,-14,4,-14]
[0;32mI (561064) TAG: STA connected to 24:ec:4a:04:39:15, ch=6 (sec=0)[0m
anchor,A2,24:ec:4a:04:39:15,ch=6
ftm_report,A2,0,0,-1.000
[0;32mI (561924) TAG: STA connected to 24:ec:4a:03:56:41, ch=11 (sec=0)[0m
csi_data,A3,[0,0,-15,-5,-14,-4,-14,-4,-13,-4,-13,-4,-13,-3,-13,-3,-13,-2,-12,-2,-12,-1,-12,-1,-12,0,-12,0,-12,0,-12,0,-12,0,-12,0,-12,0,-12,0,-11,-1,-11,-1,-11,-2,-10,-2,-10,-2,-9,-2,-9,-3,0,0,0,0,0,0,0,0,0,0,0,0,0,0,0,0,0,0,0,0,0,0,-13,-2,-13,-3,-13,-4,-13,-5,-13,-5,-14,-7,-13,-7,-13,-7,-13,-8,-12,-8,-13,-8,-13,-8,-12,-8,-12,-8,-13,-8,-12,-7,-13,-7,-13,-6,-13,-6,-13,-5,-14,-5,-14,-5,-14,-5,-15,-5,-15,-5,-15,-4]
anchor,A3,24:ec:4a:03:56:41,ch=11
ftm_report,A3,16,16,2.400
[0;32mI (562834) TAG: STA connected to 24:ec:4a:03:58:5d, ch=1 (sec=0)[0m
csi_data,A1,[0,0,-15,1,-15,2,-15,2,-15,2,-14,2,-14,2,-14,3,-14,3,-14,3,-13,4,-13,5,-13,5,-13,5,-14,6,-14,6,-14,6,-15,6,-15,5,-15,5,-15,4,-15,3,-15,2,-15,2,-14,1,-14,0,-14,-1,0,0,0,0,0,0,0,0,0,0,0,0,0,0,0,0,0,0,0,0,0,0,-11,0,-11,-1,-12,-1,-12,-2,-12,-2,-12,-3,-12,-3,-12,-3,-12,-4,-12,-4,-12,-4,-12,-4,-12,-4,-12,-3,-12,-3,-12,-2,-12,-2,-12,-1,-13,-1,-13,-1,-13,0,-14,0,-14,1,-14,1,-15,1,-15,1]
anchor,A1,24:ec:4a:03:58:5d,ch=1
ftm_report,A1,4,4,0.600
[0;32mI (563694) TAG: STA connected to 24:ec:4a:04:39:15, ch=6 (sec=0)[0m
anchor,A2,24:ec:4a:04:39:15,ch=6
ftm_report,A2,0,0,-1.000
csi_data,A2,[0,0,11,9,11,9,10,9,11,9,11,8,10,7,10,7,10,7,10,6,11,6,11,5,11,4,11,4,11,4,11,4,11,4,11,5,11,5,11,5,11,6,10,6,10,6,9,6,9,6,8,6,7,7,0,0,0,0,0,0,0,0,0,0,0,0,0,0,0,0,0,0,0,0,0,0,9,6,9,7,8,8,8,8,8,9,8,10,8,10,7,10,7,11,7,11,7,11,7,11,7,10,7,10,7,10,7,10,8,9,8,9,9,9,9,9,9,9,10,9,11,9,11,9,11,9,11,9]
[0;32mI (564564) TAG: STA connected to 24:ec:4a:03:56:41, ch=11 (sec=0)[0m
anchor,A3,24:ec:4a:03:56:41,ch=11
ftm_report,A3,16,16,2.400
csi_data,A3,[0,0,13,4,13,3,13,3,13,3,12,2,12,2,12,1,11,1,11,1,11,0,11,-1,11,-1,11,-1,10,-1,11,-2,11,-1,11,-1,11,-1,11,-1,10,0,10,0,10,1,9,1,9,1,8,1,8,2,0,0,0,0,0,0,0,0,0,0,0,0,0,0,0,0,0,0,0,0,0,0,12,1,12,2,12,3,12,4,13,4,12,5,12,6,12,6,12,7,12,7,12,7,11,7,11,7,11,6,11,6,11,6,11,6,12,5,12,5,12,5,13,4,13,4,14,4,14,4,14,4,14,3]
[0;32mI (565414) TAG: STA connected to 24:ec:4a:03:58:5d, ch=1 (sec=0)[0m
anchor,A1,24:ec:4a:03:58:5d,ch=1
ftm_report,A1,2,2,0.300
csi_data,A1,[0,0,14,0,13,-1,14,-1,13,-1,13,-1,13,-2,13,-2,13,-2,12,-3,12,-3,12,-4,12,-4,12,-4,13,-5,13,-5,13,-5,13,-5,14,-5,14,-4,14,-4,14,-3,14,-2,13,-2,13,-1,12,0,12,1,0,0,0,0,0,0,0,0,0,0,0,0,0,0,0,0,0,0,0,0,0,0,10,1,10,1,10,2,10,2,10,3,11,3,10,4,10,4,10,4,10,5,10,5,10,4,10,4,10,4,10,4,10,3,11,3,11,2,11,2,12,1,12,1,12,1,13,0,13,0,13,0,14,0]
[0;32mI (566304) TAG: STA connected to 24:ec:4a:04:39:15, ch=6 (sec=0)[0m
anchor,A2,24:ec:4a:04:39:15,ch=6
ftm_report,A2,0,0,-1.000
csi_data,A2,[0,0,-12,-10,-12,-10,-11,-10,-11,-9,-11,-9,-11,-9,-11,-8,-11,-8,-11,-7,-11,-7,-11,-6,-12,-6,-12,-6,-12,-5,-12,-6,-12,-6,-12,-6,-12,-6,-12,-6,-11,-6,-11,-7,-10,-7,-10,-7,-9,-7,-9,-7,-8,-8,0,0,0,0,0,0,0,0,0,0,0,0,0,0,0,0,0,0,0,0,0,0,-9,-7,-9,-8,-9,-9,-9,-10,-8,-10,-9,-11,-8,-11,-8,-11,-8,-12,-7,-11,-7,-12,-7,-12,-7,-11,-7,-11,-8,-11,-7,-11,-8,-11,-8,-10,-9,-10,-10,-10,-10,-10,-10,-10,-11,-10,-11,-10,-12,-10,-12,-10]
[0;32mI (567184) TAG: STA connected to 24:ec:4a:03:56:41, ch=11 (sec=0)[0m
anchor,A3,24:ec:4a:03:56:41,ch=11
ftm_report,A3,16,16,2.400
csi_data,A3,[0,0,10,-11,9,-10,9,-10,9,-10,8,-10,8,-10,7,-10,7,-10,6,-10,5,-10,5,-10,5,-10,4,-10,4,-11,4,-1I (568044) TAG: STA connected to 24:ec:4a:03:58:5d, ch=1 (sec=0)
0,4,-11,4,-10,4,-10,5,-10,5,-10,5,-9,5,-9,5,-8,5,-7,5,-7,6,-6,0,0,0,0,0,0,0,0,0,0,0,0,0,0,0,0,0,0,0,0,0,0,7,-11,8,-11,8,-10,9,-10,10,-10,11,-10,11,-9,12,-9,12,-8,12,-8,12,-8,12,-8,12,-7,11,-7,11,-8,11,-8,11,-8,10,-8,10,-9,10,-9,10,-10,10,-10,10,-10,10,-11,10,-11,10,-11]
anchor,A1,24:ec:4a:03:58:5d,ch=1
ftm_report,A1,3,3,0.450
[0;32mI (568894) TAG: STA connected to 24:ec:4a:04:39:15, ch=6 (sec=0)[0m
csi_data,A2,[0,0,-15,3,-15,3,-15,3,-14,3,-14,3,-14,3,-13,4,-13,4,-12,4,-12,5,-12,5,-12,5,-11,6,-11,6,-11,6,-11,6,-12,6,-12,6,-12,5,-12,5,-12,4,-12,3,-12,3,-11,3,-11,2,-11,1,0,0,0,0,0,0,0,0,0,0,0,0,0,0,0,0,0,0,0,0,0,0,-11,3,-12,3,-12,2,-13,2,-13,1,-14,1,-14,0,-14,0,-14,0,-14,-1,-14,-1,-14,-1,-14,-1,-13,-1,-13,0,-13,0,-13,0,-13,1,-14,1,-14,2,-14,2,-14,3,-14,3,-15,3,-15,3,-15,3]
[0;32mI (569914) esp_netif_handlers: sta ip: 192.168.4.2, mask: 255.255.255.0, gw: 192.168.4.1[0m
csi_data,A2,[0,0,-4,14,-5,14,-4,14,-4,13,-4,13,-4,13,-3,13,-2,12,-2,13,-2,12,-1,12,-1,12,0,12,0,12,0,12,-1,12,-1,12,-1,13,-1,13,-2,12,-2,12,-3,12,-3,11,-3,10,-3,10,-4,10,0,0,0,0,0,0,0,0,0,0,0,0,0,0,0,0,0,0,0,0,0,0,-2,11,-3,11,-4,11,-5,11,-5,11,-6,12,-6,12,-7,11,-7,11,-7,11,-7,11,-7,11,-7,11,-7,11,-7,11,-6,11,-6,11,-5,11,-5,12,-5,12,-5,12,-5,13,-4,14,-4,14,-4,14,-4,14]
[0;33mW (570644) TAG: FTM to A2 failed (ESP_FAIL), streak=1[0m
[0;32mI (571244) TAG: STA connected to 24:ec:4a:03:56:41, ch=11 (sec=0)[0m
anchor,A3,24:ec:4a:03:56:41,ch=11
ftm_report,A3,18,18,2.700
csi_data,A3,[0,0,4,14,4,13,4,13,4,12,4,12,4,11,5,11,5,10,5,10,6,9,6,9,6,9,6,9,7,8,7,9,7,9,6,9,6,9,6,9,6,9,5,9,4,9,4,8,3,8,3,8,2,8,0,0,0,0,0,0,0,0,0,0,0,0,0,0,0,0,0,0,0,0,0,0,5,11,5,11,4,12,4,13,3,13,2,14,2,14,1,14,1,14,0,14,0,14,0,14,0,14,0,13,1,13,1,13,1,13,2,13,2,13,3,13,3,13,4,13,4,14,4,14,4,14,4,14]
[0;32mI (572104) TAG: STA connected to 24:ec:4a:03:58:5d, ch=1 (sec=0)[0m
anchor,A1,24:ec:4a:03:58:5d,ch=1
ftm_report,A1,7,7,1.050
[0;32mI (572954) TAG: STA connected to 24:ec:4a:04:39:15, ch=6 (sec=0)[0m
csi_data,A2,[0,0,9,12,9,11,9,11,9,10,9,10,9,10,9,9,9,9,9,8,9,8,9,8,9,7,9,7,10,7,10,7,10,7,10,7,10,8,10,8,9,8,9,8,8,8,7,8,7,8,6,9,5,9,0,0,0,0,0,0,0,0,0,0,0,0,0,0,0,0,0,0,0,0,0,0,7,8,7,8,7,9,7,10,6,10,6,11,6,11,6,11,5,12,5,11,4,12,4,12,5,11,5,11,5,11,5,11,6,11,6,10,7,11,7,10,8,11,8,11,8,11,9,11,9,11,9,11]
anchor,A2,24:ec:4a:04:39:15,ch=6
ftm_report,A2,0,0,-1.000
[0;32mI (573804) TAG: STA connected to 24:ec:4a:03:56:41, ch=11 (sec=0)[0m
csi_data,A3,[0,0,3,-15,2,-15,2,-14,2,-14,1,-14,1,-13,1,-13,0,-13,0,-12,-1,-12,-1,-12,-2,-12,-2,-12,-2,-11,-3,-12,-2,-12,-2,-12,-2,-12,-2,-12,-2,-11,-1,-11,0,-11,0,-10,0,-10,0,-9,1,-9,0,0,0,0,0,0,0,0,0,0,0,0,0,0,0,0,0,0,0,0,0,0,1,-13,1,-13,2,-14,3,-14,4,-14,4,-14,5,-14,6,-14,6,-14,7,-14,7,-13,7,-13,6,-13,6,-13,6,-13,5,-13,5,-13,4,-14,4,-14,4,-14,3,-14,3,-15,3,-15,3,-15,3,-15,2,-15]
anchor,A3,24:ec:4a:03:56:41,ch=11
ftm_report,A3,18,18,2.700
[0;32mI (574724) TAG: STA connected to 24:ec:4a:03:58:5d, ch=1 (sec=0)[0m
anchor,A1,24:ec:4a:03:58:5d,ch=1
ftm_report,A1,4,4,0.600
csi_data,A1,[0,0,-15,0,-15,0,-15,0,-15,0,-15,0,-15,0,-15,1,-14,1,-14,2,-14,2,-14,3,-14,3,-14,3,-14,4,-14,4,-15,4,-15,4,-15,3,-15,3,-15,2,-15,2,-15,1,-15,0,-14,-1,-14,-1,-13,-2,0,0,0,0,0,0,0,0,0,0,0,0,0,0,0,0,0,0,0,0,0,0,-11,-1,-11,-2,-11,-2,-11,-3,-12,-3,-12,-4,-12,-4,-12,-5,-12,-5,-12,-5,-12,-5,-12,-5,-12,-5,-12,-4,-12,-4,-12,-4,-12,-3,-12,-3,-13,-2,-13,-2,-13,-2,-14,-1,-14,-1,-14,-1,-15,-1,-15,0]
[0;32mI (575584) TAG: STA connected to 24:ec:4a:04:39:15, ch=6 (sec=0)[0m
anchor,A2,24:ec:4a:04:39:15,ch=6
ftm_report,A2,0,0,-1.000
csi_data,A2,[0,0,-12,-10,-12,-10,-11,-10,-12,-10,-11,-9,-11,-9,-11,-8,-11,-8,-11,-7,-12,-7,-12,-7,-11,-6,-12,-6,-12,-6,-12,-6,-12,-5,-12,-6,-12,-6,-12,-7,-12,-7,-11,-7,-11,-7,-10,-8,-9,-8,-9,-8,-8,-8,0,0,0,0,0,0,0,0,0,0,0,0,0,0,0,0,0,0,0,0,0,0,-10,-7,-9,-8,-9,-9,-9,-9,-9,-10,-9,-11,-9,-11,-8,-11,-8,-12,-8,-12,-7,-12,-7,-12,-7,-12,-7,-11,-8,-11,-8,-11,-9,-10,-9,-11,-9,-10,-10,-10,-10,-10,-11,-10,-11,-10,-12,-10,-11,-10,-12,-10]
[0;32mI (576464) TAG: STA connected to 24:ec:4a:03:56:41, ch=11 (sec=0)[0m
anchor,A3,24:ec:4a:03:56:41,ch=11
ftm_report,A3,18,18,2.700
csi_data,A3,[0,0,-14,-7,-13,-6,-13,-6,-12,-6,-13,-6,-12,-5,-12,-5,-12,-4,-12,-3,-11,-3,-12,-2,-12,-2,-12,-2,-12,-2,-11,-1,-12,-1,-12,-2,-12,-2,-12,-2,-11,-2,-11,-3,-10,-3,-10,-3,-9,-4,-9,-4,-8,-4,0,0,0,0,0,0,0,0,0,0,0,0,0,0,0,0,0,0,0,0,0,0,-12,-4,-12,-5,-12,-6,-13,-7,-12,-7,-13,-8,-12,-9,-12,-9,-12,-10,-11,-10,-11,-10,-11,-10,-11,-10,-11,-10,-11,-9,-11,-9,-11,-9,-11,-8,-12,-8,-12,-8,-13,-7,-13,-7,-13,-7,-13,-7,-14,-7,-14,-7]
[0;32mI (577314) TAG: STA connected to 24:ec:4a:03:58:5d, ch=1 (sec=0)[0m
anchor,A1,24:ec:4a:03:58:5d,ch=1
ftm_report,A1,4,4,0.600
csi_data,A1,[0,0,6,-14,6,-14,5,-14,5,-14,5,-13,5,-13,4,-13,4,-13,3,-13,3,-13,2,-14,2,-14,2,-14,1,-14,1,-14,1,-15,2,-15,2,-15,3,-15,3,-15,4,-14,5,-14,5,-13,5,-13,5,-12,6,-11,0,0,0,0,0,0,0,0,0,0,0,0,0,0,0,0,0,0,0,0,0,0,5,-9,6,-9,6,-9,7,-9,7,-9,8,-9,8,-9,8,-8,9,-8,9,-8,9,-9,8,-8,8,-8,8,-9,8,-9,7,-9,7,-9,7,-10,7,-10,7,-11,7,-11,6,-12,6,-12,6,-13,6,-13,6,-14]
[0;32mI (578174) TAG: STA connected to 24:ec:4a:04:39:15, ch=6 (sec=0)[0m
anchor,A2,24:ec:4a:04:39:15,ch=6
ftm_report,A2,0,0,-1.000
csi_data,A2,[0,0,-8,13,-7,13,-8,12,-7,12,-7,12,-7,12,-6,12,-5,11,-5,11,-4,12,-4,12,-3,12,-3,12,-3,12,-3,12,-3,12,-3,12,-3,12,-4,12,-4,12,-5,11,-5,11,-5,10,-5,10,-5,9,-6,9,0,0,0,0,0,0,0,0,0,0,0,0,0,0,0,0,0,0,0,0,0,0,-5,10,-6,10,-7,10,-7,10,-8,10,-9,10,-9,10,-10,9,-10,9,-10,9,-10,9,-10,9,-9,9,-9,9,-9,9,-9,9,-8,10,-8,10,-8,10,-8,11,-8,11,-8,12,-7,12,-7,12,-7,13,-7,13]
[0;32mI (579064) TAG: STA connected to 24:ec:4a:03:56:41, ch=11 (sec=0)[0m
anchor,A3,24:ec:4a:03:56:41,ch=11
ftm_report,A3,16,16,2.400
[0;32mI (579914) TAG: STA connected to 24:ec:4a:03:58:5d, ch=1 (sec=0)[0m
csi_data,A1,[0,0,11,9,11,9,11,9,11,8,11,8,11,8,11,8,11,7,11,7,11,6,12,6,12,5,12,5,13,5,13,5,13,6,13,6,13,6,13,7,12,7,12,8,11,8,10,8,10,9,9,9,8,9,0,0,0,0,0,0,0,0,0,0,0,0,0,0,0,0,0,0,0,0,0,0,7,7,7,7,7,8,7,9,7,9,7,10,6,10,6,10,5,10,5,10,5,11,6,10,6,10,6,10,6,10,6,9,7,9,7,9,8,9,8,9,9,9,9,9,9,9,10,9,11,9,11,9]
anchor,A1,24:ec:4a:03:58:5d,ch=1
ftm_report,A1,3,3,0.450
[0;32mI (580774) TAG: STA connected to 24:ec:4a:04:39:15, ch=6 (sec=0)[0m
csi_data,A2,[0,0,12,-10,11,-10,11,-9,11,-10,10,-10,10,-9,10,-9,9,-9,9,-9,8,-10,8,-10,7,-10,7,-10,7,-10,7,-11,7,-11,7,-11,7,-11,8,-10,8,-10,8,-9,8,-9,8,-8,8,-8,8,-7,8,-7,0,0,0,0,0,0,0,0,0,0,0,0,0,0,0,0,0,0,0,0,0,0,8,-9,8,-8,9,-8,10,-7,10,-7,11,-7,12,-7,12,-6,12,-6,12,-5,12,anchor,A2,24:ec:4a:04:39:15,ch=6
ftm_report,A2,6,6,0.900-
5,12,-5,12,-5,11,-5,11,-6,11,-6,11,-6,11,-7,11,-7,11,-8,11,-8,11,-9,11,-9,11,-10,11,-10,11,-10]
[0;32mI (581644) TAG: STA connected to 24:ec:4a:03:56:41, ch=11 (sec=0)[0m
anchor,A3,24:ec:4a:03:56:41,ch=11
ftm_report,A3,17,17,2.550
csi_data,A3,[0,0,11,9,11,8,10,8,11,7,11,7,10,7,10,6,10,5,10,5,10,4,10,4,10,4,10,3,10,3,11,3,11,3,10,3,10,3,10,3,10,4,9,4,9,4,8,5,7,5,7,5,6,5,0,0,0,0,0,0,0,0,0,0,0,0,0,0,0,0,0,0,0,0,0,0,11,6,10,7,10,8,10,8,10,9,10,10,9,10,9,11,9,11,8,11,8,11,8,11,8,11,8,11,8,10,8,10,8,10,9,9,9,9,10,9,10,9,11,8,11,9,11,9,11,9,12,8]
[0;32mI (582504) TAG: STA connected to 24:ec:4a:03:58:5d, ch=1 (sec=0)[0m
anchor,A1,24:ec:4a:03:58:5d,ch=1
ftm_report,A1,3,3,0.450
csi_data,A1,[0,0,8,11,8,11,8,11,8,11,9,11,8,10,9,10,9,9,9,9,9,8,10,8,10,7,10,7,11,8,11,8,11,8,11,8,11,9,10,9,10,9,9,10,9,10,8,10,8,10,6,10,6,11,0,0,0,0,0,0,0,0,0,0,0,0,0,0,0,0,0,0,0,0,0,0,5,8,5,9,4,9,4,10,4,10,3,11,3,11,2,11,2,11,2,11,2,11,2,11,2,11,3,11,3,11,3,10,4,10,4,10,5,10,5,11,6,10,6,11,7,11,7,11,8,11,8,11]
[0;32mI (583364) TAG: STA connected to 24:ec:4a:04:39:15, ch=6 (sec=0)[0m
[1;31mE (583514) wifi:No FTM Measurements received from responder![0m
[0;33mW (583614) TAG: FTM to A2 failed (ESP_FAIL), streak=1[0m
csi_data,A2,[0,0,-6,-14,-5,-14,-5,-14,-5,-14,-5,-13,-5,-13,-6,-12,-6,-12,-6,-12,-6,-11,-7,-11,-7,-11,-7,-11,-8,-11,-8,-11,-8,-11,-7,-11,-8,-11,-7,-11,-7,-11,-6,-11,-5,-11,-5,-11,-4,-11,-4,-11,-3,-11,0,0,0,0,0,0,0,0,0,0,0,0,0,0,0,0,0,0,0,0,0,0,-5,-11,-5,-11,-4,-11,-4,-12,-3,-12,-3,-13,-3,-13,-2,-14,-2,-14,-1,-13,-1,-14,-1,-14,-1,-13,-1,-13,-2,-13,-2,-13,-3,-13,-3,-13,-4,-13,-4,-13,-4,-13,-5,-13,-5,-14,-5,-14,-5,-14,-5,-15]
[0;32mI (584224) TAG: STA connected to 24:ec:4a:03:56:41, ch=11 (sec=0)[0m
anchor,A3,24:ec:4a:03:56:41,ch=11
ftm_report,A3,18,18,2.700
csi_data,A3,[0,0,5,-14,4,-14,4,-14,4,-13,4,-13,3,-13,3,-13,2,-12,2,-13,1,-12,1,-12,0,-12,0,-12,0,-12,0,-12,0,-12,0,-12,0,-12,0,-12,1,-12,1,-11,2,-11,2,-10,2,-10,3,-9,3,-9,0,0,0,0,0,0,0,0,0,0,0,0,0,0,0,0,0,0,0,0,0,0,3,-13,4,-13,4,-13,5,-13,6,-13,7,-13,8,-13,8,-13,9,-12,9,-12,9,-12,9,-12,8,-11,8,-11,8,-12,7,-12,7,-12,6,-12,6,-12,6,-13,6,-13,6,-14,5,-14,5,-14,5,-14,5,-15]
[0;32mI (585124) TAG: STA connected to 24:ec:4a:03:58:5d, ch=1 (sec=0)[0m
anchor,A1,24:ec:4a:03:58:5d,ch=1
ftm_report,A1,2,2,0.300
[0;32mI (585974) TAG: STA connected to 24:ec:4a:04:39:15, ch=6 (sec=0)[0m
csi_data,A2,[0,0,11,8,11,8,11,8,11,8,11,7,11,7,11,6,11,6,10,5,11,5,11,4,11,4,11,4,11,3,11,3,12,3,11,4,12,4,11,4,11,4,11,5,10,5,9,5,9,5,8,6,8,6,0,0,0,0,0,0,0,0,0,0,0,0,0,0,0,0,0,0,0,0,0,0,9,5,9,6,9,7,9,8,9,8,9,9,8,9,8,9,8,10,7,10,7,10,7,10,7,10,7,9,8,9,8,9,8,9,9,8,9,8,10,8,10,8,11,8,11,8,11,8,11,8,12,8]
anchor,A2,24:ec:4a:04:39:15,ch=6
ftm_report,A2,610,610,91.500
[0;32mI (586994) esp_netif_handlers: sta ip: 192.168.4.2, mask: 255.255.255.0, gw: 192.168.4.1[0m
csi_data,A2,[0,0,8,-13,7,-13,7,-13,7,-13,7,-13,6,-12,6,-12,5,-12,5,-12,4,-12,4,-12,3,-12,3,-12,3,-13,3,-13,3,-13,3,-13,3,-13,4,-13,4,-12,4,-12,5,-11,5,-11,5,-10,5,-10,6,-9,0,0,0,0,0,0,0,0,0,0,0,0,0,0,0,0,0,0,0,0,0,0,5,-11,6,-11,6,-11,7,-10,7,-10,8,-10,9,-10,9,-10,9,-10,9,-9,10,-9,9,-9,9,-9,9,-9,9,-10,8,-10,8,-10,8,-11,8,-11,8,-11,7,-12,8,-12,7,-13,7,-13,7,-13,8,-13]
[0;32mI (587364) TAG: STA connected to 24:ec:4a:03:56:41, ch=11 (sec=0)[0m
anchor,A3,24:ec:4a:03:56:41,ch=11
ftm_report,A3,16,16,2.400
csi_data,A3,[0,0,14,0,14,0,13,0,13,0,13,-1,12,-1,12,-2,12,-2,11,-2,11,-3,11,-3,11,-3,10,-4,10,-4,10,-4,11,-4,11,-4,11,-4,11,-4,10,-3,10,-3,10,-2,9,-1,9,-1,9,-1,8,0,0,0,0,0,0,0,0,0,0,0,0,0,0,0,0,0,0,0,0,0,0,0,12,-2,12,-1,12,0,13,0,13,1,14,2,14,3,14,3,14,3,13,4,13,4,13,4,13,4,13,4,13,3,12,3,13,2,13,2,13,2,13,1,14,1,14,0,14,0,14,0,14,0,14,0]
[0;32mI (588214) TAG: STA connected to 24:ec:4a:03:58:5d, ch=1 (sec=0)[0m
anchor,A1,24:ec:4a:03:58:5d,ch=1
ftm_report,A1,4,4,0.600
csi_data,A1,[0,0,14,-1,14,-2,14,-2,14,-2,14,-2,14,-2,13,-3,13,-3,13,-4,13,-4,13,-5,12,-5,12,-5,13,-6,13,-6,13,-6,14,-6,14,-5,14,-5,14,-4,14,-4,14,-3,14,-2,13,-1,13,-1,12,0,0,0,0,0,0,0,0,0,0,0,0,0,0,0,0,0,0,0,0,0,0,0,10,0,11,0,11,1,11,1,11,2,12,2,12,3,11,3,12,4,12,4,12,4,11,4,11,4,11,3,11,3,12,2,11,2,12,1,12,1,13,0,13,0,13,0,14,-1,14,-1,14,-1,15,-1]
[0;32mI (589074) TAG: STA connected to 24:ec:4a:04:39:15, ch=6 (sec=0)[0m
anchor,A2,24:ec:4a:04:39:15,ch=6
ftm_report,A2,3,3,0.450
[0;32mI (589964) TAG: STA connected to 24:ec:4a:03:56:41, ch=11 (sec=0)[0m
csi_data,A3,[0,0,-8,-13,-9,-12,-8,-12,-8,-12,-8,-11,-8,-11,-8,-10,-8,-10,-8,-9,-9,-9,-9,-8,-9,-8,-9,-8,-9,-7,-10,-7,-10,-8,-10,-8,-9,-8,-9,-8,-9,-8,-8,-8,-7,-8,-7,-8,-6,-8,-6,-8,-5,-8,0,0,0,0,0,0,0,0,0,0,0,0,0,0,0,0,0,0,0,0,0,0,-9,-10,-8,-11,-8,-12,-8,-12,-8,-13,-7,-13,-6,-14,-6,-14,-5,-15,-5,-15,-5,-14,-4,-14,-4,-14,-5,-14,-5,-13,-5,-13,-5,-13,-6,-13,-6,-13,-7,-13,-7,-13,-8,-13,-8,-13,-8,-13,-9,-13,-8,-13]
anchor,A3,24:ec:4a:03:56:41,ch=11
ftm_report,A3,18,18,2.700
[0;32mI (590814) TAG: STA connected to 24:ec:4a:03:58:5d, ch=1 (sec=0)[0m
csi_data,A1,[0,0,9,10,9,10,9,10,10,10,9,9,10,9,10,8,10,8,10,8,10,7,11,7,11,6,11,6,11,6,12,6,12,6,12,7,12,7,12,8,11,8,11,9,10,9,9,9,9,9,8,9,7,9,0,0,0,0,0,0,0,0,0,0,0,0,0,0,0,0,0,0,0,0,0,0,6,8,5,8,5,9,5,9,5,10,4,10,4,10,4,10,4,11,3,11,3,11,3,11,4,10,4,10,4,10,5,10,5,10,6,10,6,10,7,10,7,10,7,10,8,10,9,10,9,10,9,10]
anchor,A1,24:ec:4a:03:58:5d,ch=1
ftm_report,A1,6,6,0.900
[0;32mI (591674) TAG: STA connected to 24:ec:4a:04:39:15, ch=6 (sec=0)[0m
anchor,A2,24:ec:4a:04:39:15,ch=6
ftm_report,A2,0,0,-1.000
csi_data,A2,[0,0,-7,-14,-7,-14,-7,-14,-7,-13,-7,-13,-7,-12,-7,-12,-7,-12,-7,-11,-8,-11,-8,-11,-8,-10,-8,-10,-9,-10,-9,-10,-9,-10,-9,-11,-8,-11,-8,-11,-8,-11,-7,-11,-6,-11,-6,-11,-5,-11,-5,-10,-4,-11,0,0,0,0,0,0,0,0,0,0,0,0,0,0,0,0,0,0,0,0,0,0,-7,-10,-6,-11,-6,-11,-5,-12,-5,-12,-5,-13,-4,-13,-4,-14,-3,-13,-3,-14,-3,-14,-3,-13,-3,-13,-3,-13,-3,-13,-4,-13,-4,-13,-5,-13,-5,-13,-5,-13,-6,-13,-6,-13,-7,-14,-7,-14,-7,-14,-7,-14]
[0;32mI (592554) TAG: STA connected to 24:ec:4a:03:56:41, ch=11 (sec=0)[0m
anchor,A3,24:ec:4a:03:56:41,ch=11
ftm_report,A3,18,18,2.700
csi_data,A3,[0,0,2,14,2,13,2,13,2,13,3,13,3,12,3,11,4,11,4,11,4,10,4,10,5,10,5,9,5,10,5,9,5,10,5,9,5,10,5,10,4,10,4,10,3,9,2,9,2,9,1,8,1,8,0,0,0,0,0,0,0,0,0,0,0,0,0,0,0,0,0,0,0,0,0,0,3,11,3,12,2,12,2,13,1,13,0,14,0,14,-1,14,-1,14,-2,14,-2,14,-2,14,-2,13,-1,13,-1,13,-1,13,-1,13,0,13,0,13,1,13,1,14,2,14,2,14,2,14,2,14,3,14]
[0;32mI (593424) TAG: STA connected to 24:ec:4a:03:58:5d, ch=1 (sec=0)[0m
anchor,A1,24:ec:4a:03:58:5d,ch=1
ftm_report,A1,6,6,0.900
csi_data,A1,[0,0,-11,10,-11,10,-11,10,-11,10,-10,10,-10,10,-10,10,-9,10,-9,10,-8,11,-8,11,-7,11,-7,11,-7,12,-7,12,-8,12,-8,12,-8,12,-9,12,-10,11,-10,11,-10,10,-11,9,-11,9,-11,8,-11,7,0,0,0,0,0,0,0,0,0,0,0,0,0,0,0,0,0,0,0,0,0,0,-8,7,-9,7,-10,6,-10,6,-11,6,-11,6,-12,5,-12,5,-12,4,-12,4,-12,5,-12,5,-11,5,-11,5,-11,5,-11,6,-11,6,-11,6,-11,7,-11,7,-11,7,-11,8,-11,9,-11,9,-11,10,-11,10]
[0;32mI (594284) TAG: STA connected to 24:ec:4a:04:39:15, ch=6 (sec=0)[0m
csi_data,A2,[0,0,-15,-4,-14,-4,-15,-4,-14,-4,-14,-4,-13,-3,-13,-3,-13,-2,-13,-2,-12,-1,-13,-1,-13,-1,-13,0,-13,0,-13,0,-13,0,-13,0,-13,0,-13,-1,-13,-1,-13,-1,-12,-2,-11,-2,-11,-3,-11,-3,-10,-3,0,0,0,0,0,0,0,0,0,0,0,0,0,0,0,0,0,0,0,0,0,0,-11,-3,-12,-4,-11,-5,-12,-5,-12,-6,-12,-7,-12,-7,-12,-7,-12,-8,-11,-8,-11,-8,-11,-8,-11,-8,-11,-8,-11,-7,-11,-7,-12,-6,-12,-6,-13,-6,-13,-5,-13,-5,-14,-5,-14,-4,-14,-4,-14,-4,-15,-5]
[0;32mI (595304) esp_netif_handlers: sta ip: 192.168.4.2, mask: 255.255.255.0, gw: 192.168.4.1[0m
anchor,A2,24:ec:4a:04:39:15,ch=6
ftm_report,A2,0,0,-1.000
csi_data,A2,[0,0,-3,15,-3,14,-3,14,-2,14,-2,14,-2,13,-2,13,-1,13,-1,12,0,12,1,12,1,12,1,12,1,12,2,12,2,12,1,12,1,13,0,13,0,12,-1,12,-1,12,-1,11,-2,11,-2,10,-3,10,0,0,0,0,0,0,0,0,0,0,0,0,0,0,0,0,0,0,0,0,0,0,-1,11,-2,11,-2,11,-3,12,-3,12,-4,12,-5,12,-5,12,-6,12,-6,12,-6,12,-6,12,-5,12,-5,11,-5,11,-5,11,-4,12,-4,12,-3,12,-4,13,-3,13,-3,13,-2,14,-2,14,-2,15,-2,15]
[0;32mI (596174) TAG: STA connected to 24:ec:4a:03:56:41, ch=11 (sec=0)[0m
anchor,A3,24:ec:4a:03:56:41,ch=11
ftm_report,A3,15,15,2.250
csi_data,A3,[0,0,15,-2,14,-2,13,-2,13,-2,13,-2,12,-2,12,-3,11,-3,11,-4,11,-4,10,-4,10,-5,10,-5,10,-5,10,-5,10,-6,10,-5,10,-5,10,-5,10,-4,10,-4,10,-3,9,-3,9,-2,9,-2,9,-1,0,0,0,0,0,0,0,0,0,0,0,0,0,0,0,0,0,0,0,0,0,0,11,-4,12,-3,12,-2,13,-2,13,-1,14,0,14,0,14,1,14,1,14,2,14,2,14,2,13,2,13,2,13,1,13,1,13,1,13,0,13,0,13,-1,14,-1,14,-1,14,-2,14,-2,14,-2,14,-2]
[0;32mI (597074) TAG: STA connected to 24:ec:4a:03:58:5d, ch=1 (sec=0)[0m
anchor,A1,24:ec:4a:03:58:5d,ch=1
ftm_report,A1,5,5,0.750
[0;32mI (597924) TAG: STA connected to 24:ec:4a:04:39:15, ch=6 (sec=0)[0m
csi_data,A2,[0,0,13,-7,12,-7,12,-7,12,-7,12,-7,11,-7,11,-7,10,-7,10,-8,10,-8,9,-8,9,-9,9,-9,9,-9,9,-9,9,-9,9,-9,9,-9,10,-8,10,-8,10,-7,10,-7,10,-6,10,-6,9,-5,10,-4,0,0,0,0,0,0,0,0,0,0,0,0,0,0,0,0,0,0,0,0,0,0,9,-7,10,-6,10,-6,11,-6,11,-5,12,-5,12,-4,12,-4,13,-4,13,-3,13,-3,12,-3,12,-3,12,-3,12,-3,12,-4,12,-4,12,-5,12,-5,12,-6,12,-6,12,-7,12,-7,12,-7,13,-7,13,-7]
anchor,A2,24:ec:4a:04:39:15,ch=6
ftm_report,A2,0,0,-1.000
[0;32mI (598784) TAG: STA connected to 24:ec:4a:03:56:41, ch=11 (sec=0)[0m
anchor,A3,24:ec:4a:03:56:41,ch=11
ftm_report,A3,16,16,2.400
csi_data,A3,[0,0,11,-10,10,-10,10,-10,10,-10,9,-10,9,-10,8,-10,7,-10,7,-10,7,-10,6,-10,6,-10,6,-10,5,-11,5,-11,5,-11,5,-10,6,-10,6,-10,6,-10,6,-9,7,-8,6,-8,6,-7,6,-7,6,-6,0,0,0,0,0,0,0,0,0,0,0,0,0,0,0,0,0,0,0,0,0,0,7,-10,8,-10,9,-9,10,-9,10,-9,11,-8,12,-8,12,-8,13,-7,12,-7,12,-7,12,-6,12,-7,12,-7,12,-7,11,-7,11,-7,11,-8,11,-8,11,-9,11,-9,11,-9,11,-10,11,-10,11,-10,11,-11]
[0;32mI (599634) TAG: STA connected to 24:ec:4a:03:58:5d, ch=1 (sec=0)[0m
anchor,A1,24:ec:4a:03:58:5d,ch=1
ftm_report,A1,6,6,0.900
csi_data,A1,[0,0,-9,-12,-9,-12,-9,-12,-9,-11,-9,-11,-9,-10,-10,-10,-10,-10,-10,-9,-10,-9,-11,-9,-10,-8,-11,-8,-12,-8,-11,-8,-12,-8,-12,-9,-12,-9,-12,-9,-11,-10,-11,-10,-10,-10,-9,-10,-9,-11,-8,-11,-7,-11,0,0,0,0,0,0,0,0,0,0,0,0,0,0,0,0,0,0,0,0,0,0,-6,-9,-6,-10,-5,-11,-5,-11,-5,-12,-4,-12,-4,-12,-3,-12,-3,-13,-3,-12,-3,-13,-3,-13,-3,-12,-3,-12,-4,-12,-4,-12,-5,-12,-5,-11,-6,-12,-6,-12,-7,-11,-7,-12,-7,-12,-8,-12,-8,-12,-8,-12]
[0;32mI (600494) TAG: STA connected to 24:ec:4a:04:39:15, ch=6 (sec=0)[0m
csi_data,A2,[0,0,11,10,10,9,10,9,10,9,11,9,10,8,10,7,10,7,10,7,10,6,10,6,10,5,10,5,11,5,11,5,11,5,11,5,11,5,11,6,11,6,10,6,9,6,9,6,8,7,8,7,7,7,0,0,0,0,0,0,0,0,0,0,0,0,0,0,0,0,0,0,0,0,0,0,9,6,9,7,8,8,8,8,8,9,8,10,8,10,7,10,7,11,6,11,6,11,6,11,6,11,6,10,7,10,7,10,7,10,8,9,9,9,9,9,9,9,10,9,10,9,11,9,11,9,11,10]
anchor,A2,24:ec:4a:04:39:15,ch=6
ftm_report,A2,0,0,-1.000
[0;32mI (601504) esp_netif_handlers: sta ip: 192.168.4.2, mask: 255.255.255.0, gw: 192.168.4.1[0m
[0;32mI (601874) TAG: STA connected to 24:ec:4a:03:56:41, ch=11 (sec=0)[0m
csi_data,A3,[0,0,14,4,14,3,13,3,13,3,13,2,13,2,12,1,12,1,11,0,12,0,11,-1,11,-1,11,-1,11,-1,12,-2,11,-2,12,-1,11,-1,11,-1,11,-1,11,0,10,0,10,1,9,1,9,2,8,2,0,0,0,0,0,0,0,0,0,0,0,0,0,0,0,0,0,0,0,0,0,0,12,1,12,2,12,3,12,3,13,4,13,5,13,6,12,6,12,7,12,7,12,7,12,7,12,7,11,7,11,6,12,6,12,5,12,5,12,5,13,4,13,4,13,4,14,4,14,3,14,3,14,3]
anchor,A3,24:ec:4a:03:56:41,ch=11
ftm_report,A3,16,16,2.400
[0;32mI (602724) TAG: STA connected to 24:ec:4a:03:58:5d, ch=1 (sec=0)[0m
anchor,A1,24:ec:4a:03:58:5d,ch=1
ftm_report,A1,2,2,0.300
csi_data,A1,[0,0,1,-15,0,-15,0,-15,0,-14,0,-14,0,-14,-1,-14,-1,-14,-2,-14,-2,-13,-3,-14,-4,-13,-4,-13,-4,-14,-4,-14,-4,-14,-4,-14,-4,-15,-3,-15,-2,-15,-2,-15,-1,-15,0,-14,0,-14,1,-13,2,-13,0,0,0,0,0,0,0,0,0,0,0,0,0,0,0,0,0,0,0,0,0,0,1,-11,1,-12,2,-11,2,-12,3,-12,4,-12,4,-12,5,-12,5,-12,5,-11,5,-12,5,-12,4,-12,4,-12,4,-12,4,-12,3,-12,3,-12,3,-13,2,-13,2,-13,1,-14,1,-13,1,-14,1,-14,1,-15]
[0;32mI (603574) TAG: STA connected to 24:ec:4a:04:39:15, ch=6 (sec=0)[0m
anchor,A2,24:ec:4a:04:39:15,ch=6
ftm_report,A2,0,0,-1.000
csi_data,A2,[0,0,5,14,5,13,5,13,5,13,5,13,5,12,6,11,6,11,6,11,6,10,6,10,7,10,7,10,7,10,8,10,7,10,7,10,7,11,7,11,7,11,6,11,5,11,5,11,4,11,3,11,2,10,0,0,0,0,0,0,0,0,0,0,0,0,0,0,0,0,0,0,0,0,0,0,5,10,4,11,3,11,3,11,3,12,2,13,2,13,2,13,1,13,1,13,0,13,0,13,0,12,0,12,1,12,1,12,2,12,3,12,3,12,4,12,4,12,5,12,5,13,5,13,5,14,5,14]
[0;32mI (604424) TAG: STA connected to 24:ec:4a:03:56:41, ch=11 (sec=0)[0m
anchor,A3,24:ec:4a:03:56:41,ch=11
ftm_report,A3,14,14,2.100
csi_data,A3,[0,0,-14,-6,-13,-5,-14,-5,-13,-4,-13,-4,-13,-4,-13,-3,-12,-3,-12,-2,-12,-1,-12,-1,-12,0,-12,0,-12,0,-12,0,-12,0,-12,0,-13,0,-12,0,-12,-1,-12,-1,-11,-2,-11,-2,-11,-2,-10,-2,-10,-3,0,0,0,0,0,0,0,0,0,0,0,0,0,0,0,0,0,0,0,0,0,0,-13,-3,-13,-5,-13,-5,-13,-6,-13,-7,-13,-8,-13,-8,-12,-9,-12,-9,-12,-9,-12,-9,-12,-9,-12,-9,-11,-9,-11,-9,-11,-8,-12,-8,-12,-7,-12,-7,-13,-7,-13,-7,-13,-6,-14,-6,-14,-5,-14,-5,-14,-5]
[0;32mI (605284) TAG: STA connected to 24:ec:4a:03:58:5d, ch=1 (sec=0)[0m
anchor,A1,24:ec:4a:03:58:5d,ch=1
ftm_report,A1,2,2,0.300
csi_data,A1,[0,0,2,15,2,14,2,14,2,14,2,14,2,13,3,13,3,13,3,12,4,12,4,12,4,12,5,12,5,12,5,12,5,12,5,13,5,13,5,13,4,13,3,13,2,13,2,12,1,12,0,12,-1,12,0,0,0,0,0,0,0,0,0,0,0,0,0,0,0,0,0,0,0,0,0,0,1,10,1,10,0,10,0,11,-1,11,-1,12,-2,12,-2,12,-2,12,-3,11,-3,12,-3,12,-2,12,-2,12,-2,12,-2,12,-1,12,-1,12,0,12,0,12,1,13,1,13,1,13,2,14,2,14,2,15]
[0;32mI (606134) TAG: STA connected to 24:ec:4a:04:39:15, ch=6 (sec=0)[0m
anchor,A2,24:ec:4a:04:39:15,ch=6
ftm_report,A2,2,2,0.300
[0;32mI (606994) TAG: STA connected to 24:ec:4a:03:56:41, ch=11 (sec=0)[0m
csi_data,A3,[0,0,-14,-7,-13,-7,-13,-6,-13,-6,-13,-6,-13,-5,-12,-5,-12,-4,-12,-4,-12,-3,-12,-2,-12,-2,-12,-2,-13,-1,-12,-1,-13,-1,-12,-1,-13,-2,-13,-2,-12,-2,-12,-3,-11,-3,-11,-3,-10,-4,-10,-4,-9,-4,0,0,0,0,0,0,0,0,0,0,0,0,0,0,0,0,0,0,0,0,0,0,-12,-5,-13,-6,-12,-7,-13,-8,-12,-8,-12,-10,-12,-10,-12,-10,-11,-11,-11,-11,-11,-11,-10,-11,-11,-10,-10,-10,-11,-10,-10,-9,-11,-9,-11,-8,-12,-9,-12,-8,-13,-8,-13,-8,-13,-7,-14,-7,-14,-7,-14,-7]
anchor,A3,24:ec:4a:03:56:41,ch=11
ftm_report,A3,14,14,2.100
[0;32mI (607904) TAG: STA connected to 24:ec:4a:03:58:5d, ch=1 (sec=0)[0m
csi_data,A1,[0,0,-9,-12,-9,-12,-9,-12,-9,-12,-9,-12,-9,-11,-10,-11,-9,-10,-10,-10,-10,-9,-10,-9,-11,-9,-11,-9,-11,-8,-11,-9,-11,-9,-12,-9,-11,-9,-11,-10,-11,-10,-10,-10,-10,-11,-9,-11,-8,-11,-7,-11,-6,-11,0,0,0,0,0,0,0,0,0,0,0,0,0,0,0,0,0,0,0,0,0,0,-6,-9,-6,-9,-6,-10,-6,-10,-6,-11,-5,-11,-5,-12,-5,-12,-4,-12,-4,-12,-4,-13,-4,-12,-4,-12,-4,-12,-4,-12,-5,-12,-5,-11,-6,-11,-6,-12,-7,-12,-7,-12,-8,-12,-8,-12,-9,-12,-9,-12,-9,-12]
anchor,A1,24:ec:4a:03:58:5d,ch=1
ftm_report,A1,5,5,0.750
[0;32mI (608784) TAG: STA connected to 24:ec:4a:04:39:15, ch=6 (sec=0)[0m
anchor,A2,24:ec:4a:04:39:15,ch=6
ftm_report,A2,0,0,-1.000
csi_data,A2,[0,0,-15,-2,-15,-2,-15,-2,-14,-2,-14,-2,-14,-1,-14,-1,-13,0,-13,0,-12,0,-13,1,-13,1,-13,2,-13,2,-13,2,-14,2,-13,2,-13,2,-13,1,-13,0,-13,0,-13,0,-12,-1,-12,-1,-12,-2,-12,-2,0,0,0,0,0,0,0,0,0,0,0,0,0,0,0,0,0,0,0,0,0,0,-12,-1,-13,-2,-12,-2,-13,-3,-13,-3,-13,-4,-13,-5,-13,-5,-13,-6,-12,-6,-13,-6,-12,-6,-12,-5,-12,-5,-13,-5,-12,-5,-13,-4,-12,-4,-13,-4,-13,-3,-14,-3,-14,-3,-14,-2,-15,-2,-15,-2,-15,-2]
[0;32mI (609634) TAG: STA connected to 24:ec:4a:03:56:41, ch=11 (sec=0)[0m
anchor,A3,24:ec:4a:03:56:41,ch=11
ftm_report,A3,14,14,2.100
csi_data,A3,[0,0,-10,-11,-10,-11,-10,-10,-10,-11,-10,-10,-10,-9,-10,-9,-10,-8,-10,-8,-11,-7,-11,-7,-11,-6,-11,-6,-11,-6,-11,-6,-11,-6,-12,-6,-11,-6,-11,-7,-11,-7,-10,-7,-9,-7,-9,-7,-9,-7,-8,-7,-7,-7,0,0,0,0,0,0,0,0,0,0,0,0,0,0,0,0,0,0,0,0,0,0,-10,-9,-9,-10,-9,-11,-9,-11,-9,-12,-8,-13,-7,-13,-7,-14,-6,-14,-7,-14,-7,-14,-6,-13,-6,-13,-6,-13,-6,-12,-7,-13,-7,-12,-8,-12,-8,-12,-8,-12,-9,-12,-9,-12,-10,-12,-10,-11,-10,-11,-10,-11]
[0;32mI (610494) TAG: STA connected to 24:ec:4a:03:58:5d, ch=1 (sec=0)[0m
anchor,A1,24:ec:4a:03:58:5d,ch=1
ftm_report,A1,5,5,0.750
csi_data,A1,[0,0,-14,5,-14,5,-14,5,-13,5,-13,5,-13,5,-12,6,-12,6,-12,6,-11,6,-11,7,-11,7,-11,8,-11,8,-11,8,-11,8,-11,8,-12,8,-12,8,-12,7,-12,7,-12,6,-12,5,-12,5,-12,4,-12,3,0,0,0,0,0,0,0,0,0,0,0,0,0,0,0,0,0,0,0,0,0,0,-10,3,-11,3,-11,2,-12,2,-12,2,-13,1,-12,1,-13,1,-13,0,-12,0,-13,0,-13,0,-12,0,-12,0,-13,0,-12,1,-13,1,-12,2,-13,2,-13,3,-13,3,-13,4,-13,4,-13,4,-14,5,-14,5]
[0;32mI (611344) TAG: STA connected to 24:ec:4a:04:39:15, ch=6 (sec=0)[0m
anchor,A2,24:ec:4a:04:39:15,ch=6
ftm_report,A2,0,0,-1.000
csi_data,A2,[0,0,13,-4,13,-4,13,-4,13,-4,13,-4,12,-4,12,-4,11,-5,11,-5,10,-6,10,-6,10,-6,10,-6,10,-7,10,-7,10,-7,11,-7,11,-7,11,-6,11,-6,11,-5,11,-5,11,-4,10,-4,10,-3,10,-2,0,0,0,0,0,0,0,0,0,0,0,0,0,0,0,0,0,0,0,0,0,0,10,-4,11,-3,11,-3,11,-2,12,-2,12,-1,12,-1,12,0,13,0,12,0,12,0,12,0,12,0,12,0,12,0,12,0,12,-1,12,-2,12,-2,12,-2,12,-3,13,-3,13,-4,13,-4,13,-4,13,-4]
[0;32mI (612204) TAG: STA connected to 24:ec:4a:03:56:41, ch=11 (sec=0)[0m
anchor,A3,24:ec:4a:03:56:41,ch=11
ftm_report,A3,17,17,2.550
csi_data,A3,[0,0,-3,-15,-4,-15,-4,-14,-4,-14,-4,-13,-4,-13,-4,-12,-5,-12,-5,-12,-5,-11,-6,-11,-6,-11,-6,-10,-7,-10,-7,-11,-7,-11,-7,-11,-6,-11,-6,-11,-6,-11,-5,-11,-4,-11,-4,-10,-3,-10,-3,-10,-2,-10,0,0,0,0,0,0,0,0,0,0,0,0,0,0,0,0,0,0,0,0,0,0,-5,-12,-4,-13,-3,-13,-3,-14,-2,-14,-2,-14,-1,-15,-1,-15,0,-15,0,-15,1,-15,1,-14,0,-14,1,-14,0,-14,0,-14,-1,-14,-1,-14,-2,-14,-2,-14,-3,-14,-3,-15,-3,-15,-3,-15,-4,-15,-3,-15]
[0;32mI (613064) TAG: STA connected to 24:ec:4a:03:58:5d, ch=1 (sec=0)[0m
anchor,A1,24:ec:4a:03:58:5d,ch=1
ftm_report,A1,4,4,0.600
[0;32mI (613924) TAG: STA connected to 24:ec:4a:04:39:15, ch=6 (sec=0)[0m
csi_data,A2,[0,0,-11,10,-11,10,-11,9,-10,9,-10,9,-9,9,-9,9,-8,10,-8,9,-8,10,-8,10,-7,10,-7,10,-7,10,-7,10,-6,10,-7,10,-7,10,-7,10,-7,10,-8,9,-8,9,-8,8,-9,7,-9,7,-9,6,0,0,0,0,0,0,0,0,0,0,0,0,0,0,0,0,0,0,0,0,0,0,-8,9,-8,8,-9,8,-10,8,-10,8,-11,7,-12,7,-12,7,-12,7,-12,6,-13,6,-12,5,-12,5,-12,6,-11,6,-11,6,-11,7,-11,7,-11,8,-10,8,-11,9,-11,9,-11,10,-11,9,-11,9,-11,10]
anchor,A2,24:ec:4a:04:39:15,ch=6
ftm_report,A2,0,0,-1.000
[0;32mI (614774) TAG: STA connected to 24:ec:4a:03:56:41, ch=11 (sec=0)[0m
anchor,A3,24:ec:4a:03:56:41,ch=11
ftm_report,A3,15,15,2.250
csi_data,A3,[0,0,-11,9,-11,9,-11,9,-10,9,-10,9,-9,9,-9,9,-8,9,-8,9,-7,9,-7,10,-6,10,-6,10,-6,10,-6,10,-6,10,-6,10,-6,10,-7,10,-7,9,-7,9,-7,8,-7,7,-7,7,-7,6,-7,6,0,0,0,0,0,0,0,0,0,0,0,0,0,0,0,0,0,0,0,0,0,0,-9,9,-9,9,-10,8,-11,8,-12,8,-12,7,-13,7,-13,7,-13,6,-13,6,-14,6,-13,5,-13,5,-13,5,-12,6,-12,6,-12,6,-12,7,-12,7,-11,8,-11,8,-11,8,-11,9,-11,9,-11,10,-11,10]
[0;32mI (615634) TAG: STA connected to 24:ec:4a:03:58:5d, ch=1 (sec=0)[0m
anchor,A1,24:ec:4a:03:58:5d,ch=1
ftm_report,A1,2,2,0.300
csi_data,A1,[0,0,12,-8,12,-9,11,-8,11,-9,11,-9,11,-8,10,-9,10,-9,9,-9,9,-10,9,-10,8,-10,8,-11,8,-11,8,-11,8,-11,9,-12,9,-11,9,-11,10,-11,10,-10,10,-9,10,-9,10,-8,10,-7,11,-6,0,0,0,0,0,0,0,0,0,0,0,0,0,0,0,0,0,0,0,0,0,0,9,-6,9,-6,10,-5,11,-5,11,-4,11,-4,12,-4,12,-3,12,-3,12,-3,12,-3,12,-3,12,-3,12,-3,11,-3,11,-4,11,-4,11,-5,11,-5,11,-6,11,-6,11,-7,11,-7,12,-7,12,-8,12,-8]
[0;32mI (616504) TAG: STA connected to 24:ec:4a:04:39:15, ch=6 (sec=0)[0m
csi_data,A2,[0,0,5,-14,5,-14,5,-14,5,-14,4,-13,4,-13,3,-13,3,-13,3,-13,2,-13,1,-13,1,-13,1,-13,0,-13,1,-13,0,-13,1,-13,1,-13,1,-13,1,-13,2,-13,2,-12,3,-12,3,-11,3,-11,4,-10,0,0,0,0,0,0,0,0,0,0,0,0,0,0,0,0,0,0,0,0,0,0,3,-12,4,-12,5,-12,5,-12,6,-12,6,-12,7,-12,7,-12,8,-11,8,-11,8,-11,8,-11,8,-11,8,-11,7,-11,7,-11,7,-11,6,-12,6,-12,5,-13,5,-13,5,-13,5,-14,5,-14,5,-14,5,-14]
anchor,A2,24:ec:4a:04:39:15,ch=6
ftm_report,A2,0,0,-1.000
[0;32mI (617514) esp_netif_handlers: sta ip: 192.168.4.2, mask: 255.255.255.0, gw: 192.168.4.1[0m
[0;32mI (617894) TAG: STA connected to 24:ec:4a:03:56:41, ch=11 (sec=0)[0m
csi_data,A3,[0,0,5,-14,5,-14,5,-14,4,-13,4,-13,3,-13,3,-13,2,-12,2,-12,1,-12,1,-12,1,-12,0,-12,0,-12,0,-12,0,-13,0,-12,1,-12,1,-12,1,-12,1,-12,2,-11,2,-10,3,-10,3,-9,3,-9,0,0,0,0,0,0,0,0,0,0,0,0,0,0,0,0,0,0,0,0,0,0,3,-12,4,-12,5,-12,5,-12,6,-13,7,-13,8,-12,8,-12,8,-12,9,-11,9,-11,9,-11,8,-11,8,-11,8,-11,7,-11,7,-12,6,-12,7,-12,6,-13,6,-13,6,-13,5,-14,5,-14,5,-14,5,-14]
anchor,A3,24:ec:4a:03:56:41,ch=11
ftm_report,A3,16,16,2.400
[0;32mI (618794) TAG: STA connected to 24:ec:4a:03:58:5d, ch=1 (sec=0)[0m
csi_data,A1,[0,0,14,-1,14,-1,14,-1,13,-2,14,-2,13,-2,13,-2,12,-3,12,-3,12,-4,12,-4,12,-5,12,-5,12,-5,12,-5,13,-6,13,-5,13,-5,13,-5,13,-4,13,-3,13,-3,12,-2,12,-1,12,-1,12,0,0,0,0,0,0,0,0,0,0,0,0,0,0,0,0,0,0,0,0,0,0,0,11,0,11,0,11,1,12,1,11,2,12,2,12,3,12,3,12,4,11,4,11,4,11,4,11anchor,A1,24:ec:4a:03:58:5d,ch=1
ftm_report,A1,4,4,0.600
,4,11,3,12,3,11,2,12,2,11,1,12,1,12,1,12,1,13,0,13,0,14,0,14,0,14,-1]
[0;32mI (619644) TAG: STA connected to 24:ec:4a:04:39:15, ch=6 (sec=0)[0m
anchor,A2,24:ec:4a:04:39:15,ch=6
ftm_report,A2,0,0,-1.000
csi_data,A2,[0,0,-14,-7,-14,-7,-14,-7,-14,-7,-13,-6,-13,-6,-13,-5,-13,-5,-13,-4,-13,-4,-13,-4,-12,-3,-13,-3,-13,-3,-13,-3,-13,-3,-13,-3,-13,-3,-13,-3,-13,-4,-12,-4,-12,-4,-11,-5,-11,-6,-10,-6,-10,-6,0,0,0,0,0,0,0,0,0,0,0,0,0,0,0,0,0,0,0,0,0,0,-12,-5,-12,-5,-12,-6,-12,-7,-12,-7,-12,-8,-12,-8,-12,-9,-11,-9,-11,-10,-11,-10,-10,-10,-10,-10,-10,-9,-10,-9,-11,-8,-11,-8,-11,-8,-12,-8,-12,-7,-13,-7,-13,-7,-14,-7,-14,-7,-14,-7,-14,-7]
[0;32mI (620494) TAG: STA connected to 24:ec:4a:03:56:41, ch=11 (sec=0)[0m
anchor,A3,24:ec:4a:03:56:41,ch=11
ftm_report,A3,17,17,2.550
csi_data,A3,[0,0,2,14,2,14,2,13,2,13,2,13,3,12,3,12,3,11,3,11,4,11,4,10,4,10,5,10,5,10,5,10,5,10,5,10,5,10,4,10,4,10,3,10,3,10,2,10,1,9,1,9,0,9,0,0,0,0,0,0,0,0,0,0,0,0,0,0,0,0,0,0,0,0,0,0,3,11,3,12,2,12,1,13,1,13,0,13,-1,14,-1,14,-1,14,-2,14,-2,14,-2,13,-2,13,-2,13,-2,13,-1,13,-1,13,0,13,0,13,1,13,1,13,1,13,2,14,2,14,2,14,2,14]
[0;32mI (621354) TAG: STA connected to 24:ec:4a:03:58:5d, ch=1 (sec=0)[0m
anchor,A1,24:ec:4a:03:58:5d,ch=1
ftm_report,A1,2,2,0.300
csi_data,A1,[0,0,9,10,9,10,9,9,10,9,9,9,10,8,10,8,10,7,10,7,10,6,11,6,11,5,11,5,11,5,12,6,12,5,12,6,12,6,12,7,11,7,11,7,10,8,10,8,9,8,8,8,7,9,0,0,0,0,0,0,0,0,0,0,0,0,0,0,0,0,0,0,0,0,0,0,7,8,6,9,6,9,5,10,5,10,5,11,5,11,4,11,4,12,4,11,4,11,4,11,4,11,4,11,5,10,5,11,5,10,6,10,6,10,7,10,7,10,8,10,8,10,9,10,9,10,9,10]
[0;32mI (622214) TAG: STA connected to 24:ec:4a:04:39:15, ch=6 (sec=0)[0m
anchor,A2,24:ec:4a:04:39:15,ch=6
ftm_report,A2,0,0,-1.000
csi_data,A2,[0,0,3,14,2,14,2,14,2,13,3,13,3,12,3,12,4,12,4,11,4,11,4,11,5,10,5,10,5,10,5,11,5,11,5,11,5,11,5,11,4,11,4,11,3,10,3,10,2,10,2,10,1,10,0,0,0,0,0,0,0,0,0,0,0,0,0,0,0,0,0,0,0,0,0,0,3,11,2,11,2,11,1,12,1,12,0,13,0,13,-1,13,-1,13,-1,13,-2,13,-2,13,-2,12,-2,12,-1,12,-1,12,0,12,0,12,1,12,1,13,2,13,2,13,2,14,2,14,2,14,3,14]
[0;32mI (623084) TAG: STA connected to 24:ec:4a:03:56:41, ch=11 (sec=0)[0m
anchor,A3,24:ec:4a:03:56:41,ch=11
ftm_report,A3,18,18,2.700
[0;32mI (623944) TAG: STA connected to 24:ec:4a:03:58:5d, ch=1 (sec=0)[0m
csi_data,A1,[0,0,11,-9,11,-9,11,-9,11,-9,10,-9,10,-9,10,-10,9,-10,9,-10,8,-10,8,-11,8,-11,8,-11,7,-12,8,-12,8,-12,8,-12,8,-12,9,-12,9,-11,9,-11,10,-10,10,-9,10,-9,10,-8,10,-7,0,0,0,0,0,0,0,0,0,0,0,0,0,0,0,0,0,0,0,0,0,0,9,-6,9,-6,10,-5,10,-5,11,-5,11,-5,12,-4,12,-4,12,-4,11,-3,12,-3,12,-3,12,-3,11,-4,11,-4,11,-5,11,-5,11,-5,11,-6,11,-6,11,-7,11,-7,11,-8,11,-8,11,-8,12,-9]
anchor,A1,24:ec:4a:03:58:5d,ch=1
ftm_report,A1,3,3,0.450
[0;32mI (624814) TAG: STA connected to 24:ec:4a:04:39:15, ch=6 (sec=0)[0m
csi_data,A2,[0,0,4,15,3,14,3,14,3,14,4,13,4,13,4,12,4,12,5,12,5,11,5,11,5,10,6,10,6,10,6,11,6,11,6,11,6,11,6,11,5,11,5,11,4,11,3,11,3,11,2,10,2,10,0,0,0,0,0,0,0,0,0,0,0,0,0,0,0,0,0,0,0,0,0,0,3,11,3,11,2,12,2,12,2,12,1,13,0,13,0,13,0,13,-1,13,-1,13,-1,13,-1,13,-1,12,0,12,0,13,0,13,1,13,2,13,2,13,3,13,3,13,3,14,3,14,3,14,4,14]
anchor,A2,24:ec:4a:04:39:15,ch=6
ftm_report,A2,3,3,0.450
[0;32mI (625694) TAG: STA connected to 24:ec:4a:03:56:41, ch=11 (sec=0)[0m
anchor,A3,24:ec:4a:03:56:41,ch=11
ftm_report,A3,20,20,3.000
csi_data,A3,[0,0,-11,-11,-11,-11,-11,-11,-10,-10,-10,-10,-10,-9,-10,-9,-10,-8,-10,-8,-11,-7,-11,-7,-11,-6,-11,-6,-11,-6,-11,-6,-11,-6,-11,-6,-11,-6,-11,-6,-10,-6,-10,-7,-9,-7,-9,-7,-8,-7,-7,-7,-7,-7,0,0,0,0,0,0,0,0,0,0,0,0,0,0,0,0,0,0,0,0,0,0,-10,-9,-10,-10,-10,-10,-9,-11,-9,-12,-9,-13,-8,-13,-8,-13,-8,-14,-7,-13,-7,-14,-7,-13,-7,-13,-7,-13,-7,-13,-7,-12,-8,-12,-8,-12,-9,-12,-9,-11,-10,-11,-10,-11,-10,-11,-11,-11,-11,-11,-11,-11]
[0;32mI (626544) TAG: STA connected to 24:ec:4a:03:58:5d, ch=1 (sec=0)[0m
anchor,A1,24:ec:4a:03:58:5d,ch=1
ftm_report,A1,6,6,0.900
csi_data,A1,[0,0,-11,-9,-12,-9,-12,-9,-12,-9,-12,-9,-12,-8,-12,-8,-12,-7,-12,-7,-12,-6,-13,-6,-13,-6,-13,-5,-13,-5,-14,-5,-14,-5,-14,-5,-14,-6,-14,-6,-13,-7,-13,-7,-12,-8,-12,-8,-11,-8,-10,-9,-9,-9,0,0,0,0,0,0,0,0,0,0,0,0,0,0,0,0,0,0,0,0,0,0,-9,-8,-8,-8,-8,-9,-8,-9,-8,-10,-8,-11,-7,-11,-7,-11,-7,-11,-7,-12,-7,-12,-6,-11,-7,-11,-7,-11,-7,-11,-8,-10,-8,-10,-8,-10,-9,-10,-9,-10,-10,-10,-10,-10,-10,-10,-11,-10,-11,-10,-12,-10]
[0;32mI (627414) TAG: STA connected to 24:ec:4a:04:39:15, ch=6 (sec=0)[0m
anchor,A2,24:ec:4a:04:39:15,ch=6
ftm_report,A2,9,9,1.350
csi_data,A2,[0,0,-14,5,-14,5,-14,5,-13,5,-13,5,-13,5,-12,5,-12,6,-12,6,-11,6,-10,7,-10,7,-10,7,-10,7,-10,7,-10,8,-10,7,-10,7,-11,7,-11,6,-11,6,-11,5,-10,5,-10,4,-10,4,-10,3,0,0,0,0,0,0,0,0,0,0,0,0,0,0,0,0,0,0,0,0,0,0,-10,5,-11,4,-12,4,-12,3,-12,3,-13,2,-13,2,-14,2,-14,1,-13,1,-14,1,-13,1,-13,1,-13,1,-13,2,-13,2,-13,2,-13,3,-13,3,-13,3,-13,4,-14,4,-14,5,-13,5,-14,5,-14,5]
[0;32mI (628284) TAG: STA connected to 24:ec:4a:03:56:41, ch=11 (sec=0)[0m
anchor,A3,24:ec:4a:03:56:41,ch=11
ftm_report,A3,17,17,2.550
csi_data,A3,[0,0,2,15,2,13,2,14,2,13,2,13,3,12,3,12,3,11,3,11,4,10,4,10,4,10,5,10,5,10,5,10,5,10,5,10,5,10,5,10,4,10,3,10,3,10,2,9,1,9,1,9,1,9,0,0,0,0,0,0,0,0,0,0,0,0,0,0,0,0,0,0,0,0,0,0,3,11,3,12,2,12,1,13,1,13,0,14,0,14,-1,14,-2,14,-2,14,-2,14,-3,14,-2,13,-2,14,-2,13,-1,13,-1,14,0,13,0,13,1,14,1,14,1,14,1,14,1,14,2,14,2,14]
[0;32mI (629194) TAG: STA connected to 24:ec:4a:03:58:5d, ch=1 (sec=0)[0m
anchor,A1,24:ec:4a:03:58:5d,ch=1
ftm_report,A1,5,5,0.750
csi_data,A1,[0,0,-1,-15,-2,-15,-2,-15,-2,-15,-2,-15,-2,-14,-3,-14,-3,-14,-3,-14,-4,-13,-4,-14,-5,-13,-5,-13,-5,-14,-5,-14,-6,-14,-5,-14,-5,-15,-4,-15,-4,-15,-3,-15,-2,-15,-2,-14,-1,-14,0,-14,1,-13,0,0,0,0,0,0,0,0,0,0,0,0,0,0,0,0,0,0,0,0,0,0,0,-10,0,-11,1,-11,1,-11,1,-11,2,-12,3,-12,3,-12,3,-12,3,-11,3,-12,3,-12,3,-12,3,-12,2,-12,2,-12,2,-12,1,-12,1,-13,0,-13,0,-13,-1,-14,0,-14,-1,-14,-1,-15,-1,-15]
[0;32mI (630064) TAG: STA connected to 24:ec:4a:04:39:15, ch=6 (sec=0)[0m
anchor,A2,24:ec:4a:04:39:15,ch=6
ftm_report,A2,10,10,1.500
csi_data,A2,[0,0,14,3,13,3,14,3,13,3,13,2,13,2,13,1,12,1,12,1,12,0,12,0,12,-1,12,-1,12,-1,12,-1,12,-1,12,-1,12,-1,12,0,12,0,12,1,11,1,11,1,10,2,10,2,9,3,0,0,0,0,0,0,0,0,0,0,0,0,0,0,0,0,0,0,0,0,0,0,11,1,11,1,11,2,11,3,11,3,12,4,12,5,12,5,11,5,11,6,11,6,11,6,11,6,11,5,11,5,11,5,11,4,11,4,12,4,12,3,12,3,13,3,13,3,14,3,14,3,14,3]
[0;32mI (631074) esp_netif_handlers: sta ip: 192.168.4.2, mask: 255.255.255.0, gw: 192.168.4.1[0m
[0;32mI (631444) TAG: STA connected to 24:ec:4a:03:56:41, ch=11 (sec=0)[0m
anchor,A3,24:ec:4a:03:56:41,ch=11
ftm_report,A3,16,16,2.400
csi_data,A3,[0,0,-11,-11,-11,-11,-11,-11,-10,-10,-10,-10,-10,-9,-10,-9,-10,-8,-10,-8,-10,-7,-11,-7,-11,-6,-11,-6,-11,-6,-11,-6,-11,-6,-11,-6,-11,-6,-11,-7,-10,-7,-10,-7,-9,-7,-8,-7,-8,-7,-7,-7,-7,-7,0,0,0,0,0,0,0,0,0,0,0,0,0,0,0,0,0,0,0,0,0,0,-10,-8,-10,-9,-10,-9,-10,-11,-9,-11,-9,-12,-9,-13,-9,-13,-8,-13,-8,-13,-7,-13,-7,-13,-7,-13,-7,-13,-7,-12,-7,-12,-8,-12,-8,-12,-9,-12,-9,-12,-10,-11,-10,-12,-10,-11,-11,-11,-11,-11,-11,-11]
[0;32mI (632294) TAG: STA connected to 24:ec:4a:03:58:5d, ch=1 (sec=0)[0m
anchor,A1,24:ec:4a:03:58:5d,ch=1
ftm_report,A1,7,7,1.050
csi_data,A1,[0,0,14,2,14,2,14,1,14,1,14,1,13,1,13,1,13,0,13,0,13,-1,13,-2,13,-2,13,-2,14,-2,13,-2,14,-2,14,-2,14,-2,14,-1,14,0,14,0,14,1,13,1,13,2,12,3,12,4,0,0,0,0,0,0,0,0,0,0,0,0,0,0,0,0,0,0,0,0,0,0,9,2,9,3,9,3,10,4,10,4,10,5,10,5,10,5,10,6,9,5,10,6,10,5,10,5,10,5,10,5,10,4,10,4,10,3,11,4,11,3,12,3,12,3,12,2,13,2,14,2,14,2]
[0;32mI (633154) TAG: STA connected to 24:ec:4a:04:39:15, ch=6 (sec=0)[0m
csi_data,A2,[0,0,8,12,7,12,7,12,7,11,8,11,7,10,8,10,8,10,8,9,8,9,8,8,8,8,9,8,9,8,9,8,9,8,9,8,9,8,9,9,8,9,7,9,7,9,6,9,6,9,5,9,4,9,0,0,0,0,0,0,0,0,0,0,0,0,0,0,0,0,0,0,0,0,0,0,7,8,7,9,6,9,6,10,6,11,5,11,5,12,5,12,4,12,4,12,4,12,4,12,4,12,4,11,4,11,4,12,5,11,5,11,6,11,6,11,7,11,7,11,8,12,8,12,8,12,8,12]
[0;32mI (634174) esp_netif_handlers: sta ip: 192.168.4.2, mask: 255.255.255.0, gw: 192.168.4.1[0m
[0;33mW (634894) TAG: FTM to A2 failed (ESP_FAIL), streak=1[0m
[0;32mI (635494) TAG: STA connected to 24:ec:4a:03:56:41, ch=11 (sec=0)[0m
anchor,A3,24:ec:4a:03:56:41,ch=11
ftm_report,A3,15,15,2.250
csi_data,A3,[0,0,11,-10,10,-10,10,-10,10,-10,9,-10,9,-10,8,-10,8,-10,7,-10,7,-10,6,-10,6,-10,6,-11,6,-11,6,-11,6,-11,6,-11,6,-11,7,-11,6,-10,7,-9,7,-8,7,-8,7,-7,7,-7,7,-6,0,0,0,0,0,0,0,0,0,0,0,0,0,0,0,0,0,0,0,0,0,0,7,-10,8,-10,9,-9,9,-9,10,-9,11,-8,12,-8,12,-8,12,-7,12,-7,12,-7,12,-7,12,-6,12,-7,11,-7,11,-7,11,-7,11,-8,10,-8,11,-9,10,-9,11,-9,10,-10,10,-10,11,-10,10,-10]
[0;32mI (636354) TAG: STA connected to 24:ec:4a:03:58:5d, ch=1 (sec=0)[0m
anchor,A1,24:ec:4a:03:58:5d,ch=1
ftm_report,A1,4,4,0.600
csi_data,A1,[0,0,-7,-13,-8,-13,-8,-13,-8,-13,-8,-13,-8,-12,-8,-12,-8,-12,-9,-11,-9,-11,-10,-11,-10,-10,-11,-10,-11,-10,-11,-10,-11,-11,-11,-11,-11,-12,-10,-12,-10,-12,-9,-13,-8,-13,-8,-13,-8,-12,-6,-13,-5,-13,0,0,0,0,0,0,0,0,0,0,0,0,0,0,0,0,0,0,0,0,0,0,-5,-10,-4,-10,-4,-11,-4,-11,-4,-12,-3,-12,-2,-12,-2,-12,-2,-13,-2,-12,-2,-12,-2,-12,-2,-12,-3,-12,-3,-12,-3,-12,-4,-12,-4,-12,-4,-12,-5,-13,-5,-12,-6,-13,-6,-13,-7,-13,-8,-13,-7,-14]
[0;32mI (637224) TAG: STA connected to 24:ec:4a:04:39:15, ch=6 (sec=0)[0m
csi_data,A2,[0,0,-8,13,-8,13,-7,12,-7,12,-7,12,-6,12,-6,12,-5,12,-5,12,-4,12,-4,12,-3,12,-3,12,-3,12,-3,12,-3,12,-3,12,-3,12,-4,12,-4,12,-4,12,-5,11,-5,10,-5,10,-5,9,-6,9,0,0,0,0,0,0,0,0,0,0,0,0,0,0,0,0,0,0,0,0,0,0,-5,10,-6,10,-7,10,-8,10,-8,10,-9,10,-9,10,-9,10,-10,10,-10,9,-10,9,-10,9,-10,9,-10,9,-9,9,-9,9,-9,10,-8,10,-8,11,-8,11,-8,11,-8,12,-7,12,-7,13,-8,13,-7,13]
[0;32mI (638234) esp_netif_handlers: sta ip: 192.168.4.2, mask: 255.255.255.0, gw: 192.168.4.1[0m
anchor,A2,24:ec:4a:04:39:15,ch=6
ftm_report,A2,14,14,2.100
csi_data,A2,[0,0,-8,-13,-8,-13,-8,-13,-8,-13,-8,-12,-8,-12,-8,-11,-8,-11,-8,-10,-9,-10,-9,-10,-9,-9,-9,-9,-9,-9,-10,-9,-10,-9,-9,-9,-9,-10,-9,-10,-9,-10,-8,-10,-7,-10,-7,-10,-6,-10,-6,-10,-5,-10,0,0,0,0,0,0,0,0,0,0,0,0,0,0,0,0,0,0,0,0,0,0,-7,-10,-7,-10,-7,-11,-6,-11,-6,-12,-6,-13,-5,-13,-4,-13,-4,-13,-4,-13,-4,-14,-4,-13,-4,-13,-4,-13,-4,-13,-4,-13,-5,-13,-5,-12,-6,-13,-6,-13,-7,-13,-7,-13,-8,-13,-8,-13,-8,-13,-8,-13]
[0;32mI (639104) TAG: STA connected to 24:ec:4a:03:56:41, ch=11 (sec=0)[0m
anchor,A3,24:ec:4a:03:56:41,ch=11
ftm_report,A3,15,15,2.250
[0;32mI (639954) TAG: STA connected to 24:ec:4a:03:58:5d, ch=1 (sec=0)[0m
csi_data,A1,[0,0,-6,-14,-6,-14,-7,-14,-6,-14,-7,-14,-7,-13,-7,-13,-7,-12,-8,-12,-8,-12,-9,-12,-9,-11,-9,-11,-10,-11,-10,-11,-10,-12,-10,-12,-10,-13,-10,-13,-9,-13,-8,-14,-8,-13,-7,-13,-6,-14,-5,-13,-4,-13,0,0,0,0,0,0,0,0,0,0,0,0,0,0,0,0,0,0,0,0,0,0,-3,-11,-3,-11,-2,-11,-2,-12,-2,-12,-1,-13,0,-13,0,-13,0,-13,0,-12,0,-13,0,-13,0,-12,0,-12,-1,-12,-2,-12,-2,-12,-2,-12,-3,-13,-3,-13,-4,-13,-5,-13,-4,-13,-5,-14,-5,-14,-5,-14]
anchor,A1,24:ec:4a:03:58:5d,ch=1
ftm_report,A1,3,3,0.450
[0;32mI (640814) TAG: STA connected to 24:ec:4a:04:39:15, ch=6 (sec=0)[0m
[1;31mE (640994) wifi:No FTM Measurements received from responder![0m
csi_data,A2,[0,0,5,-14,5,-14,5,-14,5,-14,5,-14,4,-13,4,-13,3,-13,3,-13,2,-13,2,-13,2,-13,1,-13,1,-13,1,-13,1,-13,1,-13,2,-13,2,-13,2,-13,3,-13,3,-12,4,-11,4,-11,4,-11,5,-10,0,0,0,0,0,0,0,0,0,0,0,0,0,0,0,0,0,0,0,0,0,0,3,-12,3,-12,4,-12,5,-12,5,-12,6,-12,7,-12,7,-12,7,-12,8,-11,8,-11,8,-11,8,-11,7,-11,7,-11,7,-11,6,-12,6,-12,6,-12,6,-13,5,-13,5,-13,5,-14,5,-14,5,-14,5,-14]
[0;33mW (641094) TAG: FTM to A2 failed (ESP_FAIL), streak=1[0m
[0;32mI (641704) TAG: STA connected to 24:ec:4a:03:56:41, ch=11 (sec=0)[0m
anchor,A3,24:ec:4a:03:56:41,ch=11
ftm_report,A3,20,20,3.000
csi_data,A3,[0,0,-11,10,-11,10,-10,9,-10,10,-9,9,-9,9,-9,9,-8,9,-8,9,-7,10,-7,10,-6,10,-6,10,-6,9,-6,10,-6,10,-6,10,-6,10,-6,10,-7,9,-7,9,-7,8,-7,7,-7,7,-7,6,-7,6,0,0,0,0,0,0,0,0,0,0,0,0,0,0,0,0,0,0,0,0,0,0,-8,10,-8,9,-9,9,-10,9,-11,9,-11,8,-12,8,-13,8,-13,7,-13,7,-13,7,-13,6,-13,6,-12,6,-12,6,-12,7,-12,7,-12,8,-11,8,-11,8,-11,9,-11,9,-11,10,-11,10,-11,10,-11,10]
[0;32mI (642624) TAG: STA connected to 24:ec:4a:03:58:5d, ch=1 (sec=0)[0m
anchor,A1,24:ec:4a:03:58:5d,ch=1
ftm_report,A1,4,4,0.600
csi_data,A1,[0,0,12,7,12,6,12,6,12,6,12,6,12,5,12,4,12,4,12,4,12,3,13,3,13,2,13,3,13,2,13,2,14,2,14,3,14,3,14,4,14,4,13,5,13,5,12,6,12,7,11,7,10,8,0,0,0,0,0,0,0,0,0,0,0,0,0,0,0,0,0,0,0,0,0,0,8,5,8,6,8,6,8,7,7,7,8,8,7,8,7,8,7,9,7,9,7,9,7,9,7,9,7,8,7,8,7,8,8,8,8,7,9,7,9,7,10,7,10,6,10,7,11,7,12,7,12,7]
[0;32mI (643474) TAG: STA connected to 24:ec:4a:04:39:15, ch=6 (sec=0)[0m
anchor,A2,24:ec:4a:04:39:15,ch=6
ftm_report,A2,5,5,0.750
csi_data,A2,[0,0,-10,11,-10,11,-9,11,-9,11,-9,11,-9,11,-8,11,-7,10,-7,10,-6,11,-6,11,-5,11,-5,11,-5,11,-5,11,-5,12,-5,12,-5,12,-6,11,-6,11,-7,10,-7,10,-7,10,-7,9,-7,8,-7,8,0,0,0,0,0,0,0,0,0,0,0,0,0,0,0,0,0,0,0,0,0,0,-7,9,-8,9,-9,9,-9,9,-10,9,-11,9,-11,8,-11,8,-11,8,-12,7,-12,7,-12,7,-11,7,-11,7,-10,7,-10,8,-10,8,-10,9,-10,9,-10,9,-10,10,-10,10,-9,11,-9,11,-9,11,-10,11]
[0;32mI (644364) TAG: STA connected to 24:ec:4a:03:56:41, ch=11 (sec=0)[0m
anchor,A3,24:ec:4a:03:56:41,ch=11
ftm_report,A3,17,17,2.550
csi_data,A3,[0,0,12,7,12,6,12,6,11,6,11,5,11,5,11,4,11,4,11,4,11,3,11,2,11,2,11,2,11,2,11,2,11,2,11,2,11,2,11,2,10,2,10,3,9,3,9,3,8,4,8,4,7,4,0,0,0,0,0,0,0,0,0,0,0,0,0,0,0,0,0,0,0,0,0,0,11,4,11,5,11,6,11,7,11,7,11,8,10,9,10,9,10,10,9,10,9,10,9,10,9,9,9,9,9,9,9,9,10,8,10,8,10,8,11,8,11,7,12,7,12,7,12,7,12,7,13,7]
[0;32mI (645234) TAG: STA connected to 24:ec:4a:03:58:5d, ch=1 (sec=0)[0m
anchor,A1,24:ec:4a:03:58:5d,ch=1
ftm_report,A1,2,2,0.300
csi_data,A1,[0,0,2,14,2,13,2,13,2,13,3,13,3,13,3,13,4,12,4,12,4,12,5,12,5,11,5,12,6,12,6,12,6,13,6,13,6,13,5,14,5,14,4,14,3,14,2,13,2,13,1,13,0,13,0,0,0,0,0,0,0,0,0,0,0,0,0,0,0,0,0,0,0,0,0,0,0,10,-1,10,-1,10,-1,11,-2,11,-3,11,-3,11,-3,11,-3,11,-4,11,-4,11,-4,11,-3,11,-3,11,-3,11,-2,11,-2,11,-1,11,-1,12,0,12,0,12,1,12,1,13,1,13,1,13,2,14]
[0;32mI (646094) TAG: STA connected to 24:ec:4a:04:39:15, ch=6 (sec=0)[0m
anchor,A2,24:ec:4a:04:39:15,ch=6
ftm_report,A2,3,3,0.450
[0;32mI (646974) TAG: STA connected to 24:ec:4a:03:56:41, ch=11 (sec=0)[0m
csi_data,A3,[0,0,-10,-12,-9,-12,-9,-12,-9,-11,-9,-11,-9,-10,-9,-10,-9,-9,-9,-9,-10,-8,-10,-8,-10,-7,-10,-7,-10,-7,-10,-7,-10,-7,-10,-7,-10,-7,-10,-7,-9,-7,-9,-8,-8,-8,-8,-8,-7,-8,-6,-8,-6,-8,0,0,0,0,0,0,0,0,0,0,0,0,0,0,0,0,0,0,0,0,0,0,-9,-9,-9,-10,-9,-11,-8,-11,-8,-12,-8,-13,-7,-13,-7,-14,-6,-14,-6,-14,-6,-14,-6,-14,-6,-14,-6,-13,-6,-13,-6,-13,-7,-13,-7,-12,-8,-13,-8,-12,-9,-12,-9,-12,-9,-12,-10,-12,-10,-12,-10,-12]
anchor,A3,24:ec:4a:03:56:41,ch=11
ftm_report,A3,15,15,2.250
[0;32mI (647824) TAG: STA connected to 24:ec:4a:03:58:5d, ch=1 (sec=0)[0m
csi_data,A1,[0,0,-13,-8,-13,-8,-13,-8,-13,-8,-13,-7,-13,-7,-13,-7,-13,-6,-13,-6,-13,-5,-14,-5,-13,-4,-14,-4,-14,-4,-14,-4,-15,-4,-15,-5,-15,-5,-15,-6,-14,-6,-14,-7,-13,-8,-13,-8,-12,-8,-11,-8,-11,-9,0,0,0,0,0,0,0,0,0,0,0,0,0,0,0,0,0,0,0,0,0,0,-9,-7,-8,-8,-8,-8,-8,-9,-8,-9,-8,-10,-7,-10,-7,-10,-7,-11,-7,-10,-7,-10,-7,-10,-7,-10,-7,-10,-8,-10,-8,-9,-8,-9,-9,-9,-9,-9,-10,-9,-10,-9,-11,-9,-11,-8,-12,-8,-12,-8,-12,-8]
anchor,A1,24:ec:4a:03:58:5d,ch=1
ftm_report,A1,2,2,0.300
[0;32mI (648694) TAG: STA connected to 24:ec:4a:04:39:15, ch=6 (sec=0)[0m
anchor,A2,24:ec:4a:04:39:15,ch=6
ftm_report,A2,0,0,-1.000
csi_data,A2,[0,0,-10,11,-10,11,-10,11,-9,11,-9,11,-8,10,-8,10,-7,10,-7,10,-6,11,-6,11,-5,11,-5,11,-5,11,-5,11,-5,11,-5,11,-6,11,-6,11,-6,11,-6,10,-7,10,-7,9,-7,9,-7,8,-8,8,0,0,0,0,0,0,0,0,0,0,0,0,0,0,0,0,0,0,0,0,0,0,-7,9,-8,9,-9,8,-9,8,-10,8,-11,8,-11,8,-11,7,-12,7,-12,7,-12,7,-11,7,-11,7,-11,7,-11,7,-11,7,-10,8,-10,8,-10,8,-10,9,-10,9,-10,10,-10,11,-10,11,-10,11,-10,11]
[0;32mI (649574) TAG: STA connected to 24:ec:4a:03:56:41, ch=11 (sec=0)[0m
anchor,A3,24:ec:4a:03:56:41,ch=11
ftm_report,A3,17,17,2.550
csi_data,A3,[0,0,-4,14,-4,13,-4,13,-3,13,-3,13,-2,12,-2,12,-1,11,-1,11,-1,11,0,11,0,11,0,11,0,11,1,11,1,11,1,11,0,11,0,11,0,11,-1,10,-1,10,-2,9,-2,9,-2,8,-3,8,0,0,0,0,0,0,0,0,0,0,0,0,0,0,0,0,0,0,0,0,0,0,-1,12,-2,12,-3,12,-4,13,-4,13,-5,13,-6,13,-6,13,-7,13,-7,12,-7,12,-8,12,-7,12,-7,12,-7,12,-6,12,-6,12,-5,12,-5,12,-4,13,-4,13,-4,13,-4,14,-4,14,-4,14,-4,14]
[0;32mI (650424) TAG: STA connected to 24:ec:4a:03:58:5d, ch=1 (sec=0)[0m
anchor,A1,24:ec:4a:03:58:5d,ch=1
ftm_report,A1,4,4,0.600
csi_data,A1,[0,0,14,0,14,-1,14,-1,14,-1,14,-1,14,-1,14,-2,13,-2,13,-2,13,-3,13,-4,13,-4,13,-4,14,-4,14,-5,14,-5,14,-4,15,-4,15,-3,15,-3,15,-2,14,-1,14,0,14,0,13,1,13,2,0,0,0,0,0,0,0,0,0,0,0,0,0,0,0,0,0,0,0,0,0,0,9,1,10,1,10,2,10,2,10,3,11,3,10,4,10,4,10,4,10,4,10,4,10,4,10,4,10,4,10,3,10,3,11,3,11,2,12,2,12,1,12,1,13,1,13,0,13,0,14,0,14,0]
[0;32mI (651274) TAG: STA connected to 24:ec:4a:04:39:15, ch=6 (sec=0)[0m
anchor,A2,24:ec:4a:04:39:15,ch=6
ftm_report,A2,0,0,-1.000
csi_data,A2,[0,0,-10,11,-10,11,-10,10,-9,10,-9,10,-9,10,-8,10,-8,10,-7,10,-7,10,-6,10,-6,10,-6,10,-6,10,-6,11,-5,11,-6,11,-6,11,-7,11,-7,10,-7,10,-7,9,-8,9,-8,8,-8,7,-8,7,0,0,0,0,0,0,0,0,0,0,0,0,0,0,0,0,0,0,0,0,0,0,-7,9,-8,9,-9,9,-9,8,-10,9,-10,8,-11,8,-11,8,-11,7,-12,7,-12,7,-11,7,-11,7,-11,7,-10,7,-11,7,-10,8,-10,8,-10,8,-10,9,-10,9,-10,10,-10,10,-10,11,-10,11,-10,11]
[0;32mI (652144) TAG: STA connected to 24:ec:4a:03:56:41, ch=11 (sec=0)[0m
anchor,A3,24:ec:4a:03:56:41,ch=11
ftm_report,A3,17,17,2.550
csi_data,A3,[0,0,0,14,0,14,0,13,0,13,1,12,1,12,1,12,2,11,2,11,3,10,3,10,3,10,3,10,4,10,4,10,4,10,4,10,4,10,3,10,3,10,2,10,2,9,1,9,1,9,0,8,0,8,0,0,0,0,0,0,0,0,0,0,0,0,0,0,0,0,0,0,0,0,0,0,2,12,2,12,1,13,0,13,0,14,-1,14,-2,14,-2,14,-3,14,-3,14,-3,14,-3,14,-3,13,-3,13,-3,13,-3,13,-2,13,-2,13,-1,13,-1,14,-1,14,0,14,0,14,0,14,1,14,1,14]
[0;32mI (653064) TAG: STA connected to 24:ec:4a:03:58:5d, ch=1 (sec=0)[0m
anchor,A1,24:ec:4a:03:58:5d,ch=1
ftm_report,A1,5,5,0.750
[0;32mI (653914) TAG: STA connected to 24:ec:4a:04:39:15, ch=6 (sec=0)[0m
csi_data,A2,[0,0,9,11,9,10,9,11,8,10,9,10,9,9,9,9,9,8,9,8,9,7,9,7,9,6,10,6,10,6,10,6,10,7,10,6,10,7,10,7,9,7,9,8,8,8,8,7,7,8,7,8,6,8,0,0,0,0,0,0,0,0,0,0,0,0,0,0,0,0,0,0,0,0,0,0,8,8,8,8,7,9,7,10,6,10,6,11,6,11,6,11,5,12,5,11,5,12,5,11,5,11,5,11,5,11,5,10,6,11,6,10,7,10,7,10,8,10,8,10,9,10,9,10,9,10,9,11]
anchor,A2,24:ec:4a:04:39:15,ch=6
ftm_report,A2,0,0,-1.000
[0;32mI (654764) TAG: STA connected to 24:ec:4a:03:56:41, ch=11 (sec=0)[0m
anchor,A3,24:ec:4a:03:56:41,ch=11
ftm_report,A3,18,18,2.700
csi_data,A3,[0,0,-1,-15,-1,-15,-1,-14,-1,-14,-1,-14,-2,-13,-2,-13,-3,-12,-3,-12,-3,-12,-4,-11,-4,-11,-4,-11,-5,-11,-5,-11,-5,-11,-5,-11,-4,-11,-4,-11,-4,-11,-3,-11,-3,-10,-3,-10,-2,-9,-1,-9,-1,-9,0,0,0,0,0,0,0,0,0,0,0,0,0,0,0,0,0,0,0,0,0,0,-3,-13,-2,-13,-1,-14,0,-14,0,-14,1,-15,2,-15,2,-15,3,-15,3,-15,3,-15,3,-14,3,-14,3,-14,2,-14,2,-14,2,-14,1,-14,1,-14,1,-15,0,-15,0,-15,-1,-15,-1,-15,-1,-15,-1,-15]
[0;32mI (655634) TAG: STA connected to 24:ec:4a:03:58:5d, ch=1 (sec=0)[0m
anchor,A1,24:ec:4a:03:58:5d,ch=1
ftm_report,A1,4,4,0.600
csi_data,A1,[0,0,-5,13,-4,13,-5,13,-4,13,-4,13,-4,13,-3,13,-3,13,-3,13,-2,13,-1,13,-1,13,-1,13,-1,14,-1,14,-1,14,-1,14,-1,15,-2,15,-3,14,-3,14,-4,13,-4,13,-5,12,-5,12,-6,11,0,0,0,0,0,0,0,0,0,0,0,0,0,0,0,0,0,0,0,0,0,0,-4,9,-5,9,-6,9,-6,9,-7,9,-7,9,-8,9,-8,9,-8,9,-8,8,-8,9,-8,9,-8,9,-8,8,-7,9,-7,9,-7,9,-6,10,-6,10,-6,11,-6,11,-5,12,-5,12,-5,13,-5,13,-5,13]
[0;32mI (656494) TAG: STA connected to 24:ec:4a:04:39:15, ch=6 (sec=0)[0m
csi_data,A2,[0,0,-13,8,-13,8,-12,8,-13,8,-12,8,-12,8,-11,8,-11,8,-10,8,-10,9,-9,9,-9,9,-9,9,-9,9,-9,10,-9,10,-9,10,-9,9,-10,9,-10,9,-10,8,-10,7,-10,7,-10,6,-10,6,-10,5,0,0,0,0,0,0,0,0,0,0,0,0,0,0,0,0,0,0,0,0,0,0,-10,7,-10,6,-11,6,-11,5,-12,6,-12,5,-13,5,-13,4,-13,4,-13,3,-13,3,-13,3,-13,3,-13,4,-12,4,-12,4,-12,5,-12,6,-12,6,-12,6,-12,7,-12,7,-13,8,-13,8,-13,8,-13,8]
[1;31mE (657164) wifi:No valid FTM Measurements found out of 3 received measurements![0m
[0;33mW (657264) TAG: FTM to A2 failed (ESP_FAIL), streak=1[0m
[0;32mI (657504) esp_netif_handlers: sta ip: 192.168.4.2, mask: 255.255.255.0, gw: 192.168.4.1[0m
[0;32mI (657864) TAG: STA connected to 24:ec:4a:03:56:41, ch=11 (sec=0)[0m
csi_data,A3,[0,0,9,-12,8,-11,8,-11,8,-11,7,-11,7,-11,6,-11,6,-11,5,-11,4,-11,4,-11,4,-11,3,-11,3,-11,3,-11,3,-12,4,-11,4,-11,4,-11,4,-11,4,-11,5,-10,5,-9,5,-9,5,-8,5,-8,0,0,0,0,0,0,0,0,0,0,0,0,0,0,0,0,0,0,0,0,0,0,5,-11,6,-11,7,-11,8,-11,8,-11,9,-11,10,-10,10,-10,11,-10,11,-9,11,-9,11,-9,11,-9,10,-9,10,-9,10,-9,10,-10,9,-10,9,-10,9,-11,9,-11,9,-11,9,-12,8,-12,8,-12,9,-12]
anchor,A3,24:ec:4a:03:56:41,ch=11
ftm_report,A3,13,13,1.950
[0;32mI (658734) TAG: STA connected to 24:ec:4a:03:58:5d, ch=1 (sec=0)[0m
csi_data,A1,[0,0,1,-15,0,-15,0,-15,0,-15,0,-15,0,-14,-1,-14,-1,-14,-2,-14,-2,-14,-3,-14,-3,-14,-3,-14,-4,-14,-4,-14,-4,-14,-4,-15,-3,-15,-3,-15,-2,-15,-2,-15,-1,-15,-1,-15,0,-14,1,-14,2,-13,0,0,0,0,0,0,0,0,0,0,0,0,0,0,0,0,0,0,0,0,0,0,1,-10,1,-10,2,-11,2,-11,3,-11,3,-11,4,-11,4,-11,4,-11,5,-11,5,-11,5,-11,4,-11,4,-11,4,-11,4,-12,3,-12,3,-12,3,-12,2,-13,1,-13,1,-14,1,-14,1,-14,1,-15,1,-15]
[0;32mI (659744) esp_netif_handlers: sta ip: 192.168.4.2, mask: 255.255.255.0, gw: 192.168.4.1[0m
anchor,A1,24:ec:4a:03:58:5d,ch=1
ftm_report,A1,18,18,2.700
[0;32mI (660624) TAG: STA connected to 24:ec:4a:04:39:15, ch=6 (sec=0)[0m
csi_data,A2,[0,0,8,12,8,11,8,11,8,11,8,10,8,10,8,9,8,9,8,9,9,8,9,8,9,7,9,7,9,7,9,7,10,7,9,7,10,7,9,7,9,8,8,8,8,8,7,8,7,8,6,8,6,8,0,0,0,0,0,0,0,0,0,0,0,0,0,0,0,0,0,0,0,0,0,0,7,9,7,9,6,10,6,10,6,11,5,12,5,12,4,12,4,12,4,12,4,12,3,12,4,12,4,12,4,11,4,11,5,11,5,11,6,11,6,11,7,11,7,11,8,12,8,11,8,12,9,12]
anchor,A2,24:ec:4a:04:39:15,ch=6
ftm_report,A2,9,9,1.350
[0;32mI (661634) esp_netif_handlers: sta ip: 192.168.4.2, mask: 255.255.255.0, gw: 192.168.4.1[0m
[0;32mI (661994) TAG: STA connected to 24:ec:4a:03:56:41, ch=11 (sec=0)[0m
csi_data,A3,[0,0,13,6,13,5,12,5,12,5,12,4,12,4,12,3,11,3,11,2,11,1,11,1,11,1,11,0,11,0,11,0,11,0,11,0,11,0,11,0,11,0,11,1,10,1,10,2,9,2,9,2,8,3,0,0,0,0,0,0,0,0,0,0,0,0,0,0,0,0,0,0,0,0,0,0,11,3,11,4,11,5,11,6,12,6,11,7,11,8,11,8,11,9,11,9,10,9,10,9,10,9,10,9,10,8,10,8,11,7,11,7,11,7,12,6,12,6,12,6,13,6,13,6,13,6,13,6]
anchor,A3,24:ec:4a:03:56:41,ch=11
ftm_report,A3,11,11,1.650
[0;32mI (662864) TAG: STA connected to 24:ec:4a:03:58:5d, ch=1 (sec=0)[0m
csi_data,A1,[0,0,-6,-14,-7,-14,-7,-14,-7,-14,-7,-13,-7,-13,-8,-13,-7,-12,-8,-12,-8,-12,-9,-12,-9,-11,-9,-11,-10,-11,-10,-11,-10,-12,-10,-12,-10,-13,-10,-13,-9,-13,-8,-13,-7,-13,-6,-13,-6,-13,-5,-13,-4,-13,0,0,0,0,0,0,0,0,0,0,0,0,0,0,0,0,0,0,0,0,0,0,-4,-9,-4,-10,-4,-10,-3,-11,-3,-11,-2,-12,-2,-12,-1,-12,-2,-12,-1,-12,-1,-12,-1,-12,-1,-12,-1,-12,-2,-12,-2,-12,-3,-12,-3,-12,-4,-12,-4,-13,-5,-13,-5,-13,-5,-13,-6,-14,-6,-14,-6,-14]
anchor,A1,24:ec:4a:03:58:5d,ch=1
ftm_report,A1,18,18,2.700
[0;32mI (663744) TAG: STA connected to 24:ec:4a:04:39:15, ch=6 (sec=0)[0m
anchor,A2,24:ec:4a:04:39:15,ch=6
ftm_report,A2,9,9,1.350
csi_data,A2,[0,0,-5,-15,-5,-14,-5,-14,-5,-14,-5,-13,-5,-13,-5,-13,-6,-12,-6,-12,-6,-12,-7,-11,-7,-11,-7,-11,-7,-10,-7,-11,-7,-11,-7,-11,-7,-11,-7,-11,-7,-11,-6,-11,-5,-11,-5,-11,-4,-11,-4,-11,-3,-11,0,0,0,0,0,0,0,0,0,0,0,0,0,0,0,0,0,0,0,0,0,0,-5,-11,-4,-12,-4,-12,-3,-12,-3,-13,-2,-14,-2,-14,-1,-14,-1,-14,-1,-14,0,-14,-1,-14,-1,-13,-1,-13,-1,-13,-1,-13,-2,-13,-3,-13,-3,-13,-3,-13,-4,-14,-4,-14,-5,-14,-5,-14,-5,-14,-5,-15]
[0;32mI (664614) TAG: STA connected to 24:ec:4a:03:56:41, ch=11 (sec=0)[0m
anchor,A3,24:ec:4a:03:56:41,ch=11
ftm_report,A3,12,12,1.800
csi_data,A3,[0,0,6,-14,6,-13,6,-13,6,-13,5,-13,4,-12,4,-12,3,-12,3,-12,2,-12,2,-12,1,-12,1,-12,1,-12,1,-12,1,-13,1,-12,1,-12,1,-12,2,-12,2,-12,2,-11,3,-11,3,-10,3,-10,4,-9,0,0,0,0,0,0,0,0,0,0,0,0,0,0,0,0,0,0,0,0,0,0,4,-12,5,-12,5,-12,6,-12,7,-12,7,-12,8,-12,9,-12,9,-12,9,-11,9,-11,9,-11,9,-11,9,-11,8,-11,8,-11,8,-11,7,-12,7,-12,7,-12,7,-13,7,-13,6,-14,6,-14,6,-14,6,-14]
[0;32mI (665534) TAG: STA connected to 24:ec:4a:03:58:5d, ch=1 (sec=0)[0m
[1;31mE (665704) wifi:No FTM Measurements received from responder![0m
[0;33mW (665804) TAG: FTM to A1 failed (ESP_FAIL), streak=1[0m
csi_data,A1,[0,0,-9,-12,-9,-12,-9,-12,-9,-12,-9,-12,-9,-11,-10,-11,-10,-10,-10,-10,-10,-10,-11,-9,-11,-9,-11,-9,-12,-9,-12,-9,-12,-9,-12,-10,-12,-10,-11,-10,-11,-11,-11,-11,-10,-11,-9,-11,-8,-11,-7,-12,-6,-12,0,0,0,0,0,0,0,0,0,0,0,0,0,0,0,0,0,0,0,0,0,0,-6,-8,-5,-9,-5,-9,-5,-10,-5,-10,-4,-11,-4,-11,-4,-11,-4,-12,-4,-12,-3,-12,-3,-12,-4,-11,-4,-11,-4,-11,-5,-11,-5,-11,-5,-11,-6,-11,-6,-11,-7,-11,-7,-12,-8,-12,-8,-12,-9,-12,-9,-12]
[0;32mI (666424) TAG: STA connected to 24:ec:4a:04:39:15, ch=6 (sec=0)[0m
anchor,A2,24:ec:4a:04:39:15,ch=6
ftm_report,A2,4,4,0.600
csi_data,A2,[0,0,10,-12,10,-11,10,-11,9,-11,9,-11,9,-11,8,-11,8,-11,7,-11,6,-11,6,-11,6,-11,5,-11,6,-12,5,-11,6,-12,6,-11,6,-12,6,-11,6,-11,7,-11,7,-10,7,-9,7,-9,7,-8,8,-8,0,0,0,0,0,0,0,0,0,0,0,0,0,0,0,0,0,0,0,0,0,0,6,-10,7,-10,8,-9,9,-10,9,-9,10,-9,10,-9,11,-9,11,-8,11,-8,11,-8,11,-8,11,-8,10,-8,11,-8,10,-8,10,-9,9,-9,10,-10,9,-10,9,-10,10,-11,9,-11,10,-11,10,-12,10,-12]
[0;32mI (667294) TAG: STA connected to 24:ec:4a:03:56:41, ch=11 (sec=0)[0m
anchor,A3,24:ec:4a:03:56:41,ch=11
ftm_report,A3,11,11,1.650
csi_data,A3,[0,0,-13,8,-12,8,-12,7,-12,8,-11,7,-11,7,-10,8,-10,8,-9,8,-9,8,-8,9,-8,8,-8,8,-8,9,-7,9,-7,9,-8,9,-8,9,-8,9,-8,8,-8,8,-8,7,-9,6,-8,6,-8,6,-9,5,0,0,0,0,0,0,0,0,0,0,0,0,0,0,0,0,0,0,0,0,0,0,-9,8,-10,8,-11,7,-12,7,-12,7,-13,6,-14,6,-14,5,-14,5,-14,4,-14,4,-14,4,-14,4,-13,4,-13,4,-13,5,-13,5,-13,5,-13,6,-13,6,-13,7,-13,7,-13,8,-13,8,-13,8,-13,8]
[0;32mI (668154) TAG: STA connected to 24:ec:4a:03:58:5d, ch=1 (sec=0)[0m
[1;31mE (668834) wifi:No FTM Measurements received from responder![0m
[0;33mW (668934) TAG: FTM to A1 failed (ESP_FAIL), streak=1[0m
csi_data,A1,[0,0,-8,13,-8,12,-8,12,-8,12,-7,12,-7,12,-6,12,-6,12,-5,12,-5,12,-5,12,-4,12,-4,13,-4,13,-4,13,-4,13,-4,13,-4,14,-5,14,-5,13,-6,13,-6,12,-7,12,-7,11,-7,10,-8,10,0,0,0,0,0,0,0,0,0,0,0,0,0,0,0,0,0,0,0,0,0,0,-6,7,-7,7,-7,7,-8,7,-8,7,-9,7,-9,7,-9,7,-10,7,-10,6,-10,6,-10,7,-10,7,-10,7,-9,7,-9,7,-9,8,-8,8,-9,9,-8,9,-8,10,-8,10,-8,11,-8,11,-8,12,-8,12]
[0;32mI (669174) esp_netif_handlers: sta ip: 192.168.4.2, mask: 255.255.255.0, gw: 192.168.4.1[0m
[0;32mI (669544) TAG: STA connected to 24:ec:4a:04:39:15, ch=6 (sec=0)[0m
anchor,A2,24:ec:4a:04:39:15,ch=6
ftm_report,A2,9,9,1.350
csi_data,A2,[0,0,-3,14,-3,14,-3,13,-3,14,-3,13,-2,13,-2,13,-2,12,-1,12,-1,12,0,12,0,12,0,12,1,12,1,12,1,12,0,12,0,12,0,12,-1,12,-1,12,-1,11,-2,11,-3,10,-3,10,-3,10,0,0,0,0,0,0,0,0,0,0,0,0,0,0,0,0,0,0,0,0,0,0,-1,11,-1,11,-2,12,-3,12,-4,12,-4,12,-5,13,-5,12,-6,12,-6,12,-6,12,-6,12,-6,11,-6,11,-5,11,-5,12,-5,12,-4,12,-4,12,-4,13,-3,13,-3,13,-3,14,-3,14,-3,14,-3,14]
[0;32mI (670424) TAG: STA connected to 24:ec:4a:03:56:41, ch=11 (sec=0)[0m
anchor,A3,24:ec:4a:03:56:41,ch=11
ftm_report,A3,11,11,1.650
csi_data,A3,[0,0,7,12,7,12,7,11,7,11,7,11,7,10,8,9,8,9,7,8,8,8,8,8,8,7,8,7,9,7,9,7,9,7,9,7,9,7,9,7,8,7,8,7,7,7,6,7,6,8,5,8,5,8,0,0,0,0,0,0,0,0,0,0,0,0,0,0,0,0,0,0,0,0,0,0,7,9,7,10,7,10,6,11,6,11,6,12,5,13,5,13,4,13,4,13,3,13,3,13,4,13,3,13,4,12,4,12,4,12,5,12,5,12,6,12,6,12,7,12,7,12,7,12,7,12,8,12]
[0;32mI (671284) TAG: STA connected to 24:ec:4a:03:58:5d, ch=1 (sec=0)[0m
anchor,A1,24:ec:4a:03:58:5d,ch=1
ftm_report,A1,17,17,2.550
csi_data,A1,[0,0,12,8,12,7,12,7,12,7,12,7,12,6,12,6,12,6,12,5,12,4,12,4,12,4,13,4,13,3,13,4,13,3,14,4,14,4,14,5,13,5,13,6,12,6,12,7,11,7,10,8,9,8,0,0,0,0,0,0,0,0,0,0,0,0,0,0,0,0,0,0,0,0,0,0,7,5,7,6,7,6,7,7,7,7,7,8,7,8,6,9,7,9,6,9,6,9,6,9,6,9,7,9,7,8,7,8,7,8,8,8,8,8,9,7,10,7,10,7,10,7,11,8,11,8,12,8]
[0;32mI (672164) TAG: STA connected to 24:ec:4a:04:39:15, ch=6 (sec=0)[0m
anchor,A2,24:ec:4a:04:39:15,ch=6
ftm_report,A2,9,9,1.350
csi_data,A2,[0,0,-7,-14,-7,-13,-7,-13,-7,-13,-7,-13,-7,-12,-7,-12,-7,-11,-7,-11,-8,-10,-8,-10,-8,-9,-8,-9,-9,-9,-9,-10,-9,-10,-9,-10,-9,-10,-8,-10,-8,-10,-8,-10,-7,-10,-6,-10,-6,-10,-5,-10,-5,-10,0,0,0,0,0,0,0,0,0,0,0,0,0,0,0,0,0,0,0,0,0,0,-6,-11,-6,-11,-5,-12,-5,-12,-5,-12,-4,-13,-4,-14,-3,-14,-3,-14,-2,-13,-2,-14,-2,-13,-3,-13,-3,-13,-3,-13,-3,-13,-4,-13,-5,-13,-5,-13,-5,-13,-6,-13,-6,-13,-7,-13,-7,-13,-7,-13,-7,-14]
[0;32mI (673174) esp_netif_handlers: sta ip: 192.168.4.2, mask: 255.255.255.0, gw: 192.168.4.1[0m
[0;32mI (673544) TAG: STA connected to 24:ec:4a:03:56:41, ch=11 (sec=0)[0m
anchor,A3,24:ec:4a:03:56:41,ch=11
ftm_report,A3,12,12,1.800
csi_data,A3,[0,0,11,9,10,8,10,8,10,7,11,7,10,6,10,6,10,5,10,5,10,4,10,4,10,3,10,3,10,3,10,3,11,3,11,3,11,3,11,3,10,3,10,3,9,4,9,4,8,4,8,4,7,5,0,0,0,0,0,0,0,0,0,0,0,0,0,0,0,0,0,0,0,0,0,0,10,6,10,7,10,7,9,8,9,9,9,10,9,11,9,11,8,11,8,11,8,11,7,11,8,11,7,11,8,10,8,10,8,10,9,9,9,9,10,9,10,9,10,9,10,9,11,9,11,9,11,9]
[0;32mI (674404) TAG: STA connected to 24:ec:4a:03:58:5d, ch=1 (sec=0)[0m
csi_data,A1,[0,0,11,-9,11,-10,11,-10,11,-10,10,-10,10,-9,10,-10,9,-10,9,-10,8,-11,8,-11,8,-11,8,-11,8,-12,8,-12,8,-12,9,-12,9,-12,9,-12,10,-11,10,-11,10,-10,11,-9,11,-8,11,-8,11,-7,0,0,0,0,0,0,0,0,0,0,0,0,0,0,0,0,0,0,0,0,0,0,7,-6,8,-6,8,-5,9,-5,9,-5,10,-5,10,-4,10,-4,10,-4,10,-4,10,-4,10,-4,10,-4,10,-4,10,-4,10,-5,10,-5,10,-6,10,-6,10,-7,10,-7,10,-8,11,-8,11,-9,11,-9,11,-9]
anchor,A1,24:ec:4a:03:58:5d,ch=1
ftm_report,A1,18,18,2.700
[0;32mI (675424) esp_netif_handlers: sta ip: 192.168.4.2, mask: 255.255.255.0, gw: 192.168.4.1[0m
[0;32mI (675784) TAG: STA connected to 24:ec:4a:04:39:15, ch=6 (sec=0)[0m
csi_data,A2,[0,0,12,-9,12,-9,11,-8,11,-8,11,-9,10,-9,10,-9,9,-9,9,-9,8,-9,8,-9,8,-10,8,-10,7,-10,8,-10,8,-10,8,-10,8,-10,8,-10,8,-9,8,-9,9,-8,9,-7,9,-7,8,-6,9,-6,0,0,0,0,0,0,0,0,0,0,0,0,0,0,0,0,0,0,0,0,0,0,8,-8,9,-8,10,-7,10,-7,11,-7,11,-7,12,-6,12,-6,12,-5,12,-5,12,-5,12,-4,12,-5,12,-5,12,-5,11,-6,11,-6,11,-7,11,-7,11,-7,11,-8,11,-8,12,-8,12,-9,12,-9,12,-9]
anchor,A2,24:ec:4a:04:39:15,ch=6
ftm_report,A2,624,624,93.600
[0;32mI (676794) esp_netif_handlers: sta ip: 192.168.4.2, mask: 255.255.255.0, gw: 192.168.4.1[0m
[0;32mI (677164) TAG: STA connected to 24:ec:4a:03:56:41, ch=11 (sec=0)[0m
anchor,A3,24:ec:4a:03:56:41,ch=11
ftm_report,A3,14,14,2.100
csi_data,A3,[0,0,14,-2,14,-2,13,-2,13,-2,13,-3,12,-3,12,-3,11,-3,11,-4,10,-4,10,-5,10,-5,10,-5,10,-5,10,-6,10,-5,10,-5,10,-5,10,-5,10,-5,10,-4,10,-3,9,-3,9,-2,9,-2,9,-1,0,0,0,0,0,0,0,0,0,0,0,0,0,0,0,0,0,0,0,0,0,0,12,-4,12,-4,13,-3,13,-2,14,-2,14,-1,14,0,15,0,14,1,14,1,14,2,14,2,14,2,14,2,13,1,13,1,13,0,13,0,14,-1,14,-1,14,-1,14,-2,14,-2,14,-2,14,-2,15,-2]
[0;32mI (678064) TAG: STA connected to 24:ec:4a:03:58:5d, ch=1 (sec=0)[0m
anchor,A1,24:ec:4a:03:58:5d,ch=1
ftm_report,A1,6,6,0.900
[0;32mI (678934) TAG: STA connected to 24:ec:4a:04:39:15, ch=6 (sec=0)[0m
csi_data,A2,[0,0,13,7,12,6,13,6,12,6,12,5,12,5,12,4,12,4,12,4,12,3,12,3,12,2,12,2,12,1,12,2,12,2,12,2,12,2,12,2,12,3,12,3,11,3,10,4,10,4,10,4,9,5,0,0,0,0,0,0,0,0,0,0,0,0,0,0,0,0,0,0,0,0,0,0,10,4,10,5,10,6,10,6,10,7,10,8,9,8,9,8,9,9,9,9,9,9,8,9,9,9,9,8,9,8,9,8,9,8,10,7,10,7,11,7,11,6,12,6,12,6,13,6,13,6,13,6]
anchor,A2,24:ec:4a:04:39:15,ch=6
ftm_report,A2,0,0,-1.000
[0;32mI (679804) TAG: STA connected to 24:ec:4a:03:56:41, ch=11 (sec=0)[0m
csi_data,A3,[0,0,12,-8,11,-8,11,-8,11,-8,10,-8,10,-8,9,-8,9,-8,8,-9,7,-9,7,-9,7,-9,7,-9,6,-10,6,-10,6,-10,6,-10,7,-10,7,-9,7,-9,7,-9,7,-8,7,-7,7,-7,7,-6,7,-6,0,0,0,0,0,0,0,0,0,0,0,0,0,0,0,0,0,0,0,0,0,0,9,-9,10,-9,10,-8,11,-8,12,-7,13,-7,13,-6,14,-6,14,-5,14,-5,14,-5,14,-5,13,-5,13,-5,13,-5,12,-5,13,-6,12,-6,12,-6,12,-7,12,-7,12,-8,12,-8,12,-8,12,-8,12,-9]
anchor,A3,24:ec:4a:03:56:41,ch=11
ftm_report,A3,14,14,2.100
[0;32mI (680674) TAG: STA connected to 24:ec:4a:03:58:5d, ch=1 (sec=0)[0m
anchor,A1,24:ec:4a:03:58:5d,ch=1
ftm_report,A1,4,4,0.600
csi_data,A1,[0,0,13,-5,13,-6,13,-6,13,-6,12,-6,12,-6,12,-7,12,-7,11,-7,11,-8,11,-8,11,-8,11,-8,10,-9,11,-9,11,-9,12,-9,11,-9,12,-9,12,-8,12,-7,12,-7,12,-6,12,-5,12,-4,11,-3,0,0,0,0,0,0,0,0,0,0,0,0,0,0,0,0,0,0,0,0,0,0,9,-3,9,-3,10,-2,10,-2,11,-2,11,-1,11,-1,11,-1,11,-1,11,0,11,0,11,0,11,0,11,0,11,-1,11,-2,11,-2,12,-3,11,-3,12,-4,12,-4,12,-5,13,-5,13,-5,13,-5,13,-5]
[0;32mI (681564) TAG: STA connected to 24:ec:4a:04:39:15, ch=6 (sec=0)[0m
anchor,A2,24:ec:4a:04:39:15,ch=6
ftm_report,A2,10,10,1.500
csi_data,A2,[0,0,-15,-5,-15,-5,-14,-5,-14,-5,-14,-5,-13,-4,-13,-4,-13,-3,-13,-3,-13,-3,-13,-2,-13,-2,-13,-2,-13,-1,-13,-1,-13,-1,-13,-1,-13,-2,-13,-2,-13,-3,-13,-3,-12,-3,-12,-4,-11,-4,-11,-4,-10,-5,0,0,0,0,0,0,0,0,0,0,0,0,0,0,0,0,0,0,0,0,0,0,-12,-3,-12,-4,-12,-5,-12,-6,-12,-6,-12,-7,-12,-7,-12,-8,-11,-8,-11,-8,-11,-8,-11,-8,-11,-8,-11,-8,-11,-7,-11,-7,-12,-7,-12,-6,-12,-6,-13,-6,-13,-5,-14,-6,-14,-5,-14,-5,-14,-5,-15,-6]
[0;32mI (682444) TAG: STA connected to 24:ec:4a:03:56:41, ch=11 (sec=0)[0m
anchor,A3,24:ec:4a:03:56:41,ch=11
ftm_report,A3,14,14,2.100
csi_data,A3,[0,0,-13,-9,-12,-9,-12,-9,-12,-8,-12,-8,-12,-7,-11,-7,-11,-6,-11,-5,-11,-5,-11,-5,-11,-4,-11,-4,-11,-3,-11,-3,-12,-3,-11,-3,-11,-3,-11,-4,-11,-4,-10,-4,-10,-4,-9,-5,-9,-5,-8,-5,-8,-5,0,0,0,0,0,0,0,0,0,0,0,0,0,0,0,0,0,0,0,0,0,0,-12,-6,-12,-8,-11,-8,-11,-9,-11,-10,-11,-11,-11,-11,-10,-12,-10,-12,-10,-12,-9,-12,-9,-12,-9,-12,-9,-12,-9,-11,-9,-11,-10,-11,-10,-10,-11,-10,-11,-10,-12,-10,-12,-10,-12,-10,-12,-9,-13,-10,-13,-9]
[0;32mI (683294) TAG: STA connected to 24:ec:4a:03:58:5d, ch=1 (sec=0)[0m
anchor,A1,24:ec:4a:03:58:5d,ch=1
ftm_report,A1,5,5,0.750
csi_data,A1,[0,0,-9,11,-9,11,-9,11,-9,11,-9,11,-8,11,-8,11,-7,11,-7,12,-6,11,-6,12,-6,12,-6,12,-6,13,-5,13,-6,13,-6,13,-6,13,-7,13,-7,12,-8,12,-8,11,-8,11,-9,10,-9,9,-10,8,0,0,0,0,0,0,0,0,0,0,0,0,0,0,0,0,0,0,0,0,0,0,-7,7,-7,7,-8,7,-9,7,-9,6,-10,6,-10,6,-10,6,-10,6,-10,5,-11,6,-10,6,-10,6,-10,6,-10,6,-10,7,-10,7,-9,7,-9,8,-9,9,-9,9,-9,10,-9,10,-9,10,-9,11,-9,11]
[0;32mI (684154) TAG: STA connected to 24:ec:4a:04:39:15, ch=6 (sec=0)[0m
anchor,A2,24:ec:4a:04:39:15,ch=6
ftm_report,A2,8,8,1.200
[0;32mI (685024) TAG: STA connected to 24:ec:4a:03:56:41, ch=11 (sec=0)[0m
anchor,A3,24:ec:4a:03:56:41,ch=11
ftm_report,A3,15,15,2.250
[0;32mI (685894) TAG: STA connected to 24:ec:4a:03:58:5d, ch=1 (sec=0)[0m
csi_data,A1,[0,0,5,13,5,13,5,13,5,13,5,13,5,12,5,12,6,12,6,11,6,11,7,11,7,10,8,10,8,11,8,10,8,11,8,11,8,12,7,12,6,12,6,12,5,12,4,12,4,12,3,12,2,12,0,0,0,0,0,0,0,0,0,0,0,0,0,0,0,0,0,0,0,0,0,0,3,9,2,9,2,9,2,10,1,10,1,11,0,11,0,11,0,11,0,11,0,11,0,11,0,11,0,11,0,11,1,11,1,11,2,11,2,11,3,11,3,12,4,12,4,12,5,13,5,13,5,13]
anchor,A1,24:ec:4a:03:58:5d,ch=1
ftm_report,A1,5,5,0.750
[0;32mI (686754) TAG: STA connected to 24:ec:4a:04:39:15, ch=6 (sec=0)[0m
anchor,A2,24:ec:4a:04:39:15,ch=6
ftm_report,A2,10,10,1.500
csi_data,A2,[0,0,-13,7,-13,7,-13,6,-13,7,-12,7,-12,7,-12,7,-11,7,-11,7,-10,8,-10,8,-10,8,-9,8,-9,9,-9,9,-9,9,-10,9,-10,9,-10,8,-10,8,-10,7,-10,7,-10,6,-11,5,-10,5,-10,4,0,0,0,0,0,0,0,0,0,0,0,0,0,0,0,0,0,0,0,0,0,0,-10,6,-10,6,-11,5,-11,4,-12,4,-12,4,-13,4,-13,3,-13,3,-13,2,-13,2,-13,2,-13,2,-13,2,-13,3,-12,3,-12,4,-12,4,-12,4,-12,5,-13,6,-13,6,-13,7,-13,6,-13,7,-13,7]
[0;32mI (687604) TAG: STA connected to 24:ec:4a:03:56:41, ch=11 (sec=0)[0m
anchor,A3,24:ec:4a:03:56:41,ch=11
ftm_report,A3,15,15,2.250
csi_data,A3,[0,0,0,15,0,13,0,14,0,13,1,13,1,12,2,12,2,11,2,11,3,11,3,11,3,10,4,10,4,10,4,10,4,10,4,10,4,11,4,10,3,10,3,10,2,10,1,9,1,9,1,9,0,9,0,0,0,0,0,0,0,0,0,0,0,0,0,0,0,0,0,0,0,0,0,0,2,12,1,13,1,13,0,14,-1,13,-1,14,-2,14,-3,14,-3,14,-4,14,-4,14,-4,14,-4,13,-4,13,-3,13,-3,13,-2,14,-2,13,-2,14,-1,14,-1,14,0,14,0,14,0,14,0,14,0,15]
[0;32mI (688514) TAG: STA connected to 24:ec:4a:03:58:5d, ch=1 (sec=0)[0m
anchor,A1,24:ec:4a:03:58:5d,ch=1
ftm_report,A1,7,7,1.050
csi_data,A1,[0,0,13,-7,12,-7,12,-7,12,-7,12,-8,12,-7,11,-8,11,-8,10,-8,10,-9,10,-9,10,-9,9,-10,10,-10,9,-10,10,-11,10,-10,11,-10,11,-10,11,-9,11,-9,11,-8,11,-7,11,-7,11,-6,11,-5,0,0,0,0,0,0,0,0,0,0,0,0,0,0,0,0,0,0,0,0,0,0,9,-4,9,-4,9,-3,10,-3,10,-2,11,-2,11,-2,11,-1,11,-1,11,-1,11,-1,11,-1,11,-1,11,-2,11,-2,11,-3,11,-3,11,-3,11,-4,12,-4,11,-5,12,-5,12,-6,12,-6,12,-6,13,-7]
[0;32mI (689384) TAG: STA connected to 24:ec:4a:04:39:15, ch=6 (sec=0)[0m
anchor,A2,24:ec:4a:04:39:15,ch=6
ftm_report,A2,9,9,1.350
csi_data,A2,[0,0,1,15,1,14,1,14,1,14,1,13,1,13,2,13,2,12,2,12,3,12,3,12,4,11,4,11,4,11,4,12,4,11,4,12,4,12,4,12,3,12,3,12,2,11,1,11,1,11,0,11,0,11,0,0,0,0,0,0,0,0,0,0,0,0,0,0,0,0,0,0,0,0,0,0,1,11,1,11,0,12,-1,11,-1,12,-1,12,-2,13,-2,13,-3,13,-3,12,-3,12,-3,12,-3,12,-3,12,-2,12,-2,12,-2,12,-1,13,-1,12,0,13,0,13,0,14,1,14,1,14,1,14,1,14]
[0;32mI (690274) TAG: STA connected to 24:ec:4a:03:56:41, ch=11 (sec=0)[0m
anchor,A3,24:ec:4a:03:56:41,ch=11
ftm_report,A3,14,14,2.100
csi_data,A3,[0,0,14,-1,13,-2,13,-1,13,-2,13,-2,12,-3,12,-3,11,-3,11,-4,10,-4,10,-4,10,-5,10,-5,10,-5,10,-5,10,-6,10,-5,10,-5,10,-5,10,-5,10,-4,10,-3,9,-3,9,-2,9,-2,9,-2,0,0,0,0,0,0,0,0,0,0,0,0,0,0,0,0,0,0,0,0,0,0,12,-3,12,-3,13,-2,13,-1,14,-1,14,0,14,1,14,1,14,2,14,2,14,3,14,2,14,2,13,2,13,2,13,2,13,1,13,1,13,0,14,0,14,-1,14,-1,14,-1,14,-1,14,-1,14,-2]
[0;32mI (691134) TAG: STA connected to 24:ec:4a:03:58:5d, ch=1 (sec=0)[0m
[1;31mE (691304) wifi:No FTM Measurements received from responder![0m
[0;33mW (691404) TAG: FTM to A1 failed (ESP_FAIL), streak=1[0m
[0;32mI (692014) TAG: STA connected to 24:ec:4a:04:39:15, ch=6 (sec=0)[0m
csi_data,A2,[0,0,-10,11,-10,10,-10,10,-10,10,-9,10,-9,10,-8,10,-8,10,-7,10,-7,10,-6,10,-6,10,-6,11,-6,11,-6,11,-6,11,-6,11,-6,11,-7,11,-7,11,-7,10,-8,10,-8,9,-8,8,-8,8,-8,7,0,0,0,0,0,0,0,0,0,0,0,0,0,0,0,0,0,0,0,0,0,0,-7,9,-8,8,-9,8,-9,8,-10,8,-10,8,-11,7,-11,7,-11,7,-12,6,-12,6,-11,6,-11,6,-11,7,-11,7,-10,7,-10,7,-10,8,-10,8,-10,9,-10,9,-10,10,-10,10,-10,11,-10,11,-10,11]
anchor,A2,24:ec:4a:04:39:15,ch=6
ftm_report,A2,9,9,1.350
[0;32mI (692874) TAG: STA connected to 24:ec:4a:03:56:41, ch=11 (sec=0)[0m
csi_data,A3,[0,0,-4,-15,-4,-15,-4,-14,-4,-14,-4,-13,-5,-13,-5,-12,-5,-12,-5,-11,-6,-11,-6,-10,-7,-10,-7,-10,-7,-10,-7,-10,-7,-10,-7,-10,-7,-10,-6,-10,-6,-10,-5,-10,-5,-10,-5,-9,-4,-9,-4,-9,-3,-9,0,0,0,0,0,0,0,0,0,0,0,0,0,0,0,0,0,0,0,0,0,0,-6,-12,-6,-13,-5,-14,-4,-14,-4,-15,-3,-15,-2,-16,-2,-16,-1,-16,-1,-16,-1,-16,-1,-16,-1,-15,-1,-15,-1,-15,-1,-15,-2,-15,-2,-15,-3,-15,-3,-15,-3,-15,-3,-15,-4,-15,-5,-15,-5,-15,-5,-15]
anchor,A3,24:ec:4a:03:56:41,ch=11
ftm_report,A3,16,16,2.400
[0;32mI (693734) TAG: STA connected to 24:ec:4a:03:58:5d, ch=1 (sec=0)[0m
anchor,A1,24:ec:4a:03:58:5d,ch=1
ftm_report,A1,5,5,0.750
csi_data,A1,[0,0,-10,-11,-10,-11,-10,-11,-10,-11,-10,-11,-10,-10,-10,-10,-10,-10,-10,-9,-11,-9,-11,-9,-11,-8,-12,-8,-12,-8,-12,-8,-12,-8,-12,-8,-12,-9,-12,-10,-11,-10,-11,-10,-10,-10,-9,-10,-9,-10,-8,-11,-7,-11,0,0,0,0,0,0,0,0,0,0,0,0,0,0,0,0,0,0,0,0,0,0,-7,-8,-7,-8,-6,-9,-6,-10,-6,-10,-6,-11,-5,-11,-5,-11,-5,-11,-5,-11,-5,-11,-5,-11,-5,-11,-5,-11,-5,-11,-6,-11,-6,-11,-6,-11,-7,-11,-8,-11,-8,-11,-8,-11,-9,-11,-10,-11,-10,-11,-10,-11]
[0;32mI (694594) TAG: STA connected to 24:ec:4a:04:39:15, ch=6 (sec=0)[0m
anchor,A2,24:ec:4a:04:39:15,ch=6
ftm_report,A2,9,9,1.350
csi_data,A2,[0,0,14,5,13,4,14,4,13,4,13,4,13,4,12,3,12,3,12,2,12,1,12,1,12,0,12,0,12,0,12,0,13,0,12,0,12,1,12,1,12,2,12,2,11,3,11,3,10,3,10,3,9,4,0,0,0,0,0,0,0,0,0,0,0,0,0,0,0,0,0,0,0,0,0,0,11,2,11,3,11,4,11,4,11,5,12,6,11,6,11,7,11,7,11,7,11,7,10,7,11,7,11,7,11,7,10,6,11,6,11,5,12,5,12,5,13,5,13,5,13,4,14,4,14,4,14,4]
[0;32mI (695444) TAG: STA connected to 24:ec:4a:03:56:41, ch=11 (sec=0)[0m
anchor,A3,24:ec:4a:03:56:41,ch=11
ftm_report,A3,14,14,2.100
csi_data,A3,[0,0,-16,-1,-15,-1,-15,-1,-14,-1,-14,0,-13,0,-13,1,-13,1,-12,1,-12,2,-12,2,-12,2,-12,3,-12,3,-11,3,-12,3,-12,3,-12,3,-12,3,-11,2,-11,2,-11,1,-11,1,-10,0,-10,0,-10,-1,0,0,0,0,0,0,0,0,0,0,0,0,0,0,0,0,0,0,0,0,0,0,-12,1,-13,1,-13,0,-14,-1,-14,-2,-15,-2,-15,-3,-15,-3,-15,-4,-14,-4,-14,-5,-14,-5,-14,-4,-14,-5,-14,-4,-13,-4,-14,-3,-14,-3,-15,-3,-14,-2,-15,-2,-15,-1,-15,-1,-15,-1,-15,-1,-15,-1]
[0;32mI (696314) TAG: STA connected to 24:ec:4a:03:58:5d, ch=1 (sec=0)[0m
[1;31mE (696984) wifi:No FTM Measurements received from responder![0m
csi_data,A1,[0,0,3,-14,3,-15,2,-14,3,-15,2,-14,2,-14,2,-14,1,-14,1,-14,0,-14,0,-14,-1,-14,-1,-14,-1,-14,-1,-15,-1,-14,-1,-15,0,-15,0,-15,1,-15,1,-14,2,-14,2,-13,3,-13,3,-12,4,-12,0,0,0,0,0,0,0,0,0,0,0,0,0,0,0,0,0,0,0,0,0,0,2,-10,2,-10,3,-10,3,-10,4,-11,5,-11,5,-11,5,-10,6,-11,6,-10,6,-11,6,-10,6,-10,5,-10,5,-10,5,-11,5,-11,4,-12,4,-12,4,-12,3,-12,3,-13,3,-14,3,-14,3,-14,3,-15]
[0;33mW (697084) TAG: FTM to A1 failed (ESP_FAIL), streak=1[0m
[0;32mI (697324) esp_netif_handlers: sta ip: 192.168.4.2, mask: 255.255.255.0, gw: 192.168.4.1[0m
[0;32mI (697694) TAG: STA connected to 24:ec:4a:04:39:15, ch=6 (sec=0)[0m
anchor,A2,24:ec:4a:04:39:15,ch=6
ftm_report,A2,10,10,1.500
csi_data,A2,[0,0,-6,14,-6,14,-5,13,-5,14,-5,13,-5,13,-4,12,-4,12,-3,12,-3,12,-2,12,-2,12,-1,12,-1,12,-1,13,-1,12,-1,12,-1,12,-2,12,-2,12,-3,12,-3,11,-3,11,-4,10,-4,10,-4,9,0,0,0,0,0,0,0,0,0,0,0,0,0,0,0,0,0,0,0,0,0,0,-4,11,-4,11,-5,11,-6,11,-7,11,-7,11,-8,11,-8,11,-9,11,-9,10,-9,10,-9,10,-8,10,-8,10,-8,10,-7,11,-7,11,-7,11,-6,11,-6,12,-6,12,-6,13,-6,14,-5,14,-6,14,-5,14]
[0;32mI (698544) TAG: STA connected to 24:ec:4a:03:56:41, ch=11 (sec=0)[0m
anchor,A3,24:ec:4a:03:56:41,ch=11
ftm_report,A3,16,16,2.400
csi_data,A3,[0,0,7,13,6,12,6,12,6,11,7,11,6,10,7,10,7,9,7,9,7,8,7,8,7,7,8,7,8,7,8,7,8,7,8,7,8,7,7,7,7,8,7,8,6,7,5,7,5,7,4,7,4,7,0,0,0,0,0,0,0,0,0,0,0,0,0,0,0,0,0,0,0,0,0,0,8,9,8,10,7,10,7,11,6,12,6,13,5,13,5,13,5,14,4,13,4,14,4,13,4,13,3,13,4,13,4,12,4,13,5,12,5,12,6,12,6,12,6,12,7,12,7,13,7,13,7,12]
[0;32mI (699454) TAG: STA connected to 24:ec:4a:03:58:5d, ch=1 (sec=0)[0m
anchor,A1,24:ec:4a:03:58:5d,ch=1
ftm_report,A1,6,6,0.900
csi_data,A1,[0,0,2,14,2,14,2,14,2,14,2,13,2,13,3,13,3,13,3,12,4,12,4,12,5,12,5,12,5,12,5,12,5,12,5,13,5,13,4,13,3,13,3,13,2,13,2,13,1,12,0,12,-1,12,0,0,0,0,0,0,0,0,0,0,0,0,0,0,0,0,0,0,0,0,0,0,1,9,1,10,1,10,0,10,0,11,-1,11,-2,11,-2,11,-2,12,-2,11,-2,12,-2,12,-2,11,-2,11,-2,11,-1,12,-1,12,-1,12,0,12,0,12,1,12,1,13,1,13,2,14,2,14,2,14]
[0;32mI (700334) TAG: STA connected to 24:ec:4a:04:39:15, ch=6 (sec=0)[0m
anchor,A2,24:ec:4a:04:39:15,ch=6
ftm_report,A2,10,10,1.500
csi_data,A2,[0,0,-15,-3,-15,-3,-15,-3,-14,-3,-14,-2,-14,-2,-14,-2,-13,-1,-13,-1,-12,0,-13,0,-12,1,-12,1,-13,1,-13,1,-13,1,-13,1,-13,1,-13,0,-12,0,-12,0,-12,-1,-11,-1,-11,-2,-11,-2,-10,-3,0,0,0,0,0,0,0,0,0,0,0,0,0,0,0,0,0,0,0,0,0,0,-12,-1,-12,-2,-12,-3,-13,-3,-13,-4,-13,-5,-13,-5,-13,-5,-13,-6,-13,-6,-13,-6,-12,-6,-12,-6,-12,-6,-12,-5,-12,-5,-13,-5,-12,-4,-13,-4,-14,-3,-14,-3,-14,-3,-15,-2,-15,-3,-15,-2,-15,-3]
[0;32mI (701194) TAG: STA connected to 24:ec:4a:03:56:41, ch=11 (sec=0)[0m
anchor,A3,24:ec:4a:03:56:41,ch=11
ftm_report,A3,16,16,2.400
csi_data,A3,[0,0,3,14,3,13,3,12,3,13,4,12,4,11,4,10,4,10,5,10,5,10,5,9,5,9,5,9,6,8,6,9,6,8,6,9,6,9,6,9,5,9,5,9,4,8,4,8,3,8,2,8,2,8,0,0,0,0,0,0,0,0,0,0,0,0,0,0,0,0,0,0,0,0,0,0,5,11,5,11,4,12,3,12,3,13,2,13,2,14,1,14,1,14,0,14,0,14,0,14,0,13,0,13,0,13,0,13,1,13,1,13,2,13,2,13,3,13,3,13,3,14,3,14,3,14,4,13]
[0;32mI (702064) TAG: STA connected to 24:ec:4a:03:58:5d, ch=1 (sec=0)[0m
anchor,A1,24:ec:4a:03:58:5d,ch=1
ftm_report,A1,6,6,0.900
[0;32mI (702914) TAG: STA connected to 24:ec:4a:04:39:15, ch=6 (sec=0)[0m
csi_data,A2,[0,0,-9,-13,-10,-12,-9,-12,-9,-12,-9,-11,-9,-11,-9,-11,-9,-10,-9,-10,-10,-9,-10,-9,-10,-8,-10,-8,-10,-8,-11,-8,-10,-8,-10,-8,-10,-9,-10,-9,-9,-9,-9,-9,-8,-9,-8,-9,-7,-9,-7,-9,-6,-9,0,0,0,0,0,0,0,0,0,0,0,0,0,0,0,0,0,0,0,0,0,0,-9,-9,-8,-10,-8,-10,-7,-11,-7,-11,-7,-12,-7,-13,-6,-13,-6,-13,-6,-13,-5,-13,-6,-13,-6,-13,-6,-12,-6,-12,-6,-12,-7,-12,-7,-12,-7,-12,-8,-12,-8,-12,-9,-12,-10,-12,-10,-12,-10,-12,-10,-13]
anchor,A2,24:ec:4a:04:39:15,ch=6
ftm_report,A2,10,10,1.500
[0;32mI (703774) TAG: STA connected to 24:ec:4a:03:56:41, ch=11 (sec=0)[0m
anchor,A3,24:ec:4a:03:56:41,ch=11
ftm_report,A3,14,14,2.100
csi_data,A3,[0,0,-15,3,-15,3,-14,3,-14,3,-13,3,-13,3,-12,4,-11,4,-11,4,-11,5,-10,5,-10,5,-10,6,-10,6,-10,6,-10,6,-10,6,-10,6,-10,6,-10,5,-10,5,-10,4,-9,4,-9,3,-9,3,-9,2,0,0,0,0,0,0,0,0,0,0,0,0,0,0,0,0,0,0,0,0,0,0,-12,4,-13,4,-13,3,-14,2,-14,2,-15,1,-15,0,-15,0,-15,0,-15,-1,-15,-1,-15,-1,-15,-1,-15,-1,-14,0,-14,0,-14,0,-14,1,-14,1,-14,2,-15,2,-15,2,-15,3,-15,3,-15,3,-15,3]
[0;32mI (704644) TAG: STA connected to 24:ec:4a:03:58:5d, ch=1 (sec=0)[0m
csi_data,A1,[0,0,-1,14,-1,14,-1,14,0,14,0,13,0,13,0,13,1,13,1,13,2,13,2,13,3,12,3,12,3,12,3,13,3,13,3,13,3,13,2,13,2,14,1,13,1,13,0,13,0,12,-1,12,-2,11,0,0,0,0,0,0,0,0,0,0,0,0,0,0,0,0,0,0,0,0,0,0,-1,9,-1,10,-2,10,-2,10,-3,11,-4,11,-4,11,-4,11,-5,11,-5,11,-5,11,-5,11,-5,11,-4,11,-4,11,-4,11,-3,11,-3,12,-3,11,-2,12,-2,12,-2,13,-1,13,-1,14,-1,14,-1,14]
anchor,A1,24:ec:4a:03:58:5d,ch=1
ftm_report,A1,3,3,0.450
[0;32mI (705654) esp_netif_handlers: sta ip: 192.168.4.2, mask: 255.255.255.0, gw: 192.168.4.1[0m
[0;32mI (706014) TAG: STA connected to 24:ec:4a:04:39:15, ch=6 (sec=0)[0m
csi_data,A2,[0,0,4,-15,4,-15,4,-14,4,-14,3,-14,3,-14,3,-13,2,-13,2,-13,1,-13,1,-13,0,-13,0,-13,0,-13,0,-13,0,-13,0,-13,0,-13,0,-13,1,-13,1,-13,2,-12,2,-12,2,-11,3,-11,3,-10,0,0,0,0,0,0,0,0,0,0,0,0,0,0,0,0,0,0,0,0,0,0,2,-12,2,-12,3,-12,4,-12,4,-13,5,-12,6,-13,6,-12,7,-12,7,-12,7,-12,7,-12,7,-11,6,-11,6,-11,6,-12,5,-12,5,-13,5,-13,5,-13,4,-13,4,-14,4,-15,4,-15,4,-15,4,-15]
anchor,A2,24:ec:4a:04:39:15,ch=6
ftm_report,A2,10,10,1.500
[0;32mI (706894) TAG: STA connected to 24:ec:4a:03:56:41, ch=11 (sec=0)[0m
csi_data,A3,[0,0,9,11,9,10,9,10,9,10,9,9,9,9,9,8,9,7,8,7,9,6,9,6,9,5,9,5,9,5,9,5,10,5,9,5,9,5,9,5,9,5,8,5,8,6,7,6,7,6,6,6,6,6,0,0,0,0,0,0,0,0,0,0,0,0,0,0,0,0,0,0,0,0,0,0,9,7,9,8,9,9,9,10,8,11,8,11,7,12,7,12,7,13,6,13,6,13,6,13,6,12,6,12,6,12,6,11,7,11,7,11,8,11,8,11,8,11,9,11,9,11,9,11,10,11,10,11]
anchor,A3,24:ec:4a:03:56:41,ch=11
ftm_report,A3,14,14,2.100
[0;32mI (707744) TAG: STA connected to 24:ec:4a:03:58:5d, ch=1 (sec=0)[0m
anchor,A1,24:ec:4a:03:58:5d,ch=1
ftm_report,A1,4,4,0.600
csi_data,A1,[0,0,-9,-12,-10,-12,-10,-12,-10,-12,-10,-11,-10,-11,-10,-10,-10,-10,-10,-9,-10,-9,-11,-9,-11,-8,-11,-8,-12,-8,-12,-8,-12,-8,-12,-9,-12,-9,-12,-9,-11,-10,-11,-10,-10,-10,-9,-10,-9,-10,-8,-10,-7,-11,0,0,0,0,0,0,0,0,0,0,0,0,0,0,0,0,0,0,0,0,0,0,-6,-8,-6,-9,-6,-10,-6,-10,-5,-11,-5,-11,-5,-12,-4,-12,-4,-12,-4,-12,-4,-12,-4,-12,-4,-12,-4,-12,-4,-12,-5,-11,-5,-11,-6,-11,-7,-11,-7,-11,-7,-11,-8,-12,-8,-12,-9,-12,-9,-12,-9,-12]
[0;32mI (708604) TAG: STA connected to 24:ec:4a:04:39:15, ch=6 (sec=0)[0m
anchor,A2,24:ec:4a:04:39:15,ch=6
ftm_report,A2,9,9,1.350
csi_data,A2,[0,0,-13,9,-13,8,-13,8,-12,8,-12,8,-11,8,-11,8,-10,8,-10,9,-9,9,-9,9,-8,9,-8,9,-8,9,-8,10,-8,10,-8,10,-8,10,-9,10,-9,9,-9,8,-9,8,-9,7,-9,7,-9,6,-9,5,0,0,0,0,0,0,0,0,0,0,0,0,0,0,0,0,0,0,0,0,0,0,-9,7,-10,7,-11,6,-11,6,-12,6,-13,6,-13,6,-13,5,-13,5,-13,4,-13,4,-13,4,-13,4,-13,4,-13,5,-12,5,-12,6,-12,6,-12,6,-12,7,-12,7,-12,8,-12,8,-13,8,-13,8,-13,9]
[0;32mI (709464) TAG: STA connected to 24:ec:4a:03:56:41, ch=11 (sec=0)[0m
anchor,A3,24:ec:4a:03:56:41,ch=11
ftm_report,A3,16,16,2.400
csi_data,A3,[0,0,14,-3,13,-3,13,-3,13,-4,13,-4,12,-4,11,-4,11,-4,11,-5,10,-5,10,-6,10,-6,9,-6,9,-6,9,-6,9,-6,9,-6,9,-6,9,-6,9,-6,9,-5,9,-4,9,-4,9,-3,8,-3,8,-2,0,0,0,0,0,0,0,0,0,0,0,0,0,0,0,0,0,0,0,0,0,0,11,-5,12,-5,12,-4,13,-3,13,-3,14,-2,14,-1,15,-1,15,0,14,0,14,0,14,1,14,0,14,0,14,0,13,0,14,-1,13,-1,14,-2,14,-2,14,-2,14,-3,14,-3,14,-3,14,-3,15,-4]
[0;32mI (710364) TAG: STA connected to 24:ec:4a:03:58:5d, ch=1 (sec=0)[0m
anchor,A1,24:ec:4a:03:58:5d,ch=1
ftm_report,A1,4,4,0.600
csi_data,A1,[0,0,14,-2,14,-2,14,-2,13,-2,14,-3,13,-2,13,-3,13,-3,12,-4,12,-4,12,-5,12,-5,12,-5,12,-6,12,-6,13,-6,12,-6,13,-6,13,-5,13,-4,13,-4,13,-3,12,-2,12,-2,12,-1,12,-1,0,0,0,0,0,0,0,0,0,0,0,0,0,0,0,0,0,0,0,0,0,0,9,-1,10,-1,10,0,11,0,11,0,11,1,11,2,11,2,11,2,11,3,11,2,11,2,11,3,11,2,11,2,11,1,12,1,11,0,12,0,12,0,12,0,13,-1,13,-1,14,-1,14,-2,14,-2]
[0;32mI (711214) TAG: STA connected to 24:ec:4a:04:39:15, ch=6 (sec=0)[0m
anchor,A2,24:ec:4a:04:39:15,ch=6
ftm_report,A2,10,10,1.500
csi_data,A2,[0,0,6,14,5,13,5,13,5,12,6,12,6,11,6,11,6,10,6,10,7,10,7,9,7,9,7,9,8,9,8,9,8,9,8,9,8,9,7,9,7,9,7,10,6,9,5,9,5,9,4,9,3,9,0,0,0,0,0,0,0,0,0,0,0,0,0,0,0,0,0,0,0,0,0,0,5,10,5,11,4,11,4,11,3,12,3,13,2,13,2,13,2,13,1,13,1,13,1,13,1,12,1,12,2,12,2,12,3,12,3,12,4,12,4,12,5,12,5,13,6,13,6,13,6,13,6,13]
[0;32mI (712074) TAG: STA connected to 24:ec:4a:03:56:41, ch=11 (sec=0)[0m
anchor,A3,24:ec:4a:03:56:41,ch=11
ftm_report,A3,15,15,2.250
[0;32mI (712934) TAG: STA connected to 24:ec:4a:03:58:5d, ch=1 (sec=0)[0m
csi_data,A1,[0,0,14,3,14,2,14,2,14,2,14,2,13,2,13,1,13,1,13,1,13,0,13,-1,13,-1,13,-1,13,-2,13,-2,13,-2,14,-1,14,-1,14,0,14,0,13,1,13,2,13,2,12,2,11,3,11,3,0,0,0,0,0,0,0,0,0,0,0,0,0,0,0,0,0,0,0,0,0,0,9,1,9,2,10,2,10,3,10,3,10,4,10,5,10,5,10,5,10,5,10,5,10,5,10,5,10,5,10,5,11,4,10,4,11,4,11,3,12,4,12,3,13,3,13,3,14,2,14,2,14,2]
anchor,A1,24:ec:4a:03:58:5d,ch=1
ftm_report,A1,5,5,0.750
[0;32mI (713814) TAG: STA connected to 24:ec:4a:04:39:15, ch=6 (sec=0)[0m
csi_data,A2,[0,0,-16,0,-16,0,-15,0,-15,1,-14,1,-14,1,-14,1,-13,2,-13,2,-13,3,-12,3,-12,3,-12,4,-12,4,-13,4,-12,4,-13,4,-12,4,-13,3,-13,3,-12,2,-12,2,-12,1,-12,1,-11,0,-11,0,0,0,0,0,0,0,0,0,0,0,0,0,0,0,0,0,0,0,0,0,0,0,-12,1,-12,1,-13,0,-13,-1,-14,-1,-13,-2,-14,-2,-14,-3,-14,-3,-14,-4,-14,-3,-14,-3,-13,-3,-13,-3,-13,-3,-13,-3,-13,-2,-14,-1,-14,-1,-14,-1,-14,0,-15,0,-16,0,-15,1,-16,1,-15,1]
anchor,A2,24:ec:4a:04:39:15,ch=6
ftm_report,A2,10,10,1.500
[0;32mI (714664) TAG: STA connected to 24:ec:4a:03:56:41, ch=11 (sec=0)[0m
anchor,A3,24:ec:4a:03:56:41,ch=11
ftm_report,A3,14,14,2.100
csi_data,A3,[0,0,-1,14,0,13,0,13,0,13,0,13,0,12,1,11,1,11,1,11,2,10,2,10,3,10,3,10,3,10,3,10,3,10,3,10,3,10,3,10,2,10,2,10,1,9,1,9,1,9,0,8,0,8,0,0,0,0,0,0,0,0,0,0,0,0,0,0,0,0,0,0,0,0,0,0,2,12,1,12,0,12,0,13,-1,13,-2,14,-2,14,-3,14,-3,14,-4,13,-4,14,-4,13,-4,13,-4,13,-3,13,-3,13,-3,13,-2,13,-2,13,-1,13,-1,14,-1,14,-1,14,0,14,0,14,0,14]
[0;32mI (715524) TAG: STA connected to 24:ec:4a:03:58:5d, ch=1 (sec=0)[0m
anchor,A1,24:ec:4a:03:58:5d,ch=1
ftm_report,A1,5,5,0.750
csi_data,A1,[0,0,14,5,14,5,14,5,14,4,14,4,13,4,13,3,13,3,13,2,13,2,13,2,13,1,13,1,13,1,13,1,14,1,14,1,14,1,14,1,13,2,13,3,13,3,12,4,11,4,11,5,10,5,0,0,0,0,0,0,0,0,0,0,0,0,0,0,0,0,0,0,0,0,0,0,9,3,10,4,10,4,10,5,10,5,10,6,10,6,10,7,10,7,9,7,9,8,9,8,9,7,9,7,10,7,10,6,10,6,10,6,11,6,12,5,12,5,13,5,13,5,13,5,14,5,14,5]
[0;32mI (716374) TAG: STA connected to 24:ec:4a:04:39:15, ch=6 (sec=0)[0m
[1;31mE (716534) wifi:No FTM Measurements received from responder![0m
[0;33mW (716634) TAG: FTM to A2 failed (ESP_FAIL), streak=1[0m
csi_data,A2,[0,0,-6,-14,-6,-14,-6,-14,-6,-13,-6,-13,-6,-13,-6,-12,-6,-12,-7,-12,-7,-11,-8,-11,-8,-10,-8,-10,-8,-10,-8,-10,-8,-10,-8,-10,-8,-10,-8,-11,-7,-11,-7,-11,-6,-11,-6,-10,-5,-10,-5,-10,-4,-10,0,0,0,0,0,0,0,0,0,0,0,0,0,0,0,0,0,0,0,0,0,0,-6,-11,-5,-12,-4,-12,-4,-13,-4,-13,-4,-14,-3,-14,-3,-14,-2,-14,-2,-14,-2,-14,-2,-14,-2,-13,-2,-13,-2,-14,-2,-13,-3,-13,-4,-13,-4,-13,-4,-13,-5,-13,-5,-14,-6,-13,-6,-14,-7,-14,-7,-14]
[0;32mI (717244) TAG: STA connected to 24:ec:4a:03:56:41, ch=11 (sec=0)[0m
anchor,A3,24:ec:4a:03:56:41,ch=11
ftm_report,A3,14,14,2.100
csi_data,A3,[0,0,0,15,0,14,0,14,0,13,1,13,1,12,2,12,2,11,2,11,3,11,3,10,3,10,3,10,4,10,4,10,4,10,4,10,4,10,4,10,3,10,3,10,2,9,2,9,1,9,1,9,0,8,0,0,0,0,0,0,0,0,0,0,0,0,0,0,0,0,0,0,0,0,0,0,2,12,2,13,1,13,0,13,0,14,-1,14,-2,14,-2,14,-3,15,-3,14,-4,14,-4,14,-4,13,-3,13,-3,13,-3,13,-2,14,-2,13,-1,14,-1,14,0,14,0,14,0,15,0,15,0,15,0,15]
[0;32mI (718104) TAG: STA connected to 24:ec:4a:03:58:5d, ch=1 (sec=0)[0m
anchor,A1,24:ec:4a:03:58:5d,ch=1
ftm_report,A1,6,6,0.900
[0;32mI (718954) TAG: STA connected to 24:ec:4a:04:39:15, ch=6 (sec=0)[0m
csi_data,A2,[0,0,3,15,2,14,2,14,3,14,3,13,3,12,3,12,4,12,4,12,4,11,4,11,5,11,5,10,5,10,6,11,6,11,6,11,5,11,5,11,5,11,4,11,4,11,3,11,2,10,2,10,1,10,0,0,0,0,0,0,0,0,0,0,0,0,0,0,0,0,0,0,0,0,0,0,3,11,3,11,2,12,1,12,1,12,0,13,0,13,0,13,-1,13,-2,13,-2,13,-2,13,-2,13,-2,13,-1,12,-1,13,0,12,1,13,1,13,2,13,2,13,2,13,3,14,2,14,2,14,3,14]
anchor,A2,24:ec:4a:04:39:15,ch=6
ftm_report,A2,10,10,1.500
[0;32mI (719824) TAG: STA connected to 24:ec:4a:03:56:41, ch=11 (sec=0)[0m
csi_data,A3,[0,0,2,14,2,14,2,13,2,13,2,13,2,12,3,11,3,11,3,11,4,10,4,10,4,10,4,10,5,9,5,10,5,10,5,10,5,10,5,10,4,10,3,9,3,9,2,9,2,9,1,9,1,8,0,0,0,0,0,0,0,0,0,0,0,0,0,0,0,0,0,0,0,0,0,0,4,12,3,12,3,13,2,13,2,14,1,14,0,14,0,14,-1,15,-2,14,-2,14,-2,14,-2,14,-2,14,-1,13,-1,13,-1,14,0,14,0,14,1,14,1,14,1,14,2,14,2,14,2,14,2,14]
anchor,A3,24:ec:4a:03:56:41,ch=11
ftm_report,A3,14,14,2.100
[0;32mI (720734) TAG: STA connected to 24:ec:4a:03:58:5d, ch=1 (sec=0)[0m
anchor,A1,24:ec:4a:03:58:5d,ch=1
ftm_report,A1,6,6,0.900
csi_data,A1,[0,0,-15,0,-15,0,-15,0,-15,0,-14,0,-14,1,-14,1,-14,2,-13,2,-13,2,-13,3,-13,3,-13,3,-13,4,-13,4,-14,4,-14,4,-14,3,-14,3,-14,2,-14,2,-14,1,-14,1,-13,0,-13,-1,-12,-1,0,0,0,0,0,0,0,0,0,0,0,0,0,0,0,0,0,0,0,0,0,0,-10,0,-11,-1,-11,-1,-11,-2,-12,-2,-12,-3,-12,-3,-12,-4,-12,-4,-12,-4,-12,-4,-12,-4,-12,-4,-12,-4,-12,-4,-12,-3,-12,-3,-12,-2,-13,-2,-13,-2,-13,-1,-14,-1,-14,-1,-15,0,-15,0,-15,0]
[0;32mI (721614) TAG: STA connected to 24:ec:4a:04:39:15, ch=6 (sec=0)[0m
anchor,A2,24:ec:4a:04:39:15,ch=6
ftm_report,A2,9,9,1.350
csi_data,A2,[0,0,-1,-16,-1,-16,-1,-15,-1,-15,-1,-15,-1,-14,-2,-14,-2,-13,-3,-13,-3,-13,-3,-13,-4,-12,-4,-12,-4,-12,-5,-13,-5,-13,-4,-13,-4,-13,-4,-13,-3,-13,-3,-13,-2,-12,-2,-12,-1,-12,-1,-11,0,-11,0,0,0,0,0,0,0,0,0,0,0,0,0,0,0,0,0,0,0,0,0,0,-2,-12,-2,-12,-1,-13,0,-13,0,-14,1,-14,1,-14,2,-14,2,-14,3,-14,3,-14,3,-14,3,-13,2,-13,2,-13,2,-14,1,-13,0,-14,0,-14,0,-14,0,-14,-1,-15,-1,-15,-1,-15,-1,-16,-1,-16]
[0;32mI (722474) TAG: STA connected to 24:ec:4a:03:56:41, ch=11 (sec=0)[0m
anchor,A3,24:ec:4a:03:56:41,ch=11
ftm_report,A3,14,14,2.100
csi_data,A3,[0,0,-14,-7,-14,-7,-13,-7,-13,-7,-13,-6,-13,-6,-12,-5,-12,-4,-12,-4,-12,-3,-12,-3,-12,-2,-12,-2,-12,-2,-12,-2,-12,-2,-12,-2,-12,-2,-12,-2,-11,-2,-11,-3,-11,-3,-10,-3,-10,-3,-9,-4,-9,-4,0,0,0,0,0,0,0,0,0,0,0,0,0,0,0,0,0,0,0,0,0,0,-13,-5,-13,-6,-13,-7,-12,-8,-13,-8,-12,-9,-12,-10,-12,-10,-12,-11,-11,-11,-11,-11,-11,-11,-11,-10,-11,-10,-11,-10,-11,-10,-11,-9,-12,-9,-12,-9,-13,-8,-13,-8,-13,-8,-14,-8,-14,-8,-14,-7,-14,-7]
[0;32mI (723324) TAG: STA connected to 24:ec:4a:03:58:5d, ch=1 (sec=0)[0m
anchor,A1,24:ec:4a:03:58:5d,ch=1
ftm_report,A1,6,6,0.900
csi_data,A1,[0,0,2,14,2,14,2,14,3,14,3,13,3,13,3,13,4,12,4,12,4,12,5,12,5,11,5,11,6,11,6,12,6,12,6,12,6,12,5,13,5,13,4,13,3,12,3,12,2,12,1,12,1,11,0,0,0,0,0,0,0,0,0,0,0,0,0,0,0,0,0,0,0,0,0,0,1,9,1,10,1,10,0,11,0,11,-1,11,-2,12,-2,12,-2,12,-2,11,-3,12,-3,12,-2,11,-2,11,-2,11,-1,12,-1,12,0,12,0,12,1,12,1,12,1,13,1,13,2,14,2,14,2,14]
[0;32mI (724184) TAG: STA connected to 24:ec:4a:04:39:15, ch=6 (sec=0)[0m
anchor,A2,24:ec:4a:04:39:15,ch=6
ftm_report,A2,12,12,1.800
csi_data,A2,[0,0,-13,-9,-13,-8,-13,-8,-13,-8,-13,-8,-12,-7,-12,-7,-12,-6,-12I (725044) TAG: STA connected to 24:ec:4a:03:56:41, ch=11 (sec=0)
,-6,-12,-5,-12,-5,-12,-4,-12,-4,-12,-4,-12,-4,-13,-4,-12,-4,-13,-4,-12,-4,-12,-5,-12,-5,-11,-5,-11,-5,-10,-5,-10,-6,-9,-6,0,0,0,0,0,0,0,0,0,0,0,0,0,0,0,0,0,0,0,0,0,0,-11,-6,-11,-7,-11,-8,-11,-8,-10,-9,-10,-10,-10,-10,-10,-11,-10,-11,-9,-11,-9,-11,-9,-11,-9,-10,-9,-10,-9,-10,-9,-10,-10,-9,-10,-9,-11,-9,-11,-9,-12,-8,-12,-8,-13,-8,-13,-8,-13,-8,-13,-9]
anchor,A3,24:ec:4a:03:56:41,ch=11
ftm_report,A3,14,14,2.100
[0;32mI (725894) TAG: STA connected to 24:ec:4a:03:58:5d, ch=1 (sec=0)[0m
csi_data,A1,[0,0,1,-15,1,-15,1,-15,1,-14,1,-15,0,-14,0,-14,0,-14,-1,-14,-1,-14,-1,-14,-2,-14,-2,-14,-3,-14,-3,-14,-3,-15,-2,-14,-2,-15,-2,-15,-1,-15,0,-15,0,-14,1,-14,2,-14,2,-13,3,-13,0,0,0,0,0,0,0,0,0,0,0,0,0,0,0,0,0,0,0,0,0,0,1,-11,2,-11,3,-11,3,-11,4,-11,4,-12,5,-11,5,-11,5,-11,5,-11,6,-11,6,-11,5,-11,5,-11,5,-11,4,-11,4,-12,3,-11,3,-12,3,-12,2,-13,2,-13,2,-13,2,-14,2,-14,2,-15]
anchor,A1,24:ec:4a:03:58:5d,ch=1
ftm_report,A1,5,5,0.750
[0;32mI (726744) TAG: STA connected to 24:ec:4a:04:39:15, ch=6 (sec=0)[0m
anchor,A2,24:ec:4a:04:39:15,ch=6
ftm_report,A2,0,0,-1.000
csi_data,A2,[0,0,-14,-7,-14,-6,-14,-6,-13,-6,-14,-6,-13,-5,-13,-5,-13,-4,-13,-4,-13,-3,-13,-3,-13,-2,-13,-2,-13,-2,-13,-2,-13,-2,-13,-2,-13,-2,-13,-2,-13,-3,-13,-3,-12,-3,-12,-4,-11,-5,-11,-5,-10,-5,0,0,0,0,0,0,0,0,0,0,0,0,0,0,0,0,0,0,0,0,0,0,-11,-5,-11,-5,-11,-6,-11,-7,-11,-7,-11,-8,-11,-8,-11,-9,-11,-9,-10,-9,-10,-10,-10,-10,-10,-9,-10,-9,-10,-9,-10,-8,-11,-8,-11,-8,-12,-7,-12,-7,-12,-7,-13,-6,-13,-7,-14,-7,-14,-7,-14,-7]
[0;32mI (727614) TAG: STA connected to 24:ec:4a:03:56:41, ch=11 (sec=0)[0m
anchor,A3,24:ec:4a:03:56:41,ch=11
ftm_report,A3,16,16,2.400
csi_data,A3,[0,0,-12,-10,-12,-10,-11,-10,-11,-9,-11,-9,-11,-8,-11,-8,-11,-7,-11,-7,-11,-6,-11,-6,-11,-5,-11,-5,-11,-5,-12,-5,-12,-5,-12,-5,-11,-5,-11,-5,-11,-6,-10,-6,-10,-6,-9,-6,-9,-6,-8,-6,-7,-7,0,0,0,0,0,0,0,0,0,0,0,0,0,0,0,0,0,0,0,0,0,0,-10,-7,-10,-8,-10,-9,-10,-10,-10,-10,-9,-11,-9,-12,-9,-12,-8,-12,-8,-13,-8,-13,-8,-13,-8,-12,-8,-12,-8,-12,-8,-11,-9,-11,-9,-11,-10,-11,-10,-11,-11,-11,-11,-10,-11,-10,-12,-10,-12,-10,-12,-10]
[0;32mI (728484) TAG: STA connected to 24:ec:4a:03:58:5d, ch=1 (sec=0)[0m
anchor,A1,24:ec:4a:03:58:5d,ch=1
ftm_report,A1,5,5,0.750
csi_data,A1,[0,0,10,11,10,10,10,10,9,10,10,10,10,9,10,9,10,8,10,8,10,7,11,7,11,7,11,7,11,6,12,7,12,7,12,7,12,7,12,8,11,8,11,9,10,9,9,9,8,9,7,9,7,10,0,0,0,0,0,0,0,0,0,0,0,0,0,0,0,0,0,0,0,0,0,0,7,8,7,8,7,9,6,9,6,10,6,10,5,11,5,11,5,11,5,11,4,11,4,11,5,11,5,11,5,10,5,10,6,10,6,10,7,10,8,10,8,10,8,10,9,10,9,10,10,11,10,11]
[0;32mI (729334) TAG: STA connected to 24:ec:4a:04:39:15, ch=6 (sec=0)[0m
anchor,A2,24:ec:4a:04:39:15,ch=6
ftm_report,A2,0,0,-1.000
csi_data,A2,[0,0,-7,13,-7,13,-7,12,-7,12,-6,12,-6,12,-6,12,-5,12,-5,11,-4,11,-3,11,-3,11,-3,11,-3,11,-2,12,-2,11,-3,12,-3,12,-3,12,-3,11,-4,11,-4,10,-5,10,-5,10,-5,9,-6,8,0,0,0,0,0,0,0,0,0,0,0,0,0,0,0,0,0,0,0,0,0,0,-4,10,-5,10,-6,11,-6,10,-7,11,-8,10,-8,10,-9,10,-9,10,-9,10,-9,10,-9,9,-9,9,-9,9,-8,9,-8,10,-8,10,-8,10,-7,11,-7,11,-7,12,-7,12,-7,13,-7,13,-7,13,-6,13]
[0;32mI (730214) TAG: STA connected to 24:ec:4a:03:56:41, ch=11 (sec=0)[0m
anchor,A3,24:ec:4a:03:56:41,ch=11
ftm_report,A3,18,18,2.700
csi_data,A3,[0,0,-1,-15,-1,-15,-1,-15,-1,-14,-2,-14,-2,-13,-2,-13,-3,-12,-3,-12,-3,-12,-4,-12,-4,-11,-4,-11,-5,-11,-5,-11,-5,-11,-5,-12,-4,-12,-4,-12,-4,-11,-3,-11,-2,-11,-2,-10,-2,-10,-1,-10,-1,-10,0,0,0,0,0,0,0,0,0,0,0,0,0,0,0,0,0,0,0,0,0,0,-3,-13,-2,-13,-1,-13,-1,-14,0,-14,1,-15,2,-15,2,-15,3,-15,3,-14,3,-14,3,-14,3,-14,3,-14,2,-14,2,-14,1,-14,1,-14,1,-14,0,-14,0,-15,-1,-15,-1,-15,-1,-15,-1,-15,-1,-15]
[0;32mI (731114) TAG: STA connected to 24:ec:4a:03:58:5d, ch=1 (sec=0)[0m
anchor,A1,24:ec:4a:03:58:5d,ch=1
ftm_report,A1,3,3,0.450
[0;32mI (731984) TAG: STA connected to 24:ec:4a:04:39:15, ch=6 (sec=0)[0m
csi_data,A2,[0,0,-13,7,-13,7,-13,7,-12,7,-12,7,-12,7,-11,7,-11,7,-11,7,-10,8,-9,8,-9,8,-9,9,-9,9,-9,9,-9,9,-9,9,-9,9,-10,8,-10,8,-10,7,-10,7,-10,6,-10,6,-10,5,-10,5,0,0,0,0,0,0,0,0,0,0,0,0,0,0,0,0,0,0,0,0,0,0,-9,6,-10,6,-11,5,-11,5,-12,5,-12,4,-13,4,-13,3,-13,3,-13,3,-13,3,-13,3,-13,3,-12,3,-13,3,-12,4,-12,4,-12,5,-12,5,-12,5,-13,6,-13,6,-13,7,-13,7,-13,8,-13,8]
anchor,A2,24:ec:4a:04:39:15,ch=6
ftm_report,A2,6,6,0.900
[0;32mI (732864) TAG: STA connected to 24:ec:4a:03:56:41, ch=11 (sec=0)[0m
csi_data,A3,[0,0,2,-15,2,-15,2,-15,2,-14,1,-14,1,-14,0,-13,0,-13,-1,-13,-1,-13,-2,-12,-2,-12,-2,-12,-3,-12,-3,-12,-3,-12,-2,-12,-2,-12,-2,-12,-1,-12,-1,-12,0,-11,0,-11,0,-10,0,-10,1,-9,0,0,0,0,0,0,0,0,0,0,0,0,0,0,0,0,0,0,0,0,0,0,0,-13,1,-13,2,-13,3,-14,3,-14,4,-14,5,-14,5,-14,6,-14,6,-14,6,-13,6,-13,6,-13,6,-13,5,-13,5,-13,5,-13,4,-14,4,-14,3,-14,3,-14,3,-15,2,-15,2,-15,2,-15,2,-16]
anchor,A3,24:ec:4a:03:56:41,ch=11
ftm_report,A3,16,16,2.400
[0;32mI (733724) TAG: STA connected to 24:ec:4a:03:58:5d, ch=1 (sec=0)[0m
anchor,A1,24:ec:4a:03:58:5d,ch=1
ftm_report,A1,2,2,0.300
csi_data,A1,[0,0,-12,-9,-12,-9,-12,-9,-12,-8,-12,-8,-12,-8,-12,-7,-12,-7,-12,-7,-12,-6,-13,-5,-13,-5,-13,-5,-14,-5,-14,-5,-14,-5,-14,-5,-14,-6,-14,-6,-14,-7,-13,-7,-13,-7,-12,-8,-12,-8,-11,-8,-10,-9,0,0,0,0,0,0,0,0,0,0,0,0,0,0,0,0,0,0,0,0,0,0,-9,-8,-9,-8,-8,-9,-9,-9,-8,-10,-8,-11,-7,-11,-7,-11,-7,-11,-7,-11,-7,-11,-7,-11,-7,-11,-7,-11,-8,-11,-8,-10,-8,-10,-8,-9,-9,-10,-10,-9,-10,-9,-11,-9,-11,-9,-11,-9,-12,-9,-12,-9]
[0;32mI (734584) TAG: STA connected to 24:ec:4a:04:39:15, ch=6 (sec=0)[0m
anchor,A2,24:ec:4a:04:39:15,ch=6
ftm_report,A2,10,10,1.500
csi_data,A2,[0,0,6,-14,6,-13,6,-14,5,-13,5,-13,5,-13,4,-13,4,-12,4,-13,3,-12,2,-13,2,-12,1,-13,1,-13,2,-12,2,-13,2,-13,2,-13,2,-13,3,-12,3,-12,4,-12,3,-11,4,-11,4,-10,4,-10,0,0,0,0,0,0,0,0,0,0,0,0,0,0,0,0,0,0,0,0,0,0,3,-11,4,-11,5,-11,6,-11,6,-11,7,-12,7,-11,8,-11,8,-11,8,-10,8,-11,8,-11,8,-10,7,-10,8,-11,7,-10,7,-11,6,-11,6,-12,6,-12,6,-12,6,-13,5,-13,5,-14,5,-14,5,-14]
[0;32mI (735464) TAG: STA connected to 24:ec:4a:03:56:41, ch=11 (sec=0)[0m
anchor,A3,24:ec:4a:03:56:41,ch=11
ftm_report,A3,16,16,2.400
csi_data,A3,[0,0,8,-12,8,-12,8,-12,7,-12,7,-12,6,-12,6,-12,5,-11,5,-11,5,-11,4,-11,4,-11,4,-11,3,-11,3,-12,3,-12,3,-11,4,-11,4,-11,4,-11,4,-10,5,-10,5,-9,5,-8,5,-8,5,-7,0,0,0,0,0,0,0,0,0,0,0,0,0,0,0,0,0,0,0,0,0,0,5,-12,6,-11,7,-11,7,-11,8,-11,9,-11,10,-11,10,-10,11,-10,11,-10,11,-9,11,-9,11,-9,11,-9,10,-9,10,-10,9,-10,9,-11,9,-10,9,-11,9,-11,8,-12,8,-12,9,-12,8,-12,8,-13]
[0;32mI (736314) TAG: STA connected to 24:ec:4a:03:58:5d, ch=1 (sec=0)[0m
anchor,A1,24:ec:4a:03:58:5d,ch=1
ftm_report,A1,2,2,0.300
csi_data,A1,[0,0,12,8,12,7,12,7,12,7,12,6,12,6,12,6,12,5,12,5,12,4,13,4,12,3,13,3,13,3,14,3,13,3,14,3,14,4,14,4,13,5,13,5,12,6,12,6,11,6,10,7,9,7,0,0,0,0,0,0,0,0,0,0,0,0,0,0,0,0,0,0,0,0,0,0,9,6,9,6,9,7,9,8,9,8,8,9,8,10,7,10,7,10,7,10,7,10,7,10,7,10,7,9,7,9,8,9,8,8,9,8,9,8,10,8,10,8,11,8,11,8,12,7,12,7,12,8]
[0;32mI (737184) TAG: STA connected to 24:ec:4a:04:39:15, ch=6 (sec=0)[0m
anchor,A2,24:ec:4a:04:39:15,ch=6
ftm_report,A2,10,10,1.500
csi_data,A2,[0,0,-15,-1,-15,-1,-15,-1,-15,-1,-15,0,-14,0,-14,0,-13,1,-13,1,-13,2,-13,2,-12,2,-12,3,-12,3,-13,3,-13,3,-13,3,-13,3,-13,3,-13,2,-13,2,-12,1,-12,1,-12,0,-11,0,-11,-1,0,0,0,0,0,0,0,0,0,0,0,0,0,0,0,0,0,0,0,0,0,0,-12,0,-12,-1,-12,-2,-12,-2,-13,-2,-13,-3,-13,-3,-13,-4,-13,-4,-13,-5,-13,-5,-13,-5,-13,-5,-13,-4,-13,-4,-13,-3,-13,-3,-13,-3,-14,-2,-14,-2,-14,-1,-14,-1,-15,-1,-15,-1,-15,-1,-15,-1]
[0;32mI (738064) TAG: STA connected to 24:ec:4a:03:56:41, ch=11 (sec=0)[0m
anchor,A3,24:ec:4a:03:56:41,ch=11
ftm_report,A3,16,16,2.400
[0;32mI (738914) TAG: STA connected to 24:ec:4a:03:58:5d, ch=1 (sec=0)[0m
csi_data,A1,[0,0,9,-12,8,-12,8,-12,8,-12,8,-12,7,-12,7,-12,6,-12,6,-12,5,-12,5,-13,5,-13,4,-13,4,-13,4,-14,4,-14,5,-14,5,-14,5,-14,6,-13,6,-13,7,-12,7,-12,7,-11,8,-10,8,-9,0,0,0,0,0,0,0,0,0,0,0,0,0,0,0,0,0,0,0,0,0,0,7,-9,7,-9,8,-9,8,-8,9,-8,9,-8,10,-8,10,-7,10,-7,11,-7,11,-7,10,-7,10,-7,10,-7,10,-7,9,-8,9,-8,9,-8,9,-9,9,-9,8,-10,8,-10,9,-11,9,-11,9,-11,9,-12]
anchor,A1,24:ec:4a:03:58:5d,ch=1
ftm_report,A1,3,3,0.450
[0;32mI (739774) TAG: STA connected to 24:ec:4a:04:39:15, ch=6 (sec=0)[0m
csi_data,A2,[0,0,7,13,7,12,7,12,7,12,7,11,7,11,7,10,7,10,7,10,8,9,8,9,8,8,9,8,9,8,9,8,9,8,9,8,9,8,8,9,8,9,7,9,7,9,6,9,6,9,5,9,5,9,0,0,0,0,0,0,0,0,0,0,0,0,0,0,0,0,0,0,0,0,0,0,6,9,5,9,5,10,5,10,5,11,4,12,4,12,3,12,3,13,3,12,3,13,3,12,3,12,3,12,3,12,3,11,4,11,5,11,5,11,5,11,6,12,6,12,7,12,7,12,7,12,7,12]
anchor,A2,24:ec:4a:04:39:15,ch=6
ftm_report,A2,9,9,1.350
[0;32mI (740784) esp_netif_handlers: sta ip: 192.168.4.2, mask: 255.255.255.0, gw: 192.168.4.1[0m
csi_data,A2,[0,0,13,-7,12,-7,13,-7,12,-7,12,-7,11,-7,11,-7,10,-8,10,-8,9,-8,9,-8,9,-9,9,-9,9,-9,8,-9,9,-9,9,-9,9,-9,9,-8,9,-8,9,-8,10,-7,9,-6,9,-6,9,-5,9,-5,0,0,0,0,0,0,0,0,0,0,0,0,0,0,0,0,0,0,0,0,0,0,9,-7,10,-7,10,-6,11,-6,11,-5,12,-5,12,-4,12,-4,12,-4,12,-3,12,-3,12,-3,12,-3,12,-3,12,-4,11,-3,12,-5,11,-5,12,-6,12,-6,12,-6,12,-7,12,-7,12,-7,13,-8,13,-8]
[0;32mI (741144) TAG: STA connected to 24:ec:4a:03:56:41, ch=11 (sec=0)[0m
anchor,A3,24:ec:4a:03:56:41,ch=11
ftm_report,A3,16,16,2.400
csi_data,A3,[0,0,12,-9,11,-9,11,-8,11,-9,10,-9,10,-9,9,-9,9,-9,8,-9,8,-9,7,-9,7,-9,7,-10,7,-10,6,-10,7,-10,7,-10,7,-10,7,-10,7,-9,7,-9,7,-8,7,-7,7,-6,7,-6,7,-5,0,0,0,0,0,0,0,0,0,0,0,0,0,0,0,0,0,0,0,0,0,0,9,-8,10,-8,10,-7,11,-7,11,-7,12,-6,13,-6,13,-6,13,-5,13,-5,13,-4,13,-4,13,-4,13,-4,12,-5,12,-5,12,-6,12,-6,12,-6,12,-7,12,-8,12,-8,12,-8,12,-8,12,-8,12,-9]
[0;32mI (742074) TAG: STA connected to 24:ec:4a:03:58:5d, ch=1 (sec=0)[0m
anchor,A1,24:ec:4a:03:58:5d,ch=1
ftm_report,A1,5,5,0.750
[0;32mI (742934) TAG: STA connected to 24:ec:4a:04:39:15, ch=6 (sec=0)[0m
csi_data,A2,[0,0,6,14,5,13,5,13,5,13,6,12,6,12,6,11,6,11,6,10,7,10,7,10,7,9,7,9,8,9,8,9,8,9,8,9,8,10,7,10,7,10,6,10,6,10,5,10,5,10,4,10,3,10,0,0,0,0,0,0,0,0,0,0,0,0,0,0,0,0,0,0,0,0,0,0,4,10,4,10,4,11,3,11,3,11,3,12,2,13,2,13,2,13,1,12,1,13,1,13,1,12,1,12,2,12,2,12,2,12,3,12,3,12,4,12,4,12,5,12,5,13,5,13,5,13,6,13]
anchor,A2,24:ec:4a:04:39:15,ch=6
ftm_report,A2,9,9,1.350
[0;32mI (743804) TAG: STA connected to 24:ec:4a:03:56:41, ch=11 (sec=0)[0m
csi_data,A3,[0,0,13,-6,13,-6,13,-5,12,-6,12,-6,11,-6,11,-6,10,-6,10,-7,9,-7,9,-7,9,-7,9,-8,9,-8,9,-8,9,-8,9,-7,9,-8,9,-7,9,-7,9,-6,9,-5,8,-5,8,-4,8,-4,8,-3,0,0,0,0,0,0,0,0,0,0,0,0,0,0,0,0,0,0,0,0,0,0,10,-7,11,-6,11,-6,12,-5,12,-5,13,-4,13,-3,14,-3,14,-3,14,-2,14,-2,13,-2,13,-2,13,-2,13,-2,12,-2,13,-3,13,-4,13,-4,13,-4,13,-5,13,-5,13,-6,13,-5,13,-6,13,-6]
anchor,A3,24:ec:4a:03:56:41,ch=11
ftm_report,A3,16,16,2.400
[0;32mI (744664) TAG: STA connected to 24:ec:4a:03:58:5d, ch=1 (sec=0)[0m
anchor,A1,24:ec:4a:03:58:5d,ch=1
ftm_report,A1,2,2,0.300
csi_data,A1,[0,0,-11,10,-10,10,-10,10,-10,11,-10,10,-9,10,-9,10,-8,10,-8,11,-7,11,-7,12,-7,11,-6,11,-6,12,-6,12,-6,12,-7,13,-7,13,-7,12,-8,12,-8,11,-9,11,-9,10,-9,9,-9,8,-10,7,0,0,0,0,0,0,0,0,0,0,0,0,0,0,0,0,0,0,0,0,0,0,-9,8,-9,8,-10,7,-10,7,-11,7,-12,6,-12,6,-12,5,-12,5,-12,4,-13,5,-12,5,-12,5,-12,5,-11,5,-11,6,-11,6,-11,7,-11,7,-11,8,-11,8,-11,9,-11,9,-11,10,-11,10,-11,10]
[0;32mI (745524) TAG: STA connected to 24:ec:4a:04:39:15, ch=6 (sec=0)[0m
anchor,A2,24:ec:4a:04:39:15,ch=6
ftm_report,A2,10,10,1.500
csi_data,A2,[0,0,-1,-16,-1,-15,-1,-15,-1,-15,-1,-14,-1,-14,-2,-14,-2,-13,-2,-13,-3,-13,-3,-13,-4,-13,-4,-12,-4,-12,-5,-13,-4,-13,-4,-13,-4,-13,-4,-13,-3,-13,-3,-13,-2,-13,-2,-12,-1,-12,-1,-12,0,-11,0,0,0,0,0,0,0,0,0,0,0,0,0,0,0,0,0,0,0,0,0,0,-2,-12,-1,-12,0,-12,0,-12,0,-13,1,-13,2,-14,2,-13,3,-14,3,-13,3,-13,3,-13,3,-13,3,-13,2,-13,2,-13,1,-13,1,-14,0,-13,0,-14,0,-14,0,-15,-1,-15,-1,-15,-1,-15,-1,-16]
[0;32mI (746404) TAG: STA connected to 24:ec:4a:03:56:41, ch=11 (sec=0)[0m
anchor,A3,24:ec:4a:03:56:41,ch=11
ftm_report,A3,16,16,2.400
csi_data,A3,[0,0,-14,6,-14,5,-13,5,-13,6,-12,5,-12,6,-11,5,-11,6,-11,6,-10,7,-9,7,-9,7,-9,7,-9,7,-9,7,-9,8,-9,7,-9,7,-9,7,-9,6,-10,6,-10,5,-9,4,-9,4,-9,4,-9,3,0,0,0,0,0,0,0,0,0,0,0,0,0,0,0,0,0,0,0,0,0,0,-11,6,-12,6,-12,5,-13,5,-13,4,-14,4,-14,3,-15,2,-15,2,-14,2,-14,2,-14,2,-14,2,-14,2,-14,2,-13,2,-14,3,-13,3,-14,4,-14,4,-14,4,-14,5,-14,5,-14,5,-14,6,-14,6]
[0;32mI (747254) TAG: STA connected to 24:ec:4a:03:58:5d, ch=1 (sec=0)[0m
anchor,A1,24:ec:4a:03:58:5d,ch=1
ftm_report,A1,2,2,0.300
csi_data,A1,[0,0,4,14,4,13,4,13,4,13,5,13,5,12,5,12,5,12,6,12,6,11,7,11,7,10,7,11,8,11,8,11,8,11,8,11,8,12,7,12,6,12,6,12,5,12,5,12,4,12,3,12,2,12,0,0,0,0,0,0,0,0,0,0,0,0,0,0,0,0,0,0,0,0,0,0,3,10,2,11,2,11,1,12,1,12,0,12,0,12,-1,12,-1,13,-1,12,-1,12,-1,12,-1,12,-1,12,0,12,0,12,0,12,1,12,2,12,2,12,2,12,3,13,3,13,4,13,4,14,4,14]
[0;32mI (748124) TAG: STA connected to 24:ec:4a:04:39:15, ch=6 (sec=0)[0m
csi_data,A2,[0,0,-9,12,-9,12,-9,12,-8,12,-8,12,-8,11,-7,11,-7,11,-6,11,-6,11,-5,11,-5,11,-5,12,-4,12,-4,12,-4,12,-4,12,-4,12,-5,12,-5,12,-5,11,-6,11,-6,10,-6,10,-6,9,-7,9,0,0,0,0,0,0,0,0,0,0,0,0,0,0,0,0,0,0,0,0,0,0,-6,9,-7,9,-8,9,-9,9,-9,9,-10,9,-10,8,-11,8,-11,8,-11,7,-11,8,-11,8,-11,8,-10,8,-10,8,-10,8,-10,9,-9,9,-9,10,-9,10,-9,10,-9,11,-9,12,-9,12,-9,12,-9,12]
[0;32mI (749134) esp_netif_handlers: sta ip: 192.168.4.2, mask: 255.255.255.0, gw: 192.168.4.1[0m
[0;33mW (749864) TAG: FTM to A2 failed (ESP_FAIL), streak=1[0m
[0;32mI (750464) TAG: STA connected to 24:ec:4a:03:56:41, ch=11 (sec=0)[0m
anchor,A3,24:ec:4a:03:56:41,ch=11
ftm_report,A3,20,20,3.000
csi_data,A3,[0,0,4,-15,3,-15,3,-14,3,-14,2,-14,2,-13,2,-13,1,-13,1,-13,0,-13,0,-12,-1,-12,-1,-12,-1,-12,-1,-12,-1,-12,-1,-12,-1,-12,0,-12,0,-12,1,-11,1,-11,1,-10,2,-10,2,-9,2,-9,0,0,0,0,0,0,0,0,0,0,0,0,0,0,0,0,0,0,0,0,0,0,1,-13,2,-13,3,-13,3,-14,4,-14,5,-14,6,-14,6,-14,7,-14,7,-13,7,-13,7,-13,7,-13,7,-13,6,-13,6,-13,6,-13,5,-13,5,-13,4,-14,4,-14,4,-14,4,-15,3,-15,4,-15,3,-15]
[0;32mI (751334) TAG: STA connected to 24:ec:4a:03:58:5d, ch=1 (sec=0)[0m
anchor,A1,24:ec:4a:03:58:5d,ch=1
ftm_report,A1,2,2,0.300
csi_data,A1,[0,0,7,13,7,12,7,12,7,12,7,12,8,11,8,11,8,10,8,10,8,9,9,10,9,9,9,9,10,9,10,9,10,9,10,10,10,10,10,10,9,10,8,11,8,11,7,11,6,11,5,11,4,11,0,0,0,0,0,0,0,0,0,0,0,0,0,0,0,0,0,0,0,0,0,0,5,9,5,10,4,10,4,11,4,11,3,11,3,12,2,12,2,12,2,12,2,12,2,12,2,12,2,12,2,12,3,11,3,11,4,11,4,12,5,11,5,11,6,12,6,12,7,12,7,12,7,12]
[0;32mI (752194) TAG: STA connected to 24:ec:4a:04:39:15, ch=6 (sec=0)[0m
anchor,A2,24:ec:4a:04:39:15,ch=6
ftm_report,A2,9,9,1.350
csi_data,A2,[0,0,-6,14,-6,13,-6,13,-6,13,-5,12,-5,12,-5,12,-4,12,-4,12,-3,12,-3,12,-2,12,-2,12,-2,12,-2,12,-2,12,-2,12,-2,12,-2,12,-3,12,-3,12,-4,11,-4,10,-4,10,-4,10,-5,9,0,0,0,0,0,0,0,0,0,0,0,0,0,0,0,0,0,0,0,0,0,0,-4,11,-5,11,-5,10,-6,10,-7,10,-7,11,-8,10,-8,11,-9,10,-9,10,-9,10,-9,10,-9,10,-8,10,-8,10,-8,10,-8,11,-7,11,-7,11,-7,11,-6,12,-6,12,-6,13,-6,13,-6,13,-6,14]
[0;32mI (753074) TAG: STA connected to 24:ec:4a:03:56:41, ch=11 (sec=0)[0m
anchor,A3,24:ec:4a:03:56:41,ch=11
ftm_report,A3,16,16,2.400
[0;32mI (753994) TAG: STA connected to 24:ec:4a:03:58:5d, ch=1 (sec=0)[0m
csi_data,A1,[0,0,14,-3,14,-4,14,-4,13,-4,13,-4,13,-4,13,-5,12,-5,12,-5,12,-6,12,-6,11,-7,12,-7,12,-8,12,-7,12,-8,12,-8,12,-7,12,-7,13,-6,13,-6,13,-5,12,-4,12,-4,12,-3,12,-2,0,0,0,0,0,0,0,0,0,0,0,0,0,0,0,0,0,0,0,0,0,0,10,-2,11,-1,11,-1,11,0,12,0,12,1,12,1,12,1,12,2,12,2,12,2,12,2,12,2,12,2,12,1,12,1,12,0,12,0,12,-1,12,-1,13,-2,13,-2,13,-2,14,-3,14,-3,14,-3]
anchor,A1,24:ec:4a:03:58:5d,ch=1
ftm_report,A1,3,3,0.450
[0;32mI (754854) TAG: STA connected to 24:ec:4a:04:39:15, ch=6 (sec=0)[0m
csi_data,A2,[0,0,15,0,14,-1,14,-1,14,-1,14,-1,13,-1,13,-2,13,-2,12,-2,12,-3,12,-3,12,-4,12,-4,12,-4,12,-4,12,-4,12,-4,12,-4,12,-3,12,-3,12,-2,12,-2,11,-1,11,-1,11,-1,10,0,0,0,0,0,0,0,0,0,0,0,0,0,0,0,0,0,0,0,0,0,0,0,11,-2,11,-1,12,-1,12,0,12,1,13,1,13,2,13,2,13,3,12,3,12,3,12,3,12,3,12,2,12,2,12,2,12,1,12,1,13,0,13,0,13,0,14,-1,14,-1,14,-1,15,-1,15,-1]
anchor,A2,24:ec:4a:04:39:15,ch=6
ftm_report,A2,10,10,1.500
[0;32mI (755724) TAG: STA connected to 24:ec:4a:03:56:41, ch=11 (sec=0)[0m
anchor,A3,24:ec:4a:03:56:41,ch=11
ftm_report,A3,16,16,2.400
csi_data,A3,[0,0,14,-5,13,-5,13,-5,12,-6,12,-5,11,-5,11,-6,11,-6,10,-6,10,-7,9,-7,9,-7,9,-7,9,-8,9,-8,9,-8,9,-7,9,-7,9,-7,9,-6,9,-6,9,-5,9,-5,8,-4,8,-4,8,-3,0,0,0,0,0,0,0,0,0,0,0,0,0,0,0,0,0,0,0,0,0,0,10,-6,11,-6,11,-5,12,-5,12,-4,13,-4,13,-3,14,-2,14,-2,14,-2,14,-2,13,-1,13,-2,13,-2,13,-2,13,-2,13,-3,13,-3,13,-4,13,-4,13,-4,13,-5,13,-5,13,-5,14,-5,13,-6]
[0;32mI (756584) TAG: STA connected to 24:ec:4a:03:58:5d, ch=1 (sec=0)[0m
anchor,A1,24:ec:4a:03:58:5d,ch=1
ftm_report,A1,2,2,0.300
csi_data,A1,[0,0,12,8,12,7,12,7,12,7,12,6,12,6,12,5,12,5,12,4,12,4,12,4,12,4,12,4,13,3,13,3,13,3,13,3,13,4,13,3,13,4,13,5,12,5,11,6,11,6,10,7,9,7,0,0,0,0,0,0,0,0,0,0,0,0,0,0,0,0,0,0,0,0,0,0,8,6,8,6,8,7,8,7,8,8,7,9,8,9,7,9,7,10,7,10,6,10,6,10,6,10,7,9,7,9,8,9,8,8,8,8,9,8,10,8,10,8,11,7,11,8,11,8,11,8,11,8]
[0;32mI (757444) TAG: STA connected to 24:ec:4a:04:39:15, ch=6 (sec=0)[0m
csi_data,A2,[0,0,14,-4,14,-4,14,-3,13,-4,13,-4,13,-4,12,-4,12,-5,12,-5,11,-5,11,-5,11,-6,11,-6,11,-7,10,-7,11,-7,11,-6,11,-6,11,-6,11,-6,11,-5,11,-5,10,-4,10,-3,10,-3,10,-2,0,0,0,0,0,0,0,0,0,0,0,0,0,0,0,0,0,0,0,0,0,0,11,-3,11,-3,12,-2,12,-1,12,-1,13,-1,13,0,13,0,13,1,13,1,13,1,13,1,13,1,13,1,12,0,12,0,13,-1,12,-1,13,-2,13,-2,13,-3,14,-3,14,-3,14,-3,14,-3,15,-4]
anchor,A2,24:ec:4a:04:39:15,ch=6
ftm_report,A2,9,9,1.350
[0;32mI (758454) esp_netif_handlers: sta ip: 192.168.4.2, mask: 255.255.255.0, gw: 192.168.4.1[0m
[0;32mI (758824) TAG: STA connected to 24:ec:4a:03:56:41, ch=11 (sec=0)[0m
csi_data,A3,[0,0,-15,-3,-15,-3,-15,-3,-14,-2,-14,-2,-14,-1,-13,-1,-13,0,-13,0,-12,1,-12,1,-12,1,-12,2,-12,2,-12,2,-12,2,-12,2,-12,2,-12,1,-12,1,-12,1,-12,0,-11,-1,-11,-1,-10,-2,-10,-2,0,0,0,0,0,0,0,0,0,0,0,0,0,0,0,0,0,0,0,0,0,0,-13,-1,-13,-2,-14,-3,-14,-4,-14,-4,-14,-5,-14,-6,-14,-6,-14,-7,-13,-7,-13,-7,-13,-7,-13,-7,-13,-7,-13,-6,-13,-6,-13,-5,-13,-5,-14,-5,-14,-4,-14,-4,-15,-3,-15,-3,-15,-3,-15,-3,-15,-3]
anchor,A3,24:ec:4a:03:56:41,ch=11
ftm_report,A3,16,16,2.400
[0;32mI (759674) TAG: STA connected to 24:ec:4a:03:58:5d, ch=1 (sec=0)[0m
