[0;32mI (107) esp_image: segment 1: paddr=0002a058 vaddr=3fc99b00 sizeESP-ROM:esp32s3-20210327[0m
Build:Mar 27 2021
rst:0x15 (USB_UART_CHIP_RESET),boot:0x8 (SPI_FAST_FLASH_BOOT)
Saved PC:0x4037ac12
SPIWP:0xee
mode:DIO, clock div:1
load:0x3fce2810,len:0x15a0
load:0x403c8700,len:0x4
load:0x403c8704,len:0xd20
load:0x403cb700,len:0x2ee4
entry 0x403c8928
[0;32mI (26) boot: ESP-IDF v5.4-dirty 2nd stage bootloader[0m
[0;32mI (27) boot: compile time Sep 10 2025 06:38:52[0m
[0;32mI (27) boot: Multicore bootloader[0m
[0;32mI (27) boot: chip revision: v0.2[0m
[0;32mI (30) boot: efuse block revision: v1.3[0m
[0;32mI (34) boot.esp32s3: Boot SPI Speed : 80MHz[0m
[0;32mI (37) boot.esp32s3: SPI Mode       : DIO[0m
[0;32mI (41) boot.esp32s3: SPI Flash Size : 2MB[0m
[0;32mI (45) boot: Enabling RNG early entropy source...[0m
[0;32mI (49) boot: Partition Table:[0m
[0;32mI (52) boot: ## Label            Usage          Type ST Offset   Length[0m
[0;32mI (58) boot:  0 nvs              WiFi data        01 02 00009000 00006000[0m
[0;32mI (65) boot:  1 phy_init         RF data          01 01 0000f000 00001000[0m
[0;32mI (71) boot:  2 factory          factory app      00 00 00010000 00100000[0m
[0;32mI (78) boot: End of partition table[0m
[0;32mI (81) esp_image: segment 0: paddr=00010020 vaddr=3c090020 size=1a030h (106544) map[0m
[0;32mI (107) esp_image: segment 1: paddr=0002a058 vaddr=3fc99b00 size=04968h ( 18792) load[0m
[0;32mI (112) esp_image: segment 2: paddr=0002e9c8 vaddr=40374000 size=01650h (  5712) load[0m
[0;32mI (113) esp_image: segment 3: paddr=00030020 vaddr=42000020 size=85ac0h (547520) map[0m
[0;32mI (215) esp_image: segment 4: paddr=000b5ae8 vaddr=40375650 size=143dch ( 82908) load[0m
[0;32mI (234) esp_image: segment 5: paddr=000c9ecc vaddr=600fe100 size=0001ch (    28) load[0m
[0;32mI (242) boot: Loaded app from partition at offset 0x10000[0m
[0;32mI (243) boot: Disabling RNG early entropy source...[0m
[0;32mI (253) cpu_start: Multicore app[0m
[0;32mI (262) cpu_start: Pro cpu start user code[0m
[0;32mI (262) cpu_start: cpu freq: 160000000 Hz[0m
[0;32mI (262) app_init: Application information:[0m
[0;32mI (263) app_init: Project name:     initiator[0m
[0;32mI (266) app_init: App version:      75e1e0a9-dirty[0m
[0;32mI (271) app_init: Compile time:     Sep 15 2025 19:24:39[0m
[0;32mI (276) app_init: ELF file SHA256:  3346d4a28...[0m
[0;32mI (280) app_init: ESP-IDF:          v5.4-dirty[0m
[0;32mI (284) efuse_init: Min chip rev:     v0.0[0m
[0;32mI (288) efuse_init: Max chip rev:     v0.99 [0m
[0;32mI (292) efuse_init: Chip rev:         v0.2[0m
[0;32mI (296) heap_init: Initializing. RAM available for dynamic allocation:[0m
[0;32mI (302) heap_init: At 3FCA25E0 len 00047130 (284 KiB): RAM[0m
[0;32mI (308) heap_init: At 3FCE9710 len 00005724 (21 KiB): RAM[0m
[0;32mI (313) heap_init: At 3FCF0000 len 00008000 (32 KiB): DRAM[0m
[0;32mI (318) heap_init: At 600FE11C len 00001ECC (7 KiB): RTCRAM[0m
[0;32mI (324) spi_flash: detected chip: gd[0m
[0;32mI (326) spi_flash: flash io: dio[0m
[0;33mW (329) spi_flash: Detected size(8192k) larger than the size in the binary image header(2048k). Using the size in the binary image header.[0m
[0;32mI (342) sleep_gpio: Configure to isolate all GPIO pins in sleep state[0m
[0;32mI (348) sleep_gpio: Enable automatic switching of GPIO sleep configuration[0m
[0;32mI (355) main_task: Started on CPU0[0m
[0;32mI (365) main_task: Calling app_main()[0m
[0;32mI (385) pp: pp rom version: e7ae62f[0m
[0;32mI (385) net80211: net80211 rom version: e7ae62f[0m
[0;32mI (405) wifi_init: rx ba win: 6[0m
[0;32mI (405) wifi_init: accept mbox: 6[0m
[0;32mI (405) wifi_init: tcpip mbox: 32[0m
[0;32mI (405) wifi_init: udp mbox: 6[0m
[0;32mI (405) wifi_init: tcp mbox: 6[0m
[0;32mI (405) wifi_init: tcp tx win: 5760[0m
[0;32mI (405) wifi_init: tcp rx win: 5760[0m
[0;32mI (405) wifi_init: tcp mss: 1440[0m
[0;32mI (405) wifi_init: WiFi IRAM OP enabled[0m
[0;32mI (405) wifi_init: WiFi RX IRAM OP enabled[0m
[0;32mI (405) phy_init: phy_version 680,a6008b2,Jun  4 2024,16:41:10[0m
[0;32mI (1565) TAG: STA connected to 24:ec:4a:04:39:15, ch=6 (sec=0)[0m
[0;32mI (1565) esp_netif_handlers: sta ip: 192.168.4.2, mask: 255.255.255.0, gw: 192.168.4.1[0m
[0;32mI (1565) TAG: Ready (multi-anchor): FTM burst + CSI 1Hz, UART=921600.[0m
[0;32mI (1575) main_task: Returned from app_main()[0m
[0;32mI (1715) TAG: FTM status=0, entries=7[0m
anchor,A2,24:ec:4a:04:39:15,ch=6
ftm_report,A2,9,9,1.350
[1;31mE (1715) TAG: esp_wifi_ftm_get_report() rc=ESP_FAIL (-1), entries=7[0m
[0;32mI (2605) TAG: FTM status=0, entries=7[0m
anchor,A2,24:ec:4a:04:39:15,ch=6
ftm_report,A2,7,7,1.050
[1;31mE (2605) TAG: esp_wifi_ftm_get_report() rc=ESP_FAIL (-1), entries=7[0m
[0;32mI (3495) TAG: FTM status=0, entries=7[0m
anchor,A2,24:ec:4a:04:39:15,ch=6
ftm_report,A2,6,6,0.900
[1;31mE (3495) TAG: esp_wifi_ftm_get_report() rc=ESP_FAIL (-1), entries=7[0m
[0;32mI (4385) TAG: FTM status=0, entries=7[0m
anchor,A2,24:ec:4a:04:39:15,ch=6
ftm_report,A2,7,7,1.050
[1;31mE (4385) TAG: esp_wifi_ftm_get_report() rc=ESP_FAIL (-1), entries=7[0m
csi_data,A2,[0,0,-10,11,-10,11,-9,11,-9,11,-9,10,-8,10,-8,10,-7,10,-7,11,-7,11,-6,11,-5,11,-5,11,-5,11,-5,12,-5,12,-5,12,-5,12,-6,12,-6,11,-7,11,-7,10,-7,9,-7,9,-8,8,-8,8,0,0,0,0,0,0,0,0,0,0,0,0,0,0,0,0,0,0,0,0,0,0,-8,9,-8,8,-9,8,-9,8,-10,8,-11,7,-11,7,-12,7,-12,7,-12,6,-12,6,-12,6,-12,6,-11,6,-11,6,-11,7,-11,7,-10,8,-10,8,-10,9,-10,9,-10,10,-10,10,-10,10,-10,11,-10,11]
[0;32mI (5275) TAG: FTM status=0, entries=7[0m
anchor,A2,24:ec:4a:04:39:15,ch=6
ftm_report,A2,5,5,0.750
[1;31mE (5275) TAG: esp_wifi_ftm_get_report() rc=ESP_FAIL (-1), entries=7[0m
csi_data,A2,[0,0,14,-1,14,-1,14,-1,14,-1,13,-1,13,-1,13,-2,13,-2,12,-3,12,-3,12,-4,12,-4,11,-4,11,-4,12,-5,12,-5,12,-5,12,-5,12,-4,12,-3,12,-3,12,-2,12,-1,11,-1,11,-1,10,0,0,0,0,0,0,0,0,0,0,0,0,0,0,0,0,0,0,0,0,0,0,0,11,-2,11,-1,12,0,11,1,12,1,12,1,12,2,12,2,13,3,12,3,12,3,12,3,12,3,12,3,12,2,12,2,12,1,12,1,12,1,13,1,13,0,14,0,14,-1,14,-1,15,-1,14,-1]
[0;32mI (6165) TAG: FTM status=0, entries=7[0m
anchor,A2,24:ec:4a:04:39:15,ch=6
ftm_report,A2,9,9,1.350
[1;31mE (6165) TAG: esp_wifi_ftm_get_report() rc=ESP_FAIL (-1), entries=7[0m
csi_data,A2,[0,0,3,14,4,14,3,13,3,13,4,13,4,13,4,12,4,12,4,11,5,11,5,11,6,10,6,10,6,10,6,11,6,11,6,11,6,11,5,11,5,11,4,11,4,11,3,11,3,11,2,10,1,10,0,0,0,0,0,0,0,0,0,0,0,0,0,0,0,0,0,0,0,0,0,0,4,10,3,10,3,11,2,11,2,12,1,12,0,12,0,13,0,13,0,13,-1,12,-1,12,0,13,0,12,0,12,0,12,1,12,1,12,2,12,2,13,3,13,3,13,3,13,4,14,4,14,4,14]
[0;32mI (7055) TAG: FTM status=0, entries=7[0m
anchor,A2,24:ec:4a:04:39:15,ch=6
ftm_report,A2,7,7,1.050
[1;31mE (7055) TAG: esp_wifi_ftm_get_report() rc=ESP_FAIL (-1), entries=7[0m
csi_data,A2,[0,0,14,-4,14,-4,14,-4,14,-4,13,-4,13,-4,12,-4,12,-5,11,-5,11,-6,11,-6,11,-6,11,-7,11,-7,11,-7,11,-7,11,-7,11,-7,12,-6,12,-6,12,-5,11,-4,11,-4,11,-3,11,-3,10,-2,0,0,0,0,0,0,0,0,0,0,0,0,0,0,0,0,0,0,0,0,0,0,10,-5,10,-4,11,-3,11,-3,12,-2,12,-2,13,-1,13,-1,13,-1,13,0,13,0,13,0,13,0,12,0,12,-1,12,-1,12,-2,12,-2,12,-2,13,-3,13,-3,13,-3,13,-4,14,-4,14,-4,14,-4]
[0;32mI (7945) TAG: FTM status=0, entries=7[0m
anchor,A2,24:ec:4a:04:39:15,ch=6
ftm_report,A2,7,7,1.050
[1;31mE (7945) TAG: esp_wifi_ftm_get_report() rc=ESP_FAIL (-1), entries=7[0m
csi_data,A2,[0,0,15,-1,14,-2,14,-1,14,-2,14,-2,13,-2,13,-2,12,-3,12,-3,11,-4,11,-5,11,-5,11,-5,11,-5,11,-5,12,-6,12,-5,12,-5,12,-5,12,-4,12,-3,12,-3,11,-2,11,-2,11,-1,10,-1,0,0,0,0,0,0,0,0,0,0,0,0,0,0,0,0,0,0,0,0,0,0,11,-2,12,-2,12,0,12,0,12,1,13,1,13,2,13,2,13,3,12,3,13,3,12,3,12,3,12,2,12,2,12,1,12,1,12,1,13,0,13,0,13,0,14,0,14,-1,14,-1,14,-1,15,-2]
[0;32mI (8835) TAG: FTM status=0, entries=7[0m
anchor,A2,24:ec:4a:04:39:15,ch=6
ftm_report,A2,7,7,1.050
[1;31mE (8835) TAG: esp_wifi_ftm_get_report() rc=ESP_FAIL (-1), entries=7[0m
csi_data,A2,[0,0,0,-15,0,-15,0,-15,0,-15,-1,-15,-1,-14,-1,-14,-2,-14,-2,-13,-2,-13,-3,-13,-3,-13,-4,-13,-4,-13,-4,-13,-4,-13,-4,-13,-3,-13,-3,-13,-2,-13,-2,-13,-1,-13,-1,-12,-1,-12,0,-11,1,-11,0,0,0,0,0,0,0,0,0,0,0,0,0,0,0,0,0,0,0,0,0,0,-1,-12,0,-12,1,-13,1,-13,1,-13,3,-13,3,-13,3,-13,4,-13,4,-13,4,-13,4,-13,4,-13,4,-13,3,-13,3,-13,3,-13,2,-13,2,-13,1,-14,1,-14,1,-14,1,-15,0,-15,0,-16,0,-16]
[0;32mI (9725) TAG: FTM status=0, entries=7[0m
anchor,A2,24:ec:4a:04:39:15,ch=6
ftm_report,A2,5,5,0.750
[1;31mE (9725) TAG: esp_wifi_ftm_get_report() rc=ESP_FAIL (-1), entries=7[0m
[0;32mI (10615) TAG: FTM status=0, entries=7[0m
anchor,A2,24:ec:4a:04:39:15,ch=6
ftm_report,A2,7,7,1.050
[1;31mE (10615) TAG: esp_wifi_ftm_get_report() rc=ESP_FAIL (-1), entries=7[0m
[0;32mI (11505) TAG: FTM status=0, entries=7[0m
anchor,A2,24:ec:4a:04:39:15,ch=6
ftm_report,A2,7,7,1.050
[1;31mE (11505) TAG: esp_wifi_ftm_get_report() rc=ESP_FAIL (-1), entries=7[0m
[0;32mI (12395) TAG: FTM status=0, entries=7[0m
anchor,A2,24:ec:4a:04:39:15,ch=6
ftm_report,A2,7,7,1.050
[1;31mE (12395) TAG: esp_wifi_ftm_get_report() rc=ESP_FAIL (-1), entries=7[0m
[0;32mI (13285) TAG: FTM status=0, entries=7[0m
anchor,A2,24:ec:4a:04:39:15,ch=6
ftm_report,A2,6,6,0.900
[1;31mE (13285) TAG: esp_wifi_ftm_get_report() rc=ESP_FAIL (-1), entries=7[0m
csi_data,A2,[0,0,-12,10,-12,9,-12,9,-11,9,-11,9,-10,9,-10,9,-9,9,-9,9,-9,9,-9,10,-8,9,-8,10,-8,10,-8,10,-8,11,-8,10,-8,11,-8,10,-9,10,-9,10,-9,9,-9,8,-9,7,-10,6,-10,6,0,0,0,0,0,0,0,0,0,0,0,0,0,0,0,0,0,0,0,0,0,0,-9,7,-9,7,-10,7,-10,6,-11,6,-12,6,-12,6,-13,6,-13,5,-12,5,-13,4,-13,4,-12,4,-12,4,-12,5,-12,5,-12,6,-11,6,-11,7,-11,7,-11,8,-11,8,-11,9,-12,9,-12,9,-12,9]
[0;32mI (14175) TAG: FTM status=0, entries=7[0m
anchor,A2,24:ec:4a:04:39:15,ch=6
ftm_report,A2,5,5,0.750
[1;31mE (14175) TAG: esp_wifi_ftm_get_report() rc=ESP_FAIL (-1), entries=7[0m
csi_data,A2,[0,0,1,-16,1,-15,1,-15,1,-15,1,-15,0,-14,0,-14,-1,-14,-1,-13,-1,-13,-2,-13,-2,-13,-3,-13,-3,-13,-3,-13,-3,-14,-3,-13,-3,-14,-2,-14,-2,-13,-1,-13,-1,-13,0,-12,0,-12,1,-12,2,-11,0,0,0,0,0,0,0,0,0,0,0,0,0,0,0,0,0,0,0,0,0,0,0,-11,1,-12,2,-12,2,-13,3,-12,4,-13,4,-13,4,-13,5,-13,5,-12,5,-12,5,-12,5,-12,5,-12,4,-13,4,-12,4,-13,3,-12,3,-14,2,-14,2,-14,2,-15,1,-14,1,-15,1,-15,2,-16]
[0;32mI (15065) TAG: FTM status=0, entries=7[0m
anchor,A2,24:ec:4a:04:39:15,ch=6
ftm_report,A2,6,6,0.900
[1;31mE (15065) TAG: esp_wifi_ftm_get_report() rc=ESP_FAIL (-1), entries=7[0m
csi_data,A2,[0,0,-16,1,-15,0,-15,0,-15,1,-14,1,-14,1,-14,1,-13,2,-13,3,-13,3,-13,4,-12,4,-12,4,-12,4,-12,5,-12,5,-13,4,-13,5,-13,4,-13,3,-13,3,-13,2,-12,2,-12,1,-12,1,-11,0,0,0,0,0,0,0,0,0,0,0,0,0,0,0,0,0,0,0,0,0,0,0,-12,1,-12,0,-12,-1,-12,-1,-13,-2,-13,-2,-13,-3,-13,-3,-13,-3,-13,-4,-13,-4,-13,-4,-13,-4,-13,-3,-13,-3,-13,-3,-13,-2,-13,-1,-13,-1,-14,-1,-14,-1,-14,0,-15,1,-15,0,-15,0,-15,1]
[0;32mI (15955) TAG: FTM status=0, entries=7[0m
anchor,A2,24:ec:4a:04:39:15,ch=6
ftm_report,A2,4,4,0.600
[1;31mE (15955) TAG: esp_wifi_ftm_get_report() rc=ESP_FAIL (-1), entries=7[0m
csi_data,A2,[0,0,13,6,13,6,13,6,13,6,12,6,12,5,12,5,12,4,12,3,12,3,12,3,12,2,12,2,12,2,12,1,12,1,13,2,12,2,12,2,12,3,12,3,11,4,11,4,10,5,9,5,9,5,0,0,0,0,0,0,0,0,0,0,0,0,0,0,0,0,0,0,0,0,0,0,10,4,10,4,10,6,10,6,10,7,10,7,10,8,10,8,9,8,9,9,9,9,9,9,9,9,9,9,9,8,9,8,9,7,10,7,10,7,11,7,11,7,12,6,12,6,13,7,13,7,13,6]
[0;32mI (16845) TAG: FTM status=0, entries=7[0m
anchor,A2,24:ec:4a:04:39:15,ch=6
ftm_report,A2,5,5,0.750
[1;31mE (16845) TAG: esp_wifi_ftm_get_report() rc=ESP_FAIL (-1), entries=7[0m
csi_data,A2,[0,0,-2,14,-2,14,-2,14,-2,14,-1,13,-1,13,0,13,0,12,0,12,0,12,1,12,1,12,1,12,2,12,2,12,2,12,2,13,1,12,1,12,1,12,0,12,0,12,-1,12,-2,11,-2,10,-3,10,0,0,0,0,0,0,0,0,0,0,0,0,0,0,0,0,0,0,0,0,0,0,-1,11,-2,11,-2,11,-3,11,-3,12,-4,12,-5,12,-5,12,-5,12,-6,12,-7,11,-6,11,-6,11,-6,11,-5,11,-5,11,-4,11,-4,12,-3,12,-3,13,-3,13,-2,13,-3,14,-2,14,-2,14,-3,14]
[1;31mE (17735) wifi:No FTM Measurements received from responder![0m
[0;32mI (17735) TAG: FTM status=5, entries=0[0m
[0;33mW (17965) TAG: FTM to A2 failed (ESP_FAIL), streak=1[0m
[0;32mI (18625) TAG: FTM status=0, entries=7[0m
anchor,A2,24:ec:4a:04:39:15,ch=6
ftm_report,A2,5,5,0.750
[1;31mE (18625) TAG: esp_wifi_ftm_get_report() rc=ESP_FAIL (-1), entries=7[0m
[0;32mI (19515) TAG: FTM status=0, entries=7[0m
anchor,A2,24:ec:4a:04:39:15,ch=6
ftm_report,A2,7,7,1.050
[1;31mE (19515) TAG: esp_wifi_ftm_get_report() rc=ESP_FAIL (-1), entries=7[0m
[0;32mI (20405) TAG: FTM status=0, entries=7[0m
anchor,A2,24:ec:4a:04:39:15,ch=6
ftm_report,A2,5,5,0.750
[1;31mE (20405) TAG: esp_wifi_ftm_get_report() rc=ESP_FAIL (-1), entries=7[0m
csi_data,A2,[0,0,-14,-7,-14,-7,-14,-7,-13,-6,-14,-6,-13,-6,-13,-6,-13,-5,-13,-4,-13,-4,-13,-3,-13,-3,-13,-3,-13,-3,-13,-2,-13,-2,-13,-3,-14,-3,-13,-4,-13,-4,-12,-4,-12,-5,-11,-5,-11,-5,-10,-5,-10,-6,0,0,0,0,0,0,0,0,0,0,0,0,0,0,0,0,0,0,0,0,0,0,-11,-4,-11,-5,-11,-6,-11,-7,-11,-7,-11,-8,-11,-9,-11,-9,-11,-9,-10,-10,-10,-9,-10,-9,-10,-9,-10,-9,-10,-9,-10,-8,-11,-8,-11,-7,-12,-8,-12,-8,-12,-8,-13,-7,-13,-7,-14,-7,-14,-7,-14,-7]
[0;32mI (21295) TAG: FTM status=0, entries=7[0m
anchor,A2,24:ec:4a:04:39:15,ch=6
ftm_report,A2,4,4,0.600
[1;31mE (21295) TAG: esp_wifi_ftm_get_report() rc=ESP_FAIL (-1), entries=7[0m
csi_data,A2,[0,0,10,10,10,10,10,10,10,9,10,9,9,9,9,8,10,8,9,7,10,7,10,6,10,6,10,6,10,5,11,6,10,5,11,6,10,6,10,7,10,7,9,7,9,7,8,8,8,8,7,8,6,8,0,0,0,0,0,0,0,0,0,0,0,0,0,0,0,0,0,0,0,0,0,0,9,6,8,7,8,8,8,9,8,10,7,10,7,11,7,11,6,11,6,12,6,11,6,11,6,11,6,11,6,10,7,10,7,10,7,10,8,10,8,10,8,10,9,10,9,10,10,10,10,10,10,10]
[0;32mI (22185) TAG: FTM status=0, entries=7[0m
anchor,A2,24:ec:4a:04:39:15,ch=6
ftm_report,A2,5,5,0.750
[1;31mE (22185) TAG: esp_wifi_ftm_get_report() rc=ESP_FAIL (-1), entries=7[0m
csi_data,A2,[0,0,-5,-14,-6,-14,-5,-14,-5,-14,-5,-14,-6,-13,-6,-13,-6,-12,-6,-12,-7,-11,-7,-11,-7,-11,-8,-11,-8,-11,-8,-11,-8,-11,-8,-11,-8,-11,-7,-11,-7,-11,-6,-11,-6,-12,-5,-11,-4,-11,-3,-11,-3,-11,0,0,0,0,0,0,0,0,0,0,0,0,0,0,0,0,0,0,0,0,0,0,-5,-10,-5,-11,-4,-12,-4,-12,-3,-13,-3,-13,-3,-13,-2,-13,-2,-13,-2,-13,-1,-13,-1,-13,-1,-13,-2,-13,-2,-13,-2,-13,-2,-13,-3,-13,-4,-13,-4,-13,-5,-13,-5,-14,-5,-14,-5,-14,-5,-15,-6,-14]
[0;32mI (23075) TAG: FTM status=0, entries=7[0m
anchor,A2,24:ec:4a:04:39:15,ch=6
ftm_report,A2,7,7,1.050
[1;31mE (23075) TAG: esp_wifi_ftm_get_report() rc=ESP_FAIL (-1), entries=7[0m
csi_data,A2,[0,0,15,-1,14,-1,14,-1,14,-2,13,-2,13,-2,13,-2,12,-3,12,-3,12,-4,11,-4,11,-4,11,-4,11,-5,11,-5,11,-5,11,-5,12,-5,12,-5,12,-4,12,-4,11,-3,11,-2,11,-1,10,-1,10,-1,0,0,0,0,0,0,0,0,0,0,0,0,0,0,0,0,0,0,0,0,0,0,11,-2,11,-1,11,0,12,1,12,1,12,1,12,2,12,2,12,3,12,3,12,3,12,3,12,3,12,3,12,3,12,2,12,1,12,1,12,1,13,0,13,0,14,-1,14,-1,14,-1,14,-1,14,-1]
[0;32mI (23965) TAG: FTM status=0, entries=7[0m
anchor,A2,24:ec:4a:04:39:15,ch=6
ftm_report,A2,6,6,0.900
[1;31mE (23965) TAG: esp_wifi_ftm_get_report() rc=ESP_FAIL (-1), entries=7[0m
csi_data,A2,[0,0,13,7,12,7,12,7,12,7,12,6,11,6,11,6,11,5,11,5,11,4,11,4,11,3,12,3,12,3,12,3,12,3,12,3,12,3,12,4,11,4,11,5,11,5,10,5,9,6,9,6,8,6,0,0,0,0,0,0,0,0,0,0,0,0,0,0,0,0,0,0,0,0,0,0,10,4,10,4,10,6,10,6,10,7,10,7,10,8,9,8,9,9,9,9,9,9,9,9,9,9,9,9,9,8,9,8,9,8,10,7,10,7,10,7,11,7,12,7,12,7,12,7,12,7,12,7]
[0;32mI (24855) TAG: FTM status=0, entries=7[0m
anchor,A2,24:ec:4a:04:39:15,ch=6
ftm_report,A2,7,7,1.050
[1;31mE (24855) TAG: esp_wifi_ftm_get_report() rc=ESP_FAIL (-1), entries=7[0m
csi_data,A2,[0,0,15,-1,14,-2,14,-2,14,-2,14,-2,13,-2,13,-2,12,-2,12,-3,12,-4,12,-4,11,-4,11,-4,11,-5,12,-5,11,-5,12,-5,12,-5,12,-4,12,-4,12,-3,12,-2,12,-2,11,-1,11,-1,10,0,0,0,0,0,0,0,0,0,0,0,0,0,0,0,0,0,0,0,0,0,0,0,11,-3,11,-2,12,-1,12,0,12,0,13,0,13,1,13,2,13,2,13,3,13,2,13,3,12,3,12,2,12,2,12,1,12,1,12,0,13,0,13,0,13,0,13,-1,14,-1,14,-1,14,-1,15,-2]
[0;32mI (25745) TAG: FTM status=0, entries=7[0m
anchor,A2,24:ec:4a:04:39:15,ch=6
ftm_report,A2,6,6,0.900
[1;31mE (25745) TAG: esp_wifi_ftm_get_report() rc=ESP_FAIL (-1), entries=7[0m
[0;32mI (26635) TAG: FTM status=0, entries=7[0m
anchor,A2,24:ec:4a:04:39:15,ch=6
ftm_report,A2,11,11,1.650
[1;31mE (26645) TAG: esp_wifi_ftm_get_report() rc=ESP_FAIL (-1), entries=7[0m
[0;32mI (27535) TAG: FTM status=0, entries=7[0m
anchor,A2,24:ec:4a:04:39:15,ch=6
ftm_report,A2,6,6,0.900
[1;31mE (27535) TAG: esp_wifi_ftm_get_report() rc=ESP_FAIL (-1), entries=7[0m
[0;32mI (28425) TAG: FTM status=0, entries=7[0m
anchor,A2,24:ec:4a:04:39:15,ch=6
ftm_report,A2,8,8,1.200
[1;31mE (28425) TAG: esp_wifi_ftm_get_report() rc=ESP_FAIL (-1), entries=7[0m
[0;32mI (29315) TAG: FTM status=0, entries=7[0m
anchor,A2,24:ec:4a:04:39:15,ch=6
ftm_report,A2,7,7,1.050
[1;31mE (29315) TAG: esp_wifi_ftm_get_report() rc=ESP_FAIL (-1), entries=7[0m
csi_data,A2,[0,0,13,6,13,6,13,6,13,5,12,5,12,5,12,4,12,4,12,3,12,2,12,2,12,2,12,1,12,1,12,1,12,1,13,1,12,1,12,2,12,2,12,3,11,3,11,4,10,4,10,4,9,4,0,0,0,0,0,0,0,0,0,0,0,0,0,0,0,0,0,0,0,0,0,0,10,3,10,4,10,5,10,6,10,7,10,7,10,8,10,8,10,8,9,9,9,9,9,9,9,8,9,8,9,8,10,7,10,7,10,7,11,7,11,6,12,6,12,6,13,6,13,6,13,6,13,6]
[0;32mI (30205) TAG: FTM status=0, entries=7[0m
anchor,A2,24:ec:4a:04:39:15,ch=6
ftm_report,A2,12,12,1.800
[1;31mE (30205) TAG: esp_wifi_ftm_get_report() rc=ESP_FAIL (-1), entries=7[0m
csi_data,A2,[0,0,-11,11,-10,11,-10,10,-10,10,-9,10,-9,10,-8,10,-8,10,-8,11,-7,11,-7,11,-6,11,-6,11,-6,11,-6,11,-6,12,-6,11,-6,11,-7,11,-7,11,-7,10,-7,10,-8,9,-8,8,-8,8,-8,7,0,0,0,0,0,0,0,0,0,0,0,0,0,0,0,0,0,0,0,0,0,0,-8,9,-8,9,-9,9,-10,8,-10,8,-11,8,-12,8,-12,7,-12,7,-12,6,-12,6,-12,6,-12,6,-12,7,-11,7,-11,7,-11,7,-11,8,-10,8,-10,9,-10,9,-10,10,-11,10,-10,10,-11,11,-11,11]
[0;32mI (31095) TAG: FTM status=0, entries=7[0m
anchor,A2,24:ec:4a:04:39:15,ch=6
ftm_report,A2,7,7,1.050
[1;31mE (31095) TAG: esp_wifi_ftm_get_report() rc=ESP_FAIL (-1), entries=7[0m
csi_data,A2,[0,0,-2,-15,-2,-15,-2,-15,-2,-15,-2,-14,-3,-14,-3,-14,-3,-13,-3,-13,-4,-13,-4,-13,-5,-12,-5,-12,-5,-12,-5,-12,-5,-13,-5,-13,-5,-13,-4,-13,-4,-13,-3,-13,-3,-13,-2,-12,-2,-12,-1,-12,0,-11,0,0,0,0,0,0,0,0,0,0,0,0,0,0,0,0,0,0,0,0,0,0,-3,-11,-2,-12,-2,-12,-1,-13,-1,-13,0,-13,1,-13,1,-13,2,-14,2,-14,2,-13,2,-13,2,-13,2,-13,1,-13,1,-13,1,-13,0,-13,0,-14,-1,-14,-1,-14,-1,-15,-2,-14,-2,-15,-2,-15,-2,-15]
[0;32mI (31985) TAG: FTM status=0, entries=7[0m
anchor,A2,24:ec:4a:04:39:15,ch=6
ftm_report,A2,5,5,0.750
[1;31mE (31985) TAG: esp_wifi_ftm_get_report() rc=ESP_FAIL (-1), entries=7[0m
csi_data,A2,[0,0,-13,8,-13,8,-12,7,-12,8,-12,8,-11,8,-11,8,-10,8,-10,8,-9,8,-9,9,-9,8,-9,9,-9,9,-8,10,-8,10,-9,9,-9,9,-9,9,-9,9,-10,8,-10,7,-10,7,-10,6,-10,5,-10,5,0,0,0,0,0,0,0,0,0,0,0,0,0,0,0,0,0,0,0,0,0,0,-9,7,-10,6,-10,6,-11,5,-12,5,-12,5,-13,5,-13,4,-13,4,-13,3,-13,3,-13,3,-13,3,-12,3,-12,3,-12,4,-12,5,-12,5,-12,5,-12,6,-12,6,-12,7,-13,7,-13,7,-13,7,-13,8]
[0;32mI (32875) TAG: FTM status=0, entries=7[0m
anchor,A2,24:ec:4a:04:39:15,ch=6
ftm_report,A2,8,8,1.200
[1;31mE (32875) TAG: esp_wifi_ftm_get_report() rc=ESP_FAIL (-1), entries=7[0m
csi_data,A2,[0,0,14,-2,14,-2,14,-2,14,-3,13,-3,13,-3,13,-3,12,-3,12,-4,12,-5,12,-5,11,-5,11,-5,11,-5,12,-6,11,-6,12,-5,12,-6,12,-5,12,-5,12,-4,11,-3,11,-3,11,-2,11,-1,10,-1,0,0,0,0,0,0,0,0,0,0,0,0,0,0,0,0,0,0,0,0,0,0,11,-4,11,-3,12,-2,12,-1,12,-1,13,-1,13,0,13,1,13,1,13,2,13,2,13,2,12,2,12,1,12,1,13,1,12,0,13,0,13,-1,13,-1,13,-1,14,-2,14,-3,14,-2,14,-2,15,-3]
[0;32mI (33765) TAG: FTM status=0, entries=7[0m
anchor,A2,24:ec:4a:04:39:15,ch=6
ftm_report,A2,5,5,0.750
[1;31mE (33765) TAG: esp_wifi_ftm_get_report() rc=ESP_FAIL (-1), entries=7[0m
csi_data,A2,[0,0,9,-13,8,-13,8,-12,8,-13,8,-12,7,-12,7,-12,6,-12,6,-12,6,-12,5,-12,4,-12,4,-12,4,-12,4,-13,4,-13,4,-13,5,-13,5,-13,5,-12,6,-12,6,-11,6,-11,6,-10,7,-9,7,-9,0,0,0,0,0,0,0,0,0,0,0,0,0,0,0,0,0,0,0,0,0,0,6,-11,6,-10,7,-10,8,-10,8,-10,9,-10,10,-10,10,-9,11,-9,11,-9,11,-9,11,-8,10,-8,10,-8,10,-9,10,-9,9,-9,9,-10,9,-10,9,-11,9,-11,8,-11,9,-12,9,-12,8,-12,9,-13]
[0;32mI (34655) TAG: FTM status=0, entries=7[0m
anchor,A2,24:ec:4a:04:39:15,ch=6
ftm_report,A2,6,6,0.900
[1;31mE (34655) TAG: esp_wifi_ftm_get_report() rc=ESP_FAIL (-1), entries=7[0m
[0;32mI (35545) TAG: FTM status=0, entries=7[0m
anchor,A2,24:ec:4a:04:39:15,ch=6
ftm_report,A2,9,9,1.350
[1;31mE (35545) TAG: esp_wifi_ftm_get_report() rc=ESP_FAIL (-1), entries=7[0m
[0;32mI (36435) TAG: FTM status=0, entries=7[0m
anchor,A2,24:ec:4a:04:39:15,ch=6
ftm_report,A2,6,6,0.900
[1;31mE (36435) TAG: esp_wifi_ftm_get_report() rc=ESP_FAIL (-1), entries=7[0m
[0;32mI (37325) TAG: FTM status=0, entries=7[0m
anchor,A2,24:ec:4a:04:39:15,ch=6
ftm_report,A2,6,6,0.900
[1;31mE (37325) TAG: esp_wifi_ftm_get_report() rc=ESP_FAIL (-1), entries=7[0m
csi_data,A2,[0,0,-4,-15,-4,-15,-4,-15,-3,-14,-4,-14,-4,-14,-4,-13,-5,-13,-5,-12,-5,-12,-6,-12,-6,-12,-6,-12,-7,-12,-7,-11,-7,-12,-7,-12,-7,-12,-6,-12,-6,-12,-5,-12,-5,-12,-4,-12,-3,-12,-3,-11,-2,-11,0,0,0,0,0,0,0,0,0,0,0,0,0,0,0,0,0,0,0,0,0,0,-3,-11,-3,-12,-2,-12,-2,-13,-1,-13,-1,-13,0,-14,0,-13,1,-13,1,-14,1,-13,1,-13,1,-13,1,-13,0,-13,0,-13,-1,-13,-1,-13,-2,-14,-2,-14,-3,-14,-3,-14,-3,-14,-3,-15,-3,-15,-3,-15]
[0;32mI (38215) TAG: FTM status=0, entries=7[0m
anchor,A2,24:ec:4a:04:39:15,ch=6
ftm_report,A2,9,9,1.350
[1;31mE (38215) TAG: esp_wifi_ftm_get_report() rc=ESP_FAIL (-1), entries=7[0m
csi_data,A2,[0,0,9,-13,8,-13,8,-12,8,-13,7,-12,7,-12,6,-12,6,-12,5,-12,5,-12,4,-13,4,-12,3,-13,3,-13,3,-13,3,-13,4,-13,4,-13,4,-13,5,-13,5,-12,5,-11,5,-11,6,-10,6,-10,7,-9,0,0,0,0,0,0,0,0,0,0,0,0,0,0,0,0,0,0,0,0,0,0,5,-11,6,-11,7,-10,7,-10,8,-10,9,-10,10,-10,10,-9,11,-9,10,-9,11,-9,10,-9,10,-9,10,-9,9,-9,9,-9,9,-9,9,-10,8,-10,8,-11,9,-11,8,-12,9,-12,8,-13,8,-13,9,-13]
[0;32mI (39105) TAG: FTM status=0, entries=7[0m
anchor,A2,24:ec:4a:04:39:15,ch=6
ftm_report,A2,7,7,1.050
[1;31mE (39105) TAG: esp_wifi_ftm_get_report() rc=ESP_FAIL (-1), entries=7[0m
csi_data,A2,[0,0,14,-2,14,-2,14,-2,14,-3,14,-3,13,-3,12,-3,12,-3,11,-4,11,-5,11,-5,11,-5,11,-5,11,-6,11,-6,11,-6,11,-6,12,-6,12,-5,12,-5,12,-4,11,-4,11,-3,11,-2,11,-2,10,-1,0,0,0,0,0,0,0,0,0,0,0,0,0,0,0,0,0,0,0,0,0,0,10,-3,11,-2,11,-1,12,-1,12,0,13,0,13,1,13,1,13,2,12,2,13,2,12,2,12,2,12,2,12,2,12,1,12,0,12,0,13,0,13,-1,13,-1,13,-1,14,-2,14,-2,14,-2,14,-2]
[0;32mI (39995) TAG: FTM status=0, entries=7[0m
anchor,A2,24:ec:4a:04:39:15,ch=6
ftm_report,A2,6,6,0.900
[1;31mE (39995) TAG: esp_wifi_ftm_get_report() rc=ESP_FAIL (-1), entries=7[0m
csi_data,A2,[0,0,-16,-2,-15,-3,-15,-3,-15,-2,-14,-2,-14,-2,-14,-2,-13,-1,-13,0,-13,0,-13,1,-13,1,-13,1,-13,1,-13,2,-13,2,-13,1,-13,1,-13,1,-13,0,-13,0,-13,-1,-12,-1,-12,-2,-11,-2,-11,-3,0,0,0,0,0,0,0,0,0,0,0,0,0,0,0,0,0,0,0,0,0,0,-12,-1,-12,-1,-12,-2,-12,-3,-13,-4,-13,-4,-13,-5,-13,-5,-13,-6,-12,-6,-13,-6,-12,-6,-12,-6,-12,-6,-12,-5,-12,-5,-13,-4,-13,-4,-13,-4,-13,-3,-14,-3,-14,-3,-15,-2,-15,-2,-15,-3,-15,-2]
[0;32mI (40885) TAG: FTM status=0, entries=7[0m
anchor,A2,24:ec:4a:04:39:15,ch=6
ftm_report,A2,6,6,0.900
[1;31mE (40885) TAG: esp_wifi_ftm_get_report() rc=ESP_FAIL (-1), entries=7[0m
csi_data,A2,[0,0,-14,7,-13,7,-13,7,-13,7,-13,7,-12,7,-11,7,-11,7,-11,8,-10,8,-10,8,-9,8,-9,8,-9,8,-9,9,-9,9,-10,9,-10,9,-10,9,-10,8,-11,7,-11,7,-10,6,-11,5,-10,5,-11,4,0,0,0,0,0,0,0,0,0,0,0,0,0,0,0,0,0,0,0,0,0,0,-9,6,-10,6,-11,5,-11,5,-12,5,-13,5,-13,4,-13,3,-13,3,-13,2,-14,3,-13,2,-13,2,-13,2,-13,3,-13,3,-13,4,-12,5,-13,5,-13,5,-13,6,-13,6,-13,7,-13,7,-13,7,-14,7]
[0;32mI (41775) TAG: FTM status=0, entries=7[0m
anchor,A2,24:ec:4a:04:39:15,ch=6
ftm_report,A2,6,6,0.900
[1;31mE (41775) TAG: esp_wifi_ftm_get_report() rc=ESP_FAIL (-1), entries=7[0m
csi_data,A2,[0,0,-15,5,-15,4,-14,4,-14,5,-13,4,-13,5,-13,5,-12,5,-12,5,-11,6,-11,6,-11,7,-11,7,-11,7,-11,7,-11,7,-11,7,-11,7,-11,7,-11,6,-11,6,-11,5,-11,4,-11,4,-11,3,-11,3,0,0,0,0,0,0,0,0,0,0,0,0,0,0,0,0,0,0,0,0,0,0,-11,4,-12,4,-12,3,-13,2,-13,2,-13,2,-14,1,-14,1,-14,0,-14,0,-14,0,-14,0,-13,0,-14,0,-13,1,-13,1,-13,1,-13,2,-13,2,-14,2,-14,3,-14,3,-14,4,-14,4,-15,5,-15,5]
[0;32mI (42665) TAG: FTM status=0, entries=7[0m
anchor,A2,24:ec:4a:04:39:15,ch=6
ftm_report,A2,11,11,1.650
[1;31mE (42665) TAG: esp_wifi_ftm_get_report() rc=ESP_FAIL (-1), entries=7[0m
[0;32mI (43555) TAG: FTM status=0, entries=7[0m
anchor,A2,24:ec:4a:04:39:15,ch=6
ftm_report,A2,6,6,0.900
[1;31mE (43555) TAG: esp_wifi_ftm_get_report() rc=ESP_FAIL (-1), entries=7[0m
[0;32mI (44445) TAG: FTM status=0, entries=7[0m
anchor,A2,24:ec:4a:04:39:15,ch=6
ftm_report,A2,7,7,1.050
[1;31mE (44445) TAG: esp_wifi_ftm_get_report() rc=ESP_FAIL (-1), entries=7[0m
[0;32mI (45335) TAG: FTM status=0, entries=7[0m
anchor,A2,24:ec:4a:04:39:15,ch=6
ftm_report,A2,7,7,1.050
[1;31mE (45335) TAG: esp_wifi_ftm_get_report() rc=ESP_FAIL (-1), entries=7[0m
csi_data,A2,[0,0,-12,-10,-13,-10,-12,-10,-12,-9,-12,-9,-12,-9,-12,-8,-12,-8,-12,-7,-12,-7,-12,-6,-12,-6,-12,-6,-12,-6,-12,-5,-13,-5,-13,-6,-12,-6,-12,-6,-12,-7,-11,-7,-11,-8,-10,-8,-10,-8,-9,-8,-8,-8,0,0,0,0,0,0,0,0,0,0,0,0,0,0,0,0,0,0,0,0,0,0,-10,-6,-10,-7,-10,-8,-10,-9,-10,-10,-10,-10,-9,-11,-9,-11,-9,-11,-8,-12,-8,-11,-8,-11,-8,-11,-8,-11,-8,-11,-9,-10,-9,-10,-10,-10,-10,-10,-10,-10,-11,-10,-11,-10,-12,-10,-12,-10,-12,-10,-12,-10]
[0;32mI (46225) TAG: FTM status=0, entries=7[0m
anchor,A2,24:ec:4a:04:39:15,ch=6
ftm_report,A2,8,8,1.200
[1;31mE (46225) TAG: esp_wifi_ftm_get_report() rc=ESP_FAIL (-1), entries=7[0m
csi_data,A2,[0,0,4,-15,3,-14,3,-15,3,-14,2,-14,2,-14,2,-14,1,-13,1,-13,0,-13,0,-13,-1,-13,-1,-13,-2,-13,-1,-13,-1,-14,-1,-13,-1,-14,-1,-14,0,-13,0,-13,1,-13,1,-12,1,-12,2,-11,3,-11,0,0,0,0,0,0,0,0,0,0,0,0,0,0,0,0,0,0,0,0,0,0,2,-11,3,-12,3,-12,4,-12,4,-12,5,-12,6,-12,6,-12,7,-12,6,-11,7,-11,7,-11,6,-11,6,-11,6,-12,6,-11,5,-12,5,-12,4,-13,4,-13,4,-13,4,-14,3,-14,3,-14,3,-15,4,-15]
[0;32mI (47115) TAG: FTM status=0, entries=7[0m
anchor,A2,24:ec:4a:04:39:15,ch=6
ftm_report,A2,6,6,0.900
[1;31mE (47115) TAG: esp_wifi_ftm_get_report() rc=ESP_FAIL (-1), entries=7[0m
csi_data,A2,[0,0,-12,9,-12,9,-11,9,-11,9,-11,9,-10,9,-10,9,-9,9,-9,9,-8,9,-8,10,-7,9,-7,10,-7,10,-7,11,-7,11,-7,10,-8,11,-8,11,-8,10,-8,10,-8,9,-9,8,-9,7,-9,7,-9,6,0,0,0,0,0,0,0,0,0,0,0,0,0,0,0,0,0,0,0,0,0,0,-9,7,-9,7,-10,6,-10,6,-11,6,-12,6,-12,6,-13,5,-13,5,-13,4,-13,4,-13,4,-13,4,-12,4,-12,5,-12,5,-12,6,-11,6,-11,7,-11,7,-11,8,-11,8,-12,9,-12,9,-12,9,-12,9]
[0;32mI (48005) TAG: FTM status=0, entries=7[0m
anchor,A2,24:ec:4a:04:39:15,ch=6
ftm_report,A2,5,5,0.750
[1;31mE (48005) TAG: esp_wifi_ftm_get_report() rc=ESP_FAIL (-1), entries=7[0m
csi_data,A2,[0,0,8,-13,7,-13,7,-13,7,-13,7,-13,6,-12,5,-12,5,-12,5,-12,4,-12,4,-12,3,-12,3,-12,3,-13,3,-13,3,-13,3,-13,4,-13,4,-13,4,-13,4,-12,5,-11,5,-11,5,-10,6,-10,6,-9,0,0,0,0,0,0,0,0,0,0,0,0,0,0,0,0,0,0,0,0,0,0,5,-10,5,-11,6,-10,7,-10,7,-10,8,-10,9,-10,9,-10,9,-10,9,-9,10,-9,10,-9,9,-9,9,-9,9,-9,8,-9,8,-10,8,-10,8,-11,7,-11,7,-11,7,-12,7,-12,7,-13,7,-13,8,-13]
[0;32mI (48895) TAG: FTM status=0, entries=7[0m
anchor,A2,24:ec:4a:04:39:15,ch=6
ftm_report,A2,6,6,0.900
[1;31mE (48895) TAG: esp_wifi_ftm_get_report() rc=ESP_FAIL (-1), entries=7[0m
csi_data,A2,[0,0,4,14,4,14,4,14,3,13,4,13,4,12,4,12,5,11,5,11,5,10,5,10,6,10,6,10,7,11,6,10,7,10,6,10,6,11,6,11,5,11,5,11,4,11,4,10,3,11,2,10,2,10,0,0,0,0,0,0,0,0,0,0,0,0,0,0,0,0,0,0,0,0,0,0,4,10,3,10,3,11,2,12,2,12,1,12,1,12,0,13,0,13,0,13,-1,12,-1,12,0,12,0,12,0,12,0,12,1,12,1,12,2,13,2,13,3,13,3,13,3,13,4,14,4,14,4,14]
[0;32mI (49785) TAG: FTM status=0, entries=7[0m
anchor,A2,24:ec:4a:04:39:15,ch=6
ftm_report,A2,8,8,1.200
[1;31mE (49785) TAG: esp_wifi_ftm_get_report() rc=ESP_FAIL (-1), entries=7[0m
[0;32mI (50675) TAG: FTM status=0, entries=7[0m
anchor,A2,24:ec:4a:04:39:15,ch=6
ftm_report,A2,6,6,0.900
[1;31mE (50675) TAG: esp_wifi_ftm_get_report() rc=ESP_FAIL (-1), entries=7[0m
csi_data,A2,[0,0,0,-15,-1,-15,-1,-15,0,I (51565) TAG: FTM status=0, entries=7
-15anchor,A2,24:ec:4a:04:39:15,ch=6
,-1,-14,ftm_report,A2,6,6,0.900-1,--14,-2,-1E (51565) TAG: esp_wifi_ftm_get_report() rc=ESP_FAIL (-1), entries=7
4,-2,-13,-2,-13,-3,-13,-3,-13,-4,-13,-4,-13,-4,-13,-4,-13,-4,-13,-4,-13,-4,-13,-3,-13,-3,-13,-2,-13,-2,-13,-2,-13,-1,-12,0,-11,0,-11,0,0,0,0,0,0,0,0,0,0,0,0,0,0,0,0,0,0,0,0,0,0,-1,-12,0,-12,0,-13,1,-13,1,-14,2,-13,3,-13,3,-13,4,-13,4,-13,4,-13,4,-13,4,-13,3,-13,3,-13,2,-13,2,-13,2,-13,1,-14,1,-14,1,-14,0,-15,0,-15,0,-15,0,-16,0,-15]
[0;32mI (52455) TAG: FTM status=0, entries=7[0m
anchor,A2,24:ec:4a:04:39:15,ch=6
ftm_report,A2,8,8,1.200
[1;31mE (52455) TAG: esp_wifi_ftm_get_report() rc=ESP_FAIL (-1), entries=7[0m
[0;32mI (53345) TAG: FTM status=0, entries=7[0m
anchor,A2,24:ec:4a:04:39:15,ch=6
ftm_report,A2,11,11,1.650
[1;31mE (53345) TAG: esp_wifi_ftm_get_report() rc=ESP_FAIL (-1), entries=7[0m
csi_data,A2,[0,0,14,2,14,2,14,2,14,2,13,2,13,2,13,1,12,1,12,0,12,-1,12,-1,12,-1,12,-2,12,-2,12,-2,12,-2,12,-2,13,-2,12,-1,12,-1,12,0,12,1,11,1,11,1,10,2,10,2,0,0,0,0,0,0,0,0,0,0,0,0,0,0,0,0,0,0,0,0,0,0,11,0,11,1,11,2,12,2,11,3,12,3,12,4,12,5,12,5,11,5,11,5,11,5,11,5,11,5,11,5,11,4,12,4,12,3,12,3,12,3,13,3,13,3,13,2,14,2,14,2,15,2]
[0;32mI (54235) TAG: FTM status=0, entries=7[0m
anchor,A2,24:ec:4a:04:39:15,ch=6
ftm_report,A2,9,9,1.350
[1;31mE (54235) TAG: esp_wifi_ftm_get_report() rc=ESP_FAIL (-1), entries=7[0m
csi_data,A2,[0,0,4,-15,3,-15,3,-14,4,-15,3,-14,3,-14,2,-13,2,-13,2,-13,1,-13,0,-13,0,-13,0,-13,-1,-13,-1,-13,-1,-13,0,-14,0,-14,1,-14,1,-13,1,-13,2,-13,2,-12,2,-12,3,-11,4,-10,0,0,0,0,0,0,0,0,0,0,0,0,0,0,0,0,0,0,0,0,0,0,2,-11,2,-11,3,-12,3,-12,4,-12,5,-12,6,-12,6,-12,6,-12,7,-12,7,-11,7,-11,6,-11,6,-11,6,-11,6,-12,5,-12,5,-12,4,-12,4,-13,4,-13,4,-14,4,-14,3,-14,4,-15,4,-15]
[0;32mI (55125) TAG: FTM status=0, entries=7[0m
anchor,A2,24:ec:4a:04:39:15,ch=6
ftm_report,A2,5,5,0.750
[1;31mE (55125) TAG: esp_wifi_ftm_get_report() rc=ESP_FAIL (-1), entries=7[0m
csi_data,A2,[0,0,10,-11,10,-11,9,-11,10,-11,9,-11,8,-11,8,-11,8,-11,7,-11,7,-11,6,-11,6,-11,6,-11,5,-12,6,-12,6,-12,6,-12,6,-12,7,-12,7,-11,7,-11,7,-10,7,-9,7,-9,8,-8,8,-7,0,0,0,0,0,0,0,0,0,0,0,0,0,0,0,0,0,0,0,0,0,0,7,-9,7,-9,8,-9,9,-9,9,-9,10,-9,11,-8,11,-8,11,-7,11,-7,11,-7,11,-7,11,-7,11,-7,10,-7,11,-8,10,-8,10,-9,10,-9,10,-9,10,-10,10,-10,10,-11,10,-11,10,-11,11,-11]
[0;32mI (56015) TAG: FTM status=0, entries=7[0m
anchor,A2,24:ec:4a:04:39:15,ch=6
ftm_report,A2,5,5,0.750
[1;31mE (56015) TAG: esp_wifi_ftm_get_report() rc=ESP_FAIL (-1), entries=7[0m
csi_data,A2,[0,0,-15,-4,-15,-4,-14,-4,-14,-4,-14,-4,-14,-3,-14,-3,-13,-2,-13,-2,-13,-1,-13,-1,-13,-1,-13,0,-13,0,-13,1,-13,1,-14,0,-13,0,-13,0,-13,-1,-13,-1,-13,-2,-12,-2,-12,-3,-11,-3,-11,-3,0,0,0,0,0,0,0,0,0,0,0,0,0,0,0,0,0,0,0,0,0,0,-11,-2,-12,-3,-12,-4,-12,-5,-12,-6,-12,-6,-12,-7,-12,-7,-12,-7,-12,-8,-11,-8,-11,-8,-11,-8,-11,-7,-11,-7,-12,-6,-12,-6,-12,-6,-12,-6,-13,-5,-13,-5,-14,-5,-14,-4,-14,-4,-15,-5,-15,-4]
[0;32mI (56905) TAG: FTM status=0, entries=7[0m
anchor,A2,24:ec:4a:04:39:15,ch=6
ftm_report,A2,7,7,1.050
[1;31mE (56905) TAG: esp_wifi_ftm_get_report() rc=ESP_FAIL (-1), entries=7[0m
csi_data,A2,[0,0,-10,11,-10,11,-9,11,-9,11,-9,11,-8,10,-8,10,-7,10,-7,10,-6,11,-6,11,-5,11,-5,11,-5,11,-5,12,-5,12,-5,12,-6,11,-6,11,-6,11,-7,11,-7,10,-7,9,-7,9,-8,8,-8,7,0,0,0,0,0,0,0,0,0,0,0,0,0,0,0,0,0,0,0,0,0,0,-7,9,-7,9,-8,9,-8,8,-9,8,-10,8,-11,8,-11,8,-11,8,-11,7,-11,7,-11,7,-11,7,-11,7,-10,7,-11,8,-10,8,-10,8,-9,9,-9,9,-9,10,-9,10,-10,11,-9,11,-10,11,-10,11]
[0;32mI (57795) TAG: FTM status=0, entries=7[0m
anchor,A2,24:ec:4a:04:39:15,ch=6
ftm_report,A2,6,6,0.900
[1;31mE (57795) TAG: esp_wifi_ftm_get_report() rc=ESP_FAIL (-1), entries=7[0m
[0;32mI (58685) TAG: FTM status=0, entries=7[0m
anchor,A2,24:ec:4a:04:39:15,ch=6
ftm_report,A2,11,11,1.650
[1;31mE (58695) TAG: esp_wifi_ftm_get_report() rc=ESP_FAIL (-1), entries=7[0m
csi_data,A2,[0,0,-12,-10,-12,-10,-12,-10,-11,-9,-12,-10,-11,-9,-11,-9,-11,-8,-11,-7,-11,-7,-12,-6,-12,-6,-12,-6,-12,-6,-12,-5,-13,-6,-13,-6,-12,-6,-12,-7,-11,-7,-11,-7,-11,-8,-10,-8,-10,-8,-9,-8,-8,-8,0,0,0,0,0,0,0,0,0,0,0,0,0,0,0,0,0,0,0,0,0,0,-10,-6,-10,-7,-10,-8,-10,-9,-10,-10,-10,-11,-9,-11,-9,-11,-9,-12,-8,-12,-9,-12,-8,-12,-8,-12,-8,-12,-8,-11,-8,-10,-9,-10,-9,-10,-10,-11,-10,-11,-11,-10,-11,-11,-11,-10,-12,-10,-12,-10,-12,-10]
[0;32mI (59585) TAG: FTM status=0, entries=7[0m
anchor,A2,24:ec:4a:04:39:15,ch=6
ftm_report,A2,8,8,1.200
[1;31mE (59585) TAG: esp_wifi_ftm_get_report() rc=ESP_FAIL (-1), entries=7[0m
[0;32mI (60475) TAG: FTM status=0, entries=7[0m
anchor,A2,24:ec:4a:04:39:15,ch=6
ftm_report,A2,9,9,1.350
[1;31mE (60475) TAG: esp_wifi_ftm_get_report() rc=ESP_FAIL (-1), entries=7[0m
csi_data,A2,[0,0,11,-11,10,-11,10,-11,10,-11,10,-11,9,-10,9,-10,8,-10,8,-11,7,-11,7,-11,6,-11,6,-11,6,-12,6,-12,6,-12,6,-12,7,-12,7,-12,7,-11,8,-11,7,-10,7,-9,8,-9,8,-8,8,-7,0,0,0,0,0,0,0,0,0,0,0,0,0,0,0,0,0,0,0,0,0,0,8,-9,8,-9,9,-9,9,-8,10,-8,11,-8,11,-7,12,-7,12,-7,12,-6,12,-6,12,-6,12,-6,11,-6,11,-7,11,-7,11,-7,10,-8,10,-8,10,-9,10,-9,10,-10,10,-10,11,-10,11,-11,11,-11]
[0;32mI (61365) TAG: FTM status=0, entries=7[0m
anchor,A2,24:ec:4a:04:39:15,ch=6
ftm_report,A2,8,8,1.200
[1;31mE (61365) TAG: esp_wifi_ftm_get_report() rc=ESP_FAIL (-1), entries=7[0m
[0;32mI (62255) TAG: FTM status=0, entries=7[0m
anchor,A2,24:ec:4a:04:39:15,ch=6
ftm_report,A2,6,6,0.900
[1;31mE (62255) TAG: esp_wifi_ftm_get_report() rc=ESP_FAIL (-1), entries=7[0m
csi_data,A2,[0,0,-15,2,-15,2,-15,2,-14,2,-14,2,-14,2,-13,3,-13,3,-13,3,-12,4,-12,4,-12,4,-12,5,-12,5,-12,5,-12,6,-12,5,-12,5,-12,5,-12,4,-12,4,-12,3,-12,2,-12,2,-11,1,-11,1,0,0,0,0,0,0,0,0,0,0,0,0,0,0,0,0,0,0,0,0,0,0,-11,2,-12,2,-12,1,-13,0,-13,0,-14,0,-14,-1,-14,-1,-14,-2,-13,-2,-14,-2,-14,-2,-13,-2,-13,-2,-13,-2,-13,-1,-13,-1,-13,0,-14,0,-14,0,-14,1,-14,1,-15,2,-15,2,-15,2,-15,2]
[0;32mI (63145) TAG: FTM status=0, entries=7[0m
anchor,A2,24:ec:4a:04:39:15,ch=6
ftm_report,A2,7,7,1.050
[1;31mE (63145) TAG: esp_wifi_ftm_get_report() rc=ESP_FAIL (-1), entries=7[0m
csi_data,A2,[0,0,-10,-11,-11,-12,-10,-11,-10,-11,-10,-11,-10,-10,-10,-10,-10,-9,-10,-8,-11,-8,-11,-8,-11,-7,-11,-7,-11,-7,-12,-7,-11,-7,-12,-8,-11,-7,-11,-8,-11,-8,-10,-8,-10,-9,-9,-9,-9,-9,-8,-9,-7,-9,0,0,0,0,0,0,0,0,0,0,0,0,0,0,0,0,0,0,0,0,0,0,-9,-8,-8,-9,-8,-10,-8,-10,-8,-11,-7,-11,-7,-12,-7,-12,-7,-12,-6,-13,-6,-12,-6,-12,-6,-12,-6,-12,-6,-12,-7,-12,-7,-11,-8,-11,-8,-11,-9,-11,-9,-11,-10,-11,-10,-11,-11,-12,-10,-12,-10,-11]
[0;32mI (64035) TAG: FTM status=0, entries=7[0m
anchor,A2,24:ec:4a:04:39:15,ch=6
ftm_report,A2,7,7,1.050
[1;31mE (64035) TAG: esp_wifi_ftm_get_report() rc=ESP_FAIL (-1), entries=7[0m
csi_data,A2,[0,0,14,-6,13,-6,13,-6,13,-6,13,-6,12,-6,11,-6,11,-6,11,-7,10,-7,10,-8,9,-8,9,-8,9,-9,9,-9,9,-9,9,-8,10,-9,10,-8,10,-8,10,-7,10,-6,9,-6,9,-6,9,-5,10,-4,0,0,0,0,0,0,0,0,0,0,0,0,0,0,0,0,0,0,0,0,0,0,10,-5,11,-5,11,-4,12,-4,12,-3,13,-3,13,-2,13,-2,13,-1,13,-1,13,-1,13,-1,13,-1,12,-2,13,-2,12,-2,13,-3,12,-3,12,-4,13,-4,13,-4,13,-5,13,-5,13,-6,13,-6,14,-6]
[0;32mI (64925) TAG: FTM status=0, entries=7[0m
anchor,A2,24:ec:4a:04:39:15,ch=6
ftm_report,A2,10,10,1.500
[1;31mE (64925) TAG: esp_wifi_ftm_get_report() rc=ESP_FAIL (-1), entries=7[0m
csi_data,A2,[0,0,14,-1,14,-1,14,-1,14,-1,13,-1,13,-2,13,-2,12,-2,12,-3,12,-4,11,-4,11,-4,11,-5,11,-5,12,-5,11,-5,12,-5,12,-5,12,-5,12,-4,12,-4,12,-3,11,-2,11,-2,10,-2,10,-1,0,0,0,0,0,0,0,0,0,0,0,0,0,0,0,0,0,0,0,0,0,0,11,-2,11,-1,12,0,12,1,12,1,12,2,13,2,13,3,13,3,13,4,12,4,12,3,12,4,12,3,12,3,12,2,12,1,12,1,12,1,13,1,13,0,14,0,14,-1,14,0,14,0,14,-1]
[0;32mI (65815) TAG: FTM status=0, entries=7[0m
anchor,A2,24:ec:4a:04:39:15,ch=6
ftm_report,A2,10,10,1.500
[1;31mE (65815) TAG: esp_wifi_ftm_get_report() rc=ESP_FAIL (-1), entries=7[0m
[0;32mI (66705) TAG: FTM status=0, entries=7[0m
anchor,A2,24:ec:4a:04:39:15,ch=6
ftm_report,A2,6,6,0.900
[1;31mE (66705) TAG: esp_wifi_ftm_get_report() rc=ESP_FAIL (-1), entries=7[0m
[0;32mI (67595) TAG: FTM status=0, entries=7[0m
anchor,A2,24:ec:4a:04:39:15,ch=6
ftm_report,A2,10,10,1.500
[1;31mE (67595) TAG: esp_wifi_ftm_get_report() rc=ESP_FAIL (-1), entries=7[0m
[0;32mI (68485) TAG: FTM status=0, entries=7[0m
anchor,A2,24:ec:4a:04:39:15,ch=6
ftm_report,A2,6,6,0.900
[1;31mE (68485) TAG: esp_wifi_ftm_get_report() rc=ESP_FAIL (-1), entries=7[0m
[0;32mI (69375) TAG: FTM status=0, entries=7[0m
anchor,A2,24:ec:4a:04:39:15,ch=6
ftm_report,A2,8,8,1.200
[1;31mE (69375) TAG: esp_wifi_ftm_get_report() rc=ESP_FAIL (-1), entries=7[0m
[0;32mI (70265) TAG: FTM status=0, entries=7[0m
anchor,A2,24:ec:4a:04:39:15,ch=6
ftm_report,A2,10,10,1.500
[1;31mE (70265) TAG: esp_wifi_ftm_get_report() rc=ESP_FAIL (-1), entries=7[0m
csi_data,A2,[0,0,-15,4,-15,4,-14,4,-14,4,-13,4,-13,4,-13,4,-12,5,-12,5,-12,6,-11,6,-11,6,-11,7,-11,7,-11,7,-11,7,-11,7,-11,7,-12,7,-12,6,-12,6,-12,5,-12,4,-11,4,-11,3,-11,2,0,0,0,0,0,0,0,0,0,0,0,0,0,0,0,0,0,0,0,0,0,0,-11,4,-12,3,-12,3,-12,2,-13,2,-13,1,-14,1,-14,0,-14,0,-14,0,-14,0,-14,0,-13,0,-13,0,-13,0,-13,1,-13,1,-13,2,-13,2,-14,2,-14,3,-14,3,-14,4,-14,4,-15,4,-15,4]
[0;32mI (71155) TAG: FTM status=0, entries=7[0m
anchor,A2,24:ec:4a:04:39:15,ch=6
ftm_report,A2,8,8,1.200
[1;31mE (71155) TAG: esp_wifi_ftm_get_report() rc=ESP_FAIL (-1), entries=7[0m
csi_data,A2,[0,0,13,5,14,6,13,5,13,5,12,4,12,4,12,4,12,3,12,2,12,2,12,2,12,1,12,1,12,1,12,0,12,0,13,1,12,1,13,1,12,2,12,2,12,3,11,3,10,4,10,4,9,4,0,0,0,0,0,0,0,0,0,0,0,0,0,0,0,0,0,0,0,0,0,0,10,3,10,4,11,5,10,5,11,6,10,6,10,7,10,7,10,7,10,8,10,8,10,8,9,8,9,8,10,7,10,7,10,6,11,6,11,6,11,6,12,6,13,5,13,5,13,6,13,6,13,5]
[0;32mI (72045) TAG: FTM status=0, entries=7[0m
anchor,A2,24:ec:4a:04:39:15,ch=6
ftm_report,A2,6,6,0.900
[1;31mE (72045) TAG: esp_wifi_ftm_get_report() rc=ESP_FAIL (-1), entries=7[0m
csi_data,A2,[0,0,9,11,9,11,9,11,9,10,9,10,9,9,9,9,9,9,9,8,9,7,10,7,10,7,10,6,10,7,10,6,11,6,11,6,10,7,10,7,9,7,9,7,8,8,8,8,7,8,6,8,6,8,0,0,0,0,0,0,0,0,0,0,0,0,0,0,0,0,0,0,0,0,0,0,8,7,8,8,7,9,7,10,7,10,6,11,6,11,5,12,5,12,5,12,5,12,5,12,5,12,5,11,5,11,5,11,6,11,6,10,7,11,7,11,8,11,8,11,8,11,9,11,9,11,9,11]
[0;32mI (72935) TAG: FTM status=0, entries=7[0m
anchor,A2,24:ec:4a:04:39:15,ch=6
ftm_report,A2,6,6,0.900
[1;31mE (72935) TAG: esp_wifi_ftm_get_report() rc=ESP_FAIL (-1), entries=7[0m
csi_data,A2,[0,0,-11,11,-10,10,-10,10,-10,10,-9,10,-9,10,-8,10,-8,10,-8,10,-7,10,-7,11,-6,11,-6,10,-5,11,-6,11,-6,11,-6,11,-6,11,-7,11,-7,10,-7,10,-7,9,-7,9,-7,8,-8,8,-8,7,0,0,0,0,0,0,0,0,0,0,0,0,0,0,0,0,0,0,0,0,0,0,-7,9,-8,9,-9,8,-9,8,-10,8,-11,8,-12,7,-12,7,-12,7,-11,6,-12,7,-12,6,-11,6,-11,6,-11,7,-11,7,-11,7,-10,8,-10,8,-10,9,-10,9,-10,9,-10,10,-10,11,-10,11,-10,11]
[0;32mI (73825) TAG: FTM status=0, entries=7[0m
anchor,A2,24:ec:4a:04:39:15,ch=6
ftm_report,A2,8,8,1.200
[1;31mE (73825) TAG: esp_wifi_ftm_get_report() rc=ESP_FAIL (-1), entries=7[0m
[0;32mI (74715) TAG: FTM status=0, entries=7[0m
anchor,A2,24:ec:4a:04:39:15,ch=6
ftm_report,A2,6,6,0.900
[1;31mE (74715) TAG: esp_wifi_ftm_get_report() rc=ESP_FAIL (-1), entries=7[0m
[0;32mI (75605) TAG: FTM status=0, entries=7[0m
anchor,A2,24:ec:4a:04:39:15,ch=6
ftm_report,A2,8,8,1.200
[1;31mE (75605) TAG: esp_wifi_ftm_get_report() rc=ESP_FAIL (-1), entries=7[0m
[0;32mI (76505) TAG: FTM status=0, entries=7[0m
anchor,A2,24:ec:4a:04:39:15,ch=6
ftm_report,A2,9,9,1.350
[1;31mE (76505) TAG: esp_wifi_ftm_get_report() rc=ESP_FAIL (-1), entries=7[0m
[0;32mI (77405) TAG: FTM status=0, entries=7[0m
anchor,A2,24:ec:4a:04:39:15,ch=6
ftm_report,A2,11,11,1.650
[1;31mE (77405) TAG: esp_wifi_ftm_get_report() rc=ESP_FAIL (-1), entries=7[0m
[0;32mI (78295) TAG: FTM status=0, entries=7[0m
anchor,A2,24:ec:4a:04:39:15,ch=6
ftm_report,A2,6,6,0.900
[1;31mE (78295) TAG: esp_wifi_ftm_get_report() rc=ESP_FAIL (-1), entries=7[0m
csi_data,A2,[0,0,-16,3,-15,3,-15,3,-15,3,-14,3,-14,3,-13,3,-13,4,-13,4,-12,5,-12,5,-12,5,-12,5,-12,6,-12,6,-12,6,-12,6,-12,6,-13,6,-12,5,-13,5,-12,4,-12,3,-12,2,-12,2,-12,1,0,0,0,0,0,0,0,0,0,0,0,0,0,0,0,0,0,0,0,0,0,0,-11,3,-12,2,-12,1,-13,1,-13,0,-14,0,-14,0,-14,-1,-14,-1,-14,-2,-14,-2,-14,-2,-13,-2,-13,-2,-13,-1,-14,-1,-13,0,-14,0,-14,1,-14,1,-14,2,-14,2,-15,3,-15,2,-15,2,-16,3]
[0;32mI (79185) TAG: FTM status=0, entries=7[0m
anchor,A2,24:ec:4a:04:39:15,ch=6
ftm_report,A2,6,6,0.900
[1;31mE (79185) TAG: esp_wifi_ftm_get_report() rc=ESP_FAIL (-1), entries=7[0m
csi_data,A2,[0,0,14,2,14,2,14,2,14,1,14,1,13,2,13,1,13,1,12,0,12,-1,12,-1,12,-2,12,-2,12,-2,12,-3,12,-3,13,-2,13,-2,13,-1,12,-1,12,0,12,0,11,1,11,1,10,1,10,2,0,0,0,0,0,0,0,0,0,0,0,0,0,0,0,0,0,0,0,0,0,0,11,0,11,1,11,2,11,3,12,3,12,3,12,4,12,5,12,5,11,6,11,6,11,5,11,5,11,5,11,5,11,4,11,4,12,3,12,3,12,3,13,3,13,3,14,2,14,2,14,2,15,2]
[0;32mI (80075) TAG: FTM status=0, entries=7[0m
anchor,A2,24:ec:4a:04:39:15,ch=6
ftm_report,A2,6,6,0.900
[1;31mE (80075) TAG: esp_wifi_ftm_get_report() rc=ESP_FAIL (-1), entries=7[0m
csi_data,A2,[0,0,-15,-4,-15,-5,-15,-5,-14,-4,-15,-4,-14,-4,-14,-3,-14,-3,-13,-2,-13,-1,-13,-1,-13,0,-13,0,-14,0,-13,0,-14,0,-14,0,-14,0,-14,-1,-14,-1,-13,-2,-13,-3,-12,-3,-12,-3,-11,-3,-11,-4,0,0,0,0,0,0,0,0,0,0,0,0,0,0,0,0,0,0,0,0,0,0,-12,-2,-12,-3,-12,-4,-12,-5,-12,-6,-12,-6,-12,-7,-12,-7,-12,-8,-12,-8,-12,-8,-12,-7,-12,-8,-12,-7,-12,-7,-12,-7,-12,-6,-12,-6,-13,-6,-13,-6,-14,-5,-14,-5,-14,-4,-15,-4,-15,-4,-15,-4]
[0;32mI (80965) TAG: FTM status=0, entries=7[0m
anchor,A2,24:ec:4a:04:39:15,ch=6
ftm_report,A2,7,7,1.050
[1;31mE (80965) TAG: esp_wifi_ftm_get_report() rc=ESP_FAIL (-1), entries=7[0m
csi_data,A2,[0,0,-12,9,-12,9,-12,9,-12,9,-11,9,-10,9,-10,9,-10,9,-9,9,-9,10,-8,10,-8,10,-8,10,-7,10,-7,11,-7,11,-8,11,-8,11,-8,10,-8,10,-9,9,-9,9,-9,8,-9,8,-9,7,-9,6,0,0,0,0,0,0,0,0,0,0,0,0,0,0,0,0,0,0,0,0,0,0,-9,8,-10,7,-11,7,-11,6,-12,6,-12,6,-13,5,-13,5,-13,5,-14,4,-14,4,-13,4,-13,4,-13,4,-12,4,-13,5,-12,5,-12,6,-12,6,-12,7,-12,7,-12,8,-13,8,-12,9,-12,9,-13,9]
[0;32mI (81855) TAG: FTM status=0, entries=7[0m
anchor,A2,24:ec:4a:04:39:15,ch=6
ftm_report,A2,6,6,0.900
[1;31mE (81855) TAG: esp_wifi_ftm_get_report() rc=ESP_FAIL (-1), entries=7[0m
csi_data,A2,[0,0,-11,-11,-11,-11,-11,-11,-10,-11,-11,-11,-11,-10,-11,-10,-10,-9,-10,-8,-11,-8,-11,-7,-11,-7,-12,-7,-12,-7,-12,-6,-12,-6,-12,-7,-12,-7,-12,-7,-11,-8,-11,-8,-10,-8,-10,-8,-9,-9,-8,-8,-8,-9,0,0,0,0,0,0,0,0,0,0,0,0,0,0,0,0,0,0,0,0,0,0,-9,-8,-8,-9,-8,-10,-8,-10,-8,-11,-7,-11,-7,-12,-7,-12,-6,-12,-6,-13,-6,-12,-6,-12,-6,-12,-6,-12,-6,-12,-7,-11,-7,-11,-8,-11,-9,-11,-9,-11,-9,-11,-10,-11,-10,-11,-11,-11,-11,-12,-11,-12]
[0;32mI (82745) TAG: FTM status=0, entries=7[0m
anchor,A2,24:ec:4a:04:39:15,ch=6
ftm_report,A2,8,8,1.200
[1;31mE (82745) TAG: esp_wifi_ftm_get_report() rc=ESP_FAIL (-1), entries=7[0m
[0;32mI (83635) TAG: FTM status=0, entries=7[0m
anchor,A2,24:ec:4a:04:39:15,ch=6
ftm_report,A2,6,6,0.900
[1;31mE (83635) TAG: esp_wifi_ftm_get_report() rc=ESP_FAIL (-1), entries=7[0m
[0;32mI (84525) TAG: FTM status=0, entries=7[0m
anchor,A2,24:ec:4a:04:39:15,ch=6
ftm_report,A2,6,6,0.900
[1;31mE (84525) TAG: esp_wifi_ftm_get_report() rc=ESP_FAIL (-1), entries=7[0m
[0;32mI (85415) TAG: FTM status=0, entries=7[0m
anchor,A2,24:ec:4a:04:39:15,ch=6
ftm_report,A2,8,8,1.200
[1;31mE (85415) TAG: esp_wifi_ftm_get_report() rc=ESP_FAIL (-1), entries=7[0m
csi_data,A2,[0,0,-8,-14,-8,-14,-8,-13,-8,-13,-8,-13,-8,-12,-8,-12,-8,-11,-8,-11,-9,-11,-9,-10,-9,-10,-10,-10,-10,-10,-10,-10,-10,-9,-10,-10,-9,-10,-9,-10,-8,-11,-8,-11,-8,-11,-7,-11,-6,-11,-5,-10,-5,-10,0,0,0,0,0,0,0,0,0,0,0,0,0,0,0,0,0,0,0,0,0,0,-7,-10,-7,-11,-7,-12,-6,-12,-6,-13,-5,-13,-5,-14,-4,-14,-4,-14,-3,-14,-3,-14,-3,-14,-4,-14,-4,-13,-4,-13,-4,-13,-5,-13,-5,-13,-6,-13,-6,-13,-6,-13,-7,-14,-7,-13,-8,-14,-8,-14,-8,-14]
[0;32mI (86305) TAG: FTM status=0, entries=7[0m
anchor,A2,24:ec:4a:04:39:15,ch=6
ftm_report,A2,6,6,0.900
[1;31mE (86305) TAG: esp_wifi_ftm_get_report() rc=ESP_FAIL (-1), entries=7[0m
csi_data,A2,[0,0,10,-11,10,-12,9,-11,10,-11,9,-11,8,-11,8,-11,7,-11,7,-11,7,-11,6,-12,6,-11,5,-12,5,-12,5,-13,5,-12,5,-12,6,-12,6,-12,6,-12,7,-11,7,-11,7,-10,7,-9,7,-9,8,-8,0,0,0,0,0,0,0,0,0,0,0,0,0,0,0,0,0,0,0,0,0,0,7,-9,8,-9,9,-9,9,-8,10,-8,11,-8,11,-8,11,-7,12,-7,12,-7,12,-6,12,-6,11,-6,11,-6,10,-7,11,-7,10,-7,10,-8,10,-8,10,-9,10,-10,10,-10,10,-11,10,-11,10,-11,10,-11]
[0;32mI (87195) TAG: FTM status=0, entries=7[0m
anchor,A2,24:ec:4a:04:39:15,ch=6
ftm_report,A2,6,6,0.900
[1;31mE (87195) TAG: esp_wifi_ftm_get_report() rc=ESP_FAIL (-1), entries=7[0m
csi_data,A2,[0,0,5,-15,4,-15,4,-14,4,-14,3,-14,3,-14,3,-13,2,-13,2,-13,1,-13,1,-13,0,-13,0,-13,0,-13,0,-13,0,-13,0,-14,0,-14,1,-14,1,-13,2,-13,2,-12,3,-12,3,-12,3,-11,4,-10,0,0,0,0,0,0,0,0,0,0,0,0,0,0,0,0,0,0,0,0,0,0,2,-12,3,-12,4,-12,4,-11,5,-12,5,-12,6,-12,7,-12,7,-12,7,-11,8,-11,8,-11,7,-11,7,-11,6,-11,6,-11,6,-12,6,-12,5,-12,5,-13,5,-13,4,-14,5,-14,4,-14,4,-14,5,-15]
[0;32mI (88085) TAG: FTM status=0, entries=7[0m
anchor,A2,24:ec:4a:04:39:15,ch=6
ftm_report,A2,8,8,1.200
[1;31mE (88085) TAG: esp_wifi_ftm_get_report() rc=ESP_FAIL (-1), entries=7[0m
csi_data,A2,[0,0,13,-6,13,-6,13,-6,13,-6,12,-6,12,-6,11,-6,11,-7,10,-7,10,-8,10,-8,9,-8,9,-8,9,-9,9,-9,9,-9,9,-9,10,-9,10,-9,10,-8,10,-8,10,-7,10,-6,10,-5,10,-5,10,-4,0,0,0,0,0,0,0,0,0,0,0,0,0,0,0,0,0,0,0,0,0,0,10,-5,10,-5,11,-4,11,-4,12,-3,12,-3,12,-2,13,-2,13,-2,12,-1,13,-1,12,-1,12,-1,12,-2,12,-2,12,-2,12,-3,12,-4,12,-4,12,-4,12,-5,13,-5,13,-6,13,-6,13,-6,13,-6]
[0;32mI (88975) TAG: FTM status=0, entries=7[0m
anchor,A2,24:ec:4a:04:39:15,ch=6
ftm_report,A2,6,6,0.900
[1;31mE (88975) TAG: esp_wifi_ftm_get_report() rc=ESP_FAIL (-1), entries=7[0m
csi_data,A2,[0,0,14,-3,14,-3,14,-3,14,-3,14,-3,13,-3,13,-4,12,-4,12,-5,11,-5,11,-6,11,-6,11,-6,11,-7,11,-7,11,-7,11,-6,12,-6,12,-6,12,-5,12,-5,12,-4,11,-3,11,-3,11,-2,11,-2,0,0,0,0,0,0,0,0,0,0,0,0,0,0,0,0,0,0,0,0,0,0,11,-4,11,-3,12,-2,12,-2,12,-1,13,-1,13,0,13,0,14,1,13,1,13,1,13,1,12,1,12,1,13,0,13,0,13,0,13,-1,13,-1,13,-2,13,-2,14,-2,14,-3,14,-3,15,-3,15,-3]
[0;32mI (89865) TAG: FTM status=0, entries=7[0m
anchor,A2,24:ec:4a:04:39:15,ch=6
ftm_report,A2,6,6,0.900
[1;31mE (89865) TAG: esp_wifi_ftm_get_report() rc=ESP_FAIL (-1), entries=7[0m
csi_data,A2,[0,0,10,-11,9,-11,9,-11,9,-11,9,-11,8,-10,8,-10,8,-10,7,-11,6,-11,6,-12,5,-11,5,-11,5,-12,5,-12,5,-12,5,-12,6,-12,6,-12,7,-11,7,-11,7,-10,7,-9,7,-9,7,-9,7,-8,0,0,0,0,0,0,0,0,0,0,0,0,0,0,0,0,0,0,0,0,0,0,7,-9,8,-9,8,-9,9,-8,10,-8,10,-8,11,-7,11,-7,12,-7,11,-7,11,-7,11,-6,11,-7,10,-7,11,-7,10,-7,10,-8,10,-8,10,-8,10,-9,10,-9,10,-10,10,-10,9,-11,10,-11,10,-11]
[0;32mI (90755) TAG: FTM status=0, entries=7[0m
anchor,A2,24:ec:4a:04:39:15,ch=6
ftm_report,A2,8,8,1.200
[1;31mE (90755) TAG: esp_wifi_ftm_get_report() rc=ESP_FAIL (-1), entries=7[0m
[0;32mI (91645) TAG: FTM status=0, entries=7[0m
anchor,A2,24:ec:4a:04:39:15,ch=6
ftm_report,A2,6,6,0.900
[1;31mE (91645) TAG: esp_wifi_ftm_get_report() rc=ESP_FAIL (-1), entries=7[0m
[0;32mI (92535) TAG: FTM status=0, entries=7[0m
anchor,A2,24:ec:4a:04:39:15,ch=6
ftm_report,A2,10,10,1.500
[1;31mE (92535) TAG: esp_wifi_ftm_get_report() rc=ESP_FAIL (-1), entries=7[0m
[0;32mI (93425) TAG: FTM status=0, entries=7[0m
anchor,A2,24:ec:4a:04:39:15,ch=6
ftm_report,A2,6,6,0.900
[1;31mE (93425) TAG: esp_wifi_ftm_get_report() rc=ESP_FAIL (-1), entries=7[0m
[0;32mI (94315) TAG: FTM status=0, entries=7[0m
anchor,A2,24:ec:4a:04:39:15,ch=6
ftm_report,A2,8,8,1.200
[1;31mE (94315) TAG: esp_wifi_ftm_get_report() rc=ESP_FAIL (-1), entries=7[0m
csi_data,A2,[0,0,-6,14,-6,14,-5,13,-5,14,-5,13,-5,13,-4,12,-4,12,-3,12,-3,12,-2,12,-1,12,-1,12,-1,12,-1,13,-1,13,-1,13,-2,13,-2,13,-3,12,-3,12,-3,12,-4,11,-4,11,-5,10,-5,9,0,0,0,0,0,0,0,0,0,0,0,0,0,0,0,0,0,0,0,0,0,0,-3,11,-4,11,-4,11,-5,11,-6,11,-7,11,-8,11,-8,11,-8,11,-8,11,-8,10,-8,10,-8,10,-8,10,-7,10,-7,11,-7,11,-7,11,-6,12,-6,12,-6,12,-6,13,-6,13,-5,14,-5,14,-6,14]
[0;32mI (95205) TAG: FTM status=0, entries=7[0m
anchor,A2,24:ec:4a:04:39:15,ch=6
ftm_report,A2,8,8,1.200
[1;31mE (95205) TAG: esp_wifi_ftm_get_report() rc=ESP_FAIL (-1), entries=7[0m
csi_data,A2,[0,0,-1,15,-1,15,-1,14,-1,14,0,13,0,13,0,13,1,13,0,12,1,12,1,12,2,12,2,12,3,12,3,12,3,12,3,12,2,12,2,12,1,12,1,12,0,12,0,12,-1,11,-1,10,-2,10,0,0,0,0,0,0,0,0,0,0,0,0,0,0,0,0,0,0,0,0,0,0,0,11,-1,11,-1,12,-2,12,-2,12,-3,12,-4,12,-4,12,-5,12,-5,12,-5,12,-5,12,-5,12,-4,12,-4,12,-4,12,-4,12,-3,12,-2,12,-2,13,-2,13,-2,14,-1,14,-1,14,-1,15,-1,14]
[0;32mI (96095) TAG: FTM status=0, entries=7[0m
anchor,A2,24:ec:4a:04:39:15,ch=6
ftm_report,A2,6,6,0.900
[1;31mE (96095) TAG: esp_wifi_ftm_get_report() rc=ESP_FAIL (-1), entries=7[0m
csi_data,A2,[0,0,-7,-14,-8,-14,-7,-14,-7,-13,-7,-13,-7,-12,-7,-12,-8,-11,-8,-11,-8,-10,-8,-10,-9,-10,-9,-10,-9,-10,-9,-10,-9,-10,-10,-10,-9,-10,-9,-10,-8,-11,-8,-11,-7,-11,-7,-11,-6,-11,-5,-11,-4,-11,0,0,0,0,0,0,0,0,0,0,0,0,0,0,0,0,0,0,0,0,0,0,-7,-10,-6,-10,-6,-11,-6,-12,-5,-12,-5,-12,-4,-13,-4,-13,-3,-13,-3,-14,-3,-13,-3,-13,-3,-13,-3,-13,-4,-13,-4,-13,-4,-12,-5,-12,-5,-13,-6,-13,-6,-13,-6,-13,-7,-13,-7,-13,-7,-14,-7,-14]
[0;32mI (96985) TAG: FTM status=0, entries=7[0m
anchor,A2,24:ec:4a:04:39:15,ch=6
ftm_report,A2,8,8,1.200
[1;31mE (96985) TAG: esp_wifi_ftm_get_report() rc=ESP_FAIL (-1), entries=7[0m
csi_data,A2,[0,0,14,-7,13,-7,13,-7,13,-7,12,-7,12,-6,11,-7,11,-7,11,-7,10,-8,10,-8,9,-8,9,-9,9,-9,9,-9,9,-9,9,-9,10,-9,10,-9,10,-8,10,-7,10,-7,10,-6,10,-6,10,-5,10,-4,0,0,0,0,0,0,0,0,0,0,0,0,0,0,0,0,0,0,0,0,0,0,9,-7,10,-6,10,-5,11,-5,11,-5,12,-4,13,-4,13,-3,13,-3,13,-2,13,-3,13,-3,12,-3,12,-3,12,-3,12,-3,12,-4,12,-5,12,-5,12,-5,12,-5,13,-6,13,-7,13,-7,13,-7,14,-7]
[0;32mI (97875) TAG: FTM status=0, entries=7[0m
anchor,A2,24:ec:4a:04:39:15,ch=6
ftm_report,A2,8,8,1.200
[1;31mE (97875) TAG: esp_wifi_ftm_get_report() rc=ESP_FAIL (-1), entries=7[0m
csi_data,A2,[0,0,1,14,2,14,2,14,1,13,2,13,2,13,2,12,3,12,3,11,3,11,4,11,4,11,4,11,5,11,5,11,5,11,5,11,4,12,4,11,3,11,3,11,2,11,2,11,1,11,0,10,0,10,0,0,0,0,0,0,0,0,0,0,0,0,0,0,0,0,0,0,0,0,0,0,2,10,1,11,1,11,1,12,0,12,-1,12,-1,13,-2,13,-2,13,-3,13,-3,13,-3,12,-3,12,-2,12,-2,12,-2,12,-1,12,-1,12,0,13,0,13,1,13,1,13,1,14,1,14,1,14,1,14]
[0;32mI (98765) TAG: FTM status=0, entries=7[0m
anchor,A2,24:ec:4a:04:39:15,ch=6
ftm_report,A2,5,5,0.750
[1;31mE (98765) TAG: esp_wifi_ftm_get_report() rc=ESP_FAIL (-1), entries=7[0m
[0;32mI (99655) TAG: FTM status=0, entries=7[0m
anchor,A2,24:ec:4a:04:39:15,ch=6
ftm_report,A2,14,14,2.100
[1;31mE (99655) TAG: esp_wifi_ftm_get_report() rc=ESP_FAIL (-1), entries=7[0m
[0;32mI (100545) TAG: FTM status=0, entries=7[0m
anchor,A2,24:ec:4a:04:39:15,ch=6
ftm_report,A2,8,8,1.200
[1;31mE (100545) TAG: esp_wifi_ftm_get_report() rc=ESP_FAIL (-1), entries=7[0m
[0;32mI (101435) TAG: FTM status=0, entries=7[0m
anchor,A2,24:ec:4a:04:39:15,ch=6
ftm_report,A2,6,6,0.900
[1;31mE (101435) TAG: esp_wifi_ftm_get_report() rc=ESP_FAIL (-1), entries=7[0m
[0;32mI (102325) TAG: FTM status=0, entries=7[0m
anchor,A2,24:ec:4a:04:39:15,ch=6
ftm_report,A2,8,8,1.200
[1;31mE (102325) TAG: esp_wifi_ftm_get_report() rc=ESP_FAIL (-1), entries=7[0m
csi_data,A2,[0,0,14,5,14,4,13,4,13,4,13,4,13,4,13,3,12,3,12,2,12,1,12,1,12,1,12,1,12,0,12,0,12,0,13,0,13,0,12,1,12,1,12,2,12,2,11,3,11,3,10,4,9,4,0,0,0,0,0,0,0,0,0,0,0,0,0,0,0,0,0,0,0,0,0,0,11,2,11,2,11,3,11,4,11,5,11,5,11,6,11,6,11,6,11,7,10,7,10,7,10,7,10,7,10,6,10,6,11,5,11,5,11,5,12,5,12,5,13,4,13,4,14,5,14,5,14,4]
[0;32mI (103215) TAG: FTM status=0, entries=7[0m
anchor,A2,24:ec:4a:04:39:15,ch=6
ftm_report,A2,6,6,0.900
[1;31mE (103215) TAG: esp_wifi_ftm_get_report() rc=ESP_FAIL (-1), entries=7[0m
csi_data,A2,[0,0,5,14,5,13,5,14,5,13,5,13,5,12,5,12,6,11,6,11,6,10,7,10,7,10,8,9,8,10,7,10,8,10,8,10,7,10,7,10,6,10,6,11,5,11,5,10,4,10,4,10,3,10,0,0,0,0,0,0,0,0,0,0,0,0,0,0,0,0,0,0,0,0,0,0,5,9,4,10,4,11,3,12,3,12,2,12,2,13,1,13,1,13,1,13,1,13,1,13,1,13,1,13,1,13,1,12,2,12,2,12,3,13,3,13,4,13,4,13,5,13,5,13,5,14,5,14]
[0;32mI (104105) TAG: FTM status=0, entries=7[0m
anchor,A2,24:ec:4a:04:39:15,ch=6
ftm_report,A2,6,6,0.900
[1;31mE (104105) TAG: esp_wifi_ftm_get_report() rc=ESP_FAIL (-1), entries=7[0m
csi_data,A2,[0,0,6,13,6,14,6,13,6,12,6,12,6,12,6,11,6,11,6,10,7,10,7,10,8,9,8,9,8,9,8,9,8,9,9,10,8,10,8,10,7,10,7,10,6,10,6,10,5,10,4,10,3,10,0,0,0,0,0,0,0,0,0,0,0,0,0,0,0,0,0,0,0,0,0,0,5,9,5,10,5,11,4,11,4,12,3,12,3,12,2,13,2,13,2,13,2,13,1,13,2,13,2,13,2,12,2,12,3,12,3,12,4,12,4,12,5,13,6,13,6,13,6,13,6,13,6,13]
[0;32mI (104995) TAG: FTM status=0, entries=7[0m
anchor,A2,24:ec:4a:04:39:15,ch=6
ftm_report,A2,8,8,1.200
[1;31mE (104995) TAG: esp_wifi_ftm_get_report() rc=ESP_FAIL (-1), entries=7[0m
csi_data,A2,[0,0,-6,-14,-7,-14,-7,-14,-6,-13,-7,-13,-7,-13,-7,-12,-7,-12,-7,-11,-8,-10,-8,-10,-9,-10,-9,-10,-9,-10,-9,-10,-9,-10,-9,-10,-9,-10,-9,-10,-8,-10,-8,-11,-7,-11,-7,-11,-6,-11,-5,-10,-4,-10,0,0,0,0,0,0,0,0,0,0,0,0,0,0,0,0,0,0,0,0,0,0,-5,-10,-5,-11,-5,-11,-4,-12,-4,-13,-3,-13,-3,-13,-2,-13,-2,-13,-2,-14,-2,-13,-2,-13,-2,-13,-2,-13,-2,-13,-3,-13,-3,-13,-4,-13,-5,-13,-5,-13,-5,-13,-6,-14,-6,-13,-7,-14,-7,-14,-6,-14]
[0;32mI (105895) TAG: FTM status=0, entries=7[0m
anchor,A2,24:ec:4a:04:39:15,ch=6
ftm_report,A2,11,11,1.650
[1;31mE (105895) TAG: esp_wifi_ftm_get_report() rc=ESP_FAIL (-1), entries=7[0m
csi_data,A2,[0,0,7,12,8,12,7,12,7,12,8,11,8,11,8,10,8,10,8,9,8,9,8,9,9,8,9,8,9,8,9,8,9,8,10,8,9,9,9,9,8,9,8,9,7,9,7,9,6,10,5,9,4,9,0,0,0,0,0,0,0,0,0,0,0,0,0,0,0,0,0,0,0,0,0,0,6,8,6,9,6,10,5,10,5,11,5,11,4,12,4,12,4,12,3,13,3,12,3,12,3,12,3,12,4,12,4,12,4,11,5,11,5,11,6,12,7,12,7,12,7,12,8,12,8,13,8,12]
[0;32mI (106785) TAG: FTM status=0, entries=7[0m
anchor,A2,24:ec:4a:04:39:15,ch=6
ftm_report,A2,9,9,1.350
[1;31mE (106785) TAG: esp_wifi_ftm_get_report() rc=ESP_FAIL (-1), entries=7[0m
[0;32mI (107675) TAG: FTM status=0, entries=7[0m
anchor,A2,24:ec:4a:04:39:15,ch=6
ftm_report,A2,6,6,0.900
[1;31mE (107675) TAG: esp_wifi_ftm_get_report() rc=ESP_FAIL (-1), entries=7[0m
[0;32mI (108565) TAG: FTM status=0, entries=7[0m
anchor,A2,24:ec:4a:04:39:15,ch=6
ftm_report,A2,8,8,1.200
[1;31mE (108565) TAG: esp_wifi_ftm_get_report() rc=ESP_FAIL (-1), entries=7[0m
[0;32mI (109455) TAG: FTM status=0, entries=7[0m
anchor,A2,24:ec:4a:04:39:15,ch=6
ftm_report,A2,8,8,1.200
[1;31mE (109455) TAG: esp_wifi_ftm_get_report() rc=ESP_FAIL (-1), entries=7[0m
[0;32mI (110345) TAG: FTM status=0, entries=7[0m
anchor,A2,24:ec:4a:04:39:15,ch=6
ftm_report,A2,8,8,1.200
[1;31mE (110345) TAG: esp_wifi_ftm_get_report() rc=ESP_FAIL (-1), entries=7[0m
csi_data,A2,[0,0,-2,15,-2,15,-2,14,-2,14,-1,13,-1,13,-1,13,0,13,0,13,1,12,1,12,1,12,2,12,2,12,2,12,2,12,2,13,1,12,1,13,1,12,0,12,0,12,-1,12,-1,11,-2,11,-3,10,0,0,0,0,0,0,0,0,0,0,0,0,0,0,0,0,0,0,0,0,0,0,-1,11,-1,11,-2,12,-2,12,-3,12,-4,12,-4,12,-5,12,-5,12,-6,12,-6,12,-6,12,-6,12,-5,12,-5,12,-5,12,-4,12,-4,12,-3,12,-3,13,-2,13,-2,14,-2,14,-2,15,-2,15,-2,15]
[0;32mI (111235) TAG: FTM status=0, entries=7[0m
anchor,A2,24:ec:4a:04:39:15,ch=6
ftm_report,A2,6,6,0.900
[1;31mE (111235) TAG: esp_wifi_ftm_get_report() rc=ESP_FAIL (-1), entries=7[0m
csi_data,A2,[0,0,-7,-13,-8,-13,-8,-13,-7,-13,-8,-13,-7,-12,-8,-12,-8,-11,-8,-10,-9,-10,-9,-10,-9,-9,-9,-9,-10,-9,-10,-9,-10,-9,-10,-10,-10,-10,-9,-10,-8,-10,-8,-10,-8,-10,-7,-10,-7,-10,-6,-10,-5,-10,0,0,0,0,0,0,0,0,0,0,0,0,0,0,0,0,0,0,0,0,0,0,-7,-10,-6,-11,-6,-11,-5,-12,-5,-12,-5,-13,-4,-13,-4,-13,-3,-14,-3,-14,-3,-13,-3,-13,-3,-13,-3,-13,-3,-13,-4,-13,-4,-13,-5,-12,-5,-13,-6,-13,-6,-13,-6,-13,-7,-13,-8,-13,-8,-14,-8,-14]
[0;32mI (112125) TAG: FTM status=0, entries=7[0m
anchor,A2,24:ec:4a:04:39:15,ch=6
ftm_report,A2,7,7,1.050
[1;31mE (112125) TAG: esp_wifi_ftm_get_report() rc=ESP_FAIL (-1), entries=7[0m
csi_data,A2,[0,0,-15,2,-15,2,-15,2,-15,2,-14,2,-14,3,-13,3,-13,3,-13,4,-12,4,-12,5,-12,5,-12,5,-12,5,-12,6,-12,6,-12,5,-12,6,-12,5,-12,5,-12,4,-12,3,-12,3,-12,2,-11,2,-11,1,0,0,0,0,0,0,0,0,0,0,0,0,0,0,0,0,0,0,0,0,0,0,-11,2,-12,2,-12,1,-13,0,-13,0,-14,0,-14,-1,-14,-1,-14,-2,-14,-2,-14,-2,-13,-2,-13,-2,-13,-2,-13,-2,-13,-1,-13,-1,-13,0,-14,0,-14,1,-14,1,-14,1,-15,2,-15,2,-15,2,-15,2]
[0;32mI (113015) TAG: FTM status=0, entries=7[0m
anchor,A2,24:ec:4a:04:39:15,ch=6
ftm_report,A2,6,6,0.900
[1;31mE (113015) TAG: esp_wifi_ftm_get_report() rc=ESP_FAIL (-1), entries=7[0m
csi_data,A2,[0,0,9,11,9,11,9,10,9,10,9,10,9,10,9,9,9,9,9,8,9,7,10,7,9,7,10,6,10,6,10,6,10,6,10,7,10,7,10,7,9,7,9,8,8,8,8,8,7,8,6,8,6,8,0,0,0,0,0,0,0,0,0,0,0,0,0,0,0,0,0,0,0,0,0,0,8,7,7,8,7,9,7,9,7,10,6,11,5,11,5,11,5,12,5,12,5,12,5,12,5,12,5,11,5,11,5,11,6,10,6,10,6,11,7,11,7,11,8,11,8,11,9,11,9,11,9,11]
[0;32mI (113905) TAG: FTM status=0, entries=7[0m
anchor,A2,24:ec:4a:04:39:15,ch=6
ftm_report,A2,9,9,1.350
[1;31mE (113905) TAG: esp_wifi_ftm_get_report() rc=ESP_FAIL (-1), entries=7[0m
csi_data,A2,[0,0,-12,-10,-13,-10,-12,-9,-12,-9,-12,-9,-12,-8,-12,-8,-12,-7,-12,-7,-11,-6,-12,-6,-12,-5,-12,-5,-12,-5,-12,-5,-13,-5,-13,-5,-12,-5,-12,-6,-12,-6,-11,-6,-11,-7,-10,-7,-10,-7,-9,-7,-8,-8,0,0,0,0,0,0,0,0,0,0,0,0,0,0,0,0,0,0,0,0,0,0,-10,-6,-10,-7,-10,-8,-10,-9,-10,-9,-10,-10,-9,-10,-9,-10,-9,-11,-8,-11,-8,-11,-8,-11,-8,-11,-8,-11,-8,-11,-8,-10,-9,-10,-9,-9,-10,-10,-10,-10,-11,-9,-11,-10,-12,-9,-12,-9,-12,-10,-12,-9]
[0;32mI (114795) TAG: FTM status=0, entries=7[0m
anchor,A2,24:ec:4a:04:39:15,ch=6
ftm_report,A2,8,8,1.200
[1;31mE (114795) TAG: esp_wifi_ftm_get_report() rc=ESP_FAIL (-1), entries=7[0m
[0;32mI (115685) TAG: FTM status=0, entries=7[0m
anchor,A2,24:ec:4a:04:39:15,ch=6
ftm_report,A2,8,8,1.200
[1;31mE (115685) TAG: esp_wifi_ftm_get_report() rc=ESP_FAIL (-1), entries=7[0m
csi_data,A2,[0,0,-11,-11,-11,-11,-11,-11,-10,-11,-11,-10,-10,-10,-11,-9,-10,-9,-10,-8,-11,-8,-11,-7,-11,-7,-11,-7,-12,-7,-12,-6,-12,-6,-12,-7,-12,-7,-11,-7,-11,-7,-10,-8,-10,-8,-9,-9,-9,-8,-8,-8,-7,-8,0,0,0,0,0,0,0,0,0,0,0,0,0,0,0,0,0,0,0,0,0,0,-9,-8,-9,-9,-8,-10,-8,-10,-8,-11,-8,-11,-7,-12,-7,-12,-7,-13,-6,-13,-6,-13,-6,-12,-6,-13,-6,-12,-6,-12,-7,-11,-7,-11,-8,-11,-8,-11,-9,-11,-9,-11,-10,-11,-10,-11,-10,-11,-11,-12,-10,-11]
[0;32mI (116585) TAG: FTM status=0, entries=5[0m
anchor,A2,24:ec:4a:04:39:15,ch=6
ftm_report,A2,8,8,1.200
[1;31mE (116595) TAG: esp_wifi_ftm_get_report() rc=ESP_FAIL (-1), entries=5[0m
[0;32mI (117485) TAG: FTM status=0, entries=7[0m
anchor,A2,24:ec:4a:04:39:15,ch=6
ftm_report,A2,8,8,1.200
[1;31mE (117485) TAG: esp_wifi_ftm_get_report() rc=ESP_FAIL (-1), entries=7[0m
[0;32mI (118375) TAG: FTM status=0, entries=7[0m
anchor,A2,24:ec:4a:04:39:15,ch=6
ftm_report,A2,6,6,0.900
[1;31mE (118385) TAG: esp_wifi_ftm_get_report() rc=ESP_FAIL (-1), entries=7[0m
[0;32mI (119275) TAG: FTM status=0, entries=7[0m
anchor,A2,24:ec:4a:04:39:15,ch=6
ftm_report,A2,6,6,0.900
[1;31mE (119275) TAG: esp_wifi_ftm_get_report() rc=ESP_FAIL (-1), entries=7[0m
csi_data,A2,[0,0,-15,-2,-15,-2,-15,-2,-15,-1,-15,-1,-14,-1,-14,-1,-13,0,-13,1,-13,1,-13,1,-13,2,-13,2,-13,2,-13,3,-13,3,-13,2,-14,2,-14,2,-13,1,-13,1,-13,0,-12,-1,-12,-1,-11,-1,-11,-2,0,0,0,0,0,0,0,0,0,0,0,0,0,0,0,0,0,0,0,0,0,0,-12,0,-12,-1,-12,-2,-13,-3,-13,-3,-13,-3,-13,-4,-13,-5,-13,-5,-13,-5,-13,-5,-13,-5,-13,-5,-12,-5,-12,-5,-13,-4,-13,-4,-13,-3,-14,-3,-14,-3,-14,-2,-15,-2,-15,-2,-15,-2,-15,-2,-15,-1]
[0;32mI (120165) TAG: FTM status=0, entries=7[0m
anchor,A2,24:ec:4a:04:39:15,ch=6
ftm_report,A2,6,6,0.900
[1;31mE (120165) TAG: esp_wifi_ftm_get_report() rc=ESP_FAIL (-1), entries=7[0m
csi_data,A2,[0,0,10,10,10,10,10,10,10,9,10,9,10,9,10,8,10,8,10,7,10,6,10,6,10,6,11,6,11,5,11,5,11,5,11,6,11,6,11,6,10,6,10,7,9,7,9,7,8,8,7,7,7,8,0,0,0,0,0,0,0,0,0,0,0,0,0,0,0,0,0,0,0,0,0,0,8,6,8,7,8,8,8,9,8,9,8,10,7,10,7,10,6,11,6,11,6,11,6,11,6,11,6,11,7,11,6,10,7,10,7,9,8,10,8,10,9,10,9,10,10,9,10,10,10,10,11,10]
[0;32mI (121055) TAG: FTM status=0, entries=7[0m
anchor,A2,24:ec:4a:04:39:15,ch=6
ftm_report,A2,10,10,1.500
[1;31mE (121055) TAG: esp_wifi_ftm_get_report() rc=ESP_FAIL (-1), entries=7[0m
csi_data,A2,[0,0,11,9,11,9,11,9,11,8,11,8,11,8,10,7,11,7,11,6,11,5,11,5,11,5,11,4,11,4,11,4,11,4,12,5,11,5,11,5,11,5,10,6,10,6,9,7,9,7,8,7,7,7,0,0,0,0,0,0,0,0,0,0,0,0,0,0,0,0,0,0,0,0,0,0,9,5,9,6,9,7,8,8,9,9,8,9,8,9,8,10,8,10,7,11,7,10,7,10,7,10,7,10,7,10,8,9,8,9,8,9,9,9,9,9,10,9,10,9,11,9,11,9,11,9,11,9]
[0;32mI (121945) TAG: FTM status=0, entries=7[0m
anchor,A2,24:ec:4a:04:39:15,ch=6
ftm_report,A2,6,6,0.900
[1;31mE (121945) TAG: esp_wifi_ftm_get_report() rc=ESP_FAIL (-1), entries=7[0m
csi_data,A2,[0,0,-15,-4,-15,-5,-15,-5,-14,-4,-14,-4,-14,-3,-14,-3,-13,-2,-13,-2,-13,-1,-13,-1,-13,-1,-13,-1,-13,0,-13,0,-13,0,-14,-1,-14,-1,-14,-1,-13,-1,-13,-2,-13,-3,-12,-3,-12,-4,-11,-4,-11,-4,0,0,0,0,0,0,0,0,0,0,0,0,0,0,0,0,0,0,0,0,0,0,-11,-2,-12,-3,-12,-4,-12,-5,-12,-5,-13,-6,-12,-6,-12,-6,-12,-7,-12,-8,-12,-8,-12,-8,-11,-8,-11,-8,-12,-7,-12,-6,-12,-6,-12,-5,-13,-6,-13,-5,-14,-5,-14,-5,-14,-4,-15,-5,-15,-5,-15,-4]
[0;32mI (122835) TAG: FTM status=0, entries=7[0m
anchor,A2,24:ec:4a:04:39:15,ch=6
ftm_report,A2,6,6,0.900
[1;31mE (122835) TAG: esp_wifi_ftm_get_report() rc=ESP_FAIL (-1), entries=7[0m
csi_data,A2,[0,0,9,-12,8,-12,8,-12,8,-12,8,-12,7,-12,7,-12,6,-11,6,-12,5,-12,5,-12,4,-12,4,-12,4,-12,4,-12,4,-13,4,-13,5,-13,5,-12,6,-12,6,-11,6,-11,6,-10,6,-10,7,-9,7,-9,0,0,0,0,0,0,0,0,0,0,0,0,0,0,0,0,0,0,0,0,0,0,5,-10,6,-10,7,-10,7,-9,8,-10,9,-10,10,-9,10,-9,10,-8,10,-8,10,-8,10,-8,10,-8,10,-8,9,-8,9,-9,9,-9,9,-10,9,-10,9,-10,9,-11,9,-11,9,-12,8,-12,8,-12,9,-12]
[0;32mI (123725) TAG: FTM status=0, entries=7[0m
anchor,A2,24:ec:4a:04:39:15,ch=6
ftm_report,A2,6,6,0.900
[1;31mE (123725) TAG: esp_wifi_ftm_get_report() rc=ESP_FAIL (-1), entries=7[0m
csi_data,A2,[0,0,-5,-15,-6,-14,-5,-14,-5,-14,-6,-14,-6,-13,-6,-13,-6,-12,-6,-12,-7,-11,-7,-11,-7,-11,-8,-11,-8,-11,-8,-11,-8,-10,-8,-11,-8,-11,-8,-11,-7,-11,-6,-11,-6,-11,-5,-11,-5,-11,-4,-11,-3,-11,0,0,0,0,0,0,0,0,0,0,0,0,0,0,0,0,0,0,0,0,0,0,-5,-11,-4,-12,-4,-12,-3,-13,-3,-13,-2,-13,-2,-14,-1,-14,-1,-14,0,-14,0,-14,0,-14,0,-14,-1,-13,-1,-13,-2,-13,-2,-13,-3,-13,-3,-14,-4,-14,-4,-14,-5,-14,-4,-14,-5,-14,-5,-15,-5,-15]
[0;32mI (124615) TAG: FTM status=0, entries=7[0m
anchor,A2,24:ec:4a:04:39:15,ch=6
ftm_report,A2,6,6,0.900
[1;31mE (124615) TAG: esp_wifi_ftm_get_report() rc=ESP_FAIL (-1), entries=7[0m
[0;32mI (125505) TAG: FTM status=0, entries=7[0m
anchor,A2,24:ec:4a:04:39:15,ch=6
ftm_report,A2,6,6,0.900
[1;31mE (125505) TAG: esp_wifi_ftm_get_report() rc=ESP_FAIL (-1), entries=7[0m
[0;32mI (126395) TAG: FTM status=0, entries=7[0m
anchor,A2,24:ec:4a:04:39:15,ch=6
ftm_report,A2,6,6,0.900
[1;31mE (126395) TAG: esp_wifi_ftm_get_report() rc=ESP_FAIL (-1), entries=7[0m
[0;32mI (127285) TAG: FTM status=0, entries=7[0m
anchor,A2,24:ec:4a:04:39:15,ch=6
ftm_report,A2,9,9,1.350
[1;31mE (127285) TAG: esp_wifi_ftm_get_report() rc=ESP_FAIL (-1), entries=7[0m
csi_data,A2,[0,0,1,-15,0,-15,0,-15,0,-15,0,-15,-1,-14,-1,-14,-1,-13,-2,-13,-2,-13,-3,-13,-3,-13,-4,-13,-4,-13,-4,-13,-4,-13,-4,-13,-3,-13,-3,-13,-2,-13,-2,-13,-1,-13,-1,-12,-1,-12,0,-11,1,-11,0,0,0,0,0,0,0,0,0,0,0,0,0,0,0,0,0,0,0,0,0,0,-1,-12,0,-12,1,-13,1,-13,1,-13,3,-13,3,-13,3,-13,4,-13,4,-13,4,-13,4,-13,4,-13,4,-13,3,-13,3,-13,3,-13,2,-13,2,-14,1,-14,1,-14,1,-15,1,-14,0,-15,0,-15,1,-16]
[0;32mI (128175) TAG: FTM status=0, entries=7[0m
anchor,A2,24:ec:4a:04:39:15,ch=6
ftm_report,A2,13,13,1.950
[1;31mE (128175) TAG: esp_wifi_ftm_get_report() rc=ESP_FAIL (-1), entries=7[0m
csi_data,A2,[0,0,-12,-9,-12,-9,-12,-9,-12,-8,-12,-9,-12,-8,-12,-8,-12,-7,-12,-6,-12,-6,-12,-5,-12,-5,-12,-5,-12,-5,-12,-4,-12,-4,-13,-5,-13,-5,-12,-5,-12,-6,-12,-6,-11,-6,-11,-7,-10,-7,-9,-7,-9,-7,0,0,0,0,0,0,0,0,0,0,0,0,0,0,0,0,0,0,0,0,0,0,-10,-7,-10,-8,-10,-9,-10,-9,-10,-10,-9,-10,-9,-11,-8,-11,-8,-12,-8,-12,-8,-12,-8,-11,-8,-11,-8,-11,-8,-11,-8,-10,-9,-10,-9,-10,-10,-10,-10,-10,-11,-10,-11,-10,-12,-10,-12,-10,-12,-10,-12,-9]
[0;32mI (129065) TAG: FTM status=0, entries=7[0m
anchor,A2,24:ec:4a:04:39:15,ch=6
ftm_report,A2,8,8,1.200
[1;31mE (129065) TAG: esp_wifi_ftm_get_report() rc=ESP_FAIL (-1), entries=7[0m
csi_data,A2,[0,0,9,-12,8,-12,8,-12,8,-12,8,-12,7,-12,7,-11,6,-11,6,-12,5,-12,5,-12,4,-12,4,-12,4,-12,4,-13,4,-13,4,-12,5,-13,5,-13,5,-12,5,-12,6,-11,6,-10,6,-10,6,-9,7,-9,0,0,0,0,0,0,0,0,0,0,0,0,0,0,0,0,0,0,0,0,0,0,6,-10,7,-10,7,-10,8,-9,8,-9,9,-9,10,-9,10,-9,10,-8,10,-8,11,-8,11,-8,10,-8,10,-8,9,-8,9,-8,9,-9,9,-9,9,-10,9,-10,8,-11,9,-11,9,-12,9,-12,9,-12,9,-12]
[0;32mI (129955) TAG: FTM status=0, entries=7[0m
anchor,A2,24:ec:4a:04:39:15,ch=6
ftm_report,A2,8,8,1.200
[1;31mE (129955) TAG: esp_wifi_ftm_get_report() rc=ESP_FAIL (-1), entries=7[0m
csi_data,A2,[0,0,-15,2,-15,1,-15,1,-15,2,-14,2,-14,2,-13,2,-13,3,-13,3,-13,4,-12,4,-12,4,-12,4,-12,5,-12,5,-12,5,-12,5,-12,5,-12,5,-13,4,-13,4,-12,3,-12,2,-12,2,-12,1,-11,0,0,0,0,0,0,0,0,0,0,0,0,0,0,0,0,0,0,0,0,0,0,0,-12,2,-12,1,-13,0,-12,0,-13,-1,-13,-1,-14,-1,-14,-2,-14,-2,-14,-3,-14,-3,-13,-3,-13,-3,-13,-3,-13,-2,-13,-2,-13,-1,-14,0,-13,-1,-14,0,-14,0,-15,1,-15,1,-15,1,-15,1,-15,2]
[0;32mI (130845) TAG: FTM status=0, entries=7[0m
anchor,A2,24:ec:4a:04:39:15,ch=6
ftm_report,A2,8,8,1.200
[1;31mE (130845) TAG: esp_wifi_ftm_get_report() rc=ESP_FAIL (-1), entries=7[0m
csi_data,A2,[0,0,-6,14,-5,13,-5,13,-5,13,-4,13,-4,13,-4,12,-3,12,-3,12,-2,12,-2,12,-1,12,-1,12,-1,12,0,12,0,12,-1,13,-1,13,-1,13,-2,12,-2,12,-2,11,-3,11,-3,11,-4,10,-4,10,0,0,0,0,0,0,0,0,0,0,0,0,0,0,0,0,0,0,0,0,0,0,-4,10,-4,10,-5,11,-6,10,-6,11,-7,11,-8,11,-8,10,-8,10,-9,10,-9,10,-9,10,-8,10,-8,10,-7,10,-7,10,-7,11,-7,11,-6,11,-6,12,-6,12,-5,13,-6,13,-5,14,-5,14,-6,14]
[0;32mI (131735) TAG: FTM status=0, entries=7[0m
anchor,A2,24:ec:4a:04:39:15,ch=6
ftm_report,A2,8,8,1.200
[1;31mE (131735) TAG: esp_wifi_ftm_get_report() rc=ESP_FAIL (-1), entries=7[0m
csi_data,A2,[0,0,15,1,14,0,14,0,14,0,14,0,14,0,13,-1,13,-1,12,-2,12,-2,12,-3,12,-3,12,-3,12,-4,12,-4,12,-4,12,-4,13,-4,13,-3,12,-3,12,-2,12,-1,12,-1,11,0,11,0,10,1,0,0,0,0,0,0,0,0,0,0,0,0,0,0,0,0,0,0,0,0,0,0,11,-1,12,0,12,1,12,1,12,2,13,2,13,3,13,4,13,4,12,5,12,4,12,4,12,4,12,4,12,4,12,3,12,3,13,2,13,2,13,2,13,2,14,1,14,1,15,1,15,1,15,0]
[0;32mI (132625) TAG: FTM status=0, entries=7[0m
anchor,A2,24:ec:4a:04:39:15,ch=6
ftm_report,A2,11,11,1.650
[1;31mE (132625) TAG: esp_wifi_ftm_get_report() rc=ESP_FAIL (-1), entries=7[0m
[0;32mI (133515) TAG: FTM status=0, entries=7[0m
anchor,A2,24:ec:4a:04:39:15,ch=6
ftm_report,A2,6,6,0.900
[1;31mE (133515) TAG: esp_wifi_ftm_get_report() rc=ESP_FAIL (-1), entries=7[0m
[0;32mI (134405) TAG: FTM status=0, entries=7[0m
anchor,A2,24:ec:4a:04:39:15,ch=6
ftm_report,A2,6,6,0.900
[1;31mE (134405) TAG: esp_wifi_ftm_get_report() rc=ESP_FAIL (-1), entries=7[0m
[0;32mI (135295) TAG: FTM status=0, entries=7[0m
anchor,A2,24:ec:4a:04:39:15,ch=6
ftm_report,A2,7,7,1.050
[1;31mE (135295) TAG: esp_wifi_ftm_get_report() rc=ESP_FAIL (-1), entries=7[0m
csi_data,A2,[0,0,14,-3,14,-3,13,-3,14,-4,13,-3,13,-4,12,-4,12,-4,12,-5,11,-5,11,-6,11,-6,11,-6,11,-6,11,-7,11,-7,11,-7,11,-7,11,-6,11,-6,11,-5,11,-4,11,-4,11,-3,11,-3,10,-2,0,0,0,0,0,0,0,0,0,0,0,0,0,0,0,0,0,0,0,0,0,0,10,-4,11,-3,11,-2,11,-2,12,-1,12,-1,13,0,13,0,13,0,13,1,13,1,13,1,12,1,12,1,12,1,13,0,12,-1,13,-1,12,-1,13,-2,13,-2,13,-3,14,-3,14,-3,14,-3,14,-3]
[0;32mI (136185) TAG: FTM status=0, entries=7[0m
anchor,A2,24:ec:4a:04:39:15,ch=6
ftm_report,A2,6,6,0.900
[1;31mE (136185) TAG: esp_wifi_ftm_get_report() rc=ESP_FAIL (-1), entries=7[0m
csi_data,A2,[0,0,10,-11,9,-11,9,-11,9,-11,8,-11,8,-11,8,-11,7,-11,7,-11,6,-11,6,-12,5,-11,5,-11,5,-12,5,-12,5,-12,5,-12,5,-12,6,-12,6,-11,6,-11,6,-10,7,-10,7,-9,7,-9,7,-8,0,0,0,0,0,0,0,0,0,0,0,0,0,0,0,0,0,0,0,0,0,0,7,-9,8,-9,8,-9,9,-8,10,-8,10,-8,11,-8,11,-7,12,-7,11,-6,12,-7,12,-6,11,-6,11,-7,10,-7,11,-7,10,-8,10,-8,9,-9,10,-9,10,-9,10,-10,10,-10,10,-11,10,-11,10,-11]
[0;32mI (137075) TAG: FTM status=0, entries=7[0m
anchor,A2,24:ec:4a:04:39:15,ch=6
ftm_report,A2,6,6,0.900
[1;31mE (137075) TAG: esp_wifi_ftm_get_report() rc=ESP_FAIL (-1), entries=7[0m
csi_data,A2,[0,0,-14,-7,-14,-7,-14,-7,-13,-6,-13,-7,-13,-6,-13,-6,-13,-5,-13,-5,-12,-4,-13,-3,-13,-3,-13,-3,-13,-3,-13,-3,-13,-3,-13,-3,-13,-3,-13,-3,-13,-4,-13,-4,-12,-5,-11,-5,-11,-6,-10,-6,-10,-6,0,0,0,0,0,0,0,0,0,0,0,0,0,0,0,0,0,0,0,0,0,0,-11,-4,-11,-5,-11,-6,-11,-7,-11,-7,-11,-8,-11,-8,-11,-9,-11,-9,-10,-10,-10,-10,-10,-10,-10,-10,-10,-9,-10,-9,-10,-9,-11,-8,-11,-8,-11,-8,-12,-8,-12,-7,-13,-8,-13,-7,-14,-7,-14,-7,-14,-7]
[0;32mI (137965) TAG: FTM status=0, entries=7[0m
anchor,A2,24:ec:4a:04:39:15,ch=6
ftm_report,A2,8,8,1.200
[1;31mE (137965) TAG: esp_wifi_ftm_get_report() rc=ESP_FAIL (-1), entries=7[0m
csi_data,A2,[0,0,-15,2,-15,2,-15,2,-15,2,-14,2,-14,2,-13,3,-13,3,-12,4,-12,4,-12,4,-12,4,-12,4,-12,5,-12,5,-12,5,-12,5,-12,5,-13,5,-12,4,-12,3,-12,3,-12,2,-12,1,-12,1,-11,0,0,0,0,0,0,0,0,0,0,0,0,0,0,0,0,0,0,0,0,0,0,0,-12,2,-12,2,-12,1,-12,0,-13,0,-13,0,-14,-1,-14,-1,-14,-2,-14,-2,-14,-2,-14,-2,-13,-2,-13,-2,-13,-2,-13,-1,-13,-1,-14,0,-13,0,-14,1,-14,1,-14,1,-15,2,-15,1,-15,1,-15,2]
[0;32mI (138855) TAG: FTM status=0, entries=7[0m
anchor,A2,24:ec:4a:04:39:15,ch=6
ftm_report,A2,6,6,0.900
[1;31mE (138855) TAG: esp_wifi_ftm_get_report() rc=ESP_FAIL (-1), entries=7[0m
csi_data,A2,[0,0,8,12,8,12,8,12,8,11,8,11,8,11,8,10,8,10,8,9,8,9,8,8,9,8,9,8,10,8,9,7,10,8,10,8,9,8,9,8,8,9,8,9,7,9,7,9,6,9,5,9,5,9,0,0,0,0,0,0,0,0,0,0,0,0,0,0,0,0,0,0,0,0,0,0,7,8,7,9,7,10,6,10,6,11,6,11,5,12,5,12,4,12,4,13,4,12,4,12,4,12,4,12,4,12,4,11,5,11,6,11,6,12,7,11,7,11,7,12,8,11,8,12,8,12,8,12]
[0;32mI (139745) TAG: FTM status=0, entries=7[0m
anchor,A2,24:ec:4a:04:39:15,ch=6
ftm_report,A2,8,8,1.200
[1;31mE (139745) TAG: esp_wifi_ftm_get_report() rc=ESP_FAIL (-1), entries=7[0m
[0;32mI (140635) TAG: FTM status=0, entries=7[0m
anchor,A2,24:ec:4a:04:39:15,ch=6
ftm_report,A2,7,7,1.050
[1;31mE (140635) TAG: esp_wifi_ftm_get_report() rc=ESP_FAIL (-1), entries=7[0m
[0;32mI (141525) TAG: FTM status=0, entries=7[0m
anchor,A2,24:ec:4a:04:39:15,ch=6
ftm_report,A2,5,5,0.750
[1;31mE (141525) TAG: esp_wifi_ftm_get_report() rc=ESP_FAIL (-1), entries=7[0m
csi_data,A2,[0,0,14,0,14,0,14,0,14,-1,13,-1,13,-1,13,-1,12,-1,12,-2,12,-3,12,-3,12,-3,11,-4,11,-4,12,-4,12,-5,12,-4,12,-4,12,-4,12,-3,12,-2,11,-2,11,-1,11,-1,10,0,10,0,0,0,0,0,0,0,0,0,0,0,0,0,0,0,0,0,0,0,0,0,0,0,11,-1,11,-1,12,0,12,1,12,1,12,2,13,3,12,3,13,3,12,4,12,3,12,4,12,4,12,4,12,3,12,2,12,2,12,2,13,1,13,1,13,1,13,0,14,0,14,0,14,0,15,0]
[0;32mI (142435) TAG: FTM status=0, entries=7[0m
anchor,A2,24:ec:4a:04:39:15,ch=6
ftm_report,A2,6,6,0.900
[1;31mE (142435) TAG: esp_wifi_ftm_get_report() rc=ESP_FAIL (-1), entries=7[0m
[0;32mI (143325) TAG: FTM status=0, entries=7[0m
anchor,A2,24:ec:4a:04:39:15,ch=6
ftm_report,A2,8,8,1.200
[1;31mE (143325) TAG: esp_wifi_ftm_get_report() rc=ESP_FAIL (-1), entries=7[0m
csi_data,A2,[0,0,-9,-12,-10,-13,-9,-12,-9,-12,-9,-11,-9,-11,-10,-11,-10,-10,-10,-9,-10,-9,-10,-9,-10,-8,-10,-8,-11,-8,-11,-8,-11,-8,-11,-9,-11,-8,-11,-9,-10,-9,-10,-9,-9,-9,-9,-10,-8,-10,-7,-9,-6,-9,0,0,0,0,0,0,0,0,0,0,0,0,0,0,0,0,0,0,0,0,0,0,-8,-9,-7,-10,-7,-11,-7,-11,-7,-12,-6,-12,-6,-12,-5,-13,-5,-13,-5,-14,-4,-13,-4,-13,-4,-13,-5,-13,-5,-12,-6,-12,-6,-12,-7,-12,-7,-12,-8,-12,-8,-12,-9,-12,-9,-12,-9,-13,-9,-13,-9,-13]
[0;32mI (144215) TAG: FTM status=0, entries=7[0m
anchor,A2,24:ec:4a:04:39:15,ch=6
ftm_report,A2,8,8,1.200
[1;31mE (144215) TAG: esp_wifi_ftm_get_report() rc=ESP_FAIL (-1), entries=7[0m
csi_data,A2,[0,0,-8,13,-7,13,-7,13,-7,13,-7,12,-6,12,-6,12,-5,12,-5,12,-4,12,-4,12,-4,12,-3,12,-3,12,-3,13,-3,12,-3,13,-4,12,-4,13,-4,12,-5,12,-5,11,-5,11,-6,10,-6,9,-7,9,0,0,0,0,0,0,0,0,0,0,0,0,0,0,0,0,0,0,0,0,0,0,-5,10,-5,10,-6,10,-7,10,-7,10,-8,10,-9,10,-9,10,-9,10,-10,10,-10,9,-10,9,-10,9,-9,9,-9,9,-9,10,-8,10,-8,10,-8,10,-7,11,-7,12,-7,12,-7,13,-7,13,-8,13,-8,13]
[0;32mI (145105) TAG: FTM status=0, entries=7[0m
anchor,A2,24:ec:4a:04:39:15,ch=6
ftm_report,A2,11,11,1.650
[1;31mE (145105) TAG: esp_wifi_ftm_get_report() rc=ESP_FAIL (-1), entries=7[0m
csi_data,A2,[0,0,6,13,6,13,6,12,6,13,6,12,6,12,6,11,6,11,6,10,7,10,7,9,8,9,8,9,8,9,8,8,8,8,8,9,8,9,8,9,7,10,6,10,6,10,5,10,5,10,4,9,3,9,0,0,0,0,0,0,0,0,0,0,0,0,0,0,0,0,0,0,0,0,0,0,5,9,5,10,5,11,4,11,4,12,3,12,3,13,2,13,2,13,1,13,1,13,1,13,1,13,2,12,2,12,2,12,3,12,3,12,4,12,4,12,4,12,5,12,5,13,6,13,6,13,6,13]
[0;32mI (145995) TAG: FTM status=0, entries=7[0m
anchor,A2,24:ec:4a:04:39:15,ch=6
ftm_report,A2,7,7,1.050
[1;31mE (145995) TAG: esp_wifi_ftm_get_report() rc=ESP_FAIL (-1), entries=7[0m
csi_data,A2,[0,0,4,-15,3,-15,3,-15,3,-14,3,-14,2,-14,2,-13,1,-13,1,-13,0,-13,0,-13,-1,-13,-1,-13,-2,-14,-1,-13,-1,-14,-1,-13,-1,-14,-1,-14,0,-13,0,-13,1,-13,1,-12,2,-12,2,-11,3,-11,0,0,0,0,0,0,0,0,0,0,0,0,0,0,0,0,0,0,0,0,0,0,2,-11,3,-12,3,-12,4,-12,5,-12,6,-12,6,-12,7,-12,7,-12,7,-11,7,-11,7,-11,7,-11,6,-11,6,-12,6,-11,6,-12,5,-12,5,-13,4,-13,4,-13,4,-14,4,-14,3,-15,3,-15,4,-15]
[0;32mI (146885) TAG: FTM status=0, entries=7[0m
anchor,A2,24:ec:4a:04:39:15,ch=6
ftm_report,A2,6,6,0.900
[1;31mE (146885) TAG: esp_wifi_ftm_get_report() rc=ESP_FAIL (-1), entries=7[0m
csi_data,A2,[0,0,0,15,0,14,0,14,0,14,1,13,1,13,2,13,2,12,2,12,3,12,3,12,3,11,3,11,4,11,4,11,4,11,4,12,4,12,3,12,3,12,2,12,2,12,1,11,0,11,0,11,-1,10,0,0,0,0,0,0,0,0,0,0,0,0,0,0,0,0,0,0,0,0,0,0,1,11,0,11,0,11,-1,12,-1,12,-2,12,-2,13,-3,12,-3,13,-4,13,-4,12,-4,12,-4,12,-4,12,-3,12,-3,12,-2,12,-2,12,-1,13,-1,13,0,13,0,14,0,14,0,14,0,15,0,14]
[0;32mI (147775) TAG: FTM status=0, entries=7[0m
anchor,A2,24:ec:4a:04:39:15,ch=6
ftm_report,A2,10,10,1.500
[1;31mE (147775) TAG: esp_wifi_ftm_get_report() rc=ESP_FAIL (-1), entries=7[0m
csi_data,A2,[0,0,10,-12,10,-11,9,-11,10,-11,9,-11,9,-11,8,-11,7,-11,7,-11,7,-11,6,-12,6,-11,5,-12,5,-12,5,-12,5,-12,5,-12,6,-12,6,-12,7,-12,7,-11,7,-10,7,-10,7,-9,8,-8,8,-8,0,0,0,0,0,0,0,0,0,0,0,0,0,0,0,0,0,0,0,0,0,0,7,-10,8,-10,8,-9,9,-9,9,-9,11,-9,11,-8,11,-8,12,-8,11,-7,12,-7,12,-7,11,-7,11,-7,11,-7,11,-8,10,-8,10,-9,10,-9,10,-10,10,-10,10,-11,10,-11,10,-11,10,-11,11,-11]
[0;32mI (148665) TAG: FTM status=0, entries=7[0m
anchor,A2,24:ec:4a:04:39:15,ch=6
ftm_report,A2,6,6,0.900
[1;31mE (148665) TAG: esp_wifi_ftm_get_report() rc=ESP_FAIL (-1), entries=7[0m
[0;32mI (149555) TAG: FTM status=0, entries=7[0m
anchor,A2,24:ec:4a:04:39:15,ch=6
ftm_report,A2,6,6,0.900
[1;31mE (149555) TAG: esp_wifi_ftm_get_report() rc=ESP_FAIL (-1), entries=7[0m
csi_data,A2,[0,0,15,-4,14,-4,14,-4,14,-4,13,-4,13,-5,12,-5,12,-5,11,-6,11,-6,11,-7,11,-7,10,-7,11,-7,11,-8,11,-8,11,-7,11,-7,11,-7,11,-6,11,-6,11,-5,11,-5,11,-4,10,-4,10,-3,0,0,0,0,0,0,0,0,0,0,0,0,0,0,0,0,0,0,0,0,0,0,11,-4,11,-3,12,-2,12,-2,12,-2,13,-1,13,-1,13,0,14,0,13,1,13,1,13,1,13,1,13,1,13,0,13,-1,13,-1,13,-2,13,-2,13,-2,13,-2,14,-3,14,-4,14,-4,15,-4,15,-4]
[0;32mI (150445) TAG: FTM status=0, entries=7[0m
anchor,A2,24:ec:4a:04:39:15,ch=6
ftm_report,A2,7,7,1.050
[1;31mE (150445) TAG: esp_wifi_ftm_get_report() rc=ESP_FAIL (-1), entries=7[0m
[0;32mI (151335) TAG: FTM status=0, entries=7[0m
anchor,A2,24:ec:4a:04:39:15,ch=6
ftm_report,A2,6,6,0.900
[1;31mE (151335) TAG: esp_wifi_ftm_get_report() rc=ESP_FAIL (-1), entries=7[0m
csi_data,A2,[0,0,-11,11,-11,11,-10,10,-10,10,-9,10,-9,10,-9,10,-8,10,-8,10,-7,10,-7,10,-6,11,-6,11,-6,11,-6,11,-6,11,-6,11,-6,11,-7,11,-7,11,-7,10,-7,10,-8,9,-8,8,-8,8,-8,7,0,0,0,0,0,0,0,0,0,0,0,0,0,0,0,0,0,0,0,0,0,0,-8,8,-8,8,-9,8,-10,7,-10,8,-11,7,-12,7,-12,7,-12,6,-12,6,-12,6,-12,6,-12,6,-12,6,-11,6,-11,7,-11,7,-11,8,-10,8,-10,8,-10,9,-10,9,-11,10,-10,10,-11,11,-11,11]
[0;32mI (152225) TAG: FTM status=0, entries=7[0m
anchor,A2,24:ec:4a:04:39:15,ch=6
ftm_report,A2,6,6,0.900
[1;31mE (152225) TAG: esp_wifi_ftm_get_report() rc=ESP_FAIL (-1), entries=7[0m
csi_data,A2,[0,0,14,4,14,4,13,4,13,3,13,3,13,3,13,3,12,2,12,1,12,1,12,1,12,1,12,0,12,0,12,-1,12,-1,12,0,13,0,13,0,12,1,12,1,12,2,11,3,11,3,10,3,9,4,0,0,0,0,0,0,0,0,0,0,0,0,0,0,0,0,0,0,0,0,0,0,11,2,11,2,11,3,11,4,11,5,11,5,11,6,11,6,11,6,10,7,10,7,10,7,10,7,10,7,10,6,10,6,11,5,11,5,12,5,12,4,12,4,13,4,13,4,14,4,14,5,14,4]
[0;32mI (153125) TAG: FTM status=0, entries=7[0m
anchor,A2,24:ec:4a:04:39:15,ch=6
ftm_report,A2,11,11,1.650
[1;31mE (153125) TAG: esp_wifi_ftm_get_report() rc=ESP_FAIL (-1), entries=7[0m
csi_data,A2,[0,0,-14,7,-14,6,-13,6,-13,6,-12,6,-12,6,-12,6,-11,6,-11,7,-10,7,-10,8,-9,8,-9,8,-9,9,-9,9,-10,9,-9,8,-10,8,-10,8,-10,7,-11,7,-10,6,-10,6,-10,5,-10,5,-10,4,0,0,0,0,0,0,0,0,0,0,0,0,0,0,0,0,0,0,0,0,0,0,-10,6,-11,6,-11,5,-12,5,-12,4,-13,4,-13,3,-14,3,-14,3,-14,2,-14,2,-13,2,-13,2,-13,2,-13,2,-13,3,-13,4,-12,4,-13,4,-13,5,-13,5,-13,5,-13,6,-13,7,-13,7,-14,7]
[0;32mI (154025) TAG: FTM status=0, entries=7[0m
anchor,A2,24:ec:4a:04:39:15,ch=6
ftm_report,A2,11,11,1.650
[1;31mE (154025) TAG: esp_wifi_ftm_get_report() rc=ESP_FAIL (-1), entries=7[0m
csi_data,A2,[0,0,-16,3,-16,2,-15,2,-15,3,-14,3,-14,3,-14,3,-13,4,-13,4,-13,4,-13,5,-12,5,-12,5,-12,5,-12,6,-12,6,-12,6,-12,6,-13,5,-13,5,-13,4,-12,3,-12,3,-12,2,-12,2,-12,1,0,0,0,0,0,0,0,0,0,0,0,0,0,0,0,0,0,0,0,0,0,0,-12,3,-12,2,-13,2,-13,1,-14,1,-14,0,-15,-1,-15,-1,-15,-1,-14,-2,-15,-2,-14,-2,-14,-2,-14,-2,-14,-1,-14,-1,-14,0,-14,0,-14,0,-14,1,-14,1,-15,2,-15,2,-16,2,-15,2,-16,3]
[0;32mI (154915) TAG: FTM status=0, entries=7[0m
anchor,A2,24:ec:4a:04:39:15,ch=6
ftm_report,A2,6,6,0.900
[1;31mE (154915) TAG: esp_wifi_ftm_get_report() rc=ESP_FAIL (-1), entries=7[0m
csi_data,A2,[0,0,13,7,13,7,12,7,12,6,12,6,12,6,12,5,12,4,11,4,12,3,11,3,12,3,12,2,12,2,12,2,12,2,12,2,12,3,12,3,12,3,11,4,11,4,10,5,10,5,9,5,8,5,0,0,0,0,0,0,0,0,0,0,0,0,0,0,0,0,0,0,0,0,0,0,10,4,10,5,10,6,10,6,10,7,10,8,9,8,9,8,9,9,9,10,8,9,8,9,8,9,8,9,9,8,9,8,9,8,10,7,10,7,11,7,11,7,12,7,12,7,12,7,12,7,13,7]
[0;32mI (155805) TAG: FTM status=0, entries=7[0m
anchor,A2,24:ec:4a:04:39:15,ch=6
ftm_report,A2,6,6,0.900
[1;31mE (155805) TAG: esp_wifi_ftm_get_report() rc=ESP_FAIL (-1), entries=7[0m
[0;32mI (156695) TAG: FTM status=0, entries=7[0m
anchor,A2,24:ec:4a:04:39:15,ch=6
ftm_report,A2,6,6,0.900
[1;31mE (156695) TAG: esp_wifi_ftm_get_report() rc=ESP_FAIL (-1), entries=7[0m
[0;32mI (157585) TAG: FTM status=0, entries=7[0m
anchor,A2,24:ec:4a:04:39:15,ch=6
ftm_report,A2,12,12,1.800
[1;31mE (157585) TAG: esp_wifi_ftm_get_report() rc=ESP_FAIL (-1), entries=7[0m
[0;32mI (158475) TAG: FTM status=0, entries=7[0m
anchor,A2,24:ec:4a:04:39:15,ch=6
ftm_report,A2,8,8,1.200
[1;31mE (158475) TAG: esp_wifi_ftm_get_report() rc=ESP_FAIL (-1), entries=7[0m
[0;32mI (159365) TAG: FTM status=0, entries=7[0m
anchor,A2,24:ec:4a:04:39:15,ch=6
ftm_report,A2,6,6,0.900
[1;31mE (159365) TAG: esp_wifi_ftm_get_report() rc=ESP_FAIL (-1), entries=7[0m
[0;32mI (160255) TAG: FTM status=0, entries=7[0m
anchor,A2,24:ec:4a:04:39:15,ch=6
ftm_report,A2,6,6,0.900
[1;31mE (160255) TAG: esp_wifi_ftm_get_report() rc=ESP_FAIL (-1), entries=7[0m
csi_data,A2,[0,0,-14,5,-14,5,-14,5,-13,5,-13,5,-13,5,-12,5,-12,5,-11,6,-11,6,-11,7,-10,6,-10,7,-10,7,-10,8,-10,8,-10,7,-11,7,-11,7,-11,6,-11,6,-11,5,-11,4,-11,4,-11,4,-10,3,0,0,0,0,0,0,0,0,0,0,0,0,0,0,0,0,0,0,0,0,0,0,-10,4,-11,4,-12,3,-12,3,-13,3,-13,2,-14,2,-14,1,-14,1,-14,0,-14,1,-14,0,-13,0,-13,1,-13,1,-13,1,-13,2,-13,2,-13,3,-13,3,-13,4,-13,4,-14,5,-14,5,-14,5,-14,5]
[0;32mI (161145) TAG: FTM status=0, entries=7[0m
anchor,A2,24:ec:4a:04:39:15,ch=6
ftm_report,A2,8,8,1.200
[1;31mE (161145) TAG: esp_wifi_ftm_get_report() rc=ESP_FAIL (-1), entries=7[0m
csi_data,A2,[0,0,11,-10,11,-10,10,-10,10,-10,10,-10,9,-10,9,-10,8,-10,8,-10,7,-11,7,-11,6,-11,6,-11,6,-11,6,-12,6,-12,6,-11,7,-12,7,-11,7,-11,7,-10,8,-10,8,-9,8,-9,8,-8,8,-7,0,0,0,0,0,0,0,0,0,0,0,0,0,0,0,0,0,0,0,0,0,0,8,-8,8,-8,9,-8,9,-7,10,-7,11,-7,12,-7,12,-6,12,-6,12,-6,12,-6,12,-6,11,-6,11,-6,11,-6,11,-6,11,-7,11,-7,10,-8,10,-8,11,-8,11,-9,11,-10,10,-10,11,-10,11,-10]
[0;32mI (162035) TAG: FTM status=0, entries=7[0m
anchor,A2,24:ec:4a:04:39:15,ch=6
ftm_report,A2,8,8,1.200
[1;31mE (162035) TAG: esp_wifi_ftm_get_report() rc=ESP_FAIL (-1), entries=7[0m
csi_data,A2,[0,0,-2,-15,-2,-15,-2,-15,-2,-15,-2,-14,-3,-14,-3,-14,-3,-13,-3,-13,-4,-12,-4,-12,-5,-12,-5,-12,-6,-12,-5,-12,-5,-12,-6,-12,-5,-12,-5,-13,-4,-13,-4,-13,-3,-12,-3,-12,-2,-12,-1,-11,-1,-11,0,0,0,0,0,0,0,0,0,0,0,0,0,0,0,0,0,0,0,0,0,0,-3,-12,-2,-12,-2,-13,-1,-13,-1,-13,0,-14,1,-14,1,-14,2,-14,2,-14,2,-13,2,-13,2,-13,2,-13,1,-13,1,-13,1,-13,0,-13,0,-14,-1,-14,-1,-14,-1,-15,-1,-15,-2,-15,-2,-16,-2,-15]
[0;32mI (162925) TAG: FTM status=0, entries=7[0m
anchor,A2,24:ec:4a:04:39:15,ch=6
ftm_report,A2,10,10,1.500
[1;31mE (162925) TAG: esp_wifi_ftm_get_report() rc=ESP_FAIL (-1), entries=7[0m
csi_data,A2,[0,0,14,-4,14,-4,14,-3,14,-4,13,-4,13,-4,12,-4,12,-5,11,-5,11,-6,11,-6,10,-6,10,-6,10,-7,11,-7,11,-7,11,-7,11,-7,11,-7,11,-6,11,-5,11,-4,11,-4,11,-4,10,-3,10,-2,0,0,0,0,0,0,0,0,0,0,0,0,0,0,0,0,0,0,0,0,0,0,10,-4,11,-3,11,-2,11,-2,12,-2,13,-1,13,0,13,0,13,0,13,1,13,1,13,1,12,1,12,1,12,0,12,0,12,-1,13,-1,13,-2,13,-2,13,-2,13,-3,14,-4,14,-3,14,-3,15,-4]
[0;32mI (163815) TAG: FTM status=0, entries=7[0m
anchor,A2,24:ec:4a:04:39:15,ch=6
ftm_report,A2,7,7,1.050
[1;31mE (163815) TAG: esp_wifi_ftm_get_report() rc=ESP_FAIL (-1), entries=7[0m
[0;32mI (164705) TAG: FTM status=0, entries=7[0m
anchor,A2,24:ec:4a:04:39:15,ch=6
ftm_report,A2,5,5,0.750
[1;31mE (164705) TAG: esp_wifi_ftm_get_report() rc=ESP_FAIL (-1), entries=7[0m
[0;32mI (165595) TAG: FTM status=0, entries=7[0m
anchor,A2,24:ec:4a:04:39:15,ch=6
ftm_report,A2,10,10,1.500
[1;31mE (165595) TAG: esp_wifi_ftm_get_report() rc=ESP_FAIL (-1), entries=7[0m
[0;32mI (166485) TAG: FTM status=0, entries=7[0m
anchor,A2,24:ec:4a:04:39:15,ch=6
ftm_report,A2,8,8,1.200
[1;31mE (166485) TAG: esp_wifi_ftm_get_report() rc=ESP_FAIL (-1), entries=7[0m
csi_data,A2,[0,0,1,-15,1,-15,1,-15,1,-15,0,-15,0,-14,0,-14,-1,-13,-1,-13,-2,-13,-2,-13,-3,-13,-3,-13,-3,-13,-3,-13,-3,-13,-3,-13,-3,-13,-2,-13,-2,-13,-1,-13,-1,-13,0,-12,0,-12,1,-11,1,-11,0,0,0,0,0,0,0,0,0,0,0,0,0,0,0,0,0,0,0,0,0,0,0,-12,1,-12,1,-12,2,-13,2,-13,4,-13,4,-13,5,-13,5,-13,5,-13,5,-13,5,-12,5,-12,5,-12,4,-12,4,-13,4,-13,3,-13,3,-13,2,-14,2,-14,2,-15,2,-15,1,-15,1,-15,2,-15]
[0;32mI (167385) TAG: FTM status=0, entries=5[0m
anchor,A2,24:ec:4a:04:39:15,ch=6
ftm_report,A2,5,5,0.750
[1;31mE (167395) TAG: esp_wifi_ftm_get_report() rc=ESP_FAIL (-1), entries=5[0m
csi_data,A2,[0,0,-14,6,-14,6,-13,6,-13,6,-13,6,-12,6,-12,6,-11,6,-11,7,-11,7,-10,7,-10,7,-10,7,-10,8,-10,8,-10,8,-10,8,-10,8,-11,8,-11,7,-11,7,-11,6,-11,5,-11,4,-11,4,-11,3,0,0,0,0,0,0,0,0,0,0,0,0,0,0,0,0,0,0,0,0,0,0,-10,6,-11,6,-11,5,-12,4,-13,4,-13,4,-14,3,-14,3,-14,2,-14,2,-14,2,-14,2,-13,2,-13,2,-13,2,-13,3,-13,3,-13,4,-13,4,-13,4,-13,5,-13,5,-14,6,-13,6,-14,6,-14,6]
[0;32mI (168285) TAG: FTM status=0, entries=7[0m
anchor,A2,24:ec:4a:04:39:15,ch=6
ftm_report,A2,6,6,0.900
[1;31mE (168285) TAG: esp_wifi_ftm_get_report() rc=ESP_FAIL (-1), entries=7[0m
csi_data,A2,[0,0,14,4,14,4,13,4,13,3,13,3,13,3,12,2,12,2,12,1,12,1,12,0,12,0,12,0,12,-1,12,-1,12,-1,13,0,12,-1,13,0,12,0,12,1,12,1,11,2,11,3,10,3,10,3,0,0,0,0,0,0,0,0,0,0,0,0,0,0,0,0,0,0,0,0,0,0,10,2,10,2,11,3,11,4,11,5,11,5,11,6,11,6,11,6,11,7,10,7,10,7,10,7,10,7,10,6,11,6,11,5,11,5,11,5,12,4,12,4,13,4,13,4,13,4,14,4,14,4]
[0;32mI (169175) TAG: FTM status=0, entries=7[0m
anchor,A2,24:ec:4a:04:39:15,ch=6
ftm_report,A2,8,8,1.200
[1;31mE (169175) TAG: esp_wifi_ftm_get_report() rc=ESP_FAIL (-1), entries=7[0m
csi_data,A2,[0,0,-15,4,-15,4,-15,4,-14,4,-14,4,-13,4,-13,4,-12,5,-12,5,-12,6,-12,6,-11,6,-11,6,-11,6,-11,7,-11,7,-11,7,-11,7,-12,6,-12,6,-12,6,-12,5,-11,4,-11,3,-11,3,-11,2,0,0,0,0,0,0,0,0,0,0,0,0,0,0,0,0,0,0,0,0,0,0,-11,3,-12,3,-12,2,-12,2,-13,1,-14,1,-14,1,-14,0,-14,0,-14,-1,-14,-1,-14,-1,-13,-1,-13,-1,-13,0,-13,0,-13,1,-13,1,-14,2,-14,2,-14,3,-14,3,-14,4,-15,3,-15,3,-15,4]
[0;32mI (170065) TAG: FTM status=0, entries=7[0m
anchor,A2,24:ec:4a:04:39:15,ch=6
ftm_report,A2,6,6,0.900
[1;31mE (170065) TAG: esp_wifi_ftm_get_report() rc=ESP_FAIL (-1), entries=7[0m
csi_data,A2,[0,0,3,-15,2,-15,2,-15,2,-15,2,-14,1,-14,1,-14,0,-13,0,-13,0,-13,-1,-13,-1,-13,-2,-13,-2,-13,-2,-13,-2,-13,-2,-13,-1,-13,-1,-13,-1,-13,0,-13,0,-13,1,-12,1,-12,2,-11,2,-11,0,0,0,0,0,0,0,0,0,0,0,0,0,0,0,0,0,0,0,0,0,0,1,-11,1,-12,2,-12,3,-12,3,-12,4,-13,5,-13,5,-12,5,-12,6,-12,6,-12,6,-12,6,-12,5,-12,5,-12,5,-12,4,-12,4,-12,3,-13,3,-14,3,-14,3,-14,2,-14,2,-15,2,-15,3,-15]
[0;32mI (170955) TAG: FTM status=0, entries=7[0m
anchor,A2,24:ec:4a:04:39:15,ch=6
ftm_report,A2,6,6,0.900
[1;31mE (170955) TAG: esp_wifi_ftm_get_report() rc=ESP_FAIL (-1), entries=7[0m
csi_data,A2,[0,0,-14,-5,-14,-6,-14,-6,-14,-5,-14,-5,-13,-5,-13,-4,-13,-4,-13,-3,-13,-2,-13,-2,-13,-2,-13,-1,-13,-1,-13,-1,-13,-1,-13,-1,-13,-1,-13,-2,-13,-2,-13,-3,-12,-3,-12,-4,-11,-4,-11,-4,-10,-5,0,0,0,0,0,0,0,0,0,0,0,0,0,0,0,0,0,0,0,0,0,0,-11,-4,-11,-4,-12,-6,-12,-6,-12,-6,-12,-7,-12,-8,-11,-8,-11,-8,-11,-9,-11,-9,-11,-8,-11,-9,-11,-8,-11,-8,-11,-7,-11,-7,-12,-7,-12,-7,-13,-6,-13,-6,-13,-6,-14,-6,-14,-6,-14,-6,-15,-6]
[0;32mI (171845) TAG: FTM status=0, entries=7[0m
anchor,A2,24:ec:4a:04:39:15,ch=6
ftm_report,A2,8,8,1.200
[1;31mE (171845) TAG: esp_wifi_ftm_get_report() rc=ESP_FAIL (-1), entries=7[0m
csi_data,A2,[0,0,12,-9,11,-9,11,-9,11,-9,11,-9,10,-9,9,-9,9,-9,8,-10,8,-10,8,-10,7,-10,7,-10,7,-11,7,-11,7,-11,7,-11,8,-11,8,-11,8,-11,8,-10,8,-9,8,-8,9,-8,8,-7,9,-7,0,0,0,0,0,0,0,0,0,0,0,0,0,0,0,0,0,0,0,0,0,0,8,-8,9,-7,9,-7,10,-6,11,-6,11,-6,12,-6,12,-6,12,-5,12,-4,12,-4,12,-4,12,-4,12,-4,11,-5,12,-5,11,-6,11,-7,11,-7,11,-8,11,-8,11,-8,11,-9,12,-9,12,-9,12,-9]
[0;32mI (172735) TAG: FTM status=0, entries=7[0m
anchor,A2,24:ec:4a:04:39:15,ch=6
ftm_report,A2,10,10,1.500
[1;31mE (172735) TAG: esp_wifi_ftm_get_report() rc=ESP_FAIL (-1), entries=7[0m
[0;32mI (173635) TAG: FTM status=0, entries=7[0m
anchor,A2,24:ec:4a:04:39:15,ch=6
ftm_report,A2,10,10,1.500
[1;31mE (173635) TAG: esp_wifi_ftm_get_report() rc=ESP_FAIL (-1), entries=7[0m
[0;32mI (174525) TAG: FTM status=0, entries=7[0m
anchor,A2,24:ec:4a:04:39:15,ch=6
ftm_report,A2,6,6,0.900
[1;31mE (174525) TAG: esp_wifi_ftm_get_report() rc=ESP_FAIL (-1), entries=7[0m
[0;32mI (175415) TAG: FTM status=0, entries=7[0m
anchor,A2,24:ec:4a:04:39:15,ch=6
ftm_report,A2,10,10,1.500
[1;31mE (175415) TAG: esp_wifi_ftm_get_report() rc=ESP_FAIL (-1), entries=7[0m
csi_data,A2,[0,0,-15,5,-14,5,-14,5,-14,5,-13,5,-13,5,-13,5,-12,5,-12,6,-11,6,-11,7,-10,7,-10,7,-10,7,-10,8,-10,8,-11,7,-11,8,-11,7,-11,6,-11,6,-11,5,-11,5,-11,4,-11,4,-11,3,0,0,0,0,0,0,0,0,0,0,0,0,0,0,0,0,0,0,0,0,0,0,-11,5,-11,4,-12,4,-12,3,-13,3,-13,3,-14,2,-14,1,-14,1,-14,0,-14,1,-14,1,-13,1,-13,1,-13,1,-13,1,-13,2,-13,3,-13,3,-13,3,-14,4,-14,4,-14,5,-14,5,-14,5,-15,5]
[0;32mI (176305) TAG: FTM status=0, entries=7[0m
anchor,A2,24:ec:4a:04:39:15,ch=6
ftm_report,A2,6,6,0.900
[1;31mE (176305) TAG: esp_wifi_ftm_get_report() rc=ESP_FAIL (-1), entries=7[0m
csi_data,A2,[0,0,-11,11,-11,10,-10,10,-10,10,-10,10,-9,10,-8,10,-8,10,-8,10,-7,10,-7,10,-6,10,-6,11,-6,11,-6,11,-6,11,-6,11,-7,11,-7,11,-7,11,-8,10,-8,9,-8,9,-8,8,-8,8,-9,7,0,0,0,0,0,0,0,0,0,0,0,0,0,0,0,0,0,0,0,0,0,0,-7,9,-8,9,-8,8,-9,8,-10,8,-11,8,-11,7,-12,7,-12,7,-12,7,-12,6,-12,6,-11,6,-11,6,-11,7,-11,7,-11,7,-10,8,-10,8,-10,9,-10,9,-10,10,-10,10,-10,10,-10,10,-11,11]
[0;32mI (177195) TAG: FTM status=0, entries=7[0m
anchor,A2,24:ec:4a:04:39:15,ch=6
ftm_report,A2,8,8,1.200
[1;31mE (177195) TAG: esp_wifi_ftm_get_report() rc=ESP_FAIL (-1), entries=7[0m
csi_data,A2,[0,0,-6,-14,-7,-14,-7,-14,-6,-13,-6,-13,-7,-12,-7,-12,-7,-11,-7,-11,-8,-11,-8,-10,-8,-10,-9,-10,-9,-10,-8,-10,-9,-10,-9,-10,-9,-10,-8,-11,-8,-11,-8,-11,-7,-11,-6,-10,-6,-11,-5,-10,-4,-10,0,0,0,0,0,0,0,0,0,0,0,0,0,0,0,0,0,0,0,0,0,0,-6,-11,-5,-11,-5,-12,-4,-12,-4,-13,-3,-13,-3,-13,-2,-14,-2,-14,-2,-14,-2,-14,-2,-13,-2,-14,-2,-13,-2,-13,-2,-13,-3,-13,-4,-13,-4,-13,-5,-14,-5,-13,-6,-14,-6,-13,-6,-14,-7,-14,-6,-14]
[0;32mI (178085) TAG: FTM status=0, entries=7[0m
anchor,A2,24:ec:4a:04:39:15,ch=6
ftm_report,A2,8,8,1.200
[1;31mE (178085) TAG: esp_wifi_ftm_get_report() rc=ESP_FAIL (-1), entries=7[0m
csi_data,A2,[0,0,-2,-15,-2,-15,-2,-15,-2,-15,-2,-14,-2,-14,-3,-14,-3,-13,-3,-13,-4,-13,-4,-12,-5,-12,-5,-12,-5,-12,-5,-12,-5,-12,-6,-13,-5,-13,-4,-13,-4,-13,-3,-12,-3,-12,-2,-12,-2,-12,-1,-11,-1,-11,0,0,0,0,0,0,0,0,0,0,0,0,0,0,0,0,0,0,0,0,0,0,-3,-12,-2,-12,-2,-13,-1,-13,-1,-14,0,-13,1,-14,2,-14,2,-14,2,-14,2,-14,2,-13,2,-14,2,-13,1,-13,1,-13,1,-13,0,-13,0,-14,-1,-14,-1,-14,-1,-15,-1,-15,-2,-15,-2,-15,-2,-15]
[0;32mI (178975) TAG: FTM status=0, entries=7[0m
anchor,A2,24:ec:4a:04:39:15,ch=6
ftm_report,A2,6,6,0.900
[1;31mE (178975) TAG: esp_wifi_ftm_get_report() rc=ESP_FAIL (-1), entries=7[0m
csi_data,A2,[0,0,-15,-5,-15,-5,-14,-5,-14,-4,-14,-4,-14,-4,-13,-3,-13,-3,-13,-2,-13,-2,-13,-1,-13,-1,-13,-1,-13,0,-13,0,-13,0,-14,-1,-13,-1,-13,-1,-13,-1,-13,-2,-12,-2,-12,-3,-12,-3,-11,-4,-10,-4,0,0,0,0,0,0,0,0,0,0,0,0,0,0,0,0,0,0,0,0,0,0,-12,-3,-12,-3,-12,-5,-12,-5,-12,-6,-12,-6,-12,-7,-12,-7,-12,-8,-11,-9,-11,-8,-11,-8,-11,-8,-11,-8,-11,-7,-12,-7,-12,-6,-12,-6,-12,-6,-13,-6,-13,-6,-14,-5,-14,-5,-15,-5,-15,-5,-15,-5]
[0;32mI (179865) TAG: FTM status=0, entries=7[0m
anchor,A2,24:ec:4a:04:39:15,ch=6
ftm_report,A2,6,6,0.900
[1;31mE (179865) TAG: esp_wifi_ftm_get_report() rc=ESP_FAIL (-1), entries=7[0m
csi_data,A2,[0,0,-1,15,0,14,0,14,0,14,0,13,0,13,1,13,1,12,1,12,2,12,3,12,3,11,4,11,4,12,3,11,4,12,4,12,3,12,3,12,2,12,2,12,1,12,1,11,0,11,0,10,-1,10,0,0,0,0,0,0,0,0,0,0,0,0,0,0,0,0,0,0,0,0,0,0,0,11,0,11,-1,11,-1,12,-2,12,-3,13,-4,12,-4,12,-4,12,-4,12,-4,12,-4,12,-4,12,-4,12,-3,12,-3,12,-3,12,-2,12,-2,13,-1,13,-1,13,-1,14,-1,14,0,14,0,15,0,15]
[0;32mI (180755) TAG: FTM status=0, entries=7[0m
anchor,A2,24:ec:4a:04:39:15,ch=6
ftm_report,A2,8,8,1.200
[1;31mE (180755) TAG: esp_wifi_ftm_get_report() rc=ESP_FAIL (-1), entries=7[0m
[0;32mI (181645) TAG: FTM status=0, entries=7[0m
anchor,A2,24:ec:4a:04:39:15,ch=6
ftm_report,A2,6,6,0.900
[1;31mE (181645) TAG: esp_wifi_ftm_get_report() rc=ESP_FAIL (-1), entries=7[0m
[0;32mI (182535) TAG: FTM status=0, entries=7[0m
anchor,A2,24:ec:4a:04:39:15,ch=6
ftm_report,A2,8,8,1.200
[1;31mE (182535) TAG: esp_wifi_ftm_get_report() rc=ESP_FAIL (-1), entries=7[0m
[0;32mI (183425) TAG: FTM status=0, entries=7[0m
anchor,A2,24:ec:4a:04:39:15,ch=6
ftm_report,A2,6,6,0.900
[1;31mE (183425) TAG: esp_wifi_ftm_get_report() rc=ESP_FAIL (-1), entries=7[0m
csi_data,A2,[0,0,-16,0,-16,-1,-15,-1,-15,0,-14,0,-14,0,-14,0,-13,1,-13,2,-13,2,-13,2,-13,2,-13,3,-13,3,-13,4,-12,4,-13,3,-13,4,-13,3,-13,3,-13,2,-12,1,-12,1,-12,0,-11,0,-11,-1,0,0,0,0,0,0,0,0,0,0,0,0,0,0,0,0,0,0,0,0,0,0,-12,0,-12,-1,-13,-2,-13,-2,-13,-3,-13,-3,-14,-4,-13,-5,-14,-5,-13,-6,-13,-5,-13,-5,-13,-6,-12,-5,-13,-5,-13,-4,-13,-3,-13,-3,-13,-3,-14,-2,-14,-2,-15,-2,-15,-1,-15,-1,-16,-1,-16,-1]
[0;32mI (184315) TAG: FTM status=0, entries=7[0m
anchor,A2,24:ec:4a:04:39:15,ch=6
ftm_report,A2,6,6,0.900
[1;31mE (184315) TAG: esp_wifi_ftm_get_report() rc=ESP_FAIL (-1), entries=7[0m
csi_data,A2,[0,0,14,1,14,2,14,2,14,1,13,1,13,0,13,0,12,-1,12,-1,12,-2,12,-2,12,-2,12,-2,12,-3,12,-3,12,-3,12,-3,12,-3,12,-3,12,-2,12,-2,12,-1,11,0,11,1,10,1,10,1,0,0,0,0,0,0,0,0,0,0,0,0,0,0,0,0,0,0,0,0,0,0,11,0,11,1,11,2,12,3,11,3,12,3,12,4,12,4,12,5,11,5,11,5,11,5,11,6,11,5,11,5,11,4,12,4,12,3,12,3,13,2,13,2,13,2,14,2,14,2,14,2,15,2]
[0;32mI (185205) TAG: FTM status=0, entries=7[0m
anchor,A2,24:ec:4a:04:39:15,ch=6
ftm_report,A2,8,8,1.200
[1;31mE (185205) TAG: esp_wifi_ftm_get_report() rc=ESP_FAIL (-1), entries=7[0m
csi_data,A2,[0,0,12,8,12,8,11,8,12,7,12,7,11,6,11,6,11,5,11,5,11,4,11,4,11,4,11,3,12,3,12,3,12,3,12,4,12,3,12,4,11,4,11,5,11,5,10,6,9,6,9,6,8,6,0,0,0,0,0,0,0,0,0,0,0,0,0,0,0,0,0,0,0,0,0,0,9,5,9,5,9,6,9,7,9,8,9,8,9,9,9,9,9,9,8,10,8,10,8,10,8,10,8,9,8,9,8,8,9,8,9,8,10,8,10,8,10,8,11,8,11,7,12,8,12,8,12,8]
[0;32mI (186095) TAG: FTM status=0, entries=7[0m
anchor,A2,24:ec:4a:04:39:15,ch=6
ftm_report,A2,8,8,1.200
[1;31mE (186095) TAG: esp_wifi_ftm_get_report() rc=ESP_FAIL (-1), entries=7[0m
csi_data,A2,[0,0,-12,-9,-13,-9,-12,-9,-12,-9,-12,-8,-12,-8,-12,-7,-12,-7,-12,-6,-12,-6,-12,-5,-12,-5,-12,-5,-13,-5,-13,-4,-13,-4,-13,-5,-13,-5,-13,-5,-12,-5,-12,-6,-11,-6,-11,-7,-10,-7,-9,-7,-9,-7,0,0,0,0,0,0,0,0,0,0,0,0,0,0,0,0,0,0,0,0,0,0,-10,-6,-10,-7,-10,-8,-10,-9,-10,-9,-10,-10,-9,-10,-9,-11,-9,-11,-8,-11,-8,-11,-8,-11,-8,-11,-8,-11,-8,-10,-9,-10,-9,-9,-10,-9,-10,-10,-11,-9,-11,-9,-11,-9,-12,-9,-12,-9,-12,-9,-12,-9]
[0;32mI (186985) TAG: FTM status=0, entries=7[0m
anchor,A2,24:ec:4a:04:39:15,ch=6
ftm_report,A2,8,8,1.200
[1;31mE (186985) TAG: esp_wifi_ftm_get_report() rc=ESP_FAIL (-1), entries=7[0m
csi_data,A2,[0,0,-13,8,-13,7,-13,7,-12,7,-12,7,-11,7,-11,7,-10,8,-10,8,-9,8,-9,9,-9,9,-8,9,-8,9,-9,10,-9,10,-9,9,-9,10,-9,9,-9,8,-10,8,-9,7,-9,7,-10,6,-10,6,-10,5,0,0,0,0,0,0,0,0,0,0,0,0,0,0,0,0,0,0,0,0,0,0,-10,6,-11,6,-11,5,-12,5,-12,4,-13,4,-13,4,-14,3,-14,3,-13,2,-14,3,-13,3,-13,2,-13,3,-13,3,-13,4,-13,4,-12,5,-13,5,-13,5,-13,6,-12,6,-13,7,-13,7,-13,7,-13,8]
[0;32mI (187875) TAG: FTM status=0, entries=7[0m
anchor,A2,24:ec:4a:04:39:15,ch=6
ftm_report,A2,11,11,1.650
[1;31mE (187875) TAG: esp_wifi_ftm_get_report() rc=ESP_FAIL (-1), entries=7[0m
csi_data,A2,[0,0,-14,-7,-14,-7,-13,-6,-14,-6,-13,-6,-13,-6,-13,-5,-13,-5,-12,-4,-13,-4,-13,-3,-13,-3,-13,-2,-13,-2,-13,-2,-13,-1,-14,-2,-13,-2,-13,-2,-13,-3,-13,-3,-12,-4,-12,-4,-11,-5,-10,-5,-10,-5,0,0,0,0,0,0,0,0,0,0,0,0,0,0,0,0,0,0,0,0,0,0,-11,-5,-11,-6,-11,-7,-11,-7,-11,-8,-11,-8,-11,-9,-10,-9,-10,-9,-10,-10,-10,-10,-10,-10,-10,-10,-10,-9,-10,-9,-10,-9,-10,-8,-11,-8,-11,-8,-12,-8,-12,-7,-13,-7,-13,-7,-13,-7,-14,-7,-14,-7]
[0;32mI (188785) TAG: FTM status=0, entries=4[0m
anchor,A2,24:ec:4a:04:39:15,ch=6
ftm_report,A2,12,12,1.800
[1;31mE (188785) TAG: esp_wifi_ftm_get_report() rc=ESP_FAIL (-1), entries=4[0m
[0;32mI (189675) TAG: FTM status=0, entries=7[0m
anchor,A2,24:ec:4a:04:39:15,ch=6
ftm_report,A2,7,7,1.050
[1;31mE (189675) TAG: esp_wifi_ftm_get_report() rc=ESP_FAIL (-1), entries=7[0m
csi_data,A2,[0,0,7,13,7,13,7,13,6,12,7,12,7,11,7,11,7I (190565) TAG: FTM status=0, entries=7
,11,anchor,A2,24:ec:4a:04:39:15,ch=6
7,10,7,10ftm_report,A2,9,9,1.350,
8,9,8,9,8E (190565) TAG: esp_wifi_ftm_get_report() rc=ESP_FAIL (-1), entries=7
,9,8,9,8,9,8,9,9,9,8,9,8,10,7,9,7,10,6,10,6,10,5,10,4,9,3,9,0,0,0,0,0,0,0,0,0,0,0,0,0,0,0,0,0,0,0,0,0,0,6,9,6,9,5,10,5,11,5,11,4,12,4,12,3,12,3,12,3,13,2,13,2,13,2,12,2,12,3,12,3,12,4,12,4,12,5,12,5,12,6,12,6,12,6,12,7,13,7,13,7,13]
[0;32mI (191455) TAG: FTM status=0, entries=7[0m
anchor,A2,24:ec:4a:04:39:15,ch=6
ftm_report,A2,9,9,1.350
[1;31mE (191455) TAG: esp_wifi_ftm_get_report() rc=ESP_FAIL (-1), entries=7[0m
[0;32mI (192345) TAG: FTM status=0, entries=7[0m
anchor,A2,24:ec:4a:04:39:15,ch=6
ftm_report,A2,6,6,0.900
[1;31mE (192345) TAG: esp_wifi_ftm_get_report() rc=ESP_FAIL (-1), entries=7[0m
csi_data,A2,[0,0,0,15,0,14,0,15,0,14,1,14,1,13,1,13,2,12,2,12,2,12,3,12,3,12,3,12,4,12,4,12,4,12,4,12,3,12,3,12,2,12,2,12,1,12,1,11,0,11,0,11,-1,10,0,0,0,0,0,0,0,0,0,0,0,0,0,0,0,0,0,0,0,0,0,0,1,11,0,11,0,12,-1,12,-2,12,-2,13,-3,13,-3,13,-4,13,-4,13,-4,12,-4,12,-4,12,-4,12,-3,12,-3,12,-3,12,-2,12,-2,13,-1,13,-1,13,0,14,0,14,0,15,0,15,0,15]
[0;32mI (193235) TAG: FTM status=0, entries=7[0m
anchor,A2,24:ec:4a:04:39:15,ch=6
ftm_report,A2,7,7,1.050
[1;31mE (193235) TAG: esp_wifi_ftm_get_report() rc=ESP_FAIL (-1), entries=7[0m
csi_data,A2,[0,0,-14,-7,-14,-7,-14,-7,-13,-6,-14,-6,-13,-6,-13,-5,-13,-5,-13,-4,-12,-3,-13,-3,-13,-3,-13,-3,-13,-3,-13,-2,-13,-2,-13,-3,-13,-3,-13,-3,-13,-4,-12,-4,-12,-5,-11,-5,-11,-5,-10,-5,-10,-6,0,0,0,0,0,0,0,0,0,0,0,0,0,0,0,0,0,0,0,0,0,0,-11,-4,-11,-5,-11,-6,-11,-7,-11,-7,-11,-7,-11,-8,-11,-8,-11,-9,-10,-9,-11,-9,-11,-9,-10,-9,-11,-9,-11,-9,-10,-8,-11,-8,-11,-7,-12,-7,-12,-7,-13,-7,-13,-7,-13,-6,-14,-6,-14,-6,-14,-6]
[0;32mI (194125) TAG: FTM status=0, entries=7[0m
anchor,A2,24:ec:4a:04:39:15,ch=6
ftm_report,A2,7,7,1.050
[1;31mE (194125) TAG: esp_wifi_ftm_get_report() rc=ESP_FAIL (-1), entries=7[0m
csi_data,A2,[0,0,6,-14,6,-14,6,-14,6,-13,5,-13,5,-13,4,-13,4,-12,4,-13,3,-12,2,-13,2,-13,1,-13,1,-13,1,-13,1,-13,1,-13,2,-13,2,-13,3,-13,3,-13,3,-12,3,-11,4,-11,4,-10,5,-10,0,0,0,0,0,0,0,0,0,0,0,0,0,0,0,0,0,0,0,0,0,0,4,-11,5,-11,5,-11,6,-11,6,-11,7,-11,8,-11,8,-10,9,-10,8,-10,8,-10,9,-10,8,-10,8,-10,8,-10,8,-10,7,-11,7,-11,7,-12,6,-12,6,-12,6,-13,6,-13,5,-14,6,-14,6,-14]
[0;32mI (195015) TAG: FTM status=0, entries=7[0m
anchor,A2,24:ec:4a:04:39:15,ch=6
ftm_report,A2,6,6,0.900
[1;31mE (195015) TAG: esp_wifi_ftm_get_report() rc=ESP_FAIL (-1), entries=7[0m
csi_data,A2,[0,0,-13,-9,-13,-9,-13,-9,-13,-8,-13,-8,-13,-8,-12,-7,-12,-6,-12,-6,-12,-5,-12,-5,-13,-5,-13,-4,-13,-4,-13,-4,-13,-4,-13,-4,-13,-4,-13,-4,-13,-5,-12,-5,-12,-6,-11,-6,-11,-6,-10,-6,-9,-7,0,0,0,0,0,0,0,0,0,0,0,0,0,0,0,0,0,0,0,0,0,0,-10,-7,-10,-7,-10,-8,-10,-9,-10,-10,-10,-10,-10,-10,-9,-11,-9,-11,-9,-12,-8,-11,-8,-11,-8,-11,-9,-11,-9,-11,-9,-10,-9,-10,-10,-9,-11,-9,-11,-9,-12,-9,-12,-9,-12,-9,-13,-9,-13,-9,-13,-9]
[0;32mI (195905) TAG: FTM status=0, entries=7[0m
anchor,A2,24:ec:4a:04:39:15,ch=6
ftm_report,A2,7,7,1.050
[1;31mE (195905) TAG: esp_wifi_ftm_get_report() rc=ESP_FAIL (-1), entries=7[0m
csi_data,A2,[0,0,9,12,8,11,9,11,8,10,9,11,8,10,9,10,9,9,9,9,9,8,9,7,10,7,10,7,10,7,10,6,10,7,10,7,10,7,9,7,9,8,9,8,8,8,8,8,7,8,6,8,6,8,0,0,0,0,0,0,0,0,0,0,0,0,0,0,0,0,0,0,0,0,0,0,7,8,7,9,6,10,6,11,6,11,6,12,5,12,4,12,4,12,4,12,4,12,4,12,4,12,4,12,4,12,4,11,5,12,6,11,6,11,7,11,7,11,8,12,8,11,9,12,9,12,9,12]
[0;32mI (196805) TAG: FTM status=0, entries=7[0m
anchor,A2,24:ec:4a:04:39:15,ch=6
ftm_report,A2,12,12,1.800
[1;31mE (196805) TAG: esp_wifi_ftm_get_report() rc=ESP_FAIL (-1), entries=7[0m
[0;32mI (197695) TAG: FTM status=0, entries=7[0m
anchor,A2,24:ec:4a:04:39:15,ch=6
ftm_report,A2,4,4,0.600
[1;31mE (197695) TAG: esp_wifi_ftm_get_report() rc=ESP_FAIL (-1), entries=7[0m
[0;32mI (198585) TAG: FTM status=0, entries=7[0m
anchor,A2,24:ec:4a:04:39:15,ch=6
ftm_report,A2,7,7,1.050
[1;31mE (198585) TAG: esp_wifi_ftm_get_report() rc=ESP_FAIL (-1), entries=7[0m
[0;32mI (199475) TAG: FTM status=0, entries=7[0m
anchor,A2,24:ec:4a:04:39:15,ch=6
ftm_report,A2,6,6,0.900
[1;31mE (199475) TAG: esp_wifi_ftm_get_report() rc=ESP_FAIL (-1), entries=7[0m
[0;32mI (200365) TAG: FTM status=0, entries=7[0m
anchor,A2,24:ec:4a:04:39:15,ch=6
ftm_report,A2,10,10,1.500
[1;31mE (200365) TAG: esp_wifi_ftm_get_report() rc=ESP_FAIL (-1), entries=7[0m
csi_data,A2,[0,0,12,-9,12,-9,11,-9,11,-9,10,-8,10,-8,10,-9,9,-9,9,-9,9,-10,8,-10,7,-10,7,-10,7,-10,7,-11,7,-11,7,-11,8,-10,8,-10,8,-10,8,-9,8,-9,9,-8,8,-8,9,-7,9,-6,0,0,0,0,0,0,0,0,0,0,0,0,0,0,0,0,0,0,0,0,0,0,9,-7,9,-7,10,-7,10,-6,11,-6,12,-5,12,-5,12,-4,13,-4,12,-4,13,-4,12,-4,12,-4,12,-4,11,-4,12,-5,11,-5,11,-6,11,-6,11,-7,11,-7,11,-8,12,-8,12,-8,12,-8,12,-9]
[0;32mI (201255) TAG: FTM status=0, entries=7[0m
anchor,A2,24:ec:4a:04:39:15,ch=6
ftm_report,A2,9,9,1.350
[1;31mE (201255) TAG: esp_wifi_ftm_get_report() rc=ESP_FAIL (-1), entries=7[0m
csi_data,A2,[0,0,13,-9,12,-9,12,-9,12,-9,11,-9,11,-9,10,-9,10,-9,9,-9,9,-10,9,-10,8,-10,8,-10,8,-10,8,-11,8,-11,8,-11,9,-11,9,-10,9,-10,9,-9,9,-8,9,-8,9,-7,9,-7,9,-6,0,0,0,0,0,0,0,0,0,0,0,0,0,0,0,0,0,0,0,0,0,0,8,-8,9,-7,9,-7,10,-6,11,-6,12,-6,12,-6,12,-5,12,-5,12,-4,12,-4,12,-4,12,-4,12,-4,12,-5,11,-5,11,-6,11,-6,11,-7,11,-7,11,-7,11,-8,12,-8,12,-9,12,-9,12,-9]
[0;32mI (202145) TAG: FTM status=0, entries=7[0m
anchor,A2,24:ec:4a:04:39:15,ch=6
ftm_report,A2,7,7,1.050
[1;31mE (202145) TAG: esp_wifi_ftm_get_report() rc=ESP_FAIL (-1), entries=7[0m
csi_data,A2,[0,0,-15,-1,-16,-1,-15,-1,-15,-1,-14,-1,-14,0,-14,0,-13,0,-13,1,-13,1,-13,2,-13,2,-13,2,-13,2,-13,3,-13,3,-13,2,-13,2,-13,2,-13,1,-13,1,-13,0,-13,0,-12,-1,-12,-1,-11,-2,0,0,0,0,0,0,0,0,0,0,0,0,0,0,0,0,0,0,0,0,0,0,-11,1,-12,0,-12,-1,-12,-2,-13,-2,-13,-2,-13,-3,-13,-4,-13,-4,-13,-4,-13,-4,-13,-4,-13,-4,-12,-4,-12,-4,-13,-3,-13,-3,-13,-2,-13,-2,-14,-2,-14,-2,-14,-1,-15,-1,-15,-1,-15,-1,-15,-1]
[0;32mI (203035) TAG: FTM status=0, entries=7[0m
anchor,A2,24:ec:4a:04:39:15,ch=6
ftm_report,A2,5,5,0.750
[1;31mE (203035) TAG: esp_wifi_ftm_get_report() rc=ESP_FAIL (-1), entries=7[0m
csi_data,A2,[0,0,15,-3,14,-2,14,-3,14,-3,13,-3,13,-3,13,-3,12,-3,12,-4,11,-5,11,-5,11,-5,11,-6,11,-6,11,-6,11,-6,11,-6,12,-6,12,-5,12,-5,12,-4,12,-3,11,-3,11,-3,11,-2,10,-1,0,0,0,0,0,0,0,0,0,0,0,0,0,0,0,0,0,0,0,0,0,0,10,-3,11,-3,11,-2,11,-1,12,-1,12,0,12,0,12,1,13,1,12,2,12,1,12,1,12,1,12,1,12,1,12,0,12,0,12,-1,12,-1,13,-1,13,-1,13,-2,13,-2,14,-3,14,-2,15,-3]
[0;32mI (203925) TAG: FTM status=0, entries=7[0m
anchor,A2,24:ec:4a:04:39:15,ch=6
ftm_report,A2,7,7,1.050
[1;31mE (203925) TAG: esp_wifi_ftm_get_report() rc=ESP_FAIL (-1), entries=7[0m
csi_data,A2,[0,0,13,6,13,6,12,6,12,6,12,6,12,5,12,4,12,4,12,3,12,3,12,2,12,2,12,2,12,2,12,2,12,1,12,2,12,2,12,2,12,3,12,3,11,4,11,4,10,5,9,5,9,5,0,0,0,0,0,0,0,0,0,0,0,0,0,0,0,0,0,0,0,0,0,0,9,4,10,4,10,6,9,6,10,7,10,7,10,8,9,8,9,8,9,9,9,9,8,8,9,9,9,8,9,8,9,7,9,7,10,7,10,7,11,6,11,6,12,6,12,6,13,7,13,7,13,6]
[0;32mI (204815) TAG: FTM status=0, entries=7[0m
anchor,A2,24:ec:4a:04:39:15,ch=6
ftm_report,A2,5,5,0.750
[1;31mE (204815) TAG: esp_wifi_ftm_get_report() rc=ESP_FAIL (-1), entries=7[0m
[0;32mI (205705) TAG: FTM status=0, entries=7[0m
anchor,A2,24:ec:4a:04:39:15,ch=6
ftm_report,A2,6,6,0.900
[1;31mE (205705) TAG: esp_wifi_ftm_get_report() rc=ESP_FAIL (-1), entries=7[0m
[0;32mI (206595) TAG: FTM status=0, entries=7[0m
anchor,A2,24:ec:4a:04:39:15,ch=6
ftm_report,A2,4,4,0.600
[1;31mE (206595) TAG: esp_wifi_ftm_get_report() rc=ESP_FAIL (-1), entries=7[0m
[1;31mE (207545) wifi:No FTM Measurements received from responder![0m
[0;32mI (207545) TAG: FTM status=5, entries=0[0m
csi_data,A2,[0,0,-16,3,-16,2,-15,2,-15,2,-14,2,-14,2,-14,3,-13,3,-13,4,-13,4,-12,5,-12,5,-12,5,-12,5,-12,5,-12,6,-12,5,-13,5,-12,5,-13,4,-13,4,-13,3,-12,2,-12,2,-12,1,-11,1,0,0,0,0,0,0,0,0,0,0,0,0,0,0,0,0,0,0,0,0,0,0,-12,3,-12,2,-12,1,-13,1,-13,0,-14,0,-14,-1,-14,-1,-14,-2,-14,-2,-14,-2,-14,-2,-14,-2,-13,-2,-14,-2,-14,-1,-14,-1,-13,0,-14,0,-14,1,-14,1,-15,1,-15,2,-15,2,-16,2,-15,2]
[0;33mW (207775) TAG: FTM to A2 failed (ESP_FAIL), streak=1[0m
[0;32mI (208435) TAG: FTM status=0, entries=7[0m
anchor,A2,24:ec:4a:04:39:15,ch=6
ftm_report,A2,9,9,1.350
[1;31mE (208435) TAG: esp_wifi_ftm_get_report() rc=ESP_FAIL (-1), entries=7[0m
[0;32mI (209325) TAG: FTM status=0, entries=7[0m
anchor,A2,24:ec:4a:04:39:15,ch=6
ftm_report,A2,8,8,1.200
[1;31mE (209325) TAG: esp_wifi_ftm_get_report() rc=ESP_FAIL (-1), entries=7[0m
csi_data,A2,[0,0,-7,-14,-8,-14,-8,-13,-7,-13,-8,-13,-8,-12,-8,-12,-8,-11,-8,-10,-8,-10,-9,-10,-9,-10,-10,-9,-10,-9,-10,-9,-10,-9,-10,-10,-10,-10,-9,-10,-9,-10,-8,-10,-8,-11,-7,-10,-7,-11,-6,-10,-5,-10,0,0,0,0,0,0,0,0,0,0,0,0,0,0,0,0,0,0,0,0,0,0,-6,-10,-6,-10,-5,-11,-5,-12,-5,-12,-4,-12,-4,-13,-3,-13,-3,-13,-3,-14,-3,-13,-3,-13,-3,-13,-3,-13,-3,-13,-4,-12,-4,-12,-5,-12,-5,-13,-6,-13,-6,-13,-7,-13,-7,-13,-8,-13,-8,-13,-7,-13]
[0;32mI (210215) TAG: FTM status=0, entries=7[0m
anchor,A2,24:ec:4a:04:39:15,ch=6
ftm_report,A2,5,5,0.750
[1;31mE (210215) TAG: esp_wifi_ftm_get_report() rc=ESP_FAIL (-1), entries=7[0m
csi_data,A2,[0,0,-11,11,-11,11,-10,10,-10,10,-10,10,-9,10,-9,10,-8,10,-8,10,-7,11,-7,11,-6,11,-6,11,-6,11,-6,12,-6,12,-6,12,-6,12,-7,11,-7,11,-7,11,-7,10,-8,9,-8,9,-8,8,-9,7,0,0,0,0,0,0,0,0,0,0,0,0,0,0,0,0,0,0,0,0,0,0,-8,8,-9,8,-9,7,-10,7,-10,7,-11,7,-12,7,-12,6,-12,6,-12,6,-13,6,-12,6,-12,5,-12,6,-11,6,-11,6,-11,7,-11,8,-10,8,-10,8,-10,9,-10,10,-11,10,-11,10,-11,10,-11,11]
[0;32mI (211105) TAG: FTM status=0, entries=7[0m
anchor,A2,24:ec:4a:04:39:15,ch=6
ftm_report,A2,5,5,0.750
[1;31mE (211105) TAG: esp_wifi_ftm_get_report() rc=ESP_FAIL (-1), entries=7[0m
csi_data,A2,[0,0,6,-14,5,-14,5,-14,5,-14,4,-14,4,-13,4,-13,3,-13,3,-13,3,-13,2,-13,1,-13,1,-13,1,-13,1,-13,1,-13,1,-13,2,-13,2,-13,3,-13,3,-13,3,-12,4,-12,4,-11,5,-11,5,-10,0,0,0,0,0,0,0,0,0,0,0,0,0,0,0,0,0,0,0,0,0,0,3,-11,4,-11,4,-11,5,-11,5,-11,6,-11,7,-11,7,-11,8,-11,8,-11,8,-10,8,-10,7,-10,7,-10,7,-10,7,-11,7,-11,6,-11,6,-12,6,-12,5,-13,5,-13,5,-14,5,-14,5,-14,5,-14]
[0;32mI (211995) TAG: FTM status=0, entries=7[0m
anchor,A2,24:ec:4a:04:39:15,ch=6
ftm_report,A2,7,7,1.050
[1;31mE (211995) TAG: esp_wifi_ftm_get_report() rc=ESP_FAIL (-1), entries=7[0m
csi_data,A2,[0,0,13,-7,13,-7,12,-7,12,-7,12,-7,11,-7,11,-7,10,-8,10,-8,10,-8,9,-9,9,-9,9,-9,9,-9,9,-9,9,-10,9,-9,9,-9,10,-9,10,-9,10,-8,10,-7,10,-7,10,-6,10,-5,10,-5,0,0,0,0,0,0,0,0,0,0,0,0,0,0,0,0,0,0,0,0,0,0,9,-6,10,-6,10,-5,11,-5,11,-4,12,-4,12,-4,12,-4,13,-3,12,-3,13,-3,12,-3,12,-2,12,-3,12,-3,12,-4,12,-4,12,-5,12,-5,12,-5,12,-6,12,-6,12,-7,12,-7,13,-7,13,-7]
[0;32mI (212885) TAG: FTM status=0, entries=7[0m
anchor,A2,24:ec:4a:04:39:15,ch=6
ftm_report,A2,7,7,1.050
[1;31mE (212885) TAG: esp_wifi_ftm_get_report() rc=ESP_FAIL (-1), entries=7[0m
csi_data,A2,[0,0,7,-14,6,-14,6,-13,6,-13,6,-13,5,-13,5,-12,4,-12,4,-13,4,-13,3,-13,2,-12,2,-13,2,-13,2,-13,2,-13,2,-13,3,-13,3,-13,4,-13,4,-12,4,-12,4,-11,5,-11,5,-10,6,-9,0,0,0,0,0,0,0,0,0,0,0,0,0,0,0,0,0,0,0,0,0,0,4,-11,5,-11,5,-11,6,-11,7,-11,7,-11,8,-11,9,-10,9,-10,9,-10,9,-10,9,-10,9,-9,8,-10,8,-10,8,-10,7,-10,7,-11,7,-11,7,-12,7,-12,6,-13,7,-13,6,-13,7,-13,7,-14]
[0;32mI (213775) TAG: FTM status=0, entries=7[0m
anchor,A2,24:ec:4a:04:39:15,ch=6
ftm_report,A2,7,7,1.050
[1;31mE (213775) TAG: esp_wifi_ftm_get_report() rc=ESP_FAIL (-1), entries=7[0m
[0;32mI (214665) TAG: FTM status=0, entries=7[0m
anchor,A2,24:ec:4a:04:39:15,ch=6
ftm_report,A2,7,7,1.050
[1;31mE (214665) TAG: esp_wifi_ftm_get_report() rc=ESP_FAIL (-1), entries=7[0m
[0;32mI (215555) TAG: FTM status=0, entries=7[0m
anchor,A2,24:ec:4a:04:39:15,ch=6
ftm_report,A2,7,7,1.050
[1;31mE (215555) TAG: esp_wifi_ftm_get_report() rc=ESP_FAIL (-1), entries=7[0m
[0;32mI (216445) TAG: FTM status=0, entries=7[0m
anchor,A2,24:ec:4a:04:39:15,ch=6
ftm_report,A2,7,7,1.050
[1;31mE (216445) TAG: esp_wifi_ftm_get_report() rc=ESP_FAIL (-1), entries=7[0m
[0;32mI (217335) TAG: FTM status=0, entries=7[0m
anchor,A2,24:ec:4a:04:39:15,ch=6
ftm_report,A2,8,8,1.200
[1;31mE (217335) TAG: esp_wifi_ftm_get_report() rc=ESP_FAIL (-1), entries=7[0m
csi_data,A2,[0,0,-2,15,-1,14,-1,14,-1,14,-1,14,-1,13,0,13,0,13,1,12,1,12,1,12,2,12,2,12,2,12,2,12,3,12,2,12,2,12,2,12,1,12,1,12,0,12,0,11,-1,11,-1,11,-2,10,0,0,0,0,0,0,0,0,0,0,0,0,0,0,0,0,0,0,0,0,0,0,-1,11,-1,11,-1,11,-2,12,-3,12,-3,12,-4,12,-5,12,-5,12,-5,12,-5,12,-5,12,-5,12,-5,12,-4,12,-4,12,-4,12,-3,12,-3,12,-2,13,-2,13,-1,14,-2,14,-1,14,-1,14,-2,14]
[0;32mI (218225) TAG: FTM status=0, entries=7[0m
anchor,A2,24:ec:4a:04:39:15,ch=6
ftm_report,A2,9,9,1.350
[1;31mE (218225) TAG: esp_wifi_ftm_get_report() rc=ESP_FAIL (-1), entries=7[0m
csi_data,A2,[0,0,15,-2,14,-2,14,-2,14,-2,14,-3,13,-3,13,-3,12,-3,12,-4,12,-5,11,-5,11,-5,11,-5,11,-5,11,-6,11,-6,12,-6,12,-6,12,-5,12,-5,12,-4,11,-3,11,-3,11,-2,11,-2,10,-1,0,0,0,0,0,0,0,0,0,0,0,0,0,0,0,0,0,0,0,0,0,0,11,-3,11,-2,11,-1,11,0,12,0,12,0,13,1,13,1,13,2,12,2,13,2,12,2,12,2,12,2,12,2,12,1,12,0,12,0,12,0,13,-1,13,-1,13,-1,14,-2,14,-2,14,-2,15,-2]
[0;32mI (219115) TAG: FTM status=0, entries=7[0m
anchor,A2,24:ec:4a:04:39:15,ch=6
ftm_report,A2,8,8,1.200
[1;31mE (219115) TAG: esp_wifi_ftm_get_report() rc=ESP_FAIL (-1), entries=7[0m
csi_data,A2,[0,0,-16,1,-15,1,-15,1,-15,1,-15,1,-14,1,-14,2,-13,2,-13,3,-13,3,-12,4,-12,4,-12,4,-12,4,-12,5,-13,5,-12,5,-13,5,-13,4,-13,4,-13,3,-12,2,-12,2,-12,1,-11,1,-11,0,0,0,0,0,0,0,0,0,0,0,0,0,0,0,0,0,0,0,0,0,0,0,-11,1,-12,1,-12,0,-13,-1,-13,-1,-14,-2,-14,-2,-14,-3,-13,-3,-13,-3,-13,-3,-13,-3,-13,-3,-13,-3,-13,-3,-13,-2,-13,-2,-13,-1,-14,-1,-14,-1,-14,0,-14,0,-15,1,-15,1,-15,1,-16,1]
[0;32mI (220015) TAG: FTM status=0, entries=7[0m
anchor,A2,24:ec:4a:04:39:15,ch=6
ftm_report,A2,14,14,2.100
[1;31mE (220025) TAG: esp_wifi_ftm_get_report() rc=ESP_FAIL (-1), entries=7[0m
csi_data,A2,[0,0,-6,-15,-6,-15,-6,-14,-6,-14,-6,-13,-6,-13,-7,-13,-7,-12,-7,-11,-7,-11,-7,-11,-8,-11,-8,-11,-9,-10,-9,-10,-9,-10,-9,-11,-8,-11,-8,-11,-8,-11,-7,-11,-7,-11,-6,-11,-6,-11,-5,-11,-4,-11,0,0,0,0,0,0,0,0,0,0,0,0,0,0,0,0,0,0,0,0,0,0,-5,-11,-4,-11,-4,-12,-3,-13,-3,-13,-2,-13,-2,-13,-2,-14,-1,-14,-1,-14,-1,-13,-1,-13,-1,-14,-1,-14,-2,-13,-2,-13,-2,-13,-3,-13,-4,-13,-4,-13,-5,-14,-5,-14,-5,-14,-6,-14,-6,-15,-5,-14]
[0;32mI (220915) TAG: FTM status=0, entries=7[0m
anchor,A2,24:ec:4a:04:39:15,ch=6
ftm_report,A2,7,7,1.050
[1;31mE (220915) TAG: esp_wifi_ftm_get_report() rc=ESP_FAIL (-1), entries=7[0m
csi_data,A2,[0,0,12,-9,12,-9,11,-9,11,-9,11,-9,10,-9,10,-9,9,-9,9,-9,8,-10,8,-10,7,-10,7,-10,7,-10,7,-11,7,-11,8,-11,8,-11,8,-11,8,-10,9,-10,8,-9,9,-8,9,-8,9,-7,9,-6,0,0,0,0,0,0,0,0,0,0,0,0,0,0,0,0,0,0,0,0,0,0,8,-8,9,-7,9,-7,10,-6,11,-6,11,-6,12,-6,12,-5,12,-5,12,-4,12,-4,12,-4,12,-4,11,-5,11,-5,11,-5,11,-6,11,-6,11,-7,11,-7,11,-8,11,-8,12,-9,11,-9,12,-9,12,-9]
[0;32mI (221805) TAG: FTM status=0, entries=7[0m
anchor,A2,24:ec:4a:04:39:15,ch=6
ftm_report,A2,9,9,1.350
[1;31mE (221805) TAG: esp_wifi_ftm_get_report() rc=ESP_FAIL (-1), entries=7[0m
[0;32mI (222695) TAG: FTM status=0, entries=7[0m
anchor,A2,24:ec:4a:04:39:15,ch=6
ftm_report,A2,8,8,1.200
[1;31mE (222695) TAG: esp_wifi_ftm_get_report() rc=ESP_FAIL (-1), entries=7[0m
[0;32mI (223585) TAG: FTM status=0, entries=7[0m
anchor,A2,24:ec:4a:04:39:15,ch=6
ftm_report,A2,5,5,0.750
[1;31mE (223585) TAG: esp_wifi_ftm_get_report() rc=ESP_FAIL (-1), entries=7[0m
[0;32mI (224485) TAG: FTM status=0, entries=7[0m
anchor,A2,24:ec:4a:04:39:15,ch=6
ftm_report,A2,8,8,1.200
[1;31mE (224485) TAG: esp_wifi_ftm_get_report() rc=ESP_FAIL (-1), entries=7[0m
[0;32mI (225375) TAG: FTM status=0, entries=7[0m
anchor,A2,24:ec:4a:04:39:15,ch=6
ftm_report,A2,8,8,1.200
[1;31mE (225375) TAG: esp_wifi_ftm_get_report() rc=ESP_FAIL (-1), entries=7[0m
csi_data,A2,[0,0,12,7,12,7,12,7,12,6,12,6,12,6,12,5,11,5,11,4,12,4,12,3,12,3,12,3,12,3,12,3,12,2,12,3,12,3,12,3,12,4,11,4,11,5,10,5,10,5,9,5,8,6,0,0,0,0,0,0,0,0,0,0,0,0,0,0,0,0,0,0,0,0,0,0,10,4,10,5,10,6,10,7,10,7,10,7,9,8,9,9,9,9,9,10,9,9,8,9,8,9,8,9,9,8,9,8,9,8,10,8,10,8,11,8,11,7,11,7,12,7,12,7,13,7,12,7]
[0;32mI (226265) TAG: FTM status=0, entries=7[0m
anchor,A2,24:ec:4a:04:39:15,ch=6
ftm_report,A2,10,10,1.500
[1;31mE (226265) TAG: esp_wifi_ftm_get_report() rc=ESP_FAIL (-1), entries=7[0m
csi_data,A2,[0,0,15,0,14,0,14,0,14,-1,14,-1,13,-1,13,-1,13,-2,12,-2,12,-3,12,-3,12,-3,12,-4,12,-4,12,-4,12,-4,12,-4,12,-4,12,-3,12,-3,12,-2,12,-1,12,-1,11,0,11,0,11,0,0,0,0,0,0,0,0,0,0,0,0,0,0,0,0,0,0,0,0,0,0,0,11,-1,11,-1,11,0,11,1,12,1,12,2,12,2,12,3,12,3,12,4,12,3,12,3,12,4,12,3,12,3,12,3,12,2,12,1,12,1,13,1,13,1,14,0,14,0,14,0,15,0,15,-1]
[0;32mI (227155) TAG: FTM status=0, entries=7[0m
anchor,A2,24:ec:4a:04:39:15,ch=6
ftm_report,A2,7,7,1.050
[1;31mE (227155) TAG: esp_wifi_ftm_get_report() rc=ESP_FAIL (-1), entries=7[0m
csi_data,A2,[0,0,-12,-9,-13,-10,-12,-9,-12,-9,-12,-9,-12,-8,-12,-8,-12,-7,-12,-7,-12,-6,-12,-6,-12,-5,-12,-5,-12,-5,-12,-5,-12,-5,-13,-5,-12,-5,-12,-6,-12,-6,-12,-7,-11,-7,-11,-7,-10,-7,-9,-7,-8,-8,0,0,0,0,0,0,0,0,0,0,0,0,0,0,0,0,0,0,0,0,0,0,-10,-6,-10,-7,-10,-8,-10,-9,-10,-9,-9,-10,-9,-10,-9,-11,-8,-11,-8,-11,-8,-11,-8,-11,-8,-11,-8,-11,-8,-11,-9,-10,-9,-10,-9,-9,-10,-10,-10,-10,-11,-9,-11,-10,-12,-9,-12,-9,-12,-10,-12,-9]
[0;32mI (228045) TAG: FTM status=0, entries=7[0m
anchor,A2,24:ec:4a:04:39:15,ch=6
ftm_report,A2,6,6,0.900
[1;31mE (228045) TAG: esp_wifi_ftm_get_report() rc=ESP_FAIL (-1), entries=7[0m
csi_data,A2,[0,0,-9,-13,-9,-13,-9,-13,-9,-12,-9,-12,-9,-12,-9,-11,-9,-10,-9,-10,-9,-10,-10,-9,-10,-9,-10,-9,-11,-9,-10,-8,-11,-8,-11,-9,-10,-9,-10,-9,-10,-9,-9,-10,-9,-10,-8,-10,-8,-10,-7,-10,-6,-10,0,0,0,0,0,0,0,0,0,0,0,0,0,0,0,0,0,0,0,0,0,0,-7,-9,-7,-10,-7,-11,-7,-11,-6,-12,-6,-12,-5,-12,-5,-13,-5,-13,-4,-13,-4,-13,-4,-13,-4,-13,-5,-13,-5,-12,-5,-12,-6,-12,-6,-12,-7,-12,-7,-12,-8,-12,-8,-13,-8,-12,-9,-13,-9,-13,-9,-13]
[0;32mI (228945) TAG: FTM status=0, entries=7[0m
anchor,A2,24:ec:4a:04:39:15,ch=6
ftm_report,A2,9,9,1.350
[1;31mE (228945) TAG: esp_wifi_ftm_get_report() rc=ESP_FAIL (-1), entries=7[0m
csi_data,A2,[0,0,8,-13,7,-13,7,-13,7,-13,7,-13,6,-12,6,-12,5,-12,5,-12,4,-12,4,-12,3,-12,3,-13,3,-13,3,-13,3,-13,3,-13,4,-13,4,-13,4,-13,5,-12,5,-12,5,-11,5,-10,6,-10,6,-9,0,0,0,0,0,0,0,0,0,0,0,0,0,0,0,0,0,0,0,0,0,0,5,-10,6,-11,6,-10,7,-10,7,-10,8,-10,9,-10,9,-10,9,-9,9,-9,10,-9,9,-9,9,-9,9,-9,9,-9,9,-9,9,-10,8,-10,8,-11,7,-11,7,-12,7,-12,7,-13,7,-13,7,-13,8,-13]
[0;32mI (229835) TAG: FTM status=0, entries=7[0m
anchor,A2,24:ec:4a:04:39:15,ch=6
ftm_report,A2,6,6,0.900
[1;31mE (229835) TAG: esp_wifi_ftm_get_report() rc=ESP_FAIL (-1), entries=7[0m
csi_data,A2,[0,0,-1,15,0,14,0,14,-1,14,0,14,0,14,0,13,1,12,1,12,2,12,2,12,3,12,3,12,3,12,3,12,3,12,3,12,3,12,2,12,1,12,1,12,0,12,0,11,0,11,-1,11,-2,10,0,0,0,0,0,0,0,0,0,0,0,0,0,0,0,0,0,0,0,0,0,0,1,11,0,11,-1,12,-1,12,-2,12,-2,13,-3,13,-4,12,-4,13,-4,12,-4,12,-4,12,-4,12,-4,12,-4,12,-3,12,-3,12,-2,12,-2,13,-2,13,-1,13,-1,14,-1,14,0,15,0,15,0,15]
[0;32mI (230725) TAG: FTM status=0, entries=7[0m
anchor,A2,24:ec:4a:04:39:15,ch=6
ftm_report,A2,10,10,1.500
[1;31mE (230725) TAG: esp_wifi_ftm_get_report() rc=ESP_FAIL (-1), entries=7[0m
[0;32mI (231615) TAG: FTM status=0, entries=7[0m
anchor,A2,24:ec:4a:04:39:15,ch=6
ftm_report,A2,6,6,0.900
[1;31mE (231615) TAG: esp_wifi_ftm_get_report() rc=ESP_FAIL (-1), entries=7[0m
[0;32mI (232505) TAG: FTM status=0, entries=7[0m
anchor,A2,24:ec:4a:04:39:15,ch=6
ftm_report,A2,9,9,1.350
[1;31mE (232505) TAG: esp_wifi_ftm_get_report() rc=ESP_FAIL (-1), entries=7[0m
[0;32mI (233395) TAG: FTM status=0, entries=7[0m
anchor,A2,24:ec:4a:04:39:15,ch=6
ftm_report,A2,8,8,1.200
[1;31mE (233395) TAG: esp_wifi_ftm_get_report() rc=ESP_FAIL (-1), entries=7[0m
[0;32mI (234285) TAG: FTM status=0, entries=7[0m
anchor,A2,24:ec:4a:04:39:15,ch=6
ftm_report,A2,9,9,1.350
[1;31mE (234285) TAG: esp_wifi_ftm_get_report() rc=ESP_FAIL (-1), entries=7[0m
csi_data,A2,[0,0,6,14,6,13,5,13,5,12,6,12,5,12,6,11,6,11,6,11,7,10,7,10,7,9,8,9,8,9,8,9,8,9,8,10,8,10,7,10,7,10,6,10,6,11,5,10,5,10,4,10,3,10,0,0,0,0,0,0,0,0,0,0,0,0,0,0,0,0,0,0,0,0,0,0,5,9,5,10,4,10,4,11,4,11,3,12,2,12,2,12,1,13,1,13,1,12,1,12,2,12,2,12,2,12,2,12,3,12,3,12,4,12,4,12,4,12,5,13,5,13,6,13,6,13,6,13]
[0;32mI (235175) TAG: FTM status=0, entries=7[0m
anchor,A2,24:ec:4a:04:39:15,ch=6
ftm_report,A2,8,8,1.200
[1;31mE (235175) TAG: esp_wifi_ftm_get_report() rc=ESP_FAIL (-1), entries=7[0m
csi_data,A2,[0,0,4,-15,3,-15,3,-15,3,-15,2,-15,2,-14,2,-14,1,-14,1,-13,0,-13,0,-13,-1,-13,-1,-13,-1,-13,-1,-13,-1,-14,-1,-14,-1,-14,0,-14,0,-13,1,-13,1,-13,1,-12,2,-12,2,-11,3,-11,0,0,0,0,0,0,0,0,0,0,0,0,0,0,0,0,0,0,0,0,0,0,1,-12,2,-12,3,-12,3,-13,4,-13,5,-13,6,-13,6,-12,6,-12,6,-12,7,-12,7,-12,6,-12,6,-12,6,-12,5,-12,5,-12,4,-13,4,-13,4,-13,4,-14,3,-14,4,-14,3,-15,3,-15,3,-15]
[0;32mI (236065) TAG: FTM status=0, entries=7[0m
anchor,A2,24:ec:4a:04:39:15,ch=6
ftm_report,A2,6,6,0.900
[1;31mE (236065) TAG: esp_wifi_ftm_get_report() rc=ESP_FAIL (-1), entries=7[0m
csi_data,A2,[0,0,-4,-15,-4,-15,-4,-15,-4,-14,-4,-14,-5,-14,-5,-13,-5,-13,-5,-12,-6,-12,-6,-12,-7,-11,-7,-11,-7,-11,-7,-12,-7,-11,-8,-12,-7,-12,-7,-12,-6,-12,-6,-12,-5,-12,-5,-12,-4,-12,-3,-11,-2,-11,0,0,0,0,0,0,0,0,0,0,0,0,0,0,0,0,0,0,0,0,0,0,-3,-11,-3,-12,-3,-12,-2,-13,-2,-13,-1,-13,0,-13,0,-14,1,-14,0,-14,1,-13,1,-13,0,-13,0,-13,0,-13,0,-13,-1,-13,-1,-13,-2,-14,-2,-14,-3,-14,-3,-14,-4,-14,-4,-15,-4,-15,-4,-15]
[0;32mI (236965) TAG: FTM status=0, entries=5[0m
anchor,A2,24:ec:4a:04:39:15,ch=6
ftm_report,A2,6,6,0.900
[1;31mE (236975) TAG: esp_wifi_ftm_get_report() rc=ESP_FAIL (-1), entries=5[0m
csi_data,A2,[0,0,14,-2,15,-2,14,-2,14,-2,13,-2,13,-2,13,-3,12,-3,12,-4,12,-4,12,-5,11,-5,11,-5,11,-5,12,-6,11,-6,12,-6,12,-6,12,-5,12,-5,12,-4,12,-3,12,-3,11,-2,11,-2,10,-1,0,0,0,0,0,0,0,0,0,0,0,0,0,0,0,0,0,0,0,0,0,0,11,-2,11,-1,12,0,11,0,12,1,12,1,13,2,13,2,13,2,13,3,12,3,12,3,12,3,12,2,12,2,13,1,12,1,13,0,12,0,13,0,13,-1,14,-1,14,-2,14,-1,14,-2,15,-2]
[0;32mI (237865) TAG: FTM status=0, entries=7[0m
anchor,A2,24:ec:4a:04:39:15,ch=6
ftm_report,A2,6,6,0.900
[1;31mE (237865) TAG: esp_wifi_ftm_get_report() rc=ESP_FAIL (-1), entries=7[0m
csi_data,A2,[0,0,-4,14,-4,14,-4,13,-4,14,-3,13,-3,13,-3,13,-2,12,-2,12,-1,12,-1,12,0,12,0,12,0,12,0,12,0,12,0,13,0,12,-1,12,-1,12,-2,12,-2,11,-3,11,-3,11,-3,10,-4,9,0,0,0,0,0,0,0,0,0,0,0,0,0,0,0,0,0,0,0,0,0,0,-2,11,-2,11,-3,11,-3,11,-4,12,-5,12,-6,11,-6,11,-7,11,-7,11,-7,11,-7,11,-6,11,-6,11,-6,11,-6,11,-5,11,-5,11,-4,12,-4,12,-4,13,-4,13,-4,14,-3,14,-3,14,-4,14]
[0;32mI (238755) TAG: FTM status=0, entries=7[0m
anchor,A2,24:ec:4a:04:39:15,ch=6
ftm_report,A2,9,9,1.350
[1;31mE (238755) TAG: esp_wifi_ftm_get_report() rc=ESP_FAIL (-1), entries=7[0m
csi_data,A2,[0,0,-7,-14,-7,-14,-7,-14,-7,-13,-7,-13,-7,-13,-7,-12,-8,-12,-8,-11,-8,-10,-8,-10,-9,-10,-9,-10,-10,-10,-9,-10,-10,-10,-10,-10,-9,-10,-9,-10,-8,-10,-8,-10,-7,-11,-7,-10,-7,-10,-6,-10,-5,-10,0,0,0,0,0,0,0,0,0,0,0,0,0,0,0,0,0,0,0,0,0,0,-5,-11,-5,-11,-5,-12,-4,-12,-4,-13,-3,-13,-3,-13,-2,-14,-2,-14,-2,-14,-2,-14,-2,-14,-2,-14,-2,-14,-3,-13,-3,-13,-3,-13,-4,-13,-5,-13,-5,-14,-6,-14,-6,-14,-6,-14,-7,-14,-7,-14,-7,-14]
[0;32mI (239645) TAG: FTM status=0, entries=7[0m
anchor,A2,24:ec:4a:04:39:15,ch=6
ftm_report,A2,8,8,1.200
[1;31mE (239645) TAG: esp_wifi_ftm_get_report() rc=ESP_FAIL (-1), entries=7[0m
[0;32mI (240535) TAG: FTM status=0, entries=7[0m
anchor,A2,24:ec:4a:04:39:15,ch=6
ftm_report,A2,5,5,0.750
[1;31mE (240535) TAG: esp_wifi_ftm_get_report() rc=ESP_FAIL (-1), entries=7[0m
[0;32mI (241425) TAG: FTM status=0, entries=7[0m
anchor,A2,24:ec:4a:04:39:15,ch=6
ftm_report,A2,8,8,1.200
[1;31mE (241425) TAG: esp_wifi_ftm_get_report() rc=ESP_FAIL (-1), entries=7[0m
csi_data,A2,[0,0,7,13,7,12,7,12,7,12,7,11,7,11,7,10,8,10,7,9,8,9,8,9,9,8,9,8,9,8,9,8,9,8,10,9,9,8,8,9,8,9,7,9,7,9,6,10,6,9,5,9,4,9,0,0,0,0,0,0,0,0,0,0,0,0,0,0,0,0,0,0,0,0,0,0,6,9,6,9,6,10,5,11,5,12,4,11,4,12,3,12,3,12,3,13,3,13,3,12,3,12,3,12,3,12,4,12,4,11,5,12,5,11,6,12,6,12,7,12,7,12,7,12,7,13,7,12]
[0;32mI (242315) TAG: FTM status=0, entries=7[0m
anchor,A2,24:ec:4a:04:39:15,ch=6
ftm_report,A2,5,5,0.750
[1;31mE (242315) TAG: esp_wifi_ftm_get_report() rc=ESP_FAIL (-1), entries=7[0m
csi_data,A2,[0,0,14,4,14,4,14,4,13,3,13,3,13,3,12,3,12,2,12,1,12,0,12,0,12,-1,12,-1,13,-1,12,-1,13,-1,13,0,13,0,13,0,12,1,12,1,12,2,11,2,11,2,10,2,10,3,0,0,0,0,0,0,0,0,0,0,0,0,0,0,0,0,0,0,0,0,0,0,10,1,11,2,11,3,11,4,11,4,11,5,11,6,11,6,11,7,11,6,11,6,11,6,11,6,11,6,11,6,11,6,11,5,11,5,12,5,12,5,12,4,13,4,13,3,14,3,14,3,15,3]
[0;32mI (243215) TAG: FTM status=0, entries=7[0m
anchor,A2,24:ec:4a:04:39:15,ch=6
ftm_report,A2,11,11,1.650
[1;31mE (243225) TAG: esp_wifi_ftm_get_report() rc=ESP_FAIL (-1), entries=7[0m
csi_data,A2,[0,0,14,5,14,5,13,5,14,4,13,4,13,4,13,3,12,3,12,2,12,2,12,1,12,1,12,1,12,0,13,0,12,0,13,1,13,0,13,1,12,1,12,2,12,2,11,3,11,3,10,3,9,4,0,0,0,0,0,0,0,0,0,0,0,0,0,0,0,0,0,0,0,0,0,0,11,3,11,3,11,5,11,5,11,6,11,6,11,7,10,7,11,8,10,8,10,8,10,8,10,8,10,8,10,7,10,6,10,6,11,6,11,6,12,6,12,6,13,5,13,5,14,5,14,5,14,5]
[0;32mI (244115) TAG: FTM status=0, entries=7[0m
anchor,A2,24:ec:4a:04:39:15,ch=6
ftm_report,A2,6,6,0.900
[1;31mE (244115) TAG: esp_wifi_ftm_get_report() rc=ESP_FAIL (-1), entries=7[0m
csi_data,A2,[0,0,11,10,11,10,11,10,11,9,11,9,10,9,10,8,11,7,10,7,11,6,11,6,11,5,11,5,11,5,11,5,11,5,12,5,11,5,11,6,11,6,10,6,9,7,9,7,9,7,8,7,7,7,0,0,0,0,0,0,0,0,0,0,0,0,0,0,0,0,0,0,0,0,0,0,9,7,9,8,8,9,8,9,8,10,8,10,7,11,7,11,7,11,6,12,6,11,6,11,6,11,6,11,7,11,7,10,7,10,8,10,8,10,9,10,9,10,10,10,10,10,11,10,11,10,11,10]
[0;32mI (245005) TAG: FTM status=0, entries=7[0m
anchor,A2,24:ec:4a:04:39:15,ch=6
ftm_report,A2,6,6,0.900
[1;31mE (245005) TAG: esp_wifi_ftm_get_report() rc=ESP_FAIL (-1), entries=7[0m
csi_data,A2,[0,0,14,2,14,2,14,2,14,1,14,1,13,1,13,1,12,0,12,0,12,-1,12,-2,12,-2,12,-2,12,-2,12,-3,12,-3,12,-2,12,-2,12,-1,12,-1,12,0,12,1,11,1,11,1,10,1,10,2,0,0,0,0,0,0,0,0,0,0,0,0,0,0,0,0,0,0,0,0,0,0,10,0,11,0,11,2,11,2,11,3,12,3,12,4,11,5,11,5,11,5,11,5,11,5,11,5,11,4,11,4,11,4,12,3,12,3,12,3,12,3,13,3,13,2,13,2,14,1,14,2,14,1]
[0;32mI (245895) TAG: FTM status=0, entries=7[0m
anchor,A2,24:ec:4a:04:39:15,ch=6
ftm_report,A2,8,8,1.200
[1;31mE (245895) TAG: esp_wifi_ftm_get_report() rc=ESP_FAIL (-1), entries=7[0m
csi_data,A2,[0,0,6,13,6,13,6,13,6,12,6,12,6,11,6,11,7,11,7,10,7,9,7,9,8,9,8,9,9,9,8,9,9,9,8,9,8,9,8,10,7,10,7,10,6,10,6,10,5,10,4,10,3,10,0,0,0,0,0,0,0,0,0,0,0,0,0,0,0,0,0,0,0,0,0,0,5,9,5,10,5,11,4,11,4,11,3,12,3,12,2,12,2,13,2,13,2,12,1,12,2,12,2,12,2,12,2,12,3,12,4,11,4,12,5,12,5,12,5,13,6,12,6,13,6,13,7,13]
[0;32mI (246785) TAG: FTM status=0, entries=7[0m
anchor,A2,24:ec:4a:04:39:15,ch=6
ftm_report,A2,8,8,1.200
[1;31mE (246785) TAG: esp_wifi_ftm_get_report() rc=ESP_FAIL (-1), entries=7[0m
[1;31mE (247665) wifi:No FTM Measurements received from responder![0m
[0;32mI (247675) TAG: FTM status=5, entries=0[0m
[0;33mW (247905) TAG: FTM to A2 failed (ESP_FAIL), streak=1[0m
[0;32mI (248565) TAG: FTM status=0, entries=7[0m
anchor,A2,24:ec:4a:04:39:15,ch=6
ftm_report,A2,7,7,1.050
[1;31mE (248565) TAG: esp_wifi_ftm_get_report() rc=ESP_FAIL (-1), entries=7[0m
[0;32mI (249465) TAG: FTM status=0, entries=5[0m
anchor,A2,24:ec:4a:04:39:15,ch=6
ftm_report,A2,10,10,1.500
[1;31mE (249475) TAG: esp_wifi_ftm_get_report() rc=ESP_FAIL (-1), entries=5[0m
[0;32mI (250365) TAG: FTM status=0, entries=7[0m
anchor,A2,24:ec:4a:04:39:15,ch=6
ftm_report,A2,6,6,0.900
[1;31mE (250365) TAG: esp_wifi_ftm_get_report() rc=ESP_FAIL (-1), entries=7[0m
[0;32mI (251255) TAG: FTM status=0, entries=7[0m
anchor,A2,24:ec:4a:04:39:15,ch=6
ftm_report,A2,7,7,1.050
[1;31mE (251255) TAG: esp_wifi_ftm_get_report() rc=ESP_FAIL (-1), entries=7[0m
csi_data,A2,[0,0,10,10,10,10,10,10,9,9,10,9,9,8,9,8,10,8,9,7,10,6,10,6,10,6,10,6,11,6,10,5,11,6,11,6,10,6,10,6,10,6,9,7,9,7,8,7,7,7,7,7,6,8,0,0,0,0,0,0,0,0,0,0,0,0,0,0,0,0,0,0,0,0,0,0,8,6,8,7,8,8,8,9,8,9,7,10,7,10,7,10,6,11,6,11,6,11,6,11,6,11,6,11,6,10,6,10,7,10,7,9,8,10,8,10,9,10,9,10,9,10,10,10,10,10,10,10]
[0;32mI (252145) TAG: FTM status=0, entries=7[0m
anchor,A2,24:ec:4a:04:39:15,ch=6
ftm_report,A2,5,5,0.750
[1;31mE (252145) TAG: esp_wifi_ftm_get_report() rc=ESP_FAIL (-1), entries=7[0m
csi_data,A2,[0,0,15,2,14,2,14,2,14,1,14,1,13,1,13,0,13,0,12,-1,12,-2,12,-2,12,-2,12,-2,12,-3,12,-3,13,-3,12,-3,13,-3,13,-2,12,-2,12,-1,12,0,11,0,11,1,10,1,10,1,0,0,0,0,0,0,0,0,0,0,0,0,0,0,0,0,0,0,0,0,0,0,11,0,12,1,12,2,12,3,12,3,12,3,12,4,12,5,12,5,12,6,12,5,12,5,11,5,12,5,11,5,12,4,12,4,12,3,12,3,13,3,13,3,14,2,14,2,14,2,15,2,15,1]
[0;32mI (253035) TAG: FTM status=0, entries=7[0m
anchor,A2,24:ec:4a:04:39:15,ch=6
ftm_report,A2,8,8,1.200
[1;31mE (253035) TAG: esp_wifi_ftm_get_report() rc=ESP_FAIL (-1), entries=7[0m
csi_data,A2,[0,0,11,-10,10,-10,10,-10,10,-10,10,-10,9,-10,9,-10,8,-10,8,-10,7,-11,7,-11,6,-11,6,-11,6,-11,6,-12,6,-12,6,-11,7,-12,7,-11,7,-11,8,-10,8,-10,8,-9,7,-9,8,-8,8,-7,0,0,0,0,0,0,0,0,0,0,0,0,0,0,0,0,0,0,0,0,0,0,8,-9,8,-9,9,-8,9,-8,10,-8,11,-7,11,-7,12,-6,12,-6,12,-6,12,-6,12,-6,11,-6,11,-6,11,-6,11,-7,11,-7,10,-8,10,-8,10,-8,10,-9,11,-9,11,-10,10,-10,11,-10,11,-11]
[0;32mI (253925) TAG: FTM status=0, entries=7[0m
anchor,A2,24:ec:4a:04:39:15,ch=6
ftm_report,A2,6,6,0.900
[1;31mE (253925) TAG: esp_wifi_ftm_get_report() rc=ESP_FAIL (-1), entries=7[0m
csi_data,A2,[0,0,14,4,14,4,14,4,13,3,13,3,13,3,13,3,12,2,12,1,12,1,12,0,12,0,12,0,12,-1,12,-1,12,-1,13,0,13,0,13,0,12,1,12,1,12,2,11,2,11,3,10,3,10,3,0,0,0,0,0,0,0,0,0,0,0,0,0,0,0,0,0,0,0,0,0,0,10,2,11,2,11,4,11,4,11,5,11,5,11,6,11,6,11,7,10,7,11,7,10,7,10,7,10,6,10,6,10,6,11,5,11,5,12,5,12,5,12,5,13,4,13,4,14,4,14,4,14,4]
[0;32mI (254815) TAG: FTM status=0, entries=7[0m
anchor,A2,24:ec:4a:04:39:15,ch=6
ftm_report,A2,5,5,0.750
[1;31mE (254815) TAG: esp_wifi_ftm_get_report() rc=ESP_FAIL (-1), entries=7[0m
[0;32mI (255705) TAG: FTM status=0, entries=7[0m
anchor,A2,24:ec:4a:04:39:15,ch=6
ftm_report,A2,11,11,1.650
[1;31mE (255705) TAG: esp_wifi_ftm_get_report() rc=ESP_FAIL (-1), entries=7[0m
[0;32mI (256595) TAG: FTM status=0, entries=7[0m
anchor,A2,24:ec:4a:04:39:15,ch=6
ftm_report,A2,6,6,0.900
[1;31mE (256595) TAG: esp_wifi_ftm_get_report() rc=ESP_FAIL (-1), entries=7[0m
[0;32mI (257485) TAG: FTM status=0, entries=7[0m
anchor,A2,24:ec:4a:04:39:15,ch=6
ftm_report,A2,5,5,0.750
[1;31mE (257485) TAG: esp_wifi_ftm_get_report() rc=ESP_FAIL (-1), entries=7[0m
csi_data,A2,[0,0,12,7,12,7,12,6,12,6,12,6,11,6,11,5,11,5,11,4,11,3,11,3,11,3,11,3,12,2,12,2,12,2,12,3,12,3,12,3,11,3,11,4,11,5,10,5,9,5,9,5,8,6,0,0,0,0,0,0,0,0,0,0,0,0,0,0,0,0,0,0,0,0,0,0,10,4,10,5,10,6,10,6,10,7,9,7,10,8,9,8,9,9,8,9,8,9,8,9,8,9,8,9,8,9,9,8,9,8,9,7,10,7,11,7,11,7,11,7,12,7,12,7,12,7,12,7]
[0;32mI (258375) TAG: FTM status=0, entries=7[0m
anchor,A2,24:ec:4a:04:39:15,ch=6
ftm_report,A2,8,8,1.200
[1;31mE (258375) TAG: esp_wifi_ftm_get_report() rc=ESP_FAIL (-1), entries=7[0m
[0;32mI (259265) TAG: FTM status=0, entries=7[0m
anchor,A2,24:ec:4a:04:39:15,ch=6
ftm_report,A2,6,6,0.900
[1;31mE (259265) TAG: esp_wifi_ftm_get_report() rc=ESP_FAIL (-1), entries=7[0m
csi_data,A2,[0,0,-13,9,-13,8,-12,8,-12,8,-11,8,-11,8,-10,8,-10,9,-10,9,-9,9,-9,9,-8,9,-8,9,-8,10,-8,10,-8,10,-8,10,-9,10,-9,10,-9,10,-9,9,-9,8,-10,7,-10,7,-10,6,-10,5,0,0,0,0,0,0,0,0,0,0,0,0,0,0,0,0,0,0,0,0,0,0,-9,7,-10,7,-11,6,-11,6,-11,6,-12,5,-13,5,-13,5,-13,4,-13,4,-13,4,-13,4,-13,4,-13,4,-12,4,-12,5,-12,5,-12,6,-12,6,-12,7,-12,7,-12,8,-12,8,-12,8,-13,8,-13,9]
